Workbook

Sheet บ่าย
B1: ยอดจริง ออนไลน์ วันที่ - บ่าย
L2: ยอดรวมผลิต
L3: จำนวน
B4: รหัสสินค้า | C4: สินค้า | D4: ปณ | E4: ชอปปี้ | F4: ลาซาด้า | G4: ติ๊กตอก | H4: ติ๊กตอก 2 | I4: ติ๊กตอก3 | J4: ชอยส์ | K4: ยอดเส้น | L4: (กล่อง)
B6: ชิฟฟอนรวมรส
B7: 1111002 | C7: ชิฟฟอนรวมรส 8 ชิ้น | L7: =SUM(D7:K7) -> 0
C8: ชิฟฟอนแบบกล่องสุ่มอะไรก็ได้ที่มี | L8: =SUM(D8:K8) -> 0
B9: 1111084 | C9: ชิฟฟอน 8 ชิ้น กาแฟล้วน | L9: =SUM(D9:K9) -> 0
B10: 1111085 | C10: ชิฟฟอน 8 ชิ้น บลูเบอรี่ล้วน | L10: =SUM(D10:K10) -> 0
B11: 1111086 | C11: ชิฟฟอน 8 ชิ้น มะพร้าวล้วน | L11: =SUM(D11:K11) -> 0
B12: 1111087 | C12: ชิฟฟอน 8 ชิ้น สตอเบอรี่ล้วน | L12: =SUM(D12:K12) -> 0
B13: 1111088 | C13: ชิฟฟอน 8 ชิ้น ส้มล้วน | L13: =SUM(D13:K13) -> 0
B14: 1111089 | C14: ชิฟฟอน 8 ชิ้น เนยล้วน | L14: =SUM(D14:K14) -> 0
B15: 1111090 | C15: ชิฟฟอน 8 ชิ้น เผือกล้วน | L15: =SUM(D15:K15) -> 0
B16: 1111091 | C16: ชิฟฟอน 8 ชิ้น ใบเตยล้วน | L16: =SUM(D16:K16) -> 0
B17: 1111092 | C17: ชิฟฟอน 8 ชิ้น กล้วยหอม | L17: =SUM(D17:K17) -> 0
B18: 1111093 | C18: ชิฟฟอน 8 ชิ้น โกโก้ล้วน | L18: =SUM(D18:K18) -> 0
B19: 1111094 | C19: ชิฟฟอน 8 ชิ้น ชาไทยล้วน | L19: =SUM(D19:K19) -> 0
B20: 1111095 | C20: ชิฟฟอน 8 ชิ้น ชาเขียวล้วน | L20: =SUM(D20:K20) -> 0
... B66: 1111010 | C66: ชิฟฟอนไส้แยมแยกชิ้น คละรส | L66: =SUM(D66:K66) -> 0
C67: รวม | L67: =SUM(L7:L66) -> 0
B68: ชิฟฟอนไส้แยม 6 ชิ้น
B69: 1111009 | C69: ชิฟฟอนไส้แยมรวมรส 6 ชิ้น | L69: =SUM(D69:K69) -> 0
B70: 1111023 | C70: ชิฟฟอนไส้แยมรสสตอเบอร์รี่ล้วน 6 ชิ้น | L70: =SUM(D70:K70) -> 0
B71: 1111016 | C71: ชิฟฟอนไส้แยมรสมะพร้าวล้วน 6 ชิ้น | L71: =SUM(D71:K71) -> 0
B72: 1111014 | C72: ชิฟฟอนไส้แยมรสช็อกโกแลตนูเทลล่าล้วน 6 ชิ้น | L72: =SUM(D72:K72) -> 0
B73: 1111025 | C73: ชิฟฟอนไส้แยมรสส้มล้วน 6 ชิ้น | L73: =SUM(D73:K73) -> 0
B74: 1111018 | C74: ชิฟฟอนไส้แยมรสบลูเบอร์รี่ล้วน 6 ชิ้น | L74: =SUM(D74:K74) -> 0
B75: 1111012 | C75: ชิฟฟอนไส้แยมรสนมชมพูฮอกไกโดล้วน 6 ชิ้น | L75: =SUM(D75:K75) -> 0
B76: 1111020 | C76: ชิฟฟอนไส้แยมฝอยทองไส้ทะลัก 6 ชิ้น | L76: =SUM(D76:K76) -> 0
C77: รวม | L77: =SUM(L69:L76) -> 0
B78: ชิฟฟอนไส้แยม 3 ชิ้น
B79: 1111022 | C79: ชิฟฟอนไส้แยมรสสตอเบอร์รี่ล้วน 3 ชิ้น | L79: =SUM(D79:K79) -> 0
B80: 1111015 | C80: ชิฟฟอนไส้แยมรสมะพร้าวล้วน 3 ชิ้น | L80: =SUM(D80:K80) -> 0
B81: 1111013 | C81: ชิฟฟอนไส้แยมรสช็อกโกแลตนูเทลล่าล้วน 3 ชิ้น | L81: =SUM(D81:K81) -> 0
B82: 1111024 | C82: ชิฟฟอนไส้แยมรสส้มล้วน 3 ชิ้น | L82: =SUM(D82:K82) -> 0
B83: 1111017 | C83: ชิฟฟอนไส้แยมรสบลูเบอร์รี่ล้วน 3 ชิ้น | L83: =SUM(D83:K83) -> 0
B84: 1111011 | C84: ชิฟฟอนไส้แยมรสนมชมพูฮอกไกโดล้วน 3 ชิ้น | L84: =SUM(D84:K84) -> 0
B85: 1111019 | C85: ชิฟฟอนไส้แยมฝอยทองไส้ทะลัก 3 ชิ้น | L85: =SUM(D85:K85) -> 0
B86: 1113081 | C86: ชิฟฟอนไส้แยม วนิลา/ใบเตย/เมล่อน | L86: =SUM(D86:K86) -> 0
B87: 1111008 | C87: ชิฟฟอนไส้แยมรวมรส 3 ชิ้น | L87: =SUM(D87:K87) -> 0
C88: รวม | L88: =SUM(L79:L87) -> 0
B89: เบาหวิว ล 110 กรัม
B90: 1112009 | C90: มะพร้าว | L90: =SUM(D90:K90) -> 0
B91: 1112011 | C91: ฝอยทอง | L91: =SUM(D91:K91) -> 0
B92: 1112003 | C92: กาแฟ | L92: =SUM(D92:K92) -> 0
B93: 1112005 | C93: เนยนม | L93: =SUM(D93:K93) -> 0
B94: 1112007 | C94: ใบเตย | L94: =SUM(D94:K94) -> 0
B95: 1112019 | C95: ทุเรียน | L95: =SUM(D95:K95) -> 0
B96: 1112017 | C96: ตาลหอม | L96: =SUM(D96:K96) -> 0
B97: 1112015 | C97: กล้วยหอมมะพร้าวเผา | L97: =SUM(D97:K97) -> 0
B98: 1112013 | C98: เผือกมะพร้าวอ่อน | L98: =SUM(D98:K98) -> 0
B99: 1124043 | C99: เบาหวิว คละรส | L99: =SUM(D99:K99) -> 0
C100: รวม | L100: =SUM(L90:L99) -> 0
B101: เบาหวิว ญ 300 กรัม
B102: 1112008 | C102: มะพร้าว | L102: =SUM(D102:K102) -> 0
B103: 1112010 | C103: ฝอยทอง | L103: =SUM(D103:K103) -> 0
B104: 1112002 | C104: กาแฟ | L104: =SUM(D104:K104) -> 0
B105: 1112004 | C105: เนยนม | L105: =SUM(D105:K105) -> 0
B106: 1112006 | C106: ใบเตย | L106: =SUM(D106:K106) -> 0
B107: 1112018 | C107: ทุเรียน | L107: =SUM(D107:K107) -> 0
B108: 1112016 | C108: ตาลหอม | L108: =SUM(D108:K108) -> 0
B109: 1112014 | C109: กล้วยหอมมะพร้าวเผา | L109: =SUM(D109:K109) -> 0
B110: 1112012 | C110: เผือกมะพร้าวอ่อน | L110: =SUM(D110:K110) -> 0
C111: เบาหวิว คละรส | L111: =SUM(D111:K111) -> 0
C112: รวม | L112: =SUM(L102:L111) -> 0
B113: อื่นๆ
B114: 1113170 | C114: ขนมเปี๊ยะถั่วฝอยทองไข่เค็ม 450 กรัม | L114: =SUM(D114:K114) -> 0
B115: 1113171 | C115: ขนมเปี๊ยะฟักถั่วไข่เค็ม 450 กรัม | L115: =SUM(D115:K115) -> 0
B116: 1113172 | C116: ขนมเปี๊ยะเผือกฝอยทองไข่เค็ม 450 กรัม | L116: =SUM(D116:K116) -> 0
B117: 1113173 | C117: ขนมเปี๊ยะงาดำฝอยทองไข่เค็ม 450 กรัม | L117: =SUM(D117:K117) -> 0
B118: 1100003 | C118: เมอแรงค์ กระปุก | L118: =SUM(D118:K118) -> 0
B119: 1100001 | C119: พายสับปรด 1 ชิ้น | L119: =SUM(D119:K119) -> 0
B120: 1100002 | C120: พายสับปรด 1 กล่อง | L120: =SUM(D120:K120) -> 0
B121: 1200001 | C121: คอนเฟลค | L121: =SUM(D121:K121) -> 0
B122: 1005761 | C122: ปังกรอบคาราเมล(ถุง) | L122: =SUM(D122:K122) -> 0
B123: 1114501 | C123: ครีมฮอร์นไส้เนย วนิลา | L123: =SUM(D123:K123) -> 0
B124: 1114502 | C124: ครีมฮอร์นไส้เนย ใบเตย | L124: =SUM(D124:K124) -> 0
B125: 1114503 | C125: ครีมฮอร์นไส้เนย ชอค | L125: =SUM(D125:K125) -> 0
... B134: 1200092 | C134: ท็อฟฟี่ถั่ว 1 กิโล | L134: =SUM(D134:K134) -> 0
C135: เศษขนมปังปลา5กก. | L135: =SUM(D135:K135) -> 0
C136: เศษขนมปังปลา1กก. | L136: =SUM(D136:K136) -> 0
B137: 20052721 | C137: แซนวิชโบราณ | L137: =SUM(D137:K137) -> 0
B138: 1004046 | C138: ปังเนยนิ่ม ถุง | L138: =SUM(D138:K138) -> 0
C139: กล่องเบาหวิว ล | L139: =SUM(D139:K139) -> 0
C140: กล่องเปี๊ยะ ล | L140: =SUM(D140:K140) -> 0
B141: 20059548 | C141: มินิบันไก่หยองน้ำสลัด 110 กรัม | L141: =SUM(D141:K141) -> 0
B142: 20054646 | C142: ปังพิซซ่า | L142: =SUM(D142:K142) -> 0
B143: 1100044 | C143: หมี่กรอบโบราณ | L143: =SUM(D143:K143) -> 0
B144: 1100045 | C144: ชิฟฟ่อน 8 ชิ้น ขนุนล้วน | L144: =SUM(D144:K144) -> 0
B145: 20039042 | C145: ปังเนยนิ่ม 3 ชิ้น | L145: =SUM(D145:K145) -> 0
L146: =SUM(D146:K146) -> 0
L147: =SUM(D147:K147) -> 0
L148: =SUM(D148:K148) -> 0
L149: =SUM(D149:K149) -> 0
L150: =SUM(D150:K150) -> 0
L151: =SUM(D151:K151) -> 0
B153: …..................................................................................... | I153: ….....................................................................................
B154: ผู้จัดทำ | I154: ผู้รับทราบ

Sheet เย็น 
B1: ยอดจริง ออนไลน์ วันที่ - เย็น
L2: ยอดรวมผลิต
L3: จำนวน
B4: รหัสสินค้า | C4: สินค้า | D4: ปณ | E4: ชอปปี้ | F4: ลาซาด้า | G4: ติ๊กตอก | H4: ติ๊กตอก 2 | I4: ติ๊กตอก3 | J4: ชอยส์ | K4: ยอดเส้น | L4: (กล่อง)
B6: ชิฟฟอนรวมรส
B7: 1111002 | C7: ชิฟฟอนรวมรส 8 ชิ้น | L7: =SUM(D7:K7) -> 0
C8: ชิฟฟอนแบบกล่องสุ่มอะไรก็ได้ที่มี | L8: =SUM(D8:K8) -> 0
B9: 1111084 | C9: ชิฟฟอน 8 ชิ้น กาแฟล้วน | L9: =SUM(D9:K9) -> 0
B10: 1111085 | C10: ชิฟฟอน 8 ชิ้น บลูเบอรี่ล้วน | L10: =SUM(D10:K10) -> 0
B11: 1111086 | C11: ชิฟฟอน 8 ชิ้น มะพร้าวล้วน | L11: =SUM(D11:K11) -> 0
B12: 1111087 | C12: ชิฟฟอน 8 ชิ้น สตอเบอรี่ล้วน | L12: =SUM(D12:K12) -> 0
B13: 1111088 | C13: ชิฟฟอน 8 ชิ้น ส้มล้วน | L13: =SUM(D13:K13) -> 0
B14: 1111089 | C14: ชิฟฟอน 8 ชิ้น เนยล้วน | L14: =SUM(D14:K14) -> 0
B15: 1111090 | C15: ชิฟฟอน 8 ชิ้น เผือกล้วน | L15: =SUM(D15:K15) -> 0
B16: 1111091 | C16: ชิฟฟอน 8 ชิ้น ใบเตยล้วน | L16: =SUM(D16:K16) -> 0
B17: 1111092 | C17: ชิฟฟอน 8 ชิ้น กล้วยหอม | L17: =SUM(D17:K17) -> 0
B18: 1111093 | C18: ชิฟฟอน 8 ชิ้น โกโก้ล้วน | L18: =SUM(D18:K18) -> 0
B19: 1111094 | C19: ชิฟฟอน 8 ชิ้น ชาไทยล้วน | L19: =SUM(D19:K19) -> 0
B20: 1111095 | C20: ชิฟฟอน 8 ชิ้น ชาเขียวล้วน | L20: =SUM(D20:K20) -> 0
... B66: 1111010 | C66: ชิฟฟอนไส้แยมแยกชิ้น คละรส | L66: =SUM(D66:K66) -> 0
C67: รวม | L67: =SUM(L7:L66) -> 0
B68: ชิฟฟอนไส้แยม 6 ชิ้น
B69: 1111009 | C69: ชิฟฟอนไส้แยมรวมรส 6 ชิ้น | L69: =SUM(D69:K69) -> 0
B70: 1111023 | C70: ชิฟฟอนไส้แยมรสสตอเบอร์รี่ล้วน 6 ชิ้น | L70: =SUM(D70:K70) -> 0
B71: 1111016 | C71: ชิฟฟอนไส้แยมรสมะพร้าวล้วน 6 ชิ้น | L71: =SUM(D71:K71) -> 0
B72: 1111014 | C72: ชิฟฟอนไส้แยมรสช็อกโกแลตนูเทลล่าล้วน 6 ชิ้น | L72: =SUM(D72:K72) -> 0
B73: 1111025 | C73: ชิฟฟอนไส้แยมรสส้มล้วน 6 ชิ้น | L73: =SUM(D73:K73) -> 0
B74: 1111018 | C74: ชิฟฟอนไส้แยมรสบลูเบอร์รี่ล้วน 6 ชิ้น | L74: =SUM(D74:K74) -> 0
B75: 1111012 | C75: ชิฟฟอนไส้แยมรสนมชมพูฮอกไกโดล้วน 6 ชิ้น | L75: =SUM(D75:K75) -> 0
B76: 1111020 | C76: ชิฟฟอนไส้แยมฝอยทองไส้ทะลัก 6 ชิ้น | L76: =SUM(D76:K76) -> 0
C77: รวม | L77: =SUM(L69:L76) -> 0
B78: ชิฟฟอนไส้แยม 3 ชิ้น
B79: 1111022 | C79: ชิฟฟอนไส้แยมรสสตอเบอร์รี่ล้วน 3 ชิ้น | L79: =SUM(D79:K79) -> 0
B80: 1111015 | C80: ชิฟฟอนไส้แยมรสมะพร้าวล้วน 3 ชิ้น | L80: =SUM(D80:K80) -> 0
B81: 1111013 | C81: ชิฟฟอนไส้แยมรสช็อกโกแลตนูเทลล่าล้วน 3 ชิ้น | L81: =SUM(D81:K81) -> 0
B82: 1111024 | C82: ชิฟฟอนไส้แยมรสส้มล้วน 3 ชิ้น | L82: =SUM(D82:K82) -> 0
B83: 1111017 | C83: ชิฟฟอนไส้แยมรสบลูเบอร์รี่ล้วน 3 ชิ้น | L83: =SUM(D83:K83) -> 0
B84: 1111011 | C84: ชิฟฟอนไส้แยมรสนมชมพูฮอกไกโดล้วน 3 ชิ้น | L84: =SUM(D84:K84) -> 0
B85: 1111019 | C85: ชิฟฟอนไส้แยมฝอยทองไส้ทะลัก 3 ชิ้น | L85: =SUM(D85:K85) -> 0
B86: 1113081 | C86: ชิฟฟอนไส้แยม วนิลา/ใบเตย/เมล่อน | L86: =SUM(D86:K86) -> 0
B87: 1111008 | C87: ชิฟฟอนไส้แยมรวมรส 3 ชิ้น | L87: =SUM(D87:K87) -> 0
C88: รวม | L88: =SUM(L79:L87) -> 0
B89: เบาหวิว ล 110 กรัม
B90: 1112009 | C90: มะพร้าว | L90: =SUM(D90:K90) -> 0
B91: 1112011 | C91: ฝอยทอง | L91: =SUM(D91:K91) -> 0
B92: 1112003 | C92: กาแฟ | L92: =SUM(D92:K92) -> 0
B93: 1112005 | C93: เนยนม | L93: =SUM(D93:K93) -> 0
B94: 1112007 | C94: ใบเตย | L94: =SUM(D94:K94) -> 0
B95: 1112019 | C95: ทุเรียน | L95: =SUM(D95:K95) -> 0
B96: 1112017 | C96: ตาลหอม | L96: =SUM(D96:K96) -> 0
B97: 1112015 | C97: กล้วยหอมมะพร้าวเผา | L97: =SUM(D97:K97) -> 0
B98: 1112013 | C98: เผือกมะพร้าวอ่อน | L98: =SUM(D98:K98) -> 0
B99: 1124043 | C99: เบาหวิว คละรส | L99: =SUM(D99:K99) -> 0
C100: รวม | L100: =SUM(L90:L99) -> 0
B101: เบาหวิว ญ 300 กรัม
B102: 1112008 | C102: มะพร้าว | L102: =SUM(D102:K102) -> 0
B103: 1112010 | C103: ฝอยทอง | L103: =SUM(D103:K103) -> 0
B104: 1112002 | C104: กาแฟ | L104: =SUM(D104:K104) -> 0
B105: 1112004 | C105: เนยนม | L105: =SUM(D105:K105) -> 0
B106: 1112006 | C106: ใบเตย | L106: =SUM(D106:K106) -> 0
B107: 1112018 | C107: ทุเรียน | L107: =SUM(D107:K107) -> 0
B108: 1112016 | C108: ตาลหอม | L108: =SUM(D108:K108) -> 0
B109: 1112014 | C109: กล้วยหอมมะพร้าวเผา | L109: =SUM(D109:K109) -> 0
B110: 1112012 | C110: เผือกมะพร้าวอ่อน | L110: =SUM(D110:K110) -> 0
C111: เบาหวิว คละรส | L111: =SUM(D111:K111) -> 0
C112: รวม | L112: =SUM(L102:L111) -> 0
B113: อื่นๆ
B114: 1113170 | C114: ขนมเปี๊ยะถั่วฝอยทองไข่เค็ม 450 กรัม | L114: =SUM(D114:K114) -> 0
B115: 1113171 | C115: ขนมเปี๊ยะฟักถั่วไข่เค็ม 450 กรัม | L115: =SUM(D115:K115) -> 0
B116: 1113172 | C116: ขนมเปี๊ยะเผือกฝอยทองไข่เค็ม 450 กรัม | L116: =SUM(D116:K116) -> 0
B117: 1113173 | C117: ขนมเปี๊ยะงาดำฝอยทองไข่เค็ม 450 กรัม | L117: =SUM(D117:K117) -> 0
B118: 1100003 | C118: เมอแรงค์ กระปุก | L118: =SUM(D118:K118) -> 0
B119: 1100001 | C119: พายสับปรด 1 ชิ้น | L119: =SUM(D119:K119) -> 0
B120: 1100002 | C120: พายสับปรด 1 กล่อง | L120: =SUM(D120:K120) -> 0
B121: 1200001 | C121: คอนเฟลค | L121: =SUM(D121:K121) -> 0
B122: 1005761 | C122: ปังกรอบคาราเมล(ถุง) | L122: =SUM(D122:K122) -> 0
B123: 1114501 | C123: ครีมฮอร์นไส้เนย วนิลา | L123: =SUM(D123:K123) -> 0
B124: 1114502 | C124: ครีมฮอร์นไส้เนย ใบเตย | L124: =SUM(D124:K124) -> 0
B125: 1114503 | C125: ครีมฮอร์นไส้เนย ชอค | L125: =SUM(D125:K125) -> 0
... B134: 1200092 | C134: ท็อฟฟี่ถั่ว 1 กิโล | L134: =SUM(D134:K134) -> 0
C135: เศษขนมปังปลา5กก. | L135: =SUM(D135:K135) -> 0
C136: เศษขนมปังปลา1กก. | L136: =SUM(D136:K136) -> 0
B137: 20052721 | C137: แซนวิชโบราณ | L137: =SUM(D137:K137) -> 0
B138: 1004046 | C138: ปังเนยนิ่ม ถุง | L138: =SUM(D138:K138) -> 0
C139: กล่องเบาหวิว ล | L139: =SUM(D139:K139) -> 0
C140: กล่องเปี๊ยะ ล | L140: =SUM(D140:K140) -> 0
B141: 20059548 | C141: มินิบันไก่หยองน้ำสลัด 110 กรัม | L141: =SUM(D141:K141) -> 0
B142: 20054646 | C142: ปังพิซซ่า | L142: =SUM(D142:K142) -> 0
B143: 1100044 | C143: หมี่กรอบโบราณ | L143: =SUM(D143:K143) -> 0
B144: 1100045 | C144: ชิฟฟ่อน 8 ชิ้น ขนุนล้วน | L144: =SUM(D144:K144) -> 0
B145: 20039042 | C145: ปังเนยนิ่ม 3 ชิ้น | L145: =SUM(D145:K145) -> 0
L146: =SUM(D146:K146) -> 0
L147: =SUM(D147:K147) -> 0
L148: =SUM(D148:K148) -> 0
L149: =SUM(D149:K149) -> 0
L150: =SUM(D150:K150) -> 0
L151: =SUM(D151:K151) -> 0
B156: …..................................................................................... | I156: ….....................................................................................
B157: ผู้จัดทำ | I157: ผู้รับทราบ

Sheet 01.09.68
B1: ยอดจริง ออนไลน์ วันที่ 01/09/2568
B2: รหัสสินค้า | C2: สินค้า | D2: ปณ | G2: ชอปปี้ | J2: ลาซาด้า | M2: ติ๊กตอก | P2: ติ๊กตอก2 | S2: ติ๊กตอก3 | V2: ชอยส์ | Y2: ยอดเส้น | Z2: ยอดรวมผลิต(กล่อง) | AA2: ยอดForcast | AB2: ยอดStock | AC2: ยอดMemo | AD2: ยอดForcastวันพรุ่งนี้ | AE2: สินค้าที่ขายได้
D3: เช้า | E3: บ่าย | F3: รวม | G3: เช้า | H3: บ่าย | I3: รวม | J3: เช้า | K3: บ่าย | L3: รวม | M3: เช้า | N3: บ่าย | O3: รวม | P3: เช้า | Q3: บ่าย | R3: รวม | S3: เช้า | T3: บ่าย | U3: รวม | V3: เช้า | W3: บ่าย | X3: รวม
B4: 1004055 | C4: ชิฟฟ่อนเค้ก วรรณวนัช (รวมรส 4 ชิ้น) | F4: =SUM(D4:E4) -> 0 | G4: 6 | I4: =SUM(G4:H4) -> 6 | L4: =SUM(J4:K4) -> 0 | M4: 51 | O4: =SUM(M4:N4) -> 51 | R4: =SUM(P4:Q4) -> 0 | U4: =SUM(S4:T4) -> 0 | X4: =SUM(V4:W4) -> 0 | Z4: =+F4+I4+L4+O4+R4+U4+X4+Y4 -> 57 | AA4: 50 | AC4: =+AA4+AB4-Z4 -> -7 | AD4: 50 | AE4: =AC4+AD4 -> 43
B5: 1111002 | C5: ชิฟฟ่อนเค้ก วรรณวนัช (รวมรส 8 ชิ้น) | F5: =SUM(D5:E5) -> 0 | G5: 42 | I5: =SUM(G5:H5) -> 42 | J5: 4 | L5: =SUM(J5:K5) -> 4 | M5: 13 | O5: =SUM(M5:N5) -> 13 | P5: 6 | R5: =SUM(P5:Q5) -> 6 | U5: =SUM(S5:T5) -> 0 | X5: =SUM(V5:W5) -> 0 | Z5: =+F5+I5+L5+O5+R5+U5+X5+Y5 -> 65 | AA5: 70 | AB5: 11 | AC5: =+AA5+AB5-Z5 -> 16 | AD5: 70 | AE5: =AC5+AD5 -> 86
B6: 1111055 | C6: วรรณวนัช ชิฟฟ่อนรวมรส 8 ชิ้น | F6: =SUM(D6:E6) -> 0 | I6: =SUM(G6:H6) -> 0 | L6: =SUM(J6:K6) -> 0 | O6: =SUM(M6:N6) -> 0 | R6: =SUM(P6:Q6) -> 0 | U6: =SUM(S6:T6) -> 0 | X6: =SUM(V6:W6) -> 0 | Z6: =+F6+I6+L6+O6+R6+U6+X6+Y6 -> 0 | AC6: =+AA6+AB6-Z6 -> 0 | AE6: =AC6+AD6 -> 0
B7: 1111084 | C7: ชิฟฟ่อนเค้ก รสกาแฟ (8 ชิ้น) | F7: =SUM(D7:E7) -> 0 | I7: =SUM(G7:H7) -> 0 | L7: =SUM(J7:K7) -> 0 | O7: =SUM(M7:N7) -> 0 | R7: =SUM(P7:Q7) -> 0 | U7: =SUM(S7:T7) -> 0 | X7: =SUM(V7:W7) -> 0 | Z7: =+F7+I7+L7+O7+R7+U7+X7+Y7 -> 0 | AC7: =+AA7+AB7-Z7 -> 0 | AE7: =AC7+AD7 -> 0
B8: 1111043 | C8: ชิฟฟอนรสมะลิ 8 ชิ้น ห่อ ซีน | F8: =SUM(D8:E8) -> 0 | I8: =SUM(G8:H8) -> 0 | L8: =SUM(J8:K8) -> 0 | O8: =SUM(M8:N8) -> 0 | R8: =SUM(P8:Q8) -> 0 | U8: =SUM(S8:T8) -> 0 | X8: =SUM(V8:W8) -> 0 | Z8: =+F8+I8+L8+O8+R8+U8+X8+Y8 -> 0 | AC8: =+AA8+AB8-Z8 -> 0 | AE8: =AC8+AD8 -> 0
B9: 1111057 | C9: ชิฟฟอนแยกชิ้น กาแฟ | F9: =SUM(D9:E9) -> 0 | G9: 7 | I9: =SUM(G9:H9) -> 7 | L9: =SUM(J9:K9) -> 0 | O9: =SUM(M9:N9) -> 0 | R9: =SUM(P9:Q9) -> 0 | U9: =SUM(S9:T9) -> 0 | X9: =SUM(V9:W9) -> 0 | Z9: =+F9+I9+L9+O9+R9+U9+X9+Y9 -> 7 | AC9: =+AA9+AB9-Z9 -> -7 | AE9: =AC9+AD9 -> -7
B10: 1111058 | C10: ชิฟฟอนแยกชิ้น มะลิ | F10: =SUM(D10:E10) -> 0 | G10: 7 | I10: =SUM(G10:H10) -> 7 | L10: =SUM(J10:K10) -> 0 | O10: =SUM(M10:N10) -> 0 | R10: =SUM(P10:Q10) -> 0 | U10: =SUM(S10:T10) -> 0 | X10: =SUM(V10:W10) -> 0 | Z10: =+F10+I10+L10+O10+R10+U10+X10+Y10 -> 7 | AC10: =+AA10+AB10-Z10 -> -7 | AE10: =AC10+AD10 -> -7
B11: 1111059 | C11: ชิฟฟอนแยกชิ้น ใบเตย | F11: =SUM(D11:E11) -> 0 | G11: 7 | I11: =SUM(G11:H11) -> 7 | L11: =SUM(J11:K11) -> 0 | O11: =SUM(M11:N11) -> 0 | R11: =SUM(P11:Q11) -> 0 | U11: =SUM(S11:T11) -> 0 | X11: =SUM(V11:W11) -> 0 | Z11: =+F11+I11+L11+O11+R11+U11+X11+Y11 -> 7 | AC11: =+AA11+AB11-Z11 -> -7 | AE11: =AC11+AD11 -> -7
B12: 1111060 | C12: ชิฟฟอนแยกชิ้น กล้วยหอม | F12: =SUM(D12:E12) -> 0 | G12: 7 | I12: =SUM(G12:H12) -> 7 | L12: =SUM(J12:K12) -> 0 | O12: =SUM(M12:N12) -> 0 | R12: =SUM(P12:Q12) -> 0 | U12: =SUM(S12:T12) -> 0 | X12: =SUM(V12:W12) -> 0 | Z12: =+F12+I12+L12+O12+R12+U12+X12+Y12 -> 7 | AC12: =+AA12+AB12-Z12 -> -7 | AE12: =AC12+AD12 -> -7
B13: 1111061 | C13: ชิฟฟอนแยกชิ้น ชาไทย | F13: =SUM(D13:E13) -> 0 | G13: 7 | I13: =SUM(G13:H13) -> 7 | L13: =SUM(J13:K13) -> 0 | O13: =SUM(M13:N13) -> 0 | R13: =SUM(P13:Q13) -> 0 | U13: =SUM(S13:T13) -> 0 | X13: =SUM(V13:W13) -> 0 | Z13: =+F13+I13+L13+O13+R13+U13+X13+Y13 -> 7 | AC13: =+AA13+AB13-Z13 -> -7 | AE13: =AC13+AD13 -> -7
B14: 1111062 | C14: ชิฟฟอนแยกชิ้น โกโก้ | F14: =SUM(D14:E14) -> 0 | G14: 7 | I14: =SUM(G14:H14) -> 7 | L14: =SUM(J14:K14) -> 0 | O14: =SUM(M14:N14) -> 0 | R14: =SUM(P14:Q14) -> 0 | U14: =SUM(S14:T14) -> 0 | X14: =SUM(V14:W14) -> 0 | Z14: =+F14+I14+L14+O14+R14+U14+X14+Y14 -> 7 | AC14: =+AA14+AB14-Z14 -> -7 | AE14: =AC14+AD14 -> -7
B15: 1111063 | C15: ชิฟฟอนแยกชิ้น ส้ม | F15: =SUM(D15:E15) -> 0 | G15: 7 | I15: =SUM(G15:H15) -> 7 | L15: =SUM(J15:K15) -> 0 | O15: =SUM(M15:N15) -> 0 | R15: =SUM(P15:Q15) -> 0 | U15: =SUM(S15:T15) -> 0 | X15: =SUM(V15:W15) -> 0 | Z15: =+F15+I15+L15+O15+R15+U15+X15+Y15 -> 7 | AC15: =+AA15+AB15-Z15 -> -7 | AE15: =AC15+AD15 -> -7
B16: 1111064 | C16: ชิฟฟอนแยกชิ้น เผือก | F16: =SUM(D16:E16) -> 0 | G16: 7 | I16: =SUM(G16:H16) -> 7 | L16: =SUM(J16:K16) -> 0 | O16: =SUM(M16:N16) -> 0 | R16: =SUM(P16:Q16) -> 0 | U16: =SUM(S16:T16) -> 0 | X16: =SUM(V16:W16) -> 0 | Z16: =+F16+I16+L16+O16+R16+U16+X16+Y16 -> 7 | AC16: =+AA16+AB16-Z16 -> -7 | AE16: =AC16+AD16 -> -7
B17: 1111065 | C17: ชิฟฟอนแยกชิ้น สับปะรด | F17: =SUM(D17:E17) -> 0 | G17: 7 | I17: =SUM(G17:H17) -> 7 | L17: =SUM(J17:K17) -> 0 | O17: =SUM(M17:N17) -> 0 | R17: =SUM(P17:Q17) -> 0 | U17: =SUM(S17:T17) -> 0 | X17: =SUM(V17:W17) -> 0 | Z17: =+F17+I17+L17+O17+R17+U17+X17+Y17 -> 7 | AC17: =+AA17+AB17-Z17 -> -7 | AE17: =AC17+AD17 -> -7
B18: 1111066 | C18: ชิฟฟอนแยกชิ้น สตอเบอรี่ | F18: =SUM(D18:E18) -> 0 | G18: 7 | I18: =SUM(G18:H18) -> 7 | L18: =SUM(J18:K18) -> 0 | O18: =SUM(M18:N18) -> 0 | R18: =SUM(P18:Q18) -> 0 | U18: =SUM(S18:T18) -> 0 | X18: =SUM(V18:W18) -> 0 | Z18: =+F18+I18+L18+O18+R18+U18+X18+Y18 -> 7 | AC18: =+AA18+AB18-Z18 -> -7 | AE18: =AC18+AD18 -> -7
B19: 1111067 | C19: ชิฟฟอนแยกชิ้น มะพร้าว | F19: =SUM(D19:E19) -> 0 | G19: 7 | I19: =SUM(G19:H19) -> 7 | L19: =SUM(J19:K19) -> 0 | O19: =SUM(M19:N19) -> 0 | R19: =SUM(P19:Q19) -> 0 | U19: =SUM(S19:T19) -> 0 | X19: =SUM(V19:W19) -> 0 | Z19: =+F19+I19+L19+O19+R19+U19+X19+Y19 -> 7 | AC19: =+AA19+AB19-Z19 -> -7 | AE19: =AC19+AD19 -> -7
B20: 1111068 | C20: ชิฟฟอนแยกชิ้น เนย | F20: =SUM(D20:E20) -> 0 | G20: 7 | I20: =SUM(G20:H20) -> 7 | L20: =SUM(J20:K20) -> 0 | O20: =SUM(M20:N20) -> 0 | R20: =SUM(P20:Q20) -> 0 | U20: =SUM(S20:T20) -> 0 | X20: =SUM(V20:W20) -> 0 | Z20: =+F20+I20+L20+O20+R20+U20+X20+Y20 -> 7 | AC20: =+AA20+AB20-Z20 -> -7 | AE20: =AC20+AD20 -> -7
B21: 1111069 | C21: ชิฟฟอนแยกชิ้น บลูเบอรี่ | F21: =SUM(D21:E21) -> 0 | G21: 6 | I21: =SUM(G21:H21) -> 6 | L21: =SUM(J21:K21) -> 0 | O21: =SUM(M21:N21) -> 0 | R21: =SUM(P21:Q21) -> 0 | U21: =SUM(S21:T21) -> 0 | X21: =SUM(V21:W21) -> 0 | Z21: =+F21+I21+L21+O21+R21+U21+X21+Y21 -> 6 | AC21: =+AA21+AB21-Z21 -> -6 | AE21: =AC21+AD21 -> -6
B22: 1111070 | C22: ชิฟฟอนแยกชิ้น ทุเรียน | F22: =SUM(D22:E22) -> 0 | I22: =SUM(G22:H22) -> 0 | L22: =SUM(J22:K22) -> 0 | O22: =SUM(M22:N22) -> 0 | R22: =SUM(P22:Q22) -> 0 | U22: =SUM(S22:T22) -> 0 | X22: =SUM(V22:W22) -> 0 | Z22: =+F22+I22+L22+O22+R22+U22+X22+Y22 -> 0 | AC22: =+AA22+AB22-Z22 -> 0 | AE22: =AC22+AD22 -> 0
B23: 1111071 | C23: ชิฟฟอนแยกชิ้น ตาล | F23: =SUM(D23:E23) -> 0 | I23: =SUM(G23:H23) -> 0 | L23: =SUM(J23:K23) -> 0 | O23: =SUM(M23:N23) -> 0 | R23: =SUM(P23:Q23) -> 0 | U23: =SUM(S23:T23) -> 0 | X23: =SUM(V23:W23) -> 0 | Z23: =+F23+I23+L23+O23+R23+U23+X23+Y23 -> 0 | AC23: =+AA23+AB23-Z23 -> 0 | AE23: =AC23+AD23 -> 0
B24: 1111010 | C24: ชิฟฟ่อนเค้กสอดไส้แยม (1 ชิ้น) แยมสับปะรด | F24: =SUM(D24:E24) -> 0 | I24: =SUM(G24:H24) -> 0 | L24: =SUM(J24:K24) -> 0 | O24: =SUM(M24:N24) -> 0 | R24: =SUM(P24:Q24) -> 0 | U24: =SUM(S24:T24) -> 0 | X24: =SUM(V24:W24) -> 0 | Z24: =+F24+I24+L24+O24+R24+U24+X24+Y24 -> 0 | AC24: =+AA24+AB24-Z24 -> 0 | AE24: =AC24+AD24 -> 0
B25: 1111008 | C25: ชิฟฟ่อนเค้ก สอดไส้ (รวมรส 3 ชิ้น) | F25: =SUM(D25:E25) -> 0 | I25: =SUM(G25:H25) -> 0 | L25: =SUM(J25:K25) -> 0 | M25: 42 | O25: =SUM(M25:N25) -> 42 | P25: 15 | R25: =SUM(P25:Q25) -> 15 | U25: =SUM(S25:T25) -> 0 | X25: =SUM(V25:W25) -> 0 | Z25: =+F25+I25+L25+O25+R25+U25+X25+Y25 -> 57 | AA25: 40 | AB25: 43 | AC25: =+AA25+AB25-Z25 -> 26 | AD25: 40 | AE25: =AC25+AD25 -> 66
B26: 1111009 | C26: ชิฟฟ่อนเค้ก สอดไส้ (รวมรส 6 ชิ้น) | F26: =SUM(D26:E26) -> 0 | G26: 3 | I26: =SUM(G26:H26) -> 3 | J26: 4 | L26: =SUM(J26:K26) -> 4 | M26: 6 | O26: =SUM(M26:N26) -> 6 | P26: 4 | R26: =SUM(P26:Q26) -> 4 | U26: =SUM(S26:T26) -> 0 | X26: =SUM(V26:W26) -> 0 | Z26: =+F26+I26+L26+O26+R26+U26+X26+Y26 -> 17 | AA26: 20 | AB26: 66 | AC26: =+AA26+AB26-Z26 -> 69 | AD26: 20 | AE26: =AC26+AD26 -> 89
B27: 1111011 | C27: ชิฟฟ่อนเค้กสอดไส้ นมชมพูฮอกไกโด (3 ชิ้น) | F27: =SUM(D27:E27) -> 0 | I27: =SUM(G27:H27) -> 0 | L27: =SUM(J27:K27) -> 0 | O27: =SUM(M27:N27) -> 0 | R27: =SUM(P27:Q27) -> 0 | U27: =SUM(S27:T27) -> 0 | X27: =SUM(V27:W27) -> 0 | Z27: =+F27+I27+L27+O27+R27+U27+X27+Y27 -> 0 | AC27: =+AA27+AB27-Z27 -> 0 | AE27: =AC27+AD27 -> 0
B28: 1111012 | C28: ชิฟฟ่อนเค้กสอดไส้ นมชมพูฮอกไกโด (6 ชิ้น) | F28: =SUM(D28:E28) -> 0 | I28: =SUM(G28:H28) -> 0 | L28: =SUM(J28:K28) -> 0 | O28: =SUM(M28:N28) -> 0 | R28: =SUM(P28:Q28) -> 0 | U28: =SUM(S28:T28) -> 0 | X28: =SUM(V28:W28) -> 0 | Z28: =+F28+I28+L28+O28+R28+U28+X28+Y28 -> 0 | AC28: =+AA28+AB28-Z28 -> 0 | AE28: =AC28+AD28 -> 0
B29: 1111013 | C29: ชิฟฟ่อนเค้กสอดไส้ ช็อคโกแลตนูเทลล่า (3 ชิ้น) | F29: =SUM(D29:E29) -> 0 | I29: =SUM(G29:H29) -> 0 | L29: =SUM(J29:K29) -> 0 | O29: =SUM(M29:N29) -> 0 | R29: =SUM(P29:Q29) -> 0 | U29: =SUM(S29:T29) -> 0 | X29: =SUM(V29:W29) -> 0 | Z29: =+F29+I29+L29+O29+R29+U29+X29+Y29 -> 0 | AC29: =+AA29+AB29-Z29 -> 0 | AE29: =AC29+AD29 -> 0
B30: 1111014 | C30: ชิฟฟ่อนเค้กสอดไส้ ช็อคโกแลตนูเทลล่า (6 ชิ้น) | F30: =SUM(D30:E30) -> 0 | I30: =SUM(G30:H30) -> 0 | L30: =SUM(J30:K30) -> 0 | O30: =SUM(M30:N30) -> 0 | R30: =SUM(P30:Q30) -> 0 | U30: =SUM(S30:T30) -> 0 | X30: =SUM(V30:W30) -> 0 | Z30: =+F30+I30+L30+O30+R30+U30+X30+Y30 -> 0 | AC30: =+AA30+AB30-Z30 -> 0 | AE30: =AC30+AD30 -> 0
B31: 1111015 | C31: ชิฟฟ่อนเค้กสอดไส้เนย รสมะพร้าว (3 ชิ้น) | F31: =SUM(D31:E31) -> 0 | I31: =SUM(G31:H31) -> 0 | L31: =SUM(J31:K31) -> 0 | O31: =SUM(M31:N31) -> 0 | R31: =SUM(P31:Q31) -> 0 | U31: =SUM(S31:T31) -> 0 | X31: =SUM(V31:W31) -> 0 | Z31: =+F31+I31+L31+O31+R31+U31+X31+Y31 -> 0 | AC31: =+AA31+AB31-Z31 -> 0 | AE31: =AC31+AD31 -> 0
B32: 1111016 | C32: ชิฟฟ่อนเค้กสอดไส้เนย รสมะพร้าว (6 ชิ้น) | F32: =SUM(D32:E32) -> 0 | I32: =SUM(G32:H32) -> 0 | L32: =SUM(J32:K32) -> 0 | O32: =SUM(M32:N32) -> 0 | R32: =SUM(P32:Q32) -> 0 | U32: =SUM(S32:T32) -> 0 | X32: =SUM(V32:W32) -> 0 | Z32: =+F32+I32+L32+O32+R32+U32+X32+Y32 -> 0 | AC32: =+AA32+AB32-Z32 -> 0 | AE32: =AC32+AD32 -> 0
B33: 1111017 | C33: ชิฟฟ่อนเค้กสอดไส้แยม รสบลูเบอร์รี่ (3 ชิ้น) | F33: =SUM(D33:E33) -> 0 | I33: =SUM(G33:H33) -> 0 | L33: =SUM(J33:K33) -> 0 | O33: =SUM(M33:N33) -> 0 | R33: =SUM(P33:Q33) -> 0 | U33: =SUM(S33:T33) -> 0 | X33: =SUM(V33:W33) -> 0 | Z33: =+F33+I33+L33+O33+R33+U33+X33+Y33 -> 0 | AC33: =+AA33+AB33-Z33 -> 0 | AE33: =AC33+AD33 -> 0
B34: 1111018 | C34: ชิฟฟ่อนเค้กสอดไส้แยม รสบลูเบอร์รี่ (6 ชิ้น) | F34: =SUM(D34:E34) -> 0 | I34: =SUM(G34:H34) -> 0 | L34: =SUM(J34:K34) -> 0 | O34: =SUM(M34:N34) -> 0 | R34: =SUM(P34:Q34) -> 0 | U34: =SUM(S34:T34) -> 0 | X34: =SUM(V34:W34) -> 0 | Z34: =+F34+I34+L34+O34+R34+U34+X34+Y34 -> 0 | AC34: =+AA34+AB34-Z34 -> 0 | AE34: =AC34+AD34 -> 0
B35: 1111019 | C35: ชิฟฟ่อนเค้กหน้าฝอยทอง สอดไส้แยมส้ม (3 ชิ้น) | F35: =SUM(D35:E35) -> 0 | I35: =SUM(G35:H35) -> 0 | L35: =SUM(J35:K35) -> 0 | O35: =SUM(M35:N35) -> 0 | R35: =SUM(P35:Q35) -> 0 | U35: =SUM(S35:T35) -> 0 | X35: =SUM(V35:W35) -> 0 | Z35: =+F35+I35+L35+O35+R35+U35+X35+Y35 -> 0 | AC35: =+AA35+AB35-Z35 -> 0 | AE35: =AC35+AD35 -> 0
B36: 1111020 | C36: ชิฟฟ่อนเค้กหน้าฝอยทอง สอดไส้แยมส้ม (6 ชิ้น) | F36: =SUM(D36:E36) -> 0 | I36: =SUM(G36:H36) -> 0 | L36: =SUM(J36:K36) -> 0 | O36: =SUM(M36:N36) -> 0 | R36: =SUM(P36:Q36) -> 0 | U36: =SUM(S36:T36) -> 0 | X36: =SUM(V36:W36) -> 0 | Z36: =+F36+I36+L36+O36+R36+U36+X36+Y36 -> 0 | AC36: =+AA36+AB36-Z36 -> 0 | AE36: =AC36+AD36 -> 0
B37: 1111022 | C37: ชิฟฟ่อนเค้กสอดไส้แยม รสสตรอว์เบอร์รี (3 ชิ้น) | F37: =SUM(D37:E37) -> 0 | I37: =SUM(G37:H37) -> 0 | L37: =SUM(J37:K37) -> 0 | O37: =SUM(M37:N37) -> 0 | R37: =SUM(P37:Q37) -> 0 | U37: =SUM(S37:T37) -> 0 | X37: =SUM(V37:W37) -> 0 | Z37: =+F37+I37+L37+O37+R37+U37+X37+Y37 -> 0 | AC37: =+AA37+AB37-Z37 -> 0 | AE37: =AC37+AD37 -> 0
B38: 1111023 | C38: ชิฟฟ่อนเค้กสอดไส้แยม รสสตรอว์เบอร์รี (6 ชิ้น) | F38: =SUM(D38:E38) -> 0 | I38: =SUM(G38:H38) -> 0 | L38: =SUM(J38:K38) -> 0 | O38: =SUM(M38:N38) -> 0 | R38: =SUM(P38:Q38) -> 0 | U38: =SUM(S38:T38) -> 0 | X38: =SUM(V38:W38) -> 0 | Z38: =+F38+I38+L38+O38+R38+U38+X38+Y38 -> 0 | AC38: =+AA38+AB38-Z38 -> 0 | AE38: =AC38+AD38 -> 0
... B40: 1111025 | C40: ชิฟฟ่อนเค้กสอดไส้แยม รสส้ม (6 ชิ้น) | F40: =SUM(D40:E40) -> 0 | I40: =SUM(G40:H40) -> 0 | L40: =SUM(J40:K40) -> 0 | O40: =SUM(M40:N40) -> 0 | R40: =SUM(P40:Q40) -> 0 | U40: =SUM(S40:T40) -> 0 | X40: =SUM(V40:W40) -> 0 | Z40: =+F40+I40+L40+O40+R40+U40+X40+Y40 -> 0 | AC40: =+AA40+AB40-Z40 -> 0 | AE40: =AC40+AD40 -> 0
B41: 1111056 | C41: ชิฟฟอนรวมรสยอดฮิต 8 ชิ้น | F41: =SUM(D41:E41) -> 0 | G41: 5 | I41: =SUM(G41:H41) -> 5 | L41: =SUM(J41:K41) -> 0 | O41: =SUM(M41:N41) -> 0 | R41: =SUM(P41:Q41) -> 0 | U41: =SUM(S41:T41) -> 0 | X41: =SUM(V41:W41) -> 0 | Z41: =+F41+I41+L41+O41+R41+U41+X41+Y41 -> 5 | AB41: 11 | AC41: =+AA41+AB41-Z41 -> 6 | AD41: 10 | AE41: =AC41+AD41 -> 16
B42: 1111074 | C42: ชิฟฟอนไส้แยมแยกชิ้น มะพร้าว | F42: =SUM(D42:E42) -> 0 | G42: 6 | I42: =SUM(G42:H42) -> 6 | L42: =SUM(J42:K42) -> 0 | O42: =SUM(M42:N42) -> 0 | R42: =SUM(P42:Q42) -> 0 | U42: =SUM(S42:T42) -> 0 | X42: =SUM(V42:W42) -> 0 | Z42: =+F42+I42+L42+O42+R42+U42+X42+Y42 -> 6 | AC42: =+AA42+AB42-Z42 -> -6 | AE42: =AC42+AD42 -> -6
B43: 1111075 | C43: ชิฟฟอนไส้แยมแยกชิ้น สตอเบอรี่ | F43: =SUM(D43:E43) -> 0 | G43: 6 | I43: =SUM(G43:H43) -> 6 | L43: =SUM(J43:K43) -> 0 | O43: =SUM(M43:N43) -> 0 | R43: =SUM(P43:Q43) -> 0 | U43: =SUM(S43:T43) -> 0 | X43: =SUM(V43:W43) -> 0 | Z43: =+F43+I43+L43+O43+R43+U43+X43+Y43 -> 6 | AC43: =+AA43+AB43-Z43 -> -6 | AE43: =AC43+AD43 -> -6
B44: 1111076 | C44: ชิฟฟอนไส้แยมแยกชิ้น ส้ม | F44: =SUM(D44:E44) -> 0 | G44: 6 | I44: =SUM(G44:H44) -> 6 | L44: =SUM(J44:K44) -> 0 | O44: =SUM(M44:N44) -> 0 | R44: =SUM(P44:Q44) -> 0 | U44: =SUM(S44:T44) -> 0 | X44: =SUM(V44:W44) -> 0 | Z44: =+F44+I44+L44+O44+R44+U44+X44+Y44 -> 6 | AC44: =+AA44+AB44-Z44 -> -6 | AE44: =AC44+AD44 -> -6
B45: 1111077 | C45: ชิฟฟอนไส้แยมแยกชิ้น บลูเบอรี่ | F45: =SUM(D45:E45) -> 0 | G45: 6 | I45: =SUM(G45:H45) -> 6 | L45: =SUM(J45:K45) -> 0 | O45: =SUM(M45:N45) -> 0 | R45: =SUM(P45:Q45) -> 0 | U45: =SUM(S45:T45) -> 0 | X45: =SUM(V45:W45) -> 0 | Z45: =+F45+I45+L45+O45+R45+U45+X45+Y45 -> 6 | AC45: =+AA45+AB45-Z45 -> -6 | AE45: =AC45+AD45 -> -6
B46: 1111078 | C46: ชิฟฟอนไส้แยมแยกชิ้น นมชมพู | F46: =SUM(D46:E46) -> 0 | G46: 6 | I46: =SUM(G46:H46) -> 6 | L46: =SUM(J46:K46) -> 0 | O46: =SUM(M46:N46) -> 0 | R46: =SUM(P46:Q46) -> 0 | U46: =SUM(S46:T46) -> 0 | X46: =SUM(V46:W46) -> 0 | Z46: =+F46+I46+L46+O46+R46+U46+X46+Y46 -> 6 | AC46: =+AA46+AB46-Z46 -> -6 | AE46: =AC46+AD46 -> -6
B47: 1111079 | C47: ชิฟฟอนไส้แยมแยกชิ้น ชอคโกแลต | F47: =SUM(D47:E47) -> 0 | G47: 6 | I47: =SUM(G47:H47) -> 6 | L47: =SUM(J47:K47) -> 0 | O47: =SUM(M47:N47) -> 0 | R47: =SUM(P47:Q47) -> 0 | U47: =SUM(S47:T47) -> 0 | X47: =SUM(V47:W47) -> 0 | Z47: =+F47+I47+L47+O47+R47+U47+X47+Y47 -> 6 | AC47: =+AA47+AB47-Z47 -> -6 | AE47: =AC47+AD47 -> -6
B48: 1111080 | C48: ชิฟฟอนไส้แยมแยกชิ้น ฝอยทอง | F48: =SUM(D48:E48) -> 0 | G48: 6 | I48: =SUM(G48:H48) -> 6 | L48: =SUM(J48:K48) -> 0 | O48: =SUM(M48:N48) -> 0 | R48: =SUM(P48:Q48) -> 0 | U48: =SUM(S48:T48) -> 0 | X48: =SUM(V48:W48) -> 0 | Z48: =+F48+I48+L48+O48+R48+U48+X48+Y48 -> 6 | AC48: =+AA48+AB48-Z48 -> -6 | AE48: =AC48+AD48 -> -6
B49: 1111081 | C49: ชิฟฟอนไส้แยมแยกชิ้น วนิลา | F49: =SUM(D49:E49) -> 0 | G49: 6 | I49: =SUM(G49:H49) -> 6 | L49: =SUM(J49:K49) -> 0 | O49: =SUM(M49:N49) -> 0 | R49: =SUM(P49:Q49) -> 0 | U49: =SUM(S49:T49) -> 0 | X49: =SUM(V49:W49) -> 0 | Z49: =+F49+I49+L49+O49+R49+U49+X49+Y49 -> 6 | AC49: =+AA49+AB49-Z49 -> -6 | AE49: =AC49+AD49 -> -6
B50: 1111082 | C50: ชิฟฟอนไส้แยมแยกชิ้น ใบเตย | F50: =SUM(D50:E50) -> 0 | G50: 6 | I50: =SUM(G50:H50) -> 6 | L50: =SUM(J50:K50) -> 0 | O50: =SUM(M50:N50) -> 0 | R50: =SUM(P50:Q50) -> 0 | U50: =SUM(S50:T50) -> 0 | X50: =SUM(V50:W50) -> 0 | Z50: =+F50+I50+L50+O50+R50+U50+X50+Y50 -> 6 | AC50: =+AA50+AB50-Z50 -> -6 | AE50: =AC50+AD50 -> -6
B51: 1111083 | C51: ชิฟฟอนไส้แยมแยกชิ้น เมล่อน | F51: =SUM(D51:E51) -> 0 | G51: 6 | I51: =SUM(G51:H51) -> 6 | L51: =SUM(J51:K51) -> 0 | O51: =SUM(M51:N51) -> 0 | R51: =SUM(P51:Q51) -> 0 | U51: =SUM(S51:T51) -> 0 | X51: =SUM(V51:W51) -> 0 | Z51: =+F51+I51+L51+O51+R51+U51+X51+Y51 -> 6 | AC51: =+AA51+AB51-Z51 -> -6 | AE51: =AC51+AD51 -> -6
B52: 1112002 | C52: เค้กเบาหวิว รสกาแฟ (300 กรัม) | F52: =SUM(D52:E52) -> 0 | I52: =SUM(G52:H52) -> 0 | L52: =SUM(J52:K52) -> 0 | O52: =SUM(M52:N52) -> 0 | R52: =SUM(P52:Q52) -> 0 | U52: =SUM(S52:T52) -> 0 | X52: =SUM(V52:W52) -> 0 | Z52: =+F52+I52+L52+O52+R52+U52+X52+Y52 -> 0 | AC52: =+AA52+AB52-Z52 -> 0 | AE52: =AC52+AD52 -> 0
B53: 1112003 | C53: เค้กเบาหวิว รสกาแฟ (110 กรัม) | D53: 2 | F53: =SUM(D53:E53) -> 2 | G53: 3 | I53: =SUM(G53:H53) -> 3 | J53: 1 | L53: =SUM(J53:K53) -> 1 | M53: 64 | O53: =SUM(M53:N53) -> 64 | P53: 14 | R53: =SUM(P53:Q53) -> 14 | U53: =SUM(S53:T53) -> 0 | X53: =SUM(V53:W53) -> 0 | Z53: =+F53+I53+L53+O53+R53+U53+X53+Y53 -> 84 | AA53: 69 | AB53: 33 | AC53: =+AA53+AB53-Z53 -> 18 | AD53: 65 | AE53: =AC53+AD53 -> 83
B54: 1112004 | C54: เค้กเบาหวิว รสเนยนม (300 กรัม) | F54: =SUM(D54:E54) -> 0 | I54: =SUM(G54:H54) -> 0 | L54: =SUM(J54:K54) -> 0 | O54: =SUM(M54:N54) -> 0 | R54: =SUM(P54:Q54) -> 0 | U54: =SUM(S54:T54) -> 0 | X54: =SUM(V54:W54) -> 0 | Z54: =+F54+I54+L54+O54+R54+U54+X54+Y54 -> 0 | AC54: =+AA54+AB54-Z54 -> 0 | AE54: =AC54+AD54 -> 0
B55: 1112005 | C55: เค้กเบาหวิว รสเนยนม (110 กรัม) | D55: 4 | F55: =SUM(D55:E55) -> 4 | G55: 3 | I55: =SUM(G55:H55) -> 3 | J55: 1 | L55: =SUM(J55:K55) -> 1 | M55: 64 | O55: =SUM(M55:N55) -> 64 | P55: 13 | R55: =SUM(P55:Q55) -> 13 | U55: =SUM(S55:T55) -> 0 | X55: =SUM(V55:W55) -> 0 | Z55: =+F55+I55+L55+O55+R55+U55+X55+Y55 -> 85 | AA55: 65 | AB55: 35 | AC55: =+AA55+AB55-Z55 -> 15 | AD55: 65 | AE55: =AC55+AD55 -> 80
B56: 1112008 | C56: เค้กเบาหวิว รสมะพร้าวน้ำหอม (300 กรัม) | F56: =SUM(D56:E56) -> 0 | I56: =SUM(G56:H56) -> 0 | L56: =SUM(J56:K56) -> 0 | O56: =SUM(M56:N56) -> 0 | R56: =SUM(P56:Q56) -> 0 | U56: =SUM(S56:T56) -> 0 | X56: =SUM(V56:W56) -> 0 | Z56: =+F56+I56+L56+O56+R56+U56+X56+Y56 -> 0 | AC56: =+AA56+AB56-Z56 -> 0 | AE56: =AC56+AD56 -> 0
B57: 1112009 | C57: เค้กเบาหวิว รสมะพร้าวน้ำหอม (110 กรัม) | F57: =SUM(D57:E57) -> 0 | G57: 4 | I57: =SUM(G57:H57) -> 4 | J57: 1 | L57: =SUM(J57:K57) -> 1 | M57: 65 | O57: =SUM(M57:N57) -> 65 | P57: 14 | R57: =SUM(P57:Q57) -> 14 | U57: =SUM(S57:T57) -> 0 | X57: =SUM(V57:W57) -> 0 | Z57: =+F57+I57+L57+O57+R57+U57+X57+Y57 -> 84 | AA57: 67 | AB57: 35 | AC57: =+AA57+AB57-Z57 -> 18 | AD57: 65 | AE57: =AC57+AD57 -> 83
B58: 1112010 | C58: เค้กเบาหวิว หน้าฝอยทอง (300 กรัม) | F58: =SUM(D58:E58) -> 0 | I58: =SUM(G58:H58) -> 0 | L58: =SUM(J58:K58) -> 0 | O58: =SUM(M58:N58) -> 0 | R58: =SUM(P58:Q58) -> 0 | U58: =SUM(S58:T58) -> 0 | X58: =SUM(V58:W58) -> 0 | Z58: =+F58+I58+L58+O58+R58+U58+X58+Y58 -> 0 | AC58: =+AA58+AB58-Z58 -> 0 | AE58: =AC58+AD58 -> 0
B59: 1112011 | C59: เค้กเบาหวิว หน้าฝอยทอง (110 กรัม) | D59: 2 | F59: =SUM(D59:E59) -> 2 | G59: 3 | I59: =SUM(G59:H59) -> 3 | J59: 7 | L59: =SUM(J59:K59) -> 7 | M59: 64 | O59: =SUM(M59:N59) -> 64 | P59: 13 | R59: =SUM(P59:Q59) -> 13 | U59: =SUM(S59:T59) -> 0 | X59: =SUM(V59:W59) -> 0 | Z59: =+F59+I59+L59+O59+R59+U59+X59+Y59 -> 89 | AA59: 65 | AB59: 36 | AC59: =+AA59+AB59-Z59 -> 12 | AD59: 65 | AE59: =AC59+AD59 -> 77
B60: 1112012 | C60: เค้กเบาหวิว รสเผือกหน้ามะพร้าวเผา (300 กรัม) | F60: =SUM(D60:E60) -> 0 | I60: =SUM(G60:H60) -> 0 | L60: =SUM(J60:K60) -> 0 | O60: =SUM(M60:N60) -> 0 | R60: =SUM(P60:Q60) -> 0 | U60: =SUM(S60:T60) -> 0 | X60: =SUM(V60:W60) -> 0 | Z60: =+F60+I60+L60+O60+R60+U60+X60+Y60 -> 0 | AC60: =+AA60+AB60-Z60 -> 0 | AE60: =AC60+AD60 -> 0
B61: 1112013 | C61: เค้กเบาหวิว รสเผือกหน้ามะพร้าวเผา (110 กรัม) | D61: 4 | F61: =SUM(D61:E61) -> 4 | G61: 3 | I61: =SUM(G61:H61) -> 3 | J61: 1 | L61: =SUM(J61:K61) -> 1 | M61: 64 | O61: =SUM(M61:N61) -> 64 | P61: 13 | R61: =SUM(P61:Q61) -> 13 | U61: =SUM(S61:T61) -> 0 | X61: =SUM(V61:W61) -> 0 | Z61: =+F61+I61+L61+O61+R61+U61+X61+Y61 -> 85 | AA61: 65 | AB61: 37 | AC61: =+AA61+AB61-Z61 -> 17 | AD61: 65 | AE61: =AC61+AD61 -> 82
B62: 1112014 | C62: เค้กเบาหวิว รสกล้วยหอมหน้ามะพร้าวเผา (300 กรัม) | F62: =SUM(D62:E62) -> 0 | I62: =SUM(G62:H62) -> 0 | L62: =SUM(J62:K62) -> 0 | O62: =SUM(M62:N62) -> 0 | R62: =SUM(P62:Q62) -> 0 | U62: =SUM(S62:T62) -> 0 | X62: =SUM(V62:W62) -> 0 | Z62: =+F62+I62+L62+O62+R62+U62+X62+Y62 -> 0 | AC62: =+AA62+AB62-Z62 -> 0 | AE62: =AC62+AD62 -> 0
B63: 1112015 | C63: เค้กเบาหวิว รสกล้วยหอมหน้ามะพร้าวเผา (110 กรัม) | F63: =SUM(D63:E63) -> 0 | G63: 4 | I63: =SUM(G63:H63) -> 4 | J63: 1 | L63: =SUM(J63:K63) -> 1 | M63: 65 | O63: =SUM(M63:N63) -> 65 | P63: 14 | R63: =SUM(P63:Q63) -> 14 | U63: =SUM(S63:T63) -> 0 | X63: =SUM(V63:W63) -> 0 | Z63: =+F63+I63+L63+O63+R63+U63+X63+Y63 -> 84 | AA63: 67 | AB63: 36 | AC63: =+AA63+AB63-Z63 -> 19 | AD63: 65 | AE63: =AC63+AD63 -> 84
B64: 1112017 | C64: เค้กเบาหวิว รสตาลหอม (110 กรัม) | F64: =SUM(D64:E64) -> 0 | I64: =SUM(G64:H64) -> 0 | L64: =SUM(J64:K64) -> 0 | O64: =SUM(M64:N64) -> 0 | R64: =SUM(P64:Q64) -> 0 | U64: =SUM(S64:T64) -> 0 | X64: =SUM(V64:W64) -> 0 | Z64: =+F64+I64+L64+O64+R64+U64+X64+Y64 -> 0 | AC64: =+AA64+AB64-Z64 -> 0 | AE64: =AC64+AD64 -> 0
B65: 1100003 | C65: เมอร์แรงค์ (กระปุก) | F65: =SUM(D65:E65) -> 0 | I65: =SUM(G65:H65) -> 0 | L65: =SUM(J65:K65) -> 0 | O65: =SUM(M65:N65) -> 0 | R65: =SUM(P65:Q65) -> 0 | U65: =SUM(S65:T65) -> 0 | X65: =SUM(V65:W65) -> 0 | Z65: =+F65+I65+L65+O65+R65+U65+X65+Y65 -> 0 | AC65: =+AA65+AB65-Z65 -> 0 | AE65: =AC65+AD65 -> 0
B66: 20039042 | C66: ขนมปังเนยนิ่ม 3 ชิ้น | F66: =SUM(D66:E66) -> 0 | I66: =SUM(G66:H66) -> 0 | L66: =SUM(J66:K66) -> 0 | O66: =SUM(M66:N66) -> 0 | R66: =SUM(P66:Q66) -> 0 | U66: =SUM(S66:T66) -> 0 | X66: =SUM(V66:W66) -> 0 | Z66: =+F66+I66+L66+O66+R66+U66+X66+Y66 -> 0 | AC66: =+AA66+AB66-Z66 -> 0 | AE66: =AC66+AD66 -> 0
B67: 1114501 | C67: ครีมฮอร์นวนิลา เนยสด | D67: 2 | F67: =SUM(D67:E67) -> 2 | G67: 19 | I67: =SUM(G67:H67) -> 19 | J67: 1 | L67: =SUM(J67:K67) -> 1 | M67: 140 | O67: =SUM(M67:N67) -> 140 | P67: 67 | R67: =SUM(P67:Q67) -> 67 | U67: =SUM(S67:T67) -> 0 | X67: =SUM(V67:W67) -> 0 | Z67: =+F67+I67+L67+O67+R67+U67+X67+Y67 -> 229 | AA67: 351 | AC67: =+AA67+AB67-Z67 -> 122 | AE67: =AC67+AD67 -> 122
B68: 1114502 | C68: ครีมฮอร์นใบเตย เนยสด | D68: 5 | F68: =SUM(D68:E68) -> 5 | G68: 2 | I68: =SUM(G68:H68) -> 2 | J68: 1 | L68: =SUM(J68:K68) -> 1 | M68: 137 | O68: =SUM(M68:N68) -> 137 | P68: 61 | R68: =SUM(P68:Q68) -> 61 | U68: =SUM(S68:T68) -> 0 | X68: =SUM(V68:W68) -> 0 | Z68: =+F68+I68+L68+O68+R68+U68+X68+Y68 -> 206 | AA68: 299 | AC68: =+AA68+AB68-Z68 -> 93 | AE68: =AC68+AD68 -> 93
B69: 1114503 | C69: ครีมฮอร์นช็อคโกแลต เนยสด | F69: =SUM(D69:E69) -> 0 | G69: 2 | I69: =SUM(G69:H69) -> 2 | J69: 1 | L69: =SUM(J69:K69) -> 1 | M69: 137 | O69: =SUM(M69:N69) -> 137 | P69: 58 | R69: =SUM(P69:Q69) -> 58 | U69: =SUM(S69:T69) -> 0 | X69: =SUM(V69:W69) -> 0 | Z69: =+F69+I69+L69+O69+R69+U69+X69+Y69 -> 198 | AA69: 301 | AC69: =+AA69+AB69-Z69 -> 103 | AE69: =AC69+AD69 -> 103
B70: 1124021 | C70: ขนมปังแถว 430 g | F70: =SUM(D70:E70) -> 0 | G70: 4 | I70: =SUM(G70:H70) -> 4 | J70: 13 | L70: =SUM(J70:K70) -> 13 | M70: 18 | O70: =SUM(M70:N70) -> 18 | P70: 4 | R70: =SUM(P70:Q70) -> 4 | U70: =SUM(S70:T70) -> 0 | X70: =SUM(V70:W70) -> 0 | Z70: =+F70+I70+L70+O70+R70+U70+X70+Y70 -> 39 | AA70: 38 | AC70: =+AA70+AB70-Z70 -> -1 | AD70: 50 | AE70: =AC70+AD70 -> 49
B71: 1005761 | C71: ขนมปังกรอบคาราเมล | F71: =SUM(D71:E71) -> 0 | I71: =SUM(G71:H71) -> 0 | L71: =SUM(J71:K71) -> 0 | O71: =SUM(M71:N71) -> 0 | R71: =SUM(P71:Q71) -> 0 | U71: =SUM(S71:T71) -> 0 | X71: =SUM(V71:W71) -> 0 | Z71: =+F71+I71+L71+O71+R71+U71+X71+Y71 -> 0 | AC71: =+AA71+AB71-Z71 -> 0 | AE71: =AC71+AD71 -> 0
B72: 1100001 | C72: พายสัปปะรด (1 ชิ้น) | F72: =SUM(D72:E72) -> 0 | I72: =SUM(G72:H72) -> 0 | L72: =SUM(J72:K72) -> 0 | O72: =SUM(M72:N72) -> 0 | R72: =SUM(P72:Q72) -> 0 | U72: =SUM(S72:T72) -> 0 | X72: =SUM(V72:W72) -> 0 | Z72: =+F72+I72+L72+O72+R72+U72+X72+Y72 -> 0 | AC72: =+AA72+AB72-Z72 -> 0 | AE72: =AC72+AD72 -> 0
B73: 1100002 | C73: พายสัปปะรด (1 กล่อง) | F73: =SUM(D73:E73) -> 0 | I73: =SUM(G73:H73) -> 0 | L73: =SUM(J73:K73) -> 0 | O73: =SUM(M73:N73) -> 0 | R73: =SUM(P73:Q73) -> 0 | U73: =SUM(S73:T73) -> 0 | X73: =SUM(V73:W73) -> 0 | Z73: =+F73+I73+L73+O73+R73+U73+X73+Y73 -> 0 | AC73: =+AA73+AB73-Z73 -> 0 | AE73: =AC73+AD73 -> 0
B74: 20052721 | C74: วรรณวนัชแซนวิซโบราณ 70g | F74: =SUM(D74:E74) -> 0 | I74: =SUM(G74:H74) -> 0 | L74: =SUM(J74:K74) -> 0 | O74: =SUM(M74:N74) -> 0 | R74: =SUM(P74:Q74) -> 0 | U74: =SUM(S74:T74) -> 0 | X74: =SUM(V74:W74) -> 0 | Z74: =+F74+I74+L74+O74+R74+U74+X74+Y74 -> 0 | AC74: =+AA74+AB74-Z74 -> 0 | AE74: =AC74+AD74 -> 0
B75: 1113170 | C75: ขนมเปี๊ยะถั่วฝอยทองไข่เค็ม 450 กรัม | D75: 28 | F75: =SUM(D75:E75) -> 28 | I75: =SUM(G75:H75) -> 0 | J75: 3 | L75: =SUM(J75:K75) -> 3 | O75: =SUM(M75:N75) -> 0 | R75: =SUM(P75:Q75) -> 0 | U75: =SUM(S75:T75) -> 0 | X75: =SUM(V75:W75) -> 0 | Z75: =+F75+I75+L75+O75+R75+U75+X75+Y75 -> 31 | AA75: 30 | AB75: 3 | AC75: =+AA75+AB75-Z75 -> 2 | AD75: 50 | AE75: =AC75+AD75 -> 52
B76: 1113171 | C76: ขนมเปี๊ยะฟักถั่วไข่เค็ม 450 กรัม | D76: 8 | F76: =SUM(D76:E76) -> 8 | I76: =SUM(G76:H76) -> 0 | J76: 3 | L76: =SUM(J76:K76) -> 3 | O76: =SUM(M76:N76) -> 0 | R76: =SUM(P76:Q76) -> 0 | U76: =SUM(S76:T76) -> 0 | X76: =SUM(V76:W76) -> 0 | Z76: =+F76+I76+L76+O76+R76+U76+X76+Y76 -> 11 | AA76: 20 | AC76: =+AA76+AB76-Z76 -> 9 | AD76: 50 | AE76: =AC76+AD76 -> 59
B77: 1113172 | C77: ขนมเปี๊ยะเผือกฝอยทองไข่เค็ม 450 กรัม | F77: =SUM(D77:E77) -> 0 | I77: =SUM(G77:H77) -> 0 | L77: =SUM(J77:K77) -> 0 | O77: =SUM(M77:N77) -> 0 | R77: =SUM(P77:Q77) -> 0 | U77: =SUM(S77:T77) -> 0 | X77: =SUM(V77:W77) -> 0 | Z77: =+F77+I77+L77+O77+R77+U77+X77+Y77 -> 0 | AC77: =+AA77+AB77-Z77 -> 0 | AD77: 50 | AE77: =AC77+AD77 -> 50
B78: 1113173 | C78: ขนมเปี๊ยะงาดำฝอยทองไข่เค็ม 450 กรัม | D78: 4 | F78: =SUM(D78:E78) -> 4 | I78: =SUM(G78:H78) -> 0 | J78: 2 | L78: =SUM(J78:K78) -> 2 | O78: =SUM(M78:N78) -> 0 | R78: =SUM(P78:Q78) -> 0 | U78: =SUM(S78:T78) -> 0 | X78: =SUM(V78:W78) -> 0 | Z78: =+F78+I78+L78+O78+R78+U78+X78+Y78 -> 6 | AA78: 10 | AC78: =+AA78+AB78-Z78 -> 4 | AD78: 50 | AE78: =AC78+AD78 -> 54
B79: 1200001 | C79: คอร์นเฟล็ค | F79: =SUM(D79:E79) -> 0 | I79: =SUM(G79:H79) -> 0 | L79: =SUM(J79:K79) -> 0 | O79: =SUM(M79:N79) -> 0 | R79: =SUM(P79:Q79) -> 0 | U79: =SUM(S79:T79) -> 0 | X79: =SUM(V79:W79) -> 0 | Z79: =+F79+I79+L79+O79+R79+U79+X79+Y79 -> 0 | AC79: =+AA79+AB79-Z79 -> 0 | AE79: =AC79+AD79 -> 0
B80: 1200002 | C80: ท๊อฟฟี่ถั่ว (กล่อง) | F80: =SUM(D80:E80) -> 0 | I80: =SUM(G80:H80) -> 0 | L80: =SUM(J80:K80) -> 0 | O80: =SUM(M80:N80) -> 0 | R80: =SUM(P80:Q80) -> 0 | U80: =SUM(S80:T80) -> 0 | X80: =SUM(V80:W80) -> 0 | Z80: =+F80+I80+L80+O80+R80+U80+X80+Y80 -> 0 | AC80: =+AA80+AB80-Z80 -> 0 | AE80: =AC80+AD80 -> 0
B81: 20054646 | C81: ปังพิซซ่า | F81: =SUM(D81:E81) -> 0 | I81: =SUM(G81:H81) -> 0 | L81: =SUM(J81:K81) -> 0 | O81: =SUM(M81:N81) -> 0 | R81: =SUM(P81:Q81) -> 0 | U81: =SUM(S81:T81) -> 0 | X81: =SUM(V81:W81) -> 0 | Z81: =+F81+I81+L81+O81+R81+U81+X81+Y81 -> 0 | AC81: =+AA81+AB81-Z81 -> 0 | AE81: =AC81+AD81 -> 0
B82: 300 | C82: เศษขนมปังปลา 5กก. | F82: =SUM(D82:E82) -> 0 | G82: 1 | I82: =SUM(G82:H82) -> 1 | J82: 3 | L82: =SUM(J82:K82) -> 3 | O82: =SUM(M82:N82) -> 0 | R82: =SUM(P82:Q82) -> 0 | U82: =SUM(S82:T82) -> 0 | X82: =SUM(V82:W82) -> 0 | Z82: =+F82+I82+L82+O82+R82+U82+X82+Y82 -> 4 | AC82: =+AA82+AB82-Z82 -> -4 | AE82: =AC82+AD82 -> -4
B83: 200 | C83: เศษขนมปังปลา 1 กก. | F83: =SUM(D83:E83) -> 0 | G83: 1 | I83: =SUM(G83:H83) -> 1 | L83: =SUM(J83:K83) -> 0 | O83: =SUM(M83:N83) -> 0 | R83: =SUM(P83:Q83) -> 0 | U83: =SUM(S83:T83) -> 0 | X83: =SUM(V83:W83) -> 0 | Z83: =+F83+I83+L83+O83+R83+U83+X83+Y83 -> 1 | AC83: =+AA83+AB83-Z83 -> -1 | AE83: =AC83+AD83 -> -1
B84: 1111087 | C84: ชิฟฟอน 8 ชิ้น สตอเบอรี่ล้วน | F84: =SUM(D84:E84) -> 0 | I84: =SUM(G84:H84) -> 0 | L84: =SUM(J84:K84) -> 0 | O84: =SUM(M84:N84) -> 0 | R84: =SUM(P84:Q84) -> 0 | U84: =SUM(S84:T84) -> 0 | X84: =SUM(V84:W84) -> 0 | Z84: =+F84+I84+L84+O84+R84+U84+X84+Y84 -> 0 | AC84: =+AA84+AB84-Z84 -> 0 | AE84: =AC84+AD84 -> 0
C85: ชิฟฟอน 4 ชิ้น มะพร้าวล้วน | F85: =SUM(D85:E85) -> 0 | I85: =SUM(G85:H85) -> 0 | L85: =SUM(J85:K85) -> 0 | O85: =SUM(M85:N85) -> 0 | R85: =SUM(P85:Q85) -> 0 | U85: =SUM(S85:T85) -> 0 | X85: =SUM(V85:W85) -> 0 | Z85: =+F85+I85+L85+O85+R85+U85+X85+Y85 -> 0 | AC85: =+AA85+AB85-Z85 -> 0 | AE85: =AC85+AD85 -> 0
C86: ชิฟฟอน 4 ชิ้น กาแฟล้วน | F86: =SUM(D86:E86) -> 0 | I86: =SUM(G86:H86) -> 0 | L86: =SUM(J86:K86) -> 0 | O86: =SUM(M86:N86) -> 0 | R86: =SUM(P86:Q86) -> 0 | U86: =SUM(S86:T86) -> 0 | X86: =SUM(V86:W86) -> 0 | Z86: =+F86+I86+L86+O86+R86+U86+X86+Y86 -> 0 | AC86: =+AA86+AB86-Z86 -> 0 | AE86: =AC86+AD86 -> 0
C87: ชิฟฟอน 4 ชิ้น ชาเขียวล้วน | F87: =SUM(D87:E87) -> 0 | I87: =SUM(G87:H87) -> 0 | L87: =SUM(J87:K87) -> 0 | O87: =SUM(M87:N87) -> 0 | R87: =SUM(P87:Q87) -> 0 | U87: =SUM(S87:T87) -> 0 | X87: =SUM(V87:W87) -> 0 | Z87: =+F87+I87+L87+O87+R87+U87+X87+Y87 -> 0 | AC87: =+AA87+AB87-Z87 -> 0 | AE87: =AC87+AD87 -> 0
C88: ชิฟฟอน 4 ชิ้น ใบเตยล้วน | F88: =SUM(D88:E88) -> 0 | I88: =SUM(G88:H88) -> 0 | L88: =SUM(J88:K88) -> 0 | O88: =SUM(M88:N88) -> 0 | R88: =SUM(P88:Q88) -> 0 | U88: =SUM(S88:T88) -> 0 | X88: =SUM(V88:W88) -> 0 | Z88: =+F88+I88+L88+O88+R88+U88+X88+Y88 -> 0 | AC88: =+AA88+AB88-Z88 -> 0 | AE88: =AC88+AD88 -> 0
B89: 1111092 | C89: ชิฟฟอน 8 ชิ้น กล้วยหอม | F89: =SUM(D89:E89) -> 0 | I89: =SUM(G89:H89) -> 0 | L89: =SUM(J89:K89) -> 0 | O89: =SUM(M89:N89) -> 0 | R89: =SUM(P89:Q89) -> 0 | U89: =SUM(S89:T89) -> 0 | X89: =SUM(V89:W89) -> 0 | Z89: =+F89+I89+L89+O89+R89+U89+X89+Y89 -> 0 | AC89: =+AA89+AB89-Z89 -> 0 | AE89: =AC89+AD89 -> 0
B90: 1111093 | C90: ชิฟฟอน 8 ชิ้น โกโก้ล้วน | F90: =SUM(D90:E90) -> 0 | I90: =SUM(G90:H90) -> 0 | L90: =SUM(J90:K90) -> 0 | O90: =SUM(M90:N90) -> 0 | R90: =SUM(P90:Q90) -> 0 | U90: =SUM(S90:T90) -> 0 | X90: =SUM(V90:W90) -> 0 | Z90: =+F90+I90+L90+O90+R90+U90+X90+Y90 -> 0 | AC90: =+AA90+AB90-Z90 -> 0 | AE90: =AC90+AD90 -> 0
B91: 1111088 | C91: ชิฟฟอน 8 ชิ้น ส้มล้วน | F91: =SUM(D91:E91) -> 0 | I91: =SUM(G91:H91) -> 0 | L91: =SUM(J91:K91) -> 0 | O91: =SUM(M91:N91) -> 0 | R91: =SUM(P91:Q91) -> 0 | U91: =SUM(S91:T91) -> 0 | X91: =SUM(V91:W91) -> 0 | Z91: =+F91+I91+L91+O91+R91+U91+X91+Y91 -> 0 | AC91: =+AA91+AB91-Z91 -> 0 | AE91: =AC91+AD91 -> 0
B92: 1111089 | C92: ชิฟฟอน 8 ชิ้น เนยล้วน | F92: =SUM(D92:E92) -> 0 | I92: =SUM(G92:H92) -> 0 | L92: =SUM(J92:K92) -> 0 | O92: =SUM(M92:N92) -> 0 | R92: =SUM(P92:Q92) -> 0 | U92: =SUM(S92:T92) -> 0 | X92: =SUM(V92:W92) -> 0 | Z92: =+F92+I92+L92+O92+R92+U92+X92+Y92 -> 0 | AC92: =+AA92+AB92-Z92 -> 0 | AE92: =AC92+AD92 -> 0
B93: 1111094 | C93: ชิฟฟอน 8 ชิ้น ชาไทยล้วน | F93: =SUM(D93:E93) -> 0 | I93: =SUM(G93:H93) -> 0 | L93: =SUM(J93:K93) -> 0 | O93: =SUM(M93:N93) -> 0 | R93: =SUM(P93:Q93) -> 0 | U93: =SUM(S93:T93) -> 0 | X93: =SUM(V93:W93) -> 0 | Z93: =+F93+I93+L93+O93+R93+U93+X93+Y93 -> 0 | AC93: =+AA93+AB93-Z93 -> 0 | AE93: =AC93+AD93 -> 0
B94: 1111095 | C94: ชิฟฟอน 8 ชิ้น ชาเขียวล้วน | F94: =SUM(D94:E94) -> 0 | I94: =SUM(G94:H94) -> 0 | L94: =SUM(J94:K94) -> 0 | O94: =SUM(M94:N94) -> 0 | R94: =SUM(P94:Q94) -> 0 | U94: =SUM(S94:T94) -> 0 | X94: =SUM(V94:W94) -> 0 | Z94: =+F94+I94+L94+O94+R94+U94+X94+Y94 -> 0 | AC94: =+AA94+AB94-Z94 -> 0 | AE94: =AC94+AD94 -> 0
B95: 1111091 | C95: ชิฟฟอน 8 ชิ้น ใบเตยล้วน | F95: =SUM(D95:E95) -> 0 | I95: =SUM(G95:H95) -> 0 | L95: =SUM(J95:K95) -> 0 | O95: =SUM(M95:N95) -> 0 | R95: =SUM(P95:Q95) -> 0 | U95: =SUM(S95:T95) -> 0 | X95: =SUM(V95:W95) -> 0 | Z95: =+F95+I95+L95+O95+R95+U95+X95+Y95 -> 0 | AC95: =+AA95+AB95-Z95 -> 0 | AE95: =AC95+AD95 -> 0
B96: 1111086 | C96: ชิฟฟอน 8 ชิ้น มะพร้าวล้วน | F96: =SUM(D96:E96) -> 0 | I96: =SUM(G96:H96) -> 0 | L96: =SUM(J96:K96) -> 0 | O96: =SUM(M96:N96) -> 0 | R96: =SUM(P96:Q96) -> 0 | U96: =SUM(S96:T96) -> 0 | X96: =SUM(V96:W96) -> 0 | Z96: =+F96+I96+L96+O96+R96+U96+X96+Y96 -> 0 | AC96: =+AA96+AB96-Z96 -> 0 | AE96: =AC96+AD96 -> 0
B97: 20059548 | C97: มินบันไก่หยอง | F97: =SUM(D97:E97) -> 0 | I97: =SUM(G97:H97) -> 0 | L97: =SUM(J97:K97) -> 0 | O97: =SUM(M97:N97) -> 0 | R97: =SUM(P97:Q97) -> 0 | U97: =SUM(S97:T97) -> 0 | X97: =SUM(V97:W97) -> 0 | Z97: =+F97+I97+L97+O97+R97+U97+X97+Y97 -> 0 | AC97: =+AA97+AB97-Z97 -> 0 | AE97: =AC97+AD97 -> 0
B98: 1100044 | C98: หมี่กรอบโบราณ | F98: =SUM(D98:E98) -> 0 | I98: =SUM(G98:H98) -> 0 | L98: =SUM(J98:K98) -> 0 | O98: =SUM(M98:N98) -> 0 | R98: =SUM(P98:Q98) -> 0 | U98: =SUM(S98:T98) -> 0 | X98: =SUM(V98:W98) -> 0 | Z98: =+F98+I98+L98+O98+R98+U98+X98+Y98 -> 0 | AC98: =+AA98+AB98-Z98 -> 0 | AE98: =AC98+AD98 -> 0
B99: 1100045 | C99: ชิฟฟ่อนขนุน | F99: =SUM(D99:E99) -> 0 | I99: =SUM(G99:H99) -> 0 | L99: =SUM(J99:K99) -> 0 | O99: =SUM(M99:N99) -> 0 | R99: =SUM(P99:Q99) -> 0 | U99: =SUM(S99:T99) -> 0 | X99: =SUM(V99:W99) -> 0 | Z99: =+F99+I99+L99+O99+R99+U99+X99+Y99 -> 0 | AC99: =+AA99+AB99-Z99 -> 0 | AE99: =AC99+AD99 -> 0
B100: 1004062 | C100: เค้กลาวา ฝอยทองทูโทน (เล็ก) | F100: =SUM(D100:E100) -> 0 | I100: =SUM(G100:H100) -> 0 | L100: =SUM(J100:K100) -> 0 | O100: =SUM(M100:N100) -> 0 | R100: =SUM(P100:Q100) -> 0 | U100: =SUM(S100:T100) -> 0 | X100: =SUM(V100:W100) -> 0 | Z100: =+F100+I100+L100+O100+R100+U100+X100+Y100 -> 0 | AC100: =+AA100+AB100-Z100 -> 0 | AE100: =AC100+AD100 -> 0
... B113: 1004048 | C113: ขนมปังหิมะฮอกไกโด | F113: =SUM(D113:E113) -> 0 | I113: =SUM(G113:H113) -> 0 | L113: =SUM(J113:K113) -> 0 | O113: =SUM(M113:N113) -> 0 | R113: =SUM(P113:Q113) -> 0 | U113: =SUM(S113:T113) -> 0 | X113: =SUM(V113:W113) -> 0 | Z113: =+F113+I113+L113+O113+R113+U113+X113+Y113 -> 0 | AC113: =+AA113+AB113-Z113 -> 0 | AE113: =AC113+AD113 -> 0
...

Sheet 02.09.68
B1: ยอดจริง ออนไลน์ วันที่ 02/09/2568
B2: รหัสสินค้า | C2: สินค้า | D2: ปณ | G2: ชอปปี้ | J2: ลาซาด้า | M2: ติ๊กตอก | P2: ติ๊กตอก2 | S2: ติ๊กตอก3 | V2: ชอยส์ | Y2: ยอดเส้น | Z2: ยอดรวมผลิต(กล่อง) | AA2: ยอดForcast | AB2: ยอดStock | AC2: ยอดMemo | AD2: ยอดForcastวันพรุ่งนี้ | AE2: สินค้าที่ขายได้
D3: เช้า | E3: บ่าย | F3: รวม | G3: เช้า | H3: บ่าย | I3: รวม | J3: เช้า | K3: บ่าย | L3: รวม | M3: เช้า | N3: บ่าย | O3: รวม | P3: เช้า | Q3: บ่าย | R3: รวม | S3: เช้า | T3: บ่าย | U3: รวม | V3: เช้า | W3: บ่าย | X3: รวม
B4: 1004055 | C4: ชิฟฟ่อนเค้ก วรรณวนัช (รวมรส 4 ชิ้น) | D4: 2 | F4: =SUM(D4:E4) -> 2 | I4: =SUM(G4:H4) -> 0 | L4: =SUM(J4:K4) -> 0 | M4: 51 | O4: =SUM(M4:N4) -> 51 | R4: =SUM(P4:Q4) -> 0 | U4: =SUM(S4:T4) -> 0 | X4: =SUM(V4:W4) -> 0 | Z4: =+F4+I4+L4+O4+R4+U4+X4+Y4 -> 53 | AA4: 50 | AC4: =+AA4+AB4-Z4 -> -3 | AD4: 50 | AE4: =AC4+AD4 -> 47
B5: 1111002 | C5: ชิฟฟ่อนเค้ก วรรณวนัช (รวมรส 8 ชิ้น) | F5: =SUM(D5:E5) -> 0 | G5: 39 | I5: =SUM(G5:H5) -> 39 | J5: 23 | L5: =SUM(J5:K5) -> 23 | O5: =SUM(M5:N5) -> 0 | R5: =SUM(P5:Q5) -> 0 | U5: =SUM(S5:T5) -> 0 | X5: =SUM(V5:W5) -> 0 | Z5: =+F5+I5+L5+O5+R5+U5+X5+Y5 -> 62 | AA5: 70 | AB5: 3 | AC5: =+AA5+AB5-Z5 -> 11 | AD5: 70 | AE5: =AC5+AD5 -> 81
B6: 1111055 | C6: วรรณวนัช ชิฟฟ่อนรวมรส 8 ชิ้น | F6: =SUM(D6:E6) -> 0 | I6: =SUM(G6:H6) -> 0 | L6: =SUM(J6:K6) -> 0 | O6: =SUM(M6:N6) -> 0 | R6: =SUM(P6:Q6) -> 0 | U6: =SUM(S6:T6) -> 0 | X6: =SUM(V6:W6) -> 0 | Z6: =+F6+I6+L6+O6+R6+U6+X6+Y6 -> 0 | AC6: =+AA6+AB6-Z6 -> 0 | AE6: =AC6+AD6 -> 0
B7: 1111084 | C7: ชิฟฟ่อนเค้ก รสกาแฟ (8 ชิ้น) | F7: =SUM(D7:E7) -> 0 | I7: =SUM(G7:H7) -> 0 | L7: =SUM(J7:K7) -> 0 | O7: =SUM(M7:N7) -> 0 | R7: =SUM(P7:Q7) -> 0 | U7: =SUM(S7:T7) -> 0 | X7: =SUM(V7:W7) -> 0 | Z7: =+F7+I7+L7+O7+R7+U7+X7+Y7 -> 0 | AC7: =+AA7+AB7-Z7 -> 0 | AE7: =AC7+AD7 -> 0
B8: 1111043 | C8: ชิฟฟอนรสมะลิ 8 ชิ้น ห่อ ซีน | F8: =SUM(D8:E8) -> 0 | I8: =SUM(G8:H8) -> 0 | L8: =SUM(J8:K8) -> 0 | O8: =SUM(M8:N8) -> 0 | R8: =SUM(P8:Q8) -> 0 | U8: =SUM(S8:T8) -> 0 | X8: =SUM(V8:W8) -> 0 | Z8: =+F8+I8+L8+O8+R8+U8+X8+Y8 -> 0 | AC8: =+AA8+AB8-Z8 -> 0 | AE8: =AC8+AD8 -> 0
B9: 1111057 | C9: ชิฟฟอนแยกชิ้น กาแฟ | F9: =SUM(D9:E9) -> 0 | G9: 8 | I9: =SUM(G9:H9) -> 8 | L9: =SUM(J9:K9) -> 0 | O9: =SUM(M9:N9) -> 0 | R9: =SUM(P9:Q9) -> 0 | U9: =SUM(S9:T9) -> 0 | X9: =SUM(V9:W9) -> 0 | Z9: =+F9+I9+L9+O9+R9+U9+X9+Y9 -> 8 | AC9: =+AA9+AB9-Z9 -> -8 | AE9: =AC9+AD9 -> -8
B10: 1111058 | C10: ชิฟฟอนแยกชิ้น มะลิ | F10: =SUM(D10:E10) -> 0 | I10: =SUM(G10:H10) -> 0 | L10: =SUM(J10:K10) -> 0 | O10: =SUM(M10:N10) -> 0 | R10: =SUM(P10:Q10) -> 0 | U10: =SUM(S10:T10) -> 0 | X10: =SUM(V10:W10) -> 0 | Z10: =+F10+I10+L10+O10+R10+U10+X10+Y10 -> 0 | AC10: =+AA10+AB10-Z10 -> 0 | AE10: =AC10+AD10 -> 0
B11: 1111059 | C11: ชิฟฟอนแยกชิ้น ใบเตย | F11: =SUM(D11:E11) -> 0 | G11: 8 | I11: =SUM(G11:H11) -> 8 | L11: =SUM(J11:K11) -> 0 | O11: =SUM(M11:N11) -> 0 | R11: =SUM(P11:Q11) -> 0 | U11: =SUM(S11:T11) -> 0 | X11: =SUM(V11:W11) -> 0 | Z11: =+F11+I11+L11+O11+R11+U11+X11+Y11 -> 8 | AC11: =+AA11+AB11-Z11 -> -8 | AE11: =AC11+AD11 -> -8
B12: 1111060 | C12: ชิฟฟอนแยกชิ้น กล้วยหอม | F12: =SUM(D12:E12) -> 0 | G12: 8 | I12: =SUM(G12:H12) -> 8 | L12: =SUM(J12:K12) -> 0 | O12: =SUM(M12:N12) -> 0 | R12: =SUM(P12:Q12) -> 0 | U12: =SUM(S12:T12) -> 0 | X12: =SUM(V12:W12) -> 0 | Z12: =+F12+I12+L12+O12+R12+U12+X12+Y12 -> 8 | AC12: =+AA12+AB12-Z12 -> -8 | AE12: =AC12+AD12 -> -8
B13: 1111061 | C13: ชิฟฟอนแยกชิ้น ชาไทย | F13: =SUM(D13:E13) -> 0 | G13: 8 | I13: =SUM(G13:H13) -> 8 | L13: =SUM(J13:K13) -> 0 | O13: =SUM(M13:N13) -> 0 | R13: =SUM(P13:Q13) -> 0 | U13: =SUM(S13:T13) -> 0 | X13: =SUM(V13:W13) -> 0 | Z13: =+F13+I13+L13+O13+R13+U13+X13+Y13 -> 8 | AC13: =+AA13+AB13-Z13 -> -8 | AE13: =AC13+AD13 -> -8
B14: 1111062 | C14: ชิฟฟอนแยกชิ้น โกโก้ | F14: =SUM(D14:E14) -> 0 | G14: 8 | I14: =SUM(G14:H14) -> 8 | L14: =SUM(J14:K14) -> 0 | O14: =SUM(M14:N14) -> 0 | R14: =SUM(P14:Q14) -> 0 | U14: =SUM(S14:T14) -> 0 | X14: =SUM(V14:W14) -> 0 | Z14: =+F14+I14+L14+O14+R14+U14+X14+Y14 -> 8 | AC14: =+AA14+AB14-Z14 -> -8 | AE14: =AC14+AD14 -> -8
B15: 1111063 | C15: ชิฟฟอนแยกชิ้น ส้ม | F15: =SUM(D15:E15) -> 0 | G15: 8 | I15: =SUM(G15:H15) -> 8 | L15: =SUM(J15:K15) -> 0 | O15: =SUM(M15:N15) -> 0 | R15: =SUM(P15:Q15) -> 0 | U15: =SUM(S15:T15) -> 0 | X15: =SUM(V15:W15) -> 0 | Z15: =+F15+I15+L15+O15+R15+U15+X15+Y15 -> 8 | AC15: =+AA15+AB15-Z15 -> -8 | AE15: =AC15+AD15 -> -8
B16: 1111064 | C16: ชิฟฟอนแยกชิ้น เผือก | F16: =SUM(D16:E16) -> 0 | G16: 8 | I16: =SUM(G16:H16) -> 8 | L16: =SUM(J16:K16) -> 0 | O16: =SUM(M16:N16) -> 0 | R16: =SUM(P16:Q16) -> 0 | U16: =SUM(S16:T16) -> 0 | X16: =SUM(V16:W16) -> 0 | Z16: =+F16+I16+L16+O16+R16+U16+X16+Y16 -> 8 | AC16: =+AA16+AB16-Z16 -> -8 | AE16: =AC16+AD16 -> -8
B17: 1111065 | C17: ชิฟฟอนแยกชิ้น สับปะรด | F17: =SUM(D17:E17) -> 0 | G17: 8 | I17: =SUM(G17:H17) -> 8 | L17: =SUM(J17:K17) -> 0 | O17: =SUM(M17:N17) -> 0 | R17: =SUM(P17:Q17) -> 0 | U17: =SUM(S17:T17) -> 0 | X17: =SUM(V17:W17) -> 0 | Z17: =+F17+I17+L17+O17+R17+U17+X17+Y17 -> 8 | AC17: =+AA17+AB17-Z17 -> -8 | AE17: =AC17+AD17 -> -8
B18: 1111066 | C18: ชิฟฟอนแยกชิ้น สตอเบอรี่ | F18: =SUM(D18:E18) -> 0 | G18: 8 | I18: =SUM(G18:H18) -> 8 | L18: =SUM(J18:K18) -> 0 | O18: =SUM(M18:N18) -> 0 | R18: =SUM(P18:Q18) -> 0 | U18: =SUM(S18:T18) -> 0 | X18: =SUM(V18:W18) -> 0 | Z18: =+F18+I18+L18+O18+R18+U18+X18+Y18 -> 8 | AC18: =+AA18+AB18-Z18 -> -8 | AE18: =AC18+AD18 -> -8
B19: 1111067 | C19: ชิฟฟอนแยกชิ้น มะพร้าว | F19: =SUM(D19:E19) -> 0 | G19: 8 | I19: =SUM(G19:H19) -> 8 | L19: =SUM(J19:K19) -> 0 | O19: =SUM(M19:N19) -> 0 | R19: =SUM(P19:Q19) -> 0 | U19: =SUM(S19:T19) -> 0 | X19: =SUM(V19:W19) -> 0 | Z19: =+F19+I19+L19+O19+R19+U19+X19+Y19 -> 8 | AC19: =+AA19+AB19-Z19 -> -8 | AE19: =AC19+AD19 -> -8
B20: 1111068 | C20: ชิฟฟอนแยกชิ้น เนย | F20: =SUM(D20:E20) -> 0 | I20: =SUM(G20:H20) -> 0 | L20: =SUM(J20:K20) -> 0 | O20: =SUM(M20:N20) -> 0 | R20: =SUM(P20:Q20) -> 0 | U20: =SUM(S20:T20) -> 0 | X20: =SUM(V20:W20) -> 0 | Z20: =+F20+I20+L20+O20+R20+U20+X20+Y20 -> 0 | AC20: =+AA20+AB20-Z20 -> 0 | AE20: =AC20+AD20 -> 0
B21: 1111069 | C21: ชิฟฟอนแยกชิ้น บลูเบอรี่ | F21: =SUM(D21:E21) -> 0 | I21: =SUM(G21:H21) -> 0 | L21: =SUM(J21:K21) -> 0 | O21: =SUM(M21:N21) -> 0 | R21: =SUM(P21:Q21) -> 0 | U21: =SUM(S21:T21) -> 0 | X21: =SUM(V21:W21) -> 0 | Z21: =+F21+I21+L21+O21+R21+U21+X21+Y21 -> 0 | AC21: =+AA21+AB21-Z21 -> 0 | AE21: =AC21+AD21 -> 0
B22: 1111070 | C22: ชิฟฟอนแยกชิ้น ทุเรียน | F22: =SUM(D22:E22) -> 0 | I22: =SUM(G22:H22) -> 0 | L22: =SUM(J22:K22) -> 0 | O22: =SUM(M22:N22) -> 0 | R22: =SUM(P22:Q22) -> 0 | U22: =SUM(S22:T22) -> 0 | X22: =SUM(V22:W22) -> 0 | Z22: =+F22+I22+L22+O22+R22+U22+X22+Y22 -> 0 | AC22: =+AA22+AB22-Z22 -> 0 | AE22: =AC22+AD22 -> 0
B23: 1111071 | C23: ชิฟฟอนแยกชิ้น ตาล | F23: =SUM(D23:E23) -> 0 | I23: =SUM(G23:H23) -> 0 | L23: =SUM(J23:K23) -> 0 | O23: =SUM(M23:N23) -> 0 | R23: =SUM(P23:Q23) -> 0 | U23: =SUM(S23:T23) -> 0 | X23: =SUM(V23:W23) -> 0 | Z23: =+F23+I23+L23+O23+R23+U23+X23+Y23 -> 0 | AC23: =+AA23+AB23-Z23 -> 0 | AE23: =AC23+AD23 -> 0
B24: 1111010 | C24: ชิฟฟ่อนเค้กสอดไส้แยม (1 ชิ้น) แยมสับปะรด | F24: =SUM(D24:E24) -> 0 | I24: =SUM(G24:H24) -> 0 | L24: =SUM(J24:K24) -> 0 | O24: =SUM(M24:N24) -> 0 | R24: =SUM(P24:Q24) -> 0 | U24: =SUM(S24:T24) -> 0 | X24: =SUM(V24:W24) -> 0 | Z24: =+F24+I24+L24+O24+R24+U24+X24+Y24 -> 0 | AC24: =+AA24+AB24-Z24 -> 0 | AE24: =AC24+AD24 -> 0
B25: 1111008 | C25: ชิฟฟ่อนเค้ก สอดไส้ (รวมรส 3 ชิ้น) | F25: =SUM(D25:E25) -> 0 | G25: 10 | I25: =SUM(G25:H25) -> 10 | L25: =SUM(J25:K25) -> 0 | M25: 81 | O25: =SUM(M25:N25) -> 81 | R25: =SUM(P25:Q25) -> 0 | U25: =SUM(S25:T25) -> 0 | X25: =SUM(V25:W25) -> 0 | Z25: =+F25+I25+L25+O25+R25+U25+X25+Y25 -> 91 | AA25: 40 | AB25: 25 | AC25: =+AA25+AB25-Z25 -> -26 | AD25: 40 | AE25: =AC25+AD25 -> 14
B26: 1111009 | C26: ชิฟฟ่อนเค้ก สอดไส้ (รวมรส 6 ชิ้น) | F26: =SUM(D26:E26) -> 0 | G26: 10 | I26: =SUM(G26:H26) -> 10 | J26: 15 | L26: =SUM(J26:K26) -> 15 | O26: =SUM(M26:N26) -> 0 | R26: =SUM(P26:Q26) -> 0 | U26: =SUM(S26:T26) -> 0 | X26: =SUM(V26:W26) -> 0 | Z26: =+F26+I26+L26+O26+R26+U26+X26+Y26 -> 25 | AA26: 20 | AB26: 61 | AC26: =+AA26+AB26-Z26 -> 56 | AD26: 20 | AE26: =AC26+AD26 -> 76
B27: 1111011 | C27: ชิฟฟ่อนเค้กสอดไส้ นมชมพูฮอกไกโด (3 ชิ้น) | F27: =SUM(D27:E27) -> 0 | I27: =SUM(G27:H27) -> 0 | L27: =SUM(J27:K27) -> 0 | O27: =SUM(M27:N27) -> 0 | R27: =SUM(P27:Q27) -> 0 | U27: =SUM(S27:T27) -> 0 | X27: =SUM(V27:W27) -> 0 | Z27: =+F27+I27+L27+O27+R27+U27+X27+Y27 -> 0 | AC27: =+AA27+AB27-Z27 -> 0 | AE27: =AC27+AD27 -> 0
B28: 1111012 | C28: ชิฟฟ่อนเค้กสอดไส้ นมชมพูฮอกไกโด (6 ชิ้น) | F28: =SUM(D28:E28) -> 0 | I28: =SUM(G28:H28) -> 0 | L28: =SUM(J28:K28) -> 0 | O28: =SUM(M28:N28) -> 0 | R28: =SUM(P28:Q28) -> 0 | U28: =SUM(S28:T28) -> 0 | X28: =SUM(V28:W28) -> 0 | Z28: =+F28+I28+L28+O28+R28+U28+X28+Y28 -> 0 | AC28: =+AA28+AB28-Z28 -> 0 | AE28: =AC28+AD28 -> 0
B29: 1111013 | C29: ชิฟฟ่อนเค้กสอดไส้ ช็อคโกแลตนูเทลล่า (3 ชิ้น) | F29: =SUM(D29:E29) -> 0 | I29: =SUM(G29:H29) -> 0 | L29: =SUM(J29:K29) -> 0 | O29: =SUM(M29:N29) -> 0 | R29: =SUM(P29:Q29) -> 0 | U29: =SUM(S29:T29) -> 0 | X29: =SUM(V29:W29) -> 0 | Z29: =+F29+I29+L29+O29+R29+U29+X29+Y29 -> 0 | AC29: =+AA29+AB29-Z29 -> 0 | AE29: =AC29+AD29 -> 0
B30: 1111014 | C30: ชิฟฟ่อนเค้กสอดไส้ ช็อคโกแลตนูเทลล่า (6 ชิ้น) | F30: =SUM(D30:E30) -> 0 | I30: =SUM(G30:H30) -> 0 | L30: =SUM(J30:K30) -> 0 | O30: =SUM(M30:N30) -> 0 | R30: =SUM(P30:Q30) -> 0 | U30: =SUM(S30:T30) -> 0 | X30: =SUM(V30:W30) -> 0 | Z30: =+F30+I30+L30+O30+R30+U30+X30+Y30 -> 0 | AC30: =+AA30+AB30-Z30 -> 0 | AE30: =AC30+AD30 -> 0
B31: 1111015 | C31: ชิฟฟ่อนเค้กสอดไส้เนย รสมะพร้าว (3 ชิ้น) | F31: =SUM(D31:E31) -> 0 | I31: =SUM(G31:H31) -> 0 | L31: =SUM(J31:K31) -> 0 | O31: =SUM(M31:N31) -> 0 | R31: =SUM(P31:Q31) -> 0 | U31: =SUM(S31:T31) -> 0 | X31: =SUM(V31:W31) -> 0 | Z31: =+F31+I31+L31+O31+R31+U31+X31+Y31 -> 0 | AC31: =+AA31+AB31-Z31 -> 0 | AE31: =AC31+AD31 -> 0
B32: 1111016 | C32: ชิฟฟ่อนเค้กสอดไส้เนย รสมะพร้าว (6 ชิ้น) | F32: =SUM(D32:E32) -> 0 | I32: =SUM(G32:H32) -> 0 | L32: =SUM(J32:K32) -> 0 | O32: =SUM(M32:N32) -> 0 | R32: =SUM(P32:Q32) -> 0 | U32: =SUM(S32:T32) -> 0 | X32: =SUM(V32:W32) -> 0 | Z32: =+F32+I32+L32+O32+R32+U32+X32+Y32 -> 0 | AC32: =+AA32+AB32-Z32 -> 0 | AE32: =AC32+AD32 -> 0
B33: 1111017 | C33: ชิฟฟ่อนเค้กสอดไส้แยม รสบลูเบอร์รี่ (3 ชิ้น) | F33: =SUM(D33:E33) -> 0 | I33: =SUM(G33:H33) -> 0 | L33: =SUM(J33:K33) -> 0 | O33: =SUM(M33:N33) -> 0 | R33: =SUM(P33:Q33) -> 0 | U33: =SUM(S33:T33) -> 0 | X33: =SUM(V33:W33) -> 0 | Z33: =+F33+I33+L33+O33+R33+U33+X33+Y33 -> 0 | AC33: =+AA33+AB33-Z33 -> 0 | AE33: =AC33+AD33 -> 0
B34: 1111018 | C34: ชิฟฟ่อนเค้กสอดไส้แยม รสบลูเบอร์รี่ (6 ชิ้น) | F34: =SUM(D34:E34) -> 0 | I34: =SUM(G34:H34) -> 0 | L34: =SUM(J34:K34) -> 0 | O34: =SUM(M34:N34) -> 0 | R34: =SUM(P34:Q34) -> 0 | U34: =SUM(S34:T34) -> 0 | X34: =SUM(V34:W34) -> 0 | Z34: =+F34+I34+L34+O34+R34+U34+X34+Y34 -> 0 | AC34: =+AA34+AB34-Z34 -> 0 | AE34: =AC34+AD34 -> 0
B35: 1111019 | C35: ชิฟฟ่อนเค้กหน้าฝอยทอง สอดไส้แยมส้ม (3 ชิ้น) | F35: =SUM(D35:E35) -> 0 | I35: =SUM(G35:H35) -> 0 | L35: =SUM(J35:K35) -> 0 | O35: =SUM(M35:N35) -> 0 | R35: =SUM(P35:Q35) -> 0 | U35: =SUM(S35:T35) -> 0 | X35: =SUM(V35:W35) -> 0 | Z35: =+F35+I35+L35+O35+R35+U35+X35+Y35 -> 0 | AC35: =+AA35+AB35-Z35 -> 0 | AE35: =AC35+AD35 -> 0
B36: 1111020 | C36: ชิฟฟ่อนเค้กหน้าฝอยทอง สอดไส้แยมส้ม (6 ชิ้น) | F36: =SUM(D36:E36) -> 0 | I36: =SUM(G36:H36) -> 0 | L36: =SUM(J36:K36) -> 0 | O36: =SUM(M36:N36) -> 0 | R36: =SUM(P36:Q36) -> 0 | U36: =SUM(S36:T36) -> 0 | X36: =SUM(V36:W36) -> 0 | Z36: =+F36+I36+L36+O36+R36+U36+X36+Y36 -> 0 | AC36: =+AA36+AB36-Z36 -> 0 | AE36: =AC36+AD36 -> 0
B37: 1111022 | C37: ชิฟฟ่อนเค้กสอดไส้แยม รสสตรอว์เบอร์รี (3 ชิ้น) | F37: =SUM(D37:E37) -> 0 | I37: =SUM(G37:H37) -> 0 | L37: =SUM(J37:K37) -> 0 | O37: =SUM(M37:N37) -> 0 | R37: =SUM(P37:Q37) -> 0 | U37: =SUM(S37:T37) -> 0 | X37: =SUM(V37:W37) -> 0 | Z37: =+F37+I37+L37+O37+R37+U37+X37+Y37 -> 0 | AC37: =+AA37+AB37-Z37 -> 0 | AE37: =AC37+AD37 -> 0
B38: 1111023 | C38: ชิฟฟ่อนเค้กสอดไส้แยม รสสตรอว์เบอร์รี (6 ชิ้น) | F38: =SUM(D38:E38) -> 0 | I38: =SUM(G38:H38) -> 0 | L38: =SUM(J38:K38) -> 0 | O38: =SUM(M38:N38) -> 0 | R38: =SUM(P38:Q38) -> 0 | U38: =SUM(S38:T38) -> 0 | X38: =SUM(V38:W38) -> 0 | Z38: =+F38+I38+L38+O38+R38+U38+X38+Y38 -> 0 | AC38: =+AA38+AB38-Z38 -> 0 | AE38: =AC38+AD38 -> 0
... B40: 1111025 | C40: ชิฟฟ่อนเค้กสอดไส้แยม รสส้ม (6 ชิ้น) | F40: =SUM(D40:E40) -> 0 | I40: =SUM(G40:H40) -> 0 | L40: =SUM(J40:K40) -> 0 | O40: =SUM(M40:N40) -> 0 | R40: =SUM(P40:Q40) -> 0 | U40: =SUM(S40:T40) -> 0 | X40: =SUM(V40:W40) -> 0 | Z40: =+F40+I40+L40+O40+R40+U40+X40+Y40 -> 0 | AC40: =+AA40+AB40-Z40 -> 0 | AE40: =AC40+AD40 -> 0
B41: 1111056 | C41: ชิฟฟอนรวมรสยอดฮิต 8 ชิ้น | F41: =SUM(D41:E41) -> 0 | G41: 8 | I41: =SUM(G41:H41) -> 8 | J41: 4 | L41: =SUM(J41:K41) -> 4 | O41: =SUM(M41:N41) -> 0 | R41: =SUM(P41:Q41) -> 0 | U41: =SUM(S41:T41) -> 0 | X41: =SUM(V41:W41) -> 0 | Z41: =+F41+I41+L41+O41+R41+U41+X41+Y41 -> 12 | AA41: 10 | AB41: 6 | AC41: =+AA41+AB41-Z41 -> 4 | AE41: =AC41+AD41 -> 4
B42: 1111074 | C42: ชิฟฟอนไส้แยมแยกชิ้น มะพร้าว | F42: =SUM(D42:E42) -> 0 | G42: 8 | I42: =SUM(G42:H42) -> 8 | L42: =SUM(J42:K42) -> 0 | O42: =SUM(M42:N42) -> 0 | R42: =SUM(P42:Q42) -> 0 | U42: =SUM(S42:T42) -> 0 | X42: =SUM(V42:W42) -> 0 | Z42: =+F42+I42+L42+O42+R42+U42+X42+Y42 -> 8 | AC42: =+AA42+AB42-Z42 -> -8 | AE42: =AC42+AD42 -> -8
B43: 1111075 | C43: ชิฟฟอนไส้แยมแยกชิ้น สตอเบอรี่ | F43: =SUM(D43:E43) -> 0 | G43: 8 | I43: =SUM(G43:H43) -> 8 | L43: =SUM(J43:K43) -> 0 | O43: =SUM(M43:N43) -> 0 | R43: =SUM(P43:Q43) -> 0 | U43: =SUM(S43:T43) -> 0 | X43: =SUM(V43:W43) -> 0 | Z43: =+F43+I43+L43+O43+R43+U43+X43+Y43 -> 8 | AC43: =+AA43+AB43-Z43 -> -8 | AE43: =AC43+AD43 -> -8
B44: 1111076 | C44: ชิฟฟอนไส้แยมแยกชิ้น ส้ม | F44: =SUM(D44:E44) -> 0 | G44: 8 | I44: =SUM(G44:H44) -> 8 | L44: =SUM(J44:K44) -> 0 | O44: =SUM(M44:N44) -> 0 | R44: =SUM(P44:Q44) -> 0 | U44: =SUM(S44:T44) -> 0 | X44: =SUM(V44:W44) -> 0 | Z44: =+F44+I44+L44+O44+R44+U44+X44+Y44 -> 8 | AC44: =+AA44+AB44-Z44 -> -8 | AE44: =AC44+AD44 -> -8
B45: 1111077 | C45: ชิฟฟอนไส้แยมแยกชิ้น บลูเบอรี่ | F45: =SUM(D45:E45) -> 0 | G45: 8 | I45: =SUM(G45:H45) -> 8 | L45: =SUM(J45:K45) -> 0 | O45: =SUM(M45:N45) -> 0 | R45: =SUM(P45:Q45) -> 0 | U45: =SUM(S45:T45) -> 0 | X45: =SUM(V45:W45) -> 0 | Z45: =+F45+I45+L45+O45+R45+U45+X45+Y45 -> 8 | AC45: =+AA45+AB45-Z45 -> -8 | AE45: =AC45+AD45 -> -8
B46: 1111078 | C46: ชิฟฟอนไส้แยมแยกชิ้น นมชมพู | F46: =SUM(D46:E46) -> 0 | G46: 8 | I46: =SUM(G46:H46) -> 8 | L46: =SUM(J46:K46) -> 0 | O46: =SUM(M46:N46) -> 0 | R46: =SUM(P46:Q46) -> 0 | U46: =SUM(S46:T46) -> 0 | X46: =SUM(V46:W46) -> 0 | Z46: =+F46+I46+L46+O46+R46+U46+X46+Y46 -> 8 | AC46: =+AA46+AB46-Z46 -> -8 | AE46: =AC46+AD46 -> -8
B47: 1111079 | C47: ชิฟฟอนไส้แยมแยกชิ้น ชอคโกแลต | F47: =SUM(D47:E47) -> 0 | G47: 8 | I47: =SUM(G47:H47) -> 8 | L47: =SUM(J47:K47) -> 0 | O47: =SUM(M47:N47) -> 0 | R47: =SUM(P47:Q47) -> 0 | U47: =SUM(S47:T47) -> 0 | X47: =SUM(V47:W47) -> 0 | Z47: =+F47+I47+L47+O47+R47+U47+X47+Y47 -> 8 | AC47: =+AA47+AB47-Z47 -> -8 | AE47: =AC47+AD47 -> -8
B48: 1111080 | C48: ชิฟฟอนไส้แยมแยกชิ้น ฝอยทอง | F48: =SUM(D48:E48) -> 0 | G48: 8 | I48: =SUM(G48:H48) -> 8 | L48: =SUM(J48:K48) -> 0 | O48: =SUM(M48:N48) -> 0 | R48: =SUM(P48:Q48) -> 0 | U48: =SUM(S48:T48) -> 0 | X48: =SUM(V48:W48) -> 0 | Z48: =+F48+I48+L48+O48+R48+U48+X48+Y48 -> 8 | AC48: =+AA48+AB48-Z48 -> -8 | AE48: =AC48+AD48 -> -8
B49: 1111081 | C49: ชิฟฟอนไส้แยมแยกชิ้น วนิลา | F49: =SUM(D49:E49) -> 0 | G49: 8 | I49: =SUM(G49:H49) -> 8 | L49: =SUM(J49:K49) -> 0 | O49: =SUM(M49:N49) -> 0 | R49: =SUM(P49:Q49) -> 0 | U49: =SUM(S49:T49) -> 0 | X49: =SUM(V49:W49) -> 0 | Z49: =+F49+I49+L49+O49+R49+U49+X49+Y49 -> 8 | AC49: =+AA49+AB49-Z49 -> -8 | AE49: =AC49+AD49 -> -8
B50: 1111082 | C50: ชิฟฟอนไส้แยมแยกชิ้น ใบเตย | F50: =SUM(D50:E50) -> 0 | G50: 8 | I50: =SUM(G50:H50) -> 8 | L50: =SUM(J50:K50) -> 0 | O50: =SUM(M50:N50) -> 0 | R50: =SUM(P50:Q50) -> 0 | U50: =SUM(S50:T50) -> 0 | X50: =SUM(V50:W50) -> 0 | Z50: =+F50+I50+L50+O50+R50+U50+X50+Y50 -> 8 | AC50: =+AA50+AB50-Z50 -> -8 | AE50: =AC50+AD50 -> -8
B51: 1111083 | C51: ชิฟฟอนไส้แยมแยกชิ้น เมล่อน | F51: =SUM(D51:E51) -> 0 | G51: 8 | I51: =SUM(G51:H51) -> 8 | L51: =SUM(J51:K51) -> 0 | O51: =SUM(M51:N51) -> 0 | R51: =SUM(P51:Q51) -> 0 | U51: =SUM(S51:T51) -> 0 | X51: =SUM(V51:W51) -> 0 | Z51: =+F51+I51+L51+O51+R51+U51+X51+Y51 -> 8 | AC51: =+AA51+AB51-Z51 -> -8 | AE51: =AC51+AD51 -> -8
B52: 1112002 | C52: เค้กเบาหวิว รสกาแฟ (300 กรัม) | F52: =SUM(D52:E52) -> 0 | I52: =SUM(G52:H52) -> 0 | L52: =SUM(J52:K52) -> 0 | O52: =SUM(M52:N52) -> 0 | R52: =SUM(P52:Q52) -> 0 | U52: =SUM(S52:T52) -> 0 | X52: =SUM(V52:W52) -> 0 | Z52: =+F52+I52+L52+O52+R52+U52+X52+Y52 -> 0 | AC52: =+AA52+AB52-Z52 -> 0 | AE52: =AC52+AD52 -> 0
B53: 1112003 | C53: เค้กเบาหวิว รสกาแฟ (110 กรัม) | D53: 1 | F53: =SUM(D53:E53) -> 1 | G53: 4 | I53: =SUM(G53:H53) -> 4 | L53: =SUM(J53:K53) -> 0 | M53: 55 | O53: =SUM(M53:N53) -> 55 | R53: =SUM(P53:Q53) -> 0 | U53: =SUM(S53:T53) -> 0 | X53: =SUM(V53:W53) -> 0 | Z53: =+F53+I53+L53+O53+R53+U53+X53+Y53 -> 60 | AA53: 65 | AB53: 20 | AC53: =+AA53+AB53-Z53 -> 25 | AD53: 65 | AE53: =AC53+AD53 -> 90
B54: 1112004 | C54: เค้กเบาหวิว รสเนยนม (300 กรัม) | F54: =SUM(D54:E54) -> 0 | I54: =SUM(G54:H54) -> 0 | L54: =SUM(J54:K54) -> 0 | O54: =SUM(M54:N54) -> 0 | R54: =SUM(P54:Q54) -> 0 | U54: =SUM(S54:T54) -> 0 | X54: =SUM(V54:W54) -> 0 | Z54: =+F54+I54+L54+O54+R54+U54+X54+Y54 -> 0 | AC54: =+AA54+AB54-Z54 -> 0 | AE54: =AC54+AD54 -> 0
B55: 1112005 | C55: เค้กเบาหวิว รสเนยนม (110 กรัม) | D55: 2 | F55: =SUM(D55:E55) -> 2 | G55: 4 | I55: =SUM(G55:H55) -> 4 | L55: =SUM(J55:K55) -> 0 | M55: 55 | O55: =SUM(M55:N55) -> 55 | R55: =SUM(P55:Q55) -> 0 | U55: =SUM(S55:T55) -> 0 | X55: =SUM(V55:W55) -> 0 | Z55: =+F55+I55+L55+O55+R55+U55+X55+Y55 -> 61 | AA55: 65 | AB55: 15 | AC55: =+AA55+AB55-Z55 -> 19 | AD55: 65 | AE55: =AC55+AD55 -> 84
B56: 1112008 | C56: เค้กเบาหวิว รสมะพร้าวน้ำหอม (300 กรัม) | F56: =SUM(D56:E56) -> 0 | I56: =SUM(G56:H56) -> 0 | L56: =SUM(J56:K56) -> 0 | O56: =SUM(M56:N56) -> 0 | R56: =SUM(P56:Q56) -> 0 | U56: =SUM(S56:T56) -> 0 | X56: =SUM(V56:W56) -> 0 | Z56: =+F56+I56+L56+O56+R56+U56+X56+Y56 -> 0 | AC56: =+AA56+AB56-Z56 -> 0 | AE56: =AC56+AD56 -> 0
B57: 1112009 | C57: เค้กเบาหวิว รสมะพร้าวน้ำหอม (110 กรัม) | D57: 3 | F57: =SUM(D57:E57) -> 3 | G57: 4 | I57: =SUM(G57:H57) -> 4 | L57: =SUM(J57:K57) -> 0 | M57: 55 | O57: =SUM(M57:N57) -> 55 | R57: =SUM(P57:Q57) -> 0 | U57: =SUM(S57:T57) -> 0 | X57: =SUM(V57:W57) -> 0 | Z57: =+F57+I57+L57+O57+R57+U57+X57+Y57 -> 62 | AA57: 65 | AB57: 18 | AC57: =+AA57+AB57-Z57 -> 21 | AD57: 65 | AE57: =AC57+AD57 -> 86
B58: 1112010 | C58: เค้กเบาหวิว หน้าฝอยทอง (300 กรัม) | F58: =SUM(D58:E58) -> 0 | I58: =SUM(G58:H58) -> 0 | L58: =SUM(J58:K58) -> 0 | O58: =SUM(M58:N58) -> 0 | R58: =SUM(P58:Q58) -> 0 | U58: =SUM(S58:T58) -> 0 | X58: =SUM(V58:W58) -> 0 | Z58: =+F58+I58+L58+O58+R58+U58+X58+Y58 -> 0 | AC58: =+AA58+AB58-Z58 -> 0 | AE58: =AC58+AD58 -> 0
B59: 1112011 | C59: เค้กเบาหวิว หน้าฝอยทอง (110 กรัม) | D59: 5 | F59: =SUM(D59:E59) -> 5 | G59: 4 | I59: =SUM(G59:H59) -> 4 | J59: 6 | L59: =SUM(J59:K59) -> 6 | M59: 55 | O59: =SUM(M59:N59) -> 55 | R59: =SUM(P59:Q59) -> 0 | U59: =SUM(S59:T59) -> 0 | X59: =SUM(V59:W59) -> 0 | Z59: =+F59+I59+L59+O59+R59+U59+X59+Y59 -> 70 | AA59: 65 | AB59: 16 | AC59: =+AA59+AB59-Z59 -> 11 | AD59: 65 | AE59: =AC59+AD59 -> 76
B60: 1112012 | C60: เค้กเบาหวิว รสเผือกหน้ามะพร้าวเผา (300 กรัม) | F60: =SUM(D60:E60) -> 0 | I60: =SUM(G60:H60) -> 0 | L60: =SUM(J60:K60) -> 0 | O60: =SUM(M60:N60) -> 0 | R60: =SUM(P60:Q60) -> 0 | U60: =SUM(S60:T60) -> 0 | X60: =SUM(V60:W60) -> 0 | Z60: =+F60+I60+L60+O60+R60+U60+X60+Y60 -> 0 | AC60: =+AA60+AB60-Z60 -> 0 | AE60: =AC60+AD60 -> 0
B61: 1112013 | C61: เค้กเบาหวิว รสเผือกหน้ามะพร้าวเผา (110 กรัม) | D61: 4 | F61: =SUM(D61:E61) -> 4 | G61: 3 | I61: =SUM(G61:H61) -> 3 | L61: =SUM(J61:K61) -> 0 | M61: 55 | O61: =SUM(M61:N61) -> 55 | R61: =SUM(P61:Q61) -> 0 | U61: =SUM(S61:T61) -> 0 | X61: =SUM(V61:W61) -> 0 | Z61: =+F61+I61+L61+O61+R61+U61+X61+Y61 -> 62 | AA61: 65 | AB61: 11 | AC61: =+AA61+AB61-Z61 -> 14 | AD61: 65 | AE61: =AC61+AD61 -> 79
B62: 1112014 | C62: เค้กเบาหวิว รสกล้วยหอมหน้ามะพร้าวเผา (300 กรัม) | F62: =SUM(D62:E62) -> 0 | I62: =SUM(G62:H62) -> 0 | L62: =SUM(J62:K62) -> 0 | O62: =SUM(M62:N62) -> 0 | R62: =SUM(P62:Q62) -> 0 | U62: =SUM(S62:T62) -> 0 | X62: =SUM(V62:W62) -> 0 | Z62: =+F62+I62+L62+O62+R62+U62+X62+Y62 -> 0 | AC62: =+AA62+AB62-Z62 -> 0 | AE62: =AC62+AD62 -> 0
B63: 1112015 | C63: เค้กเบาหวิว รสกล้วยหอมหน้ามะพร้าวเผา (110 กรัม) | D63: 1 | F63: =SUM(D63:E63) -> 1 | G63: 3 | I63: =SUM(G63:H63) -> 3 | L63: =SUM(J63:K63) -> 0 | M63: 55 | O63: =SUM(M63:N63) -> 55 | R63: =SUM(P63:Q63) -> 0 | U63: =SUM(S63:T63) -> 0 | X63: =SUM(V63:W63) -> 0 | Z63: =+F63+I63+L63+O63+R63+U63+X63+Y63 -> 59 | AA63: 65 | AB63: 18 | AC63: =+AA63+AB63-Z63 -> 24 | AD63: 65 | AE63: =AC63+AD63 -> 89 | AG63: =SUM(AE53:AE63) -> 504
B64: 1112017 | C64: เค้กเบาหวิว รสตาลหอม (110 กรัม) | F64: =SUM(D64:E64) -> 0 | I64: =SUM(G64:H64) -> 0 | L64: =SUM(J64:K64) -> 0 | O64: =SUM(M64:N64) -> 0 | R64: =SUM(P64:Q64) -> 0 | U64: =SUM(S64:T64) -> 0 | X64: =SUM(V64:W64) -> 0 | Z64: =+F64+I64+L64+O64+R64+U64+X64+Y64 -> 0 | AC64: =+AA64+AB64-Z64 -> 0 | AE64: =AC64+AD64 -> 0
B65: 1100003 | C65: เมอร์แรงค์ (กระปุก) | F65: =SUM(D65:E65) -> 0 | I65: =SUM(G65:H65) -> 0 | L65: =SUM(J65:K65) -> 0 | O65: =SUM(M65:N65) -> 0 | R65: =SUM(P65:Q65) -> 0 | U65: =SUM(S65:T65) -> 0 | X65: =SUM(V65:W65) -> 0 | Z65: =+F65+I65+L65+O65+R65+U65+X65+Y65 -> 0 | AC65: =+AA65+AB65-Z65 -> 0 | AE65: =AC65+AD65 -> 0
B66: 20039042 | C66: ขนมปังเนยนิ่ม 3 ชิ้น | F66: =SUM(D66:E66) -> 0 | I66: =SUM(G66:H66) -> 0 | L66: =SUM(J66:K66) -> 0 | O66: =SUM(M66:N66) -> 0 | R66: =SUM(P66:Q66) -> 0 | U66: =SUM(S66:T66) -> 0 | X66: =SUM(V66:W66) -> 0 | Z66: =+F66+I66+L66+O66+R66+U66+X66+Y66 -> 0 | AC66: =+AA66+AB66-Z66 -> 0 | AE66: =AC66+AD66 -> 0
B67: 1114501 | C67: ครีมฮอร์นวนิลา เนยสด | F67: =SUM(D67:E67) -> 0 | G67: 3 | I67: =SUM(G67:H67) -> 3 | J67: 4 | L67: =SUM(J67:K67) -> 4 | M67: 107 | O67: =SUM(M67:N67) -> 107 | R67: =SUM(P67:Q67) -> 0 | U67: =SUM(S67:T67) -> 0 | X67: =SUM(V67:W67) -> 0 | Z67: =+F67+I67+L67+O67+R67+U67+X67+Y67 -> 114 | AA67: 3 | AB67: 125 | AC67: =+AA67+AB67-Z67 -> 14 | AD67: 350 | AE67: =AC67+AD67 -> 364
B68: 1114502 | C68: ครีมฮอร์นใบเตย เนยสด | F68: =SUM(D68:E68) -> 0 | I68: =SUM(G68:H68) -> 0 | J68: 2 | L68: =SUM(J68:K68) -> 2 | M68: 107 | O68: =SUM(M68:N68) -> 107 | R68: =SUM(P68:Q68) -> 0 | U68: =SUM(S68:T68) -> 0 | X68: =SUM(V68:W68) -> 0 | Z68: =+F68+I68+L68+O68+R68+U68+X68+Y68 -> 109 | AB68: 102 | AC68: =+AA68+AB68-Z68 -> -7 | AD68: 300 | AE68: =AC68+AD68 -> 293
B69: 1114503 | C69: ครีมฮอร์นช็อคโกแลต เนยสด | F69: =SUM(D69:E69) -> 0 | I69: =SUM(G69:H69) -> 0 | J69: 6 | L69: =SUM(J69:K69) -> 6 | M69: 110 | O69: =SUM(M69:N69) -> 110 | R69: =SUM(P69:Q69) -> 0 | U69: =SUM(S69:T69) -> 0 | X69: =SUM(V69:W69) -> 0 | Z69: =+F69+I69+L69+O69+R69+U69+X69+Y69 -> 116 | AA69: 11 | AB69: 100 | AC69: =+AA69+AB69-Z69 -> -5 | AD69: 300 | AE69: =AC69+AD69 -> 295
B70: 1124021 | C70: ขนมปังแถว 430 g | F70: =SUM(D70:E70) -> 0 | G70: 11 | I70: =SUM(G70:H70) -> 11 | J70: 30 | L70: =SUM(J70:K70) -> 30 | M70: 30 | O70: =SUM(M70:N70) -> 30 | R70: =SUM(P70:Q70) -> 0 | U70: =SUM(S70:T70) -> 0 | X70: =SUM(V70:W70) -> 0 | Z70: =+F70+I70+L70+O70+R70+U70+X70+Y70 -> 71 | AA70: 50 | AC70: =+AA70+AB70-Z70 -> -21 | AD70: 30 | AE70: =AC70+AD70 -> 9
B71: 1005761 | C71: ขนมปังกรอบคาราเมล | F71: =SUM(D71:E71) -> 0 | I71: =SUM(G71:H71) -> 0 | L71: =SUM(J71:K71) -> 0 | O71: =SUM(M71:N71) -> 0 | R71: =SUM(P71:Q71) -> 0 | U71: =SUM(S71:T71) -> 0 | X71: =SUM(V71:W71) -> 0 | Z71: =+F71+I71+L71+O71+R71+U71+X71+Y71 -> 0 | AC71: =+AA71+AB71-Z71 -> 0 | AE71: =AC71+AD71 -> 0
B72: 1100001 | C72: พายสัปปะรด (1 ชิ้น) | F72: =SUM(D72:E72) -> 0 | I72: =SUM(G72:H72) -> 0 | L72: =SUM(J72:K72) -> 0 | O72: =SUM(M72:N72) -> 0 | R72: =SUM(P72:Q72) -> 0 | U72: =SUM(S72:T72) -> 0 | X72: =SUM(V72:W72) -> 0 | Z72: =+F72+I72+L72+O72+R72+U72+X72+Y72 -> 0 | AC72: =+AA72+AB72-Z72 -> 0 | AE72: =AC72+AD72 -> 0
B73: 1100002 | C73: พายสัปปะรด (1 กล่อง) | F73: =SUM(D73:E73) -> 0 | I73: =SUM(G73:H73) -> 0 | L73: =SUM(J73:K73) -> 0 | O73: =SUM(M73:N73) -> 0 | R73: =SUM(P73:Q73) -> 0 | U73: =SUM(S73:T73) -> 0 | X73: =SUM(V73:W73) -> 0 | Z73: =+F73+I73+L73+O73+R73+U73+X73+Y73 -> 0 | AC73: =+AA73+AB73-Z73 -> 0 | AE73: =AC73+AD73 -> 0
B74: 20052721 | C74: วรรณวนัชแซนวิซโบราณ 70g | F74: =SUM(D74:E74) -> 0 | I74: =SUM(G74:H74) -> 0 | L74: =SUM(J74:K74) -> 0 | O74: =SUM(M74:N74) -> 0 | R74: =SUM(P74:Q74) -> 0 | U74: =SUM(S74:T74) -> 0 | X74: =SUM(V74:W74) -> 0 | Z74: =+F74+I74+L74+O74+R74+U74+X74+Y74 -> 0 | AC74: =+AA74+AB74-Z74 -> 0 | AE74: =AC74+AD74 -> 0
B75: 1113170 | C75: ขนมเปี๊ยะถั่วฝอยทองไข่เค็ม 450 กรัม | D75: 60 | F75: =SUM(D75:E75) -> 60 | G75: 1 | I75: =SUM(G75:H75) -> 1 | J75: 8 | L75: =SUM(J75:K75) -> 8 | M75: 11 | O75: =SUM(M75:N75) -> 11 | R75: =SUM(P75:Q75) -> 0 | U75: =SUM(S75:T75) -> 0 | X75: =SUM(V75:W75) -> 0 | Y75: 9 | Z75: =+F75+I75+L75+O75+R75+U75+X75+Y75 -> 89 | AA75: 70 | AB75: 2 | AC75: =+AA75+AB75-Z75 -> -17 | AD75: 50 | AE75: =AC75+AD75 -> 33
B76: 1113171 | C76: ขนมเปี๊ยะฟักถั่วไข่เค็ม 450 กรัม | D76: 20 | F76: =SUM(D76:E76) -> 20 | G76: 1 | I76: =SUM(G76:H76) -> 1 | J76: 2 | L76: =SUM(J76:K76) -> 2 | M76: 5 | O76: =SUM(M76:N76) -> 5 | R76: =SUM(P76:Q76) -> 0 | U76: =SUM(S76:T76) -> 0 | X76: =SUM(V76:W76) -> 0 | Y76: 19 | Z76: =+F76+I76+L76+O76+R76+U76+X76+Y76 -> 47 | AA76: 50 | AB76: 9 | AC76: =+AA76+AB76-Z76 -> 12 | AE76: =AC76+AD76 -> 12
B77: 1113172 | C77: ขนมเปี๊ยะเผือกฝอยทองไข่เค็ม 450 กรัม | D77: 2 | F77: =SUM(D77:E77) -> 2 | I77: =SUM(G77:H77) -> 0 | L77: =SUM(J77:K77) -> 0 | M77: 5 | O77: =SUM(M77:N77) -> 5 | R77: =SUM(P77:Q77) -> 0 | U77: =SUM(S77:T77) -> 0 | X77: =SUM(V77:W77) -> 0 | Z77: =+F77+I77+L77+O77+R77+U77+X77+Y77 -> 7 | AA77: 50 | AC77: =+AA77+AB77-Z77 -> 43 | AE77: =AC77+AD77 -> 43
B78: 1113173 | C78: ขนมเปี๊ยะงาดำฝอยทองไข่เค็ม 450 กรัม | D78: 14 | F78: =SUM(D78:E78) -> 14 | G78: 1 | I78: =SUM(G78:H78) -> 1 | J78: 1 | L78: =SUM(J78:K78) -> 1 | M78: 5 | O78: =SUM(M78:N78) -> 5 | R78: =SUM(P78:Q78) -> 0 | U78: =SUM(S78:T78) -> 0 | X78: =SUM(V78:W78) -> 0 | Y78: 8 | Z78: =+F78+I78+L78+O78+R78+U78+X78+Y78 -> 29 | AA78: 50 | AB78: 4 | AC78: =+AA78+AB78-Z78 -> 25 | AE78: =AC78+AD78 -> 25
B79: 1200001 | C79: คอร์นเฟล็ค | F79: =SUM(D79:E79) -> 0 | I79: =SUM(G79:H79) -> 0 | L79: =SUM(J79:K79) -> 0 | O79: =SUM(M79:N79) -> 0 | R79: =SUM(P79:Q79) -> 0 | U79: =SUM(S79:T79) -> 0 | X79: =SUM(V79:W79) -> 0 | Z79: =+F79+I79+L79+O79+R79+U79+X79+Y79 -> 0 | AC79: =+AA79+AB79-Z79 -> 0 | AE79: =AC79+AD79 -> 0
B80: 1200002 | C80: ท๊อฟฟี่ถั่ว (กล่อง) | F80: =SUM(D80:E80) -> 0 | I80: =SUM(G80:H80) -> 0 | L80: =SUM(J80:K80) -> 0 | O80: =SUM(M80:N80) -> 0 | R80: =SUM(P80:Q80) -> 0 | U80: =SUM(S80:T80) -> 0 | X80: =SUM(V80:W80) -> 0 | Z80: =+F80+I80+L80+O80+R80+U80+X80+Y80 -> 0 | AC80: =+AA80+AB80-Z80 -> 0 | AE80: =AC80+AD80 -> 0
B81: 20054646 | C81: ปังพิซซ่า | F81: =SUM(D81:E81) -> 0 | I81: =SUM(G81:H81) -> 0 | L81: =SUM(J81:K81) -> 0 | O81: =SUM(M81:N81) -> 0 | R81: =SUM(P81:Q81) -> 0 | U81: =SUM(S81:T81) -> 0 | X81: =SUM(V81:W81) -> 0 | Z81: =+F81+I81+L81+O81+R81+U81+X81+Y81 -> 0 | AC81: =+AA81+AB81-Z81 -> 0 | AE81: =AC81+AD81 -> 0
B82: 300 | C82: เศษขนมปังปลา 5กก. | F82: =SUM(D82:E82) -> 0 | G82: 1 | I82: =SUM(G82:H82) -> 1 | J82: 3 | L82: =SUM(J82:K82) -> 3 | O82: =SUM(M82:N82) -> 0 | R82: =SUM(P82:Q82) -> 0 | U82: =SUM(S82:T82) -> 0 | X82: =SUM(V82:W82) -> 0 | Z82: =+F82+I82+L82+O82+R82+U82+X82+Y82 -> 4 | AC82: =+AA82+AB82-Z82 -> -4 | AE82: =AC82+AD82 -> -4
B83: 200 | C83: เศษขนมปังปลา 1 กก. | F83: =SUM(D83:E83) -> 0 | G83: 8 | I83: =SUM(G83:H83) -> 8 | L83: =SUM(J83:K83) -> 0 | O83: =SUM(M83:N83) -> 0 | R83: =SUM(P83:Q83) -> 0 | U83: =SUM(S83:T83) -> 0 | X83: =SUM(V83:W83) -> 0 | Z83: =+F83+I83+L83+O83+R83+U83+X83+Y83 -> 8 | AC83: =+AA83+AB83-Z83 -> -8 | AE83: =AC83+AD83 -> -8
B84: 1111087 | C84: ชิฟฟอน 8 ชิ้น สตอเบอรี่ล้วน | F84: =SUM(D84:E84) -> 0 | I84: =SUM(G84:H84) -> 0 | L84: =SUM(J84:K84) -> 0 | O84: =SUM(M84:N84) -> 0 | R84: =SUM(P84:Q84) -> 0 | U84: =SUM(S84:T84) -> 0 | X84: =SUM(V84:W84) -> 0 | Z84: =+F84+I84+L84+O84+R84+U84+X84+Y84 -> 0 | AC84: =+AA84+AB84-Z84 -> 0 | AE84: =AC84+AD84 -> 0
C85: ชิฟฟอน 4 ชิ้น มะพร้าวล้วน | F85: =SUM(D85:E85) -> 0 | I85: =SUM(G85:H85) -> 0 | L85: =SUM(J85:K85) -> 0 | O85: =SUM(M85:N85) -> 0 | R85: =SUM(P85:Q85) -> 0 | U85: =SUM(S85:T85) -> 0 | X85: =SUM(V85:W85) -> 0 | Z85: =+F85+I85+L85+O85+R85+U85+X85+Y85 -> 0 | AC85: =+AA85+AB85-Z85 -> 0 | AE85: =AC85+AD85 -> 0
C86: ชิฟฟอน 4 ชิ้น กาแฟล้วน | F86: =SUM(D86:E86) -> 0 | I86: =SUM(G86:H86) -> 0 | L86: =SUM(J86:K86) -> 0 | O86: =SUM(M86:N86) -> 0 | R86: =SUM(P86:Q86) -> 0 | U86: =SUM(S86:T86) -> 0 | X86: =SUM(V86:W86) -> 0 | Z86: =+F86+I86+L86+O86+R86+U86+X86+Y86 -> 0 | AC86: =+AA86+AB86-Z86 -> 0 | AE86: =AC86+AD86 -> 0
C87: ชิฟฟอน 4 ชิ้น ชาเขียวล้วน | F87: =SUM(D87:E87) -> 0 | I87: =SUM(G87:H87) -> 0 | L87: =SUM(J87:K87) -> 0 | O87: =SUM(M87:N87) -> 0 | R87: =SUM(P87:Q87) -> 0 | U87: =SUM(S87:T87) -> 0 | X87: =SUM(V87:W87) -> 0 | Z87: =+F87+I87+L87+O87+R87+U87+X87+Y87 -> 0 | AC87: =+AA87+AB87-Z87 -> 0 | AE87: =AC87+AD87 -> 0
C88: ชิฟฟอน 4 ชิ้น ใบเตยล้วน | F88: =SUM(D88:E88) -> 0 | I88: =SUM(G88:H88) -> 0 | L88: =SUM(J88:K88) -> 0 | O88: =SUM(M88:N88) -> 0 | R88: =SUM(P88:Q88) -> 0 | U88: =SUM(S88:T88) -> 0 | X88: =SUM(V88:W88) -> 0 | Z88: =+F88+I88+L88+O88+R88+U88+X88+Y88 -> 0 | AC88: =+AA88+AB88-Z88 -> 0 | AE88: =AC88+AD88 -> 0
B89: 1111092 | C89: ชิฟฟอน 8 ชิ้น กล้วยหอม | F89: =SUM(D89:E89) -> 0 | I89: =SUM(G89:H89) -> 0 | L89: =SUM(J89:K89) -> 0 | O89: =SUM(M89:N89) -> 0 | R89: =SUM(P89:Q89) -> 0 | U89: =SUM(S89:T89) -> 0 | X89: =SUM(V89:W89) -> 0 | Z89: =+F89+I89+L89+O89+R89+U89+X89+Y89 -> 0 | AC89: =+AA89+AB89-Z89 -> 0 | AE89: =AC89+AD89 -> 0
B90: 1111093 | C90: ชิฟฟอน 8 ชิ้น โกโก้ล้วน | F90: =SUM(D90:E90) -> 0 | I90: =SUM(G90:H90) -> 0 | L90: =SUM(J90:K90) -> 0 | O90: =SUM(M90:N90) -> 0 | R90: =SUM(P90:Q90) -> 0 | U90: =SUM(S90:T90) -> 0 | X90: =SUM(V90:W90) -> 0 | Z90: =+F90+I90+L90+O90+R90+U90+X90+Y90 -> 0 | AC90: =+AA90+AB90-Z90 -> 0 | AE90: =AC90+AD90 -> 0
B91: 1111088 | C91: ชิฟฟอน 8 ชิ้น ส้มล้วน | F91: =SUM(D91:E91) -> 0 | I91: =SUM(G91:H91) -> 0 | L91: =SUM(J91:K91) -> 0 | O91: =SUM(M91:N91) -> 0 | R91: =SUM(P91:Q91) -> 0 | U91: =SUM(S91:T91) -> 0 | X91: =SUM(V91:W91) -> 0 | Z91: =+F91+I91+L91+O91+R91+U91+X91+Y91 -> 0 | AC91: =+AA91+AB91-Z91 -> 0 | AE91: =AC91+AD91 -> 0
B92: 1111089 | C92: ชิฟฟอน 8 ชิ้น เนยล้วน | F92: =SUM(D92:E92) -> 0 | I92: =SUM(G92:H92) -> 0 | L92: =SUM(J92:K92) -> 0 | O92: =SUM(M92:N92) -> 0 | R92: =SUM(P92:Q92) -> 0 | U92: =SUM(S92:T92) -> 0 | X92: =SUM(V92:W92) -> 0 | Z92: =+F92+I92+L92+O92+R92+U92+X92+Y92 -> 0 | AC92: =+AA92+AB92-Z92 -> 0 | AE92: =AC92+AD92 -> 0
B93: 1111094 | C93: ชิฟฟอน 8 ชิ้น ชาไทยล้วน | F93: =SUM(D93:E93) -> 0 | I93: =SUM(G93:H93) -> 0 | L93: =SUM(J93:K93) -> 0 | O93: =SUM(M93:N93) -> 0 | R93: =SUM(P93:Q93) -> 0 | U93: =SUM(S93:T93) -> 0 | X93: =SUM(V93:W93) -> 0 | Z93: =+F93+I93+L93+O93+R93+U93+X93+Y93 -> 0 | AC93: =+AA93+AB93-Z93 -> 0 | AE93: =AC93+AD93 -> 0
B94: 1111095 | C94: ชิฟฟอน 8 ชิ้น ชาเขียวล้วน | F94: =SUM(D94:E94) -> 0 | I94: =SUM(G94:H94) -> 0 | L94: =SUM(J94:K94) -> 0 | O94: =SUM(M94:N94) -> 0 | R94: =SUM(P94:Q94) -> 0 | U94: =SUM(S94:T94) -> 0 | X94: =SUM(V94:W94) -> 0 | Z94: =+F94+I94+L94+O94+R94+U94+X94+Y94 -> 0 | AC94: =+AA94+AB94-Z94 -> 0 | AE94: =AC94+AD94 -> 0
B95: 1111091 | C95: ชิฟฟอน 8 ชิ้น ใบเตยล้วน | F95: =SUM(D95:E95) -> 0 | I95: =SUM(G95:H95) -> 0 | L95: =SUM(J95:K95) -> 0 | O95: =SUM(M95:N95) -> 0 | R95: =SUM(P95:Q95) -> 0 | U95: =SUM(S95:T95) -> 0 | X95: =SUM(V95:W95) -> 0 | Z95: =+F95+I95+L95+O95+R95+U95+X95+Y95 -> 0 | AC95: =+AA95+AB95-Z95 -> 0 | AE95: =AC95+AD95 -> 0
B96: 1111086 | C96: ชิฟฟอน 8 ชิ้น มะพร้าวล้วน | F96: =SUM(D96:E96) -> 0 | I96: =SUM(G96:H96) -> 0 | L96: =SUM(J96:K96) -> 0 | O96: =SUM(M96:N96) -> 0 | R96: =SUM(P96:Q96) -> 0 | U96: =SUM(S96:T96) -> 0 | X96: =SUM(V96:W96) -> 0 | Z96: =+F96+I96+L96+O96+R96+U96+X96+Y96 -> 0 | AC96: =+AA96+AB96-Z96 -> 0 | AE96: =AC96+AD96 -> 0
B97: 20059548 | C97: มินบันไก่หยอง | F97: =SUM(D97:E97) -> 0 | I97: =SUM(G97:H97) -> 0 | L97: =SUM(J97:K97) -> 0 | O97: =SUM(M97:N97) -> 0 | R97: =SUM(P97:Q97) -> 0 | U97: =SUM(S97:T97) -> 0 | X97: =SUM(V97:W97) -> 0 | Z97: =+F97+I97+L97+O97+R97+U97+X97+Y97 -> 0 | AC97: =+AA97+AB97-Z97 -> 0 | AE97: =AC97+AD97 -> 0
B98: 1100044 | C98: หมี่กรอบโบราณ | F98: =SUM(D98:E98) -> 0 | I98: =SUM(G98:H98) -> 0 | L98: =SUM(J98:K98) -> 0 | O98: =SUM(M98:N98) -> 0 | R98: =SUM(P98:Q98) -> 0 | U98: =SUM(S98:T98) -> 0 | X98: =SUM(V98:W98) -> 0 | Z98: =+F98+I98+L98+O98+R98+U98+X98+Y98 -> 0 | AC98: =+AA98+AB98-Z98 -> 0 | AE98: =AC98+AD98 -> 0
B99: 1100045 | C99: ชิฟฟ่อนขนุน | F99: =SUM(D99:E99) -> 0 | I99: =SUM(G99:H99) -> 0 | L99: =SUM(J99:K99) -> 0 | O99: =SUM(M99:N99) -> 0 | R99: =SUM(P99:Q99) -> 0 | U99: =SUM(S99:T99) -> 0 | X99: =SUM(V99:W99) -> 0 | Z99: =+F99+I99+L99+O99+R99+U99+X99+Y99 -> 0 | AC99: =+AA99+AB99-Z99 -> 0 | AE99: =AC99+AD99 -> 0
B100: 1004062 | C100: เค้กลาวา ฝอยทองทูโทน (เล็ก) | F100: =SUM(D100:E100) -> 0 | I100: =SUM(G100:H100) -> 0 | L100: =SUM(J100:K100) -> 0 | O100: =SUM(M100:N100) -> 0 | R100: =SUM(P100:Q100) -> 0 | U100: =SUM(S100:T100) -> 0 | X100: =SUM(V100:W100) -> 0 | Y100: 20 | Z100: =+F100+I100+L100+O100+R100+U100+X100+Y100 -> 20 | AC100: =+AA100+AB100-Z100 -> -20 | AE100: =AC100+AD100 -> -20
B101: 1004051 | C101: ขนมปังสังขยา 6 ชิ้น | F101: =SUM(D101:E101) -> 0 | I101: =SUM(G101:H101) -> 0 | L101: =SUM(J101:K101) -> 0 | O101: =SUM(M101:N101) -> 0 | R101: =SUM(P101:Q101) -> 0 | U101: =SUM(S101:T101) -> 0 | X101: =SUM(V101:W101) -> 0 | Y101: 21 | Z101: =+F101+I101+L101+O101+R101+U101+X101+Y101 -> 21 | AC101: =+AA101+AB101-Z101 -> -21 | AE101: =AC101+AD101 -> -21
...

Sheet 03.09.68
B1: ยอดจริง ออนไลน์ วันที่ 03/09/2568
B2: รหัสสินค้า | C2: สินค้า | D2: ปณ | G2: ชอปปี้ | J2: ลาซาด้า | M2: ติ๊กตอก | P2: ติ๊กตอก2 | S2: ติ๊กตอก3 | V2: ชอยส์ | Y2: ยอดเส้น | Z2: ยอดรวมผลิต(กล่อง) | AA2: ยอดForcast | AB2: ยอดStock | AC2: ยอดMemo | AD2: ยอดForcastวันพรุ่งนี้ | AE2: สินค้าที่ขายได้
D3: เช้า | E3: บ่าย | F3: รวม | G3: เช้า | H3: บ่าย | I3: รวม | J3: เช้า | K3: บ่าย | L3: รวม | M3: เช้า | N3: บ่าย | O3: รวม | P3: เช้า | Q3: บ่าย | R3: รวม | S3: เช้า | T3: บ่าย | U3: รวม | V3: เช้า | W3: บ่าย | X3: รวม
B4: 1004055 | C4: ชิฟฟ่อนเค้ก วรรณวนัช (รวมรส 4 ชิ้น) | D4: 10 | F4: =SUM(D4:E4) -> 10 | G4: 5 | I4: =SUM(G4:H4) -> 5 | L4: =SUM(J4:K4) -> 0 | M4: 96 | O4: =SUM(M4:N4) -> 96 | R4: =SUM(P4:Q4) -> 0 | U4: =SUM(S4:T4) -> 0 | X4: =SUM(V4:W4) -> 0 | Y4: 5 | Z4: =+F4+I4+L4+O4+R4+U4+X4+Y4 -> 116 | AA4: 100 | AB4: 1 | AC4: =+AA4+AB4-Z4 -> -15 | AD4: 100 | AE4: =AC4+AD4 -> 85
B5: 1111002 | C5: ชิฟฟ่อนเค้ก วรรณวนัช (รวมรส 8 ชิ้น) | D5: 5 | F5: =SUM(D5:E5) -> 5 | G5: 58 | I5: =SUM(G5:H5) -> 58 | J5: 28 | L5: =SUM(J5:K5) -> 28 | M5: 3 | O5: =SUM(M5:N5) -> 3 | R5: =SUM(P5:Q5) -> 0 | U5: =SUM(S5:T5) -> 0 | X5: =SUM(V5:W5) -> 0 | Y5: 10 | Z5: =+F5+I5+L5+O5+R5+U5+X5+Y5 -> 104 | AA5: 90 | AB5: 19 | AC5: =+AA5+AB5-Z5 -> 5 | AD5: 80 | AE5: =AC5+AD5 -> 85
B6: 1111055 | C6: วรรณวนัช ชิฟฟ่อนรวมรส 8 ชิ้น | F6: =SUM(D6:E6) -> 0 | I6: =SUM(G6:H6) -> 0 | L6: =SUM(J6:K6) -> 0 | O6: =SUM(M6:N6) -> 0 | R6: =SUM(P6:Q6) -> 0 | U6: =SUM(S6:T6) -> 0 | X6: =SUM(V6:W6) -> 0 | Z6: =+F6+I6+L6+O6+R6+U6+X6+Y6 -> 0 | AC6: =+AA6+AB6-Z6 -> 0 | AE6: =AC6+AD6 -> 0
B7: 1111084 | C7: ชิฟฟ่อนเค้ก รสกาแฟ (8 ชิ้น) | F7: =SUM(D7:E7) -> 0 | I7: =SUM(G7:H7) -> 0 | L7: =SUM(J7:K7) -> 0 | O7: =SUM(M7:N7) -> 0 | R7: =SUM(P7:Q7) -> 0 | U7: =SUM(S7:T7) -> 0 | X7: =SUM(V7:W7) -> 0 | Z7: =+F7+I7+L7+O7+R7+U7+X7+Y7 -> 0 | AC7: =+AA7+AB7-Z7 -> 0 | AE7: =AC7+AD7 -> 0
B8: 1111043 | C8: ชิฟฟอนรสมะลิ 8 ชิ้น ห่อ ซีน | F8: =SUM(D8:E8) -> 0 | I8: =SUM(G8:H8) -> 0 | L8: =SUM(J8:K8) -> 0 | O8: =SUM(M8:N8) -> 0 | R8: =SUM(P8:Q8) -> 0 | U8: =SUM(S8:T8) -> 0 | X8: =SUM(V8:W8) -> 0 | Z8: =+F8+I8+L8+O8+R8+U8+X8+Y8 -> 0 | AC8: =+AA8+AB8-Z8 -> 0 | AE8: =AC8+AD8 -> 0
B9: 1111057 | C9: ชิฟฟอนแยกชิ้น กาแฟ | D9: 4 | F9: =SUM(D9:E9) -> 4 | G9: 5 | I9: =SUM(G9:H9) -> 5 | L9: =SUM(J9:K9) -> 0 | O9: =SUM(M9:N9) -> 0 | R9: =SUM(P9:Q9) -> 0 | U9: =SUM(S9:T9) -> 0 | X9: =SUM(V9:W9) -> 0 | Z9: =+F9+I9+L9+O9+R9+U9+X9+Y9 -> 9 | AA9: 5 | AC9: =+AA9+AB9-Z9 -> -4 | AE9: =AC9+AD9 -> -4
B10: 1111058 | C10: ชิฟฟอนแยกชิ้น มะลิ | D10: 4 | F10: =SUM(D10:E10) -> 4 | G10: 5 | I10: =SUM(G10:H10) -> 5 | L10: =SUM(J10:K10) -> 0 | O10: =SUM(M10:N10) -> 0 | R10: =SUM(P10:Q10) -> 0 | U10: =SUM(S10:T10) -> 0 | X10: =SUM(V10:W10) -> 0 | Y10: 25 | Z10: =+F10+I10+L10+O10+R10+U10+X10+Y10 -> 34 | AA10: 5 | AC10: =+AA10+AB10-Z10 -> -29 | AE10: =AC10+AD10 -> -29
B11: 1111059 | C11: ชิฟฟอนแยกชิ้น ใบเตย | D11: 4 | F11: =SUM(D11:E11) -> 4 | G11: 5 | I11: =SUM(G11:H11) -> 5 | L11: =SUM(J11:K11) -> 0 | O11: =SUM(M11:N11) -> 0 | R11: =SUM(P11:Q11) -> 0 | U11: =SUM(S11:T11) -> 0 | X11: =SUM(V11:W11) -> 0 | Y11: 25 | Z11: =+F11+I11+L11+O11+R11+U11+X11+Y11 -> 34 | AA11: 5 | AC11: =+AA11+AB11-Z11 -> -29 | AE11: =AC11+AD11 -> -29
B12: 1111060 | C12: ชิฟฟอนแยกชิ้น กล้วยหอม | D12: 4 | F12: =SUM(D12:E12) -> 4 | G12: 5 | I12: =SUM(G12:H12) -> 5 | L12: =SUM(J12:K12) -> 0 | O12: =SUM(M12:N12) -> 0 | R12: =SUM(P12:Q12) -> 0 | U12: =SUM(S12:T12) -> 0 | X12: =SUM(V12:W12) -> 0 | Y12: 25 | Z12: =+F12+I12+L12+O12+R12+U12+X12+Y12 -> 34 | AA12: 5 | AC12: =+AA12+AB12-Z12 -> -29 | AE12: =AC12+AD12 -> -29
B13: 1111061 | C13: ชิฟฟอนแยกชิ้น ชาไทย | D13: 4 | F13: =SUM(D13:E13) -> 4 | G13: 5 | I13: =SUM(G13:H13) -> 5 | L13: =SUM(J13:K13) -> 0 | O13: =SUM(M13:N13) -> 0 | R13: =SUM(P13:Q13) -> 0 | U13: =SUM(S13:T13) -> 0 | X13: =SUM(V13:W13) -> 0 | Y13: 25 | Z13: =+F13+I13+L13+O13+R13+U13+X13+Y13 -> 34 | AA13: 5 | AC13: =+AA13+AB13-Z13 -> -29 | AE13: =AC13+AD13 -> -29
B14: 1111062 | C14: ชิฟฟอนแยกชิ้น โกโก้ | D14: 4 | F14: =SUM(D14:E14) -> 4 | G14: 5 | I14: =SUM(G14:H14) -> 5 | L14: =SUM(J14:K14) -> 0 | O14: =SUM(M14:N14) -> 0 | R14: =SUM(P14:Q14) -> 0 | U14: =SUM(S14:T14) -> 0 | X14: =SUM(V14:W14) -> 0 | Y14: 25 | Z14: =+F14+I14+L14+O14+R14+U14+X14+Y14 -> 34 | AA14: 5 | AC14: =+AA14+AB14-Z14 -> -29 | AE14: =AC14+AD14 -> -29
B15: 1111063 | C15: ชิฟฟอนแยกชิ้น ส้ม | D15: 4 | F15: =SUM(D15:E15) -> 4 | G15: 5 | I15: =SUM(G15:H15) -> 5 | L15: =SUM(J15:K15) -> 0 | O15: =SUM(M15:N15) -> 0 | R15: =SUM(P15:Q15) -> 0 | U15: =SUM(S15:T15) -> 0 | X15: =SUM(V15:W15) -> 0 | Y15: 25 | Z15: =+F15+I15+L15+O15+R15+U15+X15+Y15 -> 34 | AA15: 5 | AC15: =+AA15+AB15-Z15 -> -29 | AE15: =AC15+AD15 -> -29
B16: 1111064 | C16: ชิฟฟอนแยกชิ้น เผือก | D16: 4 | F16: =SUM(D16:E16) -> 4 | G16: 5 | I16: =SUM(G16:H16) -> 5 | L16: =SUM(J16:K16) -> 0 | O16: =SUM(M16:N16) -> 0 | R16: =SUM(P16:Q16) -> 0 | U16: =SUM(S16:T16) -> 0 | X16: =SUM(V16:W16) -> 0 | Y16: 25 | Z16: =+F16+I16+L16+O16+R16+U16+X16+Y16 -> 34 | AA16: 5 | AC16: =+AA16+AB16-Z16 -> -29 | AE16: =AC16+AD16 -> -29
B17: 1111065 | C17: ชิฟฟอนแยกชิ้น สับปะรด | D17: 4 | F17: =SUM(D17:E17) -> 4 | G17: 5 | I17: =SUM(G17:H17) -> 5 | L17: =SUM(J17:K17) -> 0 | O17: =SUM(M17:N17) -> 0 | R17: =SUM(P17:Q17) -> 0 | U17: =SUM(S17:T17) -> 0 | X17: =SUM(V17:W17) -> 0 | Y17: 25 | Z17: =+F17+I17+L17+O17+R17+U17+X17+Y17 -> 34 | AC17: =+AA17+AB17-Z17 -> -34 | AE17: =AC17+AD17 -> -34
B18: 1111066 | C18: ชิฟฟอนแยกชิ้น สตอเบอรี่ | D18: 4 | F18: =SUM(D18:E18) -> 4 | G18: 5 | I18: =SUM(G18:H18) -> 5 | L18: =SUM(J18:K18) -> 0 | O18: =SUM(M18:N18) -> 0 | R18: =SUM(P18:Q18) -> 0 | U18: =SUM(S18:T18) -> 0 | X18: =SUM(V18:W18) -> 0 | Y18: 25 | Z18: =+F18+I18+L18+O18+R18+U18+X18+Y18 -> 34 | AC18: =+AA18+AB18-Z18 -> -34 | AE18: =AC18+AD18 -> -34
B19: 1111067 | C19: ชิฟฟอนแยกชิ้น มะพร้าว | D19: 4 | E19: 1 | F19: =SUM(D19:E19) -> 5 | G19: 5 | I19: =SUM(G19:H19) -> 5 | L19: =SUM(J19:K19) -> 0 | O19: =SUM(M19:N19) -> 0 | R19: =SUM(P19:Q19) -> 0 | U19: =SUM(S19:T19) -> 0 | X19: =SUM(V19:W19) -> 0 | Y19: 25 | Z19: =+F19+I19+L19+O19+R19+U19+X19+Y19 -> 35 | AC19: =+AA19+AB19-Z19 -> -35 | AE19: =AC19+AD19 -> -35
B20: 1111068 | C20: ชิฟฟอนแยกชิ้น เนย | D20: 3 | F20: =SUM(D20:E20) -> 3 | G20: 5 | I20: =SUM(G20:H20) -> 5 | L20: =SUM(J20:K20) -> 0 | O20: =SUM(M20:N20) -> 0 | R20: =SUM(P20:Q20) -> 0 | U20: =SUM(S20:T20) -> 0 | X20: =SUM(V20:W20) -> 0 | Y20: 25 | Z20: =+F20+I20+L20+O20+R20+U20+X20+Y20 -> 33 | AC20: =+AA20+AB20-Z20 -> -33 | AE20: =AC20+AD20 -> -33
B21: 1111069 | C21: ชิฟฟอนแยกชิ้น บลูเบอรี่ | D21: 3 | F21: =SUM(D21:E21) -> 3 | I21: =SUM(G21:H21) -> 0 | L21: =SUM(J21:K21) -> 0 | O21: =SUM(M21:N21) -> 0 | R21: =SUM(P21:Q21) -> 0 | U21: =SUM(S21:T21) -> 0 | X21: =SUM(V21:W21) -> 0 | Y21: 25 | Z21: =+F21+I21+L21+O21+R21+U21+X21+Y21 -> 28 | AC21: =+AA21+AB21-Z21 -> -28 | AE21: =AC21+AD21 -> -28
B22: 1111070 | C22: ชิฟฟอนแยกชิ้น ทุเรียน | F22: =SUM(D22:E22) -> 0 | I22: =SUM(G22:H22) -> 0 | L22: =SUM(J22:K22) -> 0 | O22: =SUM(M22:N22) -> 0 | R22: =SUM(P22:Q22) -> 0 | U22: =SUM(S22:T22) -> 0 | X22: =SUM(V22:W22) -> 0 | Z22: =+F22+I22+L22+O22+R22+U22+X22+Y22 -> 0 | AC22: =+AA22+AB22-Z22 -> 0 | AE22: =AC22+AD22 -> 0
B23: 1111071 | C23: ชิฟฟอนแยกชิ้น ตาล | F23: =SUM(D23:E23) -> 0 | I23: =SUM(G23:H23) -> 0 | L23: =SUM(J23:K23) -> 0 | O23: =SUM(M23:N23) -> 0 | R23: =SUM(P23:Q23) -> 0 | U23: =SUM(S23:T23) -> 0 | X23: =SUM(V23:W23) -> 0 | Z23: =+F23+I23+L23+O23+R23+U23+X23+Y23 -> 0 | AC23: =+AA23+AB23-Z23 -> 0 | AE23: =AC23+AD23 -> 0
B24: 1111010 | C24: ชิฟฟ่อนเค้กสอดไส้แยม (1 ชิ้น) แยมสับปะรด | F24: =SUM(D24:E24) -> 0 | I24: =SUM(G24:H24) -> 0 | L24: =SUM(J24:K24) -> 0 | O24: =SUM(M24:N24) -> 0 | R24: =SUM(P24:Q24) -> 0 | U24: =SUM(S24:T24) -> 0 | X24: =SUM(V24:W24) -> 0 | Z24: =+F24+I24+L24+O24+R24+U24+X24+Y24 -> 0 | AC24: =+AA24+AB24-Z24 -> 0 | AE24: =AC24+AD24 -> 0
B25: 1111008 | C25: ชิฟฟ่อนเค้ก สอดไส้ (รวมรส 3 ชิ้น) | F25: =SUM(D25:E25) -> 0 | G25: 9 | I25: =SUM(G25:H25) -> 9 | L25: =SUM(J25:K25) -> 0 | M25: 39 | O25: =SUM(M25:N25) -> 39 | P25: 3 | R25: =SUM(P25:Q25) -> 3 | U25: =SUM(S25:T25) -> 0 | X25: =SUM(V25:W25) -> 0 | Z25: =+F25+I25+L25+O25+R25+U25+X25+Y25 -> 51 | AA25: 45 | AC25: =+AA25+AB25-Z25 -> -6 | AD25: 45 | AE25: =AC25+AD25 -> 39
B26: 1111009 | C26: ชิฟฟ่อนเค้ก สอดไส้ (รวมรส 6 ชิ้น) | D26: 2 | F26: =SUM(D26:E26) -> 2 | G26: 11 | I26: =SUM(G26:H26) -> 11 | J26: 6 | L26: =SUM(J26:K26) -> 6 | M26: 3 | O26: =SUM(M26:N26) -> 3 | P26: 1 | R26: =SUM(P26:Q26) -> 1 | U26: =SUM(S26:T26) -> 0 | X26: =SUM(V26:W26) -> 0 | Z26: =+F26+I26+L26+O26+R26+U26+X26+Y26 -> 23 | AA26: 20 | AB26: 21 | AC26: =+AA26+AB26-Z26 -> 18 | AD26: 15 | AE26: =AC26+AD26 -> 33
B27: 1111011 | C27: ชิฟฟ่อนเค้กสอดไส้ นมชมพูฮอกไกโด (3 ชิ้น) | F27: =SUM(D27:E27) -> 0 | I27: =SUM(G27:H27) -> 0 | L27: =SUM(J27:K27) -> 0 | O27: =SUM(M27:N27) -> 0 | R27: =SUM(P27:Q27) -> 0 | U27: =SUM(S27:T27) -> 0 | X27: =SUM(V27:W27) -> 0 | Z27: =+F27+I27+L27+O27+R27+U27+X27+Y27 -> 0 | AC27: =+AA27+AB27-Z27 -> 0 | AE27: =AC27+AD27 -> 0
B28: 1111012 | C28: ชิฟฟ่อนเค้กสอดไส้ นมชมพูฮอกไกโด (6 ชิ้น) | F28: =SUM(D28:E28) -> 0 | I28: =SUM(G28:H28) -> 0 | L28: =SUM(J28:K28) -> 0 | O28: =SUM(M28:N28) -> 0 | R28: =SUM(P28:Q28) -> 0 | U28: =SUM(S28:T28) -> 0 | X28: =SUM(V28:W28) -> 0 | Z28: =+F28+I28+L28+O28+R28+U28+X28+Y28 -> 0 | AC28: =+AA28+AB28-Z28 -> 0 | AE28: =AC28+AD28 -> 0
B29: 1111013 | C29: ชิฟฟ่อนเค้กสอดไส้ ช็อคโกแลตนูเทลล่า (3 ชิ้น) | F29: =SUM(D29:E29) -> 0 | I29: =SUM(G29:H29) -> 0 | L29: =SUM(J29:K29) -> 0 | O29: =SUM(M29:N29) -> 0 | R29: =SUM(P29:Q29) -> 0 | U29: =SUM(S29:T29) -> 0 | X29: =SUM(V29:W29) -> 0 | Z29: =+F29+I29+L29+O29+R29+U29+X29+Y29 -> 0 | AC29: =+AA29+AB29-Z29 -> 0 | AE29: =AC29+AD29 -> 0
B30: 1111014 | C30: ชิฟฟ่อนเค้กสอดไส้ ช็อคโกแลตนูเทลล่า (6 ชิ้น) | F30: =SUM(D30:E30) -> 0 | I30: =SUM(G30:H30) -> 0 | L30: =SUM(J30:K30) -> 0 | O30: =SUM(M30:N30) -> 0 | R30: =SUM(P30:Q30) -> 0 | U30: =SUM(S30:T30) -> 0 | X30: =SUM(V30:W30) -> 0 | Z30: =+F30+I30+L30+O30+R30+U30+X30+Y30 -> 0 | AC30: =+AA30+AB30-Z30 -> 0 | AE30: =AC30+AD30 -> 0
B31: 1111015 | C31: ชิฟฟ่อนเค้กสอดไส้เนย รสมะพร้าว (3 ชิ้น) | F31: =SUM(D31:E31) -> 0 | I31: =SUM(G31:H31) -> 0 | L31: =SUM(J31:K31) -> 0 | O31: =SUM(M31:N31) -> 0 | R31: =SUM(P31:Q31) -> 0 | U31: =SUM(S31:T31) -> 0 | X31: =SUM(V31:W31) -> 0 | Z31: =+F31+I31+L31+O31+R31+U31+X31+Y31 -> 0 | AC31: =+AA31+AB31-Z31 -> 0 | AE31: =AC31+AD31 -> 0
B32: 1111016 | C32: ชิฟฟ่อนเค้กสอดไส้เนย รสมะพร้าว (6 ชิ้น) | D32: 1 | F32: =SUM(D32:E32) -> 1 | I32: =SUM(G32:H32) -> 0 | L32: =SUM(J32:K32) -> 0 | O32: =SUM(M32:N32) -> 0 | R32: =SUM(P32:Q32) -> 0 | U32: =SUM(S32:T32) -> 0 | X32: =SUM(V32:W32) -> 0 | Z32: =+F32+I32+L32+O32+R32+U32+X32+Y32 -> 1 | AA32: 1 | AC32: =+AA32+AB32-Z32 -> 0 | AE32: =AC32+AD32 -> 0
B33: 1111017 | C33: ชิฟฟ่อนเค้กสอดไส้แยม รสบลูเบอร์รี่ (3 ชิ้น) | F33: =SUM(D33:E33) -> 0 | I33: =SUM(G33:H33) -> 0 | L33: =SUM(J33:K33) -> 0 | O33: =SUM(M33:N33) -> 0 | R33: =SUM(P33:Q33) -> 0 | U33: =SUM(S33:T33) -> 0 | X33: =SUM(V33:W33) -> 0 | Z33: =+F33+I33+L33+O33+R33+U33+X33+Y33 -> 0 | AC33: =+AA33+AB33-Z33 -> 0 | AE33: =AC33+AD33 -> 0
B34: 1111018 | C34: ชิฟฟ่อนเค้กสอดไส้แยม รสบลูเบอร์รี่ (6 ชิ้น) | F34: =SUM(D34:E34) -> 0 | I34: =SUM(G34:H34) -> 0 | L34: =SUM(J34:K34) -> 0 | O34: =SUM(M34:N34) -> 0 | R34: =SUM(P34:Q34) -> 0 | U34: =SUM(S34:T34) -> 0 | X34: =SUM(V34:W34) -> 0 | Z34: =+F34+I34+L34+O34+R34+U34+X34+Y34 -> 0 | AC34: =+AA34+AB34-Z34 -> 0 | AE34: =AC34+AD34 -> 0
B35: 1111019 | C35: ชิฟฟ่อนเค้กหน้าฝอยทอง สอดไส้แยมส้ม (3 ชิ้น) | F35: =SUM(D35:E35) -> 0 | I35: =SUM(G35:H35) -> 0 | L35: =SUM(J35:K35) -> 0 | O35: =SUM(M35:N35) -> 0 | R35: =SUM(P35:Q35) -> 0 | U35: =SUM(S35:T35) -> 0 | X35: =SUM(V35:W35) -> 0 | Z35: =+F35+I35+L35+O35+R35+U35+X35+Y35 -> 0 | AC35: =+AA35+AB35-Z35 -> 0 | AE35: =AC35+AD35 -> 0
B36: 1111020 | C36: ชิฟฟ่อนเค้กหน้าฝอยทอง สอดไส้แยมส้ม (6 ชิ้น) | F36: =SUM(D36:E36) -> 0 | I36: =SUM(G36:H36) -> 0 | L36: =SUM(J36:K36) -> 0 | O36: =SUM(M36:N36) -> 0 | R36: =SUM(P36:Q36) -> 0 | U36: =SUM(S36:T36) -> 0 | X36: =SUM(V36:W36) -> 0 | Z36: =+F36+I36+L36+O36+R36+U36+X36+Y36 -> 0 | AC36: =+AA36+AB36-Z36 -> 0 | AE36: =AC36+AD36 -> 0
B37: 1111022 | C37: ชิฟฟ่อนเค้กสอดไส้แยม รสสตรอว์เบอร์รี (3 ชิ้น) | F37: =SUM(D37:E37) -> 0 | I37: =SUM(G37:H37) -> 0 | L37: =SUM(J37:K37) -> 0 | O37: =SUM(M37:N37) -> 0 | R37: =SUM(P37:Q37) -> 0 | U37: =SUM(S37:T37) -> 0 | X37: =SUM(V37:W37) -> 0 | Z37: =+F37+I37+L37+O37+R37+U37+X37+Y37 -> 0 | AC37: =+AA37+AB37-Z37 -> 0 | AE37: =AC37+AD37 -> 0
B38: 1111023 | C38: ชิฟฟ่อนเค้กสอดไส้แยม รสสตรอว์เบอร์รี (6 ชิ้น) | F38: =SUM(D38:E38) -> 0 | I38: =SUM(G38:H38) -> 0 | L38: =SUM(J38:K38) -> 0 | O38: =SUM(M38:N38) -> 0 | R38: =SUM(P38:Q38) -> 0 | U38: =SUM(S38:T38) -> 0 | X38: =SUM(V38:W38) -> 0 | Z38: =+F38+I38+L38+O38+R38+U38+X38+Y38 -> 0 | AC38: =+AA38+AB38-Z38 -> 0 | AE38: =AC38+AD38 -> 0
B39: 1111024 | C39: ชิฟฟ่อนเค้กสอดไส้แยม รสส้ม (3 ชิ้น) | F39: =SUM(D39:E39) -> 0 | I39: =SUM(G39:H39) -> 0 | L39: =SUM(J39:K39) -> 0 | O39: =SUM(M39:N39) -> 0 | R39: =SUM(P39:Q39) -> 0 | U39: =SUM(S39:T39) -> 0 | X39: =SUM(V39:W39) -> 0 | Z39: =+F39+I39+L39+O39+R39+U39+X39+Y39 -> 0 | AC39: =+AA39+AB39-Z39 -> 0 | AE39: =AC39+AD39 -> 0
B40: 1111025 | C40: ชิฟฟ่อนเค้กสอดไส้แยม รสส้ม (6 ชิ้น) | F40: =SUM(D40:E40) -> 0 | I40: =SUM(G40:H40) -> 0 | L40: =SUM(J40:K40) -> 0 | O40: =SUM(M40:N40) -> 0 | R40: =SUM(P40:Q40) -> 0 | U40: =SUM(S40:T40) -> 0 | X40: =SUM(V40:W40) -> 0 | Z40: =+F40+I40+L40+O40+R40+U40+X40+Y40 -> 0 | AC40: =+AA40+AB40-Z40 -> 0 | AE40: =AC40+AD40 -> 0
B41: 1111056 | C41: ชิฟฟอนรวมรสยอดฮิต 8 ชิ้น | F41: =SUM(D41:E41) -> 0 | G41: 12 | I41: =SUM(G41:H41) -> 12 | J41: 2 | L41: =SUM(J41:K41) -> 2 | O41: =SUM(M41:N41) -> 0 | R41: =SUM(P41:Q41) -> 0 | U41: =SUM(S41:T41) -> 0 | X41: =SUM(V41:W41) -> 0 | Z41: =+F41+I41+L41+O41+R41+U41+X41+Y41 -> 14 | AB41: 4 | AC41: =+AA41+AB41-Z41 -> -10 | AD41: 10 | AE41: =AC41+AD41 -> 0
B42: 1111074 | C42: ชิฟฟอนไส้แยมแยกชิ้น มะพร้าว | F42: =SUM(D42:E42) -> 0 | G42: 16 | I42: =SUM(G42:H42) -> 16 | L42: =SUM(J42:K42) -> 0 | O42: =SUM(M42:N42) -> 0 | R42: =SUM(P42:Q42) -> 0 | U42: =SUM(S42:T42) -> 0 | X42: =SUM(V42:W42) -> 0 | Z42: =+F42+I42+L42+O42+R42+U42+X42+Y42 -> 16 | AA42: 5 | AC42: =+AA42+AB42-Z42 -> -11 | AE42: =AC42+AD42 -> -11
B43: 1111075 | C43: ชิฟฟอนไส้แยมแยกชิ้น สตอเบอรี่ | F43: =SUM(D43:E43) -> 0 | G43: 15 | I43: =SUM(G43:H43) -> 15 | L43: =SUM(J43:K43) -> 0 | O43: =SUM(M43:N43) -> 0 | R43: =SUM(P43:Q43) -> 0 | U43: =SUM(S43:T43) -> 0 | X43: =SUM(V43:W43) -> 0 | Z43: =+F43+I43+L43+O43+R43+U43+X43+Y43 -> 15 | AA43: 5 | AC43: =+AA43+AB43-Z43 -> -10 | AE43: =AC43+AD43 -> -10
B44: 1111076 | C44: ชิฟฟอนไส้แยมแยกชิ้น ส้ม | F44: =SUM(D44:E44) -> 0 | G44: 15 | I44: =SUM(G44:H44) -> 15 | L44: =SUM(J44:K44) -> 0 | O44: =SUM(M44:N44) -> 0 | R44: =SUM(P44:Q44) -> 0 | U44: =SUM(S44:T44) -> 0 | X44: =SUM(V44:W44) -> 0 | Z44: =+F44+I44+L44+O44+R44+U44+X44+Y44 -> 15 | AA44: 5 | AC44: =+AA44+AB44-Z44 -> -10 | AE44: =AC44+AD44 -> -10
B45: 1111077 | C45: ชิฟฟอนไส้แยมแยกชิ้น บลูเบอรี่ | F45: =SUM(D45:E45) -> 0 | G45: 15 | I45: =SUM(G45:H45) -> 15 | L45: =SUM(J45:K45) -> 0 | O45: =SUM(M45:N45) -> 0 | R45: =SUM(P45:Q45) -> 0 | U45: =SUM(S45:T45) -> 0 | X45: =SUM(V45:W45) -> 0 | Z45: =+F45+I45+L45+O45+R45+U45+X45+Y45 -> 15 | AA45: 5 | AC45: =+AA45+AB45-Z45 -> -10 | AE45: =AC45+AD45 -> -10
B46: 1111078 | C46: ชิฟฟอนไส้แยมแยกชิ้น นมชมพู | F46: =SUM(D46:E46) -> 0 | G46: 15 | I46: =SUM(G46:H46) -> 15 | L46: =SUM(J46:K46) -> 0 | O46: =SUM(M46:N46) -> 0 | R46: =SUM(P46:Q46) -> 0 | U46: =SUM(S46:T46) -> 0 | X46: =SUM(V46:W46) -> 0 | Z46: =+F46+I46+L46+O46+R46+U46+X46+Y46 -> 15 | AA46: 5 | AC46: =+AA46+AB46-Z46 -> -10 | AE46: =AC46+AD46 -> -10
B47: 1111079 | C47: ชิฟฟอนไส้แยมแยกชิ้น ชอคโกแลต | F47: =SUM(D47:E47) -> 0 | G47: 15 | I47: =SUM(G47:H47) -> 15 | L47: =SUM(J47:K47) -> 0 | O47: =SUM(M47:N47) -> 0 | R47: =SUM(P47:Q47) -> 0 | U47: =SUM(S47:T47) -> 0 | X47: =SUM(V47:W47) -> 0 | Z47: =+F47+I47+L47+O47+R47+U47+X47+Y47 -> 15 | AA47: 5 | AC47: =+AA47+AB47-Z47 -> -10 | AE47: =AC47+AD47 -> -10
B48: 1111080 | C48: ชิฟฟอนไส้แยมแยกชิ้น ฝอยทอง | F48: =SUM(D48:E48) -> 0 | G48: 15 | I48: =SUM(G48:H48) -> 15 | L48: =SUM(J48:K48) -> 0 | O48: =SUM(M48:N48) -> 0 | R48: =SUM(P48:Q48) -> 0 | U48: =SUM(S48:T48) -> 0 | X48: =SUM(V48:W48) -> 0 | Z48: =+F48+I48+L48+O48+R48+U48+X48+Y48 -> 15 | AA48: 5 | AC48: =+AA48+AB48-Z48 -> -10 | AE48: =AC48+AD48 -> -10
B49: 1111081 | C49: ชิฟฟอนไส้แยมแยกชิ้น วนิลา | F49: =SUM(D49:E49) -> 0 | G49: 15 | I49: =SUM(G49:H49) -> 15 | L49: =SUM(J49:K49) -> 0 | O49: =SUM(M49:N49) -> 0 | R49: =SUM(P49:Q49) -> 0 | U49: =SUM(S49:T49) -> 0 | X49: =SUM(V49:W49) -> 0 | Z49: =+F49+I49+L49+O49+R49+U49+X49+Y49 -> 15 | AA49: 5 | AC49: =+AA49+AB49-Z49 -> -10 | AE49: =AC49+AD49 -> -10
B50: 1111082 | C50: ชิฟฟอนไส้แยมแยกชิ้น ใบเตย | F50: =SUM(D50:E50) -> 0 | G50: 15 | I50: =SUM(G50:H50) -> 15 | L50: =SUM(J50:K50) -> 0 | O50: =SUM(M50:N50) -> 0 | R50: =SUM(P50:Q50) -> 0 | U50: =SUM(S50:T50) -> 0 | X50: =SUM(V50:W50) -> 0 | Z50: =+F50+I50+L50+O50+R50+U50+X50+Y50 -> 15 | AA50: 5 | AC50: =+AA50+AB50-Z50 -> -10 | AE50: =AC50+AD50 -> -10
B51: 1111083 | C51: ชิฟฟอนไส้แยมแยกชิ้น เมล่อน | F51: =SUM(D51:E51) -> 0 | G51: 15 | I51: =SUM(G51:H51) -> 15 | L51: =SUM(J51:K51) -> 0 | O51: =SUM(M51:N51) -> 0 | R51: =SUM(P51:Q51) -> 0 | U51: =SUM(S51:T51) -> 0 | X51: =SUM(V51:W51) -> 0 | Z51: =+F51+I51+L51+O51+R51+U51+X51+Y51 -> 15 | AA51: 5 | AC51: =+AA51+AB51-Z51 -> -10 | AE51: =AC51+AD51 -> -10
B52: 1112002 | C52: เค้กเบาหวิว รสกาแฟ (300 กรัม) | F52: =SUM(D52:E52) -> 0 | I52: =SUM(G52:H52) -> 0 | L52: =SUM(J52:K52) -> 0 | O52: =SUM(M52:N52) -> 0 | R52: =SUM(P52:Q52) -> 0 | U52: =SUM(S52:T52) -> 0 | X52: =SUM(V52:W52) -> 0 | Z52: =+F52+I52+L52+O52+R52+U52+X52+Y52 -> 0 | AC52: =+AA52+AB52-Z52 -> 0 | AE52: =AC52+AD52 -> 0
B53: 1112003 | C53: เค้กเบาหวิว รสกาแฟ (110 กรัม) | D53: 3 | F53: =SUM(D53:E53) -> 3 | G53: 1 | I53: =SUM(G53:H53) -> 1 | L53: =SUM(J53:K53) -> 0 | M53: 54 | O53: =SUM(M53:N53) -> 54 | P53: 4 | R53: =SUM(P53:Q53) -> 4 | U53: =SUM(S53:T53) -> 0 | X53: =SUM(V53:W53) -> 0 | Z53: =+F53+I53+L53+O53+R53+U53+X53+Y53 -> 62 | AA53: 65 | AB53: 20 | AC53: =+AA53+AB53-Z53 -> 23 | AD53: 65 | AE53: =AC53+AD53 -> 88
B54: 1112004 | C54: เค้กเบาหวิว รสเนยนม (300 กรัม) | F54: =SUM(D54:E54) -> 0 | I54: =SUM(G54:H54) -> 0 | L54: =SUM(J54:K54) -> 0 | O54: =SUM(M54:N54) -> 0 | R54: =SUM(P54:Q54) -> 0 | U54: =SUM(S54:T54) -> 0 | X54: =SUM(V54:W54) -> 0 | Y54: 100 | Z54: =+F54+I54+L54+O54+R54+U54+X54+Y54 -> 100 | AA54: 100 | AC54: =+AA54+AB54-Z54 -> 0 | AE54: =AC54+AD54 -> 0
B55: 1112005 | C55: เค้กเบาหวิว รสเนยนม (110 กรัม) | F55: =SUM(D55:E55) -> 0 | G55: 1 | I55: =SUM(G55:H55) -> 1 | L55: =SUM(J55:K55) -> 0 | M55: 54 | O55: =SUM(M55:N55) -> 54 | P55: 4 | R55: =SUM(P55:Q55) -> 4 | U55: =SUM(S55:T55) -> 0 | X55: =SUM(V55:W55) -> 0 | Z55: =+F55+I55+L55+O55+R55+U55+X55+Y55 -> 59 | AA55: 65 | AB55: 19 | AC55: =+AA55+AB55-Z55 -> 25 | AD55: 65 | AE55: =AC55+AD55 -> 90
B56: 1112008 | C56: เค้กเบาหวิว รสมะพร้าวน้ำหอม (300 กรัม) | F56: =SUM(D56:E56) -> 0 | I56: =SUM(G56:H56) -> 0 | L56: =SUM(J56:K56) -> 0 | O56: =SUM(M56:N56) -> 0 | R56: =SUM(P56:Q56) -> 0 | U56: =SUM(S56:T56) -> 0 | X56: =SUM(V56:W56) -> 0 | Z56: =+F56+I56+L56+O56+R56+U56+X56+Y56 -> 0 | AC56: =+AA56+AB56-Z56 -> 0 | AE56: =AC56+AD56 -> 0
B57: 1112009 | C57: เค้กเบาหวิว รสมะพร้าวน้ำหอม (110 กรัม) | F57: =SUM(D57:E57) -> 0 | G57: 1 | I57: =SUM(G57:H57) -> 1 | L57: =SUM(J57:K57) -> 0 | M57: 53 | O57: =SUM(M57:N57) -> 53 | P57: 4 | R57: =SUM(P57:Q57) -> 4 | U57: =SUM(S57:T57) -> 0 | X57: =SUM(V57:W57) -> 0 | Z57: =+F57+I57+L57+O57+R57+U57+X57+Y57 -> 58 | AA57: 65 | AB57: 20 | AC57: =+AA57+AB57-Z57 -> 27 | AD57: 65 | AE57: =AC57+AD57 -> 92
B58: 1112010 | C58: เค้กเบาหวิว หน้าฝอยทอง (300 กรัม) | F58: =SUM(D58:E58) -> 0 | I58: =SUM(G58:H58) -> 0 | L58: =SUM(J58:K58) -> 0 | O58: =SUM(M58:N58) -> 0 | R58: =SUM(P58:Q58) -> 0 | U58: =SUM(S58:T58) -> 0 | X58: =SUM(V58:W58) -> 0 | Y58: 20 | Z58: =+F58+I58+L58+O58+R58+U58+X58+Y58 -> 20 | AA58: 20 | AC58: =+AA58+AB58-Z58 -> 0 | AE58: =AC58+AD58 -> 0
B59: 1112011 | C59: เค้กเบาหวิว หน้าฝอยทอง (110 กรัม) | D59: 2 | F59: =SUM(D59:E59) -> 2 | I59: =SUM(G59:H59) -> 0 | J59: 8 | L59: =SUM(J59:K59) -> 8 | M59: 53 | O59: =SUM(M59:N59) -> 53 | P59: 4 | R59: =SUM(P59:Q59) -> 4 | U59: =SUM(S59:T59) -> 0 | X59: =SUM(V59:W59) -> 0 | Z59: =+F59+I59+L59+O59+R59+U59+X59+Y59 -> 67 | AA59: 65 | AB59: 18 | AC59: =+AA59+AB59-Z59 -> 16 | AD59: 65 | AE59: =AC59+AD59 -> 81
B60: 1112012 | C60: เค้กเบาหวิว รสเผือกหน้ามะพร้าวเผา (300 กรัม) | F60: =SUM(D60:E60) -> 0 | I60: =SUM(G60:H60) -> 0 | L60: =SUM(J60:K60) -> 0 | O60: =SUM(M60:N60) -> 0 | R60: =SUM(P60:Q60) -> 0 | U60: =SUM(S60:T60) -> 0 | X60: =SUM(V60:W60) -> 0 | Z60: =+F60+I60+L60+O60+R60+U60+X60+Y60 -> 0 | AC60: =+AA60+AB60-Z60 -> 0 | AE60: =AC60+AD60 -> 0
B61: 1112013 | C61: เค้กเบาหวิว รสเผือกหน้ามะพร้าวเผา (110 กรัม) | D61: 1 | F61: =SUM(D61:E61) -> 1 | G61: 1 | I61: =SUM(G61:H61) -> 1 | L61: =SUM(J61:K61) -> 0 | M61: 53 | O61: =SUM(M61:N61) -> 53 | P61: 4 | R61: =SUM(P61:Q61) -> 4 | U61: =SUM(S61:T61) -> 0 | X61: =SUM(V61:W61) -> 0 | Z61: =+F61+I61+L61+O61+R61+U61+X61+Y61 -> 59 | AA61: 65 | AB61: 17 | AC61: =+AA61+AB61-Z61 -> 23 | AD61: 65 | AE61: =AC61+AD61 -> 88
B62: 1112014 | C62: เค้กเบาหวิว รสกล้วยหอมหน้ามะพร้าวเผา (300 กรัม) | F62: =SUM(D62:E62) -> 0 | I62: =SUM(G62:H62) -> 0 | L62: =SUM(J62:K62) -> 0 | O62: =SUM(M62:N62) -> 0 | R62: =SUM(P62:Q62) -> 0 | U62: =SUM(S62:T62) -> 0 | X62: =SUM(V62:W62) -> 0 | Z62: =+F62+I62+L62+O62+R62+U62+X62+Y62 -> 0 | AC62: =+AA62+AB62-Z62 -> 0 | AE62: =AC62+AD62 -> 0
B63: 1112015 | C63: เค้กเบาหวิว รสกล้วยหอมหน้ามะพร้าวเผา (110 กรัม) | D63: 2 | F63: =SUM(D63:E63) -> 2 | G63: 1 | I63: =SUM(G63:H63) -> 1 | L63: =SUM(J63:K63) -> 0 | M63: 54 | O63: =SUM(M63:N63) -> 54 | P63: 4 | R63: =SUM(P63:Q63) -> 4 | U63: =SUM(S63:T63) -> 0 | X63: =SUM(V63:W63) -> 0 | Z63: =+F63+I63+L63+O63+R63+U63+X63+Y63 -> 61 | AA63: 65 | AB63: 19 | AC63: =+AA63+AB63-Z63 -> 23 | AD63: 65 | AE63: =AC63+AD63 -> 88
B64: 1112017 | C64: เค้กเบาหวิว รสตาลหอม (110 กรัม) | F64: =SUM(D64:E64) -> 0 | I64: =SUM(G64:H64) -> 0 | L64: =SUM(J64:K64) -> 0 | O64: =SUM(M64:N64) -> 0 | R64: =SUM(P64:Q64) -> 0 | U64: =SUM(S64:T64) -> 0 | X64: =SUM(V64:W64) -> 0 | Z64: =+F64+I64+L64+O64+R64+U64+X64+Y64 -> 0 | AC64: =+AA64+AB64-Z64 -> 0 | AE64: =AC64+AD64 -> 0
B65: 1100003 | C65: เมอร์แรงค์ (กระปุก) | F65: =SUM(D65:E65) -> 0 | I65: =SUM(G65:H65) -> 0 | L65: =SUM(J65:K65) -> 0 | O65: =SUM(M65:N65) -> 0 | R65: =SUM(P65:Q65) -> 0 | U65: =SUM(S65:T65) -> 0 | X65: =SUM(V65:W65) -> 0 | Z65: =+F65+I65+L65+O65+R65+U65+X65+Y65 -> 0 | AC65: =+AA65+AB65-Z65 -> 0 | AE65: =AC65+AD65 -> 0
B66: 20039042 | C66: ขนมปังเนยนิ่ม 3 ชิ้น | F66: =SUM(D66:E66) -> 0 | I66: =SUM(G66:H66) -> 0 | L66: =SUM(J66:K66) -> 0 | O66: =SUM(M66:N66) -> 0 | R66: =SUM(P66:Q66) -> 0 | U66: =SUM(S66:T66) -> 0 | X66: =SUM(V66:W66) -> 0 | Z66: =+F66+I66+L66+O66+R66+U66+X66+Y66 -> 0 | AC66: =+AA66+AB66-Z66 -> 0 | AE66: =AC66+AD66 -> 0
B67: 1114501 | C67: ครีมฮอร์นวนิลา เนยสด | F67: =SUM(D67:E67) -> 0 | G67: 16 | I67: =SUM(G67:H67) -> 16 | J67: 2 | L67: =SUM(J67:K67) -> 2 | M67: 132 | O67: =SUM(M67:N67) -> 132 | R67: =SUM(P67:Q67) -> 0 | U67: =SUM(S67:T67) -> 0 | X67: =SUM(V67:W67) -> 0 | Z67: =+F67+I67+L67+O67+R67+U67+X67+Y67 -> 150 | AA67: 338 | AB67: 26 | AC67: =+AA67+AB67-Z67 -> 214 | AE67: =AC67+AD67 -> 214
B68: 1114502 | C68: ครีมฮอร์นใบเตย เนยสด | F68: =SUM(D68:E68) -> 0 | G68: 5 | I68: =SUM(G68:H68) -> 5 | J68: 2 | L68: =SUM(J68:K68) -> 2 | M68: 132 | O68: =SUM(M68:N68) -> 132 | R68: =SUM(P68:Q68) -> 0 | U68: =SUM(S68:T68) -> 0 | X68: =SUM(V68:W68) -> 0 | Z68: =+F68+I68+L68+O68+R68+U68+X68+Y68 -> 139 | AA68: 228 | AB68: 63 | AC68: =+AA68+AB68-Z68 -> 152 | AE68: =AC68+AD68 -> 152
B69: 1114503 | C69: ครีมฮอร์นช็อคโกแลต เนยสด | F69: =SUM(D69:E69) -> 0 | G69: 5 | I69: =SUM(G69:H69) -> 5 | J69: 2 | L69: =SUM(J69:K69) -> 2 | M69: 132 | O69: =SUM(M69:N69) -> 132 | R69: =SUM(P69:Q69) -> 0 | U69: =SUM(S69:T69) -> 0 | X69: =SUM(V69:W69) -> 0 | Z69: =+F69+I69+L69+O69+R69+U69+X69+Y69 -> 139 | AA69: 290 | AB69: 5 | AC69: =+AA69+AB69-Z69 -> 156 | AE69: =AC69+AD69 -> 156
B70: 1124021 | C70: ขนมปังแถว 430 g | F70: =SUM(D70:E70) -> 0 | G70: 12 | I70: =SUM(G70:H70) -> 12 | L70: =SUM(J70:K70) -> 0 | O70: =SUM(M70:N70) -> 0 | R70: =SUM(P70:Q70) -> 0 | U70: =SUM(S70:T70) -> 0 | X70: =SUM(V70:W70) -> 0 | Z70: =+F70+I70+L70+O70+R70+U70+X70+Y70 -> 12 | AA70: 40 | AB70: 9 | AC70: =+AA70+AB70-Z70 -> 37 | AD70: 50 | AE70: =AC70+AD70 -> 87
B71: 1005761 | C71: ขนมปังกรอบคาราเมล | F71: =SUM(D71:E71) -> 0 | I71: =SUM(G71:H71) -> 0 | L71: =SUM(J71:K71) -> 0 | O71: =SUM(M71:N71) -> 0 | R71: =SUM(P71:Q71) -> 0 | U71: =SUM(S71:T71) -> 0 | X71: =SUM(V71:W71) -> 0 | Z71: =+F71+I71+L71+O71+R71+U71+X71+Y71 -> 0 | AC71: =+AA71+AB71-Z71 -> 0 | AE71: =AC71+AD71 -> 0
B72: 1100001 | C72: พายสัปปะรด (1 ชิ้น) | F72: =SUM(D72:E72) -> 0 | I72: =SUM(G72:H72) -> 0 | L72: =SUM(J72:K72) -> 0 | O72: =SUM(M72:N72) -> 0 | R72: =SUM(P72:Q72) -> 0 | U72: =SUM(S72:T72) -> 0 | X72: =SUM(V72:W72) -> 0 | Y72: 100 | Z72: =+F72+I72+L72+O72+R72+U72+X72+Y72 -> 100 | AA72: 100 | AC72: =+AA72+AB72-Z72 -> 0 | AE72: =AC72+AD72 -> 0
B73: 1100002 | C73: พายสัปปะรด (1 กล่อง) | F73: =SUM(D73:E73) -> 0 | I73: =SUM(G73:H73) -> 0 | L73: =SUM(J73:K73) -> 0 | O73: =SUM(M73:N73) -> 0 | R73: =SUM(P73:Q73) -> 0 | U73: =SUM(S73:T73) -> 0 | X73: =SUM(V73:W73) -> 0 | Z73: =+F73+I73+L73+O73+R73+U73+X73+Y73 -> 0 | AC73: =+AA73+AB73-Z73 -> 0 | AE73: =AC73+AD73 -> 0
B74: 20052721 | C74: วรรณวนัชแซนวิซโบราณ 70g | F74: =SUM(D74:E74) -> 0 | I74: =SUM(G74:H74) -> 0 | L74: =SUM(J74:K74) -> 0 | O74: =SUM(M74:N74) -> 0 | R74: =SUM(P74:Q74) -> 0 | U74: =SUM(S74:T74) -> 0 | X74: =SUM(V74:W74) -> 0 | Z74: =+F74+I74+L74+O74+R74+U74+X74+Y74 -> 0 | AC74: =+AA74+AB74-Z74 -> 0 | AE74: =AC74+AD74 -> 0
B75: 1113170 | C75: ขนมเปี๊ยะถั่วฝอยทองไข่เค็ม 450 กรัม | D75: 83 | F75: =SUM(D75:E75) -> 83 | I75: =SUM(G75:H75) -> 0 | J75: 3 | L75: =SUM(J75:K75) -> 3 | M75: 3 | O75: =SUM(M75:N75) -> 3 | R75: =SUM(P75:Q75) -> 0 | U75: =SUM(S75:T75) -> 0 | X75: =SUM(V75:W75) -> 0 | Z75: =+F75+I75+L75+O75+R75+U75+X75+Y75 -> 89 | AA75: 90 | AC75: =+AA75+AB75-Z75 -> 1 | AD75: 90 | AE75: =AC75+AD75 -> 91
B76: 1113171 | C76: ขนมเปี๊ยะฟักถั่วไข่เค็ม 450 กรัม | D76: 84 | F76: =SUM(D76:E76) -> 84 | I76: =SUM(G76:H76) -> 0 | J76: 2 | L76: =SUM(J76:K76) -> 2 | M76: 4 | O76: =SUM(M76:N76) -> 4 | R76: =SUM(P76:Q76) -> 0 | U76: =SUM(S76:T76) -> 0 | X76: =SUM(V76:W76) -> 0 | Z76: =+F76+I76+L76+O76+R76+U76+X76+Y76 -> 90 | AA76: 70 | AB76: 34 | AC76: =+AA76+AB76-Z76 -> 14 | AD76: 50 | AE76: =AC76+AD76 -> 64
B77: 1113172 | C77: ขนมเปี๊ยะเผือกฝอยทองไข่เค็ม 450 กรัม | D77: 71 | F77: =SUM(D77:E77) -> 71 | I77: =SUM(G77:H77) -> 0 | J77: 1 | L77: =SUM(J77:K77) -> 1 | M77: 4 | O77: =SUM(M77:N77) -> 4 | R77: =SUM(P77:Q77) -> 0 | U77: =SUM(S77:T77) -> 0 | X77: =SUM(V77:W77) -> 0 | Z77: =+F77+I77+L77+O77+R77+U77+X77+Y77 -> 76 | AA77: 70 | AB77: 46 | AC77: =+AA77+AB77-Z77 -> 40 | AE77: =AC77+AD77 -> 40
B78: 1113173 | C78: ขนมเปี๊ยะงาดำฝอยทองไข่เค็ม 450 กรัม | D78: 77 | F78: =SUM(D78:E78) -> 77 | I78: =SUM(G78:H78) -> 0 | J78: 2 | L78: =SUM(J78:K78) -> 2 | M78: 3 | O78: =SUM(M78:N78) -> 3 | R78: =SUM(P78:Q78) -> 0 | U78: =SUM(S78:T78) -> 0 | X78: =SUM(V78:W78) -> 0 | Z78: =+F78+I78+L78+O78+R78+U78+X78+Y78 -> 82 | AA78: 70 | AB78: 36 | AC78: =+AA78+AB78-Z78 -> 24 | AE78: =AC78+AD78 -> 24
B79: 1200001 | C79: คอร์นเฟล็ค | F79: =SUM(D79:E79) -> 0 | I79: =SUM(G79:H79) -> 0 | L79: =SUM(J79:K79) -> 0 | O79: =SUM(M79:N79) -> 0 | R79: =SUM(P79:Q79) -> 0 | U79: =SUM(S79:T79) -> 0 | X79: =SUM(V79:W79) -> 0 | Z79: =+F79+I79+L79+O79+R79+U79+X79+Y79 -> 0 | AC79: =+AA79+AB79-Z79 -> 0 | AE79: =AC79+AD79 -> 0
B80: 1200002 | C80: ท๊อฟฟี่ถั่ว (กล่อง) | F80: =SUM(D80:E80) -> 0 | I80: =SUM(G80:H80) -> 0 | L80: =SUM(J80:K80) -> 0 | O80: =SUM(M80:N80) -> 0 | R80: =SUM(P80:Q80) -> 0 | U80: =SUM(S80:T80) -> 0 | X80: =SUM(V80:W80) -> 0 | Z80: =+F80+I80+L80+O80+R80+U80+X80+Y80 -> 0 | AC80: =+AA80+AB80-Z80 -> 0 | AE80: =AC80+AD80 -> 0
B81: 20054646 | C81: ปังพิซซ่า | F81: =SUM(D81:E81) -> 0 | I81: =SUM(G81:H81) -> 0 | L81: =SUM(J81:K81) -> 0 | O81: =SUM(M81:N81) -> 0 | R81: =SUM(P81:Q81) -> 0 | U81: =SUM(S81:T81) -> 0 | X81: =SUM(V81:W81) -> 0 | Z81: =+F81+I81+L81+O81+R81+U81+X81+Y81 -> 0 | AC81: =+AA81+AB81-Z81 -> 0 | AE81: =AC81+AD81 -> 0
B82: 300 | C82: เศษขนมปังปลา 5กก. | F82: =SUM(D82:E82) -> 0 | G82: 3 | I82: =SUM(G82:H82) -> 3 | L82: =SUM(J82:K82) -> 0 | O82: =SUM(M82:N82) -> 0 | R82: =SUM(P82:Q82) -> 0 | U82: =SUM(S82:T82) -> 0 | X82: =SUM(V82:W82) -> 0 | Z82: =+F82+I82+L82+O82+R82+U82+X82+Y82 -> 3 | AC82: =+AA82+AB82-Z82 -> -3 | AE82: =AC82+AD82 -> -3
B83: 200 | C83: เศษขนมปังปลา 1 กก. | D83: 15 | F83: =SUM(D83:E83) -> 15 | I83: =SUM(G83:H83) -> 0 | L83: =SUM(J83:K83) -> 0 | O83: =SUM(M83:N83) -> 0 | R83: =SUM(P83:Q83) -> 0 | U83: =SUM(S83:T83) -> 0 | X83: =SUM(V83:W83) -> 0 | Z83: =+F83+I83+L83+O83+R83+U83+X83+Y83 -> 15 | AC83: =+AA83+AB83-Z83 -> -15 | AE83: =AC83+AD83 -> -15
B84: 1111087 | C84: ชิฟฟอน 8 ชิ้น สตอเบอรี่ล้วน | F84: =SUM(D84:E84) -> 0 | I84: =SUM(G84:H84) -> 0 | L84: =SUM(J84:K84) -> 0 | O84: =SUM(M84:N84) -> 0 | R84: =SUM(P84:Q84) -> 0 | U84: =SUM(S84:T84) -> 0 | X84: =SUM(V84:W84) -> 0 | Z84: =+F84+I84+L84+O84+R84+U84+X84+Y84 -> 0 | AC84: =+AA84+AB84-Z84 -> 0 | AE84: =AC84+AD84 -> 0
C85: ชิฟฟอน 4 ชิ้น มะพร้าวล้วน | F85: =SUM(D85:E85) -> 0 | I85: =SUM(G85:H85) -> 0 | L85: =SUM(J85:K85) -> 0 | O85: =SUM(M85:N85) -> 0 | R85: =SUM(P85:Q85) -> 0 | U85: =SUM(S85:T85) -> 0 | X85: =SUM(V85:W85) -> 0 | Z85: =+F85+I85+L85+O85+R85+U85+X85+Y85 -> 0 | AC85: =+AA85+AB85-Z85 -> 0 | AE85: =AC85+AD85 -> 0
C86: ชิฟฟอน 4 ชิ้น กาแฟล้วน | F86: =SUM(D86:E86) -> 0 | I86: =SUM(G86:H86) -> 0 | L86: =SUM(J86:K86) -> 0 | O86: =SUM(M86:N86) -> 0 | R86: =SUM(P86:Q86) -> 0 | U86: =SUM(S86:T86) -> 0 | X86: =SUM(V86:W86) -> 0 | Z86: =+F86+I86+L86+O86+R86+U86+X86+Y86 -> 0 | AC86: =+AA86+AB86-Z86 -> 0 | AE86: =AC86+AD86 -> 0
C87: ชิฟฟอน 4 ชิ้น ชาเขียวล้วน | F87: =SUM(D87:E87) -> 0 | I87: =SUM(G87:H87) -> 0 | L87: =SUM(J87:K87) -> 0 | O87: =SUM(M87:N87) -> 0 | R87: =SUM(P87:Q87) -> 0 | U87: =SUM(S87:T87) -> 0 | X87: =SUM(V87:W87) -> 0 | Z87: =+F87+I87+L87+O87+R87+U87+X87+Y87 -> 0 | AC87: =+AA87+AB87-Z87 -> 0 | AE87: =AC87+AD87 -> 0
C88: ชิฟฟอน 4 ชิ้น ใบเตยล้วน | F88: =SUM(D88:E88) -> 0 | I88: =SUM(G88:H88) -> 0 | L88: =SUM(J88:K88) -> 0 | O88: =SUM(M88:N88) -> 0 | R88: =SUM(P88:Q88) -> 0 | U88: =SUM(S88:T88) -> 0 | X88: =SUM(V88:W88) -> 0 | Z88: =+F88+I88+L88+O88+R88+U88+X88+Y88 -> 0 | AC88: =+AA88+AB88-Z88 -> 0 | AE88: =AC88+AD88 -> 0
B89: 1111092 | C89: ชิฟฟอน 8 ชิ้น กล้วยหอม | F89: =SUM(D89:E89) -> 0 | I89: =SUM(G89:H89) -> 0 | L89: =SUM(J89:K89) -> 0 | O89: =SUM(M89:N89) -> 0 | R89: =SUM(P89:Q89) -> 0 | U89: =SUM(S89:T89) -> 0 | X89: =SUM(V89:W89) -> 0 | Z89: =+F89+I89+L89+O89+R89+U89+X89+Y89 -> 0 | AC89: =+AA89+AB89-Z89 -> 0 | AE89: =AC89+AD89 -> 0
B90: 1111093 | C90: ชิฟฟอน 8 ชิ้น โกโก้ล้วน | F90: =SUM(D90:E90) -> 0 | I90: =SUM(G90:H90) -> 0 | L90: =SUM(J90:K90) -> 0 | O90: =SUM(M90:N90) -> 0 | R90: =SUM(P90:Q90) -> 0 | U90: =SUM(S90:T90) -> 0 | X90: =SUM(V90:W90) -> 0 | Z90: =+F90+I90+L90+O90+R90+U90+X90+Y90 -> 0 | AC90: =+AA90+AB90-Z90 -> 0 | AE90: =AC90+AD90 -> 0
B91: 1111088 | C91: ชิฟฟอน 8 ชิ้น ส้มล้วน | F91: =SUM(D91:E91) -> 0 | I91: =SUM(G91:H91) -> 0 | L91: =SUM(J91:K91) -> 0 | O91: =SUM(M91:N91) -> 0 | R91: =SUM(P91:Q91) -> 0 | U91: =SUM(S91:T91) -> 0 | X91: =SUM(V91:W91) -> 0 | Z91: =+F91+I91+L91+O91+R91+U91+X91+Y91 -> 0 | AC91: =+AA91+AB91-Z91 -> 0 | AE91: =AC91+AD91 -> 0
B92: 1111089 | C92: ชิฟฟอน 8 ชิ้น เนยล้วน | F92: =SUM(D92:E92) -> 0 | I92: =SUM(G92:H92) -> 0 | L92: =SUM(J92:K92) -> 0 | O92: =SUM(M92:N92) -> 0 | R92: =SUM(P92:Q92) -> 0 | U92: =SUM(S92:T92) -> 0 | X92: =SUM(V92:W92) -> 0 | Z92: =+F92+I92+L92+O92+R92+U92+X92+Y92 -> 0 | AC92: =+AA92+AB92-Z92 -> 0 | AE92: =AC92+AD92 -> 0
B93: 1111094 | C93: ชิฟฟอน 8 ชิ้น ชาไทยล้วน | F93: =SUM(D93:E93) -> 0 | I93: =SUM(G93:H93) -> 0 | L93: =SUM(J93:K93) -> 0 | O93: =SUM(M93:N93) -> 0 | R93: =SUM(P93:Q93) -> 0 | U93: =SUM(S93:T93) -> 0 | X93: =SUM(V93:W93) -> 0 | Z93: =+F93+I93+L93+O93+R93+U93+X93+Y93 -> 0 | AC93: =+AA93+AB93-Z93 -> 0 | AE93: =AC93+AD93 -> 0
B94: 1111095 | C94: ชิฟฟอน 8 ชิ้น ชาเขียวล้วน | F94: =SUM(D94:E94) -> 0 | I94: =SUM(G94:H94) -> 0 | L94: =SUM(J94:K94) -> 0 | O94: =SUM(M94:N94) -> 0 | R94: =SUM(P94:Q94) -> 0 | U94: =SUM(S94:T94) -> 0 | X94: =SUM(V94:W94) -> 0 | Z94: =+F94+I94+L94+O94+R94+U94+X94+Y94 -> 0 | AC94: =+AA94+AB94-Z94 -> 0 | AE94: =AC94+AD94 -> 0
B95: 1111091 | C95: ชิฟฟอน 8 ชิ้น ใบเตยล้วน | F95: =SUM(D95:E95) -> 0 | I95: =SUM(G95:H95) -> 0 | L95: =SUM(J95:K95) -> 0 | O95: =SUM(M95:N95) -> 0 | R95: =SUM(P95:Q95) -> 0 | U95: =SUM(S95:T95) -> 0 | X95: =SUM(V95:W95) -> 0 | Z95: =+F95+I95+L95+O95+R95+U95+X95+Y95 -> 0 | AC95: =+AA95+AB95-Z95 -> 0 | AE95: =AC95+AD95 -> 0
B96: 1111086 | C96: ชิฟฟอน 8 ชิ้น มะพร้าวล้วน | F96: =SUM(D96:E96) -> 0 | I96: =SUM(G96:H96) -> 0 | L96: =SUM(J96:K96) -> 0 | O96: =SUM(M96:N96) -> 0 | R96: =SUM(P96:Q96) -> 0 | U96: =SUM(S96:T96) -> 0 | X96: =SUM(V96:W96) -> 0 | Z96: =+F96+I96+L96+O96+R96+U96+X96+Y96 -> 0 | AC96: =+AA96+AB96-Z96 -> 0 | AE96: =AC96+AD96 -> 0
B97: 20059548 | C97: มินบันไก่หยอง | F97: =SUM(D97:E97) -> 0 | I97: =SUM(G97:H97) -> 0 | L97: =SUM(J97:K97) -> 0 | O97: =SUM(M97:N97) -> 0 | R97: =SUM(P97:Q97) -> 0 | U97: =SUM(S97:T97) -> 0 | X97: =SUM(V97:W97) -> 0 | Z97: =+F97+I97+L97+O97+R97+U97+X97+Y97 -> 0 | AC97: =+AA97+AB97-Z97 -> 0 | AE97: =AC97+AD97 -> 0
B98: 1100044 | C98: หมี่กรอบโบราณ | F98: =SUM(D98:E98) -> 0 | I98: =SUM(G98:H98) -> 0 | L98: =SUM(J98:K98) -> 0 | O98: =SUM(M98:N98) -> 0 | R98: =SUM(P98:Q98) -> 0 | U98: =SUM(S98:T98) -> 0 | X98: =SUM(V98:W98) -> 0 | Z98: =+F98+I98+L98+O98+R98+U98+X98+Y98 -> 0 | AC98: =+AA98+AB98-Z98 -> 0 | AE98: =AC98+AD98 -> 0
B99: 1100045 | C99: ชิฟฟ่อนขนุน | F99: =SUM(D99:E99) -> 0 | I99: =SUM(G99:H99) -> 0 | L99: =SUM(J99:K99) -> 0 | O99: =SUM(M99:N99) -> 0 | R99: =SUM(P99:Q99) -> 0 | U99: =SUM(S99:T99) -> 0 | X99: =SUM(V99:W99) -> 0 | Z99: =+F99+I99+L99+O99+R99+U99+X99+Y99 -> 0 | AC99: =+AA99+AB99-Z99 -> 0 | AE99: =AC99+AD99 -> 0
B100: 1004062 | C100: เค้กลาวา ฝอยทองทูโทน (เล็ก) | F100: =SUM(D100:E100) -> 0 | I100: =SUM(G100:H100) -> 0 | L100: =SUM(J100:K100) -> 0 | O100: =SUM(M100:N100) -> 0 | R100: =SUM(P100:Q100) -> 0 | U100: =SUM(S100:T100) -> 0 | X100: =SUM(V100:W100) -> 0 | Y100: 14 | Z100: =+F100+I100+L100+O100+R100+U100+X100+Y100 -> 14 | AC100: =+AA100+AB100-Z100 -> -14 | AE100: =AC100+AD100 -> -14
...

Sheet 04.09.68
B1: ยอดจริง ออนไลน์ วันที่ 04/09/2568
B2: รหัสสินค้า | C2: สินค้า | D2: ปณ | G2: ชอปปี้ | J2: ลาซาด้า | M2: ติ๊กตอก | P2: ติ๊กตอก2 | S2: ติ๊กตอก3 | V2: ชอยส์ | Y2: ยอดเส้น | Z2: ยอดรวมผลิต(กล่อง) | AA2: ยอดForcast | AB2: ยอดStock | AC2: ยอดMemo | AD2: ยอดForcastวันพรุ่งนี้ | AE2: สินค้าที่ขายได้
D3: เช้า | E3: บ่าย | F3: รวม | G3: เช้า | H3: บ่าย | I3: รวม | J3: เช้า | K3: บ่าย | L3: รวม | M3: เช้า | N3: บ่าย | O3: รวม | P3: เช้า | Q3: บ่าย | R3: รวม | S3: เช้า | T3: บ่าย | U3: รวม | V3: เช้า | W3: บ่าย | X3: รวม
B4: 1004055 | C4: ชิฟฟ่อนเค้ก วรรณวนัช (รวมรส 4 ชิ้น) | D4: 1 | F4: =SUM(D4:E4) -> 1 | G4: 1 | I4: =SUM(G4:H4) -> 1 | J4: 2 | L4: =SUM(J4:K4) -> 2 | M4: 54 | O4: =SUM(M4:N4) -> 54 | P4: 12 | R4: =SUM(P4:Q4) -> 12 | U4: =SUM(S4:T4) -> 0 | X4: =SUM(V4:W4) -> 0 | Y4: 5 | Z4: =+F4+I4+L4+O4+R4+U4+X4+Y4 -> 75 | AA4: 100 | AB4: 6 | AC4: =+AA4+AB4-Z4 -> 31 | AD4: 100 | AE4: =AC4+AD4 -> 131
B5: 1111002 | C5: ชิฟฟ่อนเค้ก วรรณวนัช (รวมรส 8 ชิ้น) | D5: 2 | F5: =SUM(D5:E5) -> 2 | G5: 16 | I5: =SUM(G5:H5) -> 16 | J5: 23 | L5: =SUM(J5:K5) -> 23 | M5: 2 | O5: =SUM(M5:N5) -> 2 | R5: =SUM(P5:Q5) -> 0 | U5: =SUM(S5:T5) -> 0 | X5: =SUM(V5:W5) -> 0 | Z5: =+F5+I5+L5+O5+R5+U5+X5+Y5 -> 43 | AA5: 80 | AB5: 12 | AC5: =+AA5+AB5-Z5 -> 49 | AD5: 80 | AE5: =AC5+AD5 -> 129
B6: 1111055 | C6: วรรณวนัช ชิฟฟ่อนรวมรส 8 ชิ้น | F6: =SUM(D6:E6) -> 0 | I6: =SUM(G6:H6) -> 0 | L6: =SUM(J6:K6) -> 0 | O6: =SUM(M6:N6) -> 0 | R6: =SUM(P6:Q6) -> 0 | U6: =SUM(S6:T6) -> 0 | X6: =SUM(V6:W6) -> 0 | Z6: =+F6+I6+L6+O6+R6+U6+X6+Y6 -> 0 | AC6: =+AA6+AB6-Z6 -> 0 | AE6: =AC6+AD6 -> 0
B7: 1111084 | C7: ชิฟฟ่อนเค้ก รสกาแฟ (8 ชิ้น) | F7: =SUM(D7:E7) -> 0 | I7: =SUM(G7:H7) -> 0 | L7: =SUM(J7:K7) -> 0 | O7: =SUM(M7:N7) -> 0 | R7: =SUM(P7:Q7) -> 0 | U7: =SUM(S7:T7) -> 0 | X7: =SUM(V7:W7) -> 0 | Z7: =+F7+I7+L7+O7+R7+U7+X7+Y7 -> 0 | AC7: =+AA7+AB7-Z7 -> 0 | AE7: =AC7+AD7 -> 0
B8: 1111043 | C8: ชิฟฟอนรสมะลิ 8 ชิ้น ห่อ ซีน | F8: =SUM(D8:E8) -> 0 | I8: =SUM(G8:H8) -> 0 | L8: =SUM(J8:K8) -> 0 | O8: =SUM(M8:N8) -> 0 | R8: =SUM(P8:Q8) -> 0 | U8: =SUM(S8:T8) -> 0 | X8: =SUM(V8:W8) -> 0 | Z8: =+F8+I8+L8+O8+R8+U8+X8+Y8 -> 0 | AC8: =+AA8+AB8-Z8 -> 0 | AE8: =AC8+AD8 -> 0
B9: 1111057 | C9: ชิฟฟอนแยกชิ้น กาแฟ | F9: =SUM(D9:E9) -> 0 | G9: 10 | I9: =SUM(G9:H9) -> 10 | L9: =SUM(J9:K9) -> 0 | O9: =SUM(M9:N9) -> 0 | R9: =SUM(P9:Q9) -> 0 | U9: =SUM(S9:T9) -> 0 | X9: =SUM(V9:W9) -> 0 | Z9: =+F9+I9+L9+O9+R9+U9+X9+Y9 -> 10 | AC9: =+AA9+AB9-Z9 -> -10 | AD9: 5 | AE9: =AC9+AD9 -> -5
B10: 1111058 | C10: ชิฟฟอนแยกชิ้น มะลิ | F10: =SUM(D10:E10) -> 0 | G10: 10 | I10: =SUM(G10:H10) -> 10 | L10: =SUM(J10:K10) -> 0 | O10: =SUM(M10:N10) -> 0 | R10: =SUM(P10:Q10) -> 0 | U10: =SUM(S10:T10) -> 0 | X10: =SUM(V10:W10) -> 0 | Z10: =+F10+I10+L10+O10+R10+U10+X10+Y10 -> 10 | AC10: =+AA10+AB10-Z10 -> -10 | AE10: =AC10+AD10 -> -10
B11: 1111059 | C11: ชิฟฟอนแยกชิ้น ใบเตย | F11: =SUM(D11:E11) -> 0 | G11: 10 | I11: =SUM(G11:H11) -> 10 | L11: =SUM(J11:K11) -> 0 | O11: =SUM(M11:N11) -> 0 | R11: =SUM(P11:Q11) -> 0 | U11: =SUM(S11:T11) -> 0 | X11: =SUM(V11:W11) -> 0 | Z11: =+F11+I11+L11+O11+R11+U11+X11+Y11 -> 10 | AC11: =+AA11+AB11-Z11 -> -10 | AD11: 5 | AE11: =AC11+AD11 -> -5
B12: 1111060 | C12: ชิฟฟอนแยกชิ้น กล้วยหอม | F12: =SUM(D12:E12) -> 0 | G12: 9 | I12: =SUM(G12:H12) -> 9 | L12: =SUM(J12:K12) -> 0 | O12: =SUM(M12:N12) -> 0 | R12: =SUM(P12:Q12) -> 0 | U12: =SUM(S12:T12) -> 0 | X12: =SUM(V12:W12) -> 0 | Z12: =+F12+I12+L12+O12+R12+U12+X12+Y12 -> 9 | AC12: =+AA12+AB12-Z12 -> -9 | AD12: 5 | AE12: =AC12+AD12 -> -4
B13: 1111061 | C13: ชิฟฟอนแยกชิ้น ชาไทย | F13: =SUM(D13:E13) -> 0 | G13: 9 | I13: =SUM(G13:H13) -> 9 | L13: =SUM(J13:K13) -> 0 | O13: =SUM(M13:N13) -> 0 | R13: =SUM(P13:Q13) -> 0 | U13: =SUM(S13:T13) -> 0 | X13: =SUM(V13:W13) -> 0 | Z13: =+F13+I13+L13+O13+R13+U13+X13+Y13 -> 9 | AC13: =+AA13+AB13-Z13 -> -9 | AD13: 5 | AE13: =AC13+AD13 -> -4
B14: 1111062 | C14: ชิฟฟอนแยกชิ้น โกโก้ | F14: =SUM(D14:E14) -> 0 | G14: 9 | I14: =SUM(G14:H14) -> 9 | L14: =SUM(J14:K14) -> 0 | O14: =SUM(M14:N14) -> 0 | R14: =SUM(P14:Q14) -> 0 | U14: =SUM(S14:T14) -> 0 | X14: =SUM(V14:W14) -> 0 | Z14: =+F14+I14+L14+O14+R14+U14+X14+Y14 -> 9 | AC14: =+AA14+AB14-Z14 -> -9 | AD14: 5 | AE14: =AC14+AD14 -> -4
B15: 1111063 | C15: ชิฟฟอนแยกชิ้น ส้ม | F15: =SUM(D15:E15) -> 0 | G15: 9 | I15: =SUM(G15:H15) -> 9 | L15: =SUM(J15:K15) -> 0 | O15: =SUM(M15:N15) -> 0 | R15: =SUM(P15:Q15) -> 0 | U15: =SUM(S15:T15) -> 0 | X15: =SUM(V15:W15) -> 0 | Z15: =+F15+I15+L15+O15+R15+U15+X15+Y15 -> 9 | AC15: =+AA15+AB15-Z15 -> -9 | AD15: 5 | AE15: =AC15+AD15 -> -4
B16: 1111064 | C16: ชิฟฟอนแยกชิ้น เผือก | F16: =SUM(D16:E16) -> 0 | G16: 9 | I16: =SUM(G16:H16) -> 9 | L16: =SUM(J16:K16) -> 0 | O16: =SUM(M16:N16) -> 0 | R16: =SUM(P16:Q16) -> 0 | U16: =SUM(S16:T16) -> 0 | X16: =SUM(V16:W16) -> 0 | Z16: =+F16+I16+L16+O16+R16+U16+X16+Y16 -> 9 | AC16: =+AA16+AB16-Z16 -> -9 | AD16: 5 | AE16: =AC16+AD16 -> -4
B17: 1111065 | C17: ชิฟฟอนแยกชิ้น สับปะรด | F17: =SUM(D17:E17) -> 0 | G17: 9 | I17: =SUM(G17:H17) -> 9 | L17: =SUM(J17:K17) -> 0 | O17: =SUM(M17:N17) -> 0 | R17: =SUM(P17:Q17) -> 0 | U17: =SUM(S17:T17) -> 0 | X17: =SUM(V17:W17) -> 0 | Z17: =+F17+I17+L17+O17+R17+U17+X17+Y17 -> 9 | AC17: =+AA17+AB17-Z17 -> -9 | AE17: =AC17+AD17 -> -9
B18: 1111066 | C18: ชิฟฟอนแยกชิ้น สตอเบอรี่ | F18: =SUM(D18:E18) -> 0 | G18: 9 | I18: =SUM(G18:H18) -> 9 | L18: =SUM(J18:K18) -> 0 | O18: =SUM(M18:N18) -> 0 | R18: =SUM(P18:Q18) -> 0 | U18: =SUM(S18:T18) -> 0 | X18: =SUM(V18:W18) -> 0 | Z18: =+F18+I18+L18+O18+R18+U18+X18+Y18 -> 9 | AC18: =+AA18+AB18-Z18 -> -9 | AE18: =AC18+AD18 -> -9
B19: 1111067 | C19: ชิฟฟอนแยกชิ้น มะพร้าว | F19: =SUM(D19:E19) -> 0 | G19: 9 | I19: =SUM(G19:H19) -> 9 | L19: =SUM(J19:K19) -> 0 | O19: =SUM(M19:N19) -> 0 | R19: =SUM(P19:Q19) -> 0 | U19: =SUM(S19:T19) -> 0 | X19: =SUM(V19:W19) -> 0 | Z19: =+F19+I19+L19+O19+R19+U19+X19+Y19 -> 9 | AC19: =+AA19+AB19-Z19 -> -9 | AE19: =AC19+AD19 -> -9
B20: 1111068 | C20: ชิฟฟอนแยกชิ้น เนย | F20: =SUM(D20:E20) -> 0 | G20: 9 | I20: =SUM(G20:H20) -> 9 | L20: =SUM(J20:K20) -> 0 | O20: =SUM(M20:N20) -> 0 | R20: =SUM(P20:Q20) -> 0 | U20: =SUM(S20:T20) -> 0 | X20: =SUM(V20:W20) -> 0 | Z20: =+F20+I20+L20+O20+R20+U20+X20+Y20 -> 9 | AC20: =+AA20+AB20-Z20 -> -9 | AE20: =AC20+AD20 -> -9
B21: 1111069 | C21: ชิฟฟอนแยกชิ้น บลูเบอรี่ | F21: =SUM(D21:E21) -> 0 | G21: 9 | I21: =SUM(G21:H21) -> 9 | L21: =SUM(J21:K21) -> 0 | O21: =SUM(M21:N21) -> 0 | R21: =SUM(P21:Q21) -> 0 | U21: =SUM(S21:T21) -> 0 | X21: =SUM(V21:W21) -> 0 | Z21: =+F21+I21+L21+O21+R21+U21+X21+Y21 -> 9 | AC21: =+AA21+AB21-Z21 -> -9 | AE21: =AC21+AD21 -> -9
B22: 1111070 | C22: ชิฟฟอนแยกชิ้น ทุเรียน | F22: =SUM(D22:E22) -> 0 | I22: =SUM(G22:H22) -> 0 | L22: =SUM(J22:K22) -> 0 | O22: =SUM(M22:N22) -> 0 | R22: =SUM(P22:Q22) -> 0 | U22: =SUM(S22:T22) -> 0 | X22: =SUM(V22:W22) -> 0 | Z22: =+F22+I22+L22+O22+R22+U22+X22+Y22 -> 0 | AC22: =+AA22+AB22-Z22 -> 0 | AE22: =AC22+AD22 -> 0
B23: 1111071 | C23: ชิฟฟอนแยกชิ้น ตาล | F23: =SUM(D23:E23) -> 0 | I23: =SUM(G23:H23) -> 0 | L23: =SUM(J23:K23) -> 0 | O23: =SUM(M23:N23) -> 0 | R23: =SUM(P23:Q23) -> 0 | U23: =SUM(S23:T23) -> 0 | X23: =SUM(V23:W23) -> 0 | Z23: =+F23+I23+L23+O23+R23+U23+X23+Y23 -> 0 | AC23: =+AA23+AB23-Z23 -> 0 | AE23: =AC23+AD23 -> 0
B24: 1111010 | C24: ชิฟฟ่อนเค้กสอดไส้แยม (1 ชิ้น) แยมสับปะรด | F24: =SUM(D24:E24) -> 0 | I24: =SUM(G24:H24) -> 0 | L24: =SUM(J24:K24) -> 0 | O24: =SUM(M24:N24) -> 0 | R24: =SUM(P24:Q24) -> 0 | U24: =SUM(S24:T24) -> 0 | X24: =SUM(V24:W24) -> 0 | Z24: =+F24+I24+L24+O24+R24+U24+X24+Y24 -> 0 | AC24: =+AA24+AB24-Z24 -> 0 | AE24: =AC24+AD24 -> 0
B25: 1111008 | C25: ชิฟฟ่อนเค้ก สอดไส้ (รวมรส 3 ชิ้น) | D25: 2 | F25: =SUM(D25:E25) -> 2 | G25: 7 | I25: =SUM(G25:H25) -> 7 | L25: =SUM(J25:K25) -> 0 | M25: 36 | O25: =SUM(M25:N25) -> 36 | R25: =SUM(P25:Q25) -> 0 | U25: =SUM(S25:T25) -> 0 | X25: =SUM(V25:W25) -> 0 | Z25: =+F25+I25+L25+O25+R25+U25+X25+Y25 -> 45 | AA25: 45 | AB25: 3 | AC25: =+AA25+AB25-Z25 -> 3 | AD25: 45 | AE25: =AC25+AD25 -> 48
B26: 1111009 | C26: ชิฟฟ่อนเค้ก สอดไส้ (รวมรส 6 ชิ้น) | D26: 1 | F26: =SUM(D26:E26) -> 1 | G26: 3 | I26: =SUM(G26:H26) -> 3 | J26: 6 | L26: =SUM(J26:K26) -> 6 | M26: 3 | O26: =SUM(M26:N26) -> 3 | R26: =SUM(P26:Q26) -> 0 | U26: =SUM(S26:T26) -> 0 | X26: =SUM(V26:W26) -> 0 | Y26: 2 | Z26: =+F26+I26+L26+O26+R26+U26+X26+Y26 -> 15 | AB26: 17 | AC26: =+AA26+AB26-Z26 -> 2 | AD26: 20 | AE26: =AC26+AD26 -> 22
B27: 1111011 | C27: ชิฟฟ่อนเค้กสอดไส้ นมชมพูฮอกไกโด (3 ชิ้น) | F27: =SUM(D27:E27) -> 0 | I27: =SUM(G27:H27) -> 0 | L27: =SUM(J27:K27) -> 0 | O27: =SUM(M27:N27) -> 0 | R27: =SUM(P27:Q27) -> 0 | U27: =SUM(S27:T27) -> 0 | X27: =SUM(V27:W27) -> 0 | Z27: =+F27+I27+L27+O27+R27+U27+X27+Y27 -> 0 | AC27: =+AA27+AB27-Z27 -> 0 | AE27: =AC27+AD27 -> 0
B28: 1111012 | C28: ชิฟฟ่อนเค้กสอดไส้ นมชมพูฮอกไกโด (6 ชิ้น) | F28: =SUM(D28:E28) -> 0 | I28: =SUM(G28:H28) -> 0 | L28: =SUM(J28:K28) -> 0 | O28: =SUM(M28:N28) -> 0 | R28: =SUM(P28:Q28) -> 0 | U28: =SUM(S28:T28) -> 0 | X28: =SUM(V28:W28) -> 0 | Z28: =+F28+I28+L28+O28+R28+U28+X28+Y28 -> 0 | AC28: =+AA28+AB28-Z28 -> 0 | AE28: =AC28+AD28 -> 0
B29: 1111013 | C29: ชิฟฟ่อนเค้กสอดไส้ ช็อคโกแลตนูเทลล่า (3 ชิ้น) | F29: =SUM(D29:E29) -> 0 | I29: =SUM(G29:H29) -> 0 | L29: =SUM(J29:K29) -> 0 | O29: =SUM(M29:N29) -> 0 | R29: =SUM(P29:Q29) -> 0 | U29: =SUM(S29:T29) -> 0 | X29: =SUM(V29:W29) -> 0 | Z29: =+F29+I29+L29+O29+R29+U29+X29+Y29 -> 0 | AC29: =+AA29+AB29-Z29 -> 0 | AE29: =AC29+AD29 -> 0
B30: 1111014 | C30: ชิฟฟ่อนเค้กสอดไส้ ช็อคโกแลตนูเทลล่า (6 ชิ้น) | F30: =SUM(D30:E30) -> 0 | I30: =SUM(G30:H30) -> 0 | L30: =SUM(J30:K30) -> 0 | O30: =SUM(M30:N30) -> 0 | R30: =SUM(P30:Q30) -> 0 | U30: =SUM(S30:T30) -> 0 | X30: =SUM(V30:W30) -> 0 | Z30: =+F30+I30+L30+O30+R30+U30+X30+Y30 -> 0 | AC30: =+AA30+AB30-Z30 -> 0 | AE30: =AC30+AD30 -> 0
B31: 1111015 | C31: ชิฟฟ่อนเค้กสอดไส้เนย รสมะพร้าว (3 ชิ้น) | F31: =SUM(D31:E31) -> 0 | I31: =SUM(G31:H31) -> 0 | L31: =SUM(J31:K31) -> 0 | O31: =SUM(M31:N31) -> 0 | R31: =SUM(P31:Q31) -> 0 | U31: =SUM(S31:T31) -> 0 | X31: =SUM(V31:W31) -> 0 | Z31: =+F31+I31+L31+O31+R31+U31+X31+Y31 -> 0 | AC31: =+AA31+AB31-Z31 -> 0 | AE31: =AC31+AD31 -> 0
B32: 1111016 | C32: ชิฟฟ่อนเค้กสอดไส้เนย รสมะพร้าว (6 ชิ้น) | F32: =SUM(D32:E32) -> 0 | I32: =SUM(G32:H32) -> 0 | L32: =SUM(J32:K32) -> 0 | O32: =SUM(M32:N32) -> 0 | R32: =SUM(P32:Q32) -> 0 | U32: =SUM(S32:T32) -> 0 | X32: =SUM(V32:W32) -> 0 | Z32: =+F32+I32+L32+O32+R32+U32+X32+Y32 -> 0 | AC32: =+AA32+AB32-Z32 -> 0 | AE32: =AC32+AD32 -> 0
B33: 1111017 | C33: ชิฟฟ่อนเค้กสอดไส้แยม รสบลูเบอร์รี่ (3 ชิ้น) | F33: =SUM(D33:E33) -> 0 | I33: =SUM(G33:H33) -> 0 | L33: =SUM(J33:K33) -> 0 | O33: =SUM(M33:N33) -> 0 | R33: =SUM(P33:Q33) -> 0 | U33: =SUM(S33:T33) -> 0 | X33: =SUM(V33:W33) -> 0 | Z33: =+F33+I33+L33+O33+R33+U33+X33+Y33 -> 0 | AC33: =+AA33+AB33-Z33 -> 0 | AE33: =AC33+AD33 -> 0
B34: 1111018 | C34: ชิฟฟ่อนเค้กสอดไส้แยม รสบลูเบอร์รี่ (6 ชิ้น) | F34: =SUM(D34:E34) -> 0 | I34: =SUM(G34:H34) -> 0 | L34: =SUM(J34:K34) -> 0 | O34: =SUM(M34:N34) -> 0 | R34: =SUM(P34:Q34) -> 0 | U34: =SUM(S34:T34) -> 0 | X34: =SUM(V34:W34) -> 0 | Z34: =+F34+I34+L34+O34+R34+U34+X34+Y34 -> 0 | AC34: =+AA34+AB34-Z34 -> 0 | AE34: =AC34+AD34 -> 0
B35: 1111019 | C35: ชิฟฟ่อนเค้กหน้าฝอยทอง สอดไส้แยมส้ม (3 ชิ้น) | F35: =SUM(D35:E35) -> 0 | I35: =SUM(G35:H35) -> 0 | L35: =SUM(J35:K35) -> 0 | O35: =SUM(M35:N35) -> 0 | R35: =SUM(P35:Q35) -> 0 | U35: =SUM(S35:T35) -> 0 | X35: =SUM(V35:W35) -> 0 | Z35: =+F35+I35+L35+O35+R35+U35+X35+Y35 -> 0 | AC35: =+AA35+AB35-Z35 -> 0 | AE35: =AC35+AD35 -> 0
B36: 1111020 | C36: ชิฟฟ่อนเค้กหน้าฝอยทอง สอดไส้แยมส้ม (6 ชิ้น) | F36: =SUM(D36:E36) -> 0 | I36: =SUM(G36:H36) -> 0 | L36: =SUM(J36:K36) -> 0 | O36: =SUM(M36:N36) -> 0 | R36: =SUM(P36:Q36) -> 0 | U36: =SUM(S36:T36) -> 0 | X36: =SUM(V36:W36) -> 0 | Z36: =+F36+I36+L36+O36+R36+U36+X36+Y36 -> 0 | AC36: =+AA36+AB36-Z36 -> 0 | AE36: =AC36+AD36 -> 0
B37: 1111022 | C37: ชิฟฟ่อนเค้กสอดไส้แยม รสสตรอว์เบอร์รี (3 ชิ้น) | F37: =SUM(D37:E37) -> 0 | I37: =SUM(G37:H37) -> 0 | L37: =SUM(J37:K37) -> 0 | O37: =SUM(M37:N37) -> 0 | R37: =SUM(P37:Q37) -> 0 | U37: =SUM(S37:T37) -> 0 | X37: =SUM(V37:W37) -> 0 | Z37: =+F37+I37+L37+O37+R37+U37+X37+Y37 -> 0 | AC37: =+AA37+AB37-Z37 -> 0 | AE37: =AC37+AD37 -> 0
B38: 1111023 | C38: ชิฟฟ่อนเค้กสอดไส้แยม รสสตรอว์เบอร์รี (6 ชิ้น) | F38: =SUM(D38:E38) -> 0 | I38: =SUM(G38:H38) -> 0 | L38: =SUM(J38:K38) -> 0 | O38: =SUM(M38:N38) -> 0 | R38: =SUM(P38:Q38) -> 0 | U38: =SUM(S38:T38) -> 0 | X38: =SUM(V38:W38) -> 0 | Z38: =+F38+I38+L38+O38+R38+U38+X38+Y38 -> 0 | AC38: =+AA38+AB38-Z38 -> 0 | AE38: =AC38+AD38 -> 0
... B40: 1111025 | C40: ชิฟฟ่อนเค้กสอดไส้แยม รสส้ม (6 ชิ้น) | F40: =SUM(D40:E40) -> 0 | I40: =SUM(G40:H40) -> 0 | L40: =SUM(J40:K40) -> 0 | O40: =SUM(M40:N40) -> 0 | R40: =SUM(P40:Q40) -> 0 | U40: =SUM(S40:T40) -> 0 | X40: =SUM(V40:W40) -> 0 | Z40: =+F40+I40+L40+O40+R40+U40+X40+Y40 -> 0 | AC40: =+AA40+AB40-Z40 -> 0 | AE40: =AC40+AD40 -> 0
B41: 1111056 | C41: ชิฟฟอนรวมรสยอดฮิต 8 ชิ้น | D41: 1 | F41: =SUM(D41:E41) -> 1 | G41: 2 | I41: =SUM(G41:H41) -> 2 | J41: 2 | L41: =SUM(J41:K41) -> 2 | O41: =SUM(M41:N41) -> 0 | R41: =SUM(P41:Q41) -> 0 | U41: =SUM(S41:T41) -> 0 | X41: =SUM(V41:W41) -> 0 | Z41: =+F41+I41+L41+O41+R41+U41+X41+Y41 -> 5 | AA41: 10 | AC41: =+AA41+AB41-Z41 -> 5 | AE41: =AC41+AD41 -> 5
B42: 1111074 | C42: ชิฟฟอนไส้แยมแยกชิ้น มะพร้าว | D42: 3 | F42: =SUM(D42:E42) -> 3 | G42: 12 | I42: =SUM(G42:H42) -> 12 | L42: =SUM(J42:K42) -> 0 | O42: =SUM(M42:N42) -> 0 | R42: =SUM(P42:Q42) -> 0 | U42: =SUM(S42:T42) -> 0 | X42: =SUM(V42:W42) -> 0 | Z42: =+F42+I42+L42+O42+R42+U42+X42+Y42 -> 15 | AC42: =+AA42+AB42-Z42 -> -15 | AD42: 5 | AE42: =AC42+AD42 -> -10
B43: 1111075 | C43: ชิฟฟอนไส้แยมแยกชิ้น สตอเบอรี่ | D43: 3 | F43: =SUM(D43:E43) -> 3 | G43: 12 | I43: =SUM(G43:H43) -> 12 | L43: =SUM(J43:K43) -> 0 | O43: =SUM(M43:N43) -> 0 | R43: =SUM(P43:Q43) -> 0 | U43: =SUM(S43:T43) -> 0 | X43: =SUM(V43:W43) -> 0 | Z43: =+F43+I43+L43+O43+R43+U43+X43+Y43 -> 15 | AC43: =+AA43+AB43-Z43 -> -15 | AD43: 5 | AE43: =AC43+AD43 -> -10
B44: 1111076 | C44: ชิฟฟอนไส้แยมแยกชิ้น ส้ม | D44: 3 | F44: =SUM(D44:E44) -> 3 | G44: 12 | I44: =SUM(G44:H44) -> 12 | L44: =SUM(J44:K44) -> 0 | O44: =SUM(M44:N44) -> 0 | R44: =SUM(P44:Q44) -> 0 | U44: =SUM(S44:T44) -> 0 | X44: =SUM(V44:W44) -> 0 | Z44: =+F44+I44+L44+O44+R44+U44+X44+Y44 -> 15 | AC44: =+AA44+AB44-Z44 -> -15 | AD44: 5 | AE44: =AC44+AD44 -> -10
B45: 1111077 | C45: ชิฟฟอนไส้แยมแยกชิ้น บลูเบอรี่ | D45: 3 | F45: =SUM(D45:E45) -> 3 | G45: 12 | I45: =SUM(G45:H45) -> 12 | L45: =SUM(J45:K45) -> 0 | O45: =SUM(M45:N45) -> 0 | R45: =SUM(P45:Q45) -> 0 | U45: =SUM(S45:T45) -> 0 | X45: =SUM(V45:W45) -> 0 | Z45: =+F45+I45+L45+O45+R45+U45+X45+Y45 -> 15 | AC45: =+AA45+AB45-Z45 -> -15 | AD45: 5 | AE45: =AC45+AD45 -> -10
B46: 1111078 | C46: ชิฟฟอนไส้แยมแยกชิ้น นมชมพู | D46: 3 | F46: =SUM(D46:E46) -> 3 | G46: 12 | I46: =SUM(G46:H46) -> 12 | L46: =SUM(J46:K46) -> 0 | O46: =SUM(M46:N46) -> 0 | R46: =SUM(P46:Q46) -> 0 | U46: =SUM(S46:T46) -> 0 | X46: =SUM(V46:W46) -> 0 | Z46: =+F46+I46+L46+O46+R46+U46+X46+Y46 -> 15 | AC46: =+AA46+AB46-Z46 -> -15 | AD46: 5 | AE46: =AC46+AD46 -> -10
B47: 1111079 | C47: ชิฟฟอนไส้แยมแยกชิ้น ชอคโกแลต | D47: 3 | F47: =SUM(D47:E47) -> 3 | G47: 12 | I47: =SUM(G47:H47) -> 12 | L47: =SUM(J47:K47) -> 0 | O47: =SUM(M47:N47) -> 0 | R47: =SUM(P47:Q47) -> 0 | U47: =SUM(S47:T47) -> 0 | X47: =SUM(V47:W47) -> 0 | Z47: =+F47+I47+L47+O47+R47+U47+X47+Y47 -> 15 | AC47: =+AA47+AB47-Z47 -> -15 | AD47: 5 | AE47: =AC47+AD47 -> -10
B48: 1111080 | C48: ชิฟฟอนไส้แยมแยกชิ้น ฝอยทอง | D48: 3 | F48: =SUM(D48:E48) -> 3 | G48: 12 | I48: =SUM(G48:H48) -> 12 | L48: =SUM(J48:K48) -> 0 | O48: =SUM(M48:N48) -> 0 | R48: =SUM(P48:Q48) -> 0 | U48: =SUM(S48:T48) -> 0 | X48: =SUM(V48:W48) -> 0 | Z48: =+F48+I48+L48+O48+R48+U48+X48+Y48 -> 15 | AC48: =+AA48+AB48-Z48 -> -15 | AD48: 5 | AE48: =AC48+AD48 -> -10
B49: 1111081 | C49: ชิฟฟอนไส้แยมแยกชิ้น วนิลา | D49: 3 | F49: =SUM(D49:E49) -> 3 | G49: 12 | I49: =SUM(G49:H49) -> 12 | L49: =SUM(J49:K49) -> 0 | O49: =SUM(M49:N49) -> 0 | R49: =SUM(P49:Q49) -> 0 | U49: =SUM(S49:T49) -> 0 | X49: =SUM(V49:W49) -> 0 | Z49: =+F49+I49+L49+O49+R49+U49+X49+Y49 -> 15 | AC49: =+AA49+AB49-Z49 -> -15 | AD49: 5 | AE49: =AC49+AD49 -> -10
B50: 1111082 | C50: ชิฟฟอนไส้แยมแยกชิ้น ใบเตย | D50: 3 | F50: =SUM(D50:E50) -> 3 | G50: 12 | I50: =SUM(G50:H50) -> 12 | L50: =SUM(J50:K50) -> 0 | O50: =SUM(M50:N50) -> 0 | R50: =SUM(P50:Q50) -> 0 | U50: =SUM(S50:T50) -> 0 | X50: =SUM(V50:W50) -> 0 | Z50: =+F50+I50+L50+O50+R50+U50+X50+Y50 -> 15 | AC50: =+AA50+AB50-Z50 -> -15 | AD50: 5 | AE50: =AC50+AD50 -> -10
B51: 1111083 | C51: ชิฟฟอนไส้แยมแยกชิ้น เมล่อน | D51: 3 | F51: =SUM(D51:E51) -> 3 | G51: 12 | I51: =SUM(G51:H51) -> 12 | L51: =SUM(J51:K51) -> 0 | O51: =SUM(M51:N51) -> 0 | R51: =SUM(P51:Q51) -> 0 | U51: =SUM(S51:T51) -> 0 | X51: =SUM(V51:W51) -> 0 | Z51: =+F51+I51+L51+O51+R51+U51+X51+Y51 -> 15 | AC51: =+AA51+AB51-Z51 -> -15 | AD51: 5 | AE51: =AC51+AD51 -> -10
B52: 1112002 | C52: เค้กเบาหวิว รสกาแฟ (300 กรัม) | F52: =SUM(D52:E52) -> 0 | I52: =SUM(G52:H52) -> 0 | L52: =SUM(J52:K52) -> 0 | O52: =SUM(M52:N52) -> 0 | R52: =SUM(P52:Q52) -> 0 | U52: =SUM(S52:T52) -> 0 | X52: =SUM(V52:W52) -> 0 | Z52: =+F52+I52+L52+O52+R52+U52+X52+Y52 -> 0 | AC52: =+AA52+AB52-Z52 -> 0 | AE52: =AC52+AD52 -> 0
B53: 1112003 | C53: เค้กเบาหวิว รสกาแฟ (110 กรัม) | D53: 4 | F53: =SUM(D53:E53) -> 4 | G53: 1 | I53: =SUM(G53:H53) -> 1 | J53: 1 | L53: =SUM(J53:K53) -> 1 | M53: 41 | O53: =SUM(M53:N53) -> 41 | P53: 5 | R53: =SUM(P53:Q53) -> 5 | U53: =SUM(S53:T53) -> 0 | X53: =SUM(V53:W53) -> 0 | Z53: =+F53+I53+L53+O53+R53+U53+X53+Y53 -> 52 | AA53: 161 | AB53: 123 | AC53: =+AA53+AB53-Z53 -> 232 | AD53: 65 | AE53: =AC53+AD53 -> 297
B54: 1112004 | C54: เค้กเบาหวิว รสเนยนม (300 กรัม) | F54: =SUM(D54:E54) -> 0 | I54: =SUM(G54:H54) -> 0 | L54: =SUM(J54:K54) -> 0 | O54: =SUM(M54:N54) -> 0 | R54: =SUM(P54:Q54) -> 0 | U54: =SUM(S54:T54) -> 0 | X54: =SUM(V54:W54) -> 0 | Z54: =+F54+I54+L54+O54+R54+U54+X54+Y54 -> 0 | AC54: =+AA54+AB54-Z54 -> 0 | AE54: =AC54+AD54 -> 0
B55: 1112005 | C55: เค้กเบาหวิว รสเนยนม (110 กรัม) | D55: 6 | F55: =SUM(D55:E55) -> 6 | G55: 1 | I55: =SUM(G55:H55) -> 1 | L55: =SUM(J55:K55) -> 0 | M55: 41 | O55: =SUM(M55:N55) -> 41 | P55: 8 | R55: =SUM(P55:Q55) -> 8 | U55: =SUM(S55:T55) -> 0 | X55: =SUM(V55:W55) -> 0 | Z55: =+F55+I55+L55+O55+R55+U55+X55+Y55 -> 56 | AA55: 165 | AB55: 126 | AC55: =+AA55+AB55-Z55 -> 235 | AD55: 65 | AE55: =AC55+AD55 -> 300
B56: 1112008 | C56: เค้กเบาหวิว รสมะพร้าวน้ำหอม (300 กรัม) | F56: =SUM(D56:E56) -> 0 | I56: =SUM(G56:H56) -> 0 | L56: =SUM(J56:K56) -> 0 | O56: =SUM(M56:N56) -> 0 | R56: =SUM(P56:Q56) -> 0 | U56: =SUM(S56:T56) -> 0 | X56: =SUM(V56:W56) -> 0 | Z56: =+F56+I56+L56+O56+R56+U56+X56+Y56 -> 0 | AC56: =+AA56+AB56-Z56 -> 0 | AE56: =AC56+AD56 -> 0
B57: 1112009 | C57: เค้กเบาหวิว รสมะพร้าวน้ำหอม (110 กรัม) | D57: 6 | F57: =SUM(D57:E57) -> 6 | I57: =SUM(G57:H57) -> 0 | L57: =SUM(J57:K57) -> 0 | M57: 41 | O57: =SUM(M57:N57) -> 41 | P57: 5 | R57: =SUM(P57:Q57) -> 5 | U57: =SUM(S57:T57) -> 0 | X57: =SUM(V57:W57) -> 0 | Z57: =+F57+I57+L57+O57+R57+U57+X57+Y57 -> 52 | AA57: 163 | AB57: 126 | AC57: =+AA57+AB57-Z57 -> 237 | AD57: 65 | AE57: =AC57+AD57 -> 302
B58: 1112010 | C58: เค้กเบาหวิว หน้าฝอยทอง (300 กรัม) | F58: =SUM(D58:E58) -> 0 | I58: =SUM(G58:H58) -> 0 | L58: =SUM(J58:K58) -> 0 | O58: =SUM(M58:N58) -> 0 | R58: =SUM(P58:Q58) -> 0 | U58: =SUM(S58:T58) -> 0 | X58: =SUM(V58:W58) -> 0 | Z58: =+F58+I58+L58+O58+R58+U58+X58+Y58 -> 0 | AC58: =+AA58+AB58-Z58 -> 0 | AE58: =AC58+AD58 -> 0
B59: 1112011 | C59: เค้กเบาหวิว หน้าฝอยทอง (110 กรัม) | D59: 6 | F59: =SUM(D59:E59) -> 6 | I59: =SUM(G59:H59) -> 0 | J59: 10 | L59: =SUM(J59:K59) -> 10 | M59: 40 | O59: =SUM(M59:N59) -> 40 | P59: 5 | R59: =SUM(P59:Q59) -> 5 | U59: =SUM(S59:T59) -> 0 | X59: =SUM(V59:W59) -> 0 | Z59: =+F59+I59+L59+O59+R59+U59+X59+Y59 -> 61 | AA59: 165 | AB59: 117 | AC59: =+AA59+AB59-Z59 -> 221 | AD59: 65 | AE59: =AC59+AD59 -> 286
B60: 1112012 | C60: เค้กเบาหวิว รสเผือกหน้ามะพร้าวเผา (300 กรัม) | F60: =SUM(D60:E60) -> 0 | I60: =SUM(G60:H60) -> 0 | L60: =SUM(J60:K60) -> 0 | O60: =SUM(M60:N60) -> 0 | R60: =SUM(P60:Q60) -> 0 | U60: =SUM(S60:T60) -> 0 | X60: =SUM(V60:W60) -> 0 | Z60: =+F60+I60+L60+O60+R60+U60+X60+Y60 -> 0 | AC60: =+AA60+AB60-Z60 -> 0 | AE60: =AC60+AD60 -> 0
B61: 1112013 | C61: เค้กเบาหวิว รสเผือกหน้ามะพร้าวเผา (110 กรัม) | D61: 5 | F61: =SUM(D61:E61) -> 5 | G61: 1 | I61: =SUM(G61:H61) -> 1 | J61: 1 | L61: =SUM(J61:K61) -> 1 | M61: 41 | O61: =SUM(M61:N61) -> 41 | P61: 5 | R61: =SUM(P61:Q61) -> 5 | U61: =SUM(S61:T61) -> 0 | X61: =SUM(V61:W61) -> 0 | Z61: =+F61+I61+L61+O61+R61+U61+X61+Y61 -> 53 | AA61: 165 | AB61: 123 | AC61: =+AA61+AB61-Z61 -> 235 | AD61: 65 | AE61: =AC61+AD61 -> 300
B62: 1112014 | C62: เค้กเบาหวิว รสกล้วยหอมหน้ามะพร้าวเผา (300 กรัม) | F62: =SUM(D62:E62) -> 0 | I62: =SUM(G62:H62) -> 0 | L62: =SUM(J62:K62) -> 0 | O62: =SUM(M62:N62) -> 0 | R62: =SUM(P62:Q62) -> 0 | U62: =SUM(S62:T62) -> 0 | X62: =SUM(V62:W62) -> 0 | Z62: =+F62+I62+L62+O62+R62+U62+X62+Y62 -> 0 | AC62: =+AA62+AB62-Z62 -> 0 | AE62: =AC62+AD62 -> 0
B63: 1112015 | C63: เค้กเบาหวิว รสกล้วยหอมหน้ามะพร้าวเผา (110 กรัม) | D63: 4 | F63: =SUM(D63:E63) -> 4 | G63: 1 | I63: =SUM(G63:H63) -> 1 | J63: 1 | L63: =SUM(J63:K63) -> 1 | M63: 41 | O63: =SUM(M63:N63) -> 41 | P63: 5 | R63: =SUM(P63:Q63) -> 5 | U63: =SUM(S63:T63) -> 0 | X63: =SUM(V63:W63) -> 0 | Z63: =+F63+I63+L63+O63+R63+U63+X63+Y63 -> 52 | AA63: 163 | AB63: 123 | AC63: =+AA63+AB63-Z63 -> 234 | AD63: 65 | AE63: =AC63+AD63 -> 299
B64: 1112017 | C64: เค้กเบาหวิว รสตาลหอม (110 กรัม) | F64: =SUM(D64:E64) -> 0 | I64: =SUM(G64:H64) -> 0 | L64: =SUM(J64:K64) -> 0 | O64: =SUM(M64:N64) -> 0 | R64: =SUM(P64:Q64) -> 0 | U64: =SUM(S64:T64) -> 0 | X64: =SUM(V64:W64) -> 0 | Z64: =+F64+I64+L64+O64+R64+U64+X64+Y64 -> 0 | AC64: =+AA64+AB64-Z64 -> 0 | AE64: =AC64+AD64 -> 0
B65: 1100003 | C65: เมอร์แรงค์ (กระปุก) | F65: =SUM(D65:E65) -> 0 | I65: =SUM(G65:H65) -> 0 | L65: =SUM(J65:K65) -> 0 | O65: =SUM(M65:N65) -> 0 | R65: =SUM(P65:Q65) -> 0 | U65: =SUM(S65:T65) -> 0 | X65: =SUM(V65:W65) -> 0 | Z65: =+F65+I65+L65+O65+R65+U65+X65+Y65 -> 0 | AC65: =+AA65+AB65-Z65 -> 0 | AE65: =AC65+AD65 -> 0
B66: 20039042 | C66: ขนมปังเนยนิ่ม 3 ชิ้น | F66: =SUM(D66:E66) -> 0 | I66: =SUM(G66:H66) -> 0 | L66: =SUM(J66:K66) -> 0 | O66: =SUM(M66:N66) -> 0 | R66: =SUM(P66:Q66) -> 0 | U66: =SUM(S66:T66) -> 0 | X66: =SUM(V66:W66) -> 0 | Z66: =+F66+I66+L66+O66+R66+U66+X66+Y66 -> 0 | AC66: =+AA66+AB66-Z66 -> 0 | AE66: =AC66+AD66 -> 0
B67: 1114501 | C67: ครีมฮอร์นวนิลา เนยสด | F67: =SUM(D67:E67) -> 0 | G67: 17 | I67: =SUM(G67:H67) -> 17 | J67: 8 | L67: =SUM(J67:K67) -> 8 | M67: 143 | O67: =SUM(M67:N67) -> 143 | P67: 4 | R67: =SUM(P67:Q67) -> 4 | U67: =SUM(S67:T67) -> 0 | X67: =SUM(V67:W67) -> 0 | Z67: =+F67+I67+L67+O67+R67+U67+X67+Y67 -> 172 | AA67: 2 | AB67: 216 | AC67: =+AA67+AB67-Z67 -> 46 | AD67: 200 | AE67: =AC67+AD67 -> 246
B68: 1114502 | C68: ครีมฮอร์นใบเตย เนยสด | F68: =SUM(D68:E68) -> 0 | G68: 2 | I68: =SUM(G68:H68) -> 2 | J68: 3 | L68: =SUM(J68:K68) -> 3 | M68: 143 | O68: =SUM(M68:N68) -> 143 | P68: 4 | R68: =SUM(P68:Q68) -> 4 | U68: =SUM(S68:T68) -> 0 | X68: =SUM(V68:W68) -> 0 | Z68: =+F68+I68+L68+O68+R68+U68+X68+Y68 -> 152 | AA68: 2 | AB68: 155 | AC68: =+AA68+AB68-Z68 -> 5 | AD68: 150 | AE68: =AC68+AD68 -> 155
B69: 1114503 | C69: ครีมฮอร์นช็อคโกแลต เนยสด | F69: =SUM(D69:E69) -> 0 | G69: 2 | I69: =SUM(G69:H69) -> 2 | J69: 4 | L69: =SUM(J69:K69) -> 4 | M69: 143 | O69: =SUM(M69:N69) -> 143 | P69: 4 | R69: =SUM(P69:Q69) -> 4 | U69: =SUM(S69:T69) -> 0 | X69: =SUM(V69:W69) -> 0 | Z69: =+F69+I69+L69+O69+R69+U69+X69+Y69 -> 153 | AA69: 70 | AB69: 90 | AC69: =+AA69+AB69-Z69 -> 7 | AD69: 150 | AE69: =AC69+AD69 -> 157
B70: 1124021 | C70: ขนมปังแถว 430 g | F70: =SUM(D70:E70) -> 0 | G70: 3 | I70: =SUM(G70:H70) -> 3 | J70: 12 | L70: =SUM(J70:K70) -> 12 | M70: 58 | O70: =SUM(M70:N70) -> 58 | P70: 4 | R70: =SUM(P70:Q70) -> 4 | U70: =SUM(S70:T70) -> 0 | X70: =SUM(V70:W70) -> 0 | Z70: =+F70+I70+L70+O70+R70+U70+X70+Y70 -> 77 | AA70: 50 | AB70: 37 | AC70: =+AA70+AB70-Z70 -> 10 | AD70: 40 | AE70: =AC70+AD70 -> 50
B71: 1005761 | C71: ขนมปังกรอบคาราเมล | F71: =SUM(D71:E71) -> 0 | I71: =SUM(G71:H71) -> 0 | L71: =SUM(J71:K71) -> 0 | O71: =SUM(M71:N71) -> 0 | R71: =SUM(P71:Q71) -> 0 | U71: =SUM(S71:T71) -> 0 | X71: =SUM(V71:W71) -> 0 | Z71: =+F71+I71+L71+O71+R71+U71+X71+Y71 -> 0 | AC71: =+AA71+AB71-Z71 -> 0 | AE71: =AC71+AD71 -> 0
B72: 1100001 | C72: พายสัปปะรด (1 ชิ้น) | F72: =SUM(D72:E72) -> 0 | I72: =SUM(G72:H72) -> 0 | L72: =SUM(J72:K72) -> 0 | O72: =SUM(M72:N72) -> 0 | R72: =SUM(P72:Q72) -> 0 | U72: =SUM(S72:T72) -> 0 | X72: =SUM(V72:W72) -> 0 | Z72: =+F72+I72+L72+O72+R72+U72+X72+Y72 -> 0 | AC72: =+AA72+AB72-Z72 -> 0 | AE72: =AC72+AD72 -> 0
B73: 1100002 | C73: พายสัปปะรด (1 กล่อง) | F73: =SUM(D73:E73) -> 0 | I73: =SUM(G73:H73) -> 0 | L73: =SUM(J73:K73) -> 0 | O73: =SUM(M73:N73) -> 0 | R73: =SUM(P73:Q73) -> 0 | U73: =SUM(S73:T73) -> 0 | X73: =SUM(V73:W73) -> 0 | Z73: =+F73+I73+L73+O73+R73+U73+X73+Y73 -> 0 | AC73: =+AA73+AB73-Z73 -> 0 | AE73: =AC73+AD73 -> 0
B74: 20052721 | C74: วรรณวนัชแซนวิซโบราณ 70g | F74: =SUM(D74:E74) -> 0 | I74: =SUM(G74:H74) -> 0 | L74: =SUM(J74:K74) -> 0 | O74: =SUM(M74:N74) -> 0 | R74: =SUM(P74:Q74) -> 0 | U74: =SUM(S74:T74) -> 0 | X74: =SUM(V74:W74) -> 0 | Z74: =+F74+I74+L74+O74+R74+U74+X74+Y74 -> 0 | AC74: =+AA74+AB74-Z74 -> 0 | AE74: =AC74+AD74 -> 0
B75: 1113170 | C75: ขนมเปี๊ยะถั่วฝอยทองไข่เค็ม 450 กรัม | D75: 12 | F75: =SUM(D75:E75) -> 12 | G75: 1 | I75: =SUM(G75:H75) -> 1 | J75: 1 | L75: =SUM(J75:K75) -> 1 | M75: 1 | O75: =SUM(M75:N75) -> 1 | R75: =SUM(P75:Q75) -> 0 | U75: =SUM(S75:T75) -> 0 | X75: =SUM(V75:W75) -> 0 | Y75: 34 | Z75: =+F75+I75+L75+O75+R75+U75+X75+Y75 -> 49 | AA75: 100 | AB75: 24 | AC75: =+AA75+AB75-Z75 -> 75 | AE75: =AC75+AD75 -> 75
B76: 1113171 | C76: ขนมเปี๊ยะฟักถั่วไข่เค็ม 450 กรัม | D76: 13 | F76: =SUM(D76:E76) -> 13 | I76: =SUM(G76:H76) -> 0 | J76: 4 | L76: =SUM(J76:K76) -> 4 | M76: 1 | O76: =SUM(M76:N76) -> 1 | R76: =SUM(P76:Q76) -> 0 | U76: =SUM(S76:T76) -> 0 | X76: =SUM(V76:W76) -> 0 | Y76: 16 | Z76: =+F76+I76+L76+O76+R76+U76+X76+Y76 -> 34 | AA76: 59 | AB76: 5 | AC76: =+AA76+AB76-Z76 -> 30 | AE76: =AC76+AD76 -> 30
B77: 1113172 | C77: ขนมเปี๊ยะเผือกฝอยทองไข่เค็ม 450 กรัม | D77: 10 | F77: =SUM(D77:E77) -> 10 | I77: =SUM(G77:H77) -> 0 | J77: 2 | L77: =SUM(J77:K77) -> 2 | M77: 1 | O77: =SUM(M77:N77) -> 1 | R77: =SUM(P77:Q77) -> 0 | U77: =SUM(S77:T77) -> 0 | X77: =SUM(V77:W77) -> 0 | Z77: =+F77+I77+L77+O77+R77+U77+X77+Y77 -> 13 | AB77: 38 | AC77: =+AA77+AB77-Z77 -> 25 | AE77: =AC77+AD77 -> 25
B78: 1113173 | C78: ขนมเปี๊ยะงาดำฝอยทองไข่เค็ม 450 กรัม | D78: 13 | F78: =SUM(D78:E78) -> 13 | I78: =SUM(G78:H78) -> 0 | J78: 3 | L78: =SUM(J78:K78) -> 3 | M78: 1 | O78: =SUM(M78:N78) -> 1 | R78: =SUM(P78:Q78) -> 0 | U78: =SUM(S78:T78) -> 0 | X78: =SUM(V78:W78) -> 0 | Z78: =+F78+I78+L78+O78+R78+U78+X78+Y78 -> 17 | AB78: 19 | AC78: =+AA78+AB78-Z78 -> 2 | AE78: =AC78+AD78 -> 2
B79: 1200001 | C79: คอร์นเฟล็ค | D79: 50 | F79: =SUM(D79:E79) -> 50 | I79: =SUM(G79:H79) -> 0 | L79: =SUM(J79:K79) -> 0 | O79: =SUM(M79:N79) -> 0 | R79: =SUM(P79:Q79) -> 0 | U79: =SUM(S79:T79) -> 0 | X79: =SUM(V79:W79) -> 0 | Z79: =+F79+I79+L79+O79+R79+U79+X79+Y79 -> 50 | AC79: =+AA79+AB79-Z79 -> -50 | AE79: =AC79+AD79 -> -50
B80: 1200002 | C80: ท๊อฟฟี่ถั่ว (กล่อง) | F80: =SUM(D80:E80) -> 0 | I80: =SUM(G80:H80) -> 0 | L80: =SUM(J80:K80) -> 0 | O80: =SUM(M80:N80) -> 0 | R80: =SUM(P80:Q80) -> 0 | U80: =SUM(S80:T80) -> 0 | X80: =SUM(V80:W80) -> 0 | Z80: =+F80+I80+L80+O80+R80+U80+X80+Y80 -> 0 | AC80: =+AA80+AB80-Z80 -> 0 | AE80: =AC80+AD80 -> 0
B81: 20054646 | C81: ปังพิซซ่า | F81: =SUM(D81:E81) -> 0 | I81: =SUM(G81:H81) -> 0 | L81: =SUM(J81:K81) -> 0 | O81: =SUM(M81:N81) -> 0 | R81: =SUM(P81:Q81) -> 0 | U81: =SUM(S81:T81) -> 0 | X81: =SUM(V81:W81) -> 0 | Z81: =+F81+I81+L81+O81+R81+U81+X81+Y81 -> 0 | AC81: =+AA81+AB81-Z81 -> 0 | AE81: =AC81+AD81 -> 0
B82: 300 | C82: เศษขนมปังปลา 5กก. | F82: =SUM(D82:E82) -> 0 | I82: =SUM(G82:H82) -> 0 | L82: =SUM(J82:K82) -> 0 | O82: =SUM(M82:N82) -> 0 | R82: =SUM(P82:Q82) -> 0 | U82: =SUM(S82:T82) -> 0 | X82: =SUM(V82:W82) -> 0 | Z82: =+F82+I82+L82+O82+R82+U82+X82+Y82 -> 0 | AC82: =+AA82+AB82-Z82 -> 0 | AE82: =AC82+AD82 -> 0
B83: 200 | C83: เศษขนมปังปลา 1 กก. | F83: =SUM(D83:E83) -> 0 | I83: =SUM(G83:H83) -> 0 | L83: =SUM(J83:K83) -> 0 | O83: =SUM(M83:N83) -> 0 | R83: =SUM(P83:Q83) -> 0 | U83: =SUM(S83:T83) -> 0 | X83: =SUM(V83:W83) -> 0 | Z83: =+F83+I83+L83+O83+R83+U83+X83+Y83 -> 0 | AC83: =+AA83+AB83-Z83 -> 0 | AE83: =AC83+AD83 -> 0
B84: 1111087 | C84: ชิฟฟอน 8 ชิ้น สตอเบอรี่ล้วน | F84: =SUM(D84:E84) -> 0 | I84: =SUM(G84:H84) -> 0 | L84: =SUM(J84:K84) -> 0 | O84: =SUM(M84:N84) -> 0 | R84: =SUM(P84:Q84) -> 0 | U84: =SUM(S84:T84) -> 0 | X84: =SUM(V84:W84) -> 0 | Z84: =+F84+I84+L84+O84+R84+U84+X84+Y84 -> 0 | AC84: =+AA84+AB84-Z84 -> 0 | AE84: =AC84+AD84 -> 0
C85: ชิฟฟอน 4 ชิ้น มะพร้าวล้วน | F85: =SUM(D85:E85) -> 0 | I85: =SUM(G85:H85) -> 0 | L85: =SUM(J85:K85) -> 0 | O85: =SUM(M85:N85) -> 0 | R85: =SUM(P85:Q85) -> 0 | U85: =SUM(S85:T85) -> 0 | X85: =SUM(V85:W85) -> 0 | Z85: =+F85+I85+L85+O85+R85+U85+X85+Y85 -> 0 | AC85: =+AA85+AB85-Z85 -> 0 | AE85: =AC85+AD85 -> 0
C86: ชิฟฟอน 4 ชิ้น กาแฟล้วน | F86: =SUM(D86:E86) -> 0 | I86: =SUM(G86:H86) -> 0 | L86: =SUM(J86:K86) -> 0 | O86: =SUM(M86:N86) -> 0 | R86: =SUM(P86:Q86) -> 0 | U86: =SUM(S86:T86) -> 0 | X86: =SUM(V86:W86) -> 0 | Z86: =+F86+I86+L86+O86+R86+U86+X86+Y86 -> 0 | AC86: =+AA86+AB86-Z86 -> 0 | AE86: =AC86+AD86 -> 0
C87: ชิฟฟอน 4 ชิ้น ชาเขียวล้วน | F87: =SUM(D87:E87) -> 0 | I87: =SUM(G87:H87) -> 0 | L87: =SUM(J87:K87) -> 0 | O87: =SUM(M87:N87) -> 0 | R87: =SUM(P87:Q87) -> 0 | U87: =SUM(S87:T87) -> 0 | X87: =SUM(V87:W87) -> 0 | Z87: =+F87+I87+L87+O87+R87+U87+X87+Y87 -> 0 | AC87: =+AA87+AB87-Z87 -> 0 | AE87: =AC87+AD87 -> 0
C88: ชิฟฟอน 4 ชิ้น ใบเตยล้วน | F88: =SUM(D88:E88) -> 0 | I88: =SUM(G88:H88) -> 0 | L88: =SUM(J88:K88) -> 0 | O88: =SUM(M88:N88) -> 0 | R88: =SUM(P88:Q88) -> 0 | U88: =SUM(S88:T88) -> 0 | X88: =SUM(V88:W88) -> 0 | Z88: =+F88+I88+L88+O88+R88+U88+X88+Y88 -> 0 | AC88: =+AA88+AB88-Z88 -> 0 | AE88: =AC88+AD88 -> 0
B89: 1111092 | C89: ชิฟฟอน 8 ชิ้น กล้วยหอม | F89: =SUM(D89:E89) -> 0 | I89: =SUM(G89:H89) -> 0 | L89: =SUM(J89:K89) -> 0 | O89: =SUM(M89:N89) -> 0 | R89: =SUM(P89:Q89) -> 0 | U89: =SUM(S89:T89) -> 0 | X89: =SUM(V89:W89) -> 0 | Z89: =+F89+I89+L89+O89+R89+U89+X89+Y89 -> 0 | AC89: =+AA89+AB89-Z89 -> 0 | AE89: =AC89+AD89 -> 0
B90: 1111093 | C90: ชิฟฟอน 8 ชิ้น โกโก้ล้วน | F90: =SUM(D90:E90) -> 0 | I90: =SUM(G90:H90) -> 0 | L90: =SUM(J90:K90) -> 0 | O90: =SUM(M90:N90) -> 0 | R90: =SUM(P90:Q90) -> 0 | U90: =SUM(S90:T90) -> 0 | X90: =SUM(V90:W90) -> 0 | Z90: =+F90+I90+L90+O90+R90+U90+X90+Y90 -> 0 | AC90: =+AA90+AB90-Z90 -> 0 | AE90: =AC90+AD90 -> 0
B91: 1111088 | C91: ชิฟฟอน 8 ชิ้น ส้มล้วน | F91: =SUM(D91:E91) -> 0 | I91: =SUM(G91:H91) -> 0 | L91: =SUM(J91:K91) -> 0 | O91: =SUM(M91:N91) -> 0 | R91: =SUM(P91:Q91) -> 0 | U91: =SUM(S91:T91) -> 0 | X91: =SUM(V91:W91) -> 0 | Z91: =+F91+I91+L91+O91+R91+U91+X91+Y91 -> 0 | AC91: =+AA91+AB91-Z91 -> 0 | AE91: =AC91+AD91 -> 0
B92: 1111089 | C92: ชิฟฟอน 8 ชิ้น เนยล้วน | F92: =SUM(D92:E92) -> 0 | I92: =SUM(G92:H92) -> 0 | L92: =SUM(J92:K92) -> 0 | O92: =SUM(M92:N92) -> 0 | R92: =SUM(P92:Q92) -> 0 | U92: =SUM(S92:T92) -> 0 | X92: =SUM(V92:W92) -> 0 | Z92: =+F92+I92+L92+O92+R92+U92+X92+Y92 -> 0 | AC92: =+AA92+AB92-Z92 -> 0 | AE92: =AC92+AD92 -> 0
B93: 1111094 | C93: ชิฟฟอน 8 ชิ้น ชาไทยล้วน | F93: =SUM(D93:E93) -> 0 | I93: =SUM(G93:H93) -> 0 | L93: =SUM(J93:K93) -> 0 | O93: =SUM(M93:N93) -> 0 | R93: =SUM(P93:Q93) -> 0 | U93: =SUM(S93:T93) -> 0 | X93: =SUM(V93:W93) -> 0 | Z93: =+F93+I93+L93+O93+R93+U93+X93+Y93 -> 0 | AC93: =+AA93+AB93-Z93 -> 0 | AE93: =AC93+AD93 -> 0
B94: 1111095 | C94: ชิฟฟอน 8 ชิ้น ชาเขียวล้วน | F94: =SUM(D94:E94) -> 0 | I94: =SUM(G94:H94) -> 0 | L94: =SUM(J94:K94) -> 0 | O94: =SUM(M94:N94) -> 0 | R94: =SUM(P94:Q94) -> 0 | U94: =SUM(S94:T94) -> 0 | X94: =SUM(V94:W94) -> 0 | Z94: =+F94+I94+L94+O94+R94+U94+X94+Y94 -> 0 | AC94: =+AA94+AB94-Z94 -> 0 | AE94: =AC94+AD94 -> 0
B95: 1111091 | C95: ชิฟฟอน 8 ชิ้น ใบเตยล้วน | F95: =SUM(D95:E95) -> 0 | I95: =SUM(G95:H95) -> 0 | L95: =SUM(J95:K95) -> 0 | O95: =SUM(M95:N95) -> 0 | R95: =SUM(P95:Q95) -> 0 | U95: =SUM(S95:T95) -> 0 | X95: =SUM(V95:W95) -> 0 | Z95: =+F95+I95+L95+O95+R95+U95+X95+Y95 -> 0 | AC95: =+AA95+AB95-Z95 -> 0 | AE95: =AC95+AD95 -> 0
B96: 1111086 | C96: ชิฟฟอน 8 ชิ้น มะพร้าวล้วน | F96: =SUM(D96:E96) -> 0 | I96: =SUM(G96:H96) -> 0 | L96: =SUM(J96:K96) -> 0 | O96: =SUM(M96:N96) -> 0 | R96: =SUM(P96:Q96) -> 0 | U96: =SUM(S96:T96) -> 0 | X96: =SUM(V96:W96) -> 0 | Z96: =+F96+I96+L96+O96+R96+U96+X96+Y96 -> 0 | AC96: =+AA96+AB96-Z96 -> 0 | AE96: =AC96+AD96 -> 0
B97: 20059548 | C97: มินบันไก่หยอง | F97: =SUM(D97:E97) -> 0 | I97: =SUM(G97:H97) -> 0 | L97: =SUM(J97:K97) -> 0 | O97: =SUM(M97:N97) -> 0 | R97: =SUM(P97:Q97) -> 0 | U97: =SUM(S97:T97) -> 0 | X97: =SUM(V97:W97) -> 0 | Z97: =+F97+I97+L97+O97+R97+U97+X97+Y97 -> 0 | AC97: =+AA97+AB97-Z97 -> 0 | AE97: =AC97+AD97 -> 0
B98: 1100044 | C98: หมี่กรอบโบราณ | F98: =SUM(D98:E98) -> 0 | I98: =SUM(G98:H98) -> 0 | L98: =SUM(J98:K98) -> 0 | O98: =SUM(M98:N98) -> 0 | R98: =SUM(P98:Q98) -> 0 | U98: =SUM(S98:T98) -> 0 | X98: =SUM(V98:W98) -> 0 | Z98: =+F98+I98+L98+O98+R98+U98+X98+Y98 -> 0 | AC98: =+AA98+AB98-Z98 -> 0 | AE98: =AC98+AD98 -> 0
B99: 1100045 | C99: ชิฟฟ่อนขนุน | F99: =SUM(D99:E99) -> 0 | I99: =SUM(G99:H99) -> 0 | L99: =SUM(J99:K99) -> 0 | O99: =SUM(M99:N99) -> 0 | R99: =SUM(P99:Q99) -> 0 | U99: =SUM(S99:T99) -> 0 | X99: =SUM(V99:W99) -> 0 | Z99: =+F99+I99+L99+O99+R99+U99+X99+Y99 -> 0 | AC99: =+AA99+AB99-Z99 -> 0 | AE99: =AC99+AD99 -> 0
B100: 1004062 | C100: เค้กลาวา ฝอยทองทูโทน (เล็ก) | F100: =SUM(D100:E100) -> 0 | I100: =SUM(G100:H100) -> 0 | L100: =SUM(J100:K100) -> 0 | O100: =SUM(M100:N100) -> 0 | R100: =SUM(P100:Q100) -> 0 | U100: =SUM(S100:T100) -> 0 | X100: =SUM(V100:W100) -> 0 | Y100: 4 | Z100: =+F100+I100+L100+O100+R100+U100+X100+Y100 -> 4 | AC100: =+AA100+AB100-Z100 -> -4 | AE100: =AC100+AD100 -> -4
B101: 1004051 | C101: ขนมปังสังขยา 6 ชิ้น | F101: =SUM(D101:E101) -> 0 | I101: =SUM(G101:H101) -> 0 | L101: =SUM(J101:K101) -> 0 | O101: =SUM(M101:N101) -> 0 | R101: =SUM(P101:Q101) -> 0 | U101: =SUM(S101:T101) -> 0 | X101: =SUM(V101:W101) -> 0 | Y101: 3 | Z101: =+F101+I101+L101+O101+R101+U101+X101+Y101 -> 3 | AC101: =+AA101+AB101-Z101 -> -3 | AE101: =AC101+AD101 -> -3
...

Sheet 05.09.68
B1: ยอดจริง ออนไลน์ วันที่ 05/09/2568
B2: รหัสสินค้า | C2: สินค้า | D2: ปณ | G2: ชอปปี้ | J2: ลาซาด้า | M2: ติ๊กตอก | P2: ติ๊กตอก2 | S2: ติ๊กตอก3 | V2: ชอยส์ | Y2: ยอดเส้น | Z2: ยอดรวมผลิต(กล่อง) | AA2: ยอดForcast | AB2: ยอดStock | AC2: ยอดMemo | AD2: ยอดForcastวันพรุ่งนี้ | AE2: สินค้าที่ขายได้
D3: เช้า | E3: บ่าย | F3: รวม | G3: เช้า | H3: บ่าย | I3: รวม | J3: เช้า | K3: บ่าย | L3: รวม | M3: เช้า | N3: บ่าย | O3: รวม | P3: เช้า | Q3: บ่าย | R3: รวม | S3: เช้า | T3: บ่าย | U3: รวม | V3: เช้า | W3: บ่าย | X3: รวม
B4: 1004055 | C4: ชิฟฟ่อนเค้ก วรรณวนัช (รวมรส 4 ชิ้น) | F4: =SUM(D4:E4) -> 0 | I4: =SUM(G4:H4) -> 0 | J4: 1 | L4: =SUM(J4:K4) -> 1 | M4: 60 | O4: =SUM(M4:N4) -> 60 | R4: =SUM(P4:Q4) -> 0 | U4: =SUM(S4:T4) -> 0 | X4: =SUM(V4:W4) -> 0 | Y4: 30 | Z4: =+F4+I4+L4+O4+R4+U4+X4+Y4 -> 91 | AA4: 100 | AB4: 35 | AC4: =+AA4+AB4-Z4 -> 44 | AD4: 100 | AE4: =AC4+AD4 -> 144
B5: 1111002 | C5: ชิฟฟ่อนเค้ก วรรณวนัช (รวมรส 8 ชิ้น) | D5: 3 | F5: =SUM(D5:E5) -> 3 | G5: 27 | I5: =SUM(G5:H5) -> 27 | J5: 29 | L5: =SUM(J5:K5) -> 29 | M5: 3 | O5: =SUM(M5:N5) -> 3 | R5: =SUM(P5:Q5) -> 0 | U5: =SUM(S5:T5) -> 0 | X5: =SUM(V5:W5) -> 0 | Z5: =+F5+I5+L5+O5+R5+U5+X5+Y5 -> 62 | AA5: 80 | AB5: 33 | AC5: =+AA5+AB5-Z5 -> 51 | AD5: 80 | AE5: =AC5+AD5 -> 131
B6: 1111055 | C6: วรรณวนัช ชิฟฟ่อนรวมรส 8 ชิ้น | F6: =SUM(D6:E6) -> 0 | I6: =SUM(G6:H6) -> 0 | L6: =SUM(J6:K6) -> 0 | O6: =SUM(M6:N6) -> 0 | R6: =SUM(P6:Q6) -> 0 | U6: =SUM(S6:T6) -> 0 | X6: =SUM(V6:W6) -> 0 | Z6: =+F6+I6+L6+O6+R6+U6+X6+Y6 -> 0 | AC6: =+AA6+AB6-Z6 -> 0 | AE6: =AC6+AD6 -> 0
B7: 1111084 | C7: ชิฟฟ่อนเค้ก รสกาแฟ (8 ชิ้น) | F7: =SUM(D7:E7) -> 0 | I7: =SUM(G7:H7) -> 0 | L7: =SUM(J7:K7) -> 0 | O7: =SUM(M7:N7) -> 0 | R7: =SUM(P7:Q7) -> 0 | U7: =SUM(S7:T7) -> 0 | X7: =SUM(V7:W7) -> 0 | Z7: =+F7+I7+L7+O7+R7+U7+X7+Y7 -> 0 | AC7: =+AA7+AB7-Z7 -> 0 | AE7: =AC7+AD7 -> 0
B8: 1111043 | C8: ชิฟฟอนรสมะลิ 8 ชิ้น ห่อ ซีน | F8: =SUM(D8:E8) -> 0 | I8: =SUM(G8:H8) -> 0 | L8: =SUM(J8:K8) -> 0 | O8: =SUM(M8:N8) -> 0 | R8: =SUM(P8:Q8) -> 0 | U8: =SUM(S8:T8) -> 0 | X8: =SUM(V8:W8) -> 0 | Z8: =+F8+I8+L8+O8+R8+U8+X8+Y8 -> 0 | AC8: =+AA8+AB8-Z8 -> 0 | AE8: =AC8+AD8 -> 0
B9: 1111057 | C9: ชิฟฟอนแยกชิ้น กาแฟ | F9: =SUM(D9:E9) -> 0 | G9: 10 | I9: =SUM(G9:H9) -> 10 | J9: 1 | L9: =SUM(J9:K9) -> 1 | O9: =SUM(M9:N9) -> 0 | R9: =SUM(P9:Q9) -> 0 | U9: =SUM(S9:T9) -> 0 | X9: =SUM(V9:W9) -> 0 | Z9: =+F9+I9+L9+O9+R9+U9+X9+Y9 -> 11 | AA9: 5 | AC9: =+AA9+AB9-Z9 -> -6 | AE9: =AC9+AD9 -> -6
B10: 1111058 | C10: ชิฟฟอนแยกชิ้น มะลิ | F10: =SUM(D10:E10) -> 0 | G10: 10 | I10: =SUM(G10:H10) -> 10 | J10: 1 | L10: =SUM(J10:K10) -> 1 | O10: =SUM(M10:N10) -> 0 | R10: =SUM(P10:Q10) -> 0 | U10: =SUM(S10:T10) -> 0 | X10: =SUM(V10:W10) -> 0 | Z10: =+F10+I10+L10+O10+R10+U10+X10+Y10 -> 11 | AA10: 5 | AC10: =+AA10+AB10-Z10 -> -6 | AE10: =AC10+AD10 -> -6
B11: 1111059 | C11: ชิฟฟอนแยกชิ้น ใบเตย | F11: =SUM(D11:E11) -> 0 | G11: 10 | I11: =SUM(G11:H11) -> 10 | J11: 1 | L11: =SUM(J11:K11) -> 1 | O11: =SUM(M11:N11) -> 0 | R11: =SUM(P11:Q11) -> 0 | U11: =SUM(S11:T11) -> 0 | X11: =SUM(V11:W11) -> 0 | Z11: =+F11+I11+L11+O11+R11+U11+X11+Y11 -> 11 | AA11: 5 | AC11: =+AA11+AB11-Z11 -> -6 | AE11: =AC11+AD11 -> -6
B12: 1111060 | C12: ชิฟฟอนแยกชิ้น กล้วยหอม | F12: =SUM(D12:E12) -> 0 | G12: 9 | I12: =SUM(G12:H12) -> 9 | J12: 2 | L12: =SUM(J12:K12) -> 2 | O12: =SUM(M12:N12) -> 0 | R12: =SUM(P12:Q12) -> 0 | U12: =SUM(S12:T12) -> 0 | X12: =SUM(V12:W12) -> 0 | Z12: =+F12+I12+L12+O12+R12+U12+X12+Y12 -> 11 | AA12: 5 | AC12: =+AA12+AB12-Z12 -> -6 | AE12: =AC12+AD12 -> -6
B13: 1111061 | C13: ชิฟฟอนแยกชิ้น ชาไทย | F13: =SUM(D13:E13) -> 0 | G13: 9 | I13: =SUM(G13:H13) -> 9 | J13: 2 | L13: =SUM(J13:K13) -> 2 | O13: =SUM(M13:N13) -> 0 | R13: =SUM(P13:Q13) -> 0 | U13: =SUM(S13:T13) -> 0 | X13: =SUM(V13:W13) -> 0 | Z13: =+F13+I13+L13+O13+R13+U13+X13+Y13 -> 11 | AA13: 5 | AC13: =+AA13+AB13-Z13 -> -6 | AE13: =AC13+AD13 -> -6
B14: 1111062 | C14: ชิฟฟอนแยกชิ้น โกโก้ | F14: =SUM(D14:E14) -> 0 | G14: 9 | I14: =SUM(G14:H14) -> 9 | J14: 2 | L14: =SUM(J14:K14) -> 2 | O14: =SUM(M14:N14) -> 0 | R14: =SUM(P14:Q14) -> 0 | U14: =SUM(S14:T14) -> 0 | X14: =SUM(V14:W14) -> 0 | Z14: =+F14+I14+L14+O14+R14+U14+X14+Y14 -> 11 | AA14: 5 | AC14: =+AA14+AB14-Z14 -> -6 | AE14: =AC14+AD14 -> -6
B15: 1111063 | C15: ชิฟฟอนแยกชิ้น ส้ม | F15: =SUM(D15:E15) -> 0 | G15: 9 | I15: =SUM(G15:H15) -> 9 | J15: 2 | L15: =SUM(J15:K15) -> 2 | O15: =SUM(M15:N15) -> 0 | R15: =SUM(P15:Q15) -> 0 | U15: =SUM(S15:T15) -> 0 | X15: =SUM(V15:W15) -> 0 | Z15: =+F15+I15+L15+O15+R15+U15+X15+Y15 -> 11 | AA15: 5 | AC15: =+AA15+AB15-Z15 -> -6 | AE15: =AC15+AD15 -> -6
B16: 1111064 | C16: ชิฟฟอนแยกชิ้น เผือก | F16: =SUM(D16:E16) -> 0 | G16: 9 | I16: =SUM(G16:H16) -> 9 | J16: 2 | L16: =SUM(J16:K16) -> 2 | O16: =SUM(M16:N16) -> 0 | R16: =SUM(P16:Q16) -> 0 | U16: =SUM(S16:T16) -> 0 | X16: =SUM(V16:W16) -> 0 | Z16: =+F16+I16+L16+O16+R16+U16+X16+Y16 -> 11 | AA16: 5 | AC16: =+AA16+AB16-Z16 -> -6 | AE16: =AC16+AD16 -> -6
B17: 1111065 | C17: ชิฟฟอนแยกชิ้น สับปะรด | F17: =SUM(D17:E17) -> 0 | G17: 9 | I17: =SUM(G17:H17) -> 9 | J17: 2 | L17: =SUM(J17:K17) -> 2 | O17: =SUM(M17:N17) -> 0 | R17: =SUM(P17:Q17) -> 0 | U17: =SUM(S17:T17) -> 0 | X17: =SUM(V17:W17) -> 0 | Z17: =+F17+I17+L17+O17+R17+U17+X17+Y17 -> 11 | AC17: =+AA17+AB17-Z17 -> -11 | AE17: =AC17+AD17 -> -11
B18: 1111066 | C18: ชิฟฟอนแยกชิ้น สตอเบอรี่ | F18: =SUM(D18:E18) -> 0 | G18: 9 | I18: =SUM(G18:H18) -> 9 | J18: 2 | L18: =SUM(J18:K18) -> 2 | O18: =SUM(M18:N18) -> 0 | R18: =SUM(P18:Q18) -> 0 | U18: =SUM(S18:T18) -> 0 | X18: =SUM(V18:W18) -> 0 | Z18: =+F18+I18+L18+O18+R18+U18+X18+Y18 -> 11 | AC18: =+AA18+AB18-Z18 -> -11 | AE18: =AC18+AD18 -> -11
B19: 1111067 | C19: ชิฟฟอนแยกชิ้น มะพร้าว | F19: =SUM(D19:E19) -> 0 | G19: 9 | I19: =SUM(G19:H19) -> 9 | J19: 1 | L19: =SUM(J19:K19) -> 1 | O19: =SUM(M19:N19) -> 0 | R19: =SUM(P19:Q19) -> 0 | U19: =SUM(S19:T19) -> 0 | X19: =SUM(V19:W19) -> 0 | Z19: =+F19+I19+L19+O19+R19+U19+X19+Y19 -> 10 | AC19: =+AA19+AB19-Z19 -> -10 | AE19: =AC19+AD19 -> -10
B20: 1111068 | C20: ชิฟฟอนแยกชิ้น เนย | F20: =SUM(D20:E20) -> 0 | G20: 9 | I20: =SUM(G20:H20) -> 9 | J20: 1 | L20: =SUM(J20:K20) -> 1 | O20: =SUM(M20:N20) -> 0 | R20: =SUM(P20:Q20) -> 0 | U20: =SUM(S20:T20) -> 0 | X20: =SUM(V20:W20) -> 0 | Z20: =+F20+I20+L20+O20+R20+U20+X20+Y20 -> 10 | AC20: =+AA20+AB20-Z20 -> -10 | AE20: =AC20+AD20 -> -10
B21: 1111069 | C21: ชิฟฟอนแยกชิ้น บลูเบอรี่ | F21: =SUM(D21:E21) -> 0 | G21: 9 | I21: =SUM(G21:H21) -> 9 | J21: 1 | L21: =SUM(J21:K21) -> 1 | O21: =SUM(M21:N21) -> 0 | R21: =SUM(P21:Q21) -> 0 | U21: =SUM(S21:T21) -> 0 | X21: =SUM(V21:W21) -> 0 | Z21: =+F21+I21+L21+O21+R21+U21+X21+Y21 -> 10 | AC21: =+AA21+AB21-Z21 -> -10 | AE21: =AC21+AD21 -> -10
B22: 1111070 | C22: ชิฟฟอนแยกชิ้น ทุเรียน | F22: =SUM(D22:E22) -> 0 | I22: =SUM(G22:H22) -> 0 | L22: =SUM(J22:K22) -> 0 | O22: =SUM(M22:N22) -> 0 | R22: =SUM(P22:Q22) -> 0 | U22: =SUM(S22:T22) -> 0 | X22: =SUM(V22:W22) -> 0 | Z22: =+F22+I22+L22+O22+R22+U22+X22+Y22 -> 0 | AC22: =+AA22+AB22-Z22 -> 0 | AE22: =AC22+AD22 -> 0
B23: 1111071 | C23: ชิฟฟอนแยกชิ้น ตาล | F23: =SUM(D23:E23) -> 0 | I23: =SUM(G23:H23) -> 0 | L23: =SUM(J23:K23) -> 0 | O23: =SUM(M23:N23) -> 0 | R23: =SUM(P23:Q23) -> 0 | U23: =SUM(S23:T23) -> 0 | X23: =SUM(V23:W23) -> 0 | Z23: =+F23+I23+L23+O23+R23+U23+X23+Y23 -> 0 | AC23: =+AA23+AB23-Z23 -> 0 | AE23: =AC23+AD23 -> 0
B24: 1111010 | C24: ชิฟฟ่อนเค้กสอดไส้แยม (1 ชิ้น) แยมสับปะรด | F24: =SUM(D24:E24) -> 0 | I24: =SUM(G24:H24) -> 0 | L24: =SUM(J24:K24) -> 0 | O24: =SUM(M24:N24) -> 0 | R24: =SUM(P24:Q24) -> 0 | U24: =SUM(S24:T24) -> 0 | X24: =SUM(V24:W24) -> 0 | Z24: =+F24+I24+L24+O24+R24+U24+X24+Y24 -> 0 | AC24: =+AA24+AB24-Z24 -> 0 | AE24: =AC24+AD24 -> 0
B25: 1111008 | C25: ชิฟฟ่อนเค้ก สอดไส้ (รวมรส 3 ชิ้น) | F25: =SUM(D25:E25) -> 0 | I25: =SUM(G25:H25) -> 0 | J25: 3 | L25: =SUM(J25:K25) -> 3 | M25: 33 | O25: =SUM(M25:N25) -> 33 | R25: =SUM(P25:Q25) -> 0 | U25: =SUM(S25:T25) -> 0 | X25: =SUM(V25:W25) -> 0 | Z25: =+F25+I25+L25+O25+R25+U25+X25+Y25 -> 36 | AA25: 45 | AB25: 4 | AC25: =+AA25+AB25-Z25 -> 13 | AD25: 45 | AE25: =AC25+AD25 -> 58
B26: 1111009 | C26: ชิฟฟ่อนเค้ก สอดไส้ (รวมรส 6 ชิ้น) | F26: =SUM(D26:E26) -> 0 | G26: 5 | I26: =SUM(G26:H26) -> 5 | J26: 2 | L26: =SUM(J26:K26) -> 2 | O26: =SUM(M26:N26) -> 0 | R26: =SUM(P26:Q26) -> 0 | U26: =SUM(S26:T26) -> 0 | X26: =SUM(V26:W26) -> 0 | Z26: =+F26+I26+L26+O26+R26+U26+X26+Y26 -> 7 | AA26: 40 | AB26: 8 | AC26: =+AA26+AB26-Z26 -> 41 | AD26: 20 | AE26: =AC26+AD26 -> 61
B27: 1111011 | C27: ชิฟฟ่อนเค้กสอดไส้ นมชมพูฮอกไกโด (3 ชิ้น) | F27: =SUM(D27:E27) -> 0 | I27: =SUM(G27:H27) -> 0 | L27: =SUM(J27:K27) -> 0 | O27: =SUM(M27:N27) -> 0 | R27: =SUM(P27:Q27) -> 0 | U27: =SUM(S27:T27) -> 0 | X27: =SUM(V27:W27) -> 0 | Z27: =+F27+I27+L27+O27+R27+U27+X27+Y27 -> 0 | AC27: =+AA27+AB27-Z27 -> 0 | AE27: =AC27+AD27 -> 0
B28: 1111012 | C28: ชิฟฟ่อนเค้กสอดไส้ นมชมพูฮอกไกโด (6 ชิ้น) | F28: =SUM(D28:E28) -> 0 | I28: =SUM(G28:H28) -> 0 | L28: =SUM(J28:K28) -> 0 | O28: =SUM(M28:N28) -> 0 | R28: =SUM(P28:Q28) -> 0 | U28: =SUM(S28:T28) -> 0 | X28: =SUM(V28:W28) -> 0 | Z28: =+F28+I28+L28+O28+R28+U28+X28+Y28 -> 0 | AC28: =+AA28+AB28-Z28 -> 0 | AE28: =AC28+AD28 -> 0
B29: 1111013 | C29: ชิฟฟ่อนเค้กสอดไส้ ช็อคโกแลตนูเทลล่า (3 ชิ้น) | F29: =SUM(D29:E29) -> 0 | I29: =SUM(G29:H29) -> 0 | L29: =SUM(J29:K29) -> 0 | O29: =SUM(M29:N29) -> 0 | R29: =SUM(P29:Q29) -> 0 | U29: =SUM(S29:T29) -> 0 | X29: =SUM(V29:W29) -> 0 | Z29: =+F29+I29+L29+O29+R29+U29+X29+Y29 -> 0 | AC29: =+AA29+AB29-Z29 -> 0 | AE29: =AC29+AD29 -> 0
B30: 1111014 | C30: ชิฟฟ่อนเค้กสอดไส้ ช็อคโกแลตนูเทลล่า (6 ชิ้น) | F30: =SUM(D30:E30) -> 0 | I30: =SUM(G30:H30) -> 0 | L30: =SUM(J30:K30) -> 0 | O30: =SUM(M30:N30) -> 0 | R30: =SUM(P30:Q30) -> 0 | U30: =SUM(S30:T30) -> 0 | X30: =SUM(V30:W30) -> 0 | Z30: =+F30+I30+L30+O30+R30+U30+X30+Y30 -> 0 | AC30: =+AA30+AB30-Z30 -> 0 | AE30: =AC30+AD30 -> 0
B31: 1111015 | C31: ชิฟฟ่อนเค้กสอดไส้เนย รสมะพร้าว (3 ชิ้น) | F31: =SUM(D31:E31) -> 0 | I31: =SUM(G31:H31) -> 0 | L31: =SUM(J31:K31) -> 0 | O31: =SUM(M31:N31) -> 0 | R31: =SUM(P31:Q31) -> 0 | U31: =SUM(S31:T31) -> 0 | X31: =SUM(V31:W31) -> 0 | Z31: =+F31+I31+L31+O31+R31+U31+X31+Y31 -> 0 | AC31: =+AA31+AB31-Z31 -> 0 | AE31: =AC31+AD31 -> 0
B32: 1111016 | C32: ชิฟฟ่อนเค้กสอดไส้เนย รสมะพร้าว (6 ชิ้น) | F32: =SUM(D32:E32) -> 0 | I32: =SUM(G32:H32) -> 0 | L32: =SUM(J32:K32) -> 0 | O32: =SUM(M32:N32) -> 0 | R32: =SUM(P32:Q32) -> 0 | U32: =SUM(S32:T32) -> 0 | X32: =SUM(V32:W32) -> 0 | Z32: =+F32+I32+L32+O32+R32+U32+X32+Y32 -> 0 | AC32: =+AA32+AB32-Z32 -> 0 | AE32: =AC32+AD32 -> 0
B33: 1111017 | C33: ชิฟฟ่อนเค้กสอดไส้แยม รสบลูเบอร์รี่ (3 ชิ้น) | F33: =SUM(D33:E33) -> 0 | I33: =SUM(G33:H33) -> 0 | L33: =SUM(J33:K33) -> 0 | O33: =SUM(M33:N33) -> 0 | R33: =SUM(P33:Q33) -> 0 | U33: =SUM(S33:T33) -> 0 | X33: =SUM(V33:W33) -> 0 | Z33: =+F33+I33+L33+O33+R33+U33+X33+Y33 -> 0 | AC33: =+AA33+AB33-Z33 -> 0 | AE33: =AC33+AD33 -> 0
B34: 1111018 | C34: ชิฟฟ่อนเค้กสอดไส้แยม รสบลูเบอร์รี่ (6 ชิ้น) | F34: =SUM(D34:E34) -> 0 | I34: =SUM(G34:H34) -> 0 | L34: =SUM(J34:K34) -> 0 | O34: =SUM(M34:N34) -> 0 | R34: =SUM(P34:Q34) -> 0 | U34: =SUM(S34:T34) -> 0 | X34: =SUM(V34:W34) -> 0 | Z34: =+F34+I34+L34+O34+R34+U34+X34+Y34 -> 0 | AC34: =+AA34+AB34-Z34 -> 0 | AE34: =AC34+AD34 -> 0
B35: 1111019 | C35: ชิฟฟ่อนเค้กหน้าฝอยทอง สอดไส้แยมส้ม (3 ชิ้น) | F35: =SUM(D35:E35) -> 0 | I35: =SUM(G35:H35) -> 0 | L35: =SUM(J35:K35) -> 0 | O35: =SUM(M35:N35) -> 0 | R35: =SUM(P35:Q35) -> 0 | U35: =SUM(S35:T35) -> 0 | X35: =SUM(V35:W35) -> 0 | Z35: =+F35+I35+L35+O35+R35+U35+X35+Y35 -> 0 | AC35: =+AA35+AB35-Z35 -> 0 | AE35: =AC35+AD35 -> 0
B36: 1111020 | C36: ชิฟฟ่อนเค้กหน้าฝอยทอง สอดไส้แยมส้ม (6 ชิ้น) | F36: =SUM(D36:E36) -> 0 | I36: =SUM(G36:H36) -> 0 | L36: =SUM(J36:K36) -> 0 | O36: =SUM(M36:N36) -> 0 | R36: =SUM(P36:Q36) -> 0 | U36: =SUM(S36:T36) -> 0 | X36: =SUM(V36:W36) -> 0 | Z36: =+F36+I36+L36+O36+R36+U36+X36+Y36 -> 0 | AC36: =+AA36+AB36-Z36 -> 0 | AE36: =AC36+AD36 -> 0
B37: 1111022 | C37: ชิฟฟ่อนเค้กสอดไส้แยม รสสตรอว์เบอร์รี (3 ชิ้น) | F37: =SUM(D37:E37) -> 0 | I37: =SUM(G37:H37) -> 0 | L37: =SUM(J37:K37) -> 0 | O37: =SUM(M37:N37) -> 0 | R37: =SUM(P37:Q37) -> 0 | U37: =SUM(S37:T37) -> 0 | X37: =SUM(V37:W37) -> 0 | Z37: =+F37+I37+L37+O37+R37+U37+X37+Y37 -> 0 | AC37: =+AA37+AB37-Z37 -> 0 | AE37: =AC37+AD37 -> 0
B38: 1111023 | C38: ชิฟฟ่อนเค้กสอดไส้แยม รสสตรอว์เบอร์รี (6 ชิ้น) | F38: =SUM(D38:E38) -> 0 | I38: =SUM(G38:H38) -> 0 | L38: =SUM(J38:K38) -> 0 | O38: =SUM(M38:N38) -> 0 | R38: =SUM(P38:Q38) -> 0 | U38: =SUM(S38:T38) -> 0 | X38: =SUM(V38:W38) -> 0 | Z38: =+F38+I38+L38+O38+R38+U38+X38+Y38 -> 0 | AC38: =+AA38+AB38-Z38 -> 0 | AE38: =AC38+AD38 -> 0
... B40: 1111025 | C40: ชิฟฟ่อนเค้กสอดไส้แยม รสส้ม (6 ชิ้น) | F40: =SUM(D40:E40) -> 0 | I40: =SUM(G40:H40) -> 0 | L40: =SUM(J40:K40) -> 0 | O40: =SUM(M40:N40) -> 0 | R40: =SUM(P40:Q40) -> 0 | U40: =SUM(S40:T40) -> 0 | X40: =SUM(V40:W40) -> 0 | Z40: =+F40+I40+L40+O40+R40+U40+X40+Y40 -> 0 | AC40: =+AA40+AB40-Z40 -> 0 | AE40: =AC40+AD40 -> 0
B41: 1111056 | C41: ชิฟฟอนรวมรสยอดฮิต 8 ชิ้น | F41: =SUM(D41:E41) -> 0 | G41: 2 | I41: =SUM(G41:H41) -> 2 | L41: =SUM(J41:K41) -> 0 | O41: =SUM(M41:N41) -> 0 | R41: =SUM(P41:Q41) -> 0 | U41: =SUM(S41:T41) -> 0 | X41: =SUM(V41:W41) -> 0 | Z41: =+F41+I41+L41+O41+R41+U41+X41+Y41 -> 2 | AB41: 5 | AC41: =+AA41+AB41-Z41 -> 3 | AD41: 10 | AE41: =AC41+AD41 -> 13
B42: 1111074 | C42: ชิฟฟอนไส้แยมแยกชิ้น มะพร้าว | F42: =SUM(D42:E42) -> 0 | G42: 11 | I42: =SUM(G42:H42) -> 11 | J42: 1 | L42: =SUM(J42:K42) -> 1 | O42: =SUM(M42:N42) -> 0 | R42: =SUM(P42:Q42) -> 0 | U42: =SUM(S42:T42) -> 0 | X42: =SUM(V42:W42) -> 0 | Z42: =+F42+I42+L42+O42+R42+U42+X42+Y42 -> 12 | AA42: 5 | AC42: =+AA42+AB42-Z42 -> -7 | AE42: =AC42+AD42 -> -7
B43: 1111075 | C43: ชิฟฟอนไส้แยมแยกชิ้น สตอเบอรี่ | F43: =SUM(D43:E43) -> 0 | G43: 11 | I43: =SUM(G43:H43) -> 11 | J43: 1 | L43: =SUM(J43:K43) -> 1 | O43: =SUM(M43:N43) -> 0 | R43: =SUM(P43:Q43) -> 0 | U43: =SUM(S43:T43) -> 0 | X43: =SUM(V43:W43) -> 0 | Z43: =+F43+I43+L43+O43+R43+U43+X43+Y43 -> 12 | AA43: 5 | AC43: =+AA43+AB43-Z43 -> -7 | AE43: =AC43+AD43 -> -7
B44: 1111076 | C44: ชิฟฟอนไส้แยมแยกชิ้น ส้ม | F44: =SUM(D44:E44) -> 0 | G44: 11 | I44: =SUM(G44:H44) -> 11 | J44: 1 | L44: =SUM(J44:K44) -> 1 | O44: =SUM(M44:N44) -> 0 | R44: =SUM(P44:Q44) -> 0 | U44: =SUM(S44:T44) -> 0 | X44: =SUM(V44:W44) -> 0 | Z44: =+F44+I44+L44+O44+R44+U44+X44+Y44 -> 12 | AA44: 5 | AC44: =+AA44+AB44-Z44 -> -7 | AE44: =AC44+AD44 -> -7
B45: 1111077 | C45: ชิฟฟอนไส้แยมแยกชิ้น บลูเบอรี่ | F45: =SUM(D45:E45) -> 0 | G45: 11 | I45: =SUM(G45:H45) -> 11 | J45: 1 | L45: =SUM(J45:K45) -> 1 | O45: =SUM(M45:N45) -> 0 | R45: =SUM(P45:Q45) -> 0 | U45: =SUM(S45:T45) -> 0 | X45: =SUM(V45:W45) -> 0 | Z45: =+F45+I45+L45+O45+R45+U45+X45+Y45 -> 12 | AA45: 5 | AC45: =+AA45+AB45-Z45 -> -7 | AE45: =AC45+AD45 -> -7
B46: 1111078 | C46: ชิฟฟอนไส้แยมแยกชิ้น นมชมพู | F46: =SUM(D46:E46) -> 0 | G46: 11 | I46: =SUM(G46:H46) -> 11 | J46: 1 | L46: =SUM(J46:K46) -> 1 | O46: =SUM(M46:N46) -> 0 | R46: =SUM(P46:Q46) -> 0 | U46: =SUM(S46:T46) -> 0 | X46: =SUM(V46:W46) -> 0 | Z46: =+F46+I46+L46+O46+R46+U46+X46+Y46 -> 12 | AA46: 5 | AC46: =+AA46+AB46-Z46 -> -7 | AE46: =AC46+AD46 -> -7
B47: 1111079 | C47: ชิฟฟอนไส้แยมแยกชิ้น ชอคโกแลต | F47: =SUM(D47:E47) -> 0 | G47: 11 | I47: =SUM(G47:H47) -> 11 | J47: 1 | L47: =SUM(J47:K47) -> 1 | O47: =SUM(M47:N47) -> 0 | R47: =SUM(P47:Q47) -> 0 | U47: =SUM(S47:T47) -> 0 | X47: =SUM(V47:W47) -> 0 | Z47: =+F47+I47+L47+O47+R47+U47+X47+Y47 -> 12 | AA47: 5 | AC47: =+AA47+AB47-Z47 -> -7 | AE47: =AC47+AD47 -> -7
B48: 1111080 | C48: ชิฟฟอนไส้แยมแยกชิ้น ฝอยทอง | F48: =SUM(D48:E48) -> 0 | G48: 11 | I48: =SUM(G48:H48) -> 11 | J48: 1 | L48: =SUM(J48:K48) -> 1 | O48: =SUM(M48:N48) -> 0 | R48: =SUM(P48:Q48) -> 0 | U48: =SUM(S48:T48) -> 0 | X48: =SUM(V48:W48) -> 0 | Z48: =+F48+I48+L48+O48+R48+U48+X48+Y48 -> 12 | AA48: 5 | AC48: =+AA48+AB48-Z48 -> -7 | AE48: =AC48+AD48 -> -7
B49: 1111081 | C49: ชิฟฟอนไส้แยมแยกชิ้น วนิลา | F49: =SUM(D49:E49) -> 0 | G49: 11 | I49: =SUM(G49:H49) -> 11 | J49: 1 | L49: =SUM(J49:K49) -> 1 | O49: =SUM(M49:N49) -> 0 | R49: =SUM(P49:Q49) -> 0 | U49: =SUM(S49:T49) -> 0 | X49: =SUM(V49:W49) -> 0 | Z49: =+F49+I49+L49+O49+R49+U49+X49+Y49 -> 12 | AA49: 5 | AC49: =+AA49+AB49-Z49 -> -7 | AE49: =AC49+AD49 -> -7
B50: 1111082 | C50: ชิฟฟอนไส้แยมแยกชิ้น ใบเตย | F50: =SUM(D50:E50) -> 0 | G50: 11 | I50: =SUM(G50:H50) -> 11 | J50: 1 | L50: =SUM(J50:K50) -> 1 | O50: =SUM(M50:N50) -> 0 | R50: =SUM(P50:Q50) -> 0 | U50: =SUM(S50:T50) -> 0 | X50: =SUM(V50:W50) -> 0 | Z50: =+F50+I50+L50+O50+R50+U50+X50+Y50 -> 12 | AA50: 5 | AC50: =+AA50+AB50-Z50 -> -7 | AE50: =AC50+AD50 -> -7
B51: 1111083 | C51: ชิฟฟอนไส้แยมแยกชิ้น เมล่อน | F51: =SUM(D51:E51) -> 0 | G51: 11 | I51: =SUM(G51:H51) -> 11 | J51: 1 | L51: =SUM(J51:K51) -> 1 | O51: =SUM(M51:N51) -> 0 | R51: =SUM(P51:Q51) -> 0 | U51: =SUM(S51:T51) -> 0 | X51: =SUM(V51:W51) -> 0 | Z51: =+F51+I51+L51+O51+R51+U51+X51+Y51 -> 12 | AA51: 5 | AC51: =+AA51+AB51-Z51 -> -7 | AE51: =AC51+AD51 -> -7
B52: 1112002 | C52: เค้กเบาหวิว รสกาแฟ (300 กรัม) | F52: =SUM(D52:E52) -> 0 | I52: =SUM(G52:H52) -> 0 | L52: =SUM(J52:K52) -> 0 | O52: =SUM(M52:N52) -> 0 | R52: =SUM(P52:Q52) -> 0 | U52: =SUM(S52:T52) -> 0 | X52: =SUM(V52:W52) -> 0 | Z52: =+F52+I52+L52+O52+R52+U52+X52+Y52 -> 0 | AC52: =+AA52+AB52-Z52 -> 0 | AE52: =AC52+AD52 -> 0
B53: 1112003 | C53: เค้กเบาหวิว รสกาแฟ (110 กรัม) | D53: 6 | F53: =SUM(D53:E53) -> 6 | G53: 1 | I53: =SUM(G53:H53) -> 1 | L53: =SUM(J53:K53) -> 0 | M53: 45 | O53: =SUM(M53:N53) -> 45 | R53: =SUM(P53:Q53) -> 0 | U53: =SUM(S53:T53) -> 0 | X53: =SUM(V53:W53) -> 0 | Z53: =+F53+I53+L53+O53+R53+U53+X53+Y53 -> 52 | AA53: 65 | AB53: 235 | AC53: =+AA53+AB53-Z53 -> 248 | AD53: 65 | AE53: =AC53+AD53 -> 313
B54: 1112004 | C54: เค้กเบาหวิว รสเนยนม (300 กรัม) | F54: =SUM(D54:E54) -> 0 | I54: =SUM(G54:H54) -> 0 | L54: =SUM(J54:K54) -> 0 | O54: =SUM(M54:N54) -> 0 | R54: =SUM(P54:Q54) -> 0 | U54: =SUM(S54:T54) -> 0 | X54: =SUM(V54:W54) -> 0 | Z54: =+F54+I54+L54+O54+R54+U54+X54+Y54 -> 0 | AC54: =+AA54+AB54-Z54 -> 0 | AE54: =AC54+AD54 -> 0
B55: 1112005 | C55: เค้กเบาหวิว รสเนยนม (110 กรัม) | D55: 7 | F55: =SUM(D55:E55) -> 7 | I55: =SUM(G55:H55) -> 0 | L55: =SUM(J55:K55) -> 0 | M55: 45 | O55: =SUM(M55:N55) -> 45 | R55: =SUM(P55:Q55) -> 0 | U55: =SUM(S55:T55) -> 0 | X55: =SUM(V55:W55) -> 0 | Z55: =+F55+I55+L55+O55+R55+U55+X55+Y55 -> 52 | AA55: 65 | AB55: 239 | AC55: =+AA55+AB55-Z55 -> 252 | AD55: 65 | AE55: =AC55+AD55 -> 317
B56: 1112008 | C56: เค้กเบาหวิว รสมะพร้าวน้ำหอม (300 กรัม) | F56: =SUM(D56:E56) -> 0 | I56: =SUM(G56:H56) -> 0 | L56: =SUM(J56:K56) -> 0 | O56: =SUM(M56:N56) -> 0 | R56: =SUM(P56:Q56) -> 0 | U56: =SUM(S56:T56) -> 0 | X56: =SUM(V56:W56) -> 0 | Z56: =+F56+I56+L56+O56+R56+U56+X56+Y56 -> 0 | AC56: =+AA56+AB56-Z56 -> 0 | AE56: =AC56+AD56 -> 0
B57: 1112009 | C57: เค้กเบาหวิว รสมะพร้าวน้ำหอม (110 กรัม) | D57: 6 | F57: =SUM(D57:E57) -> 6 | I57: =SUM(G57:H57) -> 0 | L57: =SUM(J57:K57) -> 0 | M57: 45 | O57: =SUM(M57:N57) -> 45 | R57: =SUM(P57:Q57) -> 0 | U57: =SUM(S57:T57) -> 0 | X57: =SUM(V57:W57) -> 0 | Z57: =+F57+I57+L57+O57+R57+U57+X57+Y57 -> 51 | AA57: 65 | AB57: 229 | AC57: =+AA57+AB57-Z57 -> 243 | AD57: 65 | AE57: =AC57+AD57 -> 308
B58: 1112010 | C58: เค้กเบาหวิว หน้าฝอยทอง (300 กรัม) | F58: =SUM(D58:E58) -> 0 | I58: =SUM(G58:H58) -> 0 | L58: =SUM(J58:K58) -> 0 | O58: =SUM(M58:N58) -> 0 | R58: =SUM(P58:Q58) -> 0 | U58: =SUM(S58:T58) -> 0 | X58: =SUM(V58:W58) -> 0 | Z58: =+F58+I58+L58+O58+R58+U58+X58+Y58 -> 0 | AC58: =+AA58+AB58-Z58 -> 0 | AE58: =AC58+AD58 -> 0
B59: 1112011 | C59: เค้กเบาหวิว หน้าฝอยทอง (110 กรัม) | D59: 7 | F59: =SUM(D59:E59) -> 7 | I59: =SUM(G59:H59) -> 0 | J59: 4 | L59: =SUM(J59:K59) -> 4 | M59: 45 | O59: =SUM(M59:N59) -> 45 | R59: =SUM(P59:Q59) -> 0 | U59: =SUM(S59:T59) -> 0 | X59: =SUM(V59:W59) -> 0 | Z59: =+F59+I59+L59+O59+R59+U59+X59+Y59 -> 56 | AA59: 83 | AB59: 209 | AC59: =+AA59+AB59-Z59 -> 236 | AD59: 65 | AE59: =AC59+AD59 -> 301
B60: 1112012 | C60: เค้กเบาหวิว รสเผือกหน้ามะพร้าวเผา (300 กรัม) | F60: =SUM(D60:E60) -> 0 | I60: =SUM(G60:H60) -> 0 | L60: =SUM(J60:K60) -> 0 | O60: =SUM(M60:N60) -> 0 | R60: =SUM(P60:Q60) -> 0 | U60: =SUM(S60:T60) -> 0 | X60: =SUM(V60:W60) -> 0 | Z60: =+F60+I60+L60+O60+R60+U60+X60+Y60 -> 0 | AC60: =+AA60+AB60-Z60 -> 0 | AE60: =AC60+AD60 -> 0
B61: 1112013 | C61: เค้กเบาหวิว รสเผือกหน้ามะพร้าวเผา (110 กรัม) | D61: 6 | F61: =SUM(D61:E61) -> 6 | I61: =SUM(G61:H61) -> 0 | L61: =SUM(J61:K61) -> 0 | M61: 45 | O61: =SUM(M61:N61) -> 45 | R61: =SUM(P61:Q61) -> 0 | U61: =SUM(S61:T61) -> 0 | X61: =SUM(V61:W61) -> 0 | Z61: =+F61+I61+L61+O61+R61+U61+X61+Y61 -> 51 | AA61: 65 | AB61: 227 | AC61: =+AA61+AB61-Z61 -> 241 | AD61: 65 | AE61: =AC61+AD61 -> 306
B62: 1112014 | C62: เค้กเบาหวิว รสกล้วยหอมหน้ามะพร้าวเผา (300 กรัม) | F62: =SUM(D62:E62) -> 0 | I62: =SUM(G62:H62) -> 0 | L62: =SUM(J62:K62) -> 0 | O62: =SUM(M62:N62) -> 0 | R62: =SUM(P62:Q62) -> 0 | U62: =SUM(S62:T62) -> 0 | X62: =SUM(V62:W62) -> 0 | Z62: =+F62+I62+L62+O62+R62+U62+X62+Y62 -> 0 | AC62: =+AA62+AB62-Z62 -> 0 | AE62: =AC62+AD62 -> 0
B63: 1112015 | C63: เค้กเบาหวิว รสกล้วยหอมหน้ามะพร้าวเผา (110 กรัม) | D63: 6 | F63: =SUM(D63:E63) -> 6 | G63: 1 | I63: =SUM(G63:H63) -> 1 | L63: =SUM(J63:K63) -> 0 | M63: 45 | O63: =SUM(M63:N63) -> 45 | R63: =SUM(P63:Q63) -> 0 | U63: =SUM(S63:T63) -> 0 | X63: =SUM(V63:W63) -> 0 | Z63: =+F63+I63+L63+O63+R63+U63+X63+Y63 -> 52 | AA63: 65 | AB63: 236 | AC63: =+AA63+AB63-Z63 -> 249 | AD63: 65 | AE63: =AC63+AD63 -> 314
B64: 1112017 | C64: เค้กเบาหวิว รสตาลหอม (110 กรัม) | F64: =SUM(D64:E64) -> 0 | I64: =SUM(G64:H64) -> 0 | L64: =SUM(J64:K64) -> 0 | O64: =SUM(M64:N64) -> 0 | R64: =SUM(P64:Q64) -> 0 | U64: =SUM(S64:T64) -> 0 | X64: =SUM(V64:W64) -> 0 | Z64: =+F64+I64+L64+O64+R64+U64+X64+Y64 -> 0 | AC64: =+AA64+AB64-Z64 -> 0 | AE64: =AC64+AD64 -> 0
B65: 1100003 | C65: เมอร์แรงค์ (กระปุก) | F65: =SUM(D65:E65) -> 0 | I65: =SUM(G65:H65) -> 0 | L65: =SUM(J65:K65) -> 0 | O65: =SUM(M65:N65) -> 0 | R65: =SUM(P65:Q65) -> 0 | U65: =SUM(S65:T65) -> 0 | X65: =SUM(V65:W65) -> 0 | Z65: =+F65+I65+L65+O65+R65+U65+X65+Y65 -> 0 | AC65: =+AA65+AB65-Z65 -> 0 | AE65: =AC65+AD65 -> 0
B66: 20039042 | C66: ขนมปังเนยนิ่ม 3 ชิ้น | F66: =SUM(D66:E66) -> 0 | I66: =SUM(G66:H66) -> 0 | L66: =SUM(J66:K66) -> 0 | O66: =SUM(M66:N66) -> 0 | R66: =SUM(P66:Q66) -> 0 | U66: =SUM(S66:T66) -> 0 | X66: =SUM(V66:W66) -> 0 | Z66: =+F66+I66+L66+O66+R66+U66+X66+Y66 -> 0 | AC66: =+AA66+AB66-Z66 -> 0 | AE66: =AC66+AD66 -> 0
B67: 1114501 | C67: ครีมฮอร์นวนิลา เนยสด | F67: =SUM(D67:E67) -> 0 | G67: 2 | I67: =SUM(G67:H67) -> 2 | J67: 2 | L67: =SUM(J67:K67) -> 2 | M67: 139 | O67: =SUM(M67:N67) -> 139 | R67: =SUM(P67:Q67) -> 0 | U67: =SUM(S67:T67) -> 0 | X67: =SUM(V67:W67) -> 0 | Z67: =+F67+I67+L67+O67+R67+U67+X67+Y67 -> 143 | AA67: 199 | AB67: 50 | AC67: =+AA67+AB67-Z67 -> 106 | AE67: =AC67+AD67 -> 106
B68: 1114502 | C68: ครีมฮอร์นใบเตย เนยสด | D68: 2 | F68: =SUM(D68:E68) -> 2 | I68: =SUM(G68:H68) -> 0 | J68: 1 | L68: =SUM(J68:K68) -> 1 | M68: 139 | O68: =SUM(M68:N68) -> 139 | R68: =SUM(P68:Q68) -> 0 | U68: =SUM(S68:T68) -> 0 | X68: =SUM(V68:W68) -> 0 | Z68: =+F68+I68+L68+O68+R68+U68+X68+Y68 -> 142 | AA68: 150 | AB68: 8 | AC68: =+AA68+AB68-Z68 -> 16 | AE68: =AC68+AD68 -> 16
B69: 1114503 | C69: ครีมฮอร์นช็อคโกแลต เนยสด | D69: 1 | F69: =SUM(D69:E69) -> 1 | I69: =SUM(G69:H69) -> 0 | J69: 1 | L69: =SUM(J69:K69) -> 1 | M69: 139 | O69: =SUM(M69:N69) -> 139 | R69: =SUM(P69:Q69) -> 0 | U69: =SUM(S69:T69) -> 0 | X69: =SUM(V69:W69) -> 0 | Z69: =+F69+I69+L69+O69+R69+U69+X69+Y69 -> 141 | AA69: 149 | AB69: 11 | AC69: =+AA69+AB69-Z69 -> 19 | AE69: =AC69+AD69 -> 19
B70: 1124021 | C70: ขนมปังแถว 430 g | F70: =SUM(D70:E70) -> 0 | G70: 8 | I70: =SUM(G70:H70) -> 8 | J70: 8 | L70: =SUM(J70:K70) -> 8 | M70: 21 | O70: =SUM(M70:N70) -> 21 | R70: =SUM(P70:Q70) -> 0 | U70: =SUM(S70:T70) -> 0 | X70: =SUM(V70:W70) -> 0 | Z70: =+F70+I70+L70+O70+R70+U70+X70+Y70 -> 37 | AA70: 40 | AB70: 10 | AC70: =+AA70+AB70-Z70 -> 13 | AD70: 50 | AE70: =AC70+AD70 -> 63
B71: 1005761 | C71: ขนมปังกรอบคาราเมล | F71: =SUM(D71:E71) -> 0 | I71: =SUM(G71:H71) -> 0 | L71: =SUM(J71:K71) -> 0 | O71: =SUM(M71:N71) -> 0 | R71: =SUM(P71:Q71) -> 0 | U71: =SUM(S71:T71) -> 0 | X71: =SUM(V71:W71) -> 0 | Z71: =+F71+I71+L71+O71+R71+U71+X71+Y71 -> 0 | AC71: =+AA71+AB71-Z71 -> 0 | AE71: =AC71+AD71 -> 0
B72: 1100001 | C72: พายสัปปะรด (1 ชิ้น) | F72: =SUM(D72:E72) -> 0 | I72: =SUM(G72:H72) -> 0 | L72: =SUM(J72:K72) -> 0 | O72: =SUM(M72:N72) -> 0 | R72: =SUM(P72:Q72) -> 0 | U72: =SUM(S72:T72) -> 0 | X72: =SUM(V72:W72) -> 0 | Z72: =+F72+I72+L72+O72+R72+U72+X72+Y72 -> 0 | AC72: =+AA72+AB72-Z72 -> 0 | AE72: =AC72+AD72 -> 0
B73: 1100002 | C73: พายสัปปะรด (1 กล่อง) | F73: =SUM(D73:E73) -> 0 | I73: =SUM(G73:H73) -> 0 | L73: =SUM(J73:K73) -> 0 | O73: =SUM(M73:N73) -> 0 | R73: =SUM(P73:Q73) -> 0 | U73: =SUM(S73:T73) -> 0 | X73: =SUM(V73:W73) -> 0 | Z73: =+F73+I73+L73+O73+R73+U73+X73+Y73 -> 0 | AC73: =+AA73+AB73-Z73 -> 0 | AE73: =AC73+AD73 -> 0
B74: 20052721 | C74: วรรณวนัชแซนวิซโบราณ 70g | F74: =SUM(D74:E74) -> 0 | I74: =SUM(G74:H74) -> 0 | L74: =SUM(J74:K74) -> 0 | O74: =SUM(M74:N74) -> 0 | R74: =SUM(P74:Q74) -> 0 | U74: =SUM(S74:T74) -> 0 | X74: =SUM(V74:W74) -> 0 | Y74: 10 | Z74: =+F74+I74+L74+O74+R74+U74+X74+Y74 -> 10 | AA74: 10 | AC74: =+AA74+AB74-Z74 -> 0 | AE74: =AC74+AD74 -> 0
B75: 1113170 | C75: ขนมเปี๊ยะถั่วฝอยทองไข่เค็ม 450 กรัม | D75: 9 | F75: =SUM(D75:E75) -> 9 | I75: =SUM(G75:H75) -> 0 | J75: 1 | L75: =SUM(J75:K75) -> 1 | M75: 1 | O75: =SUM(M75:N75) -> 1 | R75: =SUM(P75:Q75) -> 0 | U75: =SUM(S75:T75) -> 0 | X75: =SUM(V75:W75) -> 0 | Z75: =+F75+I75+L75+O75+R75+U75+X75+Y75 -> 11 | AB75: 75 | AC75: =+AA75+AB75-Z75 -> 64 | AE75: =AC75+AD75 -> 64
B76: 1113171 | C76: ขนมเปี๊ยะฟักถั่วไข่เค็ม 450 กรัม | D76: 13 | F76: =SUM(D76:E76) -> 13 | I76: =SUM(G76:H76) -> 0 | J76: 4 | L76: =SUM(J76:K76) -> 4 | O76: =SUM(M76:N76) -> 0 | R76: =SUM(P76:Q76) -> 0 | U76: =SUM(S76:T76) -> 0 | X76: =SUM(V76:W76) -> 0 | Z76: =+F76+I76+L76+O76+R76+U76+X76+Y76 -> 17 | AA76: 30 | AC76: =+AA76+AB76-Z76 -> 13 | AE76: =AC76+AD76 -> 13
B77: 1113172 | C77: ขนมเปี๊ยะเผือกฝอยทองไข่เค็ม 450 กรัม | D77: 7 | F77: =SUM(D77:E77) -> 7 | I77: =SUM(G77:H77) -> 0 | L77: =SUM(J77:K77) -> 0 | O77: =SUM(M77:N77) -> 0 | R77: =SUM(P77:Q77) -> 0 | U77: =SUM(S77:T77) -> 0 | X77: =SUM(V77:W77) -> 0 | Z77: =+F77+I77+L77+O77+R77+U77+X77+Y77 -> 7 | AB77: 25 | AC77: =+AA77+AB77-Z77 -> 18 | AE77: =AC77+AD77 -> 18
B78: 1113173 | C78: ขนมเปี๊ยะงาดำฝอยทองไข่เค็ม 450 กรัม | D78: 2 | F78: =SUM(D78:E78) -> 2 | I78: =SUM(G78:H78) -> 0 | L78: =SUM(J78:K78) -> 0 | O78: =SUM(M78:N78) -> 0 | R78: =SUM(P78:Q78) -> 0 | U78: =SUM(S78:T78) -> 0 | X78: =SUM(V78:W78) -> 0 | Z78: =+F78+I78+L78+O78+R78+U78+X78+Y78 -> 2 | AB78: 2 | AC78: =+AA78+AB78-Z78 -> 0 | AE78: =AC78+AD78 -> 0
B79: 1200001 | C79: คอร์นเฟล็ค | F79: =SUM(D79:E79) -> 0 | I79: =SUM(G79:H79) -> 0 | L79: =SUM(J79:K79) -> 0 | O79: =SUM(M79:N79) -> 0 | R79: =SUM(P79:Q79) -> 0 | U79: =SUM(S79:T79) -> 0 | X79: =SUM(V79:W79) -> 0 | Z79: =+F79+I79+L79+O79+R79+U79+X79+Y79 -> 0 | AC79: =+AA79+AB79-Z79 -> 0 | AE79: =AC79+AD79 -> 0
B80: 1200002 | C80: ท๊อฟฟี่ถั่ว (กล่อง) | F80: =SUM(D80:E80) -> 0 | I80: =SUM(G80:H80) -> 0 | L80: =SUM(J80:K80) -> 0 | O80: =SUM(M80:N80) -> 0 | R80: =SUM(P80:Q80) -> 0 | U80: =SUM(S80:T80) -> 0 | X80: =SUM(V80:W80) -> 0 | Z80: =+F80+I80+L80+O80+R80+U80+X80+Y80 -> 0 | AC80: =+AA80+AB80-Z80 -> 0 | AE80: =AC80+AD80 -> 0
B81: 20054646 | C81: ปังพิซซ่า | F81: =SUM(D81:E81) -> 0 | I81: =SUM(G81:H81) -> 0 | L81: =SUM(J81:K81) -> 0 | O81: =SUM(M81:N81) -> 0 | R81: =SUM(P81:Q81) -> 0 | U81: =SUM(S81:T81) -> 0 | X81: =SUM(V81:W81) -> 0 | Z81: =+F81+I81+L81+O81+R81+U81+X81+Y81 -> 0 | AC81: =+AA81+AB81-Z81 -> 0 | AE81: =AC81+AD81 -> 0
B82: 300 | C82: เศษขนมปังปลา 5กก. | F82: =SUM(D82:E82) -> 0 | I82: =SUM(G82:H82) -> 0 | L82: =SUM(J82:K82) -> 0 | O82: =SUM(M82:N82) -> 0 | R82: =SUM(P82:Q82) -> 0 | U82: =SUM(S82:T82) -> 0 | X82: =SUM(V82:W82) -> 0 | Z82: =+F82+I82+L82+O82+R82+U82+X82+Y82 -> 0 | AC82: =+AA82+AB82-Z82 -> 0 | AE82: =AC82+AD82 -> 0
B83: 200 | C83: เศษขนมปังปลา 1 กก. | F83: =SUM(D83:E83) -> 0 | G83: 4 | I83: =SUM(G83:H83) -> 4 | L83: =SUM(J83:K83) -> 0 | O83: =SUM(M83:N83) -> 0 | R83: =SUM(P83:Q83) -> 0 | U83: =SUM(S83:T83) -> 0 | X83: =SUM(V83:W83) -> 0 | Z83: =+F83+I83+L83+O83+R83+U83+X83+Y83 -> 4 | AC83: =+AA83+AB83-Z83 -> -4 | AE83: =AC83+AD83 -> -4
B84: 1111087 | C84: ชิฟฟอน 8 ชิ้น สตอเบอรี่ล้วน | F84: =SUM(D84:E84) -> 0 | I84: =SUM(G84:H84) -> 0 | L84: =SUM(J84:K84) -> 0 | O84: =SUM(M84:N84) -> 0 | R84: =SUM(P84:Q84) -> 0 | U84: =SUM(S84:T84) -> 0 | X84: =SUM(V84:W84) -> 0 | Z84: =+F84+I84+L84+O84+R84+U84+X84+Y84 -> 0 | AC84: =+AA84+AB84-Z84 -> 0 | AE84: =AC84+AD84 -> 0
C85: ชิฟฟอน 4 ชิ้น มะพร้าวล้วน | F85: =SUM(D85:E85) -> 0 | I85: =SUM(G85:H85) -> 0 | L85: =SUM(J85:K85) -> 0 | O85: =SUM(M85:N85) -> 0 | R85: =SUM(P85:Q85) -> 0 | U85: =SUM(S85:T85) -> 0 | X85: =SUM(V85:W85) -> 0 | Z85: =+F85+I85+L85+O85+R85+U85+X85+Y85 -> 0 | AC85: =+AA85+AB85-Z85 -> 0 | AE85: =AC85+AD85 -> 0
C86: ชิฟฟอน 4 ชิ้น กาแฟล้วน | F86: =SUM(D86:E86) -> 0 | I86: =SUM(G86:H86) -> 0 | L86: =SUM(J86:K86) -> 0 | O86: =SUM(M86:N86) -> 0 | R86: =SUM(P86:Q86) -> 0 | U86: =SUM(S86:T86) -> 0 | X86: =SUM(V86:W86) -> 0 | Z86: =+F86+I86+L86+O86+R86+U86+X86+Y86 -> 0 | AC86: =+AA86+AB86-Z86 -> 0 | AE86: =AC86+AD86 -> 0
C87: ชิฟฟอน 4 ชิ้น ชาเขียวล้วน | F87: =SUM(D87:E87) -> 0 | I87: =SUM(G87:H87) -> 0 | L87: =SUM(J87:K87) -> 0 | O87: =SUM(M87:N87) -> 0 | R87: =SUM(P87:Q87) -> 0 | U87: =SUM(S87:T87) -> 0 | X87: =SUM(V87:W87) -> 0 | Z87: =+F87+I87+L87+O87+R87+U87+X87+Y87 -> 0 | AC87: =+AA87+AB87-Z87 -> 0 | AE87: =AC87+AD87 -> 0
C88: ชิฟฟอน 4 ชิ้น ใบเตยล้วน | F88: =SUM(D88:E88) -> 0 | I88: =SUM(G88:H88) -> 0 | L88: =SUM(J88:K88) -> 0 | O88: =SUM(M88:N88) -> 0 | R88: =SUM(P88:Q88) -> 0 | U88: =SUM(S88:T88) -> 0 | X88: =SUM(V88:W88) -> 0 | Z88: =+F88+I88+L88+O88+R88+U88+X88+Y88 -> 0 | AC88: =+AA88+AB88-Z88 -> 0 | AE88: =AC88+AD88 -> 0
B89: 1111092 | C89: ชิฟฟอน 8 ชิ้น กล้วยหอม | F89: =SUM(D89:E89) -> 0 | I89: =SUM(G89:H89) -> 0 | L89: =SUM(J89:K89) -> 0 | O89: =SUM(M89:N89) -> 0 | R89: =SUM(P89:Q89) -> 0 | U89: =SUM(S89:T89) -> 0 | X89: =SUM(V89:W89) -> 0 | Z89: =+F89+I89+L89+O89+R89+U89+X89+Y89 -> 0 | AC89: =+AA89+AB89-Z89 -> 0 | AE89: =AC89+AD89 -> 0
B90: 1111093 | C90: ชิฟฟอน 8 ชิ้น โกโก้ล้วน | F90: =SUM(D90:E90) -> 0 | I90: =SUM(G90:H90) -> 0 | L90: =SUM(J90:K90) -> 0 | O90: =SUM(M90:N90) -> 0 | R90: =SUM(P90:Q90) -> 0 | U90: =SUM(S90:T90) -> 0 | X90: =SUM(V90:W90) -> 0 | Z90: =+F90+I90+L90+O90+R90+U90+X90+Y90 -> 0 | AC90: =+AA90+AB90-Z90 -> 0 | AE90: =AC90+AD90 -> 0
B91: 1111088 | C91: ชิฟฟอน 8 ชิ้น ส้มล้วน | F91: =SUM(D91:E91) -> 0 | I91: =SUM(G91:H91) -> 0 | L91: =SUM(J91:K91) -> 0 | O91: =SUM(M91:N91) -> 0 | R91: =SUM(P91:Q91) -> 0 | U91: =SUM(S91:T91) -> 0 | X91: =SUM(V91:W91) -> 0 | Z91: =+F91+I91+L91+O91+R91+U91+X91+Y91 -> 0 | AC91: =+AA91+AB91-Z91 -> 0 | AE91: =AC91+AD91 -> 0
B92: 1111089 | C92: ชิฟฟอน 8 ชิ้น เนยล้วน | F92: =SUM(D92:E92) -> 0 | I92: =SUM(G92:H92) -> 0 | L92: =SUM(J92:K92) -> 0 | O92: =SUM(M92:N92) -> 0 | R92: =SUM(P92:Q92) -> 0 | U92: =SUM(S92:T92) -> 0 | X92: =SUM(V92:W92) -> 0 | Z92: =+F92+I92+L92+O92+R92+U92+X92+Y92 -> 0 | AC92: =+AA92+AB92-Z92 -> 0 | AE92: =AC92+AD92 -> 0
B93: 1111094 | C93: ชิฟฟอน 8 ชิ้น ชาไทยล้วน | F93: =SUM(D93:E93) -> 0 | I93: =SUM(G93:H93) -> 0 | L93: =SUM(J93:K93) -> 0 | O93: =SUM(M93:N93) -> 0 | R93: =SUM(P93:Q93) -> 0 | U93: =SUM(S93:T93) -> 0 | X93: =SUM(V93:W93) -> 0 | Z93: =+F93+I93+L93+O93+R93+U93+X93+Y93 -> 0 | AC93: =+AA93+AB93-Z93 -> 0 | AE93: =AC93+AD93 -> 0
B94: 1111095 | C94: ชิฟฟอน 8 ชิ้น ชาเขียวล้วน | F94: =SUM(D94:E94) -> 0 | I94: =SUM(G94:H94) -> 0 | L94: =SUM(J94:K94) -> 0 | O94: =SUM(M94:N94) -> 0 | R94: =SUM(P94:Q94) -> 0 | U94: =SUM(S94:T94) -> 0 | X94: =SUM(V94:W94) -> 0 | Z94: =+F94+I94+L94+O94+R94+U94+X94+Y94 -> 0 | AC94: =+AA94+AB94-Z94 -> 0 | AE94: =AC94+AD94 -> 0
B95: 1111091 | C95: ชิฟฟอน 8 ชิ้น ใบเตยล้วน | F95: =SUM(D95:E95) -> 0 | I95: =SUM(G95:H95) -> 0 | L95: =SUM(J95:K95) -> 0 | O95: =SUM(M95:N95) -> 0 | R95: =SUM(P95:Q95) -> 0 | U95: =SUM(S95:T95) -> 0 | X95: =SUM(V95:W95) -> 0 | Z95: =+F95+I95+L95+O95+R95+U95+X95+Y95 -> 0 | AC95: =+AA95+AB95-Z95 -> 0 | AE95: =AC95+AD95 -> 0
B96: 1111086 | C96: ชิฟฟอน 8 ชิ้น มะพร้าวล้วน | F96: =SUM(D96:E96) -> 0 | I96: =SUM(G96:H96) -> 0 | L96: =SUM(J96:K96) -> 0 | O96: =SUM(M96:N96) -> 0 | R96: =SUM(P96:Q96) -> 0 | U96: =SUM(S96:T96) -> 0 | X96: =SUM(V96:W96) -> 0 | Z96: =+F96+I96+L96+O96+R96+U96+X96+Y96 -> 0 | AC96: =+AA96+AB96-Z96 -> 0 | AE96: =AC96+AD96 -> 0
B97: 20059548 | C97: มินบันไก่หยอง | F97: =SUM(D97:E97) -> 0 | I97: =SUM(G97:H97) -> 0 | L97: =SUM(J97:K97) -> 0 | O97: =SUM(M97:N97) -> 0 | R97: =SUM(P97:Q97) -> 0 | U97: =SUM(S97:T97) -> 0 | X97: =SUM(V97:W97) -> 0 | Z97: =+F97+I97+L97+O97+R97+U97+X97+Y97 -> 0 | AC97: =+AA97+AB97-Z97 -> 0 | AE97: =AC97+AD97 -> 0
B98: 1100044 | C98: หมี่กรอบโบราณ | F98: =SUM(D98:E98) -> 0 | I98: =SUM(G98:H98) -> 0 | L98: =SUM(J98:K98) -> 0 | O98: =SUM(M98:N98) -> 0 | R98: =SUM(P98:Q98) -> 0 | U98: =SUM(S98:T98) -> 0 | X98: =SUM(V98:W98) -> 0 | Z98: =+F98+I98+L98+O98+R98+U98+X98+Y98 -> 0 | AC98: =+AA98+AB98-Z98 -> 0 | AE98: =AC98+AD98 -> 0
B99: 1100045 | C99: ชิฟฟ่อนขนุน | F99: =SUM(D99:E99) -> 0 | I99: =SUM(G99:H99) -> 0 | L99: =SUM(J99:K99) -> 0 | O99: =SUM(M99:N99) -> 0 | R99: =SUM(P99:Q99) -> 0 | U99: =SUM(S99:T99) -> 0 | X99: =SUM(V99:W99) -> 0 | Z99: =+F99+I99+L99+O99+R99+U99+X99+Y99 -> 0 | AC99: =+AA99+AB99-Z99 -> 0 | AE99: =AC99+AD99 -> 0
B100: 1004062 | C100: เค้กลาวา ฝอยทองทูโทน (เล็ก) | F100: =SUM(D100:E100) -> 0 | I100: =SUM(G100:H100) -> 0 | L100: =SUM(J100:K100) -> 0 | O100: =SUM(M100:N100) -> 0 | R100: =SUM(P100:Q100) -> 0 | U100: =SUM(S100:T100) -> 0 | X100: =SUM(V100:W100) -> 0 | Z100: =+F100+I100+L100+O100+R100+U100+X100+Y100 -> 0 | AC100: =+AA100+AB100-Z100 -> 0 | AE100: =AC100+AD100 -> 0
... B117: 1006982 | C117: ชูครีมไส้นมฮอกไกโด | F117: =SUM(D117:E117) -> 0 | I117: =SUM(G117:H117) -> 0 | L117: =SUM(J117:K117) -> 0 | O117: =SUM(M117:N117) -> 0 | R117: =SUM(P117:Q117) -> 0 | U117: =SUM(S117:T117) -> 0 | X117: =SUM(V117:W117) -> 0 | Z117: =+F117+I117+L117+O117+R117+U117+X117+Y117 -> 0 | AC117: =+AA117+AB117-Z117 -> 0 | AE117: =AC117+AD117 -> 0
...

Sheet 06.09.68
B1: ยอดจริง ออนไลน์ วันที่ 06/09/2568
B2: รหัสสินค้า | C2: สินค้า | D2: ปณ | G2: ชอปปี้ | J2: ลาซาด้า | M2: ติ๊กตอก | P2: ติ๊กตอก2 | S2: ติ๊กตอก3 | V2: ชอยส์ | Y2: ยอดเส้น | Z2: ยอดรวมผลิต(กล่อง) | AA2: ยอดForcast | AB2: ยอดStock | AC2: ยอดMemo | AD2: ยอดForcastวันพรุ่งนี้ | AE2: สินค้าที่ขายได้
D3: เช้า | E3: บ่าย | F3: รวม | G3: เช้า | H3: บ่าย | I3: รวม | J3: เช้า | K3: บ่าย | L3: รวม | M3: เช้า | N3: บ่าย | O3: รวม | P3: เช้า | Q3: บ่าย | R3: รวม | S3: เช้า | T3: บ่าย | U3: รวม | V3: เช้า | W3: บ่าย | X3: รวม
B4: 1004055 | C4: ชิฟฟ่อนเค้ก วรรณวนัช (รวมรส 4 ชิ้น) | F4: =SUM(D4:E4) -> 0 | I4: =SUM(G4:H4) -> 0 | L4: =SUM(J4:K4) -> 0 | M4: 75 | O4: =SUM(M4:N4) -> 75 | R4: =SUM(P4:Q4) -> 0 | U4: =SUM(S4:T4) -> 0 | X4: =SUM(V4:W4) -> 0 | Z4: =+F4+I4+L4+O4+R4+U4+X4+Y4 -> 75 | AA4: 100 | AB4: 43 | AC4: =+AA4+AB4-Z4 -> 68 | AD4: 60 | AE4: =AC4+AD4 -> 128
B5: 1111002 | C5: ชิฟฟ่อนเค้ก วรรณวนัช (รวมรส 8 ชิ้น) | F5: =SUM(D5:E5) -> 0 | G5: 31 | I5: =SUM(G5:H5) -> 31 | J5: 7 | L5: =SUM(J5:K5) -> 7 | M5: 3 | O5: =SUM(M5:N5) -> 3 | R5: =SUM(P5:Q5) -> 0 | U5: =SUM(S5:T5) -> 0 | X5: =SUM(V5:W5) -> 0 | Z5: =+F5+I5+L5+O5+R5+U5+X5+Y5 -> 41 | AA5: 80 | AB5: 38 | AC5: =+AA5+AB5-Z5 -> 77 | AD5: 85 | AE5: =AC5+AD5 -> 162
B6: 1111055 | C6: วรรณวนัช ชิฟฟ่อนรวมรส 8 ชิ้น | F6: =SUM(D6:E6) -> 0 | I6: =SUM(G6:H6) -> 0 | L6: =SUM(J6:K6) -> 0 | O6: =SUM(M6:N6) -> 0 | R6: =SUM(P6:Q6) -> 0 | U6: =SUM(S6:T6) -> 0 | X6: =SUM(V6:W6) -> 0 | Z6: =+F6+I6+L6+O6+R6+U6+X6+Y6 -> 0 | AC6: =+AA6+AB6-Z6 -> 0 | AE6: =AC6+AD6 -> 0
B7: 1111084 | C7: ชิฟฟ่อนเค้ก รสกาแฟ (8 ชิ้น) | F7: =SUM(D7:E7) -> 0 | I7: =SUM(G7:H7) -> 0 | L7: =SUM(J7:K7) -> 0 | O7: =SUM(M7:N7) -> 0 | R7: =SUM(P7:Q7) -> 0 | U7: =SUM(S7:T7) -> 0 | X7: =SUM(V7:W7) -> 0 | Z7: =+F7+I7+L7+O7+R7+U7+X7+Y7 -> 0 | AC7: =+AA7+AB7-Z7 -> 0 | AE7: =AC7+AD7 -> 0
B8: 1111043 | C8: ชิฟฟอนรสมะลิ 8 ชิ้น ห่อ ซีน | F8: =SUM(D8:E8) -> 0 | I8: =SUM(G8:H8) -> 0 | L8: =SUM(J8:K8) -> 0 | O8: =SUM(M8:N8) -> 0 | R8: =SUM(P8:Q8) -> 0 | U8: =SUM(S8:T8) -> 0 | X8: =SUM(V8:W8) -> 0 | Z8: =+F8+I8+L8+O8+R8+U8+X8+Y8 -> 0 | AC8: =+AA8+AB8-Z8 -> 0 | AE8: =AC8+AD8 -> 0
B9: 1111057 | C9: ชิฟฟอนแยกชิ้น กาแฟ | F9: =SUM(D9:E9) -> 0 | G9: 10 | I9: =SUM(G9:H9) -> 10 | L9: =SUM(J9:K9) -> 0 | O9: =SUM(M9:N9) -> 0 | R9: =SUM(P9:Q9) -> 0 | U9: =SUM(S9:T9) -> 0 | X9: =SUM(V9:W9) -> 0 | Z9: =+F9+I9+L9+O9+R9+U9+X9+Y9 -> 10 | AC9: =+AA9+AB9-Z9 -> -10 | AE9: =AC9+AD9 -> -10
B10: 1111058 | C10: ชิฟฟอนแยกชิ้น มะลิ | F10: =SUM(D10:E10) -> 0 | I10: =SUM(G10:H10) -> 0 | L10: =SUM(J10:K10) -> 0 | O10: =SUM(M10:N10) -> 0 | R10: =SUM(P10:Q10) -> 0 | U10: =SUM(S10:T10) -> 0 | X10: =SUM(V10:W10) -> 0 | Z10: =+F10+I10+L10+O10+R10+U10+X10+Y10 -> 0 | AC10: =+AA10+AB10-Z10 -> 0 | AE10: =AC10+AD10 -> 0
B11: 1111059 | C11: ชิฟฟอนแยกชิ้น ใบเตย | F11: =SUM(D11:E11) -> 0 | G11: 10 | I11: =SUM(G11:H11) -> 10 | L11: =SUM(J11:K11) -> 0 | O11: =SUM(M11:N11) -> 0 | R11: =SUM(P11:Q11) -> 0 | U11: =SUM(S11:T11) -> 0 | X11: =SUM(V11:W11) -> 0 | Z11: =+F11+I11+L11+O11+R11+U11+X11+Y11 -> 10 | AC11: =+AA11+AB11-Z11 -> -10 | AE11: =AC11+AD11 -> -10
B12: 1111060 | C12: ชิฟฟอนแยกชิ้น กล้วยหอม | F12: =SUM(D12:E12) -> 0 | G12: 10 | I12: =SUM(G12:H12) -> 10 | L12: =SUM(J12:K12) -> 0 | O12: =SUM(M12:N12) -> 0 | R12: =SUM(P12:Q12) -> 0 | U12: =SUM(S12:T12) -> 0 | X12: =SUM(V12:W12) -> 0 | Z12: =+F12+I12+L12+O12+R12+U12+X12+Y12 -> 10 | AC12: =+AA12+AB12-Z12 -> -10 | AE12: =AC12+AD12 -> -10
B13: 1111061 | C13: ชิฟฟอนแยกชิ้น ชาไทย | F13: =SUM(D13:E13) -> 0 | G13: 10 | I13: =SUM(G13:H13) -> 10 | L13: =SUM(J13:K13) -> 0 | O13: =SUM(M13:N13) -> 0 | R13: =SUM(P13:Q13) -> 0 | U13: =SUM(S13:T13) -> 0 | X13: =SUM(V13:W13) -> 0 | Z13: =+F13+I13+L13+O13+R13+U13+X13+Y13 -> 10 | AC13: =+AA13+AB13-Z13 -> -10 | AE13: =AC13+AD13 -> -10
B14: 1111062 | C14: ชิฟฟอนแยกชิ้น โกโก้ | F14: =SUM(D14:E14) -> 0 | G14: 10 | I14: =SUM(G14:H14) -> 10 | L14: =SUM(J14:K14) -> 0 | O14: =SUM(M14:N14) -> 0 | R14: =SUM(P14:Q14) -> 0 | U14: =SUM(S14:T14) -> 0 | X14: =SUM(V14:W14) -> 0 | Z14: =+F14+I14+L14+O14+R14+U14+X14+Y14 -> 10 | AC14: =+AA14+AB14-Z14 -> -10 | AE14: =AC14+AD14 -> -10
B15: 1111063 | C15: ชิฟฟอนแยกชิ้น ส้ม | F15: =SUM(D15:E15) -> 0 | G15: 10 | I15: =SUM(G15:H15) -> 10 | L15: =SUM(J15:K15) -> 0 | O15: =SUM(M15:N15) -> 0 | R15: =SUM(P15:Q15) -> 0 | U15: =SUM(S15:T15) -> 0 | X15: =SUM(V15:W15) -> 0 | Z15: =+F15+I15+L15+O15+R15+U15+X15+Y15 -> 10 | AC15: =+AA15+AB15-Z15 -> -10 | AE15: =AC15+AD15 -> -10
B16: 1111064 | C16: ชิฟฟอนแยกชิ้น เผือก | F16: =SUM(D16:E16) -> 0 | G16: 10 | I16: =SUM(G16:H16) -> 10 | L16: =SUM(J16:K16) -> 0 | O16: =SUM(M16:N16) -> 0 | R16: =SUM(P16:Q16) -> 0 | U16: =SUM(S16:T16) -> 0 | X16: =SUM(V16:W16) -> 0 | Z16: =+F16+I16+L16+O16+R16+U16+X16+Y16 -> 10 | AC16: =+AA16+AB16-Z16 -> -10 | AE16: =AC16+AD16 -> -10
B17: 1111065 | C17: ชิฟฟอนแยกชิ้น สับปะรด | F17: =SUM(D17:E17) -> 0 | G17: 10 | I17: =SUM(G17:H17) -> 10 | L17: =SUM(J17:K17) -> 0 | O17: =SUM(M17:N17) -> 0 | R17: =SUM(P17:Q17) -> 0 | U17: =SUM(S17:T17) -> 0 | X17: =SUM(V17:W17) -> 0 | Z17: =+F17+I17+L17+O17+R17+U17+X17+Y17 -> 10 | AC17: =+AA17+AB17-Z17 -> -10 | AE17: =AC17+AD17 -> -10
B18: 1111066 | C18: ชิฟฟอนแยกชิ้น สตอเบอรี่ | F18: =SUM(D18:E18) -> 0 | G18: 10 | I18: =SUM(G18:H18) -> 10 | L18: =SUM(J18:K18) -> 0 | O18: =SUM(M18:N18) -> 0 | R18: =SUM(P18:Q18) -> 0 | U18: =SUM(S18:T18) -> 0 | X18: =SUM(V18:W18) -> 0 | Z18: =+F18+I18+L18+O18+R18+U18+X18+Y18 -> 10 | AC18: =+AA18+AB18-Z18 -> -10 | AE18: =AC18+AD18 -> -10
B19: 1111067 | C19: ชิฟฟอนแยกชิ้น มะพร้าว | F19: =SUM(D19:E19) -> 0 | G19: 10 | I19: =SUM(G19:H19) -> 10 | L19: =SUM(J19:K19) -> 0 | O19: =SUM(M19:N19) -> 0 | R19: =SUM(P19:Q19) -> 0 | U19: =SUM(S19:T19) -> 0 | X19: =SUM(V19:W19) -> 0 | Z19: =+F19+I19+L19+O19+R19+U19+X19+Y19 -> 10 | AC19: =+AA19+AB19-Z19 -> -10 | AE19: =AC19+AD19 -> -10
B20: 1111068 | C20: ชิฟฟอนแยกชิ้น เนย | F20: =SUM(D20:E20) -> 0 | I20: =SUM(G20:H20) -> 0 | L20: =SUM(J20:K20) -> 0 | O20: =SUM(M20:N20) -> 0 | R20: =SUM(P20:Q20) -> 0 | U20: =SUM(S20:T20) -> 0 | X20: =SUM(V20:W20) -> 0 | Z20: =+F20+I20+L20+O20+R20+U20+X20+Y20 -> 0 | AC20: =+AA20+AB20-Z20 -> 0 | AE20: =AC20+AD20 -> 0
B21: 1111069 | C21: ชิฟฟอนแยกชิ้น บลูเบอรี่ | F21: =SUM(D21:E21) -> 0 | I21: =SUM(G21:H21) -> 0 | L21: =SUM(J21:K21) -> 0 | O21: =SUM(M21:N21) -> 0 | R21: =SUM(P21:Q21) -> 0 | U21: =SUM(S21:T21) -> 0 | X21: =SUM(V21:W21) -> 0 | Z21: =+F21+I21+L21+O21+R21+U21+X21+Y21 -> 0 | AC21: =+AA21+AB21-Z21 -> 0 | AE21: =AC21+AD21 -> 0
B22: 1111070 | C22: ชิฟฟอนแยกชิ้น ทุเรียน | F22: =SUM(D22:E22) -> 0 | I22: =SUM(G22:H22) -> 0 | L22: =SUM(J22:K22) -> 0 | O22: =SUM(M22:N22) -> 0 | R22: =SUM(P22:Q22) -> 0 | U22: =SUM(S22:T22) -> 0 | X22: =SUM(V22:W22) -> 0 | Z22: =+F22+I22+L22+O22+R22+U22+X22+Y22 -> 0 | AC22: =+AA22+AB22-Z22 -> 0 | AE22: =AC22+AD22 -> 0
B23: 1111071 | C23: ชิฟฟอนแยกชิ้น ตาล | F23: =SUM(D23:E23) -> 0 | I23: =SUM(G23:H23) -> 0 | L23: =SUM(J23:K23) -> 0 | O23: =SUM(M23:N23) -> 0 | R23: =SUM(P23:Q23) -> 0 | U23: =SUM(S23:T23) -> 0 | X23: =SUM(V23:W23) -> 0 | Z23: =+F23+I23+L23+O23+R23+U23+X23+Y23 -> 0 | AC23: =+AA23+AB23-Z23 -> 0 | AE23: =AC23+AD23 -> 0
B24: 1111010 | C24: ชิฟฟ่อนเค้กสอดไส้แยม (1 ชิ้น) แยมสับปะรด | F24: =SUM(D24:E24) -> 0 | I24: =SUM(G24:H24) -> 0 | L24: =SUM(J24:K24) -> 0 | O24: =SUM(M24:N24) -> 0 | R24: =SUM(P24:Q24) -> 0 | U24: =SUM(S24:T24) -> 0 | X24: =SUM(V24:W24) -> 0 | Z24: =+F24+I24+L24+O24+R24+U24+X24+Y24 -> 0 | AC24: =+AA24+AB24-Z24 -> 0 | AE24: =AC24+AD24 -> 0
B25: 1111008 | C25: ชิฟฟ่อนเค้ก สอดไส้ (รวมรส 3 ชิ้น) | F25: =SUM(D25:E25) -> 0 | I25: =SUM(G25:H25) -> 0 | L25: =SUM(J25:K25) -> 0 | M25: 6 | O25: =SUM(M25:N25) -> 6 | R25: =SUM(P25:Q25) -> 0 | U25: =SUM(S25:T25) -> 0 | X25: =SUM(V25:W25) -> 0 | Z25: =+F25+I25+L25+O25+R25+U25+X25+Y25 -> 6 | AA25: 45 | AB25: 13 | AC25: =+AA25+AB25-Z25 -> 52 | AD25: 50 | AE25: =AC25+AD25 -> 102
B26: 1111009 | C26: ชิฟฟ่อนเค้ก สอดไส้ (รวมรส 6 ชิ้น) | F26: =SUM(D26:E26) -> 0 | G26: 5 | I26: =SUM(G26:H26) -> 5 | J26: 2 | L26: =SUM(J26:K26) -> 2 | M26: 4 | O26: =SUM(M26:N26) -> 4 | R26: =SUM(P26:Q26) -> 0 | U26: =SUM(S26:T26) -> 0 | X26: =SUM(V26:W26) -> 0 | Z26: =+F26+I26+L26+O26+R26+U26+X26+Y26 -> 11 | AA26: 20 | AB26: 29 | AC26: =+AA26+AB26-Z26 -> 38 | AD26: 30 | AE26: =AC26+AD26 -> 68
B27: 1111011 | C27: ชิฟฟ่อนเค้กสอดไส้ นมชมพูฮอกไกโด (3 ชิ้น) | F27: =SUM(D27:E27) -> 0 | I27: =SUM(G27:H27) -> 0 | L27: =SUM(J27:K27) -> 0 | O27: =SUM(M27:N27) -> 0 | R27: =SUM(P27:Q27) -> 0 | U27: =SUM(S27:T27) -> 0 | X27: =SUM(V27:W27) -> 0 | Z27: =+F27+I27+L27+O27+R27+U27+X27+Y27 -> 0 | AC27: =+AA27+AB27-Z27 -> 0 | AE27: =AC27+AD27 -> 0
B28: 1111012 | C28: ชิฟฟ่อนเค้กสอดไส้ นมชมพูฮอกไกโด (6 ชิ้น) | F28: =SUM(D28:E28) -> 0 | I28: =SUM(G28:H28) -> 0 | L28: =SUM(J28:K28) -> 0 | O28: =SUM(M28:N28) -> 0 | R28: =SUM(P28:Q28) -> 0 | U28: =SUM(S28:T28) -> 0 | X28: =SUM(V28:W28) -> 0 | Z28: =+F28+I28+L28+O28+R28+U28+X28+Y28 -> 0 | AC28: =+AA28+AB28-Z28 -> 0 | AE28: =AC28+AD28 -> 0
B29: 1111013 | C29: ชิฟฟ่อนเค้กสอดไส้ ช็อคโกแลตนูเทลล่า (3 ชิ้น) | F29: =SUM(D29:E29) -> 0 | I29: =SUM(G29:H29) -> 0 | L29: =SUM(J29:K29) -> 0 | O29: =SUM(M29:N29) -> 0 | R29: =SUM(P29:Q29) -> 0 | U29: =SUM(S29:T29) -> 0 | X29: =SUM(V29:W29) -> 0 | Z29: =+F29+I29+L29+O29+R29+U29+X29+Y29 -> 0 | AC29: =+AA29+AB29-Z29 -> 0 | AE29: =AC29+AD29 -> 0
B30: 1111014 | C30: ชิฟฟ่อนเค้กสอดไส้ ช็อคโกแลตนูเทลล่า (6 ชิ้น) | F30: =SUM(D30:E30) -> 0 | I30: =SUM(G30:H30) -> 0 | L30: =SUM(J30:K30) -> 0 | O30: =SUM(M30:N30) -> 0 | R30: =SUM(P30:Q30) -> 0 | U30: =SUM(S30:T30) -> 0 | X30: =SUM(V30:W30) -> 0 | Z30: =+F30+I30+L30+O30+R30+U30+X30+Y30 -> 0 | AC30: =+AA30+AB30-Z30 -> 0 | AE30: =AC30+AD30 -> 0
B31: 1111015 | C31: ชิฟฟ่อนเค้กสอดไส้เนย รสมะพร้าว (3 ชิ้น) | F31: =SUM(D31:E31) -> 0 | I31: =SUM(G31:H31) -> 0 | L31: =SUM(J31:K31) -> 0 | O31: =SUM(M31:N31) -> 0 | R31: =SUM(P31:Q31) -> 0 | U31: =SUM(S31:T31) -> 0 | X31: =SUM(V31:W31) -> 0 | Z31: =+F31+I31+L31+O31+R31+U31+X31+Y31 -> 0 | AC31: =+AA31+AB31-Z31 -> 0 | AE31: =AC31+AD31 -> 0
B32: 1111016 | C32: ชิฟฟ่อนเค้กสอดไส้เนย รสมะพร้าว (6 ชิ้น) | F32: =SUM(D32:E32) -> 0 | I32: =SUM(G32:H32) -> 0 | L32: =SUM(J32:K32) -> 0 | O32: =SUM(M32:N32) -> 0 | R32: =SUM(P32:Q32) -> 0 | U32: =SUM(S32:T32) -> 0 | X32: =SUM(V32:W32) -> 0 | Z32: =+F32+I32+L32+O32+R32+U32+X32+Y32 -> 0 | AC32: =+AA32+AB32-Z32 -> 0 | AE32: =AC32+AD32 -> 0
B33: 1111017 | C33: ชิฟฟ่อนเค้กสอดไส้แยม รสบลูเบอร์รี่ (3 ชิ้น) | F33: =SUM(D33:E33) -> 0 | I33: =SUM(G33:H33) -> 0 | L33: =SUM(J33:K33) -> 0 | O33: =SUM(M33:N33) -> 0 | R33: =SUM(P33:Q33) -> 0 | U33: =SUM(S33:T33) -> 0 | X33: =SUM(V33:W33) -> 0 | Z33: =+F33+I33+L33+O33+R33+U33+X33+Y33 -> 0 | AC33: =+AA33+AB33-Z33 -> 0 | AE33: =AC33+AD33 -> 0
B34: 1111018 | C34: ชิฟฟ่อนเค้กสอดไส้แยม รสบลูเบอร์รี่ (6 ชิ้น) | F34: =SUM(D34:E34) -> 0 | I34: =SUM(G34:H34) -> 0 | L34: =SUM(J34:K34) -> 0 | O34: =SUM(M34:N34) -> 0 | R34: =SUM(P34:Q34) -> 0 | U34: =SUM(S34:T34) -> 0 | X34: =SUM(V34:W34) -> 0 | Z34: =+F34+I34+L34+O34+R34+U34+X34+Y34 -> 0 | AC34: =+AA34+AB34-Z34 -> 0 | AE34: =AC34+AD34 -> 0
B35: 1111019 | C35: ชิฟฟ่อนเค้กหน้าฝอยทอง สอดไส้แยมส้ม (3 ชิ้น) | F35: =SUM(D35:E35) -> 0 | I35: =SUM(G35:H35) -> 0 | L35: =SUM(J35:K35) -> 0 | O35: =SUM(M35:N35) -> 0 | R35: =SUM(P35:Q35) -> 0 | U35: =SUM(S35:T35) -> 0 | X35: =SUM(V35:W35) -> 0 | Z35: =+F35+I35+L35+O35+R35+U35+X35+Y35 -> 0 | AC35: =+AA35+AB35-Z35 -> 0 | AE35: =AC35+AD35 -> 0
B36: 1111020 | C36: ชิฟฟ่อนเค้กหน้าฝอยทอง สอดไส้แยมส้ม (6 ชิ้น) | F36: =SUM(D36:E36) -> 0 | I36: =SUM(G36:H36) -> 0 | L36: =SUM(J36:K36) -> 0 | O36: =SUM(M36:N36) -> 0 | R36: =SUM(P36:Q36) -> 0 | U36: =SUM(S36:T36) -> 0 | X36: =SUM(V36:W36) -> 0 | Z36: =+F36+I36+L36+O36+R36+U36+X36+Y36 -> 0 | AC36: =+AA36+AB36-Z36 -> 0 | AE36: =AC36+AD36 -> 0
B37: 1111022 | C37: ชิฟฟ่อนเค้กสอดไส้แยม รสสตรอว์เบอร์รี (3 ชิ้น) | F37: =SUM(D37:E37) -> 0 | I37: =SUM(G37:H37) -> 0 | L37: =SUM(J37:K37) -> 0 | O37: =SUM(M37:N37) -> 0 | R37: =SUM(P37:Q37) -> 0 | U37: =SUM(S37:T37) -> 0 | X37: =SUM(V37:W37) -> 0 | Z37: =+F37+I37+L37+O37+R37+U37+X37+Y37 -> 0 | AC37: =+AA37+AB37-Z37 -> 0 | AE37: =AC37+AD37 -> 0
B38: 1111023 | C38: ชิฟฟ่อนเค้กสอดไส้แยม รสสตรอว์เบอร์รี (6 ชิ้น) | F38: =SUM(D38:E38) -> 0 | I38: =SUM(G38:H38) -> 0 | L38: =SUM(J38:K38) -> 0 | O38: =SUM(M38:N38) -> 0 | R38: =SUM(P38:Q38) -> 0 | U38: =SUM(S38:T38) -> 0 | X38: =SUM(V38:W38) -> 0 | Z38: =+F38+I38+L38+O38+R38+U38+X38+Y38 -> 0 | AC38: =+AA38+AB38-Z38 -> 0 | AE38: =AC38+AD38 -> 0
... B40: 1111025 | C40: ชิฟฟ่อนเค้กสอดไส้แยม รสส้ม (6 ชิ้น) | F40: =SUM(D40:E40) -> 0 | I40: =SUM(G40:H40) -> 0 | L40: =SUM(J40:K40) -> 0 | O40: =SUM(M40:N40) -> 0 | R40: =SUM(P40:Q40) -> 0 | U40: =SUM(S40:T40) -> 0 | X40: =SUM(V40:W40) -> 0 | Z40: =+F40+I40+L40+O40+R40+U40+X40+Y40 -> 0 | AC40: =+AA40+AB40-Z40 -> 0 | AE40: =AC40+AD40 -> 0
B41: 1111056 | C41: ชิฟฟอนรวมรสยอดฮิต 8 ชิ้น | F41: =SUM(D41:E41) -> 0 | G41: 3 | I41: =SUM(G41:H41) -> 3 | J41: 3 | L41: =SUM(J41:K41) -> 3 | O41: =SUM(M41:N41) -> 0 | R41: =SUM(P41:Q41) -> 0 | U41: =SUM(S41:T41) -> 0 | X41: =SUM(V41:W41) -> 0 | Z41: =+F41+I41+L41+O41+R41+U41+X41+Y41 -> 6 | AA41: 10 | AB41: 3 | AC41: =+AA41+AB41-Z41 -> 7 | AE41: =AC41+AD41 -> 7
B42: 1111074 | C42: ชิฟฟอนไส้แยมแยกชิ้น มะพร้าว | F42: =SUM(D42:E42) -> 0 | G42: 22 | I42: =SUM(G42:H42) -> 22 | L42: =SUM(J42:K42) -> 0 | O42: =SUM(M42:N42) -> 0 | R42: =SUM(P42:Q42) -> 0 | U42: =SUM(S42:T42) -> 0 | X42: =SUM(V42:W42) -> 0 | Z42: =+F42+I42+L42+O42+R42+U42+X42+Y42 -> 22 | AC42: =+AA42+AB42-Z42 -> -22 | AE42: =AC42+AD42 -> -22
B43: 1111075 | C43: ชิฟฟอนไส้แยมแยกชิ้น สตอเบอรี่ | F43: =SUM(D43:E43) -> 0 | G43: 22 | I43: =SUM(G43:H43) -> 22 | L43: =SUM(J43:K43) -> 0 | O43: =SUM(M43:N43) -> 0 | R43: =SUM(P43:Q43) -> 0 | U43: =SUM(S43:T43) -> 0 | X43: =SUM(V43:W43) -> 0 | Z43: =+F43+I43+L43+O43+R43+U43+X43+Y43 -> 22 | AC43: =+AA43+AB43-Z43 -> -22 | AE43: =AC43+AD43 -> -22
B44: 1111076 | C44: ชิฟฟอนไส้แยมแยกชิ้น ส้ม | F44: =SUM(D44:E44) -> 0 | G44: 22 | I44: =SUM(G44:H44) -> 22 | L44: =SUM(J44:K44) -> 0 | O44: =SUM(M44:N44) -> 0 | R44: =SUM(P44:Q44) -> 0 | U44: =SUM(S44:T44) -> 0 | X44: =SUM(V44:W44) -> 0 | Z44: =+F44+I44+L44+O44+R44+U44+X44+Y44 -> 22 | AC44: =+AA44+AB44-Z44 -> -22 | AE44: =AC44+AD44 -> -22
B45: 1111077 | C45: ชิฟฟอนไส้แยมแยกชิ้น บลูเบอรี่ | F45: =SUM(D45:E45) -> 0 | G45: 22 | I45: =SUM(G45:H45) -> 22 | L45: =SUM(J45:K45) -> 0 | O45: =SUM(M45:N45) -> 0 | R45: =SUM(P45:Q45) -> 0 | U45: =SUM(S45:T45) -> 0 | X45: =SUM(V45:W45) -> 0 | Z45: =+F45+I45+L45+O45+R45+U45+X45+Y45 -> 22 | AC45: =+AA45+AB45-Z45 -> -22 | AE45: =AC45+AD45 -> -22
B46: 1111078 | C46: ชิฟฟอนไส้แยมแยกชิ้น นมชมพู | F46: =SUM(D46:E46) -> 0 | G46: 22 | I46: =SUM(G46:H46) -> 22 | L46: =SUM(J46:K46) -> 0 | O46: =SUM(M46:N46) -> 0 | R46: =SUM(P46:Q46) -> 0 | U46: =SUM(S46:T46) -> 0 | X46: =SUM(V46:W46) -> 0 | Z46: =+F46+I46+L46+O46+R46+U46+X46+Y46 -> 22 | AC46: =+AA46+AB46-Z46 -> -22 | AE46: =AC46+AD46 -> -22
B47: 1111079 | C47: ชิฟฟอนไส้แยมแยกชิ้น ชอคโกแลต | F47: =SUM(D47:E47) -> 0 | G47: 22 | I47: =SUM(G47:H47) -> 22 | L47: =SUM(J47:K47) -> 0 | O47: =SUM(M47:N47) -> 0 | R47: =SUM(P47:Q47) -> 0 | U47: =SUM(S47:T47) -> 0 | X47: =SUM(V47:W47) -> 0 | Z47: =+F47+I47+L47+O47+R47+U47+X47+Y47 -> 22 | AC47: =+AA47+AB47-Z47 -> -22 | AE47: =AC47+AD47 -> -22
B48: 1111080 | C48: ชิฟฟอนไส้แยมแยกชิ้น ฝอยทอง | F48: =SUM(D48:E48) -> 0 | G48: 22 | I48: =SUM(G48:H48) -> 22 | L48: =SUM(J48:K48) -> 0 | O48: =SUM(M48:N48) -> 0 | R48: =SUM(P48:Q48) -> 0 | U48: =SUM(S48:T48) -> 0 | X48: =SUM(V48:W48) -> 0 | Z48: =+F48+I48+L48+O48+R48+U48+X48+Y48 -> 22 | AC48: =+AA48+AB48-Z48 -> -22 | AE48: =AC48+AD48 -> -22
B49: 1111081 | C49: ชิฟฟอนไส้แยมแยกชิ้น วนิลา | F49: =SUM(D49:E49) -> 0 | G49: 22 | I49: =SUM(G49:H49) -> 22 | L49: =SUM(J49:K49) -> 0 | O49: =SUM(M49:N49) -> 0 | R49: =SUM(P49:Q49) -> 0 | U49: =SUM(S49:T49) -> 0 | X49: =SUM(V49:W49) -> 0 | Z49: =+F49+I49+L49+O49+R49+U49+X49+Y49 -> 22 | AC49: =+AA49+AB49-Z49 -> -22 | AE49: =AC49+AD49 -> -22
B50: 1111082 | C50: ชิฟฟอนไส้แยมแยกชิ้น ใบเตย | F50: =SUM(D50:E50) -> 0 | G50: 22 | I50: =SUM(G50:H50) -> 22 | L50: =SUM(J50:K50) -> 0 | O50: =SUM(M50:N50) -> 0 | R50: =SUM(P50:Q50) -> 0 | U50: =SUM(S50:T50) -> 0 | X50: =SUM(V50:W50) -> 0 | Z50: =+F50+I50+L50+O50+R50+U50+X50+Y50 -> 22 | AC50: =+AA50+AB50-Z50 -> -22 | AE50: =AC50+AD50 -> -22
B51: 1111083 | C51: ชิฟฟอนไส้แยมแยกชิ้น เมล่อน | F51: =SUM(D51:E51) -> 0 | G51: 22 | I51: =SUM(G51:H51) -> 22 | L51: =SUM(J51:K51) -> 0 | O51: =SUM(M51:N51) -> 0 | R51: =SUM(P51:Q51) -> 0 | U51: =SUM(S51:T51) -> 0 | X51: =SUM(V51:W51) -> 0 | Z51: =+F51+I51+L51+O51+R51+U51+X51+Y51 -> 22 | AC51: =+AA51+AB51-Z51 -> -22 | AE51: =AC51+AD51 -> -22
B52: 1112002 | C52: เค้กเบาหวิว รสกาแฟ (300 กรัม) | F52: =SUM(D52:E52) -> 0 | I52: =SUM(G52:H52) -> 0 | L52: =SUM(J52:K52) -> 0 | O52: =SUM(M52:N52) -> 0 | R52: =SUM(P52:Q52) -> 0 | U52: =SUM(S52:T52) -> 0 | X52: =SUM(V52:W52) -> 0 | Z52: =+F52+I52+L52+O52+R52+U52+X52+Y52 -> 0 | AC52: =+AA52+AB52-Z52 -> 0 | AE52: =AC52+AD52 -> 0
B53: 1112003 | C53: เค้กเบาหวิว รสกาแฟ (110 กรัม) | D53: 4 | F53: =SUM(D53:E53) -> 4 | G53: 1 | I53: =SUM(G53:H53) -> 1 | L53: =SUM(J53:K53) -> 0 | M53: 48 | O53: =SUM(M53:N53) -> 48 | R53: =SUM(P53:Q53) -> 0 | U53: =SUM(S53:T53) -> 0 | X53: =SUM(V53:W53) -> 0 | Z53: =+F53+I53+L53+O53+R53+U53+X53+Y53 -> 53 | AA53: 65 | AB53: 248 | AC53: =+AA53+AB53-Z53 -> 260 | AE53: =AC53+AD53 -> 260
B54: 1112004 | C54: เค้กเบาหวิว รสเนยนม (300 กรัม) | F54: =SUM(D54:E54) -> 0 | I54: =SUM(G54:H54) -> 0 | L54: =SUM(J54:K54) -> 0 | O54: =SUM(M54:N54) -> 0 | R54: =SUM(P54:Q54) -> 0 | U54: =SUM(S54:T54) -> 0 | X54: =SUM(V54:W54) -> 0 | Z54: =+F54+I54+L54+O54+R54+U54+X54+Y54 -> 0 | AC54: =+AA54+AB54-Z54 -> 0 | AE54: =AC54+AD54 -> 0
