Workbook
Name shtlist: #REF!

Sheet เย็น  
B1: ยอดจริง ออนไลน์ วันที่ 2/12/2567 - เย็น
K2: ยอดรวมผลิต
K3: จำนวน
B4: รหัสสินค้า | C4: สินค้า | D4: ปณ | E4: ชอปปี้ | F4: ลาซาด้า | G4: ติ๊กตอก | H4: ติ๊กตอก2 | I4: ติ๊กตอก3 | J4: ชอยส์ | K4: (กล่อง)
B6: ชิฟฟอนรวมรส
B7: 1111002 | C7: ชิฟฟอนรวมรส 8 ชิ้น | K7: =SUM(D7:J7) -> 0
B8: 1111086 | C8: ชิฟฟอน 8 ชิ้น มะพร้าวล้วน | K8: =SUM(D8:J8) -> 0
B9: 1111056 | C9: ชิฟฟอน 8 ชิ้น รวมรสยอดฮิต | K9: =SUM(D9:J9) -> 0
B10: 1004055 | C10: ชิฟฟอนรวมรส 4 ชิ้น | K10: =SUM(D10:J10) -> 0
B11: 1111057 | C11: ชิฟฟอนแยกชิ้น กาแฟ | K11: =SUM(D11:J11) -> 0
B12: 1111058 | C12: ชิฟฟอนแยกชิ้น ชาเขียว | K12: =SUM(D12:J12) -> 0
B13: 1111059 | C13: ชิฟฟอนแยกชิ้น ใบเตย | K13: =SUM(D13:J13) -> 0
B14: 1111060 | C14: ชิฟฟอนแยกชิ้น กล้วยหอม | K14: =SUM(D14:J14) -> 0
B15: 1111061 | C15: ชิฟฟอนแยกชิ้น ชาไทย | K15: =SUM(D15:J15) -> 0
B16: 1111062 | C16: ชิฟฟอนแยกชิ้น โกโก้ | K16: =SUM(D16:J16) -> 0
B17: 1111063 | C17: ชิฟฟอนแยกชิ้น ส้ม | K17: =SUM(D17:J17) -> 0
B18: 1111064 | C18: ชิฟฟอนแยกชิ้น เผือก | K18: =SUM(D18:J18) -> 0
... B35: 1111083 | C35: ชิฟฟอนไส้แยมแยกชิ้น เมล่อน | K35: =SUM(D35:J35) -> 0
B36: ชิฟฟอนไส้แยม 6 ชิ้น
B37: 1111009 | C37: ชิฟฟอนไส้แยมรวมรส 6 ชิ้น | K37: =SUM(D37:J37) -> 0
B38: ชิฟฟอนไส้แยม 3 ชิ้น
B39: 1111008 | C39: ชิฟฟอนไส้แยมรวมรส 3 ชิ้น | K39: =SUM(D39:J39) -> 0
B44: เบาหวิว ล 110 กรัม
B45: 1112009 | C45: มะพร้าว | K45: =SUM(D45:J45) -> 0
B46: 1112011 | C46: ฝอยทอง | K46: =SUM(D46:J46) -> 0
B47: 1112003 | C47: กาแฟ | K47: =SUM(D47:J47) -> 0
B48: 1112005 | C48: เนยนม | K48: =SUM(D48:J48) -> 0
B49: 1112007 | C49: ใบเตย | K49: =SUM(D49:J49) -> 0
B50: 1112019 | C50: ทุเรียน | K50: =SUM(D50:J50) -> 0
B51: 1112017 | C51: ตาลหอม | K51: =SUM(D51:J51) -> 0
B52: 1112015 | C52: กล้วยหอมมะพร้าวเผา | K52: =SUM(D52:J52) -> 0
B53: 1112013 | C53: เผือกมะพร้าวอ่อน | K53: =SUM(D53:J53) -> 0
B54: 1124043 | C54: เบาหวิว คละรส | K54: =SUM(D54:J54) -> 0
B55: อื่นๆ
B56: 1113170 | C56: ขนมเปี๊ยะถั่วฝอยทองไข่เค็ม 450 กรัม | K56: =SUM(D56:J56) -> 0
B57: 1113171 | C57: ขนมเปี๊ยะฟักถั่วไข่เค็ม 450 กรัม | K57: =SUM(D57:J57) -> 0
B58: 1113172 | C58: ขนมเปี๊ยะเผือกฝอยทองไข่เค็ม 450 กรัม | K58: =SUM(D58:J58) -> 0
B59: 1100003 | C59: เมอแรงค์ กระปุก | K59: =SUM(D59:J59) -> 0
B60: 1100001 | C60: พายสับปรด 1 ชิ้น | K60: =SUM(D60:J60) -> 0
B61: 1100002 | C61: พายสับปรด 1 กล่อง | K61: =SUM(D61:J61) -> 0
B62: 1200001 | C62: คอนเฟลค | K62: =SUM(D62:J62) -> 0
B63: 1005761 | C63: ปังกรอบคาราเมล(ถุง) | K63: =SUM(D63:J63) -> 0
B64: 1114501 | C64: ครีมฮอร์นไส้เนย วนิลา | K64: =SUM(D64:J64) -> 0
B65: 1114502 | C65: ครีมฮอร์นไส้เนย ใบเตย | K65: =SUM(D65:J65) -> 0
B66: 1114503 | C66: ครีมฮอร์นไส้เนย ชอค | K66: =SUM(D66:J66) -> 0
B67: 1124021 | C67: ขนมปังหั่นสไลด์ | K67: =SUM(D67:J67) -> 0
... B75: 1200092 | C75: ท็อฟฟี่ถั่ว 1 กิโล | K75: =SUM(D75:J75) -> 0
C76: เศษขนมปังปลา5กก. | K76: =SUM(D76:J76) -> 0
C77: เศษขนมปังปลา1กก. | K77: =SUM(D77:J77) -> 0
C78: กล่องทาร์ตสับปะรด | K78: =SUM(D78:J78) -> 0

Sheet เช้า
B1: ยอดจริง ออนไลน์ วันที่ 2/12/2567 - เช้า
K2: ยอดรวมผลิต
K3: จำนวน
B4: รหัสสินค้า | C4: สินค้า | D4: ปณ | E4: ชอปปี้ | F4: ลาซาด้า | G4: ติ๊กตอก | H4: ติ๊กตอก2 | I4: ติ๊กตอก3 | J4: ติ๊กตอก4 | K4: (กล่อง)
B6: ชิฟฟอนรวมรส
B7: 1111002 | C7: ชิฟฟอนรวมรส 8 ชิ้น | E7: 44 | F7: 49 | G7: 1 | K7: =SUM(D7:J7) -> 94
B8: 1111086 | C8: ชิฟฟอน 8 ชิ้น มะพร้าวล้วน | K8: =SUM(D8:J8) -> 0
B9: 1111056 | C9: ชิฟฟอน 8 ชิ้น รวมรสยอดฮิต | E9: 5 | F9: 8 | I9: 4 | K9: =SUM(D9:J9) -> 17
B10: 1004055 | C10: ชิฟฟอนรวมรส 4 ชิ้น | D10: 14 | F10: 1 | G10: 81 | H10: 90 | I10: 72 | J10: 39 | K10: =SUM(D10:J10) -> 297
B11: 1111057 | C11: ชิฟฟอนแยกชิ้น กาแฟ | G11: 6 | H11: 3 | I11: 1 | J11: 1 | K11: =SUM(D11:J11) -> 11
B12: 1111058 | C12: ชิฟฟอนแยกชิ้น ชาเขียว | G12: 6 | H12: 3 | I12: 1 | J12: 1 | K12: =SUM(D12:J12) -> 11
B13: 1111059 | C13: ชิฟฟอนแยกชิ้น ใบเตย | G13: 6 | H13: 3 | I13: 6 | K13: =SUM(D13:J13) -> 15
B14: 1111060 | C14: ชิฟฟอนแยกชิ้น กล้วยหอม | G14: 6 | H14: 3 | I14: 1 | K14: =SUM(D14:J14) -> 10
B15: 1111061 | C15: ชิฟฟอนแยกชิ้น ชาไทย | G15: 6 | H15: 3 | K15: =SUM(D15:J15) -> 9
B16: 1111062 | C16: ชิฟฟอนแยกชิ้น โกโก้ | G16: 6 | H16: 3 | K16: =SUM(D16:J16) -> 9
B17: 1111063 | C17: ชิฟฟอนแยกชิ้น ส้ม | G17: 6 | H17: 3 | I17: 1 | K17: =SUM(D17:J17) -> 10
B18: 1111064 | C18: ชิฟฟอนแยกชิ้น เผือก | G18: 6 | H18: 3 | K18: =SUM(D18:J18) -> 9
B19: 1111065 | C19: ชิฟฟอนแยกชิ้น สับปะรด | G19: 6 | H19: 3 | I19: 1 | K19: =SUM(D19:J19) -> 10
B20: 1111066 | C20: ชิฟฟอนแยกชิ้น สตอเบอรี่ | G20: 5 | H20: 3 | I20: 1 | K20: =SUM(D20:J20) -> 9
B21: 1111067 | C21: ชิฟฟอนแยกชิ้น มะพร้าว | G21: 5 | H21: 3 | I21: 6 | K21: =SUM(D21:J21) -> 14
B22: 1111068 | C22: ชิฟฟอนแยกชิ้น เนย | G22: 5 | H22: 3 | I22: 1 | K22: =SUM(D22:J22) -> 9
B23: 1111069 | C23: ชิฟฟอนแยกชิ้น บลูเบอรี่ | G23: 5 | H23: 2 | I23: 1 | K23: =SUM(D23:J23) -> 8
B24: 1111070 | C24: ชิฟฟอนแยกชิ้น ทุเรียน | G24: 5 | H24: 2 | K24: =SUM(D24:J24) -> 7
B25: 1111071 | C25: ชิฟฟอนแยกชิ้น ตาล | G25: 5 | H25: 2 | K25: =SUM(D25:J25) -> 7
B26: 1111074 | C26: ชิฟฟอนไส้แยมแยกชิ้น มะพร้าว | E26: 5 | F26: 3 | H26: 1 | J26: 11 | K26: =SUM(D26:J26) -> 20
B27: 1111075 | C27: ชิฟฟอนไส้แยมแยกชิ้น สตอเบอรี่ | E27: 5 | F27: 3 | J27: 11 | K27: =SUM(D27:J27) -> 19
B28: 1111076 | C28: ชิฟฟอนไส้แยมแยกชิ้น ส้ม | E28: 5 | F28: 3 | J28: 10 | K28: =SUM(D28:J28) -> 18
B29: 1111077 | C29: ชิฟฟอนไส้แยมแยกชิ้น บลูเบอรี่ | E29: 5 | F29: 3 | J29: 10 | K29: =SUM(D29:J29) -> 18
B30: 1111078 | C30: ชิฟฟอนไส้แยมแยกชิ้น นมชมพู | E30: 5 | F30: 3 | J30: 10 | K30: =SUM(D30:J30) -> 18
B31: 1111079 | C31: ชิฟฟอนไส้แยมแยกชิ้น ชอคโกแลต | E31: 5 | F31: 3 | J31: 10 | K31: =SUM(D31:J31) -> 18
B32: 1111080 | C32: ชิฟฟอนไส้แยมแยกชิ้น ฝอยทอง | E32: 5 | F32: 3 | J32: 10 | K32: =SUM(D32:J32) -> 18
B33: 1111081 | C33: ชิฟฟอนไส้แยมแยกชิ้น วนิลา | E33: 5 | F33: 3 | J33: 10 | K33: =SUM(D33:J33) -> 18
B34: 1111082 | C34: ชิฟฟอนไส้แยมแยกชิ้น ใบเตย | E34: 5 | F34: 3 | J34: 10 | K34: =SUM(D34:J34) -> 18
B35: 1111083 | C35: ชิฟฟอนไส้แยมแยกชิ้น เมล่อน | E35: 5 | F35: 3 | J35: 10 | K35: =SUM(D35:J35) -> 18
B36: ชิฟฟอนไส้แยม 6 ชิ้น
B37: 1111009 | C37: ชิฟฟอนไส้แยมรวมรส 6 ชิ้น | E37: 3 | F37: 4 | G37: 1 | H37: 1 | J37: 2 | K37: =SUM(D37:J37) -> 11
B38: ชิฟฟอนไส้แยม 3 ชิ้น
B39: 1111008 | C39: ชิฟฟอนไส้แยมรวมรส 3 ชิ้น | D39: 5 | E39: 6 | G39: 102 | H39: 114 | I39: 90 | J39: 9 | K39: =SUM(D39:J39) -> 326
B40: 1111017 | C40: ชิฟฟอนไส้แยมบลูเบอรี่ 3 ชิ้น | K40: =SUM(D40:J40) -> 0
B41: 1111019 | C41: ชิฟฟอนไส้แยมฝอยทอง 3 ชิ้น | D41: 5 | K41: =SUM(D41:J41) -> 5
B42: 1111022 | C42: ชิฟฟอนไส้แยมสตอเบอรี่ 3 ชิ้น | K42: =SUM(D42:J42) -> 0
B43: 1111024 | C43: ชิฟฟอนไส้แยมส้ม 3 ชิ้น | K43: =SUM(D43:J43) -> 0
B44: เบาหวิว ล 110 กรัม
B45: 1112009 | C45: มะพร้าว | D45: 37 | E45: 6 | F45: 3 | G45: 17 | H45: 11 | I45: 15 | J45: 2 | K45: =SUM(D45:J45) -> 91
B46: 1112011 | C46: ฝอยทอง | D46: 17 | E46: 6 | F46: 13 | G46: 17 | H46: 11 | I46: 15 | J46: 2 | K46: =SUM(D46:J46) -> 81
B47: 1112003 | C47: กาแฟ | D47: 27 | E47: 6 | F47: 3 | G47: 16 | H47: 11 | I47: 15 | J47: 2 | K47: =SUM(D47:J47) -> 80
B48: 1112005 | C48: เนยนม | D48: 13 | E48: 6 | F48: 3 | G48: 10 | H48: 9 | I48: 3 | J48: 3 | K48: =SUM(D48:J48) -> 47
B49: 1112007 | C49: ใบเตย | K49: =SUM(D49:J49) -> 0
B50: 1112019 | C50: ทุเรียน | K50: =SUM(D50:J50) -> 0
B51: 1112017 | C51: ตาลหอม | D51: 41 | E51: 5 | F51: 3 | G51: 15 | H51: 11 | I51: 15 | J51: 2 | K51: =SUM(D51:J51) -> 92
B52: 1112015 | C52: กล้วยหอมมะพร้าวเผา | D52: 14 | E52: 5 | F52: 3 | G52: 15 | H52: 11 | I52: 15 | J52: 2 | K52: =SUM(D52:J52) -> 65
B53: 1112013 | C53: เผือกมะพร้าวอ่อน | D53: 48 | E53: 6 | F53: 5 | G53: 15 | H53: 11 | I53: 15 | J53: 2 | K53: =SUM(D53:J53) -> 102
B54: 1124043 | C54: เบาหวิว คละรส | K54: =SUM(D54:J54) -> 0
B55: อื่นๆ
B56: 1113170 | C56: ขนมเปี๊ยะถั่วฝอยทองไข่เค็ม 450 กรัม | K56: =SUM(D56:J56) -> 0
B57: 1113171 | C57: ขนมเปี๊ยะฟักถั่วไข่เค็ม 450 กรัม | K57: =SUM(D57:J57) -> 0
B58: 1113172 | C58: ขนมเปี๊ยะเผือกฝอยทองไข่เค็ม 450 กรัม | K58: =SUM(D58:J58) -> 0
B59: 1100003 | C59: เมอแรงค์ กระปุก | E59: 8 | K59: =SUM(D59:J59) -> 8
B60: 1100001 | C60: พายสับปรด 1 ชิ้น | F60: 5 | K60: =SUM(D60:J60) -> 5
B61: 1100002 | C61: พายสับปรด 1 กล่อง | E61: 1 | F61: 2 | H61: 1 | K61: =SUM(D61:J61) -> 4
B62: 1200001 | C62: คอนเฟลค | E62: 3 | K62: =SUM(D62:J62) -> 3
B63: 1005761 | C63: ปังกรอบคาราเมล(ถุง) | K63: =SUM(D63:J63) -> 0
B64: 1114501 | C64: ครีมฮอร์นไส้เนย วนิลา | D64: 2 | E64: 6 | F64: 4 | G64: 153 | H64: 161 | I64: 183 | J64: 17 | K64: =SUM(D64:J64) -> 526
B65: 1114502 | C65: ครีมฮอร์นไส้เนย ใบเตย | D65: 2 | E65: 8 | F65: 3 | G65: 153 | H65: 162 | I65: 181 | J65: 17 | K65: =SUM(D65:J65) -> 526
B66: 1114503 | C66: ครีมฮอร์นไส้เนย ชอค | D66: 2 | E66: 5 | F66: 5 | G66: 153 | H66: 161 | I66: 181 | J66: 17 | K66: =SUM(D66:J66) -> 524
B67: 1124021 | C67: ขนมปังหั่นสไลด์ | E67: 26 | F67: 69 | G67: 39 | H67: 9 | I67: 24 | K67: =SUM(D67:J67) -> 167
B68: 1113084 | C68: ปังเนยนิ่ม กล่อง 2 ชิ้น | K68: =SUM(D68:J68) -> 0
B69: 900003 | C69: กล่องเปล่าชิฟอน ล | K69: =SUM(D69:J69) -> 0
B70: 900004 | C70: กล่องเปล่าชิฟอน ญ | K70: =SUM(D70:J70) -> 0
B71: 1200002 | C71: ทอฟฟี่ถั่ว กล่อง | E71: 3 | K71: =SUM(D71:J71) -> 3
B72: 1200003 | C72: ทอฟฟี่ถั่ว กระเช้า | K72: =SUM(D72:J72) -> 0
B73: 1200004 | C73: ทอฟฟี่ถั่ว กระปุก | K73: =SUM(D73:J73) -> 0
B74: 1200093 | C74: ท็อฟฟี่ถั่ว ครึ่งกิโล | K74: =SUM(D74:J74) -> 0
B75: 1200092 | C75: ท็อฟฟี่ถั่ว 1 กิโล | K75: =SUM(D75:J75) -> 0
C76: เศษขนมปังปลา5กก. | K76: =SUM(D76:J76) -> 0
C77: เศษขนมปังปลา1กก. | E77: 11 | F77: 10 | K77: =SUM(D77:J77) -> 21
C78: กล่องทาร์ตสับปะรด | K78: =SUM(D78:J78) -> 0

Sheet บ่าย
B1: ยอดจริง ออนไลน์ วันที่ 29/11/2567 - เย็น
K2: ยอดรวมผลิต
K3: จำนวน
B4: รหัสสินค้า | C4: สินค้า | D4: ปณ | E4: ชอปปี้ | F4: ลาซาด้า | G4: ติ๊กตอก | H4: ติ๊กตอก2 | I4: ติ๊กตอก3 | J4: ชอยส์ | K4: (กล่อง)
B6: ชิฟฟอนรวมรส
B7: 1111002 | C7: ชิฟฟอนรวมรส 8 ชิ้น | K7: =SUM(D7:J7) -> 0
B8: 1111043 | C8: ชิฟฟอน 8 ชิ้น มะลิ | K8: =SUM(D8:J8) -> 0
B9: 1111056 | C9: ชิฟฟอน 8 ชิ้น รวมรสยอดฮิต | K9: =SUM(D9:J9) -> 0
B10: 1004055 | C10: ชิฟฟอนรวมรส 4 ชิ้น | K10: =SUM(D10:J10) -> 0
B11: 1111057 | C11: ชิฟฟอนแยกชิ้น กาแฟ | K11: =SUM(D11:J11) -> 0
B12: 1111058 | C12: ชิฟฟอนแยกชิ้น ชาเขียว | K12: =SUM(D12:J12) -> 0
B13: 1111059 | C13: ชิฟฟอนแยกชิ้น ใบเตย | K13: =SUM(D13:J13) -> 0
B14: 1111060 | C14: ชิฟฟอนแยกชิ้น กล้วยหอม | K14: =SUM(D14:J14) -> 0
B15: 1111061 | C15: ชิฟฟอนแยกชิ้น ชาไทย | K15: =SUM(D15:J15) -> 0
B16: 1111062 | C16: ชิฟฟอนแยกชิ้น โกโก้ | K16: =SUM(D16:J16) -> 0
B17: 1111063 | C17: ชิฟฟอนแยกชิ้น ส้ม | K17: =SUM(D17:J17) -> 0
B18: 1111064 | C18: ชิฟฟอนแยกชิ้น เผือก | K18: =SUM(D18:J18) -> 0
... B37: 1111010 | C37: ชิฟฟอนไส้แยมแยกชิ้น คละรส | K37: =SUM(D37:J37) -> 0
C38: รวม | K38: =SUM(D38:I38) -> 0
B39: ชิฟฟอนไส้แยม 6 ชิ้น
B40: 1111009 | C40: ชิฟฟอนไส้แยมรวมรส 6 ชิ้น | K40: =SUM(D40:J40) -> 0
B41: ชิฟฟอนไส้แยม 3 ชิ้น
B42: 1111008 | C42: ชิฟฟอนไส้แยมรวมรส 3 ชิ้น | K42: =SUM(D42:J42) -> 0
B43: 1111011 | C43: ชิฟฟอนไส้แยมนมชมพู 3 ชิ้น | K43: =SUM(D43:J43) -> 0
B44: 1111013 | C44: ชิฟฟอนไส้แยมชอคโกแลต 3 ชิ้น | K44: =SUM(D44:J44) -> 0
B45: 1111017 | C45: ชิฟฟอนไส้แยมบลูเบอรี่ 3 ชิ้น | K45: =SUM(D45:J45) -> 0
B46: 1111022 | C46: ชิฟฟอนไส้แยมสตอเบอรี่ 3 ชิ้น | K46: =SUM(D46:J46) -> 0
B47: เบาหวิว ล 110 กรัม
B48: 1112009 | C48: มะพร้าว | K48: =SUM(D48:J48) -> 0
B49: 1112011 | C49: ฝอยทอง | K49: =SUM(D49:J49) -> 0
B50: 1112003 | C50: กาแฟ | K50: =SUM(D50:J50) -> 0
B51: 1112005 | C51: เนยนม | K51: =SUM(D51:J51) -> 0
B52: 1112007 | C52: ใบเตย | K52: =SUM(D52:J52) -> 0
B53: 1112019 | C53: ทุเรียน | K53: =SUM(D53:J53) -> 0
B54: 1112017 | C54: ตาลหอม | K54: =SUM(D54:J54) -> 0
B55: 1112015 | C55: กล้วยหอมมะพร้าวเผา | K55: =SUM(D55:J55) -> 0
B56: 1112013 | C56: เผือกมะพร้าวอ่อน | K56: =SUM(D56:J56) -> 0
B57: 1124043 | C57: เบาหวิว คละรส | K57: =SUM(D57:J57) -> 0
C58: รวม
B59: อื่นๆ
B60: 1100003 | C60: เมอแรงค์ กระปุก | K60: =SUM(D60:J60) -> 0
B61: 1100001 | C61: พายสับปรด 1 ชิ้น | K61: =SUM(D61:J61) -> 0
B62: 1100002 | C62: พายสับปรด 1 กล่อง | K62: =SUM(D62:J62) -> 0
B63: 1200001 | C63: คอนเฟลค | K63: =SUM(D63:J63) -> 0
B64: 1005761 | C64: ปังกรอบคาราเมล(ถุง) | K64: =SUM(D64:J64) -> 0
B65: 1114501 | C65: ครีมฮอร์นไส้เนย วนิลา | K65: =SUM(D65:J65) -> 0
B66: 1114502 | C66: ครีมฮอร์นไส้เนย ใบเตย | K66: =SUM(D66:J66) -> 0
B67: 1114503 | C67: ครีมฮอร์นไส้เนย ชอค | K67: =SUM(D67:J67) -> 0
B68: 1124021 | C68: ขนมปังหั่นสไลด์ | K68: =SUM(D68:J68) -> 0
B69: 1113084 | C69: ปังเนยนิ่ม กล่อง 2 ชิ้น | K69: =SUM(D69:J69) -> 0
B70: 900003 | C70: กล่องเปล่าชิฟอน ล | K70: =SUM(D70:J70) -> 0
B71: 900004 | C71: กล่องเปล่าชิฟอน ญ | K71: =SUM(D71:J71) -> 0
... B76: 1200092 | C76: ท็อฟฟี่ถั่ว 1 กิโล | K76: =SUM(D76:J76) -> 0
C77: เศษขนมปังปลา5กก. | K77: =SUM(D77:J77) -> 0
C78: เศษขนมปังปลา1กก. | K78: =SUM(D78:J78) -> 0
C79: กล่องทาร์ตสับปะรด | K79: =SUM(D79:J79) -> 0
D81: =SUM(D7:D36,D40,D42,D48:D56,D60:D79) -> 0 | E81: =SUM(E7:E36,E40,E42,E48:E56,E60:E79) -> 0 | F81: =SUM(F7:F36,F40,F42,F48:F56,F60:F79) -> 0 | G81: =SUM(G7:G36,G40,G42,G48:G56,G60:G79) -> 0 | H81: =SUM(H7:H36,H40,H42,H48:H56,H60:H79) -> 0 | I81: =SUM(I7:I36,I40,I42,I48:I56,I60:I79) -> 0 | J81: =SUM(J7:J36,J40,J42,J48:J56,J60:J79) -> 0 | K81: =SUM(K7:K36,K40,K42,K48:K56,K60:K79) -> 0
B83: …..................................................................................... | I83: ….....................................................................................
B84: ผู้จัดทำ | I84: ผู้รับทราบ

Sheet รวม
B1: ยอดจริง ออนไลน์ วันที่ 2/12/2567 - รวม
K2: ยอดรวมผลิต | L2: ยอดสตอค | M2: ยอดฟอแคส | N2: รับเกิน | O2: ยังไม่ได้รับเข้า | Q2: รวม
K3: จำนวน | P3: บิลค้าง
B4: รหัสสินค้า | C4: สินค้า | D4: ปณ | E4: ชอปปี้ | F4: ลาซาด้า | G4: ติ๊กตอก | H4: ติ๊กตอก2 | I4: ติ๊กตอก3 | J4: ติ๊กตอก4 | K4: (กล่อง)
B6: ชิฟฟอนรวมรส
B7: 1111002 | C7: ชิฟฟอนรวมรส 8 ชิ้น | D7: ='เย็น '!D7+เช้า!D7 -> 0 | E7: ='เย็น '!E7+เช้า!E7 -> 44 | F7: ='เย็น '!F7+เช้า!F7 -> 49 | G7: ='เย็น '!G7+เช้า!G7 -> 1 | H7: ='เย็น '!H7+เช้า!H7 -> 0 | I7: ='เย็น '!I7+เช้า!I7 -> 0 | J7: ='เย็น '!J7+เช้า!J7 -> 0 | K7: =SUM(D7:J7) -> 94 | M7: 114 | Q7: =(L7+M7+N7+O7)-K7-P7 -> 20
B8: 1111086 | C8: ชิฟฟอน 8 ชิ้น มะพร้าวล้วน | D8: ='เย็น '!D8+เช้า!D8 -> 0 | E8: ='เย็น '!E8+เช้า!E8 -> 0 | F8: ='เย็น '!F8+เช้า!F8 -> 0 | G8: ='เย็น '!G8+เช้า!G8 -> 0 | H8: ='เย็น '!H8+เช้า!H8 -> 0 | I8: ='เย็น '!I8+เช้า!I8 -> 0 | J8: ='เย็น '!J8+เช้า!J8 -> 0 | K8: =SUM(D8:J8) -> 0 | Q8: =(L8+M8+N8+O8)-K8-P8 -> 0
B9: 1111056 | C9: ชิฟฟอน 8 ชิ้น รวมรสยอดฮิต | D9: ='เย็น '!D9+เช้า!D9 -> 0 | E9: ='เย็น '!E9+เช้า!E9 -> 5 | F9: ='เย็น '!F9+เช้า!F9 -> 8 | G9: ='เย็น '!G9+เช้า!G9 -> 0 | H9: ='เย็น '!H9+เช้า!H9 -> 0 | I9: ='เย็น '!I9+เช้า!I9 -> 4 | J9: ='เย็น '!J9+เช้า!J9 -> 0 | K9: =SUM(D9:J9) -> 17 | M9: 36 | Q9: =(L9+M9+N9+O9)-K9-P9 -> 19
B10: 1004055 | C10: ชิฟฟอนรวมรส 4 ชิ้น | D10: ='เย็น '!D10+เช้า!D10 -> 14 | E10: ='เย็น '!E10+เช้า!E10 -> 0 | F10: ='เย็น '!F10+เช้า!F10 -> 1 | G10: ='เย็น '!G10+เช้า!G10 -> 81 | H10: ='เย็น '!H10+เช้า!H10 -> 90 | I10: ='เย็น '!I10+เช้า!I10 -> 72 | J10: ='เย็น '!J10+เช้า!J10 -> 39 | K10: =SUM(D10:J10) -> 297 | M10: 165 | Q10: =(L10+M10+N10+O10)-K10-P10 -> -132
B11: 1111057 | C11: ชิฟฟอนแยกชิ้น กาแฟ | D11: ='เย็น '!D11+เช้า!D11 -> 0 | E11: ='เย็น '!E11+เช้า!E11 -> 0 | F11: ='เย็น '!F11+เช้า!F11 -> 0 | G11: ='เย็น '!G11+เช้า!G11 -> 6 | H11: ='เย็น '!H11+เช้า!H11 -> 3 | I11: ='เย็น '!I11+เช้า!I11 -> 1 | J11: ='เย็น '!J11+เช้า!J11 -> 1 | K11: =SUM(D11:J11) -> 11 | M11: 27 | Q11: =(L11+M11+N11+O11)-K11-P11 -> 16
B12: 1111058 | C12: ชิฟฟอนแยกชิ้น ชาเขียว | D12: ='เย็น '!D12+เช้า!D12 -> 0 | E12: ='เย็น '!E12+เช้า!E12 -> 0 | F12: ='เย็น '!F12+เช้า!F12 -> 0 | G12: ='เย็น '!G12+เช้า!G12 -> 6 | H12: ='เย็น '!H12+เช้า!H12 -> 3 | I12: ='เย็น '!I12+เช้า!I12 -> 1 | J12: ='เย็น '!J12+เช้า!J12 -> 1 | K12: =SUM(D12:J12) -> 11 | M12: 20 | Q12: =(L12+M12+N12+O12)-K12-P12 -> 9
B13: 1111059 | C13: ชิฟฟอนแยกชิ้น ใบเตย | D13: ='เย็น '!D13+เช้า!D13 -> 0 | E13: ='เย็น '!E13+เช้า!E13 -> 0 | F13: ='เย็น '!F13+เช้า!F13 -> 0 | G13: ='เย็น '!G13+เช้า!G13 -> 6 | H13: ='เย็น '!H13+เช้า!H13 -> 3 | I13: ='เย็น '!I13+เช้า!I13 -> 6 | J13: ='เย็น '!J13+เช้า!J13 -> 0 | K13: =SUM(D13:J13) -> 15 | M13: 20 | Q13: =(L13+M13+N13+O13)-K13-P13 -> 5
B14: 1111060 | C14: ชิฟฟอนแยกชิ้น กล้วยหอม | D14: ='เย็น '!D14+เช้า!D14 -> 0 | E14: ='เย็น '!E14+เช้า!E14 -> 0 | F14: ='เย็น '!F14+เช้า!F14 -> 0 | G14: ='เย็น '!G14+เช้า!G14 -> 6 | H14: ='เย็น '!H14+เช้า!H14 -> 3 | I14: ='เย็น '!I14+เช้า!I14 -> 1 | J14: ='เย็น '!J14+เช้า!J14 -> 0 | K14: =SUM(D14:J14) -> 10 | M14: 20 | Q14: =(L14+M14+N14+O14)-K14-P14 -> 10
B15: 1111061 | C15: ชิฟฟอนแยกชิ้น ชาไทย | D15: ='เย็น '!D15+เช้า!D15 -> 0 | E15: ='เย็น '!E15+เช้า!E15 -> 0 | F15: ='เย็น '!F15+เช้า!F15 -> 0 | G15: ='เย็น '!G15+เช้า!G15 -> 6 | H15: ='เย็น '!H15+เช้า!H15 -> 3 | I15: ='เย็น '!I15+เช้า!I15 -> 0 | J15: ='เย็น '!J15+เช้า!J15 -> 0 | K15: =SUM(D15:J15) -> 9 | M15: 22 | Q15: =(L15+M15+N15+O15)-K15-P15 -> 13
B16: 1111062 | C16: ชิฟฟอนแยกชิ้น โกโก้ | D16: ='เย็น '!D16+เช้า!D16 -> 0 | E16: ='เย็น '!E16+เช้า!E16 -> 0 | F16: ='เย็น '!F16+เช้า!F16 -> 0 | G16: ='เย็น '!G16+เช้า!G16 -> 6 | H16: ='เย็น '!H16+เช้า!H16 -> 3 | I16: ='เย็น '!I16+เช้า!I16 -> 0 | J16: ='เย็น '!J16+เช้า!J16 -> 0 | K16: =SUM(D16:J16) -> 9 | M16: 20 | Q16: =(L16+M16+N16+O16)-K16-P16 -> 11
B17: 1111063 | C17: ชิฟฟอนแยกชิ้น ส้ม | D17: ='เย็น '!D17+เช้า!D17 -> 0 | E17: ='เย็น '!E17+เช้า!E17 -> 0 | F17: ='เย็น '!F17+เช้า!F17 -> 0 | G17: ='เย็น '!G17+เช้า!G17 -> 6 | H17: ='เย็น '!H17+เช้า!H17 -> 3 | I17: ='เย็น '!I17+เช้า!I17 -> 1 | J17: ='เย็น '!J17+เช้า!J17 -> 0 | K17: =SUM(D17:J17) -> 10 | M17: 24 | Q17: =(L17+M17+N17+O17)-K17-P17 -> 14
B18: 1111064 | C18: ชิฟฟอนแยกชิ้น เผือก | D18: ='เย็น '!D18+เช้า!D18 -> 0 | E18: ='เย็น '!E18+เช้า!E18 -> 0 | F18: ='เย็น '!F18+เช้า!F18 -> 0 | G18: ='เย็น '!G18+เช้า!G18 -> 6 | H18: ='เย็น '!H18+เช้า!H18 -> 3 | I18: ='เย็น '!I18+เช้า!I18 -> 0 | J18: ='เย็น '!J18+เช้า!J18 -> 0 | K18: =SUM(D18:J18) -> 9 | M18: 20 | Q18: =(L18+M18+N18+O18)-K18-P18 -> 11
B19: 1111065 | C19: ชิฟฟอนแยกชิ้น สับปะรด | D19: ='เย็น '!D19+เช้า!D19 -> 0 | E19: ='เย็น '!E19+เช้า!E19 -> 0 | F19: ='เย็น '!F19+เช้า!F19 -> 0 | G19: ='เย็น '!G19+เช้า!G19 -> 6 | H19: ='เย็น '!H19+เช้า!H19 -> 3 | I19: ='เย็น '!I19+เช้า!I19 -> 1 | J19: ='เย็น '!J19+เช้า!J19 -> 0 | K19: =SUM(D19:J19) -> 10 | M19: 10 | Q19: =(L19+M19+N19+O19)-K19-P19 -> 0
B20: 1111066 | C20: ชิฟฟอนแยกชิ้น สตอเบอรี่ | D20: ='เย็น '!D20+เช้า!D20 -> 0 | E20: ='เย็น '!E20+เช้า!E20 -> 0 | F20: ='เย็น '!F20+เช้า!F20 -> 0 | G20: ='เย็น '!G20+เช้า!G20 -> 5 | H20: ='เย็น '!H20+เช้า!H20 -> 3 | I20: ='เย็น '!I20+เช้า!I20 -> 1 | J20: ='เย็น '!J20+เช้า!J20 -> 0 | K20: =SUM(D20:J20) -> 9 | M20: 10 | Q20: =(L20+M20+N20+O20)-K20-P20 -> 1
... B23: 1111069 | C23: ชิฟฟอนแยกชิ้น บลูเบอรี่ | D23: ='เย็น '!D23+เช้า!D23 -> 0 | E23: ='เย็น '!E23+เช้า!E23 -> 0 | F23: ='เย็น '!F23+เช้า!F23 -> 0 | G23: ='เย็น '!G23+เช้า!G23 -> 5 | H23: ='เย็น '!H23+เช้า!H23 -> 2 | I23: ='เย็น '!I23+เช้า!I23 -> 1 | J23: ='เย็น '!J23+เช้า!J23 -> 0 | K23: =SUM(D23:J23) -> 8 | M23: 22 | Q23: =(L23+M23+N23+O23)-K23-P23 -> 14
B24: 1111070 | C24: ชิฟฟอนแยกชิ้น ทุเรียน | D24: ='เย็น '!D24+เช้า!D24 -> 0 | E24: ='เย็น '!E24+เช้า!E24 -> 0 | F24: ='เย็น '!F24+เช้า!F24 -> 0 | G24: ='เย็น '!G24+เช้า!G24 -> 5 | H24: ='เย็น '!H24+เช้า!H24 -> 2 | I24: ='เย็น '!I24+เช้า!I24 -> 0 | J24: ='เย็น '!J24+เช้า!J24 -> 0 | K24: =SUM(D24:J24) -> 7 | Q24: =(L24+M24+N24+O24)-K24-P24 -> -7
B25: 1111071 | C25: ชิฟฟอนแยกชิ้น ตาล | D25: ='เย็น '!D25+เช้า!D25 -> 0 | E25: ='เย็น '!E25+เช้า!E25 -> 0 | F25: ='เย็น '!F25+เช้า!F25 -> 0 | G25: ='เย็น '!G25+เช้า!G25 -> 5 | H25: ='เย็น '!H25+เช้า!H25 -> 2 | I25: ='เย็น '!I25+เช้า!I25 -> 0 | J25: ='เย็น '!J25+เช้า!J25 -> 0 | K25: =SUM(D25:J25) -> 7 | M25: 10 | Q25: =(L25+M25+N25+O25)-K25-P25 -> 3
B26: 1111074 | C26: ชิฟฟอนไส้แยมแยกชิ้น มะพร้าว | D26: ='เย็น '!D26+เช้า!D26 -> 0 | E26: ='เย็น '!E26+เช้า!E26 -> 5 | F26: ='เย็น '!F26+เช้า!F26 -> 3 | G26: ='เย็น '!G26+เช้า!G26 -> 0 | H26: ='เย็น '!H26+เช้า!H26 -> 1 | I26: ='เย็น '!I26+เช้า!I26 -> 0 | J26: ='เย็น '!J26+เช้า!J26 -> 11 | K26: =SUM(D26:J26) -> 20 | M26: 10 | Q26: =(L26+M26+N26+O26)-K26-P26 -> -10
B27: 1111075 | C27: ชิฟฟอนไส้แยมแยกชิ้น สตอเบอรี่ | D27: ='เย็น '!D27+เช้า!D27 -> 0 | E27: ='เย็น '!E27+เช้า!E27 -> 5 | F27: ='เย็น '!F27+เช้า!F27 -> 3 | G27: ='เย็น '!G27+เช้า!G27 -> 0 | H27: ='เย็น '!H27+เช้า!H27 -> 0 | I27: ='เย็น '!I27+เช้า!I27 -> 0 | J27: ='เย็น '!J27+เช้า!J27 -> 11 | K27: =SUM(D27:J27) -> 19 | M27: 20 | Q27: =(L27+M27+N27+O27)-K27-P27 -> 1
B28: 1111076 | C28: ชิฟฟอนไส้แยมแยกชิ้น ส้ม | D28: ='เย็น '!D28+เช้า!D28 -> 0 | E28: ='เย็น '!E28+เช้า!E28 -> 5 | F28: ='เย็น '!F28+เช้า!F28 -> 3 | G28: ='เย็น '!G28+เช้า!G28 -> 0 | H28: ='เย็น '!H28+เช้า!H28 -> 0 | I28: ='เย็น '!I28+เช้า!I28 -> 0 | J28: ='เย็น '!J28+เช้า!J28 -> 10 | K28: =SUM(D28:J28) -> 18 | M28: 26 | Q28: =(L28+M28+N28+O28)-K28-P28 -> 8
B29: 1111077 | C29: ชิฟฟอนไส้แยมแยกชิ้น บลูเบอรี่ | D29: ='เย็น '!D29+เช้า!D29 -> 0 | E29: ='เย็น '!E29+เช้า!E29 -> 5 | F29: ='เย็น '!F29+เช้า!F29 -> 3 | G29: ='เย็น '!G29+เช้า!G29 -> 0 | H29: ='เย็น '!H29+เช้า!H29 -> 0 | I29: ='เย็น '!I29+เช้า!I29 -> 0 | J29: ='เย็น '!J29+เช้า!J29 -> 10 | K29: =SUM(D29:J29) -> 18 | M29: 22 | Q29: =(L29+M29+N29+O29)-K29-P29 -> 4
B30: 1111078 | C30: ชิฟฟอนไส้แยมแยกชิ้น นมชมพู | D30: ='เย็น '!D30+เช้า!D30 -> 0 | E30: ='เย็น '!E30+เช้า!E30 -> 5 | F30: ='เย็น '!F30+เช้า!F30 -> 3 | G30: ='เย็น '!G30+เช้า!G30 -> 0 | H30: ='เย็น '!H30+เช้า!H30 -> 0 | I30: ='เย็น '!I30+เช้า!I30 -> 0 | J30: ='เย็น '!J30+เช้า!J30 -> 10 | K30: =SUM(D30:J30) -> 18 | M30: 22 | Q30: =(L30+M30+N30+O30)-K30-P30 -> 4
B31: 1111079 | C31: ชิฟฟอนไส้แยมแยกชิ้น ชอคโกแลต | D31: ='เย็น '!D31+เช้า!D31 -> 0 | E31: ='เย็น '!E31+เช้า!E31 -> 5 | F31: ='เย็น '!F31+เช้า!F31 -> 3 | G31: ='เย็น '!G31+เช้า!G31 -> 0 | H31: ='เย็น '!H31+เช้า!H31 -> 0 | I31: ='เย็น '!I31+เช้า!I31 -> 0 | J31: ='เย็น '!J31+เช้า!J31 -> 10 | K31: =SUM(D31:J31) -> 18 | M31: 15 | Q31: =(L31+M31+N31+O31)-K31-P31 -> -3
B32: 1111080 | C32: ชิฟฟอนไส้แยมแยกชิ้น ฝอยทอง | D32: ='เย็น '!D32+เช้า!D32 -> 0 | E32: ='เย็น '!E32+เช้า!E32 -> 5 | F32: ='เย็น '!F32+เช้า!F32 -> 3 | G32: ='เย็น '!G32+เช้า!G32 -> 0 | H32: ='เย็น '!H32+เช้า!H32 -> 0 | I32: ='เย็น '!I32+เช้า!I32 -> 0 | J32: ='เย็น '!J32+เช้า!J32 -> 10 | K32: =SUM(D32:J32) -> 18 | M32: 24 | Q32: =(L32+M32+N32+O32)-K32-P32 -> 6
B33: 1111081 | C33: ชิฟฟอนไส้แยมแยกชิ้น วนิลา | D33: ='เย็น '!D33+เช้า!D33 -> 0 | E33: ='เย็น '!E33+เช้า!E33 -> 5 | F33: ='เย็น '!F33+เช้า!F33 -> 3 | G33: ='เย็น '!G33+เช้า!G33 -> 0 | H33: ='เย็น '!H33+เช้า!H33 -> 0 | I33: ='เย็น '!I33+เช้า!I33 -> 0 | J33: ='เย็น '!J33+เช้า!J33 -> 10 | K33: =SUM(D33:J33) -> 18 | M33: 13 | Q33: =(L33+M33+N33+O33)-K33-P33 -> -5
B34: 1111082 | C34: ชิฟฟอนไส้แยมแยกชิ้น ใบเตย | D34: ='เย็น '!D34+เช้า!D34 -> 0 | E34: ='เย็น '!E34+เช้า!E34 -> 5 | F34: ='เย็น '!F34+เช้า!F34 -> 3 | G34: ='เย็น '!G34+เช้า!G34 -> 0 | H34: ='เย็น '!H34+เช้า!H34 -> 0 | I34: ='เย็น '!I34+เช้า!I34 -> 0 | J34: ='เย็น '!J34+เช้า!J34 -> 10 | K34: =SUM(D34:J34) -> 18 | M34: 12 | Q34: =(L34+M34+N34+O34)-K34-P34 -> -6
B35: 1111083 | C35: ชิฟฟอนไส้แยมแยกชิ้น เมล่อน | D35: ='เย็น '!D35+เช้า!D35 -> 0 | E35: ='เย็น '!E35+เช้า!E35 -> 5 | F35: ='เย็น '!F35+เช้า!F35 -> 3 | G35: ='เย็น '!G35+เช้า!G35 -> 0 | H35: ='เย็น '!H35+เช้า!H35 -> 0 | I35: ='เย็น '!I35+เช้า!I35 -> 0 | J35: ='เย็น '!J35+เช้า!J35 -> 10 | K35: =SUM(D35:J35) -> 18 | M35: 11 | Q35: =(L35+M35+N35+O35)-K35-P35 -> -7
B36: ชิฟฟอนไส้แยม 6 ชิ้น
B37: 1111009 | C37: ชิฟฟอนไส้แยมรวมรส 6 ชิ้น | D37: ='เย็น '!D37+เช้า!D37 -> 0 | E37: ='เย็น '!E37+เช้า!E37 -> 3 | F37: ='เย็น '!F37+เช้า!F37 -> 4 | G37: ='เย็น '!G37+เช้า!G37 -> 1 | H37: ='เย็น '!H37+เช้า!H37 -> 1 | I37: ='เย็น '!I37+เช้า!I37 -> 0 | J37: ='เย็น '!J37+เช้า!J37 -> 2 | K37: =SUM(D37:J37) -> 11 | M37: 30 | Q37: =(L37+M37+N37+O37)-K37-P37 -> 19
B38: ชิฟฟอนไส้แยม 3 ชิ้น
B39: 1111008 | C39: ชิฟฟอนไส้แยมรวมรส 3 ชิ้น | D39: ='เย็น '!D39+เช้า!D39 -> 5 | E39: ='เย็น '!E39+เช้า!E39 -> 6 | F39: ='เย็น '!F39+เช้า!F39 -> 0 | G39: ='เย็น '!G39+เช้า!G39 -> 102 | H39: ='เย็น '!H39+เช้า!H39 -> 114 | I39: ='เย็น '!I39+เช้า!I39 -> 90 | J39: ='เย็น '!J39+เช้า!J39 -> 9 | K39: =SUM(D39:J39) -> 326 | M39: 125 | Q39: =(L39+M39+N39+O39)-K39-P39 -> -201
B40: 1111017 | C40: ชิฟฟอนไส้แยมบลูเบอรี่ 3 ชิ้น | D40: ='เย็น '!D40+เช้า!D40 -> 0 | E40: ='เย็น '!E40+เช้า!E40 -> 0 | F40: ='เย็น '!F40+เช้า!F40 -> 0 | G40: ='เย็น '!G40+เช้า!G40 -> 0 | H40: ='เย็น '!H40+เช้า!H40 -> 0 | I40: ='เย็น '!I40+เช้า!I40 -> 0 | J40: ='เย็น '!J40+เช้า!J40 -> 0 | K40: =SUM(D40:J40) -> 0 | M40: 5 | Q40: =(L40+M40+N40+O40)-K40-P40 -> 5
B41: 1111019 | C41: ชิฟฟอนไส้แยมฝอยทอง 3 ชิ้น | D41: ='เย็น '!D41+เช้า!D41 -> 5 | E41: ='เย็น '!E41+เช้า!E41 -> 0 | F41: ='เย็น '!F41+เช้า!F41 -> 0 | G41: ='เย็น '!G41+เช้า!G41 -> 0 | H41: ='เย็น '!H41+เช้า!H41 -> 0 | I41: ='เย็น '!I41+เช้า!I41 -> 0 | J41: ='เย็น '!J41+เช้า!J41 -> 0 | K41: =SUM(D41:J41) -> 5 | M41: 5 | Q41: =(L41+M41+N41+O41)-K41-P41 -> 0
B42: 1111022 | C42: ชิฟฟอนไส้แยมสตอเบอรี่ 3 ชิ้น | D42: ='เย็น '!D42+เช้า!D42 -> 0 | E42: ='เย็น '!E42+เช้า!E42 -> 0 | F42: ='เย็น '!F42+เช้า!F42 -> 0 | G42: ='เย็น '!G42+เช้า!G42 -> 0 | H42: ='เย็น '!H42+เช้า!H42 -> 0 | I42: ='เย็น '!I42+เช้า!I42 -> 0 | J42: ='เย็น '!J42+เช้า!J42 -> 0 | K42: =SUM(D42:J42) -> 0 | M42: 5 | Q42: =(L42+M42+N42+O42)-K42-P42 -> 5
B43: 1111024 | C43: ชิฟฟอนไส้แยมส้ม 3 ชิ้น | D43: ='เย็น '!D43+เช้า!D43 -> 0 | E43: ='เย็น '!E43+เช้า!E43 -> 0 | F43: ='เย็น '!F43+เช้า!F43 -> 0 | G43: ='เย็น '!G43+เช้า!G43 -> 0 | H43: ='เย็น '!H43+เช้า!H43 -> 0 | I43: ='เย็น '!I43+เช้า!I43 -> 0 | J43: ='เย็น '!J43+เช้า!J43 -> 0 | K43: =SUM(D43:J43) -> 0 | M43: 5 | Q43: =(L43+M43+N43+O43)-K43-P43 -> 5
B44: เบาหวิว ล 110 กรัม
B45: 1112009 | C45: มะพร้าว | D45: ='เย็น '!D45+เช้า!D45 -> 37 | E45: ='เย็น '!E45+เช้า!E45 -> 6 | F45: ='เย็น '!F45+เช้า!F45 -> 3 | G45: ='เย็น '!G45+เช้า!G45 -> 17 | H45: ='เย็น '!H45+เช้า!H45 -> 11 | I45: ='เย็น '!I45+เช้า!I45 -> 15 | J45: ='เย็น '!J45+เช้า!J45 -> 2 | K45: =SUM(D45:J45) -> 91 | M45: 169 | Q45: =(L45+M45+N45+O45)-K45-P45 -> 78
B46: 1112011 | C46: ฝอยทอง | D46: ='เย็น '!D46+เช้า!D46 -> 17 | E46: ='เย็น '!E46+เช้า!E46 -> 6 | F46: ='เย็น '!F46+เช้า!F46 -> 13 | G46: ='เย็น '!G46+เช้า!G46 -> 17 | H46: ='เย็น '!H46+เช้า!H46 -> 11 | I46: ='เย็น '!I46+เช้า!I46 -> 15 | J46: ='เย็น '!J46+เช้า!J46 -> 2 | K46: =SUM(D46:J46) -> 81 | M46: 107 | Q46: =(L46+M46+N46+O46)-K46-P46 -> 26
B47: 1112003 | C47: กาแฟ | D47: ='เย็น '!D47+เช้า!D47 -> 27 | E47: ='เย็น '!E47+เช้า!E47 -> 6 | F47: ='เย็น '!F47+เช้า!F47 -> 3 | G47: ='เย็น '!G47+เช้า!G47 -> 16 | H47: ='เย็น '!H47+เช้า!H47 -> 11 | I47: ='เย็น '!I47+เช้า!I47 -> 15 | J47: ='เย็น '!J47+เช้า!J47 -> 2 | K47: =SUM(D47:J47) -> 80 | M47: 142 | Q47: =(L47+M47+N47+O47)-K47-P47 -> 62
B48: 1112005 | C48: เนยนม | D48: ='เย็น '!D48+เช้า!D48 -> 13 | E48: ='เย็น '!E48+เช้า!E48 -> 6 | F48: ='เย็น '!F48+เช้า!F48 -> 3 | G48: ='เย็น '!G48+เช้า!G48 -> 10 | H48: ='เย็น '!H48+เช้า!H48 -> 9 | I48: ='เย็น '!I48+เช้า!I48 -> 3 | J48: ='เย็น '!J48+เช้า!J48 -> 3 | K48: =SUM(D48:J48) -> 47 | M48: 123 | Q48: =(L48+M48+N48+O48)-K48-P48 -> 76
B49: 1112007 | C49: ใบเตย | D49: ='เย็น '!D49+เช้า!D49 -> 0 | E49: ='เย็น '!E49+เช้า!E49 -> 0 | F49: ='เย็น '!F49+เช้า!F49 -> 0 | G49: ='เย็น '!G49+เช้า!G49 -> 0 | H49: ='เย็น '!H49+เช้า!H49 -> 0 | I49: ='เย็น '!I49+เช้า!I49 -> 0 | J49: ='เย็น '!J49+เช้า!J49 -> 0 | K49: =SUM(D49:J49) -> 0 | Q49: =(L49+M49+N49+O49)-K49-P49 -> 0
B50: 1112019 | C50: ทุเรียน | D50: ='เย็น '!D50+เช้า!D50 -> 0 | E50: ='เย็น '!E50+เช้า!E50 -> 0 | F50: ='เย็น '!F50+เช้า!F50 -> 0 | G50: ='เย็น '!G50+เช้า!G50 -> 0 | H50: ='เย็น '!H50+เช้า!H50 -> 0 | I50: ='เย็น '!I50+เช้า!I50 -> 0 | J50: ='เย็น '!J50+เช้า!J50 -> 0 | K50: =SUM(D50:J50) -> 0 | Q50: =(L50+M50+N50+O50)-K50-P50 -> 0
B51: 1112017 | C51: ตาลหอม | D51: ='เย็น '!D51+เช้า!D51 -> 41 | E51: ='เย็น '!E51+เช้า!E51 -> 5 | F51: ='เย็น '!F51+เช้า!F51 -> 3 | G51: ='เย็น '!G51+เช้า!G51 -> 15 | H51: ='เย็น '!H51+เช้า!H51 -> 11 | I51: ='เย็น '!I51+เช้า!I51 -> 15 | J51: ='เย็น '!J51+เช้า!J51 -> 2 | K51: =SUM(D51:J51) -> 92 | M51: 149 | Q51: =(L51+M51+N51+O51)-K51-P51 -> 57
B52: 1112015 | C52: กล้วยหอมมะพร้าวเผา | D52: ='เย็น '!D52+เช้า!D52 -> 14 | E52: ='เย็น '!E52+เช้า!E52 -> 5 | F52: ='เย็น '!F52+เช้า!F52 -> 3 | G52: ='เย็น '!G52+เช้า!G52 -> 15 | H52: ='เย็น '!H52+เช้า!H52 -> 11 | I52: ='เย็น '!I52+เช้า!I52 -> 15 | J52: ='เย็น '!J52+เช้า!J52 -> 2 | K52: =SUM(D52:J52) -> 65 | M52: 154 | Q52: =(L52+M52+N52+O52)-K52-P52 -> 89
B53: 1112013 | C53: เผือกมะพร้าวอ่อน | D53: ='เย็น '!D53+เช้า!D53 -> 48 | E53: ='เย็น '!E53+เช้า!E53 -> 6 | F53: ='เย็น '!F53+เช้า!F53 -> 5 | G53: ='เย็น '!G53+เช้า!G53 -> 15 | H53: ='เย็น '!H53+เช้า!H53 -> 11 | I53: ='เย็น '!I53+เช้า!I53 -> 15 | J53: ='เย็น '!J53+เช้า!J53 -> 2 | K53: =SUM(D53:J53) -> 102 | M53: 107 | Q53: =(L53+M53+N53+O53)-K53-P53 -> 5
B54: 1124043 | C54: เบาหวิว คละรส | D54: ='เย็น '!D54+เช้า!D54 -> 0 | E54: ='เย็น '!E54+เช้า!E54 -> 0 | F54: ='เย็น '!F54+เช้า!F54 -> 0 | G54: ='เย็น '!G54+เช้า!G54 -> 0 | H54: ='เย็น '!H54+เช้า!H54 -> 0 | I54: ='เย็น '!I54+เช้า!I54 -> 0 | J54: ='เย็น '!J54+เช้า!J54 -> 0 | K54: =SUM(D54:J54) -> 0 | Q54: =(L54+M54+N54+O54)-K54-P54 -> 0
B55: อื่นๆ
B56: 1113170 | C56: ขนมเปี๊ยะถั่วฝอยทองไข่เค็ม 450 กรัม | D56: ='เย็น '!D56+เช้า!D56 -> 0 | E56: ='เย็น '!E56+เช้า!E56 -> 0 | F56: ='เย็น '!F56+เช้า!F56 -> 0 | G56: ='เย็น '!G56+เช้า!G56 -> 0 | H56: ='เย็น '!H56+เช้า!H56 -> 0 | I56: ='เย็น '!I56+เช้า!I56 -> 0 | J56: ='เย็น '!J56+เช้า!J56 -> 0 | K56: =SUM(D56:J56) -> 0 | Q56: =(L56+M56+N56+O56)-K56-P56 -> 0
B57: 1113171 | C57: ขนมเปี๊ยะฟักถั่วไข่เค็ม 450 กรัม | D57: ='เย็น '!D57+เช้า!D57 -> 0 | E57: ='เย็น '!E57+เช้า!E57 -> 0 | F57: ='เย็น '!F57+เช้า!F57 -> 0 | G57: ='เย็น '!G57+เช้า!G57 -> 0 | H57: ='เย็น '!H57+เช้า!H57 -> 0 | I57: ='เย็น '!I57+เช้า!I57 -> 0 | J57: ='เย็น '!J57+เช้า!J57 -> 0 | K57: =SUM(D57:J57) -> 0 | Q57: =(L57+M57+N57+O57)-K57-P57 -> 0
B58: 1113172 | C58: ขนมเปี๊ยะเผือกฝอยทองไข่เค็ม 450 กรัม | D58: ='เย็น '!D58+เช้า!D58 -> 0 | E58: ='เย็น '!E58+เช้า!E58 -> 0 | F58: ='เย็น '!F58+เช้า!F58 -> 0 | G58: ='เย็น '!G58+เช้า!G58 -> 0 | H58: ='เย็น '!H58+เช้า!H58 -> 0 | I58: ='เย็น '!I58+เช้า!I58 -> 0 | J58: ='เย็น '!J58+เช้า!J58 -> 0 | K58: =SUM(D58:J58) -> 0 | Q58: =(L58+M58+N58+O58)-K58-P58 -> 0
B59: 1100003 | C59: เมอแรงค์ กระปุก | D59: ='เย็น '!D59+เช้า!D59 -> 0 | E59: ='เย็น '!E59+เช้า!E59 -> 8 | F59: ='เย็น '!F59+เช้า!F59 -> 0 | G59: ='เย็น '!G59+เช้า!G59 -> 0 | H59: ='เย็น '!H59+เช้า!H59 -> 0 | I59: ='เย็น '!I59+เช้า!I59 -> 0 | J59: ='เย็น '!J59+เช้า!J59 -> 0 | K59: =SUM(D59:J59) -> 8 | Q59: =(L59+M59+N59+O59)-K59-P59 -> -8
B60: 1100001 | C60: พายสับปรด 1 ชิ้น | D60: ='เย็น '!D60+เช้า!D60 -> 0 | E60: ='เย็น '!E60+เช้า!E60 -> 0 | F60: ='เย็น '!F60+เช้า!F60 -> 5 | G60: ='เย็น '!G60+เช้า!G60 -> 0 | H60: ='เย็น '!H60+เช้า!H60 -> 0 | I60: ='เย็น '!I60+เช้า!I60 -> 0 | J60: ='เย็น '!J60+เช้า!J60 -> 0 | K60: =SUM(D60:J60) -> 5 | M60: 159 | Q60: =(L60+M60+N60+O60)-K60-P60 -> 154
B61: 1100002 | C61: พายสับปรด 1 กล่อง | D61: ='เย็น '!D61+เช้า!D61 -> 0 | E61: ='เย็น '!E61+เช้า!E61 -> 1 | F61: ='เย็น '!F61+เช้า!F61 -> 2 | G61: ='เย็น '!G61+เช้า!G61 -> 0 | H61: ='เย็น '!H61+เช้า!H61 -> 1 | I61: ='เย็น '!I61+เช้า!I61 -> 0 | J61: ='เย็น '!J61+เช้า!J61 -> 0 | K61: =SUM(D61:J61) -> 4 | M61: 50 | Q61: =(L61+M61+N61+O61)-K61-P61 -> 46
B62: 1200001 | C62: คอนเฟลค | D62: ='เย็น '!D62+เช้า!D62 -> 0 | E62: ='เย็น '!E62+เช้า!E62 -> 3 | F62: ='เย็น '!F62+เช้า!F62 -> 0 | G62: ='เย็น '!G62+เช้า!G62 -> 0 | H62: ='เย็น '!H62+เช้า!H62 -> 0 | I62: ='เย็น '!I62+เช้า!I62 -> 0 | J62: ='เย็น '!J62+เช้า!J62 -> 0 | K62: =SUM(D62:J62) -> 3 | M62: 21 | Q62: =(L62+M62+N62+O62)-K62-P62 -> 18
B63: 1005761 | C63: ปังกรอบคาราเมล(ถุง) | D63: ='เย็น '!D63+เช้า!D63 -> 0 | E63: ='เย็น '!E63+เช้า!E63 -> 0 | F63: ='เย็น '!F63+เช้า!F63 -> 0 | G63: ='เย็น '!G63+เช้า!G63 -> 0 | H63: ='เย็น '!H63+เช้า!H63 -> 0 | I63: ='เย็น '!I63+เช้า!I63 -> 0 | J63: ='เย็น '!J63+เช้า!J63 -> 0 | K63: =SUM(D63:J63) -> 0 | M63: 34 | Q63: =(L63+M63+N63+O63)-K63-P63 -> 34
B64: 1114501 | C64: ครีมฮอร์นไส้เนย วนิลา | D64: ='เย็น '!D64+เช้า!D64 -> 2 | E64: ='เย็น '!E64+เช้า!E64 -> 6 | F64: ='เย็น '!F64+เช้า!F64 -> 4 | G64: ='เย็น '!G64+เช้า!G64 -> 153 | H64: ='เย็น '!H64+เช้า!H64 -> 161 | I64: ='เย็น '!I64+เช้า!I64 -> 183 | J64: ='เย็น '!J64+เช้า!J64 -> 17 | K64: =SUM(D64:J64) -> 526 | M64: 511 | Q64: =(L64+M64+N64+O64)-K64-P64 -> -15
B65: 1114502 | C65: ครีมฮอร์นไส้เนย ใบเตย | D65: ='เย็น '!D65+เช้า!D65 -> 2 | E65: ='เย็น '!E65+เช้า!E65 -> 8 | F65: ='เย็น '!F65+เช้า!F65 -> 3 | G65: ='เย็น '!G65+เช้า!G65 -> 153 | H65: ='เย็น '!H65+เช้า!H65 -> 162 | I65: ='เย็น '!I65+เช้า!I65 -> 181 | J65: ='เย็น '!J65+เช้า!J65 -> 17 | K65: =SUM(D65:J65) -> 526 | M65: 545 | Q65: =(L65+M65+N65+O65)-K65-P65 -> 19
B66: 1114503 | C66: ครีมฮอร์นไส้เนย ชอค | D66: ='เย็น '!D66+เช้า!D66 -> 2 | E66: ='เย็น '!E66+เช้า!E66 -> 5 | F66: ='เย็น '!F66+เช้า!F66 -> 5 | G66: ='เย็น '!G66+เช้า!G66 -> 153 | H66: ='เย็น '!H66+เช้า!H66 -> 161 | I66: ='เย็น '!I66+เช้า!I66 -> 181 | J66: ='เย็น '!J66+เช้า!J66 -> 17 | K66: =SUM(D66:J66) -> 524 | M66: 593 | Q66: =(L66+M66+N66+O66)-K66-P66 -> 69
B67: 1124021 | C67: ขนมปังหั่นสไลด์ | D67: ='เย็น '!D67+เช้า!D67 -> 0 | E67: ='เย็น '!E67+เช้า!E67 -> 26 | F67: ='เย็น '!F67+เช้า!F67 -> 69 | G67: ='เย็น '!G67+เช้า!G67 -> 39 | H67: ='เย็น '!H67+เช้า!H67 -> 9 | I67: ='เย็น '!I67+เช้า!I67 -> 24 | J67: ='เย็น '!J67+เช้า!J67 -> 0 | K67: =SUM(D67:J67) -> 167 | M67: 187 | Q67: =(L67+M67+N67+O67)-K67-P67 -> 20
B68: 1113084 | C68: ปังเนยนิ่ม กล่อง 2 ชิ้น | D68: ='เย็น '!D68+เช้า!D68 -> 0 | E68: ='เย็น '!E68+เช้า!E68 -> 0 | F68: ='เย็น '!F68+เช้า!F68 -> 0 | G68: ='เย็น '!G68+เช้า!G68 -> 0 | H68: ='เย็น '!H68+เช้า!H68 -> 0 | I68: ='เย็น '!I68+เช้า!I68 -> 0 | J68: ='เย็น '!J68+เช้า!J68 -> 0 | K68: =SUM(D68:J68) -> 0 | Q68: =(L68+M68+N68+O68)-K68-P68 -> 0
B69: 900003 | C69: กล่องเปล่าชิฟอน ล | D69: ='เย็น '!D69+เช้า!D69 -> 0 | E69: ='เย็น '!E69+เช้า!E69 -> 0 | F69: ='เย็น '!F69+เช้า!F69 -> 0 | G69: ='เย็น '!G69+เช้า!G69 -> 0 | H69: ='เย็น '!H69+เช้า!H69 -> 0 | I69: ='เย็น '!I69+เช้า!I69 -> 0 | J69: ='เย็น '!J69+เช้า!J69 -> 0 | K69: =SUM(D69:J69) -> 0 | Q69: =(L69+M69+N69+O69)-K69-P69 -> 0
B70: 900004 | C70: กล่องเปล่าชิฟอน ญ | D70: ='เย็น '!D70+เช้า!D70 -> 0 | E70: ='เย็น '!E70+เช้า!E70 -> 0 | F70: ='เย็น '!F70+เช้า!F70 -> 0 | G70: ='เย็น '!G70+เช้า!G70 -> 0 | H70: ='เย็น '!H70+เช้า!H70 -> 0 | I70: ='เย็น '!I70+เช้า!I70 -> 0 | J70: ='เย็น '!J70+เช้า!J70 -> 0 | K70: =SUM(D70:J70) -> 0 | Q70: =(L70+M70+N70+O70)-K70-P70 -> 0
B71: 1200002 | C71: ทอฟฟี่ถั่ว กล่อง | D71: ='เย็น '!D71+เช้า!D71 -> 0 | E71: ='เย็น '!E71+เช้า!E71 -> 3 | F71: ='เย็น '!F71+เช้า!F71 -> 0 | G71: ='เย็น '!G71+เช้า!G71 -> 0 | H71: ='เย็น '!H71+เช้า!H71 -> 0 | I71: ='เย็น '!I71+เช้า!I71 -> 0 | J71: ='เย็น '!J71+เช้า!J71 -> 0 | K71: =SUM(D71:J71) -> 3 | M71: 81 | Q71: =(L71+M71+N71+O71)-K71-P71 -> 78
B72: 1200003 | C72: ทอฟฟี่ถั่ว กระเช้า | D72: ='เย็น '!D72+เช้า!D72 -> 0 | E72: ='เย็น '!E72+เช้า!E72 -> 0 | F72: ='เย็น '!F72+เช้า!F72 -> 0 | G72: ='เย็น '!G72+เช้า!G72 -> 0 | H72: ='เย็น '!H72+เช้า!H72 -> 0 | I72: ='เย็น '!I72+เช้า!I72 -> 0 | J72: ='เย็น '!J72+เช้า!J72 -> 0 | K72: =SUM(D72:J72) -> 0 | Q72: =(L72+M72+N72+O72)-K72-P72 -> 0
B73: 1200004 | C73: ทอฟฟี่ถั่ว กระปุก | D73: ='เย็น '!D73+เช้า!D73 -> 0 | E73: ='เย็น '!E73+เช้า!E73 -> 0 | F73: ='เย็น '!F73+เช้า!F73 -> 0 | G73: ='เย็น '!G73+เช้า!G73 -> 0 | H73: ='เย็น '!H73+เช้า!H73 -> 0 | I73: ='เย็น '!I73+เช้า!I73 -> 0 | J73: ='เย็น '!J73+เช้า!J73 -> 0 | K73: =SUM(D73:J73) -> 0 | Q73: =(L73+M73+N73+O73)-K73-P73 -> 0
B74: 1200093 | C74: ท็อฟฟี่ถั่ว ครึ่งกิโล | D74: ='เย็น '!D74+เช้า!D74 -> 0 | E74: ='เย็น '!E74+เช้า!E74 -> 0 | F74: ='เย็น '!F74+เช้า!F74 -> 0 | G74: ='เย็น '!G74+เช้า!G74 -> 0 | H74: ='เย็น '!H74+เช้า!H74 -> 0 | I74: ='เย็น '!I74+เช้า!I74 -> 0 | J74: ='เย็น '!J74+เช้า!J74 -> 0 | K74: =SUM(D74:J74) -> 0 | Q74: =(L74+M74+N74+O74)-K74-P74 -> 0
B75: 1200092 | C75: ท็อฟฟี่ถั่ว 1 กิโล | D75: ='เย็น '!D75+เช้า!D75 -> 0 | E75: ='เย็น '!E75+เช้า!E75 -> 0 | F75: ='เย็น '!F75+เช้า!F75 -> 0 | G75: ='เย็น '!G75+เช้า!G75 -> 0 | H75: ='เย็น '!H75+เช้า!H75 -> 0 | I75: ='เย็น '!I75+เช้า!I75 -> 0 | J75: ='เย็น '!J75+เช้า!J75 -> 0 | K75: =SUM(D75:J75) -> 0 | Q75: =(L75+M75+N75+O75)-K75-P75 -> 0
C76: เศษขนมปังปลา5กก. | D76: ='เย็น '!D76+เช้า!D76 -> 0 | E76: ='เย็น '!E76+เช้า!E76 -> 0 | F76: ='เย็น '!F76+เช้า!F76 -> 0 | G76: ='เย็น '!G76+เช้า!G76 -> 0 | H76: ='เย็น '!H76+เช้า!H76 -> 0 | I76: ='เย็น '!I76+เช้า!I76 -> 0 | J76: ='เย็น '!J76+เช้า!J76 -> 0 | K76: =SUM(D76:J76) -> 0 | Q76: =(L76+M76+N76+O76)-K76-P76 -> 0
C77: เศษขนมปังปลา1กก. | D77: ='เย็น '!D77+เช้า!D77 -> 0 | E77: ='เย็น '!E77+เช้า!E77 -> 11 | F77: ='เย็น '!F77+เช้า!F77 -> 10 | G77: ='เย็น '!G77+เช้า!G77 -> 0 | H77: ='เย็น '!H77+เช้า!H77 -> 0 | I77: ='เย็น '!I77+เช้า!I77 -> 0 | J77: ='เย็น '!J77+เช้า!J77 -> 0 | K77: =SUM(D77:J77) -> 21 | Q77: =(L77+M77+N77+O77)-K77-P77 -> -21
B78: 20052721 | C78: แซนวิชโบราณ | D78: ='เย็น '!D78+เช้า!D78 -> 0 | E78: ='เย็น '!E78+เช้า!E78 -> 0 | F78: ='เย็น '!F78+เช้า!F78 -> 0 | G78: ='เย็น '!G78+เช้า!G78 -> 0 | H78: ='เย็น '!H78+เช้า!H78 -> 0 | I78: ='เย็น '!I78+เช้า!I78 -> 0 | J78: ='เย็น '!J78+เช้า!J78 -> 0 | K78: =SUM(D78:J78) -> 0 | Q78: =(L78+M78+N78+O78)-K78-P78 -> 0
D79: =SUM(D56:D78,D45:D53,D39:D43,D37,D7:D35) -> 227 | E79: =SUM(E56:E78,E45:E53,E39:E43,E37,E7:E35) -> 219 | F79: =SUM(F56:F78,F45:F53,F39:F43,F37,F7:F35) -> 223 | G79: =SUM(G56:G78,G45:G53,G39:G43,G37,G7:G35) -> 872 | H79: =SUM(H56:H78,H45:H53,H39:H43,H37,H7:H35) -> 817 | I79: =SUM(I56:I78,I45:I53,I39:I43,I37,I7:I35) -> 848 | J79: =SUM(J56:J78,J45:J53,J39:J43,J37,J7:J35) -> 220 | K79: =SUM(K56:K78,K45:K53,K39:K43,K37,K7:K35) -> 3426 | L79: =SUM(L59:L78,L45:L53,L39:L39,L37:L37,L7:L35) -> 0 | M79: =SUM(M59:M78,M45:M53,M39:M39,M37:M37,M7:M35) -> 4058 | N79: =SUM(N59:N78,N45:N53,N39:N39,N37:N37,N7:N35) -> 0 | O79: =SUM(O59:O78,O45:O53,O39:O39,O37:O37,O7:O35) -> 0 | Q79: =SUM(Q59:Q78,Q45:Q53,Q39:Q39,Q37:Q37,Q7:Q35) -> 637
B83: …..................................................................................... | I83: ….....................................................................................
B84: ผู้จัดทำ | I84: ผู้รับทราบ
