Workbook
Name shtlist: #REF!

Sheet เย็น  
B1: ยอดจริง ออนไลน์ วันที่ 4/12/2567 - เย็น
L2: ยอดรวมผลิต
L3: จำนวน
B4: รหัสสินค้า | C4: สินค้า | D4: ปณ | E4: ชอปปี้ | F4: ลาซาด้า | G4: ติ๊กตอก | H4: ติ๊กตอก2 | I4: ติ๊กตอก3 | J4: ชอยส์ | K4: บิลเส้น | L4: (กล่อง)
B6: ชิฟฟอนรวมรส
B7: 1111002 | C7: ชิฟฟอนรวมรส 8 ชิ้น | E7: 12 | F7: 4 | K7: 10 | L7: =SUM(D7:K7) -> 26
B8: 1111086 | C8: ชิฟฟอน 8 ชิ้น มะพร้าวล้วน | L8: =SUM(D8:K8) -> 0
B9: 1111056 | C9: ชิฟฟอน 8 ชิ้น รวมรสยอดฮิต | E9: 3 | F9: 5 | G9: 8 | H9: 1 | L9: =SUM(D9:K9) -> 17
B10: 1004055 | C10: ชิฟฟอนรวมรส 4 ชิ้น | E10: 2 | G10: 33 | H10: 49 | K10: 25 | L10: =SUM(D10:K10) -> 109
B11: 1111057 | C11: ชิฟฟอนแยกชิ้น กาแฟ | L11: =SUM(D11:K11) -> 0
B12: 1111058 | C12: ชิฟฟอนแยกชิ้น ชาเขียว | L12: =SUM(D12:K12) -> 0
B13: 1111059 | C13: ชิฟฟอนแยกชิ้น ใบเตย | H13: 5 | L13: =SUM(D13:K13) -> 5
B14: 1111060 | C14: ชิฟฟอนแยกชิ้น กล้วยหอม | L14: =SUM(D14:K14) -> 0
B15: 1111061 | C15: ชิฟฟอนแยกชิ้น ชาไทย | L15: =SUM(D15:K15) -> 0
B16: 1111062 | C16: ชิฟฟอนแยกชิ้น โกโก้ | L16: =SUM(D16:K16) -> 0
B17: 1111063 | C17: ชิฟฟอนแยกชิ้น ส้ม | L17: =SUM(D17:K17) -> 0
B18: 1111064 | C18: ชิฟฟอนแยกชิ้น เผือก | L18: =SUM(D18:K18) -> 0
B19: 1111065 | C19: ชิฟฟอนแยกชิ้น สับปะรด | L19: =SUM(D19:K19) -> 0
B20: 1111066 | C20: ชิฟฟอนแยกชิ้น สตอเบอรี่ | L20: =SUM(D20:K20) -> 0
B21: 1111067 | C21: ชิฟฟอนแยกชิ้น มะพร้าว | H21: 5 | L21: =SUM(D21:K21) -> 5
B22: 1111068 | C22: ชิฟฟอนแยกชิ้น เนย | L22: =SUM(D22:K22) -> 0
B23: 1111069 | C23: ชิฟฟอนแยกชิ้น บลูเบอรี่ | L23: =SUM(D23:K23) -> 0
B24: 1111070 | C24: ชิฟฟอนแยกชิ้น ทุเรียน | L24: =SUM(D24:K24) -> 0
B25: 1111071 | C25: ชิฟฟอนแยกชิ้น ตาล | L25: =SUM(D25:K25) -> 0
B26: 1111074 | C26: ชิฟฟอนไส้แยมแยกชิ้น มะพร้าว | G26: 1 | H26: 2 | L26: =SUM(D26:K26) -> 3
B27: 1111075 | C27: ชิฟฟอนไส้แยมแยกชิ้น สตอเบอรี่ | H27: 2 | L27: =SUM(D27:K27) -> 2
B28: 1111076 | C28: ชิฟฟอนไส้แยมแยกชิ้น ส้ม | H28: 2 | L28: =SUM(D28:K28) -> 2
B29: 1111077 | C29: ชิฟฟอนไส้แยมแยกชิ้น บลูเบอรี่ | H29: 2 | L29: =SUM(D29:K29) -> 2
B30: 1111078 | C30: ชิฟฟอนไส้แยมแยกชิ้น นมชมพู | H30: 2 | L30: =SUM(D30:K30) -> 2
B31: 1111079 | C31: ชิฟฟอนไส้แยมแยกชิ้น ชอคโกแลต | H31: 1 | L31: =SUM(D31:K31) -> 1
B32: 1111080 | C32: ชิฟฟอนไส้แยมแยกชิ้น ฝอยทอง | H32: 1 | L32: =SUM(D32:K32) -> 1
B33: 1111081 | C33: ชิฟฟอนไส้แยมแยกชิ้น วนิลา | H33: 1 | L33: =SUM(D33:K33) -> 1
B34: 1111082 | C34: ชิฟฟอนไส้แยมแยกชิ้น ใบเตย | H34: 1 | L34: =SUM(D34:K34) -> 1
B35: 1111083 | C35: ชิฟฟอนไส้แยมแยกชิ้น เมล่อน | H35: 1 | L35: =SUM(D35:K35) -> 1
B36: ชิฟฟอนไส้แยม 6 ชิ้น
B37: 1111009 | C37: ชิฟฟอนไส้แยมรวมรส 6 ชิ้น | F37: 5 | L37: =SUM(D37:K37) -> 5
L38: =SUM(D38:K38) -> 0
B39: ชิฟฟอนไส้แยม 3 ชิ้น
B40: 1111008 | C40: ชิฟฟอนไส้แยมรวมรส 3 ชิ้น | G40: 59 | H40: 34 | L40: =SUM(D40:K40) -> 93
L41: =SUM(D41:K41) -> 0
L42: =SUM(D42:K42) -> 0
L43: =SUM(D43:K43) -> 0
L44: =SUM(D44:K44) -> 0
B45: เบาหวิว ล 110 กรัม
B46: 1112009 | C46: มะพร้าว | E46: 5 | F46: 1 | G46: 35 | H46: 32 | K46: 7 | L46: =SUM(D46:K46) -> 80
B47: 1112011 | C47: ฝอยทอง | E47: 5 | G47: 35 | H47: 32 | K47: 7 | L47: =SUM(D47:K47) -> 79
B48: 1112003 | C48: กาแฟ | G48: 29 | H48: 10 | L48: =SUM(D48:K48) -> 39
B49: 1112005 | C49: เนยนม | G49: 5 | H49: 1 | L49: =SUM(D49:K49) -> 6
B50: 1112007 | C50: ใบเตย | L50: =SUM(D50:K50) -> 0
B51: 1112019 | C51: ทุเรียน | L51: =SUM(D51:K51) -> 0
B52: 1112017 | C52: ตาลหอม | G52: 28 | H52: 10 | L52: =SUM(D52:K52) -> 38
B53: 1112015 | C53: กล้วยหอมมะพร้าวเผา | G53: 28 | H53: 10 | L53: =SUM(D53:K53) -> 38
B54: 1112013 | C54: เผือกมะพร้าวอ่อน | E54: 7 | F54: 1 | G54: 35 | H54: 32 | K54: 7 | L54: =SUM(D54:K54) -> 82
B55: 1124043 | C55: เบาหวิว คละรส | L55: =SUM(D55:K55) -> 0
B56: อื่นๆ
B57: 1113170 | C57: ขนมเปี๊ยะถั่วฝอยทองไข่เค็ม 450 กรัม | K57: 4 | L57: =SUM(D57:K57) -> 4
B58: 1113171 | C58: ขนมเปี๊ยะฟักถั่วไข่เค็ม 450 กรัม | K58: 3 | L58: =SUM(D58:K58) -> 3
B59: 1113172 | C59: ขนมเปี๊ยะเผือกฝอยทองไข่เค็ม 450 กรัม | K59: 3 | L59: =SUM(D59:K59) -> 3
B60: 1100003 | C60: เมอแรงค์ กระปุก | E60: 4 | L60: =SUM(D60:K60) -> 4
B61: 1100001 | C61: พายสับปรด 1 ชิ้น | L61: =SUM(D61:K61) -> 0
B62: 1100002 | C62: พายสับปรด 1 กล่อง | G62: 3 | L62: =SUM(D62:K62) -> 3
B63: 1200001 | C63: คอนเฟลค | H63: 1 | K63: 5 | L63: =SUM(D63:K63) -> 6
B64: 1005761 | C64: ปังกรอบคาราเมล(ถุง) | L64: =SUM(D64:K64) -> 0
B65: 1114501 | C65: ครีมฮอร์นไส้เนย วนิลา | E65: 4 | F65: 1 | G65: 178 | H65: 129 | L65: =SUM(D65:K65) -> 312
B66: 1114502 | C66: ครีมฮอร์นไส้เนย ใบเตย | E66: 3 | F66: 1 | G66: 178 | H66: 129 | L66: =SUM(D66:K66) -> 311
B67: 1114503 | C67: ครีมฮอร์นไส้เนย ชอค | E67: 3 | F67: 1 | G67: 178 | H67: 129 | L67: =SUM(D67:K67) -> 311
B68: 1124021 | C68: ขนมปังหั่นสไลด์ | F68: 1 | G68: 39 | H68: 39 | L68: =SUM(D68:K68) -> 79
B69: 1113084 | C69: ปังเนยนิ่ม กล่อง 2 ชิ้น | L69: =SUM(D69:K69) -> 0
B70: 900003 | C70: กล่องเปล่าชิฟอน ล | L70: =SUM(D70:K70) -> 0
B71: 900004 | C71: กล่องเปล่าชิฟอน ญ | L71: =SUM(D71:K71) -> 0
B72: 1200002 | C72: ทอฟฟี่ถั่ว กล่อง | L72: =SUM(D72:K72) -> 0
B73: 1200003 | C73: ทอฟฟี่ถั่ว กระเช้า | L73: =SUM(D73:K73) -> 0
B74: 1200004 | C74: ทอฟฟี่ถั่ว กระปุก | L74: =SUM(D74:K74) -> 0
B75: 1200093 | C75: ท็อฟฟี่ถั่ว ครึ่งกิโล | L75: =SUM(D75:K75) -> 0
B76: 1200092 | C76: ท็อฟฟี่ถั่ว 1 กิโล | L76: =SUM(D76:K76) -> 0
C77: เศษขนมปังปลา5กก. | L77: =SUM(D77:K77) -> 0
C78: เศษขนมปังปลา1กก. | L78: =SUM(D78:K78) -> 0
C79: กล่องทาร์ตสับปะรด | L79: =SUM(D79:K79) -> 0

Sheet เช้า
B1: ยอดจริง ออนไลน์ วันที่ 4/12/2567 - เช้า
L2: ยอดรวมผลิต
L3: จำนวน
B4: รหัสสินค้า | C4: สินค้า | D4: ปณ | E4: ชอปปี้ | F4: ลาซาด้า | G4: ติ๊กตอก | H4: ติ๊กตอก2 | I4: ติ๊กตอก3 | J4: ชอยส์ | K4: บิลเส้น | L4: (กล่อง)
B6: ชิฟฟอนรวมรส
B7: 1111002 | C7: ชิฟฟอนรวมรส 8 ชิ้น | D7: 10 | E7: 25 | F7: 20 | L7: =SUM(D7:J7) -> 55
B8: 1111086 | C8: ชิฟฟอน 8 ชิ้น มะพร้าวล้วน | L8: =SUM(D8:J8) -> 0
B9: 1111056 | C9: ชิฟฟอน 8 ชิ้น รวมรสยอดฮิต | E9: 3 | F9: 5 | L9: =SUM(D9:J9) -> 8
B10: 1004055 | C10: ชิฟฟอนรวมรส 4 ชิ้น | D10: 21 | F10: 6 | G10: 6 | L10: =SUM(D10:J10) -> 33
B11: 1111057 | C11: ชิฟฟอนแยกชิ้น กาแฟ | G11: 1 | L11: =SUM(D11:J11) -> 1
B12: 1111058 | C12: ชิฟฟอนแยกชิ้น ชาเขียว | G12: 1 | L12: =SUM(D12:J12) -> 1
B13: 1111059 | C13: ชิฟฟอนแยกชิ้น ใบเตย | D13: 3 | G13: 1 | L13: =SUM(D13:J13) -> 4
B14: 1111060 | C14: ชิฟฟอนแยกชิ้น กล้วยหอม | G14: 1 | L14: =SUM(D14:J14) -> 1
B15: 1111061 | C15: ชิฟฟอนแยกชิ้น ชาไทย | G15: 1 | L15: =SUM(D15:J15) -> 1
B16: 1111062 | C16: ชิฟฟอนแยกชิ้น โกโก้ | G16: 1 | L16: =SUM(D16:J16) -> 1
B17: 1111063 | C17: ชิฟฟอนแยกชิ้น ส้ม | G17: 1 | L17: =SUM(D17:J17) -> 1
B18: 1111064 | C18: ชิฟฟอนแยกชิ้น เผือก | D18: 5 | G18: 1 | L18: =SUM(D18:J18) -> 6
B19: 1111065 | C19: ชิฟฟอนแยกชิ้น สับปะรด | G19: 1 | L19: =SUM(D19:J19) -> 1
B20: 1111066 | C20: ชิฟฟอนแยกชิ้น สตอเบอรี่ | G20: 1 | L20: =SUM(D20:J20) -> 1
B21: 1111067 | C21: ชิฟฟอนแยกชิ้น มะพร้าว | D21: 3 | L21: =SUM(D21:J21) -> 3
B22: 1111068 | C22: ชิฟฟอนแยกชิ้น เนย | L22: =SUM(D22:J22) -> 0
B23: 1111069 | C23: ชิฟฟอนแยกชิ้น บลูเบอรี่ | L23: =SUM(D23:J23) -> 0
B24: 1111070 | C24: ชิฟฟอนแยกชิ้น ทุเรียน | L24: =SUM(D24:J24) -> 0
B25: 1111071 | C25: ชิฟฟอนแยกชิ้น ตาล | L25: =SUM(D25:J25) -> 0
B26: 1111074 | C26: ชิฟฟอนไส้แยมแยกชิ้น มะพร้าว | G26: 1 | L26: =SUM(D26:J26) -> 1
B27: 1111075 | C27: ชิฟฟอนไส้แยมแยกชิ้น สตอเบอรี่ | G27: 1 | L27: =SUM(D27:J27) -> 1
B28: 1111076 | C28: ชิฟฟอนไส้แยมแยกชิ้น ส้ม | G28: 1 | L28: =SUM(D28:J28) -> 1
B29: 1111077 | C29: ชิฟฟอนไส้แยมแยกชิ้น บลูเบอรี่ | G29: 1 | L29: =SUM(D29:J29) -> 1
B30: 1111078 | C30: ชิฟฟอนไส้แยมแยกชิ้น นมชมพู | G30: 1 | L30: =SUM(D30:J30) -> 1
B31: 1111079 | C31: ชิฟฟอนไส้แยมแยกชิ้น ชอคโกแลต | G31: 1 | L31: =SUM(D31:J31) -> 1
B32: 1111080 | C32: ชิฟฟอนไส้แยมแยกชิ้น ฝอยทอง | G32: 1 | L32: =SUM(D32:J32) -> 1
B33: 1111081 | C33: ชิฟฟอนไส้แยมแยกชิ้น วนิลา | L33: =SUM(D33:J33) -> 0
B34: 1111082 | C34: ชิฟฟอนไส้แยมแยกชิ้น ใบเตย | L34: =SUM(D34:J34) -> 0
B35: 1111083 | C35: ชิฟฟอนไส้แยมแยกชิ้น เมล่อน | L35: =SUM(D35:J35) -> 0
B36: ชิฟฟอนไส้แยม 6 ชิ้น
B37: 1111009 | C37: ชิฟฟอนไส้แยมรวมรส 6 ชิ้น | E37: 3 | F37: 5 | G37: 9 | L37: =SUM(D37:J37) -> 17
B38: 1111020 | C38: ชิฟฟอนไส้แยมฝอยทอง 6 ชิ้น | L38: =SUM(D38:J38) -> 0
B39: ชิฟฟอนไส้แยม 3 ชิ้น
B40: 1111008 | C40: ชิฟฟอนไส้แยมรวมรส 3 ชิ้น | D40: 6 | E40: 3 | L40: =SUM(D40:J40) -> 9
B41: 1111017 | C41: ชิฟฟอนไส้แยมบลูเบอรี่ 3 ชิ้น | L41: =SUM(D41:J41) -> 0
B42: 1111019 | C42: ชิฟฟอนไส้แยมฝอยทอง 3 ชิ้น | L42: =SUM(D42:J42) -> 0
B43: 1111022 | C43: ชิฟฟอนไส้แยมสตอเบอรี่ 3 ชิ้น | L43: =SUM(D43:J43) -> 0
B44: 1111024 | C44: ชิฟฟอนไส้แยมส้ม 3 ชิ้น | L44: =SUM(D44:J44) -> 0
B45: เบาหวิว ล 110 กรัม
B46: 1112009 | C46: มะพร้าว | D46: 8 | E46: 2 | G46: 16 | L46: =SUM(D46:J46) -> 26
B47: 1112011 | C47: ฝอยทอง | D47: 12 | E47: 2 | G47: 16 | L47: =SUM(D47:J47) -> 30
B48: 1112003 | C48: กาแฟ | D48: 9 | G48: 13 | L48: =SUM(D48:J48) -> 22
B49: 1112005 | C49: เนยนม | D49: 11 | L49: =SUM(D49:J49) -> 11
B50: 1112007 | C50: ใบเตย | L50: =SUM(D50:J50) -> 0
B51: 1112019 | C51: ทุเรียน | L51: =SUM(D51:J51) -> 0
B52: 1112017 | C52: ตาลหอม | D52: 5 | G52: 13 | L52: =SUM(D52:J52) -> 18
B53: 1112015 | C53: กล้วยหอมมะพร้าวเผา | D53: 6 | G53: 13 | L53: =SUM(D53:J53) -> 19
B54: 1112013 | C54: เผือกมะพร้าวอ่อน | D54: 45 | E54: 2 | G54: 16 | L54: =SUM(D54:J54) -> 63
B55: 1124043 | C55: เบาหวิว คละรส | L55: =SUM(D55:J55) -> 0
B56: อื่นๆ
B57: 1113170 | C57: ขนมเปี๊ยะถั่วฝอยทองไข่เค็ม 450 กรัม | L57: =SUM(D57:J57) -> 0
B58: 1113171 | C58: ขนมเปี๊ยะฟักถั่วไข่เค็ม 450 กรัม | L58: =SUM(D58:J58) -> 0
B59: 1113172 | C59: ขนมเปี๊ยะเผือกฝอยทองไข่เค็ม 450 กรัม | L59: =SUM(D59:J59) -> 0
B60: 1100003 | C60: เมอแรงค์ กระปุก | L60: =SUM(D60:J60) -> 0
B61: 1100001 | C61: พายสับปรด 1 ชิ้น | F61: 8 | L61: =SUM(D61:J61) -> 8
B62: 1100002 | C62: พายสับปรด 1 กล่อง | L62: =SUM(D62:J62) -> 0
B63: 1200001 | C63: คอนเฟลค | G63: 1 | L63: =SUM(D63:J63) -> 1
B64: 1005761 | C64: ปังกรอบคาราเมล(ถุง) | L64: =SUM(D64:J64) -> 0
B65: 1114501 | C65: ครีมฮอร์นไส้เนย วนิลา | D65: 3 | E65: 3 | F65: 1 | G65: 52 | L65: =SUM(D65:J65) -> 59
B66: 1114502 | C66: ครีมฮอร์นไส้เนย ใบเตย | D66: 3 | E66: 3 | G66: 52 | L66: =SUM(D66:J66) -> 58
B67: 1114503 | C67: ครีมฮอร์นไส้เนย ชอค | D67: 3 | E67: 3 | F67: 1 | G67: 52 | L67: =SUM(D67:J67) -> 59
B68: 1124021 | C68: ขนมปังหั่นสไลด์ | D68: 3 | E68: 13 | F68: 50 | G68: 6 | L68: =SUM(D68:J68) -> 72
B69: 1113084 | C69: ปังเนยนิ่ม กล่อง 2 ชิ้น | L69: =SUM(D69:J69) -> 0
B70: 900003 | C70: กล่องเปล่าชิฟอน ล | L70: =SUM(D70:J70) -> 0
B71: 900004 | C71: กล่องเปล่าชิฟอน ญ | L71: =SUM(D71:J71) -> 0
B72: 1200002 | C72: ทอฟฟี่ถั่ว กล่อง | L72: =SUM(D72:J72) -> 0
B73: 1200003 | C73: ทอฟฟี่ถั่ว กระเช้า | L73: =SUM(D73:J73) -> 0
B74: 1200004 | C74: ทอฟฟี่ถั่ว กระปุก | L74: =SUM(D74:J74) -> 0
B75: 1200093 | C75: ท็อฟฟี่ถั่ว ครึ่งกิโล | L75: =SUM(D75:J75) -> 0
B76: 1200092 | C76: ท็อฟฟี่ถั่ว 1 กิโล | L76: =SUM(D76:J76) -> 0
C77: เศษขนมปังปลา5กก. | L77: =SUM(D77:J77) -> 0
C78: เศษขนมปังปลา1กก. | E78: 3 | J78: 7 | L78: =SUM(D78:J78) -> 10
C79: กล่องทาร์ตสับปะรด | L79: =SUM(D79:J79) -> 0

Sheet บ่าย
B1: ยอดจริง ออนไลน์ วันที่ 3/12/2567 - เย็น
L2: ยอดรวมผลิต
L3: จำนวน
B4: รหัสสินค้า | C4: สินค้า | D4: ปณ | E4: ชอปปี้ | F4: ลาซาด้า | G4: ติ๊กตอก | H4: ติ๊กตอก2 | I4: ติ๊กตอก3 | J4: ชอยส์ | K4: บิลเส้น | L4: (กล่อง)
B6: ชิฟฟอนรวมรส
B7: 1111002 | C7: ชิฟฟอนรวมรส 8 ชิ้น | L7: =SUM(D7:K7) -> 0
B8: 1111043 | C8: ชิฟฟอน 8 ชิ้น มะลิ | L8: =SUM(D8:K8) -> 0
B9: 1111056 | C9: ชิฟฟอน 8 ชิ้น รวมรสยอดฮิต | L9: =SUM(D9:K9) -> 0
B10: 1004055 | C10: ชิฟฟอนรวมรส 4 ชิ้น | L10: =SUM(D10:K10) -> 0
B11: 1111057 | C11: ชิฟฟอนแยกชิ้น กาแฟ | L11: =SUM(D11:K11) -> 0
B12: 1111058 | C12: ชิฟฟอนแยกชิ้น ชาเขียว | L12: =SUM(D12:K12) -> 0
B13: 1111059 | C13: ชิฟฟอนแยกชิ้น ใบเตย | L13: =SUM(D13:K13) -> 0
B14: 1111060 | C14: ชิฟฟอนแยกชิ้น กล้วยหอม | L14: =SUM(D14:K14) -> 0
B15: 1111061 | C15: ชิฟฟอนแยกชิ้น ชาไทย | L15: =SUM(D15:K15) -> 0
B16: 1111062 | C16: ชิฟฟอนแยกชิ้น โกโก้ | L16: =SUM(D16:K16) -> 0
B17: 1111063 | C17: ชิฟฟอนแยกชิ้น ส้ม | L17: =SUM(D17:K17) -> 0
B18: 1111064 | C18: ชิฟฟอนแยกชิ้น เผือก | L18: =SUM(D18:K18) -> 0
... B35: 1111083 | C35: ชิฟฟอนไส้แยมแยกชิ้น เมล่อน | L35: =SUM(D35:K35) -> 0
B36: ชิฟฟอนไส้แยม 6 ชิ้น
B37: 1111009 | C37: ชิฟฟอนไส้แยมรวมรส 6 ชิ้น | L37: =SUM(D37:K37) -> 0
B38: 1111020 | C38: ชิฟฟอนไส้แยมฝอยทอง 6 ชิ้น | L38: =SUM(D38:K38) -> 0
B39: ชิฟฟอนไส้แยม 3 ชิ้น
B40: 1111008 | C40: ชิฟฟอนไส้แยมรวมรส 3 ชิ้น | L40: =SUM(D40:K40) -> 0
B41: 1111011 | C41: ชิฟฟอนไส้แยมนมชมพู 3 ชิ้น | L41: =SUM(D41:K41) -> 0
B42: 1111013 | C42: ชิฟฟอนไส้แยมชอคโกแลต 3 ชิ้น | L42: =SUM(D42:K42) -> 0
B43: 1111017 | C43: ชิฟฟอนไส้แยมบลูเบอรี่ 3 ชิ้น | L43: =SUM(D43:K43) -> 0
B44: 1111022 | C44: ชิฟฟอนไส้แยมสตอเบอรี่ 3 ชิ้น | L44: =SUM(D44:K44) -> 0
B45: เบาหวิว ล 110 กรัม
B46: 1112009 | C46: มะพร้าว | L46: =SUM(D46:K46) -> 0
B47: 1112011 | C47: ฝอยทอง | L47: =SUM(D47:K47) -> 0
B48: 1112003 | C48: กาแฟ | L48: =SUM(D48:K48) -> 0
B49: 1112005 | C49: เนยนม | L49: =SUM(D49:K49) -> 0
B50: 1112007 | C50: ใบเตย | L50: =SUM(D50:K50) -> 0
B51: 1112019 | C51: ทุเรียน | L51: =SUM(D51:K51) -> 0
B52: 1112017 | C52: ตาลหอม | L52: =SUM(D52:K52) -> 0
B53: 1112015 | C53: กล้วยหอมมะพร้าวเผา | L53: =SUM(D53:K53) -> 0
B54: 1112013 | C54: เผือกมะพร้าวอ่อน | L54: =SUM(D54:K54) -> 0
B55: 1124043 | C55: เบาหวิว คละรส | L55: =SUM(D55:K55) -> 0
B56: อื่นๆ
B57: 1113170 | C57: ขนมเปี๊ยะถั่วฝอยทองไข่เค็ม 450 กรัม | L57: =SUM(D57:K57) -> 0
B58: 1113171 | C58: ขนมเปี๊ยะฟักถั่วไข่เค็ม 450 กรัม | L58: =SUM(D58:K58) -> 0
B59: 1113172 | C59: ขนมเปี๊ยะเผือกฝอยทองไข่เค็ม 450 กรัม | L59: =SUM(D59:K59) -> 0
B60: 1100003 | C60: เมอแรงค์ กระปุก | L60: =SUM(D60:K60) -> 0
B61: 1100001 | C61: พายสับปรด 1 ชิ้น | L61: =SUM(D61:K61) -> 0
B62: 1100002 | C62: พายสับปรด 1 กล่อง | L62: =SUM(D62:K62) -> 0
B63: 1200001 | C63: คอนเฟลค | L63: =SUM(D63:K63) -> 0
B64: 1005761 | C64: ปังกรอบคาราเมล(ถุง) | L64: =SUM(D64:K64) -> 0
B65: 1114501 | C65: ครีมฮอร์นไส้เนย วนิลา | L65: =SUM(D65:K65) -> 0
B66: 1114502 | C66: ครีมฮอร์นไส้เนย ใบเตย | L66: =SUM(D66:K66) -> 0
B67: 1114503 | C67: ครีมฮอร์นไส้เนย ชอค | L67: =SUM(D67:K67) -> 0
B68: 1124021 | C68: ขนมปังหั่นสไลด์ | L68: =SUM(D68:K68) -> 0
... B76: 1200092 | C76: ท็อฟฟี่ถั่ว 1 กิโล | L76: =SUM(D76:K76) -> 0
C77: เศษขนมปังปลา5กก. | L77: =SUM(D77:K77) -> 0
C78: เศษขนมปังปลา1กก. | L78: =SUM(D78:K78) -> 0
C79: กล่องทาร์ตสับปะรด | L79: =SUM(D79:K79) -> 0
D81: =SUM(D7:D35,D37,D40,D46:D54,D60:D79) -> 0 | E81: =SUM(E7:E35,E37,E40,E46:E54,E60:E79) -> 0 | F81: =SUM(F7:F35,F37,F40,F46:F54,F60:F79) -> 0 | G81: =SUM(G7:G35,G37,G40,G46:G54,G60:G79) -> 0 | H81: =SUM(H7:H35,H37,H40,H46:H54,H60:H79) -> 0 | I81: =SUM(I7:I35,I37,I40,I46:I54,I60:I79) -> 0 | J81: =SUM(J7:J35,J37,J40,J46:J54,J60:J79) -> 0 | L81: =SUM(L7:L35,L37,L40,L46:L54,L60:L79) -> 0
B83: …..................................................................................... | I83: ….....................................................................................
B84: ผู้จัดทำ | I84: ผู้รับทราบ

Sheet รวม
B1: ยอดจริง ออนไลน์ วันที่ 4/12/2567 - รวม
L2: ยอดรวมผลิต | M2: ยอดสตอค | N2: ยอดฟอแคส | O2: รับเกิน | P2: ยังไม่ได้รับเข้า | R2: รวม
L3: จำนวน | Q3: บิลค้าง
B4: รหัสสินค้า | C4: สินค้า | D4: ปณ | E4: ชอปปี้ | F4: ลาซาด้า | G4: ติ๊กตอก | H4: ติ๊กตอก2 | I4: ติ๊กตอก3 | J4: ชอยส์ | K4: บิลเส้น | L4: (กล่อง)
B6: ชิฟฟอนรวมรส
B7: 1111002 | C7: ชิฟฟอนรวมรส 8 ชิ้น | D7: ='เย็น '!D7+เช้า!D7+บ่าย!D7 -> 10 | E7: ='เย็น '!E7+เช้า!E7+บ่าย!E7 -> 37 | F7: ='เย็น '!F7+เช้า!F7+บ่าย!F7 -> 24 | G7: ='เย็น '!G7+เช้า!G7+บ่าย!G7 -> 0 | H7: ='เย็น '!H7+เช้า!H7+บ่าย!H7 -> 0 | I7: ='เย็น '!I7+เช้า!I7+บ่าย!I7 -> 0 | J7: ='เย็น '!J7+เช้า!J7+บ่าย!J7 -> 0 | K7: ='เย็น '!K7+เช้า!K7+บ่าย!K7 -> 10 | L7: =SUM(D7:K7) -> 81 | M7: 169 | R7: =(M7+N7+O7+P7)-L7-Q7 -> 88
B8: 1111086 | C8: ชิฟฟอน 8 ชิ้น มะพร้าวล้วน | D8: ='เย็น '!D8+เช้า!D8+บ่าย!D8 -> 0 | E8: ='เย็น '!E8+เช้า!E8+บ่าย!E8 -> 0 | F8: ='เย็น '!F8+เช้า!F8+บ่าย!F8 -> 0 | G8: ='เย็น '!G8+เช้า!G8+บ่าย!G8 -> 0 | H8: ='เย็น '!H8+เช้า!H8+บ่าย!H8 -> 0 | I8: ='เย็น '!I8+เช้า!I8+บ่าย!I8 -> 0 | J8: ='เย็น '!J8+เช้า!J8+บ่าย!J8 -> 0 | K8: ='เย็น '!K8+เช้า!K8+บ่าย!K8 -> 0 | L8: =SUM(D8:K8) -> 0 | R8: =(M8+N8+O8+P8)-L8-Q8 -> 0
B9: 1111056 | C9: ชิฟฟอน 8 ชิ้น รวมรสยอดฮิต | D9: ='เย็น '!D9+เช้า!D9+บ่าย!D9 -> 0 | E9: ='เย็น '!E9+เช้า!E9+บ่าย!E9 -> 6 | F9: ='เย็น '!F9+เช้า!F9+บ่าย!F9 -> 10 | G9: ='เย็น '!G9+เช้า!G9+บ่าย!G9 -> 8 | H9: ='เย็น '!H9+เช้า!H9+บ่าย!H9 -> 1 | I9: ='เย็น '!I9+เช้า!I9+บ่าย!I9 -> 0 | J9: ='เย็น '!J9+เช้า!J9+บ่าย!J9 -> 0 | K9: ='เย็น '!K9+เช้า!K9+บ่าย!K9 -> 0 | L9: =SUM(D9:K9) -> 25 | M9: 13 | R9: =(M9+N9+O9+P9)-L9-Q9 -> -12
B10: 1004055 | C10: ชิฟฟอนรวมรส 4 ชิ้น | D10: ='เย็น '!D10+เช้า!D10+บ่าย!D10 -> 21 | E10: ='เย็น '!E10+เช้า!E10+บ่าย!E10 -> 2 | F10: ='เย็น '!F10+เช้า!F10+บ่าย!F10 -> 6 | G10: ='เย็น '!G10+เช้า!G10+บ่าย!G10 -> 39 | H10: ='เย็น '!H10+เช้า!H10+บ่าย!H10 -> 49 | I10: ='เย็น '!I10+เช้า!I10+บ่าย!I10 -> 0 | J10: ='เย็น '!J10+เช้า!J10+บ่าย!J10 -> 0 | K10: ='เย็น '!K10+เช้า!K10+บ่าย!K10 -> 25 | L10: =SUM(D10:K10) -> 142 | M10: 110 | R10: =(M10+N10+O10+P10)-L10-Q10 -> -32
B11: 1111057 | C11: ชิฟฟอนแยกชิ้น กาแฟ | D11: ='เย็น '!D11+เช้า!D11+บ่าย!D11 -> 0 | E11: ='เย็น '!E11+เช้า!E11+บ่าย!E11 -> 0 | F11: ='เย็น '!F11+เช้า!F11+บ่าย!F11 -> 0 | G11: ='เย็น '!G11+เช้า!G11+บ่าย!G11 -> 1 | H11: ='เย็น '!H11+เช้า!H11+บ่าย!H11 -> 0 | I11: ='เย็น '!I11+เช้า!I11+บ่าย!I11 -> 0 | J11: ='เย็น '!J11+เช้า!J11+บ่าย!J11 -> 0 | K11: ='เย็น '!K11+เช้า!K11+บ่าย!K11 -> 0 | L11: =SUM(D11:K11) -> 1 | R11: =(M11+N11+O11+P11)-L11-Q11 -> -1
B12: 1111058 | C12: ชิฟฟอนแยกชิ้น ชาเขียว | D12: ='เย็น '!D12+เช้า!D12+บ่าย!D12 -> 0 | E12: ='เย็น '!E12+เช้า!E12+บ่าย!E12 -> 0 | F12: ='เย็น '!F12+เช้า!F12+บ่าย!F12 -> 0 | G12: ='เย็น '!G12+เช้า!G12+บ่าย!G12 -> 1 | H12: ='เย็น '!H12+เช้า!H12+บ่าย!H12 -> 0 | I12: ='เย็น '!I12+เช้า!I12+บ่าย!I12 -> 0 | J12: ='เย็น '!J12+เช้า!J12+บ่าย!J12 -> 0 | K12: ='เย็น '!K12+เช้า!K12+บ่าย!K12 -> 0 | L12: =SUM(D12:K12) -> 1 | R12: =(M12+N12+O12+P12)-L12-Q12 -> -1
B13: 1111059 | C13: ชิฟฟอนแยกชิ้น ใบเตย | D13: ='เย็น '!D13+เช้า!D13+บ่าย!D13 -> 3 | E13: ='เย็น '!E13+เช้า!E13+บ่าย!E13 -> 0 | F13: ='เย็น '!F13+เช้า!F13+บ่าย!F13 -> 0 | G13: ='เย็น '!G13+เช้า!G13+บ่าย!G13 -> 1 | H13: ='เย็น '!H13+เช้า!H13+บ่าย!H13 -> 5 | I13: ='เย็น '!I13+เช้า!I13+บ่าย!I13 -> 0 | J13: ='เย็น '!J13+เช้า!J13+บ่าย!J13 -> 0 | K13: ='เย็น '!K13+เช้า!K13+บ่าย!K13 -> 0 | L13: =SUM(D13:K13) -> 9 | R13: =(M13+N13+O13+P13)-L13-Q13 -> -9
B14: 1111060 | C14: ชิฟฟอนแยกชิ้น กล้วยหอม | D14: ='เย็น '!D14+เช้า!D14+บ่าย!D14 -> 0 | E14: ='เย็น '!E14+เช้า!E14+บ่าย!E14 -> 0 | F14: ='เย็น '!F14+เช้า!F14+บ่าย!F14 -> 0 | G14: ='เย็น '!G14+เช้า!G14+บ่าย!G14 -> 1 | H14: ='เย็น '!H14+เช้า!H14+บ่าย!H14 -> 0 | I14: ='เย็น '!I14+เช้า!I14+บ่าย!I14 -> 0 | J14: ='เย็น '!J14+เช้า!J14+บ่าย!J14 -> 0 | K14: ='เย็น '!K14+เช้า!K14+บ่าย!K14 -> 0 | L14: =SUM(D14:K14) -> 1 | R14: =(M14+N14+O14+P14)-L14-Q14 -> -1
B15: 1111061 | C15: ชิฟฟอนแยกชิ้น ชาไทย | D15: ='เย็น '!D15+เช้า!D15+บ่าย!D15 -> 0 | E15: ='เย็น '!E15+เช้า!E15+บ่าย!E15 -> 0 | F15: ='เย็น '!F15+เช้า!F15+บ่าย!F15 -> 0 | G15: ='เย็น '!G15+เช้า!G15+บ่าย!G15 -> 1 | H15: ='เย็น '!H15+เช้า!H15+บ่าย!H15 -> 0 | I15: ='เย็น '!I15+เช้า!I15+บ่าย!I15 -> 0 | J15: ='เย็น '!J15+เช้า!J15+บ่าย!J15 -> 0 | K15: ='เย็น '!K15+เช้า!K15+บ่าย!K15 -> 0 | L15: =SUM(D15:K15) -> 1 | M15: 2 | R15: =(M15+N15+O15+P15)-L15-Q15 -> 1
B16: 1111062 | C16: ชิฟฟอนแยกชิ้น โกโก้ | D16: ='เย็น '!D16+เช้า!D16+บ่าย!D16 -> 0 | E16: ='เย็น '!E16+เช้า!E16+บ่าย!E16 -> 0 | F16: ='เย็น '!F16+เช้า!F16+บ่าย!F16 -> 0 | G16: ='เย็น '!G16+เช้า!G16+บ่าย!G16 -> 1 | H16: ='เย็น '!H16+เช้า!H16+บ่าย!H16 -> 0 | I16: ='เย็น '!I16+เช้า!I16+บ่าย!I16 -> 0 | J16: ='เย็น '!J16+เช้า!J16+บ่าย!J16 -> 0 | K16: ='เย็น '!K16+เช้า!K16+บ่าย!K16 -> 0 | L16: =SUM(D16:K16) -> 1 | M16: 1 | R16: =(M16+N16+O16+P16)-L16-Q16 -> 0
B17: 1111063 | C17: ชิฟฟอนแยกชิ้น ส้ม | D17: ='เย็น '!D17+เช้า!D17+บ่าย!D17 -> 0 | E17: ='เย็น '!E17+เช้า!E17+บ่าย!E17 -> 0 | F17: ='เย็น '!F17+เช้า!F17+บ่าย!F17 -> 0 | G17: ='เย็น '!G17+เช้า!G17+บ่าย!G17 -> 1 | H17: ='เย็น '!H17+เช้า!H17+บ่าย!H17 -> 0 | I17: ='เย็น '!I17+เช้า!I17+บ่าย!I17 -> 0 | J17: ='เย็น '!J17+เช้า!J17+บ่าย!J17 -> 0 | K17: ='เย็น '!K17+เช้า!K17+บ่าย!K17 -> 0 | L17: =SUM(D17:K17) -> 1 | M17: 17 | R17: =(M17+N17+O17+P17)-L17-Q17 -> 16
B18: 1111064 | C18: ชิฟฟอนแยกชิ้น เผือก | D18: ='เย็น '!D18+เช้า!D18+บ่าย!D18 -> 5 | E18: ='เย็น '!E18+เช้า!E18+บ่าย!E18 -> 0 | F18: ='เย็น '!F18+เช้า!F18+บ่าย!F18 -> 0 | G18: ='เย็น '!G18+เช้า!G18+บ่าย!G18 -> 1 | H18: ='เย็น '!H18+เช้า!H18+บ่าย!H18 -> 0 | I18: ='เย็น '!I18+เช้า!I18+บ่าย!I18 -> 0 | J18: ='เย็น '!J18+เช้า!J18+บ่าย!J18 -> 0 | K18: ='เย็น '!K18+เช้า!K18+บ่าย!K18 -> 0 | L18: =SUM(D18:K18) -> 6 | R18: =(M18+N18+O18+P18)-L18-Q18 -> -6
B19: 1111065 | C19: ชิฟฟอนแยกชิ้น สับปะรด | D19: ='เย็น '!D19+เช้า!D19+บ่าย!D19 -> 0 | E19: ='เย็น '!E19+เช้า!E19+บ่าย!E19 -> 0 | F19: ='เย็น '!F19+เช้า!F19+บ่าย!F19 -> 0 | G19: ='เย็น '!G19+เช้า!G19+บ่าย!G19 -> 1 | H19: ='เย็น '!H19+เช้า!H19+บ่าย!H19 -> 0 | I19: ='เย็น '!I19+เช้า!I19+บ่าย!I19 -> 0 | J19: ='เย็น '!J19+เช้า!J19+บ่าย!J19 -> 0 | K19: ='เย็น '!K19+เช้า!K19+บ่าย!K19 -> 0 | L19: =SUM(D19:K19) -> 1 | R19: =(M19+N19+O19+P19)-L19-Q19 -> -1
B20: 1111066 | C20: ชิฟฟอนแยกชิ้น สตอเบอรี่ | D20: ='เย็น '!D20+เช้า!D20+บ่าย!D20 -> 0 | E20: ='เย็น '!E20+เช้า!E20+บ่าย!E20 -> 0 | F20: ='เย็น '!F20+เช้า!F20+บ่าย!F20 -> 0 | G20: ='เย็น '!G20+เช้า!G20+บ่าย!G20 -> 1 | H20: ='เย็น '!H20+เช้า!H20+บ่าย!H20 -> 0 | I20: ='เย็น '!I20+เช้า!I20+บ่าย!I20 -> 0 | J20: ='เย็น '!J20+เช้า!J20+บ่าย!J20 -> 0 | K20: ='เย็น '!K20+เช้า!K20+บ่าย!K20 -> 0 | L20: =SUM(D20:K20) -> 1 | M20: 11 | R20: =(M20+N20+O20+P20)-L20-Q20 -> 10
B21: 1111067 | C21: ชิฟฟอนแยกชิ้น มะพร้าว | D21: ='เย็น '!D21+เช้า!D21+บ่าย!D21 -> 3 | E21: ='เย็น '!E21+เช้า!E21+บ่าย!E21 -> 0 | F21: ='เย็น '!F21+เช้า!F21+บ่าย!F21 -> 0 | G21: ='เย็น '!G21+เช้า!G21+บ่าย!G21 -> 0 | H21: ='เย็น '!H21+เช้า!H21+บ่าย!H21 -> 5 | I21: ='เย็น '!I21+เช้า!I21+บ่าย!I21 -> 0 | J21: ='เย็น '!J21+เช้า!J21+บ่าย!J21 -> 0 | K21: ='เย็น '!K21+เช้า!K21+บ่าย!K21 -> 0 | L21: =SUM(D21:K21) -> 8 | M21: 8 | R21: =(M21+N21+O21+P21)-L21-Q21 -> 0
B22: 1111068 | C22: ชิฟฟอนแยกชิ้น เนย | D22: ='เย็น '!D22+เช้า!D22+บ่าย!D22 -> 0 | E22: ='เย็น '!E22+เช้า!E22+บ่าย!E22 -> 0 | F22: ='เย็น '!F22+เช้า!F22+บ่าย!F22 -> 0 | G22: ='เย็น '!G22+เช้า!G22+บ่าย!G22 -> 0 | H22: ='เย็น '!H22+เช้า!H22+บ่าย!H22 -> 0 | I22: ='เย็น '!I22+เช้า!I22+บ่าย!I22 -> 0 | J22: ='เย็น '!J22+เช้า!J22+บ่าย!J22 -> 0 | K22: ='เย็น '!K22+เช้า!K22+บ่าย!K22 -> 0 | L22: =SUM(D22:K22) -> 0 | M22: 38 | R22: =(M22+N22+O22+P22)-L22-Q22 -> 38
B23: 1111069 | C23: ชิฟฟอนแยกชิ้น บลูเบอรี่ | D23: ='เย็น '!D23+เช้า!D23+บ่าย!D23 -> 0 | E23: ='เย็น '!E23+เช้า!E23+บ่าย!E23 -> 0 | F23: ='เย็น '!F23+เช้า!F23+บ่าย!F23 -> 0 | G23: ='เย็น '!G23+เช้า!G23+บ่าย!G23 -> 0 | H23: ='เย็น '!H23+เช้า!H23+บ่าย!H23 -> 0 | I23: ='เย็น '!I23+เช้า!I23+บ่าย!I23 -> 0 | J23: ='เย็น '!J23+เช้า!J23+บ่าย!J23 -> 0 | K23: ='เย็น '!K23+เช้า!K23+บ่าย!K23 -> 0 | L23: =SUM(D23:K23) -> 0 | R23: =(M23+N23+O23+P23)-L23-Q23 -> 0
B24: 1111070 | C24: ชิฟฟอนแยกชิ้น ทุเรียน | D24: ='เย็น '!D24+เช้า!D24+บ่าย!D24 -> 0 | E24: ='เย็น '!E24+เช้า!E24+บ่าย!E24 -> 0 | F24: ='เย็น '!F24+เช้า!F24+บ่าย!F24 -> 0 | G24: ='เย็น '!G24+เช้า!G24+บ่าย!G24 -> 0 | H24: ='เย็น '!H24+เช้า!H24+บ่าย!H24 -> 0 | I24: ='เย็น '!I24+เช้า!I24+บ่าย!I24 -> 0 | J24: ='เย็น '!J24+เช้า!J24+บ่าย!J24 -> 0 | K24: ='เย็น '!K24+เช้า!K24+บ่าย!K24 -> 0 | L24: =SUM(D24:K24) -> 0 | M24: 8 | R24: =(M24+N24+O24+P24)-L24-Q24 -> 8
B25: 1111071 | C25: ชิฟฟอนแยกชิ้น ตาล | D25: ='เย็น '!D25+เช้า!D25+บ่าย!D25 -> 0 | E25: ='เย็น '!E25+เช้า!E25+บ่าย!E25 -> 0 | F25: ='เย็น '!F25+เช้า!F25+บ่าย!F25 -> 0 | G25: ='เย็น '!G25+เช้า!G25+บ่าย!G25 -> 0 | H25: ='เย็น '!H25+เช้า!H25+บ่าย!H25 -> 0 | I25: ='เย็น '!I25+เช้า!I25+บ่าย!I25 -> 0 | J25: ='เย็น '!J25+เช้า!J25+บ่าย!J25 -> 0 | K25: ='เย็น '!K25+เช้า!K25+บ่าย!K25 -> 0 | L25: =SUM(D25:K25) -> 0 | R25: =(M25+N25+O25+P25)-L25-Q25 -> 0
B26: 1111074 | C26: ชิฟฟอนไส้แยมแยกชิ้น มะพร้าว | D26: ='เย็น '!D26+เช้า!D26+บ่าย!D26 -> 0 | E26: ='เย็น '!E26+เช้า!E26+บ่าย!E26 -> 0 | F26: ='เย็น '!F26+เช้า!F26+บ่าย!F26 -> 0 | G26: ='เย็น '!G26+เช้า!G26+บ่าย!G26 -> 2 | H26: ='เย็น '!H26+เช้า!H26+บ่าย!H26 -> 2 | I26: ='เย็น '!I26+เช้า!I26+บ่าย!I26 -> 0 | J26: ='เย็น '!J26+เช้า!J26+บ่าย!J26 -> 0 | K26: ='เย็น '!K26+เช้า!K26+บ่าย!K26 -> 0 | L26: =SUM(D26:K26) -> 4 | M26: 11 | R26: =(M26+N26+O26+P26)-L26-Q26 -> 7
B27: 1111075 | C27: ชิฟฟอนไส้แยมแยกชิ้น สตอเบอรี่ | D27: ='เย็น '!D27+เช้า!D27+บ่าย!D27 -> 0 | E27: ='เย็น '!E27+เช้า!E27+บ่าย!E27 -> 0 | F27: ='เย็น '!F27+เช้า!F27+บ่าย!F27 -> 0 | G27: ='เย็น '!G27+เช้า!G27+บ่าย!G27 -> 1 | H27: ='เย็น '!H27+เช้า!H27+บ่าย!H27 -> 2 | I27: ='เย็น '!I27+เช้า!I27+บ่าย!I27 -> 0 | J27: ='เย็น '!J27+เช้า!J27+บ่าย!J27 -> 0 | K27: ='เย็น '!K27+เช้า!K27+บ่าย!K27 -> 0 | L27: =SUM(D27:K27) -> 3 | R27: =(M27+N27+O27+P27)-L27-Q27 -> -3
B28: 1111076 | C28: ชิฟฟอนไส้แยมแยกชิ้น ส้ม | D28: ='เย็น '!D28+เช้า!D28+บ่าย!D28 -> 0 | E28: ='เย็น '!E28+เช้า!E28+บ่าย!E28 -> 0 | F28: ='เย็น '!F28+เช้า!F28+บ่าย!F28 -> 0 | G28: ='เย็น '!G28+เช้า!G28+บ่าย!G28 -> 1 | H28: ='เย็น '!H28+เช้า!H28+บ่าย!H28 -> 2 | I28: ='เย็น '!I28+เช้า!I28+บ่าย!I28 -> 0 | J28: ='เย็น '!J28+เช้า!J28+บ่าย!J28 -> 0 | K28: ='เย็น '!K28+เช้า!K28+บ่าย!K28 -> 0 | L28: =SUM(D28:K28) -> 3 | M28: 2 | R28: =(M28+N28+O28+P28)-L28-Q28 -> -1
B29: 1111077 | C29: ชิฟฟอนไส้แยมแยกชิ้น บลูเบอรี่ | D29: ='เย็น '!D29+เช้า!D29+บ่าย!D29 -> 0 | E29: ='เย็น '!E29+เช้า!E29+บ่าย!E29 -> 0 | F29: ='เย็น '!F29+เช้า!F29+บ่าย!F29 -> 0 | G29: ='เย็น '!G29+เช้า!G29+บ่าย!G29 -> 1 | H29: ='เย็น '!H29+เช้า!H29+บ่าย!H29 -> 2 | I29: ='เย็น '!I29+เช้า!I29+บ่าย!I29 -> 0 | J29: ='เย็น '!J29+เช้า!J29+บ่าย!J29 -> 0 | K29: ='เย็น '!K29+เช้า!K29+บ่าย!K29 -> 0 | L29: =SUM(D29:K29) -> 3 | R29: =(M29+N29+O29+P29)-L29-Q29 -> -3
B30: 1111078 | C30: ชิฟฟอนไส้แยมแยกชิ้น นมชมพู | D30: ='เย็น '!D30+เช้า!D30+บ่าย!D30 -> 0 | E30: ='เย็น '!E30+เช้า!E30+บ่าย!E30 -> 0 | F30: ='เย็น '!F30+เช้า!F30+บ่าย!F30 -> 0 | G30: ='เย็น '!G30+เช้า!G30+บ่าย!G30 -> 1 | H30: ='เย็น '!H30+เช้า!H30+บ่าย!H30 -> 2 | I30: ='เย็น '!I30+เช้า!I30+บ่าย!I30 -> 0 | J30: ='เย็น '!J30+เช้า!J30+บ่าย!J30 -> 0 | K30: ='เย็น '!K30+เช้า!K30+บ่าย!K30 -> 0 | L30: =SUM(D30:K30) -> 3 | M30: 4 | R30: =(M30+N30+O30+P30)-L30-Q30 -> 1
B31: 1111079 | C31: ชิฟฟอนไส้แยมแยกชิ้น ชอคโกแลต | D31: ='เย็น '!D31+เช้า!D31+บ่าย!D31 -> 0 | E31: ='เย็น '!E31+เช้า!E31+บ่าย!E31 -> 0 | F31: ='เย็น '!F31+เช้า!F31+บ่าย!F31 -> 0 | G31: ='เย็น '!G31+เช้า!G31+บ่าย!G31 -> 1 | H31: ='เย็น '!H31+เช้า!H31+บ่าย!H31 -> 1 | I31: ='เย็น '!I31+เช้า!I31+บ่าย!I31 -> 0 | J31: ='เย็น '!J31+เช้า!J31+บ่าย!J31 -> 0 | K31: ='เย็น '!K31+เช้า!K31+บ่าย!K31 -> 0 | L31: =SUM(D31:K31) -> 2 | M31: 10 | R31: =(M31+N31+O31+P31)-L31-Q31 -> 8
B32: 1111080 | C32: ชิฟฟอนไส้แยมแยกชิ้น ฝอยทอง | D32: ='เย็น '!D32+เช้า!D32+บ่าย!D32 -> 0 | E32: ='เย็น '!E32+เช้า!E32+บ่าย!E32 -> 0 | F32: ='เย็น '!F32+เช้า!F32+บ่าย!F32 -> 0 | G32: ='เย็น '!G32+เช้า!G32+บ่าย!G32 -> 1 | H32: ='เย็น '!H32+เช้า!H32+บ่าย!H32 -> 1 | I32: ='เย็น '!I32+เช้า!I32+บ่าย!I32 -> 0 | J32: ='เย็น '!J32+เช้า!J32+บ่าย!J32 -> 0 | K32: ='เย็น '!K32+เช้า!K32+บ่าย!K32 -> 0 | L32: =SUM(D32:K32) -> 2 | M32: 2 | R32: =(M32+N32+O32+P32)-L32-Q32 -> 0
B33: 1111081 | C33: ชิฟฟอนไส้แยมแยกชิ้น วนิลา | D33: ='เย็น '!D33+เช้า!D33+บ่าย!D33 -> 0 | E33: ='เย็น '!E33+เช้า!E33+บ่าย!E33 -> 0 | F33: ='เย็น '!F33+เช้า!F33+บ่าย!F33 -> 0 | G33: ='เย็น '!G33+เช้า!G33+บ่าย!G33 -> 0 | H33: ='เย็น '!H33+เช้า!H33+บ่าย!H33 -> 1 | I33: ='เย็น '!I33+เช้า!I33+บ่าย!I33 -> 0 | J33: ='เย็น '!J33+เช้า!J33+บ่าย!J33 -> 0 | K33: ='เย็น '!K33+เช้า!K33+บ่าย!K33 -> 0 | L33: =SUM(D33:K33) -> 1 | M33: 10 | R33: =(M33+N33+O33+P33)-L33-Q33 -> 9
B34: 1111082 | C34: ชิฟฟอนไส้แยมแยกชิ้น ใบเตย | D34: ='เย็น '!D34+เช้า!D34+บ่าย!D34 -> 0 | E34: ='เย็น '!E34+เช้า!E34+บ่าย!E34 -> 0 | F34: ='เย็น '!F34+เช้า!F34+บ่าย!F34 -> 0 | G34: ='เย็น '!G34+เช้า!G34+บ่าย!G34 -> 0 | H34: ='เย็น '!H34+เช้า!H34+บ่าย!H34 -> 1 | I34: ='เย็น '!I34+เช้า!I34+บ่าย!I34 -> 0 | J34: ='เย็น '!J34+เช้า!J34+บ่าย!J34 -> 0 | K34: ='เย็น '!K34+เช้า!K34+บ่าย!K34 -> 0 | L34: =SUM(D34:K34) -> 1 | M34: 10 | R34: =(M34+N34+O34+P34)-L34-Q34 -> 9
B35: 1111083 | C35: ชิฟฟอนไส้แยมแยกชิ้น เมล่อน | D35: ='เย็น '!D35+เช้า!D35+บ่าย!D35 -> 0 | E35: ='เย็น '!E35+เช้า!E35+บ่าย!E35 -> 0 | F35: ='เย็น '!F35+เช้า!F35+บ่าย!F35 -> 0 | G35: ='เย็น '!G35+เช้า!G35+บ่าย!G35 -> 0 | H35: ='เย็น '!H35+เช้า!H35+บ่าย!H35 -> 1 | I35: ='เย็น '!I35+เช้า!I35+บ่าย!I35 -> 0 | J35: ='เย็น '!J35+เช้า!J35+บ่าย!J35 -> 0 | K35: ='เย็น '!K35+เช้า!K35+บ่าย!K35 -> 0 | L35: =SUM(D35:K35) -> 1 | M35: 10 | R35: =(M35+N35+O35+P35)-L35-Q35 -> 9
B36: ชิฟฟอนไส้แยม 6 ชิ้น
B37: 1111009 | C37: ชิฟฟอนไส้แยมรวมรส 6 ชิ้น | D37: ='เย็น '!D37+เช้า!D37+บ่าย!D37 -> 0 | E37: ='เย็น '!E37+เช้า!E37+บ่าย!E37 -> 3 | F37: ='เย็น '!F37+เช้า!F37+บ่าย!F37 -> 10 | G37: ='เย็น '!G37+เช้า!G37+บ่าย!G37 -> 9 | H37: ='เย็น '!H37+เช้า!H37+บ่าย!H37 -> 0 | I37: ='เย็น '!I37+เช้า!I37+บ่าย!I37 -> 0 | J37: ='เย็น '!J37+เช้า!J37+บ่าย!J37 -> 0 | K37: ='เย็น '!K37+เช้า!K37+บ่าย!K37 -> 0 | L37: =SUM(D37:K37) -> 22 | M37: 19 | R37: =(M37+N37+O37+P37)-L37-Q37 -> -3
B38: 1111020 | C38: ชิฟฟอนไส้แยมฝอยทอง 6 ชิ้น | D38: ='เย็น '!D38+เช้า!D38+บ่าย!D38 -> 0 | E38: ='เย็น '!E38+เช้า!E38+บ่าย!E38 -> 0 | F38: ='เย็น '!F38+เช้า!F38+บ่าย!F38 -> 0 | G38: ='เย็น '!G38+เช้า!G38+บ่าย!G38 -> 0 | H38: ='เย็น '!H38+เช้า!H38+บ่าย!H38 -> 0 | I38: ='เย็น '!I38+เช้า!I38+บ่าย!I38 -> 0 | J38: ='เย็น '!J38+เช้า!J38+บ่าย!J38 -> 0 | K38: ='เย็น '!K38+เช้า!K38+บ่าย!K38 -> 0 | L38: =SUM(D38:K38) -> 0 | R38: =(M38+N38+O38+P38)-L38-Q38 -> 0
B39: ชิฟฟอนไส้แยม 3 ชิ้น
B40: 1111008 | C40: ชิฟฟอนไส้แยมรวมรส 3 ชิ้น | D40: ='เย็น '!D40+เช้า!D40+บ่าย!D40 -> 6 | E40: ='เย็น '!E40+เช้า!E40+บ่าย!E40 -> 3 | F40: ='เย็น '!F40+เช้า!F40+บ่าย!F40 -> 0 | G40: ='เย็น '!G40+เช้า!G40+บ่าย!G40 -> 59 | H40: ='เย็น '!H40+เช้า!H40+บ่าย!H40 -> 34 | I40: ='เย็น '!I40+เช้า!I40+บ่าย!I40 -> 0 | J40: ='เย็น '!J40+เช้า!J40+บ่าย!J40 -> 0 | K40: ='เย็น '!K40+เช้า!K40+บ่าย!K40 -> 0 | L40: =SUM(D40:K40) -> 102 | M40: 100 | R40: =(M40+N40+O40+P40)-L40-Q40 -> -2
B41: 1111017 | C41: ชิฟฟอนไส้แยมบลูเบอรี่ 3 ชิ้น | D41: ='เย็น '!D41+เช้า!D41+บ่าย!D41 -> 0 | E41: ='เย็น '!E41+เช้า!E41+บ่าย!E41 -> 0 | F41: ='เย็น '!F41+เช้า!F41+บ่าย!F41 -> 0 | G41: ='เย็น '!G41+เช้า!G41+บ่าย!G41 -> 0 | H41: ='เย็น '!H41+เช้า!H41+บ่าย!H41 -> 0 | I41: ='เย็น '!I41+เช้า!I41+บ่าย!I41 -> 0 | J41: ='เย็น '!J41+เช้า!J41+บ่าย!J41 -> 0 | K41: ='เย็น '!K41+เช้า!K41+บ่าย!K41 -> 0 | L41: =SUM(D41:K41) -> 0 | R41: =(M41+N41+O41+P41)-L41-Q41 -> 0
B42: 1111019 | C42: ชิฟฟอนไส้แยมฝอยทอง 3 ชิ้น | D42: ='เย็น '!D42+เช้า!D42+บ่าย!D42 -> 0 | E42: ='เย็น '!E42+เช้า!E42+บ่าย!E42 -> 0 | F42: ='เย็น '!F42+เช้า!F42+บ่าย!F42 -> 0 | G42: ='เย็น '!G42+เช้า!G42+บ่าย!G42 -> 0 | H42: ='เย็น '!H42+เช้า!H42+บ่าย!H42 -> 0 | I42: ='เย็น '!I42+เช้า!I42+บ่าย!I42 -> 0 | J42: ='เย็น '!J42+เช้า!J42+บ่าย!J42 -> 0 | K42: ='เย็น '!K42+เช้า!K42+บ่าย!K42 -> 0 | L42: =SUM(D42:K42) -> 0 | R42: =(M42+N42+O42+P42)-L42-Q42 -> 0
B43: 1111022 | C43: ชิฟฟอนไส้แยมสตอเบอรี่ 3 ชิ้น | D43: ='เย็น '!D43+เช้า!D43+บ่าย!D43 -> 0 | E43: ='เย็น '!E43+เช้า!E43+บ่าย!E43 -> 0 | F43: ='เย็น '!F43+เช้า!F43+บ่าย!F43 -> 0 | G43: ='เย็น '!G43+เช้า!G43+บ่าย!G43 -> 0 | H43: ='เย็น '!H43+เช้า!H43+บ่าย!H43 -> 0 | I43: ='เย็น '!I43+เช้า!I43+บ่าย!I43 -> 0 | J43: ='เย็น '!J43+เช้า!J43+บ่าย!J43 -> 0 | K43: ='เย็น '!K43+เช้า!K43+บ่าย!K43 -> 0 | L43: =SUM(D43:K43) -> 0 | R43: =(M43+N43+O43+P43)-L43-Q43 -> 0
B44: 1111024 | C44: ชิฟฟอนไส้แยมส้ม 3 ชิ้น | D44: ='เย็น '!D44+เช้า!D44+บ่าย!D44 -> 0 | E44: ='เย็น '!E44+เช้า!E44+บ่าย!E44 -> 0 | F44: ='เย็น '!F44+เช้า!F44+บ่าย!F44 -> 0 | G44: ='เย็น '!G44+เช้า!G44+บ่าย!G44 -> 0 | H44: ='เย็น '!H44+เช้า!H44+บ่าย!H44 -> 0 | I44: ='เย็น '!I44+เช้า!I44+บ่าย!I44 -> 0 | J44: ='เย็น '!J44+เช้า!J44+บ่าย!J44 -> 0 | K44: ='เย็น '!K44+เช้า!K44+บ่าย!K44 -> 0 | L44: =SUM(D44:K44) -> 0 | R44: =(M44+N44+O44+P44)-L44-Q44 -> 0
B45: เบาหวิว ล 110 กรัม
B46: 1112009 | C46: มะพร้าว | D46: ='เย็น '!D46+เช้า!D46+บ่าย!D46 -> 8 | E46: ='เย็น '!E46+เช้า!E46+บ่าย!E46 -> 7 | F46: ='เย็น '!F46+เช้า!F46+บ่าย!F46 -> 1 | G46: ='เย็น '!G46+เช้า!G46+บ่าย!G46 -> 51 | H46: ='เย็น '!H46+เช้า!H46+บ่าย!H46 -> 32 | I46: ='เย็น '!I46+เช้า!I46+บ่าย!I46 -> 0 | J46: ='เย็น '!J46+เช้า!J46+บ่าย!J46 -> 0 | K46: ='เย็น '!K46+เช้า!K46+บ่าย!K46 -> 7 | L46: =SUM(D46:K46) -> 106 | M46: 60 | R46: =(M46+N46+O46+P46)-L46-Q46 -> -46
B47: 1112011 | C47: ฝอยทอง | D47: ='เย็น '!D47+เช้า!D47+บ่าย!D47 -> 12 | E47: ='เย็น '!E47+เช้า!E47+บ่าย!E47 -> 7 | F47: ='เย็น '!F47+เช้า!F47+บ่าย!F47 -> 0 | G47: ='เย็น '!G47+เช้า!G47+บ่าย!G47 -> 51 | H47: ='เย็น '!H47+เช้า!H47+บ่าย!H47 -> 32 | I47: ='เย็น '!I47+เช้า!I47+บ่าย!I47 -> 0 | J47: ='เย็น '!J47+เช้า!J47+บ่าย!J47 -> 0 | K47: ='เย็น '!K47+เช้า!K47+บ่าย!K47 -> 7 | L47: =SUM(D47:K47) -> 109 | M47: 47 | R47: =(M47+N47+O47+P47)-L47-Q47 -> -62
B48: 1112003 | C48: กาแฟ | D48: ='เย็น '!D48+เช้า!D48+บ่าย!D48 -> 9 | E48: ='เย็น '!E48+เช้า!E48+บ่าย!E48 -> 0 | F48: ='เย็น '!F48+เช้า!F48+บ่าย!F48 -> 0 | G48: ='เย็น '!G48+เช้า!G48+บ่าย!G48 -> 42 | H48: ='เย็น '!H48+เช้า!H48+บ่าย!H48 -> 10 | I48: ='เย็น '!I48+เช้า!I48+บ่าย!I48 -> 0 | J48: ='เย็น '!J48+เช้า!J48+บ่าย!J48 -> 0 | K48: ='เย็น '!K48+เช้า!K48+บ่าย!K48 -> 0 | L48: =SUM(D48:K48) -> 61 | M48: 58 | R48: =(M48+N48+O48+P48)-L48-Q48 -> -3
B49: 1112005 | C49: เนยนม | D49: ='เย็น '!D49+เช้า!D49+บ่าย!D49 -> 11 | E49: ='เย็น '!E49+เช้า!E49+บ่าย!E49 -> 0 | F49: ='เย็น '!F49+เช้า!F49+บ่าย!F49 -> 0 | G49: ='เย็น '!G49+เช้า!G49+บ่าย!G49 -> 5 | H49: ='เย็น '!H49+เช้า!H49+บ่าย!H49 -> 1 | I49: ='เย็น '!I49+เช้า!I49+บ่าย!I49 -> 0 | J49: ='เย็น '!J49+เช้า!J49+บ่าย!J49 -> 0 | K49: ='เย็น '!K49+เช้า!K49+บ่าย!K49 -> 0 | L49: =SUM(D49:K49) -> 17 | M49: 77 | R49: =(M49+N49+O49+P49)-L49-Q49 -> 60
B50: 1112007 | C50: ใบเตย | D50: ='เย็น '!D50+เช้า!D50+บ่าย!D50 -> 0 | E50: ='เย็น '!E50+เช้า!E50+บ่าย!E50 -> 0 | F50: ='เย็น '!F50+เช้า!F50+บ่าย!F50 -> 0 | G50: ='เย็น '!G50+เช้า!G50+บ่าย!G50 -> 0 | H50: ='เย็น '!H50+เช้า!H50+บ่าย!H50 -> 0 | I50: ='เย็น '!I50+เช้า!I50+บ่าย!I50 -> 0 | J50: ='เย็น '!J50+เช้า!J50+บ่าย!J50 -> 0 | K50: ='เย็น '!K50+เช้า!K50+บ่าย!K50 -> 0 | L50: =SUM(D50:K50) -> 0 | R50: =(M50+N50+O50+P50)-L50-Q50 -> 0
B51: 1112019 | C51: ทุเรียน | D51: ='เย็น '!D51+เช้า!D51+บ่าย!D51 -> 0 | E51: ='เย็น '!E51+เช้า!E51+บ่าย!E51 -> 0 | F51: ='เย็น '!F51+เช้า!F51+บ่าย!F51 -> 0 | G51: ='เย็น '!G51+เช้า!G51+บ่าย!G51 -> 0 | H51: ='เย็น '!H51+เช้า!H51+บ่าย!H51 -> 0 | I51: ='เย็น '!I51+เช้า!I51+บ่าย!I51 -> 0 | J51: ='เย็น '!J51+เช้า!J51+บ่าย!J51 -> 0 | K51: ='เย็น '!K51+เช้า!K51+บ่าย!K51 -> 0 | L51: =SUM(D51:K51) -> 0 | R51: =(M51+N51+O51+P51)-L51-Q51 -> 0
B52: 1112017 | C52: ตาลหอม | D52: ='เย็น '!D52+เช้า!D52+บ่าย!D52 -> 5 | E52: ='เย็น '!E52+เช้า!E52+บ่าย!E52 -> 0 | F52: ='เย็น '!F52+เช้า!F52+บ่าย!F52 -> 0 | G52: ='เย็น '!G52+เช้า!G52+บ่าย!G52 -> 41 | H52: ='เย็น '!H52+เช้า!H52+บ่าย!H52 -> 10 | I52: ='เย็น '!I52+เช้า!I52+บ่าย!I52 -> 0 | J52: ='เย็น '!J52+เช้า!J52+บ่าย!J52 -> 0 | K52: ='เย็น '!K52+เช้า!K52+บ่าย!K52 -> 0 | L52: =SUM(D52:K52) -> 56 | M52: 141 | R52: =(M52+N52+O52+P52)-L52-Q52 -> 85
B53: 1112015 | C53: กล้วยหอมมะพร้าวเผา | D53: ='เย็น '!D53+เช้า!D53+บ่าย!D53 -> 6 | E53: ='เย็น '!E53+เช้า!E53+บ่าย!E53 -> 0 | F53: ='เย็น '!F53+เช้า!F53+บ่าย!F53 -> 0 | G53: ='เย็น '!G53+เช้า!G53+บ่าย!G53 -> 41 | H53: ='เย็น '!H53+เช้า!H53+บ่าย!H53 -> 10 | I53: ='เย็น '!I53+เช้า!I53+บ่าย!I53 -> 0 | J53: ='เย็น '!J53+เช้า!J53+บ่าย!J53 -> 0 | K53: ='เย็น '!K53+เช้า!K53+บ่าย!K53 -> 0 | L53: =SUM(D53:K53) -> 57 | M53: 82 | R53: =(M53+N53+O53+P53)-L53-Q53 -> 25
B54: 1112013 | C54: เผือกมะพร้าวอ่อน | D54: ='เย็น '!D54+เช้า!D54+บ่าย!D54 -> 45 | E54: ='เย็น '!E54+เช้า!E54+บ่าย!E54 -> 9 | F54: ='เย็น '!F54+เช้า!F54+บ่าย!F54 -> 1 | G54: ='เย็น '!G54+เช้า!G54+บ่าย!G54 -> 51 | H54: ='เย็น '!H54+เช้า!H54+บ่าย!H54 -> 32 | I54: ='เย็น '!I54+เช้า!I54+บ่าย!I54 -> 0 | J54: ='เย็น '!J54+เช้า!J54+บ่าย!J54 -> 0 | K54: ='เย็น '!K54+เช้า!K54+บ่าย!K54 -> 7 | L54: =SUM(D54:K54) -> 145 | M54: 45 | R54: =(M54+N54+O54+P54)-L54-Q54 -> -100
B55: 1124043 | C55: เบาหวิว คละรส | D55: ='เย็น '!D55+เช้า!D55+บ่าย!D55 -> 0 | E55: ='เย็น '!E55+เช้า!E55+บ่าย!E55 -> 0 | F55: ='เย็น '!F55+เช้า!F55+บ่าย!F55 -> 0 | G55: ='เย็น '!G55+เช้า!G55+บ่าย!G55 -> 0 | H55: ='เย็น '!H55+เช้า!H55+บ่าย!H55 -> 0 | I55: ='เย็น '!I55+เช้า!I55+บ่าย!I55 -> 0 | J55: ='เย็น '!J55+เช้า!J55+บ่าย!J55 -> 0 | K55: ='เย็น '!K55+เช้า!K55+บ่าย!K55 -> 0 | L55: =SUM(D55:K55) -> 0 | R55: =(M55+N55+O55+P55)-L55-Q55 -> 0
B56: อื่นๆ
B57: 1113170 | C57: ขนมเปี๊ยะถั่วฝอยทองไข่เค็ม 450 กรัม | D57: ='เย็น '!D57+เช้า!D57+บ่าย!D57 -> 0 | E57: ='เย็น '!E57+เช้า!E57+บ่าย!E57 -> 0 | F57: ='เย็น '!F57+เช้า!F57+บ่าย!F57 -> 0 | G57: ='เย็น '!G57+เช้า!G57+บ่าย!G57 -> 0 | H57: ='เย็น '!H57+เช้า!H57+บ่าย!H57 -> 0 | I57: ='เย็น '!I57+เช้า!I57+บ่าย!I57 -> 0 | J57: ='เย็น '!J57+เช้า!J57+บ่าย!J57 -> 0 | K57: ='เย็น '!K57+เช้า!K57+บ่าย!K57 -> 4 | L57: =SUM(D57:K57) -> 4 | R57: =(M57+N57+O57+P57)-L57-Q57 -> -4
B58: 1113171 | C58: ขนมเปี๊ยะฟักถั่วไข่เค็ม 450 กรัม | D58: ='เย็น '!D58+เช้า!D58+บ่าย!D58 -> 0 | E58: ='เย็น '!E58+เช้า!E58+บ่าย!E58 -> 0 | F58: ='เย็น '!F58+เช้า!F58+บ่าย!F58 -> 0 | G58: ='เย็น '!G58+เช้า!G58+บ่าย!G58 -> 0 | H58: ='เย็น '!H58+เช้า!H58+บ่าย!H58 -> 0 | I58: ='เย็น '!I58+เช้า!I58+บ่าย!I58 -> 0 | J58: ='เย็น '!J58+เช้า!J58+บ่าย!J58 -> 0 | K58: ='เย็น '!K58+เช้า!K58+บ่าย!K58 -> 3 | L58: =SUM(D58:K58) -> 3 | R58: =(M58+N58+O58+P58)-L58-Q58 -> -3
B59: 1113172 | C59: ขนมเปี๊ยะเผือกฝอยทองไข่เค็ม 450 กรัม | D59: ='เย็น '!D59+เช้า!D59+บ่าย!D59 -> 0 | E59: ='เย็น '!E59+เช้า!E59+บ่าย!E59 -> 0 | F59: ='เย็น '!F59+เช้า!F59+บ่าย!F59 -> 0 | G59: ='เย็น '!G59+เช้า!G59+บ่าย!G59 -> 0 | H59: ='เย็น '!H59+เช้า!H59+บ่าย!H59 -> 0 | I59: ='เย็น '!I59+เช้า!I59+บ่าย!I59 -> 0 | J59: ='เย็น '!J59+เช้า!J59+บ่าย!J59 -> 0 | K59: ='เย็น '!K59+เช้า!K59+บ่าย!K59 -> 3 | L59: =SUM(D59:K59) -> 3 | R59: =(M59+N59+O59+P59)-L59-Q59 -> -3
B60: 1100003 | C60: เมอแรงค์ กระปุก | D60: ='เย็น '!D60+เช้า!D60+บ่าย!D60 -> 0 | E60: ='เย็น '!E60+เช้า!E60+บ่าย!E60 -> 4 | F60: ='เย็น '!F60+เช้า!F60+บ่าย!F60 -> 0 | G60: ='เย็น '!G60+เช้า!G60+บ่าย!G60 -> 0 | H60: ='เย็น '!H60+เช้า!H60+บ่าย!H60 -> 0 | I60: ='เย็น '!I60+เช้า!I60+บ่าย!I60 -> 0 | J60: ='เย็น '!J60+เช้า!J60+บ่าย!J60 -> 0 | K60: ='เย็น '!K60+เช้า!K60+บ่าย!K60 -> 0 | L60: =SUM(D60:K60) -> 4 | M60: 2 | R60: =(M60+N60+O60+P60)-L60-Q60 -> -2
B61: 1100001 | C61: พายสับปรด 1 ชิ้น | D61: ='เย็น '!D61+เช้า!D61+บ่าย!D61 -> 0 | E61: ='เย็น '!E61+เช้า!E61+บ่าย!E61 -> 0 | F61: ='เย็น '!F61+เช้า!F61+บ่าย!F61 -> 8 | G61: ='เย็น '!G61+เช้า!G61+บ่าย!G61 -> 0 | H61: ='เย็น '!H61+เช้า!H61+บ่าย!H61 -> 0 | I61: ='เย็น '!I61+เช้า!I61+บ่าย!I61 -> 0 | J61: ='เย็น '!J61+เช้า!J61+บ่าย!J61 -> 0 | K61: ='เย็น '!K61+เช้า!K61+บ่าย!K61 -> 0 | L61: =SUM(D61:K61) -> 8 | M61: 154 | R61: =(M61+N61+O61+P61)-L61-Q61 -> 146
B62: 1100002 | C62: พายสับปรด 1 กล่อง | D62: ='เย็น '!D62+เช้า!D62+บ่าย!D62 -> 0 | E62: ='เย็น '!E62+เช้า!E62+บ่าย!E62 -> 0 | F62: ='เย็น '!F62+เช้า!F62+บ่าย!F62 -> 0 | G62: ='เย็น '!G62+เช้า!G62+บ่าย!G62 -> 3 | H62: ='เย็น '!H62+เช้า!H62+บ่าย!H62 -> 0 | I62: ='เย็น '!I62+เช้า!I62+บ่าย!I62 -> 0 | J62: ='เย็น '!J62+เช้า!J62+บ่าย!J62 -> 0 | K62: ='เย็น '!K62+เช้า!K62+บ่าย!K62 -> 0 | L62: =SUM(D62:K62) -> 3 | M62: 34 | R62: =(M62+N62+O62+P62)-L62-Q62 -> 31
B63: 1200001 | C63: คอนเฟลค | D63: ='เย็น '!D63+เช้า!D63+บ่าย!D63 -> 0 | E63: ='เย็น '!E63+เช้า!E63+บ่าย!E63 -> 0 | F63: ='เย็น '!F63+เช้า!F63+บ่าย!F63 -> 0 | G63: ='เย็น '!G63+เช้า!G63+บ่าย!G63 -> 1 | H63: ='เย็น '!H63+เช้า!H63+บ่าย!H63 -> 1 | I63: ='เย็น '!I63+เช้า!I63+บ่าย!I63 -> 0 | J63: ='เย็น '!J63+เช้า!J63+บ่าย!J63 -> 0 | K63: ='เย็น '!K63+เช้า!K63+บ่าย!K63 -> 5 | L63: =SUM(D63:K63) -> 7 | M63: 18 | R63: =(M63+N63+O63+P63)-L63-Q63 -> 11
B64: 1005761 | C64: ปังกรอบคาราเมล(ถุง) | D64: ='เย็น '!D64+เช้า!D64+บ่าย!D64 -> 0 | E64: ='เย็น '!E64+เช้า!E64+บ่าย!E64 -> 0 | F64: ='เย็น '!F64+เช้า!F64+บ่าย!F64 -> 0 | G64: ='เย็น '!G64+เช้า!G64+บ่าย!G64 -> 0 | H64: ='เย็น '!H64+เช้า!H64+บ่าย!H64 -> 0 | I64: ='เย็น '!I64+เช้า!I64+บ่าย!I64 -> 0 | J64: ='เย็น '!J64+เช้า!J64+บ่าย!J64 -> 0 | K64: ='เย็น '!K64+เช้า!K64+บ่าย!K64 -> 0 | L64: =SUM(D64:K64) -> 0 | M64: 31 | R64: =(M64+N64+O64+P64)-L64-Q64 -> 31
B65: 1114501 | C65: ครีมฮอร์นไส้เนย วนิลา | D65: ='เย็น '!D65+เช้า!D65+บ่าย!D65 -> 3 | E65: ='เย็น '!E65+เช้า!E65+บ่าย!E65 -> 7 | F65: ='เย็น '!F65+เช้า!F65+บ่าย!F65 -> 2 | G65: ='เย็น '!G65+เช้า!G65+บ่าย!G65 -> 230 | H65: ='เย็น '!H65+เช้า!H65+บ่าย!H65 -> 129 | I65: ='เย็น '!I65+เช้า!I65+บ่าย!I65 -> 0 | J65: ='เย็น '!J65+เช้า!J65+บ่าย!J65 -> 0 | K65: ='เย็น '!K65+เช้า!K65+บ่าย!K65 -> 0 | L65: =SUM(D65:K65) -> 371 | M65: 303 | R65: =(M65+N65+O65+P65)-L65-Q65 -> -68
B66: 1114502 | C66: ครีมฮอร์นไส้เนย ใบเตย | D66: ='เย็น '!D66+เช้า!D66+บ่าย!D66 -> 3 | E66: ='เย็น '!E66+เช้า!E66+บ่าย!E66 -> 6 | F66: ='เย็น '!F66+เช้า!F66+บ่าย!F66 -> 1 | G66: ='เย็น '!G66+เช้า!G66+บ่าย!G66 -> 230 | H66: ='เย็น '!H66+เช้า!H66+บ่าย!H66 -> 129 | I66: ='เย็น '!I66+เช้า!I66+บ่าย!I66 -> 0 | J66: ='เย็น '!J66+เช้า!J66+บ่าย!J66 -> 0 | K66: ='เย็น '!K66+เช้า!K66+บ่าย!K66 -> 0 | L66: =SUM(D66:K66) -> 369 | M66: 326 | R66: =(M66+N66+O66+P66)-L66-Q66 -> -43
B67: 1114503 | C67: ครีมฮอร์นไส้เนย ชอค | D67: ='เย็น '!D67+เช้า!D67+บ่าย!D67 -> 3 | E67: ='เย็น '!E67+เช้า!E67+บ่าย!E67 -> 6 | F67: ='เย็น '!F67+เช้า!F67+บ่าย!F67 -> 2 | G67: ='เย็น '!G67+เช้า!G67+บ่าย!G67 -> 230 | H67: ='เย็น '!H67+เช้า!H67+บ่าย!H67 -> 129 | I67: ='เย็น '!I67+เช้า!I67+บ่าย!I67 -> 0 | J67: ='เย็น '!J67+เช้า!J67+บ่าย!J67 -> 0 | K67: ='เย็น '!K67+เช้า!K67+บ่าย!K67 -> 0 | L67: =SUM(D67:K67) -> 370 | M67: 396 | R67: =(M67+N67+O67+P67)-L67-Q67 -> 26
B68: 1124021 | C68: ขนมปังหั่นสไลด์ | D68: ='เย็น '!D68+เช้า!D68+บ่าย!D68 -> 3 | E68: ='เย็น '!E68+เช้า!E68+บ่าย!E68 -> 13 | F68: ='เย็น '!F68+เช้า!F68+บ่าย!F68 -> 51 | G68: ='เย็น '!G68+เช้า!G68+บ่าย!G68 -> 45 | H68: ='เย็น '!H68+เช้า!H68+บ่าย!H68 -> 39 | I68: ='เย็น '!I68+เช้า!I68+บ่าย!I68 -> 0 | J68: ='เย็น '!J68+เช้า!J68+บ่าย!J68 -> 0 | K68: ='เย็น '!K68+เช้า!K68+บ่าย!K68 -> 0 | L68: =SUM(D68:K68) -> 151 | M68: 170 | R68: =(M68+N68+O68+P68)-L68-Q68 -> 19
B69: 1113084 | C69: ปังเนยนิ่ม กล่อง 2 ชิ้น | D69: ='เย็น '!D69+เช้า!D69+บ่าย!D69 -> 0 | E69: ='เย็น '!E69+เช้า!E69+บ่าย!E69 -> 0 | F69: ='เย็น '!F69+เช้า!F69+บ่าย!F69 -> 0 | G69: ='เย็น '!G69+เช้า!G69+บ่าย!G69 -> 0 | H69: ='เย็น '!H69+เช้า!H69+บ่าย!H69 -> 0 | I69: ='เย็น '!I69+เช้า!I69+บ่าย!I69 -> 0 | J69: ='เย็น '!J69+เช้า!J69+บ่าย!J69 -> 0 | K69: ='เย็น '!K69+เช้า!K69+บ่าย!K69 -> 0 | L69: =SUM(D69:K69) -> 0 | R69: =(M69+N69+O69+P69)-L69-Q69 -> 0
B70: 900003 | C70: กล่องเปล่าชิฟอน ล | D70: ='เย็น '!D70+เช้า!D70+บ่าย!D70 -> 0 | E70: ='เย็น '!E70+เช้า!E70+บ่าย!E70 -> 0 | F70: ='เย็น '!F70+เช้า!F70+บ่าย!F70 -> 0 | G70: ='เย็น '!G70+เช้า!G70+บ่าย!G70 -> 0 | H70: ='เย็น '!H70+เช้า!H70+บ่าย!H70 -> 0 | I70: ='เย็น '!I70+เช้า!I70+บ่าย!I70 -> 0 | J70: ='เย็น '!J70+เช้า!J70+บ่าย!J70 -> 0 | K70: ='เย็น '!K70+เช้า!K70+บ่าย!K70 -> 0 | L70: =SUM(D70:K70) -> 0 | R70: =(M70+N70+O70+P70)-L70-Q70 -> 0
B71: 900004 | C71: กล่องเปล่าชิฟอน ญ | D71: ='เย็น '!D71+เช้า!D71+บ่าย!D71 -> 0 | E71: ='เย็น '!E71+เช้า!E71+บ่าย!E71 -> 0 | F71: ='เย็น '!F71+เช้า!F71+บ่าย!F71 -> 0 | G71: ='เย็น '!G71+เช้า!G71+บ่าย!G71 -> 0 | H71: ='เย็น '!H71+เช้า!H71+บ่าย!H71 -> 0 | I71: ='เย็น '!I71+เช้า!I71+บ่าย!I71 -> 0 | J71: ='เย็น '!J71+เช้า!J71+บ่าย!J71 -> 0 | K71: ='เย็น '!K71+เช้า!K71+บ่าย!K71 -> 0 | L71: =SUM(D71:K71) -> 0 | R71: =(M71+N71+O71+P71)-L71-Q71 -> 0
B72: 1200002 | C72: ทอฟฟี่ถั่ว กล่อง | D72: ='เย็น '!D72+เช้า!D72+บ่าย!D72 -> 0 | E72: ='เย็น '!E72+เช้า!E72+บ่าย!E72 -> 0 | F72: ='เย็น '!F72+เช้า!F72+บ่าย!F72 -> 0 | G72: ='เย็น '!G72+เช้า!G72+บ่าย!G72 -> 0 | H72: ='เย็น '!H72+เช้า!H72+บ่าย!H72 -> 0 | I72: ='เย็น '!I72+เช้า!I72+บ่าย!I72 -> 0 | J72: ='เย็น '!J72+เช้า!J72+บ่าย!J72 -> 0 | K72: ='เย็น '!K72+เช้า!K72+บ่าย!K72 -> 0 | L72: =SUM(D72:K72) -> 0 | M72: 78 | R72: =(M72+N72+O72+P72)-L72-Q72 -> 78
B73: 1200003 | C73: ทอฟฟี่ถั่ว กระเช้า | D73: ='เย็น '!D73+เช้า!D73+บ่าย!D73 -> 0 | E73: ='เย็น '!E73+เช้า!E73+บ่าย!E73 -> 0 | F73: ='เย็น '!F73+เช้า!F73+บ่าย!F73 -> 0 | G73: ='เย็น '!G73+เช้า!G73+บ่าย!G73 -> 0 | H73: ='เย็น '!H73+เช้า!H73+บ่าย!H73 -> 0 | I73: ='เย็น '!I73+เช้า!I73+บ่าย!I73 -> 0 | J73: ='เย็น '!J73+เช้า!J73+บ่าย!J73 -> 0 | K73: ='เย็น '!K73+เช้า!K73+บ่าย!K73 -> 0 | L73: =SUM(D73:K73) -> 0 | R73: =(M73+N73+O73+P73)-L73-Q73 -> 0
B74: 1200004 | C74: ทอฟฟี่ถั่ว กระปุก | D74: ='เย็น '!D74+เช้า!D74+บ่าย!D74 -> 0 | E74: ='เย็น '!E74+เช้า!E74+บ่าย!E74 -> 0 | F74: ='เย็น '!F74+เช้า!F74+บ่าย!F74 -> 0 | G74: ='เย็น '!G74+เช้า!G74+บ่าย!G74 -> 0 | H74: ='เย็น '!H74+เช้า!H74+บ่าย!H74 -> 0 | I74: ='เย็น '!I74+เช้า!I74+บ่าย!I74 -> 0 | J74: ='เย็น '!J74+เช้า!J74+บ่าย!J74 -> 0 | K74: ='เย็น '!K74+เช้า!K74+บ่าย!K74 -> 0 | L74: =SUM(D74:K74) -> 0 | R74: =(M74+N74+O74+P74)-L74-Q74 -> 0
B75: 1200093 | C75: ท็อฟฟี่ถั่ว ครึ่งกิโล | D75: ='เย็น '!D75+เช้า!D75+บ่าย!D75 -> 0 | E75: ='เย็น '!E75+เช้า!E75+บ่าย!E75 -> 0 | F75: ='เย็น '!F75+เช้า!F75+บ่าย!F75 -> 0 | G75: ='เย็น '!G75+เช้า!G75+บ่าย!G75 -> 0 | H75: ='เย็น '!H75+เช้า!H75+บ่าย!H75 -> 0 | I75: ='เย็น '!I75+เช้า!I75+บ่าย!I75 -> 0 | J75: ='เย็น '!J75+เช้า!J75+บ่าย!J75 -> 0 | K75: ='เย็น '!K75+เช้า!K75+บ่าย!K75 -> 0 | L75: =SUM(D75:K75) -> 0 | R75: =(M75+N75+O75+P75)-L75-Q75 -> 0
B76: 1200092 | C76: ท็อฟฟี่ถั่ว 1 กิโล | D76: ='เย็น '!D76+เช้า!D76+บ่าย!D76 -> 0 | E76: ='เย็น '!E76+เช้า!E76+บ่าย!E76 -> 0 | F76: ='เย็น '!F76+เช้า!F76+บ่าย!F76 -> 0 | G76: ='เย็น '!G76+เช้า!G76+บ่าย!G76 -> 0 | H76: ='เย็น '!H76+เช้า!H76+บ่าย!H76 -> 0 | I76: ='เย็น '!I76+เช้า!I76+บ่าย!I76 -> 0 | J76: ='เย็น '!J76+เช้า!J76+บ่าย!J76 -> 0 | K76: ='เย็น '!K76+เช้า!K76+บ่าย!K76 -> 0 | L76: =SUM(D76:K76) -> 0 | R76: =(M76+N76+O76+P76)-L76-Q76 -> 0
C77: เศษขนมปังปลา5กก. | D77: ='เย็น '!D77+เช้า!D77+บ่าย!D77 -> 0 | E77: ='เย็น '!E77+เช้า!E77+บ่าย!E77 -> 0 | F77: ='เย็น '!F77+เช้า!F77+บ่าย!F77 -> 0 | G77: ='เย็น '!G77+เช้า!G77+บ่าย!G77 -> 0 | H77: ='เย็น '!H77+เช้า!H77+บ่าย!H77 -> 0 | I77: ='เย็น '!I77+เช้า!I77+บ่าย!I77 -> 0 | J77: ='เย็น '!J77+เช้า!J77+บ่าย!J77 -> 0 | K77: ='เย็น '!K77+เช้า!K77+บ่าย!K77 -> 0 | L77: =SUM(D77:K77) -> 0 | R77: =(M77+N77+O77+P77)-L77-Q77 -> 0
C78: เศษขนมปังปลา1กก. | D78: ='เย็น '!D78+เช้า!D78+บ่าย!D78 -> 0 | E78: ='เย็น '!E78+เช้า!E78+บ่าย!E78 -> 3 | F78: ='เย็น '!F78+เช้า!F78+บ่าย!F78 -> 0 | G78: ='เย็น '!G78+เช้า!G78+บ่าย!G78 -> 0 | H78: ='เย็น '!H78+เช้า!H78+บ่าย!H78 -> 0 | I78: ='เย็น '!I78+เช้า!I78+บ่าย!I78 -> 0 | J78: ='เย็น '!J78+เช้า!J78+บ่าย!J78 -> 7 | K78: ='เย็น '!K78+เช้า!K78+บ่าย!K78 -> 0 | L78: =SUM(D78:K78) -> 10 | R78: =(M78+N78+O78+P78)-L78-Q78 -> -10
B79: 20052721 | C79: แซนวิชโบราณ | D79: ='เย็น '!D79+เช้า!D79+บ่าย!D79 -> 0 | E79: ='เย็น '!E79+เช้า!E79+บ่าย!E79 -> 0 | F79: ='เย็น '!F79+เช้า!F79+บ่าย!F79 -> 0 | G79: ='เย็น '!G79+เช้า!G79+บ่าย!G79 -> 0 | H79: ='เย็น '!H79+เช้า!H79+บ่าย!H79 -> 0 | I79: ='เย็น '!I79+เช้า!I79+บ่าย!I79 -> 0 | J79: ='เย็น '!J79+เช้า!J79+บ่าย!J79 -> 0 | K79: ='เย็น '!K79+เช้า!K79+บ่าย!K79 -> 0 | L79: =SUM(D79:K79) -> 0 | R79: =(M79+N79+O79+P79)-L79-Q79 -> 0
D80: =SUM(D57:D79,D46:D54,D40,D37:D38,D7:D35) -> 156 | E80: =SUM(E57:E79,E46:E54,E40,E37:E38,E7:E35) -> 113 | F80: =SUM(F57:F79,F46:F54,F40,F37:F38,F7:F35) -> 116 | G80: =SUM(G57:G79,G46:G54,G40,G37:G38,G7:G35) -> 1154 | H80: =SUM(H57:H79,H46:H54,H40,H37:H38,H7:H35) -> 663 | I80: =SUM(I57:I79,I46:I54,I40,I37:I38,I7:I35) -> 0 | J80: =SUM(J57:J79,J46:J54,J40,J37:J38,J7:J35) -> 7 | K80: =SUM(K57:K79,K46:K54,K40,K37:K38,K7:K35) -> 71 | L80: =SUM(L57:L79,L46:L54,L40,L37:L38,L7:L35) -> 2280 | M80: =SUM(M60:M79,M46:M54,M40:M40,M37:M37,M7:M35) -> 2577 | N80: =SUM(N60:N79,N46:N54,N40:N40,N37:N37,N7:N35) -> 0 | O80: =SUM(O60:O79,O46:O54,O40:O40,O37:O37,O7:O35) -> 0 | P80: =SUM(P60:P79,P46:P54,P40:P40,P37:P37,P7:P35) -> 0 | R80: =SUM(R60:R79,R46:R54,R40:R40,R37:R37,R7:R35) -> 307
B84: …..................................................................................... | I84: ….....................................................................................
B85: ผู้จัดทำ | I85: ผู้รับทราบ
