Workbook

Sheet เย็น 
B1: ยอดจริง ออนไลน์ วันที่ - เย็น
K2: ยอดรวมผลิต
K3: จำนวน
B4: รหัสสินค้า | C4: สินค้า | D4: ปณ | E4: ชอปปี้ | F4: ลาซาด้า | G4: ติ๊กตอก | H4: ติ๊กตอก2 | I4: ติ๊กตอก3 | J4: ชอยส์ | K4: (กล่อง)
B6: ชิฟฟอนรวมรส
B7: 1111002 | C7: ชิฟฟอนรวมรส 8 ชิ้น | K7: =SUM(D7:J7) -> 0
C8: ชิฟฟอนแบบกล่องสุ่มอะไรก็ได้ที่มี | K8: =SUM(D8:J8) -> 0
B9: 1111084 | C9: ชิฟฟอน 8 ชิ้น กาแฟล้วน | K9: =SUM(D9:J9) -> 0
B10: 1111085 | C10: ชิฟฟอน 8 ชิ้น บลูเบอรี่ล้วน | K10: =SUM(D10:J10) -> 0
B11: 1111086 | C11: ชิฟฟอน 8 ชิ้น มะพร้าวล้วน | K11: =SUM(D11:J11) -> 0
B12: 1111087 | C12: ชิฟฟอน 8 ชิ้น สตอเบอรี่ล้วน | K12: =SUM(D12:J12) -> 0
B13: 1111088 | C13: ชิฟฟอน 8 ชิ้น ส้มล้วน | K13: =SUM(D13:J13) -> 0
B14: 1111089 | C14: ชิฟฟอน 8 ชิ้น เนยล้วน | K14: =SUM(D14:J14) -> 0
B15: 1111090 | C15: ชิฟฟอน 8 ชิ้น เผือกล้วน | K15: =SUM(D15:J15) -> 0
B16: 1111091 | C16: ชิฟฟอน 8 ชิ้น ใบเตยล้วน | K16: =SUM(D16:J16) -> 0
B17: 1111092 | C17: ชิฟฟอน 8 ชิ้น กล้วยหอม | K17: =SUM(D17:J17) -> 0
B18: 1111093 | C18: ชิฟฟอน 8 ชิ้น โกโก้ล้วน | K18: =SUM(D18:J18) -> 0
B19: 1111094 | C19: ชิฟฟอน 8 ชิ้น ชาไทยล้วน | K19: =SUM(D19:J19) -> 0
B20: 1111095 | C20: ชิฟฟอน 8 ชิ้น ชาเขียวล้วน | K20: =SUM(D20:J20) -> 0
... B66: 1111010 | C66: ชิฟฟอนไส้แยมแยกชิ้น คละรส | K66: =SUM(D66:J66) -> 0
C67: รวม | K67: =SUM(D67:I67) -> 0
B68: ชิฟฟอนไส้แยม 6 ชิ้น
B69: 1111009 | C69: ชิฟฟอนไส้แยมรวมรส 6 ชิ้น | K69: =SUM(D69:J69) -> 0
B70: 1111023 | C70: ชิฟฟอนไส้แยมรสสตอเบอร์รี่ล้วน 6 ชิ้น | K70: =SUM(D70:J70) -> 0
B71: 1111016 | C71: ชิฟฟอนไส้แยมรสมะพร้าวล้วน 6 ชิ้น | K71: =SUM(D71:J71) -> 0
B72: 1111014 | C72: ชิฟฟอนไส้แยมรสช็อกโกแลตนูเทลล่าล้วน 6 ชิ้น | K72: =SUM(D72:J72) -> 0
B73: 1111025 | C73: ชิฟฟอนไส้แยมรสส้มล้วน 6 ชิ้น | K73: =SUM(D73:J73) -> 0
B74: 1111018 | C74: ชิฟฟอนไส้แยมรสบลูเบอร์รี่ล้วน 6 ชิ้น | K74: =SUM(D74:J74) -> 0
B75: 1111012 | C75: ชิฟฟอนไส้แยมรสนมชมพูฮอกไกโดล้วน 6 ชิ้น | K75: =SUM(D75:J75) -> 0
B76: 1111020 | C76: ชิฟฟอนไส้แยมฝอยทองไส้ทะลัก 6 ชิ้น | K76: =SUM(D76:J76) -> 0
C77: รวม
B78: ชิฟฟอนไส้แยม 3 ชิ้น
B79: 1111022 | C79: ชิฟฟอนไส้แยมรสสตอเบอร์รี่ล้วน 3 ชิ้น | K79: =SUM(D79:J79) -> 0
B80: 1111015 | C80: ชิฟฟอนไส้แยมรสมะพร้าวล้วน 3 ชิ้น | K80: =SUM(D80:J80) -> 0
B81: 1111013 | C81: ชิฟฟอนไส้แยมรสช็อกโกแลตนูเทลล่าล้วน 3 ชิ้น | K81: =SUM(D81:J81) -> 0
B82: 1111024 | C82: ชิฟฟอนไส้แยมรสส้มล้วน 3 ชิ้น | K82: =SUM(D82:J82) -> 0
B83: 1111017 | C83: ชิฟฟอนไส้แยมรสบลูเบอร์รี่ล้วน 3 ชิ้น | K83: =SUM(D83:J83) -> 0
B84: 1111011 | C84: ชิฟฟอนไส้แยมรสนมชมพูฮอกไกโดล้วน 3 ชิ้น | K84: =SUM(D84:J84) -> 0
B85: 1111019 | C85: ชิฟฟอนไส้แยมฝอยทองไส้ทะลัก 3 ชิ้น | K85: =SUM(D85:J85) -> 0
B86: 1113081 | C86: ชิฟฟอนไส้แยม วนิลา/ใบเตย/เมล่อน | K86: =SUM(D86:J86) -> 0
B87: 1111008 | C87: ชิฟฟอนไส้แยมรวมรส 3 ชิ้น | K87: =SUM(D87:J87) -> 0
C88: รวม
B89: เบาหวิว ล 110 กรัม
B90: 1112009 | C90: มะพร้าว | K90: =SUM(D90:J90) -> 0
B91: 1112011 | C91: ฝอยทอง | K91: =SUM(D91:J91) -> 0
B92: 1112003 | C92: กาแฟ | K92: =SUM(D92:J92) -> 0
B93: 1112005 | C93: เนยนม | K93: =SUM(D93:J93) -> 0
B94: 1112007 | C94: ใบเตย | K94: =SUM(D94:J94) -> 0
B95: 1112019 | C95: ทุเรียน | K95: =SUM(D95:J95) -> 0
B96: 1112017 | C96: ตาลหอม | K96: =SUM(D96:J96) -> 0
B97: 1112015 | C97: กล้วยหอมมะพร้าวเผา | K97: =SUM(D97:J97) -> 0
B98: 1112013 | C98: เผือกมะพร้าวอ่อน | K98: =SUM(D98:J98) -> 0
B99: 1124043 | C99: เบาหวิว คละรส | K99: =SUM(D99:J99) -> 0
C100: รวม
B101: เบาหวิว ญ 300 กรัม
B102: 1112008 | C102: มะพร้าว | K102: =SUM(D102:H102) -> 0
B103: 1112010 | C103: ฝอยทอง | K103: =SUM(D103:H103) -> 0
B104: 1112002 | C104: กาแฟ | K104: =SUM(D104:H104) -> 0
B105: 1112004 | C105: เนยนม | K105: =SUM(D105:H105) -> 0
B106: 1112006 | C106: ใบเตย | K106: =SUM(D106:H106) -> 0
B107: 1112018 | C107: ทุเรียน | K107: =SUM(D107:H107) -> 0
B108: 1112016 | C108: ตาลหอม | K108: =SUM(D108:H108) -> 0
B109: 1112014 | C109: กล้วยหอมมะพร้าวเผา | K109: =SUM(D109:H109) -> 0
B110: 1112012 | C110: เผือกมะพร้าวอ่อน | K110: =SUM(D110:H110) -> 0
C111: เบาหวิว คละรส | K111: =SUM(D111:H111) -> 0
C112: รวม | K112: =SUM(K102:K110) -> 0
B113: อื่นๆ
B114: 1113170 | C114: ขนมเปี๊ยะถั่วฝอยทองไข่เค็ม 450 กรัม | K114: =SUM(D114:J114) -> 0
B115: 1113171 | C115: ขนมเปี๊ยะฟักถั่วไข่เค็ม 450 กรัม | K115: =SUM(D115:J115) -> 0
B116: 1113172 | C116: ขนมเปี๊ยะเผือกฝอยทองไข่เค็ม 450 กรัม | K116: =SUM(D116:J116) -> 0
B117: 1113173 | C117: ขนมเปี๊ยะงาดำฝอยทองไข่เค็ม 450 กรัม | K117: =SUM(D117:J117) -> 0
B118: 1100003 | C118: เมอแรงค์ กระปุก | K118: =SUM(D118:J118) -> 0
B119: 1100001 | C119: พายสับปรด 1 ชิ้น | K119: =SUM(D119:J119) -> 0
B120: 1100002 | C120: พายสับปรด 1 กล่อง | K120: =SUM(D120:J120) -> 0
B121: 1200001 | C121: คอนเฟลค | K121: =SUM(D121:J121) -> 0
B122: 1005761 | C122: ปังกรอบคาราเมล(ถุง) | K122: =SUM(D122:J122) -> 0
B123: 1114501 | C123: ครีมฮอร์นไส้เนย วนิลา | K123: =SUM(D123:J123) -> 0
B124: 1114502 | C124: ครีมฮอร์นไส้เนย ใบเตย | K124: =SUM(D124:J124) -> 0
B125: 1114503 | C125: ครีมฮอร์นไส้เนย ชอค | K125: =SUM(D125:J125) -> 0
... B134: 1200092 | C134: ท็อฟฟี่ถั่ว 1 กิโล | K134: =SUM(D134:J134) -> 0
C135: เศษขนมปังปลา5กก. | K135: =SUM(D135:J135) -> 0
C136: เศษขนมปังปลา1กก. | K136: =SUM(D136:J136) -> 0
B137: 20052721 | C137: แซนวิชโบราณ | K137: =SUM(D137:J137) -> 0
D139: =SUM(D114:D137,D102:D111,D90:D99,D79:D87,D69:D76,D7:D66) -> 0 | E139: =SUM(E114:E137,E102:E111,E90:E99,E79:E87,E69:E76,E7:E66) -> 0 | F139: =SUM(F114:F137,F102:F111,F90:F99,F79:F87,F69:F76,F7:F66) -> 0 | G139: =SUM(G114:G137,G102:G111,G90:G99,G79:G87,G69:G76,G7:G66) -> 0 | H139: =SUM(H114:H137,H102:H111,H90:H99,H79:H87,H69:H76,H7:H66) -> 0 | I139: =SUM(I114:I137,I102:I111,I90:I99,I79:I87,I69:I76,I7:I66) -> 0 | K139: =SUM(K114:K137,K102:K111,K90:K99,K79:K87,K69:K76,K7:K66) -> 0
B141: …..................................................................................... | I141: ….....................................................................................
B142: ผู้จัดทำ | I142: ผู้รับทราบ

Sheet เช้า 
B1: ยอดจริง ออนไลน์ วันที่ 1/12/2567 - เช้า
K2: ยอดรวมผลิต
K3: จำนวน
B4: รหัสสินค้า | C4: สินค้า | D4: ปณ | E4: ชอปปี้ | F4: ลาซาด้า | G4: ติ๊กตอก | H4: ติ๊กตอก2 | I4: ติ๊กตอก3 | J4: ชอยส์ | K4: (กล่อง)
B6: ชิฟฟอนรวมรส
B7: 1111002 | C7: ชิฟฟอนรวมรส 8 ชิ้น | D7: 30 | E7: 52 | F7: 70 | G7: 2 | K7: =SUM(D7:J7) -> 154
C8: ชิฟฟอนแบบกล่องสุ่มอะไรก็ได้ที่มี | K8: =SUM(D8:J8) -> 0
B9: 1111084 | C9: ชิฟฟอน 8 ชิ้น กาแฟล้วน | K9: =SUM(D9:J9) -> 0
B10: 1111085 | C10: ชิฟฟอน 8 ชิ้น บลูเบอรี่ล้วน | K10: =SUM(D10:J10) -> 0
B11: 1111086 | C11: ชิฟฟอน 8 ชิ้น มะพร้าวล้วน | K11: =SUM(D11:J11) -> 0
B12: 1111087 | C12: ชิฟฟอน 8 ชิ้น สตอเบอรี่ล้วน | K12: =SUM(D12:J12) -> 0
B13: 1111088 | C13: ชิฟฟอน 8 ชิ้น ส้มล้วน | K13: =SUM(D13:J13) -> 0
B14: 1111089 | C14: ชิฟฟอน 8 ชิ้น เนยล้วน | K14: =SUM(D14:J14) -> 0
B15: 1111090 | C15: ชิฟฟอน 8 ชิ้น เผือกล้วน | K15: =SUM(D15:J15) -> 0
B16: 1111091 | C16: ชิฟฟอน 8 ชิ้น ใบเตยล้วน | K16: =SUM(D16:J16) -> 0
B17: 1111092 | C17: ชิฟฟอน 8 ชิ้น กล้วยหอม | K17: =SUM(D17:J17) -> 0
B18: 1111093 | C18: ชิฟฟอน 8 ชิ้น โกโก้ล้วน | K18: =SUM(D18:J18) -> 0
B19: 1111094 | C19: ชิฟฟอน 8 ชิ้น ชาไทยล้วน | K19: =SUM(D19:J19) -> 0
B20: 1111095 | C20: ชิฟฟอน 8 ชิ้น ชาเขียวล้วน | K20: =SUM(D20:J20) -> 0
... B24: 1111043 | C24: ชิฟฟอน 8 ชิ้น มะลิ | K24: =SUM(D24:J24) -> 0
B25: 1111056 | C25: ชิฟฟอน 8 ชิ้น รวมรสยอดฮิต | E25: 4 | F25: 19 | G25: 1 | K25: =SUM(D25:J25) -> 24
B26: 1004055 | C26: ชิฟฟอนรวมรส 4 ชิ้น | E26: 6 | G26: 74 | H26: 3 | K26: =SUM(D26:J26) -> 83
B27: 1004055 | C27: ชิฟฟอน 4 ชิ้น โกโก้ล้วน | K27: =SUM(D27:J27) -> 0
B28: 1004055 | C28: ชิฟฟอน 4 ชิ้น มะพร้าวล้วน | K28: =SUM(D28:J28) -> 0
B29: 1004055 | C29: ชิฟฟอน 4 ชิ้น เนยล้วน | K29: =SUM(D29:J29) -> 0
B30: 1004055 | C30: ชิฟฟอน 4 ชิ้น กาแฟล้วน | K30: =SUM(D30:J30) -> 0
B31: 1004055 | C31: ชิฟฟอน 4 ชิ้น ใบเตยล้วน | K31: =SUM(D31:J31) -> 0
B32: 1004055 | C32: ชิฟฟอน 4 ชิ้น บลูเบอร์รี่ล้วน | K32: =SUM(D32:J32) -> 0
B33: 1004055 | C33: ชิฟฟอน 4 ชิ้น ส้มล้วน | K33: =SUM(D33:J33) -> 0
B34: 1004055 | C34: ชิฟฟอน 4 ชิ้น เผือกล้วน | K34: =SUM(D34:J34) -> 0
B35: 1004055 | C35: ชิฟฟอน 4 ชิ้น สตอเบอรี่ล้วน | K35: =SUM(D35:J35) -> 0
B36: 1004055 | C36: ชิฟฟอน 4 ชิ้น กล้วยหอมล้วน | K36: =SUM(D36:J36) -> 0
B37: 1004055 | C37: ชิฟฟอน 4 ชิ้น ชาเขียวล้วน | K37: =SUM(D37:J37) -> 0
B38: 1004055 | C38: ชิฟฟอน 4 ชิ้น ชาไทยล้วน | K38: =SUM(D38:J38) -> 0
B39: 1004055 | C39: ชิฟฟอน 4 ชิ้น สับปะรดล้วน | K39: =SUM(D39:J39) -> 0
B40: 1111057 | C40: ชิฟฟอนแยกชิ้น กาแฟ | F40: 1 | G40: 1 | K40: =SUM(D40:J40) -> 2
B41: 1111058 | C41: ชิฟฟอนแยกชิ้น ชาเขียว | F41: 1 | G41: 1 | K41: =SUM(D41:J41) -> 2
B42: 1111059 | C42: ชิฟฟอนแยกชิ้น ใบเตย | F42: 1 | G42: 1 | K42: =SUM(D42:J42) -> 2
B43: 1111060 | C43: ชิฟฟอนแยกชิ้น กล้วยหอม | F43: 1 | G43: 1 | K43: =SUM(D43:J43) -> 2
B44: 1111061 | C44: ชิฟฟอนแยกชิ้น ชาไทย | G44: 1 | K44: =SUM(D44:J44) -> 1
B45: 1111062 | C45: ชิฟฟอนแยกชิ้น โกโก้ | G45: 1 | K45: =SUM(D45:J45) -> 1
B46: 1111063 | C46: ชิฟฟอนแยกชิ้น ส้ม | F46: 1 | G46: 1 | K46: =SUM(D46:J46) -> 2
B47: 1111064 | C47: ชิฟฟอนแยกชิ้น เผือก | G47: 1 | K47: =SUM(D47:J47) -> 1
B48: 1111065 | C48: ชิฟฟอนแยกชิ้น สับปะรด | F48: 1 | K48: =SUM(D48:J48) -> 1
B49: 1111066 | C49: ชิฟฟอนแยกชิ้น สตอเบอรี่ | F49: 1 | K49: =SUM(D49:J49) -> 1
B50: 1111067 | C50: ชิฟฟอนแยกชิ้น มะพร้าว | F50: 1 | K50: =SUM(D50:J50) -> 1
B51: 1111068 | C51: ชิฟฟอนแยกชิ้น เนย | F51: 1 | K51: =SUM(D51:J51) -> 1
B52: 1111069 | C52: ชิฟฟอนแยกชิ้น บลูเบอรี่ | F52: 1 | K52: =SUM(D52:J52) -> 1
B53: 1111070 | C53: ชิฟฟอนแยกชิ้น ทุเรียน | K53: =SUM(D53:J53) -> 0
B54: 1111071 | C54: ชิฟฟอนแยกชิ้น ตาล | K54: =SUM(D54:J54) -> 0
B55: 1111001 | C55: ชิฟฟอนแยกชิ้น คละรส | K55: =SUM(D55:J55) -> 0
B56: 1111074 | C56: ชิฟฟอนไส้แยมแยกชิ้น มะพร้าว | E56: 2 | F56: 9 | G56: 7 | K56: =SUM(D56:J56) -> 18
B57: 1111075 | C57: ชิฟฟอนไส้แยมแยกชิ้น สตอเบอรี่ | E57: 2 | F57: 9 | G57: 7 | K57: =SUM(D57:J57) -> 18
B58: 1111076 | C58: ชิฟฟอนไส้แยมแยกชิ้น ส้ม | E58: 2 | F58: 9 | G58: 7 | K58: =SUM(D58:J58) -> 18
B59: 1111077 | C59: ชิฟฟอนไส้แยมแยกชิ้น บลูเบอรี่ | E59: 2 | F59: 9 | G59: 7 | K59: =SUM(D59:J59) -> 18
B60: 1111078 | C60: ชิฟฟอนไส้แยมแยกชิ้น นมชมพู | E60: 2 | F60: 9 | G60: 7 | K60: =SUM(D60:J60) -> 18
B61: 1111079 | C61: ชิฟฟอนไส้แยมแยกชิ้น ชอคโกแลต | E61: 2 | F61: 9 | G61: 7 | K61: =SUM(D61:J61) -> 18
B62: 1111080 | C62: ชิฟฟอนไส้แยมแยกชิ้น ฝอยทอง | E62: 2 | F62: 9 | G62: 7 | K62: =SUM(D62:J62) -> 18
B63: 1111081 | C63: ชิฟฟอนไส้แยมแยกชิ้น วนิลา | E63: 2 | F63: 9 | G63: 7 | K63: =SUM(D63:J63) -> 18
B64: 1111082 | C64: ชิฟฟอนไส้แยมแยกชิ้น ใบเตย | E64: 2 | F64: 9 | G64: 7 | K64: =SUM(D64:J64) -> 18
B65: 1111083 | C65: ชิฟฟอนไส้แยมแยกชิ้น เมล่อน | E65: 2 | F65: 9 | G65: 7 | K65: =SUM(D65:J65) -> 18
B66: 1111010 | C66: ชิฟฟอนไส้แยมแยกชิ้น คละรส | K66: =SUM(D66:J66) -> 0
C67: รวม | K67: =SUM(D67:I67) -> 0
B68: ชิฟฟอนไส้แยม 6 ชิ้น
B69: 1111009 | C69: ชิฟฟอนไส้แยมรวมรส 6 ชิ้น | E69: 6 | F69: 8 | G69: 2 | K69: =SUM(D69:J69) -> 16
B70: 1111023 | C70: ชิฟฟอนไส้แยมรสสตอเบอร์รี่ล้วน 6 ชิ้น | K70: =SUM(D70:J70) -> 0
B71: 1111016 | C71: ชิฟฟอนไส้แยมรสมะพร้าวล้วน 6 ชิ้น | K71: =SUM(D71:J71) -> 0
B72: 1111014 | C72: ชิฟฟอนไส้แยมรสช็อกโกแลตนูเทลล่าล้วน 6 ชิ้น | K72: =SUM(D72:J72) -> 0
B73: 1111025 | C73: ชิฟฟอนไส้แยมรสส้มล้วน 6 ชิ้น | K73: =SUM(D73:J73) -> 0
B74: 1111018 | C74: ชิฟฟอนไส้แยมรสบลูเบอร์รี่ล้วน 6 ชิ้น | K74: =SUM(D74:J74) -> 0
B75: 1111012 | C75: ชิฟฟอนไส้แยมรสนมชมพูฮอกไกโดล้วน 6 ชิ้น | K75: =SUM(D75:J75) -> 0
B76: 1111020 | C76: ชิฟฟอนไส้แยมฝอยทองไส้ทะลัก 6 ชิ้น | K76: =SUM(D76:J76) -> 0
C77: รวม
B78: ชิฟฟอนไส้แยม 3 ชิ้น
B79: 1111022 | C79: ชิฟฟอนไส้แยมรสสตอเบอร์รี่ล้วน 3 ชิ้น | K79: =SUM(D79:J79) -> 0
B80: 1111015 | C80: ชิฟฟอนไส้แยมรสมะพร้าวล้วน 3 ชิ้น | K80: =SUM(D80:J80) -> 0
B81: 1111013 | C81: ชิฟฟอนไส้แยมรสช็อกโกแลตนูเทลล่าล้วน 3 ชิ้น | K81: =SUM(D81:J81) -> 0
B82: 1111024 | C82: ชิฟฟอนไส้แยมรสส้มล้วน 3 ชิ้น | K82: =SUM(D82:J82) -> 0
B83: 1111017 | C83: ชิฟฟอนไส้แยมรสบลูเบอร์รี่ล้วน 3 ชิ้น | K83: =SUM(D83:J83) -> 0
B84: 1111011 | C84: ชิฟฟอนไส้แยมรสนมชมพูฮอกไกโดล้วน 3 ชิ้น | K84: =SUM(D84:J84) -> 0
B85: 1111019 | C85: ชิฟฟอนไส้แยมฝอยทองไส้ทะลัก 3 ชิ้น | K85: =SUM(D85:J85) -> 0
B86: 1113081 | C86: ชิฟฟอนไส้แยม วนิลา/ใบเตย/เมล่อน | K86: =SUM(D86:J86) -> 0
B87: 1111008 | C87: ชิฟฟอนไส้แยมรวมรส 3 ชิ้น | E87: 12 | G87: 107 | H87: 9 | K87: =SUM(D87:J87) -> 128
C88: รวม
B89: เบาหวิว ล 110 กรัม
B90: 1112009 | C90: มะพร้าว | E90: 2 | F90: 14 | G90: 41 | H90: 1 | K90: =SUM(D90:J90) -> 58
B91: 1112011 | C91: ฝอยทอง | E91: 3 | F91: 11 | G91: 41 | H91: 1 | K91: =SUM(D91:J91) -> 56
B92: 1112003 | C92: กาแฟ | E92: 2 | F92: 2 | G92: 41 | H92: 1 | K92: =SUM(D92:J92) -> 46
B93: 1112005 | C93: เนยนม | E93: 2 | F93: 2 | G93: 6 | K93: =SUM(D93:J93) -> 10
B94: 1112007 | C94: ใบเตย | K94: =SUM(D94:J94) -> 0
B95: 1112019 | C95: ทุเรียน | K95: =SUM(D95:J95) -> 0
B96: 1112017 | C96: ตาลหอม | E96: 2 | F96: 2 | G96: 41 | H96: 1 | K96: =SUM(D96:J96) -> 46
B97: 1112015 | C97: กล้วยหอมมะพร้าวเผา | E97: 2 | F97: 2 | G97: 41 | H97: 1 | K97: =SUM(D97:J97) -> 46
B98: 1112013 | C98: เผือกมะพร้าวอ่อน | E98: 2 | F98: 9 | G98: 41 | H98: 1 | K98: =SUM(D98:J98) -> 53
B99: 1124043 | C99: เบาหวิว คละรส | K99: =SUM(D99:J99) -> 0
C100: รวม
B101: เบาหวิว ญ 300 กรัม
B102: 1112008 | C102: มะพร้าว | K102: =SUM(D102:H102) -> 0
B103: 1112010 | C103: ฝอยทอง | K103: =SUM(D103:H103) -> 0
B104: 1112002 | C104: กาแฟ | K104: =SUM(D104:H104) -> 0
...

Sheet บ่าย
B1: ยอดจริง ออนไลน์ วันที่ - บ่าย
K2: ยอดรวมผลิต
K3: จำนวน
B4: รหัสสินค้า | C4: สินค้า | D4: ปณ | E4: ชอปปี้ | F4: ลาซาด้า | G4: ติ๊กตอก | H4: ติ๊กตอก 2 | I4: ติ๊กตอก3 | J4: ชอยส์ | K4: (กล่อง)
B6: ชิฟฟอนรวมรส
B7: 1111002 | C7: ชิฟฟอนรวมรส 8 ชิ้น | K7: =SUM(D7:J7) -> 0
C8: ชิฟฟอนแบบกล่องสุ่มอะไรก็ได้ที่มี | K8: =SUM(D8:J8) -> 0
B9: 1111084 | C9: ชิฟฟอน 8 ชิ้น กาแฟล้วน | K9: =SUM(D9:J9) -> 0
B10: 1111085 | C10: ชิฟฟอน 8 ชิ้น บลูเบอรี่ล้วน | K10: =SUM(D10:J10) -> 0
B11: 1111086 | C11: ชิฟฟอน 8 ชิ้น มะพร้าวล้วน | K11: =SUM(D11:J11) -> 0
B12: 1111087 | C12: ชิฟฟอน 8 ชิ้น สตอเบอรี่ล้วน | K12: =SUM(D12:J12) -> 0
B13: 1111088 | C13: ชิฟฟอน 8 ชิ้น ส้มล้วน | K13: =SUM(D13:J13) -> 0
B14: 1111089 | C14: ชิฟฟอน 8 ชิ้น เนยล้วน | K14: =SUM(D14:J14) -> 0
B15: 1111090 | C15: ชิฟฟอน 8 ชิ้น เผือกล้วน | K15: =SUM(D15:J15) -> 0
B16: 1111091 | C16: ชิฟฟอน 8 ชิ้น ใบเตยล้วน | K16: =SUM(D16:J16) -> 0
B17: 1111092 | C17: ชิฟฟอน 8 ชิ้น กล้วยหอม | K17: =SUM(D17:J17) -> 0
B18: 1111093 | C18: ชิฟฟอน 8 ชิ้น โกโก้ล้วน | K18: =SUM(D18:J18) -> 0
B19: 1111094 | C19: ชิฟฟอน 8 ชิ้น ชาไทยล้วน | K19: =SUM(D19:J19) -> 0
B20: 1111095 | C20: ชิฟฟอน 8 ชิ้น ชาเขียวล้วน | K20: =SUM(D20:J20) -> 0
... B66: 1111010 | C66: ชิฟฟอนไส้แยมแยกชิ้น คละรส | K66: =SUM(D66:J66) -> 0
C67: รวม
B68: ชิฟฟอนไส้แยม 6 ชิ้น
B69: 1111009 | C69: ชิฟฟอนไส้แยมรวมรส 6 ชิ้น | K69: =SUM(D69:J69) -> 0
B70: 1111023 | C70: ชิฟฟอนไส้แยมรสสตอเบอร์รี่ล้วน 6 ชิ้น | K70: =SUM(D70:J70) -> 0
B71: 1111016 | C71: ชิฟฟอนไส้แยมรสมะพร้าวล้วน 6 ชิ้น | K71: =SUM(D71:J71) -> 0
B72: 1111014 | C72: ชิฟฟอนไส้แยมรสช็อกโกแลตนูเทลล่าล้วน 6 ชิ้น | K72: =SUM(D72:J72) -> 0
B73: 1111025 | C73: ชิฟฟอนไส้แยมรสส้มล้วน 6 ชิ้น | K73: =SUM(D73:J73) -> 0
B74: 1111018 | C74: ชิฟฟอนไส้แยมรสบลูเบอร์รี่ล้วน 6 ชิ้น | K74: =SUM(D74:J74) -> 0
B75: 1111012 | C75: ชิฟฟอนไส้แยมรสนมชมพูฮอกไกโดล้วน 6 ชิ้น | K75: =SUM(D75:J75) -> 0
B76: 1111020 | C76: ชิฟฟอนไส้แยมฝอยทองไส้ทะลัก 6 ชิ้น | K76: =SUM(D76:J76) -> 0
C77: รวม
B78: ชิฟฟอนไส้แยม 3 ชิ้น
B79: 1111022 | C79: ชิฟฟอนไส้แยมรสสตอเบอร์รี่ล้วน 3 ชิ้น | K79: =SUM(D79:J79) -> 0
B80: 1111015 | C80: ชิฟฟอนไส้แยมรสมะพร้าวล้วน 3 ชิ้น | K80: =SUM(D80:J80) -> 0
B81: 1111013 | C81: ชิฟฟอนไส้แยมรสช็อกโกแลตนูเทลล่าล้วน 3 ชิ้น | K81: =SUM(D81:J81) -> 0
B82: 1111024 | C82: ชิฟฟอนไส้แยมรสส้มล้วน 3 ชิ้น | K82: =SUM(D82:J82) -> 0
B83: 1111017 | C83: ชิฟฟอนไส้แยมรสบลูเบอร์รี่ล้วน 3 ชิ้น | K83: =SUM(D83:J83) -> 0
B84: 1111011 | C84: ชิฟฟอนไส้แยมรสนมชมพูฮอกไกโดล้วน 3 ชิ้น | K84: =SUM(D84:J84) -> 0
B85: 1111019 | C85: ชิฟฟอนไส้แยมฝอยทองไส้ทะลัก 3 ชิ้น | K85: =SUM(D85:J85) -> 0
B86: 1113081 | C86: ชิฟฟอนไส้แยม วนิลา/ใบเตย/เมล่อน | K86: =SUM(D86:J86) -> 0
B87: 1111008 | C87: ชิฟฟอนไส้แยมรวมรส 3 ชิ้น | K87: =SUM(D87:J87) -> 0
C88: รวม
B89: เบาหวิว ล 110 กรัม
B90: 1112009 | C90: มะพร้าว | K90: =SUM(D90:J90) -> 0
B91: 1112011 | C91: ฝอยทอง | K91: =SUM(D91:J91) -> 0
B92: 1112003 | C92: กาแฟ | K92: =SUM(D92:J92) -> 0
B93: 1112005 | C93: เนยนม | K93: =SUM(D93:J93) -> 0
B94: 1112007 | C94: ใบเตย | K94: =SUM(D94:J94) -> 0
B95: 1112019 | C95: ทุเรียน | K95: =SUM(D95:J95) -> 0
B96: 1112017 | C96: ตาลหอม | K96: =SUM(D96:J96) -> 0
B97: 1112015 | C97: กล้วยหอมมะพร้าวเผา | K97: =SUM(D97:J97) -> 0
B98: 1112013 | C98: เผือกมะพร้าวอ่อน | K98: =SUM(D98:J98) -> 0
B99: 1124043 | C99: เบาหวิว คละรส | K99: =SUM(D99:J99) -> 0
C100: รวม | K100: =SUM(D100:I100) -> 0
B101: เบาหวิว ญ 300 กรัม
B102: 1112008 | C102: มะพร้าว | K102: =SUM(D102:G102) -> 0
B103: 1112010 | C103: ฝอยทอง | K103: =SUM(D103:G103) -> 0
B104: 1112002 | C104: กาแฟ | K104: =SUM(D104:G104) -> 0
B105: 1112004 | C105: เนยนม | K105: =SUM(D105:G105) -> 0
B106: 1112006 | C106: ใบเตย | K106: =SUM(D106:G106) -> 0
B107: 1112018 | C107: ทุเรียน | K107: =SUM(D107:G107) -> 0
B108: 1112016 | C108: ตาลหอม | K108: =SUM(D108:G108) -> 0
B109: 1112014 | C109: กล้วยหอมมะพร้าวเผา | K109: =SUM(D109:G109) -> 0
B110: 1112012 | C110: เผือกมะพร้าวอ่อน | K110: =SUM(D110:G110) -> 0
C111: เบาหวิว คละรส | K111: =SUM(D111:G111) -> 0
C112: รวม | K112: =SUM(K102:K110) -> 0
B113: อื่นๆ
B114: 1113170 | C114: ขนมเปี๊ยะถั่วฝอยทองไข่เค็ม 450 กรัม | K114: =SUM(D114:J114) -> 0
B115: 1113171 | C115: ขนมเปี๊ยะฟักถั่วไข่เค็ม 450 กรัม | K115: =SUM(D115:J115) -> 0
B116: 1113172 | C116: ขนมเปี๊ยะเผือกฝอยทองไข่เค็ม 450 กรัม | K116: =SUM(D116:J116) -> 0
B117: 1113173 | C117: ขนมเปี๊ยะงาดำฝอยทองไข่เค็ม 450 กรัม | K117: =SUM(D117:J117) -> 0
B118: 1100003 | C118: เมอแรงค์ กระปุก | K118: =SUM(D118:J118) -> 0
B119: 1100001 | C119: พายสับปรด 1 ชิ้น | K119: =SUM(D119:J119) -> 0
B120: 1100002 | C120: พายสับปรด 1 กล่อง | K120: =SUM(D120:J120) -> 0
B121: 1200001 | C121: คอนเฟลค | K121: =SUM(D121:J121) -> 0
B122: 1005761 | C122: ปังกรอบคาราเมล(ถุง) | K122: =SUM(D122:J122) -> 0
B123: 1114501 | C123: ครีมฮอร์นไส้เนย วนิลา | K123: =SUM(D123:J123) -> 0
B124: 1114502 | C124: ครีมฮอร์นไส้เนย ใบเตย | K124: =SUM(D124:J124) -> 0
B125: 1114503 | C125: ครีมฮอร์นไส้เนย ชอค | K125: =SUM(D125:J125) -> 0
... B134: 1200092 | C134: ท็อฟฟี่ถั่ว 1 กิโล | K134: =SUM(D134:J134) -> 0
C135: เศษขนมปังปลา5กก. | K135: =SUM(D135:J135) -> 0
C136: เศษขนมปังปลา1กก. | K136: =SUM(D136:J136) -> 0
B137: 20052721 | C137: แซนวิชโบราณ | K137: =SUM(D137:J137) -> 0
B140: …..................................................................................... | I140: ….....................................................................................
B141: ผู้จัดทำ | I141: ผู้รับทราบ

Sheet รวม
B1: ยอดจริง ออนไลน์ วันที่ 1/12/2567 รวม
K2: ยอดรวมผลิต | L2: ยอดฟอแคส | M2: ค้างรับ | N2: ยอดสตอค | O2: รวม
K3: จำนวน
B4: รหัสสินค้า | C4: สินค้า | D4: ปณ | E4: ชอปปี้ | F4: ลาซาด้า | G4: ติ๊กตอก | H4: ติ๊กตอก2 | I4: ติ๊กตอก3 | J4: ชอยส์ | K4: (กล่อง)
B6: ชิฟฟอนรวมรส
B7: 1111002 | C7: ชิฟฟอนรวมรส 8 ชิ้น | D7: =บ่าย!D7+'เช้า '!D7+'เย็น '!D7 -> 30 | E7: =บ่าย!E7+'เช้า '!E7+'เย็น '!E7 -> 52 | F7: =บ่าย!F7+'เช้า '!F7+'เย็น '!F7 -> 70 | G7: =บ่าย!G7+'เช้า '!G7+'เย็น '!G7 -> 2 | H7: =บ่าย!H7+'เช้า '!H7+'เย็น '!H7 -> 0 | I7: =บ่าย!I7+'เช้า '!I7+'เย็น '!I7 -> 0 | J7: =บ่าย!J7+'เช้า '!J7+'เย็น '!J7 -> 0 | K7: =SUM(D7:J7) -> 154 | L7: 100 | N7: 4 | O7: =(L7+M7+N7)-K7 -> -50
C8: ชิฟฟอนแบบกล่องสุ่มอะไรก็ได้ที่มี | D8: =บ่าย!D8+'เช้า '!D8+'เย็น '!D8 -> 0 | E8: =บ่าย!E8+'เช้า '!E8+'เย็น '!E8 -> 0 | F8: =บ่าย!F8+'เช้า '!F8+'เย็น '!F8 -> 0 | G8: =บ่าย!G8+'เช้า '!G8+'เย็น '!G8 -> 0 | H8: =บ่าย!H8+'เช้า '!H8+'เย็น '!H8 -> 0 | I8: =บ่าย!I8+'เช้า '!I8+'เย็น '!I8 -> 0 | J8: =บ่าย!J8+'เช้า '!J8+'เย็น '!J8 -> 0 | K8: =SUM(D8:J8) -> 0 | O8: =(L8+M8+N8)-K8 -> 0
B9: 1111084 | C9: ชิฟฟอน 8 ชิ้น กาแฟล้วน | D9: =บ่าย!D9+'เช้า '!D9+'เย็น '!D9 -> 0 | E9: =บ่าย!E9+'เช้า '!E9+'เย็น '!E9 -> 0 | F9: =บ่าย!F9+'เช้า '!F9+'เย็น '!F9 -> 0 | G9: =บ่าย!G9+'เช้า '!G9+'เย็น '!G9 -> 0 | H9: =บ่าย!H9+'เช้า '!H9+'เย็น '!H9 -> 0 | I9: =บ่าย!I9+'เช้า '!I9+'เย็น '!I9 -> 0 | J9: =บ่าย!J9+'เช้า '!J9+'เย็น '!J9 -> 0 | K9: =SUM(D9:J9) -> 0 | O9: =(L9+M9+N9)-K9 -> 0
B10: 1111085 | C10: ชิฟฟอน 8 ชิ้น บลูเบอรี่ล้วน | D10: =บ่าย!D10+'เช้า '!D10+'เย็น '!D10 -> 0 | E10: =บ่าย!E10+'เช้า '!E10+'เย็น '!E10 -> 0 | F10: =บ่าย!F10+'เช้า '!F10+'เย็น '!F10 -> 0 | G10: =บ่าย!G10+'เช้า '!G10+'เย็น '!G10 -> 0 | H10: =บ่าย!H10+'เช้า '!H10+'เย็น '!H10 -> 0 | I10: =บ่าย!I10+'เช้า '!I10+'เย็น '!I10 -> 0 | J10: =บ่าย!J10+'เช้า '!J10+'เย็น '!J10 -> 0 | K10: =SUM(D10:J10) -> 0 | O10: =(L10+M10+N10)-K10 -> 0
B11: 1111086 | C11: ชิฟฟอน 8 ชิ้น มะพร้าวล้วน | D11: =บ่าย!D11+'เช้า '!D11+'เย็น '!D11 -> 0 | E11: =บ่าย!E11+'เช้า '!E11+'เย็น '!E11 -> 0 | F11: =บ่าย!F11+'เช้า '!F11+'เย็น '!F11 -> 0 | G11: =บ่าย!G11+'เช้า '!G11+'เย็น '!G11 -> 0 | H11: =บ่าย!H11+'เช้า '!H11+'เย็น '!H11 -> 0 | I11: =บ่าย!I11+'เช้า '!I11+'เย็น '!I11 -> 0 | J11: =บ่าย!J11+'เช้า '!J11+'เย็น '!J11 -> 0 | K11: =SUM(D11:J11) -> 0 | O11: =(L11+M11+N11)-K11 -> 0
B12: 1111087 | C12: ชิฟฟอน 8 ชิ้น สตอเบอรี่ล้วน | D12: =บ่าย!D12+'เช้า '!D12+'เย็น '!D12 -> 0 | E12: =บ่าย!E12+'เช้า '!E12+'เย็น '!E12 -> 0 | F12: =บ่าย!F12+'เช้า '!F12+'เย็น '!F12 -> 0 | G12: =บ่าย!G12+'เช้า '!G12+'เย็น '!G12 -> 0 | H12: =บ่าย!H12+'เช้า '!H12+'เย็น '!H12 -> 0 | I12: =บ่าย!I12+'เช้า '!I12+'เย็น '!I12 -> 0 | J12: =บ่าย!J12+'เช้า '!J12+'เย็น '!J12 -> 0 | K12: =SUM(D12:J12) -> 0 | O12: =(L12+M12+N12)-K12 -> 0
B13: 1111088 | C13: ชิฟฟอน 8 ชิ้น ส้มล้วน | D13: =บ่าย!D13+'เช้า '!D13+'เย็น '!D13 -> 0 | E13: =บ่าย!E13+'เช้า '!E13+'เย็น '!E13 -> 0 | F13: =บ่าย!F13+'เช้า '!F13+'เย็น '!F13 -> 0 | G13: =บ่าย!G13+'เช้า '!G13+'เย็น '!G13 -> 0 | H13: =บ่าย!H13+'เช้า '!H13+'เย็น '!H13 -> 0 | I13: =บ่าย!I13+'เช้า '!I13+'เย็น '!I13 -> 0 | J13: =บ่าย!J13+'เช้า '!J13+'เย็น '!J13 -> 0 | K13: =SUM(D13:J13) -> 0 | O13: =(L13+M13+N13)-K13 -> 0
B14: 1111089 | C14: ชิฟฟอน 8 ชิ้น เนยล้วน | D14: =บ่าย!D14+'เช้า '!D14+'เย็น '!D14 -> 0 | E14: =บ่าย!E14+'เช้า '!E14+'เย็น '!E14 -> 0 | F14: =บ่าย!F14+'เช้า '!F14+'เย็น '!F14 -> 0 | G14: =บ่าย!G14+'เช้า '!G14+'เย็น '!G14 -> 0 | H14: =บ่าย!H14+'เช้า '!H14+'เย็น '!H14 -> 0 | I14: =บ่าย!I14+'เช้า '!I14+'เย็น '!I14 -> 0 | J14: =บ่าย!J14+'เช้า '!J14+'เย็น '!J14 -> 0 | K14: =SUM(D14:J14) -> 0 | O14: =(L14+M14+N14)-K14 -> 0
B15: 1111090 | C15: ชิฟฟอน 8 ชิ้น เผือกล้วน | D15: =บ่าย!D15+'เช้า '!D15+'เย็น '!D15 -> 0 | E15: =บ่าย!E15+'เช้า '!E15+'เย็น '!E15 -> 0 | F15: =บ่าย!F15+'เช้า '!F15+'เย็น '!F15 -> 0 | G15: =บ่าย!G15+'เช้า '!G15+'เย็น '!G15 -> 0 | H15: =บ่าย!H15+'เช้า '!H15+'เย็น '!H15 -> 0 | I15: =บ่าย!I15+'เช้า '!I15+'เย็น '!I15 -> 0 | J15: =บ่าย!J15+'เช้า '!J15+'เย็น '!J15 -> 0 | K15: =SUM(D15:J15) -> 0 | O15: =(L15+M15+N15)-K15 -> 0
B16: 1111091 | C16: ชิฟฟอน 8 ชิ้น ใบเตยล้วน | D16: =บ่าย!D16+'เช้า '!D16+'เย็น '!D16 -> 0 | E16: =บ่าย!E16+'เช้า '!E16+'เย็น '!E16 -> 0 | F16: =บ่าย!F16+'เช้า '!F16+'เย็น '!F16 -> 0 | G16: =บ่าย!G16+'เช้า '!G16+'เย็น '!G16 -> 0 | H16: =บ่าย!H16+'เช้า '!H16+'เย็น '!H16 -> 0 | I16: =บ่าย!I16+'เช้า '!I16+'เย็น '!I16 -> 0 | J16: =บ่าย!J16+'เช้า '!J16+'เย็น '!J16 -> 0 | K16: =SUM(D16:J16) -> 0 | O16: =(L16+M16+N16)-K16 -> 0
B17: 1111092 | C17: ชิฟฟอน 8 ชิ้น กล้วยหอม | D17: =บ่าย!D17+'เช้า '!D17+'เย็น '!D17 -> 0 | E17: =บ่าย!E17+'เช้า '!E17+'เย็น '!E17 -> 0 | F17: =บ่าย!F17+'เช้า '!F17+'เย็น '!F17 -> 0 | G17: =บ่าย!G17+'เช้า '!G17+'เย็น '!G17 -> 0 | H17: =บ่าย!H17+'เช้า '!H17+'เย็น '!H17 -> 0 | I17: =บ่าย!I17+'เช้า '!I17+'เย็น '!I17 -> 0 | J17: =บ่าย!J17+'เช้า '!J17+'เย็น '!J17 -> 0 | K17: =SUM(D17:J17) -> 0 | O17: =(L17+M17+N17)-K17 -> 0
B18: 1111093 | C18: ชิฟฟอน 8 ชิ้น โกโก้ล้วน | D18: =บ่าย!D18+'เช้า '!D18+'เย็น '!D18 -> 0 | E18: =บ่าย!E18+'เช้า '!E18+'เย็น '!E18 -> 0 | F18: =บ่าย!F18+'เช้า '!F18+'เย็น '!F18 -> 0 | G18: =บ่าย!G18+'เช้า '!G18+'เย็น '!G18 -> 0 | H18: =บ่าย!H18+'เช้า '!H18+'เย็น '!H18 -> 0 | I18: =บ่าย!I18+'เช้า '!I18+'เย็น '!I18 -> 0 | J18: =บ่าย!J18+'เช้า '!J18+'เย็น '!J18 -> 0 | K18: =SUM(D18:J18) -> 0 | O18: =(L18+M18+N18)-K18 -> 0
B19: 1111094 | C19: ชิฟฟอน 8 ชิ้น ชาไทยล้วน | D19: =บ่าย!D19+'เช้า '!D19+'เย็น '!D19 -> 0 | E19: =บ่าย!E19+'เช้า '!E19+'เย็น '!E19 -> 0 | F19: =บ่าย!F19+'เช้า '!F19+'เย็น '!F19 -> 0 | G19: =บ่าย!G19+'เช้า '!G19+'เย็น '!G19 -> 0 | H19: =บ่าย!H19+'เช้า '!H19+'เย็น '!H19 -> 0 | I19: =บ่าย!I19+'เช้า '!I19+'เย็น '!I19 -> 0 | J19: =บ่าย!J19+'เช้า '!J19+'เย็น '!J19 -> 0 | K19: =SUM(D19:J19) -> 0 | O19: =(L19+M19+N19)-K19 -> 0
B20: 1111095 | C20: ชิฟฟอน 8 ชิ้น ชาเขียวล้วน | D20: =บ่าย!D20+'เช้า '!D20+'เย็น '!D20 -> 0 | E20: =บ่าย!E20+'เช้า '!E20+'เย็น '!E20 -> 0 | F20: =บ่าย!F20+'เช้า '!F20+'เย็น '!F20 -> 0 | G20: =บ่าย!G20+'เช้า '!G20+'เย็น '!G20 -> 0 | H20: =บ่าย!H20+'เช้า '!H20+'เย็น '!H20 -> 0 | I20: =บ่าย!I20+'เช้า '!I20+'เย็น '!I20 -> 0 | J20: =บ่าย!J20+'เช้า '!J20+'เย็น '!J20 -> 0 | K20: =SUM(D20:J20) -> 0 | O20: =(L20+M20+N20)-K20 -> 0
... B24: 1111043 | C24: ชิฟฟอน 8 ชิ้น มะลิ | D24: =บ่าย!D24+'เช้า '!D24+'เย็น '!D24 -> 0 | E24: =บ่าย!E24+'เช้า '!E24+'เย็น '!E24 -> 0 | F24: =บ่าย!F24+'เช้า '!F24+'เย็น '!F24 -> 0 | G24: =บ่าย!G24+'เช้า '!G24+'เย็น '!G24 -> 0 | H24: =บ่าย!H24+'เช้า '!H24+'เย็น '!H24 -> 0 | I24: =บ่าย!I24+'เช้า '!I24+'เย็น '!I24 -> 0 | J24: =บ่าย!J24+'เช้า '!J24+'เย็น '!J24 -> 0 | K24: =SUM(D24:J24) -> 0 | O24: =(L24+M24+N24)-K24 -> 0
B25: 1111056 | C25: ชิฟฟอน 8 ชิ้น รวมรสยอดฮิต | D25: =บ่าย!D25+'เช้า '!D25+'เย็น '!D25 -> 0 | E25: =บ่าย!E25+'เช้า '!E25+'เย็น '!E25 -> 4 | F25: =บ่าย!F25+'เช้า '!F25+'เย็น '!F25 -> 19 | G25: =บ่าย!G25+'เช้า '!G25+'เย็น '!G25 -> 1 | H25: =บ่าย!H25+'เช้า '!H25+'เย็น '!H25 -> 0 | I25: =บ่าย!I25+'เช้า '!I25+'เย็น '!I25 -> 0 | J25: =บ่าย!J25+'เช้า '!J25+'เย็น '!J25 -> 0 | K25: =SUM(D25:J25) -> 24 | L25: 15 | N25: 2 | O25: =(L25+M25+N25)-K25 -> -7
B26: 1004055 | C26: ชิฟฟอนรวมรส 4 ชิ้น | D26: =บ่าย!D26+'เช้า '!D26+'เย็น '!D26 -> 0 | E26: =บ่าย!E26+'เช้า '!E26+'เย็น '!E26 -> 6 | F26: =บ่าย!F26+'เช้า '!F26+'เย็น '!F26 -> 0 | G26: =บ่าย!G26+'เช้า '!G26+'เย็น '!G26 -> 74 | H26: =บ่าย!H26+'เช้า '!H26+'เย็น '!H26 -> 3 | I26: =บ่าย!I26+'เช้า '!I26+'เย็น '!I26 -> 0 | J26: =บ่าย!J26+'เช้า '!J26+'เย็น '!J26 -> 0 | K26: =SUM(D26:J26) -> 83 | L26: 100 | N26: 60 | O26: =(L26+M26+N26)-K26 -> 77
B27: 1004055 | C27: ชิฟฟอน 4 ชิ้น โกโก้ล้วน | D27: =บ่าย!D27+'เช้า '!D27+'เย็น '!D27 -> 0 | E27: =บ่าย!E27+'เช้า '!E27+'เย็น '!E27 -> 0 | F27: =บ่าย!F27+'เช้า '!F27+'เย็น '!F27 -> 0 | G27: =บ่าย!G27+'เช้า '!G27+'เย็น '!G27 -> 0 | H27: =บ่าย!H27+'เช้า '!H27+'เย็น '!H27 -> 0 | I27: =บ่าย!I27+'เช้า '!I27+'เย็น '!I27 -> 0 | J27: =บ่าย!J27+'เช้า '!J27+'เย็น '!J27 -> 0 | K27: =SUM(D27:J27) -> 0 | O27: =(L27+M27+N27)-K27 -> 0
B28: 1004055 | C28: ชิฟฟอน 4 ชิ้น มะพร้าวล้วน | D28: =บ่าย!D28+'เช้า '!D28+'เย็น '!D28 -> 0 | E28: =บ่าย!E28+'เช้า '!E28+'เย็น '!E28 -> 0 | F28: =บ่าย!F28+'เช้า '!F28+'เย็น '!F28 -> 0 | G28: =บ่าย!G28+'เช้า '!G28+'เย็น '!G28 -> 0 | H28: =บ่าย!H28+'เช้า '!H28+'เย็น '!H28 -> 0 | I28: =บ่าย!I28+'เช้า '!I28+'เย็น '!I28 -> 0 | J28: =บ่าย!J28+'เช้า '!J28+'เย็น '!J28 -> 0 | K28: =SUM(D28:J28) -> 0 | O28: =(L28+M28+N28)-K28 -> 0
B29: 1004055 | C29: ชิฟฟอน 4 ชิ้น เนยล้วน | D29: =บ่าย!D29+'เช้า '!D29+'เย็น '!D29 -> 0 | E29: =บ่าย!E29+'เช้า '!E29+'เย็น '!E29 -> 0 | F29: =บ่าย!F29+'เช้า '!F29+'เย็น '!F29 -> 0 | G29: =บ่าย!G29+'เช้า '!G29+'เย็น '!G29 -> 0 | H29: =บ่าย!H29+'เช้า '!H29+'เย็น '!H29 -> 0 | I29: =บ่าย!I29+'เช้า '!I29+'เย็น '!I29 -> 0 | J29: =บ่าย!J29+'เช้า '!J29+'เย็น '!J29 -> 0 | K29: =SUM(D29:J29) -> 0 | O29: =(L29+M29+N29)-K29 -> 0
B30: 1004055 | C30: ชิฟฟอน 4 ชิ้น กาแฟล้วน | D30: =บ่าย!D30+'เช้า '!D30+'เย็น '!D30 -> 0 | E30: =บ่าย!E30+'เช้า '!E30+'เย็น '!E30 -> 0 | F30: =บ่าย!F30+'เช้า '!F30+'เย็น '!F30 -> 0 | G30: =บ่าย!G30+'เช้า '!G30+'เย็น '!G30 -> 0 | H30: =บ่าย!H30+'เช้า '!H30+'เย็น '!H30 -> 0 | I30: =บ่าย!I30+'เช้า '!I30+'เย็น '!I30 -> 0 | J30: =บ่าย!J30+'เช้า '!J30+'เย็น '!J30 -> 0 | K30: =SUM(D30:J30) -> 0 | O30: =(L30+M30+N30)-K30 -> 0
B31: 1004055 | C31: ชิฟฟอน 4 ชิ้น ใบเตยล้วน | D31: =บ่าย!D31+'เช้า '!D31+'เย็น '!D31 -> 0 | E31: =บ่าย!E31+'เช้า '!E31+'เย็น '!E31 -> 0 | F31: =บ่าย!F31+'เช้า '!F31+'เย็น '!F31 -> 0 | G31: =บ่าย!G31+'เช้า '!G31+'เย็น '!G31 -> 0 | H31: =บ่าย!H31+'เช้า '!H31+'เย็น '!H31 -> 0 | I31: =บ่าย!I31+'เช้า '!I31+'เย็น '!I31 -> 0 | J31: =บ่าย!J31+'เช้า '!J31+'เย็น '!J31 -> 0 | K31: =SUM(D31:J31) -> 0 | O31: =(L31+M31+N31)-K31 -> 0
B32: 1004055 | C32: ชิฟฟอน 4 ชิ้น บลูเบอร์รี่ล้วน | D32: =บ่าย!D32+'เช้า '!D32+'เย็น '!D32 -> 0 | E32: =บ่าย!E32+'เช้า '!E32+'เย็น '!E32 -> 0 | F32: =บ่าย!F32+'เช้า '!F32+'เย็น '!F32 -> 0 | G32: =บ่าย!G32+'เช้า '!G32+'เย็น '!G32 -> 0 | H32: =บ่าย!H32+'เช้า '!H32+'เย็น '!H32 -> 0 | I32: =บ่าย!I32+'เช้า '!I32+'เย็น '!I32 -> 0 | J32: =บ่าย!J32+'เช้า '!J32+'เย็น '!J32 -> 0 | K32: =SUM(D32:J32) -> 0 | O32: =(L32+M32+N32)-K32 -> 0
B33: 1004055 | C33: ชิฟฟอน 4 ชิ้น ส้มล้วน | D33: =บ่าย!D33+'เช้า '!D33+'เย็น '!D33 -> 0 | E33: =บ่าย!E33+'เช้า '!E33+'เย็น '!E33 -> 0 | F33: =บ่าย!F33+'เช้า '!F33+'เย็น '!F33 -> 0 | G33: =บ่าย!G33+'เช้า '!G33+'เย็น '!G33 -> 0 | H33: =บ่าย!H33+'เช้า '!H33+'เย็น '!H33 -> 0 | I33: =บ่าย!I33+'เช้า '!I33+'เย็น '!I33 -> 0 | J33: =บ่าย!J33+'เช้า '!J33+'เย็น '!J33 -> 0 | K33: =SUM(D33:J33) -> 0 | O33: =(L33+M33+N33)-K33 -> 0
B34: 1004055 | C34: ชิฟฟอน 4 ชิ้น เผือกล้วน | D34: =บ่าย!D34+'เช้า '!D34+'เย็น '!D34 -> 0 | E34: =บ่าย!E34+'เช้า '!E34+'เย็น '!E34 -> 0 | F34: =บ่าย!F34+'เช้า '!F34+'เย็น '!F34 -> 0 | G34: =บ่าย!G34+'เช้า '!G34+'เย็น '!G34 -> 0 | H34: =บ่าย!H34+'เช้า '!H34+'เย็น '!H34 -> 0 | I34: =บ่าย!I34+'เช้า '!I34+'เย็น '!I34 -> 0 | J34: =บ่าย!J34+'เช้า '!J34+'เย็น '!J34 -> 0 | K34: =SUM(D34:J34) -> 0 | O34: =(L34+M34+N34)-K34 -> 0
B35: 1004055 | C35: ชิฟฟอน 4 ชิ้น สตอเบอรี่ล้วน | D35: =บ่าย!D35+'เช้า '!D35+'เย็น '!D35 -> 0 | E35: =บ่าย!E35+'เช้า '!E35+'เย็น '!E35 -> 0 | F35: =บ่าย!F35+'เช้า '!F35+'เย็น '!F35 -> 0 | G35: =บ่าย!G35+'เช้า '!G35+'เย็น '!G35 -> 0 | H35: =บ่าย!H35+'เช้า '!H35+'เย็น '!H35 -> 0 | I35: =บ่าย!I35+'เช้า '!I35+'เย็น '!I35 -> 0 | J35: =บ่าย!J35+'เช้า '!J35+'เย็น '!J35 -> 0 | K35: =SUM(D35:J35) -> 0 | O35: =(L35+M35+N35)-K35 -> 0
B36: 1004055 | C36: ชิฟฟอน 4 ชิ้น กล้วยหอมล้วน | D36: =บ่าย!D36+'เช้า '!D36+'เย็น '!D36 -> 0 | E36: =บ่าย!E36+'เช้า '!E36+'เย็น '!E36 -> 0 | F36: =บ่าย!F36+'เช้า '!F36+'เย็น '!F36 -> 0 | G36: =บ่าย!G36+'เช้า '!G36+'เย็น '!G36 -> 0 | H36: =บ่าย!H36+'เช้า '!H36+'เย็น '!H36 -> 0 | I36: =บ่าย!I36+'เช้า '!I36+'เย็น '!I36 -> 0 | J36: =บ่าย!J36+'เช้า '!J36+'เย็น '!J36 -> 0 | K36: =SUM(D36:J36) -> 0 | O36: =(L36+M36+N36)-K36 -> 0
B37: 1004055 | C37: ชิฟฟอน 4 ชิ้น ชาเขียวล้วน | D37: =บ่าย!D37+'เช้า '!D37+'เย็น '!D37 -> 0 | E37: =บ่าย!E37+'เช้า '!E37+'เย็น '!E37 -> 0 | F37: =บ่าย!F37+'เช้า '!F37+'เย็น '!F37 -> 0 | G37: =บ่าย!G37+'เช้า '!G37+'เย็น '!G37 -> 0 | H37: =บ่าย!H37+'เช้า '!H37+'เย็น '!H37 -> 0 | I37: =บ่าย!I37+'เช้า '!I37+'เย็น '!I37 -> 0 | J37: =บ่าย!J37+'เช้า '!J37+'เย็น '!J37 -> 0 | K37: =SUM(D37:J37) -> 0 | O37: =(L37+M37+N37)-K37 -> 0
B38: 1004055 | C38: ชิฟฟอน 4 ชิ้น ชาไทยล้วน | D38: =บ่าย!D38+'เช้า '!D38+'เย็น '!D38 -> 0 | E38: =บ่าย!E38+'เช้า '!E38+'เย็น '!E38 -> 0 | F38: =บ่าย!F38+'เช้า '!F38+'เย็น '!F38 -> 0 | G38: =บ่าย!G38+'เช้า '!G38+'เย็น '!G38 -> 0 | H38: =บ่าย!H38+'เช้า '!H38+'เย็น '!H38 -> 0 | I38: =บ่าย!I38+'เช้า '!I38+'เย็น '!I38 -> 0 | J38: =บ่าย!J38+'เช้า '!J38+'เย็น '!J38 -> 0 | K38: =SUM(D38:J38) -> 0 | O38: =(L38+M38+N38)-K38 -> 0
B39: 1004055 | C39: ชิฟฟอน 4 ชิ้น สับปะรดล้วน | D39: =บ่าย!D39+'เช้า '!D39+'เย็น '!D39 -> 0 | E39: =บ่าย!E39+'เช้า '!E39+'เย็น '!E39 -> 0 | F39: =บ่าย!F39+'เช้า '!F39+'เย็น '!F39 -> 0 | G39: =บ่าย!G39+'เช้า '!G39+'เย็น '!G39 -> 0 | H39: =บ่าย!H39+'เช้า '!H39+'เย็น '!H39 -> 0 | I39: =บ่าย!I39+'เช้า '!I39+'เย็น '!I39 -> 0 | J39: =บ่าย!J39+'เช้า '!J39+'เย็น '!J39 -> 0 | K39: =SUM(D39:J39) -> 0 | O39: =(L39+M39+N39)-K39 -> 0
B40: 1111057 | C40: ชิฟฟอนแยกชิ้น กาแฟ | D40: =บ่าย!D40+'เช้า '!D40+'เย็น '!D40 -> 0 | E40: =บ่าย!E40+'เช้า '!E40+'เย็น '!E40 -> 0 | F40: =บ่าย!F40+'เช้า '!F40+'เย็น '!F40 -> 1 | G40: =บ่าย!G40+'เช้า '!G40+'เย็น '!G40 -> 1 | H40: =บ่าย!H40+'เช้า '!H40+'เย็น '!H40 -> 0 | I40: =บ่าย!I40+'เช้า '!I40+'เย็น '!I40 -> 0 | J40: =บ่าย!J40+'เช้า '!J40+'เย็น '!J40 -> 0 | K40: =SUM(D40:J40) -> 2 | L40: 10 | N40: 8 | O40: =(L40+M40+N40)-K40 -> 16
B41: 1111058 | C41: ชิฟฟอนแยกชิ้น ชาเขียว | D41: =บ่าย!D41+'เช้า '!D41+'เย็น '!D41 -> 0 | E41: =บ่าย!E41+'เช้า '!E41+'เย็น '!E41 -> 0 | F41: =บ่าย!F41+'เช้า '!F41+'เย็น '!F41 -> 1 | G41: =บ่าย!G41+'เช้า '!G41+'เย็น '!G41 -> 1 | H41: =บ่าย!H41+'เช้า '!H41+'เย็น '!H41 -> 0 | I41: =บ่าย!I41+'เช้า '!I41+'เย็น '!I41 -> 0 | J41: =บ่าย!J41+'เช้า '!J41+'เย็น '!J41 -> 0 | K41: =SUM(D41:J41) -> 2 | L41: 10 | O41: =(L41+M41+N41)-K41 -> 8
B42: 1111059 | C42: ชิฟฟอนแยกชิ้น ใบเตย | D42: =บ่าย!D42+'เช้า '!D42+'เย็น '!D42 -> 0 | E42: =บ่าย!E42+'เช้า '!E42+'เย็น '!E42 -> 0 | F42: =บ่าย!F42+'เช้า '!F42+'เย็น '!F42 -> 1 | G42: =บ่าย!G42+'เช้า '!G42+'เย็น '!G42 -> 1 | H42: =บ่าย!H42+'เช้า '!H42+'เย็น '!H42 -> 0 | I42: =บ่าย!I42+'เช้า '!I42+'เย็น '!I42 -> 0 | J42: =บ่าย!J42+'เช้า '!J42+'เย็น '!J42 -> 0 | K42: =SUM(D42:J42) -> 2 | L42: 10 | O42: =(L42+M42+N42)-K42 -> 8
B43: 1111060 | C43: ชิฟฟอนแยกชิ้น กล้วยหอม | D43: =บ่าย!D43+'เช้า '!D43+'เย็น '!D43 -> 0 | E43: =บ่าย!E43+'เช้า '!E43+'เย็น '!E43 -> 0 | F43: =บ่าย!F43+'เช้า '!F43+'เย็น '!F43 -> 1 | G43: =บ่าย!G43+'เช้า '!G43+'เย็น '!G43 -> 1 | H43: =บ่าย!H43+'เช้า '!H43+'เย็น '!H43 -> 0 | I43: =บ่าย!I43+'เช้า '!I43+'เย็น '!I43 -> 0 | J43: =บ่าย!J43+'เช้า '!J43+'เย็น '!J43 -> 0 | K43: =SUM(D43:J43) -> 2 | L43: 10 | O43: =(L43+M43+N43)-K43 -> 8
B44: 1111061 | C44: ชิฟฟอนแยกชิ้น ชาไทย | D44: =บ่าย!D44+'เช้า '!D44+'เย็น '!D44 -> 0 | E44: =บ่าย!E44+'เช้า '!E44+'เย็น '!E44 -> 0 | F44: =บ่าย!F44+'เช้า '!F44+'เย็น '!F44 -> 0 | G44: =บ่าย!G44+'เช้า '!G44+'เย็น '!G44 -> 1 | H44: =บ่าย!H44+'เช้า '!H44+'เย็น '!H44 -> 0 | I44: =บ่าย!I44+'เช้า '!I44+'เย็น '!I44 -> 0 | J44: =บ่าย!J44+'เช้า '!J44+'เย็น '!J44 -> 0 | K44: =SUM(D44:J44) -> 1 | L44: 10 | N44: 4 | O44: =(L44+M44+N44)-K44 -> 13
B45: 1111062 | C45: ชิฟฟอนแยกชิ้น โกโก้ | D45: =บ่าย!D45+'เช้า '!D45+'เย็น '!D45 -> 0 | E45: =บ่าย!E45+'เช้า '!E45+'เย็น '!E45 -> 0 | F45: =บ่าย!F45+'เช้า '!F45+'เย็น '!F45 -> 0 | G45: =บ่าย!G45+'เช้า '!G45+'เย็น '!G45 -> 1 | H45: =บ่าย!H45+'เช้า '!H45+'เย็น '!H45 -> 0 | I45: =บ่าย!I45+'เช้า '!I45+'เย็น '!I45 -> 0 | J45: =บ่าย!J45+'เช้า '!J45+'เย็น '!J45 -> 0 | K45: =SUM(D45:J45) -> 1 | L45: 10 | O45: =(L45+M45+N45)-K45 -> 9
B46: 1111063 | C46: ชิฟฟอนแยกชิ้น ส้ม | D46: =บ่าย!D46+'เช้า '!D46+'เย็น '!D46 -> 0 | E46: =บ่าย!E46+'เช้า '!E46+'เย็น '!E46 -> 0 | F46: =บ่าย!F46+'เช้า '!F46+'เย็น '!F46 -> 1 | G46: =บ่าย!G46+'เช้า '!G46+'เย็น '!G46 -> 1 | H46: =บ่าย!H46+'เช้า '!H46+'เย็น '!H46 -> 0 | I46: =บ่าย!I46+'เช้า '!I46+'เย็น '!I46 -> 0 | J46: =บ่าย!J46+'เช้า '!J46+'เย็น '!J46 -> 0 | K46: =SUM(D46:J46) -> 2 | L46: 10 | N46: 6 | O46: =(L46+M46+N46)-K46 -> 14
B47: 1111064 | C47: ชิฟฟอนแยกชิ้น เผือก | D47: =บ่าย!D47+'เช้า '!D47+'เย็น '!D47 -> 0 | E47: =บ่าย!E47+'เช้า '!E47+'เย็น '!E47 -> 0 | F47: =บ่าย!F47+'เช้า '!F47+'เย็น '!F47 -> 0 | G47: =บ่าย!G47+'เช้า '!G47+'เย็น '!G47 -> 1 | H47: =บ่าย!H47+'เช้า '!H47+'เย็น '!H47 -> 0 | I47: =บ่าย!I47+'เช้า '!I47+'เย็น '!I47 -> 0 | J47: =บ่าย!J47+'เช้า '!J47+'เย็น '!J47 -> 0 | K47: =SUM(D47:J47) -> 1 | L47: 10 | O47: =(L47+M47+N47)-K47 -> 9
B48: 1111065 | C48: ชิฟฟอนแยกชิ้น สับปะรด | D48: =บ่าย!D48+'เช้า '!D48+'เย็น '!D48 -> 0 | E48: =บ่าย!E48+'เช้า '!E48+'เย็น '!E48 -> 0 | F48: =บ่าย!F48+'เช้า '!F48+'เย็น '!F48 -> 1 | G48: =บ่าย!G48+'เช้า '!G48+'เย็น '!G48 -> 0 | H48: =บ่าย!H48+'เช้า '!H48+'เย็น '!H48 -> 0 | I48: =บ่าย!I48+'เช้า '!I48+'เย็น '!I48 -> 0 | J48: =บ่าย!J48+'เช้า '!J48+'เย็น '!J48 -> 0 | K48: =SUM(D48:J48) -> 1 | L48: 10 | O48: =(L48+M48+N48)-K48 -> 9
B49: 1111066 | C49: ชิฟฟอนแยกชิ้น สตอเบอรี่ | D49: =บ่าย!D49+'เช้า '!D49+'เย็น '!D49 -> 0 | E49: =บ่าย!E49+'เช้า '!E49+'เย็น '!E49 -> 0 | F49: =บ่าย!F49+'เช้า '!F49+'เย็น '!F49 -> 1 | G49: =บ่าย!G49+'เช้า '!G49+'เย็น '!G49 -> 0 | H49: =บ่าย!H49+'เช้า '!H49+'เย็น '!H49 -> 0 | I49: =บ่าย!I49+'เช้า '!I49+'เย็น '!I49 -> 0 | J49: =บ่าย!J49+'เช้า '!J49+'เย็น '!J49 -> 0 | K49: =SUM(D49:J49) -> 1 | L49: 10 | O49: =(L49+M49+N49)-K49 -> 9
B50: 1111067 | C50: ชิฟฟอนแยกชิ้น มะพร้าว | D50: =บ่าย!D50+'เช้า '!D50+'เย็น '!D50 -> 0 | E50: =บ่าย!E50+'เช้า '!E50+'เย็น '!E50 -> 0 | F50: =บ่าย!F50+'เช้า '!F50+'เย็น '!F50 -> 1 | G50: =บ่าย!G50+'เช้า '!G50+'เย็น '!G50 -> 0 | H50: =บ่าย!H50+'เช้า '!H50+'เย็น '!H50 -> 0 | I50: =บ่าย!I50+'เช้า '!I50+'เย็น '!I50 -> 0 | J50: =บ่าย!J50+'เช้า '!J50+'เย็น '!J50 -> 0 | K50: =SUM(D50:J50) -> 1 | L50: 10 | N50: 11 | O50: =(L50+M50+N50)-K50 -> 20
B51: 1111068 | C51: ชิฟฟอนแยกชิ้น เนย | D51: =บ่าย!D51+'เช้า '!D51+'เย็น '!D51 -> 0 | E51: =บ่าย!E51+'เช้า '!E51+'เย็น '!E51 -> 0 | F51: =บ่าย!F51+'เช้า '!F51+'เย็น '!F51 -> 1 | G51: =บ่าย!G51+'เช้า '!G51+'เย็น '!G51 -> 0 | H51: =บ่าย!H51+'เช้า '!H51+'เย็น '!H51 -> 0 | I51: =บ่าย!I51+'เช้า '!I51+'เย็น '!I51 -> 0 | J51: =บ่าย!J51+'เช้า '!J51+'เย็น '!J51 -> 0 | K51: =SUM(D51:J51) -> 1 | L51: 10 | N51: 7 | O51: =(L51+M51+N51)-K51 -> 16
B52: 1111069 | C52: ชิฟฟอนแยกชิ้น บลูเบอรี่ | D52: =บ่าย!D52+'เช้า '!D52+'เย็น '!D52 -> 0 | E52: =บ่าย!E52+'เช้า '!E52+'เย็น '!E52 -> 0 | F52: =บ่าย!F52+'เช้า '!F52+'เย็น '!F52 -> 1 | G52: =บ่าย!G52+'เช้า '!G52+'เย็น '!G52 -> 0 | H52: =บ่าย!H52+'เช้า '!H52+'เย็น '!H52 -> 0 | I52: =บ่าย!I52+'เช้า '!I52+'เย็น '!I52 -> 0 | J52: =บ่าย!J52+'เช้า '!J52+'เย็น '!J52 -> 0 | K52: =SUM(D52:J52) -> 1 | L52: 10 | N52: 5 | O52: =(L52+M52+N52)-K52 -> 14
B53: 1111070 | C53: ชิฟฟอนแยกชิ้น ทุเรียน | D53: =บ่าย!D53+'เช้า '!D53+'เย็น '!D53 -> 0 | E53: =บ่าย!E53+'เช้า '!E53+'เย็น '!E53 -> 0 | F53: =บ่าย!F53+'เช้า '!F53+'เย็น '!F53 -> 0 | G53: =บ่าย!G53+'เช้า '!G53+'เย็น '!G53 -> 0 | H53: =บ่าย!H53+'เช้า '!H53+'เย็น '!H53 -> 0 | I53: =บ่าย!I53+'เช้า '!I53+'เย็น '!I53 -> 0 | J53: =บ่าย!J53+'เช้า '!J53+'เย็น '!J53 -> 0 | K53: =SUM(D53:J53) -> 0 | O53: =(L53+M53+N53)-K53 -> 0
B54: 1111071 | C54: ชิฟฟอนแยกชิ้น ตาล | D54: =บ่าย!D54+'เช้า '!D54+'เย็น '!D54 -> 0 | E54: =บ่าย!E54+'เช้า '!E54+'เย็น '!E54 -> 0 | F54: =บ่าย!F54+'เช้า '!F54+'เย็น '!F54 -> 0 | G54: =บ่าย!G54+'เช้า '!G54+'เย็น '!G54 -> 0 | H54: =บ่าย!H54+'เช้า '!H54+'เย็น '!H54 -> 0 | I54: =บ่าย!I54+'เช้า '!I54+'เย็น '!I54 -> 0 | J54: =บ่าย!J54+'เช้า '!J54+'เย็น '!J54 -> 0 | K54: =SUM(D54:J54) -> 0 | O54: =(L54+M54+N54)-K54 -> 0
B55: 1111001 | C55: ชิฟฟอนแยกชิ้น คละรส | D55: =บ่าย!D55+'เช้า '!D55+'เย็น '!D55 -> 0 | E55: =บ่าย!E55+'เช้า '!E55+'เย็น '!E55 -> 0 | F55: =บ่าย!F55+'เช้า '!F55+'เย็น '!F55 -> 0 | G55: =บ่าย!G55+'เช้า '!G55+'เย็น '!G55 -> 0 | H55: =บ่าย!H55+'เช้า '!H55+'เย็น '!H55 -> 0 | I55: =บ่าย!I55+'เช้า '!I55+'เย็น '!I55 -> 0 | J55: =บ่าย!J55+'เช้า '!J55+'เย็น '!J55 -> 0 | K55: =SUM(D55:J55) -> 0 | O55: =(L55+M55+N55)-K55 -> 0
B56: 1111074 | C56: ชิฟฟอนไส้แยมแยกชิ้น มะพร้าว | D56: =บ่าย!D56+'เช้า '!D56+'เย็น '!D56 -> 0 | E56: =บ่าย!E56+'เช้า '!E56+'เย็น '!E56 -> 2 | F56: =บ่าย!F56+'เช้า '!F56+'เย็น '!F56 -> 9 | G56: =บ่าย!G56+'เช้า '!G56+'เย็น '!G56 -> 7 | H56: =บ่าย!H56+'เช้า '!H56+'เย็น '!H56 -> 0 | I56: =บ่าย!I56+'เช้า '!I56+'เย็น '!I56 -> 0 | J56: =บ่าย!J56+'เช้า '!J56+'เย็น '!J56 -> 0 | K56: =SUM(D56:J56) -> 18 | L56: 10 | N56: 1 | O56: =(L56+M56+N56)-K56 -> -7
B57: 1111075 | C57: ชิฟฟอนไส้แยมแยกชิ้น สตอเบอรี่ | D57: =บ่าย!D57+'เช้า '!D57+'เย็น '!D57 -> 0 | E57: =บ่าย!E57+'เช้า '!E57+'เย็น '!E57 -> 2 | F57: =บ่าย!F57+'เช้า '!F57+'เย็น '!F57 -> 9 | G57: =บ่าย!G57+'เช้า '!G57+'เย็น '!G57 -> 7 | H57: =บ่าย!H57+'เช้า '!H57+'เย็น '!H57 -> 0 | I57: =บ่าย!I57+'เช้า '!I57+'เย็น '!I57 -> 0 | J57: =บ่าย!J57+'เช้า '!J57+'เย็น '!J57 -> 0 | K57: =SUM(D57:J57) -> 18 | L57: 10 | N57: 6 | O57: =(L57+M57+N57)-K57 -> -2
B58: 1111076 | C58: ชิฟฟอนไส้แยมแยกชิ้น ส้ม | D58: =บ่าย!D58+'เช้า '!D58+'เย็น '!D58 -> 0 | E58: =บ่าย!E58+'เช้า '!E58+'เย็น '!E58 -> 2 | F58: =บ่าย!F58+'เช้า '!F58+'เย็น '!F58 -> 9 | G58: =บ่าย!G58+'เช้า '!G58+'เย็น '!G58 -> 7 | H58: =บ่าย!H58+'เช้า '!H58+'เย็น '!H58 -> 0 | I58: =บ่าย!I58+'เช้า '!I58+'เย็น '!I58 -> 0 | J58: =บ่าย!J58+'เช้า '!J58+'เย็น '!J58 -> 0 | K58: =SUM(D58:J58) -> 18 | L58: 10 | N58: 13 | O58: =(L58+M58+N58)-K58 -> 5
B59: 1111077 | C59: ชิฟฟอนไส้แยมแยกชิ้น บลูเบอรี่ | D59: =บ่าย!D59+'เช้า '!D59+'เย็น '!D59 -> 0 | E59: =บ่าย!E59+'เช้า '!E59+'เย็น '!E59 -> 2 | F59: =บ่าย!F59+'เช้า '!F59+'เย็น '!F59 -> 9 | G59: =บ่าย!G59+'เช้า '!G59+'เย็น '!G59 -> 7 | H59: =บ่าย!H59+'เช้า '!H59+'เย็น '!H59 -> 0 | I59: =บ่าย!I59+'เช้า '!I59+'เย็น '!I59 -> 0 | J59: =บ่าย!J59+'เช้า '!J59+'เย็น '!J59 -> 0 | K59: =SUM(D59:J59) -> 18 | L59: 10 | N59: 4 | O59: =(L59+M59+N59)-K59 -> -4
B60: 1111078 | C60: ชิฟฟอนไส้แยมแยกชิ้น นมชมพู | D60: =บ่าย!D60+'เช้า '!D60+'เย็น '!D60 -> 0 | E60: =บ่าย!E60+'เช้า '!E60+'เย็น '!E60 -> 2 | F60: =บ่าย!F60+'เช้า '!F60+'เย็น '!F60 -> 9 | G60: =บ่าย!G60+'เช้า '!G60+'เย็น '!G60 -> 7 | H60: =บ่าย!H60+'เช้า '!H60+'เย็น '!H60 -> 0 | I60: =บ่าย!I60+'เช้า '!I60+'เย็น '!I60 -> 0 | J60: =บ่าย!J60+'เช้า '!J60+'เย็น '!J60 -> 0 | K60: =SUM(D60:J60) -> 18 | L60: 10 | N60: 8 | O60: =(L60+M60+N60)-K60 -> 0
B61: 1111079 | C61: ชิฟฟอนไส้แยมแยกชิ้น ชอคโกแลต | D61: =บ่าย!D61+'เช้า '!D61+'เย็น '!D61 -> 0 | E61: =บ่าย!E61+'เช้า '!E61+'เย็น '!E61 -> 2 | F61: =บ่าย!F61+'เช้า '!F61+'เย็น '!F61 -> 9 | G61: =บ่าย!G61+'เช้า '!G61+'เย็น '!G61 -> 7 | H61: =บ่าย!H61+'เช้า '!H61+'เย็น '!H61 -> 0 | I61: =บ่าย!I61+'เช้า '!I61+'เย็น '!I61 -> 0 | J61: =บ่าย!J61+'เช้า '!J61+'เย็น '!J61 -> 0 | K61: =SUM(D61:J61) -> 18 | L61: 10 | N61: 9 | O61: =(L61+M61+N61)-K61 -> 1
B62: 1111080 | C62: ชิฟฟอนไส้แยมแยกชิ้น ฝอยทอง | D62: =บ่าย!D62+'เช้า '!D62+'เย็น '!D62 -> 0 | E62: =บ่าย!E62+'เช้า '!E62+'เย็น '!E62 -> 2 | F62: =บ่าย!F62+'เช้า '!F62+'เย็น '!F62 -> 9 | G62: =บ่าย!G62+'เช้า '!G62+'เย็น '!G62 -> 7 | H62: =บ่าย!H62+'เช้า '!H62+'เย็น '!H62 -> 0 | I62: =บ่าย!I62+'เช้า '!I62+'เย็น '!I62 -> 0 | J62: =บ่าย!J62+'เช้า '!J62+'เย็น '!J62 -> 0 | K62: =SUM(D62:J62) -> 18 | L62: 10 | N62: 8 | O62: =(L62+M62+N62)-K62 -> 0
B63: 1111081 | C63: ชิฟฟอนไส้แยมแยกชิ้น วนิลา | D63: =บ่าย!D63+'เช้า '!D63+'เย็น '!D63 -> 0 | E63: =บ่าย!E63+'เช้า '!E63+'เย็น '!E63 -> 2 | F63: =บ่าย!F63+'เช้า '!F63+'เย็น '!F63 -> 9 | G63: =บ่าย!G63+'เช้า '!G63+'เย็น '!G63 -> 7 | H63: =บ่าย!H63+'เช้า '!H63+'เย็น '!H63 -> 0 | I63: =บ่าย!I63+'เช้า '!I63+'เย็น '!I63 -> 0 | J63: =บ่าย!J63+'เช้า '!J63+'เย็น '!J63 -> 0 | K63: =SUM(D63:J63) -> 18 | L63: 10 | N63: 2 | O63: =(L63+M63+N63)-K63 -> -6
B64: 1111082 | C64: ชิฟฟอนไส้แยมแยกชิ้น ใบเตย | D64: =บ่าย!D64+'เช้า '!D64+'เย็น '!D64 -> 0 | E64: =บ่าย!E64+'เช้า '!E64+'เย็น '!E64 -> 2 | F64: =บ่าย!F64+'เช้า '!F64+'เย็น '!F64 -> 9 | G64: =บ่าย!G64+'เช้า '!G64+'เย็น '!G64 -> 7 | H64: =บ่าย!H64+'เช้า '!H64+'เย็น '!H64 -> 0 | I64: =บ่าย!I64+'เช้า '!I64+'เย็น '!I64 -> 0 | J64: =บ่าย!J64+'เช้า '!J64+'เย็น '!J64 -> 0 | K64: =SUM(D64:J64) -> 18 | L64: 10 | N64: 3 | O64: =(L64+M64+N64)-K64 -> -5
B65: 1111083 | C65: ชิฟฟอนไส้แยมแยกชิ้น เมล่อน | D65: =บ่าย!D65+'เช้า '!D65+'เย็น '!D65 -> 0 | E65: =บ่าย!E65+'เช้า '!E65+'เย็น '!E65 -> 2 | F65: =บ่าย!F65+'เช้า '!F65+'เย็น '!F65 -> 9 | G65: =บ่าย!G65+'เช้า '!G65+'เย็น '!G65 -> 7 | H65: =บ่าย!H65+'เช้า '!H65+'เย็น '!H65 -> 0 | I65: =บ่าย!I65+'เช้า '!I65+'เย็น '!I65 -> 0 | J65: =บ่าย!J65+'เช้า '!J65+'เย็น '!J65 -> 0 | K65: =SUM(D65:J65) -> 18 | L65: 10 | O65: =(L65+M65+N65)-K65 -> -8
B66: 1111010 | C66: ชิฟฟอนไส้แยมแยกชิ้น คละรส | D66: =บ่าย!D66+'เช้า '!D66+'เย็น '!D66 -> 0 | E66: =บ่าย!E66+'เช้า '!E66+'เย็น '!E66 -> 0 | F66: =บ่าย!F66+'เช้า '!F66+'เย็น '!F66 -> 0 | G66: =บ่าย!G66+'เช้า '!G66+'เย็น '!G66 -> 0 | H66: =บ่าย!H66+'เช้า '!H66+'เย็น '!H66 -> 0 | I66: =บ่าย!I66+'เช้า '!I66+'เย็น '!I66 -> 0 | J66: =บ่าย!J66+'เช้า '!J66+'เย็น '!J66 -> 0 | K66: =SUM(D66:J66) -> 0 | O66: =(L66+M66+N66)-K66 -> 0
C67: รวม | K67: =SUM(D67:J67) -> 0 | O67: =(L67+M67+N67)-K67 -> 0
B68: ชิฟฟอนไส้แยม 6 ชิ้น
B69: 1111009 | C69: ชิฟฟอนไส้แยมรวมรส 6 ชิ้น | D69: =บ่าย!D69+'เช้า '!D69+'เย็น '!D69 -> 0 | E69: =บ่าย!E69+'เช้า '!E69+'เย็น '!E69 -> 6 | F69: =บ่าย!F69+'เช้า '!F69+'เย็น '!F69 -> 8 | G69: =บ่าย!G69+'เช้า '!G69+'เย็น '!G69 -> 2 | H69: =บ่าย!H69+'เช้า '!H69+'เย็น '!H69 -> 0 | I69: =บ่าย!I69+'เช้า '!I69+'เย็น '!I69 -> 0 | J69: =บ่าย!J69+'เช้า '!J69+'เย็น '!J69 -> 0 | K69: =SUM(D69:J69) -> 16 | L69: 15 | N69: 1 | O69: =(L69+M69+N69)-K69 -> 0
B70: 1111023 | C70: ชิฟฟอนไส้แยมรสสตอเบอร์รี่ล้วน 6 ชิ้น | D70: =บ่าย!D70+'เช้า '!D70+'เย็น '!D70 -> 0 | E70: =บ่าย!E70+'เช้า '!E70+'เย็น '!E70 -> 0 | F70: =บ่าย!F70+'เช้า '!F70+'เย็น '!F70 -> 0 | G70: =บ่าย!G70+'เช้า '!G70+'เย็น '!G70 -> 0 | H70: =บ่าย!H70+'เช้า '!H70+'เย็น '!H70 -> 0 | I70: =บ่าย!I70+'เช้า '!I70+'เย็น '!I70 -> 0 | J70: =บ่าย!J70+'เช้า '!J70+'เย็น '!J70 -> 0 | K70: =SUM(D70:J70) -> 0 | O70: =(L70+M70+N70)-K70 -> 0
B71: 1111016 | C71: ชิฟฟอนไส้แยมรสมะพร้าวล้วน 6 ชิ้น | D71: =บ่าย!D71+'เช้า '!D71+'เย็น '!D71 -> 0 | E71: =บ่าย!E71+'เช้า '!E71+'เย็น '!E71 -> 0 | F71: =บ่าย!F71+'เช้า '!F71+'เย็น '!F71 -> 0 | G71: =บ่าย!G71+'เช้า '!G71+'เย็น '!G71 -> 0 | H71: =บ่าย!H71+'เช้า '!H71+'เย็น '!H71 -> 0 | I71: =บ่าย!I71+'เช้า '!I71+'เย็น '!I71 -> 0 | J71: =บ่าย!J71+'เช้า '!J71+'เย็น '!J71 -> 0 | K71: =SUM(D71:J71) -> 0 | O71: =(L71+M71+N71)-K71 -> 0
B72: 1111014 | C72: ชิฟฟอนไส้แยมรสช็อกโกแลตนูเทลล่าล้วน 6 ชิ้น | D72: =บ่าย!D72+'เช้า '!D72+'เย็น '!D72 -> 0 | E72: =บ่าย!E72+'เช้า '!E72+'เย็น '!E72 -> 0 | F72: =บ่าย!F72+'เช้า '!F72+'เย็น '!F72 -> 0 | G72: =บ่าย!G72+'เช้า '!G72+'เย็น '!G72 -> 0 | H72: =บ่าย!H72+'เช้า '!H72+'เย็น '!H72 -> 0 | I72: =บ่าย!I72+'เช้า '!I72+'เย็น '!I72 -> 0 | J72: =บ่าย!J72+'เช้า '!J72+'เย็น '!J72 -> 0 | K72: =SUM(D72:J72) -> 0 | O72: =(L72+M72+N72)-K72 -> 0
B73: 1111025 | C73: ชิฟฟอนไส้แยมรสส้มล้วน 6 ชิ้น | D73: =บ่าย!D73+'เช้า '!D73+'เย็น '!D73 -> 0 | E73: =บ่าย!E73+'เช้า '!E73+'เย็น '!E73 -> 0 | F73: =บ่าย!F73+'เช้า '!F73+'เย็น '!F73 -> 0 | G73: =บ่าย!G73+'เช้า '!G73+'เย็น '!G73 -> 0 | H73: =บ่าย!H73+'เช้า '!H73+'เย็น '!H73 -> 0 | I73: =บ่าย!I73+'เช้า '!I73+'เย็น '!I73 -> 0 | J73: =บ่าย!J73+'เช้า '!J73+'เย็น '!J73 -> 0 | K73: =SUM(D73:J73) -> 0 | O73: =(L73+M73+N73)-K73 -> 0
B74: 1111018 | C74: ชิฟฟอนไส้แยมรสบลูเบอร์รี่ล้วน 6 ชิ้น | D74: =บ่าย!D74+'เช้า '!D74+'เย็น '!D74 -> 0 | E74: =บ่าย!E74+'เช้า '!E74+'เย็น '!E74 -> 0 | F74: =บ่าย!F74+'เช้า '!F74+'เย็น '!F74 -> 0 | G74: =บ่าย!G74+'เช้า '!G74+'เย็น '!G74 -> 0 | H74: =บ่าย!H74+'เช้า '!H74+'เย็น '!H74 -> 0 | I74: =บ่าย!I74+'เช้า '!I74+'เย็น '!I74 -> 0 | J74: =บ่าย!J74+'เช้า '!J74+'เย็น '!J74 -> 0 | K74: =SUM(D74:J74) -> 0 | O74: =(L74+M74+N74)-K74 -> 0
B75: 1111012 | C75: ชิฟฟอนไส้แยมรสนมชมพูฮอกไกโดล้วน 6 ชิ้น | D75: =บ่าย!D75+'เช้า '!D75+'เย็น '!D75 -> 0 | E75: =บ่าย!E75+'เช้า '!E75+'เย็น '!E75 -> 0 | F75: =บ่าย!F75+'เช้า '!F75+'เย็น '!F75 -> 0 | G75: =บ่าย!G75+'เช้า '!G75+'เย็น '!G75 -> 0 | H75: =บ่าย!H75+'เช้า '!H75+'เย็น '!H75 -> 0 | I75: =บ่าย!I75+'เช้า '!I75+'เย็น '!I75 -> 0 | J75: =บ่าย!J75+'เช้า '!J75+'เย็น '!J75 -> 0 | K75: =SUM(D75:J75) -> 0 | O75: =(L75+M75+N75)-K75 -> 0
B76: 1111020 | C76: ชิฟฟอนไส้แยมฝอยทองไส้ทะลัก 6 ชิ้น | D76: =บ่าย!D76+'เช้า '!D76+'เย็น '!D76 -> 0 | E76: =บ่าย!E76+'เช้า '!E76+'เย็น '!E76 -> 0 | F76: =บ่าย!F76+'เช้า '!F76+'เย็น '!F76 -> 0 | G76: =บ่าย!G76+'เช้า '!G76+'เย็น '!G76 -> 0 | H76: =บ่าย!H76+'เช้า '!H76+'เย็น '!H76 -> 0 | I76: =บ่าย!I76+'เช้า '!I76+'เย็น '!I76 -> 0 | J76: =บ่าย!J76+'เช้า '!J76+'เย็น '!J76 -> 0 | K76: =SUM(D76:J76) -> 0 | O76: =(L76+M76+N76)-K76 -> 0
C77: รวม | O77: =(L77+M77+N77)-K77 -> 0
B78: ชิฟฟอนไส้แยม 3 ชิ้น
B79: 1111022 | C79: ชิฟฟอนไส้แยมรสสตอเบอร์รี่ล้วน 3 ชิ้น | D79: =บ่าย!D79+'เช้า '!D79+'เย็น '!D79 -> 0 | E79: =บ่าย!E79+'เช้า '!E79+'เย็น '!E79 -> 0 | F79: =บ่าย!F79+'เช้า '!F79+'เย็น '!F79 -> 0 | G79: =บ่าย!G79+'เช้า '!G79+'เย็น '!G79 -> 0 | H79: =บ่าย!H79+'เช้า '!H79+'เย็น '!H79 -> 0 | I79: =บ่าย!I79+'เช้า '!I79+'เย็น '!I79 -> 0 | J79: =บ่าย!J79+'เช้า '!J79+'เย็น '!J79 -> 0 | K79: =SUM(D79:J79) -> 0 | O79: =(L79+M79+N79)-K79 -> 0
B80: 1111015 | C80: ชิฟฟอนไส้แยมรสมะพร้าวล้วน 3 ชิ้น | D80: =บ่าย!D80+'เช้า '!D80+'เย็น '!D80 -> 0 | E80: =บ่าย!E80+'เช้า '!E80+'เย็น '!E80 -> 0 | F80: =บ่าย!F80+'เช้า '!F80+'เย็น '!F80 -> 0 | G80: =บ่าย!G80+'เช้า '!G80+'เย็น '!G80 -> 0 | H80: =บ่าย!H80+'เช้า '!H80+'เย็น '!H80 -> 0 | I80: =บ่าย!I80+'เช้า '!I80+'เย็น '!I80 -> 0 | J80: =บ่าย!J80+'เช้า '!J80+'เย็น '!J80 -> 0 | K80: =SUM(D80:J80) -> 0 | O80: =(L80+M80+N80)-K80 -> 0
B81: 1111013 | C81: ชิฟฟอนไส้แยมรสช็อกโกแลตนูเทลล่าล้วน 3 ชิ้น | D81: =บ่าย!D81+'เช้า '!D81+'เย็น '!D81 -> 0 | E81: =บ่าย!E81+'เช้า '!E81+'เย็น '!E81 -> 0 | F81: =บ่าย!F81+'เช้า '!F81+'เย็น '!F81 -> 0 | G81: =บ่าย!G81+'เช้า '!G81+'เย็น '!G81 -> 0 | H81: =บ่าย!H81+'เช้า '!H81+'เย็น '!H81 -> 0 | I81: =บ่าย!I81+'เช้า '!I81+'เย็น '!I81 -> 0 | J81: =บ่าย!J81+'เช้า '!J81+'เย็น '!J81 -> 0 | K81: =SUM(D81:J81) -> 0 | O81: =(L81+M81+N81)-K81 -> 0
B82: 1111024 | C82: ชิฟฟอนไส้แยมรสส้มล้วน 3 ชิ้น | D82: =บ่าย!D82+'เช้า '!D82+'เย็น '!D82 -> 0 | E82: =บ่าย!E82+'เช้า '!E82+'เย็น '!E82 -> 0 | F82: =บ่าย!F82+'เช้า '!F82+'เย็น '!F82 -> 0 | G82: =บ่าย!G82+'เช้า '!G82+'เย็น '!G82 -> 0 | H82: =บ่าย!H82+'เช้า '!H82+'เย็น '!H82 -> 0 | I82: =บ่าย!I82+'เช้า '!I82+'เย็น '!I82 -> 0 | J82: =บ่าย!J82+'เช้า '!J82+'เย็น '!J82 -> 0 | K82: =SUM(D82:J82) -> 0 | O82: =(L82+M82+N82)-K82 -> 0
B83: 1111017 | C83: ชิฟฟอนไส้แยมรสบลูเบอร์รี่ล้วน 3 ชิ้น | D83: =บ่าย!D83+'เช้า '!D83+'เย็น '!D83 -> 0 | E83: =บ่าย!E83+'เช้า '!E83+'เย็น '!E83 -> 0 | F83: =บ่าย!F83+'เช้า '!F83+'เย็น '!F83 -> 0 | G83: =บ่าย!G83+'เช้า '!G83+'เย็น '!G83 -> 0 | H83: =บ่าย!H83+'เช้า '!H83+'เย็น '!H83 -> 0 | I83: =บ่าย!I83+'เช้า '!I83+'เย็น '!I83 -> 0 | J83: =บ่าย!J83+'เช้า '!J83+'เย็น '!J83 -> 0 | K83: =SUM(D83:J83) -> 0 | O83: =(L83+M83+N83)-K83 -> 0
B84: 1111011 | C84: ชิฟฟอนไส้แยมรสนมชมพูฮอกไกโดล้วน 3 ชิ้น | D84: =บ่าย!D84+'เช้า '!D84+'เย็น '!D84 -> 0 | E84: =บ่าย!E84+'เช้า '!E84+'เย็น '!E84 -> 0 | F84: =บ่าย!F84+'เช้า '!F84+'เย็น '!F84 -> 0 | G84: =บ่าย!G84+'เช้า '!G84+'เย็น '!G84 -> 0 | H84: =บ่าย!H84+'เช้า '!H84+'เย็น '!H84 -> 0 | I84: =บ่าย!I84+'เช้า '!I84+'เย็น '!I84 -> 0 | J84: =บ่าย!J84+'เช้า '!J84+'เย็น '!J84 -> 0 | K84: =SUM(D84:J84) -> 0 | O84: =(L84+M84+N84)-K84 -> 0
B85: 1111019 | C85: ชิฟฟอนไส้แยมฝอยทองไส้ทะลัก 3 ชิ้น | D85: =บ่าย!D85+'เช้า '!D85+'เย็น '!D85 -> 0 | E85: =บ่าย!E85+'เช้า '!E85+'เย็น '!E85 -> 0 | F85: =บ่าย!F85+'เช้า '!F85+'เย็น '!F85 -> 0 | G85: =บ่าย!G85+'เช้า '!G85+'เย็น '!G85 -> 0 | H85: =บ่าย!H85+'เช้า '!H85+'เย็น '!H85 -> 0 | I85: =บ่าย!I85+'เช้า '!I85+'เย็น '!I85 -> 0 | J85: =บ่าย!J85+'เช้า '!J85+'เย็น '!J85 -> 0 | K85: =SUM(D85:J85) -> 0 | O85: =(L85+M85+N85)-K85 -> 0
B86: 1113081 | C86: ชิฟฟอนไส้แยม วนิลา/ใบเตย/เมล่อน | D86: =บ่าย!D86+'เช้า '!D86+'เย็น '!D86 -> 0 | E86: =บ่าย!E86+'เช้า '!E86+'เย็น '!E86 -> 0 | F86: =บ่าย!F86+'เช้า '!F86+'เย็น '!F86 -> 0 | G86: =บ่าย!G86+'เช้า '!G86+'เย็น '!G86 -> 0 | H86: =บ่าย!H86+'เช้า '!H86+'เย็น '!H86 -> 0 | I86: =บ่าย!I86+'เช้า '!I86+'เย็น '!I86 -> 0 | J86: =บ่าย!J86+'เช้า '!J86+'เย็น '!J86 -> 0 | K86: =SUM(D86:J86) -> 0 | O86: =(L86+M86+N86)-K86 -> 0
B87: 1111008 | C87: ชิฟฟอนไส้แยมรวมรส 3 ชิ้น | D87: =บ่าย!D87+'เช้า '!D87+'เย็น '!D87 -> 0 | E87: =บ่าย!E87+'เช้า '!E87+'เย็น '!E87 -> 12 | F87: =บ่าย!F87+'เช้า '!F87+'เย็น '!F87 -> 0 | G87: =บ่าย!G87+'เช้า '!G87+'เย็น '!G87 -> 107 | H87: =บ่าย!H87+'เช้า '!H87+'เย็น '!H87 -> 9 | I87: =บ่าย!I87+'เช้า '!I87+'เย็น '!I87 -> 0 | J87: =บ่าย!J87+'เช้า '!J87+'เย็น '!J87 -> 0 | K87: =SUM(D87:J87) -> 128 | L87: 100 | N87: 14 | O87: =(L87+M87+N87)-K87 -> -14
C88: รวม | K88: =SUM(D88:J88) -> 0 | O88: =(L88+M88+N88)-K88 -> 0
B89: เบาหวิว ล 110 กรัม
B90: 1112009 | C90: มะพร้าว | D90: =บ่าย!D90+'เช้า '!D90+'เย็น '!D90 -> 0 | E90: =บ่าย!E90+'เช้า '!E90+'เย็น '!E90 -> 2 | F90: =บ่าย!F90+'เช้า '!F90+'เย็น '!F90 -> 14 | G90: =บ่าย!G90+'เช้า '!G90+'เย็น '!G90 -> 41 | H90: =บ่าย!H90+'เช้า '!H90+'เย็น '!H90 -> 1 | I90: =บ่าย!I90+'เช้า '!I90+'เย็น '!I90 -> 0 | J90: =บ่าย!J90+'เช้า '!J90+'เย็น '!J90 -> 0 | K90: =SUM(D90:J90) -> 58 | L90: 120 | O90: =(L90+M90+N90)-K90 -> 62
B91: 1112011 | C91: ฝอยทอง | D91: =บ่าย!D91+'เช้า '!D91+'เย็น '!D91 -> 0 | E91: =บ่าย!E91+'เช้า '!E91+'เย็น '!E91 -> 3 | F91: =บ่าย!F91+'เช้า '!F91+'เย็น '!F91 -> 11 | G91: =บ่าย!G91+'เช้า '!G91+'เย็น '!G91 -> 41 | H91: =บ่าย!H91+'เช้า '!H91+'เย็น '!H91 -> 1 | I91: =บ่าย!I91+'เช้า '!I91+'เย็น '!I91 -> 0 | J91: =บ่าย!J91+'เช้า '!J91+'เย็น '!J91 -> 0 | K91: =SUM(D91:J91) -> 56 | L91: 120 | O91: =(L91+M91+N91)-K91 -> 64
B92: 1112003 | C92: กาแฟ | D92: =บ่าย!D92+'เช้า '!D92+'เย็น '!D92 -> 0 | E92: =บ่าย!E92+'เช้า '!E92+'เย็น '!E92 -> 2 | F92: =บ่าย!F92+'เช้า '!F92+'เย็น '!F92 -> 2 | G92: =บ่าย!G92+'เช้า '!G92+'เย็น '!G92 -> 41 | H92: =บ่าย!H92+'เช้า '!H92+'เย็น '!H92 -> 1 | I92: =บ่าย!I92+'เช้า '!I92+'เย็น '!I92 -> 0 | J92: =บ่าย!J92+'เช้า '!J92+'เย็น '!J92 -> 0 | K92: =SUM(D92:J92) -> 46 | L92: 110 | O92: =(L92+M92+N92)-K92 -> 64
B93: 1112005 | C93: เนยนม | D93: =บ่าย!D93+'เช้า '!D93+'เย็น '!D93 -> 0 | E93: =บ่าย!E93+'เช้า '!E93+'เย็น '!E93 -> 2 | F93: =บ่าย!F93+'เช้า '!F93+'เย็น '!F93 -> 2 | G93: =บ่าย!G93+'เช้า '!G93+'เย็น '!G93 -> 6 | H93: =บ่าย!H93+'เช้า '!H93+'เย็น '!H93 -> 0 | I93: =บ่าย!I93+'เช้า '!I93+'เย็น '!I93 -> 0 | J93: =บ่าย!J93+'เช้า '!J93+'เย็น '!J93 -> 0 | K93: =SUM(D93:J93) -> 10 | L93: 110 | N93: 13 | O93: =(L93+M93+N93)-K93 -> 113
B94: 1112007 | C94: ใบเตย | D94: =บ่าย!D94+'เช้า '!D94+'เย็น '!D94 -> 0 | E94: =บ่าย!E94+'เช้า '!E94+'เย็น '!E94 -> 0 | F94: =บ่าย!F94+'เช้า '!F94+'เย็น '!F94 -> 0 | G94: =บ่าย!G94+'เช้า '!G94+'เย็น '!G94 -> 0 | H94: =บ่าย!H94+'เช้า '!H94+'เย็น '!H94 -> 0 | I94: =บ่าย!I94+'เช้า '!I94+'เย็น '!I94 -> 0 | J94: =บ่าย!J94+'เช้า '!J94+'เย็น '!J94 -> 0 | K94: =SUM(D94:J94) -> 0 | O94: =(L94+M94+N94)-K94 -> 0
B95: 1112019 | C95: ทุเรียน | D95: =บ่าย!D95+'เช้า '!D95+'เย็น '!D95 -> 0 | E95: =บ่าย!E95+'เช้า '!E95+'เย็น '!E95 -> 0 | F95: =บ่าย!F95+'เช้า '!F95+'เย็น '!F95 -> 0 | G95: =บ่าย!G95+'เช้า '!G95+'เย็น '!G95 -> 0 | H95: =บ่าย!H95+'เช้า '!H95+'เย็น '!H95 -> 0 | I95: =บ่าย!I95+'เช้า '!I95+'เย็น '!I95 -> 0 | J95: =บ่าย!J95+'เช้า '!J95+'เย็น '!J95 -> 0 | K95: =SUM(D95:J95) -> 0 | O95: =(L95+M95+N95)-K95 -> 0
B96: 1112017 | C96: ตาลหอม | D96: =บ่าย!D96+'เช้า '!D96+'เย็น '!D96 -> 0 | E96: =บ่าย!E96+'เช้า '!E96+'เย็น '!E96 -> 2 | F96: =บ่าย!F96+'เช้า '!F96+'เย็น '!F96 -> 2 | G96: =บ่าย!G96+'เช้า '!G96+'เย็น '!G96 -> 41 | H96: =บ่าย!H96+'เช้า '!H96+'เย็น '!H96 -> 1 | I96: =บ่าย!I96+'เช้า '!I96+'เย็น '!I96 -> 0 | J96: =บ่าย!J96+'เช้า '!J96+'เย็น '!J96 -> 0 | K96: =SUM(D96:J96) -> 46 | L96: 110 | O96: =(L96+M96+N96)-K96 -> 64
B97: 1112015 | C97: กล้วยหอมมะพร้าวเผา | D97: =บ่าย!D97+'เช้า '!D97+'เย็น '!D97 -> 0 | E97: =บ่าย!E97+'เช้า '!E97+'เย็น '!E97 -> 2 | F97: =บ่าย!F97+'เช้า '!F97+'เย็น '!F97 -> 2 | G97: =บ่าย!G97+'เช้า '!G97+'เย็น '!G97 -> 41 | H97: =บ่าย!H97+'เช้า '!H97+'เย็น '!H97 -> 1 | I97: =บ่าย!I97+'เช้า '!I97+'เย็น '!I97 -> 0 | J97: =บ่าย!J97+'เช้า '!J97+'เย็น '!J97 -> 0 | K97: =SUM(D97:J97) -> 46 | L97: 110 | O97: =(L97+M97+N97)-K97 -> 64
B98: 1112013 | C98: เผือกมะพร้าวอ่อน | D98: =บ่าย!D98+'เช้า '!D98+'เย็น '!D98 -> 0 | E98: =บ่าย!E98+'เช้า '!E98+'เย็น '!E98 -> 2 | F98: =บ่าย!F98+'เช้า '!F98+'เย็น '!F98 -> 9 | G98: =บ่าย!G98+'เช้า '!G98+'เย็น '!G98 -> 41 | H98: =บ่าย!H98+'เช้า '!H98+'เย็น '!H98 -> 1 | I98: =บ่าย!I98+'เช้า '!I98+'เย็น '!I98 -> 0 | J98: =บ่าย!J98+'เช้า '!J98+'เย็น '!J98 -> 0 | K98: =SUM(D98:J98) -> 53 | L98: 120 | O98: =(L98+M98+N98)-K98 -> 67
B99: 1124043 | C99: เบาหวิว คละรส | D99: =บ่าย!D99+'เช้า '!D99+'เย็น '!D99 -> 0 | E99: =บ่าย!E99+'เช้า '!E99+'เย็น '!E99 -> 0 | F99: =บ่าย!F99+'เช้า '!F99+'เย็น '!F99 -> 0 | G99: =บ่าย!G99+'เช้า '!G99+'เย็น '!G99 -> 0 | H99: =บ่าย!H99+'เช้า '!H99+'เย็น '!H99 -> 0 | I99: =บ่าย!I99+'เช้า '!I99+'เย็น '!I99 -> 0 | J99: =บ่าย!J99+'เช้า '!J99+'เย็น '!J99 -> 0 | K99: =SUM(D99:J99) -> 0 | O99: =(L99+M99+N99)-K99 -> 0
C100: รวม | K100: =SUM(K90:K99) -> 315 | O100: =(L100+M100+N100)-K100 -> -315
B101: เบาหวิว ญ 300 กรัม
B102: 1112008 | C102: มะพร้าว | D102: =บ่าย!D102+'เช้า '!D102+'เย็น '!D102 -> 0 | E102: =บ่าย!E102+'เช้า '!E102+'เย็น '!E102 -> 0 | F102: =บ่าย!F102+'เช้า '!F102+'เย็น '!F102 -> 0 | G102: =บ่าย!G102+'เช้า '!G102+'เย็น '!G102 -> 0 | H102: =บ่าย!H102+'เช้า '!H102+'เย็น '!H102 -> 0 | I102: =บ่าย!I102+'เช้า '!I102+'เย็น '!I102 -> 0 | J102: =บ่าย!J102+'เช้า '!J102+'เย็น '!J102 -> 0 | K102: =SUM(D102:J102) -> 0 | O102: =(L102+M102+N102)-K102 -> 0
B103: 1112010 | C103: ฝอยทอง | D103: =บ่าย!D103+'เช้า '!D103+'เย็น '!D103 -> 0 | E103: =บ่าย!E103+'เช้า '!E103+'เย็น '!E103 -> 0 | F103: =บ่าย!F103+'เช้า '!F103+'เย็น '!F103 -> 0 | G103: =บ่าย!G103+'เช้า '!G103+'เย็น '!G103 -> 0 | H103: =บ่าย!H103+'เช้า '!H103+'เย็น '!H103 -> 0 | I103: =บ่าย!I103+'เช้า '!I103+'เย็น '!I103 -> 0 | J103: =บ่าย!J103+'เช้า '!J103+'เย็น '!J103 -> 0 | K103: =SUM(D103:J103) -> 0 | O103: =(L103+M103+N103)-K103 -> 0
B104: 1112002 | C104: กาแฟ | D104: =บ่าย!D104+'เช้า '!D104+'เย็น '!D104 -> 0 | E104: =บ่าย!E104+'เช้า '!E104+'เย็น '!E104 -> 0 | F104: =บ่าย!F104+'เช้า '!F104+'เย็น '!F104 -> 0 | G104: =บ่าย!G104+'เช้า '!G104+'เย็น '!G104 -> 0 | H104: =บ่าย!H104+'เช้า '!H104+'เย็น '!H104 -> 0 | I104: =บ่าย!I104+'เช้า '!I104+'เย็น '!I104 -> 0 | J104: =บ่าย!J104+'เช้า '!J104+'เย็น '!J104 -> 0 | K104: =SUM(D104:J104) -> 0 | O104: =(L104+M104+N104)-K104 -> 0
...
