Workbook

Sheet เช้า 
B1: ยอดจริง ออนไลน์ วันที่ 20/6/68เช้า
L2: ยอดรวมผลิต
L3: จำนวน
B4: รหัสสินค้า | C4: สินค้า | D4: ปณ | E4: ชอปปี้ | F4: ลาซาด้า | G4: ติ๊กตอก | H4: ติ๊กตอก 2 | I4: ติ๊กตอก3 | J4: ชอยส์ | K4: ยอดเส้น | L4: (กล่อง)
B6: ชิฟฟอนรวมรส
B7: 1111002 | C7: ชิฟฟอนรวมรส 8 ชิ้น | D7: 2 | E7: 2 | F7: 12 | G7: 10 | L7: =SUM(D7:K7) -> 26
C8: ชิฟฟอนแบบกล่องสุ่มอะไรก็ได้ที่มี | L8: =SUM(D8:K8) -> 0
B9: 1111084 | C9: ชิฟฟอน 8 ชิ้น กาแฟล้วน | L9: =SUM(D9:K9) -> 0
B10: 1111085 | C10: ชิฟฟอน 8 ชิ้น บลูเบอรี่ล้วน | L10: =SUM(D10:K10) -> 0
B11: 1111086 | C11: ชิฟฟอน 8 ชิ้น มะพร้าวล้วน | L11: =SUM(D11:K11) -> 0
B12: 1111087 | C12: ชิฟฟอน 8 ชิ้น สตอเบอรี่ล้วน | L12: =SUM(D12:K12) -> 0
B13: 1111088 | C13: ชิฟฟอน 8 ชิ้น ส้มล้วน | L13: =SUM(D13:K13) -> 0
B14: 1111089 | C14: ชิฟฟอน 8 ชิ้น เนยล้วน | L14: =SUM(D14:K14) -> 0
B15: 1111090 | C15: ชิฟฟอน 8 ชิ้น เผือกล้วน | L15: =SUM(D15:K15) -> 0
B16: 1111091 | C16: ชิฟฟอน 8 ชิ้น ใบเตยล้วน | L16: =SUM(D16:K16) -> 0
B17: 1111092 | C17: ชิฟฟอน 8 ชิ้น กล้วยหอม | L17: =SUM(D17:K17) -> 0
B18: 1111093 | C18: ชิฟฟอน 8 ชิ้น โกโก้ล้วน | L18: =SUM(D18:K18) -> 0
B19: 1111094 | C19: ชิฟฟอน 8 ชิ้น ชาไทยล้วน | L19: =SUM(D19:K19) -> 0
B20: 1111095 | C20: ชิฟฟอน 8 ชิ้น ชาเขียวล้วน | L20: =SUM(D20:K20) -> 0
... B24: 1111043 | C24: ชิฟฟอน 8 ชิ้น มะลิ | L24: =SUM(D24:K24) -> 0
B25: 1111056 | C25: ชิฟฟอน 8 ชิ้น รวมรสยอดฮิต | D25: 1 | F25: 3 | G25: 1 | L25: =SUM(D25:K25) -> 5
B26: 1004055 | C26: ชิฟฟอนรวมรส 4 ชิ้น | G26: 33 | K26: 30 | L26: =SUM(D26:K26) -> 63
B27: 1004055 | C27: ชิฟฟอน 4 ชิ้น โกโก้ล้วน | L27: =SUM(D27:K27) -> 0
B28: 1004055 | C28: ชิฟฟอน 4 ชิ้น มะพร้าวล้วน | L28: =SUM(D28:K28) -> 0
B29: 1004055 | C29: ชิฟฟอน 4 ชิ้น เนยล้วน | L29: =SUM(D29:K29) -> 0
B30: 1004055 | C30: ชิฟฟอน 4 ชิ้น กาแฟล้วน | L30: =SUM(D30:K30) -> 0
B31: 1004055 | C31: ชิฟฟอน 4 ชิ้น ใบเตยล้วน | L31: =SUM(D31:K31) -> 0
B32: 1004055 | C32: ชิฟฟอน 4 ชิ้น บลูเบอร์รี่ล้วน | L32: =SUM(D32:K32) -> 0
B33: 1004055 | C33: ชิฟฟอน 4 ชิ้น ส้มล้วน | L33: =SUM(D33:K33) -> 0
B34: 1004055 | C34: ชิฟฟอน 4 ชิ้น เผือกล้วน | L34: =SUM(D34:K34) -> 0
B35: 1004055 | C35: ชิฟฟอน 4 ชิ้น สตอเบอรี่ล้วน | L35: =SUM(D35:K35) -> 0
B36: 1004055 | C36: ชิฟฟอน 4 ชิ้น กล้วยหอมล้วน | L36: =SUM(D36:K36) -> 0
B37: 1004055 | C37: ชิฟฟอน 4 ชิ้น ชาเขียวล้วน | L37: =SUM(D37:K37) -> 0
B38: 1004055 | C38: ชิฟฟอน 4 ชิ้น ชาไทยล้วน | L38: =SUM(D38:K38) -> 0
B39: 1004055 | C39: ชิฟฟอน 4 ชิ้น สับปะรดล้วน | L39: =SUM(D39:K39) -> 0
B40: 1111057 | C40: ชิฟฟอนแยกชิ้น กาแฟ | E40: 27 | L40: =SUM(D40:K40) -> 27
B41: 1111058 | C41: ชิฟฟอนแยกชิ้น ชาเขียว | E41: 27 | L41: =SUM(D41:K41) -> 27
B42: 1111059 | C42: ชิฟฟอนแยกชิ้น ใบเตย | E42: 27 | L42: =SUM(D42:K42) -> 27
B43: 1111060 | C43: ชิฟฟอนแยกชิ้น กล้วยหอม | E43: 27 | L43: =SUM(D43:K43) -> 27
B44: 1111061 | C44: ชิฟฟอนแยกชิ้น ชาไทย | E44: 27 | L44: =SUM(D44:K44) -> 27
B45: 1111062 | C45: ชิฟฟอนแยกชิ้น โกโก้ | E45: 27 | L45: =SUM(D45:K45) -> 27
B46: 1111063 | C46: ชิฟฟอนแยกชิ้น ส้ม | E46: 27 | L46: =SUM(D46:K46) -> 27
B47: 1111064 | C47: ชิฟฟอนแยกชิ้น เผือก | E47: 27 | L47: =SUM(D47:K47) -> 27
B48: 1111065 | C48: ชิฟฟอนแยกชิ้น สับปะรด | E48: 27 | L48: =SUM(D48:K48) -> 27
B49: 1111066 | C49: ชิฟฟอนแยกชิ้น สตอเบอรี่ | E49: 27 | L49: =SUM(D49:K49) -> 27
B50: 1111067 | C50: ชิฟฟอนแยกชิ้น มะพร้าว | L50: =SUM(D50:K50) -> 0
B51: 1111068 | C51: ชิฟฟอนแยกชิ้น เนย | L51: =SUM(D51:K51) -> 0
B52: 1111069 | C52: ชิฟฟอนแยกชิ้น บลูเบอรี่ | L52: =SUM(D52:K52) -> 0
B53: 1111070 | C53: ชิฟฟอนแยกชิ้น ทุเรียน | L53: =SUM(D53:K53) -> 0
B54: 1111071 | C54: ชิฟฟอนแยกชิ้น ตาล | L54: =SUM(D54:K54) -> 0
B55: 1111001 | C55: ชิฟฟอนแยกชิ้น คละรส | L55: =SUM(D55:K55) -> 0
B56: 1111074 | C56: ชิฟฟอนไส้แยมแยกชิ้น มะพร้าว | L56: =SUM(D56:K56) -> 0
B57: 1111075 | C57: ชิฟฟอนไส้แยมแยกชิ้น สตอเบอรี่ | L57: =SUM(D57:K57) -> 0
B58: 1111076 | C58: ชิฟฟอนไส้แยมแยกชิ้น ส้ม | L58: =SUM(D58:K58) -> 0
B59: 1111077 | C59: ชิฟฟอนไส้แยมแยกชิ้น บลูเบอรี่ | L59: =SUM(D59:K59) -> 0
B60: 1111078 | C60: ชิฟฟอนไส้แยมแยกชิ้น นมชมพู | L60: =SUM(D60:K60) -> 0
B61: 1111079 | C61: ชิฟฟอนไส้แยมแยกชิ้น ชอคโกแลต | L61: =SUM(D61:K61) -> 0
... B66: 1111010 | C66: ชิฟฟอนไส้แยมแยกชิ้น คละรส | L66: =SUM(D66:K66) -> 0
C67: รวม | L67: =SUM(L7:L66) -> 364
B68: ชิฟฟอนไส้แยม 6 ชิ้น
B69: 1111009 | C69: ชิฟฟอนไส้แยมรวมรส 6 ชิ้น | D69: 2 | F69: 1 | L69: =SUM(D69:K69) -> 3
B70: 1111023 | C70: ชิฟฟอนไส้แยมรสสตอเบอร์รี่ล้วน 6 ชิ้น | L70: =SUM(D70:K70) -> 0
B71: 1111016 | C71: ชิฟฟอนไส้แยมรสมะพร้าวล้วน 6 ชิ้น | L71: =SUM(D71:K71) -> 0
B72: 1111014 | C72: ชิฟฟอนไส้แยมรสช็อกโกแลตนูเทลล่าล้วน 6 ชิ้น | L72: =SUM(D72:K72) -> 0
B73: 1111025 | C73: ชิฟฟอนไส้แยมรสส้มล้วน 6 ชิ้น | L73: =SUM(D73:K73) -> 0
B74: 1111018 | C74: ชิฟฟอนไส้แยมรสบลูเบอร์รี่ล้วน 6 ชิ้น | L74: =SUM(D74:K74) -> 0
B75: 1111012 | C75: ชิฟฟอนไส้แยมรสนมชมพูฮอกไกโดล้วน 6 ชิ้น | L75: =SUM(D75:K75) -> 0
B76: 1111020 | C76: ชิฟฟอนไส้แยมฝอยทองไส้ทะลัก 6 ชิ้น | L76: =SUM(D76:K76) -> 0
C77: รวม | L77: =SUM(L69:L76) -> 3
B78: ชิฟฟอนไส้แยม 3 ชิ้น
B79: 1111022 | C79: ชิฟฟอนไส้แยมรสสตอเบอร์รี่ล้วน 3 ชิ้น | L79: =SUM(D79:K79) -> 0
B80: 1111015 | C80: ชิฟฟอนไส้แยมรสมะพร้าวล้วน 3 ชิ้น | L80: =SUM(D80:K80) -> 0
B81: 1111013 | C81: ชิฟฟอนไส้แยมรสช็อกโกแลตนูเทลล่าล้วน 3 ชิ้น | L81: =SUM(D81:K81) -> 0
B82: 1111024 | C82: ชิฟฟอนไส้แยมรสส้มล้วน 3 ชิ้น | L82: =SUM(D82:K82) -> 0
B83: 1111017 | C83: ชิฟฟอนไส้แยมรสบลูเบอร์รี่ล้วน 3 ชิ้น | L83: =SUM(D83:K83) -> 0
B84: 1111011 | C84: ชิฟฟอนไส้แยมรสนมชมพูฮอกไกโดล้วน 3 ชิ้น | L84: =SUM(D84:K84) -> 0
B85: 1111019 | C85: ชิฟฟอนไส้แยมฝอยทองไส้ทะลัก 3 ชิ้น | L85: =SUM(D85:K85) -> 0
B86: 1113081 | C86: ชิฟฟอนไส้แยม วนิลา/ใบเตย/เมล่อน | L86: =SUM(D86:K86) -> 0
B87: 1111008 | C87: ชิฟฟอนไส้แยมรวมรส 3 ชิ้น | D87: 61 | K87: 5 | L87: =SUM(D87:K87) -> 66
C88: รวม | L88: =SUM(L79:L87) -> 66
B89: เบาหวิว ล 110 กรัม
B90: 1112009 | C90: มะพร้าว | D90: 5 | G90: 6 | L90: =SUM(D90:K90) -> 11
B91: 1112011 | C91: ฝอยทอง | D91: 3 | F91: 2 | G91: 6 | L91: =SUM(D91:K91) -> 11
B92: 1112003 | C92: กาแฟ | D92: 7 | G92: 6 | L92: =SUM(D92:K92) -> 13
B93: 1112005 | C93: เนยนม | D93: 5 | G93: 6 | L93: =SUM(D93:K93) -> 11
B94: 1112007 | C94: ใบเตย | L94: =SUM(D94:K94) -> 0
B95: 1112019 | C95: ทุเรียน | L95: =SUM(D95:K95) -> 0
B96: 1112017 | C96: ตาลหอม | L96: =SUM(D96:K96) -> 0
B97: 1112015 | C97: กล้วยหอมมะพร้าวเผา | D97: 4 | G97: 6 | L97: =SUM(D97:K97) -> 10
B98: 1112013 | C98: เผือกมะพร้าวอ่อน | D98: 4 | G98: 6 | L98: =SUM(D98:K98) -> 10
B99: 1124043 | C99: เบาหวิว คละรส | L99: =SUM(D99:K99) -> 0
C100: รวม | L100: =SUM(L90:L99) -> 66
B101: เบาหวิว ญ 300 กรัม
B102: 1112008 | C102: มะพร้าว | L102: =SUM(D102:K102) -> 0
B103: 1112010 | C103: ฝอยทอง | L103: =SUM(D103:K103) -> 0
B104: 1112002 | C104: กาแฟ | L104: =SUM(D104:K104) -> 0
B105: 1112004 | C105: เนยนม | L105: =SUM(D105:K105) -> 0
B106: 1112006 | C106: ใบเตย | L106: =SUM(D106:K106) -> 0
B107: 1112018 | C107: ทุเรียน | L107: =SUM(D107:K107) -> 0
B108: 1112016 | C108: ตาลหอม | L108: =SUM(D108:K108) -> 0
...

Sheet เย็น 
B1: ยอดจริง ออนไลน์ วันที่ - เย็น
L2: ยอดรวมผลิต
L3: จำนวน
B4: รหัสสินค้า | C4: สินค้า | D4: ปณ | E4: ชอปปี้ | F4: ลาซาด้า | G4: ติ๊กตอก | H4: ติ๊กตอก 2 | I4: ติ๊กตอก3 | J4: ชอยส์ | K4: ยอดเส้น | L4: (กล่อง)
B6: ชิฟฟอนรวมรส
B7: 1111002 | C7: ชิฟฟอนรวมรส 8 ชิ้น | L7: =SUM(D7:K7) -> 0
C8: ชิฟฟอนแบบกล่องสุ่มอะไรก็ได้ที่มี | L8: =SUM(D8:K8) -> 0
B9: 1111084 | C9: ชิฟฟอน 8 ชิ้น กาแฟล้วน | L9: =SUM(D9:K9) -> 0
B10: 1111085 | C10: ชิฟฟอน 8 ชิ้น บลูเบอรี่ล้วน | L10: =SUM(D10:K10) -> 0
B11: 1111086 | C11: ชิฟฟอน 8 ชิ้น มะพร้าวล้วน | L11: =SUM(D11:K11) -> 0
B12: 1111087 | C12: ชิฟฟอน 8 ชิ้น สตอเบอรี่ล้วน | L12: =SUM(D12:K12) -> 0
B13: 1111088 | C13: ชิฟฟอน 8 ชิ้น ส้มล้วน | L13: =SUM(D13:K13) -> 0
B14: 1111089 | C14: ชิฟฟอน 8 ชิ้น เนยล้วน | L14: =SUM(D14:K14) -> 0
B15: 1111090 | C15: ชิฟฟอน 8 ชิ้น เผือกล้วน | L15: =SUM(D15:K15) -> 0
B16: 1111091 | C16: ชิฟฟอน 8 ชิ้น ใบเตยล้วน | L16: =SUM(D16:K16) -> 0
B17: 1111092 | C17: ชิฟฟอน 8 ชิ้น กล้วยหอม | L17: =SUM(D17:K17) -> 0
B18: 1111093 | C18: ชิฟฟอน 8 ชิ้น โกโก้ล้วน | L18: =SUM(D18:K18) -> 0
B19: 1111094 | C19: ชิฟฟอน 8 ชิ้น ชาไทยล้วน | L19: =SUM(D19:K19) -> 0
B20: 1111095 | C20: ชิฟฟอน 8 ชิ้น ชาเขียวล้วน | L20: =SUM(D20:K20) -> 0
... B66: 1111010 | C66: ชิฟฟอนไส้แยมแยกชิ้น คละรส | L66: =SUM(D66:K66) -> 0
C67: รวม | L67: =SUM(L7:L66) -> 0
B68: ชิฟฟอนไส้แยม 6 ชิ้น
B69: 1111009 | C69: ชิฟฟอนไส้แยมรวมรส 6 ชิ้น | L69: =SUM(D69:K69) -> 0
B70: 1111023 | C70: ชิฟฟอนไส้แยมรสสตอเบอร์รี่ล้วน 6 ชิ้น | L70: =SUM(D70:K70) -> 0
B71: 1111016 | C71: ชิฟฟอนไส้แยมรสมะพร้าวล้วน 6 ชิ้น | L71: =SUM(D71:K71) -> 0
B72: 1111014 | C72: ชิฟฟอนไส้แยมรสช็อกโกแลตนูเทลล่าล้วน 6 ชิ้น | L72: =SUM(D72:K72) -> 0
B73: 1111025 | C73: ชิฟฟอนไส้แยมรสส้มล้วน 6 ชิ้น | L73: =SUM(D73:K73) -> 0
B74: 1111018 | C74: ชิฟฟอนไส้แยมรสบลูเบอร์รี่ล้วน 6 ชิ้น | L74: =SUM(D74:K74) -> 0
B75: 1111012 | C75: ชิฟฟอนไส้แยมรสนมชมพูฮอกไกโดล้วน 6 ชิ้น | L75: =SUM(D75:K75) -> 0
B76: 1111020 | C76: ชิฟฟอนไส้แยมฝอยทองไส้ทะลัก 6 ชิ้น | L76: =SUM(D76:K76) -> 0
C77: รวม | L77: =SUM(L69:L76) -> 0
B78: ชิฟฟอนไส้แยม 3 ชิ้น
B79: 1111022 | C79: ชิฟฟอนไส้แยมรสสตอเบอร์รี่ล้วน 3 ชิ้น | L79: =SUM(D79:K79) -> 0
B80: 1111015 | C80: ชิฟฟอนไส้แยมรสมะพร้าวล้วน 3 ชิ้น | L80: =SUM(D80:K80) -> 0
B81: 1111013 | C81: ชิฟฟอนไส้แยมรสช็อกโกแลตนูเทลล่าล้วน 3 ชิ้น | L81: =SUM(D81:K81) -> 0
B82: 1111024 | C82: ชิฟฟอนไส้แยมรสส้มล้วน 3 ชิ้น | L82: =SUM(D82:K82) -> 0
B83: 1111017 | C83: ชิฟฟอนไส้แยมรสบลูเบอร์รี่ล้วน 3 ชิ้น | L83: =SUM(D83:K83) -> 0
B84: 1111011 | C84: ชิฟฟอนไส้แยมรสนมชมพูฮอกไกโดล้วน 3 ชิ้น | L84: =SUM(D84:K84) -> 0
B85: 1111019 | C85: ชิฟฟอนไส้แยมฝอยทองไส้ทะลัก 3 ชิ้น | L85: =SUM(D85:K85) -> 0
B86: 1113081 | C86: ชิฟฟอนไส้แยม วนิลา/ใบเตย/เมล่อน | L86: =SUM(D86:K86) -> 0
B87: 1111008 | C87: ชิฟฟอนไส้แยมรวมรส 3 ชิ้น | L87: =SUM(D87:K87) -> 0
C88: รวม | L88: =SUM(L79:L87) -> 0
B89: เบาหวิว ล 110 กรัม
B90: 1112009 | C90: มะพร้าว | L90: =SUM(D90:K90) -> 0
B91: 1112011 | C91: ฝอยทอง | L91: =SUM(D91:K91) -> 0
B92: 1112003 | C92: กาแฟ | L92: =SUM(D92:K92) -> 0
B93: 1112005 | C93: เนยนม | L93: =SUM(D93:K93) -> 0
B94: 1112007 | C94: ใบเตย | L94: =SUM(D94:K94) -> 0
B95: 1112019 | C95: ทุเรียน | L95: =SUM(D95:K95) -> 0
B96: 1112017 | C96: ตาลหอม | L96: =SUM(D96:K96) -> 0
B97: 1112015 | C97: กล้วยหอมมะพร้าวเผา | L97: =SUM(D97:K97) -> 0
B98: 1112013 | C98: เผือกมะพร้าวอ่อน | L98: =SUM(D98:K98) -> 0
B99: 1124043 | C99: เบาหวิว คละรส | L99: =SUM(D99:K99) -> 0
C100: รวม | L100: =SUM(L90:L99) -> 0
B101: เบาหวิว ญ 300 กรัม
B102: 1112008 | C102: มะพร้าว | L102: =SUM(D102:K102) -> 0
B103: 1112010 | C103: ฝอยทอง | L103: =SUM(D103:K103) -> 0
B104: 1112002 | C104: กาแฟ | L104: =SUM(D104:K104) -> 0
B105: 1112004 | C105: เนยนม | L105: =SUM(D105:K105) -> 0
B106: 1112006 | C106: ใบเตย | L106: =SUM(D106:K106) -> 0
B107: 1112018 | C107: ทุเรียน | L107: =SUM(D107:K107) -> 0
B108: 1112016 | C108: ตาลหอม | L108: =SUM(D108:K108) -> 0
B109: 1112014 | C109: กล้วยหอมมะพร้าวเผา | L109: =SUM(D109:K109) -> 0
B110: 1112012 | C110: เผือกมะพร้าวอ่อน | L110: =SUM(D110:K110) -> 0
C111: เบาหวิว คละรส | L111: =SUM(D111:K111) -> 0
C112: รวม | L112: =SUM(L102:L111) -> 0
B113: อื่นๆ
B114: 1113170 | C114: ขนมเปี๊ยะถั่วฝอยทองไข่เค็ม 450 กรัม | L114: =SUM(D114:K114) -> 0
B115: 1113171 | C115: ขนมเปี๊ยะฟักถั่วไข่เค็ม 450 กรัม | L115: =SUM(D115:K115) -> 0
B116: 1113172 | C116: ขนมเปี๊ยะเผือกฝอยทองไข่เค็ม 450 กรัม | L116: =SUM(D116:K116) -> 0
B117: 1113173 | C117: ขนมเปี๊ยะงาดำฝอยทองไข่เค็ม 450 กรัม | L117: =SUM(D117:K117) -> 0
B118: 1100003 | C118: เมอแรงค์ กระปุก | L118: =SUM(D118:K118) -> 0
B119: 1100001 | C119: พายสับปรด 1 ชิ้น | L119: =SUM(D119:K119) -> 0
B120: 1100002 | C120: พายสับปรด 1 กล่อง | L120: =SUM(D120:K120) -> 0
B121: 1200001 | C121: คอนเฟลค | L121: =SUM(D121:K121) -> 0
B122: 1005761 | C122: ปังกรอบคาราเมล(ถุง) | L122: =SUM(D122:K122) -> 0
B123: 1114501 | C123: ครีมฮอร์นไส้เนย วนิลา | L123: =SUM(D123:K123) -> 0
B124: 1114502 | C124: ครีมฮอร์นไส้เนย ใบเตย | L124: =SUM(D124:K124) -> 0
B125: 1114503 | C125: ครีมฮอร์นไส้เนย ชอค | L125: =SUM(D125:K125) -> 0
... B134: 1200092 | C134: ท็อฟฟี่ถั่ว 1 กิโล | L134: =SUM(D134:K134) -> 0
C135: เศษขนมปังปลา5กก. | L135: =SUM(D135:K135) -> 0
C136: เศษขนมปังปลา1กก. | L136: =SUM(D136:K136) -> 0
B137: 20052721 | C137: แซนวิชโบราณ | L137: =SUM(D137:K137) -> 0
B138: 1004046 | C138: ปังเนยนิ่ม ถุง | L138: =SUM(D138:K138) -> 0
C139: กล่องเบาหวิว ล | L139: =SUM(D139:K139) -> 0
C140: กล่องเปี๊ยะ ล | L140: =SUM(D140:K140) -> 0
B143: …..................................................................................... | I143: ….....................................................................................
B144: ผู้จัดทำ | I144: ผู้รับทราบ

Sheet บ่าย
B1: ยอดจริง ออนไลน์ วันที่ 20/6/68 บ่าย
M2: ยอดรวมผลิต
M3: จำนวน
B4: รหัสสินค้า | C4: สินค้า | D4: ปณ | E4: ชอปปี้ | F4: ลาซาด้า | G4: ติ๊กตอก | H4: ติ๊กตอก 2 | I4: ติ๊กตอก3 | J4: รวม TT | K4: ชอยส์ | L4: ยอดเส้น | M4: (กล่อง)
B6: ชิฟฟอนรวมรส
B7: 1111002 | C7: ชิฟฟอนรวมรส 8 ชิ้น | E7: 6 | F7: 9 | G7: 3 | J7: =+G7+H7+I7 -> 3 | M7: =+D7+E7+F7+J7+K7+L7 -> 18
C8: ชิฟฟอนแบบกล่องสุ่มอะไรก็ได้ที่มี | J8: =+G8+H8+I8 -> 0 | M8: =+D8+E8+F8+J8+K8+L8 -> 0
B9: 1111084 | C9: ชิฟฟอน 8 ชิ้น กาแฟล้วน | J9: =+G9+H9+I9 -> 0 | M9: =+D9+E9+F9+J9+K9+L9 -> 0
B10: 1111085 | C10: ชิฟฟอน 8 ชิ้น บลูเบอรี่ล้วน | J10: =+G10+H10+I10 -> 0 | M10: =+D10+E10+F10+J10+K10+L10 -> 0
B11: 1111086 | C11: ชิฟฟอน 8 ชิ้น มะพร้าวล้วน | J11: =+G11+H11+I11 -> 0 | M11: =+D11+E11+F11+J11+K11+L11 -> 0
B12: 1111087 | C12: ชิฟฟอน 8 ชิ้น สตอเบอรี่ล้วน | J12: =+G12+H12+I12 -> 0 | M12: =+D12+E12+F12+J12+K12+L12 -> 0
B13: 1111088 | C13: ชิฟฟอน 8 ชิ้น ส้มล้วน | J13: =+G13+H13+I13 -> 0 | M13: =+D13+E13+F13+J13+K13+L13 -> 0
B14: 1111089 | C14: ชิฟฟอน 8 ชิ้น เนยล้วน | J14: =+G14+H14+I14 -> 0 | M14: =+D14+E14+F14+J14+K14+L14 -> 0
B15: 1111090 | C15: ชิฟฟอน 8 ชิ้น เผือกล้วน | J15: =+G15+H15+I15 -> 0 | M15: =+D15+E15+F15+J15+K15+L15 -> 0
B16: 1111091 | C16: ชิฟฟอน 8 ชิ้น ใบเตยล้วน | J16: =+G16+H16+I16 -> 0 | M16: =+D16+E16+F16+J16+K16+L16 -> 0
B17: 1111092 | C17: ชิฟฟอน 8 ชิ้น กล้วยหอม | J17: =+G17+H17+I17 -> 0 | M17: =+D17+E17+F17+J17+K17+L17 -> 0
B18: 1111093 | C18: ชิฟฟอน 8 ชิ้น โกโก้ล้วน | J18: =+G18+H18+I18 -> 0 | M18: =+D18+E18+F18+J18+K18+L18 -> 0
B19: 1111094 | C19: ชิฟฟอน 8 ชิ้น ชาไทยล้วน | J19: =+G19+H19+I19 -> 0 | M19: =+D19+E19+F19+J19+K19+L19 -> 0
B20: 1111095 | C20: ชิฟฟอน 8 ชิ้น ชาเขียวล้วน | J20: =+G20+H20+I20 -> 0 | M20: =+D20+E20+F20+J20+K20+L20 -> 0
... B24: 1111043 | C24: ชิฟฟอน 8 ชิ้น มะลิ | J24: =+G24+H24+I24 -> 0 | M24: =+D24+E24+F24+J24+K24+L24 -> 0
B25: 1111056 | C25: ชิฟฟอน 8 ชิ้น รวมรสยอดฮิต | G25: 1 | J25: =+G25+H25+I25 -> 1 | M25: =+D25+E25+F25+J25+K25+L25 -> 1
B26: 1004055 | C26: ชิฟฟอนรวมรส 4 ชิ้น | G26: 12 | J26: =+G26+H26+I26 -> 12 | M26: =+D26+E26+F26+J26+K26+L26 -> 12
B27: 1004055 | C27: ชิฟฟอน 4 ชิ้น โกโก้ล้วน | J27: =+G27+H27+I27 -> 0 | M27: =+D27+E27+F27+J27+K27+L27 -> 0
B28: 1004055 | C28: ชิฟฟอน 4 ชิ้น มะพร้าวล้วน | J28: =+G28+H28+I28 -> 0 | M28: =+D28+E28+F28+J28+K28+L28 -> 0
B29: 1004055 | C29: ชิฟฟอน 4 ชิ้น เนยล้วน | J29: =+G29+H29+I29 -> 0 | M29: =+D29+E29+F29+J29+K29+L29 -> 0
B30: 1004055 | C30: ชิฟฟอน 4 ชิ้น กาแฟล้วน | J30: =+G30+H30+I30 -> 0 | M30: =+D30+E30+F30+J30+K30+L30 -> 0
B31: 1004055 | C31: ชิฟฟอน 4 ชิ้น ใบเตยล้วน | J31: =+G31+H31+I31 -> 0 | M31: =+D31+E31+F31+J31+K31+L31 -> 0
B32: 1004055 | C32: ชิฟฟอน 4 ชิ้น บลูเบอร์รี่ล้วน | J32: =+G32+H32+I32 -> 0 | M32: =+D32+E32+F32+J32+K32+L32 -> 0
B33: 1004055 | C33: ชิฟฟอน 4 ชิ้น ส้มล้วน | J33: =+G33+H33+I33 -> 0 | M33: =+D33+E33+F33+J33+K33+L33 -> 0
B34: 1004055 | C34: ชิฟฟอน 4 ชิ้น เผือกล้วน | J34: =+G34+H34+I34 -> 0 | M34: =+D34+E34+F34+J34+K34+L34 -> 0
B35: 1004055 | C35: ชิฟฟอน 4 ชิ้น สตอเบอรี่ล้วน | J35: =+G35+H35+I35 -> 0 | M35: =+D35+E35+F35+J35+K35+L35 -> 0
B36: 1004055 | C36: ชิฟฟอน 4 ชิ้น กล้วยหอมล้วน | J36: =+G36+H36+I36 -> 0 | M36: =+D36+E36+F36+J36+K36+L36 -> 0
B37: 1004055 | C37: ชิฟฟอน 4 ชิ้น ชาเขียวล้วน | J37: =+G37+H37+I37 -> 0 | M37: =+D37+E37+F37+J37+K37+L37 -> 0
B38: 1004055 | C38: ชิฟฟอน 4 ชิ้น ชาไทยล้วน | J38: =+G38+H38+I38 -> 0 | M38: =+D38+E38+F38+J38+K38+L38 -> 0
... B66: 1111010 | C66: ชิฟฟอนไส้แยมแยกชิ้น คละรส | J66: =+G66+H66+I66 -> 0 | M66: =+D66+E66+F66+J66+K66+L66 -> 0
C67: รวม | J67: =+G67+H67+I67 -> 0 | M67: =+D67+E67+F67+J67+K67+L67 -> 0
B68: ชิฟฟอนไส้แยม 6 ชิ้น | J68: =+G68+H68+I68 -> 0 | M68: =+D68+E68+F68+J68+K68+L68 -> 0
B69: 1111009 | C69: ชิฟฟอนไส้แยมรวมรส 6 ชิ้น | J69: =+G69+H69+I69 -> 0 | M69: =+D69+E69+F69+J69+K69+L69 -> 0
B70: 1111023 | C70: ชิฟฟอนไส้แยมรสสตอเบอร์รี่ล้วน 6 ชิ้น | J70: =+G70+H70+I70 -> 0 | M70: =+D70+E70+F70+J70+K70+L70 -> 0
B71: 1111016 | C71: ชิฟฟอนไส้แยมรสมะพร้าวล้วน 6 ชิ้น | J71: =+G71+H71+I71 -> 0 | M71: =+D71+E71+F71+J71+K71+L71 -> 0
B72: 1111014 | C72: ชิฟฟอนไส้แยมรสช็อกโกแลตนูเทลล่าล้วน 6 ชิ้น | J72: =+G72+H72+I72 -> 0 | M72: =+D72+E72+F72+J72+K72+L72 -> 0
B73: 1111025 | C73: ชิฟฟอนไส้แยมรสส้มล้วน 6 ชิ้น | J73: =+G73+H73+I73 -> 0 | M73: =+D73+E73+F73+J73+K73+L73 -> 0
B74: 1111018 | C74: ชิฟฟอนไส้แยมรสบลูเบอร์รี่ล้วน 6 ชิ้น | J74: =+G74+H74+I74 -> 0 | M74: =+D74+E74+F74+J74+K74+L74 -> 0
B75: 1111012 | C75: ชิฟฟอนไส้แยมรสนมชมพูฮอกไกโดล้วน 6 ชิ้น | J75: =+G75+H75+I75 -> 0 | M75: =+D75+E75+F75+J75+K75+L75 -> 0
B76: 1111020 | C76: ชิฟฟอนไส้แยมฝอยทองไส้ทะลัก 6 ชิ้น | J76: =+G76+H76+I76 -> 0 | M76: =+D76+E76+F76+J76+K76+L76 -> 0
C77: รวม | J77: =+G77+H77+I77 -> 0 | M77: =+D77+E77+F77+J77+K77+L77 -> 0
B78: ชิฟฟอนไส้แยม 3 ชิ้น | J78: =+G78+H78+I78 -> 0 | M78: =+D78+E78+F78+J78+K78+L78 -> 0
B79: 1111022 | C79: ชิฟฟอนไส้แยมรสสตอเบอร์รี่ล้วน 3 ชิ้น | J79: =+G79+H79+I79 -> 0 | M79: =+D79+E79+F79+J79+K79+L79 -> 0
B80: 1111015 | C80: ชิฟฟอนไส้แยมรสมะพร้าวล้วน 3 ชิ้น | J80: =+G80+H80+I80 -> 0 | M80: =+D80+E80+F80+J80+K80+L80 -> 0
B81: 1111013 | C81: ชิฟฟอนไส้แยมรสช็อกโกแลตนูเทลล่าล้วน 3 ชิ้น | J81: =+G81+H81+I81 -> 0 | M81: =+D81+E81+F81+J81+K81+L81 -> 0
B82: 1111024 | C82: ชิฟฟอนไส้แยมรสส้มล้วน 3 ชิ้น | J82: =+G82+H82+I82 -> 0 | M82: =+D82+E82+F82+J82+K82+L82 -> 0
B83: 1111017 | C83: ชิฟฟอนไส้แยมรสบลูเบอร์รี่ล้วน 3 ชิ้น | J83: =+G83+H83+I83 -> 0 | M83: =+D83+E83+F83+J83+K83+L83 -> 0
B84: 1111011 | C84: ชิฟฟอนไส้แยมรสนมชมพูฮอกไกโดล้วน 3 ชิ้น | J84: =+G84+H84+I84 -> 0 | M84: =+D84+E84+F84+J84+K84+L84 -> 0
B85: 1111019 | C85: ชิฟฟอนไส้แยมฝอยทองไส้ทะลัก 3 ชิ้น | J85: =+G85+H85+I85 -> 0 | M85: =+D85+E85+F85+J85+K85+L85 -> 0
B86: 1113081 | C86: ชิฟฟอนไส้แยม วนิลา/ใบเตย/เมล่อน | J86: =+G86+H86+I86 -> 0 | M86: =+D86+E86+F86+J86+K86+L86 -> 0
B87: 1111008 | C87: ชิฟฟอนไส้แยมรวมรส 3 ชิ้น | G87: 37 | J87: =+G87+H87+I87 -> 37 | M87: =+D87+E87+F87+J87+K87+L87 -> 37
C88: รวม | J88: =+G88+H88+I88 -> 0 | M88: =+D88+E88+F88+J88+K88+L88 -> 0
B89: เบาหวิว ล 110 กรัม | J89: =+G89+H89+I89 -> 0 | M89: =+D89+E89+F89+J89+K89+L89 -> 0
B90: 1112009 | C90: มะพร้าว | E90: 1 | G90: 19 | J90: =+G90+H90+I90 -> 19 | M90: =+D90+E90+F90+J90+K90+L90 -> 20
B91: 1112011 | C91: ฝอยทอง | E91: 1 | G91: 19 | J91: =+G91+H91+I91 -> 19 | M91: =+D91+E91+F91+J91+K91+L91 -> 20
B92: 1112003 | C92: กาแฟ | E92: 1 | G92: 18 | J92: =+G92+H92+I92 -> 18 | M92: =+D92+E92+F92+J92+K92+L92 -> 19
B93: 1112005 | C93: เนยนม | G93: 18 | J93: =+G93+H93+I93 -> 18 | M93: =+D93+E93+F93+J93+K93+L93 -> 18
B94: 1112007 | C94: ใบเตย | J94: =+G94+H94+I94 -> 0 | M94: =+D94+E94+F94+J94+K94+L94 -> 0
B95: 1112019 | C95: ทุเรียน | J95: =+G95+H95+I95 -> 0 | M95: =+D95+E95+F95+J95+K95+L95 -> 0
B96: 1112017 | C96: ตาลหอม | J96: =+G96+H96+I96 -> 0 | M96: =+D96+E96+F96+J96+K96+L96 -> 0
B97: 1112015 | C97: กล้วยหอมมะพร้าวเผา | G97: 19 | J97: =+G97+H97+I97 -> 19 | M97: =+D97+E97+F97+J97+K97+L97 -> 19
B98: 1112013 | C98: เผือกมะพร้าวอ่อน | G98: 19 | J98: =+G98+H98+I98 -> 19 | M98: =+D98+E98+F98+J98+K98+L98 -> 19
B99: 1124043 | C99: เบาหวิว คละรส | J99: =+G99+H99+I99 -> 0 | M99: =+D99+E99+F99+J99+K99+L99 -> 0
C100: รวม | J100: =+G100+H100+I100 -> 0 | M100: =+D100+E100+F100+J100+K100+L100 -> 0
B101: เบาหวิว ญ 300 กรัม | J101: =+G101+H101+I101 -> 0 | M101: =+D101+E101+F101+J101+K101+L101 -> 0
B102: 1112008 | C102: มะพร้าว | J102: =+G102+H102+I102 -> 0 | M102: =+D102+E102+F102+J102+K102+L102 -> 0
B103: 1112010 | C103: ฝอยทอง | J103: =+G103+H103+I103 -> 0 | M103: =+D103+E103+F103+J103+K103+L103 -> 0
B104: 1112002 | C104: กาแฟ | J104: =+G104+H104+I104 -> 0 | M104: =+D104+E104+F104+J104+K104+L104 -> 0
B105: 1112004 | C105: เนยนม | J105: =+G105+H105+I105 -> 0 | M105: =+D105+E105+F105+J105+K105+L105 -> 0
B106: 1112006 | C106: ใบเตย | J106: =+G106+H106+I106 -> 0 | M106: =+D106+E106+F106+J106+K106+L106 -> 0
B107: 1112018 | C107: ทุเรียน | J107: =+G107+H107+I107 -> 0 | M107: =+D107+E107+F107+J107+K107+L107 -> 0
B108: 1112016 | C108: ตาลหอม | J108: =+G108+H108+I108 -> 0 | M108: =+D108+E108+F108+J108+K108+L108 -> 0
B109: 1112014 | C109: กล้วยหอมมะพร้าวเผา | J109: =+G109+H109+I109 -> 0 | M109: =+D109+E109+F109+J109+K109+L109 -> 0
B110: 1112012 | C110: เผือกมะพร้าวอ่อน | J110: =+G110+H110+I110 -> 0 | M110: =+D110+E110+F110+J110+K110+L110 -> 0
C111: เบาหวิว คละรส | J111: =+G111+H111+I111 -> 0 | M111: =+D111+E111+F111+J111+K111+L111 -> 0
C112: รวม | J112: =+G112+H112+I112 -> 0 | M112: =+D112+E112+F112+J112+K112+L112 -> 0
B113: อื่นๆ | J113: =+G113+H113+I113 -> 0 | M113: =+D113+E113+F113+J113+K113+L113 -> 0
B114: 1113170 | C114: ขนมเปี๊ยะถั่วฝอยทองไข่เค็ม 450 กรัม | J114: =+G114+H114+I114 -> 0 | M114: =+D114+E114+F114+J114+K114+L114 -> 0
B115: 1113171 | C115: ขนมเปี๊ยะฟักถั่วไข่เค็ม 450 กรัม | J115: =+G115+H115+I115 -> 0 | M115: =+D115+E115+F115+J115+K115+L115 -> 0
B116: 1113172 | C116: ขนมเปี๊ยะเผือกฝอยทองไข่เค็ม 450 กรัม | J116: =+G116+H116+I116 -> 0 | M116: =+D116+E116+F116+J116+K116+L116 -> 0
B117: 1113173 | C117: ขนมเปี๊ยะงาดำฝอยทองไข่เค็ม 450 กรัม | J117: =+G117+H117+I117 -> 0 | M117: =+D117+E117+F117+J117+K117+L117 -> 0
B118: 1100003 | C118: เมอแรงค์ กระปุก | J118: =+G118+H118+I118 -> 0 | M118: =+D118+E118+F118+J118+K118+L118 -> 0
B119: 1100001 | C119: พายสับปรด 1 ชิ้น | J119: =+G119+H119+I119 -> 0 | M119: =+D119+E119+F119+J119+K119+L119 -> 0
B120: 1100002 | C120: พายสับปรด 1 กล่อง | J120: =+G120+H120+I120 -> 0 | M120: =+D120+E120+F120+J120+K120+L120 -> 0
B121: 1200001 | C121: คอนเฟลค | J121: =+G121+H121+I121 -> 0 | M121: =+D121+E121+F121+J121+K121+L121 -> 0
B122: 1005761 | C122: ปังกรอบคาราเมล(ถุง) | J122: =+G122+H122+I122 -> 0 | M122: =+D122+E122+F122+J122+K122+L122 -> 0
B123: 1114501 | C123: ครีมฮอร์นไส้เนย วนิลา | E123: 4 | F123: 6 | G123: 85 | J123: =+G123+H123+I123 -> 85 | M123: =+D123+E123+F123+J123+K123+L123 -> 95
B124: 1114502 | C124: ครีมฮอร์นไส้เนย ใบเตย | G124: 52 | J124: =+G124+H124+I124 -> 52 | M124: =+D124+E124+F124+J124+K124+L124 -> 52
B125: 1114503 | C125: ครีมฮอร์นไส้เนย ชอค | G125: 52 | J125: =+G125+H125+I125 -> 52 | M125: =+D125+E125+F125+J125+K125+L125 -> 52
B126: 1124021 | C126: ขนมปังหั่นสไลด์ | J126: =+G126+H126+I126 -> 0 | M126: =+D126+E126+F126+J126+K126+L126 -> 0
B127: 1113084 | C127: ปังเนยนิ่ม กล่อง 2 ชิ้น | J127: =+G127+H127+I127 -> 0 | M127: =+D127+E127+F127+J127+K127+L127 -> 0
B128: 900003 | C128: กล่องเปล่าชิฟอน ล | J128: =+G128+H128+I128 -> 0 | M128: =+D128+E128+F128+J128+K128+L128 -> 0
B129: 900004 | C129: กล่องเปล่าชิฟอน ญ | J129: =+G129+H129+I129 -> 0 | M129: =+D129+E129+F129+J129+K129+L129 -> 0
B130: 1200002 | C130: ทอฟฟี่ถั่ว กล่อง | J130: =+G130+H130+I130 -> 0 | M130: =+D130+E130+F130+J130+K130+L130 -> 0
B131: 1200003 | C131: ทอฟฟี่ถั่ว กระเช้า | J131: =+G131+H131+I131 -> 0 | M131: =+D131+E131+F131+J131+K131+L131 -> 0
...

Sheet รวม
B1: ยอดจริง ออนไลน์ วันที่ 20/6/68 รวม
M2: ยอดรวมผลิต | N2: ยอดฟอแคส | O2: ยอดสตอค | P2: ยอดเมโม่ | Q2: ยอดฟอแคสวันพรุ่งนี้ | R2: รวม
M3: จำนวน
B4: รหัสสินค้า | C4: สินค้า | D4: ปณ | E4: ชอปปี้ | F4: ลาซาด้า | G4: ติ๊กตอก | H4: ติ๊กตอก2 | I4: ติ๊กตอก3 | J4: รวม TT | K4: ชอยส์ | L4: ยอดเส้น | M4: (กล่อง)
B6: ชิฟฟอนรวมรส
B7: 1111002 | C7: ชิฟฟอนรวมรส 8 ชิ้น | D7: ='เย็น '!D7+'เช้า '!D7+บ่าย!D7 -> 2 | E7: 4 | F7: ='เย็น '!F7+'เช้า '!F7+บ่าย!F7 -> 21 | G7: ='เย็น '!G7+'เช้า '!G7+บ่าย!G7 -> 13 | H7: ='เย็น '!H7+'เช้า '!H7+บ่าย!H7 -> 0 | I7: ='เย็น '!I7+'เช้า '!I7+บ่าย!I7 -> 0 | J7: =+G7+H7+I7 -> 13 | K7: ='เย็น '!J7+'เช้า '!J7+บ่าย!K7 -> 0 | L7: ='เย็น '!K7+'เช้า '!K7+บ่าย!L7 -> 0 | M7: =+D7+E7+F7+J7+K7+L7 -> 40 | O7: 82 | R7: =(N7+O7+P7+Q7)-M7 -> 42
C8: ชิฟฟอนแบบกล่องสุ่มอะไรก็ได้ที่มี | D8: ='เย็น '!D8+'เช้า '!D8+บ่าย!D8 -> 0 | E8: ='เย็น '!E8+'เช้า '!E8+บ่าย!E8 -> 0 | F8: ='เย็น '!F8+'เช้า '!F8+บ่าย!F8 -> 0 | G8: ='เย็น '!G8+'เช้า '!G8+บ่าย!G8 -> 0 | H8: ='เย็น '!H8+'เช้า '!H8+บ่าย!H8 -> 0 | I8: ='เย็น '!I8+'เช้า '!I8+บ่าย!I8 -> 0 | J8: =+G8+H8+I8 -> 0 | K8: ='เย็น '!J8+'เช้า '!J8+บ่าย!K8 -> 0 | L8: ='เย็น '!K8+'เช้า '!K8+บ่าย!L8 -> 0 | M8: =+D8+E8+F8+J8+K8+L8 -> 0 | R8: =(N8+O8+P8+Q8)-M8 -> 0
B9: 1111084 | C9: ชิฟฟอน 8 ชิ้น กาแฟล้วน | D9: ='เย็น '!D9+'เช้า '!D9+บ่าย!D9 -> 0 | E9: ='เย็น '!E9+'เช้า '!E9+บ่าย!E9 -> 0 | F9: ='เย็น '!F9+'เช้า '!F9+บ่าย!F9 -> 0 | G9: ='เย็น '!G9+'เช้า '!G9+บ่าย!G9 -> 0 | H9: ='เย็น '!H9+'เช้า '!H9+บ่าย!H9 -> 0 | I9: ='เย็น '!I9+'เช้า '!I9+บ่าย!I9 -> 0 | J9: =+G9+H9+I9 -> 0 | K9: ='เย็น '!J9+'เช้า '!J9+บ่าย!K9 -> 0 | L9: ='เย็น '!K9+'เช้า '!K9+บ่าย!L9 -> 0 | M9: =+D9+E9+F9+J9+K9+L9 -> 0 | R9: =(N9+O9+P9+Q9)-M9 -> 0
B10: 1111085 | C10: ชิฟฟอน 8 ชิ้น บลูเบอรี่ล้วน | D10: ='เย็น '!D10+'เช้า '!D10+บ่าย!D10 -> 0 | E10: ='เย็น '!E10+'เช้า '!E10+บ่าย!E10 -> 0 | F10: ='เย็น '!F10+'เช้า '!F10+บ่าย!F10 -> 0 | G10: ='เย็น '!G10+'เช้า '!G10+บ่าย!G10 -> 0 | H10: ='เย็น '!H10+'เช้า '!H10+บ่าย!H10 -> 0 | I10: ='เย็น '!I10+'เช้า '!I10+บ่าย!I10 -> 0 | J10: =+G10+H10+I10 -> 0 | K10: ='เย็น '!J10+'เช้า '!J10+บ่าย!K10 -> 0 | L10: ='เย็น '!K10+'เช้า '!K10+บ่าย!L10 -> 0 | M10: =+D10+E10+F10+J10+K10+L10 -> 0 | R10: =(N10+O10+P10+Q10)-M10 -> 0
B11: 1111086 | C11: ชิฟฟอน 8 ชิ้น มะพร้าวล้วน | D11: ='เย็น '!D11+'เช้า '!D11+บ่าย!D11 -> 0 | E11: ='เย็น '!E11+'เช้า '!E11+บ่าย!E11 -> 0 | F11: ='เย็น '!F11+'เช้า '!F11+บ่าย!F11 -> 0 | G11: ='เย็น '!G11+'เช้า '!G11+บ่าย!G11 -> 0 | H11: ='เย็น '!H11+'เช้า '!H11+บ่าย!H11 -> 0 | I11: ='เย็น '!I11+'เช้า '!I11+บ่าย!I11 -> 0 | J11: =+G11+H11+I11 -> 0 | K11: ='เย็น '!J11+'เช้า '!J11+บ่าย!K11 -> 0 | L11: ='เย็น '!K11+'เช้า '!K11+บ่าย!L11 -> 0 | M11: =+D11+E11+F11+J11+K11+L11 -> 0 | R11: =(N11+O11+P11+Q11)-M11 -> 0
B12: 1111087 | C12: ชิฟฟอน 8 ชิ้น สตอเบอรี่ล้วน | D12: ='เย็น '!D12+'เช้า '!D12+บ่าย!D12 -> 0 | E12: ='เย็น '!E12+'เช้า '!E12+บ่าย!E12 -> 0 | F12: ='เย็น '!F12+'เช้า '!F12+บ่าย!F12 -> 0 | G12: ='เย็น '!G12+'เช้า '!G12+บ่าย!G12 -> 0 | H12: ='เย็น '!H12+'เช้า '!H12+บ่าย!H12 -> 0 | I12: ='เย็น '!I12+'เช้า '!I12+บ่าย!I12 -> 0 | J12: =+G12+H12+I12 -> 0 | K12: ='เย็น '!J12+'เช้า '!J12+บ่าย!K12 -> 0 | L12: ='เย็น '!K12+'เช้า '!K12+บ่าย!L12 -> 0 | M12: =+D12+E12+F12+J12+K12+L12 -> 0 | R12: =(N12+O12+P12+Q12)-M12 -> 0
B13: 1111088 | C13: ชิฟฟอน 8 ชิ้น ส้มล้วน | D13: ='เย็น '!D13+'เช้า '!D13+บ่าย!D13 -> 0 | E13: ='เย็น '!E13+'เช้า '!E13+บ่าย!E13 -> 0 | F13: ='เย็น '!F13+'เช้า '!F13+บ่าย!F13 -> 0 | G13: ='เย็น '!G13+'เช้า '!G13+บ่าย!G13 -> 0 | H13: ='เย็น '!H13+'เช้า '!H13+บ่าย!H13 -> 0 | I13: ='เย็น '!I13+'เช้า '!I13+บ่าย!I13 -> 0 | J13: =+G13+H13+I13 -> 0 | K13: ='เย็น '!J13+'เช้า '!J13+บ่าย!K13 -> 0 | L13: ='เย็น '!K13+'เช้า '!K13+บ่าย!L13 -> 0 | M13: =+D13+E13+F13+J13+K13+L13 -> 0 | R13: =(N13+O13+P13+Q13)-M13 -> 0
B14: 1111089 | C14: ชิฟฟอน 8 ชิ้น เนยล้วน | D14: ='เย็น '!D14+'เช้า '!D14+บ่าย!D14 -> 0 | E14: ='เย็น '!E14+'เช้า '!E14+บ่าย!E14 -> 0 | F14: ='เย็น '!F14+'เช้า '!F14+บ่าย!F14 -> 0 | G14: ='เย็น '!G14+'เช้า '!G14+บ่าย!G14 -> 0 | H14: ='เย็น '!H14+'เช้า '!H14+บ่าย!H14 -> 0 | I14: ='เย็น '!I14+'เช้า '!I14+บ่าย!I14 -> 0 | J14: =+G14+H14+I14 -> 0 | K14: ='เย็น '!J14+'เช้า '!J14+บ่าย!K14 -> 0 | L14: ='เย็น '!K14+'เช้า '!K14+บ่าย!L14 -> 0 | M14: =+D14+E14+F14+J14+K14+L14 -> 0 | R14: =(N14+O14+P14+Q14)-M14 -> 0
B15: 1111090 | C15: ชิฟฟอน 8 ชิ้น เผือกล้วน | D15: ='เย็น '!D15+'เช้า '!D15+บ่าย!D15 -> 0 | E15: ='เย็น '!E15+'เช้า '!E15+บ่าย!E15 -> 0 | F15: ='เย็น '!F15+'เช้า '!F15+บ่าย!F15 -> 0 | G15: ='เย็น '!G15+'เช้า '!G15+บ่าย!G15 -> 0 | H15: ='เย็น '!H15+'เช้า '!H15+บ่าย!H15 -> 0 | I15: ='เย็น '!I15+'เช้า '!I15+บ่าย!I15 -> 0 | J15: =+G15+H15+I15 -> 0 | K15: ='เย็น '!J15+'เช้า '!J15+บ่าย!K15 -> 0 | L15: ='เย็น '!K15+'เช้า '!K15+บ่าย!L15 -> 0 | M15: =+D15+E15+F15+J15+K15+L15 -> 0 | R15: =(N15+O15+P15+Q15)-M15 -> 0
B16: 1111091 | C16: ชิฟฟอน 8 ชิ้น ใบเตยล้วน | D16: ='เย็น '!D16+'เช้า '!D16+บ่าย!D16 -> 0 | E16: ='เย็น '!E16+'เช้า '!E16+บ่าย!E16 -> 0 | F16: ='เย็น '!F16+'เช้า '!F16+บ่าย!F16 -> 0 | G16: ='เย็น '!G16+'เช้า '!G16+บ่าย!G16 -> 0 | H16: ='เย็น '!H16+'เช้า '!H16+บ่าย!H16 -> 0 | I16: ='เย็น '!I16+'เช้า '!I16+บ่าย!I16 -> 0 | J16: =+G16+H16+I16 -> 0 | K16: ='เย็น '!J16+'เช้า '!J16+บ่าย!K16 -> 0 | L16: ='เย็น '!K16+'เช้า '!K16+บ่าย!L16 -> 0 | M16: =+D16+E16+F16+J16+K16+L16 -> 0 | R16: =(N16+O16+P16+Q16)-M16 -> 0
B17: 1111092 | C17: ชิฟฟอน 8 ชิ้น กล้วยหอม | D17: ='เย็น '!D17+'เช้า '!D17+บ่าย!D17 -> 0 | E17: ='เย็น '!E17+'เช้า '!E17+บ่าย!E17 -> 0 | F17: ='เย็น '!F17+'เช้า '!F17+บ่าย!F17 -> 0 | G17: ='เย็น '!G17+'เช้า '!G17+บ่าย!G17 -> 0 | H17: ='เย็น '!H17+'เช้า '!H17+บ่าย!H17 -> 0 | I17: ='เย็น '!I17+'เช้า '!I17+บ่าย!I17 -> 0 | J17: =+G17+H17+I17 -> 0 | K17: ='เย็น '!J17+'เช้า '!J17+บ่าย!K17 -> 0 | L17: ='เย็น '!K17+'เช้า '!K17+บ่าย!L17 -> 0 | M17: =+D17+E17+F17+J17+K17+L17 -> 0 | R17: =(N17+O17+P17+Q17)-M17 -> 0
B18: 1111093 | C18: ชิฟฟอน 8 ชิ้น โกโก้ล้วน | D18: ='เย็น '!D18+'เช้า '!D18+บ่าย!D18 -> 0 | E18: ='เย็น '!E18+'เช้า '!E18+บ่าย!E18 -> 0 | F18: ='เย็น '!F18+'เช้า '!F18+บ่าย!F18 -> 0 | G18: ='เย็น '!G18+'เช้า '!G18+บ่าย!G18 -> 0 | H18: ='เย็น '!H18+'เช้า '!H18+บ่าย!H18 -> 0 | I18: ='เย็น '!I18+'เช้า '!I18+บ่าย!I18 -> 0 | J18: =+G18+H18+I18 -> 0 | K18: ='เย็น '!J18+'เช้า '!J18+บ่าย!K18 -> 0 | L18: ='เย็น '!K18+'เช้า '!K18+บ่าย!L18 -> 0 | M18: =+D18+E18+F18+J18+K18+L18 -> 0 | R18: =(N18+O18+P18+Q18)-M18 -> 0
B19: 1111094 | C19: ชิฟฟอน 8 ชิ้น ชาไทยล้วน | D19: ='เย็น '!D19+'เช้า '!D19+บ่าย!D19 -> 0 | E19: ='เย็น '!E19+'เช้า '!E19+บ่าย!E19 -> 0 | F19: ='เย็น '!F19+'เช้า '!F19+บ่าย!F19 -> 0 | G19: ='เย็น '!G19+'เช้า '!G19+บ่าย!G19 -> 0 | H19: ='เย็น '!H19+'เช้า '!H19+บ่าย!H19 -> 0 | I19: ='เย็น '!I19+'เช้า '!I19+บ่าย!I19 -> 0 | J19: =+G19+H19+I19 -> 0 | K19: ='เย็น '!J19+'เช้า '!J19+บ่าย!K19 -> 0 | L19: ='เย็น '!K19+'เช้า '!K19+บ่าย!L19 -> 0 | M19: =+D19+E19+F19+J19+K19+L19 -> 0 | R19: =(N19+O19+P19+Q19)-M19 -> 0
B20: 1111095 | C20: ชิฟฟอน 8 ชิ้น ชาเขียวล้วน | D20: ='เย็น '!D20+'เช้า '!D20+บ่าย!D20 -> 0 | E20: ='เย็น '!E20+'เช้า '!E20+บ่าย!E20 -> 0 | F20: ='เย็น '!F20+'เช้า '!F20+บ่าย!F20 -> 0 | G20: ='เย็น '!G20+'เช้า '!G20+บ่าย!G20 -> 0 | H20: ='เย็น '!H20+'เช้า '!H20+บ่าย!H20 -> 0 | I20: ='เย็น '!I20+'เช้า '!I20+บ่าย!I20 -> 0 | J20: =+G20+H20+I20 -> 0 | K20: ='เย็น '!J20+'เช้า '!J20+บ่าย!K20 -> 0 | L20: ='เย็น '!K20+'เช้า '!K20+บ่าย!L20 -> 0 | M20: =+D20+E20+F20+J20+K20+L20 -> 0 | R20: =(N20+O20+P20+Q20)-M20 -> 0
... B24: 1111043 | C24: ชิฟฟอน 8 ชิ้น มะลิ | D24: ='เย็น '!D24+'เช้า '!D24+บ่าย!D24 -> 0 | E24: ='เย็น '!E24+'เช้า '!E24+บ่าย!E24 -> 0 | F24: ='เย็น '!F24+'เช้า '!F24+บ่าย!F24 -> 0 | G24: ='เย็น '!G24+'เช้า '!G24+บ่าย!G24 -> 0 | H24: ='เย็น '!H24+'เช้า '!H24+บ่าย!H24 -> 0 | I24: ='เย็น '!I24+'เช้า '!I24+บ่าย!I24 -> 0 | J24: =+G24+H24+I24 -> 0 | K24: ='เย็น '!J24+'เช้า '!J24+บ่าย!K24 -> 0 | L24: ='เย็น '!K24+'เช้า '!K24+บ่าย!L24 -> 0 | M24: =+D24+E24+F24+J24+K24+L24 -> 0 | R24: =(N24+O24+P24+Q24)-M24 -> 0
B25: 1111056 | C25: ชิฟฟอน 8 ชิ้น รวมรสยอดฮิต | D25: ='เย็น '!D25+'เช้า '!D25+บ่าย!D25 -> 1 | E25: ='เย็น '!E25+'เช้า '!E25+บ่าย!E25 -> 0 | F25: ='เย็น '!F25+'เช้า '!F25+บ่าย!F25 -> 3 | G25: ='เย็น '!G25+'เช้า '!G25+บ่าย!G25 -> 2 | H25: ='เย็น '!H25+'เช้า '!H25+บ่าย!H25 -> 0 | I25: ='เย็น '!I25+'เช้า '!I25+บ่าย!I25 -> 0 | J25: =+G25+H25+I25 -> 2 | K25: ='เย็น '!J25+'เช้า '!J25+บ่าย!K25 -> 0 | L25: ='เย็น '!K25+'เช้า '!K25+บ่าย!L25 -> 0 | M25: =+D25+E25+F25+J25+K25+L25 -> 6 | N25: 5 | O25: 4 | Q25: 5 | R25: =(N25+O25+P25+Q25)-M25 -> 8
B26: 1004055 | C26: ชิฟฟอนรวมรส 4 ชิ้น | D26: ='เย็น '!D26+'เช้า '!D26+บ่าย!D26 -> 0 | E26: ='เย็น '!E26+'เช้า '!E26+บ่าย!E26 -> 0 | F26: ='เย็น '!F26+'เช้า '!F26+บ่าย!F26 -> 0 | G26: ='เย็น '!G26+'เช้า '!G26+บ่าย!G26 -> 45 | H26: ='เย็น '!H26+'เช้า '!H26+บ่าย!H26 -> 0 | I26: ='เย็น '!I26+'เช้า '!I26+บ่าย!I26 -> 0 | J26: =+G26+H26+I26 -> 45 | K26: ='เย็น '!J26+'เช้า '!J26+บ่าย!K26 -> 0 | L26: ='เย็น '!K26+'เช้า '!K26+บ่าย!L26 -> 30 | M26: =+D26+E26+F26+J26+K26+L26 -> 75 | N26: 30 | O26: 14 | R26: =(N26+O26+P26+Q26)-M26 -> -31
B27: 1004055 | C27: ชิฟฟอน 4 ชิ้น โกโก้ล้วน | D27: ='เย็น '!D27+'เช้า '!D27+บ่าย!D27 -> 0 | E27: ='เย็น '!E27+'เช้า '!E27+บ่าย!E27 -> 0 | F27: ='เย็น '!F27+'เช้า '!F27+บ่าย!F27 -> 0 | G27: ='เย็น '!G27+'เช้า '!G27+บ่าย!G27 -> 0 | H27: ='เย็น '!H27+'เช้า '!H27+บ่าย!H27 -> 0 | I27: ='เย็น '!I27+'เช้า '!I27+บ่าย!I27 -> 0 | J27: =+G27+H27+I27 -> 0 | K27: ='เย็น '!J27+'เช้า '!J27+บ่าย!K27 -> 0 | L27: ='เย็น '!K27+'เช้า '!K27+บ่าย!L27 -> 0 | M27: =+D27+E27+F27+J27+K27+L27 -> 0 | R27: =(N27+O27+P27+Q27)-M27 -> 0
B28: 1004055 | C28: ชิฟฟอน 4 ชิ้น มะพร้าวล้วน | D28: ='เย็น '!D28+'เช้า '!D28+บ่าย!D28 -> 0 | E28: ='เย็น '!E28+'เช้า '!E28+บ่าย!E28 -> 0 | F28: ='เย็น '!F28+'เช้า '!F28+บ่าย!F28 -> 0 | G28: ='เย็น '!G28+'เช้า '!G28+บ่าย!G28 -> 0 | H28: ='เย็น '!H28+'เช้า '!H28+บ่าย!H28 -> 0 | I28: ='เย็น '!I28+'เช้า '!I28+บ่าย!I28 -> 0 | J28: =+G28+H28+I28 -> 0 | K28: ='เย็น '!J28+'เช้า '!J28+บ่าย!K28 -> 0 | L28: ='เย็น '!K28+'เช้า '!K28+บ่าย!L28 -> 0 | M28: =+D28+E28+F28+J28+K28+L28 -> 0 | R28: =(N28+O28+P28+Q28)-M28 -> 0
B29: 1004055 | C29: ชิฟฟอน 4 ชิ้น เนยล้วน | D29: ='เย็น '!D29+'เช้า '!D29+บ่าย!D29 -> 0 | E29: ='เย็น '!E29+'เช้า '!E29+บ่าย!E29 -> 0 | F29: ='เย็น '!F29+'เช้า '!F29+บ่าย!F29 -> 0 | G29: ='เย็น '!G29+'เช้า '!G29+บ่าย!G29 -> 0 | H29: ='เย็น '!H29+'เช้า '!H29+บ่าย!H29 -> 0 | I29: ='เย็น '!I29+'เช้า '!I29+บ่าย!I29 -> 0 | J29: =+G29+H29+I29 -> 0 | K29: ='เย็น '!J29+'เช้า '!J29+บ่าย!K29 -> 0 | L29: ='เย็น '!K29+'เช้า '!K29+บ่าย!L29 -> 0 | M29: =+D29+E29+F29+J29+K29+L29 -> 0 | R29: =(N29+O29+P29+Q29)-M29 -> 0
B30: 1004055 | C30: ชิฟฟอน 4 ชิ้น กาแฟล้วน | D30: ='เย็น '!D30+'เช้า '!D30+บ่าย!D30 -> 0 | E30: ='เย็น '!E30+'เช้า '!E30+บ่าย!E30 -> 0 | F30: ='เย็น '!F30+'เช้า '!F30+บ่าย!F30 -> 0 | G30: ='เย็น '!G30+'เช้า '!G30+บ่าย!G30 -> 0 | H30: ='เย็น '!H30+'เช้า '!H30+บ่าย!H30 -> 0 | I30: ='เย็น '!I30+'เช้า '!I30+บ่าย!I30 -> 0 | J30: =+G30+H30+I30 -> 0 | K30: ='เย็น '!J30+'เช้า '!J30+บ่าย!K30 -> 0 | L30: ='เย็น '!K30+'เช้า '!K30+บ่าย!L30 -> 0 | M30: =+D30+E30+F30+J30+K30+L30 -> 0 | R30: =(N30+O30+P30+Q30)-M30 -> 0
B31: 1004055 | C31: ชิฟฟอน 4 ชิ้น ใบเตยล้วน | D31: ='เย็น '!D31+'เช้า '!D31+บ่าย!D31 -> 0 | E31: ='เย็น '!E31+'เช้า '!E31+บ่าย!E31 -> 0 | F31: ='เย็น '!F31+'เช้า '!F31+บ่าย!F31 -> 0 | G31: ='เย็น '!G31+'เช้า '!G31+บ่าย!G31 -> 0 | H31: ='เย็น '!H31+'เช้า '!H31+บ่าย!H31 -> 0 | I31: ='เย็น '!I31+'เช้า '!I31+บ่าย!I31 -> 0 | J31: =+G31+H31+I31 -> 0 | K31: ='เย็น '!J31+'เช้า '!J31+บ่าย!K31 -> 0 | L31: ='เย็น '!K31+'เช้า '!K31+บ่าย!L31 -> 0 | M31: =+D31+E31+F31+J31+K31+L31 -> 0 | R31: =(N31+O31+P31+Q31)-M31 -> 0
B32: 1004055 | C32: ชิฟฟอน 4 ชิ้น บลูเบอร์รี่ล้วน | D32: ='เย็น '!D32+'เช้า '!D32+บ่าย!D32 -> 0 | E32: ='เย็น '!E32+'เช้า '!E32+บ่าย!E32 -> 0 | F32: ='เย็น '!F32+'เช้า '!F32+บ่าย!F32 -> 0 | G32: ='เย็น '!G32+'เช้า '!G32+บ่าย!G32 -> 0 | H32: ='เย็น '!H32+'เช้า '!H32+บ่าย!H32 -> 0 | I32: ='เย็น '!I32+'เช้า '!I32+บ่าย!I32 -> 0 | J32: =+G32+H32+I32 -> 0 | K32: ='เย็น '!J32+'เช้า '!J32+บ่าย!K32 -> 0 | L32: ='เย็น '!K32+'เช้า '!K32+บ่าย!L32 -> 0 | M32: =+D32+E32+F32+J32+K32+L32 -> 0 | R32: =(N32+O32+P32+Q32)-M32 -> 0
B33: 1004055 | C33: ชิฟฟอน 4 ชิ้น ส้มล้วน | D33: ='เย็น '!D33+'เช้า '!D33+บ่าย!D33 -> 0 | E33: ='เย็น '!E33+'เช้า '!E33+บ่าย!E33 -> 0 | F33: ='เย็น '!F33+'เช้า '!F33+บ่าย!F33 -> 0 | G33: ='เย็น '!G33+'เช้า '!G33+บ่าย!G33 -> 0 | H33: ='เย็น '!H33+'เช้า '!H33+บ่าย!H33 -> 0 | I33: ='เย็น '!I33+'เช้า '!I33+บ่าย!I33 -> 0 | J33: =+G33+H33+I33 -> 0 | K33: ='เย็น '!J33+'เช้า '!J33+บ่าย!K33 -> 0 | L33: ='เย็น '!K33+'เช้า '!K33+บ่าย!L33 -> 0 | M33: =+D33+E33+F33+J33+K33+L33 -> 0 | R33: =(N33+O33+P33+Q33)-M33 -> 0
B34: 1004055 | C34: ชิฟฟอน 4 ชิ้น เผือกล้วน | D34: ='เย็น '!D34+'เช้า '!D34+บ่าย!D34 -> 0 | E34: ='เย็น '!E34+'เช้า '!E34+บ่าย!E34 -> 0 | F34: ='เย็น '!F34+'เช้า '!F34+บ่าย!F34 -> 0 | G34: ='เย็น '!G34+'เช้า '!G34+บ่าย!G34 -> 0 | H34: ='เย็น '!H34+'เช้า '!H34+บ่าย!H34 -> 0 | I34: ='เย็น '!I34+'เช้า '!I34+บ่าย!I34 -> 0 | J34: =+G34+H34+I34 -> 0 | K34: ='เย็น '!J34+'เช้า '!J34+บ่าย!K34 -> 0 | L34: ='เย็น '!K34+'เช้า '!K34+บ่าย!L34 -> 0 | M34: =+D34+E34+F34+J34+K34+L34 -> 0 | R34: =(N34+O34+P34+Q34)-M34 -> 0
B35: 1004055 | C35: ชิฟฟอน 4 ชิ้น สตอเบอรี่ล้วน | D35: ='เย็น '!D35+'เช้า '!D35+บ่าย!D35 -> 0 | E35: ='เย็น '!E35+'เช้า '!E35+บ่าย!E35 -> 0 | F35: ='เย็น '!F35+'เช้า '!F35+บ่าย!F35 -> 0 | G35: ='เย็น '!G35+'เช้า '!G35+บ่าย!G35 -> 0 | H35: ='เย็น '!H35+'เช้า '!H35+บ่าย!H35 -> 0 | I35: ='เย็น '!I35+'เช้า '!I35+บ่าย!I35 -> 0 | J35: =+G35+H35+I35 -> 0 | K35: ='เย็น '!J35+'เช้า '!J35+บ่าย!K35 -> 0 | L35: ='เย็น '!K35+'เช้า '!K35+บ่าย!L35 -> 0 | M35: =+D35+E35+F35+J35+K35+L35 -> 0 | R35: =(N35+O35+P35+Q35)-M35 -> 0
B36: 1004055 | C36: ชิฟฟอน 4 ชิ้น กล้วยหอมล้วน | D36: ='เย็น '!D36+'เช้า '!D36+บ่าย!D36 -> 0 | E36: ='เย็น '!E36+'เช้า '!E36+บ่าย!E36 -> 0 | F36: ='เย็น '!F36+'เช้า '!F36+บ่าย!F36 -> 0 | G36: ='เย็น '!G36+'เช้า '!G36+บ่าย!G36 -> 0 | H36: ='เย็น '!H36+'เช้า '!H36+บ่าย!H36 -> 0 | I36: ='เย็น '!I36+'เช้า '!I36+บ่าย!I36 -> 0 | J36: =+G36+H36+I36 -> 0 | K36: ='เย็น '!J36+'เช้า '!J36+บ่าย!K36 -> 0 | L36: ='เย็น '!K36+'เช้า '!K36+บ่าย!L36 -> 0 | M36: =+D36+E36+F36+J36+K36+L36 -> 0 | R36: =(N36+O36+P36+Q36)-M36 -> 0
B37: 1004055 | C37: ชิฟฟอน 4 ชิ้น ชาเขียวล้วน | D37: ='เย็น '!D37+'เช้า '!D37+บ่าย!D37 -> 0 | E37: ='เย็น '!E37+'เช้า '!E37+บ่าย!E37 -> 0 | F37: ='เย็น '!F37+'เช้า '!F37+บ่าย!F37 -> 0 | G37: ='เย็น '!G37+'เช้า '!G37+บ่าย!G37 -> 0 | H37: ='เย็น '!H37+'เช้า '!H37+บ่าย!H37 -> 0 | I37: ='เย็น '!I37+'เช้า '!I37+บ่าย!I37 -> 0 | J37: =+G37+H37+I37 -> 0 | K37: ='เย็น '!J37+'เช้า '!J37+บ่าย!K37 -> 0 | L37: ='เย็น '!K37+'เช้า '!K37+บ่าย!L37 -> 0 | M37: =+D37+E37+F37+J37+K37+L37 -> 0 | R37: =(N37+O37+P37+Q37)-M37 -> 0
B38: 1004055 | C38: ชิฟฟอน 4 ชิ้น ชาไทยล้วน | D38: ='เย็น '!D38+'เช้า '!D38+บ่าย!D38 -> 0 | E38: ='เย็น '!E38+'เช้า '!E38+บ่าย!E38 -> 0 | F38: ='เย็น '!F38+'เช้า '!F38+บ่าย!F38 -> 0 | G38: ='เย็น '!G38+'เช้า '!G38+บ่าย!G38 -> 0 | H38: ='เย็น '!H38+'เช้า '!H38+บ่าย!H38 -> 0 | I38: ='เย็น '!I38+'เช้า '!I38+บ่าย!I38 -> 0 | J38: =+G38+H38+I38 -> 0 | K38: ='เย็น '!J38+'เช้า '!J38+บ่าย!K38 -> 0 | L38: ='เย็น '!K38+'เช้า '!K38+บ่าย!L38 -> 0 | M38: =+D38+E38+F38+J38+K38+L38 -> 0 | R38: =(N38+O38+P38+Q38)-M38 -> 0
... B65: 1111083 | C65: ชิฟฟอนไส้แยมแยกชิ้น เมล่อน | D65: ='เย็น '!D65+'เช้า '!D65+บ่าย!D65 -> 0 | E65: ='เย็น '!E65+'เช้า '!E65+บ่าย!E65 -> 0 | F65: ='เย็น '!F65+'เช้า '!F65+บ่าย!F65 -> 0 | G65: ='เย็น '!G65+'เช้า '!G65+บ่าย!G65 -> 0 | H65: ='เย็น '!H65+'เช้า '!H65+บ่าย!H65 -> 0 | I65: ='เย็น '!I65+'เช้า '!I65+บ่าย!I65 -> 0 | J65: =+G65+H65+I65 -> 0 | K65: ='เย็น '!J65+'เช้า '!J65+บ่าย!K65 -> 0 | L65: ='เย็น '!K65+'เช้า '!K65+บ่าย!L65 -> 0 | M65: =+D65+E65+F65+J65+K65+L65 -> 0 | R65: =(N65+O65+P65+Q65)-M65 -> 0
B66: 1111010 | C66: ชิฟฟอนไส้แยมแยกชิ้น คละรส | D66: =บ่าย!D66+'เช้า '!D66+'เย็น '!D66 -> 0 | E66: =บ่าย!E66+'เช้า '!E66+'เย็น '!E66 -> 0 | F66: =บ่าย!F66+'เช้า '!F66+'เย็น '!F66 -> 0 | G66: =บ่าย!G66+'เช้า '!G66+'เย็น '!G66 -> 0 | H66: =บ่าย!H66+'เช้า '!H66+'เย็น '!H66 -> 0 | I66: =บ่าย!I66+'เช้า '!I66+'เย็น '!I66 -> 0 | J66: =+G66+H66+I66 -> 0 | K66: =บ่าย!K66+'เช้า '!J66+'เย็น '!J66 -> 0 | M66: =+D66+E66+F66+J66+K66+L66 -> 0 | R66: =(N66+O66+P66+Q66)-M66 -> 0
C67: รวม | J67: =+G67+H67+I67 -> 0 | M67: =+D67+E67+F67+J67+K67+L67 -> 0 | R67: =(N67+O67+P67+Q67)-M67 -> 0
B68: ชิฟฟอนไส้แยม 6 ชิ้น | J68: =+G68+H68+I68 -> 0 | M68: =+D68+E68+F68+J68+K68+L68 -> 0
B69: 1111009 | C69: ชิฟฟอนไส้แยมรวมรส 6 ชิ้น | D69: ='เย็น '!D69+'เช้า '!D69+บ่าย!D69 -> 2 | E69: ='เย็น '!E69+'เช้า '!E69+บ่าย!E69 -> 0 | F69: ='เย็น '!F69+'เช้า '!F69+บ่าย!F69 -> 1 | G69: ='เย็น '!G69+'เช้า '!G69+บ่าย!G69 -> 0 | H69: ='เย็น '!H69+'เช้า '!H69+บ่าย!H69 -> 0 | I69: ='เย็น '!I69+'เช้า '!I69+บ่าย!I69 -> 0 | J69: =+G69+H69+I69 -> 0 | K69: ='เย็น '!J69+'เช้า '!J69+บ่าย!K69 -> 0 | L69: ='เย็น '!K69+'เช้า '!K69+บ่าย!L69 -> 0 | M69: =+D69+E69+F69+J69+K69+L69 -> 3 | Q69: 10 | R69: =(N69+O69+P69+Q69)-M69 -> 7
B70: 1111023 | C70: ชิฟฟอนไส้แยมรสสตอเบอร์รี่ล้วน 6 ชิ้น | D70: ='เย็น '!D70+'เช้า '!D70+บ่าย!D70 -> 0 | E70: ='เย็น '!E70+'เช้า '!E70+บ่าย!E70 -> 0 | F70: ='เย็น '!F70+'เช้า '!F70+บ่าย!F70 -> 0 | G70: ='เย็น '!G70+'เช้า '!G70+บ่าย!G70 -> 0 | H70: ='เย็น '!H70+'เช้า '!H70+บ่าย!H70 -> 0 | I70: ='เย็น '!I70+'เช้า '!I70+บ่าย!I70 -> 0 | J70: =+G70+H70+I70 -> 0 | K70: ='เย็น '!J70+'เช้า '!J70+บ่าย!K70 -> 0 | L70: ='เย็น '!K70+'เช้า '!K70+บ่าย!L70 -> 0 | M70: =+D70+E70+F70+J70+K70+L70 -> 0 | R70: =(N70+O70+P70+Q70)-M70 -> 0
B71: 1111016 | C71: ชิฟฟอนไส้แยมรสมะพร้าวล้วน 6 ชิ้น | D71: ='เย็น '!D71+'เช้า '!D71+บ่าย!D71 -> 0 | E71: ='เย็น '!E71+'เช้า '!E71+บ่าย!E71 -> 0 | F71: ='เย็น '!F71+'เช้า '!F71+บ่าย!F71 -> 0 | G71: ='เย็น '!G71+'เช้า '!G71+บ่าย!G71 -> 0 | H71: ='เย็น '!H71+'เช้า '!H71+บ่าย!H71 -> 0 | I71: ='เย็น '!I71+'เช้า '!I71+บ่าย!I71 -> 0 | J71: =+G71+H71+I71 -> 0 | K71: ='เย็น '!J71+'เช้า '!J71+บ่าย!K71 -> 0 | L71: ='เย็น '!K71+'เช้า '!K71+บ่าย!L71 -> 0 | M71: =+D71+E71+F71+J71+K71+L71 -> 0 | R71: =(N71+O71+P71+Q71)-M71 -> 0
B72: 1111014 | C72: ชิฟฟอนไส้แยมรสช็อกโกแลตนูเทลล่าล้วน 6 ชิ้น | D72: ='เย็น '!D72+'เช้า '!D72+บ่าย!D72 -> 0 | E72: ='เย็น '!E72+'เช้า '!E72+บ่าย!E72 -> 0 | F72: ='เย็น '!F72+'เช้า '!F72+บ่าย!F72 -> 0 | G72: ='เย็น '!G72+'เช้า '!G72+บ่าย!G72 -> 0 | H72: ='เย็น '!H72+'เช้า '!H72+บ่าย!H72 -> 0 | I72: ='เย็น '!I72+'เช้า '!I72+บ่าย!I72 -> 0 | J72: =+G72+H72+I72 -> 0 | K72: ='เย็น '!J72+'เช้า '!J72+บ่าย!K72 -> 0 | L72: ='เย็น '!K72+'เช้า '!K72+บ่าย!L72 -> 0 | M72: =+D72+E72+F72+J72+K72+L72 -> 0 | R72: =(N72+O72+P72+Q72)-M72 -> 0
B73: 1111025 | C73: ชิฟฟอนไส้แยมรสส้มล้วน 6 ชิ้น | D73: ='เย็น '!D73+'เช้า '!D73+บ่าย!D73 -> 0 | E73: ='เย็น '!E73+'เช้า '!E73+บ่าย!E73 -> 0 | F73: ='เย็น '!F73+'เช้า '!F73+บ่าย!F73 -> 0 | G73: ='เย็น '!G73+'เช้า '!G73+บ่าย!G73 -> 0 | H73: ='เย็น '!H73+'เช้า '!H73+บ่าย!H73 -> 0 | I73: ='เย็น '!I73+'เช้า '!I73+บ่าย!I73 -> 0 | J73: =+G73+H73+I73 -> 0 | K73: ='เย็น '!J73+'เช้า '!J73+บ่าย!K73 -> 0 | L73: ='เย็น '!K73+'เช้า '!K73+บ่าย!L73 -> 0 | M73: =+D73+E73+F73+J73+K73+L73 -> 0 | R73: =(N73+O73+P73+Q73)-M73 -> 0
B74: 1111018 | C74: ชิฟฟอนไส้แยมรสบลูเบอร์รี่ล้วน 6 ชิ้น | D74: ='เย็น '!D74+'เช้า '!D74+บ่าย!D74 -> 0 | E74: ='เย็น '!E74+'เช้า '!E74+บ่าย!E74 -> 0 | F74: ='เย็น '!F74+'เช้า '!F74+บ่าย!F74 -> 0 | G74: ='เย็น '!G74+'เช้า '!G74+บ่าย!G74 -> 0 | H74: ='เย็น '!H74+'เช้า '!H74+บ่าย!H74 -> 0 | I74: ='เย็น '!I74+'เช้า '!I74+บ่าย!I74 -> 0 | J74: =+G74+H74+I74 -> 0 | K74: ='เย็น '!J74+'เช้า '!J74+บ่าย!K74 -> 0 | L74: ='เย็น '!K74+'เช้า '!K74+บ่าย!L74 -> 0 | M74: =+D74+E74+F74+J74+K74+L74 -> 0 | R74: =(N74+O74+P74+Q74)-M74 -> 0
B75: 1111012 | C75: ชิฟฟอนไส้แยมรสนมชมพูฮอกไกโดล้วน 6 ชิ้น | D75: ='เย็น '!D75+'เช้า '!D75+บ่าย!D75 -> 0 | E75: ='เย็น '!E75+'เช้า '!E75+บ่าย!E75 -> 0 | F75: ='เย็น '!F75+'เช้า '!F75+บ่าย!F75 -> 0 | G75: ='เย็น '!G75+'เช้า '!G75+บ่าย!G75 -> 0 | H75: ='เย็น '!H75+'เช้า '!H75+บ่าย!H75 -> 0 | I75: ='เย็น '!I75+'เช้า '!I75+บ่าย!I75 -> 0 | J75: =+G75+H75+I75 -> 0 | K75: ='เย็น '!J75+'เช้า '!J75+บ่าย!K75 -> 0 | L75: ='เย็น '!K75+'เช้า '!K75+บ่าย!L75 -> 0 | M75: =+D75+E75+F75+J75+K75+L75 -> 0 | R75: =(N75+O75+P75+Q75)-M75 -> 0
B76: 1111020 | C76: ชิฟฟอนไส้แยมฝอยทองไส้ทะลัก 6 ชิ้น | D76: ='เย็น '!D76+'เช้า '!D76+บ่าย!D76 -> 0 | E76: ='เย็น '!E76+'เช้า '!E76+บ่าย!E76 -> 0 | F76: ='เย็น '!F76+'เช้า '!F76+บ่าย!F76 -> 0 | G76: ='เย็น '!G76+'เช้า '!G76+บ่าย!G76 -> 0 | H76: ='เย็น '!H76+'เช้า '!H76+บ่าย!H76 -> 0 | I76: ='เย็น '!I76+'เช้า '!I76+บ่าย!I76 -> 0 | J76: =+G76+H76+I76 -> 0 | K76: ='เย็น '!J76+'เช้า '!J76+บ่าย!K76 -> 0 | L76: ='เย็น '!K76+'เช้า '!K76+บ่าย!L76 -> 0 | M76: =+D76+E76+F76+J76+K76+L76 -> 0 | R76: =(N76+O76+P76+Q76)-M76 -> 0
C77: รวม | J77: =+G77+H77+I77 -> 0 | M77: =+D77+E77+F77+J77+K77+L77 -> 0 | R77: =(N77+O77+P77+Q77)-M77 -> 0
B78: ชิฟฟอนไส้แยม 3 ชิ้น | J78: =+G78+H78+I78 -> 0 | M78: =+D78+E78+F78+J78+K78+L78 -> 0
B79: 1111022 | C79: ชิฟฟอนไส้แยมรสสตอเบอร์รี่ล้วน 3 ชิ้น | D79: ='เย็น '!D79+'เช้า '!D79+บ่าย!D79 -> 0 | E79: ='เย็น '!E79+'เช้า '!E79+บ่าย!E79 -> 0 | F79: ='เย็น '!F79+'เช้า '!F79+บ่าย!F79 -> 0 | G79: ='เย็น '!G79+'เช้า '!G79+บ่าย!G79 -> 0 | H79: ='เย็น '!H79+'เช้า '!H79+บ่าย!H79 -> 0 | I79: ='เย็น '!I79+'เช้า '!I79+บ่าย!I79 -> 0 | J79: =+G79+H79+I79 -> 0 | K79: ='เย็น '!J79+'เช้า '!J79+บ่าย!K79 -> 0 | L79: ='เย็น '!K79+'เช้า '!K79+บ่าย!L79 -> 0 | M79: =+D79+E79+F79+J79+K79+L79 -> 0 | R79: =(N79+O79+P79+Q79)-M79 -> 0
B80: 1111015 | C80: ชิฟฟอนไส้แยมรสมะพร้าวล้วน 3 ชิ้น | D80: ='เย็น '!D80+'เช้า '!D80+บ่าย!D80 -> 0 | E80: ='เย็น '!E80+'เช้า '!E80+บ่าย!E80 -> 0 | F80: ='เย็น '!F80+'เช้า '!F80+บ่าย!F80 -> 0 | G80: ='เย็น '!G80+'เช้า '!G80+บ่าย!G80 -> 0 | H80: ='เย็น '!H80+'เช้า '!H80+บ่าย!H80 -> 0 | I80: ='เย็น '!I80+'เช้า '!I80+บ่าย!I80 -> 0 | J80: =+G80+H80+I80 -> 0 | K80: ='เย็น '!J80+'เช้า '!J80+บ่าย!K80 -> 0 | L80: ='เย็น '!K80+'เช้า '!K80+บ่าย!L80 -> 0 | M80: =+D80+E80+F80+J80+K80+L80 -> 0 | R80: =(N80+O80+P80+Q80)-M80 -> 0
B81: 1111013 | C81: ชิฟฟอนไส้แยมรสช็อกโกแลตนูเทลล่าล้วน 3 ชิ้น | D81: ='เย็น '!D81+'เช้า '!D81+บ่าย!D81 -> 0 | E81: ='เย็น '!E81+'เช้า '!E81+บ่าย!E81 -> 0 | F81: ='เย็น '!F81+'เช้า '!F81+บ่าย!F81 -> 0 | G81: ='เย็น '!G81+'เช้า '!G81+บ่าย!G81 -> 0 | H81: ='เย็น '!H81+'เช้า '!H81+บ่าย!H81 -> 0 | I81: ='เย็น '!I81+'เช้า '!I81+บ่าย!I81 -> 0 | J81: =+G81+H81+I81 -> 0 | K81: ='เย็น '!J81+'เช้า '!J81+บ่าย!K81 -> 0 | L81: ='เย็น '!K81+'เช้า '!K81+บ่าย!L81 -> 0 | M81: =+D81+E81+F81+J81+K81+L81 -> 0 | R81: =(N81+O81+P81+Q81)-M81 -> 0
B82: 1111024 | C82: ชิฟฟอนไส้แยมรสส้มล้วน 3 ชิ้น | D82: ='เย็น '!D82+'เช้า '!D82+บ่าย!D82 -> 0 | E82: ='เย็น '!E82+'เช้า '!E82+บ่าย!E82 -> 0 | F82: ='เย็น '!F82+'เช้า '!F82+บ่าย!F82 -> 0 | G82: ='เย็น '!G82+'เช้า '!G82+บ่าย!G82 -> 0 | H82: ='เย็น '!H82+'เช้า '!H82+บ่าย!H82 -> 0 | I82: ='เย็น '!I82+'เช้า '!I82+บ่าย!I82 -> 0 | J82: =+G82+H82+I82 -> 0 | K82: ='เย็น '!J82+'เช้า '!J82+บ่าย!K82 -> 0 | L82: ='เย็น '!K82+'เช้า '!K82+บ่าย!L82 -> 0 | M82: =+D82+E82+F82+J82+K82+L82 -> 0 | R82: =(N82+O82+P82+Q82)-M82 -> 0
B83: 1111017 | C83: ชิฟฟอนไส้แยมรสบลูเบอร์รี่ล้วน 3 ชิ้น | D83: ='เย็น '!D83+'เช้า '!D83+บ่าย!D83 -> 0 | E83: ='เย็น '!E83+'เช้า '!E83+บ่าย!E83 -> 0 | F83: ='เย็น '!F83+'เช้า '!F83+บ่าย!F83 -> 0 | G83: ='เย็น '!G83+'เช้า '!G83+บ่าย!G83 -> 0 | H83: ='เย็น '!H83+'เช้า '!H83+บ่าย!H83 -> 0 | I83: ='เย็น '!I83+'เช้า '!I83+บ่าย!I83 -> 0 | J83: =+G83+H83+I83 -> 0 | K83: ='เย็น '!J83+'เช้า '!J83+บ่าย!K83 -> 0 | L83: ='เย็น '!K83+'เช้า '!K83+บ่าย!L83 -> 0 | M83: =+D83+E83+F83+J83+K83+L83 -> 0 | R83: =(N83+O83+P83+Q83)-M83 -> 0
B84: 1111011 | C84: ชิฟฟอนไส้แยมรสนมชมพูฮอกไกโดล้วน 3 ชิ้น | D84: ='เย็น '!D84+'เช้า '!D84+บ่าย!D84 -> 0 | E84: ='เย็น '!E84+'เช้า '!E84+บ่าย!E84 -> 0 | F84: ='เย็น '!F84+'เช้า '!F84+บ่าย!F84 -> 0 | G84: ='เย็น '!G84+'เช้า '!G84+บ่าย!G84 -> 0 | H84: ='เย็น '!H84+'เช้า '!H84+บ่าย!H84 -> 0 | I84: ='เย็น '!I84+'เช้า '!I84+บ่าย!I84 -> 0 | J84: =+G84+H84+I84 -> 0 | K84: ='เย็น '!J84+'เช้า '!J84+บ่าย!K84 -> 0 | L84: ='เย็น '!K84+'เช้า '!K84+บ่าย!L84 -> 0 | M84: =+D84+E84+F84+J84+K84+L84 -> 0 | R84: =(N84+O84+P84+Q84)-M84 -> 0
B85: 1111019 | C85: ชิฟฟอนไส้แยมฝอยทองไส้ทะลัก 3 ชิ้น | D85: ='เย็น '!D85+'เช้า '!D85+บ่าย!D85 -> 0 | E85: ='เย็น '!E85+'เช้า '!E85+บ่าย!E85 -> 0 | F85: ='เย็น '!F85+'เช้า '!F85+บ่าย!F85 -> 0 | G85: ='เย็น '!G85+'เช้า '!G85+บ่าย!G85 -> 0 | H85: ='เย็น '!H85+'เช้า '!H85+บ่าย!H85 -> 0 | I85: ='เย็น '!I85+'เช้า '!I85+บ่าย!I85 -> 0 | J85: =+G85+H85+I85 -> 0 | K85: ='เย็น '!J85+'เช้า '!J85+บ่าย!K85 -> 0 | L85: ='เย็น '!K85+'เช้า '!K85+บ่าย!L85 -> 0 | M85: =+D85+E85+F85+J85+K85+L85 -> 0 | R85: =(N85+O85+P85+Q85)-M85 -> 0
B86: 1113081 | C86: ชิฟฟอนไส้แยม วนิลา/ใบเตย/เมล่อน | D86: ='เย็น '!D86+'เช้า '!D86+บ่าย!D86 -> 0 | E86: ='เย็น '!E86+'เช้า '!E86+บ่าย!E86 -> 0 | F86: ='เย็น '!F86+'เช้า '!F86+บ่าย!F86 -> 0 | G86: ='เย็น '!G86+'เช้า '!G86+บ่าย!G86 -> 0 | H86: ='เย็น '!H86+'เช้า '!H86+บ่าย!H86 -> 0 | I86: ='เย็น '!I86+'เช้า '!I86+บ่าย!I86 -> 0 | J86: =+G86+H86+I86 -> 0 | K86: ='เย็น '!J86+'เช้า '!J86+บ่าย!K86 -> 0 | L86: ='เย็น '!K86+'เช้า '!K86+บ่าย!L86 -> 0 | M86: =+D86+E86+F86+J86+K86+L86 -> 0 | R86: =(N86+O86+P86+Q86)-M86 -> 0
B87: 1111008 | C87: ชิฟฟอนไส้แยมรวมรส 3 ชิ้น | D87: ='เย็น '!D87+'เช้า '!D87+บ่าย!D87 -> 61 | E87: ='เย็น '!E87+'เช้า '!E87+บ่าย!E87 -> 0 | F87: ='เย็น '!F87+'เช้า '!F87+บ่าย!F87 -> 0 | G87: ='เย็น '!G87+'เช้า '!G87+บ่าย!G87 -> 37 | H87: ='เย็น '!H87+'เช้า '!H87+บ่าย!H87 -> 0 | I87: ='เย็น '!I87+'เช้า '!I87+บ่าย!I87 -> 0 | J87: =+G87+H87+I87 -> 37 | K87: ='เย็น '!J87+'เช้า '!J87+บ่าย!K87 -> 0 | L87: ='เย็น '!K87+'เช้า '!K87+บ่าย!L87 -> 5 | M87: =+D87+E87+F87+J87+K87+L87 -> 103 | N87: 65 | O87: 3 | Q87: 60 | R87: =(N87+O87+P87+Q87)-M87 -> 25
C88: รวม | J88: =+G88+H88+I88 -> 0 | M88: =+D88+E88+F88+J88+K88+L88 -> 0 | R88: =(N88+O88+P88+Q88)-M88 -> 0
B89: เบาหวิว ล 110 กรัม | J89: =+G89+H89+I89 -> 0 | M89: =+D89+E89+F89+J89+K89+L89 -> 0
B90: 1112009 | C90: มะพร้าว | D90: ='เย็น '!D90+'เช้า '!D90+บ่าย!D90 -> 5 | E90: ='เย็น '!E90+'เช้า '!E90+บ่าย!E90 -> 1 | F90: ='เย็น '!F90+'เช้า '!F90+บ่าย!F90 -> 0 | G90: ='เย็น '!G90+'เช้า '!G90+บ่าย!G90 -> 25 | H90: ='เย็น '!H90+'เช้า '!H90+บ่าย!H90 -> 0 | I90: ='เย็น '!I90+'เช้า '!I90+บ่าย!I90 -> 0 | J90: =+G90+H90+I90 -> 25 | K90: ='เย็น '!J90+'เช้า '!J90+บ่าย!K90 -> 0 | L90: ='เย็น '!K90+'เช้า '!K90+บ่าย!L90 -> 0 | M90: =+D90+E90+F90+J90+K90+L90 -> 31 | N90: 45 | O90: 13 | Q90: 45 | R90: =(N90+O90+P90+Q90)-M90 -> 72
B91: 1112011 | C91: ฝอยทอง | D91: ='เย็น '!D91+'เช้า '!D91+บ่าย!D91 -> 3 | E91: ='เย็น '!E91+'เช้า '!E91+บ่าย!E91 -> 1 | F91: ='เย็น '!F91+'เช้า '!F91+บ่าย!F91 -> 2 | G91: ='เย็น '!G91+'เช้า '!G91+บ่าย!G91 -> 25 | H91: ='เย็น '!H91+'เช้า '!H91+บ่าย!H91 -> 0 | I91: ='เย็น '!I91+'เช้า '!I91+บ่าย!I91 -> 0 | J91: =+G91+H91+I91 -> 25 | K91: ='เย็น '!J91+'เช้า '!J91+บ่าย!K91 -> 0 | L91: ='เย็น '!K91+'เช้า '!K91+บ่าย!L91 -> 0 | M91: =+D91+E91+F91+J91+K91+L91 -> 31 | N91: 45 | Q91: 45 | R91: =(N91+O91+P91+Q91)-M91 -> 59
B92: 1112003 | C92: กาแฟ | D92: ='เย็น '!D92+'เช้า '!D92+บ่าย!D92 -> 7 | E92: ='เย็น '!E92+'เช้า '!E92+บ่าย!E92 -> 1 | F92: ='เย็น '!F92+'เช้า '!F92+บ่าย!F92 -> 0 | G92: ='เย็น '!G92+'เช้า '!G92+บ่าย!G92 -> 24 | H92: ='เย็น '!H92+'เช้า '!H92+บ่าย!H92 -> 0 | I92: ='เย็น '!I92+'เช้า '!I92+บ่าย!I92 -> 0 | J92: =+G92+H92+I92 -> 24 | K92: ='เย็น '!J92+'เช้า '!J92+บ่าย!K92 -> 0 | L92: ='เย็น '!K92+'เช้า '!K92+บ่าย!L92 -> 0 | M92: =+D92+E92+F92+J92+K92+L92 -> 32 | N92: 45 | O92: 6 | Q92: 45 | R92: =(N92+O92+P92+Q92)-M92 -> 64
B93: 1112005 | C93: เนยนม | D93: ='เย็น '!D93+'เช้า '!D93+บ่าย!D93 -> 5 | E93: ='เย็น '!E93+'เช้า '!E93+บ่าย!E93 -> 0 | F93: ='เย็น '!F93+'เช้า '!F93+บ่าย!F93 -> 0 | G93: ='เย็น '!G93+'เช้า '!G93+บ่าย!G93 -> 24 | H93: ='เย็น '!H93+'เช้า '!H93+บ่าย!H93 -> 0 | I93: ='เย็น '!I93+'เช้า '!I93+บ่าย!I93 -> 0 | J93: =+G93+H93+I93 -> 24 | K93: ='เย็น '!J93+'เช้า '!J93+บ่าย!K93 -> 0 | L93: ='เย็น '!K93+'เช้า '!K93+บ่าย!L93 -> 0 | M93: =+D93+E93+F93+J93+K93+L93 -> 29 | N93: 45 | O93: 11 | Q93: 45 | R93: =(N93+O93+P93+Q93)-M93 -> 72
B94: 1112007 | C94: ใบเตย | D94: ='เย็น '!D94+'เช้า '!D94+บ่าย!D94 -> 0 | E94: ='เย็น '!E94+'เช้า '!E94+บ่าย!E94 -> 0 | F94: ='เย็น '!F94+'เช้า '!F94+บ่าย!F94 -> 0 | G94: ='เย็น '!G94+'เช้า '!G94+บ่าย!G94 -> 0 | H94: ='เย็น '!H94+'เช้า '!H94+บ่าย!H94 -> 0 | I94: ='เย็น '!I94+'เช้า '!I94+บ่าย!I94 -> 0 | J94: =+G94+H94+I94 -> 0 | K94: ='เย็น '!J94+'เช้า '!J94+บ่าย!K94 -> 0 | L94: ='เย็น '!K94+'เช้า '!K94+บ่าย!L94 -> 0 | M94: =+D94+E94+F94+J94+K94+L94 -> 0 | R94: =(N94+O94+P94+Q94)-M94 -> 0
B95: 1112019 | C95: ทุเรียน | D95: ='เย็น '!D95+'เช้า '!D95+บ่าย!D95 -> 0 | E95: ='เย็น '!E95+'เช้า '!E95+บ่าย!E95 -> 0 | F95: ='เย็น '!F95+'เช้า '!F95+บ่าย!F95 -> 0 | G95: ='เย็น '!G95+'เช้า '!G95+บ่าย!G95 -> 0 | H95: ='เย็น '!H95+'เช้า '!H95+บ่าย!H95 -> 0 | I95: ='เย็น '!I95+'เช้า '!I95+บ่าย!I95 -> 0 | J95: =+G95+H95+I95 -> 0 | K95: ='เย็น '!J95+'เช้า '!J95+บ่าย!K95 -> 0 | L95: ='เย็น '!K95+'เช้า '!K95+บ่าย!L95 -> 0 | M95: =+D95+E95+F95+J95+K95+L95 -> 0 | R95: =(N95+O95+P95+Q95)-M95 -> 0
B96: 1112017 | C96: ตาลหอม | D96: ='เย็น '!D96+'เช้า '!D96+บ่าย!D96 -> 0 | E96: ='เย็น '!E96+'เช้า '!E96+บ่าย!E96 -> 0 | F96: ='เย็น '!F96+'เช้า '!F96+บ่าย!F96 -> 0 | G96: ='เย็น '!G96+'เช้า '!G96+บ่าย!G96 -> 0 | H96: ='เย็น '!H96+'เช้า '!H96+บ่าย!H96 -> 0 | I96: ='เย็น '!I96+'เช้า '!I96+บ่าย!I96 -> 0 | J96: =+G96+H96+I96 -> 0 | K96: ='เย็น '!J96+'เช้า '!J96+บ่าย!K96 -> 0 | L96: ='เย็น '!K96+'เช้า '!K96+บ่าย!L96 -> 0 | M96: =+D96+E96+F96+J96+K96+L96 -> 0 | R96: =(N96+O96+P96+Q96)-M96 -> 0
B97: 1112015 | C97: กล้วยหอมมะพร้าวเผา | D97: ='เย็น '!D97+'เช้า '!D97+บ่าย!D97 -> 4 | E97: ='เย็น '!E97+'เช้า '!E97+บ่าย!E97 -> 0 | F97: ='เย็น '!F97+'เช้า '!F97+บ่าย!F97 -> 0 | G97: ='เย็น '!G97+'เช้า '!G97+บ่าย!G97 -> 25 | H97: ='เย็น '!H97+'เช้า '!H97+บ่าย!H97 -> 0 | I97: ='เย็น '!I97+'เช้า '!I97+บ่าย!I97 -> 0 | J97: =+G97+H97+I97 -> 25 | K97: ='เย็น '!J97+'เช้า '!J97+บ่าย!K97 -> 0 | L97: ='เย็น '!K97+'เช้า '!K97+บ่าย!L97 -> 0 | M97: =+D97+E97+F97+J97+K97+L97 -> 29 | N97: 40 | O97: 8 | Q97: 40 | R97: =(N97+O97+P97+Q97)-M97 -> 59
B98: 1112013 | C98: เผือกมะพร้าวอ่อน | D98: ='เย็น '!D98+'เช้า '!D98+บ่าย!D98 -> 4 | E98: ='เย็น '!E98+'เช้า '!E98+บ่าย!E98 -> 0 | F98: ='เย็น '!F98+'เช้า '!F98+บ่าย!F98 -> 0 | G98: ='เย็น '!G98+'เช้า '!G98+บ่าย!G98 -> 25 | H98: ='เย็น '!H98+'เช้า '!H98+บ่าย!H98 -> 0 | I98: ='เย็น '!I98+'เช้า '!I98+บ่าย!I98 -> 0 | J98: =+G98+H98+I98 -> 25 | K98: ='เย็น '!J98+'เช้า '!J98+บ่าย!K98 -> 0 | L98: ='เย็น '!K98+'เช้า '!K98+บ่าย!L98 -> 0 | M98: =+D98+E98+F98+J98+K98+L98 -> 29 | N98: 40 | O98: 3 | Q98: 40 | R98: =(N98+O98+P98+Q98)-M98 -> 54
B99: 1124043 | C99: เบาหวิว คละรส | D99: =บ่าย!D99+'เช้า '!D99+'เย็น '!D99 -> 0 | E99: =บ่าย!E99+'เช้า '!E99+'เย็น '!E99 -> 0 | F99: =บ่าย!F99+'เช้า '!F99+'เย็น '!F99 -> 0 | G99: =บ่าย!G99+'เช้า '!G99+'เย็น '!G99 -> 0 | H99: =บ่าย!H99+'เช้า '!H99+'เย็น '!H99 -> 0 | I99: =บ่าย!I99+'เช้า '!I99+'เย็น '!I99 -> 0 | J99: =+G99+H99+I99 -> 0 | K99: =บ่าย!K99+'เช้า '!J99+'เย็น '!J99 -> 0 | M99: =+D99+E99+F99+J99+K99+L99 -> 0 | R99: =SUM(R90:R98) -> 380
C100: รวม | J100: =+G100+H100+I100 -> 0 | M100: =+D100+E100+F100+J100+K100+L100 -> 0 | R100: =(N100+O100+P100+Q100)-M100 -> 0
B101: เบาหวิว ญ 300 กรัม | J101: =+G101+H101+I101 -> 0 | M101: =+D101+E101+F101+J101+K101+L101 -> 0
B102: 1112008 | C102: มะพร้าว | D102: =บ่าย!D102+'เช้า '!D102+'เย็น '!D102 -> 0 | E102: =บ่าย!E102+'เช้า '!E102+'เย็น '!E102 -> 0 | F102: =บ่าย!F102+'เช้า '!F102+'เย็น '!F102 -> 0 | G102: =บ่าย!G102+'เช้า '!G102+'เย็น '!G102 -> 0 | H102: =บ่าย!H102+'เช้า '!H102+'เย็น '!H102 -> 0 | I102: =บ่าย!I102+'เช้า '!I102+'เย็น '!I102 -> 0 | J102: =+G102+H102+I102 -> 0 | K102: =บ่าย!K102+'เช้า '!J102+'เย็น '!J102 -> 0 | M102: =+D102+E102+F102+J102+K102+L102 -> 0 | R102: =(N102+O102+P102+Q102)-M102 -> 0
B103: 1112010 | C103: ฝอยทอง | D103: =บ่าย!D103+'เช้า '!D103+'เย็น '!D103 -> 0 | E103: =บ่าย!E103+'เช้า '!E103+'เย็น '!E103 -> 0 | F103: =บ่าย!F103+'เช้า '!F103+'เย็น '!F103 -> 0 | G103: =บ่าย!G103+'เช้า '!G103+'เย็น '!G103 -> 0 | H103: =บ่าย!H103+'เช้า '!H103+'เย็น '!H103 -> 0 | I103: =บ่าย!I103+'เช้า '!I103+'เย็น '!I103 -> 0 | J103: =+G103+H103+I103 -> 0 | K103: =บ่าย!K103+'เช้า '!J103+'เย็น '!J103 -> 0 | M103: =+D103+E103+F103+J103+K103+L103 -> 0 | R103: =(N103+O103+P103+Q103)-M103 -> 0
B104: 1112002 | C104: กาแฟ | D104: =บ่าย!D104+'เช้า '!D104+'เย็น '!D104 -> 0 | E104: =บ่าย!E104+'เช้า '!E104+'เย็น '!E104 -> 0 | F104: =บ่าย!F104+'เช้า '!F104+'เย็น '!F104 -> 0 | G104: =บ่าย!G104+'เช้า '!G104+'เย็น '!G104 -> 0 | H104: =บ่าย!H104+'เช้า '!H104+'เย็น '!H104 -> 0 | I104: =บ่าย!I104+'เช้า '!I104+'เย็น '!I104 -> 0 | J104: =+G104+H104+I104 -> 0 | K104: =บ่าย!K104+'เช้า '!J104+'เย็น '!J104 -> 0 | M104: =+D104+E104+F104+J104+K104+L104 -> 0 | R104: =(N104+O104+P104+Q104)-M104 -> 0
B105: 1112004 | C105: เนยนม | D105: =บ่าย!D105+'เช้า '!D105+'เย็น '!D105 -> 0 | E105: =บ่าย!E105+'เช้า '!E105+'เย็น '!E105 -> 0 | F105: =บ่าย!F105+'เช้า '!F105+'เย็น '!F105 -> 0 | G105: =บ่าย!G105+'เช้า '!G105+'เย็น '!G105 -> 0 | H105: =บ่าย!H105+'เช้า '!H105+'เย็น '!H105 -> 0 | I105: =บ่าย!I105+'เช้า '!I105+'เย็น '!I105 -> 0 | J105: =+G105+H105+I105 -> 0 | K105: =บ่าย!K105+'เช้า '!J105+'เย็น '!J105 -> 0 | M105: =+D105+E105+F105+J105+K105+L105 -> 0 | R105: =(N105+O105+P105+Q105)-M105 -> 0
B106: 1112006 | C106: ใบเตย | D106: =บ่าย!D106+'เช้า '!D106+'เย็น '!D106 -> 0 | E106: =บ่าย!E106+'เช้า '!E106+'เย็น '!E106 -> 0 | F106: =บ่าย!F106+'เช้า '!F106+'เย็น '!F106 -> 0 | G106: =บ่าย!G106+'เช้า '!G106+'เย็น '!G106 -> 0 | H106: =บ่าย!H106+'เช้า '!H106+'เย็น '!H106 -> 0 | I106: =บ่าย!I106+'เช้า '!I106+'เย็น '!I106 -> 0 | J106: =+G106+H106+I106 -> 0 | K106: =บ่าย!K106+'เช้า '!J106+'เย็น '!J106 -> 0 | M106: =+D106+E106+F106+J106+K106+L106 -> 0 | R106: =(N106+O106+P106+Q106)-M106 -> 0
B107: 1112018 | C107: ทุเรียน | D107: =บ่าย!D107+'เช้า '!D107+'เย็น '!D107 -> 0 | E107: =บ่าย!E107+'เช้า '!E107+'เย็น '!E107 -> 0 | F107: =บ่าย!F107+'เช้า '!F107+'เย็น '!F107 -> 0 | G107: =บ่าย!G107+'เช้า '!G107+'เย็น '!G107 -> 0 | H107: =บ่าย!H107+'เช้า '!H107+'เย็น '!H107 -> 0 | I107: =บ่าย!I107+'เช้า '!I107+'เย็น '!I107 -> 0 | J107: =+G107+H107+I107 -> 0 | K107: =บ่าย!K107+'เช้า '!J107+'เย็น '!J107 -> 0 | M107: =+D107+E107+F107+J107+K107+L107 -> 0 | R107: =(N107+O107+P107+Q107)-M107 -> 0
B108: 1112016 | C108: ตาลหอม | D108: =บ่าย!D108+'เช้า '!D108+'เย็น '!D108 -> 0 | E108: =บ่าย!E108+'เช้า '!E108+'เย็น '!E108 -> 0 | F108: =บ่าย!F108+'เช้า '!F108+'เย็น '!F108 -> 0 | G108: =บ่าย!G108+'เช้า '!G108+'เย็น '!G108 -> 0 | H108: =บ่าย!H108+'เช้า '!H108+'เย็น '!H108 -> 0 | I108: =บ่าย!I108+'เช้า '!I108+'เย็น '!I108 -> 0 | J108: =+G108+H108+I108 -> 0 | K108: =บ่าย!K108+'เช้า '!J108+'เย็น '!J108 -> 0 | M108: =+D108+E108+F108+J108+K108+L108 -> 0 | R108: =(N108+O108+P108+Q108)-M108 -> 0
B109: 1112014 | C109: กล้วยหอมมะพร้าวเผา | D109: =บ่าย!D109+'เช้า '!D109+'เย็น '!D109 -> 0 | E109: =บ่าย!E109+'เช้า '!E109+'เย็น '!E109 -> 0 | F109: =บ่าย!F109+'เช้า '!F109+'เย็น '!F109 -> 0 | G109: =บ่าย!G109+'เช้า '!G109+'เย็น '!G109 -> 0 | H109: =บ่าย!H109+'เช้า '!H109+'เย็น '!H109 -> 0 | I109: =บ่าย!I109+'เช้า '!I109+'เย็น '!I109 -> 0 | J109: =+G109+H109+I109 -> 0 | K109: =บ่าย!K109+'เช้า '!J109+'เย็น '!J109 -> 0 | M109: =+D109+E109+F109+J109+K109+L109 -> 0 | R109: =(N109+O109+P109+Q109)-M109 -> 0
B110: 1112012 | C110: เผือกมะพร้าวอ่อน | D110: =บ่าย!D110+'เช้า '!D110+'เย็น '!D110 -> 0 | E110: =บ่าย!E110+'เช้า '!E110+'เย็น '!E110 -> 0 | F110: =บ่าย!F110+'เช้า '!F110+'เย็น '!F110 -> 0 | G110: =บ่าย!G110+'เช้า '!G110+'เย็น '!G110 -> 0 | H110: =บ่าย!H110+'เช้า '!H110+'เย็น '!H110 -> 0 | I110: =บ่าย!I110+'เช้า '!I110+'เย็น '!I110 -> 0 | J110: =+G110+H110+I110 -> 0 | K110: =บ่าย!K110+'เช้า '!J110+'เย็น '!J110 -> 0 | M110: =+D110+E110+F110+J110+K110+L110 -> 0 | R110: =(N110+O110+P110+Q110)-M110 -> 0
C111: เบาหวิว คละรส | D111: =บ่าย!D111+'เช้า '!D111+'เย็น '!D111 -> 0 | E111: =บ่าย!E111+'เช้า '!E111+'เย็น '!E111 -> 0 | F111: =บ่าย!F111+'เช้า '!F111+'เย็น '!F111 -> 0 | G111: =บ่าย!G111+'เช้า '!G111+'เย็น '!G111 -> 0 | H111: =บ่าย!H111+'เช้า '!H111+'เย็น '!H111 -> 0 | I111: =บ่าย!I111+'เช้า '!I111+'เย็น '!I111 -> 0 | J111: =+G111+H111+I111 -> 0 | K111: =บ่าย!K111+'เช้า '!J111+'เย็น '!J111 -> 0 | M111: =+D111+E111+F111+J111+K111+L111 -> 0 | R111: =(N111+O111+P111+Q111)-M111 -> 0
C112: รวม | J112: =+G112+H112+I112 -> 0 | M112: =+D112+E112+F112+J112+K112+L112 -> 0 | R112: =(N112+O112+P112+Q112)-M112 -> 0
B113: อื่นๆ | J113: =+G113+H113+I113 -> 0 | M113: =+D113+E113+F113+J113+K113+L113 -> 0
B114: 1113170 | C114: ขนมเปี๊ยะถั่วฝอยทองไข่เค็ม 450 กรัม | D114: ='เย็น '!D114+'เช้า '!D114+บ่าย!D114 -> 0 | E114: ='เย็น '!E114+'เช้า '!E114+บ่าย!E114 -> 0 | F114: ='เย็น '!F114+'เช้า '!F114+บ่าย!F114 -> 0 | G114: ='เย็น '!G114+'เช้า '!G114+บ่าย!G114 -> 0 | H114: ='เย็น '!H114+'เช้า '!H114+บ่าย!H114 -> 0 | I114: ='เย็น '!I114+'เช้า '!I114+บ่าย!I114 -> 0 | J114: =+G114+H114+I114 -> 0 | K114: ='เย็น '!J114+'เช้า '!J114+บ่าย!K114 -> 0 | L114: ='เย็น '!K114+'เช้า '!K114+บ่าย!L114 -> 0 | M114: =+D114+E114+F114+J114+K114+L114 -> 0 | N114: 50 | R114: =(N114+O114+P114+Q114)-M114 -> 50
B115: 1113171 | C115: ขนมเปี๊ยะฟักถั่วไข่เค็ม 450 กรัม | D115: ='เย็น '!D115+'เช้า '!D115+บ่าย!D115 -> 0 | E115: ='เย็น '!E115+'เช้า '!E115+บ่าย!E115 -> 0 | F115: ='เย็น '!F115+'เช้า '!F115+บ่าย!F115 -> 0 | G115: ='เย็น '!G115+'เช้า '!G115+บ่าย!G115 -> 0 | H115: ='เย็น '!H115+'เช้า '!H115+บ่าย!H115 -> 0 | I115: ='เย็น '!I115+'เช้า '!I115+บ่าย!I115 -> 0 | J115: =+G115+H115+I115 -> 0 | K115: ='เย็น '!J115+'เช้า '!J115+บ่าย!K115 -> 0 | L115: ='เย็น '!K115+'เช้า '!K115+บ่าย!L115 -> 0 | M115: =+D115+E115+F115+J115+K115+L115 -> 0 | N115: 40 | R115: =(N115+O115+P115+Q115)-M115 -> 40
B116: 1113172 | C116: ขนมเปี๊ยะเผือกฝอยทองไข่เค็ม 450 กรัม | D116: ='เย็น '!D116+'เช้า '!D116+บ่าย!D116 -> 0 | E116: ='เย็น '!E116+'เช้า '!E116+บ่าย!E116 -> 0 | F116: ='เย็น '!F116+'เช้า '!F116+บ่าย!F116 -> 0 | G116: ='เย็น '!G116+'เช้า '!G116+บ่าย!G116 -> 0 | H116: ='เย็น '!H116+'เช้า '!H116+บ่าย!H116 -> 0 | I116: ='เย็น '!I116+'เช้า '!I116+บ่าย!I116 -> 0 | J116: =+G116+H116+I116 -> 0 | K116: ='เย็น '!J116+'เช้า '!J116+บ่าย!K116 -> 0 | L116: ='เย็น '!K116+'เช้า '!K116+บ่าย!L116 -> 0 | M116: =+D116+E116+F116+J116+K116+L116 -> 0 | R116: =(N116+O116+P116+Q116)-M116 -> 0
B117: 1113173 | C117: ขนมเปี๊ยะงาดำฝอยทองไข่เค็ม 450 กรัม | D117: ='เย็น '!D117+'เช้า '!D117+บ่าย!D117 -> 0 | E117: ='เย็น '!E117+'เช้า '!E117+บ่าย!E117 -> 0 | F117: ='เย็น '!F117+'เช้า '!F117+บ่าย!F117 -> 0 | G117: ='เย็น '!G117+'เช้า '!G117+บ่าย!G117 -> 0 | H117: ='เย็น '!H117+'เช้า '!H117+บ่าย!H117 -> 0 | I117: ='เย็น '!I117+'เช้า '!I117+บ่าย!I117 -> 0 | J117: =+G117+H117+I117 -> 0 | K117: ='เย็น '!J117+'เช้า '!J117+บ่าย!K117 -> 0 | L117: ='เย็น '!K117+'เช้า '!K117+บ่าย!L117 -> 0 | M117: =+D117+E117+F117+J117+K117+L117 -> 0 | R117: =(N117+O117+P117+Q117)-M117 -> 0
B118: 1100003 | C118: เมอแรงค์ กระปุก | D118: ='เย็น '!D118+'เช้า '!D118+บ่าย!D118 -> 0 | E118: ='เย็น '!E118+'เช้า '!E118+บ่าย!E118 -> 0 | F118: ='เย็น '!F118+'เช้า '!F118+บ่าย!F118 -> 0 | G118: ='เย็น '!G118+'เช้า '!G118+บ่าย!G118 -> 0 | H118: ='เย็น '!H118+'เช้า '!H118+บ่าย!H118 -> 0 | I118: ='เย็น '!I118+'เช้า '!I118+บ่าย!I118 -> 0 | J118: =+G118+H118+I118 -> 0 | K118: ='เย็น '!J118+'เช้า '!J118+บ่าย!K118 -> 0 | L118: ='เย็น '!K118+'เช้า '!K118+บ่าย!L118 -> 0 | M118: =+D118+E118+F118+J118+K118+L118 -> 0 | R118: =(N118+O118+P118+Q118)-M118 -> 0
B119: 1100001 | C119: พายสับปรด 1 ชิ้น | D119: ='เย็น '!D119+'เช้า '!D119+บ่าย!D119 -> 0 | E119: ='เย็น '!E119+'เช้า '!E119+บ่าย!E119 -> 0 | F119: ='เย็น '!F119+'เช้า '!F119+บ่าย!F119 -> 0 | G119: ='เย็น '!G119+'เช้า '!G119+บ่าย!G119 -> 0 | H119: ='เย็น '!H119+'เช้า '!H119+บ่าย!H119 -> 0 | I119: ='เย็น '!I119+'เช้า '!I119+บ่าย!I119 -> 0 | J119: =+G119+H119+I119 -> 0 | K119: ='เย็น '!J119+'เช้า '!J119+บ่าย!K119 -> 0 | L119: ='เย็น '!K119+'เช้า '!K119+บ่าย!L119 -> 0 | M119: =+D119+E119+F119+J119+K119+L119 -> 0 | R119: =(N119+O119+P119+Q119)-M119 -> 0
B120: 1100002 | C120: พายสับปรด 1 กล่อง | D120: ='เย็น '!D120+'เช้า '!D120+บ่าย!D120 -> 0 | E120: ='เย็น '!E120+'เช้า '!E120+บ่าย!E120 -> 0 | F120: ='เย็น '!F120+'เช้า '!F120+บ่าย!F120 -> 0 | G120: ='เย็น '!G120+'เช้า '!G120+บ่าย!G120 -> 0 | H120: ='เย็น '!H120+'เช้า '!H120+บ่าย!H120 -> 0 | I120: ='เย็น '!I120+'เช้า '!I120+บ่าย!I120 -> 0 | J120: =+G120+H120+I120 -> 0 | K120: ='เย็น '!J120+'เช้า '!J120+บ่าย!K120 -> 0 | L120: ='เย็น '!K120+'เช้า '!K120+บ่าย!L120 -> 0 | M120: =+D120+E120+F120+J120+K120+L120 -> 0 | O120: 1 | R120: =(N120+O120+P120+Q120)-M120 -> 1
B121: 1200001 | C121: คอนเฟลค | D121: ='เย็น '!D121+'เช้า '!D121+บ่าย!D121 -> 50 | E121: ='เย็น '!E121+'เช้า '!E121+บ่าย!E121 -> 0 | F121: ='เย็น '!F121+'เช้า '!F121+บ่าย!F121 -> 0 | G121: ='เย็น '!G121+'เช้า '!G121+บ่าย!G121 -> 0 | H121: ='เย็น '!H121+'เช้า '!H121+บ่าย!H121 -> 0 | I121: ='เย็น '!I121+'เช้า '!I121+บ่าย!I121 -> 0 | J121: =+G121+H121+I121 -> 0 | K121: ='เย็น '!J121+'เช้า '!J121+บ่าย!K121 -> 0 | L121: ='เย็น '!K121+'เช้า '!K121+บ่าย!L121 -> 0 | M121: =+D121+E121+F121+J121+K121+L121 -> 50 | O121: 12 | R121: =(N121+O121+P121+Q121)-M121 -> -38
B122: 1005761 | C122: ปังกรอบคาราเมล(ถุง) | D122: ='เย็น '!D122+'เช้า '!D122+บ่าย!D122 -> 0 | E122: ='เย็น '!E122+'เช้า '!E122+บ่าย!E122 -> 0 | F122: ='เย็น '!F122+'เช้า '!F122+บ่าย!F122 -> 0 | G122: ='เย็น '!G122+'เช้า '!G122+บ่าย!G122 -> 0 | H122: ='เย็น '!H122+'เช้า '!H122+บ่าย!H122 -> 0 | I122: ='เย็น '!I122+'เช้า '!I122+บ่าย!I122 -> 0 | J122: =+G122+H122+I122 -> 0 | K122: ='เย็น '!J122+'เช้า '!J122+บ่าย!K122 -> 0 | L122: ='เย็น '!K122+'เช้า '!K122+บ่าย!L122 -> 0 | M122: =+D122+E122+F122+J122+K122+L122 -> 0 | R122: =(N122+O122+P122+Q122)-M122 -> 0
B123: 1114501 | C123: ครีมฮอร์นไส้เนย วนิลา | D123: ='เย็น '!D123+'เช้า '!D123+บ่าย!D123 -> 3 | E123: ='เย็น '!E123+'เช้า '!E123+บ่าย!E123 -> 8 | F123: ='เย็น '!F123+'เช้า '!F123+บ่าย!F123 -> 12 | G123: ='เย็น '!G123+'เช้า '!G123+บ่าย!G123 -> 176 | H123: ='เย็น '!H123+'เช้า '!H123+บ่าย!H123 -> 0 | I123: ='เย็น '!I123+'เช้า '!I123+บ่าย!I123 -> 0 | J123: =+G123+H123+I123 -> 176 | K123: ='เย็น '!J123+'เช้า '!J123+บ่าย!K123 -> 0 | L123: ='เย็น '!K123+'เช้า '!K123+บ่าย!L123 -> 0 | M123: =+D123+E123+F123+J123+K123+L123 -> 199 | N123: 351 | O123: 430 | Q123: 350 | R123: =(N123+O123+P123+Q123)-M123 -> 932
B124: 1114502 | C124: ครีมฮอร์นไส้เนย ใบเตย | D124: ='เย็น '!D124+'เช้า '!D124+บ่าย!D124 -> 2 | E124: ='เย็น '!E124+'เช้า '!E124+บ่าย!E124 -> 1 | F124: ='เย็น '!F124+'เช้า '!F124+บ่าย!F124 -> 0 | G124: ='เย็น '!G124+'เช้า '!G124+บ่าย!G124 -> 134 | H124: ='เย็น '!H124+'เช้า '!H124+บ่าย!H124 -> 0 | I124: ='เย็น '!I124+'เช้า '!I124+บ่าย!I124 -> 0 | J124: =+G124+H124+I124 -> 134 | K124: ='เย็น '!J124+'เช้า '!J124+บ่าย!K124 -> 0 | L124: ='เย็น '!K124+'เช้า '!K124+บ่าย!L124 -> 0 | M124: =+D124+E124+F124+J124+K124+L124 -> 137 | N124: 244 | O124: 166 | Q124: 250 | R124: =(N124+O124+P124+Q124)-M124 -> 523
B125: 1114503 | C125: ครีมฮอร์นไส้เนย ชอค | D125: ='เย็น '!D125+'เช้า '!D125+บ่าย!D125 -> 2 | E125: ='เย็น '!E125+'เช้า '!E125+บ่าย!E125 -> 1 | F125: ='เย็น '!F125+'เช้า '!F125+บ่าย!F125 -> 0 | G125: ='เย็น '!G125+'เช้า '!G125+บ่าย!G125 -> 130 | H125: ='เย็น '!H125+'เช้า '!H125+บ่าย!H125 -> 0 | I125: ='เย็น '!I125+'เช้า '!I125+บ่าย!I125 -> 0 | J125: =+G125+H125+I125 -> 130 | K125: ='เย็น '!J125+'เช้า '!J125+บ่าย!K125 -> 0 | L125: ='เย็น '!K125+'เช้า '!K125+บ่าย!L125 -> 0 | M125: =+D125+E125+F125+J125+K125+L125 -> 133 | N125: 240 | O125: 116 | Q125: 250 | R125: =(N125+O125+P125+Q125)-M125 -> 473
B126: 1124021 | C126: ขนมปังหั่นสไลด์ | D126: ='เย็น '!D126+'เช้า '!D126+บ่าย!D126 -> 0 | E126: ='เย็น '!E126+'เช้า '!E126+บ่าย!E126 -> 0 | F126: ='เย็น '!F126+'เช้า '!F126+บ่าย!F126 -> 0 | G126: ='เย็น '!G126+'เช้า '!G126+บ่าย!G126 -> 0 | H126: ='เย็น '!H126+'เช้า '!H126+บ่าย!H126 -> 0 | I126: ='เย็น '!I126+'เช้า '!I126+บ่าย!I126 -> 0 | J126: =+G126+H126+I126 -> 0 | K126: ='เย็น '!J126+'เช้า '!J126+บ่าย!K126 -> 0 | L126: ='เย็น '!K126+'เช้า '!K126+บ่าย!L126 -> 0 | M126: =+D126+E126+F126+J126+K126+L126 -> 0 | N126: 15 | O126: 22 | R126: =(N126+O126+P126+Q126)-M126 -> 37
B127: 1113084 | C127: ปังเนยนิ่ม กล่อง 2 ชิ้น | D127: ='เย็น '!D127+'เช้า '!D127+บ่าย!D127 -> 0 | E127: ='เย็น '!E127+'เช้า '!E127+บ่าย!E127 -> 0 | F127: ='เย็น '!F127+'เช้า '!F127+บ่าย!F127 -> 0 | G127: ='เย็น '!G127+'เช้า '!G127+บ่าย!G127 -> 0 | H127: ='เย็น '!H127+'เช้า '!H127+บ่าย!H127 -> 0 | I127: ='เย็น '!I127+'เช้า '!I127+บ่าย!I127 -> 0 | J127: =+G127+H127+I127 -> 0 | K127: ='เย็น '!J127+'เช้า '!J127+บ่าย!K127 -> 0 | L127: ='เย็น '!K127+'เช้า '!K127+บ่าย!L127 -> 0 | M127: =+D127+E127+F127+J127+K127+L127 -> 0 | R127: =(N127+O127+P127+Q127)-M127 -> 0
B128: 900003 | C128: กล่องเปล่าชิฟอน ล | D128: ='เย็น '!D128+'เช้า '!D128+บ่าย!D128 -> 0 | E128: ='เย็น '!E128+'เช้า '!E128+บ่าย!E128 -> 0 | F128: ='เย็น '!F128+'เช้า '!F128+บ่าย!F128 -> 0 | G128: ='เย็น '!G128+'เช้า '!G128+บ่าย!G128 -> 0 | H128: ='เย็น '!H128+'เช้า '!H128+บ่าย!H128 -> 0 | I128: ='เย็น '!I128+'เช้า '!I128+บ่าย!I128 -> 0 | J128: =+G128+H128+I128 -> 0 | K128: ='เย็น '!J128+'เช้า '!J128+บ่าย!K128 -> 0 | L128: ='เย็น '!K128+'เช้า '!K128+บ่าย!L128 -> 0 | M128: =+D128+E128+F128+J128+K128+L128 -> 0 | R128: =(N128+O128+P128+Q128)-M128 -> 0
B129: 900004 | C129: กล่องเปล่าชิฟอน ญ | D129: ='เย็น '!D129+'เช้า '!D129+บ่าย!D129 -> 0 | E129: ='เย็น '!E129+'เช้า '!E129+บ่าย!E129 -> 0 | F129: ='เย็น '!F129+'เช้า '!F129+บ่าย!F129 -> 0 | G129: ='เย็น '!G129+'เช้า '!G129+บ่าย!G129 -> 0 | H129: ='เย็น '!H129+'เช้า '!H129+บ่าย!H129 -> 0 | I129: ='เย็น '!I129+'เช้า '!I129+บ่าย!I129 -> 0 | J129: =+G129+H129+I129 -> 0 | K129: ='เย็น '!J129+'เช้า '!J129+บ่าย!K129 -> 0 | L129: ='เย็น '!K129+'เช้า '!K129+บ่าย!L129 -> 0 | M129: =+D129+E129+F129+J129+K129+L129 -> 0 | R129: =(N129+O129+P129+Q129)-M129 -> 0
B130: 1200002 | C130: ทอฟฟี่ถั่ว กล่อง | D130: ='เย็น '!D130+'เช้า '!D130+บ่าย!D130 -> 0 | E130: ='เย็น '!E130+'เช้า '!E130+บ่าย!E130 -> 0 | F130: ='เย็น '!F130+'เช้า '!F130+บ่าย!F130 -> 0 | G130: ='เย็น '!G130+'เช้า '!G130+บ่าย!G130 -> 0 | H130: ='เย็น '!H130+'เช้า '!H130+บ่าย!H130 -> 0 | I130: ='เย็น '!I130+'เช้า '!I130+บ่าย!I130 -> 0 | J130: =+G130+H130+I130 -> 0 | K130: ='เย็น '!J130+'เช้า '!J130+บ่าย!K130 -> 0 | L130: ='เย็น '!K130+'เช้า '!K130+บ่าย!L130 -> 0 | M130: =+D130+E130+F130+J130+K130+L130 -> 0 | R130: =(N130+O130+P130+Q130)-M130 -> 0
...
