Workbook

Sheet รวม
B1: ยอดจริง ออนไลน์ วันที่ รวม
L2: ยอดรวมผลิต | M2: ยอดฟอแคส | N2: ยอดสตอค | O2: ยอดเมโม่ | P2: ยอดฟอแคสวันพรุ่งนี้ | Q2: รวม
L3: จำนวน
B4: รหัสสินค้า | C4: สินค้า | D4: ปณ | E4: ชอปปี้ | F4: ลาซาด้า | G4: ติ๊กตอก | H4: ติ๊กตอก2 | I4: ติ๊กตอก3 | J4: ชอยส์ | K4: ยอดเส้น | L4: (กล่อง)
B6: ชิฟฟอนรวมรส
B7: 1111002 | C7: ชิฟฟอนรวมรส 8 ชิ้น | D7: ='1'!D7+'2'!D7+'3'!D7+'4'!D7+'5'!D7+'6'!D7+'7'!D7+'8'!D7+'9'!D7+'10'!D7+'11'!D7+'12'!C7+'13'!D7+'14'!D7+'15'!D7+'16'!D7+'17'!D7+'18'!D7+'19'!C7+'20'!D7+'21'!D7+'22'!C7+'23'!D7+'24'!D7+'25'!D7+'26'!C7+'27'!D7+'28'!D7+'29'!D7 -> 378 | E7: ='1'!E7+'2'!E7+'3'!E7+'4'!E7+'5'!E7+'6'!E7+'7'!E7+'8'!E7+'9'!E7+'10'!E7+'11'!E7+'12'!D7+'13'!E7+'14'!E7+'15'!E7+'16'!E7+'17'!E7+'18'!E7+'19'!D7+'20'!E7+'21'!E7+'22'!D7+'23'!E7+'24'!E7+'25'!E7+'26'!D7+'27'!E7+'28'!E7+'29'!E7 -> 1857 | F7: ='1'!F7+'2'!F7+'3'!F7+'4'!F7+'5'!F7+'6'!F7+'7'!F7+'8'!F7+'9'!F7+'10'!F7+'11'!F7+'12'!E7+'13'!F7+'14'!F7+'15'!F7+'16'!F7+'17'!F7+'18'!F7+'19'!E7+'20'!F7+'21'!F7+'22'!E7+'23'!F7+'24'!F7+'25'!F7+'26'!E7+'27'!F7+'28'!F7+'29'!F7 -> 2441 | G7: ='1'!G7+'2'!G7+'3'!G7+'4'!G7+'5'!G7+'6'!G7+'7'!G7+'8'!G7+'9'!G7+'10'!G7+'11'!G7+'12'!F7+'13'!G7+'14'!G7+'15'!G7+'16'!G7+'17'!G7+'18'!G7+'19'!F7+'20'!G7+'21'!G7+'22'!F7+'23'!G7+'24'!G7+'25'!G7+'26'!F7+'27'!G7+'28'!G7+'29'!G7 -> 238 | H7: ='1'!H7+'2'!H7+'3'!H7+'4'!H7+'5'!H7+'6'!H7+'7'!H7+'8'!H7+'9'!H7+'10'!H7+'11'!H7+'12'!G7+'13'!H7+'14'!H7+'15'!H7+'16'!H7+'17'!H7+'18'!H7+'19'!G7+'20'!H7+'21'!H7+'22'!G7+'23'!H7+'24'!H7+'25'!H7+'26'!G7+'27'!H7+'28'!H7+'29'!H7 -> 47 | I7: ='1'!I7+'2'!I7+'3'!I7+'4'!I7+'5'!I7+'6'!I7+'7'!I7+'8'!I7+'9'!I7+'10'!I7+'11'!I7+'12'!H7+'13'!I7+'14'!I7+'15'!I7+'16'!I7+'17'!I7+'18'!I7+'19'!H7+'20'!I7+'21'!I7+'22'!H7+'23'!I7+'24'!I7+'25'!I7+'26'!H7+'27'!I7+'28'!I7+'29'!I7 -> 0 | J7: ='1'!J7+'2'!J7+'3'!J7+'4'!J7+'5'!J7+'6'!J7+'7'!J7+'8'!J7+'9'!J7+'10'!J7+'11'!J7+'12'!I7+'13'!J7+'14'!J7+'15'!J7+'16'!J7+'17'!J7+'18'!J7+'19'!I7+'20'!J7+'21'!J7+'22'!I7+'23'!J7+'24'!J7+'25'!J7+'26'!I7+'27'!J7+'28'!J7+'29'!J7 -> 0 | K7: ='1'!K7+'2'!K7+'3'!K7+'4'!K7+'5'!K7+'6'!K7+'7'!K7+'8'!K7+'9'!K7+'10'!K7+'11'!K7+'12'!J7+'13'!K7+'14'!K7+'15'!K7+'16'!K7+'17'!K7+'18'!K7+'19'!J7+'20'!K7+'21'!K7+'22'!J7+'23'!K7+'24'!K7+'25'!K7+'26'!J7+'27'!K7+'28'!K7+'29'!K7 -> 1301 | L7: =SUM(D7:K7) -> 6262 | Q7: 0
C8: ชิฟฟอนแบบกล่องสุ่มอะไรก็ได้ที่มี | D8: ='1'!D8+'2'!D8+'3'!D8+'4'!D8+'5'!D8+'6'!D8+'7'!D8+'8'!D8+'9'!D8+'10'!D8+'11'!D8+'12'!C8+'13'!D8+'14'!D8+'15'!D8+'16'!D8+'17'!D8+'18'!D8+'19'!C8+'20'!D8+'21'!D8+'22'!C8+'23'!D8+'24'!D8+'25'!D8+'26'!C8+'27'!D8+'28'!D8+'29'!D8 -> 0 | E8: ='1'!E8+'2'!E8+'3'!E8+'4'!E8+'5'!E8+'6'!E8+'7'!E8+'8'!E8+'9'!E8+'10'!E8+'11'!E8+'12'!D8+'13'!E8+'14'!E8+'15'!E8+'16'!E8+'17'!E8+'18'!E8+'19'!D8+'20'!E8+'21'!E8+'22'!D8+'23'!E8+'24'!E8+'25'!E8+'26'!D8+'27'!E8+'28'!E8+'29'!E8 -> 0 | F8: ='1'!F8+'2'!F8+'3'!F8+'4'!F8+'5'!F8+'6'!F8+'7'!F8+'8'!F8+'9'!F8+'10'!F8+'11'!F8+'12'!E8+'13'!F8+'14'!F8+'15'!F8+'16'!F8+'17'!F8+'18'!F8+'19'!E8+'20'!F8+'21'!F8+'22'!E8+'23'!F8+'24'!F8+'25'!F8+'26'!E8+'27'!F8+'28'!F8+'29'!F8 -> 0 | G8: ='1'!G8+'2'!G8+'3'!G8+'4'!G8+'5'!G8+'6'!G8+'7'!G8+'8'!G8+'9'!G8+'10'!G8+'11'!G8+'12'!F8+'13'!G8+'14'!G8+'15'!G8+'16'!G8+'17'!G8+'18'!G8+'19'!F8+'20'!G8+'21'!G8+'22'!F8+'23'!G8+'24'!G8+'25'!G8+'26'!F8+'27'!G8+'28'!G8+'29'!G8 -> 0 | H8: ='1'!H8+'2'!H8+'3'!H8+'4'!H8+'5'!H8+'6'!H8+'7'!H8+'8'!H8+'9'!H8+'10'!H8+'11'!H8+'12'!G8+'13'!H8+'14'!H8+'15'!H8+'16'!H8+'17'!H8+'18'!H8+'19'!G8+'20'!H8+'21'!H8+'22'!G8+'23'!H8+'24'!H8+'25'!H8+'26'!G8+'27'!H8+'28'!H8+'29'!H8 -> 0 | I8: ='1'!I8+'2'!I8+'3'!I8+'4'!I8+'5'!I8+'6'!I8+'7'!I8+'8'!I8+'9'!I8+'10'!I8+'11'!I8+'12'!H8+'13'!I8+'14'!I8+'15'!I8+'16'!I8+'17'!I8+'18'!I8+'19'!H8+'20'!I8+'21'!I8+'22'!H8+'23'!I8+'24'!I8+'25'!I8+'26'!H8+'27'!I8+'28'!I8+'29'!I8 -> 0 | J8: ='1'!J8+'2'!J8+'3'!J8+'4'!J8+'5'!J8+'6'!J8+'7'!J8+'8'!J8+'9'!J8+'10'!J8+'11'!J8+'12'!I8+'13'!J8+'14'!J8+'15'!J8+'16'!J8+'17'!J8+'18'!J8+'19'!I8+'20'!J8+'21'!J8+'22'!I8+'23'!J8+'24'!J8+'25'!J8+'26'!I8+'27'!J8+'28'!J8+'29'!J8 -> 0 | K8: ='1'!K8+'2'!K8+'3'!K8+'4'!K8+'5'!K8+'6'!K8+'7'!K8+'8'!K8+'9'!K8+'10'!K8+'11'!K8+'12'!J8+'13'!K8+'14'!K8+'15'!K8+'16'!K8+'17'!K8+'18'!K8+'19'!J8+'20'!K8+'21'!K8+'22'!J8+'23'!K8+'24'!K8+'25'!K8+'26'!J8+'27'!K8+'28'!K8+'29'!K8 -> 0 | L8: =SUM(D8:K8) -> 0 | Q8: 0
B9: 1111084 | C9: ชิฟฟอน 8 ชิ้น กาแฟล้วน | D9: ='1'!D9+'2'!D9+'3'!D9+'4'!D9+'5'!D9+'6'!D9+'7'!D9+'8'!D9+'9'!D9+'10'!D9+'11'!D9+'12'!C9+'13'!D9+'14'!D9+'15'!D9+'16'!D9+'17'!D9+'18'!D9+'19'!C9+'20'!D9+'21'!D9+'22'!C9+'23'!D9+'24'!D9+'25'!D9+'26'!C9+'27'!D9+'28'!D9+'29'!D9 -> 0 | E9: ='1'!E9+'2'!E9+'3'!E9+'4'!E9+'5'!E9+'6'!E9+'7'!E9+'8'!E9+'9'!E9+'10'!E9+'11'!E9+'12'!D9+'13'!E9+'14'!E9+'15'!E9+'16'!E9+'17'!E9+'18'!E9+'19'!D9+'20'!E9+'21'!E9+'22'!D9+'23'!E9+'24'!E9+'25'!E9+'26'!D9+'27'!E9+'28'!E9+'29'!E9 -> 0 | F9: ='1'!F9+'2'!F9+'3'!F9+'4'!F9+'5'!F9+'6'!F9+'7'!F9+'8'!F9+'9'!F9+'10'!F9+'11'!F9+'12'!E9+'13'!F9+'14'!F9+'15'!F9+'16'!F9+'17'!F9+'18'!F9+'19'!E9+'20'!F9+'21'!F9+'22'!E9+'23'!F9+'24'!F9+'25'!F9+'26'!E9+'27'!F9+'28'!F9+'29'!F9 -> 0 | G9: ='1'!G9+'2'!G9+'3'!G9+'4'!G9+'5'!G9+'6'!G9+'7'!G9+'8'!G9+'9'!G9+'10'!G9+'11'!G9+'12'!F9+'13'!G9+'14'!G9+'15'!G9+'16'!G9+'17'!G9+'18'!G9+'19'!F9+'20'!G9+'21'!G9+'22'!F9+'23'!G9+'24'!G9+'25'!G9+'26'!F9+'27'!G9+'28'!G9+'29'!G9 -> 0 | H9: ='1'!H9+'2'!H9+'3'!H9+'4'!H9+'5'!H9+'6'!H9+'7'!H9+'8'!H9+'9'!H9+'10'!H9+'11'!H9+'12'!G9+'13'!H9+'14'!H9+'15'!H9+'16'!H9+'17'!H9+'18'!H9+'19'!G9+'20'!H9+'21'!H9+'22'!G9+'23'!H9+'24'!H9+'25'!H9+'26'!G9+'27'!H9+'28'!H9+'29'!H9 -> 0 | I9: ='1'!I9+'2'!I9+'3'!I9+'4'!I9+'5'!I9+'6'!I9+'7'!I9+'8'!I9+'9'!I9+'10'!I9+'11'!I9+'12'!H9+'13'!I9+'14'!I9+'15'!I9+'16'!I9+'17'!I9+'18'!I9+'19'!H9+'20'!I9+'21'!I9+'22'!H9+'23'!I9+'24'!I9+'25'!I9+'26'!H9+'27'!I9+'28'!I9+'29'!I9 -> 0 | J9: ='1'!J9+'2'!J9+'3'!J9+'4'!J9+'5'!J9+'6'!J9+'7'!J9+'8'!J9+'9'!J9+'10'!J9+'11'!J9+'12'!I9+'13'!J9+'14'!J9+'15'!J9+'16'!J9+'17'!J9+'18'!J9+'19'!I9+'20'!J9+'21'!J9+'22'!I9+'23'!J9+'24'!J9+'25'!J9+'26'!I9+'27'!J9+'28'!J9+'29'!J9 -> 0 | K9: ='1'!K9+'2'!K9+'3'!K9+'4'!K9+'5'!K9+'6'!K9+'7'!K9+'8'!K9+'9'!K9+'10'!K9+'11'!K9+'12'!J9+'13'!K9+'14'!K9+'15'!K9+'16'!K9+'17'!K9+'18'!K9+'19'!J9+'20'!K9+'21'!K9+'22'!J9+'23'!K9+'24'!K9+'25'!K9+'26'!J9+'27'!K9+'28'!K9+'29'!K9 -> 0 | L9: =SUM(D9:K9) -> 0 | Q9: 0
B10: 1111085 | C10: ชิฟฟอน 8 ชิ้น บลูเบอรี่ล้วน | D10: ='1'!D10+'2'!D10+'3'!D10+'4'!D10+'5'!D10+'6'!D10+'7'!D10+'8'!D10+'9'!D10+'10'!D10+'11'!D10+'12'!C10+'13'!D10+'14'!D10+'15'!D10+'16'!D10+'17'!D10+'18'!D10+'19'!C10+'20'!D10+'21'!D10+'22'!C10+'23'!D10+'24'!D10+'25'!D10+'26'!C10+'27'!D10+'28'!D10+'29'!D10 -> 0 | E10: ='1'!E10+'2'!E10+'3'!E10+'4'!E10+'5'!E10+'6'!E10+'7'!E10+'8'!E10+'9'!E10+'10'!E10+'11'!E10+'12'!D10+'13'!E10+'14'!E10+'15'!E10+'16'!E10+'17'!E10+'18'!E10+'19'!D10+'20'!E10+'21'!E10+'22'!D10+'23'!E10+'24'!E10+'25'!E10+'26'!D10+'27'!E10+'28'!E10+'29'!E10 -> 0 | F10: ='1'!F10+'2'!F10+'3'!F10+'4'!F10+'5'!F10+'6'!F10+'7'!F10+'8'!F10+'9'!F10+'10'!F10+'11'!F10+'12'!E10+'13'!F10+'14'!F10+'15'!F10+'16'!F10+'17'!F10+'18'!F10+'19'!E10+'20'!F10+'21'!F10+'22'!E10+'23'!F10+'24'!F10+'25'!F10+'26'!E10+'27'!F10+'28'!F10+'29'!F10 -> 0 | G10: ='1'!G10+'2'!G10+'3'!G10+'4'!G10+'5'!G10+'6'!G10+'7'!G10+'8'!G10+'9'!G10+'10'!G10+'11'!G10+'12'!F10+'13'!G10+'14'!G10+'15'!G10+'16'!G10+'17'!G10+'18'!G10+'19'!F10+'20'!G10+'21'!G10+'22'!F10+'23'!G10+'24'!G10+'25'!G10+'26'!F10+'27'!G10+'28'!G10+'29'!G10 -> 0 | H10: ='1'!H10+'2'!H10+'3'!H10+'4'!H10+'5'!H10+'6'!H10+'7'!H10+'8'!H10+'9'!H10+'10'!H10+'11'!H10+'12'!G10+'13'!H10+'14'!H10+'15'!H10+'16'!H10+'17'!H10+'18'!H10+'19'!G10+'20'!H10+'21'!H10+'22'!G10+'23'!H10+'24'!H10+'25'!H10+'26'!G10+'27'!H10+'28'!H10+'29'!H10 -> 0 | I10: ='1'!I10+'2'!I10+'3'!I10+'4'!I10+'5'!I10+'6'!I10+'7'!I10+'8'!I10+'9'!I10+'10'!I10+'11'!I10+'12'!H10+'13'!I10+'14'!I10+'15'!I10+'16'!I10+'17'!I10+'18'!I10+'19'!H10+'20'!I10+'21'!I10+'22'!H10+'23'!I10+'24'!I10+'25'!I10+'26'!H10+'27'!I10+'28'!I10+'29'!I10 -> 0 | J10: ='1'!J10+'2'!J10+'3'!J10+'4'!J10+'5'!J10+'6'!J10+'7'!J10+'8'!J10+'9'!J10+'10'!J10+'11'!J10+'12'!I10+'13'!J10+'14'!J10+'15'!J10+'16'!J10+'17'!J10+'18'!J10+'19'!I10+'20'!J10+'21'!J10+'22'!I10+'23'!J10+'24'!J10+'25'!J10+'26'!I10+'27'!J10+'28'!J10+'29'!J10 -> 0 | K10: ='1'!K10+'2'!K10+'3'!K10+'4'!K10+'5'!K10+'6'!K10+'7'!K10+'8'!K10+'9'!K10+'10'!K10+'11'!K10+'12'!J10+'13'!K10+'14'!K10+'15'!K10+'16'!K10+'17'!K10+'18'!K10+'19'!J10+'20'!K10+'21'!K10+'22'!J10+'23'!K10+'24'!K10+'25'!K10+'26'!J10+'27'!K10+'28'!K10+'29'!K10 -> 0 | L10: =SUM(D10:K10) -> 0 | Q10: 0
B11: 1111086 | C11: ชิฟฟอน 8 ชิ้น มะพร้าวล้วน | D11: ='1'!D11+'2'!D11+'3'!D11+'4'!D11+'5'!D11+'6'!D11+'7'!D11+'8'!D11+'9'!D11+'10'!D11+'11'!D11+'12'!C11+'13'!D11+'14'!D11+'15'!D11+'16'!D11+'17'!D11+'18'!D11+'19'!C11+'20'!D11+'21'!D11+'22'!C11+'23'!D11+'24'!D11+'25'!D11+'26'!C11+'27'!D11+'28'!D11+'29'!D11 -> 20 | E11: ='1'!E11+'2'!E11+'3'!E11+'4'!E11+'5'!E11+'6'!E11+'7'!E11+'8'!E11+'9'!E11+'10'!E11+'11'!E11+'12'!D11+'13'!E11+'14'!E11+'15'!E11+'16'!E11+'17'!E11+'18'!E11+'19'!D11+'20'!E11+'21'!E11+'22'!D11+'23'!E11+'24'!E11+'25'!E11+'26'!D11+'27'!E11+'28'!E11+'29'!E11 -> 0 | F11: ='1'!F11+'2'!F11+'3'!F11+'4'!F11+'5'!F11+'6'!F11+'7'!F11+'8'!F11+'9'!F11+'10'!F11+'11'!F11+'12'!E11+'13'!F11+'14'!F11+'15'!F11+'16'!F11+'17'!F11+'18'!F11+'19'!E11+'20'!F11+'21'!F11+'22'!E11+'23'!F11+'24'!F11+'25'!F11+'26'!E11+'27'!F11+'28'!F11+'29'!F11 -> 0 | G11: ='1'!G11+'2'!G11+'3'!G11+'4'!G11+'5'!G11+'6'!G11+'7'!G11+'8'!G11+'9'!G11+'10'!G11+'11'!G11+'12'!F11+'13'!G11+'14'!G11+'15'!G11+'16'!G11+'17'!G11+'18'!G11+'19'!F11+'20'!G11+'21'!G11+'22'!F11+'23'!G11+'24'!G11+'25'!G11+'26'!F11+'27'!G11+'28'!G11+'29'!G11 -> 0 | H11: ='1'!H11+'2'!H11+'3'!H11+'4'!H11+'5'!H11+'6'!H11+'7'!H11+'8'!H11+'9'!H11+'10'!H11+'11'!H11+'12'!G11+'13'!H11+'14'!H11+'15'!H11+'16'!H11+'17'!H11+'18'!H11+'19'!G11+'20'!H11+'21'!H11+'22'!G11+'23'!H11+'24'!H11+'25'!H11+'26'!G11+'27'!H11+'28'!H11+'29'!H11 -> 0 | I11: ='1'!I11+'2'!I11+'3'!I11+'4'!I11+'5'!I11+'6'!I11+'7'!I11+'8'!I11+'9'!I11+'10'!I11+'11'!I11+'12'!H11+'13'!I11+'14'!I11+'15'!I11+'16'!I11+'17'!I11+'18'!I11+'19'!H11+'20'!I11+'21'!I11+'22'!H11+'23'!I11+'24'!I11+'25'!I11+'26'!H11+'27'!I11+'28'!I11+'29'!I11 -> 0 | J11: ='1'!J11+'2'!J11+'3'!J11+'4'!J11+'5'!J11+'6'!J11+'7'!J11+'8'!J11+'9'!J11+'10'!J11+'11'!J11+'12'!I11+'13'!J11+'14'!J11+'15'!J11+'16'!J11+'17'!J11+'18'!J11+'19'!I11+'20'!J11+'21'!J11+'22'!I11+'23'!J11+'24'!J11+'25'!J11+'26'!I11+'27'!J11+'28'!J11+'29'!J11 -> 0 | K11: ='1'!K11+'2'!K11+'3'!K11+'4'!K11+'5'!K11+'6'!K11+'7'!K11+'8'!K11+'9'!K11+'10'!K11+'11'!K11+'12'!J11+'13'!K11+'14'!K11+'15'!K11+'16'!K11+'17'!K11+'18'!K11+'19'!J11+'20'!K11+'21'!K11+'22'!J11+'23'!K11+'24'!K11+'25'!K11+'26'!J11+'27'!K11+'28'!K11+'29'!K11 -> 0 | L11: =SUM(D11:K11) -> 20 | Q11: 0
B12: 1111087 | C12: ชิฟฟอน 8 ชิ้น สตอเบอรี่ล้วน | D12: ='1'!D12+'2'!D12+'3'!D12+'4'!D12+'5'!D12+'6'!D12+'7'!D12+'8'!D12+'9'!D12+'10'!D12+'11'!D12+'12'!C12+'13'!D12+'14'!D12+'15'!D12+'16'!D12+'17'!D12+'18'!D12+'19'!C12+'20'!D12+'21'!D12+'22'!C12+'23'!D12+'24'!D12+'25'!D12+'26'!C12+'27'!D12+'28'!D12+'29'!D12 -> 0 | E12: ='1'!E12+'2'!E12+'3'!E12+'4'!E12+'5'!E12+'6'!E12+'7'!E12+'8'!E12+'9'!E12+'10'!E12+'11'!E12+'12'!D12+'13'!E12+'14'!E12+'15'!E12+'16'!E12+'17'!E12+'18'!E12+'19'!D12+'20'!E12+'21'!E12+'22'!D12+'23'!E12+'24'!E12+'25'!E12+'26'!D12+'27'!E12+'28'!E12+'29'!E12 -> 0 | F12: ='1'!F12+'2'!F12+'3'!F12+'4'!F12+'5'!F12+'6'!F12+'7'!F12+'8'!F12+'9'!F12+'10'!F12+'11'!F12+'12'!E12+'13'!F12+'14'!F12+'15'!F12+'16'!F12+'17'!F12+'18'!F12+'19'!E12+'20'!F12+'21'!F12+'22'!E12+'23'!F12+'24'!F12+'25'!F12+'26'!E12+'27'!F12+'28'!F12+'29'!F12 -> 0 | G12: ='1'!G12+'2'!G12+'3'!G12+'4'!G12+'5'!G12+'6'!G12+'7'!G12+'8'!G12+'9'!G12+'10'!G12+'11'!G12+'12'!F12+'13'!G12+'14'!G12+'15'!G12+'16'!G12+'17'!G12+'18'!G12+'19'!F12+'20'!G12+'21'!G12+'22'!F12+'23'!G12+'24'!G12+'25'!G12+'26'!F12+'27'!G12+'28'!G12+'29'!G12 -> 0 | H12: ='1'!H12+'2'!H12+'3'!H12+'4'!H12+'5'!H12+'6'!H12+'7'!H12+'8'!H12+'9'!H12+'10'!H12+'11'!H12+'12'!G12+'13'!H12+'14'!H12+'15'!H12+'16'!H12+'17'!H12+'18'!H12+'19'!G12+'20'!H12+'21'!H12+'22'!G12+'23'!H12+'24'!H12+'25'!H12+'26'!G12+'27'!H12+'28'!H12+'29'!H12 -> 0 | I12: ='1'!I12+'2'!I12+'3'!I12+'4'!I12+'5'!I12+'6'!I12+'7'!I12+'8'!I12+'9'!I12+'10'!I12+'11'!I12+'12'!H12+'13'!I12+'14'!I12+'15'!I12+'16'!I12+'17'!I12+'18'!I12+'19'!H12+'20'!I12+'21'!I12+'22'!H12+'23'!I12+'24'!I12+'25'!I12+'26'!H12+'27'!I12+'28'!I12+'29'!I12 -> 0 | J12: ='1'!J12+'2'!J12+'3'!J12+'4'!J12+'5'!J12+'6'!J12+'7'!J12+'8'!J12+'9'!J12+'10'!J12+'11'!J12+'12'!I12+'13'!J12+'14'!J12+'15'!J12+'16'!J12+'17'!J12+'18'!J12+'19'!I12+'20'!J12+'21'!J12+'22'!I12+'23'!J12+'24'!J12+'25'!J12+'26'!I12+'27'!J12+'28'!J12+'29'!J12 -> 0 | K12: ='1'!K12+'2'!K12+'3'!K12+'4'!K12+'5'!K12+'6'!K12+'7'!K12+'8'!K12+'9'!K12+'10'!K12+'11'!K12+'12'!J12+'13'!K12+'14'!K12+'15'!K12+'16'!K12+'17'!K12+'18'!K12+'19'!J12+'20'!K12+'21'!K12+'22'!J12+'23'!K12+'24'!K12+'25'!K12+'26'!J12+'27'!K12+'28'!K12+'29'!K12 -> 0 | L12: =SUM(D12:K12) -> 0 | Q12: 0
B13: 1111088 | C13: ชิฟฟอน 8 ชิ้น ส้มล้วน | D13: ='1'!D13+'2'!D13+'3'!D13+'4'!D13+'5'!D13+'6'!D13+'7'!D13+'8'!D13+'9'!D13+'10'!D13+'11'!D13+'12'!C13+'13'!D13+'14'!D13+'15'!D13+'16'!D13+'17'!D13+'18'!D13+'19'!C13+'20'!D13+'21'!D13+'22'!C13+'23'!D13+'24'!D13+'25'!D13+'26'!C13+'27'!D13+'28'!D13+'29'!D13 -> 0 | E13: ='1'!E13+'2'!E13+'3'!E13+'4'!E13+'5'!E13+'6'!E13+'7'!E13+'8'!E13+'9'!E13+'10'!E13+'11'!E13+'12'!D13+'13'!E13+'14'!E13+'15'!E13+'16'!E13+'17'!E13+'18'!E13+'19'!D13+'20'!E13+'21'!E13+'22'!D13+'23'!E13+'24'!E13+'25'!E13+'26'!D13+'27'!E13+'28'!E13+'29'!E13 -> 0 | F13: ='1'!F13+'2'!F13+'3'!F13+'4'!F13+'5'!F13+'6'!F13+'7'!F13+'8'!F13+'9'!F13+'10'!F13+'11'!F13+'12'!E13+'13'!F13+'14'!F13+'15'!F13+'16'!F13+'17'!F13+'18'!F13+'19'!E13+'20'!F13+'21'!F13+'22'!E13+'23'!F13+'24'!F13+'25'!F13+'26'!E13+'27'!F13+'28'!F13+'29'!F13 -> 0 | G13: ='1'!G13+'2'!G13+'3'!G13+'4'!G13+'5'!G13+'6'!G13+'7'!G13+'8'!G13+'9'!G13+'10'!G13+'11'!G13+'12'!F13+'13'!G13+'14'!G13+'15'!G13+'16'!G13+'17'!G13+'18'!G13+'19'!F13+'20'!G13+'21'!G13+'22'!F13+'23'!G13+'24'!G13+'25'!G13+'26'!F13+'27'!G13+'28'!G13+'29'!G13 -> 0 | H13: ='1'!H13+'2'!H13+'3'!H13+'4'!H13+'5'!H13+'6'!H13+'7'!H13+'8'!H13+'9'!H13+'10'!H13+'11'!H13+'12'!G13+'13'!H13+'14'!H13+'15'!H13+'16'!H13+'17'!H13+'18'!H13+'19'!G13+'20'!H13+'21'!H13+'22'!G13+'23'!H13+'24'!H13+'25'!H13+'26'!G13+'27'!H13+'28'!H13+'29'!H13 -> 0 | I13: ='1'!I13+'2'!I13+'3'!I13+'4'!I13+'5'!I13+'6'!I13+'7'!I13+'8'!I13+'9'!I13+'10'!I13+'11'!I13+'12'!H13+'13'!I13+'14'!I13+'15'!I13+'16'!I13+'17'!I13+'18'!I13+'19'!H13+'20'!I13+'21'!I13+'22'!H13+'23'!I13+'24'!I13+'25'!I13+'26'!H13+'27'!I13+'28'!I13+'29'!I13 -> 0 | J13: ='1'!J13+'2'!J13+'3'!J13+'4'!J13+'5'!J13+'6'!J13+'7'!J13+'8'!J13+'9'!J13+'10'!J13+'11'!J13+'12'!I13+'13'!J13+'14'!J13+'15'!J13+'16'!J13+'17'!J13+'18'!J13+'19'!I13+'20'!J13+'21'!J13+'22'!I13+'23'!J13+'24'!J13+'25'!J13+'26'!I13+'27'!J13+'28'!J13+'29'!J13 -> 0 | K13: ='1'!K13+'2'!K13+'3'!K13+'4'!K13+'5'!K13+'6'!K13+'7'!K13+'8'!K13+'9'!K13+'10'!K13+'11'!K13+'12'!J13+'13'!K13+'14'!K13+'15'!K13+'16'!K13+'17'!K13+'18'!K13+'19'!J13+'20'!K13+'21'!K13+'22'!J13+'23'!K13+'24'!K13+'25'!K13+'26'!J13+'27'!K13+'28'!K13+'29'!K13 -> 0 | L13: =SUM(D13:K13) -> 0 | Q13: 0
B14: 1111089 | C14: ชิฟฟอน 8 ชิ้น เนยล้วน | D14: ='1'!D14+'2'!D14+'3'!D14+'4'!D14+'5'!D14+'6'!D14+'7'!D14+'8'!D14+'9'!D14+'10'!D14+'11'!D14+'12'!C14+'13'!D14+'14'!D14+'15'!D14+'16'!D14+'17'!D14+'18'!D14+'19'!C14+'20'!D14+'21'!D14+'22'!C14+'23'!D14+'24'!D14+'25'!D14+'26'!C14+'27'!D14+'28'!D14+'29'!D14 -> 0 | E14: ='1'!E14+'2'!E14+'3'!E14+'4'!E14+'5'!E14+'6'!E14+'7'!E14+'8'!E14+'9'!E14+'10'!E14+'11'!E14+'12'!D14+'13'!E14+'14'!E14+'15'!E14+'16'!E14+'17'!E14+'18'!E14+'19'!D14+'20'!E14+'21'!E14+'22'!D14+'23'!E14+'24'!E14+'25'!E14+'26'!D14+'27'!E14+'28'!E14+'29'!E14 -> 0 | F14: ='1'!F14+'2'!F14+'3'!F14+'4'!F14+'5'!F14+'6'!F14+'7'!F14+'8'!F14+'9'!F14+'10'!F14+'11'!F14+'12'!E14+'13'!F14+'14'!F14+'15'!F14+'16'!F14+'17'!F14+'18'!F14+'19'!E14+'20'!F14+'21'!F14+'22'!E14+'23'!F14+'24'!F14+'25'!F14+'26'!E14+'27'!F14+'28'!F14+'29'!F14 -> 0 | G14: ='1'!G14+'2'!G14+'3'!G14+'4'!G14+'5'!G14+'6'!G14+'7'!G14+'8'!G14+'9'!G14+'10'!G14+'11'!G14+'12'!F14+'13'!G14+'14'!G14+'15'!G14+'16'!G14+'17'!G14+'18'!G14+'19'!F14+'20'!G14+'21'!G14+'22'!F14+'23'!G14+'24'!G14+'25'!G14+'26'!F14+'27'!G14+'28'!G14+'29'!G14 -> 0 | H14: ='1'!H14+'2'!H14+'3'!H14+'4'!H14+'5'!H14+'6'!H14+'7'!H14+'8'!H14+'9'!H14+'10'!H14+'11'!H14+'12'!G14+'13'!H14+'14'!H14+'15'!H14+'16'!H14+'17'!H14+'18'!H14+'19'!G14+'20'!H14+'21'!H14+'22'!G14+'23'!H14+'24'!H14+'25'!H14+'26'!G14+'27'!H14+'28'!H14+'29'!H14 -> 0 | I14: ='1'!I14+'2'!I14+'3'!I14+'4'!I14+'5'!I14+'6'!I14+'7'!I14+'8'!I14+'9'!I14+'10'!I14+'11'!I14+'12'!H14+'13'!I14+'14'!I14+'15'!I14+'16'!I14+'17'!I14+'18'!I14+'19'!H14+'20'!I14+'21'!I14+'22'!H14+'23'!I14+'24'!I14+'25'!I14+'26'!H14+'27'!I14+'28'!I14+'29'!I14 -> 0 | J14: ='1'!J14+'2'!J14+'3'!J14+'4'!J14+'5'!J14+'6'!J14+'7'!J14+'8'!J14+'9'!J14+'10'!J14+'11'!J14+'12'!I14+'13'!J14+'14'!J14+'15'!J14+'16'!J14+'17'!J14+'18'!J14+'19'!I14+'20'!J14+'21'!J14+'22'!I14+'23'!J14+'24'!J14+'25'!J14+'26'!I14+'27'!J14+'28'!J14+'29'!J14 -> 0 | K14: ='1'!K14+'2'!K14+'3'!K14+'4'!K14+'5'!K14+'6'!K14+'7'!K14+'8'!K14+'9'!K14+'10'!K14+'11'!K14+'12'!J14+'13'!K14+'14'!K14+'15'!K14+'16'!K14+'17'!K14+'18'!K14+'19'!J14+'20'!K14+'21'!K14+'22'!J14+'23'!K14+'24'!K14+'25'!K14+'26'!J14+'27'!K14+'28'!K14+'29'!K14 -> 0 | L14: =SUM(D14:K14) -> 0 | Q14: 0
B15: 1111090 | C15: ชิฟฟอน 8 ชิ้น เผือกล้วน | D15: ='1'!D15+'2'!D15+'3'!D15+'4'!D15+'5'!D15+'6'!D15+'7'!D15+'8'!D15+'9'!D15+'10'!D15+'11'!D15+'12'!C15+'13'!D15+'14'!D15+'15'!D15+'16'!D15+'17'!D15+'18'!D15+'19'!C15+'20'!D15+'21'!D15+'22'!C15+'23'!D15+'24'!D15+'25'!D15+'26'!C15+'27'!D15+'28'!D15+'29'!D15 -> 0 | E15: ='1'!E15+'2'!E15+'3'!E15+'4'!E15+'5'!E15+'6'!E15+'7'!E15+'8'!E15+'9'!E15+'10'!E15+'11'!E15+'12'!D15+'13'!E15+'14'!E15+'15'!E15+'16'!E15+'17'!E15+'18'!E15+'19'!D15+'20'!E15+'21'!E15+'22'!D15+'23'!E15+'24'!E15+'25'!E15+'26'!D15+'27'!E15+'28'!E15+'29'!E15 -> 0 | F15: ='1'!F15+'2'!F15+'3'!F15+'4'!F15+'5'!F15+'6'!F15+'7'!F15+'8'!F15+'9'!F15+'10'!F15+'11'!F15+'12'!E15+'13'!F15+'14'!F15+'15'!F15+'16'!F15+'17'!F15+'18'!F15+'19'!E15+'20'!F15+'21'!F15+'22'!E15+'23'!F15+'24'!F15+'25'!F15+'26'!E15+'27'!F15+'28'!F15+'29'!F15 -> 0 | G15: ='1'!G15+'2'!G15+'3'!G15+'4'!G15+'5'!G15+'6'!G15+'7'!G15+'8'!G15+'9'!G15+'10'!G15+'11'!G15+'12'!F15+'13'!G15+'14'!G15+'15'!G15+'16'!G15+'17'!G15+'18'!G15+'19'!F15+'20'!G15+'21'!G15+'22'!F15+'23'!G15+'24'!G15+'25'!G15+'26'!F15+'27'!G15+'28'!G15+'29'!G15 -> 0 | H15: ='1'!H15+'2'!H15+'3'!H15+'4'!H15+'5'!H15+'6'!H15+'7'!H15+'8'!H15+'9'!H15+'10'!H15+'11'!H15+'12'!G15+'13'!H15+'14'!H15+'15'!H15+'16'!H15+'17'!H15+'18'!H15+'19'!G15+'20'!H15+'21'!H15+'22'!G15+'23'!H15+'24'!H15+'25'!H15+'26'!G15+'27'!H15+'28'!H15+'29'!H15 -> 0 | I15: ='1'!I15+'2'!I15+'3'!I15+'4'!I15+'5'!I15+'6'!I15+'7'!I15+'8'!I15+'9'!I15+'10'!I15+'11'!I15+'12'!H15+'13'!I15+'14'!I15+'15'!I15+'16'!I15+'17'!I15+'18'!I15+'19'!H15+'20'!I15+'21'!I15+'22'!H15+'23'!I15+'24'!I15+'25'!I15+'26'!H15+'27'!I15+'28'!I15+'29'!I15 -> 0 | J15: ='1'!J15+'2'!J15+'3'!J15+'4'!J15+'5'!J15+'6'!J15+'7'!J15+'8'!J15+'9'!J15+'10'!J15+'11'!J15+'12'!I15+'13'!J15+'14'!J15+'15'!J15+'16'!J15+'17'!J15+'18'!J15+'19'!I15+'20'!J15+'21'!J15+'22'!I15+'23'!J15+'24'!J15+'25'!J15+'26'!I15+'27'!J15+'28'!J15+'29'!J15 -> 0 | K15: ='1'!K15+'2'!K15+'3'!K15+'4'!K15+'5'!K15+'6'!K15+'7'!K15+'8'!K15+'9'!K15+'10'!K15+'11'!K15+'12'!J15+'13'!K15+'14'!K15+'15'!K15+'16'!K15+'17'!K15+'18'!K15+'19'!J15+'20'!K15+'21'!K15+'22'!J15+'23'!K15+'24'!K15+'25'!K15+'26'!J15+'27'!K15+'28'!K15+'29'!K15 -> 0 | L15: =SUM(D15:K15) -> 0 | Q15: 0
B16: 1111091 | C16: ชิฟฟอน 8 ชิ้น ใบเตยล้วน | D16: ='1'!D16+'2'!D16+'3'!D16+'4'!D16+'5'!D16+'6'!D16+'7'!D16+'8'!D16+'9'!D16+'10'!D16+'11'!D16+'12'!C16+'13'!D16+'14'!D16+'15'!D16+'16'!D16+'17'!D16+'18'!D16+'19'!C16+'20'!D16+'21'!D16+'22'!C16+'23'!D16+'24'!D16+'25'!D16+'26'!C16+'27'!D16+'28'!D16+'29'!D16 -> 0 | E16: ='1'!E16+'2'!E16+'3'!E16+'4'!E16+'5'!E16+'6'!E16+'7'!E16+'8'!E16+'9'!E16+'10'!E16+'11'!E16+'12'!D16+'13'!E16+'14'!E16+'15'!E16+'16'!E16+'17'!E16+'18'!E16+'19'!D16+'20'!E16+'21'!E16+'22'!D16+'23'!E16+'24'!E16+'25'!E16+'26'!D16+'27'!E16+'28'!E16+'29'!E16 -> 0 | F16: ='1'!F16+'2'!F16+'3'!F16+'4'!F16+'5'!F16+'6'!F16+'7'!F16+'8'!F16+'9'!F16+'10'!F16+'11'!F16+'12'!E16+'13'!F16+'14'!F16+'15'!F16+'16'!F16+'17'!F16+'18'!F16+'19'!E16+'20'!F16+'21'!F16+'22'!E16+'23'!F16+'24'!F16+'25'!F16+'26'!E16+'27'!F16+'28'!F16+'29'!F16 -> 0 | G16: ='1'!G16+'2'!G16+'3'!G16+'4'!G16+'5'!G16+'6'!G16+'7'!G16+'8'!G16+'9'!G16+'10'!G16+'11'!G16+'12'!F16+'13'!G16+'14'!G16+'15'!G16+'16'!G16+'17'!G16+'18'!G16+'19'!F16+'20'!G16+'21'!G16+'22'!F16+'23'!G16+'24'!G16+'25'!G16+'26'!F16+'27'!G16+'28'!G16+'29'!G16 -> 0 | H16: ='1'!H16+'2'!H16+'3'!H16+'4'!H16+'5'!H16+'6'!H16+'7'!H16+'8'!H16+'9'!H16+'10'!H16+'11'!H16+'12'!G16+'13'!H16+'14'!H16+'15'!H16+'16'!H16+'17'!H16+'18'!H16+'19'!G16+'20'!H16+'21'!H16+'22'!G16+'23'!H16+'24'!H16+'25'!H16+'26'!G16+'27'!H16+'28'!H16+'29'!H16 -> 0 | I16: ='1'!I16+'2'!I16+'3'!I16+'4'!I16+'5'!I16+'6'!I16+'7'!I16+'8'!I16+'9'!I16+'10'!I16+'11'!I16+'12'!H16+'13'!I16+'14'!I16+'15'!I16+'16'!I16+'17'!I16+'18'!I16+'19'!H16+'20'!I16+'21'!I16+'22'!H16+'23'!I16+'24'!I16+'25'!I16+'26'!H16+'27'!I16+'28'!I16+'29'!I16 -> 0 | J16: ='1'!J16+'2'!J16+'3'!J16+'4'!J16+'5'!J16+'6'!J16+'7'!J16+'8'!J16+'9'!J16+'10'!J16+'11'!J16+'12'!I16+'13'!J16+'14'!J16+'15'!J16+'16'!J16+'17'!J16+'18'!J16+'19'!I16+'20'!J16+'21'!J16+'22'!I16+'23'!J16+'24'!J16+'25'!J16+'26'!I16+'27'!J16+'28'!J16+'29'!J16 -> 0 | K16: ='1'!K16+'2'!K16+'3'!K16+'4'!K16+'5'!K16+'6'!K16+'7'!K16+'8'!K16+'9'!K16+'10'!K16+'11'!K16+'12'!J16+'13'!K16+'14'!K16+'15'!K16+'16'!K16+'17'!K16+'18'!K16+'19'!J16+'20'!K16+'21'!K16+'22'!J16+'23'!K16+'24'!K16+'25'!K16+'26'!J16+'27'!K16+'28'!K16+'29'!K16 -> 185 | L16: =SUM(D16:K16) -> 185 | Q16: 0
B17: 1111092 | C17: ชิฟฟอน 8 ชิ้น กล้วยหอม | D17: ='1'!D17+'2'!D17+'3'!D17+'4'!D17+'5'!D17+'6'!D17+'7'!D17+'8'!D17+'9'!D17+'10'!D17+'11'!D17+'12'!C17+'13'!D17+'14'!D17+'15'!D17+'16'!D17+'17'!D17+'18'!D17+'19'!C17+'20'!D17+'21'!D17+'22'!C17+'23'!D17+'24'!D17+'25'!D17+'26'!C17+'27'!D17+'28'!D17+'29'!D17 -> 0 | E17: ='1'!E17+'2'!E17+'3'!E17+'4'!E17+'5'!E17+'6'!E17+'7'!E17+'8'!E17+'9'!E17+'10'!E17+'11'!E17+'12'!D17+'13'!E17+'14'!E17+'15'!E17+'16'!E17+'17'!E17+'18'!E17+'19'!D17+'20'!E17+'21'!E17+'22'!D17+'23'!E17+'24'!E17+'25'!E17+'26'!D17+'27'!E17+'28'!E17+'29'!E17 -> 0 | F17: ='1'!F17+'2'!F17+'3'!F17+'4'!F17+'5'!F17+'6'!F17+'7'!F17+'8'!F17+'9'!F17+'10'!F17+'11'!F17+'12'!E17+'13'!F17+'14'!F17+'15'!F17+'16'!F17+'17'!F17+'18'!F17+'19'!E17+'20'!F17+'21'!F17+'22'!E17+'23'!F17+'24'!F17+'25'!F17+'26'!E17+'27'!F17+'28'!F17+'29'!F17 -> 0 | G17: ='1'!G17+'2'!G17+'3'!G17+'4'!G17+'5'!G17+'6'!G17+'7'!G17+'8'!G17+'9'!G17+'10'!G17+'11'!G17+'12'!F17+'13'!G17+'14'!G17+'15'!G17+'16'!G17+'17'!G17+'18'!G17+'19'!F17+'20'!G17+'21'!G17+'22'!F17+'23'!G17+'24'!G17+'25'!G17+'26'!F17+'27'!G17+'28'!G17+'29'!G17 -> 0 | H17: ='1'!H17+'2'!H17+'3'!H17+'4'!H17+'5'!H17+'6'!H17+'7'!H17+'8'!H17+'9'!H17+'10'!H17+'11'!H17+'12'!G17+'13'!H17+'14'!H17+'15'!H17+'16'!H17+'17'!H17+'18'!H17+'19'!G17+'20'!H17+'21'!H17+'22'!G17+'23'!H17+'24'!H17+'25'!H17+'26'!G17+'27'!H17+'28'!H17+'29'!H17 -> 0 | I17: ='1'!I17+'2'!I17+'3'!I17+'4'!I17+'5'!I17+'6'!I17+'7'!I17+'8'!I17+'9'!I17+'10'!I17+'11'!I17+'12'!H17+'13'!I17+'14'!I17+'15'!I17+'16'!I17+'17'!I17+'18'!I17+'19'!H17+'20'!I17+'21'!I17+'22'!H17+'23'!I17+'24'!I17+'25'!I17+'26'!H17+'27'!I17+'28'!I17+'29'!I17 -> 0 | J17: ='1'!J17+'2'!J17+'3'!J17+'4'!J17+'5'!J17+'6'!J17+'7'!J17+'8'!J17+'9'!J17+'10'!J17+'11'!J17+'12'!I17+'13'!J17+'14'!J17+'15'!J17+'16'!J17+'17'!J17+'18'!J17+'19'!I17+'20'!J17+'21'!J17+'22'!I17+'23'!J17+'24'!J17+'25'!J17+'26'!I17+'27'!J17+'28'!J17+'29'!J17 -> 0 | K17: ='1'!K17+'2'!K17+'3'!K17+'4'!K17+'5'!K17+'6'!K17+'7'!K17+'8'!K17+'9'!K17+'10'!K17+'11'!K17+'12'!J17+'13'!K17+'14'!K17+'15'!K17+'16'!K17+'17'!K17+'18'!K17+'19'!J17+'20'!K17+'21'!K17+'22'!J17+'23'!K17+'24'!K17+'25'!K17+'26'!J17+'27'!K17+'28'!K17+'29'!K17 -> 0 | L17: =SUM(D17:K17) -> 0 | Q17: 0
B18: 1111093 | C18: ชิฟฟอน 8 ชิ้น โกโก้ล้วน | D18: ='1'!D18+'2'!D18+'3'!D18+'4'!D18+'5'!D18+'6'!D18+'7'!D18+'8'!D18+'9'!D18+'10'!D18+'11'!D18+'12'!C18+'13'!D18+'14'!D18+'15'!D18+'16'!D18+'17'!D18+'18'!D18+'19'!C18+'20'!D18+'21'!D18+'22'!C18+'23'!D18+'24'!D18+'25'!D18+'26'!C18+'27'!D18+'28'!D18+'29'!D18 -> 0 | E18: ='1'!E18+'2'!E18+'3'!E18+'4'!E18+'5'!E18+'6'!E18+'7'!E18+'8'!E18+'9'!E18+'10'!E18+'11'!E18+'12'!D18+'13'!E18+'14'!E18+'15'!E18+'16'!E18+'17'!E18+'18'!E18+'19'!D18+'20'!E18+'21'!E18+'22'!D18+'23'!E18+'24'!E18+'25'!E18+'26'!D18+'27'!E18+'28'!E18+'29'!E18 -> 0 | F18: ='1'!F18+'2'!F18+'3'!F18+'4'!F18+'5'!F18+'6'!F18+'7'!F18+'8'!F18+'9'!F18+'10'!F18+'11'!F18+'12'!E18+'13'!F18+'14'!F18+'15'!F18+'16'!F18+'17'!F18+'18'!F18+'19'!E18+'20'!F18+'21'!F18+'22'!E18+'23'!F18+'24'!F18+'25'!F18+'26'!E18+'27'!F18+'28'!F18+'29'!F18 -> 0 | G18: ='1'!G18+'2'!G18+'3'!G18+'4'!G18+'5'!G18+'6'!G18+'7'!G18+'8'!G18+'9'!G18+'10'!G18+'11'!G18+'12'!F18+'13'!G18+'14'!G18+'15'!G18+'16'!G18+'17'!G18+'18'!G18+'19'!F18+'20'!G18+'21'!G18+'22'!F18+'23'!G18+'24'!G18+'25'!G18+'26'!F18+'27'!G18+'28'!G18+'29'!G18 -> 0 | H18: ='1'!H18+'2'!H18+'3'!H18+'4'!H18+'5'!H18+'6'!H18+'7'!H18+'8'!H18+'9'!H18+'10'!H18+'11'!H18+'12'!G18+'13'!H18+'14'!H18+'15'!H18+'16'!H18+'17'!H18+'18'!H18+'19'!G18+'20'!H18+'21'!H18+'22'!G18+'23'!H18+'24'!H18+'25'!H18+'26'!G18+'27'!H18+'28'!H18+'29'!H18 -> 0 | I18: ='1'!I18+'2'!I18+'3'!I18+'4'!I18+'5'!I18+'6'!I18+'7'!I18+'8'!I18+'9'!I18+'10'!I18+'11'!I18+'12'!H18+'13'!I18+'14'!I18+'15'!I18+'16'!I18+'17'!I18+'18'!I18+'19'!H18+'20'!I18+'21'!I18+'22'!H18+'23'!I18+'24'!I18+'25'!I18+'26'!H18+'27'!I18+'28'!I18+'29'!I18 -> 0 | J18: ='1'!J18+'2'!J18+'3'!J18+'4'!J18+'5'!J18+'6'!J18+'7'!J18+'8'!J18+'9'!J18+'10'!J18+'11'!J18+'12'!I18+'13'!J18+'14'!J18+'15'!J18+'16'!J18+'17'!J18+'18'!J18+'19'!I18+'20'!J18+'21'!J18+'22'!I18+'23'!J18+'24'!J18+'25'!J18+'26'!I18+'27'!J18+'28'!J18+'29'!J18 -> 0 | K18: ='1'!K18+'2'!K18+'3'!K18+'4'!K18+'5'!K18+'6'!K18+'7'!K18+'8'!K18+'9'!K18+'10'!K18+'11'!K18+'12'!J18+'13'!K18+'14'!K18+'15'!K18+'16'!K18+'17'!K18+'18'!K18+'19'!J18+'20'!K18+'21'!K18+'22'!J18+'23'!K18+'24'!K18+'25'!K18+'26'!J18+'27'!K18+'28'!K18+'29'!K18 -> 0 | L18: =SUM(D18:K18) -> 0 | Q18: 0
B19: 1111094 | C19: ชิฟฟอน 8 ชิ้น ชาไทยล้วน | D19: ='1'!D19+'2'!D19+'3'!D19+'4'!D19+'5'!D19+'6'!D19+'7'!D19+'8'!D19+'9'!D19+'10'!D19+'11'!D19+'12'!C19+'13'!D19+'14'!D19+'15'!D19+'16'!D19+'17'!D19+'18'!D19+'19'!C19+'20'!D19+'21'!D19+'22'!C19+'23'!D19+'24'!D19+'25'!D19+'26'!C19+'27'!D19+'28'!D19+'29'!D19 -> 0 | E19: ='1'!E19+'2'!E19+'3'!E19+'4'!E19+'5'!E19+'6'!E19+'7'!E19+'8'!E19+'9'!E19+'10'!E19+'11'!E19+'12'!D19+'13'!E19+'14'!E19+'15'!E19+'16'!E19+'17'!E19+'18'!E19+'19'!D19+'20'!E19+'21'!E19+'22'!D19+'23'!E19+'24'!E19+'25'!E19+'26'!D19+'27'!E19+'28'!E19+'29'!E19 -> 0 | F19: ='1'!F19+'2'!F19+'3'!F19+'4'!F19+'5'!F19+'6'!F19+'7'!F19+'8'!F19+'9'!F19+'10'!F19+'11'!F19+'12'!E19+'13'!F19+'14'!F19+'15'!F19+'16'!F19+'17'!F19+'18'!F19+'19'!E19+'20'!F19+'21'!F19+'22'!E19+'23'!F19+'24'!F19+'25'!F19+'26'!E19+'27'!F19+'28'!F19+'29'!F19 -> 0 | G19: ='1'!G19+'2'!G19+'3'!G19+'4'!G19+'5'!G19+'6'!G19+'7'!G19+'8'!G19+'9'!G19+'10'!G19+'11'!G19+'12'!F19+'13'!G19+'14'!G19+'15'!G19+'16'!G19+'17'!G19+'18'!G19+'19'!F19+'20'!G19+'21'!G19+'22'!F19+'23'!G19+'24'!G19+'25'!G19+'26'!F19+'27'!G19+'28'!G19+'29'!G19 -> 0 | H19: ='1'!H19+'2'!H19+'3'!H19+'4'!H19+'5'!H19+'6'!H19+'7'!H19+'8'!H19+'9'!H19+'10'!H19+'11'!H19+'12'!G19+'13'!H19+'14'!H19+'15'!H19+'16'!H19+'17'!H19+'18'!H19+'19'!G19+'20'!H19+'21'!H19+'22'!G19+'23'!H19+'24'!H19+'25'!H19+'26'!G19+'27'!H19+'28'!H19+'29'!H19 -> 0 | I19: ='1'!I19+'2'!I19+'3'!I19+'4'!I19+'5'!I19+'6'!I19+'7'!I19+'8'!I19+'9'!I19+'10'!I19+'11'!I19+'12'!H19+'13'!I19+'14'!I19+'15'!I19+'16'!I19+'17'!I19+'18'!I19+'19'!H19+'20'!I19+'21'!I19+'22'!H19+'23'!I19+'24'!I19+'25'!I19+'26'!H19+'27'!I19+'28'!I19+'29'!I19 -> 0 | J19: ='1'!J19+'2'!J19+'3'!J19+'4'!J19+'5'!J19+'6'!J19+'7'!J19+'8'!J19+'9'!J19+'10'!J19+'11'!J19+'12'!I19+'13'!J19+'14'!J19+'15'!J19+'16'!J19+'17'!J19+'18'!J19+'19'!I19+'20'!J19+'21'!J19+'22'!I19+'23'!J19+'24'!J19+'25'!J19+'26'!I19+'27'!J19+'28'!J19+'29'!J19 -> 0 | K19: ='1'!K19+'2'!K19+'3'!K19+'4'!K19+'5'!K19+'6'!K19+'7'!K19+'8'!K19+'9'!K19+'10'!K19+'11'!K19+'12'!J19+'13'!K19+'14'!K19+'15'!K19+'16'!K19+'17'!K19+'18'!K19+'19'!J19+'20'!K19+'21'!K19+'22'!J19+'23'!K19+'24'!K19+'25'!K19+'26'!J19+'27'!K19+'28'!K19+'29'!K19 -> 0 | L19: =SUM(D19:K19) -> 0 | Q19: 0
B20: 1111095 | C20: ชิฟฟอน 8 ชิ้น ชาเขียวล้วน | D20: ='1'!D20+'2'!D20+'3'!D20+'4'!D20+'5'!D20+'6'!D20+'7'!D20+'8'!D20+'9'!D20+'10'!D20+'11'!D20+'12'!C20+'13'!D20+'14'!D20+'15'!D20+'16'!D20+'17'!D20+'18'!D20+'19'!C20+'20'!D20+'21'!D20+'22'!C20+'23'!D20+'24'!D20+'25'!D20+'26'!C20+'27'!D20+'28'!D20+'29'!D20 -> 0 | E20: ='1'!E20+'2'!E20+'3'!E20+'4'!E20+'5'!E20+'6'!E20+'7'!E20+'8'!E20+'9'!E20+'10'!E20+'11'!E20+'12'!D20+'13'!E20+'14'!E20+'15'!E20+'16'!E20+'17'!E20+'18'!E20+'19'!D20+'20'!E20+'21'!E20+'22'!D20+'23'!E20+'24'!E20+'25'!E20+'26'!D20+'27'!E20+'28'!E20+'29'!E20 -> 0 | F20: ='1'!F20+'2'!F20+'3'!F20+'4'!F20+'5'!F20+'6'!F20+'7'!F20+'8'!F20+'9'!F20+'10'!F20+'11'!F20+'12'!E20+'13'!F20+'14'!F20+'15'!F20+'16'!F20+'17'!F20+'18'!F20+'19'!E20+'20'!F20+'21'!F20+'22'!E20+'23'!F20+'24'!F20+'25'!F20+'26'!E20+'27'!F20+'28'!F20+'29'!F20 -> 0 | G20: ='1'!G20+'2'!G20+'3'!G20+'4'!G20+'5'!G20+'6'!G20+'7'!G20+'8'!G20+'9'!G20+'10'!G20+'11'!G20+'12'!F20+'13'!G20+'14'!G20+'15'!G20+'16'!G20+'17'!G20+'18'!G20+'19'!F20+'20'!G20+'21'!G20+'22'!F20+'23'!G20+'24'!G20+'25'!G20+'26'!F20+'27'!G20+'28'!G20+'29'!G20 -> 0 | H20: ='1'!H20+'2'!H20+'3'!H20+'4'!H20+'5'!H20+'6'!H20+'7'!H20+'8'!H20+'9'!H20+'10'!H20+'11'!H20+'12'!G20+'13'!H20+'14'!H20+'15'!H20+'16'!H20+'17'!H20+'18'!H20+'19'!G20+'20'!H20+'21'!H20+'22'!G20+'23'!H20+'24'!H20+'25'!H20+'26'!G20+'27'!H20+'28'!H20+'29'!H20 -> 0 | I20: ='1'!I20+'2'!I20+'3'!I20+'4'!I20+'5'!I20+'6'!I20+'7'!I20+'8'!I20+'9'!I20+'10'!I20+'11'!I20+'12'!H20+'13'!I20+'14'!I20+'15'!I20+'16'!I20+'17'!I20+'18'!I20+'19'!H20+'20'!I20+'21'!I20+'22'!H20+'23'!I20+'24'!I20+'25'!I20+'26'!H20+'27'!I20+'28'!I20+'29'!I20 -> 0 | J20: ='1'!J20+'2'!J20+'3'!J20+'4'!J20+'5'!J20+'6'!J20+'7'!J20+'8'!J20+'9'!J20+'10'!J20+'11'!J20+'12'!I20+'13'!J20+'14'!J20+'15'!J20+'16'!J20+'17'!J20+'18'!J20+'19'!I20+'20'!J20+'21'!J20+'22'!I20+'23'!J20+'24'!J20+'25'!J20+'26'!I20+'27'!J20+'28'!J20+'29'!J20 -> 0 | K20: ='1'!K20+'2'!K20+'3'!K20+'4'!K20+'5'!K20+'6'!K20+'7'!K20+'8'!K20+'9'!K20+'10'!K20+'11'!K20+'12'!J20+'13'!K20+'14'!K20+'15'!K20+'16'!K20+'17'!K20+'18'!K20+'19'!J20+'20'!K20+'21'!K20+'22'!J20+'23'!K20+'24'!K20+'25'!K20+'26'!J20+'27'!K20+'28'!K20+'29'!K20 -> 0 | L20: =SUM(D20:K20) -> 0 | Q20: 0
... B56: 1111074 | C56: ชิฟฟอนไส้แยมแยกชิ้น มะพร้าว | D56: ='1'!D56+'2'!D56+'3'!D56+'4'!D56+'5'!D56+'6'!D56+'7'!D56+'8'!D56+'9'!D56+'10'!D56+'11'!D56+'12'!C56+'13'!D56+'14'!D56+'15'!D56+'16'!D56+'17'!D56+'18'!D56+'19'!C56+'20'!D56+'21'!D56+'22'!C56+'23'!D56+'24'!D56+'25'!D56+'26'!C56+'27'!D56+'28'!D56+'29'!D56 -> 125 | E56: ='1'!E56+'2'!E56+'3'!E56+'4'!E56+'5'!E56+'6'!E56+'7'!E56+'8'!E56+'9'!E56+'10'!E56+'11'!E56+'12'!D56+'13'!E56+'14'!E56+'15'!E56+'16'!E56+'17'!E56+'18'!E56+'19'!D56+'20'!E56+'21'!E56+'22'!D56+'23'!E56+'24'!E56+'25'!E56+'26'!D56+'27'!E56+'28'!E56+'29'!E56 -> 80 | F56: ='1'!F56+'2'!F56+'3'!F56+'4'!F56+'5'!F56+'6'!F56+'7'!F56+'8'!F56+'9'!F56+'10'!F56+'11'!F56+'12'!E56+'13'!F56+'14'!F56+'15'!F56+'16'!F56+'17'!F56+'18'!F56+'19'!E56+'20'!F56+'21'!F56+'22'!E56+'23'!F56+'24'!F56+'25'!F56+'26'!E56+'27'!F56+'28'!F56+'29'!F56 -> 116 | G56: ='1'!G56+'2'!G56+'3'!G56+'4'!G56+'5'!G56+'6'!G56+'7'!G56+'8'!G56+'9'!G56+'10'!G56+'11'!G56+'12'!F56+'13'!G56+'14'!G56+'15'!G56+'16'!G56+'17'!G56+'18'!G56+'19'!F56+'20'!G56+'21'!G56+'22'!F56+'23'!G56+'24'!G56+'25'!G56+'26'!F56+'27'!G56+'28'!G56+'29'!G56 -> 135 | H56: ='1'!H56+'2'!H56+'3'!H56+'4'!H56+'5'!H56+'6'!H56+'7'!H56+'8'!H56+'9'!H56+'10'!H56+'11'!H56+'12'!G56+'13'!H56+'14'!H56+'15'!H56+'16'!H56+'17'!H56+'18'!H56+'19'!G56+'20'!H56+'21'!H56+'22'!G56+'23'!H56+'24'!H56+'25'!H56+'26'!G56+'27'!H56+'28'!H56+'29'!H56 -> 9 | I56: ='1'!I56+'2'!I56+'3'!I56+'4'!I56+'5'!I56+'6'!I56+'7'!I56+'8'!I56+'9'!I56+'10'!I56+'11'!I56+'12'!H56+'13'!I56+'14'!I56+'15'!I56+'16'!I56+'17'!I56+'18'!I56+'19'!H56+'20'!I56+'21'!I56+'22'!H56+'23'!I56+'24'!I56+'25'!I56+'26'!H56+'27'!I56+'28'!I56+'29'!I56 -> 0 | J56: ='1'!J56+'2'!J56+'3'!J56+'4'!J56+'5'!J56+'6'!J56+'7'!J56+'8'!J56+'9'!J56+'10'!J56+'11'!J56+'12'!I56+'13'!J56+'14'!J56+'15'!J56+'16'!J56+'17'!J56+'18'!J56+'19'!I56+'20'!J56+'21'!J56+'22'!I56+'23'!J56+'24'!J56+'25'!J56+'26'!I56+'27'!J56+'28'!J56+'29'!J56 -> 0 | K56: ='1'!K56+'2'!K56+'3'!K56+'4'!K56+'5'!K56+'6'!K56+'7'!K56+'8'!K56+'9'!K56+'10'!K56+'11'!K56+'12'!J56+'13'!K56+'14'!K56+'15'!K56+'16'!K56+'17'!K56+'18'!K56+'19'!J56+'20'!K56+'21'!K56+'22'!J56+'23'!K56+'24'!K56+'25'!K56+'26'!J56+'27'!K56+'28'!K56+'29'!K56 -> 0 | L56: =SUM(D56:K56) -> 465 | Q56: 0
B57: 1111075 | C57: ชิฟฟอนไส้แยมแยกชิ้น สตอเบอรี่ | D57: ='1'!D57+'2'!D57+'3'!D57+'4'!D57+'5'!D57+'6'!D57+'7'!D57+'8'!D57+'9'!D57+'10'!D57+'11'!D57+'12'!C57+'13'!D57+'14'!D57+'15'!D57+'16'!D57+'17'!D57+'18'!D57+'19'!C57+'20'!D57+'21'!D57+'22'!C57+'23'!D57+'24'!D57+'25'!D57+'26'!C57+'27'!D57+'28'!D57+'29'!D57 -> 125 | E57: ='1'!E57+'2'!E57+'3'!E57+'4'!E57+'5'!E57+'6'!E57+'7'!E57+'8'!E57+'9'!E57+'10'!E57+'11'!E57+'12'!D57+'13'!E57+'14'!E57+'15'!E57+'16'!E57+'17'!E57+'18'!E57+'19'!D57+'20'!E57+'21'!E57+'22'!D57+'23'!E57+'24'!E57+'25'!E57+'26'!D57+'27'!E57+'28'!E57+'29'!E57 -> 80 | F57: ='1'!F57+'2'!F57+'3'!F57+'4'!F57+'5'!F57+'6'!F57+'7'!F57+'8'!F57+'9'!F57+'10'!F57+'11'!F57+'12'!E57+'13'!F57+'14'!F57+'15'!F57+'16'!F57+'17'!F57+'18'!F57+'19'!E57+'20'!F57+'21'!F57+'22'!E57+'23'!F57+'24'!F57+'25'!F57+'26'!E57+'27'!F57+'28'!F57+'29'!F57 -> 115 | G57: ='1'!G57+'2'!G57+'3'!G57+'4'!G57+'5'!G57+'6'!G57+'7'!G57+'8'!G57+'9'!G57+'10'!G57+'11'!G57+'12'!F57+'13'!G57+'14'!G57+'15'!G57+'16'!G57+'17'!G57+'18'!G57+'19'!F57+'20'!G57+'21'!G57+'22'!F57+'23'!G57+'24'!G57+'25'!G57+'26'!F57+'27'!G57+'28'!G57+'29'!G57 -> 129 | H57: ='1'!H57+'2'!H57+'3'!H57+'4'!H57+'5'!H57+'6'!H57+'7'!H57+'8'!H57+'9'!H57+'10'!H57+'11'!H57+'12'!G57+'13'!H57+'14'!H57+'15'!H57+'16'!H57+'17'!H57+'18'!H57+'19'!G57+'20'!H57+'21'!H57+'22'!G57+'23'!H57+'24'!H57+'25'!H57+'26'!G57+'27'!H57+'28'!H57+'29'!H57 -> 9 | I57: ='1'!I57+'2'!I57+'3'!I57+'4'!I57+'5'!I57+'6'!I57+'7'!I57+'8'!I57+'9'!I57+'10'!I57+'11'!I57+'12'!H57+'13'!I57+'14'!I57+'15'!I57+'16'!I57+'17'!I57+'18'!I57+'19'!H57+'20'!I57+'21'!I57+'22'!H57+'23'!I57+'24'!I57+'25'!I57+'26'!H57+'27'!I57+'28'!I57+'29'!I57 -> 0 | J57: ='1'!J57+'2'!J57+'3'!J57+'4'!J57+'5'!J57+'6'!J57+'7'!J57+'8'!J57+'9'!J57+'10'!J57+'11'!J57+'12'!I57+'13'!J57+'14'!J57+'15'!J57+'16'!J57+'17'!J57+'18'!J57+'19'!I57+'20'!J57+'21'!J57+'22'!I57+'23'!J57+'24'!J57+'25'!J57+'26'!I57+'27'!J57+'28'!J57+'29'!J57 -> 0 | K57: ='1'!K57+'2'!K57+'3'!K57+'4'!K57+'5'!K57+'6'!K57+'7'!K57+'8'!K57+'9'!K57+'10'!K57+'11'!K57+'12'!J57+'13'!K57+'14'!K57+'15'!K57+'16'!K57+'17'!K57+'18'!K57+'19'!J57+'20'!K57+'21'!K57+'22'!J57+'23'!K57+'24'!K57+'25'!K57+'26'!J57+'27'!K57+'28'!K57+'29'!K57 -> 0 | L57: =SUM(D57:K57) -> 458 | N57: 1 | Q57: 1
B58: 1111076 | C58: ชิฟฟอนไส้แยมแยกชิ้น ส้ม | D58: ='1'!D58+'2'!D58+'3'!D58+'4'!D58+'5'!D58+'6'!D58+'7'!D58+'8'!D58+'9'!D58+'10'!D58+'11'!D58+'12'!C58+'13'!D58+'14'!D58+'15'!D58+'16'!D58+'17'!D58+'18'!D58+'19'!C58+'20'!D58+'21'!D58+'22'!C58+'23'!D58+'24'!D58+'25'!D58+'26'!C58+'27'!D58+'28'!D58+'29'!D58 -> 120 | E58: ='1'!E58+'2'!E58+'3'!E58+'4'!E58+'5'!E58+'6'!E58+'7'!E58+'8'!E58+'9'!E58+'10'!E58+'11'!E58+'12'!D58+'13'!E58+'14'!E58+'15'!E58+'16'!E58+'17'!E58+'18'!E58+'19'!D58+'20'!E58+'21'!E58+'22'!D58+'23'!E58+'24'!E58+'25'!E58+'26'!D58+'27'!E58+'28'!E58+'29'!E58 -> 80 | F58: ='1'!F58+'2'!F58+'3'!F58+'4'!F58+'5'!F58+'6'!F58+'7'!F58+'8'!F58+'9'!F58+'10'!F58+'11'!F58+'12'!E58+'13'!F58+'14'!F58+'15'!F58+'16'!F58+'17'!F58+'18'!F58+'19'!E58+'20'!F58+'21'!F58+'22'!E58+'23'!F58+'24'!F58+'25'!F58+'26'!E58+'27'!F58+'28'!F58+'29'!F58 -> 113 | G58: ='1'!G58+'2'!G58+'3'!G58+'4'!G58+'5'!G58+'6'!G58+'7'!G58+'8'!G58+'9'!G58+'10'!G58+'11'!G58+'12'!F58+'13'!G58+'14'!G58+'15'!G58+'16'!G58+'17'!G58+'18'!G58+'19'!F58+'20'!G58+'21'!G58+'22'!F58+'23'!G58+'24'!G58+'25'!G58+'26'!F58+'27'!G58+'28'!G58+'29'!G58 -> 124 | H58: ='1'!H58+'2'!H58+'3'!H58+'4'!H58+'5'!H58+'6'!H58+'7'!H58+'8'!H58+'9'!H58+'10'!H58+'11'!H58+'12'!G58+'13'!H58+'14'!H58+'15'!H58+'16'!H58+'17'!H58+'18'!H58+'19'!G58+'20'!H58+'21'!H58+'22'!G58+'23'!H58+'24'!H58+'25'!H58+'26'!G58+'27'!H58+'28'!H58+'29'!H58 -> 8 | I58: ='1'!I58+'2'!I58+'3'!I58+'4'!I58+'5'!I58+'6'!I58+'7'!I58+'8'!I58+'9'!I58+'10'!I58+'11'!I58+'12'!H58+'13'!I58+'14'!I58+'15'!I58+'16'!I58+'17'!I58+'18'!I58+'19'!H58+'20'!I58+'21'!I58+'22'!H58+'23'!I58+'24'!I58+'25'!I58+'26'!H58+'27'!I58+'28'!I58+'29'!I58 -> 0 | J58: ='1'!J58+'2'!J58+'3'!J58+'4'!J58+'5'!J58+'6'!J58+'7'!J58+'8'!J58+'9'!J58+'10'!J58+'11'!J58+'12'!I58+'13'!J58+'14'!J58+'15'!J58+'16'!J58+'17'!J58+'18'!J58+'19'!I58+'20'!J58+'21'!J58+'22'!I58+'23'!J58+'24'!J58+'25'!J58+'26'!I58+'27'!J58+'28'!J58+'29'!J58 -> 0 | K58: ='1'!K58+'2'!K58+'3'!K58+'4'!K58+'5'!K58+'6'!K58+'7'!K58+'8'!K58+'9'!K58+'10'!K58+'11'!K58+'12'!J58+'13'!K58+'14'!K58+'15'!K58+'16'!K58+'17'!K58+'18'!K58+'19'!J58+'20'!K58+'21'!K58+'22'!J58+'23'!K58+'24'!K58+'25'!K58+'26'!J58+'27'!K58+'28'!K58+'29'!K58 -> 0 | L58: =SUM(D58:K58) -> 445 | N58: 1 | Q58: 1
B59: 1111077 | C59: ชิฟฟอนไส้แยมแยกชิ้น บลูเบอรี่ | D59: ='1'!D59+'2'!D59+'3'!D59+'4'!D59+'5'!D59+'6'!D59+'7'!D59+'8'!D59+'9'!D59+'10'!D59+'11'!D59+'12'!C59+'13'!D59+'14'!D59+'15'!D59+'16'!D59+'17'!D59+'18'!D59+'19'!C59+'20'!D59+'21'!D59+'22'!C59+'23'!D59+'24'!D59+'25'!D59+'26'!C59+'27'!D59+'28'!D59+'29'!D59 -> 125 | E59: ='1'!E59+'2'!E59+'3'!E59+'4'!E59+'5'!E59+'6'!E59+'7'!E59+'8'!E59+'9'!E59+'10'!E59+'11'!E59+'12'!D59+'13'!E59+'14'!E59+'15'!E59+'16'!E59+'17'!E59+'18'!E59+'19'!D59+'20'!E59+'21'!E59+'22'!D59+'23'!E59+'24'!E59+'25'!E59+'26'!D59+'27'!E59+'28'!E59+'29'!E59 -> 80 | F59: ='1'!F59+'2'!F59+'3'!F59+'4'!F59+'5'!F59+'6'!F59+'7'!F59+'8'!F59+'9'!F59+'10'!F59+'11'!F59+'12'!E59+'13'!F59+'14'!F59+'15'!F59+'16'!F59+'17'!F59+'18'!F59+'19'!E59+'20'!F59+'21'!F59+'22'!E59+'23'!F59+'24'!F59+'25'!F59+'26'!E59+'27'!F59+'28'!F59+'29'!F59 -> 121 | G59: ='1'!G59+'2'!G59+'3'!G59+'4'!G59+'5'!G59+'6'!G59+'7'!G59+'8'!G59+'9'!G59+'10'!G59+'11'!G59+'12'!F59+'13'!G59+'14'!G59+'15'!G59+'16'!G59+'17'!G59+'18'!G59+'19'!F59+'20'!G59+'21'!G59+'22'!F59+'23'!G59+'24'!G59+'25'!G59+'26'!F59+'27'!G59+'28'!G59+'29'!G59 -> 123 | H59: ='1'!H59+'2'!H59+'3'!H59+'4'!H59+'5'!H59+'6'!H59+'7'!H59+'8'!H59+'9'!H59+'10'!H59+'11'!H59+'12'!G59+'13'!H59+'14'!H59+'15'!H59+'16'!H59+'17'!H59+'18'!H59+'19'!G59+'20'!H59+'21'!H59+'22'!G59+'23'!H59+'24'!H59+'25'!H59+'26'!G59+'27'!H59+'28'!H59+'29'!H59 -> 8 | I59: ='1'!I59+'2'!I59+'3'!I59+'4'!I59+'5'!I59+'6'!I59+'7'!I59+'8'!I59+'9'!I59+'10'!I59+'11'!I59+'12'!H59+'13'!I59+'14'!I59+'15'!I59+'16'!I59+'17'!I59+'18'!I59+'19'!H59+'20'!I59+'21'!I59+'22'!H59+'23'!I59+'24'!I59+'25'!I59+'26'!H59+'27'!I59+'28'!I59+'29'!I59 -> 0 | J59: ='1'!J59+'2'!J59+'3'!J59+'4'!J59+'5'!J59+'6'!J59+'7'!J59+'8'!J59+'9'!J59+'10'!J59+'11'!J59+'12'!I59+'13'!J59+'14'!J59+'15'!J59+'16'!J59+'17'!J59+'18'!J59+'19'!I59+'20'!J59+'21'!J59+'22'!I59+'23'!J59+'24'!J59+'25'!J59+'26'!I59+'27'!J59+'28'!J59+'29'!J59 -> 0 | K59: ='1'!K59+'2'!K59+'3'!K59+'4'!K59+'5'!K59+'6'!K59+'7'!K59+'8'!K59+'9'!K59+'10'!K59+'11'!K59+'12'!J59+'13'!K59+'14'!K59+'15'!K59+'16'!K59+'17'!K59+'18'!K59+'19'!J59+'20'!K59+'21'!K59+'22'!J59+'23'!K59+'24'!K59+'25'!K59+'26'!J59+'27'!K59+'28'!K59+'29'!K59 -> 0 | L59: =SUM(D59:K59) -> 457 | N59: 1 | Q59: 1
B60: 1111078 | C60: ชิฟฟอนไส้แยมแยกชิ้น นมชมพู | D60: ='1'!D60+'2'!D60+'3'!D60+'4'!D60+'5'!D60+'6'!D60+'7'!D60+'8'!D60+'9'!D60+'10'!D60+'11'!D60+'12'!C60+'13'!D60+'14'!D60+'15'!D60+'16'!D60+'17'!D60+'18'!D60+'19'!C60+'20'!D60+'21'!D60+'22'!C60+'23'!D60+'24'!D60+'25'!D60+'26'!C60+'27'!D60+'28'!D60+'29'!D60 -> 125 | E60: ='1'!E60+'2'!E60+'3'!E60+'4'!E60+'5'!E60+'6'!E60+'7'!E60+'8'!E60+'9'!E60+'10'!E60+'11'!E60+'12'!D60+'13'!E60+'14'!E60+'15'!E60+'16'!E60+'17'!E60+'18'!E60+'19'!D60+'20'!E60+'21'!E60+'22'!D60+'23'!E60+'24'!E60+'25'!E60+'26'!D60+'27'!E60+'28'!E60+'29'!E60 -> 80 | F60: ='1'!F60+'2'!F60+'3'!F60+'4'!F60+'5'!F60+'6'!F60+'7'!F60+'8'!F60+'9'!F60+'10'!F60+'11'!F60+'12'!E60+'13'!F60+'14'!F60+'15'!F60+'16'!F60+'17'!F60+'18'!F60+'19'!E60+'20'!F60+'21'!F60+'22'!E60+'23'!F60+'24'!F60+'25'!F60+'26'!E60+'27'!F60+'28'!F60+'29'!F60 -> 111 | G60: ='1'!G60+'2'!G60+'3'!G60+'4'!G60+'5'!G60+'6'!G60+'7'!G60+'8'!G60+'9'!G60+'10'!G60+'11'!G60+'12'!F60+'13'!G60+'14'!G60+'15'!G60+'16'!G60+'17'!G60+'18'!G60+'19'!F60+'20'!G60+'21'!G60+'22'!F60+'23'!G60+'24'!G60+'25'!G60+'26'!F60+'27'!G60+'28'!G60+'29'!G60 -> 123 | H60: ='1'!H60+'2'!H60+'3'!H60+'4'!H60+'5'!H60+'6'!H60+'7'!H60+'8'!H60+'9'!H60+'10'!H60+'11'!H60+'12'!G60+'13'!H60+'14'!H60+'15'!H60+'16'!H60+'17'!H60+'18'!H60+'19'!G60+'20'!H60+'21'!H60+'22'!G60+'23'!H60+'24'!H60+'25'!H60+'26'!G60+'27'!H60+'28'!H60+'29'!H60 -> 7 | I60: ='1'!I60+'2'!I60+'3'!I60+'4'!I60+'5'!I60+'6'!I60+'7'!I60+'8'!I60+'9'!I60+'10'!I60+'11'!I60+'12'!H60+'13'!I60+'14'!I60+'15'!I60+'16'!I60+'17'!I60+'18'!I60+'19'!H60+'20'!I60+'21'!I60+'22'!H60+'23'!I60+'24'!I60+'25'!I60+'26'!H60+'27'!I60+'28'!I60+'29'!I60 -> 0 | J60: ='1'!J60+'2'!J60+'3'!J60+'4'!J60+'5'!J60+'6'!J60+'7'!J60+'8'!J60+'9'!J60+'10'!J60+'11'!J60+'12'!I60+'13'!J60+'14'!J60+'15'!J60+'16'!J60+'17'!J60+'18'!J60+'19'!I60+'20'!J60+'21'!J60+'22'!I60+'23'!J60+'24'!J60+'25'!J60+'26'!I60+'27'!J60+'28'!J60+'29'!J60 -> 0 | K60: ='1'!K60+'2'!K60+'3'!K60+'4'!K60+'5'!K60+'6'!K60+'7'!K60+'8'!K60+'9'!K60+'10'!K60+'11'!K60+'12'!J60+'13'!K60+'14'!K60+'15'!K60+'16'!K60+'17'!K60+'18'!K60+'19'!J60+'20'!K60+'21'!K60+'22'!J60+'23'!K60+'24'!K60+'25'!K60+'26'!J60+'27'!K60+'28'!K60+'29'!K60 -> 0 | L60: =SUM(D60:K60) -> 446 | Q60: 0
B61: 1111079 | C61: ชิฟฟอนไส้แยมแยกชิ้น ชอคโกแลต | D61: ='1'!D61+'2'!D61+'3'!D61+'4'!D61+'5'!D61+'6'!D61+'7'!D61+'8'!D61+'9'!D61+'10'!D61+'11'!D61+'12'!C61+'13'!D61+'14'!D61+'15'!D61+'16'!D61+'17'!D61+'18'!D61+'19'!C61+'20'!D61+'21'!D61+'22'!C61+'23'!D61+'24'!D61+'25'!D61+'26'!C61+'27'!D61+'28'!D61+'29'!D61 -> 124 | E61: ='1'!E61+'2'!E61+'3'!E61+'4'!E61+'5'!E61+'6'!E61+'7'!E61+'8'!E61+'9'!E61+'10'!E61+'11'!E61+'12'!D61+'13'!E61+'14'!E61+'15'!E61+'16'!E61+'17'!E61+'18'!E61+'19'!D61+'20'!E61+'21'!E61+'22'!D61+'23'!E61+'24'!E61+'25'!E61+'26'!D61+'27'!E61+'28'!E61+'29'!E61 -> 80 | F61: ='1'!F61+'2'!F61+'3'!F61+'4'!F61+'5'!F61+'6'!F61+'7'!F61+'8'!F61+'9'!F61+'10'!F61+'11'!F61+'12'!E61+'13'!F61+'14'!F61+'15'!F61+'16'!F61+'17'!F61+'18'!F61+'19'!E61+'20'!F61+'21'!F61+'22'!E61+'23'!F61+'24'!F61+'25'!F61+'26'!E61+'27'!F61+'28'!F61+'29'!F61 -> 119 | G61: ='1'!G61+'2'!G61+'3'!G61+'4'!G61+'5'!G61+'6'!G61+'7'!G61+'8'!G61+'9'!G61+'10'!G61+'11'!G61+'12'!F61+'13'!G61+'14'!G61+'15'!G61+'16'!G61+'17'!G61+'18'!G61+'19'!F61+'20'!G61+'21'!G61+'22'!F61+'23'!G61+'24'!G61+'25'!G61+'26'!F61+'27'!G61+'28'!G61+'29'!G61 -> 119 | H61: ='1'!H61+'2'!H61+'3'!H61+'4'!H61+'5'!H61+'6'!H61+'7'!H61+'8'!H61+'9'!H61+'10'!H61+'11'!H61+'12'!G61+'13'!H61+'14'!H61+'15'!H61+'16'!H61+'17'!H61+'18'!H61+'19'!G61+'20'!H61+'21'!H61+'22'!G61+'23'!H61+'24'!H61+'25'!H61+'26'!G61+'27'!H61+'28'!H61+'29'!H61 -> 7 | I61: ='1'!I61+'2'!I61+'3'!I61+'4'!I61+'5'!I61+'6'!I61+'7'!I61+'8'!I61+'9'!I61+'10'!I61+'11'!I61+'12'!H61+'13'!I61+'14'!I61+'15'!I61+'16'!I61+'17'!I61+'18'!I61+'19'!H61+'20'!I61+'21'!I61+'22'!H61+'23'!I61+'24'!I61+'25'!I61+'26'!H61+'27'!I61+'28'!I61+'29'!I61 -> 0 | J61: ='1'!J61+'2'!J61+'3'!J61+'4'!J61+'5'!J61+'6'!J61+'7'!J61+'8'!J61+'9'!J61+'10'!J61+'11'!J61+'12'!I61+'13'!J61+'14'!J61+'15'!J61+'16'!J61+'17'!J61+'18'!J61+'19'!I61+'20'!J61+'21'!J61+'22'!I61+'23'!J61+'24'!J61+'25'!J61+'26'!I61+'27'!J61+'28'!J61+'29'!J61 -> 0 | K61: ='1'!K61+'2'!K61+'3'!K61+'4'!K61+'5'!K61+'6'!K61+'7'!K61+'8'!K61+'9'!K61+'10'!K61+'11'!K61+'12'!J61+'13'!K61+'14'!K61+'15'!K61+'16'!K61+'17'!K61+'18'!K61+'19'!J61+'20'!K61+'21'!K61+'22'!J61+'23'!K61+'24'!K61+'25'!K61+'26'!J61+'27'!K61+'28'!K61+'29'!K61 -> 0 | L61: =SUM(D61:K61) -> 449 | Q61: 0
B62: 1111080 | C62: ชิฟฟอนไส้แยมแยกชิ้น ฝอยทอง | D62: ='1'!D62+'2'!D62+'3'!D62+'4'!D62+'5'!D62+'6'!D62+'7'!D62+'8'!D62+'9'!D62+'10'!D62+'11'!D62+'12'!C62+'13'!D62+'14'!D62+'15'!D62+'16'!D62+'17'!D62+'18'!D62+'19'!C62+'20'!D62+'21'!D62+'22'!C62+'23'!D62+'24'!D62+'25'!D62+'26'!C62+'27'!D62+'28'!D62+'29'!D62 -> 118 | E62: ='1'!E62+'2'!E62+'3'!E62+'4'!E62+'5'!E62+'6'!E62+'7'!E62+'8'!E62+'9'!E62+'10'!E62+'11'!E62+'12'!D62+'13'!E62+'14'!E62+'15'!E62+'16'!E62+'17'!E62+'18'!E62+'19'!D62+'20'!E62+'21'!E62+'22'!D62+'23'!E62+'24'!E62+'25'!E62+'26'!D62+'27'!E62+'28'!E62+'29'!E62 -> 80 | F62: ='1'!F62+'2'!F62+'3'!F62+'4'!F62+'5'!F62+'6'!F62+'7'!F62+'8'!F62+'9'!F62+'10'!F62+'11'!F62+'12'!E62+'13'!F62+'14'!F62+'15'!F62+'16'!F62+'17'!F62+'18'!F62+'19'!E62+'20'!F62+'21'!F62+'22'!E62+'23'!F62+'24'!F62+'25'!F62+'26'!E62+'27'!F62+'28'!F62+'29'!F62 -> 119 | G62: ='1'!G62+'2'!G62+'3'!G62+'4'!G62+'5'!G62+'6'!G62+'7'!G62+'8'!G62+'9'!G62+'10'!G62+'11'!G62+'12'!F62+'13'!G62+'14'!G62+'15'!G62+'16'!G62+'17'!G62+'18'!G62+'19'!F62+'20'!G62+'21'!G62+'22'!F62+'23'!G62+'24'!G62+'25'!G62+'26'!F62+'27'!G62+'28'!G62+'29'!G62 -> 118 | H62: ='1'!H62+'2'!H62+'3'!H62+'4'!H62+'5'!H62+'6'!H62+'7'!H62+'8'!H62+'9'!H62+'10'!H62+'11'!H62+'12'!G62+'13'!H62+'14'!H62+'15'!H62+'16'!H62+'17'!H62+'18'!H62+'19'!G62+'20'!H62+'21'!H62+'22'!G62+'23'!H62+'24'!H62+'25'!H62+'26'!G62+'27'!H62+'28'!H62+'29'!H62 -> 7 | I62: ='1'!I62+'2'!I62+'3'!I62+'4'!I62+'5'!I62+'6'!I62+'7'!I62+'8'!I62+'9'!I62+'10'!I62+'11'!I62+'12'!H62+'13'!I62+'14'!I62+'15'!I62+'16'!I62+'17'!I62+'18'!I62+'19'!H62+'20'!I62+'21'!I62+'22'!H62+'23'!I62+'24'!I62+'25'!I62+'26'!H62+'27'!I62+'28'!I62+'29'!I62 -> 0 | J62: ='1'!J62+'2'!J62+'3'!J62+'4'!J62+'5'!J62+'6'!J62+'7'!J62+'8'!J62+'9'!J62+'10'!J62+'11'!J62+'12'!I62+'13'!J62+'14'!J62+'15'!J62+'16'!J62+'17'!J62+'18'!J62+'19'!I62+'20'!J62+'21'!J62+'22'!I62+'23'!J62+'24'!J62+'25'!J62+'26'!I62+'27'!J62+'28'!J62+'29'!J62 -> 0 | K62: ='1'!K62+'2'!K62+'3'!K62+'4'!K62+'5'!K62+'6'!K62+'7'!K62+'8'!K62+'9'!K62+'10'!K62+'11'!K62+'12'!J62+'13'!K62+'14'!K62+'15'!K62+'16'!K62+'17'!K62+'18'!K62+'19'!J62+'20'!K62+'21'!K62+'22'!J62+'23'!K62+'24'!K62+'25'!K62+'26'!J62+'27'!K62+'28'!K62+'29'!K62 -> 0 | L62: =SUM(D62:K62) -> 442 | Q62: 0
B63: 1111081 | C63: ชิฟฟอนไส้แยมแยกชิ้น วนิลา | D63: ='1'!D63+'2'!D63+'3'!D63+'4'!D63+'5'!D63+'6'!D63+'7'!D63+'8'!D63+'9'!D63+'10'!D63+'11'!D63+'12'!C63+'13'!D63+'14'!D63+'15'!D63+'16'!D63+'17'!D63+'18'!D63+'19'!C63+'20'!D63+'21'!D63+'22'!C63+'23'!D63+'24'!D63+'25'!D63+'26'!C63+'27'!D63+'28'!D63+'29'!D63 -> 118 | E63: ='1'!E63+'2'!E63+'3'!E63+'4'!E63+'5'!E63+'6'!E63+'7'!E63+'8'!E63+'9'!E63+'10'!E63+'11'!E63+'12'!D63+'13'!E63+'14'!E63+'15'!E63+'16'!E63+'17'!E63+'18'!E63+'19'!D63+'20'!E63+'21'!E63+'22'!D63+'23'!E63+'24'!E63+'25'!E63+'26'!D63+'27'!E63+'28'!E63+'29'!E63 -> 60 | F63: ='1'!F63+'2'!F63+'3'!F63+'4'!F63+'5'!F63+'6'!F63+'7'!F63+'8'!F63+'9'!F63+'10'!F63+'11'!F63+'12'!E63+'13'!F63+'14'!F63+'15'!F63+'16'!F63+'17'!F63+'18'!F63+'19'!E63+'20'!F63+'21'!F63+'22'!E63+'23'!F63+'24'!F63+'25'!F63+'26'!E63+'27'!F63+'28'!F63+'29'!F63 -> 111 | G63: ='1'!G63+'2'!G63+'3'!G63+'4'!G63+'5'!G63+'6'!G63+'7'!G63+'8'!G63+'9'!G63+'10'!G63+'11'!G63+'12'!F63+'13'!G63+'14'!G63+'15'!G63+'16'!G63+'17'!G63+'18'!G63+'19'!F63+'20'!G63+'21'!G63+'22'!F63+'23'!G63+'24'!G63+'25'!G63+'26'!F63+'27'!G63+'28'!G63+'29'!G63 -> 117 | H63: ='1'!H63+'2'!H63+'3'!H63+'4'!H63+'5'!H63+'6'!H63+'7'!H63+'8'!H63+'9'!H63+'10'!H63+'11'!H63+'12'!G63+'13'!H63+'14'!H63+'15'!H63+'16'!H63+'17'!H63+'18'!H63+'19'!G63+'20'!H63+'21'!H63+'22'!G63+'23'!H63+'24'!H63+'25'!H63+'26'!G63+'27'!H63+'28'!H63+'29'!H63 -> 7 | I63: ='1'!I63+'2'!I63+'3'!I63+'4'!I63+'5'!I63+'6'!I63+'7'!I63+'8'!I63+'9'!I63+'10'!I63+'11'!I63+'12'!H63+'13'!I63+'14'!I63+'15'!I63+'16'!I63+'17'!I63+'18'!I63+'19'!H63+'20'!I63+'21'!I63+'22'!H63+'23'!I63+'24'!I63+'25'!I63+'26'!H63+'27'!I63+'28'!I63+'29'!I63 -> 0 | J63: ='1'!J63+'2'!J63+'3'!J63+'4'!J63+'5'!J63+'6'!J63+'7'!J63+'8'!J63+'9'!J63+'10'!J63+'11'!J63+'12'!I63+'13'!J63+'14'!J63+'15'!J63+'16'!J63+'17'!J63+'18'!J63+'19'!I63+'20'!J63+'21'!J63+'22'!I63+'23'!J63+'24'!J63+'25'!J63+'26'!I63+'27'!J63+'28'!J63+'29'!J63 -> 0 | K63: ='1'!K63+'2'!K63+'3'!K63+'4'!K63+'5'!K63+'6'!K63+'7'!K63+'8'!K63+'9'!K63+'10'!K63+'11'!K63+'12'!J63+'13'!K63+'14'!K63+'15'!K63+'16'!K63+'17'!K63+'18'!K63+'19'!J63+'20'!K63+'21'!K63+'22'!J63+'23'!K63+'24'!K63+'25'!K63+'26'!J63+'27'!K63+'28'!K63+'29'!K63 -> 0 | L63: =SUM(D63:K63) -> 413 | Q63: 0
B64: 1111082 | C64: ชิฟฟอนไส้แยมแยกชิ้น ใบเตย | D64: ='1'!D64+'2'!D64+'3'!D64+'4'!D64+'5'!D64+'6'!D64+'7'!D64+'8'!D64+'9'!D64+'10'!D64+'11'!D64+'12'!C64+'13'!D64+'14'!D64+'15'!D64+'16'!D64+'17'!D64+'18'!D64+'19'!C64+'20'!D64+'21'!D64+'22'!C64+'23'!D64+'24'!D64+'25'!D64+'26'!C64+'27'!D64+'28'!D64+'29'!D64 -> 118 | E64: ='1'!E64+'2'!E64+'3'!E64+'4'!E64+'5'!E64+'6'!E64+'7'!E64+'8'!E64+'9'!E64+'10'!E64+'11'!E64+'12'!D64+'13'!E64+'14'!E64+'15'!E64+'16'!E64+'17'!E64+'18'!E64+'19'!D64+'20'!E64+'21'!E64+'22'!D64+'23'!E64+'24'!E64+'25'!E64+'26'!D64+'27'!E64+'28'!E64+'29'!E64 -> 80 | F64: ='1'!F64+'2'!F64+'3'!F64+'4'!F64+'5'!F64+'6'!F64+'7'!F64+'8'!F64+'9'!F64+'10'!F64+'11'!F64+'12'!E64+'13'!F64+'14'!F64+'15'!F64+'16'!F64+'17'!F64+'18'!F64+'19'!E64+'20'!F64+'21'!F64+'22'!E64+'23'!F64+'24'!F64+'25'!F64+'26'!E64+'27'!F64+'28'!F64+'29'!F64 -> 111 | G64: ='1'!G64+'2'!G64+'3'!G64+'4'!G64+'5'!G64+'6'!G64+'7'!G64+'8'!G64+'9'!G64+'10'!G64+'11'!G64+'12'!F64+'13'!G64+'14'!G64+'15'!G64+'16'!G64+'17'!G64+'18'!G64+'19'!F64+'20'!G64+'21'!G64+'22'!F64+'23'!G64+'24'!G64+'25'!G64+'26'!F64+'27'!G64+'28'!G64+'29'!G64 -> 116 | H64: ='1'!H64+'2'!H64+'3'!H64+'4'!H64+'5'!H64+'6'!H64+'7'!H64+'8'!H64+'9'!H64+'10'!H64+'11'!H64+'12'!G64+'13'!H64+'14'!H64+'15'!H64+'16'!H64+'17'!H64+'18'!H64+'19'!G64+'20'!H64+'21'!H64+'22'!G64+'23'!H64+'24'!H64+'25'!H64+'26'!G64+'27'!H64+'28'!H64+'29'!H64 -> 7 | I64: ='1'!I64+'2'!I64+'3'!I64+'4'!I64+'5'!I64+'6'!I64+'7'!I64+'8'!I64+'9'!I64+'10'!I64+'11'!I64+'12'!H64+'13'!I64+'14'!I64+'15'!I64+'16'!I64+'17'!I64+'18'!I64+'19'!H64+'20'!I64+'21'!I64+'22'!H64+'23'!I64+'24'!I64+'25'!I64+'26'!H64+'27'!I64+'28'!I64+'29'!I64 -> 0 | J64: ='1'!J64+'2'!J64+'3'!J64+'4'!J64+'5'!J64+'6'!J64+'7'!J64+'8'!J64+'9'!J64+'10'!J64+'11'!J64+'12'!I64+'13'!J64+'14'!J64+'15'!J64+'16'!J64+'17'!J64+'18'!J64+'19'!I64+'20'!J64+'21'!J64+'22'!I64+'23'!J64+'24'!J64+'25'!J64+'26'!I64+'27'!J64+'28'!J64+'29'!J64 -> 0 | K64: ='1'!K64+'2'!K64+'3'!K64+'4'!K64+'5'!K64+'6'!K64+'7'!K64+'8'!K64+'9'!K64+'10'!K64+'11'!K64+'12'!J64+'13'!K64+'14'!K64+'15'!K64+'16'!K64+'17'!K64+'18'!K64+'19'!J64+'20'!K64+'21'!K64+'22'!J64+'23'!K64+'24'!K64+'25'!K64+'26'!J64+'27'!K64+'28'!K64+'29'!K64 -> 0 | L64: =SUM(D64:K64) -> 432 | Q64: 0
B65: 1111083 | C65: ชิฟฟอนไส้แยมแยกชิ้น เมล่อน | D65: ='1'!D65+'2'!D65+'3'!D65+'4'!D65+'5'!D65+'6'!D65+'7'!D65+'8'!D65+'9'!D65+'10'!D65+'11'!D65+'12'!C65+'13'!D65+'14'!D65+'15'!D65+'16'!D65+'17'!D65+'18'!D65+'19'!C65+'20'!D65+'21'!D65+'22'!C65+'23'!D65+'24'!D65+'25'!D65+'26'!C65+'27'!D65+'28'!D65+'29'!D65 -> 117 | E65: ='1'!E65+'2'!E65+'3'!E65+'4'!E65+'5'!E65+'6'!E65+'7'!E65+'8'!E65+'9'!E65+'10'!E65+'11'!E65+'12'!D65+'13'!E65+'14'!E65+'15'!E65+'16'!E65+'17'!E65+'18'!E65+'19'!D65+'20'!E65+'21'!E65+'22'!D65+'23'!E65+'24'!E65+'25'!E65+'26'!D65+'27'!E65+'28'!E65+'29'!E65 -> 57 | F65: ='1'!F65+'2'!F65+'3'!F65+'4'!F65+'5'!F65+'6'!F65+'7'!F65+'8'!F65+'9'!F65+'10'!F65+'11'!F65+'12'!E65+'13'!F65+'14'!F65+'15'!F65+'16'!F65+'17'!F65+'18'!F65+'19'!E65+'20'!F65+'21'!F65+'22'!E65+'23'!F65+'24'!F65+'25'!F65+'26'!E65+'27'!F65+'28'!F65+'29'!F65 -> 86 | G65: ='1'!G65+'2'!G65+'3'!G65+'4'!G65+'5'!G65+'6'!G65+'7'!G65+'8'!G65+'9'!G65+'10'!G65+'11'!G65+'12'!F65+'13'!G65+'14'!G65+'15'!G65+'16'!G65+'17'!G65+'18'!G65+'19'!F65+'20'!G65+'21'!G65+'22'!F65+'23'!G65+'24'!G65+'25'!G65+'26'!F65+'27'!G65+'28'!G65+'29'!G65 -> 116 | H65: ='1'!H65+'2'!H65+'3'!H65+'4'!H65+'5'!H65+'6'!H65+'7'!H65+'8'!H65+'9'!H65+'10'!H65+'11'!H65+'12'!G65+'13'!H65+'14'!H65+'15'!H65+'16'!H65+'17'!H65+'18'!H65+'19'!G65+'20'!H65+'21'!H65+'22'!G65+'23'!H65+'24'!H65+'25'!H65+'26'!G65+'27'!H65+'28'!H65+'29'!H65 -> 7 | I65: ='1'!I65+'2'!I65+'3'!I65+'4'!I65+'5'!I65+'6'!I65+'7'!I65+'8'!I65+'9'!I65+'10'!I65+'11'!I65+'12'!H65+'13'!I65+'14'!I65+'15'!I65+'16'!I65+'17'!I65+'18'!I65+'19'!H65+'20'!I65+'21'!I65+'22'!H65+'23'!I65+'24'!I65+'25'!I65+'26'!H65+'27'!I65+'28'!I65+'29'!I65 -> 0 | J65: ='1'!J65+'2'!J65+'3'!J65+'4'!J65+'5'!J65+'6'!J65+'7'!J65+'8'!J65+'9'!J65+'10'!J65+'11'!J65+'12'!I65+'13'!J65+'14'!J65+'15'!J65+'16'!J65+'17'!J65+'18'!J65+'19'!I65+'20'!J65+'21'!J65+'22'!I65+'23'!J65+'24'!J65+'25'!J65+'26'!I65+'27'!J65+'28'!J65+'29'!J65 -> 0 | K65: ='1'!K65+'2'!K65+'3'!K65+'4'!K65+'5'!K65+'6'!K65+'7'!K65+'8'!K65+'9'!K65+'10'!K65+'11'!K65+'12'!J65+'13'!K65+'14'!K65+'15'!K65+'16'!K65+'17'!K65+'18'!K65+'19'!J65+'20'!K65+'21'!K65+'22'!J65+'23'!K65+'24'!K65+'25'!K65+'26'!J65+'27'!K65+'28'!K65+'29'!K65 -> 0 | L65: =SUM(D65:K65) -> 383 | Q65: 0
B66: 1111010 | C66: ชิฟฟอนไส้แยมแยกชิ้น คละรส | D66: ='1'!D66+'2'!D66+'3'!D66+'4'!D66+'5'!D66+'6'!D66+'7'!D66+'8'!D66+'9'!D66+'10'!D66+'11'!D66+'12'!C66+'13'!D66+'14'!D66+'15'!D66+'16'!D66+'17'!D66+'18'!D66+'19'!C66+'20'!D66+'21'!D66+'22'!C66+'23'!D66+'24'!D66+'25'!D66+'26'!C66+'27'!D66+'28'!D66+'29'!D66 -> 0 | E66: ='1'!E66+'2'!E66+'3'!E66+'4'!E66+'5'!E66+'6'!E66+'7'!E66+'8'!E66+'9'!E66+'10'!E66+'11'!E66+'12'!D66+'13'!E66+'14'!E66+'15'!E66+'16'!E66+'17'!E66+'18'!E66+'19'!D66+'20'!E66+'21'!E66+'22'!D66+'23'!E66+'24'!E66+'25'!E66+'26'!D66+'27'!E66+'28'!E66+'29'!E66 -> 0 | F66: ='1'!F66+'2'!F66+'3'!F66+'4'!F66+'5'!F66+'6'!F66+'7'!F66+'8'!F66+'9'!F66+'10'!F66+'11'!F66+'12'!E66+'13'!F66+'14'!F66+'15'!F66+'16'!F66+'17'!F66+'18'!F66+'19'!E66+'20'!F66+'21'!F66+'22'!E66+'23'!F66+'24'!F66+'25'!F66+'26'!E66+'27'!F66+'28'!F66+'29'!F66 -> 0 | G66: ='1'!G66+'2'!G66+'3'!G66+'4'!G66+'5'!G66+'6'!G66+'7'!G66+'8'!G66+'9'!G66+'10'!G66+'11'!G66+'12'!F66+'13'!G66+'14'!G66+'15'!G66+'16'!G66+'17'!G66+'18'!G66+'19'!F66+'20'!G66+'21'!G66+'22'!F66+'23'!G66+'24'!G66+'25'!G66+'26'!F66+'27'!G66+'28'!G66+'29'!G66 -> 0 | H66: ='1'!H66+'2'!H66+'3'!H66+'4'!H66+'5'!H66+'6'!H66+'7'!H66+'8'!H66+'9'!H66+'10'!H66+'11'!H66+'12'!G66+'13'!H66+'14'!H66+'15'!H66+'16'!H66+'17'!H66+'18'!H66+'19'!G66+'20'!H66+'21'!H66+'22'!G66+'23'!H66+'24'!H66+'25'!H66+'26'!G66+'27'!H66+'28'!H66+'29'!H66 -> 0 | I66: ='1'!I66+'2'!I66+'3'!I66+'4'!I66+'5'!I66+'6'!I66+'7'!I66+'8'!I66+'9'!I66+'10'!I66+'11'!I66+'12'!H66+'13'!I66+'14'!I66+'15'!I66+'16'!I66+'17'!I66+'18'!I66+'19'!H66+'20'!I66+'21'!I66+'22'!H66+'23'!I66+'24'!I66+'25'!I66+'26'!H66+'27'!I66+'28'!I66+'29'!I66 -> 0 | J66: ='1'!J66+'2'!J66+'3'!J66+'4'!J66+'5'!J66+'6'!J66+'7'!J66+'8'!J66+'9'!J66+'10'!J66+'11'!J66+'12'!I66+'13'!J66+'14'!J66+'15'!J66+'16'!J66+'17'!J66+'18'!J66+'19'!I66+'20'!J66+'21'!J66+'22'!I66+'23'!J66+'24'!J66+'25'!J66+'26'!I66+'27'!J66+'28'!J66+'29'!J66 -> 0 | K66: ='1'!K66+'2'!K66+'3'!K66+'4'!K66+'5'!K66+'6'!K66+'7'!K66+'8'!K66+'9'!K66+'10'!K66+'11'!K66+'12'!J66+'13'!K66+'14'!K66+'15'!K66+'16'!K66+'17'!K66+'18'!K66+'19'!J66+'20'!K66+'21'!K66+'22'!J66+'23'!K66+'24'!K66+'25'!K66+'26'!J66+'27'!K66+'28'!K66+'29'!K66 -> 0 | L66: =SUM(D66:K66) -> 0 | Q66: 0
C67: รวม | L67: =SUM(L7:L66) -> 25628 | Q67: 0 | T67: =+L67+L77+L88+L100+L139 -> 70460
B68: ชิฟฟอนไส้แยม 6 ชิ้น
B69: 1111009 | C69: ชิฟฟอนไส้แยมรวมรส 6 ชิ้น | D69: ='1'!D69+'2'!D69+'3'!D69+'4'!D69+'5'!D69+'6'!D69+'7'!D69+'8'!D69+'9'!D69+'10'!D69+'11'!D69+'12'!C69+'13'!D69+'14'!D69+'15'!D69+'16'!D69+'17'!D69+'18'!D69+'19'!C69+'20'!D69+'21'!D69+'22'!C69+'23'!D69+'24'!D69+'25'!D69+'26'!C69+'27'!D69+'28'!D69+'29'!D69 -> 234 | E69: ='1'!E69+'2'!E69+'3'!E69+'4'!E69+'5'!E69+'6'!E69+'7'!E69+'8'!E69+'9'!E69+'10'!E69+'11'!E69+'12'!D69+'13'!E69+'14'!E69+'15'!E69+'16'!E69+'17'!E69+'18'!E69+'19'!D69+'20'!E69+'21'!E69+'22'!D69+'23'!E69+'24'!E69+'25'!E69+'26'!D69+'27'!E69+'28'!E69+'29'!E69 -> 125 | F69: ='1'!F69+'2'!F69+'3'!F69+'4'!F69+'5'!F69+'6'!F69+'7'!F69+'8'!F69+'9'!F69+'10'!F69+'11'!F69+'12'!E69+'13'!F69+'14'!F69+'15'!F69+'16'!F69+'17'!F69+'18'!F69+'19'!E69+'20'!F69+'21'!F69+'22'!E69+'23'!F69+'24'!F69+'25'!F69+'26'!E69+'27'!F69+'28'!F69+'29'!F69 -> 392 | G69: ='1'!G69+'2'!G69+'3'!G69+'4'!G69+'5'!G69+'6'!G69+'7'!G69+'8'!G69+'9'!G69+'10'!G69+'11'!G69+'12'!F69+'13'!G69+'14'!G69+'15'!G69+'16'!G69+'17'!G69+'18'!G69+'19'!F69+'20'!G69+'21'!G69+'22'!F69+'23'!G69+'24'!G69+'25'!G69+'26'!F69+'27'!G69+'28'!G69+'29'!G69 -> 146 | H69: ='1'!H69+'2'!H69+'3'!H69+'4'!H69+'5'!H69+'6'!H69+'7'!H69+'8'!H69+'9'!H69+'10'!H69+'11'!H69+'12'!G69+'13'!H69+'14'!H69+'15'!H69+'16'!H69+'17'!H69+'18'!H69+'19'!G69+'20'!H69+'21'!H69+'22'!G69+'23'!H69+'24'!H69+'25'!H69+'26'!G69+'27'!H69+'28'!H69+'29'!H69 -> 18 | I69: ='1'!I69+'2'!I69+'3'!I69+'4'!I69+'5'!I69+'6'!I69+'7'!I69+'8'!I69+'9'!I69+'10'!I69+'11'!I69+'12'!H69+'13'!I69+'14'!I69+'15'!I69+'16'!I69+'17'!I69+'18'!I69+'19'!H69+'20'!I69+'21'!I69+'22'!H69+'23'!I69+'24'!I69+'25'!I69+'26'!H69+'27'!I69+'28'!I69+'29'!I69 -> 0 | J69: ='1'!J69+'2'!J69+'3'!J69+'4'!J69+'5'!J69+'6'!J69+'7'!J69+'8'!J69+'9'!J69+'10'!J69+'11'!J69+'12'!I69+'13'!J69+'14'!J69+'15'!J69+'16'!J69+'17'!J69+'18'!J69+'19'!I69+'20'!J69+'21'!J69+'22'!I69+'23'!J69+'24'!J69+'25'!J69+'26'!I69+'27'!J69+'28'!J69+'29'!J69 -> 0 | K69: ='1'!K69+'2'!K69+'3'!K69+'4'!K69+'5'!K69+'6'!K69+'7'!K69+'8'!K69+'9'!K69+'10'!K69+'11'!K69+'12'!J69+'13'!K69+'14'!K69+'15'!K69+'16'!K69+'17'!K69+'18'!K69+'19'!J69+'20'!K69+'21'!K69+'22'!J69+'23'!K69+'24'!K69+'25'!K69+'26'!J69+'27'!K69+'28'!K69+'29'!K69 -> 26 | L69: =SUM(D69:K69) -> 941 | Q69: 0
B70: 1111023 | C70: ชิฟฟอนไส้แยมรสสตอเบอร์รี่ล้วน 6 ชิ้น | D70: ='1'!D70+'2'!D70+'3'!D70+'4'!D70+'5'!D70+'6'!D70+'7'!D70+'8'!D70+'9'!D70+'10'!D70+'11'!D70+'12'!C70+'13'!D70+'14'!D70+'15'!D70+'16'!D70+'17'!D70+'18'!D70+'19'!C70+'20'!D70+'21'!D70+'22'!C70+'23'!D70+'24'!D70+'25'!D70+'26'!C70+'27'!D70+'28'!D70+'29'!D70 -> 5 | E70: ='1'!E70+'2'!E70+'3'!E70+'4'!E70+'5'!E70+'6'!E70+'7'!E70+'8'!E70+'9'!E70+'10'!E70+'11'!E70+'12'!D70+'13'!E70+'14'!E70+'15'!E70+'16'!E70+'17'!E70+'18'!E70+'19'!D70+'20'!E70+'21'!E70+'22'!D70+'23'!E70+'24'!E70+'25'!E70+'26'!D70+'27'!E70+'28'!E70+'29'!E70 -> 0 | F70: ='1'!F70+'2'!F70+'3'!F70+'4'!F70+'5'!F70+'6'!F70+'7'!F70+'8'!F70+'9'!F70+'10'!F70+'11'!F70+'12'!E70+'13'!F70+'14'!F70+'15'!F70+'16'!F70+'17'!F70+'18'!F70+'19'!E70+'20'!F70+'21'!F70+'22'!E70+'23'!F70+'24'!F70+'25'!F70+'26'!E70+'27'!F70+'28'!F70+'29'!F70 -> 0 | G70: ='1'!G70+'2'!G70+'3'!G70+'4'!G70+'5'!G70+'6'!G70+'7'!G70+'8'!G70+'9'!G70+'10'!G70+'11'!G70+'12'!F70+'13'!G70+'14'!G70+'15'!G70+'16'!G70+'17'!G70+'18'!G70+'19'!F70+'20'!G70+'21'!G70+'22'!F70+'23'!G70+'24'!G70+'25'!G70+'26'!F70+'27'!G70+'28'!G70+'29'!G70 -> 0 | H70: ='1'!H70+'2'!H70+'3'!H70+'4'!H70+'5'!H70+'6'!H70+'7'!H70+'8'!H70+'9'!H70+'10'!H70+'11'!H70+'12'!G70+'13'!H70+'14'!H70+'15'!H70+'16'!H70+'17'!H70+'18'!H70+'19'!G70+'20'!H70+'21'!H70+'22'!G70+'23'!H70+'24'!H70+'25'!H70+'26'!G70+'27'!H70+'28'!H70+'29'!H70 -> 0 | I70: ='1'!I70+'2'!I70+'3'!I70+'4'!I70+'5'!I70+'6'!I70+'7'!I70+'8'!I70+'9'!I70+'10'!I70+'11'!I70+'12'!H70+'13'!I70+'14'!I70+'15'!I70+'16'!I70+'17'!I70+'18'!I70+'19'!H70+'20'!I70+'21'!I70+'22'!H70+'23'!I70+'24'!I70+'25'!I70+'26'!H70+'27'!I70+'28'!I70+'29'!I70 -> 0 | J70: ='1'!J70+'2'!J70+'3'!J70+'4'!J70+'5'!J70+'6'!J70+'7'!J70+'8'!J70+'9'!J70+'10'!J70+'11'!J70+'12'!I70+'13'!J70+'14'!J70+'15'!J70+'16'!J70+'17'!J70+'18'!J70+'19'!I70+'20'!J70+'21'!J70+'22'!I70+'23'!J70+'24'!J70+'25'!J70+'26'!I70+'27'!J70+'28'!J70+'29'!J70 -> 0 | K70: ='1'!K70+'2'!K70+'3'!K70+'4'!K70+'5'!K70+'6'!K70+'7'!K70+'8'!K70+'9'!K70+'10'!K70+'11'!K70+'12'!J70+'13'!K70+'14'!K70+'15'!K70+'16'!K70+'17'!K70+'18'!K70+'19'!J70+'20'!K70+'21'!K70+'22'!J70+'23'!K70+'24'!K70+'25'!K70+'26'!J70+'27'!K70+'28'!K70+'29'!K70 -> 0 | L70: =SUM(D70:K70) -> 5 | Q70: 0
B71: 1111016 | C71: ชิฟฟอนไส้แยมรสมะพร้าวล้วน 6 ชิ้น | D71: ='1'!D71+'2'!D71+'3'!D71+'4'!D71+'5'!D71+'6'!D71+'7'!D71+'8'!D71+'9'!D71+'10'!D71+'11'!D71+'12'!C71+'13'!D71+'14'!D71+'15'!D71+'16'!D71+'17'!D71+'18'!D71+'19'!C71+'20'!D71+'21'!D71+'22'!C71+'23'!D71+'24'!D71+'25'!D71+'26'!C71+'27'!D71+'28'!D71+'29'!D71 -> 0 | E71: ='1'!E71+'2'!E71+'3'!E71+'4'!E71+'5'!E71+'6'!E71+'7'!E71+'8'!E71+'9'!E71+'10'!E71+'11'!E71+'12'!D71+'13'!E71+'14'!E71+'15'!E71+'16'!E71+'17'!E71+'18'!E71+'19'!D71+'20'!E71+'21'!E71+'22'!D71+'23'!E71+'24'!E71+'25'!E71+'26'!D71+'27'!E71+'28'!E71+'29'!E71 -> 0 | F71: ='1'!F71+'2'!F71+'3'!F71+'4'!F71+'5'!F71+'6'!F71+'7'!F71+'8'!F71+'9'!F71+'10'!F71+'11'!F71+'12'!E71+'13'!F71+'14'!F71+'15'!F71+'16'!F71+'17'!F71+'18'!F71+'19'!E71+'20'!F71+'21'!F71+'22'!E71+'23'!F71+'24'!F71+'25'!F71+'26'!E71+'27'!F71+'28'!F71+'29'!F71 -> 0 | G71: ='1'!G71+'2'!G71+'3'!G71+'4'!G71+'5'!G71+'6'!G71+'7'!G71+'8'!G71+'9'!G71+'10'!G71+'11'!G71+'12'!F71+'13'!G71+'14'!G71+'15'!G71+'16'!G71+'17'!G71+'18'!G71+'19'!F71+'20'!G71+'21'!G71+'22'!F71+'23'!G71+'24'!G71+'25'!G71+'26'!F71+'27'!G71+'28'!G71+'29'!G71 -> 0 | H71: ='1'!H71+'2'!H71+'3'!H71+'4'!H71+'5'!H71+'6'!H71+'7'!H71+'8'!H71+'9'!H71+'10'!H71+'11'!H71+'12'!G71+'13'!H71+'14'!H71+'15'!H71+'16'!H71+'17'!H71+'18'!H71+'19'!G71+'20'!H71+'21'!H71+'22'!G71+'23'!H71+'24'!H71+'25'!H71+'26'!G71+'27'!H71+'28'!H71+'29'!H71 -> 0 | I71: ='1'!I71+'2'!I71+'3'!I71+'4'!I71+'5'!I71+'6'!I71+'7'!I71+'8'!I71+'9'!I71+'10'!I71+'11'!I71+'12'!H71+'13'!I71+'14'!I71+'15'!I71+'16'!I71+'17'!I71+'18'!I71+'19'!H71+'20'!I71+'21'!I71+'22'!H71+'23'!I71+'24'!I71+'25'!I71+'26'!H71+'27'!I71+'28'!I71+'29'!I71 -> 0 | J71: ='1'!J71+'2'!J71+'3'!J71+'4'!J71+'5'!J71+'6'!J71+'7'!J71+'8'!J71+'9'!J71+'10'!J71+'11'!J71+'12'!I71+'13'!J71+'14'!J71+'15'!J71+'16'!J71+'17'!J71+'18'!J71+'19'!I71+'20'!J71+'21'!J71+'22'!I71+'23'!J71+'24'!J71+'25'!J71+'26'!I71+'27'!J71+'28'!J71+'29'!J71 -> 0 | K71: ='1'!K71+'2'!K71+'3'!K71+'4'!K71+'5'!K71+'6'!K71+'7'!K71+'8'!K71+'9'!K71+'10'!K71+'11'!K71+'12'!J71+'13'!K71+'14'!K71+'15'!K71+'16'!K71+'17'!K71+'18'!K71+'19'!J71+'20'!K71+'21'!K71+'22'!J71+'23'!K71+'24'!K71+'25'!K71+'26'!J71+'27'!K71+'28'!K71+'29'!K71 -> 0 | L71: =SUM(D71:K71) -> 0 | Q71: 0
B72: 1111014 | C72: ชิฟฟอนไส้แยมรสช็อกโกแลตนูเทลล่าล้วน 6 ชิ้น | D72: ='1'!D72+'2'!D72+'3'!D72+'4'!D72+'5'!D72+'6'!D72+'7'!D72+'8'!D72+'9'!D72+'10'!D72+'11'!D72+'12'!C72+'13'!D72+'14'!D72+'15'!D72+'16'!D72+'17'!D72+'18'!D72+'19'!C72+'20'!D72+'21'!D72+'22'!C72+'23'!D72+'24'!D72+'25'!D72+'26'!C72+'27'!D72+'28'!D72+'29'!D72 -> 0 | E72: ='1'!E72+'2'!E72+'3'!E72+'4'!E72+'5'!E72+'6'!E72+'7'!E72+'8'!E72+'9'!E72+'10'!E72+'11'!E72+'12'!D72+'13'!E72+'14'!E72+'15'!E72+'16'!E72+'17'!E72+'18'!E72+'19'!D72+'20'!E72+'21'!E72+'22'!D72+'23'!E72+'24'!E72+'25'!E72+'26'!D72+'27'!E72+'28'!E72+'29'!E72 -> 0 | F72: ='1'!F72+'2'!F72+'3'!F72+'4'!F72+'5'!F72+'6'!F72+'7'!F72+'8'!F72+'9'!F72+'10'!F72+'11'!F72+'12'!E72+'13'!F72+'14'!F72+'15'!F72+'16'!F72+'17'!F72+'18'!F72+'19'!E72+'20'!F72+'21'!F72+'22'!E72+'23'!F72+'24'!F72+'25'!F72+'26'!E72+'27'!F72+'28'!F72+'29'!F72 -> 0 | G72: ='1'!G72+'2'!G72+'3'!G72+'4'!G72+'5'!G72+'6'!G72+'7'!G72+'8'!G72+'9'!G72+'10'!G72+'11'!G72+'12'!F72+'13'!G72+'14'!G72+'15'!G72+'16'!G72+'17'!G72+'18'!G72+'19'!F72+'20'!G72+'21'!G72+'22'!F72+'23'!G72+'24'!G72+'25'!G72+'26'!F72+'27'!G72+'28'!G72+'29'!G72 -> 0 | H72: ='1'!H72+'2'!H72+'3'!H72+'4'!H72+'5'!H72+'6'!H72+'7'!H72+'8'!H72+'9'!H72+'10'!H72+'11'!H72+'12'!G72+'13'!H72+'14'!H72+'15'!H72+'16'!H72+'17'!H72+'18'!H72+'19'!G72+'20'!H72+'21'!H72+'22'!G72+'23'!H72+'24'!H72+'25'!H72+'26'!G72+'27'!H72+'28'!H72+'29'!H72 -> 0 | I72: ='1'!I72+'2'!I72+'3'!I72+'4'!I72+'5'!I72+'6'!I72+'7'!I72+'8'!I72+'9'!I72+'10'!I72+'11'!I72+'12'!H72+'13'!I72+'14'!I72+'15'!I72+'16'!I72+'17'!I72+'18'!I72+'19'!H72+'20'!I72+'21'!I72+'22'!H72+'23'!I72+'24'!I72+'25'!I72+'26'!H72+'27'!I72+'28'!I72+'29'!I72 -> 0 | J72: ='1'!J72+'2'!J72+'3'!J72+'4'!J72+'5'!J72+'6'!J72+'7'!J72+'8'!J72+'9'!J72+'10'!J72+'11'!J72+'12'!I72+'13'!J72+'14'!J72+'15'!J72+'16'!J72+'17'!J72+'18'!J72+'19'!I72+'20'!J72+'21'!J72+'22'!I72+'23'!J72+'24'!J72+'25'!J72+'26'!I72+'27'!J72+'28'!J72+'29'!J72 -> 0 | K72: ='1'!K72+'2'!K72+'3'!K72+'4'!K72+'5'!K72+'6'!K72+'7'!K72+'8'!K72+'9'!K72+'10'!K72+'11'!K72+'12'!J72+'13'!K72+'14'!K72+'15'!K72+'16'!K72+'17'!K72+'18'!K72+'19'!J72+'20'!K72+'21'!K72+'22'!J72+'23'!K72+'24'!K72+'25'!K72+'26'!J72+'27'!K72+'28'!K72+'29'!K72 -> 0 | L72: =SUM(D72:K72) -> 0 | Q72: 0
B73: 1111025 | C73: ชิฟฟอนไส้แยมรสส้มล้วน 6 ชิ้น | D73: ='1'!D73+'2'!D73+'3'!D73+'4'!D73+'5'!D73+'6'!D73+'7'!D73+'8'!D73+'9'!D73+'10'!D73+'11'!D73+'12'!C73+'13'!D73+'14'!D73+'15'!D73+'16'!D73+'17'!D73+'18'!D73+'19'!C73+'20'!D73+'21'!D73+'22'!C73+'23'!D73+'24'!D73+'25'!D73+'26'!C73+'27'!D73+'28'!D73+'29'!D73 -> 0 | E73: ='1'!E73+'2'!E73+'3'!E73+'4'!E73+'5'!E73+'6'!E73+'7'!E73+'8'!E73+'9'!E73+'10'!E73+'11'!E73+'12'!D73+'13'!E73+'14'!E73+'15'!E73+'16'!E73+'17'!E73+'18'!E73+'19'!D73+'20'!E73+'21'!E73+'22'!D73+'23'!E73+'24'!E73+'25'!E73+'26'!D73+'27'!E73+'28'!E73+'29'!E73 -> 0 | F73: ='1'!F73+'2'!F73+'3'!F73+'4'!F73+'5'!F73+'6'!F73+'7'!F73+'8'!F73+'9'!F73+'10'!F73+'11'!F73+'12'!E73+'13'!F73+'14'!F73+'15'!F73+'16'!F73+'17'!F73+'18'!F73+'19'!E73+'20'!F73+'21'!F73+'22'!E73+'23'!F73+'24'!F73+'25'!F73+'26'!E73+'27'!F73+'28'!F73+'29'!F73 -> 0 | G73: ='1'!G73+'2'!G73+'3'!G73+'4'!G73+'5'!G73+'6'!G73+'7'!G73+'8'!G73+'9'!G73+'10'!G73+'11'!G73+'12'!F73+'13'!G73+'14'!G73+'15'!G73+'16'!G73+'17'!G73+'18'!G73+'19'!F73+'20'!G73+'21'!G73+'22'!F73+'23'!G73+'24'!G73+'25'!G73+'26'!F73+'27'!G73+'28'!G73+'29'!G73 -> 0 | H73: ='1'!H73+'2'!H73+'3'!H73+'4'!H73+'5'!H73+'6'!H73+'7'!H73+'8'!H73+'9'!H73+'10'!H73+'11'!H73+'12'!G73+'13'!H73+'14'!H73+'15'!H73+'16'!H73+'17'!H73+'18'!H73+'19'!G73+'20'!H73+'21'!H73+'22'!G73+'23'!H73+'24'!H73+'25'!H73+'26'!G73+'27'!H73+'28'!H73+'29'!H73 -> 0 | I73: ='1'!I73+'2'!I73+'3'!I73+'4'!I73+'5'!I73+'6'!I73+'7'!I73+'8'!I73+'9'!I73+'10'!I73+'11'!I73+'12'!H73+'13'!I73+'14'!I73+'15'!I73+'16'!I73+'17'!I73+'18'!I73+'19'!H73+'20'!I73+'21'!I73+'22'!H73+'23'!I73+'24'!I73+'25'!I73+'26'!H73+'27'!I73+'28'!I73+'29'!I73 -> 0 | J73: ='1'!J73+'2'!J73+'3'!J73+'4'!J73+'5'!J73+'6'!J73+'7'!J73+'8'!J73+'9'!J73+'10'!J73+'11'!J73+'12'!I73+'13'!J73+'14'!J73+'15'!J73+'16'!J73+'17'!J73+'18'!J73+'19'!I73+'20'!J73+'21'!J73+'22'!I73+'23'!J73+'24'!J73+'25'!J73+'26'!I73+'27'!J73+'28'!J73+'29'!J73 -> 0 | K73: ='1'!K73+'2'!K73+'3'!K73+'4'!K73+'5'!K73+'6'!K73+'7'!K73+'8'!K73+'9'!K73+'10'!K73+'11'!K73+'12'!J73+'13'!K73+'14'!K73+'15'!K73+'16'!K73+'17'!K73+'18'!K73+'19'!J73+'20'!K73+'21'!K73+'22'!J73+'23'!K73+'24'!K73+'25'!K73+'26'!J73+'27'!K73+'28'!K73+'29'!K73 -> 0 | L73: =SUM(D73:K73) -> 0 | Q73: 0
B74: 1111018 | C74: ชิฟฟอนไส้แยมรสบลูเบอร์รี่ล้วน 6 ชิ้น | D74: ='1'!D74+'2'!D74+'3'!D74+'4'!D74+'5'!D74+'6'!D74+'7'!D74+'8'!D74+'9'!D74+'10'!D74+'11'!D74+'12'!C74+'13'!D74+'14'!D74+'15'!D74+'16'!D74+'17'!D74+'18'!D74+'19'!C74+'20'!D74+'21'!D74+'22'!C74+'23'!D74+'24'!D74+'25'!D74+'26'!C74+'27'!D74+'28'!D74+'29'!D74 -> 5 | E74: ='1'!E74+'2'!E74+'3'!E74+'4'!E74+'5'!E74+'6'!E74+'7'!E74+'8'!E74+'9'!E74+'10'!E74+'11'!E74+'12'!D74+'13'!E74+'14'!E74+'15'!E74+'16'!E74+'17'!E74+'18'!E74+'19'!D74+'20'!E74+'21'!E74+'22'!D74+'23'!E74+'24'!E74+'25'!E74+'26'!D74+'27'!E74+'28'!E74+'29'!E74 -> 0 | F74: ='1'!F74+'2'!F74+'3'!F74+'4'!F74+'5'!F74+'6'!F74+'7'!F74+'8'!F74+'9'!F74+'10'!F74+'11'!F74+'12'!E74+'13'!F74+'14'!F74+'15'!F74+'16'!F74+'17'!F74+'18'!F74+'19'!E74+'20'!F74+'21'!F74+'22'!E74+'23'!F74+'24'!F74+'25'!F74+'26'!E74+'27'!F74+'28'!F74+'29'!F74 -> 0 | G74: ='1'!G74+'2'!G74+'3'!G74+'4'!G74+'5'!G74+'6'!G74+'7'!G74+'8'!G74+'9'!G74+'10'!G74+'11'!G74+'12'!F74+'13'!G74+'14'!G74+'15'!G74+'16'!G74+'17'!G74+'18'!G74+'19'!F74+'20'!G74+'21'!G74+'22'!F74+'23'!G74+'24'!G74+'25'!G74+'26'!F74+'27'!G74+'28'!G74+'29'!G74 -> 0 | H74: ='1'!H74+'2'!H74+'3'!H74+'4'!H74+'5'!H74+'6'!H74+'7'!H74+'8'!H74+'9'!H74+'10'!H74+'11'!H74+'12'!G74+'13'!H74+'14'!H74+'15'!H74+'16'!H74+'17'!H74+'18'!H74+'19'!G74+'20'!H74+'21'!H74+'22'!G74+'23'!H74+'24'!H74+'25'!H74+'26'!G74+'27'!H74+'28'!H74+'29'!H74 -> 0 | I74: ='1'!I74+'2'!I74+'3'!I74+'4'!I74+'5'!I74+'6'!I74+'7'!I74+'8'!I74+'9'!I74+'10'!I74+'11'!I74+'12'!H74+'13'!I74+'14'!I74+'15'!I74+'16'!I74+'17'!I74+'18'!I74+'19'!H74+'20'!I74+'21'!I74+'22'!H74+'23'!I74+'24'!I74+'25'!I74+'26'!H74+'27'!I74+'28'!I74+'29'!I74 -> 0 | J74: ='1'!J74+'2'!J74+'3'!J74+'4'!J74+'5'!J74+'6'!J74+'7'!J74+'8'!J74+'9'!J74+'10'!J74+'11'!J74+'12'!I74+'13'!J74+'14'!J74+'15'!J74+'16'!J74+'17'!J74+'18'!J74+'19'!I74+'20'!J74+'21'!J74+'22'!I74+'23'!J74+'24'!J74+'25'!J74+'26'!I74+'27'!J74+'28'!J74+'29'!J74 -> 0 | K74: ='1'!K74+'2'!K74+'3'!K74+'4'!K74+'5'!K74+'6'!K74+'7'!K74+'8'!K74+'9'!K74+'10'!K74+'11'!K74+'12'!J74+'13'!K74+'14'!K74+'15'!K74+'16'!K74+'17'!K74+'18'!K74+'19'!J74+'20'!K74+'21'!K74+'22'!J74+'23'!K74+'24'!K74+'25'!K74+'26'!J74+'27'!K74+'28'!K74+'29'!K74 -> 0 | L74: =SUM(D74:K74) -> 5 | Q74: 0
B75: 1111012 | C75: ชิฟฟอนไส้แยมรสนมชมพูฮอกไกโดล้วน 6 ชิ้น | D75: ='1'!D75+'2'!D75+'3'!D75+'4'!D75+'5'!D75+'6'!D75+'7'!D75+'8'!D75+'9'!D75+'10'!D75+'11'!D75+'12'!C75+'13'!D75+'14'!D75+'15'!D75+'16'!D75+'17'!D75+'18'!D75+'19'!C75+'20'!D75+'21'!D75+'22'!C75+'23'!D75+'24'!D75+'25'!D75+'26'!C75+'27'!D75+'28'!D75+'29'!D75 -> 0 | E75: ='1'!E75+'2'!E75+'3'!E75+'4'!E75+'5'!E75+'6'!E75+'7'!E75+'8'!E75+'9'!E75+'10'!E75+'11'!E75+'12'!D75+'13'!E75+'14'!E75+'15'!E75+'16'!E75+'17'!E75+'18'!E75+'19'!D75+'20'!E75+'21'!E75+'22'!D75+'23'!E75+'24'!E75+'25'!E75+'26'!D75+'27'!E75+'28'!E75+'29'!E75 -> 0 | F75: ='1'!F75+'2'!F75+'3'!F75+'4'!F75+'5'!F75+'6'!F75+'7'!F75+'8'!F75+'9'!F75+'10'!F75+'11'!F75+'12'!E75+'13'!F75+'14'!F75+'15'!F75+'16'!F75+'17'!F75+'18'!F75+'19'!E75+'20'!F75+'21'!F75+'22'!E75+'23'!F75+'24'!F75+'25'!F75+'26'!E75+'27'!F75+'28'!F75+'29'!F75 -> 0 | G75: ='1'!G75+'2'!G75+'3'!G75+'4'!G75+'5'!G75+'6'!G75+'7'!G75+'8'!G75+'9'!G75+'10'!G75+'11'!G75+'12'!F75+'13'!G75+'14'!G75+'15'!G75+'16'!G75+'17'!G75+'18'!G75+'19'!F75+'20'!G75+'21'!G75+'22'!F75+'23'!G75+'24'!G75+'25'!G75+'26'!F75+'27'!G75+'28'!G75+'29'!G75 -> 0 | H75: ='1'!H75+'2'!H75+'3'!H75+'4'!H75+'5'!H75+'6'!H75+'7'!H75+'8'!H75+'9'!H75+'10'!H75+'11'!H75+'12'!G75+'13'!H75+'14'!H75+'15'!H75+'16'!H75+'17'!H75+'18'!H75+'19'!G75+'20'!H75+'21'!H75+'22'!G75+'23'!H75+'24'!H75+'25'!H75+'26'!G75+'27'!H75+'28'!H75+'29'!H75 -> 0 | I75: ='1'!I75+'2'!I75+'3'!I75+'4'!I75+'5'!I75+'6'!I75+'7'!I75+'8'!I75+'9'!I75+'10'!I75+'11'!I75+'12'!H75+'13'!I75+'14'!I75+'15'!I75+'16'!I75+'17'!I75+'18'!I75+'19'!H75+'20'!I75+'21'!I75+'22'!H75+'23'!I75+'24'!I75+'25'!I75+'26'!H75+'27'!I75+'28'!I75+'29'!I75 -> 0 | J75: ='1'!J75+'2'!J75+'3'!J75+'4'!J75+'5'!J75+'6'!J75+'7'!J75+'8'!J75+'9'!J75+'10'!J75+'11'!J75+'12'!I75+'13'!J75+'14'!J75+'15'!J75+'16'!J75+'17'!J75+'18'!J75+'19'!I75+'20'!J75+'21'!J75+'22'!I75+'23'!J75+'24'!J75+'25'!J75+'26'!I75+'27'!J75+'28'!J75+'29'!J75 -> 0 | K75: ='1'!K75+'2'!K75+'3'!K75+'4'!K75+'5'!K75+'6'!K75+'7'!K75+'8'!K75+'9'!K75+'10'!K75+'11'!K75+'12'!J75+'13'!K75+'14'!K75+'15'!K75+'16'!K75+'17'!K75+'18'!K75+'19'!J75+'20'!K75+'21'!K75+'22'!J75+'23'!K75+'24'!K75+'25'!K75+'26'!J75+'27'!K75+'28'!K75+'29'!K75 -> 0 | L75: =SUM(D75:K75) -> 0 | Q75: 0
B76: 1111020 | C76: ชิฟฟอนไส้แยมฝอยทองไส้ทะลัก 6 ชิ้น | D76: ='1'!D76+'2'!D76+'3'!D76+'4'!D76+'5'!D76+'6'!D76+'7'!D76+'8'!D76+'9'!D76+'10'!D76+'11'!D76+'12'!C76+'13'!D76+'14'!D76+'15'!D76+'16'!D76+'17'!D76+'18'!D76+'19'!C76+'20'!D76+'21'!D76+'22'!C76+'23'!D76+'24'!D76+'25'!D76+'26'!C76+'27'!D76+'28'!D76+'29'!D76 -> 10 | E76: ='1'!E76+'2'!E76+'3'!E76+'4'!E76+'5'!E76+'6'!E76+'7'!E76+'8'!E76+'9'!E76+'10'!E76+'11'!E76+'12'!D76+'13'!E76+'14'!E76+'15'!E76+'16'!E76+'17'!E76+'18'!E76+'19'!D76+'20'!E76+'21'!E76+'22'!D76+'23'!E76+'24'!E76+'25'!E76+'26'!D76+'27'!E76+'28'!E76+'29'!E76 -> 0 | F76: ='1'!F76+'2'!F76+'3'!F76+'4'!F76+'5'!F76+'6'!F76+'7'!F76+'8'!F76+'9'!F76+'10'!F76+'11'!F76+'12'!E76+'13'!F76+'14'!F76+'15'!F76+'16'!F76+'17'!F76+'18'!F76+'19'!E76+'20'!F76+'21'!F76+'22'!E76+'23'!F76+'24'!F76+'25'!F76+'26'!E76+'27'!F76+'28'!F76+'29'!F76 -> 0 | G76: ='1'!G76+'2'!G76+'3'!G76+'4'!G76+'5'!G76+'6'!G76+'7'!G76+'8'!G76+'9'!G76+'10'!G76+'11'!G76+'12'!F76+'13'!G76+'14'!G76+'15'!G76+'16'!G76+'17'!G76+'18'!G76+'19'!F76+'20'!G76+'21'!G76+'22'!F76+'23'!G76+'24'!G76+'25'!G76+'26'!F76+'27'!G76+'28'!G76+'29'!G76 -> 0 | H76: ='1'!H76+'2'!H76+'3'!H76+'4'!H76+'5'!H76+'6'!H76+'7'!H76+'8'!H76+'9'!H76+'10'!H76+'11'!H76+'12'!G76+'13'!H76+'14'!H76+'15'!H76+'16'!H76+'17'!H76+'18'!H76+'19'!G76+'20'!H76+'21'!H76+'22'!G76+'23'!H76+'24'!H76+'25'!H76+'26'!G76+'27'!H76+'28'!H76+'29'!H76 -> 0 | I76: ='1'!I76+'2'!I76+'3'!I76+'4'!I76+'5'!I76+'6'!I76+'7'!I76+'8'!I76+'9'!I76+'10'!I76+'11'!I76+'12'!H76+'13'!I76+'14'!I76+'15'!I76+'16'!I76+'17'!I76+'18'!I76+'19'!H76+'20'!I76+'21'!I76+'22'!H76+'23'!I76+'24'!I76+'25'!I76+'26'!H76+'27'!I76+'28'!I76+'29'!I76 -> 0 | J76: ='1'!J76+'2'!J76+'3'!J76+'4'!J76+'5'!J76+'6'!J76+'7'!J76+'8'!J76+'9'!J76+'10'!J76+'11'!J76+'12'!I76+'13'!J76+'14'!J76+'15'!J76+'16'!J76+'17'!J76+'18'!J76+'19'!I76+'20'!J76+'21'!J76+'22'!I76+'23'!J76+'24'!J76+'25'!J76+'26'!I76+'27'!J76+'28'!J76+'29'!J76 -> 0 | K76: ='1'!K76+'2'!K76+'3'!K76+'4'!K76+'5'!K76+'6'!K76+'7'!K76+'8'!K76+'9'!K76+'10'!K76+'11'!K76+'12'!J76+'13'!K76+'14'!K76+'15'!K76+'16'!K76+'17'!K76+'18'!K76+'19'!J76+'20'!K76+'21'!K76+'22'!J76+'23'!K76+'24'!K76+'25'!K76+'26'!J76+'27'!K76+'28'!K76+'29'!K76 -> 2 | L76: =SUM(D76:K76) -> 12 | Q76: 0
C77: รวม | L77: =SUM(L69:L76) -> 963 | Q77: 0
B78: ชิฟฟอนไส้แยม 3 ชิ้น
B79: 1111022 | C79: ชิฟฟอนไส้แยมรสสตอเบอร์รี่ล้วน 3 ชิ้น | D79: ='1'!D79+'2'!D79+'3'!D79+'4'!D79+'5'!D79+'6'!D79+'7'!D79+'8'!D79+'9'!D79+'10'!D79+'11'!D79+'12'!C79+'13'!D79+'14'!D79+'15'!D79+'16'!D79+'17'!D79+'18'!D79+'19'!C79+'20'!D79+'21'!D79+'22'!C79+'23'!D79+'24'!D79+'25'!D79+'26'!C79+'27'!D79+'28'!D79+'29'!D79 -> 0 | E79: ='1'!E79+'2'!E79+'3'!E79+'4'!E79+'5'!E79+'6'!E79+'7'!E79+'8'!E79+'9'!E79+'10'!E79+'11'!E79+'12'!D79+'13'!E79+'14'!E79+'15'!E79+'16'!E79+'17'!E79+'18'!E79+'19'!D79+'20'!E79+'21'!E79+'22'!D79+'23'!E79+'24'!E79+'25'!E79+'26'!D79+'27'!E79+'28'!E79+'29'!E79 -> 0 | F79: ='1'!F79+'2'!F79+'3'!F79+'4'!F79+'5'!F79+'6'!F79+'7'!F79+'8'!F79+'9'!F79+'10'!F79+'11'!F79+'12'!E79+'13'!F79+'14'!F79+'15'!F79+'16'!F79+'17'!F79+'18'!F79+'19'!E79+'20'!F79+'21'!F79+'22'!E79+'23'!F79+'24'!F79+'25'!F79+'26'!E79+'27'!F79+'28'!F79+'29'!F79 -> 0 | G79: ='1'!G79+'2'!G79+'3'!G79+'4'!G79+'5'!G79+'6'!G79+'7'!G79+'8'!G79+'9'!G79+'10'!G79+'11'!G79+'12'!F79+'13'!G79+'14'!G79+'15'!G79+'16'!G79+'17'!G79+'18'!G79+'19'!F79+'20'!G79+'21'!G79+'22'!F79+'23'!G79+'24'!G79+'25'!G79+'26'!F79+'27'!G79+'28'!G79+'29'!G79 -> 0 | H79: ='1'!H79+'2'!H79+'3'!H79+'4'!H79+'5'!H79+'6'!H79+'7'!H79+'8'!H79+'9'!H79+'10'!H79+'11'!H79+'12'!G79+'13'!H79+'14'!H79+'15'!H79+'16'!H79+'17'!H79+'18'!H79+'19'!G79+'20'!H79+'21'!H79+'22'!G79+'23'!H79+'24'!H79+'25'!H79+'26'!G79+'27'!H79+'28'!H79+'29'!H79 -> 0 | I79: ='1'!I79+'2'!I79+'3'!I79+'4'!I79+'5'!I79+'6'!I79+'7'!I79+'8'!I79+'9'!I79+'10'!I79+'11'!I79+'12'!H79+'13'!I79+'14'!I79+'15'!I79+'16'!I79+'17'!I79+'18'!I79+'19'!H79+'20'!I79+'21'!I79+'22'!H79+'23'!I79+'24'!I79+'25'!I79+'26'!H79+'27'!I79+'28'!I79+'29'!I79 -> 0 | J79: ='1'!J79+'2'!J79+'3'!J79+'4'!J79+'5'!J79+'6'!J79+'7'!J79+'8'!J79+'9'!J79+'10'!J79+'11'!J79+'12'!I79+'13'!J79+'14'!J79+'15'!J79+'16'!J79+'17'!J79+'18'!J79+'19'!I79+'20'!J79+'21'!J79+'22'!I79+'23'!J79+'24'!J79+'25'!J79+'26'!I79+'27'!J79+'28'!J79+'29'!J79 -> 0 | K79: ='1'!K79+'2'!K79+'3'!K79+'4'!K79+'5'!K79+'6'!K79+'7'!K79+'8'!K79+'9'!K79+'10'!K79+'11'!K79+'12'!J79+'13'!K79+'14'!K79+'15'!K79+'16'!K79+'17'!K79+'18'!K79+'19'!J79+'20'!K79+'21'!K79+'22'!J79+'23'!K79+'24'!K79+'25'!K79+'26'!J79+'27'!K79+'28'!K79+'29'!K79 -> 0 | L79: =SUM(D79:K79) -> 0 | Q79: 0
B80: 1111015 | C80: ชิฟฟอนไส้แยมรสมะพร้าวล้วน 3 ชิ้น | D80: ='1'!D80+'2'!D80+'3'!D80+'4'!D80+'5'!D80+'6'!D80+'7'!D80+'8'!D80+'9'!D80+'10'!D80+'11'!D80+'12'!C80+'13'!D80+'14'!D80+'15'!D80+'16'!D80+'17'!D80+'18'!D80+'19'!C80+'20'!D80+'21'!D80+'22'!C80+'23'!D80+'24'!D80+'25'!D80+'26'!C80+'27'!D80+'28'!D80+'29'!D80 -> 20 | E80: ='1'!E80+'2'!E80+'3'!E80+'4'!E80+'5'!E80+'6'!E80+'7'!E80+'8'!E80+'9'!E80+'10'!E80+'11'!E80+'12'!D80+'13'!E80+'14'!E80+'15'!E80+'16'!E80+'17'!E80+'18'!E80+'19'!D80+'20'!E80+'21'!E80+'22'!D80+'23'!E80+'24'!E80+'25'!E80+'26'!D80+'27'!E80+'28'!E80+'29'!E80 -> 0 | F80: ='1'!F80+'2'!F80+'3'!F80+'4'!F80+'5'!F80+'6'!F80+'7'!F80+'8'!F80+'9'!F80+'10'!F80+'11'!F80+'12'!E80+'13'!F80+'14'!F80+'15'!F80+'16'!F80+'17'!F80+'18'!F80+'19'!E80+'20'!F80+'21'!F80+'22'!E80+'23'!F80+'24'!F80+'25'!F80+'26'!E80+'27'!F80+'28'!F80+'29'!F80 -> 0 | G80: ='1'!G80+'2'!G80+'3'!G80+'4'!G80+'5'!G80+'6'!G80+'7'!G80+'8'!G80+'9'!G80+'10'!G80+'11'!G80+'12'!F80+'13'!G80+'14'!G80+'15'!G80+'16'!G80+'17'!G80+'18'!G80+'19'!F80+'20'!G80+'21'!G80+'22'!F80+'23'!G80+'24'!G80+'25'!G80+'26'!F80+'27'!G80+'28'!G80+'29'!G80 -> 0 | H80: ='1'!H80+'2'!H80+'3'!H80+'4'!H80+'5'!H80+'6'!H80+'7'!H80+'8'!H80+'9'!H80+'10'!H80+'11'!H80+'12'!G80+'13'!H80+'14'!H80+'15'!H80+'16'!H80+'17'!H80+'18'!H80+'19'!G80+'20'!H80+'21'!H80+'22'!G80+'23'!H80+'24'!H80+'25'!H80+'26'!G80+'27'!H80+'28'!H80+'29'!H80 -> 0 | I80: ='1'!I80+'2'!I80+'3'!I80+'4'!I80+'5'!I80+'6'!I80+'7'!I80+'8'!I80+'9'!I80+'10'!I80+'11'!I80+'12'!H80+'13'!I80+'14'!I80+'15'!I80+'16'!I80+'17'!I80+'18'!I80+'19'!H80+'20'!I80+'21'!I80+'22'!H80+'23'!I80+'24'!I80+'25'!I80+'26'!H80+'27'!I80+'28'!I80+'29'!I80 -> 0 | J80: ='1'!J80+'2'!J80+'3'!J80+'4'!J80+'5'!J80+'6'!J80+'7'!J80+'8'!J80+'9'!J80+'10'!J80+'11'!J80+'12'!I80+'13'!J80+'14'!J80+'15'!J80+'16'!J80+'17'!J80+'18'!J80+'19'!I80+'20'!J80+'21'!J80+'22'!I80+'23'!J80+'24'!J80+'25'!J80+'26'!I80+'27'!J80+'28'!J80+'29'!J80 -> 0 | K80: ='1'!K80+'2'!K80+'3'!K80+'4'!K80+'5'!K80+'6'!K80+'7'!K80+'8'!K80+'9'!K80+'10'!K80+'11'!K80+'12'!J80+'13'!K80+'14'!K80+'15'!K80+'16'!K80+'17'!K80+'18'!K80+'19'!J80+'20'!K80+'21'!K80+'22'!J80+'23'!K80+'24'!K80+'25'!K80+'26'!J80+'27'!K80+'28'!K80+'29'!K80 -> 0 | L80: =SUM(D80:K80) -> 20 | Q80: 0
B81: 1111013 | C81: ชิฟฟอนไส้แยมรสช็อกโกแลตนูเทลล่าล้วน 3 ชิ้น | D81: ='1'!D81+'2'!D81+'3'!D81+'4'!D81+'5'!D81+'6'!D81+'7'!D81+'8'!D81+'9'!D81+'10'!D81+'11'!D81+'12'!C81+'13'!D81+'14'!D81+'15'!D81+'16'!D81+'17'!D81+'18'!D81+'19'!C81+'20'!D81+'21'!D81+'22'!C81+'23'!D81+'24'!D81+'25'!D81+'26'!C81+'27'!D81+'28'!D81+'29'!D81 -> 0 | E81: ='1'!E81+'2'!E81+'3'!E81+'4'!E81+'5'!E81+'6'!E81+'7'!E81+'8'!E81+'9'!E81+'10'!E81+'11'!E81+'12'!D81+'13'!E81+'14'!E81+'15'!E81+'16'!E81+'17'!E81+'18'!E81+'19'!D81+'20'!E81+'21'!E81+'22'!D81+'23'!E81+'24'!E81+'25'!E81+'26'!D81+'27'!E81+'28'!E81+'29'!E81 -> 0 | F81: ='1'!F81+'2'!F81+'3'!F81+'4'!F81+'5'!F81+'6'!F81+'7'!F81+'8'!F81+'9'!F81+'10'!F81+'11'!F81+'12'!E81+'13'!F81+'14'!F81+'15'!F81+'16'!F81+'17'!F81+'18'!F81+'19'!E81+'20'!F81+'21'!F81+'22'!E81+'23'!F81+'24'!F81+'25'!F81+'26'!E81+'27'!F81+'28'!F81+'29'!F81 -> 0 | G81: ='1'!G81+'2'!G81+'3'!G81+'4'!G81+'5'!G81+'6'!G81+'7'!G81+'8'!G81+'9'!G81+'10'!G81+'11'!G81+'12'!F81+'13'!G81+'14'!G81+'15'!G81+'16'!G81+'17'!G81+'18'!G81+'19'!F81+'20'!G81+'21'!G81+'22'!F81+'23'!G81+'24'!G81+'25'!G81+'26'!F81+'27'!G81+'28'!G81+'29'!G81 -> 0 | H81: ='1'!H81+'2'!H81+'3'!H81+'4'!H81+'5'!H81+'6'!H81+'7'!H81+'8'!H81+'9'!H81+'10'!H81+'11'!H81+'12'!G81+'13'!H81+'14'!H81+'15'!H81+'16'!H81+'17'!H81+'18'!H81+'19'!G81+'20'!H81+'21'!H81+'22'!G81+'23'!H81+'24'!H81+'25'!H81+'26'!G81+'27'!H81+'28'!H81+'29'!H81 -> 0 | I81: ='1'!I81+'2'!I81+'3'!I81+'4'!I81+'5'!I81+'6'!I81+'7'!I81+'8'!I81+'9'!I81+'10'!I81+'11'!I81+'12'!H81+'13'!I81+'14'!I81+'15'!I81+'16'!I81+'17'!I81+'18'!I81+'19'!H81+'20'!I81+'21'!I81+'22'!H81+'23'!I81+'24'!I81+'25'!I81+'26'!H81+'27'!I81+'28'!I81+'29'!I81 -> 0 | J81: ='1'!J81+'2'!J81+'3'!J81+'4'!J81+'5'!J81+'6'!J81+'7'!J81+'8'!J81+'9'!J81+'10'!J81+'11'!J81+'12'!I81+'13'!J81+'14'!J81+'15'!J81+'16'!J81+'17'!J81+'18'!J81+'19'!I81+'20'!J81+'21'!J81+'22'!I81+'23'!J81+'24'!J81+'25'!J81+'26'!I81+'27'!J81+'28'!J81+'29'!J81 -> 0 | K81: ='1'!K81+'2'!K81+'3'!K81+'4'!K81+'5'!K81+'6'!K81+'7'!K81+'8'!K81+'9'!K81+'10'!K81+'11'!K81+'12'!J81+'13'!K81+'14'!K81+'15'!K81+'16'!K81+'17'!K81+'18'!K81+'19'!J81+'20'!K81+'21'!K81+'22'!J81+'23'!K81+'24'!K81+'25'!K81+'26'!J81+'27'!K81+'28'!K81+'29'!K81 -> 0 | L81: =SUM(D81:K81) -> 0 | Q81: 0
B82: 1111024 | C82: ชิฟฟอนไส้แยมรสส้มล้วน 3 ชิ้น | D82: ='1'!D82+'2'!D82+'3'!D82+'4'!D82+'5'!D82+'6'!D82+'7'!D82+'8'!D82+'9'!D82+'10'!D82+'11'!D82+'12'!C82+'13'!D82+'14'!D82+'15'!D82+'16'!D82+'17'!D82+'18'!D82+'19'!C82+'20'!D82+'21'!D82+'22'!C82+'23'!D82+'24'!D82+'25'!D82+'26'!C82+'27'!D82+'28'!D82+'29'!D82 -> 20 | E82: ='1'!E82+'2'!E82+'3'!E82+'4'!E82+'5'!E82+'6'!E82+'7'!E82+'8'!E82+'9'!E82+'10'!E82+'11'!E82+'12'!D82+'13'!E82+'14'!E82+'15'!E82+'16'!E82+'17'!E82+'18'!E82+'19'!D82+'20'!E82+'21'!E82+'22'!D82+'23'!E82+'24'!E82+'25'!E82+'26'!D82+'27'!E82+'28'!E82+'29'!E82 -> 0 | F82: ='1'!F82+'2'!F82+'3'!F82+'4'!F82+'5'!F82+'6'!F82+'7'!F82+'8'!F82+'9'!F82+'10'!F82+'11'!F82+'12'!E82+'13'!F82+'14'!F82+'15'!F82+'16'!F82+'17'!F82+'18'!F82+'19'!E82+'20'!F82+'21'!F82+'22'!E82+'23'!F82+'24'!F82+'25'!F82+'26'!E82+'27'!F82+'28'!F82+'29'!F82 -> 0 | G82: ='1'!G82+'2'!G82+'3'!G82+'4'!G82+'5'!G82+'6'!G82+'7'!G82+'8'!G82+'9'!G82+'10'!G82+'11'!G82+'12'!F82+'13'!G82+'14'!G82+'15'!G82+'16'!G82+'17'!G82+'18'!G82+'19'!F82+'20'!G82+'21'!G82+'22'!F82+'23'!G82+'24'!G82+'25'!G82+'26'!F82+'27'!G82+'28'!G82+'29'!G82 -> 0 | H82: ='1'!H82+'2'!H82+'3'!H82+'4'!H82+'5'!H82+'6'!H82+'7'!H82+'8'!H82+'9'!H82+'10'!H82+'11'!H82+'12'!G82+'13'!H82+'14'!H82+'15'!H82+'16'!H82+'17'!H82+'18'!H82+'19'!G82+'20'!H82+'21'!H82+'22'!G82+'23'!H82+'24'!H82+'25'!H82+'26'!G82+'27'!H82+'28'!H82+'29'!H82 -> 0 | I82: ='1'!I82+'2'!I82+'3'!I82+'4'!I82+'5'!I82+'6'!I82+'7'!I82+'8'!I82+'9'!I82+'10'!I82+'11'!I82+'12'!H82+'13'!I82+'14'!I82+'15'!I82+'16'!I82+'17'!I82+'18'!I82+'19'!H82+'20'!I82+'21'!I82+'22'!H82+'23'!I82+'24'!I82+'25'!I82+'26'!H82+'27'!I82+'28'!I82+'29'!I82 -> 0 | J82: ='1'!J82+'2'!J82+'3'!J82+'4'!J82+'5'!J82+'6'!J82+'7'!J82+'8'!J82+'9'!J82+'10'!J82+'11'!J82+'12'!I82+'13'!J82+'14'!J82+'15'!J82+'16'!J82+'17'!J82+'18'!J82+'19'!I82+'20'!J82+'21'!J82+'22'!I82+'23'!J82+'24'!J82+'25'!J82+'26'!I82+'27'!J82+'28'!J82+'29'!J82 -> 0 | K82: ='1'!K82+'2'!K82+'3'!K82+'4'!K82+'5'!K82+'6'!K82+'7'!K82+'8'!K82+'9'!K82+'10'!K82+'11'!K82+'12'!J82+'13'!K82+'14'!K82+'15'!K82+'16'!K82+'17'!K82+'18'!K82+'19'!J82+'20'!K82+'21'!K82+'22'!J82+'23'!K82+'24'!K82+'25'!K82+'26'!J82+'27'!K82+'28'!K82+'29'!K82 -> 0 | L82: =SUM(D82:K82) -> 20 | Q82: 0
B83: 1111017 | C83: ชิฟฟอนไส้แยมรสบลูเบอร์รี่ล้วน 3 ชิ้น | D83: ='1'!D83+'2'!D83+'3'!D83+'4'!D83+'5'!D83+'6'!D83+'7'!D83+'8'!D83+'9'!D83+'10'!D83+'11'!D83+'12'!C83+'13'!D83+'14'!D83+'15'!D83+'16'!D83+'17'!D83+'18'!D83+'19'!C83+'20'!D83+'21'!D83+'22'!C83+'23'!D83+'24'!D83+'25'!D83+'26'!C83+'27'!D83+'28'!D83+'29'!D83 -> 0 | E83: ='1'!E83+'2'!E83+'3'!E83+'4'!E83+'5'!E83+'6'!E83+'7'!E83+'8'!E83+'9'!E83+'10'!E83+'11'!E83+'12'!D83+'13'!E83+'14'!E83+'15'!E83+'16'!E83+'17'!E83+'18'!E83+'19'!D83+'20'!E83+'21'!E83+'22'!D83+'23'!E83+'24'!E83+'25'!E83+'26'!D83+'27'!E83+'28'!E83+'29'!E83 -> 0 | F83: ='1'!F83+'2'!F83+'3'!F83+'4'!F83+'5'!F83+'6'!F83+'7'!F83+'8'!F83+'9'!F83+'10'!F83+'11'!F83+'12'!E83+'13'!F83+'14'!F83+'15'!F83+'16'!F83+'17'!F83+'18'!F83+'19'!E83+'20'!F83+'21'!F83+'22'!E83+'23'!F83+'24'!F83+'25'!F83+'26'!E83+'27'!F83+'28'!F83+'29'!F83 -> 0 | G83: ='1'!G83+'2'!G83+'3'!G83+'4'!G83+'5'!G83+'6'!G83+'7'!G83+'8'!G83+'9'!G83+'10'!G83+'11'!G83+'12'!F83+'13'!G83+'14'!G83+'15'!G83+'16'!G83+'17'!G83+'18'!G83+'19'!F83+'20'!G83+'21'!G83+'22'!F83+'23'!G83+'24'!G83+'25'!G83+'26'!F83+'27'!G83+'28'!G83+'29'!G83 -> 0 | H83: ='1'!H83+'2'!H83+'3'!H83+'4'!H83+'5'!H83+'6'!H83+'7'!H83+'8'!H83+'9'!H83+'10'!H83+'11'!H83+'12'!G83+'13'!H83+'14'!H83+'15'!H83+'16'!H83+'17'!H83+'18'!H83+'19'!G83+'20'!H83+'21'!H83+'22'!G83+'23'!H83+'24'!H83+'25'!H83+'26'!G83+'27'!H83+'28'!H83+'29'!H83 -> 0 | I83: ='1'!I83+'2'!I83+'3'!I83+'4'!I83+'5'!I83+'6'!I83+'7'!I83+'8'!I83+'9'!I83+'10'!I83+'11'!I83+'12'!H83+'13'!I83+'14'!I83+'15'!I83+'16'!I83+'17'!I83+'18'!I83+'19'!H83+'20'!I83+'21'!I83+'22'!H83+'23'!I83+'24'!I83+'25'!I83+'26'!H83+'27'!I83+'28'!I83+'29'!I83 -> 0 | J83: ='1'!J83+'2'!J83+'3'!J83+'4'!J83+'5'!J83+'6'!J83+'7'!J83+'8'!J83+'9'!J83+'10'!J83+'11'!J83+'12'!I83+'13'!J83+'14'!J83+'15'!J83+'16'!J83+'17'!J83+'18'!J83+'19'!I83+'20'!J83+'21'!J83+'22'!I83+'23'!J83+'24'!J83+'25'!J83+'26'!I83+'27'!J83+'28'!J83+'29'!J83 -> 0 | K83: ='1'!K83+'2'!K83+'3'!K83+'4'!K83+'5'!K83+'6'!K83+'7'!K83+'8'!K83+'9'!K83+'10'!K83+'11'!K83+'12'!J83+'13'!K83+'14'!K83+'15'!K83+'16'!K83+'17'!K83+'18'!K83+'19'!J83+'20'!K83+'21'!K83+'22'!J83+'23'!K83+'24'!K83+'25'!K83+'26'!J83+'27'!K83+'28'!K83+'29'!K83 -> 0 | L83: =SUM(D83:K83) -> 0 | Q83: 0
B84: 1111011 | C84: ชิฟฟอนไส้แยมรสนมชมพูฮอกไกโดล้วน 3 ชิ้น | D84: ='1'!D84+'2'!D84+'3'!D84+'4'!D84+'5'!D84+'6'!D84+'7'!D84+'8'!D84+'9'!D84+'10'!D84+'11'!D84+'12'!C84+'13'!D84+'14'!D84+'15'!D84+'16'!D84+'17'!D84+'18'!D84+'19'!C84+'20'!D84+'21'!D84+'22'!C84+'23'!D84+'24'!D84+'25'!D84+'26'!C84+'27'!D84+'28'!D84+'29'!D84 -> 0 | E84: ='1'!E84+'2'!E84+'3'!E84+'4'!E84+'5'!E84+'6'!E84+'7'!E84+'8'!E84+'9'!E84+'10'!E84+'11'!E84+'12'!D84+'13'!E84+'14'!E84+'15'!E84+'16'!E84+'17'!E84+'18'!E84+'19'!D84+'20'!E84+'21'!E84+'22'!D84+'23'!E84+'24'!E84+'25'!E84+'26'!D84+'27'!E84+'28'!E84+'29'!E84 -> 0 | F84: ='1'!F84+'2'!F84+'3'!F84+'4'!F84+'5'!F84+'6'!F84+'7'!F84+'8'!F84+'9'!F84+'10'!F84+'11'!F84+'12'!E84+'13'!F84+'14'!F84+'15'!F84+'16'!F84+'17'!F84+'18'!F84+'19'!E84+'20'!F84+'21'!F84+'22'!E84+'23'!F84+'24'!F84+'25'!F84+'26'!E84+'27'!F84+'28'!F84+'29'!F84 -> 0 | G84: ='1'!G84+'2'!G84+'3'!G84+'4'!G84+'5'!G84+'6'!G84+'7'!G84+'8'!G84+'9'!G84+'10'!G84+'11'!G84+'12'!F84+'13'!G84+'14'!G84+'15'!G84+'16'!G84+'17'!G84+'18'!G84+'19'!F84+'20'!G84+'21'!G84+'22'!F84+'23'!G84+'24'!G84+'25'!G84+'26'!F84+'27'!G84+'28'!G84+'29'!G84 -> 0 | H84: ='1'!H84+'2'!H84+'3'!H84+'4'!H84+'5'!H84+'6'!H84+'7'!H84+'8'!H84+'9'!H84+'10'!H84+'11'!H84+'12'!G84+'13'!H84+'14'!H84+'15'!H84+'16'!H84+'17'!H84+'18'!H84+'19'!G84+'20'!H84+'21'!H84+'22'!G84+'23'!H84+'24'!H84+'25'!H84+'26'!G84+'27'!H84+'28'!H84+'29'!H84 -> 0 | I84: ='1'!I84+'2'!I84+'3'!I84+'4'!I84+'5'!I84+'6'!I84+'7'!I84+'8'!I84+'9'!I84+'10'!I84+'11'!I84+'12'!H84+'13'!I84+'14'!I84+'15'!I84+'16'!I84+'17'!I84+'18'!I84+'19'!H84+'20'!I84+'21'!I84+'22'!H84+'23'!I84+'24'!I84+'25'!I84+'26'!H84+'27'!I84+'28'!I84+'29'!I84 -> 0 | J84: ='1'!J84+'2'!J84+'3'!J84+'4'!J84+'5'!J84+'6'!J84+'7'!J84+'8'!J84+'9'!J84+'10'!J84+'11'!J84+'12'!I84+'13'!J84+'14'!J84+'15'!J84+'16'!J84+'17'!J84+'18'!J84+'19'!I84+'20'!J84+'21'!J84+'22'!I84+'23'!J84+'24'!J84+'25'!J84+'26'!I84+'27'!J84+'28'!J84+'29'!J84 -> 0 | K84: ='1'!K84+'2'!K84+'3'!K84+'4'!K84+'5'!K84+'6'!K84+'7'!K84+'8'!K84+'9'!K84+'10'!K84+'11'!K84+'12'!J84+'13'!K84+'14'!K84+'15'!K84+'16'!K84+'17'!K84+'18'!K84+'19'!J84+'20'!K84+'21'!K84+'22'!J84+'23'!K84+'24'!K84+'25'!K84+'26'!J84+'27'!K84+'28'!K84+'29'!K84 -> 0 | L84: =SUM(D84:K84) -> 0 | Q84: 0
B85: 1111019 | C85: ชิฟฟอนไส้แยมฝอยทองไส้ทะลัก 3 ชิ้น | D85: ='1'!D85+'2'!D85+'3'!D85+'4'!D85+'5'!D85+'6'!D85+'7'!D85+'8'!D85+'9'!D85+'10'!D85+'11'!D85+'12'!C85+'13'!D85+'14'!D85+'15'!D85+'16'!D85+'17'!D85+'18'!D85+'19'!C85+'20'!D85+'21'!D85+'22'!C85+'23'!D85+'24'!D85+'25'!D85+'26'!C85+'27'!D85+'28'!D85+'29'!D85 -> 0 | E85: ='1'!E85+'2'!E85+'3'!E85+'4'!E85+'5'!E85+'6'!E85+'7'!E85+'8'!E85+'9'!E85+'10'!E85+'11'!E85+'12'!D85+'13'!E85+'14'!E85+'15'!E85+'16'!E85+'17'!E85+'18'!E85+'19'!D85+'20'!E85+'21'!E85+'22'!D85+'23'!E85+'24'!E85+'25'!E85+'26'!D85+'27'!E85+'28'!E85+'29'!E85 -> 0 | F85: ='1'!F85+'2'!F85+'3'!F85+'4'!F85+'5'!F85+'6'!F85+'7'!F85+'8'!F85+'9'!F85+'10'!F85+'11'!F85+'12'!E85+'13'!F85+'14'!F85+'15'!F85+'16'!F85+'17'!F85+'18'!F85+'19'!E85+'20'!F85+'21'!F85+'22'!E85+'23'!F85+'24'!F85+'25'!F85+'26'!E85+'27'!F85+'28'!F85+'29'!F85 -> 0 | G85: ='1'!G85+'2'!G85+'3'!G85+'4'!G85+'5'!G85+'6'!G85+'7'!G85+'8'!G85+'9'!G85+'10'!G85+'11'!G85+'12'!F85+'13'!G85+'14'!G85+'15'!G85+'16'!G85+'17'!G85+'18'!G85+'19'!F85+'20'!G85+'21'!G85+'22'!F85+'23'!G85+'24'!G85+'25'!G85+'26'!F85+'27'!G85+'28'!G85+'29'!G85 -> 0 | H85: ='1'!H85+'2'!H85+'3'!H85+'4'!H85+'5'!H85+'6'!H85+'7'!H85+'8'!H85+'9'!H85+'10'!H85+'11'!H85+'12'!G85+'13'!H85+'14'!H85+'15'!H85+'16'!H85+'17'!H85+'18'!H85+'19'!G85+'20'!H85+'21'!H85+'22'!G85+'23'!H85+'24'!H85+'25'!H85+'26'!G85+'27'!H85+'28'!H85+'29'!H85 -> 0 | I85: ='1'!I85+'2'!I85+'3'!I85+'4'!I85+'5'!I85+'6'!I85+'7'!I85+'8'!I85+'9'!I85+'10'!I85+'11'!I85+'12'!H85+'13'!I85+'14'!I85+'15'!I85+'16'!I85+'17'!I85+'18'!I85+'19'!H85+'20'!I85+'21'!I85+'22'!H85+'23'!I85+'24'!I85+'25'!I85+'26'!H85+'27'!I85+'28'!I85+'29'!I85 -> 0 | J85: ='1'!J85+'2'!J85+'3'!J85+'4'!J85+'5'!J85+'6'!J85+'7'!J85+'8'!J85+'9'!J85+'10'!J85+'11'!J85+'12'!I85+'13'!J85+'14'!J85+'15'!J85+'16'!J85+'17'!J85+'18'!J85+'19'!I85+'20'!J85+'21'!J85+'22'!I85+'23'!J85+'24'!J85+'25'!J85+'26'!I85+'27'!J85+'28'!J85+'29'!J85 -> 0 | K85: ='1'!K85+'2'!K85+'3'!K85+'4'!K85+'5'!K85+'6'!K85+'7'!K85+'8'!K85+'9'!K85+'10'!K85+'11'!K85+'12'!J85+'13'!K85+'14'!K85+'15'!K85+'16'!K85+'17'!K85+'18'!K85+'19'!J85+'20'!K85+'21'!K85+'22'!J85+'23'!K85+'24'!K85+'25'!K85+'26'!J85+'27'!K85+'28'!K85+'29'!K85 -> 0 | L85: =SUM(D85:K85) -> 0 | Q85: 0
B86: 1113081 | C86: ชิฟฟอนไส้แยม วนิลา/ใบเตย/เมล่อน | D86: ='1'!D86+'2'!D86+'3'!D86+'4'!D86+'5'!D86+'6'!D86+'7'!D86+'8'!D86+'9'!D86+'10'!D86+'11'!D86+'12'!C86+'13'!D86+'14'!D86+'15'!D86+'16'!D86+'17'!D86+'18'!D86+'19'!C86+'20'!D86+'21'!D86+'22'!C86+'23'!D86+'24'!D86+'25'!D86+'26'!C86+'27'!D86+'28'!D86+'29'!D86 -> 0 | E86: ='1'!E86+'2'!E86+'3'!E86+'4'!E86+'5'!E86+'6'!E86+'7'!E86+'8'!E86+'9'!E86+'10'!E86+'11'!E86+'12'!D86+'13'!E86+'14'!E86+'15'!E86+'16'!E86+'17'!E86+'18'!E86+'19'!D86+'20'!E86+'21'!E86+'22'!D86+'23'!E86+'24'!E86+'25'!E86+'26'!D86+'27'!E86+'28'!E86+'29'!E86 -> 0 | F86: ='1'!F86+'2'!F86+'3'!F86+'4'!F86+'5'!F86+'6'!F86+'7'!F86+'8'!F86+'9'!F86+'10'!F86+'11'!F86+'12'!E86+'13'!F86+'14'!F86+'15'!F86+'16'!F86+'17'!F86+'18'!F86+'19'!E86+'20'!F86+'21'!F86+'22'!E86+'23'!F86+'24'!F86+'25'!F86+'26'!E86+'27'!F86+'28'!F86+'29'!F86 -> 0 | G86: ='1'!G86+'2'!G86+'3'!G86+'4'!G86+'5'!G86+'6'!G86+'7'!G86+'8'!G86+'9'!G86+'10'!G86+'11'!G86+'12'!F86+'13'!G86+'14'!G86+'15'!G86+'16'!G86+'17'!G86+'18'!G86+'19'!F86+'20'!G86+'21'!G86+'22'!F86+'23'!G86+'24'!G86+'25'!G86+'26'!F86+'27'!G86+'28'!G86+'29'!G86 -> 0 | H86: ='1'!H86+'2'!H86+'3'!H86+'4'!H86+'5'!H86+'6'!H86+'7'!H86+'8'!H86+'9'!H86+'10'!H86+'11'!H86+'12'!G86+'13'!H86+'14'!H86+'15'!H86+'16'!H86+'17'!H86+'18'!H86+'19'!G86+'20'!H86+'21'!H86+'22'!G86+'23'!H86+'24'!H86+'25'!H86+'26'!G86+'27'!H86+'28'!H86+'29'!H86 -> 0 | I86: ='1'!I86+'2'!I86+'3'!I86+'4'!I86+'5'!I86+'6'!I86+'7'!I86+'8'!I86+'9'!I86+'10'!I86+'11'!I86+'12'!H86+'13'!I86+'14'!I86+'15'!I86+'16'!I86+'17'!I86+'18'!I86+'19'!H86+'20'!I86+'21'!I86+'22'!H86+'23'!I86+'24'!I86+'25'!I86+'26'!H86+'27'!I86+'28'!I86+'29'!I86 -> 0 | J86: ='1'!J86+'2'!J86+'3'!J86+'4'!J86+'5'!J86+'6'!J86+'7'!J86+'8'!J86+'9'!J86+'10'!J86+'11'!J86+'12'!I86+'13'!J86+'14'!J86+'15'!J86+'16'!J86+'17'!J86+'18'!J86+'19'!I86+'20'!J86+'21'!J86+'22'!I86+'23'!J86+'24'!J86+'25'!J86+'26'!I86+'27'!J86+'28'!J86+'29'!J86 -> 0 | K86: ='1'!K86+'2'!K86+'3'!K86+'4'!K86+'5'!K86+'6'!K86+'7'!K86+'8'!K86+'9'!K86+'10'!K86+'11'!K86+'12'!J86+'13'!K86+'14'!K86+'15'!K86+'16'!K86+'17'!K86+'18'!K86+'19'!J86+'20'!K86+'21'!K86+'22'!J86+'23'!K86+'24'!K86+'25'!K86+'26'!J86+'27'!K86+'28'!K86+'29'!K86 -> 0 | L86: =SUM(D86:K86) -> 0 | Q86: 0
B87: 1111008 | C87: ชิฟฟอนไส้แยมรวมรส 3 ชิ้น | D87: ='1'!D87+'2'!D87+'3'!D87+'4'!D87+'5'!D87+'6'!D87+'7'!D87+'8'!D87+'9'!D87+'10'!D87+'11'!D87+'12'!C87+'13'!D87+'14'!D87+'15'!D87+'16'!D87+'17'!D87+'18'!D87+'19'!C87+'20'!D87+'21'!D87+'22'!C87+'23'!D87+'24'!D87+'25'!D87+'26'!C87+'27'!D87+'28'!D87+'29'!D87 -> 297 | E87: ='1'!E87+'2'!E87+'3'!E87+'4'!E87+'5'!E87+'6'!E87+'7'!E87+'8'!E87+'9'!E87+'10'!E87+'11'!E87+'12'!D87+'13'!E87+'14'!E87+'15'!E87+'16'!E87+'17'!E87+'18'!E87+'19'!D87+'20'!E87+'21'!E87+'22'!D87+'23'!E87+'24'!E87+'25'!E87+'26'!D87+'27'!E87+'28'!E87+'29'!E87 -> 227 | F87: ='1'!F87+'2'!F87+'3'!F87+'4'!F87+'5'!F87+'6'!F87+'7'!F87+'8'!F87+'9'!F87+'10'!F87+'11'!F87+'12'!E87+'13'!F87+'14'!F87+'15'!F87+'16'!F87+'17'!F87+'18'!F87+'19'!E87+'20'!F87+'21'!F87+'22'!E87+'23'!F87+'24'!F87+'25'!F87+'26'!E87+'27'!F87+'28'!F87+'29'!F87 -> 26 | G87: ='1'!G87+'2'!G87+'3'!G87+'4'!G87+'5'!G87+'6'!G87+'7'!G87+'8'!G87+'9'!G87+'10'!G87+'11'!G87+'12'!F87+'13'!G87+'14'!G87+'15'!G87+'16'!G87+'17'!G87+'18'!G87+'19'!F87+'20'!G87+'21'!G87+'22'!F87+'23'!G87+'24'!G87+'25'!G87+'26'!F87+'27'!G87+'28'!G87+'29'!G87 -> 5287 | H87: ='1'!H87+'2'!H87+'3'!H87+'4'!H87+'5'!H87+'6'!H87+'7'!H87+'8'!H87+'9'!H87+'10'!H87+'11'!H87+'12'!G87+'13'!H87+'14'!H87+'15'!H87+'16'!H87+'17'!H87+'18'!H87+'19'!G87+'20'!H87+'21'!H87+'22'!G87+'23'!H87+'24'!H87+'25'!H87+'26'!G87+'27'!H87+'28'!H87+'29'!H87 -> 1089 | I87: ='1'!I87+'2'!I87+'3'!I87+'4'!I87+'5'!I87+'6'!I87+'7'!I87+'8'!I87+'9'!I87+'10'!I87+'11'!I87+'12'!H87+'13'!I87+'14'!I87+'15'!I87+'16'!I87+'17'!I87+'18'!I87+'19'!H87+'20'!I87+'21'!I87+'22'!H87+'23'!I87+'24'!I87+'25'!I87+'26'!H87+'27'!I87+'28'!I87+'29'!I87 -> 0 | J87: ='1'!J87+'2'!J87+'3'!J87+'4'!J87+'5'!J87+'6'!J87+'7'!J87+'8'!J87+'9'!J87+'10'!J87+'11'!J87+'12'!I87+'13'!J87+'14'!J87+'15'!J87+'16'!J87+'17'!J87+'18'!J87+'19'!I87+'20'!J87+'21'!J87+'22'!I87+'23'!J87+'24'!J87+'25'!J87+'26'!I87+'27'!J87+'28'!J87+'29'!J87 -> 0 | K87: ='1'!K87+'2'!K87+'3'!K87+'4'!K87+'5'!K87+'6'!K87+'7'!K87+'8'!K87+'9'!K87+'10'!K87+'11'!K87+'12'!J87+'13'!K87+'14'!K87+'15'!K87+'16'!K87+'17'!K87+'18'!K87+'19'!J87+'20'!K87+'21'!K87+'22'!J87+'23'!K87+'24'!K87+'25'!K87+'26'!J87+'27'!K87+'28'!K87+'29'!K87 -> 28 | L87: =SUM(D87:K87) -> 6954 | N87: 6 | Q87: 6
C88: รวม | L88: =SUM(L79:L87) -> 6994 | Q88: 0
B89: เบาหวิว ล 110 กรัม
B90: 1112009 | C90: มะพร้าว | D90: ='1'!D90+'2'!D90+'3'!D90+'4'!D90+'5'!D90+'6'!D90+'7'!D90+'8'!D90+'9'!D90+'10'!D90+'11'!D90+'12'!C90+'13'!D90+'14'!D90+'15'!D90+'16'!D90+'17'!D90+'18'!D90+'19'!C90+'20'!D90+'21'!D90+'22'!C90+'23'!D90+'24'!D90+'25'!D90+'26'!C90+'27'!D90+'28'!D90+'29'!D90 -> 211 | E90: ='1'!E90+'2'!E90+'3'!E90+'4'!E90+'5'!E90+'6'!E90+'7'!E90+'8'!E90+'9'!E90+'10'!E90+'11'!E90+'12'!D90+'13'!E90+'14'!E90+'15'!E90+'16'!E90+'17'!E90+'18'!E90+'19'!D90+'20'!E90+'21'!E90+'22'!D90+'23'!E90+'24'!E90+'25'!E90+'26'!D90+'27'!E90+'28'!E90+'29'!E90 -> 813 | F90: ='1'!F90+'2'!F90+'3'!F90+'4'!F90+'5'!F90+'6'!F90+'7'!F90+'8'!F90+'9'!F90+'10'!F90+'11'!F90+'12'!E90+'13'!F90+'14'!F90+'15'!F90+'16'!F90+'17'!F90+'18'!F90+'19'!E90+'20'!F90+'21'!F90+'22'!E90+'23'!F90+'24'!F90+'25'!F90+'26'!E90+'27'!F90+'28'!F90+'29'!F90 -> 462 | G90: ='1'!G90+'2'!G90+'3'!G90+'4'!G90+'5'!G90+'6'!G90+'7'!G90+'8'!G90+'9'!G90+'10'!G90+'11'!G90+'12'!F90+'13'!G90+'14'!G90+'15'!G90+'16'!G90+'17'!G90+'18'!G90+'19'!F90+'20'!G90+'21'!G90+'22'!F90+'23'!G90+'24'!G90+'25'!G90+'26'!F90+'27'!G90+'28'!G90+'29'!G90 -> 2480 | H90: ='1'!H90+'2'!H90+'3'!H90+'4'!H90+'5'!H90+'6'!H90+'7'!H90+'8'!H90+'9'!H90+'10'!H90+'11'!H90+'12'!G90+'13'!H90+'14'!H90+'15'!H90+'16'!H90+'17'!H90+'18'!H90+'19'!G90+'20'!H90+'21'!H90+'22'!G90+'23'!H90+'24'!H90+'25'!H90+'26'!G90+'27'!H90+'28'!H90+'29'!H90 -> 383 | I90: ='1'!I90+'2'!I90+'3'!I90+'4'!I90+'5'!I90+'6'!I90+'7'!I90+'8'!I90+'9'!I90+'10'!I90+'11'!I90+'12'!H90+'13'!I90+'14'!I90+'15'!I90+'16'!I90+'17'!I90+'18'!I90+'19'!H90+'20'!I90+'21'!I90+'22'!H90+'23'!I90+'24'!I90+'25'!I90+'26'!H90+'27'!I90+'28'!I90+'29'!I90 -> 0 | J90: ='1'!J90+'2'!J90+'3'!J90+'4'!J90+'5'!J90+'6'!J90+'7'!J90+'8'!J90+'9'!J90+'10'!J90+'11'!J90+'12'!I90+'13'!J90+'14'!J90+'15'!J90+'16'!J90+'17'!J90+'18'!J90+'19'!I90+'20'!J90+'21'!J90+'22'!I90+'23'!J90+'24'!J90+'25'!J90+'26'!I90+'27'!J90+'28'!J90+'29'!J90 -> 0 | K90: ='1'!K90+'2'!K90+'3'!K90+'4'!K90+'5'!K90+'6'!K90+'7'!K90+'8'!K90+'9'!K90+'10'!K90+'11'!K90+'12'!J90+'13'!K90+'14'!K90+'15'!K90+'16'!K90+'17'!K90+'18'!K90+'19'!J90+'20'!K90+'21'!K90+'22'!J90+'23'!K90+'24'!K90+'25'!K90+'26'!J90+'27'!K90+'28'!K90+'29'!K90 -> 51 | L90: =SUM(D90:K90) -> 4400 | Q90: 0
B91: 1112011 | C91: ฝอยทอง | D91: ='1'!D91+'2'!D91+'3'!D91+'4'!D91+'5'!D91+'6'!D91+'7'!D91+'8'!D91+'9'!D91+'10'!D91+'11'!D91+'12'!C91+'13'!D91+'14'!D91+'15'!D91+'16'!D91+'17'!D91+'18'!D91+'19'!C91+'20'!D91+'21'!D91+'22'!C91+'23'!D91+'24'!D91+'25'!D91+'26'!C91+'27'!D91+'28'!D91+'29'!D91 -> 319 | E91: ='1'!E91+'2'!E91+'3'!E91+'4'!E91+'5'!E91+'6'!E91+'7'!E91+'8'!E91+'9'!E91+'10'!E91+'11'!E91+'12'!D91+'13'!E91+'14'!E91+'15'!E91+'16'!E91+'17'!E91+'18'!E91+'19'!D91+'20'!E91+'21'!E91+'22'!D91+'23'!E91+'24'!E91+'25'!E91+'26'!D91+'27'!E91+'28'!E91+'29'!E91 -> 833 | F91: ='1'!F91+'2'!F91+'3'!F91+'4'!F91+'5'!F91+'6'!F91+'7'!F91+'8'!F91+'9'!F91+'10'!F91+'11'!F91+'12'!E91+'13'!F91+'14'!F91+'15'!F91+'16'!F91+'17'!F91+'18'!F91+'19'!E91+'20'!F91+'21'!F91+'22'!E91+'23'!F91+'24'!F91+'25'!F91+'26'!E91+'27'!F91+'28'!F91+'29'!F91 -> 604 | G91: ='1'!G91+'2'!G91+'3'!G91+'4'!G91+'5'!G91+'6'!G91+'7'!G91+'8'!G91+'9'!G91+'10'!G91+'11'!G91+'12'!F91+'13'!G91+'14'!G91+'15'!G91+'16'!G91+'17'!G91+'18'!G91+'19'!F91+'20'!G91+'21'!G91+'22'!F91+'23'!G91+'24'!G91+'25'!G91+'26'!F91+'27'!G91+'28'!G91+'29'!G91 -> 2461 | H91: ='1'!H91+'2'!H91+'3'!H91+'4'!H91+'5'!H91+'6'!H91+'7'!H91+'8'!H91+'9'!H91+'10'!H91+'11'!H91+'12'!G91+'13'!H91+'14'!H91+'15'!H91+'16'!H91+'17'!H91+'18'!H91+'19'!G91+'20'!H91+'21'!H91+'22'!G91+'23'!H91+'24'!H91+'25'!H91+'26'!G91+'27'!H91+'28'!H91+'29'!H91 -> 381 | I91: ='1'!I91+'2'!I91+'3'!I91+'4'!I91+'5'!I91+'6'!I91+'7'!I91+'8'!I91+'9'!I91+'10'!I91+'11'!I91+'12'!H91+'13'!I91+'14'!I91+'15'!I91+'16'!I91+'17'!I91+'18'!I91+'19'!H91+'20'!I91+'21'!I91+'22'!H91+'23'!I91+'24'!I91+'25'!I91+'26'!H91+'27'!I91+'28'!I91+'29'!I91 -> 0 | J91: ='1'!J91+'2'!J91+'3'!J91+'4'!J91+'5'!J91+'6'!J91+'7'!J91+'8'!J91+'9'!J91+'10'!J91+'11'!J91+'12'!I91+'13'!J91+'14'!J91+'15'!J91+'16'!J91+'17'!J91+'18'!J91+'19'!I91+'20'!J91+'21'!J91+'22'!I91+'23'!J91+'24'!J91+'25'!J91+'26'!I91+'27'!J91+'28'!J91+'29'!J91 -> 0 | K91: ='1'!K91+'2'!K91+'3'!K91+'4'!K91+'5'!K91+'6'!K91+'7'!K91+'8'!K91+'9'!K91+'10'!K91+'11'!K91+'12'!J91+'13'!K91+'14'!K91+'15'!K91+'16'!K91+'17'!K91+'18'!K91+'19'!J91+'20'!K91+'21'!K91+'22'!J91+'23'!K91+'24'!K91+'25'!K91+'26'!J91+'27'!K91+'28'!K91+'29'!K91 -> 67 | L91: =SUM(D91:K91) -> 4665 | Q91: 0
B92: 1112003 | C92: กาแฟ | D92: ='1'!D92+'2'!D92+'3'!D92+'4'!D92+'5'!D92+'6'!D92+'7'!D92+'8'!D92+'9'!D92+'10'!D92+'11'!D92+'12'!C92+'13'!D92+'14'!D92+'15'!D92+'16'!D92+'17'!D92+'18'!D92+'19'!C92+'20'!D92+'21'!D92+'22'!C92+'23'!D92+'24'!D92+'25'!D92+'26'!C92+'27'!D92+'28'!D92+'29'!D92 -> 193 | E92: ='1'!E92+'2'!E92+'3'!E92+'4'!E92+'5'!E92+'6'!E92+'7'!E92+'8'!E92+'9'!E92+'10'!E92+'11'!E92+'12'!D92+'13'!E92+'14'!E92+'15'!E92+'16'!E92+'17'!E92+'18'!E92+'19'!D92+'20'!E92+'21'!E92+'22'!D92+'23'!E92+'24'!E92+'25'!E92+'26'!D92+'27'!E92+'28'!E92+'29'!E92 -> 175 | F92: ='1'!F92+'2'!F92+'3'!F92+'4'!F92+'5'!F92+'6'!F92+'7'!F92+'8'!F92+'9'!F92+'10'!F92+'11'!F92+'12'!E92+'13'!F92+'14'!F92+'15'!F92+'16'!F92+'17'!F92+'18'!F92+'19'!E92+'20'!F92+'21'!F92+'22'!E92+'23'!F92+'24'!F92+'25'!F92+'26'!E92+'27'!F92+'28'!F92+'29'!F92 -> 46 | G92: ='1'!G92+'2'!G92+'3'!G92+'4'!G92+'5'!G92+'6'!G92+'7'!G92+'8'!G92+'9'!G92+'10'!G92+'11'!G92+'12'!F92+'13'!G92+'14'!G92+'15'!G92+'16'!G92+'17'!G92+'18'!G92+'19'!F92+'20'!G92+'21'!G92+'22'!F92+'23'!G92+'24'!G92+'25'!G92+'26'!F92+'27'!G92+'28'!G92+'29'!G92 -> 2149 | H92: ='1'!H92+'2'!H92+'3'!H92+'4'!H92+'5'!H92+'6'!H92+'7'!H92+'8'!H92+'9'!H92+'10'!H92+'11'!H92+'12'!G92+'13'!H92+'14'!H92+'15'!H92+'16'!H92+'17'!H92+'18'!H92+'19'!G92+'20'!H92+'21'!H92+'22'!G92+'23'!H92+'24'!H92+'25'!H92+'26'!G92+'27'!H92+'28'!H92+'29'!H92 -> 334 | I92: ='1'!I92+'2'!I92+'3'!I92+'4'!I92+'5'!I92+'6'!I92+'7'!I92+'8'!I92+'9'!I92+'10'!I92+'11'!I92+'12'!H92+'13'!I92+'14'!I92+'15'!I92+'16'!I92+'17'!I92+'18'!I92+'19'!H92+'20'!I92+'21'!I92+'22'!H92+'23'!I92+'24'!I92+'25'!I92+'26'!H92+'27'!I92+'28'!I92+'29'!I92 -> 0 | J92: ='1'!J92+'2'!J92+'3'!J92+'4'!J92+'5'!J92+'6'!J92+'7'!J92+'8'!J92+'9'!J92+'10'!J92+'11'!J92+'12'!I92+'13'!J92+'14'!J92+'15'!J92+'16'!J92+'17'!J92+'18'!J92+'19'!I92+'20'!J92+'21'!J92+'22'!I92+'23'!J92+'24'!J92+'25'!J92+'26'!I92+'27'!J92+'28'!J92+'29'!J92 -> 0 | K92: ='1'!K92+'2'!K92+'3'!K92+'4'!K92+'5'!K92+'6'!K92+'7'!K92+'8'!K92+'9'!K92+'10'!K92+'11'!K92+'12'!J92+'13'!K92+'14'!K92+'15'!K92+'16'!K92+'17'!K92+'18'!K92+'19'!J92+'20'!K92+'21'!K92+'22'!J92+'23'!K92+'24'!K92+'25'!K92+'26'!J92+'27'!K92+'28'!K92+'29'!K92 -> 15 | L92: =SUM(D92:K92) -> 2912 | N92: 5 | Q92: 0
B93: 1112005 | C93: เนยนม | D93: ='1'!D93+'2'!D93+'3'!D93+'4'!D93+'5'!D93+'6'!D93+'7'!D93+'8'!D93+'9'!D93+'10'!D93+'11'!D93+'12'!C93+'13'!D93+'14'!D93+'15'!D93+'16'!D93+'17'!D93+'18'!D93+'19'!C93+'20'!D93+'21'!D93+'22'!C93+'23'!D93+'24'!D93+'25'!D93+'26'!C93+'27'!D93+'28'!D93+'29'!D93 -> 210 | E93: ='1'!E93+'2'!E93+'3'!E93+'4'!E93+'5'!E93+'6'!E93+'7'!E93+'8'!E93+'9'!E93+'10'!E93+'11'!E93+'12'!D93+'13'!E93+'14'!E93+'15'!E93+'16'!E93+'17'!E93+'18'!E93+'19'!D93+'20'!E93+'21'!E93+'22'!D93+'23'!E93+'24'!E93+'25'!E93+'26'!D93+'27'!E93+'28'!E93+'29'!E93 -> 173 | F93: ='1'!F93+'2'!F93+'3'!F93+'4'!F93+'5'!F93+'6'!F93+'7'!F93+'8'!F93+'9'!F93+'10'!F93+'11'!F93+'12'!E93+'13'!F93+'14'!F93+'15'!F93+'16'!F93+'17'!F93+'18'!F93+'19'!E93+'20'!F93+'21'!F93+'22'!E93+'23'!F93+'24'!F93+'25'!F93+'26'!E93+'27'!F93+'28'!F93+'29'!F93 -> 40 | G93: ='1'!G93+'2'!G93+'3'!G93+'4'!G93+'5'!G93+'6'!G93+'7'!G93+'8'!G93+'9'!G93+'10'!G93+'11'!G93+'12'!F93+'13'!G93+'14'!G93+'15'!G93+'16'!G93+'17'!G93+'18'!G93+'19'!F93+'20'!G93+'21'!G93+'22'!F93+'23'!G93+'24'!G93+'25'!G93+'26'!F93+'27'!G93+'28'!G93+'29'!G93 -> 1935 | H93: ='1'!H93+'2'!H93+'3'!H93+'4'!H93+'5'!H93+'6'!H93+'7'!H93+'8'!H93+'9'!H93+'10'!H93+'11'!H93+'12'!G93+'13'!H93+'14'!H93+'15'!H93+'16'!H93+'17'!H93+'18'!H93+'19'!G93+'20'!H93+'21'!H93+'22'!G93+'23'!H93+'24'!H93+'25'!H93+'26'!G93+'27'!H93+'28'!H93+'29'!H93 -> 268 | I93: ='1'!I93+'2'!I93+'3'!I93+'4'!I93+'5'!I93+'6'!I93+'7'!I93+'8'!I93+'9'!I93+'10'!I93+'11'!I93+'12'!H93+'13'!I93+'14'!I93+'15'!I93+'16'!I93+'17'!I93+'18'!I93+'19'!H93+'20'!I93+'21'!I93+'22'!H93+'23'!I93+'24'!I93+'25'!I93+'26'!H93+'27'!I93+'28'!I93+'29'!I93 -> 0 | J93: ='1'!J93+'2'!J93+'3'!J93+'4'!J93+'5'!J93+'6'!J93+'7'!J93+'8'!J93+'9'!J93+'10'!J93+'11'!J93+'12'!I93+'13'!J93+'14'!J93+'15'!J93+'16'!J93+'17'!J93+'18'!J93+'19'!I93+'20'!J93+'21'!J93+'22'!I93+'23'!J93+'24'!J93+'25'!J93+'26'!I93+'27'!J93+'28'!J93+'29'!J93 -> 0 | K93: ='1'!K93+'2'!K93+'3'!K93+'4'!K93+'5'!K93+'6'!K93+'7'!K93+'8'!K93+'9'!K93+'10'!K93+'11'!K93+'12'!J93+'13'!K93+'14'!K93+'15'!K93+'16'!K93+'17'!K93+'18'!K93+'19'!J93+'20'!K93+'21'!K93+'22'!J93+'23'!K93+'24'!K93+'25'!K93+'26'!J93+'27'!K93+'28'!K93+'29'!K93 -> 27 | L93: =SUM(D93:K93) -> 2653 | N93: 2 | Q93: -2
B94: 1112007 | C94: ใบเตย | D94: ='1'!D94+'2'!D94+'3'!D94+'4'!D94+'5'!D94+'6'!D94+'7'!D94+'8'!D94+'9'!D94+'10'!D94+'11'!D94+'12'!C94+'13'!D94+'14'!D94+'15'!D94+'16'!D94+'17'!D94+'18'!D94+'19'!C94+'20'!D94+'21'!D94+'22'!C94+'23'!D94+'24'!D94+'25'!D94+'26'!C94+'27'!D94+'28'!D94+'29'!D94 -> 0 | E94: ='1'!E94+'2'!E94+'3'!E94+'4'!E94+'5'!E94+'6'!E94+'7'!E94+'8'!E94+'9'!E94+'10'!E94+'11'!E94+'12'!D94+'13'!E94+'14'!E94+'15'!E94+'16'!E94+'17'!E94+'18'!E94+'19'!D94+'20'!E94+'21'!E94+'22'!D94+'23'!E94+'24'!E94+'25'!E94+'26'!D94+'27'!E94+'28'!E94+'29'!E94 -> 0 | F94: ='1'!F94+'2'!F94+'3'!F94+'4'!F94+'5'!F94+'6'!F94+'7'!F94+'8'!F94+'9'!F94+'10'!F94+'11'!F94+'12'!E94+'13'!F94+'14'!F94+'15'!F94+'16'!F94+'17'!F94+'18'!F94+'19'!E94+'20'!F94+'21'!F94+'22'!E94+'23'!F94+'24'!F94+'25'!F94+'26'!E94+'27'!F94+'28'!F94+'29'!F94 -> 0 | G94: ='1'!G94+'2'!G94+'3'!G94+'4'!G94+'5'!G94+'6'!G94+'7'!G94+'8'!G94+'9'!G94+'10'!G94+'11'!G94+'12'!F94+'13'!G94+'14'!G94+'15'!G94+'16'!G94+'17'!G94+'18'!G94+'19'!F94+'20'!G94+'21'!G94+'22'!F94+'23'!G94+'24'!G94+'25'!G94+'26'!F94+'27'!G94+'28'!G94+'29'!G94 -> 0 | H94: ='1'!H94+'2'!H94+'3'!H94+'4'!H94+'5'!H94+'6'!H94+'7'!H94+'8'!H94+'9'!H94+'10'!H94+'11'!H94+'12'!G94+'13'!H94+'14'!H94+'15'!H94+'16'!H94+'17'!H94+'18'!H94+'19'!G94+'20'!H94+'21'!H94+'22'!G94+'23'!H94+'24'!H94+'25'!H94+'26'!G94+'27'!H94+'28'!H94+'29'!H94 -> 0 | I94: ='1'!I94+'2'!I94+'3'!I94+'4'!I94+'5'!I94+'6'!I94+'7'!I94+'8'!I94+'9'!I94+'10'!I94+'11'!I94+'12'!H94+'13'!I94+'14'!I94+'15'!I94+'16'!I94+'17'!I94+'18'!I94+'19'!H94+'20'!I94+'21'!I94+'22'!H94+'23'!I94+'24'!I94+'25'!I94+'26'!H94+'27'!I94+'28'!I94+'29'!I94 -> 0 | J94: ='1'!J94+'2'!J94+'3'!J94+'4'!J94+'5'!J94+'6'!J94+'7'!J94+'8'!J94+'9'!J94+'10'!J94+'11'!J94+'12'!I94+'13'!J94+'14'!J94+'15'!J94+'16'!J94+'17'!J94+'18'!J94+'19'!I94+'20'!J94+'21'!J94+'22'!I94+'23'!J94+'24'!J94+'25'!J94+'26'!I94+'27'!J94+'28'!J94+'29'!J94 -> 0 | K94: ='1'!K94+'2'!K94+'3'!K94+'4'!K94+'5'!K94+'6'!K94+'7'!K94+'8'!K94+'9'!K94+'10'!K94+'11'!K94+'12'!J94+'13'!K94+'14'!K94+'15'!K94+'16'!K94+'17'!K94+'18'!K94+'19'!J94+'20'!K94+'21'!K94+'22'!J94+'23'!K94+'24'!K94+'25'!K94+'26'!J94+'27'!K94+'28'!K94+'29'!K94 -> 0 | L94: =SUM(D94:K94) -> 0 | Q94: 0
B95: 1112019 | C95: ทุเรียน | D95: ='1'!D95+'2'!D95+'3'!D95+'4'!D95+'5'!D95+'6'!D95+'7'!D95+'8'!D95+'9'!D95+'10'!D95+'11'!D95+'12'!C95+'13'!D95+'14'!D95+'15'!D95+'16'!D95+'17'!D95+'18'!D95+'19'!C95+'20'!D95+'21'!D95+'22'!C95+'23'!D95+'24'!D95+'25'!D95+'26'!C95+'27'!D95+'28'!D95+'29'!D95 -> 0 | E95: ='1'!E95+'2'!E95+'3'!E95+'4'!E95+'5'!E95+'6'!E95+'7'!E95+'8'!E95+'9'!E95+'10'!E95+'11'!E95+'12'!D95+'13'!E95+'14'!E95+'15'!E95+'16'!E95+'17'!E95+'18'!E95+'19'!D95+'20'!E95+'21'!E95+'22'!D95+'23'!E95+'24'!E95+'25'!E95+'26'!D95+'27'!E95+'28'!E95+'29'!E95 -> 0 | F95: ='1'!F95+'2'!F95+'3'!F95+'4'!F95+'5'!F95+'6'!F95+'7'!F95+'8'!F95+'9'!F95+'10'!F95+'11'!F95+'12'!E95+'13'!F95+'14'!F95+'15'!F95+'16'!F95+'17'!F95+'18'!F95+'19'!E95+'20'!F95+'21'!F95+'22'!E95+'23'!F95+'24'!F95+'25'!F95+'26'!E95+'27'!F95+'28'!F95+'29'!F95 -> 0 | G95: ='1'!G95+'2'!G95+'3'!G95+'4'!G95+'5'!G95+'6'!G95+'7'!G95+'8'!G95+'9'!G95+'10'!G95+'11'!G95+'12'!F95+'13'!G95+'14'!G95+'15'!G95+'16'!G95+'17'!G95+'18'!G95+'19'!F95+'20'!G95+'21'!G95+'22'!F95+'23'!G95+'24'!G95+'25'!G95+'26'!F95+'27'!G95+'28'!G95+'29'!G95 -> 0 | H95: ='1'!H95+'2'!H95+'3'!H95+'4'!H95+'5'!H95+'6'!H95+'7'!H95+'8'!H95+'9'!H95+'10'!H95+'11'!H95+'12'!G95+'13'!H95+'14'!H95+'15'!H95+'16'!H95+'17'!H95+'18'!H95+'19'!G95+'20'!H95+'21'!H95+'22'!G95+'23'!H95+'24'!H95+'25'!H95+'26'!G95+'27'!H95+'28'!H95+'29'!H95 -> 0 | I95: ='1'!I95+'2'!I95+'3'!I95+'4'!I95+'5'!I95+'6'!I95+'7'!I95+'8'!I95+'9'!I95+'10'!I95+'11'!I95+'12'!H95+'13'!I95+'14'!I95+'15'!I95+'16'!I95+'17'!I95+'18'!I95+'19'!H95+'20'!I95+'21'!I95+'22'!H95+'23'!I95+'24'!I95+'25'!I95+'26'!H95+'27'!I95+'28'!I95+'29'!I95 -> 0 | J95: ='1'!J95+'2'!J95+'3'!J95+'4'!J95+'5'!J95+'6'!J95+'7'!J95+'8'!J95+'9'!J95+'10'!J95+'11'!J95+'12'!I95+'13'!J95+'14'!J95+'15'!J95+'16'!J95+'17'!J95+'18'!J95+'19'!I95+'20'!J95+'21'!J95+'22'!I95+'23'!J95+'24'!J95+'25'!J95+'26'!I95+'27'!J95+'28'!J95+'29'!J95 -> 0 | K95: ='1'!K95+'2'!K95+'3'!K95+'4'!K95+'5'!K95+'6'!K95+'7'!K95+'8'!K95+'9'!K95+'10'!K95+'11'!K95+'12'!J95+'13'!K95+'14'!K95+'15'!K95+'16'!K95+'17'!K95+'18'!K95+'19'!J95+'20'!K95+'21'!K95+'22'!J95+'23'!K95+'24'!K95+'25'!K95+'26'!J95+'27'!K95+'28'!K95+'29'!K95 -> 0 | L95: =SUM(D95:K95) -> 0 | Q95: 0
B96: 1112017 | C96: ตาลหอม | D96: ='1'!D96+'2'!D96+'3'!D96+'4'!D96+'5'!D96+'6'!D96+'7'!D96+'8'!D96+'9'!D96+'10'!D96+'11'!D96+'12'!C96+'13'!D96+'14'!D96+'15'!D96+'16'!D96+'17'!D96+'18'!D96+'19'!C96+'20'!D96+'21'!D96+'22'!C96+'23'!D96+'24'!D96+'25'!D96+'26'!C96+'27'!D96+'28'!D96+'29'!D96 -> 32 | E96: ='1'!E96+'2'!E96+'3'!E96+'4'!E96+'5'!E96+'6'!E96+'7'!E96+'8'!E96+'9'!E96+'10'!E96+'11'!E96+'12'!D96+'13'!E96+'14'!E96+'15'!E96+'16'!E96+'17'!E96+'18'!E96+'19'!D96+'20'!E96+'21'!E96+'22'!D96+'23'!E96+'24'!E96+'25'!E96+'26'!D96+'27'!E96+'28'!E96+'29'!E96 -> 0 | F96: ='1'!F96+'2'!F96+'3'!F96+'4'!F96+'5'!F96+'6'!F96+'7'!F96+'8'!F96+'9'!F96+'10'!F96+'11'!F96+'12'!E96+'13'!F96+'14'!F96+'15'!F96+'16'!F96+'17'!F96+'18'!F96+'19'!E96+'20'!F96+'21'!F96+'22'!E96+'23'!F96+'24'!F96+'25'!F96+'26'!E96+'27'!F96+'28'!F96+'29'!F96 -> 4 | G96: ='1'!G96+'2'!G96+'3'!G96+'4'!G96+'5'!G96+'6'!G96+'7'!G96+'8'!G96+'9'!G96+'10'!G96+'11'!G96+'12'!F96+'13'!G96+'14'!G96+'15'!G96+'16'!G96+'17'!G96+'18'!G96+'19'!F96+'20'!G96+'21'!G96+'22'!F96+'23'!G96+'24'!G96+'25'!G96+'26'!F96+'27'!G96+'28'!G96+'29'!G96 -> 417 | H96: ='1'!H96+'2'!H96+'3'!H96+'4'!H96+'5'!H96+'6'!H96+'7'!H96+'8'!H96+'9'!H96+'10'!H96+'11'!H96+'12'!G96+'13'!H96+'14'!H96+'15'!H96+'16'!H96+'17'!H96+'18'!H96+'19'!G96+'20'!H96+'21'!H96+'22'!G96+'23'!H96+'24'!H96+'25'!H96+'26'!G96+'27'!H96+'28'!H96+'29'!H96 -> 138 | I96: ='1'!I96+'2'!I96+'3'!I96+'4'!I96+'5'!I96+'6'!I96+'7'!I96+'8'!I96+'9'!I96+'10'!I96+'11'!I96+'12'!H96+'13'!I96+'14'!I96+'15'!I96+'16'!I96+'17'!I96+'18'!I96+'19'!H96+'20'!I96+'21'!I96+'22'!H96+'23'!I96+'24'!I96+'25'!I96+'26'!H96+'27'!I96+'28'!I96+'29'!I96 -> 0 | J96: ='1'!J96+'2'!J96+'3'!J96+'4'!J96+'5'!J96+'6'!J96+'7'!J96+'8'!J96+'9'!J96+'10'!J96+'11'!J96+'12'!I96+'13'!J96+'14'!J96+'15'!J96+'16'!J96+'17'!J96+'18'!J96+'19'!I96+'20'!J96+'21'!J96+'22'!I96+'23'!J96+'24'!J96+'25'!J96+'26'!I96+'27'!J96+'28'!J96+'29'!J96 -> 0 | K96: ='1'!K96+'2'!K96+'3'!K96+'4'!K96+'5'!K96+'6'!K96+'7'!K96+'8'!K96+'9'!K96+'10'!K96+'11'!K96+'12'!J96+'13'!K96+'14'!K96+'15'!K96+'16'!K96+'17'!K96+'18'!K96+'19'!J96+'20'!K96+'21'!K96+'22'!J96+'23'!K96+'24'!K96+'25'!K96+'26'!J96+'27'!K96+'28'!K96+'29'!K96 -> 0 | L96: =SUM(D96:K96) -> 591 | Q96: 0
B97: 1112015 | C97: กล้วยหอมมะพร้าวเผา | D97: ='1'!D97+'2'!D97+'3'!D97+'4'!D97+'5'!D97+'6'!D97+'7'!D97+'8'!D97+'9'!D97+'10'!D97+'11'!D97+'12'!C97+'13'!D97+'14'!D97+'15'!D97+'16'!D97+'17'!D97+'18'!D97+'19'!C97+'20'!D97+'21'!D97+'22'!C97+'23'!D97+'24'!D97+'25'!D97+'26'!C97+'27'!D97+'28'!D97+'29'!D97 -> 116 | E97: ='1'!E97+'2'!E97+'3'!E97+'4'!E97+'5'!E97+'6'!E97+'7'!E97+'8'!E97+'9'!E97+'10'!E97+'11'!E97+'12'!D97+'13'!E97+'14'!E97+'15'!E97+'16'!E97+'17'!E97+'18'!E97+'19'!D97+'20'!E97+'21'!E97+'22'!D97+'23'!E97+'24'!E97+'25'!E97+'26'!D97+'27'!E97+'28'!E97+'29'!E97 -> 170 | F97: ='1'!F97+'2'!F97+'3'!F97+'4'!F97+'5'!F97+'6'!F97+'7'!F97+'8'!F97+'9'!F97+'10'!F97+'11'!F97+'12'!E97+'13'!F97+'14'!F97+'15'!F97+'16'!F97+'17'!F97+'18'!F97+'19'!E97+'20'!F97+'21'!F97+'22'!E97+'23'!F97+'24'!F97+'25'!F97+'26'!E97+'27'!F97+'28'!F97+'29'!F97 -> 40 | G97: ='1'!G97+'2'!G97+'3'!G97+'4'!G97+'5'!G97+'6'!G97+'7'!G97+'8'!G97+'9'!G97+'10'!G97+'11'!G97+'12'!F97+'13'!G97+'14'!G97+'15'!G97+'16'!G97+'17'!G97+'18'!G97+'19'!F97+'20'!G97+'21'!G97+'22'!F97+'23'!G97+'24'!G97+'25'!G97+'26'!F97+'27'!G97+'28'!G97+'29'!G97 -> 2046 | H97: ='1'!H97+'2'!H97+'3'!H97+'4'!H97+'5'!H97+'6'!H97+'7'!H97+'8'!H97+'9'!H97+'10'!H97+'11'!H97+'12'!G97+'13'!H97+'14'!H97+'15'!H97+'16'!H97+'17'!H97+'18'!H97+'19'!G97+'20'!H97+'21'!H97+'22'!G97+'23'!H97+'24'!H97+'25'!H97+'26'!G97+'27'!H97+'28'!H97+'29'!H97 -> 335 | I97: ='1'!I97+'2'!I97+'3'!I97+'4'!I97+'5'!I97+'6'!I97+'7'!I97+'8'!I97+'9'!I97+'10'!I97+'11'!I97+'12'!H97+'13'!I97+'14'!I97+'15'!I97+'16'!I97+'17'!I97+'18'!I97+'19'!H97+'20'!I97+'21'!I97+'22'!H97+'23'!I97+'24'!I97+'25'!I97+'26'!H97+'27'!I97+'28'!I97+'29'!I97 -> 0 | J97: ='1'!J97+'2'!J97+'3'!J97+'4'!J97+'5'!J97+'6'!J97+'7'!J97+'8'!J97+'9'!J97+'10'!J97+'11'!J97+'12'!I97+'13'!J97+'14'!J97+'15'!J97+'16'!J97+'17'!J97+'18'!J97+'19'!I97+'20'!J97+'21'!J97+'22'!I97+'23'!J97+'24'!J97+'25'!J97+'26'!I97+'27'!J97+'28'!J97+'29'!J97 -> 0 | K97: ='1'!K97+'2'!K97+'3'!K97+'4'!K97+'5'!K97+'6'!K97+'7'!K97+'8'!K97+'9'!K97+'10'!K97+'11'!K97+'12'!J97+'13'!K97+'14'!K97+'15'!K97+'16'!K97+'17'!K97+'18'!K97+'19'!J97+'20'!K97+'21'!K97+'22'!J97+'23'!K97+'24'!K97+'25'!K97+'26'!J97+'27'!K97+'28'!K97+'29'!K97 -> 11 | L97: =SUM(D97:K97) -> 2718 | Q97: 0
B98: 1112013 | C98: เผือกมะพร้าวอ่อน | D98: ='1'!D98+'2'!D98+'3'!D98+'4'!D98+'5'!D98+'6'!D98+'7'!D98+'8'!D98+'9'!D98+'10'!D98+'11'!D98+'12'!C98+'13'!D98+'14'!D98+'15'!D98+'16'!D98+'17'!D98+'18'!D98+'19'!C98+'20'!D98+'21'!D98+'22'!C98+'23'!D98+'24'!D98+'25'!D98+'26'!C98+'27'!D98+'28'!D98+'29'!D98 -> 201 | E98: ='1'!E98+'2'!E98+'3'!E98+'4'!E98+'5'!E98+'6'!E98+'7'!E98+'8'!E98+'9'!E98+'10'!E98+'11'!E98+'12'!D98+'13'!E98+'14'!E98+'15'!E98+'16'!E98+'17'!E98+'18'!E98+'19'!D98+'20'!E98+'21'!E98+'22'!D98+'23'!E98+'24'!E98+'25'!E98+'26'!D98+'27'!E98+'28'!E98+'29'!E98 -> 905 | F98: ='1'!F98+'2'!F98+'3'!F98+'4'!F98+'5'!F98+'6'!F98+'7'!F98+'8'!F98+'9'!F98+'10'!F98+'11'!F98+'12'!E98+'13'!F98+'14'!F98+'15'!F98+'16'!F98+'17'!F98+'18'!F98+'19'!E98+'20'!F98+'21'!F98+'22'!E98+'23'!F98+'24'!F98+'25'!F98+'26'!E98+'27'!F98+'28'!F98+'29'!F98 -> 442 | G98: ='1'!G98+'2'!G98+'3'!G98+'4'!G98+'5'!G98+'6'!G98+'7'!G98+'8'!G98+'9'!G98+'10'!G98+'11'!G98+'12'!F98+'13'!G98+'14'!G98+'15'!G98+'16'!G98+'17'!G98+'18'!G98+'19'!F98+'20'!G98+'21'!G98+'22'!F98+'23'!G98+'24'!G98+'25'!G98+'26'!F98+'27'!G98+'28'!G98+'29'!G98 -> 2509 | H98: ='1'!H98+'2'!H98+'3'!H98+'4'!H98+'5'!H98+'6'!H98+'7'!H98+'8'!H98+'9'!H98+'10'!H98+'11'!H98+'12'!G98+'13'!H98+'14'!H98+'15'!H98+'16'!H98+'17'!H98+'18'!H98+'19'!G98+'20'!H98+'21'!H98+'22'!G98+'23'!H98+'24'!H98+'25'!H98+'26'!G98+'27'!H98+'28'!H98+'29'!H98 -> 393 | I98: ='1'!I98+'2'!I98+'3'!I98+'4'!I98+'5'!I98+'6'!I98+'7'!I98+'8'!I98+'9'!I98+'10'!I98+'11'!I98+'12'!H98+'13'!I98+'14'!I98+'15'!I98+'16'!I98+'17'!I98+'18'!I98+'19'!H98+'20'!I98+'21'!I98+'22'!H98+'23'!I98+'24'!I98+'25'!I98+'26'!H98+'27'!I98+'28'!I98+'29'!I98 -> 0 | J98: ='1'!J98+'2'!J98+'3'!J98+'4'!J98+'5'!J98+'6'!J98+'7'!J98+'8'!J98+'9'!J98+'10'!J98+'11'!J98+'12'!I98+'13'!J98+'14'!J98+'15'!J98+'16'!J98+'17'!J98+'18'!J98+'19'!I98+'20'!J98+'21'!J98+'22'!I98+'23'!J98+'24'!J98+'25'!J98+'26'!I98+'27'!J98+'28'!J98+'29'!J98 -> 0 | K98: ='1'!K98+'2'!K98+'3'!K98+'4'!K98+'5'!K98+'6'!K98+'7'!K98+'8'!K98+'9'!K98+'10'!K98+'11'!K98+'12'!J98+'13'!K98+'14'!K98+'15'!K98+'16'!K98+'17'!K98+'18'!K98+'19'!J98+'20'!K98+'21'!K98+'22'!J98+'23'!K98+'24'!K98+'25'!K98+'26'!J98+'27'!K98+'28'!K98+'29'!K98 -> 56 | L98: =SUM(D98:K98) -> 4506 | Q98: 0
B99: 1124043 | C99: เบาหวิว คละรส | D99: ='1'!D99+'2'!D99+'3'!D99+'4'!D99+'5'!D99+'6'!D99+'7'!D99+'8'!D99+'9'!D99+'10'!D99+'11'!D99+'12'!C99+'13'!D99+'14'!D99+'15'!D99+'16'!D99+'17'!D99+'18'!D99+'19'!C99+'20'!D99+'21'!D99+'22'!C99+'23'!D99+'24'!D99+'25'!D99+'26'!C99+'27'!D99+'28'!D99+'29'!D99 -> 0 | E99: ='1'!E99+'2'!E99+'3'!E99+'4'!E99+'5'!E99+'6'!E99+'7'!E99+'8'!E99+'9'!E99+'10'!E99+'11'!E99+'12'!D99+'13'!E99+'14'!E99+'15'!E99+'16'!E99+'17'!E99+'18'!E99+'19'!D99+'20'!E99+'21'!E99+'22'!D99+'23'!E99+'24'!E99+'25'!E99+'26'!D99+'27'!E99+'28'!E99+'29'!E99 -> 0 | F99: ='1'!F99+'2'!F99+'3'!F99+'4'!F99+'5'!F99+'6'!F99+'7'!F99+'8'!F99+'9'!F99+'10'!F99+'11'!F99+'12'!E99+'13'!F99+'14'!F99+'15'!F99+'16'!F99+'17'!F99+'18'!F99+'19'!E99+'20'!F99+'21'!F99+'22'!E99+'23'!F99+'24'!F99+'25'!F99+'26'!E99+'27'!F99+'28'!F99+'29'!F99 -> 0 | G99: ='1'!G99+'2'!G99+'3'!G99+'4'!G99+'5'!G99+'6'!G99+'7'!G99+'8'!G99+'9'!G99+'10'!G99+'11'!G99+'12'!F99+'13'!G99+'14'!G99+'15'!G99+'16'!G99+'17'!G99+'18'!G99+'19'!F99+'20'!G99+'21'!G99+'22'!F99+'23'!G99+'24'!G99+'25'!G99+'26'!F99+'27'!G99+'28'!G99+'29'!G99 -> 0 | H99: ='1'!H99+'2'!H99+'3'!H99+'4'!H99+'5'!H99+'6'!H99+'7'!H99+'8'!H99+'9'!H99+'10'!H99+'11'!H99+'12'!G99+'13'!H99+'14'!H99+'15'!H99+'16'!H99+'17'!H99+'18'!H99+'19'!G99+'20'!H99+'21'!H99+'22'!G99+'23'!H99+'24'!H99+'25'!H99+'26'!G99+'27'!H99+'28'!H99+'29'!H99 -> 0 | I99: ='1'!I99+'2'!I99+'3'!I99+'4'!I99+'5'!I99+'6'!I99+'7'!I99+'8'!I99+'9'!I99+'10'!I99+'11'!I99+'12'!H99+'13'!I99+'14'!I99+'15'!I99+'16'!I99+'17'!I99+'18'!I99+'19'!H99+'20'!I99+'21'!I99+'22'!H99+'23'!I99+'24'!I99+'25'!I99+'26'!H99+'27'!I99+'28'!I99+'29'!I99 -> 0 | J99: ='1'!J99+'2'!J99+'3'!J99+'4'!J99+'5'!J99+'6'!J99+'7'!J99+'8'!J99+'9'!J99+'10'!J99+'11'!J99+'12'!I99+'13'!J99+'14'!J99+'15'!J99+'16'!J99+'17'!J99+'18'!J99+'19'!I99+'20'!J99+'21'!J99+'22'!I99+'23'!J99+'24'!J99+'25'!J99+'26'!I99+'27'!J99+'28'!J99+'29'!J99 -> 0 | K99: ='1'!K99+'2'!K99+'3'!K99+'4'!K99+'5'!K99+'6'!K99+'7'!K99+'8'!K99+'9'!K99+'10'!K99+'11'!K99+'12'!J99+'13'!K99+'14'!K99+'15'!K99+'16'!K99+'17'!K99+'18'!K99+'19'!J99+'20'!K99+'21'!K99+'22'!J99+'23'!K99+'24'!K99+'25'!K99+'26'!J99+'27'!K99+'28'!K99+'29'!K99 -> 0 | L99: =SUM(D99:K99) -> 0 | Q99: 0
C100: รวม | L100: =SUM(L90:L99) -> 22445 | Q100: -2
B101: เบาหวิว ญ 300 กรัม
B102: 1112008 | C102: มะพร้าว | D102: ='1'!D102+'2'!D102+'3'!D102+'4'!D102+'5'!D102+'6'!D102+'7'!D102+'8'!D102+'9'!D102+'10'!D102+'11'!D102+'12'!C102+'13'!D102+'14'!D102+'15'!D102+'16'!D102+'17'!D102+'18'!D102+'19'!C102+'20'!D102+'21'!D102+'22'!C102+'23'!D102+'24'!D102+'25'!D102+'26'!C102+'27'!D102+'28'!D102+'29'!D102 -> 0 | E102: ='1'!E102+'2'!E102+'3'!E102+'4'!E102+'5'!E102+'6'!E102+'7'!E102+'8'!E102+'9'!E102+'10'!E102+'11'!E102+'12'!D102+'13'!E102+'14'!E102+'15'!E102+'16'!E102+'17'!E102+'18'!E102+'19'!D102+'20'!E102+'21'!E102+'22'!D102+'23'!E102+'24'!E102+'25'!E102+'26'!D102+'27'!E102+'28'!E102+'29'!E102 -> 0 | F102: ='1'!F102+'2'!F102+'3'!F102+'4'!F102+'5'!F102+'6'!F102+'7'!F102+'8'!F102+'9'!F102+'10'!F102+'11'!F102+'12'!E102+'13'!F102+'14'!F102+'15'!F102+'16'!F102+'17'!F102+'18'!F102+'19'!E102+'20'!F102+'21'!F102+'22'!E102+'23'!F102+'24'!F102+'25'!F102+'26'!E102+'27'!F102+'28'!F102+'29'!F102 -> 0 | G102: ='1'!G102+'2'!G102+'3'!G102+'4'!G102+'5'!G102+'6'!G102+'7'!G102+'8'!G102+'9'!G102+'10'!G102+'11'!G102+'12'!F102+'13'!G102+'14'!G102+'15'!G102+'16'!G102+'17'!G102+'18'!G102+'19'!F102+'20'!G102+'21'!G102+'22'!F102+'23'!G102+'24'!G102+'25'!G102+'26'!F102+'27'!G102+'28'!G102+'29'!G102 -> 0 | H102: ='1'!H102+'2'!H102+'3'!H102+'4'!H102+'5'!H102+'6'!H102+'7'!H102+'8'!H102+'9'!H102+'10'!H102+'11'!H102+'12'!G102+'13'!H102+'14'!H102+'15'!H102+'16'!H102+'17'!H102+'18'!H102+'19'!G102+'20'!H102+'21'!H102+'22'!G102+'23'!H102+'24'!H102+'25'!H102+'26'!G102+'27'!H102+'28'!H102+'29'!H102 -> 0 | I102: ='1'!I102+'2'!I102+'3'!I102+'4'!I102+'5'!I102+'6'!I102+'7'!I102+'8'!I102+'9'!I102+'10'!I102+'11'!I102+'12'!H102+'13'!I102+'14'!I102+'15'!I102+'16'!I102+'17'!I102+'18'!I102+'19'!H102+'20'!I102+'21'!I102+'22'!H102+'23'!I102+'24'!I102+'25'!I102+'26'!H102+'27'!I102+'28'!I102+'29'!I102 -> 0 | J102: ='1'!J102+'2'!J102+'3'!J102+'4'!J102+'5'!J102+'6'!J102+'7'!J102+'8'!J102+'9'!J102+'10'!J102+'11'!J102+'12'!I102+'13'!J102+'14'!J102+'15'!J102+'16'!J102+'17'!J102+'18'!J102+'19'!I102+'20'!J102+'21'!J102+'22'!I102+'23'!J102+'24'!J102+'25'!J102+'26'!I102+'27'!J102+'28'!J102+'29'!J102 -> 0 | K102: ='1'!K102+'2'!K102+'3'!K102+'4'!K102+'5'!K102+'6'!K102+'7'!K102+'8'!K102+'9'!K102+'10'!K102+'11'!K102+'12'!J102+'13'!K102+'14'!K102+'15'!K102+'16'!K102+'17'!K102+'18'!K102+'19'!J102+'20'!K102+'21'!K102+'22'!J102+'23'!K102+'24'!K102+'25'!K102+'26'!J102+'27'!K102+'28'!K102+'29'!K102 -> 0 | L102: =SUM(D102:K102) -> 0 | Q102: 0
B103: 1112010 | C103: ฝอยทอง | D103: ='1'!D103+'2'!D103+'3'!D103+'4'!D103+'5'!D103+'6'!D103+'7'!D103+'8'!D103+'9'!D103+'10'!D103+'11'!D103+'12'!C103+'13'!D103+'14'!D103+'15'!D103+'16'!D103+'17'!D103+'18'!D103+'19'!C103+'20'!D103+'21'!D103+'22'!C103+'23'!D103+'24'!D103+'25'!D103+'26'!C103+'27'!D103+'28'!D103+'29'!D103 -> 0 | E103: ='1'!E103+'2'!E103+'3'!E103+'4'!E103+'5'!E103+'6'!E103+'7'!E103+'8'!E103+'9'!E103+'10'!E103+'11'!E103+'12'!D103+'13'!E103+'14'!E103+'15'!E103+'16'!E103+'17'!E103+'18'!E103+'19'!D103+'20'!E103+'21'!E103+'22'!D103+'23'!E103+'24'!E103+'25'!E103+'26'!D103+'27'!E103+'28'!E103+'29'!E103 -> 0 | F103: ='1'!F103+'2'!F103+'3'!F103+'4'!F103+'5'!F103+'6'!F103+'7'!F103+'8'!F103+'9'!F103+'10'!F103+'11'!F103+'12'!E103+'13'!F103+'14'!F103+'15'!F103+'16'!F103+'17'!F103+'18'!F103+'19'!E103+'20'!F103+'21'!F103+'22'!E103+'23'!F103+'24'!F103+'25'!F103+'26'!E103+'27'!F103+'28'!F103+'29'!F103 -> 0 | G103: ='1'!G103+'2'!G103+'3'!G103+'4'!G103+'5'!G103+'6'!G103+'7'!G103+'8'!G103+'9'!G103+'10'!G103+'11'!G103+'12'!F103+'13'!G103+'14'!G103+'15'!G103+'16'!G103+'17'!G103+'18'!G103+'19'!F103+'20'!G103+'21'!G103+'22'!F103+'23'!G103+'24'!G103+'25'!G103+'26'!F103+'27'!G103+'28'!G103+'29'!G103 -> 0 | H103: ='1'!H103+'2'!H103+'3'!H103+'4'!H103+'5'!H103+'6'!H103+'7'!H103+'8'!H103+'9'!H103+'10'!H103+'11'!H103+'12'!G103+'13'!H103+'14'!H103+'15'!H103+'16'!H103+'17'!H103+'18'!H103+'19'!G103+'20'!H103+'21'!H103+'22'!G103+'23'!H103+'24'!H103+'25'!H103+'26'!G103+'27'!H103+'28'!H103+'29'!H103 -> 0 | I103: ='1'!I103+'2'!I103+'3'!I103+'4'!I103+'5'!I103+'6'!I103+'7'!I103+'8'!I103+'9'!I103+'10'!I103+'11'!I103+'12'!H103+'13'!I103+'14'!I103+'15'!I103+'16'!I103+'17'!I103+'18'!I103+'19'!H103+'20'!I103+'21'!I103+'22'!H103+'23'!I103+'24'!I103+'25'!I103+'26'!H103+'27'!I103+'28'!I103+'29'!I103 -> 0 | J103: ='1'!J103+'2'!J103+'3'!J103+'4'!J103+'5'!J103+'6'!J103+'7'!J103+'8'!J103+'9'!J103+'10'!J103+'11'!J103+'12'!I103+'13'!J103+'14'!J103+'15'!J103+'16'!J103+'17'!J103+'18'!J103+'19'!I103+'20'!J103+'21'!J103+'22'!I103+'23'!J103+'24'!J103+'25'!J103+'26'!I103+'27'!J103+'28'!J103+'29'!J103 -> 0 | K103: ='1'!K103+'2'!K103+'3'!K103+'4'!K103+'5'!K103+'6'!K103+'7'!K103+'8'!K103+'9'!K103+'10'!K103+'11'!K103+'12'!J103+'13'!K103+'14'!K103+'15'!K103+'16'!K103+'17'!K103+'18'!K103+'19'!J103+'20'!K103+'21'!K103+'22'!J103+'23'!K103+'24'!K103+'25'!K103+'26'!J103+'27'!K103+'28'!K103+'29'!K103 -> 0 | L103: =SUM(D103:K103) -> 0 | Q103: 0
B104: 1112002 | C104: กาแฟ | D104: ='1'!D104+'2'!D104+'3'!D104+'4'!D104+'5'!D104+'6'!D104+'7'!D104+'8'!D104+'9'!D104+'10'!D104+'11'!D104+'12'!C104+'13'!D104+'14'!D104+'15'!D104+'16'!D104+'17'!D104+'18'!D104+'19'!C104+'20'!D104+'21'!D104+'22'!C104+'23'!D104+'24'!D104+'25'!D104+'26'!C104+'27'!D104+'28'!D104+'29'!D104 -> 0 | E104: ='1'!E104+'2'!E104+'3'!E104+'4'!E104+'5'!E104+'6'!E104+'7'!E104+'8'!E104+'9'!E104+'10'!E104+'11'!E104+'12'!D104+'13'!E104+'14'!E104+'15'!E104+'16'!E104+'17'!E104+'18'!E104+'19'!D104+'20'!E104+'21'!E104+'22'!D104+'23'!E104+'24'!E104+'25'!E104+'26'!D104+'27'!E104+'28'!E104+'29'!E104 -> 0 | F104: ='1'!F104+'2'!F104+'3'!F104+'4'!F104+'5'!F104+'6'!F104+'7'!F104+'8'!F104+'9'!F104+'10'!F104+'11'!F104+'12'!E104+'13'!F104+'14'!F104+'15'!F104+'16'!F104+'17'!F104+'18'!F104+'19'!E104+'20'!F104+'21'!F104+'22'!E104+'23'!F104+'24'!F104+'25'!F104+'26'!E104+'27'!F104+'28'!F104+'29'!F104 -> 0 | G104: ='1'!G104+'2'!G104+'3'!G104+'4'!G104+'5'!G104+'6'!G104+'7'!G104+'8'!G104+'9'!G104+'10'!G104+'11'!G104+'12'!F104+'13'!G104+'14'!G104+'15'!G104+'16'!G104+'17'!G104+'18'!G104+'19'!F104+'20'!G104+'21'!G104+'22'!F104+'23'!G104+'24'!G104+'25'!G104+'26'!F104+'27'!G104+'28'!G104+'29'!G104 -> 0 | H104: ='1'!H104+'2'!H104+'3'!H104+'4'!H104+'5'!H104+'6'!H104+'7'!H104+'8'!H104+'9'!H104+'10'!H104+'11'!H104+'12'!G104+'13'!H104+'14'!H104+'15'!H104+'16'!H104+'17'!H104+'18'!H104+'19'!G104+'20'!H104+'21'!H104+'22'!G104+'23'!H104+'24'!H104+'25'!H104+'26'!G104+'27'!H104+'28'!H104+'29'!H104 -> 0 | I104: ='1'!I104+'2'!I104+'3'!I104+'4'!I104+'5'!I104+'6'!I104+'7'!I104+'8'!I104+'9'!I104+'10'!I104+'11'!I104+'12'!H104+'13'!I104+'14'!I104+'15'!I104+'16'!I104+'17'!I104+'18'!I104+'19'!H104+'20'!I104+'21'!I104+'22'!H104+'23'!I104+'24'!I104+'25'!I104+'26'!H104+'27'!I104+'28'!I104+'29'!I104 -> 0 | J104: ='1'!J104+'2'!J104+'3'!J104+'4'!J104+'5'!J104+'6'!J104+'7'!J104+'8'!J104+'9'!J104+'10'!J104+'11'!J104+'12'!I104+'13'!J104+'14'!J104+'15'!J104+'16'!J104+'17'!J104+'18'!J104+'19'!I104+'20'!J104+'21'!J104+'22'!I104+'23'!J104+'24'!J104+'25'!J104+'26'!I104+'27'!J104+'28'!J104+'29'!J104 -> 0 | K104: ='1'!K104+'2'!K104+'3'!K104+'4'!K104+'5'!K104+'6'!K104+'7'!K104+'8'!K104+'9'!K104+'10'!K104+'11'!K104+'12'!J104+'13'!K104+'14'!K104+'15'!K104+'16'!K104+'17'!K104+'18'!K104+'19'!J104+'20'!K104+'21'!K104+'22'!J104+'23'!K104+'24'!K104+'25'!K104+'26'!J104+'27'!K104+'28'!K104+'29'!K104 -> 0 | L104: =SUM(D104:K104) -> 0 | Q104: 0
B105: 1112004 | C105: เนยนม | D105: ='1'!D105+'2'!D105+'3'!D105+'4'!D105+'5'!D105+'6'!D105+'7'!D105+'8'!D105+'9'!D105+'10'!D105+'11'!D105+'12'!C105+'13'!D105+'14'!D105+'15'!D105+'16'!D105+'17'!D105+'18'!D105+'19'!C105+'20'!D105+'21'!D105+'22'!C105+'23'!D105+'24'!D105+'25'!D105+'26'!C105+'27'!D105+'28'!D105+'29'!D105 -> 0 | E105: ='1'!E105+'2'!E105+'3'!E105+'4'!E105+'5'!E105+'6'!E105+'7'!E105+'8'!E105+'9'!E105+'10'!E105+'11'!E105+'12'!D105+'13'!E105+'14'!E105+'15'!E105+'16'!E105+'17'!E105+'18'!E105+'19'!D105+'20'!E105+'21'!E105+'22'!D105+'23'!E105+'24'!E105+'25'!E105+'26'!D105+'27'!E105+'28'!E105+'29'!E105 -> 0 | F105: ='1'!F105+'2'!F105+'3'!F105+'4'!F105+'5'!F105+'6'!F105+'7'!F105+'8'!F105+'9'!F105+'10'!F105+'11'!F105+'12'!E105+'13'!F105+'14'!F105+'15'!F105+'16'!F105+'17'!F105+'18'!F105+'19'!E105+'20'!F105+'21'!F105+'22'!E105+'23'!F105+'24'!F105+'25'!F105+'26'!E105+'27'!F105+'28'!F105+'29'!F105 -> 0 | G105: ='1'!G105+'2'!G105+'3'!G105+'4'!G105+'5'!G105+'6'!G105+'7'!G105+'8'!G105+'9'!G105+'10'!G105+'11'!G105+'12'!F105+'13'!G105+'14'!G105+'15'!G105+'16'!G105+'17'!G105+'18'!G105+'19'!F105+'20'!G105+'21'!G105+'22'!F105+'23'!G105+'24'!G105+'25'!G105+'26'!F105+'27'!G105+'28'!G105+'29'!G105 -> 0 | H105: ='1'!H105+'2'!H105+'3'!H105+'4'!H105+'5'!H105+'6'!H105+'7'!H105+'8'!H105+'9'!H105+'10'!H105+'11'!H105+'12'!G105+'13'!H105+'14'!H105+'15'!H105+'16'!H105+'17'!H105+'18'!H105+'19'!G105+'20'!H105+'21'!H105+'22'!G105+'23'!H105+'24'!H105+'25'!H105+'26'!G105+'27'!H105+'28'!H105+'29'!H105 -> 0 | I105: ='1'!I105+'2'!I105+'3'!I105+'4'!I105+'5'!I105+'6'!I105+'7'!I105+'8'!I105+'9'!I105+'10'!I105+'11'!I105+'12'!H105+'13'!I105+'14'!I105+'15'!I105+'16'!I105+'17'!I105+'18'!I105+'19'!H105+'20'!I105+'21'!I105+'22'!H105+'23'!I105+'24'!I105+'25'!I105+'26'!H105+'27'!I105+'28'!I105+'29'!I105 -> 0 | J105: ='1'!J105+'2'!J105+'3'!J105+'4'!J105+'5'!J105+'6'!J105+'7'!J105+'8'!J105+'9'!J105+'10'!J105+'11'!J105+'12'!I105+'13'!J105+'14'!J105+'15'!J105+'16'!J105+'17'!J105+'18'!J105+'19'!I105+'20'!J105+'21'!J105+'22'!I105+'23'!J105+'24'!J105+'25'!J105+'26'!I105+'27'!J105+'28'!J105+'29'!J105 -> 0 | K105: ='1'!K105+'2'!K105+'3'!K105+'4'!K105+'5'!K105+'6'!K105+'7'!K105+'8'!K105+'9'!K105+'10'!K105+'11'!K105+'12'!J105+'13'!K105+'14'!K105+'15'!K105+'16'!K105+'17'!K105+'18'!K105+'19'!J105+'20'!K105+'21'!K105+'22'!J105+'23'!K105+'24'!K105+'25'!K105+'26'!J105+'27'!K105+'28'!K105+'29'!K105 -> 0 | L105: =SUM(D105:K105) -> 0 | Q105: 0
B106: 1112006 | C106: ใบเตย | D106: ='1'!D106+'2'!D106+'3'!D106+'4'!D106+'5'!D106+'6'!D106+'7'!D106+'8'!D106+'9'!D106+'10'!D106+'11'!D106+'12'!C106+'13'!D106+'14'!D106+'15'!D106+'16'!D106+'17'!D106+'18'!D106+'19'!C106+'20'!D106+'21'!D106+'22'!C106+'23'!D106+'24'!D106+'25'!D106+'26'!C106+'27'!D106+'28'!D106+'29'!D106 -> 0 | E106: ='1'!E106+'2'!E106+'3'!E106+'4'!E106+'5'!E106+'6'!E106+'7'!E106+'8'!E106+'9'!E106+'10'!E106+'11'!E106+'12'!D106+'13'!E106+'14'!E106+'15'!E106+'16'!E106+'17'!E106+'18'!E106+'19'!D106+'20'!E106+'21'!E106+'22'!D106+'23'!E106+'24'!E106+'25'!E106+'26'!D106+'27'!E106+'28'!E106+'29'!E106 -> 0 | F106: ='1'!F106+'2'!F106+'3'!F106+'4'!F106+'5'!F106+'6'!F106+'7'!F106+'8'!F106+'9'!F106+'10'!F106+'11'!F106+'12'!E106+'13'!F106+'14'!F106+'15'!F106+'16'!F106+'17'!F106+'18'!F106+'19'!E106+'20'!F106+'21'!F106+'22'!E106+'23'!F106+'24'!F106+'25'!F106+'26'!E106+'27'!F106+'28'!F106+'29'!F106 -> 0 | G106: ='1'!G106+'2'!G106+'3'!G106+'4'!G106+'5'!G106+'6'!G106+'7'!G106+'8'!G106+'9'!G106+'10'!G106+'11'!G106+'12'!F106+'13'!G106+'14'!G106+'15'!G106+'16'!G106+'17'!G106+'18'!G106+'19'!F106+'20'!G106+'21'!G106+'22'!F106+'23'!G106+'24'!G106+'25'!G106+'26'!F106+'27'!G106+'28'!G106+'29'!G106 -> 0 | H106: ='1'!H106+'2'!H106+'3'!H106+'4'!H106+'5'!H106+'6'!H106+'7'!H106+'8'!H106+'9'!H106+'10'!H106+'11'!H106+'12'!G106+'13'!H106+'14'!H106+'15'!H106+'16'!H106+'17'!H106+'18'!H106+'19'!G106+'20'!H106+'21'!H106+'22'!G106+'23'!H106+'24'!H106+'25'!H106+'26'!G106+'27'!H106+'28'!H106+'29'!H106 -> 0 | I106: ='1'!I106+'2'!I106+'3'!I106+'4'!I106+'5'!I106+'6'!I106+'7'!I106+'8'!I106+'9'!I106+'10'!I106+'11'!I106+'12'!H106+'13'!I106+'14'!I106+'15'!I106+'16'!I106+'17'!I106+'18'!I106+'19'!H106+'20'!I106+'21'!I106+'22'!H106+'23'!I106+'24'!I106+'25'!I106+'26'!H106+'27'!I106+'28'!I106+'29'!I106 -> 0 | J106: ='1'!J106+'2'!J106+'3'!J106+'4'!J106+'5'!J106+'6'!J106+'7'!J106+'8'!J106+'9'!J106+'10'!J106+'11'!J106+'12'!I106+'13'!J106+'14'!J106+'15'!J106+'16'!J106+'17'!J106+'18'!J106+'19'!I106+'20'!J106+'21'!J106+'22'!I106+'23'!J106+'24'!J106+'25'!J106+'26'!I106+'27'!J106+'28'!J106+'29'!J106 -> 0 | K106: ='1'!K106+'2'!K106+'3'!K106+'4'!K106+'5'!K106+'6'!K106+'7'!K106+'8'!K106+'9'!K106+'10'!K106+'11'!K106+'12'!J106+'13'!K106+'14'!K106+'15'!K106+'16'!K106+'17'!K106+'18'!K106+'19'!J106+'20'!K106+'21'!K106+'22'!J106+'23'!K106+'24'!K106+'25'!K106+'26'!J106+'27'!K106+'28'!K106+'29'!K106 -> 0 | L106: =SUM(D106:K106) -> 0 | Q106: 0
B107: 1112018 | C107: ทุเรียน | D107: ='1'!D107+'2'!D107+'3'!D107+'4'!D107+'5'!D107+'6'!D107+'7'!D107+'8'!D107+'9'!D107+'10'!D107+'11'!D107+'12'!C107+'13'!D107+'14'!D107+'15'!D107+'16'!D107+'17'!D107+'18'!D107+'19'!C107+'20'!D107+'21'!D107+'22'!C107+'23'!D107+'24'!D107+'25'!D107+'26'!C107+'27'!D107+'28'!D107+'29'!D107 -> 0 | E107: ='1'!E107+'2'!E107+'3'!E107+'4'!E107+'5'!E107+'6'!E107+'7'!E107+'8'!E107+'9'!E107+'10'!E107+'11'!E107+'12'!D107+'13'!E107+'14'!E107+'15'!E107+'16'!E107+'17'!E107+'18'!E107+'19'!D107+'20'!E107+'21'!E107+'22'!D107+'23'!E107+'24'!E107+'25'!E107+'26'!D107+'27'!E107+'28'!E107+'29'!E107 -> 0 | F107: ='1'!F107+'2'!F107+'3'!F107+'4'!F107+'5'!F107+'6'!F107+'7'!F107+'8'!F107+'9'!F107+'10'!F107+'11'!F107+'12'!E107+'13'!F107+'14'!F107+'15'!F107+'16'!F107+'17'!F107+'18'!F107+'19'!E107+'20'!F107+'21'!F107+'22'!E107+'23'!F107+'24'!F107+'25'!F107+'26'!E107+'27'!F107+'28'!F107+'29'!F107 -> 0 | G107: ='1'!G107+'2'!G107+'3'!G107+'4'!G107+'5'!G107+'6'!G107+'7'!G107+'8'!G107+'9'!G107+'10'!G107+'11'!G107+'12'!F107+'13'!G107+'14'!G107+'15'!G107+'16'!G107+'17'!G107+'18'!G107+'19'!F107+'20'!G107+'21'!G107+'22'!F107+'23'!G107+'24'!G107+'25'!G107+'26'!F107+'27'!G107+'28'!G107+'29'!G107 -> 0 | H107: ='1'!H107+'2'!H107+'3'!H107+'4'!H107+'5'!H107+'6'!H107+'7'!H107+'8'!H107+'9'!H107+'10'!H107+'11'!H107+'12'!G107+'13'!H107+'14'!H107+'15'!H107+'16'!H107+'17'!H107+'18'!H107+'19'!G107+'20'!H107+'21'!H107+'22'!G107+'23'!H107+'24'!H107+'25'!H107+'26'!G107+'27'!H107+'28'!H107+'29'!H107 -> 0 | I107: ='1'!I107+'2'!I107+'3'!I107+'4'!I107+'5'!I107+'6'!I107+'7'!I107+'8'!I107+'9'!I107+'10'!I107+'11'!I107+'12'!H107+'13'!I107+'14'!I107+'15'!I107+'16'!I107+'17'!I107+'18'!I107+'19'!H107+'20'!I107+'21'!I107+'22'!H107+'23'!I107+'24'!I107+'25'!I107+'26'!H107+'27'!I107+'28'!I107+'29'!I107 -> 0 | J107: ='1'!J107+'2'!J107+'3'!J107+'4'!J107+'5'!J107+'6'!J107+'7'!J107+'8'!J107+'9'!J107+'10'!J107+'11'!J107+'12'!I107+'13'!J107+'14'!J107+'15'!J107+'16'!J107+'17'!J107+'18'!J107+'19'!I107+'20'!J107+'21'!J107+'22'!I107+'23'!J107+'24'!J107+'25'!J107+'26'!I107+'27'!J107+'28'!J107+'29'!J107 -> 0 | K107: ='1'!K107+'2'!K107+'3'!K107+'4'!K107+'5'!K107+'6'!K107+'7'!K107+'8'!K107+'9'!K107+'10'!K107+'11'!K107+'12'!J107+'13'!K107+'14'!K107+'15'!K107+'16'!K107+'17'!K107+'18'!K107+'19'!J107+'20'!K107+'21'!K107+'22'!J107+'23'!K107+'24'!K107+'25'!K107+'26'!J107+'27'!K107+'28'!K107+'29'!K107 -> 0 | L107: =SUM(D107:K107) -> 0 | Q107: 0
B108: 1112016 | C108: ตาลหอม | D108: ='1'!D108+'2'!D108+'3'!D108+'4'!D108+'5'!D108+'6'!D108+'7'!D108+'8'!D108+'9'!D108+'10'!D108+'11'!D108+'12'!C108+'13'!D108+'14'!D108+'15'!D108+'16'!D108+'17'!D108+'18'!D108+'19'!C108+'20'!D108+'21'!D108+'22'!C108+'23'!D108+'24'!D108+'25'!D108+'26'!C108+'27'!D108+'28'!D108+'29'!D108 -> 0 | E108: ='1'!E108+'2'!E108+'3'!E108+'4'!E108+'5'!E108+'6'!E108+'7'!E108+'8'!E108+'9'!E108+'10'!E108+'11'!E108+'12'!D108+'13'!E108+'14'!E108+'15'!E108+'16'!E108+'17'!E108+'18'!E108+'19'!D108+'20'!E108+'21'!E108+'22'!D108+'23'!E108+'24'!E108+'25'!E108+'26'!D108+'27'!E108+'28'!E108+'29'!E108 -> 0 | F108: ='1'!F108+'2'!F108+'3'!F108+'4'!F108+'5'!F108+'6'!F108+'7'!F108+'8'!F108+'9'!F108+'10'!F108+'11'!F108+'12'!E108+'13'!F108+'14'!F108+'15'!F108+'16'!F108+'17'!F108+'18'!F108+'19'!E108+'20'!F108+'21'!F108+'22'!E108+'23'!F108+'24'!F108+'25'!F108+'26'!E108+'27'!F108+'28'!F108+'29'!F108 -> 0 | G108: ='1'!G108+'2'!G108+'3'!G108+'4'!G108+'5'!G108+'6'!G108+'7'!G108+'8'!G108+'9'!G108+'10'!G108+'11'!G108+'12'!F108+'13'!G108+'14'!G108+'15'!G108+'16'!G108+'17'!G108+'18'!G108+'19'!F108+'20'!G108+'21'!G108+'22'!F108+'23'!G108+'24'!G108+'25'!G108+'26'!F108+'27'!G108+'28'!G108+'29'!G108 -> 0 | H108: ='1'!H108+'2'!H108+'3'!H108+'4'!H108+'5'!H108+'6'!H108+'7'!H108+'8'!H108+'9'!H108+'10'!H108+'11'!H108+'12'!G108+'13'!H108+'14'!H108+'15'!H108+'16'!H108+'17'!H108+'18'!H108+'19'!G108+'20'!H108+'21'!H108+'22'!G108+'23'!H108+'24'!H108+'25'!H108+'26'!G108+'27'!H108+'28'!H108+'29'!H108 -> 0 | I108: ='1'!I108+'2'!I108+'3'!I108+'4'!I108+'5'!I108+'6'!I108+'7'!I108+'8'!I108+'9'!I108+'10'!I108+'11'!I108+'12'!H108+'13'!I108+'14'!I108+'15'!I108+'16'!I108+'17'!I108+'18'!I108+'19'!H108+'20'!I108+'21'!I108+'22'!H108+'23'!I108+'24'!I108+'25'!I108+'26'!H108+'27'!I108+'28'!I108+'29'!I108 -> 0 | J108: ='1'!J108+'2'!J108+'3'!J108+'4'!J108+'5'!J108+'6'!J108+'7'!J108+'8'!J108+'9'!J108+'10'!J108+'11'!J108+'12'!I108+'13'!J108+'14'!J108+'15'!J108+'16'!J108+'17'!J108+'18'!J108+'19'!I108+'20'!J108+'21'!J108+'22'!I108+'23'!J108+'24'!J108+'25'!J108+'26'!I108+'27'!J108+'28'!J108+'29'!J108 -> 0 | K108: ='1'!K108+'2'!K108+'3'!K108+'4'!K108+'5'!K108+'6'!K108+'7'!K108+'8'!K108+'9'!K108+'10'!K108+'11'!K108+'12'!J108+'13'!K108+'14'!K108+'15'!K108+'16'!K108+'17'!K108+'18'!K108+'19'!J108+'20'!K108+'21'!K108+'22'!J108+'23'!K108+'24'!K108+'25'!K108+'26'!J108+'27'!K108+'28'!K108+'29'!K108 -> 0 | L108: =SUM(D108:K108) -> 0 | Q108: 0
B109: 1112014 | C109: กล้วยหอมมะพร้าวเผา | D109: ='1'!D109+'2'!D109+'3'!D109+'4'!D109+'5'!D109+'6'!D109+'7'!D109+'8'!D109+'9'!D109+'10'!D109+'11'!D109+'12'!C109+'13'!D109+'14'!D109+'15'!D109+'16'!D109+'17'!D109+'18'!D109+'19'!C109+'20'!D109+'21'!D109+'22'!C109+'23'!D109+'24'!D109+'25'!D109+'26'!C109+'27'!D109+'28'!D109+'29'!D109 -> 0 | E109: ='1'!E109+'2'!E109+'3'!E109+'4'!E109+'5'!E109+'6'!E109+'7'!E109+'8'!E109+'9'!E109+'10'!E109+'11'!E109+'12'!D109+'13'!E109+'14'!E109+'15'!E109+'16'!E109+'17'!E109+'18'!E109+'19'!D109+'20'!E109+'21'!E109+'22'!D109+'23'!E109+'24'!E109+'25'!E109+'26'!D109+'27'!E109+'28'!E109+'29'!E109 -> 0 | F109: ='1'!F109+'2'!F109+'3'!F109+'4'!F109+'5'!F109+'6'!F109+'7'!F109+'8'!F109+'9'!F109+'10'!F109+'11'!F109+'12'!E109+'13'!F109+'14'!F109+'15'!F109+'16'!F109+'17'!F109+'18'!F109+'19'!E109+'20'!F109+'21'!F109+'22'!E109+'23'!F109+'24'!F109+'25'!F109+'26'!E109+'27'!F109+'28'!F109+'29'!F109 -> 0 | G109: ='1'!G109+'2'!G109+'3'!G109+'4'!G109+'5'!G109+'6'!G109+'7'!G109+'8'!G109+'9'!G109+'10'!G109+'11'!G109+'12'!F109+'13'!G109+'14'!G109+'15'!G109+'16'!G109+'17'!G109+'18'!G109+'19'!F109+'20'!G109+'21'!G109+'22'!F109+'23'!G109+'24'!G109+'25'!G109+'26'!F109+'27'!G109+'28'!G109+'29'!G109 -> 0 | H109: ='1'!H109+'2'!H109+'3'!H109+'4'!H109+'5'!H109+'6'!H109+'7'!H109+'8'!H109+'9'!H109+'10'!H109+'11'!H109+'12'!G109+'13'!H109+'14'!H109+'15'!H109+'16'!H109+'17'!H109+'18'!H109+'19'!G109+'20'!H109+'21'!H109+'22'!G109+'23'!H109+'24'!H109+'25'!H109+'26'!G109+'27'!H109+'28'!H109+'29'!H109 -> 0 | I109: ='1'!I109+'2'!I109+'3'!I109+'4'!I109+'5'!I109+'6'!I109+'7'!I109+'8'!I109+'9'!I109+'10'!I109+'11'!I109+'12'!H109+'13'!I109+'14'!I109+'15'!I109+'16'!I109+'17'!I109+'18'!I109+'19'!H109+'20'!I109+'21'!I109+'22'!H109+'23'!I109+'24'!I109+'25'!I109+'26'!H109+'27'!I109+'28'!I109+'29'!I109 -> 0 | J109: ='1'!J109+'2'!J109+'3'!J109+'4'!J109+'5'!J109+'6'!J109+'7'!J109+'8'!J109+'9'!J109+'10'!J109+'11'!J109+'12'!I109+'13'!J109+'14'!J109+'15'!J109+'16'!J109+'17'!J109+'18'!J109+'19'!I109+'20'!J109+'21'!J109+'22'!I109+'23'!J109+'24'!J109+'25'!J109+'26'!I109+'27'!J109+'28'!J109+'29'!J109 -> 0 | K109: ='1'!K109+'2'!K109+'3'!K109+'4'!K109+'5'!K109+'6'!K109+'7'!K109+'8'!K109+'9'!K109+'10'!K109+'11'!K109+'12'!J109+'13'!K109+'14'!K109+'15'!K109+'16'!K109+'17'!K109+'18'!K109+'19'!J109+'20'!K109+'21'!K109+'22'!J109+'23'!K109+'24'!K109+'25'!K109+'26'!J109+'27'!K109+'28'!K109+'29'!K109 -> 0 | L109: =SUM(D109:K109) -> 0 | Q109: 0
B110: 1112012 | C110: เผือกมะพร้าวอ่อน | D110: ='1'!D110+'2'!D110+'3'!D110+'4'!D110+'5'!D110+'6'!D110+'7'!D110+'8'!D110+'9'!D110+'10'!D110+'11'!D110+'12'!C110+'13'!D110+'14'!D110+'15'!D110+'16'!D110+'17'!D110+'18'!D110+'19'!C110+'20'!D110+'21'!D110+'22'!C110+'23'!D110+'24'!D110+'25'!D110+'26'!C110+'27'!D110+'28'!D110+'29'!D110 -> 0 | E110: ='1'!E110+'2'!E110+'3'!E110+'4'!E110+'5'!E110+'6'!E110+'7'!E110+'8'!E110+'9'!E110+'10'!E110+'11'!E110+'12'!D110+'13'!E110+'14'!E110+'15'!E110+'16'!E110+'17'!E110+'18'!E110+'19'!D110+'20'!E110+'21'!E110+'22'!D110+'23'!E110+'24'!E110+'25'!E110+'26'!D110+'27'!E110+'28'!E110+'29'!E110 -> 0 | F110: ='1'!F110+'2'!F110+'3'!F110+'4'!F110+'5'!F110+'6'!F110+'7'!F110+'8'!F110+'9'!F110+'10'!F110+'11'!F110+'12'!E110+'13'!F110+'14'!F110+'15'!F110+'16'!F110+'17'!F110+'18'!F110+'19'!E110+'20'!F110+'21'!F110+'22'!E110+'23'!F110+'24'!F110+'25'!F110+'26'!E110+'27'!F110+'28'!F110+'29'!F110 -> 0 | G110: ='1'!G110+'2'!G110+'3'!G110+'4'!G110+'5'!G110+'6'!G110+'7'!G110+'8'!G110+'9'!G110+'10'!G110+'11'!G110+'12'!F110+'13'!G110+'14'!G110+'15'!G110+'16'!G110+'17'!G110+'18'!G110+'19'!F110+'20'!G110+'21'!G110+'22'!F110+'23'!G110+'24'!G110+'25'!G110+'26'!F110+'27'!G110+'28'!G110+'29'!G110 -> 0 | H110: ='1'!H110+'2'!H110+'3'!H110+'4'!H110+'5'!H110+'6'!H110+'7'!H110+'8'!H110+'9'!H110+'10'!H110+'11'!H110+'12'!G110+'13'!H110+'14'!H110+'15'!H110+'16'!H110+'17'!H110+'18'!H110+'19'!G110+'20'!H110+'21'!H110+'22'!G110+'23'!H110+'24'!H110+'25'!H110+'26'!G110+'27'!H110+'28'!H110+'29'!H110 -> 0 | I110: ='1'!I110+'2'!I110+'3'!I110+'4'!I110+'5'!I110+'6'!I110+'7'!I110+'8'!I110+'9'!I110+'10'!I110+'11'!I110+'12'!H110+'13'!I110+'14'!I110+'15'!I110+'16'!I110+'17'!I110+'18'!I110+'19'!H110+'20'!I110+'21'!I110+'22'!H110+'23'!I110+'24'!I110+'25'!I110+'26'!H110+'27'!I110+'28'!I110+'29'!I110 -> 0 | J110: ='1'!J110+'2'!J110+'3'!J110+'4'!J110+'5'!J110+'6'!J110+'7'!J110+'8'!J110+'9'!J110+'10'!J110+'11'!J110+'12'!I110+'13'!J110+'14'!J110+'15'!J110+'16'!J110+'17'!J110+'18'!J110+'19'!I110+'20'!J110+'21'!J110+'22'!I110+'23'!J110+'24'!J110+'25'!J110+'26'!I110+'27'!J110+'28'!J110+'29'!J110 -> 0 | K110: ='1'!K110+'2'!K110+'3'!K110+'4'!K110+'5'!K110+'6'!K110+'7'!K110+'8'!K110+'9'!K110+'10'!K110+'11'!K110+'12'!J110+'13'!K110+'14'!K110+'15'!K110+'16'!K110+'17'!K110+'18'!K110+'19'!J110+'20'!K110+'21'!K110+'22'!J110+'23'!K110+'24'!K110+'25'!K110+'26'!J110+'27'!K110+'28'!K110+'29'!K110 -> 0 | L110: =SUM(D110:K110) -> 0 | Q110: 0
C111: เบาหวิว คละรส | D111: ='1'!D111+'2'!D111+'3'!D111+'4'!D111+'5'!D111+'6'!D111+'7'!D111+'8'!D111+'9'!D111+'10'!D111+'11'!D111+'12'!C111+'13'!D111+'14'!D111+'15'!D111+'16'!D111+'17'!D111+'18'!D111+'19'!C111+'20'!D111+'21'!D111+'22'!C111+'23'!D111+'24'!D111+'25'!D111+'26'!C111+'27'!D111+'28'!D111+'29'!D111 -> 0 | E111: ='1'!E111+'2'!E111+'3'!E111+'4'!E111+'5'!E111+'6'!E111+'7'!E111+'8'!E111+'9'!E111+'10'!E111+'11'!E111+'12'!D111+'13'!E111+'14'!E111+'15'!E111+'16'!E111+'17'!E111+'18'!E111+'19'!D111+'20'!E111+'21'!E111+'22'!D111+'23'!E111+'24'!E111+'25'!E111+'26'!D111+'27'!E111+'28'!E111+'29'!E111 -> 0 | F111: ='1'!F111+'2'!F111+'3'!F111+'4'!F111+'5'!F111+'6'!F111+'7'!F111+'8'!F111+'9'!F111+'10'!F111+'11'!F111+'12'!E111+'13'!F111+'14'!F111+'15'!F111+'16'!F111+'17'!F111+'18'!F111+'19'!E111+'20'!F111+'21'!F111+'22'!E111+'23'!F111+'24'!F111+'25'!F111+'26'!E111+'27'!F111+'28'!F111+'29'!F111 -> 0 | G111: ='1'!G111+'2'!G111+'3'!G111+'4'!G111+'5'!G111+'6'!G111+'7'!G111+'8'!G111+'9'!G111+'10'!G111+'11'!G111+'12'!F111+'13'!G111+'14'!G111+'15'!G111+'16'!G111+'17'!G111+'18'!G111+'19'!F111+'20'!G111+'21'!G111+'22'!F111+'23'!G111+'24'!G111+'25'!G111+'26'!F111+'27'!G111+'28'!G111+'29'!G111 -> 0 | H111: ='1'!H111+'2'!H111+'3'!H111+'4'!H111+'5'!H111+'6'!H111+'7'!H111+'8'!H111+'9'!H111+'10'!H111+'11'!H111+'12'!G111+'13'!H111+'14'!H111+'15'!H111+'16'!H111+'17'!H111+'18'!H111+'19'!G111+'20'!H111+'21'!H111+'22'!G111+'23'!H111+'24'!H111+'25'!H111+'26'!G111+'27'!H111+'28'!H111+'29'!H111 -> 0 | I111: ='1'!I111+'2'!I111+'3'!I111+'4'!I111+'5'!I111+'6'!I111+'7'!I111+'8'!I111+'9'!I111+'10'!I111+'11'!I111+'12'!H111+'13'!I111+'14'!I111+'15'!I111+'16'!I111+'17'!I111+'18'!I111+'19'!H111+'20'!I111+'21'!I111+'22'!H111+'23'!I111+'24'!I111+'25'!I111+'26'!H111+'27'!I111+'28'!I111+'29'!I111 -> 0 | J111: ='1'!J111+'2'!J111+'3'!J111+'4'!J111+'5'!J111+'6'!J111+'7'!J111+'8'!J111+'9'!J111+'10'!J111+'11'!J111+'12'!I111+'13'!J111+'14'!J111+'15'!J111+'16'!J111+'17'!J111+'18'!J111+'19'!I111+'20'!J111+'21'!J111+'22'!I111+'23'!J111+'24'!J111+'25'!J111+'26'!I111+'27'!J111+'28'!J111+'29'!J111 -> 0 | K111: ='1'!K111+'2'!K111+'3'!K111+'4'!K111+'5'!K111+'6'!K111+'7'!K111+'8'!K111+'9'!K111+'10'!K111+'11'!K111+'12'!J111+'13'!K111+'14'!K111+'15'!K111+'16'!K111+'17'!K111+'18'!K111+'19'!J111+'20'!K111+'21'!K111+'22'!J111+'23'!K111+'24'!K111+'25'!K111+'26'!J111+'27'!K111+'28'!K111+'29'!K111 -> 0 | L111: =SUM(D111:K111) -> 0 | Q111: 0
C112: รวม | L112: =SUM(D112:K112) -> 0 | Q112: 0
B113: อื่นๆ
B114: 1113170 | C114: ขนมเปี๊ยะถั่วฝอยทองไข่เค็ม 450 กรัม | D114: ='1'!D114+'2'!D114+'3'!D114+'4'!D114+'5'!D114+'6'!D114+'7'!D114+'8'!D114+'9'!D114+'10'!D114+'11'!D114+'12'!C114+'13'!D114+'14'!D114+'15'!D114+'16'!D114+'17'!D114+'18'!D114+'19'!C114+'20'!D114+'21'!D114+'22'!C114+'23'!D114+'24'!D114+'25'!D114+'26'!C114+'27'!D114+'28'!D114+'29'!D114 -> 213 | E114: ='1'!E114+'2'!E114+'3'!E114+'4'!E114+'5'!E114+'6'!E114+'7'!E114+'8'!E114+'9'!E114+'10'!E114+'11'!E114+'12'!D114+'13'!E114+'14'!E114+'15'!E114+'16'!E114+'17'!E114+'18'!E114+'19'!D114+'20'!E114+'21'!E114+'22'!D114+'23'!E114+'24'!E114+'25'!E114+'26'!D114+'27'!E114+'28'!E114+'29'!E114 -> 10 | F114: ='1'!F114+'2'!F114+'3'!F114+'4'!F114+'5'!F114+'6'!F114+'7'!F114+'8'!F114+'9'!F114+'10'!F114+'11'!F114+'12'!E114+'13'!F114+'14'!F114+'15'!F114+'16'!F114+'17'!F114+'18'!F114+'19'!E114+'20'!F114+'21'!F114+'22'!E114+'23'!F114+'24'!F114+'25'!F114+'26'!E114+'27'!F114+'28'!F114+'29'!F114 -> 7 | G114: ='1'!G114+'2'!G114+'3'!G114+'4'!G114+'5'!G114+'6'!G114+'7'!G114+'8'!G114+'9'!G114+'10'!G114+'11'!G114+'12'!F114+'13'!G114+'14'!G114+'15'!G114+'16'!G114+'17'!G114+'18'!G114+'19'!F114+'20'!G114+'21'!G114+'22'!F114+'23'!G114+'24'!G114+'25'!G114+'26'!F114+'27'!G114+'28'!G114+'29'!G114 -> 124 | H114: ='1'!H114+'2'!H114+'3'!H114+'4'!H114+'5'!H114+'6'!H114+'7'!H114+'8'!H114+'9'!H114+'10'!H114+'11'!H114+'12'!G114+'13'!H114+'14'!H114+'15'!H114+'16'!H114+'17'!H114+'18'!H114+'19'!G114+'20'!H114+'21'!H114+'22'!G114+'23'!H114+'24'!H114+'25'!H114+'26'!G114+'27'!H114+'28'!H114+'29'!H114 -> 29 | I114: ='1'!I114+'2'!I114+'3'!I114+'4'!I114+'5'!I114+'6'!I114+'7'!I114+'8'!I114+'9'!I114+'10'!I114+'11'!I114+'12'!H114+'13'!I114+'14'!I114+'15'!I114+'16'!I114+'17'!I114+'18'!I114+'19'!H114+'20'!I114+'21'!I114+'22'!H114+'23'!I114+'24'!I114+'25'!I114+'26'!H114+'27'!I114+'28'!I114+'29'!I114 -> 0 | J114: ='1'!J114+'2'!J114+'3'!J114+'4'!J114+'5'!J114+'6'!J114+'7'!J114+'8'!J114+'9'!J114+'10'!J114+'11'!J114+'12'!I114+'13'!J114+'14'!J114+'15'!J114+'16'!J114+'17'!J114+'18'!J114+'19'!I114+'20'!J114+'21'!J114+'22'!I114+'23'!J114+'24'!J114+'25'!J114+'26'!I114+'27'!J114+'28'!J114+'29'!J114 -> 0 | K114: ='1'!K114+'2'!K114+'3'!K114+'4'!K114+'5'!K114+'6'!K114+'7'!K114+'8'!K114+'9'!K114+'10'!K114+'11'!K114+'12'!J114+'13'!K114+'14'!K114+'15'!K114+'16'!K114+'17'!K114+'18'!K114+'19'!J114+'20'!K114+'21'!K114+'22'!J114+'23'!K114+'24'!K114+'25'!K114+'26'!J114+'27'!K114+'28'!K114+'29'!K114 -> 70 | L114: =SUM(D114:K114) -> 453 | N114: 2 | Q114: 1
B115: 1113171 | C115: ขนมเปี๊ยะฟักถั่วไข่เค็ม 450 กรัม | D115: ='1'!D115+'2'!D115+'3'!D115+'4'!D115+'5'!D115+'6'!D115+'7'!D115+'8'!D115+'9'!D115+'10'!D115+'11'!D115+'12'!C115+'13'!D115+'14'!D115+'15'!D115+'16'!D115+'17'!D115+'18'!D115+'19'!C115+'20'!D115+'21'!D115+'22'!C115+'23'!D115+'24'!D115+'25'!D115+'26'!C115+'27'!D115+'28'!D115+'29'!D115 -> 200 | E115: ='1'!E115+'2'!E115+'3'!E115+'4'!E115+'5'!E115+'6'!E115+'7'!E115+'8'!E115+'9'!E115+'10'!E115+'11'!E115+'12'!D115+'13'!E115+'14'!E115+'15'!E115+'16'!E115+'17'!E115+'18'!E115+'19'!D115+'20'!E115+'21'!E115+'22'!D115+'23'!E115+'24'!E115+'25'!E115+'26'!D115+'27'!E115+'28'!E115+'29'!E115 -> 11 | F115: ='1'!F115+'2'!F115+'3'!F115+'4'!F115+'5'!F115+'6'!F115+'7'!F115+'8'!F115+'9'!F115+'10'!F115+'11'!F115+'12'!E115+'13'!F115+'14'!F115+'15'!F115+'16'!F115+'17'!F115+'18'!F115+'19'!E115+'20'!F115+'21'!F115+'22'!E115+'23'!F115+'24'!F115+'25'!F115+'26'!E115+'27'!F115+'28'!F115+'29'!F115 -> 8 | G115: ='1'!G115+'2'!G115+'3'!G115+'4'!G115+'5'!G115+'6'!G115+'7'!G115+'8'!G115+'9'!G115+'10'!G115+'11'!G115+'12'!F115+'13'!G115+'14'!G115+'15'!G115+'16'!G115+'17'!G115+'18'!G115+'19'!F115+'20'!G115+'21'!G115+'22'!F115+'23'!G115+'24'!G115+'25'!G115+'26'!F115+'27'!G115+'28'!G115+'29'!G115 -> 105 | H115: ='1'!H115+'2'!H115+'3'!H115+'4'!H115+'5'!H115+'6'!H115+'7'!H115+'8'!H115+'9'!H115+'10'!H115+'11'!H115+'12'!G115+'13'!H115+'14'!H115+'15'!H115+'16'!H115+'17'!H115+'18'!H115+'19'!G115+'20'!H115+'21'!H115+'22'!G115+'23'!H115+'24'!H115+'25'!H115+'26'!G115+'27'!H115+'28'!H115+'29'!H115 -> 24 | I115: ='1'!I115+'2'!I115+'3'!I115+'4'!I115+'5'!I115+'6'!I115+'7'!I115+'8'!I115+'9'!I115+'10'!I115+'11'!I115+'12'!H115+'13'!I115+'14'!I115+'15'!I115+'16'!I115+'17'!I115+'18'!I115+'19'!H115+'20'!I115+'21'!I115+'22'!H115+'23'!I115+'24'!I115+'25'!I115+'26'!H115+'27'!I115+'28'!I115+'29'!I115 -> 0 | J115: ='1'!J115+'2'!J115+'3'!J115+'4'!J115+'5'!J115+'6'!J115+'7'!J115+'8'!J115+'9'!J115+'10'!J115+'11'!J115+'12'!I115+'13'!J115+'14'!J115+'15'!J115+'16'!J115+'17'!J115+'18'!J115+'19'!I115+'20'!J115+'21'!J115+'22'!I115+'23'!J115+'24'!J115+'25'!J115+'26'!I115+'27'!J115+'28'!J115+'29'!J115 -> 0 | K115: ='1'!K115+'2'!K115+'3'!K115+'4'!K115+'5'!K115+'6'!K115+'7'!K115+'8'!K115+'9'!K115+'10'!K115+'11'!K115+'12'!J115+'13'!K115+'14'!K115+'15'!K115+'16'!K115+'17'!K115+'18'!K115+'19'!J115+'20'!K115+'21'!K115+'22'!J115+'23'!K115+'24'!K115+'25'!K115+'26'!J115+'27'!K115+'28'!K115+'29'!K115 -> 85 | L115: =SUM(D115:K115) -> 433 | Q115: -1
B116: 1113172 | C116: ขนมเปี๊ยะเผือกฝอยทองไข่เค็ม 450 กรัม | D116: ='1'!D116+'2'!D116+'3'!D116+'4'!D116+'5'!D116+'6'!D116+'7'!D116+'8'!D116+'9'!D116+'10'!D116+'11'!D116+'12'!C116+'13'!D116+'14'!D116+'15'!D116+'16'!D116+'17'!D116+'18'!D116+'19'!C116+'20'!D116+'21'!D116+'22'!C116+'23'!D116+'24'!D116+'25'!D116+'26'!C116+'27'!D116+'28'!D116+'29'!D116 -> 164 | E116: ='1'!E116+'2'!E116+'3'!E116+'4'!E116+'5'!E116+'6'!E116+'7'!E116+'8'!E116+'9'!E116+'10'!E116+'11'!E116+'12'!D116+'13'!E116+'14'!E116+'15'!E116+'16'!E116+'17'!E116+'18'!E116+'19'!D116+'20'!E116+'21'!E116+'22'!D116+'23'!E116+'24'!E116+'25'!E116+'26'!D116+'27'!E116+'28'!E116+'29'!E116 -> 9 | F116: ='1'!F116+'2'!F116+'3'!F116+'4'!F116+'5'!F116+'6'!F116+'7'!F116+'8'!F116+'9'!F116+'10'!F116+'11'!F116+'12'!E116+'13'!F116+'14'!F116+'15'!F116+'16'!F116+'17'!F116+'18'!F116+'19'!E116+'20'!F116+'21'!F116+'22'!E116+'23'!F116+'24'!F116+'25'!F116+'26'!E116+'27'!F116+'28'!F116+'29'!F116 -> 7 | G116: ='1'!G116+'2'!G116+'3'!G116+'4'!G116+'5'!G116+'6'!G116+'7'!G116+'8'!G116+'9'!G116+'10'!G116+'11'!G116+'12'!F116+'13'!G116+'14'!G116+'15'!G116+'16'!G116+'17'!G116+'18'!G116+'19'!F116+'20'!G116+'21'!G116+'22'!F116+'23'!G116+'24'!G116+'25'!G116+'26'!F116+'27'!G116+'28'!G116+'29'!G116 -> 127 | H116: ='1'!H116+'2'!H116+'3'!H116+'4'!H116+'5'!H116+'6'!H116+'7'!H116+'8'!H116+'9'!H116+'10'!H116+'11'!H116+'12'!G116+'13'!H116+'14'!H116+'15'!H116+'16'!H116+'17'!H116+'18'!H116+'19'!G116+'20'!H116+'21'!H116+'22'!G116+'23'!H116+'24'!H116+'25'!H116+'26'!G116+'27'!H116+'28'!H116+'29'!H116 -> 38 | I116: ='1'!I116+'2'!I116+'3'!I116+'4'!I116+'5'!I116+'6'!I116+'7'!I116+'8'!I116+'9'!I116+'10'!I116+'11'!I116+'12'!H116+'13'!I116+'14'!I116+'15'!I116+'16'!I116+'17'!I116+'18'!I116+'19'!H116+'20'!I116+'21'!I116+'22'!H116+'23'!I116+'24'!I116+'25'!I116+'26'!H116+'27'!I116+'28'!I116+'29'!I116 -> 0 | J116: ='1'!J116+'2'!J116+'3'!J116+'4'!J116+'5'!J116+'6'!J116+'7'!J116+'8'!J116+'9'!J116+'10'!J116+'11'!J116+'12'!I116+'13'!J116+'14'!J116+'15'!J116+'16'!J116+'17'!J116+'18'!J116+'19'!I116+'20'!J116+'21'!J116+'22'!I116+'23'!J116+'24'!J116+'25'!J116+'26'!I116+'27'!J116+'28'!J116+'29'!J116 -> 0 | K116: ='1'!K116+'2'!K116+'3'!K116+'4'!K116+'5'!K116+'6'!K116+'7'!K116+'8'!K116+'9'!K116+'10'!K116+'11'!K116+'12'!J116+'13'!K116+'14'!K116+'15'!K116+'16'!K116+'17'!K116+'18'!K116+'19'!J116+'20'!K116+'21'!K116+'22'!J116+'23'!K116+'24'!K116+'25'!K116+'26'!J116+'27'!K116+'28'!K116+'29'!K116 -> 28 | L116: =SUM(D116:K116) -> 373 | Q116: 0
B117: 1113173 | C117: ขนมเปี๊ยะงาดำฝอยทองไข่เค็ม 450 กรัม | D117: ='1'!D117+'2'!D117+'3'!D117+'4'!D117+'5'!D117+'6'!D117+'7'!D117+'8'!D117+'9'!D117+'10'!D117+'11'!D117+'12'!C117+'13'!D117+'14'!D117+'15'!D117+'16'!D117+'17'!D117+'18'!D117+'19'!C117+'20'!D117+'21'!D117+'22'!C117+'23'!D117+'24'!D117+'25'!D117+'26'!C117+'27'!D117+'28'!D117+'29'!D117 -> 0 | E117: ='1'!E117+'2'!E117+'3'!E117+'4'!E117+'5'!E117+'6'!E117+'7'!E117+'8'!E117+'9'!E117+'10'!E117+'11'!E117+'12'!D117+'13'!E117+'14'!E117+'15'!E117+'16'!E117+'17'!E117+'18'!E117+'19'!D117+'20'!E117+'21'!E117+'22'!D117+'23'!E117+'24'!E117+'25'!E117+'26'!D117+'27'!E117+'28'!E117+'29'!E117 -> 0 | F117: ='1'!F117+'2'!F117+'3'!F117+'4'!F117+'5'!F117+'6'!F117+'7'!F117+'8'!F117+'9'!F117+'10'!F117+'11'!F117+'12'!E117+'13'!F117+'14'!F117+'15'!F117+'16'!F117+'17'!F117+'18'!F117+'19'!E117+'20'!F117+'21'!F117+'22'!E117+'23'!F117+'24'!F117+'25'!F117+'26'!E117+'27'!F117+'28'!F117+'29'!F117 -> 0 | G117: ='1'!G117+'2'!G117+'3'!G117+'4'!G117+'5'!G117+'6'!G117+'7'!G117+'8'!G117+'9'!G117+'10'!G117+'11'!G117+'12'!F117+'13'!G117+'14'!G117+'15'!G117+'16'!G117+'17'!G117+'18'!G117+'19'!F117+'20'!G117+'21'!G117+'22'!F117+'23'!G117+'24'!G117+'25'!G117+'26'!F117+'27'!G117+'28'!G117+'29'!G117 -> 0 | H117: ='1'!H117+'2'!H117+'3'!H117+'4'!H117+'5'!H117+'6'!H117+'7'!H117+'8'!H117+'9'!H117+'10'!H117+'11'!H117+'12'!G117+'13'!H117+'14'!H117+'15'!H117+'16'!H117+'17'!H117+'18'!H117+'19'!G117+'20'!H117+'21'!H117+'22'!G117+'23'!H117+'24'!H117+'25'!H117+'26'!G117+'27'!H117+'28'!H117+'29'!H117 -> 0 | I117: ='1'!I117+'2'!I117+'3'!I117+'4'!I117+'5'!I117+'6'!I117+'7'!I117+'8'!I117+'9'!I117+'10'!I117+'11'!I117+'12'!H117+'13'!I117+'14'!I117+'15'!I117+'16'!I117+'17'!I117+'18'!I117+'19'!H117+'20'!I117+'21'!I117+'22'!H117+'23'!I117+'24'!I117+'25'!I117+'26'!H117+'27'!I117+'28'!I117+'29'!I117 -> 0 | J117: ='1'!J117+'2'!J117+'3'!J117+'4'!J117+'5'!J117+'6'!J117+'7'!J117+'8'!J117+'9'!J117+'10'!J117+'11'!J117+'12'!I117+'13'!J117+'14'!J117+'15'!J117+'16'!J117+'17'!J117+'18'!J117+'19'!I117+'20'!J117+'21'!J117+'22'!I117+'23'!J117+'24'!J117+'25'!J117+'26'!I117+'27'!J117+'28'!J117+'29'!J117 -> 0 | K117: ='1'!K117+'2'!K117+'3'!K117+'4'!K117+'5'!K117+'6'!K117+'7'!K117+'8'!K117+'9'!K117+'10'!K117+'11'!K117+'12'!J117+'13'!K117+'14'!K117+'15'!K117+'16'!K117+'17'!K117+'18'!K117+'19'!J117+'20'!K117+'21'!K117+'22'!J117+'23'!K117+'24'!K117+'25'!K117+'26'!J117+'27'!K117+'28'!K117+'29'!K117 -> 0 | L117: =SUM(D117:K117) -> 0 | Q117: 0
B118: 1100003 | C118: เมอแรงค์ กระปุก | D118: ='1'!D118+'2'!D118+'3'!D118+'4'!D118+'5'!D118+'6'!D118+'7'!D118+'8'!D118+'9'!D118+'10'!D118+'11'!D118+'12'!C118+'13'!D118+'14'!D118+'15'!D118+'16'!D118+'17'!D118+'18'!D118+'19'!C118+'20'!D118+'21'!D118+'22'!C118+'23'!D118+'24'!D118+'25'!D118+'26'!C118+'27'!D118+'28'!D118+'29'!D118 -> 0 | E118: ='1'!E118+'2'!E118+'3'!E118+'4'!E118+'5'!E118+'6'!E118+'7'!E118+'8'!E118+'9'!E118+'10'!E118+'11'!E118+'12'!D118+'13'!E118+'14'!E118+'15'!E118+'16'!E118+'17'!E118+'18'!E118+'19'!D118+'20'!E118+'21'!E118+'22'!D118+'23'!E118+'24'!E118+'25'!E118+'26'!D118+'27'!E118+'28'!E118+'29'!E118 -> 45 | F118: ='1'!F118+'2'!F118+'3'!F118+'4'!F118+'5'!F118+'6'!F118+'7'!F118+'8'!F118+'9'!F118+'10'!F118+'11'!F118+'12'!E118+'13'!F118+'14'!F118+'15'!F118+'16'!F118+'17'!F118+'18'!F118+'19'!E118+'20'!F118+'21'!F118+'22'!E118+'23'!F118+'24'!F118+'25'!F118+'26'!E118+'27'!F118+'28'!F118+'29'!F118 -> 5 | G118: ='1'!G118+'2'!G118+'3'!G118+'4'!G118+'5'!G118+'6'!G118+'7'!G118+'8'!G118+'9'!G118+'10'!G118+'11'!G118+'12'!F118+'13'!G118+'14'!G118+'15'!G118+'16'!G118+'17'!G118+'18'!G118+'19'!F118+'20'!G118+'21'!G118+'22'!F118+'23'!G118+'24'!G118+'25'!G118+'26'!F118+'27'!G118+'28'!G118+'29'!G118 -> 0 | H118: ='1'!H118+'2'!H118+'3'!H118+'4'!H118+'5'!H118+'6'!H118+'7'!H118+'8'!H118+'9'!H118+'10'!H118+'11'!H118+'12'!G118+'13'!H118+'14'!H118+'15'!H118+'16'!H118+'17'!H118+'18'!H118+'19'!G118+'20'!H118+'21'!H118+'22'!G118+'23'!H118+'24'!H118+'25'!H118+'26'!G118+'27'!H118+'28'!H118+'29'!H118 -> 0 | I118: ='1'!I118+'2'!I118+'3'!I118+'4'!I118+'5'!I118+'6'!I118+'7'!I118+'8'!I118+'9'!I118+'10'!I118+'11'!I118+'12'!H118+'13'!I118+'14'!I118+'15'!I118+'16'!I118+'17'!I118+'18'!I118+'19'!H118+'20'!I118+'21'!I118+'22'!H118+'23'!I118+'24'!I118+'25'!I118+'26'!H118+'27'!I118+'28'!I118+'29'!I118 -> 0 | J118: ='1'!J118+'2'!J118+'3'!J118+'4'!J118+'5'!J118+'6'!J118+'7'!J118+'8'!J118+'9'!J118+'10'!J118+'11'!J118+'12'!I118+'13'!J118+'14'!J118+'15'!J118+'16'!J118+'17'!J118+'18'!J118+'19'!I118+'20'!J118+'21'!J118+'22'!I118+'23'!J118+'24'!J118+'25'!J118+'26'!I118+'27'!J118+'28'!J118+'29'!J118 -> 0 | K118: ='1'!K118+'2'!K118+'3'!K118+'4'!K118+'5'!K118+'6'!K118+'7'!K118+'8'!K118+'9'!K118+'10'!K118+'11'!K118+'12'!J118+'13'!K118+'14'!K118+'15'!K118+'16'!K118+'17'!K118+'18'!K118+'19'!J118+'20'!K118+'21'!K118+'22'!J118+'23'!K118+'24'!K118+'25'!K118+'26'!J118+'27'!K118+'28'!K118+'29'!K118 -> 0 | L118: =SUM(D118:K118) -> 50 | N118: 24 | Q118: 24
B119: 1100001 | C119: พายสับปรด 1 ชิ้น | D119: ='1'!D119+'2'!D119+'3'!D119+'4'!D119+'5'!D119+'6'!D119+'7'!D119+'8'!D119+'9'!D119+'10'!D119+'11'!D119+'12'!C119+'13'!D119+'14'!D119+'15'!D119+'16'!D119+'17'!D119+'18'!D119+'19'!C119+'20'!D119+'21'!D119+'22'!C119+'23'!D119+'24'!D119+'25'!D119+'26'!C119+'27'!D119+'28'!D119+'29'!D119 -> 0 | E119: ='1'!E119+'2'!E119+'3'!E119+'4'!E119+'5'!E119+'6'!E119+'7'!E119+'8'!E119+'9'!E119+'10'!E119+'11'!E119+'12'!D119+'13'!E119+'14'!E119+'15'!E119+'16'!E119+'17'!E119+'18'!E119+'19'!D119+'20'!E119+'21'!E119+'22'!D119+'23'!E119+'24'!E119+'25'!E119+'26'!D119+'27'!E119+'28'!E119+'29'!E119 -> 20 | F119: ='1'!F119+'2'!F119+'3'!F119+'4'!F119+'5'!F119+'6'!F119+'7'!F119+'8'!F119+'9'!F119+'10'!F119+'11'!F119+'12'!E119+'13'!F119+'14'!F119+'15'!F119+'16'!F119+'17'!F119+'18'!F119+'19'!E119+'20'!F119+'21'!F119+'22'!E119+'23'!F119+'24'!F119+'25'!F119+'26'!E119+'27'!F119+'28'!F119+'29'!F119 -> 56 | G119: ='1'!G119+'2'!G119+'3'!G119+'4'!G119+'5'!G119+'6'!G119+'7'!G119+'8'!G119+'9'!G119+'10'!G119+'11'!G119+'12'!F119+'13'!G119+'14'!G119+'15'!G119+'16'!G119+'17'!G119+'18'!G119+'19'!F119+'20'!G119+'21'!G119+'22'!F119+'23'!G119+'24'!G119+'25'!G119+'26'!F119+'27'!G119+'28'!G119+'29'!G119 -> 124 | H119: ='1'!H119+'2'!H119+'3'!H119+'4'!H119+'5'!H119+'6'!H119+'7'!H119+'8'!H119+'9'!H119+'10'!H119+'11'!H119+'12'!G119+'13'!H119+'14'!H119+'15'!H119+'16'!H119+'17'!H119+'18'!H119+'19'!G119+'20'!H119+'21'!H119+'22'!G119+'23'!H119+'24'!H119+'25'!H119+'26'!G119+'27'!H119+'28'!H119+'29'!H119 -> 0 | I119: ='1'!I119+'2'!I119+'3'!I119+'4'!I119+'5'!I119+'6'!I119+'7'!I119+'8'!I119+'9'!I119+'10'!I119+'11'!I119+'12'!H119+'13'!I119+'14'!I119+'15'!I119+'16'!I119+'17'!I119+'18'!I119+'19'!H119+'20'!I119+'21'!I119+'22'!H119+'23'!I119+'24'!I119+'25'!I119+'26'!H119+'27'!I119+'28'!I119+'29'!I119 -> 0 | J119: ='1'!J119+'2'!J119+'3'!J119+'4'!J119+'5'!J119+'6'!J119+'7'!J119+'8'!J119+'9'!J119+'10'!J119+'11'!J119+'12'!I119+'13'!J119+'14'!J119+'15'!J119+'16'!J119+'17'!J119+'18'!J119+'19'!I119+'20'!J119+'21'!J119+'22'!I119+'23'!J119+'24'!J119+'25'!J119+'26'!I119+'27'!J119+'28'!J119+'29'!J119 -> 0 | K119: ='1'!K119+'2'!K119+'3'!K119+'4'!K119+'5'!K119+'6'!K119+'7'!K119+'8'!K119+'9'!K119+'10'!K119+'11'!K119+'12'!J119+'13'!K119+'14'!K119+'15'!K119+'16'!K119+'17'!K119+'18'!K119+'19'!J119+'20'!K119+'21'!K119+'22'!J119+'23'!K119+'24'!K119+'25'!K119+'26'!J119+'27'!K119+'28'!K119+'29'!K119 -> 0 | L119: =SUM(D119:K119) -> 200 | Q119: 0
B120: 1100002 | C120: พายสับปรด 1 กล่อง | D120: ='1'!D120+'2'!D120+'3'!D120+'4'!D120+'5'!D120+'6'!D120+'7'!D120+'8'!D120+'9'!D120+'10'!D120+'11'!D120+'12'!C120+'13'!D120+'14'!D120+'15'!D120+'16'!D120+'17'!D120+'18'!D120+'19'!C120+'20'!D120+'21'!D120+'22'!C120+'23'!D120+'24'!D120+'25'!D120+'26'!C120+'27'!D120+'28'!D120+'29'!D120 -> 0 | E120: ='1'!E120+'2'!E120+'3'!E120+'4'!E120+'5'!E120+'6'!E120+'7'!E120+'8'!E120+'9'!E120+'10'!E120+'11'!E120+'12'!D120+'13'!E120+'14'!E120+'15'!E120+'16'!E120+'17'!E120+'18'!E120+'19'!D120+'20'!E120+'21'!E120+'22'!D120+'23'!E120+'24'!E120+'25'!E120+'26'!D120+'27'!E120+'28'!E120+'29'!E120 -> 50 | F120: ='1'!F120+'2'!F120+'3'!F120+'4'!F120+'5'!F120+'6'!F120+'7'!F120+'8'!F120+'9'!F120+'10'!F120+'11'!F120+'12'!E120+'13'!F120+'14'!F120+'15'!F120+'16'!F120+'17'!F120+'18'!F120+'19'!E120+'20'!F120+'21'!F120+'22'!E120+'23'!F120+'24'!F120+'25'!F120+'26'!E120+'27'!F120+'28'!F120+'29'!F120 -> 3 | G120: ='1'!G120+'2'!G120+'3'!G120+'4'!G120+'5'!G120+'6'!G120+'7'!G120+'8'!G120+'9'!G120+'10'!G120+'11'!G120+'12'!F120+'13'!G120+'14'!G120+'15'!G120+'16'!G120+'17'!G120+'18'!G120+'19'!F120+'20'!G120+'21'!G120+'22'!F120+'23'!G120+'24'!G120+'25'!G120+'26'!F120+'27'!G120+'28'!G120+'29'!G120 -> 41 | H120: ='1'!H120+'2'!H120+'3'!H120+'4'!H120+'5'!H120+'6'!H120+'7'!H120+'8'!H120+'9'!H120+'10'!H120+'11'!H120+'12'!G120+'13'!H120+'14'!H120+'15'!H120+'16'!H120+'17'!H120+'18'!H120+'19'!G120+'20'!H120+'21'!H120+'22'!G120+'23'!H120+'24'!H120+'25'!H120+'26'!G120+'27'!H120+'28'!H120+'29'!H120 -> 9 | I120: ='1'!I120+'2'!I120+'3'!I120+'4'!I120+'5'!I120+'6'!I120+'7'!I120+'8'!I120+'9'!I120+'10'!I120+'11'!I120+'12'!H120+'13'!I120+'14'!I120+'15'!I120+'16'!I120+'17'!I120+'18'!I120+'19'!H120+'20'!I120+'21'!I120+'22'!H120+'23'!I120+'24'!I120+'25'!I120+'26'!H120+'27'!I120+'28'!I120+'29'!I120 -> 0 | J120: ='1'!J120+'2'!J120+'3'!J120+'4'!J120+'5'!J120+'6'!J120+'7'!J120+'8'!J120+'9'!J120+'10'!J120+'11'!J120+'12'!I120+'13'!J120+'14'!J120+'15'!J120+'16'!J120+'17'!J120+'18'!J120+'19'!I120+'20'!J120+'21'!J120+'22'!I120+'23'!J120+'24'!J120+'25'!J120+'26'!I120+'27'!J120+'28'!J120+'29'!J120 -> 0 | K120: ='1'!K120+'2'!K120+'3'!K120+'4'!K120+'5'!K120+'6'!K120+'7'!K120+'8'!K120+'9'!K120+'10'!K120+'11'!K120+'12'!J120+'13'!K120+'14'!K120+'15'!K120+'16'!K120+'17'!K120+'18'!K120+'19'!J120+'20'!K120+'21'!K120+'22'!J120+'23'!K120+'24'!K120+'25'!K120+'26'!J120+'27'!K120+'28'!K120+'29'!K120 -> 10 | L120: =SUM(D120:K120) -> 113 | Q120: -4
B121: 1200001 | C121: คอนเฟลค | D121: ='1'!D121+'2'!D121+'3'!D121+'4'!D121+'5'!D121+'6'!D121+'7'!D121+'8'!D121+'9'!D121+'10'!D121+'11'!D121+'12'!C121+'13'!D121+'14'!D121+'15'!D121+'16'!D121+'17'!D121+'18'!D121+'19'!C121+'20'!D121+'21'!D121+'22'!C121+'23'!D121+'24'!D121+'25'!D121+'26'!C121+'27'!D121+'28'!D121+'29'!D121 -> 90 | E121: ='1'!E121+'2'!E121+'3'!E121+'4'!E121+'5'!E121+'6'!E121+'7'!E121+'8'!E121+'9'!E121+'10'!E121+'11'!E121+'12'!D121+'13'!E121+'14'!E121+'15'!E121+'16'!E121+'17'!E121+'18'!E121+'19'!D121+'20'!E121+'21'!E121+'22'!D121+'23'!E121+'24'!E121+'25'!E121+'26'!D121+'27'!E121+'28'!E121+'29'!E121 -> 22 | F121: ='1'!F121+'2'!F121+'3'!F121+'4'!F121+'5'!F121+'6'!F121+'7'!F121+'8'!F121+'9'!F121+'10'!F121+'11'!F121+'12'!E121+'13'!F121+'14'!F121+'15'!F121+'16'!F121+'17'!F121+'18'!F121+'19'!E121+'20'!F121+'21'!F121+'22'!E121+'23'!F121+'24'!F121+'25'!F121+'26'!E121+'27'!F121+'28'!F121+'29'!F121 -> 10 | G121: ='1'!G121+'2'!G121+'3'!G121+'4'!G121+'5'!G121+'6'!G121+'7'!G121+'8'!G121+'9'!G121+'10'!G121+'11'!G121+'12'!F121+'13'!G121+'14'!G121+'15'!G121+'16'!G121+'17'!G121+'18'!G121+'19'!F121+'20'!G121+'21'!G121+'22'!F121+'23'!G121+'24'!G121+'25'!G121+'26'!F121+'27'!G121+'28'!G121+'29'!G121 -> 0 | H121: ='1'!H121+'2'!H121+'3'!H121+'4'!H121+'5'!H121+'6'!H121+'7'!H121+'8'!H121+'9'!H121+'10'!H121+'11'!H121+'12'!G121+'13'!H121+'14'!H121+'15'!H121+'16'!H121+'17'!H121+'18'!H121+'19'!G121+'20'!H121+'21'!H121+'22'!G121+'23'!H121+'24'!H121+'25'!H121+'26'!G121+'27'!H121+'28'!H121+'29'!H121 -> 0 | I121: ='1'!I121+'2'!I121+'3'!I121+'4'!I121+'5'!I121+'6'!I121+'7'!I121+'8'!I121+'9'!I121+'10'!I121+'11'!I121+'12'!H121+'13'!I121+'14'!I121+'15'!I121+'16'!I121+'17'!I121+'18'!I121+'19'!H121+'20'!I121+'21'!I121+'22'!H121+'23'!I121+'24'!I121+'25'!I121+'26'!H121+'27'!I121+'28'!I121+'29'!I121 -> 0 | J121: ='1'!J121+'2'!J121+'3'!J121+'4'!J121+'5'!J121+'6'!J121+'7'!J121+'8'!J121+'9'!J121+'10'!J121+'11'!J121+'12'!I121+'13'!J121+'14'!J121+'15'!J121+'16'!J121+'17'!J121+'18'!J121+'19'!I121+'20'!J121+'21'!J121+'22'!I121+'23'!J121+'24'!J121+'25'!J121+'26'!I121+'27'!J121+'28'!J121+'29'!J121 -> 0 | K121: ='1'!K121+'2'!K121+'3'!K121+'4'!K121+'5'!K121+'6'!K121+'7'!K121+'8'!K121+'9'!K121+'10'!K121+'11'!K121+'12'!J121+'13'!K121+'14'!K121+'15'!K121+'16'!K121+'17'!K121+'18'!K121+'19'!J121+'20'!K121+'21'!K121+'22'!J121+'23'!K121+'24'!K121+'25'!K121+'26'!J121+'27'!K121+'28'!K121+'29'!K121 -> 7 | L121: =SUM(D121:K121) -> 129 | N121: 45 | Q121: 45
B122: 1005761 | C122: ปังกรอบคาราเมล(ถุง) | D122: ='1'!D122+'2'!D122+'3'!D122+'4'!D122+'5'!D122+'6'!D122+'7'!D122+'8'!D122+'9'!D122+'10'!D122+'11'!D122+'12'!C122+'13'!D122+'14'!D122+'15'!D122+'16'!D122+'17'!D122+'18'!D122+'19'!C122+'20'!D122+'21'!D122+'22'!C122+'23'!D122+'24'!D122+'25'!D122+'26'!C122+'27'!D122+'28'!D122+'29'!D122 -> 3 | E122: ='1'!E122+'2'!E122+'3'!E122+'4'!E122+'5'!E122+'6'!E122+'7'!E122+'8'!E122+'9'!E122+'10'!E122+'11'!E122+'12'!D122+'13'!E122+'14'!E122+'15'!E122+'16'!E122+'17'!E122+'18'!E122+'19'!D122+'20'!E122+'21'!E122+'22'!D122+'23'!E122+'24'!E122+'25'!E122+'26'!D122+'27'!E122+'28'!E122+'29'!E122 -> 10 | F122: ='1'!F122+'2'!F122+'3'!F122+'4'!F122+'5'!F122+'6'!F122+'7'!F122+'8'!F122+'9'!F122+'10'!F122+'11'!F122+'12'!E122+'13'!F122+'14'!F122+'15'!F122+'16'!F122+'17'!F122+'18'!F122+'19'!E122+'20'!F122+'21'!F122+'22'!E122+'23'!F122+'24'!F122+'25'!F122+'26'!E122+'27'!F122+'28'!F122+'29'!F122 -> 18 | G122: ='1'!G122+'2'!G122+'3'!G122+'4'!G122+'5'!G122+'6'!G122+'7'!G122+'8'!G122+'9'!G122+'10'!G122+'11'!G122+'12'!F122+'13'!G122+'14'!G122+'15'!G122+'16'!G122+'17'!G122+'18'!G122+'19'!F122+'20'!G122+'21'!G122+'22'!F122+'23'!G122+'24'!G122+'25'!G122+'26'!F122+'27'!G122+'28'!G122+'29'!G122 -> 0 | H122: ='1'!H122+'2'!H122+'3'!H122+'4'!H122+'5'!H122+'6'!H122+'7'!H122+'8'!H122+'9'!H122+'10'!H122+'11'!H122+'12'!G122+'13'!H122+'14'!H122+'15'!H122+'16'!H122+'17'!H122+'18'!H122+'19'!G122+'20'!H122+'21'!H122+'22'!G122+'23'!H122+'24'!H122+'25'!H122+'26'!G122+'27'!H122+'28'!H122+'29'!H122 -> 0 | I122: ='1'!I122+'2'!I122+'3'!I122+'4'!I122+'5'!I122+'6'!I122+'7'!I122+'8'!I122+'9'!I122+'10'!I122+'11'!I122+'12'!H122+'13'!I122+'14'!I122+'15'!I122+'16'!I122+'17'!I122+'18'!I122+'19'!H122+'20'!I122+'21'!I122+'22'!H122+'23'!I122+'24'!I122+'25'!I122+'26'!H122+'27'!I122+'28'!I122+'29'!I122 -> 0 | J122: ='1'!J122+'2'!J122+'3'!J122+'4'!J122+'5'!J122+'6'!J122+'7'!J122+'8'!J122+'9'!J122+'10'!J122+'11'!J122+'12'!I122+'13'!J122+'14'!J122+'15'!J122+'16'!J122+'17'!J122+'18'!J122+'19'!I122+'20'!J122+'21'!J122+'22'!I122+'23'!J122+'24'!J122+'25'!J122+'26'!I122+'27'!J122+'28'!J122+'29'!J122 -> 0 | K122: ='1'!K122+'2'!K122+'3'!K122+'4'!K122+'5'!K122+'6'!K122+'7'!K122+'8'!K122+'9'!K122+'10'!K122+'11'!K122+'12'!J122+'13'!K122+'14'!K122+'15'!K122+'16'!K122+'17'!K122+'18'!K122+'19'!J122+'20'!K122+'21'!K122+'22'!J122+'23'!K122+'24'!K122+'25'!K122+'26'!J122+'27'!K122+'28'!K122+'29'!K122 -> 0 | L122: =SUM(D122:K122) -> 31 | Q122: 0
B123: 1114501 | C123: ครีมฮอร์นไส้เนย วนิลา | D123: ='1'!D123+'2'!D123+'3'!D123+'4'!D123+'5'!D123+'6'!D123+'7'!D123+'8'!D123+'9'!D123+'10'!D123+'11'!D123+'12'!C123+'13'!D123+'14'!D123+'15'!D123+'16'!D123+'17'!D123+'18'!D123+'19'!C123+'20'!D123+'21'!D123+'22'!C123+'23'!D123+'24'!D123+'25'!D123+'26'!C123+'27'!D123+'28'!D123+'29'!D123 -> 8 | E123: ='1'!E123+'2'!E123+'3'!E123+'4'!E123+'5'!E123+'6'!E123+'7'!E123+'8'!E123+'9'!E123+'10'!E123+'11'!E123+'12'!D123+'13'!E123+'14'!E123+'15'!E123+'16'!E123+'17'!E123+'18'!E123+'19'!D123+'20'!E123+'21'!E123+'22'!D123+'23'!E123+'24'!E123+'25'!E123+'26'!D123+'27'!E123+'28'!E123+'29'!E123 -> 102 | F123: ='1'!F123+'2'!F123+'3'!F123+'4'!F123+'5'!F123+'6'!F123+'7'!F123+'8'!F123+'9'!F123+'10'!F123+'11'!F123+'12'!E123+'13'!F123+'14'!F123+'15'!F123+'16'!F123+'17'!F123+'18'!F123+'19'!E123+'20'!F123+'21'!F123+'22'!E123+'23'!F123+'24'!F123+'25'!F123+'26'!E123+'27'!F123+'28'!F123+'29'!F123 -> 197 | G123: ='1'!G123+'2'!G123+'3'!G123+'4'!G123+'5'!G123+'6'!G123+'7'!G123+'8'!G123+'9'!G123+'10'!G123+'11'!G123+'12'!F123+'13'!G123+'14'!G123+'15'!G123+'16'!G123+'17'!G123+'18'!G123+'19'!F123+'20'!G123+'21'!G123+'22'!F123+'23'!G123+'24'!G123+'25'!G123+'26'!F123+'27'!G123+'28'!G123+'29'!G123 -> 2203 | H123: ='1'!H123+'2'!H123+'3'!H123+'4'!H123+'5'!H123+'6'!H123+'7'!H123+'8'!H123+'9'!H123+'10'!H123+'11'!H123+'12'!G123+'13'!H123+'14'!H123+'15'!H123+'16'!H123+'17'!H123+'18'!H123+'19'!G123+'20'!H123+'21'!H123+'22'!G123+'23'!H123+'24'!H123+'25'!H123+'26'!G123+'27'!H123+'28'!H123+'29'!H123 -> 275 | I123: ='1'!I123+'2'!I123+'3'!I123+'4'!I123+'5'!I123+'6'!I123+'7'!I123+'8'!I123+'9'!I123+'10'!I123+'11'!I123+'12'!H123+'13'!I123+'14'!I123+'15'!I123+'16'!I123+'17'!I123+'18'!I123+'19'!H123+'20'!I123+'21'!I123+'22'!H123+'23'!I123+'24'!I123+'25'!I123+'26'!H123+'27'!I123+'28'!I123+'29'!I123 -> 0 | J123: ='1'!J123+'2'!J123+'3'!J123+'4'!J123+'5'!J123+'6'!J123+'7'!J123+'8'!J123+'9'!J123+'10'!J123+'11'!J123+'12'!I123+'13'!J123+'14'!J123+'15'!J123+'16'!J123+'17'!J123+'18'!J123+'19'!I123+'20'!J123+'21'!J123+'22'!I123+'23'!J123+'24'!J123+'25'!J123+'26'!I123+'27'!J123+'28'!J123+'29'!J123 -> 0 | K123: ='1'!K123+'2'!K123+'3'!K123+'4'!K123+'5'!K123+'6'!K123+'7'!K123+'8'!K123+'9'!K123+'10'!K123+'11'!K123+'12'!J123+'13'!K123+'14'!K123+'15'!K123+'16'!K123+'17'!K123+'18'!K123+'19'!J123+'20'!K123+'21'!K123+'22'!J123+'23'!K123+'24'!K123+'25'!K123+'26'!J123+'27'!K123+'28'!K123+'29'!K123 -> 0 | L123: =SUM(D123:K123) -> 2785 | N123: 12 | Q123: 12
B124: 1114502 | C124: ครีมฮอร์นไส้เนย ใบเตย | D124: ='1'!D124+'2'!D124+'3'!D124+'4'!D124+'5'!D124+'6'!D124+'7'!D124+'8'!D124+'9'!D124+'10'!D124+'11'!D124+'12'!C124+'13'!D124+'14'!D124+'15'!D124+'16'!D124+'17'!D124+'18'!D124+'19'!C124+'20'!D124+'21'!D124+'22'!C124+'23'!D124+'24'!D124+'25'!D124+'26'!C124+'27'!D124+'28'!D124+'29'!D124 -> 8 | E124: ='1'!E124+'2'!E124+'3'!E124+'4'!E124+'5'!E124+'6'!E124+'7'!E124+'8'!E124+'9'!E124+'10'!E124+'11'!E124+'12'!D124+'13'!E124+'14'!E124+'15'!E124+'16'!E124+'17'!E124+'18'!E124+'19'!D124+'20'!E124+'21'!E124+'22'!D124+'23'!E124+'24'!E124+'25'!E124+'26'!D124+'27'!E124+'28'!E124+'29'!E124 -> 97 | F124: ='1'!F124+'2'!F124+'3'!F124+'4'!F124+'5'!F124+'6'!F124+'7'!F124+'8'!F124+'9'!F124+'10'!F124+'11'!F124+'12'!E124+'13'!F124+'14'!F124+'15'!F124+'16'!F124+'17'!F124+'18'!F124+'19'!E124+'20'!F124+'21'!F124+'22'!E124+'23'!F124+'24'!F124+'25'!F124+'26'!E124+'27'!F124+'28'!F124+'29'!F124 -> 178 | G124: ='1'!G124+'2'!G124+'3'!G124+'4'!G124+'5'!G124+'6'!G124+'7'!G124+'8'!G124+'9'!G124+'10'!G124+'11'!G124+'12'!F124+'13'!G124+'14'!G124+'15'!G124+'16'!G124+'17'!G124+'18'!G124+'19'!F124+'20'!G124+'21'!G124+'22'!F124+'23'!G124+'24'!G124+'25'!G124+'26'!F124+'27'!G124+'28'!G124+'29'!G124 -> 2088 | H124: ='1'!H124+'2'!H124+'3'!H124+'4'!H124+'5'!H124+'6'!H124+'7'!H124+'8'!H124+'9'!H124+'10'!H124+'11'!H124+'12'!G124+'13'!H124+'14'!H124+'15'!H124+'16'!H124+'17'!H124+'18'!H124+'19'!G124+'20'!H124+'21'!H124+'22'!G124+'23'!H124+'24'!H124+'25'!H124+'26'!G124+'27'!H124+'28'!H124+'29'!H124 -> 270 | I124: ='1'!I124+'2'!I124+'3'!I124+'4'!I124+'5'!I124+'6'!I124+'7'!I124+'8'!I124+'9'!I124+'10'!I124+'11'!I124+'12'!H124+'13'!I124+'14'!I124+'15'!I124+'16'!I124+'17'!I124+'18'!I124+'19'!H124+'20'!I124+'21'!I124+'22'!H124+'23'!I124+'24'!I124+'25'!I124+'26'!H124+'27'!I124+'28'!I124+'29'!I124 -> 0 | J124: ='1'!J124+'2'!J124+'3'!J124+'4'!J124+'5'!J124+'6'!J124+'7'!J124+'8'!J124+'9'!J124+'10'!J124+'11'!J124+'12'!I124+'13'!J124+'14'!J124+'15'!J124+'16'!J124+'17'!J124+'18'!J124+'19'!I124+'20'!J124+'21'!J124+'22'!I124+'23'!J124+'24'!J124+'25'!J124+'26'!I124+'27'!J124+'28'!J124+'29'!J124 -> 0 | K124: ='1'!K124+'2'!K124+'3'!K124+'4'!K124+'5'!K124+'6'!K124+'7'!K124+'8'!K124+'9'!K124+'10'!K124+'11'!K124+'12'!J124+'13'!K124+'14'!K124+'15'!K124+'16'!K124+'17'!K124+'18'!K124+'19'!J124+'20'!K124+'21'!K124+'22'!J124+'23'!K124+'24'!K124+'25'!K124+'26'!J124+'27'!K124+'28'!K124+'29'!K124 -> 0 | L124: =SUM(D124:K124) -> 2641 | N124: 3 | Q124: 3
B125: 1114503 | C125: ครีมฮอร์นไส้เนย ชอค | D125: ='1'!D125+'2'!D125+'3'!D125+'4'!D125+'5'!D125+'6'!D125+'7'!D125+'8'!D125+'9'!D125+'10'!D125+'11'!D125+'12'!C125+'13'!D125+'14'!D125+'15'!D125+'16'!D125+'17'!D125+'18'!D125+'19'!C125+'20'!D125+'21'!D125+'22'!C125+'23'!D125+'24'!D125+'25'!D125+'26'!C125+'27'!D125+'28'!D125+'29'!D125 -> 12 | E125: ='1'!E125+'2'!E125+'3'!E125+'4'!E125+'5'!E125+'6'!E125+'7'!E125+'8'!E125+'9'!E125+'10'!E125+'11'!E125+'12'!D125+'13'!E125+'14'!E125+'15'!E125+'16'!E125+'17'!E125+'18'!E125+'19'!D125+'20'!E125+'21'!E125+'22'!D125+'23'!E125+'24'!E125+'25'!E125+'26'!D125+'27'!E125+'28'!E125+'29'!E125 -> 60 | F125: ='1'!F125+'2'!F125+'3'!F125+'4'!F125+'5'!F125+'6'!F125+'7'!F125+'8'!F125+'9'!F125+'10'!F125+'11'!F125+'12'!E125+'13'!F125+'14'!F125+'15'!F125+'16'!F125+'17'!F125+'18'!F125+'19'!E125+'20'!F125+'21'!F125+'22'!E125+'23'!F125+'24'!F125+'25'!F125+'26'!E125+'27'!F125+'28'!F125+'29'!F125 -> 168 | G125: ='1'!G125+'2'!G125+'3'!G125+'4'!G125+'5'!G125+'6'!G125+'7'!G125+'8'!G125+'9'!G125+'10'!G125+'11'!G125+'12'!F125+'13'!G125+'14'!G125+'15'!G125+'16'!G125+'17'!G125+'18'!G125+'19'!F125+'20'!G125+'21'!G125+'22'!F125+'23'!G125+'24'!G125+'25'!G125+'26'!F125+'27'!G125+'28'!G125+'29'!G125 -> 2206 | H125: ='1'!H125+'2'!H125+'3'!H125+'4'!H125+'5'!H125+'6'!H125+'7'!H125+'8'!H125+'9'!H125+'10'!H125+'11'!H125+'12'!G125+'13'!H125+'14'!H125+'15'!H125+'16'!H125+'17'!H125+'18'!H125+'19'!G125+'20'!H125+'21'!H125+'22'!G125+'23'!H125+'24'!H125+'25'!H125+'26'!G125+'27'!H125+'28'!H125+'29'!H125 -> 279 | I125: ='1'!I125+'2'!I125+'3'!I125+'4'!I125+'5'!I125+'6'!I125+'7'!I125+'8'!I125+'9'!I125+'10'!I125+'11'!I125+'12'!H125+'13'!I125+'14'!I125+'15'!I125+'16'!I125+'17'!I125+'18'!I125+'19'!H125+'20'!I125+'21'!I125+'22'!H125+'23'!I125+'24'!I125+'25'!I125+'26'!H125+'27'!I125+'28'!I125+'29'!I125 -> 0 | J125: ='1'!J125+'2'!J125+'3'!J125+'4'!J125+'5'!J125+'6'!J125+'7'!J125+'8'!J125+'9'!J125+'10'!J125+'11'!J125+'12'!I125+'13'!J125+'14'!J125+'15'!J125+'16'!J125+'17'!J125+'18'!J125+'19'!I125+'20'!J125+'21'!J125+'22'!I125+'23'!J125+'24'!J125+'25'!J125+'26'!I125+'27'!J125+'28'!J125+'29'!J125 -> 0 | K125: ='1'!K125+'2'!K125+'3'!K125+'4'!K125+'5'!K125+'6'!K125+'7'!K125+'8'!K125+'9'!K125+'10'!K125+'11'!K125+'12'!J125+'13'!K125+'14'!K125+'15'!K125+'16'!K125+'17'!K125+'18'!K125+'19'!J125+'20'!K125+'21'!K125+'22'!J125+'23'!K125+'24'!K125+'25'!K125+'26'!J125+'27'!K125+'28'!K125+'29'!K125 -> 0 | L125: =SUM(D125:K125) -> 2725 | N125: 3 | Q125: 3
B126: 1124021 | C126: ขนมปังหั่นสไลด์ | D126: ='1'!D126+'2'!D126+'3'!D126+'4'!D126+'5'!D126+'6'!D126+'7'!D126+'8'!D126+'9'!D126+'10'!D126+'11'!D126+'12'!C126+'13'!D126+'14'!D126+'15'!D126+'16'!D126+'17'!D126+'18'!D126+'19'!C126+'20'!D126+'21'!D126+'22'!C126+'23'!D126+'24'!D126+'25'!D126+'26'!C126+'27'!D126+'28'!D126+'29'!D126 -> 99 | E126: ='1'!E126+'2'!E126+'3'!E126+'4'!E126+'5'!E126+'6'!E126+'7'!E126+'8'!E126+'9'!E126+'10'!E126+'11'!E126+'12'!D126+'13'!E126+'14'!E126+'15'!E126+'16'!E126+'17'!E126+'18'!E126+'19'!D126+'20'!E126+'21'!E126+'22'!D126+'23'!E126+'24'!E126+'25'!E126+'26'!D126+'27'!E126+'28'!E126+'29'!E126 -> 748 | F126: ='1'!F126+'2'!F126+'3'!F126+'4'!F126+'5'!F126+'6'!F126+'7'!F126+'8'!F126+'9'!F126+'10'!F126+'11'!F126+'12'!E126+'13'!F126+'14'!F126+'15'!F126+'16'!F126+'17'!F126+'18'!F126+'19'!E126+'20'!F126+'21'!F126+'22'!E126+'23'!F126+'24'!F126+'25'!F126+'26'!E126+'27'!F126+'28'!F126+'29'!F126 -> 1531 | G126: ='1'!G126+'2'!G126+'3'!G126+'4'!G126+'5'!G126+'6'!G126+'7'!G126+'8'!G126+'9'!G126+'10'!G126+'11'!G126+'12'!F126+'13'!G126+'14'!G126+'15'!G126+'16'!G126+'17'!G126+'18'!G126+'19'!F126+'20'!G126+'21'!G126+'22'!F126+'23'!G126+'24'!G126+'25'!G126+'26'!F126+'27'!G126+'28'!G126+'29'!G126 -> 1519 | H126: ='1'!H126+'2'!H126+'3'!H126+'4'!H126+'5'!H126+'6'!H126+'7'!H126+'8'!H126+'9'!H126+'10'!H126+'11'!H126+'12'!G126+'13'!H126+'14'!H126+'15'!H126+'16'!H126+'17'!H126+'18'!H126+'19'!G126+'20'!H126+'21'!H126+'22'!G126+'23'!H126+'24'!H126+'25'!H126+'26'!G126+'27'!H126+'28'!H126+'29'!H126 -> 181 | I126: ='1'!I126+'2'!I126+'3'!I126+'4'!I126+'5'!I126+'6'!I126+'7'!I126+'8'!I126+'9'!I126+'10'!I126+'11'!I126+'12'!H126+'13'!I126+'14'!I126+'15'!I126+'16'!I126+'17'!I126+'18'!I126+'19'!H126+'20'!I126+'21'!I126+'22'!H126+'23'!I126+'24'!I126+'25'!I126+'26'!H126+'27'!I126+'28'!I126+'29'!I126 -> 0 | J126: ='1'!J126+'2'!J126+'3'!J126+'4'!J126+'5'!J126+'6'!J126+'7'!J126+'8'!J126+'9'!J126+'10'!J126+'11'!J126+'12'!I126+'13'!J126+'14'!J126+'15'!J126+'16'!J126+'17'!J126+'18'!J126+'19'!I126+'20'!J126+'21'!J126+'22'!I126+'23'!J126+'24'!J126+'25'!J126+'26'!I126+'27'!J126+'28'!J126+'29'!J126 -> 0 | K126: ='1'!K126+'2'!K126+'3'!K126+'4'!K126+'5'!K126+'6'!K126+'7'!K126+'8'!K126+'9'!K126+'10'!K126+'11'!K126+'12'!J126+'13'!K126+'14'!K126+'15'!K126+'16'!K126+'17'!K126+'18'!K126+'19'!J126+'20'!K126+'21'!K126+'22'!J126+'23'!K126+'24'!K126+'25'!K126+'26'!J126+'27'!K126+'28'!K126+'29'!K126 -> 279 | L126: =SUM(D126:K126) -> 4357 | Q126: -3
B127: 1113084 | C127: ปังเนยนิ่ม กล่อง 2 ชิ้น | D127: ='1'!D127+'2'!D127+'3'!D127+'4'!D127+'5'!D127+'6'!D127+'7'!D127+'8'!D127+'9'!D127+'10'!D127+'11'!D127+'12'!C127+'13'!D127+'14'!D127+'15'!D127+'16'!D127+'17'!D127+'18'!D127+'19'!C127+'20'!D127+'21'!D127+'22'!C127+'23'!D127+'24'!D127+'25'!D127+'26'!C127+'27'!D127+'28'!D127+'29'!D127 -> 0 | E127: ='1'!E127+'2'!E127+'3'!E127+'4'!E127+'5'!E127+'6'!E127+'7'!E127+'8'!E127+'9'!E127+'10'!E127+'11'!E127+'12'!D127+'13'!E127+'14'!E127+'15'!E127+'16'!E127+'17'!E127+'18'!E127+'19'!D127+'20'!E127+'21'!E127+'22'!D127+'23'!E127+'24'!E127+'25'!E127+'26'!D127+'27'!E127+'28'!E127+'29'!E127 -> 0 | F127: ='1'!F127+'2'!F127+'3'!F127+'4'!F127+'5'!F127+'6'!F127+'7'!F127+'8'!F127+'9'!F127+'10'!F127+'11'!F127+'12'!E127+'13'!F127+'14'!F127+'15'!F127+'16'!F127+'17'!F127+'18'!F127+'19'!E127+'20'!F127+'21'!F127+'22'!E127+'23'!F127+'24'!F127+'25'!F127+'26'!E127+'27'!F127+'28'!F127+'29'!F127 -> 0 | G127: ='1'!G127+'2'!G127+'3'!G127+'4'!G127+'5'!G127+'6'!G127+'7'!G127+'8'!G127+'9'!G127+'10'!G127+'11'!G127+'12'!F127+'13'!G127+'14'!G127+'15'!G127+'16'!G127+'17'!G127+'18'!G127+'19'!F127+'20'!G127+'21'!G127+'22'!F127+'23'!G127+'24'!G127+'25'!G127+'26'!F127+'27'!G127+'28'!G127+'29'!G127 -> 0 | H127: ='1'!H127+'2'!H127+'3'!H127+'4'!H127+'5'!H127+'6'!H127+'7'!H127+'8'!H127+'9'!H127+'10'!H127+'11'!H127+'12'!G127+'13'!H127+'14'!H127+'15'!H127+'16'!H127+'17'!H127+'18'!H127+'19'!G127+'20'!H127+'21'!H127+'22'!G127+'23'!H127+'24'!H127+'25'!H127+'26'!G127+'27'!H127+'28'!H127+'29'!H127 -> 0 | I127: ='1'!I127+'2'!I127+'3'!I127+'4'!I127+'5'!I127+'6'!I127+'7'!I127+'8'!I127+'9'!I127+'10'!I127+'11'!I127+'12'!H127+'13'!I127+'14'!I127+'15'!I127+'16'!I127+'17'!I127+'18'!I127+'19'!H127+'20'!I127+'21'!I127+'22'!H127+'23'!I127+'24'!I127+'25'!I127+'26'!H127+'27'!I127+'28'!I127+'29'!I127 -> 0 | J127: ='1'!J127+'2'!J127+'3'!J127+'4'!J127+'5'!J127+'6'!J127+'7'!J127+'8'!J127+'9'!J127+'10'!J127+'11'!J127+'12'!I127+'13'!J127+'14'!J127+'15'!J127+'16'!J127+'17'!J127+'18'!J127+'19'!I127+'20'!J127+'21'!J127+'22'!I127+'23'!J127+'24'!J127+'25'!J127+'26'!I127+'27'!J127+'28'!J127+'29'!J127 -> 0 | K127: ='1'!K127+'2'!K127+'3'!K127+'4'!K127+'5'!K127+'6'!K127+'7'!K127+'8'!K127+'9'!K127+'10'!K127+'11'!K127+'12'!J127+'13'!K127+'14'!K127+'15'!K127+'16'!K127+'17'!K127+'18'!K127+'19'!J127+'20'!K127+'21'!K127+'22'!J127+'23'!K127+'24'!K127+'25'!K127+'26'!J127+'27'!K127+'28'!K127+'29'!K127 -> 0 | L127: =SUM(D127:K127) -> 0 | Q127: 0
B128: 900003 | C128: กล่องเปล่าชิฟอน ล | D128: ='1'!D128+'2'!D128+'3'!D128+'4'!D128+'5'!D128+'6'!D128+'7'!D128+'8'!D128+'9'!D128+'10'!D128+'11'!D128+'12'!C128+'13'!D128+'14'!D128+'15'!D128+'16'!D128+'17'!D128+'18'!D128+'19'!C128+'20'!D128+'21'!D128+'22'!C128+'23'!D128+'24'!D128+'25'!D128+'26'!C128+'27'!D128+'28'!D128+'29'!D128 -> 0 | E128: ='1'!E128+'2'!E128+'3'!E128+'4'!E128+'5'!E128+'6'!E128+'7'!E128+'8'!E128+'9'!E128+'10'!E128+'11'!E128+'12'!D128+'13'!E128+'14'!E128+'15'!E128+'16'!E128+'17'!E128+'18'!E128+'19'!D128+'20'!E128+'21'!E128+'22'!D128+'23'!E128+'24'!E128+'25'!E128+'26'!D128+'27'!E128+'28'!E128+'29'!E128 -> 0 | F128: ='1'!F128+'2'!F128+'3'!F128+'4'!F128+'5'!F128+'6'!F128+'7'!F128+'8'!F128+'9'!F128+'10'!F128+'11'!F128+'12'!E128+'13'!F128+'14'!F128+'15'!F128+'16'!F128+'17'!F128+'18'!F128+'19'!E128+'20'!F128+'21'!F128+'22'!E128+'23'!F128+'24'!F128+'25'!F128+'26'!E128+'27'!F128+'28'!F128+'29'!F128 -> 0 | G128: ='1'!G128+'2'!G128+'3'!G128+'4'!G128+'5'!G128+'6'!G128+'7'!G128+'8'!G128+'9'!G128+'10'!G128+'11'!G128+'12'!F128+'13'!G128+'14'!G128+'15'!G128+'16'!G128+'17'!G128+'18'!G128+'19'!F128+'20'!G128+'21'!G128+'22'!F128+'23'!G128+'24'!G128+'25'!G128+'26'!F128+'27'!G128+'28'!G128+'29'!G128 -> 0 | H128: ='1'!H128+'2'!H128+'3'!H128+'4'!H128+'5'!H128+'6'!H128+'7'!H128+'8'!H128+'9'!H128+'10'!H128+'11'!H128+'12'!G128+'13'!H128+'14'!H128+'15'!H128+'16'!H128+'17'!H128+'18'!H128+'19'!G128+'20'!H128+'21'!H128+'22'!G128+'23'!H128+'24'!H128+'25'!H128+'26'!G128+'27'!H128+'28'!H128+'29'!H128 -> 0 | I128: ='1'!I128+'2'!I128+'3'!I128+'4'!I128+'5'!I128+'6'!I128+'7'!I128+'8'!I128+'9'!I128+'10'!I128+'11'!I128+'12'!H128+'13'!I128+'14'!I128+'15'!I128+'16'!I128+'17'!I128+'18'!I128+'19'!H128+'20'!I128+'21'!I128+'22'!H128+'23'!I128+'24'!I128+'25'!I128+'26'!H128+'27'!I128+'28'!I128+'29'!I128 -> 0 | J128: ='1'!J128+'2'!J128+'3'!J128+'4'!J128+'5'!J128+'6'!J128+'7'!J128+'8'!J128+'9'!J128+'10'!J128+'11'!J128+'12'!I128+'13'!J128+'14'!J128+'15'!J128+'16'!J128+'17'!J128+'18'!J128+'19'!I128+'20'!J128+'21'!J128+'22'!I128+'23'!J128+'24'!J128+'25'!J128+'26'!I128+'27'!J128+'28'!J128+'29'!J128 -> 0 | K128: ='1'!K128+'2'!K128+'3'!K128+'4'!K128+'5'!K128+'6'!K128+'7'!K128+'8'!K128+'9'!K128+'10'!K128+'11'!K128+'12'!J128+'13'!K128+'14'!K128+'15'!K128+'16'!K128+'17'!K128+'18'!K128+'19'!J128+'20'!K128+'21'!K128+'22'!J128+'23'!K128+'24'!K128+'25'!K128+'26'!J128+'27'!K128+'28'!K128+'29'!K128 -> 0 | L128: =SUM(D128:K128) -> 0 | Q128: 0
B129: 900004 | C129: กล่องเปล่าชิฟอน ญ | D129: ='1'!D129+'2'!D129+'3'!D129+'4'!D129+'5'!D129+'6'!D129+'7'!D129+'8'!D129+'9'!D129+'10'!D129+'11'!D129+'12'!C129+'13'!D129+'14'!D129+'15'!D129+'16'!D129+'17'!D129+'18'!D129+'19'!C129+'20'!D129+'21'!D129+'22'!C129+'23'!D129+'24'!D129+'25'!D129+'26'!C129+'27'!D129+'28'!D129+'29'!D129 -> 0 | E129: ='1'!E129+'2'!E129+'3'!E129+'4'!E129+'5'!E129+'6'!E129+'7'!E129+'8'!E129+'9'!E129+'10'!E129+'11'!E129+'12'!D129+'13'!E129+'14'!E129+'15'!E129+'16'!E129+'17'!E129+'18'!E129+'19'!D129+'20'!E129+'21'!E129+'22'!D129+'23'!E129+'24'!E129+'25'!E129+'26'!D129+'27'!E129+'28'!E129+'29'!E129 -> 0 | F129: ='1'!F129+'2'!F129+'3'!F129+'4'!F129+'5'!F129+'6'!F129+'7'!F129+'8'!F129+'9'!F129+'10'!F129+'11'!F129+'12'!E129+'13'!F129+'14'!F129+'15'!F129+'16'!F129+'17'!F129+'18'!F129+'19'!E129+'20'!F129+'21'!F129+'22'!E129+'23'!F129+'24'!F129+'25'!F129+'26'!E129+'27'!F129+'28'!F129+'29'!F129 -> 0 | G129: ='1'!G129+'2'!G129+'3'!G129+'4'!G129+'5'!G129+'6'!G129+'7'!G129+'8'!G129+'9'!G129+'10'!G129+'11'!G129+'12'!F129+'13'!G129+'14'!G129+'15'!G129+'16'!G129+'17'!G129+'18'!G129+'19'!F129+'20'!G129+'21'!G129+'22'!F129+'23'!G129+'24'!G129+'25'!G129+'26'!F129+'27'!G129+'28'!G129+'29'!G129 -> 0 | H129: ='1'!H129+'2'!H129+'3'!H129+'4'!H129+'5'!H129+'6'!H129+'7'!H129+'8'!H129+'9'!H129+'10'!H129+'11'!H129+'12'!G129+'13'!H129+'14'!H129+'15'!H129+'16'!H129+'17'!H129+'18'!H129+'19'!G129+'20'!H129+'21'!H129+'22'!G129+'23'!H129+'24'!H129+'25'!H129+'26'!G129+'27'!H129+'28'!H129+'29'!H129 -> 0 | I129: ='1'!I129+'2'!I129+'3'!I129+'4'!I129+'5'!I129+'6'!I129+'7'!I129+'8'!I129+'9'!I129+'10'!I129+'11'!I129+'12'!H129+'13'!I129+'14'!I129+'15'!I129+'16'!I129+'17'!I129+'18'!I129+'19'!H129+'20'!I129+'21'!I129+'22'!H129+'23'!I129+'24'!I129+'25'!I129+'26'!H129+'27'!I129+'28'!I129+'29'!I129 -> 0 | J129: ='1'!J129+'2'!J129+'3'!J129+'4'!J129+'5'!J129+'6'!J129+'7'!J129+'8'!J129+'9'!J129+'10'!J129+'11'!J129+'12'!I129+'13'!J129+'14'!J129+'15'!J129+'16'!J129+'17'!J129+'18'!J129+'19'!I129+'20'!J129+'21'!J129+'22'!I129+'23'!J129+'24'!J129+'25'!J129+'26'!I129+'27'!J129+'28'!J129+'29'!J129 -> 0 | K129: ='1'!K129+'2'!K129+'3'!K129+'4'!K129+'5'!K129+'6'!K129+'7'!K129+'8'!K129+'9'!K129+'10'!K129+'11'!K129+'12'!J129+'13'!K129+'14'!K129+'15'!K129+'16'!K129+'17'!K129+'18'!K129+'19'!J129+'20'!K129+'21'!K129+'22'!J129+'23'!K129+'24'!K129+'25'!K129+'26'!J129+'27'!K129+'28'!K129+'29'!K129 -> 0 | L129: =SUM(D129:K129) -> 0 | Q129: 0
B130: 1200002 | C130: ทอฟฟี่ถั่ว กล่อง | D130: ='1'!D130+'2'!D130+'3'!D130+'4'!D130+'5'!D130+'6'!D130+'7'!D130+'8'!D130+'9'!D130+'10'!D130+'11'!D130+'12'!C130+'13'!D130+'14'!D130+'15'!D130+'16'!D130+'17'!D130+'18'!D130+'19'!C130+'20'!D130+'21'!D130+'22'!C130+'23'!D130+'24'!D130+'25'!D130+'26'!C130+'27'!D130+'28'!D130+'29'!D130 -> 0 | E130: ='1'!E130+'2'!E130+'3'!E130+'4'!E130+'5'!E130+'6'!E130+'7'!E130+'8'!E130+'9'!E130+'10'!E130+'11'!E130+'12'!D130+'13'!E130+'14'!E130+'15'!E130+'16'!E130+'17'!E130+'18'!E130+'19'!D130+'20'!E130+'21'!E130+'22'!D130+'23'!E130+'24'!E130+'25'!E130+'26'!D130+'27'!E130+'28'!E130+'29'!E130 -> 5 | F130: ='1'!F130+'2'!F130+'3'!F130+'4'!F130+'5'!F130+'6'!F130+'7'!F130+'8'!F130+'9'!F130+'10'!F130+'11'!F130+'12'!E130+'13'!F130+'14'!F130+'15'!F130+'16'!F130+'17'!F130+'18'!F130+'19'!E130+'20'!F130+'21'!F130+'22'!E130+'23'!F130+'24'!F130+'25'!F130+'26'!E130+'27'!F130+'28'!F130+'29'!F130 -> 1 | G130: ='1'!G130+'2'!G130+'3'!G130+'4'!G130+'5'!G130+'6'!G130+'7'!G130+'8'!G130+'9'!G130+'10'!G130+'11'!G130+'12'!F130+'13'!G130+'14'!G130+'15'!G130+'16'!G130+'17'!G130+'18'!G130+'19'!F130+'20'!G130+'21'!G130+'22'!F130+'23'!G130+'24'!G130+'25'!G130+'26'!F130+'27'!G130+'28'!G130+'29'!G130 -> 0 | H130: ='1'!H130+'2'!H130+'3'!H130+'4'!H130+'5'!H130+'6'!H130+'7'!H130+'8'!H130+'9'!H130+'10'!H130+'11'!H130+'12'!G130+'13'!H130+'14'!H130+'15'!H130+'16'!H130+'17'!H130+'18'!H130+'19'!G130+'20'!H130+'21'!H130+'22'!G130+'23'!H130+'24'!H130+'25'!H130+'26'!G130+'27'!H130+'28'!H130+'29'!H130 -> 0 | I130: ='1'!I130+'2'!I130+'3'!I130+'4'!I130+'5'!I130+'6'!I130+'7'!I130+'8'!I130+'9'!I130+'10'!I130+'11'!I130+'12'!H130+'13'!I130+'14'!I130+'15'!I130+'16'!I130+'17'!I130+'18'!I130+'19'!H130+'20'!I130+'21'!I130+'22'!H130+'23'!I130+'24'!I130+'25'!I130+'26'!H130+'27'!I130+'28'!I130+'29'!I130 -> 0 | J130: ='1'!J130+'2'!J130+'3'!J130+'4'!J130+'5'!J130+'6'!J130+'7'!J130+'8'!J130+'9'!J130+'10'!J130+'11'!J130+'12'!I130+'13'!J130+'14'!J130+'15'!J130+'16'!J130+'17'!J130+'18'!J130+'19'!I130+'20'!J130+'21'!J130+'22'!I130+'23'!J130+'24'!J130+'25'!J130+'26'!I130+'27'!J130+'28'!J130+'29'!J130 -> 0 | K130: ='1'!K130+'2'!K130+'3'!K130+'4'!K130+'5'!K130+'6'!K130+'7'!K130+'8'!K130+'9'!K130+'10'!K130+'11'!K130+'12'!J130+'13'!K130+'14'!K130+'15'!K130+'16'!K130+'17'!K130+'18'!K130+'19'!J130+'20'!K130+'21'!K130+'22'!J130+'23'!K130+'24'!K130+'25'!K130+'26'!J130+'27'!K130+'28'!K130+'29'!K130 -> 5 | L130: =SUM(D130:K130) -> 11 | Q130: 0
B131: 1200003 | C131: ทอฟฟี่ถั่ว กระเช้า | D131: ='1'!D131+'2'!D131+'3'!D131+'4'!D131+'5'!D131+'6'!D131+'7'!D131+'8'!D131+'9'!D131+'10'!D131+'11'!D131+'12'!C131+'13'!D131+'14'!D131+'15'!D131+'16'!D131+'17'!D131+'18'!D131+'19'!C131+'20'!D131+'21'!D131+'22'!C131+'23'!D131+'24'!D131+'25'!D131+'26'!C131+'27'!D131+'28'!D131+'29'!D131 -> 5 | E131: ='1'!E131+'2'!E131+'3'!E131+'4'!E131+'5'!E131+'6'!E131+'7'!E131+'8'!E131+'9'!E131+'10'!E131+'11'!E131+'12'!D131+'13'!E131+'14'!E131+'15'!E131+'16'!E131+'17'!E131+'18'!E131+'19'!D131+'20'!E131+'21'!E131+'22'!D131+'23'!E131+'24'!E131+'25'!E131+'26'!D131+'27'!E131+'28'!E131+'29'!E131 -> 0 | F131: ='1'!F131+'2'!F131+'3'!F131+'4'!F131+'5'!F131+'6'!F131+'7'!F131+'8'!F131+'9'!F131+'10'!F131+'11'!F131+'12'!E131+'13'!F131+'14'!F131+'15'!F131+'16'!F131+'17'!F131+'18'!F131+'19'!E131+'20'!F131+'21'!F131+'22'!E131+'23'!F131+'24'!F131+'25'!F131+'26'!E131+'27'!F131+'28'!F131+'29'!F131 -> 0 | G131: ='1'!G131+'2'!G131+'3'!G131+'4'!G131+'5'!G131+'6'!G131+'7'!G131+'8'!G131+'9'!G131+'10'!G131+'11'!G131+'12'!F131+'13'!G131+'14'!G131+'15'!G131+'16'!G131+'17'!G131+'18'!G131+'19'!F131+'20'!G131+'21'!G131+'22'!F131+'23'!G131+'24'!G131+'25'!G131+'26'!F131+'27'!G131+'28'!G131+'29'!G131 -> 0 | H131: ='1'!H131+'2'!H131+'3'!H131+'4'!H131+'5'!H131+'6'!H131+'7'!H131+'8'!H131+'9'!H131+'10'!H131+'11'!H131+'12'!G131+'13'!H131+'14'!H131+'15'!H131+'16'!H131+'17'!H131+'18'!H131+'19'!G131+'20'!H131+'21'!H131+'22'!G131+'23'!H131+'24'!H131+'25'!H131+'26'!G131+'27'!H131+'28'!H131+'29'!H131 -> 0 | I131: ='1'!I131+'2'!I131+'3'!I131+'4'!I131+'5'!I131+'6'!I131+'7'!I131+'8'!I131+'9'!I131+'10'!I131+'11'!I131+'12'!H131+'13'!I131+'14'!I131+'15'!I131+'16'!I131+'17'!I131+'18'!I131+'19'!H131+'20'!I131+'21'!I131+'22'!H131+'23'!I131+'24'!I131+'25'!I131+'26'!H131+'27'!I131+'28'!I131+'29'!I131 -> 0 | J131: ='1'!J131+'2'!J131+'3'!J131+'4'!J131+'5'!J131+'6'!J131+'7'!J131+'8'!J131+'9'!J131+'10'!J131+'11'!J131+'12'!I131+'13'!J131+'14'!J131+'15'!J131+'16'!J131+'17'!J131+'18'!J131+'19'!I131+'20'!J131+'21'!J131+'22'!I131+'23'!J131+'24'!J131+'25'!J131+'26'!I131+'27'!J131+'28'!J131+'29'!J131 -> 0 | K131: ='1'!K131+'2'!K131+'3'!K131+'4'!K131+'5'!K131+'6'!K131+'7'!K131+'8'!K131+'9'!K131+'10'!K131+'11'!K131+'12'!J131+'13'!K131+'14'!K131+'15'!K131+'16'!K131+'17'!K131+'18'!K131+'19'!J131+'20'!K131+'21'!K131+'22'!J131+'23'!K131+'24'!K131+'25'!K131+'26'!J131+'27'!K131+'28'!K131+'29'!K131 -> 0 | L131: =SUM(D131:K131) -> 5 | Q131: 0
B132: 1200004 | C132: ทอฟฟี่ถั่ว กระปุก | D132: ='1'!D132+'2'!D132+'3'!D132+'4'!D132+'5'!D132+'6'!D132+'7'!D132+'8'!D132+'9'!D132+'10'!D132+'11'!D132+'12'!C132+'13'!D132+'14'!D132+'15'!D132+'16'!D132+'17'!D132+'18'!D132+'19'!C132+'20'!D132+'21'!D132+'22'!C132+'23'!D132+'24'!D132+'25'!D132+'26'!C132+'27'!D132+'28'!D132+'29'!D132 -> 0 | E132: ='1'!E132+'2'!E132+'3'!E132+'4'!E132+'5'!E132+'6'!E132+'7'!E132+'8'!E132+'9'!E132+'10'!E132+'11'!E132+'12'!D132+'13'!E132+'14'!E132+'15'!E132+'16'!E132+'17'!E132+'18'!E132+'19'!D132+'20'!E132+'21'!E132+'22'!D132+'23'!E132+'24'!E132+'25'!E132+'26'!D132+'27'!E132+'28'!E132+'29'!E132 -> 0 | F132: ='1'!F132+'2'!F132+'3'!F132+'4'!F132+'5'!F132+'6'!F132+'7'!F132+'8'!F132+'9'!F132+'10'!F132+'11'!F132+'12'!E132+'13'!F132+'14'!F132+'15'!F132+'16'!F132+'17'!F132+'18'!F132+'19'!E132+'20'!F132+'21'!F132+'22'!E132+'23'!F132+'24'!F132+'25'!F132+'26'!E132+'27'!F132+'28'!F132+'29'!F132 -> 0 | G132: ='1'!G132+'2'!G132+'3'!G132+'4'!G132+'5'!G132+'6'!G132+'7'!G132+'8'!G132+'9'!G132+'10'!G132+'11'!G132+'12'!F132+'13'!G132+'14'!G132+'15'!G132+'16'!G132+'17'!G132+'18'!G132+'19'!F132+'20'!G132+'21'!G132+'22'!F132+'23'!G132+'24'!G132+'25'!G132+'26'!F132+'27'!G132+'28'!G132+'29'!G132 -> 0 | H132: ='1'!H132+'2'!H132+'3'!H132+'4'!H132+'5'!H132+'6'!H132+'7'!H132+'8'!H132+'9'!H132+'10'!H132+'11'!H132+'12'!G132+'13'!H132+'14'!H132+'15'!H132+'16'!H132+'17'!H132+'18'!H132+'19'!G132+'20'!H132+'21'!H132+'22'!G132+'23'!H132+'24'!H132+'25'!H132+'26'!G132+'27'!H132+'28'!H132+'29'!H132 -> 0 | I132: ='1'!I132+'2'!I132+'3'!I132+'4'!I132+'5'!I132+'6'!I132+'7'!I132+'8'!I132+'9'!I132+'10'!I132+'11'!I132+'12'!H132+'13'!I132+'14'!I132+'15'!I132+'16'!I132+'17'!I132+'18'!I132+'19'!H132+'20'!I132+'21'!I132+'22'!H132+'23'!I132+'24'!I132+'25'!I132+'26'!H132+'27'!I132+'28'!I132+'29'!I132 -> 0 | J132: ='1'!J132+'2'!J132+'3'!J132+'4'!J132+'5'!J132+'6'!J132+'7'!J132+'8'!J132+'9'!J132+'10'!J132+'11'!J132+'12'!I132+'13'!J132+'14'!J132+'15'!J132+'16'!J132+'17'!J132+'18'!J132+'19'!I132+'20'!J132+'21'!J132+'22'!I132+'23'!J132+'24'!J132+'25'!J132+'26'!I132+'27'!J132+'28'!J132+'29'!J132 -> 0 | K132: ='1'!K132+'2'!K132+'3'!K132+'4'!K132+'5'!K132+'6'!K132+'7'!K132+'8'!K132+'9'!K132+'10'!K132+'11'!K132+'12'!J132+'13'!K132+'14'!K132+'15'!K132+'16'!K132+'17'!K132+'18'!K132+'19'!J132+'20'!K132+'21'!K132+'22'!J132+'23'!K132+'24'!K132+'25'!K132+'26'!J132+'27'!K132+'28'!K132+'29'!K132 -> 0 | L132: =SUM(D132:K132) -> 0 | Q132: 0
B133: 1200093 | C133: ท็อฟฟี่ถั่ว ครึ่งกิโล | D133: ='1'!D133+'2'!D133+'3'!D133+'4'!D133+'5'!D133+'6'!D133+'7'!D133+'8'!D133+'9'!D133+'10'!D133+'11'!D133+'12'!C133+'13'!D133+'14'!D133+'15'!D133+'16'!D133+'17'!D133+'18'!D133+'19'!C133+'20'!D133+'21'!D133+'22'!C133+'23'!D133+'24'!D133+'25'!D133+'26'!C133+'27'!D133+'28'!D133+'29'!D133 -> 0 | E133: ='1'!E133+'2'!E133+'3'!E133+'4'!E133+'5'!E133+'6'!E133+'7'!E133+'8'!E133+'9'!E133+'10'!E133+'11'!E133+'12'!D133+'13'!E133+'14'!E133+'15'!E133+'16'!E133+'17'!E133+'18'!E133+'19'!D133+'20'!E133+'21'!E133+'22'!D133+'23'!E133+'24'!E133+'25'!E133+'26'!D133+'27'!E133+'28'!E133+'29'!E133 -> 0 | F133: ='1'!F133+'2'!F133+'3'!F133+'4'!F133+'5'!F133+'6'!F133+'7'!F133+'8'!F133+'9'!F133+'10'!F133+'11'!F133+'12'!E133+'13'!F133+'14'!F133+'15'!F133+'16'!F133+'17'!F133+'18'!F133+'19'!E133+'20'!F133+'21'!F133+'22'!E133+'23'!F133+'24'!F133+'25'!F133+'26'!E133+'27'!F133+'28'!F133+'29'!F133 -> 0 | G133: ='1'!G133+'2'!G133+'3'!G133+'4'!G133+'5'!G133+'6'!G133+'7'!G133+'8'!G133+'9'!G133+'10'!G133+'11'!G133+'12'!F133+'13'!G133+'14'!G133+'15'!G133+'16'!G133+'17'!G133+'18'!G133+'19'!F133+'20'!G133+'21'!G133+'22'!F133+'23'!G133+'24'!G133+'25'!G133+'26'!F133+'27'!G133+'28'!G133+'29'!G133 -> 0 | H133: ='1'!H133+'2'!H133+'3'!H133+'4'!H133+'5'!H133+'6'!H133+'7'!H133+'8'!H133+'9'!H133+'10'!H133+'11'!H133+'12'!G133+'13'!H133+'14'!H133+'15'!H133+'16'!H133+'17'!H133+'18'!H133+'19'!G133+'20'!H133+'21'!H133+'22'!G133+'23'!H133+'24'!H133+'25'!H133+'26'!G133+'27'!H133+'28'!H133+'29'!H133 -> 0 | I133: ='1'!I133+'2'!I133+'3'!I133+'4'!I133+'5'!I133+'6'!I133+'7'!I133+'8'!I133+'9'!I133+'10'!I133+'11'!I133+'12'!H133+'13'!I133+'14'!I133+'15'!I133+'16'!I133+'17'!I133+'18'!I133+'19'!H133+'20'!I133+'21'!I133+'22'!H133+'23'!I133+'24'!I133+'25'!I133+'26'!H133+'27'!I133+'28'!I133+'29'!I133 -> 0 | J133: ='1'!J133+'2'!J133+'3'!J133+'4'!J133+'5'!J133+'6'!J133+'7'!J133+'8'!J133+'9'!J133+'10'!J133+'11'!J133+'12'!I133+'13'!J133+'14'!J133+'15'!J133+'16'!J133+'17'!J133+'18'!J133+'19'!I133+'20'!J133+'21'!J133+'22'!I133+'23'!J133+'24'!J133+'25'!J133+'26'!I133+'27'!J133+'28'!J133+'29'!J133 -> 0 | K133: ='1'!K133+'2'!K133+'3'!K133+'4'!K133+'5'!K133+'6'!K133+'7'!K133+'8'!K133+'9'!K133+'10'!K133+'11'!K133+'12'!J133+'13'!K133+'14'!K133+'15'!K133+'16'!K133+'17'!K133+'18'!K133+'19'!J133+'20'!K133+'21'!K133+'22'!J133+'23'!K133+'24'!K133+'25'!K133+'26'!J133+'27'!K133+'28'!K133+'29'!K133 -> 0 | L133: =SUM(D133:K133) -> 0 | Q133: 0
B134: 1200092 | C134: ท็อฟฟี่ถั่ว 1 กิโล | D134: ='1'!D134+'2'!D134+'3'!D134+'4'!D134+'5'!D134+'6'!D134+'7'!D134+'8'!D134+'9'!D134+'10'!D134+'11'!D134+'12'!C134+'13'!D134+'14'!D134+'15'!D134+'16'!D134+'17'!D134+'18'!D134+'19'!C134+'20'!D134+'21'!D134+'22'!C134+'23'!D134+'24'!D134+'25'!D134+'26'!C134+'27'!D134+'28'!D134+'29'!D134 -> 0 | E134: ='1'!E134+'2'!E134+'3'!E134+'4'!E134+'5'!E134+'6'!E134+'7'!E134+'8'!E134+'9'!E134+'10'!E134+'11'!E134+'12'!D134+'13'!E134+'14'!E134+'15'!E134+'16'!E134+'17'!E134+'18'!E134+'19'!D134+'20'!E134+'21'!E134+'22'!D134+'23'!E134+'24'!E134+'25'!E134+'26'!D134+'27'!E134+'28'!E134+'29'!E134 -> 0 | F134: ='1'!F134+'2'!F134+'3'!F134+'4'!F134+'5'!F134+'6'!F134+'7'!F134+'8'!F134+'9'!F134+'10'!F134+'11'!F134+'12'!E134+'13'!F134+'14'!F134+'15'!F134+'16'!F134+'17'!F134+'18'!F134+'19'!E134+'20'!F134+'21'!F134+'22'!E134+'23'!F134+'24'!F134+'25'!F134+'26'!E134+'27'!F134+'28'!F134+'29'!F134 -> 0 | G134: ='1'!G134+'2'!G134+'3'!G134+'4'!G134+'5'!G134+'6'!G134+'7'!G134+'8'!G134+'9'!G134+'10'!G134+'11'!G134+'12'!F134+'13'!G134+'14'!G134+'15'!G134+'16'!G134+'17'!G134+'18'!G134+'19'!F134+'20'!G134+'21'!G134+'22'!F134+'23'!G134+'24'!G134+'25'!G134+'26'!F134+'27'!G134+'28'!G134+'29'!G134 -> 0 | H134: ='1'!H134+'2'!H134+'3'!H134+'4'!H134+'5'!H134+'6'!H134+'7'!H134+'8'!H134+'9'!H134+'10'!H134+'11'!H134+'12'!G134+'13'!H134+'14'!H134+'15'!H134+'16'!H134+'17'!H134+'18'!H134+'19'!G134+'20'!H134+'21'!H134+'22'!G134+'23'!H134+'24'!H134+'25'!H134+'26'!G134+'27'!H134+'28'!H134+'29'!H134 -> 0 | I134: ='1'!I134+'2'!I134+'3'!I134+'4'!I134+'5'!I134+'6'!I134+'7'!I134+'8'!I134+'9'!I134+'10'!I134+'11'!I134+'12'!H134+'13'!I134+'14'!I134+'15'!I134+'16'!I134+'17'!I134+'18'!I134+'19'!H134+'20'!I134+'21'!I134+'22'!H134+'23'!I134+'24'!I134+'25'!I134+'26'!H134+'27'!I134+'28'!I134+'29'!I134 -> 0 | J134: ='1'!J134+'2'!J134+'3'!J134+'4'!J134+'5'!J134+'6'!J134+'7'!J134+'8'!J134+'9'!J134+'10'!J134+'11'!J134+'12'!I134+'13'!J134+'14'!J134+'15'!J134+'16'!J134+'17'!J134+'18'!J134+'19'!I134+'20'!J134+'21'!J134+'22'!I134+'23'!J134+'24'!J134+'25'!J134+'26'!I134+'27'!J134+'28'!J134+'29'!J134 -> 0 | K134: ='1'!K134+'2'!K134+'3'!K134+'4'!K134+'5'!K134+'6'!K134+'7'!K134+'8'!K134+'9'!K134+'10'!K134+'11'!K134+'12'!J134+'13'!K134+'14'!K134+'15'!K134+'16'!K134+'17'!K134+'18'!K134+'19'!J134+'20'!K134+'21'!K134+'22'!J134+'23'!K134+'24'!K134+'25'!K134+'26'!J134+'27'!K134+'28'!K134+'29'!K134 -> 0 | L134: =SUM(D134:K134) -> 0 | Q134: 0
C135: เศษขนมปังปลา5กก. | D135: ='1'!D135+'2'!D135+'3'!D135+'4'!D135+'5'!D135+'6'!D135+'7'!D135+'8'!D135+'9'!D135+'10'!D135+'11'!D135+'12'!C135+'13'!D135+'14'!D135+'15'!D135+'16'!D135+'17'!D135+'18'!D135+'19'!C135+'20'!D135+'21'!D135+'22'!C135+'23'!D135+'24'!D135+'25'!D135+'26'!C135+'27'!D135+'28'!D135+'29'!D135 -> 0 | E135: ='1'!E135+'2'!E135+'3'!E135+'4'!E135+'5'!E135+'6'!E135+'7'!E135+'8'!E135+'9'!E135+'10'!E135+'11'!E135+'12'!D135+'13'!E135+'14'!E135+'15'!E135+'16'!E135+'17'!E135+'18'!E135+'19'!D135+'20'!E135+'21'!E135+'22'!D135+'23'!E135+'24'!E135+'25'!E135+'26'!D135+'27'!E135+'28'!E135+'29'!E135 -> 41 | F135: ='1'!F135+'2'!F135+'3'!F135+'4'!F135+'5'!F135+'6'!F135+'7'!F135+'8'!F135+'9'!F135+'10'!F135+'11'!F135+'12'!E135+'13'!F135+'14'!F135+'15'!F135+'16'!F135+'17'!F135+'18'!F135+'19'!E135+'20'!F135+'21'!F135+'22'!E135+'23'!F135+'24'!F135+'25'!F135+'26'!E135+'27'!F135+'28'!F135+'29'!F135 -> 20 | G135: ='1'!G135+'2'!G135+'3'!G135+'4'!G135+'5'!G135+'6'!G135+'7'!G135+'8'!G135+'9'!G135+'10'!G135+'11'!G135+'12'!F135+'13'!G135+'14'!G135+'15'!G135+'16'!G135+'17'!G135+'18'!G135+'19'!F135+'20'!G135+'21'!G135+'22'!F135+'23'!G135+'24'!G135+'25'!G135+'26'!F135+'27'!G135+'28'!G135+'29'!G135 -> 0 | H135: ='1'!H135+'2'!H135+'3'!H135+'4'!H135+'5'!H135+'6'!H135+'7'!H135+'8'!H135+'9'!H135+'10'!H135+'11'!H135+'12'!G135+'13'!H135+'14'!H135+'15'!H135+'16'!H135+'17'!H135+'18'!H135+'19'!G135+'20'!H135+'21'!H135+'22'!G135+'23'!H135+'24'!H135+'25'!H135+'26'!G135+'27'!H135+'28'!H135+'29'!H135 -> 0 | I135: ='1'!I135+'2'!I135+'3'!I135+'4'!I135+'5'!I135+'6'!I135+'7'!I135+'8'!I135+'9'!I135+'10'!I135+'11'!I135+'12'!H135+'13'!I135+'14'!I135+'15'!I135+'16'!I135+'17'!I135+'18'!I135+'19'!H135+'20'!I135+'21'!I135+'22'!H135+'23'!I135+'24'!I135+'25'!I135+'26'!H135+'27'!I135+'28'!I135+'29'!I135 -> 0 | J135: ='1'!J135+'2'!J135+'3'!J135+'4'!J135+'5'!J135+'6'!J135+'7'!J135+'8'!J135+'9'!J135+'10'!J135+'11'!J135+'12'!I135+'13'!J135+'14'!J135+'15'!J135+'16'!J135+'17'!J135+'18'!J135+'19'!I135+'20'!J135+'21'!J135+'22'!I135+'23'!J135+'24'!J135+'25'!J135+'26'!I135+'27'!J135+'28'!J135+'29'!J135 -> 0 | K135: ='1'!K135+'2'!K135+'3'!K135+'4'!K135+'5'!K135+'6'!K135+'7'!K135+'8'!K135+'9'!K135+'10'!K135+'11'!K135+'12'!J135+'13'!K135+'14'!K135+'15'!K135+'16'!K135+'17'!K135+'18'!K135+'19'!J135+'20'!K135+'21'!K135+'22'!J135+'23'!K135+'24'!K135+'25'!K135+'26'!J135+'27'!K135+'28'!K135+'29'!K135 -> 0 | L135: =SUM(D135:K135) -> 61 | Q135: -1
C136: เศษขนมปังปลา1กก. | D136: ='1'!D136+'2'!D136+'3'!D136+'4'!D136+'5'!D136+'6'!D136+'7'!D136+'8'!D136+'9'!D136+'10'!D136+'11'!D136+'12'!C136+'13'!D136+'14'!D136+'15'!D136+'16'!D136+'17'!D136+'18'!D136+'19'!C136+'20'!D136+'21'!D136+'22'!C136+'23'!D136+'24'!D136+'25'!D136+'26'!C136+'27'!D136+'28'!D136+'29'!D136 -> 0 | E136: ='1'!E136+'2'!E136+'3'!E136+'4'!E136+'5'!E136+'6'!E136+'7'!E136+'8'!E136+'9'!E136+'10'!E136+'11'!E136+'12'!D136+'13'!E136+'14'!E136+'15'!E136+'16'!E136+'17'!E136+'18'!E136+'19'!D136+'20'!E136+'21'!E136+'22'!D136+'23'!E136+'24'!E136+'25'!E136+'26'!D136+'27'!E136+'28'!E136+'29'!E136 -> 25 | F136: ='1'!F136+'2'!F136+'3'!F136+'4'!F136+'5'!F136+'6'!F136+'7'!F136+'8'!F136+'9'!F136+'10'!F136+'11'!F136+'12'!E136+'13'!F136+'14'!F136+'15'!F136+'16'!F136+'17'!F136+'18'!F136+'19'!E136+'20'!F136+'21'!F136+'22'!E136+'23'!F136+'24'!F136+'25'!F136+'26'!E136+'27'!F136+'28'!F136+'29'!F136 -> 38 | G136: ='1'!G136+'2'!G136+'3'!G136+'4'!G136+'5'!G136+'6'!G136+'7'!G136+'8'!G136+'9'!G136+'10'!G136+'11'!G136+'12'!F136+'13'!G136+'14'!G136+'15'!G136+'16'!G136+'17'!G136+'18'!G136+'19'!F136+'20'!G136+'21'!G136+'22'!F136+'23'!G136+'24'!G136+'25'!G136+'26'!F136+'27'!G136+'28'!G136+'29'!G136 -> 0 | H136: ='1'!H136+'2'!H136+'3'!H136+'4'!H136+'5'!H136+'6'!H136+'7'!H136+'8'!H136+'9'!H136+'10'!H136+'11'!H136+'12'!G136+'13'!H136+'14'!H136+'15'!H136+'16'!H136+'17'!H136+'18'!H136+'19'!G136+'20'!H136+'21'!H136+'22'!G136+'23'!H136+'24'!H136+'25'!H136+'26'!G136+'27'!H136+'28'!H136+'29'!H136 -> 0 | I136: ='1'!I136+'2'!I136+'3'!I136+'4'!I136+'5'!I136+'6'!I136+'7'!I136+'8'!I136+'9'!I136+'10'!I136+'11'!I136+'12'!H136+'13'!I136+'14'!I136+'15'!I136+'16'!I136+'17'!I136+'18'!I136+'19'!H136+'20'!I136+'21'!I136+'22'!H136+'23'!I136+'24'!I136+'25'!I136+'26'!H136+'27'!I136+'28'!I136+'29'!I136 -> 0 | J136: ='1'!J136+'2'!J136+'3'!J136+'4'!J136+'5'!J136+'6'!J136+'7'!J136+'8'!J136+'9'!J136+'10'!J136+'11'!J136+'12'!I136+'13'!J136+'14'!J136+'15'!J136+'16'!J136+'17'!J136+'18'!J136+'19'!I136+'20'!J136+'21'!J136+'22'!I136+'23'!J136+'24'!J136+'25'!J136+'26'!I136+'27'!J136+'28'!J136+'29'!J136 -> 0 | K136: ='1'!K136+'2'!K136+'3'!K136+'4'!K136+'5'!K136+'6'!K136+'7'!K136+'8'!K136+'9'!K136+'10'!K136+'11'!K136+'12'!J136+'13'!K136+'14'!K136+'15'!K136+'16'!K136+'17'!K136+'18'!K136+'19'!J136+'20'!K136+'21'!K136+'22'!J136+'23'!K136+'24'!K136+'25'!K136+'26'!J136+'27'!K136+'28'!K136+'29'!K136 -> 0 | L136: =SUM(D136:K136) -> 63 | Q136: 0
...

Sheet 1
B1: ยอดจริง ออนไลน์ วันที่ 1/1/2568 รวม
L2: ยอดรวมผลิต | M2: ยอดฟอแคส | N2: ยอดสตอค | O2: รวม
L3: จำนวน
B4: รหัสสินค้า | C4: สินค้า | D4: ปณ | E4: ชอปปี้ | F4: ลาซาด้า | G4: ติ๊กตอก | H4: ติ๊กตอก2 | I4: ติ๊กตอก3 | J4: ชอยส์ | K4: ยอดเส้น | L4: (กล่อง)
B6: ชิฟฟอนรวมรส
B7: 1111002 | C7: ชิฟฟอนรวมรส 8 ชิ้น | D7: 4 | E7: 126 | F7: 82 | G7: 20 | H7: 0 | I7: 0 | J7: 0 | K7: 1020 | L7: 1252 | O7: -1252
C8: ชิฟฟอนแบบกล่องสุ่มอะไรก็ได้ที่มี | D8: 0 | E8: 0 | F8: 0 | G8: 0 | H8: 0 | I8: 0 | J8: 0 | K8: 0 | L8: 0 | O8: 0
B9: 1111084 | C9: ชิฟฟอน 8 ชิ้น กาแฟล้วน | D9: 0 | E9: 0 | F9: 0 | G9: 0 | H9: 0 | I9: 0 | J9: 0 | K9: 0 | L9: 0 | O9: 0
B10: 1111085 | C10: ชิฟฟอน 8 ชิ้น บลูเบอรี่ล้วน | D10: 0 | E10: 0 | F10: 0 | G10: 0 | H10: 0 | I10: 0 | J10: 0 | K10: 0 | L10: 0 | O10: 0
B11: 1111086 | C11: ชิฟฟอน 8 ชิ้น มะพร้าวล้วน | D11: 0 | E11: 0 | F11: 0 | G11: 0 | H11: 0 | I11: 0 | J11: 0 | K11: 0 | L11: 0 | O11: 0
B12: 1111087 | C12: ชิฟฟอน 8 ชิ้น สตอเบอรี่ล้วน | D12: 0 | E12: 0 | F12: 0 | G12: 0 | H12: 0 | I12: 0 | J12: 0 | K12: 0 | L12: 0 | O12: 0
B13: 1111088 | C13: ชิฟฟอน 8 ชิ้น ส้มล้วน | D13: 0 | E13: 0 | F13: 0 | G13: 0 | H13: 0 | I13: 0 | J13: 0 | K13: 0 | L13: 0 | O13: 0
B14: 1111089 | C14: ชิฟฟอน 8 ชิ้น เนยล้วน | D14: 0 | E14: 0 | F14: 0 | G14: 0 | H14: 0 | I14: 0 | J14: 0 | K14: 0 | L14: 0 | O14: 0
B15: 1111090 | C15: ชิฟฟอน 8 ชิ้น เผือกล้วน | D15: 0 | E15: 0 | F15: 0 | G15: 0 | H15: 0 | I15: 0 | J15: 0 | K15: 0 | L15: 0 | O15: 0
B16: 1111091 | C16: ชิฟฟอน 8 ชิ้น ใบเตยล้วน | D16: 0 | E16: 0 | F16: 0 | G16: 0 | H16: 0 | I16: 0 | J16: 0 | K16: 0 | L16: 0 | O16: 0
B17: 1111092 | C17: ชิฟฟอน 8 ชิ้น กล้วยหอม | D17: 0 | E17: 0 | F17: 0 | G17: 0 | H17: 0 | I17: 0 | J17: 0 | K17: 0 | L17: 0 | O17: 0
B18: 1111093 | C18: ชิฟฟอน 8 ชิ้น โกโก้ล้วน | D18: 0 | E18: 0 | F18: 0 | G18: 0 | H18: 0 | I18: 0 | J18: 0 | K18: 0 | L18: 0 | O18: 0
B19: 1111094 | C19: ชิฟฟอน 8 ชิ้น ชาไทยล้วน | D19: 0 | E19: 0 | F19: 0 | G19: 0 | H19: 0 | I19: 0 | J19: 0 | K19: 0 | L19: 0 | O19: 0
B20: 1111095 | C20: ชิฟฟอน 8 ชิ้น ชาเขียวล้วน | D20: 0 | E20: 0 | F20: 0 | G20: 0 | H20: 0 | I20: 0 | J20: 0 | K20: 0 | L20: 0 | O20: 0
... B65: 1111083 | C65: ชิฟฟอนไส้แยมแยกชิ้น เมล่อน | D65: 0 | E65: 2 | F65: 4 | G65: 0 | H65: 0 | I65: 0 | J65: 0 | K65: 0 | L65: 6 | O65: -6
B66: 1111010 | C66: ชิฟฟอนไส้แยมแยกชิ้น คละรส | D66: 0 | E66: 0 | F66: 0 | G66: 0 | H66: 0 | I66: 0 | J66: 0 | L66: 0 | O66: 0
C67: รวม | L67: 0
B68: ชิฟฟอนไส้แยม 6 ชิ้น
B69: 1111009 | C69: ชิฟฟอนไส้แยมรวมรส 6 ชิ้น | D69: 6 | E69: 4 | F69: 5 | G69: 1 | H69: 0 | I69: 0 | J69: 0 | K69: 5 | L69: 21 | O69: -21
B70: 1111023 | C70: ชิฟฟอนไส้แยมรสสตอเบอร์รี่ล้วน 6 ชิ้น | D70: 0 | E70: 0 | F70: 0 | G70: 0 | H70: 0 | I70: 0 | J70: 0 | K70: 0 | L70: 0 | O70: 0
B71: 1111016 | C71: ชิฟฟอนไส้แยมรสมะพร้าวล้วน 6 ชิ้น | D71: 0 | E71: 0 | F71: 0 | G71: 0 | H71: 0 | I71: 0 | J71: 0 | K71: 0 | L71: 0 | O71: 0
B72: 1111014 | C72: ชิฟฟอนไส้แยมรสช็อกโกแลตนูเทลล่าล้วน 6 ชิ้น | D72: 0 | E72: 0 | F72: 0 | G72: 0 | H72: 0 | I72: 0 | J72: 0 | K72: 0 | L72: 0 | O72: 0
B73: 1111025 | C73: ชิฟฟอนไส้แยมรสส้มล้วน 6 ชิ้น | D73: 0 | E73: 0 | F73: 0 | G73: 0 | H73: 0 | I73: 0 | J73: 0 | K73: 0 | L73: 0 | O73: 0
B74: 1111018 | C74: ชิฟฟอนไส้แยมรสบลูเบอร์รี่ล้วน 6 ชิ้น | D74: 0 | E74: 0 | F74: 0 | G74: 0 | H74: 0 | I74: 0 | J74: 0 | K74: 0 | L74: 0 | O74: 0
B75: 1111012 | C75: ชิฟฟอนไส้แยมรสนมชมพูฮอกไกโดล้วน 6 ชิ้น | D75: 0 | E75: 0 | F75: 0 | G75: 0 | H75: 0 | I75: 0 | J75: 0 | K75: 0 | L75: 0 | O75: 0
B76: 1111020 | C76: ชิฟฟอนไส้แยมฝอยทองไส้ทะลัก 6 ชิ้น | D76: 0 | E76: 0 | F76: 0 | G76: 0 | H76: 0 | I76: 0 | J76: 0 | K76: 0 | L76: 0 | O76: 0
C77: รวม | O77: 0
B78: ชิฟฟอนไส้แยม 3 ชิ้น
B79: 1111022 | C79: ชิฟฟอนไส้แยมรสสตอเบอร์รี่ล้วน 3 ชิ้น | D79: 0 | E79: 0 | F79: 0 | G79: 0 | H79: 0 | I79: 0 | J79: 0 | K79: 0 | L79: 0 | O79: 0
B80: 1111015 | C80: ชิฟฟอนไส้แยมรสมะพร้าวล้วน 3 ชิ้น | D80: 0 | E80: 0 | F80: 0 | G80: 0 | H80: 0 | I80: 0 | J80: 0 | K80: 0 | L80: 0 | O80: 0
B81: 1111013 | C81: ชิฟฟอนไส้แยมรสช็อกโกแลตนูเทลล่าล้วน 3 ชิ้น | D81: 0 | E81: 0 | F81: 0 | G81: 0 | H81: 0 | I81: 0 | J81: 0 | K81: 0 | L81: 0 | O81: 0
B82: 1111024 | C82: ชิฟฟอนไส้แยมรสส้มล้วน 3 ชิ้น | D82: 0 | E82: 0 | F82: 0 | G82: 0 | H82: 0 | I82: 0 | J82: 0 | K82: 0 | L82: 0 | O82: 0
B83: 1111017 | C83: ชิฟฟอนไส้แยมรสบลูเบอร์รี่ล้วน 3 ชิ้น | D83: 0 | E83: 0 | F83: 0 | G83: 0 | H83: 0 | I83: 0 | J83: 0 | K83: 0 | L83: 0 | O83: 0
B84: 1111011 | C84: ชิฟฟอนไส้แยมรสนมชมพูฮอกไกโดล้วน 3 ชิ้น | D84: 0 | E84: 0 | F84: 0 | G84: 0 | H84: 0 | I84: 0 | J84: 0 | K84: 0 | L84: 0 | O84: 0
B85: 1111019 | C85: ชิฟฟอนไส้แยมฝอยทองไส้ทะลัก 3 ชิ้น | D85: 0 | E85: 0 | F85: 0 | G85: 0 | H85: 0 | I85: 0 | J85: 0 | K85: 0 | L85: 0 | O85: 0
