Workbook

Sheet เย็น
B1: ยอดจริง ออนไลน์ วันที่ - เช้า
L2: ยอดรวมผลิต
L3: จำนวน
B4: รหัสสินค้า | C4: สินค้า | D4: ปณ | E4: ชอปปี้ | F4: ลาซาด้า | G4: ติ๊กตอก | H4: ติ๊กตอก 2 | I4: ติ๊กตอก3 | J4: ชอยส์ | K4: ยอดเส้น | L4: (กล่อง)
B6: ชิฟฟอนรวมรส
B7: 1111002 | C7: ชิฟฟอนรวมรส 8 ชิ้น | L7: =SUM(D7:K7) -> 0
C8: ชิฟฟอนแบบกล่องสุ่มอะไรก็ได้ที่มี | L8: =SUM(D8:K8) -> 0
B9: 1111084 | C9: ชิฟฟอน 8 ชิ้น กาแฟล้วน | L9: =SUM(D9:K9) -> 0
B10: 1111085 | C10: ชิฟฟอน 8 ชิ้น บลูเบอรี่ล้วน | L10: =SUM(D10:K10) -> 0
B11: 1111086 | C11: ชิฟฟอน 8 ชิ้น มะพร้าวล้วน | L11: =SUM(D11:K11) -> 0
B12: 1111087 | C12: ชิฟฟอน 8 ชิ้น สตอเบอรี่ล้วน | L12: =SUM(D12:K12) -> 0
B13: 1111088 | C13: ชิฟฟอน 8 ชิ้น ส้มล้วน | L13: =SUM(D13:K13) -> 0
B14: 1111089 | C14: ชิฟฟอน 8 ชิ้น เนยล้วน | L14: =SUM(D14:K14) -> 0
B15: 1111090 | C15: ชิฟฟอน 8 ชิ้น เผือกล้วน | L15: =SUM(D15:K15) -> 0
B16: 1111091 | C16: ชิฟฟอน 8 ชิ้น ใบเตยล้วน | L16: =SUM(D16:K16) -> 0
B17: 1111092 | C17: ชิฟฟอน 8 ชิ้น กล้วยหอม | L17: =SUM(D17:K17) -> 0
B18: 1111093 | C18: ชิฟฟอน 8 ชิ้น โกโก้ล้วน | L18: =SUM(D18:K18) -> 0
B19: 1111094 | C19: ชิฟฟอน 8 ชิ้น ชาไทยล้วน | L19: =SUM(D19:K19) -> 0
B20: 1111095 | C20: ชิฟฟอน 8 ชิ้น ชาเขียวล้วน | L20: =SUM(D20:K20) -> 0
... B66: 1111010 | C66: ชิฟฟอนไส้แยมแยกชิ้น คละรส | L66: =SUM(D66:K66) -> 0
C67: รวม
B68: ชิฟฟอนไส้แยม 6 ชิ้น
B69: 1111009 | C69: ชิฟฟอนไส้แยมรวมรส 6 ชิ้น | L69: =SUM(D69:K69) -> 0
B70: 1111023 | C70: ชิฟฟอนไส้แยมรสสตอเบอร์รี่ล้วน 6 ชิ้น | L70: =SUM(D70:K70) -> 0
B71: 1111016 | C71: ชิฟฟอนไส้แยมรสมะพร้าวล้วน 6 ชิ้น | L71: =SUM(D71:K71) -> 0
B72: 1111014 | C72: ชิฟฟอนไส้แยมรสช็อกโกแลตนูเทลล่าล้วน 6 ชิ้น | L72: =SUM(D72:K72) -> 0
B73: 1111025 | C73: ชิฟฟอนไส้แยมรสส้มล้วน 6 ชิ้น | L73: =SUM(D73:K73) -> 0
B74: 1111018 | C74: ชิฟฟอนไส้แยมรสบลูเบอร์รี่ล้วน 6 ชิ้น | L74: =SUM(D74:K74) -> 0
B75: 1111012 | C75: ชิฟฟอนไส้แยมรสนมชมพูฮอกไกโดล้วน 6 ชิ้น | L75: =SUM(D75:K75) -> 0
B76: 1111020 | C76: ชิฟฟอนไส้แยมฝอยทองไส้ทะลัก 6 ชิ้น | L76: =SUM(D76:K76) -> 0
C77: รวม
B78: ชิฟฟอนไส้แยม 3 ชิ้น
B79: 1111022 | C79: ชิฟฟอนไส้แยมรสสตอเบอร์รี่ล้วน 3 ชิ้น | L79: =SUM(D79:K79) -> 0
B80: 1111015 | C80: ชิฟฟอนไส้แยมรสมะพร้าวล้วน 3 ชิ้น | L80: =SUM(D80:K80) -> 0
B81: 1111013 | C81: ชิฟฟอนไส้แยมรสช็อกโกแลตนูเทลล่าล้วน 3 ชิ้น | L81: =SUM(D81:K81) -> 0
B82: 1111024 | C82: ชิฟฟอนไส้แยมรสส้มล้วน 3 ชิ้น | L82: =SUM(D82:K82) -> 0
B83: 1111017 | C83: ชิฟฟอนไส้แยมรสบลูเบอร์รี่ล้วน 3 ชิ้น | L83: =SUM(D83:K83) -> 0
B84: 1111011 | C84: ชิฟฟอนไส้แยมรสนมชมพูฮอกไกโดล้วน 3 ชิ้น | L84: =SUM(D84:K84) -> 0
B85: 1111019 | C85: ชิฟฟอนไส้แยมฝอยทองไส้ทะลัก 3 ชิ้น | L85: =SUM(D85:K85) -> 0
B86: 1113081 | C86: ชิฟฟอนไส้แยม วนิลา/ใบเตย/เมล่อน | L86: =SUM(D86:K86) -> 0
B87: 1111008 | C87: ชิฟฟอนไส้แยมรวมรส 3 ชิ้น | L87: =SUM(D87:K87) -> 0
C88: รวม
B89: เบาหวิว ล 110 กรัม
B90: 1112009 | C90: มะพร้าว | L90: =SUM(D90:K90) -> 0
B91: 1112011 | C91: ฝอยทอง | L91: =SUM(D91:K91) -> 0
B92: 1112003 | C92: กาแฟ | L92: =SUM(D92:K92) -> 0
B93: 1112005 | C93: เนยนม | L93: =SUM(D93:K93) -> 0
B94: 1112007 | C94: ใบเตย | L94: =SUM(D94:K94) -> 0
B95: 1112019 | C95: ทุเรียน | L95: =SUM(D95:K95) -> 0
B96: 1112017 | C96: ตาลหอม | L96: =SUM(D96:K96) -> 0
B97: 1112015 | C97: กล้วยหอมมะพร้าวเผา | L97: =SUM(D97:K97) -> 0
B98: 1112013 | C98: เผือกมะพร้าวอ่อน | L98: =SUM(D98:K98) -> 0
B99: 1124043 | C99: เบาหวิว คละรส | L99: =SUM(D99:K99) -> 0
C100: รวม | L100: =SUM(D100:I100) -> 0
B101: เบาหวิว ญ 300 กรัม
B102: 1112008 | C102: มะพร้าว | L102: =SUM(D102:K102) -> 0
B103: 1112010 | C103: ฝอยทอง | L103: =SUM(D103:K103) -> 0
B104: 1112002 | C104: กาแฟ | L104: =SUM(D104:K104) -> 0
B105: 1112004 | C105: เนยนม | L105: =SUM(D105:K105) -> 0
B106: 1112006 | C106: ใบเตย | L106: =SUM(D106:K106) -> 0
B107: 1112018 | C107: ทุเรียน | L107: =SUM(D107:K107) -> 0
B108: 1112016 | C108: ตาลหอม | L108: =SUM(D108:K108) -> 0
B109: 1112014 | C109: กล้วยหอมมะพร้าวเผา | L109: =SUM(D109:K109) -> 0
B110: 1112012 | C110: เผือกมะพร้าวอ่อน | L110: =SUM(D110:K110) -> 0
C111: เบาหวิว คละรส | L111: =SUM(D111:K111) -> 0
C112: รวม | L112: =SUM(L102:L110) -> 0
B113: อื่นๆ
B114: 1113170 | C114: ขนมเปี๊ยะถั่วฝอยทองไข่เค็ม 450 กรัม | L114: =SUM(D114:K114) -> 0
B115: 1113171 | C115: ขนมเปี๊ยะฟักถั่วไข่เค็ม 450 กรัม | L115: =SUM(D115:K115) -> 0
B116: 1113172 | C116: ขนมเปี๊ยะเผือกฝอยทองไข่เค็ม 450 กรัม | L116: =SUM(D116:K116) -> 0
B117: 1113173 | C117: ขนมเปี๊ยะงาดำฝอยทองไข่เค็ม 450 กรัม | L117: =SUM(D117:K117) -> 0
B118: 1100003 | C118: เมอแรงค์ กระปุก | L118: =SUM(D118:K118) -> 0
B119: 1100001 | C119: พายสับปรด 1 ชิ้น | L119: =SUM(D119:K119) -> 0
B120: 1100002 | C120: พายสับปรด 1 กล่อง | L120: =SUM(D120:K120) -> 0
B121: 1200001 | C121: คอนเฟลค | L121: =SUM(D121:K121) -> 0
B122: 1005761 | C122: ปังกรอบคาราเมล(ถุง) | L122: =SUM(D122:K122) -> 0
B123: 1114501 | C123: ครีมฮอร์นไส้เนย วนิลา | L123: =SUM(D123:K123) -> 0
B124: 1114502 | C124: ครีมฮอร์นไส้เนย ใบเตย | L124: =SUM(D124:K124) -> 0
B125: 1114503 | C125: ครีมฮอร์นไส้เนย ชอค | L125: =SUM(D125:K125) -> 0
... B134: 1200092 | C134: ท็อฟฟี่ถั่ว 1 กิโล | L134: =SUM(D134:K134) -> 0
C135: เศษขนมปังปลา5กก. | L135: =SUM(D135:K135) -> 0
C136: เศษขนมปังปลา1กก. | L136: =SUM(D136:K136) -> 0
C137: กล่องทาร์ตสับปะรด | L137: =SUM(D137:K137) -> 0
C138: กล่องเบาหวิว ล | L138: =SUM(D138:K138) -> 0
C139: กล่องเปี๊ยะ ล | L139: =SUM(D139:K139) -> 0
B142: …..................................................................................... | I142: ….....................................................................................
B143: ผู้จัดทำ | I143: ผู้รับทราบ

Sheet เช้า
B1: ยอดจริง ออนไลน์ วันที่ 26/1/2568 - เช้า
L2: ยอดรวมผลิต
L3: จำนวน
B4: รหัสสินค้า | C4: สินค้า | D4: ปณ | E4: ชอปปี้ | F4: ลาซาด้า | G4: ติ๊กตอก | H4: ติ๊กตอก 2 | I4: ติ๊กตอก3 | J4: ชอยส์ | K4: ยอดเส้น | L4: (กล่อง)
B6: ชิฟฟอนรวมรส
B7: 1111002 | C7: ชิฟฟอนรวมรส 8 ชิ้น | E7: 8 | L7: =SUM(D7:K7) -> 8
C8: ชิฟฟอนแบบกล่องสุ่มอะไรก็ได้ที่มี | L8: =SUM(D8:K8) -> 0
B9: 1111084 | C9: ชิฟฟอน 8 ชิ้น กาแฟล้วน | L9: =SUM(D9:K9) -> 0
B10: 1111085 | C10: ชิฟฟอน 8 ชิ้น บลูเบอรี่ล้วน | L10: =SUM(D10:K10) -> 0
B11: 1111086 | C11: ชิฟฟอน 8 ชิ้น มะพร้าวล้วน | L11: =SUM(D11:K11) -> 0
B12: 1111087 | C12: ชิฟฟอน 8 ชิ้น สตอเบอรี่ล้วน | L12: =SUM(D12:K12) -> 0
B13: 1111088 | C13: ชิฟฟอน 8 ชิ้น ส้มล้วน | L13: =SUM(D13:K13) -> 0
B14: 1111089 | C14: ชิฟฟอน 8 ชิ้น เนยล้วน | L14: =SUM(D14:K14) -> 0
B15: 1111090 | C15: ชิฟฟอน 8 ชิ้น เผือกล้วน | L15: =SUM(D15:K15) -> 0
B16: 1111091 | C16: ชิฟฟอน 8 ชิ้น ใบเตยล้วน | L16: =SUM(D16:K16) -> 0
B17: 1111092 | C17: ชิฟฟอน 8 ชิ้น กล้วยหอม | L17: =SUM(D17:K17) -> 0
B18: 1111093 | C18: ชิฟฟอน 8 ชิ้น โกโก้ล้วน | L18: =SUM(D18:K18) -> 0
B19: 1111094 | C19: ชิฟฟอน 8 ชิ้น ชาไทยล้วน | L19: =SUM(D19:K19) -> 0
B20: 1111095 | C20: ชิฟฟอน 8 ชิ้น ชาเขียวล้วน | L20: =SUM(D20:K20) -> 0
... B24: 1111043 | C24: ชิฟฟอน 8 ชิ้น มะลิ | L24: =SUM(D24:K24) -> 0
B25: 1111056 | C25: ชิฟฟอน 8 ชิ้น รวมรสยอดฮิต | E25: 3 | F25: 12 | L25: =SUM(D25:K25) -> 15
B26: 1004055 | C26: ชิฟฟอนรวมรส 4 ชิ้น | G26: 3 | L26: =SUM(D26:K26) -> 3
B27: 1004055 | C27: ชิฟฟอน 4 ชิ้น โกโก้ล้วน | L27: =SUM(D27:K27) -> 0
B28: 1004055 | C28: ชิฟฟอน 4 ชิ้น มะพร้าวล้วน | L28: =SUM(D28:K28) -> 0
B29: 1004055 | C29: ชิฟฟอน 4 ชิ้น เนยล้วน | L29: =SUM(D29:K29) -> 0
B30: 1004055 | C30: ชิฟฟอน 4 ชิ้น กาแฟล้วน | L30: =SUM(D30:K30) -> 0
B31: 1004055 | C31: ชิฟฟอน 4 ชิ้น ใบเตยล้วน | L31: =SUM(D31:K31) -> 0
B32: 1004055 | C32: ชิฟฟอน 4 ชิ้น บลูเบอร์รี่ล้วน | L32: =SUM(D32:K32) -> 0
B33: 1004055 | C33: ชิฟฟอน 4 ชิ้น ส้มล้วน | L33: =SUM(D33:K33) -> 0
B34: 1004055 | C34: ชิฟฟอน 4 ชิ้น เผือกล้วน | L34: =SUM(D34:K34) -> 0
B35: 1004055 | C35: ชิฟฟอน 4 ชิ้น สตอเบอรี่ล้วน | L35: =SUM(D35:K35) -> 0
B36: 1004055 | C36: ชิฟฟอน 4 ชิ้น กล้วยหอมล้วน | L36: =SUM(D36:K36) -> 0
B37: 1004055 | C37: ชิฟฟอน 4 ชิ้น ชาเขียวล้วน | L37: =SUM(D37:K37) -> 0
B38: 1004055 | C38: ชิฟฟอน 4 ชิ้น ชาไทยล้วน | L38: =SUM(D38:K38) -> 0
B39: 1004055 | C39: ชิฟฟอน 4 ชิ้น สับปะรดล้วน | L39: =SUM(D39:K39) -> 0
B40: 1111057 | C40: ชิฟฟอนแยกชิ้น กาแฟ | F40: 3 | L40: =SUM(D40:K40) -> 3
B41: 1111058 | C41: ชิฟฟอนแยกชิ้น ชาเขียว | F41: 3 | L41: =SUM(D41:K41) -> 3
B42: 1111059 | C42: ชิฟฟอนแยกชิ้น ใบเตย | F42: 3 | L42: =SUM(D42:K42) -> 3
B43: 1111060 | C43: ชิฟฟอนแยกชิ้น กล้วยหอม | F43: 3 | L43: =SUM(D43:K43) -> 3
B44: 1111061 | C44: ชิฟฟอนแยกชิ้น ชาไทย | F44: 3 | L44: =SUM(D44:K44) -> 3
B45: 1111062 | C45: ชิฟฟอนแยกชิ้น โกโก้ | F45: 3 | L45: =SUM(D45:K45) -> 3
B46: 1111063 | C46: ชิฟฟอนแยกชิ้น ส้ม | F46: 3 | L46: =SUM(D46:K46) -> 3
B47: 1111064 | C47: ชิฟฟอนแยกชิ้น เผือก | F47: 3 | L47: =SUM(D47:K47) -> 3
B48: 1111065 | C48: ชิฟฟอนแยกชิ้น สับปะรด | F48: 3 | L48: =SUM(D48:K48) -> 3
B49: 1111066 | C49: ชิฟฟอนแยกชิ้น สตอเบอรี่ | F49: 3 | L49: =SUM(D49:K49) -> 3
B50: 1111067 | C50: ชิฟฟอนแยกชิ้น มะพร้าว | L50: =SUM(D50:K50) -> 0
B51: 1111068 | C51: ชิฟฟอนแยกชิ้น เนย | L51: =SUM(D51:K51) -> 0
B52: 1111069 | C52: ชิฟฟอนแยกชิ้น บลูเบอรี่ | L52: =SUM(D52:K52) -> 0
B53: 1111070 | C53: ชิฟฟอนแยกชิ้น ทุเรียน | L53: =SUM(D53:K53) -> 0
B54: 1111071 | C54: ชิฟฟอนแยกชิ้น ตาล | L54: =SUM(D54:K54) -> 0
B55: 1111001 | C55: ชิฟฟอนแยกชิ้น คละรส | L55: =SUM(D55:K55) -> 0
B56: 1111074 | C56: ชิฟฟอนไส้แยมแยกชิ้น มะพร้าว | F56: 3 | L56: =SUM(D56:K56) -> 3
B57: 1111075 | C57: ชิฟฟอนไส้แยมแยกชิ้น สตอเบอรี่ | F57: 3 | L57: =SUM(D57:K57) -> 3
B58: 1111076 | C58: ชิฟฟอนไส้แยมแยกชิ้น ส้ม | F58: 3 | L58: =SUM(D58:K58) -> 3
B59: 1111077 | C59: ชิฟฟอนไส้แยมแยกชิ้น บลูเบอรี่ | F59: 3 | L59: =SUM(D59:K59) -> 3
B60: 1111078 | C60: ชิฟฟอนไส้แยมแยกชิ้น นมชมพู | F60: 3 | L60: =SUM(D60:K60) -> 3
B61: 1111079 | C61: ชิฟฟอนไส้แยมแยกชิ้น ชอคโกแลต | F61: 3 | L61: =SUM(D61:K61) -> 3
B62: 1111080 | C62: ชิฟฟอนไส้แยมแยกชิ้น ฝอยทอง | F62: 3 | L62: =SUM(D62:K62) -> 3
B63: 1111081 | C63: ชิฟฟอนไส้แยมแยกชิ้น วนิลา | F63: 3 | L63: =SUM(D63:K63) -> 3
B64: 1111082 | C64: ชิฟฟอนไส้แยมแยกชิ้น ใบเตย | F64: 3 | L64: =SUM(D64:K64) -> 3
B65: 1111083 | C65: ชิฟฟอนไส้แยมแยกชิ้น เมล่อน | F65: 3 | L65: =SUM(D65:K65) -> 3
B66: 1111010 | C66: ชิฟฟอนไส้แยมแยกชิ้น คละรส | L66: =SUM(D66:K66) -> 0
C67: รวม
B68: ชิฟฟอนไส้แยม 6 ชิ้น
B69: 1111009 | C69: ชิฟฟอนไส้แยมรวมรส 6 ชิ้น | L69: =SUM(D69:K69) -> 0
B70: 1111023 | C70: ชิฟฟอนไส้แยมรสสตอเบอร์รี่ล้วน 6 ชิ้น | L70: =SUM(D70:K70) -> 0
B71: 1111016 | C71: ชิฟฟอนไส้แยมรสมะพร้าวล้วน 6 ชิ้น | L71: =SUM(D71:K71) -> 0
B72: 1111014 | C72: ชิฟฟอนไส้แยมรสช็อกโกแลตนูเทลล่าล้วน 6 ชิ้น | L72: =SUM(D72:K72) -> 0
B73: 1111025 | C73: ชิฟฟอนไส้แยมรสส้มล้วน 6 ชิ้น | L73: =SUM(D73:K73) -> 0
B74: 1111018 | C74: ชิฟฟอนไส้แยมรสบลูเบอร์รี่ล้วน 6 ชิ้น | L74: =SUM(D74:K74) -> 0
B75: 1111012 | C75: ชิฟฟอนไส้แยมรสนมชมพูฮอกไกโดล้วน 6 ชิ้น | L75: =SUM(D75:K75) -> 0
B76: 1111020 | C76: ชิฟฟอนไส้แยมฝอยทองไส้ทะลัก 6 ชิ้น | L76: =SUM(D76:K76) -> 0
C77: รวม
B78: ชิฟฟอนไส้แยม 3 ชิ้น
B79: 1111022 | C79: ชิฟฟอนไส้แยมรสสตอเบอร์รี่ล้วน 3 ชิ้น | L79: =SUM(D79:K79) -> 0
B80: 1111015 | C80: ชิฟฟอนไส้แยมรสมะพร้าวล้วน 3 ชิ้น | L80: =SUM(D80:K80) -> 0
B81: 1111013 | C81: ชิฟฟอนไส้แยมรสช็อกโกแลตนูเทลล่าล้วน 3 ชิ้น | L81: =SUM(D81:K81) -> 0
B82: 1111024 | C82: ชิฟฟอนไส้แยมรสส้มล้วน 3 ชิ้น | L82: =SUM(D82:K82) -> 0
B83: 1111017 | C83: ชิฟฟอนไส้แยมรสบลูเบอร์รี่ล้วน 3 ชิ้น | L83: =SUM(D83:K83) -> 0
B84: 1111011 | C84: ชิฟฟอนไส้แยมรสนมชมพูฮอกไกโดล้วน 3 ชิ้น | L84: =SUM(D84:K84) -> 0
B85: 1111019 | C85: ชิฟฟอนไส้แยมฝอยทองไส้ทะลัก 3 ชิ้น | L85: =SUM(D85:K85) -> 0
B86: 1113081 | C86: ชิฟฟอนไส้แยม วนิลา/ใบเตย/เมล่อน | L86: =SUM(D86:K86) -> 0
B87: 1111008 | C87: ชิฟฟอนไส้แยมรวมรส 3 ชิ้น | G87: 6 | L87: =SUM(D87:K87) -> 6
C88: รวม
B89: เบาหวิว ล 110 กรัม
B90: 1112009 | C90: มะพร้าว | E90: 2 | L90: =SUM(D90:K90) -> 2
B91: 1112011 | C91: ฝอยทอง | E91: 2 | L91: =SUM(D91:K91) -> 2
B92: 1112003 | C92: กาแฟ | E92: 2 | L92: =SUM(D92:K92) -> 2
B93: 1112005 | C93: เนยนม | E93: 2 | L93: =SUM(D93:K93) -> 2
B94: 1112007 | C94: ใบเตย | L94: =SUM(D94:K94) -> 0
B95: 1112019 | C95: ทุเรียน | L95: =SUM(D95:K95) -> 0
B96: 1112017 | C96: ตาลหอม | L96: =SUM(D96:K96) -> 0
B97: 1112015 | C97: กล้วยหอมมะพร้าวเผา | L97: =SUM(D97:K97) -> 0
B98: 1112013 | C98: เผือกมะพร้าวอ่อน | E98: 1 | L98: =SUM(D98:K98) -> 1
B99: 1124043 | C99: เบาหวิว คละรส | L99: =SUM(D99:K99) -> 0
C100: รวม | L100: =SUM(D100:I100) -> 0
B101: เบาหวิว ญ 300 กรัม
B102: 1112008 | C102: มะพร้าว | L102: =SUM(D102:K102) -> 0
B103: 1112010 | C103: ฝอยทอง | L103: =SUM(D103:K103) -> 0
B104: 1112002 | C104: กาแฟ | L104: =SUM(D104:K104) -> 0
...

Sheet บ่าย
B1: ยอดจริง ออนไลน์ วันที่ 26/1/2568 - บ่าย
L2: ยอดรวมผลิต
L3: จำนวน
B4: รหัสสินค้า | C4: สินค้า | D4: ปณ | E4: ชอปปี้ | F4: ลาซาด้า | G4: ติ๊กตอก | H4: ติ๊กตอก 2 | I4: ติ๊กตอก3 | J4: ชอยส์ | K4: ยอดเส้น | L4: (กล่อง)
B6: ชิฟฟอนรวมรส
B7: 1111002 | C7: ชิฟฟอนรวมรส 8 ชิ้น | L7: =SUM(D7:K7) -> 0
C8: ชิฟฟอนแบบกล่องสุ่มอะไรก็ได้ที่มี | L8: =SUM(D8:K8) -> 0
B9: 1111084 | C9: ชิฟฟอน 8 ชิ้น กาแฟล้วน | L9: =SUM(D9:K9) -> 0
B10: 1111085 | C10: ชิฟฟอน 8 ชิ้น บลูเบอรี่ล้วน | L10: =SUM(D10:K10) -> 0
B11: 1111086 | C11: ชิฟฟอน 8 ชิ้น มะพร้าวล้วน | L11: =SUM(D11:K11) -> 0
B12: 1111087 | C12: ชิฟฟอน 8 ชิ้น สตอเบอรี่ล้วน | L12: =SUM(D12:K12) -> 0
B13: 1111088 | C13: ชิฟฟอน 8 ชิ้น ส้มล้วน | L13: =SUM(D13:K13) -> 0
B14: 1111089 | C14: ชิฟฟอน 8 ชิ้น เนยล้วน | L14: =SUM(D14:K14) -> 0
B15: 1111090 | C15: ชิฟฟอน 8 ชิ้น เผือกล้วน | L15: =SUM(D15:K15) -> 0
B16: 1111091 | C16: ชิฟฟอน 8 ชิ้น ใบเตยล้วน | L16: =SUM(D16:K16) -> 0
B17: 1111092 | C17: ชิฟฟอน 8 ชิ้น กล้วยหอม | L17: =SUM(D17:K17) -> 0
B18: 1111093 | C18: ชิฟฟอน 8 ชิ้น โกโก้ล้วน | L18: =SUM(D18:K18) -> 0
B19: 1111094 | C19: ชิฟฟอน 8 ชิ้น ชาไทยล้วน | L19: =SUM(D19:K19) -> 0
B20: 1111095 | C20: ชิฟฟอน 8 ชิ้น ชาเขียวล้วน | L20: =SUM(D20:K20) -> 0
... B24: 1111043 | C24: ชิฟฟอน 8 ชิ้น มะลิ | L24: =SUM(D24:K24) -> 0
B25: 1111056 | C25: ชิฟฟอน 8 ชิ้น รวมรสยอดฮิต | D25: 1 | L25: =SUM(D25:K25) -> 1
B26: 1004055 | C26: ชิฟฟอนรวมรส 4 ชิ้น | L26: =SUM(D26:K26) -> 0
B27: 1004055 | C27: ชิฟฟอน 4 ชิ้น โกโก้ล้วน | L27: =SUM(D27:K27) -> 0
B28: 1004055 | C28: ชิฟฟอน 4 ชิ้น มะพร้าวล้วน | L28: =SUM(D28:K28) -> 0
B29: 1004055 | C29: ชิฟฟอน 4 ชิ้น เนยล้วน | L29: =SUM(D29:K29) -> 0
B30: 1004055 | C30: ชิฟฟอน 4 ชิ้น กาแฟล้วน | L30: =SUM(D30:K30) -> 0
B31: 1004055 | C31: ชิฟฟอน 4 ชิ้น ใบเตยล้วน | L31: =SUM(D31:K31) -> 0
B32: 1004055 | C32: ชิฟฟอน 4 ชิ้น บลูเบอร์รี่ล้วน | L32: =SUM(D32:K32) -> 0
B33: 1004055 | C33: ชิฟฟอน 4 ชิ้น ส้มล้วน | L33: =SUM(D33:K33) -> 0
B34: 1004055 | C34: ชิฟฟอน 4 ชิ้น เผือกล้วน | L34: =SUM(D34:K34) -> 0
B35: 1004055 | C35: ชิฟฟอน 4 ชิ้น สตอเบอรี่ล้วน | L35: =SUM(D35:K35) -> 0
B36: 1004055 | C36: ชิฟฟอน 4 ชิ้น กล้วยหอมล้วน | L36: =SUM(D36:K36) -> 0
B37: 1004055 | C37: ชิฟฟอน 4 ชิ้น ชาเขียวล้วน | L37: =SUM(D37:K37) -> 0
... B55: 1111001 | C55: ชิฟฟอนแยกชิ้น คละรส | L55: =SUM(D55:K55) -> 0
B56: 1111074 | C56: ชิฟฟอนไส้แยมแยกชิ้น มะพร้าว | D56: 1 | L56: =SUM(D56:K56) -> 1
B57: 1111075 | C57: ชิฟฟอนไส้แยมแยกชิ้น สตอเบอรี่ | D57: 1 | L57: =SUM(D57:K57) -> 1
B58: 1111076 | C58: ชิฟฟอนไส้แยมแยกชิ้น ส้ม | D58: 1 | L58: =SUM(D58:K58) -> 1
B59: 1111077 | C59: ชิฟฟอนไส้แยมแยกชิ้น บลูเบอรี่ | D59: 1 | L59: =SUM(D59:K59) -> 1
B60: 1111078 | C60: ชิฟฟอนไส้แยมแยกชิ้น นมชมพู | D60: 1 | L60: =SUM(D60:K60) -> 1
B61: 1111079 | C61: ชิฟฟอนไส้แยมแยกชิ้น ชอคโกแลต | D61: 1 | L61: =SUM(D61:K61) -> 1
B62: 1111080 | C62: ชิฟฟอนไส้แยมแยกชิ้น ฝอยทอง | D62: 1 | L62: =SUM(D62:K62) -> 1
B63: 1111081 | C63: ชิฟฟอนไส้แยมแยกชิ้น วนิลา | D63: 1 | L63: =SUM(D63:K63) -> 1
B64: 1111082 | C64: ชิฟฟอนไส้แยมแยกชิ้น ใบเตย | D64: 1 | L64: =SUM(D64:K64) -> 1
B65: 1111083 | C65: ชิฟฟอนไส้แยมแยกชิ้น เมล่อน | D65: 1 | L65: =SUM(D65:K65) -> 1
B66: 1111010 | C66: ชิฟฟอนไส้แยมแยกชิ้น คละรส | L66: =SUM(D66:K66) -> 0
C67: รวม
B68: ชิฟฟอนไส้แยม 6 ชิ้น
B69: 1111009 | C69: ชิฟฟอนไส้แยมรวมรส 6 ชิ้น | D69: 1 | E69: 2 | L69: =SUM(D69:K69) -> 3
B70: 1111023 | C70: ชิฟฟอนไส้แยมรสสตอเบอร์รี่ล้วน 6 ชิ้น | L70: =SUM(D70:K70) -> 0
B71: 1111016 | C71: ชิฟฟอนไส้แยมรสมะพร้าวล้วน 6 ชิ้น | L71: =SUM(D71:K71) -> 0
B72: 1111014 | C72: ชิฟฟอนไส้แยมรสช็อกโกแลตนูเทลล่าล้วน 6 ชิ้น | L72: =SUM(D72:K72) -> 0
B73: 1111025 | C73: ชิฟฟอนไส้แยมรสส้มล้วน 6 ชิ้น | L73: =SUM(D73:K73) -> 0
B74: 1111018 | C74: ชิฟฟอนไส้แยมรสบลูเบอร์รี่ล้วน 6 ชิ้น | L74: =SUM(D74:K74) -> 0
B75: 1111012 | C75: ชิฟฟอนไส้แยมรสนมชมพูฮอกไกโดล้วน 6 ชิ้น | L75: =SUM(D75:K75) -> 0
B76: 1111020 | C76: ชิฟฟอนไส้แยมฝอยทองไส้ทะลัก 6 ชิ้น | L76: =SUM(D76:K76) -> 0
C77: รวม
B78: ชิฟฟอนไส้แยม 3 ชิ้น
B79: 1111022 | C79: ชิฟฟอนไส้แยมรสสตอเบอร์รี่ล้วน 3 ชิ้น | L79: =SUM(D79:K79) -> 0
B80: 1111015 | C80: ชิฟฟอนไส้แยมรสมะพร้าวล้วน 3 ชิ้น | L80: =SUM(D80:K80) -> 0
B81: 1111013 | C81: ชิฟฟอนไส้แยมรสช็อกโกแลตนูเทลล่าล้วน 3 ชิ้น | L81: =SUM(D81:K81) -> 0
B82: 1111024 | C82: ชิฟฟอนไส้แยมรสส้มล้วน 3 ชิ้น | L82: =SUM(D82:K82) -> 0
B83: 1111017 | C83: ชิฟฟอนไส้แยมรสบลูเบอร์รี่ล้วน 3 ชิ้น | L83: =SUM(D83:K83) -> 0
B84: 1111011 | C84: ชิฟฟอนไส้แยมรสนมชมพูฮอกไกโดล้วน 3 ชิ้น | L84: =SUM(D84:K84) -> 0
B85: 1111019 | C85: ชิฟฟอนไส้แยมฝอยทองไส้ทะลัก 3 ชิ้น | L85: =SUM(D85:K85) -> 0
B86: 1113081 | C86: ชิฟฟอนไส้แยม วนิลา/ใบเตย/เมล่อน | L86: =SUM(D86:K86) -> 0
B87: 1111008 | C87: ชิฟฟอนไส้แยมรวมรส 3 ชิ้น | D87: 30 | E87: 6 | L87: =SUM(D87:K87) -> 36
C88: รวม
B89: เบาหวิว ล 110 กรัม
B90: 1112009 | C90: มะพร้าว | E90: 1 | L90: =SUM(D90:K90) -> 1
B91: 1112011 | C91: ฝอยทอง | E91: 1 | L91: =SUM(D91:K91) -> 1
B92: 1112003 | C92: กาแฟ | L92: =SUM(D92:K92) -> 0
B93: 1112005 | C93: เนยนม | D93: 4 | L93: =SUM(D93:K93) -> 4
B94: 1112007 | C94: ใบเตย | L94: =SUM(D94:K94) -> 0
B95: 1112019 | C95: ทุเรียน | L95: =SUM(D95:K95) -> 0
B96: 1112017 | C96: ตาลหอม | L96: =SUM(D96:K96) -> 0
B97: 1112015 | C97: กล้วยหอมมะพร้าวเผา | L97: =SUM(D97:K97) -> 0
B98: 1112013 | C98: เผือกมะพร้าวอ่อน | E98: 1 | L98: =SUM(D98:K98) -> 1
B99: 1124043 | C99: เบาหวิว คละรส | L99: =SUM(D99:K99) -> 0
C100: รวม | L100: =SUM(D100:I100) -> 0
B101: เบาหวิว ญ 300 กรัม
B102: 1112008 | C102: มะพร้าว | L102: =SUM(D102:K102) -> 0
B103: 1112010 | C103: ฝอยทอง | L103: =SUM(D103:K103) -> 0
B104: 1112002 | C104: กาแฟ | L104: =SUM(D104:K104) -> 0
B105: 1112004 | C105: เนยนม | L105: =SUM(D105:K105) -> 0
B106: 1112006 | C106: ใบเตย | L106: =SUM(D106:K106) -> 0
B107: 1112018 | C107: ทุเรียน | L107: =SUM(D107:K107) -> 0
B108: 1112016 | C108: ตาลหอม | L108: =SUM(D108:K108) -> 0
B109: 1112014 | C109: กล้วยหอมมะพร้าวเผา | L109: =SUM(D109:K109) -> 0
B110: 1112012 | C110: เผือกมะพร้าวอ่อน | L110: =SUM(D110:K110) -> 0
C111: เบาหวิว คละรส | L111: =SUM(D111:K111) -> 0
C112: รวม | L112: =SUM(L102:L110) -> 0
B113: อื่นๆ
B114: 1113170 | C114: ขนมเปี๊ยะถั่วฝอยทองไข่เค็ม 450 กรัม | D114: 3 | E114: 1 | L114: =SUM(D114:K114) -> 4
B115: 1113171 | C115: ขนมเปี๊ยะฟักถั่วไข่เค็ม 450 กรัม | L115: =SUM(D115:K115) -> 0
B116: 1113172 | C116: ขนมเปี๊ยะเผือกฝอยทองไข่เค็ม 450 กรัม | L116: =SUM(D116:K116) -> 0
B117: 1113173 | C117: ขนมเปี๊ยะงาดำฝอยทองไข่เค็ม 450 กรัม | L117: =SUM(D117:K117) -> 0
B118: 1100003 | C118: เมอแรงค์ กระปุก | E118: 1 | L118: =SUM(D118:K118) -> 1
B119: 1100001 | C119: พายสับปรด 1 ชิ้น | G119: 12 | L119: =SUM(D119:K119) -> 12
B120: 1100002 | C120: พายสับปรด 1 กล่อง | E120: 2 | G120: 3 | L120: =SUM(D120:K120) -> 5
B121: 1200001 | C121: คอนเฟลค | L121: =SUM(D121:K121) -> 0
...

Sheet รวม
B1: ยอดจริง ออนไลน์ วันที่ 26/1/2568 รวม
L2: ยอดรวมผลิต | M2: ยอดฟอแคส | N2: ยอดสตอค | O2: ยอดเมโม่ | P2: ยอดฟอแคสวันพรุ่งนี้ | Q2: รวม
L3: จำนวน
B4: รหัสสินค้า | C4: สินค้า | D4: ปณ | E4: ชอปปี้ | F4: ลาซาด้า | G4: ติ๊กตอก | H4: ติ๊กตอก2 | I4: ติ๊กตอก3 | J4: ชอยส์ | K4: ยอดเส้น | L4: (กล่อง)
B6: ชิฟฟอนรวมรส
B7: 1111002 | C7: ชิฟฟอนรวมรส 8 ชิ้น | D7: =เช้า!D7+เย็น!D7+บ่าย!D7 -> 0 | E7: =เช้า!E7+เย็น!E7+บ่าย!E7 -> 8 | F7: =เช้า!F7+เย็น!F7+บ่าย!F7 -> 0 | G7: =เช้า!G7+เย็น!G7+บ่าย!G7 -> 0 | H7: =เช้า!H7+เย็น!H7+บ่าย!H7 -> 0 | I7: =เช้า!I7+เย็น!I7+บ่าย!I7 -> 0 | J7: =เช้า!J7+เย็น!J7+บ่าย!J7 -> 0 | K7: =เช้า!K7+เย็น!K7+บ่าย!K7 -> 0 | L7: =SUM(D7:K7) -> 8 | Q7: =(M7+N7+O7+P7)-L7 -> -8
C8: ชิฟฟอนแบบกล่องสุ่มอะไรก็ได้ที่มี | D8: =เช้า!D8+เย็น!D8+บ่าย!D8 -> 0 | E8: =เช้า!E8+เย็น!E8+บ่าย!E8 -> 0 | F8: =เช้า!F8+เย็น!F8+บ่าย!F8 -> 0 | G8: =เช้า!G8+เย็น!G8+บ่าย!G8 -> 0 | H8: =เช้า!H8+เย็น!H8+บ่าย!H8 -> 0 | I8: =เช้า!I8+เย็น!I8+บ่าย!I8 -> 0 | J8: =เช้า!J8+เย็น!J8+บ่าย!J8 -> 0 | K8: =เช้า!K8+เย็น!K8+บ่าย!K8 -> 0 | L8: =SUM(D8:K8) -> 0 | Q8: =(M8+N8+O8+P8)-L8 -> 0
B9: 1111084 | C9: ชิฟฟอน 8 ชิ้น กาแฟล้วน | D9: =เช้า!D9+เย็น!D9+บ่าย!D9 -> 0 | E9: =เช้า!E9+เย็น!E9+บ่าย!E9 -> 0 | F9: =เช้า!F9+เย็น!F9+บ่าย!F9 -> 0 | G9: =เช้า!G9+เย็น!G9+บ่าย!G9 -> 0 | H9: =เช้า!H9+เย็น!H9+บ่าย!H9 -> 0 | I9: =เช้า!I9+เย็น!I9+บ่าย!I9 -> 0 | J9: =เช้า!J9+เย็น!J9+บ่าย!J9 -> 0 | K9: =เช้า!K9+เย็น!K9+บ่าย!K9 -> 0 | L9: =SUM(D9:K9) -> 0 | Q9: =(M9+N9+O9+P9)-L9 -> 0
B10: 1111085 | C10: ชิฟฟอน 8 ชิ้น บลูเบอรี่ล้วน | D10: =เช้า!D10+เย็น!D10+บ่าย!D10 -> 0 | E10: =เช้า!E10+เย็น!E10+บ่าย!E10 -> 0 | F10: =เช้า!F10+เย็น!F10+บ่าย!F10 -> 0 | G10: =เช้า!G10+เย็น!G10+บ่าย!G10 -> 0 | H10: =เช้า!H10+เย็น!H10+บ่าย!H10 -> 0 | I10: =เช้า!I10+เย็น!I10+บ่าย!I10 -> 0 | J10: =เช้า!J10+เย็น!J10+บ่าย!J10 -> 0 | K10: =เช้า!K10+เย็น!K10+บ่าย!K10 -> 0 | L10: =SUM(D10:K10) -> 0 | Q10: =(M10+N10+O10+P10)-L10 -> 0
B11: 1111086 | C11: ชิฟฟอน 8 ชิ้น มะพร้าวล้วน | D11: =เช้า!D11+เย็น!D11+บ่าย!D11 -> 0 | E11: =เช้า!E11+เย็น!E11+บ่าย!E11 -> 0 | F11: =เช้า!F11+เย็น!F11+บ่าย!F11 -> 0 | G11: =เช้า!G11+เย็น!G11+บ่าย!G11 -> 0 | H11: =เช้า!H11+เย็น!H11+บ่าย!H11 -> 0 | I11: =เช้า!I11+เย็น!I11+บ่าย!I11 -> 0 | J11: =เช้า!J11+เย็น!J11+บ่าย!J11 -> 0 | K11: =เช้า!K11+เย็น!K11+บ่าย!K11 -> 0 | L11: =SUM(D11:K11) -> 0 | Q11: =(M11+N11+O11+P11)-L11 -> 0
B12: 1111087 | C12: ชิฟฟอน 8 ชิ้น สตอเบอรี่ล้วน | D12: =เช้า!D12+เย็น!D12+บ่าย!D12 -> 0 | E12: =เช้า!E12+เย็น!E12+บ่าย!E12 -> 0 | F12: =เช้า!F12+เย็น!F12+บ่าย!F12 -> 0 | G12: =เช้า!G12+เย็น!G12+บ่าย!G12 -> 0 | H12: =เช้า!H12+เย็น!H12+บ่าย!H12 -> 0 | I12: =เช้า!I12+เย็น!I12+บ่าย!I12 -> 0 | J12: =เช้า!J12+เย็น!J12+บ่าย!J12 -> 0 | K12: =เช้า!K12+เย็น!K12+บ่าย!K12 -> 0 | L12: =SUM(D12:K12) -> 0 | Q12: =(M12+N12+O12+P12)-L12 -> 0
B13: 1111088 | C13: ชิฟฟอน 8 ชิ้น ส้มล้วน | D13: =เช้า!D13+เย็น!D13+บ่าย!D13 -> 0 | E13: =เช้า!E13+เย็น!E13+บ่าย!E13 -> 0 | F13: =เช้า!F13+เย็น!F13+บ่าย!F13 -> 0 | G13: =เช้า!G13+เย็น!G13+บ่าย!G13 -> 0 | H13: =เช้า!H13+เย็น!H13+บ่าย!H13 -> 0 | I13: =เช้า!I13+เย็น!I13+บ่าย!I13 -> 0 | J13: =เช้า!J13+เย็น!J13+บ่าย!J13 -> 0 | K13: =เช้า!K13+เย็น!K13+บ่าย!K13 -> 0 | L13: =SUM(D13:K13) -> 0 | Q13: =(M13+N13+O13+P13)-L13 -> 0
B14: 1111089 | C14: ชิฟฟอน 8 ชิ้น เนยล้วน | D14: =เช้า!D14+เย็น!D14+บ่าย!D14 -> 0 | E14: =เช้า!E14+เย็น!E14+บ่าย!E14 -> 0 | F14: =เช้า!F14+เย็น!F14+บ่าย!F14 -> 0 | G14: =เช้า!G14+เย็น!G14+บ่าย!G14 -> 0 | H14: =เช้า!H14+เย็น!H14+บ่าย!H14 -> 0 | I14: =เช้า!I14+เย็น!I14+บ่าย!I14 -> 0 | J14: =เช้า!J14+เย็น!J14+บ่าย!J14 -> 0 | K14: =เช้า!K14+เย็น!K14+บ่าย!K14 -> 0 | L14: =SUM(D14:K14) -> 0 | Q14: =(M14+N14+O14+P14)-L14 -> 0
B15: 1111090 | C15: ชิฟฟอน 8 ชิ้น เผือกล้วน | D15: =เช้า!D15+เย็น!D15+บ่าย!D15 -> 0 | E15: =เช้า!E15+เย็น!E15+บ่าย!E15 -> 0 | F15: =เช้า!F15+เย็น!F15+บ่าย!F15 -> 0 | G15: =เช้า!G15+เย็น!G15+บ่าย!G15 -> 0 | H15: =เช้า!H15+เย็น!H15+บ่าย!H15 -> 0 | I15: =เช้า!I15+เย็น!I15+บ่าย!I15 -> 0 | J15: =เช้า!J15+เย็น!J15+บ่าย!J15 -> 0 | K15: =เช้า!K15+เย็น!K15+บ่าย!K15 -> 0 | L15: =SUM(D15:K15) -> 0 | Q15: =(M15+N15+O15+P15)-L15 -> 0
B16: 1111091 | C16: ชิฟฟอน 8 ชิ้น ใบเตยล้วน | D16: =เช้า!D16+เย็น!D16+บ่าย!D16 -> 0 | E16: =เช้า!E16+เย็น!E16+บ่าย!E16 -> 0 | F16: =เช้า!F16+เย็น!F16+บ่าย!F16 -> 0 | G16: =เช้า!G16+เย็น!G16+บ่าย!G16 -> 0 | H16: =เช้า!H16+เย็น!H16+บ่าย!H16 -> 0 | I16: =เช้า!I16+เย็น!I16+บ่าย!I16 -> 0 | J16: =เช้า!J16+เย็น!J16+บ่าย!J16 -> 0 | K16: =เช้า!K16+เย็น!K16+บ่าย!K16 -> 0 | L16: =SUM(D16:K16) -> 0 | Q16: =(M16+N16+O16+P16)-L16 -> 0
B17: 1111092 | C17: ชิฟฟอน 8 ชิ้น กล้วยหอม | D17: =เช้า!D17+เย็น!D17+บ่าย!D17 -> 0 | E17: =เช้า!E17+เย็น!E17+บ่าย!E17 -> 0 | F17: =เช้า!F17+เย็น!F17+บ่าย!F17 -> 0 | G17: =เช้า!G17+เย็น!G17+บ่าย!G17 -> 0 | H17: =เช้า!H17+เย็น!H17+บ่าย!H17 -> 0 | I17: =เช้า!I17+เย็น!I17+บ่าย!I17 -> 0 | J17: =เช้า!J17+เย็น!J17+บ่าย!J17 -> 0 | K17: =เช้า!K17+เย็น!K17+บ่าย!K17 -> 0 | L17: =SUM(D17:K17) -> 0 | Q17: =(M17+N17+O17+P17)-L17 -> 0
B18: 1111093 | C18: ชิฟฟอน 8 ชิ้น โกโก้ล้วน | D18: =เช้า!D18+เย็น!D18+บ่าย!D18 -> 0 | E18: =เช้า!E18+เย็น!E18+บ่าย!E18 -> 0 | F18: =เช้า!F18+เย็น!F18+บ่าย!F18 -> 0 | G18: =เช้า!G18+เย็น!G18+บ่าย!G18 -> 0 | H18: =เช้า!H18+เย็น!H18+บ่าย!H18 -> 0 | I18: =เช้า!I18+เย็น!I18+บ่าย!I18 -> 0 | J18: =เช้า!J18+เย็น!J18+บ่าย!J18 -> 0 | K18: =เช้า!K18+เย็น!K18+บ่าย!K18 -> 0 | L18: =SUM(D18:K18) -> 0 | Q18: =(M18+N18+O18+P18)-L18 -> 0
B19: 1111094 | C19: ชิฟฟอน 8 ชิ้น ชาไทยล้วน | D19: =เช้า!D19+เย็น!D19+บ่าย!D19 -> 0 | E19: =เช้า!E19+เย็น!E19+บ่าย!E19 -> 0 | F19: =เช้า!F19+เย็น!F19+บ่าย!F19 -> 0 | G19: =เช้า!G19+เย็น!G19+บ่าย!G19 -> 0 | H19: =เช้า!H19+เย็น!H19+บ่าย!H19 -> 0 | I19: =เช้า!I19+เย็น!I19+บ่าย!I19 -> 0 | J19: =เช้า!J19+เย็น!J19+บ่าย!J19 -> 0 | K19: =เช้า!K19+เย็น!K19+บ่าย!K19 -> 0 | L19: =SUM(D19:K19) -> 0 | Q19: =(M19+N19+O19+P19)-L19 -> 0
B20: 1111095 | C20: ชิฟฟอน 8 ชิ้น ชาเขียวล้วน | D20: =เช้า!D20+เย็น!D20+บ่าย!D20 -> 0 | E20: =เช้า!E20+เย็น!E20+บ่าย!E20 -> 0 | F20: =เช้า!F20+เย็น!F20+บ่าย!F20 -> 0 | G20: =เช้า!G20+เย็น!G20+บ่าย!G20 -> 0 | H20: =เช้า!H20+เย็น!H20+บ่าย!H20 -> 0 | I20: =เช้า!I20+เย็น!I20+บ่าย!I20 -> 0 | J20: =เช้า!J20+เย็น!J20+บ่าย!J20 -> 0 | K20: =เช้า!K20+เย็น!K20+บ่าย!K20 -> 0 | L20: =SUM(D20:K20) -> 0 | Q20: =(M20+N20+O20+P20)-L20 -> 0
... B58: 1111076 | C58: ชิฟฟอนไส้แยมแยกชิ้น ส้ม | D58: =เช้า!D58+เย็น!D58+บ่าย!D58 -> 1 | E58: =เช้า!E58+เย็น!E58+บ่าย!E58 -> 0 | F58: =เช้า!F58+เย็น!F58+บ่าย!F58 -> 3 | G58: =เช้า!G58+เย็น!G58+บ่าย!G58 -> 0 | H58: =เช้า!H58+เย็น!H58+บ่าย!H58 -> 0 | I58: =เช้า!I58+เย็น!I58+บ่าย!I58 -> 0 | J58: =เช้า!J58+เย็น!J58+บ่าย!J58 -> 0 | K58: =เช้า!K58+เย็น!K58+บ่าย!K58 -> 0 | L58: =SUM(D58:K58) -> 4 | Q58: =(M58+N58+O58+P58)-L58 -> -4
B59: 1111077 | C59: ชิฟฟอนไส้แยมแยกชิ้น บลูเบอรี่ | D59: =เช้า!D59+เย็น!D59+บ่าย!D59 -> 1 | E59: =เช้า!E59+เย็น!E59+บ่าย!E59 -> 0 | F59: =เช้า!F59+เย็น!F59+บ่าย!F59 -> 3 | G59: =เช้า!G59+เย็น!G59+บ่าย!G59 -> 0 | H59: =เช้า!H59+เย็น!H59+บ่าย!H59 -> 0 | I59: =เช้า!I59+เย็น!I59+บ่าย!I59 -> 0 | J59: =เช้า!J59+เย็น!J59+บ่าย!J59 -> 0 | K59: =เช้า!K59+เย็น!K59+บ่าย!K59 -> 0 | L59: =SUM(D59:K59) -> 4 | N59: 10 | Q59: =(M59+N59+O59+P59)-L59 -> 6
B60: 1111078 | C60: ชิฟฟอนไส้แยมแยกชิ้น นมชมพู | D60: =เช้า!D60+เย็น!D60+บ่าย!D60 -> 1 | E60: =เช้า!E60+เย็น!E60+บ่าย!E60 -> 0 | F60: =เช้า!F60+เย็น!F60+บ่าย!F60 -> 3 | G60: =เช้า!G60+เย็น!G60+บ่าย!G60 -> 0 | H60: =เช้า!H60+เย็น!H60+บ่าย!H60 -> 0 | I60: =เช้า!I60+เย็น!I60+บ่าย!I60 -> 0 | J60: =เช้า!J60+เย็น!J60+บ่าย!J60 -> 0 | K60: =เช้า!K60+เย็น!K60+บ่าย!K60 -> 0 | L60: =SUM(D60:K60) -> 4 | Q60: =(M60+N60+O60+P60)-L60 -> -4
B61: 1111079 | C61: ชิฟฟอนไส้แยมแยกชิ้น ชอคโกแลต | D61: =เช้า!D61+เย็น!D61+บ่าย!D61 -> 1 | E61: =เช้า!E61+เย็น!E61+บ่าย!E61 -> 0 | F61: =เช้า!F61+เย็น!F61+บ่าย!F61 -> 3 | G61: =เช้า!G61+เย็น!G61+บ่าย!G61 -> 0 | H61: =เช้า!H61+เย็น!H61+บ่าย!H61 -> 0 | I61: =เช้า!I61+เย็น!I61+บ่าย!I61 -> 0 | J61: =เช้า!J61+เย็น!J61+บ่าย!J61 -> 0 | K61: =เช้า!K61+เย็น!K61+บ่าย!K61 -> 0 | L61: =SUM(D61:K61) -> 4 | Q61: =(M61+N61+O61+P61)-L61 -> -4
B62: 1111080 | C62: ชิฟฟอนไส้แยมแยกชิ้น ฝอยทอง | D62: =เช้า!D62+เย็น!D62+บ่าย!D62 -> 1 | E62: =เช้า!E62+เย็น!E62+บ่าย!E62 -> 0 | F62: =เช้า!F62+เย็น!F62+บ่าย!F62 -> 3 | G62: =เช้า!G62+เย็น!G62+บ่าย!G62 -> 0 | H62: =เช้า!H62+เย็น!H62+บ่าย!H62 -> 0 | I62: =เช้า!I62+เย็น!I62+บ่าย!I62 -> 0 | J62: =เช้า!J62+เย็น!J62+บ่าย!J62 -> 0 | K62: =เช้า!K62+เย็น!K62+บ่าย!K62 -> 0 | L62: =SUM(D62:K62) -> 4 | Q62: =(M62+N62+O62+P62)-L62 -> -4
B63: 1111081 | C63: ชิฟฟอนไส้แยมแยกชิ้น วนิลา | D63: =เช้า!D63+เย็น!D63+บ่าย!D63 -> 1 | E63: =เช้า!E63+เย็น!E63+บ่าย!E63 -> 0 | F63: =เช้า!F63+เย็น!F63+บ่าย!F63 -> 3 | G63: =เช้า!G63+เย็น!G63+บ่าย!G63 -> 0 | H63: =เช้า!H63+เย็น!H63+บ่าย!H63 -> 0 | I63: =เช้า!I63+เย็น!I63+บ่าย!I63 -> 0 | J63: =เช้า!J63+เย็น!J63+บ่าย!J63 -> 0 | K63: =เช้า!K63+เย็น!K63+บ่าย!K63 -> 0 | L63: =SUM(D63:K63) -> 4 | N63: 1 | Q63: =(M63+N63+O63+P63)-L63 -> -3
B64: 1111082 | C64: ชิฟฟอนไส้แยมแยกชิ้น ใบเตย | D64: =เช้า!D64+เย็น!D64+บ่าย!D64 -> 1 | E64: =เช้า!E64+เย็น!E64+บ่าย!E64 -> 0 | F64: =เช้า!F64+เย็น!F64+บ่าย!F64 -> 3 | G64: =เช้า!G64+เย็น!G64+บ่าย!G64 -> 0 | H64: =เช้า!H64+เย็น!H64+บ่าย!H64 -> 0 | I64: =เช้า!I64+เย็น!I64+บ่าย!I64 -> 0 | J64: =เช้า!J64+เย็น!J64+บ่าย!J64 -> 0 | K64: =เช้า!K64+เย็น!K64+บ่าย!K64 -> 0 | L64: =SUM(D64:K64) -> 4 | Q64: =(M64+N64+O64+P64)-L64 -> -4
B65: 1111083 | C65: ชิฟฟอนไส้แยมแยกชิ้น เมล่อน | D65: =เช้า!D65+เย็น!D65+บ่าย!D65 -> 1 | E65: =เช้า!E65+เย็น!E65+บ่าย!E65 -> 0 | F65: =เช้า!F65+เย็น!F65+บ่าย!F65 -> 3 | G65: =เช้า!G65+เย็น!G65+บ่าย!G65 -> 0 | H65: =เช้า!H65+เย็น!H65+บ่าย!H65 -> 0 | I65: =เช้า!I65+เย็น!I65+บ่าย!I65 -> 0 | J65: =เช้า!J65+เย็น!J65+บ่าย!J65 -> 0 | K65: =เช้า!K65+เย็น!K65+บ่าย!K65 -> 0 | L65: =SUM(D65:K65) -> 4 | Q65: =(M65+N65+O65+P65)-L65 -> -4
B66: 1111010 | C66: ชิฟฟอนไส้แยมแยกชิ้น คละรส | D66: =บ่าย!D66+เย็น!D66+เช้า!D66 -> 0 | E66: =บ่าย!E66+เย็น!E66+เช้า!E66 -> 0 | F66: =บ่าย!F66+เย็น!F66+เช้า!F66 -> 0 | G66: =บ่าย!G66+เย็น!G66+เช้า!G66 -> 0 | H66: =บ่าย!H66+เย็น!H66+เช้า!H66 -> 0 | I66: =บ่าย!I66+เย็น!I66+เช้า!I66 -> 0 | J66: =บ่าย!J66+เย็น!J66+เช้า!J66 -> 0 | L66: =SUM(D66:K66) -> 0 | Q66: =(M66+N66+O66+P66)-L66 -> 0
C67: รวม | L67: =SUM(D67:J67) -> 0 | Q67: =(M67+N67+O67+P67)-L67 -> 0
B68: ชิฟฟอนไส้แยม 6 ชิ้น
B69: 1111009 | C69: ชิฟฟอนไส้แยมรวมรส 6 ชิ้น | D69: =เช้า!D69+เย็น!D69+บ่าย!D69 -> 1 | E69: =เช้า!E69+เย็น!E69+บ่าย!E69 -> 2 | F69: =เช้า!F69+เย็น!F69+บ่าย!F69 -> 0 | G69: =เช้า!G69+เย็น!G69+บ่าย!G69 -> 0 | H69: =เช้า!H69+เย็น!H69+บ่าย!H69 -> 0 | I69: =เช้า!I69+เย็น!I69+บ่าย!I69 -> 0 | J69: =เช้า!J69+เย็น!J69+บ่าย!J69 -> 0 | K69: =เช้า!K69+เย็น!K69+บ่าย!K69 -> 0 | L69: =SUM(D69:K69) -> 3 | N69: 3 | Q69: =(M69+N69+O69+P69)-L69 -> 0
B70: 1111023 | C70: ชิฟฟอนไส้แยมรสสตอเบอร์รี่ล้วน 6 ชิ้น | D70: =เช้า!D70+เย็น!D70+บ่าย!D70 -> 0 | E70: =เช้า!E70+เย็น!E70+บ่าย!E70 -> 0 | F70: =เช้า!F70+เย็น!F70+บ่าย!F70 -> 0 | G70: =เช้า!G70+เย็น!G70+บ่าย!G70 -> 0 | H70: =เช้า!H70+เย็น!H70+บ่าย!H70 -> 0 | I70: =เช้า!I70+เย็น!I70+บ่าย!I70 -> 0 | J70: =เช้า!J70+เย็น!J70+บ่าย!J70 -> 0 | K70: =เช้า!K70+เย็น!K70+บ่าย!K70 -> 0 | L70: =SUM(D70:K70) -> 0 | Q70: =(M70+N70+O70+P70)-L70 -> 0
B71: 1111016 | C71: ชิฟฟอนไส้แยมรสมะพร้าวล้วน 6 ชิ้น | D71: =เช้า!D71+เย็น!D71+บ่าย!D71 -> 0 | E71: =เช้า!E71+เย็น!E71+บ่าย!E71 -> 0 | F71: =เช้า!F71+เย็น!F71+บ่าย!F71 -> 0 | G71: =เช้า!G71+เย็น!G71+บ่าย!G71 -> 0 | H71: =เช้า!H71+เย็น!H71+บ่าย!H71 -> 0 | I71: =เช้า!I71+เย็น!I71+บ่าย!I71 -> 0 | J71: =เช้า!J71+เย็น!J71+บ่าย!J71 -> 0 | K71: =เช้า!K71+เย็น!K71+บ่าย!K71 -> 0 | L71: =SUM(D71:K71) -> 0 | Q71: =(M71+N71+O71+P71)-L71 -> 0
B72: 1111014 | C72: ชิฟฟอนไส้แยมรสช็อกโกแลตนูเทลล่าล้วน 6 ชิ้น | D72: =เช้า!D72+เย็น!D72+บ่าย!D72 -> 0 | E72: =เช้า!E72+เย็น!E72+บ่าย!E72 -> 0 | F72: =เช้า!F72+เย็น!F72+บ่าย!F72 -> 0 | G72: =เช้า!G72+เย็น!G72+บ่าย!G72 -> 0 | H72: =เช้า!H72+เย็น!H72+บ่าย!H72 -> 0 | I72: =เช้า!I72+เย็น!I72+บ่าย!I72 -> 0 | J72: =เช้า!J72+เย็น!J72+บ่าย!J72 -> 0 | K72: =เช้า!K72+เย็น!K72+บ่าย!K72 -> 0 | L72: =SUM(D72:K72) -> 0 | Q72: =(M72+N72+O72+P72)-L72 -> 0
B73: 1111025 | C73: ชิฟฟอนไส้แยมรสส้มล้วน 6 ชิ้น | D73: =เช้า!D73+เย็น!D73+บ่าย!D73 -> 0 | E73: =เช้า!E73+เย็น!E73+บ่าย!E73 -> 0 | F73: =เช้า!F73+เย็น!F73+บ่าย!F73 -> 0 | G73: =เช้า!G73+เย็น!G73+บ่าย!G73 -> 0 | H73: =เช้า!H73+เย็น!H73+บ่าย!H73 -> 0 | I73: =เช้า!I73+เย็น!I73+บ่าย!I73 -> 0 | J73: =เช้า!J73+เย็น!J73+บ่าย!J73 -> 0 | K73: =เช้า!K73+เย็น!K73+บ่าย!K73 -> 0 | L73: =SUM(D73:K73) -> 0 | Q73: =(M73+N73+O73+P73)-L73 -> 0
B74: 1111018 | C74: ชิฟฟอนไส้แยมรสบลูเบอร์รี่ล้วน 6 ชิ้น | D74: =เช้า!D74+เย็น!D74+บ่าย!D74 -> 0 | E74: =เช้า!E74+เย็น!E74+บ่าย!E74 -> 0 | F74: =เช้า!F74+เย็น!F74+บ่าย!F74 -> 0 | G74: =เช้า!G74+เย็น!G74+บ่าย!G74 -> 0 | H74: =เช้า!H74+เย็น!H74+บ่าย!H74 -> 0 | I74: =เช้า!I74+เย็น!I74+บ่าย!I74 -> 0 | J74: =เช้า!J74+เย็น!J74+บ่าย!J74 -> 0 | K74: =เช้า!K74+เย็น!K74+บ่าย!K74 -> 0 | L74: =SUM(D74:K74) -> 0 | Q74: =(M74+N74+O74+P74)-L74 -> 0
B75: 1111012 | C75: ชิฟฟอนไส้แยมรสนมชมพูฮอกไกโดล้วน 6 ชิ้น | D75: =เช้า!D75+เย็น!D75+บ่าย!D75 -> 0 | E75: =เช้า!E75+เย็น!E75+บ่าย!E75 -> 0 | F75: =เช้า!F75+เย็น!F75+บ่าย!F75 -> 0 | G75: =เช้า!G75+เย็น!G75+บ่าย!G75 -> 0 | H75: =เช้า!H75+เย็น!H75+บ่าย!H75 -> 0 | I75: =เช้า!I75+เย็น!I75+บ่าย!I75 -> 0 | J75: =เช้า!J75+เย็น!J75+บ่าย!J75 -> 0 | K75: =เช้า!K75+เย็น!K75+บ่าย!K75 -> 0 | L75: =SUM(D75:K75) -> 0 | Q75: =(M75+N75+O75+P75)-L75 -> 0
B76: 1111020 | C76: ชิฟฟอนไส้แยมฝอยทองไส้ทะลัก 6 ชิ้น | D76: =เช้า!D76+เย็น!D76+บ่าย!D76 -> 0 | E76: =เช้า!E76+เย็น!E76+บ่าย!E76 -> 0 | F76: =เช้า!F76+เย็น!F76+บ่าย!F76 -> 0 | G76: =เช้า!G76+เย็น!G76+บ่าย!G76 -> 0 | H76: =เช้า!H76+เย็น!H76+บ่าย!H76 -> 0 | I76: =เช้า!I76+เย็น!I76+บ่าย!I76 -> 0 | J76: =เช้า!J76+เย็น!J76+บ่าย!J76 -> 0 | K76: =เช้า!K76+เย็น!K76+บ่าย!K76 -> 0 | L76: =SUM(D76:K76) -> 0 | Q76: =(M76+N76+O76+P76)-L76 -> 0
C77: รวม | Q77: =(M77+N77+O77+P77)-L77 -> 0
B78: ชิฟฟอนไส้แยม 3 ชิ้น
B79: 1111022 | C79: ชิฟฟอนไส้แยมรสสตอเบอร์รี่ล้วน 3 ชิ้น | D79: =เช้า!D79+เย็น!D79+บ่าย!D79 -> 0 | E79: =เช้า!E79+เย็น!E79+บ่าย!E79 -> 0 | F79: =เช้า!F79+เย็น!F79+บ่าย!F79 -> 0 | G79: =เช้า!G79+เย็น!G79+บ่าย!G79 -> 0 | H79: =เช้า!H79+เย็น!H79+บ่าย!H79 -> 0 | I79: =เช้า!I79+เย็น!I79+บ่าย!I79 -> 0 | J79: =เช้า!J79+เย็น!J79+บ่าย!J79 -> 0 | K79: =เช้า!K79+เย็น!K79+บ่าย!K79 -> 0 | L79: =SUM(D79:K79) -> 0 | Q79: =(M79+N79+O79+P79)-L79 -> 0
B80: 1111015 | C80: ชิฟฟอนไส้แยมรสมะพร้าวล้วน 3 ชิ้น | D80: =เช้า!D80+เย็น!D80+บ่าย!D80 -> 0 | E80: =เช้า!E80+เย็น!E80+บ่าย!E80 -> 0 | F80: =เช้า!F80+เย็น!F80+บ่าย!F80 -> 0 | G80: =เช้า!G80+เย็น!G80+บ่าย!G80 -> 0 | H80: =เช้า!H80+เย็น!H80+บ่าย!H80 -> 0 | I80: =เช้า!I80+เย็น!I80+บ่าย!I80 -> 0 | J80: =เช้า!J80+เย็น!J80+บ่าย!J80 -> 0 | K80: =เช้า!K80+เย็น!K80+บ่าย!K80 -> 0 | L80: =SUM(D80:K80) -> 0 | Q80: =(M80+N80+O80+P80)-L80 -> 0
B81: 1111013 | C81: ชิฟฟอนไส้แยมรสช็อกโกแลตนูเทลล่าล้วน 3 ชิ้น | D81: =เช้า!D81+เย็น!D81+บ่าย!D81 -> 0 | E81: =เช้า!E81+เย็น!E81+บ่าย!E81 -> 0 | F81: =เช้า!F81+เย็น!F81+บ่าย!F81 -> 0 | G81: =เช้า!G81+เย็น!G81+บ่าย!G81 -> 0 | H81: =เช้า!H81+เย็น!H81+บ่าย!H81 -> 0 | I81: =เช้า!I81+เย็น!I81+บ่าย!I81 -> 0 | J81: =เช้า!J81+เย็น!J81+บ่าย!J81 -> 0 | K81: =เช้า!K81+เย็น!K81+บ่าย!K81 -> 0 | L81: =SUM(D81:K81) -> 0 | Q81: =(M81+N81+O81+P81)-L81 -> 0
B82: 1111024 | C82: ชิฟฟอนไส้แยมรสส้มล้วน 3 ชิ้น | D82: =เช้า!D82+เย็น!D82+บ่าย!D82 -> 0 | E82: =เช้า!E82+เย็น!E82+บ่าย!E82 -> 0 | F82: =เช้า!F82+เย็น!F82+บ่าย!F82 -> 0 | G82: =เช้า!G82+เย็น!G82+บ่าย!G82 -> 0 | H82: =เช้า!H82+เย็น!H82+บ่าย!H82 -> 0 | I82: =เช้า!I82+เย็น!I82+บ่าย!I82 -> 0 | J82: =เช้า!J82+เย็น!J82+บ่าย!J82 -> 0 | K82: =เช้า!K82+เย็น!K82+บ่าย!K82 -> 0 | L82: =SUM(D82:K82) -> 0 | Q82: =(M82+N82+O82+P82)-L82 -> 0
B83: 1111017 | C83: ชิฟฟอนไส้แยมรสบลูเบอร์รี่ล้วน 3 ชิ้น | D83: =เช้า!D83+เย็น!D83+บ่าย!D83 -> 0 | E83: =เช้า!E83+เย็น!E83+บ่าย!E83 -> 0 | F83: =เช้า!F83+เย็น!F83+บ่าย!F83 -> 0 | G83: =เช้า!G83+เย็น!G83+บ่าย!G83 -> 0 | H83: =เช้า!H83+เย็น!H83+บ่าย!H83 -> 0 | I83: =เช้า!I83+เย็น!I83+บ่าย!I83 -> 0 | J83: =เช้า!J83+เย็น!J83+บ่าย!J83 -> 0 | K83: =เช้า!K83+เย็น!K83+บ่าย!K83 -> 0 | L83: =SUM(D83:K83) -> 0 | Q83: =(M83+N83+O83+P83)-L83 -> 0
B84: 1111011 | C84: ชิฟฟอนไส้แยมรสนมชมพูฮอกไกโดล้วน 3 ชิ้น | D84: =เช้า!D84+เย็น!D84+บ่าย!D84 -> 0 | E84: =เช้า!E84+เย็น!E84+บ่าย!E84 -> 0 | F84: =เช้า!F84+เย็น!F84+บ่าย!F84 -> 0 | G84: =เช้า!G84+เย็น!G84+บ่าย!G84 -> 0 | H84: =เช้า!H84+เย็น!H84+บ่าย!H84 -> 0 | I84: =เช้า!I84+เย็น!I84+บ่าย!I84 -> 0 | J84: =เช้า!J84+เย็น!J84+บ่าย!J84 -> 0 | K84: =เช้า!K84+เย็น!K84+บ่าย!K84 -> 0 | L84: =SUM(D84:K84) -> 0 | Q84: =(M84+N84+O84+P84)-L84 -> 0
B85: 1111019 | C85: ชิฟฟอนไส้แยมฝอยทองไส้ทะลัก 3 ชิ้น | D85: =เช้า!D85+เย็น!D85+บ่าย!D85 -> 0 | E85: =เช้า!E85+เย็น!E85+บ่าย!E85 -> 0 | F85: =เช้า!F85+เย็น!F85+บ่าย!F85 -> 0 | G85: =เช้า!G85+เย็น!G85+บ่าย!G85 -> 0 | H85: =เช้า!H85+เย็น!H85+บ่าย!H85 -> 0 | I85: =เช้า!I85+เย็น!I85+บ่าย!I85 -> 0 | J85: =เช้า!J85+เย็น!J85+บ่าย!J85 -> 0 | K85: =เช้า!K85+เย็น!K85+บ่าย!K85 -> 0 | L85: =SUM(D85:K85) -> 0 | Q85: =(M85+N85+O85+P85)-L85 -> 0
B86: 1113081 | C86: ชิฟฟอนไส้แยม วนิลา/ใบเตย/เมล่อน | D86: =เช้า!D86+เย็น!D86+บ่าย!D86 -> 0 | E86: =เช้า!E86+เย็น!E86+บ่าย!E86 -> 0 | F86: =เช้า!F86+เย็น!F86+บ่าย!F86 -> 0 | G86: =เช้า!G86+เย็น!G86+บ่าย!G86 -> 0 | H86: =เช้า!H86+เย็น!H86+บ่าย!H86 -> 0 | I86: =เช้า!I86+เย็น!I86+บ่าย!I86 -> 0 | J86: =เช้า!J86+เย็น!J86+บ่าย!J86 -> 0 | K86: =เช้า!K86+เย็น!K86+บ่าย!K86 -> 0 | L86: =SUM(D86:K86) -> 0 | Q86: =(M86+N86+O86+P86)-L86 -> 0
B87: 1111008 | C87: ชิฟฟอนไส้แยมรวมรส 3 ชิ้น | D87: =เช้า!D87+เย็น!D87+บ่าย!D87 -> 30 | E87: =เช้า!E87+เย็น!E87+บ่าย!E87 -> 6 | F87: =เช้า!F87+เย็น!F87+บ่าย!F87 -> 0 | G87: =เช้า!G87+เย็น!G87+บ่าย!G87 -> 6 | H87: =เช้า!H87+เย็น!H87+บ่าย!H87 -> 0 | I87: =เช้า!I87+เย็น!I87+บ่าย!I87 -> 0 | J87: =เช้า!J87+เย็น!J87+บ่าย!J87 -> 0 | K87: =เช้า!K87+เย็น!K87+บ่าย!K87 -> 0 | L87: =SUM(D87:K87) -> 42 | N87: 117 | Q87: =(M87+N87+O87+P87)-L87 -> 75
C88: รวม | L88: =SUM(D88:J88) -> 0 | Q88: =(M88+N88+O88+P88)-L88 -> 0
B89: เบาหวิว ล 110 กรัม
B90: 1112009 | C90: มะพร้าว | D90: =เช้า!D90+เย็น!D90+บ่าย!D90 -> 0 | E90: =เช้า!E90+เย็น!E90+บ่าย!E90 -> 3 | F90: =เช้า!F90+เย็น!F90+บ่าย!F90 -> 0 | G90: =เช้า!G90+เย็น!G90+บ่าย!G90 -> 0 | H90: =เช้า!H90+เย็น!H90+บ่าย!H90 -> 0 | I90: =เช้า!I90+เย็น!I90+บ่าย!I90 -> 0 | J90: =เช้า!J90+เย็น!J90+บ่าย!J90 -> 0 | K90: =เช้า!K90+เย็น!K90+บ่าย!K90 -> 0 | L90: =SUM(D90:K90) -> 3 | N90: 7 | Q90: =(M90+N90+O90+P90)-L90 -> 4
B91: 1112011 | C91: ฝอยทอง | D91: =เช้า!D91+เย็น!D91+บ่าย!D91 -> 0 | E91: =เช้า!E91+เย็น!E91+บ่าย!E91 -> 3 | F91: =เช้า!F91+เย็น!F91+บ่าย!F91 -> 0 | G91: =เช้า!G91+เย็น!G91+บ่าย!G91 -> 0 | H91: =เช้า!H91+เย็น!H91+บ่าย!H91 -> 0 | I91: =เช้า!I91+เย็น!I91+บ่าย!I91 -> 0 | J91: =เช้า!J91+เย็น!J91+บ่าย!J91 -> 0 | K91: =เช้า!K91+เย็น!K91+บ่าย!K91 -> 0 | L91: =SUM(D91:K91) -> 3 | N91: 1 | Q91: =(M91+N91+O91+P91)-L91 -> -2
B92: 1112003 | C92: กาแฟ | D92: =เช้า!D92+เย็น!D92+บ่าย!D92 -> 0 | E92: =เช้า!E92+เย็น!E92+บ่าย!E92 -> 2 | F92: =เช้า!F92+เย็น!F92+บ่าย!F92 -> 0 | G92: =เช้า!G92+เย็น!G92+บ่าย!G92 -> 0 | H92: =เช้า!H92+เย็น!H92+บ่าย!H92 -> 0 | I92: =เช้า!I92+เย็น!I92+บ่าย!I92 -> 0 | J92: =เช้า!J92+เย็น!J92+บ่าย!J92 -> 0 | K92: =เช้า!K92+เย็น!K92+บ่าย!K92 -> 0 | L92: =SUM(D92:K92) -> 2 | Q92: =(M92+N92+O92+P92)-L92 -> -2
B93: 1112005 | C93: เนยนม | D93: =เช้า!D93+เย็น!D93+บ่าย!D93 -> 4 | E93: =เช้า!E93+เย็น!E93+บ่าย!E93 -> 2 | F93: =เช้า!F93+เย็น!F93+บ่าย!F93 -> 0 | G93: =เช้า!G93+เย็น!G93+บ่าย!G93 -> 0 | H93: =เช้า!H93+เย็น!H93+บ่าย!H93 -> 0 | I93: =เช้า!I93+เย็น!I93+บ่าย!I93 -> 0 | J93: =เช้า!J93+เย็น!J93+บ่าย!J93 -> 0 | K93: =เช้า!K93+เย็น!K93+บ่าย!K93 -> 0 | L93: =SUM(D93:K93) -> 6 | N93: 49 | Q93: =(M93+N93+O93+P93)-L93 -> 43
B94: 1112007 | C94: ใบเตย | D94: =เช้า!D94+เย็น!D94+บ่าย!D94 -> 0 | E94: =เช้า!E94+เย็น!E94+บ่าย!E94 -> 0 | F94: =เช้า!F94+เย็น!F94+บ่าย!F94 -> 0 | G94: =เช้า!G94+เย็น!G94+บ่าย!G94 -> 0 | H94: =เช้า!H94+เย็น!H94+บ่าย!H94 -> 0 | I94: =เช้า!I94+เย็น!I94+บ่าย!I94 -> 0 | J94: =เช้า!J94+เย็น!J94+บ่าย!J94 -> 0 | K94: =เช้า!K94+เย็น!K94+บ่าย!K94 -> 0 | L94: =SUM(D94:K94) -> 0 | Q94: =(M94+N94+O94+P94)-L94 -> 0
B95: 1112019 | C95: ทุเรียน | D95: =เช้า!D95+เย็น!D95+บ่าย!D95 -> 0 | E95: =เช้า!E95+เย็น!E95+บ่าย!E95 -> 0 | F95: =เช้า!F95+เย็น!F95+บ่าย!F95 -> 0 | G95: =เช้า!G95+เย็น!G95+บ่าย!G95 -> 0 | H95: =เช้า!H95+เย็น!H95+บ่าย!H95 -> 0 | I95: =เช้า!I95+เย็น!I95+บ่าย!I95 -> 0 | J95: =เช้า!J95+เย็น!J95+บ่าย!J95 -> 0 | K95: =เช้า!K95+เย็น!K95+บ่าย!K95 -> 0 | L95: =SUM(D95:K95) -> 0 | Q95: =(M95+N95+O95+P95)-L95 -> 0
B96: 1112017 | C96: ตาลหอม | D96: =เช้า!D96+เย็น!D96+บ่าย!D96 -> 0 | E96: =เช้า!E96+เย็น!E96+บ่าย!E96 -> 0 | F96: =เช้า!F96+เย็น!F96+บ่าย!F96 -> 0 | G96: =เช้า!G96+เย็น!G96+บ่าย!G96 -> 0 | H96: =เช้า!H96+เย็น!H96+บ่าย!H96 -> 0 | I96: =เช้า!I96+เย็น!I96+บ่าย!I96 -> 0 | J96: =เช้า!J96+เย็น!J96+บ่าย!J96 -> 0 | K96: =เช้า!K96+เย็น!K96+บ่าย!K96 -> 0 | L96: =SUM(D96:K96) -> 0 | Q96: =(M96+N96+O96+P96)-L96 -> 0
B97: 1112015 | C97: กล้วยหอมมะพร้าวเผา | D97: =เช้า!D97+เย็น!D97+บ่าย!D97 -> 0 | E97: =เช้า!E97+เย็น!E97+บ่าย!E97 -> 0 | F97: =เช้า!F97+เย็น!F97+บ่าย!F97 -> 0 | G97: =เช้า!G97+เย็น!G97+บ่าย!G97 -> 0 | H97: =เช้า!H97+เย็น!H97+บ่าย!H97 -> 0 | I97: =เช้า!I97+เย็น!I97+บ่าย!I97 -> 0 | J97: =เช้า!J97+เย็น!J97+บ่าย!J97 -> 0 | K97: =เช้า!K97+เย็น!K97+บ่าย!K97 -> 0 | L97: =SUM(D97:K97) -> 0 | Q97: =(M97+N97+O97+P97)-L97 -> 0
B98: 1112013 | C98: เผือกมะพร้าวอ่อน | D98: =เช้า!D98+เย็น!D98+บ่าย!D98 -> 0 | E98: =เช้า!E98+เย็น!E98+บ่าย!E98 -> 2 | F98: =เช้า!F98+เย็น!F98+บ่าย!F98 -> 0 | G98: =เช้า!G98+เย็น!G98+บ่าย!G98 -> 0 | H98: =เช้า!H98+เย็น!H98+บ่าย!H98 -> 0 | I98: =เช้า!I98+เย็น!I98+บ่าย!I98 -> 0 | J98: =เช้า!J98+เย็น!J98+บ่าย!J98 -> 0 | K98: =เช้า!K98+เย็น!K98+บ่าย!K98 -> 0 | L98: =SUM(D98:K98) -> 2 | Q98: =(M98+N98+O98+P98)-L98 -> -2
B99: 1124043 | C99: เบาหวิว คละรส | D99: =บ่าย!D99+เย็น!D99+เช้า!D99 -> 0 | E99: =บ่าย!E99+เย็น!E99+เช้า!E99 -> 0 | F99: =บ่าย!F99+เย็น!F99+เช้า!F99 -> 0 | G99: =บ่าย!G99+เย็น!G99+เช้า!G99 -> 0 | H99: =บ่าย!H99+เย็น!H99+เช้า!H99 -> 0 | I99: =บ่าย!I99+เย็น!I99+เช้า!I99 -> 0 | J99: =บ่าย!J99+เย็น!J99+เช้า!J99 -> 0 | L99: =SUM(D99:K99) -> 0 | Q99: =(M99+N99+O99+P99)-L99 -> 0
C100: รวม | L100: =SUM(L90:L99) -> 16
B101: เบาหวิว ญ 300 กรัม
B102: 1112008 | C102: มะพร้าว | D102: =บ่าย!D102+เย็น!D102+เช้า!D102 -> 0 | E102: =บ่าย!E102+เย็น!E102+เช้า!E102 -> 0 | F102: =บ่าย!F102+เย็น!F102+เช้า!F102 -> 0 | G102: =บ่าย!G102+เย็น!G102+เช้า!G102 -> 0 | H102: =บ่าย!H102+เย็น!H102+เช้า!H102 -> 0 | I102: =บ่าย!I102+เย็น!I102+เช้า!I102 -> 0 | J102: =บ่าย!J102+เย็น!J102+เช้า!J102 -> 0 | L102: =SUM(D102:K102) -> 0 | Q102: =(M102+N102+O102+P102)-L102 -> 0
B103: 1112010 | C103: ฝอยทอง | D103: =บ่าย!D103+เย็น!D103+เช้า!D103 -> 0 | E103: =บ่าย!E103+เย็น!E103+เช้า!E103 -> 0 | F103: =บ่าย!F103+เย็น!F103+เช้า!F103 -> 0 | G103: =บ่าย!G103+เย็น!G103+เช้า!G103 -> 0 | H103: =บ่าย!H103+เย็น!H103+เช้า!H103 -> 0 | I103: =บ่าย!I103+เย็น!I103+เช้า!I103 -> 0 | J103: =บ่าย!J103+เย็น!J103+เช้า!J103 -> 0 | L103: =SUM(D103:K103) -> 0 | Q103: =(M103+N103+O103+P103)-L103 -> 0
B104: 1112002 | C104: กาแฟ | D104: =บ่าย!D104+เย็น!D104+เช้า!D104 -> 0 | E104: =บ่าย!E104+เย็น!E104+เช้า!E104 -> 0 | F104: =บ่าย!F104+เย็น!F104+เช้า!F104 -> 0 | G104: =บ่าย!G104+เย็น!G104+เช้า!G104 -> 0 | H104: =บ่าย!H104+เย็น!H104+เช้า!H104 -> 0 | I104: =บ่าย!I104+เย็น!I104+เช้า!I104 -> 0 | J104: =บ่าย!J104+เย็น!J104+เช้า!J104 -> 0 | L104: =SUM(D104:K104) -> 0 | Q104: =(M104+N104+O104+P104)-L104 -> 0
B105: 1112004 | C105: เนยนม | D105: =บ่าย!D105+เย็น!D105+เช้า!D105 -> 0 | E105: =บ่าย!E105+เย็น!E105+เช้า!E105 -> 0 | F105: =บ่าย!F105+เย็น!F105+เช้า!F105 -> 0 | G105: =บ่าย!G105+เย็น!G105+เช้า!G105 -> 0 | H105: =บ่าย!H105+เย็น!H105+เช้า!H105 -> 0 | I105: =บ่าย!I105+เย็น!I105+เช้า!I105 -> 0 | J105: =บ่าย!J105+เย็น!J105+เช้า!J105 -> 0 | L105: =SUM(D105:K105) -> 0 | Q105: =(M105+N105+O105+P105)-L105 -> 0
B106: 1112006 | C106: ใบเตย | D106: =บ่าย!D106+เย็น!D106+เช้า!D106 -> 0 | E106: =บ่าย!E106+เย็น!E106+เช้า!E106 -> 0 | F106: =บ่าย!F106+เย็น!F106+เช้า!F106 -> 0 | G106: =บ่าย!G106+เย็น!G106+เช้า!G106 -> 0 | H106: =บ่าย!H106+เย็น!H106+เช้า!H106 -> 0 | I106: =บ่าย!I106+เย็น!I106+เช้า!I106 -> 0 | J106: =บ่าย!J106+เย็น!J106+เช้า!J106 -> 0 | L106: =SUM(D106:K106) -> 0 | Q106: =(M106+N106+O106+P106)-L106 -> 0
B107: 1112018 | C107: ทุเรียน | D107: =บ่าย!D107+เย็น!D107+เช้า!D107 -> 0 | E107: =บ่าย!E107+เย็น!E107+เช้า!E107 -> 0 | F107: =บ่าย!F107+เย็น!F107+เช้า!F107 -> 0 | G107: =บ่าย!G107+เย็น!G107+เช้า!G107 -> 0 | H107: =บ่าย!H107+เย็น!H107+เช้า!H107 -> 0 | I107: =บ่าย!I107+เย็น!I107+เช้า!I107 -> 0 | J107: =บ่าย!J107+เย็น!J107+เช้า!J107 -> 0 | L107: =SUM(D107:K107) -> 0 | Q107: =(M107+N107+O107+P107)-L107 -> 0
B108: 1112016 | C108: ตาลหอม | D108: =บ่าย!D108+เย็น!D108+เช้า!D108 -> 0 | E108: =บ่าย!E108+เย็น!E108+เช้า!E108 -> 0 | F108: =บ่าย!F108+เย็น!F108+เช้า!F108 -> 0 | G108: =บ่าย!G108+เย็น!G108+เช้า!G108 -> 0 | H108: =บ่าย!H108+เย็น!H108+เช้า!H108 -> 0 | I108: =บ่าย!I108+เย็น!I108+เช้า!I108 -> 0 | J108: =บ่าย!J108+เย็น!J108+เช้า!J108 -> 0 | L108: =SUM(D108:K108) -> 0 | Q108: =(M108+N108+O108+P108)-L108 -> 0
B109: 1112014 | C109: กล้วยหอมมะพร้าวเผา | D109: =บ่าย!D109+เย็น!D109+เช้า!D109 -> 0 | E109: =บ่าย!E109+เย็น!E109+เช้า!E109 -> 0 | F109: =บ่าย!F109+เย็น!F109+เช้า!F109 -> 0 | G109: =บ่าย!G109+เย็น!G109+เช้า!G109 -> 0 | H109: =บ่าย!H109+เย็น!H109+เช้า!H109 -> 0 | I109: =บ่าย!I109+เย็น!I109+เช้า!I109 -> 0 | J109: =บ่าย!J109+เย็น!J109+เช้า!J109 -> 0 | L109: =SUM(D109:K109) -> 0 | Q109: =(M109+N109+O109+P109)-L109 -> 0
B110: 1112012 | C110: เผือกมะพร้าวอ่อน | D110: =บ่าย!D110+เย็น!D110+เช้า!D110 -> 0 | E110: =บ่าย!E110+เย็น!E110+เช้า!E110 -> 0 | F110: =บ่าย!F110+เย็น!F110+เช้า!F110 -> 0 | G110: =บ่าย!G110+เย็น!G110+เช้า!G110 -> 0 | H110: =บ่าย!H110+เย็น!H110+เช้า!H110 -> 0 | I110: =บ่าย!I110+เย็น!I110+เช้า!I110 -> 0 | J110: =บ่าย!J110+เย็น!J110+เช้า!J110 -> 0 | L110: =SUM(D110:K110) -> 0 | Q110: =(M110+N110+O110+P110)-L110 -> 0
C111: เบาหวิว คละรส | D111: =บ่าย!D111+เย็น!D111+เช้า!D111 -> 0 | E111: =บ่าย!E111+เย็น!E111+เช้า!E111 -> 0 | F111: =บ่าย!F111+เย็น!F111+เช้า!F111 -> 0 | G111: =บ่าย!G111+เย็น!G111+เช้า!G111 -> 0 | H111: =บ่าย!H111+เย็น!H111+เช้า!H111 -> 0 | I111: =บ่าย!I111+เย็น!I111+เช้า!I111 -> 0 | J111: =บ่าย!J111+เย็น!J111+เช้า!J111 -> 0 | L111: =SUM(D111:K111) -> 0 | Q111: =(M111+N111+O111+P111)-L111 -> 0
C112: รวม | L112: =SUM(D112:J112) -> 0 | Q112: =(M112+N112)-L112 -> 0
B113: อื่นๆ
B114: 1113170 | C114: ขนมเปี๊ยะถั่วฝอยทองไข่เค็ม 450 กรัม | D114: =เช้า!D114+เย็น!D114+บ่าย!D114 -> 3 | E114: =เช้า!E114+เย็น!E114+บ่าย!E114 -> 1 | F114: =เช้า!F114+เย็น!F114+บ่าย!F114 -> 0 | G114: =เช้า!G114+เย็น!G114+บ่าย!G114 -> 0 | H114: =เช้า!H114+เย็น!H114+บ่าย!H114 -> 0 | I114: =เช้า!I114+เย็น!I114+บ่าย!I114 -> 0 | J114: =เช้า!J114+เย็น!J114+บ่าย!J114 -> 0 | L114: =SUM(D114:K114) -> 4 | N114: 12 | Q114: =(M114+N114+O114+P114)-L114 -> 8
B115: 1113171 | C115: ขนมเปี๊ยะฟักถั่วไข่เค็ม 450 กรัม | D115: =เช้า!D115+เย็น!D115+บ่าย!D115 -> 0 | E115: =เช้า!E115+เย็น!E115+บ่าย!E115 -> 0 | F115: =เช้า!F115+เย็น!F115+บ่าย!F115 -> 0 | G115: =เช้า!G115+เย็น!G115+บ่าย!G115 -> 0 | H115: =เช้า!H115+เย็น!H115+บ่าย!H115 -> 0 | I115: =เช้า!I115+เย็น!I115+บ่าย!I115 -> 0 | J115: =เช้า!J115+เย็น!J115+บ่าย!J115 -> 0 | L115: =SUM(D115:K115) -> 0 | N115: 5 | Q115: =(M115+N115+O115+P115)-L115 -> 5
B116: 1113172 | C116: ขนมเปี๊ยะเผือกฝอยทองไข่เค็ม 450 กรัม | D116: =เช้า!D116+เย็น!D116+บ่าย!D116 -> 0 | E116: =เช้า!E116+เย็น!E116+บ่าย!E116 -> 0 | F116: =เช้า!F116+เย็น!F116+บ่าย!F116 -> 0 | G116: =เช้า!G116+เย็น!G116+บ่าย!G116 -> 0 | H116: =เช้า!H116+เย็น!H116+บ่าย!H116 -> 0 | I116: =เช้า!I116+เย็น!I116+บ่าย!I116 -> 0 | J116: =เช้า!J116+เย็น!J116+บ่าย!J116 -> 0 | L116: =SUM(D116:K116) -> 0 | Q116: =(M116+N116+O116+P116)-L116 -> 0
B117: 1113173 | C117: ขนมเปี๊ยะงาดำฝอยทองไข่เค็ม 450 กรัม | D117: =เช้า!D117+เย็น!D117+บ่าย!D117 -> 0 | E117: =เช้า!E117+เย็น!E117+บ่าย!E117 -> 0 | F117: =เช้า!F117+เย็น!F117+บ่าย!F117 -> 0 | G117: =เช้า!G117+เย็น!G117+บ่าย!G117 -> 0 | H117: =เช้า!H117+เย็น!H117+บ่าย!H117 -> 0 | I117: =เช้า!I117+เย็น!I117+บ่าย!I117 -> 0 | J117: =เช้า!J117+เย็น!J117+บ่าย!J117 -> 0 | L117: =SUM(D117:K117) -> 0 | Q117: =(M117+N117+O117+P117)-L117 -> 0
B118: 1100003 | C118: เมอแรงค์ กระปุก | D118: =เช้า!D118+เย็น!D118+บ่าย!D118 -> 0 | E118: =เช้า!E118+เย็น!E118+บ่าย!E118 -> 1 | F118: =เช้า!F118+เย็น!F118+บ่าย!F118 -> 0 | G118: =เช้า!G118+เย็น!G118+บ่าย!G118 -> 0 | H118: =เช้า!H118+เย็น!H118+บ่าย!H118 -> 0 | I118: =เช้า!I118+เย็น!I118+บ่าย!I118 -> 0 | J118: =เช้า!J118+เย็น!J118+บ่าย!J118 -> 0 | K118: =เช้า!K118+เย็น!K118+บ่าย!K118 -> 0 | L118: =SUM(D118:K118) -> 1 | N118: 40 | Q118: =(M118+N118+O118+P118)-L118 -> 39
B119: 1100001 | C119: พายสับปรด 1 ชิ้น | D119: =เช้า!D119+เย็น!D119+บ่าย!D119 -> 0 | E119: =เช้า!E119+เย็น!E119+บ่าย!E119 -> 0 | F119: =เช้า!F119+เย็น!F119+บ่าย!F119 -> 0 | G119: =เช้า!G119+เย็น!G119+บ่าย!G119 -> 114 | H119: =เช้า!H119+เย็น!H119+บ่าย!H119 -> 0 | I119: =เช้า!I119+เย็น!I119+บ่าย!I119 -> 0 | J119: =เช้า!J119+เย็น!J119+บ่าย!J119 -> 0 | K119: =เช้า!K119+เย็น!K119+บ่าย!K119 -> 0 | L119: =SUM(D119:K119) -> 114 | N119: 316 | Q119: =(M119+N119+O119+P119)-L119 -> 202
B120: 1100002 | C120: พายสับปรด 1 กล่อง | D120: =เช้า!D120+เย็น!D120+บ่าย!D120 -> 0 | E120: =เช้า!E120+เย็น!E120+บ่าย!E120 -> 2 | F120: =เช้า!F120+เย็น!F120+บ่าย!F120 -> 0 | G120: =เช้า!G120+เย็น!G120+บ่าย!G120 -> 5 | H120: =เช้า!H120+เย็น!H120+บ่าย!H120 -> 0 | I120: =เช้า!I120+เย็น!I120+บ่าย!I120 -> 0 | J120: =เช้า!J120+เย็น!J120+บ่าย!J120 -> 0 | K120: =เช้า!K120+เย็น!K120+บ่าย!K120 -> 0 | L120: =SUM(D120:K120) -> 7 | N120: 114 | Q120: =(M120+N120+O120+P120)-L120 -> 107
B121: 1200001 | C121: คอนเฟลค | D121: =เช้า!D121+เย็น!D121+บ่าย!D121 -> 0 | E121: =เช้า!E121+เย็น!E121+บ่าย!E121 -> 5 | F121: =เช้า!F121+เย็น!F121+บ่าย!F121 -> 0 | G121: =เช้า!G121+เย็น!G121+บ่าย!G121 -> 0 | H121: =เช้า!H121+เย็น!H121+บ่าย!H121 -> 0 | I121: =เช้า!I121+เย็น!I121+บ่าย!I121 -> 0 | J121: =เช้า!J121+เย็น!J121+บ่าย!J121 -> 0 | K121: =เช้า!K121+เย็น!K121+บ่าย!K121 -> 0 | L121: =SUM(D121:K121) -> 5 | N121: 100 | Q121: =(M121+N121+O121+P121)-L121 -> 95
B122: 1005761 | C122: ปังกรอบคาราเมล(ถุง) | D122: =เช้า!D122+เย็น!D122+บ่าย!D122 -> 0 | E122: =เช้า!E122+เย็น!E122+บ่าย!E122 -> 0 | F122: =เช้า!F122+เย็น!F122+บ่าย!F122 -> 0 | G122: =เช้า!G122+เย็น!G122+บ่าย!G122 -> 0 | H122: =เช้า!H122+เย็น!H122+บ่าย!H122 -> 0 | I122: =เช้า!I122+เย็น!I122+บ่าย!I122 -> 0 | J122: =เช้า!J122+เย็น!J122+บ่าย!J122 -> 0 | K122: =เช้า!K122+เย็น!K122+บ่าย!K122 -> 0 | L122: =SUM(D122:K122) -> 0 | N122: 6 | Q122: =(M122+N122+O122+P122)-L122 -> 6
B123: 1114501 | C123: ครีมฮอร์นไส้เนย วนิลา | D123: =เช้า!D123+เย็น!D123+บ่าย!D123 -> 0 | E123: =เช้า!E123+เย็น!E123+บ่าย!E123 -> 0 | F123: =เช้า!F123+เย็น!F123+บ่าย!F123 -> 0 | G123: =เช้า!G123+เย็น!G123+บ่าย!G123 -> 32 | H123: =เช้า!H123+เย็น!H123+บ่าย!H123 -> 0 | I123: =เช้า!I123+เย็น!I123+บ่าย!I123 -> 0 | J123: =เช้า!J123+เย็น!J123+บ่าย!J123 -> 0 | K123: =เช้า!K123+เย็น!K123+บ่าย!K123 -> 0 | L123: =SUM(D123:K123) -> 32 | N123: 13 | Q123: =(M123+N123+O123+P123)-L123 -> -19
B124: 1114502 | C124: ครีมฮอร์นไส้เนย ใบเตย | D124: =เช้า!D124+เย็น!D124+บ่าย!D124 -> 0 | E124: =เช้า!E124+เย็น!E124+บ่าย!E124 -> 0 | F124: =เช้า!F124+เย็น!F124+บ่าย!F124 -> 0 | G124: =เช้า!G124+เย็น!G124+บ่าย!G124 -> 31 | H124: =เช้า!H124+เย็น!H124+บ่าย!H124 -> 0 | I124: =เช้า!I124+เย็น!I124+บ่าย!I124 -> 0 | J124: =เช้า!J124+เย็น!J124+บ่าย!J124 -> 0 | K124: =เช้า!K124+เย็น!K124+บ่าย!K124 -> 0 | L124: =SUM(D124:K124) -> 31 | N124: 10 | Q124: =(M124+N124+O124+P124)-L124 -> -21
B125: 1114503 | C125: ครีมฮอร์นไส้เนย ชอค | D125: =เช้า!D125+เย็น!D125+บ่าย!D125 -> 1 | E125: =เช้า!E125+เย็น!E125+บ่าย!E125 -> 0 | F125: =เช้า!F125+เย็น!F125+บ่าย!F125 -> 0 | G125: =เช้า!G125+เย็น!G125+บ่าย!G125 -> 29 | H125: =เช้า!H125+เย็น!H125+บ่าย!H125 -> 0 | I125: =เช้า!I125+เย็น!I125+บ่าย!I125 -> 0 | J125: =เช้า!J125+เย็น!J125+บ่าย!J125 -> 0 | K125: =เช้า!K125+เย็น!K125+บ่าย!K125 -> 0 | L125: =SUM(D125:K125) -> 30 | Q125: =(M125+N125+O125+P125)-L125 -> -30
B126: 1124021 | C126: ขนมปังหั่นสไลด์ | D126: =เช้า!D126+เย็น!D126+บ่าย!D126 -> 0 | E126: =เช้า!E126+เย็น!E126+บ่าย!E126 -> 6 | F126: =เช้า!F126+เย็น!F126+บ่าย!F126 -> 16 | G126: =เช้า!G126+เย็น!G126+บ่าย!G126 -> 0 | H126: =เช้า!H126+เย็น!H126+บ่าย!H126 -> 0 | I126: =เช้า!I126+เย็น!I126+บ่าย!I126 -> 0 | J126: =เช้า!J126+เย็น!J126+บ่าย!J126 -> 0 | K126: =เช้า!K126+เย็น!K126+บ่าย!K126 -> 0 | L126: =SUM(D126:K126) -> 22 | Q126: =(M126+N126+O126+P126)-L126 -> -22
B127: 1113084 | C127: ปังเนยนิ่ม กล่อง 2 ชิ้น | D127: =เช้า!D127+เย็น!D127+บ่าย!D127 -> 0 | E127: =เช้า!E127+เย็น!E127+บ่าย!E127 -> 0 | F127: =เช้า!F127+เย็น!F127+บ่าย!F127 -> 0 | G127: =เช้า!G127+เย็น!G127+บ่าย!G127 -> 0 | H127: =เช้า!H127+เย็น!H127+บ่าย!H127 -> 0 | I127: =เช้า!I127+เย็น!I127+บ่าย!I127 -> 0 | J127: =เช้า!J127+เย็น!J127+บ่าย!J127 -> 0 | K127: =เช้า!K127+เย็น!K127+บ่าย!K127 -> 0 | L127: =SUM(D127:K127) -> 0 | Q127: =(M127+N127+O127+P127)-L127 -> 0
B128: 900003 | C128: กล่องเปล่าชิฟอน ล | D128: =เช้า!D128+เย็น!D128+บ่าย!D128 -> 0 | E128: =เช้า!E128+เย็น!E128+บ่าย!E128 -> 0 | F128: =เช้า!F128+เย็น!F128+บ่าย!F128 -> 0 | G128: =เช้า!G128+เย็น!G128+บ่าย!G128 -> 0 | H128: =เช้า!H128+เย็น!H128+บ่าย!H128 -> 0 | I128: =เช้า!I128+เย็น!I128+บ่าย!I128 -> 0 | J128: =เช้า!J128+เย็น!J128+บ่าย!J128 -> 0 | K128: =เช้า!K128+เย็น!K128+บ่าย!K128 -> 0 | L128: =SUM(D128:K128) -> 0 | Q128: =(M128+N128+O128+P128)-L128 -> 0
B129: 900004 | C129: กล่องเปล่าชิฟอน ญ | D129: =เช้า!D129+เย็น!D129+บ่าย!D129 -> 0 | E129: =เช้า!E129+เย็น!E129+บ่าย!E129 -> 0 | F129: =เช้า!F129+เย็น!F129+บ่าย!F129 -> 0 | G129: =เช้า!G129+เย็น!G129+บ่าย!G129 -> 0 | H129: =เช้า!H129+เย็น!H129+บ่าย!H129 -> 0 | I129: =เช้า!I129+เย็น!I129+บ่าย!I129 -> 0 | J129: =เช้า!J129+เย็น!J129+บ่าย!J129 -> 0 | K129: =เช้า!K129+เย็น!K129+บ่าย!K129 -> 0 | L129: =SUM(D129:K129) -> 0 | Q129: =(M129+N129+O129+P129)-L129 -> 0
B130: 1200002 | C130: ทอฟฟี่ถั่ว กล่อง | D130: =เช้า!D130+เย็น!D130+บ่าย!D130 -> 0 | E130: =เช้า!E130+เย็น!E130+บ่าย!E130 -> 1 | F130: =เช้า!F130+เย็น!F130+บ่าย!F130 -> 0 | G130: =เช้า!G130+เย็น!G130+บ่าย!G130 -> 0 | H130: =เช้า!H130+เย็น!H130+บ่าย!H130 -> 0 | I130: =เช้า!I130+เย็น!I130+บ่าย!I130 -> 0 | J130: =เช้า!J130+เย็น!J130+บ่าย!J130 -> 0 | K130: =เช้า!K130+เย็น!K130+บ่าย!K130 -> 0 | L130: =SUM(D130:K130) -> 1 | Q130: =(M130+N130+O130+P130)-L130 -> -1
B131: 1200003 | C131: ทอฟฟี่ถั่ว กระเช้า | D131: =เช้า!D131+เย็น!D131+บ่าย!D131 -> 0 | E131: =เช้า!E131+เย็น!E131+บ่าย!E131 -> 0 | F131: =เช้า!F131+เย็น!F131+บ่าย!F131 -> 0 | G131: =เช้า!G131+เย็น!G131+บ่าย!G131 -> 0 | H131: =เช้า!H131+เย็น!H131+บ่าย!H131 -> 0 | I131: =เช้า!I131+เย็น!I131+บ่าย!I131 -> 0 | J131: =เช้า!J131+เย็น!J131+บ่าย!J131 -> 0 | K131: =เช้า!K131+เย็น!K131+บ่าย!K131 -> 0 | L131: =SUM(D131:K131) -> 0 | Q131: =(M131+N131+O131+P131)-L131 -> 0
B132: 1200004 | C132: ทอฟฟี่ถั่ว กระปุก | D132: =เช้า!D132+เย็น!D132+บ่าย!D132 -> 0 | E132: =เช้า!E132+เย็น!E132+บ่าย!E132 -> 0 | F132: =เช้า!F132+เย็น!F132+บ่าย!F132 -> 0 | G132: =เช้า!G132+เย็น!G132+บ่าย!G132 -> 0 | H132: =เช้า!H132+เย็น!H132+บ่าย!H132 -> 0 | I132: =เช้า!I132+เย็น!I132+บ่าย!I132 -> 0 | J132: =เช้า!J132+เย็น!J132+บ่าย!J132 -> 0 | K132: =เช้า!K132+เย็น!K132+บ่าย!K132 -> 0 | L132: =SUM(D132:K132) -> 0 | Q132: =(M132+N132+O132+P132)-L132 -> 0
B133: 1200093 | C133: ท็อฟฟี่ถั่ว ครึ่งกิโล | D133: =เช้า!D133+เย็น!D133+บ่าย!D133 -> 0 | E133: =เช้า!E133+เย็น!E133+บ่าย!E133 -> 0 | F133: =เช้า!F133+เย็น!F133+บ่าย!F133 -> 0 | G133: =เช้า!G133+เย็น!G133+บ่าย!G133 -> 0 | H133: =เช้า!H133+เย็น!H133+บ่าย!H133 -> 0 | I133: =เช้า!I133+เย็น!I133+บ่าย!I133 -> 0 | J133: =เช้า!J133+เย็น!J133+บ่าย!J133 -> 0 | K133: =เช้า!K133+เย็น!K133+บ่าย!K133 -> 0 | L133: =SUM(D133:K133) -> 0 | Q133: =(M133+N133+O133+P133)-L133 -> 0
B134: 1200092 | C134: ท็อฟฟี่ถั่ว 1 กิโล | D134: =เช้า!D134+เย็น!D134+บ่าย!D134 -> 0 | E134: =เช้า!E134+เย็น!E134+บ่าย!E134 -> 0 | F134: =เช้า!F134+เย็น!F134+บ่าย!F134 -> 0 | G134: =เช้า!G134+เย็น!G134+บ่าย!G134 -> 0 | H134: =เช้า!H134+เย็น!H134+บ่าย!H134 -> 0 | I134: =เช้า!I134+เย็น!I134+บ่าย!I134 -> 0 | J134: =เช้า!J134+เย็น!J134+บ่าย!J134 -> 0 | K134: =เช้า!K134+เย็น!K134+บ่าย!K134 -> 0 | L134: =SUM(D134:K134) -> 0 | Q134: =(M134+N134+O134+P134)-L134 -> 0
C135: เศษขนมปังปลา5กก. | D135: =เช้า!D135+เย็น!D135+บ่าย!D135 -> 0 | E135: =เช้า!E135+เย็น!E135+บ่าย!E135 -> 3 | F135: =เช้า!F135+เย็น!F135+บ่าย!F135 -> 3 | G135: =เช้า!G135+เย็น!G135+บ่าย!G135 -> 0 | H135: =เช้า!H135+เย็น!H135+บ่าย!H135 -> 0 | I135: =เช้า!I135+เย็น!I135+บ่าย!I135 -> 0 | J135: =เช้า!J135+เย็น!J135+บ่าย!J135 -> 0 | K135: =เช้า!K135+เย็น!K135+บ่าย!K135 -> 0 | L135: =SUM(D135:K135) -> 6 | Q135: =(M135+N135+O135+P135)-L135 -> -6
C136: เศษขนมปังปลา1กก. | D136: =เช้า!D136+เย็น!D136+บ่าย!D136 -> 0 | E136: =เช้า!E136+เย็น!E136+บ่าย!E136 -> 0 | F136: =เช้า!F136+เย็น!F136+บ่าย!F136 -> 4 | G136: =เช้า!G136+เย็น!G136+บ่าย!G136 -> 0 | H136: =เช้า!H136+เย็น!H136+บ่าย!H136 -> 0 | I136: =เช้า!I136+เย็น!I136+บ่าย!I136 -> 0 | J136: =เช้า!J136+เย็น!J136+บ่าย!J136 -> 0 | K136: =เช้า!K136+เย็น!K136+บ่าย!K136 -> 0 | L136: =SUM(D136:K136) -> 4 | Q136: =(M136+N136+O136+P136)-L136 -> -4
C137: กล่องทาร์ตสับปะรด | D137: =เช้า!D137+เย็น!D137+บ่าย!D137 -> 0 | E137: =เช้า!E137+เย็น!E137+บ่าย!E137 -> 0 | F137: =เช้า!F137+เย็น!F137+บ่าย!F137 -> 0 | G137: =เช้า!G137+เย็น!G137+บ่าย!G137 -> 0 | H137: =เช้า!H137+เย็น!H137+บ่าย!H137 -> 0 | I137: =เช้า!I137+เย็น!I137+บ่าย!I137 -> 0 | J137: =เช้า!J137+เย็น!J137+บ่าย!J137 -> 0 | K137: =เช้า!K137+เย็น!K137+บ่าย!K137 -> 0 | L137: =SUM(D137:K137) -> 0 | Q137: =(M137+N137+O137+P137)-L137 -> 0
C138: กล่องเบาหวิว ล | D138: =เช้า!D138+เย็น!D138+บ่าย!D138 -> 0 | E138: =เช้า!E138+เย็น!E138+บ่าย!E138 -> 0 | F138: =เช้า!F138+เย็น!F138+บ่าย!F138 -> 0 | G138: =เช้า!G138+เย็น!G138+บ่าย!G138 -> 0 | H138: =เช้า!H138+เย็น!H138+บ่าย!H138 -> 0 | I138: =เช้า!I138+เย็น!I138+บ่าย!I138 -> 0 | J138: =เช้า!J138+เย็น!J138+บ่าย!J138 -> 0 | K138: =เช้า!K138+เย็น!K138+บ่าย!K138 -> 0 | L138: =SUM(D138:K138) -> 0 | Q138: =(M138+N138+O138+P138)-L138 -> 0
...
