Workbook

Sheet เย็น 
B1: ยอดจริง ออนไลน์ วันที่ 14/1/2568 - เย็น
L2: ยอดรวมผลิต
L3: จำนวน
B4: รหัสสินค้า | C4: สินค้า | D4: ปณ | E4: ชอปปี้ | F4: ลาซาด้า | G4: ติ๊กตอก | H4: ติ๊กตอก 2 | I4: ติ๊กตอก3 | J4: ชอยส์ | K4: ยอดเส้น | L4: (กล่อง)
B6: ชิฟฟอนรวมรส
B7: 1111002 | C7: ชิฟฟอนรวมรส 8 ชิ้น | E7: 6 | F7: 5 | L7: =SUM(D7:K7) -> 11
C8: ชิฟฟอนแบบกล่องสุ่มอะไรก็ได้ที่มี | L8: =SUM(D8:K8) -> 0
B9: 1111084 | C9: ชิฟฟอน 8 ชิ้น กาแฟล้วน | L9: =SUM(D9:K9) -> 0
B10: 1111085 | C10: ชิฟฟอน 8 ชิ้น บลูเบอรี่ล้วน | L10: =SUM(D10:K10) -> 0
B11: 1111086 | C11: ชิฟฟอน 8 ชิ้น มะพร้าวล้วน | L11: =SUM(D11:K11) -> 0
B12: 1111087 | C12: ชิฟฟอน 8 ชิ้น สตอเบอรี่ล้วน | L12: =SUM(D12:K12) -> 0
B13: 1111088 | C13: ชิฟฟอน 8 ชิ้น ส้มล้วน | L13: =SUM(D13:K13) -> 0
B14: 1111089 | C14: ชิฟฟอน 8 ชิ้น เนยล้วน | L14: =SUM(D14:K14) -> 0
B15: 1111090 | C15: ชิฟฟอน 8 ชิ้น เผือกล้วน | L15: =SUM(D15:K15) -> 0
B16: 1111091 | C16: ชิฟฟอน 8 ชิ้น ใบเตยล้วน | L16: =SUM(D16:K16) -> 0
B17: 1111092 | C17: ชิฟฟอน 8 ชิ้น กล้วยหอม | L17: =SUM(D17:K17) -> 0
B18: 1111093 | C18: ชิฟฟอน 8 ชิ้น โกโก้ล้วน | L18: =SUM(D18:K18) -> 0
B19: 1111094 | C19: ชิฟฟอน 8 ชิ้น ชาไทยล้วน | L19: =SUM(D19:K19) -> 0
B20: 1111095 | C20: ชิฟฟอน 8 ชิ้น ชาเขียวล้วน | L20: =SUM(D20:K20) -> 0
... B24: 1111043 | C24: ชิฟฟอน 8 ชิ้น มะลิ | L24: =SUM(D24:K24) -> 0
B25: 1111056 | C25: ชิฟฟอน 8 ชิ้น รวมรสยอดฮิต | F25: 2 | L25: =SUM(D25:K25) -> 2
B26: 1004055 | C26: ชิฟฟอนรวมรส 4 ชิ้น | E26: 21 | F26: 5 | G26: 69 | L26: =SUM(D26:K26) -> 95
B27: 1004055 | C27: ชิฟฟอน 4 ชิ้น โกโก้ล้วน | L27: =SUM(D27:K27) -> 0
B28: 1004055 | C28: ชิฟฟอน 4 ชิ้น มะพร้าวล้วน | L28: =SUM(D28:K28) -> 0
B29: 1004055 | C29: ชิฟฟอน 4 ชิ้น เนยล้วน | L29: =SUM(D29:K29) -> 0
B30: 1004055 | C30: ชิฟฟอน 4 ชิ้น กาแฟล้วน | L30: =SUM(D30:K30) -> 0
B31: 1004055 | C31: ชิฟฟอน 4 ชิ้น ใบเตยล้วน | L31: =SUM(D31:K31) -> 0
B32: 1004055 | C32: ชิฟฟอน 4 ชิ้น บลูเบอร์รี่ล้วน | L32: =SUM(D32:K32) -> 0
B33: 1004055 | C33: ชิฟฟอน 4 ชิ้น ส้มล้วน | L33: =SUM(D33:K33) -> 0
B34: 1004055 | C34: ชิฟฟอน 4 ชิ้น เผือกล้วน | L34: =SUM(D34:K34) -> 0
B35: 1004055 | C35: ชิฟฟอน 4 ชิ้น สตอเบอรี่ล้วน | L35: =SUM(D35:K35) -> 0
B36: 1004055 | C36: ชิฟฟอน 4 ชิ้น กล้วยหอมล้วน | L36: =SUM(D36:K36) -> 0
B37: 1004055 | C37: ชิฟฟอน 4 ชิ้น ชาเขียวล้วน | L37: =SUM(D37:K37) -> 0
B38: 1004055 | C38: ชิฟฟอน 4 ชิ้น ชาไทยล้วน | L38: =SUM(D38:K38) -> 0
B39: 1004055 | C39: ชิฟฟอน 4 ชิ้น สับปะรดล้วน | L39: =SUM(D39:K39) -> 0
B40: 1111057 | C40: ชิฟฟอนแยกชิ้น กาแฟ | F40: 1 | L40: =SUM(D40:K40) -> 1
B41: 1111058 | C41: ชิฟฟอนแยกชิ้น ชาเขียว | L41: =SUM(D41:K41) -> 0
B42: 1111059 | C42: ชิฟฟอนแยกชิ้น ใบเตย | L42: =SUM(D42:K42) -> 0
B43: 1111060 | C43: ชิฟฟอนแยกชิ้น กล้วยหอม | L43: =SUM(D43:K43) -> 0
B44: 1111061 | C44: ชิฟฟอนแยกชิ้น ชาไทย | L44: =SUM(D44:K44) -> 0
B45: 1111062 | C45: ชิฟฟอนแยกชิ้น โกโก้ | L45: =SUM(D45:K45) -> 0
B46: 1111063 | C46: ชิฟฟอนแยกชิ้น ส้ม | L46: =SUM(D46:K46) -> 0
B47: 1111064 | C47: ชิฟฟอนแยกชิ้น เผือก | L47: =SUM(D47:K47) -> 0
B48: 1111065 | C48: ชิฟฟอนแยกชิ้น สับปะรด | L48: =SUM(D48:K48) -> 0
B49: 1111066 | C49: ชิฟฟอนแยกชิ้น สตอเบอรี่ | L49: =SUM(D49:K49) -> 0
B50: 1111067 | C50: ชิฟฟอนแยกชิ้น มะพร้าว | L50: =SUM(D50:K50) -> 0
B51: 1111068 | C51: ชิฟฟอนแยกชิ้น เนย | L51: =SUM(D51:K51) -> 0
B52: 1111069 | C52: ชิฟฟอนแยกชิ้น บลูเบอรี่ | L52: =SUM(D52:K52) -> 0
... B55: 1111001 | C55: ชิฟฟอนแยกชิ้น คละรส | L55: =SUM(D55:K55) -> 0
B56: 1111074 | C56: ชิฟฟอนไส้แยมแยกชิ้น มะพร้าว | F56: 1 | L56: =SUM(D56:K56) -> 1
B57: 1111075 | C57: ชิฟฟอนไส้แยมแยกชิ้น สตอเบอรี่ | F57: 1 | L57: =SUM(D57:K57) -> 1
B58: 1111076 | C58: ชิฟฟอนไส้แยมแยกชิ้น ส้ม | F58: 1 | L58: =SUM(D58:K58) -> 1
B59: 1111077 | C59: ชิฟฟอนไส้แยมแยกชิ้น บลูเบอรี่ | F59: 1 | L59: =SUM(D59:K59) -> 1
B60: 1111078 | C60: ชิฟฟอนไส้แยมแยกชิ้น นมชมพู | F60: 1 | L60: =SUM(D60:K60) -> 1
B61: 1111079 | C61: ชิฟฟอนไส้แยมแยกชิ้น ชอคโกแลต | F61: 1 | L61: =SUM(D61:K61) -> 1
B62: 1111080 | C62: ชิฟฟอนไส้แยมแยกชิ้น ฝอยทอง | F62: 1 | L62: =SUM(D62:K62) -> 1
B63: 1111081 | C63: ชิฟฟอนไส้แยมแยกชิ้น วนิลา | F63: 1 | L63: =SUM(D63:K63) -> 1
B64: 1111082 | C64: ชิฟฟอนไส้แยมแยกชิ้น ใบเตย | F64: 1 | L64: =SUM(D64:K64) -> 1
B65: 1111083 | C65: ชิฟฟอนไส้แยมแยกชิ้น เมล่อน | F65: 1 | L65: =SUM(D65:K65) -> 1
B66: 1111010 | C66: ชิฟฟอนไส้แยมแยกชิ้น คละรส | L66: =SUM(D66:K66) -> 0
C67: รวม
B68: ชิฟฟอนไส้แยม 6 ชิ้น
B69: 1111009 | C69: ชิฟฟอนไส้แยมรวมรส 6 ชิ้น | E69: 4 | F69: 5 | L69: =SUM(D69:K69) -> 9
B70: 1111023 | C70: ชิฟฟอนไส้แยมรสสตอเบอร์รี่ล้วน 6 ชิ้น | L70: =SUM(D70:K70) -> 0
B71: 1111016 | C71: ชิฟฟอนไส้แยมรสมะพร้าวล้วน 6 ชิ้น | L71: =SUM(D71:K71) -> 0
B72: 1111014 | C72: ชิฟฟอนไส้แยมรสช็อกโกแลตนูเทลล่าล้วน 6 ชิ้น | L72: =SUM(D72:K72) -> 0
B73: 1111025 | C73: ชิฟฟอนไส้แยมรสส้มล้วน 6 ชิ้น | L73: =SUM(D73:K73) -> 0
B74: 1111018 | C74: ชิฟฟอนไส้แยมรสบลูเบอร์รี่ล้วน 6 ชิ้น | L74: =SUM(D74:K74) -> 0
B75: 1111012 | C75: ชิฟฟอนไส้แยมรสนมชมพูฮอกไกโดล้วน 6 ชิ้น | L75: =SUM(D75:K75) -> 0
B76: 1111020 | C76: ชิฟฟอนไส้แยมฝอยทองไส้ทะลัก 6 ชิ้น | L76: =SUM(D76:K76) -> 0
C77: รวม
B78: ชิฟฟอนไส้แยม 3 ชิ้น
B79: 1111022 | C79: ชิฟฟอนไส้แยมรสสตอเบอร์รี่ล้วน 3 ชิ้น | L79: =SUM(D79:K79) -> 0
B80: 1111015 | C80: ชิฟฟอนไส้แยมรสมะพร้าวล้วน 3 ชิ้น | L80: =SUM(D80:K80) -> 0
B81: 1111013 | C81: ชิฟฟอนไส้แยมรสช็อกโกแลตนูเทลล่าล้วน 3 ชิ้น | L81: =SUM(D81:K81) -> 0
B82: 1111024 | C82: ชิฟฟอนไส้แยมรสส้มล้วน 3 ชิ้น | L82: =SUM(D82:K82) -> 0
B83: 1111017 | C83: ชิฟฟอนไส้แยมรสบลูเบอร์รี่ล้วน 3 ชิ้น | L83: =SUM(D83:K83) -> 0
B84: 1111011 | C84: ชิฟฟอนไส้แยมรสนมชมพูฮอกไกโดล้วน 3 ชิ้น | L84: =SUM(D84:K84) -> 0
B85: 1111019 | C85: ชิฟฟอนไส้แยมฝอยทองไส้ทะลัก 3 ชิ้น | L85: =SUM(D85:K85) -> 0
B86: 1113081 | C86: ชิฟฟอนไส้แยม วนิลา/ใบเตย/เมล่อน | L86: =SUM(D86:K86) -> 0
B87: 1111008 | C87: ชิฟฟอนไส้แยมรวมรส 3 ชิ้น | G87: 60 | L87: =SUM(D87:K87) -> 60
C88: รวม
B89: เบาหวิว ล 110 กรัม
B90: 1112009 | C90: มะพร้าว | E90: 1 | F90: 8 | G90: 21 | L90: =SUM(D90:K90) -> 30
B91: 1112011 | C91: ฝอยทอง | E91: 1 | F91: 8 | G91: 21 | L91: =SUM(D91:K91) -> 30
B92: 1112003 | C92: กาแฟ | G92: 18 | L92: =SUM(D92:K92) -> 18
B93: 1112005 | C93: เนยนม | G93: 18 | L93: =SUM(D93:K93) -> 18
B94: 1112007 | C94: ใบเตย | L94: =SUM(D94:K94) -> 0
B95: 1112019 | C95: ทุเรียน | L95: =SUM(D95:K95) -> 0
B96: 1112017 | C96: ตาลหอม | L96: =SUM(D96:K96) -> 0
B97: 1112015 | C97: กล้วยหอมมะพร้าวเผา | G97: 17 | L97: =SUM(D97:K97) -> 17
B98: 1112013 | C98: เผือกมะพร้าวอ่อน | E98: 1 | F98: 6 | G98: 21 | L98: =SUM(D98:K98) -> 28
B99: 1124043 | C99: เบาหวิว คละรส | L99: =SUM(D99:K99) -> 0
C100: รวม | L100: =SUM(D100:I100) -> 0
B101: เบาหวิว ญ 300 กรัม
B102: 1112008 | C102: มะพร้าว | L102: =SUM(D102:K102) -> 0
B103: 1112010 | C103: ฝอยทอง | L103: =SUM(D103:K103) -> 0
B104: 1112002 | C104: กาแฟ | L104: =SUM(D104:K104) -> 0
B105: 1112004 | C105: เนยนม | L105: =SUM(D105:K105) -> 0
B106: 1112006 | C106: ใบเตย | L106: =SUM(D106:K106) -> 0
...

Sheet เช้า 
B1: ยอดจริง ออนไลน์ วันที่ - เช้า
L2: ยอดรวมผลิต
L3: จำนวน
B4: รหัสสินค้า | C4: สินค้า | D4: ปณ | E4: ชอปปี้ | F4: ลาซาด้า | G4: ติ๊กตอก | H4: ติ๊กตอก 2 | I4: ติ๊กตอก3 | J4: ชอยส์ | K4: ยอดเส้น | L4: (กล่อง)
B6: ชิฟฟอนรวมรส
B7: 1111002 | C7: ชิฟฟอนรวมรส 8 ชิ้น | D7: 13 | E7: 7 | F7: 4 | L7: =SUM(D7:K7) -> 24
C8: ชิฟฟอนแบบกล่องสุ่มอะไรก็ได้ที่มี | L8: =SUM(D8:K8) -> 0
B9: 1111084 | C9: ชิฟฟอน 8 ชิ้น กาแฟล้วน | L9: =SUM(D9:K9) -> 0
B10: 1111085 | C10: ชิฟฟอน 8 ชิ้น บลูเบอรี่ล้วน | L10: =SUM(D10:K10) -> 0
B11: 1111086 | C11: ชิฟฟอน 8 ชิ้น มะพร้าวล้วน | L11: =SUM(D11:K11) -> 0
B12: 1111087 | C12: ชิฟฟอน 8 ชิ้น สตอเบอรี่ล้วน | L12: =SUM(D12:K12) -> 0
B13: 1111088 | C13: ชิฟฟอน 8 ชิ้น ส้มล้วน | L13: =SUM(D13:K13) -> 0
B14: 1111089 | C14: ชิฟฟอน 8 ชิ้น เนยล้วน | L14: =SUM(D14:K14) -> 0
B15: 1111090 | C15: ชิฟฟอน 8 ชิ้น เผือกล้วน | L15: =SUM(D15:K15) -> 0
B16: 1111091 | C16: ชิฟฟอน 8 ชิ้น ใบเตยล้วน | L16: =SUM(D16:K16) -> 0
B17: 1111092 | C17: ชิฟฟอน 8 ชิ้น กล้วยหอม | L17: =SUM(D17:K17) -> 0
B18: 1111093 | C18: ชิฟฟอน 8 ชิ้น โกโก้ล้วน | L18: =SUM(D18:K18) -> 0
B19: 1111094 | C19: ชิฟฟอน 8 ชิ้น ชาไทยล้วน | L19: =SUM(D19:K19) -> 0
B20: 1111095 | C20: ชิฟฟอน 8 ชิ้น ชาเขียวล้วน | L20: =SUM(D20:K20) -> 0
... B24: 1111043 | C24: ชิฟฟอน 8 ชิ้น มะลิ | L24: =SUM(D24:K24) -> 0
B25: 1111056 | C25: ชิฟฟอน 8 ชิ้น รวมรสยอดฮิต | D25: 7 | E25: 2 | F25: 3 | L25: =SUM(D25:K25) -> 12
B26: 1004055 | C26: ชิฟฟอนรวมรส 4 ชิ้น | D26: 13 | G26: 26 | L26: =SUM(D26:K26) -> 39
B27: 1004055 | C27: ชิฟฟอน 4 ชิ้น โกโก้ล้วน | L27: =SUM(D27:K27) -> 0
B28: 1004055 | C28: ชิฟฟอน 4 ชิ้น มะพร้าวล้วน | L28: =SUM(D28:K28) -> 0
B29: 1004055 | C29: ชิฟฟอน 4 ชิ้น เนยล้วน | L29: =SUM(D29:K29) -> 0
B30: 1004055 | C30: ชิฟฟอน 4 ชิ้น กาแฟล้วน | L30: =SUM(D30:K30) -> 0
B31: 1004055 | C31: ชิฟฟอน 4 ชิ้น ใบเตยล้วน | L31: =SUM(D31:K31) -> 0
B32: 1004055 | C32: ชิฟฟอน 4 ชิ้น บลูเบอร์รี่ล้วน | L32: =SUM(D32:K32) -> 0
B33: 1004055 | C33: ชิฟฟอน 4 ชิ้น ส้มล้วน | L33: =SUM(D33:K33) -> 0
B34: 1004055 | C34: ชิฟฟอน 4 ชิ้น เผือกล้วน | L34: =SUM(D34:K34) -> 0
B35: 1004055 | C35: ชิฟฟอน 4 ชิ้น สตอเบอรี่ล้วน | L35: =SUM(D35:K35) -> 0
B36: 1004055 | C36: ชิฟฟอน 4 ชิ้น กล้วยหอมล้วน | L36: =SUM(D36:K36) -> 0
B37: 1004055 | C37: ชิฟฟอน 4 ชิ้น ชาเขียวล้วน | L37: =SUM(D37:K37) -> 0
B38: 1004055 | C38: ชิฟฟอน 4 ชิ้น ชาไทยล้วน | L38: =SUM(D38:K38) -> 0
B39: 1004055 | C39: ชิฟฟอน 4 ชิ้น สับปะรดล้วน | L39: =SUM(D39:K39) -> 0
B40: 1111057 | C40: ชิฟฟอนแยกชิ้น กาแฟ | F40: 1 | L40: =SUM(D40:K40) -> 1
B41: 1111058 | C41: ชิฟฟอนแยกชิ้น ชาเขียว | L41: =SUM(D41:K41) -> 0
B42: 1111059 | C42: ชิฟฟอนแยกชิ้น ใบเตย | L42: =SUM(D42:K42) -> 0
B43: 1111060 | C43: ชิฟฟอนแยกชิ้น กล้วยหอม | L43: =SUM(D43:K43) -> 0
B44: 1111061 | C44: ชิฟฟอนแยกชิ้น ชาไทย | L44: =SUM(D44:K44) -> 0
B45: 1111062 | C45: ชิฟฟอนแยกชิ้น โกโก้ | L45: =SUM(D45:K45) -> 0
B46: 1111063 | C46: ชิฟฟอนแยกชิ้น ส้ม | L46: =SUM(D46:K46) -> 0
B47: 1111064 | C47: ชิฟฟอนแยกชิ้น เผือก | L47: =SUM(D47:K47) -> 0
B48: 1111065 | C48: ชิฟฟอนแยกชิ้น สับปะรด | L48: =SUM(D48:K48) -> 0
B49: 1111066 | C49: ชิฟฟอนแยกชิ้น สตอเบอรี่ | L49: =SUM(D49:K49) -> 0
B50: 1111067 | C50: ชิฟฟอนแยกชิ้น มะพร้าว | L50: =SUM(D50:K50) -> 0
B51: 1111068 | C51: ชิฟฟอนแยกชิ้น เนย | L51: =SUM(D51:K51) -> 0
B52: 1111069 | C52: ชิฟฟอนแยกชิ้น บลูเบอรี่ | L52: =SUM(D52:K52) -> 0
... B55: 1111001 | C55: ชิฟฟอนแยกชิ้น คละรส | L55: =SUM(D55:K55) -> 0
B56: 1111074 | C56: ชิฟฟอนไส้แยมแยกชิ้น มะพร้าว | E56: 2 | G56: 3 | L56: =SUM(D56:K56) -> 5
B57: 1111075 | C57: ชิฟฟอนไส้แยมแยกชิ้น สตอเบอรี่ | E57: 2 | G57: 2 | L57: =SUM(D57:K57) -> 4
B58: 1111076 | C58: ชิฟฟอนไส้แยมแยกชิ้น ส้ม | E58: 2 | G58: 2 | L58: =SUM(D58:K58) -> 4
B59: 1111077 | C59: ชิฟฟอนไส้แยมแยกชิ้น บลูเบอรี่ | E59: 2 | G59: 2 | L59: =SUM(D59:K59) -> 4
B60: 1111078 | C60: ชิฟฟอนไส้แยมแยกชิ้น นมชมพู | E60: 2 | G60: 2 | L60: =SUM(D60:K60) -> 4
B61: 1111079 | C61: ชิฟฟอนไส้แยมแยกชิ้น ชอคโกแลต | E61: 2 | G61: 2 | L61: =SUM(D61:K61) -> 4
B62: 1111080 | C62: ชิฟฟอนไส้แยมแยกชิ้น ฝอยทอง | E62: 2 | G62: 2 | L62: =SUM(D62:K62) -> 4
B63: 1111081 | C63: ชิฟฟอนไส้แยมแยกชิ้น วนิลา | E63: 2 | G63: 2 | L63: =SUM(D63:K63) -> 4
B64: 1111082 | C64: ชิฟฟอนไส้แยมแยกชิ้น ใบเตย | E64: 2 | G64: 2 | L64: =SUM(D64:K64) -> 4
B65: 1111083 | C65: ชิฟฟอนไส้แยมแยกชิ้น เมล่อน | E65: 2 | G65: 2 | L65: =SUM(D65:K65) -> 4
B66: 1111010 | C66: ชิฟฟอนไส้แยมแยกชิ้น คละรส | L66: =SUM(D66:K66) -> 0
C67: รวม
B68: ชิฟฟอนไส้แยม 6 ชิ้น
B69: 1111009 | C69: ชิฟฟอนไส้แยมรวมรส 6 ชิ้น | D69: 28 | E69: 1 | F69: 5 | G69: 6 | L69: =SUM(D69:K69) -> 40
B70: 1111023 | C70: ชิฟฟอนไส้แยมรสสตอเบอร์รี่ล้วน 6 ชิ้น | L70: =SUM(D70:K70) -> 0
B71: 1111016 | C71: ชิฟฟอนไส้แยมรสมะพร้าวล้วน 6 ชิ้น | L71: =SUM(D71:K71) -> 0
B72: 1111014 | C72: ชิฟฟอนไส้แยมรสช็อกโกแลตนูเทลล่าล้วน 6 ชิ้น | L72: =SUM(D72:K72) -> 0
B73: 1111025 | C73: ชิฟฟอนไส้แยมรสส้มล้วน 6 ชิ้น | L73: =SUM(D73:K73) -> 0
B74: 1111018 | C74: ชิฟฟอนไส้แยมรสบลูเบอร์รี่ล้วน 6 ชิ้น | L74: =SUM(D74:K74) -> 0
B75: 1111012 | C75: ชิฟฟอนไส้แยมรสนมชมพูฮอกไกโดล้วน 6 ชิ้น | L75: =SUM(D75:K75) -> 0
B76: 1111020 | C76: ชิฟฟอนไส้แยมฝอยทองไส้ทะลัก 6 ชิ้น | D76: 5 | L76: =SUM(D76:K76) -> 5
C77: รวม
B78: ชิฟฟอนไส้แยม 3 ชิ้น
B79: 1111022 | C79: ชิฟฟอนไส้แยมรสสตอเบอร์รี่ล้วน 3 ชิ้น | L79: =SUM(D79:K79) -> 0
B80: 1111015 | C80: ชิฟฟอนไส้แยมรสมะพร้าวล้วน 3 ชิ้น | L80: =SUM(D80:K80) -> 0
B81: 1111013 | C81: ชิฟฟอนไส้แยมรสช็อกโกแลตนูเทลล่าล้วน 3 ชิ้น | L81: =SUM(D81:K81) -> 0
B82: 1111024 | C82: ชิฟฟอนไส้แยมรสส้มล้วน 3 ชิ้น | L82: =SUM(D82:K82) -> 0
B83: 1111017 | C83: ชิฟฟอนไส้แยมรสบลูเบอร์รี่ล้วน 3 ชิ้น | L83: =SUM(D83:K83) -> 0
B84: 1111011 | C84: ชิฟฟอนไส้แยมรสนมชมพูฮอกไกโดล้วน 3 ชิ้น | L84: =SUM(D84:K84) -> 0
B85: 1111019 | C85: ชิฟฟอนไส้แยมฝอยทองไส้ทะลัก 3 ชิ้น | L85: =SUM(D85:K85) -> 0
B86: 1113081 | C86: ชิฟฟอนไส้แยม วนิลา/ใบเตย/เมล่อน | L86: =SUM(D86:K86) -> 0
B87: 1111008 | C87: ชิฟฟอนไส้แยมรวมรส 3 ชิ้น | D87: 4 | G87: 27 | L87: =SUM(D87:K87) -> 31
C88: รวม
B89: เบาหวิว ล 110 กรัม
B90: 1112009 | C90: มะพร้าว | D90: 5 | F90: 5 | G90: 25 | L90: =SUM(D90:K90) -> 35
B91: 1112011 | C91: ฝอยทอง | D91: 4 | F91: 7 | G91: 25 | L91: =SUM(D91:K91) -> 36
B92: 1112003 | C92: กาแฟ | G92: 24 | L92: =SUM(D92:K92) -> 24
B93: 1112005 | C93: เนยนม | G93: 23 | L93: =SUM(D93:K93) -> 23
B94: 1112007 | C94: ใบเตย | L94: =SUM(D94:K94) -> 0
B95: 1112019 | C95: ทุเรียน | L95: =SUM(D95:K95) -> 0
B96: 1112017 | C96: ตาลหอม | L96: =SUM(D96:K96) -> 0
B97: 1112015 | C97: กล้วยหอมมะพร้าวเผา | G97: 23 | L97: =SUM(D97:K97) -> 23
B98: 1112013 | C98: เผือกมะพร้าวอ่อน | D98: 5 | F98: 3 | G98: 25 | L98: =SUM(D98:K98) -> 33
B99: 1124043 | C99: เบาหวิว คละรส | L99: =SUM(D99:K99) -> 0
C100: รวม | L100: =SUM(D100:I100) -> 0
B101: เบาหวิว ญ 300 กรัม
B102: 1112008 | C102: มะพร้าว | L102: =SUM(D102:K102) -> 0
B103: 1112010 | C103: ฝอยทอง | L103: =SUM(D103:K103) -> 0
B104: 1112002 | C104: กาแฟ | L104: =SUM(D104:K104) -> 0
B105: 1112004 | C105: เนยนม | L105: =SUM(D105:K105) -> 0
B106: 1112006 | C106: ใบเตย | L106: =SUM(D106:K106) -> 0
...

Sheet บ่าย
B1: ยอดจริง ออนไลน์ วันที่ 14/1/2568 - บ่าย
L2: ยอดรวมผลิต
L3: จำนวน
B4: รหัสสินค้า | C4: สินค้า | D4: ปณ | E4: ชอปปี้ | F4: ลาซาด้า | G4: ติ๊กตอก | H4: ติ๊กตอก 2 | I4: ติ๊กตอก3 | J4: ชอยส์ | K4: ยอดเส้น | L4: (กล่อง)
B6: ชิฟฟอนรวมรส
B7: 1111002 | C7: ชิฟฟอนรวมรส 8 ชิ้น | E7: 4 | F7: 13 | L7: =SUM(D7:K7) -> 17
C8: ชิฟฟอนแบบกล่องสุ่มอะไรก็ได้ที่มี | L8: =SUM(D8:K8) -> 0
B9: 1111084 | C9: ชิฟฟอน 8 ชิ้น กาแฟล้วน | L9: =SUM(D9:K9) -> 0
B10: 1111085 | C10: ชิฟฟอน 8 ชิ้น บลูเบอรี่ล้วน | L10: =SUM(D10:K10) -> 0
B11: 1111086 | C11: ชิฟฟอน 8 ชิ้น มะพร้าวล้วน | L11: =SUM(D11:K11) -> 0
B12: 1111087 | C12: ชิฟฟอน 8 ชิ้น สตอเบอรี่ล้วน | L12: =SUM(D12:K12) -> 0
B13: 1111088 | C13: ชิฟฟอน 8 ชิ้น ส้มล้วน | L13: =SUM(D13:K13) -> 0
B14: 1111089 | C14: ชิฟฟอน 8 ชิ้น เนยล้วน | L14: =SUM(D14:K14) -> 0
B15: 1111090 | C15: ชิฟฟอน 8 ชิ้น เผือกล้วน | L15: =SUM(D15:K15) -> 0
B16: 1111091 | C16: ชิฟฟอน 8 ชิ้น ใบเตยล้วน | L16: =SUM(D16:K16) -> 0
B17: 1111092 | C17: ชิฟฟอน 8 ชิ้น กล้วยหอม | L17: =SUM(D17:K17) -> 0
B18: 1111093 | C18: ชิฟฟอน 8 ชิ้น โกโก้ล้วน | L18: =SUM(D18:K18) -> 0
B19: 1111094 | C19: ชิฟฟอน 8 ชิ้น ชาไทยล้วน | L19: =SUM(D19:K19) -> 0
B20: 1111095 | C20: ชิฟฟอน 8 ชิ้น ชาเขียวล้วน | L20: =SUM(D20:K20) -> 0
... B24: 1111043 | C24: ชิฟฟอน 8 ชิ้น มะลิ | L24: =SUM(D24:K24) -> 0
B25: 1111056 | C25: ชิฟฟอน 8 ชิ้น รวมรสยอดฮิต | E25: 1 | L25: =SUM(D25:K25) -> 1
B26: 1004055 | C26: ชิฟฟอนรวมรส 4 ชิ้น | G26: 34 | L26: =SUM(D26:K26) -> 34
B27: 1004055 | C27: ชิฟฟอน 4 ชิ้น โกโก้ล้วน | L27: =SUM(D27:K27) -> 0
B28: 1004055 | C28: ชิฟฟอน 4 ชิ้น มะพร้าวล้วน | L28: =SUM(D28:K28) -> 0
B29: 1004055 | C29: ชิฟฟอน 4 ชิ้น เนยล้วน | L29: =SUM(D29:K29) -> 0
B30: 1004055 | C30: ชิฟฟอน 4 ชิ้น กาแฟล้วน | L30: =SUM(D30:K30) -> 0
B31: 1004055 | C31: ชิฟฟอน 4 ชิ้น ใบเตยล้วน | L31: =SUM(D31:K31) -> 0
B32: 1004055 | C32: ชิฟฟอน 4 ชิ้น บลูเบอร์รี่ล้วน | L32: =SUM(D32:K32) -> 0
B33: 1004055 | C33: ชิฟฟอน 4 ชิ้น ส้มล้วน | L33: =SUM(D33:K33) -> 0
B34: 1004055 | C34: ชิฟฟอน 4 ชิ้น เผือกล้วน | L34: =SUM(D34:K34) -> 0
B35: 1004055 | C35: ชิฟฟอน 4 ชิ้น สตอเบอรี่ล้วน | L35: =SUM(D35:K35) -> 0
B36: 1004055 | C36: ชิฟฟอน 4 ชิ้น กล้วยหอมล้วน | L36: =SUM(D36:K36) -> 0
B37: 1004055 | C37: ชิฟฟอน 4 ชิ้น ชาเขียวล้วน | L37: =SUM(D37:K37) -> 0
B38: 1004055 | C38: ชิฟฟอน 4 ชิ้น ชาไทยล้วน | L38: =SUM(D38:K38) -> 0
... B66: 1111010 | C66: ชิฟฟอนไส้แยมแยกชิ้น คละรส | L66: =SUM(D66:K66) -> 0
C67: รวม
B68: ชิฟฟอนไส้แยม 6 ชิ้น
B69: 1111009 | C69: ชิฟฟอนไส้แยมรวมรส 6 ชิ้น | L69: =SUM(D69:K69) -> 0
B70: 1111023 | C70: ชิฟฟอนไส้แยมรสสตอเบอร์รี่ล้วน 6 ชิ้น | L70: =SUM(D70:K70) -> 0
B71: 1111016 | C71: ชิฟฟอนไส้แยมรสมะพร้าวล้วน 6 ชิ้น | L71: =SUM(D71:K71) -> 0
B72: 1111014 | C72: ชิฟฟอนไส้แยมรสช็อกโกแลตนูเทลล่าล้วน 6 ชิ้น | L72: =SUM(D72:K72) -> 0
B73: 1111025 | C73: ชิฟฟอนไส้แยมรสส้มล้วน 6 ชิ้น | L73: =SUM(D73:K73) -> 0
B74: 1111018 | C74: ชิฟฟอนไส้แยมรสบลูเบอร์รี่ล้วน 6 ชิ้น | L74: =SUM(D74:K74) -> 0
B75: 1111012 | C75: ชิฟฟอนไส้แยมรสนมชมพูฮอกไกโดล้วน 6 ชิ้น | L75: =SUM(D75:K75) -> 0
B76: 1111020 | C76: ชิฟฟอนไส้แยมฝอยทองไส้ทะลัก 6 ชิ้น | L76: =SUM(D76:K76) -> 0
C77: รวม
B78: ชิฟฟอนไส้แยม 3 ชิ้น
B79: 1111022 | C79: ชิฟฟอนไส้แยมรสสตอเบอร์รี่ล้วน 3 ชิ้น | L79: =SUM(D79:K79) -> 0
B80: 1111015 | C80: ชิฟฟอนไส้แยมรสมะพร้าวล้วน 3 ชิ้น | L80: =SUM(D80:K80) -> 0
B81: 1111013 | C81: ชิฟฟอนไส้แยมรสช็อกโกแลตนูเทลล่าล้วน 3 ชิ้น | L81: =SUM(D81:K81) -> 0
B82: 1111024 | C82: ชิฟฟอนไส้แยมรสส้มล้วน 3 ชิ้น | L82: =SUM(D82:K82) -> 0
B83: 1111017 | C83: ชิฟฟอนไส้แยมรสบลูเบอร์รี่ล้วน 3 ชิ้น | L83: =SUM(D83:K83) -> 0
B84: 1111011 | C84: ชิฟฟอนไส้แยมรสนมชมพูฮอกไกโดล้วน 3 ชิ้น | L84: =SUM(D84:K84) -> 0
B85: 1111019 | C85: ชิฟฟอนไส้แยมฝอยทองไส้ทะลัก 3 ชิ้น | L85: =SUM(D85:K85) -> 0
B86: 1113081 | C86: ชิฟฟอนไส้แยม วนิลา/ใบเตย/เมล่อน | L86: =SUM(D86:K86) -> 0
B87: 1111008 | C87: ชิฟฟอนไส้แยมรวมรส 3 ชิ้น | G87: 58 | L87: =SUM(D87:K87) -> 58
C88: รวม
B89: เบาหวิว ล 110 กรัม
B90: 1112009 | C90: มะพร้าว | E90: 1 | F90: 1 | G90: 22 | L90: =SUM(D90:K90) -> 24
B91: 1112011 | C91: ฝอยทอง | E91: 1 | F91: 1 | G91: 22 | L91: =SUM(D91:K91) -> 24
B92: 1112003 | C92: กาแฟ | G92: 12 | L92: =SUM(D92:K92) -> 12
B93: 1112005 | C93: เนยนม | G93: 12 | L93: =SUM(D93:K93) -> 12
B94: 1112007 | C94: ใบเตย | L94: =SUM(D94:K94) -> 0
B95: 1112019 | C95: ทุเรียน | L95: =SUM(D95:K95) -> 0
B96: 1112017 | C96: ตาลหอม | L96: =SUM(D96:K96) -> 0
B97: 1112015 | C97: กล้วยหอมมะพร้าวเผา | G97: 12 | L97: =SUM(D97:K97) -> 12
B98: 1112013 | C98: เผือกมะพร้าวอ่อน | E98: 1 | F98: 1 | G98: 22 | L98: =SUM(D98:K98) -> 24
B99: 1124043 | C99: เบาหวิว คละรส | L99: =SUM(D99:K99) -> 0
C100: รวม | L100: =SUM(D100:I100) -> 0
B101: เบาหวิว ญ 300 กรัม
B102: 1112008 | C102: มะพร้าว | L102: =SUM(D102:K102) -> 0
B103: 1112010 | C103: ฝอยทอง | L103: =SUM(D103:K103) -> 0
B104: 1112002 | C104: กาแฟ | L104: =SUM(D104:K104) -> 0
B105: 1112004 | C105: เนยนม | L105: =SUM(D105:K105) -> 0
B106: 1112006 | C106: ใบเตย | L106: =SUM(D106:K106) -> 0
B107: 1112018 | C107: ทุเรียน | L107: =SUM(D107:K107) -> 0
B108: 1112016 | C108: ตาลหอม | L108: =SUM(D108:K108) -> 0
B109: 1112014 | C109: กล้วยหอมมะพร้าวเผา | L109: =SUM(D109:K109) -> 0
B110: 1112012 | C110: เผือกมะพร้าวอ่อน | L110: =SUM(D110:K110) -> 0
C111: เบาหวิว คละรส | L111: =SUM(D111:K111) -> 0
C112: รวม | L112: =SUM(L102:L110) -> 0
B113: อื่นๆ
B114: 1113170 | C114: ขนมเปี๊ยะถั่วฝอยทองไข่เค็ม 450 กรัม | L114: =SUM(D114:K114) -> 0
B115: 1113171 | C115: ขนมเปี๊ยะฟักถั่วไข่เค็ม 450 กรัม | G115: 1 | L115: =SUM(D115:K115) -> 1
B116: 1113172 | C116: ขนมเปี๊ยะเผือกฝอยทองไข่เค็ม 450 กรัม | L116: =SUM(D116:K116) -> 0
B117: 1113173 | C117: ขนมเปี๊ยะงาดำฝอยทองไข่เค็ม 450 กรัม | L117: =SUM(D117:K117) -> 0
B118: 1100003 | C118: เมอแรงค์ กระปุก | L118: =SUM(D118:K118) -> 0
B119: 1100001 | C119: พายสับปรด 1 ชิ้น | L119: =SUM(D119:K119) -> 0
B120: 1100002 | C120: พายสับปรด 1 กล่อง | L120: =SUM(D120:K120) -> 0
B121: 1200001 | C121: คอนเฟลค | L121: =SUM(D121:K121) -> 0
B122: 1005761 | C122: ปังกรอบคาราเมล(ถุง) | L122: =SUM(D122:K122) -> 0
B123: 1114501 | C123: ครีมฮอร์นไส้เนย วนิลา | E123: 2 | F123: 7 | G123: 11 | L123: =SUM(D123:K123) -> 20
B124: 1114502 | C124: ครีมฮอร์นไส้เนย ใบเตย | E124: 2 | F124: 5 | G124: 11 | L124: =SUM(D124:K124) -> 18
B125: 1114503 | C125: ครีมฮอร์นไส้เนย ชอค | E125: 2 | F125: 4 | G125: 11 | L125: =SUM(D125:K125) -> 17
B126: 1124021 | C126: ขนมปังหั่นสไลด์ | E126: 6 | G126: 18 | L126: =SUM(D126:K126) -> 24
B127: 1113084 | C127: ปังเนยนิ่ม กล่อง 2 ชิ้น | L127: =SUM(D127:K127) -> 0
B128: 900003 | C128: กล่องเปล่าชิฟอน ล | L128: =SUM(D128:K128) -> 0
B129: 900004 | C129: กล่องเปล่าชิฟอน ญ | L129: =SUM(D129:K129) -> 0
B130: 1200002 | C130: ทอฟฟี่ถั่ว กล่อง | L130: =SUM(D130:K130) -> 0
B131: 1200003 | C131: ทอฟฟี่ถั่ว กระเช้า | L131: =SUM(D131:K131) -> 0
...

Sheet บ่าย (2)
B1: ยอดจริง ออนไลน์ วันที่ 14/1/2568 - บ่าย
L2: ยอดรวมผลิต
L3: จำนวน
B4: รหัสสินค้า | C4: สินค้า | D4: ปณ | E4: ชอปปี้ | F4: ลาซาด้า | G4: ติ๊กตอก | H4: ติ๊กตอก 2 | I4: ติ๊กตอก3 | J4: ชอยส์ | K4: ยอดเส้น | L4: (กล่อง)
B6: ชิฟฟอนรวมรส
B7: 1111002 | C7: ชิฟฟอนรวมรส 8 ชิ้น | E7: 2 | F7: 1 | L7: =SUM(D7:K7) -> 3
C8: ชิฟฟอนแบบกล่องสุ่มอะไรก็ได้ที่มี | L8: =SUM(D8:K8) -> 0
B9: 1111084 | C9: ชิฟฟอน 8 ชิ้น กาแฟล้วน | L9: =SUM(D9:K9) -> 0
B10: 1111085 | C10: ชิฟฟอน 8 ชิ้น บลูเบอรี่ล้วน | L10: =SUM(D10:K10) -> 0
B11: 1111086 | C11: ชิฟฟอน 8 ชิ้น มะพร้าวล้วน | L11: =SUM(D11:K11) -> 0
B12: 1111087 | C12: ชิฟฟอน 8 ชิ้น สตอเบอรี่ล้วน | L12: =SUM(D12:K12) -> 0
B13: 1111088 | C13: ชิฟฟอน 8 ชิ้น ส้มล้วน | L13: =SUM(D13:K13) -> 0
B14: 1111089 | C14: ชิฟฟอน 8 ชิ้น เนยล้วน | L14: =SUM(D14:K14) -> 0
B15: 1111090 | C15: ชิฟฟอน 8 ชิ้น เผือกล้วน | L15: =SUM(D15:K15) -> 0
B16: 1111091 | C16: ชิฟฟอน 8 ชิ้น ใบเตยล้วน | L16: =SUM(D16:K16) -> 0
B17: 1111092 | C17: ชิฟฟอน 8 ชิ้น กล้วยหอม | L17: =SUM(D17:K17) -> 0
B18: 1111093 | C18: ชิฟฟอน 8 ชิ้น โกโก้ล้วน | L18: =SUM(D18:K18) -> 0
B19: 1111094 | C19: ชิฟฟอน 8 ชิ้น ชาไทยล้วน | L19: =SUM(D19:K19) -> 0
B20: 1111095 | C20: ชิฟฟอน 8 ชิ้น ชาเขียวล้วน | L20: =SUM(D20:K20) -> 0
... B24: 1111043 | C24: ชิฟฟอน 8 ชิ้น มะลิ | L24: =SUM(D24:K24) -> 0
B25: 1111056 | C25: ชิฟฟอน 8 ชิ้น รวมรสยอดฮิต | F25: 1 | L25: =SUM(D25:K25) -> 1
B26: 1004055 | C26: ชิฟฟอนรวมรส 4 ชิ้น | G26: 9 | L26: =SUM(D26:K26) -> 9
B27: 1004055 | C27: ชิฟฟอน 4 ชิ้น โกโก้ล้วน | L27: =SUM(D27:K27) -> 0
B28: 1004055 | C28: ชิฟฟอน 4 ชิ้น มะพร้าวล้วน | L28: =SUM(D28:K28) -> 0
B29: 1004055 | C29: ชิฟฟอน 4 ชิ้น เนยล้วน | L29: =SUM(D29:K29) -> 0
B30: 1004055 | C30: ชิฟฟอน 4 ชิ้น กาแฟล้วน | L30: =SUM(D30:K30) -> 0
B31: 1004055 | C31: ชิฟฟอน 4 ชิ้น ใบเตยล้วน | L31: =SUM(D31:K31) -> 0
B32: 1004055 | C32: ชิฟฟอน 4 ชิ้น บลูเบอร์รี่ล้วน | L32: =SUM(D32:K32) -> 0
B33: 1004055 | C33: ชิฟฟอน 4 ชิ้น ส้มล้วน | L33: =SUM(D33:K33) -> 0
B34: 1004055 | C34: ชิฟฟอน 4 ชิ้น เผือกล้วน | L34: =SUM(D34:K34) -> 0
B35: 1004055 | C35: ชิฟฟอน 4 ชิ้น สตอเบอรี่ล้วน | L35: =SUM(D35:K35) -> 0
B36: 1004055 | C36: ชิฟฟอน 4 ชิ้น กล้วยหอมล้วน | L36: =SUM(D36:K36) -> 0
B37: 1004055 | C37: ชิฟฟอน 4 ชิ้น ชาเขียวล้วน | L37: =SUM(D37:K37) -> 0
B38: 1004055 | C38: ชิฟฟอน 4 ชิ้น ชาไทยล้วน | L38: =SUM(D38:K38) -> 0
... B66: 1111010 | C66: ชิฟฟอนไส้แยมแยกชิ้น คละรส | L66: =SUM(D66:K66) -> 0
C67: รวม
B68: ชิฟฟอนไส้แยม 6 ชิ้น
B69: 1111009 | C69: ชิฟฟอนไส้แยมรวมรส 6 ชิ้น | F69: 1 | L69: =SUM(D69:K69) -> 1
B70: 1111023 | C70: ชิฟฟอนไส้แยมรสสตอเบอร์รี่ล้วน 6 ชิ้น | L70: =SUM(D70:K70) -> 0
B71: 1111016 | C71: ชิฟฟอนไส้แยมรสมะพร้าวล้วน 6 ชิ้น | L71: =SUM(D71:K71) -> 0
B72: 1111014 | C72: ชิฟฟอนไส้แยมรสช็อกโกแลตนูเทลล่าล้วน 6 ชิ้น | L72: =SUM(D72:K72) -> 0
B73: 1111025 | C73: ชิฟฟอนไส้แยมรสส้มล้วน 6 ชิ้น | L73: =SUM(D73:K73) -> 0
B74: 1111018 | C74: ชิฟฟอนไส้แยมรสบลูเบอร์รี่ล้วน 6 ชิ้น | L74: =SUM(D74:K74) -> 0
B75: 1111012 | C75: ชิฟฟอนไส้แยมรสนมชมพูฮอกไกโดล้วน 6 ชิ้น | L75: =SUM(D75:K75) -> 0
B76: 1111020 | C76: ชิฟฟอนไส้แยมฝอยทองไส้ทะลัก 6 ชิ้น | L76: =SUM(D76:K76) -> 0
C77: รวม
B78: ชิฟฟอนไส้แยม 3 ชิ้น
B79: 1111022 | C79: ชิฟฟอนไส้แยมรสสตอเบอร์รี่ล้วน 3 ชิ้น | L79: =SUM(D79:K79) -> 0
B80: 1111015 | C80: ชิฟฟอนไส้แยมรสมะพร้าวล้วน 3 ชิ้น | L80: =SUM(D80:K80) -> 0
B81: 1111013 | C81: ชิฟฟอนไส้แยมรสช็อกโกแลตนูเทลล่าล้วน 3 ชิ้น | L81: =SUM(D81:K81) -> 0
B82: 1111024 | C82: ชิฟฟอนไส้แยมรสส้มล้วน 3 ชิ้น | L82: =SUM(D82:K82) -> 0
B83: 1111017 | C83: ชิฟฟอนไส้แยมรสบลูเบอร์รี่ล้วน 3 ชิ้น | L83: =SUM(D83:K83) -> 0
B84: 1111011 | C84: ชิฟฟอนไส้แยมรสนมชมพูฮอกไกโดล้วน 3 ชิ้น | L84: =SUM(D84:K84) -> 0
B85: 1111019 | C85: ชิฟฟอนไส้แยมฝอยทองไส้ทะลัก 3 ชิ้น | L85: =SUM(D85:K85) -> 0
B86: 1113081 | C86: ชิฟฟอนไส้แยม วนิลา/ใบเตย/เมล่อน | L86: =SUM(D86:K86) -> 0
B87: 1111008 | C87: ชิฟฟอนไส้แยมรวมรส 3 ชิ้น | G87: 15 | L87: =SUM(D87:K87) -> 15
C88: รวม
B89: เบาหวิว ล 110 กรัม
B90: 1112009 | C90: มะพร้าว | E90: 1 | F90: 1 | G90: 12 | L90: =SUM(D90:K90) -> 14
B91: 1112011 | C91: ฝอยทอง | E91: 1 | F91: 1 | G91: 12 | L91: =SUM(D91:K91) -> 14
B92: 1112003 | C92: กาแฟ | G92: 7 | L92: =SUM(D92:K92) -> 7
B93: 1112005 | C93: เนยนม | G93: 7 | L93: =SUM(D93:K93) -> 7
B94: 1112007 | C94: ใบเตย | L94: =SUM(D94:K94) -> 0
B95: 1112019 | C95: ทุเรียน | L95: =SUM(D95:K95) -> 0
B96: 1112017 | C96: ตาลหอม | L96: =SUM(D96:K96) -> 0
B97: 1112015 | C97: กล้วยหอมมะพร้าวเผา | G97: 6 | L97: =SUM(D97:K97) -> 6
B98: 1112013 | C98: เผือกมะพร้าวอ่อน | E98: 1 | F98: 2 | G98: 11 | L98: =SUM(D98:K98) -> 14
B99: 1124043 | C99: เบาหวิว คละรส | L99: =SUM(D99:K99) -> 0
C100: รวม | L100: =SUM(D100:I100) -> 0
B101: เบาหวิว ญ 300 กรัม
B102: 1112008 | C102: มะพร้าว | L102: =SUM(D102:K102) -> 0
B103: 1112010 | C103: ฝอยทอง | L103: =SUM(D103:K103) -> 0
B104: 1112002 | C104: กาแฟ | L104: =SUM(D104:K104) -> 0
B105: 1112004 | C105: เนยนม | L105: =SUM(D105:K105) -> 0
B106: 1112006 | C106: ใบเตย | L106: =SUM(D106:K106) -> 0
B107: 1112018 | C107: ทุเรียน | L107: =SUM(D107:K107) -> 0
B108: 1112016 | C108: ตาลหอม | L108: =SUM(D108:K108) -> 0
B109: 1112014 | C109: กล้วยหอมมะพร้าวเผา | L109: =SUM(D109:K109) -> 0
B110: 1112012 | C110: เผือกมะพร้าวอ่อน | L110: =SUM(D110:K110) -> 0
C111: เบาหวิว คละรส | L111: =SUM(D111:K111) -> 0
C112: รวม | L112: =SUM(L102:L110) -> 0
B113: อื่นๆ
B114: 1113170 | C114: ขนมเปี๊ยะถั่วฝอยทองไข่เค็ม 450 กรัม | L114: =SUM(D114:K114) -> 0
B115: 1113171 | C115: ขนมเปี๊ยะฟักถั่วไข่เค็ม 450 กรัม | L115: =SUM(D115:K115) -> 0
B116: 1113172 | C116: ขนมเปี๊ยะเผือกฝอยทองไข่เค็ม 450 กรัม | G116: 2 | L116: =SUM(D116:K116) -> 2
B117: 1113173 | C117: ขนมเปี๊ยะงาดำฝอยทองไข่เค็ม 450 กรัม | L117: =SUM(D117:K117) -> 0
B118: 1100003 | C118: เมอแรงค์ กระปุก | L118: =SUM(D118:K118) -> 0
B119: 1100001 | C119: พายสับปรด 1 ชิ้น | L119: =SUM(D119:K119) -> 0
B120: 1100002 | C120: พายสับปรด 1 กล่อง | L120: =SUM(D120:K120) -> 0
B121: 1200001 | C121: คอนเฟลค | L121: =SUM(D121:K121) -> 0
B122: 1005761 | C122: ปังกรอบคาราเมล(ถุง) | L122: =SUM(D122:K122) -> 0
B123: 1114501 | C123: ครีมฮอร์นไส้เนย วนิลา | G123: 11 | L123: =SUM(D123:K123) -> 11
B124: 1114502 | C124: ครีมฮอร์นไส้เนย ใบเตย | G124: 11 | L124: =SUM(D124:K124) -> 11
B125: 1114503 | C125: ครีมฮอร์นไส้เนย ชอค | G125: 11 | L125: =SUM(D125:K125) -> 11
B126: 1124021 | C126: ขนมปังหั่นสไลด์ | E126: 6 | F126: 20 | G126: 12 | L126: =SUM(D126:K126) -> 38
B127: 1113084 | C127: ปังเนยนิ่ม กล่อง 2 ชิ้น | L127: =SUM(D127:K127) -> 0
B128: 900003 | C128: กล่องเปล่าชิฟอน ล | L128: =SUM(D128:K128) -> 0
B129: 900004 | C129: กล่องเปล่าชิฟอน ญ | L129: =SUM(D129:K129) -> 0
B130: 1200002 | C130: ทอฟฟี่ถั่ว กล่อง | L130: =SUM(D130:K130) -> 0
B131: 1200003 | C131: ทอฟฟี่ถั่ว กระเช้า | L131: =SUM(D131:K131) -> 0
...

Sheet รวม
B1: ยอดจริง ออนไลน์ วันที่ 14/1/68 รวม
L2: ยอดรวมผลิต | M2: ยอดฟอแคส | N2: ยอดสตอค | O2: ยอดเมโม่ | P2: ยอดฟอแคสวันพรุ่งนี้ | Q2: รวม
L3: จำนวน
B4: รหัสสินค้า | C4: สินค้า | D4: ปณ | E4: ชอปปี้ | F4: ลาซาด้า | G4: ติ๊กตอก | H4: ติ๊กตอก2 | I4: ติ๊กตอก3 | J4: ชอยส์ | K4: ยอดเส้น | L4: (กล่อง)
B6: ชิฟฟอนรวมรส
B7: 1111002 | C7: ชิฟฟอนรวมรส 8 ชิ้น | D7: ='เย็น '!D7+'เช้า '!D7+บ่าย!D7+'บ่าย (2)'!D7 -> 13 | E7: ='เย็น '!E7+'เช้า '!E7+บ่าย!E7+'บ่าย (2)'!E7 -> 19 | F7: ='เย็น '!F7+'เช้า '!F7+บ่าย!F7+'บ่าย (2)'!F7 -> 23 | G7: ='เย็น '!G7+'เช้า '!G7+บ่าย!G7+'บ่าย (2)'!G7 -> 0 | H7: ='เย็น '!H7+'เช้า '!H7+บ่าย!H7 -> 0 | I7: ='เย็น '!I7+'เช้า '!I7+บ่าย!I7 -> 0 | J7: ='เย็น '!J7+'เช้า '!J7+บ่าย!J7 -> 0 | K7: ='เย็น '!K7+'เช้า '!K7+บ่าย!K7 -> 0 | L7: =SUM(D7:K7) -> 55 | M7: 500 | N7: 1384 | Q7: =(M7+N7+O7+P7)-L7 -> 1829
C8: ชิฟฟอนแบบกล่องสุ่มอะไรก็ได้ที่มี | D8: ='เย็น '!D8+'เช้า '!D8+บ่าย!D8+'บ่าย (2)'!D8 -> 0 | E8: ='เย็น '!E8+'เช้า '!E8+บ่าย!E8+'บ่าย (2)'!E8 -> 0 | F8: ='เย็น '!F8+'เช้า '!F8+บ่าย!F8+'บ่าย (2)'!F8 -> 0 | G8: ='เย็น '!G8+'เช้า '!G8+บ่าย!G8+'บ่าย (2)'!G8 -> 0 | H8: ='เย็น '!H8+'เช้า '!H8+บ่าย!H8 -> 0 | I8: ='เย็น '!I8+'เช้า '!I8+บ่าย!I8 -> 0 | J8: ='เย็น '!J8+'เช้า '!J8+บ่าย!J8 -> 0 | K8: ='เย็น '!K8+'เช้า '!K8+บ่าย!K8 -> 0 | L8: =SUM(D8:K8) -> 0 | Q8: =(M8+N8+O8+P8)-L8 -> 0
B9: 1111084 | C9: ชิฟฟอน 8 ชิ้น กาแฟล้วน | D9: ='เย็น '!D9+'เช้า '!D9+บ่าย!D9+'บ่าย (2)'!D9 -> 0 | E9: ='เย็น '!E9+'เช้า '!E9+บ่าย!E9+'บ่าย (2)'!E9 -> 0 | F9: ='เย็น '!F9+'เช้า '!F9+บ่าย!F9+'บ่าย (2)'!F9 -> 0 | G9: ='เย็น '!G9+'เช้า '!G9+บ่าย!G9+'บ่าย (2)'!G9 -> 0 | H9: ='เย็น '!H9+'เช้า '!H9+บ่าย!H9 -> 0 | I9: ='เย็น '!I9+'เช้า '!I9+บ่าย!I9 -> 0 | J9: ='เย็น '!J9+'เช้า '!J9+บ่าย!J9 -> 0 | K9: ='เย็น '!K9+'เช้า '!K9+บ่าย!K9 -> 0 | L9: =SUM(D9:K9) -> 0 | Q9: =(M9+N9+O9+P9)-L9 -> 0
B10: 1111085 | C10: ชิฟฟอน 8 ชิ้น บลูเบอรี่ล้วน | D10: ='เย็น '!D10+'เช้า '!D10+บ่าย!D10+'บ่าย (2)'!D10 -> 0 | E10: ='เย็น '!E10+'เช้า '!E10+บ่าย!E10+'บ่าย (2)'!E10 -> 0 | F10: ='เย็น '!F10+'เช้า '!F10+บ่าย!F10+'บ่าย (2)'!F10 -> 0 | G10: ='เย็น '!G10+'เช้า '!G10+บ่าย!G10+'บ่าย (2)'!G10 -> 0 | H10: ='เย็น '!H10+'เช้า '!H10+บ่าย!H10 -> 0 | I10: ='เย็น '!I10+'เช้า '!I10+บ่าย!I10 -> 0 | J10: ='เย็น '!J10+'เช้า '!J10+บ่าย!J10 -> 0 | K10: ='เย็น '!K10+'เช้า '!K10+บ่าย!K10 -> 0 | L10: =SUM(D10:K10) -> 0 | Q10: =(M10+N10+O10+P10)-L10 -> 0
B11: 1111086 | C11: ชิฟฟอน 8 ชิ้น มะพร้าวล้วน | D11: ='เย็น '!D11+'เช้า '!D11+บ่าย!D11+'บ่าย (2)'!D11 -> 0 | E11: ='เย็น '!E11+'เช้า '!E11+บ่าย!E11+'บ่าย (2)'!E11 -> 0 | F11: ='เย็น '!F11+'เช้า '!F11+บ่าย!F11+'บ่าย (2)'!F11 -> 0 | G11: ='เย็น '!G11+'เช้า '!G11+บ่าย!G11+'บ่าย (2)'!G11 -> 0 | H11: ='เย็น '!H11+'เช้า '!H11+บ่าย!H11 -> 0 | I11: ='เย็น '!I11+'เช้า '!I11+บ่าย!I11 -> 0 | J11: ='เย็น '!J11+'เช้า '!J11+บ่าย!J11 -> 0 | K11: ='เย็น '!K11+'เช้า '!K11+บ่าย!K11 -> 0 | L11: =SUM(D11:K11) -> 0 | Q11: =(M11+N11+O11+P11)-L11 -> 0
B12: 1111087 | C12: ชิฟฟอน 8 ชิ้น สตอเบอรี่ล้วน | D12: ='เย็น '!D12+'เช้า '!D12+บ่าย!D12+'บ่าย (2)'!D12 -> 0 | E12: ='เย็น '!E12+'เช้า '!E12+บ่าย!E12+'บ่าย (2)'!E12 -> 0 | F12: ='เย็น '!F12+'เช้า '!F12+บ่าย!F12+'บ่าย (2)'!F12 -> 0 | G12: ='เย็น '!G12+'เช้า '!G12+บ่าย!G12+'บ่าย (2)'!G12 -> 0 | H12: ='เย็น '!H12+'เช้า '!H12+บ่าย!H12 -> 0 | I12: ='เย็น '!I12+'เช้า '!I12+บ่าย!I12 -> 0 | J12: ='เย็น '!J12+'เช้า '!J12+บ่าย!J12 -> 0 | K12: ='เย็น '!K12+'เช้า '!K12+บ่าย!K12 -> 0 | L12: =SUM(D12:K12) -> 0 | Q12: =(M12+N12+O12+P12)-L12 -> 0
B13: 1111088 | C13: ชิฟฟอน 8 ชิ้น ส้มล้วน | D13: ='เย็น '!D13+'เช้า '!D13+บ่าย!D13+'บ่าย (2)'!D13 -> 0 | E13: ='เย็น '!E13+'เช้า '!E13+บ่าย!E13+'บ่าย (2)'!E13 -> 0 | F13: ='เย็น '!F13+'เช้า '!F13+บ่าย!F13+'บ่าย (2)'!F13 -> 0 | G13: ='เย็น '!G13+'เช้า '!G13+บ่าย!G13+'บ่าย (2)'!G13 -> 0 | H13: ='เย็น '!H13+'เช้า '!H13+บ่าย!H13 -> 0 | I13: ='เย็น '!I13+'เช้า '!I13+บ่าย!I13 -> 0 | J13: ='เย็น '!J13+'เช้า '!J13+บ่าย!J13 -> 0 | K13: ='เย็น '!K13+'เช้า '!K13+บ่าย!K13 -> 0 | L13: =SUM(D13:K13) -> 0 | Q13: =(M13+N13+O13+P13)-L13 -> 0
B14: 1111089 | C14: ชิฟฟอน 8 ชิ้น เนยล้วน | D14: ='เย็น '!D14+'เช้า '!D14+บ่าย!D14+'บ่าย (2)'!D14 -> 0 | E14: ='เย็น '!E14+'เช้า '!E14+บ่าย!E14+'บ่าย (2)'!E14 -> 0 | F14: ='เย็น '!F14+'เช้า '!F14+บ่าย!F14+'บ่าย (2)'!F14 -> 0 | G14: ='เย็น '!G14+'เช้า '!G14+บ่าย!G14+'บ่าย (2)'!G14 -> 0 | H14: ='เย็น '!H14+'เช้า '!H14+บ่าย!H14 -> 0 | I14: ='เย็น '!I14+'เช้า '!I14+บ่าย!I14 -> 0 | J14: ='เย็น '!J14+'เช้า '!J14+บ่าย!J14 -> 0 | K14: ='เย็น '!K14+'เช้า '!K14+บ่าย!K14 -> 0 | L14: =SUM(D14:K14) -> 0 | Q14: =(M14+N14+O14+P14)-L14 -> 0
B15: 1111090 | C15: ชิฟฟอน 8 ชิ้น เผือกล้วน | D15: ='เย็น '!D15+'เช้า '!D15+บ่าย!D15+'บ่าย (2)'!D15 -> 0 | E15: ='เย็น '!E15+'เช้า '!E15+บ่าย!E15+'บ่าย (2)'!E15 -> 0 | F15: ='เย็น '!F15+'เช้า '!F15+บ่าย!F15+'บ่าย (2)'!F15 -> 0 | G15: ='เย็น '!G15+'เช้า '!G15+บ่าย!G15+'บ่าย (2)'!G15 -> 0 | H15: ='เย็น '!H15+'เช้า '!H15+บ่าย!H15 -> 0 | I15: ='เย็น '!I15+'เช้า '!I15+บ่าย!I15 -> 0 | J15: ='เย็น '!J15+'เช้า '!J15+บ่าย!J15 -> 0 | K15: ='เย็น '!K15+'เช้า '!K15+บ่าย!K15 -> 0 | L15: =SUM(D15:K15) -> 0 | Q15: =(M15+N15+O15+P15)-L15 -> 0
B16: 1111091 | C16: ชิฟฟอน 8 ชิ้น ใบเตยล้วน | D16: ='เย็น '!D16+'เช้า '!D16+บ่าย!D16+'บ่าย (2)'!D16 -> 0 | E16: ='เย็น '!E16+'เช้า '!E16+บ่าย!E16+'บ่าย (2)'!E16 -> 0 | F16: ='เย็น '!F16+'เช้า '!F16+บ่าย!F16+'บ่าย (2)'!F16 -> 0 | G16: ='เย็น '!G16+'เช้า '!G16+บ่าย!G16+'บ่าย (2)'!G16 -> 0 | H16: ='เย็น '!H16+'เช้า '!H16+บ่าย!H16 -> 0 | I16: ='เย็น '!I16+'เช้า '!I16+บ่าย!I16 -> 0 | J16: ='เย็น '!J16+'เช้า '!J16+บ่าย!J16 -> 0 | K16: ='เย็น '!K16+'เช้า '!K16+บ่าย!K16 -> 0 | L16: =SUM(D16:K16) -> 0 | Q16: =(M16+N16+O16+P16)-L16 -> 0
B17: 1111092 | C17: ชิฟฟอน 8 ชิ้น กล้วยหอม | D17: ='เย็น '!D17+'เช้า '!D17+บ่าย!D17+'บ่าย (2)'!D17 -> 0 | E17: ='เย็น '!E17+'เช้า '!E17+บ่าย!E17+'บ่าย (2)'!E17 -> 0 | F17: ='เย็น '!F17+'เช้า '!F17+บ่าย!F17+'บ่าย (2)'!F17 -> 0 | G17: ='เย็น '!G17+'เช้า '!G17+บ่าย!G17+'บ่าย (2)'!G17 -> 0 | H17: ='เย็น '!H17+'เช้า '!H17+บ่าย!H17 -> 0 | I17: ='เย็น '!I17+'เช้า '!I17+บ่าย!I17 -> 0 | J17: ='เย็น '!J17+'เช้า '!J17+บ่าย!J17 -> 0 | K17: ='เย็น '!K17+'เช้า '!K17+บ่าย!K17 -> 0 | L17: =SUM(D17:K17) -> 0 | Q17: =(M17+N17+O17+P17)-L17 -> 0
B18: 1111093 | C18: ชิฟฟอน 8 ชิ้น โกโก้ล้วน | D18: ='เย็น '!D18+'เช้า '!D18+บ่าย!D18+'บ่าย (2)'!D18 -> 0 | E18: ='เย็น '!E18+'เช้า '!E18+บ่าย!E18+'บ่าย (2)'!E18 -> 0 | F18: ='เย็น '!F18+'เช้า '!F18+บ่าย!F18+'บ่าย (2)'!F18 -> 0 | G18: ='เย็น '!G18+'เช้า '!G18+บ่าย!G18+'บ่าย (2)'!G18 -> 0 | H18: ='เย็น '!H18+'เช้า '!H18+บ่าย!H18 -> 0 | I18: ='เย็น '!I18+'เช้า '!I18+บ่าย!I18 -> 0 | J18: ='เย็น '!J18+'เช้า '!J18+บ่าย!J18 -> 0 | K18: ='เย็น '!K18+'เช้า '!K18+บ่าย!K18 -> 0 | L18: =SUM(D18:K18) -> 0 | Q18: =(M18+N18+O18+P18)-L18 -> 0
B19: 1111094 | C19: ชิฟฟอน 8 ชิ้น ชาไทยล้วน | D19: ='เย็น '!D19+'เช้า '!D19+บ่าย!D19+'บ่าย (2)'!D19 -> 0 | E19: ='เย็น '!E19+'เช้า '!E19+บ่าย!E19+'บ่าย (2)'!E19 -> 0 | F19: ='เย็น '!F19+'เช้า '!F19+บ่าย!F19+'บ่าย (2)'!F19 -> 0 | G19: ='เย็น '!G19+'เช้า '!G19+บ่าย!G19+'บ่าย (2)'!G19 -> 0 | H19: ='เย็น '!H19+'เช้า '!H19+บ่าย!H19 -> 0 | I19: ='เย็น '!I19+'เช้า '!I19+บ่าย!I19 -> 0 | J19: ='เย็น '!J19+'เช้า '!J19+บ่าย!J19 -> 0 | K19: ='เย็น '!K19+'เช้า '!K19+บ่าย!K19 -> 0 | L19: =SUM(D19:K19) -> 0 | Q19: =(M19+N19+O19+P19)-L19 -> 0
B20: 1111095 | C20: ชิฟฟอน 8 ชิ้น ชาเขียวล้วน | D20: ='เย็น '!D20+'เช้า '!D20+บ่าย!D20+'บ่าย (2)'!D20 -> 0 | E20: ='เย็น '!E20+'เช้า '!E20+บ่าย!E20+'บ่าย (2)'!E20 -> 0 | F20: ='เย็น '!F20+'เช้า '!F20+บ่าย!F20+'บ่าย (2)'!F20 -> 0 | G20: ='เย็น '!G20+'เช้า '!G20+บ่าย!G20+'บ่าย (2)'!G20 -> 0 | H20: ='เย็น '!H20+'เช้า '!H20+บ่าย!H20 -> 0 | I20: ='เย็น '!I20+'เช้า '!I20+บ่าย!I20 -> 0 | J20: ='เย็น '!J20+'เช้า '!J20+บ่าย!J20 -> 0 | K20: ='เย็น '!K20+'เช้า '!K20+บ่าย!K20 -> 0 | L20: =SUM(D20:K20) -> 0 | Q20: =(M20+N20+O20+P20)-L20 -> 0
... B24: 1111043 | C24: ชิฟฟอน 8 ชิ้น มะลิ | D24: ='เย็น '!D24+'เช้า '!D24+บ่าย!D24+'บ่าย (2)'!D24 -> 0 | E24: ='เย็น '!E24+'เช้า '!E24+บ่าย!E24+'บ่าย (2)'!E24 -> 0 | F24: ='เย็น '!F24+'เช้า '!F24+บ่าย!F24+'บ่าย (2)'!F24 -> 0 | G24: ='เย็น '!G24+'เช้า '!G24+บ่าย!G24+'บ่าย (2)'!G24 -> 0 | H24: ='เย็น '!H24+'เช้า '!H24+บ่าย!H24 -> 0 | I24: ='เย็น '!I24+'เช้า '!I24+บ่าย!I24 -> 0 | J24: ='เย็น '!J24+'เช้า '!J24+บ่าย!J24 -> 0 | K24: ='เย็น '!K24+'เช้า '!K24+บ่าย!K24 -> 0 | L24: =SUM(D24:K24) -> 0 | Q24: =(M24+N24+O24+P24)-L24 -> 0
B25: 1111056 | C25: ชิฟฟอน 8 ชิ้น รวมรสยอดฮิต | D25: ='เย็น '!D25+'เช้า '!D25+บ่าย!D25+'บ่าย (2)'!D25 -> 7 | E25: ='เย็น '!E25+'เช้า '!E25+บ่าย!E25+'บ่าย (2)'!E25 -> 3 | F25: ='เย็น '!F25+'เช้า '!F25+บ่าย!F25+'บ่าย (2)'!F25 -> 6 | G25: ='เย็น '!G25+'เช้า '!G25+บ่าย!G25+'บ่าย (2)'!G25 -> 0 | H25: ='เย็น '!H25+'เช้า '!H25+บ่าย!H25 -> 0 | I25: ='เย็น '!I25+'เช้า '!I25+บ่าย!I25 -> 0 | J25: ='เย็น '!J25+'เช้า '!J25+บ่าย!J25 -> 0 | K25: ='เย็น '!K25+'เช้า '!K25+บ่าย!K25 -> 0 | L25: =SUM(D25:K25) -> 16 | M25: 80 | N25: 99 | Q25: =(M25+N25+O25+P25)-L25 -> 163
B26: 1004055 | C26: ชิฟฟอนรวมรส 4 ชิ้น | D26: ='เย็น '!D26+'เช้า '!D26+บ่าย!D26+'บ่าย (2)'!D26 -> 13 | E26: ='เย็น '!E26+'เช้า '!E26+บ่าย!E26+'บ่าย (2)'!E26 -> 21 | F26: ='เย็น '!F26+'เช้า '!F26+บ่าย!F26+'บ่าย (2)'!F26 -> 5 | G26: ='เย็น '!G26+'เช้า '!G26+บ่าย!G26+'บ่าย (2)'!G26 -> 138 | H26: ='เย็น '!H26+'เช้า '!H26+บ่าย!H26 -> 0 | I26: ='เย็น '!I26+'เช้า '!I26+บ่าย!I26 -> 0 | J26: ='เย็น '!J26+'เช้า '!J26+บ่าย!J26 -> 0 | K26: ='เย็น '!K26+'เช้า '!K26+บ่าย!K26 -> 0 | L26: =SUM(D26:K26) -> 177 | M26: 500 | N26: 645 | Q26: =(M26+N26+O26+P26)-L26 -> 968
B27: 1004055 | C27: ชิฟฟอน 4 ชิ้น โกโก้ล้วน | D27: ='เย็น '!D27+'เช้า '!D27+บ่าย!D27+'บ่าย (2)'!D27 -> 0 | E27: ='เย็น '!E27+'เช้า '!E27+บ่าย!E27+'บ่าย (2)'!E27 -> 0 | F27: ='เย็น '!F27+'เช้า '!F27+บ่าย!F27+'บ่าย (2)'!F27 -> 0 | G27: ='เย็น '!G27+'เช้า '!G27+บ่าย!G27+'บ่าย (2)'!G27 -> 0 | H27: ='เย็น '!H27+'เช้า '!H27+บ่าย!H27 -> 0 | I27: ='เย็น '!I27+'เช้า '!I27+บ่าย!I27 -> 0 | J27: ='เย็น '!J27+'เช้า '!J27+บ่าย!J27 -> 0 | K27: ='เย็น '!K27+'เช้า '!K27+บ่าย!K27 -> 0 | L27: =SUM(D27:K27) -> 0 | Q27: =(M27+N27+O27+P27)-L27 -> 0
B28: 1004055 | C28: ชิฟฟอน 4 ชิ้น มะพร้าวล้วน | D28: ='เย็น '!D28+'เช้า '!D28+บ่าย!D28+'บ่าย (2)'!D28 -> 0 | E28: ='เย็น '!E28+'เช้า '!E28+บ่าย!E28+'บ่าย (2)'!E28 -> 0 | F28: ='เย็น '!F28+'เช้า '!F28+บ่าย!F28+'บ่าย (2)'!F28 -> 0 | G28: ='เย็น '!G28+'เช้า '!G28+บ่าย!G28+'บ่าย (2)'!G28 -> 0 | H28: ='เย็น '!H28+'เช้า '!H28+บ่าย!H28 -> 0 | I28: ='เย็น '!I28+'เช้า '!I28+บ่าย!I28 -> 0 | J28: ='เย็น '!J28+'เช้า '!J28+บ่าย!J28 -> 0 | K28: ='เย็น '!K28+'เช้า '!K28+บ่าย!K28 -> 0 | L28: =SUM(D28:K28) -> 0 | Q28: =(M28+N28+O28+P28)-L28 -> 0
B29: 1004055 | C29: ชิฟฟอน 4 ชิ้น เนยล้วน | D29: ='เย็น '!D29+'เช้า '!D29+บ่าย!D29+'บ่าย (2)'!D29 -> 0 | E29: ='เย็น '!E29+'เช้า '!E29+บ่าย!E29+'บ่าย (2)'!E29 -> 0 | F29: ='เย็น '!F29+'เช้า '!F29+บ่าย!F29+'บ่าย (2)'!F29 -> 0 | G29: ='เย็น '!G29+'เช้า '!G29+บ่าย!G29+'บ่าย (2)'!G29 -> 0 | H29: ='เย็น '!H29+'เช้า '!H29+บ่าย!H29 -> 0 | I29: ='เย็น '!I29+'เช้า '!I29+บ่าย!I29 -> 0 | J29: ='เย็น '!J29+'เช้า '!J29+บ่าย!J29 -> 0 | K29: ='เย็น '!K29+'เช้า '!K29+บ่าย!K29 -> 0 | L29: =SUM(D29:K29) -> 0 | Q29: =(M29+N29+O29+P29)-L29 -> 0
B30: 1004055 | C30: ชิฟฟอน 4 ชิ้น กาแฟล้วน | D30: ='เย็น '!D30+'เช้า '!D30+บ่าย!D30+'บ่าย (2)'!D30 -> 0 | E30: ='เย็น '!E30+'เช้า '!E30+บ่าย!E30+'บ่าย (2)'!E30 -> 0 | F30: ='เย็น '!F30+'เช้า '!F30+บ่าย!F30+'บ่าย (2)'!F30 -> 0 | G30: ='เย็น '!G30+'เช้า '!G30+บ่าย!G30+'บ่าย (2)'!G30 -> 0 | H30: ='เย็น '!H30+'เช้า '!H30+บ่าย!H30 -> 0 | I30: ='เย็น '!I30+'เช้า '!I30+บ่าย!I30 -> 0 | J30: ='เย็น '!J30+'เช้า '!J30+บ่าย!J30 -> 0 | K30: ='เย็น '!K30+'เช้า '!K30+บ่าย!K30 -> 0 | L30: =SUM(D30:K30) -> 0 | Q30: =(M30+N30+O30+P30)-L30 -> 0
B31: 1004055 | C31: ชิฟฟอน 4 ชิ้น ใบเตยล้วน | D31: ='เย็น '!D31+'เช้า '!D31+บ่าย!D31+'บ่าย (2)'!D31 -> 0 | E31: ='เย็น '!E31+'เช้า '!E31+บ่าย!E31+'บ่าย (2)'!E31 -> 0 | F31: ='เย็น '!F31+'เช้า '!F31+บ่าย!F31+'บ่าย (2)'!F31 -> 0 | G31: ='เย็น '!G31+'เช้า '!G31+บ่าย!G31+'บ่าย (2)'!G31 -> 0 | H31: ='เย็น '!H31+'เช้า '!H31+บ่าย!H31 -> 0 | I31: ='เย็น '!I31+'เช้า '!I31+บ่าย!I31 -> 0 | J31: ='เย็น '!J31+'เช้า '!J31+บ่าย!J31 -> 0 | K31: ='เย็น '!K31+'เช้า '!K31+บ่าย!K31 -> 0 | L31: =SUM(D31:K31) -> 0 | Q31: =(M31+N31+O31+P31)-L31 -> 0
B32: 1004055 | C32: ชิฟฟอน 4 ชิ้น บลูเบอร์รี่ล้วน | D32: ='เย็น '!D32+'เช้า '!D32+บ่าย!D32+'บ่าย (2)'!D32 -> 0 | E32: ='เย็น '!E32+'เช้า '!E32+บ่าย!E32+'บ่าย (2)'!E32 -> 0 | F32: ='เย็น '!F32+'เช้า '!F32+บ่าย!F32+'บ่าย (2)'!F32 -> 0 | G32: ='เย็น '!G32+'เช้า '!G32+บ่าย!G32+'บ่าย (2)'!G32 -> 0 | H32: ='เย็น '!H32+'เช้า '!H32+บ่าย!H32 -> 0 | I32: ='เย็น '!I32+'เช้า '!I32+บ่าย!I32 -> 0 | J32: ='เย็น '!J32+'เช้า '!J32+บ่าย!J32 -> 0 | K32: ='เย็น '!K32+'เช้า '!K32+บ่าย!K32 -> 0 | L32: =SUM(D32:K32) -> 0 | Q32: =(M32+N32+O32+P32)-L32 -> 0
B33: 1004055 | C33: ชิฟฟอน 4 ชิ้น ส้มล้วน | D33: ='เย็น '!D33+'เช้า '!D33+บ่าย!D33+'บ่าย (2)'!D33 -> 0 | E33: ='เย็น '!E33+'เช้า '!E33+บ่าย!E33+'บ่าย (2)'!E33 -> 0 | F33: ='เย็น '!F33+'เช้า '!F33+บ่าย!F33+'บ่าย (2)'!F33 -> 0 | G33: ='เย็น '!G33+'เช้า '!G33+บ่าย!G33+'บ่าย (2)'!G33 -> 0 | H33: ='เย็น '!H33+'เช้า '!H33+บ่าย!H33 -> 0 | I33: ='เย็น '!I33+'เช้า '!I33+บ่าย!I33 -> 0 | J33: ='เย็น '!J33+'เช้า '!J33+บ่าย!J33 -> 0 | K33: ='เย็น '!K33+'เช้า '!K33+บ่าย!K33 -> 0 | L33: =SUM(D33:K33) -> 0 | Q33: =(M33+N33+O33+P33)-L33 -> 0
B34: 1004055 | C34: ชิฟฟอน 4 ชิ้น เผือกล้วน | D34: ='เย็น '!D34+'เช้า '!D34+บ่าย!D34+'บ่าย (2)'!D34 -> 0 | E34: ='เย็น '!E34+'เช้า '!E34+บ่าย!E34+'บ่าย (2)'!E34 -> 0 | F34: ='เย็น '!F34+'เช้า '!F34+บ่าย!F34+'บ่าย (2)'!F34 -> 0 | G34: ='เย็น '!G34+'เช้า '!G34+บ่าย!G34+'บ่าย (2)'!G34 -> 0 | H34: ='เย็น '!H34+'เช้า '!H34+บ่าย!H34 -> 0 | I34: ='เย็น '!I34+'เช้า '!I34+บ่าย!I34 -> 0 | J34: ='เย็น '!J34+'เช้า '!J34+บ่าย!J34 -> 0 | K34: ='เย็น '!K34+'เช้า '!K34+บ่าย!K34 -> 0 | L34: =SUM(D34:K34) -> 0 | Q34: =(M34+N34+O34+P34)-L34 -> 0
B35: 1004055 | C35: ชิฟฟอน 4 ชิ้น สตอเบอรี่ล้วน | D35: ='เย็น '!D35+'เช้า '!D35+บ่าย!D35+'บ่าย (2)'!D35 -> 0 | E35: ='เย็น '!E35+'เช้า '!E35+บ่าย!E35+'บ่าย (2)'!E35 -> 0 | F35: ='เย็น '!F35+'เช้า '!F35+บ่าย!F35+'บ่าย (2)'!F35 -> 0 | G35: ='เย็น '!G35+'เช้า '!G35+บ่าย!G35+'บ่าย (2)'!G35 -> 0 | H35: ='เย็น '!H35+'เช้า '!H35+บ่าย!H35 -> 0 | I35: ='เย็น '!I35+'เช้า '!I35+บ่าย!I35 -> 0 | J35: ='เย็น '!J35+'เช้า '!J35+บ่าย!J35 -> 0 | K35: ='เย็น '!K35+'เช้า '!K35+บ่าย!K35 -> 0 | L35: =SUM(D35:K35) -> 0 | Q35: =(M35+N35+O35+P35)-L35 -> 0
B36: 1004055 | C36: ชิฟฟอน 4 ชิ้น กล้วยหอมล้วน | D36: ='เย็น '!D36+'เช้า '!D36+บ่าย!D36+'บ่าย (2)'!D36 -> 0 | E36: ='เย็น '!E36+'เช้า '!E36+บ่าย!E36+'บ่าย (2)'!E36 -> 0 | F36: ='เย็น '!F36+'เช้า '!F36+บ่าย!F36+'บ่าย (2)'!F36 -> 0 | G36: ='เย็น '!G36+'เช้า '!G36+บ่าย!G36+'บ่าย (2)'!G36 -> 0 | H36: ='เย็น '!H36+'เช้า '!H36+บ่าย!H36 -> 0 | I36: ='เย็น '!I36+'เช้า '!I36+บ่าย!I36 -> 0 | J36: ='เย็น '!J36+'เช้า '!J36+บ่าย!J36 -> 0 | K36: ='เย็น '!K36+'เช้า '!K36+บ่าย!K36 -> 0 | L36: =SUM(D36:K36) -> 0 | Q36: =(M36+N36+O36+P36)-L36 -> 0
B37: 1004055 | C37: ชิฟฟอน 4 ชิ้น ชาเขียวล้วน | D37: ='เย็น '!D37+'เช้า '!D37+บ่าย!D37+'บ่าย (2)'!D37 -> 0 | E37: ='เย็น '!E37+'เช้า '!E37+บ่าย!E37+'บ่าย (2)'!E37 -> 0 | F37: ='เย็น '!F37+'เช้า '!F37+บ่าย!F37+'บ่าย (2)'!F37 -> 0 | G37: ='เย็น '!G37+'เช้า '!G37+บ่าย!G37+'บ่าย (2)'!G37 -> 0 | H37: ='เย็น '!H37+'เช้า '!H37+บ่าย!H37 -> 0 | I37: ='เย็น '!I37+'เช้า '!I37+บ่าย!I37 -> 0 | J37: ='เย็น '!J37+'เช้า '!J37+บ่าย!J37 -> 0 | K37: ='เย็น '!K37+'เช้า '!K37+บ่าย!K37 -> 0 | L37: =SUM(D37:K37) -> 0 | Q37: =(M37+N37+O37+P37)-L37 -> 0
B38: 1004055 | C38: ชิฟฟอน 4 ชิ้น ชาไทยล้วน | D38: ='เย็น '!D38+'เช้า '!D38+บ่าย!D38+'บ่าย (2)'!D38 -> 0 | E38: ='เย็น '!E38+'เช้า '!E38+บ่าย!E38+'บ่าย (2)'!E38 -> 0 | F38: ='เย็น '!F38+'เช้า '!F38+บ่าย!F38+'บ่าย (2)'!F38 -> 0 | G38: ='เย็น '!G38+'เช้า '!G38+บ่าย!G38+'บ่าย (2)'!G38 -> 0 | H38: ='เย็น '!H38+'เช้า '!H38+บ่าย!H38 -> 0 | I38: ='เย็น '!I38+'เช้า '!I38+บ่าย!I38 -> 0 | J38: ='เย็น '!J38+'เช้า '!J38+บ่าย!J38 -> 0 | K38: ='เย็น '!K38+'เช้า '!K38+บ่าย!K38 -> 0 | L38: =SUM(D38:K38) -> 0 | Q38: =(M38+N38+O38+P38)-L38 -> 0
B39: 1004055 | C39: ชิฟฟอน 4 ชิ้น สับปะรดล้วน | D39: ='เย็น '!D39+'เช้า '!D39+บ่าย!D39+'บ่าย (2)'!D39 -> 0 | E39: ='เย็น '!E39+'เช้า '!E39+บ่าย!E39+'บ่าย (2)'!E39 -> 0 | F39: ='เย็น '!F39+'เช้า '!F39+บ่าย!F39+'บ่าย (2)'!F39 -> 0 | G39: ='เย็น '!G39+'เช้า '!G39+บ่าย!G39+'บ่าย (2)'!G39 -> 0 | H39: ='เย็น '!H39+'เช้า '!H39+บ่าย!H39 -> 0 | I39: ='เย็น '!I39+'เช้า '!I39+บ่าย!I39 -> 0 | J39: ='เย็น '!J39+'เช้า '!J39+บ่าย!J39 -> 0 | K39: ='เย็น '!K39+'เช้า '!K39+บ่าย!K39 -> 0 | L39: =SUM(D39:K39) -> 0 | Q39: =(M39+N39+O39+P39)-L39 -> 0
B40: 1111057 | C40: ชิฟฟอนแยกชิ้น กาแฟ | D40: ='เย็น '!D40+'เช้า '!D40+บ่าย!D40+'บ่าย (2)'!D40 -> 0 | E40: ='เย็น '!E40+'เช้า '!E40+บ่าย!E40+'บ่าย (2)'!E40 -> 0 | F40: ='เย็น '!F40+'เช้า '!F40+บ่าย!F40+'บ่าย (2)'!F40 -> 2 | G40: ='เย็น '!G40+'เช้า '!G40+บ่าย!G40+'บ่าย (2)'!G40 -> 0 | H40: ='เย็น '!H40+'เช้า '!H40+บ่าย!H40 -> 0 | I40: ='เย็น '!I40+'เช้า '!I40+บ่าย!I40 -> 0 | J40: ='เย็น '!J40+'เช้า '!J40+บ่าย!J40 -> 0 | K40: ='เย็น '!K40+'เช้า '!K40+บ่าย!K40 -> 0 | L40: =SUM(D40:K40) -> 2 | M40: 100 | N40: 195 | Q40: =(M40+N40+O40+P40)-L40 -> 293
B41: 1111058 | C41: ชิฟฟอนแยกชิ้น ชาเขียว | D41: ='เย็น '!D41+'เช้า '!D41+บ่าย!D41+'บ่าย (2)'!D41 -> 0 | E41: ='เย็น '!E41+'เช้า '!E41+บ่าย!E41+'บ่าย (2)'!E41 -> 0 | F41: ='เย็น '!F41+'เช้า '!F41+บ่าย!F41+'บ่าย (2)'!F41 -> 0 | G41: ='เย็น '!G41+'เช้า '!G41+บ่าย!G41+'บ่าย (2)'!G41 -> 0 | H41: ='เย็น '!H41+'เช้า '!H41+บ่าย!H41 -> 0 | I41: ='เย็น '!I41+'เช้า '!I41+บ่าย!I41 -> 0 | J41: ='เย็น '!J41+'เช้า '!J41+บ่าย!J41 -> 0 | K41: ='เย็น '!K41+'เช้า '!K41+บ่าย!K41 -> 0 | L41: =SUM(D41:K41) -> 0 | Q41: =(M41+N41+O41+P41)-L41 -> 0
B42: 1111059 | C42: ชิฟฟอนแยกชิ้น ใบเตย | D42: ='เย็น '!D42+'เช้า '!D42+บ่าย!D42+'บ่าย (2)'!D42 -> 0 | E42: ='เย็น '!E42+'เช้า '!E42+บ่าย!E42+'บ่าย (2)'!E42 -> 0 | F42: ='เย็น '!F42+'เช้า '!F42+บ่าย!F42+'บ่าย (2)'!F42 -> 0 | G42: ='เย็น '!G42+'เช้า '!G42+บ่าย!G42+'บ่าย (2)'!G42 -> 0 | H42: ='เย็น '!H42+'เช้า '!H42+บ่าย!H42 -> 0 | I42: ='เย็น '!I42+'เช้า '!I42+บ่าย!I42 -> 0 | J42: ='เย็น '!J42+'เช้า '!J42+บ่าย!J42 -> 0 | K42: ='เย็น '!K42+'เช้า '!K42+บ่าย!K42 -> 0 | L42: =SUM(D42:K42) -> 0 | M42: 100 | N42: 199 | Q42: =(M42+N42+O42+P42)-L42 -> 299
B43: 1111060 | C43: ชิฟฟอนแยกชิ้น กล้วยหอม | D43: ='เย็น '!D43+'เช้า '!D43+บ่าย!D43+'บ่าย (2)'!D43 -> 0 | E43: ='เย็น '!E43+'เช้า '!E43+บ่าย!E43+'บ่าย (2)'!E43 -> 0 | F43: ='เย็น '!F43+'เช้า '!F43+บ่าย!F43+'บ่าย (2)'!F43 -> 0 | G43: ='เย็น '!G43+'เช้า '!G43+บ่าย!G43+'บ่าย (2)'!G43 -> 0 | H43: ='เย็น '!H43+'เช้า '!H43+บ่าย!H43 -> 0 | I43: ='เย็น '!I43+'เช้า '!I43+บ่าย!I43 -> 0 | J43: ='เย็น '!J43+'เช้า '!J43+บ่าย!J43 -> 0 | K43: ='เย็น '!K43+'เช้า '!K43+บ่าย!K43 -> 0 | L43: =SUM(D43:K43) -> 0 | N43: 229 | Q43: =(M43+N43+O43+P43)-L43 -> 229
B44: 1111061 | C44: ชิฟฟอนแยกชิ้น ชาไทย | D44: ='เย็น '!D44+'เช้า '!D44+บ่าย!D44+'บ่าย (2)'!D44 -> 0 | E44: ='เย็น '!E44+'เช้า '!E44+บ่าย!E44+'บ่าย (2)'!E44 -> 0 | F44: ='เย็น '!F44+'เช้า '!F44+บ่าย!F44+'บ่าย (2)'!F44 -> 0 | G44: ='เย็น '!G44+'เช้า '!G44+บ่าย!G44+'บ่าย (2)'!G44 -> 0 | H44: ='เย็น '!H44+'เช้า '!H44+บ่าย!H44 -> 0 | I44: ='เย็น '!I44+'เช้า '!I44+บ่าย!I44 -> 0 | J44: ='เย็น '!J44+'เช้า '!J44+บ่าย!J44 -> 0 | K44: ='เย็น '!K44+'เช้า '!K44+บ่าย!K44 -> 0 | L44: =SUM(D44:K44) -> 0 | M44: 100 | N44: 198 | Q44: =(M44+N44+O44+P44)-L44 -> 298
B45: 1111062 | C45: ชิฟฟอนแยกชิ้น โกโก้ | D45: ='เย็น '!D45+'เช้า '!D45+บ่าย!D45+'บ่าย (2)'!D45 -> 0 | E45: ='เย็น '!E45+'เช้า '!E45+บ่าย!E45+'บ่าย (2)'!E45 -> 0 | F45: ='เย็น '!F45+'เช้า '!F45+บ่าย!F45+'บ่าย (2)'!F45 -> 0 | G45: ='เย็น '!G45+'เช้า '!G45+บ่าย!G45+'บ่าย (2)'!G45 -> 0 | H45: ='เย็น '!H45+'เช้า '!H45+บ่าย!H45 -> 0 | I45: ='เย็น '!I45+'เช้า '!I45+บ่าย!I45 -> 0 | J45: ='เย็น '!J45+'เช้า '!J45+บ่าย!J45 -> 0 | K45: ='เย็น '!K45+'เช้า '!K45+บ่าย!K45 -> 0 | L45: =SUM(D45:K45) -> 0 | N45: 98 | Q45: =(M45+N45+O45+P45)-L45 -> 98
B46: 1111063 | C46: ชิฟฟอนแยกชิ้น ส้ม | D46: ='เย็น '!D46+'เช้า '!D46+บ่าย!D46+'บ่าย (2)'!D46 -> 0 | E46: ='เย็น '!E46+'เช้า '!E46+บ่าย!E46+'บ่าย (2)'!E46 -> 0 | F46: ='เย็น '!F46+'เช้า '!F46+บ่าย!F46+'บ่าย (2)'!F46 -> 0 | G46: ='เย็น '!G46+'เช้า '!G46+บ่าย!G46+'บ่าย (2)'!G46 -> 0 | H46: ='เย็น '!H46+'เช้า '!H46+บ่าย!H46 -> 0 | I46: ='เย็น '!I46+'เช้า '!I46+บ่าย!I46 -> 0 | J46: ='เย็น '!J46+'เช้า '!J46+บ่าย!J46 -> 0 | K46: ='เย็น '!K46+'เช้า '!K46+บ่าย!K46 -> 0 | L46: =SUM(D46:K46) -> 0 | M46: 100 | N46: 227 | Q46: =(M46+N46+O46+P46)-L46 -> 327
B47: 1111064 | C47: ชิฟฟอนแยกชิ้น เผือก | D47: ='เย็น '!D47+'เช้า '!D47+บ่าย!D47+'บ่าย (2)'!D47 -> 0 | E47: ='เย็น '!E47+'เช้า '!E47+บ่าย!E47+'บ่าย (2)'!E47 -> 0 | F47: ='เย็น '!F47+'เช้า '!F47+บ่าย!F47+'บ่าย (2)'!F47 -> 0 | G47: ='เย็น '!G47+'เช้า '!G47+บ่าย!G47+'บ่าย (2)'!G47 -> 0 | H47: ='เย็น '!H47+'เช้า '!H47+บ่าย!H47 -> 0 | I47: ='เย็น '!I47+'เช้า '!I47+บ่าย!I47 -> 0 | J47: ='เย็น '!J47+'เช้า '!J47+บ่าย!J47 -> 0 | K47: ='เย็น '!K47+'เช้า '!K47+บ่าย!K47 -> 0 | L47: =SUM(D47:K47) -> 0 | N47: 100 | Q47: =(M47+N47+O47+P47)-L47 -> 100
B48: 1111065 | C48: ชิฟฟอนแยกชิ้น สับปะรด | D48: ='เย็น '!D48+'เช้า '!D48+บ่าย!D48+'บ่าย (2)'!D48 -> 0 | E48: ='เย็น '!E48+'เช้า '!E48+บ่าย!E48+'บ่าย (2)'!E48 -> 0 | F48: ='เย็น '!F48+'เช้า '!F48+บ่าย!F48+'บ่าย (2)'!F48 -> 0 | G48: ='เย็น '!G48+'เช้า '!G48+บ่าย!G48+'บ่าย (2)'!G48 -> 0 | H48: ='เย็น '!H48+'เช้า '!H48+บ่าย!H48 -> 0 | I48: ='เย็น '!I48+'เช้า '!I48+บ่าย!I48 -> 0 | J48: ='เย็น '!J48+'เช้า '!J48+บ่าย!J48 -> 0 | K48: ='เย็น '!K48+'เช้า '!K48+บ่าย!K48 -> 0 | L48: =SUM(D48:K48) -> 0 | Q48: =(M48+N48+O48+P48)-L48 -> 0
B49: 1111066 | C49: ชิฟฟอนแยกชิ้น สตอเบอรี่ | D49: ='เย็น '!D49+'เช้า '!D49+บ่าย!D49+'บ่าย (2)'!D49 -> 0 | E49: ='เย็น '!E49+'เช้า '!E49+บ่าย!E49+'บ่าย (2)'!E49 -> 0 | F49: ='เย็น '!F49+'เช้า '!F49+บ่าย!F49+'บ่าย (2)'!F49 -> 0 | G49: ='เย็น '!G49+'เช้า '!G49+บ่าย!G49+'บ่าย (2)'!G49 -> 0 | H49: ='เย็น '!H49+'เช้า '!H49+บ่าย!H49 -> 0 | I49: ='เย็น '!I49+'เช้า '!I49+บ่าย!I49 -> 0 | J49: ='เย็น '!J49+'เช้า '!J49+บ่าย!J49 -> 0 | K49: ='เย็น '!K49+'เช้า '!K49+บ่าย!K49 -> 0 | L49: =SUM(D49:K49) -> 0 | M49: 100 | N49: 198 | Q49: =(M49+N49+O49+P49)-L49 -> 298
B50: 1111067 | C50: ชิฟฟอนแยกชิ้น มะพร้าว | D50: ='เย็น '!D50+'เช้า '!D50+บ่าย!D50+'บ่าย (2)'!D50 -> 0 | E50: ='เย็น '!E50+'เช้า '!E50+บ่าย!E50+'บ่าย (2)'!E50 -> 0 | F50: ='เย็น '!F50+'เช้า '!F50+บ่าย!F50+'บ่าย (2)'!F50 -> 0 | G50: ='เย็น '!G50+'เช้า '!G50+บ่าย!G50+'บ่าย (2)'!G50 -> 0 | H50: ='เย็น '!H50+'เช้า '!H50+บ่าย!H50 -> 0 | I50: ='เย็น '!I50+'เช้า '!I50+บ่าย!I50 -> 0 | J50: ='เย็น '!J50+'เช้า '!J50+บ่าย!J50 -> 0 | K50: ='เย็น '!K50+'เช้า '!K50+บ่าย!K50 -> 0 | L50: =SUM(D50:K50) -> 0 | M50: 100 | N50: 199 | Q50: =(M50+N50+O50+P50)-L50 -> 299
B51: 1111068 | C51: ชิฟฟอนแยกชิ้น เนย | D51: ='เย็น '!D51+'เช้า '!D51+บ่าย!D51+'บ่าย (2)'!D51 -> 0 | E51: ='เย็น '!E51+'เช้า '!E51+บ่าย!E51+'บ่าย (2)'!E51 -> 0 | F51: ='เย็น '!F51+'เช้า '!F51+บ่าย!F51+'บ่าย (2)'!F51 -> 0 | G51: ='เย็น '!G51+'เช้า '!G51+บ่าย!G51+'บ่าย (2)'!G51 -> 0 | H51: ='เย็น '!H51+'เช้า '!H51+บ่าย!H51 -> 0 | I51: ='เย็น '!I51+'เช้า '!I51+บ่าย!I51 -> 0 | J51: ='เย็น '!J51+'เช้า '!J51+บ่าย!J51 -> 0 | K51: ='เย็น '!K51+'เช้า '!K51+บ่าย!K51 -> 0 | L51: =SUM(D51:K51) -> 0 | M51: 100 | N51: 298 | Q51: =(M51+N51+O51+P51)-L51 -> 398
B52: 1111069 | C52: ชิฟฟอนแยกชิ้น บลูเบอรี่ | D52: ='เย็น '!D52+'เช้า '!D52+บ่าย!D52+'บ่าย (2)'!D52 -> 0 | E52: ='เย็น '!E52+'เช้า '!E52+บ่าย!E52+'บ่าย (2)'!E52 -> 0 | F52: ='เย็น '!F52+'เช้า '!F52+บ่าย!F52+'บ่าย (2)'!F52 -> 0 | G52: ='เย็น '!G52+'เช้า '!G52+บ่าย!G52+'บ่าย (2)'!G52 -> 0 | H52: ='เย็น '!H52+'เช้า '!H52+บ่าย!H52 -> 0 | I52: ='เย็น '!I52+'เช้า '!I52+บ่าย!I52 -> 0 | J52: ='เย็น '!J52+'เช้า '!J52+บ่าย!J52 -> 0 | K52: ='เย็น '!K52+'เช้า '!K52+บ่าย!K52 -> 0 | L52: =SUM(D52:K52) -> 0 | M52: 100 | Q52: =(M52+N52+O52+P52)-L52 -> 100
B53: 1111070 | C53: ชิฟฟอนแยกชิ้น ทุเรียน | D53: ='เย็น '!D53+'เช้า '!D53+บ่าย!D53+'บ่าย (2)'!D53 -> 0 | E53: ='เย็น '!E53+'เช้า '!E53+บ่าย!E53+'บ่าย (2)'!E53 -> 0 | F53: ='เย็น '!F53+'เช้า '!F53+บ่าย!F53+'บ่าย (2)'!F53 -> 0 | G53: ='เย็น '!G53+'เช้า '!G53+บ่าย!G53+'บ่าย (2)'!G53 -> 0 | H53: ='เย็น '!H53+'เช้า '!H53+บ่าย!H53 -> 0 | I53: ='เย็น '!I53+'เช้า '!I53+บ่าย!I53 -> 0 | J53: ='เย็น '!J53+'เช้า '!J53+บ่าย!J53 -> 0 | K53: ='เย็น '!K53+'เช้า '!K53+บ่าย!K53 -> 0 | L53: =SUM(D53:K53) -> 0 | Q53: =(M53+N53+O53+P53)-L53 -> 0
B54: 1111071 | C54: ชิฟฟอนแยกชิ้น ตาล | D54: ='เย็น '!D54+'เช้า '!D54+บ่าย!D54+'บ่าย (2)'!D54 -> 0 | E54: ='เย็น '!E54+'เช้า '!E54+บ่าย!E54+'บ่าย (2)'!E54 -> 0 | F54: ='เย็น '!F54+'เช้า '!F54+บ่าย!F54+'บ่าย (2)'!F54 -> 0 | G54: ='เย็น '!G54+'เช้า '!G54+บ่าย!G54+'บ่าย (2)'!G54 -> 0 | H54: ='เย็น '!H54+'เช้า '!H54+บ่าย!H54 -> 0 | I54: ='เย็น '!I54+'เช้า '!I54+บ่าย!I54 -> 0 | J54: ='เย็น '!J54+'เช้า '!J54+บ่าย!J54 -> 0 | K54: ='เย็น '!K54+'เช้า '!K54+บ่าย!K54 -> 0 | L54: =SUM(D54:K54) -> 0 | Q54: =(M54+N54+O54+P54)-L54 -> 0
B55: 1111001 | C55: ชิฟฟอนแยกชิ้น คละรส | D55: ='เย็น '!D55+'เช้า '!D55+บ่าย!D55+'บ่าย (2)'!D55 -> 0 | E55: ='เย็น '!E55+'เช้า '!E55+บ่าย!E55+'บ่าย (2)'!E55 -> 0 | F55: ='เย็น '!F55+'เช้า '!F55+บ่าย!F55+'บ่าย (2)'!F55 -> 0 | G55: ='เย็น '!G55+'เช้า '!G55+บ่าย!G55+'บ่าย (2)'!G55 -> 0 | H55: ='เย็น '!H55+'เช้า '!H55+บ่าย!H55 -> 0 | I55: ='เย็น '!I55+'เช้า '!I55+บ่าย!I55 -> 0 | J55: ='เย็น '!J55+'เช้า '!J55+บ่าย!J55 -> 0 | K55: ='เย็น '!K55+'เช้า '!K55+บ่าย!K55 -> 0 | L55: =SUM(D55:K55) -> 0 | Q55: =(M55+N55+O55+P55)-L55 -> 0
B56: 1111074 | C56: ชิฟฟอนไส้แยมแยกชิ้น มะพร้าว | D56: ='เย็น '!D56+'เช้า '!D56+บ่าย!D56+'บ่าย (2)'!D56 -> 0 | E56: ='เย็น '!E56+'เช้า '!E56+บ่าย!E56+'บ่าย (2)'!E56 -> 2 | F56: ='เย็น '!F56+'เช้า '!F56+บ่าย!F56+'บ่าย (2)'!F56 -> 1 | G56: ='เย็น '!G56+'เช้า '!G56+บ่าย!G56+'บ่าย (2)'!G56 -> 3 | H56: ='เย็น '!H56+'เช้า '!H56+บ่าย!H56 -> 0 | I56: ='เย็น '!I56+'เช้า '!I56+บ่าย!I56 -> 0 | J56: ='เย็น '!J56+'เช้า '!J56+บ่าย!J56 -> 0 | K56: ='เย็น '!K56+'เช้า '!K56+บ่าย!K56 -> 0 | L56: =SUM(D56:K56) -> 6 | M56: 200 | N56: 242 | Q56: =(M56+N56+O56+P56)-L56 -> 436
B57: 1111075 | C57: ชิฟฟอนไส้แยมแยกชิ้น สตอเบอรี่ | D57: ='เย็น '!D57+'เช้า '!D57+บ่าย!D57+'บ่าย (2)'!D57 -> 0 | E57: ='เย็น '!E57+'เช้า '!E57+บ่าย!E57+'บ่าย (2)'!E57 -> 2 | F57: ='เย็น '!F57+'เช้า '!F57+บ่าย!F57+'บ่าย (2)'!F57 -> 1 | G57: ='เย็น '!G57+'เช้า '!G57+บ่าย!G57+'บ่าย (2)'!G57 -> 2 | H57: ='เย็น '!H57+'เช้า '!H57+บ่าย!H57 -> 0 | I57: ='เย็น '!I57+'เช้า '!I57+บ่าย!I57 -> 0 | J57: ='เย็น '!J57+'เช้า '!J57+บ่าย!J57 -> 0 | K57: ='เย็น '!K57+'เช้า '!K57+บ่าย!K57 -> 0 | L57: =SUM(D57:K57) -> 5 | M57: 200 | N57: 282 | Q57: =(M57+N57+O57+P57)-L57 -> 477
B58: 1111076 | C58: ชิฟฟอนไส้แยมแยกชิ้น ส้ม | D58: ='เย็น '!D58+'เช้า '!D58+บ่าย!D58+'บ่าย (2)'!D58 -> 0 | E58: ='เย็น '!E58+'เช้า '!E58+บ่าย!E58+'บ่าย (2)'!E58 -> 2 | F58: ='เย็น '!F58+'เช้า '!F58+บ่าย!F58+'บ่าย (2)'!F58 -> 1 | G58: ='เย็น '!G58+'เช้า '!G58+บ่าย!G58+'บ่าย (2)'!G58 -> 2 | H58: ='เย็น '!H58+'เช้า '!H58+บ่าย!H58 -> 0 | I58: ='เย็น '!I58+'เช้า '!I58+บ่าย!I58 -> 0 | J58: ='เย็น '!J58+'เช้า '!J58+บ่าย!J58 -> 0 | K58: ='เย็น '!K58+'เช้า '!K58+บ่าย!K58 -> 0 | L58: =SUM(D58:K58) -> 5 | M58: 200 | N58: 255 | Q58: =(M58+N58+O58+P58)-L58 -> 450
B59: 1111077 | C59: ชิฟฟอนไส้แยมแยกชิ้น บลูเบอรี่ | D59: ='เย็น '!D59+'เช้า '!D59+บ่าย!D59+'บ่าย (2)'!D59 -> 0 | E59: ='เย็น '!E59+'เช้า '!E59+บ่าย!E59+'บ่าย (2)'!E59 -> 2 | F59: ='เย็น '!F59+'เช้า '!F59+บ่าย!F59+'บ่าย (2)'!F59 -> 1 | G59: ='เย็น '!G59+'เช้า '!G59+บ่าย!G59+'บ่าย (2)'!G59 -> 2 | H59: ='เย็น '!H59+'เช้า '!H59+บ่าย!H59 -> 0 | I59: ='เย็น '!I59+'เช้า '!I59+บ่าย!I59 -> 0 | J59: ='เย็น '!J59+'เช้า '!J59+บ่าย!J59 -> 0 | K59: ='เย็น '!K59+'เช้า '!K59+บ่าย!K59 -> 0 | L59: =SUM(D59:K59) -> 5 | M59: 200 | N59: 270 | Q59: =(M59+N59+O59+P59)-L59 -> 465
B60: 1111078 | C60: ชิฟฟอนไส้แยมแยกชิ้น นมชมพู | D60: ='เย็น '!D60+'เช้า '!D60+บ่าย!D60+'บ่าย (2)'!D60 -> 0 | E60: ='เย็น '!E60+'เช้า '!E60+บ่าย!E60+'บ่าย (2)'!E60 -> 2 | F60: ='เย็น '!F60+'เช้า '!F60+บ่าย!F60+'บ่าย (2)'!F60 -> 1 | G60: ='เย็น '!G60+'เช้า '!G60+บ่าย!G60+'บ่าย (2)'!G60 -> 2 | H60: ='เย็น '!H60+'เช้า '!H60+บ่าย!H60 -> 0 | I60: ='เย็น '!I60+'เช้า '!I60+บ่าย!I60 -> 0 | J60: ='เย็น '!J60+'เช้า '!J60+บ่าย!J60 -> 0 | K60: ='เย็น '!K60+'เช้า '!K60+บ่าย!K60 -> 0 | L60: =SUM(D60:K60) -> 5 | Q60: =(M60+N60+O60+P60)-L60 -> -5
B61: 1111079 | C61: ชิฟฟอนไส้แยมแยกชิ้น ชอคโกแลต | D61: ='เย็น '!D61+'เช้า '!D61+บ่าย!D61+'บ่าย (2)'!D61 -> 0 | E61: ='เย็น '!E61+'เช้า '!E61+บ่าย!E61+'บ่าย (2)'!E61 -> 2 | F61: ='เย็น '!F61+'เช้า '!F61+บ่าย!F61+'บ่าย (2)'!F61 -> 1 | G61: ='เย็น '!G61+'เช้า '!G61+บ่าย!G61+'บ่าย (2)'!G61 -> 2 | H61: ='เย็น '!H61+'เช้า '!H61+บ่าย!H61 -> 0 | I61: ='เย็น '!I61+'เช้า '!I61+บ่าย!I61 -> 0 | J61: ='เย็น '!J61+'เช้า '!J61+บ่าย!J61 -> 0 | K61: ='เย็น '!K61+'เช้า '!K61+บ่าย!K61 -> 0 | L61: =SUM(D61:K61) -> 5 | M61: 200 | N61: 337 | Q61: =(M61+N61+O61+P61)-L61 -> 532
B62: 1111080 | C62: ชิฟฟอนไส้แยมแยกชิ้น ฝอยทอง | D62: ='เย็น '!D62+'เช้า '!D62+บ่าย!D62+'บ่าย (2)'!D62 -> 0 | E62: ='เย็น '!E62+'เช้า '!E62+บ่าย!E62+'บ่าย (2)'!E62 -> 2 | F62: ='เย็น '!F62+'เช้า '!F62+บ่าย!F62+'บ่าย (2)'!F62 -> 1 | G62: ='เย็น '!G62+'เช้า '!G62+บ่าย!G62+'บ่าย (2)'!G62 -> 2 | H62: ='เย็น '!H62+'เช้า '!H62+บ่าย!H62 -> 0 | I62: ='เย็น '!I62+'เช้า '!I62+บ่าย!I62 -> 0 | J62: ='เย็น '!J62+'เช้า '!J62+บ่าย!J62 -> 0 | K62: ='เย็น '!K62+'เช้า '!K62+บ่าย!K62 -> 0 | L62: =SUM(D62:K62) -> 5 | N62: 27 | Q62: =(M62+N62+O62+P62)-L62 -> 22
B63: 1111081 | C63: ชิฟฟอนไส้แยมแยกชิ้น วนิลา | D63: ='เย็น '!D63+'เช้า '!D63+บ่าย!D63+'บ่าย (2)'!D63 -> 0 | E63: ='เย็น '!E63+'เช้า '!E63+บ่าย!E63+'บ่าย (2)'!E63 -> 2 | F63: ='เย็น '!F63+'เช้า '!F63+บ่าย!F63+'บ่าย (2)'!F63 -> 1 | G63: ='เย็น '!G63+'เช้า '!G63+บ่าย!G63+'บ่าย (2)'!G63 -> 2 | H63: ='เย็น '!H63+'เช้า '!H63+บ่าย!H63 -> 0 | I63: ='เย็น '!I63+'เช้า '!I63+บ่าย!I63 -> 0 | J63: ='เย็น '!J63+'เช้า '!J63+บ่าย!J63 -> 0 | K63: ='เย็น '!K63+'เช้า '!K63+บ่าย!K63 -> 0 | L63: =SUM(D63:K63) -> 5 | Q63: =(M63+N63+O63+P63)-L63 -> -5
B64: 1111082 | C64: ชิฟฟอนไส้แยมแยกชิ้น ใบเตย | D64: ='เย็น '!D64+'เช้า '!D64+บ่าย!D64+'บ่าย (2)'!D64 -> 0 | E64: ='เย็น '!E64+'เช้า '!E64+บ่าย!E64+'บ่าย (2)'!E64 -> 2 | F64: ='เย็น '!F64+'เช้า '!F64+บ่าย!F64+'บ่าย (2)'!F64 -> 1 | G64: ='เย็น '!G64+'เช้า '!G64+บ่าย!G64+'บ่าย (2)'!G64 -> 2 | H64: ='เย็น '!H64+'เช้า '!H64+บ่าย!H64 -> 0 | I64: ='เย็น '!I64+'เช้า '!I64+บ่าย!I64 -> 0 | J64: ='เย็น '!J64+'เช้า '!J64+บ่าย!J64 -> 0 | K64: ='เย็น '!K64+'เช้า '!K64+บ่าย!K64 -> 0 | L64: =SUM(D64:K64) -> 5 | Q64: =(M64+N64+O64+P64)-L64 -> -5
B65: 1111083 | C65: ชิฟฟอนไส้แยมแยกชิ้น เมล่อน | D65: ='เย็น '!D65+'เช้า '!D65+บ่าย!D65+'บ่าย (2)'!D65 -> 0 | E65: ='เย็น '!E65+'เช้า '!E65+บ่าย!E65+'บ่าย (2)'!E65 -> 2 | F65: ='เย็น '!F65+'เช้า '!F65+บ่าย!F65+'บ่าย (2)'!F65 -> 1 | G65: ='เย็น '!G65+'เช้า '!G65+บ่าย!G65+'บ่าย (2)'!G65 -> 2 | H65: ='เย็น '!H65+'เช้า '!H65+บ่าย!H65 -> 0 | I65: ='เย็น '!I65+'เช้า '!I65+บ่าย!I65 -> 0 | J65: ='เย็น '!J65+'เช้า '!J65+บ่าย!J65 -> 0 | K65: ='เย็น '!K65+'เช้า '!K65+บ่าย!K65 -> 0 | L65: =SUM(D65:K65) -> 5 | M65: 200 | N65: 200 | Q65: =(M65+N65+O65+P65)-L65 -> 395
B66: 1111010 | C66: ชิฟฟอนไส้แยมแยกชิ้น คละรส | D66: =บ่าย!D66+'เช้า '!D66+'เย็น '!D66 -> 0 | E66: =บ่าย!E66+'เช้า '!E66+'เย็น '!E66 -> 0 | F66: =บ่าย!F66+'เช้า '!F66+'เย็น '!F66 -> 0 | G66: =บ่าย!G66+'เช้า '!G66+'เย็น '!G66 -> 0 | H66: =บ่าย!H66+'เช้า '!H66+'เย็น '!H66 -> 0 | I66: =บ่าย!I66+'เช้า '!I66+'เย็น '!I66 -> 0 | J66: =บ่าย!J66+'เช้า '!J66+'เย็น '!J66 -> 0 | L66: =SUM(D66:K66) -> 0 | Q66: =(M66+N66+O66+P66)-L66 -> 0
C67: รวม | L67: =SUM(D67:J67) -> 0 | Q67: =(M67+N67+O67+P67)-L67 -> 0
B68: ชิฟฟอนไส้แยม 6 ชิ้น
B69: 1111009 | C69: ชิฟฟอนไส้แยมรวมรส 6 ชิ้น | D69: ='เย็น '!D69+'เช้า '!D69+บ่าย!D69+'บ่าย (2)'!D69 -> 28 | E69: ='เย็น '!E69+'เช้า '!E69+บ่าย!E69+'บ่าย (2)'!E69 -> 5 | F69: ='เย็น '!F69+'เช้า '!F69+บ่าย!F69+'บ่าย (2)'!F69 -> 11 | G69: ='เย็น '!G69+'เช้า '!G69+บ่าย!G69+'บ่าย (2)'!G69 -> 6 | H69: ='เย็น '!H69+'เช้า '!H69+บ่าย!H69 -> 0 | I69: ='เย็น '!I69+'เช้า '!I69+บ่าย!I69 -> 0 | J69: ='เย็น '!J69+'เช้า '!J69+บ่าย!J69 -> 0 | K69: ='เย็น '!K69+'เช้า '!K69+บ่าย!K69 -> 0 | L69: =SUM(D69:K69) -> 50 | M69: 130 | N69: 177 | Q69: =(M69+N69+O69+P69)-L69 -> 257
B70: 1111023 | C70: ชิฟฟอนไส้แยมรสสตอเบอร์รี่ล้วน 6 ชิ้น | D70: ='เย็น '!D70+'เช้า '!D70+บ่าย!D70+'บ่าย (2)'!D70 -> 0 | E70: ='เย็น '!E70+'เช้า '!E70+บ่าย!E70+'บ่าย (2)'!E70 -> 0 | F70: ='เย็น '!F70+'เช้า '!F70+บ่าย!F70+'บ่าย (2)'!F70 -> 0 | G70: ='เย็น '!G70+'เช้า '!G70+บ่าย!G70+'บ่าย (2)'!G70 -> 0 | H70: ='เย็น '!H70+'เช้า '!H70+บ่าย!H70 -> 0 | I70: ='เย็น '!I70+'เช้า '!I70+บ่าย!I70 -> 0 | J70: ='เย็น '!J70+'เช้า '!J70+บ่าย!J70 -> 0 | K70: ='เย็น '!K70+'เช้า '!K70+บ่าย!K70 -> 0 | L70: =SUM(D70:K70) -> 0 | Q70: =(M70+N70+O70+P70)-L70 -> 0
B71: 1111016 | C71: ชิฟฟอนไส้แยมรสมะพร้าวล้วน 6 ชิ้น | D71: ='เย็น '!D71+'เช้า '!D71+บ่าย!D71+'บ่าย (2)'!D71 -> 0 | E71: ='เย็น '!E71+'เช้า '!E71+บ่าย!E71+'บ่าย (2)'!E71 -> 0 | F71: ='เย็น '!F71+'เช้า '!F71+บ่าย!F71+'บ่าย (2)'!F71 -> 0 | G71: ='เย็น '!G71+'เช้า '!G71+บ่าย!G71+'บ่าย (2)'!G71 -> 0 | H71: ='เย็น '!H71+'เช้า '!H71+บ่าย!H71 -> 0 | I71: ='เย็น '!I71+'เช้า '!I71+บ่าย!I71 -> 0 | J71: ='เย็น '!J71+'เช้า '!J71+บ่าย!J71 -> 0 | K71: ='เย็น '!K71+'เช้า '!K71+บ่าย!K71 -> 0 | L71: =SUM(D71:K71) -> 0 | Q71: =(M71+N71+O71+P71)-L71 -> 0
B72: 1111014 | C72: ชิฟฟอนไส้แยมรสช็อกโกแลตนูเทลล่าล้วน 6 ชิ้น | D72: ='เย็น '!D72+'เช้า '!D72+บ่าย!D72+'บ่าย (2)'!D72 -> 0 | E72: ='เย็น '!E72+'เช้า '!E72+บ่าย!E72+'บ่าย (2)'!E72 -> 0 | F72: ='เย็น '!F72+'เช้า '!F72+บ่าย!F72+'บ่าย (2)'!F72 -> 0 | G72: ='เย็น '!G72+'เช้า '!G72+บ่าย!G72+'บ่าย (2)'!G72 -> 0 | H72: ='เย็น '!H72+'เช้า '!H72+บ่าย!H72 -> 0 | I72: ='เย็น '!I72+'เช้า '!I72+บ่าย!I72 -> 0 | J72: ='เย็น '!J72+'เช้า '!J72+บ่าย!J72 -> 0 | K72: ='เย็น '!K72+'เช้า '!K72+บ่าย!K72 -> 0 | L72: =SUM(D72:K72) -> 0 | Q72: =(M72+N72+O72+P72)-L72 -> 0
B73: 1111025 | C73: ชิฟฟอนไส้แยมรสส้มล้วน 6 ชิ้น | D73: ='เย็น '!D73+'เช้า '!D73+บ่าย!D73+'บ่าย (2)'!D73 -> 0 | E73: ='เย็น '!E73+'เช้า '!E73+บ่าย!E73+'บ่าย (2)'!E73 -> 0 | F73: ='เย็น '!F73+'เช้า '!F73+บ่าย!F73+'บ่าย (2)'!F73 -> 0 | G73: ='เย็น '!G73+'เช้า '!G73+บ่าย!G73+'บ่าย (2)'!G73 -> 0 | H73: ='เย็น '!H73+'เช้า '!H73+บ่าย!H73 -> 0 | I73: ='เย็น '!I73+'เช้า '!I73+บ่าย!I73 -> 0 | J73: ='เย็น '!J73+'เช้า '!J73+บ่าย!J73 -> 0 | K73: ='เย็น '!K73+'เช้า '!K73+บ่าย!K73 -> 0 | L73: =SUM(D73:K73) -> 0 | Q73: =(M73+N73+O73+P73)-L73 -> 0
B74: 1111018 | C74: ชิฟฟอนไส้แยมรสบลูเบอร์รี่ล้วน 6 ชิ้น | D74: ='เย็น '!D74+'เช้า '!D74+บ่าย!D74+'บ่าย (2)'!D74 -> 0 | E74: ='เย็น '!E74+'เช้า '!E74+บ่าย!E74+'บ่าย (2)'!E74 -> 0 | F74: ='เย็น '!F74+'เช้า '!F74+บ่าย!F74+'บ่าย (2)'!F74 -> 0 | G74: ='เย็น '!G74+'เช้า '!G74+บ่าย!G74+'บ่าย (2)'!G74 -> 0 | H74: ='เย็น '!H74+'เช้า '!H74+บ่าย!H74 -> 0 | I74: ='เย็น '!I74+'เช้า '!I74+บ่าย!I74 -> 0 | J74: ='เย็น '!J74+'เช้า '!J74+บ่าย!J74 -> 0 | K74: ='เย็น '!K74+'เช้า '!K74+บ่าย!K74 -> 0 | L74: =SUM(D74:K74) -> 0 | Q74: =(M74+N74+O74+P74)-L74 -> 0
B75: 1111012 | C75: ชิฟฟอนไส้แยมรสนมชมพูฮอกไกโดล้วน 6 ชิ้น | D75: ='เย็น '!D75+'เช้า '!D75+บ่าย!D75+'บ่าย (2)'!D75 -> 0 | E75: ='เย็น '!E75+'เช้า '!E75+บ่าย!E75+'บ่าย (2)'!E75 -> 0 | F75: ='เย็น '!F75+'เช้า '!F75+บ่าย!F75+'บ่าย (2)'!F75 -> 0 | G75: ='เย็น '!G75+'เช้า '!G75+บ่าย!G75+'บ่าย (2)'!G75 -> 0 | H75: ='เย็น '!H75+'เช้า '!H75+บ่าย!H75 -> 0 | I75: ='เย็น '!I75+'เช้า '!I75+บ่าย!I75 -> 0 | J75: ='เย็น '!J75+'เช้า '!J75+บ่าย!J75 -> 0 | K75: ='เย็น '!K75+'เช้า '!K75+บ่าย!K75 -> 0 | L75: =SUM(D75:K75) -> 0 | Q75: =(M75+N75+O75+P75)-L75 -> 0
B76: 1111020 | C76: ชิฟฟอนไส้แยมฝอยทองไส้ทะลัก 6 ชิ้น | D76: ='เย็น '!D76+'เช้า '!D76+บ่าย!D76+'บ่าย (2)'!D76 -> 5 | E76: ='เย็น '!E76+'เช้า '!E76+บ่าย!E76+'บ่าย (2)'!E76 -> 0 | F76: ='เย็น '!F76+'เช้า '!F76+บ่าย!F76+'บ่าย (2)'!F76 -> 0 | G76: ='เย็น '!G76+'เช้า '!G76+บ่าย!G76+'บ่าย (2)'!G76 -> 0 | H76: ='เย็น '!H76+'เช้า '!H76+บ่าย!H76 -> 0 | I76: ='เย็น '!I76+'เช้า '!I76+บ่าย!I76 -> 0 | J76: ='เย็น '!J76+'เช้า '!J76+บ่าย!J76 -> 0 | K76: ='เย็น '!K76+'เช้า '!K76+บ่าย!K76 -> 0 | L76: =SUM(D76:K76) -> 5 | Q76: =(M76+N76+O76+P76)-L76 -> -5
C77: รวม | Q77: =(M77+N77+O77+P77)-L77 -> 0
B78: ชิฟฟอนไส้แยม 3 ชิ้น
B79: 1111022 | C79: ชิฟฟอนไส้แยมรสสตอเบอร์รี่ล้วน 3 ชิ้น | D79: ='เย็น '!D79+'เช้า '!D79+บ่าย!D79 -> 0 | E79: ='เย็น '!E79+'เช้า '!E79+บ่าย!E79 -> 0 | F79: ='เย็น '!F79+'เช้า '!F79+บ่าย!F79 -> 0 | G79: ='เย็น '!G79+'เช้า '!G79+บ่าย!G79 -> 0 | H79: ='เย็น '!H79+'เช้า '!H79+บ่าย!H79 -> 0 | I79: ='เย็น '!I79+'เช้า '!I79+บ่าย!I79 -> 0 | J79: ='เย็น '!J79+'เช้า '!J79+บ่าย!J79 -> 0 | K79: ='เย็น '!K79+'เช้า '!K79+บ่าย!K79 -> 0 | L79: =SUM(D79:K79) -> 0 | Q79: =(M79+N79+O79+P79)-L79 -> 0
B80: 1111015 | C80: ชิฟฟอนไส้แยมรสมะพร้าวล้วน 3 ชิ้น | D80: ='เย็น '!D80+'เช้า '!D80+บ่าย!D80 -> 0 | E80: ='เย็น '!E80+'เช้า '!E80+บ่าย!E80 -> 0 | F80: ='เย็น '!F80+'เช้า '!F80+บ่าย!F80 -> 0 | G80: ='เย็น '!G80+'เช้า '!G80+บ่าย!G80 -> 0 | H80: ='เย็น '!H80+'เช้า '!H80+บ่าย!H80 -> 0 | I80: ='เย็น '!I80+'เช้า '!I80+บ่าย!I80 -> 0 | J80: ='เย็น '!J80+'เช้า '!J80+บ่าย!J80 -> 0 | K80: ='เย็น '!K80+'เช้า '!K80+บ่าย!K80 -> 0 | L80: =SUM(D80:K80) -> 0 | Q80: =(M80+N80+O80+P80)-L80 -> 0
B81: 1111013 | C81: ชิฟฟอนไส้แยมรสช็อกโกแลตนูเทลล่าล้วน 3 ชิ้น | D81: ='เย็น '!D81+'เช้า '!D81+บ่าย!D81 -> 0 | E81: ='เย็น '!E81+'เช้า '!E81+บ่าย!E81 -> 0 | F81: ='เย็น '!F81+'เช้า '!F81+บ่าย!F81 -> 0 | G81: ='เย็น '!G81+'เช้า '!G81+บ่าย!G81 -> 0 | H81: ='เย็น '!H81+'เช้า '!H81+บ่าย!H81 -> 0 | I81: ='เย็น '!I81+'เช้า '!I81+บ่าย!I81 -> 0 | J81: ='เย็น '!J81+'เช้า '!J81+บ่าย!J81 -> 0 | K81: ='เย็น '!K81+'เช้า '!K81+บ่าย!K81 -> 0 | L81: =SUM(D81:K81) -> 0 | Q81: =(M81+N81+O81+P81)-L81 -> 0
B82: 1111024 | C82: ชิฟฟอนไส้แยมรสส้มล้วน 3 ชิ้น | D82: ='เย็น '!D82+'เช้า '!D82+บ่าย!D82 -> 0 | E82: ='เย็น '!E82+'เช้า '!E82+บ่าย!E82 -> 0 | F82: ='เย็น '!F82+'เช้า '!F82+บ่าย!F82 -> 0 | G82: ='เย็น '!G82+'เช้า '!G82+บ่าย!G82 -> 0 | H82: ='เย็น '!H82+'เช้า '!H82+บ่าย!H82 -> 0 | I82: ='เย็น '!I82+'เช้า '!I82+บ่าย!I82 -> 0 | J82: ='เย็น '!J82+'เช้า '!J82+บ่าย!J82 -> 0 | K82: ='เย็น '!K82+'เช้า '!K82+บ่าย!K82 -> 0 | L82: =SUM(D82:K82) -> 0 | Q82: =(M82+N82+O82+P82)-L82 -> 0
B83: 1111017 | C83: ชิฟฟอนไส้แยมรสบลูเบอร์รี่ล้วน 3 ชิ้น | D83: ='เย็น '!D83+'เช้า '!D83+บ่าย!D83 -> 0 | E83: ='เย็น '!E83+'เช้า '!E83+บ่าย!E83 -> 0 | F83: ='เย็น '!F83+'เช้า '!F83+บ่าย!F83 -> 0 | G83: ='เย็น '!G83+'เช้า '!G83+บ่าย!G83 -> 0 | H83: ='เย็น '!H83+'เช้า '!H83+บ่าย!H83 -> 0 | I83: ='เย็น '!I83+'เช้า '!I83+บ่าย!I83 -> 0 | J83: ='เย็น '!J83+'เช้า '!J83+บ่าย!J83 -> 0 | K83: ='เย็น '!K83+'เช้า '!K83+บ่าย!K83 -> 0 | L83: =SUM(D83:K83) -> 0 | Q83: =(M83+N83+O83+P83)-L83 -> 0
B84: 1111011 | C84: ชิฟฟอนไส้แยมรสนมชมพูฮอกไกโดล้วน 3 ชิ้น | D84: ='เย็น '!D84+'เช้า '!D84+บ่าย!D84 -> 0 | E84: ='เย็น '!E84+'เช้า '!E84+บ่าย!E84 -> 0 | F84: ='เย็น '!F84+'เช้า '!F84+บ่าย!F84 -> 0 | G84: ='เย็น '!G84+'เช้า '!G84+บ่าย!G84 -> 0 | H84: ='เย็น '!H84+'เช้า '!H84+บ่าย!H84 -> 0 | I84: ='เย็น '!I84+'เช้า '!I84+บ่าย!I84 -> 0 | J84: ='เย็น '!J84+'เช้า '!J84+บ่าย!J84 -> 0 | K84: ='เย็น '!K84+'เช้า '!K84+บ่าย!K84 -> 0 | L84: =SUM(D84:K84) -> 0 | Q84: =(M84+N84+O84+P84)-L84 -> 0
B85: 1111019 | C85: ชิฟฟอนไส้แยมฝอยทองไส้ทะลัก 3 ชิ้น | D85: ='เย็น '!D85+'เช้า '!D85+บ่าย!D85 -> 0 | E85: ='เย็น '!E85+'เช้า '!E85+บ่าย!E85 -> 0 | F85: ='เย็น '!F85+'เช้า '!F85+บ่าย!F85 -> 0 | G85: ='เย็น '!G85+'เช้า '!G85+บ่าย!G85 -> 0 | H85: ='เย็น '!H85+'เช้า '!H85+บ่าย!H85 -> 0 | I85: ='เย็น '!I85+'เช้า '!I85+บ่าย!I85 -> 0 | J85: ='เย็น '!J85+'เช้า '!J85+บ่าย!J85 -> 0 | K85: ='เย็น '!K85+'เช้า '!K85+บ่าย!K85 -> 0 | L85: =SUM(D85:K85) -> 0 | Q85: =(M85+N85+O85+P85)-L85 -> 0
B86: 1113081 | C86: ชิฟฟอนไส้แยม วนิลา/ใบเตย/เมล่อน | D86: ='เย็น '!D86+'เช้า '!D86+บ่าย!D86 -> 0 | E86: ='เย็น '!E86+'เช้า '!E86+บ่าย!E86 -> 0 | F86: ='เย็น '!F86+'เช้า '!F86+บ่าย!F86 -> 0 | G86: ='เย็น '!G86+'เช้า '!G86+บ่าย!G86 -> 0 | H86: ='เย็น '!H86+'เช้า '!H86+บ่าย!H86 -> 0 | I86: ='เย็น '!I86+'เช้า '!I86+บ่าย!I86 -> 0 | J86: ='เย็น '!J86+'เช้า '!J86+บ่าย!J86 -> 0 | K86: ='เย็น '!K86+'เช้า '!K86+บ่าย!K86 -> 0 | L86: =SUM(D86:K86) -> 0 | Q86: =(M86+N86+O86+P86)-L86 -> 0
B87: 1111008 | C87: ชิฟฟอนไส้แยมรวมรส 3 ชิ้น | D87: ='เย็น '!D87+'เช้า '!D87+บ่าย!D87+'บ่าย (2)'!D87 -> 4 | E87: ='เย็น '!E87+'เช้า '!E87+บ่าย!E87+'บ่าย (2)'!E87 -> 0 | F87: ='เย็น '!F87+'เช้า '!F87+บ่าย!F87+'บ่าย (2)'!F87 -> 0 | G87: ='เย็น '!G87+'เช้า '!G87+บ่าย!G87+'บ่าย (2)'!G87 -> 160 | H87: ='เย็น '!H87+'เช้า '!H87+บ่าย!H87+'บ่าย (2)'!H87 -> 0 | I87: ='เย็น '!I87+'เช้า '!I87+บ่าย!I87+'บ่าย (2)'!I87 -> 0 | J87: ='เย็น '!J87+'เช้า '!J87+บ่าย!J87+'บ่าย (2)'!J87 -> 0 | K87: ='เย็น '!K87+'เช้า '!K87+บ่าย!K87+'บ่าย (2)'!K87 -> 0 | L87: =SUM(D87:K87) -> 164 | M87: 300 | N87: 602 | Q87: =(M87+N87+O87+P87)-L87 -> 738
C88: รวม | L88: =SUM(D88:J88) -> 0 | Q88: =(M88+N88+O88+P88)-L88 -> 0
B89: เบาหวิว ล 110 กรัม
B90: 1112009 | C90: มะพร้าว | D90: ='เย็น '!D90+'เช้า '!D90+บ่าย!D90+'บ่าย (2)'!D90 -> 5 | E90: ='เย็น '!E90+'เช้า '!E90+บ่าย!E90+'บ่าย (2)'!E90 -> 3 | F90: ='เย็น '!F90+'เช้า '!F90+บ่าย!F90+'บ่าย (2)'!F90 -> 15 | G90: ='เย็น '!G90+'เช้า '!G90+บ่าย!G90+'บ่าย (2)'!G90 -> 80 | H90: ='เย็น '!H90+'เช้า '!H90+บ่าย!H90 -> 0 | I90: ='เย็น '!I90+'เช้า '!I90+บ่าย!I90 -> 0 | J90: ='เย็น '!J90+'เช้า '!J90+บ่าย!J90 -> 0 | K90: ='เย็น '!K90+'เช้า '!K90+บ่าย!K90 -> 0 | L90: =SUM(D90:K90) -> 103 | M90: 300 | N90: 938 | P90: 300 | Q90: =(M90+N90+O90+P90)-L90 -> 1435
B91: 1112011 | C91: ฝอยทอง | D91: ='เย็น '!D91+'เช้า '!D91+บ่าย!D91+'บ่าย (2)'!D91 -> 4 | E91: ='เย็น '!E91+'เช้า '!E91+บ่าย!E91+'บ่าย (2)'!E91 -> 3 | F91: ='เย็น '!F91+'เช้า '!F91+บ่าย!F91+'บ่าย (2)'!F91 -> 17 | G91: ='เย็น '!G91+'เช้า '!G91+บ่าย!G91+'บ่าย (2)'!G91 -> 80 | H91: ='เย็น '!H91+'เช้า '!H91+บ่าย!H91 -> 0 | I91: ='เย็น '!I91+'เช้า '!I91+บ่าย!I91 -> 0 | J91: ='เย็น '!J91+'เช้า '!J91+บ่าย!J91 -> 0 | K91: ='เย็น '!K91+'เช้า '!K91+บ่าย!K91 -> 0 | L91: =SUM(D91:K91) -> 104 | M91: 300 | N91: 527 | P91: 300 | Q91: =(M91+N91+O91+P91)-L91 -> 1023
B92: 1112003 | C92: กาแฟ | D92: ='เย็น '!D92+'เช้า '!D92+บ่าย!D92+'บ่าย (2)'!D92 -> 0 | E92: ='เย็น '!E92+'เช้า '!E92+บ่าย!E92+'บ่าย (2)'!E92 -> 0 | F92: ='เย็น '!F92+'เช้า '!F92+บ่าย!F92+'บ่าย (2)'!F92 -> 0 | G92: ='เย็น '!G92+'เช้า '!G92+บ่าย!G92+'บ่าย (2)'!G92 -> 61 | H92: ='เย็น '!H92+'เช้า '!H92+บ่าย!H92 -> 0 | I92: ='เย็น '!I92+'เช้า '!I92+บ่าย!I92 -> 0 | J92: ='เย็น '!J92+'เช้า '!J92+บ่าย!J92 -> 0 | K92: ='เย็น '!K92+'เช้า '!K92+บ่าย!K92 -> 0 | L92: =SUM(D92:K92) -> 61 | M92: 300 | N92: 659 | P92: 300 | Q92: =(M92+N92+O92+P92)-L92 -> 1198
B93: 1112005 | C93: เนยนม | D93: ='เย็น '!D93+'เช้า '!D93+บ่าย!D93+'บ่าย (2)'!D93 -> 0 | E93: ='เย็น '!E93+'เช้า '!E93+บ่าย!E93+'บ่าย (2)'!E93 -> 0 | F93: ='เย็น '!F93+'เช้า '!F93+บ่าย!F93+'บ่าย (2)'!F93 -> 0 | G93: ='เย็น '!G93+'เช้า '!G93+บ่าย!G93+'บ่าย (2)'!G93 -> 60 | H93: ='เย็น '!H93+'เช้า '!H93+บ่าย!H93 -> 0 | I93: ='เย็น '!I93+'เช้า '!I93+บ่าย!I93 -> 0 | J93: ='เย็น '!J93+'เช้า '!J93+บ่าย!J93 -> 0 | K93: ='เย็น '!K93+'เช้า '!K93+บ่าย!K93 -> 0 | L93: =SUM(D93:K93) -> 60 | M93: 300 | N93: 526 | P93: 300 | Q93: =(M93+N93+O93+P93)-L93 -> 1066
B94: 1112007 | C94: ใบเตย | D94: ='เย็น '!D94+'เช้า '!D94+บ่าย!D94+'บ่าย (2)'!D94 -> 0 | E94: ='เย็น '!E94+'เช้า '!E94+บ่าย!E94+'บ่าย (2)'!E94 -> 0 | F94: ='เย็น '!F94+'เช้า '!F94+บ่าย!F94+'บ่าย (2)'!F94 -> 0 | G94: ='เย็น '!G94+'เช้า '!G94+บ่าย!G94+'บ่าย (2)'!G94 -> 0 | H94: ='เย็น '!H94+'เช้า '!H94+บ่าย!H94 -> 0 | I94: ='เย็น '!I94+'เช้า '!I94+บ่าย!I94 -> 0 | J94: ='เย็น '!J94+'เช้า '!J94+บ่าย!J94 -> 0 | K94: ='เย็น '!K94+'เช้า '!K94+บ่าย!K94 -> 0 | L94: =SUM(D94:K94) -> 0 | Q94: =(M94+N94+O94+P94)-L94 -> 0
B95: 1112019 | C95: ทุเรียน | D95: ='เย็น '!D95+'เช้า '!D95+บ่าย!D95+'บ่าย (2)'!D95 -> 0 | E95: ='เย็น '!E95+'เช้า '!E95+บ่าย!E95+'บ่าย (2)'!E95 -> 0 | F95: ='เย็น '!F95+'เช้า '!F95+บ่าย!F95+'บ่าย (2)'!F95 -> 0 | G95: ='เย็น '!G95+'เช้า '!G95+บ่าย!G95+'บ่าย (2)'!G95 -> 0 | H95: ='เย็น '!H95+'เช้า '!H95+บ่าย!H95 -> 0 | I95: ='เย็น '!I95+'เช้า '!I95+บ่าย!I95 -> 0 | J95: ='เย็น '!J95+'เช้า '!J95+บ่าย!J95 -> 0 | K95: ='เย็น '!K95+'เช้า '!K95+บ่าย!K95 -> 0 | L95: =SUM(D95:K95) -> 0 | Q95: =(M95+N95+O95+P95)-L95 -> 0
B96: 1112017 | C96: ตาลหอม | D96: ='เย็น '!D96+'เช้า '!D96+บ่าย!D96+'บ่าย (2)'!D96 -> 0 | E96: ='เย็น '!E96+'เช้า '!E96+บ่าย!E96+'บ่าย (2)'!E96 -> 0 | F96: ='เย็น '!F96+'เช้า '!F96+บ่าย!F96+'บ่าย (2)'!F96 -> 0 | G96: ='เย็น '!G96+'เช้า '!G96+บ่าย!G96+'บ่าย (2)'!G96 -> 0 | H96: ='เย็น '!H96+'เช้า '!H96+บ่าย!H96 -> 0 | I96: ='เย็น '!I96+'เช้า '!I96+บ่าย!I96 -> 0 | J96: ='เย็น '!J96+'เช้า '!J96+บ่าย!J96 -> 0 | K96: ='เย็น '!K96+'เช้า '!K96+บ่าย!K96 -> 0 | L96: =SUM(D96:K96) -> 0 | Q96: =(M96+N96+O96+P96)-L96 -> 0
B97: 1112015 | C97: กล้วยหอมมะพร้าวเผา | D97: ='เย็น '!D97+'เช้า '!D97+บ่าย!D97+'บ่าย (2)'!D97 -> 0 | E97: ='เย็น '!E97+'เช้า '!E97+บ่าย!E97+'บ่าย (2)'!E97 -> 0 | F97: ='เย็น '!F97+'เช้า '!F97+บ่าย!F97+'บ่าย (2)'!F97 -> 0 | G97: ='เย็น '!G97+'เช้า '!G97+บ่าย!G97+'บ่าย (2)'!G97 -> 58 | H97: ='เย็น '!H97+'เช้า '!H97+บ่าย!H97 -> 0 | I97: ='เย็น '!I97+'เช้า '!I97+บ่าย!I97 -> 0 | J97: ='เย็น '!J97+'เช้า '!J97+บ่าย!J97 -> 0 | K97: ='เย็น '!K97+'เช้า '!K97+บ่าย!K97 -> 0 | L97: =SUM(D97:K97) -> 58 | M97: 300 | N97: 290 | P97: 300 | Q97: =(M97+N97+O97+P97)-L97 -> 832
B98: 1112013 | C98: เผือกมะพร้าวอ่อน | D98: ='เย็น '!D98+'เช้า '!D98+บ่าย!D98+'บ่าย (2)'!D98 -> 5 | E98: ='เย็น '!E98+'เช้า '!E98+บ่าย!E98+'บ่าย (2)'!E98 -> 3 | F98: ='เย็น '!F98+'เช้า '!F98+บ่าย!F98+'บ่าย (2)'!F98 -> 12 | G98: ='เย็น '!G98+'เช้า '!G98+บ่าย!G98+'บ่าย (2)'!G98 -> 79 | H98: ='เย็น '!H98+'เช้า '!H98+บ่าย!H98 -> 0 | I98: ='เย็น '!I98+'เช้า '!I98+บ่าย!I98 -> 0 | J98: ='เย็น '!J98+'เช้า '!J98+บ่าย!J98 -> 0 | K98: ='เย็น '!K98+'เช้า '!K98+บ่าย!K98 -> 0 | L98: =SUM(D98:K98) -> 99 | M98: 300 | N98: 423 | P98: 300 | Q98: =(M98+N98+O98+P98)-L98 -> 924
B99: 1124043 | C99: เบาหวิว คละรส | D99: =บ่าย!D99+'เช้า '!D99+'เย็น '!D99 -> 0 | E99: =บ่าย!E99+'เช้า '!E99+'เย็น '!E99 -> 0 | F99: =บ่าย!F99+'เช้า '!F99+'เย็น '!F99 -> 0 | G99: =บ่าย!G99+'เช้า '!G99+'เย็น '!G99 -> 0 | H99: =บ่าย!H99+'เช้า '!H99+'เย็น '!H99 -> 0 | I99: =บ่าย!I99+'เช้า '!I99+'เย็น '!I99 -> 0 | J99: =บ่าย!J99+'เช้า '!J99+'เย็น '!J99 -> 0 | L99: =SUM(D99:K99) -> 0 | Q99: =(M99+N99+O99+P99)-L99 -> 0
C100: รวม | L100: =SUM(L90:L99) -> 485
B101: เบาหวิว ญ 300 กรัม
B102: 1112008 | C102: มะพร้าว | D102: =บ่าย!D102+'เช้า '!D102+'เย็น '!D102 -> 0 | E102: =บ่าย!E102+'เช้า '!E102+'เย็น '!E102 -> 0 | F102: =บ่าย!F102+'เช้า '!F102+'เย็น '!F102 -> 0 | G102: =บ่าย!G102+'เช้า '!G102+'เย็น '!G102 -> 0 | H102: =บ่าย!H102+'เช้า '!H102+'เย็น '!H102 -> 0 | I102: =บ่าย!I102+'เช้า '!I102+'เย็น '!I102 -> 0 | J102: =บ่าย!J102+'เช้า '!J102+'เย็น '!J102 -> 0 | L102: =SUM(D102:K102) -> 0 | Q102: =(M102+N102+O102+P102)-L102 -> 0
B103: 1112010 | C103: ฝอยทอง | D103: =บ่าย!D103+'เช้า '!D103+'เย็น '!D103 -> 0 | E103: =บ่าย!E103+'เช้า '!E103+'เย็น '!E103 -> 0 | F103: =บ่าย!F103+'เช้า '!F103+'เย็น '!F103 -> 0 | G103: =บ่าย!G103+'เช้า '!G103+'เย็น '!G103 -> 0 | H103: =บ่าย!H103+'เช้า '!H103+'เย็น '!H103 -> 0 | I103: =บ่าย!I103+'เช้า '!I103+'เย็น '!I103 -> 0 | J103: =บ่าย!J103+'เช้า '!J103+'เย็น '!J103 -> 0 | L103: =SUM(D103:K103) -> 0 | Q103: =(M103+N103+O103+P103)-L103 -> 0
B104: 1112002 | C104: กาแฟ | D104: =บ่าย!D104+'เช้า '!D104+'เย็น '!D104 -> 0 | E104: =บ่าย!E104+'เช้า '!E104+'เย็น '!E104 -> 0 | F104: =บ่าย!F104+'เช้า '!F104+'เย็น '!F104 -> 0 | G104: =บ่าย!G104+'เช้า '!G104+'เย็น '!G104 -> 0 | H104: =บ่าย!H104+'เช้า '!H104+'เย็น '!H104 -> 0 | I104: =บ่าย!I104+'เช้า '!I104+'เย็น '!I104 -> 0 | J104: =บ่าย!J104+'เช้า '!J104+'เย็น '!J104 -> 0 | L104: =SUM(D104:K104) -> 0 | Q104: =(M104+N104+O104+P104)-L104 -> 0
...
