Workbook

Sheet สรุป
A2: สรุป บูธ หน้ามอ วันที่ 1-30/06/2567
A3: ลำดับ | B3: รายการ | C3: ยกมา | D3: รับ | E3: รวม | F3: เปลี่ยน/ | G3: คงเหลือ | H3: รายการขาย | K3: หมายเหตุ | L3: วันที่ | M3: ยอดเงิน | N3: ส่วนลด | O3: สแกนใช้สิทธิ์ | P3: ค่าโอนเงิน | Q3: ค่าใช้จ่ายอื่นๆ | R3: โอนหน้าร้าน | S3: รับสุทธิ | T3: ยอดโอนเงิน | U3: โอนเกิน/โอนขาด
F4: คืน/เสีย | H4: จำนวน | I4: @ | J4: เป็นเงิน
A5: 1 | B5: ชิฟฟ่อน (ล) | C5: =+'1'!C5 -> 7 | D5: =+'1'!D5+'2'!D5+'3'!D5+'4'!D5+'5'!D5+'6'!D5+'7'!D5+'8'!D5+'9'!D5+'10'!D5+'11'!D5+'12'!D5+'13'!D5+'14'!D5+'15'!D5+'16'!D5+'17'!D5+'18'!D5+'19'!D5+'20'!D5+'21'!D5+'22'!D5+'23'!D5+'24'!D5+'25'!D5+'26'!D5+'27'!D5+'28'!D5+'29'!D5+'30'!D5+'31'!D5 -> 102 | E5: =+C5+D5 -> 109 | F5: =+'1'!F5+'2'!F5+'3'!F5+'4'!F5+'5'!F5+'6'!F5+'7'!F5+'8'!F5+'9'!F5+'10'!F5+'11'!F5+'12'!F5+'13'!F5+'14'!F5+'15'!F5+'16'!F5+'17'!F5+'18'!F5+'19'!F5+'20'!F5+'21'!F5+'22'!F5+'23'!F5+'24'!F5+'25'!F5+'26'!F5+'27'!F5+'28'!F5+'29'!F5+'30'!F5+'31'!F5 -> 1 | G5: =E5-F5-H5 -> 13 | H5: =+'1'!H5+'2'!H5+'3'!H5+'4'!H5+'5'!H5+'6'!H5+'7'!H5+'8'!H5+'9'!H5+'10'!H5+'11'!H5+'12'!H5+'13'!H5+'14'!H5+'15'!H5+'16'!H5+'17'!H5+'18'!H5+'19'!H5+'20'!H5+'21'!H5+'22'!H5+'23'!H5+'24'!H5+'25'!H5+'26'!H5+'27'!H5+'28'!H5+'29'!H5+'30'!H5+'31'!H5 -> 95 | I5: 50 | J5: =+'1'!J5+'2'!J5+'3'!J5+'4'!J5+'5'!J5+'6'!J5+'7'!J5+'8'!J5+'9'!J5+'10'!J5+'11'!J5+'12'!J5+'13'!J5+'14'!J5+'15'!J5+'16'!J5+'17'!J5+'18'!J5+'19'!J5+'20'!J5+'21'!J5+'22'!J5+'23'!J5+'24'!J5+'25'!J5+'26'!J5+'27'!J5+'28'!J5+'29'!J5+'30'!J5+'31'!J5 -> 4750 | L5: 1 | M5: =+'1'!K232 -> 4615 | N5: =+'1'!K237 -> 189 | O5: 0 | P5: 0 | Q5: 0 | R5: =+'1'!K234 -> 1753 | S5: =+M5-N5-P5-R5-Q5 -> 2673 | T5: =+'1'!K239 -> 2673 | U5: =+T5-S5 -> 0
A6: 2 | B6: ชิฟฟ่อน (ญ) | C6: =+'1'!C6 -> 111 | D6: =+'1'!D6+'2'!D6+'3'!D6+'4'!D6+'5'!D6+'6'!D6+'7'!D6+'8'!D6+'9'!D6+'10'!D6+'11'!D6+'12'!D6+'13'!D6+'14'!D6+'15'!D6+'16'!D6+'17'!D6+'18'!D6+'19'!D6+'20'!D6+'21'!D6+'22'!D6+'23'!D6+'24'!D6+'25'!D6+'26'!D6+'27'!D6+'28'!D6+'29'!D6+'30'!D6+'31'!D6 -> 180 | E6: =+C6+D6 -> 291 | F6: =+'1'!F6+'2'!F6+'3'!F6+'4'!F6+'5'!F6+'6'!F6+'7'!F6+'8'!F6+'9'!F6+'10'!F6+'11'!F6+'12'!F6+'13'!F6+'14'!F6+'15'!F6+'16'!F6+'17'!F6+'18'!F6+'19'!F6+'20'!F6+'21'!F6+'22'!F6+'23'!F6+'24'!F6+'25'!F6+'26'!F6+'27'!F6+'28'!F6+'29'!F6+'30'!F6+'31'!F6 -> 74 | G6: =E6-F6-H6 -> 9 | H6: =+'1'!H6+'2'!H6+'3'!H6+'4'!H6+'5'!H6+'6'!H6+'7'!H6+'8'!H6+'9'!H6+'10'!H6+'11'!H6+'12'!H6+'13'!H6+'14'!H6+'15'!H6+'16'!H6+'17'!H6+'18'!H6+'19'!H6+'20'!H6+'21'!H6+'22'!H6+'23'!H6+'24'!H6+'25'!H6+'26'!H6+'27'!H6+'28'!H6+'29'!H6+'30'!H6+'31'!H6 -> 208 | I6: 100 | J6: =+'1'!J6+'2'!J6+'3'!J6+'4'!J6+'5'!J6+'6'!J6+'7'!J6+'8'!J6+'9'!J6+'10'!J6+'11'!J6+'12'!J6+'13'!J6+'14'!J6+'15'!J6+'16'!J6+'17'!J6+'18'!J6+'19'!J6+'20'!J6+'21'!J6+'22'!J6+'23'!J6+'24'!J6+'25'!J6+'26'!J6+'27'!J6+'28'!J6+'29'!J6+'30'!J6+'31'!J6 -> 20800 | L6: 2 | M6: =+'2'!K232 -> 4565 | N6: =+'2'!K237 -> 884 | O6: 0 | P6: 0 | Q6: =+'2'!K236 -> 0 | R6: =+'2'!K234 -> 660 | S6: =+M6-N6-P6-R6-Q6 -> 3021 | T6: =+'2'!K239 -> 2991 | U6: =+T6-S6 -> -30 | V6: คืนเงินลูกค้า Grab เนื่องจากสินค้าหมด
A7: 3 | B7: ชิฟฟ่อน (ล) กาแฟ | C7: =+'1'!C7 -> 0 | D7: =+'1'!D7+'2'!D7+'3'!D7+'4'!D7+'5'!D7+'6'!D7+'7'!D7+'8'!D7+'9'!D7+'10'!D7+'11'!D7+'12'!D7+'13'!D7+'14'!D7+'15'!D7+'16'!D7+'17'!D7+'18'!D7+'19'!D7+'20'!D7+'21'!D7+'22'!D7+'23'!D7+'24'!D7+'25'!D7+'26'!D7+'27'!D7+'28'!D7+'29'!D7+'30'!D7+'31'!D7 -> 0 | E7: =+C7+D7 -> 0 | F7: =+'1'!F7+'2'!F7+'3'!F7+'4'!F7+'5'!F7+'6'!F7+'7'!F7+'8'!F7+'9'!F7+'10'!F7+'11'!F7+'12'!F7+'13'!F7+'14'!F7+'15'!F7+'16'!F7+'17'!F7+'18'!F7+'19'!F7+'20'!F7+'21'!F7+'22'!F7+'23'!F7+'24'!F7+'25'!F7+'26'!F7+'27'!F7+'28'!F7+'29'!F7+'30'!F7+'31'!F7 -> 0 | G7: =E7-F7-H7 -> 0 | H7: =+'1'!H7+'2'!H7+'3'!H7+'4'!H7+'5'!H7+'6'!H7+'7'!H7+'8'!H7+'9'!H7+'10'!H7+'11'!H7+'12'!H7+'13'!H7+'14'!H7+'15'!H7+'16'!H7+'17'!H7+'18'!H7+'19'!H7+'20'!H7+'21'!H7+'22'!H7+'23'!H7+'24'!H7+'25'!H7+'26'!H7+'27'!H7+'28'!H7+'29'!H7+'30'!H7+'31'!H7 -> 0 | I7: 50 | J7: =+'1'!J7+'2'!J7+'3'!J7+'4'!J7+'5'!J7+'6'!J7+'7'!J7+'8'!J7+'9'!J7+'10'!J7+'11'!J7+'12'!J7+'13'!J7+'14'!J7+'15'!J7+'16'!J7+'17'!J7+'18'!J7+'19'!J7+'20'!J7+'21'!J7+'22'!J7+'23'!J7+'24'!J7+'25'!J7+'26'!J7+'27'!J7+'28'!J7+'29'!J7+'30'!J7+'31'!J7 -> 0 | L7: 3 | M7: =+'3'!K232 -> 3290 | N7: =+'3'!K237 -> 284 | O7: =+'3'!K230 -> 0 | P7: 0 | Q7: =+'3'!K236 -> 0 | R7: =+'3'!K234 -> 953 | S7: =+M7-N7-P7-Q7-R7 -> 2053 | T7: =+'3'!K239 -> 2053 | U7: =+T7-S7 -> 0
A8: 4 | B8: ชิฟฟ่อน (ญ) กาแฟ | C8: =+'1'!C8 -> 0 | D8: =+'1'!D8+'2'!D8+'3'!D8+'4'!D8+'5'!D8+'6'!D8+'7'!D8+'8'!D8+'9'!D8+'10'!D8+'11'!D8+'12'!D8+'13'!D8+'14'!D8+'15'!D8+'16'!D8+'17'!D8+'18'!D8+'19'!D8+'20'!D8+'21'!D8+'22'!D8+'23'!D8+'24'!D8+'25'!D8+'26'!D8+'27'!D8+'28'!D8+'29'!D8+'30'!D8+'31'!D8 -> 0 | E8: =+C8+D8 -> 0 | F8: =+'1'!F8+'2'!F8+'3'!F8+'4'!F8+'5'!F8+'6'!F8+'7'!F8+'8'!F8+'9'!F8+'10'!F8+'11'!F8+'12'!F8+'13'!F8+'14'!F8+'15'!F8+'16'!F8+'17'!F8+'18'!F8+'19'!F8+'20'!F8+'21'!F8+'22'!F8+'23'!F8+'24'!F8+'25'!F8+'26'!F8+'27'!F8+'28'!F8+'29'!F8+'30'!F8+'31'!F8 -> 0 | G8: =E8-F8-H8 -> 0 | H8: =+'1'!H8+'2'!H8+'3'!H8+'4'!H8+'5'!H8+'6'!H8+'7'!H8+'8'!H8+'9'!H8+'10'!H8+'11'!H8+'12'!H8+'13'!H8+'14'!H8+'15'!H8+'16'!H8+'17'!H8+'18'!H8+'19'!H8+'20'!H8+'21'!H8+'22'!H8+'23'!H8+'24'!H8+'25'!H8+'26'!H8+'27'!H8+'28'!H8+'29'!H8+'30'!H8+'31'!H8 -> 0 | I8: 100 | J8: =+'1'!J8+'2'!J8+'3'!J8+'4'!J8+'5'!J8+'6'!J8+'7'!J8+'8'!J8+'9'!J8+'10'!J8+'11'!J8+'12'!J8+'13'!J8+'14'!J8+'15'!J8+'16'!J8+'17'!J8+'18'!J8+'19'!J8+'20'!J8+'21'!J8+'22'!J8+'23'!J8+'24'!J8+'25'!J8+'26'!J8+'27'!J8+'28'!J8+'29'!J8+'30'!J8+'31'!J8 -> 0 | L8: 4 | M8: =+'4'!K232 -> 7025 | N8: =+'4'!K237 -> 814 | O8: =+'4'!K235 -> 0 | P8: =+'4'!K233 -> 0 | Q8: =+'4'!K236 -> 0 | R8: =+'4'!K234 -> 4188 | S8: =+M8-N8-P8-R8-Q8 -> 2023 | T8: =+'4'!K239 -> 2023 | U8: =+T8-S8 -> 0
A9: 5 | B9: ชิฟฟ่อนเค้ก 1 ชิ้น | C9: =+'1'!C9 -> 0 | D9: =+'1'!D9+'2'!D9+'3'!D9+'4'!D9+'5'!D9+'6'!D9+'7'!D9+'8'!D9+'9'!D9+'10'!D9+'11'!D9+'12'!D9+'13'!D9+'14'!D9+'15'!D9+'16'!D9+'17'!D9+'18'!D9+'19'!D9+'20'!D9+'21'!D9+'22'!D9+'23'!D9+'24'!D9+'25'!D9+'26'!D9+'27'!D9+'28'!D9+'29'!D9+'30'!D9+'31'!D9 -> 0 | E9: =+C9+D9 -> 0 | F9: =+'1'!F9+'2'!F9+'3'!F9+'4'!F9+'5'!F9+'6'!F9+'7'!F9+'8'!F9+'9'!F9+'10'!F9+'11'!F9+'12'!F9+'13'!F9+'14'!F9+'15'!F9+'16'!F9+'17'!F9+'18'!F9+'19'!F9+'20'!F9+'21'!F9+'22'!F9+'23'!F9+'24'!F9+'25'!F9+'26'!F9+'27'!F9+'28'!F9+'29'!F9+'30'!F9+'31'!F9 -> 0 | G9: =E9-F9-H9 -> 0 | H9: =+'1'!H9+'2'!H9+'3'!H9+'4'!H9+'5'!H9+'6'!H9+'7'!H9+'8'!H9+'9'!H9+'10'!H9+'11'!H9+'12'!H9+'13'!H9+'14'!H9+'15'!H9+'16'!H9+'17'!H9+'18'!H9+'19'!H9+'20'!H9+'21'!H9+'22'!H9+'23'!H9+'24'!H9+'25'!H9+'26'!H9+'27'!H9+'28'!H9+'29'!H9+'30'!H9+'31'!H9 -> 0 | I9: 12 | J9: =+'1'!J9+'2'!J9+'3'!J9+'4'!J9+'5'!J9+'6'!J9+'7'!J9+'8'!J9+'9'!J9+'10'!J9+'11'!J9+'12'!J9+'13'!J9+'14'!J9+'15'!J9+'16'!J9+'17'!J9+'18'!J9+'19'!J9+'20'!J9+'21'!J9+'22'!J9+'23'!J9+'24'!J9+'25'!J9+'26'!J9+'27'!J9+'28'!J9+'29'!J9+'30'!J9+'31'!J9 -> 0 | L9: 5 | M9: =+'5'!K232 -> 3750 | N9: =+'5'!K237 -> 463 | O9: =+'5'!K235 -> 0 | P9: =+'5'!K233 -> 0 | Q9: =+'5'!K236 -> 0 | R9: =+'5'!K234 -> 2527 | S9: =+M9-N9-P9-R9-Q9 -> 760 | T9: =+'5'!K239 -> 760 | U9: =+T9-S9 -> 0
A10: 6 | B10: ชิฟฟ่อนเค้กสอดไส้แยม 1 ชิ้น | C10: =+'1'!C10 -> 0 | D10: =+'1'!D10+'2'!D10+'3'!D10+'4'!D10+'5'!D10+'6'!D10+'7'!D10+'8'!D10+'9'!D10+'10'!D10+'11'!D10+'12'!D10+'13'!D10+'14'!D10+'15'!D10+'16'!D10+'17'!D10+'18'!D10+'19'!D10+'20'!D10+'21'!D10+'22'!D10+'23'!D10+'24'!D10+'25'!D10+'26'!D10+'27'!D10+'28'!D10+'29'!D10+'30'!D10+'31'!D10 -> 0 | E10: =+C10+D10 -> 0 | F10: =+'1'!F10+'2'!F10+'3'!F10+'4'!F10+'5'!F10+'6'!F10+'7'!F10+'8'!F10+'9'!F10+'10'!F10+'11'!F10+'12'!F10+'13'!F10+'14'!F10+'15'!F10+'16'!F10+'17'!F10+'18'!F10+'19'!F10+'20'!F10+'21'!F10+'22'!F10+'23'!F10+'24'!F10+'25'!F10+'26'!F10+'27'!F10+'28'!F10+'29'!F10+'30'!F10+'31'!F10 -> 0 | G10: =E10-F10-H10 -> 0 | H10: =+'1'!H10+'2'!H10+'3'!H10+'4'!H10+'5'!H10+'6'!H10+'7'!H10+'8'!H10+'9'!H10+'10'!H10+'11'!H10+'12'!H10+'13'!H10+'14'!H10+'15'!H10+'16'!H10+'17'!H10+'18'!H10+'19'!H10+'20'!H10+'21'!H10+'22'!H10+'23'!H10+'24'!H10+'25'!H10+'26'!H10+'27'!H10+'28'!H10+'29'!H10+'30'!H10+'31'!H10 -> 0 | I10: 15 | J10: =+'1'!J10+'2'!J10+'3'!J10+'4'!J10+'5'!J10+'6'!J10+'7'!J10+'8'!J10+'9'!J10+'10'!J10+'11'!J10+'12'!J10+'13'!J10+'14'!J10+'15'!J10+'16'!J10+'17'!J10+'18'!J10+'19'!J10+'20'!J10+'21'!J10+'22'!J10+'23'!J10+'24'!J10+'25'!J10+'26'!J10+'27'!J10+'28'!J10+'29'!J10+'30'!J10+'31'!J10 -> 0 | L10: 6 | M10: =+'6'!K232 -> 4505 | N10: =+'6'!K237 -> 1012 | O10: =+'6'!K235 -> 0 | P10: =+'6'!K233 -> 0 | Q10: =+'6'!K236 -> 270 | R10: =+'6'!K234 -> 2133 | S10: =+M10-N10-P10-R10-Q10 -> 1090 | T10: =+'6'!K239 -> 1090 | U10: =+T10-S10 -> 0
A11: 7 | B11: ชิฟฟ่อน สอดไส้ (ล) 2 ชิ้น ครีมมะพร้าว | C11: =+'1'!C11 -> 0 | D11: =+'1'!D11+'2'!D11+'3'!D11+'4'!D11+'5'!D11+'6'!D11+'7'!D11+'8'!D11+'9'!D11+'10'!D11+'11'!D11+'12'!D11+'13'!D11+'14'!D11+'15'!D11+'16'!D11+'17'!D11+'18'!D11+'19'!D11+'20'!D11+'21'!D11+'22'!D11+'23'!D11+'24'!D11+'25'!D11+'26'!D11+'27'!D11+'28'!D11+'29'!D11+'30'!D11+'31'!D11 -> 0 | E11: =+C11+D11 -> 0 | F11: =+'1'!F11+'2'!F11+'3'!F11+'4'!F11+'5'!F11+'6'!F11+'7'!F11+'8'!F11+'9'!F11+'10'!F11+'11'!F11+'12'!F11+'13'!F11+'14'!F11+'15'!F11+'16'!F11+'17'!F11+'18'!F11+'19'!F11+'20'!F11+'21'!F11+'22'!F11+'23'!F11+'24'!F11+'25'!F11+'26'!F11+'27'!F11+'28'!F11+'29'!F11+'30'!F11+'31'!F11 -> 0 | G11: =E11-F11-H11 -> 0 | H11: =+'1'!H11+'2'!H11+'3'!H11+'4'!H11+'5'!H11+'6'!H11+'7'!H11+'8'!H11+'9'!H11+'10'!H11+'11'!H11+'12'!H11+'13'!H11+'14'!H11+'15'!H11+'16'!H11+'17'!H11+'18'!H11+'19'!H11+'20'!H11+'21'!H11+'22'!H11+'23'!H11+'24'!H11+'25'!H11+'26'!H11+'27'!H11+'28'!H11+'29'!H11+'30'!H11+'31'!H11 -> 0 | I11: 50 | J11: =+'1'!J11+'2'!J11+'3'!J11+'4'!J11+'5'!J11+'6'!J11+'7'!J11+'8'!J11+'9'!J11+'10'!J11+'11'!J11+'12'!J11+'13'!J11+'14'!J11+'15'!J11+'16'!J11+'17'!J11+'18'!J11+'19'!J11+'20'!J11+'21'!J11+'22'!J11+'23'!J11+'24'!J11+'25'!J11+'26'!J11+'27'!J11+'28'!J11+'29'!J11+'30'!J11+'31'!J11 -> 0 | L11: 7 | M11: =+'7'!K232 -> 3785 | N11: =+'7'!K237 -> 871 | O11: =+'7'!K235 -> 0 | P11: =+'7'!K233 -> 0 | Q11: =+'7'!K236 -> 50 | R11: =+'7'!K234 -> 2079 | S11: =+M11-N11-P11-R11-Q11 -> 785 | T11: =+'7'!K239 -> 785 | U11: =+T11-S11 -> 0
A12: 8 | B12: ชิฟฟ่อน สอดไส้ (ล) 3 ชิ้น รวมรส | C12: =+'1'!C12 -> 5 | D12: =+'1'!D12+'2'!D12+'3'!D12+'4'!D12+'5'!D12+'6'!D12+'7'!D12+'8'!D12+'9'!D12+'10'!D12+'11'!D12+'12'!D12+'13'!D12+'14'!D12+'15'!D12+'16'!D12+'17'!D12+'18'!D12+'19'!D12+'20'!D12+'21'!D12+'22'!D12+'23'!D12+'24'!D12+'25'!D12+'26'!D12+'27'!D12+'28'!D12+'29'!D12+'30'!D12+'31'!D12 -> 40 | E12: =+C12+D12 -> 45 | F12: =+'1'!F12+'2'!F12+'3'!F12+'4'!F12+'5'!F12+'6'!F12+'7'!F12+'8'!F12+'9'!F12+'10'!F12+'11'!F12+'12'!F12+'13'!F12+'14'!F12+'15'!F12+'16'!F12+'17'!F12+'18'!F12+'19'!F12+'20'!F12+'21'!F12+'22'!F12+'23'!F12+'24'!F12+'25'!F12+'26'!F12+'27'!F12+'28'!F12+'29'!F12+'30'!F12+'31'!F12 -> 0 | G12: =E12-F12-H12 -> 0 | H12: =+'1'!H12+'2'!H12+'3'!H12+'4'!H12+'5'!H12+'6'!H12+'7'!H12+'8'!H12+'9'!H12+'10'!H12+'11'!H12+'12'!H12+'13'!H12+'14'!H12+'15'!H12+'16'!H12+'17'!H12+'18'!H12+'19'!H12+'20'!H12+'21'!H12+'22'!H12+'23'!H12+'24'!H12+'25'!H12+'26'!H12+'27'!H12+'28'!H12+'29'!H12+'30'!H12+'31'!H12 -> 45 | I12: 50 | J12: =+'1'!J12+'2'!J12+'3'!J12+'4'!J12+'5'!J12+'6'!J12+'7'!J12+'8'!J12+'9'!J12+'10'!J12+'11'!J12+'12'!J12+'13'!J12+'14'!J12+'15'!J12+'16'!J12+'17'!J12+'18'!J12+'19'!J12+'20'!J12+'21'!J12+'22'!J12+'23'!J12+'24'!J12+'25'!J12+'26'!J12+'27'!J12+'28'!J12+'29'!J12+'30'!J12+'31'!J12 -> 2250 | L12: 8 | M12: =+'8'!K232 -> 7130 | N12: =+'8'!K237 -> 836 | O12: =+'8'!K235 -> 0 | P12: =+'8'!K233 -> 0 | Q12: =+'8'!K236 -> 0 | R12: =+'8'!K234 -> 2459 | S12: =+M12-N12-P12-R12-Q12 -> 3835 | T12: =+'8'!K239 -> 3835 | U12: =+T12-S12 -> 0
A13: 9 | B13: ชิฟฟ่อน สอดไส้ (ล) 3 ชิ้น กาแฟ | C13: =+'1'!C13 -> 0 | D13: =+'1'!D13+'2'!D13+'3'!D13+'4'!D13+'5'!D13+'6'!D13+'7'!D13+'8'!D13+'9'!D13+'10'!D13+'11'!D13+'12'!D13+'13'!D13+'14'!D13+'15'!D13+'16'!D13+'17'!D13+'18'!D13+'19'!D13+'20'!D13+'21'!D13+'22'!D13+'23'!D13+'24'!D13+'25'!D13+'26'!D13+'27'!D13+'28'!D13+'29'!D13+'30'!D13+'31'!D13 -> 0 | E13: =+C13+D13 -> 0 | F13: =+'1'!F13+'2'!F13+'3'!F13+'4'!F13+'5'!F13+'6'!F13+'7'!F13+'8'!F13+'9'!F13+'10'!F13+'11'!F13+'12'!F13+'13'!F13+'14'!F13+'15'!F13+'16'!F13+'17'!F13+'18'!F13+'19'!F13+'20'!F13+'21'!F13+'22'!F13+'23'!F13+'24'!F13+'25'!F13+'26'!F13+'27'!F13+'28'!F13+'29'!F13+'30'!F13+'31'!F13 -> 0 | G13: =E13-F13-H13 -> 0 | H13: =+'1'!H13+'2'!H13+'3'!H13+'4'!H13+'5'!H13+'6'!H13+'7'!H13+'8'!H13+'9'!H13+'10'!H13+'11'!H13+'12'!H13+'13'!H13+'14'!H13+'15'!H13+'16'!H13+'17'!H13+'18'!H13+'19'!H13+'20'!H13+'21'!H13+'22'!H13+'23'!H13+'24'!H13+'25'!H13+'26'!H13+'27'!H13+'28'!H13+'29'!H13+'30'!H13+'31'!H13 -> 0 | I13: 50 | J13: =+'1'!J13+'2'!J13+'3'!J13+'4'!J13+'5'!J13+'6'!J13+'7'!J13+'8'!J13+'9'!J13+'10'!J13+'11'!J13+'12'!J13+'13'!J13+'14'!J13+'15'!J13+'16'!J13+'17'!J13+'18'!J13+'19'!J13+'20'!J13+'21'!J13+'22'!J13+'23'!J13+'24'!J13+'25'!J13+'26'!J13+'27'!J13+'28'!J13+'29'!J13+'30'!J13+'31'!J13 -> 0 | L13: 9 | M13: =+'9'!K232 -> 2890 | N13: =+'9'!K237 -> 310 | O13: =+'9'!K235 -> 0 | P13: =+'9'!K233 -> 0 | Q13: =+'9'!K236 -> 0 | R13: =+'9'!K234 -> 1040 | S13: =+M13-N13-P13-R13-Q13 -> 1540 | T13: =+'9'!K239 -> 1540 | U13: =+T13-S13 -> 0
A14: 10 | B14: ชิฟฟ่อน สอดไส้ (ล) 4 ชิ้น ครีมมะพร้าว | C14: =+'1'!C14 -> 3 | D14: =+'1'!D14+'2'!D14+'3'!D14+'4'!D14+'5'!D14+'6'!D14+'7'!D14+'8'!D14+'9'!D14+'10'!D14+'11'!D14+'12'!D14+'13'!D14+'14'!D14+'15'!D14+'16'!D14+'17'!D14+'18'!D14+'19'!D14+'20'!D14+'21'!D14+'22'!D14+'23'!D14+'24'!D14+'25'!D14+'26'!D14+'27'!D14+'28'!D14+'29'!D14+'30'!D14+'31'!D14 -> 17 | E14: =+C14+D14 -> 20 | F14: =+'1'!F14+'2'!F14+'3'!F14+'4'!F14+'5'!F14+'6'!F14+'7'!F14+'8'!F14+'9'!F14+'10'!F14+'11'!F14+'12'!F14+'13'!F14+'14'!F14+'15'!F14+'16'!F14+'17'!F14+'18'!F14+'19'!F14+'20'!F14+'21'!F14+'22'!F14+'23'!F14+'24'!F14+'25'!F14+'26'!F14+'27'!F14+'28'!F14+'29'!F14+'30'!F14+'31'!F14 -> 2 | G14: =E14-F14-H14 -> 1 | H14: =+'1'!H14+'2'!H14+'3'!H14+'4'!H14+'5'!H14+'6'!H14+'7'!H14+'8'!H14+'9'!H14+'10'!H14+'11'!H14+'12'!H14+'13'!H14+'14'!H14+'15'!H14+'16'!H14+'17'!H14+'18'!H14+'19'!H14+'20'!H14+'21'!H14+'22'!H14+'23'!H14+'24'!H14+'25'!H14+'26'!H14+'27'!H14+'28'!H14+'29'!H14+'30'!H14+'31'!H14 -> 17 | I14: 65 | J14: =+'1'!J14+'2'!J14+'3'!J14+'4'!J14+'5'!J14+'6'!J14+'7'!J14+'8'!J14+'9'!J14+'10'!J14+'11'!J14+'12'!J14+'13'!J14+'14'!J14+'15'!J14+'16'!J14+'17'!J14+'18'!J14+'19'!J14+'20'!J14+'21'!J14+'22'!J14+'23'!J14+'24'!J14+'25'!J14+'26'!J14+'27'!J14+'28'!J14+'29'!J14+'30'!J14+'31'!J14 -> 1105 | L14: 10 | M14: =+'10'!K232 -> 3720 | N14: =+'10'!K237 -> 509 | O14: =+'10'!K235 -> 0 | P14: =+'10'!K233 -> 0 | Q14: =+'10'!K236 -> 0 | R14: =+'10'!K234 -> 3146 | S14: =+M14-N14-P14-R14-Q14 -> 65 | T14: =+'10'!K239 -> 895 | U14: =+T14-S14 -> 830 | V14: คืนเงินลูกค้า Grab 45 บาท / จ่ายค่าชุดจัดเบรกล่วงหน้า 875 บาท
A15: 11 | B15: ชิฟฟ่อน สอดไส้ (ล) 3 ชิ้น แยมส้ม | C15: =+'1'!C15 -> 0 | D15: =+'1'!D15+'2'!D15+'3'!D15+'4'!D15+'5'!D15+'6'!D15+'7'!D15+'8'!D15+'9'!D15+'10'!D15+'11'!D15+'12'!D15+'13'!D15+'14'!D15+'15'!D15+'16'!D15+'17'!D15+'18'!D15+'19'!D15+'20'!D15+'21'!D15+'22'!D15+'23'!D15+'24'!D15+'25'!D15+'26'!D15+'27'!D15+'28'!D15+'29'!D15+'30'!D15+'31'!D15 -> 4 | E15: =+C15+D15 -> 4 | F15: =+'1'!F15+'2'!F15+'3'!F15+'4'!F15+'5'!F15+'6'!F15+'7'!F15+'8'!F15+'9'!F15+'10'!F15+'11'!F15+'12'!F15+'13'!F15+'14'!F15+'15'!F15+'16'!F15+'17'!F15+'18'!F15+'19'!F15+'20'!F15+'21'!F15+'22'!F15+'23'!F15+'24'!F15+'25'!F15+'26'!F15+'27'!F15+'28'!F15+'29'!F15+'30'!F15+'31'!F15 -> 0 | G15: =E15-F15-H15 -> 4 | H15: =+'1'!H15+'2'!H15+'3'!H15+'4'!H15+'5'!H15+'6'!H15+'7'!H15+'8'!H15+'9'!H15+'10'!H15+'11'!H15+'12'!H15+'13'!H15+'14'!H15+'15'!H15+'16'!H15+'17'!H15+'18'!H15+'19'!H15+'20'!H15+'21'!H15+'22'!H15+'23'!H15+'24'!H15+'25'!H15+'26'!H15+'27'!H15+'28'!H15+'29'!H15+'30'!H15+'31'!H15 -> 0 | I15: 50 | J15: =+'1'!J15+'2'!J15+'3'!J15+'4'!J15+'5'!J15+'6'!J15+'7'!J15+'8'!J15+'9'!J15+'10'!J15+'11'!J15+'12'!J15+'13'!J15+'14'!J15+'15'!J15+'16'!J15+'17'!J15+'18'!J15+'19'!J15+'20'!J15+'21'!J15+'22'!J15+'23'!J15+'24'!J15+'25'!J15+'26'!J15+'27'!J15+'28'!J15+'29'!J15+'30'!J15+'31'!J15 -> 0 | L15: 11 | M15: =+'11'!K232 -> 3250 | N15: =+'11'!K237 -> 257 | O15: =+'11'!K235 -> 0 | P15: =+'11'!K233 -> 0 | Q15: =+'11'!K236 -> 0 | R15: =+'11'!K234 -> 1358 | S15: =+M15-N15-P15-R15-Q15 -> 1635 | T15: =+'11'!K239 -> 1635 | U15: =+T15-S15 -> 0
A16: 12 | B16: ชิฟฟ่อน สอดไส้ (ล) 3 ชิ้น บลูเบอรี่ | C16: =+'1'!C16 -> 0 | D16: =+'1'!D16+'2'!D16+'3'!D16+'4'!D16+'5'!D16+'6'!D16+'7'!D16+'8'!D16+'9'!D16+'10'!D16+'11'!D16+'12'!D16+'13'!D16+'14'!D16+'15'!D16+'16'!D16+'17'!D16+'18'!D16+'19'!D16+'20'!D16+'21'!D16+'22'!D16+'23'!D16+'24'!D16+'25'!D16+'26'!D16+'27'!D16+'28'!D16+'29'!D16+'30'!D16+'31'!D16 -> 0 | E16: =+C16+D16 -> 0 | F16: =+'1'!F16+'2'!F16+'3'!F16+'4'!F16+'5'!F16+'6'!F16+'7'!F16+'8'!F16+'9'!F16+'10'!F16+'11'!F16+'12'!F16+'13'!F16+'14'!F16+'15'!F16+'16'!F16+'17'!F16+'18'!F16+'19'!F16+'20'!F16+'21'!F16+'22'!F16+'23'!F16+'24'!F16+'25'!F16+'26'!F16+'27'!F16+'28'!F16+'29'!F16+'30'!F16+'31'!F16 -> 0 | G16: =E16-F16-H16 -> 0 | H16: =+'1'!H16+'2'!H16+'3'!H16+'4'!H16+'5'!H16+'6'!H16+'7'!H16+'8'!H16+'9'!H16+'10'!H16+'11'!H16+'12'!H16+'13'!H16+'14'!H16+'15'!H16+'16'!H16+'17'!H16+'18'!H16+'19'!H16+'20'!H16+'21'!H16+'22'!H16+'23'!H16+'24'!H16+'25'!H16+'26'!H16+'27'!H16+'28'!H16+'29'!H16+'30'!H16+'31'!H16 -> 0 | I16: 50 | J16: =+'1'!J16+'2'!J16+'3'!J16+'4'!J16+'5'!J16+'6'!J16+'7'!J16+'8'!J16+'9'!J16+'10'!J16+'11'!J16+'12'!J16+'13'!J16+'14'!J16+'15'!J16+'16'!J16+'17'!J16+'18'!J16+'19'!J16+'20'!J16+'21'!J16+'22'!J16+'23'!J16+'24'!J16+'25'!J16+'26'!J16+'27'!J16+'28'!J16+'29'!J16+'30'!J16+'31'!J16 -> 0 | L16: 12 | M16: =+'12'!K232 -> 1400 | N16: =+'12'!K237 -> 300 | O16: =+'12'!K235 -> 0 | P16: =+'12'!K233 -> 0 | Q16: =+'12'!K236 -> 0 | R16: =+'12'!K234 -> 660 | S16: =+M16-N16-P16-R16-Q16 -> 440 | T16: =+'12'!K239 -> 440 | U16: =+T16-S16 -> 0
A17: 13 | B17: ชิฟฟ่อน สอดไส้ (ล) 3 ชิ้น ฝอยทอง | C17: =+'1'!C17 -> 0 | D17: =+'1'!D17+'2'!D17+'3'!D17+'4'!D17+'5'!D17+'6'!D17+'7'!D17+'8'!D17+'9'!D17+'10'!D17+'11'!D17+'12'!D17+'13'!D17+'14'!D17+'15'!D17+'16'!D17+'17'!D17+'18'!D17+'19'!D17+'20'!D17+'21'!D17+'22'!D17+'23'!D17+'24'!D17+'25'!D17+'26'!D17+'27'!D17+'28'!D17+'29'!D17+'30'!D17+'31'!D17 -> 0 | E17: =+C17+D17 -> 0 | F17: =+'1'!F17+'2'!F17+'3'!F17+'4'!F17+'5'!F17+'6'!F17+'7'!F17+'8'!F17+'9'!F17+'10'!F17+'11'!F17+'12'!F17+'13'!F17+'14'!F17+'15'!F17+'16'!F17+'17'!F17+'18'!F17+'19'!F17+'20'!F17+'21'!F17+'22'!F17+'23'!F17+'24'!F17+'25'!F17+'26'!F17+'27'!F17+'28'!F17+'29'!F17+'30'!F17+'31'!F17 -> 2 | G17: =E17-F17-H17 -> -5 | H17: =+'1'!H17+'2'!H17+'3'!H17+'4'!H17+'5'!H17+'6'!H17+'7'!H17+'8'!H17+'9'!H17+'10'!H17+'11'!H17+'12'!H17+'13'!H17+'14'!H17+'15'!H17+'16'!H17+'17'!H17+'18'!H17+'19'!H17+'20'!H17+'21'!H17+'22'!H17+'23'!H17+'24'!H17+'25'!H17+'26'!H17+'27'!H17+'28'!H17+'29'!H17+'30'!H17+'31'!H17 -> 3 | I17: 50 | J17: =+'1'!J17+'2'!J17+'3'!J17+'4'!J17+'5'!J17+'6'!J17+'7'!J17+'8'!J17+'9'!J17+'10'!J17+'11'!J17+'12'!J17+'13'!J17+'14'!J17+'15'!J17+'16'!J17+'17'!J17+'18'!J17+'19'!J17+'20'!J17+'21'!J17+'22'!J17+'23'!J17+'24'!J17+'25'!J17+'26'!J17+'27'!J17+'28'!J17+'29'!J17+'30'!J17+'31'!J17 -> 150 | L17: 13 | M17: =+'13'!K232 -> 5145 | N17: =+'13'!K237 -> 727 | O17: =+'13'!K235 -> 0 | P17: =+'13'!K233 -> 0 | Q17: =+'13'!K236 -> 120 | R17: =+'13'!K234 -> 2915 | S17: =+M17-N17-P17-R17-Q17 -> 1383 | T17: =+'13'!K239 -> 1383 | U17: =+T17-S17 -> 0
A18: 14 | B18: ชิฟฟ่อน สอดไส้ (ล) 3 ชิ้น แยมสตรอเบอรี่ | C18: =+'1'!C18 -> 0 | D18: =+'1'!D18+'2'!D18+'3'!D18+'4'!D18+'5'!D18+'6'!D18+'7'!D18+'8'!D18+'9'!D18+'10'!D18+'11'!D18+'12'!D18+'13'!D18+'14'!D18+'15'!D18+'16'!D18+'17'!D18+'18'!D18+'19'!D18+'20'!D18+'21'!D18+'22'!D18+'23'!D18+'24'!D18+'25'!D18+'26'!D18+'27'!D18+'28'!D18+'29'!D18+'30'!D18+'31'!D18 -> 0 | E18: =+C18+D18 -> 0 | F18: =+'1'!F18+'2'!F18+'3'!F18+'4'!F18+'5'!F18+'6'!F18+'7'!F18+'8'!F18+'9'!F18+'10'!F18+'11'!F18+'12'!F18+'13'!F18+'14'!F18+'15'!F18+'16'!F18+'17'!F18+'18'!F18+'19'!F18+'20'!F18+'21'!F18+'22'!F18+'23'!F18+'24'!F18+'25'!F18+'26'!F18+'27'!F18+'28'!F18+'29'!F18+'30'!F18+'31'!F18 -> 0 | G18: =E18-F18-H18 -> 0 | H18: =+'1'!H18+'2'!H18+'3'!H18+'4'!H18+'5'!H18+'6'!H18+'7'!H18+'8'!H18+'9'!H18+'10'!H18+'11'!H18+'12'!H18+'13'!H18+'14'!H18+'15'!H18+'16'!H18+'17'!H18+'18'!H18+'19'!H18+'20'!H18+'21'!H18+'22'!H18+'23'!H18+'24'!H18+'25'!H18+'26'!H18+'27'!H18+'28'!H18+'29'!H18+'30'!H18+'31'!H18 -> 0 | I18: 50 | J18: =+'1'!J18+'2'!J18+'3'!J18+'4'!J18+'5'!J18+'6'!J18+'7'!J18+'8'!J18+'9'!J18+'10'!J18+'11'!J18+'12'!J18+'13'!J18+'14'!J18+'15'!J18+'16'!J18+'17'!J18+'18'!J18+'19'!J18+'20'!J18+'21'!J18+'22'!J18+'23'!J18+'24'!J18+'25'!J18+'26'!J18+'27'!J18+'28'!J18+'29'!J18+'30'!J18+'31'!J18 -> 0 | L18: 14 | M18: =+'14'!K232 -> 4685 | N18: =+'14'!K237 -> 1102 | O18: =+'14'!K235 -> 0 | P18: =+'14'!K233 -> 0 | Q18: =+'14'!K236 -> 720 | R18: =+'14'!K234 -> 1255 | S18: =+M18-N18-P18-R18-Q18 -> 1608 | T18: =+'14'!K239 -> 1608 | U18: =+T18-S18 -> 0
A19: 15 | B19: ชิฟฟ่อน สอดไส้ (ล) 3 ชิ้น เนยมพะร้าว | C19: =+'1'!C19 -> 6 | D19: =+'1'!D19+'2'!D19+'3'!D19+'4'!D19+'5'!D19+'6'!D19+'7'!D19+'8'!D19+'9'!D19+'10'!D19+'11'!D19+'12'!D19+'13'!D19+'14'!D19+'15'!D19+'16'!D19+'17'!D19+'18'!D19+'19'!D19+'20'!D19+'21'!D19+'22'!D19+'23'!D19+'24'!D19+'25'!D19+'26'!D19+'27'!D19+'28'!D19+'29'!D19+'30'!D19+'31'!D19 -> 10 | E19: =+C19+D19 -> 16 | F19: =+'1'!F19+'2'!F19+'3'!F19+'4'!F19+'5'!F19+'6'!F19+'7'!F19+'8'!F19+'9'!F19+'10'!F19+'11'!F19+'12'!F19+'13'!F19+'14'!F19+'15'!F19+'16'!F19+'17'!F19+'18'!F19+'19'!F19+'20'!F19+'21'!F19+'22'!F19+'23'!F19+'24'!F19+'25'!F19+'26'!F19+'27'!F19+'28'!F19+'29'!F19+'30'!F19+'31'!F19 -> 0 | G19: =E19-F19-H19 -> 0 | H19: =+'1'!H19+'2'!H19+'3'!H19+'4'!H19+'5'!H19+'6'!H19+'7'!H19+'8'!H19+'9'!H19+'10'!H19+'11'!H19+'12'!H19+'13'!H19+'14'!H19+'15'!H19+'16'!H19+'17'!H19+'18'!H19+'19'!H19+'20'!H19+'21'!H19+'22'!H19+'23'!H19+'24'!H19+'25'!H19+'26'!H19+'27'!H19+'28'!H19+'29'!H19+'30'!H19+'31'!H19 -> 16 | I19: 50 | J19: =+'1'!J19+'2'!J19+'3'!J19+'4'!J19+'5'!J19+'6'!J19+'7'!J19+'8'!J19+'9'!J19+'10'!J19+'11'!J19+'12'!J19+'13'!J19+'14'!J19+'15'!J19+'16'!J19+'17'!J19+'18'!J19+'19'!J19+'20'!J19+'21'!J19+'22'!J19+'23'!J19+'24'!J19+'25'!J19+'26'!J19+'27'!J19+'28'!J19+'29'!J19+'30'!J19+'31'!J19 -> 800 | L19: 15 | M19: =+'15'!K232 -> 3190 | N19: =+'15'!K237 -> 165 | O19: =+'15'!K235 -> 0 | P19: =+'15'!K233 -> 0 | Q19: =+'15'!K236 -> 0 | R19: =+'15'!K234 -> 920 | S19: =+M19-N19-P19-R19-Q19 -> 2105 | T19: =+'15'!K239 -> 1290 | U19: =+T19-S19 -> -815 | V19: ลูกค้าจ่าย 10/6/67
A20: 16 | B20: ชิฟฟ่อน สอดไส้ (ล) 3 ชิ้น นมชมพู | C20: =+'1'!C20 -> 0 | D20: =+'1'!D20+'2'!D20+'3'!D20+'4'!D20+'5'!D20+'6'!D20+'7'!D20+'8'!D20+'9'!D20+'10'!D20+'11'!D20+'12'!D20+'13'!D20+'14'!D20+'15'!D20+'16'!D20+'17'!D20+'18'!D20+'19'!D20+'20'!D20+'21'!D20+'22'!D20+'23'!D20+'24'!D20+'25'!D20+'26'!D20+'27'!D20+'28'!D20+'29'!D20+'30'!D20+'31'!D20 -> 0 | E20: =+C20+D20 -> 0 | F20: =+'1'!F20+'2'!F20+'3'!F20+'4'!F20+'5'!F20+'6'!F20+'7'!F20+'8'!F20+'9'!F20+'10'!F20+'11'!F20+'12'!F20+'13'!F20+'14'!F20+'15'!F20+'16'!F20+'17'!F20+'18'!F20+'19'!F20+'20'!F20+'21'!F20+'22'!F20+'23'!F20+'24'!F20+'25'!F20+'26'!F20+'27'!F20+'28'!F20+'29'!F20+'30'!F20+'31'!F20 -> 0 | G20: =E20-F20-H20 -> 0 | H20: =+'1'!H20+'2'!H20+'3'!H20+'4'!H20+'5'!H20+'6'!H20+'7'!H20+'8'!H20+'9'!H20+'10'!H20+'11'!H20+'12'!H20+'13'!H20+'14'!H20+'15'!H20+'16'!H20+'17'!H20+'18'!H20+'19'!H20+'20'!H20+'21'!H20+'22'!H20+'23'!H20+'24'!H20+'25'!H20+'26'!H20+'27'!H20+'28'!H20+'29'!H20+'30'!H20+'31'!H20 -> 0 | I20: 50 | J20: =+'1'!J20+'2'!J20+'3'!J20+'4'!J20+'5'!J20+'6'!J20+'7'!J20+'8'!J20+'9'!J20+'10'!J20+'11'!J20+'12'!J20+'13'!J20+'14'!J20+'15'!J20+'16'!J20+'17'!J20+'18'!J20+'19'!J20+'20'!J20+'21'!J20+'22'!J20+'23'!J20+'24'!J20+'25'!J20+'26'!J20+'27'!J20+'28'!J20+'29'!J20+'30'!J20+'31'!J20 -> 0 | L20: 16 | M20: =+'16'!K232 -> 4060 | N20: =+'16'!K237 -> 940 | O20: =+'16'!K235 -> 0 | P20: =+'16'!K233 -> 0 | Q20: =+'16'!K236 -> 0 | R20: =+'16'!K234 -> 1415 | S20: =+M20-N20-P20-R20-Q20 -> 1705 | T20: =+'16'!K239 -> 1705 | U20: =+T20-S20 -> 0
A21: 17 | B21: ชิฟฟ่อน สอดไส้ (ล) 3 ชิ้น ช็อคโกแลต | C21: =+'1'!C21 -> 0 | D21: =+'1'!D21+'2'!D21+'3'!D21+'4'!D21+'5'!D21+'6'!D21+'7'!D21+'8'!D21+'9'!D21+'10'!D21+'11'!D21+'12'!D21+'13'!D21+'14'!D21+'15'!D21+'16'!D21+'17'!D21+'18'!D21+'19'!D21+'20'!D21+'21'!D21+'22'!D21+'23'!D21+'24'!D21+'25'!D21+'26'!D21+'27'!D21+'28'!D21+'29'!D21+'30'!D21+'31'!D21 -> 0 | E21: =+C21+D21 -> 0 | F21: =+'1'!F21+'2'!F21+'3'!F21+'4'!F21+'5'!F21+'6'!F21+'7'!F21+'8'!F21+'9'!F21+'10'!F21+'11'!F21+'12'!F21+'13'!F21+'14'!F21+'15'!F21+'16'!F21+'17'!F21+'18'!F21+'19'!F21+'20'!F21+'21'!F21+'22'!F21+'23'!F21+'24'!F21+'25'!F21+'26'!F21+'27'!F21+'28'!F21+'29'!F21+'30'!F21+'31'!F21 -> 0 | G21: =E21-F21-H21 -> 0 | H21: =+'1'!H21+'2'!H21+'3'!H21+'4'!H21+'5'!H21+'6'!H21+'7'!H21+'8'!H21+'9'!H21+'10'!H21+'11'!H21+'12'!H21+'13'!H21+'14'!H21+'15'!H21+'16'!H21+'17'!H21+'18'!H21+'19'!H21+'20'!H21+'21'!H21+'22'!H21+'23'!H21+'24'!H21+'25'!H21+'26'!H21+'27'!H21+'28'!H21+'29'!H21+'30'!H21+'31'!H21 -> 0 | I21: 50 | J21: =+'1'!J21+'2'!J21+'3'!J21+'4'!J21+'5'!J21+'6'!J21+'7'!J21+'8'!J21+'9'!J21+'10'!J21+'11'!J21+'12'!J21+'13'!J21+'14'!J21+'15'!J21+'16'!J21+'17'!J21+'18'!J21+'19'!J21+'20'!J21+'21'!J21+'22'!J21+'23'!J21+'24'!J21+'25'!J21+'26'!J21+'27'!J21+'28'!J21+'29'!J21+'30'!J21+'31'!J21 -> 0 | L21: 17 | M21: =+'17'!K232 -> 2870 | N21: =+'17'!K237 -> 345 | O21: =+'17'!K235 -> 0 | P21: =+'17'!K233 -> 0 | Q21: =+'17'!K236 -> 0 | R21: =+'17'!K234 -> 855 | S21: =+M21-N21-P21-R21-Q21 -> 1670 | T21: =+'17'!K239 -> 1670 | U21: =+T21-S21 -> 0
A22: 18 | B22: ชิฟฟ่อน สอดไส้ (ก) 5 ชิ้น | C22: =+'1'!C22 -> 4 | D22: =+'1'!D22+'2'!D22+'3'!D22+'4'!D22+'5'!D22+'6'!D22+'7'!D22+'8'!D22+'9'!D22+'10'!D22+'11'!D22+'12'!D22+'13'!D22+'14'!D22+'15'!D22+'16'!D22+'17'!D22+'18'!D22+'19'!D22+'20'!D22+'21'!D22+'22'!D22+'23'!D22+'24'!D22+'25'!D22+'26'!D22+'27'!D22+'28'!D22+'29'!D22+'30'!D22+'31'!D22 -> 9 | E22: =+C22+D22 -> 13 | F22: =+'1'!F22+'2'!F22+'3'!F22+'4'!F22+'5'!F22+'6'!F22+'7'!F22+'8'!F22+'9'!F22+'10'!F22+'11'!F22+'12'!F22+'13'!F22+'14'!F22+'15'!F22+'16'!F22+'17'!F22+'18'!F22+'19'!F22+'20'!F22+'21'!F22+'22'!F22+'23'!F22+'24'!F22+'25'!F22+'26'!F22+'27'!F22+'28'!F22+'29'!F22+'30'!F22+'31'!F22 -> 2 | G22: =E22-F22-H22 -> 0 | H22: =+'1'!H22+'2'!H22+'3'!H22+'4'!H22+'5'!H22+'6'!H22+'7'!H22+'8'!H22+'9'!H22+'10'!H22+'11'!H22+'12'!H22+'13'!H22+'14'!H22+'15'!H22+'16'!H22+'17'!H22+'18'!H22+'19'!H22+'20'!H22+'21'!H22+'22'!H22+'23'!H22+'24'!H22+'25'!H22+'26'!H22+'27'!H22+'28'!H22+'29'!H22+'30'!H22+'31'!H22 -> 11 | I22: 85 | J22: =+'1'!J22+'2'!J22+'3'!J22+'4'!J22+'5'!J22+'6'!J22+'7'!J22+'8'!J22+'9'!J22+'10'!J22+'11'!J22+'12'!J22+'13'!J22+'14'!J22+'15'!J22+'16'!J22+'17'!J22+'18'!J22+'19'!J22+'20'!J22+'21'!J22+'22'!J22+'23'!J22+'24'!J22+'25'!J22+'26'!J22+'27'!J22+'28'!J22+'29'!J22+'30'!J22+'31'!J22 -> 935 | L22: 18 | M22: =+'18'!K232 -> 2282 | N22: =+'18'!K237 -> 66 | O22: =+'18'!K235 -> 0 | P22: =+'18'!K233 -> 0 | Q22: =+'18'!K236 -> 0 | R22: =+'18'!K234 -> 1750 | S22: =+M22-N22-P22-R22-Q22 -> 466 | T22: =+'18'!K239 -> 1166 | U22: =+T22-S22 -> 700
A23: 19 | B23: ชิฟฟ่อน สอดไส้ 6 ชิ้น รวมรส | C23: =+'1'!C23 -> 17 | D23: =+'1'!D23+'2'!D23+'3'!D23+'4'!D23+'5'!D23+'6'!D23+'7'!D23+'8'!D23+'9'!D23+'10'!D23+'11'!D23+'12'!D23+'13'!D23+'14'!D23+'15'!D23+'16'!D23+'17'!D23+'18'!D23+'19'!D23+'20'!D23+'21'!D23+'22'!D23+'23'!D23+'24'!D23+'25'!D23+'26'!D23+'27'!D23+'28'!D23+'29'!D23+'30'!D23+'31'!D23 -> 55 | E23: =+C23+D23 -> 72 | F23: =+'1'!F23+'2'!F23+'3'!F23+'4'!F23+'5'!F23+'6'!F23+'7'!F23+'8'!F23+'9'!F23+'10'!F23+'11'!F23+'12'!F23+'13'!F23+'14'!F23+'15'!F23+'16'!F23+'17'!F23+'18'!F23+'19'!F23+'20'!F23+'21'!F23+'22'!F23+'23'!F23+'24'!F23+'25'!F23+'26'!F23+'27'!F23+'28'!F23+'29'!F23+'30'!F23+'31'!F23 -> 16 | G23: =E23-F23-H23 -> 0 | H23: =+'1'!H23+'2'!H23+'3'!H23+'4'!H23+'5'!H23+'6'!H23+'7'!H23+'8'!H23+'9'!H23+'10'!H23+'11'!H23+'12'!H23+'13'!H23+'14'!H23+'15'!H23+'16'!H23+'17'!H23+'18'!H23+'19'!H23+'20'!H23+'21'!H23+'22'!H23+'23'!H23+'24'!H23+'25'!H23+'26'!H23+'27'!H23+'28'!H23+'29'!H23+'30'!H23+'31'!H23 -> 56 | I23: 100 | J23: =+'1'!J23+'2'!J23+'3'!J23+'4'!J23+'5'!J23+'6'!J23+'7'!J23+'8'!J23+'9'!J23+'10'!J23+'11'!J23+'12'!J23+'13'!J23+'14'!J23+'15'!J23+'16'!J23+'17'!J23+'18'!J23+'19'!J23+'20'!J23+'21'!J23+'22'!J23+'23'!J23+'24'!J23+'25'!J23+'26'!J23+'27'!J23+'28'!J23+'29'!J23+'30'!J23+'31'!J23 -> 5600 | L23: 19 | M23: =+'19'!K232 -> 1035 | N23: =+'19'!K237 -> 260 | O23: =+'19'!K235 -> 0 | P23: =+'19'!K233 -> 0 | Q23: =+'19'!K236 -> 95 | R23: =+'19'!K234 -> 615 | S23: =+M23-N23-P23-R23-Q23 -> 65 | T23: =+'19'!K239 -> 65 | U23: =+T23-S23 -> 0
A24: 20 | B24: ชิฟฟ่อน สอดไส้ 6 ชิ้น ฝอยทอง | C24: =+'1'!C24 -> 10 | D24: =+'1'!D24+'2'!D24+'3'!D24+'4'!D24+'5'!D24+'6'!D24+'7'!D24+'8'!D24+'9'!D24+'10'!D24+'11'!D24+'12'!D24+'13'!D24+'14'!D24+'15'!D24+'16'!D24+'17'!D24+'18'!D24+'19'!D24+'20'!D24+'21'!D24+'22'!D24+'23'!D24+'24'!D24+'25'!D24+'26'!D24+'27'!D24+'28'!D24+'29'!D24+'30'!D24+'31'!D24 -> 17 | E24: =+C24+D24 -> 27 | F24: =+'1'!F24+'2'!F24+'3'!F24+'4'!F24+'5'!F24+'6'!F24+'7'!F24+'8'!F24+'9'!F24+'10'!F24+'11'!F24+'12'!F24+'13'!F24+'14'!F24+'15'!F24+'16'!F24+'17'!F24+'18'!F24+'19'!F24+'20'!F24+'21'!F24+'22'!F24+'23'!F24+'24'!F24+'25'!F24+'26'!F24+'27'!F24+'28'!F24+'29'!F24+'30'!F24+'31'!F24 -> 5 | G24: =E24-F24-H24 -> 0 | H24: =+'1'!H24+'2'!H24+'3'!H24+'4'!H24+'5'!H24+'6'!H24+'7'!H24+'8'!H24+'9'!H24+'10'!H24+'11'!H24+'12'!H24+'13'!H24+'14'!H24+'15'!H24+'16'!H24+'17'!H24+'18'!H24+'19'!H24+'20'!H24+'21'!H24+'22'!H24+'23'!H24+'24'!H24+'25'!H24+'26'!H24+'27'!H24+'28'!H24+'29'!H24+'30'!H24+'31'!H24 -> 22 | I24: 100 | J24: =+'1'!J24+'2'!J24+'3'!J24+'4'!J24+'5'!J24+'6'!J24+'7'!J24+'8'!J24+'9'!J24+'10'!J24+'11'!J24+'12'!J24+'13'!J24+'14'!J24+'15'!J24+'16'!J24+'17'!J24+'18'!J24+'19'!J24+'20'!J24+'21'!J24+'22'!J24+'23'!J24+'24'!J24+'25'!J24+'26'!J24+'27'!J24+'28'!J24+'29'!J24+'30'!J24+'31'!J24 -> 2200 | L24: 20 | M24: =+'20'!K232 -> 4445 | N24: =+'20'!K237 -> 822 | O24: =+'20'!K235 -> 0 | P24: =+'20'!K233 -> 0 | Q24: =+'20'!K236 -> 0 | R24: =+'20'!K234 -> 1290 | S24: =+M24-N24-P24-R24-Q24 -> 2333 | T24: =+'20'!K239 -> 2333 | U24: =+T24-S24 -> 0
A25: 21 | B25: ชิฟฟ่อน สอดไส้ 6 ชิ้น ทูโทน | C25: =+'1'!C25 -> 0 | D25: =+'1'!D25+'2'!D25+'3'!D25+'4'!D25+'5'!D25+'6'!D25+'7'!D25+'8'!D25+'9'!D25+'10'!D25+'11'!D25+'12'!D25+'13'!D25+'14'!D25+'15'!D25+'16'!D25+'17'!D25+'18'!D25+'19'!D25+'20'!D25+'21'!D25+'22'!D25+'23'!D25+'24'!D25+'25'!D25+'26'!D25+'27'!D25+'28'!D25+'29'!D25+'30'!D25+'31'!D25 -> 0 | E25: =+C25+D25 -> 0 | F25: =+'1'!F25+'2'!F25+'3'!F25+'4'!F25+'5'!F25+'6'!F25+'7'!F25+'8'!F25+'9'!F25+'10'!F25+'11'!F25+'12'!F25+'13'!F25+'14'!F25+'15'!F25+'16'!F25+'17'!F25+'18'!F25+'19'!F25+'20'!F25+'21'!F25+'22'!F25+'23'!F25+'24'!F25+'25'!F25+'26'!F25+'27'!F25+'28'!F25+'29'!F25+'30'!F25+'31'!F25 -> 0 | G25: =E25-F25-H25 -> 0 | H25: =+'1'!H25+'2'!H25+'3'!H25+'4'!H25+'5'!H25+'6'!H25+'7'!H25+'8'!H25+'9'!H25+'10'!H25+'11'!H25+'12'!H25+'13'!H25+'14'!H25+'15'!H25+'16'!H25+'17'!H25+'18'!H25+'19'!H25+'20'!H25+'21'!H25+'22'!H25+'23'!H25+'24'!H25+'25'!H25+'26'!H25+'27'!H25+'28'!H25+'29'!H25+'30'!H25+'31'!H25 -> 0 | I25: 100 | J25: =+'1'!J25+'2'!J25+'3'!J25+'4'!J25+'5'!J25+'6'!J25+'7'!J25+'8'!J25+'9'!J25+'10'!J25+'11'!J25+'12'!J25+'13'!J25+'14'!J25+'15'!J25+'16'!J25+'17'!J25+'18'!J25+'19'!J25+'20'!J25+'21'!J25+'22'!J25+'23'!J25+'24'!J25+'25'!J25+'26'!J25+'27'!J25+'28'!J25+'29'!J25+'30'!J25+'31'!J25 -> 0 | L25: 21 | M25: =+'21'!K232 -> 5330 | N25: =+'21'!K237 -> 450 | O25: =+'21'!K235 -> 0 | P25: =+'21'!K233 -> 0 | Q25: =+'21'!K236 -> 0 | R25: =+'21'!K234 -> 3405 | S25: =+M25-N25-P25-R25-Q25 -> 1475 | T25: =+'21'!K239 -> 1530 | U25: =+T25-S25 -> 55
A26: 22 | B26: ชิฟฟ่อน สอดไส้ 6 ชิ้น นมชมพู | C26: =+'1'!C26 -> 8 | D26: =+'1'!D26+'2'!D26+'3'!D26+'4'!D26+'5'!D26+'6'!D26+'7'!D26+'8'!D26+'9'!D26+'10'!D26+'11'!D26+'12'!D26+'13'!D26+'14'!D26+'15'!D26+'16'!D26+'17'!D26+'18'!D26+'19'!D26+'20'!D26+'21'!D26+'22'!D26+'23'!D26+'24'!D26+'25'!D26+'26'!D26+'27'!D26+'28'!D26+'29'!D26+'30'!D26+'31'!D26 -> 5 | E26: =+C26+D26 -> 13 | F26: =+'1'!F26+'2'!F26+'3'!F26+'4'!F26+'5'!F26+'6'!F26+'7'!F26+'8'!F26+'9'!F26+'10'!F26+'11'!F26+'12'!F26+'13'!F26+'14'!F26+'15'!F26+'16'!F26+'17'!F26+'18'!F26+'19'!F26+'20'!F26+'21'!F26+'22'!F26+'23'!F26+'24'!F26+'25'!F26+'26'!F26+'27'!F26+'28'!F26+'29'!F26+'30'!F26+'31'!F26 -> 2 | G26: =E26-F26-H26 -> 2 | H26: =+'1'!H26+'2'!H26+'3'!H26+'4'!H26+'5'!H26+'6'!H26+'7'!H26+'8'!H26+'9'!H26+'10'!H26+'11'!H26+'12'!H26+'13'!H26+'14'!H26+'15'!H26+'16'!H26+'17'!H26+'18'!H26+'19'!H26+'20'!H26+'21'!H26+'22'!H26+'23'!H26+'24'!H26+'25'!H26+'26'!H26+'27'!H26+'28'!H26+'29'!H26+'30'!H26+'31'!H26 -> 9 | I26: 100 | J26: =+'1'!J26+'2'!J26+'3'!J26+'4'!J26+'5'!J26+'6'!J26+'7'!J26+'8'!J26+'9'!J26+'10'!J26+'11'!J26+'12'!J26+'13'!J26+'14'!J26+'15'!J26+'16'!J26+'17'!J26+'18'!J26+'19'!J26+'20'!J26+'21'!J26+'22'!J26+'23'!J26+'24'!J26+'25'!J26+'26'!J26+'27'!J26+'28'!J26+'29'!J26+'30'!J26+'31'!J26 -> 900 | L26: 22 | M26: =+'22'!K232 -> 4680 | N26: =+'22'!K237 -> 641 | O26: =+'22'!K235 -> 0 | P26: =+'22'!K233 -> 0 | Q26: =+'22'!K236 -> 18 | R26: =+'22'!K234 -> 2024 | S26: =+M26-N26-P26-R26-Q26 -> 1997 | T26: =+'22'!K239 -> 1997 | U26: =+T26-S26 -> 0
A27: 23 | B27: ชิฟฟ่อน สอดไส้ 6 ชิ้น บลูเบอรี่ | C27: =+'1'!C27 -> 6 | D27: =+'1'!D27+'2'!D27+'3'!D27+'4'!D27+'5'!D27+'6'!D27+'7'!D27+'8'!D27+'9'!D27+'10'!D27+'11'!D27+'12'!D27+'13'!D27+'14'!D27+'15'!D27+'16'!D27+'17'!D27+'18'!D27+'19'!D27+'20'!D27+'21'!D27+'22'!D27+'23'!D27+'24'!D27+'25'!D27+'26'!D27+'27'!D27+'28'!D27+'29'!D27+'30'!D27+'31'!D27 -> 0 | E27: =+C27+D27 -> 6 | F27: =+'1'!F27+'2'!F27+'3'!F27+'4'!F27+'5'!F27+'6'!F27+'7'!F27+'8'!F27+'9'!F27+'10'!F27+'11'!F27+'12'!F27+'13'!F27+'14'!F27+'15'!F27+'16'!F27+'17'!F27+'18'!F27+'19'!F27+'20'!F27+'21'!F27+'22'!F27+'23'!F27+'24'!F27+'25'!F27+'26'!F27+'27'!F27+'28'!F27+'29'!F27+'30'!F27+'31'!F27 -> 0 | G27: =E27-F27-H27 -> 0 | H27: =+'1'!H27+'2'!H27+'3'!H27+'4'!H27+'5'!H27+'6'!H27+'7'!H27+'8'!H27+'9'!H27+'10'!H27+'11'!H27+'12'!H27+'13'!H27+'14'!H27+'15'!H27+'16'!H27+'17'!H27+'18'!H27+'19'!H27+'20'!H27+'21'!H27+'22'!H27+'23'!H27+'24'!H27+'25'!H27+'26'!H27+'27'!H27+'28'!H27+'29'!H27+'30'!H27+'31'!H27 -> 6 | I27: 100 | J27: =+'1'!J27+'2'!J27+'3'!J27+'4'!J27+'5'!J27+'6'!J27+'7'!J27+'8'!J27+'9'!J27+'10'!J27+'11'!J27+'12'!J27+'13'!J27+'14'!J27+'15'!J27+'16'!J27+'17'!J27+'18'!J27+'19'!J27+'20'!J27+'21'!J27+'22'!J27+'23'!J27+'24'!J27+'25'!J27+'26'!J27+'27'!J27+'28'!J27+'29'!J27+'30'!J27+'31'!J27 -> 600 | L27: 23 | M27: =+'23'!K232 -> 5310 | N27: =+'23'!K237 -> 435 | O27: =+'23'!K235 -> 0 | P27: =+'23'!K233 -> 0 | Q27: =+'23'!K236 -> 0 | R27: =+'23'!K234 -> 1885 | S27: =+M27-N27-P27-R27-Q27 -> 2990 | T27: =+'23'!K239 -> 2990 | U27: =+T27-S27 -> 0
A28: 24 | B28: ชิฟฟ่อน สอดไส้ 6 ชิ้น ช็อคโกแลต | C28: =+'1'!C28 -> 0 | D28: =+'1'!D28+'2'!D28+'3'!D28+'4'!D28+'5'!D28+'6'!D28+'7'!D28+'8'!D28+'9'!D28+'10'!D28+'11'!D28+'12'!D28+'13'!D28+'14'!D28+'15'!D28+'16'!D28+'17'!D28+'18'!D28+'19'!D28+'20'!D28+'21'!D28+'22'!D28+'23'!D28+'24'!D28+'25'!D28+'26'!D28+'27'!D28+'28'!D28+'29'!D28+'30'!D28+'31'!D28 -> 0 | E28: =+C28+D28 -> 0 | F28: =+'1'!F28+'2'!F28+'3'!F28+'4'!F28+'5'!F28+'6'!F28+'7'!F28+'8'!F28+'9'!F28+'10'!F28+'11'!F28+'12'!F28+'13'!F28+'14'!F28+'15'!F28+'16'!F28+'17'!F28+'18'!F28+'19'!F28+'20'!F28+'21'!F28+'22'!F28+'23'!F28+'24'!F28+'25'!F28+'26'!F28+'27'!F28+'28'!F28+'29'!F28+'30'!F28+'31'!F28 -> 0 | G28: =E28-F28-H28 -> 0 | H28: =+'1'!H28+'2'!H28+'3'!H28+'4'!H28+'5'!H28+'6'!H28+'7'!H28+'8'!H28+'9'!H28+'10'!H28+'11'!H28+'12'!H28+'13'!H28+'14'!H28+'15'!H28+'16'!H28+'17'!H28+'18'!H28+'19'!H28+'20'!H28+'21'!H28+'22'!H28+'23'!H28+'24'!H28+'25'!H28+'26'!H28+'27'!H28+'28'!H28+'29'!H28+'30'!H28+'31'!H28 -> 0 | I28: 100 | J28: =+'1'!J28+'2'!J28+'3'!J28+'4'!J28+'5'!J28+'6'!J28+'7'!J28+'8'!J28+'9'!J28+'10'!J28+'11'!J28+'12'!J28+'13'!J28+'14'!J28+'15'!J28+'16'!J28+'17'!J28+'18'!J28+'19'!J28+'20'!J28+'21'!J28+'22'!J28+'23'!J28+'24'!J28+'25'!J28+'26'!J28+'27'!J28+'28'!J28+'29'!J28+'30'!J28+'31'!J28 -> 0 | L28: 24 | M28: =+'24'!K232 -> 5560 | N28: =+'24'!K237 -> 717 | O28: =+'24'!K235 -> 0 | P28: =+'24'!K233 -> 0 | Q28: =+'24'!K236 -> 210 | R28: =+'24'!K234 -> 2905 | S28: =+M28-N28-P28-R28-Q28 -> 1728 | T28: =+'24'!K239 -> 1728 | U28: =+T28-S28 -> 0
A29: 25 | B29: ชิฟฟ่อน สอดไส้ 6 ชิ้น มะพร้าว | C29: =+'1'!C29 -> 3 | D29: =+'1'!D29+'2'!D29+'3'!D29+'4'!D29+'5'!D29+'6'!D29+'7'!D29+'8'!D29+'9'!D29+'10'!D29+'11'!D29+'12'!D29+'13'!D29+'14'!D29+'15'!D29+'16'!D29+'17'!D29+'18'!D29+'19'!D29+'20'!D29+'21'!D29+'22'!D29+'23'!D29+'24'!D29+'25'!D29+'26'!D29+'27'!D29+'28'!D29+'29'!D29+'30'!D29+'31'!D29 -> 19 | E29: =+C29+D29 -> 22 | F29: =+'1'!F29+'2'!F29+'3'!F29+'4'!F29+'5'!F29+'6'!F29+'7'!F29+'8'!F29+'9'!F29+'10'!F29+'11'!F29+'12'!F29+'13'!F29+'14'!F29+'15'!F29+'16'!F29+'17'!F29+'18'!F29+'19'!F29+'20'!F29+'21'!F29+'22'!F29+'23'!F29+'24'!F29+'25'!F29+'26'!F29+'27'!F29+'28'!F29+'29'!F29+'30'!F29+'31'!F29 -> 0 | G29: =E29-F29-H29 -> 1 | H29: =+'1'!H29+'2'!H29+'3'!H29+'4'!H29+'5'!H29+'6'!H29+'7'!H29+'8'!H29+'9'!H29+'10'!H29+'11'!H29+'12'!H29+'13'!H29+'14'!H29+'15'!H29+'16'!H29+'17'!H29+'18'!H29+'19'!H29+'20'!H29+'21'!H29+'22'!H29+'23'!H29+'24'!H29+'25'!H29+'26'!H29+'27'!H29+'28'!H29+'29'!H29+'30'!H29+'31'!H29 -> 21 | I29: 100 | J29: =+'1'!J29+'2'!J29+'3'!J29+'4'!J29+'5'!J29+'6'!J29+'7'!J29+'8'!J29+'9'!J29+'10'!J29+'11'!J29+'12'!J29+'13'!J29+'14'!J29+'15'!J29+'16'!J29+'17'!J29+'18'!J29+'19'!J29+'20'!J29+'21'!J29+'22'!J29+'23'!J29+'24'!J29+'25'!J29+'26'!J29+'27'!J29+'28'!J29+'29'!J29+'30'!J29+'31'!J29 -> 2100 | L29: 25 | M29: =+'25'!K232 -> 3320 | N29: =+'25'!K237 -> 390 | O29: =+'25'!K235 -> 0 | P29: =+'25'!K233 -> 0 | Q29: =+'25'!K236 -> 0 | R29: =+'25'!K234 -> 2310 | S29: =+M29-N29-P29-R29-Q29 -> 620 | T29: =+'25'!K239 -> 560 | U29: =+T29-S29 -> -60
A30: 26 | B30: ชิฟฟ่อน สอดไส้ 6 ชิ้น ส้ม | C30: =+'1'!C30 -> 0 | D30: =+'1'!D30+'2'!D30+'3'!D30+'4'!D30+'5'!D30+'6'!D30+'7'!D30+'8'!D30+'9'!D30+'10'!D30+'11'!D30+'12'!D30+'13'!D30+'14'!D30+'15'!D30+'16'!D30+'17'!D30+'18'!D30+'19'!D30+'20'!D30+'21'!D30+'22'!D30+'23'!D30+'24'!D30+'25'!D30+'26'!D30+'27'!D30+'28'!D30+'29'!D30+'30'!D30+'31'!D30 -> 0 | E30: =+C30+D30 -> 0 | F30: =+'1'!F30+'2'!F30+'3'!F30+'4'!F30+'5'!F30+'6'!F30+'7'!F30+'8'!F30+'9'!F30+'10'!F30+'11'!F30+'12'!F30+'13'!F30+'14'!F30+'15'!F30+'16'!F30+'17'!F30+'18'!F30+'19'!F30+'20'!F30+'21'!F30+'22'!F30+'23'!F30+'24'!F30+'25'!F30+'26'!F30+'27'!F30+'28'!F30+'29'!F30+'30'!F30+'31'!F30 -> 0 | G30: =E30-F30-H30 -> 0 | H30: =+'1'!H30+'2'!H30+'3'!H30+'4'!H30+'5'!H30+'6'!H30+'7'!H30+'8'!H30+'9'!H30+'10'!H30+'11'!H30+'12'!H30+'13'!H30+'14'!H30+'15'!H30+'16'!H30+'17'!H30+'18'!H30+'19'!H30+'20'!H30+'21'!H30+'22'!H30+'23'!H30+'24'!H30+'25'!H30+'26'!H30+'27'!H30+'28'!H30+'29'!H30+'30'!H30+'31'!H30 -> 0 | I30: 100 | J30: =+'1'!J30+'2'!J30+'3'!J30+'4'!J30+'5'!J30+'6'!J30+'7'!J30+'8'!J30+'9'!J30+'10'!J30+'11'!J30+'12'!J30+'13'!J30+'14'!J30+'15'!J30+'16'!J30+'17'!J30+'18'!J30+'19'!J30+'20'!J30+'21'!J30+'22'!J30+'23'!J30+'24'!J30+'25'!J30+'26'!J30+'27'!J30+'28'!J30+'29'!J30+'30'!J30+'31'!J30 -> 0 | L30: 26 | M30: =+'26'!K232 -> 4590 | N30: =+'26'!K237 -> 337 | O30: =+'26'!K235 -> 0 | P30: =+'26'!K233 -> 0 | Q30: =+'26'!K236 -> 0 | R30: =+'26'!K234 -> 2788 | S30: =+M30-N30-P30-R30-Q30 -> 1465 | T30: =+'26'!K239 -> 1465 | U30: =+T30-S30 -> 0
A31: 27 | B31: ชิฟฟ่อน สอดไส้ 6 ชิ้น สตรอเบอรี่ | C31: =+'1'!C31 -> 4 | D31: =+'1'!D31+'2'!D31+'3'!D31+'4'!D31+'5'!D31+'6'!D31+'7'!D31+'8'!D31+'9'!D31+'10'!D31+'11'!D31+'12'!D31+'13'!D31+'14'!D31+'15'!D31+'16'!D31+'17'!D31+'18'!D31+'19'!D31+'20'!D31+'21'!D31+'22'!D31+'23'!D31+'24'!D31+'25'!D31+'26'!D31+'27'!D31+'28'!D31+'29'!D31+'30'!D31+'31'!D31 -> 3 | E31: =+C31+D31 -> 7 | F31: =+'1'!F31+'2'!F31+'3'!F31+'4'!F31+'5'!F31+'6'!F31+'7'!F31+'8'!F31+'9'!F31+'10'!F31+'11'!F31+'12'!F31+'13'!F31+'14'!F31+'15'!F31+'16'!F31+'17'!F31+'18'!F31+'19'!F31+'20'!F31+'21'!F31+'22'!F31+'23'!F31+'24'!F31+'25'!F31+'26'!F31+'27'!F31+'28'!F31+'29'!F31+'30'!F31+'31'!F31 -> 0 | G31: =E31-F31-H31 -> 0 | H31: =+'1'!H31+'2'!H31+'3'!H31+'4'!H31+'5'!H31+'6'!H31+'7'!H31+'8'!H31+'9'!H31+'10'!H31+'11'!H31+'12'!H31+'13'!H31+'14'!H31+'15'!H31+'16'!H31+'17'!H31+'18'!H31+'19'!H31+'20'!H31+'21'!H31+'22'!H31+'23'!H31+'24'!H31+'25'!H31+'26'!H31+'27'!H31+'28'!H31+'29'!H31+'30'!H31+'31'!H31 -> 7 | I31: 100 | J31: =+'1'!J31+'2'!J31+'3'!J31+'4'!J31+'5'!J31+'6'!J31+'7'!J31+'8'!J31+'9'!J31+'10'!J31+'11'!J31+'12'!J31+'13'!J31+'14'!J31+'15'!J31+'16'!J31+'17'!J31+'18'!J31+'19'!J31+'20'!J31+'21'!J31+'22'!J31+'23'!J31+'24'!J31+'25'!J31+'26'!J31+'27'!J31+'28'!J31+'29'!J31+'30'!J31+'31'!J31 -> 700 | L31: 27 | M31: =+'27'!K232 -> 440 | N31: =+'27'!K237 -> 60 | O31: =+'27'!K235 -> 0 | P31: =+'27'!K233 -> 0 | Q31: =+'27'!K236 -> 270 | R31: =+'27'!K234 -> 280 | S31: =+M31-N31-P31-R31-Q31 -> -170 | T31: =+'27'!K239 -> 0 | U31: =+T31-S31 -> 170
A32: 28 | B32: ชิฟฟ่อน สอดไส้ (ญ) 8 ชิ้น ใบเตย | C32: =+'1'!C32 -> 0 | D32: =+'1'!D32+'2'!D32+'3'!D32+'4'!D32+'5'!D32+'6'!D32+'7'!D32+'8'!D32+'9'!D32+'10'!D32+'11'!D32+'12'!D32+'13'!D32+'14'!D32+'15'!D32+'16'!D32+'17'!D32+'18'!D32+'19'!D32+'20'!D32+'21'!D32+'22'!D32+'23'!D32+'24'!D32+'25'!D32+'26'!D32+'27'!D32+'28'!D32+'29'!D32+'30'!D32+'31'!D32 -> 0 | E32: =+C32+D32 -> 0 | F32: =+'1'!F32+'2'!F32+'3'!F32+'4'!F32+'5'!F32+'6'!F32+'7'!F32+'8'!F32+'9'!F32+'10'!F32+'11'!F32+'12'!F32+'13'!F32+'14'!F32+'15'!F32+'16'!F32+'17'!F32+'18'!F32+'19'!F32+'20'!F32+'21'!F32+'22'!F32+'23'!F32+'24'!F32+'25'!F32+'26'!F32+'27'!F32+'28'!F32+'29'!F32+'30'!F32+'31'!F32 -> 0 | G32: =E32-F32-H32 -> 0 | H32: =+'1'!H32+'2'!H32+'3'!H32+'4'!H32+'5'!H32+'6'!H32+'7'!H32+'8'!H32+'9'!H32+'10'!H32+'11'!H32+'12'!H32+'13'!H32+'14'!H32+'15'!H32+'16'!H32+'17'!H32+'18'!H32+'19'!H32+'20'!H32+'21'!H32+'22'!H32+'23'!H32+'24'!H32+'25'!H32+'26'!H32+'27'!H32+'28'!H32+'29'!H32+'30'!H32+'31'!H32 -> 0 | I32: 130 | J32: =+'1'!J32+'2'!J32+'3'!J32+'4'!J32+'5'!J32+'6'!J32+'7'!J32+'8'!J32+'9'!J32+'10'!J32+'11'!J32+'12'!J32+'13'!J32+'14'!J32+'15'!J32+'16'!J32+'17'!J32+'18'!J32+'19'!J32+'20'!J32+'21'!J32+'22'!J32+'23'!J32+'24'!J32+'25'!J32+'26'!J32+'27'!J32+'28'!J32+'29'!J32+'30'!J32+'31'!J32 -> 0 | L32: 28 | M32: =+'28'!K232 -> 3690 | N32: =+'28'!K237 -> 1295 | O32: =+'28'!K235 -> 0 | P32: =+'28'!K233 -> 0 | Q32: =+'28'!K236 -> 0 | R32: =+'28'!K234 -> 1475 | S32: =+M32-N32-P32-R32-Q32 -> 920 | T32: =+'28'!K239 -> 750 | U32: =+T32-S32 -> -170
A33: 29 | B33: ชิฟฟ่อน สอดไส้ (ญ) 8 ชิ้น ทูโทนใบเตย | C33: =+'1'!C33 -> 0 | D33: =+'1'!D33+'2'!D33+'3'!D33+'4'!D33+'5'!D33+'6'!D33+'7'!D33+'8'!D33+'9'!D33+'10'!D33+'11'!D33+'12'!D33+'13'!D33+'14'!D33+'15'!D33+'16'!D33+'17'!D33+'18'!D33+'19'!D33+'20'!D33+'21'!D33+'22'!D33+'23'!D33+'24'!D33+'25'!D33+'26'!D33+'27'!D33+'28'!D33+'29'!D33+'30'!D33+'31'!D33 -> 8 | E33: =+C33+D33 -> 8 | F33: =+'1'!F33+'2'!F33+'3'!F33+'4'!F33+'5'!F33+'6'!F33+'7'!F33+'8'!F33+'9'!F33+'10'!F33+'11'!F33+'12'!F33+'13'!F33+'14'!F33+'15'!F33+'16'!F33+'17'!F33+'18'!F33+'19'!F33+'20'!F33+'21'!F33+'22'!F33+'23'!F33+'24'!F33+'25'!F33+'26'!F33+'27'!F33+'28'!F33+'29'!F33+'30'!F33+'31'!F33 -> 0 | G33: =E33-F33-H33 -> -2 | H33: =+'1'!H33+'2'!H33+'3'!H33+'4'!H33+'5'!H33+'6'!H33+'7'!H33+'8'!H33+'9'!H33+'10'!H33+'11'!H33+'12'!H33+'13'!H33+'14'!H33+'15'!H33+'16'!H33+'17'!H33+'18'!H33+'19'!H33+'20'!H33+'21'!H33+'22'!H33+'23'!H33+'24'!H33+'25'!H33+'26'!H33+'27'!H33+'28'!H33+'29'!H33+'30'!H33+'31'!H33 -> 10 | I33: 130 | J33: =+'1'!J33+'2'!J33+'3'!J33+'4'!J33+'5'!J33+'6'!J33+'7'!J33+'8'!J33+'9'!J33+'10'!J33+'11'!J33+'12'!J33+'13'!J33+'14'!J33+'15'!J33+'16'!J33+'17'!J33+'18'!J33+'19'!J33+'20'!J33+'21'!J33+'22'!J33+'23'!J33+'24'!J33+'25'!J33+'26'!J33+'27'!J33+'28'!J33+'29'!J33+'30'!J33+'31'!J33 -> 1300 | L33: 29 | M33: =+'29'!K233 -> 2445 | N33: =+'29'!K238 -> 64 | O33: =+'29'!K236 -> 0 | P33: =+'29'!K234 -> 0 | Q33: =+'29'!K237 -> 0 | R33: =+'29'!K235 -> 1796 | S33: =+M33-N33-P33-R33-Q33 -> 585 | T33: =+'29'!K240 -> 585 | U33: =+T33-S33 -> 0
A34: 30 | B34: ชิฟฟ่อน สอดไส้ (ญ) 8 ชิ้น รวมรส | C34: =+'1'!C34 -> 3 | D34: =+'1'!D34+'2'!D34+'3'!D34+'4'!D34+'5'!D34+'6'!D34+'7'!D34+'8'!D34+'9'!D34+'10'!D34+'11'!D34+'12'!D34+'13'!D34+'14'!D34+'15'!D34+'16'!D34+'17'!D34+'18'!D34+'19'!D34+'20'!D34+'21'!D34+'22'!D34+'23'!D34+'24'!D34+'25'!D34+'26'!D34+'27'!D34+'28'!D34+'29'!D34+'30'!D34+'31'!D34 -> 12 | E34: =+C34+D34 -> 15 | F34: =+'1'!F34+'2'!F34+'3'!F34+'4'!F34+'5'!F34+'6'!F34+'7'!F34+'8'!F34+'9'!F34+'10'!F34+'11'!F34+'12'!F34+'13'!F34+'14'!F34+'15'!F34+'16'!F34+'17'!F34+'18'!F34+'19'!F34+'20'!F34+'21'!F34+'22'!F34+'23'!F34+'24'!F34+'25'!F34+'26'!F34+'27'!F34+'28'!F34+'29'!F34+'30'!F34+'31'!F34 -> 3 | G34: =E34-F34-H34 -> 0 | H34: =+'1'!H34+'2'!H34+'3'!H34+'4'!H34+'5'!H34+'6'!H34+'7'!H34+'8'!H34+'9'!H34+'10'!H34+'11'!H34+'12'!H34+'13'!H34+'14'!H34+'15'!H34+'16'!H34+'17'!H34+'18'!H34+'19'!H34+'20'!H34+'21'!H34+'22'!H34+'23'!H34+'24'!H34+'25'!H34+'26'!H34+'27'!H34+'28'!H34+'29'!H34+'30'!H34+'31'!H34 -> 12 | I34: 130 | J34: =+'1'!J34+'2'!J34+'3'!J34+'4'!J34+'5'!J34+'6'!J34+'7'!J34+'8'!J34+'9'!J34+'10'!J34+'11'!J34+'12'!J34+'13'!J34+'14'!J34+'15'!J34+'16'!J34+'17'!J34+'18'!J34+'19'!J34+'20'!J34+'21'!J34+'22'!J34+'23'!J34+'24'!J34+'25'!J34+'26'!J34+'27'!J34+'28'!J34+'29'!J34+'30'!J34+'31'!J34 -> 1560 | L34: 30 | M34: =+'30'!K233 -> 6670 | N34: =+'30'!K238 -> 905 | O34: =+'30'!K236 -> 0 | P34: =+'30'!K234 -> 0 | Q34: =+'30'!K237 -> 630 | R34: =+'30'!K235 -> 1165 | S34: =+M34-N34-P34-R34-Q34 -> 3970 | T34: =+'30'!K240 -> 3970 | U34: =+T34-S34 -> 0
A35: 31 | B35: ชิฟฟ่อน สอดไส้ (ญ) 8 ชิ้น มะพร้าว | C35: =+'1'!C35 -> 0 | D35: =+'1'!D35+'2'!D35+'3'!D35+'4'!D35+'5'!D35+'6'!D35+'7'!D35+'8'!D35+'9'!D35+'10'!D35+'11'!D35+'12'!D35+'13'!D35+'14'!D35+'15'!D35+'16'!D35+'17'!D35+'18'!D35+'19'!D35+'20'!D35+'21'!D35+'22'!D35+'23'!D35+'24'!D35+'25'!D35+'26'!D35+'27'!D35+'28'!D35+'29'!D35+'30'!D35+'31'!D35 -> 15 | E35: =+C35+D35 -> 15 | F35: =+'1'!F35+'2'!F35+'3'!F35+'4'!F35+'5'!F35+'6'!F35+'7'!F35+'8'!F35+'9'!F35+'10'!F35+'11'!F35+'12'!F35+'13'!F35+'14'!F35+'15'!F35+'16'!F35+'17'!F35+'18'!F35+'19'!F35+'20'!F35+'21'!F35+'22'!F35+'23'!F35+'24'!F35+'25'!F35+'26'!F35+'27'!F35+'28'!F35+'29'!F35+'30'!F35+'31'!F35 -> 0 | G35: =E35-F35-H35 -> 1 | H35: =+'1'!H35+'2'!H35+'3'!H35+'4'!H35+'5'!H35+'6'!H35+'7'!H35+'8'!H35+'9'!H35+'10'!H35+'11'!H35+'12'!H35+'13'!H35+'14'!H35+'15'!H35+'16'!H35+'17'!H35+'18'!H35+'19'!H35+'20'!H35+'21'!H35+'22'!H35+'23'!H35+'24'!H35+'25'!H35+'26'!H35+'27'!H35+'28'!H35+'29'!H35+'30'!H35+'31'!H35 -> 14 | I35: 130 | J35: =+'1'!J35+'2'!J35+'3'!J35+'4'!J35+'5'!J35+'6'!J35+'7'!J35+'8'!J35+'9'!J35+'10'!J35+'11'!J35+'12'!J35+'13'!J35+'14'!J35+'15'!J35+'16'!J35+'17'!J35+'18'!J35+'19'!J35+'20'!J35+'21'!J35+'22'!J35+'23'!J35+'24'!J35+'25'!J35+'26'!J35+'27'!J35+'28'!J35+'29'!J35+'30'!J35+'31'!J35 -> 1820 | L35: 31 | M35: =+'31'!K230 -> 0 | N35: =+'31'!K235 -> 0 | O35: =+'31'!K233 -> 0 | P35: =+'31'!K231 -> 0 | Q35: =+'31'!K234 -> 0 | R35: =+'31'!K232 -> 0 | S35: =+M35-N35-P35-R35-Q35 -> 0 | T35: =+'31'!K237 -> 0 | U35: =+T35-S35 -> 0
A36: 32 | B36: ชิฟฟ่อน 8 ชิ้น มะลิ | C36: =+'1'!C36 -> 0 | D36: =+'1'!D36+'2'!D36+'3'!D36+'4'!D36+'5'!D36+'6'!D36+'7'!D36+'8'!D36+'9'!D36+'10'!D36+'11'!D36+'12'!D36+'13'!D36+'14'!D36+'15'!D36+'16'!D36+'17'!D36+'18'!D36+'19'!D36+'20'!D36+'21'!D36+'22'!D36+'23'!D36+'24'!D36+'25'!D36+'26'!D36+'27'!D36+'28'!D36+'29'!D36+'30'!D36+'31'!D36 -> 0 | E36: =+C36+D36 -> 0 | F36: =+'1'!F36+'2'!F36+'3'!F36+'4'!F36+'5'!F36+'6'!F36+'7'!F36+'8'!F36+'9'!F36+'10'!F36+'11'!F36+'12'!F36+'13'!F36+'14'!F36+'15'!F36+'16'!F36+'17'!F36+'18'!F36+'19'!F36+'20'!F36+'21'!F36+'22'!F36+'23'!F36+'24'!F36+'25'!F36+'26'!F36+'27'!F36+'28'!F36+'29'!F36+'30'!F36+'31'!F36 -> 0 | G36: =E36-F36-H36 -> 0 | H36: =+'1'!H36+'2'!H36+'3'!H36+'4'!H36+'5'!H36+'6'!H36+'7'!H36+'8'!H36+'9'!H36+'10'!H36+'11'!H36+'12'!H36+'13'!H36+'14'!H36+'15'!H36+'16'!H36+'17'!H36+'18'!H36+'19'!H36+'20'!H36+'21'!H36+'22'!H36+'23'!H36+'24'!H36+'25'!H36+'26'!H36+'27'!H36+'28'!H36+'29'!H36+'30'!H36+'31'!H36 -> 0 | I36: 100 | J36: =+'1'!J36+'2'!J36+'3'!J36+'4'!J36+'5'!J36+'6'!J36+'7'!J36+'8'!J36+'9'!J36+'10'!J36+'11'!J36+'12'!J36+'13'!J36+'14'!J36+'15'!J36+'16'!J36+'17'!J36+'18'!J36+'19'!J36+'20'!J36+'21'!J36+'22'!J36+'23'!J36+'24'!J36+'25'!J36+'26'!J36+'27'!J36+'28'!J36+'29'!J36+'30'!J36+'31'!J36 -> 0 | L36: รวม | M36: =SUM(M5:M35) -> 119672 | N36: =SUM(N5:N35) -> 16450 | O36: =SUM(O5:O35) -> 0 | P36: =SUM(P5:P35) -> 0 | Q36: =SUM(Q5:Q35) -> 2383 | R36: =SUM(R5:R35) -> 54004 | S36: =SUM(S5:S35) -> 46835 | T36: =SUM(T5:T35) -> 47515 | U36: =SUM(U5:U35) -> 680
A37: 33 | B37: ชิฟฟ่อนรวมรส ยอดฮิต 8 ชิ้น | C37: =+'1'!C37 -> 20 | D37: =+'1'!D37+'2'!D37+'3'!D37+'4'!D37+'5'!D37+'6'!D37+'7'!D37+'8'!D37+'9'!D37+'10'!D37+'11'!D37+'12'!D37+'13'!D37+'14'!D37+'15'!D37+'16'!D37+'17'!D37+'18'!D37+'19'!D37+'20'!D37+'21'!D37+'22'!D37+'23'!D37+'24'!D37+'25'!D37+'26'!D37+'27'!D37+'28'!D37+'29'!D37+'30'!D37+'31'!D37 -> 120 | E37: =+C37+D37 -> 140 | F37: =+'1'!F37+'2'!F37+'3'!F37+'4'!F37+'5'!F37+'6'!F37+'7'!F37+'8'!F37+'9'!F37+'10'!F37+'11'!F37+'12'!F37+'13'!F37+'14'!F37+'15'!F37+'16'!F37+'17'!F37+'18'!F37+'19'!F37+'20'!F37+'21'!F37+'22'!F37+'23'!F37+'24'!F37+'25'!F37+'26'!F37+'27'!F37+'28'!F37+'29'!F37+'30'!F37+'31'!F37 -> 17 | G37: =E37-F37-H37 -> 12 | H37: =+'1'!H37+'2'!H37+'3'!H37+'4'!H37+'5'!H37+'6'!H37+'7'!H37+'8'!H37+'9'!H37+'10'!H37+'11'!H37+'12'!H37+'13'!H37+'14'!H37+'15'!H37+'16'!H37+'17'!H37+'18'!H37+'19'!H37+'20'!H37+'21'!H37+'22'!H37+'23'!H37+'24'!H37+'25'!H37+'26'!H37+'27'!H37+'28'!H37+'29'!H37+'30'!H37+'31'!H37 -> 111 | I37: 100 | J37: =+'1'!J37+'2'!J37+'3'!J37+'4'!J37+'5'!J37+'6'!J37+'7'!J37+'8'!J37+'9'!J37+'10'!J37+'11'!J37+'12'!J37+'13'!J37+'14'!J37+'15'!J37+'16'!J37+'17'!J37+'18'!J37+'19'!J37+'20'!J37+'21'!J37+'22'!J37+'23'!J37+'24'!J37+'25'!J37+'26'!J37+'27'!J37+'28'!J37+'29'!J37+'30'!J37+'31'!J37 -> 11100
A38: 34 | B38: ครีมฮอร์น วนิลา | C38: =+'1'!C38 -> 5 | D38: =+'1'!D38+'2'!D38+'3'!D38+'4'!D38+'5'!D38+'6'!D38+'7'!D38+'8'!D38+'9'!D38+'10'!D38+'11'!D38+'12'!D38+'13'!D38+'14'!D38+'15'!D38+'16'!D38+'17'!D38+'18'!D38+'19'!D38+'20'!D38+'21'!D38+'22'!D38+'23'!D38+'24'!D38+'25'!D38+'26'!D38+'27'!D38+'28'!D38+'29'!D38+'30'!D38+'31'!D38 -> 20 | E38: =+C38+D38 -> 25 | F38: =+'1'!F38+'2'!F38+'3'!F38+'4'!F38+'5'!F38+'6'!F38+'7'!F38+'8'!F38+'9'!F38+'10'!F38+'11'!F38+'12'!F38+'13'!F38+'14'!F38+'15'!F38+'16'!F38+'17'!F38+'18'!F38+'19'!F38+'20'!F38+'21'!F38+'22'!F38+'23'!F38+'24'!F38+'25'!F38+'26'!F38+'27'!F38+'28'!F38+'29'!F38+'30'!F38+'31'!F38 -> 1 | G38: =E38-F38-H38 -> 1 | H38: =+'1'!H38+'2'!H38+'3'!H38+'4'!H38+'5'!H38+'6'!H38+'7'!H38+'8'!H38+'9'!H38+'10'!H38+'11'!H38+'12'!H38+'13'!H38+'14'!H38+'15'!H38+'16'!H38+'17'!H38+'18'!H38+'19'!H38+'20'!H38+'21'!H38+'22'!H38+'23'!H38+'24'!H38+'25'!H38+'26'!H38+'27'!H38+'28'!H38+'29'!H38+'30'!H38+'31'!H38 -> 23 | I38: 50 | J38: =+'1'!J38+'2'!J38+'3'!J38+'4'!J38+'5'!J38+'6'!J38+'7'!J38+'8'!J38+'9'!J38+'10'!J38+'11'!J38+'12'!J38+'13'!J38+'14'!J38+'15'!J38+'16'!J38+'17'!J38+'18'!J38+'19'!J38+'20'!J38+'21'!J38+'22'!J38+'23'!J38+'24'!J38+'25'!J38+'26'!J38+'27'!J38+'28'!J38+'29'!J38+'30'!J38+'31'!J38 -> 1150 | R38: ยอดเก็บสดทั้งหมด | T38: 47515
A39: 35 | B39: ครีมฮอร์น ใบเตย | C39: =+'1'!C39 -> 9 | D39: =+'1'!D39+'2'!D39+'3'!D39+'4'!D39+'5'!D39+'6'!D39+'7'!D39+'8'!D39+'9'!D39+'10'!D39+'11'!D39+'12'!D39+'13'!D39+'14'!D39+'15'!D39+'16'!D39+'17'!D39+'18'!D39+'19'!D39+'20'!D39+'21'!D39+'22'!D39+'23'!D39+'24'!D39+'25'!D39+'26'!D39+'27'!D39+'28'!D39+'29'!D39+'30'!D39+'31'!D39 -> 20 | E39: =+C39+D39 -> 29 | F39: =+'1'!F39+'2'!F39+'3'!F39+'4'!F39+'5'!F39+'6'!F39+'7'!F39+'8'!F39+'9'!F39+'10'!F39+'11'!F39+'12'!F39+'13'!F39+'14'!F39+'15'!F39+'16'!F39+'17'!F39+'18'!F39+'19'!F39+'20'!F39+'21'!F39+'22'!F39+'23'!F39+'24'!F39+'25'!F39+'26'!F39+'27'!F39+'28'!F39+'29'!F39+'30'!F39+'31'!F39 -> 4 | G39: =E39-F39-H39 -> 4 | H39: =+'1'!H39+'2'!H39+'3'!H39+'4'!H39+'5'!H39+'6'!H39+'7'!H39+'8'!H39+'9'!H39+'10'!H39+'11'!H39+'12'!H39+'13'!H39+'14'!H39+'15'!H39+'16'!H39+'17'!H39+'18'!H39+'19'!H39+'20'!H39+'21'!H39+'22'!H39+'23'!H39+'24'!H39+'25'!H39+'26'!H39+'27'!H39+'28'!H39+'29'!H39+'30'!H39+'31'!H39 -> 21 | I39: 50 | J39: =+'1'!J39+'2'!J39+'3'!J39+'4'!J39+'5'!J39+'6'!J39+'7'!J39+'8'!J39+'9'!J39+'10'!J39+'11'!J39+'12'!J39+'13'!J39+'14'!J39+'15'!J39+'16'!J39+'17'!J39+'18'!J39+'19'!J39+'20'!J39+'21'!J39+'22'!J39+'23'!J39+'24'!J39+'25'!J39+'26'!J39+'27'!J39+'28'!J39+'29'!J39+'30'!J39+'31'!J39 -> 1050
A40: 36 | B40: ครีมฮอร์น ช็อคโกแลต | C40: =+'1'!C40 -> 9 | D40: =+'1'!D40+'2'!D40+'3'!D40+'4'!D40+'5'!D40+'6'!D40+'7'!D40+'8'!D40+'9'!D40+'10'!D40+'11'!D40+'12'!D40+'13'!D40+'14'!D40+'15'!D40+'16'!D40+'17'!D40+'18'!D40+'19'!D40+'20'!D40+'21'!D40+'22'!D40+'23'!D40+'24'!D40+'25'!D40+'26'!D40+'27'!D40+'28'!D40+'29'!D40+'30'!D40+'31'!D40 -> 20 | E40: =+C40+D40 -> 29 | F40: =+'1'!F40+'2'!F40+'3'!F40+'4'!F40+'5'!F40+'6'!F40+'7'!F40+'8'!F40+'9'!F40+'10'!F40+'11'!F40+'12'!F40+'13'!F40+'14'!F40+'15'!F40+'16'!F40+'17'!F40+'18'!F40+'19'!F40+'20'!F40+'21'!F40+'22'!F40+'23'!F40+'24'!F40+'25'!F40+'26'!F40+'27'!F40+'28'!F40+'29'!F40+'30'!F40+'31'!F40 -> 7 | G40: =E40-F40-H40 -> 4 | H40: =+'1'!H40+'2'!H40+'3'!H40+'4'!H40+'5'!H40+'6'!H40+'7'!H40+'8'!H40+'9'!H40+'10'!H40+'11'!H40+'12'!H40+'13'!H40+'14'!H40+'15'!H40+'16'!H40+'17'!H40+'18'!H40+'19'!H40+'20'!H40+'21'!H40+'22'!H40+'23'!H40+'24'!H40+'25'!H40+'26'!H40+'27'!H40+'28'!H40+'29'!H40+'30'!H40+'31'!H40 -> 18 | I40: 50 | J40: =+'1'!J40+'2'!J40+'3'!J40+'4'!J40+'5'!J40+'6'!J40+'7'!J40+'8'!J40+'9'!J40+'10'!J40+'11'!J40+'12'!J40+'13'!J40+'14'!J40+'15'!J40+'16'!J40+'17'!J40+'18'!J40+'19'!J40+'20'!J40+'21'!J40+'22'!J40+'23'!J40+'24'!J40+'25'!J40+'26'!J40+'27'!J40+'28'!J40+'29'!J40+'30'!J40+'31'!J40 -> 900
A41: 37 | B41: เบาหวิว (ล) ใหม่ รสกล้วยหอมมะพร้าวเผา | C41: =+'1'!C41 -> 8 | D41: =+'1'!D41+'2'!D41+'3'!D41+'4'!D41+'5'!D41+'6'!D41+'7'!D41+'8'!D41+'9'!D41+'10'!D41+'11'!D41+'12'!D41+'13'!D41+'14'!D41+'15'!D41+'16'!D41+'17'!D41+'18'!D41+'19'!D41+'20'!D41+'21'!D41+'22'!D41+'23'!D41+'24'!D41+'25'!D41+'26'!D41+'27'!D41+'28'!D41+'29'!D41+'30'!D41+'31'!D41 -> 12 | E41: =+C41+D41 -> 20 | F41: =+'1'!F41+'2'!F41+'3'!F41+'4'!F41+'5'!F41+'6'!F41+'7'!F41+'8'!F41+'9'!F41+'10'!F41+'11'!F41+'12'!F41+'13'!F41+'14'!F41+'15'!F41+'16'!F41+'17'!F41+'18'!F41+'19'!F41+'20'!F41+'21'!F41+'22'!F41+'23'!F41+'24'!F41+'25'!F41+'26'!F41+'27'!F41+'28'!F41+'29'!F41+'30'!F41+'31'!F41 -> 0 | G41: =E41-F41-H41 -> 2 | H41: =+'1'!H41+'2'!H41+'3'!H41+'4'!H41+'5'!H41+'6'!H41+'7'!H41+'8'!H41+'9'!H41+'10'!H41+'11'!H41+'12'!H41+'13'!H41+'14'!H41+'15'!H41+'16'!H41+'17'!H41+'18'!H41+'19'!H41+'20'!H41+'21'!H41+'22'!H41+'23'!H41+'24'!H41+'25'!H41+'26'!H41+'27'!H41+'28'!H41+'29'!H41+'30'!H41+'31'!H41 -> 18 | I41: 50 | J41: =+'1'!J41+'2'!J41+'3'!J41+'4'!J41+'5'!J41+'6'!J41+'7'!J41+'8'!J41+'9'!J41+'10'!J41+'11'!J41+'12'!J41+'13'!J41+'14'!J41+'15'!J41+'16'!J41+'17'!J41+'18'!J41+'19'!J41+'20'!J41+'21'!J41+'22'!J41+'23'!J41+'24'!J41+'25'!J41+'26'!J41+'27'!J41+'28'!J41+'29'!J41+'30'!J41+'31'!J41 -> 900
A42: 38 | B42: เบาหวิว (ล) ใหม่ เผือกมะพร้าว | C42: =+'1'!C42 -> 14 | D42: =+'1'!D42+'2'!D42+'3'!D42+'4'!D42+'5'!D42+'6'!D42+'7'!D42+'8'!D42+'9'!D42+'10'!D42+'11'!D42+'12'!D42+'13'!D42+'14'!D42+'15'!D42+'16'!D42+'17'!D42+'18'!D42+'19'!D42+'20'!D42+'21'!D42+'22'!D42+'23'!D42+'24'!D42+'25'!D42+'26'!D42+'27'!D42+'28'!D42+'29'!D42+'30'!D42+'31'!D42 -> 15 | E42: =+C42+D42 -> 29 | F42: =+'1'!F42+'2'!F42+'3'!F42+'4'!F42+'5'!F42+'6'!F42+'7'!F42+'8'!F42+'9'!F42+'10'!F42+'11'!F42+'12'!F42+'13'!F42+'14'!F42+'15'!F42+'16'!F42+'17'!F42+'18'!F42+'19'!F42+'20'!F42+'21'!F42+'22'!F42+'23'!F42+'24'!F42+'25'!F42+'26'!F42+'27'!F42+'28'!F42+'29'!F42+'30'!F42+'31'!F42 -> 0 | G42: =E42-F42-H42 -> 5 | H42: =+'1'!H42+'2'!H42+'3'!H42+'4'!H42+'5'!H42+'6'!H42+'7'!H42+'8'!H42+'9'!H42+'10'!H42+'11'!H42+'12'!H42+'13'!H42+'14'!H42+'15'!H42+'16'!H42+'17'!H42+'18'!H42+'19'!H42+'20'!H42+'21'!H42+'22'!H42+'23'!H42+'24'!H42+'25'!H42+'26'!H42+'27'!H42+'28'!H42+'29'!H42+'30'!H42+'31'!H42 -> 24 | I42: 50 | J42: =+'1'!J42+'2'!J42+'3'!J42+'4'!J42+'5'!J42+'6'!J42+'7'!J42+'8'!J42+'9'!J42+'10'!J42+'11'!J42+'12'!J42+'13'!J42+'14'!J42+'15'!J42+'16'!J42+'17'!J42+'18'!J42+'19'!J42+'20'!J42+'21'!J42+'22'!J42+'23'!J42+'24'!J42+'25'!J42+'26'!J42+'27'!J42+'28'!J42+'29'!J42+'30'!J42+'31'!J42 -> 1200
A43: 39 | B43: เบาหวิว (ล) ใหม่ กาแฟ | C43: =+'1'!C43 -> 5 | D43: =+'1'!D43+'2'!D43+'3'!D43+'4'!D43+'5'!D43+'6'!D43+'7'!D43+'8'!D43+'9'!D43+'10'!D43+'11'!D43+'12'!D43+'13'!D43+'14'!D43+'15'!D43+'16'!D43+'17'!D43+'18'!D43+'19'!D43+'20'!D43+'21'!D43+'22'!D43+'23'!D43+'24'!D43+'25'!D43+'26'!D43+'27'!D43+'28'!D43+'29'!D43+'30'!D43+'31'!D43 -> 5 | E43: =+C43+D43 -> 10 | F43: =+'1'!F43+'2'!F43+'3'!F43+'4'!F43+'5'!F43+'6'!F43+'7'!F43+'8'!F43+'9'!F43+'10'!F43+'11'!F43+'12'!F43+'13'!F43+'14'!F43+'15'!F43+'16'!F43+'17'!F43+'18'!F43+'19'!F43+'20'!F43+'21'!F43+'22'!F43+'23'!F43+'24'!F43+'25'!F43+'26'!F43+'27'!F43+'28'!F43+'29'!F43+'30'!F43+'31'!F43 -> 1 | G43: =E43-F43-H43 -> 0 | H43: =+'1'!H43+'2'!H43+'3'!H43+'4'!H43+'5'!H43+'6'!H43+'7'!H43+'8'!H43+'9'!H43+'10'!H43+'11'!H43+'12'!H43+'13'!H43+'14'!H43+'15'!H43+'16'!H43+'17'!H43+'18'!H43+'19'!H43+'20'!H43+'21'!H43+'22'!H43+'23'!H43+'24'!H43+'25'!H43+'26'!H43+'27'!H43+'28'!H43+'29'!H43+'30'!H43+'31'!H43 -> 9 | I43: 50 | J43: =+'1'!J43+'2'!J43+'3'!J43+'4'!J43+'5'!J43+'6'!J43+'7'!J43+'8'!J43+'9'!J43+'10'!J43+'11'!J43+'12'!J43+'13'!J43+'14'!J43+'15'!J43+'16'!J43+'17'!J43+'18'!J43+'19'!J43+'20'!J43+'21'!J43+'22'!J43+'23'!J43+'24'!J43+'25'!J43+'26'!J43+'27'!J43+'28'!J43+'29'!J43+'30'!J43+'31'!J43 -> 450
A44: 40 | B44: เบาหวิว (ล) ใหม่ เนยนม | C44: =+'1'!C44 -> 8 | D44: =+'1'!D44+'2'!D44+'3'!D44+'4'!D44+'5'!D44+'6'!D44+'7'!D44+'8'!D44+'9'!D44+'10'!D44+'11'!D44+'12'!D44+'13'!D44+'14'!D44+'15'!D44+'16'!D44+'17'!D44+'18'!D44+'19'!D44+'20'!D44+'21'!D44+'22'!D44+'23'!D44+'24'!D44+'25'!D44+'26'!D44+'27'!D44+'28'!D44+'29'!D44+'30'!D44+'31'!D44 -> 15 | E44: =+C44+D44 -> 23 | F44: =+'1'!F44+'2'!F44+'3'!F44+'4'!F44+'5'!F44+'6'!F44+'7'!F44+'8'!F44+'9'!F44+'10'!F44+'11'!F44+'12'!F44+'13'!F44+'14'!F44+'15'!F44+'16'!F44+'17'!F44+'18'!F44+'19'!F44+'20'!F44+'21'!F44+'22'!F44+'23'!F44+'24'!F44+'25'!F44+'26'!F44+'27'!F44+'28'!F44+'29'!F44+'30'!F44+'31'!F44 -> 2 | G44: =E44-F44-H44 -> 3 | H44: =+'1'!H44+'2'!H44+'3'!H44+'4'!H44+'5'!H44+'6'!H44+'7'!H44+'8'!H44+'9'!H44+'10'!H44+'11'!H44+'12'!H44+'13'!H44+'14'!H44+'15'!H44+'16'!H44+'17'!H44+'18'!H44+'19'!H44+'20'!H44+'21'!H44+'22'!H44+'23'!H44+'24'!H44+'25'!H44+'26'!H44+'27'!H44+'28'!H44+'29'!H44+'30'!H44+'31'!H44 -> 18 | I44: 50 | J44: =+'1'!J44+'2'!J44+'3'!J44+'4'!J44+'5'!J44+'6'!J44+'7'!J44+'8'!J44+'9'!J44+'10'!J44+'11'!J44+'12'!J44+'13'!J44+'14'!J44+'15'!J44+'16'!J44+'17'!J44+'18'!J44+'19'!J44+'20'!J44+'21'!J44+'22'!J44+'23'!J44+'24'!J44+'25'!J44+'26'!J44+'27'!J44+'28'!J44+'29'!J44+'30'!J44+'31'!J44 -> 900
A45: 41 | B45: เบาหวิว (ล) ใหม่ ใบเตย | C45: =+'1'!C45 -> 0 | D45: =+'1'!D45+'2'!D45+'3'!D45+'4'!D45+'5'!D45+'6'!D45+'7'!D45+'8'!D45+'9'!D45+'10'!D45+'11'!D45+'12'!D45+'13'!D45+'14'!D45+'15'!D45+'16'!D45+'17'!D45+'18'!D45+'19'!D45+'20'!D45+'21'!D45+'22'!D45+'23'!D45+'24'!D45+'25'!D45+'26'!D45+'27'!D45+'28'!D45+'29'!D45+'30'!D45+'31'!D45 -> 0 | E45: =+C45+D45 -> 0 | F45: =+'1'!F45+'2'!F45+'3'!F45+'4'!F45+'5'!F45+'6'!F45+'7'!F45+'8'!F45+'9'!F45+'10'!F45+'11'!F45+'12'!F45+'13'!F45+'14'!F45+'15'!F45+'16'!F45+'17'!F45+'18'!F45+'19'!F45+'20'!F45+'21'!F45+'22'!F45+'23'!F45+'24'!F45+'25'!F45+'26'!F45+'27'!F45+'28'!F45+'29'!F45+'30'!F45+'31'!F45 -> 0 | G45: =E45-F45-H45 -> 0 | H45: =+'1'!H45+'2'!H45+'3'!H45+'4'!H45+'5'!H45+'6'!H45+'7'!H45+'8'!H45+'9'!H45+'10'!H45+'11'!H45+'12'!H45+'13'!H45+'14'!H45+'15'!H45+'16'!H45+'17'!H45+'18'!H45+'19'!H45+'20'!H45+'21'!H45+'22'!H45+'23'!H45+'24'!H45+'25'!H45+'26'!H45+'27'!H45+'28'!H45+'29'!H45+'30'!H45+'31'!H45 -> 0 | I45: 50 | J45: =+'1'!J45+'2'!J45+'3'!J45+'4'!J45+'5'!J45+'6'!J45+'7'!J45+'8'!J45+'9'!J45+'10'!J45+'11'!J45+'12'!J45+'13'!J45+'14'!J45+'15'!J45+'16'!J45+'17'!J45+'18'!J45+'19'!J45+'20'!J45+'21'!J45+'22'!J45+'23'!J45+'24'!J45+'25'!J45+'26'!J45+'27'!J45+'28'!J45+'29'!J45+'30'!J45+'31'!J45 -> 0
A46: 42 | B46: เบาหวิว (ล) ใหม่ มะพร้าว | C46: =+'1'!C46 -> 6 | D46: =+'1'!D46+'2'!D46+'3'!D46+'4'!D46+'5'!D46+'6'!D46+'7'!D46+'8'!D46+'9'!D46+'10'!D46+'11'!D46+'12'!D46+'13'!D46+'14'!D46+'15'!D46+'16'!D46+'17'!D46+'18'!D46+'19'!D46+'20'!D46+'21'!D46+'22'!D46+'23'!D46+'24'!D46+'25'!D46+'26'!D46+'27'!D46+'28'!D46+'29'!D46+'30'!D46+'31'!D46 -> 15 | E46: =+C46+D46 -> 21 | F46: =+'1'!F46+'2'!F46+'3'!F46+'4'!F46+'5'!F46+'6'!F46+'7'!F46+'8'!F46+'9'!F46+'10'!F46+'11'!F46+'12'!F46+'13'!F46+'14'!F46+'15'!F46+'16'!F46+'17'!F46+'18'!F46+'19'!F46+'20'!F46+'21'!F46+'22'!F46+'23'!F46+'24'!F46+'25'!F46+'26'!F46+'27'!F46+'28'!F46+'29'!F46+'30'!F46+'31'!F46 -> 0 | G46: =E46-F46-H46 -> 1 | H46: =+'1'!H46+'2'!H46+'3'!H46+'4'!H46+'5'!H46+'6'!H46+'7'!H46+'8'!H46+'9'!H46+'10'!H46+'11'!H46+'12'!H46+'13'!H46+'14'!H46+'15'!H46+'16'!H46+'17'!H46+'18'!H46+'19'!H46+'20'!H46+'21'!H46+'22'!H46+'23'!H46+'24'!H46+'25'!H46+'26'!H46+'27'!H46+'28'!H46+'29'!H46+'30'!H46+'31'!H46 -> 20 | I46: 50 | J46: =+'1'!J46+'2'!J46+'3'!J46+'4'!J46+'5'!J46+'6'!J46+'7'!J46+'8'!J46+'9'!J46+'10'!J46+'11'!J46+'12'!J46+'13'!J46+'14'!J46+'15'!J46+'16'!J46+'17'!J46+'18'!J46+'19'!J46+'20'!J46+'21'!J46+'22'!J46+'23'!J46+'24'!J46+'25'!J46+'26'!J46+'27'!J46+'28'!J46+'29'!J46+'30'!J46+'31'!J46 -> 1000
A47: 43 | B47: เบาหวิว (ล) ใหม่ ฝอยทอง | C47: =+'1'!C47 -> 5 | D47: =+'1'!D47+'2'!D47+'3'!D47+'4'!D47+'5'!D47+'6'!D47+'7'!D47+'8'!D47+'9'!D47+'10'!D47+'11'!D47+'12'!D47+'13'!D47+'14'!D47+'15'!D47+'16'!D47+'17'!D47+'18'!D47+'19'!D47+'20'!D47+'21'!D47+'22'!D47+'23'!D47+'24'!D47+'25'!D47+'26'!D47+'27'!D47+'28'!D47+'29'!D47+'30'!D47+'31'!D47 -> 25 | E47: =+C47+D47 -> 30 | F47: =+'1'!F47+'2'!F47+'3'!F47+'4'!F47+'5'!F47+'6'!F47+'7'!F47+'8'!F47+'9'!F47+'10'!F47+'11'!F47+'12'!F47+'13'!F47+'14'!F47+'15'!F47+'16'!F47+'17'!F47+'18'!F47+'19'!F47+'20'!F47+'21'!F47+'22'!F47+'23'!F47+'24'!F47+'25'!F47+'26'!F47+'27'!F47+'28'!F47+'29'!F47+'30'!F47+'31'!F47 -> 0 | G47: =E47-F47-H47 -> 12 | H47: =+'1'!H47+'2'!H47+'3'!H47+'4'!H47+'5'!H47+'6'!H47+'7'!H47+'8'!H47+'9'!H47+'10'!H47+'11'!H47+'12'!H47+'13'!H47+'14'!H47+'15'!H47+'16'!H47+'17'!H47+'18'!H47+'19'!H47+'20'!H47+'21'!H47+'22'!H47+'23'!H47+'24'!H47+'25'!H47+'26'!H47+'27'!H47+'28'!H47+'29'!H47+'30'!H47+'31'!H47 -> 18 | I47: 50 | J47: =+'1'!J47+'2'!J47+'3'!J47+'4'!J47+'5'!J47+'6'!J47+'7'!J47+'8'!J47+'9'!J47+'10'!J47+'11'!J47+'12'!J47+'13'!J47+'14'!J47+'15'!J47+'16'!J47+'17'!J47+'18'!J47+'19'!J47+'20'!J47+'21'!J47+'22'!J47+'23'!J47+'24'!J47+'25'!J47+'26'!J47+'27'!J47+'28'!J47+'29'!J47+'30'!J47+'31'!J47 -> 900
A48: 44 | B48: เบาหวิว (ล) ใหม่ ทุเรียน | C48: =+'1'!C48 -> 3 | D48: =+'1'!D48+'2'!D48+'3'!D48+'4'!D48+'5'!D48+'6'!D48+'7'!D48+'8'!D48+'9'!D48+'10'!D48+'11'!D48+'12'!D48+'13'!D48+'14'!D48+'15'!D48+'16'!D48+'17'!D48+'18'!D48+'19'!D48+'20'!D48+'21'!D48+'22'!D48+'23'!D48+'24'!D48+'25'!D48+'26'!D48+'27'!D48+'28'!D48+'29'!D48+'30'!D48+'31'!D48 -> 15 | E48: =+C48+D48 -> 18 | F48: =+'1'!F48+'2'!F48+'3'!F48+'4'!F48+'5'!F48+'6'!F48+'7'!F48+'8'!F48+'9'!F48+'10'!F48+'11'!F48+'12'!F48+'13'!F48+'14'!F48+'15'!F48+'16'!F48+'17'!F48+'18'!F48+'19'!F48+'20'!F48+'21'!F48+'22'!F48+'23'!F48+'24'!F48+'25'!F48+'26'!F48+'27'!F48+'28'!F48+'29'!F48+'30'!F48+'31'!F48 -> 1 | G48: =E48-F48-H48 -> 8 | H48: =+'1'!H48+'2'!H48+'3'!H48+'4'!H48+'5'!H48+'6'!H48+'7'!H48+'8'!H48+'9'!H48+'10'!H48+'11'!H48+'12'!H48+'13'!H48+'14'!H48+'15'!H48+'16'!H48+'17'!H48+'18'!H48+'19'!H48+'20'!H48+'21'!H48+'22'!H48+'23'!H48+'24'!H48+'25'!H48+'26'!H48+'27'!H48+'28'!H48+'29'!H48+'30'!H48+'31'!H48 -> 9 | I48: 50 | J48: =+'1'!J48+'2'!J48+'3'!J48+'4'!J48+'5'!J48+'6'!J48+'7'!J48+'8'!J48+'9'!J48+'10'!J48+'11'!J48+'12'!J48+'13'!J48+'14'!J48+'15'!J48+'16'!J48+'17'!J48+'18'!J48+'19'!J48+'20'!J48+'21'!J48+'22'!J48+'23'!J48+'24'!J48+'25'!J48+'26'!J48+'27'!J48+'28'!J48+'29'!J48+'30'!J48+'31'!J48 -> 450
A49: 45 | B49: เบาหวิว (ล) ใหม่ ลูกตาล | C49: =+'1'!C49 -> 3 | D49: =+'1'!D49+'2'!D49+'3'!D49+'4'!D49+'5'!D49+'6'!D49+'7'!D49+'8'!D49+'9'!D49+'10'!D49+'11'!D49+'12'!D49+'13'!D49+'14'!D49+'15'!D49+'16'!D49+'17'!D49+'18'!D49+'19'!D49+'20'!D49+'21'!D49+'22'!D49+'23'!D49+'24'!D49+'25'!D49+'26'!D49+'27'!D49+'28'!D49+'29'!D49+'30'!D49+'31'!D49 -> 10 | E49: =+C49+D49 -> 13 | F49: =+'1'!F49+'2'!F49+'3'!F49+'4'!F49+'5'!F49+'6'!F49+'7'!F49+'8'!F49+'9'!F49+'10'!F49+'11'!F49+'12'!F49+'13'!F49+'14'!F49+'15'!F49+'16'!F49+'17'!F49+'18'!F49+'19'!F49+'20'!F49+'21'!F49+'22'!F49+'23'!F49+'24'!F49+'25'!F49+'26'!F49+'27'!F49+'28'!F49+'29'!F49+'30'!F49+'31'!F49 -> 0 | G49: =E49-F49-H49 -> 3 | H49: =+'1'!H49+'2'!H49+'3'!H49+'4'!H49+'5'!H49+'6'!H49+'7'!H49+'8'!H49+'9'!H49+'10'!H49+'11'!H49+'12'!H49+'13'!H49+'14'!H49+'15'!H49+'16'!H49+'17'!H49+'18'!H49+'19'!H49+'20'!H49+'21'!H49+'22'!H49+'23'!H49+'24'!H49+'25'!H49+'26'!H49+'27'!H49+'28'!H49+'29'!H49+'30'!H49+'31'!H49 -> 10 | I49: 50 | J49: =+'1'!J49+'2'!J49+'3'!J49+'4'!J49+'5'!J49+'6'!J49+'7'!J49+'8'!J49+'9'!J49+'10'!J49+'11'!J49+'12'!J49+'13'!J49+'14'!J49+'15'!J49+'16'!J49+'17'!J49+'18'!J49+'19'!J49+'20'!J49+'21'!J49+'22'!J49+'23'!J49+'24'!J49+'25'!J49+'26'!J49+'27'!J49+'28'!J49+'29'!J49+'30'!J49+'31'!J49 -> 500
A50: 46 | B50: เบาหวิว (ญ) ใหม่ รสมะพร้าว | C50: =+'1'!C50 -> 3 | D50: =+'1'!D50+'2'!D50+'3'!D50+'4'!D50+'5'!D50+'6'!D50+'7'!D50+'8'!D50+'9'!D50+'10'!D50+'11'!D50+'12'!D50+'13'!D50+'14'!D50+'15'!D50+'16'!D50+'17'!D50+'18'!D50+'19'!D50+'20'!D50+'21'!D50+'22'!D50+'23'!D50+'24'!D50+'25'!D50+'26'!D50+'27'!D50+'28'!D50+'29'!D50+'30'!D50+'31'!D50 -> 2 | E50: =+C50+D50 -> 5 | F50: =+'1'!F50+'2'!F50+'3'!F50+'4'!F50+'5'!F50+'6'!F50+'7'!F50+'8'!F50+'9'!F50+'10'!F50+'11'!F50+'12'!F50+'13'!F50+'14'!F50+'15'!F50+'16'!F50+'17'!F50+'18'!F50+'19'!F50+'20'!F50+'21'!F50+'22'!F50+'23'!F50+'24'!F50+'25'!F50+'26'!F50+'27'!F50+'28'!F50+'29'!F50+'30'!F50+'31'!F50 -> 0 | G50: =E50-F50-H50 -> 0 | H50: =+'1'!H50+'2'!H50+'3'!H50+'4'!H50+'5'!H50+'6'!H50+'7'!H50+'8'!H50+'9'!H50+'10'!H50+'11'!H50+'12'!H50+'13'!H50+'14'!H50+'15'!H50+'16'!H50+'17'!H50+'18'!H50+'19'!H50+'20'!H50+'21'!H50+'22'!H50+'23'!H50+'24'!H50+'25'!H50+'26'!H50+'27'!H50+'28'!H50+'29'!H50+'30'!H50+'31'!H50 -> 5 | I50: 120 | J50: =+'1'!J50+'2'!J50+'3'!J50+'4'!J50+'5'!J50+'6'!J50+'7'!J50+'8'!J50+'9'!J50+'10'!J50+'11'!J50+'12'!J50+'13'!J50+'14'!J50+'15'!J50+'16'!J50+'17'!J50+'18'!J50+'19'!J50+'20'!J50+'21'!J50+'22'!J50+'23'!J50+'24'!J50+'25'!J50+'26'!J50+'27'!J50+'28'!J50+'29'!J50+'30'!J50+'31'!J50 -> 600
... A188: 184 | B188: น้ำผลไม้ | C188: =+'1'!C188 -> 0 | D188: =+'1'!D188+'2'!D188+'3'!D188+'4'!D188+'5'!D188+'6'!D188+'7'!D188+'8'!D188+'9'!D188+'10'!D188+'11'!D188+'12'!D188+'13'!D188+'14'!D188+'15'!D188+'16'!D188+'17'!D188+'18'!D188+'19'!D188+'20'!D188+'21'!D188+'22'!D188+'23'!D188+'24'!D188+'25'!D188+'26'!D188+'27'!D188+'28'!D188+'29'!D188+'30'!D188+'31'!D188 -> 0 | E188: =+C188+D188 -> 0 | F188: =+'1'!F188+'2'!F188+'3'!F188+'4'!F188+'5'!F188+'6'!F188+'7'!F188+'8'!F188+'9'!F188+'10'!F188+'11'!F188+'12'!F188+'13'!F188+'14'!F188+'15'!F188+'16'!F188+'17'!F188+'18'!F188+'19'!F188+'20'!F188+'21'!F188+'22'!F188+'23'!F188+'24'!F188+'25'!F188+'26'!F188+'27'!F188+'28'!F188+'29'!F188+'30'!F188+'31'!F188 -> 0 | G188: =E188-F188-H188 -> 0 | H188: =+'1'!H188+'2'!H188+'3'!H188+'4'!H188+'5'!H188+'6'!H188+'7'!H188+'8'!H188+'9'!H188+'10'!H188+'11'!H188+'12'!H188+'13'!H188+'14'!H188+'15'!H188+'16'!H188+'17'!H188+'18'!H188+'19'!H188+'20'!H188+'21'!H188+'22'!H188+'23'!H188+'24'!H188+'25'!H188+'26'!H188+'27'!H188+'28'!H188+'29'!H188+'30'!H188+'31'!H188 -> 0 | I188: 10 | J188: =+'1'!J188+'2'!J188+'3'!J188+'4'!J188+'5'!J188+'6'!J188+'7'!J188+'8'!J188+'9'!J188+'10'!J188+'11'!J188+'12'!J188+'13'!J188+'14'!J188+'15'!J188+'16'!J188+'17'!J188+'18'!J188+'19'!J188+'20'!J188+'21'!J188+'22'!J188+'23'!J188+'24'!J188+'25'!J188+'26'!J188+'27'!J188+'28'!J188+'29'!J188+'30'!J188+'31'!J188 -> 0
A189: 185 | B189: เครื่องดื่ม | C189: =+'1'!C189 -> 0 | D189: =+'1'!D189+'2'!D189+'3'!D189+'4'!D189+'5'!D189+'6'!D189+'7'!D189+'8'!D189+'9'!D189+'10'!D189+'11'!D189+'12'!D189+'13'!D189+'14'!D189+'15'!D189+'16'!D189+'17'!D189+'18'!D189+'19'!D189+'20'!D189+'21'!D189+'22'!D189+'23'!D189+'24'!D189+'25'!D189+'26'!D189+'27'!D189+'28'!D189+'29'!D189+'30'!D189+'31'!D189 -> 0 | E189: =+C189+D189 -> 0 | F189: =+'1'!F189+'2'!F189+'3'!F189+'4'!F189+'5'!F189+'6'!F189+'7'!F189+'8'!F189+'9'!F189+'10'!F189+'11'!F189+'12'!F189+'13'!F189+'14'!F189+'15'!F189+'16'!F189+'17'!F189+'18'!F189+'19'!F189+'20'!F189+'21'!F189+'22'!F189+'23'!F189+'24'!F189+'25'!F189+'26'!F189+'27'!F189+'28'!F189+'29'!F189+'30'!F189+'31'!F189 -> 0 | G189: =E189-F189-H189 -> 0 | H189: =+'1'!H189+'2'!H189+'3'!H189+'4'!H189+'5'!H189+'6'!H189+'7'!H189+'8'!H189+'9'!H189+'10'!H189+'11'!H189+'12'!H189+'13'!H189+'14'!H189+'15'!H189+'16'!H189+'17'!H189+'18'!H189+'19'!H189+'20'!H189+'21'!H189+'22'!H189+'23'!H189+'24'!H189+'25'!H189+'26'!H189+'27'!H189+'28'!H189+'29'!H189+'30'!H189+'31'!H189 -> 0 | J189: =+'1'!J189+'2'!J189+'3'!J189+'4'!J189+'5'!J189+'6'!J189+'7'!J189+'8'!J189+'9'!J189+'10'!J189+'11'!J189+'12'!J189+'13'!J189+'14'!J189+'15'!J189+'16'!J189+'17'!J189+'18'!J189+'19'!J189+'20'!J189+'21'!J189+'22'!J189+'23'!J189+'24'!J189+'25'!J189+'26'!J189+'27'!J189+'28'!J189+'29'!J189+'30'!J189+'31'!J189 -> 1727
A190: 186 | B190: เปี๊ยะสติ๊กไก่หยอง | C190: =+'1'!C190 -> 0 | D190: =+'1'!D190+'2'!D190+'3'!D190+'4'!D190+'5'!D190+'6'!D190+'7'!D190+'8'!D190+'9'!D190+'10'!D190+'11'!D190+'12'!D190+'13'!D190+'14'!D190+'15'!D190+'16'!D190+'17'!D190+'18'!D190+'19'!D190+'20'!D190+'21'!D190+'22'!D190+'23'!D190+'24'!D190+'25'!D190+'26'!D190+'27'!D190+'28'!D190+'29'!D190+'30'!D190+'31'!D190 -> 0 | E190: =+C190+D190 -> 0 | F190: =+'1'!F190+'2'!F190+'3'!F190+'4'!F190+'5'!F190+'6'!F190+'7'!F190+'8'!F190+'9'!F190+'10'!F190+'11'!F190+'12'!F190+'13'!F190+'14'!F190+'15'!F190+'16'!F190+'17'!F190+'18'!F190+'19'!F190+'20'!F190+'21'!F190+'22'!F190+'23'!F190+'24'!F190+'25'!F190+'26'!F190+'27'!F190+'28'!F190+'29'!F190+'30'!F190+'31'!F190 -> 0 | G190: =E190-F190-H190 -> 0 | H190: =+'1'!H190+'2'!H190+'3'!H190+'4'!H190+'5'!H190+'6'!H190+'7'!H190+'8'!H190+'9'!H190+'10'!H190+'11'!H190+'12'!H190+'13'!H190+'14'!H190+'15'!H190+'16'!H190+'17'!H190+'18'!H190+'19'!H190+'20'!H190+'21'!H190+'22'!H190+'23'!H190+'24'!H190+'25'!H190+'26'!H190+'27'!H190+'28'!H190+'29'!H190+'30'!H190+'31'!H190 -> 0 | I190: 55 | J190: =+'1'!J190+'2'!J190+'3'!J190+'4'!J190+'5'!J190+'6'!J190+'7'!J190+'8'!J190+'9'!J190+'10'!J190+'11'!J190+'12'!J190+'13'!J190+'14'!J190+'15'!J190+'16'!J190+'17'!J190+'18'!J190+'19'!J190+'20'!J190+'21'!J190+'22'!J190+'23'!J190+'24'!J190+'25'!J190+'26'!J190+'27'!J190+'28'!J190+'29'!J190+'30'!J190+'31'!J190 -> 0
A191: 187 | B191: มินิบันไส้กรอกชีส | C191: =+'1'!C191 -> 0 | D191: =+'1'!D191+'2'!D191+'3'!D191+'4'!D191+'5'!D191+'6'!D191+'7'!D191+'8'!D191+'9'!D191+'10'!D191+'11'!D191+'12'!D191+'13'!D191+'14'!D191+'15'!D191+'16'!D191+'17'!D191+'18'!D191+'19'!D191+'20'!D191+'21'!D191+'22'!D191+'23'!D191+'24'!D191+'25'!D191+'26'!D191+'27'!D191+'28'!D191+'29'!D191+'30'!D191+'31'!D191 -> 0 | E191: =+C191+D191 -> 0 | F191: =+'1'!F191+'2'!F191+'3'!F191+'4'!F191+'5'!F191+'6'!F191+'7'!F191+'8'!F191+'9'!F191+'10'!F191+'11'!F191+'12'!F191+'13'!F191+'14'!F191+'15'!F191+'16'!F191+'17'!F191+'18'!F191+'19'!F191+'20'!F191+'21'!F191+'22'!F191+'23'!F191+'24'!F191+'25'!F191+'26'!F191+'27'!F191+'28'!F191+'29'!F191+'30'!F191+'31'!F191 -> 0 | G191: =E191-F191-H191 -> 0 | H191: =+'1'!H191+'2'!H191+'3'!H191+'4'!H191+'5'!H191+'6'!H191+'7'!H191+'8'!H191+'9'!H191+'10'!H191+'11'!H191+'12'!H191+'13'!H191+'14'!H191+'15'!H191+'16'!H191+'17'!H191+'18'!H191+'19'!H191+'20'!H191+'21'!H191+'22'!H191+'23'!H191+'24'!H191+'25'!H191+'26'!H191+'27'!H191+'28'!H191+'29'!H191+'30'!H191+'31'!H191 -> 0 | I191: 45 | J191: =+'1'!J191+'2'!J191+'3'!J191+'4'!J191+'5'!J191+'6'!J191+'7'!J191+'8'!J191+'9'!J191+'10'!J191+'11'!J191+'12'!J191+'13'!J191+'14'!J191+'15'!J191+'16'!J191+'17'!J191+'18'!J191+'19'!J191+'20'!J191+'21'!J191+'22'!J191+'23'!J191+'24'!J191+'25'!J191+'26'!J191+'27'!J191+'28'!J191+'29'!J191+'30'!J191+'31'!J191 -> 0
A192: 188 | B192: ขนมปังแถว | C192: =+'1'!C192 -> 0 | D192: =+'1'!D192+'2'!D192+'3'!D192+'4'!D192+'5'!D192+'6'!D192+'7'!D192+'8'!D192+'9'!D192+'10'!D192+'11'!D192+'12'!D192+'13'!D192+'14'!D192+'15'!D192+'16'!D192+'17'!D192+'18'!D192+'19'!D192+'20'!D192+'21'!D192+'22'!D192+'23'!D192+'24'!D192+'25'!D192+'26'!D192+'27'!D192+'28'!D192+'29'!D192+'30'!D192+'31'!D192 -> 0 | E192: =+C192+D192 -> 0 | F192: =+'1'!F192+'2'!F192+'3'!F192+'4'!F192+'5'!F192+'6'!F192+'7'!F192+'8'!F192+'9'!F192+'10'!F192+'11'!F192+'12'!F192+'13'!F192+'14'!F192+'15'!F192+'16'!F192+'17'!F192+'18'!F192+'19'!F192+'20'!F192+'21'!F192+'22'!F192+'23'!F192+'24'!F192+'25'!F192+'26'!F192+'27'!F192+'28'!F192+'29'!F192+'30'!F192+'31'!F192 -> 0 | G192: =E192-F192-H192 -> 0 | H192: =+'1'!H192+'2'!H192+'3'!H192+'4'!H192+'5'!H192+'6'!H192+'7'!H192+'8'!H192+'9'!H192+'10'!H192+'11'!H192+'12'!H192+'13'!H192+'14'!H192+'15'!H192+'16'!H192+'17'!H192+'18'!H192+'19'!H192+'20'!H192+'21'!H192+'22'!H192+'23'!H192+'24'!H192+'25'!H192+'26'!H192+'27'!H192+'28'!H192+'29'!H192+'30'!H192+'31'!H192 -> 0 | I192: 50 | J192: =+'1'!J192+'2'!J192+'3'!J192+'4'!J192+'5'!J192+'6'!J192+'7'!J192+'8'!J192+'9'!J192+'10'!J192+'11'!J192+'12'!J192+'13'!J192+'14'!J192+'15'!J192+'16'!J192+'17'!J192+'18'!J192+'19'!J192+'20'!J192+'21'!J192+'22'!J192+'23'!J192+'24'!J192+'25'!J192+'26'!J192+'27'!J192+'28'!J192+'29'!J192+'30'!J192+'31'!J192 -> 0
A193: 189 | B193: ป้าย HBD | C193: =+'1'!C193 -> 0 | D193: =+'1'!D193+'2'!D193+'3'!D193+'4'!D193+'5'!D193+'6'!D193+'7'!D193+'8'!D193+'9'!D193+'10'!D193+'11'!D193+'12'!D193+'13'!D193+'14'!D193+'15'!D193+'16'!D193+'17'!D193+'18'!D193+'19'!D193+'20'!D193+'21'!D193+'22'!D193+'23'!D193+'24'!D193+'25'!D193+'26'!D193+'27'!D193+'28'!D193+'29'!D193+'30'!D193+'31'!D193 -> 0 | E193: =+C193+D193 -> 0 | F193: =+'1'!F193+'2'!F193+'3'!F193+'4'!F193+'5'!F193+'6'!F193+'7'!F193+'8'!F193+'9'!F193+'10'!F193+'11'!F193+'12'!F193+'13'!F193+'14'!F193+'15'!F193+'16'!F193+'17'!F193+'18'!F193+'19'!F193+'20'!F193+'21'!F193+'22'!F193+'23'!F193+'24'!F193+'25'!F193+'26'!F193+'27'!F193+'28'!F193+'29'!F193+'30'!F193+'31'!F193 -> 0 | G193: =E193-F193-H193 -> 0 | H193: =+'1'!H193+'2'!H193+'3'!H193+'4'!H193+'5'!H193+'6'!H193+'7'!H193+'8'!H193+'9'!H193+'10'!H193+'11'!H193+'12'!H193+'13'!H193+'14'!H193+'15'!H193+'16'!H193+'17'!H193+'18'!H193+'19'!H193+'20'!H193+'21'!H193+'22'!H193+'23'!H193+'24'!H193+'25'!H193+'26'!H193+'27'!H193+'28'!H193+'29'!H193+'30'!H193+'31'!H193 -> 0 | I193: 30 | J193: =+'1'!J193+'2'!J193+'3'!J193+'4'!J193+'5'!J193+'6'!J193+'7'!J193+'8'!J193+'9'!J193+'10'!J193+'11'!J193+'12'!J193+'13'!J193+'14'!J193+'15'!J193+'16'!J193+'17'!J193+'18'!J193+'19'!J193+'20'!J193+'21'!J193+'22'!J193+'23'!J193+'24'!J193+'25'!J193+'26'!J193+'27'!J193+'28'!J193+'29'!J193+'30'!J193+'31'!J193 -> 0
A194: 190 | B194: เปี๊ยะลาวาไข่เค็ม 1 ชิ้น | C194: =+'1'!C194 -> 0 | D194: =+'1'!D194+'2'!D194+'3'!D194+'4'!D194+'5'!D194+'6'!D194+'7'!D194+'8'!D194+'9'!D194+'10'!D194+'11'!D194+'12'!D194+'13'!D194+'14'!D194+'15'!D194+'16'!D194+'17'!D194+'18'!D194+'19'!D194+'20'!D194+'21'!D194+'22'!D194+'23'!D194+'24'!D194+'25'!D194+'26'!D194+'27'!D194+'28'!D194+'29'!D194+'30'!D194+'31'!D194 -> 0 | E194: =+C194+D194 -> 0 | F194: =+'1'!F194+'2'!F194+'3'!F194+'4'!F194+'5'!F194+'6'!F194+'7'!F194+'8'!F194+'9'!F194+'10'!F194+'11'!F194+'12'!F194+'13'!F194+'14'!F194+'15'!F194+'16'!F194+'17'!F194+'18'!F194+'19'!F194+'20'!F194+'21'!F194+'22'!F194+'23'!F194+'24'!F194+'25'!F194+'26'!F194+'27'!F194+'28'!F194+'29'!F194+'30'!F194+'31'!F194 -> 0 | G194: =E194-F194-H194 -> 0 | H194: =+'1'!H194+'2'!H194+'3'!H194+'4'!H194+'5'!H194+'6'!H194+'7'!H194+'8'!H194+'9'!H194+'10'!H194+'11'!H194+'12'!H194+'13'!H194+'14'!H194+'15'!H194+'16'!H194+'17'!H194+'18'!H194+'19'!H194+'20'!H194+'21'!H194+'22'!H194+'23'!H194+'24'!H194+'25'!H194+'26'!H194+'27'!H194+'28'!H194+'29'!H194+'30'!H194+'31'!H194 -> 0 | I194: 25 | J194: =+'1'!J194+'2'!J194+'3'!J194+'4'!J194+'5'!J194+'6'!J194+'7'!J194+'8'!J194+'9'!J194+'10'!J194+'11'!J194+'12'!J194+'13'!J194+'14'!J194+'15'!J194+'16'!J194+'17'!J194+'18'!J194+'19'!J194+'20'!J194+'21'!J194+'22'!J194+'23'!J194+'24'!J194+'25'!J194+'26'!J194+'27'!J194+'28'!J194+'29'!J194+'30'!J194+'31'!J194 -> 0
A195: 191 | B195: เจ้หมวย | C195: =+'1'!C195 -> 0 | D195: =+'1'!D195+'2'!D195+'3'!D195+'4'!D195+'5'!D195+'6'!D195+'7'!D195+'8'!D195+'9'!D195+'10'!D195+'11'!D195+'12'!D195+'13'!D195+'14'!D195+'15'!D195+'16'!D195+'17'!D195+'18'!D195+'19'!D195+'20'!D195+'21'!D195+'22'!D195+'23'!D195+'24'!D195+'25'!D195+'26'!D195+'27'!D195+'28'!D195+'29'!D195+'30'!D195+'31'!D195 -> 0 | E195: =+C195+D195 -> 0 | F195: =+'1'!F195+'2'!F195+'3'!F195+'4'!F195+'5'!F195+'6'!F195+'7'!F195+'8'!F195+'9'!F195+'10'!F195+'11'!F195+'12'!F195+'13'!F195+'14'!F195+'15'!F195+'16'!F195+'17'!F195+'18'!F195+'19'!F195+'20'!F195+'21'!F195+'22'!F195+'23'!F195+'24'!F195+'25'!F195+'26'!F195+'27'!F195+'28'!F195+'29'!F195+'30'!F195+'31'!F195 -> 0 | G195: =E195-F195-H195 -> 0 | H195: =+'1'!H195+'2'!H195+'3'!H195+'4'!H195+'5'!H195+'6'!H195+'7'!H195+'8'!H195+'9'!H195+'10'!H195+'11'!H195+'12'!H195+'13'!H195+'14'!H195+'15'!H195+'16'!H195+'17'!H195+'18'!H195+'19'!H195+'20'!H195+'21'!H195+'22'!H195+'23'!H195+'24'!H195+'25'!H195+'26'!H195+'27'!H195+'28'!H195+'29'!H195+'30'!H195+'31'!H195 -> 0 | I195: 0 | J195: =+'1'!J195+'2'!J195+'3'!J195+'4'!J195+'5'!J195+'6'!J195+'7'!J195+'8'!J195+'9'!J195+'10'!J195+'11'!J195+'12'!J195+'13'!J195+'14'!J195+'15'!J195+'16'!J195+'17'!J195+'18'!J195+'19'!J195+'20'!J195+'21'!J195+'22'!J195+'23'!J195+'24'!J195+'25'!J195+'26'!J195+'27'!J195+'28'!J195+'29'!J195+'30'!J195+'31'!J195 -> 0
A196: 192 | B196: จัดชุดเบรก | C196: =+'1'!C196 -> 0 | D196: =+'1'!D196+'2'!D196+'3'!D196+'4'!D196+'5'!D196+'6'!D196+'7'!D196+'8'!D196+'9'!D196+'10'!D196+'11'!D196+'12'!D196+'13'!D196+'14'!D196+'15'!D196+'16'!D196+'17'!D196+'18'!D196+'19'!D196+'20'!D196+'21'!D196+'22'!D196+'23'!D196+'24'!D196+'25'!D196+'26'!D196+'27'!D196+'28'!D196+'29'!D196+'30'!D196+'31'!D196 -> 52 | E196: =+C196+D196 -> 52 | F196: =+'1'!F196+'2'!F196+'3'!F196+'4'!F196+'5'!F196+'6'!F196+'7'!F196+'8'!F196+'9'!F196+'10'!F196+'11'!F196+'12'!F196+'13'!F196+'14'!F196+'15'!F196+'16'!F196+'17'!F196+'18'!F196+'19'!F196+'20'!F196+'21'!F196+'22'!F196+'23'!F196+'24'!F196+'25'!F196+'26'!F196+'27'!F196+'28'!F196+'29'!F196+'30'!F196+'31'!F196 -> 0 | G196: =E196-F196-H196 -> 0 | H196: =+'1'!H196+'2'!H196+'3'!H196+'4'!H196+'5'!H196+'6'!H196+'7'!H196+'8'!H196+'9'!H196+'10'!H196+'11'!H196+'12'!H196+'13'!H196+'14'!H196+'15'!H196+'16'!H196+'17'!H196+'18'!H196+'19'!H196+'20'!H196+'21'!H196+'22'!H196+'23'!H196+'24'!H196+'25'!H196+'26'!H196+'27'!H196+'28'!H196+'29'!H196+'30'!H196+'31'!H196 -> 52 | I196: 25 | J196: =+'1'!J196+'2'!J196+'3'!J196+'4'!J196+'5'!J196+'6'!J196+'7'!J196+'8'!J196+'9'!J196+'10'!J196+'11'!J196+'12'!J196+'13'!J196+'14'!J196+'15'!J196+'16'!J196+'17'!J196+'18'!J196+'19'!J196+'20'!J196+'21'!J196+'22'!J196+'23'!J196+'24'!J196+'25'!J196+'26'!J196+'27'!J196+'28'!J196+'29'!J196+'30'!J196+'31'!J196 -> 1470
A197: 193 | B197: วุ้นแฟนซีวันแม่ | C197: =+'1'!C197 -> 0 | D197: =+'1'!D197+'2'!D197+'3'!D197+'4'!D197+'5'!D197+'6'!D197+'7'!D197+'8'!D197+'9'!D197+'10'!D197+'11'!D197+'12'!D197+'13'!D197+'14'!D197+'15'!D197+'16'!D197+'17'!D197+'18'!D197+'19'!D197+'20'!D197+'21'!D197+'22'!D197+'23'!D197+'24'!D197+'25'!D197+'26'!D197+'27'!D197+'28'!D197+'29'!D197+'30'!D197+'31'!D197 -> 0 | E197: =+C197+D197 -> 0 | F197: =+'1'!F197+'2'!F197+'3'!F197+'4'!F197+'5'!F197+'6'!F197+'7'!F197+'8'!F197+'9'!F197+'10'!F197+'11'!F197+'12'!F197+'13'!F197+'14'!F197+'15'!F197+'16'!F197+'17'!F197+'18'!F197+'19'!F197+'20'!F197+'21'!F197+'22'!F197+'23'!F197+'24'!F197+'25'!F197+'26'!F197+'27'!F197+'28'!F197+'29'!F197+'30'!F197+'31'!F197 -> 0 | G197: =E197-F197-H197 -> 0 | H197: =+'1'!H197+'2'!H197+'3'!H197+'4'!H197+'5'!H197+'6'!H197+'7'!H197+'8'!H197+'9'!H197+'10'!H197+'11'!H197+'12'!H197+'13'!H197+'14'!H197+'15'!H197+'16'!H197+'17'!H197+'18'!H197+'19'!H197+'20'!H197+'21'!H197+'22'!H197+'23'!H197+'24'!H197+'25'!H197+'26'!H197+'27'!H197+'28'!H197+'29'!H197+'30'!H197+'31'!H197 -> 0 | I197: 65 | J197: =+'1'!J197+'2'!J197+'3'!J197+'4'!J197+'5'!J197+'6'!J197+'7'!J197+'8'!J197+'9'!J197+'10'!J197+'11'!J197+'12'!J197+'13'!J197+'14'!J197+'15'!J197+'16'!J197+'17'!J197+'18'!J197+'19'!J197+'20'!J197+'21'!J197+'22'!J197+'23'!J197+'24'!J197+'25'!J197+'26'!J197+'27'!J197+'28'!J197+'29'!J197+'30'!J197+'31'!J197 -> 0
A198: 194 | B198: กล่องจัดเบรก | C198: =+'1'!C198 -> 378 | D198: =+'1'!D198+'2'!D198+'3'!D198+'4'!D198+'5'!D198+'6'!D198+'7'!D198+'8'!D198+'9'!D198+'10'!D198+'11'!D198+'12'!D198+'13'!D198+'14'!D198+'15'!D198+'16'!D198+'17'!D198+'18'!D198+'19'!D198+'20'!D198+'21'!D198+'22'!D198+'23'!D198+'24'!D198+'25'!D198+'26'!D198+'27'!D198+'28'!D198+'29'!D198+'30'!D198+'31'!D198 -> 0 | E198: =+C198+D198 -> 378 | F198: =+'1'!F198+'2'!F198+'3'!F198+'4'!F198+'5'!F198+'6'!F198+'7'!F198+'8'!F198+'9'!F198+'10'!F198+'11'!F198+'12'!F198+'13'!F198+'14'!F198+'15'!F198+'16'!F198+'17'!F198+'18'!F198+'19'!F198+'20'!F198+'21'!F198+'22'!F198+'23'!F198+'24'!F198+'25'!F198+'26'!F198+'27'!F198+'28'!F198+'29'!F198+'30'!F198+'31'!F198 -> 52 | G198: =E198-F198-H198 -> 326 | H198: =+'1'!H198+'2'!H198+'3'!H198+'4'!H198+'5'!H198+'6'!H198+'7'!H198+'8'!H198+'9'!H198+'10'!H198+'11'!H198+'12'!H198+'13'!H198+'14'!H198+'15'!H198+'16'!H198+'17'!H198+'18'!H198+'19'!H198+'20'!H198+'21'!H198+'22'!H198+'23'!H198+'24'!H198+'25'!H198+'26'!H198+'27'!H198+'28'!H198+'29'!H198+'30'!H198+'31'!H198 -> 0 | I198: 25 | J198: =+'1'!J198+'2'!J198+'3'!J198+'4'!J198+'5'!J198+'6'!J198+'7'!J198+'8'!J198+'9'!J198+'10'!J198+'11'!J198+'12'!J198+'13'!J198+'14'!J198+'15'!J198+'16'!J198+'17'!J198+'18'!J198+'19'!J198+'20'!J198+'21'!J198+'22'!J198+'23'!J198+'24'!J198+'25'!J198+'26'!J198+'27'!J198+'28'!J198+'29'!J198+'30'!J198+'31'!J198 -> 0
A199: 195 | B199: น้ำผลไม้ | C199: =+'1'!C199 -> 249 | D199: =+'1'!D199+'2'!D199+'3'!D199+'4'!D199+'5'!D199+'6'!D199+'7'!D199+'8'!D199+'9'!D199+'10'!D199+'11'!D199+'12'!D199+'13'!D199+'14'!D199+'15'!D199+'16'!D199+'17'!D199+'18'!D199+'19'!D199+'20'!D199+'21'!D199+'22'!D199+'23'!D199+'24'!D199+'25'!D199+'26'!D199+'27'!D199+'28'!D199+'29'!D199+'30'!D199+'31'!D199 -> 0 | E199: =+C199+D199 -> 249 | F199: =+'1'!F199+'2'!F199+'3'!F199+'4'!F199+'5'!F199+'6'!F199+'7'!F199+'8'!F199+'9'!F199+'10'!F199+'11'!F199+'12'!F199+'13'!F199+'14'!F199+'15'!F199+'16'!F199+'17'!F199+'18'!F199+'19'!F199+'20'!F199+'21'!F199+'22'!F199+'23'!F199+'24'!F199+'25'!F199+'26'!F199+'27'!F199+'28'!F199+'29'!F199+'30'!F199+'31'!F199 -> 52 | G199: =E199-F199-H199 -> 197 | H199: =+'1'!H199+'2'!H199+'3'!H199+'4'!H199+'5'!H199+'6'!H199+'7'!H199+'8'!H199+'9'!H199+'10'!H199+'11'!H199+'12'!H199+'13'!H199+'14'!H199+'15'!H199+'16'!H199+'17'!H199+'18'!H199+'19'!H199+'20'!H199+'21'!H199+'22'!H199+'23'!H199+'24'!H199+'25'!H199+'26'!H199+'27'!H199+'28'!H199+'29'!H199+'30'!H199+'31'!H199 -> 0 | I199: 0 | J199: =+'1'!J199+'2'!J199+'3'!J199+'4'!J199+'5'!J199+'6'!J199+'7'!J199+'8'!J199+'9'!J199+'10'!J199+'11'!J199+'12'!J199+'13'!J199+'14'!J199+'15'!J199+'16'!J199+'17'!J199+'18'!J199+'19'!J199+'20'!J199+'21'!J199+'22'!J199+'23'!J199+'24'!J199+'25'!J199+'26'!J199+'27'!J199+'28'!J199+'29'!J199+'30'!J199+'31'!J199 -> 0
A200: 196 | B200: ลูกค้านัดรับ | C200: =+'1'!C200 -> 0 | D200: =+'1'!D200+'2'!D200+'3'!D200+'4'!D200+'5'!D200+'6'!D200+'7'!D200+'8'!D200+'9'!D200+'10'!D200+'11'!D200+'12'!D200+'13'!D200+'14'!D200+'15'!D200+'16'!D200+'17'!D200+'18'!D200+'19'!D200+'20'!D200+'21'!D200+'22'!D200+'23'!D200+'24'!D200+'25'!D200+'26'!D200+'27'!D200+'28'!D200+'29'!D200+'30'!D200+'31'!D200 -> 0 | E200: =+C200+D200 -> 0 | F200: =+'1'!F200+'2'!F200+'3'!F200+'4'!F200+'5'!F200+'6'!F200+'7'!F200+'8'!F200+'9'!F200+'10'!F200+'11'!F200+'12'!F200+'13'!F200+'14'!F200+'15'!F200+'16'!F200+'17'!F200+'18'!F200+'19'!F200+'20'!F200+'21'!F200+'22'!F200+'23'!F200+'24'!F200+'25'!F200+'26'!F200+'27'!F200+'28'!F200+'29'!F200+'30'!F200+'31'!F200 -> 0 | G200: =E200-F200-H200 -> 0 | H200: =+'1'!H200+'2'!H200+'3'!H200+'4'!H200+'5'!H200+'6'!H200+'7'!H200+'8'!H200+'9'!H200+'10'!H200+'11'!H200+'12'!H200+'13'!H200+'14'!H200+'15'!H200+'16'!H200+'17'!H200+'18'!H200+'19'!H200+'20'!H200+'21'!H200+'22'!H200+'23'!H200+'24'!H200+'25'!H200+'26'!H200+'27'!H200+'28'!H200+'29'!H200+'30'!H200+'31'!H200 -> 0 | I200: 0 | J200: =+'1'!J200+'2'!J200+'3'!J200+'4'!J200+'5'!J200+'6'!J200+'7'!J200+'8'!J200+'9'!J200+'10'!J200+'11'!J200+'12'!J200+'13'!J200+'14'!J200+'15'!J200+'16'!J200+'17'!J200+'18'!J200+'19'!J200+'20'!J200+'21'!J200+'22'!J200+'23'!J200+'24'!J200+'25'!J200+'26'!J200+'27'!J200+'28'!J200+'29'!J200+'30'!J200+'31'!J200 -> 0
A201: 197 | B201: ปังเลเยอร์ | C201: =+'1'!C201 -> 0 | D201: =+'1'!D201+'2'!D201+'3'!D201+'4'!D201+'5'!D201+'6'!D201+'7'!D201+'8'!D201+'9'!D201+'10'!D201+'11'!D201+'12'!D201+'13'!D201+'14'!D201+'15'!D201+'16'!D201+'17'!D201+'18'!D201+'19'!D201+'20'!D201+'21'!D201+'22'!D201+'23'!D201+'24'!D201+'25'!D201+'26'!D201+'27'!D201+'28'!D201+'29'!D201+'30'!D201+'31'!D201 -> 0 | E201: =+C201+D201 -> 0 | F201: =+'1'!F201+'2'!F201+'3'!F201+'4'!F201+'5'!F201+'6'!F201+'7'!F201+'8'!F201+'9'!F201+'10'!F201+'11'!F201+'12'!F201+'13'!F201+'14'!F201+'15'!F201+'16'!F201+'17'!F201+'18'!F201+'19'!F201+'20'!F201+'21'!F201+'22'!F201+'23'!F201+'24'!F201+'25'!F201+'26'!F201+'27'!F201+'28'!F201+'29'!F201+'30'!F201+'31'!F201 -> 0 | G201: =E201-F201-H201 -> 0 | H201: =+'1'!H201+'2'!H201+'3'!H201+'4'!H201+'5'!H201+'6'!H201+'7'!H201+'8'!H201+'9'!H201+'10'!H201+'11'!H201+'12'!H201+'13'!H201+'14'!H201+'15'!H201+'16'!H201+'17'!H201+'18'!H201+'19'!H201+'20'!H201+'21'!H201+'22'!H201+'23'!H201+'24'!H201+'25'!H201+'26'!H201+'27'!H201+'28'!H201+'29'!H201+'30'!H201+'31'!H201 -> 0 | I201: 65 | J201: =+'1'!J201+'2'!J201+'3'!J201+'4'!J201+'5'!J201+'6'!J201+'7'!J201+'8'!J201+'9'!J201+'10'!J201+'11'!J201+'12'!J201+'13'!J201+'14'!J201+'15'!J201+'16'!J201+'17'!J201+'18'!J201+'19'!J201+'20'!J201+'21'!J201+'22'!J201+'23'!J201+'24'!J201+'25'!J201+'26'!J201+'27'!J201+'28'!J201+'29'!J201+'30'!J201+'31'!J201 -> 0
... A228: 224 | B228: ขนมปังพิซซ่าโบโลน่า | C228: =+'1'!C228 -> 0 | D228: =+'1'!D228+'2'!D228+'3'!D228+'4'!D228+'5'!D228+'6'!D228+'7'!D228+'8'!D228+'9'!D228+'10'!D228+'11'!D228+'12'!D228+'13'!D228+'14'!D228+'15'!D228+'16'!D228+'17'!D228+'18'!D228+'19'!D228+'20'!D228+'21'!D228+'22'!D228+'23'!D228+'24'!D228+'25'!D228+'26'!D228+'27'!D228+'28'!D228+'29'!D228+'30'!D228+'31'!D228 -> 10 | E228: =+C228+D228 -> 10 | F228: =+'1'!F228+'2'!F228+'3'!F228+'4'!F228+'5'!F228+'6'!F228+'7'!F228+'8'!F228+'9'!F228+'10'!F228+'11'!F228+'12'!F228+'13'!F228+'14'!F228+'15'!F228+'16'!F228+'17'!F228+'18'!F228+'19'!F228+'20'!F228+'21'!F228+'22'!F228+'23'!F228+'24'!F228+'25'!F228+'26'!F228+'27'!F228+'28'!F228+'29'!F228+'30'!F228+'31'!F228 -> 0 | G228: =E228-F228-H228 -> 3 | H228: =+'1'!H228+'2'!H228+'3'!H228+'4'!H228+'5'!H228+'6'!H228+'7'!H228+'8'!H228+'9'!H228+'10'!H228+'11'!H228+'12'!H228+'13'!H228+'14'!H228+'15'!H228+'16'!H228+'17'!H228+'18'!H228+'19'!H228+'20'!H228+'21'!H228+'22'!H228+'23'!H228+'24'!H228+'25'!H228+'26'!H228+'27'!H228+'28'!H228+'29'!H228+'30'!H228+'31'!H228 -> 7 | I228: 31 | J228: =+'1'!J228+'2'!J228+'3'!J228+'4'!J228+'5'!J228+'6'!J228+'7'!J228+'8'!J228+'9'!J228+'10'!J228+'11'!J228+'12'!J228+'13'!J228+'14'!J228+'15'!J228+'16'!J228+'17'!J228+'18'!J228+'19'!J228+'20'!J228+'21'!J228+'22'!J228+'23'!J228+'24'!J228+'25'!J228+'26'!J228+'27'!J228+'28'!J228+'29'!J228+'30'!J228+'31'!J228 -> 175
A229: 225 | B229: ขนมปังข้าวโพดแฮม | C229: =+'1'!C229 -> 0 | D229: =+'1'!D229+'2'!D229+'3'!D229+'4'!D229+'5'!D229+'6'!D229+'7'!D229+'8'!D229+'9'!D229+'10'!D229+'11'!D229+'12'!D229+'13'!D229+'14'!D229+'15'!D229+'16'!D229+'17'!D229+'18'!D229+'19'!D229+'20'!D229+'21'!D229+'22'!D229+'23'!D229+'24'!D229+'25'!D229+'26'!D229+'27'!D229+'28'!D229+'29'!D229+'30'!D229+'31'!D229 -> 10 | E229: =+C229+D229 -> 10 | F229: =+'1'!F229+'2'!F229+'3'!F229+'4'!F229+'5'!F229+'6'!F229+'7'!F229+'8'!F229+'9'!F229+'10'!F229+'11'!F229+'12'!F229+'13'!F229+'14'!F229+'15'!F229+'16'!F229+'17'!F229+'18'!F229+'19'!F229+'20'!F229+'21'!F229+'22'!F229+'23'!F229+'24'!F229+'25'!F229+'26'!F229+'27'!F229+'28'!F229+'29'!F229+'30'!F229+'31'!F229 -> 0 | G229: =E229-F229-H229 -> 4 | H229: =+'28'!H229+'29'!H229+'30'!H229 -> 6 | I229: 32 | J229: =+'1'!J229+'2'!J229+'3'!J229+'4'!J229+'5'!J229+'6'!J229+'7'!J229+'8'!J229+'9'!J229+'10'!J229+'11'!J229+'12'!J229+'13'!J229+'14'!J229+'15'!J229+'16'!J229+'17'!J229+'18'!J229+'19'!J229+'20'!J229+'21'!J229+'22'!J229+'23'!J229+'24'!J229+'25'!J229+'26'!J229+'27'!J229+'28'!J229+'29'!J229+'30'!J229+'31'!J229 -> 150
A230: 226 | B230: ครีมฮอร์นชาไทย | C230: =+'1'!C230 -> 0 | D230: =+'1'!D230+'2'!D230+'3'!D230+'4'!D230+'5'!D230+'6'!D230+'7'!D230+'8'!D230+'9'!D230+'10'!D230+'11'!D230+'12'!D230+'13'!D230+'14'!D230+'15'!D230+'16'!D230+'17'!D230+'18'!D230+'19'!D230+'20'!D230+'21'!D230+'22'!D230+'23'!D230+'24'!D230+'25'!D230+'26'!D230+'27'!D230+'28'!D230+'29'!D230+'30'!D231+'31'!D230 -> 10 | E230: =+C230+D230 -> 10 | F230: =+'1'!F230+'2'!F230+'3'!F230+'4'!F230+'5'!F230+'6'!F230+'7'!F230+'8'!F230+'9'!F230+'10'!F230+'11'!F230+'12'!F230+'13'!F230+'14'!F230+'15'!F230+'16'!F230+'17'!F230+'18'!F230+'19'!F230+'20'!F230+'21'!F230+'22'!F230+'23'!F230+'24'!F230+'25'!F230+'26'!F230+'27'!F230+'28'!F230+'29'!F230+'30'!F231+'31'!F230 -> 0 | G230: =E230-F230-H230 -> 10 | I230: 33 | J230: =+'1'!J230+'2'!J230+'3'!J230+'4'!J230+'5'!J230+'6'!J230+'7'!J230+'8'!J230+'9'!J230+'10'!J230+'11'!J230+'12'!J230+'13'!J230+'14'!J230+'15'!J230+'16'!J230+'17'!J230+'18'!J230+'19'!J230+'20'!J230+'21'!J230+'22'!J230+'23'!J230+'24'!J230+'25'!J230+'26'!J230+'27'!J230+'28'!J230+'29'!J230+'30'!J231+'31'!J230 -> 0
A231: รายละเอียดการจ่ายค่า คอมมิสชั่น
A232: สรุปยอดรับ-จ่าย | C232: ค่าคอมมิสชั่น หน้ามอ | E232: หักค่าใช้จ่ายอื่น | G232: ยอดรวมทั้งหมด | J232: =SUM(J5:J230) -> 119672 | K232: โอนหน้าร้าน
A233: ยอดขายหน้าร้าน | B233: =+J235 -> 119672 | C233: ยอดขายรวมทั้งหมด | D233: =+J232 -> 119672 | E233: ค่าโอนเงิน | F233: =SUM(P36) -> 0 | K233: =+R36 -> 54004
C234: หัก ส่วนลด | D234: =K235 -> 16450 | F234: 0 | G234: หัก สแกนใช้สิทธิ์ | J234: =-O36 -> 0 | K234: หัก ส่วนลด
A235: ส่วนลด | B235: =+D234 -> 16450 | E235: ค่าใช้จ่ายอื่น | F235: =+Q36 -> 2383 | G235: ยอดขายไม่รวม สแกนสิทธิ์ | J235: =+J232-J233 -> 119672 | K235: =+N36 -> 16450
A236: ยอดขายสุทธิ | B236: =B233-B235 -> 103222 | C236: ยอดขายสุทธิ | D236: =+D233-D234 -> 103222 | E236: รวมหักอื่นๆ | F236: =SUM(F233:F235) -> 2383 | G236: หัก ค่าใช้จ่ายอื่นๆ | J236: =F236 -> 2383
C237: หัก ยอดขายขั้นต่ำ | D237: 100000 | G237: ต้องคงเหลือทั้งหมด | J237: =J235-J236-K233-K235 -> 46835
C238: เหลือยอดคิดคอมมิสชั่น | D238: =D236-D237 -> 3222 | G238: ยอดที่รับจริง | J238: =+T36 -> 47515
C239: ค่าคอมมิสชั่น 4% | D239: 0 | G239: ขาด | J239: 0
G240: เกิน | J240: =+J238-J237 -> 680
F241: โอนเงินเข้าบัญชี ธนาคาร ไทยพาณิชย์ คุณภาณุวัชร วัฒนกิจรุ่งโรจน์

Sheet ยกมา
A2: บูธ หน้ามอ วันที่ 1-31/5/2567 | O2: สินค้า SALE
A3: ลำดับ | B3: รายการ | C3: ยกมา | D3: รับ | E3: รวม | F3: เปลี่ยน/ | G3: คงเหลือ | H3: รายการขาย | K3: หมายเหตุ | L3: ส่วนลด | O3: ลำดับ | P3: รายการ | Q3: ยกมา | R3: รับ | S3: รวม | T3: เปลี่ยน/ | U3: คงเหลือ | V3: รายการขาย | Y3: หมายเหตุ | Z3: ส่วนลด
F4: คืน/เสีย | H4: จำนวน | I4: @ | J4: เป็นเงิน | T4: คืน/เสีย | V4: จำนวน | W4: @ | X4: เป็นเงิน
A5: 1 | B5: ชิฟฟ่อน (ล) | C5: =+'[1]30'!G5 -> 7 | D5: 0 | E5: =C5+D5 -> 7 | F5: 0 | G5: =E5-F5-H5 -> 7 | H5: 0 | I5: 50 | J5: =+I5*H5 -> 0 | K5: - | L5: 0 | M5: =SUM(J5-L5) -> 0 | O5: 1 | P5: ขนมปังไส้ฝอยทอง | Q5: 0 | R5: 0 | S5: =Q5+R5 -> 0 | T5: 0 | U5: =S5-T5-V5 -> 0 | V5: 0 | W5: 30 | X5: 0 | Y5: - | Z5: 0
A6: 2 | B6: ชิฟฟ่อน (ญ) | C6: =+'[1]30'!G6 -> 81 | D6: 30 | E6: =C6+D6 -> 111 | F6: 0 | G6: =E6-F6-H6 -> 111 | H6: 0 | I6: 100 | J6: =+I6*H6 -> 0 | K6: - | L6: 0 | M6: =SUM(J6-L6) -> 0 | O6: 2 | P6: ขนมปังไส้แยมสตอเบอรรี่ | Q6: 0 | R6: 0 | S6: =Q6+R6 -> 0 | T6: 0 | U6: =S6-T6-V6 -> 0 | V6: 0 | W6: 30 | X6: 0 | Y6: - | Z6: 0
A7: 3 | B7: ชิฟฟ่อน (ล) กาแฟ | C7: =+'[1]30'!G7 -> 0 | D7: 0 | E7: =C7+D7 -> 0 | F7: 0 | G7: =E7-F7-H7 -> 0 | H7: 0 | I7: 50 | J7: =+I7*H7 -> 0 | K7: - | L7: 0 | M7: =SUM(J7-L7) -> 0 | O7: 3 | P7: ขนมปังไส้แยมบลูเบอรี่ | Q7: 0 | R7: 0 | S7: =Q7+R7 -> 0 | T7: 0 | U7: =S7-T7-V7 -> 0 | V7: 0 | W7: 30 | X7: 0 | Y7: - | Z7: 0
A8: 4 | B8: ชิฟฟ่อน (ญ) กาแฟ | C8: =+'[1]30'!G8 -> 0 | D8: 0 | E8: =C8+D8 -> 0 | F8: 0 | G8: =E8-F8-H8 -> 0 | H8: 0 | I8: 100 | J8: =+I8*H8 -> 0 | K8: - | L8: 0 | M8: =SUM(J8-L8) -> 0 | O8: 4 | P8: ขนมปังไส้ลูกเกด | Q8: 0 | R8: 0 | S8: =Q8+R8 -> 0 | T8: 0 | U8: =S8-T8-V8 -> 0 | V8: 0 | W8: 30 | X8: 0 | Y8: - | Z8: 0
A9: 5 | B9: ชิฟฟ่อนเค้ก 1 ชิ้น | C9: =+'[1]30'!G9 -> 0 | D9: 0 | E9: =C9+D9 -> 0 | F9: 0 | G9: =E9-F9-H9 -> 0 | H9: 0 | I9: 12 | J9: =+I9*H9 -> 0 | K9: - | L9: 0 | M9: =SUM(J9-L9) -> 0 | O9: 5 | Q9: =+'[2]วันที่ 22'!U9 -> 0 | R9: 0 | S9: =Q9+R9 -> 0 | T9: 0 | U9: =S9-T9-V9 -> 0 | V9: 0 | X9: 0 | Y9: - | Z9: 0
A10: 6 | B10: ชิฟฟ่อนเค้กสอดไส้แยม 1 ชิ้น | C10: =+'[1]30'!G10 -> 0 | D10: 0 | E10: =C10+D10 -> 0 | F10: 0 | G10: =E10-F10-H10 -> 0 | H10: 0 | I10: 15 | J10: =+I10*H10 -> 0 | K10: - | L10: 0 | M10: =SUM(J10-L10) -> 0 | O10: 6 | Q10: =+'[2]วันที่ 22'!U10 -> 0 | R10: 0 | S10: =Q10+R10 -> 0 | T10: 0 | U10: =S10-T10-V10 -> 0 | V10: 0 | X10: 0 | Y10: - | Z10: 0
A11: 7 | B11: ชิฟฟ่อน สอดไส้ (ล) 2 ชิ้น ครีมมะพร้าว | C11: =+'[1]30'!G11 -> 0 | D11: 0 | E11: =C11+D11 -> 0 | F11: 0 | G11: =E11-F11-H11 -> 0 | H11: 0 | I11: 50 | J11: =+I11*H11 -> 0 | K11: - | L11: 0 | M11: =SUM(J11-L11) -> 0 | O11: 7 | Q11: =+'[2]วันที่ 22'!U11 -> 0 | R11: 0 | S11: =Q11+R11 -> 0 | T11: 0 | U11: =S11-T11-V11 -> 0 | V11: 0 | X11: 0 | Y11: - | Z11: 0
A12: 8 | B12: ชิฟฟ่อน สอดไส้ (ล) 3 ชิ้น รวมรส | C12: =+'[1]30'!G12 -> 0 | D12: 5 | E12: =C12+D12 -> 5 | F12: 0 | G12: =E12-F12-H12 -> 5 | H12: 0 | I12: 50 | J12: =+I12*H12 -> 0 | K12: - | L12: 0 | M12: =SUM(J12-L12) -> 0 | O12: 8 | Q12: =+'[2]วันที่ 22'!U12 -> 0 | R12: 0 | S12: =Q12+R12 -> 0 | T12: 0 | U12: =S12-T12-V12 -> 0 | V12: 0 | X12: 0 | Y12: - | Z12: 0
A13: 9 | B13: ชิฟฟ่อน สอดไส้ (ล) 3 ชิ้น กาแฟ | C13: =+'[1]30'!G13 -> 0 | D13: 0 | E13: =C13+D13 -> 0 | F13: 0 | G13: =E13-F13-H13 -> 0 | H13: 0 | I13: 50 | J13: =+I13*H13 -> 0 | K13: - | L13: 0 | M13: =SUM(J13-L13) -> 0 | O13: 9 | Q13: =+'[2]วันที่ 22'!U13 -> 0 | R13: 0 | S13: =Q13+R13 -> 0 | T13: 0 | U13: =S13-T13-V13 -> 0 | V13: 0 | X13: 0 | Y13: - | Z13: 0
A14: 10 | B14: ชิฟฟ่อน สอดไส้ (ล) 4 ชิ้น ครีมมะพร้าว | C14: =+'[1]30'!G14 -> 0 | D14: 3 | E14: =C14+D14 -> 3 | F14: 0 | G14: =E14-F14-H14 -> 3 | H14: 0 | I14: 65 | J14: =+I14*H14 -> 0 | K14: - | L14: 0 | M14: =SUM(J14-L14) -> 0 | O14: 10 | Q14: =+'[2]วันที่ 22'!U14 -> 0 | R14: 0 | S14: =Q14+R14 -> 0 | T14: 0 | U14: =S14-T14-V14 -> 0 | V14: 0 | X14: 0 | Y14: - | Z14: 0
A15: 11 | B15: ชิฟฟ่อน สอดไส้ (ล) 3 ชิ้น แยมส้ม | C15: =+'[1]30'!G15 -> 0 | D15: 0 | E15: =C15+D15 -> 0 | F15: 0 | G15: =E15-F15-H15 -> 0 | H15: 0 | I15: 50 | J15: =+I15*H15 -> 0 | K15: - | L15: 0 | M15: =SUM(J15-L15) -> 0 | O15: 11 | Q15: =+'[2]วันที่ 22'!U15 -> 0 | R15: 0 | S15: =Q15+R15 -> 0 | T15: 0 | U15: =S15-T15-V15 -> 0 | V15: 0 | X15: 0 | Y15: - | Z15: 0
A16: 12 | B16: ชิฟฟ่อน สอดไส้ (ล) 3 ชิ้น บลูเบอรี่ | C16: =+'[1]30'!G16 -> 0 | D16: 0 | E16: =C16+D16 -> 0 | F16: 0 | G16: =E16-F16-H16 -> 0 | H16: 0 | I16: 50 | J16: =+I16*H16 -> 0 | K16: - | L16: 0 | M16: =SUM(J16-L16) -> 0 | O16: 12 | Q16: =+'[2]วันที่ 22'!U16 -> 0 | R16: 0 | S16: =Q16+R16 -> 0 | T16: 0 | U16: =S16-T16-V16 -> 0 | V16: 0 | X16: 0 | Y16: - | Z16: 0
A17: 13 | B17: ชิฟฟ่อน สอดไส้ (ล) 3 ชิ้น ฝอยทอง | C17: =+'[1]30'!G17 -> 0 | D17: 0 | E17: =C17+D17 -> 0 | F17: 0 | G17: =E17-F17-H17 -> 0 | H17: 0 | I17: 50 | J17: =+I17*H17 -> 0 | K17: - | L17: 0 | M17: =SUM(J17-L17) -> 0 | O17: 13 | Q17: =+'[2]วันที่ 22'!U17 -> 0 | R17: 0 | S17: =Q17+R17 -> 0 | T17: 0 | U17: =S17-T17-V17 -> 0 | V17: 0 | X17: 0 | Y17: - | Z17: 0
A18: 14 | B18: ชิฟฟ่อน สอดไส้ (ล) 3 ชิ้น แยมสตรอเบอรี่ | C18: =+'[1]30'!G18 -> 0 | D18: 0 | E18: =C18+D18 -> 0 | F18: 0 | G18: =E18-F18-H18 -> 0 | H18: 0 | I18: 50 | J18: =+I18*H18 -> 0 | K18: - | L18: 0 | M18: =SUM(J18-L18) -> 0 | O18: 14 | Q18: =+'[2]วันที่ 22'!U18 -> 0 | R18: 0 | S18: =Q18+R18 -> 0 | T18: 0 | U18: =S18-T18-V18 -> 0 | V18: 0 | X18: 0 | Y18: - | Z18: 0
A19: 15 | B19: ชิฟฟ่อน สอดไส้ (ล) 3 ชิ้น เนยมพะร้าว | C19: =+'[1]30'!G19 -> 7 | D19: 0 | E19: =C19+D19 -> 7 | F19: 0 | G19: =E19-F19-H19 -> 6 | H19: 1 | I19: 50 | J19: =+I19*H19 -> 50 | K19: - | L19: 0 | M19: =SUM(J19-L19) -> 50 | O19: 15 | Q19: =+'[2]วันที่ 22'!U19 -> 0 | R19: 0 | S19: =Q19+R19 -> 0 | T19: 0 | U19: =S19-T19-V19 -> 0 | V19: 0 | X19: 0 | Y19: - | Z19: 0
A20: 16 | B20: ชิฟฟ่อน สอดไส้ (ล) 3 ชิ้น นมชมพู | C20: =+'[1]30'!G20 -> 0 | D20: 0 | E20: =C20+D20 -> 0 | F20: 0 | G20: =E20-F20-H20 -> 0 | H20: 0 | I20: 50 | J20: =+I20*H20 -> 0 | K20: - | L20: 0 | M20: =SUM(J20-L20) -> 0 | O20: 16 | Q20: =+'[2]วันที่ 22'!U20 -> 0 | R20: 0 | S20: =Q20+R20 -> 0 | T20: 0 | U20: =S20-T20-V20 -> 0 | V20: 0 | X20: 0 | Y20: - | Z20: 0
... A103: 99 | B103: ไดฟุกุ 8 ชิ้น | C103: =+'[1]30'!G103 -> 0 | D103: 0 | E103: =C103+D103 -> 0 | F103: 0 | G103: =E103-F103-H103 -> 0 | H103: 0 | I103: 100 | J103: =+I103*H103 -> 0 | K103: - | L103: 0 | M103: =SUM(J103-L103) -> 0 | O103: 99 | Q103: =+'[2]วันที่ 22'!U103 -> 0 | R103: 0 | S103: =Q103+R103 -> 0 | T103: 0 | U103: =S103-T103-V103 -> 0 | V103: 0 | X103: 0 | Y103: - | Z103: 0
A104: 100 | B104: หมูทุบ | C104: =+'[1]30'!G104 -> 0 | D104: 0 | E104: =C104+D104 -> 0 | F104: 0 | G104: =E104-F104-H104 -> 0 | H104: 0 | I104: 100 | J104: =+I104*H104 -> 0 | K104: - | L104: 0 | M104: =SUM(J104-L104) -> 0 | O104: 100 | Q104: =+'[2]วันที่ 22'!U104 -> 0 | R104: 0 | S104: =Q104+R104 -> 0 | T104: 0 | U104: =S104-T104-V104 -> 0 | V104: 0 | X104: 0 | Z104: 0
A105: 101 | B105: ดอกจอก | C105: =+'[1]30'!G105 -> 0 | D105: 0 | E105: =C105+D105 -> 0 | F105: 0 | G105: =E105-F105-H105 -> 0 | H105: 0 | I105: 30 | J105: =+I105*H105 -> 0 | K105: - | L105: 0 | M105: =SUM(J105-L105) -> 0 | Z105: =SUM(Z5:Z104) -> 0
A106: 102 | B106: เทียน | C106: =+'[1]30'!G106 -> 6 | D106: 10 | E106: =C106+D106 -> 16 | F106: 0 | G106: =E106-F106-H106 -> 15 | H106: 1 | I106: 20 | J106: =+I106*H106 -> 20 | K106: - | L106: 0 | M106: =SUM(J106-L106) -> 20
A107: 103 | B107: ขนมอาลัวแฟนซี | C107: =+'[1]30'!G107 -> 3 | D107: 0 | E107: =C107+D107 -> 3 | F107: 0 | G107: =E107-F107-H107 -> 3 | H107: 0 | I107: 100 | J107: =+I107*H107 -> 0 | K107: - | L107: 0 | M107: =SUM(J107-L107) -> 0 | P107: รวม | X107: =SUM(X5:X104) -> 0
A108: 104 | B108: ชูนัทคุกกี้ | C108: =+'[1]30'!G108 -> 0 | D108: 0 | E108: =C108+D108 -> 0 | F108: 0 | G108: =E108-F108-H108 -> 0 | H108: 0 | I108: 80 | J108: =+I108*H108 -> 0 | K108: - | L108: 0 | M108: =SUM(J108-L108) -> 0
A109: 105 | B109: วุ้นแฟนซี | C109: =+'[1]30'!G109 -> 0 | D109: 0 | E109: =C109+D109 -> 0 | F109: 0 | G109: =E109-F109-H109 -> 0 | H109: 0 | I109: 120 | J109: =+I109*H109 -> 0 | K109: - | L109: 0 | M109: =SUM(J109-L109) -> 0
A110: 106 | B110: เค้กสามเหลี่ยม มะพร้าว | C110: =+'[1]30'!G110 -> 0 | D110: 0 | E110: =C110+D110 -> 0 | F110: 0 | G110: =E110-F110-H110 -> 0 | H110: 0 | I110: 35 | J110: =+I110*H110 -> 0 | K110: - | L110: 0 | M110: =SUM(J110-L110) -> 0
A111: 107 | B111: เค้กสามเหลี่ยม สตอเบอรี่ | C111: =+'[1]30'!G111 -> 0 | D111: 0 | E111: =C111+D111 -> 0 | F111: 0 | G111: =E111-F111-H111 -> 0 | H111: 0 | I111: 35 | J111: =+I111*H111 -> 0 | K111: - | L111: 0 | M111: =SUM(J111-L111) -> 0
A112: 108 | B112: เค้กสามเหลี่ยม บลูเบอรี่ | C112: =+'[1]30'!G112 -> 0 | D112: 0 | E112: =C112+D112 -> 0 | F112: 0 | G112: =E112-F112-H112 -> 0 | H112: 0 | I112: 35 | J112: =+I112*H112 -> 0 | K112: - | L112: 0 | M112: =SUM(J112-L112) -> 0
A113: 109 | B113: เค้กสามเหลี่ยม รสส้ม | C113: =+'[1]30'!G113 -> 0 | D113: 0 | E113: =C113+D113 -> 0 | F113: 0 | G113: =E113-F113-H113 -> 0 | H113: 0 | I113: 35 | J113: =+I113*H113 -> 0 | K113: - | L113: 0 | M113: =SUM(J113-L113) -> 0
A114: 110 | B114: เค้กสามเหลี่ยม รสช็อกโกโอริโอ้ | C114: =+'[1]30'!G114 -> 0 | D114: 0 | E114: =C114+D114 -> 0 | F114: 0 | G114: =E114-F114-H114 -> 0 | H114: 0 | I114: 35 | J114: =+I114*H114 -> 0 | K114: - | L114: 0 | M114: =SUM(J114-L114) -> 0
A115: 111 | B115: สตอเบอร์รี่ครีมเค้ก | C115: =+'[1]30'!G115 -> 0 | D115: 0 | E115: =C115+D115 -> 0 | F115: 0 | G115: =E115-F115-H115 -> 0 | H115: 0 | I115: 50 | J115: =+I115*H115 -> 0 | K115: - | L115: 0 | M115: =SUM(J115-L115) -> 0
A116: 112 | B116: บลูเบอร์รี่ครีมเค้ก | C116: =+'[1]30'!G116 -> 0 | D116: 0 | E116: =C116+D116 -> 0 | F116: 0 | G116: =E116-F116-H116 -> 0 | H116: 0 | I116: 50 | J116: =+I116*H116 -> 0 | K116: - | L116: 0 | M116: =SUM(J116-L116) -> 0
A117: 113 | B117: เค้กส้ม | C117: =+'[1]30'!G117 -> 0 | D117: 0 | E117: =C117+D117 -> 0 | F117: 0 | G117: =E117-F117-H117 -> 0 | H117: 0 | I117: 50 | J117: =+I117*H117 -> 0 | K117: - | L117: 0 | M117: =SUM(J117-L117) -> 0
A118: 114 | B118: วนิลาครีมเค้ก | C118: =+'[1]30'!G118 -> 0 | D118: 0 | E118: =C118+D118 -> 0 | F118: 0 | G118: =E118-F118-H118 -> 0 | H118: 0 | I118: 50 | J118: =+I118*H118 -> 0 | K118: - | L118: 0 | M118: =SUM(J118-L118) -> 0
A119: 115 | B119: ใบเตยครีมเค้ก | C119: =+'[1]30'!G119 -> 0 | D119: 0 | E119: =C119+D119 -> 0 | F119: 0 | G119: =E119-F119-H119 -> 0 | H119: 0 | I119: 50 | J119: =+I119*H119 -> 0 | K119: - | L119: 0 | M119: =SUM(J119-L119) -> 0
... A188: 184 | B188: น้ำผลไม้ | C188: =+'[1]30'!G188 -> 0 | D188: 0 | E188: =C188+D188 -> 0 | F188: 0 | G188: =E188-F188-H188 -> 0 | H188: 0 | I188: 10 | J188: =+I188*H188 -> 0 | K188: - | L188: 0 | M188: =SUM(J188-L188) -> 0
A189: 185 | B189: เครื่องดื่ม | C189: =+'[1]30'!G189 -> 0 | D189: 0 | E189: =C189+D189 -> 0 | F189: 0 | G189: =E189-F189-H189 -> 0 | H189: 0 | J189: =+I189*H189 -> 0 | K189: - | L189: 0 | M189: =SUM(J189-L189) -> 0
A190: 186 | B190: เปี๊ยะสติ๊กไก่หยอง | C190: =+'[1]30'!G190 -> 0 | D190: 0 | E190: =C190+D190 -> 0 | F190: 0 | G190: =E190-F190-H190 -> 0 | H190: 0 | I190: 55 | J190: =+I190*H190 -> 0 | K190: - | L190: 0 | M190: =SUM(J190-L190) -> 0
A191: 187 | B191: มินิบันไส้กรอกชีส | C191: =+'[1]30'!G191 -> 0 | D191: 0 | E191: =C191+D191 -> 0 | F191: 0 | G191: =E191-F191-H191 -> 0 | H191: 0 | I191: 45 | J191: =+I191*H191 -> 0 | K191: - | L191: 0 | M191: =SUM(J191-L191) -> 0
A192: 188 | B192: ขนมปังแถว | C192: =+'[1]30'!G192 -> 0 | D192: 0 | E192: =C192+D192 -> 0 | F192: 0 | G192: =E192-F192-H192 -> 0 | H192: 0 | I192: 50 | J192: =+I192*H192 -> 0 | K192: - | L192: 0 | M192: =SUM(J192-L192) -> 0
A193: 189 | B193: ป้าย HBD | C193: =+'[1]30'!G193 -> 0 | D193: 0 | E193: =C193+D193 -> 0 | F193: 0 | G193: =E193-F193-H193 -> 0 | H193: 0 | I193: 30 | J193: =+I193*H193 -> 0 | K193: - | L193: 0 | M193: =SUM(J193-L193) -> 0
A194: 190 | B194: เปี๊ยะลาวาไข่เค็ม 1 ชิ้น | C194: =+'[1]30'!G194 -> 0 | D194: 0 | E194: =C194+D194 -> 0 | F194: 0 | G194: =E194-F194-H194 -> 0 | H194: 0 | I194: 25 | J194: =+I194*H194 -> 0 | K194: - | L194: 0 | M194: =SUM(J194-L194) -> 0
A195: 191 | B195: เจ้หมวย | C195: =+'[1]30'!G195 -> 0 | D195: 0 | E195: =C195+D195 -> 0 | F195: 0 | G195: =E195-F195-H195 -> 0 | H195: 0 | I195: 0 | J195: =+I195*H195 -> 0 | K195: - | L195: 0 | M195: =SUM(J195-L195) -> 0
A196: 192 | B196: จัดชุดเบรก | C196: =+'[1]30'!G196 -> 0 | D196: 0 | E196: =C196+D196 -> 0 | F196: 0 | G196: =E196-F196-H196 -> 0 | H196: 0 | I196: 25 | J196: =+I196*H196 -> 0 | K196: - | L196: 0 | M196: =SUM(J196-L196) -> 0
A197: 193 | B197: วุ้นแฟนซีวันแม่ | C197: =+'[1]30'!G197 -> 0 | D197: 0 | E197: =C197+D197 -> 0 | F197: 0 | G197: =E197-F197-H197 -> 0 | H197: 0 | I197: 65 | J197: =+I197*H197 -> 0 | K197: - | L197: 0 | M197: =SUM(J197-L197) -> 0
A198: 194 | B198: กล่องจัดเบรก | C198: =+'[1]30'!G198 -> 378 | D198: 0 | E198: =C198+D198 -> 378 | F198: 0 | G198: =E198-F198-H198 -> 378 | H198: 0 | I198: 25 | J198: =+I198*H198 -> 0 | K198: - | L198: 0 | M198: =SUM(J198-L198) -> 0
A199: 195 | B199: น้ำผลไม้ | C199: =+'[1]30'!G199 -> 249 | D199: 0 | E199: =C199+D199 -> 249 | F199: 0 | G199: =E199-F199-H199 -> 249 | H199: 0 | I199: 0 | J199: =+I199*H199 -> 0 | K199: - | L199: 0 | M199: =SUM(J199-L199) -> 0
A200: 196 | B200: ลูกค้านัดรับ | C200: =+'[1]30'!G200 -> 0 | D200: 0 | E200: =C200+D200 -> 0 | F200: 0 | G200: =E200-F200-H200 -> 0 | H200: 0 | I200: 0 | J200: =+I200*H200 -> 0 | K200: - | L200: 0 | M200: =SUM(J200-L200) -> 0
A201: 197 | B201: ปังเลเยอร์ | C201: =+'[1]30'!G201 -> 0 | D201: 0 | E201: =C201+D201 -> 0 | F201: 0 | G201: =E201-F201-H201 -> 0 | H201: 0 | I201: 65 | J201: =+I201*H201 -> 0 | K201: - | L201: 0 | M201: =SUM(J201-L201) -> 0
... A225: 221 | B225: เค้กแยมโรลวรรณวนัช | C225: =+'[1]30'!G225 -> 0 | D225: 0 | E225: =C225+D225 -> 0 | F225: 0 | G225: =E225-F225-H225 -> 0 | H225: 0 | I225: 40 | J225: =+I225*H225 -> 0 | K225: - | L225: 0 | M225: =SUM(J225-L225) -> 0
L226: 0 | M226: ส่วนลดสินค้า SALE
H227: ยอดขายสินค้า SALE | J227: =+X110 -> 0
I228: รวมทั้งหมด | K228: =SUM(J5:J227) -> 1530
I229: หัก ค่าโอนเงิน | K229: 0
I230: หัก โอนหน้าร้าน | K230: =SUM(L230:BO230) -> 250 | L230: 200 | M230: 50
I231: สแกนใช้สิทธิ์ | K231: 0
I232: หัก ค่าใช้จ่ายอื่นๆ | K232: 0
I233: หัก ส่วนลด | K233: =SUM(L5:L226) -> 187 | M233: Rookie | N233: Grab | O233: Line Man
I234: ต้องคงเหลือทั้งหมด | K234: =K228-K229-K230-K232-K233 -> 1093
I235: ยอดที่รับจริง | K235: 1093
I236: ขาด | K236: =+K235-K234 -> 0
I237: เกิน | K237: =+K235-K234 -> 0
I239: ยอดขายหักส่วนลด | J239: =+K228-K233+K236 -> 1343
I240: ยอดเงินสด | J240: =SUM(K229:K232) -> 250 | M240: =SUM(M234:M239) -> 0 | N240: =SUM(N234:N239) -> 0 | O240: =SUM(O234:O239) -> 0
I241: ยอดโอน | J241: =+K235 -> 1093 | M241: หัก 30% | N241: =N240*30/100 -> 0 | O241: =O240*30/100 -> 0
M242: หัก 7% | N242: =N241*7/100 -> 0 | O242: =O241*7/100 -> 0
M243: รวม | N243: =N240-N241-N242 -> 0 | O243: =O240-O241-O242 -> 0

Sheet 1
A2: บูธ หน้ามอ วันที่ 1-30/6/2567 | O2: สินค้า SALE
A3: ลำดับ | B3: รายการ | C3: ยกมา | D3: รับ | E3: รวม | F3: เปลี่ยน/ | G3: คงเหลือ | H3: รายการขาย | K3: หมายเหตุ | L3: ส่วนลด | O3: ลำดับ | P3: รายการ | Q3: ยกมา | R3: รับ | S3: รวม | T3: เปลี่ยน/ | U3: คงเหลือ | V3: รายการขาย | Y3: หมายเหตุ | Z3: ส่วนลด
F4: คืน/เสีย | H4: จำนวน | I4: @ | J4: เป็นเงิน | T4: คืน/เสีย | V4: จำนวน | W4: @ | X4: เป็นเงิน
A5: 1 | B5: ชิฟฟ่อน (ล) | C5: =+ยกมา!G5 -> 7 | D5: 0 | E5: =C5+D5 -> 7 | F5: 0 | G5: =E5-F5-H5 -> 6 | H5: 1 | I5: 50 | J5: =+I5*H5 -> 50 | K5: ลด50% | L5: 25 | M5: =SUM(J5-L5) -> 25 | O5: 1 | P5: ขนมปังไส้ฝอยทอง | Q5: 0 | R5: 0 | S5: =Q5+R5 -> 0 | T5: 0 | U5: =S5-T5-V5 -> 0 | V5: 0 | W5: 30 | X5: 0 | Y5: - | Z5: 0
A6: 2 | B6: ชิฟฟ่อน (ญ) | C6: =+ยกมา!G6 -> 111 | D6: 0 | E6: =C6+D6 -> 111 | F6: 0 | G6: =E6-F6-H6 -> 101 | H6: 10 | I6: 100 | J6: =+I6*H6 -> 1000 | K6: ลด10%=1 | L6: 10 | M6: =SUM(J6-L6) -> 990 | O6: 2 | P6: ขนมปังไส้แยมสตอเบอรรี่ | Q6: 0 | R6: 0 | S6: =Q6+R6 -> 0 | T6: 0 | U6: =S6-T6-V6 -> 0 | V6: 0 | W6: 30 | X6: 0 | Y6: - | Z6: 0
A7: 3 | B7: ชิฟฟ่อน (ล) กาแฟ 4ชิ้น | C7: =+ยกมา!G7 -> 0 | D7: 0 | E7: =C7+D7 -> 0 | F7: 0 | G7: =E7-F7-H7 -> 0 | H7: 0 | I7: 50 | J7: =+I7*H7 -> 0 | K7: - | L7: 0 | M7: =SUM(J7-L7) -> 0 | O7: 3 | P7: ขนมปังไส้แยมบลูเบอรี่ | Q7: 0 | R7: 0 | S7: =Q7+R7 -> 0 | T7: 0 | U7: =S7-T7-V7 -> 0 | V7: 0 | W7: 30 | X7: 0 | Y7: - | Z7: 0
A8: 4 | B8: ชิฟฟ่อน (ญ) กาแฟ | C8: =+ยกมา!G8 -> 0 | D8: 0 | E8: =C8+D8 -> 0 | F8: 0 | G8: =E8-F8-H8 -> 0 | H8: 0 | I8: 100 | J8: =+I8*H8 -> 0 | K8: - | L8: 0 | M8: =SUM(J8-L8) -> 0 | O8: 4 | P8: ขนมปังไส้ลูกเกด | Q8: 0 | R8: 0 | S8: =Q8+R8 -> 0 | T8: 0 | U8: =S8-T8-V8 -> 0 | V8: 0 | W8: 30 | X8: 0 | Y8: - | Z8: 0
A9: 5 | B9: ชิฟฟ่อนเค้ก 1 ชิ้น | C9: =+ยกมา!G9 -> 0 | D9: 0 | E9: =C9+D9 -> 0 | F9: 0 | G9: =E9-F9-H9 -> 0 | H9: 0 | I9: 12 | J9: =+I9*H9 -> 0 | K9: - | L9: 0 | M9: =SUM(J9-L9) -> 0 | O9: 5 | Q9: =+'[2]วันที่ 22'!U9 -> 0 | R9: 0 | S9: =Q9+R9 -> 0 | T9: 0 | U9: =S9-T9-V9 -> 0 | V9: 0 | X9: 0 | Y9: - | Z9: 0
A10: 6 | B10: ชิฟฟ่อนเค้กสอดไส้แยม 1 ชิ้น | C10: =+ยกมา!G10 -> 0 | D10: 0 | E10: =C10+D10 -> 0 | F10: 0 | G10: =E10-F10-H10 -> 0 | H10: 0 | I10: 15 | J10: =+I10*H10 -> 0 | K10: - | L10: 0 | M10: =SUM(J10-L10) -> 0 | O10: 6 | Q10: =+'[2]วันที่ 22'!U10 -> 0 | R10: 0 | S10: =Q10+R10 -> 0 | T10: 0 | U10: =S10-T10-V10 -> 0 | V10: 0 | X10: 0 | Y10: - | Z10: 0
A11: 7 | B11: ชิฟฟ่อน สอดไส้ (ล) 2 ชิ้น ครีมมะพร้าว | C11: =+ยกมา!G11 -> 0 | D11: 0 | E11: =C11+D11 -> 0 | F11: 0 | G11: =E11-F11-H11 -> 0 | H11: 0 | I11: 50 | J11: =+I11*H11 -> 0 | K11: - | L11: 0 | M11: =SUM(J11-L11) -> 0 | O11: 7 | Q11: =+'[2]วันที่ 22'!U11 -> 0 | R11: 0 | S11: =Q11+R11 -> 0 | T11: 0 | U11: =S11-T11-V11 -> 0 | V11: 0 | X11: 0 | Y11: - | Z11: 0
A12: 8 | B12: ชิฟฟ่อน สอดไส้ (ล) 3 ชิ้น รวมรส | C12: =+ยกมา!G12 -> 5 | D12: 0 | E12: =C12+D12 -> 5 | F12: 0 | G12: =E12-F12-H12 -> 2 | H12: 3 | I12: 50 | J12: =+I12*H12 -> 150 | K12: - | L12: 0 | M12: =SUM(J12-L12) -> 150 | O12: 8 | Q12: =+'[2]วันที่ 22'!U12 -> 0 | R12: 0 | S12: =Q12+R12 -> 0 | T12: 0 | U12: =S12-T12-V12 -> 0 | V12: 0 | X12: 0 | Y12: - | Z12: 0
A13: 9 | B13: ชิฟฟ่อน สอดไส้ (ล) 3 ชิ้น กาแฟ | C13: =+ยกมา!G13 -> 0 | D13: 0 | E13: =C13+D13 -> 0 | F13: 0 | G13: =E13-F13-H13 -> 0 | H13: 0 | I13: 50 | J13: =+I13*H13 -> 0 | K13: - | L13: 0 | M13: =SUM(J13-L13) -> 0 | O13: 9 | Q13: =+'[2]วันที่ 22'!U13 -> 0 | R13: 0 | S13: =Q13+R13 -> 0 | T13: 0 | U13: =S13-T13-V13 -> 0 | V13: 0 | X13: 0 | Y13: - | Z13: 0
A14: 10 | B14: ชิฟฟ่อน สอดไส้ (ล) 4 ชิ้น ครีมมะพร้าว | C14: =+ยกมา!G14 -> 3 | D14: 0 | E14: =C14+D14 -> 3 | F14: 0 | G14: =E14-F14-H14 -> 1 | H14: 2 | I14: 65 | J14: =+I14*H14 -> 130 | K14: พนง1 | L14: 5 | M14: =SUM(J14-L14) -> 125 | O14: 10 | Q14: =+'[2]วันที่ 22'!U14 -> 0 | R14: 0 | S14: =Q14+R14 -> 0 | T14: 0 | U14: =S14-T14-V14 -> 0 | V14: 0 | X14: 0 | Y14: - | Z14: 0
A15: 11 | B15: ชิฟฟ่อน สอดไส้ (ล) 3 ชิ้น แยมส้ม | C15: =+ยกมา!G15 -> 0 | D15: 0 | E15: =C15+D15 -> 0 | F15: 0 | G15: =E15-F15-H15 -> 0 | H15: 0 | I15: 50 | J15: =+I15*H15 -> 0 | K15: - | L15: 0 | M15: =SUM(J15-L15) -> 0 | O15: 11 | Q15: =+'[2]วันที่ 22'!U15 -> 0 | R15: 0 | S15: =Q15+R15 -> 0 | T15: 0 | U15: =S15-T15-V15 -> 0 | V15: 0 | X15: 0 | Y15: - | Z15: 0
A16: 12 | B16: ชิฟฟ่อน สอดไส้ (ล) 3 ชิ้น บลูเบอรี่ | C16: =+ยกมา!G16 -> 0 | D16: 0 | E16: =C16+D16 -> 0 | F16: 0 | G16: =E16-F16-H16 -> 0 | H16: 0 | I16: 50 | J16: =+I16*H16 -> 0 | K16: - | L16: 0 | M16: =SUM(J16-L16) -> 0 | O16: 12 | Q16: =+'[2]วันที่ 22'!U16 -> 0 | R16: 0 | S16: =Q16+R16 -> 0 | T16: 0 | U16: =S16-T16-V16 -> 0 | V16: 0 | X16: 0 | Y16: - | Z16: 0
A17: 13 | B17: ชิฟฟ่อน สอดไส้ (ล) 3 ชิ้น ฝอยทอง | C17: =+ยกมา!G17 -> 0 | D17: 0 | E17: =C17+D17 -> 0 | F17: 0 | G17: =E17-F17-H17 -> 0 | H17: 0 | I17: 50 | J17: =+I17*H17 -> 0 | K17: - | L17: 0 | M17: =SUM(J17-L17) -> 0 | O17: 13 | Q17: =+'[2]วันที่ 22'!U17 -> 0 | R17: 0 | S17: =Q17+R17 -> 0 | T17: 0 | U17: =S17-T17-V17 -> 0 | V17: 0 | X17: 0 | Y17: - | Z17: 0
A18: 14 | B18: ชิฟฟ่อน สอดไส้ (ล) 3 ชิ้น แยมสตรอเบอรี่ | C18: =+ยกมา!G18 -> 0 | D18: 0 | E18: =C18+D18 -> 0 | F18: 0 | G18: =E18-F18-H18 -> 0 | H18: 0 | I18: 50 | J18: =+I18*H18 -> 0 | K18: - | L18: 0 | M18: =SUM(J18-L18) -> 0 | O18: 14 | Q18: =+'[2]วันที่ 22'!U18 -> 0 | R18: 0 | S18: =Q18+R18 -> 0 | T18: 0 | U18: =S18-T18-V18 -> 0 | V18: 0 | X18: 0 | Y18: - | Z18: 0
A19: 15 | B19: ชิฟฟ่อน สอดไส้ (ล) 3 ชิ้น เนยมพะร้าว | C19: =+ยกมา!G19 -> 6 | D19: 0 | E19: =C19+D19 -> 6 | F19: 0 | G19: =E19-F19-H19 -> 3 | H19: 3 | I19: 50 | J19: =+I19*H19 -> 150 | K19: - | L19: 0 | M19: =SUM(J19-L19) -> 150 | O19: 15 | Q19: =+'[2]วันที่ 22'!U19 -> 0 | R19: 0 | S19: =Q19+R19 -> 0 | T19: 0 | U19: =S19-T19-V19 -> 0 | V19: 0 | X19: 0 | Y19: - | Z19: 0
A20: 16 | B20: ชิฟฟ่อน สอดไส้ (ล) 3 ชิ้น นมชมพู | C20: =+ยกมา!G20 -> 0 | D20: 0 | E20: =C20+D20 -> 0 | F20: 0 | G20: =E20-F20-H20 -> 0 | H20: 0 | I20: 50 | J20: =+I20*H20 -> 0 | K20: - | L20: 0 | M20: =SUM(J20-L20) -> 0 | O20: 16 | Q20: =+'[2]วันที่ 22'!U20 -> 0 | R20: 0 | S20: =Q20+R20 -> 0 | T20: 0 | U20: =S20-T20-V20 -> 0 | V20: 0 | X20: 0 | Y20: - | Z20: 0
... A103: 99 | B103: ไดฟุกุ 8 ชิ้น | C103: =+ยกมา!G103 -> 0 | D103: 0 | E103: =C103+D103 -> 0 | F103: 0 | G103: =E103-F103-H103 -> 0 | H103: 0 | I103: 100 | J103: =+I103*H103 -> 0 | K103: - | L103: 0 | M103: =SUM(J103-L103) -> 0 | O103: 99 | Q103: =+'[2]วันที่ 22'!U103 -> 0 | R103: 0 | S103: =Q103+R103 -> 0 | T103: 0 | U103: =S103-T103-V103 -> 0 | V103: 0 | X103: 0 | Y103: - | Z103: 0
A104: 100 | B104: หมูทุบ | C104: =+ยกมา!G104 -> 0 | D104: 0 | E104: =C104+D104 -> 0 | F104: 0 | G104: =E104-F104-H104 -> 0 | H104: 0 | I104: 100 | J104: =+I104*H104 -> 0 | K104: - | L104: 0 | M104: =SUM(J104-L104) -> 0 | O104: 100 | Q104: =+'[2]วันที่ 22'!U104 -> 0 | R104: 0 | S104: =Q104+R104 -> 0 | T104: 0 | U104: =S104-T104-V104 -> 0 | V104: 0 | X104: 0 | Z104: 0
A105: 101 | B105: ดอกจอก | C105: =+ยกมา!G105 -> 0 | D105: 0 | E105: =C105+D105 -> 0 | F105: 0 | G105: =E105-F105-H105 -> 0 | H105: 0 | I105: 30 | J105: =+I105*H105 -> 0 | K105: - | L105: 0 | M105: =SUM(J105-L105) -> 0 | Z105: =SUM(Z5:Z104) -> 0
A106: 102 | B106: เทียน | C106: =+ยกมา!G106 -> 15 | D106: 0 | E106: =C106+D106 -> 15 | F106: 0 | G106: =E106-F106-H106 -> 13 | H106: 2 | I106: 20 | J106: =+I106*H106 -> 40 | K106: - | L106: 0 | M106: =SUM(J106-L106) -> 40
A107: 103 | B107: ขนมอาลัวแฟนซี | C107: =+ยกมา!G107 -> 3 | D107: 0 | E107: =C107+D107 -> 3 | F107: 0 | G107: =E107-F107-H107 -> 3 | H107: 0 | I107: 100 | J107: =+I107*H107 -> 0 | K107: - | L107: 0 | M107: =SUM(J107-L107) -> 0 | P107: รวม | X107: =SUM(X5:X104) -> 0
A108: 104 | B108: ชูนัทคุกกี้ | C108: =+ยกมา!G108 -> 0 | D108: 0 | E108: =C108+D108 -> 0 | F108: 0 | G108: =E108-F108-H108 -> 0 | H108: 0 | I108: 80 | J108: =+I108*H108 -> 0 | K108: - | L108: 0 | M108: =SUM(J108-L108) -> 0
A109: 105 | B109: วุ้นแฟนซี | C109: =+ยกมา!G109 -> 0 | D109: 0 | E109: =C109+D109 -> 0 | F109: 0 | G109: =E109-F109-H109 -> 0 | H109: 0 | I109: 120 | J109: =+I109*H109 -> 0 | K109: - | L109: 0 | M109: =SUM(J109-L109) -> 0
A110: 106 | B110: เค้กสามเหลี่ยม มะพร้าว | C110: =+ยกมา!G110 -> 0 | D110: 0 | E110: =C110+D110 -> 0 | F110: 0 | G110: =E110-F110-H110 -> 0 | H110: 0 | I110: 35 | J110: =+I110*H110 -> 0 | K110: - | L110: 0 | M110: =SUM(J110-L110) -> 0
A111: 107 | B111: เค้กสามเหลี่ยม สตอเบอรี่ | C111: =+ยกมา!G111 -> 0 | D111: 0 | E111: =C111+D111 -> 0 | F111: 0 | G111: =E111-F111-H111 -> 0 | H111: 0 | I111: 35 | J111: =+I111*H111 -> 0 | K111: - | L111: 0 | M111: =SUM(J111-L111) -> 0
A112: 108 | B112: เค้กสามเหลี่ยม บลูเบอรี่ | C112: =+ยกมา!G112 -> 0 | D112: 0 | E112: =C112+D112 -> 0 | F112: 0 | G112: =E112-F112-H112 -> 0 | H112: 0 | I112: 35 | J112: =+I112*H112 -> 0 | K112: - | L112: 0 | M112: =SUM(J112-L112) -> 0
A113: 109 | B113: เค้กสามเหลี่ยม รสส้ม | C113: =+ยกมา!G113 -> 0 | D113: 0 | E113: =C113+D113 -> 0 | F113: 0 | G113: =E113-F113-H113 -> 0 | H113: 0 | I113: 35 | J113: =+I113*H113 -> 0 | K113: - | L113: 0 | M113: =SUM(J113-L113) -> 0
A114: 110 | B114: เค้กสามเหลี่ยม รสช็อกโกโอริโอ้ | C114: =+ยกมา!G114 -> 0 | D114: 0 | E114: =C114+D114 -> 0 | F114: 0 | G114: =E114-F114-H114 -> 0 | H114: 0 | I114: 35 | J114: =+I114*H114 -> 0 | K114: - | L114: 0 | M114: =SUM(J114-L114) -> 0
A115: 111 | B115: สตอเบอร์รี่ครีมเค้ก | C115: =+ยกมา!G115 -> 0 | D115: 0 | E115: =C115+D115 -> 0 | F115: 0 | G115: =E115-F115-H115 -> 0 | H115: 0 | I115: 50 | J115: =+I115*H115 -> 0 | K115: - | L115: 0 | M115: =SUM(J115-L115) -> 0
A116: 112 | B116: บลูเบอร์รี่ครีมเค้ก | C116: =+ยกมา!G116 -> 0 | D116: 0 | E116: =C116+D116 -> 0 | F116: 0 | G116: =E116-F116-H116 -> 0 | H116: 0 | I116: 50 | J116: =+I116*H116 -> 0 | K116: - | L116: 0 | M116: =SUM(J116-L116) -> 0
A117: 113 | B117: เค้กส้ม | C117: =+ยกมา!G117 -> 0 | D117: 0 | E117: =C117+D117 -> 0 | F117: 0 | G117: =E117-F117-H117 -> 0 | H117: 0 | I117: 50 | J117: =+I117*H117 -> 0 | K117: - | L117: 0 | M117: =SUM(J117-L117) -> 0
A118: 114 | B118: วนิลาครีมเค้ก | C118: =+ยกมา!G118 -> 0 | D118: 0 | E118: =C118+D118 -> 0 | F118: 0 | G118: =E118-F118-H118 -> 0 | H118: 0 | I118: 50 | J118: =+I118*H118 -> 0 | K118: - | L118: 0 | M118: =SUM(J118-L118) -> 0
A119: 115 | B119: ใบเตยครีมเค้ก | C119: =+ยกมา!G119 -> 0 | D119: 0 | E119: =C119+D119 -> 0 | F119: 0 | G119: =E119-F119-H119 -> 0 | H119: 0 | I119: 50 | J119: =+I119*H119 -> 0 | K119: - | L119: 0 | M119: =SUM(J119-L119) -> 0
... A188: 184 | B188: น้ำผลไม้ | C188: =+ยกมา!G188 -> 0 | D188: 0 | E188: =C188+D188 -> 0 | F188: 0 | G188: =E188-F188-H188 -> 0 | H188: 0 | I188: 10 | J188: =+I188*H188 -> 0 | K188: - | L188: 0 | M188: =SUM(J188-L188) -> 0
A189: 185 | B189: เครื่องดื่ม | C189: =+ยกมา!G189 -> 0 | D189: 0 | E189: =C189+D189 -> 0 | F189: 0 | G189: =E189-F189-H189 -> 0 | H189: 0 | J189: 100 | K189: - | L189: 0 | M189: =SUM(J189-L189) -> 100
A190: 186 | B190: เปี๊ยะสติ๊กไก่หยอง | C190: =+ยกมา!G190 -> 0 | D190: 0 | E190: =C190+D190 -> 0 | F190: 0 | G190: =E190-F190-H190 -> 0 | H190: 0 | I190: 55 | J190: =+I190*H190 -> 0 | K190: - | L190: 0 | M190: =SUM(J190-L190) -> 0
A191: 187 | B191: มินิบันไส้กรอกชีส | C191: =+ยกมา!G191 -> 0 | D191: 0 | E191: =C191+D191 -> 0 | F191: 0 | G191: =E191-F191-H191 -> 0 | H191: 0 | I191: 45 | J191: =+I191*H191 -> 0 | K191: - | L191: 0 | M191: =SUM(J191-L191) -> 0
A192: 188 | B192: ขนมปังแถว | C192: =+ยกมา!G192 -> 0 | D192: 0 | E192: =C192+D192 -> 0 | F192: 0 | G192: =E192-F192-H192 -> 0 | H192: 0 | I192: 50 | J192: =+I192*H192 -> 0 | K192: - | L192: 0 | M192: =SUM(J192-L192) -> 0
A193: 189 | B193: ป้าย HBD | C193: =+ยกมา!G193 -> 0 | D193: 0 | E193: =C193+D193 -> 0 | F193: 0 | G193: =E193-F193-H193 -> 0 | H193: 0 | I193: 30 | J193: =+I193*H193 -> 0 | K193: - | L193: 0 | M193: =SUM(J193-L193) -> 0
A194: 190 | B194: เปี๊ยะลาวาไข่เค็ม 1 ชิ้น | C194: =+ยกมา!G194 -> 0 | D194: 0 | E194: =C194+D194 -> 0 | F194: 0 | G194: =E194-F194-H194 -> 0 | H194: 0 | I194: 25 | J194: =+I194*H194 -> 0 | K194: - | L194: 0 | M194: =SUM(J194-L194) -> 0
A195: 191 | B195: เจ้หมวย | C195: =+ยกมา!G195 -> 0 | D195: 0 | E195: =C195+D195 -> 0 | F195: 0 | G195: =E195-F195-H195 -> 0 | H195: 0 | I195: 0 | J195: =+I195*H195 -> 0 | K195: - | L195: 0 | M195: =SUM(J195-L195) -> 0
A196: 192 | B196: จัดชุดเบรก | C196: =+ยกมา!G196 -> 0 | D196: 0 | E196: =C196+D196 -> 0 | F196: 0 | G196: =E196-F196-H196 -> 0 | H196: 0 | I196: 25 | J196: =+I196*H196 -> 0 | K196: - | L196: 0 | M196: =SUM(J196-L196) -> 0
A197: 193 | B197: วุ้นแฟนซีวันแม่ | C197: =+ยกมา!G197 -> 0 | D197: 0 | E197: =C197+D197 -> 0 | F197: 0 | G197: =E197-F197-H197 -> 0 | H197: 0 | I197: 65 | J197: =+I197*H197 -> 0 | K197: - | L197: 0 | M197: =SUM(J197-L197) -> 0
A198: 194 | B198: กล่องจัดเบรก | C198: =+ยกมา!G198 -> 378 | D198: 0 | E198: =C198+D198 -> 378 | F198: 0 | G198: =E198-F198-H198 -> 378 | H198: 0 | I198: 25 | J198: =+I198*H198 -> 0 | K198: - | L198: 0 | M198: =SUM(J198-L198) -> 0
A199: 195 | B199: น้ำผลไม้ | C199: =+ยกมา!G199 -> 249 | D199: 0 | E199: =C199+D199 -> 249 | F199: 0 | G199: =E199-F199-H199 -> 249 | H199: 0 | I199: 0 | J199: =+I199*H199 -> 0 | K199: - | L199: 0 | M199: =SUM(J199-L199) -> 0
A200: 196 | B200: ลูกค้านัดรับ | C200: =+ยกมา!G200 -> 0 | D200: 0 | E200: =C200+D200 -> 0 | F200: 0 | G200: =E200-F200-H200 -> 0 | H200: 0 | I200: 0 | J200: =+I200*H200 -> 0 | K200: - | L200: 0 | M200: =SUM(J200-L200) -> 0
A201: 197 | B201: ปังเลเยอร์ | C201: =+ยกมา!G201 -> 0 | D201: 0 | E201: =C201+D201 -> 0 | F201: 0 | G201: =E201-F201-H201 -> 0 | H201: 0 | I201: 65 | J201: =+I201*H201 -> 0 | K201: - | L201: 0 | M201: =SUM(J201-L201) -> 0
... A225: 221 | B225: เค้กแยมโรลวรรณวนัช | C225: =+ยกมา!G225 -> 0 | D225: 0 | E225: =C225+D225 -> 0 | F225: 0 | G225: =E225-F225-H225 -> 0 | H225: 0 | I225: 40 | J225: =+I225*H225 -> 0 | K225: - | L225: 0 | M225: =SUM(J225-L225) -> 0
A226: 222 | C226: =+ยกมา!G226 -> 0 | D226: 0 | E226: =C226+D226 -> 0 | F226: 0 | G226: =E226-F226-H226 -> 0 | H226: 0 | I226: 40 | J226: =+I226*H226 -> 0 | K226: - | L226: 0 | M226: =SUM(J226-L226) -> 0
A227: 223 | C227: =+ยกมา!G227 -> 0 | D227: 0 | E227: =C227+D227 -> 0 | F227: 0 | G227: =E227-F227-H227 -> 0 | H227: 0 | I227: 40 | J227: =+I227*H227 -> 0 | K227: - | L227: 0 | M227: =SUM(J227-L227) -> 0
A228: 224 | C228: =+ยกมา!G228 -> 0 | D228: 0 | E228: =C228+D228 -> 0 | F228: 0 | G228: =E228-F228-H228 -> 0 | H228: 0 | I228: 40 | J228: =+I228*H228 -> 0 | K228: - | L228: 0 | M228: =SUM(J228-L228) -> 0
A229: 225 | C229: =+ยกมา!G229 -> 0 | D229: 0 | E229: =C229+D229 -> 0 | F229: 0 | G229: =E229-F229-H229 -> 0 | H229: 0 | I229: 40 | J229: =+I229*H229 -> 0 | K229: - | L229: 0 | M229: =SUM(J229-L229) -> 0
L230: 0 | M230: ส่วนลดสินค้า SALE
H231: ยอดขายสินค้า SALE | J231: =+X110 -> 0
I232: รวมทั้งหมด | K232: =SUM(J5:J231) -> 4615
I233: หัก ค่าโอนเงิน | K233: 0
I234: หัก โอนหน้าร้าน | K234: =SUM(L234:BO234) -> 1753 | L234: 155 | M234: 140 | N234: 225 | O234: 120 | P234: 135 | Q234: 108 | R234: 170 | S234: 500 | T234: 200
I235: สแกนใช้สิทธิ์ | K235: 0
I236: หัก ค่าใช้จ่ายอื่นๆ | K236: =SUM(L236:P236) -> 0
I237: หัก ส่วนลด | K237: =SUM(L5:L230) -> 189 | M237: Rookie | N237: Grab | O237: Line Man
I238: ต้องคงเหลือทั้งหมด | K238: =K232-K233-K234-K236-K237 -> 2673
I239: ยอดที่รับจริง | K239: 2673
I240: ขาด | K240: =+K239-K238 -> 0
I241: เกิน | K241: =+K239-K238 -> 0
I243: ยอดขายหักส่วนลด | J243: =+K232-K237+K240 -> 4426
I244: ยอดเงินสด | J244: =SUM(K233:K236) -> 1753 | M244: =SUM(M238:M243) -> 0 | N244: =SUM(N238:N243) -> 0 | O244: =SUM(O238:O243) -> 0
I245: ยอดโอน | J245: =+K239 -> 2673 | M245: หัก 30% | N245: =N244*30/100 -> 0 | O245: =O244*30/100 -> 0
M246: หัก 7% | N246: =N245*7/100 -> 0 | O246: =O245*7/100 -> 0
M247: รวม | N247: =N244-N245-N246 -> 0 | O247: =O244-O245-O246 -> 0

Sheet 2
A2: บูธ หน้ามอ วันที่ 1-30/6/2567 | O2: สินค้า SALE
A3: ลำดับ | B3: รายการ | C3: ยกมา | D3: รับ | E3: รวม | F3: เปลี่ยน/ | G3: คงเหลือ | H3: รายการขาย | K3: หมายเหตุ | L3: ส่วนลด | O3: ลำดับ | P3: รายการ | Q3: ยกมา | R3: รับ | S3: รวม | T3: เปลี่ยน/ | U3: คงเหลือ | V3: รายการขาย | Y3: หมายเหตุ | Z3: ส่วนลด
F4: คืน/เสีย | H4: จำนวน | I4: @ | J4: เป็นเงิน | T4: คืน/เสีย | V4: จำนวน | W4: @ | X4: เป็นเงิน
A5: 1 | B5: ชิฟฟ่อน (ล) | C5: =+'1'!G5 -> 6 | D5: 0 | E5: =C5+D5 -> 6 | F5: 0 | G5: =E5-F5-H5 -> 4 | H5: 2 | I5: 50 | J5: =+I5*H5 -> 100 | K5: ลด50% | L5: 50 | M5: =SUM(J5-L5) -> 50 | O5: 1 | P5: ขนมปังไส้ฝอยทอง | Q5: 0 | R5: 0 | S5: =Q5+R5 -> 0 | T5: 0 | U5: =S5-T5-V5 -> 0 | V5: 0 | W5: 30 | X5: 0 | Y5: - | Z5: 0
A6: 2 | B6: ชิฟฟ่อน (ญ) | C6: =+'1'!G6 -> 101 | D6: 0 | E6: =C6+D6 -> 101 | F6: 0 | G6: =E6-F6-H6 -> 85 | H6: 16 | I6: 100 | J6: =+I6*H6 -> 1600 | K6: ลด10%=7 / 20%=6 / 50%=3 | L6: 340 | M6: =SUM(J6-L6) -> 1260 | O6: 2 | P6: ขนมปังไส้แยมสตอเบอรรี่ | Q6: 0 | R6: 0 | S6: =Q6+R6 -> 0 | T6: 0 | U6: =S6-T6-V6 -> 0 | V6: 0 | W6: 30 | X6: 0 | Y6: - | Z6: 0
A7: 3 | B7: ชิฟฟ่อน (ล) กาแฟ | C7: =+'1'!G7 -> 0 | D7: 0 | E7: =C7+D7 -> 0 | F7: 0 | G7: =E7-F7-H7 -> 0 | H7: 0 | I7: 50 | J7: =+I7*H7 -> 0 | K7: - | L7: 0 | M7: =SUM(J7-L7) -> 0 | O7: 3 | P7: ขนมปังไส้แยมบลูเบอรี่ | Q7: 0 | R7: 0 | S7: =Q7+R7 -> 0 | T7: 0 | U7: =S7-T7-V7 -> 0 | V7: 0 | W7: 30 | X7: 0 | Y7: - | Z7: 0
A8: 4 | B8: ชิฟฟ่อน (ญ) กาแฟ | C8: =+'1'!G8 -> 0 | D8: 0 | E8: =C8+D8 -> 0 | F8: 0 | G8: =E8-F8-H8 -> 0 | H8: 0 | I8: 100 | J8: =+I8*H8 -> 0 | K8: - | L8: 0 | M8: =SUM(J8-L8) -> 0 | O8: 4 | P8: ขนมปังไส้ลูกเกด | Q8: 0 | R8: 0 | S8: =Q8+R8 -> 0 | T8: 0 | U8: =S8-T8-V8 -> 0 | V8: 0 | W8: 30 | X8: 0 | Y8: - | Z8: 0
A9: 5 | B9: ชิฟฟ่อนเค้ก 1 ชิ้น | C9: =+'1'!G9 -> 0 | D9: 0 | E9: =C9+D9 -> 0 | F9: 0 | G9: =E9-F9-H9 -> 0 | H9: 0 | I9: 12 | J9: =+I9*H9 -> 0 | K9: - | L9: 0 | M9: =SUM(J9-L9) -> 0 | O9: 5 | Q9: =+'[2]วันที่ 22'!U9 -> 0 | R9: 0 | S9: =Q9+R9 -> 0 | T9: 0 | U9: =S9-T9-V9 -> 0 | V9: 0 | X9: 0 | Y9: - | Z9: 0
A10: 6 | B10: ชิฟฟ่อนเค้กสอดไส้แยม 1 ชิ้น | C10: =+'1'!G10 -> 0 | D10: 0 | E10: =C10+D10 -> 0 | F10: 0 | G10: =E10-F10-H10 -> 0 | H10: 0 | I10: 15 | J10: =+I10*H10 -> 0 | K10: - | L10: 0 | M10: =SUM(J10-L10) -> 0 | O10: 6 | Q10: =+'[2]วันที่ 22'!U10 -> 0 | R10: 0 | S10: =Q10+R10 -> 0 | T10: 0 | U10: =S10-T10-V10 -> 0 | V10: 0 | X10: 0 | Y10: - | Z10: 0
A11: 7 | B11: ชิฟฟ่อน สอดไส้ (ล) 2 ชิ้น ครีมมะพร้าว | C11: =+'1'!G11 -> 0 | D11: 0 | E11: =C11+D11 -> 0 | F11: 0 | G11: =E11-F11-H11 -> 0 | H11: 0 | I11: 50 | J11: =+I11*H11 -> 0 | K11: - | L11: 0 | M11: =SUM(J11-L11) -> 0 | O11: 7 | Q11: =+'[2]วันที่ 22'!U11 -> 0 | R11: 0 | S11: =Q11+R11 -> 0 | T11: 0 | U11: =S11-T11-V11 -> 0 | V11: 0 | X11: 0 | Y11: - | Z11: 0
A12: 8 | B12: ชิฟฟ่อน สอดไส้ (ล) 3 ชิ้น รวมรส | C12: =+'1'!G12 -> 2 | D12: 0 | E12: =C12+D12 -> 2 | F12: 0 | G12: =E12-F12-H12 -> 0 | H12: 2 | I12: 50 | J12: =+I12*H12 -> 100 | K12: - | L12: 0 | M12: =SUM(J12-L12) -> 100 | O12: 8 | Q12: =+'[2]วันที่ 22'!U12 -> 0 | R12: 0 | S12: =Q12+R12 -> 0 | T12: 0 | U12: =S12-T12-V12 -> 0 | V12: 0 | X12: 0 | Y12: - | Z12: 0
A13: 9 | B13: ชิฟฟ่อน สอดไส้ (ล) 3 ชิ้น กาแฟ | C13: =+'1'!G13 -> 0 | D13: 0 | E13: =C13+D13 -> 0 | F13: 0 | G13: =E13-F13-H13 -> 0 | H13: 0 | I13: 50 | J13: =+I13*H13 -> 0 | K13: - | L13: 0 | M13: =SUM(J13-L13) -> 0 | O13: 9 | Q13: =+'[2]วันที่ 22'!U13 -> 0 | R13: 0 | S13: =Q13+R13 -> 0 | T13: 0 | U13: =S13-T13-V13 -> 0 | V13: 0 | X13: 0 | Y13: - | Z13: 0
A14: 10 | B14: ชิฟฟ่อน สอดไส้ (ล) 4 ชิ้น ครีมมะพร้าว | C14: =+'1'!G14 -> 1 | D14: 0 | E14: =C14+D14 -> 1 | F14: 0 | G14: =E14-F14-H14 -> 1 | H14: 0 | I14: 65 | J14: =+I14*H14 -> 0 | K14: - | L14: 0 | M14: =SUM(J14-L14) -> 0 | O14: 10 | Q14: =+'[2]วันที่ 22'!U14 -> 0 | R14: 0 | S14: =Q14+R14 -> 0 | T14: 0 | U14: =S14-T14-V14 -> 0 | V14: 0 | X14: 0 | Y14: - | Z14: 0
A15: 11 | B15: ชิฟฟ่อน สอดไส้ (ล) 3 ชิ้น แยมส้ม | C15: =+'1'!G15 -> 0 | D15: 0 | E15: =C15+D15 -> 0 | F15: 0 | G15: =E15-F15-H15 -> 0 | H15: 0 | I15: 50 | J15: =+I15*H15 -> 0 | K15: - | L15: 0 | M15: =SUM(J15-L15) -> 0 | O15: 11 | Q15: =+'[2]วันที่ 22'!U15 -> 0 | R15: 0 | S15: =Q15+R15 -> 0 | T15: 0 | U15: =S15-T15-V15 -> 0 | V15: 0 | X15: 0 | Y15: - | Z15: 0
A16: 12 | B16: ชิฟฟ่อน สอดไส้ (ล) 3 ชิ้น บลูเบอรี่ | C16: =+'1'!G16 -> 0 | D16: 0 | E16: =C16+D16 -> 0 | F16: 0 | G16: =E16-F16-H16 -> 0 | H16: 0 | I16: 50 | J16: =+I16*H16 -> 0 | K16: - | L16: 0 | M16: =SUM(J16-L16) -> 0 | O16: 12 | Q16: =+'[2]วันที่ 22'!U16 -> 0 | R16: 0 | S16: =Q16+R16 -> 0 | T16: 0 | U16: =S16-T16-V16 -> 0 | V16: 0 | X16: 0 | Y16: - | Z16: 0
A17: 13 | B17: ชิฟฟ่อน สอดไส้ (ล) 3 ชิ้น ฝอยทอง | C17: =+'1'!G17 -> 0 | D17: 0 | E17: =C17+D17 -> 0 | F17: 0 | G17: =E17-F17-H17 -> 0 | H17: 0 | I17: 50 | J17: =+I17*H17 -> 0 | K17: - | L17: 0 | M17: =SUM(J17-L17) -> 0 | O17: 13 | Q17: =+'[2]วันที่ 22'!U17 -> 0 | R17: 0 | S17: =Q17+R17 -> 0 | T17: 0 | U17: =S17-T17-V17 -> 0 | V17: 0 | X17: 0 | Y17: - | Z17: 0
A18: 14 | B18: ชิฟฟ่อน สอดไส้ (ล) 3 ชิ้น แยมสตรอเบอรี่ | C18: =+'1'!G18 -> 0 | D18: 0 | E18: =C18+D18 -> 0 | F18: 0 | G18: =E18-F18-H18 -> 0 | H18: 0 | I18: 50 | J18: =+I18*H18 -> 0 | K18: - | L18: 0 | M18: =SUM(J18-L18) -> 0 | O18: 14 | Q18: =+'[2]วันที่ 22'!U18 -> 0 | R18: 0 | S18: =Q18+R18 -> 0 | T18: 0 | U18: =S18-T18-V18 -> 0 | V18: 0 | X18: 0 | Y18: - | Z18: 0
A19: 15 | B19: ชิฟฟ่อน สอดไส้ (ล) 3 ชิ้น เนยมพะร้าว | C19: =+'1'!G19 -> 3 | D19: 0 | E19: =C19+D19 -> 3 | F19: 0 | G19: =E19-F19-H19 -> 1 | H19: 2 | I19: 50 | J19: =+I19*H19 -> 100 | K19: - | L19: 0 | M19: =SUM(J19-L19) -> 100 | O19: 15 | Q19: =+'[2]วันที่ 22'!U19 -> 0 | R19: 0 | S19: =Q19+R19 -> 0 | T19: 0 | U19: =S19-T19-V19 -> 0 | V19: 0 | X19: 0 | Y19: - | Z19: 0
A20: 16 | B20: ชิฟฟ่อน สอดไส้ (ล) 3 ชิ้น นมชมพู | C20: =+'1'!G20 -> 0 | D20: 0 | E20: =C20+D20 -> 0 | F20: 0 | G20: =E20-F20-H20 -> 0 | H20: 0 | I20: 50 | J20: =+I20*H20 -> 0 | K20: - | L20: 0 | M20: =SUM(J20-L20) -> 0 | O20: 16 | Q20: =+'[2]วันที่ 22'!U20 -> 0 | R20: 0 | S20: =Q20+R20 -> 0 | T20: 0 | U20: =S20-T20-V20 -> 0 | V20: 0 | X20: 0 | Y20: - | Z20: 0
... A103: 99 | B103: ไดฟุกุ 8 ชิ้น | C103: =+'1'!G103 -> 0 | D103: 0 | E103: =C103+D103 -> 0 | F103: 0 | G103: =E103-F103-H103 -> 0 | H103: 0 | I103: 100 | J103: =+I103*H103 -> 0 | K103: - | L103: 0 | M103: =SUM(J103-L103) -> 0 | O103: 99 | Q103: =+'[2]วันที่ 22'!U103 -> 0 | R103: 0 | S103: =Q103+R103 -> 0 | T103: 0 | U103: =S103-T103-V103 -> 0 | V103: 0 | X103: 0 | Y103: - | Z103: 0
A104: 100 | B104: หมูทุบ | C104: =+'1'!G104 -> 0 | D104: 0 | E104: =C104+D104 -> 0 | F104: 0 | G104: =E104-F104-H104 -> 0 | H104: 0 | I104: 100 | J104: =+I104*H104 -> 0 | K104: - | L104: 0 | M104: =SUM(J104-L104) -> 0 | O104: 100 | Q104: =+'[2]วันที่ 22'!U104 -> 0 | R104: 0 | S104: =Q104+R104 -> 0 | T104: 0 | U104: =S104-T104-V104 -> 0 | V104: 0 | X104: 0 | Z104: 0
A105: 101 | B105: ดอกจอก | C105: =+'1'!G105 -> 0 | D105: 0 | E105: =C105+D105 -> 0 | F105: 0 | G105: =E105-F105-H105 -> 0 | H105: 0 | I105: 30 | J105: =+I105*H105 -> 0 | K105: - | L105: 0 | M105: =SUM(J105-L105) -> 0 | Z105: =SUM(Z5:Z104) -> 0
A106: 102 | B106: เทียน | C106: =+'1'!G106 -> 13 | D106: 0 | E106: =C106+D106 -> 13 | F106: 0 | G106: =E106-F106-H106 -> 13 | H106: 0 | I106: 20 | J106: =+I106*H106 -> 0 | K106: - | L106: 0 | M106: =SUM(J106-L106) -> 0
A107: 103 | B107: ขนมอาลัวแฟนซี | C107: =+'1'!G107 -> 3 | D107: 0 | E107: =C107+D107 -> 3 | F107: 0 | G107: =E107-F107-H107 -> 3 | H107: 0 | I107: 100 | J107: =+I107*H107 -> 0 | K107: - | L107: 0 | M107: =SUM(J107-L107) -> 0 | P107: รวม | X107: =SUM(X5:X104) -> 0
A108: 104 | B108: ชูนัทคุกกี้ | C108: =+'1'!G108 -> 0 | D108: 0 | E108: =C108+D108 -> 0 | F108: 0 | G108: =E108-F108-H108 -> 0 | H108: 0 | I108: 80 | J108: =+I108*H108 -> 0 | K108: - | L108: 0 | M108: =SUM(J108-L108) -> 0
A109: 105 | B109: วุ้นแฟนซี | C109: =+'1'!G109 -> 0 | D109: 0 | E109: =C109+D109 -> 0 | F109: 0 | G109: =E109-F109-H109 -> 0 | H109: 0 | I109: 120 | J109: =+I109*H109 -> 0 | K109: - | L109: 0 | M109: =SUM(J109-L109) -> 0
A110: 106 | B110: เค้กสามเหลี่ยม มะพร้าว | C110: =+'1'!G110 -> 0 | D110: 0 | E110: =C110+D110 -> 0 | F110: 0 | G110: =E110-F110-H110 -> 0 | H110: 0 | I110: 35 | J110: =+I110*H110 -> 0 | K110: - | L110: 0 | M110: =SUM(J110-L110) -> 0
A111: 107 | B111: เค้กสามเหลี่ยม สตอเบอรี่ | C111: =+'1'!G111 -> 0 | D111: 0 | E111: =C111+D111 -> 0 | F111: 0 | G111: =E111-F111-H111 -> 0 | H111: 0 | I111: 35 | J111: =+I111*H111 -> 0 | K111: - | L111: 0 | M111: =SUM(J111-L111) -> 0
A112: 108 | B112: เค้กสามเหลี่ยม บลูเบอรี่ | C112: =+'1'!G112 -> 0 | D112: 0 | E112: =C112+D112 -> 0 | F112: 0 | G112: =E112-F112-H112 -> 0 | H112: 0 | I112: 35 | J112: =+I112*H112 -> 0 | K112: - | L112: 0 | M112: =SUM(J112-L112) -> 0
A113: 109 | B113: เค้กสามเหลี่ยม รสส้ม | C113: =+'1'!G113 -> 0 | D113: 0 | E113: =C113+D113 -> 0 | F113: 0 | G113: =E113-F113-H113 -> 0 | H113: 0 | I113: 35 | J113: =+I113*H113 -> 0 | K113: - | L113: 0 | M113: =SUM(J113-L113) -> 0
A114: 110 | B114: เค้กสามเหลี่ยม รสช็อกโกโอริโอ้ | C114: =+'1'!G114 -> 0 | D114: 0 | E114: =C114+D114 -> 0 | F114: 0 | G114: =E114-F114-H114 -> 0 | H114: 0 | I114: 35 | J114: =+I114*H114 -> 0 | K114: - | L114: 0 | M114: =SUM(J114-L114) -> 0
A115: 111 | B115: สตอเบอร์รี่ครีมเค้ก | C115: =+'1'!G115 -> 0 | D115: 0 | E115: =C115+D115 -> 0 | F115: 0 | G115: =E115-F115-H115 -> 0 | H115: 0 | I115: 50 | J115: =+I115*H115 -> 0 | K115: - | L115: 0 | M115: =SUM(J115-L115) -> 0
A116: 112 | B116: บลูเบอร์รี่ครีมเค้ก | C116: =+'1'!G116 -> 0 | D116: 0 | E116: =C116+D116 -> 0 | F116: 0 | G116: =E116-F116-H116 -> 0 | H116: 0 | I116: 50 | J116: =+I116*H116 -> 0 | K116: - | L116: 0 | M116: =SUM(J116-L116) -> 0
A117: 113 | B117: เค้กส้ม | C117: =+'1'!G117 -> 0 | D117: 0 | E117: =C117+D117 -> 0 | F117: 0 | G117: =E117-F117-H117 -> 0 | H117: 0 | I117: 50 | J117: =+I117*H117 -> 0 | K117: - | L117: 0 | M117: =SUM(J117-L117) -> 0
A118: 114 | B118: วนิลาครีมเค้ก | C118: =+'1'!G118 -> 0 | D118: 0 | E118: =C118+D118 -> 0 | F118: 0 | G118: =E118-F118-H118 -> 0 | H118: 0 | I118: 50 | J118: =+I118*H118 -> 0 | K118: - | L118: 0 | M118: =SUM(J118-L118) -> 0
A119: 115 | B119: ใบเตยครีมเค้ก | C119: =+'1'!G119 -> 0 | D119: 0 | E119: =C119+D119 -> 0 | F119: 0 | G119: =E119-F119-H119 -> 0 | H119: 0 | I119: 50 | J119: =+I119*H119 -> 0 | K119: - | L119: 0 | M119: =SUM(J119-L119) -> 0
... A188: 184 | B188: น้ำผลไม้ | C188: =+'1'!G188 -> 0 | D188: 0 | E188: =C188+D188 -> 0 | F188: 0 | G188: =E188-F188-H188 -> 0 | H188: 0 | I188: 10 | J188: =+I188*H188 -> 0 | K188: - | L188: 0 | M188: =SUM(J188-L188) -> 0
A189: 185 | B189: เครื่องดื่ม | C189: =+'1'!G189 -> 0 | D189: 0 | E189: =C189+D189 -> 0 | F189: 0 | G189: =E189-F189-H189 -> 0 | H189: 0 | J189: 215 | K189: - | L189: 0 | M189: =SUM(J189-L189) -> 215
A190: 186 | B190: เปี๊ยะสติ๊กไก่หยอง | C190: =+'1'!G190 -> 0 | D190: 0 | E190: =C190+D190 -> 0 | F190: 0 | G190: =E190-F190-H190 -> 0 | H190: 0 | I190: 55 | J190: =+I190*H190 -> 0 | K190: - | L190: 0 | M190: =SUM(J190-L190) -> 0
A191: 187 | B191: มินิบันไส้กรอกชีส | C191: =+'1'!G191 -> 0 | D191: 0 | E191: =C191+D191 -> 0 | F191: 0 | G191: =E191-F191-H191 -> 0 | H191: 0 | I191: 45 | J191: =+I191*H191 -> 0 | K191: - | L191: 0 | M191: =SUM(J191-L191) -> 0
A192: 188 | B192: ขนมปังแถว | C192: =+'1'!G192 -> 0 | D192: 0 | E192: =C192+D192 -> 0 | F192: 0 | G192: =E192-F192-H192 -> 0 | H192: 0 | I192: 50 | J192: =+I192*H192 -> 0 | K192: - | L192: 0 | M192: =SUM(J192-L192) -> 0
A193: 189 | B193: ป้าย HBD | C193: =+'1'!G193 -> 0 | D193: 0 | E193: =C193+D193 -> 0 | F193: 0 | G193: =E193-F193-H193 -> 0 | H193: 0 | I193: 30 | J193: =+I193*H193 -> 0 | K193: - | L193: 0 | M193: =SUM(J193-L193) -> 0
A194: 190 | B194: เปี๊ยะลาวาไข่เค็ม 1 ชิ้น | C194: =+'1'!G194 -> 0 | D194: 0 | E194: =C194+D194 -> 0 | F194: 0 | G194: =E194-F194-H194 -> 0 | H194: 0 | I194: 25 | J194: =+I194*H194 -> 0 | K194: - | L194: 0 | M194: =SUM(J194-L194) -> 0
A195: 191 | B195: เจ้หมวย | C195: =+'1'!G195 -> 0 | D195: 0 | E195: =C195+D195 -> 0 | F195: 0 | G195: =E195-F195-H195 -> 0 | H195: 0 | I195: 0 | J195: =+I195*H195 -> 0 | K195: - | L195: 0 | M195: =SUM(J195-L195) -> 0
A196: 192 | B196: จัดชุดเบรก | C196: =+'1'!G196 -> 0 | D196: 0 | E196: =C196+D196 -> 0 | F196: 0 | G196: =E196-F196-H196 -> 0 | H196: 0 | I196: 25 | J196: =+I196*H196 -> 0 | K196: - | L196: 0 | M196: =SUM(J196-L196) -> 0
A197: 193 | B197: วุ้นแฟนซีวันแม่ | C197: =+'1'!G197 -> 0 | D197: 0 | E197: =C197+D197 -> 0 | F197: 0 | G197: =E197-F197-H197 -> 0 | H197: 0 | I197: 65 | J197: =+I197*H197 -> 0 | K197: - | L197: 0 | M197: =SUM(J197-L197) -> 0
A198: 194 | B198: กล่องจัดเบรก | C198: =+'1'!G198 -> 378 | D198: 0 | E198: =C198+D198 -> 378 | F198: 0 | G198: =E198-F198-H198 -> 378 | H198: 0 | I198: 25 | J198: =+I198*H198 -> 0 | K198: - | L198: 0 | M198: =SUM(J198-L198) -> 0
A199: 195 | B199: น้ำผลไม้ | C199: =+'1'!G199 -> 249 | D199: 0 | E199: =C199+D199 -> 249 | F199: 0 | G199: =E199-F199-H199 -> 249 | H199: 0 | I199: 0 | J199: =+I199*H199 -> 0 | K199: - | L199: 0 | M199: =SUM(J199-L199) -> 0
A200: 196 | B200: ลูกค้านัดรับ | C200: =+'1'!G200 -> 0 | D200: 0 | E200: =C200+D200 -> 0 | F200: 0 | G200: =E200-F200-H200 -> 0 | H200: 0 | I200: 0 | J200: =+I200*H200 -> 0 | K200: - | L200: 0 | M200: =SUM(J200-L200) -> 0
A201: 197 | B201: ปังเลเยอร์ | C201: =+'1'!G201 -> 0 | D201: 0 | E201: =C201+D201 -> 0 | F201: 0 | G201: =E201-F201-H201 -> 0 | H201: 0 | I201: 65 | J201: =+I201*H201 -> 0 | K201: - | L201: 0 | M201: =SUM(J201-L201) -> 0
... A225: 221 | B225: เค้กแยมโรลวรรณวนัช | C225: =+'1'!G225 -> 0 | D225: 0 | E225: =C225+D225 -> 0 | F225: 0 | G225: =E225-F225-H225 -> 0 | H225: 0 | I225: 40 | J225: =+I225*H225 -> 0 | K225: - | L225: 0 | M225: =SUM(J225-L225) -> 0
A226: 222 | C226: =+'1'!G226 -> 0 | D226: 0 | E226: =C226+D226 -> 0 | F226: 0 | G226: =E226-F226-H226 -> 0 | H226: 0 | I226: 40 | J226: =+I226*H226 -> 0 | K226: - | L226: 0 | M226: =SUM(J226-L226) -> 0
A227: 223 | C227: =+'1'!G227 -> 0 | D227: 0 | E227: =C227+D227 -> 0 | F227: 0 | G227: =E227-F227-H227 -> 0 | H227: 0 | I227: 40 | J227: =+I227*H227 -> 0 | K227: - | L227: 0 | M227: =SUM(J227-L227) -> 0
A228: 224 | C228: =+'1'!G228 -> 0 | D228: 0 | E228: =C228+D228 -> 0 | F228: 0 | G228: =E228-F228-H228 -> 0 | H228: 0 | I228: 40 | J228: =+I228*H228 -> 0 | K228: - | L228: 0 | M228: =SUM(J228-L228) -> 0
A229: 225 | C229: =+'1'!G229 -> 0 | D229: 0 | E229: =C229+D229 -> 0 | F229: 0 | G229: =E229-F229-H229 -> 0 | H229: 0 | I229: 40 | J229: =+I229*H229 -> 0 | K229: - | L229: 0 | M229: =SUM(J229-L229) -> 0
L230: 0 | M230: ส่วนลดสินค้า SALE
H231: ยอดขายสินค้า SALE | J231: =+X110 -> 0
I232: รวมทั้งหมด | K232: =SUM(J5:J231) -> 4565
I233: หัก ค่าโอนเงิน | K233: 0
I234: หัก โอนหน้าร้าน | K234: =SUM(L234:BO234) -> 660 | L234: 60 | M234: 40 | N234: 95 | O234: 160 | P234: 135 | Q234: 170
I235: สแกนใช้สิทธิ์ | K235: 0
I236: หัก ค่าใช้จ่ายอื่นๆ | K236: 0
I237: หัก ส่วนลด | K237: =SUM(L5:L230) -> 884 | M237: Rookie | N237: Grab | O237: Line Man
I238: ต้องคงเหลือทั้งหมด | K238: =K232-K233-K234-K236-K237 -> 3021 | N238: 130
I239: ยอดที่รับจริง | K239: 2991
D240: คืนเงินลูกค้าแกรป 30 | I240: ขาด | K240: =+K239-K238 -> -30
I241: เกิน | K241: =+K239-K238 -> -30
I243: ยอดขายหักส่วนลด | J243: =+K232-K237+K240 -> 3651
I244: ยอดเงินสด | J244: =SUM(K233:K236) -> 660 | M244: =SUM(M238:M243) -> 0 | N244: =SUM(N238:N243) -> 130 | O244: =SUM(O238:O243) -> 0
I245: ยอดโอน | J245: =+K239 -> 2991 | M245: หัก 30% | N245: =N244*30/100 -> 39 | O245: =O244*30/100 -> 0
M246: หัก 7% | N246: =N245*7/100 -> 2.73 | O246: =O245*7/100 -> 0
M247: รวม | N247: =N244-N245-N246 -> 88.27 | O247: =O244-O245-O246 -> 0

Sheet 3
A2: บูธ หน้ามอ วันที่ 1-30/6/2567 | O2: สินค้า SALE
A3: ลำดับ | B3: รายการ | C3: ยกมา | D3: รับ | E3: รวม | F3: เปลี่ยน/ | G3: คงเหลือ | H3: รายการขาย | K3: หมายเหตุ | L3: ส่วนลด | O3: ลำดับ | P3: รายการ | Q3: ยกมา | R3: รับ | S3: รวม | T3: เปลี่ยน/ | U3: คงเหลือ | V3: รายการขาย | Y3: หมายเหตุ | Z3: ส่วนลด
F4: คืน/เสีย | H4: จำนวน | I4: @ | J4: เป็นเงิน | T4: คืน/เสีย | V4: จำนวน | W4: @ | X4: เป็นเงิน
A5: 1 | B5: ชิฟฟ่อน (ล) | C5: =+'2'!G5 -> 4 | D5: 0 | E5: =C5+D5 -> 4 | F5: 0 | G5: =E5-F5-H5 -> 2 | H5: 2 | I5: 50 | J5: =+I5*H5 -> 100 | K5: ลด50% | L5: 50 | M5: =SUM(J5-L5) -> 50 | O5: 1 | P5: ขนมปังไส้ฝอยทอง | Q5: 0 | R5: 0 | S5: =Q5+R5 -> 0 | T5: 0 | U5: =S5-T5-V5 -> 0 | V5: 0 | W5: 30 | X5: 0 | Y5: - | Z5: 0
A6: 2 | B6: ชิฟฟ่อน (ญ) | C6: =+'2'!G6 -> 85 | D6: 0 | E6: =C6+D6 -> 85 | F6: 0 | G6: =E6-F6-H6 -> 82 | H6: 3 | I6: 100 | J6: =+I6*H6 -> 300 | K6: ลด50%=1 | L6: 50 | M6: =SUM(J6-L6) -> 250 | O6: 2 | P6: ขนมปังไส้แยมสตอเบอรรี่ | Q6: 0 | R6: 0 | S6: =Q6+R6 -> 0 | T6: 0 | U6: =S6-T6-V6 -> 0 | V6: 0 | W6: 30 | X6: 0 | Y6: - | Z6: 0
A7: 3 | B7: ชิฟฟ่อน (ล) กาแฟ | C7: =+'2'!G7 -> 0 | D7: 0 | E7: =C7+D7 -> 0 | F7: 0 | G7: =E7-F7-H7 -> 0 | H7: 0 | I7: 50 | J7: =+I7*H7 -> 0 | K7: - | L7: 0 | M7: =SUM(J7-L7) -> 0 | O7: 3 | P7: ขนมปังไส้แยมบลูเบอรี่ | Q7: 0 | R7: 0 | S7: =Q7+R7 -> 0 | T7: 0 | U7: =S7-T7-V7 -> 0 | V7: 0 | W7: 30 | X7: 0 | Y7: - | Z7: 0
A8: 4 | B8: ชิฟฟ่อน (ญ) กาแฟ | C8: =+'2'!G8 -> 0 | D8: 0 | E8: =C8+D8 -> 0 | F8: 0 | G8: =E8-F8-H8 -> 0 | H8: 0 | I8: 100 | J8: =+I8*H8 -> 0 | K8: - | L8: 0 | M8: =SUM(J8-L8) -> 0 | O8: 4 | P8: ขนมปังไส้ลูกเกด | Q8: 0 | R8: 0 | S8: =Q8+R8 -> 0 | T8: 0 | U8: =S8-T8-V8 -> 0 | V8: 0 | W8: 30 | X8: 0 | Y8: - | Z8: 0
A9: 5 | B9: ชิฟฟ่อนเค้ก 1 ชิ้น | C9: =+'2'!G9 -> 0 | D9: 0 | E9: =C9+D9 -> 0 | F9: 0 | G9: =E9-F9-H9 -> 0 | H9: 0 | I9: 12 | J9: =+I9*H9 -> 0 | K9: - | L9: 0 | M9: =SUM(J9-L9) -> 0 | O9: 5 | Q9: =+'[2]วันที่ 22'!U9 -> 0 | R9: 0 | S9: =Q9+R9 -> 0 | T9: 0 | U9: =S9-T9-V9 -> 0 | V9: 0 | X9: 0 | Y9: - | Z9: 0
A10: 6 | B10: ชิฟฟ่อนเค้กสอดไส้แยม 1 ชิ้น | C10: =+'2'!G10 -> 0 | D10: 0 | E10: =C10+D10 -> 0 | F10: 0 | G10: =E10-F10-H10 -> 0 | H10: 0 | I10: 15 | J10: =+I10*H10 -> 0 | K10: - | L10: 0 | M10: =SUM(J10-L10) -> 0 | O10: 6 | Q10: =+'[2]วันที่ 22'!U10 -> 0 | R10: 0 | S10: =Q10+R10 -> 0 | T10: 0 | U10: =S10-T10-V10 -> 0 | V10: 0 | X10: 0 | Y10: - | Z10: 0
A11: 7 | B11: ชิฟฟ่อน สอดไส้ (ล) 2 ชิ้น ครีมมะพร้าว | C11: =+'2'!G11 -> 0 | D11: 0 | E11: =C11+D11 -> 0 | F11: 0 | G11: =E11-F11-H11 -> 0 | H11: 0 | I11: 50 | J11: =+I11*H11 -> 0 | K11: - | L11: 0 | M11: =SUM(J11-L11) -> 0 | O11: 7 | Q11: =+'[2]วันที่ 22'!U11 -> 0 | R11: 0 | S11: =Q11+R11 -> 0 | T11: 0 | U11: =S11-T11-V11 -> 0 | V11: 0 | X11: 0 | Y11: - | Z11: 0
A12: 8 | B12: ชิฟฟ่อน สอดไส้ (ล) 3 ชิ้น รวมรส | C12: =+'2'!G12 -> 0 | D12: 0 | E12: =C12+D12 -> 0 | F12: 0 | G12: =E12-F12-H12 -> 0 | H12: 0 | I12: 50 | J12: =+I12*H12 -> 0 | K12: - | L12: 0 | M12: =SUM(J12-L12) -> 0 | O12: 8 | Q12: =+'[2]วันที่ 22'!U12 -> 0 | R12: 0 | S12: =Q12+R12 -> 0 | T12: 0 | U12: =S12-T12-V12 -> 0 | V12: 0 | X12: 0 | Y12: - | Z12: 0
A13: 9 | B13: ชิฟฟ่อน สอดไส้ (ล) 3 ชิ้น กาแฟ | C13: =+'2'!G13 -> 0 | D13: 0 | E13: =C13+D13 -> 0 | F13: 0 | G13: =E13-F13-H13 -> 0 | H13: 0 | I13: 50 | J13: =+I13*H13 -> 0 | K13: - | L13: 0 | M13: =SUM(J13-L13) -> 0 | O13: 9 | Q13: =+'[2]วันที่ 22'!U13 -> 0 | R13: 0 | S13: =Q13+R13 -> 0 | T13: 0 | U13: =S13-T13-V13 -> 0 | V13: 0 | X13: 0 | Y13: - | Z13: 0
A14: 10 | B14: ชิฟฟ่อน สอดไส้ (ล) 4 ชิ้น ครีมมะพร้าว | C14: =+'2'!G14 -> 1 | D14: 0 | E14: =C14+D14 -> 1 | F14: 0 | G14: =E14-F14-H14 -> 0 | H14: 1 | I14: 65 | J14: =+I14*H14 -> 65 | K14: - | L14: 0 | M14: =SUM(J14-L14) -> 65 | O14: 10 | Q14: =+'[2]วันที่ 22'!U14 -> 0 | R14: 0 | S14: =Q14+R14 -> 0 | T14: 0 | U14: =S14-T14-V14 -> 0 | V14: 0 | X14: 0 | Y14: - | Z14: 0
A15: 11 | B15: ชิฟฟ่อน สอดไส้ (ล) 3 ชิ้น แยมส้ม | C15: =+'2'!G15 -> 0 | D15: 0 | E15: =C15+D15 -> 0 | F15: 0 | G15: =E15-F15-H15 -> 0 | H15: 0 | I15: 50 | J15: =+I15*H15 -> 0 | K15: - | L15: 0 | M15: =SUM(J15-L15) -> 0 | O15: 11 | Q15: =+'[2]วันที่ 22'!U15 -> 0 | R15: 0 | S15: =Q15+R15 -> 0 | T15: 0 | U15: =S15-T15-V15 -> 0 | V15: 0 | X15: 0 | Y15: - | Z15: 0
A16: 12 | B16: ชิฟฟ่อน สอดไส้ (ล) 3 ชิ้น บลูเบอรี่ | C16: =+'2'!G16 -> 0 | D16: 0 | E16: =C16+D16 -> 0 | F16: 0 | G16: =E16-F16-H16 -> 0 | H16: 0 | I16: 50 | J16: =+I16*H16 -> 0 | K16: - | L16: 0 | M16: =SUM(J16-L16) -> 0 | O16: 12 | Q16: =+'[2]วันที่ 22'!U16 -> 0 | R16: 0 | S16: =Q16+R16 -> 0 | T16: 0 | U16: =S16-T16-V16 -> 0 | V16: 0 | X16: 0 | Y16: - | Z16: 0
A17: 13 | B17: ชิฟฟ่อน สอดไส้ (ล) 3 ชิ้น ฝอยทอง | C17: =+'2'!G17 -> 0 | D17: 0 | E17: =C17+D17 -> 0 | F17: 0 | G17: =E17-F17-H17 -> 0 | H17: 0 | I17: 50 | J17: =+I17*H17 -> 0 | K17: - | L17: 0 | M17: =SUM(J17-L17) -> 0 | O17: 13 | Q17: =+'[2]วันที่ 22'!U17 -> 0 | R17: 0 | S17: =Q17+R17 -> 0 | T17: 0 | U17: =S17-T17-V17 -> 0 | V17: 0 | X17: 0 | Y17: - | Z17: 0
A18: 14 | B18: ชิฟฟ่อน สอดไส้ (ล) 3 ชิ้น แยมสตรอเบอรี่ | C18: =+'2'!G18 -> 0 | D18: 0 | E18: =C18+D18 -> 0 | F18: 0 | G18: =E18-F18-H18 -> 0 | H18: 0 | I18: 50 | J18: =+I18*H18 -> 0 | K18: - | L18: 0 | M18: =SUM(J18-L18) -> 0 | O18: 14 | Q18: =+'[2]วันที่ 22'!U18 -> 0 | R18: 0 | S18: =Q18+R18 -> 0 | T18: 0 | U18: =S18-T18-V18 -> 0 | V18: 0 | X18: 0 | Y18: - | Z18: 0
A19: 15 | B19: ชิฟฟ่อน สอดไส้ (ล) 3 ชิ้น เนยมพะร้าว | C19: =+'2'!G19 -> 1 | D19: 0 | E19: =C19+D19 -> 1 | F19: 0 | G19: =E19-F19-H19 -> 0 | H19: 1 | I19: 50 | J19: =+I19*H19 -> 50 | K19: - | L19: 0 | M19: =SUM(J19-L19) -> 50 | O19: 15 | Q19: =+'[2]วันที่ 22'!U19 -> 0 | R19: 0 | S19: =Q19+R19 -> 0 | T19: 0 | U19: =S19-T19-V19 -> 0 | V19: 0 | X19: 0 | Y19: - | Z19: 0
A20: 16 | B20: ชิฟฟ่อน สอดไส้ (ล) 3 ชิ้น นมชมพู | C20: =+'2'!G20 -> 0 | D20: 0 | E20: =C20+D20 -> 0 | F20: 0 | G20: =E20-F20-H20 -> 0 | H20: 0 | I20: 50 | J20: =+I20*H20 -> 0 | K20: - | L20: 0 | M20: =SUM(J20-L20) -> 0 | O20: 16 | Q20: =+'[2]วันที่ 22'!U20 -> 0 | R20: 0 | S20: =Q20+R20 -> 0 | T20: 0 | U20: =S20-T20-V20 -> 0 | V20: 0 | X20: 0 | Y20: - | Z20: 0
... A103: 99 | B103: ไดฟุกุ 8 ชิ้น | C103: =+'2'!G103 -> 0 | D103: 0 | E103: =C103+D103 -> 0 | F103: 0 | G103: =E103-F103-H103 -> 0 | H103: 0 | I103: 100 | J103: =+I103*H103 -> 0 | K103: - | L103: 0 | M103: =SUM(J103-L103) -> 0 | O103: 99 | Q103: =+'[2]วันที่ 22'!U103 -> 0 | R103: 0 | S103: =Q103+R103 -> 0 | T103: 0 | U103: =S103-T103-V103 -> 0 | V103: 0 | X103: 0 | Y103: - | Z103: 0
A104: 100 | B104: หมูทุบ | C104: =+'2'!G104 -> 0 | D104: 0 | E104: =C104+D104 -> 0 | F104: 0 | G104: =E104-F104-H104 -> 0 | H104: 0 | I104: 100 | J104: =+I104*H104 -> 0 | K104: - | L104: 0 | M104: =SUM(J104-L104) -> 0 | O104: 100 | Q104: =+'[2]วันที่ 22'!U104 -> 0 | R104: 0 | S104: =Q104+R104 -> 0 | T104: 0 | U104: =S104-T104-V104 -> 0 | V104: 0 | X104: 0 | Z104: 0
A105: 101 | B105: ดอกจอก | C105: =+'2'!G105 -> 0 | D105: 0 | E105: =C105+D105 -> 0 | F105: 0 | G105: =E105-F105-H105 -> 0 | H105: 0 | I105: 30 | J105: =+I105*H105 -> 0 | K105: - | L105: 0 | M105: =SUM(J105-L105) -> 0 | Z105: =SUM(Z5:Z104) -> 0
A106: 102 | B106: เทียน | C106: =+'2'!G106 -> 13 | D106: 0 | E106: =C106+D106 -> 13 | F106: 0 | G106: =E106-F106-H106 -> 12 | H106: 1 | I106: 20 | J106: =+I106*H106 -> 20 | K106: - | L106: 0 | M106: =SUM(J106-L106) -> 20
A107: 103 | B107: ขนมอาลัวแฟนซี | C107: =+'2'!G107 -> 3 | D107: 0 | E107: =C107+D107 -> 3 | F107: 0 | G107: =E107-F107-H107 -> 3 | H107: 0 | I107: 100 | J107: =+I107*H107 -> 0 | K107: - | L107: 0 | M107: =SUM(J107-L107) -> 0 | P107: รวม | X107: =SUM(X5:X104) -> 0
A108: 104 | B108: ชูนัทคุกกี้ | C108: =+'2'!G108 -> 0 | D108: 0 | E108: =C108+D108 -> 0 | F108: 0 | G108: =E108-F108-H108 -> 0 | H108: 0 | I108: 80 | J108: =+I108*H108 -> 0 | K108: - | L108: 0 | M108: =SUM(J108-L108) -> 0
A109: 105 | B109: วุ้นแฟนซี | C109: =+'2'!G109 -> 0 | D109: 0 | E109: =C109+D109 -> 0 | F109: 0 | G109: =E109-F109-H109 -> 0 | H109: 0 | I109: 120 | J109: =+I109*H109 -> 0 | K109: - | L109: 0 | M109: =SUM(J109-L109) -> 0
A110: 106 | B110: เค้กสามเหลี่ยม มะพร้าว | C110: =+'2'!G110 -> 0 | D110: 0 | E110: =C110+D110 -> 0 | F110: 0 | G110: =E110-F110-H110 -> 0 | H110: 0 | I110: 35 | J110: =+I110*H110 -> 0 | K110: - | L110: 0 | M110: =SUM(J110-L110) -> 0
A111: 107 | B111: เค้กสามเหลี่ยม สตอเบอรี่ | C111: =+'2'!G111 -> 0 | D111: 0 | E111: =C111+D111 -> 0 | F111: 0 | G111: =E111-F111-H111 -> 0 | H111: 0 | I111: 35 | J111: =+I111*H111 -> 0 | K111: - | L111: 0 | M111: =SUM(J111-L111) -> 0
A112: 108 | B112: เค้กสามเหลี่ยม บลูเบอรี่ | C112: =+'2'!G112 -> 0 | D112: 0 | E112: =C112+D112 -> 0 | F112: 0 | G112: =E112-F112-H112 -> 0 | H112: 0 | I112: 35 | J112: =+I112*H112 -> 0 | K112: - | L112: 0 | M112: =SUM(J112-L112) -> 0
A113: 109 | B113: เค้กสามเหลี่ยม รสส้ม | C113: =+'2'!G113 -> 0 | D113: 0 | E113: =C113+D113 -> 0 | F113: 0 | G113: =E113-F113-H113 -> 0 | H113: 0 | I113: 35 | J113: =+I113*H113 -> 0 | K113: - | L113: 0 | M113: =SUM(J113-L113) -> 0
A114: 110 | B114: เค้กสามเหลี่ยม รสช็อกโกโอริโอ้ | C114: =+'2'!G114 -> 0 | D114: 0 | E114: =C114+D114 -> 0 | F114: 0 | G114: =E114-F114-H114 -> 0 | H114: 0 | I114: 35 | J114: =+I114*H114 -> 0 | K114: - | L114: 0 | M114: =SUM(J114-L114) -> 0
A115: 111 | B115: สตอเบอร์รี่ครีมเค้ก | C115: =+'2'!G115 -> 0 | D115: 0 | E115: =C115+D115 -> 0 | F115: 0 | G115: =E115-F115-H115 -> 0 | H115: 0 | I115: 50 | J115: =+I115*H115 -> 0 | K115: - | L115: 0 | M115: =SUM(J115-L115) -> 0
A116: 112 | B116: บลูเบอร์รี่ครีมเค้ก | C116: =+'2'!G116 -> 0 | D116: 0 | E116: =C116+D116 -> 0 | F116: 0 | G116: =E116-F116-H116 -> 0 | H116: 0 | I116: 50 | J116: =+I116*H116 -> 0 | K116: - | L116: 0 | M116: =SUM(J116-L116) -> 0
A117: 113 | B117: เค้กส้ม | C117: =+'2'!G117 -> 0 | D117: 0 | E117: =C117+D117 -> 0 | F117: 0 | G117: =E117-F117-H117 -> 0 | H117: 0 | I117: 50 | J117: =+I117*H117 -> 0 | K117: - | L117: 0 | M117: =SUM(J117-L117) -> 0
A118: 114 | B118: วนิลาครีมเค้ก | C118: =+'2'!G118 -> 0 | D118: 0 | E118: =C118+D118 -> 0 | F118: 0 | G118: =E118-F118-H118 -> 0 | H118: 0 | I118: 50 | J118: =+I118*H118 -> 0 | K118: - | L118: 0 | M118: =SUM(J118-L118) -> 0
A119: 115 | B119: ใบเตยครีมเค้ก | C119: =+'2'!G119 -> 0 | D119: 0 | E119: =C119+D119 -> 0 | F119: 0 | G119: =E119-F119-H119 -> 0 | H119: 0 | I119: 50 | J119: =+I119*H119 -> 0 | K119: - | L119: 0 | M119: =SUM(J119-L119) -> 0
... A188: 184 | B188: น้ำผลไม้ | C188: =+'2'!G188 -> 0 | D188: 0 | E188: =C188+D188 -> 0 | F188: 0 | G188: =E188-F188-H188 -> 0 | H188: 0 | I188: 10 | J188: =+I188*H188 -> 0 | K188: - | L188: 0 | M188: =SUM(J188-L188) -> 0
A189: 185 | B189: เครื่องดื่ม | C189: =+'2'!G189 -> 0 | D189: 0 | E189: =C189+D189 -> 0 | F189: 0 | G189: =E189-F189-H189 -> 0 | H189: 0 | J189: 90 | K189: - | L189: 0 | M189: =SUM(J189-L189) -> 90
A190: 186 | B190: เปี๊ยะสติ๊กไก่หยอง | C190: =+'2'!G190 -> 0 | D190: 0 | E190: =C190+D190 -> 0 | F190: 0 | G190: =E190-F190-H190 -> 0 | H190: 0 | I190: 55 | J190: =+I190*H190 -> 0 | K190: - | L190: 0 | M190: =SUM(J190-L190) -> 0
A191: 187 | B191: มินิบันไส้กรอกชีส | C191: =+'2'!G191 -> 0 | D191: 0 | E191: =C191+D191 -> 0 | F191: 0 | G191: =E191-F191-H191 -> 0 | H191: 0 | I191: 45 | J191: =+I191*H191 -> 0 | K191: - | L191: 0 | M191: =SUM(J191-L191) -> 0
A192: 188 | B192: ขนมปังแถว | C192: =+'2'!G192 -> 0 | D192: 0 | E192: =C192+D192 -> 0 | F192: 0 | G192: =E192-F192-H192 -> 0 | H192: 0 | I192: 50 | J192: =+I192*H192 -> 0 | K192: - | L192: 0 | M192: =SUM(J192-L192) -> 0
A193: 189 | B193: ป้าย HBD | C193: =+'2'!G193 -> 0 | D193: 0 | E193: =C193+D193 -> 0 | F193: 0 | G193: =E193-F193-H193 -> 0 | H193: 0 | I193: 30 | J193: =+I193*H193 -> 0 | K193: - | L193: 0 | M193: =SUM(J193-L193) -> 0
A194: 190 | B194: เปี๊ยะลาวาไข่เค็ม 1 ชิ้น | C194: =+'2'!G194 -> 0 | D194: 0 | E194: =C194+D194 -> 0 | F194: 0 | G194: =E194-F194-H194 -> 0 | H194: 0 | I194: 25 | J194: =+I194*H194 -> 0 | K194: - | L194: 0 | M194: =SUM(J194-L194) -> 0
A195: 191 | B195: เจ้หมวย | C195: =+'2'!G195 -> 0 | D195: 0 | E195: =C195+D195 -> 0 | F195: 0 | G195: =E195-F195-H195 -> 0 | H195: 0 | I195: 0 | J195: =+I195*H195 -> 0 | K195: - | L195: 0 | M195: =SUM(J195-L195) -> 0
A196: 192 | B196: จัดชุดเบรก | C196: =+'2'!G196 -> 0 | D196: 0 | E196: =C196+D196 -> 0 | F196: 0 | G196: =E196-F196-H196 -> 0 | H196: 0 | I196: 35 | J196: =+I196*H196 -> 0 | K196: - | L196: 0 | M196: =SUM(J196-L196) -> 0
A197: 193 | B197: วุ้นแฟนซีวันแม่ | C197: =+'2'!G197 -> 0 | D197: 0 | E197: =C197+D197 -> 0 | F197: 0 | G197: =E197-F197-H197 -> 0 | H197: 0 | I197: 65 | J197: =+I197*H197 -> 0 | K197: - | L197: 0 | M197: =SUM(J197-L197) -> 0
A198: 194 | B198: กล่องจัดเบรก | C198: =+'2'!G198 -> 378 | D198: 0 | E198: =C198+D198 -> 378 | F198: 0 | G198: =E198-F198-H198 -> 378 | H198: 0 | I198: 0 | J198: =+I198*H198 -> 0 | K198: - | L198: 0 | M198: =SUM(J198-L198) -> 0
A199: 195 | B199: น้ำผลไม้ | C199: =+'2'!G199 -> 249 | D199: 0 | E199: =C199+D199 -> 249 | F199: 0 | G199: =E199-F199-H199 -> 249 | H199: 0 | I199: 0 | J199: =+I199*H199 -> 0 | K199: - | L199: 0 | M199: =SUM(J199-L199) -> 0
A200: 196 | B200: ลูกค้านัดรับ | C200: =+'2'!G200 -> 0 | D200: 0 | E200: =C200+D200 -> 0 | F200: 0 | G200: =E200-F200-H200 -> 0 | H200: 0 | I200: 0 | J200: =+I200*H200 -> 0 | K200: - | L200: 0 | M200: =SUM(J200-L200) -> 0
A201: 197 | B201: ปังเลเยอร์ | C201: =+'2'!G201 -> 0 | D201: 0 | E201: =C201+D201 -> 0 | F201: 0 | G201: =E201-F201-H201 -> 0 | H201: 0 | I201: 65 | J201: =+I201*H201 -> 0 | K201: - | L201: 0 | M201: =SUM(J201-L201) -> 0
... A225: 221 | B225: เค้กแยมโรลวรรณวนัช | C225: =+'2'!G225 -> 0 | D225: 0 | E225: =C225+D225 -> 0 | F225: 0 | G225: =E225-F225-H225 -> 0 | H225: 0 | I225: 40 | J225: =+I225*H225 -> 0 | K225: - | L225: 0 | M225: =SUM(J225-L225) -> 0
A226: 222 | C226: =+'2'!G226 -> 0 | D226: 0 | E226: =C226+D226 -> 0 | F226: 0 | G226: =E226-F226-H226 -> 0 | H226: 0 | I226: 40 | J226: =+I226*H226 -> 0 | K226: - | L226: 0 | M226: =SUM(J226-L226) -> 0
A227: 223 | C227: =+'2'!G227 -> 0 | D227: 0 | E227: =C227+D227 -> 0 | F227: 0 | G227: =E227-F227-H227 -> 0 | H227: 0 | I227: 40 | J227: =+I227*H227 -> 0 | K227: - | L227: 0 | M227: =SUM(J227-L227) -> 0
A228: 224 | C228: =+'2'!G228 -> 0 | D228: 0 | E228: =C228+D228 -> 0 | F228: 0 | G228: =E228-F228-H228 -> 0 | H228: 0 | I228: 40 | J228: =+I228*H228 -> 0 | K228: - | L228: 0 | M228: =SUM(J228-L228) -> 0
A229: 225 | C229: =+'2'!G229 -> 0 | D229: 0 | E229: =C229+D229 -> 0 | F229: 0 | G229: =E229-F229-H229 -> 0 | H229: 0 | I229: 40 | J229: =+I229*H229 -> 0 | K229: - | L229: 0 | M229: =SUM(J229-L229) -> 0
L230: 0 | M230: ส่วนลดสินค้า SALE
H231: ยอดขายสินค้า SALE | J231: =+X110 -> 0
I232: รวมทั้งหมด | K232: =SUM(J5:J231) -> 3290
I233: หัก ค่าโอนเงิน | K233: 0
I234: หัก โอนหน้าร้าน | K234: =SUM(L234:BO234) -> 953 | L234: 128 | M234: 400 | N234: 55 | O234: 50 | P234: 50 | Q234: 270
I235: สแกนใช้สิทธิ์ | K235: 0
I236: หัก ค่าใช้จ่ายอื่นๆ | K236: 0
I237: หัก ส่วนลด | K237: =SUM(L5:L230) -> 284 | M237: Rookie | N237: Grab | O237: Line Man
I238: ต้องคงเหลือทั้งหมด | K238: =K232-K233-K234-K236-K237 -> 2053
I239: ยอดที่รับจริง | K239: 2053
I240: ขาด | K240: =+K239-K238 -> 0
I241: เกิน | K241: =+K239-K238 -> 0
I243: ยอดขายหักส่วนลด | J243: =+K232-K237+K240 -> 3006
I244: ยอดเงินสด | J244: =SUM(K233:K236) -> 953 | M244: =SUM(M238:M243) -> 0 | N244: =SUM(N238:N243) -> 0 | O244: =SUM(O238:O243) -> 0
I245: ยอดโอน | J245: =+K239 -> 2053 | M245: หัก 30% | N245: =N244*30/100 -> 0 | O245: =O244*30/100 -> 0
M246: หัก 7% | N246: =N245*7/100 -> 0 | O246: =O245*7/100 -> 0
M247: รวม | N247: =N244-N245-N246 -> 0 | O247: =O244-O245-O246 -> 0

Sheet 4
A2: บูธ หน้ามอ วันที่ 1-30/6/2567 | O2: สินค้า SALE
A3: ลำดับ | B3: รายการ | C3: ยกมา | D3: รับ | E3: รวม | F3: เปลี่ยน/ | G3: คงเหลือ | H3: รายการขาย | K3: หมายเหตุ | L3: ส่วนลด | O3: ลำดับ | P3: รายการ | Q3: ยกมา | R3: รับ | S3: รวม | T3: เปลี่ยน/ | U3: คงเหลือ | V3: รายการขาย | Y3: หมายเหตุ | Z3: ส่วนลด
F4: คืน/เสีย | H4: จำนวน | I4: @ | J4: เป็นเงิน | T4: คืน/เสีย | V4: จำนวน | W4: @ | X4: เป็นเงิน
A5: 1 | B5: ชิฟฟ่อน (ล) | C5: =+'3'!G5 -> 2 | D5: 20 | E5: =C5+D5 -> 22 | F5: 0 | G5: =E5-F5-H5 -> 20 | H5: 2 | I5: 50 | J5: =+I5*H5 -> 100 | K5: ลด50% | L5: 50 | M5: =SUM(J5-L5) -> 50 | O5: 1 | P5: ขนมปังไส้ฝอยทอง | Q5: 0 | R5: 0 | S5: =Q5+R5 -> 0 | T5: 0 | U5: =S5-T5-V5 -> 0 | V5: 0 | W5: 30 | X5: 0 | Y5: - | Z5: 0
A6: 2 | B6: ชิฟฟ่อน (ญ) | C6: =+'3'!G6 -> 82 | D6: 20 | E6: =C6+D6 -> 102 | F6: 0 | G6: =E6-F6-H6 -> 97 | H6: 5 | I6: 100 | J6: =+I6*H6 -> 500 | K6: ลด20% | L6: 100 | M6: =SUM(J6-L6) -> 400 | O6: 2 | P6: ขนมปังไส้แยมสตอเบอรรี่ | Q6: 0 | R6: 0 | S6: =Q6+R6 -> 0 | T6: 0 | U6: =S6-T6-V6 -> 0 | V6: 0 | W6: 30 | X6: 0 | Y6: - | Z6: 0
A7: 3 | B7: ชิฟฟ่อน (ล) กาแฟ | C7: =+'3'!G7 -> 0 | D7: 0 | E7: =C7+D7 -> 0 | F7: 0 | G7: =E7-F7-H7 -> 0 | H7: 0 | I7: 50 | J7: =+I7*H7 -> 0 | K7: - | L7: 0 | M7: =SUM(J7-L7) -> 0 | O7: 3 | P7: ขนมปังไส้แยมบลูเบอรี่ | Q7: 0 | R7: 0 | S7: =Q7+R7 -> 0 | T7: 0 | U7: =S7-T7-V7 -> 0 | V7: 0 | W7: 30 | X7: 0 | Y7: - | Z7: 0
A8: 4 | B8: ชิฟฟ่อน (ญ) กาแฟ | C8: =+'3'!G8 -> 0 | D8: 0 | E8: =C8+D8 -> 0 | F8: 0 | G8: =E8-F8-H8 -> 0 | H8: 0 | I8: 100 | J8: =+I8*H8 -> 0 | K8: - | L8: 0 | M8: =SUM(J8-L8) -> 0 | O8: 4 | P8: ขนมปังไส้ลูกเกด | Q8: 0 | R8: 0 | S8: =Q8+R8 -> 0 | T8: 0 | U8: =S8-T8-V8 -> 0 | V8: 0 | W8: 30 | X8: 0 | Y8: - | Z8: 0
A9: 5 | B9: ชิฟฟ่อนเค้ก 1 ชิ้น | C9: =+'3'!G9 -> 0 | D9: 0 | E9: =C9+D9 -> 0 | F9: 0 | G9: =E9-F9-H9 -> 0 | H9: 0 | I9: 12 | J9: =+I9*H9 -> 0 | K9: - | L9: 0 | M9: =SUM(J9-L9) -> 0 | O9: 5 | Q9: =+'[2]วันที่ 22'!U9 -> 0 | R9: 0 | S9: =Q9+R9 -> 0 | T9: 0 | U9: =S9-T9-V9 -> 0 | V9: 0 | X9: 0 | Y9: - | Z9: 0
A10: 6 | B10: ชิฟฟ่อนเค้กสอดไส้แยม 1 ชิ้น | C10: =+'3'!G10 -> 0 | D10: 0 | E10: =C10+D10 -> 0 | F10: 0 | G10: =E10-F10-H10 -> 0 | H10: 0 | I10: 15 | J10: =+I10*H10 -> 0 | K10: - | L10: 0 | M10: =SUM(J10-L10) -> 0 | O10: 6 | Q10: =+'[2]วันที่ 22'!U10 -> 0 | R10: 0 | S10: =Q10+R10 -> 0 | T10: 0 | U10: =S10-T10-V10 -> 0 | V10: 0 | X10: 0 | Y10: - | Z10: 0
A11: 7 | B11: ชิฟฟ่อน สอดไส้ (ล) 2 ชิ้น ครีมมะพร้าว | C11: =+'3'!G11 -> 0 | D11: 0 | E11: =C11+D11 -> 0 | F11: 0 | G11: =E11-F11-H11 -> 0 | H11: 0 | I11: 50 | J11: =+I11*H11 -> 0 | K11: - | L11: 0 | M11: =SUM(J11-L11) -> 0 | O11: 7 | Q11: =+'[2]วันที่ 22'!U11 -> 0 | R11: 0 | S11: =Q11+R11 -> 0 | T11: 0 | U11: =S11-T11-V11 -> 0 | V11: 0 | X11: 0 | Y11: - | Z11: 0
A12: 8 | B12: ชิฟฟ่อน สอดไส้ (ล) 3 ชิ้น รวมรส | C12: =+'3'!G12 -> 0 | D12: 5 | E12: =C12+D12 -> 5 | F12: 0 | G12: =E12-F12-H12 -> 3 | H12: 2 | I12: 50 | J12: =+I12*H12 -> 100 | K12: แถม1 | L12: 50 | M12: =SUM(J12-L12) -> 50 | O12: 8 | Q12: =+'[2]วันที่ 22'!U12 -> 0 | R12: 0 | S12: =Q12+R12 -> 0 | T12: 0 | U12: =S12-T12-V12 -> 0 | V12: 0 | X12: 0 | Y12: - | Z12: 0
A13: 9 | B13: ชิฟฟ่อน สอดไส้ (ล) 3 ชิ้น กาแฟ | C13: =+'3'!G13 -> 0 | D13: 0 | E13: =C13+D13 -> 0 | F13: 0 | G13: =E13-F13-H13 -> 0 | H13: 0 | I13: 50 | J13: =+I13*H13 -> 0 | K13: - | L13: 0 | M13: =SUM(J13-L13) -> 0 | O13: 9 | Q13: =+'[2]วันที่ 22'!U13 -> 0 | R13: 0 | S13: =Q13+R13 -> 0 | T13: 0 | U13: =S13-T13-V13 -> 0 | V13: 0 | X13: 0 | Y13: - | Z13: 0
A14: 10 | B14: ชิฟฟ่อน สอดไส้ (ล) 4 ชิ้น ครีมมะพร้าว | C14: =+'3'!G14 -> 0 | D14: 0 | E14: =C14+D14 -> 0 | F14: 0 | G14: =E14-F14-H14 -> 0 | H14: 0 | I14: 65 | J14: =+I14*H14 -> 0 | K14: - | L14: 0 | M14: =SUM(J14-L14) -> 0 | O14: 10 | Q14: =+'[2]วันที่ 22'!U14 -> 0 | R14: 0 | S14: =Q14+R14 -> 0 | T14: 0 | U14: =S14-T14-V14 -> 0 | V14: 0 | X14: 0 | Y14: - | Z14: 0
A15: 11 | B15: ชิฟฟ่อน สอดไส้ (ล) 3 ชิ้น แยมส้ม | C15: =+'3'!G15 -> 0 | D15: 0 | E15: =C15+D15 -> 0 | F15: 0 | G15: =E15-F15-H15 -> 0 | H15: 0 | I15: 50 | J15: =+I15*H15 -> 0 | K15: - | L15: 0 | M15: =SUM(J15-L15) -> 0 | O15: 11 | Q15: =+'[2]วันที่ 22'!U15 -> 0 | R15: 0 | S15: =Q15+R15 -> 0 | T15: 0 | U15: =S15-T15-V15 -> 0 | V15: 0 | X15: 0 | Y15: - | Z15: 0
A16: 12 | B16: ชิฟฟ่อน สอดไส้ (ล) 3 ชิ้น บลูเบอรี่ | C16: =+'3'!G16 -> 0 | D16: 0 | E16: =C16+D16 -> 0 | F16: 0 | G16: =E16-F16-H16 -> 0 | H16: 0 | I16: 50 | J16: =+I16*H16 -> 0 | K16: - | L16: 0 | M16: =SUM(J16-L16) -> 0 | O16: 12 | Q16: =+'[2]วันที่ 22'!U16 -> 0 | R16: 0 | S16: =Q16+R16 -> 0 | T16: 0 | U16: =S16-T16-V16 -> 0 | V16: 0 | X16: 0 | Y16: - | Z16: 0
A17: 13 | B17: ชิฟฟ่อน สอดไส้ (ล) 3 ชิ้น ฝอยทอง | C17: =+'3'!G17 -> 0 | D17: 0 | E17: =C17+D17 -> 0 | F17: 0 | G17: =E17-F17-H17 -> 0 | H17: 0 | I17: 50 | J17: =+I17*H17 -> 0 | K17: - | L17: 0 | M17: =SUM(J17-L17) -> 0 | O17: 13 | Q17: =+'[2]วันที่ 22'!U17 -> 0 | R17: 0 | S17: =Q17+R17 -> 0 | T17: 0 | U17: =S17-T17-V17 -> 0 | V17: 0 | X17: 0 | Y17: - | Z17: 0
A18: 14 | B18: ชิฟฟ่อน สอดไส้ (ล) 3 ชิ้น แยมสตรอเบอรี่ | C18: =+'3'!G18 -> 0 | D18: 0 | E18: =C18+D18 -> 0 | F18: 0 | G18: =E18-F18-H18 -> 0 | H18: 0 | I18: 50 | J18: =+I18*H18 -> 0 | K18: - | L18: 0 | M18: =SUM(J18-L18) -> 0 | O18: 14 | Q18: =+'[2]วันที่ 22'!U18 -> 0 | R18: 0 | S18: =Q18+R18 -> 0 | T18: 0 | U18: =S18-T18-V18 -> 0 | V18: 0 | X18: 0 | Y18: - | Z18: 0
A19: 15 | B19: ชิฟฟ่อน สอดไส้ (ล) 3 ชิ้น เนยมพะร้าว | C19: =+'3'!G19 -> 0 | D19: 0 | E19: =C19+D19 -> 0 | F19: 0 | G19: =E19-F19-H19 -> 0 | H19: 0 | I19: 50 | J19: =+I19*H19 -> 0 | K19: - | L19: 0 | M19: =SUM(J19-L19) -> 0 | O19: 15 | Q19: =+'[2]วันที่ 22'!U19 -> 0 | R19: 0 | S19: =Q19+R19 -> 0 | T19: 0 | U19: =S19-T19-V19 -> 0 | V19: 0 | X19: 0 | Y19: - | Z19: 0
A20: 16 | B20: ชิฟฟ่อน สอดไส้ (ล) 3 ชิ้น นมชมพู | C20: =+'3'!G20 -> 0 | D20: 0 | E20: =C20+D20 -> 0 | F20: 0 | G20: =E20-F20-H20 -> 0 | H20: 0 | I20: 50 | J20: =+I20*H20 -> 0 | K20: - | L20: 0 | M20: =SUM(J20-L20) -> 0 | O20: 16 | Q20: =+'[2]วันที่ 22'!U20 -> 0 | R20: 0 | S20: =Q20+R20 -> 0 | T20: 0 | U20: =S20-T20-V20 -> 0 | V20: 0 | X20: 0 | Y20: - | Z20: 0
... A103: 99 | B103: ไดฟุกุ 8 ชิ้น | C103: =+'3'!G103 -> 0 | D103: 0 | E103: =C103+D103 -> 0 | F103: 0 | G103: =E103-F103-H103 -> 0 | H103: 0 | I103: 100 | J103: =+I103*H103 -> 0 | K103: - | L103: 0 | M103: =SUM(J103-L103) -> 0 | O103: 99 | Q103: =+'[2]วันที่ 22'!U103 -> 0 | R103: 0 | S103: =Q103+R103 -> 0 | T103: 0 | U103: =S103-T103-V103 -> 0 | V103: 0 | X103: 0 | Y103: - | Z103: 0
A104: 100 | B104: หมูทุบ | C104: =+'3'!G104 -> 0 | D104: 0 | E104: =C104+D104 -> 0 | F104: 0 | G104: =E104-F104-H104 -> 0 | H104: 0 | I104: 100 | J104: =+I104*H104 -> 0 | K104: - | L104: 0 | M104: =SUM(J104-L104) -> 0 | O104: 100 | Q104: =+'[2]วันที่ 22'!U104 -> 0 | R104: 0 | S104: =Q104+R104 -> 0 | T104: 0 | U104: =S104-T104-V104 -> 0 | V104: 0 | X104: 0 | Z104: 0
A105: 101 | B105: ดอกจอก | C105: =+'3'!G105 -> 0 | D105: 0 | E105: =C105+D105 -> 0 | F105: 0 | G105: =E105-F105-H105 -> 0 | H105: 0 | I105: 30 | J105: =+I105*H105 -> 0 | K105: - | L105: 0 | M105: =SUM(J105-L105) -> 0 | Z105: =SUM(Z5:Z104) -> 0
A106: 102 | B106: เทียน | C106: =+'3'!G106 -> 12 | D106: 0 | E106: =C106+D106 -> 12 | F106: 0 | G106: =E106-F106-H106 -> 11 | H106: 1 | I106: 20 | J106: =+I106*H106 -> 20 | K106: - | L106: 0 | M106: =SUM(J106-L106) -> 20
A107: 103 | B107: ขนมอาลัวแฟนซี | C107: =+'3'!G107 -> 3 | D107: 0 | E107: =C107+D107 -> 3 | F107: 1 | G107: =E107-F107-H107 -> 2 | H107: 0 | I107: 100 | J107: =+I107*H107 -> 0 | K107: - | L107: 0 | M107: =SUM(J107-L107) -> 0 | P107: รวม | X107: =SUM(X5:X104) -> 0
A108: 104 | B108: ชูนัทคุกกี้ | C108: =+'3'!G108 -> 0 | D108: 0 | E108: =C108+D108 -> 0 | F108: 0 | G108: =E108-F108-H108 -> 0 | H108: 0 | I108: 80 | J108: =+I108*H108 -> 0 | K108: - | L108: 0 | M108: =SUM(J108-L108) -> 0
A109: 105 | B109: วุ้นแฟนซี | C109: =+'3'!G109 -> 0 | D109: 0 | E109: =C109+D109 -> 0 | F109: 0 | G109: =E109-F109-H109 -> 0 | H109: 0 | I109: 120 | J109: =+I109*H109 -> 0 | K109: - | L109: 0 | M109: =SUM(J109-L109) -> 0
A110: 106 | B110: เค้กสามเหลี่ยม มะพร้าว | C110: =+'3'!G110 -> 0 | D110: 0 | E110: =C110+D110 -> 0 | F110: 0 | G110: =E110-F110-H110 -> 0 | H110: 0 | I110: 35 | J110: =+I110*H110 -> 0 | K110: - | L110: 0 | M110: =SUM(J110-L110) -> 0
A111: 107 | B111: เค้กสามเหลี่ยม สตอเบอรี่ | C111: =+'3'!G111 -> 0 | D111: 0 | E111: =C111+D111 -> 0 | F111: 0 | G111: =E111-F111-H111 -> 0 | H111: 0 | I111: 35 | J111: =+I111*H111 -> 0 | K111: - | L111: 0 | M111: =SUM(J111-L111) -> 0
A112: 108 | B112: เค้กสามเหลี่ยม บลูเบอรี่ | C112: =+'3'!G112 -> 0 | D112: 0 | E112: =C112+D112 -> 0 | F112: 0 | G112: =E112-F112-H112 -> 0 | H112: 0 | I112: 35 | J112: =+I112*H112 -> 0 | K112: - | L112: 0 | M112: =SUM(J112-L112) -> 0
A113: 109 | B113: เค้กสามเหลี่ยม รสส้ม | C113: =+'3'!G113 -> 0 | D113: 0 | E113: =C113+D113 -> 0 | F113: 0 | G113: =E113-F113-H113 -> 0 | H113: 0 | I113: 35 | J113: =+I113*H113 -> 0 | K113: - | L113: 0 | M113: =SUM(J113-L113) -> 0
A114: 110 | B114: เค้กสามเหลี่ยม รสช็อกโกโอริโอ้ | C114: =+'3'!G114 -> 0 | D114: 0 | E114: =C114+D114 -> 0 | F114: 0 | G114: =E114-F114-H114 -> 0 | H114: 0 | I114: 35 | J114: =+I114*H114 -> 0 | K114: - | L114: 0 | M114: =SUM(J114-L114) -> 0
A115: 111 | B115: สตอเบอร์รี่ครีมเค้ก | C115: =+'3'!G115 -> 0 | D115: 0 | E115: =C115+D115 -> 0 | F115: 0 | G115: =E115-F115-H115 -> 0 | H115: 0 | I115: 50 | J115: =+I115*H115 -> 0 | K115: - | L115: 0 | M115: =SUM(J115-L115) -> 0
A116: 112 | B116: บลูเบอร์รี่ครีมเค้ก | C116: =+'3'!G116 -> 0 | D116: 0 | E116: =C116+D116 -> 0 | F116: 0 | G116: =E116-F116-H116 -> 0 | H116: 0 | I116: 50 | J116: =+I116*H116 -> 0 | K116: - | L116: 0 | M116: =SUM(J116-L116) -> 0
A117: 113 | B117: เค้กส้ม | C117: =+'3'!G117 -> 0 | D117: 0 | E117: =C117+D117 -> 0 | F117: 0 | G117: =E117-F117-H117 -> 0 | H117: 0 | I117: 50 | J117: =+I117*H117 -> 0 | K117: - | L117: 0 | M117: =SUM(J117-L117) -> 0
A118: 114 | B118: วนิลาครีมเค้ก | C118: =+'3'!G118 -> 0 | D118: 0 | E118: =C118+D118 -> 0 | F118: 0 | G118: =E118-F118-H118 -> 0 | H118: 0 | I118: 50 | J118: =+I118*H118 -> 0 | K118: - | L118: 0 | M118: =SUM(J118-L118) -> 0
A119: 115 | B119: ใบเตยครีมเค้ก | C119: =+'3'!G119 -> 0 | D119: 0 | E119: =C119+D119 -> 0 | F119: 0 | G119: =E119-F119-H119 -> 0 | H119: 0 | I119: 50 | J119: =+I119*H119 -> 0 | K119: - | L119: 0 | M119: =SUM(J119-L119) -> 0
... A188: 184 | B188: น้ำผลไม้ | C188: =+'3'!G188 -> 0 | D188: 0 | E188: =C188+D188 -> 0 | F188: 0 | G188: =E188-F188-H188 -> 0 | H188: 0 | I188: 10 | J188: =+I188*H188 -> 0 | K188: - | L188: 0 | M188: =SUM(J188-L188) -> 0
A189: 185 | B189: เครื่องดื่ม | C189: =+'3'!G189 -> 0 | D189: 0 | E189: =C189+D189 -> 0 | F189: 0 | G189: =E189-F189-H189 -> 0 | H189: 0 | J189: 195 | K189: - | L189: 0 | M189: =SUM(J189-L189) -> 195
A190: 186 | B190: เปี๊ยะสติ๊กไก่หยอง | C190: =+'3'!G190 -> 0 | D190: 0 | E190: =C190+D190 -> 0 | F190: 0 | G190: =E190-F190-H190 -> 0 | H190: 0 | I190: 55 | J190: =+I190*H190 -> 0 | K190: - | L190: 0 | M190: =SUM(J190-L190) -> 0
A191: 187 | B191: มินิบันไส้กรอกชีส | C191: =+'3'!G191 -> 0 | D191: 0 | E191: =C191+D191 -> 0 | F191: 0 | G191: =E191-F191-H191 -> 0 | H191: 0 | I191: 45 | J191: =+I191*H191 -> 0 | K191: - | L191: 0 | M191: =SUM(J191-L191) -> 0
A192: 188 | B192: ขนมปังแถว | C192: =+'3'!G192 -> 0 | D192: 0 | E192: =C192+D192 -> 0 | F192: 0 | G192: =E192-F192-H192 -> 0 | H192: 0 | I192: 50 | J192: =+I192*H192 -> 0 | K192: - | L192: 0 | M192: =SUM(J192-L192) -> 0
A193: 189 | B193: ป้าย HBD | C193: =+'3'!G193 -> 0 | D193: 0 | E193: =C193+D193 -> 0 | F193: 0 | G193: =E193-F193-H193 -> 0 | H193: 0 | I193: 30 | J193: =+I193*H193 -> 0 | K193: - | L193: 0 | M193: =SUM(J193-L193) -> 0
A194: 190 | B194: เปี๊ยะลาวาไข่เค็ม 1 ชิ้น | C194: =+'3'!G194 -> 0 | D194: 0 | E194: =C194+D194 -> 0 | F194: 0 | G194: =E194-F194-H194 -> 0 | H194: 0 | I194: 25 | J194: =+I194*H194 -> 0 | K194: - | L194: 0 | M194: =SUM(J194-L194) -> 0
A195: 191 | B195: เจ้หมวย | C195: =+'3'!G195 -> 0 | D195: 0 | E195: =C195+D195 -> 0 | F195: 0 | G195: =E195-F195-H195 -> 0 | H195: 0 | I195: 0 | J195: =+I195*H195 -> 0 | K195: - | L195: 0 | M195: =SUM(J195-L195) -> 0
A196: 192 | B196: จัดชุดเบรก | C196: =+'3'!G196 -> 0 | D196: 7 | E196: =C196+D196 -> 7 | F196: 0 | G196: =E196-F196-H196 -> 0 | H196: 7 | I196: 35 | J196: =+I196*H196 -> 245 | K196: - | L196: 0 | M196: =SUM(J196-L196) -> 245
A197: 193 | B197: วุ้นแฟนซีวันแม่ | C197: =+'3'!G197 -> 0 | D197: 0 | E197: =C197+D197 -> 0 | F197: 0 | G197: =E197-F197-H197 -> 0 | H197: 0 | I197: 65 | J197: =+I197*H197 -> 0 | K197: - | L197: 0 | M197: =SUM(J197-L197) -> 0
A198: 194 | B198: กล่องจัดเบรก | C198: =+'3'!G198 -> 378 | D198: 0 | E198: =C198+D198 -> 378 | F198: 7 | G198: =E198-F198-H198 -> 371 | H198: 0 | I198: 25 | J198: =+I198*H198 -> 0 | K198: - | L198: 0 | M198: =SUM(J198-L198) -> 0
A199: 195 | B199: น้ำผลไม้ | C199: =+'3'!G199 -> 249 | D199: 0 | E199: =C199+D199 -> 249 | F199: 7 | G199: =E199-F199-H199 -> 242 | H199: 0 | I199: 0 | J199: =+I199*H199 -> 0 | K199: - | L199: 0 | M199: =SUM(J199-L199) -> 0
A200: 196 | B200: ลูกค้านัดรับ | C200: =+'3'!G200 -> 0 | D200: 0 | E200: =C200+D200 -> 0 | F200: 0 | G200: =E200-F200-H200 -> 0 | H200: 0 | I200: 0 | J200: =+I200*H200 -> 0 | K200: - | L200: 0 | M200: =SUM(J200-L200) -> 0
A201: 197 | B201: ปังเลเยอร์ | C201: =+'3'!G201 -> 0 | D201: 0 | E201: =C201+D201 -> 0 | F201: 0 | G201: =E201-F201-H201 -> 0 | H201: 0 | I201: 65 | J201: =+I201*H201 -> 0 | K201: - | L201: 0 | M201: =SUM(J201-L201) -> 0
... A225: 221 | B225: เค้กแยมโรลวรรณวนัช | C225: =+'3'!G225 -> 0 | D225: 0 | E225: =C225+D225 -> 0 | F225: 0 | G225: =E225-F225-H225 -> 0 | H225: 0 | I225: 40 | J225: =+I225*H225 -> 0 | K225: - | L225: 0 | M225: =SUM(J225-L225) -> 0
A226: 222 | C226: =+'3'!G226 -> 0 | D226: 0 | E226: =C226+D226 -> 0 | F226: 0 | G226: =E226-F226-H226 -> 0 | H226: 0 | I226: 40 | J226: =+I226*H226 -> 0 | K226: - | L226: 0 | M226: =SUM(J226-L226) -> 0
A227: 223 | C227: =+'3'!G227 -> 0 | D227: 0 | E227: =C227+D227 -> 0 | F227: 0 | G227: =E227-F227-H227 -> 0 | H227: 0 | I227: 40 | J227: =+I227*H227 -> 0 | K227: - | L227: 0 | M227: =SUM(J227-L227) -> 0
A228: 224 | C228: =+'3'!G228 -> 0 | D228: 0 | E228: =C228+D228 -> 0 | F228: 0 | G228: =E228-F228-H228 -> 0 | H228: 0 | I228: 40 | J228: =+I228*H228 -> 0 | K228: - | L228: 0 | M228: =SUM(J228-L228) -> 0
A229: 225 | C229: =+'3'!G229 -> 0 | D229: 0 | E229: =C229+D229 -> 0 | F229: 0 | G229: =E229-F229-H229 -> 0 | H229: 0 | I229: 40 | J229: =+I229*H229 -> 0 | K229: - | L229: 0 | M229: =SUM(J229-L229) -> 0
L230: 0 | M230: ส่วนลดสินค้า SALE
H231: ยอดขายสินค้า SALE | J231: =+X110 -> 0
I232: รวมทั้งหมด | K232: =SUM(J5:J231) -> 7025
I233: หัก ค่าโอนเงิน | K233: 0
I234: หัก โอนหน้าร้าน | K234: =SUM(L234:BO234) -> 4188 | L234: 700 | M234: 180 | N234: 128 | O234: 200 | P234: 50 | Q234: 190 | R234: 650 | S234: 1690 | T234: 400
I235: สแกนใช้สิทธิ์ | K235: 0
I236: หัก ค่าใช้จ่ายอื่นๆ | K236: 0
I237: หัก ส่วนลด | K237: =SUM(L5:L230) -> 814 | M237: Rookie | N237: Grab | O237: Line Man
I238: ต้องคงเหลือทั้งหมด | K238: =K232-K233-K234-K236-K237 -> 2023
I239: ยอดที่รับจริง | K239: 2023
I240: ขาด | K240: =+K239-K238 -> 0
I241: เกิน | K241: =+K239-K238 -> 0
J243: ยอดขายหักส่วนลด | K243: =+K232-K237+K240 -> 6211
J244: ยอดเงินสด | K244: =SUM(K233:K236) -> 4188 | M244: =SUM(M238:M243) -> 0 | N244: =SUM(N238:N243) -> 0 | O244: =SUM(O238:O243) -> 0
J245: ยอดโอน | K245: =+K239 -> 2023 | M245: หัก 30% | N245: =N244*30/100 -> 0 | O245: =O244*30/100 -> 0
M246: หัก 7% | N246: =N245*7/100 -> 0 | O246: =O245*7/100 -> 0
M247: รวม | N247: =N244-N245-N246 -> 0 | O247: =O244-O245-O246 -> 0

Sheet 5
A2: บูธ หน้ามอ วันที่ 1-30/6/2567 | O2: สินค้า SALE
A3: ลำดับ | B3: รายการ | C3: ยกมา | D3: รับ | E3: รวม | F3: เปลี่ยน/ | G3: คงเหลือ | H3: รายการขาย | K3: หมายเหตุ | L3: ส่วนลด | O3: ลำดับ | P3: รายการ | Q3: ยกมา | R3: รับ | S3: รวม | T3: เปลี่ยน/ | U3: คงเหลือ | V3: รายการขาย | Y3: หมายเหตุ | Z3: ส่วนลด
F4: คืน/เสีย | H4: จำนวน | I4: @ | J4: เป็นเงิน | T4: คืน/เสีย | V4: จำนวน | W4: @ | X4: เป็นเงิน
A5: 1 | B5: ชิฟฟ่อน (ล) | C5: =+'4'!G5 -> 20 | D5: 0 | E5: =C5+D5 -> 20 | F5: 0 | G5: =E5-F5-H5 -> 20 | H5: 0 | I5: 50 | J5: =+I5*H5 -> 0 | K5: - | L5: 0 | M5: =SUM(J5-L5) -> 0 | O5: 1 | P5: ขนมปังไส้ฝอยทอง | Q5: 0 | R5: 0 | S5: =Q5+R5 -> 0 | T5: 0 | U5: =S5-T5-V5 -> 0 | V5: 0 | W5: 30 | X5: 0 | Y5: - | Z5: 0
A6: 2 | B6: ชิฟฟ่อน (ญ) | C6: =+'4'!G6 -> 97 | D6: 0 | E6: =C6+D6 -> 97 | F6: 0 | G6: =E6-F6-H6 -> 83 | H6: 14 | I6: 100 | J6: =+I6*H6 -> 1400 | K6: ลด50%=1 / 20%=12 | L6: 290 | M6: =SUM(J6-L6) -> 1110 | O6: 2 | P6: ขนมปังไส้แยมสตอเบอรรี่ | Q6: 0 | R6: 0 | S6: =Q6+R6 -> 0 | T6: 0 | U6: =S6-T6-V6 -> 0 | V6: 0 | W6: 30 | X6: 0 | Y6: - | Z6: 0
A7: 3 | B7: ชิฟฟ่อน (ล) กาแฟ | C7: =+'4'!G7 -> 0 | D7: 0 | E7: =C7+D7 -> 0 | F7: 0 | G7: =E7-F7-H7 -> 0 | H7: 0 | I7: 50 | J7: =+I7*H7 -> 0 | K7: - | L7: 0 | M7: =SUM(J7-L7) -> 0 | O7: 3 | P7: ขนมปังไส้แยมบลูเบอรี่ | Q7: 0 | R7: 0 | S7: =Q7+R7 -> 0 | T7: 0 | U7: =S7-T7-V7 -> 0 | V7: 0 | W7: 30 | X7: 0 | Y7: - | Z7: 0
A8: 4 | B8: ชิฟฟ่อน (ญ) กาแฟ | C8: =+'4'!G8 -> 0 | D8: 0 | E8: =C8+D8 -> 0 | F8: 0 | G8: =E8-F8-H8 -> 0 | H8: 0 | I8: 100 | J8: =+I8*H8 -> 0 | K8: - | L8: 0 | M8: =SUM(J8-L8) -> 0 | O8: 4 | P8: ขนมปังไส้ลูกเกด | Q8: 0 | R8: 0 | S8: =Q8+R8 -> 0 | T8: 0 | U8: =S8-T8-V8 -> 0 | V8: 0 | W8: 30 | X8: 0 | Y8: - | Z8: 0
A9: 5 | B9: ชิฟฟ่อนเค้ก 1 ชิ้น | C9: =+'4'!G9 -> 0 | D9: 0 | E9: =C9+D9 -> 0 | F9: 0 | G9: =E9-F9-H9 -> 0 | H9: 0 | I9: 12 | J9: =+I9*H9 -> 0 | K9: - | L9: 0 | M9: =SUM(J9-L9) -> 0 | O9: 5 | Q9: =+'[2]วันที่ 22'!U9 -> 0 | R9: 0 | S9: =Q9+R9 -> 0 | T9: 0 | U9: =S9-T9-V9 -> 0 | V9: 0 | X9: 0 | Y9: - | Z9: 0
A10: 6 | B10: ชิฟฟ่อนเค้กสอดไส้แยม 1 ชิ้น | C10: =+'4'!G10 -> 0 | D10: 0 | E10: =C10+D10 -> 0 | F10: 0 | G10: =E10-F10-H10 -> 0 | H10: 0 | I10: 15 | J10: =+I10*H10 -> 0 | K10: - | L10: 0 | M10: =SUM(J10-L10) -> 0 | O10: 6 | Q10: =+'[2]วันที่ 22'!U10 -> 0 | R10: 0 | S10: =Q10+R10 -> 0 | T10: 0 | U10: =S10-T10-V10 -> 0 | V10: 0 | X10: 0 | Y10: - | Z10: 0
A11: 7 | B11: ชิฟฟ่อน สอดไส้ (ล) 2 ชิ้น ครีมมะพร้าว | C11: =+'4'!G11 -> 0 | D11: 0 | E11: =C11+D11 -> 0 | F11: 0 | G11: =E11-F11-H11 -> 0 | H11: 0 | I11: 50 | J11: =+I11*H11 -> 0 | K11: - | L11: 0 | M11: =SUM(J11-L11) -> 0 | O11: 7 | Q11: =+'[2]วันที่ 22'!U11 -> 0 | R11: 0 | S11: =Q11+R11 -> 0 | T11: 0 | U11: =S11-T11-V11 -> 0 | V11: 0 | X11: 0 | Y11: - | Z11: 0
A12: 8 | B12: ชิฟฟ่อน สอดไส้ (ล) 3 ชิ้น รวมรส | C12: =+'4'!G12 -> 3 | D12: 0 | E12: =C12+D12 -> 3 | F12: 0 | G12: =E12-F12-H12 -> 3 | H12: 0 | I12: 50 | J12: =+I12*H12 -> 0 | K12: - | L12: 0 | M12: =SUM(J12-L12) -> 0 | O12: 8 | Q12: =+'[2]วันที่ 22'!U12 -> 0 | R12: 0 | S12: =Q12+R12 -> 0 | T12: 0 | U12: =S12-T12-V12 -> 0 | V12: 0 | X12: 0 | Y12: - | Z12: 0
A13: 9 | B13: ชิฟฟ่อน สอดไส้ (ล) 3 ชิ้น กาแฟ | C13: =+'4'!G13 -> 0 | D13: 0 | E13: =C13+D13 -> 0 | F13: 0 | G13: =E13-F13-H13 -> 0 | H13: 0 | I13: 50 | J13: =+I13*H13 -> 0 | K13: - | L13: 0 | M13: =SUM(J13-L13) -> 0 | O13: 9 | Q13: =+'[2]วันที่ 22'!U13 -> 0 | R13: 0 | S13: =Q13+R13 -> 0 | T13: 0 | U13: =S13-T13-V13 -> 0 | V13: 0 | X13: 0 | Y13: - | Z13: 0
A14: 10 | B14: ชิฟฟ่อน สอดไส้ (ล) 4 ชิ้น ครีมมะพร้าว | C14: =+'4'!G14 -> 0 | D14: 0 | E14: =C14+D14 -> 0 | F14: 0 | G14: =E14-F14-H14 -> 0 | H14: 0 | I14: 65 | J14: =+I14*H14 -> 0 | K14: - | L14: 0 | M14: =SUM(J14-L14) -> 0 | O14: 10 | Q14: =+'[2]วันที่ 22'!U14 -> 0 | R14: 0 | S14: =Q14+R14 -> 0 | T14: 0 | U14: =S14-T14-V14 -> 0 | V14: 0 | X14: 0 | Y14: - | Z14: 0
A15: 11 | B15: ชิฟฟ่อน สอดไส้ (ล) 3 ชิ้น แยมส้ม | C15: =+'4'!G15 -> 0 | D15: 0 | E15: =C15+D15 -> 0 | F15: 0 | G15: =E15-F15-H15 -> 0 | H15: 0 | I15: 50 | J15: =+I15*H15 -> 0 | K15: - | L15: 0 | M15: =SUM(J15-L15) -> 0 | O15: 11 | Q15: =+'[2]วันที่ 22'!U15 -> 0 | R15: 0 | S15: =Q15+R15 -> 0 | T15: 0 | U15: =S15-T15-V15 -> 0 | V15: 0 | X15: 0 | Y15: - | Z15: 0
A16: 12 | B16: ชิฟฟ่อน สอดไส้ (ล) 3 ชิ้น บลูเบอรี่ | C16: =+'4'!G16 -> 0 | D16: 0 | E16: =C16+D16 -> 0 | F16: 0 | G16: =E16-F16-H16 -> 0 | H16: 0 | I16: 50 | J16: =+I16*H16 -> 0 | K16: - | L16: 0 | M16: =SUM(J16-L16) -> 0 | O16: 12 | Q16: =+'[2]วันที่ 22'!U16 -> 0 | R16: 0 | S16: =Q16+R16 -> 0 | T16: 0 | U16: =S16-T16-V16 -> 0 | V16: 0 | X16: 0 | Y16: - | Z16: 0
A17: 13 | B17: ชิฟฟ่อน สอดไส้ (ล) 3 ชิ้น ฝอยทอง | C17: =+'4'!G17 -> 0 | D17: 0 | E17: =C17+D17 -> 0 | F17: 0 | G17: =E17-F17-H17 -> 0 | H17: 0 | I17: 50 | J17: =+I17*H17 -> 0 | K17: - | L17: 0 | M17: =SUM(J17-L17) -> 0 | O17: 13 | Q17: =+'[2]วันที่ 22'!U17 -> 0 | R17: 0 | S17: =Q17+R17 -> 0 | T17: 0 | U17: =S17-T17-V17 -> 0 | V17: 0 | X17: 0 | Y17: - | Z17: 0
A18: 14 | B18: ชิฟฟ่อน สอดไส้ (ล) 3 ชิ้น แยมสตรอเบอรี่ | C18: =+'4'!G18 -> 0 | D18: 0 | E18: =C18+D18 -> 0 | F18: 0 | G18: =E18-F18-H18 -> 0 | H18: 0 | I18: 50 | J18: =+I18*H18 -> 0 | K18: - | L18: 0 | M18: =SUM(J18-L18) -> 0 | O18: 14 | Q18: =+'[2]วันที่ 22'!U18 -> 0 | R18: 0 | S18: =Q18+R18 -> 0 | T18: 0 | U18: =S18-T18-V18 -> 0 | V18: 0 | X18: 0 | Y18: - | Z18: 0
A19: 15 | B19: ชิฟฟ่อน สอดไส้ (ล) 3 ชิ้น เนยมพะร้าว | C19: =+'4'!G19 -> 0 | D19: 0 | E19: =C19+D19 -> 0 | F19: 0 | G19: =E19-F19-H19 -> 0 | H19: 0 | I19: 50 | J19: =+I19*H19 -> 0 | K19: - | L19: 0 | M19: =SUM(J19-L19) -> 0 | O19: 15 | Q19: =+'[2]วันที่ 22'!U19 -> 0 | R19: 0 | S19: =Q19+R19 -> 0 | T19: 0 | U19: =S19-T19-V19 -> 0 | V19: 0 | X19: 0 | Y19: - | Z19: 0
A20: 16 | B20: ชิฟฟ่อน สอดไส้ (ล) 3 ชิ้น นมชมพู | C20: =+'4'!G20 -> 0 | D20: 0 | E20: =C20+D20 -> 0 | F20: 0 | G20: =E20-F20-H20 -> 0 | H20: 0 | I20: 50 | J20: =+I20*H20 -> 0 | K20: - | L20: 0 | M20: =SUM(J20-L20) -> 0 | O20: 16 | Q20: =+'[2]วันที่ 22'!U20 -> 0 | R20: 0 | S20: =Q20+R20 -> 0 | T20: 0 | U20: =S20-T20-V20 -> 0 | V20: 0 | X20: 0 | Y20: - | Z20: 0
... A103: 99 | B103: ไดฟุกุ 8 ชิ้น | C103: =+'4'!G103 -> 0 | D103: 0 | E103: =C103+D103 -> 0 | F103: 0 | G103: =E103-F103-H103 -> 0 | H103: 0 | I103: 100 | J103: =+I103*H103 -> 0 | K103: - | L103: 0 | M103: =SUM(J103-L103) -> 0 | O103: 99 | Q103: =+'[2]วันที่ 22'!U103 -> 0 | R103: 0 | S103: =Q103+R103 -> 0 | T103: 0 | U103: =S103-T103-V103 -> 0 | V103: 0 | X103: 0 | Y103: - | Z103: 0
A104: 100 | B104: หมูทุบ | C104: =+'4'!G104 -> 0 | D104: 0 | E104: =C104+D104 -> 0 | F104: 0 | G104: =E104-F104-H104 -> 0 | H104: 0 | I104: 100 | J104: =+I104*H104 -> 0 | K104: - | L104: 0 | M104: =SUM(J104-L104) -> 0 | O104: 100 | Q104: =+'[2]วันที่ 22'!U104 -> 0 | R104: 0 | S104: =Q104+R104 -> 0 | T104: 0 | U104: =S104-T104-V104 -> 0 | V104: 0 | X104: 0 | Z104: 0
A105: 101 | B105: ดอกจอก | C105: =+'4'!G105 -> 0 | D105: 0 | E105: =C105+D105 -> 0 | F105: 0 | G105: =E105-F105-H105 -> 0 | H105: 0 | I105: 30 | J105: =+I105*H105 -> 0 | K105: - | L105: 0 | M105: =SUM(J105-L105) -> 0 | Z105: =SUM(Z5:Z104) -> 0
A106: 102 | B106: เทียน | C106: =+'4'!G106 -> 11 | D106: 0 | E106: =C106+D106 -> 11 | F106: 0 | G106: =E106-F106-H106 -> 10 | H106: 1 | I106: 20 | J106: =+I106*H106 -> 20 | K106: - | L106: 0 | M106: =SUM(J106-L106) -> 20
A107: 103 | B107: ขนมอาลัวแฟนซี | C107: =+'4'!G107 -> 2 | D107: 0 | E107: =C107+D107 -> 2 | F107: 0 | G107: =E107-F107-H107 -> 2 | H107: 0 | I107: 100 | J107: =+I107*H107 -> 0 | K107: - | L107: 0 | M107: =SUM(J107-L107) -> 0 | P107: รวม | X107: =SUM(X5:X104) -> 0
A108: 104 | B108: ชูนัทคุกกี้ | C108: =+'4'!G108 -> 0 | D108: 0 | E108: =C108+D108 -> 0 | F108: 0 | G108: =E108-F108-H108 -> 0 | H108: 0 | I108: 80 | J108: =+I108*H108 -> 0 | K108: - | L108: 0 | M108: =SUM(J108-L108) -> 0
A109: 105 | B109: วุ้นแฟนซี | C109: =+'4'!G109 -> 0 | D109: 0 | E109: =C109+D109 -> 0 | F109: 0 | G109: =E109-F109-H109 -> 0 | H109: 0 | I109: 120 | J109: =+I109*H109 -> 0 | K109: - | L109: 0 | M109: =SUM(J109-L109) -> 0
A110: 106 | B110: เค้กสามเหลี่ยม มะพร้าว | C110: =+'4'!G110 -> 0 | D110: 0 | E110: =C110+D110 -> 0 | F110: 0 | G110: =E110-F110-H110 -> 0 | H110: 0 | I110: 35 | J110: =+I110*H110 -> 0 | K110: - | L110: 0 | M110: =SUM(J110-L110) -> 0
A111: 107 | B111: เค้กสามเหลี่ยม สตอเบอรี่ | C111: =+'4'!G111 -> 0 | D111: 0 | E111: =C111+D111 -> 0 | F111: 0 | G111: =E111-F111-H111 -> 0 | H111: 0 | I111: 35 | J111: =+I111*H111 -> 0 | K111: - | L111: 0 | M111: =SUM(J111-L111) -> 0
A112: 108 | B112: เค้กสามเหลี่ยม บลูเบอรี่ | C112: =+'4'!G112 -> 0 | D112: 0 | E112: =C112+D112 -> 0 | F112: 0 | G112: =E112-F112-H112 -> 0 | H112: 0 | I112: 35 | J112: =+I112*H112 -> 0 | K112: - | L112: 0 | M112: =SUM(J112-L112) -> 0
A113: 109 | B113: เค้กสามเหลี่ยม รสส้ม | C113: =+'4'!G113 -> 0 | D113: 0 | E113: =C113+D113 -> 0 | F113: 0 | G113: =E113-F113-H113 -> 0 | H113: 0 | I113: 35 | J113: =+I113*H113 -> 0 | K113: - | L113: 0 | M113: =SUM(J113-L113) -> 0
A114: 110 | B114: เค้กสามเหลี่ยม รสช็อกโกโอริโอ้ | C114: =+'4'!G114 -> 0 | D114: 0 | E114: =C114+D114 -> 0 | F114: 0 | G114: =E114-F114-H114 -> 0 | H114: 0 | I114: 35 | J114: =+I114*H114 -> 0 | K114: - | L114: 0 | M114: =SUM(J114-L114) -> 0
A115: 111 | B115: สตอเบอร์รี่ครีมเค้ก | C115: =+'4'!G115 -> 0 | D115: 0 | E115: =C115+D115 -> 0 | F115: 0 | G115: =E115-F115-H115 -> 0 | H115: 0 | I115: 50 | J115: =+I115*H115 -> 0 | K115: - | L115: 0 | M115: =SUM(J115-L115) -> 0
A116: 112 | B116: บลูเบอร์รี่ครีมเค้ก | C116: =+'4'!G116 -> 0 | D116: 0 | E116: =C116+D116 -> 0 | F116: 0 | G116: =E116-F116-H116 -> 0 | H116: 0 | I116: 50 | J116: =+I116*H116 -> 0 | K116: - | L116: 0 | M116: =SUM(J116-L116) -> 0
A117: 113 | B117: เค้กส้ม | C117: =+'4'!G117 -> 0 | D117: 0 | E117: =C117+D117 -> 0 | F117: 0 | G117: =E117-F117-H117 -> 0 | H117: 0 | I117: 50 | J117: =+I117*H117 -> 0 | K117: - | L117: 0 | M117: =SUM(J117-L117) -> 0
A118: 114 | B118: วนิลาครีมเค้ก | C118: =+'4'!G118 -> 0 | D118: 0 | E118: =C118+D118 -> 0 | F118: 0 | G118: =E118-F118-H118 -> 0 | H118: 0 | I118: 50 | J118: =+I118*H118 -> 0 | K118: - | L118: 0 | M118: =SUM(J118-L118) -> 0
A119: 115 | B119: ใบเตยครีมเค้ก | C119: =+'4'!G119 -> 0 | D119: 0 | E119: =C119+D119 -> 0 | F119: 0 | G119: =E119-F119-H119 -> 0 | H119: 0 | I119: 50 | J119: =+I119*H119 -> 0 | K119: - | L119: 0 | M119: =SUM(J119-L119) -> 0
... A188: 184 | B188: น้ำผลไม้ | C188: =+'4'!G188 -> 0 | D188: 0 | E188: =C188+D188 -> 0 | F188: 0 | G188: =E188-F188-H188 -> 0 | H188: 0 | I188: 10 | J188: =+I188*H188 -> 0 | K188: - | L188: 0 | M188: =SUM(J188-L188) -> 0
A189: 185 | B189: เครื่องดื่ม | C189: =+'4'!G189 -> 0 | D189: 0 | E189: =C189+D189 -> 0 | F189: 0 | G189: =E189-F189-H189 -> 0 | H189: 0 | K189: - | L189: 0 | M189: =SUM(J189-L189) -> 0
A190: 186 | B190: เปี๊ยะสติ๊กไก่หยอง | C190: =+'4'!G190 -> 0 | D190: 0 | E190: =C190+D190 -> 0 | F190: 0 | G190: =E190-F190-H190 -> 0 | H190: 0 | I190: 55 | J190: =+I190*H190 -> 0 | K190: - | L190: 0 | M190: =SUM(J190-L190) -> 0
A191: 187 | B191: มินิบันไส้กรอกชีส | C191: =+'4'!G191 -> 0 | D191: 0 | E191: =C191+D191 -> 0 | F191: 0 | G191: =E191-F191-H191 -> 0 | H191: 0 | I191: 45 | J191: =+I191*H191 -> 0 | K191: - | L191: 0 | M191: =SUM(J191-L191) -> 0
A192: 188 | B192: ขนมปังแถว | C192: =+'4'!G192 -> 0 | D192: 0 | E192: =C192+D192 -> 0 | F192: 0 | G192: =E192-F192-H192 -> 0 | H192: 0 | I192: 50 | J192: =+I192*H192 -> 0 | K192: - | L192: 0 | M192: =SUM(J192-L192) -> 0
A193: 189 | B193: ป้าย HBD | C193: =+'4'!G193 -> 0 | D193: 0 | E193: =C193+D193 -> 0 | F193: 0 | G193: =E193-F193-H193 -> 0 | H193: 0 | I193: 30 | J193: =+I193*H193 -> 0 | K193: - | L193: 0 | M193: =SUM(J193-L193) -> 0
A194: 190 | B194: เปี๊ยะลาวาไข่เค็ม 1 ชิ้น | C194: =+'4'!G194 -> 0 | D194: 0 | E194: =C194+D194 -> 0 | F194: 0 | G194: =E194-F194-H194 -> 0 | H194: 0 | I194: 25 | J194: =+I194*H194 -> 0 | K194: - | L194: 0 | M194: =SUM(J194-L194) -> 0
A195: 191 | B195: เจ้หมวย | C195: =+'4'!G195 -> 0 | D195: 0 | E195: =C195+D195 -> 0 | F195: 0 | G195: =E195-F195-H195 -> 0 | H195: 0 | I195: 0 | J195: =+I195*H195 -> 0 | K195: - | L195: 0 | M195: =SUM(J195-L195) -> 0
A196: 192 | B196: จัดชุดเบรก | C196: =+'4'!G196 -> 0 | D196: 0 | E196: =C196+D196 -> 0 | F196: 0 | G196: =E196-F196-H196 -> 0 | H196: 0 | I196: 35 | J196: =+I196*H196 -> 0 | K196: - | L196: 0 | M196: =SUM(J196-L196) -> 0
A197: 193 | B197: วุ้นแฟนซีวันแม่ | C197: =+'4'!G197 -> 0 | D197: 0 | E197: =C197+D197 -> 0 | F197: 0 | G197: =E197-F197-H197 -> 0 | H197: 0 | I197: 65 | J197: =+I197*H197 -> 0 | K197: - | L197: 0 | M197: =SUM(J197-L197) -> 0
A198: 194 | B198: กล่องจัดเบรก | C198: =+'4'!G198 -> 371 | D198: 0 | E198: =C198+D198 -> 371 | F198: 0 | G198: =E198-F198-H198 -> 371 | H198: 0 | I198: 25 | J198: =+I198*H198 -> 0 | K198: - | L198: 0 | M198: =SUM(J198-L198) -> 0
A199: 195 | B199: น้ำผลไม้ | C199: =+'4'!G199 -> 242 | D199: 0 | E199: =C199+D199 -> 242 | F199: 0 | G199: =E199-F199-H199 -> 242 | H199: 0 | I199: 0 | J199: =+I199*H199 -> 0 | K199: - | L199: 0 | M199: =SUM(J199-L199) -> 0
A200: 196 | B200: ลูกค้านัดรับ | C200: =+'4'!G200 -> 0 | D200: 0 | E200: =C200+D200 -> 0 | F200: 0 | G200: =E200-F200-H200 -> 0 | H200: 0 | I200: 0 | J200: =+I200*H200 -> 0 | K200: - | L200: 0 | M200: =SUM(J200-L200) -> 0
A201: 197 | B201: ปังเลเยอร์ | C201: =+'4'!G201 -> 0 | D201: 0 | E201: =C201+D201 -> 0 | F201: 0 | G201: =E201-F201-H201 -> 0 | H201: 0 | I201: 65 | J201: =+I201*H201 -> 0 | K201: - | L201: 0 | M201: =SUM(J201-L201) -> 0
... A225: 221 | B225: เค้กแยมโรลวรรณวนัช | C225: =+'4'!G225 -> 0 | D225: 0 | E225: =C225+D225 -> 0 | F225: 0 | G225: =E225-F225-H225 -> 0 | H225: 0 | I225: 40 | J225: =+I225*H225 -> 0 | K225: - | L225: 0 | M225: =SUM(J225-L225) -> 0
A226: 222 | C226: =+'4'!G226 -> 0 | D226: 0 | E226: =C226+D226 -> 0 | F226: 0 | G226: =E226-F226-H226 -> 0 | H226: 0 | I226: 40 | J226: =+I226*H226 -> 0 | K226: - | L226: 0 | M226: =SUM(J226-L226) -> 0
A227: 223 | C227: =+'4'!G227 -> 0 | D227: 0 | E227: =C227+D227 -> 0 | F227: 0 | G227: =E227-F227-H227 -> 0 | H227: 0 | I227: 40 | J227: =+I227*H227 -> 0 | K227: - | L227: 0 | M227: =SUM(J227-L227) -> 0
A228: 224 | C228: =+'4'!G228 -> 0 | D228: 0 | E228: =C228+D228 -> 0 | F228: 0 | G228: =E228-F228-H228 -> 0 | H228: 0 | I228: 40 | J228: =+I228*H228 -> 0 | K228: - | L228: 0 | M228: =SUM(J228-L228) -> 0
A229: 225 | C229: =+'4'!G229 -> 0 | D229: 0 | E229: =C229+D229 -> 0 | F229: 0 | G229: =E229-F229-H229 -> 0 | H229: 0 | I229: 40 | J229: =+I229*H229 -> 0 | K229: - | L229: 0 | M229: =SUM(J229-L229) -> 0
L230: 0 | M230: ส่วนลดสินค้า SALE
H231: ยอดขายสินค้า SALE | J231: =+X110 -> 0
I232: รวมทั้งหมด | K232: =SUM(J5:J231) -> 3750
I233: หัก ค่าโอนเงิน | K233: 0
I234: หัก โอนหน้าร้าน | K234: =SUM(L234:BO234) -> 2527 | L234: 495 | M234: 250 | N234: 840 | O234: 415 | P234: 130 | Q234: 100 | R234: 237 | S234: 60
I235: สแกนใช้สิทธิ์ | K235: 0
I236: หัก ค่าใช้จ่ายอื่นๆ | K236: 0
I237: หัก ส่วนลด | K237: =SUM(L5:L230) -> 463 | M237: Rookie | N237: Grab | O237: Line Man
I238: ต้องคงเหลือทั้งหมด | K238: =K232-K233-K234-K236-K237 -> 760 | N238: 120
I239: ยอดที่รับจริง | K239: 760
I240: ขาด | K240: =+K239-K238 -> 0
I241: เกิน | K241: =+K239-K238 -> 0
J243: ยอดขายหักส่วนลด | K243: =+K232-K237+K240 -> 3287
J244: ยอดเงินสด | K244: =+K234 -> 2527 | M244: =SUM(M238:M243) -> 0 | N244: =SUM(N238:N243) -> 120 | O244: =SUM(O238:O243) -> 0
J245: ยอดโอน | K245: =+K239 -> 760 | M245: หัก 30% | N245: =N244*30/100 -> 36 | O245: =O244*30/100 -> 0
M246: หัก 7% | N246: =N245*7/100 -> 2.52 | O246: =O245*7/100 -> 0
M247: รวม | N247: =N244-N245-N246 -> 81.48 | O247: =O244-O245-O246 -> 0

Sheet 6
A2: บูธ หน้ามอ วันที่ 1-30/6/2567 | O2: สินค้า SALE
A3: ลำดับ | B3: รายการ | C3: ยกมา | D3: รับ | E3: รวม | F3: เปลี่ยน/ | G3: คงเหลือ | H3: รายการขาย | K3: หมายเหตุ | L3: ส่วนลด | O3: ลำดับ | P3: รายการ | Q3: ยกมา | R3: รับ | S3: รวม | T3: เปลี่ยน/ | U3: คงเหลือ | V3: รายการขาย | Y3: หมายเหตุ | Z3: ส่วนลด
F4: คืน/เสีย | H4: จำนวน | I4: @ | J4: เป็นเงิน | T4: คืน/เสีย | V4: จำนวน | W4: @ | X4: เป็นเงิน
A5: 1 | B5: ชิฟฟ่อน (ล) | C5: =+'5'!G5 -> 20 | D5: 10 | E5: =C5+D5 -> 30 | F5: 0 | G5: =E5-F5-H5 -> 26 | H5: 4 | I5: 50 | J5: =+I5*H5 -> 200 | K5: - | L5: 0 | M5: =SUM(J5-L5) -> 200 | O5: 1 | P5: ขนมปังไส้ฝอยทอง | Q5: 0 | R5: 0 | S5: =Q5+R5 -> 0 | T5: 0 | U5: =S5-T5-V5 -> 0 | V5: 0 | W5: 30 | X5: 0 | Y5: - | Z5: 0
A6: 2 | B6: ชิฟฟ่อน (ญ) | C6: =+'5'!G6 -> 83 | D6: 20 | E6: =C6+D6 -> 103 | F6: 20 | G6: =E6-F6-H6 -> 69 | H6: 14 | I6: 100 | J6: =+I6*H6 -> 1400 | K6: ลด50%=8 / 20%=1 | L6: 420 | M6: =SUM(J6-L6) -> 980 | O6: 2 | P6: ขนมปังไส้แยมสตอเบอรรี่ | Q6: 0 | R6: 0 | S6: =Q6+R6 -> 0 | T6: 0 | U6: =S6-T6-V6 -> 0 | V6: 0 | W6: 30 | X6: 0 | Y6: - | Z6: 0
A7: 3 | B7: ชิฟฟ่อน (ล) กาแฟ | C7: =+'5'!G7 -> 0 | D7: 0 | E7: =C7+D7 -> 0 | F7: 0 | G7: =E7-F7-H7 -> 0 | H7: 0 | I7: 50 | J7: =+I7*H7 -> 0 | K7: - | L7: 0 | M7: =SUM(J7-L7) -> 0 | O7: 3 | P7: ขนมปังไส้แยมบลูเบอรี่ | Q7: 0 | R7: 0 | S7: =Q7+R7 -> 0 | T7: 0 | U7: =S7-T7-V7 -> 0 | V7: 0 | W7: 30 | X7: 0 | Y7: - | Z7: 0
A8: 4 | B8: ชิฟฟ่อน (ญ) กาแฟ | C8: =+'5'!G8 -> 0 | D8: 0 | E8: =C8+D8 -> 0 | F8: 0 | G8: =E8-F8-H8 -> 0 | H8: 0 | I8: 100 | J8: =+I8*H8 -> 0 | K8: - | L8: 0 | M8: =SUM(J8-L8) -> 0 | O8: 4 | P8: ขนมปังไส้ลูกเกด | Q8: 0 | R8: 0 | S8: =Q8+R8 -> 0 | T8: 0 | U8: =S8-T8-V8 -> 0 | V8: 0 | W8: 30 | X8: 0 | Y8: - | Z8: 0
A9: 5 | B9: ชิฟฟ่อนเค้ก 1 ชิ้น | C9: =+'5'!G9 -> 0 | D9: 0 | E9: =C9+D9 -> 0 | F9: 0 | G9: =E9-F9-H9 -> 0 | H9: 0 | I9: 12 | J9: =+I9*H9 -> 0 | K9: - | L9: 0 | M9: =SUM(J9-L9) -> 0 | O9: 5 | Q9: =+'[2]วันที่ 22'!U9 -> 0 | R9: 0 | S9: =Q9+R9 -> 0 | T9: 0 | U9: =S9-T9-V9 -> 0 | V9: 0 | X9: 0 | Y9: - | Z9: 0
A10: 6 | B10: ชิฟฟ่อนเค้กสอดไส้แยม 1 ชิ้น | C10: =+'5'!G10 -> 0 | D10: 0 | E10: =C10+D10 -> 0 | F10: 0 | G10: =E10-F10-H10 -> 0 | H10: 0 | I10: 15 | J10: =+I10*H10 -> 0 | K10: - | L10: 0 | M10: =SUM(J10-L10) -> 0 | O10: 6 | Q10: =+'[2]วันที่ 22'!U10 -> 0 | R10: 0 | S10: =Q10+R10 -> 0 | T10: 0 | U10: =S10-T10-V10 -> 0 | V10: 0 | X10: 0 | Y10: - | Z10: 0
A11: 7 | B11: ชิฟฟ่อน สอดไส้ (ล) 2 ชิ้น ครีมมะพร้าว | C11: =+'5'!G11 -> 0 | D11: 0 | E11: =C11+D11 -> 0 | F11: 0 | G11: =E11-F11-H11 -> 0 | H11: 0 | I11: 50 | J11: =+I11*H11 -> 0 | K11: - | L11: 0 | M11: =SUM(J11-L11) -> 0 | O11: 7 | Q11: =+'[2]วันที่ 22'!U11 -> 0 | R11: 0 | S11: =Q11+R11 -> 0 | T11: 0 | U11: =S11-T11-V11 -> 0 | V11: 0 | X11: 0 | Y11: - | Z11: 0
A12: 8 | B12: ชิฟฟ่อน สอดไส้ (ล) 3 ชิ้น รวมรส | C12: =+'5'!G12 -> 3 | D12: 0 | E12: =C12+D12 -> 3 | F12: 0 | G12: =E12-F12-H12 -> 0 | H12: 3 | I12: 50 | J12: =+I12*H12 -> 150 | K12: ลด20%=1 | L12: 10 | M12: =SUM(J12-L12) -> 140 | O12: 8 | Q12: =+'[2]วันที่ 22'!U12 -> 0 | R12: 0 | S12: =Q12+R12 -> 0 | T12: 0 | U12: =S12-T12-V12 -> 0 | V12: 0 | X12: 0 | Y12: - | Z12: 0
A13: 9 | B13: ชิฟฟ่อน สอดไส้ (ล) 3 ชิ้น กาแฟ | C13: =+'5'!G13 -> 0 | D13: 0 | E13: =C13+D13 -> 0 | F13: 0 | G13: =E13-F13-H13 -> 0 | H13: 0 | I13: 50 | J13: =+I13*H13 -> 0 | K13: - | L13: 0 | M13: =SUM(J13-L13) -> 0 | O13: 9 | Q13: =+'[2]วันที่ 22'!U13 -> 0 | R13: 0 | S13: =Q13+R13 -> 0 | T13: 0 | U13: =S13-T13-V13 -> 0 | V13: 0 | X13: 0 | Y13: - | Z13: 0
A14: 10 | B14: ชิฟฟ่อน สอดไส้ (ล) 4 ชิ้น ครีมมะพร้าว | C14: =+'5'!G14 -> 0 | D14: 3 | E14: =C14+D14 -> 3 | F14: 0 | G14: =E14-F14-H14 -> 3 | H14: 0 | I14: 65 | J14: =+I14*H14 -> 0 | K14: - | L14: 0 | M14: =SUM(J14-L14) -> 0 | O14: 10 | Q14: =+'[2]วันที่ 22'!U14 -> 0 | R14: 0 | S14: =Q14+R14 -> 0 | T14: 0 | U14: =S14-T14-V14 -> 0 | V14: 0 | X14: 0 | Y14: - | Z14: 0
A15: 11 | B15: ชิฟฟ่อน สอดไส้ (ล) 3 ชิ้น แยมส้ม | C15: =+'5'!G15 -> 0 | D15: 0 | E15: =C15+D15 -> 0 | F15: 0 | G15: =E15-F15-H15 -> 0 | H15: 0 | I15: 50 | J15: =+I15*H15 -> 0 | K15: - | L15: 0 | M15: =SUM(J15-L15) -> 0 | O15: 11 | Q15: =+'[2]วันที่ 22'!U15 -> 0 | R15: 0 | S15: =Q15+R15 -> 0 | T15: 0 | U15: =S15-T15-V15 -> 0 | V15: 0 | X15: 0 | Y15: - | Z15: 0
A16: 12 | B16: ชิฟฟ่อน สอดไส้ (ล) 3 ชิ้น บลูเบอรี่ | C16: =+'5'!G16 -> 0 | D16: 0 | E16: =C16+D16 -> 0 | F16: 0 | G16: =E16-F16-H16 -> 0 | H16: 0 | I16: 50 | J16: =+I16*H16 -> 0 | K16: - | L16: 0 | M16: =SUM(J16-L16) -> 0 | O16: 12 | Q16: =+'[2]วันที่ 22'!U16 -> 0 | R16: 0 | S16: =Q16+R16 -> 0 | T16: 0 | U16: =S16-T16-V16 -> 0 | V16: 0 | X16: 0 | Y16: - | Z16: 0
A17: 13 | B17: ชิฟฟ่อน สอดไส้ (ล) 3 ชิ้น ฝอยทอง | C17: =+'5'!G17 -> 0 | D17: 0 | E17: =C17+D17 -> 0 | F17: 0 | G17: =E17-F17-H17 -> 0 | H17: 0 | I17: 50 | J17: =+I17*H17 -> 0 | K17: - | L17: 0 | M17: =SUM(J17-L17) -> 0 | O17: 13 | Q17: =+'[2]วันที่ 22'!U17 -> 0 | R17: 0 | S17: =Q17+R17 -> 0 | T17: 0 | U17: =S17-T17-V17 -> 0 | V17: 0 | X17: 0 | Y17: - | Z17: 0
A18: 14 | B18: ชิฟฟ่อน สอดไส้ (ล) 3 ชิ้น แยมสตรอเบอรี่ | C18: =+'5'!G18 -> 0 | D18: 0 | E18: =C18+D18 -> 0 | F18: 0 | G18: =E18-F18-H18 -> 0 | H18: 0 | I18: 50 | J18: =+I18*H18 -> 0 | K18: - | L18: 0 | M18: =SUM(J18-L18) -> 0 | O18: 14 | Q18: =+'[2]วันที่ 22'!U18 -> 0 | R18: 0 | S18: =Q18+R18 -> 0 | T18: 0 | U18: =S18-T18-V18 -> 0 | V18: 0 | X18: 0 | Y18: - | Z18: 0
A19: 15 | B19: ชิฟฟ่อน สอดไส้ (ล) 3 ชิ้น เนยมพะร้าว | C19: =+'5'!G19 -> 0 | D19: 0 | E19: =C19+D19 -> 0 | F19: 0 | G19: =E19-F19-H19 -> 0 | H19: 0 | I19: 50 | J19: =+I19*H19 -> 0 | K19: - | L19: 0 | M19: =SUM(J19-L19) -> 0 | O19: 15 | Q19: =+'[2]วันที่ 22'!U19 -> 0 | R19: 0 | S19: =Q19+R19 -> 0 | T19: 0 | U19: =S19-T19-V19 -> 0 | V19: 0 | X19: 0 | Y19: - | Z19: 0
A20: 16 | B20: ชิฟฟ่อน สอดไส้ (ล) 3 ชิ้น นมชมพู | C20: =+'5'!G20 -> 0 | D20: 0 | E20: =C20+D20 -> 0 | F20: 0 | G20: =E20-F20-H20 -> 0 | H20: 0 | I20: 50 | J20: =+I20*H20 -> 0 | K20: - | L20: 0 | M20: =SUM(J20-L20) -> 0 | O20: 16 | Q20: =+'[2]วันที่ 22'!U20 -> 0 | R20: 0 | S20: =Q20+R20 -> 0 | T20: 0 | U20: =S20-T20-V20 -> 0 | V20: 0 | X20: 0 | Y20: - | Z20: 0
... A103: 99 | B103: ไดฟุกุ 8 ชิ้น | C103: =+'5'!G103 -> 0 | D103: 0 | E103: =C103+D103 -> 0 | F103: 0 | G103: =E103-F103-H103 -> 0 | H103: 0 | I103: 100 | J103: =+I103*H103 -> 0 | K103: - | L103: 0 | M103: =SUM(J103-L103) -> 0 | O103: 99 | Q103: =+'[2]วันที่ 22'!U103 -> 0 | R103: 0 | S103: =Q103+R103 -> 0 | T103: 0 | U103: =S103-T103-V103 -> 0 | V103: 0 | X103: 0 | Y103: - | Z103: 0
A104: 100 | B104: หมูทุบ | C104: =+'5'!G104 -> 0 | D104: 0 | E104: =C104+D104 -> 0 | F104: 0 | G104: =E104-F104-H104 -> 0 | H104: 0 | I104: 100 | J104: =+I104*H104 -> 0 | K104: - | L104: 0 | M104: =SUM(J104-L104) -> 0 | O104: 100 | Q104: =+'[2]วันที่ 22'!U104 -> 0 | R104: 0 | S104: =Q104+R104 -> 0 | T104: 0 | U104: =S104-T104-V104 -> 0 | V104: 0 | X104: 0 | Z104: 0
A105: 101 | B105: ดอกจอก | C105: =+'5'!G105 -> 0 | D105: 0 | E105: =C105+D105 -> 0 | F105: 0 | G105: =E105-F105-H105 -> 0 | H105: 0 | I105: 30 | J105: =+I105*H105 -> 0 | K105: - | L105: 0 | M105: =SUM(J105-L105) -> 0 | Z105: =SUM(Z5:Z104) -> 0
A106: 102 | B106: เทียน | C106: =+'5'!G106 -> 10 | D106: 0 | E106: =C106+D106 -> 10 | F106: 0 | G106: =E106-F106-H106 -> 9 | H106: 1 | I106: 20 | J106: =+I106*H106 -> 20 | K106: - | L106: 0 | M106: =SUM(J106-L106) -> 20
A107: 103 | B107: ขนมอาลัวแฟนซี | C107: =+'5'!G107 -> 2 | D107: 0 | E107: =C107+D107 -> 2 | F107: 0 | G107: =E107-F107-H107 -> 2 | H107: 0 | I107: 100 | J107: =+I107*H107 -> 0 | K107: - | L107: 0 | M107: =SUM(J107-L107) -> 0 | P107: รวม | X107: =SUM(X5:X104) -> 0
A108: 104 | B108: ชูนัทคุกกี้ | C108: =+'5'!G108 -> 0 | D108: 0 | E108: =C108+D108 -> 0 | F108: 0 | G108: =E108-F108-H108 -> 0 | H108: 0 | I108: 80 | J108: =+I108*H108 -> 0 | K108: - | L108: 0 | M108: =SUM(J108-L108) -> 0
A109: 105 | B109: วุ้นแฟนซี | C109: =+'5'!G109 -> 0 | D109: 0 | E109: =C109+D109 -> 0 | F109: 0 | G109: =E109-F109-H109 -> 0 | H109: 0 | I109: 50 | J109: =+I109*H109 -> 0 | K109: - | L109: 0 | M109: =SUM(J109-L109) -> 0
A110: 106 | B110: เค้กสามเหลี่ยม มะพร้าว | C110: =+'5'!G110 -> 0 | D110: 0 | E110: =C110+D110 -> 0 | F110: 0 | G110: =E110-F110-H110 -> 0 | H110: 0 | I110: 35 | J110: =+I110*H110 -> 0 | K110: - | L110: 0 | M110: =SUM(J110-L110) -> 0
A111: 107 | B111: เค้กสามเหลี่ยม สตอเบอรี่ | C111: =+'5'!G111 -> 0 | D111: 0 | E111: =C111+D111 -> 0 | F111: 0 | G111: =E111-F111-H111 -> 0 | H111: 0 | I111: 35 | J111: =+I111*H111 -> 0 | K111: - | L111: 0 | M111: =SUM(J111-L111) -> 0
A112: 108 | B112: เค้กสามเหลี่ยม บลูเบอรี่ | C112: =+'5'!G112 -> 0 | D112: 0 | E112: =C112+D112 -> 0 | F112: 0 | G112: =E112-F112-H112 -> 0 | H112: 0 | I112: 35 | J112: =+I112*H112 -> 0 | K112: - | L112: 0 | M112: =SUM(J112-L112) -> 0
A113: 109 | B113: เค้กสามเหลี่ยม รสส้ม | C113: =+'5'!G113 -> 0 | D113: 0 | E113: =C113+D113 -> 0 | F113: 0 | G113: =E113-F113-H113 -> 0 | H113: 0 | I113: 35 | J113: =+I113*H113 -> 0 | K113: - | L113: 0 | M113: =SUM(J113-L113) -> 0
A114: 110 | B114: เค้กสามเหลี่ยม รสช็อกโกโอริโอ้ | C114: =+'5'!G114 -> 0 | D114: 0 | E114: =C114+D114 -> 0 | F114: 0 | G114: =E114-F114-H114 -> 0 | H114: 0 | I114: 35 | J114: =+I114*H114 -> 0 | K114: - | L114: 0 | M114: =SUM(J114-L114) -> 0
A115: 111 | B115: สตอเบอร์รี่ครีมเค้ก | C115: =+'5'!G115 -> 0 | D115: 0 | E115: =C115+D115 -> 0 | F115: 0 | G115: =E115-F115-H115 -> 0 | H115: 0 | I115: 50 | J115: =+I115*H115 -> 0 | K115: - | L115: 0 | M115: =SUM(J115-L115) -> 0
A116: 112 | B116: บลูเบอร์รี่ครีมเค้ก | C116: =+'5'!G116 -> 0 | D116: 0 | E116: =C116+D116 -> 0 | F116: 0 | G116: =E116-F116-H116 -> 0 | H116: 0 | I116: 50 | J116: =+I116*H116 -> 0 | K116: - | L116: 0 | M116: =SUM(J116-L116) -> 0
A117: 113 | B117: เค้กส้ม | C117: =+'5'!G117 -> 0 | D117: 0 | E117: =C117+D117 -> 0 | F117: 0 | G117: =E117-F117-H117 -> 0 | H117: 0 | I117: 50 | J117: =+I117*H117 -> 0 | K117: - | L117: 0 | M117: =SUM(J117-L117) -> 0
A118: 114 | B118: วนิลาครีมเค้ก | C118: =+'5'!G118 -> 0 | D118: 0 | E118: =C118+D118 -> 0 | F118: 0 | G118: =E118-F118-H118 -> 0 | H118: 0 | I118: 50 | J118: =+I118*H118 -> 0 | K118: - | L118: 0 | M118: =SUM(J118-L118) -> 0
A119: 115 | B119: ใบเตยครีมเค้ก | C119: =+'5'!G119 -> 0 | D119: 0 | E119: =C119+D119 -> 0 | F119: 0 | G119: =E119-F119-H119 -> 0 | H119: 0 | I119: 50 | J119: =+I119*H119 -> 0 | K119: - | L119: 0 | M119: =SUM(J119-L119) -> 0
... A188: 184 | B188: น้ำผลไม้ | C188: =+'5'!G188 -> 0 | D188: 0 | E188: =C188+D188 -> 0 | F188: 0 | G188: =E188-F188-H188 -> 0 | H188: 0 | I188: 10 | J188: =+I188*H188 -> 0 | K188: - | L188: 0 | M188: =SUM(J188-L188) -> 0
A189: 185 | B189: เครื่องดื่ม | C189: =+'5'!G189 -> 0 | D189: 0 | E189: =C189+D189 -> 0 | F189: 0 | G189: =E189-F189-H189 -> 0 | H189: 0 | J189: 30 | K189: - | L189: 0 | M189: =SUM(J189-L189) -> 30
A190: 186 | B190: เปี๊ยะสติ๊กไก่หยอง | C190: =+'5'!G190 -> 0 | D190: 0 | E190: =C190+D190 -> 0 | F190: 0 | G190: =E190-F190-H190 -> 0 | H190: 0 | I190: 55 | J190: =+I190*H190 -> 0 | K190: - | L190: 0 | M190: =SUM(J190-L190) -> 0
A191: 187 | B191: มินิบันไส้กรอกชีส | C191: =+'5'!G191 -> 0 | D191: 0 | E191: =C191+D191 -> 0 | F191: 0 | G191: =E191-F191-H191 -> 0 | H191: 0 | I191: 45 | J191: =+I191*H191 -> 0 | K191: - | L191: 0 | M191: =SUM(J191-L191) -> 0
A192: 188 | B192: ขนมปังแถว | C192: =+'5'!G192 -> 0 | D192: 0 | E192: =C192+D192 -> 0 | F192: 0 | G192: =E192-F192-H192 -> 0 | H192: 0 | I192: 50 | J192: =+I192*H192 -> 0 | K192: - | L192: 0 | M192: =SUM(J192-L192) -> 0
A193: 189 | B193: ป้าย HBD | C193: =+'5'!G193 -> 0 | D193: 0 | E193: =C193+D193 -> 0 | F193: 0 | G193: =E193-F193-H193 -> 0 | H193: 0 | I193: 30 | J193: =+I193*H193 -> 0 | K193: - | L193: 0 | M193: =SUM(J193-L193) -> 0
A194: 190 | B194: เปี๊ยะลาวาไข่เค็ม 1 ชิ้น | C194: =+'5'!G194 -> 0 | D194: 0 | E194: =C194+D194 -> 0 | F194: 0 | G194: =E194-F194-H194 -> 0 | H194: 0 | I194: 25 | J194: =+I194*H194 -> 0 | K194: - | L194: 0 | M194: =SUM(J194-L194) -> 0
A195: 191 | B195: เจ้หมวย | C195: =+'5'!G195 -> 0 | D195: 0 | E195: =C195+D195 -> 0 | F195: 0 | G195: =E195-F195-H195 -> 0 | H195: 0 | I195: 0 | J195: =+I195*H195 -> 0 | K195: - | L195: 0 | M195: =SUM(J195-L195) -> 0
A196: 192 | B196: จัดชุดเบรก | C196: =+'5'!G196 -> 0 | D196: 0 | E196: =C196+D196 -> 0 | F196: 0 | G196: =E196-F196-H196 -> 0 | H196: 0 | I196: 35 | J196: =+I196*H196 -> 0 | K196: - | L196: 0 | M196: =SUM(J196-L196) -> 0
A197: 193 | B197: วุ้นแฟนซีวันแม่ | C197: =+'5'!G197 -> 0 | D197: 0 | E197: =C197+D197 -> 0 | F197: 0 | G197: =E197-F197-H197 -> 0 | H197: 0 | I197: 65 | J197: =+I197*H197 -> 0 | K197: - | L197: 0 | M197: =SUM(J197-L197) -> 0
A198: 194 | B198: กล่องจัดเบรก | C198: =+'5'!G198 -> 371 | D198: 0 | E198: =C198+D198 -> 371 | F198: 0 | G198: =E198-F198-H198 -> 371 | H198: 0 | I198: 25 | J198: =+I198*H198 -> 0 | K198: - | L198: 0 | M198: =SUM(J198-L198) -> 0
A199: 195 | B199: น้ำผลไม้ | C199: =+'5'!G199 -> 242 | D199: 0 | E199: =C199+D199 -> 242 | F199: 0 | G199: =E199-F199-H199 -> 242 | H199: 0 | I199: 0 | J199: =+I199*H199 -> 0 | K199: - | L199: 0 | M199: =SUM(J199-L199) -> 0
A200: 196 | B200: ลูกค้านัดรับ | C200: =+'5'!G200 -> 0 | D200: 0 | E200: =C200+D200 -> 0 | F200: 0 | G200: =E200-F200-H200 -> 0 | H200: 0 | I200: 0 | J200: =+I200*H200 -> 0 | K200: - | L200: 0 | M200: =SUM(J200-L200) -> 0
A201: 197 | B201: ปังเลเยอร์ | C201: =+'5'!G201 -> 0 | D201: 0 | E201: =C201+D201 -> 0 | F201: 0 | G201: =E201-F201-H201 -> 0 | H201: 0 | I201: 65 | J201: =+I201*H201 -> 0 | K201: - | L201: 0 | M201: =SUM(J201-L201) -> 0
... A225: 221 | B225: เค้กแยมโรลวรรณวนัช | C225: =+'5'!G225 -> 0 | D225: 0 | E225: =C225+D225 -> 0 | F225: 0 | G225: =E225-F225-H225 -> 0 | H225: 0 | I225: 40 | J225: =+I225*H225 -> 0 | K225: - | L225: 0 | M225: =SUM(J225-L225) -> 0
A226: 222 | C226: =+'5'!G226 -> 0 | D226: 0 | E226: =C226+D226 -> 0 | F226: 0 | G226: =E226-F226-H226 -> 0 | H226: 0 | J226: =+I226*H226 -> 0 | K226: - | L226: 0 | M226: =SUM(J226-L226) -> 0
A227: 223 | C227: =+'5'!G227 -> 0 | D227: 0 | E227: =C227+D227 -> 0 | F227: 0 | G227: =E227-F227-H227 -> 0 | H227: 0 | J227: =+I227*H227 -> 0 | K227: - | L227: 0 | M227: =SUM(J227-L227) -> 0
A228: 224 | C228: =+'5'!G228 -> 0 | D228: 0 | E228: =C228+D228 -> 0 | F228: 0 | G228: =E228-F228-H228 -> 0 | H228: 0 | J228: =+I228*H228 -> 0 | K228: - | L228: 0 | M228: =SUM(J228-L228) -> 0
A229: 225 | C229: =+'5'!G229 -> 0 | D229: 0 | E229: =C229+D229 -> 0 | F229: 0 | G229: =E229-F229-H229 -> 0 | H229: 0 | J229: =+I229*H229 -> 0 | K229: - | L229: 0 | M229: =SUM(J229-L229) -> 0
L230: 0 | M230: ส่วนลดสินค้า SALE
H231: ยอดขายสินค้า SALE | J231: =+X110 -> 0
I232: รวมทั้งหมด | K232: =SUM(J5:J231) -> 4505
I233: หัก ค่าโอนเงิน | K233: 0
I234: หัก โอนหน้าร้าน | K234: =SUM(L234:BO234) -> 2133 | L234: 178 | M234: 75 | N234: 50 | O234: 150 | P234: 200 | Q234: 180 | R234: 200 | S234: 195 | T234: 180 | U234: 100 | V234: 625
I235: สแกนใช้สิทธิ์ | K235: 0
I236: หัก ค่าใช้จ่ายอื่นๆ | K236: 270
I237: หัก ส่วนลด | K237: =SUM(L5:L230) -> 1012 | M237: Rookie | N237: Grab | O237: Line Man
I238: ต้องคงเหลือทั้งหมด | K238: =K232-K233-K234-K236-K237 -> 1090 | N238: 250
I239: ยอดที่รับจริง | K239: 1090
I240: ขาด | K240: =+K239-K238 -> 0
I241: เกิน | K241: =+K239-K238 -> 0
I243: ยอดขายหักส่วนลด | J243: =+K232-K237+K240 -> 3493
I244: ยอดเงินสด | J244: =SUM(K233:K236) -> 2403 | M244: =SUM(M238:M243) -> 0 | N244: =SUM(N238:N243) -> 250 | O244: =SUM(O238:O243) -> 0
I245: ยอดโอน | J245: =+K239 -> 1090 | M245: หัก 30% | N245: =N244*30/100 -> 75 | O245: =O244*30/100 -> 0
M246: หัก 7% | N246: =N245*7/100 -> 5.25 | O246: =O245*7/100 -> 0
M247: รวม | N247: =N244-N245-N246 -> 169.75 | O247: =O244-O245-O246 -> 0

Sheet 7
A2: บูธ หน้ามอ วันที่ 1-30/6/2567 | O2: สินค้า SALE
A3: ลำดับ | B3: รายการ | C3: ยกมา | D3: รับ | E3: รวม | F3: เปลี่ยน/ | G3: คงเหลือ | H3: รายการขาย | K3: หมายเหตุ | L3: ส่วนลด | O3: ลำดับ | P3: รายการ | Q3: ยกมา | R3: รับ | S3: รวม | T3: เปลี่ยน/ | U3: คงเหลือ | V3: รายการขาย | Y3: หมายเหตุ | Z3: ส่วนลด
F4: คืน/เสีย | H4: จำนวน | I4: @ | J4: เป็นเงิน | T4: คืน/เสีย | V4: จำนวน | W4: @ | X4: เป็นเงิน
A5: 1 | B5: ชิฟฟ่อน (ล) | C5: =+'6'!G5 -> 26 | D5: 10 | E5: =C5+D5 -> 36 | F5: 0 | G5: =E5-F5-H5 -> 33 | H5: 3 | I5: 50 | J5: =+I5*H5 -> 150 | K5: แถม2 | L5: 100 | M5: =SUM(J5-L5) -> 50 | O5: 1 | P5: ขนมปังไส้ฝอยทอง | Q5: 0 | R5: 0 | S5: =Q5+R5 -> 0 | T5: 0 | U5: =S5-T5-V5 -> 0 | V5: 0 | W5: 30 | X5: 0 | Y5: - | Z5: 0
A6: 2 | B6: ชิฟฟ่อน (ญ) | C6: =+'6'!G6 -> 69 | D6: 30 | E6: =C6+D6 -> 99 | F6: 0 | G6: =E6-F6-H6 -> 87 | H6: 12 | I6: 100 | J6: =+I6*H6 -> 1200 | K6: ลด50%=2 | L6: 100 | M6: =SUM(J6-L6) -> 1100 | O6: 2 | P6: ขนมปังไส้แยมสตอเบอรรี่ | Q6: 0 | R6: 0 | S6: =Q6+R6 -> 0 | T6: 0 | U6: =S6-T6-V6 -> 0 | V6: 0 | W6: 30 | X6: 0 | Y6: - | Z6: 0
A7: 3 | B7: ชิฟฟ่อน (ล) กาแฟ | C7: =+'6'!G7 -> 0 | D7: 0 | E7: =C7+D7 -> 0 | F7: 0 | G7: =E7-F7-H7 -> 0 | H7: 0 | I7: 50 | J7: =+I7*H7 -> 0 | K7: - | L7: 0 | M7: =SUM(J7-L7) -> 0 | O7: 3 | P7: ขนมปังไส้แยมบลูเบอรี่ | Q7: 0 | R7: 0 | S7: =Q7+R7 -> 0 | T7: 0 | U7: =S7-T7-V7 -> 0 | V7: 0 | W7: 30 | X7: 0 | Y7: - | Z7: 0
A8: 4 | B8: ชิฟฟ่อน (ญ) กาแฟ | C8: =+'6'!G8 -> 0 | D8: 0 | E8: =C8+D8 -> 0 | F8: 0 | G8: =E8-F8-H8 -> 0 | H8: 0 | I8: 100 | J8: =+I8*H8 -> 0 | K8: - | L8: 0 | M8: =SUM(J8-L8) -> 0 | O8: 4 | P8: ขนมปังไส้ลูกเกด | Q8: 0 | R8: 0 | S8: =Q8+R8 -> 0 | T8: 0 | U8: =S8-T8-V8 -> 0 | V8: 0 | W8: 30 | X8: 0 | Y8: - | Z8: 0
A9: 5 | B9: ชิฟฟ่อนเค้ก 1 ชิ้น | C9: =+'6'!G9 -> 0 | D9: 0 | E9: =C9+D9 -> 0 | F9: 0 | G9: =E9-F9-H9 -> 0 | H9: 0 | I9: 12 | J9: =+I9*H9 -> 0 | K9: - | L9: 0 | M9: =SUM(J9-L9) -> 0 | O9: 5 | Q9: =+'[2]วันที่ 22'!U9 -> 0 | R9: 0 | S9: =Q9+R9 -> 0 | T9: 0 | U9: =S9-T9-V9 -> 0 | V9: 0 | X9: 0 | Y9: - | Z9: 0
A10: 6 | B10: ชิฟฟ่อนเค้กสอดไส้แยม 1 ชิ้น | C10: =+'6'!G10 -> 0 | D10: 0 | E10: =C10+D10 -> 0 | F10: 0 | G10: =E10-F10-H10 -> 0 | H10: 0 | I10: 15 | J10: =+I10*H10 -> 0 | K10: - | L10: 0 | M10: =SUM(J10-L10) -> 0 | O10: 6 | Q10: =+'[2]วันที่ 22'!U10 -> 0 | R10: 0 | S10: =Q10+R10 -> 0 | T10: 0 | U10: =S10-T10-V10 -> 0 | V10: 0 | X10: 0 | Y10: - | Z10: 0
