Workbook

Sheet สรุป
A2: สรุป บูธ ร้านใหม่ลำ 3 วันที่ 1-30/6/2567
A3: ลำดับ | B3: รายการ | C3: ยกมา | D3: รับ | E3: รวม | F3: เปลี่ยน/ | G3: คงเหลือ | H3: รายการขาย | K3: หมายเหตุ | L3: วันที่ | M3: ยอดเงิน | N3: ส่วนลด | O3: สแกนใช้สิทธิ์ | P3: ค่าโอนเงิน | Q3: ค่าใช้จ่ายอื่นๆ | R3: โอนหน้าร้าน | S3: รับสุทธิ | T3: ยอดโอนเงิน | U3: โอนเกิน/โอนขาด
F4: คืน/เสีย | H4: จำนวน | I4: @ | J4: เป็นเงิน
A5: 1 | B5: ชิฟฟ่อน (ล) | C5: =+'1'!C5 -> 18 | D5: =+'1'!D5+'2'!D5+'3'!D5+'4'!D5+'5'!D5+'6'!D5+'7'!D5+'8'!D5+'9'!D5+'10'!D5+'11'!D5+'12'!D5+'13'!D5+'14'!D5+'15'!D5+'16'!D5+'17'!D5+'18'!D5+'19'!D5+'20'!D5+'21'!D5+'22'!D5+'23'!D5+'24'!D5+'25'!D5+'26'!D5+'27'!D5+'28'!D5+'29'!D5+'30'!D5+'31'!D5 -> 85 | E5: =+C5+D5 -> 103 | F5: =+'1'!F5+'2'!F5+'3'!F5+'4'!F5+'5'!F5+'6'!F5+'7'!F5+'8'!F5+'9'!F5+'10'!F5+'11'!F5+'12'!F5+'13'!F5+'14'!F5+'15'!F5+'16'!F5+'17'!F5+'18'!F5+'19'!F5+'20'!F5+'21'!F5+'22'!F5+'23'!F5+'24'!F5+'25'!F5+'26'!F5+'27'!F5+'28'!F5+'29'!F5+'30'!F5+'31'!F5 -> 5 | G5: =E5-F5-H5 -> 1 | H5: =+'1'!H5+'2'!H5+'3'!H5+'4'!H5+'5'!H5+'6'!H5+'7'!H5+'8'!H5+'9'!H5+'10'!H5+'11'!H5+'12'!H5+'13'!H5+'14'!H5+'15'!H5+'16'!H5+'17'!H5+'18'!H5+'19'!H5+'20'!H5+'21'!H5+'22'!H5+'23'!H5+'24'!H5+'25'!H5+'26'!H5+'27'!H5+'28'!H5+'29'!H5+'30'!H5+'31'!H5 -> 97 | I5: 50 | J5: =+'1'!J5+'2'!J5+'3'!J5+'4'!J5+'5'!J5+'6'!J5+'7'!J5+'8'!J5+'9'!J5+'10'!J5+'11'!J5+'12'!J5+'13'!J5+'14'!J5+'15'!J5+'16'!J5+'17'!J5+'18'!J5+'19'!J5+'20'!J5+'21'!J5+'22'!J5+'23'!J5+'24'!J5+'25'!J5+'26'!J5+'27'!J5+'28'!J5+'29'!J5+'30'!J5+'31'!J5 -> 4850 | L5: 1 | M5: =+'1'!K209 -> 2585 | N5: =+'1'!K214 -> 50 | O5: =+'1'!K212 -> 0 | P5: =+'1'!K210 -> 15 | Q5: =+'1'!K213 -> 0 | R5: =+'1'!K211 -> 1085 | S5: =+M5-N5-P5-R5-Q5 -> 1435 | T5: =+'1'!K216 -> 1435 | U5: =+T5-S5 -> 0
A6: 2 | B6: ชิฟฟ่อน (ญ) | C6: =+'1'!C6 -> 26 | D6: =+'1'!D6+'2'!D6+'3'!D6+'4'!D6+'5'!D6+'6'!D6+'7'!D6+'8'!D6+'9'!D6+'10'!D6+'11'!D6+'12'!D6+'13'!D6+'14'!D6+'15'!D6+'16'!D6+'17'!D6+'18'!D6+'19'!D6+'20'!D6+'21'!D6+'22'!D6+'23'!D6+'24'!D6+'25'!D6+'26'!D6+'27'!D6+'28'!D6+'29'!D6+'30'!D6+'31'!D6 -> 80 | E6: =+C6+D6 -> 106 | F6: =+'1'!F6+'2'!F6+'3'!F6+'4'!F6+'5'!F6+'6'!F6+'7'!F6+'8'!F6+'9'!F6+'10'!F6+'11'!F6+'12'!F6+'13'!F6+'14'!F6+'15'!F6+'16'!F6+'17'!F6+'18'!F6+'19'!F6+'20'!F6+'21'!F6+'22'!F6+'23'!F6+'24'!F6+'25'!F6+'26'!F6+'27'!F6+'28'!F6+'29'!F6+'30'!F6+'31'!F6 -> 0 | G6: =E6-F6-H6 -> 19 | H6: =+'1'!H6+'2'!H6+'3'!H6+'4'!H6+'5'!H6+'6'!H6+'7'!H6+'8'!H6+'9'!H6+'10'!H6+'11'!H6+'12'!H6+'13'!H6+'14'!H6+'15'!H6+'16'!H6+'17'!H6+'18'!H6+'19'!H6+'20'!H6+'21'!H6+'22'!H6+'23'!H6+'24'!H6+'25'!H6+'26'!H6+'27'!H6+'28'!H6+'29'!H6+'30'!H6+'31'!H6 -> 87 | I6: 100 | J6: =+'1'!J6+'2'!J6+'3'!J6+'4'!J6+'5'!J6+'6'!J6+'7'!J6+'8'!J6+'9'!J6+'10'!J6+'11'!J6+'12'!J6+'13'!J6+'14'!J6+'15'!J6+'16'!J6+'17'!J6+'18'!J6+'19'!J6+'20'!J6+'21'!J6+'22'!J6+'23'!J6+'24'!J6+'25'!J6+'26'!J6+'27'!J6+'28'!J6+'29'!J6+'30'!J6+'31'!J6 -> 8700 | L6: 2 | M6: =+'2'!K209 -> 5450 | N6: =+'2'!K214 -> 100 | O6: =+'2'!K212 -> 0 | P6: =+'2'!K210 -> 15 | Q6: =+'2'!K213 -> 0 | R6: =+'2'!K211 -> 1590 | S6: =+M6-N6-P6-R6-Q6 -> 3745 | T6: =+'2'!K216 -> 3745 | U6: =+T6-S6 -> 0
A7: 3 | B7: ชิฟฟ่อน (ล) กาแฟ | C7: =+'1'!C7 -> 0 | D7: =+'1'!D7+'2'!D7+'3'!D7+'4'!D7+'5'!D7+'6'!D7+'7'!D7+'8'!D7+'9'!D7+'10'!D7+'11'!D7+'12'!D7+'13'!D7+'14'!D7+'15'!D7+'16'!D7+'17'!D7+'18'!D7+'19'!D7+'20'!D7+'21'!D7+'22'!D7+'23'!D7+'24'!D7+'25'!D7+'26'!D7+'27'!D7+'28'!D7+'29'!D7+'30'!D7+'31'!D7 -> 0 | E7: =+C7+D7 -> 0 | F7: =+'1'!F7+'2'!F7+'3'!F7+'4'!F7+'5'!F7+'6'!F7+'7'!F7+'8'!F7+'9'!F7+'10'!F7+'11'!F7+'12'!F7+'13'!F7+'14'!F7+'15'!F7+'16'!F7+'17'!F7+'18'!F7+'19'!F7+'20'!F7+'21'!F7+'22'!F7+'23'!F7+'24'!F7+'25'!F7+'26'!F7+'27'!F7+'28'!F7+'29'!F7+'30'!F7+'31'!F7 -> 0 | G7: =E7-F7-H7 -> 0 | H7: =+'1'!H7+'2'!H7+'3'!H7+'4'!H7+'5'!H7+'6'!H7+'7'!H7+'8'!H7+'9'!H7+'10'!H7+'11'!H7+'12'!H7+'13'!H7+'14'!H7+'15'!H7+'16'!H7+'17'!H7+'18'!H7+'19'!H7+'20'!H7+'21'!H7+'22'!H7+'23'!H7+'24'!H7+'25'!H7+'26'!H7+'27'!H7+'28'!H7+'29'!H7+'30'!H7+'31'!H7 -> 0 | I7: 50 | J7: =+'1'!J7+'2'!J7+'3'!J7+'4'!J7+'5'!J7+'6'!J7+'7'!J7+'8'!J7+'9'!J7+'10'!J7+'11'!J7+'12'!J7+'13'!J7+'14'!J7+'15'!J7+'16'!J7+'17'!J7+'18'!J7+'19'!J7+'20'!J7+'21'!J7+'22'!J7+'23'!J7+'24'!J7+'25'!J7+'26'!J7+'27'!J7+'28'!J7+'29'!J7+'30'!J7+'31'!J7 -> 0 | L7: 3 | M7: =+'3'!K209 -> 9240 | N7: =+'3'!K214 -> 235 | O7: =+'3'!K212 -> 0 | P7: =+'3'!K210 -> 15 | Q7: =+'3'!K213 -> 0 | R7: =+'3'!K211 -> 3905 | S7: =+M7-N7-P7-R7-Q7 -> 5085 | T7: =+'3'!K216 -> 5070 | U7: =+T7-S7 -> -15
A8: 4 | B8: ชิฟฟ่อน (ญ) กาแฟ | C8: =+'1'!C8 -> 0 | D8: =+'1'!D8+'2'!D8+'3'!D8+'4'!D8+'5'!D8+'6'!D8+'7'!D8+'8'!D8+'9'!D8+'10'!D8+'11'!D8+'12'!D8+'13'!D8+'14'!D8+'15'!D8+'16'!D8+'17'!D8+'18'!D8+'19'!D8+'20'!D8+'21'!D8+'22'!D8+'23'!D8+'24'!D8+'25'!D8+'26'!D8+'27'!D8+'28'!D8+'29'!D8+'30'!D8+'31'!D8 -> 0 | E8: =+C8+D8 -> 0 | F8: =+'1'!F8+'2'!F8+'3'!F8+'4'!F8+'5'!F8+'6'!F8+'7'!F8+'8'!F8+'9'!F8+'10'!F8+'11'!F8+'12'!F8+'13'!F8+'14'!F8+'15'!F8+'16'!F8+'17'!F8+'18'!F8+'19'!F8+'20'!F8+'21'!F8+'22'!F8+'23'!F8+'24'!F8+'25'!F8+'26'!F8+'27'!F8+'28'!F8+'29'!F8+'30'!F8+'31'!F8 -> 0 | G8: =E8-F8-H8 -> 0 | H8: =+'1'!H8+'2'!H8+'3'!H8+'4'!H8+'5'!H8+'6'!H8+'7'!H8+'8'!H8+'9'!H8+'10'!H8+'11'!H8+'12'!H8+'13'!H8+'14'!H8+'15'!H8+'16'!H8+'17'!H8+'18'!H8+'19'!H8+'20'!H8+'21'!H8+'22'!H8+'23'!H8+'24'!H8+'25'!H8+'26'!H8+'27'!H8+'28'!H8+'29'!H8+'30'!H8+'31'!H8 -> 0 | I8: 100 | J8: =+'1'!J8+'2'!J8+'3'!J8+'4'!J8+'5'!J8+'6'!J8+'7'!J8+'8'!J8+'9'!J8+'10'!J8+'11'!J8+'12'!J8+'13'!J8+'14'!J8+'15'!J8+'16'!J8+'17'!J8+'18'!J8+'19'!J8+'20'!J8+'21'!J8+'22'!J8+'23'!J8+'24'!J8+'25'!J8+'26'!J8+'27'!J8+'28'!J8+'29'!J8+'30'!J8+'31'!J8 -> 0 | L8: 4 | M8: =+'4'!K209 -> 2455 | N8: =+'4'!K214 -> 0 | O8: =+'4'!K212 -> 0 | P8: =+'4'!K210 -> 15 | Q8: =+'4'!K213 -> 0 | R8: =+'4'!K211 -> 450 | S8: =+M8-N8-P8-R8-Q8 -> 1990 | T8: =+'4'!K216 -> 2005 | U8: =+T8-S8 -> 15
A9: 5 | B9: ชิฟฟ่อนเค้ก 1 ชิ้น | C9: =+'1'!C9 -> 0 | D9: =+'1'!D9+'2'!D9+'3'!D9+'4'!D9+'5'!D9+'6'!D9+'7'!D9+'8'!D9+'9'!D9+'10'!D9+'11'!D9+'12'!D9+'13'!D9+'14'!D9+'15'!D9+'16'!D9+'17'!D9+'18'!D9+'19'!D9+'20'!D9+'21'!D9+'22'!D9+'23'!D9+'24'!D9+'25'!D9+'26'!D9+'27'!D9+'28'!D9+'29'!D9+'30'!D9+'31'!D9 -> 0 | E9: =+C9+D9 -> 0 | F9: =+'1'!F9+'2'!F9+'3'!F9+'4'!F9+'5'!F9+'6'!F9+'7'!F9+'8'!F9+'9'!F9+'10'!F9+'11'!F9+'12'!F9+'13'!F9+'14'!F9+'15'!F9+'16'!F9+'17'!F9+'18'!F9+'19'!F9+'20'!F9+'21'!F9+'22'!F9+'23'!F9+'24'!F9+'25'!F9+'26'!F9+'27'!F9+'28'!F9+'29'!F9+'30'!F9+'31'!F9 -> 0 | G9: =E9-F9-H9 -> 0 | H9: =+'1'!H9+'2'!H9+'3'!H9+'4'!H9+'5'!H9+'6'!H9+'7'!H9+'8'!H9+'9'!H9+'10'!H9+'11'!H9+'12'!H9+'13'!H9+'14'!H9+'15'!H9+'16'!H9+'17'!H9+'18'!H9+'19'!H9+'20'!H9+'21'!H9+'22'!H9+'23'!H9+'24'!H9+'25'!H9+'26'!H9+'27'!H9+'28'!H9+'29'!H9+'30'!H9+'31'!H9 -> 0 | I9: 12 | J9: =+'1'!J9+'2'!J9+'3'!J9+'4'!J9+'5'!J9+'6'!J9+'7'!J9+'8'!J9+'9'!J9+'10'!J9+'11'!J9+'12'!J9+'13'!J9+'14'!J9+'15'!J9+'16'!J9+'17'!J9+'18'!J9+'19'!J9+'20'!J9+'21'!J9+'22'!J9+'23'!J9+'24'!J9+'25'!J9+'26'!J9+'27'!J9+'28'!J9+'29'!J9+'30'!J9+'31'!J9 -> 0 | L9: 5 | M9: =+'5'!K209 -> 1210 | N9: =+'5'!K214 -> 0 | O9: =+'5'!K212 -> 0 | P9: =+'5'!K210 -> 15 | Q9: =+'5'!K213 -> 0 | R9: =+'5'!K211 -> 150 | S9: =+M9-N9-P9-R9-Q9 -> 1045 | T9: =+'5'!K216 -> 1045 | U9: =+T9-S9 -> 0
A10: 6 | B10: ชิฟฟ่อนเค้กสอดไส้แยม 1 ชิ้น | C10: =+'1'!C10 -> 0 | D10: =+'1'!D10+'2'!D10+'3'!D10+'4'!D10+'5'!D10+'6'!D10+'7'!D10+'8'!D10+'9'!D10+'10'!D10+'11'!D10+'12'!D10+'13'!D10+'14'!D10+'15'!D10+'16'!D10+'17'!D10+'18'!D10+'19'!D10+'20'!D10+'21'!D10+'22'!D10+'23'!D10+'24'!D10+'25'!D10+'26'!D10+'27'!D10+'28'!D10+'29'!D10+'30'!D10+'31'!D10 -> 0 | E10: =+C10+D10 -> 0 | F10: =+'1'!F10+'2'!F10+'3'!F10+'4'!F10+'5'!F10+'6'!F10+'7'!F10+'8'!F10+'9'!F10+'10'!F10+'11'!F10+'12'!F10+'13'!F10+'14'!F10+'15'!F10+'16'!F10+'17'!F10+'18'!F10+'19'!F10+'20'!F10+'21'!F10+'22'!F10+'23'!F10+'24'!F10+'25'!F10+'26'!F10+'27'!F10+'28'!F10+'29'!F10+'30'!F10+'31'!F10 -> 0 | G10: =E10-F10-H10 -> 0 | H10: =+'1'!H10+'2'!H10+'3'!H10+'4'!H10+'5'!H10+'6'!H10+'7'!H10+'8'!H10+'9'!H10+'10'!H10+'11'!H10+'12'!H10+'13'!H10+'14'!H10+'15'!H10+'16'!H10+'17'!H10+'18'!H10+'19'!H10+'20'!H10+'21'!H10+'22'!H10+'23'!H10+'24'!H10+'25'!H10+'26'!H10+'27'!H10+'28'!H10+'29'!H10+'30'!H10+'31'!H10 -> 0 | I10: 15 | J10: =+'1'!J10+'2'!J10+'3'!J10+'4'!J10+'5'!J10+'6'!J10+'7'!J10+'8'!J10+'9'!J10+'10'!J10+'11'!J10+'12'!J10+'13'!J10+'14'!J10+'15'!J10+'16'!J10+'17'!J10+'18'!J10+'19'!J10+'20'!J10+'21'!J10+'22'!J10+'23'!J10+'24'!J10+'25'!J10+'26'!J10+'27'!J10+'28'!J10+'29'!J10+'30'!J10+'31'!J10 -> 0 | L10: 6 | M10: =+'6'!K209 -> 2555 | N10: =+'6'!K214 -> 50 | O10: =+'6'!K212 -> 0 | P10: =+'6'!K210 -> 15 | Q10: =+'6'!K213 -> 0 | R10: =+'6'!K211 -> 1315 | S10: =+M10-N10-P10-R10-Q10 -> 1175 | T10: =+'6'!K216 -> 1175 | U10: =+T10-S10 -> 0
A11: 7 | B11: ชิฟฟ่อน สอดไส้ (ล) 2 ชิ้น ครีมมะพร้าว | C11: =+'1'!C11 -> 0 | D11: =+'1'!D11+'2'!D11+'3'!D11+'4'!D11+'5'!D11+'6'!D11+'7'!D11+'8'!D11+'9'!D11+'10'!D11+'11'!D11+'12'!D11+'13'!D11+'14'!D11+'15'!D11+'16'!D11+'17'!D11+'18'!D11+'19'!D11+'20'!D11+'21'!D11+'22'!D11+'23'!D11+'24'!D11+'25'!D11+'26'!D11+'27'!D11+'28'!D11+'29'!D11+'30'!D11+'31'!D11 -> 0 | E11: =+C11+D11 -> 0 | F11: =+'1'!F11+'2'!F11+'3'!F11+'4'!F11+'5'!F11+'6'!F11+'7'!F11+'8'!F11+'9'!F11+'10'!F11+'11'!F11+'12'!F11+'13'!F11+'14'!F11+'15'!F11+'16'!F11+'17'!F11+'18'!F11+'19'!F11+'20'!F11+'21'!F11+'22'!F11+'23'!F11+'24'!F11+'25'!F11+'26'!F11+'27'!F11+'28'!F11+'29'!F11+'30'!F11+'31'!F11 -> 0 | G11: =E11-F11-H11 -> 0 | H11: =+'1'!H11+'2'!H11+'3'!H11+'4'!H11+'5'!H11+'6'!H11+'7'!H11+'8'!H11+'9'!H11+'10'!H11+'11'!H11+'12'!H11+'13'!H11+'14'!H11+'15'!H11+'16'!H11+'17'!H11+'18'!H11+'19'!H11+'20'!H11+'21'!H11+'22'!H11+'23'!H11+'24'!H11+'25'!H11+'26'!H11+'27'!H11+'28'!H11+'29'!H11+'30'!H11+'31'!H11 -> 0 | I11: 40 | J11: =+'1'!J11+'2'!J11+'3'!J11+'4'!J11+'5'!J11+'6'!J11+'7'!J11+'8'!J11+'9'!J11+'10'!J11+'11'!J11+'12'!J11+'13'!J11+'14'!J11+'15'!J11+'16'!J11+'17'!J11+'18'!J11+'19'!J11+'20'!J11+'21'!J11+'22'!J11+'23'!J11+'24'!J11+'25'!J11+'26'!J11+'27'!J11+'28'!J11+'29'!J11+'30'!J11+'31'!J11 -> 0 | L11: 7 | M11: =+'7'!K209 -> 1895 | N11: =+'7'!K214 -> 0 | O11: =+'7'!K212 -> 0 | P11: =+'7'!K210 -> 15 | Q11: =+'7'!K213 -> 0 | R11: =+'7'!K211 -> 770 | S11: =+M11-N11-P11-R11-Q11 -> 1110 | T11: =+'7'!K216 -> 1110 | U11: =+T11-S11 -> 0
A12: 8 | B12: ชิฟฟ่อน สอดไส้ (ล) 3 ชิ้น รวมรส | C12: =+'1'!C12 -> 9 | D12: =+'1'!D12+'2'!D12+'3'!D12+'4'!D12+'5'!D12+'6'!D12+'7'!D12+'8'!D12+'9'!D12+'10'!D12+'11'!D12+'12'!D12+'13'!D12+'14'!D12+'15'!D12+'16'!D12+'17'!D12+'18'!D12+'19'!D12+'20'!D12+'21'!D12+'22'!D12+'23'!D12+'24'!D12+'25'!D12+'26'!D12+'27'!D12+'28'!D12+'29'!D12+'30'!D12+'31'!D12 -> 68 | E12: =+C12+D12 -> 77 | F12: =+'1'!F12+'2'!F12+'3'!F12+'4'!F12+'5'!F12+'6'!F12+'7'!F12+'8'!F12+'9'!F12+'10'!F12+'11'!F12+'12'!F12+'13'!F12+'14'!F12+'15'!F12+'16'!F12+'17'!F12+'18'!F12+'19'!F12+'20'!F12+'21'!F12+'22'!F12+'23'!F12+'24'!F12+'25'!F12+'26'!F12+'27'!F12+'28'!F12+'29'!F12+'30'!F12+'31'!F12 -> 6 | G12: =E12-F12-H12 -> 8 | H12: =+'1'!H12+'2'!H12+'3'!H12+'4'!H12+'5'!H12+'6'!H12+'7'!H12+'8'!H12+'9'!H12+'10'!H12+'11'!H12+'12'!H12+'13'!H12+'14'!H12+'15'!H12+'16'!H12+'17'!H12+'18'!H12+'19'!H12+'20'!H12+'21'!H12+'22'!H12+'23'!H12+'24'!H12+'25'!H12+'26'!H12+'27'!H12+'28'!H12+'29'!H12+'30'!H12+'31'!H12 -> 63 | I12: 50 | J12: =+'1'!J12+'2'!J12+'3'!J12+'4'!J12+'5'!J12+'6'!J12+'7'!J12+'8'!J12+'9'!J12+'10'!J12+'11'!J12+'12'!J12+'13'!J12+'14'!J12+'15'!J12+'16'!J12+'17'!J12+'18'!J12+'19'!J12+'20'!J12+'21'!J12+'22'!J12+'23'!J12+'24'!J12+'25'!J12+'26'!J12+'27'!J12+'28'!J12+'29'!J12+'30'!J12+'31'!J12 -> 3150 | L12: 8 | M12: =+'8'!K209 -> 2720 | N12: =+'8'!K214 -> 50 | O12: =+'8'!K212 -> 0 | P12: =+'8'!K210 -> 15 | Q12: =+'8'!K213 -> 0 | R12: =+'8'!K211 -> 230 | S12: =+M12-N12-P12-R12-Q12 -> 2425 | T12: =+'8'!K216 -> 2425 | U12: =+T12-S12 -> 0
A13: 9 | B13: ชิฟฟ่อน สอดไส้ (ล) 3 ชิ้น เมล่อน | C13: =+'1'!C13 -> 0 | D13: =+'1'!D13+'2'!D13+'3'!D13+'4'!D13+'5'!D13+'6'!D13+'7'!D13+'8'!D13+'9'!D13+'10'!D13+'11'!D13+'12'!D13+'13'!D13+'14'!D13+'15'!D13+'16'!D13+'17'!D13+'18'!D13+'19'!D13+'20'!D13+'21'!D13+'22'!D13+'23'!D13+'24'!D13+'25'!D13+'26'!D13+'27'!D13+'28'!D13+'29'!D13+'30'!D13+'31'!D13 -> 0 | E13: =+C13+D13 -> 0 | F13: =+'1'!F13+'2'!F13+'3'!F13+'4'!F13+'5'!F13+'6'!F13+'7'!F13+'8'!F13+'9'!F13+'10'!F13+'11'!F13+'12'!F13+'13'!F13+'14'!F13+'15'!F13+'16'!F13+'17'!F13+'18'!F13+'19'!F13+'20'!F13+'21'!F13+'22'!F13+'23'!F13+'24'!F13+'25'!F13+'26'!F13+'27'!F13+'28'!F13+'29'!F13+'30'!F13+'31'!F13 -> 0 | G13: =E13-F13-H13 -> 0 | H13: =+'1'!H13+'2'!H13+'3'!H13+'4'!H13+'5'!H13+'6'!H13+'7'!H13+'8'!H13+'9'!H13+'10'!H13+'11'!H13+'12'!H13+'13'!H13+'14'!H13+'15'!H13+'16'!H13+'17'!H13+'18'!H13+'19'!H13+'20'!H13+'21'!H13+'22'!H13+'23'!H13+'24'!H13+'25'!H13+'26'!H13+'27'!H13+'28'!H13+'29'!H13+'30'!H13+'31'!H13 -> 0 | I13: 55 | J13: =+'1'!J13+'2'!J13+'3'!J13+'4'!J13+'5'!J13+'6'!J13+'7'!J13+'8'!J13+'9'!J13+'10'!J13+'11'!J13+'12'!J13+'13'!J13+'14'!J13+'15'!J13+'16'!J13+'17'!J13+'18'!J13+'19'!J13+'20'!J13+'21'!J13+'22'!J13+'23'!J13+'24'!J13+'25'!J13+'26'!J13+'27'!J13+'28'!J13+'29'!J13+'30'!J13+'31'!J13 -> 0 | L13: 9 | M13: =+'9'!K209 -> 5180 | N13: =+'9'!K214 -> 100 | O13: =+'9'!K212 -> 0 | P13: =+'9'!K210 -> 15 | Q13: =+'9'!K213 -> 0 | R13: =+'9'!K211 -> 1730 | S13: =+M13-N13-P13-R13-Q13 -> 3335 | T13: =+'9'!K216 -> 3335 | U13: =+T13-S13 -> 0
A14: 10 | B14: ชิฟฟ่อน สอดไส้ (ล) 4 ชิ้น ครีมมะพร้าว | C14: =+'1'!C14 -> 9 | D14: =+'1'!D14+'2'!D14+'3'!D14+'4'!D14+'5'!D14+'6'!D14+'7'!D14+'8'!D14+'9'!D14+'10'!D14+'11'!D14+'12'!D14+'13'!D14+'14'!D14+'15'!D14+'16'!D14+'17'!D14+'18'!D14+'19'!D14+'20'!D14+'21'!D14+'22'!D14+'23'!D14+'24'!D14+'25'!D14+'26'!D14+'27'!D14+'28'!D14+'29'!D14+'30'!D14+'31'!D14 -> 24 | E14: =+C14+D14 -> 33 | F14: =+'1'!F14+'2'!F14+'3'!F14+'4'!F14+'5'!F14+'6'!F14+'7'!F14+'8'!F14+'9'!F14+'10'!F14+'11'!F14+'12'!F14+'13'!F14+'14'!F14+'15'!F14+'16'!F14+'17'!F14+'18'!F14+'19'!F14+'20'!F14+'21'!F14+'22'!F14+'23'!F14+'24'!F14+'25'!F14+'26'!F14+'27'!F14+'28'!F14+'29'!F14+'30'!F14+'31'!F14 -> 2 | G14: =E14-F14-H14 -> 0 | H14: =+'1'!H14+'2'!H14+'3'!H14+'4'!H14+'5'!H14+'6'!H14+'7'!H14+'8'!H14+'9'!H14+'10'!H14+'11'!H14+'12'!H14+'13'!H14+'14'!H14+'15'!H14+'16'!H14+'17'!H14+'18'!H14+'19'!H14+'20'!H14+'21'!H14+'22'!H14+'23'!H14+'24'!H14+'25'!H14+'26'!H14+'27'!H14+'28'!H14+'29'!H14+'30'!H14+'31'!H14 -> 31 | I14: 65 | J14: =+'1'!J14+'2'!J14+'3'!J14+'4'!J14+'5'!J14+'6'!J14+'7'!J14+'8'!J14+'9'!J14+'10'!J14+'11'!J14+'12'!J14+'13'!J14+'14'!J14+'15'!J14+'16'!J14+'17'!J14+'18'!J14+'19'!J14+'20'!J14+'21'!J14+'22'!J14+'23'!J14+'24'!J14+'25'!J14+'26'!J14+'27'!J14+'28'!J14+'29'!J14+'30'!J14+'31'!J14 -> 2015 | L14: 10 | M14: =+'10'!K209 -> 3025 | N14: =+'10'!K214 -> 50 | O14: =+'10'!K212 -> 0 | P14: =+'10'!K210 -> 15 | Q14: =+'10'!K213 -> 0 | R14: =+'10'!K211 -> 840 | S14: =+M14-N14-P14-R14-Q14 -> 2120 | T14: =+'10'!K216 -> 2120 | U14: =+T14-S14 -> 0
A15: 11 | B15: ชิฟฟ่อน สอดไส้ (ล) 3 ชิ้น แยมส้ม | C15: =+'1'!C15 -> 0 | D15: =+'1'!D15+'2'!D15+'3'!D15+'4'!D15+'5'!D15+'6'!D15+'7'!D15+'8'!D15+'9'!D15+'10'!D15+'11'!D15+'12'!D15+'13'!D15+'14'!D15+'15'!D15+'16'!D15+'17'!D15+'18'!D15+'19'!D15+'20'!D15+'21'!D15+'22'!D15+'23'!D15+'24'!D15+'25'!D15+'26'!D15+'27'!D15+'28'!D15+'29'!D15+'30'!D15+'31'!D15 -> 0 | E15: =+C15+D15 -> 0 | F15: =+'1'!F15+'2'!F15+'3'!F15+'4'!F15+'5'!F15+'6'!F15+'7'!F15+'8'!F15+'9'!F15+'10'!F15+'11'!F15+'12'!F15+'13'!F15+'14'!F15+'15'!F15+'16'!F15+'17'!F15+'18'!F15+'19'!F15+'20'!F15+'21'!F15+'22'!F15+'23'!F15+'24'!F15+'25'!F15+'26'!F15+'27'!F15+'28'!F15+'29'!F15+'30'!F15+'31'!F15 -> 0 | G15: =E15-F15-H15 -> 0 | H15: =+'1'!H15+'2'!H15+'3'!H15+'4'!H15+'5'!H15+'6'!H15+'7'!H15+'8'!H15+'9'!H15+'10'!H15+'11'!H15+'12'!H15+'13'!H15+'14'!H15+'15'!H15+'16'!H15+'17'!H15+'18'!H15+'19'!H15+'20'!H15+'21'!H15+'22'!H15+'23'!H15+'24'!H15+'25'!H15+'26'!H15+'27'!H15+'28'!H15+'29'!H15+'30'!H15+'31'!H15 -> 0 | I15: 50 | J15: =+'1'!J15+'2'!J15+'3'!J15+'4'!J15+'5'!J15+'6'!J15+'7'!J15+'8'!J15+'9'!J15+'10'!J15+'11'!J15+'12'!J15+'13'!J15+'14'!J15+'15'!J15+'16'!J15+'17'!J15+'18'!J15+'19'!J15+'20'!J15+'21'!J15+'22'!J15+'23'!J15+'24'!J15+'25'!J15+'26'!J15+'27'!J15+'28'!J15+'29'!J15+'30'!J15+'31'!J15 -> 0 | L15: 11 | M15: =+'11'!K209 -> 3830 | N15: =+'11'!K214 -> 170 | O15: =+'11'!K212 -> 0 | P15: =+'11'!K210 -> 15 | Q15: =+'11'!K213 -> 0 | R15: =+'11'!K211 -> 765 | S15: =+M15-N15-P15-R15-Q15 -> 2880 | T15: =+'11'!K216 -> 2880 | U15: =+T15-S15 -> 0
A16: 12 | B16: ชิฟฟ่อน สอดไส้ (ล) 3 ชิ้น บลูเบอรี่ | C16: =+'1'!C16 -> 0 | D16: =+'1'!D16+'2'!D16+'3'!D16+'4'!D16+'5'!D16+'6'!D16+'7'!D16+'8'!D16+'9'!D16+'10'!D16+'11'!D16+'12'!D16+'13'!D16+'14'!D16+'15'!D16+'16'!D16+'17'!D16+'18'!D16+'19'!D16+'20'!D16+'21'!D16+'22'!D16+'23'!D16+'24'!D16+'25'!D16+'26'!D16+'27'!D16+'28'!D16+'29'!D16+'30'!D16+'31'!D16 -> 0 | E16: =+C16+D16 -> 0 | F16: =+'1'!F16+'2'!F16+'3'!F16+'4'!F16+'5'!F16+'6'!F16+'7'!F16+'8'!F16+'9'!F16+'10'!F16+'11'!F16+'12'!F16+'13'!F16+'14'!F16+'15'!F16+'16'!F16+'17'!F16+'18'!F16+'19'!F16+'20'!F16+'21'!F16+'22'!F16+'23'!F16+'24'!F16+'25'!F16+'26'!F16+'27'!F16+'28'!F16+'29'!F16+'30'!F16+'31'!F16 -> 0 | G16: =E16-F16-H16 -> 0 | H16: =+'1'!H16+'2'!H16+'3'!H16+'4'!H16+'5'!H16+'6'!H16+'7'!H16+'8'!H16+'9'!H16+'10'!H16+'11'!H16+'12'!H16+'13'!H16+'14'!H16+'15'!H16+'16'!H16+'17'!H16+'18'!H16+'19'!H16+'20'!H16+'21'!H16+'22'!H16+'23'!H16+'24'!H16+'25'!H16+'26'!H16+'27'!H16+'28'!H16+'29'!H16+'30'!H16+'31'!H16 -> 0 | I16: 50 | J16: =+'1'!J16+'2'!J16+'3'!J16+'4'!J16+'5'!J16+'6'!J16+'7'!J16+'8'!J16+'9'!J16+'10'!J16+'11'!J16+'12'!J16+'13'!J16+'14'!J16+'15'!J16+'16'!J16+'17'!J16+'18'!J16+'19'!J16+'20'!J16+'21'!J16+'22'!J16+'23'!J16+'24'!J16+'25'!J16+'26'!J16+'27'!J16+'28'!J16+'29'!J16+'30'!J16+'31'!J16 -> 0 | L16: 12 | M16: =+'12'!K209 -> 3645 | N16: =+'12'!K214 -> 0 | O16: =+'12'!K212 -> 0 | P16: =+'12'!K210 -> 15 | Q16: =+'12'!K213 -> 0 | R16: =+'12'!K211 -> 1070 | S16: =+M16-N16-P16-R16-Q16 -> 2560 | T16: =+'12'!K216 -> 2555 | U16: =+T16-S16 -> -5
A17: 13 | B17: ชิฟฟ่อน สอดไส้ (ล) 3 ชิ้น ฝอยทอง | C17: =+'1'!C17 -> 6 | D17: =+'1'!D17+'2'!D17+'3'!D17+'4'!D17+'5'!D17+'6'!D17+'7'!D17+'8'!D17+'9'!D17+'10'!D17+'11'!D17+'12'!D17+'13'!D17+'14'!D17+'15'!D17+'16'!D17+'17'!D17+'18'!D17+'19'!D17+'20'!D17+'21'!D17+'22'!D17+'23'!D17+'24'!D17+'25'!D17+'26'!D17+'27'!D17+'28'!D17+'29'!D17+'30'!D17+'31'!D17 -> 30 | E17: =+C17+D17 -> 36 | F17: =+'1'!F17+'2'!F17+'3'!F17+'4'!F17+'5'!F17+'6'!F17+'7'!F17+'8'!F17+'9'!F17+'10'!F17+'11'!F17+'12'!F17+'13'!F17+'14'!F17+'15'!F17+'16'!F17+'17'!F17+'18'!F17+'19'!F17+'20'!F17+'21'!F17+'22'!F17+'23'!F17+'24'!F17+'25'!F17+'26'!F17+'27'!F17+'28'!F17+'29'!F17+'30'!F17+'31'!F17 -> 0 | G17: =E17-F17-H17 -> 3 | H17: =+'1'!H17+'2'!H17+'3'!H17+'4'!H17+'5'!H17+'6'!H17+'7'!H17+'8'!H17+'9'!H17+'10'!H17+'11'!H17+'12'!H17+'13'!H17+'14'!H17+'15'!H17+'16'!H17+'17'!H17+'18'!H17+'19'!H17+'20'!H17+'21'!H17+'22'!H17+'23'!H17+'24'!H17+'25'!H17+'26'!H17+'27'!H17+'28'!H17+'29'!H17+'30'!H17+'31'!H17 -> 33 | I17: 50 | J17: =+'1'!J17+'2'!J17+'3'!J17+'4'!J17+'5'!J17+'6'!J17+'7'!J17+'8'!J17+'9'!J17+'10'!J17+'11'!J17+'12'!J17+'13'!J17+'14'!J17+'15'!J17+'16'!J17+'17'!J17+'18'!J17+'19'!J17+'20'!J17+'21'!J17+'22'!J17+'23'!J17+'24'!J17+'25'!J17+'26'!J17+'27'!J17+'28'!J17+'29'!J17+'30'!J17+'31'!J17 -> 1650 | L17: 13 | M17: =+'13'!K209 -> 2530 | N17: =+'13'!K214 -> 100 | O17: =+'13'!K212 -> 0 | P17: =+'13'!K210 -> 15 | Q17: =+'13'!K213 -> 0 | R17: =+'13'!K211 -> 890 | S17: =+M17-N17-P17-R17-Q17 -> 1525 | T17: =+'13'!K216 -> 1530 | U17: =+T17-S17 -> 5
A18: 14 | B18: ชิฟฟ่อน สอดไส้ (ล) 3 ชิ้น แยมสตรอเบอรี่ | C18: =+'1'!C18 -> 0 | D18: =+'1'!D18+'2'!D18+'3'!D18+'4'!D18+'5'!D18+'6'!D18+'7'!D18+'8'!D18+'9'!D18+'10'!D18+'11'!D18+'12'!D18+'13'!D18+'14'!D18+'15'!D18+'16'!D18+'17'!D18+'18'!D18+'19'!D18+'20'!D18+'21'!D18+'22'!D18+'23'!D18+'24'!D18+'25'!D18+'26'!D18+'27'!D18+'28'!D18+'29'!D18+'30'!D18+'31'!D18 -> 0 | E18: =+C18+D18 -> 0 | F18: =+'1'!F18+'2'!F18+'3'!F18+'4'!F18+'5'!F18+'6'!F18+'7'!F18+'8'!F18+'9'!F18+'10'!F18+'11'!F18+'12'!F18+'13'!F18+'14'!F18+'15'!F18+'16'!F18+'17'!F18+'18'!F18+'19'!F18+'20'!F18+'21'!F18+'22'!F18+'23'!F18+'24'!F18+'25'!F18+'26'!F18+'27'!F18+'28'!F18+'29'!F18+'30'!F18+'31'!F18 -> 0 | G18: =E18-F18-H18 -> 0 | H18: =+'1'!H18+'2'!H18+'3'!H18+'4'!H18+'5'!H18+'6'!H18+'7'!H18+'8'!H18+'9'!H18+'10'!H18+'11'!H18+'12'!H18+'13'!H18+'14'!H18+'15'!H18+'16'!H18+'17'!H18+'18'!H18+'19'!H18+'20'!H18+'21'!H18+'22'!H18+'23'!H18+'24'!H18+'25'!H18+'26'!H18+'27'!H18+'28'!H18+'29'!H18+'30'!H18+'31'!H18 -> 0 | I18: 50 | J18: =+'1'!J18+'2'!J18+'3'!J18+'4'!J18+'5'!J18+'6'!J18+'7'!J18+'8'!J18+'9'!J18+'10'!J18+'11'!J18+'12'!J18+'13'!J18+'14'!J18+'15'!J18+'16'!J18+'17'!J18+'18'!J18+'19'!J18+'20'!J18+'21'!J18+'22'!J18+'23'!J18+'24'!J18+'25'!J18+'26'!J18+'27'!J18+'28'!J18+'29'!J18+'30'!J18+'31'!J18 -> 0 | L18: 14 | M18: =+'14'!K209 -> 1500 | N18: =+'14'!K214 -> 0 | O18: =+'14'!K212 -> 0 | P18: =+'14'!K210 -> 15 | Q18: =+'14'!K213 -> 0 | R18: =+'14'!K211 -> 350 | S18: =+M18-N18-P18-R18-Q18 -> 1135 | T18: =+'14'!K216 -> 1135 | U18: =+T18-S18 -> 0
A19: 15 | B19: ชิฟฟ่อน สอดไส้ (ล) 3 ชิ้น เนยมพะร้าว | C19: =+'1'!C19 -> 9 | D19: =+'1'!D19+'2'!D19+'3'!D19+'4'!D19+'5'!D19+'6'!D19+'7'!D19+'8'!D19+'9'!D19+'10'!D19+'11'!D19+'12'!D19+'13'!D19+'14'!D19+'15'!D19+'16'!D19+'17'!D19+'18'!D19+'19'!D19+'20'!D19+'21'!D19+'22'!D19+'23'!D19+'24'!D19+'25'!D19+'26'!D19+'27'!D19+'28'!D19+'29'!D19+'30'!D19+'31'!D19 -> 45 | E19: =+C19+D19 -> 54 | F19: =+'1'!F19+'2'!F19+'3'!F19+'4'!F19+'5'!F19+'6'!F19+'7'!F19+'8'!F19+'9'!F19+'10'!F19+'11'!F19+'12'!F19+'13'!F19+'14'!F19+'15'!F19+'16'!F19+'17'!F19+'18'!F19+'19'!F19+'20'!F19+'21'!F19+'22'!F19+'23'!F19+'24'!F19+'25'!F19+'26'!F19+'27'!F19+'28'!F19+'29'!F19+'30'!F19+'31'!F19 -> 4 | G19: =E19-F19-H19 -> 0 | H19: =+'1'!H19+'2'!H19+'3'!H19+'4'!H19+'5'!H19+'6'!H19+'7'!H19+'8'!H19+'9'!H19+'10'!H19+'11'!H19+'12'!H19+'13'!H19+'14'!H19+'15'!H19+'16'!H19+'17'!H19+'18'!H19+'19'!H19+'20'!H19+'21'!H19+'22'!H19+'23'!H19+'24'!H19+'25'!H19+'26'!H19+'27'!H19+'28'!H19+'29'!H19+'30'!H19+'31'!H19 -> 50 | I19: 50 | J19: =+'1'!J19+'2'!J19+'3'!J19+'4'!J19+'5'!J19+'6'!J19+'7'!J19+'8'!J19+'9'!J19+'10'!J19+'11'!J19+'12'!J19+'13'!J19+'14'!J19+'15'!J19+'16'!J19+'17'!J19+'18'!J19+'19'!J19+'20'!J19+'21'!J19+'22'!J19+'23'!J19+'24'!J19+'25'!J19+'26'!J19+'27'!J19+'28'!J19+'29'!J19+'30'!J19+'31'!J19 -> 2500 | L19: 15 | M19: =+'15'!K209 -> 3750 | N19: =+'15'!K214 -> 50 | O19: =+'15'!K212 -> 0 | P19: =+'15'!K210 -> 15 | Q19: =+'15'!K213 -> 0 | R19: =+'15'!K211 -> 1210 | S19: =+M19-N19-P19-R19-Q19 -> 2475 | T19: =+'15'!K216 -> 2475 | U19: =+T19-S19 -> 0
A20: 16 | B20: ชิฟฟ่อน สอดไส้ (ล) 3 ชิ้น นมชมพู | C20: =+'1'!C20 -> 0 | D20: =+'1'!D20+'2'!D20+'3'!D20+'4'!D20+'5'!D20+'6'!D20+'7'!D20+'8'!D20+'9'!D20+'10'!D20+'11'!D20+'12'!D20+'13'!D20+'14'!D20+'15'!D20+'16'!D20+'17'!D20+'18'!D20+'19'!D20+'20'!D20+'21'!D20+'22'!D20+'23'!D20+'24'!D20+'25'!D20+'26'!D20+'27'!D20+'28'!D20+'29'!D20+'30'!D20+'31'!D20 -> 0 | E20: =+C20+D20 -> 0 | F20: =+'1'!F20+'2'!F20+'3'!F20+'4'!F20+'5'!F20+'6'!F20+'7'!F20+'8'!F20+'9'!F20+'10'!F20+'11'!F20+'12'!F20+'13'!F20+'14'!F20+'15'!F20+'16'!F20+'17'!F20+'18'!F20+'19'!F20+'20'!F20+'21'!F20+'22'!F20+'23'!F20+'24'!F20+'25'!F20+'26'!F20+'27'!F20+'28'!F20+'29'!F20+'30'!F20+'31'!F20 -> 0 | G20: =E20-F20-H20 -> 0 | H20: =+'1'!H20+'2'!H20+'3'!H20+'4'!H20+'5'!H20+'6'!H20+'7'!H20+'8'!H20+'9'!H20+'10'!H20+'11'!H20+'12'!H20+'13'!H20+'14'!H20+'15'!H20+'16'!H20+'17'!H20+'18'!H20+'19'!H20+'20'!H20+'21'!H20+'22'!H20+'23'!H20+'24'!H20+'25'!H20+'26'!H20+'27'!H20+'28'!H20+'29'!H20+'30'!H20+'31'!H20 -> 0 | I20: 50 | J20: =+'1'!J20+'2'!J20+'3'!J20+'4'!J20+'5'!J20+'6'!J20+'7'!J20+'8'!J20+'9'!J20+'10'!J20+'11'!J20+'12'!J20+'13'!J20+'14'!J20+'15'!J20+'16'!J20+'17'!J20+'18'!J20+'19'!J20+'20'!J20+'21'!J20+'22'!J20+'23'!J20+'24'!J20+'25'!J20+'26'!J20+'27'!J20+'28'!J20+'29'!J20+'30'!J20+'31'!J20 -> 0 | L20: 16 | M20: =+'16'!K209 -> 3425 | N20: =+'16'!K214 -> 0 | O20: =+'16'!K212 -> 0 | P20: =+'16'!K210 -> 15 | Q20: =+'16'!K213 -> 0 | R20: =+'16'!K211 -> 1210 | S20: =+M20-N20-P20-R20-Q20 -> 2200 | T20: =+'16'!K216 -> 2200 | U20: =+T20-S20 -> 0
A21: 17 | B21: ชิฟฟ่อน สอดไส้ (ล) 3 ชิ้น ช็อคโกแลต | C21: =+'1'!C21 -> 0 | D21: =+'1'!D21+'2'!D21+'3'!D21+'4'!D21+'5'!D21+'6'!D21+'7'!D21+'8'!D21+'9'!D21+'10'!D21+'11'!D21+'12'!D21+'13'!D21+'14'!D21+'15'!D21+'16'!D21+'17'!D21+'18'!D21+'19'!D21+'20'!D21+'21'!D21+'22'!D21+'23'!D21+'24'!D21+'25'!D21+'26'!D21+'27'!D21+'28'!D21+'29'!D21+'30'!D21+'31'!D21 -> 0 | E21: =+C21+D21 -> 0 | F21: =+'1'!F21+'2'!F21+'3'!F21+'4'!F21+'5'!F21+'6'!F21+'7'!F21+'8'!F21+'9'!F21+'10'!F21+'11'!F21+'12'!F21+'13'!F21+'14'!F21+'15'!F21+'16'!F21+'17'!F21+'18'!F21+'19'!F21+'20'!F21+'21'!F21+'22'!F21+'23'!F21+'24'!F21+'25'!F21+'26'!F21+'27'!F21+'28'!F21+'29'!F21+'30'!F21+'31'!F21 -> 0 | G21: =E21-F21-H21 -> 0 | H21: =+'1'!H21+'2'!H21+'3'!H21+'4'!H21+'5'!H21+'6'!H21+'7'!H21+'8'!H21+'9'!H21+'10'!H21+'11'!H21+'12'!H21+'13'!H21+'14'!H21+'15'!H21+'16'!H21+'17'!H21+'18'!H21+'19'!H21+'20'!H21+'21'!H21+'22'!H21+'23'!H21+'24'!H21+'25'!H21+'26'!H21+'27'!H21+'28'!H21+'29'!H21+'30'!H21+'31'!H21 -> 0 | I21: 50 | J21: =+'1'!J21+'2'!J21+'3'!J21+'4'!J21+'5'!J21+'6'!J21+'7'!J21+'8'!J21+'9'!J21+'10'!J21+'11'!J21+'12'!J21+'13'!J21+'14'!J21+'15'!J21+'16'!J21+'17'!J21+'18'!J21+'19'!J21+'20'!J21+'21'!J21+'22'!J21+'23'!J21+'24'!J21+'25'!J21+'26'!J21+'27'!J21+'28'!J21+'29'!J21+'30'!J21+'31'!J21 -> 0 | L21: 17 | M21: =+'17'!K209 -> 2530 | N21: =+'17'!K214 -> 0 | O21: =+'17'!K212 -> 0 | P21: =+'17'!K210 -> 15 | Q21: =+'17'!K213 -> 0 | R21: =+'17'!K211 -> 865 | S21: =+M21-N21-P21-R21-Q21 -> 1650 | T21: =+'17'!K216 -> 1650 | U21: =+T21-S21 -> 0
A22: 18 | B22: ชิฟฟ่อน สอดไส้ (ก) 5 ชิ้น | C22: =+'1'!C22 -> 4 | D22: =+'1'!D22+'2'!D22+'3'!D22+'4'!D22+'5'!D22+'6'!D22+'7'!D22+'8'!D22+'9'!D22+'10'!D22+'11'!D22+'12'!D22+'13'!D22+'14'!D22+'15'!D22+'16'!D22+'17'!D22+'18'!D22+'19'!D22+'20'!D22+'21'!D22+'22'!D22+'23'!D22+'24'!D22+'25'!D22+'26'!D22+'27'!D22+'28'!D22+'29'!D22+'30'!D22+'31'!D22 -> 21 | E22: =+C22+D22 -> 25 | F22: =+'1'!F22+'2'!F22+'3'!F22+'4'!F22+'5'!F22+'6'!F22+'7'!F22+'8'!F22+'9'!F22+'10'!F22+'11'!F22+'12'!F22+'13'!F22+'14'!F22+'15'!F22+'16'!F22+'17'!F22+'18'!F22+'19'!F22+'20'!F22+'21'!F22+'22'!F22+'23'!F22+'24'!F22+'25'!F22+'26'!F22+'27'!F22+'28'!F22+'29'!F22+'30'!F22+'31'!F22 -> 0 | G22: =E22-F22-H22 -> 1 | H22: =+'1'!H22+'2'!H22+'3'!H22+'4'!H22+'5'!H22+'6'!H22+'7'!H22+'8'!H22+'9'!H22+'10'!H22+'11'!H22+'12'!H22+'13'!H22+'14'!H22+'15'!H22+'16'!H22+'17'!H22+'18'!H22+'19'!H22+'20'!H22+'21'!H22+'22'!H22+'23'!H22+'24'!H22+'25'!H22+'26'!H22+'27'!H22+'28'!H22+'29'!H22+'30'!H22+'31'!H22 -> 24 | I22: 85 | J22: =+'1'!J22+'2'!J22+'3'!J22+'4'!J22+'5'!J22+'6'!J22+'7'!J22+'8'!J22+'9'!J22+'10'!J22+'11'!J22+'12'!J22+'13'!J22+'14'!J22+'15'!J22+'16'!J22+'17'!J22+'18'!J22+'19'!J22+'20'!J22+'21'!J22+'22'!J22+'23'!J22+'24'!J22+'25'!J22+'26'!J22+'27'!J22+'28'!J22+'29'!J22+'30'!J22+'31'!J22 -> 2040 | L22: 18 | M22: =+'18'!K209 -> 1800 | N22: =+'18'!K214 -> 30 | O22: =+'18'!K212 -> 0 | P22: =+'18'!K210 -> 15 | Q22: =+'18'!K213 -> 0 | R22: =+'18'!K211 -> 930 | S22: =+M22-N22-P22-R22-Q22 -> 825 | T22: =+'18'!K216 -> 825 | U22: =+T22-S22 -> 0
A23: 19 | B23: ชิฟฟ่อน สอดไส้ 6 ชิ้น รวมรส | C23: =+'1'!C23 -> 5 | D23: =+'1'!D23+'2'!D23+'3'!D23+'4'!D23+'5'!D23+'6'!D23+'7'!D23+'8'!D23+'9'!D23+'10'!D23+'11'!D23+'12'!D23+'13'!D23+'14'!D23+'15'!D23+'16'!D23+'17'!D23+'18'!D23+'19'!D23+'20'!D23+'21'!D23+'22'!D23+'23'!D23+'24'!D23+'25'!D23+'26'!D23+'27'!D23+'28'!D23+'29'!D23+'30'!D23+'31'!D23 -> 63 | E23: =+C23+D23 -> 68 | F23: =+'1'!F23+'2'!F23+'3'!F23+'4'!F23+'5'!F23+'6'!F23+'7'!F23+'8'!F23+'9'!F23+'10'!F23+'11'!F23+'12'!F23+'13'!F23+'14'!F23+'15'!F23+'16'!F23+'17'!F23+'18'!F23+'19'!F23+'20'!F23+'21'!F23+'22'!F23+'23'!F23+'24'!F23+'25'!F23+'26'!F23+'27'!F23+'28'!F23+'29'!F23+'30'!F23+'31'!F23 -> 0 | G23: =E23-F23-H23 -> 3 | H23: =+'1'!H23+'2'!H23+'3'!H23+'4'!H23+'5'!H23+'6'!H23+'7'!H23+'8'!H23+'9'!H23+'10'!H23+'11'!H23+'12'!H23+'13'!H23+'14'!H23+'15'!H23+'16'!H23+'17'!H23+'18'!H23+'19'!H23+'20'!H23+'21'!H23+'22'!H23+'23'!H23+'24'!H23+'25'!H23+'26'!H23+'27'!H23+'28'!H23+'29'!H23+'30'!H23+'31'!H23 -> 65 | I23: 100 | J23: =+'1'!J23+'2'!J23+'3'!J23+'4'!J23+'5'!J23+'6'!J23+'7'!J23+'8'!J23+'9'!J23+'10'!J23+'11'!J23+'12'!J23+'13'!J23+'14'!J23+'15'!J23+'16'!J23+'17'!J23+'18'!J23+'19'!J23+'20'!J23+'21'!J23+'22'!J23+'23'!J23+'24'!J23+'25'!J23+'26'!J23+'27'!J23+'28'!J23+'29'!J23+'30'!J23+'31'!J23 -> 6500 | L23: 19 | M23: =+'19'!K209 -> 2020 | N23: =+'19'!K214 -> 70 | O23: =+'19'!K212 -> 0 | P23: =+'19'!K210 -> 15 | Q23: =+'19'!K212 -> 0 | R23: =+'19'!K211 -> 330 | S23: =+M23-N23-P23-R23-Q23 -> 1605 | T23: =+'19'!K216 -> 1605 | U23: =+T23-S23 -> 0
A24: 20 | B24: ชิฟฟ่อน สอดไส้ 6 ชิ้น ฝอยทอง | C24: =+'1'!C24 -> 13 | D24: =+'1'!D24+'2'!D24+'3'!D24+'4'!D24+'5'!D24+'6'!D24+'7'!D24+'8'!D24+'9'!D24+'10'!D24+'11'!D24+'12'!D24+'13'!D24+'14'!D24+'15'!D24+'16'!D24+'17'!D24+'18'!D24+'19'!D24+'20'!D24+'21'!D24+'22'!D24+'23'!D24+'24'!D24+'25'!D24+'26'!D24+'27'!D24+'28'!D24+'29'!D24+'30'!D24+'31'!D24 -> 20 | E24: =+C24+D24 -> 33 | F24: =+'1'!F24+'2'!F24+'3'!F24+'4'!F24+'5'!F24+'6'!F24+'7'!F24+'8'!F24+'9'!F24+'10'!F24+'11'!F24+'12'!F24+'13'!F24+'14'!F24+'15'!F24+'16'!F24+'17'!F24+'18'!F24+'19'!F24+'20'!F24+'21'!F24+'22'!F24+'23'!F24+'24'!F24+'25'!F24+'26'!F24+'27'!F24+'28'!F24+'29'!F24+'30'!F24+'31'!F24 -> 9 | G24: =E24-F24-H24 -> 0 | H24: =+'1'!H24+'2'!H24+'3'!H24+'4'!H24+'5'!H24+'6'!H24+'7'!H24+'8'!H24+'9'!H24+'10'!H24+'11'!H24+'12'!H24+'13'!H24+'14'!H24+'15'!H24+'16'!H24+'17'!H24+'18'!H24+'19'!H24+'20'!H24+'21'!H24+'22'!H24+'23'!H24+'24'!H24+'25'!H24+'26'!H24+'27'!H24+'28'!H24+'29'!H24+'30'!H24+'31'!H24 -> 24 | I24: 100 | J24: =+'1'!J24+'2'!J24+'3'!J24+'4'!J24+'5'!J24+'6'!J24+'7'!J24+'8'!J24+'9'!J24+'10'!J24+'11'!J24+'12'!J24+'13'!J24+'14'!J24+'15'!J24+'16'!J24+'17'!J24+'18'!J24+'19'!J24+'20'!J24+'21'!J24+'22'!J24+'23'!J24+'24'!J24+'25'!J24+'26'!J24+'27'!J24+'28'!J24+'29'!J24+'30'!J24+'31'!J24 -> 2400 | L24: 20 | M24: =+'20'!K209 -> 3075 | N24: =+'20'!K214 -> 50 | O24: =+'20'!K212 -> 0 | P24: =+'20'!K210 -> 15 | Q24: =+'20'!K213 -> 0 | R24: =+'20'!K211 -> 1285 | S24: =+M24-N24-P24-R24-Q24 -> 1725 | T24: =+'20'!K216 -> 1725 | U24: =+T24-S24 -> 0
A25: 21 | B25: ชิฟฟ่อน สอดไส้ 6 ชิ้น ทูโทน | C25: =+'1'!C25 -> 0 | D25: =+'1'!D25+'2'!D25+'3'!D25+'4'!D25+'5'!D25+'6'!D25+'7'!D25+'8'!D25+'9'!D25+'10'!D25+'11'!D25+'12'!D25+'13'!D25+'14'!D25+'15'!D25+'16'!D25+'17'!D25+'18'!D25+'19'!D25+'20'!D25+'21'!D25+'22'!D25+'23'!D25+'24'!D25+'25'!D25+'26'!D25+'27'!D25+'28'!D25+'29'!D25+'30'!D25+'31'!D25 -> 0 | E25: =+C25+D25 -> 0 | F25: =+'1'!F25+'2'!F25+'3'!F25+'4'!F25+'5'!F25+'6'!F25+'7'!F25+'8'!F25+'9'!F25+'10'!F25+'11'!F25+'12'!F25+'13'!F25+'14'!F25+'15'!F25+'16'!F25+'17'!F25+'18'!F25+'19'!F25+'20'!F25+'21'!F25+'22'!F25+'23'!F25+'24'!F25+'25'!F25+'26'!F25+'27'!F25+'28'!F25+'29'!F25+'30'!F25+'31'!F25 -> 0 | G25: =E25-F25-H25 -> 0 | H25: =+'1'!H25+'2'!H25+'3'!H25+'4'!H25+'5'!H25+'6'!H25+'7'!H25+'8'!H25+'9'!H25+'10'!H25+'11'!H25+'12'!H25+'13'!H25+'14'!H25+'15'!H25+'16'!H25+'17'!H25+'18'!H25+'19'!H25+'20'!H25+'21'!H25+'22'!H25+'23'!H25+'24'!H25+'25'!H25+'26'!H25+'27'!H25+'28'!H25+'29'!H25+'30'!H25+'31'!H25 -> 0 | I25: 100 | J25: =+'1'!J25+'2'!J25+'3'!J25+'4'!J25+'5'!J25+'6'!J25+'7'!J25+'8'!J25+'9'!J25+'10'!J25+'11'!J25+'12'!J25+'13'!J25+'14'!J25+'15'!J25+'16'!J25+'17'!J25+'18'!J25+'19'!J25+'20'!J25+'21'!J25+'22'!J25+'23'!J25+'24'!J25+'25'!J25+'26'!J25+'27'!J25+'28'!J25+'29'!J25+'30'!J25+'31'!J25 -> 0 | L25: 21 | M25: =+'21'!K212 -> 1605 | N25: =+'21'!K217 -> 0 | O25: =+'21'!K215 -> 0 | P25: =+'21'!K213 -> 15 | Q25: =+'21'!K216 -> 0 | R25: =+'21'!K214 -> 230 | S25: =+M25-N25-P25-R25-Q25 -> 1360 | T25: =+'21'!K219 -> 1360 | U25: =+T25-S25 -> 0
A26: 22 | B26: ชิฟฟ่อน สอดไส้ 6 ชิ้น นมชมพู | C26: =+'1'!C26 -> 0 | D26: =+'1'!D26+'2'!D26+'3'!D26+'4'!D26+'5'!D26+'6'!D26+'7'!D26+'8'!D26+'9'!D26+'10'!D26+'11'!D26+'12'!D26+'13'!D26+'14'!D26+'15'!D26+'16'!D26+'17'!D26+'18'!D26+'19'!D26+'20'!D26+'21'!D26+'22'!D26+'23'!D26+'24'!D26+'25'!D26+'26'!D26+'27'!D26+'28'!D26+'29'!D26+'30'!D26+'31'!D26 -> 0 | E26: =+C26+D26 -> 0 | F26: =+'1'!F26+'2'!F26+'3'!F26+'4'!F26+'5'!F26+'6'!F26+'7'!F26+'8'!F26+'9'!F26+'10'!F26+'11'!F26+'12'!F26+'13'!F26+'14'!F26+'15'!F26+'16'!F26+'17'!F26+'18'!F26+'19'!F26+'20'!F26+'21'!F26+'22'!F26+'23'!F26+'24'!F26+'25'!F26+'26'!F26+'27'!F26+'28'!F26+'29'!F26+'30'!F26+'31'!F26 -> 0 | G26: =E26-F26-H26 -> 0 | H26: =+'1'!H26+'2'!H26+'3'!H26+'4'!H26+'5'!H26+'6'!H26+'7'!H26+'8'!H26+'9'!H26+'10'!H26+'11'!H26+'12'!H26+'13'!H26+'14'!H26+'15'!H26+'16'!H26+'17'!H26+'18'!H26+'19'!H26+'20'!H26+'21'!H26+'22'!H26+'23'!H26+'24'!H26+'25'!H26+'26'!H26+'27'!H26+'28'!H26+'29'!H26+'30'!H26+'31'!H26 -> 0 | I26: 100 | J26: =+'1'!J26+'2'!J26+'3'!J26+'4'!J26+'5'!J26+'6'!J26+'7'!J26+'8'!J26+'9'!J26+'10'!J26+'11'!J26+'12'!J26+'13'!J26+'14'!J26+'15'!J26+'16'!J26+'17'!J26+'18'!J26+'19'!J26+'20'!J26+'21'!J26+'22'!J26+'23'!J26+'24'!J26+'25'!J26+'26'!J26+'27'!J26+'28'!J26+'29'!J26+'30'!J26+'31'!J26 -> 0 | L26: 22 | M26: =+'22'!K212 -> 2825 | N26: =+'22'!K217 -> 0 | O26: =+'22'!K215 -> 0 | P26: =+'22'!K213 -> 15 | Q26: =+'22'!K216 -> 0 | R26: =+'22'!K214 -> 1065 | S26: =+M26-N26-P26-R26-Q26 -> 1745 | T26: =+'22'!K219 -> 1745 | U26: =+T26-S26 -> 0
A27: 23 | B27: ชิฟฟ่อน สอดไส้ 6 ชิ้น บลูเบอรี่ | C27: =+'1'!C27 -> 0 | D27: =+'1'!D27+'2'!D27+'3'!D27+'4'!D27+'5'!D27+'6'!D27+'7'!D27+'8'!D27+'9'!D27+'10'!D27+'11'!D27+'12'!D27+'13'!D27+'14'!D27+'15'!D27+'16'!D27+'17'!D27+'18'!D27+'19'!D27+'20'!D27+'21'!D27+'22'!D27+'23'!D27+'24'!D27+'25'!D27+'26'!D27+'27'!D27+'28'!D27+'29'!D27+'30'!D27+'31'!D27 -> 0 | E27: =+C27+D27 -> 0 | F27: =+'1'!F27+'2'!F27+'3'!F27+'4'!F27+'5'!F27+'6'!F27+'7'!F27+'8'!F27+'9'!F27+'10'!F27+'11'!F27+'12'!F27+'13'!F27+'14'!F27+'15'!F27+'16'!F27+'17'!F27+'18'!F27+'19'!F27+'20'!F27+'21'!F27+'22'!F27+'23'!F27+'24'!F27+'25'!F27+'26'!F27+'27'!F27+'28'!F27+'29'!F27+'30'!F27+'31'!F27 -> 0 | G27: =E27-F27-H27 -> 0 | H27: =+'1'!H27+'2'!H27+'3'!H27+'4'!H27+'5'!H27+'6'!H27+'7'!H27+'8'!H27+'9'!H27+'10'!H27+'11'!H27+'12'!H27+'13'!H27+'14'!H27+'15'!H27+'16'!H27+'17'!H27+'18'!H27+'19'!H27+'20'!H27+'21'!H27+'22'!H27+'23'!H27+'24'!H27+'25'!H27+'26'!H27+'27'!H27+'28'!H27+'29'!H27+'30'!H27+'31'!H27 -> 0 | I27: 100 | J27: =+'1'!J27+'2'!J27+'3'!J27+'4'!J27+'5'!J27+'6'!J27+'7'!J27+'8'!J27+'9'!J27+'10'!J27+'11'!J27+'12'!J27+'13'!J27+'14'!J27+'15'!J27+'16'!J27+'17'!J27+'18'!J27+'19'!J27+'20'!J27+'21'!J27+'22'!J27+'23'!J27+'24'!J27+'25'!J27+'26'!J27+'27'!J27+'28'!J27+'29'!J27+'30'!J27+'31'!J27 -> 0 | L27: 23 | M27: =+'23'!K212 -> 6450 | N27: =+'23'!K217 -> 120 | O27: =+'23'!K215 -> 0 | P27: =+'23'!K213 -> 15 | Q27: =+'23'!K216 -> 0 | R27: =+'23'!K214 -> 2935 | S27: =+M27-N27-P27-R27-Q27 -> 3380 | T27: =+'23'!K219 -> 3380 | U27: =+T27-S27 -> 0
A28: 24 | B28: ชิฟฟ่อน สอดไส้ 6 ชิ้น ช็อคโกแลต | C28: =+'1'!C28 -> 0 | D28: =+'1'!D28+'2'!D28+'3'!D28+'4'!D28+'5'!D28+'6'!D28+'7'!D28+'8'!D28+'9'!D28+'10'!D28+'11'!D28+'12'!D28+'13'!D28+'14'!D28+'15'!D28+'16'!D28+'17'!D28+'18'!D28+'19'!D28+'20'!D28+'21'!D28+'22'!D28+'23'!D28+'24'!D28+'25'!D28+'26'!D28+'27'!D28+'28'!D28+'29'!D28+'30'!D28+'31'!D28 -> 0 | E28: =+C28+D28 -> 0 | F28: =+'1'!F28+'2'!F28+'3'!F28+'4'!F28+'5'!F28+'6'!F28+'7'!F28+'8'!F28+'9'!F28+'10'!F28+'11'!F28+'12'!F28+'13'!F28+'14'!F28+'15'!F28+'16'!F28+'17'!F28+'18'!F28+'19'!F28+'20'!F28+'21'!F28+'22'!F28+'23'!F28+'24'!F28+'25'!F28+'26'!F28+'27'!F28+'28'!F28+'29'!F28+'30'!F28+'31'!F28 -> 0 | G28: =E28-F28-H28 -> 0 | H28: =+'1'!H28+'2'!H28+'3'!H28+'4'!H28+'5'!H28+'6'!H28+'7'!H28+'8'!H28+'9'!H28+'10'!H28+'11'!H28+'12'!H28+'13'!H28+'14'!H28+'15'!H28+'16'!H28+'17'!H28+'18'!H28+'19'!H28+'20'!H28+'21'!H28+'22'!H28+'23'!H28+'24'!H28+'25'!H28+'26'!H28+'27'!H28+'28'!H28+'29'!H28+'30'!H28+'31'!H28 -> 0 | I28: 100 | J28: =+'1'!J28+'2'!J28+'3'!J28+'4'!J28+'5'!J28+'6'!J28+'7'!J28+'8'!J28+'9'!J28+'10'!J28+'11'!J28+'12'!J28+'13'!J28+'14'!J28+'15'!J28+'16'!J28+'17'!J28+'18'!J28+'19'!J28+'20'!J28+'21'!J28+'22'!J28+'23'!J28+'24'!J28+'25'!J28+'26'!J28+'27'!J28+'28'!J28+'29'!J28+'30'!J28+'31'!J28 -> 0 | L28: 24 | M28: =+'24'!K212 -> 2215 | N28: =+'24'!K217 -> 100 | O28: =+'24'!K215 -> 0 | P28: =+'24'!K213 -> 15 | Q28: =+'24'!K216 -> 0 | R28: =+'24'!K214 -> 150 | S28: =+M28-N28-P28-R28-Q28 -> 1950 | T28: =+'24'!K219 -> 1950 | U28: =+T28-S28 -> 0
A29: 25 | B29: ชิฟฟ่อน สอดไส้ 6 ชิ้น มะพร้าว | C29: =+'1'!C29 -> 6 | D29: =+'1'!D29+'2'!D29+'3'!D29+'4'!D29+'5'!D29+'6'!D29+'7'!D29+'8'!D29+'9'!D29+'10'!D29+'11'!D29+'12'!D29+'13'!D29+'14'!D29+'15'!D29+'16'!D29+'17'!D29+'18'!D29+'19'!D29+'20'!D29+'21'!D29+'22'!D29+'23'!D29+'24'!D29+'25'!D29+'26'!D29+'27'!D29+'28'!D29+'29'!D29+'30'!D29+'31'!D29 -> 40 | E29: =+C29+D29 -> 46 | F29: =+'1'!F29+'2'!F29+'3'!F29+'4'!F29+'5'!F29+'6'!F29+'7'!F29+'8'!F29+'9'!F29+'10'!F29+'11'!F29+'12'!F29+'13'!F29+'14'!F29+'15'!F29+'16'!F29+'17'!F29+'18'!F29+'19'!F29+'20'!F29+'21'!F29+'22'!F29+'23'!F29+'24'!F29+'25'!F29+'26'!F29+'27'!F29+'28'!F29+'29'!F29+'30'!F29+'31'!F29 -> 0 | G29: =E29-F29-H29 -> -5 | H29: =+'1'!H29+'2'!H29+'3'!H29+'4'!H29+'5'!H29+'6'!H29+'7'!H29+'8'!H29+'9'!H29+'10'!H29+'11'!H29+'12'!H29+'13'!H29+'14'!H29+'15'!H29+'16'!H29+'17'!H29+'18'!H29+'19'!H29+'20'!H29+'21'!H29+'22'!H29+'23'!H29+'24'!H29+'25'!H29+'26'!H29+'27'!H29+'28'!H29+'29'!H29+'30'!H29+'31'!H29 -> 51 | I29: 100 | J29: =+'1'!J29+'2'!J29+'3'!J29+'4'!J29+'5'!J29+'6'!J29+'7'!J29+'8'!J29+'9'!J29+'10'!J29+'11'!J29+'12'!J29+'13'!J29+'14'!J29+'15'!J29+'16'!J29+'17'!J29+'18'!J29+'19'!J29+'20'!J29+'21'!J29+'22'!J29+'23'!J29+'24'!J29+'25'!J29+'26'!J29+'27'!J29+'28'!J29+'29'!J29+'30'!J29+'31'!J29 -> 5100 | L29: 25 | M29: =+'25'!K212 -> 2855 | N29: =+'25'!K217 -> 120 | O29: =+'25'!K215 -> 0 | P29: =+'25'!K213 -> 15 | Q29: =+'25'!K216 -> 0 | R29: =+'25'!K214 -> 1255 | S29: =+M29-N29-P29-R29-Q29 -> 1465 | T29: =+'25'!K219 -> 1465 | U29: =+T29-S29 -> 0
A30: 26 | B30: ชิฟฟ่อน สอดไส้ 6 ชิ้น ส้ม | C30: =+'1'!C30 -> 0 | D30: =+'1'!D30+'2'!D30+'3'!D30+'4'!D30+'5'!D30+'6'!D30+'7'!D30+'8'!D30+'9'!D30+'10'!D30+'11'!D30+'12'!D30+'13'!D30+'14'!D30+'15'!D30+'16'!D30+'17'!D30+'18'!D30+'19'!D30+'20'!D30+'21'!D30+'22'!D30+'23'!D30+'24'!D30+'25'!D30+'26'!D30+'27'!D30+'28'!D30+'29'!D30+'30'!D30+'31'!D30 -> 0 | E30: =+C30+D30 -> 0 | F30: =+'1'!F30+'2'!F30+'3'!F30+'4'!F30+'5'!F30+'6'!F30+'7'!F30+'8'!F30+'9'!F30+'10'!F30+'11'!F30+'12'!F30+'13'!F30+'14'!F30+'15'!F30+'16'!F30+'17'!F30+'18'!F30+'19'!F30+'20'!F30+'21'!F30+'22'!F30+'23'!F30+'24'!F30+'25'!F30+'26'!F30+'27'!F30+'28'!F30+'29'!F30+'30'!F30+'31'!F30 -> 0 | G30: =E30-F30-H30 -> 0 | H30: =+'1'!H30+'2'!H30+'3'!H30+'4'!H30+'5'!H30+'6'!H30+'7'!H30+'8'!H30+'9'!H30+'10'!H30+'11'!H30+'12'!H30+'13'!H30+'14'!H30+'15'!H30+'16'!H30+'17'!H30+'18'!H30+'19'!H30+'20'!H30+'21'!H30+'22'!H30+'23'!H30+'24'!H30+'25'!H30+'26'!H30+'27'!H30+'28'!H30+'29'!H30+'30'!H30+'31'!H30 -> 0 | I30: 100 | J30: =+'1'!J30+'2'!J30+'3'!J30+'4'!J30+'5'!J30+'6'!J30+'7'!J30+'8'!J30+'9'!J30+'10'!J30+'11'!J30+'12'!J30+'13'!J30+'14'!J30+'15'!J30+'16'!J30+'17'!J30+'18'!J30+'19'!J30+'20'!J30+'21'!J30+'22'!J30+'23'!J30+'24'!J30+'25'!J30+'26'!J30+'27'!J30+'28'!J30+'29'!J30+'30'!J30+'31'!J30 -> 0 | L30: 26 | M30: =+'26'!K212 -> 4330 | N30: =+'26'!K217 -> 70 | O30: =+'26'!K215 -> 0 | P30: =+'26'!K213 -> 15 | Q30: =+'26'!K216 -> 0 | R30: =+'26'!K214 -> 1375 | S30: =+M30-N30-P30-R30-Q30 -> 2870 | T30: =+'26'!K219 -> 2870 | U30: =+T30-S30 -> 0
A31: 27 | B31: ชิฟฟ่อน สอดไส้ 6 ชิ้น สตรอเบอรี่ | C31: =+'1'!C31 -> 0 | D31: =+'1'!D31+'2'!D31+'3'!D31+'4'!D31+'5'!D31+'6'!D31+'7'!D31+'8'!D31+'9'!D31+'10'!D31+'11'!D31+'12'!D31+'13'!D31+'14'!D31+'15'!D31+'16'!D31+'17'!D31+'18'!D31+'19'!D31+'20'!D31+'21'!D31+'22'!D31+'23'!D31+'24'!D31+'25'!D31+'26'!D31+'27'!D31+'28'!D31+'29'!D31+'30'!D31+'31'!D31 -> 0 | E31: =+C31+D31 -> 0 | F31: =+'1'!F31+'2'!F31+'3'!F31+'4'!F31+'5'!F31+'6'!F31+'7'!F31+'8'!F31+'9'!F31+'10'!F31+'11'!F31+'12'!F31+'13'!F31+'14'!F31+'15'!F31+'16'!F31+'17'!F31+'18'!F31+'19'!F31+'20'!F31+'21'!F31+'22'!F31+'23'!F31+'24'!F31+'25'!F31+'26'!F31+'27'!F31+'28'!F31+'29'!F31+'30'!F31+'31'!F31 -> 0 | G31: =E31-F31-H31 -> 0 | H31: =+'1'!H31+'2'!H31+'3'!H31+'4'!H31+'5'!H31+'6'!H31+'7'!H31+'8'!H31+'9'!H31+'10'!H31+'11'!H31+'12'!H31+'13'!H31+'14'!H31+'15'!H31+'16'!H31+'17'!H31+'18'!H31+'19'!H31+'20'!H31+'21'!H31+'22'!H31+'23'!H31+'24'!H31+'25'!H31+'26'!H31+'27'!H31+'28'!H31+'29'!H31+'30'!H31+'31'!H31 -> 0 | I31: 100 | J31: =+'1'!J31+'2'!J31+'3'!J31+'4'!J31+'5'!J31+'6'!J31+'7'!J31+'8'!J31+'9'!J31+'10'!J31+'11'!J31+'12'!J31+'13'!J31+'14'!J31+'15'!J31+'16'!J31+'17'!J31+'18'!J31+'19'!J31+'20'!J31+'21'!J31+'22'!J31+'23'!J31+'24'!J31+'25'!J31+'26'!J31+'27'!J31+'28'!J31+'29'!J31+'30'!J31+'31'!J31 -> 0 | L31: 27 | M31: =+'27'!K212 -> 4105 | N31: =+'27'!K217 -> 0 | O31: =+'27'!K215 -> 0 | P31: =+'27'!K213 -> 15 | Q31: =+'27'!K216 -> 0 | R31: =+'27'!K214 -> 1430 | S31: =+M31-N31-P31-R31-Q31 -> 2660 | T31: =+'27'!K219 -> 2660 | U31: =+T31-S31 -> 0
A32: 28 | B32: ชิฟฟ่อน สอดไส้ (ญ) 8 ชิ้น ใบเตย | C32: =+'1'!C32 -> 0 | D32: =+'1'!D32+'2'!D32+'3'!D32+'4'!D32+'5'!D32+'6'!D32+'7'!D32+'8'!D32+'9'!D32+'10'!D32+'11'!D32+'12'!D32+'13'!D32+'14'!D32+'15'!D32+'16'!D32+'17'!D32+'18'!D32+'19'!D32+'20'!D32+'21'!D32+'22'!D32+'23'!D32+'24'!D32+'25'!D32+'26'!D32+'27'!D32+'28'!D32+'29'!D32+'30'!D32+'31'!D32 -> 0 | E32: =+C32+D32 -> 0 | F32: =+'1'!F32+'2'!F32+'3'!F32+'4'!F32+'5'!F32+'6'!F32+'7'!F32+'8'!F32+'9'!F32+'10'!F32+'11'!F32+'12'!F32+'13'!F32+'14'!F32+'15'!F32+'16'!F32+'17'!F32+'18'!F32+'19'!F32+'20'!F32+'21'!F32+'22'!F32+'23'!F32+'24'!F32+'25'!F32+'26'!F32+'27'!F32+'28'!F32+'29'!F32+'30'!F32+'31'!F32 -> 0 | G32: =E32-F32-H32 -> 0 | H32: =+'1'!H32+'2'!H32+'3'!H32+'4'!H32+'5'!H32+'6'!H32+'7'!H32+'8'!H32+'9'!H32+'10'!H32+'11'!H32+'12'!H32+'13'!H32+'14'!H32+'15'!H32+'16'!H32+'17'!H32+'18'!H32+'19'!H32+'20'!H32+'21'!H32+'22'!H32+'23'!H32+'24'!H32+'25'!H32+'26'!H32+'27'!H32+'28'!H32+'29'!H32+'30'!H32+'31'!H32 -> 0 | I32: 130 | J32: =+'1'!J32+'2'!J32+'3'!J32+'4'!J32+'5'!J32+'6'!J32+'7'!J32+'8'!J32+'9'!J32+'10'!J32+'11'!J32+'12'!J32+'13'!J32+'14'!J32+'15'!J32+'16'!J32+'17'!J32+'18'!J32+'19'!J32+'20'!J32+'21'!J32+'22'!J32+'23'!J32+'24'!J32+'25'!J32+'26'!J32+'27'!J32+'28'!J32+'29'!J32+'30'!J32+'31'!J32 -> 0 | L32: 28 | M32: =+'28'!K212 -> 3415 | N32: =+'28'!K217 -> 50 | O32: =+'28'!K215 -> 0 | P32: =+'28'!K213 -> 15 | Q32: =+'28'!K216 -> 0 | R32: =+'28'!K214 -> 1220 | S32: =+M32-N32-P32-R32-Q32 -> 2130 | T32: =+'28'!K219 -> 2130 | U32: =+T32-S32 -> 0
A33: 29 | B33: ชิฟฟ่อน สอดไส้ (ญ) 8 ชิ้น ทูโทนใบเตย | C33: =+'1'!C33 -> 0 | D33: =+'1'!D33+'2'!D33+'3'!D33+'4'!D33+'5'!D33+'6'!D33+'7'!D33+'8'!D33+'9'!D33+'10'!D33+'11'!D33+'12'!D33+'13'!D33+'14'!D33+'15'!D33+'16'!D33+'17'!D33+'18'!D33+'19'!D33+'20'!D33+'21'!D33+'22'!D33+'23'!D33+'24'!D33+'25'!D33+'26'!D33+'27'!D33+'28'!D33+'29'!D33+'30'!D33+'31'!D33 -> 0 | E33: =+C33+D33 -> 0 | F33: =+'1'!F33+'2'!F33+'3'!F33+'4'!F33+'5'!F33+'6'!F33+'7'!F33+'8'!F33+'9'!F33+'10'!F33+'11'!F33+'12'!F33+'13'!F33+'14'!F33+'15'!F33+'16'!F33+'17'!F33+'18'!F33+'19'!F33+'20'!F33+'21'!F33+'22'!F33+'23'!F33+'24'!F33+'25'!F33+'26'!F33+'27'!F33+'28'!F33+'29'!F33+'30'!F33+'31'!F33 -> 0 | G33: =E33-F33-H33 -> 0 | H33: =+'1'!H33+'2'!H33+'3'!H33+'4'!H33+'5'!H33+'6'!H33+'7'!H33+'8'!H33+'9'!H33+'10'!H33+'11'!H33+'12'!H33+'13'!H33+'14'!H33+'15'!H33+'16'!H33+'17'!H33+'18'!H33+'19'!H33+'20'!H33+'21'!H33+'22'!H33+'23'!H33+'24'!H33+'25'!H33+'26'!H33+'27'!H33+'28'!H33+'29'!H33+'30'!H33+'31'!H33 -> 0 | I33: 130 | J33: =+'1'!J33+'2'!J33+'3'!J33+'4'!J33+'5'!J33+'6'!J33+'7'!J33+'8'!J33+'9'!J33+'10'!J33+'11'!J33+'12'!J33+'13'!J33+'14'!J33+'15'!J33+'16'!J33+'17'!J33+'18'!J33+'19'!J33+'20'!J33+'21'!J33+'22'!J33+'23'!J33+'24'!J33+'25'!J33+'26'!J33+'27'!J33+'28'!J33+'29'!J33+'30'!J33+'31'!J33 -> 0 | L33: 29 | M33: =+'29'!K212 -> 5475 | N33: =+'29'!K217 -> 160 | O33: =+'29'!K215 -> 0 | P33: =+'29'!K213 -> 15 | Q33: =+'29'!K216 -> 0 | R33: =+'29'!K214 -> 1705 | S33: =+M33-N33-P33-R33-Q33 -> 3595 | T33: =+'29'!K219 -> 3595 | U33: =+T33-S33 -> 0
A34: 30 | B34: ชิฟฟ่อน สอดไส้ (ญ) 8 ชิ้น รวมรส | C34: =+'1'!C34 -> 2 | D34: =+'1'!D34+'2'!D34+'3'!D34+'4'!D34+'5'!D34+'6'!D34+'7'!D34+'8'!D34+'9'!D34+'10'!D34+'11'!D34+'12'!D34+'13'!D34+'14'!D34+'15'!D34+'16'!D34+'17'!D34+'18'!D34+'19'!D34+'20'!D34+'21'!D34+'22'!D34+'23'!D34+'24'!D34+'25'!D34+'26'!D34+'27'!D34+'28'!D34+'29'!D34+'30'!D34+'31'!D34 -> 27 | E34: =+C34+D34 -> 29 | F34: =+'1'!F34+'2'!F34+'3'!F34+'4'!F34+'5'!F34+'6'!F34+'7'!F34+'8'!F34+'9'!F34+'10'!F34+'11'!F34+'12'!F34+'13'!F34+'14'!F34+'15'!F34+'16'!F34+'17'!F34+'18'!F34+'19'!F34+'20'!F34+'21'!F34+'22'!F34+'23'!F34+'24'!F34+'25'!F34+'26'!F34+'27'!F34+'28'!F34+'29'!F34+'30'!F34+'31'!F34 -> 0 | G34: =E34-F34-H34 -> 0 | H34: =+'1'!H34+'2'!H34+'3'!H34+'4'!H34+'5'!H34+'6'!H34+'7'!H34+'8'!H34+'9'!H34+'10'!H34+'11'!H34+'12'!H34+'13'!H34+'14'!H34+'15'!H34+'16'!H34+'17'!H34+'18'!H34+'19'!H34+'20'!H34+'21'!H34+'22'!H34+'23'!H34+'24'!H34+'25'!H34+'26'!H34+'27'!H34+'28'!H34+'29'!H34+'30'!H34+'31'!H34 -> 29 | I34: 130 | J34: =+'1'!J34+'2'!J34+'3'!J34+'4'!J34+'5'!J34+'6'!J34+'7'!J34+'8'!J34+'9'!J34+'10'!J34+'11'!J34+'12'!J34+'13'!J34+'14'!J34+'15'!J34+'16'!J34+'17'!J34+'18'!J34+'19'!J34+'20'!J34+'21'!J34+'22'!J34+'23'!J34+'24'!J34+'25'!J34+'26'!J34+'27'!J34+'28'!J34+'29'!J34+'30'!J34+'31'!J34 -> 3770 | L34: 30 | M34: =+'30'!K212 -> 5660 | N34: =+'30'!K217 -> 100 | O34: =+'30'!K215 -> 0 | P34: =+'30'!K213 -> 15 | Q34: =+'30'!K216 -> 0 | R34: =+'30'!K214 -> 2500 | S34: =+M34-N34-P34-R34-Q34 -> 3045 | T34: =+'30'!K219 -> 3045 | U34: =+T34-S34 -> 0
A35: 31 | B35: ชิฟฟ่อน สอดไส้ (ญ) 8 ชิ้น มะพร้าว | C35: =+'1'!C35 -> 3 | D35: =+'1'!D35+'2'!D35+'3'!D35+'4'!D35+'5'!D35+'6'!D35+'7'!D35+'8'!D35+'9'!D35+'10'!D35+'11'!D35+'12'!D35+'13'!D35+'14'!D35+'15'!D35+'16'!D35+'17'!D35+'18'!D35+'19'!D35+'20'!D35+'21'!D35+'22'!D35+'23'!D35+'24'!D35+'25'!D35+'26'!D35+'27'!D35+'28'!D35+'29'!D35+'30'!D35+'31'!D35 -> 23 | E35: =+C35+D35 -> 26 | F35: =+'1'!F35+'2'!F35+'3'!F35+'4'!F35+'5'!F35+'6'!F35+'7'!F35+'8'!F35+'9'!F35+'10'!F35+'11'!F35+'12'!F35+'13'!F35+'14'!F35+'15'!F35+'16'!F35+'17'!F35+'18'!F35+'19'!F35+'20'!F35+'21'!F35+'22'!F35+'23'!F35+'24'!F35+'25'!F35+'26'!F35+'27'!F35+'28'!F35+'29'!F35+'30'!F35+'31'!F35 -> 2 | G35: =E35-F35-H35 -> 0 | H35: =+'1'!H35+'2'!H35+'3'!H35+'4'!H35+'5'!H35+'6'!H35+'7'!H35+'8'!H35+'9'!H35+'10'!H35+'11'!H35+'12'!H35+'13'!H35+'14'!H35+'15'!H35+'16'!H35+'17'!H35+'18'!H35+'19'!H35+'20'!H35+'21'!H35+'22'!H35+'23'!H35+'24'!H35+'25'!H35+'26'!H35+'27'!H35+'28'!H35+'29'!H35+'30'!H35+'31'!H35 -> 24 | I35: 130 | J35: =+'1'!J35+'2'!J35+'3'!J35+'4'!J35+'5'!J35+'6'!J35+'7'!J35+'8'!J35+'9'!J35+'10'!J35+'11'!J35+'12'!J35+'13'!J35+'14'!J35+'15'!J35+'16'!J35+'17'!J35+'18'!J35+'19'!J35+'20'!J35+'21'!J35+'22'!J35+'23'!J35+'24'!J35+'25'!J35+'26'!J35+'27'!J35+'28'!J35+'29'!J35+'30'!J35+'31'!J35 -> 3120 | L35: 31 | M35: =+'31'!K209 -> 0 | N35: =+'31'!K214 -> 0 | O35: =+'31'!K212 -> 0 | P35: =+'31'!K210 -> 0 | Q35: =+'31'!K213 -> 0 | R35: =+'31'!K211 -> 0 | S35: =+M35-N35-P35-R35-Q35 -> 0 | T35: =+'31'!K216 -> 0 | U35: =+T35-S35 -> 0
A36: 32 | B36: ชิฟฟ่อน 8 ชิ้น มะลิ | C36: =+'1'!C36 -> 0 | D36: =+'1'!D36+'2'!D36+'3'!D36+'4'!D36+'5'!D36+'6'!D36+'7'!D36+'8'!D36+'9'!D36+'10'!D36+'11'!D36+'12'!D36+'13'!D36+'14'!D36+'15'!D36+'16'!D36+'17'!D36+'18'!D36+'19'!D36+'20'!D36+'21'!D36+'22'!D36+'23'!D36+'24'!D36+'25'!D36+'26'!D36+'27'!D36+'28'!D36+'29'!D36+'30'!D36+'31'!D36 -> 0 | E36: =+C36+D36 -> 0 | F36: =+'1'!F36+'2'!F36+'3'!F36+'4'!F36+'5'!F36+'6'!F36+'7'!F36+'8'!F36+'9'!F36+'10'!F36+'11'!F36+'12'!F36+'13'!F36+'14'!F36+'15'!F36+'16'!F36+'17'!F36+'18'!F36+'19'!F36+'20'!F36+'21'!F36+'22'!F36+'23'!F36+'24'!F36+'25'!F36+'26'!F36+'27'!F36+'28'!F36+'29'!F36+'30'!F36+'31'!F36 -> 0 | G36: =E36-F36-H36 -> 0 | H36: =+'1'!H36+'2'!H36+'3'!H36+'4'!H36+'5'!H36+'6'!H36+'7'!H36+'8'!H36+'9'!H36+'10'!H36+'11'!H36+'12'!H36+'13'!H36+'14'!H36+'15'!H36+'16'!H36+'17'!H36+'18'!H36+'19'!H36+'20'!H36+'21'!H36+'22'!H36+'23'!H36+'24'!H36+'25'!H36+'26'!H36+'27'!H36+'28'!H36+'29'!H36+'30'!H36+'31'!H36 -> 0 | I36: 100 | J36: =+'1'!J36+'2'!J36+'3'!J36+'4'!J36+'5'!J36+'6'!J36+'7'!J36+'8'!J36+'9'!J36+'10'!J36+'11'!J36+'12'!J36+'13'!J36+'14'!J36+'15'!J36+'16'!J36+'17'!J36+'18'!J36+'19'!J36+'20'!J36+'21'!J36+'22'!J36+'23'!J36+'24'!J36+'25'!J36+'26'!J36+'27'!J36+'28'!J36+'29'!J36+'30'!J36+'31'!J36 -> 0 | L36: รวม | M36: =SUM(M5:M35) -> 103355 | N36: =SUM(N5:N35) -> 1825 | O36: =SUM(O5:O35) -> 0 | P36: =SUM(P5:P35) -> 450 | Q36: =SUM(Q5:Q35) -> 0 | R36: =SUM(R5:R35) -> 34835 | S36: =SUM(S5:S35) -> 66245 | T36: =SUM(T5:T35) -> 66245 | U36: =SUM(U5:U35) -> 0
A37: 33 | B37: ชิฟฟ่อนรวมรส ยอดฮิต 8 ชิ้น | C37: =+'1'!C37 -> 12 | D37: =+'1'!D37+'2'!D37+'3'!D37+'4'!D37+'5'!D37+'6'!D37+'7'!D37+'8'!D37+'9'!D37+'10'!D37+'11'!D37+'12'!D37+'13'!D37+'14'!D37+'15'!D37+'16'!D37+'17'!D37+'18'!D37+'19'!D37+'20'!D37+'21'!D37+'22'!D37+'23'!D37+'24'!D37+'25'!D37+'26'!D37+'27'!D37+'28'!D37+'29'!D37+'30'!D37+'31'!D37 -> 98 | E37: =+C37+D37 -> 110 | F37: =+'1'!F37+'2'!F37+'3'!F37+'4'!F37+'5'!F37+'6'!F37+'7'!F37+'8'!F37+'9'!F37+'10'!F37+'11'!F37+'12'!F37+'13'!F37+'14'!F37+'15'!F37+'16'!F37+'17'!F37+'18'!F37+'19'!F37+'20'!F37+'21'!F37+'22'!F37+'23'!F37+'24'!F37+'25'!F37+'26'!F37+'27'!F37+'28'!F37+'29'!F37+'30'!F37+'31'!F37 -> 1 | G37: =E37-F37-H37 -> 0 | H37: =+'1'!H37+'2'!H37+'3'!H37+'4'!H37+'5'!H37+'6'!H37+'7'!H37+'8'!H37+'9'!H37+'10'!H37+'11'!H37+'12'!H37+'13'!H37+'14'!H37+'15'!H37+'16'!H37+'17'!H37+'18'!H37+'19'!H37+'20'!H37+'21'!H37+'22'!H37+'23'!H37+'24'!H37+'25'!H37+'26'!H37+'27'!H37+'28'!H37+'29'!H37+'30'!H37+'31'!H37 -> 109 | I37: 100 | J37: =+'1'!J37+'2'!J37+'3'!J37+'4'!J37+'5'!J37+'6'!J37+'7'!J37+'8'!J37+'9'!J37+'10'!J37+'11'!J37+'12'!J37+'13'!J37+'14'!J37+'15'!J37+'16'!J37+'17'!J37+'18'!J37+'19'!J37+'20'!J37+'21'!J37+'22'!J37+'23'!J37+'24'!J37+'25'!J37+'26'!J37+'27'!J37+'28'!J37+'29'!J37+'30'!J37+'31'!J37 -> 10900
A38: 34 | B38: ครีมฮอร์น วนิลา | C38: =+'1'!C38 -> 5 | D38: =+'1'!D38+'2'!D38+'3'!D38+'4'!D38+'5'!D38+'6'!D38+'7'!D38+'8'!D38+'9'!D38+'10'!D38+'11'!D38+'12'!D38+'13'!D38+'14'!D38+'15'!D38+'16'!D38+'17'!D38+'18'!D38+'19'!D38+'20'!D38+'21'!D38+'22'!D38+'23'!D38+'24'!D38+'25'!D38+'26'!D38+'27'!D38+'28'!D38+'29'!D38+'30'!D38+'31'!D38 -> 31 | E38: =+C38+D38 -> 36 | F38: =+'1'!F38+'2'!F38+'3'!F38+'4'!F38+'5'!F38+'6'!F38+'7'!F38+'8'!F38+'9'!F38+'10'!F38+'11'!F38+'12'!F38+'13'!F38+'14'!F38+'15'!F38+'16'!F38+'17'!F38+'18'!F38+'19'!F38+'20'!F38+'21'!F38+'22'!F38+'23'!F38+'24'!F38+'25'!F38+'26'!F38+'27'!F38+'28'!F38+'29'!F38+'30'!F38+'31'!F38 -> 0 | G38: =E38-F38-H38 -> 0 | H38: =+'1'!H38+'2'!H38+'3'!H38+'4'!H38+'5'!H38+'6'!H38+'7'!H38+'8'!H38+'9'!H38+'10'!H38+'11'!H38+'12'!H38+'13'!H38+'14'!H38+'15'!H38+'16'!H38+'17'!H38+'18'!H38+'19'!H38+'20'!H38+'21'!H38+'22'!H38+'23'!H38+'24'!H38+'25'!H38+'26'!H38+'27'!H38+'28'!H38+'29'!H38+'30'!H38+'31'!H38 -> 36 | I38: 50 | J38: =+'1'!J38+'2'!J38+'3'!J38+'4'!J38+'5'!J38+'6'!J38+'7'!J38+'8'!J38+'9'!J38+'10'!J38+'11'!J38+'12'!J38+'13'!J38+'14'!J38+'15'!J38+'16'!J38+'17'!J38+'18'!J38+'19'!J38+'20'!J38+'21'!J38+'22'!J38+'23'!J38+'24'!J38+'25'!J38+'26'!J38+'27'!J38+'28'!J38+'29'!J38+'30'!J38+'31'!J38 -> 1800
A39: 35 | B39: ครีมฮอร์น ใบเตย | C39: =+'1'!C39 -> 2 | D39: =+'1'!D39+'2'!D39+'3'!D39+'4'!D39+'5'!D39+'6'!D39+'7'!D39+'8'!D39+'9'!D39+'10'!D39+'11'!D39+'12'!D39+'13'!D39+'14'!D39+'15'!D39+'16'!D39+'17'!D39+'18'!D39+'19'!D39+'20'!D39+'21'!D39+'22'!D39+'23'!D39+'24'!D39+'25'!D39+'26'!D39+'27'!D39+'28'!D39+'29'!D39+'30'!D39+'31'!D39 -> 19 | E39: =+C39+D39 -> 21 | F39: =+'1'!F39+'2'!F39+'3'!F39+'4'!F39+'5'!F39+'6'!F39+'7'!F39+'8'!F39+'9'!F39+'10'!F39+'11'!F39+'12'!F39+'13'!F39+'14'!F39+'15'!F39+'16'!F39+'17'!F39+'18'!F39+'19'!F39+'20'!F39+'21'!F39+'22'!F39+'23'!F39+'24'!F39+'25'!F39+'26'!F39+'27'!F39+'28'!F39+'29'!F39+'30'!F39+'31'!F39 -> 3 | G39: =E39-F39-H39 -> 2 | H39: =+'1'!H39+'2'!H39+'3'!H39+'4'!H39+'5'!H39+'6'!H39+'7'!H39+'8'!H39+'9'!H39+'10'!H39+'11'!H39+'12'!H39+'13'!H39+'14'!H39+'15'!H39+'16'!H39+'17'!H39+'18'!H39+'19'!H39+'20'!H39+'21'!H39+'22'!H39+'23'!H39+'24'!H39+'25'!H39+'26'!H39+'27'!H39+'28'!H39+'29'!H39+'30'!H39+'31'!H39 -> 16 | I39: 50 | J39: =+'1'!J39+'2'!J39+'3'!J39+'4'!J39+'5'!J39+'6'!J39+'7'!J39+'8'!J39+'9'!J39+'10'!J39+'11'!J39+'12'!J39+'13'!J39+'14'!J39+'15'!J39+'16'!J39+'17'!J39+'18'!J39+'19'!J39+'20'!J39+'21'!J39+'22'!J39+'23'!J39+'24'!J39+'25'!J39+'26'!J39+'27'!J39+'28'!J39+'29'!J39+'30'!J39+'31'!J39 -> 800
A40: 36 | B40: ครีมฮอร์น ช็อคโกแลต | C40: =+'1'!C40 -> 1 | D40: =+'1'!D40+'2'!D40+'3'!D40+'4'!D40+'5'!D40+'6'!D40+'7'!D40+'8'!D40+'9'!D40+'10'!D40+'11'!D40+'12'!D40+'13'!D40+'14'!D40+'15'!D40+'16'!D40+'17'!D40+'18'!D40+'19'!D40+'20'!D40+'21'!D40+'22'!D40+'23'!D40+'24'!D40+'25'!D40+'26'!D40+'27'!D40+'28'!D40+'29'!D40+'30'!D40+'31'!D40 -> 17 | E40: =+C40+D40 -> 18 | F40: =+'1'!F40+'2'!F40+'3'!F40+'4'!F40+'5'!F40+'6'!F40+'7'!F40+'8'!F40+'9'!F40+'10'!F40+'11'!F40+'12'!F40+'13'!F40+'14'!F40+'15'!F40+'16'!F40+'17'!F40+'18'!F40+'19'!F40+'20'!F40+'21'!F40+'22'!F40+'23'!F40+'24'!F40+'25'!F40+'26'!F40+'27'!F40+'28'!F40+'29'!F40+'30'!F40+'31'!F40 -> 2 | G40: =E40-F40-H40 -> 0 | H40: =+'1'!H40+'2'!H40+'3'!H40+'4'!H40+'5'!H40+'6'!H40+'7'!H40+'8'!H40+'9'!H40+'10'!H40+'11'!H40+'12'!H40+'13'!H40+'14'!H40+'15'!H40+'16'!H40+'17'!H40+'18'!H40+'19'!H40+'20'!H40+'21'!H40+'22'!H40+'23'!H40+'24'!H40+'25'!H40+'26'!H40+'27'!H40+'28'!H40+'29'!H40+'30'!H40+'31'!H40 -> 16 | I40: 50 | J40: =+'1'!J40+'2'!J40+'3'!J40+'4'!J40+'5'!J40+'6'!J40+'7'!J40+'8'!J40+'9'!J40+'10'!J40+'11'!J40+'12'!J40+'13'!J40+'14'!J40+'15'!J40+'16'!J40+'17'!J40+'18'!J40+'19'!J40+'20'!J40+'21'!J40+'22'!J40+'23'!J40+'24'!J40+'25'!J40+'26'!J40+'27'!J40+'28'!J40+'29'!J40+'30'!J40+'31'!J40 -> 800
A41: 37 | B41: เบาหวิว (ล) ใหม่ รสกล้วยหอมมะพร้าวเผา | C41: =+'1'!C41 -> 9 | D41: =+'1'!D41+'2'!D41+'3'!D41+'4'!D41+'5'!D41+'6'!D41+'7'!D41+'8'!D41+'9'!D41+'10'!D41+'11'!D41+'12'!D41+'13'!D41+'14'!D41+'15'!D41+'16'!D41+'17'!D41+'18'!D41+'19'!D41+'20'!D41+'21'!D41+'22'!D41+'23'!D41+'24'!D41+'25'!D41+'26'!D41+'27'!D41+'28'!D41+'29'!D41+'30'!D41+'31'!D41 -> 35 | E41: =+C41+D41 -> 44 | F41: =+'1'!F41+'2'!F41+'3'!F41+'4'!F41+'5'!F41+'6'!F41+'7'!F41+'8'!F41+'9'!F41+'10'!F41+'11'!F41+'12'!F41+'13'!F41+'14'!F41+'15'!F41+'16'!F41+'17'!F41+'18'!F41+'19'!F41+'20'!F41+'21'!F41+'22'!F41+'23'!F41+'24'!F41+'25'!F41+'26'!F41+'27'!F41+'28'!F41+'29'!F41+'30'!F41+'31'!F41 -> 9 | G41: =E41-F41-H41 -> 0 | H41: =+'1'!H41+'2'!H41+'3'!H41+'4'!H41+'5'!H41+'6'!H41+'7'!H41+'8'!H41+'9'!H41+'10'!H41+'11'!H41+'12'!H41+'13'!H41+'14'!H41+'15'!H41+'16'!H41+'17'!H41+'18'!H41+'19'!H41+'20'!H41+'21'!H41+'22'!H41+'23'!H41+'24'!H41+'25'!H41+'26'!H41+'27'!H41+'28'!H41+'29'!H41+'30'!H41+'31'!H41 -> 35 | I41: 50 | J41: =+'1'!J41+'2'!J41+'3'!J41+'4'!J41+'5'!J41+'6'!J41+'7'!J41+'8'!J41+'9'!J41+'10'!J41+'11'!J41+'12'!J41+'13'!J41+'14'!J41+'15'!J41+'16'!J41+'17'!J41+'18'!J41+'19'!J41+'20'!J41+'21'!J41+'22'!J41+'23'!J41+'24'!J41+'25'!J41+'26'!J41+'27'!J41+'28'!J41+'29'!J41+'30'!J41+'31'!J41 -> 1750
A42: 38 | B42: เบาหวิว (ล) ใหม่ เผือกมะพร้าว | C42: =+'1'!C42 -> 4 | D42: =+'1'!D42+'2'!D42+'3'!D42+'4'!D42+'5'!D42+'6'!D42+'7'!D42+'8'!D42+'9'!D42+'10'!D42+'11'!D42+'12'!D42+'13'!D42+'14'!D42+'15'!D42+'16'!D42+'17'!D42+'18'!D42+'19'!D42+'20'!D42+'21'!D42+'22'!D42+'23'!D42+'24'!D42+'25'!D42+'26'!D42+'27'!D42+'28'!D42+'29'!D42+'30'!D42+'31'!D42 -> 17 | E42: =+C42+D42 -> 21 | F42: =+'1'!F42+'2'!F42+'3'!F42+'4'!F42+'5'!F42+'6'!F42+'7'!F42+'8'!F42+'9'!F42+'10'!F42+'11'!F42+'12'!F42+'13'!F42+'14'!F42+'15'!F42+'16'!F42+'17'!F42+'18'!F42+'19'!F42+'20'!F42+'21'!F42+'22'!F42+'23'!F42+'24'!F42+'25'!F42+'26'!F42+'27'!F42+'28'!F42+'29'!F42+'30'!F42+'31'!F42 -> 1 | G42: =E42-F42-H42 -> 1 | H42: =+'1'!H42+'2'!H42+'3'!H42+'4'!H42+'5'!H42+'6'!H42+'7'!H42+'8'!H42+'9'!H42+'10'!H42+'11'!H42+'12'!H42+'13'!H42+'14'!H42+'15'!H42+'16'!H42+'17'!H42+'18'!H42+'19'!H42+'20'!H42+'21'!H42+'22'!H42+'23'!H42+'24'!H42+'25'!H42+'26'!H42+'27'!H42+'28'!H42+'29'!H42+'30'!H42+'31'!H42 -> 19 | I42: 50 | J42: =+'1'!J42+'2'!J42+'3'!J42+'4'!J42+'5'!J42+'6'!J42+'7'!J42+'8'!J42+'9'!J42+'10'!J42+'11'!J42+'12'!J42+'13'!J42+'14'!J42+'15'!J42+'16'!J42+'17'!J42+'18'!J42+'19'!J42+'20'!J42+'21'!J42+'22'!J42+'23'!J42+'24'!J42+'25'!J42+'26'!J42+'27'!J42+'28'!J42+'29'!J42+'30'!J42+'31'!J42 -> 950
A43: 39 | B43: เบาหวิว (ล) ใหม่ กาแฟ | C43: =+'1'!C43 -> 6 | D43: =+'1'!D43+'2'!D43+'3'!D43+'4'!D43+'5'!D43+'6'!D43+'7'!D43+'8'!D43+'9'!D43+'10'!D43+'11'!D43+'12'!D43+'13'!D43+'14'!D43+'15'!D43+'16'!D43+'17'!D43+'18'!D43+'19'!D43+'20'!D43+'21'!D43+'22'!D43+'23'!D43+'24'!D43+'25'!D43+'26'!D43+'27'!D43+'28'!D43+'29'!D43+'30'!D43+'31'!D43 -> 21 | E43: =+C43+D43 -> 27 | F43: =+'1'!F43+'2'!F43+'3'!F43+'4'!F43+'5'!F43+'6'!F43+'7'!F43+'8'!F43+'9'!F43+'10'!F43+'11'!F43+'12'!F43+'13'!F43+'14'!F43+'15'!F43+'16'!F43+'17'!F43+'18'!F43+'19'!F43+'20'!F43+'21'!F43+'22'!F43+'23'!F43+'24'!F43+'25'!F43+'26'!F43+'27'!F43+'28'!F43+'29'!F43+'30'!F43+'31'!F43 -> 0 | G43: =E43-F43-H43 -> 1 | H43: =+'1'!H43+'2'!H43+'3'!H43+'4'!H43+'5'!H43+'6'!H43+'7'!H43+'8'!H43+'9'!H43+'10'!H43+'11'!H43+'12'!H43+'13'!H43+'14'!H43+'15'!H43+'16'!H43+'17'!H43+'18'!H43+'19'!H43+'20'!H43+'21'!H43+'22'!H43+'23'!H43+'24'!H43+'25'!H43+'26'!H43+'27'!H43+'28'!H43+'29'!H43+'30'!H43+'31'!H43 -> 26 | I43: 50 | J43: =+'1'!J43+'2'!J43+'3'!J43+'4'!J43+'5'!J43+'6'!J43+'7'!J43+'8'!J43+'9'!J43+'10'!J43+'11'!J43+'12'!J43+'13'!J43+'14'!J43+'15'!J43+'16'!J43+'17'!J43+'18'!J43+'19'!J43+'20'!J43+'21'!J43+'22'!J43+'23'!J43+'24'!J43+'25'!J43+'26'!J43+'27'!J43+'28'!J43+'29'!J43+'30'!J43+'31'!J43 -> 1300
A44: 40 | B44: เบาหวิว (ล) ใหม่ เนยนม | C44: =+'1'!C44 -> 6 | D44: =+'1'!D44+'2'!D44+'3'!D44+'4'!D44+'5'!D44+'6'!D44+'7'!D44+'8'!D44+'9'!D44+'10'!D44+'11'!D44+'12'!D44+'13'!D44+'14'!D44+'15'!D44+'16'!D44+'17'!D44+'18'!D44+'19'!D44+'20'!D44+'21'!D44+'22'!D44+'23'!D44+'24'!D44+'25'!D44+'26'!D44+'27'!D44+'28'!D44+'29'!D44+'30'!D44+'31'!D44 -> 22 | E44: =+C44+D44 -> 28 | F44: =+'1'!F44+'2'!F44+'3'!F44+'4'!F44+'5'!F44+'6'!F44+'7'!F44+'8'!F44+'9'!F44+'10'!F44+'11'!F44+'12'!F44+'13'!F44+'14'!F44+'15'!F44+'16'!F44+'17'!F44+'18'!F44+'19'!F44+'20'!F44+'21'!F44+'22'!F44+'23'!F44+'24'!F44+'25'!F44+'26'!F44+'27'!F44+'28'!F44+'29'!F44+'30'!F44+'31'!F44 -> 1 | G44: =E44-F44-H44 -> 0 | H44: =+'1'!H44+'2'!H44+'3'!H44+'4'!H44+'5'!H44+'6'!H44+'7'!H44+'8'!H44+'9'!H44+'10'!H44+'11'!H44+'12'!H44+'13'!H44+'14'!H44+'15'!H44+'16'!H44+'17'!H44+'18'!H44+'19'!H44+'20'!H44+'21'!H44+'22'!H44+'23'!H44+'24'!H44+'25'!H44+'26'!H44+'27'!H44+'28'!H44+'29'!H44+'30'!H44+'31'!H44 -> 27 | I44: 50 | J44: =+'1'!J44+'2'!J44+'3'!J44+'4'!J44+'5'!J44+'6'!J44+'7'!J44+'8'!J44+'9'!J44+'10'!J44+'11'!J44+'12'!J44+'13'!J44+'14'!J44+'15'!J44+'16'!J44+'17'!J44+'18'!J44+'19'!J44+'20'!J44+'21'!J44+'22'!J44+'23'!J44+'24'!J44+'25'!J44+'26'!J44+'27'!J44+'28'!J44+'29'!J44+'30'!J44+'31'!J44 -> 1350
A45: 41 | B45: เบาหวิว (ล) ใหม่ ใบเตย | C45: =+'1'!C45 -> 0 | D45: =+'1'!D45+'2'!D45+'3'!D45+'4'!D45+'5'!D45+'6'!D45+'7'!D45+'8'!D45+'9'!D45+'10'!D45+'11'!D45+'12'!D45+'13'!D45+'14'!D45+'15'!D45+'16'!D45+'17'!D45+'18'!D45+'19'!D45+'20'!D45+'21'!D45+'22'!D45+'23'!D45+'24'!D45+'25'!D45+'26'!D45+'27'!D45+'28'!D45+'29'!D45+'30'!D45+'31'!D45 -> 0 | E45: =+C45+D45 -> 0 | F45: =+'1'!F45+'2'!F45+'3'!F45+'4'!F45+'5'!F45+'6'!F45+'7'!F45+'8'!F45+'9'!F45+'10'!F45+'11'!F45+'12'!F45+'13'!F45+'14'!F45+'15'!F45+'16'!F45+'17'!F45+'18'!F45+'19'!F45+'20'!F45+'21'!F45+'22'!F45+'23'!F45+'24'!F45+'25'!F45+'26'!F45+'27'!F45+'28'!F45+'29'!F45+'30'!F45+'31'!F45 -> 0 | G45: =E45-F45-H45 -> 0 | H45: =+'1'!H45+'2'!H45+'3'!H45+'4'!H45+'5'!H45+'6'!H45+'7'!H45+'8'!H45+'9'!H45+'10'!H45+'11'!H45+'12'!H45+'13'!H45+'14'!H45+'15'!H45+'16'!H45+'17'!H45+'18'!H45+'19'!H45+'20'!H45+'21'!H45+'22'!H45+'23'!H45+'24'!H45+'25'!H45+'26'!H45+'27'!H45+'28'!H45+'29'!H45+'30'!H45+'31'!H45 -> 0 | I45: 50 | J45: =+'1'!J45+'2'!J45+'3'!J45+'4'!J45+'5'!J45+'6'!J45+'7'!J45+'8'!J45+'9'!J45+'10'!J45+'11'!J45+'12'!J45+'13'!J45+'14'!J45+'15'!J45+'16'!J45+'17'!J45+'18'!J45+'19'!J45+'20'!J45+'21'!J45+'22'!J45+'23'!J45+'24'!J45+'25'!J45+'26'!J45+'27'!J45+'28'!J45+'29'!J45+'30'!J45+'31'!J45 -> 0
A46: 42 | B46: เบาหวิว (ล) ใหม่ มะพร้าว | C46: =+'1'!C46 -> 9 | D46: =+'1'!D46+'2'!D46+'3'!D46+'4'!D46+'5'!D46+'6'!D46+'7'!D46+'8'!D46+'9'!D46+'10'!D46+'11'!D46+'12'!D46+'13'!D46+'14'!D46+'15'!D46+'16'!D46+'17'!D46+'18'!D46+'19'!D46+'20'!D46+'21'!D46+'22'!D46+'23'!D46+'24'!D46+'25'!D46+'26'!D46+'27'!D46+'28'!D46+'29'!D46+'30'!D46+'31'!D46 -> 40 | E46: =+C46+D46 -> 49 | F46: =+'1'!F46+'2'!F46+'3'!F46+'4'!F46+'5'!F46+'6'!F46+'7'!F46+'8'!F46+'9'!F46+'10'!F46+'11'!F46+'12'!F46+'13'!F46+'14'!F46+'15'!F46+'16'!F46+'17'!F46+'18'!F46+'19'!F46+'20'!F46+'21'!F46+'22'!F46+'23'!F46+'24'!F46+'25'!F46+'26'!F46+'27'!F46+'28'!F46+'29'!F46+'30'!F46+'31'!F46 -> 5 | G46: =E46-F46-H46 -> 0 | H46: =+'1'!H46+'2'!H46+'3'!H46+'4'!H46+'5'!H46+'6'!H46+'7'!H46+'8'!H46+'9'!H46+'10'!H46+'11'!H46+'12'!H46+'13'!H46+'14'!H46+'15'!H46+'16'!H46+'17'!H46+'18'!H46+'19'!H46+'20'!H46+'21'!H46+'22'!H46+'23'!H46+'24'!H46+'25'!H46+'26'!H46+'27'!H46+'28'!H46+'29'!H46+'30'!H46+'31'!H46 -> 44 | I46: 50 | J46: =+'1'!J46+'2'!J46+'3'!J46+'4'!J46+'5'!J46+'6'!J46+'7'!J46+'8'!J46+'9'!J46+'10'!J46+'11'!J46+'12'!J46+'13'!J46+'14'!J46+'15'!J46+'16'!J46+'17'!J46+'18'!J46+'19'!J46+'20'!J46+'21'!J46+'22'!J46+'23'!J46+'24'!J46+'25'!J46+'26'!J46+'27'!J46+'28'!J46+'29'!J46+'30'!J46+'31'!J46 -> 2200
A47: 43 | B47: เบาหวิว (ล) ใหม่ ฝอยทอง | C47: =+'1'!C47 -> 13 | D47: =+'1'!D47+'2'!D47+'3'!D47+'4'!D47+'5'!D47+'6'!D47+'7'!D47+'8'!D47+'9'!D47+'10'!D47+'11'!D47+'12'!D47+'13'!D47+'14'!D47+'15'!D47+'16'!D47+'17'!D47+'18'!D47+'19'!D47+'20'!D47+'21'!D47+'22'!D47+'23'!D47+'24'!D47+'25'!D47+'26'!D47+'27'!D47+'28'!D47+'29'!D47+'30'!D47+'31'!D47 -> 60 | E47: =+C47+D47 -> 73 | F47: =+'1'!F47+'2'!F47+'3'!F47+'4'!F47+'5'!F47+'6'!F47+'7'!F47+'8'!F47+'9'!F47+'10'!F47+'11'!F47+'12'!F47+'13'!F47+'14'!F47+'15'!F47+'16'!F47+'17'!F47+'18'!F47+'19'!F47+'20'!F47+'21'!F47+'22'!F47+'23'!F47+'24'!F47+'25'!F47+'26'!F47+'27'!F47+'28'!F47+'29'!F47+'30'!F47+'31'!F47 -> 0 | G47: =E47-F47-H47 -> -1 | H47: =+'1'!H47+'2'!H47+'3'!H47+'4'!H47+'5'!H47+'6'!H47+'7'!H47+'8'!H47+'9'!H47+'10'!H47+'11'!H47+'12'!H47+'13'!H47+'14'!H47+'15'!H47+'16'!H47+'17'!H47+'18'!H47+'19'!H47+'20'!H47+'21'!H47+'22'!H47+'23'!H47+'24'!H47+'25'!H47+'26'!H47+'27'!H47+'28'!H47+'29'!H47+'30'!H47+'31'!H47 -> 74 | I47: 50 | J47: =+'1'!J47+'2'!J47+'3'!J47+'4'!J47+'5'!J47+'6'!J47+'7'!J47+'8'!J47+'9'!J47+'10'!J47+'11'!J47+'12'!J47+'13'!J47+'14'!J47+'15'!J47+'16'!J47+'17'!J47+'18'!J47+'19'!J47+'20'!J47+'21'!J47+'22'!J47+'23'!J47+'24'!J47+'25'!J47+'26'!J47+'27'!J47+'28'!J47+'29'!J47+'30'!J47+'31'!J47 -> 3700
A48: 44 | B48: เบาหวิว (ล) ใหม่ ทุเรียน | C48: =+'1'!C48 -> 5 | D48: =+'1'!D48+'2'!D48+'3'!D48+'4'!D48+'5'!D48+'6'!D48+'7'!D48+'8'!D48+'9'!D48+'10'!D48+'11'!D48+'12'!D48+'13'!D48+'14'!D48+'15'!D48+'16'!D48+'17'!D48+'18'!D48+'19'!D48+'20'!D48+'21'!D48+'22'!D48+'23'!D48+'24'!D48+'25'!D48+'26'!D48+'27'!D48+'28'!D48+'29'!D48+'30'!D48+'31'!D48 -> 20 | E48: =+C48+D48 -> 25 | F48: =+'1'!F48+'2'!F48+'3'!F48+'4'!F48+'5'!F48+'6'!F48+'7'!F48+'8'!F48+'9'!F48+'10'!F48+'11'!F48+'12'!F48+'13'!F48+'14'!F48+'15'!F48+'16'!F48+'17'!F48+'18'!F48+'19'!F48+'20'!F48+'21'!F48+'22'!F48+'23'!F48+'24'!F48+'25'!F48+'26'!F48+'27'!F48+'28'!F48+'29'!F48+'30'!F48+'31'!F48 -> 0 | G48: =E48-F48-H48 -> 0 | H48: =+'1'!H48+'2'!H48+'3'!H48+'4'!H48+'5'!H48+'6'!H48+'7'!H48+'8'!H48+'9'!H48+'10'!H48+'11'!H48+'12'!H48+'13'!H48+'14'!H48+'15'!H48+'16'!H48+'17'!H48+'18'!H48+'19'!H48+'20'!H48+'21'!H48+'22'!H48+'23'!H48+'24'!H48+'25'!H48+'26'!H48+'27'!H48+'28'!H48+'29'!H48+'30'!H48+'31'!H48 -> 25 | I48: 50 | J48: =+'1'!J48+'2'!J48+'3'!J48+'4'!J48+'5'!J48+'6'!J48+'7'!J48+'8'!J48+'9'!J48+'10'!J48+'11'!J48+'12'!J48+'13'!J48+'14'!J48+'15'!J48+'16'!J48+'17'!J48+'18'!J48+'19'!J48+'20'!J48+'21'!J48+'22'!J48+'23'!J48+'24'!J48+'25'!J48+'26'!J48+'27'!J48+'28'!J48+'29'!J48+'30'!J48+'31'!J48 -> 1250
... A204: 200 | B204: ซอฟท์เค้กฝอยทอง (ระบาย) | C204: =+'1'!C204 -> 0 | D204: =+'1'!D204+'2'!D204+'3'!D204+'4'!D204+'5'!D204+'6'!D204+'7'!D204+'8'!D204+'9'!D204+'10'!D204+'11'!D204+'12'!D204+'13'!D204+'14'!D204+'15'!D204+'16'!D204+'17'!D204+'18'!D204+'19'!D204+'20'!D204+'21'!D204+'22'!D204+'23'!D204+'24'!D204+'25'!D204+'26'!D204+'27'!D204+'28'!D204+'29'!D204+'30'!D204+'31'!D204 -> 15 | E204: =+C204+D204 -> 15 | F204: =+'1'!F204+'2'!F204+'3'!F204+'4'!F204+'5'!F204+'6'!F204+'7'!F204+'8'!F204+'9'!F204+'10'!F204+'11'!F204+'12'!F204+'13'!F204+'14'!F204+'15'!F204+'16'!F204+'17'!F204+'18'!F204+'19'!F204+'20'!F204+'21'!F204+'22'!F204+'23'!F204+'24'!F204+'25'!F204+'26'!F204+'27'!F204+'28'!F204+'29'!F204+'30'!F204+'31'!F204 -> 8 | G204: =E204-F204-H204 -> 0 | H204: =+'1'!H204+'2'!H204+'3'!H204+'4'!H204+'5'!H204+'6'!H204+'7'!H204+'8'!H204+'9'!H204+'10'!H204+'11'!H204+'12'!H204+'13'!H204+'14'!H204+'15'!H204+'16'!H204+'17'!H204+'18'!H204+'19'!H204+'20'!H204+'21'!H204+'22'!H204+'23'!H204+'24'!H204+'25'!H204+'26'!H204+'27'!H204+'28'!H204+'29'!H204+'30'!H204+'31'!H204 -> 7 | I204: 0 | J204: =+'1'!J204+'2'!J204+'3'!J204+'4'!J204+'5'!J204+'6'!J204+'7'!J204+'8'!J204+'9'!J204+'10'!J204+'11'!J204+'12'!J204+'13'!J204+'14'!J204+'15'!J204+'16'!J204+'17'!J204+'18'!J204+'19'!J204+'20'!J204+'21'!J204+'22'!J204+'23'!J204+'24'!J204+'25'!J204+'26'!J204+'27'!J204+'28'!J204+'29'!J204+'30'!J204+'31'!J204 -> 210
A205: 201 | B205: ซอฟท์เค้กครีมสด (ระบาย) | C205: =+'1'!C205 -> 0 | D205: =+'1'!D205+'2'!D205+'3'!D205+'4'!D205+'5'!D205+'6'!D205+'7'!D205+'8'!D205+'9'!D205+'10'!D205+'11'!D205+'12'!D205+'13'!D205+'14'!D205+'15'!D205+'16'!D205+'17'!D205+'18'!D205+'19'!D205+'20'!D205+'21'!D205+'22'!D205+'23'!D205+'24'!D205+'25'!D205+'26'!D205+'27'!D205+'28'!D205+'29'!D205+'30'!D205+'31'!D205 -> 20 | E205: =+C205+D205 -> 20 | F205: =+'1'!F205+'2'!F205+'3'!F205+'4'!F205+'5'!F205+'6'!F205+'7'!F205+'8'!F205+'9'!F205+'10'!F205+'11'!F205+'12'!F205+'13'!F205+'14'!F205+'15'!F205+'16'!F205+'17'!F205+'18'!F205+'19'!F205+'20'!F205+'21'!F205+'22'!F205+'23'!F205+'24'!F205+'25'!F205+'26'!F205+'27'!F205+'28'!F205+'29'!F205+'30'!F205+'31'!F205 -> 5 | G205: 0 | H205: =+'1'!H205+'2'!H205+'3'!H205+'4'!H205+'5'!H205+'6'!H205+'7'!H205+'8'!H205+'9'!H205+'10'!H205+'11'!H205+'12'!H205+'13'!H205+'14'!H205+'15'!H205+'16'!H205+'17'!H205+'18'!H205+'19'!H205+'20'!H205+'21'!H205+'22'!H205+'23'!H205+'24'!H205+'25'!H205+'26'!H205+'27'!H205+'28'!H205+'29'!H205+'30'!H205+'31'!H205 -> 15 | I205: 0 | J205: =+'1'!J205+'2'!J205+'3'!J205+'4'!J205+'5'!J205+'6'!J205+'7'!J205+'8'!J205+'9'!J205+'10'!J205+'11'!J205+'12'!J205+'13'!J205+'14'!J205+'15'!J205+'16'!J205+'17'!J205+'18'!J205+'19'!J205+'20'!J205+'21'!J205+'22'!J205+'23'!J205+'24'!J205+'25'!J205+'26'!J205+'27'!J205+'28'!J205+'29'!J205+'30'!J205+'31'!J205 -> 450
A206: 202 | B206: ครีมฮอร์นชาไทย | C206: =+'1'!C206 -> 0 | D206: =+'1'!D206+'2'!D206+'3'!D206+'4'!D206+'5'!D206+'6'!D206+'7'!D206+'8'!D206+'9'!D206+'10'!D206+'11'!D206+'12'!D206+'13'!D206+'14'!D206+'15'!D206+'16'!D206+'17'!D206+'18'!D206+'19'!D206+'20'!D206+'21'!D206+'22'!D206+'23'!D206+'24'!D206+'25'!D206+'26'!D206+'27'!D206+'28'!D206+'29'!D206+'30'!D206+'31'!D206 -> 5 | E206: =+C206+D206 -> 5 | F206: =+'1'!F206+'2'!F206+'3'!F206+'4'!F206+'5'!F206+'6'!F206+'7'!F206+'8'!F206+'9'!F206+'10'!F206+'11'!F206+'12'!F206+'13'!F206+'14'!F206+'15'!F206+'16'!F206+'17'!F206+'18'!F206+'19'!F206+'20'!F206+'21'!F206+'22'!F206+'23'!F206+'24'!F206+'25'!F206+'26'!F206+'27'!F206+'28'!F206+'29'!F206+'30'!F206+'31'!F206 -> 0 | G206: 0 | H206: =+'1'!H206+'2'!H206+'3'!H206+'4'!H206+'5'!H206+'6'!H206+'7'!H206+'8'!H206+'9'!H206+'10'!H206+'11'!H206+'12'!H206+'13'!H206+'14'!H206+'15'!H206+'16'!H206+'17'!H206+'18'!H206+'19'!H206+'20'!H206+'21'!H206+'22'!H206+'23'!H206+'24'!H206+'25'!H206+'26'!H206+'27'!H206+'28'!H206+'29'!H206+'30'!H206+'31'!H206 -> 5 | I206: 0 | J206: =+'1'!J206+'2'!J206+'3'!J206+'4'!J206+'5'!J206+'6'!J206+'7'!J206+'8'!J206+'9'!J206+'10'!J206+'11'!J206+'12'!J206+'13'!J206+'14'!J206+'15'!J206+'16'!J206+'17'!J206+'18'!J206+'19'!J206+'20'!J206+'21'!J206+'22'!J206+'23'!J206+'24'!J206+'25'!J206+'26'!J206+'27'!J206+'28'!J206+'29'!J206+'30'!J206+'31'!J206 -> 125
A207: 203 | B207: ปังกรอบ | C207: =+'1'!C207 -> 0 | D207: =+'1'!D207+'2'!D207+'3'!D207+'4'!D207+'5'!D207+'6'!D207+'7'!D207+'8'!D207+'9'!D207+'10'!D207+'11'!D207+'12'!D207+'13'!D207+'14'!D207+'15'!D207+'16'!D207+'17'!D207+'18'!D207+'19'!D207+'20'!D207+'21'!D210+'22'!D210+'23'!D210+'24'!D210+'25'!D210+'26'!D210+'27'!D210+'28'!D210+'29'!D210+'30'!D210+'31'!D207 -> 0 | E207: =+C207+D207 -> 0 | F207: =+'1'!F207+'2'!F207+'3'!F207+'4'!F207+'5'!F207+'6'!F207+'7'!F207+'8'!F207+'9'!F207+'10'!F207+'11'!F207+'12'!F207+'13'!F207+'14'!F207+'15'!F207+'16'!F207+'17'!F207+'18'!F207+'19'!F207+'20'!F207+'21'!F210+'22'!F210+'23'!F210+'24'!F210+'25'!F210+'26'!F210+'27'!F210+'28'!F210+'29'!F210+'30'!F210+'31'!F207 -> 0 | G207: =E207-F207-H207 -> 0 | H207: =+'1'!H207+'2'!H207+'3'!H207+'4'!H207+'5'!H207+'6'!H207+'7'!H207+'8'!H207+'9'!H207+'10'!H207+'11'!H207+'12'!H207+'13'!H207+'14'!H207+'15'!H207+'16'!H207+'17'!H207+'18'!H207+'19'!H207+'20'!H207+'21'!H210+'22'!H210+'23'!H210+'24'!H210+'25'!H210+'26'!H210+'27'!H210+'28'!H210+'29'!H210+'30'!H210+'31'!H207 -> 0 | I207: 0 | J207: =+'1'!J207+'2'!J207+'3'!J207+'4'!J207+'5'!J207+'6'!J207+'7'!J207+'8'!J207+'9'!J207+'10'!J207+'11'!J207+'12'!J207+'13'!J207+'14'!J207+'15'!J207+'16'!J207+'17'!J207+'18'!J207+'19'!J207+'20'!J207+'21'!J210+'22'!J210+'23'!J210+'24'!J210+'25'!J210+'26'!J210+'27'!J210+'28'!J210+'29'!J210+'30'!J210+'31'!J207 -> 0
A208: 204 | C208: =+'1'!C208 -> 0 | D208: =+'1'!D208+'2'!D208+'3'!D208+'4'!D208+'5'!D208+'6'!D208+'7'!D208+'8'!D208+'9'!D208+'10'!D208+'11'!D208+'12'!D208+'13'!D208+'14'!D208+'15'!D208+'16'!D208+'17'!D208+'18'!D208+'19'!D208+'20'!D208+'21'!D211+'22'!D211+'23'!D211+'24'!D211+'25'!D211+'26'!D211+'27'!D211+'28'!D211+'29'!D211+'30'!D211+'31'!D208 -> 0 | E208: =+C208+D208 -> 0 | F208: =+'1'!F208+'2'!F208+'3'!F208+'4'!F208+'5'!F208+'6'!F208+'7'!F208+'8'!F208+'9'!F208+'10'!F208+'11'!F208+'12'!F208+'13'!F208+'14'!F208+'15'!F208+'16'!F208+'17'!F208+'18'!F208+'19'!F208+'20'!F208+'21'!F211+'22'!F211+'23'!F211+'24'!F211+'25'!F211+'26'!F211+'27'!F211+'28'!F211+'29'!F211+'30'!F211+'31'!F208 -> 0 | G208: =E208-F208-H208 -> 0 | H208: 0 | I208: 0 | J208: =+'1'!J208+'2'!J208+'3'!J208+'4'!J208+'5'!J208+'6'!J208+'7'!J208+'8'!J208+'9'!J208+'10'!J208+'11'!J208+'12'!J208+'13'!J208+'14'!J208+'15'!J208+'16'!J208+'17'!J208+'18'!J208+'19'!J208+'20'!J208+'21'!J211+'22'!J211+'23'!J211+'24'!J211+'25'!J211+'26'!J211+'27'!J211+'28'!J211+'29'!J211+'30'!J211+'31'!J208 -> 0
A209: 205 | C209: =+'1'!C209 -> 0 | D209: =+'1'!D209+'2'!D209+'3'!D209+'4'!D209+'5'!D209+'6'!D209+'7'!D209+'8'!D209+'9'!D209+'10'!D209+'11'!D209+'12'!D209+'13'!D209+'14'!D209+'15'!D209+'16'!D209+'17'!D209+'18'!D209+'19'!D209+'20'!D209+'21'!D212+'22'!D212+'23'!D212+'24'!D212+'25'!D212+'26'!D212+'27'!D212+'28'!D212+'29'!D212+'30'!D212+'31'!D209 -> 0 | E209: =+C209+D209 -> 0 | F209: =+'1'!F209+'2'!F209+'3'!F209+'4'!F209+'5'!F209+'6'!F209+'7'!F209+'8'!F209+'9'!F209+'10'!F209+'11'!F209+'12'!F209+'13'!F209+'14'!F209+'15'!F209+'16'!F209+'17'!F209+'18'!F209+'19'!F209+'20'!F209+'21'!F212+'22'!F212+'23'!F212+'24'!F212+'25'!F212+'26'!F212+'27'!F212+'28'!F212+'29'!F212+'30'!F212+'31'!F209 -> 0 | G209: =E209-F209-H209 -> 0 | H209: =+'1'!H209+'2'!H209+'3'!H209+'4'!H209+'5'!H209+'6'!H209+'7'!H209+'8'!H209+'9'!H209+'10'!H209+'11'!H209+'12'!H209+'13'!H209+'14'!H209+'15'!H209+'16'!H209+'17'!H209+'18'!H209+'19'!H209+'20'!H209+'21'!H212+'22'!H212+'23'!H212+'24'!H212+'25'!H212+'26'!H212+'27'!H212+'28'!H212+'29'!H212+'30'!H212+'31'!H209 -> 0 | I209: 0 | J209: =+'1'!J209+'2'!J209+'3'!J209+'4'!J209+'5'!J209+'6'!J209+'7'!J209+'8'!J209+'9'!J209+'10'!J209+'11'!J209+'12'!J209+'13'!J209+'14'!J209+'15'!J209+'16'!J209+'17'!J209+'18'!J209+'19'!J209+'20'!J209+'21'!J212+'22'!J212+'23'!J212+'24'!J212+'25'!J212+'26'!J212+'27'!J212+'28'!J212+'29'!J212+'30'!J212+'31'!J209 -> 0
A210: 206 | C210: =+'1'!C210 -> 0 | D210: =+'1'!D210+'2'!D210+'3'!D210+'4'!D210+'5'!D210+'6'!D210+'7'!D210+'8'!D210+'9'!D210+'10'!D210+'11'!D210+'12'!D210+'13'!D210+'14'!D210+'15'!D210+'16'!D210+'17'!D210+'18'!D210+'19'!D210+'20'!D210+'21'!D213+'22'!D213+'23'!D213+'24'!D213+'25'!D213+'26'!D213+'27'!D213+'28'!D213+'29'!D213+'30'!D213+'31'!D210 -> 0 | E210: =+C210+D210 -> 0 | F210: =+'1'!F210+'2'!F210+'3'!F210+'4'!F210+'5'!F210+'6'!F210+'7'!F210+'8'!F210+'9'!F210+'10'!F210+'11'!F210+'12'!F210+'13'!F210+'14'!F210+'15'!F210+'16'!F210+'17'!F210+'18'!F210+'19'!F210+'20'!F210+'21'!F213+'22'!F213+'23'!F213+'24'!F213+'25'!F213+'26'!F213+'27'!F213+'28'!F213+'29'!F213+'30'!F213+'31'!F210 -> 0 | G210: =E210-F210-H210 -> 0 | H210: =+'1'!H210+'2'!H210+'3'!H210+'4'!H210+'5'!H210+'6'!H210+'7'!H210+'8'!H210+'9'!H210+'10'!H210+'11'!H210+'12'!H210+'13'!H210+'14'!H210+'15'!H210+'16'!H210+'17'!H210+'18'!H210+'19'!H210+'20'!H210+'21'!H213+'22'!H213+'23'!H213+'24'!H213+'25'!H213+'26'!H213+'27'!H213+'28'!H213+'29'!H213+'30'!H213+'31'!H210 -> 0 | I210: 0 | J210: =+'1'!J210+'2'!J210+'3'!J210+'4'!J210+'5'!J210+'6'!J210+'7'!J210+'8'!J210+'9'!J210+'10'!J210+'11'!J210+'12'!J210+'13'!J210+'14'!J210+'15'!J210+'16'!J210+'17'!J210+'18'!J210+'19'!J210+'20'!J210+'21'!J213+'22'!J213+'23'!J213+'24'!J213+'25'!J213+'26'!J213+'27'!J213+'28'!J213+'29'!J213+'30'!J213+'31'!J210 -> 0
A211: 207 | C211: =+'1'!C211 -> 0 | D211: =+'1'!D211+'2'!D211+'3'!D211+'4'!D211+'5'!D211+'6'!D211+'7'!D211+'8'!D211+'9'!D211+'10'!D211+'11'!D211+'12'!D211+'13'!D211+'14'!D211+'15'!D211+'16'!D211+'17'!D211+'18'!D211+'19'!D211+'20'!D211+'21'!D214+'22'!D214+'23'!D214+'24'!D214+'25'!D214+'26'!D214+'27'!D214+'28'!D214+'29'!D214+'30'!D214+'31'!D211 -> 0 | E211: =+C211+D211 -> 0 | F211: =+'1'!F211+'2'!F211+'3'!F211+'4'!F211+'5'!F211+'6'!F211+'7'!F211+'8'!F211+'9'!F211+'10'!F211+'11'!F211+'12'!F211+'13'!F211+'14'!F211+'15'!F211+'16'!F211+'17'!F211+'18'!F211+'19'!F211+'20'!F211+'21'!F214+'22'!F214+'23'!F214+'24'!F214+'25'!F214+'26'!F214+'27'!F214+'28'!F214+'29'!F214+'30'!F214+'31'!F211 -> 0 | G211: =E211-F211-H211 -> 0 | H211: =+'1'!H211+'2'!H211+'3'!H211+'4'!H211+'5'!H211+'6'!H211+'7'!H211+'8'!H211+'9'!H211+'10'!H211+'11'!H211+'12'!H211+'13'!H211+'14'!H211+'15'!H211+'16'!H211+'17'!H211+'18'!H211+'19'!H211+'20'!H211+'21'!H214+'22'!H214+'23'!H214+'24'!H214+'25'!H214+'26'!H214+'27'!H214+'28'!H214+'29'!H214+'30'!H214+'31'!H211 -> 0 | I211: 0 | J211: =+'1'!J211+'2'!J211+'3'!J211+'4'!J211+'5'!J211+'6'!J211+'7'!J211+'8'!J211+'9'!J211+'10'!J211+'11'!J211+'12'!J211+'13'!J211+'14'!J211+'15'!J211+'16'!J211+'17'!J211+'18'!J211+'19'!J211+'20'!J211+'21'!J214+'22'!J214+'23'!J214+'24'!J214+'25'!J214+'26'!J214+'27'!J214+'28'!J214+'29'!J214+'30'!J214+'31'!J211 -> 0
A212: 208 | C212: =+'1'!C212 -> 0 | D212: =+'1'!D212+'2'!D212+'3'!D212+'4'!D212+'5'!D212+'6'!D212+'7'!D212+'8'!D212+'9'!D212+'10'!D212+'11'!D212+'12'!D212+'13'!D212+'14'!D212+'15'!D212+'16'!D212+'17'!D212+'18'!D212+'19'!D212+'20'!D212+'21'!D215+'22'!D215+'23'!D215+'24'!D215+'25'!D215+'26'!D215+'27'!D215+'28'!D215+'29'!D215+'30'!D215+'31'!D212 -> 0 | E212: =+C212+D212 -> 0 | F212: =+'1'!F212+'2'!F212+'3'!F212+'4'!F212+'5'!F212+'6'!F212+'7'!F212+'8'!F212+'9'!F212+'10'!F212+'11'!F212+'12'!F212+'13'!F212+'14'!F212+'15'!F212+'16'!F212+'17'!F212+'18'!F212+'19'!F212+'20'!F212+'21'!F215+'22'!F215+'23'!F215+'24'!F215+'25'!F215+'26'!F215+'27'!F215+'28'!F215+'29'!F215+'30'!F215+'31'!F212 -> 0 | G212: =E212-F212-H212 -> 0 | H212: =+'1'!H212+'2'!H212+'3'!H212+'4'!H212+'5'!H212+'6'!H212+'7'!H212+'8'!H212+'9'!H212+'10'!H212+'11'!H212+'12'!H212+'13'!H212+'14'!H212+'15'!H212+'16'!H212+'17'!H212+'18'!H212+'19'!H212+'20'!H212+'21'!H215+'22'!H215+'23'!H215+'24'!H215+'25'!H215+'26'!H215+'27'!H215+'28'!H215+'29'!H215+'30'!H215+'31'!H212 -> 0 | I212: 0 | J212: =+'1'!J212+'2'!J212+'3'!J212+'4'!J212+'5'!J212+'6'!J212+'7'!J212+'8'!J212+'9'!J212+'10'!J212+'11'!J212+'12'!J212+'13'!J212+'14'!J212+'15'!J212+'16'!J212+'17'!J212+'18'!J212+'19'!J212+'20'!J212+'21'!J215+'22'!J215+'23'!J215+'24'!J215+'25'!J215+'26'!J215+'27'!J215+'28'!J215+'29'!J215+'30'!J215+'31'!J212 -> 0
A213: 209 | C213: =+'1'!C213 -> 0 | D213: =+'1'!D213+'2'!D213+'3'!D213+'4'!D213+'5'!D213+'6'!D213+'7'!D213+'8'!D213+'9'!D213+'10'!D213+'11'!D213+'12'!D213+'13'!D213+'14'!D213+'15'!D213+'16'!D213+'17'!D213+'18'!D213+'19'!D213+'20'!D213+'21'!D216+'22'!D216+'23'!D216+'24'!D216+'25'!D216+'26'!D216+'27'!D216+'28'!D216+'29'!D216+'30'!D216+'31'!D213 -> 0 | E213: =+C213+D213 -> 0 | F213: =+'1'!F213+'2'!F213+'3'!F213+'4'!F213+'5'!F213+'6'!F213+'7'!F213+'8'!F213+'9'!F213+'10'!F213+'11'!F213+'12'!F213+'13'!F213+'14'!F213+'15'!F213+'16'!F213+'17'!F213+'18'!F213+'19'!F213+'20'!F213+'21'!F216+'22'!F216+'23'!F216+'24'!F216+'25'!F216+'26'!F216+'27'!F216+'28'!F216+'29'!F216+'30'!F216+'31'!F213 -> 0 | G213: =E213-F213-H213 -> 0 | H213: =+'1'!H213+'2'!H213+'3'!H213+'4'!H213+'5'!H213+'6'!H213+'7'!H213+'8'!H213+'9'!H213+'10'!H213+'11'!H213+'12'!H213+'13'!H213+'14'!H213+'15'!H213+'16'!H213+'17'!H213+'18'!H213+'19'!H213+'20'!H213+'21'!H216+'22'!H216+'23'!H216+'24'!H216+'25'!H216+'26'!H216+'27'!H216+'28'!H216+'29'!H216+'30'!H216+'31'!H213 -> 0 | I213: 0 | J213: =+'1'!J213+'2'!J213+'3'!J213+'4'!J213+'5'!J213+'6'!J213+'7'!J213+'8'!J213+'9'!J213+'10'!J213+'11'!J213+'12'!J213+'13'!J213+'14'!J213+'15'!J213+'16'!J213+'17'!J213+'18'!J213+'19'!J213+'20'!J213+'21'!J216+'22'!J216+'23'!J216+'24'!J216+'25'!J216+'26'!J216+'27'!J216+'28'!J216+'29'!J216+'30'!J216+'31'!J213 -> 0
A214: 210 | C214: =+'1'!C214 -> 0 | D214: =+'1'!D214+'2'!D214+'3'!D214+'4'!D214+'5'!D214+'6'!D214+'7'!D214+'8'!D214+'9'!D214+'10'!D214+'11'!D214+'12'!D214+'13'!D214+'14'!D214+'15'!D214+'16'!D214+'17'!D214+'18'!D214+'19'!D214+'20'!D214+'21'!D217+'22'!D217+'23'!D217+'24'!D217+'25'!D217+'26'!D217+'27'!D217+'28'!D217+'29'!D217+'30'!D217+'31'!D214 -> 0 | E214: =+C214+D214 -> 0 | F214: =+'1'!F214+'2'!F214+'3'!F214+'4'!F214+'5'!F214+'6'!F214+'7'!F214+'8'!F214+'9'!F214+'10'!F214+'11'!F214+'12'!F214+'13'!F214+'14'!F214+'15'!F214+'16'!F214+'17'!F214+'18'!F214+'19'!F214+'20'!F214+'21'!F217+'22'!F217+'23'!F217+'24'!F217+'25'!F217+'26'!F217+'27'!F217+'28'!F217+'29'!F217+'30'!F217+'31'!F214 -> 0 | G214: =E214-F214-H214 -> 0 | H214: =+'1'!H214+'2'!H214+'3'!H214+'4'!H214+'5'!H214+'6'!H214+'7'!H214+'8'!H214+'9'!H214+'10'!H214+'11'!H214+'12'!H214+'13'!H214+'14'!H214+'15'!H214+'16'!H214+'17'!H214+'18'!H214+'19'!H214+'20'!H214+'21'!H217+'22'!H217+'23'!H217+'24'!H217+'25'!H217+'26'!H217+'27'!H217+'28'!H217+'29'!H217+'30'!H217+'31'!H214 -> 0 | I214: 0 | J214: =+'1'!J214+'2'!J214+'3'!J214+'4'!J214+'5'!J214+'6'!J214+'7'!J214+'8'!J214+'9'!J214+'10'!J214+'11'!J214+'12'!J214+'13'!J214+'14'!J214+'15'!J214+'16'!J214+'17'!J214+'18'!J214+'19'!J214+'20'!J214+'21'!J217+'22'!J217+'23'!J217+'24'!J217+'25'!J217+'26'!J217+'27'!J217+'28'!J217+'29'!J217+'30'!J217+'31'!J214 -> 0
A215: 211 | C215: =+'1'!C215 -> 0 | D215: =+'1'!D215+'2'!D215+'3'!D215+'4'!D215+'5'!D215+'6'!D215+'7'!D215+'8'!D215+'9'!D215+'10'!D215+'11'!D215+'12'!D215+'13'!D215+'14'!D215+'15'!D215+'16'!D215+'17'!D215+'18'!D215+'19'!D215+'20'!D215+'21'!D218+'22'!D218+'23'!D218+'24'!D218+'25'!D218+'26'!D218+'27'!D218+'28'!D218+'29'!D218+'30'!D218+'31'!D215 -> 0 | E215: =+C215+D215 -> 0 | F215: =+'1'!F215+'2'!F215+'3'!F215+'4'!F215+'5'!F215+'6'!F215+'7'!F215+'8'!F215+'9'!F215+'10'!F215+'11'!F215+'12'!F215+'13'!F215+'14'!F215+'15'!F215+'16'!F215+'17'!F215+'18'!F215+'19'!F215+'20'!F215+'21'!F218+'22'!F218+'23'!F218+'24'!F218+'25'!F218+'26'!F218+'27'!F218+'28'!F218+'29'!F218+'30'!F218+'31'!F215 -> 0 | G215: =E215-F215-H215 -> 0 | H215: =+'1'!H215+'2'!H215+'3'!H215+'4'!H215+'5'!H215+'6'!H215+'7'!H215+'8'!H215+'9'!H215+'10'!H215+'11'!H215+'12'!H215+'13'!H215+'14'!H215+'15'!H215+'16'!H215+'17'!H215+'18'!H215+'19'!H215+'20'!H215+'21'!H218+'22'!H218+'23'!H218+'24'!H218+'25'!H218+'26'!H218+'27'!H218+'28'!H218+'29'!H218+'30'!H218+'31'!H215 -> 0 | I215: 0 | J215: =+'1'!J215+'2'!J215+'3'!J215+'4'!J215+'5'!J215+'6'!J215+'7'!J215+'8'!J215+'9'!J215+'10'!J215+'11'!J215+'12'!J215+'13'!J215+'14'!J215+'15'!J215+'16'!J215+'17'!J215+'18'!J215+'19'!J215+'20'!J215+'21'!J218+'22'!J218+'23'!J218+'24'!J218+'25'!J218+'26'!J218+'27'!J218+'28'!J218+'29'!J218+'30'!J218+'31'!J215 -> 0
A216: 212 | C216: =+'1'!C216 -> 0 | D216: =+'1'!D216+'2'!D216+'3'!D216+'4'!D216+'5'!D216+'6'!D216+'7'!D216+'8'!D216+'9'!D216+'10'!D216+'11'!D216+'12'!D216+'13'!D216+'14'!D216+'15'!D216+'16'!D216+'17'!D216+'18'!D216+'19'!D216+'20'!D216+'21'!D219+'22'!D219+'23'!D219+'24'!D219+'25'!D219+'26'!D219+'27'!D219+'28'!D219+'29'!D219+'30'!D219+'31'!D216 -> 0 | E216: =+C216+D216 -> 0 | F216: =+'1'!F216+'2'!F216+'3'!F216+'4'!F216+'5'!F216+'6'!F216+'7'!F216+'8'!F216+'9'!F216+'10'!F216+'11'!F216+'12'!F216+'13'!F216+'14'!F216+'15'!F216+'16'!F216+'17'!F216+'18'!F216+'19'!F216+'20'!F216+'21'!F219+'22'!F219+'23'!F219+'24'!F219+'25'!F219+'26'!F219+'27'!F219+'28'!F219+'29'!F219+'30'!F219+'31'!F216 -> 0 | G216: =E216-F216-H216 -> 0 | H216: =+'1'!H216+'2'!H216+'3'!H216+'4'!H216+'5'!H216+'6'!H216+'7'!H216+'8'!H216+'9'!H216+'10'!H216+'11'!H216+'12'!H216+'13'!H216+'14'!H216+'15'!H216+'16'!H216+'17'!H216+'18'!H216+'19'!H216+'20'!H216+'21'!H219+'22'!H219+'23'!H219+'24'!H219+'25'!H219+'26'!H219+'27'!H219+'28'!H219+'29'!H219+'30'!H219+'31'!H216 -> 0 | I216: 0 | J216: =+'1'!J216+'2'!J216+'3'!J216+'4'!J216+'5'!J216+'6'!J216+'7'!J216+'8'!J216+'9'!J216+'10'!J216+'11'!J216+'12'!J216+'13'!J216+'14'!J216+'15'!J216+'16'!J216+'17'!J216+'18'!J216+'19'!J216+'20'!J216+'21'!J219+'22'!J219+'23'!J219+'24'!J219+'25'!J219+'26'!J219+'27'!J219+'28'!J219+'29'!J219+'30'!J219+'31'!J216 -> 0
A217: 213 | C217: =+'1'!C217 -> 0 | D217: =+'1'!D217+'2'!D217+'3'!D217+'4'!D217+'5'!D217+'6'!D217+'7'!D217+'8'!D217+'9'!D217+'10'!D217+'11'!D217+'12'!D217+'13'!D217+'14'!D217+'15'!D217+'16'!D217+'17'!D217+'18'!D217+'19'!D217+'20'!D217+'21'!D220+'22'!D220+'23'!D220+'24'!D220+'25'!D220+'26'!D220+'27'!D220+'28'!D220+'29'!D220+'30'!D220+'31'!D217 -> 0 | E217: =+C217+D217 -> 0 | F217: =+'1'!F217+'2'!F217+'3'!F217+'4'!F217+'5'!F217+'6'!F217+'7'!F217+'8'!F217+'9'!F217+'10'!F217+'11'!F217+'12'!F217+'13'!F217+'14'!F217+'15'!F217+'16'!F217+'17'!F217+'18'!F217+'19'!F217+'20'!F217+'21'!F220+'22'!F220+'23'!F220+'24'!F220+'25'!F220+'26'!F220+'27'!F220+'28'!F220+'29'!F220+'30'!F220+'31'!F217 -> 0 | G217: =E217-F217-H217 -> 0 | H217: =+'1'!H217+'2'!H217+'3'!H217+'4'!H217+'5'!H217+'6'!H217+'7'!H217+'8'!H217+'9'!H217+'10'!H217+'11'!H217+'12'!H217+'13'!H217+'14'!H217+'15'!H217+'16'!H217+'17'!H217+'18'!H217+'19'!H217+'20'!H217+'21'!H220+'22'!H220+'23'!H220+'24'!H220+'25'!H220+'26'!H220+'27'!H220+'28'!H220+'29'!H220+'30'!H220+'31'!H217 -> 0 | I217: 0 | J217: =+'1'!J217+'2'!J217+'3'!J217+'4'!J217+'5'!J217+'6'!J217+'7'!J217+'8'!J217+'9'!J217+'10'!J217+'11'!J217+'12'!J217+'13'!J217+'14'!J217+'15'!J217+'16'!J217+'17'!J217+'18'!J217+'19'!J217+'20'!J217+'21'!J220+'22'!J220+'23'!J220+'24'!J220+'25'!J220+'26'!J220+'27'!J220+'28'!J220+'29'!J220+'30'!J220+'31'!J217 -> 0
A218: 217 | C218: =+'1'!C218 -> 0 | D218: =+'1'!D218+'2'!D218+'3'!D218+'4'!D218+'5'!D218+'6'!D218+'7'!D218+'8'!D218+'9'!D218+'10'!D218+'11'!D218+'12'!D218+'13'!D218+'14'!D218+'15'!D218+'16'!D218+'17'!D218+'18'!D218+'19'!D218+'20'!D218+'21'!D221+'22'!D221+'23'!D221+'24'!D221+'25'!D221+'26'!D221+'27'!D221+'28'!D221+'29'!D221+'30'!D221+'31'!D218 -> 0 | E218: =+C218+D218 -> 0 | F218: =+'1'!F218+'2'!F218+'3'!F218+'4'!F218+'5'!F218+'6'!F218+'7'!F218+'8'!F218+'9'!F218+'10'!F218+'11'!F218+'12'!F218+'13'!F218+'14'!F218+'15'!F218+'16'!F218+'17'!F218+'18'!F218+'19'!F218+'20'!F218+'21'!F221+'22'!F221+'23'!F221+'24'!F221+'25'!F221+'26'!F221+'27'!F221+'28'!F221+'29'!F221+'30'!F221+'31'!F218 -> 0 | G218: =E218-F218-H218 -> 0 | H218: =+'1'!H218+'2'!H218+'3'!H218+'4'!H218+'5'!H218+'6'!H218+'7'!H218+'8'!H218+'9'!H218+'10'!H218+'11'!H218+'12'!H218+'13'!H218+'14'!H218+'15'!H218+'16'!H218+'17'!H218+'18'!H218+'19'!H218+'20'!H218+'21'!H221+'22'!H221+'23'!H221+'24'!H221+'25'!H221+'26'!H221+'27'!H221+'28'!H221+'29'!H221+'30'!H221+'31'!H218 -> 0 | I218: 0 | J218: =+'1'!J218+'2'!J218+'3'!J218+'4'!J218+'5'!J218+'6'!J218+'7'!J218+'8'!J218+'9'!J218+'10'!J218+'11'!J218+'12'!J218+'13'!J218+'14'!J218+'15'!J218+'16'!J218+'17'!J218+'18'!J218+'19'!J218+'20'!J218+'21'!J221+'22'!J221+'23'!J221+'24'!J221+'25'!J221+'26'!J221+'27'!J221+'28'!J221+'29'!J221+'30'!J221+'31'!J218 -> 0
A219: 218 | C219: =+'1'!C219 -> 0 | D219: =+'1'!D219+'2'!D219+'3'!D219+'4'!D219+'5'!D219+'6'!D219+'7'!D219+'8'!D219+'9'!D219+'10'!D219+'11'!D219+'12'!D219+'13'!D219+'14'!D219+'15'!D219+'16'!D219+'17'!D219+'18'!D219+'19'!D219+'20'!D219+'21'!D222+'22'!D222+'23'!D222+'24'!D222+'25'!D222+'26'!D222+'27'!D222+'28'!D222+'29'!D222+'30'!D222+'31'!D219 -> 0 | E219: =+C219+D219 -> 0 | F219: =+'1'!F219+'2'!F219+'3'!F219+'4'!F219+'5'!F219+'6'!F219+'7'!F219+'8'!F219+'9'!F219+'10'!F219+'11'!F219+'12'!F219+'13'!F219+'14'!F219+'15'!F219+'16'!F219+'17'!F219+'18'!F219+'19'!F219+'20'!F219+'21'!F222+'22'!F222+'23'!F222+'24'!F222+'25'!F222+'26'!F222+'27'!F222+'28'!F222+'29'!F222+'30'!F222+'31'!F219 -> 0 | G219: =E219-F219-H219 -> 0 | H219: =+'1'!H219+'2'!H219+'3'!H219+'4'!H219+'5'!H219+'6'!H219+'7'!H219+'8'!H219+'9'!H219+'10'!H219+'11'!H219+'12'!H219+'13'!H219+'14'!H219+'15'!H219+'16'!H219+'17'!H219+'18'!H219+'19'!H219+'20'!H219+'21'!H222+'22'!H222+'23'!H222+'24'!H222+'25'!H222+'26'!H222+'27'!H222+'28'!H222+'29'!H222+'30'!H222+'31'!H219 -> 0 | I219: 0 | J219: =+'1'!J219+'2'!J219+'3'!J219+'4'!J219+'5'!J219+'6'!J219+'7'!J219+'8'!J219+'9'!J219+'10'!J219+'11'!J219+'12'!J219+'13'!J219+'14'!J219+'15'!J219+'16'!J219+'17'!J219+'18'!J219+'19'!J219+'20'!J219+'21'!J222+'22'!J222+'23'!J222+'24'!J222+'25'!J222+'26'!J222+'27'!J222+'28'!J222+'29'!J222+'30'!J222+'31'!J219 -> 0
A220: 219 | C220: =+'1'!C220 -> 0 | D220: =+'1'!D220+'2'!D220+'3'!D220+'4'!D220+'5'!D220+'6'!D220+'7'!D220+'8'!D220+'9'!D220+'10'!D220+'11'!D220+'12'!D220+'13'!D220+'14'!D220+'15'!D220+'16'!D220+'17'!D220+'18'!D220+'19'!D220+'20'!D220+'21'!D223+'22'!D223+'23'!D223+'24'!D223+'25'!D223+'26'!D223+'27'!D223+'28'!D223+'29'!D223+'30'!D223+'31'!D220 -> 0 | E220: =+C220+D220 -> 0 | F220: =+'1'!F220+'2'!F220+'3'!F220+'4'!F220+'5'!F220+'6'!F220+'7'!F220+'8'!F220+'9'!F220+'10'!F220+'11'!F220+'12'!F220+'13'!F220+'14'!F220+'15'!F220+'16'!F220+'17'!F220+'18'!F220+'19'!F220+'20'!F220+'21'!F223+'22'!F223+'23'!F223+'24'!F223+'25'!F223+'26'!F223+'27'!F223+'28'!F223+'29'!F223+'30'!F223+'31'!F220 -> 0 | G220: =E220-F220-H220 -> 0 | H220: =+'1'!H220+'2'!H220+'3'!H220+'4'!H220+'5'!H220+'6'!H220+'7'!H220+'8'!H220+'9'!H220+'10'!H220+'11'!H220+'12'!H220+'13'!H220+'14'!H220+'15'!H220+'16'!H220+'17'!H220+'18'!H220+'19'!H220+'20'!H220+'21'!H223+'22'!H223+'23'!H223+'24'!H223+'25'!H223+'26'!H223+'27'!H223+'28'!H223+'29'!H223+'30'!H223+'31'!H220 -> 0 | I220: 0 | J220: 0
A221: 220 | D221: =+'1'!D221+'2'!D221+'3'!D221+'4'!D221+'5'!D221+'6'!D221+'7'!D221+'8'!D221+'9'!D221+'10'!D221+'11'!D221+'12'!D221+'13'!D221+'14'!D221+'15'!D221+'16'!D221+'17'!D221+'18'!D221+'19'!D221+'20'!D221+'21'!D224+'22'!D224+'23'!D224+'24'!D224+'25'!D224+'26'!D224+'27'!D224+'28'!D224+'29'!D224+'30'!D224+'31'!D221 -> 0 | E221: =+C221+D221 -> 0 | F221: =+'1'!F221+'2'!F221+'3'!F221+'4'!F221+'5'!F221+'6'!F221+'7'!F221+'8'!F221+'9'!F221+'10'!F221+'11'!F221+'12'!F221+'13'!F221+'14'!F221+'15'!F221+'16'!F221+'17'!F221+'18'!F221+'19'!F221+'20'!F221+'21'!F224+'22'!F224+'23'!F224+'24'!F224+'25'!F224+'26'!F224+'27'!F224+'28'!F224+'29'!F224+'30'!F224+'31'!F221 -> 0 | G221: =E221-F221-H221 -> 0 | H221: =+'1'!H221+'2'!H221+'3'!H221+'4'!H221+'5'!H221+'6'!H221+'7'!H221+'8'!H221+'9'!H221+'10'!H221+'11'!H221+'12'!H221+'13'!H221+'14'!H221+'15'!H221+'16'!H221+'17'!H221+'18'!H221+'19'!H221+'20'!H221+'21'!H224+'22'!H224+'23'!H224+'24'!H224+'25'!H224+'26'!H224+'27'!H224+'28'!H224+'29'!H224+'30'!H224+'31'!H221 -> 0 | I221: 0 | J221: 0
A222: 233
A223: รายละเอียดการจ่ายค่า คอมมิสชั่น
A224: สรุปยอดรับ-จ่าย | C224: ค่าคอมมิสชั่น ร้านใหม่ลำ 3 | E224: หักค่าใช้จ่ายอื่น | G224: ยอดรวมทั้งหมด | J224: =SUM(J5:J222) -> 103105 | K224: โอนหน้าร้าน
A225: ยอดขายหน้าร้าน | B225: =+J227 -> 103105 | C225: ยอดขายรวมทั้งหมด | D225: =+J224 -> 103105 | E225: ค่าโอนเงิน | F225: =SUM(P36) -> 450 | K225: =+R36 -> 34835
C226: หัก ส่วนลด | D226: =K227 -> 1825 | F226: 0 | G226: หัก สแกนใช้สิทธิ์ | J226: =-O36 -> 0 | K226: หัก ส่วนลด
A227: ส่วนลด | B227: =+D226 -> 1825 | E227: ค่าใช้จ่ายอื่น | F227: =+Q36 -> 0 | G227: ยอดขายไม่รวม สแกนสิทธิ์ | J227: =+J224-J225 -> 103105 | K227: =+N36 -> 1825
A228: ยอดขายสุทธิ | B228: =B225-B227 -> 101280 | C228: ยอดขายสุทธิ | D228: =+D225-D226 -> 101280 | E228: รวมหักอื่นๆ | F228: =SUM(F225:F227) -> 450 | G228: หัก ค่าใช้จ่ายอื่นๆ | J228: =F228 -> 450
C229: หัก ยอดขายขั้นต่ำ | D229: 100000 | G229: ต้องคงเหลือทั้งหมด | J229: =J227-J228-K225-K227 -> 65995
C230: เหลือยอดคิดคอมมิสชั่น | D230: =D228-D229 -> 1280 | G230: ยอดที่รับจริง | J230: =+T36 -> 66245
C231: ค่าคอมมิสชั่น 4% | D231: 0 | G231: ขาด | J231: 0
G232: เกิน | J232: =+J230-J229 -> 250
F233: โอนเงินเข้าบัญชี ธนาคาร ไทยพาณิชย์ คุณภาณุวัชร วัฒนกิจรุ่งโรจน์

Sheet ยกมา
A2: บูธ ร้านใหม่ลำ 3 วันที่ 1-31/05/2567 | O2: สินค้า SALE
A3: ลำดับ | B3: รายการ | C3: ยกมา | D3: รับ | E3: รวม | F3: เปลี่ยน/ | G3: คงเหลือ | H3: รายการขาย | K3: หมายเหตุ | L3: ส่วนลด | O3: ลำดับ | P3: รายการ | Q3: ยกมา | R3: รับ | S3: รวม | T3: เปลี่ยน/ | U3: คงเหลือ | V3: รายการขาย | Y3: หมายเหตุ | Z3: ส่วนลด
F4: คืน/เสีย | H4: จำนวน | I4: @ | J4: เป็นเงิน | T4: คืน/เสีย | V4: จำนวน | W4: @ | X4: เป็นเงิน
A5: 1 | B5: ชิฟฟ่อน (ล) | C5: =+'[1]30'!G5 -> 10 | D5: 10 | E5: =C5+D5 -> 20 | F5: 0 | G5: =E5-F5-H5 -> 18 | H5: 2 | I5: 50 | J5: =+I5*H5 -> 100 | K5: - | L5: 0 | M5: =+J5-L5 -> 100 | O5: 1 | Q5: =+'[2]วันที่ 16'!U5 -> 0 | R5: 0 | S5: =Q5+R5 -> 0 | T5: 0 | U5: =S5-T5-V5 -> 0 | V5: 0 | X5: =+W5*V5 -> 0 | Y5: - | Z5: 0
A6: 2 | B6: ชิฟฟ่อน (ญ) | C6: =+'[1]30'!G6 -> 25 | D6: 5 | E6: =C6+D6 -> 30 | F6: 0 | G6: =E6-F6-H6 -> 26 | H6: 4 | I6: 100 | J6: =+I6*H6 -> 400 | K6: - | L6: 0 | M6: =+J6-L6 -> 400 | O6: 2 | Q6: =+[2]ยกมา!U6 -> 0 | R6: 0 | S6: =Q6+R6 -> 0 | T6: 0 | U6: =S6-T6-V6 -> 0 | V6: 0 | X6: =+W6*V6 -> 0 | Y6: - | Z6: 0
A7: 3 | B7: ชิฟฟ่อน (ล) กาแฟ | C7: =+'[1]30'!G7 -> 0 | D7: 0 | E7: =C7+D7 -> 0 | F7: 0 | G7: =E7-F7-H7 -> 0 | H7: 0 | I7: 50 | J7: =+I7*H7 -> 0 | K7: - | L7: 0 | M7: =+J7-L7 -> 0 | O7: 3 | Q7: =+[2]ยกมา!U7 -> 0 | R7: 0 | S7: =Q7+R7 -> 0 | T7: 0 | U7: =S7-T7-V7 -> 0 | V7: 0 | X7: =+W7*V7 -> 0 | Y7: - | Z7: 0
A8: 4 | B8: ชิฟฟ่อน (ญ) กาแฟ | C8: =+'[1]30'!G8 -> 0 | D8: 0 | E8: =C8+D8 -> 0 | F8: 0 | G8: =E8-F8-H8 -> 0 | H8: 0 | I8: 100 | J8: =+I8*H8 -> 0 | K8: - | L8: 0 | M8: =+J8-L8 -> 0 | O8: 4 | Q8: =+[2]ยกมา!U8 -> 0 | R8: 0 | S8: =Q8+R8 -> 0 | T8: 0 | U8: =S8-T8-V8 -> 0 | V8: 0 | X8: =+W8*V8 -> 0 | Y8: - | Z8: 0
A9: 5 | B9: ชิฟฟ่อนเค้ก 1 ชิ้น | C9: =+'[1]30'!G9 -> 0 | D9: 0 | E9: =C9+D9 -> 0 | F9: 0 | G9: =E9-F9-H9 -> 0 | H9: 0 | I9: 12 | J9: =+I9*H9 -> 0 | K9: - | L9: 0 | M9: =+J9-L9 -> 0 | O9: 5 | Q9: =+[2]ยกมา!U9 -> 0 | R9: 0 | S9: =Q9+R9 -> 0 | T9: 0 | U9: =S9-T9-V9 -> 0 | V9: 0 | X9: =+W9*V9 -> 0 | Y9: - | Z9: 0
A10: 6 | B10: ชิฟฟ่อนเค้กสอดไส้แยม 1 ชิ้น | C10: =+'[1]30'!G10 -> 0 | D10: 0 | E10: =C10+D10 -> 0 | F10: 0 | G10: =E10-F10-H10 -> 0 | H10: 0 | I10: 15 | J10: =+I10*H10 -> 0 | K10: - | L10: 0 | M10: =+J10-L10 -> 0 | O10: 6 | Q10: =+[2]ยกมา!U10 -> 0 | R10: 0 | S10: =Q10+R10 -> 0 | T10: 0 | U10: =S10-T10-V10 -> 0 | V10: 0 | X10: =+W10*V10 -> 0 | Y10: - | Z10: 0
A11: 7 | B11: ชิฟฟ่อน สอดไส้ (ล) 2 ชิ้น ครีมมะพร้าว | C11: =+'[1]30'!G11 -> 0 | D11: 0 | E11: =C11+D11 -> 0 | F11: 0 | G11: =E11-F11-H11 -> 0 | H11: 0 | I11: 40 | J11: =+I11*H11 -> 0 | K11: - | L11: 0 | M11: =+J11-L11 -> 0 | O11: 7 | Q11: =+[2]ยกมา!U11 -> 0 | R11: 0 | S11: =Q11+R11 -> 0 | T11: 0 | U11: =S11-T11-V11 -> 0 | V11: 0 | X11: =+W11*V11 -> 0 | Y11: - | Z11: 0
A12: 8 | B12: ชิฟฟ่อน สอดไส้ (ล) 3 ชิ้น รวมรส | C12: =+'[1]30'!G12 -> 0 | D12: 10 | E12: =C12+D12 -> 10 | F12: 0 | G12: =E12-F12-H12 -> 9 | H12: 1 | I12: 50 | J12: =+I12*H12 -> 50 | K12: - | L12: 0 | M12: =+J12-L12 -> 50 | O12: 8 | Q12: =+[2]ยกมา!U12 -> 0 | R12: 0 | S12: =Q12+R12 -> 0 | T12: 0 | U12: =S12-T12-V12 -> 0 | V12: 0 | X12: =+W12*V12 -> 0 | Y12: - | Z12: 0
A13: 9 | B13: ชิฟฟ่อน สอดไส้ (ล) 3 ชิ้น เมล่อน | C13: =+'[1]30'!G13 -> 0 | D13: 0 | E13: =C13+D13 -> 0 | F13: 0 | G13: =E13-F13-H13 -> 0 | H13: 0 | I13: 55 | J13: =+I13*H13 -> 0 | K13: - | L13: 0 | M13: =+J13-L13 -> 0 | O13: 9 | Q13: =+[2]ยกมา!U13 -> 0 | R13: 0 | S13: =Q13+R13 -> 0 | T13: 0 | U13: =S13-T13-V13 -> 0 | V13: 0 | X13: =+W13*V13 -> 0 | Y13: - | Z13: 0
A14: 10 | B14: ชิฟฟ่อน สอดไส้ (ล) 4 ชิ้น ครีมมะพร้าว | C14: =+'[1]30'!G14 -> 7 | D14: 2 | E14: =C14+D14 -> 9 | F14: 0 | G14: =E14-F14-H14 -> 9 | H14: 0 | I14: 65 | J14: =+I14*H14 -> 0 | K14: - | L14: 0 | M14: =+J14-L14 -> 0 | O14: 10 | Q14: =+[2]ยกมา!U14 -> 0 | R14: 0 | S14: =Q14+R14 -> 0 | T14: 0 | U14: =S14-T14-V14 -> 0 | V14: 0 | X14: =+W14*V14 -> 0 | Y14: - | Z14: 0
A15: 11 | B15: ชิฟฟ่อน สอดไส้ (ล) 3 ชิ้น แยมส้ม | C15: =+'[1]30'!G15 -> 0 | D15: 0 | E15: =C15+D15 -> 0 | F15: 0 | G15: =E15-F15-H15 -> 0 | H15: 0 | I15: 50 | J15: =+I15*H15 -> 0 | K15: - | L15: 0 | M15: =+J15-L15 -> 0 | O15: 11 | Q15: =+[2]ยกมา!U15 -> 0 | R15: 0 | S15: =Q15+R15 -> 0 | T15: 0 | U15: =S15-T15-V15 -> 0 | V15: 0 | X15: =+W15*V15 -> 0 | Y15: - | Z15: 0
A16: 12 | B16: ชิฟฟ่อน สอดไส้ (ล) 3 ชิ้น บลูเบอรี่ | C16: =+'[1]30'!G16 -> 0 | D16: 0 | E16: =C16+D16 -> 0 | F16: 0 | G16: =E16-F16-H16 -> 0 | H16: 0 | I16: 50 | J16: =+I16*H16 -> 0 | K16: - | L16: 0 | M16: =+J16-L16 -> 0 | O16: 12 | Q16: =+[2]ยกมา!U16 -> 0 | R16: 0 | S16: =Q16+R16 -> 0 | T16: 0 | U16: =S16-T16-V16 -> 0 | V16: 0 | X16: =+W16*V16 -> 0 | Y16: - | Z16: 0
A17: 13 | B17: ชิฟฟ่อน สอดไส้ (ล) 3 ชิ้น ฝอยทอง | C17: =+'[1]30'!G17 -> 2 | D17: 5 | E17: =C17+D17 -> 7 | F17: 0 | G17: =E17-F17-H17 -> 6 | H17: 1 | I17: 50 | J17: =+I17*H17 -> 50 | K17: - | L17: 0 | M17: =+J17-L17 -> 50 | O17: 13 | Q17: =+[2]ยกมา!U17 -> 0 | R17: 0 | S17: =Q17+R17 -> 0 | T17: 0 | U17: =S17-T17-V17 -> 0 | V17: 0 | X17: =+W17*V17 -> 0 | Y17: - | Z17: 0
... A103: 99 | B103: ไดฟุกุ 8 ชิ้น | C103: =+'[1]30'!G103 -> 0 | D103: 0 | E103: =C103+D103 -> 0 | F103: 0 | G103: =E103-F103-H103 -> 0 | H103: 0 | I103: 100 | J103: =+I103*H103 -> 0 | K103: - | L103: 0 | M103: =+J103-L103 -> 0 | O103: 99 | Q103: =+[2]ยกมา!U103 -> 0 | R103: 0 | S103: =Q103+R103 -> 0 | T103: 0 | U103: =S103-T103-V103 -> 0 | V103: 0 | X103: =+W103*V103 -> 0 | Y103: - | Z103: 0
A104: 100 | B104: หมูทุบ | C104: =+'[1]30'!G104 -> 0 | D104: 0 | E104: =C104+D104 -> 0 | F104: 0 | G104: =E104-F104-H104 -> 0 | H104: 0 | I104: 100 | J104: =+I104*H104 -> 0 | K104: - | L104: 0 | M104: =+J104-L104 -> 0 | O104: 100 | Q104: =+[2]ยกมา!U104 -> 0 | R104: 0 | S104: =Q104+R104 -> 0 | T104: 0 | U104: =S104-T104-V104 -> 0 | V104: 0 | X104: =+W104*V104 -> 0 | Z104: 0
A105: 101 | B105: ดอกจอก | C105: =+'[1]30'!G105 -> 0 | D105: 0 | E105: =C105+D105 -> 0 | F105: 0 | G105: =E105-F105-H105 -> 0 | H105: 0 | I105: 30 | J105: =+I105*H105 -> 0 | K105: - | L105: 0 | M105: =+J105-L105 -> 0 | Z105: =SUM(Z5:Z104) -> 0
A106: 102 | B106: เทียน | C106: =+'[1]30'!G106 -> 0 | D106: 0 | E106: =C106+D106 -> 0 | F106: 0 | G106: =E106-F106-H106 -> 0 | H106: 0 | I106: 20 | J106: =+I106*H106 -> 0 | K106: - | L106: 0 | M106: =+J106-L106 -> 0
A107: 103 | B107: ขนมอาลัวแฟนซี | C107: =+'[1]30'!G107 -> 0 | D107: 0 | E107: =C107+D107 -> 0 | F107: 0 | G107: =E107-F107-H107 -> 0 | H107: 0 | I107: 100 | J107: =+I107*H107 -> 0 | K107: - | L107: 0 | M107: =+J107-L107 -> 0 | P107: รวม | X107: =SUM(X5:X104) -> 0
A108: 104 | B108: ชูนัทคุกกี้ | C108: =+'[1]30'!G108 -> 0 | D108: 0 | E108: =C108+D108 -> 0 | F108: 0 | G108: =E108-F108-H108 -> 0 | H108: 0 | I108: 80 | J108: =+I108*H108 -> 0 | K108: - | L108: 0 | M108: =+J108-L108 -> 0
A109: 105 | B109: วุ้นแฟนซี | C109: =+'[1]30'!G109 -> 0 | D109: 0 | E109: =C109+D109 -> 0 | F109: 0 | G109: =E109-F109-H109 -> 0 | H109: 0 | I109: 60 | J109: =+I109*H109 -> 0 | K109: - | L109: 0 | M109: =+J109-L109 -> 0
A110: 106 | B110: เค้กสามเหลี่ยม มะพร้าว | C110: =+'[1]30'!G110 -> 0 | D110: 0 | E110: =C110+D110 -> 0 | F110: 0 | G110: =E110-F110-H110 -> 0 | H110: 0 | I110: 35 | J110: =+I110*H110 -> 0 | K110: - | L110: 0 | M110: =+J110-L110 -> 0
A111: 107 | B111: เค้กสามเหลี่ยม สตอเบอรี่ | C111: =+'[1]30'!G111 -> 0 | D111: 0 | E111: =C111+D111 -> 0 | F111: 0 | G111: =E111-F111-H111 -> 0 | H111: 0 | I111: 35 | J111: =+I111*H111 -> 0 | K111: - | L111: 0 | M111: =+J111-L111 -> 0
A112: 108 | B112: เค้กสามเหลี่ยม บลูเบอรี่ | C112: =+'[1]30'!G112 -> 0 | D112: 0 | E112: =C112+D112 -> 0 | F112: 0 | G112: =E112-F112-H112 -> 0 | H112: 0 | I112: 35 | J112: =+I112*H112 -> 0 | K112: - | L112: 0 | M112: =+J112-L112 -> 0
A113: 109 | B113: เค้กสามเหลี่ยม รสส้ม | C113: =+'[1]30'!G113 -> 0 | D113: 0 | E113: =C113+D113 -> 0 | F113: 0 | G113: =E113-F113-H113 -> 0 | H113: 0 | I113: 35 | J113: =+I113*H113 -> 0 | K113: - | L113: 0 | M113: =+J113-L113 -> 0
A114: 110 | B114: เค้กสามเหลี่ยม รสช็อกโกโอริโอ้ | C114: =+'[1]30'!G114 -> 0 | D114: 0 | E114: =C114+D114 -> 0 | F114: 0 | G114: =E114-F114-H114 -> 0 | H114: 0 | I114: 35 | J114: =+I114*H114 -> 0 | K114: - | L114: 0 | M114: =+J114-L114 -> 0
A115: 111 | B115: สตอเบอร์รี่ครีมเค้ก | C115: =+'[1]30'!G115 -> 0 | D115: 0 | E115: =C115+D115 -> 0 | F115: 0 | G115: =E115-F115-H115 -> 0 | H115: 0 | I115: 50 | J115: =+I115*H115 -> 0 | K115: - | L115: 0 | M115: =+J115-L115 -> 0
A116: 112 | B116: บลูเบอร์รี่ครีมเค้ก | C116: =+'[1]30'!G116 -> 0 | D116: 0 | E116: =C116+D116 -> 0 | F116: 0 | G116: =E116-F116-H116 -> 0 | H116: 0 | I116: 50 | J116: =+I116*H116 -> 0 | K116: - | L116: 0 | M116: =+J116-L116 -> 0
A117: 113 | B117: เค้กส้ม | C117: =+'[1]30'!G117 -> 0 | D117: 0 | E117: =C117+D117 -> 0 | F117: 0 | G117: =E117-F117-H117 -> 0 | H117: 0 | I117: 50 | J117: =+I117*H117 -> 0 | K117: - | L117: 0 | M117: =+J117-L117 -> 0
A118: 114 | B118: วนิลาครีมเค้ก | C118: =+'[1]30'!G118 -> 0 | D118: 0 | E118: =C118+D118 -> 0 | F118: 0 | G118: =E118-F118-H118 -> 0 | H118: 0 | I118: 50 | J118: =+I118*H118 -> 0 | K118: - | L118: 0 | M118: =+J118-L118 -> 0
A119: 115 | B119: ใบเตยครีมเค้ก | C119: =+'[1]30'!G119 -> 0 | D119: 0 | E119: =C119+D119 -> 0 | F119: 0 | G119: =E119-F119-H119 -> 0 | H119: 0 | I119: 50 | J119: =+I119*H119 -> 0 | K119: - | L119: 0 | M119: =+J119-L119 -> 0
... A202: 198 | B202: ชิฟฟ่อนห่อกระดาษ 8 ชิ้น | C202: =+'[1]30'!G202 -> 0 | D202: 0 | E202: =C202+D202 -> 0 | F202: 0 | G202: =E202-F202-H202 -> 0 | H202: 0 | I202: 100 | J202: =+I202*H202 -> 0 | K202: - | L202: 0 | M202: =+J202-L202 -> 0
A203: 199 | C203: =+'[1]30'!G203 -> 0 | D203: 0 | E203: =C203+D203 -> 0 | F203: 0 | G203: =E203-F203-H203 -> 0 | H203: 0 | I203: 0 | J203: =+I203*H203 -> 0 | K203: - | L203: 0 | M203: =+J203-L203 -> 0
A204: 200 | C204: =+'[1]30'!G204 -> 0 | D204: 0 | E204: =C204+D204 -> 0 | F204: 0 | G204: =E204-F204-H204 -> 0 | H204: 0 | I204: 0 | J204: =+I204*H204 -> 0 | K204: - | L204: 0 | M204: =+J204-L204 -> 0
L205: 0 | M205: ส่วนลดสินค้า SALE
H206: ยอดขายสินค้า SALE | J206: =+X107 -> 0
I207: รวมทั้งหมด | K207: =SUM(J5:J206) -> 3865
I208: หัก ค่าโอนเงิน | K208: 15
I209: หัก โอนหน้าร้าน | K209: =SUM(L209:BO209) -> 805 | L209: 135 | M209: 50 | N209: 400 | O209: 220
I210: สแกนใช้สิทธิ์ | K210: 0
I211: หัก ค่าใช้จ่ายอื่นๆ | K211: 0
I212: หัก ส่วนลด | K212: =SUM(L5:L205) -> 70
I213: ต้องคงเหลือทั้งหมด | K213: =K207-K208-K209-K211-K212 -> 2975
I214: ยอดที่รับจริง | K214: 2975
I215: ขาด | K215: =+K214-K213 -> 0
I216: เกิน | K216: =+K214-K213 -> 0
J218: ยอดขายหักส่วนลด | K218: =+K207-K212+K215 -> 3795
J219: ยอดเงินสด | K219: =SUM(K208:K211) -> 820
J220: ยอดโอน | K220: =+K214 -> 2975

Sheet 1
A2: บูธ ร้านใหม่ลำ 3 วันที่ 1-30/6/2567 | O2: สินค้า SALE
A3: ลำดับ | B3: รายการ | C3: ยกมา | D3: รับ | E3: รวม | F3: เปลี่ยน/ | G3: คงเหลือ | H3: รายการขาย | K3: หมายเหตุ | L3: ส่วนลด | O3: ลำดับ | P3: รายการ | Q3: ยกมา | R3: รับ | S3: รวม | T3: เปลี่ยน/ | U3: คงเหลือ | V3: รายการขาย | Y3: หมายเหตุ | Z3: ส่วนลด
F4: คืน/เสีย | H4: จำนวน | I4: @ | J4: เป็นเงิน | T4: คืน/เสีย | V4: จำนวน | W4: @ | X4: เป็นเงิน
A5: 1 | B5: ชิฟฟ่อน (ล) | C5: =+ยกมา!G5 -> 18 | D5: 0 | E5: =C5+D5 -> 18 | F5: 0 | G5: =E5-F5-H5 -> 18 | H5: 0 | I5: 50 | J5: =+I5*H5 -> 0 | K5: - | L5: 0 | M5: =+J5-L5 -> 0 | O5: 1 | Q5: =+'[2]วันที่ 16'!U5 -> 0 | R5: 0 | S5: =Q5+R5 -> 0 | T5: 0 | U5: =S5-T5-V5 -> 0 | V5: 0 | X5: =+W5*V5 -> 0 | Y5: - | Z5: 0
A6: 2 | B6: ชิฟฟ่อน (ญ) | C6: =+ยกมา!G6 -> 26 | D6: 0 | E6: =C6+D6 -> 26 | F6: 0 | G6: =E6-F6-H6 -> 22 | H6: 4 | I6: 100 | J6: =+I6*H6 -> 400 | K6: - | L6: 0 | M6: =+J6-L6 -> 400 | O6: 2 | Q6: =+[2]ยกมา!U6 -> 0 | R6: 0 | S6: =Q6+R6 -> 0 | T6: 0 | U6: =S6-T6-V6 -> 0 | V6: 0 | X6: =+W6*V6 -> 0 | Y6: - | Z6: 0
A7: 3 | B7: ชิฟฟ่อน (ล) กาแฟ | C7: =+ยกมา!G7 -> 0 | D7: 0 | E7: =C7+D7 -> 0 | F7: 0 | G7: =E7-F7-H7 -> 0 | H7: 0 | I7: 50 | J7: =+I7*H7 -> 0 | K7: - | L7: 0 | M7: =+J7-L7 -> 0 | O7: 3 | Q7: =+[2]ยกมา!U7 -> 0 | R7: 0 | S7: =Q7+R7 -> 0 | T7: 0 | U7: =S7-T7-V7 -> 0 | V7: 0 | X7: =+W7*V7 -> 0 | Y7: - | Z7: 0
A8: 4 | B8: ชิฟฟ่อน (ญ) กาแฟ | C8: =+ยกมา!G8 -> 0 | D8: 0 | E8: =C8+D8 -> 0 | F8: 0 | G8: =E8-F8-H8 -> 0 | H8: 0 | I8: 100 | J8: =+I8*H8 -> 0 | K8: - | L8: 0 | M8: =+J8-L8 -> 0 | O8: 4 | Q8: =+[2]ยกมา!U8 -> 0 | R8: 0 | S8: =Q8+R8 -> 0 | T8: 0 | U8: =S8-T8-V8 -> 0 | V8: 0 | X8: =+W8*V8 -> 0 | Y8: - | Z8: 0
A9: 5 | B9: ชิฟฟ่อนเค้ก 1 ชิ้น | C9: =+ยกมา!G9 -> 0 | D9: 0 | E9: =C9+D9 -> 0 | F9: 0 | G9: =E9-F9-H9 -> 0 | H9: 0 | I9: 12 | J9: =+I9*H9 -> 0 | K9: - | L9: 0 | M9: =+J9-L9 -> 0 | O9: 5 | Q9: =+[2]ยกมา!U9 -> 0 | R9: 0 | S9: =Q9+R9 -> 0 | T9: 0 | U9: =S9-T9-V9 -> 0 | V9: 0 | X9: =+W9*V9 -> 0 | Y9: - | Z9: 0
A10: 6 | B10: ชิฟฟ่อนเค้กสอดไส้แยม 1 ชิ้น | C10: =+ยกมา!G10 -> 0 | D10: 0 | E10: =C10+D10 -> 0 | F10: 0 | G10: =E10-F10-H10 -> 0 | H10: 0 | I10: 15 | J10: =+I10*H10 -> 0 | K10: - | L10: 0 | M10: =+J10-L10 -> 0 | O10: 6 | Q10: =+[2]ยกมา!U10 -> 0 | R10: 0 | S10: =Q10+R10 -> 0 | T10: 0 | U10: =S10-T10-V10 -> 0 | V10: 0 | X10: =+W10*V10 -> 0 | Y10: - | Z10: 0
A11: 7 | B11: ชิฟฟ่อน สอดไส้ (ล) 2 ชิ้น ครีมมะพร้าว | C11: =+ยกมา!G11 -> 0 | D11: 0 | E11: =C11+D11 -> 0 | F11: 0 | G11: =E11-F11-H11 -> 0 | H11: 0 | I11: 40 | J11: =+I11*H11 -> 0 | K11: - | L11: 0 | M11: =+J11-L11 -> 0 | O11: 7 | Q11: =+[2]ยกมา!U11 -> 0 | R11: 0 | S11: =Q11+R11 -> 0 | T11: 0 | U11: =S11-T11-V11 -> 0 | V11: 0 | X11: =+W11*V11 -> 0 | Y11: - | Z11: 0
A12: 8 | B12: ชิฟฟ่อน สอดไส้ (ล) 3 ชิ้น รวมรส | C12: =+ยกมา!G12 -> 9 | D12: 0 | E12: =C12+D12 -> 9 | F12: 0 | G12: =E12-F12-H12 -> 6 | H12: 3 | I12: 50 | J12: =+I12*H12 -> 150 | K12: - | L12: 0 | M12: =+J12-L12 -> 150 | O12: 8 | Q12: =+[2]ยกมา!U12 -> 0 | R12: 0 | S12: =Q12+R12 -> 0 | T12: 0 | U12: =S12-T12-V12 -> 0 | V12: 0 | X12: =+W12*V12 -> 0 | Y12: - | Z12: 0
A13: 9 | B13: ชิฟฟ่อน สอดไส้ (ล) 3 ชิ้น เมล่อน | C13: =+ยกมา!G13 -> 0 | D13: 0 | E13: =C13+D13 -> 0 | F13: 0 | G13: =E13-F13-H13 -> 0 | H13: 0 | I13: 55 | J13: =+I13*H13 -> 0 | K13: - | L13: 0 | M13: =+J13-L13 -> 0 | O13: 9 | Q13: =+[2]ยกมา!U13 -> 0 | R13: 0 | S13: =Q13+R13 -> 0 | T13: 0 | U13: =S13-T13-V13 -> 0 | V13: 0 | X13: =+W13*V13 -> 0 | Y13: - | Z13: 0
A14: 10 | B14: ชิฟฟ่อน สอดไส้ (ล) 4 ชิ้น ครีมมะพร้าว | C14: =+ยกมา!G14 -> 9 | D14: 0 | E14: =C14+D14 -> 9 | F14: 0 | G14: =E14-F14-H14 -> 9 | H14: 0 | I14: 65 | J14: =+I14*H14 -> 0 | K14: - | L14: 0 | M14: =+J14-L14 -> 0 | O14: 10 | Q14: =+[2]ยกมา!U14 -> 0 | R14: 0 | S14: =Q14+R14 -> 0 | T14: 0 | U14: =S14-T14-V14 -> 0 | V14: 0 | X14: =+W14*V14 -> 0 | Y14: - | Z14: 0
A15: 11 | B15: ชิฟฟ่อน สอดไส้ (ล) 3 ชิ้น แยมส้ม | C15: =+ยกมา!G15 -> 0 | D15: 0 | E15: =C15+D15 -> 0 | F15: 0 | G15: =E15-F15-H15 -> 0 | H15: 0 | I15: 50 | J15: =+I15*H15 -> 0 | K15: - | L15: 0 | M15: =+J15-L15 -> 0 | O15: 11 | Q15: =+[2]ยกมา!U15 -> 0 | R15: 0 | S15: =Q15+R15 -> 0 | T15: 0 | U15: =S15-T15-V15 -> 0 | V15: 0 | X15: =+W15*V15 -> 0 | Y15: - | Z15: 0
A16: 12 | B16: ชิฟฟ่อน สอดไส้ (ล) 3 ชิ้น บลูเบอรี่ | C16: =+ยกมา!G16 -> 0 | D16: 0 | E16: =C16+D16 -> 0 | F16: 0 | G16: =E16-F16-H16 -> 0 | H16: 0 | I16: 50 | J16: =+I16*H16 -> 0 | K16: - | L16: 0 | M16: =+J16-L16 -> 0 | O16: 12 | Q16: =+[2]ยกมา!U16 -> 0 | R16: 0 | S16: =Q16+R16 -> 0 | T16: 0 | U16: =S16-T16-V16 -> 0 | V16: 0 | X16: =+W16*V16 -> 0 | Y16: - | Z16: 0
A17: 13 | B17: ชิฟฟ่อน สอดไส้ (ล) 3 ชิ้น ฝอยทอง | C17: =+ยกมา!G17 -> 6 | D17: 0 | E17: =C17+D17 -> 6 | F17: 0 | G17: =E17-F17-H17 -> 5 | H17: 1 | I17: 50 | J17: =+I17*H17 -> 50 | K17: - | L17: 0 | M17: =+J17-L17 -> 50 | O17: 13 | Q17: =+[2]ยกมา!U17 -> 0 | R17: 0 | S17: =Q17+R17 -> 0 | T17: 0 | U17: =S17-T17-V17 -> 0 | V17: 0 | X17: =+W17*V17 -> 0 | Y17: - | Z17: 0
... A103: 99 | B103: ไดฟุกุ 8 ชิ้น | C103: =+ยกมา!G103 -> 0 | D103: 0 | E103: =C103+D103 -> 0 | F103: 0 | G103: =E103-F103-H103 -> 0 | H103: 0 | I103: 100 | J103: =+I103*H103 -> 0 | K103: - | L103: 0 | M103: =+J103-L103 -> 0 | O103: 99 | Q103: =+[2]ยกมา!U103 -> 0 | R103: 0 | S103: =Q103+R103 -> 0 | T103: 0 | U103: =S103-T103-V103 -> 0 | V103: 0 | X103: =+W103*V103 -> 0 | Y103: - | Z103: 0
A104: 100 | B104: หมูทุบ | C104: =+ยกมา!G104 -> 0 | D104: 0 | E104: =C104+D104 -> 0 | F104: 0 | G104: =E104-F104-H104 -> 0 | H104: 0 | I104: 100 | J104: =+I104*H104 -> 0 | K104: - | L104: 0 | M104: =+J104-L104 -> 0 | O104: 100 | Q104: =+[2]ยกมา!U104 -> 0 | R104: 0 | S104: =Q104+R104 -> 0 | T104: 0 | U104: =S104-T104-V104 -> 0 | V104: 0 | X104: =+W104*V104 -> 0 | Z104: 0
A105: 101 | B105: ดอกจอก | C105: =+ยกมา!G105 -> 0 | D105: 0 | E105: =C105+D105 -> 0 | F105: 0 | G105: =E105-F105-H105 -> 0 | H105: 0 | I105: 30 | J105: =+I105*H105 -> 0 | K105: - | L105: 0 | M105: =+J105-L105 -> 0 | Z105: =SUM(Z5:Z104) -> 0
A106: 102 | B106: เทียน | C106: =+ยกมา!G106 -> 0 | D106: 0 | E106: =C106+D106 -> 0 | F106: 0 | G106: =E106-F106-H106 -> 0 | H106: 0 | I106: 20 | J106: =+I106*H106 -> 0 | K106: - | L106: 0 | M106: =+J106-L106 -> 0
A107: 103 | B107: ขนมอาลัวแฟนซี | C107: =+ยกมา!G107 -> 0 | D107: 0 | E107: =C107+D107 -> 0 | F107: 0 | G107: =E107-F107-H107 -> 0 | H107: 0 | I107: 100 | J107: =+I107*H107 -> 0 | K107: - | L107: 0 | M107: =+J107-L107 -> 0 | P107: รวม | X107: =SUM(X5:X104) -> 0
A108: 104 | B108: ชูนัทคุกกี้ | C108: =+ยกมา!G108 -> 0 | D108: 0 | E108: =C108+D108 -> 0 | F108: 0 | G108: =E108-F108-H108 -> 0 | H108: 0 | I108: 80 | J108: =+I108*H108 -> 0 | K108: - | L108: 0 | M108: =+J108-L108 -> 0
A109: 105 | B109: วุ้นแฟนซี | C109: =+ยกมา!G109 -> 0 | D109: 0 | E109: =C109+D109 -> 0 | F109: 0 | G109: =E109-F109-H109 -> 0 | H109: 0 | I109: 60 | J109: =+I109*H109 -> 0 | K109: - | L109: 0 | M109: =+J109-L109 -> 0
A110: 106 | B110: เค้กสามเหลี่ยม มะพร้าว | C110: =+ยกมา!G110 -> 0 | D110: 0 | E110: =C110+D110 -> 0 | F110: 0 | G110: =E110-F110-H110 -> 0 | H110: 0 | I110: 35 | J110: =+I110*H110 -> 0 | K110: - | L110: 0 | M110: =+J110-L110 -> 0
A111: 107 | B111: เค้กสามเหลี่ยม สตอเบอรี่ | C111: =+ยกมา!G111 -> 0 | D111: 0 | E111: =C111+D111 -> 0 | F111: 0 | G111: =E111-F111-H111 -> 0 | H111: 0 | I111: 35 | J111: =+I111*H111 -> 0 | K111: - | L111: 0 | M111: =+J111-L111 -> 0
A112: 108 | B112: เค้กสามเหลี่ยม บลูเบอรี่ | C112: =+ยกมา!G112 -> 0 | D112: 0 | E112: =C112+D112 -> 0 | F112: 0 | G112: =E112-F112-H112 -> 0 | H112: 0 | I112: 35 | J112: =+I112*H112 -> 0 | K112: - | L112: 0 | M112: =+J112-L112 -> 0
A113: 109 | B113: เค้กสามเหลี่ยม รสส้ม | C113: =+ยกมา!G113 -> 0 | D113: 0 | E113: =C113+D113 -> 0 | F113: 0 | G113: =E113-F113-H113 -> 0 | H113: 0 | I113: 35 | J113: =+I113*H113 -> 0 | K113: - | L113: 0 | M113: =+J113-L113 -> 0
A114: 110 | B114: เค้กสามเหลี่ยม รสช็อกโกโอริโอ้ | C114: =+ยกมา!G114 -> 0 | D114: 0 | E114: =C114+D114 -> 0 | F114: 0 | G114: =E114-F114-H114 -> 0 | H114: 0 | I114: 35 | J114: =+I114*H114 -> 0 | K114: - | L114: 0 | M114: =+J114-L114 -> 0
A115: 111 | B115: สตอเบอร์รี่ครีมเค้ก | C115: =+ยกมา!G115 -> 0 | D115: 0 | E115: =C115+D115 -> 0 | F115: 0 | G115: =E115-F115-H115 -> 0 | H115: 0 | I115: 50 | J115: =+I115*H115 -> 0 | K115: - | L115: 0 | M115: =+J115-L115 -> 0
A116: 112 | B116: บลูเบอร์รี่ครีมเค้ก | C116: =+ยกมา!G116 -> 0 | D116: 0 | E116: =C116+D116 -> 0 | F116: 0 | G116: =E116-F116-H116 -> 0 | H116: 0 | I116: 50 | J116: =+I116*H116 -> 0 | K116: - | L116: 0 | M116: =+J116-L116 -> 0
A117: 113 | B117: เค้กส้ม | C117: =+ยกมา!G117 -> 0 | D117: 0 | E117: =C117+D117 -> 0 | F117: 0 | G117: =E117-F117-H117 -> 0 | H117: 0 | I117: 50 | J117: =+I117*H117 -> 0 | K117: - | L117: 0 | M117: =+J117-L117 -> 0
A118: 114 | B118: วนิลาครีมเค้ก | C118: =+ยกมา!G118 -> 0 | D118: 0 | E118: =C118+D118 -> 0 | F118: 0 | G118: =E118-F118-H118 -> 0 | H118: 0 | I118: 50 | J118: =+I118*H118 -> 0 | K118: - | L118: 0 | M118: =+J118-L118 -> 0
A119: 115 | B119: ใบเตยครีมเค้ก | C119: =+ยกมา!G119 -> 0 | D119: 0 | E119: =C119+D119 -> 0 | F119: 0 | G119: =E119-F119-H119 -> 0 | H119: 0 | I119: 50 | J119: =+I119*H119 -> 0 | K119: - | L119: 0 | M119: =+J119-L119 -> 0
... A203: 199 | B203: โดนัทไส้แยมสตรอเบอรี่ | C203: =+ยกมา!G203 -> 0 | D203: 0 | E203: =C203+D203 -> 0 | F203: 0 | G203: =E203-F203-H203 -> 0 | H203: 0 | I203: 25 | J203: =+I203*H203 -> 0 | K203: - | L203: 0 | M203: =+J203-L203 -> 0
A204: 200 | B204: ซอฟท์เค้กฝอยทอง (ระบาย) | I204: 30
A205: 201 | B205: ซอฟท์เค้กครีมสด (ระบาย) | I205: 30
A206: 202 | C206: =+ยกมา!G204 -> 0 | D206: 0 | E206: =C206+D206 -> 0 | F206: 0 | G206: =E206-F206-H206 -> 0 | H206: 0 | I206: 0 | J206: =+I206*H206 -> 0 | K206: - | L206: 0 | M206: =+J206-L206 -> 0
L207: 0 | M207: ส่วนลดสินค้า SALE
H208: ยอดขายสินค้า SALE | J208: =+X107 -> 0
I209: รวมทั้งหมด | K209: =SUM(J5:J208) -> 2585
I210: หัก ค่าโอนเงิน | K210: 15
I211: หัก โอนหน้าร้าน | K211: =SUM(L211:BO211) -> 1085 | L211: 270 | M211: 215 | N211: 150 | O211: 100 | P211: 250 | Q211: 100
I212: สแกนใช้สิทธิ์ | K212: 0
I213: หัก ค่าใช้จ่ายอื่นๆ | K213: =SUM(D213:G213) -> 0
I214: หัก ส่วนลด | K214: =SUM(L5:L207) -> 50
I215: ต้องคงเหลือทั้งหมด | K215: =K209-K210-K211-K213-K214 -> 1435
I216: ยอดที่รับจริง | K216: 1435
I217: ขาด | K217: =+K216-K215 -> 0
I218: เกิน | K218: =+K216-K215 -> 0
J220: ยอดขายหักส่วนลด | K220: =+K209-K214 -> 2535
J221: ยอดเงินสด | K221: =SUM(K210:K211) -> 1100
J222: ยอดโอน | K222: =+K216 -> 1435

Sheet 2
A2: บูธ ร้านใหม่ลำ 3 วันที่ 1-30/6/2567 | O2: สินค้า SALE
A3: ลำดับ | B3: รายการ | C3: ยกมา | D3: รับ | E3: รวม | F3: เปลี่ยน/ | G3: คงเหลือ | H3: รายการขาย | K3: หมายเหตุ | L3: ส่วนลด | O3: ลำดับ | P3: รายการ | Q3: ยกมา | R3: รับ | S3: รวม | T3: เปลี่ยน/ | U3: คงเหลือ | V3: รายการขาย | Y3: หมายเหตุ | Z3: ส่วนลด
F4: คืน/เสีย | H4: จำนวน | I4: @ | J4: เป็นเงิน | T4: คืน/เสีย | V4: จำนวน | W4: @ | X4: เป็นเงิน
A5: 1 | B5: ชิฟฟ่อน (ล) | C5: =+'1'!G5 -> 18 | D5: 0 | E5: =C5+D5 -> 18 | F5: 0 | G5: =E5-F5-H5 -> 7 | H5: 11 | I5: 50 | J5: =+I5*H5 -> 550 | K5: แถม1 | L5: 50 | M5: =+J5-L5 -> 500 | O5: 1 | Q5: =+'[2]วันที่ 16'!U5 -> 0 | R5: 0 | S5: =Q5+R5 -> 0 | T5: 0 | U5: =S5-T5-V5 -> 0 | V5: 0 | X5: =+W5*V5 -> 0 | Y5: - | Z5: 0
A6: 2 | B6: ชิฟฟ่อน (ญ) | C6: =+'1'!G6 -> 22 | D6: 0 | E6: =C6+D6 -> 22 | F6: 0 | G6: =E6-F6-H6 -> 21 | H6: 1 | I6: 100 | J6: =+I6*H6 -> 100 | K6: - | L6: 0 | M6: =+J6-L6 -> 100 | O6: 2 | Q6: =+[2]ยกมา!U6 -> 0 | R6: 0 | S6: =Q6+R6 -> 0 | T6: 0 | U6: =S6-T6-V6 -> 0 | V6: 0 | X6: =+W6*V6 -> 0 | Y6: - | Z6: 0
A7: 3 | B7: ชิฟฟ่อน (ล) กาแฟ | C7: =+'1'!G7 -> 0 | D7: 0 | E7: =C7+D7 -> 0 | F7: 0 | G7: =E7-F7-H7 -> 0 | H7: 0 | I7: 50 | J7: =+I7*H7 -> 0 | K7: - | L7: 0 | M7: =+J7-L7 -> 0 | O7: 3 | Q7: =+[2]ยกมา!U7 -> 0 | R7: 0 | S7: =Q7+R7 -> 0 | T7: 0 | U7: =S7-T7-V7 -> 0 | V7: 0 | X7: =+W7*V7 -> 0 | Y7: - | Z7: 0
A8: 4 | B8: ชิฟฟ่อน (ญ) กาแฟ | C8: =+'1'!G8 -> 0 | D8: 0 | E8: =C8+D8 -> 0 | F8: 0 | G8: =E8-F8-H8 -> 0 | H8: 0 | I8: 100 | J8: =+I8*H8 -> 0 | K8: - | L8: 0 | M8: =+J8-L8 -> 0 | O8: 4 | Q8: =+[2]ยกมา!U8 -> 0 | R8: 0 | S8: =Q8+R8 -> 0 | T8: 0 | U8: =S8-T8-V8 -> 0 | V8: 0 | X8: =+W8*V8 -> 0 | Y8: - | Z8: 0
A9: 5 | B9: ชิฟฟ่อนเค้ก 1 ชิ้น | C9: =+'1'!G9 -> 0 | D9: 0 | E9: =C9+D9 -> 0 | F9: 0 | G9: =E9-F9-H9 -> 0 | H9: 0 | I9: 12 | J9: =+I9*H9 -> 0 | K9: - | L9: 0 | M9: =+J9-L9 -> 0 | O9: 5 | Q9: =+[2]ยกมา!U9 -> 0 | R9: 0 | S9: =Q9+R9 -> 0 | T9: 0 | U9: =S9-T9-V9 -> 0 | V9: 0 | X9: =+W9*V9 -> 0 | Y9: - | Z9: 0
A10: 6 | B10: ชิฟฟ่อนเค้กสอดไส้แยม 1 ชิ้น | C10: =+'1'!G10 -> 0 | D10: 0 | E10: =C10+D10 -> 0 | F10: 0 | G10: =E10-F10-H10 -> 0 | H10: 0 | I10: 15 | J10: =+I10*H10 -> 0 | K10: - | L10: 0 | M10: =+J10-L10 -> 0 | O10: 6 | Q10: =+[2]ยกมา!U10 -> 0 | R10: 0 | S10: =Q10+R10 -> 0 | T10: 0 | U10: =S10-T10-V10 -> 0 | V10: 0 | X10: =+W10*V10 -> 0 | Y10: - | Z10: 0
A11: 7 | B11: ชิฟฟ่อน สอดไส้ (ล) 2 ชิ้น ครีมมะพร้าว | C11: =+'1'!G11 -> 0 | D11: 0 | E11: =C11+D11 -> 0 | F11: 0 | G11: =E11-F11-H11 -> 0 | H11: 0 | I11: 40 | J11: =+I11*H11 -> 0 | K11: - | L11: 0 | M11: =+J11-L11 -> 0 | O11: 7 | Q11: =+[2]ยกมา!U11 -> 0 | R11: 0 | S11: =Q11+R11 -> 0 | T11: 0 | U11: =S11-T11-V11 -> 0 | V11: 0 | X11: =+W11*V11 -> 0 | Y11: - | Z11: 0
A12: 8 | B12: ชิฟฟ่อน สอดไส้ (ล) 3 ชิ้น รวมรส | C12: =+'1'!G12 -> 6 | D12: 0 | E12: =C12+D12 -> 6 | F12: 0 | G12: =E12-F12-H12 -> 2 | H12: 4 | I12: 50 | J12: =+I12*H12 -> 200 | K12: - | L12: 0 | M12: =+J12-L12 -> 200 | O12: 8 | Q12: =+[2]ยกมา!U12 -> 0 | R12: 0 | S12: =Q12+R12 -> 0 | T12: 0 | U12: =S12-T12-V12 -> 0 | V12: 0 | X12: =+W12*V12 -> 0 | Y12: - | Z12: 0
A13: 9 | B13: ชิฟฟ่อน สอดไส้ (ล) 3 ชิ้น เมล่อน | C13: =+'1'!G13 -> 0 | D13: 0 | E13: =C13+D13 -> 0 | F13: 0 | G13: =E13-F13-H13 -> 0 | H13: 0 | I13: 55 | J13: =+I13*H13 -> 0 | K13: - | L13: 0 | M13: =+J13-L13 -> 0 | O13: 9 | Q13: =+[2]ยกมา!U13 -> 0 | R13: 0 | S13: =Q13+R13 -> 0 | T13: 0 | U13: =S13-T13-V13 -> 0 | V13: 0 | X13: =+W13*V13 -> 0 | Y13: - | Z13: 0
A14: 10 | B14: ชิฟฟ่อน สอดไส้ (ล) 4 ชิ้น ครีมมะพร้าว | C14: =+'1'!G14 -> 9 | D14: 0 | E14: =C14+D14 -> 9 | F14: 2 | G14: =E14-F14-H14 -> 7 | H14: 0 | I14: 65 | J14: =+I14*H14 -> 0 | K14: - | L14: 0 | M14: =+J14-L14 -> 0 | O14: 10 | Q14: =+[2]ยกมา!U14 -> 0 | R14: 0 | S14: =Q14+R14 -> 0 | T14: 0 | U14: =S14-T14-V14 -> 0 | V14: 0 | X14: =+W14*V14 -> 0 | Y14: - | Z14: 0
A15: 11 | B15: ชิฟฟ่อน สอดไส้ (ล) 3 ชิ้น แยมส้ม | C15: =+'1'!G15 -> 0 | D15: 0 | E15: =C15+D15 -> 0 | F15: 0 | G15: =E15-F15-H15 -> 0 | H15: 0 | I15: 50 | J15: =+I15*H15 -> 0 | K15: - | L15: 0 | M15: =+J15-L15 -> 0 | O15: 11 | Q15: =+[2]ยกมา!U15 -> 0 | R15: 0 | S15: =Q15+R15 -> 0 | T15: 0 | U15: =S15-T15-V15 -> 0 | V15: 0 | X15: =+W15*V15 -> 0 | Y15: - | Z15: 0
A16: 12 | B16: ชิฟฟ่อน สอดไส้ (ล) 3 ชิ้น บลูเบอรี่ | C16: =+'1'!G16 -> 0 | D16: 0 | E16: =C16+D16 -> 0 | F16: 0 | G16: =E16-F16-H16 -> 0 | H16: 0 | I16: 50 | J16: =+I16*H16 -> 0 | K16: - | L16: 0 | M16: =+J16-L16 -> 0 | O16: 12 | Q16: =+[2]ยกมา!U16 -> 0 | R16: 0 | S16: =Q16+R16 -> 0 | T16: 0 | U16: =S16-T16-V16 -> 0 | V16: 0 | X16: =+W16*V16 -> 0 | Y16: - | Z16: 0
A17: 13 | B17: ชิฟฟ่อน สอดไส้ (ล) 3 ชิ้น ฝอยทอง | C17: =+'1'!G17 -> 5 | D17: 0 | E17: =C17+D17 -> 5 | F17: 0 | G17: =E17-F17-H17 -> 2 | H17: 3 | I17: 50 | J17: =+I17*H17 -> 150 | K17: - | L17: 0 | M17: =+J17-L17 -> 150 | O17: 13 | Q17: =+[2]ยกมา!U17 -> 0 | R17: 0 | S17: =Q17+R17 -> 0 | T17: 0 | U17: =S17-T17-V17 -> 0 | V17: 0 | X17: =+W17*V17 -> 0 | Y17: - | Z17: 0
... A103: 99 | B103: ไดฟุกุ 8 ชิ้น | C103: =+'1'!G103 -> 0 | D103: 0 | E103: =C103+D103 -> 0 | F103: 0 | G103: =E103-F103-H103 -> 0 | H103: 0 | I103: 100 | J103: =+I103*H103 -> 0 | K103: - | L103: 0 | M103: =+J103-L103 -> 0 | O103: 99 | Q103: =+[2]ยกมา!U103 -> 0 | R103: 0 | S103: =Q103+R103 -> 0 | T103: 0 | U103: =S103-T103-V103 -> 0 | V103: 0 | X103: =+W103*V103 -> 0 | Y103: - | Z103: 0
A104: 100 | B104: หมูทุบ | C104: =+'1'!G104 -> 0 | D104: 0 | E104: =C104+D104 -> 0 | F104: 0 | G104: =E104-F104-H104 -> 0 | H104: 0 | I104: 100 | J104: =+I104*H104 -> 0 | K104: - | L104: 0 | M104: =+J104-L104 -> 0 | O104: 100 | Q104: =+[2]ยกมา!U104 -> 0 | R104: 0 | S104: =Q104+R104 -> 0 | T104: 0 | U104: =S104-T104-V104 -> 0 | V104: 0 | X104: =+W104*V104 -> 0 | Z104: 0
A105: 101 | B105: ดอกจอก | C105: =+'1'!G105 -> 0 | D105: 0 | E105: =C105+D105 -> 0 | F105: 0 | G105: =E105-F105-H105 -> 0 | H105: 0 | I105: 30 | J105: =+I105*H105 -> 0 | K105: - | L105: 0 | M105: =+J105-L105 -> 0 | Z105: =SUM(Z5:Z104) -> 0
A106: 102 | B106: เทียน | C106: =+'1'!G106 -> 0 | D106: 0 | E106: =C106+D106 -> 0 | F106: 0 | G106: =E106-F106-H106 -> 0 | H106: 0 | I106: 20 | J106: =+I106*H106 -> 0 | K106: - | L106: 0 | M106: =+J106-L106 -> 0
A107: 103 | B107: ขนมอาลัวแฟนซี | C107: =+'1'!G107 -> 0 | D107: 0 | E107: =C107+D107 -> 0 | F107: 0 | G107: =E107-F107-H107 -> 0 | H107: 0 | I107: 100 | J107: =+I107*H107 -> 0 | K107: - | L107: 0 | M107: =+J107-L107 -> 0 | P107: รวม | X107: =SUM(X5:X104) -> 0
A108: 104 | B108: ชูนัทคุกกี้ | C108: =+'1'!G108 -> 0 | D108: 0 | E108: =C108+D108 -> 0 | F108: 0 | G108: =E108-F108-H108 -> 0 | H108: 0 | I108: 80 | J108: =+I108*H108 -> 0 | K108: - | L108: 0 | M108: =+J108-L108 -> 0
A109: 105 | B109: วุ้นแฟนซี | C109: =+'1'!G109 -> 0 | D109: 0 | E109: =C109+D109 -> 0 | F109: 0 | G109: =E109-F109-H109 -> 0 | H109: 0 | I109: 60 | J109: =+I109*H109 -> 0 | K109: - | L109: 0 | M109: =+J109-L109 -> 0
A110: 106 | B110: เค้กสามเหลี่ยม มะพร้าว | C110: =+'1'!G110 -> 0 | D110: 0 | E110: =C110+D110 -> 0 | F110: 0 | G110: =E110-F110-H110 -> 0 | H110: 0 | I110: 35 | J110: =+I110*H110 -> 0 | K110: - | L110: 0 | M110: =+J110-L110 -> 0
A111: 107 | B111: เค้กสามเหลี่ยม สตอเบอรี่ | C111: =+'1'!G111 -> 0 | D111: 0 | E111: =C111+D111 -> 0 | F111: 0 | G111: =E111-F111-H111 -> 0 | H111: 0 | I111: 35 | J111: =+I111*H111 -> 0 | K111: - | L111: 0 | M111: =+J111-L111 -> 0
A112: 108 | B112: เค้กสามเหลี่ยม บลูเบอรี่ | C112: =+'1'!G112 -> 0 | D112: 0 | E112: =C112+D112 -> 0 | F112: 0 | G112: =E112-F112-H112 -> 0 | H112: 0 | I112: 35 | J112: =+I112*H112 -> 0 | K112: - | L112: 0 | M112: =+J112-L112 -> 0
A113: 109 | B113: เค้กสามเหลี่ยม รสส้ม | C113: =+'1'!G113 -> 0 | D113: 0 | E113: =C113+D113 -> 0 | F113: 0 | G113: =E113-F113-H113 -> 0 | H113: 0 | I113: 35 | J113: =+I113*H113 -> 0 | K113: - | L113: 0 | M113: =+J113-L113 -> 0
A114: 110 | B114: เค้กสามเหลี่ยม รสช็อกโกโอริโอ้ | C114: =+'1'!G114 -> 0 | D114: 0 | E114: =C114+D114 -> 0 | F114: 0 | G114: =E114-F114-H114 -> 0 | H114: 0 | I114: 35 | J114: =+I114*H114 -> 0 | K114: - | L114: 0 | M114: =+J114-L114 -> 0
A115: 111 | B115: สตอเบอร์รี่ครีมเค้ก | C115: =+'1'!G115 -> 0 | D115: 0 | E115: =C115+D115 -> 0 | F115: 0 | G115: =E115-F115-H115 -> 0 | H115: 0 | I115: 50 | J115: =+I115*H115 -> 0 | K115: - | L115: 0 | M115: =+J115-L115 -> 0
A116: 112 | B116: บลูเบอร์รี่ครีมเค้ก | C116: =+'1'!G116 -> 0 | D116: 0 | E116: =C116+D116 -> 0 | F116: 0 | G116: =E116-F116-H116 -> 0 | H116: 0 | I116: 50 | J116: =+I116*H116 -> 0 | K116: - | L116: 0 | M116: =+J116-L116 -> 0
A117: 113 | B117: เค้กส้ม | C117: =+'1'!G117 -> 0 | D117: 0 | E117: =C117+D117 -> 0 | F117: 0 | G117: =E117-F117-H117 -> 0 | H117: 0 | I117: 50 | J117: =+I117*H117 -> 0 | K117: - | L117: 0 | M117: =+J117-L117 -> 0
A118: 114 | B118: วนิลาครีมเค้ก | C118: =+'1'!G118 -> 0 | D118: 0 | E118: =C118+D118 -> 0 | F118: 0 | G118: =E118-F118-H118 -> 0 | H118: 0 | I118: 50 | J118: =+I118*H118 -> 0 | K118: - | L118: 0 | M118: =+J118-L118 -> 0
A119: 115 | B119: ใบเตยครีมเค้ก | C119: =+'1'!G119 -> 0 | D119: 0 | E119: =C119+D119 -> 0 | F119: 0 | G119: =E119-F119-H119 -> 0 | H119: 0 | I119: 50 | J119: =+I119*H119 -> 0 | K119: - | L119: 0 | M119: =+J119-L119 -> 0
... A203: 199 | B203: โดนัทไส้แยมสตรอเบอรี่ | C203: =+'1'!G203 -> 0 | D203: 0 | E203: =C203+D203 -> 0 | F203: 0 | G203: =E203-F203-H203 -> 0 | H203: 0 | I203: 25 | J203: =+I203*H203 -> 0 | K203: - | L203: 0 | M203: =+J203-L203 -> 0
A204: 200 | B204: ซอฟท์เค้กฝอยทอง (ระบาย) | I204: 30
A205: 201 | B205: ซอฟท์เค้กครีมสด (ระบาย) | I205: 30
A206: 202 | C206: =+'1'!G206 -> 0 | D206: 0 | E206: =C206+D206 -> 0 | F206: 0 | G206: =E206-F206-H206 -> 0 | H206: 0 | I206: 0 | J206: =+I206*H206 -> 0 | K206: - | L206: 0 | M206: =+J206-L206 -> 0
L207: 0 | M207: ส่วนลดสินค้า SALE
H208: ยอดขายสินค้า SALE | J208: =+X107 -> 0
I209: รวมทั้งหมด | K209: =SUM(J5:J208) -> 5450
I210: หัก ค่าโอนเงิน | K210: 15
I211: หัก โอนหน้าร้าน | K211: =SUM(L211:BO211) -> 1590 | L211: 300 | M211: 70 | N211: 50 | O211: 150 | P211: 120 | Q211: 100 | R211: 50 | S211: 150 | T211: 100 | U211: 100 | V211: 100 | W211: 300
I212: สแกนใช้สิทธิ์ | K212: 0
I213: หัก ค่าใช้จ่ายอื่นๆ | K213: 0
I214: หัก ส่วนลด | K214: =SUM(L5:L207) -> 100
I215: ต้องคงเหลือทั้งหมด | K215: =K209-K210-K211-K213-K214 -> 3745
I216: ยอดที่รับจริง | K216: 3745
I217: ขาด | K217: =+K216-K215 -> 0
I218: เกิน | K218: =+K216-K215 -> 0
J220: ยอดขายหักส่วนลด | K220: =+K209-K214+K217 -> 5350
J221: ยอดเงินสด | K221: =SUM(K210:K213) -> 1605
J222: ยอดโอน | K222: =+K216 -> 3745

Sheet 3
A2: บูธ ร้านใหม่ลำ 3 วันที่ 1-30/6/2567 | O2: สินค้า SALE
A3: ลำดับ | B3: รายการ | C3: ยกมา | D3: รับ | E3: รวม | F3: เปลี่ยน/ | G3: คงเหลือ | H3: รายการขาย | K3: หมายเหตุ | L3: ส่วนลด | O3: ลำดับ | P3: รายการ | Q3: ยกมา | R3: รับ | S3: รวม | T3: เปลี่ยน/ | U3: คงเหลือ | V3: รายการขาย | Y3: หมายเหตุ | Z3: ส่วนลด
F4: คืน/เสีย | H4: จำนวน | I4: @ | J4: เป็นเงิน | T4: คืน/เสีย | V4: จำนวน | W4: @ | X4: เป็นเงิน
A5: 1 | B5: ชิฟฟ่อน (ล) | C5: =+'2'!G5 -> 7 | D5: 10 | E5: =C5+D5 -> 17 | F5: 0 | G5: =E5-F5-H5 -> 2 | H5: 15 | I5: 50 | J5: =+I5*H5 -> 750 | K5: แถม1 | L5: 50 | M5: =+J5-L5 -> 700 | O5: 1 | Q5: =+'[2]วันที่ 16'!U5 -> 0 | R5: 0 | S5: =Q5+R5 -> 0 | T5: 0 | U5: =S5-T5-V5 -> 0 | V5: 0 | X5: =+W5*V5 -> 0 | Y5: - | Z5: 0
A6: 2 | B6: ชิฟฟ่อน (ญ) | C6: =+'2'!G6 -> 21 | D6: 10 | E6: =C6+D6 -> 31 | F6: 0 | G6: =E6-F6-H6 -> 23 | H6: 8 | I6: 100 | J6: =+I6*H6 -> 800 | K6: - | L6: 0 | M6: =+J6-L6 -> 800 | O6: 2 | Q6: =+[2]ยกมา!U6 -> 0 | R6: 0 | S6: =Q6+R6 -> 0 | T6: 0 | U6: =S6-T6-V6 -> 0 | V6: 0 | X6: =+W6*V6 -> 0 | Y6: - | Z6: 0
A7: 3 | B7: ชิฟฟ่อน (ล) กาแฟ | C7: =+'2'!G7 -> 0 | D7: 0 | E7: =C7+D7 -> 0 | F7: 0 | G7: =E7-F7-H7 -> 0 | H7: 0 | I7: 50 | J7: =+I7*H7 -> 0 | K7: - | L7: 0 | M7: =+J7-L7 -> 0 | O7: 3 | Q7: =+[2]ยกมา!U7 -> 0 | R7: 0 | S7: =Q7+R7 -> 0 | T7: 0 | U7: =S7-T7-V7 -> 0 | V7: 0 | X7: =+W7*V7 -> 0 | Y7: - | Z7: 0
A8: 4 | B8: ชิฟฟ่อน (ญ) กาแฟ | C8: =+'2'!G8 -> 0 | D8: 0 | E8: =C8+D8 -> 0 | F8: 0 | G8: =E8-F8-H8 -> 0 | H8: 0 | I8: 100 | J8: =+I8*H8 -> 0 | K8: - | L8: 0 | M8: =+J8-L8 -> 0 | O8: 4 | Q8: =+[2]ยกมา!U8 -> 0 | R8: 0 | S8: =Q8+R8 -> 0 | T8: 0 | U8: =S8-T8-V8 -> 0 | V8: 0 | X8: =+W8*V8 -> 0 | Y8: - | Z8: 0
A9: 5 | B9: ชิฟฟ่อนเค้ก 1 ชิ้น | C9: =+'2'!G9 -> 0 | D9: 0 | E9: =C9+D9 -> 0 | F9: 0 | G9: =E9-F9-H9 -> 0 | H9: 0 | I9: 12 | J9: =+I9*H9 -> 0 | K9: - | L9: 0 | M9: =+J9-L9 -> 0 | O9: 5 | Q9: =+[2]ยกมา!U9 -> 0 | R9: 0 | S9: =Q9+R9 -> 0 | T9: 0 | U9: =S9-T9-V9 -> 0 | V9: 0 | X9: =+W9*V9 -> 0 | Y9: - | Z9: 0
A10: 6 | B10: ชิฟฟ่อนเค้กสอดไส้แยม 1 ชิ้น | C10: =+'2'!G10 -> 0 | D10: 0 | E10: =C10+D10 -> 0 | F10: 0 | G10: =E10-F10-H10 -> 0 | H10: 0 | I10: 15 | J10: =+I10*H10 -> 0 | K10: - | L10: 0 | M10: =+J10-L10 -> 0 | O10: 6 | Q10: =+[2]ยกมา!U10 -> 0 | R10: 0 | S10: =Q10+R10 -> 0 | T10: 0 | U10: =S10-T10-V10 -> 0 | V10: 0 | X10: =+W10*V10 -> 0 | Y10: - | Z10: 0
A11: 7 | B11: ชิฟฟ่อน สอดไส้ (ล) 2 ชิ้น ครีมมะพร้าว | C11: =+'2'!G11 -> 0 | D11: 0 | E11: =C11+D11 -> 0 | F11: 0 | G11: =E11-F11-H11 -> 0 | H11: 0 | I11: 40 | J11: =+I11*H11 -> 0 | K11: - | L11: 0 | M11: =+J11-L11 -> 0 | O11: 7 | Q11: =+[2]ยกมา!U11 -> 0 | R11: 0 | S11: =Q11+R11 -> 0 | T11: 0 | U11: =S11-T11-V11 -> 0 | V11: 0 | X11: =+W11*V11 -> 0 | Y11: - | Z11: 0
A12: 8 | B12: ชิฟฟ่อน สอดไส้ (ล) 3 ชิ้น รวมรส | C12: =+'2'!G12 -> 2 | D12: 10 | E12: =C12+D12 -> 12 | F12: 0 | G12: =E12-F12-H12 -> 5 | H12: 7 | I12: 50 | J12: =+I12*H12 -> 350 | K12: - | L12: 0 | M12: =+J12-L12 -> 350 | O12: 8 | Q12: =+[2]ยกมา!U12 -> 0 | R12: 0 | S12: =Q12+R12 -> 0 | T12: 0 | U12: =S12-T12-V12 -> 0 | V12: 0 | X12: =+W12*V12 -> 0 | Y12: - | Z12: 0
A13: 9 | B13: ชิฟฟ่อน สอดไส้ (ล) 3 ชิ้น เมล่อน | C13: =+'2'!G13 -> 0 | D13: 0 | E13: =C13+D13 -> 0 | F13: 0 | G13: =E13-F13-H13 -> 0 | H13: 0 | I13: 55 | J13: =+I13*H13 -> 0 | K13: - | L13: 0 | M13: =+J13-L13 -> 0 | O13: 9 | Q13: =+[2]ยกมา!U13 -> 0 | R13: 0 | S13: =Q13+R13 -> 0 | T13: 0 | U13: =S13-T13-V13 -> 0 | V13: 0 | X13: =+W13*V13 -> 0 | Y13: - | Z13: 0
A14: 10 | B14: ชิฟฟ่อน สอดไส้ (ล) 4 ชิ้น ครีมมะพร้าว | C14: =+'2'!G14 -> 7 | D14: 0 | E14: =C14+D14 -> 7 | F14: 0 | G14: =E14-F14-H14 -> 1 | H14: 6 | I14: 65 | J14: =+I14*H14 -> 390 | K14: ลด50%=2 | L14: 65 | M14: =+J14-L14 -> 325 | O14: 10 | Q14: =+[2]ยกมา!U14 -> 0 | R14: 0 | S14: =Q14+R14 -> 0 | T14: 0 | U14: =S14-T14-V14 -> 0 | V14: 0 | X14: =+W14*V14 -> 0 | Y14: - | Z14: 0
A15: 11 | B15: ชิฟฟ่อน สอดไส้ (ล) 3 ชิ้น แยมส้ม | C15: =+'2'!G15 -> 0 | D15: 0 | E15: =C15+D15 -> 0 | F15: 0 | G15: =E15-F15-H15 -> 0 | H15: 0 | I15: 50 | J15: =+I15*H15 -> 0 | K15: - | L15: 0 | M15: =+J15-L15 -> 0 | O15: 11 | Q15: =+[2]ยกมา!U15 -> 0 | R15: 0 | S15: =Q15+R15 -> 0 | T15: 0 | U15: =S15-T15-V15 -> 0 | V15: 0 | X15: =+W15*V15 -> 0 | Y15: - | Z15: 0
A16: 12 | B16: ชิฟฟ่อน สอดไส้ (ล) 3 ชิ้น บลูเบอรี่ | C16: =+'2'!G16 -> 0 | D16: 0 | E16: =C16+D16 -> 0 | F16: 0 | G16: =E16-F16-H16 -> 0 | H16: 0 | I16: 50 | J16: =+I16*H16 -> 0 | K16: - | L16: 0 | M16: =+J16-L16 -> 0 | O16: 12 | Q16: =+[2]ยกมา!U16 -> 0 | R16: 0 | S16: =Q16+R16 -> 0 | T16: 0 | U16: =S16-T16-V16 -> 0 | V16: 0 | X16: =+W16*V16 -> 0 | Y16: - | Z16: 0
A17: 13 | B17: ชิฟฟ่อน สอดไส้ (ล) 3 ชิ้น ฝอยทอง | C17: =+'2'!G17 -> 2 | D17: 5 | E17: =C17+D17 -> 7 | F17: 0 | G17: =E17-F17-H17 -> 3 | H17: 4 | I17: 50 | J17: =+I17*H17 -> 200 | K17: - | L17: 0 | M17: =+J17-L17 -> 200 | O17: 13 | Q17: =+[2]ยกมา!U17 -> 0 | R17: 0 | S17: =Q17+R17 -> 0 | T17: 0 | U17: =S17-T17-V17 -> 0 | V17: 0 | X17: =+W17*V17 -> 0 | Y17: - | Z17: 0
... A103: 99 | B103: ไดฟุกุ 8 ชิ้น | C103: =+'2'!G103 -> 0 | D103: 0 | E103: =C103+D103 -> 0 | F103: 0 | G103: =E103-F103-H103 -> 0 | H103: 0 | I103: 100 | J103: =+I103*H103 -> 0 | K103: - | L103: 0 | M103: =+J103-L103 -> 0 | O103: 99 | Q103: =+[2]ยกมา!U103 -> 0 | R103: 0 | S103: =Q103+R103 -> 0 | T103: 0 | U103: =S103-T103-V103 -> 0 | V103: 0 | X103: =+W103*V103 -> 0 | Y103: - | Z103: 0
A104: 100 | B104: หมูทุบ | C104: =+'2'!G104 -> 0 | D104: 0 | E104: =C104+D104 -> 0 | F104: 0 | G104: =E104-F104-H104 -> 0 | H104: 0 | I104: 100 | J104: =+I104*H104 -> 0 | K104: - | L104: 0 | M104: =+J104-L104 -> 0 | O104: 100 | Q104: =+[2]ยกมา!U104 -> 0 | R104: 0 | S104: =Q104+R104 -> 0 | T104: 0 | U104: =S104-T104-V104 -> 0 | V104: 0 | X104: =+W104*V104 -> 0 | Z104: 0
A105: 101 | B105: ดอกจอก | C105: =+'2'!G105 -> 0 | D105: 0 | E105: =C105+D105 -> 0 | F105: 0 | G105: =E105-F105-H105 -> 0 | H105: 0 | I105: 30 | J105: =+I105*H105 -> 0 | K105: - | L105: 0 | M105: =+J105-L105 -> 0 | Z105: =SUM(Z5:Z104) -> 0
A106: 102 | B106: เทียน | C106: =+'2'!G106 -> 0 | D106: 0 | E106: =C106+D106 -> 0 | F106: 0 | G106: =E106-F106-H106 -> 0 | H106: 0 | I106: 20 | J106: =+I106*H106 -> 0 | K106: - | L106: 0 | M106: =+J106-L106 -> 0
A107: 103 | B107: ขนมอาลัวแฟนซี | C107: =+'2'!G107 -> 0 | D107: 0 | E107: =C107+D107 -> 0 | F107: 0 | G107: =E107-F107-H107 -> 0 | H107: 0 | I107: 100 | J107: =+I107*H107 -> 0 | K107: - | L107: 0 | M107: =+J107-L107 -> 0 | P107: รวม | X107: =SUM(X5:X104) -> 0
A108: 104 | B108: ชูนัทคุกกี้ | C108: =+'2'!G108 -> 0 | D108: 0 | E108: =C108+D108 -> 0 | F108: 0 | G108: =E108-F108-H108 -> 0 | H108: 0 | I108: 80 | J108: =+I108*H108 -> 0 | K108: - | L108: 0 | M108: =+J108-L108 -> 0
A109: 105 | B109: วุ้นแฟนซี | C109: =+'2'!G109 -> 0 | D109: 0 | E109: =C109+D109 -> 0 | F109: 0 | G109: =E109-F109-H109 -> 0 | H109: 0 | I109: 60 | J109: =+I109*H109 -> 0 | K109: - | L109: 0 | M109: =+J109-L109 -> 0
A110: 106 | B110: เค้กสามเหลี่ยม มะพร้าว | C110: =+'2'!G110 -> 0 | D110: 0 | E110: =C110+D110 -> 0 | F110: 0 | G110: =E110-F110-H110 -> 0 | H110: 0 | I110: 35 | J110: =+I110*H110 -> 0 | K110: - | L110: 0 | M110: =+J110-L110 -> 0
A111: 107 | B111: เค้กสามเหลี่ยม สตอเบอรี่ | C111: =+'2'!G111 -> 0 | D111: 0 | E111: =C111+D111 -> 0 | F111: 0 | G111: =E111-F111-H111 -> 0 | H111: 0 | I111: 35 | J111: =+I111*H111 -> 0 | K111: - | L111: 0 | M111: =+J111-L111 -> 0
A112: 108 | B112: เค้กสามเหลี่ยม บลูเบอรี่ | C112: =+'2'!G112 -> 0 | D112: 0 | E112: =C112+D112 -> 0 | F112: 0 | G112: =E112-F112-H112 -> 0 | H112: 0 | I112: 35 | J112: =+I112*H112 -> 0 | K112: - | L112: 0 | M112: =+J112-L112 -> 0
A113: 109 | B113: เค้กสามเหลี่ยม รสส้ม | C113: =+'2'!G113 -> 0 | D113: 0 | E113: =C113+D113 -> 0 | F113: 0 | G113: =E113-F113-H113 -> 0 | H113: 0 | I113: 35 | J113: =+I113*H113 -> 0 | K113: - | L113: 0 | M113: =+J113-L113 -> 0
A114: 110 | B114: เค้กสามเหลี่ยม รสช็อกโกโอริโอ้ | C114: =+'2'!G114 -> 0 | D114: 0 | E114: =C114+D114 -> 0 | F114: 0 | G114: =E114-F114-H114 -> 0 | H114: 0 | I114: 35 | J114: =+I114*H114 -> 0 | K114: - | L114: 0 | M114: =+J114-L114 -> 0
A115: 111 | B115: สตอเบอร์รี่ครีมเค้ก | C115: =+'2'!G115 -> 0 | D115: 0 | E115: =C115+D115 -> 0 | F115: 0 | G115: =E115-F115-H115 -> 0 | H115: 0 | I115: 50 | J115: =+I115*H115 -> 0 | K115: - | L115: 0 | M115: =+J115-L115 -> 0
A116: 112 | B116: บลูเบอร์รี่ครีมเค้ก | C116: =+'2'!G116 -> 0 | D116: 0 | E116: =C116+D116 -> 0 | F116: 0 | G116: =E116-F116-H116 -> 0 | H116: 0 | I116: 50 | J116: =+I116*H116 -> 0 | K116: - | L116: 0 | M116: =+J116-L116 -> 0
A117: 113 | B117: เค้กส้ม | C117: =+'2'!G117 -> 0 | D117: 0 | E117: =C117+D117 -> 0 | F117: 0 | G117: =E117-F117-H117 -> 0 | H117: 0 | I117: 50 | J117: =+I117*H117 -> 0 | K117: - | L117: 0 | M117: =+J117-L117 -> 0
A118: 114 | B118: วนิลาครีมเค้ก | C118: =+'2'!G118 -> 0 | D118: 0 | E118: =C118+D118 -> 0 | F118: 0 | G118: =E118-F118-H118 -> 0 | H118: 0 | I118: 50 | J118: =+I118*H118 -> 0 | K118: - | L118: 0 | M118: =+J118-L118 -> 0
A119: 115 | B119: ใบเตยครีมเค้ก | C119: =+'2'!G119 -> 0 | D119: 0 | E119: =C119+D119 -> 0 | F119: 0 | G119: =E119-F119-H119 -> 0 | H119: 0 | I119: 50 | J119: =+I119*H119 -> 0 | K119: - | L119: 0 | M119: =+J119-L119 -> 0
... A203: 199 | B203: โดนัทไส้แยมสตรอเบอรี่ | C203: =+'2'!G203 -> 0 | D203: 0 | E203: =C203+D203 -> 0 | F203: 0 | G203: =E203-F203-H203 -> 0 | H203: 0 | I203: 25 | J203: =+I203*H203 -> 0 | K203: - | L203: 0 | M203: =+J203-L203 -> 0
A204: 200 | B204: ซอฟท์เค้กฝอยทอง (ระบาย) | I204: 30
A205: 201 | B205: ซอฟท์เค้กครีมสด (ระบาย) | I205: 30
A206: 202 | C206: =+'2'!G206 -> 0 | D206: 0 | E206: =C206+D206 -> 0 | F206: 0 | G206: =E206-F206-H206 -> 0 | H206: 0 | I206: 0 | J206: =+I206*H206 -> 0 | K206: - | L206: 0 | M206: =+J206-L206 -> 0
L207: 0 | M207: ส่วนลดสินค้า SALE
H208: ยอดขายสินค้า SALE | J208: =+X107 -> 0
I209: รวมทั้งหมด | K209: =SUM(J5:J208) -> 9240
I210: หัก ค่าโอนเงิน | K210: 15
I211: หัก โอนหน้าร้าน | K211: =SUM(L211:BO211) -> 3905 | L211: 50 | M211: 135 | N211: 65 | O211: 100 | P211: 200 | Q211: 570 | R211: 100 | S211: 50 | T211: 250 | U211: 50 | V211: 300 | W211: 200 | X211: 380 | Y211: 65 | Z211: 100 | AA211: 270 | AB211: 100 | AC211: 150 | AD211: 80 | AE211: 110 | AF211: 130 | AG211: 100 | AH211: 250 | AI211: 100
I212: สแกนใช้สิทธิ์ | K212: 0
I213: หัก ค่าใช้จ่ายอื่นๆ | K213: 0
I214: หัก ส่วนลด | K214: =SUM(L5:L207) -> 235
I215: ต้องคงเหลือทั้งหมด | K215: =K209-K210-K211-K213-K214 -> 5085
I216: ยอดที่รับจริง | K216: 5070
I217: ขาด | K217: =+K216-K215 -> -15
I218: เกิน | K218: =+K216-K215 -> -15
J220: ยอดขายหักส่วนลด | K220: =+K209-K214+K217 -> 8990
J221: ยอดเงินสด | K221: =SUM(K210:K213) -> 3920
J222: ยอดโอน | K222: =+K216 -> 5070

Sheet 4
A2: บูธ ร้านใหม่ลำ 3 วันที่ 1-30/6/2567 | O2: สินค้า SALE
A3: ลำดับ | B3: รายการ | C3: ยกมา | D3: รับ | E3: รวม | F3: เปลี่ยน/ | G3: คงเหลือ | H3: รายการขาย | K3: หมายเหตุ | L3: ส่วนลด | O3: ลำดับ | P3: รายการ | Q3: ยกมา | R3: รับ | S3: รวม | T3: เปลี่ยน/ | U3: คงเหลือ | V3: รายการขาย | Y3: หมายเหตุ | Z3: ส่วนลด
F4: คืน/เสีย | H4: จำนวน | I4: @ | J4: เป็นเงิน | T4: คืน/เสีย | V4: จำนวน | W4: @ | X4: เป็นเงิน
A5: 1 | B5: ชิฟฟ่อน (ล) | C5: =+'3'!G5 -> 2 | D5: 0 | E5: =C5+D5 -> 2 | F5: 0 | G5: =E5-F5-H5 -> 1 | H5: 1 | I5: 50 | J5: =+I5*H5 -> 50 | K5: - | L5: 0 | M5: =+J5-L5 -> 50 | O5: 1 | Q5: =+'[2]วันที่ 16'!U5 -> 0 | R5: 0 | S5: =Q5+R5 -> 0 | T5: 0 | U5: =S5-T5-V5 -> 0 | V5: 0 | X5: =+W5*V5 -> 0 | Y5: - | Z5: 0
A6: 2 | B6: ชิฟฟ่อน (ญ) | C6: =+'3'!G6 -> 23 | D6: 0 | E6: =C6+D6 -> 23 | F6: 0 | G6: =E6-F6-H6 -> 20 | H6: 3 | I6: 100 | J6: =+I6*H6 -> 300 | K6: - | L6: 0 | M6: =+J6-L6 -> 300 | O6: 2 | Q6: =+[2]ยกมา!U6 -> 0 | R6: 0 | S6: =Q6+R6 -> 0 | T6: 0 | U6: =S6-T6-V6 -> 0 | V6: 0 | X6: =+W6*V6 -> 0 | Y6: - | Z6: 0
A7: 3 | B7: ชิฟฟ่อน (ล) กาแฟ | C7: =+'3'!G7 -> 0 | D7: 0 | E7: =C7+D7 -> 0 | F7: 0 | G7: =E7-F7-H7 -> 0 | H7: 0 | I7: 50 | J7: =+I7*H7 -> 0 | K7: - | L7: 0 | M7: =+J7-L7 -> 0 | O7: 3 | Q7: =+[2]ยกมา!U7 -> 0 | R7: 0 | S7: =Q7+R7 -> 0 | T7: 0 | U7: =S7-T7-V7 -> 0 | V7: 0 | X7: =+W7*V7 -> 0 | Y7: - | Z7: 0
A8: 4 | B8: ชิฟฟ่อน (ญ) กาแฟ | C8: =+'3'!G8 -> 0 | D8: 0 | E8: =C8+D8 -> 0 | F8: 0 | G8: =E8-F8-H8 -> 0 | H8: 0 | I8: 100 | J8: =+I8*H8 -> 0 | K8: - | L8: 0 | M8: =+J8-L8 -> 0 | O8: 4 | Q8: =+[2]ยกมา!U8 -> 0 | R8: 0 | S8: =Q8+R8 -> 0 | T8: 0 | U8: =S8-T8-V8 -> 0 | V8: 0 | X8: =+W8*V8 -> 0 | Y8: - | Z8: 0
A9: 5 | B9: ชิฟฟ่อนเค้ก 1 ชิ้น | C9: =+'3'!G9 -> 0 | D9: 0 | E9: =C9+D9 -> 0 | F9: 0 | G9: =E9-F9-H9 -> 0 | H9: 0 | I9: 12 | J9: =+I9*H9 -> 0 | K9: - | L9: 0 | M9: =+J9-L9 -> 0 | O9: 5 | Q9: =+[2]ยกมา!U9 -> 0 | R9: 0 | S9: =Q9+R9 -> 0 | T9: 0 | U9: =S9-T9-V9 -> 0 | V9: 0 | X9: =+W9*V9 -> 0 | Y9: - | Z9: 0
A10: 6 | B10: ชิฟฟ่อนเค้กสอดไส้แยม 1 ชิ้น | C10: =+'3'!G10 -> 0 | D10: 0 | E10: =C10+D10 -> 0 | F10: 0 | G10: =E10-F10-H10 -> 0 | H10: 0 | I10: 15 | J10: =+I10*H10 -> 0 | K10: - | L10: 0 | M10: =+J10-L10 -> 0 | O10: 6 | Q10: =+[2]ยกมา!U10 -> 0 | R10: 0 | S10: =Q10+R10 -> 0 | T10: 0 | U10: =S10-T10-V10 -> 0 | V10: 0 | X10: =+W10*V10 -> 0 | Y10: - | Z10: 0
A11: 7 | B11: ชิฟฟ่อน สอดไส้ (ล) 2 ชิ้น ครีมมะพร้าว | C11: =+'3'!G11 -> 0 | D11: 0 | E11: =C11+D11 -> 0 | F11: 0 | G11: =E11-F11-H11 -> 0 | H11: 0 | I11: 40 | J11: =+I11*H11 -> 0 | K11: - | L11: 0 | M11: =+J11-L11 -> 0 | O11: 7 | Q11: =+[2]ยกมา!U11 -> 0 | R11: 0 | S11: =Q11+R11 -> 0 | T11: 0 | U11: =S11-T11-V11 -> 0 | V11: 0 | X11: =+W11*V11 -> 0 | Y11: - | Z11: 0
A12: 8 | B12: ชิฟฟ่อน สอดไส้ (ล) 3 ชิ้น รวมรส | C12: =+'3'!G12 -> 5 | D12: 0 | E12: =C12+D12 -> 5 | F12: 0 | G12: =E12-F12-H12 -> 2 | H12: 3 | I12: 50 | J12: =+I12*H12 -> 150 | K12: - | L12: 0 | M12: =+J12-L12 -> 150 | O12: 8 | Q12: =+[2]ยกมา!U12 -> 0 | R12: 0 | S12: =Q12+R12 -> 0 | T12: 0 | U12: =S12-T12-V12 -> 0 | V12: 0 | X12: =+W12*V12 -> 0 | Y12: - | Z12: 0
A13: 9 | B13: ชิฟฟ่อน สอดไส้ (ล) 3 ชิ้น เมล่อน | C13: =+'3'!G13 -> 0 | D13: 0 | E13: =C13+D13 -> 0 | F13: 0 | G13: =E13-F13-H13 -> 0 | H13: 0 | I13: 55 | J13: =+I13*H13 -> 0 | K13: - | L13: 0 | M13: =+J13-L13 -> 0 | O13: 9 | Q13: =+[2]ยกมา!U13 -> 0 | R13: 0 | S13: =Q13+R13 -> 0 | T13: 0 | U13: =S13-T13-V13 -> 0 | V13: 0 | X13: =+W13*V13 -> 0 | Y13: - | Z13: 0
A14: 10 | B14: ชิฟฟ่อน สอดไส้ (ล) 4 ชิ้น ครีมมะพร้าว | C14: =+'3'!G14 -> 1 | D14: 0 | E14: =C14+D14 -> 1 | F14: 0 | G14: =E14-F14-H14 -> 0 | H14: 1 | I14: 65 | J14: =+I14*H14 -> 65 | K14: - | L14: 0 | M14: =+J14-L14 -> 65 | O14: 10 | Q14: =+[2]ยกมา!U14 -> 0 | R14: 0 | S14: =Q14+R14 -> 0 | T14: 0 | U14: =S14-T14-V14 -> 0 | V14: 0 | X14: =+W14*V14 -> 0 | Y14: - | Z14: 0
A15: 11 | B15: ชิฟฟ่อน สอดไส้ (ล) 3 ชิ้น แยมส้ม | C15: =+'3'!G15 -> 0 | D15: 0 | E15: =C15+D15 -> 0 | F15: 0 | G15: =E15-F15-H15 -> 0 | H15: 0 | I15: 50 | J15: =+I15*H15 -> 0 | K15: - | L15: 0 | M15: =+J15-L15 -> 0 | O15: 11 | Q15: =+[2]ยกมา!U15 -> 0 | R15: 0 | S15: =Q15+R15 -> 0 | T15: 0 | U15: =S15-T15-V15 -> 0 | V15: 0 | X15: =+W15*V15 -> 0 | Y15: - | Z15: 0
A16: 12 | B16: ชิฟฟ่อน สอดไส้ (ล) 3 ชิ้น บลูเบอรี่ | C16: =+'3'!G16 -> 0 | D16: 0 | E16: =C16+D16 -> 0 | F16: 0 | G16: =E16-F16-H16 -> 0 | H16: 0 | I16: 50 | J16: =+I16*H16 -> 0 | K16: - | L16: 0 | M16: =+J16-L16 -> 0 | O16: 12 | Q16: =+[2]ยกมา!U16 -> 0 | R16: 0 | S16: =Q16+R16 -> 0 | T16: 0 | U16: =S16-T16-V16 -> 0 | V16: 0 | X16: =+W16*V16 -> 0 | Y16: - | Z16: 0
A17: 13 | B17: ชิฟฟ่อน สอดไส้ (ล) 3 ชิ้น ฝอยทอง | C17: =+'3'!G17 -> 3 | D17: 0 | E17: =C17+D17 -> 3 | F17: 0 | G17: =E17-F17-H17 -> 1 | H17: 2 | I17: 50 | J17: =+I17*H17 -> 100 | K17: - | L17: 0 | M17: =+J17-L17 -> 100 | O17: 13 | Q17: =+[2]ยกมา!U17 -> 0 | R17: 0 | S17: =Q17+R17 -> 0 | T17: 0 | U17: =S17-T17-V17 -> 0 | V17: 0 | X17: =+W17*V17 -> 0 | Y17: - | Z17: 0
... A103: 99 | B103: ไดฟุกุ 8 ชิ้น | C103: =+'3'!G103 -> 0 | D103: 0 | E103: =C103+D103 -> 0 | F103: 0 | G103: =E103-F103-H103 -> 0 | H103: 0 | I103: 100 | J103: =+I103*H103 -> 0 | K103: - | L103: 0 | M103: =+J103-L103 -> 0 | O103: 99 | Q103: =+[2]ยกมา!U103 -> 0 | R103: 0 | S103: =Q103+R103 -> 0 | T103: 0 | U103: =S103-T103-V103 -> 0 | V103: 0 | X103: =+W103*V103 -> 0 | Y103: - | Z103: 0
A104: 100 | B104: หมูทุบ | C104: =+'3'!G104 -> 0 | D104: 0 | E104: =C104+D104 -> 0 | F104: 0 | G104: =E104-F104-H104 -> 0 | H104: 0 | I104: 100 | J104: =+I104*H104 -> 0 | K104: - | L104: 0 | M104: =+J104-L104 -> 0 | O104: 100 | Q104: =+[2]ยกมา!U104 -> 0 | R104: 0 | S104: =Q104+R104 -> 0 | T104: 0 | U104: =S104-T104-V104 -> 0 | V104: 0 | X104: =+W104*V104 -> 0 | Z104: 0
A105: 101 | B105: ดอกจอก | C105: =+'3'!G105 -> 0 | D105: 0 | E105: =C105+D105 -> 0 | F105: 0 | G105: =E105-F105-H105 -> 0 | H105: 0 | I105: 30 | J105: =+I105*H105 -> 0 | K105: - | L105: 0 | M105: =+J105-L105 -> 0 | Z105: =SUM(Z5:Z104) -> 0
A106: 102 | B106: เทียน | C106: =+'3'!G106 -> 0 | D106: 0 | E106: =C106+D106 -> 0 | F106: 0 | G106: =E106-F106-H106 -> 0 | H106: 0 | I106: 20 | J106: =+I106*H106 -> 0 | K106: - | L106: 0 | M106: =+J106-L106 -> 0
A107: 103 | B107: ขนมอาลัวแฟนซี | C107: =+'3'!G107 -> 0 | D107: 0 | E107: =C107+D107 -> 0 | F107: 0 | G107: =E107-F107-H107 -> 0 | H107: 0 | I107: 100 | J107: =+I107*H107 -> 0 | K107: - | L107: 0 | M107: =+J107-L107 -> 0 | P107: รวม | X107: =SUM(X5:X104) -> 0
A108: 104 | B108: ชูนัทคุกกี้ | C108: =+'3'!G108 -> 0 | D108: 0 | E108: =C108+D108 -> 0 | F108: 0 | G108: =E108-F108-H108 -> 0 | H108: 0 | I108: 80 | J108: =+I108*H108 -> 0 | K108: - | L108: 0 | M108: =+J108-L108 -> 0
A109: 105 | B109: วุ้นแฟนซี | C109: =+'3'!G109 -> 0 | D109: 0 | E109: =C109+D109 -> 0 | F109: 0 | G109: =E109-F109-H109 -> 0 | H109: 0 | I109: 60 | J109: =+I109*H109 -> 0 | K109: - | L109: 0 | M109: =+J109-L109 -> 0
A110: 106 | B110: เค้กสามเหลี่ยม มะพร้าว | C110: =+'3'!G110 -> 0 | D110: 0 | E110: =C110+D110 -> 0 | F110: 0 | G110: =E110-F110-H110 -> 0 | H110: 0 | I110: 35 | J110: =+I110*H110 -> 0 | K110: - | L110: 0 | M110: =+J110-L110 -> 0
A111: 107 | B111: เค้กสามเหลี่ยม สตอเบอรี่ | C111: =+'3'!G111 -> 0 | D111: 0 | E111: =C111+D111 -> 0 | F111: 0 | G111: =E111-F111-H111 -> 0 | H111: 0 | I111: 35 | J111: =+I111*H111 -> 0 | K111: - | L111: 0 | M111: =+J111-L111 -> 0
A112: 108 | B112: เค้กสามเหลี่ยม บลูเบอรี่ | C112: =+'3'!G112 -> 0 | D112: 0 | E112: =C112+D112 -> 0 | F112: 0 | G112: =E112-F112-H112 -> 0 | H112: 0 | I112: 35 | J112: =+I112*H112 -> 0 | K112: - | L112: 0 | M112: =+J112-L112 -> 0
A113: 109 | B113: เค้กสามเหลี่ยม รสส้ม | C113: =+'3'!G113 -> 0 | D113: 0 | E113: =C113+D113 -> 0 | F113: 0 | G113: =E113-F113-H113 -> 0 | H113: 0 | I113: 35 | J113: =+I113*H113 -> 0 | K113: - | L113: 0 | M113: =+J113-L113 -> 0
A114: 110 | B114: เค้กสามเหลี่ยม รสช็อกโกโอริโอ้ | C114: =+'3'!G114 -> 0 | D114: 0 | E114: =C114+D114 -> 0 | F114: 0 | G114: =E114-F114-H114 -> 0 | H114: 0 | I114: 35 | J114: =+I114*H114 -> 0 | K114: - | L114: 0 | M114: =+J114-L114 -> 0
A115: 111 | B115: สตอเบอร์รี่ครีมเค้ก | C115: =+'3'!G115 -> 0 | D115: 0 | E115: =C115+D115 -> 0 | F115: 0 | G115: =E115-F115-H115 -> 0 | H115: 0 | I115: 50 | J115: =+I115*H115 -> 0 | K115: - | L115: 0 | M115: =+J115-L115 -> 0
A116: 112 | B116: บลูเบอร์รี่ครีมเค้ก | C116: =+'3'!G116 -> 0 | D116: 0 | E116: =C116+D116 -> 0 | F116: 0 | G116: =E116-F116-H116 -> 0 | H116: 0 | I116: 50 | J116: =+I116*H116 -> 0 | K116: - | L116: 0 | M116: =+J116-L116 -> 0
A117: 113 | B117: เค้กส้ม | C117: =+'3'!G117 -> 0 | D117: 0 | E117: =C117+D117 -> 0 | F117: 0 | G117: =E117-F117-H117 -> 0 | H117: 0 | I117: 50 | J117: =+I117*H117 -> 0 | K117: - | L117: 0 | M117: =+J117-L117 -> 0
A118: 114 | B118: วนิลาครีมเค้ก | C118: =+'3'!G118 -> 0 | D118: 0 | E118: =C118+D118 -> 0 | F118: 0 | G118: =E118-F118-H118 -> 0 | H118: 0 | I118: 50 | J118: =+I118*H118 -> 0 | K118: - | L118: 0 | M118: =+J118-L118 -> 0
A119: 115 | B119: ใบเตยครีมเค้ก | C119: =+'3'!G119 -> 0 | D119: 0 | E119: =C119+D119 -> 0 | F119: 0 | G119: =E119-F119-H119 -> 0 | H119: 0 | I119: 50 | J119: =+I119*H119 -> 0 | K119: - | L119: 0 | M119: =+J119-L119 -> 0
... A203: 199 | B203: โดนัทไส้แยมสตรอเบอรี่ | C203: =+'3'!G203 -> 0 | D203: 0 | E203: =C203+D203 -> 0 | F203: 0 | G203: =E203-F203-H203 -> 0 | H203: 0 | I203: 25 | J203: =+I203*H203 -> 0 | K203: - | L203: 0 | M203: =+J203-L203 -> 0
A204: 200 | B204: ซอฟท์เค้กฝอยทอง (ระบาย) | I204: 30
A205: 201 | B205: ซอฟท์เค้กครีมสด (ระบาย) | I205: 30
A206: 202 | C206: =+'3'!G206 -> 0 | D206: 0 | E206: =C206+D206 -> 0 | F206: 0 | G206: =E206-F206-H206 -> 0 | H206: 0 | I206: 0 | J206: =+I206*H206 -> 0 | K206: - | L206: 0 | M206: =+J206-L206 -> 0
L207: 0 | M207: ส่วนลดสินค้า SALE
H208: ยอดขายสินค้า SALE | J208: =+X107 -> 0
I209: รวมทั้งหมด | K209: =SUM(J5:J208) -> 2455
I210: หัก ค่าโอนเงิน | K210: 15
I211: หัก โอนหน้าร้าน | K211: =SUM(L211:BO211) -> 450 | L211: 150 | M211: 200 | N211: 100
I212: สแกนใช้สิทธิ์ | K212: 0
I213: หัก ค่าใช้จ่ายอื่นๆ | K213: 0
I214: หัก ส่วนลด | K214: =SUM(L5:L207) -> 0
I215: ต้องคงเหลือทั้งหมด | K215: =K209-K210-K211-K213-K214 -> 1990
I216: ยอดที่รับจริง | K216: 2005
I217: ขาด | K217: =+K216-K215 -> 15
I218: เกิน | K218: =+K216-K215 -> 15
J220: ยอดขายหักส่วนลด | K220: =+K209-K214+K217 -> 2470
J221: ยอดเงินสด | K221: =SUM(K210:K213) -> 465
J222: ยอดโอน | K222: =+K216 -> 2005

Sheet 5
A2: บูธ ร้านใหม่ลำ 3 วันที่ 1-30/6/2567 | O2: สินค้า SALE
A3: ลำดับ | B3: รายการ | C3: ยกมา | D3: รับ | E3: รวม | F3: เปลี่ยน/ | G3: คงเหลือ | H3: รายการขาย | K3: หมายเหตุ | L3: ส่วนลด | O3: ลำดับ | P3: รายการ | Q3: ยกมา | R3: รับ | S3: รวม | T3: เปลี่ยน/ | U3: คงเหลือ | V3: รายการขาย | Y3: หมายเหตุ | Z3: ส่วนลด
F4: คืน/เสีย | H4: จำนวน | I4: @ | J4: เป็นเงิน | T4: คืน/เสีย | V4: จำนวน | W4: @ | X4: เป็นเงิน
A5: 1 | B5: ชิฟฟ่อน (ล) | C5: =+'4'!G5 -> 1 | D5: 10 | E5: =C5+D5 -> 11 | F5: 0 | G5: =E5-F5-H5 -> 11 | H5: 0 | I5: 50 | J5: =+I5*H5 -> 0 | K5: - | L5: 0 | M5: =+J5-L5 -> 0 | O5: 1 | Q5: =+'[2]วันที่ 16'!U5 -> 0 | R5: 0 | S5: =Q5+R5 -> 0 | T5: 0 | U5: =S5-T5-V5 -> 0 | V5: 0 | X5: =+W5*V5 -> 0 | Y5: - | Z5: 0
A6: 2 | B6: ชิฟฟ่อน (ญ) | C6: =+'4'!G6 -> 20 | D6: 0 | E6: =C6+D6 -> 20 | F6: 0 | G6: =E6-F6-H6 -> 20 | H6: 0 | I6: 100 | J6: =+I6*H6 -> 0 | K6: - | L6: 0 | M6: =+J6-L6 -> 0 | O6: 2 | Q6: =+[2]ยกมา!U6 -> 0 | R6: 0 | S6: =Q6+R6 -> 0 | T6: 0 | U6: =S6-T6-V6 -> 0 | V6: 0 | X6: =+W6*V6 -> 0 | Y6: - | Z6: 0
A7: 3 | B7: ชิฟฟ่อน (ล) กาแฟ | C7: =+'4'!G7 -> 0 | D7: 0 | E7: =C7+D7 -> 0 | F7: 0 | G7: =E7-F7-H7 -> 0 | H7: 0 | I7: 50 | J7: =+I7*H7 -> 0 | K7: - | L7: 0 | M7: =+J7-L7 -> 0 | O7: 3 | Q7: =+[2]ยกมา!U7 -> 0 | R7: 0 | S7: =Q7+R7 -> 0 | T7: 0 | U7: =S7-T7-V7 -> 0 | V7: 0 | X7: =+W7*V7 -> 0 | Y7: - | Z7: 0
A8: 4 | B8: ชิฟฟ่อน (ญ) กาแฟ | C8: =+'4'!G8 -> 0 | D8: 0 | E8: =C8+D8 -> 0 | F8: 0 | G8: =E8-F8-H8 -> 0 | H8: 0 | I8: 100 | J8: =+I8*H8 -> 0 | K8: - | L8: 0 | M8: =+J8-L8 -> 0 | O8: 4 | Q8: =+[2]ยกมา!U8 -> 0 | R8: 0 | S8: =Q8+R8 -> 0 | T8: 0 | U8: =S8-T8-V8 -> 0 | V8: 0 | X8: =+W8*V8 -> 0 | Y8: - | Z8: 0
A9: 5 | B9: ชิฟฟ่อนเค้ก 1 ชิ้น | C9: =+'4'!G9 -> 0 | D9: 0 | E9: =C9+D9 -> 0 | F9: 0 | G9: =E9-F9-H9 -> 0 | H9: 0 | I9: 12 | J9: =+I9*H9 -> 0 | K9: - | L9: 0 | M9: =+J9-L9 -> 0 | O9: 5 | Q9: =+[2]ยกมา!U9 -> 0 | R9: 0 | S9: =Q9+R9 -> 0 | T9: 0 | U9: =S9-T9-V9 -> 0 | V9: 0 | X9: =+W9*V9 -> 0 | Y9: - | Z9: 0
A10: 6 | B10: ชิฟฟ่อนเค้กสอดไส้แยม 1 ชิ้น | C10: =+'4'!G10 -> 0 | D10: 0 | E10: =C10+D10 -> 0 | F10: 0 | G10: =E10-F10-H10 -> 0 | H10: 0 | I10: 15 | J10: =+I10*H10 -> 0 | K10: - | L10: 0 | M10: =+J10-L10 -> 0 | O10: 6 | Q10: =+[2]ยกมา!U10 -> 0 | R10: 0 | S10: =Q10+R10 -> 0 | T10: 0 | U10: =S10-T10-V10 -> 0 | V10: 0 | X10: =+W10*V10 -> 0 | Y10: - | Z10: 0
A11: 7 | B11: ชิฟฟ่อน สอดไส้ (ล) 2 ชิ้น ครีมมะพร้าว | C11: =+'4'!G11 -> 0 | D11: 0 | E11: =C11+D11 -> 0 | F11: 0 | G11: =E11-F11-H11 -> 0 | H11: 0 | I11: 40 | J11: =+I11*H11 -> 0 | K11: - | L11: 0 | M11: =+J11-L11 -> 0 | O11: 7 | Q11: =+[2]ยกมา!U11 -> 0 | R11: 0 | S11: =Q11+R11 -> 0 | T11: 0 | U11: =S11-T11-V11 -> 0 | V11: 0 | X11: =+W11*V11 -> 0 | Y11: - | Z11: 0
A12: 8 | B12: ชิฟฟ่อน สอดไส้ (ล) 3 ชิ้น รวมรส | C12: =+'4'!G12 -> 2 | D12: 5 | E12: =C12+D12 -> 7 | F12: 0 | G12: =E12-F12-H12 -> 6 | H12: 1 | I12: 50 | J12: =+I12*H12 -> 50 | K12: - | L12: 0 | M12: =+J12-L12 -> 50 | O12: 8 | Q12: =+[2]ยกมา!U12 -> 0 | R12: 0 | S12: =Q12+R12 -> 0 | T12: 0 | U12: =S12-T12-V12 -> 0 | V12: 0 | X12: =+W12*V12 -> 0 | Y12: - | Z12: 0
A13: 9 | B13: ชิฟฟ่อน สอดไส้ (ล) 3 ชิ้น เมล่อน | C13: =+'4'!G13 -> 0 | D13: 0 | E13: =C13+D13 -> 0 | F13: 0 | G13: =E13-F13-H13 -> 0 | H13: 0 | I13: 55 | J13: =+I13*H13 -> 0 | K13: - | L13: 0 | M13: =+J13-L13 -> 0 | O13: 9 | Q13: =+[2]ยกมา!U13 -> 0 | R13: 0 | S13: =Q13+R13 -> 0 | T13: 0 | U13: =S13-T13-V13 -> 0 | V13: 0 | X13: =+W13*V13 -> 0 | Y13: - | Z13: 0
A14: 10 | B14: ชิฟฟ่อน สอดไส้ (ล) 4 ชิ้น ครีมมะพร้าว | C14: =+'4'!G14 -> 0 | D14: 3 | E14: =C14+D14 -> 3 | F14: 0 | G14: =E14-F14-H14 -> 3 | H14: 0 | I14: 65 | J14: =+I14*H14 -> 0 | K14: - | L14: 0 | M14: =+J14-L14 -> 0 | O14: 10 | Q14: =+[2]ยกมา!U14 -> 0 | R14: 0 | S14: =Q14+R14 -> 0 | T14: 0 | U14: =S14-T14-V14 -> 0 | V14: 0 | X14: =+W14*V14 -> 0 | Y14: - | Z14: 0
A15: 11 | B15: ชิฟฟ่อน สอดไส้ (ล) 3 ชิ้น แยมส้ม | C15: =+'4'!G15 -> 0 | D15: 0 | E15: =C15+D15 -> 0 | F15: 0 | G15: =E15-F15-H15 -> 0 | H15: 0 | I15: 50 | J15: =+I15*H15 -> 0 | K15: - | L15: 0 | M15: =+J15-L15 -> 0 | O15: 11 | Q15: =+[2]ยกมา!U15 -> 0 | R15: 0 | S15: =Q15+R15 -> 0 | T15: 0 | U15: =S15-T15-V15 -> 0 | V15: 0 | X15: =+W15*V15 -> 0 | Y15: - | Z15: 0
A16: 12 | B16: ชิฟฟ่อน สอดไส้ (ล) 3 ชิ้น บลูเบอรี่ | C16: =+'4'!G16 -> 0 | D16: 0 | E16: =C16+D16 -> 0 | F16: 0 | G16: =E16-F16-H16 -> 0 | H16: 0 | I16: 50 | J16: =+I16*H16 -> 0 | K16: - | L16: 0 | M16: =+J16-L16 -> 0 | O16: 12 | Q16: =+[2]ยกมา!U16 -> 0 | R16: 0 | S16: =Q16+R16 -> 0 | T16: 0 | U16: =S16-T16-V16 -> 0 | V16: 0 | X16: =+W16*V16 -> 0 | Y16: - | Z16: 0
A17: 13 | B17: ชิฟฟ่อน สอดไส้ (ล) 3 ชิ้น ฝอยทอง | C17: =+'4'!G17 -> 1 | D17: 0 | E17: =C17+D17 -> 1 | F17: 0 | G17: =E17-F17-H17 -> 1 | H17: 0 | I17: 50 | J17: =+I17*H17 -> 0 | K17: - | L17: 0 | M17: =+J17-L17 -> 0 | O17: 13 | Q17: =+[2]ยกมา!U17 -> 0 | R17: 0 | S17: =Q17+R17 -> 0 | T17: 0 | U17: =S17-T17-V17 -> 0 | V17: 0 | X17: =+W17*V17 -> 0 | Y17: - | Z17: 0
... A103: 99 | B103: ไดฟุกุ 8 ชิ้น | C103: =+'4'!G103 -> 0 | D103: 5 | E103: =C103+D103 -> 5 | F103: 0 | G103: =E103-F103-H103 -> 5 | H103: 0 | I103: 100 | J103: =+I103*H103 -> 0 | K103: - | L103: 0 | M103: =+J103-L103 -> 0 | O103: 99 | Q103: =+[2]ยกมา!U103 -> 0 | R103: 0 | S103: =Q103+R103 -> 0 | T103: 0 | U103: =S103-T103-V103 -> 0 | V103: 0 | X103: =+W103*V103 -> 0 | Y103: - | Z103: 0
A104: 100 | B104: หมูทุบ | C104: =+'4'!G104 -> 0 | D104: 0 | E104: =C104+D104 -> 0 | F104: 0 | G104: =E104-F104-H104 -> 0 | H104: 0 | I104: 100 | J104: =+I104*H104 -> 0 | K104: - | L104: 0 | M104: =+J104-L104 -> 0 | O104: 100 | Q104: =+[2]ยกมา!U104 -> 0 | R104: 0 | S104: =Q104+R104 -> 0 | T104: 0 | U104: =S104-T104-V104 -> 0 | V104: 0 | X104: =+W104*V104 -> 0 | Z104: 0
A105: 101 | B105: ดอกจอก | C105: =+'4'!G105 -> 0 | D105: 0 | E105: =C105+D105 -> 0 | F105: 0 | G105: =E105-F105-H105 -> 0 | H105: 0 | I105: 30 | J105: =+I105*H105 -> 0 | K105: - | L105: 0 | M105: =+J105-L105 -> 0 | Z105: =SUM(Z5:Z104) -> 0
A106: 102 | B106: เทียน | C106: =+'4'!G106 -> 0 | D106: 0 | E106: =C106+D106 -> 0 | F106: 0 | G106: =E106-F106-H106 -> 0 | H106: 0 | I106: 20 | J106: =+I106*H106 -> 0 | K106: - | L106: 0 | M106: =+J106-L106 -> 0
A107: 103 | B107: ขนมอาลัวแฟนซี | C107: =+'4'!G107 -> 0 | D107: 0 | E107: =C107+D107 -> 0 | F107: 0 | G107: =E107-F107-H107 -> 0 | H107: 0 | I107: 100 | J107: =+I107*H107 -> 0 | K107: - | L107: 0 | M107: =+J107-L107 -> 0 | P107: รวม | X107: =SUM(X5:X104) -> 0
A108: 104 | B108: ชูนัทคุกกี้ | C108: =+'4'!G108 -> 0 | D108: 0 | E108: =C108+D108 -> 0 | F108: 0 | G108: =E108-F108-H108 -> 0 | H108: 0 | I108: 80 | J108: =+I108*H108 -> 0 | K108: - | L108: 0 | M108: =+J108-L108 -> 0
A109: 105 | B109: วุ้นแฟนซี | C109: =+'4'!G109 -> 0 | D109: 0 | E109: =C109+D109 -> 0 | F109: 0 | G109: =E109-F109-H109 -> 0 | H109: 0 | I109: 60 | J109: =+I109*H109 -> 0 | K109: - | L109: 0 | M109: =+J109-L109 -> 0
A110: 106 | B110: เค้กสามเหลี่ยม มะพร้าว | C110: =+'4'!G110 -> 0 | D110: 0 | E110: =C110+D110 -> 0 | F110: 0 | G110: =E110-F110-H110 -> 0 | H110: 0 | I110: 35 | J110: =+I110*H110 -> 0 | K110: - | L110: 0 | M110: =+J110-L110 -> 0
A111: 107 | B111: เค้กสามเหลี่ยม สตอเบอรี่ | C111: =+'4'!G111 -> 0 | D111: 0 | E111: =C111+D111 -> 0 | F111: 0 | G111: =E111-F111-H111 -> 0 | H111: 0 | I111: 35 | J111: =+I111*H111 -> 0 | K111: - | L111: 0 | M111: =+J111-L111 -> 0
A112: 108 | B112: เค้กสามเหลี่ยม บลูเบอรี่ | C112: =+'4'!G112 -> 0 | D112: 0 | E112: =C112+D112 -> 0 | F112: 0 | G112: =E112-F112-H112 -> 0 | H112: 0 | I112: 35 | J112: =+I112*H112 -> 0 | K112: - | L112: 0 | M112: =+J112-L112 -> 0
A113: 109 | B113: เค้กสามเหลี่ยม รสส้ม | C113: =+'4'!G113 -> 0 | D113: 0 | E113: =C113+D113 -> 0 | F113: 0 | G113: =E113-F113-H113 -> 0 | H113: 0 | I113: 35 | J113: =+I113*H113 -> 0 | K113: - | L113: 0 | M113: =+J113-L113 -> 0
A114: 110 | B114: เค้กสามเหลี่ยม รสช็อกโกโอริโอ้ | C114: =+'4'!G114 -> 0 | D114: 0 | E114: =C114+D114 -> 0 | F114: 0 | G114: =E114-F114-H114 -> 0 | H114: 0 | I114: 35 | J114: =+I114*H114 -> 0 | K114: - | L114: 0 | M114: =+J114-L114 -> 0
A115: 111 | B115: สตอเบอร์รี่ครีมเค้ก | C115: =+'4'!G115 -> 0 | D115: 0 | E115: =C115+D115 -> 0 | F115: 0 | G115: =E115-F115-H115 -> 0 | H115: 0 | I115: 50 | J115: =+I115*H115 -> 0 | K115: - | L115: 0 | M115: =+J115-L115 -> 0
A116: 112 | B116: บลูเบอร์รี่ครีมเค้ก | C116: =+'4'!G116 -> 0 | D116: 0 | E116: =C116+D116 -> 0 | F116: 0 | G116: =E116-F116-H116 -> 0 | H116: 0 | I116: 50 | J116: =+I116*H116 -> 0 | K116: - | L116: 0 | M116: =+J116-L116 -> 0
A117: 113 | B117: เค้กส้ม | C117: =+'4'!G117 -> 0 | D117: 0 | E117: =C117+D117 -> 0 | F117: 0 | G117: =E117-F117-H117 -> 0 | H117: 0 | I117: 50 | J117: =+I117*H117 -> 0 | K117: - | L117: 0 | M117: =+J117-L117 -> 0
A118: 114 | B118: วนิลาครีมเค้ก | C118: =+'4'!G118 -> 0 | D118: 0 | E118: =C118+D118 -> 0 | F118: 0 | G118: =E118-F118-H118 -> 0 | H118: 0 | I118: 50 | J118: =+I118*H118 -> 0 | K118: - | L118: 0 | M118: =+J118-L118 -> 0
A119: 115 | B119: ใบเตยครีมเค้ก | C119: =+'4'!G119 -> 0 | D119: 0 | E119: =C119+D119 -> 0 | F119: 0 | G119: =E119-F119-H119 -> 0 | H119: 0 | I119: 50 | J119: =+I119*H119 -> 0 | K119: - | L119: 0 | M119: =+J119-L119 -> 0
... A203: 199 | B203: โดนัทไส้แยมสตรอเบอรี่ | C203: =+'4'!G203 -> 0 | D203: 5 | E203: =C203+D203 -> 5 | F203: 0 | G203: =E203-F203-H203 -> 5 | H203: 0 | I203: 25 | J203: =+I203*H203 -> 0 | K203: - | L203: 0 | M203: =+J203-L203 -> 0
A204: 200 | B204: ซอฟท์เค้กฝอยทอง (ระบาย) | I204: 30
A205: 201 | B205: ซอฟท์เค้กครีมสด (ระบาย) | I205: 30
A206: 202 | C206: =+'4'!G206 -> 0 | D206: 0 | E206: =C206+D206 -> 0 | F206: 0 | G206: =E206-F206-H206 -> 0 | H206: 0 | I206: 0 | J206: =+I206*H206 -> 0 | K206: - | L206: 0 | M206: =+J206-L206 -> 0
L207: 0 | M207: ส่วนลดสินค้า SALE
H208: ยอดขายสินค้า SALE | J208: =+X107 -> 0
I209: รวมทั้งหมด | K209: =SUM(J5:J208) -> 1210
I210: หัก ค่าโอนเงิน | K210: 15
I211: หัก โอนหน้าร้าน | K211: =SUM(L211:BO211) -> 150 | L211: 150
I212: สแกนใช้สิทธิ์ | K212: 0
I213: หัก ค่าใช้จ่ายอื่นๆ | K213: 0
I214: หัก ส่วนลด | K214: =SUM(L5:L207) -> 0
I215: ต้องคงเหลือทั้งหมด | K215: =K209-K210-K211-K213-K214 -> 1045
I216: ยอดที่รับจริง | K216: 1045
I217: ขาด | K217: =+K216-K215 -> 0
I218: เกิน | K218: =+K216-K215 -> 0
J220: ยอดขายหักส่วนลด | K220: =+K209-K214+K217 -> 1210
J221: ยอดเงินสด | K221: =SUM(K210:K213) -> 165
J222: ยอดโอน | K222: =+K216 -> 1045

Sheet 6
A2: บูธ ร้านใหม่ลำ 3 วันที่ 1-30/06/2567 | O2: สินค้า SALE
A3: ลำดับ | B3: รายการ | C3: ยกมา | D3: รับ | E3: รวม | F3: เปลี่ยน/ | G3: คงเหลือ | H3: รายการขาย | K3: หมายเหตุ | L3: ส่วนลด | O3: ลำดับ | P3: รายการ | Q3: ยกมา | R3: รับ | S3: รวม | T3: เปลี่ยน/ | U3: คงเหลือ | V3: รายการขาย | Y3: หมายเหตุ | Z3: ส่วนลด
F4: คืน/เสีย | H4: จำนวน | I4: @ | J4: เป็นเงิน | T4: คืน/เสีย | V4: จำนวน | W4: @ | X4: เป็นเงิน
A5: 1 | B5: ชิฟฟ่อน (ล) | C5: =+'5'!G5 -> 11 | D5: 0 | E5: =C5+D5 -> 11 | F5: 0 | G5: =E5-F5-H5 -> 6 | H5: 5 | I5: 50 | J5: =+I5*H5 -> 250 | K5: - | L5: 0 | M5: =+J5-L5 -> 250 | O5: 1 | Q5: =+'[2]วันที่ 16'!U5 -> 0 | R5: 0 | S5: =Q5+R5 -> 0 | T5: 0 | U5: =S5-T5-V5 -> 0 | V5: 0 | X5: =+W5*V5 -> 0 | Y5: - | Z5: 0
A6: 2 | B6: ชิฟฟ่อน (ญ) | C6: =+'5'!G6 -> 20 | D6: 0 | E6: =C6+D6 -> 20 | F6: 0 | G6: =E6-F6-H6 -> 19 | H6: 1 | I6: 100 | J6: =+I6*H6 -> 100 | K6: - | L6: 0 | M6: =+J6-L6 -> 100 | O6: 2 | Q6: =+[2]ยกมา!U6 -> 0 | R6: 0 | S6: =Q6+R6 -> 0 | T6: 0 | U6: =S6-T6-V6 -> 0 | V6: 0 | X6: =+W6*V6 -> 0 | Y6: - | Z6: 0
A7: 3 | B7: ชิฟฟ่อน (ล) กาแฟ | C7: =+'5'!G7 -> 0 | D7: 0 | E7: =C7+D7 -> 0 | F7: 0 | G7: =E7-F7-H7 -> 0 | H7: 0 | I7: 50 | J7: =+I7*H7 -> 0 | K7: - | L7: 0 | M7: =+J7-L7 -> 0 | O7: 3 | Q7: =+[2]ยกมา!U7 -> 0 | R7: 0 | S7: =Q7+R7 -> 0 | T7: 0 | U7: =S7-T7-V7 -> 0 | V7: 0 | X7: =+W7*V7 -> 0 | Y7: - | Z7: 0
A8: 4 | B8: ชิฟฟ่อน (ญ) กาแฟ | C8: =+'5'!G8 -> 0 | D8: 0 | E8: =C8+D8 -> 0 | F8: 0 | G8: =E8-F8-H8 -> 0 | H8: 0 | I8: 100 | J8: =+I8*H8 -> 0 | K8: - | L8: 0 | M8: =+J8-L8 -> 0 | O8: 4 | Q8: =+[2]ยกมา!U8 -> 0 | R8: 0 | S8: =Q8+R8 -> 0 | T8: 0 | U8: =S8-T8-V8 -> 0 | V8: 0 | X8: =+W8*V8 -> 0 | Y8: - | Z8: 0
A9: 5 | B9: ชิฟฟ่อนเค้ก 1 ชิ้น | C9: =+'5'!G9 -> 0 | D9: 0 | E9: =C9+D9 -> 0 | F9: 0 | G9: =E9-F9-H9 -> 0 | H9: 0 | I9: 12 | J9: =+I9*H9 -> 0 | K9: - | L9: 0 | M9: =+J9-L9 -> 0 | O9: 5 | Q9: =+[2]ยกมา!U9 -> 0 | R9: 0 | S9: =Q9+R9 -> 0 | T9: 0 | U9: =S9-T9-V9 -> 0 | V9: 0 | X9: =+W9*V9 -> 0 | Y9: - | Z9: 0
A10: 6 | B10: ชิฟฟ่อนเค้กสอดไส้แยม 1 ชิ้น | C10: =+'5'!G10 -> 0 | D10: 0 | E10: =C10+D10 -> 0 | F10: 0 | G10: =E10-F10-H10 -> 0 | H10: 0 | I10: 15 | J10: =+I10*H10 -> 0 | K10: - | L10: 0 | M10: =+J10-L10 -> 0 | O10: 6 | Q10: =+[2]ยกมา!U10 -> 0 | R10: 0 | S10: =Q10+R10 -> 0 | T10: 0 | U10: =S10-T10-V10 -> 0 | V10: 0 | X10: =+W10*V10 -> 0 | Y10: - | Z10: 0
A11: 7 | B11: ชิฟฟ่อน สอดไส้ (ล) 2 ชิ้น ครีมมะพร้าว | C11: =+'5'!G11 -> 0 | D11: 0 | E11: =C11+D11 -> 0 | F11: 0 | G11: =E11-F11-H11 -> 0 | H11: 0 | I11: 40 | J11: =+I11*H11 -> 0 | K11: - | L11: 0 | M11: =+J11-L11 -> 0 | O11: 7 | Q11: =+[2]ยกมา!U11 -> 0 | R11: 0 | S11: =Q11+R11 -> 0 | T11: 0 | U11: =S11-T11-V11 -> 0 | V11: 0 | X11: =+W11*V11 -> 0 | Y11: - | Z11: 0
A12: 8 | B12: ชิฟฟ่อน สอดไส้ (ล) 3 ชิ้น รวมรส | C12: =+'5'!G12 -> 6 | D12: 0 | E12: =C12+D12 -> 6 | F12: 0 | G12: =E12-F12-H12 -> 6 | H12: 0 | I12: 50 | J12: =+I12*H12 -> 0 | K12: - | L12: 0 | M12: =+J12-L12 -> 0 | O12: 8 | Q12: =+[2]ยกมา!U12 -> 0 | R12: 0 | S12: =Q12+R12 -> 0 | T12: 0 | U12: =S12-T12-V12 -> 0 | V12: 0 | X12: =+W12*V12 -> 0 | Y12: - | Z12: 0
A13: 9 | B13: ชิฟฟ่อน สอดไส้ (ล) 3 ชิ้น เมล่อน | C13: =+'5'!G13 -> 0 | D13: 0 | E13: =C13+D13 -> 0 | F13: 0 | G13: =E13-F13-H13 -> 0 | H13: 0 | I13: 55 | J13: =+I13*H13 -> 0 | K13: - | L13: 0 | M13: =+J13-L13 -> 0 | O13: 9 | Q13: =+[2]ยกมา!U13 -> 0 | R13: 0 | S13: =Q13+R13 -> 0 | T13: 0 | U13: =S13-T13-V13 -> 0 | V13: 0 | X13: =+W13*V13 -> 0 | Y13: - | Z13: 0
A14: 10 | B14: ชิฟฟ่อน สอดไส้ (ล) 4 ชิ้น ครีมมะพร้าว | C14: =+'5'!G14 -> 3 | D14: 0 | E14: =C14+D14 -> 3 | F14: 0 | G14: =E14-F14-H14 -> 2 | H14: 1 | I14: 65 | J14: =+I14*H14 -> 65 | K14: - | L14: 0 | M14: =+J14-L14 -> 65 | O14: 10 | Q14: =+[2]ยกมา!U14 -> 0 | R14: 0 | S14: =Q14+R14 -> 0 | T14: 0 | U14: =S14-T14-V14 -> 0 | V14: 0 | X14: =+W14*V14 -> 0 | Y14: - | Z14: 0
A15: 11 | B15: ชิฟฟ่อน สอดไส้ (ล) 3 ชิ้น แยมส้ม | C15: =+'5'!G15 -> 0 | D15: 0 | E15: =C15+D15 -> 0 | F15: 0 | G15: =E15-F15-H15 -> 0 | H15: 0 | I15: 50 | J15: =+I15*H15 -> 0 | K15: - | L15: 0 | M15: =+J15-L15 -> 0 | O15: 11 | Q15: =+[2]ยกมา!U15 -> 0 | R15: 0 | S15: =Q15+R15 -> 0 | T15: 0 | U15: =S15-T15-V15 -> 0 | V15: 0 | X15: =+W15*V15 -> 0 | Y15: - | Z15: 0
A16: 12 | B16: ชิฟฟ่อน สอดไส้ (ล) 3 ชิ้น บลูเบอรี่ | C16: =+'5'!G16 -> 0 | D16: 0 | E16: =C16+D16 -> 0 | F16: 0 | G16: =E16-F16-H16 -> 0 | H16: 0 | I16: 50 | J16: =+I16*H16 -> 0 | K16: - | L16: 0 | M16: =+J16-L16 -> 0 | O16: 12 | Q16: =+[2]ยกมา!U16 -> 0 | R16: 0 | S16: =Q16+R16 -> 0 | T16: 0 | U16: =S16-T16-V16 -> 0 | V16: 0 | X16: =+W16*V16 -> 0 | Y16: - | Z16: 0
A17: 13 | B17: ชิฟฟ่อน สอดไส้ (ล) 3 ชิ้น ฝอยทอง | C17: =+'5'!G17 -> 1 | D17: 0 | E17: =C17+D17 -> 1 | F17: 0 | G17: =E17-F17-H17 -> 1 | H17: 0 | I17: 50 | J17: =+I17*H17 -> 0 | K17: - | L17: 0 | M17: =+J17-L17 -> 0 | O17: 13 | Q17: =+[2]ยกมา!U17 -> 0 | R17: 0 | S17: =Q17+R17 -> 0 | T17: 0 | U17: =S17-T17-V17 -> 0 | V17: 0 | X17: =+W17*V17 -> 0 | Y17: - | Z17: 0
... A103: 99 | B103: ไดฟุกุ 8 ชิ้น | C103: =+'5'!G103 -> 5 | D103: 0 | E103: =C103+D103 -> 5 | F103: 0 | G103: =E103-F103-H103 -> 5 | H103: 0 | I103: 100 | J103: =+I103*H103 -> 0 | K103: - | L103: 0 | M103: =+J103-L103 -> 0 | O103: 99 | Q103: =+[2]ยกมา!U103 -> 0 | R103: 0 | S103: =Q103+R103 -> 0 | T103: 0 | U103: =S103-T103-V103 -> 0 | V103: 0 | X103: =+W103*V103 -> 0 | Y103: - | Z103: 0
A104: 100 | B104: หมูทุบ | C104: =+'5'!G104 -> 0 | D104: 0 | E104: =C104+D104 -> 0 | F104: 0 | G104: =E104-F104-H104 -> 0 | H104: 0 | I104: 100 | J104: =+I104*H104 -> 0 | K104: - | L104: 0 | M104: =+J104-L104 -> 0 | O104: 100 | Q104: =+[2]ยกมา!U104 -> 0 | R104: 0 | S104: =Q104+R104 -> 0 | T104: 0 | U104: =S104-T104-V104 -> 0 | V104: 0 | X104: =+W104*V104 -> 0 | Z104: 0
A105: 101 | B105: ดอกจอก | C105: =+'5'!G105 -> 0 | D105: 0 | E105: =C105+D105 -> 0 | F105: 0 | G105: =E105-F105-H105 -> 0 | H105: 0 | I105: 30 | J105: =+I105*H105 -> 0 | K105: - | L105: 0 | M105: =+J105-L105 -> 0 | Z105: =SUM(Z5:Z104) -> 0
A106: 102 | B106: เทียน | C106: =+'5'!G106 -> 0 | D106: 0 | E106: =C106+D106 -> 0 | F106: 0 | G106: =E106-F106-H106 -> 0 | H106: 0 | I106: 20 | J106: =+I106*H106 -> 0 | K106: - | L106: 0 | M106: =+J106-L106 -> 0
A107: 103 | B107: ขนมอาลัวแฟนซี | C107: =+'5'!G107 -> 0 | D107: 0 | E107: =C107+D107 -> 0 | F107: 0 | G107: =E107-F107-H107 -> 0 | H107: 0 | I107: 100 | J107: =+I107*H107 -> 0 | K107: - | L107: 0 | M107: =+J107-L107 -> 0 | P107: รวม | X107: =SUM(X5:X104) -> 0
A108: 104 | B108: ชูนัทคุกกี้ | C108: =+'5'!G108 -> 0 | D108: 0 | E108: =C108+D108 -> 0 | F108: 0 | G108: =E108-F108-H108 -> 0 | H108: 0 | I108: 80 | J108: =+I108*H108 -> 0 | K108: - | L108: 0 | M108: =+J108-L108 -> 0
A109: 105 | B109: วุ้นแฟนซี | C109: =+'5'!G109 -> 0 | D109: 0 | E109: =C109+D109 -> 0 | F109: 0 | G109: =E109-F109-H109 -> 0 | H109: 0 | I109: 60 | J109: =+I109*H109 -> 0 | K109: - | L109: 0 | M109: =+J109-L109 -> 0
A110: 106 | B110: เค้กสามเหลี่ยม มะพร้าว | C110: =+'5'!G110 -> 0 | D110: 0 | E110: =C110+D110 -> 0 | F110: 0 | G110: =E110-F110-H110 -> 0 | H110: 0 | I110: 35 | J110: =+I110*H110 -> 0 | K110: - | L110: 0 | M110: =+J110-L110 -> 0
A111: 107 | B111: เค้กสามเหลี่ยม สตอเบอรี่ | C111: =+'5'!G111 -> 0 | D111: 0 | E111: =C111+D111 -> 0 | F111: 0 | G111: =E111-F111-H111 -> 0 | H111: 0 | I111: 35 | J111: =+I111*H111 -> 0 | K111: - | L111: 0 | M111: =+J111-L111 -> 0
A112: 108 | B112: เค้กสามเหลี่ยม บลูเบอรี่ | C112: =+'5'!G112 -> 0 | D112: 0 | E112: =C112+D112 -> 0 | F112: 0 | G112: =E112-F112-H112 -> 0 | H112: 0 | I112: 35 | J112: =+I112*H112 -> 0 | K112: - | L112: 0 | M112: =+J112-L112 -> 0
A113: 109 | B113: เค้กสามเหลี่ยม รสส้ม | C113: =+'5'!G113 -> 0 | D113: 0 | E113: =C113+D113 -> 0 | F113: 0 | G113: =E113-F113-H113 -> 0 | H113: 0 | I113: 35 | J113: =+I113*H113 -> 0 | K113: - | L113: 0 | M113: =+J113-L113 -> 0
A114: 110 | B114: เค้กสามเหลี่ยม รสช็อกโกโอริโอ้ | C114: =+'5'!G114 -> 0 | D114: 0 | E114: =C114+D114 -> 0 | F114: 0 | G114: =E114-F114-H114 -> 0 | H114: 0 | I114: 35 | J114: =+I114*H114 -> 0 | K114: - | L114: 0 | M114: =+J114-L114 -> 0
A115: 111 | B115: สตอเบอร์รี่ครีมเค้ก | C115: =+'5'!G115 -> 0 | D115: 0 | E115: =C115+D115 -> 0 | F115: 0 | G115: =E115-F115-H115 -> 0 | H115: 0 | I115: 50 | J115: =+I115*H115 -> 0 | K115: - | L115: 0 | M115: =+J115-L115 -> 0
A116: 112 | B116: บลูเบอร์รี่ครีมเค้ก | C116: =+'5'!G116 -> 0 | D116: 0 | E116: =C116+D116 -> 0 | F116: 0 | G116: =E116-F116-H116 -> 0 | H116: 0 | I116: 50 | J116: =+I116*H116 -> 0 | K116: - | L116: 0 | M116: =+J116-L116 -> 0
A117: 113 | B117: เค้กส้ม | C117: =+'5'!G117 -> 0 | D117: 0 | E117: =C117+D117 -> 0 | F117: 0 | G117: =E117-F117-H117 -> 0 | H117: 0 | I117: 50 | J117: =+I117*H117 -> 0 | K117: - | L117: 0 | M117: =+J117-L117 -> 0
A118: 114 | B118: วนิลาครีมเค้ก | C118: =+'5'!G118 -> 0 | D118: 0 | E118: =C118+D118 -> 0 | F118: 0 | G118: =E118-F118-H118 -> 0 | H118: 0 | I118: 50 | J118: =+I118*H118 -> 0 | K118: - | L118: 0 | M118: =+J118-L118 -> 0
A119: 115 | B119: ใบเตยครีมเค้ก | C119: =+'5'!G119 -> 0 | D119: 0 | E119: =C119+D119 -> 0 | F119: 0 | G119: =E119-F119-H119 -> 0 | H119: 0 | I119: 50 | J119: =+I119*H119 -> 0 | K119: - | L119: 0 | M119: =+J119-L119 -> 0
... A203: 199 | B203: โดนัทไส้แยมสตรอเบอรี่ | C203: =+'5'!G203 -> 5 | D203: 0 | E203: =C203+D203 -> 5 | F203: 0 | G203: =E203-F203-H203 -> 4 | H203: 1 | I203: 25 | J203: =+I203*H203 -> 25 | K203: - | L203: 0 | M203: =+J203-L203 -> 25
A204: 200 | B204: ซอฟท์เค้กฝอยทอง (ระบาย) | C204: =+'5'!G204 -> 0 | I204: 30
A205: 201 | B205: ซอฟท์เค้กครีมสด (ระบาย) | C205: =+'5'!G205 -> 0 | I205: 30
A206: 202 | C206: =+'5'!G204 -> 0 | D206: 0 | E206: =C206+D206 -> 0 | F206: 0 | G206: =E206-F206-H206 -> 0 | H206: 0 | I206: 0 | J206: =+I206*H206 -> 0 | K206: - | L206: 0 | M206: =+J206-L206 -> 0
L207: 0 | M207: ส่วนลดสินค้า SALE
H208: ยอดขายสินค้า SALE | J208: =+X107 -> 0
I209: รวมทั้งหมด | K209: =SUM(J5:J208) -> 2555
I210: หัก ค่าโอนเงิน | K210: 15
I211: หัก โอนหน้าร้าน | K211: =SUM(L211:BO211) -> 1315 | L211: 170 | M211: 830 | N211: 85 | O211: 230
I212: สแกนใช้สิทธิ์ | K212: 0
I213: หัก ค่าใช้จ่ายอื่นๆ | K213: 0
I214: หัก ส่วนลด | K214: =SUM(L5:L207) -> 50
I215: ต้องคงเหลือทั้งหมด | K215: =K209-K210-K211-K213-K214 -> 1175
I216: ยอดที่รับจริง | K216: 1175
I217: ขาด | K217: =+K216-K215 -> 0
I218: เกิน | K218: =+K216-K215 -> 0
J220: ยอดขายหักส่วนลด | K220: =+K209-K214+K217 -> 2505
J221: ยอดเงินสด | K221: =SUM(K210:K213) -> 1330
J222: ยอดโอน | K222: =+K216 -> 1175

Sheet 7
A2: บูธ ร้านใหม่ลำ 3 วันที่ 1-30/06/2567 | O2: สินค้า SALE
A3: ลำดับ | B3: รายการ | C3: ยกมา | D3: รับ | E3: รวม | F3: เปลี่ยน/ | G3: คงเหลือ | H3: รายการขาย | K3: หมายเหตุ | L3: ส่วนลด | O3: ลำดับ | P3: รายการ | Q3: ยกมา | R3: รับ | S3: รวม | T3: เปลี่ยน/ | U3: คงเหลือ | V3: รายการขาย | Y3: หมายเหตุ | Z3: ส่วนลด
F4: คืน/เสีย | H4: จำนวน | I4: @ | J4: เป็นเงิน | T4: คืน/เสีย | V4: จำนวน | W4: @ | X4: เป็นเงิน
A5: 1 | B5: ชิฟฟ่อน (ล) | C5: =+'6'!G5 -> 6 | D5: 10 | E5: =C5+D5 -> 16 | F5: 0 | G5: =E5-F5-H5 -> 10 | H5: 6 | I5: 50 | J5: =+I5*H5 -> 300 | K5: - | L5: 0 | M5: =+J5-L5 -> 300 | O5: 1 | Q5: =+'[2]วันที่ 16'!U5 -> 0 | R5: 0 | S5: =Q5+R5 -> 0 | T5: 0 | U5: =S5-T5-V5 -> 0 | V5: 0 | X5: =+W5*V5 -> 0 | Y5: - | Z5: 0
A6: 2 | B6: ชิฟฟ่อน (ญ) | C6: =+'6'!G6 -> 19 | D6: 10 | E6: =C6+D6 -> 29 | F6: 0 | G6: =E6-F6-H6 -> 27 | H6: 2 | I6: 100 | J6: =+I6*H6 -> 200 | K6: - | L6: 0 | M6: =+J6-L6 -> 200 | O6: 2 | Q6: =+[2]ยกมา!U6 -> 0 | R6: 0 | S6: =Q6+R6 -> 0 | T6: 0 | U6: =S6-T6-V6 -> 0 | V6: 0 | X6: =+W6*V6 -> 0 | Y6: - | Z6: 0
A7: 3 | B7: ชิฟฟ่อน (ล) กาแฟ | C7: =+'6'!G7 -> 0 | D7: 0 | E7: =C7+D7 -> 0 | F7: 0 | G7: =E7-F7-H7 -> 0 | H7: 0 | I7: 50 | J7: =+I7*H7 -> 0 | K7: - | L7: 0 | M7: =+J7-L7 -> 0 | O7: 3 | Q7: =+[2]ยกมา!U7 -> 0 | R7: 0 | S7: =Q7+R7 -> 0 | T7: 0 | U7: =S7-T7-V7 -> 0 | V7: 0 | X7: =+W7*V7 -> 0 | Y7: - | Z7: 0
A8: 4 | B8: ชิฟฟ่อน (ญ) กาแฟ | C8: =+'6'!G8 -> 0 | D8: 0 | E8: =C8+D8 -> 0 | F8: 0 | G8: =E8-F8-H8 -> 0 | H8: 0 | I8: 100 | J8: =+I8*H8 -> 0 | K8: - | L8: 0 | M8: =+J8-L8 -> 0 | O8: 4 | Q8: =+[2]ยกมา!U8 -> 0 | R8: 0 | S8: =Q8+R8 -> 0 | T8: 0 | U8: =S8-T8-V8 -> 0 | V8: 0 | X8: =+W8*V8 -> 0 | Y8: - | Z8: 0
A9: 5 | B9: ชิฟฟ่อนเค้ก 1 ชิ้น | C9: =+'6'!G9 -> 0 | D9: 0 | E9: =C9+D9 -> 0 | F9: 0 | G9: =E9-F9-H9 -> 0 | H9: 0 | I9: 12 | J9: =+I9*H9 -> 0 | K9: - | L9: 0 | M9: =+J9-L9 -> 0 | O9: 5 | Q9: =+[2]ยกมา!U9 -> 0 | R9: 0 | S9: =Q9+R9 -> 0 | T9: 0 | U9: =S9-T9-V9 -> 0 | V9: 0 | X9: =+W9*V9 -> 0 | Y9: - | Z9: 0
A10: 6 | B10: ชิฟฟ่อนเค้กสอดไส้แยม 1 ชิ้น | C10: =+'6'!G10 -> 0 | D10: 0 | E10: =C10+D10 -> 0 | F10: 0 | G10: =E10-F10-H10 -> 0 | H10: 0 | I10: 15 | J10: =+I10*H10 -> 0 | K10: - | L10: 0 | M10: =+J10-L10 -> 0 | O10: 6 | Q10: =+[2]ยกมา!U10 -> 0 | R10: 0 | S10: =Q10+R10 -> 0 | T10: 0 | U10: =S10-T10-V10 -> 0 | V10: 0 | X10: =+W10*V10 -> 0 | Y10: - | Z10: 0
A11: 7 | B11: ชิฟฟ่อน สอดไส้ (ล) 2 ชิ้น ครีมมะพร้าว | C11: =+'6'!G11 -> 0 | D11: 0 | E11: =C11+D11 -> 0 | F11: 0 | G11: =E11-F11-H11 -> 0 | H11: 0 | I11: 40 | J11: =+I11*H11 -> 0 | K11: - | L11: 0 | M11: =+J11-L11 -> 0 | O11: 7 | Q11: =+[2]ยกมา!U11 -> 0 | R11: 0 | S11: =Q11+R11 -> 0 | T11: 0 | U11: =S11-T11-V11 -> 0 | V11: 0 | X11: =+W11*V11 -> 0 | Y11: - | Z11: 0
A12: 8 | B12: ชิฟฟ่อน สอดไส้ (ล) 3 ชิ้น รวมรส | C12: =+'6'!G12 -> 6 | D12: 10 | E12: =C12+D12 -> 16 | F12: 0 | G12: =E12-F12-H12 -> 15 | H12: 1 | I12: 50 | J12: =+I12*H12 -> 50 | K12: - | L12: 0 | M12: =+J12-L12 -> 50 | O12: 8 | Q12: =+[2]ยกมา!U12 -> 0 | R12: 0 | S12: =Q12+R12 -> 0 | T12: 0 | U12: =S12-T12-V12 -> 0 | V12: 0 | X12: =+W12*V12 -> 0 | Y12: - | Z12: 0
A13: 9 | B13: ชิฟฟ่อน สอดไส้ (ล) 3 ชิ้น เมล่อน | C13: =+'6'!G13 -> 0 | D13: 0 | E13: =C13+D13 -> 0 | F13: 0 | G13: =E13-F13-H13 -> 0 | H13: 0 | I13: 55 | J13: =+I13*H13 -> 0 | K13: - | L13: 0 | M13: =+J13-L13 -> 0 | O13: 9 | Q13: =+[2]ยกมา!U13 -> 0 | R13: 0 | S13: =Q13+R13 -> 0 | T13: 0 | U13: =S13-T13-V13 -> 0 | V13: 0 | X13: =+W13*V13 -> 0 | Y13: - | Z13: 0
A14: 10 | B14: ชิฟฟ่อน สอดไส้ (ล) 4 ชิ้น ครีมมะพร้าว | C14: =+'6'!G14 -> 2 | D14: 3 | E14: =C14+D14 -> 5 | F14: 0 | G14: =E14-F14-H14 -> 4 | H14: 1 | I14: 65 | J14: =+I14*H14 -> 65 | K14: - | L14: 0 | M14: =+J14-L14 -> 65 | O14: 10 | Q14: =+[2]ยกมา!U14 -> 0 | R14: 0 | S14: =Q14+R14 -> 0 | T14: 0 | U14: =S14-T14-V14 -> 0 | V14: 0 | X14: =+W14*V14 -> 0 | Y14: - | Z14: 0
A15: 11 | B15: ชิฟฟ่อน สอดไส้ (ล) 3 ชิ้น แยมส้ม | C15: =+'6'!G15 -> 0 | D15: 0 | E15: =C15+D15 -> 0 | F15: 0 | G15: =E15-F15-H15 -> 0 | H15: 0 | I15: 50 | J15: =+I15*H15 -> 0 | K15: - | L15: 0 | M15: =+J15-L15 -> 0 | O15: 11 | Q15: =+[2]ยกมา!U15 -> 0 | R15: 0 | S15: =Q15+R15 -> 0 | T15: 0 | U15: =S15-T15-V15 -> 0 | V15: 0 | X15: =+W15*V15 -> 0 | Y15: - | Z15: 0
A16: 12 | B16: ชิฟฟ่อน สอดไส้ (ล) 3 ชิ้น บลูเบอรี่ | C16: =+'6'!G16 -> 0 | D16: 0 | E16: =C16+D16 -> 0 | F16: 0 | G16: =E16-F16-H16 -> 0 | H16: 0 | I16: 50 | J16: =+I16*H16 -> 0 | K16: - | L16: 0 | M16: =+J16-L16 -> 0 | O16: 12 | Q16: =+[2]ยกมา!U16 -> 0 | R16: 0 | S16: =Q16+R16 -> 0 | T16: 0 | U16: =S16-T16-V16 -> 0 | V16: 0 | X16: =+W16*V16 -> 0 | Y16: - | Z16: 0
A17: 13 | B17: ชิฟฟ่อน สอดไส้ (ล) 3 ชิ้น ฝอยทอง | C17: =+'6'!G17 -> 1 | D17: 5 | E17: =C17+D17 -> 6 | F17: 0 | G17: =E17-F17-H17 -> 6 | H17: 0 | I17: 50 | J17: =+I17*H17 -> 0 | K17: - | L17: 0 | M17: =+J17-L17 -> 0 | O17: 13 | Q17: =+[2]ยกมา!U17 -> 0 | R17: 0 | S17: =Q17+R17 -> 0 | T17: 0 | U17: =S17-T17-V17 -> 0 | V17: 0 | X17: =+W17*V17 -> 0 | Y17: - | Z17: 0
... A103: 99 | B103: ไดฟุกุ 8 ชิ้น | C103: =+'6'!G103 -> 5 | D103: 0 | E103: =C103+D103 -> 5 | F103: 0 | G103: =E103-F103-H103 -> 5 | H103: 0 | I103: 100 | J103: =+I103*H103 -> 0 | K103: - | L103: 0 | M103: =+J103-L103 -> 0 | O103: 99 | Q103: =+[2]ยกมา!U103 -> 0 | R103: 0 | S103: =Q103+R103 -> 0 | T103: 0 | U103: =S103-T103-V103 -> 0 | V103: 0 | X103: =+W103*V103 -> 0 | Y103: - | Z103: 0
A104: 100 | B104: หมูทุบ | C104: =+'6'!G104 -> 0 | D104: 0 | E104: =C104+D104 -> 0 | F104: 0 | G104: =E104-F104-H104 -> 0 | H104: 0 | I104: 100 | J104: =+I104*H104 -> 0 | K104: - | L104: 0 | M104: =+J104-L104 -> 0 | O104: 100 | Q104: =+[2]ยกมา!U104 -> 0 | R104: 0 | S104: =Q104+R104 -> 0 | T104: 0 | U104: =S104-T104-V104 -> 0 | V104: 0 | X104: =+W104*V104 -> 0 | Z104: 0
A105: 101 | B105: ดอกจอก | C105: =+'6'!G105 -> 0 | D105: 0 | E105: =C105+D105 -> 0 | F105: 0 | G105: =E105-F105-H105 -> 0 | H105: 0 | I105: 30 | J105: =+I105*H105 -> 0 | K105: - | L105: 0 | M105: =+J105-L105 -> 0 | Z105: =SUM(Z5:Z104) -> 0
A106: 102 | B106: เทียน | C106: =+'6'!G106 -> 0 | D106: 0 | E106: =C106+D106 -> 0 | F106: 0 | G106: =E106-F106-H106 -> 0 | H106: 0 | I106: 20 | J106: =+I106*H106 -> 0 | K106: - | L106: 0 | M106: =+J106-L106 -> 0
A107: 103 | B107: ขนมอาลัวแฟนซี | C107: =+'6'!G107 -> 0 | D107: 0 | E107: =C107+D107 -> 0 | F107: 0 | G107: =E107-F107-H107 -> 0 | H107: 0 | I107: 100 | J107: =+I107*H107 -> 0 | K107: - | L107: 0 | M107: =+J107-L107 -> 0 | P107: รวม | X107: =SUM(X5:X104) -> 0
A108: 104 | B108: ชูนัทคุกกี้ | C108: =+'6'!G108 -> 0 | D108: 0 | E108: =C108+D108 -> 0 | F108: 0 | G108: =E108-F108-H108 -> 0 | H108: 0 | I108: 80 | J108: =+I108*H108 -> 0 | K108: - | L108: 0 | M108: =+J108-L108 -> 0
A109: 105 | B109: วุ้นแฟนซี | C109: =+'6'!G109 -> 0 | D109: 0 | E109: =C109+D109 -> 0 | F109: 0 | G109: =E109-F109-H109 -> 0 | H109: 0 | I109: 60 | J109: =+I109*H109 -> 0 | K109: - | L109: 0 | M109: =+J109-L109 -> 0
A110: 106 | B110: เค้กสามเหลี่ยม มะพร้าว | C110: =+'6'!G110 -> 0 | D110: 0 | E110: =C110+D110 -> 0 | F110: 0 | G110: =E110-F110-H110 -> 0 | H110: 0 | I110: 35 | J110: =+I110*H110 -> 0 | K110: - | L110: 0 | M110: =+J110-L110 -> 0
A111: 107 | B111: เค้กสามเหลี่ยม สตอเบอรี่ | C111: =+'6'!G111 -> 0 | D111: 0 | E111: =C111+D111 -> 0 | F111: 0 | G111: =E111-F111-H111 -> 0 | H111: 0 | I111: 35 | J111: =+I111*H111 -> 0 | K111: - | L111: 0 | M111: =+J111-L111 -> 0
A112: 108 | B112: เค้กสามเหลี่ยม บลูเบอรี่ | C112: =+'6'!G112 -> 0 | D112: 0 | E112: =C112+D112 -> 0 | F112: 0 | G112: =E112-F112-H112 -> 0 | H112: 0 | I112: 35 | J112: =+I112*H112 -> 0 | K112: - | L112: 0 | M112: =+J112-L112 -> 0
A113: 109 | B113: เค้กสามเหลี่ยม รสส้ม | C113: =+'6'!G113 -> 0 | D113: 0 | E113: =C113+D113 -> 0 | F113: 0 | G113: =E113-F113-H113 -> 0 | H113: 0 | I113: 35 | J113: =+I113*H113 -> 0 | K113: - | L113: 0 | M113: =+J113-L113 -> 0
A114: 110 | B114: เค้กสามเหลี่ยม รสช็อกโกโอริโอ้ | C114: =+'6'!G114 -> 0 | D114: 0 | E114: =C114+D114 -> 0 | F114: 0 | G114: =E114-F114-H114 -> 0 | H114: 0 | I114: 35 | J114: =+I114*H114 -> 0 | K114: - | L114: 0 | M114: =+J114-L114 -> 0
A115: 111 | B115: สตอเบอร์รี่ครีมเค้ก | C115: =+'6'!G115 -> 0 | D115: 0 | E115: =C115+D115 -> 0 | F115: 0 | G115: =E115-F115-H115 -> 0 | H115: 0 | I115: 50 | J115: =+I115*H115 -> 0 | K115: - | L115: 0 | M115: =+J115-L115 -> 0
A116: 112 | B116: บลูเบอร์รี่ครีมเค้ก | C116: =+'6'!G116 -> 0 | D116: 0 | E116: =C116+D116 -> 0 | F116: 0 | G116: =E116-F116-H116 -> 0 | H116: 0 | I116: 50 | J116: =+I116*H116 -> 0 | K116: - | L116: 0 | M116: =+J116-L116 -> 0
A117: 113 | B117: เค้กส้ม | C117: =+'6'!G117 -> 0 | D117: 0 | E117: =C117+D117 -> 0 | F117: 0 | G117: =E117-F117-H117 -> 0 | H117: 0 | I117: 50 | J117: =+I117*H117 -> 0 | K117: - | L117: 0 | M117: =+J117-L117 -> 0
A118: 114 | B118: วนิลาครีมเค้ก | C118: =+'6'!G118 -> 0 | D118: 0 | E118: =C118+D118 -> 0 | F118: 0 | G118: =E118-F118-H118 -> 0 | H118: 0 | I118: 50 | J118: =+I118*H118 -> 0 | K118: - | L118: 0 | M118: =+J118-L118 -> 0
A119: 115 | B119: ใบเตยครีมเค้ก | C119: =+'6'!G119 -> 0 | D119: 0 | E119: =C119+D119 -> 0 | F119: 0 | G119: =E119-F119-H119 -> 0 | H119: 0 | I119: 50 | J119: =+I119*H119 -> 0 | K119: - | L119: 0 | M119: =+J119-L119 -> 0
... A203: 199 | B203: โดนัทไส้แยมสตรอเบอรี่ | C203: =+'6'!G203 -> 4 | D203: 0 | E203: =C203+D203 -> 4 | F203: 0 | G203: =E203-F203-H203 -> 4 | H203: 0 | I203: 25 | J203: =+I203*H203 -> 0 | K203: - | L203: 0 | M203: =+J203-L203 -> 0
A204: 200 | B204: ซอฟท์เค้กฝอยทอง (ระบาย) | I204: 30
A205: 201 | B205: ซอฟท์เค้กครีมสด (ระบาย) | I205: 30
A206: 202 | C206: =+'6'!G206 -> 0 | D206: 0 | E206: =C206+D206 -> 0 | F206: 0 | G206: =E206-F206-H206 -> 0 | H206: 0 | I206: 0 | J206: =+I206*H206 -> 0 | K206: - | L206: 0 | M206: =+J206-L206 -> 0
L207: 0 | M207: ส่วนลดสินค้า SALE
H208: ยอดขายสินค้า SALE | J208: =+X107 -> 0
I209: รวมทั้งหมด | K209: =SUM(J5:J208) -> 1895
I210: หัก ค่าโอนเงิน | K210: 15
I211: หัก โอนหน้าร้าน | K211: =SUM(L211:BO211) -> 770 | L211: 120 | M211: 100 | N211: 400 | O211: 150
I212: สแกนใช้สิทธิ์ | K212: 0
I213: หัก ค่าใช้จ่ายอื่นๆ | K213: 0
I214: หัก ส่วนลด | K214: =SUM(L5:L207) -> 0
I215: ต้องคงเหลือทั้งหมด | K215: =K209-K210-K211-K213-K214 -> 1110
I216: ยอดที่รับจริง | K216: 1110
I217: ขาด | K217: =+K216-K215 -> 0
I218: เกิน | K218: =+K216-K215 -> 0
J220: ยอดขายหักส่วนลด | K220: =+K209-K214+K217 -> 1895
J221: ยอดเงินสด | K221: =SUM(K210:K213) -> 785
J222: ยอดโอน | K222: =+K216 -> 1110

Sheet 8
A2: บูธ ร้านใหม่ลำ 3 วันที่ 1-30/06/2567 | O2: สินค้า SALE
A3: ลำดับ | B3: รายการ | C3: ยกมา | D3: รับ | E3: รวม | F3: เปลี่ยน/ | G3: คงเหลือ | H3: รายการขาย | K3: หมายเหตุ | L3: ส่วนลด | O3: ลำดับ | P3: รายการ | Q3: ยกมา | R3: รับ | S3: รวม | T3: เปลี่ยน/ | U3: คงเหลือ | V3: รายการขาย | Y3: หมายเหตุ | Z3: ส่วนลด
F4: คืน/เสีย | H4: จำนวน | I4: @ | J4: เป็นเงิน | T4: คืน/เสีย | V4: จำนวน | W4: @ | X4: เป็นเงิน
A5: 1 | B5: ชิฟฟ่อน (ล) | C5: =+'7'!G5 -> 10 | D5: 0 | E5: =C5+D5 -> 10 | F5: 0 | G5: =E5-F5-H5 -> 8 | H5: 2 | I5: 50 | J5: =+I5*H5 -> 100 | K5: - | L5: 0 | M5: =+J5-L5 -> 100 | O5: 1 | Q5: =+'[2]วันที่ 16'!U5 -> 0 | R5: 0 | S5: =Q5+R5 -> 0 | T5: 0 | U5: =S5-T5-V5 -> 0 | V5: 0 | X5: =+W5*V5 -> 0 | Y5: - | Z5: 0
A6: 2 | B6: ชิฟฟ่อน (ญ) | C6: =+'7'!G6 -> 27 | D6: 0 | E6: =C6+D6 -> 27 | F6: 0 | G6: =E6-F6-H6 -> 24 | H6: 3 | I6: 100 | J6: =+I6*H6 -> 300 | K6: - | L6: 0 | M6: =+J6-L6 -> 300 | O6: 2 | Q6: =+[2]ยกมา!U6 -> 0 | R6: 0 | S6: =Q6+R6 -> 0 | T6: 0 | U6: =S6-T6-V6 -> 0 | V6: 0 | X6: =+W6*V6 -> 0 | Y6: - | Z6: 0
A7: 3 | B7: ชิฟฟ่อน (ล) กาแฟ | C7: =+'7'!G7 -> 0 | D7: 0 | E7: =C7+D7 -> 0 | F7: 0 | G7: =E7-F7-H7 -> 0 | H7: 0 | I7: 50 | J7: =+I7*H7 -> 0 | K7: - | L7: 0 | M7: =+J7-L7 -> 0 | O7: 3 | Q7: =+[2]ยกมา!U7 -> 0 | R7: 0 | S7: =Q7+R7 -> 0 | T7: 0 | U7: =S7-T7-V7 -> 0 | V7: 0 | X7: =+W7*V7 -> 0 | Y7: - | Z7: 0
A8: 4 | B8: ชิฟฟ่อน (ญ) กาแฟ | C8: =+'7'!G8 -> 0 | D8: 0 | E8: =C8+D8 -> 0 | F8: 0 | G8: =E8-F8-H8 -> 0 | H8: 0 | I8: 100 | J8: =+I8*H8 -> 0 | K8: - | L8: 0 | M8: =+J8-L8 -> 0 | O8: 4 | Q8: =+[2]ยกมา!U8 -> 0 | R8: 0 | S8: =Q8+R8 -> 0 | T8: 0 | U8: =S8-T8-V8 -> 0 | V8: 0 | X8: =+W8*V8 -> 0 | Y8: - | Z8: 0
A9: 5 | B9: ชิฟฟ่อนเค้ก 1 ชิ้น | C9: =+'7'!G9 -> 0 | D9: 0 | E9: =C9+D9 -> 0 | F9: 0 | G9: =E9-F9-H9 -> 0 | H9: 0 | I9: 12 | J9: =+I9*H9 -> 0 | K9: - | L9: 0 | M9: =+J9-L9 -> 0 | O9: 5 | Q9: =+[2]ยกมา!U9 -> 0 | R9: 0 | S9: =Q9+R9 -> 0 | T9: 0 | U9: =S9-T9-V9 -> 0 | V9: 0 | X9: =+W9*V9 -> 0 | Y9: - | Z9: 0
A10: 6 | B10: ชิฟฟ่อนเค้กสอดไส้แยม 1 ชิ้น | C10: =+'7'!G10 -> 0 | D10: 0 | E10: =C10+D10 -> 0 | F10: 0 | G10: =E10-F10-H10 -> 0 | H10: 0 | I10: 15 | J10: =+I10*H10 -> 0 | K10: - | L10: 0 | M10: =+J10-L10 -> 0 | O10: 6 | Q10: =+[2]ยกมา!U10 -> 0 | R10: 0 | S10: =Q10+R10 -> 0 | T10: 0 | U10: =S10-T10-V10 -> 0 | V10: 0 | X10: =+W10*V10 -> 0 | Y10: - | Z10: 0
A11: 7 | B11: ชิฟฟ่อน สอดไส้ (ล) 2 ชิ้น ครีมมะพร้าว | C11: =+'7'!G11 -> 0 | D11: 0 | E11: =C11+D11 -> 0 | F11: 0 | G11: =E11-F11-H11 -> 0 | H11: 0 | I11: 40 | J11: =+I11*H11 -> 0 | K11: - | L11: 0 | M11: =+J11-L11 -> 0 | O11: 7 | Q11: =+[2]ยกมา!U11 -> 0 | R11: 0 | S11: =Q11+R11 -> 0 | T11: 0 | U11: =S11-T11-V11 -> 0 | V11: 0 | X11: =+W11*V11 -> 0 | Y11: - | Z11: 0
A12: 8 | B12: ชิฟฟ่อน สอดไส้ (ล) 3 ชิ้น รวมรส | C12: =+'7'!G12 -> 15 | D12: 0 | E12: =C12+D12 -> 15 | F12: 0 | G12: =E12-F12-H12 -> 13 | H12: 2 | I12: 50 | J12: =+I12*H12 -> 100 | K12: - | L12: 0 | M12: =+J12-L12 -> 100 | O12: 8 | Q12: =+[2]ยกมา!U12 -> 0 | R12: 0 | S12: =Q12+R12 -> 0 | T12: 0 | U12: =S12-T12-V12 -> 0 | V12: 0 | X12: =+W12*V12 -> 0 | Y12: - | Z12: 0
A13: 9 | B13: ชิฟฟ่อน สอดไส้ (ล) 3 ชิ้น เมล่อน | C13: =+'7'!G13 -> 0 | D13: 0 | E13: =C13+D13 -> 0 | F13: 0 | G13: =E13-F13-H13 -> 0 | H13: 0 | I13: 55 | J13: =+I13*H13 -> 0 | K13: - | L13: 0 | M13: =+J13-L13 -> 0 | O13: 9 | Q13: =+[2]ยกมา!U13 -> 0 | R13: 0 | S13: =Q13+R13 -> 0 | T13: 0 | U13: =S13-T13-V13 -> 0 | V13: 0 | X13: =+W13*V13 -> 0 | Y13: - | Z13: 0
A14: 10 | B14: ชิฟฟ่อน สอดไส้ (ล) 4 ชิ้น ครีมมะพร้าว | C14: =+'7'!G14 -> 4 | D14: 0 | E14: =C14+D14 -> 4 | F14: 0 | G14: =E14-F14-H14 -> 2 | H14: 2 | I14: 65 | J14: =+I14*H14 -> 130 | K14: - | L14: 0 | M14: =+J14-L14 -> 130 | O14: 10 | Q14: =+[2]ยกมา!U14 -> 0 | R14: 0 | S14: =Q14+R14 -> 0 | T14: 0 | U14: =S14-T14-V14 -> 0 | V14: 0 | X14: =+W14*V14 -> 0 | Y14: - | Z14: 0
A15: 11 | B15: ชิฟฟ่อน สอดไส้ (ล) 3 ชิ้น แยมส้ม | C15: =+'7'!G15 -> 0 | D15: 0 | E15: =C15+D15 -> 0 | F15: 0 | G15: =E15-F15-H15 -> 0 | H15: 0 | I15: 50 | J15: =+I15*H15 -> 0 | K15: - | L15: 0 | M15: =+J15-L15 -> 0 | O15: 11 | Q15: =+[2]ยกมา!U15 -> 0 | R15: 0 | S15: =Q15+R15 -> 0 | T15: 0 | U15: =S15-T15-V15 -> 0 | V15: 0 | X15: =+W15*V15 -> 0 | Y15: - | Z15: 0
A16: 12 | B16: ชิฟฟ่อน สอดไส้ (ล) 3 ชิ้น บลูเบอรี่ | C16: =+'7'!G16 -> 0 | D16: 0 | E16: =C16+D16 -> 0 | F16: 0 | G16: =E16-F16-H16 -> 0 | H16: 0 | I16: 50 | J16: =+I16*H16 -> 0 | K16: - | L16: 0 | M16: =+J16-L16 -> 0 | O16: 12 | Q16: =+[2]ยกมา!U16 -> 0 | R16: 0 | S16: =Q16+R16 -> 0 | T16: 0 | U16: =S16-T16-V16 -> 0 | V16: 0 | X16: =+W16*V16 -> 0 | Y16: - | Z16: 0
A17: 13 | B17: ชิฟฟ่อน สอดไส้ (ล) 3 ชิ้น ฝอยทอง | C17: =+'7'!G17 -> 6 | D17: 0 | E17: =C17+D17 -> 6 | F17: 0 | G17: =E17-F17-H17 -> 6 | H17: 0 | I17: 50 | J17: =+I17*H17 -> 0 | K17: - | L17: 0 | M17: =+J17-L17 -> 0 | O17: 13 | Q17: =+[2]ยกมา!U17 -> 0 | R17: 0 | S17: =Q17+R17 -> 0 | T17: 0 | U17: =S17-T17-V17 -> 0 | V17: 0 | X17: =+W17*V17 -> 0 | Y17: - | Z17: 0
... A103: 99 | B103: ไดฟุกุ 8 ชิ้น | C103: =+'7'!G103 -> 5 | D103: 0 | E103: =C103+D103 -> 5 | F103: 0 | G103: =E103-F103-H103 -> 4 | H103: 1 | I103: 100 | J103: =+I103*H103 -> 100 | K103: - | L103: 0 | M103: =+J103-L103 -> 100 | O103: 99 | Q103: =+[2]ยกมา!U103 -> 0 | R103: 0 | S103: =Q103+R103 -> 0 | T103: 0 | U103: =S103-T103-V103 -> 0 | V103: 0 | X103: =+W103*V103 -> 0 | Y103: - | Z103: 0
A104: 100 | B104: หมูทุบ | C104: =+'7'!G104 -> 0 | D104: 0 | E104: =C104+D104 -> 0 | F104: 0 | G104: =E104-F104-H104 -> 0 | H104: 0 | I104: 100 | J104: =+I104*H104 -> 0 | K104: - | L104: 0 | M104: =+J104-L104 -> 0 | O104: 100 | Q104: =+[2]ยกมา!U104 -> 0 | R104: 0 | S104: =Q104+R104 -> 0 | T104: 0 | U104: =S104-T104-V104 -> 0 | V104: 0 | X104: =+W104*V104 -> 0 | Z104: 0
A105: 101 | B105: ดอกจอก | C105: =+'7'!G105 -> 0 | D105: 0 | E105: =C105+D105 -> 0 | F105: 0 | G105: =E105-F105-H105 -> 0 | H105: 0 | I105: 30 | J105: =+I105*H105 -> 0 | K105: - | L105: 0 | M105: =+J105-L105 -> 0 | Z105: =SUM(Z5:Z104) -> 0
A106: 102 | B106: เทียน | C106: =+'7'!G106 -> 0 | D106: 0 | E106: =C106+D106 -> 0 | F106: 0 | G106: =E106-F106-H106 -> 0 | H106: 0 | I106: 20 | J106: =+I106*H106 -> 0 | K106: - | L106: 0 | M106: =+J106-L106 -> 0
A107: 103 | B107: ขนมอาลัวแฟนซี | C107: =+'7'!G107 -> 0 | D107: 0 | E107: =C107+D107 -> 0 | F107: 0 | G107: =E107-F107-H107 -> 0 | H107: 0 | I107: 100 | J107: =+I107*H107 -> 0 | K107: - | L107: 0 | M107: =+J107-L107 -> 0 | P107: รวม | X107: =SUM(X5:X104) -> 0
A108: 104 | B108: ชูนัทคุกกี้ | C108: =+'7'!G108 -> 0 | D108: 0 | E108: =C108+D108 -> 0 | F108: 0 | G108: =E108-F108-H108 -> 0 | H108: 0 | I108: 80 | J108: =+I108*H108 -> 0 | K108: - | L108: 0 | M108: =+J108-L108 -> 0
A109: 105 | B109: วุ้นแฟนซี | C109: =+'7'!G109 -> 0 | D109: 0 | E109: =C109+D109 -> 0 | F109: 0 | G109: =E109-F109-H109 -> 0 | H109: 0 | I109: 60 | J109: =+I109*H109 -> 0 | K109: - | L109: 0 | M109: =+J109-L109 -> 0
A110: 106 | B110: เค้กสามเหลี่ยม มะพร้าว | C110: =+'7'!G110 -> 0 | D110: 0 | E110: =C110+D110 -> 0 | F110: 0 | G110: =E110-F110-H110 -> 0 | H110: 0 | I110: 35 | J110: =+I110*H110 -> 0 | K110: - | L110: 0 | M110: =+J110-L110 -> 0
A111: 107 | B111: เค้กสามเหลี่ยม สตอเบอรี่ | C111: =+'7'!G111 -> 0 | D111: 0 | E111: =C111+D111 -> 0 | F111: 0 | G111: =E111-F111-H111 -> 0 | H111: 0 | I111: 35 | J111: =+I111*H111 -> 0 | K111: - | L111: 0 | M111: =+J111-L111 -> 0
A112: 108 | B112: เค้กสามเหลี่ยม บลูเบอรี่ | C112: =+'7'!G112 -> 0 | D112: 0 | E112: =C112+D112 -> 0 | F112: 0 | G112: =E112-F112-H112 -> 0 | H112: 0 | I112: 35 | J112: =+I112*H112 -> 0 | K112: - | L112: 0 | M112: =+J112-L112 -> 0
A113: 109 | B113: เค้กสามเหลี่ยม รสส้ม | C113: =+'7'!G113 -> 0 | D113: 0 | E113: =C113+D113 -> 0 | F113: 0 | G113: =E113-F113-H113 -> 0 | H113: 0 | I113: 35 | J113: =+I113*H113 -> 0 | K113: - | L113: 0 | M113: =+J113-L113 -> 0
A114: 110 | B114: เค้กสามเหลี่ยม รสช็อกโกโอริโอ้ | C114: =+'7'!G114 -> 0 | D114: 0 | E114: =C114+D114 -> 0 | F114: 0 | G114: =E114-F114-H114 -> 0 | H114: 0 | I114: 35 | J114: =+I114*H114 -> 0 | K114: - | L114: 0 | M114: =+J114-L114 -> 0
A115: 111 | B115: สตอเบอร์รี่ครีมเค้ก | C115: =+'7'!G115 -> 0 | D115: 0 | E115: =C115+D115 -> 0 | F115: 0 | G115: =E115-F115-H115 -> 0 | H115: 0 | I115: 50 | J115: =+I115*H115 -> 0 | K115: - | L115: 0 | M115: =+J115-L115 -> 0
A116: 112 | B116: บลูเบอร์รี่ครีมเค้ก | C116: =+'7'!G116 -> 0 | D116: 0 | E116: =C116+D116 -> 0 | F116: 0 | G116: =E116-F116-H116 -> 0 | H116: 0 | I116: 50 | J116: =+I116*H116 -> 0 | K116: - | L116: 0 | M116: =+J116-L116 -> 0
A117: 113 | B117: เค้กส้ม | C117: =+'7'!G117 -> 0 | D117: 0 | E117: =C117+D117 -> 0 | F117: 0 | G117: =E117-F117-H117 -> 0 | H117: 0 | I117: 50 | J117: =+I117*H117 -> 0 | K117: - | L117: 0 | M117: =+J117-L117 -> 0
A118: 114 | B118: วนิลาครีมเค้ก | C118: =+'7'!G118 -> 0 | D118: 0 | E118: =C118+D118 -> 0 | F118: 0 | G118: =E118-F118-H118 -> 0 | H118: 0 | I118: 50 | J118: =+I118*H118 -> 0 | K118: - | L118: 0 | M118: =+J118-L118 -> 0
A119: 115 | B119: ใบเตยครีมเค้ก | C119: =+'7'!G119 -> 0 | D119: 0 | E119: =C119+D119 -> 0 | F119: 0 | G119: =E119-F119-H119 -> 0 | H119: 0 | I119: 50 | J119: =+I119*H119 -> 0 | K119: - | L119: 0 | M119: =+J119-L119 -> 0
... A203: 199 | B203: โดนัทไส้แยมสตรอเบอรี่ | C203: =+'7'!G203 -> 4 | D203: 0 | E203: =C203+D203 -> 4 | F203: 0 | G203: =E203-F203-H203 -> 4 | H203: 0 | I203: 25 | J203: =+I203*H203 -> 0 | K203: - | L203: 0 | M203: =+J203-L203 -> 0
A204: 200 | B204: ซอฟท์เค้กฝอยทอง (ระบาย) | I204: 30
A205: 201 | B205: ซอฟท์เค้กครีมสด (ระบาย) | I205: 30
A206: 202 | C206: =+'7'!G206 -> 0 | D206: 0 | E206: =C206+D206 -> 0 | F206: 0 | G206: =E206-F206-H206 -> 0 | H206: 0 | I206: 0 | J206: =+I206*H206 -> 0 | K206: - | L206: 0 | M206: =+J206-L206 -> 0
L207: 0 | M207: ส่วนลดสินค้า SALE
H208: ยอดขายสินค้า SALE | J208: =+X107 -> 0
I209: รวมทั้งหมด | K209: =SUM(J5:J208) -> 2720
I210: หัก ค่าโอนเงิน | K210: 15
I211: หัก โอนหน้าร้าน | K211: =SUM(L211:BO211) -> 230 | L211: 115 | M211: 65 | N211: 50
I212: สแกนใช้สิทธิ์ | K212: 0
I213: หัก ค่าใช้จ่ายอื่นๆ | K213: 0
I214: หัก ส่วนลด | K214: =SUM(L5:L207) -> 50
I215: ต้องคงเหลือทั้งหมด | K215: =K209-K210-K211-K213-K214 -> 2425
I216: ยอดที่รับจริง | K216: 2425
I217: ขาด | K217: =+K216-K215 -> 0
I218: เกิน | K218: =+K216-K215 -> 0
J220: ยอดขายหักส่วนลด | K220: =+K209-K214+K217 -> 2670
J221: ยอดเงินสด | K221: =SUM(K210:K213) -> 245
J222: ยอดโอน | K222: =+K216 -> 2425

Sheet 9
A2: บูธ ร้านใหม่ลำ 3 วันที่ 1-30/06/2567 | O2: สินค้า SALE
A3: ลำดับ | B3: รายการ | C3: ยกมา | D3: รับ | E3: รวม | F3: เปลี่ยน/ | G3: คงเหลือ | H3: รายการขาย | K3: หมายเหตุ | L3: ส่วนลด | O3: ลำดับ | P3: รายการ | Q3: ยกมา | R3: รับ | S3: รวม | T3: เปลี่ยน/ | U3: คงเหลือ | V3: รายการขาย | Y3: หมายเหตุ | Z3: ส่วนลด
F4: คืน/เสีย | H4: จำนวน | I4: @ | J4: เป็นเงิน | T4: คืน/เสีย | V4: จำนวน | W4: @ | X4: เป็นเงิน
A5: 1 | B5: ชิฟฟ่อน (ล) | C5: =+'8'!G5 -> 8 | D5: 0 | E5: =C5+D5 -> 8 | F5: 0 | G5: =E5-F5-H5 -> 1 | H5: 7 | I5: 50 | J5: =+I5*H5 -> 350 | K5: แถม1 | L5: 50 | M5: =+J5-L5 -> 300 | O5: 1 | Q5: =+'[2]วันที่ 16'!U5 -> 0 | R5: 0 | S5: =Q5+R5 -> 0 | T5: 0 | U5: =S5-T5-V5 -> 0 | V5: 0 | X5: =+W5*V5 -> 0 | Y5: - | Z5: 0
A6: 2 | B6: ชิฟฟ่อน (ญ) | C6: =+'8'!G6 -> 24 | D6: 0 | E6: =C6+D6 -> 24 | F6: 0 | G6: =E6-F6-H6 -> 18 | H6: 6 | I6: 100 | J6: =+I6*H6 -> 600 | K6: - | L6: 0 | M6: =+J6-L6 -> 600 | O6: 2 | Q6: =+[2]ยกมา!U6 -> 0 | R6: 0 | S6: =Q6+R6 -> 0 | T6: 0 | U6: =S6-T6-V6 -> 0 | V6: 0 | X6: =+W6*V6 -> 0 | Y6: - | Z6: 0
A7: 3 | B7: ชิฟฟ่อน (ล) กาแฟ | C7: =+'8'!G7 -> 0 | D7: 0 | E7: =C7+D7 -> 0 | F7: 0 | G7: =E7-F7-H7 -> 0 | H7: 0 | I7: 50 | J7: =+I7*H7 -> 0 | K7: - | L7: 0 | M7: =+J7-L7 -> 0 | O7: 3 | Q7: =+[2]ยกมา!U7 -> 0 | R7: 0 | S7: =Q7+R7 -> 0 | T7: 0 | U7: =S7-T7-V7 -> 0 | V7: 0 | X7: =+W7*V7 -> 0 | Y7: - | Z7: 0
A8: 4 | B8: ชิฟฟ่อน (ญ) กาแฟ | C8: =+'8'!G8 -> 0 | D8: 0 | E8: =C8+D8 -> 0 | F8: 0 | G8: =E8-F8-H8 -> 0 | H8: 0 | I8: 100 | J8: =+I8*H8 -> 0 | K8: - | L8: 0 | M8: =+J8-L8 -> 0 | O8: 4 | Q8: =+[2]ยกมา!U8 -> 0 | R8: 0 | S8: =Q8+R8 -> 0 | T8: 0 | U8: =S8-T8-V8 -> 0 | V8: 0 | X8: =+W8*V8 -> 0 | Y8: - | Z8: 0
A9: 5 | B9: ชิฟฟ่อนเค้ก 1 ชิ้น | C9: =+'8'!G9 -> 0 | D9: 0 | E9: =C9+D9 -> 0 | F9: 0 | G9: =E9-F9-H9 -> 0 | H9: 0 | I9: 12 | J9: =+I9*H9 -> 0 | K9: - | L9: 0 | M9: =+J9-L9 -> 0 | O9: 5 | Q9: =+[2]ยกมา!U9 -> 0 | R9: 0 | S9: =Q9+R9 -> 0 | T9: 0 | U9: =S9-T9-V9 -> 0 | V9: 0 | X9: =+W9*V9 -> 0 | Y9: - | Z9: 0
A10: 6 | B10: ชิฟฟ่อนเค้กสอดไส้แยม 1 ชิ้น | C10: =+'8'!G10 -> 0 | D10: 0 | E10: =C10+D10 -> 0 | F10: 0 | G10: =E10-F10-H10 -> 0 | H10: 0 | I10: 15 | J10: =+I10*H10 -> 0 | K10: - | L10: 0 | M10: =+J10-L10 -> 0 | O10: 6 | Q10: =+[2]ยกมา!U10 -> 0 | R10: 0 | S10: =Q10+R10 -> 0 | T10: 0 | U10: =S10-T10-V10 -> 0 | V10: 0 | X10: =+W10*V10 -> 0 | Y10: - | Z10: 0
A11: 7 | B11: ชิฟฟ่อน สอดไส้ (ล) 2 ชิ้น ครีมมะพร้าว | C11: =+'8'!G11 -> 0 | D11: 0 | E11: =C11+D11 -> 0 | F11: 0 | G11: =E11-F11-H11 -> 0 | H11: 0 | I11: 40 | J11: =+I11*H11 -> 0 | K11: - | L11: 0 | M11: =+J11-L11 -> 0 | O11: 7 | Q11: =+[2]ยกมา!U11 -> 0 | R11: 0 | S11: =Q11+R11 -> 0 | T11: 0 | U11: =S11-T11-V11 -> 0 | V11: 0 | X11: =+W11*V11 -> 0 | Y11: - | Z11: 0
A12: 8 | B12: ชิฟฟ่อน สอดไส้ (ล) 3 ชิ้น รวมรส | C12: =+'8'!G12 -> 13 | D12: 0 | E12: =C12+D12 -> 13 | F12: 0 | G12: =E12-F12-H12 -> 12 | H12: 1 | I12: 50 | J12: =+I12*H12 -> 50 | K12: - | L12: 0 | M12: =+J12-L12 -> 50 | O12: 8 | Q12: =+[2]ยกมา!U12 -> 0 | R12: 0 | S12: =Q12+R12 -> 0 | T12: 0 | U12: =S12-T12-V12 -> 0 | V12: 0 | X12: =+W12*V12 -> 0 | Y12: - | Z12: 0
A13: 9 | B13: ชิฟฟ่อน สอดไส้ (ล) 3 ชิ้น เมล่อน | C13: =+'8'!G13 -> 0 | D13: 0 | E13: =C13+D13 -> 0 | F13: 0 | G13: =E13-F13-H13 -> 0 | H13: 0 | I13: 55 | J13: =+I13*H13 -> 0 | K13: - | L13: 0 | M13: =+J13-L13 -> 0 | O13: 9 | Q13: =+[2]ยกมา!U13 -> 0 | R13: 0 | S13: =Q13+R13 -> 0 | T13: 0 | U13: =S13-T13-V13 -> 0 | V13: 0 | X13: =+W13*V13 -> 0 | Y13: - | Z13: 0
A14: 10 | B14: ชิฟฟ่อน สอดไส้ (ล) 4 ชิ้น ครีมมะพร้าว | C14: =+'8'!G14 -> 2 | D14: 0 | E14: =C14+D14 -> 2 | F14: 0 | G14: =E14-F14-H14 -> 1 | H14: 1 | I14: 65 | J14: =+I14*H14 -> 65 | K14: - | L14: 0 | M14: =+J14-L14 -> 65 | O14: 10 | Q14: =+[2]ยกมา!U14 -> 0 | R14: 0 | S14: =Q14+R14 -> 0 | T14: 0 | U14: =S14-T14-V14 -> 0 | V14: 0 | X14: =+W14*V14 -> 0 | Y14: - | Z14: 0
A15: 11 | B15: ชิฟฟ่อน สอดไส้ (ล) 3 ชิ้น แยมส้ม | C15: =+'8'!G15 -> 0 | D15: 0 | E15: =C15+D15 -> 0 | F15: 0 | G15: =E15-F15-H15 -> 0 | H15: 0 | I15: 50 | J15: =+I15*H15 -> 0 | K15: - | L15: 0 | M15: =+J15-L15 -> 0 | O15: 11 | Q15: =+[2]ยกมา!U15 -> 0 | R15: 0 | S15: =Q15+R15 -> 0 | T15: 0 | U15: =S15-T15-V15 -> 0 | V15: 0 | X15: =+W15*V15 -> 0 | Y15: - | Z15: 0
A16: 12 | B16: ชิฟฟ่อน สอดไส้ (ล) 3 ชิ้น บลูเบอรี่ | C16: =+'8'!G16 -> 0 | D16: 0 | E16: =C16+D16 -> 0 | F16: 0 | G16: =E16-F16-H16 -> 0 | H16: 0 | I16: 50 | J16: =+I16*H16 -> 0 | K16: - | L16: 0 | M16: =+J16-L16 -> 0 | O16: 12 | Q16: =+[2]ยกมา!U16 -> 0 | R16: 0 | S16: =Q16+R16 -> 0 | T16: 0 | U16: =S16-T16-V16 -> 0 | V16: 0 | X16: =+W16*V16 -> 0 | Y16: - | Z16: 0
A17: 13 | B17: ชิฟฟ่อน สอดไส้ (ล) 3 ชิ้น ฝอยทอง | C17: =+'8'!G17 -> 6 | D17: 0 | E17: =C17+D17 -> 6 | F17: 0 | G17: =E17-F17-H17 -> 4 | H17: 2 | I17: 50 | J17: =+I17*H17 -> 100 | K17: - | L17: 0 | M17: =+J17-L17 -> 100 | O17: 13 | Q17: =+[2]ยกมา!U17 -> 0 | R17: 0 | S17: =Q17+R17 -> 0 | T17: 0 | U17: =S17-T17-V17 -> 0 | V17: 0 | X17: =+W17*V17 -> 0 | Y17: - | Z17: 0
... A103: 99 | B103: ไดฟุกุ 8 ชิ้น | C103: =+'8'!G103 -> 4 | D103: 0 | E103: =C103+D103 -> 4 | F103: 0 | G103: =E103-F103-H103 -> 4 | H103: 0 | I103: 100 | J103: =+I103*H103 -> 0 | K103: - | L103: 0 | M103: =+J103-L103 -> 0 | O103: 99 | Q103: =+[2]ยกมา!U103 -> 0 | R103: 0 | S103: =Q103+R103 -> 0 | T103: 0 | U103: =S103-T103-V103 -> 0 | V103: 0 | X103: =+W103*V103 -> 0 | Y103: - | Z103: 0
A104: 100 | B104: หมูทุบ | C104: =+'8'!G104 -> 0 | D104: 0 | E104: =C104+D104 -> 0 | F104: 0 | G104: =E104-F104-H104 -> 0 | H104: 0 | I104: 100 | J104: =+I104*H104 -> 0 | K104: - | L104: 0 | M104: =+J104-L104 -> 0 | O104: 100 | Q104: =+[2]ยกมา!U104 -> 0 | R104: 0 | S104: =Q104+R104 -> 0 | T104: 0 | U104: =S104-T104-V104 -> 0 | V104: 0 | X104: =+W104*V104 -> 0 | Z104: 0
A105: 101 | B105: ดอกจอก | C105: =+'8'!G105 -> 0 | D105: 0 | E105: =C105+D105 -> 0 | F105: 0 | G105: =E105-F105-H105 -> 0 | H105: 0 | I105: 30 | J105: =+I105*H105 -> 0 | K105: - | L105: 0 | M105: =+J105-L105 -> 0 | Z105: =SUM(Z5:Z104) -> 0
A106: 102 | B106: เทียน | C106: =+'8'!G106 -> 0 | D106: 0 | E106: =C106+D106 -> 0 | F106: 0 | G106: =E106-F106-H106 -> 0 | H106: 0 | I106: 20 | J106: =+I106*H106 -> 0 | K106: - | L106: 0 | M106: =+J106-L106 -> 0
A107: 103 | B107: ขนมอาลัวแฟนซี | C107: =+'8'!G107 -> 0 | D107: 0 | E107: =C107+D107 -> 0 | F107: 0 | G107: =E107-F107-H107 -> 0 | H107: 0 | I107: 100 | J107: =+I107*H107 -> 0 | K107: - | L107: 0 | M107: =+J107-L107 -> 0 | P107: รวม | X107: =SUM(X5:X104) -> 0
A108: 104 | B108: ชูนัทคุกกี้ | C108: =+'8'!G108 -> 0 | D108: 0 | E108: =C108+D108 -> 0 | F108: 0 | G108: =E108-F108-H108 -> 0 | H108: 0 | I108: 80 | J108: =+I108*H108 -> 0 | K108: - | L108: 0 | M108: =+J108-L108 -> 0
A109: 105 | B109: วุ้นแฟนซี | C109: =+'8'!G109 -> 0 | D109: 0 | E109: =C109+D109 -> 0 | F109: 0 | G109: =E109-F109-H109 -> 0 | H109: 0 | I109: 60 | J109: =+I109*H109 -> 0 | K109: - | L109: 0 | M109: =+J109-L109 -> 0
A110: 106 | B110: เค้กสามเหลี่ยม มะพร้าว | C110: =+'8'!G110 -> 0 | D110: 0 | E110: =C110+D110 -> 0 | F110: 0 | G110: =E110-F110-H110 -> 0 | H110: 0 | I110: 35 | J110: =+I110*H110 -> 0 | K110: - | L110: 0 | M110: =+J110-L110 -> 0
A111: 107 | B111: เค้กสามเหลี่ยม สตอเบอรี่ | C111: =+'8'!G111 -> 0 | D111: 0 | E111: =C111+D111 -> 0 | F111: 0 | G111: =E111-F111-H111 -> 0 | H111: 0 | I111: 35 | J111: =+I111*H111 -> 0 | K111: - | L111: 0 | M111: =+J111-L111 -> 0
A112: 108 | B112: เค้กสามเหลี่ยม บลูเบอรี่ | C112: =+'8'!G112 -> 0 | D112: 0 | E112: =C112+D112 -> 0 | F112: 0 | G112: =E112-F112-H112 -> 0 | H112: 0 | I112: 35 | J112: =+I112*H112 -> 0 | K112: - | L112: 0 | M112: =+J112-L112 -> 0
A113: 109 | B113: เค้กสามเหลี่ยม รสส้ม | C113: =+'8'!G113 -> 0 | D113: 0 | E113: =C113+D113 -> 0 | F113: 0 | G113: =E113-F113-H113 -> 0 | H113: 0 | I113: 35 | J113: =+I113*H113 -> 0 | K113: - | L113: 0 | M113: =+J113-L113 -> 0
A114: 110 | B114: เค้กสามเหลี่ยม รสช็อกโกโอริโอ้ | C114: =+'8'!G114 -> 0 | D114: 0 | E114: =C114+D114 -> 0 | F114: 0 | G114: =E114-F114-H114 -> 0 | H114: 0 | I114: 35 | J114: =+I114*H114 -> 0 | K114: - | L114: 0 | M114: =+J114-L114 -> 0
A115: 111 | B115: สตอเบอร์รี่ครีมเค้ก | C115: =+'8'!G115 -> 0 | D115: 0 | E115: =C115+D115 -> 0 | F115: 0 | G115: =E115-F115-H115 -> 0 | H115: 0 | I115: 50 | J115: =+I115*H115 -> 0 | K115: - | L115: 0 | M115: =+J115-L115 -> 0
A116: 112 | B116: บลูเบอร์รี่ครีมเค้ก | C116: =+'8'!G116 -> 0 | D116: 0 | E116: =C116+D116 -> 0 | F116: 0 | G116: =E116-F116-H116 -> 0 | H116: 0 | I116: 50 | J116: =+I116*H116 -> 0 | K116: - | L116: 0 | M116: =+J116-L116 -> 0
A117: 113 | B117: เค้กส้ม | C117: =+'8'!G117 -> 0 | D117: 0 | E117: =C117+D117 -> 0 | F117: 0 | G117: =E117-F117-H117 -> 0 | H117: 0 | I117: 50 | J117: =+I117*H117 -> 0 | K117: - | L117: 0 | M117: =+J117-L117 -> 0
A118: 114 | B118: วนิลาครีมเค้ก | C118: =+'8'!G118 -> 0 | D118: 0 | E118: =C118+D118 -> 0 | F118: 0 | G118: =E118-F118-H118 -> 0 | H118: 0 | I118: 50 | J118: =+I118*H118 -> 0 | K118: - | L118: 0 | M118: =+J118-L118 -> 0
A119: 115 | B119: ใบเตยครีมเค้ก | C119: =+'8'!G119 -> 0 | D119: 0 | E119: =C119+D119 -> 0 | F119: 0 | G119: =E119-F119-H119 -> 0 | H119: 0 | I119: 50 | J119: =+I119*H119 -> 0 | K119: - | L119: 0 | M119: =+J119-L119 -> 0
... A205: 201 | B205: ซอฟท์เค้กครีมสด (ระบาย) | C205: =+'8'!G205 -> 0 | D205: 0 | E205: =C205+D205 -> 0 | F205: 0 | G205: =E205-F205-H205 -> 0 | H205: 0 | I205: 30 | J205: =+I205*H205 -> 0 | K205: - | L205: 0 | M205: =+J205-L205 -> 0
A206: 202 | C206: =+'8'!G206 -> 0 | D206: 0 | E206: =C206+D206 -> 0 | F206: 0 | G206: =E206-F206-H206 -> 0 | H206: 0 | I206: 0 | J206: =+I206*H206 -> 0 | K206: - | L206: 0 | M206: =+J206-L206 -> 0
L207: 0 | M207: ส่วนลดสินค้า SALE
H208: ยอดขายสินค้า SALE | J208: =+X107 -> 0
I209: รวมทั้งหมด | K209: =SUM(J5:J208) -> 5180
I210: หัก ค่าโอนเงิน | K210: 15
I211: หัก โอนหน้าร้าน | K211: =SUM(L211:BO211) -> 1730 | L211: 50 | M211: 500 | N211: 330 | O211: 190 | P211: 110 | Q211: 100 | R211: 100 | S211: 100 | T211: 100 | U211: 150
I212: สแกนใช้สิทธิ์ | K212: 0
I213: หัก ค่าใช้จ่ายอื่นๆ | K213: 0
I214: หัก ส่วนลด | K214: =SUM(L5:L207) -> 100
I215: ต้องคงเหลือทั้งหมด | K215: =K209-K210-K211-K213-K214 -> 3335
I216: ยอดที่รับจริง | K216: 3335
I217: ขาด | K217: =+K216-K215 -> 0
I218: เกิน | K218: =+K216-K215 -> 0
J220: ยอดขายหักส่วนลด | K220: =+K209-K214+K217 -> 5080
J221: ยอดเงินสด | K221: =SUM(K210:K213) -> 1745
J222: ยอดโอน | K222: =+K216 -> 3335

Sheet 10
A2: บูธ ร้านใหม่ลำ 3 วันที่ 1-30/06/2567 | O2: สินค้า SALE
A3: ลำดับ | B3: รายการ | C3: ยกมา | D3: รับ | E3: รวม | F3: เปลี่ยน/ | G3: คงเหลือ | H3: รายการขาย | K3: หมายเหตุ | L3: ส่วนลด | O3: ลำดับ | P3: รายการ | Q3: ยกมา | R3: รับ | S3: รวม | T3: เปลี่ยน/ | U3: คงเหลือ | V3: รายการขาย | Y3: หมายเหตุ | Z3: ส่วนลด
F4: คืน/เสีย | H4: จำนวน | I4: @ | J4: เป็นเงิน | T4: คืน/เสีย | V4: จำนวน | W4: @ | X4: เป็นเงิน
A5: 1 | B5: ชิฟฟ่อน (ล) | C5: =+'9'!G5 -> 1 | D5: 10 | E5: =C5+D5 -> 11 | F5: 0 | G5: =E5-F5-H5 -> 10 | H5: 1 | I5: 50 | J5: =+I5*H5 -> 50 | K5: - | L5: 0 | M5: =+J5-L5 -> 50 | O5: 1 | Q5: =+'[2]วันที่ 16'!U5 -> 0 | R5: 0 | S5: =Q5+R5 -> 0 | T5: 0 | U5: =S5-T5-V5 -> 0 | V5: 0 | X5: =+W5*V5 -> 0 | Y5: - | Z5: 0
A6: 2 | B6: ชิฟฟ่อน (ญ) | C6: =+'9'!G6 -> 18 | D6: 10 | E6: =C6+D6 -> 28 | F6: 0 | G6: =E6-F6-H6 -> 25 | H6: 3 | I6: 100 | J6: =+I6*H6 -> 300 | K6: - | L6: 0 | M6: =+J6-L6 -> 300 | O6: 2 | Q6: =+[2]ยกมา!U6 -> 0 | R6: 0 | S6: =Q6+R6 -> 0 | T6: 0 | U6: =S6-T6-V6 -> 0 | V6: 0 | X6: =+W6*V6 -> 0 | Y6: - | Z6: 0
A7: 3 | B7: ชิฟฟ่อน (ล) กาแฟ | C7: =+'9'!G7 -> 0 | D7: 0 | E7: =C7+D7 -> 0 | F7: 0 | G7: =E7-F7-H7 -> 0 | H7: 0 | I7: 50 | J7: =+I7*H7 -> 0 | K7: - | L7: 0 | M7: =+J7-L7 -> 0 | O7: 3 | Q7: =+[2]ยกมา!U7 -> 0 | R7: 0 | S7: =Q7+R7 -> 0 | T7: 0 | U7: =S7-T7-V7 -> 0 | V7: 0 | X7: =+W7*V7 -> 0 | Y7: - | Z7: 0
A8: 4 | B8: ชิฟฟ่อน (ญ) กาแฟ | C8: =+'9'!G8 -> 0 | D8: 0 | E8: =C8+D8 -> 0 | F8: 0 | G8: =E8-F8-H8 -> 0 | H8: 0 | I8: 100 | J8: =+I8*H8 -> 0 | K8: - | L8: 0 | M8: =+J8-L8 -> 0 | O8: 4 | Q8: =+[2]ยกมา!U8 -> 0 | R8: 0 | S8: =Q8+R8 -> 0 | T8: 0 | U8: =S8-T8-V8 -> 0 | V8: 0 | X8: =+W8*V8 -> 0 | Y8: - | Z8: 0
A9: 5 | B9: ชิฟฟ่อนเค้ก 1 ชิ้น | C9: =+'9'!G9 -> 0 | D9: 0 | E9: =C9+D9 -> 0 | F9: 0 | G9: =E9-F9-H9 -> 0 | H9: 0 | I9: 12 | J9: =+I9*H9 -> 0 | K9: - | L9: 0 | M9: =+J9-L9 -> 0 | O9: 5 | Q9: =+[2]ยกมา!U9 -> 0 | R9: 0 | S9: =Q9+R9 -> 0 | T9: 0 | U9: =S9-T9-V9 -> 0 | V9: 0 | X9: =+W9*V9 -> 0 | Y9: - | Z9: 0
A10: 6 | B10: ชิฟฟ่อนเค้กสอดไส้แยม 1 ชิ้น | C10: =+'9'!G10 -> 0 | D10: 0 | E10: =C10+D10 -> 0 | F10: 0 | G10: =E10-F10-H10 -> 0 | H10: 0 | I10: 15 | J10: =+I10*H10 -> 0 | K10: - | L10: 0 | M10: =+J10-L10 -> 0 | O10: 6 | Q10: =+[2]ยกมา!U10 -> 0 | R10: 0 | S10: =Q10+R10 -> 0 | T10: 0 | U10: =S10-T10-V10 -> 0 | V10: 0 | X10: =+W10*V10 -> 0 | Y10: - | Z10: 0
A11: 7 | B11: ชิฟฟ่อน สอดไส้ (ล) 2 ชิ้น ครีมมะพร้าว | C11: =+'9'!G11 -> 0 | D11: 0 | E11: =C11+D11 -> 0 | F11: 0 | G11: =E11-F11-H11 -> 0 | H11: 0 | I11: 40 | J11: =+I11*H11 -> 0 | K11: - | L11: 0 | M11: =+J11-L11 -> 0 | O11: 7 | Q11: =+[2]ยกมา!U11 -> 0 | R11: 0 | S11: =Q11+R11 -> 0 | T11: 0 | U11: =S11-T11-V11 -> 0 | V11: 0 | X11: =+W11*V11 -> 0 | Y11: - | Z11: 0
A12: 8 | B12: ชิฟฟ่อน สอดไส้ (ล) 3 ชิ้น รวมรส | C12: =+'9'!G12 -> 12 | D12: 10 | E12: =C12+D12 -> 22 | F12: 1 | G12: =E12-F12-H12 -> 19 | H12: 2 | I12: 50 | J12: =+I12*H12 -> 100 | K12: - | L12: 0 | M12: =+J12-L12 -> 100 | O12: 8 | Q12: =+[2]ยกมา!U12 -> 0 | R12: 0 | S12: =Q12+R12 -> 0 | T12: 0 | U12: =S12-T12-V12 -> 0 | V12: 0 | X12: =+W12*V12 -> 0 | Y12: - | Z12: 0
A13: 9 | B13: ชิฟฟ่อน สอดไส้ (ล) 3 ชิ้น เมล่อน | C13: =+'9'!G13 -> 0 | D13: 0 | E13: =C13+D13 -> 0 | F13: 0 | G13: =E13-F13-H13 -> 0 | H13: 0 | I13: 55 | J13: =+I13*H13 -> 0 | K13: - | L13: 0 | M13: =+J13-L13 -> 0 | O13: 9 | Q13: =+[2]ยกมา!U13 -> 0 | R13: 0 | S13: =Q13+R13 -> 0 | T13: 0 | U13: =S13-T13-V13 -> 0 | V13: 0 | X13: =+W13*V13 -> 0 | Y13: - | Z13: 0
A14: 10 | B14: ชิฟฟ่อน สอดไส้ (ล) 4 ชิ้น ครีมมะพร้าว | C14: =+'9'!G14 -> 1 | D14: 3 | E14: =C14+D14 -> 4 | F14: 0 | G14: =E14-F14-H14 -> 4 | H14: 0 | I14: 65 | J14: =+I14*H14 -> 0 | K14: - | L14: 0 | M14: =+J14-L14 -> 0 | O14: 10 | Q14: =+[2]ยกมา!U14 -> 0 | R14: 0 | S14: =Q14+R14 -> 0 | T14: 0 | U14: =S14-T14-V14 -> 0 | V14: 0 | X14: =+W14*V14 -> 0 | Y14: - | Z14: 0
A15: 11 | B15: ชิฟฟ่อน สอดไส้ (ล) 3 ชิ้น แยมส้ม | C15: =+'9'!G15 -> 0 | D15: 0 | E15: =C15+D15 -> 0 | F15: 0 | G15: =E15-F15-H15 -> 0 | H15: 0 | I15: 50 | J15: =+I15*H15 -> 0 | K15: - | L15: 0 | M15: =+J15-L15 -> 0 | O15: 11 | Q15: =+[2]ยกมา!U15 -> 0 | R15: 0 | S15: =Q15+R15 -> 0 | T15: 0 | U15: =S15-T15-V15 -> 0 | V15: 0 | X15: =+W15*V15 -> 0 | Y15: - | Z15: 0
A16: 12 | B16: ชิฟฟ่อน สอดไส้ (ล) 3 ชิ้น บลูเบอรี่ | C16: =+'9'!G16 -> 0 | D16: 0 | E16: =C16+D16 -> 0 | F16: 0 | G16: =E16-F16-H16 -> 0 | H16: 0 | I16: 50 | J16: =+I16*H16 -> 0 | K16: - | L16: 0 | M16: =+J16-L16 -> 0 | O16: 12 | Q16: =+[2]ยกมา!U16 -> 0 | R16: 0 | S16: =Q16+R16 -> 0 | T16: 0 | U16: =S16-T16-V16 -> 0 | V16: 0 | X16: =+W16*V16 -> 0 | Y16: - | Z16: 0
A17: 13 | B17: ชิฟฟ่อน สอดไส้ (ล) 3 ชิ้น ฝอยทอง | C17: 3 | D17: 5 | E17: =C17+D17 -> 8 | F17: 0 | G17: =E17-F17-H17 -> 8 | H17: 0 | I17: 50 | J17: =+I17*H17 -> 0 | K17: - | L17: 0 | M17: =+J17-L17 -> 0 | O17: 13 | Q17: =+[2]ยกมา!U17 -> 0 | R17: 0 | S17: =Q17+R17 -> 0 | T17: 0 | U17: =S17-T17-V17 -> 0 | V17: 0 | X17: =+W17*V17 -> 0 | Y17: - | Z17: 0
A18: 14 | B18: ชิฟฟ่อน สอดไส้ (ล) 3 ชิ้น แยมสตรอเบอรี่ | C18: =+'9'!G18 -> 0 | D18: 0 | E18: =C18+D18 -> 0 | F18: 0 | G18: =E18-F18-H18 -> 0 | H18: 0 | I18: 50 | J18: =+I18*H18 -> 0 | K18: - | L18: 0 | M18: =+J18-L18 -> 0 | O18: 14 | Q18: =+[2]ยกมา!U18 -> 0 | R18: 0 | S18: =Q18+R18 -> 0 | T18: 0 | U18: =S18-T18-V18 -> 0 | V18: 0 | X18: =+W18*V18 -> 0 | Y18: - | Z18: 0
A19: 15 | B19: ชิฟฟ่อน สอดไส้ (ล) 3 ชิ้น เนยมพะร้าว | C19: =+'9'!G19 -> 5 | D19: 5 | E19: =C19+D19 -> 10 | F19: 0 | G19: =E19-F19-H19 -> 9 | H19: 1 | I19: 50 | J19: =+I19*H19 -> 50 | K19: - | L19: 0 | M19: =+J19-L19 -> 50 | O19: 15 | Q19: =+[2]ยกมา!U19 -> 0 | R19: 0 | S19: =Q19+R19 -> 0 | T19: 0 | U19: =S19-T19-V19 -> 0 | V19: 0 | X19: =+W19*V19 -> 0 | Y19: - | Z19: 0
A20: 16 | B20: ชิฟฟ่อน สอดไส้ (ล) 3 ชิ้น นมชมพู | C20: =+'9'!G20 -> 0 | D20: 0 | E20: =C20+D20 -> 0 | F20: 0 | G20: =E20-F20-H20 -> 0 | H20: 0 | I20: 50 | J20: =+I20*H20 -> 0 | K20: - | L20: 0 | M20: =+J20-L20 -> 0 | O20: 16 | Q20: =+[2]ยกมา!U20 -> 0 | R20: 0 | S20: =Q20+R20 -> 0 | T20: 0 | U20: =S20-T20-V20 -> 0 | V20: 0 | X20: =+W20*V20 -> 0 | Y20: - | Z20: 0
A21: 17 | B21: ชิฟฟ่อน สอดไส้ (ล) 3 ชิ้น ช็อคโกแลต | C21: =+'9'!G21 -> 0 | D21: 0 | E21: =C21+D21 -> 0 | F21: 0 | G21: =E21-F21-H21 -> 0 | H21: 0 | I21: 50 | J21: =+I21*H21 -> 0 | K21: - | L21: 0 | M21: =+J21-L21 -> 0 | O21: 17 | Q21: =+[2]ยกมา!U21 -> 0 | R21: 0 | S21: =Q21+R21 -> 0 | T21: 0 | U21: =S21-T21-V21 -> 0 | V21: 0 | X21: =+W21*V21 -> 0 | Y21: - | Z21: 0
A22: 18 | B22: ชิฟฟ่อน สอดไส้ (ก) 5 ชิ้น | C22: =+'9'!G22 -> 0 | D22: 3 | E22: =C22+D22 -> 3 | F22: 0 | G22: =E22-F22-H22 -> 3 | H22: 0 | I22: 85 | J22: =+I22*H22 -> 0 | K22: - | L22: 0 | M22: =+J22-L22 -> 0 | O22: 18 | Q22: =+[2]ยกมา!U22 -> 0 | R22: 0 | S22: =Q22+R22 -> 0 | T22: 0 | U22: =S22-T22-V22 -> 0 | V22: 0 | X22: =+W22*V22 -> 0 | Y22: - | Z22: 0
A23: 19 | B23: ชิฟฟ่อน สอดไส้ 6 ชิ้น รวมรส | C23: =+'9'!G23 -> 1 | D23: 10 | E23: =C23+D23 -> 11 | F23: 0 | G23: =E23-F23-H23 -> 10 | H23: 1 | I23: 100 | J23: =+I23*H23 -> 100 | K23: - | L23: 0 | M23: =+J23-L23 -> 100 | O23: 19 | Q23: =+[2]ยกมา!U23 -> 0 | R23: 0 | S23: =Q23+R23 -> 0 | T23: 0 | U23: =S23-T23-V23 -> 0 | V23: 0 | X23: =+W23*V23 -> 0 | Y23: - | Z23: 0
A24: 20 | B24: ชิฟฟ่อน สอดไส้ 6 ชิ้น ฝอยทอง | C24: =+'9'!G24 -> 10 | D24: 5 | E24: =C24+D24 -> 15 | F24: 2 | G24: =E24-F24-H24 -> 13 | H24: 0 | I24: 100 | J24: =+I24*H24 -> 0 | K24: - | L24: 0 | M24: =+J24-L24 -> 0 | O24: 20 | Q24: =+[2]ยกมา!U24 -> 0 | R24: 0 | S24: =Q24+R24 -> 0 | T24: 0 | U24: =S24-T24-V24 -> 0 | V24: 0 | X24: =+W24*V24 -> 0 | Y24: - | Z24: 0
A25: 21 | B25: ชิฟฟ่อน สอดไส้ 6 ชิ้น ทูโทน | C25: =+'9'!G25 -> 0 | D25: 0 | E25: =C25+D25 -> 0 | F25: 0 | G25: =E25-F25-H25 -> 0 | H25: 0 | I25: 100 | J25: =+I25*H25 -> 0 | K25: - | L25: 0 | M25: =+J25-L25 -> 0 | O25: 21 | Q25: =+[2]ยกมา!U25 -> 0 | R25: 0 | S25: =Q25+R25 -> 0 | T25: 0 | U25: =S25-T25-V25 -> 0 | V25: 0 | X25: =+W25*V25 -> 0 | Y25: - | Z25: 0
A26: 22 | B26: ชิฟฟ่อน สอดไส้ 6 ชิ้น นมชมพู | C26: =+'9'!G26 -> 0 | D26: 0 | E26: =C26+D26 -> 0 | F26: 0 | G26: =E26-F26-H26 -> 0 | H26: 0 | I26: 100 | J26: =+I26*H26 -> 0 | K26: - | L26: 0 | M26: =+J26-L26 -> 0 | O26: 22 | Q26: =+[2]ยกมา!U26 -> 0 | R26: 0 | S26: =Q26+R26 -> 0 | T26: 0 | U26: =S26-T26-V26 -> 0 | V26: 0 | X26: =+W26*V26 -> 0 | Y26: - | Z26: 0
A27: 23 | B27: ชิฟฟ่อน สอดไส้ 6 ชิ้น บลูเบอรี่ | C27: =+'9'!G27 -> 0 | D27: 0 | E27: =C27+D27 -> 0 | F27: 0 | G27: =E27-F27-H27 -> 0 | H27: 0 | I27: 100 | J27: =+I27*H27 -> 0 | K27: - | L27: 0 | M27: =+J27-L27 -> 0 | O27: 23 | Q27: =+[2]ยกมา!U27 -> 0 | R27: 0 | S27: =Q27+R27 -> 0 | T27: 0 | U27: =S27-T27-V27 -> 0 | V27: 0 | X27: =+W27*V27 -> 0 | Y27: - | Z27: 0
A28: 24 | B28: ชิฟฟ่อน สอดไส้ 6 ชิ้น ช็อคโกแลต | C28: =+'9'!G28 -> 0 | D28: 0 | E28: =C28+D28 -> 0 | F28: 0 | G28: =E28-F28-H28 -> 0 | H28: 0 | I28: 100 | J28: =+I28*H28 -> 0 | K28: - | L28: 0 | M28: =+J28-L28 -> 0 | O28: 24 | Q28: =+[2]ยกมา!U28 -> 0 | R28: 0 | S28: =Q28+R28 -> 0 | T28: 0 | U28: =S28-T28-V28 -> 0 | V28: 0 | X28: =+W28*V28 -> 0 | Y28: - | Z28: 0
