Workbook

Sheet ก.พ.
A1: ยอดขายออนไลน์ ตามจำนวนชิ้น | F1: =SUM(F4:F109) -> 350398.32 | G1: =SUM(G4:G115) -> 3168 | H1: =SUM(H4:H115) -> 1948 | I1: =SUM(I4:I115) -> 2587 | J1: =SUM(J4:J115) -> 4306 | K1: =SUM(K4:K115) -> 0 | L1: =SUM(L4:L115) -> 1433 | M1: =SUM(M4:M115) -> 13442 | N1: =SUM(N4:N115) -> 12009 | ... HW1: =SUM(HW4:HW115) -> 0
A2: NO. | B2: รหัสสินค้า | C2: ชื่อสินค้า | D2: หน่วย | E2: ราคาต้นทุน / หน่วย | F2: รวมต้นทุน | G2: ยอดรวม กุมภาพันธ์ 2568 | O2: 243984 | V2: 243985 | AC2: 243986 | AJ2: 243987 | AQ2: 243988 | AX2: 243989 | BE2: 243990 | BL2: 243991 | BS2: 243992 | BZ2: 243993 | CG2: 243994 | CN2: 243995 | CU2: 243996 | DB2: 243997 | DI2: 243998 | DP2: 243999 | DW2: 244000 | ED2: 244001 | EK2: 244002 | ER2: 244003 | EY2: 244004 | FF2: 244005 | FM2: 244006 | FT2: 244007 | GA2: 244008 | GH2: 244009 | GO2: 244010 | GV2: 244011 | HC2: 244012 | HJ2: 244013 | HQ2: 244014
G3: ปณ | H3: Shopee | I3: Lazada | J3: Tiktok | K3: Lazchoice | L3: ยอดเส้น | M3: Total | N3: Total แพลตฟอร์ม | O3: ปณ | P3: Shopee | Q3: Lazada | R3: Tiktok | S3: Lazchoice | T3: ยอดเส้น | U3: Total | V3: ปณ | W3: Shopee | X3: Lazada | Y3: Tiktok | Z3: Lazchoice | AA3: ยอดเส้น | AB3: Total | AC3: ปณ | AD3: Shopee | AE3: Lazada | AF3: Tiktok | AG3: Lazchoice | AH3: ยอดเส้น | AI3: Total | AJ3: ปณ | AK3: Shopee | AL3: Lazada | AM3: Tiktok | AN3: Lazchoice | AO3: ยอดเส้น | AP3: Total | AQ3: ปณ | AR3: Shopee | AS3: Lazada | AT3: Tiktok | AU3: Lazchoice | AV3: ยอดเส้น | AW3: Total | AX3: ปณ | AY3: Shopee | AZ3: Lazada | BA3: Tiktok | BB3: Lazchoice | BC3: ยอดเส้น | BD3: Total | BE3: ปณ | BF3: Shopee | BG3: Lazada | BH3: Tiktok | BI3: Lazchoice | BJ3: ยอดเส้น | BK3: Total | BL3: ปณ | BM3: Shopee | BN3: Lazada | BO3: Tiktok | BP3: Lazchoice | BQ3: ยอดเส้น | BR3: Total | BS3: ปณ | BT3: Shopee | BU3: Lazada | BV3: Tiktok | BW3: Lazchoice | BX3: ยอดเส้น | BY3: Total | BZ3: ปณ | CA3: Shopee | CB3: Lazada | CC3: Tiktok | CD3: Lazchoice | CE3: ยอดเส้น | CF3: Total | CG3: ปณ | CH3: Shopee | CI3: Lazada | CJ3: Tiktok | CK3: Lazchoice | CL3: ยอดเส้น | CM3: Total | CN3: ปณ | CO3: Shopee | CP3: Lazada | CQ3: Tiktok | CR3: Lazchoice | CS3: ยอดเส้น | CT3: Total | CU3: ปณ | CV3: Shopee | CW3: Lazada | CX3: Tiktok | CY3: Lazchoice | CZ3: ยอดเส้น | DA3: Total | DB3: ปณ | DC3: Shopee | DD3: Lazada | DE3: Tiktok | DF3: Lazchoice | DG3: ยอดเส้น | DH3: Total | DI3: ปณ | DJ3: Shopee | DK3: Lazada | DL3: Tiktok | DM3: Lazchoice | DN3: ยอดเส้น | DO3: Total | DP3: ปณ | DQ3: Shopee | DR3: Lazada | DS3: Tiktok | DT3: Lazchoice | DU3: ยอดเส้น | DV3: Total | DW3: ปณ | DX3: Shopee | DY3: Lazada | DZ3: Tiktok | EA3: Lazchoice | EB3: ยอดเส้น | EC3: Total | ED3: ปณ | EE3: Shopee | EF3: Lazada | EG3: Tiktok | EH3: Lazchoice | EI3: ยอดเส้น | EJ3: Total | EK3: ปณ | EL3: Shopee | EM3: Lazada | EN3: Tiktok | EO3: Lazchoice | EP3: ยอดเส้น | EQ3: Total | ER3: ปณ | ES3: Shopee | ET3: Lazada | EU3: Tiktok | EV3: Lazchoice | EW3: ยอดเส้น | EX3: Total | EY3: ปณ | EZ3: Shopee | FA3: Lazada | FB3: Tiktok | FC3: Lazchoice | FD3: ยอดเส้น | FE3: Total | FF3: ปณ | FG3: Shopee | FH3: Lazada | FI3: Tiktok | FJ3: Lazchoice | FK3: ยอดเส้น | FL3: Total | FM3: ปณ | FN3: Shopee | FO3: Lazada | FP3: Tiktok | FQ3: Lazchoice | FR3: ยอดเส้น | FS3: Total | FT3: ปณ | FU3: Shopee | FV3: Lazada | FW3: Tiktok | FX3: Lazchoice | FY3: ยอดเส้น | FZ3: Total | GA3: ปณ | GB3: Shopee | GC3: Lazada | GD3: Tiktok | GE3: Lazchoice | GF3: ยอดเส้น | GG3: Total | GH3: ปณ | GI3: Shopee | GJ3: Lazada | GK3: Tiktok | GL3: Lazchoice | GM3: ยอดเส้น | GN3: Total | GO3: ปณ | GP3: Shopee | GQ3: Lazada | GR3: Tiktok | GS3: Lazchoice | GT3: ยอดเส้น | GU3: Total | GV3: ปณ | GW3: Shopee | GX3: Lazada | GY3: Tiktok | GZ3: Lazchoice | HA3: ยอดเส้น | HB3: Total | HC3: ปณ | HD3: Shopee | HE3: Lazada | HF3: Tiktok | HG3: Lazchoice | HH3: ยอดเส้น | HI3: Total | HJ3: ปณ | HK3: Shopee | HL3: Lazada | HM3: Tiktok | HN3: Lazchoice | HO3: ยอดเส้น | HP3: Total | HQ3: ปณ | HR3: Shopee | HS3: Lazada | HT3: Tiktok | HU3: Lazchoice | HV3: ยอดเส้น | HW3: Total
A4: 1 | B4: 1111002 | C4: ชิฟฟอนรวมรส 8 ชิ้น | D4: กล่อง | E4: 37.17 | F4: =+M4*E4 -> 133626.15 | G4: =+O4+V4+AC4+AJ4+AQ4+AX4+BE4+BL4+BS4+BZ4+CG4+CN4+CU4+DB4+DI4+DP4+DW4+ED4+EK4+ER4+EY4+FF4+FM4+FT4+GA4+GH4+GO4+GV4+HC4+HJ4+HQ4 -> 849 | H4: =+P4+W4+AD4+AK4+AR4+AY4+BF4+BM4+BT4+CA4+CH4+CO4+CV4+DC4+DJ4+DQ4+DX4+EE4+EL4+ES4+EZ4+FG4+FN4+FU4+GB4+GI4+GP4+GW4+HD4+HK4+HR4 -> 725 | I4: =+Q4+X4+AE4+AL4+AS4+AZ4+BG4+BN4+BU4+CB4+CI4+CP4+CW4+DD4+DK4+DR4+DY4+EF4+EM4+ET4+FA4+FH4+FO4+FV4+GC4+GJ4+GQ4+GX4+HE4+HL4+HS4 -> 1150 | J4: =+R4+Y4+AF4+AM4+AT4+BA4+BH4+BO4+BV4+CC4+CJ4+CQ4+CX4+DE4+DL4+DS4+DZ4+EG4+EN4+EU4+FB4+FI4+FP4+FW4+GD4+GK4+GR4+GY4+HF4+HM4+HT4 -> 578 | K4: =+S4+Z4+AG4+AN4+AU4+BB4+BI4+BP4+BW4+CD4+CK4+CR4+CY4+DF4+DM4+DT4+EA4+EH4+EO4+EV4+FC4+FJ4+FQ4+FX4+GE4+GL4+GS4+GZ4+HG4+HN4+HU4 -> 0 | L4: =+T4+AA4+AH4+AO4+AV4+BC4+BJ4+BQ4+BX4+CE4+CL4+CS4+CZ4+DG4+DN4+DU4+EB4+EI4+EP4+EW4+FD4+FK4+FR4+FY4+GF4+GM4+GT4+HA4+HH4+HO4+HV4 -> 293 | M4: =SUM(G4:L4) -> 3595 | N4: =+G4+H4+I4+J4+K4 -> 3302 | O4: =IFERROR(VLOOKUP(B4,'1ไม่มียอด'!B:D,3,0),"0") -> 0 | P4: =IFERROR(VLOOKUP(B4,'1ไม่มียอด'!B:E,4,0),"0") -> 0 | Q4: =IFERROR(VLOOKUP(B4,'1ไม่มียอด'!B:F,5,0),"0") -> 0 | R4: =IFERROR(VLOOKUP(B4,'1ไม่มียอด'!B:G,6,0),"0") -> 0 | S4: =IFERROR(VLOOKUP(B4,'1ไม่มียอด'!B:J,9,0),"0") -> 0 | T4: =IFERROR(VLOOKUP(B4,'1ไม่มียอด'!B:K,10,0),"0") -> 0 | U4: =SUM(O4:T4) -> 0 | V4: =IFERROR(VLOOKUP(B4,#REF!,3,0),"0") -> 0 | W4: =IFERROR(VLOOKUP(B4,#REF!,4,0),"0") -> 0 | X4: =IFERROR(VLOOKUP(B4,#REF!,5,0),"0") -> 0 | Y4: =IFERROR(VLOOKUP(B4,#REF!,9,0),"0") -> 0 | Z4: =IFERROR(VLOOKUP(B4,#REF!,10,0),"0") -> 0 | AA4: =IFERROR(VLOOKUP(B4,#REF!,11,0),"0") -> 0 | AB4: =SUM(V4:AA4) -> 0 | AC4: =IFERROR(VLOOKUP(B4,'3'!B:D,3,0),"0") -> 16 | AD4: =IFERROR(VLOOKUP(B4,'3'!B:E,4,0),"0") -> 50 | AE4: =IFERROR(VLOOKUP(B4,'3'!B:F,5,0),"0") -> 1 | AF4: =IFERROR(VLOOKUP(B4,'3'!B:J,9,0),"0") -> 32 | AG4: =IFERROR(VLOOKUP(B4,'3'!B:K,10,0),"0") -> 0 | AH4: =IFERROR(VLOOKUP(B4,'3'!B:L,11,0),"0") -> 0 | AI4: =SUM(AC4:AH4) -> 99 | AJ4: =IFERROR(VLOOKUP(B4,'4'!B:D,3,0),"0") -> 8 | AK4: =IFERROR(VLOOKUP(B4,'4'!B:E,4,0),"0") -> 20 | AL4: =IFERROR(VLOOKUP(B4,'4'!B:F,5,0),"0") -> 20 | AM4: =IFERROR(VLOOKUP(B4,'4'!B:J,9,0),"0") -> 28 | AN4: =IFERROR(VLOOKUP(B4,'4'!B:K,10,0),"0") -> 0 | AO4: =IFERROR(VLOOKUP(B4,'4'!B:L,11,0),"0") -> 0 | AP4: =SUM(AJ4:AO4) -> 76 | AQ4: =IFERROR(VLOOKUP(B4,'5'!B:D,3,0),"0") -> 86 | AR4: =IFERROR(VLOOKUP(B4,'5'!B:E,4,0),"0") -> 30 | AS4: =IFERROR(VLOOKUP(B4,'5'!B:F,5,0),"0") -> 14 | AT4: =IFERROR(VLOOKUP(B4,'5'!B:J,9,0),"0") -> 10 | AU4: =IFERROR(VLOOKUP(B4,'5'!B:K,10,0),"0") -> 0 | AV4: =IFERROR(VLOOKUP(B4,'5'!B:L,11,0),"0") -> 15 | AW4: =SUM(AQ4:AV4) -> 155 | AX4: =IFERROR(VLOOKUP(B4,'6'!B:D,3,0),"0") -> 11 | AY4: =IFERROR(VLOOKUP(B4,'6'!B:E,4,0),"0") -> 54 | AZ4: =IFERROR(VLOOKUP(B4,'6'!B:F,5,0),"0") -> 1 | BA4: =IFERROR(VLOOKUP(B4,'6'!B:J,9,0),"0") -> 29 | BB4: =IFERROR(VLOOKUP(B4,'6'!B:K,10,0),"0") -> 0 | BC4: =IFERROR(VLOOKUP(B4,'6'!B:L,11,0),"0") -> 10 | BD4: =SUM(AX4:BC4) -> 105 | BE4: =IFERROR(VLOOKUP(B4,'7'!B:D,3,0),"0") -> 103 | BF4: =IFERROR(VLOOKUP(B4,'7'!B:E,4,0),"0") -> 31 | BG4: =IFERROR(VLOOKUP(B4,'7'!B:F,5,0),"0") -> 7 | BH4: =IFERROR(VLOOKUP(B4,'7'!B:J,9,0),"0") -> 11 | BI4: =IFERROR(VLOOKUP(B4,'7'!B:K,10,0),"0") -> 0 | BJ4: =IFERROR(VLOOKUP(B4,'7'!B:L,11,0),"0") -> 12 | BK4: =SUM(BE4:BJ4) -> 164 | BL4: =IFERROR(VLOOKUP(B4,'8'!B:D,3,0),"0") -> 93 | BM4: =IFERROR(VLOOKUP(B4,'8'!B:E,4,0),"0") -> 13 | BN4: =IFERROR(VLOOKUP(B4,'8'!B:F,5,0),"0") -> 36 | BO4: =IFERROR(VLOOKUP(B4,'8'!B:J,9,0),"0") -> 35 | BP4: =IFERROR(VLOOKUP(B4,'8'!B:K,10,0),"0") -> 0 | BQ4: =IFERROR(VLOOKUP(B4,'8'!B:L,11,0),"0") -> 0 | BR4: =SUM(BL4:BQ4) -> 177 | BS4: =IFERROR(VLOOKUP(B4,'9'!B:D,3,0),"0") -> 16 | BT4: =IFERROR(VLOOKUP(B4,'9'!B:E,4,0),"0") -> 29 | BU4: =IFERROR(VLOOKUP(B4,'9'!B:F,5,0),"0") -> 23 | BV4: =IFERROR(VLOOKUP(B4,'9'!B:J,9,0),"0") -> 18 | BW4: =IFERROR(VLOOKUP(B4,'9'!B:K,10,0),"0") -> 0 | BX4: =IFERROR(VLOOKUP(B4,'9'!B:L,11,0),"0") -> 30 | BY4: =SUM(BS4:BX4) -> 116 | BZ4: =IFERROR(VLOOKUP(B4,'10'!B:D,3,0),"0") -> 10 | CA4: =IFERROR(VLOOKUP(B4,'10'!B:E,4,0),"0") -> 11 | CB4: =VLOOKUP(B4,'10'!B:F,5,0) -> 5 | CC4: =IFERROR(VLOOKUP(B4,'10'!B:J,9,0),"0") -> 28 | CD4: =IFERROR(VLOOKUP(B4,'10'!B:K,10,0),"0") -> 0 | CE4: =IFERROR(VLOOKUP(B4,'10'!B:L,11,0),"0") -> 11 | CF4: =SUM(BZ4:CE4) -> 65 | CG4: =IFERROR(VLOOKUP(B4,'11'!B:D,3,0),"0") -> 14 | CH4: =IFERROR(VLOOKUP(B4,'11'!B:E,4,0),"0") -> 15 | CI4: =IFERROR(VLOOKUP(B4,'11'!B:F,5,0),"0") -> 33 | CJ4: =IFERROR(VLOOKUP(B4,'11'!B:J,9,0),"0") -> 2 | CK4: =IFERROR(VLOOKUP(B4,'11'!B:K,10,0),"0") -> 0 | CL4: =IFERROR(VLOOKUP(B4,'11'!B:L,11,0),"0") -> 0 | CM4: =SUM(CG4:CL4) -> 64 | CN4: =IFERROR(VLOOKUP(B4,'12'!B:D,3,0),"0") -> 18 | CO4: =IFERROR(VLOOKUP(B4,'12'!B:E,4,0),"0") -> 24 | CP4: =IFERROR(VLOOKUP(B4,'12'!B:F,5,0),"0") -> 23 | CQ4: =IFERROR(VLOOKUP(B4,'12'!B:J,9,0),"0") -> 22 | CR4: =IFERROR(VLOOKUP(B4,'12'!B:K,10,0),"0") -> 0 | CS4: =IFERROR(VLOOKUP(B4,'12'!B:L,11,0),"0") -> 16 | CT4: =SUM(CN4:CS4) -> 103 | CU4: =IFERROR(VLOOKUP(B4,'13'!B:D,3,0),"0") -> 10 | CV4: =IFERROR(VLOOKUP(B4,'13'!B:E,4,0),"0") -> 11 | CW4: =IFERROR(VLOOKUP(B4,'13'!B:F,5,0),"0") -> 5 | CX4: =IFERROR(VLOOKUP(B4,'13'!B:J,9,0),"0") -> 28 | CY4: =IFERROR(VLOOKUP(B4,'13'!B:K,10,0),"0") -> 0 | CZ4: =IFERROR(VLOOKUP(B4,'13'!B:L,11,0),"0") -> 11 | DA4: =SUM(CU4:CZ4) -> 65 | DB4: =IFERROR(VLOOKUP(B4,'14'!B:D,3,0),"0") -> 19 | DC4: =IFERROR(VLOOKUP(B4,'14'!B:E,4,0),"0") -> 14 | DD4: =IFERROR(VLOOKUP(B4,'14'!B:F,5,0),"0") -> 6 | DE4: =IFERROR(VLOOKUP(B4,'14'!B:J,9,0),"0") -> 24 | DF4: =IFERROR(VLOOKUP(B4,'14'!B:K,10,0),"0") -> 0 | DG4: =IFERROR(VLOOKUP(B4,'14'!B:L,11,0),"0") -> 0 | DH4: =SUM(DB4:DG4) -> 63 | DI4: =IFERROR(VLOOKUP(B4,'15'!B:D,3,0),"0") -> 27 | DJ4: =IFERROR(VLOOKUP(B4,'15'!B:E,4,0),"0") -> 22 | DK4: =IFERROR(VLOOKUP(B4,'15'!B:F,5,0),"0") -> 43 | DL4: =IFERROR(VLOOKUP(B4,'15'!B:J,9,0),"0") -> 43 | DM4: =IFERROR(VLOOKUP(B4,'15'!B:K,10,0),"0") -> 0 | DN4: =IFERROR(VLOOKUP(B4,'15'!B:L,11,0),"0") -> 0 | DO4: =SUM(DI4:DN4) -> 135 | DP4: =IFERROR(VLOOKUP(B4,'16'!B:D,3,0),"0") -> 22 | DQ4: =IFERROR(VLOOKUP(B4,'16'!B:E,4,0),"0") -> 55 | DR4: =IFERROR(VLOOKUP(B4,'16'!B:F,5,0),"0") -> 154 | DS4: =IFERROR(VLOOKUP(B4,'16'!B:J,9,0),"0") -> 18 | DT4: =IFERROR(VLOOKUP(B4,'16'!B:K,10,0),"0") -> 0 | DU4: =IFERROR(VLOOKUP(B4,'16'!B:L,11,0),"0") -> 12 | DV4: =SUM(DP4:DU4) -> 261 | DW4: =IFERROR(VLOOKUP(B4,'17'!B:D,3,0),"0") -> 13 | DX4: =IFERROR(VLOOKUP(B4,'17'!B:E,4,0),"0") -> 47 | DY4: =IFERROR(VLOOKUP(B4,'17'!B:F,5,0),"0") -> 62 | DZ4: =IFERROR(VLOOKUP(B4,'17'!B:J,9,0),"0") -> 71 | EA4: =IFERROR(VLOOKUP(B4,'17'!B:K,10,0),"0") -> 0 | EB4: =IFERROR(VLOOKUP(B4,'17'!B:L,11,0),"0") -> 0 | EC4: =SUM(DW4:EB4) -> 193 | ED4: =IFERROR(VLOOKUP(B4,'18'!B:D,3,0),"0") -> 8 | EE4: =IFERROR(VLOOKUP(B4,'18'!B:E,4,0),"0") -> 14 | EF4: =IFERROR(VLOOKUP(B4,'18'!B:F,5,0),"0") -> 45 | EG4: =IFERROR(VLOOKUP(B4,'18'!B:J,9,0),"0") -> 30 | EH4: =IFERROR(VLOOKUP(B4,'18'!B:K,10,0),"0") -> 0 | EI4: =IFERROR(VLOOKUP(B4,'18'!B:L,11,0),"0") -> 0 | EJ4: =SUM(ED4:EI4) -> 97 | EK4: =IFERROR(VLOOKUP(B4,'19'!B:D,3,0),"0") -> 26 | EL4: =IFERROR(VLOOKUP(B4,'19'!B:E,4,0),"0") -> 36 | EM4: =IFERROR(VLOOKUP(B4,'19'!B:F,5,0),"0") -> 21 | EN4: =IFERROR(VLOOKUP(B4,'19'!B:J,9,0),"0") -> 25 | EO4: =IFERROR(VLOOKUP(B4,'19'!B:K,10,0),"0") -> 0 | EP4: =IFERROR(VLOOKUP(B4,'19'!B:L,11,0),"0") -> 83 | EQ4: =SUM(EK4:EP4) -> 191 | ER4: =IFERROR(VLOOKUP(B4,'20'!B:D,3,0),"0") -> 52 | ES4: =IFERROR(VLOOKUP(B4,'20'!B:E,4,0),"0") -> 14 | ET4: =IFERROR(VLOOKUP(B4,'20'!B:F,5,0),"0") -> 74 | EU4: =IFERROR(VLOOKUP(B4,'20'!B:J,9,0),"0") -> 15 | EV4: =IFERROR(VLOOKUP(B4,'20'!B:K,10,0),"0") -> 0 | EW4: =IFERROR(VLOOKUP(B4,'20'!B:L,11,0),"0") -> 10 | EX4: =SUM(ER4:EW4) -> 165 | EY4: =IFERROR(VLOOKUP(B4,'21'!B:D,3,0),"0") -> 8 | EZ4: =IFERROR(VLOOKUP(B4,'21'!B:E,4,0),"0") -> 15 | FA4: =IFERROR(VLOOKUP(B4,'21'!B:F,5,0),"0") -> 159 | FB4: =IFERROR(VLOOKUP(B4,'21'!B:J,9,0),"0") -> 17 | FC4: =IFERROR(VLOOKUP(B4,'21'!B:K,10,0),"0") -> 0 | FD4: =IFERROR(VLOOKUP(B4,'21'!B:L,11,0),"0") -> 0 | FE4: =SUM(EY4:FD4) -> 199 | FF4: =IFERROR(VLOOKUP(B4,'22'!B:D,3,0),"0") -> 81 | FG4: =IFERROR(VLOOKUP(B4,'22'!B:E,4,0),"0") -> 13 | FH4: =IFERROR(VLOOKUP(B4,'22'!B:F,5,0),"0") -> 102 | FI4: =IFERROR(VLOOKUP(B4,'22'!B:J,9,0),"0") -> 7 | FJ4: =IFERROR(VLOOKUP(B4,'22'!B:K,10,0),"0") -> 0 | FK4: =IFERROR(VLOOKUP(B4,'22'!B:L,11,0),"0") -> 0 | FL4: =SUM(FF4:FK4) -> 203 | FM4: =IFERROR(VLOOKUP(B4,'23'!B:D,3,0),"0") -> 17 | FN4: =IFERROR(VLOOKUP(B4,'23'!B:E,4,0),"0") -> 15 | FO4: =IFERROR(VLOOKUP(B4,'23'!B:F,5,0),"0") -> 82 | FP4: =IFERROR(VLOOKUP(B4,'23'!B:J,9,0),"0") -> 17 | FQ4: =IFERROR(VLOOKUP(B4,'23'!B:K,10,0),"0") -> 0 | FR4: =IFERROR(VLOOKUP(B4,'23'!B:L,11,0),"0") -> 48 | FS4: =SUM(FM4:FR4) -> 179 | FT4: =IFERROR(VLOOKUP(B4,'24'!B:D,3,0),"0") -> 14 | FU4: =IFERROR(VLOOKUP(B4,'24'!B:E,4,0),"0") -> 18 | FV4: =IFERROR(VLOOKUP(B4,'24'!B:F,5,0),"0") -> 32 | FW4: =IFERROR(VLOOKUP(B4,'24'!B:J,9,0),"0") -> 15 | FX4: =IFERROR(VLOOKUP(B4,'24'!B:K,10,0),"0") -> 0 | FY4: =IFERROR(VLOOKUP(B4,'24'!B:L,11,0),"0") -> 0 | FZ4: =SUM(FT4:FY4) -> 79 | GA4: =IFERROR(VLOOKUP(B4,'25'!B:D,3,0),"0") -> 13 | GB4: =IFERROR(VLOOKUP(B4,'25'!B:E,4,0),"0") -> 13 | GC4: =IFERROR(VLOOKUP(B4,'25'!B:F,5,0),"0") -> 30 | GD4: =IFERROR(VLOOKUP(B4,'25'!B:J,9,0),"0") -> 13 | GE4: =IFERROR(VLOOKUP(B4,'25'!B:K,10,0),"0") -> 0 | GF4: =IFERROR(VLOOKUP(B4,'25'!B:L,11,0),"0") -> 0 | GG4: =SUM(GA4:GF4) -> 69 | GH4: =IFERROR(VLOOKUP(B4,'26'!B:D,3,0),"0") -> 21 | GI4: =IFERROR(VLOOKUP(B4,'26'!B:E,4,0),"0") -> 88 | GJ4: =IFERROR(VLOOKUP(B4,'26'!B:F,5,0),"0") -> 127 | GK4: =IFERROR(VLOOKUP(B4,'26'!B:J,9,0),"0") -> 10 | GL4: =IFERROR(VLOOKUP(B4,'26'!B:K,10,0),"0") -> 0 | GM4: =IFERROR(VLOOKUP(B4,'26'!B:L,11,0),"0") -> 15 | GN4: =SUM(GH4:GM4) -> 261 | GO4: =IFERROR(VLOOKUP(B4,'27'!B:D,3,0),"0") -> 138 | GP4: =IFERROR(VLOOKUP(B4,'27'!B:E,4,0),"0") -> 47 | GQ4: =IFERROR(VLOOKUP(B4,'27'!B:F,5,0),"0") -> 35 | GR4: =IFERROR(VLOOKUP(B4,'27'!B:J,9,0),"0") -> 23 | GS4: =IFERROR(VLOOKUP(B4,'27'!B:K,10,0),"0") -> 0 | GT4: =IFERROR(VLOOKUP(B4,'27'!B:L,11,0),"0") -> 20 | GU4: =SUM(GO4:GT4) -> 263 | GV4: =IFERROR(VLOOKUP(B4,'28'!B:D,3,0),"0") -> 5 | GW4: =IFERROR(VLOOKUP(B4,'28'!B:E,4,0),"0") -> 26 | GX4: =IFERROR(VLOOKUP(B4,'28'!B:F,5,0),"0") -> 10 | GY4: =IFERROR(VLOOKUP(B4,'28'!B:J,9,0),"0") -> 7 | GZ4: =IFERROR(VLOOKUP(B4,'28'!B:K,10,0),"0") -> 0 | HA4: =IFERROR(VLOOKUP(B4,'28'!B:L,11,0),"0") -> 0 | HB4: =SUM(GV4:HA4) -> 48 | HC4: =IFERROR(VLOOKUP(B4,#REF!,3),"0") -> 0 | HD4: =IFERROR(VLOOKUP(B4,#REF!,4,0),"0") -> 0 | HE4: =IFERROR(VLOOKUP(B4,#REF!,5,0),"0") -> 0 | HF4: =IFERROR(VLOOKUP(B4,#REF!,9,0),"0") -> 0 | HG4: =IFERROR(VLOOKUP(B4,#REF!,10,0),"0") -> 0 | HH4: =IFERROR(VLOOKUP(B4,#REF!,11,0),"0") -> 0 | HI4: =SUM(HC4:HH4) -> 0 | HP4: =SUM(HJ4:HO4) -> 0 | HW4: =SUM(HQ4:HV4) -> 0
A5: 2 | B5: 1111084 | C5: ชิฟฟอน 8 ชิ้น กาแฟล้วน | D5: กล่อง | E5: 39.4 | F5: =+M5*E5 -> 0 | G5: =+O5+V5+AC5+AJ5+AQ5+AX5+BE5+BL5+BS5+BZ5+CG5+CN5+CU5+DB5+DI5+DP5+DW5+ED5+EK5+ER5+EY5+FF5+FM5+FT5+GA5+GH5+GO5+GV5+HC5+HJ5+HQ5 -> 0 | H5: =+P5+W5+AD5+AK5+AR5+AY5+BF5+BM5+BT5+CA5+CH5+CO5+CV5+DC5+DJ5+DQ5+DX5+EE5+EL5+ES5+EZ5+FG5+FN5+FU5+GB5+GI5+GP5+GW5+HD5+HK5+HR5 -> 0 | I5: =+Q5+X5+AE5+AL5+AS5+AZ5+BG5+BN5+BU5+CB5+CI5+CP5+CW5+DD5+DK5+DR5+DY5+EF5+EM5+ET5+FA5+FH5+FO5+FV5+GC5+GJ5+GQ5+GX5+HE5+HL5+HS5 -> 0 | J5: =+R5+Y5+AF5+AM5+AT5+BA5+BH5+BO5+BV5+CC5+CJ5+CQ5+CX5+DE5+DL5+DS5+DZ5+EG5+EN5+EU5+FB5+FI5+FP5+FW5+GD5+GK5+GR5+GY5+HF5+HM5+HT5 -> 0 | K5: =+S5+Z5+AG5+AN5+AU5+BB5+BI5+BP5+BW5+CD5+CK5+CR5+CY5+DF5+DM5+DT5+EA5+EH5+EO5+EV5+FC5+FJ5+FQ5+FX5+GE5+GL5+GS5+GZ5+HG5+HN5+HU5 -> 0 | L5: =+T5+AA5+AH5+AO5+AV5+BC5+BJ5+BQ5+BX5+CE5+CL5+CS5+CZ5+DG5+DN5+DU5+EB5+EI5+EP5+EW5+FD5+FK5+FR5+FY5+GF5+GM5+GT5+HA5+HH5+HO5+HV5 -> 0 | M5: =SUM(G5:L5) -> 0 | N5: =+G5+H5+I5+J5+K5 -> 0 | O5: =IFERROR(VLOOKUP(B5,'1ไม่มียอด'!B:D,3,0),"0") -> 0 | P5: =IFERROR(VLOOKUP(B5,'1ไม่มียอด'!B:E,4,0),"0") -> 0 | Q5: =IFERROR(VLOOKUP(B5,'1ไม่มียอด'!B:F,5,0),"0") -> 0 | R5: =IFERROR(VLOOKUP(B5,'1ไม่มียอด'!B:G,6,0),"0") -> 0 | S5: =IFERROR(VLOOKUP(B5,'1ไม่มียอด'!B:J,9,0),"0") -> 0 | T5: =IFERROR(VLOOKUP(B5,'1ไม่มียอด'!B:K,10,0),"0") -> 0 | U5: =SUM(O5:R5) -> 0 | V5: =IFERROR(VLOOKUP(B5,#REF!,3,0),"0") -> 0 | W5: =IFERROR(VLOOKUP(B5,#REF!,4,0),"0") -> 0 | X5: =IFERROR(VLOOKUP(B5,#REF!,5,0),"0") -> 0 | Y5: =IFERROR(VLOOKUP(B5,#REF!,9,0),"0") -> 0 | Z5: =IFERROR(VLOOKUP(B5,#REF!,10,0),"0") -> 0 | AA5: =IFERROR(VLOOKUP(B5,#REF!,11,0),"0") -> 0 | AB5: =SUM(V5:Y5) -> 0 | AC5: =IFERROR(VLOOKUP(B5,'3'!B:D,3,0),"0") -> 0 | AD5: =IFERROR(VLOOKUP(B5,'3'!B:E,4,0),"0") -> 0 | AE5: =IFERROR(VLOOKUP(B5,'3'!B:F,5,0),"0") -> 0 | AF5: =IFERROR(VLOOKUP(B5,'3'!B:J,9,0),"0") -> 0 | AG5: =IFERROR(VLOOKUP(B5,'3'!B:K,10,0),"0") -> 0 | AH5: =IFERROR(VLOOKUP(B5,'3'!B:L,11,0),"0") -> 0 | AI5: =SUM(AC5:AH5) -> 0 | AJ5: =IFERROR(VLOOKUP(B5,'4'!B:D,3,0),"0") -> 0 | AK5: =IFERROR(VLOOKUP(B5,'4'!B:E,4,0),"0") -> 0 | AL5: =IFERROR(VLOOKUP(B5,'4'!B:F,5,0),"0") -> 0 | AM5: =IFERROR(VLOOKUP(B5,'4'!B:J,9,0),"0") -> 0 | AN5: =IFERROR(VLOOKUP(B5,'4'!B:K,10,0),"0") -> 0 | AO5: =IFERROR(VLOOKUP(B5,'4'!B:L,11,0),"0") -> 0 | AP5: =SUM(AJ5:AO5) -> 0 | AQ5: =IFERROR(VLOOKUP(B5,'5'!B:D,3,0),"0") -> 0 | AR5: =IFERROR(VLOOKUP(B5,'5'!B:E,4,0),"0") -> 0 | AS5: =IFERROR(VLOOKUP(B5,'5'!B:F,5,0),"0") -> 0 | AT5: =IFERROR(VLOOKUP(B5,'5'!B:J,9,0),"0") -> 0 | AU5: =IFERROR(VLOOKUP(B5,'5'!B:K,10,0),"0") -> 0 | AV5: =IFERROR(VLOOKUP(B5,'5'!B:L,11,0),"0") -> 0 | AW5: =SUM(AQ5:AT5) -> 0 | AX5: =IFERROR(VLOOKUP(B5,'6'!B:D,3,0),"0") -> 0 | AY5: =IFERROR(VLOOKUP(B5,'6'!B:E,4,0),"0") -> 0 | AZ5: =IFERROR(VLOOKUP(B5,'6'!B:F,5,0),"0") -> 0 | BA5: =IFERROR(VLOOKUP(B5,'6'!B:J,9,0),"0") -> 0 | BB5: =IFERROR(VLOOKUP(B5,'6'!B:K,10,0),"0") -> 0 | BC5: =IFERROR(VLOOKUP(B5,'6'!B:L,11,0),"0") -> 0 | BD5: =SUM(AX5:BC5) -> 0 | BE5: =IFERROR(VLOOKUP(B5,'7'!B:D,3,0),"0") -> 0 | BF5: =IFERROR(VLOOKUP(B5,'7'!B:E,4,0),"0") -> 0 | BG5: =IFERROR(VLOOKUP(B5,'7'!B:F,5,0),"0") -> 0 | BH5: =IFERROR(VLOOKUP(B5,'7'!B:J,9,0),"0") -> 0 | BI5: =IFERROR(VLOOKUP(B5,'7'!B:K,10,0),"0") -> 0 | BJ5: =IFERROR(VLOOKUP(B5,'7'!B:L,11,0),"0") -> 0 | BK5: =SUM(BE5:BH5) -> 0 | BL5: =IFERROR(VLOOKUP(B5,'8'!B:D,3,0),"0") -> 0 | BM5: =IFERROR(VLOOKUP(B5,'8'!B:E,4,0),"0") -> 0 | BN5: =IFERROR(VLOOKUP(B5,'8'!B:F,5,0),"0") -> 0 | BO5: =IFERROR(VLOOKUP(B5,'8'!B:J,9,0),"0") -> 0 | BP5: =IFERROR(VLOOKUP(B5,'8'!B:K,10,0),"0") -> 0 | BQ5: =IFERROR(VLOOKUP(B5,'8'!B:L,11,0),"0") -> 0 | BR5: =SUM(BL5:BQ5) -> 0 | BS5: =IFERROR(VLOOKUP(B5,'9'!B:D,3,0),"0") -> 0 | BT5: =IFERROR(VLOOKUP(B5,'9'!B:E,4,0),"0") -> 0 | BU5: =IFERROR(VLOOKUP(B5,'9'!B:F,5,0),"0") -> 0 | BV5: =IFERROR(VLOOKUP(B5,'9'!B:J,9,0),"0") -> 0 | BW5: =IFERROR(VLOOKUP(B5,'9'!B:K,10,0),"0") -> 0 | BX5: =IFERROR(VLOOKUP(B5,'9'!B:L,11,0),"0") -> 0 | BY5: =SUM(BS5:BX5) -> 0 | BZ5: =IFERROR(VLOOKUP(B5,'10'!B:D,3,0),"0") -> 0 | CA5: =IFERROR(VLOOKUP(B5,'10'!B:E,4,0),"0") -> 0 | CB5: =VLOOKUP(B5,'10'!B:F,5,0) -> 0 | CC5: =IFERROR(VLOOKUP(B5,'10'!B:J,9,0),"0") -> 0 | CD5: =IFERROR(VLOOKUP(B5,'10'!B:K,10,0),"0") -> 0 | CE5: =IFERROR(VLOOKUP(B5,'10'!B:L,11,0),"0") -> 0 | CF5: =SUM(BZ5:CC5) -> 0 | CG5: =IFERROR(VLOOKUP(B5,'11'!B:D,3,0),"0") -> 0 | CH5: =IFERROR(VLOOKUP(B5,'11'!B:E,4,0),"0") -> 0 | CI5: =IFERROR(VLOOKUP(B5,'11'!B:F,5,0),"0") -> 0 | CJ5: =IFERROR(VLOOKUP(B5,'11'!B:J,9,0),"0") -> 0 | CK5: =IFERROR(VLOOKUP(B5,'11'!B:K,10,0),"0") -> 0 | CL5: =IFERROR(VLOOKUP(B5,'11'!B:L,11,0),"0") -> 0 | CM5: =SUM(CG5:CJ5) -> 0 | CN5: =IFERROR(VLOOKUP(B5,'12'!B:D,3,0),"0") -> 0 | CO5: =IFERROR(VLOOKUP(B5,'12'!B:E,4,0),"0") -> 0 | CP5: =IFERROR(VLOOKUP(B5,'12'!B:F,5,0),"0") -> 0 | CQ5: =IFERROR(VLOOKUP(B5,'12'!B:J,9,0),"0") -> 0 | CR5: =IFERROR(VLOOKUP(B5,'12'!B:K,10,0),"0") -> 0 | CS5: =IFERROR(VLOOKUP(B5,'12'!B:L,11,0),"0") -> 0 | CT5: =SUM(CN5:CQ5) -> 0 | CU5: =IFERROR(VLOOKUP(B5,'13'!B:D,3,0),"0") -> 0 | CV5: =IFERROR(VLOOKUP(B5,'13'!B:E,4,0),"0") -> 0 | CW5: =IFERROR(VLOOKUP(B5,'13'!B:F,5,0),"0") -> 0 | CX5: =IFERROR(VLOOKUP(B5,'13'!B:J,9,0),"0") -> 0 | CY5: =IFERROR(VLOOKUP(B5,'13'!B:K,10,0),"0") -> 0 | CZ5: =IFERROR(VLOOKUP(B5,'13'!B:L,11,0),"0") -> 0 | DA5: =SUM(CU5:CX5) -> 0 | DB5: =IFERROR(VLOOKUP(B5,'14'!B:D,3,0),"0") -> 0 | DC5: =IFERROR(VLOOKUP(B5,'14'!B:E,4,0),"0") -> 0 | DD5: =IFERROR(VLOOKUP(B5,'14'!B:F,5,0),"0") -> 0 | DE5: =IFERROR(VLOOKUP(B5,'14'!B:J,9,0),"0") -> 0 | DF5: =IFERROR(VLOOKUP(B5,'14'!B:K,10,0),"0") -> 0 | DG5: =IFERROR(VLOOKUP(B5,'14'!B:L,11,0),"0") -> 0 | DH5: =SUM(DB5:DE5) -> 0 | DI5: =IFERROR(VLOOKUP(B5,'15'!B:D,3,0),"0") -> 0 | DJ5: =IFERROR(VLOOKUP(B5,'15'!B:E,4,0),"0") -> 0 | DK5: =IFERROR(VLOOKUP(B5,'15'!B:F,5,0),"0") -> 0 | DL5: =IFERROR(VLOOKUP(B5,'15'!B:J,9,0),"0") -> 0 | DM5: =IFERROR(VLOOKUP(B5,'15'!B:K,10,0),"0") -> 0 | DN5: =IFERROR(VLOOKUP(B5,'15'!B:L,11,0),"0") -> 0 | DO5: =SUM(DI5:DL5) -> 0 | DP5: =IFERROR(VLOOKUP(B5,'16'!B:D,3,0),"0") -> 0 | DQ5: =IFERROR(VLOOKUP(B5,'16'!B:E,4,0),"0") -> 0 | DR5: =IFERROR(VLOOKUP(B5,'16'!B:F,5,0),"0") -> 0 | DS5: =IFERROR(VLOOKUP(B5,'16'!B:J,9,0),"0") -> 0 | DT5: =IFERROR(VLOOKUP(B5,'16'!B:K,10,0),"0") -> 0 | DU5: =IFERROR(VLOOKUP(B5,'16'!B:L,11,0),"0") -> 0 | DV5: =SUM(DP5:DS5) -> 0 | DW5: =IFERROR(VLOOKUP(B5,'17'!B:D,3,0),"0") -> 0 | DX5: =IFERROR(VLOOKUP(B5,'17'!B:E,4,0),"0") -> 0 | DY5: =IFERROR(VLOOKUP(B5,'17'!B:F,5,0),"0") -> 0 | DZ5: =IFERROR(VLOOKUP(B5,'17'!B:J,9,0),"0") -> 0 | EA5: =IFERROR(VLOOKUP(B5,'17'!B:K,10,0),"0") -> 0 | EB5: =IFERROR(VLOOKUP(B5,'17'!B:L,11,0),"0") -> 0 | EC5: =SUM(DW5:DZ5) -> 0 | ED5: =IFERROR(VLOOKUP(B5,'18'!B:D,3,0),"0") -> 0 | EE5: =IFERROR(VLOOKUP(B5,'18'!B:E,4,0),"0") -> 0 | EF5: =IFERROR(VLOOKUP(B5,'18'!B:F,5,0),"0") -> 0 | EG5: =IFERROR(VLOOKUP(B5,'18'!B:J,9,0),"0") -> 0 | EH5: =IFERROR(VLOOKUP(B5,'18'!B:K,10,0),"0") -> 0 | EI5: =IFERROR(VLOOKUP(B5,'18'!B:L,11,0),"0") -> 0 | EJ5: =SUM(ED5:EI5) -> 0 | EK5: =IFERROR(VLOOKUP(B5,'19'!B:D,3,0),"0") -> 0 | EL5: =IFERROR(VLOOKUP(B5,'19'!B:E,4,0),"0") -> 0 | EM5: =IFERROR(VLOOKUP(B5,'19'!B:F,5,0),"0") -> 0 | EN5: =IFERROR(VLOOKUP(B5,'19'!B:J,9,0),"0") -> 0 | EO5: =IFERROR(VLOOKUP(B5,'19'!B:K,10,0),"0") -> 0 | EP5: =IFERROR(VLOOKUP(B5,'19'!B:L,11,0),"0") -> 0 | EQ5: =SUM(EK5:EP5) -> 0 | ER5: =IFERROR(VLOOKUP(B5,'20'!B:D,3,0),"0") -> 0 | ES5: =IFERROR(VLOOKUP(B5,'20'!B:E,4,0),"0") -> 0 | ET5: =IFERROR(VLOOKUP(B5,'20'!B:F,5,0),"0") -> 0 | EU5: =IFERROR(VLOOKUP(B5,'20'!B:J,9,0),"0") -> 0 | EV5: =IFERROR(VLOOKUP(B5,'20'!B:K,10,0),"0") -> 0 | EW5: =IFERROR(VLOOKUP(B5,'20'!B:L,11,0),"0") -> 0 | EX5: =SUM(ER5:EW5) -> 0 | EY5: =IFERROR(VLOOKUP(B5,'21'!B:D,3,0),"0") -> 0 | EZ5: =IFERROR(VLOOKUP(B5,'21'!B:E,4,0),"0") -> 0 | FA5: =IFERROR(VLOOKUP(B5,'21'!B:F,5,0),"0") -> 0 | FB5: =IFERROR(VLOOKUP(B5,'21'!B:J,9,0),"0") -> 0 | FC5: =IFERROR(VLOOKUP(B5,'21'!B:K,10,0),"0") -> 0 | FD5: =IFERROR(VLOOKUP(B5,'21'!B:L,11,0),"0") -> 0 | FE5: =SUM(EY5:FD5) -> 0 | FF5: =IFERROR(VLOOKUP(B5,'22'!B:D,3,0),"0") -> 0 | FG5: =IFERROR(VLOOKUP(B5,'22'!B:E,4,0),"0") -> 0 | FH5: =IFERROR(VLOOKUP(B5,'22'!B:F,5,0),"0") -> 0 | FI5: =IFERROR(VLOOKUP(B5,'22'!B:J,9,0),"0") -> 0 | FJ5: =IFERROR(VLOOKUP(B5,'22'!B:K,10,0),"0") -> 0 | FK5: =IFERROR(VLOOKUP(B5,'22'!B:L,11,0),"0") -> 0 | FL5: =SUM(FF5:FK5) -> 0 | FM5: =IFERROR(VLOOKUP(B5,'23'!B:D,3,0),"0") -> 0 | FN5: =IFERROR(VLOOKUP(B5,'23'!B:E,4,0),"0") -> 0 | FO5: =IFERROR(VLOOKUP(B5,'23'!B:F,5,0),"0") -> 0 | FP5: =IFERROR(VLOOKUP(B5,'23'!B:J,9,0),"0") -> 0 | FQ5: =IFERROR(VLOOKUP(B5,'23'!B:K,10,0),"0") -> 0 | FR5: =IFERROR(VLOOKUP(B5,'23'!B:L,11,0),"0") -> 0 | FS5: =SUM(FM5:FR5) -> 0 | FT5: =IFERROR(VLOOKUP(B5,'24'!B:D,3,0),"0") -> 0 | FU5: =IFERROR(VLOOKUP(B5,'24'!B:E,4,0),"0") -> 0 | FV5: =IFERROR(VLOOKUP(B5,'24'!B:F,5,0),"0") -> 0 | FW5: =IFERROR(VLOOKUP(B5,'24'!B:J,9,0),"0") -> 0 | FX5: =IFERROR(VLOOKUP(B5,'24'!B:K,10,0),"0") -> 0 | FY5: =IFERROR(VLOOKUP(B5,'24'!B:L,11,0),"0") -> 0 | FZ5: =SUM(FT5:FY5) -> 0 | GA5: =IFERROR(VLOOKUP(B5,'25'!B:D,3,0),"0") -> 0 | GB5: =IFERROR(VLOOKUP(B5,'25'!B:E,4,0),"0") -> 0 | GC5: =IFERROR(VLOOKUP(B5,'25'!B:F,5,0),"0") -> 0 | GD5: =IFERROR(VLOOKUP(B5,'25'!B:J,9,0),"0") -> 0 | GE5: =IFERROR(VLOOKUP(B5,'25'!B:K,10,0),"0") -> 0 | GF5: =IFERROR(VLOOKUP(B5,'25'!B:L,11,0),"0") -> 0 | GG5: =SUM(GA5:GD5) -> 0 | GH5: =IFERROR(VLOOKUP(B5,'26'!B:D,3,0),"0") -> 0 | GI5: =IFERROR(VLOOKUP(B5,'26'!B:E,4,0),"0") -> 0 | GJ5: =IFERROR(VLOOKUP(B5,'26'!B:F,5,0),"0") -> 0 | GK5: =IFERROR(VLOOKUP(B5,'26'!B:J,9,0),"0") -> 0 | GL5: =IFERROR(VLOOKUP(B5,'26'!B:K,10,0),"0") -> 0 | GM5: =IFERROR(VLOOKUP(B5,'26'!B:L,11,0),"0") -> 0 | GN5: =SUM(GH5:GK5) -> 0 | GO5: =IFERROR(VLOOKUP(B5,'27'!B:D,3,0),"0") -> 0 | GP5: =IFERROR(VLOOKUP(B5,'27'!B:E,4,0),"0") -> 0 | GQ5: =IFERROR(VLOOKUP(B5,'27'!B:F,5,0),"0") -> 0 | GR5: =IFERROR(VLOOKUP(B5,'27'!B:J,9,0),"0") -> 0 | GS5: =IFERROR(VLOOKUP(B5,'27'!B:K,10,0),"0") -> 0 | GT5: =IFERROR(VLOOKUP(B5,'27'!B:L,11,0),"0") -> 0 | GU5: =SUM(GO5:GT5) -> 0 | GV5: =IFERROR(VLOOKUP(B5,'28'!B:D,3,0),"0") -> 0 | GW5: =IFERROR(VLOOKUP(B5,'28'!B:E,4,0),"0") -> 0 | GX5: =IFERROR(VLOOKUP(B5,'28'!B:F,5,0),"0") -> 0 | GY5: =IFERROR(VLOOKUP(B5,'28'!B:J,9,0),"0") -> 0 | GZ5: =IFERROR(VLOOKUP(B5,'28'!B:K,10,0),"0") -> 0 | HA5: =IFERROR(VLOOKUP(B5,'28'!B:L,11,0),"0") -> 0 | HB5: =SUM(GV5:HA5) -> 0 | HC5: =IFERROR(VLOOKUP(B5,#REF!,3),"0") -> 0 | HD5: =IFERROR(VLOOKUP(B5,#REF!,4,0),"0") -> 0 | HE5: =IFERROR(VLOOKUP(B5,#REF!,5,0),"0") -> 0 | HF5: =IFERROR(VLOOKUP(B5,#REF!,9,0),"0") -> 0 | HG5: =IFERROR(VLOOKUP(B5,#REF!,10,0),"0") -> 0 | HH5: =IFERROR(VLOOKUP(B5,#REF!,11,0),"0") -> 0 | HI5: =SUM(HC5:HF5) -> 0 | HP5: =SUM(HJ5:HM5) -> 0 | HW5: =SUM(HQ5:HT5) -> 0
A6: 3 | B6: 1111085 | C6: ชิฟฟอน 8 ชิ้น บลูเบอรี่ล้วน | D6: กล่อง | E6: 37.04 | F6: =+M6*E6 -> 0 | G6: =+O6+V6+AC6+AJ6+AQ6+AX6+BE6+BL6+BS6+BZ6+CG6+CN6+CU6+DB6+DI6+DP6+DW6+ED6+EK6+ER6+EY6+FF6+FM6+FT6+GA6+GH6+GO6+GV6+HC6+HJ6+HQ6 -> 0 | H6: =+P6+W6+AD6+AK6+AR6+AY6+BF6+BM6+BT6+CA6+CH6+CO6+CV6+DC6+DJ6+DQ6+DX6+EE6+EL6+ES6+EZ6+FG6+FN6+FU6+GB6+GI6+GP6+GW6+HD6+HK6+HR6 -> 0 | I6: =+Q6+X6+AE6+AL6+AS6+AZ6+BG6+BN6+BU6+CB6+CI6+CP6+CW6+DD6+DK6+DR6+DY6+EF6+EM6+ET6+FA6+FH6+FO6+FV6+GC6+GJ6+GQ6+GX6+HE6+HL6+HS6 -> 0 | J6: =+R6+Y6+AF6+AM6+AT6+BA6+BH6+BO6+BV6+CC6+CJ6+CQ6+CX6+DE6+DL6+DS6+DZ6+EG6+EN6+EU6+FB6+FI6+FP6+FW6+GD6+GK6+GR6+GY6+HF6+HM6+HT6 -> 0 | K6: =+S6+Z6+AG6+AN6+AU6+BB6+BI6+BP6+BW6+CD6+CK6+CR6+CY6+DF6+DM6+DT6+EA6+EH6+EO6+EV6+FC6+FJ6+FQ6+FX6+GE6+GL6+GS6+GZ6+HG6+HN6+HU6 -> 0 | L6: =+T6+AA6+AH6+AO6+AV6+BC6+BJ6+BQ6+BX6+CE6+CL6+CS6+CZ6+DG6+DN6+DU6+EB6+EI6+EP6+EW6+FD6+FK6+FR6+FY6+GF6+GM6+GT6+HA6+HH6+HO6+HV6 -> 0 | M6: =SUM(G6:L6) -> 0 | N6: =+G6+H6+I6+J6+K6 -> 0 | O6: =IFERROR(VLOOKUP(B6,'1ไม่มียอด'!B:D,3,0),"0") -> 0 | P6: =IFERROR(VLOOKUP(B6,'1ไม่มียอด'!B:E,4,0),"0") -> 0 | Q6: =IFERROR(VLOOKUP(B6,'1ไม่มียอด'!B:F,5,0),"0") -> 0 | R6: =IFERROR(VLOOKUP(B6,'1ไม่มียอด'!B:G,6,0),"0") -> 0 | S6: =IFERROR(VLOOKUP(B6,'1ไม่มียอด'!B:J,9,0),"0") -> 0 | T6: =IFERROR(VLOOKUP(B6,'1ไม่มียอด'!B:K,10,0),"0") -> 0 | U6: =SUM(O6:R6) -> 0 | V6: =IFERROR(VLOOKUP(B6,#REF!,3,0),"0") -> 0 | W6: =IFERROR(VLOOKUP(B6,#REF!,4,0),"0") -> 0 | X6: =IFERROR(VLOOKUP(B6,#REF!,5,0),"0") -> 0 | Y6: =IFERROR(VLOOKUP(B6,#REF!,9,0),"0") -> 0 | Z6: =IFERROR(VLOOKUP(B6,#REF!,10,0),"0") -> 0 | AA6: =IFERROR(VLOOKUP(B6,#REF!,11,0),"0") -> 0 | AB6: =SUM(V6:Y6) -> 0 | AC6: =IFERROR(VLOOKUP(B6,'3'!B:D,3,0),"0") -> 0 | AD6: =IFERROR(VLOOKUP(B6,'3'!B:E,4,0),"0") -> 0 | AE6: =IFERROR(VLOOKUP(B6,'3'!B:F,5,0),"0") -> 0 | AF6: =IFERROR(VLOOKUP(B6,'3'!B:J,9,0),"0") -> 0 | AG6: =IFERROR(VLOOKUP(B6,'3'!B:K,10,0),"0") -> 0 | AH6: =IFERROR(VLOOKUP(B6,'3'!B:L,11,0),"0") -> 0 | AI6: =SUM(AC6:AH6) -> 0 | AJ6: =IFERROR(VLOOKUP(B6,'4'!B:D,3,0),"0") -> 0 | AK6: =IFERROR(VLOOKUP(B6,'4'!B:E,4,0),"0") -> 0 | AL6: =IFERROR(VLOOKUP(B6,'4'!B:F,5,0),"0") -> 0 | AM6: =IFERROR(VLOOKUP(B6,'4'!B:J,9,0),"0") -> 0 | AN6: =IFERROR(VLOOKUP(B6,'4'!B:K,10,0),"0") -> 0 | AO6: =IFERROR(VLOOKUP(B6,'4'!B:L,11,0),"0") -> 0 | AP6: =SUM(AJ6:AO6) -> 0 | AQ6: =IFERROR(VLOOKUP(B6,'5'!B:D,3,0),"0") -> 0 | AR6: =IFERROR(VLOOKUP(B6,'5'!B:E,4,0),"0") -> 0 | AS6: =IFERROR(VLOOKUP(B6,'5'!B:F,5,0),"0") -> 0 | AT6: =IFERROR(VLOOKUP(B6,'5'!B:J,9,0),"0") -> 0 | AU6: =IFERROR(VLOOKUP(B6,'5'!B:K,10,0),"0") -> 0 | AV6: =IFERROR(VLOOKUP(B6,'5'!B:L,11,0),"0") -> 0 | AW6: =SUM(AQ6:AT6) -> 0 | AX6: =IFERROR(VLOOKUP(B6,'6'!B:D,3,0),"0") -> 0 | AY6: =IFERROR(VLOOKUP(B6,'6'!B:E,4,0),"0") -> 0 | AZ6: =IFERROR(VLOOKUP(B6,'6'!B:F,5,0),"0") -> 0 | BA6: =IFERROR(VLOOKUP(B6,'6'!B:J,9,0),"0") -> 0 | BB6: =IFERROR(VLOOKUP(B6,'6'!B:K,10,0),"0") -> 0 | BC6: =IFERROR(VLOOKUP(B6,'6'!B:L,11,0),"0") -> 0 | BD6: =SUM(AX6:BC6) -> 0 | BE6: =IFERROR(VLOOKUP(B6,'7'!B:D,3,0),"0") -> 0 | BF6: =IFERROR(VLOOKUP(B6,'7'!B:E,4,0),"0") -> 0 | BG6: =IFERROR(VLOOKUP(B6,'7'!B:F,5,0),"0") -> 0 | BH6: =IFERROR(VLOOKUP(B6,'7'!B:J,9,0),"0") -> 0 | BI6: =IFERROR(VLOOKUP(B6,'7'!B:K,10,0),"0") -> 0 | BJ6: =IFERROR(VLOOKUP(B6,'7'!B:L,11,0),"0") -> 0 | BK6: =SUM(BE6:BH6) -> 0 | BL6: =IFERROR(VLOOKUP(B6,'8'!B:D,3,0),"0") -> 0 | BM6: =IFERROR(VLOOKUP(B6,'8'!B:E,4,0),"0") -> 0 | BN6: =IFERROR(VLOOKUP(B6,'8'!B:F,5,0),"0") -> 0 | BO6: =IFERROR(VLOOKUP(B6,'8'!B:J,9,0),"0") -> 0 | BP6: =IFERROR(VLOOKUP(B6,'8'!B:K,10,0),"0") -> 0 | BQ6: =IFERROR(VLOOKUP(B6,'8'!B:L,11,0),"0") -> 0 | BR6: =SUM(BL6:BQ6) -> 0 | BS6: =IFERROR(VLOOKUP(B6,'9'!B:D,3,0),"0") -> 0 | BT6: =IFERROR(VLOOKUP(B6,'9'!B:E,4,0),"0") -> 0 | BU6: =IFERROR(VLOOKUP(B6,'9'!B:F,5,0),"0") -> 0 | BV6: =IFERROR(VLOOKUP(B6,'9'!B:J,9,0),"0") -> 0 | BW6: =IFERROR(VLOOKUP(B6,'9'!B:K,10,0),"0") -> 0 | BX6: =IFERROR(VLOOKUP(B6,'9'!B:L,11,0),"0") -> 0 | BY6: =SUM(BS6:BX6) -> 0 | BZ6: =IFERROR(VLOOKUP(B6,'10'!B:D,3,0),"0") -> 0 | CA6: =IFERROR(VLOOKUP(B6,'10'!B:E,4,0),"0") -> 0 | CB6: =VLOOKUP(B6,'10'!B:F,5,0) -> 0 | CC6: =IFERROR(VLOOKUP(B6,'10'!B:J,9,0),"0") -> 0 | CD6: =IFERROR(VLOOKUP(B6,'10'!B:K,10,0),"0") -> 0 | CE6: =IFERROR(VLOOKUP(B6,'10'!B:L,11,0),"0") -> 0 | CF6: =SUM(BZ6:CC6) -> 0 | CG6: =IFERROR(VLOOKUP(B6,'11'!B:D,3,0),"0") -> 0 | CH6: =IFERROR(VLOOKUP(B6,'11'!B:E,4,0),"0") -> 0 | CI6: =IFERROR(VLOOKUP(B6,'11'!B:F,5,0),"0") -> 0 | CJ6: =IFERROR(VLOOKUP(B6,'11'!B:J,9,0),"0") -> 0 | CK6: =IFERROR(VLOOKUP(B6,'11'!B:K,10,0),"0") -> 0 | CL6: =IFERROR(VLOOKUP(B6,'11'!B:L,11,0),"0") -> 0 | CM6: =SUM(CG6:CJ6) -> 0 | CN6: =IFERROR(VLOOKUP(B6,'12'!B:D,3,0),"0") -> 0 | CO6: =IFERROR(VLOOKUP(B6,'12'!B:E,4,0),"0") -> 0 | CP6: =IFERROR(VLOOKUP(B6,'12'!B:F,5,0),"0") -> 0 | CQ6: =IFERROR(VLOOKUP(B6,'12'!B:J,9,0),"0") -> 0 | CR6: =IFERROR(VLOOKUP(B6,'12'!B:K,10,0),"0") -> 0 | CS6: =IFERROR(VLOOKUP(B6,'12'!B:L,11,0),"0") -> 0 | CT6: =SUM(CN6:CQ6) -> 0 | CU6: =IFERROR(VLOOKUP(B6,'13'!B:D,3,0),"0") -> 0 | CV6: =IFERROR(VLOOKUP(B6,'13'!B:E,4,0),"0") -> 0 | CW6: =IFERROR(VLOOKUP(B6,'13'!B:F,5,0),"0") -> 0 | CX6: =IFERROR(VLOOKUP(B6,'13'!B:J,9,0),"0") -> 0 | CY6: =IFERROR(VLOOKUP(B6,'13'!B:K,10,0),"0") -> 0 | CZ6: =IFERROR(VLOOKUP(B6,'13'!B:L,11,0),"0") -> 0 | DA6: =SUM(CU6:CX6) -> 0 | DB6: =IFERROR(VLOOKUP(B6,'14'!B:D,3,0),"0") -> 0 | DC6: =IFERROR(VLOOKUP(B6,'14'!B:E,4,0),"0") -> 0 | DD6: =IFERROR(VLOOKUP(B6,'14'!B:F,5,0),"0") -> 0 | DE6: =IFERROR(VLOOKUP(B6,'14'!B:J,9,0),"0") -> 0 | DF6: =IFERROR(VLOOKUP(B6,'14'!B:K,10,0),"0") -> 0 | DG6: =IFERROR(VLOOKUP(B6,'14'!B:L,11,0),"0") -> 0 | DH6: =SUM(DB6:DE6) -> 0 | DI6: =IFERROR(VLOOKUP(B6,'15'!B:D,3,0),"0") -> 0 | DJ6: =IFERROR(VLOOKUP(B6,'15'!B:E,4,0),"0") -> 0 | DK6: =IFERROR(VLOOKUP(B6,'15'!B:F,5,0),"0") -> 0 | DL6: =IFERROR(VLOOKUP(B6,'15'!B:J,9,0),"0") -> 0 | DM6: =IFERROR(VLOOKUP(B6,'15'!B:K,10,0),"0") -> 0 | DN6: =IFERROR(VLOOKUP(B6,'15'!B:L,11,0),"0") -> 0 | DO6: =SUM(DI6:DL6) -> 0 | DP6: =IFERROR(VLOOKUP(B6,'16'!B:D,3,0),"0") -> 0 | DQ6: =IFERROR(VLOOKUP(B6,'16'!B:E,4,0),"0") -> 0 | DR6: =IFERROR(VLOOKUP(B6,'16'!B:F,5,0),"0") -> 0 | DS6: =IFERROR(VLOOKUP(B6,'16'!B:J,9,0),"0") -> 0 | DT6: =IFERROR(VLOOKUP(B6,'16'!B:K,10,0),"0") -> 0 | DU6: =IFERROR(VLOOKUP(B6,'16'!B:L,11,0),"0") -> 0 | DV6: =SUM(DP6:DS6) -> 0 | DW6: =IFERROR(VLOOKUP(B6,'17'!B:D,3,0),"0") -> 0 | DX6: =IFERROR(VLOOKUP(B6,'17'!B:E,4,0),"0") -> 0 | DY6: =IFERROR(VLOOKUP(B6,'17'!B:F,5,0),"0") -> 0 | DZ6: =IFERROR(VLOOKUP(B6,'17'!B:J,9,0),"0") -> 0 | EA6: =IFERROR(VLOOKUP(B6,'17'!B:K,10,0),"0") -> 0 | EB6: =IFERROR(VLOOKUP(B6,'17'!B:L,11,0),"0") -> 0 | EC6: =SUM(DW6:DZ6) -> 0 | ED6: =IFERROR(VLOOKUP(B6,'18'!B:D,3,0),"0") -> 0 | EE6: =IFERROR(VLOOKUP(B6,'18'!B:E,4,0),"0") -> 0 | EF6: =IFERROR(VLOOKUP(B6,'18'!B:F,5,0),"0") -> 0 | EG6: =IFERROR(VLOOKUP(B6,'18'!B:J,9,0),"0") -> 0 | EH6: =IFERROR(VLOOKUP(B6,'18'!B:K,10,0),"0") -> 0 | EI6: =IFERROR(VLOOKUP(B6,'18'!B:L,11,0),"0") -> 0 | EJ6: =SUM(ED6:EI6) -> 0 | EK6: =IFERROR(VLOOKUP(B6,'19'!B:D,3,0),"0") -> 0 | EL6: =IFERROR(VLOOKUP(B6,'19'!B:E,4,0),"0") -> 0 | EM6: =IFERROR(VLOOKUP(B6,'19'!B:F,5,0),"0") -> 0 | EN6: =IFERROR(VLOOKUP(B6,'19'!B:J,9,0),"0") -> 0 | EO6: =IFERROR(VLOOKUP(B6,'19'!B:K,10,0),"0") -> 0 | EP6: =IFERROR(VLOOKUP(B6,'19'!B:L,11,0),"0") -> 0 | EQ6: =SUM(EK6:EP6) -> 0 | ER6: =IFERROR(VLOOKUP(B6,'20'!B:D,3,0),"0") -> 0 | ES6: =IFERROR(VLOOKUP(B6,'20'!B:E,4,0),"0") -> 0 | ET6: =IFERROR(VLOOKUP(B6,'20'!B:F,5,0),"0") -> 0 | EU6: =IFERROR(VLOOKUP(B6,'20'!B:J,9,0),"0") -> 0 | EV6: =IFERROR(VLOOKUP(B6,'20'!B:K,10,0),"0") -> 0 | EW6: =IFERROR(VLOOKUP(B6,'20'!B:L,11,0),"0") -> 0 | EX6: =SUM(ER6:EW6) -> 0 | EY6: =IFERROR(VLOOKUP(B6,'21'!B:D,3,0),"0") -> 0 | EZ6: =IFERROR(VLOOKUP(B6,'21'!B:E,4,0),"0") -> 0 | FA6: =IFERROR(VLOOKUP(B6,'21'!B:F,5,0),"0") -> 0 | FB6: =IFERROR(VLOOKUP(B6,'21'!B:J,9,0),"0") -> 0 | FC6: =IFERROR(VLOOKUP(B6,'21'!B:K,10,0),"0") -> 0 | FD6: =IFERROR(VLOOKUP(B6,'21'!B:L,11,0),"0") -> 0 | FE6: =SUM(EY6:FD6) -> 0 | FF6: =IFERROR(VLOOKUP(B6,'22'!B:D,3,0),"0") -> 0 | FG6: =IFERROR(VLOOKUP(B6,'22'!B:E,4,0),"0") -> 0 | FH6: =IFERROR(VLOOKUP(B6,'22'!B:F,5,0),"0") -> 0 | FI6: =IFERROR(VLOOKUP(B6,'22'!B:J,9,0),"0") -> 0 | FJ6: =IFERROR(VLOOKUP(B6,'22'!B:K,10,0),"0") -> 0 | FK6: =IFERROR(VLOOKUP(B6,'22'!B:L,11,0),"0") -> 0 | FL6: =SUM(FF6:FK6) -> 0 | FM6: =IFERROR(VLOOKUP(B6,'23'!B:D,3,0),"0") -> 0 | FN6: =IFERROR(VLOOKUP(B6,'23'!B:E,4,0),"0") -> 0 | FO6: =IFERROR(VLOOKUP(B6,'23'!B:F,5,0),"0") -> 0 | FP6: =IFERROR(VLOOKUP(B6,'23'!B:J,9,0),"0") -> 0 | FQ6: =IFERROR(VLOOKUP(B6,'23'!B:K,10,0),"0") -> 0 | FR6: =IFERROR(VLOOKUP(B6,'23'!B:L,11,0),"0") -> 0 | FS6: =SUM(FM6:FR6) -> 0 | FT6: =IFERROR(VLOOKUP(B6,'24'!B:D,3,0),"0") -> 0 | FU6: =IFERROR(VLOOKUP(B6,'24'!B:E,4,0),"0") -> 0 | FV6: =IFERROR(VLOOKUP(B6,'24'!B:F,5,0),"0") -> 0 | FW6: =IFERROR(VLOOKUP(B6,'24'!B:J,9,0),"0") -> 0 | FX6: =IFERROR(VLOOKUP(B6,'24'!B:K,10,0),"0") -> 0 | FY6: =IFERROR(VLOOKUP(B6,'24'!B:L,11,0),"0") -> 0 | FZ6: =SUM(FT6:FY6) -> 0 | GA6: =IFERROR(VLOOKUP(B6,'25'!B:D,3,0),"0") -> 0 | GB6: =IFERROR(VLOOKUP(B6,'25'!B:E,4,0),"0") -> 0 | GC6: =IFERROR(VLOOKUP(B6,'25'!B:F,5,0),"0") -> 0 | GD6: =IFERROR(VLOOKUP(B6,'25'!B:J,9,0),"0") -> 0 | GE6: =IFERROR(VLOOKUP(B6,'25'!B:K,10,0),"0") -> 0 | GF6: =IFERROR(VLOOKUP(B6,'25'!B:L,11,0),"0") -> 0 | GG6: =SUM(GA6:GD6) -> 0 | GH6: =IFERROR(VLOOKUP(B6,'26'!B:D,3,0),"0") -> 0 | GI6: =IFERROR(VLOOKUP(B6,'26'!B:E,4,0),"0") -> 0 | GJ6: =IFERROR(VLOOKUP(B6,'26'!B:F,5,0),"0") -> 0 | GK6: =IFERROR(VLOOKUP(B6,'26'!B:J,9,0),"0") -> 0 | GL6: =IFERROR(VLOOKUP(B6,'26'!B:K,10,0),"0") -> 0 | GM6: =IFERROR(VLOOKUP(B6,'26'!B:L,11,0),"0") -> 0 | GN6: =SUM(GH6:GK6) -> 0 | GO6: =IFERROR(VLOOKUP(B6,'27'!B:D,3,0),"0") -> 0 | GP6: =IFERROR(VLOOKUP(B6,'27'!B:E,4,0),"0") -> 0 | GQ6: =IFERROR(VLOOKUP(B6,'27'!B:F,5,0),"0") -> 0 | GR6: =IFERROR(VLOOKUP(B6,'27'!B:J,9,0),"0") -> 0 | GS6: =IFERROR(VLOOKUP(B6,'27'!B:K,10,0),"0") -> 0 | GT6: =IFERROR(VLOOKUP(B6,'27'!B:L,11,0),"0") -> 0 | GU6: =SUM(GO6:GT6) -> 0 | GV6: =IFERROR(VLOOKUP(B6,'28'!B:D,3,0),"0") -> 0 | GW6: =IFERROR(VLOOKUP(B6,'28'!B:E,4,0),"0") -> 0 | GX6: =IFERROR(VLOOKUP(B6,'28'!B:F,5,0),"0") -> 0 | GY6: =IFERROR(VLOOKUP(B6,'28'!B:J,9,0),"0") -> 0 | GZ6: =IFERROR(VLOOKUP(B6,'28'!B:K,10,0),"0") -> 0 | HA6: =IFERROR(VLOOKUP(B6,'28'!B:L,11,0),"0") -> 0 | HB6: =SUM(GV6:HA6) -> 0 | HC6: =IFERROR(VLOOKUP(B6,#REF!,3),"0") -> 0 | HD6: =IFERROR(VLOOKUP(B6,#REF!,4,0),"0") -> 0 | HE6: =IFERROR(VLOOKUP(B6,#REF!,5,0),"0") -> 0 | HF6: =IFERROR(VLOOKUP(B6,#REF!,9,0),"0") -> 0 | HG6: =IFERROR(VLOOKUP(B6,#REF!,10,0),"0") -> 0 | HH6: =IFERROR(VLOOKUP(B6,#REF!,11,0),"0") -> 0 | HI6: =SUM(HC6:HF6) -> 0 | HP6: =SUM(HJ6:HM6) -> 0 | HW6: =SUM(HQ6:HT6) -> 0
A7: 4 | B7: 1111086 | C7: ชิฟฟอน 8 ชิ้น มะพร้าวล้วน | D7: กล่อง | E7: 38.11 | F7: =+M7*E7 -> 0 | G7: =+O7+V7+AC7+AJ7+AQ7+AX7+BE7+BL7+BS7+BZ7+CG7+CN7+CU7+DB7+DI7+DP7+DW7+ED7+EK7+ER7+EY7+FF7+FM7+FT7+GA7+GH7+GO7+GV7+HC7+HJ7+HQ7 -> 0 | H7: =+P7+W7+AD7+AK7+AR7+AY7+BF7+BM7+BT7+CA7+CH7+CO7+CV7+DC7+DJ7+DQ7+DX7+EE7+EL7+ES7+EZ7+FG7+FN7+FU7+GB7+GI7+GP7+GW7+HD7+HK7+HR7 -> 0 | I7: =+Q7+X7+AE7+AL7+AS7+AZ7+BG7+BN7+BU7+CB7+CI7+CP7+CW7+DD7+DK7+DR7+DY7+EF7+EM7+ET7+FA7+FH7+FO7+FV7+GC7+GJ7+GQ7+GX7+HE7+HL7+HS7 -> 0 | J7: =+R7+Y7+AF7+AM7+AT7+BA7+BH7+BO7+BV7+CC7+CJ7+CQ7+CX7+DE7+DL7+DS7+DZ7+EG7+EN7+EU7+FB7+FI7+FP7+FW7+GD7+GK7+GR7+GY7+HF7+HM7+HT7 -> 0 | K7: =+S7+Z7+AG7+AN7+AU7+BB7+BI7+BP7+BW7+CD7+CK7+CR7+CY7+DF7+DM7+DT7+EA7+EH7+EO7+EV7+FC7+FJ7+FQ7+FX7+GE7+GL7+GS7+GZ7+HG7+HN7+HU7 -> 0 | L7: =+T7+AA7+AH7+AO7+AV7+BC7+BJ7+BQ7+BX7+CE7+CL7+CS7+CZ7+DG7+DN7+DU7+EB7+EI7+EP7+EW7+FD7+FK7+FR7+FY7+GF7+GM7+GT7+HA7+HH7+HO7+HV7 -> 0 | M7: =SUM(G7:L7) -> 0 | N7: =+G7+H7+I7+J7+K7 -> 0 | O7: =IFERROR(VLOOKUP(B7,'1ไม่มียอด'!B:D,3,0),"0") -> 0 | P7: =IFERROR(VLOOKUP(B7,'1ไม่มียอด'!B:E,4,0),"0") -> 0 | Q7: =IFERROR(VLOOKUP(B7,'1ไม่มียอด'!B:F,5,0),"0") -> 0 | R7: =IFERROR(VLOOKUP(B7,'1ไม่มียอด'!B:G,6,0),"0") -> 0 | S7: =IFERROR(VLOOKUP(B7,'1ไม่มียอด'!B:J,9,0),"0") -> 0 | T7: =IFERROR(VLOOKUP(B7,'1ไม่มียอด'!B:K,10,0),"0") -> 0 | U7: =SUM(O7:R7) -> 0 | V7: =IFERROR(VLOOKUP(B7,#REF!,3,0),"0") -> 0 | W7: =IFERROR(VLOOKUP(B7,#REF!,4,0),"0") -> 0 | X7: =IFERROR(VLOOKUP(B7,#REF!,5,0),"0") -> 0 | Y7: =IFERROR(VLOOKUP(B7,#REF!,9,0),"0") -> 0 | Z7: =IFERROR(VLOOKUP(B7,#REF!,10,0),"0") -> 0 | AA7: =IFERROR(VLOOKUP(B7,#REF!,11,0),"0") -> 0 | AB7: =SUM(V7:Y7) -> 0 | AC7: =IFERROR(VLOOKUP(B7,'3'!B:D,3,0),"0") -> 0 | AD7: =IFERROR(VLOOKUP(B7,'3'!B:E,4,0),"0") -> 0 | AE7: =IFERROR(VLOOKUP(B7,'3'!B:F,5,0),"0") -> 0 | AF7: =IFERROR(VLOOKUP(B7,'3'!B:J,9,0),"0") -> 0 | AG7: =IFERROR(VLOOKUP(B7,'3'!B:K,10,0),"0") -> 0 | AH7: =IFERROR(VLOOKUP(B7,'3'!B:L,11,0),"0") -> 0 | AI7: =SUM(AC7:AH7) -> 0 | AJ7: =IFERROR(VLOOKUP(B7,'4'!B:D,3,0),"0") -> 0 | AK7: =IFERROR(VLOOKUP(B7,'4'!B:E,4,0),"0") -> 0 | AL7: =IFERROR(VLOOKUP(B7,'4'!B:F,5,0),"0") -> 0 | AM7: =IFERROR(VLOOKUP(B7,'4'!B:J,9,0),"0") -> 0 | AN7: =IFERROR(VLOOKUP(B7,'4'!B:K,10,0),"0") -> 0 | AO7: =IFERROR(VLOOKUP(B7,'4'!B:L,11,0),"0") -> 0 | AP7: =SUM(AJ7:AO7) -> 0 | AQ7: =IFERROR(VLOOKUP(B7,'5'!B:D,3,0),"0") -> 0 | AR7: =IFERROR(VLOOKUP(B7,'5'!B:E,4,0),"0") -> 0 | AS7: =IFERROR(VLOOKUP(B7,'5'!B:F,5,0),"0") -> 0 | AT7: =IFERROR(VLOOKUP(B7,'5'!B:J,9,0),"0") -> 0 | AU7: =IFERROR(VLOOKUP(B7,'5'!B:K,10,0),"0") -> 0 | AV7: =IFERROR(VLOOKUP(B7,'5'!B:L,11,0),"0") -> 0 | AW7: =SUM(AQ7:AT7) -> 0 | AX7: =IFERROR(VLOOKUP(B7,'6'!B:D,3,0),"0") -> 0 | AY7: =IFERROR(VLOOKUP(B7,'6'!B:E,4,0),"0") -> 0 | AZ7: =IFERROR(VLOOKUP(B7,'6'!B:F,5,0),"0") -> 0 | BA7: =IFERROR(VLOOKUP(B7,'6'!B:J,9,0),"0") -> 0 | BB7: =IFERROR(VLOOKUP(B7,'6'!B:K,10,0),"0") -> 0 | BC7: =IFERROR(VLOOKUP(B7,'6'!B:L,11,0),"0") -> 0 | BD7: =SUM(AX7:BC7) -> 0 | BE7: =IFERROR(VLOOKUP(B7,'7'!B:D,3,0),"0") -> 0 | BF7: =IFERROR(VLOOKUP(B7,'7'!B:E,4,0),"0") -> 0 | BG7: =IFERROR(VLOOKUP(B7,'7'!B:F,5,0),"0") -> 0 | BH7: =IFERROR(VLOOKUP(B7,'7'!B:J,9,0),"0") -> 0 | BI7: =IFERROR(VLOOKUP(B7,'7'!B:K,10,0),"0") -> 0 | BJ7: =IFERROR(VLOOKUP(B7,'7'!B:L,11,0),"0") -> 0 | BK7: =SUM(BE7:BH7) -> 0 | BL7: =IFERROR(VLOOKUP(B7,'8'!B:D,3,0),"0") -> 0 | BM7: =IFERROR(VLOOKUP(B7,'8'!B:E,4,0),"0") -> 0 | BN7: =IFERROR(VLOOKUP(B7,'8'!B:F,5,0),"0") -> 0 | BO7: =IFERROR(VLOOKUP(B7,'8'!B:J,9,0),"0") -> 0 | BP7: =IFERROR(VLOOKUP(B7,'8'!B:K,10,0),"0") -> 0 | BQ7: =IFERROR(VLOOKUP(B7,'8'!B:L,11,0),"0") -> 0 | BR7: =SUM(BL7:BQ7) -> 0 | BS7: =IFERROR(VLOOKUP(B7,'9'!B:D,3,0),"0") -> 0 | BT7: =IFERROR(VLOOKUP(B7,'9'!B:E,4,0),"0") -> 0 | BU7: =IFERROR(VLOOKUP(B7,'9'!B:F,5,0),"0") -> 0 | BV7: =IFERROR(VLOOKUP(B7,'9'!B:J,9,0),"0") -> 0 | BW7: =IFERROR(VLOOKUP(B7,'9'!B:K,10,0),"0") -> 0 | BX7: =IFERROR(VLOOKUP(B7,'9'!B:L,11,0),"0") -> 0 | BY7: =SUM(BS7:BX7) -> 0 | BZ7: =IFERROR(VLOOKUP(B7,'10'!B:D,3,0),"0") -> 0 | CA7: =IFERROR(VLOOKUP(B7,'10'!B:E,4,0),"0") -> 0 | CB7: =VLOOKUP(B7,'10'!B:F,5,0) -> 0 | CC7: =IFERROR(VLOOKUP(B7,'10'!B:J,9,0),"0") -> 0 | CD7: =IFERROR(VLOOKUP(B7,'10'!B:K,10,0),"0") -> 0 | CE7: =IFERROR(VLOOKUP(B7,'10'!B:L,11,0),"0") -> 0 | CF7: =SUM(BZ7:CC7) -> 0 | CG7: =IFERROR(VLOOKUP(B7,'11'!B:D,3,0),"0") -> 0 | CH7: =IFERROR(VLOOKUP(B7,'11'!B:E,4,0),"0") -> 0 | CI7: =IFERROR(VLOOKUP(B7,'11'!B:F,5,0),"0") -> 0 | CJ7: =IFERROR(VLOOKUP(B7,'11'!B:J,9,0),"0") -> 0 | CK7: =IFERROR(VLOOKUP(B7,'11'!B:K,10,0),"0") -> 0 | CL7: =IFERROR(VLOOKUP(B7,'11'!B:L,11,0),"0") -> 0 | CM7: =SUM(CG7:CJ7) -> 0 | CN7: =IFERROR(VLOOKUP(B7,'12'!B:D,3,0),"0") -> 0 | CO7: =IFERROR(VLOOKUP(B7,'12'!B:E,4,0),"0") -> 0 | CP7: =IFERROR(VLOOKUP(B7,'12'!B:F,5,0),"0") -> 0 | CQ7: =IFERROR(VLOOKUP(B7,'12'!B:J,9,0),"0") -> 0 | CR7: =IFERROR(VLOOKUP(B7,'12'!B:K,10,0),"0") -> 0 | CS7: =IFERROR(VLOOKUP(B7,'12'!B:L,11,0),"0") -> 0 | CT7: =SUM(CN7:CQ7) -> 0 | CU7: =IFERROR(VLOOKUP(B7,'13'!B:D,3,0),"0") -> 0 | CV7: =IFERROR(VLOOKUP(B7,'13'!B:E,4,0),"0") -> 0 | CW7: =IFERROR(VLOOKUP(B7,'13'!B:F,5,0),"0") -> 0 | CX7: =IFERROR(VLOOKUP(B7,'13'!B:J,9,0),"0") -> 0 | CY7: =IFERROR(VLOOKUP(B7,'13'!B:K,10,0),"0") -> 0 | CZ7: =IFERROR(VLOOKUP(B7,'13'!B:L,11,0),"0") -> 0 | DA7: =SUM(CU7:CX7) -> 0 | DB7: =IFERROR(VLOOKUP(B7,'14'!B:D,3,0),"0") -> 0 | DC7: =IFERROR(VLOOKUP(B7,'14'!B:E,4,0),"0") -> 0 | DD7: =IFERROR(VLOOKUP(B7,'14'!B:F,5,0),"0") -> 0 | DE7: =IFERROR(VLOOKUP(B7,'14'!B:J,9,0),"0") -> 0 | DF7: =IFERROR(VLOOKUP(B7,'14'!B:K,10,0),"0") -> 0 | DG7: =IFERROR(VLOOKUP(B7,'14'!B:L,11,0),"0") -> 0 | DH7: =SUM(DB7:DE7) -> 0 | DI7: =IFERROR(VLOOKUP(B7,'15'!B:D,3,0),"0") -> 0 | DJ7: =IFERROR(VLOOKUP(B7,'15'!B:E,4,0),"0") -> 0 | DK7: =IFERROR(VLOOKUP(B7,'15'!B:F,5,0),"0") -> 0 | DL7: =IFERROR(VLOOKUP(B7,'15'!B:J,9,0),"0") -> 0 | DM7: =IFERROR(VLOOKUP(B7,'15'!B:K,10,0),"0") -> 0 | DN7: =IFERROR(VLOOKUP(B7,'15'!B:L,11,0),"0") -> 0 | DO7: =SUM(DI7:DL7) -> 0 | DP7: =IFERROR(VLOOKUP(B7,'16'!B:D,3,0),"0") -> 0 | DQ7: =IFERROR(VLOOKUP(B7,'16'!B:E,4,0),"0") -> 0 | DR7: =IFERROR(VLOOKUP(B7,'16'!B:F,5,0),"0") -> 0 | DS7: =IFERROR(VLOOKUP(B7,'16'!B:J,9,0),"0") -> 0 | DT7: =IFERROR(VLOOKUP(B7,'16'!B:K,10,0),"0") -> 0 | DU7: =IFERROR(VLOOKUP(B7,'16'!B:L,11,0),"0") -> 0 | DV7: =SUM(DP7:DS7) -> 0 | DW7: =IFERROR(VLOOKUP(B7,'17'!B:D,3,0),"0") -> 0 | DX7: =IFERROR(VLOOKUP(B7,'17'!B:E,4,0),"0") -> 0 | DY7: =IFERROR(VLOOKUP(B7,'17'!B:F,5,0),"0") -> 0 | DZ7: =IFERROR(VLOOKUP(B7,'17'!B:J,9,0),"0") -> 0 | EA7: =IFERROR(VLOOKUP(B7,'17'!B:K,10,0),"0") -> 0 | EB7: =IFERROR(VLOOKUP(B7,'17'!B:L,11,0),"0") -> 0 | EC7: =SUM(DW7:DZ7) -> 0 | ED7: =IFERROR(VLOOKUP(B7,'18'!B:D,3,0),"0") -> 0 | EE7: =IFERROR(VLOOKUP(B7,'18'!B:E,4,0),"0") -> 0 | EF7: =IFERROR(VLOOKUP(B7,'18'!B:F,5,0),"0") -> 0 | EG7: =IFERROR(VLOOKUP(B7,'18'!B:J,9,0),"0") -> 0 | EH7: =IFERROR(VLOOKUP(B7,'18'!B:K,10,0),"0") -> 0 | EI7: =IFERROR(VLOOKUP(B7,'18'!B:L,11,0),"0") -> 0 | EJ7: =SUM(ED7:EI7) -> 0 | EK7: =IFERROR(VLOOKUP(B7,'19'!B:D,3,0),"0") -> 0 | EL7: =IFERROR(VLOOKUP(B7,'19'!B:E,4,0),"0") -> 0 | EM7: =IFERROR(VLOOKUP(B7,'19'!B:F,5,0),"0") -> 0 | EN7: =IFERROR(VLOOKUP(B7,'19'!B:J,9,0),"0") -> 0 | EO7: =IFERROR(VLOOKUP(B7,'19'!B:K,10,0),"0") -> 0 | EP7: =IFERROR(VLOOKUP(B7,'19'!B:L,11,0),"0") -> 0 | EQ7: =SUM(EK7:EP7) -> 0 | ER7: =IFERROR(VLOOKUP(B7,'20'!B:D,3,0),"0") -> 0 | ES7: =IFERROR(VLOOKUP(B7,'20'!B:E,4,0),"0") -> 0 | ET7: =IFERROR(VLOOKUP(B7,'20'!B:F,5,0),"0") -> 0 | EU7: =IFERROR(VLOOKUP(B7,'20'!B:J,9,0),"0") -> 0 | EV7: =IFERROR(VLOOKUP(B7,'20'!B:K,10,0),"0") -> 0 | EW7: =IFERROR(VLOOKUP(B7,'20'!B:L,11,0),"0") -> 0 | EX7: =SUM(ER7:EW7) -> 0 | EY7: =IFERROR(VLOOKUP(B7,'21'!B:D,3,0),"0") -> 0 | EZ7: =IFERROR(VLOOKUP(B7,'21'!B:E,4,0),"0") -> 0 | FA7: =IFERROR(VLOOKUP(B7,'21'!B:F,5,0),"0") -> 0 | FB7: =IFERROR(VLOOKUP(B7,'21'!B:J,9,0),"0") -> 0 | FC7: =IFERROR(VLOOKUP(B7,'21'!B:K,10,0),"0") -> 0 | FD7: =IFERROR(VLOOKUP(B7,'21'!B:L,11,0),"0") -> 0 | FE7: =SUM(EY7:FD7) -> 0 | FF7: =IFERROR(VLOOKUP(B7,'22'!B:D,3,0),"0") -> 0 | FG7: =IFERROR(VLOOKUP(B7,'22'!B:E,4,0),"0") -> 0 | FH7: =IFERROR(VLOOKUP(B7,'22'!B:F,5,0),"0") -> 0 | FI7: =IFERROR(VLOOKUP(B7,'22'!B:J,9,0),"0") -> 0 | FJ7: =IFERROR(VLOOKUP(B7,'22'!B:K,10,0),"0") -> 0 | FK7: =IFERROR(VLOOKUP(B7,'22'!B:L,11,0),"0") -> 0 | FL7: =SUM(FF7:FK7) -> 0 | FM7: =IFERROR(VLOOKUP(B7,'23'!B:D,3,0),"0") -> 0 | FN7: =IFERROR(VLOOKUP(B7,'23'!B:E,4,0),"0") -> 0 | FO7: =IFERROR(VLOOKUP(B7,'23'!B:F,5,0),"0") -> 0 | FP7: =IFERROR(VLOOKUP(B7,'23'!B:J,9,0),"0") -> 0 | FQ7: =IFERROR(VLOOKUP(B7,'23'!B:K,10,0),"0") -> 0 | FR7: =IFERROR(VLOOKUP(B7,'23'!B:L,11,0),"0") -> 0 | FS7: =SUM(FM7:FR7) -> 0 | FT7: =IFERROR(VLOOKUP(B7,'24'!B:D,3,0),"0") -> 0 | FU7: =IFERROR(VLOOKUP(B7,'24'!B:E,4,0),"0") -> 0 | FV7: =IFERROR(VLOOKUP(B7,'24'!B:F,5,0),"0") -> 0 | FW7: =IFERROR(VLOOKUP(B7,'24'!B:J,9,0),"0") -> 0 | FX7: =IFERROR(VLOOKUP(B7,'24'!B:K,10,0),"0") -> 0 | FY7: =IFERROR(VLOOKUP(B7,'24'!B:L,11,0),"0") -> 0 | FZ7: =SUM(FT7:FY7) -> 0 | GA7: =IFERROR(VLOOKUP(B7,'25'!B:D,3,0),"0") -> 0 | GB7: =IFERROR(VLOOKUP(B7,'25'!B:E,4,0),"0") -> 0 | GC7: =IFERROR(VLOOKUP(B7,'25'!B:F,5,0),"0") -> 0 | GD7: =IFERROR(VLOOKUP(B7,'25'!B:J,9,0),"0") -> 0 | GE7: =IFERROR(VLOOKUP(B7,'25'!B:K,10,0),"0") -> 0 | GF7: =IFERROR(VLOOKUP(B7,'25'!B:L,11,0),"0") -> 0 | GG7: =SUM(GA7:GD7) -> 0 | GH7: =IFERROR(VLOOKUP(B7,'26'!B:D,3,0),"0") -> 0 | GI7: =IFERROR(VLOOKUP(B7,'26'!B:E,4,0),"0") -> 0 | GJ7: =IFERROR(VLOOKUP(B7,'26'!B:F,5,0),"0") -> 0 | GK7: =IFERROR(VLOOKUP(B7,'26'!B:J,9,0),"0") -> 0 | GL7: =IFERROR(VLOOKUP(B7,'26'!B:K,10,0),"0") -> 0 | GM7: =IFERROR(VLOOKUP(B7,'26'!B:L,11,0),"0") -> 0 | GN7: =SUM(GH7:GK7) -> 0 | GO7: =IFERROR(VLOOKUP(B7,'27'!B:D,3,0),"0") -> 0 | GP7: =IFERROR(VLOOKUP(B7,'27'!B:E,4,0),"0") -> 0 | GQ7: =IFERROR(VLOOKUP(B7,'27'!B:F,5,0),"0") -> 0 | GR7: =IFERROR(VLOOKUP(B7,'27'!B:J,9,0),"0") -> 0 | GS7: =IFERROR(VLOOKUP(B7,'27'!B:K,10,0),"0") -> 0 | GT7: =IFERROR(VLOOKUP(B7,'27'!B:L,11,0),"0") -> 0 | GU7: =SUM(GO7:GT7) -> 0 | GV7: =IFERROR(VLOOKUP(B7,'28'!B:D,3,0),"0") -> 0 | GW7: =IFERROR(VLOOKUP(B7,'28'!B:E,4,0),"0") -> 0 | GX7: =IFERROR(VLOOKUP(B7,'28'!B:F,5,0),"0") -> 0 | GY7: =IFERROR(VLOOKUP(B7,'28'!B:J,9,0),"0") -> 0 | GZ7: =IFERROR(VLOOKUP(B7,'28'!B:K,10,0),"0") -> 0 | HA7: =IFERROR(VLOOKUP(B7,'28'!B:L,11,0),"0") -> 0 | HB7: =SUM(GV7:HA7) -> 0 | HC7: =IFERROR(VLOOKUP(B7,#REF!,3),"0") -> 0 | HD7: =IFERROR(VLOOKUP(B7,#REF!,4,0),"0") -> 0 | HE7: =IFERROR(VLOOKUP(B7,#REF!,5,0),"0") -> 0 | HF7: =IFERROR(VLOOKUP(B7,#REF!,9,0),"0") -> 0 | HG7: =IFERROR(VLOOKUP(B7,#REF!,10,0),"0") -> 0 | HH7: =IFERROR(VLOOKUP(B7,#REF!,11,0),"0") -> 0 | HI7: =SUM(HC7:HF7) -> 0 | HP7: =SUM(HJ7:HM7) -> 0 | HW7: =SUM(HQ7:HT7) -> 0
A8: 5 | B8: 1111087 | C8: ชิฟฟอน 8 ชิ้น สตอเบอรี่ล้วน | D8: กล่อง | E8: 37 | F8: =+M8*E8 -> 0 | G8: =+O8+V8+AC8+AJ8+AQ8+AX8+BE8+BL8+BS8+BZ8+CG8+CN8+CU8+DB8+DI8+DP8+DW8+ED8+EK8+ER8+EY8+FF8+FM8+FT8+GA8+GH8+GO8+GV8+HC8+HJ8+HQ8 -> 0 | H8: =+P8+W8+AD8+AK8+AR8+AY8+BF8+BM8+BT8+CA8+CH8+CO8+CV8+DC8+DJ8+DQ8+DX8+EE8+EL8+ES8+EZ8+FG8+FN8+FU8+GB8+GI8+GP8+GW8+HD8+HK8+HR8 -> 0 | I8: =+Q8+X8+AE8+AL8+AS8+AZ8+BG8+BN8+BU8+CB8+CI8+CP8+CW8+DD8+DK8+DR8+DY8+EF8+EM8+ET8+FA8+FH8+FO8+FV8+GC8+GJ8+GQ8+GX8+HE8+HL8+HS8 -> 0 | J8: =+R8+Y8+AF8+AM8+AT8+BA8+BH8+BO8+BV8+CC8+CJ8+CQ8+CX8+DE8+DL8+DS8+DZ8+EG8+EN8+EU8+FB8+FI8+FP8+FW8+GD8+GK8+GR8+GY8+HF8+HM8+HT8 -> 0 | K8: =+S8+Z8+AG8+AN8+AU8+BB8+BI8+BP8+BW8+CD8+CK8+CR8+CY8+DF8+DM8+DT8+EA8+EH8+EO8+EV8+FC8+FJ8+FQ8+FX8+GE8+GL8+GS8+GZ8+HG8+HN8+HU8 -> 0 | L8: =+T8+AA8+AH8+AO8+AV8+BC8+BJ8+BQ8+BX8+CE8+CL8+CS8+CZ8+DG8+DN8+DU8+EB8+EI8+EP8+EW8+FD8+FK8+FR8+FY8+GF8+GM8+GT8+HA8+HH8+HO8+HV8 -> 0 | M8: =SUM(G8:L8) -> 0 | N8: =+G8+H8+I8+J8+K8 -> 0 | O8: =IFERROR(VLOOKUP(B8,'1ไม่มียอด'!B:D,3,0),"0") -> 0 | P8: =IFERROR(VLOOKUP(B8,'1ไม่มียอด'!B:E,4,0),"0") -> 0 | Q8: =IFERROR(VLOOKUP(B8,'1ไม่มียอด'!B:F,5,0),"0") -> 0 | R8: =IFERROR(VLOOKUP(B8,'1ไม่มียอด'!B:G,6,0),"0") -> 0 | S8: =IFERROR(VLOOKUP(B8,'1ไม่มียอด'!B:J,9,0),"0") -> 0 | T8: =IFERROR(VLOOKUP(B8,'1ไม่มียอด'!B:K,10,0),"0") -> 0 | U8: =SUM(O8:R8) -> 0 | V8: =IFERROR(VLOOKUP(B8,#REF!,3,0),"0") -> 0 | W8: =IFERROR(VLOOKUP(B8,#REF!,4,0),"0") -> 0 | X8: =IFERROR(VLOOKUP(B8,#REF!,5,0),"0") -> 0 | Y8: =IFERROR(VLOOKUP(B8,#REF!,9,0),"0") -> 0 | Z8: =IFERROR(VLOOKUP(B8,#REF!,10,0),"0") -> 0 | AA8: =IFERROR(VLOOKUP(B8,#REF!,11,0),"0") -> 0 | AB8: =SUM(V8:Y8) -> 0 | AC8: =IFERROR(VLOOKUP(B8,'3'!B:D,3,0),"0") -> 0 | AD8: =IFERROR(VLOOKUP(B8,'3'!B:E,4,0),"0") -> 0 | AE8: =IFERROR(VLOOKUP(B8,'3'!B:F,5,0),"0") -> 0 | AF8: =IFERROR(VLOOKUP(B8,'3'!B:J,9,0),"0") -> 0 | AG8: =IFERROR(VLOOKUP(B8,'3'!B:K,10,0),"0") -> 0 | AH8: =IFERROR(VLOOKUP(B8,'3'!B:L,11,0),"0") -> 0 | AI8: =SUM(AC8:AH8) -> 0 | AJ8: =IFERROR(VLOOKUP(B8,'4'!B:D,3,0),"0") -> 0 | AK8: =IFERROR(VLOOKUP(B8,'4'!B:E,4,0),"0") -> 0 | AL8: =IFERROR(VLOOKUP(B8,'4'!B:F,5,0),"0") -> 0 | AM8: =IFERROR(VLOOKUP(B8,'4'!B:J,9,0),"0") -> 0 | AN8: =IFERROR(VLOOKUP(B8,'4'!B:K,10,0),"0") -> 0 | AO8: =IFERROR(VLOOKUP(B8,'4'!B:L,11,0),"0") -> 0 | AP8: =SUM(AJ8:AO8) -> 0 | AQ8: =IFERROR(VLOOKUP(B8,'5'!B:D,3,0),"0") -> 0 | AR8: =IFERROR(VLOOKUP(B8,'5'!B:E,4,0),"0") -> 0 | AS8: =IFERROR(VLOOKUP(B8,'5'!B:F,5,0),"0") -> 0 | AT8: =IFERROR(VLOOKUP(B8,'5'!B:J,9,0),"0") -> 0 | AU8: =IFERROR(VLOOKUP(B8,'5'!B:K,10,0),"0") -> 0 | AV8: =IFERROR(VLOOKUP(B8,'5'!B:L,11,0),"0") -> 0 | AW8: =SUM(AQ8:AT8) -> 0 | AX8: =IFERROR(VLOOKUP(B8,'6'!B:D,3,0),"0") -> 0 | AY8: =IFERROR(VLOOKUP(B8,'6'!B:E,4,0),"0") -> 0 | AZ8: =IFERROR(VLOOKUP(B8,'6'!B:F,5,0),"0") -> 0 | BA8: =IFERROR(VLOOKUP(B8,'6'!B:J,9,0),"0") -> 0 | BB8: =IFERROR(VLOOKUP(B8,'6'!B:K,10,0),"0") -> 0 | BC8: =IFERROR(VLOOKUP(B8,'6'!B:L,11,0),"0") -> 0 | BD8: =SUM(AX8:BC8) -> 0 | BE8: =IFERROR(VLOOKUP(B8,'7'!B:D,3,0),"0") -> 0 | BF8: =IFERROR(VLOOKUP(B8,'7'!B:E,4,0),"0") -> 0 | BG8: =IFERROR(VLOOKUP(B8,'7'!B:F,5,0),"0") -> 0 | BH8: =IFERROR(VLOOKUP(B8,'7'!B:J,9,0),"0") -> 0 | BI8: =IFERROR(VLOOKUP(B8,'7'!B:K,10,0),"0") -> 0 | BJ8: =IFERROR(VLOOKUP(B8,'7'!B:L,11,0),"0") -> 0 | BK8: =SUM(BE8:BH8) -> 0 | BL8: =IFERROR(VLOOKUP(B8,'8'!B:D,3,0),"0") -> 0 | BM8: =IFERROR(VLOOKUP(B8,'8'!B:E,4,0),"0") -> 0 | BN8: =IFERROR(VLOOKUP(B8,'8'!B:F,5,0),"0") -> 0 | BO8: =IFERROR(VLOOKUP(B8,'8'!B:J,9,0),"0") -> 0 | BP8: =IFERROR(VLOOKUP(B8,'8'!B:K,10,0),"0") -> 0 | BQ8: =IFERROR(VLOOKUP(B8,'8'!B:L,11,0),"0") -> 0 | BR8: =SUM(BL8:BQ8) -> 0 | BS8: =IFERROR(VLOOKUP(B8,'9'!B:D,3,0),"0") -> 0 | BT8: =IFERROR(VLOOKUP(B8,'9'!B:E,4,0),"0") -> 0 | BU8: =IFERROR(VLOOKUP(B8,'9'!B:F,5,0),"0") -> 0 | BV8: =IFERROR(VLOOKUP(B8,'9'!B:J,9,0),"0") -> 0 | BW8: =IFERROR(VLOOKUP(B8,'9'!B:K,10,0),"0") -> 0 | BX8: =IFERROR(VLOOKUP(B8,'9'!B:L,11,0),"0") -> 0 | BY8: =SUM(BS8:BX8) -> 0 | BZ8: =IFERROR(VLOOKUP(B8,'10'!B:D,3,0),"0") -> 0 | CA8: =IFERROR(VLOOKUP(B8,'10'!B:E,4,0),"0") -> 0 | CB8: =VLOOKUP(B8,'10'!B:F,5,0) -> 0 | CC8: =IFERROR(VLOOKUP(B8,'10'!B:J,9,0),"0") -> 0 | CD8: =IFERROR(VLOOKUP(B8,'10'!B:K,10,0),"0") -> 0 | CE8: =IFERROR(VLOOKUP(B8,'10'!B:L,11,0),"0") -> 0 | CF8: =SUM(BZ8:CC8) -> 0 | CG8: =IFERROR(VLOOKUP(B8,'11'!B:D,3,0),"0") -> 0 | CH8: =IFERROR(VLOOKUP(B8,'11'!B:E,4,0),"0") -> 0 | CI8: =IFERROR(VLOOKUP(B8,'11'!B:F,5,0),"0") -> 0 | CJ8: =IFERROR(VLOOKUP(B8,'11'!B:J,9,0),"0") -> 0 | CK8: =IFERROR(VLOOKUP(B8,'11'!B:K,10,0),"0") -> 0 | CL8: =IFERROR(VLOOKUP(B8,'11'!B:L,11,0),"0") -> 0 | CM8: =SUM(CG8:CJ8) -> 0 | CN8: =IFERROR(VLOOKUP(B8,'12'!B:D,3,0),"0") -> 0 | CO8: =IFERROR(VLOOKUP(B8,'12'!B:E,4,0),"0") -> 0 | CP8: =IFERROR(VLOOKUP(B8,'12'!B:F,5,0),"0") -> 0 | CQ8: =IFERROR(VLOOKUP(B8,'12'!B:J,9,0),"0") -> 0 | CR8: =IFERROR(VLOOKUP(B8,'12'!B:K,10,0),"0") -> 0 | CS8: =IFERROR(VLOOKUP(B8,'12'!B:L,11,0),"0") -> 0 | CT8: =SUM(CN8:CQ8) -> 0 | CU8: =IFERROR(VLOOKUP(B8,'13'!B:D,3,0),"0") -> 0 | CV8: =IFERROR(VLOOKUP(B8,'13'!B:E,4,0),"0") -> 0 | CW8: =IFERROR(VLOOKUP(B8,'13'!B:F,5,0),"0") -> 0 | CX8: =IFERROR(VLOOKUP(B8,'13'!B:J,9,0),"0") -> 0 | CY8: =IFERROR(VLOOKUP(B8,'13'!B:K,10,0),"0") -> 0 | CZ8: =IFERROR(VLOOKUP(B8,'13'!B:L,11,0),"0") -> 0 | DA8: =SUM(CU8:CX8) -> 0 | DB8: =IFERROR(VLOOKUP(B8,'14'!B:D,3,0),"0") -> 0 | DC8: =IFERROR(VLOOKUP(B8,'14'!B:E,4,0),"0") -> 0 | DD8: =IFERROR(VLOOKUP(B8,'14'!B:F,5,0),"0") -> 0 | DE8: =IFERROR(VLOOKUP(B8,'14'!B:J,9,0),"0") -> 0 | DF8: =IFERROR(VLOOKUP(B8,'14'!B:K,10,0),"0") -> 0 | DG8: =IFERROR(VLOOKUP(B8,'14'!B:L,11,0),"0") -> 0 | DH8: =SUM(DB8:DE8) -> 0 | DI8: =IFERROR(VLOOKUP(B8,'15'!B:D,3,0),"0") -> 0 | DJ8: =IFERROR(VLOOKUP(B8,'15'!B:E,4,0),"0") -> 0 | DK8: =IFERROR(VLOOKUP(B8,'15'!B:F,5,0),"0") -> 0 | DL8: =IFERROR(VLOOKUP(B8,'15'!B:J,9,0),"0") -> 0 | DM8: =IFERROR(VLOOKUP(B8,'15'!B:K,10,0),"0") -> 0 | DN8: =IFERROR(VLOOKUP(B8,'15'!B:L,11,0),"0") -> 0 | DO8: =SUM(DI8:DL8) -> 0 | DP8: =IFERROR(VLOOKUP(B8,'16'!B:D,3,0),"0") -> 0 | DQ8: =IFERROR(VLOOKUP(B8,'16'!B:E,4,0),"0") -> 0 | DR8: =IFERROR(VLOOKUP(B8,'16'!B:F,5,0),"0") -> 0 | DS8: =IFERROR(VLOOKUP(B8,'16'!B:J,9,0),"0") -> 0 | DT8: =IFERROR(VLOOKUP(B8,'16'!B:K,10,0),"0") -> 0 | DU8: =IFERROR(VLOOKUP(B8,'16'!B:L,11,0),"0") -> 0 | DV8: =SUM(DP8:DS8) -> 0 | DW8: =IFERROR(VLOOKUP(B8,'17'!B:D,3,0),"0") -> 0 | DX8: =IFERROR(VLOOKUP(B8,'17'!B:E,4,0),"0") -> 0 | DY8: =IFERROR(VLOOKUP(B8,'17'!B:F,5,0),"0") -> 0 | DZ8: =IFERROR(VLOOKUP(B8,'17'!B:J,9,0),"0") -> 0 | EA8: =IFERROR(VLOOKUP(B8,'17'!B:K,10,0),"0") -> 0 | EB8: =IFERROR(VLOOKUP(B8,'17'!B:L,11,0),"0") -> 0 | EC8: =SUM(DW8:DZ8) -> 0 | ED8: =IFERROR(VLOOKUP(B8,'18'!B:D,3,0),"0") -> 0 | EE8: =IFERROR(VLOOKUP(B8,'18'!B:E,4,0),"0") -> 0 | EF8: =IFERROR(VLOOKUP(B8,'18'!B:F,5,0),"0") -> 0 | EG8: =IFERROR(VLOOKUP(B8,'18'!B:J,9,0),"0") -> 0 | EH8: =IFERROR(VLOOKUP(B8,'18'!B:K,10,0),"0") -> 0 | EI8: =IFERROR(VLOOKUP(B8,'18'!B:L,11,0),"0") -> 0 | EJ8: =SUM(ED8:EI8) -> 0 | EK8: =IFERROR(VLOOKUP(B8,'19'!B:D,3,0),"0") -> 0 | EL8: =IFERROR(VLOOKUP(B8,'19'!B:E,4,0),"0") -> 0 | EM8: =IFERROR(VLOOKUP(B8,'19'!B:F,5,0),"0") -> 0 | EN8: =IFERROR(VLOOKUP(B8,'19'!B:J,9,0),"0") -> 0 | EO8: =IFERROR(VLOOKUP(B8,'19'!B:K,10,0),"0") -> 0 | EP8: =IFERROR(VLOOKUP(B8,'19'!B:L,11,0),"0") -> 0 | EQ8: =SUM(EK8:EP8) -> 0 | ER8: =IFERROR(VLOOKUP(B8,'20'!B:D,3,0),"0") -> 0 | ES8: =IFERROR(VLOOKUP(B8,'20'!B:E,4,0),"0") -> 0 | ET8: =IFERROR(VLOOKUP(B8,'20'!B:F,5,0),"0") -> 0 | EU8: =IFERROR(VLOOKUP(B8,'20'!B:J,9,0),"0") -> 0 | EV8: =IFERROR(VLOOKUP(B8,'20'!B:K,10,0),"0") -> 0 | EW8: =IFERROR(VLOOKUP(B8,'20'!B:L,11,0),"0") -> 0 | EX8: =SUM(ER8:EW8) -> 0 | EY8: =IFERROR(VLOOKUP(B8,'21'!B:D,3,0),"0") -> 0 | EZ8: =IFERROR(VLOOKUP(B8,'21'!B:E,4,0),"0") -> 0 | FA8: =IFERROR(VLOOKUP(B8,'21'!B:F,5,0),"0") -> 0 | FB8: =IFERROR(VLOOKUP(B8,'21'!B:J,9,0),"0") -> 0 | FC8: =IFERROR(VLOOKUP(B8,'21'!B:K,10,0),"0") -> 0 | FD8: =IFERROR(VLOOKUP(B8,'21'!B:L,11,0),"0") -> 0 | FE8: =SUM(EY8:FD8) -> 0 | FF8: =IFERROR(VLOOKUP(B8,'22'!B:D,3,0),"0") -> 0 | FG8: =IFERROR(VLOOKUP(B8,'22'!B:E,4,0),"0") -> 0 | FH8: =IFERROR(VLOOKUP(B8,'22'!B:F,5,0),"0") -> 0 | FI8: =IFERROR(VLOOKUP(B8,'22'!B:J,9,0),"0") -> 0 | FJ8: =IFERROR(VLOOKUP(B8,'22'!B:K,10,0),"0") -> 0 | FK8: =IFERROR(VLOOKUP(B8,'22'!B:L,11,0),"0") -> 0 | FL8: =SUM(FF8:FK8) -> 0 | FM8: =IFERROR(VLOOKUP(B8,'23'!B:D,3,0),"0") -> 0 | FN8: =IFERROR(VLOOKUP(B8,'23'!B:E,4,0),"0") -> 0 | FO8: =IFERROR(VLOOKUP(B8,'23'!B:F,5,0),"0") -> 0 | FP8: =IFERROR(VLOOKUP(B8,'23'!B:J,9,0),"0") -> 0 | FQ8: =IFERROR(VLOOKUP(B8,'23'!B:K,10,0),"0") -> 0 | FR8: =IFERROR(VLOOKUP(B8,'23'!B:L,11,0),"0") -> 0 | FS8: =SUM(FM8:FR8) -> 0 | FT8: =IFERROR(VLOOKUP(B8,'24'!B:D,3,0),"0") -> 0 | FU8: =IFERROR(VLOOKUP(B8,'24'!B:E,4,0),"0") -> 0 | FV8: =IFERROR(VLOOKUP(B8,'24'!B:F,5,0),"0") -> 0 | FW8: =IFERROR(VLOOKUP(B8,'24'!B:J,9,0),"0") -> 0 | FX8: =IFERROR(VLOOKUP(B8,'24'!B:K,10,0),"0") -> 0 | FY8: =IFERROR(VLOOKUP(B8,'24'!B:L,11,0),"0") -> 0 | FZ8: =SUM(FT8:FY8) -> 0 | GA8: =IFERROR(VLOOKUP(B8,'25'!B:D,3,0),"0") -> 0 | GB8: =IFERROR(VLOOKUP(B8,'25'!B:E,4,0),"0") -> 0 | GC8: =IFERROR(VLOOKUP(B8,'25'!B:F,5,0),"0") -> 0 | GD8: =IFERROR(VLOOKUP(B8,'25'!B:J,9,0),"0") -> 0 | GE8: =IFERROR(VLOOKUP(B8,'25'!B:K,10,0),"0") -> 0 | GF8: =IFERROR(VLOOKUP(B8,'25'!B:L,11,0),"0") -> 0 | GG8: =SUM(GA8:GD8) -> 0 | GH8: =IFERROR(VLOOKUP(B8,'26'!B:D,3,0),"0") -> 0 | GI8: =IFERROR(VLOOKUP(B8,'26'!B:E,4,0),"0") -> 0 | GJ8: =IFERROR(VLOOKUP(B8,'26'!B:F,5,0),"0") -> 0 | GK8: =IFERROR(VLOOKUP(B8,'26'!B:J,9,0),"0") -> 0 | GL8: =IFERROR(VLOOKUP(B8,'26'!B:K,10,0),"0") -> 0 | GM8: =IFERROR(VLOOKUP(B8,'26'!B:L,11,0),"0") -> 0 | GN8: =SUM(GH8:GK8) -> 0 | GO8: =IFERROR(VLOOKUP(B8,'27'!B:D,3,0),"0") -> 0 | GP8: =IFERROR(VLOOKUP(B8,'27'!B:E,4,0),"0") -> 0 | GQ8: =IFERROR(VLOOKUP(B8,'27'!B:F,5,0),"0") -> 0 | GR8: =IFERROR(VLOOKUP(B8,'27'!B:J,9,0),"0") -> 0 | GS8: =IFERROR(VLOOKUP(B8,'27'!B:K,10,0),"0") -> 0 | GT8: =IFERROR(VLOOKUP(B8,'27'!B:L,11,0),"0") -> 0 | GU8: =SUM(GO8:GT8) -> 0 | GV8: =IFERROR(VLOOKUP(B8,'28'!B:D,3,0),"0") -> 0 | GW8: =IFERROR(VLOOKUP(B8,'28'!B:E,4,0),"0") -> 0 | GX8: =IFERROR(VLOOKUP(B8,'28'!B:F,5,0),"0") -> 0 | GY8: =IFERROR(VLOOKUP(B8,'28'!B:J,9,0),"0") -> 0 | GZ8: =IFERROR(VLOOKUP(B8,'28'!B:K,10,0),"0") -> 0 | HA8: =IFERROR(VLOOKUP(B8,'28'!B:L,11,0),"0") -> 0 | HB8: =SUM(GV8:HA8) -> 0 | HC8: =IFERROR(VLOOKUP(B8,#REF!,3),"0") -> 0 | HD8: =IFERROR(VLOOKUP(B8,#REF!,4,0),"0") -> 0 | HE8: =IFERROR(VLOOKUP(B8,#REF!,5,0),"0") -> 0 | HF8: =IFERROR(VLOOKUP(B8,#REF!,9,0),"0") -> 0 | HG8: =IFERROR(VLOOKUP(B8,#REF!,10,0),"0") -> 0 | HH8: =IFERROR(VLOOKUP(B8,#REF!,11,0),"0") -> 0 | HI8: =SUM(HC8:HF8) -> 0 | HP8: =SUM(HJ8:HM8) -> 0 | HW8: =SUM(HQ8:HT8) -> 0
A9: 6 | B9: 1111088 | C9: ชิฟฟอน 8 ชิ้น ส้มล้วน | D9: กล่อง | E9: 37.22 | F9: =+M9*E9 -> 111.66 | G9: =+O9+V9+AC9+AJ9+AQ9+AX9+BE9+BL9+BS9+BZ9+CG9+CN9+CU9+DB9+DI9+DP9+DW9+ED9+EK9+ER9+EY9+FF9+FM9+FT9+GA9+GH9+GO9+GV9+HC9+HJ9+HQ9 -> 3 | H9: =+P9+W9+AD9+AK9+AR9+AY9+BF9+BM9+BT9+CA9+CH9+CO9+CV9+DC9+DJ9+DQ9+DX9+EE9+EL9+ES9+EZ9+FG9+FN9+FU9+GB9+GI9+GP9+GW9+HD9+HK9+HR9 -> 0 | I9: =+Q9+X9+AE9+AL9+AS9+AZ9+BG9+BN9+BU9+CB9+CI9+CP9+CW9+DD9+DK9+DR9+DY9+EF9+EM9+ET9+FA9+FH9+FO9+FV9+GC9+GJ9+GQ9+GX9+HE9+HL9+HS9 -> 0 | J9: =+R9+Y9+AF9+AM9+AT9+BA9+BH9+BO9+BV9+CC9+CJ9+CQ9+CX9+DE9+DL9+DS9+DZ9+EG9+EN9+EU9+FB9+FI9+FP9+FW9+GD9+GK9+GR9+GY9+HF9+HM9+HT9 -> 0 | K9: =+S9+Z9+AG9+AN9+AU9+BB9+BI9+BP9+BW9+CD9+CK9+CR9+CY9+DF9+DM9+DT9+EA9+EH9+EO9+EV9+FC9+FJ9+FQ9+FX9+GE9+GL9+GS9+GZ9+HG9+HN9+HU9 -> 0 | L9: =+T9+AA9+AH9+AO9+AV9+BC9+BJ9+BQ9+BX9+CE9+CL9+CS9+CZ9+DG9+DN9+DU9+EB9+EI9+EP9+EW9+FD9+FK9+FR9+FY9+GF9+GM9+GT9+HA9+HH9+HO9+HV9 -> 0 | M9: =SUM(G9:L9) -> 3 | N9: =+G9+H9+I9+J9+K9 -> 3 | O9: =IFERROR(VLOOKUP(B9,'1ไม่มียอด'!B:D,3,0),"0") -> 0 | P9: =IFERROR(VLOOKUP(B9,'1ไม่มียอด'!B:E,4,0),"0") -> 0 | Q9: =IFERROR(VLOOKUP(B9,'1ไม่มียอด'!B:F,5,0),"0") -> 0 | R9: =IFERROR(VLOOKUP(B9,'1ไม่มียอด'!B:G,6,0),"0") -> 0 | S9: =IFERROR(VLOOKUP(B9,'1ไม่มียอด'!B:J,9,0),"0") -> 0 | T9: =IFERROR(VLOOKUP(B9,'1ไม่มียอด'!B:K,10,0),"0") -> 0 | U9: =SUM(O9:R9) -> 0 | V9: =IFERROR(VLOOKUP(B9,#REF!,3,0),"0") -> 0 | W9: =IFERROR(VLOOKUP(B9,#REF!,4,0),"0") -> 0 | X9: =IFERROR(VLOOKUP(B9,#REF!,5,0),"0") -> 0 | Y9: =IFERROR(VLOOKUP(B9,#REF!,9,0),"0") -> 0 | Z9: =IFERROR(VLOOKUP(B9,#REF!,10,0),"0") -> 0 | AA9: =IFERROR(VLOOKUP(B9,#REF!,11,0),"0") -> 0 | AB9: =SUM(V9:Y9) -> 0 | AC9: =IFERROR(VLOOKUP(B9,'3'!B:D,3,0),"0") -> 0 | AD9: =IFERROR(VLOOKUP(B9,'3'!B:E,4,0),"0") -> 0 | AE9: =IFERROR(VLOOKUP(B9,'3'!B:F,5,0),"0") -> 0 | AF9: =IFERROR(VLOOKUP(B9,'3'!B:J,9,0),"0") -> 0 | AG9: =IFERROR(VLOOKUP(B9,'3'!B:K,10,0),"0") -> 0 | AH9: =IFERROR(VLOOKUP(B9,'3'!B:L,11,0),"0") -> 0 | AI9: =SUM(AC9:AH9) -> 0 | AJ9: =IFERROR(VLOOKUP(B9,'4'!B:D,3,0),"0") -> 0 | AK9: =IFERROR(VLOOKUP(B9,'4'!B:E,4,0),"0") -> 0 | AL9: =IFERROR(VLOOKUP(B9,'4'!B:F,5,0),"0") -> 0 | AM9: =IFERROR(VLOOKUP(B9,'4'!B:J,9,0),"0") -> 0 | AN9: =IFERROR(VLOOKUP(B9,'4'!B:K,10,0),"0") -> 0 | AO9: =IFERROR(VLOOKUP(B9,'4'!B:L,11,0),"0") -> 0 | AP9: =SUM(AJ9:AO9) -> 0 | AQ9: =IFERROR(VLOOKUP(B9,'5'!B:D,3,0),"0") -> 0 | AR9: =IFERROR(VLOOKUP(B9,'5'!B:E,4,0),"0") -> 0 | AS9: =IFERROR(VLOOKUP(B9,'5'!B:F,5,0),"0") -> 0 | AT9: =IFERROR(VLOOKUP(B9,'5'!B:J,9,0),"0") -> 0 | AU9: =IFERROR(VLOOKUP(B9,'5'!B:K,10,0),"0") -> 0 | AV9: =IFERROR(VLOOKUP(B9,'5'!B:L,11,0),"0") -> 0 | AW9: =SUM(AQ9:AT9) -> 0 | AX9: =IFERROR(VLOOKUP(B9,'6'!B:D,3,0),"0") -> 0 | AY9: =IFERROR(VLOOKUP(B9,'6'!B:E,4,0),"0") -> 0 | AZ9: =IFERROR(VLOOKUP(B9,'6'!B:F,5,0),"0") -> 0 | BA9: =IFERROR(VLOOKUP(B9,'6'!B:J,9,0),"0") -> 0 | BB9: =IFERROR(VLOOKUP(B9,'6'!B:K,10,0),"0") -> 0 | BC9: =IFERROR(VLOOKUP(B9,'6'!B:L,11,0),"0") -> 0 | BD9: =SUM(AX9:BC9) -> 0 | BE9: =IFERROR(VLOOKUP(B9,'7'!B:D,3,0),"0") -> 0 | BF9: =IFERROR(VLOOKUP(B9,'7'!B:E,4,0),"0") -> 0 | BG9: =IFERROR(VLOOKUP(B9,'7'!B:F,5,0),"0") -> 0 | BH9: =IFERROR(VLOOKUP(B9,'7'!B:J,9,0),"0") -> 0 | BI9: =IFERROR(VLOOKUP(B9,'7'!B:K,10,0),"0") -> 0 | BJ9: =IFERROR(VLOOKUP(B9,'7'!B:L,11,0),"0") -> 0 | BK9: =SUM(BE9:BH9) -> 0 | BL9: =IFERROR(VLOOKUP(B9,'8'!B:D,3,0),"0") -> 0 | BM9: =IFERROR(VLOOKUP(B9,'8'!B:E,4,0),"0") -> 0 | BN9: =IFERROR(VLOOKUP(B9,'8'!B:F,5,0),"0") -> 0 | BO9: =IFERROR(VLOOKUP(B9,'8'!B:J,9,0),"0") -> 0 | BP9: =IFERROR(VLOOKUP(B9,'8'!B:K,10,0),"0") -> 0 | BQ9: =IFERROR(VLOOKUP(B9,'8'!B:L,11,0),"0") -> 0 | BR9: =SUM(BL9:BQ9) -> 0 | BS9: =IFERROR(VLOOKUP(B9,'9'!B:D,3,0),"0") -> 0 | BT9: =IFERROR(VLOOKUP(B9,'9'!B:E,4,0),"0") -> 0 | BU9: =IFERROR(VLOOKUP(B9,'9'!B:F,5,0),"0") -> 0 | BV9: =IFERROR(VLOOKUP(B9,'9'!B:J,9,0),"0") -> 0 | BW9: =IFERROR(VLOOKUP(B9,'9'!B:K,10,0),"0") -> 0 | BX9: =IFERROR(VLOOKUP(B9,'9'!B:L,11,0),"0") -> 0 | BY9: =SUM(BS9:BX9) -> 0 | BZ9: =IFERROR(VLOOKUP(B9,'10'!B:D,3,0),"0") -> 0 | CA9: =IFERROR(VLOOKUP(B9,'10'!B:E,4,0),"0") -> 0 | CB9: =VLOOKUP(B9,'10'!B:F,5,0) -> 0 | CC9: =IFERROR(VLOOKUP(B9,'10'!B:J,9,0),"0") -> 0 | CD9: =IFERROR(VLOOKUP(B9,'10'!B:K,10,0),"0") -> 0 | CE9: =IFERROR(VLOOKUP(B9,'10'!B:L,11,0),"0") -> 0 | CF9: =SUM(BZ9:CC9) -> 0 | CG9: =IFERROR(VLOOKUP(B9,'11'!B:D,3,0),"0") -> 0 | CH9: =IFERROR(VLOOKUP(B9,'11'!B:E,4,0),"0") -> 0 | CI9: =IFERROR(VLOOKUP(B9,'11'!B:F,5,0),"0") -> 0 | CJ9: =IFERROR(VLOOKUP(B9,'11'!B:J,9,0),"0") -> 0 | CK9: =IFERROR(VLOOKUP(B9,'11'!B:K,10,0),"0") -> 0 | CL9: =IFERROR(VLOOKUP(B9,'11'!B:L,11,0),"0") -> 0 | CM9: =SUM(CG9:CJ9) -> 0 | CN9: =IFERROR(VLOOKUP(B9,'12'!B:D,3,0),"0") -> 0 | CO9: =IFERROR(VLOOKUP(B9,'12'!B:E,4,0),"0") -> 0 | CP9: =IFERROR(VLOOKUP(B9,'12'!B:F,5,0),"0") -> 0 | CQ9: =IFERROR(VLOOKUP(B9,'12'!B:J,9,0),"0") -> 0 | CR9: =IFERROR(VLOOKUP(B9,'12'!B:K,10,0),"0") -> 0 | CS9: =IFERROR(VLOOKUP(B9,'12'!B:L,11,0),"0") -> 0 | CT9: =SUM(CN9:CQ9) -> 0 | CU9: =IFERROR(VLOOKUP(B9,'13'!B:D,3,0),"0") -> 0 | CV9: =IFERROR(VLOOKUP(B9,'13'!B:E,4,0),"0") -> 0 | CW9: =IFERROR(VLOOKUP(B9,'13'!B:F,5,0),"0") -> 0 | CX9: =IFERROR(VLOOKUP(B9,'13'!B:J,9,0),"0") -> 0 | CY9: =IFERROR(VLOOKUP(B9,'13'!B:K,10,0),"0") -> 0 | CZ9: =IFERROR(VLOOKUP(B9,'13'!B:L,11,0),"0") -> 0 | DA9: =SUM(CU9:CX9) -> 0 | DB9: =IFERROR(VLOOKUP(B9,'14'!B:D,3,0),"0") -> 0 | DC9: =IFERROR(VLOOKUP(B9,'14'!B:E,4,0),"0") -> 0 | DD9: =IFERROR(VLOOKUP(B9,'14'!B:F,5,0),"0") -> 0 | DE9: =IFERROR(VLOOKUP(B9,'14'!B:J,9,0),"0") -> 0 | DF9: =IFERROR(VLOOKUP(B9,'14'!B:K,10,0),"0") -> 0 | DG9: =IFERROR(VLOOKUP(B9,'14'!B:L,11,0),"0") -> 0 | DH9: =SUM(DB9:DE9) -> 0 | DI9: =IFERROR(VLOOKUP(B9,'15'!B:D,3,0),"0") -> 0 | DJ9: =IFERROR(VLOOKUP(B9,'15'!B:E,4,0),"0") -> 0 | DK9: =IFERROR(VLOOKUP(B9,'15'!B:F,5,0),"0") -> 0 | DL9: =IFERROR(VLOOKUP(B9,'15'!B:J,9,0),"0") -> 0 | DM9: =IFERROR(VLOOKUP(B9,'15'!B:K,10,0),"0") -> 0 | DN9: =IFERROR(VLOOKUP(B9,'15'!B:L,11,0),"0") -> 0 | DO9: =SUM(DI9:DL9) -> 0 | DP9: =IFERROR(VLOOKUP(B9,'16'!B:D,3,0),"0") -> 0 | DQ9: =IFERROR(VLOOKUP(B9,'16'!B:E,4,0),"0") -> 0 | DR9: =IFERROR(VLOOKUP(B9,'16'!B:F,5,0),"0") -> 0 | DS9: =IFERROR(VLOOKUP(B9,'16'!B:J,9,0),"0") -> 0 | DT9: =IFERROR(VLOOKUP(B9,'16'!B:K,10,0),"0") -> 0 | DU9: =IFERROR(VLOOKUP(B9,'16'!B:L,11,0),"0") -> 0 | DV9: =SUM(DP9:DS9) -> 0 | DW9: =IFERROR(VLOOKUP(B9,'17'!B:D,3,0),"0") -> 0 | DX9: =IFERROR(VLOOKUP(B9,'17'!B:E,4,0),"0") -> 0 | DY9: =IFERROR(VLOOKUP(B9,'17'!B:F,5,0),"0") -> 0 | DZ9: =IFERROR(VLOOKUP(B9,'17'!B:J,9,0),"0") -> 0 | EA9: =IFERROR(VLOOKUP(B9,'17'!B:K,10,0),"0") -> 0 | EB9: =IFERROR(VLOOKUP(B9,'17'!B:L,11,0),"0") -> 0 | EC9: =SUM(DW9:DZ9) -> 0 | ED9: =IFERROR(VLOOKUP(B9,'18'!B:D,3,0),"0") -> 0 | EE9: =IFERROR(VLOOKUP(B9,'18'!B:E,4,0),"0") -> 0 | EF9: =IFERROR(VLOOKUP(B9,'18'!B:F,5,0),"0") -> 0 | EG9: =IFERROR(VLOOKUP(B9,'18'!B:J,9,0),"0") -> 0 | EH9: =IFERROR(VLOOKUP(B9,'18'!B:K,10,0),"0") -> 0 | EI9: =IFERROR(VLOOKUP(B9,'18'!B:L,11,0),"0") -> 0 | EJ9: =SUM(ED9:EI9) -> 0 | EK9: =IFERROR(VLOOKUP(B9,'19'!B:D,3,0),"0") -> 0 | EL9: =IFERROR(VLOOKUP(B9,'19'!B:E,4,0),"0") -> 0 | EM9: =IFERROR(VLOOKUP(B9,'19'!B:F,5,0),"0") -> 0 | EN9: =IFERROR(VLOOKUP(B9,'19'!B:J,9,0),"0") -> 0 | EO9: =IFERROR(VLOOKUP(B9,'19'!B:K,10,0),"0") -> 0 | EP9: =IFERROR(VLOOKUP(B9,'19'!B:L,11,0),"0") -> 0 | EQ9: =SUM(EK9:EP9) -> 0 | ER9: =IFERROR(VLOOKUP(B9,'20'!B:D,3,0),"0") -> 0 | ES9: =IFERROR(VLOOKUP(B9,'20'!B:E,4,0),"0") -> 0 | ET9: =IFERROR(VLOOKUP(B9,'20'!B:F,5,0),"0") -> 0 | EU9: =IFERROR(VLOOKUP(B9,'20'!B:J,9,0),"0") -> 0 | EV9: =IFERROR(VLOOKUP(B9,'20'!B:K,10,0),"0") -> 0 | EW9: =IFERROR(VLOOKUP(B9,'20'!B:L,11,0),"0") -> 0 | EX9: =SUM(ER9:EW9) -> 0 | EY9: =IFERROR(VLOOKUP(B9,'21'!B:D,3,0),"0") -> 0 | EZ9: =IFERROR(VLOOKUP(B9,'21'!B:E,4,0),"0") -> 0 | FA9: =IFERROR(VLOOKUP(B9,'21'!B:F,5,0),"0") -> 0 | FB9: =IFERROR(VLOOKUP(B9,'21'!B:J,9,0),"0") -> 0 | FC9: =IFERROR(VLOOKUP(B9,'21'!B:K,10,0),"0") -> 0 | FD9: =IFERROR(VLOOKUP(B9,'21'!B:L,11,0),"0") -> 0 | FE9: =SUM(EY9:FD9) -> 0 | FF9: =IFERROR(VLOOKUP(B9,'22'!B:D,3,0),"0") -> 0 | FG9: =IFERROR(VLOOKUP(B9,'22'!B:E,4,0),"0") -> 0 | FH9: =IFERROR(VLOOKUP(B9,'22'!B:F,5,0),"0") -> 0 | FI9: =IFERROR(VLOOKUP(B9,'22'!B:J,9,0),"0") -> 0 | FJ9: =IFERROR(VLOOKUP(B9,'22'!B:K,10,0),"0") -> 0 | FK9: =IFERROR(VLOOKUP(B9,'22'!B:L,11,0),"0") -> 0 | FL9: =SUM(FF9:FK9) -> 0 | FM9: =IFERROR(VLOOKUP(B9,'23'!B:D,3,0),"0") -> 0 | FN9: =IFERROR(VLOOKUP(B9,'23'!B:E,4,0),"0") -> 0 | FO9: =IFERROR(VLOOKUP(B9,'23'!B:F,5,0),"0") -> 0 | FP9: =IFERROR(VLOOKUP(B9,'23'!B:J,9,0),"0") -> 0 | FQ9: =IFERROR(VLOOKUP(B9,'23'!B:K,10,0),"0") -> 0 | FR9: =IFERROR(VLOOKUP(B9,'23'!B:L,11,0),"0") -> 0 | FS9: =SUM(FM9:FR9) -> 0 | FT9: =IFERROR(VLOOKUP(B9,'24'!B:D,3,0),"0") -> 3 | FU9: =IFERROR(VLOOKUP(B9,'24'!B:E,4,0),"0") -> 0 | FV9: =IFERROR(VLOOKUP(B9,'24'!B:F,5,0),"0") -> 0 | FW9: =IFERROR(VLOOKUP(B9,'24'!B:J,9,0),"0") -> 0 | FX9: =IFERROR(VLOOKUP(B9,'24'!B:K,10,0),"0") -> 0 | FY9: =IFERROR(VLOOKUP(B9,'24'!B:L,11,0),"0") -> 0 | FZ9: =SUM(FT9:FY9) -> 3 | GA9: =IFERROR(VLOOKUP(B9,'25'!B:D,3,0),"0") -> 0 | GB9: =IFERROR(VLOOKUP(B9,'25'!B:E,4,0),"0") -> 0 | GC9: =IFERROR(VLOOKUP(B9,'25'!B:F,5,0),"0") -> 0 | GD9: =IFERROR(VLOOKUP(B9,'25'!B:J,9,0),"0") -> 0 | GE9: =IFERROR(VLOOKUP(B9,'25'!B:K,10,0),"0") -> 0 | GF9: =IFERROR(VLOOKUP(B9,'25'!B:L,11,0),"0") -> 0 | GG9: =SUM(GA9:GD9) -> 0 | GH9: =IFERROR(VLOOKUP(B9,'26'!B:D,3,0),"0") -> 0 | GI9: =IFERROR(VLOOKUP(B9,'26'!B:E,4,0),"0") -> 0 | GJ9: =IFERROR(VLOOKUP(B9,'26'!B:F,5,0),"0") -> 0 | GK9: =IFERROR(VLOOKUP(B9,'26'!B:J,9,0),"0") -> 0 | GL9: =IFERROR(VLOOKUP(B9,'26'!B:K,10,0),"0") -> 0 | GM9: =IFERROR(VLOOKUP(B9,'26'!B:L,11,0),"0") -> 0 | GN9: =SUM(GH9:GK9) -> 0 | GO9: =IFERROR(VLOOKUP(B9,'27'!B:D,3,0),"0") -> 0 | GP9: =IFERROR(VLOOKUP(B9,'27'!B:E,4,0),"0") -> 0 | GQ9: =IFERROR(VLOOKUP(B9,'27'!B:F,5,0),"0") -> 0 | GR9: =IFERROR(VLOOKUP(B9,'27'!B:J,9,0),"0") -> 0 | GS9: =IFERROR(VLOOKUP(B9,'27'!B:K,10,0),"0") -> 0 | GT9: =IFERROR(VLOOKUP(B9,'27'!B:L,11,0),"0") -> 0 | GU9: =SUM(GO9:GT9) -> 0 | GV9: =IFERROR(VLOOKUP(B9,'28'!B:D,3,0),"0") -> 0 | GW9: =IFERROR(VLOOKUP(B9,'28'!B:E,4,0),"0") -> 0 | GX9: =IFERROR(VLOOKUP(B9,'28'!B:F,5,0),"0") -> 0 | GY9: =IFERROR(VLOOKUP(B9,'28'!B:J,9,0),"0") -> 0 | GZ9: =IFERROR(VLOOKUP(B9,'28'!B:K,10,0),"0") -> 0 | HA9: =IFERROR(VLOOKUP(B9,'28'!B:L,11,0),"0") -> 0 | HB9: =SUM(GV9:HA9) -> 0 | HC9: =IFERROR(VLOOKUP(B9,#REF!,3),"0") -> 0 | HD9: =IFERROR(VLOOKUP(B9,#REF!,4,0),"0") -> 0 | HE9: =IFERROR(VLOOKUP(B9,#REF!,5,0),"0") -> 0 | HF9: =IFERROR(VLOOKUP(B9,#REF!,9,0),"0") -> 0 | HG9: =IFERROR(VLOOKUP(B9,#REF!,10,0),"0") -> 0 | HH9: =IFERROR(VLOOKUP(B9,#REF!,11,0),"0") -> 0 | HI9: =SUM(HC9:HF9) -> 0 | HP9: =SUM(HJ9:HM9) -> 0 | HW9: =SUM(HQ9:HT9) -> 0
A10: 7 | B10: 1111089 | C10: ชิฟฟอน 8 ชิ้น เนยล้วน | D10: กล่อง | E10: 37 | F10: =+M10*E10 -> 6697 | G10: =+O10+V10+AC10+AJ10+AQ10+AX10+BE10+BL10+BS10+BZ10+CG10+CN10+CU10+DB10+DI10+DP10+DW10+ED10+EK10+ER10+EY10+FF10+FM10+FT10+GA10+GH10+GO10+GV10+HC10+HJ10+HQ10 -> 0 | H10: =+P10+W10+AD10+AK10+AR10+AY10+BF10+BM10+BT10+CA10+CH10+CO10+CV10+DC10+DJ10+DQ10+DX10+EE10+EL10+ES10+EZ10+FG10+FN10+FU10+GB10+GI10+GP10+GW10+HD10+HK10+HR10 -> 0 | I10: =+Q10+X10+AE10+AL10+AS10+AZ10+BG10+BN10+BU10+CB10+CI10+CP10+CW10+DD10+DK10+DR10+DY10+EF10+EM10+ET10+FA10+FH10+FO10+FV10+GC10+GJ10+GQ10+GX10+HE10+HL10+HS10 -> 0 | J10: =+R10+Y10+AF10+AM10+AT10+BA10+BH10+BO10+BV10+CC10+CJ10+CQ10+CX10+DE10+DL10+DS10+DZ10+EG10+EN10+EU10+FB10+FI10+FP10+FW10+GD10+GK10+GR10+GY10+HF10+HM10+HT10 -> 0 | K10: =+S10+Z10+AG10+AN10+AU10+BB10+BI10+BP10+BW10+CD10+CK10+CR10+CY10+DF10+DM10+DT10+EA10+EH10+EO10+EV10+FC10+FJ10+FQ10+FX10+GE10+GL10+GS10+GZ10+HG10+HN10+HU10 -> 0 | L10: =+T10+AA10+AH10+AO10+AV10+BC10+BJ10+BQ10+BX10+CE10+CL10+CS10+CZ10+DG10+DN10+DU10+EB10+EI10+EP10+EW10+FD10+FK10+FR10+FY10+GF10+GM10+GT10+HA10+HH10+HO10+HV10 -> 181 | M10: =SUM(G10:L10) -> 181 | N10: =+G10+H10+I10+J10+K10 -> 0 | O10: =IFERROR(VLOOKUP(B10,'1ไม่มียอด'!B:D,3,0),"0") -> 0 | P10: =IFERROR(VLOOKUP(B10,'1ไม่มียอด'!B:E,4,0),"0") -> 0 | Q10: =IFERROR(VLOOKUP(B10,'1ไม่มียอด'!B:F,5,0),"0") -> 0 | R10: =IFERROR(VLOOKUP(B10,'1ไม่มียอด'!B:G,6,0),"0") -> 0 | S10: =IFERROR(VLOOKUP(B10,'1ไม่มียอด'!B:J,9,0),"0") -> 0 | T10: =IFERROR(VLOOKUP(B10,'1ไม่มียอด'!B:K,10,0),"0") -> 0 | U10: =SUM(O10:R10) -> 0 | V10: =IFERROR(VLOOKUP(B10,#REF!,3,0),"0") -> 0 | W10: =IFERROR(VLOOKUP(B10,#REF!,4,0),"0") -> 0 | X10: =IFERROR(VLOOKUP(B10,#REF!,5,0),"0") -> 0 | Y10: =IFERROR(VLOOKUP(B10,#REF!,9,0),"0") -> 0 | Z10: =IFERROR(VLOOKUP(B10,#REF!,10,0),"0") -> 0 | AA10: =IFERROR(VLOOKUP(B10,#REF!,11,0),"0") -> 0 | AB10: =SUM(V10:Y10) -> 0 | AC10: =IFERROR(VLOOKUP(B10,'3'!B:D,3,0),"0") -> 0 | AD10: =IFERROR(VLOOKUP(B10,'3'!B:E,4,0),"0") -> 0 | AE10: =IFERROR(VLOOKUP(B10,'3'!B:F,5,0),"0") -> 0 | AF10: =IFERROR(VLOOKUP(B10,'3'!B:J,9,0),"0") -> 0 | AG10: =IFERROR(VLOOKUP(B10,'3'!B:K,10,0),"0") -> 0 | AH10: =IFERROR(VLOOKUP(B10,'3'!B:L,11,0),"0") -> 0 | AI10: =SUM(AC10:AH10) -> 0 | AJ10: =IFERROR(VLOOKUP(B10,'4'!B:D,3,0),"0") -> 0 | AK10: =IFERROR(VLOOKUP(B10,'4'!B:E,4,0),"0") -> 0 | AL10: =IFERROR(VLOOKUP(B10,'4'!B:F,5,0),"0") -> 0 | AM10: =IFERROR(VLOOKUP(B10,'4'!B:J,9,0),"0") -> 0 | AN10: =IFERROR(VLOOKUP(B10,'4'!B:K,10,0),"0") -> 0 | AO10: =IFERROR(VLOOKUP(B10,'4'!B:L,11,0),"0") -> 0 | AP10: =SUM(AJ10:AO10) -> 0 | AQ10: =IFERROR(VLOOKUP(B10,'5'!B:D,3,0),"0") -> 0 | AR10: =IFERROR(VLOOKUP(B10,'5'!B:E,4,0),"0") -> 0 | AS10: =IFERROR(VLOOKUP(B10,'5'!B:F,5,0),"0") -> 0 | AT10: =IFERROR(VLOOKUP(B10,'5'!B:J,9,0),"0") -> 0 | AU10: =IFERROR(VLOOKUP(B10,'5'!B:K,10,0),"0") -> 0 | AV10: =IFERROR(VLOOKUP(B10,'5'!B:L,11,0),"0") -> 0 | AW10: =SUM(AQ10:AT10) -> 0 | AX10: =IFERROR(VLOOKUP(B10,'6'!B:D,3,0),"0") -> 0 | AY10: =IFERROR(VLOOKUP(B10,'6'!B:E,4,0),"0") -> 0 | AZ10: =IFERROR(VLOOKUP(B10,'6'!B:F,5,0),"0") -> 0 | BA10: =IFERROR(VLOOKUP(B10,'6'!B:J,9,0),"0") -> 0 | BB10: =IFERROR(VLOOKUP(B10,'6'!B:K,10,0),"0") -> 0 | BC10: =IFERROR(VLOOKUP(B10,'6'!B:L,11,0),"0") -> 0 | BD10: =SUM(AX10:BC10) -> 0 | BE10: =IFERROR(VLOOKUP(B10,'7'!B:D,3,0),"0") -> 0 | BF10: =IFERROR(VLOOKUP(B10,'7'!B:E,4,0),"0") -> 0 | BG10: =IFERROR(VLOOKUP(B10,'7'!B:F,5,0),"0") -> 0 | BH10: =IFERROR(VLOOKUP(B10,'7'!B:J,9,0),"0") -> 0 | BI10: =IFERROR(VLOOKUP(B10,'7'!B:K,10,0),"0") -> 0 | BJ10: =IFERROR(VLOOKUP(B10,'7'!B:L,11,0),"0") -> 0 | BK10: =SUM(BE10:BH10) -> 0 | BL10: =IFERROR(VLOOKUP(B10,'8'!B:D,3,0),"0") -> 0 | BM10: =IFERROR(VLOOKUP(B10,'8'!B:E,4,0),"0") -> 0 | BN10: =IFERROR(VLOOKUP(B10,'8'!B:F,5,0),"0") -> 0 | BO10: =IFERROR(VLOOKUP(B10,'8'!B:J,9,0),"0") -> 0 | BP10: =IFERROR(VLOOKUP(B10,'8'!B:K,10,0),"0") -> 0 | BQ10: =IFERROR(VLOOKUP(B10,'8'!B:L,11,0),"0") -> 0 | BR10: =SUM(BL10:BQ10) -> 0 | BS10: =IFERROR(VLOOKUP(B10,'9'!B:D,3,0),"0") -> 0 | BT10: =IFERROR(VLOOKUP(B10,'9'!B:E,4,0),"0") -> 0 | BU10: =IFERROR(VLOOKUP(B10,'9'!B:F,5,0),"0") -> 0 | BV10: =IFERROR(VLOOKUP(B10,'9'!B:J,9,0),"0") -> 0 | BW10: =IFERROR(VLOOKUP(B10,'9'!B:K,10,0),"0") -> 0 | BX10: =IFERROR(VLOOKUP(B10,'9'!B:L,11,0),"0") -> 0 | BY10: =SUM(BS10:BX10) -> 0 | BZ10: =IFERROR(VLOOKUP(B10,'10'!B:D,3,0),"0") -> 0 | CA10: =IFERROR(VLOOKUP(B10,'10'!B:E,4,0),"0") -> 0 | CB10: =VLOOKUP(B10,'10'!B:F,5,0) -> 0 | CC10: =IFERROR(VLOOKUP(B10,'10'!B:J,9,0),"0") -> 0 | CD10: =IFERROR(VLOOKUP(B10,'10'!B:K,10,0),"0") -> 0 | CE10: =IFERROR(VLOOKUP(B10,'10'!B:L,11,0),"0") -> 0 | CF10: =SUM(BZ10:CC10) -> 0 | CG10: =IFERROR(VLOOKUP(B10,'11'!B:D,3,0),"0") -> 0 | CH10: =IFERROR(VLOOKUP(B10,'11'!B:E,4,0),"0") -> 0 | CI10: =IFERROR(VLOOKUP(B10,'11'!B:F,5,0),"0") -> 0 | CJ10: =IFERROR(VLOOKUP(B10,'11'!B:J,9,0),"0") -> 0 | CK10: =IFERROR(VLOOKUP(B10,'11'!B:K,10,0),"0") -> 0 | CL10: =IFERROR(VLOOKUP(B10,'11'!B:L,11,0),"0") -> 0 | CM10: =SUM(CG10:CJ10) -> 0 | CN10: =IFERROR(VLOOKUP(B10,'12'!B:D,3,0),"0") -> 0 | CO10: =IFERROR(VLOOKUP(B10,'12'!B:E,4,0),"0") -> 0 | CP10: =IFERROR(VLOOKUP(B10,'12'!B:F,5,0),"0") -> 0 | CQ10: =IFERROR(VLOOKUP(B10,'12'!B:J,9,0),"0") -> 0 | CR10: =IFERROR(VLOOKUP(B10,'12'!B:K,10,0),"0") -> 0 | CS10: =IFERROR(VLOOKUP(B10,'12'!B:L,11,0),"0") -> 0 | CT10: =SUM(CN10:CQ10) -> 0 | CU10: =IFERROR(VLOOKUP(B10,'13'!B:D,3,0),"0") -> 0 | CV10: =IFERROR(VLOOKUP(B10,'13'!B:E,4,0),"0") -> 0 | CW10: =IFERROR(VLOOKUP(B10,'13'!B:F,5,0),"0") -> 0 | CX10: =IFERROR(VLOOKUP(B10,'13'!B:J,9,0),"0") -> 0 | CY10: =IFERROR(VLOOKUP(B10,'13'!B:K,10,0),"0") -> 0 | CZ10: =IFERROR(VLOOKUP(B10,'13'!B:L,11,0),"0") -> 0 | DA10: =SUM(CU10:CX10) -> 0 | DB10: =IFERROR(VLOOKUP(B10,'14'!B:D,3,0),"0") -> 0 | DC10: =IFERROR(VLOOKUP(B10,'14'!B:E,4,0),"0") -> 0 | DD10: =IFERROR(VLOOKUP(B10,'14'!B:F,5,0),"0") -> 0 | DE10: =IFERROR(VLOOKUP(B10,'14'!B:J,9,0),"0") -> 0 | DF10: =IFERROR(VLOOKUP(B10,'14'!B:K,10,0),"0") -> 0 | DG10: =IFERROR(VLOOKUP(B10,'14'!B:L,11,0),"0") -> 0 | DH10: =SUM(DB10:DE10) -> 0 | DI10: =IFERROR(VLOOKUP(B10,'15'!B:D,3,0),"0") -> 0 | DJ10: =IFERROR(VLOOKUP(B10,'15'!B:E,4,0),"0") -> 0 | DK10: =IFERROR(VLOOKUP(B10,'15'!B:F,5,0),"0") -> 0 | DL10: =IFERROR(VLOOKUP(B10,'15'!B:J,9,0),"0") -> 0 | DM10: =IFERROR(VLOOKUP(B10,'15'!B:K,10,0),"0") -> 0 | DN10: =IFERROR(VLOOKUP(B10,'15'!B:L,11,0),"0") -> 0 | DO10: =SUM(DI10:DL10) -> 0 | DP10: =IFERROR(VLOOKUP(B10,'16'!B:D,3,0),"0") -> 0 | DQ10: =IFERROR(VLOOKUP(B10,'16'!B:E,4,0),"0") -> 0 | DR10: =IFERROR(VLOOKUP(B10,'16'!B:F,5,0),"0") -> 0 | DS10: =IFERROR(VLOOKUP(B10,'16'!B:J,9,0),"0") -> 0 | DT10: =IFERROR(VLOOKUP(B10,'16'!B:K,10,0),"0") -> 0 | DU10: =IFERROR(VLOOKUP(B10,'16'!B:L,11,0),"0") -> 0 | DV10: =SUM(DP10:DS10) -> 0 | DW10: =IFERROR(VLOOKUP(B10,'17'!B:D,3,0),"0") -> 0 | DX10: =IFERROR(VLOOKUP(B10,'17'!B:E,4,0),"0") -> 0 | DY10: =IFERROR(VLOOKUP(B10,'17'!B:F,5,0),"0") -> 0 | DZ10: =IFERROR(VLOOKUP(B10,'17'!B:J,9,0),"0") -> 0 | EA10: =IFERROR(VLOOKUP(B10,'17'!B:K,10,0),"0") -> 0 | EB10: =IFERROR(VLOOKUP(B10,'17'!B:L,11,0),"0") -> 181 | EC10: =SUM(DW10:DZ10) -> 0 | ED10: =IFERROR(VLOOKUP(B10,'18'!B:D,3,0),"0") -> 0 | EE10: =IFERROR(VLOOKUP(B10,'18'!B:E,4,0),"0") -> 0 | EF10: =IFERROR(VLOOKUP(B10,'18'!B:F,5,0),"0") -> 0 | EG10: =IFERROR(VLOOKUP(B10,'18'!B:J,9,0),"0") -> 0 | EH10: =IFERROR(VLOOKUP(B10,'18'!B:K,10,0),"0") -> 0 | EI10: =IFERROR(VLOOKUP(B10,'18'!B:L,11,0),"0") -> 0 | EJ10: =SUM(ED10:EI10) -> 0 | EK10: =IFERROR(VLOOKUP(B10,'19'!B:D,3,0),"0") -> 0 | EL10: =IFERROR(VLOOKUP(B10,'19'!B:E,4,0),"0") -> 0 | EM10: =IFERROR(VLOOKUP(B10,'19'!B:F,5,0),"0") -> 0 | EN10: =IFERROR(VLOOKUP(B10,'19'!B:J,9,0),"0") -> 0 | EO10: =IFERROR(VLOOKUP(B10,'19'!B:K,10,0),"0") -> 0 | EP10: =IFERROR(VLOOKUP(B10,'19'!B:L,11,0),"0") -> 0 | EQ10: =SUM(EK10:EP10) -> 0 | ER10: =IFERROR(VLOOKUP(B10,'20'!B:D,3,0),"0") -> 0 | ES10: =IFERROR(VLOOKUP(B10,'20'!B:E,4,0),"0") -> 0 | ET10: =IFERROR(VLOOKUP(B10,'20'!B:F,5,0),"0") -> 0 | EU10: =IFERROR(VLOOKUP(B10,'20'!B:J,9,0),"0") -> 0 | EV10: =IFERROR(VLOOKUP(B10,'20'!B:K,10,0),"0") -> 0 | EW10: =IFERROR(VLOOKUP(B10,'20'!B:L,11,0),"0") -> 0 | EX10: =SUM(ER10:EW10) -> 0 | EY10: =IFERROR(VLOOKUP(B10,'21'!B:D,3,0),"0") -> 0 | EZ10: =IFERROR(VLOOKUP(B10,'21'!B:E,4,0),"0") -> 0 | FA10: =IFERROR(VLOOKUP(B10,'21'!B:F,5,0),"0") -> 0 | FB10: =IFERROR(VLOOKUP(B10,'21'!B:J,9,0),"0") -> 0 | FC10: =IFERROR(VLOOKUP(B10,'21'!B:K,10,0),"0") -> 0 | FD10: =IFERROR(VLOOKUP(B10,'21'!B:L,11,0),"0") -> 0 | FE10: =SUM(EY10:FD10) -> 0 | FF10: =IFERROR(VLOOKUP(B10,'22'!B:D,3,0),"0") -> 0 | FG10: =IFERROR(VLOOKUP(B10,'22'!B:E,4,0),"0") -> 0 | FH10: =IFERROR(VLOOKUP(B10,'22'!B:F,5,0),"0") -> 0 | FI10: =IFERROR(VLOOKUP(B10,'22'!B:J,9,0),"0") -> 0 | FJ10: =IFERROR(VLOOKUP(B10,'22'!B:K,10,0),"0") -> 0 | FK10: =IFERROR(VLOOKUP(B10,'22'!B:L,11,0),"0") -> 0 | FL10: =SUM(FF10:FK10) -> 0 | FM10: =IFERROR(VLOOKUP(B10,'23'!B:D,3,0),"0") -> 0 | FN10: =IFERROR(VLOOKUP(B10,'23'!B:E,4,0),"0") -> 0 | FO10: =IFERROR(VLOOKUP(B10,'23'!B:F,5,0),"0") -> 0 | FP10: =IFERROR(VLOOKUP(B10,'23'!B:J,9,0),"0") -> 0 | FQ10: =IFERROR(VLOOKUP(B10,'23'!B:K,10,0),"0") -> 0 | FR10: =IFERROR(VLOOKUP(B10,'23'!B:L,11,0),"0") -> 0 | FS10: =SUM(FM10:FR10) -> 0 | FT10: =IFERROR(VLOOKUP(B10,'24'!B:D,3,0),"0") -> 0 | FU10: =IFERROR(VLOOKUP(B10,'24'!B:E,4,0),"0") -> 0 | FV10: =IFERROR(VLOOKUP(B10,'24'!B:F,5,0),"0") -> 0 | FW10: =IFERROR(VLOOKUP(B10,'24'!B:J,9,0),"0") -> 0 | FX10: =IFERROR(VLOOKUP(B10,'24'!B:K,10,0),"0") -> 0 | FY10: =IFERROR(VLOOKUP(B10,'24'!B:L,11,0),"0") -> 0 | FZ10: =SUM(FT10:FY10) -> 0 | GA10: =IFERROR(VLOOKUP(B10,'25'!B:D,3,0),"0") -> 0 | GB10: =IFERROR(VLOOKUP(B10,'25'!B:E,4,0),"0") -> 0 | GC10: =IFERROR(VLOOKUP(B10,'25'!B:F,5,0),"0") -> 0 | GD10: =IFERROR(VLOOKUP(B10,'25'!B:J,9,0),"0") -> 0 | GE10: =IFERROR(VLOOKUP(B10,'25'!B:K,10,0),"0") -> 0 | GF10: =IFERROR(VLOOKUP(B10,'25'!B:L,11,0),"0") -> 0 | GG10: =SUM(GA10:GD10) -> 0 | GH10: =IFERROR(VLOOKUP(B10,'26'!B:D,3,0),"0") -> 0 | GI10: =IFERROR(VLOOKUP(B10,'26'!B:E,4,0),"0") -> 0 | GJ10: =IFERROR(VLOOKUP(B10,'26'!B:F,5,0),"0") -> 0 | GK10: =IFERROR(VLOOKUP(B10,'26'!B:J,9,0),"0") -> 0 | GL10: =IFERROR(VLOOKUP(B10,'26'!B:K,10,0),"0") -> 0 | GM10: =IFERROR(VLOOKUP(B10,'26'!B:L,11,0),"0") -> 0 | GN10: =SUM(GH10:GK10) -> 0 | GO10: =IFERROR(VLOOKUP(B10,'27'!B:D,3,0),"0") -> 0 | GP10: =IFERROR(VLOOKUP(B10,'27'!B:E,4,0),"0") -> 0 | GQ10: =IFERROR(VLOOKUP(B10,'27'!B:F,5,0),"0") -> 0 | GR10: =IFERROR(VLOOKUP(B10,'27'!B:J,9,0),"0") -> 0 | GS10: =IFERROR(VLOOKUP(B10,'27'!B:K,10,0),"0") -> 0 | GT10: =IFERROR(VLOOKUP(B10,'27'!B:L,11,0),"0") -> 0 | GU10: =SUM(GO10:GT10) -> 0 | GV10: =IFERROR(VLOOKUP(B10,'28'!B:D,3,0),"0") -> 0 | GW10: =IFERROR(VLOOKUP(B10,'28'!B:E,4,0),"0") -> 0 | GX10: =IFERROR(VLOOKUP(B10,'28'!B:F,5,0),"0") -> 0 | GY10: =IFERROR(VLOOKUP(B10,'28'!B:J,9,0),"0") -> 0 | GZ10: =IFERROR(VLOOKUP(B10,'28'!B:K,10,0),"0") -> 0 | HA10: =IFERROR(VLOOKUP(B10,'28'!B:L,11,0),"0") -> 0 | HB10: =SUM(GV10:HA10) -> 0 | HC10: =IFERROR(VLOOKUP(B10,#REF!,3),"0") -> 0 | HD10: =IFERROR(VLOOKUP(B10,#REF!,4,0),"0") -> 0 | HE10: =IFERROR(VLOOKUP(B10,#REF!,5,0),"0") -> 0 | HF10: =IFERROR(VLOOKUP(B10,#REF!,9,0),"0") -> 0 | HG10: =IFERROR(VLOOKUP(B10,#REF!,10,0),"0") -> 0 | HH10: =IFERROR(VLOOKUP(B10,#REF!,11,0),"0") -> 0 | HI10: =SUM(HC10:HF10) -> 0 | HP10: =SUM(HJ10:HM10) -> 0 | HW10: =SUM(HQ10:HT10) -> 0
A11: 8 | B11: 1111090 | C11: ชิฟฟอน 8 ชิ้น เผือกล้วน | D11: กล่อง | E11: 37.01 | F11: =+M11*E11 -> 0 | G11: =+O11+V11+AC11+AJ11+AQ11+AX11+BE11+BL11+BS11+BZ11+CG11+CN11+CU11+DB11+DI11+DP11+DW11+ED11+EK11+ER11+EY11+FF11+FM11+FT11+GA11+GH11+GO11+GV11+HC11+HJ11+HQ11 -> 0 | H11: =+P11+W11+AD11+AK11+AR11+AY11+BF11+BM11+BT11+CA11+CH11+CO11+CV11+DC11+DJ11+DQ11+DX11+EE11+EL11+ES11+EZ11+FG11+FN11+FU11+GB11+GI11+GP11+GW11+HD11+HK11+HR11 -> 0 | I11: =+Q11+X11+AE11+AL11+AS11+AZ11+BG11+BN11+BU11+CB11+CI11+CP11+CW11+DD11+DK11+DR11+DY11+EF11+EM11+ET11+FA11+FH11+FO11+FV11+GC11+GJ11+GQ11+GX11+HE11+HL11+HS11 -> 0 | J11: =+R11+Y11+AF11+AM11+AT11+BA11+BH11+BO11+BV11+CC11+CJ11+CQ11+CX11+DE11+DL11+DS11+DZ11+EG11+EN11+EU11+FB11+FI11+FP11+FW11+GD11+GK11+GR11+GY11+HF11+HM11+HT11 -> 0 | K11: =+S11+Z11+AG11+AN11+AU11+BB11+BI11+BP11+BW11+CD11+CK11+CR11+CY11+DF11+DM11+DT11+EA11+EH11+EO11+EV11+FC11+FJ11+FQ11+FX11+GE11+GL11+GS11+GZ11+HG11+HN11+HU11 -> 0 | L11: =+T11+AA11+AH11+AO11+AV11+BC11+BJ11+BQ11+BX11+CE11+CL11+CS11+CZ11+DG11+DN11+DU11+EB11+EI11+EP11+EW11+FD11+FK11+FR11+FY11+GF11+GM11+GT11+HA11+HH11+HO11+HV11 -> 0 | M11: =SUM(G11:L11) -> 0 | N11: =+G11+H11+I11+J11+K11 -> 0 | O11: =IFERROR(VLOOKUP(B11,'1ไม่มียอด'!B:D,3,0),"0") -> 0 | P11: =IFERROR(VLOOKUP(B11,'1ไม่มียอด'!B:E,4,0),"0") -> 0 | Q11: =IFERROR(VLOOKUP(B11,'1ไม่มียอด'!B:F,5,0),"0") -> 0 | R11: =IFERROR(VLOOKUP(B11,'1ไม่มียอด'!B:G,6,0),"0") -> 0 | S11: =IFERROR(VLOOKUP(B11,'1ไม่มียอด'!B:J,9,0),"0") -> 0 | T11: =IFERROR(VLOOKUP(B11,'1ไม่มียอด'!B:K,10,0),"0") -> 0 | U11: =SUM(O11:R11) -> 0 | V11: =IFERROR(VLOOKUP(B11,#REF!,3,0),"0") -> 0 | W11: =IFERROR(VLOOKUP(B11,#REF!,4,0),"0") -> 0 | X11: =IFERROR(VLOOKUP(B11,#REF!,5,0),"0") -> 0 | Y11: =IFERROR(VLOOKUP(B11,#REF!,9,0),"0") -> 0 | Z11: =IFERROR(VLOOKUP(B11,#REF!,10,0),"0") -> 0 | AA11: =IFERROR(VLOOKUP(B11,#REF!,11,0),"0") -> 0 | AB11: =SUM(V11:Y11) -> 0 | AC11: =IFERROR(VLOOKUP(B11,'3'!B:D,3,0),"0") -> 0 | AD11: =IFERROR(VLOOKUP(B11,'3'!B:E,4,0),"0") -> 0 | AE11: =IFERROR(VLOOKUP(B11,'3'!B:F,5,0),"0") -> 0 | AF11: =IFERROR(VLOOKUP(B11,'3'!B:J,9,0),"0") -> 0 | AG11: =IFERROR(VLOOKUP(B11,'3'!B:K,10,0),"0") -> 0 | AH11: =IFERROR(VLOOKUP(B11,'3'!B:L,11,0),"0") -> 0 | AI11: =SUM(AC11:AH11) -> 0 | AJ11: =IFERROR(VLOOKUP(B11,'4'!B:D,3,0),"0") -> 0 | AK11: =IFERROR(VLOOKUP(B11,'4'!B:E,4,0),"0") -> 0 | AL11: =IFERROR(VLOOKUP(B11,'4'!B:F,5,0),"0") -> 0 | AM11: =IFERROR(VLOOKUP(B11,'4'!B:J,9,0),"0") -> 0 | AN11: =IFERROR(VLOOKUP(B11,'4'!B:K,10,0),"0") -> 0 | AO11: =IFERROR(VLOOKUP(B11,'4'!B:L,11,0),"0") -> 0 | AP11: =SUM(AJ11:AO11) -> 0 | AQ11: =IFERROR(VLOOKUP(B11,'5'!B:D,3,0),"0") -> 0 | AR11: =IFERROR(VLOOKUP(B11,'5'!B:E,4,0),"0") -> 0 | AS11: =IFERROR(VLOOKUP(B11,'5'!B:F,5,0),"0") -> 0 | AT11: =IFERROR(VLOOKUP(B11,'5'!B:J,9,0),"0") -> 0 | AU11: =IFERROR(VLOOKUP(B11,'5'!B:K,10,0),"0") -> 0 | AV11: =IFERROR(VLOOKUP(B11,'5'!B:L,11,0),"0") -> 0 | AW11: =SUM(AQ11:AT11) -> 0 | AX11: =IFERROR(VLOOKUP(B11,'6'!B:D,3,0),"0") -> 0 | AY11: =IFERROR(VLOOKUP(B11,'6'!B:E,4,0),"0") -> 0 | AZ11: =IFERROR(VLOOKUP(B11,'6'!B:F,5,0),"0") -> 0 | BA11: =IFERROR(VLOOKUP(B11,'6'!B:J,9,0),"0") -> 0 | BB11: =IFERROR(VLOOKUP(B11,'6'!B:K,10,0),"0") -> 0 | BC11: =IFERROR(VLOOKUP(B11,'6'!B:L,11,0),"0") -> 0 | BD11: =SUM(AX11:BC11) -> 0 | BE11: =IFERROR(VLOOKUP(B11,'7'!B:D,3,0),"0") -> 0 | BF11: =IFERROR(VLOOKUP(B11,'7'!B:E,4,0),"0") -> 0 | BG11: =IFERROR(VLOOKUP(B11,'7'!B:F,5,0),"0") -> 0 | BH11: =IFERROR(VLOOKUP(B11,'7'!B:J,9,0),"0") -> 0 | BI11: =IFERROR(VLOOKUP(B11,'7'!B:K,10,0),"0") -> 0 | BJ11: =IFERROR(VLOOKUP(B11,'7'!B:L,11,0),"0") -> 0 | BK11: =SUM(BE11:BH11) -> 0 | BL11: =IFERROR(VLOOKUP(B11,'8'!B:D,3,0),"0") -> 0 | BM11: =IFERROR(VLOOKUP(B11,'8'!B:E,4,0),"0") -> 0 | BN11: =IFERROR(VLOOKUP(B11,'8'!B:F,5,0),"0") -> 0 | BO11: =IFERROR(VLOOKUP(B11,'8'!B:J,9,0),"0") -> 0 | BP11: =IFERROR(VLOOKUP(B11,'8'!B:K,10,0),"0") -> 0 | BQ11: =IFERROR(VLOOKUP(B11,'8'!B:L,11,0),"0") -> 0 | BR11: =SUM(BL11:BQ11) -> 0 | BS11: =IFERROR(VLOOKUP(B11,'9'!B:D,3,0),"0") -> 0 | BT11: =IFERROR(VLOOKUP(B11,'9'!B:E,4,0),"0") -> 0 | BU11: =IFERROR(VLOOKUP(B11,'9'!B:F,5,0),"0") -> 0 | BV11: =IFERROR(VLOOKUP(B11,'9'!B:J,9,0),"0") -> 0 | BW11: =IFERROR(VLOOKUP(B11,'9'!B:K,10,0),"0") -> 0 | BX11: =IFERROR(VLOOKUP(B11,'9'!B:L,11,0),"0") -> 0 | BY11: =SUM(BS11:BX11) -> 0 | BZ11: =IFERROR(VLOOKUP(B11,'10'!B:D,3,0),"0") -> 0 | CA11: =IFERROR(VLOOKUP(B11,'10'!B:E,4,0),"0") -> 0 | CB11: =VLOOKUP(B11,'10'!B:F,5,0) -> 0 | CC11: =IFERROR(VLOOKUP(B11,'10'!B:J,9,0),"0") -> 0 | CD11: =IFERROR(VLOOKUP(B11,'10'!B:K,10,0),"0") -> 0 | CE11: =IFERROR(VLOOKUP(B11,'10'!B:L,11,0),"0") -> 0 | CF11: =SUM(BZ11:CC11) -> 0 | CG11: =IFERROR(VLOOKUP(B11,'11'!B:D,3,0),"0") -> 0 | CH11: =IFERROR(VLOOKUP(B11,'11'!B:E,4,0),"0") -> 0 | CI11: =IFERROR(VLOOKUP(B11,'11'!B:F,5,0),"0") -> 0 | CJ11: =IFERROR(VLOOKUP(B11,'11'!B:J,9,0),"0") -> 0 | CK11: =IFERROR(VLOOKUP(B11,'11'!B:K,10,0),"0") -> 0 | CL11: =IFERROR(VLOOKUP(B11,'11'!B:L,11,0),"0") -> 0 | CM11: =SUM(CG11:CJ11) -> 0 | CN11: =IFERROR(VLOOKUP(B11,'12'!B:D,3,0),"0") -> 0 | CO11: =IFERROR(VLOOKUP(B11,'12'!B:E,4,0),"0") -> 0 | CP11: =IFERROR(VLOOKUP(B11,'12'!B:F,5,0),"0") -> 0 | CQ11: =IFERROR(VLOOKUP(B11,'12'!B:J,9,0),"0") -> 0 | CR11: =IFERROR(VLOOKUP(B11,'12'!B:K,10,0),"0") -> 0 | CS11: =IFERROR(VLOOKUP(B11,'12'!B:L,11,0),"0") -> 0 | CT11: =SUM(CN11:CQ11) -> 0 | CU11: =IFERROR(VLOOKUP(B11,'13'!B:D,3,0),"0") -> 0 | CV11: =IFERROR(VLOOKUP(B11,'13'!B:E,4,0),"0") -> 0 | CW11: =IFERROR(VLOOKUP(B11,'13'!B:F,5,0),"0") -> 0 | CX11: =IFERROR(VLOOKUP(B11,'13'!B:J,9,0),"0") -> 0 | CY11: =IFERROR(VLOOKUP(B11,'13'!B:K,10,0),"0") -> 0 | CZ11: =IFERROR(VLOOKUP(B11,'13'!B:L,11,0),"0") -> 0 | DA11: =SUM(CU11:CX11) -> 0 | DB11: =IFERROR(VLOOKUP(B11,'14'!B:D,3,0),"0") -> 0 | DC11: =IFERROR(VLOOKUP(B11,'14'!B:E,4,0),"0") -> 0 | DD11: =IFERROR(VLOOKUP(B11,'14'!B:F,5,0),"0") -> 0 | DE11: =IFERROR(VLOOKUP(B11,'14'!B:J,9,0),"0") -> 0 | DF11: =IFERROR(VLOOKUP(B11,'14'!B:K,10,0),"0") -> 0 | DG11: =IFERROR(VLOOKUP(B11,'14'!B:L,11,0),"0") -> 0 | DH11: =SUM(DB11:DE11) -> 0 | DI11: =IFERROR(VLOOKUP(B11,'15'!B:D,3,0),"0") -> 0 | DJ11: =IFERROR(VLOOKUP(B11,'15'!B:E,4,0),"0") -> 0 | DK11: =IFERROR(VLOOKUP(B11,'15'!B:F,5,0),"0") -> 0 | DL11: =IFERROR(VLOOKUP(B11,'15'!B:J,9,0),"0") -> 0 | DM11: =IFERROR(VLOOKUP(B11,'15'!B:K,10,0),"0") -> 0 | DN11: =IFERROR(VLOOKUP(B11,'15'!B:L,11,0),"0") -> 0 | DO11: =SUM(DI11:DL11) -> 0 | DP11: =IFERROR(VLOOKUP(B11,'16'!B:D,3,0),"0") -> 0 | DQ11: =IFERROR(VLOOKUP(B11,'16'!B:E,4,0),"0") -> 0 | DR11: =IFERROR(VLOOKUP(B11,'16'!B:F,5,0),"0") -> 0 | DS11: =IFERROR(VLOOKUP(B11,'16'!B:J,9,0),"0") -> 0 | DT11: =IFERROR(VLOOKUP(B11,'16'!B:K,10,0),"0") -> 0 | DU11: =IFERROR(VLOOKUP(B11,'16'!B:L,11,0),"0") -> 0 | DV11: =SUM(DP11:DS11) -> 0 | DW11: =IFERROR(VLOOKUP(B11,'17'!B:D,3,0),"0") -> 0 | DX11: =IFERROR(VLOOKUP(B11,'17'!B:E,4,0),"0") -> 0 | DY11: =IFERROR(VLOOKUP(B11,'17'!B:F,5,0),"0") -> 0 | DZ11: =IFERROR(VLOOKUP(B11,'17'!B:J,9,0),"0") -> 0 | EA11: =IFERROR(VLOOKUP(B11,'17'!B:K,10,0),"0") -> 0 | EB11: =IFERROR(VLOOKUP(B11,'17'!B:L,11,0),"0") -> 0 | EC11: =SUM(DW11:DZ11) -> 0 | ED11: =IFERROR(VLOOKUP(B11,'18'!B:D,3,0),"0") -> 0 | EE11: =IFERROR(VLOOKUP(B11,'18'!B:E,4,0),"0") -> 0 | EF11: =IFERROR(VLOOKUP(B11,'18'!B:F,5,0),"0") -> 0 | EG11: =IFERROR(VLOOKUP(B11,'18'!B:J,9,0),"0") -> 0 | EH11: =IFERROR(VLOOKUP(B11,'18'!B:K,10,0),"0") -> 0 | EI11: =IFERROR(VLOOKUP(B11,'18'!B:L,11,0),"0") -> 0 | EJ11: =SUM(ED11:EI11) -> 0 | EK11: =IFERROR(VLOOKUP(B11,'19'!B:D,3,0),"0") -> 0 | EL11: =IFERROR(VLOOKUP(B11,'19'!B:E,4,0),"0") -> 0 | EM11: =IFERROR(VLOOKUP(B11,'19'!B:F,5,0),"0") -> 0 | EN11: =IFERROR(VLOOKUP(B11,'19'!B:J,9,0),"0") -> 0 | EO11: =IFERROR(VLOOKUP(B11,'19'!B:K,10,0),"0") -> 0 | EP11: =IFERROR(VLOOKUP(B11,'19'!B:L,11,0),"0") -> 0 | EQ11: =SUM(EK11:EP11) -> 0 | ER11: =IFERROR(VLOOKUP(B11,'20'!B:D,3,0),"0") -> 0 | ES11: =IFERROR(VLOOKUP(B11,'20'!B:E,4,0),"0") -> 0 | ET11: =IFERROR(VLOOKUP(B11,'20'!B:F,5,0),"0") -> 0 | EU11: =IFERROR(VLOOKUP(B11,'20'!B:J,9,0),"0") -> 0 | EV11: =IFERROR(VLOOKUP(B11,'20'!B:K,10,0),"0") -> 0 | EW11: =IFERROR(VLOOKUP(B11,'20'!B:L,11,0),"0") -> 0 | EX11: =SUM(ER11:EW11) -> 0 | EY11: =IFERROR(VLOOKUP(B11,'21'!B:D,3,0),"0") -> 0 | EZ11: =IFERROR(VLOOKUP(B11,'21'!B:E,4,0),"0") -> 0 | FA11: =IFERROR(VLOOKUP(B11,'21'!B:F,5,0),"0") -> 0 | FB11: =IFERROR(VLOOKUP(B11,'21'!B:J,9,0),"0") -> 0 | FC11: =IFERROR(VLOOKUP(B11,'21'!B:K,10,0),"0") -> 0 | FD11: =IFERROR(VLOOKUP(B11,'21'!B:L,11,0),"0") -> 0 | FE11: =SUM(EY11:FD11) -> 0 | FF11: =IFERROR(VLOOKUP(B11,'22'!B:D,3,0),"0") -> 0 | FG11: =IFERROR(VLOOKUP(B11,'22'!B:E,4,0),"0") -> 0 | FH11: =IFERROR(VLOOKUP(B11,'22'!B:F,5,0),"0") -> 0 | FI11: =IFERROR(VLOOKUP(B11,'22'!B:J,9,0),"0") -> 0 | FJ11: =IFERROR(VLOOKUP(B11,'22'!B:K,10,0),"0") -> 0 | FK11: =IFERROR(VLOOKUP(B11,'22'!B:L,11,0),"0") -> 0 | FL11: =SUM(FF11:FK11) -> 0 | FM11: =IFERROR(VLOOKUP(B11,'23'!B:D,3,0),"0") -> 0 | FN11: =IFERROR(VLOOKUP(B11,'23'!B:E,4,0),"0") -> 0 | FO11: =IFERROR(VLOOKUP(B11,'23'!B:F,5,0),"0") -> 0 | FP11: =IFERROR(VLOOKUP(B11,'23'!B:J,9,0),"0") -> 0 | FQ11: =IFERROR(VLOOKUP(B11,'23'!B:K,10,0),"0") -> 0 | FR11: =IFERROR(VLOOKUP(B11,'23'!B:L,11,0),"0") -> 0 | FS11: =SUM(FM11:FR11) -> 0 | FT11: =IFERROR(VLOOKUP(B11,'24'!B:D,3,0),"0") -> 0 | FU11: =IFERROR(VLOOKUP(B11,'24'!B:E,4,0),"0") -> 0 | FV11: =IFERROR(VLOOKUP(B11,'24'!B:F,5,0),"0") -> 0 | FW11: =IFERROR(VLOOKUP(B11,'24'!B:J,9,0),"0") -> 0 | FX11: =IFERROR(VLOOKUP(B11,'24'!B:K,10,0),"0") -> 0 | FY11: =IFERROR(VLOOKUP(B11,'24'!B:L,11,0),"0") -> 0 | FZ11: =SUM(FT11:FY11) -> 0 | GA11: =IFERROR(VLOOKUP(B11,'25'!B:D,3,0),"0") -> 0 | GB11: =IFERROR(VLOOKUP(B11,'25'!B:E,4,0),"0") -> 0 | GC11: =IFERROR(VLOOKUP(B11,'25'!B:F,5,0),"0") -> 0 | GD11: =IFERROR(VLOOKUP(B11,'25'!B:J,9,0),"0") -> 0 | GE11: =IFERROR(VLOOKUP(B11,'25'!B:K,10,0),"0") -> 0 | GF11: =IFERROR(VLOOKUP(B11,'25'!B:L,11,0),"0") -> 0 | GG11: =SUM(GA11:GD11) -> 0 | GH11: =IFERROR(VLOOKUP(B11,'26'!B:D,3,0),"0") -> 0 | GI11: =IFERROR(VLOOKUP(B11,'26'!B:E,4,0),"0") -> 0 | GJ11: =IFERROR(VLOOKUP(B11,'26'!B:F,5,0),"0") -> 0 | GK11: =IFERROR(VLOOKUP(B11,'26'!B:J,9,0),"0") -> 0 | GL11: =IFERROR(VLOOKUP(B11,'26'!B:K,10,0),"0") -> 0 | GM11: =IFERROR(VLOOKUP(B11,'26'!B:L,11,0),"0") -> 0 | GN11: =SUM(GH11:GK11) -> 0 | GO11: =IFERROR(VLOOKUP(B11,'27'!B:D,3,0),"0") -> 0 | GP11: =IFERROR(VLOOKUP(B11,'27'!B:E,4,0),"0") -> 0 | GQ11: =IFERROR(VLOOKUP(B11,'27'!B:F,5,0),"0") -> 0 | GR11: =IFERROR(VLOOKUP(B11,'27'!B:J,9,0),"0") -> 0 | GS11: =IFERROR(VLOOKUP(B11,'27'!B:K,10,0),"0") -> 0 | GT11: =IFERROR(VLOOKUP(B11,'27'!B:L,11,0),"0") -> 0 | GU11: =SUM(GO11:GT11) -> 0 | GV11: =IFERROR(VLOOKUP(B11,'28'!B:D,3,0),"0") -> 0 | GW11: =IFERROR(VLOOKUP(B11,'28'!B:E,4,0),"0") -> 0 | GX11: =IFERROR(VLOOKUP(B11,'28'!B:F,5,0),"0") -> 0 | GY11: =IFERROR(VLOOKUP(B11,'28'!B:J,9,0),"0") -> 0 | GZ11: =IFERROR(VLOOKUP(B11,'28'!B:K,10,0),"0") -> 0 | HA11: =IFERROR(VLOOKUP(B11,'28'!B:L,11,0),"0") -> 0 | HB11: =SUM(GV11:HA11) -> 0 | HC11: =IFERROR(VLOOKUP(B11,#REF!,3),"0") -> 0 | HD11: =IFERROR(VLOOKUP(B11,#REF!,4,0),"0") -> 0 | HE11: =IFERROR(VLOOKUP(B11,#REF!,5,0),"0") -> 0 | HF11: =IFERROR(VLOOKUP(B11,#REF!,9,0),"0") -> 0 | HG11: =IFERROR(VLOOKUP(B11,#REF!,10,0),"0") -> 0 | HH11: =IFERROR(VLOOKUP(B11,#REF!,11,0),"0") -> 0 | HI11: =SUM(HC11:HF11) -> 0 | HP11: =SUM(HJ11:HM11) -> 0 | HW11: =SUM(HQ11:HT11) -> 0
A12: 9 | B12: 1111091 | C12: ชิฟฟอน 8 ชิ้น ใบเตยล้วน | D12: กล่อง | E12: 37.3 | F12: =+M12*E12 -> 0 | G12: =+O12+V12+AC12+AJ12+AQ12+AX12+BE12+BL12+BS12+BZ12+CG12+CN12+CU12+DB12+DI12+DP12+DW12+ED12+EK12+ER12+EY12+FF12+FM12+FT12+GA12+GH12+GO12+GV12+HC12+HJ12+HQ12 -> 0 | H12: =+P12+W12+AD12+AK12+AR12+AY12+BF12+BM12+BT12+CA12+CH12+CO12+CV12+DC12+DJ12+DQ12+DX12+EE12+EL12+ES12+EZ12+FG12+FN12+FU12+GB12+GI12+GP12+GW12+HD12+HK12+HR12 -> 0 | I12: =+Q12+X12+AE12+AL12+AS12+AZ12+BG12+BN12+BU12+CB12+CI12+CP12+CW12+DD12+DK12+DR12+DY12+EF12+EM12+ET12+FA12+FH12+FO12+FV12+GC12+GJ12+GQ12+GX12+HE12+HL12+HS12 -> 0 | J12: =+R12+Y12+AF12+AM12+AT12+BA12+BH12+BO12+BV12+CC12+CJ12+CQ12+CX12+DE12+DL12+DS12+DZ12+EG12+EN12+EU12+FB12+FI12+FP12+FW12+GD12+GK12+GR12+GY12+HF12+HM12+HT12 -> 0 | K12: =+S12+Z12+AG12+AN12+AU12+BB12+BI12+BP12+BW12+CD12+CK12+CR12+CY12+DF12+DM12+DT12+EA12+EH12+EO12+EV12+FC12+FJ12+FQ12+FX12+GE12+GL12+GS12+GZ12+HG12+HN12+HU12 -> 0 | L12: =+T12+AA12+AH12+AO12+AV12+BC12+BJ12+BQ12+BX12+CE12+CL12+CS12+CZ12+DG12+DN12+DU12+EB12+EI12+EP12+EW12+FD12+FK12+FR12+FY12+GF12+GM12+GT12+HA12+HH12+HO12+HV12 -> 0 | M12: =SUM(G12:L12) -> 0 | N12: =+G12+H12+I12+J12+K12 -> 0 | O12: =IFERROR(VLOOKUP(B12,'1ไม่มียอด'!B:D,3,0),"0") -> 0 | P12: =IFERROR(VLOOKUP(B12,'1ไม่มียอด'!B:E,4,0),"0") -> 0 | Q12: =IFERROR(VLOOKUP(B12,'1ไม่มียอด'!B:F,5,0),"0") -> 0 | R12: =IFERROR(VLOOKUP(B12,'1ไม่มียอด'!B:G,6,0),"0") -> 0 | S12: =IFERROR(VLOOKUP(B12,'1ไม่มียอด'!B:J,9,0),"0") -> 0 | T12: =IFERROR(VLOOKUP(B12,'1ไม่มียอด'!B:K,10,0),"0") -> 0 | U12: =SUM(O12:R12) -> 0 | V12: =IFERROR(VLOOKUP(B12,#REF!,3,0),"0") -> 0 | W12: =IFERROR(VLOOKUP(B12,#REF!,4,0),"0") -> 0 | X12: =IFERROR(VLOOKUP(B12,#REF!,5,0),"0") -> 0 | Y12: =IFERROR(VLOOKUP(B12,#REF!,9,0),"0") -> 0 | Z12: =IFERROR(VLOOKUP(B12,#REF!,10,0),"0") -> 0 | AA12: =IFERROR(VLOOKUP(B12,#REF!,11,0),"0") -> 0 | AB12: =SUM(V12:Y12) -> 0 | AC12: =IFERROR(VLOOKUP(B12,'3'!B:D,3,0),"0") -> 0 | AD12: =IFERROR(VLOOKUP(B12,'3'!B:E,4,0),"0") -> 0 | AE12: =IFERROR(VLOOKUP(B12,'3'!B:F,5,0),"0") -> 0 | AF12: =IFERROR(VLOOKUP(B12,'3'!B:J,9,0),"0") -> 0 | AG12: =IFERROR(VLOOKUP(B12,'3'!B:K,10,0),"0") -> 0 | AH12: =IFERROR(VLOOKUP(B12,'3'!B:L,11,0),"0") -> 0 | AI12: =SUM(AC12:AH12) -> 0 | AJ12: =IFERROR(VLOOKUP(B12,'4'!B:D,3,0),"0") -> 0 | AK12: =IFERROR(VLOOKUP(B12,'4'!B:E,4,0),"0") -> 0 | AL12: =IFERROR(VLOOKUP(B12,'4'!B:F,5,0),"0") -> 0 | AM12: =IFERROR(VLOOKUP(B12,'4'!B:J,9,0),"0") -> 0 | AN12: =IFERROR(VLOOKUP(B12,'4'!B:K,10,0),"0") -> 0 | AO12: =IFERROR(VLOOKUP(B12,'4'!B:L,11,0),"0") -> 0 | AP12: =SUM(AJ12:AO12) -> 0 | AQ12: =IFERROR(VLOOKUP(B12,'5'!B:D,3,0),"0") -> 0 | AR12: =IFERROR(VLOOKUP(B12,'5'!B:E,4,0),"0") -> 0 | AS12: =IFERROR(VLOOKUP(B12,'5'!B:F,5,0),"0") -> 0 | AT12: =IFERROR(VLOOKUP(B12,'5'!B:J,9,0),"0") -> 0 | AU12: =IFERROR(VLOOKUP(B12,'5'!B:K,10,0),"0") -> 0 | AV12: =IFERROR(VLOOKUP(B12,'5'!B:L,11,0),"0") -> 0 | AW12: =SUM(AQ12:AT12) -> 0 | AX12: =IFERROR(VLOOKUP(B12,'6'!B:D,3,0),"0") -> 0 | AY12: =IFERROR(VLOOKUP(B12,'6'!B:E,4,0),"0") -> 0 | AZ12: =IFERROR(VLOOKUP(B12,'6'!B:F,5,0),"0") -> 0 | BA12: =IFERROR(VLOOKUP(B12,'6'!B:J,9,0),"0") -> 0 | BB12: =IFERROR(VLOOKUP(B12,'6'!B:K,10,0),"0") -> 0 | BC12: =IFERROR(VLOOKUP(B12,'6'!B:L,11,0),"0") -> 0 | BD12: =SUM(AX12:BC12) -> 0 | BE12: =IFERROR(VLOOKUP(B12,'7'!B:D,3,0),"0") -> 0 | BF12: =IFERROR(VLOOKUP(B12,'7'!B:E,4,0),"0") -> 0 | BG12: =IFERROR(VLOOKUP(B12,'7'!B:F,5,0),"0") -> 0 | BH12: =IFERROR(VLOOKUP(B12,'7'!B:J,9,0),"0") -> 0 | BI12: =IFERROR(VLOOKUP(B12,'7'!B:K,10,0),"0") -> 0 | BJ12: =IFERROR(VLOOKUP(B12,'7'!B:L,11,0),"0") -> 0 | BK12: =SUM(BE12:BH12) -> 0 | BL12: =IFERROR(VLOOKUP(B12,'8'!B:D,3,0),"0") -> 0 | BM12: =IFERROR(VLOOKUP(B12,'8'!B:E,4,0),"0") -> 0 | BN12: =IFERROR(VLOOKUP(B12,'8'!B:F,5,0),"0") -> 0 | BO12: =IFERROR(VLOOKUP(B12,'8'!B:J,9,0),"0") -> 0 | BP12: =IFERROR(VLOOKUP(B12,'8'!B:K,10,0),"0") -> 0 | BQ12: =IFERROR(VLOOKUP(B12,'8'!B:L,11,0),"0") -> 0 | BR12: =SUM(BL12:BQ12) -> 0 | BS12: =IFERROR(VLOOKUP(B12,'9'!B:D,3,0),"0") -> 0 | BT12: =IFERROR(VLOOKUP(B12,'9'!B:E,4,0),"0") -> 0 | BU12: =IFERROR(VLOOKUP(B12,'9'!B:F,5,0),"0") -> 0 | BV12: =IFERROR(VLOOKUP(B12,'9'!B:J,9,0),"0") -> 0 | BW12: =IFERROR(VLOOKUP(B12,'9'!B:K,10,0),"0") -> 0 | BX12: =IFERROR(VLOOKUP(B12,'9'!B:L,11,0),"0") -> 0 | BY12: =SUM(BS12:BX12) -> 0 | BZ12: =IFERROR(VLOOKUP(B12,'10'!B:D,3,0),"0") -> 0 | CA12: =IFERROR(VLOOKUP(B12,'10'!B:E,4,0),"0") -> 0 | CB12: =VLOOKUP(B12,'10'!B:F,5,0) -> 0 | CC12: =IFERROR(VLOOKUP(B12,'10'!B:J,9,0),"0") -> 0 | CD12: =IFERROR(VLOOKUP(B12,'10'!B:K,10,0),"0") -> 0 | CE12: =IFERROR(VLOOKUP(B12,'10'!B:L,11,0),"0") -> 0 | CF12: =SUM(BZ12:CC12) -> 0 | CG12: =IFERROR(VLOOKUP(B12,'11'!B:D,3,0),"0") -> 0 | CH12: =IFERROR(VLOOKUP(B12,'11'!B:E,4,0),"0") -> 0 | CI12: =IFERROR(VLOOKUP(B12,'11'!B:F,5,0),"0") -> 0 | CJ12: =IFERROR(VLOOKUP(B12,'11'!B:J,9,0),"0") -> 0 | CK12: =IFERROR(VLOOKUP(B12,'11'!B:K,10,0),"0") -> 0 | CL12: =IFERROR(VLOOKUP(B12,'11'!B:L,11,0),"0") -> 0 | CM12: =SUM(CG12:CJ12) -> 0 | CN12: =IFERROR(VLOOKUP(B12,'12'!B:D,3,0),"0") -> 0 | CO12: =IFERROR(VLOOKUP(B12,'12'!B:E,4,0),"0") -> 0 | CP12: =IFERROR(VLOOKUP(B12,'12'!B:F,5,0),"0") -> 0 | CQ12: =IFERROR(VLOOKUP(B12,'12'!B:J,9,0),"0") -> 0 | CR12: =IFERROR(VLOOKUP(B12,'12'!B:K,10,0),"0") -> 0 | CS12: =IFERROR(VLOOKUP(B12,'12'!B:L,11,0),"0") -> 0 | CT12: =SUM(CN12:CQ12) -> 0 | CU12: =IFERROR(VLOOKUP(B12,'13'!B:D,3,0),"0") -> 0 | CV12: =IFERROR(VLOOKUP(B12,'13'!B:E,4,0),"0") -> 0 | CW12: =IFERROR(VLOOKUP(B12,'13'!B:F,5,0),"0") -> 0 | CX12: =IFERROR(VLOOKUP(B12,'13'!B:J,9,0),"0") -> 0 | CY12: =IFERROR(VLOOKUP(B12,'13'!B:K,10,0),"0") -> 0 | CZ12: =IFERROR(VLOOKUP(B12,'13'!B:L,11,0),"0") -> 0 | DA12: =SUM(CU12:CX12) -> 0 | DB12: =IFERROR(VLOOKUP(B12,'14'!B:D,3,0),"0") -> 0 | DC12: =IFERROR(VLOOKUP(B12,'14'!B:E,4,0),"0") -> 0 | DD12: =IFERROR(VLOOKUP(B12,'14'!B:F,5,0),"0") -> 0 | DE12: =IFERROR(VLOOKUP(B12,'14'!B:J,9,0),"0") -> 0 | DF12: =IFERROR(VLOOKUP(B12,'14'!B:K,10,0),"0") -> 0 | DG12: =IFERROR(VLOOKUP(B12,'14'!B:L,11,0),"0") -> 0 | DH12: =SUM(DB12:DE12) -> 0 | DI12: =IFERROR(VLOOKUP(B12,'15'!B:D,3,0),"0") -> 0 | DJ12: =IFERROR(VLOOKUP(B12,'15'!B:E,4,0),"0") -> 0 | DK12: =IFERROR(VLOOKUP(B12,'15'!B:F,5,0),"0") -> 0 | DL12: =IFERROR(VLOOKUP(B12,'15'!B:J,9,0),"0") -> 0 | DM12: =IFERROR(VLOOKUP(B12,'15'!B:K,10,0),"0") -> 0 | DN12: =IFERROR(VLOOKUP(B12,'15'!B:L,11,0),"0") -> 0 | DO12: =SUM(DI12:DL12) -> 0 | DP12: =IFERROR(VLOOKUP(B12,'16'!B:D,3,0),"0") -> 0 | DQ12: =IFERROR(VLOOKUP(B12,'16'!B:E,4,0),"0") -> 0 | DR12: =IFERROR(VLOOKUP(B12,'16'!B:F,5,0),"0") -> 0 | DS12: =IFERROR(VLOOKUP(B12,'16'!B:J,9,0),"0") -> 0 | DT12: =IFERROR(VLOOKUP(B12,'16'!B:K,10,0),"0") -> 0 | DU12: =IFERROR(VLOOKUP(B12,'16'!B:L,11,0),"0") -> 0 | DV12: =SUM(DP12:DS12) -> 0 | DW12: =IFERROR(VLOOKUP(B12,'17'!B:D,3,0),"0") -> 0 | DX12: =IFERROR(VLOOKUP(B12,'17'!B:E,4,0),"0") -> 0 | DY12: =IFERROR(VLOOKUP(B12,'17'!B:F,5,0),"0") -> 0 | DZ12: =IFERROR(VLOOKUP(B12,'17'!B:J,9,0),"0") -> 0 | EA12: =IFERROR(VLOOKUP(B12,'17'!B:K,10,0),"0") -> 0 | EB12: =IFERROR(VLOOKUP(B12,'17'!B:L,11,0),"0") -> 0 | EC12: =SUM(DW12:DZ12) -> 0 | ED12: =IFERROR(VLOOKUP(B12,'18'!B:D,3,0),"0") -> 0 | EE12: =IFERROR(VLOOKUP(B12,'18'!B:E,4,0),"0") -> 0 | EF12: =IFERROR(VLOOKUP(B12,'18'!B:F,5,0),"0") -> 0 | EG12: =IFERROR(VLOOKUP(B12,'18'!B:J,9,0),"0") -> 0 | EH12: =IFERROR(VLOOKUP(B12,'18'!B:K,10,0),"0") -> 0 | EI12: =IFERROR(VLOOKUP(B12,'18'!B:L,11,0),"0") -> 0 | EJ12: =SUM(ED12:EI12) -> 0 | EK12: =IFERROR(VLOOKUP(B12,'19'!B:D,3,0),"0") -> 0 | EL12: =IFERROR(VLOOKUP(B12,'19'!B:E,4,0),"0") -> 0 | EM12: =IFERROR(VLOOKUP(B12,'19'!B:F,5,0),"0") -> 0 | EN12: =IFERROR(VLOOKUP(B12,'19'!B:J,9,0),"0") -> 0 | EO12: =IFERROR(VLOOKUP(B12,'19'!B:K,10,0),"0") -> 0 | EP12: =IFERROR(VLOOKUP(B12,'19'!B:L,11,0),"0") -> 0 | EQ12: =SUM(EK12:EP12) -> 0 | ER12: =IFERROR(VLOOKUP(B12,'20'!B:D,3,0),"0") -> 0 | ES12: =IFERROR(VLOOKUP(B12,'20'!B:E,4,0),"0") -> 0 | ET12: =IFERROR(VLOOKUP(B12,'20'!B:F,5,0),"0") -> 0 | EU12: =IFERROR(VLOOKUP(B12,'20'!B:J,9,0),"0") -> 0 | EV12: =IFERROR(VLOOKUP(B12,'20'!B:K,10,0),"0") -> 0 | EW12: =IFERROR(VLOOKUP(B12,'20'!B:L,11,0),"0") -> 0 | EX12: =SUM(ER12:EW12) -> 0 | EY12: =IFERROR(VLOOKUP(B12,'21'!B:D,3,0),"0") -> 0 | EZ12: =IFERROR(VLOOKUP(B12,'21'!B:E,4,0),"0") -> 0 | FA12: =IFERROR(VLOOKUP(B12,'21'!B:F,5,0),"0") -> 0 | FB12: =IFERROR(VLOOKUP(B12,'21'!B:J,9,0),"0") -> 0 | FC12: =IFERROR(VLOOKUP(B12,'21'!B:K,10,0),"0") -> 0 | FD12: =IFERROR(VLOOKUP(B12,'21'!B:L,11,0),"0") -> 0 | FE12: =SUM(EY12:FD12) -> 0 | FF12: =IFERROR(VLOOKUP(B12,'22'!B:D,3,0),"0") -> 0 | FG12: =IFERROR(VLOOKUP(B12,'22'!B:E,4,0),"0") -> 0 | FH12: =IFERROR(VLOOKUP(B12,'22'!B:F,5,0),"0") -> 0 | FI12: =IFERROR(VLOOKUP(B12,'22'!B:J,9,0),"0") -> 0 | FJ12: =IFERROR(VLOOKUP(B12,'22'!B:K,10,0),"0") -> 0 | FK12: =IFERROR(VLOOKUP(B12,'22'!B:L,11,0),"0") -> 0 | FL12: =SUM(FF12:FK12) -> 0 | FM12: =IFERROR(VLOOKUP(B12,'23'!B:D,3,0),"0") -> 0 | FN12: =IFERROR(VLOOKUP(B12,'23'!B:E,4,0),"0") -> 0 | FO12: =IFERROR(VLOOKUP(B12,'23'!B:F,5,0),"0") -> 0 | FP12: =IFERROR(VLOOKUP(B12,'23'!B:J,9,0),"0") -> 0 | FQ12: =IFERROR(VLOOKUP(B12,'23'!B:K,10,0),"0") -> 0 | FR12: =IFERROR(VLOOKUP(B12,'23'!B:L,11,0),"0") -> 0 | FS12: =SUM(FM12:FR12) -> 0 | FT12: =IFERROR(VLOOKUP(B12,'24'!B:D,3,0),"0") -> 0 | FU12: =IFERROR(VLOOKUP(B12,'24'!B:E,4,0),"0") -> 0 | FV12: =IFERROR(VLOOKUP(B12,'24'!B:F,5,0),"0") -> 0 | FW12: =IFERROR(VLOOKUP(B12,'24'!B:J,9,0),"0") -> 0 | FX12: =IFERROR(VLOOKUP(B12,'24'!B:K,10,0),"0") -> 0 | FY12: =IFERROR(VLOOKUP(B12,'24'!B:L,11,0),"0") -> 0 | FZ12: =SUM(FT12:FY12) -> 0 | GA12: =IFERROR(VLOOKUP(B12,'25'!B:D,3,0),"0") -> 0 | GB12: =IFERROR(VLOOKUP(B12,'25'!B:E,4,0),"0") -> 0 | GC12: =IFERROR(VLOOKUP(B12,'25'!B:F,5,0),"0") -> 0 | GD12: =IFERROR(VLOOKUP(B12,'25'!B:J,9,0),"0") -> 0 | GE12: =IFERROR(VLOOKUP(B12,'25'!B:K,10,0),"0") -> 0 | GF12: =IFERROR(VLOOKUP(B12,'25'!B:L,11,0),"0") -> 0 | GG12: =SUM(GA12:GD12) -> 0 | GH12: =IFERROR(VLOOKUP(B12,'26'!B:D,3,0),"0") -> 0 | GI12: =IFERROR(VLOOKUP(B12,'26'!B:E,4,0),"0") -> 0 | GJ12: =IFERROR(VLOOKUP(B12,'26'!B:F,5,0),"0") -> 0 | GK12: =IFERROR(VLOOKUP(B12,'26'!B:J,9,0),"0") -> 0 | GL12: =IFERROR(VLOOKUP(B12,'26'!B:K,10,0),"0") -> 0 | GM12: =IFERROR(VLOOKUP(B12,'26'!B:L,11,0),"0") -> 0 | GN12: =SUM(GH12:GK12) -> 0 | GO12: =IFERROR(VLOOKUP(B12,'27'!B:D,3,0),"0") -> 0 | GP12: =IFERROR(VLOOKUP(B12,'27'!B:E,4,0),"0") -> 0 | GQ12: =IFERROR(VLOOKUP(B12,'27'!B:F,5,0),"0") -> 0 | GR12: =IFERROR(VLOOKUP(B12,'27'!B:J,9,0),"0") -> 0 | GS12: =IFERROR(VLOOKUP(B12,'27'!B:K,10,0),"0") -> 0 | GT12: =IFERROR(VLOOKUP(B12,'27'!B:L,11,0),"0") -> 0 | GU12: =SUM(GO12:GT12) -> 0 | GV12: =IFERROR(VLOOKUP(B12,'28'!B:D,3,0),"0") -> 0 | GW12: =IFERROR(VLOOKUP(B12,'28'!B:E,4,0),"0") -> 0 | GX12: =IFERROR(VLOOKUP(B12,'28'!B:F,5,0),"0") -> 0 | GY12: =IFERROR(VLOOKUP(B12,'28'!B:J,9,0),"0") -> 0 | GZ12: =IFERROR(VLOOKUP(B12,'28'!B:K,10,0),"0") -> 0 | HA12: =IFERROR(VLOOKUP(B12,'28'!B:L,11,0),"0") -> 0 | HB12: =SUM(GV12:HA12) -> 0 | HC12: =IFERROR(VLOOKUP(B12,#REF!,3),"0") -> 0 | HD12: =IFERROR(VLOOKUP(B12,#REF!,4,0),"0") -> 0 | HE12: =IFERROR(VLOOKUP(B12,#REF!,5,0),"0") -> 0 | HF12: =IFERROR(VLOOKUP(B12,#REF!,9,0),"0") -> 0 | HG12: =IFERROR(VLOOKUP(B12,#REF!,10,0),"0") -> 0 | HH12: =IFERROR(VLOOKUP(B12,#REF!,11,0),"0") -> 0 | HI12: =SUM(HC12:HF12) -> 0 | HP12: =SUM(HJ12:HM12) -> 0 | HW12: =SUM(HQ12:HT12) -> 0
A13: 10 | B13: 1111092 | C13: ชิฟฟอน 8 ชิ้น กล้วยหอม | D13: กล่อง | E13: 37.05 | F13: =+M13*E13 -> 0 | G13: =+O13+V13+AC13+AJ13+AQ13+AX13+BE13+BL13+BS13+BZ13+CG13+CN13+CU13+DB13+DI13+DP13+DW13+ED13+EK13+ER13+EY13+FF13+FM13+FT13+GA13+GH13+GO13+GV13+HC13+HJ13+HQ13 -> 0 | H13: =+P13+W13+AD13+AK13+AR13+AY13+BF13+BM13+BT13+CA13+CH13+CO13+CV13+DC13+DJ13+DQ13+DX13+EE13+EL13+ES13+EZ13+FG13+FN13+FU13+GB13+GI13+GP13+GW13+HD13+HK13+HR13 -> 0 | I13: =+Q13+X13+AE13+AL13+AS13+AZ13+BG13+BN13+BU13+CB13+CI13+CP13+CW13+DD13+DK13+DR13+DY13+EF13+EM13+ET13+FA13+FH13+FO13+FV13+GC13+GJ13+GQ13+GX13+HE13+HL13+HS13 -> 0 | J13: =+R13+Y13+AF13+AM13+AT13+BA13+BH13+BO13+BV13+CC13+CJ13+CQ13+CX13+DE13+DL13+DS13+DZ13+EG13+EN13+EU13+FB13+FI13+FP13+FW13+GD13+GK13+GR13+GY13+HF13+HM13+HT13 -> 0 | K13: =+S13+Z13+AG13+AN13+AU13+BB13+BI13+BP13+BW13+CD13+CK13+CR13+CY13+DF13+DM13+DT13+EA13+EH13+EO13+EV13+FC13+FJ13+FQ13+FX13+GE13+GL13+GS13+GZ13+HG13+HN13+HU13 -> 0 | L13: =+T13+AA13+AH13+AO13+AV13+BC13+BJ13+BQ13+BX13+CE13+CL13+CS13+CZ13+DG13+DN13+DU13+EB13+EI13+EP13+EW13+FD13+FK13+FR13+FY13+GF13+GM13+GT13+HA13+HH13+HO13+HV13 -> 0 | M13: =SUM(G13:L13) -> 0 | N13: =+G13+H13+I13+J13+K13 -> 0 | O13: =IFERROR(VLOOKUP(B13,'1ไม่มียอด'!B:D,3,0),"0") -> 0 | P13: =IFERROR(VLOOKUP(B13,'1ไม่มียอด'!B:E,4,0),"0") -> 0 | Q13: =IFERROR(VLOOKUP(B13,'1ไม่มียอด'!B:F,5,0),"0") -> 0 | R13: =IFERROR(VLOOKUP(B13,'1ไม่มียอด'!B:G,6,0),"0") -> 0 | S13: =IFERROR(VLOOKUP(B13,'1ไม่มียอด'!B:J,9,0),"0") -> 0 | T13: =IFERROR(VLOOKUP(B13,'1ไม่มียอด'!B:K,10,0),"0") -> 0 | U13: =SUM(O13:R13) -> 0 | V13: =IFERROR(VLOOKUP(B13,#REF!,3,0),"0") -> 0 | W13: =IFERROR(VLOOKUP(B13,#REF!,4,0),"0") -> 0 | X13: =IFERROR(VLOOKUP(B13,#REF!,5,0),"0") -> 0 | Y13: =IFERROR(VLOOKUP(B13,#REF!,9,0),"0") -> 0 | Z13: =IFERROR(VLOOKUP(B13,#REF!,10,0),"0") -> 0 | AA13: =IFERROR(VLOOKUP(B13,#REF!,11,0),"0") -> 0 | AB13: =SUM(V13:Y13) -> 0 | AC13: =IFERROR(VLOOKUP(B13,'3'!B:D,3,0),"0") -> 0 | AD13: =IFERROR(VLOOKUP(B13,'3'!B:E,4,0),"0") -> 0 | AE13: =IFERROR(VLOOKUP(B13,'3'!B:F,5,0),"0") -> 0 | AF13: =IFERROR(VLOOKUP(B13,'3'!B:J,9,0),"0") -> 0 | AG13: =IFERROR(VLOOKUP(B13,'3'!B:K,10,0),"0") -> 0 | AH13: =IFERROR(VLOOKUP(B13,'3'!B:L,11,0),"0") -> 0 | AI13: =SUM(AC13:AH13) -> 0 | AJ13: =IFERROR(VLOOKUP(B13,'4'!B:D,3,0),"0") -> 0 | AK13: =IFERROR(VLOOKUP(B13,'4'!B:E,4,0),"0") -> 0 | AL13: =IFERROR(VLOOKUP(B13,'4'!B:F,5,0),"0") -> 0 | AM13: =IFERROR(VLOOKUP(B13,'4'!B:J,9,0),"0") -> 0 | AN13: =IFERROR(VLOOKUP(B13,'4'!B:K,10,0),"0") -> 0 | AO13: =IFERROR(VLOOKUP(B13,'4'!B:L,11,0),"0") -> 0 | AP13: =SUM(AJ13:AO13) -> 0 | AQ13: =IFERROR(VLOOKUP(B13,'5'!B:D,3,0),"0") -> 0 | AR13: =IFERROR(VLOOKUP(B13,'5'!B:E,4,0),"0") -> 0 | AS13: =IFERROR(VLOOKUP(B13,'5'!B:F,5,0),"0") -> 0 | AT13: =IFERROR(VLOOKUP(B13,'5'!B:J,9,0),"0") -> 0 | AU13: =IFERROR(VLOOKUP(B13,'5'!B:K,10,0),"0") -> 0 | AV13: =IFERROR(VLOOKUP(B13,'5'!B:L,11,0),"0") -> 0 | AW13: =SUM(AQ13:AT13) -> 0 | AX13: =IFERROR(VLOOKUP(B13,'6'!B:D,3,0),"0") -> 0 | AY13: =IFERROR(VLOOKUP(B13,'6'!B:E,4,0),"0") -> 0 | AZ13: =IFERROR(VLOOKUP(B13,'6'!B:F,5,0),"0") -> 0 | BA13: =IFERROR(VLOOKUP(B13,'6'!B:J,9,0),"0") -> 0 | BB13: =IFERROR(VLOOKUP(B13,'6'!B:K,10,0),"0") -> 0 | BC13: =IFERROR(VLOOKUP(B13,'6'!B:L,11,0),"0") -> 0 | BD13: =SUM(AX13:BC13) -> 0 | BE13: =IFERROR(VLOOKUP(B13,'7'!B:D,3,0),"0") -> 0 | BF13: =IFERROR(VLOOKUP(B13,'7'!B:E,4,0),"0") -> 0 | BG13: =IFERROR(VLOOKUP(B13,'7'!B:F,5,0),"0") -> 0 | BH13: =IFERROR(VLOOKUP(B13,'7'!B:J,9,0),"0") -> 0 | BI13: =IFERROR(VLOOKUP(B13,'7'!B:K,10,0),"0") -> 0 | BJ13: =IFERROR(VLOOKUP(B13,'7'!B:L,11,0),"0") -> 0 | BK13: =SUM(BE13:BH13) -> 0 | BL13: =IFERROR(VLOOKUP(B13,'8'!B:D,3,0),"0") -> 0 | BM13: =IFERROR(VLOOKUP(B13,'8'!B:E,4,0),"0") -> 0 | BN13: =IFERROR(VLOOKUP(B13,'8'!B:F,5,0),"0") -> 0 | BO13: =IFERROR(VLOOKUP(B13,'8'!B:J,9,0),"0") -> 0 | BP13: =IFERROR(VLOOKUP(B13,'8'!B:K,10,0),"0") -> 0 | BQ13: =IFERROR(VLOOKUP(B13,'8'!B:L,11,0),"0") -> 0 | BR13: =SUM(BL13:BQ13) -> 0 | BS13: =IFERROR(VLOOKUP(B13,'9'!B:D,3,0),"0") -> 0 | BT13: =IFERROR(VLOOKUP(B13,'9'!B:E,4,0),"0") -> 0 | BU13: =IFERROR(VLOOKUP(B13,'9'!B:F,5,0),"0") -> 0 | BV13: =IFERROR(VLOOKUP(B13,'9'!B:J,9,0),"0") -> 0 | BW13: =IFERROR(VLOOKUP(B13,'9'!B:K,10,0),"0") -> 0 | BX13: =IFERROR(VLOOKUP(B13,'9'!B:L,11,0),"0") -> 0 | BY13: =SUM(BS13:BX13) -> 0 | BZ13: =IFERROR(VLOOKUP(B13,'10'!B:D,3,0),"0") -> 0 | CA13: =IFERROR(VLOOKUP(B13,'10'!B:E,4,0),"0") -> 0 | CB13: =VLOOKUP(B13,'10'!B:F,5,0) -> 0 | CC13: =IFERROR(VLOOKUP(B13,'10'!B:J,9,0),"0") -> 0 | CD13: =IFERROR(VLOOKUP(B13,'10'!B:K,10,0),"0") -> 0 | CE13: =IFERROR(VLOOKUP(B13,'10'!B:L,11,0),"0") -> 0 | CF13: =SUM(BZ13:CC13) -> 0 | CG13: =IFERROR(VLOOKUP(B13,'11'!B:D,3,0),"0") -> 0 | CH13: =IFERROR(VLOOKUP(B13,'11'!B:E,4,0),"0") -> 0 | CI13: =IFERROR(VLOOKUP(B13,'11'!B:F,5,0),"0") -> 0 | CJ13: =IFERROR(VLOOKUP(B13,'11'!B:J,9,0),"0") -> 0 | CK13: =IFERROR(VLOOKUP(B13,'11'!B:K,10,0),"0") -> 0 | CL13: =IFERROR(VLOOKUP(B13,'11'!B:L,11,0),"0") -> 0 | CM13: =SUM(CG13:CJ13) -> 0 | CN13: =IFERROR(VLOOKUP(B13,'12'!B:D,3,0),"0") -> 0 | CO13: =IFERROR(VLOOKUP(B13,'12'!B:E,4,0),"0") -> 0 | CP13: =IFERROR(VLOOKUP(B13,'12'!B:F,5,0),"0") -> 0 | CQ13: =IFERROR(VLOOKUP(B13,'12'!B:J,9,0),"0") -> 0 | CR13: =IFERROR(VLOOKUP(B13,'12'!B:K,10,0),"0") -> 0 | CS13: =IFERROR(VLOOKUP(B13,'12'!B:L,11,0),"0") -> 0 | CT13: =SUM(CN13:CQ13) -> 0 | CU13: =IFERROR(VLOOKUP(B13,'13'!B:D,3,0),"0") -> 0 | CV13: =IFERROR(VLOOKUP(B13,'13'!B:E,4,0),"0") -> 0 | CW13: =IFERROR(VLOOKUP(B13,'13'!B:F,5,0),"0") -> 0 | CX13: =IFERROR(VLOOKUP(B13,'13'!B:J,9,0),"0") -> 0 | CY13: =IFERROR(VLOOKUP(B13,'13'!B:K,10,0),"0") -> 0 | CZ13: =IFERROR(VLOOKUP(B13,'13'!B:L,11,0),"0") -> 0 | DA13: =SUM(CU13:CX13) -> 0 | DB13: =IFERROR(VLOOKUP(B13,'14'!B:D,3,0),"0") -> 0 | DC13: =IFERROR(VLOOKUP(B13,'14'!B:E,4,0),"0") -> 0 | DD13: =IFERROR(VLOOKUP(B13,'14'!B:F,5,0),"0") -> 0 | DE13: =IFERROR(VLOOKUP(B13,'14'!B:J,9,0),"0") -> 0 | DF13: =IFERROR(VLOOKUP(B13,'14'!B:K,10,0),"0") -> 0 | DG13: =IFERROR(VLOOKUP(B13,'14'!B:L,11,0),"0") -> 0 | DH13: =SUM(DB13:DE13) -> 0 | DI13: =IFERROR(VLOOKUP(B13,'15'!B:D,3,0),"0") -> 0 | DJ13: =IFERROR(VLOOKUP(B13,'15'!B:E,4,0),"0") -> 0 | DK13: =IFERROR(VLOOKUP(B13,'15'!B:F,5,0),"0") -> 0 | DL13: =IFERROR(VLOOKUP(B13,'15'!B:J,9,0),"0") -> 0 | DM13: =IFERROR(VLOOKUP(B13,'15'!B:K,10,0),"0") -> 0 | DN13: =IFERROR(VLOOKUP(B13,'15'!B:L,11,0),"0") -> 0 | DO13: =SUM(DI13:DL13) -> 0 | DP13: =IFERROR(VLOOKUP(B13,'16'!B:D,3,0),"0") -> 0 | DQ13: =IFERROR(VLOOKUP(B13,'16'!B:E,4,0),"0") -> 0 | DR13: =IFERROR(VLOOKUP(B13,'16'!B:F,5,0),"0") -> 0 | DS13: =IFERROR(VLOOKUP(B13,'16'!B:J,9,0),"0") -> 0 | DT13: =IFERROR(VLOOKUP(B13,'16'!B:K,10,0),"0") -> 0 | DU13: =IFERROR(VLOOKUP(B13,'16'!B:L,11,0),"0") -> 0 | DV13: =SUM(DP13:DS13) -> 0 | DW13: =IFERROR(VLOOKUP(B13,'17'!B:D,3,0),"0") -> 0 | DX13: =IFERROR(VLOOKUP(B13,'17'!B:E,4,0),"0") -> 0 | DY13: =IFERROR(VLOOKUP(B13,'17'!B:F,5,0),"0") -> 0 | DZ13: =IFERROR(VLOOKUP(B13,'17'!B:J,9,0),"0") -> 0 | EA13: =IFERROR(VLOOKUP(B13,'17'!B:K,10,0),"0") -> 0 | EB13: =IFERROR(VLOOKUP(B13,'17'!B:L,11,0),"0") -> 0 | EC13: =SUM(DW13:DZ13) -> 0 | ED13: =IFERROR(VLOOKUP(B13,'18'!B:D,3,0),"0") -> 0 | EE13: =IFERROR(VLOOKUP(B13,'18'!B:E,4,0),"0") -> 0 | EF13: =IFERROR(VLOOKUP(B13,'18'!B:F,5,0),"0") -> 0 | EG13: =IFERROR(VLOOKUP(B13,'18'!B:J,9,0),"0") -> 0 | EH13: =IFERROR(VLOOKUP(B13,'18'!B:K,10,0),"0") -> 0 | EI13: =IFERROR(VLOOKUP(B13,'18'!B:L,11,0),"0") -> 0 | EJ13: =SUM(ED13:EI13) -> 0 | EK13: =IFERROR(VLOOKUP(B13,'19'!B:D,3,0),"0") -> 0 | EL13: =IFERROR(VLOOKUP(B13,'19'!B:E,4,0),"0") -> 0 | EM13: =IFERROR(VLOOKUP(B13,'19'!B:F,5,0),"0") -> 0 | EN13: =IFERROR(VLOOKUP(B13,'19'!B:J,9,0),"0") -> 0 | EO13: =IFERROR(VLOOKUP(B13,'19'!B:K,10,0),"0") -> 0 | EP13: =IFERROR(VLOOKUP(B13,'19'!B:L,11,0),"0") -> 0 | EQ13: =SUM(EK13:EP13) -> 0 | ER13: =IFERROR(VLOOKUP(B13,'20'!B:D,3,0),"0") -> 0 | ES13: =IFERROR(VLOOKUP(B13,'20'!B:E,4,0),"0") -> 0 | ET13: =IFERROR(VLOOKUP(B13,'20'!B:F,5,0),"0") -> 0 | EU13: =IFERROR(VLOOKUP(B13,'20'!B:J,9,0),"0") -> 0 | EV13: =IFERROR(VLOOKUP(B13,'20'!B:K,10,0),"0") -> 0 | EW13: =IFERROR(VLOOKUP(B13,'20'!B:L,11,0),"0") -> 0 | EX13: =SUM(ER13:EW13) -> 0 | EY13: =IFERROR(VLOOKUP(B13,'21'!B:D,3,0),"0") -> 0 | EZ13: =IFERROR(VLOOKUP(B13,'21'!B:E,4,0),"0") -> 0 | FA13: =IFERROR(VLOOKUP(B13,'21'!B:F,5,0),"0") -> 0 | FB13: =IFERROR(VLOOKUP(B13,'21'!B:J,9,0),"0") -> 0 | FC13: =IFERROR(VLOOKUP(B13,'21'!B:K,10,0),"0") -> 0 | FD13: =IFERROR(VLOOKUP(B13,'21'!B:L,11,0),"0") -> 0 | FE13: =SUM(EY13:FD13) -> 0 | FF13: =IFERROR(VLOOKUP(B13,'22'!B:D,3,0),"0") -> 0 | FG13: =IFERROR(VLOOKUP(B13,'22'!B:E,4,0),"0") -> 0 | FH13: =IFERROR(VLOOKUP(B13,'22'!B:F,5,0),"0") -> 0 | FI13: =IFERROR(VLOOKUP(B13,'22'!B:J,9,0),"0") -> 0 | FJ13: =IFERROR(VLOOKUP(B13,'22'!B:K,10,0),"0") -> 0 | FK13: =IFERROR(VLOOKUP(B13,'22'!B:L,11,0),"0") -> 0 | FL13: =SUM(FF13:FK13) -> 0 | FM13: =IFERROR(VLOOKUP(B13,'23'!B:D,3,0),"0") -> 0 | FN13: =IFERROR(VLOOKUP(B13,'23'!B:E,4,0),"0") -> 0 | FO13: =IFERROR(VLOOKUP(B13,'23'!B:F,5,0),"0") -> 0 | FP13: =IFERROR(VLOOKUP(B13,'23'!B:J,9,0),"0") -> 0 | FQ13: =IFERROR(VLOOKUP(B13,'23'!B:K,10,0),"0") -> 0 | FR13: =IFERROR(VLOOKUP(B13,'23'!B:L,11,0),"0") -> 0 | FS13: =SUM(FM13:FR13) -> 0 | FT13: =IFERROR(VLOOKUP(B13,'24'!B:D,3,0),"0") -> 0 | FU13: =IFERROR(VLOOKUP(B13,'24'!B:E,4,0),"0") -> 0 | FV13: =IFERROR(VLOOKUP(B13,'24'!B:F,5,0),"0") -> 0 | FW13: =IFERROR(VLOOKUP(B13,'24'!B:J,9,0),"0") -> 0 | FX13: =IFERROR(VLOOKUP(B13,'24'!B:K,10,0),"0") -> 0 | FY13: =IFERROR(VLOOKUP(B13,'24'!B:L,11,0),"0") -> 0 | FZ13: =SUM(FT13:FY13) -> 0 | GA13: =IFERROR(VLOOKUP(B13,'25'!B:D,3,0),"0") -> 0 | GB13: =IFERROR(VLOOKUP(B13,'25'!B:E,4,0),"0") -> 0 | GC13: =IFERROR(VLOOKUP(B13,'25'!B:F,5,0),"0") -> 0 | GD13: =IFERROR(VLOOKUP(B13,'25'!B:J,9,0),"0") -> 0 | GE13: =IFERROR(VLOOKUP(B13,'25'!B:K,10,0),"0") -> 0 | GF13: =IFERROR(VLOOKUP(B13,'25'!B:L,11,0),"0") -> 0 | GG13: =SUM(GA13:GD13) -> 0 | GH13: =IFERROR(VLOOKUP(B13,'26'!B:D,3,0),"0") -> 0 | GI13: =IFERROR(VLOOKUP(B13,'26'!B:E,4,0),"0") -> 0 | GJ13: =IFERROR(VLOOKUP(B13,'26'!B:F,5,0),"0") -> 0 | GK13: =IFERROR(VLOOKUP(B13,'26'!B:J,9,0),"0") -> 0 | GL13: =IFERROR(VLOOKUP(B13,'26'!B:K,10,0),"0") -> 0 | GM13: =IFERROR(VLOOKUP(B13,'26'!B:L,11,0),"0") -> 0 | GN13: =SUM(GH13:GK13) -> 0 | GO13: =IFERROR(VLOOKUP(B13,'27'!B:D,3,0),"0") -> 0 | GP13: =IFERROR(VLOOKUP(B13,'27'!B:E,4,0),"0") -> 0 | GQ13: =IFERROR(VLOOKUP(B13,'27'!B:F,5,0),"0") -> 0 | GR13: =IFERROR(VLOOKUP(B13,'27'!B:J,9,0),"0") -> 0 | GS13: =IFERROR(VLOOKUP(B13,'27'!B:K,10,0),"0") -> 0 | GT13: =IFERROR(VLOOKUP(B13,'27'!B:L,11,0),"0") -> 0 | GU13: =SUM(GO13:GT13) -> 0 | GV13: =IFERROR(VLOOKUP(B13,'28'!B:D,3,0),"0") -> 0 | GW13: =IFERROR(VLOOKUP(B13,'28'!B:E,4,0),"0") -> 0 | GX13: =IFERROR(VLOOKUP(B13,'28'!B:F,5,0),"0") -> 0 | GY13: =IFERROR(VLOOKUP(B13,'28'!B:J,9,0),"0") -> 0 | GZ13: =IFERROR(VLOOKUP(B13,'28'!B:K,10,0),"0") -> 0 | HA13: =IFERROR(VLOOKUP(B13,'28'!B:L,11,0),"0") -> 0 | HB13: =SUM(GV13:HA13) -> 0 | HC13: =IFERROR(VLOOKUP(B13,#REF!,3),"0") -> 0 | HD13: =IFERROR(VLOOKUP(B13,#REF!,4,0),"0") -> 0 | HE13: =IFERROR(VLOOKUP(B13,#REF!,5,0),"0") -> 0 | HF13: =IFERROR(VLOOKUP(B13,#REF!,9,0),"0") -> 0 | HG13: =IFERROR(VLOOKUP(B13,#REF!,10,0),"0") -> 0 | HH13: =IFERROR(VLOOKUP(B13,#REF!,11,0),"0") -> 0 | HI13: =SUM(HC13:HF13) -> 0 | HP13: =SUM(HJ13:HM13) -> 0 | HW13: =SUM(HQ13:HT13) -> 0
A14: 11 | B14: 1111093 | C14: ชิฟฟอน 8 ชิ้น โกโก้ล้วน | D14: กล่อง | E14: 40.84 | F14: =+M14*E14 -> 0 | G14: =+O14+V14+AC14+AJ14+AQ14+AX14+BE14+BL14+BS14+BZ14+CG14+CN14+CU14+DB14+DI14+DP14+DW14+ED14+EK14+ER14+EY14+FF14+FM14+FT14+GA14+GH14+GO14+GV14+HC14+HJ14+HQ14 -> 0 | H14: =+P14+W14+AD14+AK14+AR14+AY14+BF14+BM14+BT14+CA14+CH14+CO14+CV14+DC14+DJ14+DQ14+DX14+EE14+EL14+ES14+EZ14+FG14+FN14+FU14+GB14+GI14+GP14+GW14+HD14+HK14+HR14 -> 0 | I14: =+Q14+X14+AE14+AL14+AS14+AZ14+BG14+BN14+BU14+CB14+CI14+CP14+CW14+DD14+DK14+DR14+DY14+EF14+EM14+ET14+FA14+FH14+FO14+FV14+GC14+GJ14+GQ14+GX14+HE14+HL14+HS14 -> 0 | J14: =+R14+Y14+AF14+AM14+AT14+BA14+BH14+BO14+BV14+CC14+CJ14+CQ14+CX14+DE14+DL14+DS14+DZ14+EG14+EN14+EU14+FB14+FI14+FP14+FW14+GD14+GK14+GR14+GY14+HF14+HM14+HT14 -> 0 | K14: =+S14+Z14+AG14+AN14+AU14+BB14+BI14+BP14+BW14+CD14+CK14+CR14+CY14+DF14+DM14+DT14+EA14+EH14+EO14+EV14+FC14+FJ14+FQ14+FX14+GE14+GL14+GS14+GZ14+HG14+HN14+HU14 -> 0 | L14: =+T14+AA14+AH14+AO14+AV14+BC14+BJ14+BQ14+BX14+CE14+CL14+CS14+CZ14+DG14+DN14+DU14+EB14+EI14+EP14+EW14+FD14+FK14+FR14+FY14+GF14+GM14+GT14+HA14+HH14+HO14+HV14 -> 0 | M14: =SUM(G14:L14) -> 0 | N14: =+G14+H14+I14+J14+K14 -> 0 | O14: =IFERROR(VLOOKUP(B14,'1ไม่มียอด'!B:D,3,0),"0") -> 0 | P14: =IFERROR(VLOOKUP(B14,'1ไม่มียอด'!B:E,4,0),"0") -> 0 | Q14: =IFERROR(VLOOKUP(B14,'1ไม่มียอด'!B:F,5,0),"0") -> 0 | R14: =IFERROR(VLOOKUP(B14,'1ไม่มียอด'!B:G,6,0),"0") -> 0 | S14: =IFERROR(VLOOKUP(B14,'1ไม่มียอด'!B:J,9,0),"0") -> 0 | T14: =IFERROR(VLOOKUP(B14,'1ไม่มียอด'!B:K,10,0),"0") -> 0 | U14: =SUM(O14:R14) -> 0 | V14: =IFERROR(VLOOKUP(B14,#REF!,3,0),"0") -> 0 | W14: =IFERROR(VLOOKUP(B14,#REF!,4,0),"0") -> 0 | X14: =IFERROR(VLOOKUP(B14,#REF!,5,0),"0") -> 0 | Y14: =IFERROR(VLOOKUP(B14,#REF!,9,0),"0") -> 0 | Z14: =IFERROR(VLOOKUP(B14,#REF!,10,0),"0") -> 0 | AA14: =IFERROR(VLOOKUP(B14,#REF!,11,0),"0") -> 0 | AB14: =SUM(V14:Y14) -> 0 | AC14: =IFERROR(VLOOKUP(B14,'3'!B:D,3,0),"0") -> 0 | AD14: =IFERROR(VLOOKUP(B14,'3'!B:E,4,0),"0") -> 0 | AE14: =IFERROR(VLOOKUP(B14,'3'!B:F,5,0),"0") -> 0 | AF14: =IFERROR(VLOOKUP(B14,'3'!B:J,9,0),"0") -> 0 | AG14: =IFERROR(VLOOKUP(B14,'3'!B:K,10,0),"0") -> 0 | AH14: =IFERROR(VLOOKUP(B14,'3'!B:L,11,0),"0") -> 0 | AI14: =SUM(AC14:AH14) -> 0 | AJ14: =IFERROR(VLOOKUP(B14,'4'!B:D,3,0),"0") -> 0 | AK14: =IFERROR(VLOOKUP(B14,'4'!B:E,4,0),"0") -> 0 | AL14: =IFERROR(VLOOKUP(B14,'4'!B:F,5,0),"0") -> 0 | AM14: =IFERROR(VLOOKUP(B14,'4'!B:J,9,0),"0") -> 0 | AN14: =IFERROR(VLOOKUP(B14,'4'!B:K,10,0),"0") -> 0 | AO14: =IFERROR(VLOOKUP(B14,'4'!B:L,11,0),"0") -> 0 | AP14: =SUM(AJ14:AO14) -> 0 | AQ14: =IFERROR(VLOOKUP(B14,'5'!B:D,3,0),"0") -> 0 | AR14: =IFERROR(VLOOKUP(B14,'5'!B:E,4,0),"0") -> 0 | AS14: =IFERROR(VLOOKUP(B14,'5'!B:F,5,0),"0") -> 0 | AT14: =IFERROR(VLOOKUP(B14,'5'!B:J,9,0),"0") -> 0 | AU14: =IFERROR(VLOOKUP(B14,'5'!B:K,10,0),"0") -> 0 | AV14: =IFERROR(VLOOKUP(B14,'5'!B:L,11,0),"0") -> 0 | AW14: =SUM(AQ14:AT14) -> 0 | AX14: =IFERROR(VLOOKUP(B14,'6'!B:D,3,0),"0") -> 0 | AY14: =IFERROR(VLOOKUP(B14,'6'!B:E,4,0),"0") -> 0 | AZ14: =IFERROR(VLOOKUP(B14,'6'!B:F,5,0),"0") -> 0 | BA14: =IFERROR(VLOOKUP(B14,'6'!B:J,9,0),"0") -> 0 | BB14: =IFERROR(VLOOKUP(B14,'6'!B:K,10,0),"0") -> 0 | BC14: =IFERROR(VLOOKUP(B14,'6'!B:L,11,0),"0") -> 0 | BD14: =SUM(AX14:BC14) -> 0 | BE14: =IFERROR(VLOOKUP(B14,'7'!B:D,3,0),"0") -> 0 | BF14: =IFERROR(VLOOKUP(B14,'7'!B:E,4,0),"0") -> 0 | BG14: =IFERROR(VLOOKUP(B14,'7'!B:F,5,0),"0") -> 0 | BH14: =IFERROR(VLOOKUP(B14,'7'!B:J,9,0),"0") -> 0 | BI14: =IFERROR(VLOOKUP(B14,'7'!B:K,10,0),"0") -> 0 | BJ14: =IFERROR(VLOOKUP(B14,'7'!B:L,11,0),"0") -> 0 | BK14: =SUM(BE14:BH14) -> 0 | BL14: =IFERROR(VLOOKUP(B14,'8'!B:D,3,0),"0") -> 0 | BM14: =IFERROR(VLOOKUP(B14,'8'!B:E,4,0),"0") -> 0 | BN14: =IFERROR(VLOOKUP(B14,'8'!B:F,5,0),"0") -> 0 | BO14: =IFERROR(VLOOKUP(B14,'8'!B:J,9,0),"0") -> 0 | BP14: =IFERROR(VLOOKUP(B14,'8'!B:K,10,0),"0") -> 0 | BQ14: =IFERROR(VLOOKUP(B14,'8'!B:L,11,0),"0") -> 0 | BR14: =SUM(BL14:BQ14) -> 0 | BS14: =IFERROR(VLOOKUP(B14,'9'!B:D,3,0),"0") -> 0 | BT14: =IFERROR(VLOOKUP(B14,'9'!B:E,4,0),"0") -> 0 | BU14: =IFERROR(VLOOKUP(B14,'9'!B:F,5,0),"0") -> 0 | BV14: =IFERROR(VLOOKUP(B14,'9'!B:J,9,0),"0") -> 0 | BW14: =IFERROR(VLOOKUP(B14,'9'!B:K,10,0),"0") -> 0 | BX14: =IFERROR(VLOOKUP(B14,'9'!B:L,11,0),"0") -> 0 | BY14: =SUM(BS14:BX14) -> 0 | BZ14: =IFERROR(VLOOKUP(B14,'10'!B:D,3,0),"0") -> 0 | CA14: =IFERROR(VLOOKUP(B14,'10'!B:E,4,0),"0") -> 0 | CB14: =VLOOKUP(B14,'10'!B:F,5,0) -> 0 | CC14: =IFERROR(VLOOKUP(B14,'10'!B:J,9,0),"0") -> 0 | CD14: =IFERROR(VLOOKUP(B14,'10'!B:K,10,0),"0") -> 0 | CE14: =IFERROR(VLOOKUP(B14,'10'!B:L,11,0),"0") -> 0 | CF14: =SUM(BZ14:CC14) -> 0 | CG14: =IFERROR(VLOOKUP(B14,'11'!B:D,3,0),"0") -> 0 | CH14: =IFERROR(VLOOKUP(B14,'11'!B:E,4,0),"0") -> 0 | CI14: =IFERROR(VLOOKUP(B14,'11'!B:F,5,0),"0") -> 0 | CJ14: =IFERROR(VLOOKUP(B14,'11'!B:J,9,0),"0") -> 0 | CK14: =IFERROR(VLOOKUP(B14,'11'!B:K,10,0),"0") -> 0 | CL14: =IFERROR(VLOOKUP(B14,'11'!B:L,11,0),"0") -> 0 | CM14: =SUM(CG14:CJ14) -> 0 | CN14: =IFERROR(VLOOKUP(B14,'12'!B:D,3,0),"0") -> 0 | CO14: =IFERROR(VLOOKUP(B14,'12'!B:E,4,0),"0") -> 0 | CP14: =IFERROR(VLOOKUP(B14,'12'!B:F,5,0),"0") -> 0 | CQ14: =IFERROR(VLOOKUP(B14,'12'!B:J,9,0),"0") -> 0 | CR14: =IFERROR(VLOOKUP(B14,'12'!B:K,10,0),"0") -> 0 | CS14: =IFERROR(VLOOKUP(B14,'12'!B:L,11,0),"0") -> 0 | CT14: =SUM(CN14:CQ14) -> 0 | CU14: =IFERROR(VLOOKUP(B14,'13'!B:D,3,0),"0") -> 0 | CV14: =IFERROR(VLOOKUP(B14,'13'!B:E,4,0),"0") -> 0 | CW14: =IFERROR(VLOOKUP(B14,'13'!B:F,5,0),"0") -> 0 | CX14: =IFERROR(VLOOKUP(B14,'13'!B:J,9,0),"0") -> 0 | CY14: =IFERROR(VLOOKUP(B14,'13'!B:K,10,0),"0") -> 0 | CZ14: =IFERROR(VLOOKUP(B14,'13'!B:L,11,0),"0") -> 0 | DA14: =SUM(CU14:CX14) -> 0 | DB14: =IFERROR(VLOOKUP(B14,'14'!B:D,3,0),"0") -> 0 | DC14: =IFERROR(VLOOKUP(B14,'14'!B:E,4,0),"0") -> 0 | DD14: =IFERROR(VLOOKUP(B14,'14'!B:F,5,0),"0") -> 0 | DE14: =IFERROR(VLOOKUP(B14,'14'!B:J,9,0),"0") -> 0 | DF14: =IFERROR(VLOOKUP(B14,'14'!B:K,10,0),"0") -> 0 | DG14: =IFERROR(VLOOKUP(B14,'14'!B:L,11,0),"0") -> 0 | DH14: =SUM(DB14:DE14) -> 0 | DI14: =IFERROR(VLOOKUP(B14,'15'!B:D,3,0),"0") -> 0 | DJ14: =IFERROR(VLOOKUP(B14,'15'!B:E,4,0),"0") -> 0 | DK14: =IFERROR(VLOOKUP(B14,'15'!B:F,5,0),"0") -> 0 | DL14: =IFERROR(VLOOKUP(B14,'15'!B:J,9,0),"0") -> 0 | DM14: =IFERROR(VLOOKUP(B14,'15'!B:K,10,0),"0") -> 0 | DN14: =IFERROR(VLOOKUP(B14,'15'!B:L,11,0),"0") -> 0 | DO14: =SUM(DI14:DL14) -> 0 | DP14: =IFERROR(VLOOKUP(B14,'16'!B:D,3,0),"0") -> 0 | DQ14: =IFERROR(VLOOKUP(B14,'16'!B:E,4,0),"0") -> 0 | DR14: =IFERROR(VLOOKUP(B14,'16'!B:F,5,0),"0") -> 0 | DS14: =IFERROR(VLOOKUP(B14,'16'!B:J,9,0),"0") -> 0 | DT14: =IFERROR(VLOOKUP(B14,'16'!B:K,10,0),"0") -> 0 | DU14: =IFERROR(VLOOKUP(B14,'16'!B:L,11,0),"0") -> 0 | DV14: =SUM(DP14:DS14) -> 0 | DW14: =IFERROR(VLOOKUP(B14,'17'!B:D,3,0),"0") -> 0 | DX14: =IFERROR(VLOOKUP(B14,'17'!B:E,4,0),"0") -> 0 | DY14: =IFERROR(VLOOKUP(B14,'17'!B:F,5,0),"0") -> 0 | DZ14: =IFERROR(VLOOKUP(B14,'17'!B:J,9,0),"0") -> 0 | EA14: =IFERROR(VLOOKUP(B14,'17'!B:K,10,0),"0") -> 0 | EB14: =IFERROR(VLOOKUP(B14,'17'!B:L,11,0),"0") -> 0 | EC14: =SUM(DW14:DZ14) -> 0 | ED14: =IFERROR(VLOOKUP(B14,'18'!B:D,3,0),"0") -> 0 | EE14: =IFERROR(VLOOKUP(B14,'18'!B:E,4,0),"0") -> 0 | EF14: =IFERROR(VLOOKUP(B14,'18'!B:F,5,0),"0") -> 0 | EG14: =IFERROR(VLOOKUP(B14,'18'!B:J,9,0),"0") -> 0 | EH14: =IFERROR(VLOOKUP(B14,'18'!B:K,10,0),"0") -> 0 | EI14: =IFERROR(VLOOKUP(B14,'18'!B:L,11,0),"0") -> 0 | EJ14: =SUM(ED14:EI14) -> 0 | EK14: =IFERROR(VLOOKUP(B14,'19'!B:D,3,0),"0") -> 0 | EL14: =IFERROR(VLOOKUP(B14,'19'!B:E,4,0),"0") -> 0 | EM14: =IFERROR(VLOOKUP(B14,'19'!B:F,5,0),"0") -> 0 | EN14: =IFERROR(VLOOKUP(B14,'19'!B:J,9,0),"0") -> 0 | EO14: =IFERROR(VLOOKUP(B14,'19'!B:K,10,0),"0") -> 0 | EP14: =IFERROR(VLOOKUP(B14,'19'!B:L,11,0),"0") -> 0 | EQ14: =SUM(EK14:EP14) -> 0 | ER14: =IFERROR(VLOOKUP(B14,'20'!B:D,3,0),"0") -> 0 | ES14: =IFERROR(VLOOKUP(B14,'20'!B:E,4,0),"0") -> 0 | ET14: =IFERROR(VLOOKUP(B14,'20'!B:F,5,0),"0") -> 0 | EU14: =IFERROR(VLOOKUP(B14,'20'!B:J,9,0),"0") -> 0 | EV14: =IFERROR(VLOOKUP(B14,'20'!B:K,10,0),"0") -> 0 | EW14: =IFERROR(VLOOKUP(B14,'20'!B:L,11,0),"0") -> 0 | EX14: =SUM(ER14:EW14) -> 0 | EY14: =IFERROR(VLOOKUP(B14,'21'!B:D,3,0),"0") -> 0 | EZ14: =IFERROR(VLOOKUP(B14,'21'!B:E,4,0),"0") -> 0 | FA14: =IFERROR(VLOOKUP(B14,'21'!B:F,5,0),"0") -> 0 | FB14: =IFERROR(VLOOKUP(B14,'21'!B:J,9,0),"0") -> 0 | FC14: =IFERROR(VLOOKUP(B14,'21'!B:K,10,0),"0") -> 0 | FD14: =IFERROR(VLOOKUP(B14,'21'!B:L,11,0),"0") -> 0 | FE14: =SUM(EY14:FD14) -> 0 | FF14: =IFERROR(VLOOKUP(B14,'22'!B:D,3,0),"0") -> 0 | FG14: =IFERROR(VLOOKUP(B14,'22'!B:E,4,0),"0") -> 0 | FH14: =IFERROR(VLOOKUP(B14,'22'!B:F,5,0),"0") -> 0 | FI14: =IFERROR(VLOOKUP(B14,'22'!B:J,9,0),"0") -> 0 | FJ14: =IFERROR(VLOOKUP(B14,'22'!B:K,10,0),"0") -> 0 | FK14: =IFERROR(VLOOKUP(B14,'22'!B:L,11,0),"0") -> 0 | FL14: =SUM(FF14:FK14) -> 0 | FM14: =IFERROR(VLOOKUP(B14,'23'!B:D,3,0),"0") -> 0 | FN14: =IFERROR(VLOOKUP(B14,'23'!B:E,4,0),"0") -> 0 | FO14: =IFERROR(VLOOKUP(B14,'23'!B:F,5,0),"0") -> 0 | FP14: =IFERROR(VLOOKUP(B14,'23'!B:J,9,0),"0") -> 0 | FQ14: =IFERROR(VLOOKUP(B14,'23'!B:K,10,0),"0") -> 0 | FR14: =IFERROR(VLOOKUP(B14,'23'!B:L,11,0),"0") -> 0 | FS14: =SUM(FM14:FR14) -> 0 | FT14: =IFERROR(VLOOKUP(B14,'24'!B:D,3,0),"0") -> 0 | FU14: =IFERROR(VLOOKUP(B14,'24'!B:E,4,0),"0") -> 0 | FV14: =IFERROR(VLOOKUP(B14,'24'!B:F,5,0),"0") -> 0 | FW14: =IFERROR(VLOOKUP(B14,'24'!B:J,9,0),"0") -> 0 | FX14: =IFERROR(VLOOKUP(B14,'24'!B:K,10,0),"0") -> 0 | FY14: =IFERROR(VLOOKUP(B14,'24'!B:L,11,0),"0") -> 0 | FZ14: =SUM(FT14:FY14) -> 0 | GA14: =IFERROR(VLOOKUP(B14,'25'!B:D,3,0),"0") -> 0 | GB14: =IFERROR(VLOOKUP(B14,'25'!B:E,4,0),"0") -> 0 | GC14: =IFERROR(VLOOKUP(B14,'25'!B:F,5,0),"0") -> 0 | GD14: =IFERROR(VLOOKUP(B14,'25'!B:J,9,0),"0") -> 0 | GE14: =IFERROR(VLOOKUP(B14,'25'!B:K,10,0),"0") -> 0 | GF14: =IFERROR(VLOOKUP(B14,'25'!B:L,11,0),"0") -> 0 | GG14: =SUM(GA14:GD14) -> 0 | GH14: =IFERROR(VLOOKUP(B14,'26'!B:D,3,0),"0") -> 0 | GI14: =IFERROR(VLOOKUP(B14,'26'!B:E,4,0),"0") -> 0 | GJ14: =IFERROR(VLOOKUP(B14,'26'!B:F,5,0),"0") -> 0 | GK14: =IFERROR(VLOOKUP(B14,'26'!B:J,9,0),"0") -> 0 | GL14: =IFERROR(VLOOKUP(B14,'26'!B:K,10,0),"0") -> 0 | GM14: =IFERROR(VLOOKUP(B14,'26'!B:L,11,0),"0") -> 0 | GN14: =SUM(GH14:GK14) -> 0 | GO14: =IFERROR(VLOOKUP(B14,'27'!B:D,3,0),"0") -> 0 | GP14: =IFERROR(VLOOKUP(B14,'27'!B:E,4,0),"0") -> 0 | GQ14: =IFERROR(VLOOKUP(B14,'27'!B:F,5,0),"0") -> 0 | GR14: =IFERROR(VLOOKUP(B14,'27'!B:J,9,0),"0") -> 0 | GS14: =IFERROR(VLOOKUP(B14,'27'!B:K,10,0),"0") -> 0 | GT14: =IFERROR(VLOOKUP(B14,'27'!B:L,11,0),"0") -> 0 | GU14: =SUM(GO14:GT14) -> 0 | GV14: =IFERROR(VLOOKUP(B14,'28'!B:D,3,0),"0") -> 0 | GW14: =IFERROR(VLOOKUP(B14,'28'!B:E,4,0),"0") -> 0 | GX14: =IFERROR(VLOOKUP(B14,'28'!B:F,5,0),"0") -> 0 | GY14: =IFERROR(VLOOKUP(B14,'28'!B:J,9,0),"0") -> 0 | GZ14: =IFERROR(VLOOKUP(B14,'28'!B:K,10,0),"0") -> 0 | HA14: =IFERROR(VLOOKUP(B14,'28'!B:L,11,0),"0") -> 0 | HB14: =SUM(GV14:HA14) -> 0 | HC14: =IFERROR(VLOOKUP(B14,#REF!,3),"0") -> 0 | HD14: =IFERROR(VLOOKUP(B14,#REF!,4,0),"0") -> 0 | HE14: =IFERROR(VLOOKUP(B14,#REF!,5,0),"0") -> 0 | HF14: =IFERROR(VLOOKUP(B14,#REF!,9,0),"0") -> 0 | HG14: =IFERROR(VLOOKUP(B14,#REF!,10,0),"0") -> 0 | HH14: =IFERROR(VLOOKUP(B14,#REF!,11,0),"0") -> 0 | HI14: =SUM(HC14:HF14) -> 0 | HP14: =SUM(HJ14:HM14) -> 0 | HW14: =SUM(HQ14:HT14) -> 0
A15: 12 | B15: 1111094 | C15: ชิฟฟอน 8 ชิ้น ชาไทยล้วน | D15: กล่อง | E15: 38.18 | F15: =+M15*E15 -> 0 | G15: =+O15+V15+AC15+AJ15+AQ15+AX15+BE15+BL15+BS15+BZ15+CG15+CN15+CU15+DB15+DI15+DP15+DW15+ED15+EK15+ER15+EY15+FF15+FM15+FT15+GA15+GH15+GO15+GV15+HC15+HJ15+HQ15 -> 0 | H15: =+P15+W15+AD15+AK15+AR15+AY15+BF15+BM15+BT15+CA15+CH15+CO15+CV15+DC15+DJ15+DQ15+DX15+EE15+EL15+ES15+EZ15+FG15+FN15+FU15+GB15+GI15+GP15+GW15+HD15+HK15+HR15 -> 0 | I15: =+Q15+X15+AE15+AL15+AS15+AZ15+BG15+BN15+BU15+CB15+CI15+CP15+CW15+DD15+DK15+DR15+DY15+EF15+EM15+ET15+FA15+FH15+FO15+FV15+GC15+GJ15+GQ15+GX15+HE15+HL15+HS15 -> 0 | J15: =+R15+Y15+AF15+AM15+AT15+BA15+BH15+BO15+BV15+CC15+CJ15+CQ15+CX15+DE15+DL15+DS15+DZ15+EG15+EN15+EU15+FB15+FI15+FP15+FW15+GD15+GK15+GR15+GY15+HF15+HM15+HT15 -> 0 | K15: =+S15+Z15+AG15+AN15+AU15+BB15+BI15+BP15+BW15+CD15+CK15+CR15+CY15+DF15+DM15+DT15+EA15+EH15+EO15+EV15+FC15+FJ15+FQ15+FX15+GE15+GL15+GS15+GZ15+HG15+HN15+HU15 -> 0 | L15: =+T15+AA15+AH15+AO15+AV15+BC15+BJ15+BQ15+BX15+CE15+CL15+CS15+CZ15+DG15+DN15+DU15+EB15+EI15+EP15+EW15+FD15+FK15+FR15+FY15+GF15+GM15+GT15+HA15+HH15+HO15+HV15 -> 0 | M15: =SUM(G15:L15) -> 0 | N15: =+G15+H15+I15+J15+K15 -> 0 | O15: =IFERROR(VLOOKUP(B15,'1ไม่มียอด'!B:D,3,0),"0") -> 0 | P15: =IFERROR(VLOOKUP(B15,'1ไม่มียอด'!B:E,4,0),"0") -> 0 | Q15: =IFERROR(VLOOKUP(B15,'1ไม่มียอด'!B:F,5,0),"0") -> 0 | R15: =IFERROR(VLOOKUP(B15,'1ไม่มียอด'!B:G,6,0),"0") -> 0 | S15: =IFERROR(VLOOKUP(B15,'1ไม่มียอด'!B:J,9,0),"0") -> 0 | T15: =IFERROR(VLOOKUP(B15,'1ไม่มียอด'!B:K,10,0),"0") -> 0 | U15: =SUM(O15:R15) -> 0 | V15: =IFERROR(VLOOKUP(B15,#REF!,3,0),"0") -> 0 | W15: =IFERROR(VLOOKUP(B15,#REF!,4,0),"0") -> 0 | X15: =IFERROR(VLOOKUP(B15,#REF!,5,0),"0") -> 0 | Y15: =IFERROR(VLOOKUP(B15,#REF!,9,0),"0") -> 0 | Z15: =IFERROR(VLOOKUP(B15,#REF!,10,0),"0") -> 0 | AA15: =IFERROR(VLOOKUP(B15,#REF!,11,0),"0") -> 0 | AB15: =SUM(V15:Y15) -> 0 | AC15: =IFERROR(VLOOKUP(B15,'3'!B:D,3,0),"0") -> 0 | AD15: =IFERROR(VLOOKUP(B15,'3'!B:E,4,0),"0") -> 0 | AE15: =IFERROR(VLOOKUP(B15,'3'!B:F,5,0),"0") -> 0 | AF15: =IFERROR(VLOOKUP(B15,'3'!B:J,9,0),"0") -> 0 | AG15: =IFERROR(VLOOKUP(B15,'3'!B:K,10,0),"0") -> 0 | AH15: =IFERROR(VLOOKUP(B15,'3'!B:L,11,0),"0") -> 0 | AI15: =SUM(AC15:AH15) -> 0 | AJ15: =IFERROR(VLOOKUP(B15,'4'!B:D,3,0),"0") -> 0 | AK15: =IFERROR(VLOOKUP(B15,'4'!B:E,4,0),"0") -> 0 | AL15: =IFERROR(VLOOKUP(B15,'4'!B:F,5,0),"0") -> 0 | AM15: =IFERROR(VLOOKUP(B15,'4'!B:J,9,0),"0") -> 0 | AN15: =IFERROR(VLOOKUP(B15,'4'!B:K,10,0),"0") -> 0 | AO15: =IFERROR(VLOOKUP(B15,'4'!B:L,11,0),"0") -> 0 | AP15: =SUM(AJ15:AO15) -> 0 | AQ15: =IFERROR(VLOOKUP(B15,'5'!B:D,3,0),"0") -> 0 | AR15: =IFERROR(VLOOKUP(B15,'5'!B:E,4,0),"0") -> 0 | AS15: =IFERROR(VLOOKUP(B15,'5'!B:F,5,0),"0") -> 0 | AT15: =IFERROR(VLOOKUP(B15,'5'!B:J,9,0),"0") -> 0 | AU15: =IFERROR(VLOOKUP(B15,'5'!B:K,10,0),"0") -> 0 | AV15: =IFERROR(VLOOKUP(B15,'5'!B:L,11,0),"0") -> 0 | AW15: =SUM(AQ15:AT15) -> 0 | AX15: =IFERROR(VLOOKUP(B15,'6'!B:D,3,0),"0") -> 0 | AY15: =IFERROR(VLOOKUP(B15,'6'!B:E,4,0),"0") -> 0 | AZ15: =IFERROR(VLOOKUP(B15,'6'!B:F,5,0),"0") -> 0 | BA15: =IFERROR(VLOOKUP(B15,'6'!B:J,9,0),"0") -> 0 | BB15: =IFERROR(VLOOKUP(B15,'6'!B:K,10,0),"0") -> 0 | BC15: =IFERROR(VLOOKUP(B15,'6'!B:L,11,0),"0") -> 0 | BD15: =SUM(AX15:BC15) -> 0 | BE15: =IFERROR(VLOOKUP(B15,'7'!B:D,3,0),"0") -> 0 | BF15: =IFERROR(VLOOKUP(B15,'7'!B:E,4,0),"0") -> 0 | BG15: =IFERROR(VLOOKUP(B15,'7'!B:F,5,0),"0") -> 0 | BH15: =IFERROR(VLOOKUP(B15,'7'!B:J,9,0),"0") -> 0 | BI15: =IFERROR(VLOOKUP(B15,'7'!B:K,10,0),"0") -> 0 | BJ15: =IFERROR(VLOOKUP(B15,'7'!B:L,11,0),"0") -> 0 | BK15: =SUM(BE15:BH15) -> 0 | BL15: =IFERROR(VLOOKUP(B15,'8'!B:D,3,0),"0") -> 0 | BM15: =IFERROR(VLOOKUP(B15,'8'!B:E,4,0),"0") -> 0 | BN15: =IFERROR(VLOOKUP(B15,'8'!B:F,5,0),"0") -> 0 | BO15: =IFERROR(VLOOKUP(B15,'8'!B:J,9,0),"0") -> 0 | BP15: =IFERROR(VLOOKUP(B15,'8'!B:K,10,0),"0") -> 0 | BQ15: =IFERROR(VLOOKUP(B15,'8'!B:L,11,0),"0") -> 0 | BR15: =SUM(BL15:BQ15) -> 0 | BS15: =IFERROR(VLOOKUP(B15,'9'!B:D,3,0),"0") -> 0 | BT15: =IFERROR(VLOOKUP(B15,'9'!B:E,4,0),"0") -> 0 | BU15: =IFERROR(VLOOKUP(B15,'9'!B:F,5,0),"0") -> 0 | BV15: =IFERROR(VLOOKUP(B15,'9'!B:J,9,0),"0") -> 0 | BW15: =IFERROR(VLOOKUP(B15,'9'!B:K,10,0),"0") -> 0 | BX15: =IFERROR(VLOOKUP(B15,'9'!B:L,11,0),"0") -> 0 | BY15: =SUM(BS15:BX15) -> 0 | BZ15: =IFERROR(VLOOKUP(B15,'10'!B:D,3,0),"0") -> 0 | CA15: =IFERROR(VLOOKUP(B15,'10'!B:E,4,0),"0") -> 0 | CB15: =VLOOKUP(B15,'10'!B:F,5,0) -> 0 | CC15: =IFERROR(VLOOKUP(B15,'10'!B:J,9,0),"0") -> 0 | CD15: =IFERROR(VLOOKUP(B15,'10'!B:K,10,0),"0") -> 0 | CE15: =IFERROR(VLOOKUP(B15,'10'!B:L,11,0),"0") -> 0 | CF15: =SUM(BZ15:CC15) -> 0 | CG15: =IFERROR(VLOOKUP(B15,'11'!B:D,3,0),"0") -> 0 | CH15: =IFERROR(VLOOKUP(B15,'11'!B:E,4,0),"0") -> 0 | CI15: =IFERROR(VLOOKUP(B15,'11'!B:F,5,0),"0") -> 0 | CJ15: =IFERROR(VLOOKUP(B15,'11'!B:J,9,0),"0") -> 0 | CK15: =IFERROR(VLOOKUP(B15,'11'!B:K,10,0),"0") -> 0 | CL15: =IFERROR(VLOOKUP(B15,'11'!B:L,11,0),"0") -> 0 | CM15: =SUM(CG15:CJ15) -> 0 | CN15: =IFERROR(VLOOKUP(B15,'12'!B:D,3,0),"0") -> 0 | CO15: =IFERROR(VLOOKUP(B15,'12'!B:E,4,0),"0") -> 0 | CP15: =IFERROR(VLOOKUP(B15,'12'!B:F,5,0),"0") -> 0 | CQ15: =IFERROR(VLOOKUP(B15,'12'!B:J,9,0),"0") -> 0 | CR15: =IFERROR(VLOOKUP(B15,'12'!B:K,10,0),"0") -> 0 | CS15: =IFERROR(VLOOKUP(B15,'12'!B:L,11,0),"0") -> 0 | CT15: =SUM(CN15:CQ15) -> 0 | CU15: =IFERROR(VLOOKUP(B15,'13'!B:D,3,0),"0") -> 0 | CV15: =IFERROR(VLOOKUP(B15,'13'!B:E,4,0),"0") -> 0 | CW15: =IFERROR(VLOOKUP(B15,'13'!B:F,5,0),"0") -> 0 | CX15: =IFERROR(VLOOKUP(B15,'13'!B:J,9,0),"0") -> 0 | CY15: =IFERROR(VLOOKUP(B15,'13'!B:K,10,0),"0") -> 0 | CZ15: =IFERROR(VLOOKUP(B15,'13'!B:L,11,0),"0") -> 0 | DA15: =SUM(CU15:CX15) -> 0 | DB15: =IFERROR(VLOOKUP(B15,'14'!B:D,3,0),"0") -> 0 | DC15: =IFERROR(VLOOKUP(B15,'14'!B:E,4,0),"0") -> 0 | DD15: =IFERROR(VLOOKUP(B15,'14'!B:F,5,0),"0") -> 0 | DE15: =IFERROR(VLOOKUP(B15,'14'!B:J,9,0),"0") -> 0 | DF15: =IFERROR(VLOOKUP(B15,'14'!B:K,10,0),"0") -> 0 | DG15: =IFERROR(VLOOKUP(B15,'14'!B:L,11,0),"0") -> 0 | DH15: =SUM(DB15:DE15) -> 0 | DI15: =IFERROR(VLOOKUP(B15,'15'!B:D,3,0),"0") -> 0 | DJ15: =IFERROR(VLOOKUP(B15,'15'!B:E,4,0),"0") -> 0 | DK15: =IFERROR(VLOOKUP(B15,'15'!B:F,5,0),"0") -> 0 | DL15: =IFERROR(VLOOKUP(B15,'15'!B:J,9,0),"0") -> 0 | DM15: =IFERROR(VLOOKUP(B15,'15'!B:K,10,0),"0") -> 0 | DN15: =IFERROR(VLOOKUP(B15,'15'!B:L,11,0),"0") -> 0 | DO15: =SUM(DI15:DL15) -> 0 | DP15: =IFERROR(VLOOKUP(B15,'16'!B:D,3,0),"0") -> 0 | DQ15: =IFERROR(VLOOKUP(B15,'16'!B:E,4,0),"0") -> 0 | DR15: =IFERROR(VLOOKUP(B15,'16'!B:F,5,0),"0") -> 0 | DS15: =IFERROR(VLOOKUP(B15,'16'!B:J,9,0),"0") -> 0 | DT15: =IFERROR(VLOOKUP(B15,'16'!B:K,10,0),"0") -> 0 | DU15: =IFERROR(VLOOKUP(B15,'16'!B:L,11,0),"0") -> 0 | DV15: =SUM(DP15:DS15) -> 0 | DW15: =IFERROR(VLOOKUP(B15,'17'!B:D,3,0),"0") -> 0 | DX15: =IFERROR(VLOOKUP(B15,'17'!B:E,4,0),"0") -> 0 | DY15: =IFERROR(VLOOKUP(B15,'17'!B:F,5,0),"0") -> 0 | DZ15: =IFERROR(VLOOKUP(B15,'17'!B:J,9,0),"0") -> 0 | EA15: =IFERROR(VLOOKUP(B15,'17'!B:K,10,0),"0") -> 0 | EB15: =IFERROR(VLOOKUP(B15,'17'!B:L,11,0),"0") -> 0 | EC15: =SUM(DW15:DZ15) -> 0 | ED15: =IFERROR(VLOOKUP(B15,'18'!B:D,3,0),"0") -> 0 | EE15: =IFERROR(VLOOKUP(B15,'18'!B:E,4,0),"0") -> 0 | EF15: =IFERROR(VLOOKUP(B15,'18'!B:F,5,0),"0") -> 0 | EG15: =IFERROR(VLOOKUP(B15,'18'!B:J,9,0),"0") -> 0 | EH15: =IFERROR(VLOOKUP(B15,'18'!B:K,10,0),"0") -> 0 | EI15: =IFERROR(VLOOKUP(B15,'18'!B:L,11,0),"0") -> 0 | EJ15: =SUM(ED15:EI15) -> 0 | EK15: =IFERROR(VLOOKUP(B15,'19'!B:D,3,0),"0") -> 0 | EL15: =IFERROR(VLOOKUP(B15,'19'!B:E,4,0),"0") -> 0 | EM15: =IFERROR(VLOOKUP(B15,'19'!B:F,5,0),"0") -> 0 | EN15: =IFERROR(VLOOKUP(B15,'19'!B:J,9,0),"0") -> 0 | EO15: =IFERROR(VLOOKUP(B15,'19'!B:K,10,0),"0") -> 0 | EP15: =IFERROR(VLOOKUP(B15,'19'!B:L,11,0),"0") -> 0 | EQ15: =SUM(EK15:EP15) -> 0 | ER15: =IFERROR(VLOOKUP(B15,'20'!B:D,3,0),"0") -> 0 | ES15: =IFERROR(VLOOKUP(B15,'20'!B:E,4,0),"0") -> 0 | ET15: =IFERROR(VLOOKUP(B15,'20'!B:F,5,0),"0") -> 0 | EU15: =IFERROR(VLOOKUP(B15,'20'!B:J,9,0),"0") -> 0 | EV15: =IFERROR(VLOOKUP(B15,'20'!B:K,10,0),"0") -> 0 | EW15: =IFERROR(VLOOKUP(B15,'20'!B:L,11,0),"0") -> 0 | EX15: =SUM(ER15:EW15) -> 0 | EY15: =IFERROR(VLOOKUP(B15,'21'!B:D,3,0),"0") -> 0 | EZ15: =IFERROR(VLOOKUP(B15,'21'!B:E,4,0),"0") -> 0 | FA15: =IFERROR(VLOOKUP(B15,'21'!B:F,5,0),"0") -> 0 | FB15: =IFERROR(VLOOKUP(B15,'21'!B:J,9,0),"0") -> 0 | FC15: =IFERROR(VLOOKUP(B15,'21'!B:K,10,0),"0") -> 0 | FD15: =IFERROR(VLOOKUP(B15,'21'!B:L,11,0),"0") -> 0 | FE15: =SUM(EY15:FD15) -> 0 | FF15: =IFERROR(VLOOKUP(B15,'22'!B:D,3,0),"0") -> 0 | FG15: =IFERROR(VLOOKUP(B15,'22'!B:E,4,0),"0") -> 0 | FH15: =IFERROR(VLOOKUP(B15,'22'!B:F,5,0),"0") -> 0 | FI15: =IFERROR(VLOOKUP(B15,'22'!B:J,9,0),"0") -> 0 | FJ15: =IFERROR(VLOOKUP(B15,'22'!B:K,10,0),"0") -> 0 | FK15: =IFERROR(VLOOKUP(B15,'22'!B:L,11,0),"0") -> 0 | FL15: =SUM(FF15:FK15) -> 0 | FM15: =IFERROR(VLOOKUP(B15,'23'!B:D,3,0),"0") -> 0 | FN15: =IFERROR(VLOOKUP(B15,'23'!B:E,4,0),"0") -> 0 | FO15: =IFERROR(VLOOKUP(B15,'23'!B:F,5,0),"0") -> 0 | FP15: =IFERROR(VLOOKUP(B15,'23'!B:J,9,0),"0") -> 0 | FQ15: =IFERROR(VLOOKUP(B15,'23'!B:K,10,0),"0") -> 0 | FR15: =IFERROR(VLOOKUP(B15,'23'!B:L,11,0),"0") -> 0 | FS15: =SUM(FM15:FR15) -> 0 | FT15: =IFERROR(VLOOKUP(B15,'24'!B:D,3,0),"0") -> 0 | FU15: =IFERROR(VLOOKUP(B15,'24'!B:E,4,0),"0") -> 0 | FV15: =IFERROR(VLOOKUP(B15,'24'!B:F,5,0),"0") -> 0 | FW15: =IFERROR(VLOOKUP(B15,'24'!B:J,9,0),"0") -> 0 | FX15: =IFERROR(VLOOKUP(B15,'24'!B:K,10,0),"0") -> 0 | FY15: =IFERROR(VLOOKUP(B15,'24'!B:L,11,0),"0") -> 0 | FZ15: =SUM(FT15:FY15) -> 0 | GA15: =IFERROR(VLOOKUP(B15,'25'!B:D,3,0),"0") -> 0 | GB15: =IFERROR(VLOOKUP(B15,'25'!B:E,4,0),"0") -> 0 | GC15: =IFERROR(VLOOKUP(B15,'25'!B:F,5,0),"0") -> 0 | GD15: =IFERROR(VLOOKUP(B15,'25'!B:J,9,0),"0") -> 0 | GE15: =IFERROR(VLOOKUP(B15,'25'!B:K,10,0),"0") -> 0 | GF15: =IFERROR(VLOOKUP(B15,'25'!B:L,11,0),"0") -> 0 | GG15: =SUM(GA15:GD15) -> 0 | GH15: =IFERROR(VLOOKUP(B15,'26'!B:D,3,0),"0") -> 0 | GI15: =IFERROR(VLOOKUP(B15,'26'!B:E,4,0),"0") -> 0 | GJ15: =IFERROR(VLOOKUP(B15,'26'!B:F,5,0),"0") -> 0 | GK15: =IFERROR(VLOOKUP(B15,'26'!B:J,9,0),"0") -> 0 | GL15: =IFERROR(VLOOKUP(B15,'26'!B:K,10,0),"0") -> 0 | GM15: =IFERROR(VLOOKUP(B15,'26'!B:L,11,0),"0") -> 0 | GN15: =SUM(GH15:GK15) -> 0 | GO15: =IFERROR(VLOOKUP(B15,'27'!B:D,3,0),"0") -> 0 | GP15: =IFERROR(VLOOKUP(B15,'27'!B:E,4,0),"0") -> 0 | GQ15: =IFERROR(VLOOKUP(B15,'27'!B:F,5,0),"0") -> 0 | GR15: =IFERROR(VLOOKUP(B15,'27'!B:J,9,0),"0") -> 0 | GS15: =IFERROR(VLOOKUP(B15,'27'!B:K,10,0),"0") -> 0 | GT15: =IFERROR(VLOOKUP(B15,'27'!B:L,11,0),"0") -> 0 | GU15: =SUM(GO15:GT15) -> 0 | GV15: =IFERROR(VLOOKUP(B15,'28'!B:D,3,0),"0") -> 0 | GW15: =IFERROR(VLOOKUP(B15,'28'!B:E,4,0),"0") -> 0 | GX15: =IFERROR(VLOOKUP(B15,'28'!B:F,5,0),"0") -> 0 | GY15: =IFERROR(VLOOKUP(B15,'28'!B:J,9,0),"0") -> 0 | GZ15: =IFERROR(VLOOKUP(B15,'28'!B:K,10,0),"0") -> 0 | HA15: =IFERROR(VLOOKUP(B15,'28'!B:L,11,0),"0") -> 0 | HB15: =SUM(GV15:HA15) -> 0 | HC15: =IFERROR(VLOOKUP(B15,#REF!,3),"0") -> 0 | HD15: =IFERROR(VLOOKUP(B15,#REF!,4,0),"0") -> 0 | HE15: =IFERROR(VLOOKUP(B15,#REF!,5,0),"0") -> 0 | HF15: =IFERROR(VLOOKUP(B15,#REF!,9,0),"0") -> 0 | HG15: =IFERROR(VLOOKUP(B15,#REF!,10,0),"0") -> 0 | HH15: =IFERROR(VLOOKUP(B15,#REF!,11,0),"0") -> 0 | HI15: =SUM(HC15:HF15) -> 0 | HP15: =SUM(HJ15:HM15) -> 0 | HW15: =SUM(HQ15:HT15) -> 0
A16: 13 | B16: 1111095 | C16: ชิฟฟอน 8 ชิ้น ชาเขียวล้วน | D16: กล่อง | E16: 38.89 | F16: =+M16*E16 -> 0 | G16: =+O16+V16+AC16+AJ16+AQ16+AX16+BE16+BL16+BS16+BZ16+CG16+CN16+CU16+DB16+DI16+DP16+DW16+ED16+EK16+ER16+EY16+FF16+FM16+FT16+GA16+GH16+GO16+GV16+HC16+HJ16+HQ16 -> 0 | H16: =+P16+W16+AD16+AK16+AR16+AY16+BF16+BM16+BT16+CA16+CH16+CO16+CV16+DC16+DJ16+DQ16+DX16+EE16+EL16+ES16+EZ16+FG16+FN16+FU16+GB16+GI16+GP16+GW16+HD16+HK16+HR16 -> 0 | I16: =+Q16+X16+AE16+AL16+AS16+AZ16+BG16+BN16+BU16+CB16+CI16+CP16+CW16+DD16+DK16+DR16+DY16+EF16+EM16+ET16+FA16+FH16+FO16+FV16+GC16+GJ16+GQ16+GX16+HE16+HL16+HS16 -> 0 | J16: =+R16+Y16+AF16+AM16+AT16+BA16+BH16+BO16+BV16+CC16+CJ16+CQ16+CX16+DE16+DL16+DS16+DZ16+EG16+EN16+EU16+FB16+FI16+FP16+FW16+GD16+GK16+GR16+GY16+HF16+HM16+HT16 -> 0 | K16: =+S16+Z16+AG16+AN16+AU16+BB16+BI16+BP16+BW16+CD16+CK16+CR16+CY16+DF16+DM16+DT16+EA16+EH16+EO16+EV16+FC16+FJ16+FQ16+FX16+GE16+GL16+GS16+GZ16+HG16+HN16+HU16 -> 0 | L16: =+T16+AA16+AH16+AO16+AV16+BC16+BJ16+BQ16+BX16+CE16+CL16+CS16+CZ16+DG16+DN16+DU16+EB16+EI16+EP16+EW16+FD16+FK16+FR16+FY16+GF16+GM16+GT16+HA16+HH16+HO16+HV16 -> 0 | M16: =SUM(G16:L16) -> 0 | N16: =+G16+H16+I16+J16+K16 -> 0 | O16: =IFERROR(VLOOKUP(B16,'1ไม่มียอด'!B:D,3,0),"0") -> 0 | P16: =IFERROR(VLOOKUP(B16,'1ไม่มียอด'!B:E,4,0),"0") -> 0 | Q16: =IFERROR(VLOOKUP(B16,'1ไม่มียอด'!B:F,5,0),"0") -> 0 | R16: =IFERROR(VLOOKUP(B16,'1ไม่มียอด'!B:G,6,0),"0") -> 0 | S16: =IFERROR(VLOOKUP(B16,'1ไม่มียอด'!B:J,9,0),"0") -> 0 | T16: =IFERROR(VLOOKUP(B16,'1ไม่มียอด'!B:K,10,0),"0") -> 0 | U16: =SUM(O16:R16) -> 0 | V16: =IFERROR(VLOOKUP(B16,#REF!,3,0),"0") -> 0 | W16: =IFERROR(VLOOKUP(B16,#REF!,4,0),"0") -> 0 | X16: =IFERROR(VLOOKUP(B16,#REF!,5,0),"0") -> 0 | Y16: =IFERROR(VLOOKUP(B16,#REF!,9,0),"0") -> 0 | Z16: =IFERROR(VLOOKUP(B16,#REF!,10,0),"0") -> 0 | AA16: =IFERROR(VLOOKUP(B16,#REF!,11,0),"0") -> 0 | AB16: =SUM(V16:Y16) -> 0 | AC16: =IFERROR(VLOOKUP(B16,'3'!B:D,3,0),"0") -> 0 | AD16: =IFERROR(VLOOKUP(B16,'3'!B:E,4,0),"0") -> 0 | AE16: =IFERROR(VLOOKUP(B16,'3'!B:F,5,0),"0") -> 0 | AF16: =IFERROR(VLOOKUP(B16,'3'!B:J,9,0),"0") -> 0 | AG16: =IFERROR(VLOOKUP(B16,'3'!B:K,10,0),"0") -> 0 | AH16: =IFERROR(VLOOKUP(B16,'3'!B:L,11,0),"0") -> 0 | AI16: =SUM(AC16:AH16) -> 0 | AJ16: =IFERROR(VLOOKUP(B16,'4'!B:D,3,0),"0") -> 0 | AK16: =IFERROR(VLOOKUP(B16,'4'!B:E,4,0),"0") -> 0 | AL16: =IFERROR(VLOOKUP(B16,'4'!B:F,5,0),"0") -> 0 | AM16: =IFERROR(VLOOKUP(B16,'4'!B:J,9,0),"0") -> 0 | AN16: =IFERROR(VLOOKUP(B16,'4'!B:K,10,0),"0") -> 0 | AO16: =IFERROR(VLOOKUP(B16,'4'!B:L,11,0),"0") -> 0 | AP16: =SUM(AJ16:AO16) -> 0 | AQ16: =IFERROR(VLOOKUP(B16,'5'!B:D,3,0),"0") -> 0 | AR16: =IFERROR(VLOOKUP(B16,'5'!B:E,4,0),"0") -> 0 | AS16: =IFERROR(VLOOKUP(B16,'5'!B:F,5,0),"0") -> 0 | AT16: =IFERROR(VLOOKUP(B16,'5'!B:J,9,0),"0") -> 0 | AU16: =IFERROR(VLOOKUP(B16,'5'!B:K,10,0),"0") -> 0 | AV16: =IFERROR(VLOOKUP(B16,'5'!B:L,11,0),"0") -> 0 | AW16: =SUM(AQ16:AT16) -> 0 | AX16: =IFERROR(VLOOKUP(B16,'6'!B:D,3,0),"0") -> 0 | AY16: =IFERROR(VLOOKUP(B16,'6'!B:E,4,0),"0") -> 0 | AZ16: =IFERROR(VLOOKUP(B16,'6'!B:F,5,0),"0") -> 0 | BA16: =IFERROR(VLOOKUP(B16,'6'!B:J,9,0),"0") -> 0 | BB16: =IFERROR(VLOOKUP(B16,'6'!B:K,10,0),"0") -> 0 | BC16: =IFERROR(VLOOKUP(B16,'6'!B:L,11,0),"0") -> 0 | BD16: =SUM(AX16:BC16) -> 0 | BE16: =IFERROR(VLOOKUP(B16,'7'!B:D,3,0),"0") -> 0 | BF16: =IFERROR(VLOOKUP(B16,'7'!B:E,4,0),"0") -> 0 | BG16: =IFERROR(VLOOKUP(B16,'7'!B:F,5,0),"0") -> 0 | BH16: =IFERROR(VLOOKUP(B16,'7'!B:J,9,0),"0") -> 0 | BI16: =IFERROR(VLOOKUP(B16,'7'!B:K,10,0),"0") -> 0 | BJ16: =IFERROR(VLOOKUP(B16,'7'!B:L,11,0),"0") -> 0 | BK16: =SUM(BE16:BH16) -> 0 | BL16: =IFERROR(VLOOKUP(B16,'8'!B:D,3,0),"0") -> 0 | BM16: =IFERROR(VLOOKUP(B16,'8'!B:E,4,0),"0") -> 0 | BN16: =IFERROR(VLOOKUP(B16,'8'!B:F,5,0),"0") -> 0 | BO16: =IFERROR(VLOOKUP(B16,'8'!B:J,9,0),"0") -> 0 | BP16: =IFERROR(VLOOKUP(B16,'8'!B:K,10,0),"0") -> 0 | BQ16: =IFERROR(VLOOKUP(B16,'8'!B:L,11,0),"0") -> 0 | BR16: =SUM(BL16:BQ16) -> 0 | BS16: =IFERROR(VLOOKUP(B16,'9'!B:D,3,0),"0") -> 0 | BT16: =IFERROR(VLOOKUP(B16,'9'!B:E,4,0),"0") -> 0 | BU16: =IFERROR(VLOOKUP(B16,'9'!B:F,5,0),"0") -> 0 | BV16: =IFERROR(VLOOKUP(B16,'9'!B:J,9,0),"0") -> 0 | BW16: =IFERROR(VLOOKUP(B16,'9'!B:K,10,0),"0") -> 0 | BX16: =IFERROR(VLOOKUP(B16,'9'!B:L,11,0),"0") -> 0 | BY16: =SUM(BS16:BX16) -> 0 | BZ16: =IFERROR(VLOOKUP(B16,'10'!B:D,3,0),"0") -> 0 | CA16: =IFERROR(VLOOKUP(B16,'10'!B:E,4,0),"0") -> 0 | CB16: =VLOOKUP(B16,'10'!B:F,5,0) -> 0 | CC16: =IFERROR(VLOOKUP(B16,'10'!B:J,9,0),"0") -> 0 | CD16: =IFERROR(VLOOKUP(B16,'10'!B:K,10,0),"0") -> 0 | CE16: =IFERROR(VLOOKUP(B16,'10'!B:L,11,0),"0") -> 0 | CF16: =SUM(BZ16:CC16) -> 0 | CG16: =IFERROR(VLOOKUP(B16,'11'!B:D,3,0),"0") -> 0 | CH16: =IFERROR(VLOOKUP(B16,'11'!B:E,4,0),"0") -> 0 | CI16: =IFERROR(VLOOKUP(B16,'11'!B:F,5,0),"0") -> 0 | CJ16: =IFERROR(VLOOKUP(B16,'11'!B:J,9,0),"0") -> 0 | CK16: =IFERROR(VLOOKUP(B16,'11'!B:K,10,0),"0") -> 0 | CL16: =IFERROR(VLOOKUP(B16,'11'!B:L,11,0),"0") -> 0 | CM16: =SUM(CG16:CJ16) -> 0 | CN16: =IFERROR(VLOOKUP(B16,'12'!B:D,3,0),"0") -> 0 | CO16: =IFERROR(VLOOKUP(B16,'12'!B:E,4,0),"0") -> 0 | CP16: =IFERROR(VLOOKUP(B16,'12'!B:F,5,0),"0") -> 0 | CQ16: =IFERROR(VLOOKUP(B16,'12'!B:J,9,0),"0") -> 0 | CR16: =IFERROR(VLOOKUP(B16,'12'!B:K,10,0),"0") -> 0 | CS16: =IFERROR(VLOOKUP(B16,'12'!B:L,11,0),"0") -> 0 | CT16: =SUM(CN16:CQ16) -> 0 | CU16: =IFERROR(VLOOKUP(B16,'13'!B:D,3,0),"0") -> 0 | CV16: =IFERROR(VLOOKUP(B16,'13'!B:E,4,0),"0") -> 0 | CW16: =IFERROR(VLOOKUP(B16,'13'!B:F,5,0),"0") -> 0 | CX16: =IFERROR(VLOOKUP(B16,'13'!B:J,9,0),"0") -> 0 | CY16: =IFERROR(VLOOKUP(B16,'13'!B:K,10,0),"0") -> 0 | CZ16: =IFERROR(VLOOKUP(B16,'13'!B:L,11,0),"0") -> 0 | DA16: =SUM(CU16:CX16) -> 0 | DB16: =IFERROR(VLOOKUP(B16,'14'!B:D,3,0),"0") -> 0 | DC16: =IFERROR(VLOOKUP(B16,'14'!B:E,4,0),"0") -> 0 | DD16: =IFERROR(VLOOKUP(B16,'14'!B:F,5,0),"0") -> 0 | DE16: =IFERROR(VLOOKUP(B16,'14'!B:J,9,0),"0") -> 0 | DF16: =IFERROR(VLOOKUP(B16,'14'!B:K,10,0),"0") -> 0 | DG16: =IFERROR(VLOOKUP(B16,'14'!B:L,11,0),"0") -> 0 | DH16: =SUM(DB16:DE16) -> 0 | DI16: =IFERROR(VLOOKUP(B16,'15'!B:D,3,0),"0") -> 0 | DJ16: =IFERROR(VLOOKUP(B16,'15'!B:E,4,0),"0") -> 0 | DK16: =IFERROR(VLOOKUP(B16,'15'!B:F,5,0),"0") -> 0 | DL16: =IFERROR(VLOOKUP(B16,'15'!B:J,9,0),"0") -> 0 | DM16: =IFERROR(VLOOKUP(B16,'15'!B:K,10,0),"0") -> 0 | DN16: =IFERROR(VLOOKUP(B16,'15'!B:L,11,0),"0") -> 0 | DO16: =SUM(DI16:DL16) -> 0 | DP16: =IFERROR(VLOOKUP(B16,'16'!B:D,3,0),"0") -> 0 | DQ16: =IFERROR(VLOOKUP(B16,'16'!B:E,4,0),"0") -> 0 | DR16: =IFERROR(VLOOKUP(B16,'16'!B:F,5,0),"0") -> 0 | DS16: =IFERROR(VLOOKUP(B16,'16'!B:J,9,0),"0") -> 0 | DT16: =IFERROR(VLOOKUP(B16,'16'!B:K,10,0),"0") -> 0 | DU16: =IFERROR(VLOOKUP(B16,'16'!B:L,11,0),"0") -> 0 | DV16: =SUM(DP16:DS16) -> 0 | DW16: =IFERROR(VLOOKUP(B16,'17'!B:D,3,0),"0") -> 0 | DX16: =IFERROR(VLOOKUP(B16,'17'!B:E,4,0),"0") -> 0 | DY16: =IFERROR(VLOOKUP(B16,'17'!B:F,5,0),"0") -> 0 | DZ16: =IFERROR(VLOOKUP(B16,'17'!B:J,9,0),"0") -> 0 | EA16: =IFERROR(VLOOKUP(B16,'17'!B:K,10,0),"0") -> 0 | EB16: =IFERROR(VLOOKUP(B16,'17'!B:L,11,0),"0") -> 0 | EC16: =SUM(DW16:DZ16) -> 0 | ED16: =IFERROR(VLOOKUP(B16,'18'!B:D,3,0),"0") -> 0 | EE16: =IFERROR(VLOOKUP(B16,'18'!B:E,4,0),"0") -> 0 | EF16: =IFERROR(VLOOKUP(B16,'18'!B:F,5,0),"0") -> 0 | EG16: =IFERROR(VLOOKUP(B16,'18'!B:J,9,0),"0") -> 0 | EH16: =IFERROR(VLOOKUP(B16,'18'!B:K,10,0),"0") -> 0 | EI16: =IFERROR(VLOOKUP(B16,'18'!B:L,11,0),"0") -> 0 | EJ16: =SUM(ED16:EI16) -> 0 | EK16: =IFERROR(VLOOKUP(B16,'19'!B:D,3,0),"0") -> 0 | EL16: =IFERROR(VLOOKUP(B16,'19'!B:E,4,0),"0") -> 0 | EM16: =IFERROR(VLOOKUP(B16,'19'!B:F,5,0),"0") -> 0 | EN16: =IFERROR(VLOOKUP(B16,'19'!B:J,9,0),"0") -> 0 | EO16: =IFERROR(VLOOKUP(B16,'19'!B:K,10,0),"0") -> 0 | EP16: =IFERROR(VLOOKUP(B16,'19'!B:L,11,0),"0") -> 0 | EQ16: =SUM(EK16:EP16) -> 0 | ER16: =IFERROR(VLOOKUP(B16,'20'!B:D,3,0),"0") -> 0 | ES16: =IFERROR(VLOOKUP(B16,'20'!B:E,4,0),"0") -> 0 | ET16: =IFERROR(VLOOKUP(B16,'20'!B:F,5,0),"0") -> 0 | EU16: =IFERROR(VLOOKUP(B16,'20'!B:J,9,0),"0") -> 0 | EV16: =IFERROR(VLOOKUP(B16,'20'!B:K,10,0),"0") -> 0 | EW16: =IFERROR(VLOOKUP(B16,'20'!B:L,11,0),"0") -> 0 | EX16: =SUM(ER16:EW16) -> 0 | EY16: =IFERROR(VLOOKUP(B16,'21'!B:D,3,0),"0") -> 0 | EZ16: =IFERROR(VLOOKUP(B16,'21'!B:E,4,0),"0") -> 0 | FA16: =IFERROR(VLOOKUP(B16,'21'!B:F,5,0),"0") -> 0 | FB16: =IFERROR(VLOOKUP(B16,'21'!B:J,9,0),"0") -> 0 | FC16: =IFERROR(VLOOKUP(B16,'21'!B:K,10,0),"0") -> 0 | FD16: =IFERROR(VLOOKUP(B16,'21'!B:L,11,0),"0") -> 0 | FE16: =SUM(EY16:FD16) -> 0 | FF16: =IFERROR(VLOOKUP(B16,'22'!B:D,3,0),"0") -> 0 | FG16: =IFERROR(VLOOKUP(B16,'22'!B:E,4,0),"0") -> 0 | FH16: =IFERROR(VLOOKUP(B16,'22'!B:F,5,0),"0") -> 0 | FI16: =IFERROR(VLOOKUP(B16,'22'!B:J,9,0),"0") -> 0 | FJ16: =IFERROR(VLOOKUP(B16,'22'!B:K,10,0),"0") -> 0 | FK16: =IFERROR(VLOOKUP(B16,'22'!B:L,11,0),"0") -> 0 | FL16: =SUM(FF16:FK16) -> 0 | FM16: =IFERROR(VLOOKUP(B16,'23'!B:D,3,0),"0") -> 0 | FN16: =IFERROR(VLOOKUP(B16,'23'!B:E,4,0),"0") -> 0 | FO16: =IFERROR(VLOOKUP(B16,'23'!B:F,5,0),"0") -> 0 | FP16: =IFERROR(VLOOKUP(B16,'23'!B:J,9,0),"0") -> 0 | FQ16: =IFERROR(VLOOKUP(B16,'23'!B:K,10,0),"0") -> 0 | FR16: =IFERROR(VLOOKUP(B16,'23'!B:L,11,0),"0") -> 0 | FS16: =SUM(FM16:FR16) -> 0 | FT16: =IFERROR(VLOOKUP(B16,'24'!B:D,3,0),"0") -> 0 | FU16: =IFERROR(VLOOKUP(B16,'24'!B:E,4,0),"0") -> 0 | FV16: =IFERROR(VLOOKUP(B16,'24'!B:F,5,0),"0") -> 0 | FW16: =IFERROR(VLOOKUP(B16,'24'!B:J,9,0),"0") -> 0 | FX16: =IFERROR(VLOOKUP(B16,'24'!B:K,10,0),"0") -> 0 | FY16: =IFERROR(VLOOKUP(B16,'24'!B:L,11,0),"0") -> 0 | FZ16: =SUM(FT16:FY16) -> 0 | GA16: =IFERROR(VLOOKUP(B16,'25'!B:D,3,0),"0") -> 0 | GB16: =IFERROR(VLOOKUP(B16,'25'!B:E,4,0),"0") -> 0 | GC16: =IFERROR(VLOOKUP(B16,'25'!B:F,5,0),"0") -> 0 | GD16: =IFERROR(VLOOKUP(B16,'25'!B:J,9,0),"0") -> 0 | GE16: =IFERROR(VLOOKUP(B16,'25'!B:K,10,0),"0") -> 0 | GF16: =IFERROR(VLOOKUP(B16,'25'!B:L,11,0),"0") -> 0 | GG16: =SUM(GA16:GD16) -> 0 | GH16: =IFERROR(VLOOKUP(B16,'26'!B:D,3,0),"0") -> 0 | GI16: =IFERROR(VLOOKUP(B16,'26'!B:E,4,0),"0") -> 0 | GJ16: =IFERROR(VLOOKUP(B16,'26'!B:F,5,0),"0") -> 0 | GK16: =IFERROR(VLOOKUP(B16,'26'!B:J,9,0),"0") -> 0 | GL16: =IFERROR(VLOOKUP(B16,'26'!B:K,10,0),"0") -> 0 | GM16: =IFERROR(VLOOKUP(B16,'26'!B:L,11,0),"0") -> 0 | GN16: =SUM(GH16:GK16) -> 0 | GO16: =IFERROR(VLOOKUP(B16,'27'!B:D,3,0),"0") -> 0 | GP16: =IFERROR(VLOOKUP(B16,'27'!B:E,4,0),"0") -> 0 | GQ16: =IFERROR(VLOOKUP(B16,'27'!B:F,5,0),"0") -> 0 | GR16: =IFERROR(VLOOKUP(B16,'27'!B:J,9,0),"0") -> 0 | GS16: =IFERROR(VLOOKUP(B16,'27'!B:K,10,0),"0") -> 0 | GT16: =IFERROR(VLOOKUP(B16,'27'!B:L,11,0),"0") -> 0 | GU16: =SUM(GO16:GT16) -> 0 | GV16: =IFERROR(VLOOKUP(B16,'28'!B:D,3,0),"0") -> 0 | GW16: =IFERROR(VLOOKUP(B16,'28'!B:E,4,0),"0") -> 0 | GX16: =IFERROR(VLOOKUP(B16,'28'!B:F,5,0),"0") -> 0 | GY16: =IFERROR(VLOOKUP(B16,'28'!B:J,9,0),"0") -> 0 | GZ16: =IFERROR(VLOOKUP(B16,'28'!B:K,10,0),"0") -> 0 | HA16: =IFERROR(VLOOKUP(B16,'28'!B:L,11,0),"0") -> 0 | HB16: =SUM(GV16:HA16) -> 0 | HC16: =IFERROR(VLOOKUP(B16,#REF!,3),"0") -> 0 | HD16: =IFERROR(VLOOKUP(B16,#REF!,4,0),"0") -> 0 | HE16: =IFERROR(VLOOKUP(B16,#REF!,5,0),"0") -> 0 | HF16: =IFERROR(VLOOKUP(B16,#REF!,9,0),"0") -> 0 | HG16: =IFERROR(VLOOKUP(B16,#REF!,10,0),"0") -> 0 | HH16: =IFERROR(VLOOKUP(B16,#REF!,11,0),"0") -> 0 | HI16: =SUM(HC16:HF16) -> 0 | HP16: =SUM(HJ16:HM16) -> 0 | HW16: =SUM(HQ16:HT16) -> 0
... A107: 104 | B107: 1200092 | C107: ท็อฟฟี่ถั่ว 1 กิโล | D107: กิโลกรัม | E107: 0 | F107: =+M107*E107 -> 0 | G107: =+O107+V107+AC107+AJ107+AQ107+AX107+BE107+BL107+BS107+BZ107+CG107+CN107+CU107+DB107+DI107+DP107+DW107+ED107+EK107+ER107+EY107+FF107+FM107+FT107+GA107+GH107+GO107+GV107+HC107+HJ107+HQ107 -> 0 | H107: =+P107+W107+AD107+AK107+AR107+AY107+BF107+BM107+BT107+CA107+CH107+CO107+CV107+DC107+DJ107+DQ107+DX107+EE107+EL107+ES107+EZ107+FG107+FN107+FU107+GB107+GI107+GP107+GW107+HD107+HK107+HR107 -> 0 | I107: =+Q107+X107+AE107+AL107+AS107+AZ107+BG107+BN107+BU107+CB107+CI107+CP107+CW107+DD107+DK107+DR107+DY107+EF107+EM107+ET107+FA107+FH107+FO107+FV107+GC107+GJ107+GQ107+GX107+HE107+HL107+HS107 -> 4 | J107: =+R107+Y107+AF107+AM107+AT107+BA107+BH107+BO107+BV107+CC107+CJ107+CQ107+CX107+DE107+DL107+DS107+DZ107+EG107+EN107+EU107+FB107+FI107+FP107+FW107+GD107+GK107+GR107+GY107+HF107+HM107+HT107 -> 0 | K107: =+S107+Z107+AG107+AN107+AU107+BB107+BI107+BP107+BW107+CD107+CK107+CR107+CY107+DF107+DM107+DT107+EA107+EH107+EO107+EV107+FC107+FJ107+FQ107+FX107+GE107+GL107+GS107+GZ107+HG107+HN107+HU107 -> 0 | L107: =+T107+AA107+AH107+AO107+AV107+BC107+BJ107+BQ107+BX107+CE107+CL107+CS107+CZ107+DG107+DN107+DU107+EB107+EI107+EP107+EW107+FD107+FK107+FR107+FY107+GF107+GM107+GT107+HA107+HH107+HO107+HV107 -> 0 | M107: =SUM(G107:L107) -> 4 | N107: =+G107+H107+I107+J107+K107 -> 4 | O107: =IFERROR(VLOOKUP(B107,'1ไม่มียอด'!B:D,3,0),"0") -> 0 | P107: =IFERROR(VLOOKUP(B107,'1ไม่มียอด'!B:E,4,0),"0") -> 0 | Q107: =IFERROR(VLOOKUP(B107,'1ไม่มียอด'!B:F,5,0),"0") -> 0 | R107: =IFERROR(VLOOKUP(B107,'1ไม่มียอด'!B:G,6,0),"0") -> 0 | S107: =IFERROR(VLOOKUP(B107,'1ไม่มียอด'!B:J,9,0),"0") -> 0 | T107: =IFERROR(VLOOKUP(B107,'1ไม่มียอด'!B:K,10,0),"0") -> 0 | U107: =SUM(O107:R107) -> 0 | V107: =IFERROR(VLOOKUP(B107,#REF!,3,0),"0") -> 0 | W107: =IFERROR(VLOOKUP(B107,#REF!,4,0),"0") -> 0 | X107: =IFERROR(VLOOKUP(B107,#REF!,5,0),"0") -> 0 | Y107: =IFERROR(VLOOKUP(B107,#REF!,9,0),"0") -> 0 | Z107: =IFERROR(VLOOKUP(B107,#REF!,10,0),"0") -> 0 | AA107: =IFERROR(VLOOKUP(B107,#REF!,11,0),"0") -> 0 | AB107: =SUM(V107:Y107) -> 0 | AC107: =IFERROR(VLOOKUP(B107,'3'!B:D,3,0),"0") -> 0 | AD107: =IFERROR(VLOOKUP(B107,'3'!B:E,4,0),"0") -> 0 | AE107: =IFERROR(VLOOKUP(B107,'3'!B:F,5,0),"0") -> 0 | AF107: =IFERROR(VLOOKUP(B107,'3'!B:J,9,0),"0") -> 0 | AG107: =IFERROR(VLOOKUP(B107,'3'!B:K,10,0),"0") -> 0 | AH107: =IFERROR(VLOOKUP(B107,'3'!B:L,11,0),"0") -> 0 | AI107: =SUM(AC107:AH107) -> 0 | AJ107: =IFERROR(VLOOKUP(B107,'4'!B:D,3,0),"0") -> 0 | AK107: =IFERROR(VLOOKUP(B107,'4'!B:E,4,0),"0") -> 0 | AL107: =IFERROR(VLOOKUP(B107,'4'!B:F,5,0),"0") -> 0 | AM107: =IFERROR(VLOOKUP(B107,'4'!B:J,9,0),"0") -> 0 | AN107: =IFERROR(VLOOKUP(B107,'4'!B:K,10,0),"0") -> 0 | AO107: =IFERROR(VLOOKUP(B107,'4'!B:L,11,0),"0") -> 0 | AP107: =SUM(AJ107:AO107) -> 0 | AQ107: =IFERROR(VLOOKUP(B107,'5'!B:D,3,0),"0") -> 0 | AR107: =IFERROR(VLOOKUP(B107,'5'!B:E,4,0),"0") -> 0 | AS107: =IFERROR(VLOOKUP(B107,'5'!B:F,5,0),"0") -> 0 | AT107: =IFERROR(VLOOKUP(B107,'5'!B:J,9,0),"0") -> 0 | AU107: =IFERROR(VLOOKUP(B107,'5'!B:K,10,0),"0") -> 0 | AV107: =IFERROR(VLOOKUP(B107,'5'!B:L,11,0),"0") -> 0 | AW107: =SUM(AQ107:AT107) -> 0 | AX107: =IFERROR(VLOOKUP(B107,'6'!B:D,3,0),"0") -> 0 | AY107: =IFERROR(VLOOKUP(B107,'6'!B:E,4,0),"0") -> 0 | AZ107: =IFERROR(VLOOKUP(B107,'6'!B:F,5,0),"0") -> 0 | BA107: =IFERROR(VLOOKUP(B107,'6'!B:J,9,0),"0") -> 0 | BB107: =IFERROR(VLOOKUP(B107,'6'!B:K,10,0),"0") -> 0 | BC107: =IFERROR(VLOOKUP(B107,'6'!B:L,11,0),"0") -> 0 | BD107: =SUM(AX107:BC107) -> 0 | BE107: =IFERROR(VLOOKUP(B107,'7'!B:D,3,0),"0") -> 0 | BF107: =IFERROR(VLOOKUP(B107,'7'!B:E,4,0),"0") -> 0 | BG107: =IFERROR(VLOOKUP(B107,'7'!B:F,5,0),"0") -> 0 | BH107: =IFERROR(VLOOKUP(B107,'7'!B:J,9,0),"0") -> 0 | BI107: =IFERROR(VLOOKUP(B107,'7'!B:K,10,0),"0") -> 0 | BJ107: =IFERROR(VLOOKUP(B107,'7'!B:L,11,0),"0") -> 0 | BK107: =SUM(BE107:BH107) -> 0 | BL107: =IFERROR(VLOOKUP(B107,'8'!B:D,3,0),"0") -> 0 | BM107: =IFERROR(VLOOKUP(B107,'8'!B:E,4,0),"0") -> 0 | BN107: =IFERROR(VLOOKUP(B107,'8'!B:F,5,0),"0") -> 0 | BO107: =IFERROR(VLOOKUP(B107,'8'!B:J,9,0),"0") -> 0 | BP107: =IFERROR(VLOOKUP(B107,'8'!B:K,10,0),"0") -> 0 | BQ107: =IFERROR(VLOOKUP(B107,'8'!B:L,11,0),"0") -> 0 | BR107: =SUM(BL107:BQ107) -> 0 | BS107: =IFERROR(VLOOKUP(B107,'9'!B:D,3,0),"0") -> 0 | BT107: =IFERROR(VLOOKUP(B107,'9'!B:E,4,0),"0") -> 0 | BU107: =IFERROR(VLOOKUP(B107,'9'!B:F,5,0),"0") -> 0 | BV107: =IFERROR(VLOOKUP(B107,'9'!B:J,9,0),"0") -> 0 | BW107: =IFERROR(VLOOKUP(B107,'9'!B:K,10,0),"0") -> 0 | BX107: =IFERROR(VLOOKUP(B107,'9'!B:L,11,0),"0") -> 0 | BY107: =SUM(BS107:BX107) -> 0 | BZ107: =IFERROR(VLOOKUP(B107,'10'!B:D,3,0),"0") -> 0 | CA107: =IFERROR(VLOOKUP(B107,'10'!B:E,4,0),"0") -> 0 | CB107: =VLOOKUP(B107,'10'!B:F,5,0) -> 0 | CC107: =IFERROR(VLOOKUP(B107,'10'!B:J,9,0),"0") -> 0 | CD107: =IFERROR(VLOOKUP(B107,'10'!B:K,10,0),"0") -> 0 | CE107: =IFERROR(VLOOKUP(B107,'10'!B:L,11,0),"0") -> 0 | CF107: =SUM(BZ107:CC107) -> 0 | CG107: =IFERROR(VLOOKUP(B107,'11'!B:D,3,0),"0") -> 0 | CH107: =IFERROR(VLOOKUP(B107,'11'!B:E,4,0),"0") -> 0 | CI107: =IFERROR(VLOOKUP(B107,'11'!B:F,5,0),"0") -> 0 | CJ107: =IFERROR(VLOOKUP(B107,'11'!B:J,9,0),"0") -> 0 | CK107: =IFERROR(VLOOKUP(B107,'11'!B:K,10,0),"0") -> 0 | CL107: =IFERROR(VLOOKUP(B107,'11'!B:L,11,0),"0") -> 0 | CM107: =SUM(CG107:CJ107) -> 0 | CN107: =IFERROR(VLOOKUP(B107,'12'!B:D,3,0),"0") -> 0 | CO107: =IFERROR(VLOOKUP(B107,'12'!B:E,4,0),"0") -> 0 | CP107: =IFERROR(VLOOKUP(B107,'12'!B:F,5,0),"0") -> 0 | CQ107: =IFERROR(VLOOKUP(B107,'12'!B:J,9,0),"0") -> 0 | CR107: =IFERROR(VLOOKUP(B107,'12'!B:K,10,0),"0") -> 0 | CS107: =IFERROR(VLOOKUP(B107,'12'!B:L,11,0),"0") -> 0 | CT107: =SUM(CN107:CQ107) -> 0 | CU107: =IFERROR(VLOOKUP(B107,'13'!B:D,3,0),"0") -> 0 | CV107: =IFERROR(VLOOKUP(B107,'13'!B:E,4,0),"0") -> 0 | CW107: =IFERROR(VLOOKUP(B107,'13'!B:F,5,0),"0") -> 0 | CX107: =IFERROR(VLOOKUP(B107,'13'!B:J,9,0),"0") -> 0 | CY107: =IFERROR(VLOOKUP(B107,'13'!B:K,10,0),"0") -> 0 | CZ107: =IFERROR(VLOOKUP(B107,'13'!B:L,11,0),"0") -> 0 | DA107: =SUM(CU107:CX107) -> 0 | DB107: =IFERROR(VLOOKUP(B107,'14'!B:D,3,0),"0") -> 0 | DC107: =IFERROR(VLOOKUP(B107,'14'!B:E,4,0),"0") -> 0 | DD107: =IFERROR(VLOOKUP(B107,'14'!B:F,5,0),"0") -> 0 | DE107: =IFERROR(VLOOKUP(B107,'14'!B:J,9,0),"0") -> 0 | DF107: =IFERROR(VLOOKUP(B107,'14'!B:K,10,0),"0") -> 0 | DG107: =IFERROR(VLOOKUP(B107,'14'!B:L,11,0),"0") -> 0 | DH107: =SUM(DB107:DE107) -> 0 | DI107: =IFERROR(VLOOKUP(B107,'15'!B:D,3,0),"0") -> 0 | DJ107: =IFERROR(VLOOKUP(B107,'15'!B:E,4,0),"0") -> 0 | DK107: =IFERROR(VLOOKUP(B107,'15'!B:F,5,0),"0") -> 0 | DL107: =IFERROR(VLOOKUP(B107,'15'!B:J,9,0),"0") -> 0 | DM107: =IFERROR(VLOOKUP(B107,'15'!B:K,10,0),"0") -> 0 | DN107: =IFERROR(VLOOKUP(B107,'15'!B:L,11,0),"0") -> 0 | DO107: =SUM(DI107:DL107) -> 0 | DP107: =IFERROR(VLOOKUP(B107,'16'!B:D,3,0),"0") -> 0 | DQ107: =IFERROR(VLOOKUP(B107,'16'!B:E,4,0),"0") -> 0 | DR107: =IFERROR(VLOOKUP(B107,'16'!B:F,5,0),"0") -> 0 | DS107: =IFERROR(VLOOKUP(B107,'16'!B:J,9,0),"0") -> 0 | DT107: =IFERROR(VLOOKUP(B107,'16'!B:K,10,0),"0") -> 0 | DU107: =IFERROR(VLOOKUP(B107,'16'!B:L,11,0),"0") -> 0 | DV107: =SUM(DP107:DS107) -> 0 | DW107: =IFERROR(VLOOKUP(B107,'17'!B:D,3,0),"0") -> 0 | DX107: =IFERROR(VLOOKUP(B107,'17'!B:E,4,0),"0") -> 0 | DY107: =IFERROR(VLOOKUP(B107,'17'!B:F,5,0),"0") -> 0 | DZ107: =IFERROR(VLOOKUP(B107,'17'!B:J,9,0),"0") -> 0 | EA107: =IFERROR(VLOOKUP(B107,'17'!B:K,10,0),"0") -> 0 | EB107: =IFERROR(VLOOKUP(B107,'17'!B:L,11,0),"0") -> 0 | EC107: =SUM(DW107:DZ107) -> 0 | ED107: =IFERROR(VLOOKUP(B107,'18'!B:D,3,0),"0") -> 0 | EE107: =IFERROR(VLOOKUP(B107,'18'!B:E,4,0),"0") -> 0 | EF107: =IFERROR(VLOOKUP(B107,'18'!B:F,5,0),"0") -> 0 | EG107: =IFERROR(VLOOKUP(B107,'18'!B:J,9,0),"0") -> 0 | EH107: =IFERROR(VLOOKUP(B107,'18'!B:K,10,0),"0") -> 0 | EI107: =IFERROR(VLOOKUP(B107,'18'!B:L,11,0),"0") -> 0 | EJ107: =SUM(ED107:EI107) -> 0 | EK107: =IFERROR(VLOOKUP(B107,'19'!B:D,3,0),"0") -> 0 | EL107: =IFERROR(VLOOKUP(B107,'19'!B:E,4,0),"0") -> 0 | EM107: =IFERROR(VLOOKUP(B107,'19'!B:F,5,0),"0") -> 0 | EN107: =IFERROR(VLOOKUP(B107,'19'!B:J,9,0),"0") -> 0 | EO107: =IFERROR(VLOOKUP(B107,'19'!B:K,10,0),"0") -> 0 | EP107: =IFERROR(VLOOKUP(B107,'19'!B:L,11,0),"0") -> 0 | EQ107: =SUM(EK107:EP107) -> 0 | ER107: =IFERROR(VLOOKUP(B107,'20'!B:D,3,0),"0") -> 0 | ES107: =IFERROR(VLOOKUP(B107,'20'!B:E,4,0),"0") -> 0 | ET107: =IFERROR(VLOOKUP(B107,'20'!B:F,5,0),"0") -> 0 | EU107: =IFERROR(VLOOKUP(B107,'20'!B:J,9,0),"0") -> 0 | EV107: =IFERROR(VLOOKUP(B107,'20'!B:K,10,0),"0") -> 0 | EW107: =IFERROR(VLOOKUP(B107,'20'!B:L,11,0),"0") -> 0 | EX107: =SUM(ER107:EW107) -> 0 | EY107: =IFERROR(VLOOKUP(B107,'21'!B:D,3,0),"0") -> 0 | EZ107: =IFERROR(VLOOKUP(B107,'21'!B:E,4,0),"0") -> 0 | FA107: =IFERROR(VLOOKUP(B107,'21'!B:F,5,0),"0") -> 0 | FB107: =IFERROR(VLOOKUP(B107,'21'!B:J,9,0),"0") -> 0 | FC107: =IFERROR(VLOOKUP(B107,'21'!B:K,10,0),"0") -> 0 | FD107: =IFERROR(VLOOKUP(B107,'21'!B:L,11,0),"0") -> 0 | FE107: =SUM(EY107:FD107) -> 0 | FF107: =IFERROR(VLOOKUP(B107,'22'!B:D,3,0),"0") -> 0 | FG107: =IFERROR(VLOOKUP(B107,'22'!B:E,4,0),"0") -> 0 | FH107: =IFERROR(VLOOKUP(B107,'22'!B:F,5,0),"0") -> 0 | FI107: =IFERROR(VLOOKUP(B107,'22'!B:J,9,0),"0") -> 0 | FJ107: =IFERROR(VLOOKUP(B107,'22'!B:K,10,0),"0") -> 0 | FK107: =IFERROR(VLOOKUP(B107,'22'!B:L,11,0),"0") -> 0 | FL107: =SUM(FF107:FK107) -> 0 | FM107: =IFERROR(VLOOKUP(B107,'23'!B:D,3,0),"0") -> 0 | FN107: =IFERROR(VLOOKUP(B107,'23'!B:E,4,0),"0") -> 0 | FO107: =IFERROR(VLOOKUP(B107,'23'!B:F,5,0),"0") -> 0 | FP107: =IFERROR(VLOOKUP(B107,'23'!B:J,9,0),"0") -> 0 | FQ107: =IFERROR(VLOOKUP(B107,'23'!B:K,10,0),"0") -> 0 | FR107: =IFERROR(VLOOKUP(B107,'23'!B:L,11,0),"0") -> 0 | FS107: =SUM(FM107:FR107) -> 0 | FT107: =IFERROR(VLOOKUP(B107,'24'!B:D,3,0),"0") -> 0 | FU107: =IFERROR(VLOOKUP(B107,'24'!B:E,4,0),"0") -> 0 | FV107: =IFERROR(VLOOKUP(B107,'24'!B:F,5,0),"0") -> 4 | FW107: =IFERROR(VLOOKUP(B107,'24'!B:J,9,0),"0") -> 0 | FX107: =IFERROR(VLOOKUP(B107,'24'!B:K,10,0),"0") -> 0 | FY107: =IFERROR(VLOOKUP(B107,'24'!B:L,11,0),"0") -> 0 | FZ107: =SUM(FT107:FY107) -> 4 | GA107: =IFERROR(VLOOKUP(B107,'25'!B:D,3,0),"0") -> 0 | GB107: =IFERROR(VLOOKUP(B107,'25'!B:E,4,0),"0") -> 0 | GC107: =IFERROR(VLOOKUP(B107,'25'!B:F,5,0),"0") -> 0 | GD107: =IFERROR(VLOOKUP(B107,'25'!B:J,9,0),"0") -> 0 | GE107: =IFERROR(VLOOKUP(B107,'25'!B:K,10,0),"0") -> 0 | GF107: =IFERROR(VLOOKUP(B107,'25'!B:L,11,0),"0") -> 0 | GG107: =SUM(GA107:GD107) -> 0 | GH107: =IFERROR(VLOOKUP(B107,'26'!B:D,3,0),"0") -> 0 | GI107: =IFERROR(VLOOKUP(B107,'26'!B:E,4,0),"0") -> 0 | GJ107: =IFERROR(VLOOKUP(B107,'26'!B:F,5,0),"0") -> 0 | GK107: =IFERROR(VLOOKUP(B107,'26'!B:J,9,0),"0") -> 0 | GL107: =IFERROR(VLOOKUP(B107,'26'!B:K,10,0),"0") -> 0 | GM107: =IFERROR(VLOOKUP(B107,'26'!B:L,11,0),"0") -> 0 | GN107: =SUM(GH107:GK107) -> 0 | GO107: =IFERROR(VLOOKUP(B107,'27'!B:D,3,0),"0") -> 0 | GP107: =IFERROR(VLOOKUP(B107,'27'!B:E,4,0),"0") -> 0 | GQ107: =IFERROR(VLOOKUP(B107,'27'!B:F,5,0),"0") -> 0 | GR107: =IFERROR(VLOOKUP(B107,'27'!B:J,9,0),"0") -> 0 | GS107: =IFERROR(VLOOKUP(B107,'27'!B:K,10,0),"0") -> 0 | GT107: =IFERROR(VLOOKUP(B107,'27'!B:L,11,0),"0") -> 0 | GU107: =SUM(GO107:GT107) -> 0 | GV107: =IFERROR(VLOOKUP(B107,'28'!B:D,3,0),"0") -> 0 | GW107: =IFERROR(VLOOKUP(B107,'28'!B:E,4,0),"0") -> 0 | GX107: =IFERROR(VLOOKUP(B107,'28'!B:F,5,0),"0") -> 0 | GY107: =IFERROR(VLOOKUP(B107,'28'!B:J,9,0),"0") -> 0 | GZ107: =IFERROR(VLOOKUP(B107,'28'!B:K,10,0),"0") -> 0 | HA107: =IFERROR(VLOOKUP(B107,'28'!B:L,11,0),"0") -> 0 | HB107: =SUM(GV107:HA107) -> 0 | HC107: =IFERROR(VLOOKUP(B107,#REF!,3),"0") -> 0 | HD107: =IFERROR(VLOOKUP(B107,#REF!,4,0),"0") -> 0 | HE107: =IFERROR(VLOOKUP(B107,#REF!,5,0),"0") -> 0 | HF107: =IFERROR(VLOOKUP(B107,#REF!,9,0),"0") -> 0 | HG107: =IFERROR(VLOOKUP(B107,#REF!,10,0),"0") -> 0 | HH107: =IFERROR(VLOOKUP(B107,#REF!,11,0),"0") -> 0 | HI107: =SUM(HC107:HF107) -> 0 | HP107: =SUM(HJ107:HM107) -> 0 | HW107: =SUM(HQ107:HT107) -> 0
A108: 105 | B108: เศษปัง-1 | C108: เศษขนมปังปลา5กก. | D108: กิโลกรัม | E108: 75 | F108: =+M108*E108 -> 6750 | G108: =+O108+V108+AC108+AJ108+AQ108+AX108+BE108+BL108+BS108+BZ108+CG108+CN108+CU108+DB108+DI108+DP108+DW108+ED108+EK108+ER108+EY108+FF108+FM108+FT108+GA108+GH108+GO108+GV108+HC108+HJ108+HQ108 -> 0 | H108: =+P108+W108+AD108+AK108+AR108+AY108+BF108+BM108+BT108+CA108+CH108+CO108+CV108+DC108+DJ108+DQ108+DX108+EE108+EL108+ES108+EZ108+FG108+FN108+FU108+GB108+GI108+GP108+GW108+HD108+HK108+HR108 -> 47 | I108: =+Q108+X108+AE108+AL108+AS108+AZ108+BG108+BN108+BU108+CB108+CI108+CP108+CW108+DD108+DK108+DR108+DY108+EF108+EM108+ET108+FA108+FH108+FO108+FV108+GC108+GJ108+GQ108+GX108+HE108+HL108+HS108 -> 43 | J108: =+R108+Y108+AF108+AM108+AT108+BA108+BH108+BO108+BV108+CC108+CJ108+CQ108+CX108+DE108+DL108+DS108+DZ108+EG108+EN108+EU108+FB108+FI108+FP108+FW108+GD108+GK108+GR108+GY108+HF108+HM108+HT108 -> 0 | K108: =+S108+Z108+AG108+AN108+AU108+BB108+BI108+BP108+BW108+CD108+CK108+CR108+CY108+DF108+DM108+DT108+EA108+EH108+EO108+EV108+FC108+FJ108+FQ108+FX108+GE108+GL108+GS108+GZ108+HG108+HN108+HU108 -> 0 | L108: =+T108+AA108+AH108+AO108+AV108+BC108+BJ108+BQ108+BX108+CE108+CL108+CS108+CZ108+DG108+DN108+DU108+EB108+EI108+EP108+EW108+FD108+FK108+FR108+FY108+GF108+GM108+GT108+HA108+HH108+HO108+HV108 -> 0 | M108: =SUM(G108:L108) -> 90 | N108: =+G108+H108+I108+J108+K108 -> 90 | O108: =IFERROR(VLOOKUP(B108,'1ไม่มียอด'!B:D,3,0),"0") -> 0 | P108: =IFERROR(VLOOKUP(B108,'1ไม่มียอด'!B:E,4,0),"0") -> 0 | Q108: =IFERROR(VLOOKUP(B108,'1ไม่มียอด'!B:F,5,0),"0") -> 0 | R108: =IFERROR(VLOOKUP(B108,'1ไม่มียอด'!B:G,6,0),"0") -> 0 | S108: =IFERROR(VLOOKUP(B108,'1ไม่มียอด'!B:J,9,0),"0") -> 0 | T108: =IFERROR(VLOOKUP(B108,'1ไม่มียอด'!B:K,10,0),"0") -> 0 | U108: =SUM(O108:R108) -> 0 | V108: =IFERROR(VLOOKUP(B108,#REF!,3,0),"0") -> 0 | W108: =IFERROR(VLOOKUP(B108,#REF!,4,0),"0") -> 0 | X108: =IFERROR(VLOOKUP(B108,#REF!,5,0),"0") -> 0 | Y108: =IFERROR(VLOOKUP(B108,#REF!,9,0),"0") -> 0 | Z108: =IFERROR(VLOOKUP(B108,#REF!,10,0),"0") -> 0 | AA108: =IFERROR(VLOOKUP(B108,#REF!,11,0),"0") -> 0 | AB108: =SUM(V108:Y108) -> 0 | AC108: =IFERROR(VLOOKUP(B108,'3'!B:D,3,0),"0") -> 0 | AD108: =IFERROR(VLOOKUP(B108,'3'!B:E,4,0),"0") -> 4 | AE108: =IFERROR(VLOOKUP(B108,'3'!B:F,5,0),"0") -> 0 | AF108: =IFERROR(VLOOKUP(B108,'3'!B:J,9,0),"0") -> 0 | AG108: =IFERROR(VLOOKUP(B108,'3'!B:K,10,0),"0") -> 0 | AH108: =IFERROR(VLOOKUP(B108,'3'!B:L,11,0),"0") -> 0 | AI108: =SUM(AC108:AH108) -> 4 | AJ108: =IFERROR(VLOOKUP(B108,'4'!B:D,3,0),"0") -> 0 | AK108: =IFERROR(VLOOKUP(B108,'4'!B:E,4,0),"0") -> 0 | AL108: =IFERROR(VLOOKUP(B108,'4'!B:F,5,0),"0") -> 0 | AM108: =IFERROR(VLOOKUP(B108,'4'!B:J,9,0),"0") -> 0 | AN108: =IFERROR(VLOOKUP(B108,'4'!B:K,10,0),"0") -> 0 | AO108: =IFERROR(VLOOKUP(B108,'4'!B:L,11,0),"0") -> 0 | AP108: =SUM(AJ108:AO108) -> 0 | AQ108: =IFERROR(VLOOKUP(B108,'5'!B:D,3,0),"0") -> 0 | AR108: =IFERROR(VLOOKUP(B108,'5'!B:E,4,0),"0") -> 1 | AS108: =IFERROR(VLOOKUP(B108,'5'!B:F,5,0),"0") -> 0 | AT108: =IFERROR(VLOOKUP(B108,'5'!B:J,9,0),"0") -> 0 | AU108: =IFERROR(VLOOKUP(B108,'5'!B:K,10,0),"0") -> 0 | AV108: =IFERROR(VLOOKUP(B108,'5'!B:L,11,0),"0") -> 0 | AW108: =SUM(AQ108:AT108) -> 1 | AX108: =IFERROR(VLOOKUP(B108,'6'!B:D,3,0),"0") -> 0 | AY108: =IFERROR(VLOOKUP(B108,'6'!B:E,4,0),"0") -> 0 | AZ108: =IFERROR(VLOOKUP(B108,'6'!B:F,5,0),"0") -> 0 | BA108: =IFERROR(VLOOKUP(B108,'6'!B:J,9,0),"0") -> 0 | BB108: =IFERROR(VLOOKUP(B108,'6'!B:K,10,0),"0") -> 0 | BC108: =IFERROR(VLOOKUP(B108,'6'!B:L,11,0),"0") -> 0 | BD108: =SUM(AX108:BC108) -> 0 | BE108: =IFERROR(VLOOKUP(B108,'7'!B:D,3,0),"0") -> 0 | BF108: =IFERROR(VLOOKUP(B108,'7'!B:E,4,0),"0") -> 5 | BG108: =IFERROR(VLOOKUP(B108,'7'!B:F,5,0),"0") -> 4 | BH108: =IFERROR(VLOOKUP(B108,'7'!B:J,9,0),"0") -> 0 | BI108: =IFERROR(VLOOKUP(B108,'7'!B:K,10,0),"0") -> 0 | BJ108: =IFERROR(VLOOKUP(B108,'7'!B:L,11,0),"0") -> 0 | BK108: =SUM(BE108:BH108) -> 9 | BL108: =IFERROR(VLOOKUP(B108,'8'!B:D,3,0),"0") -> 0 | BM108: =IFERROR(VLOOKUP(B108,'8'!B:E,4,0),"0") -> 2 | BN108: =IFERROR(VLOOKUP(B108,'8'!B:F,5,0),"0") -> 0 | BO108: =IFERROR(VLOOKUP(B108,'8'!B:J,9,0),"0") -> 0 | BP108: =IFERROR(VLOOKUP(B108,'8'!B:K,10,0),"0") -> 0 | BQ108: =IFERROR(VLOOKUP(B108,'8'!B:L,11,0),"0") -> 0 | BR108: =SUM(BL108:BQ108) -> 2 | BS108: =IFERROR(VLOOKUP(B108,'9'!B:D,3,0),"0") -> 0 | BT108: =IFERROR(VLOOKUP(B108,'9'!B:E,4,0),"0") -> 3 | BU108: =IFERROR(VLOOKUP(B108,'9'!B:F,5,0),"0") -> 0 | BV108: =IFERROR(VLOOKUP(B108,'9'!B:J,9,0),"0") -> 0 | BW108: =IFERROR(VLOOKUP(B108,'9'!B:K,10,0),"0") -> 0 | BX108: =IFERROR(VLOOKUP(B108,'9'!B:L,11,0),"0") -> 0 | BY108: =SUM(BS108:BX108) -> 3 | BZ108: =IFERROR(VLOOKUP(B108,'10'!B:D,3,0),"0") -> 0 | CA108: =IFERROR(VLOOKUP(B108,'10'!B:E,4,0),"0") -> 6 | CB108: =VLOOKUP(B108,'10'!B:F,5,0) -> 0 | CC108: =IFERROR(VLOOKUP(B108,'10'!B:J,9,0),"0") -> 0 | CD108: =IFERROR(VLOOKUP(B108,'10'!B:K,10,0),"0") -> 0 | CE108: =IFERROR(VLOOKUP(B108,'10'!B:L,11,0),"0") -> 0 | CF108: =SUM(BZ108:CC108) -> 6 | CG108: =IFERROR(VLOOKUP(B108,'11'!B:D,3,0),"0") -> 0 | CH108: =IFERROR(VLOOKUP(B108,'11'!B:E,4,0),"0") -> 3 | CI108: =IFERROR(VLOOKUP(B108,'11'!B:F,5,0),"0") -> 3 | CJ108: =IFERROR(VLOOKUP(B108,'11'!B:J,9,0),"0") -> 0 | CK108: =IFERROR(VLOOKUP(B108,'11'!B:K,10,0),"0") -> 0 | CL108: =IFERROR(VLOOKUP(B108,'11'!B:L,11,0),"0") -> 0 | CM108: =SUM(CG108:CJ108) -> 6 | CN108: =IFERROR(VLOOKUP(B108,'12'!B:D,3,0),"0") -> 0 | CO108: =IFERROR(VLOOKUP(B108,'12'!B:E,4,0),"0") -> 0 | CP108: =IFERROR(VLOOKUP(B108,'12'!B:F,5,0),"0") -> 6 | CQ108: =IFERROR(VLOOKUP(B108,'12'!B:J,9,0),"0") -> 0 | CR108: =IFERROR(VLOOKUP(B108,'12'!B:K,10,0),"0") -> 0 | CS108: =IFERROR(VLOOKUP(B108,'12'!B:L,11,0),"0") -> 0 | CT108: =SUM(CN108:CQ108) -> 6 | CU108: =IFERROR(VLOOKUP(B108,'13'!B:D,3,0),"0") -> 0 | CV108: =IFERROR(VLOOKUP(B108,'13'!B:E,4,0),"0") -> 6 | CW108: =IFERROR(VLOOKUP(B108,'13'!B:F,5,0),"0") -> 0 | CX108: =IFERROR(VLOOKUP(B108,'13'!B:J,9,0),"0") -> 0 | CY108: =IFERROR(VLOOKUP(B108,'13'!B:K,10,0),"0") -> 0 | CZ108: =IFERROR(VLOOKUP(B108,'13'!B:L,11,0),"0") -> 0 | DA108: =SUM(CU108:CX108) -> 6 | DB108: =IFERROR(VLOOKUP(B108,'14'!B:D,3,0),"0") -> 0 | DC108: =IFERROR(VLOOKUP(B108,'14'!B:E,4,0),"0") -> 0 | DD108: =IFERROR(VLOOKUP(B108,'14'!B:F,5,0),"0") -> 7 | DE108: =IFERROR(VLOOKUP(B108,'14'!B:J,9,0),"0") -> 0 | DF108: =IFERROR(VLOOKUP(B108,'14'!B:K,10,0),"0") -> 0 | DG108: =IFERROR(VLOOKUP(B108,'14'!B:L,11,0),"0") -> 0 | DH108: =SUM(DB108:DE108) -> 7 | DI108: =IFERROR(VLOOKUP(B108,'15'!B:D,3,0),"0") -> 0 | DJ108: =IFERROR(VLOOKUP(B108,'15'!B:E,4,0),"0") -> 2 | DK108: =IFERROR(VLOOKUP(B108,'15'!B:F,5,0),"0") -> 3 | DL108: =IFERROR(VLOOKUP(B108,'15'!B:J,9,0),"0") -> 0 | DM108: =IFERROR(VLOOKUP(B108,'15'!B:K,10,0),"0") -> 0 | DN108: =IFERROR(VLOOKUP(B108,'15'!B:L,11,0),"0") -> 0 | DO108: =SUM(DI108:DL108) -> 5 | DP108: =IFERROR(VLOOKUP(B108,'16'!B:D,3,0),"0") -> 0 | DQ108: =IFERROR(VLOOKUP(B108,'16'!B:E,4,0),"0") -> 4 | DR108: =IFERROR(VLOOKUP(B108,'16'!B:F,5,0),"0") -> 1 | DS108: =IFERROR(VLOOKUP(B108,'16'!B:J,9,0),"0") -> 0 | DT108: =IFERROR(VLOOKUP(B108,'16'!B:K,10,0),"0") -> 0 | DU108: =IFERROR(VLOOKUP(B108,'16'!B:L,11,0),"0") -> 0 | DV108: =SUM(DP108:DS108) -> 5 | DW108: =IFERROR(VLOOKUP(B108,'17'!B:D,3,0),"0") -> 0 | DX108: =IFERROR(VLOOKUP(B108,'17'!B:E,4,0),"0") -> 1 | DY108: =IFERROR(VLOOKUP(B108,'17'!B:F,5,0),"0") -> 0 | DZ108: =IFERROR(VLOOKUP(B108,'17'!B:J,9,0),"0") -> 0 | EA108: =IFERROR(VLOOKUP(B108,'17'!B:K,10,0),"0") -> 0 | EB108: =IFERROR(VLOOKUP(B108,'17'!B:L,11,0),"0") -> 0 | EC108: =SUM(DW108:DZ108) -> 1 | ED108: =IFERROR(VLOOKUP(B108,'18'!B:D,3,0),"0") -> 0 | EE108: =IFERROR(VLOOKUP(B108,'18'!B:E,4,0),"0") -> 0 | EF108: =IFERROR(VLOOKUP(B108,'18'!B:F,5,0),"0") -> 0 | EG108: =IFERROR(VLOOKUP(B108,'18'!B:J,9,0),"0") -> 0 | EH108: =IFERROR(VLOOKUP(B108,'18'!B:K,10,0),"0") -> 0 | EI108: =IFERROR(VLOOKUP(B108,'18'!B:L,11,0),"0") -> 0 | EJ108: =SUM(ED108:EI108) -> 0 | EK108: =IFERROR(VLOOKUP(B108,'19'!B:D,3,0),"0") -> 0 | EL108: =IFERROR(VLOOKUP(B108,'19'!B:E,4,0),"0") -> 0 | EM108: =IFERROR(VLOOKUP(B108,'19'!B:F,5,0),"0") -> 0 | EN108: =IFERROR(VLOOKUP(B108,'19'!B:J,9,0),"0") -> 0 | EO108: =IFERROR(VLOOKUP(B108,'19'!B:K,10,0),"0") -> 0 | EP108: =IFERROR(VLOOKUP(B108,'19'!B:L,11,0),"0") -> 0 | EQ108: =SUM(EK108:EP108) -> 0 | ER108: =IFERROR(VLOOKUP(B108,'20'!B:D,3,0),"0") -> 0 | ES108: =IFERROR(VLOOKUP(B108,'20'!B:E,4,0),"0") -> 1 | ET108: =IFERROR(VLOOKUP(B108,'20'!B:F,5,0),"0") -> 1 | EU108: =IFERROR(VLOOKUP(B108,'20'!B:J,9,0),"0") -> 0 | EV108: =IFERROR(VLOOKUP(B108,'20'!B:K,10,0),"0") -> 0 | EW108: =IFERROR(VLOOKUP(B108,'20'!B:L,11,0),"0") -> 0 | EX108: =SUM(ER108:EW108) -> 2 | EY108: =IFERROR(VLOOKUP(B108,'21'!B:D,3,0),"0") -> 0 | EZ108: =IFERROR(VLOOKUP(B108,'21'!B:E,4,0),"0") -> 1 | FA108: =IFERROR(VLOOKUP(B108,'21'!B:F,5,0),"0") -> 6 | FB108: =IFERROR(VLOOKUP(B108,'21'!B:J,9,0),"0") -> 0 | FC108: =IFERROR(VLOOKUP(B108,'21'!B:K,10,0),"0") -> 0 | FD108: =IFERROR(VLOOKUP(B108,'21'!B:L,11,0),"0") -> 0 | FE108: =SUM(EY108:FD108) -> 7 | FF108: =IFERROR(VLOOKUP(B108,'22'!B:D,3,0),"0") -> 0 | FG108: =IFERROR(VLOOKUP(B108,'22'!B:E,4,0),"0") -> 2 | FH108: =IFERROR(VLOOKUP(B108,'22'!B:F,5,0),"0") -> 0 | FI108: =IFERROR(VLOOKUP(B108,'22'!B:J,9,0),"0") -> 0 | FJ108: =IFERROR(VLOOKUP(B108,'22'!B:K,10,0),"0") -> 0 | FK108: =IFERROR(VLOOKUP(B108,'22'!B:L,11,0),"0") -> 0 | FL108: =SUM(FF108:FK108) -> 2 | FM108: =IFERROR(VLOOKUP(B108,'23'!B:D,3,0),"0") -> 0 | FN108: =IFERROR(VLOOKUP(B108,'23'!B:E,4,0),"0") -> 2 | FO108: =IFERROR(VLOOKUP(B108,'23'!B:F,5,0),"0") -> 3 | FP108: =IFERROR(VLOOKUP(B108,'23'!B:J,9,0),"0") -> 0 | FQ108: =IFERROR(VLOOKUP(B108,'23'!B:K,10,0),"0") -> 0 | FR108: =IFERROR(VLOOKUP(B108,'23'!B:L,11,0),"0") -> 0 | FS108: =SUM(FM108:FR108) -> 5 | FT108: =IFERROR(VLOOKUP(B108,'24'!B:D,3,0),"0") -> 0 | FU108: =IFERROR(VLOOKUP(B108,'24'!B:E,4,0),"0") -> 0 | FV108: =IFERROR(VLOOKUP(B108,'24'!B:F,5,0),"0") -> 0 | FW108: =IFERROR(VLOOKUP(B108,'24'!B:J,9,0),"0") -> 0 | FX108: =IFERROR(VLOOKUP(B108,'24'!B:K,10,0),"0") -> 0 | FY108: =IFERROR(VLOOKUP(B108,'24'!B:L,11,0),"0") -> 0 | FZ108: =SUM(FT108:FY108) -> 0 | GA108: =IFERROR(VLOOKUP(B108,'25'!B:D,3,0),"0") -> 0 | GB108: =IFERROR(VLOOKUP(B108,'25'!B:E,4,0),"0") -> 0 | GC108: =IFERROR(VLOOKUP(B108,'25'!B:F,5,0),"0") -> 0 | GD108: =IFERROR(VLOOKUP(B108,'25'!B:J,9,0),"0") -> 0 | GE108: =IFERROR(VLOOKUP(B108,'25'!B:K,10,0),"0") -> 0 | GF108: =IFERROR(VLOOKUP(B108,'25'!B:L,11,0),"0") -> 0 | GG108: =SUM(GA108:GD108) -> 0 | GH108: =IFERROR(VLOOKUP(B108,'26'!B:D,3,0),"0") -> 0 | GI108: =IFERROR(VLOOKUP(B108,'26'!B:E,4,0),"0") -> 0 | GJ108: =IFERROR(VLOOKUP(B108,'26'!B:F,5,0),"0") -> 0 | GK108: =IFERROR(VLOOKUP(B108,'26'!B:J,9,0),"0") -> 0 | GL108: =IFERROR(VLOOKUP(B108,'26'!B:K,10,0),"0") -> 0 | GM108: =IFERROR(VLOOKUP(B108,'26'!B:L,11,0),"0") -> 0 | GN108: =SUM(GH108:GK108) -> 0 | GO108: =IFERROR(VLOOKUP(B108,'27'!B:D,3,0),"0") -> 0 | GP108: =IFERROR(VLOOKUP(B108,'27'!B:E,4,0),"0") -> 2 | GQ108: =IFERROR(VLOOKUP(B108,'27'!B:F,5,0),"0") -> 5 | GR108: =IFERROR(VLOOKUP(B108,'27'!B:J,9,0),"0") -> 0 | GS108: =IFERROR(VLOOKUP(B108,'27'!B:K,10,0),"0") -> 0 | GT108: =IFERROR(VLOOKUP(B108,'27'!B:L,11,0),"0") -> 0 | GU108: =SUM(GO108:GT108) -> 7 | GV108: =IFERROR(VLOOKUP(B108,'28'!B:D,3,0),"0") -> 0 | GW108: =IFERROR(VLOOKUP(B108,'28'!B:E,4,0),"0") -> 2 | GX108: =IFERROR(VLOOKUP(B108,'28'!B:F,5,0),"0") -> 4 | GY108: =IFERROR(VLOOKUP(B108,'28'!B:J,9,0),"0") -> 0 | GZ108: =IFERROR(VLOOKUP(B108,'28'!B:K,10,0),"0") -> 0 | HA108: =IFERROR(VLOOKUP(B108,'28'!B:L,11,0),"0") -> 0 | HB108: =SUM(GV108:HA108) -> 6 | HC108: =IFERROR(VLOOKUP(B108,#REF!,3),"0") -> 0 | HD108: =IFERROR(VLOOKUP(B108,#REF!,4,0),"0") -> 0 | HE108: =IFERROR(VLOOKUP(B108,#REF!,5,0),"0") -> 0 | HF108: =IFERROR(VLOOKUP(B108,#REF!,9,0),"0") -> 0 | HG108: =IFERROR(VLOOKUP(B108,#REF!,10,0),"0") -> 0 | HH108: =IFERROR(VLOOKUP(B108,#REF!,11,0),"0") -> 0 | HI108: =SUM(HC108:HF108) -> 0 | HP108: =SUM(HJ108:HM108) -> 0 | HW108: =SUM(HQ108:HT108) -> 0
A109: 106 | B109: เศษปัง | C109: เศษขนมปังปลา1กก. | D109: กิโลกรัม | E109: 15 | F109: =+M109*E109 -> 255 | G109: =+O109+V109+AC109+AJ109+AQ109+AX109+BE109+BL109+BS109+BZ109+CG109+CN109+CU109+DB109+DI109+DP109+DW109+ED109+EK109+ER109+EY109+FF109+FM109+FT109+GA109+GH109+GO109+GV109+HC109+HJ109+HQ109 -> 0 | H109: =+P109+W109+AD109+AK109+AR109+AY109+BF109+BM109+BT109+CA109+CH109+CO109+CV109+DC109+DJ109+DQ109+DX109+EE109+EL109+ES109+EZ109+FG109+FN109+FU109+GB109+GI109+GP109+GW109+HD109+HK109+HR109 -> 5 | I109: =+Q109+X109+AE109+AL109+AS109+AZ109+BG109+BN109+BU109+CB109+CI109+CP109+CW109+DD109+DK109+DR109+DY109+EF109+EM109+ET109+FA109+FH109+FO109+FV109+GC109+GJ109+GQ109+GX109+HE109+HL109+HS109 -> 12 | J109: =+R109+Y109+AF109+AM109+AT109+BA109+BH109+BO109+BV109+CC109+CJ109+CQ109+CX109+DE109+DL109+DS109+DZ109+EG109+EN109+EU109+FB109+FI109+FP109+FW109+GD109+GK109+GR109+GY109+HF109+HM109+HT109 -> 0 | K109: =+S109+Z109+AG109+AN109+AU109+BB109+BI109+BP109+BW109+CD109+CK109+CR109+CY109+DF109+DM109+DT109+EA109+EH109+EO109+EV109+FC109+FJ109+FQ109+FX109+GE109+GL109+GS109+GZ109+HG109+HN109+HU109 -> 0 | L109: =+T109+AA109+AH109+AO109+AV109+BC109+BJ109+BQ109+BX109+CE109+CL109+CS109+CZ109+DG109+DN109+DU109+EB109+EI109+EP109+EW109+FD109+FK109+FR109+FY109+GF109+GM109+GT109+HA109+HH109+HO109+HV109 -> 0 | M109: =SUM(G109:L109) -> 17 | N109: =+G109+H109+I109+J109+K109 -> 17 | O109: =IFERROR(VLOOKUP(B109,'1ไม่มียอด'!B:D,3,0),"0") -> 0 | P109: =IFERROR(VLOOKUP(B109,'1ไม่มียอด'!B:E,4,0),"0") -> 0 | Q109: =IFERROR(VLOOKUP(B109,'1ไม่มียอด'!B:F,5,0),"0") -> 0 | R109: =IFERROR(VLOOKUP(B109,'1ไม่มียอด'!B:G,6,0),"0") -> 0 | S109: =IFERROR(VLOOKUP(B109,'1ไม่มียอด'!B:J,9,0),"0") -> 0 | T109: =IFERROR(VLOOKUP(B109,'1ไม่มียอด'!B:K,10,0),"0") -> 0 | U109: =SUM(O109:R109) -> 0 | V109: =IFERROR(VLOOKUP(B109,#REF!,3,0),"0") -> 0 | W109: =IFERROR(VLOOKUP(B109,#REF!,4,0),"0") -> 0 | X109: =IFERROR(VLOOKUP(B109,#REF!,5,0),"0") -> 0 | Y109: =IFERROR(VLOOKUP(B109,#REF!,9,0),"0") -> 0 | Z109: =IFERROR(VLOOKUP(B109,#REF!,10,0),"0") -> 0 | AA109: =IFERROR(VLOOKUP(B109,#REF!,11,0),"0") -> 0 | AB109: =SUM(V109:Y109) -> 0 | AC109: =IFERROR(VLOOKUP(B109,'3'!B:D,3,0),"0") -> 0 | AD109: =IFERROR(VLOOKUP(B109,'3'!B:E,4,0),"0") -> 0 | AE109: =IFERROR(VLOOKUP(B109,'3'!B:F,5,0),"0") -> 0 | AF109: =IFERROR(VLOOKUP(B109,'3'!B:J,9,0),"0") -> 0 | AG109: =IFERROR(VLOOKUP(B109,'3'!B:K,10,0),"0") -> 0 | AH109: =IFERROR(VLOOKUP(B109,'3'!B:L,11,0),"0") -> 0 | AI109: =SUM(AC109:AH109) -> 0 | AJ109: =IFERROR(VLOOKUP(B109,'4'!B:D,3,0),"0") -> 0 | AK109: =IFERROR(VLOOKUP(B109,'4'!B:E,4,0),"0") -> 0 | AL109: =IFERROR(VLOOKUP(B109,'4'!B:F,5,0),"0") -> 0 | AM109: =IFERROR(VLOOKUP(B109,'4'!B:J,9,0),"0") -> 0 | AN109: =IFERROR(VLOOKUP(B109,'4'!B:K,10,0),"0") -> 0 | AO109: =IFERROR(VLOOKUP(B109,'4'!B:L,11,0),"0") -> 0 | AP109: =SUM(AJ109:AO109) -> 0 | AQ109: =IFERROR(VLOOKUP(B109,'5'!B:D,3,0),"0") -> 0 | AR109: =IFERROR(VLOOKUP(B109,'5'!B:E,4,0),"0") -> 0 | AS109: =IFERROR(VLOOKUP(B109,'5'!B:F,5,0),"0") -> 0 | AT109: =IFERROR(VLOOKUP(B109,'5'!B:J,9,0),"0") -> 0 | AU109: =IFERROR(VLOOKUP(B109,'5'!B:K,10,0),"0") -> 0 | AV109: =IFERROR(VLOOKUP(B109,'5'!B:L,11,0),"0") -> 0 | AW109: =SUM(AQ109:AT109) -> 0 | AX109: =IFERROR(VLOOKUP(B109,'6'!B:D,3,0),"0") -> 0 | AY109: =IFERROR(VLOOKUP(B109,'6'!B:E,4,0),"0") -> 1 | AZ109: =IFERROR(VLOOKUP(B109,'6'!B:F,5,0),"0") -> 0 | BA109: =IFERROR(VLOOKUP(B109,'6'!B:J,9,0),"0") -> 0 | BB109: =IFERROR(VLOOKUP(B109,'6'!B:K,10,0),"0") -> 0 | BC109: =IFERROR(VLOOKUP(B109,'6'!B:L,11,0),"0") -> 0 | BD109: =SUM(AX109:BC109) -> 1 | BE109: =IFERROR(VLOOKUP(B109,'7'!B:D,3,0),"0") -> 0 | BF109: =IFERROR(VLOOKUP(B109,'7'!B:E,4,0),"0") -> 0 | BG109: =IFERROR(VLOOKUP(B109,'7'!B:F,5,0),"0") -> 0 | BH109: =IFERROR(VLOOKUP(B109,'7'!B:J,9,0),"0") -> 0 | BI109: =IFERROR(VLOOKUP(B109,'7'!B:K,10,0),"0") -> 0 | BJ109: =IFERROR(VLOOKUP(B109,'7'!B:L,11,0),"0") -> 0 | BK109: =SUM(BE109:BH109) -> 0 | BL109: =IFERROR(VLOOKUP(B109,'8'!B:D,3,0),"0") -> 0 | BM109: =IFERROR(VLOOKUP(B109,'8'!B:E,4,0),"0") -> 2 | BN109: =IFERROR(VLOOKUP(B109,'8'!B:F,5,0),"0") -> 0 | BO109: =IFERROR(VLOOKUP(B109,'8'!B:J,9,0),"0") -> 0 | BP109: =IFERROR(VLOOKUP(B109,'8'!B:K,10,0),"0") -> 0 | BQ109: =IFERROR(VLOOKUP(B109,'8'!B:L,11,0),"0") -> 0 | BR109: =SUM(BL109:BQ109) -> 2 | BS109: =IFERROR(VLOOKUP(B109,'9'!B:D,3,0),"0") -> 0 | BT109: =IFERROR(VLOOKUP(B109,'9'!B:E,4,0),"0") -> 0 | BU109: =IFERROR(VLOOKUP(B109,'9'!B:F,5,0),"0") -> 0 | BV109: =IFERROR(VLOOKUP(B109,'9'!B:J,9,0),"0") -> 0 | BW109: =IFERROR(VLOOKUP(B109,'9'!B:K,10,0),"0") -> 0 | BX109: =IFERROR(VLOOKUP(B109,'9'!B:L,11,0),"0") -> 0 | BY109: =SUM(BS109:BX109) -> 0 | BZ109: =IFERROR(VLOOKUP(B109,'10'!B:D,3,0),"0") -> 0 | CA109: =IFERROR(VLOOKUP(B109,'10'!B:E,4,0),"0") -> 0 | CB109: =VLOOKUP(B109,'10'!B:F,5,0) -> 0 | CC109: =IFERROR(VLOOKUP(B109,'10'!B:J,9,0),"0") -> 0 | CD109: =IFERROR(VLOOKUP(B109,'10'!B:K,10,0),"0") -> 0 | CE109: =IFERROR(VLOOKUP(B109,'10'!B:L,11,0),"0") -> 0 | CF109: =SUM(BZ109:CC109) -> 0 | CG109: =IFERROR(VLOOKUP(B109,'11'!B:D,3,0),"0") -> 0 | CH109: =IFERROR(VLOOKUP(B109,'11'!B:E,4,0),"0") -> 0 | CI109: =IFERROR(VLOOKUP(B109,'11'!B:F,5,0),"0") -> 0 | CJ109: =IFERROR(VLOOKUP(B109,'11'!B:J,9,0),"0") -> 0 | CK109: =IFERROR(VLOOKUP(B109,'11'!B:K,10,0),"0") -> 0 | CL109: =IFERROR(VLOOKUP(B109,'11'!B:L,11,0),"0") -> 0 | CM109: =SUM(CG109:CJ109) -> 0 | CN109: =IFERROR(VLOOKUP(B109,'12'!B:D,3,0),"0") -> 0 | CO109: =IFERROR(VLOOKUP(B109,'12'!B:E,4,0),"0") -> 0 | CP109: =IFERROR(VLOOKUP(B109,'12'!B:F,5,0),"0") -> 0 | CQ109: =IFERROR(VLOOKUP(B109,'12'!B:J,9,0),"0") -> 0 | CR109: =IFERROR(VLOOKUP(B109,'12'!B:K,10,0),"0") -> 0 | CS109: =IFERROR(VLOOKUP(B109,'12'!B:L,11,0),"0") -> 0 | CT109: =SUM(CN109:CQ109) -> 0 | CU109: =IFERROR(VLOOKUP(B109,'13'!B:D,3,0),"0") -> 0 | CV109: =IFERROR(VLOOKUP(B109,'13'!B:E,4,0),"0") -> 0 | CW109: =IFERROR(VLOOKUP(B109,'13'!B:F,5,0),"0") -> 0 | CX109: =IFERROR(VLOOKUP(B109,'13'!B:J,9,0),"0") -> 0 | CY109: =IFERROR(VLOOKUP(B109,'13'!B:K,10,0),"0") -> 0 | CZ109: =IFERROR(VLOOKUP(B109,'13'!B:L,11,0),"0") -> 0 | DA109: =SUM(CU109:CX109) -> 0 | DB109: =IFERROR(VLOOKUP(B109,'14'!B:D,3,0),"0") -> 0 | DC109: =IFERROR(VLOOKUP(B109,'14'!B:E,4,0),"0") -> 0 | DD109: =IFERROR(VLOOKUP(B109,'14'!B:F,5,0),"0") -> 0 | DE109: =IFERROR(VLOOKUP(B109,'14'!B:J,9,0),"0") -> 0 | DF109: =IFERROR(VLOOKUP(B109,'14'!B:K,10,0),"0") -> 0 | DG109: =IFERROR(VLOOKUP(B109,'14'!B:L,11,0),"0") -> 0 | DH109: =SUM(DB109:DE109) -> 0 | DI109: =IFERROR(VLOOKUP(B109,'15'!B:D,3,0),"0") -> 0 | DJ109: =IFERROR(VLOOKUP(B109,'15'!B:E,4,0),"0") -> 0 | DK109: =IFERROR(VLOOKUP(B109,'15'!B:F,5,0),"0") -> 0 | DL109: =IFERROR(VLOOKUP(B109,'15'!B:J,9,0),"0") -> 0 | DM109: =IFERROR(VLOOKUP(B109,'15'!B:K,10,0),"0") -> 0 | DN109: =IFERROR(VLOOKUP(B109,'15'!B:L,11,0),"0") -> 0 | DO109: =SUM(DI109:DL109) -> 0 | DP109: =IFERROR(VLOOKUP(B109,'16'!B:D,3,0),"0") -> 0 | DQ109: =IFERROR(VLOOKUP(B109,'16'!B:E,4,0),"0") -> 2 | DR109: =IFERROR(VLOOKUP(B109,'16'!B:F,5,0),"0") -> 1 | DS109: =IFERROR(VLOOKUP(B109,'16'!B:J,9,0),"0") -> 0 | DT109: =IFERROR(VLOOKUP(B109,'16'!B:K,10,0),"0") -> 0 | DU109: =IFERROR(VLOOKUP(B109,'16'!B:L,11,0),"0") -> 0 | DV109: =SUM(DP109:DS109) -> 3 | DW109: =IFERROR(VLOOKUP(B109,'17'!B:D,3,0),"0") -> 0 | DX109: =IFERROR(VLOOKUP(B109,'17'!B:E,4,0),"0") -> 0 | DY109: =IFERROR(VLOOKUP(B109,'17'!B:F,5,0),"0") -> 0 | DZ109: =IFERROR(VLOOKUP(B109,'17'!B:J,9,0),"0") -> 0 | EA109: =IFERROR(VLOOKUP(B109,'17'!B:K,10,0),"0") -> 0 | EB109: =IFERROR(VLOOKUP(B109,'17'!B:L,11,0),"0") -> 0 | EC109: =SUM(DW109:DZ109) -> 0 | ED109: =IFERROR(VLOOKUP(B109,'18'!B:D,3,0),"0") -> 0 | EE109: =IFERROR(VLOOKUP(B109,'18'!B:E,4,0),"0") -> 0 | EF109: =IFERROR(VLOOKUP(B109,'18'!B:F,5,0),"0") -> 6 | EG109: =IFERROR(VLOOKUP(B109,'18'!B:J,9,0),"0") -> 0 | EH109: =IFERROR(VLOOKUP(B109,'18'!B:K,10,0),"0") -> 0 | EI109: =IFERROR(VLOOKUP(B109,'18'!B:L,11,0),"0") -> 0 | EJ109: =SUM(ED109:EI109) -> 6 | EK109: =IFERROR(VLOOKUP(B109,'19'!B:D,3,0),"0") -> 0 | EL109: =IFERROR(VLOOKUP(B109,'19'!B:E,4,0),"0") -> 0 | EM109: =IFERROR(VLOOKUP(B109,'19'!B:F,5,0),"0") -> 0 | EN109: =IFERROR(VLOOKUP(B109,'19'!B:J,9,0),"0") -> 0 | EO109: =IFERROR(VLOOKUP(B109,'19'!B:K,10,0),"0") -> 0 | EP109: =IFERROR(VLOOKUP(B109,'19'!B:L,11,0),"0") -> 0 | EQ109: =SUM(EK109:EP109) -> 0 | ER109: =IFERROR(VLOOKUP(B109,'20'!B:D,3,0),"0") -> 0 | ES109: =IFERROR(VLOOKUP(B109,'20'!B:E,4,0),"0") -> 0 | ET109: =IFERROR(VLOOKUP(B109,'20'!B:F,5,0),"0") -> 0 | EU109: =IFERROR(VLOOKUP(B109,'20'!B:J,9,0),"0") -> 0 | EV109: =IFERROR(VLOOKUP(B109,'20'!B:K,10,0),"0") -> 0 | EW109: =IFERROR(VLOOKUP(B109,'20'!B:L,11,0),"0") -> 0 | EX109: =SUM(ER109:EW109) -> 0 | EY109: =IFERROR(VLOOKUP(B109,'21'!B:D,3,0),"0") -> 0 | EZ109: =IFERROR(VLOOKUP(B109,'21'!B:E,4,0),"0") -> 0 | FA109: =IFERROR(VLOOKUP(B109,'21'!B:F,5,0),"0") -> 1 | FB109: =IFERROR(VLOOKUP(B109,'21'!B:J,9,0),"0") -> 0 | FC109: =IFERROR(VLOOKUP(B109,'21'!B:K,10,0),"0") -> 0 | FD109: =IFERROR(VLOOKUP(B109,'21'!B:L,11,0),"0") -> 0 | FE109: =SUM(EY109:FD109) -> 1 | FF109: =IFERROR(VLOOKUP(B109,'22'!B:D,3,0),"0") -> 0 | FG109: =IFERROR(VLOOKUP(B109,'22'!B:E,4,0),"0") -> 0 | FH109: =IFERROR(VLOOKUP(B109,'22'!B:F,5,0),"0") -> 0 | FI109: =IFERROR(VLOOKUP(B109,'22'!B:J,9,0),"0") -> 0 | FJ109: =IFERROR(VLOOKUP(B109,'22'!B:K,10,0),"0") -> 0 | FK109: =IFERROR(VLOOKUP(B109,'22'!B:L,11,0),"0") -> 0 | FL109: =SUM(FF109:FK109) -> 0 | FM109: =IFERROR(VLOOKUP(B109,'23'!B:D,3,0),"0") -> 0 | FN109: =IFERROR(VLOOKUP(B109,'23'!B:E,4,0),"0") -> 0 | FO109: =IFERROR(VLOOKUP(B109,'23'!B:F,5,0),"0") -> 4 | FP109: =IFERROR(VLOOKUP(B109,'23'!B:J,9,0),"0") -> 0 | FQ109: =IFERROR(VLOOKUP(B109,'23'!B:K,10,0),"0") -> 0 | FR109: =IFERROR(VLOOKUP(B109,'23'!B:L,11,0),"0") -> 0 | FS109: =SUM(FM109:FR109) -> 4 | FT109: =IFERROR(VLOOKUP(B109,'24'!B:D,3,0),"0") -> 0 | FU109: =IFERROR(VLOOKUP(B109,'24'!B:E,4,0),"0") -> 0 | FV109: =IFERROR(VLOOKUP(B109,'24'!B:F,5,0),"0") -> 0 | FW109: =IFERROR(VLOOKUP(B109,'24'!B:J,9,0),"0") -> 0 | FX109: =IFERROR(VLOOKUP(B109,'24'!B:K,10,0),"0") -> 0 | FY109: =IFERROR(VLOOKUP(B109,'24'!B:L,11,0),"0") -> 0 | FZ109: =SUM(FT109:FY109) -> 0 | GA109: =IFERROR(VLOOKUP(B109,'25'!B:D,3,0),"0") -> 0 | GB109: =IFERROR(VLOOKUP(B109,'25'!B:E,4,0),"0") -> 0 | GC109: =IFERROR(VLOOKUP(B109,'25'!B:F,5,0),"0") -> 0 | GD109: =IFERROR(VLOOKUP(B109,'25'!B:J,9,0),"0") -> 0 | GE109: =IFERROR(VLOOKUP(B109,'25'!B:K,10,0),"0") -> 0 | GF109: =IFERROR(VLOOKUP(B109,'25'!B:L,11,0),"0") -> 0 | GG109: =SUM(GA109:GD109) -> 0 | GH109: =IFERROR(VLOOKUP(B109,'26'!B:D,3,0),"0") -> 0 | GI109: =IFERROR(VLOOKUP(B109,'26'!B:E,4,0),"0") -> 0 | GJ109: =IFERROR(VLOOKUP(B109,'26'!B:F,5,0),"0") -> 0 | GK109: =IFERROR(VLOOKUP(B109,'26'!B:J,9,0),"0") -> 0 | GL109: =IFERROR(VLOOKUP(B109,'26'!B:K,10,0),"0") -> 0 | GM109: =IFERROR(VLOOKUP(B109,'26'!B:L,11,0),"0") -> 0 | GN109: =SUM(GH109:GK109) -> 0 | GO109: =IFERROR(VLOOKUP(B109,'27'!B:D,3,0),"0") -> 0 | GP109: =IFERROR(VLOOKUP(B109,'27'!B:E,4,0),"0") -> 0 | GQ109: =IFERROR(VLOOKUP(B109,'27'!B:F,5,0),"0") -> 0 | GR109: =IFERROR(VLOOKUP(B109,'27'!B:J,9,0),"0") -> 0 | GS109: =IFERROR(VLOOKUP(B109,'27'!B:K,10,0),"0") -> 0 | GT109: =IFERROR(VLOOKUP(B109,'27'!B:L,11,0),"0") -> 0 | GU109: =SUM(GO109:GT109) -> 0 | GV109: =IFERROR(VLOOKUP(B109,'28'!B:D,3,0),"0") -> 0 | GW109: =IFERROR(VLOOKUP(B109,'28'!B:E,4,0),"0") -> 0 | GX109: =IFERROR(VLOOKUP(B109,'28'!B:F,5,0),"0") -> 0 | GY109: =IFERROR(VLOOKUP(B109,'28'!B:J,9,0),"0") -> 0 | GZ109: =IFERROR(VLOOKUP(B109,'28'!B:K,10,0),"0") -> 0 | HA109: =IFERROR(VLOOKUP(B109,'28'!B:L,11,0),"0") -> 0 | HB109: =SUM(GV109:HA109) -> 0 | HC109: =IFERROR(VLOOKUP(B109,#REF!,3),"0") -> 0 | HD109: =IFERROR(VLOOKUP(B109,#REF!,4,0),"0") -> 0 | HE109: =IFERROR(VLOOKUP(B109,#REF!,5,0),"0") -> 0 | HF109: =IFERROR(VLOOKUP(B109,#REF!,9,0),"0") -> 0 | HG109: =IFERROR(VLOOKUP(B109,#REF!,10,0),"0") -> 0 | HH109: =IFERROR(VLOOKUP(B109,#REF!,11,0),"0") -> 0 | HI109: =SUM(HC109:HF109) -> 0 | HP109: =SUM(HJ109:HM109) -> 0 | HW109: =SUM(HQ109:HT109) -> 0
A110: 106 | B110: 20052721 | C110: แซนวิชโบราณ | D110: ชิ้น | E110: 16 | F110: =+M110*E110 -> 7328 | G110: =+O110+V110+AC110+AJ110+AQ110+AX110+BE110+BL110+BS110+BZ110+CG110+CN110+CU110+DB110+DI110+DP110+DW110+ED110+EK110+ER110+EY110+FF110+FM110+FT110+GA110+GH110+GO110+GV110+HC110+HJ110+HQ110 -> 25 | H110: =+P110+W110+AD110+AK110+AR110+AY110+BF110+BM110+BT110+CA110+CH110+CO110+CV110+DC110+DJ110+DQ110+DX110+EE110+EL110+ES110+EZ110+FG110+FN110+FU110+GB110+GI110+GP110+GW110+HD110+HK110+HR110 -> 3 | I110: =+Q110+X110+AE110+AL110+AS110+AZ110+BG110+BN110+BU110+CB110+CI110+CP110+CW110+DD110+DK110+DR110+DY110+EF110+EM110+ET110+FA110+FH110+FO110+FV110+GC110+GJ110+GQ110+GX110+HE110+HL110+HS110 -> 0 | J110: =+R110+Y110+AF110+AM110+AT110+BA110+BH110+BO110+BV110+CC110+CJ110+CQ110+CX110+DE110+DL110+DS110+DZ110+EG110+EN110+EU110+FB110+FI110+FP110+FW110+GD110+GK110+GR110+GY110+HF110+HM110+HT110 -> 374 | K110: =+S110+Z110+AG110+AN110+AU110+BB110+BI110+BP110+BW110+CD110+CK110+CR110+CY110+DF110+DM110+DT110+EA110+EH110+EO110+EV110+FC110+FJ110+FQ110+FX110+GE110+GL110+GS110+GZ110+HG110+HN110+HU110 -> 0 | L110: =+T110+AA110+AH110+AO110+AV110+BC110+BJ110+BQ110+BX110+CE110+CL110+CS110+CZ110+DG110+DN110+DU110+EB110+EI110+EP110+EW110+FD110+FK110+FR110+FY110+GF110+GM110+GT110+HA110+HH110+HO110+HV110 -> 56 | M110: =SUM(G110:L110) -> 458 | N110: =+G110+H110+I110+J110+K110 -> 402 | O110: =IFERROR(VLOOKUP(B110,'1ไม่มียอด'!B:D,3,0),"0") -> 0 | P110: =IFERROR(VLOOKUP(B110,'1ไม่มียอด'!B:E,4,0),"0") -> 0 | Q110: =IFERROR(VLOOKUP(B110,'1ไม่มียอด'!B:F,5,0),"0") -> 0 | R110: =IFERROR(VLOOKUP(B110,'1ไม่มียอด'!B:G,6,0),"0") -> 0 | S110: =IFERROR(VLOOKUP(B110,'1ไม่มียอด'!B:J,9,0),"0") -> 0 | T110: =IFERROR(VLOOKUP(B110,'1ไม่มียอด'!B:K,10,0),"0") -> 0 | U110: =SUM(O110:R110) -> 0 | V110: =IFERROR(VLOOKUP(B110,#REF!,3,0),"0") -> 0 | W110: =IFERROR(VLOOKUP(B110,#REF!,4,0),"0") -> 0 | X110: =IFERROR(VLOOKUP(B110,#REF!,5,0),"0") -> 0 | Y110: =IFERROR(VLOOKUP(B110,#REF!,9,0),"0") -> 0 | Z110: =IFERROR(VLOOKUP(B110,#REF!,10,0),"0") -> 0 | AA110: =IFERROR(VLOOKUP(B110,#REF!,11,0),"0") -> 0 | AB110: =SUM(V110:Y110) -> 0 | AC110: =IFERROR(VLOOKUP(B110,'3'!B:D,3,0),"0") -> 0 | AD110: =IFERROR(VLOOKUP(B110,'3'!B:E,4,0),"0") -> 0 | AE110: =IFERROR(VLOOKUP(B110,'3'!B:F,5,0),"0") -> 0 | AF110: =IFERROR(VLOOKUP(B110,'3'!B:J,9,0),"0") -> 0 | AG110: =IFERROR(VLOOKUP(B110,'3'!B:K,10,0),"0") -> 0 | AH110: =IFERROR(VLOOKUP(B110,'3'!B:L,11,0),"0") -> 0 | AI110: =SUM(AC110:AH110) -> 0 | AJ110: =IFERROR(VLOOKUP(B110,'4'!B:D,3,0),"0") -> 0 | AK110: =IFERROR(VLOOKUP(B110,'4'!B:E,4,0),"0") -> 0 | AL110: =IFERROR(VLOOKUP(B110,'4'!B:F,5,0),"0") -> 0 | AM110: =IFERROR(VLOOKUP(B110,'4'!B:J,9,0),"0") -> 40 | AN110: =IFERROR(VLOOKUP(B110,'4'!B:K,10,0),"0") -> 0 | AO110: =IFERROR(VLOOKUP(B110,'4'!B:L,11,0),"0") -> 0 | AP110: =SUM(AJ110:AO110) -> 40 | AQ110: =IFERROR(VLOOKUP(B110,'5'!B:D,3,0),"0") -> 0 | AR110: =IFERROR(VLOOKUP(B110,'5'!B:E,4,0),"0") -> 0 | AS110: =IFERROR(VLOOKUP(B110,'5'!B:F,5,0),"0") -> 0 | AT110: =IFERROR(VLOOKUP(B110,'5'!B:J,9,0),"0") -> 0 | AU110: =IFERROR(VLOOKUP(B110,'5'!B:K,10,0),"0") -> 0 | AV110: =IFERROR(VLOOKUP(B110,'5'!B:L,11,0),"0") -> 16 | AW110: =SUM(AQ110:AT110) -> 0 | AX110: =IFERROR(VLOOKUP(B110,'6'!B:D,3,0),"0") -> 0 | AY110: =IFERROR(VLOOKUP(B110,'6'!B:E,4,0),"0") -> 0 | AZ110: =IFERROR(VLOOKUP(B110,'6'!B:F,5,0),"0") -> 0 | BA110: =IFERROR(VLOOKUP(B110,'6'!B:J,9,0),"0") -> 4 | BB110: =IFERROR(VLOOKUP(B110,'6'!B:K,10,0),"0") -> 0 | BC110: =IFERROR(VLOOKUP(B110,'6'!B:L,11,0),"0") -> 0 | BD110: =SUM(AX110:BC110) -> 4 | BE110: =IFERROR(VLOOKUP(B110,'7'!B:D,3,0),"0") -> 0 | BF110: =IFERROR(VLOOKUP(B110,'7'!B:E,4,0),"0") -> 3 | BG110: =IFERROR(VLOOKUP(B110,'7'!B:F,5,0),"0") -> 0 | BH110: =IFERROR(VLOOKUP(B110,'7'!B:J,9,0),"0") -> 2 | BI110: =IFERROR(VLOOKUP(B110,'7'!B:K,10,0),"0") -> 0 | BJ110: =IFERROR(VLOOKUP(B110,'7'!B:L,11,0),"0") -> 10 | BK110: =SUM(BE110:BH110) -> 5 | BL110: =IFERROR(VLOOKUP(B110,'8'!B:D,3,0),"0") -> 1 | BM110: =IFERROR(VLOOKUP(B110,'8'!B:E,4,0),"0") -> 0 | BN110: =IFERROR(VLOOKUP(B110,'8'!B:F,5,0),"0") -> 0 | BO110: =IFERROR(VLOOKUP(B110,'8'!B:J,9,0),"0") -> 102 | BP110: =IFERROR(VLOOKUP(B110,'8'!B:K,10,0),"0") -> 0 | BQ110: =IFERROR(VLOOKUP(B110,'8'!B:L,11,0),"0") -> 0 | BR110: =SUM(BL110:BQ110) -> 103 | BS110: =IFERROR(VLOOKUP(B110,'9'!B:D,3,0),"0") -> 4 | BT110: =IFERROR(VLOOKUP(B110,'9'!B:E,4,0),"0") -> 0 | BU110: =IFERROR(VLOOKUP(B110,'9'!B:F,5,0),"0") -> 0 | BV110: =IFERROR(VLOOKUP(B110,'9'!B:J,9,0),"0") -> 20 | BW110: =IFERROR(VLOOKUP(B110,'9'!B:K,10,0),"0") -> 0 | BX110: =IFERROR(VLOOKUP(B110,'9'!B:L,11,0),"0") -> 0 | BY110: =SUM(BS110:BX110) -> 24 | BZ110: =IFERROR(VLOOKUP(B110,'10'!B:D,3,0),"0") -> 4 | CA110: =IFERROR(VLOOKUP(B110,'10'!B:E,4,0),"0") -> 0 | CB110: =VLOOKUP(B110,'10'!B:F,5,0) -> 0 | CC110: =IFERROR(VLOOKUP(B110,'10'!B:J,9,0),"0") -> 36 | CD110: =IFERROR(VLOOKUP(B110,'10'!B:K,10,0),"0") -> 0 | CE110: =IFERROR(VLOOKUP(B110,'10'!B:L,11,0),"0") -> 0 | CF110: =SUM(BZ110:CC110) -> 40 | CG110: =IFERROR(VLOOKUP(B110,'11'!B:D,3,0),"0") -> 0 | CH110: =IFERROR(VLOOKUP(B110,'11'!B:E,4,0),"0") -> 0 | CI110: =IFERROR(VLOOKUP(B110,'11'!B:F,5,0),"0") -> 0 | CJ110: =IFERROR(VLOOKUP(B110,'11'!B:J,9,0),"0") -> 22 | CK110: =IFERROR(VLOOKUP(B110,'11'!B:K,10,0),"0") -> 0 | CL110: =IFERROR(VLOOKUP(B110,'11'!B:L,11,0),"0") -> 0 | CM110: =SUM(CG110:CJ110) -> 22 | CN110: =IFERROR(VLOOKUP(B110,'12'!B:D,3,0),"0") -> 4 | CO110: =IFERROR(VLOOKUP(B110,'12'!B:E,4,0),"0") -> 0 | CP110: =IFERROR(VLOOKUP(B110,'12'!B:F,5,0),"0") -> 0 | CQ110: =IFERROR(VLOOKUP(B110,'12'!B:J,9,0),"0") -> 29 | CR110: =IFERROR(VLOOKUP(B110,'12'!B:K,10,0),"0") -> 0 | CS110: =IFERROR(VLOOKUP(B110,'12'!B:L,11,0),"0") -> 0 | CT110: =SUM(CN110:CQ110) -> 33 | CU110: =IFERROR(VLOOKUP(B110,'13'!B:D,3,0),"0") -> 4 | CV110: =IFERROR(VLOOKUP(B110,'13'!B:E,4,0),"0") -> 0 | CW110: =IFERROR(VLOOKUP(B110,'13'!B:F,5,0),"0") -> 0 | CX110: =IFERROR(VLOOKUP(B110,'13'!B:J,9,0),"0") -> 36 | CY110: =IFERROR(VLOOKUP(B110,'13'!B:K,10,0),"0") -> 0 | CZ110: =IFERROR(VLOOKUP(B110,'13'!B:L,11,0),"0") -> 0 | DA110: =SUM(CU110:CX110) -> 40 | DB110: =IFERROR(VLOOKUP(B110,'14'!B:D,3,0),"0") -> 4 | DC110: =IFERROR(VLOOKUP(B110,'14'!B:E,4,0),"0") -> 0 | DD110: =IFERROR(VLOOKUP(B110,'14'!B:F,5,0),"0") -> 0 | DE110: =IFERROR(VLOOKUP(B110,'14'!B:J,9,0),"0") -> 35 | DF110: =IFERROR(VLOOKUP(B110,'14'!B:K,10,0),"0") -> 0 | DG110: =IFERROR(VLOOKUP(B110,'14'!B:L,11,0),"0") -> 10 | DH110: =SUM(DB110:DE110) -> 39 | DI110: =IFERROR(VLOOKUP(B110,'15'!B:D,3,0),"0") -> 0 | DJ110: =IFERROR(VLOOKUP(B110,'15'!B:E,4,0),"0") -> 0 | DK110: =IFERROR(VLOOKUP(B110,'15'!B:F,5,0),"0") -> 0 | DL110: =IFERROR(VLOOKUP(B110,'15'!B:J,9,0),"0") -> 0 | DM110: =IFERROR(VLOOKUP(B110,'15'!B:K,10,0),"0") -> 0 | DN110: =IFERROR(VLOOKUP(B110,'15'!B:L,11,0),"0") -> 0 | DO110: =SUM(DI110:DL110) -> 0 | DP110: =IFERROR(VLOOKUP(B110,'16'!B:D,3,0),"0") -> 0 | DQ110: =IFERROR(VLOOKUP(B110,'16'!B:E,4,0),"0") -> 0 | DR110: =IFERROR(VLOOKUP(B110,'16'!B:F,5,0),"0") -> 0 | DS110: =IFERROR(VLOOKUP(B110,'16'!B:J,9,0),"0") -> 0 | DT110: =IFERROR(VLOOKUP(B110,'16'!B:K,10,0),"0") -> 0 | DU110: =IFERROR(VLOOKUP(B110,'16'!B:L,11,0),"0") -> 0 | DV110: =SUM(DP110:DS110) -> 0 | DW110: =IFERROR(VLOOKUP(B110,'17'!B:D,3,0),"0") -> 0 | DX110: =IFERROR(VLOOKUP(B110,'17'!B:E,4,0),"0") -> 0 | DY110: =IFERROR(VLOOKUP(B110,'17'!B:F,5,0),"0") -> 0 | DZ110: =IFERROR(VLOOKUP(B110,'17'!B:J,9,0),"0") -> 0 | EA110: =IFERROR(VLOOKUP(B110,'17'!B:K,10,0),"0") -> 0 | EB110: =IFERROR(VLOOKUP(B110,'17'!B:L,11,0),"0") -> 0 | EC110: =SUM(DW110:DZ110) -> 0 | ED110: =IFERROR(VLOOKUP(B110,'18'!B:D,3,0),"0") -> 0 | EE110: =IFERROR(VLOOKUP(B110,'18'!B:E,4,0),"0") -> 0 | EF110: =IFERROR(VLOOKUP(B110,'18'!B:F,5,0),"0") -> 0 | EG110: =IFERROR(VLOOKUP(B110,'18'!B:J,9,0),"0") -> 0 | EH110: =IFERROR(VLOOKUP(B110,'18'!B:K,10,0),"0") -> 0 | EI110: =IFERROR(VLOOKUP(B110,'18'!B:L,11,0),"0") -> 0 | EJ110: =SUM(ED110:EI110) -> 0 | EK110: =IFERROR(VLOOKUP(B110,'19'!B:D,3,0),"0") -> 4 | EL110: =IFERROR(VLOOKUP(B110,'19'!B:E,4,0),"0") -> 0 | EM110: =IFERROR(VLOOKUP(B110,'19'!B:F,5,0),"0") -> 0 | EN110: =IFERROR(VLOOKUP(B110,'19'!B:J,9,0),"0") -> 8 | EO110: =IFERROR(VLOOKUP(B110,'19'!B:K,10,0),"0") -> 0 | EP110: =IFERROR(VLOOKUP(B110,'19'!B:L,11,0),"0") -> 0 | EQ110: =SUM(EK110:EP110) -> 12 | ER110: =IFERROR(VLOOKUP(B110,'20'!B:D,3,0),"0") -> 0 | ES110: =IFERROR(VLOOKUP(B110,'20'!B:E,4,0),"0") -> 0 | ET110: =IFERROR(VLOOKUP(B110,'20'!B:F,5,0),"0") -> 0 | EU110: =IFERROR(VLOOKUP(B110,'20'!B:J,9,0),"0") -> 12 | EV110: =IFERROR(VLOOKUP(B110,'20'!B:K,10,0),"0") -> 0 | EW110: =IFERROR(VLOOKUP(B110,'20'!B:L,11,0),"0") -> 0 | EX110: =SUM(ER110:EW110) -> 12 | EY110: =IFERROR(VLOOKUP(B110,'21'!B:D,3,0),"0") -> 0 | EZ110: =IFERROR(VLOOKUP(B110,'21'!B:E,4,0),"0") -> 0 | FA110: =IFERROR(VLOOKUP(B110,'21'!B:F,5,0),"0") -> 0 | FB110: =IFERROR(VLOOKUP(B110,'21'!B:J,9,0),"0") -> 0 | FC110: =IFERROR(VLOOKUP(B110,'21'!B:K,10,0),"0") -> 0 | FD110: =IFERROR(VLOOKUP(B110,'21'!B:L,11,0),"0") -> 10 | FE110: =SUM(EY110:FD110) -> 10 | FF110: =IFERROR(VLOOKUP(B110,'22'!B:D,3,0),"0") -> 0 | FG110: =IFERROR(VLOOKUP(B110,'22'!B:E,4,0),"0") -> 0 | FH110: =IFERROR(VLOOKUP(B110,'22'!B:F,5,0),"0") -> 0 | FI110: =IFERROR(VLOOKUP(B110,'22'!B:J,9,0),"0") -> 0 | FJ110: =IFERROR(VLOOKUP(B110,'22'!B:K,10,0),"0") -> 0 | FK110: =IFERROR(VLOOKUP(B110,'22'!B:L,11,0),"0") -> 0 | FL110: =SUM(FF110:FK110) -> 0 | FM110: =IFERROR(VLOOKUP(B110,'23'!B:D,3,0),"0") -> 0 | FN110: =IFERROR(VLOOKUP(B110,'23'!B:E,4,0),"0") -> 0 | FO110: =IFERROR(VLOOKUP(B110,'23'!B:F,5,0),"0") -> 0 | FP110: =IFERROR(VLOOKUP(B110,'23'!B:J,9,0),"0") -> 16 | FQ110: =IFERROR(VLOOKUP(B110,'23'!B:K,10,0),"0") -> 0 | FR110: =IFERROR(VLOOKUP(B110,'23'!B:L,11,0),"0") -> 0 | FS110: =SUM(FM110:FR110) -> 16 | FT110: =IFERROR(VLOOKUP(B110,'24'!B:D,3,0),"0") -> 0 | FU110: =IFERROR(VLOOKUP(B110,'24'!B:E,4,0),"0") -> 0 | FV110: =IFERROR(VLOOKUP(B110,'24'!B:F,5,0),"0") -> 0 | FW110: =IFERROR(VLOOKUP(B110,'24'!B:J,9,0),"0") -> 8 | FX110: =IFERROR(VLOOKUP(B110,'24'!B:K,10,0),"0") -> 0 | FY110: =IFERROR(VLOOKUP(B110,'24'!B:L,11,0),"0") -> 0 | FZ110: =SUM(FT110:FY110) -> 8 | GA110: =IFERROR(VLOOKUP(B110,'25'!B:D,3,0),"0") -> 0 | GB110: =IFERROR(VLOOKUP(B110,'25'!B:E,4,0),"0") -> 0 | GC110: =IFERROR(VLOOKUP(B110,'25'!B:F,5,0),"0") -> 0 | GD110: =IFERROR(VLOOKUP(B110,'25'!B:J,9,0),"0") -> 4 | GE110: =IFERROR(VLOOKUP(B110,'25'!B:K,10,0),"0") -> 0 | GF110: =IFERROR(VLOOKUP(B110,'25'!B:L,11,0),"0") -> 0 | GG110: =SUM(GA110:GD110) -> 4 | GH110: =IFERROR(VLOOKUP(B110,'26'!B:D,3,0),"0") -> 0 | GI110: =IFERROR(VLOOKUP(B110,'26'!B:E,4,0),"0") -> 0 | GJ110: =IFERROR(VLOOKUP(B110,'26'!B:F,5,0),"0") -> 0 | GK110: =IFERROR(VLOOKUP(B110,'26'!B:J,9,0),"0") -> 0 | GL110: =IFERROR(VLOOKUP(B110,'26'!B:K,10,0),"0") -> 0 | GM110: =IFERROR(VLOOKUP(B110,'26'!B:L,11,0),"0") -> 0 | GN110: =SUM(GH110:GK110) -> 0 | GO110: =IFERROR(VLOOKUP(B110,'27'!B:D,3,0),"0") -> 0 | GP110: =IFERROR(VLOOKUP(B110,'27'!B:E,4,0),"0") -> 0 | GQ110: =IFERROR(VLOOKUP(B110,'27'!B:F,5,0),"0") -> 0 | GR110: =IFERROR(VLOOKUP(B110,'27'!B:J,9,0),"0") -> 0 | GS110: =IFERROR(VLOOKUP(B110,'27'!B:K,10,0),"0") -> 0 | GT110: =IFERROR(VLOOKUP(B110,'27'!B:L,11,0),"0") -> 10 | GU110: =SUM(GO110:GT110) -> 10 | GV110: =IFERROR(VLOOKUP(B110,'28'!B:D,3,0),"0") -> 0 | GW110: =IFERROR(VLOOKUP(B110,'28'!B:E,4,0),"0") -> 0 | GX110: =IFERROR(VLOOKUP(B110,'28'!B:F,5,0),"0") -> 0 | GY110: =IFERROR(VLOOKUP(B110,'28'!B:J,9,0),"0") -> 0 | GZ110: =IFERROR(VLOOKUP(B110,'28'!B:K,10,0),"0") -> 0 | HA110: =IFERROR(VLOOKUP(B110,'28'!B:L,11,0),"0") -> 0 | HB110: =SUM(GV110:HA110) -> 0 | HC110: =IFERROR(VLOOKUP(B110,#REF!,3),"0") -> 0 | HD110: =IFERROR(VLOOKUP(B110,#REF!,4,0),"0") -> 0 | HE110: =IFERROR(VLOOKUP(B110,#REF!,5,0),"0") -> 0 | HF110: =IFERROR(VLOOKUP(B110,#REF!,9,0),"0") -> 0 | HG110: =IFERROR(VLOOKUP(B110,#REF!,10,0),"0") -> 0 | HH110: =IFERROR(VLOOKUP(B110,#REF!,11,0),"0") -> 0 | HI110: =SUM(HC110:HF110) -> 0 | HP110: =SUM(HJ110:HM110) -> 0 | HW110: =SUM(HQ110:HT110) -> 0
