Workbook

Sheet ตัวอย่าง
A1: ยอดจริง ออนไลน์ วันที่ ............................
A2: NO | B2: รหัสสินค้า | C2: สินค้า | D2: ปณ | E2: Shopee | F2: Lazada | G2: Tiktok 1 | H2: Tiktok 2 | I2: Tiktok 3 | J2: Total Tiktok | K2: Choice | L2: ยอดเส้น | M2: ยอดรวมผลิต จำนวน (กล่อง) | N2: ยอดฟอแคส | O2: ยอดสต็อก | P2: รวม
A3: 1 | B3: 1111002 | C3: ชิฟฟอนรวมรส 8 ชิ้น | D3: ='[1]เย็น '!D7+'[1]เช้า '!D7+[1]บ่าย!D7 -> 38 | E3: ='[1]เย็น '!E7+'[1]เช้า '!E7+[1]บ่าย!E7 -> 251 | F3: ='[1]เย็น '!F7+'[1]เช้า '!F7+[1]บ่าย!F7 -> 57 | G3: ='[1]เย็น '!G7+'[1]เช้า '!G7+[1]บ่าย!G7 -> 5 | H3: ='[1]เย็น '!H7+'[1]เช้า '!H7+[1]บ่าย!H7 -> 17 | I3: ='[1]เย็น '!I7+'[1]เช้า '!I7+[1]บ่าย!I7 -> 0 | J3: =+G3+H3+I3 -> 22 | K3: ='[1]เย็น '!J7+'[1]เช้า '!J7+[1]บ่าย!J7 -> 0 | L3: ='[1]เย็น '!K7+'[1]เช้า '!K7+[1]บ่าย!K7 -> 0 | M3: =+D3+E3+F3+J3+K3+L3 -> 368 | P3: =(N3+O3)-M3 -> -368
A4: 2 | C4: ชิฟฟอนแบบกล่องสุ่มอะไรก็ได้ที่มี | D4: ='[1]เย็น '!D8+'[1]เช้า '!D8+[1]บ่าย!D8 -> 0 | E4: ='[1]เย็น '!E8+'[1]เช้า '!E8+[1]บ่าย!E8 -> 0 | F4: ='[1]เย็น '!F8+'[1]เช้า '!F8+[1]บ่าย!F8 -> 0 | G4: ='[1]เย็น '!G8+'[1]เช้า '!G8+[1]บ่าย!G8 -> 0 | H4: ='[1]เย็น '!H8+'[1]เช้า '!H8+[1]บ่าย!H8 -> 0 | I4: ='[1]เย็น '!I8+'[1]เช้า '!I8+[1]บ่าย!I8 -> 0 | J4: =+G4+H4+I4 -> 0 | K4: ='[1]เย็น '!J8+'[1]เช้า '!J8+[1]บ่าย!J8 -> 0 | L4: ='[1]เย็น '!K8+'[1]เช้า '!K8+[1]บ่าย!K8 -> 0 | M4: =+D4+E4+F4+J4+K4+L4 -> 0 | P4: =(N4+O4)-M4 -> 0
A5: 3 | B5: 1111084 | C5: ชิฟฟอน 8 ชิ้น กาแฟล้วน | D5: ='[1]เย็น '!D9+'[1]เช้า '!D9+[1]บ่าย!D9 -> 0 | E5: ='[1]เย็น '!E9+'[1]เช้า '!E9+[1]บ่าย!E9 -> 0 | F5: ='[1]เย็น '!F9+'[1]เช้า '!F9+[1]บ่าย!F9 -> 0 | G5: ='[1]เย็น '!G9+'[1]เช้า '!G9+[1]บ่าย!G9 -> 0 | H5: ='[1]เย็น '!H9+'[1]เช้า '!H9+[1]บ่าย!H9 -> 0 | I5: ='[1]เย็น '!I9+'[1]เช้า '!I9+[1]บ่าย!I9 -> 0 | J5: =+G5+H5+I5 -> 0 | K5: ='[1]เย็น '!J9+'[1]เช้า '!J9+[1]บ่าย!J9 -> 0 | L5: ='[1]เย็น '!K9+'[1]เช้า '!K9+[1]บ่าย!K9 -> 0 | M5: =+D5+E5+F5+J5+K5+L5 -> 0 | P5: =(N5+O5)-M5 -> 0
A6: 4 | B6: 1111085 | C6: ชิฟฟอน 8 ชิ้น บลูเบอรี่ล้วน | D6: ='[1]เย็น '!D10+'[1]เช้า '!D10+[1]บ่าย!D10 -> 0 | E6: ='[1]เย็น '!E10+'[1]เช้า '!E10+[1]บ่าย!E10 -> 0 | F6: ='[1]เย็น '!F10+'[1]เช้า '!F10+[1]บ่าย!F10 -> 0 | G6: ='[1]เย็น '!G10+'[1]เช้า '!G10+[1]บ่าย!G10 -> 0 | H6: ='[1]เย็น '!H10+'[1]เช้า '!H10+[1]บ่าย!H10 -> 0 | I6: ='[1]เย็น '!I10+'[1]เช้า '!I10+[1]บ่าย!I10 -> 0 | J6: =+G6+H6+I6 -> 0 | K6: ='[1]เย็น '!J10+'[1]เช้า '!J10+[1]บ่าย!J10 -> 0 | L6: ='[1]เย็น '!K10+'[1]เช้า '!K10+[1]บ่าย!K10 -> 0 | M6: =+D6+E6+F6+J6+K6+L6 -> 0 | P6: =(N6+O6)-M6 -> 0
A7: 5 | B7: 1111086 | C7: ชิฟฟอน 8 ชิ้น มะพร้าวล้วน | D7: ='[1]เย็น '!D11+'[1]เช้า '!D11+[1]บ่าย!D11 -> 20 | E7: ='[1]เย็น '!E11+'[1]เช้า '!E11+[1]บ่าย!E11 -> 0 | F7: ='[1]เย็น '!F11+'[1]เช้า '!F11+[1]บ่าย!F11 -> 0 | G7: ='[1]เย็น '!G11+'[1]เช้า '!G11+[1]บ่าย!G11 -> 0 | H7: ='[1]เย็น '!H11+'[1]เช้า '!H11+[1]บ่าย!H11 -> 0 | I7: ='[1]เย็น '!I11+'[1]เช้า '!I11+[1]บ่าย!I11 -> 0 | J7: =+G7+H7+I7 -> 0 | K7: ='[1]เย็น '!J11+'[1]เช้า '!J11+[1]บ่าย!J11 -> 0 | L7: ='[1]เย็น '!K11+'[1]เช้า '!K11+[1]บ่าย!K11 -> 0 | M7: =+D7+E7+F7+J7+K7+L7 -> 20 | P7: =(N7+O7)-M7 -> -20
A8: 6 | B8: 1111087 | C8: ชิฟฟอน 8 ชิ้น สตอเบอรี่ล้วน | D8: ='[1]เย็น '!D12+'[1]เช้า '!D12+[1]บ่าย!D12 -> 0 | E8: ='[1]เย็น '!E12+'[1]เช้า '!E12+[1]บ่าย!E12 -> 0 | F8: ='[1]เย็น '!F12+'[1]เช้า '!F12+[1]บ่าย!F12 -> 0 | G8: ='[1]เย็น '!G12+'[1]เช้า '!G12+[1]บ่าย!G12 -> 0 | H8: ='[1]เย็น '!H12+'[1]เช้า '!H12+[1]บ่าย!H12 -> 0 | I8: ='[1]เย็น '!I12+'[1]เช้า '!I12+[1]บ่าย!I12 -> 0 | J8: =+G8+H8+I8 -> 0 | K8: ='[1]เย็น '!J12+'[1]เช้า '!J12+[1]บ่าย!J12 -> 0 | L8: ='[1]เย็น '!K12+'[1]เช้า '!K12+[1]บ่าย!K12 -> 0 | M8: =+D8+E8+F8+J8+K8+L8 -> 0 | P8: =(N8+O8)-M8 -> 0
A9: 7 | B9: 1111088 | C9: ชิฟฟอน 8 ชิ้น ส้มล้วน | D9: ='[1]เย็น '!D13+'[1]เช้า '!D13+[1]บ่าย!D13 -> 0 | E9: ='[1]เย็น '!E13+'[1]เช้า '!E13+[1]บ่าย!E13 -> 0 | F9: ='[1]เย็น '!F13+'[1]เช้า '!F13+[1]บ่าย!F13 -> 0 | G9: ='[1]เย็น '!G13+'[1]เช้า '!G13+[1]บ่าย!G13 -> 0 | H9: ='[1]เย็น '!H13+'[1]เช้า '!H13+[1]บ่าย!H13 -> 0 | I9: ='[1]เย็น '!I13+'[1]เช้า '!I13+[1]บ่าย!I13 -> 0 | J9: =+G9+H9+I9 -> 0 | K9: ='[1]เย็น '!J13+'[1]เช้า '!J13+[1]บ่าย!J13 -> 0 | L9: ='[1]เย็น '!K13+'[1]เช้า '!K13+[1]บ่าย!K13 -> 0 | M9: =+D9+E9+F9+J9+K9+L9 -> 0 | P9: =(N9+O9)-M9 -> 0
A10: 8 | B10: 1111089 | C10: ชิฟฟอน 8 ชิ้น เนยล้วน | D10: ='[1]เย็น '!D14+'[1]เช้า '!D14+[1]บ่าย!D14 -> 0 | E10: ='[1]เย็น '!E14+'[1]เช้า '!E14+[1]บ่าย!E14 -> 0 | F10: ='[1]เย็น '!F14+'[1]เช้า '!F14+[1]บ่าย!F14 -> 0 | G10: ='[1]เย็น '!G14+'[1]เช้า '!G14+[1]บ่าย!G14 -> 0 | H10: ='[1]เย็น '!H14+'[1]เช้า '!H14+[1]บ่าย!H14 -> 0 | I10: ='[1]เย็น '!I14+'[1]เช้า '!I14+[1]บ่าย!I14 -> 0 | J10: =+G10+H10+I10 -> 0 | K10: ='[1]เย็น '!J14+'[1]เช้า '!J14+[1]บ่าย!J14 -> 0 | L10: ='[1]เย็น '!K14+'[1]เช้า '!K14+[1]บ่าย!K14 -> 0 | M10: =+D10+E10+F10+J10+K10+L10 -> 0 | P10: =(N10+O10)-M10 -> 0
A11: 9 | B11: 1111090 | C11: ชิฟฟอน 8 ชิ้น เผือกล้วน | D11: ='[1]เย็น '!D15+'[1]เช้า '!D15+[1]บ่าย!D15 -> 0 | E11: ='[1]เย็น '!E15+'[1]เช้า '!E15+[1]บ่าย!E15 -> 0 | F11: ='[1]เย็น '!F15+'[1]เช้า '!F15+[1]บ่าย!F15 -> 0 | G11: ='[1]เย็น '!G15+'[1]เช้า '!G15+[1]บ่าย!G15 -> 0 | H11: ='[1]เย็น '!H15+'[1]เช้า '!H15+[1]บ่าย!H15 -> 0 | I11: ='[1]เย็น '!I15+'[1]เช้า '!I15+[1]บ่าย!I15 -> 0 | J11: =+G11+H11+I11 -> 0 | K11: ='[1]เย็น '!J15+'[1]เช้า '!J15+[1]บ่าย!J15 -> 0 | L11: ='[1]เย็น '!K15+'[1]เช้า '!K15+[1]บ่าย!K15 -> 0 | M11: =+D11+E11+F11+J11+K11+L11 -> 0 | P11: =(N11+O11)-M11 -> 0
A12: 10 | B12: 1111091 | C12: ชิฟฟอน 8 ชิ้น ใบเตยล้วน | D12: ='[1]เย็น '!D16+'[1]เช้า '!D16+[1]บ่าย!D16 -> 0 | E12: ='[1]เย็น '!E16+'[1]เช้า '!E16+[1]บ่าย!E16 -> 0 | F12: ='[1]เย็น '!F16+'[1]เช้า '!F16+[1]บ่าย!F16 -> 0 | G12: ='[1]เย็น '!G16+'[1]เช้า '!G16+[1]บ่าย!G16 -> 0 | H12: ='[1]เย็น '!H16+'[1]เช้า '!H16+[1]บ่าย!H16 -> 0 | I12: ='[1]เย็น '!I16+'[1]เช้า '!I16+[1]บ่าย!I16 -> 0 | J12: =+G12+H12+I12 -> 0 | K12: ='[1]เย็น '!J16+'[1]เช้า '!J16+[1]บ่าย!J16 -> 0 | L12: ='[1]เย็น '!K16+'[1]เช้า '!K16+[1]บ่าย!K16 -> 0 | M12: =+D12+E12+F12+J12+K12+L12 -> 0 | P12: =(N12+O12)-M12 -> 0
A13: 11 | B13: 1111092 | C13: ชิฟฟอน 8 ชิ้น กล้วยหอม | D13: ='[1]เย็น '!D17+'[1]เช้า '!D17+[1]บ่าย!D17 -> 0 | E13: ='[1]เย็น '!E17+'[1]เช้า '!E17+[1]บ่าย!E17 -> 0 | F13: ='[1]เย็น '!F17+'[1]เช้า '!F17+[1]บ่าย!F17 -> 0 | G13: ='[1]เย็น '!G17+'[1]เช้า '!G17+[1]บ่าย!G17 -> 0 | H13: ='[1]เย็น '!H17+'[1]เช้า '!H17+[1]บ่าย!H17 -> 0 | I13: ='[1]เย็น '!I17+'[1]เช้า '!I17+[1]บ่าย!I17 -> 0 | J13: =+G13+H13+I13 -> 0 | K13: ='[1]เย็น '!J17+'[1]เช้า '!J17+[1]บ่าย!J17 -> 0 | L13: ='[1]เย็น '!K17+'[1]เช้า '!K17+[1]บ่าย!K17 -> 0 | M13: =+D13+E13+F13+J13+K13+L13 -> 0 | P13: =(N13+O13)-M13 -> 0
A14: 12 | B14: 1111093 | C14: ชิฟฟอน 8 ชิ้น โกโก้ล้วน | D14: ='[1]เย็น '!D18+'[1]เช้า '!D18+[1]บ่าย!D18 -> 0 | E14: ='[1]เย็น '!E18+'[1]เช้า '!E18+[1]บ่าย!E18 -> 0 | F14: ='[1]เย็น '!F18+'[1]เช้า '!F18+[1]บ่าย!F18 -> 0 | G14: ='[1]เย็น '!G18+'[1]เช้า '!G18+[1]บ่าย!G18 -> 0 | H14: ='[1]เย็น '!H18+'[1]เช้า '!H18+[1]บ่าย!H18 -> 0 | I14: ='[1]เย็น '!I18+'[1]เช้า '!I18+[1]บ่าย!I18 -> 0 | J14: =+G14+H14+I14 -> 0 | K14: ='[1]เย็น '!J18+'[1]เช้า '!J18+[1]บ่าย!J18 -> 0 | L14: ='[1]เย็น '!K18+'[1]เช้า '!K18+[1]บ่าย!K18 -> 0 | M14: =+D14+E14+F14+J14+K14+L14 -> 0 | P14: =(N14+O14)-M14 -> 0
A15: 13 | B15: 1111094 | C15: ชิฟฟอน 8 ชิ้น ชาไทยล้วน | D15: ='[1]เย็น '!D19+'[1]เช้า '!D19+[1]บ่าย!D19 -> 0 | E15: ='[1]เย็น '!E19+'[1]เช้า '!E19+[1]บ่าย!E19 -> 0 | F15: ='[1]เย็น '!F19+'[1]เช้า '!F19+[1]บ่าย!F19 -> 0 | G15: ='[1]เย็น '!G19+'[1]เช้า '!G19+[1]บ่าย!G19 -> 0 | H15: ='[1]เย็น '!H19+'[1]เช้า '!H19+[1]บ่าย!H19 -> 0 | I15: ='[1]เย็น '!I19+'[1]เช้า '!I19+[1]บ่าย!I19 -> 0 | J15: =+G15+H15+I15 -> 0 | K15: ='[1]เย็น '!J19+'[1]เช้า '!J19+[1]บ่าย!J19 -> 0 | L15: ='[1]เย็น '!K19+'[1]เช้า '!K19+[1]บ่าย!K19 -> 0 | M15: =+D15+E15+F15+J15+K15+L15 -> 0 | P15: =(N15+O15)-M15 -> 0
A16: 14 | B16: 1111095 | C16: ชิฟฟอน 8 ชิ้น ชาเขียวล้วน | D16: ='[1]เย็น '!D20+'[1]เช้า '!D20+[1]บ่าย!D20 -> 0 | E16: ='[1]เย็น '!E20+'[1]เช้า '!E20+[1]บ่าย!E20 -> 0 | F16: ='[1]เย็น '!F20+'[1]เช้า '!F20+[1]บ่าย!F20 -> 0 | G16: ='[1]เย็น '!G20+'[1]เช้า '!G20+[1]บ่าย!G20 -> 0 | H16: ='[1]เย็น '!H20+'[1]เช้า '!H20+[1]บ่าย!H20 -> 0 | I16: ='[1]เย็น '!I20+'[1]เช้า '!I20+[1]บ่าย!I20 -> 0 | J16: =+G16+H16+I16 -> 0 | K16: ='[1]เย็น '!J20+'[1]เช้า '!J20+[1]บ่าย!J20 -> 0 | L16: ='[1]เย็น '!K20+'[1]เช้า '!K20+[1]บ่าย!K20 -> 0 | M16: =+D16+E16+F16+J16+K16+L16 -> 0 | P16: =(N16+O16)-M16 -> 0
... A61: 59 | B61: 1111083 | C61: ชิฟฟอนไส้แยมแยกชิ้น เมล่อน | D61: ='[1]เย็น '!D65+'[1]เช้า '!D65+[1]บ่าย!D65 -> 0 | E61: ='[1]เย็น '!E65+'[1]เช้า '!E65+[1]บ่าย!E65 -> 10 | F61: ='[1]เย็น '!F65+'[1]เช้า '!F65+[1]บ่าย!F65 -> 2 | G61: ='[1]เย็น '!G65+'[1]เช้า '!G65+[1]บ่าย!G65 -> 0 | H61: ='[1]เย็น '!H65+'[1]เช้า '!H65+[1]บ่าย!H65 -> 0 | I61: ='[1]เย็น '!I65+'[1]เช้า '!I65+[1]บ่าย!I65 -> 0 | J61: =+G61+H61+I61 -> 0 | K61: ='[1]เย็น '!J65+'[1]เช้า '!J65+[1]บ่าย!J65 -> 0 | L61: ='[1]เย็น '!K65+'[1]เช้า '!K65+[1]บ่าย!K65 -> 0 | M61: =+D61+E61+F61+J61+K61+L61 -> 12 | P61: =(N61+O61)-M61 -> -12
A62: 60 | B62: 1111010 | C62: ชิฟฟอนไส้แยมแยกชิ้น คละรส | D62: =[1]บ่าย!D66+'[1]เช้า '!D66+'[1]เย็น '!D66 -> 0 | E62: =[1]บ่าย!E66+'[1]เช้า '!E66+'[1]เย็น '!E66 -> 0 | F62: =[1]บ่าย!F66+'[1]เช้า '!F66+'[1]เย็น '!F66 -> 0 | G62: =[1]บ่าย!G66+'[1]เช้า '!G66+'[1]เย็น '!G66 -> 0 | H62: =[1]บ่าย!H66+'[1]เช้า '!H66+'[1]เย็น '!H66 -> 0 | I62: =[1]บ่าย!I66+'[1]เช้า '!I66+'[1]เย็น '!I66 -> 0 | J62: =+G62+H62+I62 -> 0 | K62: =[1]บ่าย!J66+'[1]เช้า '!J66+'[1]เย็น '!J66 -> 0 | M62: =+D62+E62+F62+J62+K62+L62 -> 0 | P62: =(N62+O62)-M62 -> 0
A63: 61 | B63: 1111009 | C63: ชิฟฟอนไส้แยมรวมรส 6 ชิ้น | D63: ='[1]เย็น '!D69+'[1]เช้า '!D69+[1]บ่าย!D69 -> 14 | E63: ='[1]เย็น '!E69+'[1]เช้า '!E69+[1]บ่าย!E69 -> 4 | F63: ='[1]เย็น '!F69+'[1]เช้า '!F69+[1]บ่าย!F69 -> 21 | G63: ='[1]เย็น '!G69+'[1]เช้า '!G69+[1]บ่าย!G69 -> 7 | H63: ='[1]เย็น '!H69+'[1]เช้า '!H69+[1]บ่าย!H69 -> 1 | I63: ='[1]เย็น '!I69+'[1]เช้า '!I69+[1]บ่าย!I69 -> 0 | J63: =+G63+H63+I63 -> 8 | K63: ='[1]เย็น '!J69+'[1]เช้า '!J69+[1]บ่าย!J69 -> 0 | L63: ='[1]เย็น '!K69+'[1]เช้า '!K69+[1]บ่าย!K69 -> 0 | M63: =+D63+E63+F63+J63+K63+L63 -> 47 | P63: =(N63+O63)-M63 -> -47
A64: 62 | B64: 1111023 | C64: ชิฟฟอนไส้แยมรสสตอเบอร์รี่ล้วน 6 ชิ้น | D64: ='[1]เย็น '!D70+'[1]เช้า '!D70+[1]บ่าย!D70 -> 0 | E64: ='[1]เย็น '!E70+'[1]เช้า '!E70+[1]บ่าย!E70 -> 0 | F64: ='[1]เย็น '!F70+'[1]เช้า '!F70+[1]บ่าย!F70 -> 0 | G64: ='[1]เย็น '!G70+'[1]เช้า '!G70+[1]บ่าย!G70 -> 0 | H64: ='[1]เย็น '!H70+'[1]เช้า '!H70+[1]บ่าย!H70 -> 0 | I64: ='[1]เย็น '!I70+'[1]เช้า '!I70+[1]บ่าย!I70 -> 0 | J64: =+G64+H64+I64 -> 0 | K64: ='[1]เย็น '!J70+'[1]เช้า '!J70+[1]บ่าย!J70 -> 0 | L64: ='[1]เย็น '!K70+'[1]เช้า '!K70+[1]บ่าย!K70 -> 0 | M64: =+D64+E64+F64+J64+K64+L64 -> 0 | P64: =(N64+O64)-M64 -> 0
A65: 63 | B65: 1111016 | C65: ชิฟฟอนไส้แยมรสมะพร้าวล้วน 6 ชิ้น | D65: ='[1]เย็น '!D71+'[1]เช้า '!D71+[1]บ่าย!D71 -> 0 | E65: ='[1]เย็น '!E71+'[1]เช้า '!E71+[1]บ่าย!E71 -> 0 | F65: ='[1]เย็น '!F71+'[1]เช้า '!F71+[1]บ่าย!F71 -> 0 | G65: ='[1]เย็น '!G71+'[1]เช้า '!G71+[1]บ่าย!G71 -> 0 | H65: ='[1]เย็น '!H71+'[1]เช้า '!H71+[1]บ่าย!H71 -> 0 | I65: ='[1]เย็น '!I71+'[1]เช้า '!I71+[1]บ่าย!I71 -> 0 | J65: =+G65+H65+I65 -> 0 | K65: ='[1]เย็น '!J71+'[1]เช้า '!J71+[1]บ่าย!J71 -> 0 | L65: ='[1]เย็น '!K71+'[1]เช้า '!K71+[1]บ่าย!K71 -> 0 | M65: =+D65+E65+F65+J65+K65+L65 -> 0 | P65: =(N65+O65)-M65 -> 0
A66: 64 | B66: 1111014 | C66: ชิฟฟอนไส้แยมรสช็อกโกแลตนูเทลล่าล้วน 6 ชิ้น | D66: ='[1]เย็น '!D72+'[1]เช้า '!D72+[1]บ่าย!D72 -> 0 | E66: ='[1]เย็น '!E72+'[1]เช้า '!E72+[1]บ่าย!E72 -> 0 | F66: ='[1]เย็น '!F72+'[1]เช้า '!F72+[1]บ่าย!F72 -> 0 | G66: ='[1]เย็น '!G72+'[1]เช้า '!G72+[1]บ่าย!G72 -> 0 | H66: ='[1]เย็น '!H72+'[1]เช้า '!H72+[1]บ่าย!H72 -> 0 | I66: ='[1]เย็น '!I72+'[1]เช้า '!I72+[1]บ่าย!I72 -> 0 | J66: =+G66+H66+I66 -> 0 | K66: ='[1]เย็น '!J72+'[1]เช้า '!J72+[1]บ่าย!J72 -> 0 | L66: ='[1]เย็น '!K72+'[1]เช้า '!K72+[1]บ่าย!K72 -> 0 | M66: =+D66+E66+F66+J66+K66+L66 -> 0 | P66: =(N66+O66)-M66 -> 0
A67: 65 | B67: 1111025 | C67: ชิฟฟอนไส้แยมรสส้มล้วน 6 ชิ้น | D67: ='[1]เย็น '!D73+'[1]เช้า '!D73+[1]บ่าย!D73 -> 0 | E67: ='[1]เย็น '!E73+'[1]เช้า '!E73+[1]บ่าย!E73 -> 0 | F67: ='[1]เย็น '!F73+'[1]เช้า '!F73+[1]บ่าย!F73 -> 0 | G67: ='[1]เย็น '!G73+'[1]เช้า '!G73+[1]บ่าย!G73 -> 0 | H67: ='[1]เย็น '!H73+'[1]เช้า '!H73+[1]บ่าย!H73 -> 0 | I67: ='[1]เย็น '!I73+'[1]เช้า '!I73+[1]บ่าย!I73 -> 0 | J67: =+G67+H67+I67 -> 0 | K67: ='[1]เย็น '!J73+'[1]เช้า '!J73+[1]บ่าย!J73 -> 0 | L67: ='[1]เย็น '!K73+'[1]เช้า '!K73+[1]บ่าย!K73 -> 0 | M67: =+D67+E67+F67+J67+K67+L67 -> 0 | P67: =(N67+O67)-M67 -> 0
A68: 66 | B68: 1111018 | C68: ชิฟฟอนไส้แยมรสบลูเบอร์รี่ล้วน 6 ชิ้น | D68: ='[1]เย็น '!D74+'[1]เช้า '!D74+[1]บ่าย!D74 -> 0 | E68: ='[1]เย็น '!E74+'[1]เช้า '!E74+[1]บ่าย!E74 -> 0 | F68: ='[1]เย็น '!F74+'[1]เช้า '!F74+[1]บ่าย!F74 -> 0 | G68: ='[1]เย็น '!G74+'[1]เช้า '!G74+[1]บ่าย!G74 -> 0 | H68: ='[1]เย็น '!H74+'[1]เช้า '!H74+[1]บ่าย!H74 -> 0 | I68: ='[1]เย็น '!I74+'[1]เช้า '!I74+[1]บ่าย!I74 -> 0 | J68: =+G68+H68+I68 -> 0 | K68: ='[1]เย็น '!J74+'[1]เช้า '!J74+[1]บ่าย!J74 -> 0 | L68: ='[1]เย็น '!K74+'[1]เช้า '!K74+[1]บ่าย!K74 -> 0 | M68: =+D68+E68+F68+J68+K68+L68 -> 0 | P68: =(N68+O68)-M68 -> 0
A69: 67 | B69: 1111012 | C69: ชิฟฟอนไส้แยมรสนมชมพูฮอกไกโดล้วน 6 ชิ้น | D69: ='[1]เย็น '!D75+'[1]เช้า '!D75+[1]บ่าย!D75 -> 0 | E69: ='[1]เย็น '!E75+'[1]เช้า '!E75+[1]บ่าย!E75 -> 0 | F69: ='[1]เย็น '!F75+'[1]เช้า '!F75+[1]บ่าย!F75 -> 0 | G69: ='[1]เย็น '!G75+'[1]เช้า '!G75+[1]บ่าย!G75 -> 0 | H69: ='[1]เย็น '!H75+'[1]เช้า '!H75+[1]บ่าย!H75 -> 0 | I69: ='[1]เย็น '!I75+'[1]เช้า '!I75+[1]บ่าย!I75 -> 0 | J69: =+G69+H69+I69 -> 0 | K69: ='[1]เย็น '!J75+'[1]เช้า '!J75+[1]บ่าย!J75 -> 0 | L69: ='[1]เย็น '!K75+'[1]เช้า '!K75+[1]บ่าย!K75 -> 0 | M69: =+D69+E69+F69+J69+K69+L69 -> 0 | P69: =(N69+O69)-M69 -> 0
A70: 68 | B70: 1111020 | C70: ชิฟฟอนไส้แยมฝอยทองไส้ทะลัก 6 ชิ้น | D70: ='[1]เย็น '!D76+'[1]เช้า '!D76+[1]บ่าย!D76 -> 0 | E70: ='[1]เย็น '!E76+'[1]เช้า '!E76+[1]บ่าย!E76 -> 0 | F70: ='[1]เย็น '!F76+'[1]เช้า '!F76+[1]บ่าย!F76 -> 0 | G70: ='[1]เย็น '!G76+'[1]เช้า '!G76+[1]บ่าย!G76 -> 0 | H70: ='[1]เย็น '!H76+'[1]เช้า '!H76+[1]บ่าย!H76 -> 0 | I70: ='[1]เย็น '!I76+'[1]เช้า '!I76+[1]บ่าย!I76 -> 0 | J70: =+G70+H70+I70 -> 0 | K70: ='[1]เย็น '!J76+'[1]เช้า '!J76+[1]บ่าย!J76 -> 0 | L70: ='[1]เย็น '!K76+'[1]เช้า '!K76+[1]บ่าย!K76 -> 0 | M70: =+D70+E70+F70+J70+K70+L70 -> 0 | P70: =(N70+O70)-M70 -> 0
A71: 69 | B71: 1111022 | C71: ชิฟฟอนไส้แยมรสสตอเบอร์รี่ล้วน 3 ชิ้น | D71: ='[1]เย็น '!D79+'[1]เช้า '!D79+[1]บ่าย!D79 -> 0 | E71: ='[1]เย็น '!E79+'[1]เช้า '!E79+[1]บ่าย!E79 -> 0 | F71: ='[1]เย็น '!F79+'[1]เช้า '!F79+[1]บ่าย!F79 -> 0 | G71: ='[1]เย็น '!G79+'[1]เช้า '!G79+[1]บ่าย!G79 -> 0 | H71: ='[1]เย็น '!H79+'[1]เช้า '!H79+[1]บ่าย!H79 -> 0 | I71: ='[1]เย็น '!I79+'[1]เช้า '!I79+[1]บ่าย!I79 -> 0 | J71: =+G71+H71+I71 -> 0 | K71: ='[1]เย็น '!J79+'[1]เช้า '!J79+[1]บ่าย!J79 -> 0 | L71: ='[1]เย็น '!K79+'[1]เช้า '!K79+[1]บ่าย!K79 -> 0 | M71: =+D71+E71+F71+J71+K71+L71 -> 0 | P71: =(N71+O71)-M71 -> 0
A72: 70 | B72: 1111015 | C72: ชิฟฟอนไส้แยมรสมะพร้าวล้วน 3 ชิ้น | D72: ='[1]เย็น '!D80+'[1]เช้า '!D80+[1]บ่าย!D80 -> 0 | E72: ='[1]เย็น '!E80+'[1]เช้า '!E80+[1]บ่าย!E80 -> 0 | F72: ='[1]เย็น '!F80+'[1]เช้า '!F80+[1]บ่าย!F80 -> 0 | G72: ='[1]เย็น '!G80+'[1]เช้า '!G80+[1]บ่าย!G80 -> 0 | H72: ='[1]เย็น '!H80+'[1]เช้า '!H80+[1]บ่าย!H80 -> 0 | I72: ='[1]เย็น '!I80+'[1]เช้า '!I80+[1]บ่าย!I80 -> 0 | J72: =+G72+H72+I72 -> 0 | K72: ='[1]เย็น '!J80+'[1]เช้า '!J80+[1]บ่าย!J80 -> 0 | L72: ='[1]เย็น '!K80+'[1]เช้า '!K80+[1]บ่าย!K80 -> 0 | M72: =+D72+E72+F72+J72+K72+L72 -> 0 | P72: =(N72+O72)-M72 -> 0
A73: 71 | B73: 1111013 | C73: ชิฟฟอนไส้แยมรสช็อกโกแลตนูเทลล่าล้วน 3 ชิ้น | D73: ='[1]เย็น '!D81+'[1]เช้า '!D81+[1]บ่าย!D81 -> 0 | E73: ='[1]เย็น '!E81+'[1]เช้า '!E81+[1]บ่าย!E81 -> 0 | F73: ='[1]เย็น '!F81+'[1]เช้า '!F81+[1]บ่าย!F81 -> 0 | G73: ='[1]เย็น '!G81+'[1]เช้า '!G81+[1]บ่าย!G81 -> 0 | H73: ='[1]เย็น '!H81+'[1]เช้า '!H81+[1]บ่าย!H81 -> 0 | I73: ='[1]เย็น '!I81+'[1]เช้า '!I81+[1]บ่าย!I81 -> 0 | J73: =+G73+H73+I73 -> 0 | K73: ='[1]เย็น '!J81+'[1]เช้า '!J81+[1]บ่าย!J81 -> 0 | L73: ='[1]เย็น '!K81+'[1]เช้า '!K81+[1]บ่าย!K81 -> 0 | M73: =+D73+E73+F73+J73+K73+L73 -> 0 | P73: =(N73+O73)-M73 -> 0
A74: 72 | B74: 1111024 | C74: ชิฟฟอนไส้แยมรสส้มล้วน 3 ชิ้น | D74: ='[1]เย็น '!D82+'[1]เช้า '!D82+[1]บ่าย!D82 -> 0 | E74: ='[1]เย็น '!E82+'[1]เช้า '!E82+[1]บ่าย!E82 -> 0 | F74: ='[1]เย็น '!F82+'[1]เช้า '!F82+[1]บ่าย!F82 -> 0 | G74: ='[1]เย็น '!G82+'[1]เช้า '!G82+[1]บ่าย!G82 -> 0 | H74: ='[1]เย็น '!H82+'[1]เช้า '!H82+[1]บ่าย!H82 -> 0 | I74: ='[1]เย็น '!I82+'[1]เช้า '!I82+[1]บ่าย!I82 -> 0 | J74: =+G74+H74+I74 -> 0 | K74: ='[1]เย็น '!J82+'[1]เช้า '!J82+[1]บ่าย!J82 -> 0 | L74: ='[1]เย็น '!K82+'[1]เช้า '!K82+[1]บ่าย!K82 -> 0 | M74: =+D74+E74+F74+J74+K74+L74 -> 0 | P74: =(N74+O74)-M74 -> 0
A75: 73 | B75: 1111017 | C75: ชิฟฟอนไส้แยมรสบลูเบอร์รี่ล้วน 3 ชิ้น | D75: ='[1]เย็น '!D83+'[1]เช้า '!D83+[1]บ่าย!D83 -> 0 | E75: ='[1]เย็น '!E83+'[1]เช้า '!E83+[1]บ่าย!E83 -> 0 | F75: ='[1]เย็น '!F83+'[1]เช้า '!F83+[1]บ่าย!F83 -> 0 | G75: ='[1]เย็น '!G83+'[1]เช้า '!G83+[1]บ่าย!G83 -> 0 | H75: ='[1]เย็น '!H83+'[1]เช้า '!H83+[1]บ่าย!H83 -> 0 | I75: ='[1]เย็น '!I83+'[1]เช้า '!I83+[1]บ่าย!I83 -> 0 | J75: =+G75+H75+I75 -> 0 | K75: ='[1]เย็น '!J83+'[1]เช้า '!J83+[1]บ่าย!J83 -> 0 | L75: ='[1]เย็น '!K83+'[1]เช้า '!K83+[1]บ่าย!K83 -> 0 | M75: =+D75+E75+F75+J75+K75+L75 -> 0 | P75: =(N75+O75)-M75 -> 0
A76: 74 | B76: 1111011 | C76: ชิฟฟอนไส้แยมรสนมชมพูฮอกไกโดล้วน 3 ชิ้น | D76: ='[1]เย็น '!D84+'[1]เช้า '!D84+[1]บ่าย!D84 -> 0 | E76: ='[1]เย็น '!E84+'[1]เช้า '!E84+[1]บ่าย!E84 -> 0 | F76: ='[1]เย็น '!F84+'[1]เช้า '!F84+[1]บ่าย!F84 -> 0 | G76: ='[1]เย็น '!G84+'[1]เช้า '!G84+[1]บ่าย!G84 -> 0 | H76: ='[1]เย็น '!H84+'[1]เช้า '!H84+[1]บ่าย!H84 -> 0 | I76: ='[1]เย็น '!I84+'[1]เช้า '!I84+[1]บ่าย!I84 -> 0 | J76: =+G76+H76+I76 -> 0 | K76: ='[1]เย็น '!J84+'[1]เช้า '!J84+[1]บ่าย!J84 -> 0 | L76: ='[1]เย็น '!K84+'[1]เช้า '!K84+[1]บ่าย!K84 -> 0 | M76: =+D76+E76+F76+J76+K76+L76 -> 0 | P76: =(N76+O76)-M76 -> 0
A77: 75 | B77: 1111019 | C77: ชิฟฟอนไส้แยมฝอยทองไส้ทะลัก 3 ชิ้น | D77: ='[1]เย็น '!D85+'[1]เช้า '!D85+[1]บ่าย!D85 -> 0 | E77: ='[1]เย็น '!E85+'[1]เช้า '!E85+[1]บ่าย!E85 -> 0 | F77: ='[1]เย็น '!F85+'[1]เช้า '!F85+[1]บ่าย!F85 -> 0 | G77: ='[1]เย็น '!G85+'[1]เช้า '!G85+[1]บ่าย!G85 -> 0 | H77: ='[1]เย็น '!H85+'[1]เช้า '!H85+[1]บ่าย!H85 -> 0 | I77: ='[1]เย็น '!I85+'[1]เช้า '!I85+[1]บ่าย!I85 -> 0 | J77: =+G77+H77+I77 -> 0 | K77: ='[1]เย็น '!J85+'[1]เช้า '!J85+[1]บ่าย!J85 -> 0 | L77: ='[1]เย็น '!K85+'[1]เช้า '!K85+[1]บ่าย!K85 -> 0 | M77: =+D77+E77+F77+J77+K77+L77 -> 0 | P77: =(N77+O77)-M77 -> 0
A78: 76 | B78: 1113081 | C78: ชิฟฟอนไส้แยม วนิลา/ใบเตย/เมล่อน | D78: ='[1]เย็น '!D86+'[1]เช้า '!D86+[1]บ่าย!D86 -> 0 | E78: ='[1]เย็น '!E86+'[1]เช้า '!E86+[1]บ่าย!E86 -> 0 | F78: ='[1]เย็น '!F86+'[1]เช้า '!F86+[1]บ่าย!F86 -> 0 | G78: ='[1]เย็น '!G86+'[1]เช้า '!G86+[1]บ่าย!G86 -> 0 | H78: ='[1]เย็น '!H86+'[1]เช้า '!H86+[1]บ่าย!H86 -> 0 | I78: ='[1]เย็น '!I86+'[1]เช้า '!I86+[1]บ่าย!I86 -> 0 | J78: =+G78+H78+I78 -> 0 | K78: ='[1]เย็น '!J86+'[1]เช้า '!J86+[1]บ่าย!J86 -> 0 | L78: ='[1]เย็น '!K86+'[1]เช้า '!K86+[1]บ่าย!K86 -> 0 | M78: =+D78+E78+F78+J78+K78+L78 -> 0 | P78: =(N78+O78)-M78 -> 0
A79: 77 | B79: 1111008 | C79: ชิฟฟอนไส้แยมรวมรส 3 ชิ้น | D79: ='[1]เย็น '!D87+'[1]เช้า '!D87+[1]บ่าย!D87 -> 20 | E79: ='[1]เย็น '!E87+'[1]เช้า '!E87+[1]บ่าย!E87 -> 9 | F79: ='[1]เย็น '!F87+'[1]เช้า '!F87+[1]บ่าย!F87 -> 0 | G79: ='[1]เย็น '!G87+'[1]เช้า '!G87+[1]บ่าย!G87 -> 366 | H79: ='[1]เย็น '!H87+'[1]เช้า '!H87+[1]บ่าย!H87 -> 211 | I79: ='[1]เย็น '!I87+'[1]เช้า '!I87+[1]บ่าย!I87 -> 0 | J79: =+G79+H79+I79 -> 577 | K79: ='[1]เย็น '!J87+'[1]เช้า '!J87+[1]บ่าย!J87 -> 0 | L79: ='[1]เย็น '!K87+'[1]เช้า '!K87+[1]บ่าย!K87 -> 0 | M79: =+D79+E79+F79+J79+K79+L79 -> 606 | P79: =(N79+O79)-M79 -> -606
A80: 78 | B80: 1112009 | C80: เค้กเบาหวิว รสมะพร้าว 110 กรัม | D80: ='[1]เย็น '!D90+'[1]เช้า '!D90+[1]บ่าย!D90 -> 19 | E80: ='[1]เย็น '!E90+'[1]เช้า '!E90+[1]บ่าย!E90 -> 29 | F80: ='[1]เย็น '!F90+'[1]เช้า '!F90+[1]บ่าย!F90 -> 32 | G80: ='[1]เย็น '!G90+'[1]เช้า '!G90+[1]บ่าย!G90 -> 123 | H80: ='[1]เย็น '!H90+'[1]เช้า '!H90+[1]บ่าย!H90 -> 60 | I80: ='[1]เย็น '!I90+'[1]เช้า '!I90+[1]บ่าย!I90 -> 0 | J80: =+G80+H80+I80 -> 183 | K80: ='[1]เย็น '!J90+'[1]เช้า '!J90+[1]บ่าย!J90 -> 0 | L80: ='[1]เย็น '!K90+'[1]เช้า '!K90+[1]บ่าย!K90 -> 0 | M80: =+D80+E80+F80+J80+K80+L80 -> 263 | P80: =(N80+O80)-M80 -> -263
A81: 79 | B81: 1112011 | C81: เค้กเบาหวิว รสฝอยทอง 110 กรัม | D81: ='[1]เย็น '!D91+'[1]เช้า '!D91+[1]บ่าย!D91 -> 21 | E81: ='[1]เย็น '!E91+'[1]เช้า '!E91+[1]บ่าย!E91 -> 31 | F81: ='[1]เย็น '!F91+'[1]เช้า '!F91+[1]บ่าย!F91 -> 34 | G81: ='[1]เย็น '!G91+'[1]เช้า '!G91+[1]บ่าย!G91 -> 123 | H81: ='[1]เย็น '!H91+'[1]เช้า '!H91+[1]บ่าย!H91 -> 60 | I81: ='[1]เย็น '!I91+'[1]เช้า '!I91+[1]บ่าย!I91 -> 0 | J81: =+G81+H81+I81 -> 183 | K81: ='[1]เย็น '!J91+'[1]เช้า '!J91+[1]บ่าย!J91 -> 0 | L81: ='[1]เย็น '!K91+'[1]เช้า '!K91+[1]บ่าย!K91 -> 0 | M81: =+D81+E81+F81+J81+K81+L81 -> 269 | P81: =(N81+O81)-M81 -> -269
A82: 80 | B82: 1112003 | C82: เค้กเบาหวิว รสกาแฟ 110 กรัม | D82: ='[1]เย็น '!D92+'[1]เช้า '!D92+[1]บ่าย!D92 -> 14 | E82: ='[1]เย็น '!E92+'[1]เช้า '!E92+[1]บ่าย!E92 -> 0 | F82: ='[1]เย็น '!F92+'[1]เช้า '!F92+[1]บ่าย!F92 -> 2 | G82: ='[1]เย็น '!G92+'[1]เช้า '!G92+[1]บ่าย!G92 -> 87 | H82: ='[1]เย็น '!H92+'[1]เช้า '!H92+[1]บ่าย!H92 -> 50 | I82: ='[1]เย็น '!I92+'[1]เช้า '!I92+[1]บ่าย!I92 -> 0 | J82: =+G82+H82+I82 -> 137 | K82: ='[1]เย็น '!J92+'[1]เช้า '!J92+[1]บ่าย!J92 -> 0 | L82: ='[1]เย็น '!K92+'[1]เช้า '!K92+[1]บ่าย!K92 -> 0 | M82: =+D82+E82+F82+J82+K82+L82 -> 153 | P82: =(N82+O82)-M82 -> -153
A83: 81 | B83: 1112005 | C83: เค้กเบาหวิว รสเนยนม 110 กรัม | D83: ='[1]เย็น '!D93+'[1]เช้า '!D93+[1]บ่าย!D93 -> 15 | E83: ='[1]เย็น '!E93+'[1]เช้า '!E93+[1]บ่าย!E93 -> 0 | F83: ='[1]เย็น '!F93+'[1]เช้า '!F93+[1]บ่าย!F93 -> 0 | G83: ='[1]เย็น '!G93+'[1]เช้า '!G93+[1]บ่าย!G93 -> 35 | H83: ='[1]เย็น '!H93+'[1]เช้า '!H93+[1]บ่าย!H93 -> 13 | I83: ='[1]เย็น '!I93+'[1]เช้า '!I93+[1]บ่าย!I93 -> 0 | J83: =+G83+H83+I83 -> 48 | K83: ='[1]เย็น '!J93+'[1]เช้า '!J93+[1]บ่าย!J93 -> 0 | L83: ='[1]เย็น '!K93+'[1]เช้า '!K93+[1]บ่าย!K93 -> 0 | M83: =+D83+E83+F83+J83+K83+L83 -> 63 | P83: =(N83+O83)-M83 -> -63
A84: 82 | B84: 1112007 | C84: เค้กเบาหวิว รสใบเตย 110 กรัม | D84: ='[1]เย็น '!D94+'[1]เช้า '!D94+[1]บ่าย!D94 -> 0 | E84: ='[1]เย็น '!E94+'[1]เช้า '!E94+[1]บ่าย!E94 -> 0 | F84: ='[1]เย็น '!F94+'[1]เช้า '!F94+[1]บ่าย!F94 -> 0 | G84: ='[1]เย็น '!G94+'[1]เช้า '!G94+[1]บ่าย!G94 -> 0 | H84: ='[1]เย็น '!H94+'[1]เช้า '!H94+[1]บ่าย!H94 -> 0 | I84: ='[1]เย็น '!I94+'[1]เช้า '!I94+[1]บ่าย!I94 -> 0 | J84: =+G84+H84+I84 -> 0 | K84: ='[1]เย็น '!J94+'[1]เช้า '!J94+[1]บ่าย!J94 -> 0 | L84: ='[1]เย็น '!K94+'[1]เช้า '!K94+[1]บ่าย!K94 -> 0 | M84: =+D84+E84+F84+J84+K84+L84 -> 0 | P84: =(N84+O84)-M84 -> 0
A85: 83 | B85: 1112019 | C85: เค้กเบาหวิว รสทุเรียน 110 กรัม | D85: ='[1]เย็น '!D95+'[1]เช้า '!D95+[1]บ่าย!D95 -> 0 | E85: ='[1]เย็น '!E95+'[1]เช้า '!E95+[1]บ่าย!E95 -> 0 | F85: ='[1]เย็น '!F95+'[1]เช้า '!F95+[1]บ่าย!F95 -> 0 | G85: ='[1]เย็น '!G95+'[1]เช้า '!G95+[1]บ่าย!G95 -> 0 | H85: ='[1]เย็น '!H95+'[1]เช้า '!H95+[1]บ่าย!H95 -> 0 | I85: ='[1]เย็น '!I95+'[1]เช้า '!I95+[1]บ่าย!I95 -> 0 | J85: =+G85+H85+I85 -> 0 | K85: ='[1]เย็น '!J95+'[1]เช้า '!J95+[1]บ่าย!J95 -> 0 | L85: ='[1]เย็น '!K95+'[1]เช้า '!K95+[1]บ่าย!K95 -> 0 | M85: =+D85+E85+F85+J85+K85+L85 -> 0 | P85: =(N85+O85)-M85 -> 0
A86: 84 | B86: 1112017 | C86: เค้กเบาหวิว รสตาลหอม 110 กรัม | D86: ='[1]เย็น '!D96+'[1]เช้า '!D96+[1]บ่าย!D96 -> 12 | E86: ='[1]เย็น '!E96+'[1]เช้า '!E96+[1]บ่าย!E96 -> 0 | F86: ='[1]เย็น '!F96+'[1]เช้า '!F96+[1]บ่าย!F96 -> 2 | G86: ='[1]เย็น '!G96+'[1]เช้า '!G96+[1]บ่าย!G96 -> 86 | H86: ='[1]เย็น '!H96+'[1]เช้า '!H96+[1]บ่าย!H96 -> 49 | I86: ='[1]เย็น '!I96+'[1]เช้า '!I96+[1]บ่าย!I96 -> 0 | J86: =+G86+H86+I86 -> 135 | K86: ='[1]เย็น '!J96+'[1]เช้า '!J96+[1]บ่าย!J96 -> 0 | L86: ='[1]เย็น '!K96+'[1]เช้า '!K96+[1]บ่าย!K96 -> 0 | M86: =+D86+E86+F86+J86+K86+L86 -> 149 | P86: =(N86+O86)-M86 -> -149
A87: 85 | B87: 1112015 | C87: เค้กเบาหวิว รสกล้วยหอมมะพร้าวเผา 110 กรัม | D87: ='[1]เย็น '!D97+'[1]เช้า '!D97+[1]บ่าย!D97 -> 15 | E87: ='[1]เย็น '!E97+'[1]เช้า '!E97+[1]บ่าย!E97 -> 0 | F87: ='[1]เย็น '!F97+'[1]เช้า '!F97+[1]บ่าย!F97 -> 2 | G87: ='[1]เย็น '!G97+'[1]เช้า '!G97+[1]บ่าย!G97 -> 86 | H87: ='[1]เย็น '!H97+'[1]เช้า '!H97+[1]บ่าย!H97 -> 49 | I87: ='[1]เย็น '!I97+'[1]เช้า '!I97+[1]บ่าย!I97 -> 0 | J87: =+G87+H87+I87 -> 135 | K87: ='[1]เย็น '!J97+'[1]เช้า '!J97+[1]บ่าย!J97 -> 0 | L87: ='[1]เย็น '!K97+'[1]เช้า '!K97+[1]บ่าย!K97 -> 0 | M87: =+D87+E87+F87+J87+K87+L87 -> 152 | P87: =(N87+O87)-M87 -> -152
A88: 86 | B88: 1112013 | C88: เค้กเบาหวิว รสเผือกมะพร้าวอ่อน 110 กรัม | D88: ='[1]เย็น '!D98+'[1]เช้า '!D98+[1]บ่าย!D98 -> 21 | E88: ='[1]เย็น '!E98+'[1]เช้า '!E98+[1]บ่าย!E98 -> 29 | F88: ='[1]เย็น '!F98+'[1]เช้า '!F98+[1]บ่าย!F98 -> 32 | G88: ='[1]เย็น '!G98+'[1]เช้า '!G98+[1]บ่าย!G98 -> 123 | H88: ='[1]เย็น '!H98+'[1]เช้า '!H98+[1]บ่าย!H98 -> 59 | I88: ='[1]เย็น '!I98+'[1]เช้า '!I98+[1]บ่าย!I98 -> 0 | J88: =+G88+H88+I88 -> 182 | K88: ='[1]เย็น '!J98+'[1]เช้า '!J98+[1]บ่าย!J98 -> 0 | L88: ='[1]เย็น '!K98+'[1]เช้า '!K98+[1]บ่าย!K98 -> 0 | M88: =+D88+E88+F88+J88+K88+L88 -> 264 | P88: =(N88+O88)-M88 -> -264
A89: 87 | B89: 1124043 | C89: เบาหวิว คละรส 110 กรัม | D89: =[1]บ่าย!D99+'[1]เช้า '!D99+'[1]เย็น '!D99 -> 0 | E89: =[1]บ่าย!E99+'[1]เช้า '!E99+'[1]เย็น '!E99 -> 0 | F89: =[1]บ่าย!F99+'[1]เช้า '!F99+'[1]เย็น '!F99 -> 0 | G89: =[1]บ่าย!G99+'[1]เช้า '!G99+'[1]เย็น '!G99 -> 0 | H89: =[1]บ่าย!H99+'[1]เช้า '!H99+'[1]เย็น '!H99 -> 0 | I89: =[1]บ่าย!I99+'[1]เช้า '!I99+'[1]เย็น '!I99 -> 0 | J89: =+G89+H89+I89 -> 0 | K89: =[1]บ่าย!J99+'[1]เช้า '!J99+'[1]เย็น '!J99 -> 0 | M89: =+D89+E89+F89+J89+K89+L89 -> 0
A90: 88 | B90: 1112008 | C90: เค้กเบาหวิว รสมะพร้าว 300 กรัม | D90: =[1]บ่าย!D102+'[1]เช้า '!D102+'[1]เย็น '!D102 -> 0 | E90: =[1]บ่าย!E102+'[1]เช้า '!E102+'[1]เย็น '!E102 -> 0 | F90: =[1]บ่าย!F102+'[1]เช้า '!F102+'[1]เย็น '!F102 -> 0 | G90: =[1]บ่าย!G102+'[1]เช้า '!G102+'[1]เย็น '!G102 -> 0 | H90: =[1]บ่าย!H102+'[1]เช้า '!H102+'[1]เย็น '!H102 -> 0 | I90: =[1]บ่าย!I102+'[1]เช้า '!I102+'[1]เย็น '!I102 -> 0 | J90: =+G90+H90+I90 -> 0 | K90: =[1]บ่าย!J102+'[1]เช้า '!J102+'[1]เย็น '!J102 -> 0 | M90: =+D90+E90+F90+J90+K90+L90 -> 0 | P90: =(N90+O90)-M90 -> 0
A91: 89 | B91: 1112010 | C91: เค้กเบาหวิว รสฝอยทอง 300 กรัม | D91: =[1]บ่าย!D103+'[1]เช้า '!D103+'[1]เย็น '!D103 -> 0 | E91: =[1]บ่าย!E103+'[1]เช้า '!E103+'[1]เย็น '!E103 -> 0 | F91: =[1]บ่าย!F103+'[1]เช้า '!F103+'[1]เย็น '!F103 -> 0 | G91: =[1]บ่าย!G103+'[1]เช้า '!G103+'[1]เย็น '!G103 -> 0 | H91: =[1]บ่าย!H103+'[1]เช้า '!H103+'[1]เย็น '!H103 -> 0 | I91: =[1]บ่าย!I103+'[1]เช้า '!I103+'[1]เย็น '!I103 -> 0 | J91: =+G91+H91+I91 -> 0 | K91: =[1]บ่าย!J103+'[1]เช้า '!J103+'[1]เย็น '!J103 -> 0 | M91: =+D91+E91+F91+J91+K91+L91 -> 0 | P91: =(N91+O91)-M91 -> 0
A92: 90 | B92: 1112002 | C92: เค้กเบาหวิว รสกาแฟ 300 กรัม | D92: =[1]บ่าย!D104+'[1]เช้า '!D104+'[1]เย็น '!D104 -> 0 | E92: =[1]บ่าย!E104+'[1]เช้า '!E104+'[1]เย็น '!E104 -> 0 | F92: =[1]บ่าย!F104+'[1]เช้า '!F104+'[1]เย็น '!F104 -> 0 | G92: =[1]บ่าย!G104+'[1]เช้า '!G104+'[1]เย็น '!G104 -> 0 | H92: =[1]บ่าย!H104+'[1]เช้า '!H104+'[1]เย็น '!H104 -> 0 | I92: =[1]บ่าย!I104+'[1]เช้า '!I104+'[1]เย็น '!I104 -> 0 | J92: =+G92+H92+I92 -> 0 | K92: =[1]บ่าย!J104+'[1]เช้า '!J104+'[1]เย็น '!J104 -> 0 | M92: =+D92+E92+F92+J92+K92+L92 -> 0 | P92: =(N92+O92)-M92 -> 0
A93: 91 | B93: 1112004 | C93: เค้กเบาหวิว รสเนยนม 300 กรัม | D93: =[1]บ่าย!D105+'[1]เช้า '!D105+'[1]เย็น '!D105 -> 0 | E93: =[1]บ่าย!E105+'[1]เช้า '!E105+'[1]เย็น '!E105 -> 0 | F93: =[1]บ่าย!F105+'[1]เช้า '!F105+'[1]เย็น '!F105 -> 0 | G93: =[1]บ่าย!G105+'[1]เช้า '!G105+'[1]เย็น '!G105 -> 0 | H93: =[1]บ่าย!H105+'[1]เช้า '!H105+'[1]เย็น '!H105 -> 0 | I93: =[1]บ่าย!I105+'[1]เช้า '!I105+'[1]เย็น '!I105 -> 0 | J93: =+G93+H93+I93 -> 0 | K93: =[1]บ่าย!J105+'[1]เช้า '!J105+'[1]เย็น '!J105 -> 0 | M93: =+D93+E93+F93+J93+K93+L93 -> 0 | P93: =(N93+O93)-M93 -> 0
A94: 92 | B94: 1112006 | C94: เค้กเบาหวิว รสใบเตย 300 กรัม | D94: =[1]บ่าย!D106+'[1]เช้า '!D106+'[1]เย็น '!D106 -> 0 | E94: =[1]บ่าย!E106+'[1]เช้า '!E106+'[1]เย็น '!E106 -> 0 | F94: =[1]บ่าย!F106+'[1]เช้า '!F106+'[1]เย็น '!F106 -> 0 | G94: =[1]บ่าย!G106+'[1]เช้า '!G106+'[1]เย็น '!G106 -> 0 | H94: =[1]บ่าย!H106+'[1]เช้า '!H106+'[1]เย็น '!H106 -> 0 | I94: =[1]บ่าย!I106+'[1]เช้า '!I106+'[1]เย็น '!I106 -> 0 | J94: =+G94+H94+I94 -> 0 | K94: =[1]บ่าย!J106+'[1]เช้า '!J106+'[1]เย็น '!J106 -> 0 | M94: =+D94+E94+F94+J94+K94+L94 -> 0 | P94: =(N94+O94)-M94 -> 0
A95: 93 | B95: 1112018 | C95: เค้กเบาหวิว รสทุเรียน 300 กรัม | D95: =[1]บ่าย!D107+'[1]เช้า '!D107+'[1]เย็น '!D107 -> 0 | E95: =[1]บ่าย!E107+'[1]เช้า '!E107+'[1]เย็น '!E107 -> 0 | F95: =[1]บ่าย!F107+'[1]เช้า '!F107+'[1]เย็น '!F107 -> 0 | G95: =[1]บ่าย!G107+'[1]เช้า '!G107+'[1]เย็น '!G107 -> 0 | H95: =[1]บ่าย!H107+'[1]เช้า '!H107+'[1]เย็น '!H107 -> 0 | I95: =[1]บ่าย!I107+'[1]เช้า '!I107+'[1]เย็น '!I107 -> 0 | J95: =+G95+H95+I95 -> 0 | K95: =[1]บ่าย!J107+'[1]เช้า '!J107+'[1]เย็น '!J107 -> 0 | M95: =+D95+E95+F95+J95+K95+L95 -> 0 | P95: =(N95+O95)-M95 -> 0
A96: 94 | B96: 1112016 | C96: เค้กเบาหวิว รสตาลหอม 300 กรัม | D96: =[1]บ่าย!D108+'[1]เช้า '!D108+'[1]เย็น '!D108 -> 0 | E96: =[1]บ่าย!E108+'[1]เช้า '!E108+'[1]เย็น '!E108 -> 0 | F96: =[1]บ่าย!F108+'[1]เช้า '!F108+'[1]เย็น '!F108 -> 0 | G96: =[1]บ่าย!G108+'[1]เช้า '!G108+'[1]เย็น '!G108 -> 0 | H96: =[1]บ่าย!H108+'[1]เช้า '!H108+'[1]เย็น '!H108 -> 0 | I96: =[1]บ่าย!I108+'[1]เช้า '!I108+'[1]เย็น '!I108 -> 0 | J96: =+G96+H96+I96 -> 0 | K96: =[1]บ่าย!J108+'[1]เช้า '!J108+'[1]เย็น '!J108 -> 0 | M96: =+D96+E96+F96+J96+K96+L96 -> 0 | P96: =(N96+O96)-M96 -> 0
A97: 95 | B97: 1112014 | C97: เค้กเบาหวิว รสกล้วยหอมมะพร้าวเผา 300 กรัม | D97: =[1]บ่าย!D109+'[1]เช้า '!D109+'[1]เย็น '!D109 -> 0 | E97: =[1]บ่าย!E109+'[1]เช้า '!E109+'[1]เย็น '!E109 -> 0 | F97: =[1]บ่าย!F109+'[1]เช้า '!F109+'[1]เย็น '!F109 -> 0 | G97: =[1]บ่าย!G109+'[1]เช้า '!G109+'[1]เย็น '!G109 -> 0 | H97: =[1]บ่าย!H109+'[1]เช้า '!H109+'[1]เย็น '!H109 -> 0 | I97: =[1]บ่าย!I109+'[1]เช้า '!I109+'[1]เย็น '!I109 -> 0 | J97: =+G97+H97+I97 -> 0 | K97: =[1]บ่าย!J109+'[1]เช้า '!J109+'[1]เย็น '!J109 -> 0 | M97: =+D97+E97+F97+J97+K97+L97 -> 0 | P97: =(N97+O97)-M97 -> 0
A98: 96 | B98: 1112012 | C98: เค้กเบาหวิว รสเผือกมะพร้าวอ่อน 300 กรัม | D98: =[1]บ่าย!D110+'[1]เช้า '!D110+'[1]เย็น '!D110 -> 0 | E98: =[1]บ่าย!E110+'[1]เช้า '!E110+'[1]เย็น '!E110 -> 0 | F98: =[1]บ่าย!F110+'[1]เช้า '!F110+'[1]เย็น '!F110 -> 0 | G98: =[1]บ่าย!G110+'[1]เช้า '!G110+'[1]เย็น '!G110 -> 0 | H98: =[1]บ่าย!H110+'[1]เช้า '!H110+'[1]เย็น '!H110 -> 0 | I98: =[1]บ่าย!I110+'[1]เช้า '!I110+'[1]เย็น '!I110 -> 0 | J98: =+G98+H98+I98 -> 0 | K98: =[1]บ่าย!J110+'[1]เช้า '!J110+'[1]เย็น '!J110 -> 0 | M98: =+D98+E98+F98+J98+K98+L98 -> 0 | P98: =(N98+O98)-M98 -> 0
A99: 97 | C99: เบาหวิว คละรส 300 กรัม | D99: =[1]บ่าย!D111+'[1]เช้า '!D111+'[1]เย็น '!D111 -> 0 | E99: =[1]บ่าย!E111+'[1]เช้า '!E111+'[1]เย็น '!E111 -> 0 | F99: =[1]บ่าย!F111+'[1]เช้า '!F111+'[1]เย็น '!F111 -> 0 | G99: =[1]บ่าย!G111+'[1]เช้า '!G111+'[1]เย็น '!G111 -> 0 | H99: =[1]บ่าย!H111+'[1]เช้า '!H111+'[1]เย็น '!H111 -> 0 | I99: =[1]บ่าย!I111+'[1]เช้า '!I111+'[1]เย็น '!I111 -> 0 | J99: =+G99+H99+I99 -> 0 | K99: =[1]บ่าย!J111+'[1]เช้า '!J111+'[1]เย็น '!J111 -> 0 | M99: =+D99+E99+F99+J99+K99+L99 -> 0 | P99: =(N99+O99)-M99 -> 0
A100: 98 | B100: 1113170 | C100: ขนมเปี๊ยะถั่วฝอยทองไข่เค็ม 450 กรัม | D100: ='[1]เย็น '!D114+'[1]เช้า '!D114+[1]บ่าย!D114 -> 2 | E100: ='[1]เย็น '!E114+'[1]เช้า '!E114+[1]บ่าย!E114 -> 0 | F100: ='[1]เย็น '!F114+'[1]เช้า '!F114+[1]บ่าย!F114 -> 0 | G100: ='[1]เย็น '!G114+'[1]เช้า '!G114+[1]บ่าย!G114 -> 12 | H100: ='[1]เย็น '!H114+'[1]เช้า '!H114+[1]บ่าย!H114 -> 15 | I100: ='[1]เย็น '!I114+'[1]เช้า '!I114+[1]บ่าย!I114 -> 0 | J100: =+G100+H100+I100 -> 27 | K100: ='[1]เย็น '!J114+'[1]เช้า '!J114+[1]บ่าย!J114 -> 0 | L100: ='[1]เย็น '!K114+'[1]เช้า '!K114+[1]บ่าย!K114 -> 0 | M100: =+D100+E100+F100+J100+K100+L100 -> 29 | P100: =(N100+O100)-M100 -> -29
A101: 99 | B101: 1113171 | C101: ขนมเปี๊ยะฟักถั่วไข่เค็ม 450 กรัม | D101: ='[1]เย็น '!D115+'[1]เช้า '!D115+[1]บ่าย!D115 -> 5 | E101: ='[1]เย็น '!E115+'[1]เช้า '!E115+[1]บ่าย!E115 -> 0 | F101: ='[1]เย็น '!F115+'[1]เช้า '!F115+[1]บ่าย!F115 -> 0 | G101: ='[1]เย็น '!G115+'[1]เช้า '!G115+[1]บ่าย!G115 -> 10 | H101: ='[1]เย็น '!H115+'[1]เช้า '!H115+[1]บ่าย!H115 -> 10 | I101: ='[1]เย็น '!I115+'[1]เช้า '!I115+[1]บ่าย!I115 -> 0 | J101: =+G101+H101+I101 -> 20 | K101: ='[1]เย็น '!J115+'[1]เช้า '!J115+[1]บ่าย!J115 -> 0 | L101: ='[1]เย็น '!K115+'[1]เช้า '!K115+[1]บ่าย!K115 -> 0 | M101: =+D101+E101+F101+J101+K101+L101 -> 25 | P101: =(N101+O101)-M101 -> -25
A102: 100 | B102: 1113172 | C102: ขนมเปี๊ยะเผือกฝอยทองไข่เค็ม 450 กรัม | D102: ='[1]เย็น '!D116+'[1]เช้า '!D116+[1]บ่าย!D116 -> 1 | E102: ='[1]เย็น '!E116+'[1]เช้า '!E116+[1]บ่าย!E116 -> 0 | F102: ='[1]เย็น '!F116+'[1]เช้า '!F116+[1]บ่าย!F116 -> 0 | G102: ='[1]เย็น '!G116+'[1]เช้า '!G116+[1]บ่าย!G116 -> 14 | H102: ='[1]เย็น '!H116+'[1]เช้า '!H116+[1]บ่าย!H116 -> 26 | I102: ='[1]เย็น '!I116+'[1]เช้า '!I116+[1]บ่าย!I116 -> 0 | J102: =+G102+H102+I102 -> 40 | K102: ='[1]เย็น '!J116+'[1]เช้า '!J116+[1]บ่าย!J116 -> 0 | L102: ='[1]เย็น '!K116+'[1]เช้า '!K116+[1]บ่าย!K116 -> 0 | M102: =+D102+E102+F102+J102+K102+L102 -> 41 | P102: =(N102+O102)-M102 -> -41
A103: 101 | B103: 1113173 | C103: ขนมเปี๊ยะงาดำฝอยทองไข่เค็ม 450 กรัม | D103: ='[1]เย็น '!D117+'[1]เช้า '!D117+[1]บ่าย!D117 -> 0 | E103: ='[1]เย็น '!E117+'[1]เช้า '!E117+[1]บ่าย!E117 -> 0 | F103: ='[1]เย็น '!F117+'[1]เช้า '!F117+[1]บ่าย!F117 -> 0 | G103: ='[1]เย็น '!G117+'[1]เช้า '!G117+[1]บ่าย!G117 -> 0 | H103: ='[1]เย็น '!H117+'[1]เช้า '!H117+[1]บ่าย!H117 -> 0 | I103: ='[1]เย็น '!I117+'[1]เช้า '!I117+[1]บ่าย!I117 -> 0 | J103: =+G103+H103+I103 -> 0 | K103: ='[1]เย็น '!J117+'[1]เช้า '!J117+[1]บ่าย!J117 -> 0 | L103: ='[1]เย็น '!K117+'[1]เช้า '!K117+[1]บ่าย!K117 -> 0 | M103: =+D103+E103+F103+J103+K103+L103 -> 0 | P103: =(N103+O103)-M103 -> 0
A104: 102 | B104: 1100003 | C104: เมอแรงค์ กระปุก | D104: ='[1]เย็น '!D118+'[1]เช้า '!D118+[1]บ่าย!D118 -> 0 | E104: ='[1]เย็น '!E118+'[1]เช้า '!E118+[1]บ่าย!E118 -> 0 | F104: ='[1]เย็น '!F118+'[1]เช้า '!F118+[1]บ่าย!F118 -> 1 | G104: ='[1]เย็น '!G118+'[1]เช้า '!G118+[1]บ่าย!G118 -> 0 | H104: ='[1]เย็น '!H118+'[1]เช้า '!H118+[1]บ่าย!H118 -> 0 | I104: ='[1]เย็น '!I118+'[1]เช้า '!I118+[1]บ่าย!I118 -> 0 | J104: =+G104+H104+I104 -> 0 | K104: ='[1]เย็น '!J118+'[1]เช้า '!J118+[1]บ่าย!J118 -> 0 | L104: ='[1]เย็น '!K118+'[1]เช้า '!K118+[1]บ่าย!K118 -> 0 | M104: =+D104+E104+F104+J104+K104+L104 -> 1 | P104: =(N104+O104)-M104 -> -1
A105: 103 | B105: 1100001 | C105: พายสับปรด 1 ชิ้น | D105: ='[1]เย็น '!D119+'[1]เช้า '!D119+[1]บ่าย!D119 -> 0 | E105: ='[1]เย็น '!E119+'[1]เช้า '!E119+[1]บ่าย!E119 -> 0 | F105: ='[1]เย็น '!F119+'[1]เช้า '!F119+[1]บ่าย!F119 -> 2 | G105: ='[1]เย็น '!G119+'[1]เช้า '!G119+[1]บ่าย!G119 -> 0 | H105: ='[1]เย็น '!H119+'[1]เช้า '!H119+[1]บ่าย!H119 -> 0 | I105: ='[1]เย็น '!I119+'[1]เช้า '!I119+[1]บ่าย!I119 -> 0 | J105: =+G105+H105+I105 -> 0 | K105: ='[1]เย็น '!J119+'[1]เช้า '!J119+[1]บ่าย!J119 -> 0 | L105: ='[1]เย็น '!K119+'[1]เช้า '!K119+[1]บ่าย!K119 -> 0 | M105: =+D105+E105+F105+J105+K105+L105 -> 2 | P105: =(N105+O105)-M105 -> -2
A106: 104 | B106: 1100002 | C106: พายสับปรด 1 กล่อง | D106: ='[1]เย็น '!D120+'[1]เช้า '!D120+[1]บ่าย!D120 -> 0 | E106: ='[1]เย็น '!E120+'[1]เช้า '!E120+[1]บ่าย!E120 -> 0 | F106: ='[1]เย็น '!F120+'[1]เช้า '!F120+[1]บ่าย!F120 -> 0 | G106: ='[1]เย็น '!G120+'[1]เช้า '!G120+[1]บ่าย!G120 -> 4 | H106: ='[1]เย็น '!H120+'[1]เช้า '!H120+[1]บ่าย!H120 -> 5 | I106: ='[1]เย็น '!I120+'[1]เช้า '!I120+[1]บ่าย!I120 -> 0 | J106: =+G106+H106+I106 -> 9 | K106: ='[1]เย็น '!J120+'[1]เช้า '!J120+[1]บ่าย!J120 -> 0 | L106: ='[1]เย็น '!K120+'[1]เช้า '!K120+[1]บ่าย!K120 -> 0 | M106: =+D106+E106+F106+J106+K106+L106 -> 9 | P106: =(N106+O106)-M106 -> -9
A107: 105 | B107: 1200001 | C107: คอนเฟลค | D107: ='[1]เย็น '!D121+'[1]เช้า '!D121+[1]บ่าย!D121 -> 50 | E107: ='[1]เย็น '!E121+'[1]เช้า '!E121+[1]บ่าย!E121 -> 0 | F107: ='[1]เย็น '!F121+'[1]เช้า '!F121+[1]บ่าย!F121 -> 0 | G107: ='[1]เย็น '!G121+'[1]เช้า '!G121+[1]บ่าย!G121 -> 0 | H107: ='[1]เย็น '!H121+'[1]เช้า '!H121+[1]บ่าย!H121 -> 0 | I107: ='[1]เย็น '!I121+'[1]เช้า '!I121+[1]บ่าย!I121 -> 0 | J107: =+G107+H107+I107 -> 0 | K107: ='[1]เย็น '!J121+'[1]เช้า '!J121+[1]บ่าย!J121 -> 0 | L107: ='[1]เย็น '!K121+'[1]เช้า '!K121+[1]บ่าย!K121 -> 0 | M107: =+D107+E107+F107+J107+K107+L107 -> 50 | P107: =(N107+O107)-M107 -> -50
A108: 106 | B108: 1005761 | C108: ปังกรอบคาราเมล(ถุง) | D108: ='[1]เย็น '!D122+'[1]เช้า '!D122+[1]บ่าย!D122 -> 0 | E108: ='[1]เย็น '!E122+'[1]เช้า '!E122+[1]บ่าย!E122 -> 0 | F108: ='[1]เย็น '!F122+'[1]เช้า '!F122+[1]บ่าย!F122 -> 0 | G108: ='[1]เย็น '!G122+'[1]เช้า '!G122+[1]บ่าย!G122 -> 0 | H108: ='[1]เย็น '!H122+'[1]เช้า '!H122+[1]บ่าย!H122 -> 0 | I108: ='[1]เย็น '!I122+'[1]เช้า '!I122+[1]บ่าย!I122 -> 0 | J108: =+G108+H108+I108 -> 0 | K108: ='[1]เย็น '!J122+'[1]เช้า '!J122+[1]บ่าย!J122 -> 0 | L108: ='[1]เย็น '!K122+'[1]เช้า '!K122+[1]บ่าย!K122 -> 0 | M108: =+D108+E108+F108+J108+K108+L108 -> 0 | P108: =(N108+O108)-M108 -> 0
A109: 107 | B109: 1114501 | C109: ครีมฮอร์นไส้เนย วนิลา | D109: ='[1]เย็น '!D123+'[1]เช้า '!D123+[1]บ่าย!D123 -> 1 | E109: ='[1]เย็น '!E123+'[1]เช้า '!E123+[1]บ่าย!E123 -> 3 | F109: ='[1]เย็น '!F123+'[1]เช้า '!F123+[1]บ่าย!F123 -> 5 | G109: ='[1]เย็น '!G123+'[1]เช้า '!G123+[1]บ่าย!G123 -> 29 | H109: ='[1]เย็น '!H123+'[1]เช้า '!H123+[1]บ่าย!H123 -> 8 | I109: ='[1]เย็น '!I123+'[1]เช้า '!I123+[1]บ่าย!I123 -> 0 | J109: =+G109+H109+I109 -> 37 | K109: ='[1]เย็น '!J123+'[1]เช้า '!J123+[1]บ่าย!J123 -> 0 | L109: ='[1]เย็น '!K123+'[1]เช้า '!K123+[1]บ่าย!K123 -> 0 | M109: =+D109+E109+F109+J109+K109+L109 -> 46 | P109: =(N109+O109)-M109 -> -46
A110: 108 | B110: 1114502 | C110: ครีมฮอร์นไส้เนย ใบเตย | D110: ='[1]เย็น '!D124+'[1]เช้า '!D124+[1]บ่าย!D124 -> 1 | E110: ='[1]เย็น '!E124+'[1]เช้า '!E124+[1]บ่าย!E124 -> 3 | F110: ='[1]เย็น '!F124+'[1]เช้า '!F124+[1]บ่าย!F124 -> 4 | G110: ='[1]เย็น '!G124+'[1]เช้า '!G124+[1]บ่าย!G124 -> 28 | H110: ='[1]เย็น '!H124+'[1]เช้า '!H124+[1]บ่าย!H124 -> 7 | I110: ='[1]เย็น '!I124+'[1]เช้า '!I124+[1]บ่าย!I124 -> 0 | J110: =+G110+H110+I110 -> 35 | K110: ='[1]เย็น '!J124+'[1]เช้า '!J124+[1]บ่าย!J124 -> 0 | L110: ='[1]เย็น '!K124+'[1]เช้า '!K124+[1]บ่าย!K124 -> 0 | M110: =+D110+E110+F110+J110+K110+L110 -> 43 | P110: =(N110+O110)-M110 -> -43
A111: 109 | B111: 1114503 | C111: ครีมฮอร์นไส้เนย ชอค | D111: ='[1]เย็น '!D125+'[1]เช้า '!D125+[1]บ่าย!D125 -> 1 | E111: ='[1]เย็น '!E125+'[1]เช้า '!E125+[1]บ่าย!E125 -> 4 | F111: ='[1]เย็น '!F125+'[1]เช้า '!F125+[1]บ่าย!F125 -> 5 | G111: ='[1]เย็น '!G125+'[1]เช้า '!G125+[1]บ่าย!G125 -> 28 | H111: ='[1]เย็น '!H125+'[1]เช้า '!H125+[1]บ่าย!H125 -> 7 | I111: ='[1]เย็น '!I125+'[1]เช้า '!I125+[1]บ่าย!I125 -> 0 | J111: =+G111+H111+I111 -> 35 | K111: ='[1]เย็น '!J125+'[1]เช้า '!J125+[1]บ่าย!J125 -> 0 | L111: ='[1]เย็น '!K125+'[1]เช้า '!K125+[1]บ่าย!K125 -> 0 | M111: =+D111+E111+F111+J111+K111+L111 -> 45 | P111: =(N111+O111)-M111 -> -45
... A120: 118 | B120: 1200092 | C120: ท็อฟฟี่ถั่ว 1 กิโล | D120: ='[1]เย็น '!D134+'[1]เช้า '!D134+[1]บ่าย!D134 -> 0 | E120: ='[1]เย็น '!E134+'[1]เช้า '!E134+[1]บ่าย!E134 -> 0 | F120: ='[1]เย็น '!F134+'[1]เช้า '!F134+[1]บ่าย!F134 -> 0 | G120: ='[1]เย็น '!G134+'[1]เช้า '!G134+[1]บ่าย!G134 -> 0 | H120: ='[1]เย็น '!H134+'[1]เช้า '!H134+[1]บ่าย!H134 -> 0 | I120: ='[1]เย็น '!I134+'[1]เช้า '!I134+[1]บ่าย!I134 -> 0 | J120: =+G120+H120+I120 -> 0 | K120: ='[1]เย็น '!J134+'[1]เช้า '!J134+[1]บ่าย!J134 -> 0 | L120: ='[1]เย็น '!K134+'[1]เช้า '!K134+[1]บ่าย!K134 -> 0 | M120: =+D120+E120+F120+J120+K120+L120 -> 0 | P120: =(N120+O120)-M120 -> 0
A121: 119 | C121: เศษขนมปังปลา5กก. | D121: ='[1]เย็น '!D135+'[1]เช้า '!D135+[1]บ่าย!D135 -> 0 | E121: ='[1]เย็น '!E135+'[1]เช้า '!E135+[1]บ่าย!E135 -> 0 | F121: ='[1]เย็น '!F135+'[1]เช้า '!F135+[1]บ่าย!F135 -> 0 | G121: ='[1]เย็น '!G135+'[1]เช้า '!G135+[1]บ่าย!G135 -> 0 | H121: ='[1]เย็น '!H135+'[1]เช้า '!H135+[1]บ่าย!H135 -> 0 | I121: ='[1]เย็น '!I135+'[1]เช้า '!I135+[1]บ่าย!I135 -> 0 | J121: =+G121+H121+I121 -> 0 | K121: ='[1]เย็น '!J135+'[1]เช้า '!J135+[1]บ่าย!J135 -> 0 | L121: ='[1]เย็น '!K135+'[1]เช้า '!K135+[1]บ่าย!K135 -> 0 | M121: =+D121+E121+F121+J121+K121+L121 -> 0 | P121: =(N121+O121)-M121 -> 0
A122: 120 | C122: เศษขนมปังปลา1กก. | D122: ='[1]เย็น '!D136+'[1]เช้า '!D136+[1]บ่าย!D136 -> 0 | E122: ='[1]เย็น '!E136+'[1]เช้า '!E136+[1]บ่าย!E136 -> 5 | F122: ='[1]เย็น '!F136+'[1]เช้า '!F136+[1]บ่าย!F136 -> 0 | G122: ='[1]เย็น '!G136+'[1]เช้า '!G136+[1]บ่าย!G136 -> 0 | H122: ='[1]เย็น '!H136+'[1]เช้า '!H136+[1]บ่าย!H136 -> 0 | I122: ='[1]เย็น '!I136+'[1]เช้า '!I136+[1]บ่าย!I136 -> 0 | J122: =+G122+H122+I122 -> 0 | K122: ='[1]เย็น '!J136+'[1]เช้า '!J136+[1]บ่าย!J136 -> 0 | L122: ='[1]เย็น '!K136+'[1]เช้า '!K136+[1]บ่าย!K136 -> 0 | M122: =+D122+E122+F122+J122+K122+L122 -> 5 | P122: =(N122+O122)-M122 -> -5
A123: 121 | C123: กล่องทาร์ตสับปะรด | D123: ='[1]เย็น '!D137+'[1]เช้า '!D137+[1]บ่าย!D137 -> 0 | E123: ='[1]เย็น '!E137+'[1]เช้า '!E137+[1]บ่าย!E137 -> 0 | F123: ='[1]เย็น '!F137+'[1]เช้า '!F137+[1]บ่าย!F137 -> 0 | G123: ='[1]เย็น '!G137+'[1]เช้า '!G137+[1]บ่าย!G137 -> 0 | H123: ='[1]เย็น '!H137+'[1]เช้า '!H137+[1]บ่าย!H137 -> 0 | I123: ='[1]เย็น '!I137+'[1]เช้า '!I137+[1]บ่าย!I137 -> 0 | J123: =+G123+H123+I123 -> 0 | K123: ='[1]เย็น '!J137+'[1]เช้า '!J137+[1]บ่าย!J137 -> 0 | L123: ='[1]เย็น '!K137+'[1]เช้า '!K137+[1]บ่าย!K137 -> 0 | M123: =+D123+E123+F123+J123+K123+L123 -> 0 | P123: =(N123+O123)-M123 -> 0
A124: 122 | C124: กล่องเบาหวิว ล | D124: ='[1]เย็น '!D138+'[1]เช้า '!D138+[1]บ่าย!D138 -> 0 | E124: ='[1]เย็น '!E138+'[1]เช้า '!E138+[1]บ่าย!E138 -> 0 | F124: ='[1]เย็น '!F138+'[1]เช้า '!F138+[1]บ่าย!F138 -> 0 | G124: ='[1]เย็น '!G138+'[1]เช้า '!G138+[1]บ่าย!G138 -> 0 | H124: ='[1]เย็น '!H138+'[1]เช้า '!H138+[1]บ่าย!H138 -> 0 | I124: ='[1]เย็น '!I138+'[1]เช้า '!I138+[1]บ่าย!I138 -> 0 | J124: =+G124+H124+I124 -> 0 | K124: ='[1]เย็น '!J138+'[1]เช้า '!J138+[1]บ่าย!J138 -> 0 | L124: ='[1]เย็น '!K138+'[1]เช้า '!K138+[1]บ่าย!K138 -> 0 | M124: =+D124+E124+F124+J124+K124+L124 -> 0 | P124: =(N124+O124)-M124 -> 0
A125: 123 | C125: กล่องเปี๊ยะ ล | D125: ='[1]เย็น '!D139+'[1]เช้า '!D139+[1]บ่าย!D139 -> 0 | E125: ='[1]เย็น '!E139+'[1]เช้า '!E139+[1]บ่าย!E139 -> 0 | F125: ='[1]เย็น '!F139+'[1]เช้า '!F139+[1]บ่าย!F139 -> 0 | G125: ='[1]เย็น '!G139+'[1]เช้า '!G139+[1]บ่าย!G139 -> 0 | H125: ='[1]เย็น '!H139+'[1]เช้า '!H139+[1]บ่าย!H139 -> 0 | I125: ='[1]เย็น '!I139+'[1]เช้า '!I139+[1]บ่าย!I139 -> 0 | J125: =+G125+H125+I125 -> 0 | K125: ='[1]เย็น '!J139+'[1]เช้า '!J139+[1]บ่าย!J139 -> 0 | L125: ='[1]เย็น '!K139+'[1]เช้า '!K139+[1]บ่าย!K139 -> 0 | M125: =+D125+E125+F125+J125+K125+L125 -> 0 | P125: =(N125+O125)-M125 -> 0
C126: Total | D126: =SUM(D100:D125,D80:D89,D71:D79,D63:D70,D3:D62,D90:D99) -> 293 | E126: =SUM(E100:E125,E80:E89,E71:E79,E63:E70,E3:E62,E90:E99) -> 540 | F126: =SUM(F100:F125,F80:F89,F71:F79,F63:F70,F3:F62,F90:F99) -> 364 | G126: =SUM(G100:G125,G80:G89,G71:G79,G63:G70,G3:G62,G90:G99) -> 1713 | H126: =SUM(H100:H125,H80:H89,H71:H79,H63:H70,H3:H62,H90:H99) -> 972 | I126: =SUM(I100:I125,I80:I89,I71:I79,I63:I70,I3:I62,I90:I99) -> 0 | K126: =SUM(K100:K125,K80:K89,K71:K79,K63:K70,K3:K62,K90:K99) -> 0 | L126: =SUM(L100:L125,L80:L89,L71:L79,L63:L70,L3:L62,L90:L99) -> 0 | M126: =SUM(M100:M125,M80:M89,M71:M79,M63:M70,M3:M62,M90:M99) -> 3882 | N126: =SUM(N100:N122,N80:N88,N71:N79,N63:N70,N3:N62) -> 0 | O126: =SUM(O100:O122,O80:O88,O71:O79,O63:O70,O3:O62) -> 0 | P126: =(N126+O126)-M126 -> -3882
B130: …..................................................................................... | I130: ….....................................................................................
B131: ผู้จัดทำ | I131: ผู้รับทราบ
