Workbook

Sheet สรุป
A1: สรุปค่าใช้จ่ายการจ้างอินฟลูรีวิว ปี2567
A2: เดือน | B2: จำนวน | C2: ค่าจ้าง | D2: หมายเหตุ
A3: มีนาคม | B3: =+'จ้างอินฟูลรีวิว มี.ค.'!A31 -> 15 | C3: =+'จ้างอินฟูลรีวิว มี.ค.'!J32 -> 97385
A4: เมษายน | B4: =+'จ้างอินฟูลรีวิว เม.ย.'!A10 -> 8 | C4: =+'จ้างอินฟูลรีวิว เม.ย.'!J11 -> 46500
A5: พฤษภาคม | B5: =+'จ้างอินฟูลรีวิว พ.ค.'!A3 -> 1 | C5: =+'จ้างอินฟูลรีวิว พ.ค.'!J4 -> 2000
A6: มิถุนายน | B6: 0 | C6: 0
A7: กรกฎาคม | B7: 0 | C7: 0
A8: สิงหาคม | B8: 0 | C8: 0
A9: กันยายน | B9: 0 | C9: 0
A10: ตุลาคม | B10: 0 | C10: 0
A11: พฤศจิกายน | B11: 0 | C11: 0
A12: ธันวาคม | B12: 0 | C12: =+จ้างอินฟลูมางานเกษตร!K5 -> 11000 | D12: งานเกษตร
B13: =SUM(B3:B12) -> 24 | C13: =SUM(C3:C12) -> 156885

Sheet จ้างอินฟูลรีวิว มี.ค.
A1: ข้อมูลการจ้างอินฟลูรีวิว ปี2567
A2: ลำดับ | B2: วันที่ลงคลิป | C2: เลขที่ออเดอร์ | D2: ชื่อ | E2: นามสกุล | F2: ชื่อเพจ/ชื่อแอคเค้าทน์ | G2: เบอร์โทร | H2: ช่องทางติดต่อ | I2: สถานะจ่ายเงิน | J2: ค่าจ้าง | K2: แพลตฟอร์มที่ลง | L2: ยอดวิว | M2: แอดมินที่ติดต่ออินฟลู | N2: รายละเอียด | O2: สถานะส่งของ | P2: ขนส่ง | Q2: เลขพัสดุ | R2: รหัสสินค้า | S2: ชื่อสินค้า | T2: จำนวน | U2: ราคา (฿) | V2: ยอด (฿) | W2: จำนวนรวม | X2: ยอดขาย | Y2: ที่อยู่จัดส่ง | Z2: หมายเหตุ
A3: 1 | B3: 243698 | C3: CLP22 | D3: ชลดา | E3: นาขามป้อม | F3: ฉัน ต้อง กิน | G3: 0914808300 | H3: L:ฉัน ต้อง กิน | I3: จ่ายแล้ว | J3: 5000 | K3: TikTok | L3: 19.4k | M3: อั้ม | O3: ส่งแล้ว | P3: EMS | Q3: EB626623242TH | R3: c003 | S3: ชิฟฟอน 3 กล่องใหญ่ ไม่มีไส้+ไส้เเยม+ยอดฮิต | T3: 1 | U3: 250 | V3: 250 | W3: 9 | X3: =SUM(V3:V5) -> 650 | Y3: 228/3 ถ.โกษาปาน ต.ทะเลชุบศร อ.เมือง จ.ลพบุรี 15000 | Z3: 📌ส่งสินค้ารีวิว บ้านที่ 1
R4: h003 | S4: ครีมฮอร์นไส้เนยสด 3 กล่อง วนิลา เตย ชอค | T4: 1 | U4: 150 | V4: 150
R5: บ003 | S5: เบาหวิว ญ 3 รส มะพร้าว+ฝอยทอง+เผือก | T5: 1 | U5: 250 | V5: 250
A6: 2 | B6: 243694 | C6: CLP23 | D6: ทรรศนีย์ | E6: ด้วงมาก | F6: เบาหวิว"เอง | G6: 0945783034 | H6: L:Care | I6: จ่ายแล้ว | J6: 8000 | K6: TikTok | L6: 96.2k | M6: อั้ม | O6: ส่งแล้ว | P6: EMS | Q6: EB626623260TH | R6: c003 | S6: ชิฟฟอน 3 กล่องใหญ่ ไม่มีไส้+ไส้เเยม+ยอดฮิต | T6: 1 | U6: 250 | V6: 250 | W6: 9 | X6: =SUM(V6:V8) -> 650 | Y6: หมู่ 6 ต.นาโยงเหนือ อ.นาโยง จ.ตรัง 92170 | Z6: 📌ส่งสินค้ารีวิว บ้านที่ 2
R7: h003 | S7: ครีมฮอร์นไส้เนยสด 3 กล่อง วนิลา เตย ชอค | T7: 1 | U7: 150 | V7: 150
R8: บ003 | S8: เบาหวิว ญ 3 รส มะพร้าว+ฝอยทอง+เผือก | T8: 1 | U8: 250 | V8: 250
A9: 3 | B9: 243700 | C9: CLP24 | D9: วุฒธิกร | E9: ตุ้มอ่อน | F9: ปังปอนแคนดี้ | G9: 0973366610 | H9: line | I9: จ่ายแล้ว | J9: 15000 | K9: TikTok | L9: 21k | M9: นุ่น | O9: ส่งแล้ว | P9: EMS | Q9: EB626623211TH | R9: c003 | S9: ชิฟฟอน 3 กล่องใหญ่ ไม่มีไส้+ไส้เเยม+ยอดฮิต | T9: 1 | U9: 250 | V9: 250 | W9: 9 | X9: =SUM(V9:V11) -> 650 | Y9: เดอะบีช โฮเทล 511/178 ม.20 ต.ขามเรียง อ.กันทรวิชัย จ.มหาสารคาม 44150 | Z9: 📌ส่งสินค้ารีวิว บ้านที่ 3
R10: h003 | S10: ครีมฮอร์นไส้เนยสด 3 กล่อง วนิลา เตย ชอค | T10: 1 | U10: 150 | V10: 150
R11: บ003 | S11: เบาหวิว ญ 3 รส มะพร้าว+ฝอยทอง+เผือก | T11: 1 | U11: 250 | V11: 250
A12: 4 | B12: 243704 | C12: CLP25 | D12: ประภัสสร | E12: ยิ่งคำแหง | F12: แก้วใบใหญ่ | G12: 0929579965 | H12: IG:kaewbaiyaii | I12: จ่ายแล้ว | J12: 17000 | K12: TikTok | L12: 37.5K | M12: นุ่น | O12: ส่งแล้ว | P12: EMS | Q12: EB626623225TH | R12: c003 | S12: ชิฟฟอน 3 กล่องใหญ่ ไม่มีไส้+ไส้เเยม+ยอดฮิต | T12: 1 | U12: 250 | V12: 250 | W12: 9 | X12: =SUM(V12:V14) -> 650 | Y12: 69/563 คอนโดแอสสปายสุขุมวิท 48 ซ.สุขุมวิท48 พระโขนง คลองเตย กทม. 10110 | Z12: 📌ส่งสินค้ารีวิว บ้านที่ 4
R13: h003 | S13: ครีมฮอร์นไส้เนยสด 3 กล่อง วนิลา เตย ชอค | T13: 1 | U13: 150 | V13: 150
R14: บ003 | S14: เบาหวิว ญ 3 รส มะพร้าว+ฝอยทอง+เผือก | T14: 1 | U14: 250 | V14: 250
A15: 5 | B15: 243697 | C15: CLT76 | D15: ธัญชนก | E15: กลิ่นทุ่งทอง | F15: ฝิ่นสิริ | G15: 0642932495 | H15: L:ฝิ่นสิริ | I15: จ่ายแล้ว | J15: 8000 | K15: TikTok | L15: 574.7k | M15: นุ่น | O15: ส่งแล้ว | P15: EMS | Q15: EB626804911TH | R15: c003 | S15: ชิฟฟอน 3 กล่องใหญ่ ไม่มีไส้+ไส้เเยม+ยอดฮิต | T15: 1 | U15: 250 | V15: 250 | W15: 9 | X15: =SUM(V15:V17) -> 650 | Y15: ศุภาลัยปาร์ค แคราย-งามวงศ์วาน 115/220 (1406) ชั้น14 ถ.รัตนาธิเบศร์ ต.บางกระสอ อ.เมือง จ.นนทบุรี 11000 | Z15: 📌ส่งสินค้ารีวิว บ้านที่ 5
R16: h003 | S16: ครีมฮอร์นไส้เนยสด 3 กล่อง วนิลา เตย ชอค | T16: 1 | U16: 150 | V16: 150
R17: บ003 | S17: เบาหวิว ญ 3 รส มะพร้าว+ฝอยทอง+เผือก | T17: 1 | U17: 250 | V17: 250
A18: 6 | B18: 243702 | C18: CLT77 | D18: วีรดา | E18: รอดรัศมีโรจน์ | F18: สีส้มบวกหนึ่ง | G18: 0961061060 | H18: IG:สีส้มบวกหนึ่ง | I18: จ่ายแล้ว | J18: 800 | K18: TikTok | L18: 8933 | M18: นุ่น | O18: ส่งแล้ว | P18: EMS | Q18: EB626804925TH | R18: c003 | S18: ชิฟฟอน 3 กล่องใหญ่ ไม่มีไส้+ไส้เเยม+ยอดฮิต | T18: 1 | U18: 250 | V18: 250 | W18: 9 | X18: =SUM(V18:V20) -> 650 | Y18: เลขที่ 5 เพชรเกษม 69 แยก 3 แขวงหลักสอง เขตบางแค กทม 10160 | Z18: 📌ส่งสินค้ารีวิว บ้านที่ 6
R19: h003 | S19: ครีมฮอร์นไส้เนยสด 3 กล่อง วนิลา เตย ชอค | T19: 1 | U19: 150 | V19: 150
R20: บ003 | S20: เบาหวิว ญ 3 รส มะพร้าว+ฝอยทอง+เผือก | T20: 1 | U20: 250 | V20: 250
A21: 7 | B21: 243701 | C21: CMO27 | D21: น.ส.ณัฐญา | E21: แย้มประเสริฐ | F21: eatever | G21: 0869074473 | H21: L:0869074473 | I21: จ่ายแล้ว | J21: 6500 | K21: TikTok | L21: 618 | M21: อาย | O21: ส่งแล้ว | P21: EMS | Q21: EB628495135TH | R21: c003 | S21: ชิฟฟอน 3 กล่องใหญ่ ไม่มีไส้+ไส้เเยม+ยอดฮิต | T21: 1 | U21: 250 | V21: 250 | W21: 9 | X21: =SUM(V21:V23) -> 650 | Y21: 59/7 หมู่ที่ 2 ซ.โรงสีข้าวชุมชน(บ้านเยื้องพลอยแดงเฟอร์นิเจอร์) ต.ลานตากฟ้า อ.นครชัยศรี จ.นครปฐม 73120 | Z21: 📌ส่งสินค้ารีวิว บ้านที่ 7
R22: h003 | S22: ครีมฮอร์นไส้เนยสด 3 กล่อง วนิลา เตย ชอค | T22: 1 | U22: 150 | V22: 150
R23: บ003 | S23: เบาหวิว ญ 3 รส มะพร้าว+ฝอยทอง+เผือก | T23: 1 | U23: 250 | V23: 250
A24: 8 | B24: 243695 | D24: กัญญารัตน์ | E24: ใจจริง | F24: กันแกงแจกพิกัด | H24: L:@413pgnaz | I24: จ่ายแล้ว | J24: 6500 | K24: TikTok | L24: 67.6k | M24: อั้ม | O24: อินฟลูซื้อเองที่ CJ
A25: 9 | B25: 243696 | D25: ธีรภัทร | E25: คล้ายวงษ์ | F25: น็อตฮังกี้ | H25: IG:imknothungry | I25: จ่ายแล้ว | J25: 7000 | K25: TikTok / IG / Youtube / FB | L25: 219.8k | M25: นุ่น | O25: อินฟลูซื้อเองที่ CJ
A26: 10 | B26: 243708 | C26: CMS50 | D26: ฐิติมา | E26: หวานจริง | F26: ไปกับหมิว | G26: 0800567880 | H26: line | I26: จ่ายแล้ว | J26: 800 | K26: TikTok | M26: แคล์ | O26: ส่งแล้ว | P26: EMS | Q26: EB628841395TH | R26: c003 | S26: ชิฟฟอน 3 กล่องใหญ่ ไม่มีไส้+ไส้เเยม+ยอดฮิต | T26: 1 | U26: 250 | V26: 250 | W26: 1 | X26: =SUM(V26:V31) -> 250 | Y26: 115/277, บ้านฟ้าปิยรมย์ เทนโดร ซอย 8 ตำบล บึงคำพร้อย อำเภอลำลูกกา จังหวัดปทุมธานี 12150 | Z26: 📌ส่งสินค้ารีวิวบ้านที่ 13
A27: 11 | B27: 243695 | D27: อัจฉริยา | E27: มหาสวัสดิ์ | F27: พลอยใส หัวใจน้ำสิงห์ | H27: L:Ploy7569 | I27: จ่ายแล้ว | J27: 1285 | K27: TikTok | L27: 1049 | M27: อั้ม | O27: อินฟลูซื้อเองที่ CJ
A28: 12 | B28: 243703 | D28: ปิยวรรณ | E28: แสงทวีสุข | F28: Porpornorfor | H28: L:610jqjuw | I28: จ่ายแล้ว | J28: 6000 | K28: TikTok | L28: 31.8k | M28: อั้ม | O28: อินฟลูซื้อเองที่ CJ
A29: 13 | B29: 243705 | D29: กวิตา | E29: จินตนาปราโมทย์ | F29: กินเที่ยว นครปฐม | H29: FB:กินเที่ยวนครปฐม | I29: จ่ายแล้ว | J29: 6000 | K29: Facebook | L29: 184 | M29: แอม | O29: อินฟลูซื้อเองที่ CJ
A30: 14 | B30: 243706 | D30: ชัยวัฒน์ | E30: สุทธิสินธุ์ | F30: เช็คอินกินเที่ยวกับพราน | H30: FB:เช็คอินกินเที่ยวกับพราน | I30: จ่ายแล้ว | J30: 7500 | K30: Facebook | L30: 6500 | M30: แอม | O30: อินฟลูซื้อเองที่ CJ
A31: 15 | B31: 243707 | D31: เอกวัชร์ | E31: ไพศาลสุทธิเดช | F31: ของขวัญ เฮียเจ | I31: จ่ายแล้ว | J31: 2000 | K31: TikTok | L31: 6179 | M31: จูน | O31: อินฟลูซื้อเองที่ CJ
J32: =SUM(J3:J31) -> 97385

Sheet จ้างอินฟูลรีวิว เม.ย.
A1: ข้อมูลการจ้างอินฟลูรีวิว เดือนเมษายน ปี2567
A2: ลำดับ | B2: วันที่ลงคลิป | C2: เลขที่ออเดอร์ | D2: ชื่อ | E2: นามสกุล | F2: ชื่อเพจ/ชื่อแอคเค้าทน์ | G2: เบอร์โทร | H2: ช่องทางติดต่อ | I2: สถานะจ่ายเงิน | J2: ค่าจ้าง | K2: แพลตฟอร์มที่ลง | L2: ยอดวิว | M2: แอดมินที่ติดต่ออินฟลู | N2: รายละเอียด | O2: สถานะส่งของ | P2: ขนส่ง | Q2: เลขพัสดุ | R2: รหัสสินค้า | S2: ชื่อสินค้า | T2: จำนวน | U2: ราคา (฿) | V2: ยอด (฿) | W2: จำนวนรวม | X2: ยอดขาย | Y2: ที่อยู่จัดส่ง | Z2: หมายเหตุ
A3: 1 | B3: 243710 | C3: CMQ51 | D3: นายอภิวัฒน์ | E3: กวินอัญมณีกุล | F3: Manow | G3: 0843237000 | H3: L:NEW | I3: จ่ายแล้ว | J3: 8000 | K3: TikTok | L3: 55.2k | M3: นุ่น | O3: ส่งแล้ว | P3: EMS | Q3: EB628662235TH | R3: pl4 | S3: เปี๊ยะเล็ก4 ถั่ว+ฟัก+เผือก+งา | T3: 1 | U3: 398 | V3: 398 | W3: 4 | X3: 398 | Y3: 234/438 คอนโดดีคอนไพรม์ รัตนาธิเบศร์ ต.ไทรม้า อ.เมืองนนทบุรี จ.นนทบุรี 11000 | Z3: 📌ส่งสินค้ารีวิวบ้านที่ 11
A4: 2 | B4: 243711 | D4: ธนลภารัศมื์ | E4: จันทร์สำราญเลิศ | F4: ที่นี่กำแพงแสน | H4: FB:ที่นี่กำแพงแสน | I4: จ่ายแล้ว | J4: 2000 | K4: Facebook | L4: 91 | M4: นุ่น | O4: อินฟลูซื้อเองที่ CJ | Y4: 67/84 อาคารไดนาสตี้ คอมเพล็กซ์ ซ.ลาดพร้าว 71 ถ.ลาดพร้าว แขวงสะพานสอง เขตวังทองหลาง กรุงเทพฯ 10310 | Z4: 📌ส่งสินค้ารีวิวบ้านที่ 8
A5: 3 | B5: 243712 | C5: CMQ56 | D5: ธารชินี | E5: โรมไธสง | F5: เนิสเอนจอยอีท | G5: 0834390170 | H5: L:Nurse.enjoyeat | I5: จ่ายแล้ว | J5: 3000 | K5: TikTok | L5: 13.5k | M5: นุ่น | O5: ส่งแล้ว | P5: EMS | Q5: EB628662164TH | R5: บ003 | S5: เบาหวิว ญ 3 รส มะพร้าว+ฝอยทอง+เผือก | T5: 1 | U5: 250 | V5: 250 | W5: 3 | X5: 250 | Y5: 600/136 ม.3 ต.หัวรอ อ.เมือง จ.พิษณุโลก 65000 | Z5: 📌ส่งสินค้ารีวิวบ้านที่ 14
A6: 4 | B6: 243715 | D6: ลัดดา | E6: สุทธิโครต | F6: Hiso_Ping | H6: L:Hiso_Ping | I6: จ่ายแล้ว | J6: 10500 | K6: TikTok | L6: 140.5k | M6: นุ่น | O6: อินฟลูซื้อเองที่ CJ
A7: 5 | B7: 243715 | C7: CMS47 | D7: สุพัตรา | E7: คงดาววารี | F7: เรย์นมน้อย | G7: 0900579665 | H7: line | I7: จ่ายแล้ว | J7: 3000 | K7: TikTok | L7: ยังไม่ถึงกำหนดลง | M7: นุ่น | O7: ส่งแล้ว | P7: EMS | Q7: EB628841418TH | R7: c003 | S7: ชิฟฟอน 3 กล่องใหญ่ ไม่มีไส้+ไส้เเยม+ยอดฮิต | T7: 1 | U7: 250 | V7: 250 | W7: 1 | X7: =SUM(V7:V10) -> 798
A8: 6 | B8: 243719 | D8: กวิตา | E8: จินตนาปราโมทย์ | F8: กินเที่ยว นครปฐม | H8: FB:กินเที่ยวนครปฐม | I8: ฟรี | J8: 0 | K8: Facebook | L8: ยังไม่ถึงกำหนดลง | M8: แอม | O8: อินฟลูซื้อเองที่ CJ | Y8: 115/217 หมู่บ้าน s-gate ม.3 ต.บางเดื่อ อ.เมือง จ.ปทุมธานี 12000 | Z8: 📌ส่งสินค้ารีวิวบ้านที่ 9
A9: 7 | B9: 243724 | C9: CMQ53 | D9: ชัยวัฒน์ | E9: ถุงออด | F9: แป้ง | G9: 0968822905 | H9: line | I9: จ่ายแล้ว 50 % = 5,000 บาท | J9: 10000 | K9: TikTok | L9: ยังไม่ถึงกำหนดลง | M9: จูน | O9: ส่งแล้ว | P9: EMS | Q9: EB628662155TH | R9: h003 | S9: ครีมฮอร์นไส้เนยสด 3 กล่อง วนิลา เตย ชอค | T9: 1 | U9: 150 | V9: 150 | W9: 3 | X9: 150 | Y9: 98/30 ซ.12 หมู่บ้านสินเพิ่มอารีน่า ถนนลำไทร แขวงโครกแฝด เขตหนองจอก กทม 10530 | Z9: 📌ส่งสินค้ารีวิวบ้านที่ 10
A10: 8 | B10: 243729 | C10: CMQ55 | D10: คงวริศ | E10: ศรีโครต | F10: โอ๋โมโหหิว | G10: 0803079610 | H10: line | I10: จ่ายแล้ว | J10: 10000 | K10: TikTok | L10: ยังไม่ถึงกำหนดลง | M10: นุ่น | N10: ซื้อคลิปต่อ 2000 รีวิว 8000 บาท | O10: ส่งแล้ว | P10: EMS | Q10: EB628662221TH | R10: pl4 | S10: เปี๊ยะเล็ก4 ถั่ว+ฟัก+เผือก+งา | T10: 1 | U10: 398 | V10: 398 | W10: 4 | X10: 398
J11: =SUM(J3:J10) -> 46500

Sheet จ้างอินฟูลรีวิว พ.ค.
A1: ข้อมูลการจ้างอินฟลูรีวิว เดือนพฤษภาคม ปี2567
A2: ลำดับ | B2: วันที่ลงคลิป | C2: เลขที่ออเดอร์ | D2: ชื่อ | E2: นามสกุล | F2: ชื่อเพจ/ชื่อแอคเค้าทน์ | G2: เบอร์โทร | H2: ช่องทางติดต่อ | I2: สถานะจ่ายเงิน | J2: ค่าจ้าง | K2: แพลตฟอร์มที่ลง | L2: ยอดวิว | M2: แอดมินที่ติดต่ออินฟลู | N2: รายละเอียด | O2: สถานะส่งของ | P2: ขนส่ง | Q2: เลขพัสดุ | R2: รหัสสินค้า | S2: ชื่อสินค้า | T2: จำนวน | U2: ราคา (฿) | V2: ยอด (฿) | W2: จำนวนรวม | X2: ยอดขาย | Y2: ที่อยู่จัดส่ง | Z2: หมายเหตุ
A3: 1 | B3: 243750 | D3: ธนลภารัศมื์ | E3: จันทร์สำราญเลิศ | F3: ที่นี่กำแพงแสน | H3: FB:ที่นี่กำแพงแสน | I3: จ่ายแล้ว | J3: 2000 | K3: Facebook | L3: ยังไม่ถึงกำหนดลง | M3: นุ่น | O3: อินฟลูซื้อเองที่ CJ
J4: =SUM(J3:J3) -> 2000

Sheet จ้างอินฟูลรีวิว มิ.ย.
A1: ข้อมูลการจ้างอินฟลูรีวิว เดือนมิถุนายน ปี2567
A2: ลำดับ | B2: วันที่ลงคลิป | C2: เลขที่ออเดอร์ | D2: ชื่อ | E2: นามสกุล | F2: ชื่อเพจ/ชื่อแอคเค้าทน์ | G2: เบอร์โทร | H2: ช่องทางติดต่อ | I2: สถานะจ่ายเงิน | J2: ค่าจ้าง | K2: แพลตฟอร์มที่ลง | L2: ยอดวิว | M2: แอดมินที่ติดต่ออินฟลู | N2: รายละเอียด | O2: สถานะส่งของ | P2: ขนส่ง | Q2: เลขพัสดุ | R2: รหัสสินค้า | S2: ชื่อสินค้า | T2: จำนวน | U2: ราคา (฿) | V2: ยอด (฿) | W2: จำนวนรวม | X2: ยอดขาย | Y2: ที่อยู่จัดส่ง | Z2: หมายเหตุ
J4: =SUM(J3:J3) -> 0

Sheet จ้างอินฟูลรีวิว ก.ค.
A1: ข้อมูลการจ้างอินฟลูรีวิว เดือนมิถุนายน ปี2567
A2: ลำดับ | B2: วันที่ลงคลิป | C2: เลขที่ออเดอร์ | D2: ชื่อ | E2: นามสกุล | F2: ชื่อเพจ/ชื่อแอคเค้าทน์ | G2: เบอร์โทร | H2: ช่องทางติดต่อ | I2: สถานะจ่ายเงิน | J2: ค่าจ้าง | K2: แพลตฟอร์มที่ลง | L2: ยอดวิว | M2: แอดมินที่ติดต่ออินฟลู | N2: รายละเอียด | O2: สถานะส่งของ | P2: ขนส่ง | Q2: เลขพัสดุ | R2: รหัสสินค้า | S2: ชื่อสินค้า | T2: จำนวน | U2: ราคา (฿) | V2: ยอด (฿) | W2: จำนวนรวม | X2: ยอดขาย | Y2: ที่อยู่จัดส่ง | Z2: หมายเหตุ
J4: =SUM(J3:J3) -> 0

Sheet จ้างอินฟลูมางานเกษตร
A1: ข้อมูลการจ้างอินฟลูรีวิว ปี2567
A2: ลำดับ | B2: วันที่ถ่ายคลิป | C2: วันที่ลงคลิป | D2: ชื่อ | E2: นามสกุล | F2: ชื่อเพจ/ชื่อแอคเค้าทน์ | G2: เบอร์โทร | H2: ช่องทางติดต่อ | I2: ลงแบบคลิป หรือ ภาพนิ่ง | J2: สถานะจ่ายเงิน | K2: ค่าจ้าง | L2: แพลตฟอร์มที่ลง | M2: ยอดวิว | N2: แอดมินที่ติดต่ออินฟลู | O2: รายละเอียด | P2: หมายเหตุ
A3: 1 | B3: 243953 | C3: ไม่เกินวันที่ 3/12/2567 | D3: กวิตา | E3: จินตนาปราโมทย์ | F3: กินเที่ยว นครปฐม | H3: FB:กินเที่ยวนครปฐม | I3: คลิป / โพส | J3: จ่ายแล้ว | K3: 7000 | L3: Facebook , Tiktok | N3: ต้นปาล์ม - บัญชี
A4: 2 | B4: 243952 | C4: ไม่เกินวันที่ 3/12/2567 | D4: ธนลภารัศมื์ | E4: จันทร์สำราญเลิศ | F4: ที่นี่กำแพงแสน | H4: FB:ที่นี่กำแพงแสน | I4: คลิป / โพส | J4: จ่ายแล้ว | K4: 4000 | L4: Facebook | N4: ต้นปาล์ม - บัญชี
K5: =SUM(K3:K4) -> 11000
