Workbook

Sheet สรุป
A1: สรุปค่าใช้จ่ายการจ้างอินฟลูรีวิว ปี2568
A2: เดือน | B2: จำนวน | C2: ค่าจ้าง | D2: หมายเหตุ
A3: มกราคม | B3: =+'จ้างอินฟูลรีวิว ม.ค.'!A31 -> 0 | C3: =+'จ้างอินฟูลรีวิว ม.ค.'!J32 -> 0
A4: กุมภาพันธ์ | B4: =+'จ้างอินฟูลรีวิว ม.ค.'!A32 -> 0 | C4: =+'จ้างอินฟูลรีวิว ม.ค.'!J33 -> 0
A5: มีนาคม | B5: =+'จ้างอินฟูลรีวิว ม.ค.'!A33 -> 0 | C5: =+'จ้างอินฟูลรีวิว ม.ค.'!J34 -> 0
A6: เมษายน | B6: =+'จ้างอินฟูลรีวิว ม.ค.'!A34 -> 0 | C6: =+'จ้างอินฟูลรีวิว ม.ค.'!J35 -> 0
A7: พฤษภาคม | B7: =+'จ้างอินฟูลรีวิว ม.ค.'!A35 -> 0 | C7: =+'จ้างอินฟูลรีวิว ม.ค.'!J36 -> 0
A8: มิถุนายน | B8: =+'จ้างอินฟูลรีวิว ม.ค.'!A36 -> 0 | C8: =+'จ้างอินฟูลรีวิว ม.ค.'!J37 -> 0
A9: กรกฎาคม | B9: =+'จ้างอินฟูลรีวิว ม.ค.'!A37 -> 0 | C9: =+'จ้างอินฟูลรีวิว ม.ค.'!J38 -> 0
A10: สิงหาคม | B10: =+'จ้างอินฟูลรีวิว ม.ค.'!A38 -> 0 | C10: =+'จ้างอินฟูลรีวิว ม.ค.'!J39 -> 0
A11: กันยายน | B11: =+'จ้างอินฟูลรีวิว ม.ค.'!A39 -> 0 | C11: =+'จ้างอินฟูลรีวิว ม.ค.'!J40 -> 0
A12: ตุลาคม | B12: =+'จ้างอินฟูลรีวิว ม.ค.'!A40 -> 0 | C12: =+'จ้างอินฟูลรีวิว ม.ค.'!J41 -> 0
A13: พฤศจิกายน | B13: =+'จ้างอินฟูลรีวิว ม.ค.'!A41 -> 0 | C13: =+'จ้างอินฟูลรีวิว ม.ค.'!J42 -> 0
A14: ธันวาคม | B14: =+'จ้างอินฟูลรีวิว ม.ค.'!A42 -> 0 | C14: =+'จ้างอินฟูลรีวิว ม.ค.'!J43 -> 0
A15: Total | B15: =SUM(B3:B14) -> 0 | C15: =SUM(C3:C14) -> 0 | D15: บาท

Sheet จ้างอินฟูลรีวิว ม.ค.
A1: ข้อมูลการจ้างอินฟลูรีวิว ปี 2568
A2: ลำดับ | B2: วันที่ลงคลิป | C2: เลขที่ออเดอร์ | D2: ชื่อ | E2: นามสกุล | F2: ชื่อเพจ/ชื่อแอคเค้าทน์ | G2: เบอร์โทร | H2: ช่องทางติดต่อ | I2: สถานะจ่ายเงิน | J2: ค่าจ้าง | K2: แพลตฟอร์มที่ลง | L2: ยอดวิว | M2: แอดมินที่ติดต่ออินฟลู | N2: รายละเอียด | O2: สถานะส่งของ | P2: ขนส่ง | Q2: เลขพัสดุ | R2: รหัสสินค้า | S2: ชื่อสินค้า | T2: จำนวน | U2: ราคา (฿) | V2: ยอด (฿) | W2: จำนวนรวม | X2: ยอดขาย | Y2: ที่อยู่จัดส่ง | Z2: หมายเหตุ
J32: =SUM(J3:J31) -> 0
