Workbook

Sheet สรุป
A2: สรุป บูธ คุณาวรรณ วันที่ 1-29/02/2567
A3: ลำดับ | B3: รายการ | C3: ยกมา | D3: รับ | E3: รวม | F3: เปลี่ยน/ | G3: คงเหลือ | H3: รายการขาย | K3: หมายเหตุ | L3: วันที่ | M3: ยอดเงิน | N3: ส่วนลด | O3: สแกนใช้สิทธิ์ | P3: ค่าโอนเงิน | Q3: ค่าใช้จ่ายอื่นๆ | R3: โอนหน้าร้าน | S3: รับสุทธิ | T3: ยอดโอนเงิน | U3: โอนเกิน/โอนขาด
F4: คืน/เสีย | H4: จำนวน | I4: @ | J4: เป็นเงิน
A5: 1 | B5: ชิฟฟ่อน (ล) | C5: =+ยกมา!G5 -> 21 | D5: =+'1'!D5+'2'!D5+'3'!D5+'4'!D5+'5'!D5+'6'!D5+'7'!D5+'8'!D5+'9'!D5+'10'!D5+'11'!D5+'12'!D5+'13'!D5+'14'!D5+'15'!D5+'16'!D5+'17'!D5+'18'!D5+'19'!D5+'20'!D5+'21'!D5+'22'!D5+'23'!D5+'24'!D5+'25'!D5+'26'!D5+'27'!D5+'28'!D5+'29'!D5+'30'!D5+'31'!D5 -> 80 | E5: =+C5+D5 -> 101 | F5: =+'1'!F5+'2'!F5+'3'!F5+'4'!F5+'5'!F5+'6'!F5+'7'!F5+'8'!F5+'9'!F5+'10'!F5+'11'!F5+'12'!F5+'13'!F5+'14'!F5+'15'!F5+'16'!F5+'17'!F5+'18'!F5+'19'!F5+'20'!F5+'21'!F5+'22'!F5+'23'!F5+'24'!F5+'25'!F5+'26'!F5+'27'!F5+'28'!F5+'29'!F5+'30'!F5+'31'!F5 -> 3 | G5: 0 | H5: =+'1'!H5+'2'!H5+'3'!H5+'4'!H5+'5'!H5+'6'!H5+'7'!H5+'8'!H5+'9'!H5+'10'!H5+'11'!H5+'12'!H5+'13'!H5+'14'!H5+'15'!H5+'16'!H5+'17'!H5+'18'!H5+'19'!H5+'20'!H5+'21'!H5+'22'!H5+'23'!H5+'24'!H5+'25'!H5+'26'!H5+'27'!H5+'28'!H5+'29'!H5+'30'!H5+'31'!H5 -> 83 | I5: 50 | J5: =+'1'!J5+'2'!J5+'3'!J5+'4'!J5+'5'!J5+'6'!J5+'7'!J5+'8'!J5+'9'!J5+'10'!J5+'11'!J5+'12'!J5+'13'!J5+'14'!J5+'15'!J5+'16'!J5+'17'!J5+'18'!J5+'19'!J5+'20'!J5+'21'!J5+'22'!J5+'23'!J5+'24'!J5+'25'!J5+'26'!J5+'27'!J5+'28'!J5+'29'!J5+'30'!J5+'31'!J5 -> 4150 | L5: 1 | M5: =+'1'!K221 -> 2415 | N5: =+'1'!K226 -> 745 | O5: =+'1'!K224 -> 0 | P5: =+'1'!K222 -> 0 | Q5: =+'1'!K225 -> 0 | R5: =+'1'!K223 -> 310 | S5: =+M5-N5-P5-R5-Q5 -> 1360 | T5: =+'1'!K228 -> 1360 | U5: =+T5-S5 -> 0
A6: 2 | B6: ชิฟฟ่อน (ญ) | C6: =+ยกมา!G6 -> 44 | D6: =+'1'!D6+'2'!D6+'3'!D6+'4'!D6+'5'!D6+'6'!D6+'7'!D6+'8'!D6+'9'!D6+'10'!D6+'11'!D6+'12'!D6+'13'!D6+'14'!D6+'15'!D6+'16'!D6+'17'!D6+'18'!D6+'19'!D6+'20'!D6+'21'!D6+'22'!D6+'23'!D6+'24'!D6+'25'!D6+'26'!D6+'27'!D6+'28'!D6+'29'!D6+'30'!D6+'31'!D6 -> 300 | E6: =+C6+D6 -> 344 | F6: =+'1'!F6+'2'!F6+'3'!F6+'4'!F6+'5'!F6+'6'!F6+'7'!F6+'8'!F6+'9'!F6+'10'!F6+'11'!F6+'12'!F6+'13'!F6+'14'!F6+'15'!F6+'16'!F6+'17'!F6+'18'!F6+'19'!F6+'20'!F6+'21'!F6+'22'!F6+'23'!F6+'24'!F6+'25'!F6+'26'!F6+'27'!F6+'28'!F6+'29'!F6+'30'!F6+'31'!F6 -> 31 | G6: 0 | H6: =+'1'!H6+'2'!H6+'3'!H6+'4'!H6+'5'!H6+'6'!H6+'7'!H6+'8'!H6+'9'!H6+'10'!H6+'11'!H6+'12'!H6+'13'!H6+'14'!H6+'15'!H6+'16'!H6+'17'!H6+'18'!H6+'19'!H6+'20'!H6+'21'!H6+'22'!H6+'23'!H6+'24'!H6+'25'!H6+'26'!H6+'27'!H6+'28'!H6+'29'!H6+'30'!H6+'31'!H6 -> 280 | I6: 100 | J6: =+'1'!J6+'2'!J6+'3'!J6+'4'!J6+'5'!J6+'6'!J6+'7'!J6+'8'!J6+'9'!J6+'10'!J6+'11'!J6+'12'!J6+'13'!J6+'14'!J6+'15'!J6+'16'!J6+'17'!J6+'18'!J6+'19'!J6+'20'!J6+'21'!J6+'22'!J6+'23'!J6+'24'!J6+'25'!J6+'26'!J6+'27'!J6+'28'!J6+'29'!J6+'30'!J6+'31'!J6 -> 28000 | L6: 2 | M6: =+'2'!K221 -> 4480 | N6: =+'2'!K226 -> 570 | Q6: =+'2'!K225 -> 0 | R6: =+'2'!K223 -> 1015 | S6: =+M6-N6-P6-R6-Q6 -> 2895 | T6: =+'2'!K228 -> 2895 | U6: =+T6-S6 -> 0
A7: 3 | B7: ชิฟฟ่อน (ล) กาแฟ | C7: =+ยกมา!G7 -> 0 | D7: =+'1'!D7+'2'!D7+'3'!D7+'4'!D7+'5'!D7+'6'!D7+'7'!D7+'8'!D7+'9'!D7+'10'!D7+'11'!D7+'12'!D7+'13'!D7+'14'!D7+'15'!D7+'16'!D7+'17'!D7+'18'!D7+'19'!D7+'20'!D7+'21'!D7+'22'!D7+'23'!D7+'24'!D7+'25'!D7+'26'!D7+'27'!D7+'28'!D7+'29'!D7+'30'!D7+'31'!D7 -> 0 | E7: =+C7+D7 -> 0 | F7: =+'1'!F7+'2'!F7+'3'!F7+'4'!F7+'5'!F7+'6'!F7+'7'!F7+'8'!F7+'9'!F7+'10'!F7+'11'!F7+'12'!F7+'13'!F7+'14'!F7+'15'!F7+'16'!F7+'17'!F7+'18'!F7+'19'!F7+'20'!F7+'21'!F7+'22'!F7+'23'!F7+'24'!F7+'25'!F7+'26'!F7+'27'!F7+'28'!F7+'29'!F7+'30'!F7+'31'!F7 -> 0 | G7: 0 | H7: =+'1'!H7+'2'!H7+'3'!H7+'4'!H7+'5'!H7+'6'!H7+'7'!H7+'8'!H7+'9'!H7+'10'!H7+'11'!H7+'12'!H7+'13'!H7+'14'!H7+'15'!H7+'16'!H7+'17'!H7+'18'!H7+'19'!H7+'20'!H7+'21'!H7+'22'!H7+'23'!H7+'24'!H7+'25'!H7+'26'!H7+'27'!H7+'28'!H7+'29'!H7+'30'!H7+'31'!H7 -> 0 | I7: 50 | J7: =+'1'!J7+'2'!J7+'3'!J7+'4'!J7+'5'!J7+'6'!J7+'7'!J7+'8'!J7+'9'!J7+'10'!J7+'11'!J7+'12'!J7+'13'!J7+'14'!J7+'15'!J7+'16'!J7+'17'!J7+'18'!J7+'19'!J7+'20'!J7+'21'!J7+'22'!J7+'23'!J7+'24'!J7+'25'!J7+'26'!J7+'27'!J7+'28'!J7+'29'!J7+'30'!J7+'31'!J7 -> 0 | L7: 3 | M7: =+'3'!K221 -> 6065 | N7: =+'3'!K226 -> 1020 | Q7: =+'3'!K225 -> 168 | R7: =+'3'!K223 -> 285 | S7: =+M7-N7-P7-R7-Q7 -> 4592 | T7: =+'3'!K228 -> 4592 | U7: =+T7-S7 -> 0
A8: 4 | B8: ชิฟฟ่อน (ญ) กาแฟ | C8: =+ยกมา!G8 -> 0 | D8: =+'1'!D8+'2'!D8+'3'!D8+'4'!D8+'5'!D8+'6'!D8+'7'!D8+'8'!D8+'9'!D8+'10'!D8+'11'!D8+'12'!D8+'13'!D8+'14'!D8+'15'!D8+'16'!D8+'17'!D8+'18'!D8+'19'!D8+'20'!D8+'21'!D8+'22'!D8+'23'!D8+'24'!D8+'25'!D8+'26'!D8+'27'!D8+'28'!D8+'29'!D8+'30'!D8+'31'!D8 -> 0 | E8: =+C8+D8 -> 0 | F8: =+'1'!F8+'2'!F8+'3'!F8+'4'!F8+'5'!F8+'6'!F8+'7'!F8+'8'!F8+'9'!F8+'10'!F8+'11'!F8+'12'!F8+'13'!F8+'14'!F8+'15'!F8+'16'!F8+'17'!F8+'18'!F8+'19'!F8+'20'!F8+'21'!F8+'22'!F8+'23'!F8+'24'!F8+'25'!F8+'26'!F8+'27'!F8+'28'!F8+'29'!F8+'30'!F8+'31'!F8 -> 0 | G8: 0 | H8: =+'1'!H8+'2'!H8+'3'!H8+'4'!H8+'5'!H8+'6'!H8+'7'!H8+'8'!H8+'9'!H8+'10'!H8+'11'!H8+'12'!H8+'13'!H8+'14'!H8+'15'!H8+'16'!H8+'17'!H8+'18'!H8+'19'!H8+'20'!H8+'21'!H8+'22'!H8+'23'!H8+'24'!H8+'25'!H8+'26'!H8+'27'!H8+'28'!H8+'29'!H8+'30'!H8+'31'!H8 -> 0 | I8: 100 | J8: =+'1'!J8+'2'!J8+'3'!J8+'4'!J8+'5'!J8+'6'!J8+'7'!J8+'8'!J8+'9'!J8+'10'!J8+'11'!J8+'12'!J8+'13'!J8+'14'!J8+'15'!J8+'16'!J8+'17'!J8+'18'!J8+'19'!J8+'20'!J8+'21'!J8+'22'!J8+'23'!J8+'24'!J8+'25'!J8+'26'!J8+'27'!J8+'28'!J8+'29'!J8+'30'!J8+'31'!J8 -> 0 | L8: 4 | M8: =+'4'!K217 -> 4385 | N8: =+'4'!K222 -> 530 | Q8: =+'4'!K221 -> 0 | R8: =+'4'!K219 -> 1330 | S8: =+M8-N8-P8-R8-Q8 -> 2525 | T8: =+'4'!K224 -> 2525 | U8: =+T8-S8 -> 0
A9: 5 | B9: ชิฟฟ่อนเค้ก 1 ชิ้น | C9: =+ยกมา!G9 -> 0 | D9: =+'1'!D9+'2'!D9+'3'!D9+'4'!D9+'5'!D9+'6'!D9+'7'!D9+'8'!D9+'9'!D9+'10'!D9+'11'!D9+'12'!D9+'13'!D9+'14'!D9+'15'!D9+'16'!D9+'17'!D9+'18'!D9+'19'!D9+'20'!D9+'21'!D9+'22'!D9+'23'!D9+'24'!D9+'25'!D9+'26'!D9+'27'!D9+'28'!D9+'29'!D9+'30'!D9+'31'!D9 -> 0 | E9: =+C9+D9 -> 0 | F9: =+'1'!F9+'2'!F9+'3'!F9+'4'!F9+'5'!F9+'6'!F9+'7'!F9+'8'!F9+'9'!F9+'10'!F9+'11'!F9+'12'!F9+'13'!F9+'14'!F9+'15'!F9+'16'!F9+'17'!F9+'18'!F9+'19'!F9+'20'!F9+'21'!F9+'22'!F9+'23'!F9+'24'!F9+'25'!F9+'26'!F9+'27'!F9+'28'!F9+'29'!F9+'30'!F9+'31'!F9 -> 0 | G9: 0 | H9: =+'1'!H9+'2'!H9+'3'!H9+'4'!H9+'5'!H9+'6'!H9+'7'!H9+'8'!H9+'9'!H9+'10'!H9+'11'!H9+'12'!H9+'13'!H9+'14'!H9+'15'!H9+'16'!H9+'17'!H9+'18'!H9+'19'!H9+'20'!H9+'21'!H9+'22'!H9+'23'!H9+'24'!H9+'25'!H9+'26'!H9+'27'!H9+'28'!H9+'29'!H9+'30'!H9+'31'!H9 -> 0 | I9: 12 | J9: =+'1'!J9+'2'!J9+'3'!J9+'4'!J9+'5'!J9+'6'!J9+'7'!J9+'8'!J9+'9'!J9+'10'!J9+'11'!J9+'12'!J9+'13'!J9+'14'!J9+'15'!J9+'16'!J9+'17'!J9+'18'!J9+'19'!J9+'20'!J9+'21'!J9+'22'!J9+'23'!J9+'24'!J9+'25'!J9+'26'!J9+'27'!J9+'28'!J9+'29'!J9+'30'!J9+'31'!J9 -> 0 | L9: 5 | M9: =+'5'!K217 -> 2340 | N9: =+'5'!K222 -> 510 | Q9: =+'5'!K221 -> 100 | R9: =+'5'!K219 -> 690 | S9: =+M9-N9-P9-R9-Q9 -> 1040 | T9: =+'5'!K224 -> 1040 | U9: =+T9-S9 -> 0
A10: 6 | B10: ชิฟฟ่อนเค้กสอดไส้แยม 1 ชิ้น | C10: =+ยกมา!G10 -> 0 | D10: =+'1'!D10+'2'!D10+'3'!D10+'4'!D10+'5'!D10+'6'!D10+'7'!D10+'8'!D10+'9'!D10+'10'!D10+'11'!D10+'12'!D10+'13'!D10+'14'!D10+'15'!D10+'16'!D10+'17'!D10+'18'!D10+'19'!D10+'20'!D10+'21'!D10+'22'!D10+'23'!D10+'24'!D10+'25'!D10+'26'!D10+'27'!D10+'28'!D10+'29'!D10+'30'!D10+'31'!D10 -> 0 | E10: =+C10+D10 -> 0 | F10: =+'1'!F10+'2'!F10+'3'!F10+'4'!F10+'5'!F10+'6'!F10+'7'!F10+'8'!F10+'9'!F10+'10'!F10+'11'!F10+'12'!F10+'13'!F10+'14'!F10+'15'!F10+'16'!F10+'17'!F10+'18'!F10+'19'!F10+'20'!F10+'21'!F10+'22'!F10+'23'!F10+'24'!F10+'25'!F10+'26'!F10+'27'!F10+'28'!F10+'29'!F10+'30'!F10+'31'!F10 -> 0 | G10: 0 | H10: =+'1'!H10+'2'!H10+'3'!H10+'4'!H10+'5'!H10+'6'!H10+'7'!H10+'8'!H10+'9'!H10+'10'!H10+'11'!H10+'12'!H10+'13'!H10+'14'!H10+'15'!H10+'16'!H10+'17'!H10+'18'!H10+'19'!H10+'20'!H10+'21'!H10+'22'!H10+'23'!H10+'24'!H10+'25'!H10+'26'!H10+'27'!H10+'28'!H10+'29'!H10+'30'!H10+'31'!H10 -> 0 | I10: 15 | J10: =+'1'!J10+'2'!J10+'3'!J10+'4'!J10+'5'!J10+'6'!J10+'7'!J10+'8'!J10+'9'!J10+'10'!J10+'11'!J10+'12'!J10+'13'!J10+'14'!J10+'15'!J10+'16'!J10+'17'!J10+'18'!J10+'19'!J10+'20'!J10+'21'!J10+'22'!J10+'23'!J10+'24'!J10+'25'!J10+'26'!J10+'27'!J10+'28'!J10+'29'!J10+'30'!J10+'31'!J10 -> 0 | L10: 6 | M10: =+'6'!K217 -> 3285 | N10: =+'6'!K222 -> 1074 | Q10: =+'6'!K221 -> 0 | R10: =+'6'!K219 -> 1006 | S10: =+M10-N10-P10-R10-Q10 -> 1205 | T10: =+'6'!K224 -> 1205 | U10: =+T10-S10 -> 0
A11: 7 | B11: ชิฟฟ่อน สอดไส้ (ล) 2 ชิ้น ครีมมะพร้าว | C11: =+ยกมา!G11 -> 0 | D11: =+'1'!D11+'2'!D11+'3'!D11+'4'!D11+'5'!D11+'6'!D11+'7'!D11+'8'!D11+'9'!D11+'10'!D11+'11'!D11+'12'!D11+'13'!D11+'14'!D11+'15'!D11+'16'!D11+'17'!D11+'18'!D11+'19'!D11+'20'!D11+'21'!D11+'22'!D11+'23'!D11+'24'!D11+'25'!D11+'26'!D11+'27'!D11+'28'!D11+'29'!D11+'30'!D11+'31'!D11 -> 0 | E11: =+C11+D11 -> 0 | F11: =+'1'!F11+'2'!F11+'3'!F11+'4'!F11+'5'!F11+'6'!F11+'7'!F11+'8'!F11+'9'!F11+'10'!F11+'11'!F11+'12'!F11+'13'!F11+'14'!F11+'15'!F11+'16'!F11+'17'!F11+'18'!F11+'19'!F11+'20'!F11+'21'!F11+'22'!F11+'23'!F11+'24'!F11+'25'!F11+'26'!F11+'27'!F11+'28'!F11+'29'!F11+'30'!F11+'31'!F11 -> 0 | G11: 0 | H11: =+'1'!H11+'2'!H11+'3'!H11+'4'!H11+'5'!H11+'6'!H11+'7'!H11+'8'!H11+'9'!H11+'10'!H11+'11'!H11+'12'!H11+'13'!H11+'14'!H11+'15'!H11+'16'!H11+'17'!H11+'18'!H11+'19'!H11+'20'!H11+'21'!H11+'22'!H11+'23'!H11+'24'!H11+'25'!H11+'26'!H11+'27'!H11+'28'!H11+'29'!H11+'30'!H11+'31'!H11 -> 0 | I11: 40 | J11: =+'1'!J11+'2'!J11+'3'!J11+'4'!J11+'5'!J11+'6'!J11+'7'!J11+'8'!J11+'9'!J11+'10'!J11+'11'!J11+'12'!J11+'13'!J11+'14'!J11+'15'!J11+'16'!J11+'17'!J11+'18'!J11+'19'!J11+'20'!J11+'21'!J11+'22'!J11+'23'!J11+'24'!J11+'25'!J11+'26'!J11+'27'!J11+'28'!J11+'29'!J11+'30'!J11+'31'!J11 -> 0 | L11: 7 | M11: =+'7'!K217 -> 6090 | N11: =+'7'!K222 -> 1220 | Q11: =+'7'!K221 -> 35 | R11: =+'7'!K219 -> 350 | S11: =+M11-N11-P11-R11-Q11 -> 4485 | T11: =+'7'!K224 -> 4485 | U11: =+T11-S11 -> 0
A12: 8 | B12: ชิฟฟ่อน สอดไส้ (ล) 3 ชิ้น รวมรส | C12: =+ยกมา!G12 -> 6 | D12: =+'1'!D12+'2'!D12+'3'!D12+'4'!D12+'5'!D12+'6'!D12+'7'!D12+'8'!D12+'9'!D12+'10'!D12+'11'!D12+'12'!D12+'13'!D12+'14'!D12+'15'!D12+'16'!D12+'17'!D12+'18'!D12+'19'!D12+'20'!D12+'21'!D12+'22'!D12+'23'!D12+'24'!D12+'25'!D12+'26'!D12+'27'!D12+'28'!D12+'29'!D12+'30'!D12+'31'!D12 -> 30 | E12: =+C12+D12 -> 36 | F12: =+'1'!F12+'2'!F12+'3'!F12+'4'!F12+'5'!F12+'6'!F12+'7'!F12+'8'!F12+'9'!F12+'10'!F12+'11'!F12+'12'!F12+'13'!F12+'14'!F12+'15'!F12+'16'!F12+'17'!F12+'18'!F12+'19'!F12+'20'!F12+'21'!F12+'22'!F12+'23'!F12+'24'!F12+'25'!F12+'26'!F12+'27'!F12+'28'!F12+'29'!F12+'30'!F12+'31'!F12 -> 3 | G12: 0 | H12: =+'1'!H12+'2'!H12+'3'!H12+'4'!H12+'5'!H12+'6'!H12+'7'!H12+'8'!H12+'9'!H12+'10'!H12+'11'!H12+'12'!H12+'13'!H12+'14'!H12+'15'!H12+'16'!H12+'17'!H12+'18'!H12+'19'!H12+'20'!H12+'21'!H12+'22'!H12+'23'!H12+'24'!H12+'25'!H12+'26'!H12+'27'!H12+'28'!H12+'29'!H12+'30'!H12+'31'!H12 -> 32 | I12: 50 | J12: =+'1'!J12+'2'!J12+'3'!J12+'4'!J12+'5'!J12+'6'!J12+'7'!J12+'8'!J12+'9'!J12+'10'!J12+'11'!J12+'12'!J12+'13'!J12+'14'!J12+'15'!J12+'16'!J12+'17'!J12+'18'!J12+'19'!J12+'20'!J12+'21'!J12+'22'!J12+'23'!J12+'24'!J12+'25'!J12+'26'!J12+'27'!J12+'28'!J12+'29'!J12+'30'!J12+'31'!J12 -> 1600 | L12: 8 | M12: =+'8'!K217 -> 4370 | N12: =+'8'!K222 -> 660 | Q12: =+'9'!K221 -> 0 | R12: =+'8'!K219 -> 1510 | S12: =+M12-N12-P12-R12-Q12 -> 2200 | T12: =+'8'!K224 -> 2200 | U12: =+T12-S12 -> 0
A13: 9 | B13: ชิฟฟ่อน (ญ) ห่อซีน | C13: =+ยกมา!G13 -> 2 | D13: =+'1'!D13+'2'!D13+'3'!D13+'4'!D13+'5'!D13+'6'!D13+'7'!D13+'8'!D13+'9'!D13+'10'!D13+'11'!D13+'12'!D13+'13'!D13+'14'!D13+'15'!D13+'16'!D13+'17'!D13+'18'!D13+'19'!D13+'20'!D13+'21'!D13+'22'!D13+'23'!D13+'24'!D13+'25'!D13+'26'!D13+'27'!D13+'28'!D13+'29'!D13+'30'!D13+'31'!D13 -> 0 | E13: =+C13+D13 -> 2 | F13: =+'1'!F13+'2'!F13+'3'!F13+'4'!F13+'5'!F13+'6'!F13+'7'!F13+'8'!F13+'9'!F13+'10'!F13+'11'!F13+'12'!F13+'13'!F13+'14'!F13+'15'!F13+'16'!F13+'17'!F13+'18'!F13+'19'!F13+'20'!F13+'21'!F13+'22'!F13+'23'!F13+'24'!F13+'25'!F13+'26'!F13+'27'!F13+'28'!F13+'29'!F13+'30'!F13+'31'!F13 -> 0 | G13: 0 | H13: =+'1'!H13+'2'!H13+'3'!H13+'4'!H13+'5'!H13+'6'!H13+'7'!H13+'8'!H13+'9'!H13+'10'!H13+'11'!H13+'12'!H13+'13'!H13+'14'!H13+'15'!H13+'16'!H13+'17'!H13+'18'!H13+'19'!H13+'20'!H13+'21'!H13+'22'!H13+'23'!H13+'24'!H13+'25'!H13+'26'!H13+'27'!H13+'28'!H13+'29'!H13+'30'!H13+'31'!H13 -> 0 | I13: 100 | J13: =+'1'!J13+'2'!J13+'3'!J13+'4'!J13+'5'!J13+'6'!J13+'7'!J13+'8'!J13+'9'!J13+'10'!J13+'11'!J13+'12'!J13+'13'!J13+'14'!J13+'15'!J13+'16'!J13+'17'!J13+'18'!J13+'19'!J13+'20'!J13+'21'!J13+'22'!J13+'23'!J13+'24'!J13+'25'!J13+'26'!J13+'27'!J13+'28'!J13+'29'!J13+'30'!J13+'31'!J13 -> 0 | L13: 9 | M13: =+'9'!K217 -> 2120 | N13: =+'9'!K222 -> 330 | Q13: =+'10'!K221 -> 0 | R13: =+'9'!K219 -> 730 | S13: =+M13-N13-P13-R13-Q13 -> 1060 | T13: =+'9'!K224 -> 1060 | U13: =+T13-S13 -> 0
A14: 10 | B14: ชิฟฟ่อน สอดไส้ (ล) 4 ชิ้น ครีมมะพร้าว | C14: =+ยกมา!G14 -> 2 | D14: =+'1'!D14+'2'!D14+'3'!D14+'4'!D14+'5'!D14+'6'!D14+'7'!D14+'8'!D14+'9'!D14+'10'!D14+'11'!D14+'12'!D14+'13'!D14+'14'!D14+'15'!D14+'16'!D14+'17'!D14+'18'!D14+'19'!D14+'20'!D14+'21'!D14+'22'!D14+'23'!D14+'24'!D14+'25'!D14+'26'!D14+'27'!D14+'28'!D14+'29'!D14+'30'!D14+'31'!D14 -> 10 | E14: =+C14+D14 -> 12 | F14: =+'1'!F14+'2'!F14+'3'!F14+'4'!F14+'5'!F14+'6'!F14+'7'!F14+'8'!F14+'9'!F14+'10'!F14+'11'!F14+'12'!F14+'13'!F14+'14'!F14+'15'!F14+'16'!F14+'17'!F14+'18'!F14+'19'!F14+'20'!F14+'21'!F14+'22'!F14+'23'!F14+'24'!F14+'25'!F14+'26'!F14+'27'!F14+'28'!F14+'29'!F14+'30'!F14+'31'!F14 -> 0 | G14: 0 | H14: =+'1'!H14+'2'!H14+'3'!H14+'4'!H14+'5'!H14+'6'!H14+'7'!H14+'8'!H14+'9'!H14+'10'!H14+'11'!H14+'12'!H14+'13'!H14+'14'!H14+'15'!H14+'16'!H14+'17'!H14+'18'!H14+'19'!H14+'20'!H14+'21'!H14+'22'!H14+'23'!H14+'24'!H14+'25'!H14+'26'!H14+'27'!H14+'28'!H14+'29'!H14+'30'!H14+'31'!H14 -> 12 | I14: 65 | J14: =+'1'!J14+'2'!J14+'3'!J14+'4'!J14+'5'!J14+'6'!J14+'7'!J14+'8'!J14+'9'!J14+'10'!J14+'11'!J14+'12'!J14+'13'!J14+'14'!J14+'15'!J14+'16'!J14+'17'!J14+'18'!J14+'19'!J14+'20'!J14+'21'!J14+'22'!J14+'23'!J14+'24'!J14+'25'!J14+'26'!J14+'27'!J14+'28'!J14+'29'!J14+'30'!J14+'31'!J14 -> 780 | L14: 10 | M14: =+'10'!K217 -> 6700 | N14: =+'10'!K222 -> 1330 | Q14: =+'11'!K221 -> 0 | R14: =+'10'!K219 -> 2265 | S14: =+M14-N14-P14-R14-Q14 -> 3105 | T14: =+'10'!K224 -> 3105 | U14: =+T14-S14 -> 0
A15: 11 | B15: ชิฟฟ่อน สอดไส้ (ล) 3 ชิ้น แยมส้ม | C15: =+ยกมา!G15 -> 5 | D15: =+'1'!D15+'2'!D15+'3'!D15+'4'!D15+'5'!D15+'6'!D15+'7'!D15+'8'!D15+'9'!D15+'10'!D15+'11'!D15+'12'!D15+'13'!D15+'14'!D15+'15'!D15+'16'!D15+'17'!D15+'18'!D15+'19'!D15+'20'!D15+'21'!D15+'22'!D15+'23'!D15+'24'!D15+'25'!D15+'26'!D15+'27'!D15+'28'!D15+'29'!D15+'30'!D15+'31'!D15 -> 0 | E15: =+C15+D15 -> 5 | F15: =+'1'!F15+'2'!F15+'3'!F15+'4'!F15+'5'!F15+'6'!F15+'7'!F15+'8'!F15+'9'!F15+'10'!F15+'11'!F15+'12'!F15+'13'!F15+'14'!F15+'15'!F15+'16'!F15+'17'!F15+'18'!F15+'19'!F15+'20'!F15+'21'!F15+'22'!F15+'23'!F15+'24'!F15+'25'!F15+'26'!F15+'27'!F15+'28'!F15+'29'!F15+'30'!F15+'31'!F15 -> 0 | G15: 0 | H15: =+'1'!H15+'2'!H15+'3'!H15+'4'!H15+'5'!H15+'6'!H15+'7'!H15+'8'!H15+'9'!H15+'10'!H15+'11'!H15+'12'!H15+'13'!H15+'14'!H15+'15'!H15+'16'!H15+'17'!H15+'18'!H15+'19'!H15+'20'!H15+'21'!H15+'22'!H15+'23'!H15+'24'!H15+'25'!H15+'26'!H15+'27'!H15+'28'!H15+'29'!H15+'30'!H15+'31'!H15 -> 5 | I15: 50 | J15: =+'1'!J15+'2'!J15+'3'!J15+'4'!J15+'5'!J15+'6'!J15+'7'!J15+'8'!J15+'9'!J15+'10'!J15+'11'!J15+'12'!J15+'13'!J15+'14'!J15+'15'!J15+'16'!J15+'17'!J15+'18'!J15+'19'!J15+'20'!J15+'21'!J15+'22'!J15+'23'!J15+'24'!J15+'25'!J15+'26'!J15+'27'!J15+'28'!J15+'29'!J15+'30'!J15+'31'!J15 -> 250 | L15: 11 | M15: =+'11'!K217 -> 4820 | N15: =+'11'!K222 -> 1000 | Q15: =+'12'!K223 -> 0 | R15: =+'11'!K219 -> 1940 | S15: =+M15-N15-P15-R15-Q15 -> 1880 | T15: =+'11'!K224 -> 1880 | U15: =+T15-S15 -> 0
A16: 12 | B16: ชิฟฟ่อน สอดไส้ (ล) 3 ชิ้น บลูเบอรี่ | C16: =+ยกมา!G16 -> 0 | D16: =+'1'!D16+'2'!D16+'3'!D16+'4'!D16+'5'!D16+'6'!D16+'7'!D16+'8'!D16+'9'!D16+'10'!D16+'11'!D16+'12'!D16+'13'!D16+'14'!D16+'15'!D16+'16'!D16+'17'!D16+'18'!D16+'19'!D16+'20'!D16+'21'!D16+'22'!D16+'23'!D16+'24'!D16+'25'!D16+'26'!D16+'27'!D16+'28'!D16+'29'!D16+'30'!D16+'31'!D16 -> 0 | E16: =+C16+D16 -> 0 | F16: =+'1'!F16+'2'!F16+'3'!F16+'4'!F16+'5'!F16+'6'!F16+'7'!F16+'8'!F16+'9'!F16+'10'!F16+'11'!F16+'12'!F16+'13'!F16+'14'!F16+'15'!F16+'16'!F16+'17'!F16+'18'!F16+'19'!F16+'20'!F16+'21'!F16+'22'!F16+'23'!F16+'24'!F16+'25'!F16+'26'!F16+'27'!F16+'28'!F16+'29'!F16+'30'!F16+'31'!F16 -> 0 | G16: 0 | H16: =+'1'!H16+'2'!H16+'3'!H16+'4'!H16+'5'!H16+'6'!H16+'7'!H16+'8'!H16+'9'!H16+'10'!H16+'11'!H16+'12'!H16+'13'!H16+'14'!H16+'15'!H16+'16'!H16+'17'!H16+'18'!H16+'19'!H16+'20'!H16+'21'!H16+'22'!H16+'23'!H16+'24'!H16+'25'!H16+'26'!H16+'27'!H16+'28'!H16+'29'!H16+'30'!H16+'31'!H16 -> 0 | I16: 50 | J16: =+'1'!J16+'2'!J16+'3'!J16+'4'!J16+'5'!J16+'6'!J16+'7'!J16+'8'!J16+'9'!J16+'10'!J16+'11'!J16+'12'!J16+'13'!J16+'14'!J16+'15'!J16+'16'!J16+'17'!J16+'18'!J16+'19'!J16+'20'!J16+'21'!J16+'22'!J16+'23'!J16+'24'!J16+'25'!J16+'26'!J16+'27'!J16+'28'!J16+'29'!J16+'30'!J16+'31'!J16 -> 0 | L16: 12 | M16: =+'12'!K219 -> 3005 | N16: =+'12'!K224 -> 400 | Q16: =+'12'!K223 -> 0 | R16: =+'12'!K221 -> 1510 | S16: =+M16-N16-P16-R16-Q16 -> 1095 | T16: =+'12'!K226 -> 1095 | U16: =+T16-S16 -> 0
A17: 13 | B17: ชิฟฟ่อน สอดไส้ (ล) 3 ชิ้น ฝอยทอง | C17: =+ยกมา!G17 -> 4 | D17: =+'1'!D17+'2'!D17+'3'!D17+'4'!D17+'5'!D17+'6'!D17+'7'!D17+'8'!D17+'9'!D17+'10'!D17+'11'!D17+'12'!D17+'13'!D17+'14'!D17+'15'!D17+'16'!D17+'17'!D17+'18'!D17+'19'!D17+'20'!D17+'21'!D17+'22'!D17+'23'!D17+'24'!D17+'25'!D17+'26'!D17+'27'!D17+'28'!D17+'29'!D17+'30'!D17+'31'!D17 -> 15 | E17: =+C17+D17 -> 19 | F17: =+'1'!F17+'2'!F17+'3'!F17+'4'!F17+'5'!F17+'6'!F17+'7'!F17+'8'!F17+'9'!F17+'10'!F17+'11'!F17+'12'!F17+'13'!F17+'14'!F17+'15'!F17+'16'!F17+'17'!F17+'18'!F17+'19'!F17+'20'!F17+'21'!F17+'22'!F17+'23'!F17+'24'!F17+'25'!F17+'26'!F17+'27'!F17+'28'!F17+'29'!F17+'30'!F17+'31'!F17 -> 3 | G17: 0 | H17: =+'1'!H17+'2'!H17+'3'!H17+'4'!H17+'5'!H17+'6'!H17+'7'!H17+'8'!H17+'9'!H17+'10'!H17+'11'!H17+'12'!H17+'13'!H17+'14'!H17+'15'!H17+'16'!H17+'17'!H17+'18'!H17+'19'!H17+'20'!H17+'21'!H17+'22'!H17+'23'!H17+'24'!H17+'25'!H17+'26'!H17+'27'!H17+'28'!H17+'29'!H17+'30'!H17+'31'!H17 -> 16 | I17: 50 | J17: =+'1'!J17+'2'!J17+'3'!J17+'4'!J17+'5'!J17+'6'!J17+'7'!J17+'8'!J17+'9'!J17+'10'!J17+'11'!J17+'12'!J17+'13'!J17+'14'!J17+'15'!J17+'16'!J17+'17'!J17+'18'!J17+'19'!J17+'20'!J17+'21'!J17+'22'!J17+'23'!J17+'24'!J17+'25'!J17+'26'!J17+'27'!J17+'28'!J17+'29'!J17+'30'!J17+'31'!J17 -> 800 | L17: 13 | M17: =+'13'!K219 -> 4655 | N17: =+'13'!K224 -> 880 | Q17: =+'13'!K223 -> 155 | R17: =+'13'!K221 -> 300 | S17: =+M17-N17-P17-R17-Q17 -> 3320 | T17: =+'13'!K226 -> 3320 | U17: =+T17-S17 -> 0
A18: 14 | B18: ชิฟฟ่อน สอดไส้ (ล) 3 ชิ้น แยมสตรอเบอรี่ | C18: =+ยกมา!G18 -> 0 | D18: =+'1'!D18+'2'!D18+'3'!D18+'4'!D18+'5'!D18+'6'!D18+'7'!D18+'8'!D18+'9'!D18+'10'!D18+'11'!D18+'12'!D18+'13'!D18+'14'!D18+'15'!D18+'16'!D18+'17'!D18+'18'!D18+'19'!D18+'20'!D18+'21'!D18+'22'!D18+'23'!D18+'24'!D18+'25'!D18+'26'!D18+'27'!D18+'28'!D18+'29'!D18+'30'!D18+'31'!D18 -> 0 | E18: =+C18+D18 -> 0 | F18: =+'1'!F18+'2'!F18+'3'!F18+'4'!F18+'5'!F18+'6'!F18+'7'!F18+'8'!F18+'9'!F18+'10'!F18+'11'!F18+'12'!F18+'13'!F18+'14'!F18+'15'!F18+'16'!F18+'17'!F18+'18'!F18+'19'!F18+'20'!F18+'21'!F18+'22'!F18+'23'!F18+'24'!F18+'25'!F18+'26'!F18+'27'!F18+'28'!F18+'29'!F18+'30'!F18+'31'!F18 -> 0 | G18: 0 | H18: =+'1'!H18+'2'!H18+'3'!H18+'4'!H18+'5'!H18+'6'!H18+'7'!H18+'8'!H18+'9'!H18+'10'!H18+'11'!H18+'12'!H18+'13'!H18+'14'!H18+'15'!H18+'16'!H18+'17'!H18+'18'!H18+'19'!H18+'20'!H18+'21'!H18+'22'!H18+'23'!H18+'24'!H18+'25'!H18+'26'!H18+'27'!H18+'28'!H18+'29'!H18+'30'!H18+'31'!H18 -> 0 | I18: 50 | J18: =+'1'!J18+'2'!J18+'3'!J18+'4'!J18+'5'!J18+'6'!J18+'7'!J18+'8'!J18+'9'!J18+'10'!J18+'11'!J18+'12'!J18+'13'!J18+'14'!J18+'15'!J18+'16'!J18+'17'!J18+'18'!J18+'19'!J18+'20'!J18+'21'!J18+'22'!J18+'23'!J18+'24'!J18+'25'!J18+'26'!J18+'27'!J18+'28'!J18+'29'!J18+'30'!J18+'31'!J18 -> 0 | L18: 14 | M18: =+'14'!K221 -> 3030 | N18: =+'14'!K226 -> 305 | Q18: =+'14'!K225 -> 0 | R18: =+'14'!K223 -> 970 | S18: =+M18-N18-P18-R18-Q18 -> 1755 | T18: =+'14'!K228 -> 1755 | U18: =+T18-S18 -> 0
A19: 15 | B19: ชิฟฟ่อน สอดไส้ (ล) 3 ชิ้น เนยมพะร้าว | C19: =+ยกมา!G19 -> 3 | D19: =+'1'!D19+'2'!D19+'3'!D19+'4'!D19+'5'!D19+'6'!D19+'7'!D19+'8'!D19+'9'!D19+'10'!D19+'11'!D19+'12'!D19+'13'!D19+'14'!D19+'15'!D19+'16'!D19+'17'!D19+'18'!D19+'19'!D19+'20'!D19+'21'!D19+'22'!D19+'23'!D19+'24'!D19+'25'!D19+'26'!D19+'27'!D19+'28'!D19+'29'!D19+'30'!D19+'31'!D19 -> 0 | E19: =+C19+D19 -> 3 | F19: =+'1'!F19+'2'!F19+'3'!F19+'4'!F19+'5'!F19+'6'!F19+'7'!F19+'8'!F19+'9'!F19+'10'!F19+'11'!F19+'12'!F19+'13'!F19+'14'!F19+'15'!F19+'16'!F19+'17'!F19+'18'!F19+'19'!F19+'20'!F19+'21'!F19+'22'!F19+'23'!F19+'24'!F19+'25'!F19+'26'!F19+'27'!F19+'28'!F19+'29'!F19+'30'!F19+'31'!F19 -> 0 | G19: 0 | H19: =+'1'!H19+'2'!H19+'3'!H19+'4'!H19+'5'!H19+'6'!H19+'7'!H19+'8'!H19+'9'!H19+'10'!H19+'11'!H19+'12'!H19+'13'!H19+'14'!H19+'15'!H19+'16'!H19+'17'!H19+'18'!H19+'19'!H19+'20'!H19+'21'!H19+'22'!H19+'23'!H19+'24'!H19+'25'!H19+'26'!H19+'27'!H19+'28'!H19+'29'!H19+'30'!H19+'31'!H19 -> 3 | I19: 50 | J19: =+'1'!J19+'2'!J19+'3'!J19+'4'!J19+'5'!J19+'6'!J19+'7'!J19+'8'!J19+'9'!J19+'10'!J19+'11'!J19+'12'!J19+'13'!J19+'14'!J19+'15'!J19+'16'!J19+'17'!J19+'18'!J19+'19'!J19+'20'!J19+'21'!J19+'22'!J19+'23'!J19+'24'!J19+'25'!J19+'26'!J19+'27'!J19+'28'!J19+'29'!J19+'30'!J19+'31'!J19 -> 150 | L19: 15 | M19: =+'15'!K221 -> 3970 | N19: =+'15'!K226 -> 555 | Q19: =+'15'!K225 -> 0 | R19: =+'15'!K223 -> 340 | S19: =+M19-N19-P19-R19-Q19 -> 3075 | T19: =+'15'!K228 -> 3075 | U19: =+T19-S19 -> 0
A20: 16 | B20: ชิฟฟ่อน สอดไส้ (ล) 3 ชิ้น นมชมพู | C20: =+ยกมา!G20 -> 0 | D20: =+'1'!D20+'2'!D20+'3'!D20+'4'!D20+'5'!D20+'6'!D20+'7'!D20+'8'!D20+'9'!D20+'10'!D20+'11'!D20+'12'!D20+'13'!D20+'14'!D20+'15'!D20+'16'!D20+'17'!D20+'18'!D20+'19'!D20+'20'!D20+'21'!D20+'22'!D20+'23'!D20+'24'!D20+'25'!D20+'26'!D20+'27'!D20+'28'!D20+'29'!D20+'30'!D20+'31'!D20 -> 0 | E20: =+C20+D20 -> 0 | F20: =+'1'!F20+'2'!F20+'3'!F20+'4'!F20+'5'!F20+'6'!F20+'7'!F20+'8'!F20+'9'!F20+'10'!F20+'11'!F20+'12'!F20+'13'!F20+'14'!F20+'15'!F20+'16'!F20+'17'!F20+'18'!F20+'19'!F20+'20'!F20+'21'!F20+'22'!F20+'23'!F20+'24'!F20+'25'!F20+'26'!F20+'27'!F20+'28'!F20+'29'!F20+'30'!F20+'31'!F20 -> 0 | G20: 0 | H20: =+'1'!H20+'2'!H20+'3'!H20+'4'!H20+'5'!H20+'6'!H20+'7'!H20+'8'!H20+'9'!H20+'10'!H20+'11'!H20+'12'!H20+'13'!H20+'14'!H20+'15'!H20+'16'!H20+'17'!H20+'18'!H20+'19'!H20+'20'!H20+'21'!H20+'22'!H20+'23'!H20+'24'!H20+'25'!H20+'26'!H20+'27'!H20+'28'!H20+'29'!H20+'30'!H20+'31'!H20 -> 0 | I20: 50 | J20: =+'1'!J20+'2'!J20+'3'!J20+'4'!J20+'5'!J20+'6'!J20+'7'!J20+'8'!J20+'9'!J20+'10'!J20+'11'!J20+'12'!J20+'13'!J20+'14'!J20+'15'!J20+'16'!J20+'17'!J20+'18'!J20+'19'!J20+'20'!J20+'21'!J20+'22'!J20+'23'!J20+'24'!J20+'25'!J20+'26'!J20+'27'!J20+'28'!J20+'29'!J20+'30'!J20+'31'!J20 -> 0 | L20: 16 | M20: =+'16'!K221 -> 990 | N20: =+'16'!K226 -> 25 | Q20: =+'16'!K225 -> 0 | R20: =+'16'!K223 -> 480 | S20: =+M20-N20-P20-R20-Q20 -> 485 | T20: =+'16'!K228 -> 485 | U20: =+T20-S20 -> 0
A21: 17 | B21: ชิฟฟ่อน สอดไส้ (ล) 3 ชิ้น ช็อคโกแลต | C21: =+ยกมา!G21 -> 0 | D21: =+'1'!D21+'2'!D21+'3'!D21+'4'!D21+'5'!D21+'6'!D21+'7'!D21+'8'!D21+'9'!D21+'10'!D21+'11'!D21+'12'!D21+'13'!D21+'14'!D21+'15'!D21+'16'!D21+'17'!D21+'18'!D21+'19'!D21+'20'!D21+'21'!D21+'22'!D21+'23'!D21+'24'!D21+'25'!D21+'26'!D21+'27'!D21+'28'!D21+'29'!D21+'30'!D21+'31'!D21 -> 0 | E21: =+C21+D21 -> 0 | F21: =+'1'!F21+'2'!F21+'3'!F21+'4'!F21+'5'!F21+'6'!F21+'7'!F21+'8'!F21+'9'!F21+'10'!F21+'11'!F21+'12'!F21+'13'!F21+'14'!F21+'15'!F21+'16'!F21+'17'!F21+'18'!F21+'19'!F21+'20'!F21+'21'!F21+'22'!F21+'23'!F21+'24'!F21+'25'!F21+'26'!F21+'27'!F21+'28'!F21+'29'!F21+'30'!F21+'31'!F21 -> 0 | G21: 0 | H21: =+'1'!H21+'2'!H21+'3'!H21+'4'!H21+'5'!H21+'6'!H21+'7'!H21+'8'!H21+'9'!H21+'10'!H21+'11'!H21+'12'!H21+'13'!H21+'14'!H21+'15'!H21+'16'!H21+'17'!H21+'18'!H21+'19'!H21+'20'!H21+'21'!H21+'22'!H21+'23'!H21+'24'!H21+'25'!H21+'26'!H21+'27'!H21+'28'!H21+'29'!H21+'30'!H21+'31'!H21 -> 0 | I21: 50 | J21: =+'1'!J21+'2'!J21+'3'!J21+'4'!J21+'5'!J21+'6'!J21+'7'!J21+'8'!J21+'9'!J21+'10'!J21+'11'!J21+'12'!J21+'13'!J21+'14'!J21+'15'!J21+'16'!J21+'17'!J21+'18'!J21+'19'!J21+'20'!J21+'21'!J21+'22'!J21+'23'!J21+'24'!J21+'25'!J21+'26'!J21+'27'!J21+'28'!J21+'29'!J21+'30'!J21+'31'!J21 -> 0 | L21: 17 | M21: =+'17'!K221 -> 3400 | N21: =+'17'!K226 -> 525 | Q21: =+'17'!K225 -> 0 | R21: =+'17'!K223 -> 830 | S21: =+M21-N21-P21-R21-Q21 -> 2045 | T21: =+'17'!K228 -> 2045 | U21: =+T21-S21 -> 0
A22: 18 | B22: ชิฟฟ่อน สอดไส้ (ก) 5 ชิ้น | C22: =+ยกมา!G22 -> 2 | D22: =+'1'!D22+'2'!D22+'3'!D22+'4'!D22+'5'!D22+'6'!D22+'7'!D22+'8'!D22+'9'!D22+'10'!D22+'11'!D22+'12'!D22+'13'!D22+'14'!D22+'15'!D22+'16'!D22+'17'!D22+'18'!D22+'19'!D22+'20'!D22+'21'!D22+'22'!D22+'23'!D22+'24'!D22+'25'!D22+'26'!D22+'27'!D22+'28'!D22+'29'!D22+'30'!D22+'31'!D22 -> 10 | E22: =+C22+D22 -> 12 | F22: =+'1'!F22+'2'!F22+'3'!F22+'4'!F22+'5'!F22+'6'!F22+'7'!F22+'8'!F22+'9'!F22+'10'!F22+'11'!F22+'12'!F22+'13'!F22+'14'!F22+'15'!F22+'16'!F22+'17'!F22+'18'!F22+'19'!F22+'20'!F22+'21'!F22+'22'!F22+'23'!F22+'24'!F22+'25'!F22+'26'!F22+'27'!F22+'28'!F22+'29'!F22+'30'!F22+'31'!F22 -> 4 | G22: 0 | H22: =+'1'!H22+'2'!H22+'3'!H22+'4'!H22+'5'!H22+'6'!H22+'7'!H22+'8'!H22+'9'!H22+'10'!H22+'11'!H22+'12'!H22+'13'!H22+'14'!H22+'15'!H22+'16'!H22+'17'!H22+'18'!H22+'19'!H22+'20'!H22+'21'!H22+'22'!H22+'23'!H22+'24'!H22+'25'!H22+'26'!H22+'27'!H22+'28'!H22+'29'!H22+'30'!H22+'31'!H22 -> 8 | I22: 85 | J22: =+'1'!J22+'2'!J22+'3'!J22+'4'!J22+'5'!J22+'6'!J22+'7'!J22+'8'!J22+'9'!J22+'10'!J22+'11'!J22+'12'!J22+'13'!J22+'14'!J22+'15'!J22+'16'!J22+'17'!J22+'18'!J22+'19'!J22+'20'!J22+'21'!J22+'22'!J22+'23'!J22+'24'!J22+'25'!J22+'26'!J22+'27'!J22+'28'!J22+'29'!J22+'30'!J22+'31'!J22 -> 680 | L22: 18 | M22: =+'18'!K221 -> 3475 | N22: =+'18'!K226 -> 775 | Q22: =+'18'!K225 -> 0 | R22: =+'18'!K223 -> 1500 | S22: =+M22-N22-P22-R22-Q22 -> 1200 | T22: =+'18'!K228 -> 1200 | U22: =+T22-S22 -> 0
A23: 19 | B23: ชิฟฟ่อน สอดไส้ 6 ชิ้น รวมรส | C23: =+ยกมา!G23 -> 9 | D23: =+'1'!D23+'2'!D23+'3'!D23+'4'!D23+'5'!D23+'6'!D23+'7'!D23+'8'!D23+'9'!D23+'10'!D23+'11'!D23+'12'!D23+'13'!D23+'14'!D23+'15'!D23+'16'!D23+'17'!D23+'18'!D23+'19'!D23+'20'!D23+'21'!D23+'22'!D23+'23'!D23+'24'!D23+'25'!D23+'26'!D23+'27'!D23+'28'!D23+'29'!D23+'30'!D23+'31'!D23 -> 80 | E23: =+C23+D23 -> 89 | F23: =+'1'!F23+'2'!F23+'3'!F23+'4'!F23+'5'!F23+'6'!F23+'7'!F23+'8'!F23+'9'!F23+'10'!F23+'11'!F23+'12'!F23+'13'!F23+'14'!F23+'15'!F23+'16'!F23+'17'!F23+'18'!F23+'19'!F23+'20'!F23+'21'!F23+'22'!F23+'23'!F23+'24'!F23+'25'!F23+'26'!F23+'27'!F23+'28'!F23+'29'!F23+'30'!F23+'31'!F23 -> 15 | G23: 0 | H23: =+'1'!H23+'2'!H23+'3'!H23+'4'!H23+'5'!H23+'6'!H23+'7'!H23+'8'!H23+'9'!H23+'10'!H23+'11'!H23+'12'!H23+'13'!H23+'14'!H23+'15'!H23+'16'!H23+'17'!H23+'18'!H23+'19'!H23+'20'!H23+'21'!H23+'22'!H23+'23'!H23+'24'!H23+'25'!H23+'26'!H23+'27'!H23+'28'!H23+'29'!H23+'30'!H23+'31'!H23 -> 67 | I23: 100 | J23: =+'1'!J23+'2'!J23+'3'!J23+'4'!J23+'5'!J23+'6'!J23+'7'!J23+'8'!J23+'9'!J23+'10'!J23+'11'!J23+'12'!J23+'13'!J23+'14'!J23+'15'!J23+'16'!J23+'17'!J23+'18'!J23+'19'!J23+'20'!J23+'21'!J23+'22'!J23+'23'!J23+'24'!J23+'25'!J23+'26'!J23+'27'!J23+'28'!J23+'29'!J23+'30'!J23+'31'!J23 -> 6700 | L23: 19 | M23: =+'19'!K221 -> 2810 | N23: =+'19'!K226 -> 460 | Q23: =+'19'!K225 -> 0 | R23: =+'19'!K223 -> 860 | S23: =+M23-N23-P23-R23-Q23 -> 1490 | T23: =+'19'!K228 -> 1490 | U23: =+T23-S23 -> 0
A24: 20 | B24: ชิฟฟ่อน สอดไส้ 6 ชิ้น ฝอยทอง | C24: =+ยกมา!G24 -> 8 | D24: =+'1'!D24+'2'!D24+'3'!D24+'4'!D24+'5'!D24+'6'!D24+'7'!D24+'8'!D24+'9'!D24+'10'!D24+'11'!D24+'12'!D24+'13'!D24+'14'!D24+'15'!D24+'16'!D24+'17'!D24+'18'!D24+'19'!D24+'20'!D24+'21'!D24+'22'!D24+'23'!D24+'24'!D24+'25'!D24+'26'!D24+'27'!D24+'28'!D24+'29'!D24+'30'!D24+'31'!D24 -> 15 | E24: =+C24+D24 -> 23 | F24: =+'1'!F24+'2'!F24+'3'!F24+'4'!F24+'5'!F24+'6'!F24+'7'!F24+'8'!F24+'9'!F24+'10'!F24+'11'!F24+'12'!F24+'13'!F24+'14'!F24+'15'!F24+'16'!F24+'17'!F24+'18'!F24+'19'!F24+'20'!F24+'21'!F24+'22'!F24+'23'!F24+'24'!F24+'25'!F24+'26'!F24+'27'!F24+'28'!F24+'29'!F24+'30'!F24+'31'!F24 -> 3 | G24: 0 | H24: =+'1'!H24+'2'!H24+'3'!H24+'4'!H24+'5'!H24+'6'!H24+'7'!H24+'8'!H24+'9'!H24+'10'!H24+'11'!H24+'12'!H24+'13'!H24+'14'!H24+'15'!H24+'16'!H24+'17'!H24+'18'!H24+'19'!H24+'20'!H24+'21'!H24+'22'!H24+'23'!H24+'24'!H24+'25'!H24+'26'!H24+'27'!H24+'28'!H24+'29'!H24+'30'!H24+'31'!H24 -> 20 | I24: 100 | J24: =+'1'!J24+'2'!J24+'3'!J24+'4'!J24+'5'!J24+'6'!J24+'7'!J24+'8'!J24+'9'!J24+'10'!J24+'11'!J24+'12'!J24+'13'!J24+'14'!J24+'15'!J24+'16'!J24+'17'!J24+'18'!J24+'19'!J24+'20'!J24+'21'!J24+'22'!J24+'23'!J24+'24'!J24+'25'!J24+'26'!J24+'27'!J24+'28'!J24+'29'!J24+'30'!J24+'31'!J24 -> 2000 | L24: 20 | M24: =+'20'!K221 -> 1525 | N24: =+'20'!K226 -> 100 | Q24: =+'20'!K225 -> 0 | R24: =+'20'!K223 -> 185 | S24: =+M24-N24-P24-R24-Q24 -> 1240 | T24: =+'20'!K228 -> 1240 | U24: =+T24-S24 -> 0
A25: 21 | B25: ชิฟฟ่อน สอดไส้ 6 ชิ้น ทูโทน | C25: =+ยกมา!G25 -> 0 | D25: =+'1'!D25+'2'!D25+'3'!D25+'4'!D25+'5'!D25+'6'!D25+'7'!D25+'8'!D25+'9'!D25+'10'!D25+'11'!D25+'12'!D25+'13'!D25+'14'!D25+'15'!D25+'16'!D25+'17'!D25+'18'!D25+'19'!D25+'20'!D25+'21'!D25+'22'!D25+'23'!D25+'24'!D25+'25'!D25+'26'!D25+'27'!D25+'28'!D25+'29'!D25+'30'!D25+'31'!D25 -> 0 | E25: =+C25+D25 -> 0 | F25: =+'1'!F25+'2'!F25+'3'!F25+'4'!F25+'5'!F25+'6'!F25+'7'!F25+'8'!F25+'9'!F25+'10'!F25+'11'!F25+'12'!F25+'13'!F25+'14'!F25+'15'!F25+'16'!F25+'17'!F25+'18'!F25+'19'!F25+'20'!F25+'21'!F25+'22'!F25+'23'!F25+'24'!F25+'25'!F25+'26'!F25+'27'!F25+'28'!F25+'29'!F25+'30'!F25+'31'!F25 -> 0 | G25: 0 | H25: =+'1'!H25+'2'!H25+'3'!H25+'4'!H25+'5'!H25+'6'!H25+'7'!H25+'8'!H25+'9'!H25+'10'!H25+'11'!H25+'12'!H25+'13'!H25+'14'!H25+'15'!H25+'16'!H25+'17'!H25+'18'!H25+'19'!H25+'20'!H25+'21'!H25+'22'!H25+'23'!H25+'24'!H25+'25'!H25+'26'!H25+'27'!H25+'28'!H25+'29'!H25+'30'!H25+'31'!H25 -> 0 | I25: 100 | J25: =+'1'!J25+'2'!J25+'3'!J25+'4'!J25+'5'!J25+'6'!J25+'7'!J25+'8'!J25+'9'!J25+'10'!J25+'11'!J25+'12'!J25+'13'!J25+'14'!J25+'15'!J25+'16'!J25+'17'!J25+'18'!J25+'19'!J25+'20'!J25+'21'!J25+'22'!J25+'23'!J25+'24'!J25+'25'!J25+'26'!J25+'27'!J25+'28'!J25+'29'!J25+'30'!J25+'31'!J25 -> 0 | L25: 21 | M25: =+'21'!K221 -> 5330 | N25: =+'21'!K226 -> 1255 | Q25: =+'21'!K225 -> 0 | R25: =+'21'!K223 -> 1200 | S25: =+M25-N25-P25-R25-Q25 -> 2875 | T25: =+'21'!K228 -> 2875 | U25: =+T25-S25 -> 0
A26: 22 | B26: ชิฟฟ่อน สอดไส้ 6 ชิ้น นมชมพู | C26: =+ยกมา!G26 -> 1 | D26: =+'1'!D26+'2'!D26+'3'!D26+'4'!D26+'5'!D26+'6'!D26+'7'!D26+'8'!D26+'9'!D26+'10'!D26+'11'!D26+'12'!D26+'13'!D26+'14'!D26+'15'!D26+'16'!D26+'17'!D26+'18'!D26+'19'!D26+'20'!D26+'21'!D26+'22'!D26+'23'!D26+'24'!D26+'25'!D26+'26'!D26+'27'!D26+'28'!D26+'29'!D26+'30'!D26+'31'!D26 -> 4 | E26: =+C26+D26 -> 5 | F26: =+'1'!F26+'2'!F26+'3'!F26+'4'!F26+'5'!F26+'6'!F26+'7'!F26+'8'!F26+'9'!F26+'10'!F26+'11'!F26+'12'!F26+'13'!F26+'14'!F26+'15'!F26+'16'!F26+'17'!F26+'18'!F26+'19'!F26+'20'!F26+'21'!F26+'22'!F26+'23'!F26+'24'!F26+'25'!F26+'26'!F26+'27'!F26+'28'!F26+'29'!F26+'30'!F26+'31'!F26 -> 2 | G26: 0 | H26: =+'1'!H26+'2'!H26+'3'!H26+'4'!H26+'5'!H26+'6'!H26+'7'!H26+'8'!H26+'9'!H26+'10'!H26+'11'!H26+'12'!H26+'13'!H26+'14'!H26+'15'!H26+'16'!H26+'17'!H26+'18'!H26+'19'!H26+'20'!H26+'21'!H26+'22'!H26+'23'!H26+'24'!H26+'25'!H26+'26'!H26+'27'!H26+'28'!H26+'29'!H26+'30'!H26+'31'!H26 -> 2 | I26: 100 | J26: =+'1'!J26+'2'!J26+'3'!J26+'4'!J26+'5'!J26+'6'!J26+'7'!J26+'8'!J26+'9'!J26+'10'!J26+'11'!J26+'12'!J26+'13'!J26+'14'!J26+'15'!J26+'16'!J26+'17'!J26+'18'!J26+'19'!J26+'20'!J26+'21'!J26+'22'!J26+'23'!J26+'24'!J26+'25'!J26+'26'!J26+'27'!J26+'28'!J26+'29'!J26+'30'!J26+'31'!J26 -> 200 | L26: 22 | M26: =+'22'!K221 -> 2430 | N26: =+'22'!K226 -> 420 | Q26: =+'22'!K225 -> 0 | R26: =+'22'!K223 -> 1050 | S26: =+M26-N26-P26-R26-Q26 -> 960 | T26: =+'22'!K228 -> 960 | U26: =+T26-S26 -> 0
A27: 23 | B27: ชิฟฟ่อน สอดไส้ 6 ชิ้น บลูเบอรี่ | C27: =+ยกมา!G27 -> 1 | D27: =+'1'!D27+'2'!D27+'3'!D27+'4'!D27+'5'!D27+'6'!D27+'7'!D27+'8'!D27+'9'!D27+'10'!D27+'11'!D27+'12'!D27+'13'!D27+'14'!D27+'15'!D27+'16'!D27+'17'!D27+'18'!D27+'19'!D27+'20'!D27+'21'!D27+'22'!D27+'23'!D27+'24'!D27+'25'!D27+'26'!D27+'27'!D27+'28'!D27+'29'!D27+'30'!D27+'31'!D27 -> 4 | E27: =+C27+D27 -> 5 | F27: =+'1'!F27+'2'!F27+'3'!F27+'4'!F27+'5'!F27+'6'!F27+'7'!F27+'8'!F27+'9'!F27+'10'!F27+'11'!F27+'12'!F27+'13'!F27+'14'!F27+'15'!F27+'16'!F27+'17'!F27+'18'!F27+'19'!F27+'20'!F27+'21'!F27+'22'!F27+'23'!F27+'24'!F27+'25'!F27+'26'!F27+'27'!F27+'28'!F27+'29'!F27+'30'!F27+'31'!F27 -> 2 | G27: 0 | H27: =+'1'!H27+'2'!H27+'3'!H27+'4'!H27+'5'!H27+'6'!H27+'7'!H27+'8'!H27+'9'!H27+'10'!H27+'11'!H27+'12'!H27+'13'!H27+'14'!H27+'15'!H27+'16'!H27+'17'!H27+'18'!H27+'19'!H27+'20'!H27+'21'!H27+'22'!H27+'23'!H27+'24'!H27+'25'!H27+'26'!H27+'27'!H27+'28'!H27+'29'!H27+'30'!H27+'31'!H27 -> 2 | I27: 100 | J27: =+'1'!J27+'2'!J27+'3'!J27+'4'!J27+'5'!J27+'6'!J27+'7'!J27+'8'!J27+'9'!J27+'10'!J27+'11'!J27+'12'!J27+'13'!J27+'14'!J27+'15'!J27+'16'!J27+'17'!J27+'18'!J27+'19'!J27+'20'!J27+'21'!J27+'22'!J27+'23'!J27+'24'!J27+'25'!J27+'26'!J27+'27'!J27+'28'!J27+'29'!J27+'30'!J27+'31'!J27 -> 200 | L27: 23 | M27: =+'23'!K221 -> 3090 | N27: =+'23'!K226 -> 560 | Q27: =+'23'!K225 -> 0 | R27: =+'23'!K223 -> 0 | S27: =+M27-N27-P27-R27-Q27 -> 2530 | T27: =+'23'!K228 -> 2530 | U27: =+T27-S27 -> 0
A28: 24 | B28: ชิฟฟ่อน สอดไส้ 6 ชิ้น ช็อคโกแลต | C28: =+ยกมา!G28 -> 0 | D28: =+'1'!D28+'2'!D28+'3'!D28+'4'!D28+'5'!D28+'6'!D28+'7'!D28+'8'!D28+'9'!D28+'10'!D28+'11'!D28+'12'!D28+'13'!D28+'14'!D28+'15'!D28+'16'!D28+'17'!D28+'18'!D28+'19'!D28+'20'!D28+'21'!D28+'22'!D28+'23'!D28+'24'!D28+'25'!D28+'26'!D28+'27'!D28+'28'!D28+'29'!D28+'30'!D28+'31'!D28 -> 0 | E28: =+C28+D28 -> 0 | F28: =+'1'!F28+'2'!F28+'3'!F28+'4'!F28+'5'!F28+'6'!F28+'7'!F28+'8'!F28+'9'!F28+'10'!F28+'11'!F28+'12'!F28+'13'!F28+'14'!F28+'15'!F28+'16'!F28+'17'!F28+'18'!F28+'19'!F28+'20'!F28+'21'!F28+'22'!F28+'23'!F28+'24'!F28+'25'!F28+'26'!F28+'27'!F28+'28'!F28+'29'!F28+'30'!F28+'31'!F28 -> 0 | G28: 0 | H28: =+'1'!H28+'2'!H28+'3'!H28+'4'!H28+'5'!H28+'6'!H28+'7'!H28+'8'!H28+'9'!H28+'10'!H28+'11'!H28+'12'!H28+'13'!H28+'14'!H28+'15'!H28+'16'!H28+'17'!H28+'18'!H28+'19'!H28+'20'!H28+'21'!H28+'22'!H28+'23'!H28+'24'!H28+'25'!H28+'26'!H28+'27'!H28+'28'!H28+'29'!H28+'30'!H28+'31'!H28 -> 0 | I28: 100 | J28: =+'1'!J28+'2'!J28+'3'!J28+'4'!J28+'5'!J28+'6'!J28+'7'!J28+'8'!J28+'9'!J28+'10'!J28+'11'!J28+'12'!J28+'13'!J28+'14'!J28+'15'!J28+'16'!J28+'17'!J28+'18'!J28+'19'!J28+'20'!J28+'21'!J28+'22'!J28+'23'!J28+'24'!J28+'25'!J28+'26'!J28+'27'!J28+'28'!J28+'29'!J28+'30'!J28+'31'!J28 -> 0 | L28: 24 | M28: =+'24'!K221 -> 5385 | N28: =+'24'!K226 -> 775 | Q28: =+'24'!K225 -> 0 | R28: =+'24'!K223 -> 1360 | S28: =+M28-N28-P28-R28-Q28 -> 3250 | T28: =+'24'!K228 -> 3250 | U28: =+T28-S28 -> 0
A29: 25 | B29: ชิฟฟ่อน สอดไส้ 6 ชิ้น มะพร้าว | C29: =+ยกมา!G29 -> 4 | D29: =+'1'!D29+'2'!D29+'3'!D29+'4'!D29+'5'!D29+'6'!D29+'7'!D29+'8'!D29+'9'!D29+'10'!D29+'11'!D29+'12'!D29+'13'!D29+'14'!D29+'15'!D29+'16'!D29+'17'!D29+'18'!D29+'19'!D29+'20'!D29+'21'!D29+'22'!D29+'23'!D29+'24'!D29+'25'!D29+'26'!D29+'27'!D29+'28'!D29+'29'!D29+'30'!D29+'31'!D29 -> 4 | E29: =+C29+D29 -> 8 | F29: =+'1'!F29+'2'!F29+'3'!F29+'4'!F29+'5'!F29+'6'!F29+'7'!F29+'8'!F29+'9'!F29+'10'!F29+'11'!F29+'12'!F29+'13'!F29+'14'!F29+'15'!F29+'16'!F29+'17'!F29+'18'!F29+'19'!F29+'20'!F29+'21'!F29+'22'!F29+'23'!F29+'24'!F29+'25'!F29+'26'!F29+'27'!F29+'28'!F29+'29'!F29+'30'!F29+'31'!F29 -> 2 | G29: 0 | H29: =+'1'!H29+'2'!H29+'3'!H29+'4'!H29+'5'!H29+'6'!H29+'7'!H29+'8'!H29+'9'!H29+'10'!H29+'11'!H29+'12'!H29+'13'!H29+'14'!H29+'15'!H29+'16'!H29+'17'!H29+'18'!H29+'19'!H29+'20'!H29+'21'!H29+'22'!H29+'23'!H29+'24'!H29+'25'!H29+'26'!H29+'27'!H29+'28'!H29+'29'!H29+'30'!H29+'31'!H29 -> 4 | I29: 100 | J29: =+'1'!J29+'2'!J29+'3'!J29+'4'!J29+'5'!J29+'6'!J29+'7'!J29+'8'!J29+'9'!J29+'10'!J29+'11'!J29+'12'!J29+'13'!J29+'14'!J29+'15'!J29+'16'!J29+'17'!J29+'18'!J29+'19'!J29+'20'!J29+'21'!J29+'22'!J29+'23'!J29+'24'!J29+'25'!J29+'26'!J29+'27'!J29+'28'!J29+'29'!J29+'30'!J29+'31'!J29 -> 400 | L29: 25 | M29: =+'25'!K221 -> 5405 | N29: =+'25'!K226 -> 1100 | Q29: =+'25'!K225 -> 0 | R29: =+'25'!K223 -> 1950 | S29: =+M29-N29-P29-R29-Q29 -> 2355 | T29: =+'25'!K228 -> 2355 | U29: =+T29-S29 -> 0
A30: 26 | B30: ชิฟฟ่อน สอดไส้ 6 ชิ้น ส้ม | C30: =+ยกมา!G30 -> 0 | D30: =+'1'!D30+'2'!D30+'3'!D30+'4'!D30+'5'!D30+'6'!D30+'7'!D30+'8'!D30+'9'!D30+'10'!D30+'11'!D30+'12'!D30+'13'!D30+'14'!D30+'15'!D30+'16'!D30+'17'!D30+'18'!D30+'19'!D30+'20'!D30+'21'!D30+'22'!D30+'23'!D30+'24'!D30+'25'!D30+'26'!D30+'27'!D30+'28'!D30+'29'!D30+'30'!D30+'31'!D30 -> 0 | E30: =+C30+D30 -> 0 | F30: =+'1'!F30+'2'!F30+'3'!F30+'4'!F30+'5'!F30+'6'!F30+'7'!F30+'8'!F30+'9'!F30+'10'!F30+'11'!F30+'12'!F30+'13'!F30+'14'!F30+'15'!F30+'16'!F30+'17'!F30+'18'!F30+'19'!F30+'20'!F30+'21'!F30+'22'!F30+'23'!F30+'24'!F30+'25'!F30+'26'!F30+'27'!F30+'28'!F30+'29'!F30+'30'!F30+'31'!F30 -> 0 | G30: 0 | H30: =+'1'!H30+'2'!H30+'3'!H30+'4'!H30+'5'!H30+'6'!H30+'7'!H30+'8'!H30+'9'!H30+'10'!H30+'11'!H30+'12'!H30+'13'!H30+'14'!H30+'15'!H30+'16'!H30+'17'!H30+'18'!H30+'19'!H30+'20'!H30+'21'!H30+'22'!H30+'23'!H30+'24'!H30+'25'!H30+'26'!H30+'27'!H30+'28'!H30+'29'!H30+'30'!H30+'31'!H30 -> 0 | I30: 100 | J30: =+'1'!J30+'2'!J30+'3'!J30+'4'!J30+'5'!J30+'6'!J30+'7'!J30+'8'!J30+'9'!J30+'10'!J30+'11'!J30+'12'!J30+'13'!J30+'14'!J30+'15'!J30+'16'!J30+'17'!J30+'18'!J30+'19'!J30+'20'!J30+'21'!J30+'22'!J30+'23'!J30+'24'!J30+'25'!J30+'26'!J30+'27'!J30+'28'!J30+'29'!J30+'30'!J30+'31'!J30 -> 0 | L30: 26 | M30: =+'26'!K221 -> 2235 | N30: =+'26'!K226 -> 350 | Q30: =+'26'!K225 -> 0 | R30: =+'26'!K223 -> 1040 | S30: =+M30-N30-P30-R30-Q30 -> 845 | T30: =+'26'!K228 -> 845 | U30: =+T30-S30 -> 0
A31: 27 | B31: ชิฟฟ่อน สอดไส้ 6 ชิ้น สตรอเบอรี่ | C31: =+ยกมา!G31 -> 1 | D31: =+'1'!D31+'2'!D31+'3'!D31+'4'!D31+'5'!D31+'6'!D31+'7'!D31+'8'!D31+'9'!D31+'10'!D31+'11'!D31+'12'!D31+'13'!D31+'14'!D31+'15'!D31+'16'!D31+'17'!D31+'18'!D31+'19'!D31+'20'!D31+'21'!D31+'22'!D31+'23'!D31+'24'!D31+'25'!D31+'26'!D31+'27'!D31+'28'!D31+'29'!D31+'30'!D31+'31'!D31 -> 2 | E31: =+C31+D31 -> 3 | F31: =+'1'!F31+'2'!F31+'3'!F31+'4'!F31+'5'!F31+'6'!F31+'7'!F31+'8'!F31+'9'!F31+'10'!F31+'11'!F31+'12'!F31+'13'!F31+'14'!F31+'15'!F31+'16'!F31+'17'!F31+'18'!F31+'19'!F31+'20'!F31+'21'!F31+'22'!F31+'23'!F31+'24'!F31+'25'!F31+'26'!F31+'27'!F31+'28'!F31+'29'!F31+'30'!F31+'31'!F31 -> 0 | G31: 0 | H31: =+'1'!H31+'2'!H31+'3'!H31+'4'!H31+'5'!H31+'6'!H31+'7'!H31+'8'!H31+'9'!H31+'10'!H31+'11'!H31+'12'!H31+'13'!H31+'14'!H31+'15'!H31+'16'!H31+'17'!H31+'18'!H31+'19'!H31+'20'!H31+'21'!H31+'22'!H31+'23'!H31+'24'!H31+'25'!H31+'26'!H31+'27'!H31+'28'!H31+'29'!H31+'30'!H31+'31'!H31 -> 5 | I31: 100 | J31: =+'1'!J31+'2'!J31+'3'!J31+'4'!J31+'5'!J31+'6'!J31+'7'!J31+'8'!J31+'9'!J31+'10'!J31+'11'!J31+'12'!J31+'13'!J31+'14'!J31+'15'!J31+'16'!J31+'17'!J31+'18'!J31+'19'!J31+'20'!J31+'21'!J31+'22'!J31+'23'!J31+'24'!J31+'25'!J31+'26'!J31+'27'!J31+'28'!J31+'29'!J31+'30'!J31+'31'!J31 -> 500 | L31: 27 | M31: =+'27'!K221 -> 3105 | N31: =+'27'!K226 -> 460 | Q31: =+'27'!K225 -> 170 | R31: =+'27'!K223 -> 1100 | S31: =+M31-N31-P31-R31-Q31 -> 1375 | T31: =+'27'!K228 -> 1375 | U31: =+T31-S31 -> 0
A32: 28 | B32: ชิฟฟ่อน สอดไส้ (ญ) 8 ชิ้น ใบเตย | C32: =+ยกมา!G32 -> 0 | D32: =+'1'!D32+'2'!D32+'3'!D32+'4'!D32+'5'!D32+'6'!D32+'7'!D32+'8'!D32+'9'!D32+'10'!D32+'11'!D32+'12'!D32+'13'!D32+'14'!D32+'15'!D32+'16'!D32+'17'!D32+'18'!D32+'19'!D32+'20'!D32+'21'!D32+'22'!D32+'23'!D32+'24'!D32+'25'!D32+'26'!D32+'27'!D32+'28'!D32+'29'!D32+'30'!D32+'31'!D32 -> 0 | E32: =+C32+D32 -> 0 | F32: =+'1'!F32+'2'!F32+'3'!F32+'4'!F32+'5'!F32+'6'!F32+'7'!F32+'8'!F32+'9'!F32+'10'!F32+'11'!F32+'12'!F32+'13'!F32+'14'!F32+'15'!F32+'16'!F32+'17'!F32+'18'!F32+'19'!F32+'20'!F32+'21'!F32+'22'!F32+'23'!F32+'24'!F32+'25'!F32+'26'!F32+'27'!F32+'28'!F32+'29'!F32+'30'!F32+'31'!F32 -> 0 | G32: 0 | H32: =+'1'!H32+'2'!H32+'3'!H32+'4'!H32+'5'!H32+'6'!H32+'7'!H32+'8'!H32+'9'!H32+'10'!H32+'11'!H32+'12'!H32+'13'!H32+'14'!H32+'15'!H32+'16'!H32+'17'!H32+'18'!H32+'19'!H32+'20'!H32+'21'!H32+'22'!H32+'23'!H32+'24'!H32+'25'!H32+'26'!H32+'27'!H32+'28'!H32+'29'!H32+'30'!H32+'31'!H32 -> 0 | I32: 130 | J32: =+'1'!J32+'2'!J32+'3'!J32+'4'!J32+'5'!J32+'6'!J32+'7'!J32+'8'!J32+'9'!J32+'10'!J32+'11'!J32+'12'!J32+'13'!J32+'14'!J32+'15'!J32+'16'!J32+'17'!J32+'18'!J32+'19'!J32+'20'!J32+'21'!J32+'22'!J32+'23'!J32+'24'!J32+'25'!J32+'26'!J32+'27'!J32+'28'!J32+'29'!J32+'30'!J32+'31'!J32 -> 0 | L32: 28 | M32: =+'28'!K221 -> 5770 | N32: =+'28'!K226 -> 1380 | Q32: =+'28'!K225 -> 0 | R32: =+'28'!K223 -> 2940 | S32: =+M32-N32-P32-R32-Q32 -> 1450 | T32: =+'28'!K228 -> 1450 | U32: =+T32-S32 -> 0
A33: 29 | B33: ชิฟฟ่อน สอดไส้ (ญ) 8 ชิ้น ทูโทนใบเตย | C33: =+ยกมา!G33 -> 0 | D33: =+'1'!D33+'2'!D33+'3'!D33+'4'!D33+'5'!D33+'6'!D33+'7'!D33+'8'!D33+'9'!D33+'10'!D33+'11'!D33+'12'!D33+'13'!D33+'14'!D33+'15'!D33+'16'!D33+'17'!D33+'18'!D33+'19'!D33+'20'!D33+'21'!D33+'22'!D33+'23'!D33+'24'!D33+'25'!D33+'26'!D33+'27'!D33+'28'!D33+'29'!D33+'30'!D33+'31'!D33 -> 0 | E33: =+C33+D33 -> 0 | F33: =+'1'!F33+'2'!F33+'3'!F33+'4'!F33+'5'!F33+'6'!F33+'7'!F33+'8'!F33+'9'!F33+'10'!F33+'11'!F33+'12'!F33+'13'!F33+'14'!F33+'15'!F33+'16'!F33+'17'!F33+'18'!F33+'19'!F33+'20'!F33+'21'!F33+'22'!F33+'23'!F33+'24'!F33+'25'!F33+'26'!F33+'27'!F33+'28'!F33+'29'!F33+'30'!F33+'31'!F33 -> 0 | G33: 0 | H33: =+'1'!H33+'2'!H33+'3'!H33+'4'!H33+'5'!H33+'6'!H33+'7'!H33+'8'!H33+'9'!H33+'10'!H33+'11'!H33+'12'!H33+'13'!H33+'14'!H33+'15'!H33+'16'!H33+'17'!H33+'18'!H33+'19'!H33+'20'!H33+'21'!H33+'22'!H33+'23'!H33+'24'!H33+'25'!H33+'26'!H33+'27'!H33+'28'!H33+'29'!H33+'30'!H33+'31'!H33 -> 0 | I33: 130 | J33: =+'1'!J33+'2'!J33+'3'!J33+'4'!J33+'5'!J33+'6'!J33+'7'!J33+'8'!J33+'9'!J33+'10'!J33+'11'!J33+'12'!J33+'13'!J33+'14'!J33+'15'!J33+'16'!J33+'17'!J33+'18'!J33+'19'!J33+'20'!J33+'21'!J33+'22'!J33+'23'!J33+'24'!J33+'25'!J33+'26'!J33+'27'!J33+'28'!J33+'29'!J33+'30'!J33+'31'!J33 -> 0 | L33: 29 | M33: =+'29'!K221 -> 4385 | N33: =+'29'!K226 -> 990 | Q33: =+'29'!K225 -> 55 | R33: =+'29'!K223 -> 1570 | S33: =+M33-N33-P33-R33-Q33 -> 1770 | T33: =+'29'!K228 -> 1770 | U33: =+T33-S33 -> 0 | V33: บูธยังไม่โอน
A34: 30 | B34: ชิฟฟ่อน สอดไส้ (ญ) 8 ชิ้น รวมรส | C34: =+ยกมา!G34 -> 7 | D34: =+'1'!D34+'2'!D34+'3'!D34+'4'!D34+'5'!D34+'6'!D34+'7'!D34+'8'!D34+'9'!D34+'10'!D34+'11'!D34+'12'!D34+'13'!D34+'14'!D34+'15'!D34+'16'!D34+'17'!D34+'18'!D34+'19'!D34+'20'!D34+'21'!D34+'22'!D34+'23'!D34+'24'!D34+'25'!D34+'26'!D34+'27'!D34+'28'!D34+'29'!D34+'30'!D34+'31'!D34 -> 32 | E34: =+C34+D34 -> 39 | F34: =+'1'!F34+'2'!F34+'3'!F34+'4'!F34+'5'!F34+'6'!F34+'7'!F34+'8'!F34+'9'!F34+'10'!F34+'11'!F34+'12'!F34+'13'!F34+'14'!F34+'15'!F34+'16'!F34+'17'!F34+'18'!F34+'19'!F34+'20'!F34+'21'!F34+'22'!F34+'23'!F34+'24'!F34+'25'!F34+'26'!F34+'27'!F34+'28'!F34+'29'!F34+'30'!F34+'31'!F34 -> 1 | G34: 0 | H34: =+'1'!H34+'2'!H34+'3'!H34+'4'!H34+'5'!H34+'6'!H34+'7'!H34+'8'!H34+'9'!H34+'10'!H34+'11'!H34+'12'!H34+'13'!H34+'14'!H34+'15'!H34+'16'!H34+'17'!H34+'18'!H34+'19'!H34+'20'!H34+'21'!H34+'22'!H34+'23'!H34+'24'!H34+'25'!H34+'26'!H34+'27'!H34+'28'!H34+'29'!H34+'30'!H34+'31'!H34 -> 37 | I34: 130 | J34: =+'1'!J34+'2'!J34+'3'!J34+'4'!J34+'5'!J34+'6'!J34+'7'!J34+'8'!J34+'9'!J34+'10'!J34+'11'!J34+'12'!J34+'13'!J34+'14'!J34+'15'!J34+'16'!J34+'17'!J34+'18'!J34+'19'!J34+'20'!J34+'21'!J34+'22'!J34+'23'!J34+'24'!J34+'25'!J34+'26'!J34+'27'!J34+'28'!J34+'29'!J34+'30'!J34+'31'!J34 -> 4810 | L34: 30 | M34: =+'30'!K221 -> 0 | N34: =+'30'!K226 -> 0 | Q34: =+'30'!K225 -> 0 | R34: =+'30'!K223 -> 0 | S34: =+M34-N34-P34-R34-Q34 -> 0 | T34: =+'30'!K228 -> 0 | U34: =+T34-S34 -> 0
A35: 31 | B35: ชิฟฟ่อน สอดไส้ (ญ) 8 ชิ้น มะพร้าว | C35: =+ยกมา!G35 -> 5 | D35: =+'1'!D35+'2'!D35+'3'!D35+'4'!D35+'5'!D35+'6'!D35+'7'!D35+'8'!D35+'9'!D35+'10'!D35+'11'!D35+'12'!D35+'13'!D35+'14'!D35+'15'!D35+'16'!D35+'17'!D35+'18'!D35+'19'!D35+'20'!D35+'21'!D35+'22'!D35+'23'!D35+'24'!D35+'25'!D35+'26'!D35+'27'!D35+'28'!D35+'29'!D35+'30'!D35+'31'!D35 -> 25 | E35: =+C35+D35 -> 30 | F35: =+'1'!F35+'2'!F35+'3'!F35+'4'!F35+'5'!F35+'6'!F35+'7'!F35+'8'!F35+'9'!F35+'10'!F35+'11'!F35+'12'!F35+'13'!F35+'14'!F35+'15'!F35+'16'!F35+'17'!F35+'18'!F35+'19'!F35+'20'!F35+'21'!F35+'22'!F35+'23'!F35+'24'!F35+'25'!F35+'26'!F35+'27'!F35+'28'!F35+'29'!F35+'30'!F35+'31'!F35 -> 3 | G35: 0 | H35: =+'1'!H35+'2'!H35+'3'!H35+'4'!H35+'5'!H35+'6'!H35+'7'!H35+'8'!H35+'9'!H35+'10'!H35+'11'!H35+'12'!H35+'13'!H35+'14'!H35+'15'!H35+'16'!H35+'17'!H35+'18'!H35+'19'!H35+'20'!H35+'21'!H35+'22'!H35+'23'!H35+'24'!H35+'25'!H35+'26'!H35+'27'!H35+'28'!H35+'29'!H35+'30'!H35+'31'!H35 -> 27 | I35: 130 | J35: =+'1'!J35+'2'!J35+'3'!J35+'4'!J35+'5'!J35+'6'!J35+'7'!J35+'8'!J35+'9'!J35+'10'!J35+'11'!J35+'12'!J35+'13'!J35+'14'!J35+'15'!J35+'16'!J35+'17'!J35+'18'!J35+'19'!J35+'20'!J35+'21'!J35+'22'!J35+'23'!J35+'24'!J35+'25'!J35+'26'!J35+'27'!J35+'28'!J35+'29'!J35+'30'!J35+'31'!J35 -> 3510 | L35: 31 | M35: =+'31'!K221 -> 0 | N35: =+'31'!K226 -> 0 | Q35: =+'31'!K225 -> 0 | R35: =+'31'!K223 -> 0 | S35: =+M35-N35-P35-R35-Q35 -> 0 | T35: =+'31'!K228 -> 0 | U35: =+T35-S35 -> 0
A36: 32 | B36: ชิฟฟ่อน 8 ชิ้น มะลิ | C36: =+ยกมา!G36 -> 0 | D36: =+'1'!D36+'2'!D36+'3'!D36+'4'!D36+'5'!D36+'6'!D36+'7'!D36+'8'!D36+'9'!D36+'10'!D36+'11'!D36+'12'!D36+'13'!D36+'14'!D36+'15'!D36+'16'!D36+'17'!D36+'18'!D36+'19'!D36+'20'!D36+'21'!D36+'22'!D36+'23'!D36+'24'!D36+'25'!D36+'26'!D36+'27'!D36+'28'!D36+'29'!D36+'30'!D36+'31'!D36 -> 0 | E36: =+C36+D36 -> 0 | F36: =+'1'!F36+'2'!F36+'3'!F36+'4'!F36+'5'!F36+'6'!F36+'7'!F36+'8'!F36+'9'!F36+'10'!F36+'11'!F36+'12'!F36+'13'!F36+'14'!F36+'15'!F36+'16'!F36+'17'!F36+'18'!F36+'19'!F36+'20'!F36+'21'!F36+'22'!F36+'23'!F36+'24'!F36+'25'!F36+'26'!F36+'27'!F36+'28'!F36+'29'!F36+'30'!F36+'31'!F36 -> 0 | G36: 0 | H36: =+'1'!H36+'2'!H36+'3'!H36+'4'!H36+'5'!H36+'6'!H36+'7'!H36+'8'!H36+'9'!H36+'10'!H36+'11'!H36+'12'!H36+'13'!H36+'14'!H36+'15'!H36+'16'!H36+'17'!H36+'18'!H36+'19'!H36+'20'!H36+'21'!H36+'22'!H36+'23'!H36+'24'!H36+'25'!H36+'26'!H36+'27'!H36+'28'!H36+'29'!H36+'30'!H36+'31'!H36 -> 0 | I36: 100 | J36: =+'1'!J36+'2'!J36+'3'!J36+'4'!J36+'5'!J36+'6'!J36+'7'!J36+'8'!J36+'9'!J36+'10'!J36+'11'!J36+'12'!J36+'13'!J36+'14'!J36+'15'!J36+'16'!J36+'17'!J36+'18'!J36+'19'!J36+'20'!J36+'21'!J36+'22'!J36+'23'!J36+'24'!J36+'25'!J36+'26'!J36+'27'!J36+'28'!J36+'29'!J36+'30'!J36+'31'!J36 -> 0 | L36: รวม | M36: =SUM(M5:M35) -> 111065 | N36: =SUM(N5:N35) -> 20304 | O36: =SUM(O5:O35) -> 0 | P36: =SUM(P5:P35) -> 0 | Q36: =SUM(Q5:Q35) -> 683 | R36: =SUM(R5:R35) -> 30616 | S36: =SUM(S5:S35) -> 59462 | T36: =SUM(T5:T35) -> 59462 | U36: =SUM(U5:U35) -> 0
A37: 33 | B37: ชิฟฟ่อนรวมรส ยอดฮิต 8 ชิ้น | C37: =+ยกมา!G37 -> 10 | D37: =+'1'!D37+'2'!D37+'3'!D37+'4'!D37+'5'!D37+'6'!D37+'7'!D37+'8'!D37+'9'!D37+'10'!D37+'11'!D37+'12'!D37+'13'!D37+'14'!D37+'15'!D37+'16'!D37+'17'!D37+'18'!D37+'19'!D37+'20'!D37+'21'!D37+'22'!D37+'23'!D37+'24'!D37+'25'!D37+'26'!D37+'27'!D37+'28'!D37+'29'!D37+'30'!D37+'31'!D37 -> 90 | E37: =+C37+D37 -> 100 | F37: =+'1'!F37+'2'!F37+'3'!F37+'4'!F37+'5'!F37+'6'!F37+'7'!F37+'8'!F37+'9'!F37+'10'!F37+'11'!F37+'12'!F37+'13'!F37+'14'!F37+'15'!F37+'16'!F37+'17'!F37+'18'!F37+'19'!F37+'20'!F37+'21'!F37+'22'!F37+'23'!F37+'24'!F37+'25'!F37+'26'!F37+'27'!F37+'28'!F37+'29'!F37+'30'!F37+'31'!F37 -> 9 | G37: 0 | H37: =+'1'!H37+'2'!H37+'3'!H37+'4'!H37+'5'!H37+'6'!H37+'7'!H37+'8'!H37+'9'!H37+'10'!H37+'11'!H37+'12'!H37+'13'!H37+'14'!H37+'15'!H37+'16'!H37+'17'!H37+'18'!H37+'19'!H37+'20'!H37+'21'!H37+'22'!H37+'23'!H37+'24'!H37+'25'!H37+'26'!H37+'27'!H37+'28'!H37+'29'!H37+'30'!H37+'31'!H37 -> 87 | I37: 100 | J37: =+'1'!J37+'2'!J37+'3'!J37+'4'!J37+'5'!J37+'6'!J37+'7'!J37+'8'!J37+'9'!J37+'10'!J37+'11'!J37+'12'!J37+'13'!J37+'14'!J37+'15'!J37+'16'!J37+'17'!J37+'18'!J37+'19'!J37+'20'!J37+'21'!J37+'22'!J37+'23'!J37+'24'!J37+'25'!J37+'26'!J37+'27'!J37+'28'!J37+'29'!J37+'30'!J37+'31'!J37 -> 8700
A38: 34 | B38: ครีมฮอร์น วนิลา | C38: =+ยกมา!G38 -> 3 | D38: =+'1'!D38+'2'!D38+'3'!D38+'4'!D38+'5'!D38+'6'!D38+'7'!D38+'8'!D38+'9'!D38+'10'!D38+'11'!D38+'12'!D38+'13'!D38+'14'!D38+'15'!D38+'16'!D38+'17'!D38+'18'!D38+'19'!D38+'20'!D38+'21'!D38+'22'!D38+'23'!D38+'24'!D38+'25'!D38+'26'!D38+'27'!D38+'28'!D38+'29'!D38+'30'!D38+'31'!D38 -> 28 | E38: =+C38+D38 -> 31 | F38: =+'1'!F38+'2'!F38+'3'!F38+'4'!F38+'5'!F38+'6'!F38+'7'!F38+'8'!F38+'9'!F38+'10'!F38+'11'!F38+'12'!F38+'13'!F38+'14'!F38+'15'!F38+'16'!F38+'17'!F38+'18'!F38+'19'!F38+'20'!F38+'21'!F38+'22'!F38+'23'!F38+'24'!F38+'25'!F38+'26'!F38+'27'!F38+'28'!F38+'29'!F38+'30'!F38+'31'!F38 -> 1 | G38: 0 | H38: =+'1'!H38+'2'!H38+'3'!H38+'4'!H38+'5'!H38+'6'!H38+'7'!H38+'8'!H38+'9'!H38+'10'!H38+'11'!H38+'12'!H38+'13'!H38+'14'!H38+'15'!H38+'16'!H38+'17'!H38+'18'!H38+'19'!H38+'20'!H38+'21'!H38+'22'!H38+'23'!H38+'24'!H38+'25'!H38+'26'!H38+'27'!H38+'28'!H38+'29'!H38+'30'!H38+'31'!H38 -> 20 | I38: 50 | J38: =+'1'!J38+'2'!J38+'3'!J38+'4'!J38+'5'!J38+'6'!J38+'7'!J38+'8'!J38+'9'!J38+'10'!J38+'11'!J38+'12'!J38+'13'!J38+'14'!J38+'15'!J38+'16'!J38+'17'!J38+'18'!J38+'19'!J38+'20'!J38+'21'!J38+'22'!J38+'23'!J38+'24'!J38+'25'!J38+'26'!J38+'27'!J38+'28'!J38+'29'!J38+'30'!J38+'31'!J38 -> 1000
A39: 35 | B39: ครีมฮอร์น ใบเตย | C39: =+ยกมา!G39 -> 4 | D39: =+'1'!D39+'2'!D39+'3'!D39+'4'!D39+'5'!D39+'6'!D39+'7'!D39+'8'!D39+'9'!D39+'10'!D39+'11'!D39+'12'!D39+'13'!D39+'14'!D39+'15'!D39+'16'!D39+'17'!D39+'18'!D39+'19'!D39+'20'!D39+'21'!D39+'22'!D39+'23'!D39+'24'!D39+'25'!D39+'26'!D39+'27'!D39+'28'!D39+'29'!D39+'30'!D39+'31'!D39 -> 23 | E39: =+C39+D39 -> 27 | F39: =+'1'!F39+'2'!F39+'3'!F39+'4'!F39+'5'!F39+'6'!F39+'7'!F39+'8'!F39+'9'!F39+'10'!F39+'11'!F39+'12'!F39+'13'!F39+'14'!F39+'15'!F39+'16'!F39+'17'!F39+'18'!F39+'19'!F39+'20'!F39+'21'!F39+'22'!F39+'23'!F39+'24'!F39+'25'!F39+'26'!F39+'27'!F39+'28'!F39+'29'!F39+'30'!F39+'31'!F39 -> 2 | G39: 0 | H39: =+'1'!H39+'2'!H39+'3'!H39+'4'!H39+'5'!H39+'6'!H39+'7'!H39+'8'!H39+'9'!H39+'10'!H39+'11'!H39+'12'!H39+'13'!H39+'14'!H39+'15'!H39+'16'!H39+'17'!H39+'18'!H39+'19'!H39+'20'!H39+'21'!H39+'22'!H39+'23'!H39+'24'!H39+'25'!H39+'26'!H39+'27'!H39+'28'!H39+'29'!H39+'30'!H39+'31'!H39 -> 15 | I39: 50 | J39: =+'1'!J39+'2'!J39+'3'!J39+'4'!J39+'5'!J39+'6'!J39+'7'!J39+'8'!J39+'9'!J39+'10'!J39+'11'!J39+'12'!J39+'13'!J39+'14'!J39+'15'!J39+'16'!J39+'17'!J39+'18'!J39+'19'!J39+'20'!J39+'21'!J39+'22'!J39+'23'!J39+'24'!J39+'25'!J39+'26'!J39+'27'!J39+'28'!J39+'29'!J39+'30'!J39+'31'!J39 -> 750
A40: 36 | B40: ครีมฮอร์น ช็อคโกแลต | C40: =+ยกมา!G40 -> 4 | D40: =+'1'!D40+'2'!D40+'3'!D40+'4'!D40+'5'!D40+'6'!D40+'7'!D40+'8'!D40+'9'!D40+'10'!D40+'11'!D40+'12'!D40+'13'!D40+'14'!D40+'15'!D40+'16'!D40+'17'!D40+'18'!D40+'19'!D40+'20'!D40+'21'!D40+'22'!D40+'23'!D40+'24'!D40+'25'!D40+'26'!D40+'27'!D40+'28'!D40+'29'!D40+'30'!D40+'31'!D40 -> 21 | E40: =+C40+D40 -> 25 | F40: =+'1'!F40+'2'!F40+'3'!F40+'4'!F40+'5'!F40+'6'!F40+'7'!F40+'8'!F40+'9'!F40+'10'!F40+'11'!F40+'12'!F40+'13'!F40+'14'!F40+'15'!F40+'16'!F40+'17'!F40+'18'!F40+'19'!F40+'20'!F40+'21'!F40+'22'!F40+'23'!F40+'24'!F40+'25'!F40+'26'!F40+'27'!F40+'28'!F40+'29'!F40+'30'!F40+'31'!F40 -> 2 | G40: 0 | H40: =+'1'!H40+'2'!H40+'3'!H40+'4'!H40+'5'!H40+'6'!H40+'7'!H40+'8'!H40+'9'!H40+'10'!H40+'11'!H40+'12'!H40+'13'!H40+'14'!H40+'15'!H40+'16'!H40+'17'!H40+'18'!H40+'19'!H40+'20'!H40+'21'!H40+'22'!H40+'23'!H40+'24'!H40+'25'!H40+'26'!H40+'27'!H40+'28'!H40+'29'!H40+'30'!H40+'31'!H40 -> 13 | I40: 50 | J40: =+'1'!J40+'2'!J40+'3'!J40+'4'!J40+'5'!J40+'6'!J40+'7'!J40+'8'!J40+'9'!J40+'10'!J40+'11'!J40+'12'!J40+'13'!J40+'14'!J40+'15'!J40+'16'!J40+'17'!J40+'18'!J40+'19'!J40+'20'!J40+'21'!J40+'22'!J40+'23'!J40+'24'!J40+'25'!J40+'26'!J40+'27'!J40+'28'!J40+'29'!J40+'30'!J40+'31'!J40 -> 650
A41: 37 | B41: เบาหวิว (ล) ใหม่ รสกล้วยหอมมะพร้าวเผา | C41: =+ยกมา!G41 -> 4 | D41: =+'1'!D41+'2'!D41+'3'!D41+'4'!D41+'5'!D41+'6'!D41+'7'!D41+'8'!D41+'9'!D41+'10'!D41+'11'!D41+'12'!D41+'13'!D41+'14'!D41+'15'!D41+'16'!D41+'17'!D41+'18'!D41+'19'!D41+'20'!D41+'21'!D41+'22'!D41+'23'!D41+'24'!D41+'25'!D41+'26'!D41+'27'!D41+'28'!D41+'29'!D41+'30'!D41+'31'!D41 -> 10 | E41: =+C41+D41 -> 14 | F41: =+'1'!F41+'2'!F41+'3'!F41+'4'!F41+'5'!F41+'6'!F41+'7'!F41+'8'!F41+'9'!F41+'10'!F41+'11'!F41+'12'!F41+'13'!F41+'14'!F41+'15'!F41+'16'!F41+'17'!F41+'18'!F41+'19'!F41+'20'!F41+'21'!F41+'22'!F41+'23'!F41+'24'!F41+'25'!F41+'26'!F41+'27'!F41+'28'!F41+'29'!F41+'30'!F41+'31'!F41 -> 3 | G41: 0 | H41: =+'1'!H41+'2'!H41+'3'!H41+'4'!H41+'5'!H41+'6'!H41+'7'!H41+'8'!H41+'9'!H41+'10'!H41+'11'!H41+'12'!H41+'13'!H41+'14'!H41+'15'!H41+'16'!H41+'17'!H41+'18'!H41+'19'!H41+'20'!H41+'21'!H41+'22'!H41+'23'!H41+'24'!H41+'25'!H41+'26'!H41+'27'!H41+'28'!H41+'29'!H41+'30'!H41+'31'!H41 -> 8 | I41: 50 | J41: =+'1'!J41+'2'!J41+'3'!J41+'4'!J41+'5'!J41+'6'!J41+'7'!J41+'8'!J41+'9'!J41+'10'!J41+'11'!J41+'12'!J41+'13'!J41+'14'!J41+'15'!J41+'16'!J41+'17'!J41+'18'!J41+'19'!J41+'20'!J41+'21'!J41+'22'!J41+'23'!J41+'24'!J41+'25'!J41+'26'!J41+'27'!J41+'28'!J41+'29'!J41+'30'!J41+'31'!J41 -> 400
A42: 38 | B42: เบาหวิว (ล) ใหม่ เผือกมะพร้าว | C42: =+ยกมา!G42 -> 8 | D42: =+'1'!D42+'2'!D42+'3'!D42+'4'!D42+'5'!D42+'6'!D42+'7'!D42+'8'!D42+'9'!D42+'10'!D42+'11'!D42+'12'!D42+'13'!D42+'14'!D42+'15'!D42+'16'!D42+'17'!D42+'18'!D42+'19'!D42+'20'!D42+'21'!D42+'22'!D42+'23'!D42+'24'!D42+'25'!D42+'26'!D42+'27'!D42+'28'!D42+'29'!D42+'30'!D42+'31'!D42 -> 7 | E42: =+C42+D42 -> 15 | F42: =+'1'!F42+'2'!F42+'3'!F42+'4'!F42+'5'!F42+'6'!F42+'7'!F42+'8'!F42+'9'!F42+'10'!F42+'11'!F42+'12'!F42+'13'!F42+'14'!F42+'15'!F42+'16'!F42+'17'!F42+'18'!F42+'19'!F42+'20'!F42+'21'!F42+'22'!F42+'23'!F42+'24'!F42+'25'!F42+'26'!F42+'27'!F42+'28'!F42+'29'!F42+'30'!F42+'31'!F42 -> 5 | G42: 0 | H42: =+'1'!H42+'2'!H42+'3'!H42+'4'!H42+'5'!H42+'6'!H42+'7'!H42+'8'!H42+'9'!H42+'10'!H42+'11'!H42+'12'!H42+'13'!H42+'14'!H42+'15'!H42+'16'!H42+'17'!H42+'18'!H42+'19'!H42+'20'!H42+'21'!H42+'22'!H42+'23'!H42+'24'!H42+'25'!H42+'26'!H42+'27'!H42+'28'!H42+'29'!H42+'30'!H42+'31'!H42 -> 10 | I42: 50 | J42: =+'1'!J42+'2'!J42+'3'!J42+'4'!J42+'5'!J42+'6'!J42+'7'!J42+'8'!J42+'9'!J42+'10'!J42+'11'!J42+'12'!J42+'13'!J42+'14'!J42+'15'!J42+'16'!J42+'17'!J42+'18'!J42+'19'!J42+'20'!J42+'21'!J42+'22'!J42+'23'!J42+'24'!J42+'25'!J42+'26'!J42+'27'!J42+'28'!J42+'29'!J42+'30'!J42+'31'!J42 -> 500
A43: 39 | B43: เบาหวิว (ล) ใหม่ กาแฟ | C43: =+ยกมา!G43 -> 3 | D43: =+'1'!D43+'2'!D43+'3'!D43+'4'!D43+'5'!D43+'6'!D43+'7'!D43+'8'!D43+'9'!D43+'10'!D43+'11'!D43+'12'!D43+'13'!D43+'14'!D43+'15'!D43+'16'!D43+'17'!D43+'18'!D43+'19'!D43+'20'!D43+'21'!D43+'22'!D43+'23'!D43+'24'!D43+'25'!D43+'26'!D43+'27'!D43+'28'!D43+'29'!D43+'30'!D43+'31'!D43 -> 4 | E43: =+C43+D43 -> 7 | F43: =+'1'!F43+'2'!F43+'3'!F43+'4'!F43+'5'!F43+'6'!F43+'7'!F43+'8'!F43+'9'!F43+'10'!F43+'11'!F43+'12'!F43+'13'!F43+'14'!F43+'15'!F43+'16'!F43+'17'!F43+'18'!F43+'19'!F43+'20'!F43+'21'!F43+'22'!F43+'23'!F43+'24'!F43+'25'!F43+'26'!F43+'27'!F43+'28'!F43+'29'!F43+'30'!F43+'31'!F43 -> 0 | G43: 0 | H43: =+'1'!H43+'2'!H43+'3'!H43+'4'!H43+'5'!H43+'6'!H43+'7'!H43+'8'!H43+'9'!H43+'10'!H43+'11'!H43+'12'!H43+'13'!H43+'14'!H43+'15'!H43+'16'!H43+'17'!H43+'18'!H43+'19'!H43+'20'!H43+'21'!H43+'22'!H43+'23'!H43+'24'!H43+'25'!H43+'26'!H43+'27'!H43+'28'!H43+'29'!H43+'30'!H43+'31'!H43 -> 4 | I43: 50 | J43: =+'1'!J43+'2'!J43+'3'!J43+'4'!J43+'5'!J43+'6'!J43+'7'!J43+'8'!J43+'9'!J43+'10'!J43+'11'!J43+'12'!J43+'13'!J43+'14'!J43+'15'!J43+'16'!J43+'17'!J43+'18'!J43+'19'!J43+'20'!J43+'21'!J43+'22'!J43+'23'!J43+'24'!J43+'25'!J43+'26'!J43+'27'!J43+'28'!J43+'29'!J43+'30'!J43+'31'!J43 -> 200
A44: 40 | B44: เบาหวิว (ล) ใหม่ เนยนม | C44: =+ยกมา!G44 -> 6 | D44: =+'1'!D44+'2'!D44+'3'!D44+'4'!D44+'5'!D44+'6'!D44+'7'!D44+'8'!D44+'9'!D44+'10'!D44+'11'!D44+'12'!D44+'13'!D44+'14'!D44+'15'!D44+'16'!D44+'17'!D44+'18'!D44+'19'!D44+'20'!D44+'21'!D44+'22'!D44+'23'!D44+'24'!D44+'25'!D44+'26'!D44+'27'!D44+'28'!D44+'29'!D44+'30'!D44+'31'!D44 -> 16 | E44: =+C44+D44 -> 22 | F44: =+'1'!F44+'2'!F44+'3'!F44+'4'!F44+'5'!F44+'6'!F44+'7'!F44+'8'!F44+'9'!F44+'10'!F44+'11'!F44+'12'!F44+'13'!F44+'14'!F44+'15'!F44+'16'!F44+'17'!F44+'18'!F44+'19'!F44+'20'!F44+'21'!F44+'22'!F44+'23'!F44+'24'!F44+'25'!F44+'26'!F44+'27'!F44+'28'!F44+'29'!F44+'30'!F44+'31'!F44 -> 6 | G44: 0 | H44: =+'1'!H44+'2'!H44+'3'!H44+'4'!H44+'5'!H44+'6'!H44+'7'!H44+'8'!H44+'9'!H44+'10'!H44+'11'!H44+'12'!H44+'13'!H44+'14'!H44+'15'!H44+'16'!H44+'17'!H44+'18'!H44+'19'!H44+'20'!H44+'21'!H44+'22'!H44+'23'!H44+'24'!H44+'25'!H44+'26'!H44+'27'!H44+'28'!H44+'29'!H44+'30'!H44+'31'!H44 -> 10 | I44: 50 | J44: =+'1'!J44+'2'!J44+'3'!J44+'4'!J44+'5'!J44+'6'!J44+'7'!J44+'8'!J44+'9'!J44+'10'!J44+'11'!J44+'12'!J44+'13'!J44+'14'!J44+'15'!J44+'16'!J44+'17'!J44+'18'!J44+'19'!J44+'20'!J44+'21'!J44+'22'!J44+'23'!J44+'24'!J44+'25'!J44+'26'!J44+'27'!J44+'28'!J44+'29'!J44+'30'!J44+'31'!J44 -> 500
A45: 41 | B45: เบาหวิว (ล) ใหม่ ใบเตย | C45: =+ยกมา!G45 -> 0 | D45: =+'1'!D45+'2'!D45+'3'!D45+'4'!D45+'5'!D45+'6'!D45+'7'!D45+'8'!D45+'9'!D45+'10'!D45+'11'!D45+'12'!D45+'13'!D45+'14'!D45+'15'!D45+'16'!D45+'17'!D45+'18'!D45+'19'!D45+'20'!D45+'21'!D45+'22'!D45+'23'!D45+'24'!D45+'25'!D45+'26'!D45+'27'!D45+'28'!D45+'29'!D45+'30'!D45+'31'!D45 -> 5 | E45: =+C45+D45 -> 5 | F45: =+'1'!F45+'2'!F45+'3'!F45+'4'!F45+'5'!F45+'6'!F45+'7'!F45+'8'!F45+'9'!F45+'10'!F45+'11'!F45+'12'!F45+'13'!F45+'14'!F45+'15'!F45+'16'!F45+'17'!F45+'18'!F45+'19'!F45+'20'!F45+'21'!F45+'22'!F45+'23'!F45+'24'!F45+'25'!F45+'26'!F45+'27'!F45+'28'!F45+'29'!F45+'30'!F45+'31'!F45 -> 5 | G45: 0 | H45: =+'1'!H45+'2'!H45+'3'!H45+'4'!H45+'5'!H45+'6'!H45+'7'!H45+'8'!H45+'9'!H45+'10'!H45+'11'!H45+'12'!H45+'13'!H45+'14'!H45+'15'!H45+'16'!H45+'17'!H45+'18'!H45+'19'!H45+'20'!H45+'21'!H45+'22'!H45+'23'!H45+'24'!H45+'25'!H45+'26'!H45+'27'!H45+'28'!H45+'29'!H45+'30'!H45+'31'!H45 -> 0 | I45: 50 | J45: =+'1'!J45+'2'!J45+'3'!J45+'4'!J45+'5'!J45+'6'!J45+'7'!J45+'8'!J45+'9'!J45+'10'!J45+'11'!J45+'12'!J45+'13'!J45+'14'!J45+'15'!J45+'16'!J45+'17'!J45+'18'!J45+'19'!J45+'20'!J45+'21'!J45+'22'!J45+'23'!J45+'24'!J45+'25'!J45+'26'!J45+'27'!J45+'28'!J45+'29'!J45+'30'!J45+'31'!J45 -> 0
A46: 42 | B46: เบาหวิว (ล) ใหม่ มะพร้าว | C46: =+ยกมา!G46 -> 6 | D46: =+'1'!D46+'2'!D46+'3'!D46+'4'!D46+'5'!D46+'6'!D46+'7'!D46+'8'!D46+'9'!D46+'10'!D46+'11'!D46+'12'!D46+'13'!D46+'14'!D46+'15'!D46+'16'!D46+'17'!D46+'18'!D46+'19'!D46+'20'!D46+'21'!D46+'22'!D46+'23'!D46+'24'!D46+'25'!D46+'26'!D46+'27'!D46+'28'!D46+'29'!D46+'30'!D46+'31'!D46 -> 7 | E46: =+C46+D46 -> 13 | F46: =+'1'!F46+'2'!F46+'3'!F46+'4'!F46+'5'!F46+'6'!F46+'7'!F46+'8'!F46+'9'!F46+'10'!F46+'11'!F46+'12'!F46+'13'!F46+'14'!F46+'15'!F46+'16'!F46+'17'!F46+'18'!F46+'19'!F46+'20'!F46+'21'!F46+'22'!F46+'23'!F46+'24'!F46+'25'!F46+'26'!F46+'27'!F46+'28'!F46+'29'!F46+'30'!F46+'31'!F46 -> 0 | G46: 0 | H46: =+'1'!H46+'2'!H46+'3'!H46+'4'!H46+'5'!H46+'6'!H46+'7'!H46+'8'!H46+'9'!H46+'10'!H46+'11'!H46+'12'!H46+'13'!H46+'14'!H46+'15'!H46+'16'!H46+'17'!H46+'18'!H46+'19'!H46+'20'!H46+'21'!H46+'22'!H46+'23'!H46+'24'!H46+'25'!H46+'26'!H46+'27'!H46+'28'!H46+'29'!H46+'30'!H46+'31'!H46 -> 8 | I46: 50 | J46: =+'1'!J46+'2'!J46+'3'!J46+'4'!J46+'5'!J46+'6'!J46+'7'!J46+'8'!J46+'9'!J46+'10'!J46+'11'!J46+'12'!J46+'13'!J46+'14'!J46+'15'!J46+'16'!J46+'17'!J46+'18'!J46+'19'!J46+'20'!J46+'21'!J46+'22'!J46+'23'!J46+'24'!J46+'25'!J46+'26'!J46+'27'!J46+'28'!J46+'29'!J46+'30'!J46+'31'!J46 -> 400
A47: 43 | B47: เบาหวิว (ล) ใหม่ ฝอยทอง | C47: =+ยกมา!G47 -> 7 | D47: =+'1'!D47+'2'!D47+'3'!D47+'4'!D47+'5'!D47+'6'!D47+'7'!D47+'8'!D47+'9'!D47+'10'!D47+'11'!D47+'12'!D47+'13'!D47+'14'!D47+'15'!D47+'16'!D47+'17'!D47+'18'!D47+'19'!D47+'20'!D47+'21'!D47+'22'!D47+'23'!D47+'24'!D47+'25'!D47+'26'!D47+'27'!D47+'28'!D47+'29'!D47+'30'!D47+'31'!D47 -> 10 | E47: =+C47+D47 -> 17 | F47: =+'1'!F47+'2'!F47+'3'!F47+'4'!F47+'5'!F47+'6'!F47+'7'!F47+'8'!F47+'9'!F47+'10'!F47+'11'!F47+'12'!F47+'13'!F47+'14'!F47+'15'!F47+'16'!F47+'17'!F47+'18'!F47+'19'!F47+'20'!F47+'21'!F47+'22'!F47+'23'!F47+'24'!F47+'25'!F47+'26'!F47+'27'!F47+'28'!F47+'29'!F47+'30'!F47+'31'!F47 -> 0 | G47: 0 | H47: =+'1'!H47+'2'!H47+'3'!H47+'4'!H47+'5'!H47+'6'!H47+'7'!H47+'8'!H47+'9'!H47+'10'!H47+'11'!H47+'12'!H47+'13'!H47+'14'!H47+'15'!H47+'16'!H47+'17'!H47+'18'!H47+'19'!H47+'20'!H47+'21'!H47+'22'!H47+'23'!H47+'24'!H47+'25'!H47+'26'!H47+'27'!H47+'28'!H47+'29'!H47+'30'!H47+'31'!H47 -> 15 | I47: 50 | J47: =+'1'!J47+'2'!J47+'3'!J47+'4'!J47+'5'!J47+'6'!J47+'7'!J47+'8'!J47+'9'!J47+'10'!J47+'11'!J47+'12'!J47+'13'!J47+'14'!J47+'15'!J47+'16'!J47+'17'!J47+'18'!J47+'19'!J47+'20'!J47+'21'!J47+'22'!J47+'23'!J47+'24'!J47+'25'!J47+'26'!J47+'27'!J47+'28'!J47+'29'!J47+'30'!J47+'31'!J47 -> 750
A48: 44 | B48: เบาหวิว (ล) ใหม่ ทุเรียน | C48: =+ยกมา!G48 -> 7 | D48: =+'1'!D48+'2'!D48+'3'!D48+'4'!D48+'5'!D48+'6'!D48+'7'!D48+'8'!D48+'9'!D48+'10'!D48+'11'!D48+'12'!D48+'13'!D48+'14'!D48+'15'!D48+'16'!D48+'17'!D48+'18'!D48+'19'!D48+'20'!D48+'21'!D48+'22'!D48+'23'!D48+'24'!D48+'25'!D48+'26'!D48+'27'!D48+'28'!D48+'29'!D48+'30'!D48+'31'!D48 -> 5 | E48: =+C48+D48 -> 12 | F48: =+'1'!F48+'2'!F48+'3'!F48+'4'!F48+'5'!F48+'6'!F48+'7'!F48+'8'!F48+'9'!F48+'10'!F48+'11'!F48+'12'!F48+'13'!F48+'14'!F48+'15'!F48+'16'!F48+'17'!F48+'18'!F48+'19'!F48+'20'!F48+'21'!F48+'22'!F48+'23'!F48+'24'!F48+'25'!F48+'26'!F48+'27'!F48+'28'!F48+'29'!F48+'30'!F48+'31'!F48 -> 2 | G48: 0 | H48: =+'1'!H48+'2'!H48+'3'!H48+'4'!H48+'5'!H48+'6'!H48+'7'!H48+'8'!H48+'9'!H48+'10'!H48+'11'!H48+'12'!H48+'13'!H48+'14'!H48+'15'!H48+'16'!H48+'17'!H48+'18'!H48+'19'!H48+'20'!H48+'21'!H48+'22'!H48+'23'!H48+'24'!H48+'25'!H48+'26'!H48+'27'!H48+'28'!H48+'29'!H48+'30'!H48+'31'!H48 -> 7 | I48: 50 | J48: =+'1'!J48+'2'!J48+'3'!J48+'4'!J48+'5'!J48+'6'!J48+'7'!J48+'8'!J48+'9'!J48+'10'!J48+'11'!J48+'12'!J48+'13'!J48+'14'!J48+'15'!J48+'16'!J48+'17'!J48+'18'!J48+'19'!J48+'20'!J48+'21'!J48+'22'!J48+'23'!J48+'24'!J48+'25'!J48+'26'!J48+'27'!J48+'28'!J48+'29'!J48+'30'!J48+'31'!J48 -> 350
... A188: 184 | B188: นมเปรี้ยว | C188: =+ยกมา!G188 -> 0 | D188: =+'1'!D188+'2'!D188+'3'!D188+'4'!D188+'5'!D188+'6'!D188+'7'!D188+'8'!D188+'9'!D188+'10'!D188+'11'!D188+'12'!D188+'13'!D188+'14'!D188+'15'!D188+'16'!D188+'17'!D188+'18'!D188+'19'!D188+'20'!D188+'21'!D188+'22'!D188+'23'!D188+'24'!D188+'25'!D188+'26'!D188+'27'!D188+'28'!D188+'29'!D188+'30'!D188+'31'!D188 -> 0 | E188: =+C188+D188 -> 0 | F188: =+'1'!F188+'2'!F188+'3'!F188+'4'!F188+'5'!F188+'6'!F188+'7'!F188+'8'!F188+'9'!F188+'10'!F188+'11'!F188+'12'!F188+'13'!F188+'14'!F188+'15'!F188+'16'!F188+'17'!F188+'18'!F188+'19'!F188+'20'!F188+'21'!F188+'22'!F188+'23'!F188+'24'!F188+'25'!F188+'26'!F188+'27'!F188+'28'!F188+'29'!F188+'30'!F188+'31'!F188 -> 0 | G188: 0 | H188: =+'1'!H188+'2'!H188+'3'!H188+'4'!H188+'5'!H188+'6'!H188+'7'!H188+'8'!H188+'9'!H188+'10'!H188+'11'!H188+'12'!H188+'13'!H188+'14'!H188+'15'!H188+'16'!H188+'17'!H188+'18'!H188+'19'!H188+'20'!H188+'21'!H188+'22'!H188+'23'!H188+'24'!H188+'25'!H188+'26'!H188+'27'!H188+'28'!H188+'29'!H188+'30'!H188+'31'!H188 -> 0 | I188: 10 | J188: =+'1'!J188+'2'!J188+'3'!J188+'4'!J188+'5'!J188+'6'!J188+'7'!J188+'8'!J188+'9'!J188+'10'!J188+'11'!J188+'12'!J188+'13'!J188+'14'!J188+'15'!J188+'16'!J188+'17'!J188+'18'!J188+'19'!J188+'20'!J188+'21'!J188+'22'!J188+'23'!J188+'24'!J188+'25'!J188+'26'!J188+'27'!J188+'28'!J188+'29'!J188+'30'!J188+'31'!J188 -> 0
A189: 185 | B189: เจ้หมวย | C189: =+ยกมา!G189 -> 0 | D189: =+'1'!D189+'2'!D189+'3'!D189+'4'!D189+'5'!D189+'6'!D189+'7'!D189+'8'!D189+'9'!D189+'10'!D189+'11'!D189+'12'!D189+'13'!D189+'14'!D189+'15'!D189+'16'!D189+'17'!D189+'18'!D189+'19'!D189+'20'!D189+'21'!D189+'22'!D189+'23'!D189+'24'!D189+'25'!D189+'26'!D189+'27'!D189+'28'!D189+'29'!D189+'30'!D189+'31'!D189 -> 0 | E189: =+C189+D189 -> 0 | F189: =+'1'!F189+'2'!F189+'3'!F189+'4'!F189+'5'!F189+'6'!F189+'7'!F189+'8'!F189+'9'!F189+'10'!F189+'11'!F189+'12'!F189+'13'!F189+'14'!F189+'15'!F189+'16'!F189+'17'!F189+'18'!F189+'19'!F189+'20'!F189+'21'!F189+'22'!F189+'23'!F189+'24'!F189+'25'!F189+'26'!F189+'27'!F189+'28'!F189+'29'!F189+'30'!F189+'31'!F189 -> 0 | G189: 0 | H189: =+'1'!H189+'2'!H189+'3'!H189+'4'!H189+'5'!H189+'6'!H189+'7'!H189+'8'!H189+'9'!H189+'10'!H189+'11'!H189+'12'!H189+'13'!H189+'14'!H189+'15'!H189+'16'!H189+'17'!H189+'18'!H189+'19'!H189+'20'!H189+'21'!H189+'22'!H189+'23'!H189+'24'!H189+'25'!H189+'26'!H189+'27'!H189+'28'!H189+'29'!H189+'30'!H189+'31'!H189 -> 0 | J189: =+'1'!J189+'2'!J189+'3'!J189+'4'!J189+'5'!J189+'6'!J189+'7'!J189+'8'!J189+'9'!J189+'10'!J189+'11'!J189+'12'!J189+'13'!J189+'14'!J189+'15'!J189+'16'!J189+'17'!J189+'18'!J189+'19'!J189+'20'!J189+'21'!J189+'22'!J189+'23'!J189+'24'!J189+'25'!J189+'26'!J189+'27'!J189+'28'!J189+'29'!J189+'30'!J189+'31'!J189 -> 0
A190: 186 | B190: ลูกค้าพี่น้อย | C190: =+ยกมา!G190 -> 0 | D190: =+'1'!D190+'2'!D190+'3'!D190+'4'!D190+'5'!D190+'6'!D190+'7'!D190+'8'!D190+'9'!D190+'10'!D190+'11'!D190+'12'!D190+'13'!D190+'14'!D190+'15'!D190+'16'!D190+'17'!D190+'18'!D190+'19'!D190+'20'!D190+'21'!D190+'22'!D190+'23'!D190+'24'!D190+'25'!D190+'26'!D190+'27'!D190+'28'!D190+'29'!D190+'30'!D190+'31'!D190 -> 0 | E190: =+C190+D190 -> 0 | F190: =+'1'!F190+'2'!F190+'3'!F190+'4'!F190+'5'!F190+'6'!F190+'7'!F190+'8'!F190+'9'!F190+'10'!F190+'11'!F190+'12'!F190+'13'!F190+'14'!F190+'15'!F190+'16'!F190+'17'!F190+'18'!F190+'19'!F190+'20'!F190+'21'!F190+'22'!F190+'23'!F190+'24'!F190+'25'!F190+'26'!F190+'27'!F190+'28'!F190+'29'!F190+'30'!F190+'31'!F190 -> 0 | G190: 0 | H190: =+'1'!H190+'2'!H190+'3'!H190+'4'!H190+'5'!H190+'6'!H190+'7'!H190+'8'!H190+'9'!H190+'10'!H190+'11'!H190+'12'!H190+'13'!H190+'14'!H190+'15'!H190+'16'!H190+'17'!H190+'18'!H190+'19'!H190+'20'!H190+'21'!H190+'22'!H190+'23'!H190+'24'!H190+'25'!H190+'26'!H190+'27'!H190+'28'!H190+'29'!H190+'30'!H190+'31'!H190 -> 0 | I190: 0 | J190: =+'1'!J190+'2'!J190+'3'!J190+'4'!J190+'5'!J190+'6'!J190+'7'!J190+'8'!J190+'9'!J190+'10'!J190+'11'!J190+'12'!J190+'13'!J190+'14'!J190+'15'!J190+'16'!J190+'17'!J190+'18'!J190+'19'!J190+'20'!J190+'21'!J190+'22'!J190+'23'!J190+'24'!J190+'25'!J190+'26'!J190+'27'!J190+'28'!J190+'29'!J190+'30'!J190+'31'!J190 -> 0
A191: 187 | B191: จัดกระเช้า | C191: =+ยกมา!G191 -> 0 | D191: =+'1'!D191+'2'!D191+'3'!D191+'4'!D191+'5'!D191+'6'!D191+'7'!D191+'8'!D191+'9'!D191+'10'!D191+'11'!D191+'12'!D191+'13'!D191+'14'!D191+'15'!D191+'16'!D191+'17'!D191+'18'!D191+'19'!D191+'20'!D191+'21'!D191+'22'!D191+'23'!D191+'24'!D191+'25'!D191+'26'!D191+'27'!D191+'28'!D191+'29'!D191+'30'!D191+'31'!D191 -> 0 | E191: =+C191+D191 -> 0 | F191: =+'1'!F191+'2'!F191+'3'!F191+'4'!F191+'5'!F191+'6'!F191+'7'!F191+'8'!F191+'9'!F191+'10'!F191+'11'!F191+'12'!F191+'13'!F191+'14'!F191+'15'!F191+'16'!F191+'17'!F191+'18'!F191+'19'!F191+'20'!F191+'21'!F191+'22'!F191+'23'!F191+'24'!F191+'25'!F191+'26'!F191+'27'!F191+'28'!F191+'29'!F191+'30'!F191+'31'!F191 -> 0 | G191: 0 | H191: =+'1'!H191+'2'!H191+'3'!H191+'4'!H191+'5'!H191+'6'!H191+'7'!H191+'8'!H191+'9'!H191+'10'!H191+'11'!H191+'12'!H191+'13'!H191+'14'!H191+'15'!H191+'16'!H191+'17'!H191+'18'!H191+'19'!H191+'20'!H191+'21'!H191+'22'!H191+'23'!H191+'24'!H191+'25'!H191+'26'!H191+'27'!H191+'28'!H191+'29'!H191+'30'!H191+'31'!H191 -> 0 | I191: 800 | J191: =+'1'!J191+'2'!J191+'3'!J191+'4'!J191+'5'!J191+'6'!J191+'7'!J191+'8'!J191+'9'!J191+'10'!J191+'11'!J191+'12'!J191+'13'!J191+'14'!J191+'15'!J191+'16'!J191+'17'!J191+'18'!J191+'19'!J191+'20'!J191+'21'!J191+'22'!J191+'23'!J191+'24'!J191+'25'!J191+'26'!J191+'27'!J191+'28'!J191+'29'!J191+'30'!J191+'31'!J191 -> 0
A192: 188 | B192: เปี๊ยะสติ๊กไก่หยอง | C192: =+ยกมา!G192 -> 0 | D192: =+'1'!D192+'2'!D192+'3'!D192+'4'!D192+'5'!D192+'6'!D192+'7'!D192+'8'!D192+'9'!D192+'10'!D192+'11'!D192+'12'!D192+'13'!D192+'14'!D192+'15'!D192+'16'!D192+'17'!D192+'18'!D192+'19'!D192+'20'!D192+'21'!D192+'22'!D192+'23'!D192+'24'!D192+'25'!D192+'26'!D192+'27'!D192+'28'!D192+'29'!D192+'30'!D192+'31'!D192 -> 0 | E192: =+C192+D192 -> 0 | F192: =+'1'!F192+'2'!F192+'3'!F192+'4'!F192+'5'!F192+'6'!F192+'7'!F192+'8'!F192+'9'!F192+'10'!F192+'11'!F192+'12'!F192+'13'!F192+'14'!F192+'15'!F192+'16'!F192+'17'!F192+'18'!F192+'19'!F192+'20'!F192+'21'!F192+'22'!F192+'23'!F192+'24'!F192+'25'!F192+'26'!F192+'27'!F192+'28'!F192+'29'!F192+'30'!F192+'31'!F192 -> 0 | G192: 0 | H192: =+'1'!H192+'2'!H192+'3'!H192+'4'!H192+'5'!H192+'6'!H192+'7'!H192+'8'!H192+'9'!H192+'10'!H192+'11'!H192+'12'!H192+'13'!H192+'14'!H192+'15'!H192+'16'!H192+'17'!H192+'18'!H192+'19'!H192+'20'!H192+'21'!H192+'22'!H192+'23'!H192+'24'!H192+'25'!H192+'26'!H192+'27'!H192+'28'!H192+'29'!H192+'30'!H192+'31'!H192 -> 0 | I192: 35 | J192: =+'1'!J192+'2'!J192+'3'!J192+'4'!J192+'5'!J192+'6'!J192+'7'!J192+'8'!J192+'9'!J192+'10'!J192+'11'!J192+'12'!J192+'13'!J192+'14'!J192+'15'!J192+'16'!J192+'17'!J192+'18'!J192+'19'!J192+'20'!J192+'21'!J192+'22'!J192+'23'!J192+'24'!J192+'25'!J192+'26'!J192+'27'!J192+'28'!J192+'29'!J192+'30'!J192+'31'!J192 -> 0
A193: 189 | B193: ถั่วลันเตา | C193: =+ยกมา!G193 -> 0 | D193: =+'1'!D193+'2'!D193+'3'!D193+'4'!D193+'5'!D193+'6'!D193+'7'!D193+'8'!D193+'9'!D193+'10'!D193+'11'!D193+'12'!D193+'13'!D193+'14'!D193+'15'!D193+'16'!D193+'17'!D193+'18'!D193+'19'!D193+'20'!D193+'21'!D193+'22'!D193+'23'!D193+'24'!D193+'25'!D193+'26'!D193+'27'!D193+'28'!D193+'29'!D193+'30'!D193+'31'!D193 -> 0 | E193: =+C193+D193 -> 0 | F193: =+'1'!F193+'2'!F193+'3'!F193+'4'!F193+'5'!F193+'6'!F193+'7'!F193+'8'!F193+'9'!F193+'10'!F193+'11'!F193+'12'!F193+'13'!F193+'14'!F193+'15'!F193+'16'!F193+'17'!F193+'18'!F193+'19'!F193+'20'!F193+'21'!F193+'22'!F193+'23'!F193+'24'!F193+'25'!F193+'26'!F193+'27'!F193+'28'!F193+'29'!F193+'30'!F193+'31'!F193 -> 0 | G193: 0 | H193: =+'1'!H193+'2'!H193+'3'!H193+'4'!H193+'5'!H193+'6'!H193+'7'!H193+'8'!H193+'9'!H193+'10'!H193+'11'!H193+'12'!H193+'13'!H193+'14'!H193+'15'!H193+'16'!H193+'17'!H193+'18'!H193+'19'!H193+'20'!H193+'21'!H193+'22'!H193+'23'!H193+'24'!H193+'25'!H193+'26'!H193+'27'!H193+'28'!H193+'29'!H193+'30'!H193+'31'!H193 -> 0 | I193: 40 | J193: =+'1'!J193+'2'!J193+'3'!J193+'4'!J193+'5'!J193+'6'!J193+'7'!J193+'8'!J193+'9'!J193+'10'!J193+'11'!J193+'12'!J193+'13'!J193+'14'!J193+'15'!J193+'16'!J193+'17'!J193+'18'!J193+'19'!J193+'20'!J193+'21'!J193+'22'!J193+'23'!J193+'24'!J193+'25'!J193+'26'!J193+'27'!J193+'28'!J193+'29'!J193+'30'!J193+'31'!J193 -> 0
A194: 190 | B194: ลาวา (ล) ฝอยทอง | C194: =+ยกมา!G194 -> 0 | D194: =+'1'!D194+'2'!D194+'3'!D194+'4'!D194+'5'!D194+'6'!D194+'7'!D194+'8'!D194+'9'!D194+'10'!D194+'11'!D194+'12'!D194+'13'!D194+'14'!D194+'15'!D194+'16'!D194+'17'!D194+'18'!D194+'19'!D194+'20'!D194+'21'!D194+'22'!D194+'23'!D194+'24'!D194+'25'!D194+'26'!D194+'27'!D194+'28'!D194+'29'!D194+'30'!D194+'31'!D194 -> 0 | E194: =+C194+D194 -> 0 | F194: =+'1'!F194+'2'!F194+'3'!F194+'4'!F194+'5'!F194+'6'!F194+'7'!F194+'8'!F194+'9'!F194+'10'!F194+'11'!F194+'12'!F194+'13'!F194+'14'!F194+'15'!F194+'16'!F194+'17'!F194+'18'!F194+'19'!F194+'20'!F194+'21'!F194+'22'!F194+'23'!F194+'24'!F194+'25'!F194+'26'!F194+'27'!F194+'28'!F194+'29'!F194+'30'!F194+'31'!F194 -> 0 | G194: 0 | H194: =+'1'!H194+'2'!H194+'3'!H194+'4'!H194+'5'!H194+'6'!H194+'7'!H194+'8'!H194+'9'!H194+'10'!H194+'11'!H194+'12'!H194+'13'!H194+'14'!H194+'15'!H194+'16'!H194+'17'!H194+'18'!H194+'19'!H194+'20'!H194+'21'!H194+'22'!H194+'23'!H194+'24'!H194+'25'!H194+'26'!H194+'27'!H194+'28'!H194+'29'!H194+'30'!H194+'31'!H194 -> 0 | I194: 50 | J194: =+'1'!J194+'2'!J194+'3'!J194+'4'!J194+'5'!J194+'6'!J194+'7'!J194+'8'!J194+'9'!J194+'10'!J194+'11'!J194+'12'!J194+'13'!J194+'14'!J194+'15'!J194+'16'!J194+'17'!J194+'18'!J194+'19'!J194+'20'!J194+'21'!J194+'22'!J194+'23'!J194+'24'!J194+'25'!J194+'26'!J194+'27'!J194+'28'!J194+'29'!J194+'30'!J194+'31'!J194 -> 0
A195: 191 | B195: เปี๊ยะลาวาไข่เค็ม 1 ชิ้น | C195: =+ยกมา!G195 -> 0 | D195: =+'1'!D195+'2'!D195+'3'!D195+'4'!D195+'5'!D195+'6'!D195+'7'!D195+'8'!D195+'9'!D195+'10'!D195+'11'!D195+'12'!D195+'13'!D195+'14'!D195+'15'!D195+'16'!D195+'17'!D195+'18'!D195+'19'!D195+'20'!D195+'21'!D195+'22'!D195+'23'!D195+'24'!D195+'25'!D195+'26'!D195+'27'!D195+'28'!D195+'29'!D195+'30'!D195+'31'!D195 -> 0 | E195: =+C195+D195 -> 0 | F195: =+'1'!F195+'2'!F195+'3'!F195+'4'!F195+'5'!F195+'6'!F195+'7'!F195+'8'!F195+'9'!F195+'10'!F195+'11'!F195+'12'!F195+'13'!F195+'14'!F195+'15'!F195+'16'!F195+'17'!F195+'18'!F195+'19'!F195+'20'!F195+'21'!F195+'22'!F195+'23'!F195+'24'!F195+'25'!F195+'26'!F195+'27'!F195+'28'!F195+'29'!F195+'30'!F195+'31'!F195 -> 0 | G195: 0 | H195: =+'1'!H195+'2'!H195+'3'!H195+'4'!H195+'5'!H195+'6'!H195+'7'!H195+'8'!H195+'9'!H195+'10'!H195+'11'!H195+'12'!H195+'13'!H195+'14'!H195+'15'!H195+'16'!H195+'17'!H195+'18'!H195+'19'!H195+'20'!H195+'21'!H195+'22'!H195+'23'!H195+'24'!H195+'25'!H195+'26'!H195+'27'!H195+'28'!H195+'29'!H195+'30'!H195+'31'!H195 -> 0 | I195: 25 | J195: =+'1'!J195+'2'!J195+'3'!J195+'4'!J195+'5'!J195+'6'!J195+'7'!J195+'8'!J195+'9'!J195+'10'!J195+'11'!J195+'12'!J195+'13'!J195+'14'!J195+'15'!J195+'16'!J195+'17'!J195+'18'!J195+'19'!J195+'20'!J195+'21'!J195+'22'!J195+'23'!J195+'24'!J195+'25'!J195+'26'!J195+'27'!J195+'28'!J195+'29'!J195+'30'!J195+'31'!J195 -> 0
A196: 192 | B196: กระเช้า 14 นิ้ว | C196: =+ยกมา!G196 -> 14 | D196: =+'1'!D196+'2'!D196+'3'!D196+'4'!D196+'5'!D196+'6'!D196+'7'!D196+'8'!D196+'9'!D196+'10'!D196+'11'!D196+'12'!D196+'13'!D196+'14'!D196+'15'!D196+'16'!D196+'17'!D196+'18'!D196+'19'!D196+'20'!D196+'21'!D196+'22'!D196+'23'!D196+'24'!D196+'25'!D196+'26'!D196+'27'!D196+'28'!D196+'29'!D196+'30'!D196+'31'!D196 -> 0 | E196: =+C196+D196 -> 14 | F196: =+'1'!F196+'2'!F196+'3'!F196+'4'!F196+'5'!F196+'6'!F196+'7'!F196+'8'!F196+'9'!F196+'10'!F196+'11'!F196+'12'!F196+'13'!F196+'14'!F196+'15'!F196+'16'!F196+'17'!F196+'18'!F196+'19'!F196+'20'!F196+'21'!F196+'22'!F196+'23'!F196+'24'!F196+'25'!F196+'26'!F196+'27'!F196+'28'!F196+'29'!F196+'30'!F196+'31'!F196 -> 14 | G196: 0 | H196: =+'1'!H196+'2'!H196+'3'!H196+'4'!H196+'5'!H196+'6'!H196+'7'!H196+'8'!H196+'9'!H196+'10'!H196+'11'!H196+'12'!H196+'13'!H196+'14'!H196+'15'!H196+'16'!H196+'17'!H196+'18'!H196+'19'!H196+'20'!H196+'21'!H196+'22'!H196+'23'!H196+'24'!H196+'25'!H196+'26'!H196+'27'!H196+'28'!H196+'29'!H196+'30'!H196+'31'!H196 -> 0 | I196: 200 | J196: =+'1'!J196+'2'!J196+'3'!J196+'4'!J196+'5'!J196+'6'!J196+'7'!J196+'8'!J196+'9'!J196+'10'!J196+'11'!J196+'12'!J196+'13'!J196+'14'!J196+'15'!J196+'16'!J196+'17'!J196+'18'!J196+'19'!J196+'20'!J196+'21'!J196+'22'!J196+'23'!J196+'24'!J196+'25'!J196+'26'!J196+'27'!J196+'28'!J196+'29'!J196+'30'!J196+'31'!J196 -> 0
A197: 193 | B197: กระเช้า 16 นิ้ว | C197: =+ยกมา!G197 -> 0 | D197: =+'1'!D197+'2'!D197+'3'!D197+'4'!D197+'5'!D197+'6'!D197+'7'!D197+'8'!D197+'9'!D197+'10'!D197+'11'!D197+'12'!D197+'13'!D197+'14'!D197+'15'!D197+'16'!D197+'17'!D197+'18'!D197+'19'!D197+'20'!D197+'21'!D197+'22'!D197+'23'!D197+'24'!D197+'25'!D197+'26'!D197+'27'!D197+'28'!D197+'29'!D197+'30'!D197+'31'!D197 -> 0 | E197: =+C197+D197 -> 0 | F197: =+'1'!F197+'2'!F197+'3'!F197+'4'!F197+'5'!F197+'6'!F197+'7'!F197+'8'!F197+'9'!F197+'10'!F197+'11'!F197+'12'!F197+'13'!F197+'14'!F197+'15'!F197+'16'!F197+'17'!F197+'18'!F197+'19'!F197+'20'!F197+'21'!F197+'22'!F197+'23'!F197+'24'!F197+'25'!F197+'26'!F197+'27'!F197+'28'!F197+'29'!F197+'30'!F197+'31'!F197 -> 0 | G197: 0 | H197: =+'1'!H197+'2'!H197+'3'!H197+'4'!H197+'5'!H197+'6'!H197+'7'!H197+'8'!H197+'9'!H197+'10'!H197+'11'!H197+'12'!H197+'13'!H197+'14'!H197+'15'!H197+'16'!H197+'17'!H197+'18'!H197+'19'!H197+'20'!H197+'21'!H197+'22'!H197+'23'!H197+'24'!H197+'25'!H197+'26'!H197+'27'!H197+'28'!H197+'29'!H197+'30'!H197+'31'!H197 -> 0 | I197: 0 | J197: =+'1'!J197+'2'!J197+'3'!J197+'4'!J197+'5'!J197+'6'!J197+'7'!J197+'8'!J197+'9'!J197+'10'!J197+'11'!J197+'12'!J197+'13'!J197+'14'!J197+'15'!J197+'16'!J197+'17'!J197+'18'!J197+'19'!J197+'20'!J197+'21'!J197+'22'!J197+'23'!J197+'24'!J197+'25'!J197+'26'!J197+'27'!J197+'28'!J197+'29'!J197+'30'!J197+'31'!J197 -> 0
A198: 194 | B198: กระเช้า 12 นิ้ว | C198: =+ยกมา!G198 -> 0 | D198: =+'1'!D198+'2'!D198+'3'!D198+'4'!D198+'5'!D198+'6'!D198+'7'!D198+'8'!D198+'9'!D198+'10'!D198+'11'!D198+'12'!D198+'13'!D198+'14'!D198+'15'!D198+'16'!D198+'17'!D198+'18'!D198+'19'!D198+'20'!D198+'21'!D198+'22'!D198+'23'!D198+'24'!D198+'25'!D198+'26'!D198+'27'!D198+'28'!D198+'29'!D198+'30'!D198+'31'!D198 -> 0 | E198: =+C198+D198 -> 0 | F198: =+'1'!F198+'2'!F198+'3'!F198+'4'!F198+'5'!F198+'6'!F198+'7'!F198+'8'!F198+'9'!F198+'10'!F198+'11'!F198+'12'!F198+'13'!F198+'14'!F198+'15'!F198+'16'!F198+'17'!F198+'18'!F198+'19'!F198+'20'!F198+'21'!F198+'22'!F198+'23'!F198+'24'!F198+'25'!F198+'26'!F198+'27'!F198+'28'!F198+'29'!F198+'30'!F198+'31'!F198 -> 0 | G198: 0 | H198: =+'1'!H198+'2'!H198+'3'!H198+'4'!H198+'5'!H198+'6'!H198+'7'!H198+'8'!H198+'9'!H198+'10'!H198+'11'!H198+'12'!H198+'13'!H198+'14'!H198+'15'!H198+'16'!H198+'17'!H198+'18'!H198+'19'!H198+'20'!H198+'21'!H198+'22'!H198+'23'!H198+'24'!H198+'25'!H198+'26'!H198+'27'!H198+'28'!H198+'29'!H198+'30'!H198+'31'!H198 -> 0 | I198: 150 | J198: =+'1'!J198+'2'!J198+'3'!J198+'4'!J198+'5'!J198+'6'!J198+'7'!J198+'8'!J198+'9'!J198+'10'!J198+'11'!J198+'12'!J198+'13'!J198+'14'!J198+'15'!J198+'16'!J198+'17'!J198+'18'!J198+'19'!J198+'20'!J198+'21'!J198+'22'!J198+'23'!J198+'24'!J198+'25'!J198+'26'!J198+'27'!J198+'28'!J198+'29'!J198+'30'!J198+'31'!J198 -> 0
A199: 195 | B199: ปังเลเยอร์ | C199: =+ยกมา!G199 -> 0 | D199: =+'1'!D199+'2'!D199+'3'!D199+'4'!D199+'5'!D199+'6'!D199+'7'!D199+'8'!D199+'9'!D199+'10'!D199+'11'!D199+'12'!D199+'13'!D199+'14'!D199+'15'!D199+'16'!D199+'17'!D199+'18'!D199+'19'!D199+'20'!D199+'21'!D199+'22'!D199+'23'!D199+'24'!D199+'25'!D199+'26'!D199+'27'!D199+'28'!D199+'29'!D199+'30'!D199+'31'!D199 -> 0 | E199: =+C199+D199 -> 0 | F199: =+'1'!F199+'2'!F199+'3'!F199+'4'!F199+'5'!F199+'6'!F199+'7'!F199+'8'!F199+'9'!F199+'10'!F199+'11'!F199+'12'!F199+'13'!F199+'14'!F199+'15'!F199+'16'!F199+'17'!F199+'18'!F199+'19'!F199+'20'!F199+'21'!F199+'22'!F199+'23'!F199+'24'!F199+'25'!F199+'26'!F199+'27'!F199+'28'!F199+'29'!F199+'30'!F199+'31'!F199 -> 0 | G199: 0 | H199: =+'1'!H199+'2'!H199+'3'!H199+'4'!H199+'5'!H199+'6'!H199+'7'!H199+'8'!H199+'9'!H199+'10'!H199+'11'!H199+'12'!H199+'13'!H199+'14'!H199+'15'!H199+'16'!H199+'17'!H199+'18'!H199+'19'!H199+'20'!H199+'21'!H199+'22'!H199+'23'!H199+'24'!H199+'25'!H199+'26'!H199+'27'!H199+'28'!H199+'29'!H199+'30'!H199+'31'!H199 -> 0 | I199: 65 | J199: =+'1'!J199+'2'!J199+'3'!J199+'4'!J199+'5'!J199+'6'!J199+'7'!J199+'8'!J199+'9'!J199+'10'!J199+'11'!J199+'12'!J199+'13'!J199+'14'!J199+'15'!J199+'16'!J199+'17'!J199+'18'!J199+'19'!J199+'20'!J199+'21'!J199+'22'!J199+'23'!J199+'24'!J199+'25'!J199+'26'!J199+'27'!J199+'28'!J199+'29'!J199+'30'!J199+'31'!J199 -> 0
A200: 196 | B200: กล่องจัดเบรค | C200: =+ยกมา!G200 -> 119 | D200: =+'1'!D200+'2'!D200+'3'!D200+'4'!D200+'5'!D200+'6'!D200+'7'!D200+'8'!D200+'9'!D200+'10'!D200+'11'!D200+'12'!D200+'13'!D200+'14'!D200+'15'!D200+'16'!D200+'17'!D200+'18'!D200+'19'!D200+'20'!D200+'21'!D200+'22'!D200+'23'!D200+'24'!D200+'25'!D200+'26'!D200+'27'!D200+'28'!D200+'29'!D200+'30'!D200+'31'!D200 -> 0 | E200: =+C200+D200 -> 119 | F200: =+'1'!F200+'2'!F200+'3'!F200+'4'!F200+'5'!F200+'6'!F200+'7'!F200+'8'!F200+'9'!F200+'10'!F200+'11'!F200+'12'!F200+'13'!F200+'14'!F200+'15'!F200+'16'!F200+'17'!F200+'18'!F200+'19'!F200+'20'!F200+'21'!F200+'22'!F200+'23'!F200+'24'!F200+'25'!F200+'26'!F200+'27'!F200+'28'!F200+'29'!F200+'30'!F200+'31'!F200 -> 40 | G200: 0 | H200: =+'1'!H200+'2'!H200+'3'!H200+'4'!H200+'5'!H200+'6'!H200+'7'!H200+'8'!H200+'9'!H200+'10'!H200+'11'!H200+'12'!H200+'13'!H200+'14'!H200+'15'!H200+'16'!H200+'17'!H200+'18'!H200+'19'!H200+'20'!H200+'21'!H200+'22'!H200+'23'!H200+'24'!H200+'25'!H200+'26'!H200+'27'!H200+'28'!H200+'29'!H200+'30'!H200+'31'!H200 -> 28 | I200: 0 | J200: =+'1'!J200+'2'!J200+'3'!J200+'4'!J200+'5'!J200+'6'!J200+'7'!J200+'8'!J200+'9'!J200+'10'!J200+'11'!J200+'12'!J200+'13'!J200+'14'!J200+'15'!J200+'16'!J200+'17'!J200+'18'!J200+'19'!J200+'20'!J200+'21'!J200+'22'!J200+'23'!J200+'24'!J200+'25'!J200+'26'!J200+'27'!J200+'28'!J200+'29'!J200+'30'!J200+'31'!J200 -> 0
A201: 197 | B201: จัดชุดเบรค | C201: =+ยกมา!G201 -> 0 | D201: =+'1'!D201+'2'!D201+'3'!D201+'4'!D201+'5'!D201+'6'!D201+'7'!D201+'8'!D201+'9'!D201+'10'!D201+'11'!D201+'12'!D201+'13'!D201+'14'!D201+'15'!D201+'16'!D201+'17'!D201+'18'!D201+'19'!D201+'20'!D201+'21'!D201+'22'!D201+'23'!D201+'24'!D201+'25'!D201+'26'!D201+'27'!D201+'28'!D201+'29'!D201+'30'!D201+'31'!D201 -> 68 | E201: =+C201+D201 -> 68 | F201: =+'1'!F201+'2'!F201+'3'!F201+'4'!F201+'5'!F201+'6'!F201+'7'!F201+'8'!F201+'9'!F201+'10'!F201+'11'!F201+'12'!F201+'13'!F201+'14'!F201+'15'!F201+'16'!F201+'17'!F201+'18'!F201+'19'!F201+'20'!F201+'21'!F201+'22'!F201+'23'!F201+'24'!F201+'25'!F201+'26'!F201+'27'!F201+'28'!F201+'29'!F201+'30'!F201+'31'!F201 -> 0 | G201: 0 | H201: =+'1'!H201+'2'!H201+'3'!H201+'4'!H201+'5'!H201+'6'!H201+'7'!H201+'8'!H201+'9'!H201+'10'!H201+'11'!H201+'12'!H201+'13'!H201+'14'!H201+'15'!H201+'16'!H201+'17'!H201+'18'!H201+'19'!H201+'20'!H201+'21'!H201+'22'!H201+'23'!H201+'24'!H201+'25'!H201+'26'!H201+'27'!H201+'28'!H201+'29'!H201+'30'!H201+'31'!H201 -> 68 | I201: 25 | J201: =+'1'!J201+'2'!J201+'3'!J201+'4'!J201+'5'!J201+'6'!J201+'7'!J201+'8'!J201+'9'!J201+'10'!J201+'11'!J201+'12'!J201+'13'!J201+'14'!J201+'15'!J201+'16'!J201+'17'!J201+'18'!J201+'19'!J201+'20'!J201+'21'!J201+'22'!J201+'23'!J201+'24'!J201+'25'!J201+'26'!J201+'27'!J201+'28'!J201+'29'!J201+'30'!J201+'31'!J201 -> 2100
... A210: 206 | B210: โบราณ 4 ชิ้น กล่องแดง | C210: =+ยกมา!G210 -> 0 | D210: =+'1'!D210+'2'!D210+'3'!D210+'4'!D210+'5'!D210+'6'!D210+'7'!D210+'8'!D210+'9'!D210+'10'!D210+'11'!D210+'12'!D210+'13'!D210+'14'!D210+'15'!D210+'16'!D210+'17'!D210+'18'!D210+'19'!D210+'20'!D210+'21'!D210+'22'!D210+'23'!D210+'24'!D210+'25'!D210+'26'!D210+'27'!D210+'28'!D210+'29'!D210+'30'!D210+'31'!D210 -> 0 | E210: =+C210+D210 -> 0 | F210: =+'1'!F210+'2'!F210+'3'!F210+'4'!F210+'5'!F210+'6'!F210+'7'!F210+'8'!F210+'9'!F210+'10'!F210+'11'!F210+'12'!F210+'13'!F210+'14'!F210+'15'!F210+'16'!F210+'17'!F210+'18'!F210+'19'!F210+'20'!F210+'21'!F210+'22'!F210+'23'!F210+'24'!F210+'25'!F210+'26'!F210+'27'!F210+'28'!F210+'29'!F210+'30'!F210+'31'!F210 -> 0 | G210: 0 | H210: =+'1'!H210+'2'!H210+'3'!H210+'4'!H210+'5'!H210+'6'!H210+'7'!H210+'8'!H210+'9'!H210+'10'!H210+'11'!H210+'12'!H210+'13'!H210+'14'!H210+'15'!H210+'16'!H210+'17'!H210+'18'!H210+'19'!H210+'20'!H210+'21'!H210+'22'!H210+'23'!H210+'24'!H210+'25'!H210+'26'!H210+'27'!H210+'28'!H210+'29'!H210+'30'!H210+'31'!H210 -> 0 | I210: 50 | J210: =+'1'!J210+'2'!J210+'3'!J210+'4'!J210+'5'!J210+'6'!J210+'7'!J210+'8'!J210+'9'!J210+'10'!J210+'11'!J210+'12'!J210+'13'!J210+'14'!J210+'15'!J210+'16'!J210+'17'!J210+'18'!J210+'19'!J210+'20'!J210+'21'!J210+'22'!J210+'23'!J210+'24'!J210+'25'!J210+'26'!J210+'27'!J210+'28'!J210+'29'!J210+'30'!J210+'31'!J210 -> 0
A211: 207 | B211: ขนมปุยฝ้าย 4 ชิ้น สีขาว | C211: =+ยกมา!G211 -> 0 | D211: =+'1'!D211+'2'!D211+'3'!D211+'4'!D211+'5'!D211+'6'!D211+'7'!D211+'8'!D211+'9'!D211+'10'!D211+'11'!D211+'12'!D211+'13'!D211+'14'!D211+'15'!D211+'16'!D211+'17'!D211+'18'!D211+'19'!D211+'20'!D211+'21'!D211+'22'!D211+'23'!D211+'24'!D211+'25'!D211+'26'!D211+'27'!D211+'28'!D211+'29'!D211+'30'!D211+'31'!D211 -> 2 | E211: =+C211+D211 -> 2 | F211: =+'1'!F219+'2'!F219+'3'!F219+'4'!F215+'5'!F215+'6'!F215+'7'!F215+'8'!F215+'9'!F215+'10'!F215+'11'!F215+'12'!F215+'13'!F217+'14'!F219+'15'!F219+'16'!F219+'17'!F219+'18'!F219+'19'!F219+'20'!F219+'21'!F219+'22'!F219+'23'!F219+'24'!F219+'25'!F219+'26'!F219+'27'!F219+'28'!F219+'29'!F219+'30'!F219+'31'!F219 -> 0 | G211: 0 | H211: =+'1'!H219+'2'!H219+'3'!H211+'4'!H211+'5'!H211+'6'!H211+'7'!H211+'8'!H211+'9'!H211+'10'!H211+'11'!H211+'12'!H211+'13'!H211+'14'!H211+'15'!H211+'16'!H211+'17'!H211+'18'!H211+'19'!H211+'20'!H211+'21'!H211+'22'!H211+'23'!H211+'24'!H211+'25'!H211+'26'!H211+'27'!H211+'28'!H211+'29'!H211+'30'!H211+'31'!H211 -> 2 | I211: 50 | J211: =+'1'!J211+'2'!J211+'3'!J211+'4'!J211+'5'!J211+'6'!J211+'7'!J211+'8'!J211+'9'!J211+'10'!J211+'11'!J211+'12'!J211+'13'!J211+'14'!J211+'15'!J211+'16'!J211+'17'!J211+'18'!J211+'19'!J211+'20'!J211+'21'!J211+'22'!J211+'23'!J211+'24'!J211+'25'!J211+'26'!J211+'27'!J211+'28'!J211+'29'!J211+'30'!J211+'31'!J211 -> 100
A212: 208 | B212: ขนมปุยฝ้าย 4 ชิ้น สีชมพู | C212: =+ยกมา!G212 -> 0 | D212: =+'1'!D212+'2'!D212+'3'!D212+'4'!D212+'5'!D212+'6'!D212+'7'!D212+'8'!D212+'9'!D212+'10'!D212+'11'!D212+'12'!D212+'13'!D212+'14'!D212+'15'!D212+'16'!D212+'17'!D212+'18'!D212+'19'!D212+'20'!D212+'21'!D212+'22'!D212+'23'!D212+'24'!D212+'25'!D212+'26'!D212+'27'!D212+'28'!D212+'29'!D212+'30'!D212+'31'!D212 -> 1 | E212: =+C212+D212 -> 1 | F212: =+'1'!F220+'2'!F220+'3'!F220+'4'!F216+'5'!F216+'6'!F216+'7'!F216+'8'!F216+'9'!F216+'10'!F216+'11'!F216+'12'!F216+'13'!F218+'14'!F220+'15'!F220+'16'!F220+'17'!F220+'18'!F220+'19'!F220+'20'!F220+'21'!F220+'22'!F220+'23'!F220+'24'!F220+'25'!F220+'26'!F220+'27'!F220+'28'!F220+'29'!F220+'30'!F220+'31'!F220 -> 0 | G212: 0 | H212: =+'1'!H212+'2'!H212+'3'!H212+'4'!H212+'5'!H212+'6'!H212+'7'!H212+'8'!H212+'9'!H212+'10'!H212+'11'!H212+'12'!H212+'13'!H212+'14'!H212+'15'!H212+'16'!H212+'17'!H212+'18'!H212+'19'!H212+'20'!H212+'21'!H212+'22'!H212+'23'!H212+'24'!H212+'25'!H212+'26'!H212+'27'!H212+'28'!H212+'29'!H212+'30'!H212+'31'!H212 -> 1 | I212: 50 | J212: =+'1'!J212+'2'!J212+'3'!J212+'4'!J212+'5'!J212+'6'!J212+'7'!J212+'8'!J212+'9'!J212+'10'!J212+'11'!J212+'12'!J212+'13'!J212+'14'!J212+'15'!J212+'16'!J212+'17'!J212+'18'!J212+'19'!J212+'20'!J212+'21'!J212+'22'!J212+'23'!J212+'24'!J212+'25'!J212+'26'!J212+'27'!J212+'28'!J212+'29'!J212+'30'!J212+'31'!J212 -> 50
A213: 209 | B213: ขนมปุยฝ้าย 1 ปอนด์ สีชมพู | C213: =+ยกมา!G213 -> 0 | D213: =+'1'!D221+'2'!D221+'3'!D221+'4'!D217+'5'!D217+'6'!D217+'7'!D217+'8'!D217+'9'!D217+'10'!D217+'11'!D217+'12'!D217+'13'!D219+'14'!D221+'15'!D221+'16'!D221+'17'!D221+'18'!D221+'19'!D221+'20'!D221+'21'!D221+'22'!D221+'23'!D221+'24'!D221+'25'!D221+'26'!D221+'27'!D221+'28'!D221+'29'!D221+'30'!D221+'31'!D221 -> 0 | E213: =+C213+D213 -> 0 | F213: =+'1'!F221+'2'!F221+'3'!F221+'4'!F217+'5'!F217+'6'!F217+'7'!F217+'8'!F217+'9'!F217+'10'!F217+'11'!F217+'12'!F217+'13'!F219+'14'!F221+'15'!F221+'16'!F221+'17'!F221+'18'!F221+'19'!F221+'20'!F221+'21'!F221+'22'!F221+'23'!F221+'24'!F221+'25'!F221+'26'!F221+'27'!F221+'28'!F221+'29'!F221+'30'!F221+'31'!F221 -> 0 | G213: 0 | H213: =+'1'!H221+'2'!H221+'3'!H221+'4'!H217+'5'!H217+'6'!H217+'7'!H217+'8'!H217+'9'!H217+'10'!H217+'11'!H217+'12'!H217+'13'!H219+'14'!H221+'15'!H221+'16'!H221+'17'!H221+'18'!H221+'19'!H221+'20'!H221+'21'!H221+'22'!H221+'23'!H221+'24'!H221+'25'!H221+'26'!H221+'27'!H221+'28'!H221+'29'!H221+'30'!H221 -> 0 | I213: 60 | J213: =+'1'!J213+'2'!J213+'3'!J213+'4'!J213+'5'!J213+'6'!J213+'7'!J213+'8'!J213+'9'!J213+'10'!J213+'11'!J213+'12'!J213+'13'!J213+'14'!J213+'15'!J213+'16'!J213+'17'!J213+'18'!J213+'19'!J213+'20'!J213+'21'!J213+'22'!J213+'23'!J213+'24'!J213+'25'!J213+'26'!J213+'27'!J213+'28'!J213+'29'!J213+'30'!J213+'31'!J213 -> 0
A214: 210 | B214: ขนมปุยฝ้าย 1 ปอนด์ สีขาว | C214: =+ยกมา!G214 -> 0 | D214: =+'1'!D214+'2'!D214+'3'!D214+'4'!D214+'5'!D214+'6'!D214+'7'!D214+'8'!D214+'9'!D214+'10'!D214+'11'!D214+'12'!D214+'13'!D214+'14'!D214+'15'!D214+'16'!D214+'17'!D214+'18'!D214+'19'!D214+'20'!D214+'21'!D214+'22'!D214+'23'!D214+'24'!D214+'25'!D214+'26'!D214+'27'!D214+'28'!D214+'29'!D214+'30'!D214+'31'!D214 -> 2 | E214: =+C214+D214 -> 2 | F214: =+'1'!F222+'2'!F222+'3'!F222+'4'!F218+'5'!F218+'6'!F218+'7'!F218+'8'!F218+'9'!F218+'10'!F218+'11'!F218+'12'!F218+'13'!F220+'14'!F222+'15'!F222+'16'!F222+'17'!F222+'18'!F222+'19'!F222+'20'!F222+'21'!F222+'22'!F222+'23'!F222+'24'!F222+'25'!F222+'26'!F222+'27'!F222+'28'!F222+'29'!F222+'30'!F222+'31'!F222 -> 0 | G214: 0 | H214: =+'1'!H214+'2'!H214+'3'!H214+'4'!H214+'5'!H214+'6'!H214+'7'!H214+'8'!H214+'9'!H214+'10'!H214+'11'!H214+'12'!H214+'13'!H214+'14'!H214+'15'!H214+'16'!H214+'17'!H214+'18'!H214+'19'!H214+'20'!H214+'21'!H214+'22'!H214+'23'!H214+'24'!H214+'25'!H214+'26'!H214+'27'!H214+'28'!H214+'29'!H214+'30'!H214+'31'!H214 -> 2 | I214: 60 | J214: =+'1'!J214+'2'!J214+'3'!J214+'4'!J214+'5'!J214+'6'!J214+'7'!J214+'8'!J214+'9'!J214+'10'!J214+'11'!J214+'12'!J214+'13'!J214+'14'!J214+'15'!J214+'16'!J214+'17'!J214+'18'!J214+'19'!J214+'20'!J214+'21'!J214+'22'!J214+'23'!J214+'24'!J214+'25'!J214+'26'!J214+'27'!J214+'28'!J214+'29'!J214+'30'!J214+'31'!J214 -> 120
A215: 211 | B215: ครัฟฟินรูบี้ช็อคโกแลตสตรอเบอร์รี่ | C215: =+ยกมา!G215 -> 0 | D215: =+'1'!D215+'2'!D215+'3'!D215+'4'!D215+'5'!D215+'6'!D215+'7'!D215+'8'!D215+'9'!D215+'10'!D215+'11'!D215+'12'!D215+'13'!D215+'14'!D215+'15'!D215+'16'!D215+'17'!D215+'18'!D215+'19'!D215+'20'!D215+'21'!D215+'22'!D215+'23'!D215+'24'!D215+'25'!D215+'26'!D215+'27'!D215+'28'!D215+'29'!D215+'30'!D215+'31'!D215 -> 20 | E215: =+C215+D215 -> 20 | F215: =+'1'!F223+'2'!F223+'3'!F223+'4'!F219+'5'!F219+'6'!F219+'7'!F219+'8'!F219+'9'!F219+'10'!F219+'11'!F219+'12'!F219+'13'!F221+'14'!F223+'15'!F223+'16'!F223+'17'!F223+'18'!F223+'19'!F223+'20'!F223+'21'!F223+'22'!F223+'23'!F223+'24'!F223+'25'!F223+'26'!F223+'27'!F223+'28'!F223+'29'!F223+'30'!F223+'31'!F223 -> 0 | G215: 0 | H215: =+'1'!H215+'2'!H215+'3'!H215+'4'!H215+'5'!H215+'6'!H215+'7'!H215+'8'!H215+'9'!H215+'10'!H215+'11'!H215+'12'!H215+'13'!H215+'14'!H215+'15'!H215+'16'!H215+'17'!H215+'18'!H215+'19'!H215+'20'!H215+'21'!H215+'22'!H215+'23'!H215+'24'!H215+'25'!H215+'26'!H215+'27'!H215+'28'!H215+'29'!H215+'30'!H215+'31'!H215 -> 19 | I215: 50 | J215: =+'1'!J215+'2'!J215+'3'!J215+'4'!J215+'5'!J215+'6'!J215+'7'!J215+'8'!J215+'9'!J215+'10'!J215+'11'!J215+'12'!J215+'13'!J215+'14'!J215+'15'!J215+'16'!J215+'17'!J215+'18'!J215+'19'!J215+'20'!J215+'21'!J215+'22'!J215+'23'!J215+'24'!J215+'25'!J215+'26'!J215+'27'!J215+'28'!J215+'29'!J215+'30'!J215+'31'!J215 -> 950
A216: 212 | B216: ฝอยทองกรอบ | C216: =+ยกมา!G216 -> 0 | D216: =+'1'!D216+'2'!D216+'3'!D216+'4'!D216+'5'!D216+'6'!D216+'7'!D216+'8'!D216+'9'!D216+'10'!D216+'11'!D216+'12'!D216+'13'!D216+'14'!D216+'15'!D216+'16'!D216+'17'!D216+'18'!D216+'19'!D216+'20'!D216+'21'!D216+'22'!D216+'23'!D216+'24'!D216+'25'!D216+'26'!D216+'27'!D216+'28'!D216+'29'!D216+'30'!D216+'31'!D216 -> 10 | E216: =+C216+D216 -> 10 | F216: =+'1'!F224+'2'!F224+'3'!F224+'4'!F220+'5'!F220+'6'!F220+'7'!F220+'8'!F220+'9'!F220+'10'!F220+'11'!F220+'12'!F220+'13'!F222+'14'!F224+'15'!F224+'16'!F224+'17'!F224+'18'!F224+'19'!F224+'20'!F224+'21'!F224+'22'!F224+'23'!F224+'24'!F224+'25'!F224+'26'!F224+'27'!F224+'28'!F224+'29'!F224+'30'!F224+'31'!F224 -> 0 | G216: 0 | H216: 4 | I216: 50 | J216: =+'1'!J216+'2'!J216+'3'!J216+'4'!J216+'5'!J216+'6'!J216+'7'!J216+'8'!J216+'9'!J216+'10'!J216+'11'!J216+'12'!J216+'13'!J216+'14'!J216+'15'!J216+'16'!J216+'17'!J216+'18'!J216+'19'!J216+'20'!J216+'21'!J216+'22'!J216+'23'!J216+'24'!J216+'25'!J216+'26'!J216+'27'!J216+'28'!J216+'29'!J216+'30'!J216+'31'!J216 -> 200
A217: 213 | B217: เรดเวลเว็ทวูปปี้พาย | C217: =+ยกมา!G217 -> 0 | D217: =+'1'!D217+'2'!D217+'3'!D217+'4'!D217+'5'!D217+'6'!D217+'7'!D217+'8'!D217+'9'!D217+'10'!D217+'11'!D217+'12'!D217+'13'!D217+'14'!D217+'15'!D217+'16'!D217+'17'!D217+'18'!D217+'19'!D217+'20'!D217+'21'!D217+'22'!D217+'23'!D217+'24'!D217+'25'!D217+'26'!D217+'27'!D217+'28'!D217+'29'!D217+'30'!D217+'31'!D217 -> 10 | E217: =+C217+D217 -> 10 | F217: =+'1'!F225+'2'!F225+'3'!F225+'4'!F221+'5'!F221+'6'!F221+'7'!F221+'8'!F221+'9'!F221+'10'!F221+'11'!F221+'12'!F221+'13'!F223+'14'!F225+'15'!F225+'16'!F225+'17'!F225+'18'!F225+'19'!F225+'20'!F225+'21'!F225+'22'!F225+'23'!F225+'24'!F225+'25'!F225+'26'!F225+'27'!F225+'28'!F225+'29'!F225+'30'!F225+'31'!F225 -> 0 | G217: 0 | H217: =+'1'!H217+'2'!H217+'3'!H217+'4'!H217+'5'!H217+'6'!H217+'7'!H217+'8'!H217+'9'!H217+'10'!H217+'11'!H217+'12'!H217+'13'!H217+'14'!H217+'15'!H217+'16'!H217+'17'!H217+'18'!H217+'19'!H217+'20'!H217+'21'!H217+'22'!H217+'23'!H217+'24'!H217+'25'!H217+'26'!H217+'27'!H217+'28'!H217+'29'!H217+'30'!H217+'31'!H217 -> 8 | I217: 50 | J217: =+'1'!J217+'2'!J217+'3'!J217+'4'!J217+'5'!J217+'6'!J217+'7'!J217+'8'!J217+'9'!J217+'10'!J217+'11'!J217+'12'!J217+'13'!J217+'14'!J217+'15'!J217+'16'!J217+'17'!J217+'18'!J217+'19'!J217+'20'!J217+'21'!J217+'22'!J217+'23'!J217+'24'!J217+'25'!J217+'26'!J217+'27'!J217+'28'!J217+'29'!J217+'30'!J217+'31'!J217 -> 400
A218: 214 | C218: =+ยกมา!G218 -> 0 | D218: =+'1'!D226+'2'!D226+'3'!D226+'4'!D222+'5'!D222+'6'!D222+'7'!D222+'8'!D222+'9'!D222+'10'!D222+'11'!D222+'12'!D222+'13'!D224+'14'!D226+'15'!D226+'16'!D226+'17'!D226+'18'!D226+'19'!D226+'20'!D226+'21'!D226+'22'!D226+'23'!D226+'24'!D226+'25'!D226+'26'!D226+'27'!D226+'28'!D226+'29'!D226+'30'!D226+'31'!D226 -> 0 | E218: =+C218+D218 -> 0 | F218: =+'1'!F226+'2'!F226+'3'!F226+'4'!F222+'5'!F222+'6'!F222+'7'!F222+'8'!F222+'9'!F222+'10'!F222+'11'!F222+'12'!F222+'13'!F224+'14'!F226+'15'!F226+'16'!F226+'17'!F226+'18'!F226+'19'!F226+'20'!F226+'21'!F226+'22'!F226+'23'!F226+'24'!F226+'25'!F226+'26'!F226+'27'!F226+'28'!F226+'29'!F226+'30'!F226+'31'!F226 -> 0 | G218: 0 | H218: =+'1'!H226+'2'!H226+'3'!H226+'4'!H222+'5'!H222+'6'!H222+'7'!H222+'8'!H222+'9'!H222+'10'!H222+'11'!H222+'12'!H222+'13'!H224+'14'!H226+'15'!H226+'16'!H226+'17'!H226+'18'!H226+'19'!H226+'20'!H226+'21'!H226+'22'!H226+'23'!H226+'24'!H226+'25'!H226+'26'!H226+'27'!H226+'28'!H226+'29'!H226+'30'!H226 -> 0 | I218: 50 | J218: =+'1'!J226+'2'!J226+'3'!J226+'4'!J222+'5'!J222+'6'!J222+'7'!J222+'8'!J222+'9'!J222+'10'!J222+'11'!J222+'12'!J222+'13'!J224+'14'!J226+'15'!J226+'16'!J226+'17'!J226+'18'!J226+'19'!J226+'20'!J226+'21'!J226+'22'!J226+'23'!J226+'24'!J226+'25'!J226+'26'!J226+'27'!J226+'28'!J226+'29'!J226+'30'!J226+'31'!J226 -> 0
A219: 215 | C219: =+ยกมา!G219 -> 0 | D219: =+'1'!D227+'2'!D227+'3'!D227+'4'!D223+'5'!D223+'6'!D223+'7'!D223+'8'!D223+'9'!D223+'10'!D223+'11'!D223+'12'!D223+'13'!D225+'14'!D227+'15'!D227+'16'!D227+'17'!D227+'18'!D227+'19'!D227+'20'!D227+'21'!D227+'22'!D227+'23'!D227+'24'!D227+'25'!D227+'26'!D227+'27'!D227+'28'!D227+'29'!D227+'30'!D227+'31'!D227 -> 0 | E219: =+C219+D219 -> 0 | F219: =+'1'!F227+'2'!F227+'3'!F227+'4'!F223+'5'!F223+'6'!F223+'7'!F223+'8'!F223+'9'!F223+'10'!F223+'11'!F223+'12'!F223+'13'!F225+'14'!F227+'15'!F227+'16'!F227+'17'!F227+'18'!F227+'19'!F227+'20'!F227+'21'!F227+'22'!F227+'23'!F227+'24'!F227+'25'!F227+'26'!F227+'27'!F227+'28'!F227+'29'!F227+'30'!F227+'31'!F227 -> 0 | G219: 0 | H219: =+'1'!H227+'2'!H227+'3'!H227+'4'!H223+'5'!H223+'6'!H223+'7'!H223+'8'!H223+'9'!H223+'10'!H223+'11'!H223+'12'!H223+'13'!H225+'14'!H227+'15'!H227+'16'!H227+'17'!H227+'18'!H227+'19'!H227+'20'!H227+'21'!H227+'22'!H227+'23'!H227+'24'!H227+'25'!H227+'26'!H227+'27'!H227+'28'!H227+'29'!H227+'30'!H227 -> 0 | I219: 0 | J219: =+'1'!J227+'2'!J227+'3'!J227+'4'!J223+'5'!J223+'6'!J223+'7'!J223+'8'!J223+'9'!J223+'10'!J223+'11'!J223+'12'!J223+'13'!J225+'14'!J227+'15'!J227+'16'!J227+'17'!J227+'18'!J227+'19'!J227+'20'!J227+'21'!J227+'22'!J227+'23'!J227+'24'!J227+'25'!J227+'26'!J227+'27'!J227+'28'!J227+'29'!J227+'30'!J227+'31'!J227 -> 0
A220: 216 | C220: =+ยกมา!G220 -> 0 | D220: =+'1'!D228+'2'!D228+'3'!D228+'4'!D224+'5'!D224+'6'!D224+'7'!D224+'8'!D224+'9'!D224+'10'!D224+'11'!D224+'12'!D224+'13'!D226+'14'!D228+'15'!D228+'16'!D228+'17'!D228+'18'!D228+'19'!D228+'20'!D228+'21'!D228+'22'!D228+'23'!D228+'24'!D228+'25'!D228+'26'!D228+'27'!D228+'28'!D228+'29'!D228+'30'!D228+'31'!D228 -> 0 | E220: =+C220+D220 -> 0 | F220: =+'1'!F228+'2'!F228+'3'!F228+'4'!F224+'5'!F224+'6'!F224+'7'!F224+'8'!F224+'9'!F224+'10'!F224+'11'!F224+'12'!F224+'13'!F226+'14'!F228+'15'!F228+'16'!F228+'17'!F228+'18'!F228+'19'!F228+'20'!F228+'21'!F228+'22'!F228+'23'!F228+'24'!F228+'25'!F228+'26'!F228+'27'!F228+'28'!F228+'29'!F228+'30'!F228+'31'!F228 -> 0 | G220: 0 | H220: =+'1'!H228+'2'!H228+'3'!H228+'4'!H224+'5'!H224+'6'!H224+'7'!H224+'8'!H224+'9'!H224+'10'!H224+'11'!H224+'12'!H224+'13'!H226+'14'!H228+'15'!H228+'16'!H228+'17'!H228+'18'!H228+'19'!H228+'20'!H228+'21'!H228+'22'!H228+'23'!H228+'24'!H228+'25'!H228+'26'!H228+'27'!H228+'28'!H228+'29'!H228+'30'!H228 -> 0 | I220: 0 | J220: =+'1'!J228+'2'!J228+'3'!J228+'4'!J224+'5'!J224+'6'!J224+'7'!J224+'8'!J224+'9'!J224+'10'!J224+'11'!J224+'12'!J224+'13'!J226+'14'!J228+'15'!J228+'16'!J228+'17'!J228+'18'!J228+'19'!J228+'20'!J228+'21'!J228+'22'!J228+'23'!J228+'24'!J228+'25'!J228+'26'!J228+'27'!J228+'28'!J228+'29'!J228+'30'!J228+'31'!J228 -> 0
A221: 217 | C221: =+ยกมา!G221 -> 0 | D221: =+'1'!D229+'2'!D229+'3'!D229+'4'!D225+'5'!D225+'6'!D225+'7'!D225+'8'!D225+'9'!D225+'10'!D225+'11'!D225+'12'!D225+'13'!D227+'14'!D229+'15'!D229+'16'!D229+'17'!D229+'18'!D229+'19'!D229+'20'!D229+'21'!D229+'22'!D229+'23'!D229+'24'!D229+'25'!D229+'26'!D229+'27'!D229+'28'!D229+'29'!D229+'30'!D229+'31'!D229 -> 0 | E221: =+C221+D221 -> 0 | F221: =+'1'!F229+'2'!F229+'3'!F229+'4'!F225+'5'!F225+'6'!F225+'7'!F225+'8'!F225+'9'!F225+'10'!F225+'11'!F225+'12'!F225+'13'!F227+'14'!F229+'15'!F229+'16'!F229+'17'!F229+'18'!F229+'19'!F229+'20'!F229+'21'!F229+'22'!F229+'23'!F229+'24'!F229+'25'!F229+'26'!F229+'27'!F229+'28'!F229+'29'!F229+'30'!F229+'31'!F229 -> 0 | G221: 0 | H221: =+'1'!H229+'2'!H229+'3'!H229+'4'!H225+'5'!H225+'6'!H225+'7'!H225+'8'!H225+'9'!H225+'10'!H225+'11'!H225+'12'!H225+'13'!H227+'14'!H229+'15'!H229+'16'!H229+'17'!H229+'18'!H229+'19'!H229+'20'!H229+'21'!H229+'22'!H229+'23'!H229+'24'!H229+'25'!H229+'26'!H229+'27'!H229+'28'!H229+'29'!H229+'30'!H229 -> 0 | I221: 0 | J221: =+'1'!J229+'2'!J229+'3'!J229+'4'!J225+'5'!J225+'6'!J225+'7'!J225+'8'!J225+'9'!J225+'10'!J225+'11'!J225+'12'!J225+'13'!J227+'14'!J229+'15'!J229+'16'!J229+'17'!J229+'18'!J229+'19'!J229+'20'!J229+'21'!J229+'22'!J229+'23'!J229+'24'!J229+'25'!J229+'26'!J229+'27'!J229+'28'!J229+'29'!J229+'30'!J229+'31'!J229 -> 0
A222: 218 | C222: =+ยกมา!G222 -> 0 | D222: =+'1'!D230+'2'!D230+'3'!D230+'4'!D226+'5'!D226+'6'!D226+'7'!D226+'8'!D226+'9'!D226+'10'!D226+'11'!D226+'12'!D226+'13'!D228+'14'!D230+'15'!D230+'16'!D230+'17'!D230+'18'!D230+'19'!D230+'20'!D230+'21'!D230+'22'!D230+'23'!D230+'24'!D230+'25'!D230+'26'!D230+'27'!D230+'28'!D230+'29'!D230+'30'!D230+'31'!D230 -> 0 | E222: =+C222+D222 -> 0 | F222: =+'1'!F230+'2'!F230+'3'!F230+'4'!F226+'5'!F226+'6'!F226+'7'!F226+'8'!F226+'9'!F226+'10'!F226+'11'!F226+'12'!F226+'13'!F228+'14'!F230+'15'!F230+'16'!F230+'17'!F230+'18'!F230+'19'!F230+'20'!F230+'21'!F230+'22'!F230+'23'!F230+'24'!F230+'25'!F230+'26'!F230+'27'!F230+'28'!F230+'29'!F230+'30'!F230+'31'!F230 -> 0 | G222: 0 | H222: =+'1'!H230+'2'!H230+'3'!H230+'4'!H226+'5'!H226+'6'!H226+'7'!H226+'8'!H226+'9'!H226+'10'!H226+'11'!H226+'12'!H226+'13'!H228+'14'!H230+'15'!H230+'16'!H230+'17'!H230+'18'!H230+'19'!H230+'20'!H230+'21'!H230+'22'!H230+'23'!H230+'24'!H230+'25'!H230+'26'!H230+'27'!H230+'28'!H230+'29'!H230+'30'!H230 -> 0 | I222: 0 | J222: =+'1'!J230+'2'!J230+'3'!J230+'4'!J226+'5'!J226+'6'!J226+'7'!J226+'8'!J226+'9'!J226+'10'!J226+'11'!J226+'12'!J226+'13'!J228+'14'!J230+'15'!J230+'16'!J230+'17'!J230+'18'!J230+'19'!J230+'20'!J230+'21'!J230+'22'!J230+'23'!J230+'24'!J230+'25'!J230+'26'!J230+'27'!J230+'28'!J230+'29'!J230+'30'!J230+'31'!J230 -> 0
A223: 219 | C223: =+ยกมา!G223 -> 0 | D223: =+'1'!D231+'2'!D231+'3'!D231+'4'!D227+'5'!D227+'6'!D227+'7'!D227+'8'!D227+'9'!D227+'10'!D227+'11'!D227+'12'!D227+'13'!D229+'14'!D231+'15'!D231+'16'!D231+'17'!D231+'18'!D231+'19'!D231+'20'!D231+'21'!D231+'22'!D231+'23'!D231+'24'!D231+'25'!D231+'26'!D231+'27'!D231+'28'!D231+'29'!D231+'30'!D231+'31'!D231 -> 0 | E223: =+C223+D223 -> 0 | F223: =+'1'!F231+'2'!F231+'3'!F231+'4'!F227+'5'!F227+'6'!F227+'7'!F227+'8'!F227+'9'!F227+'10'!F227+'11'!F227+'12'!F227+'13'!F229+'14'!F231+'15'!F231+'16'!F231+'17'!F231+'18'!F231+'19'!F231+'20'!F231+'21'!F231+'22'!F231+'23'!F231+'24'!F231+'25'!F231+'26'!F231+'27'!F231+'28'!F231+'29'!F231+'30'!F231+'31'!F231 -> 0 | G223: 0 | H223: =+'1'!H231+'2'!H231+'3'!H231+'4'!H227+'5'!H227+'6'!H227+'7'!H227+'8'!H227+'9'!H227+'10'!H227+'11'!H227+'12'!H227+'13'!H229+'14'!H231+'15'!H231+'16'!H231+'17'!H231+'18'!H231+'19'!H231+'20'!H231+'21'!H231+'22'!H231+'23'!H231+'24'!H231+'25'!H231+'26'!H231+'27'!H231+'28'!H231+'29'!H231+'30'!H231 -> 0 | I223: 0 | J223: =+'1'!J231+'2'!J231+'3'!J231+'4'!J227+'5'!J227+'6'!J227+'7'!J227+'8'!J227+'9'!J227+'10'!J227+'11'!J227+'12'!J227+'13'!J229+'14'!J231+'15'!J231+'16'!J231+'17'!J231+'18'!J231+'19'!J231+'20'!J231+'21'!J231+'22'!J231+'23'!J231+'24'!J231+'25'!J231+'26'!J231+'27'!J231+'28'!J231+'29'!J231+'30'!J231+'31'!J231 -> 0
A224: 220 | C224: =+ยกมา!G224 -> 0 | D224: =+'1'!D232+'2'!D232+'3'!D232+'4'!D228+'5'!D228+'6'!D228+'7'!D228+'8'!D228+'9'!D228+'10'!D228+'11'!D228+'12'!D228+'13'!D230+'14'!D232+'15'!D232+'16'!D232+'17'!D232+'18'!D232+'19'!D232+'20'!D232+'21'!D232+'22'!D232+'23'!D232+'24'!D232+'25'!D232+'26'!D232+'27'!D232+'28'!D232+'29'!D232+'30'!D232+'31'!D232 -> 0 | E224: =+C224+D224 -> 0 | F224: =+'1'!F232+'2'!F232+'3'!F232+'4'!F228+'5'!F228+'6'!F228+'7'!F228+'8'!F228+'9'!F228+'10'!F228+'11'!F228+'12'!F228+'13'!F230+'14'!F232+'15'!F232+'16'!F232+'17'!F232+'18'!F232+'19'!F232+'20'!F232+'21'!F232+'22'!F232+'23'!F232+'24'!F232+'25'!F232+'26'!F232+'27'!F232+'28'!F232+'29'!F232+'30'!F232+'31'!F232 -> 0 | G224: 0 | H224: =+'1'!H232+'2'!H232+'3'!H232+'4'!H228+'5'!H228+'6'!H228+'7'!H228+'8'!H228+'9'!H228+'10'!H228+'11'!H228+'12'!H228+'13'!H230+'14'!H232+'15'!H232+'16'!H232+'17'!H232+'18'!H232+'19'!H232+'20'!H232+'21'!H232+'22'!H232+'23'!H232+'24'!H232+'25'!H232+'26'!H232+'27'!H232+'28'!H232+'29'!H232+'30'!H232 -> 0 | I224: 0 | J224: 0
A225: 233
A226: รายละเอียดการจ่ายค่า คอมมิสชั่น
A227: สรุปยอดรับ-จ่าย | C227: ค่าคอมมิสชั่น คุณาวรรณ | E227: หักค่าใช้จ่ายอื่น | G227: ยอดรวมทั้งหมด | J227: =SUM(J5:J225) -> 111065 | K227: โอนหน้าร้าน
A228: ยอดขายหน้าร้าน | B228: =+J230 -> 111065 | C228: ยอดขายรวมทั้งหมด | D228: =+J227 -> 111065 | E228: ค่าโอนเงิน | F228: =SUM(P36) -> 0 | K228: =+R36 -> 30616
C229: หัก ส่วนลด | D229: =K230 -> 20304 | F229: 0 | G229: หัก สแกนใช้สิทธิ์ | J229: =-O36 -> 0 | K229: หัก ส่วนลด
A230: ส่วนลด | B230: =+D229 -> 20304 | E230: ค่าใช้จ่ายอื่น | F230: =+Q36 -> 683 | G230: ยอดขายไม่รวม สแกนสิทธิ์ | J230: =+J227-J228 -> 111065 | K230: =+N36 -> 20304
A231: ยอดขายสุทธิ | B231: =B228-B230 -> 90761 | C231: ยอดขายสุทธิ | D231: =+D228-D229 -> 90761 | E231: รวมหักอื่นๆ | F231: =SUM(F228:F230) -> 683 | G231: หัก ค่าใช้จ่ายอื่นๆ | J231: =F231 -> 683
C232: หัก ยอดขายขั้นต่ำ | D232: 100000 | G232: ต้องคงเหลือทั้งหมด | J232: =J230-J231-K228-K230 -> 59462
C233: เหลือยอดคิดคอมมิสชั่น | D233: =D231-D232 -> -9239 | G233: ยอดที่รับจริง | J233: =+T36 -> 59462
C234: ค่าคอมมิสชั่น 4% | D234: 0 | G234: ขาด | J234: 0
G235: เกิน | J235: =+J233-J232 -> 0
F236: โอนเงินเข้าบัญชี ธนาคาร ไทยพาณิชย์ คุณภาณุวัชร วัฒนกิจรุ่งโรจน์

Sheet ยกมา
A2: บูธ คุณาวรรณ วันที่ 1-31/01/2567 | O2: สินค้า SALE
A3: ลำดับ | B3: รายการ | C3: ยกมา | D3: รับ | E3: รวม | F3: เปลี่ยน/ | G3: คงเหลือ | H3: รายการขาย | K3: หมายเหตุ | L3: ส่วนลด | O3: ลำดับ | P3: รายการ | Q3: ยกมา | R3: รับ | S3: รวม | T3: เปลี่ยน/ | U3: คงเหลือ | V3: รายการขาย | Y3: หมายเหตุ | Z3: ส่วนลด
F4: คืน/เสีย | H4: จำนวน | I4: @ | J4: เป็นเงิน | T4: คืน/เสีย | V4: จำนวน | W4: @ | X4: เป็นเงิน
A5: 1 | B5: ชิฟฟ่อน (ล) | C5: 12 | D5: 20 | E5: 32 | F5: 0 | G5: 21 | H5: 11 | I5: 50 | J5: 550 | K5: หน้ามอ*10/แถม*1 | L5: 550 | M5: 0 | O5: 1 | P5: เบาหวิว (ล) ใหม่ มะพร้าว | Q5: 0 | R5: 0 | S5: 0 | T5: 0 | U5: 0 | V5: 0 | W5: 50 | X5: 0 | Z5: 100
A6: 2 | B6: ชิฟฟ่อน (ญ) | C6: 30 | D6: 30 | E6: 60 | F6: 0 | G6: 44 | H6: 16 | I6: 100 | J6: 1600 | K6: หน้ามอ*10 | L6: 1000 | M6: 600 | O6: 2 | P6: เบาหวิว (ล) ใหม่ ลูกตาล | Q6: 0 | R6: 0 | S6: 0 | T6: 0 | U6: 0 | V6: 0 | W6: 50 | X6: 0 | Z6: 100
A7: 3 | B7: ชิฟฟ่อน (ล) กาแฟ | C7: 0 | D7: 0 | E7: 0 | F7: 0 | G7: 0 | H7: 0 | I7: 50 | J7: 0 | K7: - | L7: 0 | M7: 0 | O7: 3 | P7: เบาหวิว (ล) ใหม่ เนยนม | Q7: 0 | R7: 0 | S7: 0 | T7: 0 | U7: 0 | V7: 0 | W7: 50 | X7: 0 | Z7: 100
A8: 4 | B8: ชิฟฟ่อน (ญ) กาแฟ | C8: 0 | D8: 0 | E8: 0 | F8: 0 | G8: 0 | H8: 0 | I8: 100 | J8: 0 | K8: - | L8: 0 | M8: 0 | O8: 4 | P8: เบาหวิว (ล) ใหม่ กาแฟ | Q8: 0 | R8: 0 | S8: 0 | T8: 0 | U8: 0 | V8: 0 | W8: 50 | X8: 0
A9: 5 | B9: ชิฟฟ่อนเค้ก 1 ชิ้น | C9: 0 | D9: 0 | E9: 0 | F9: 0 | G9: 0 | H9: 0 | I9: 12 | J9: 0 | K9: - | L9: 0 | M9: 0 | O9: 5 | P9: เบาหวิว (ล) ใหม่ รสกล้วยหอมมะพร้าวเผา | Q9: 0 | R9: 0 | S9: 0 | T9: 0 | U9: 0 | V9: 0 | W9: 50 | X9: 0 | Z9: 100
A10: 6 | B10: ชิฟฟ่อนเค้กสอดไส้แยม 1 ชิ้น | C10: 0 | D10: 0 | E10: 0 | F10: 0 | G10: 0 | H10: 0 | I10: 15 | J10: 0 | K10: - | L10: 0 | M10: 0 | O10: 6 | P10: เบาหวิว (ล) ใหม่ ฝอยทอง | Q10: 0 | R10: 0 | S10: 0 | T10: 0 | U10: 0 | V10: 0 | W10: 50 | X10: 0 | Z10: 100
A11: 7 | B11: ชิฟฟ่อน สอดไส้ (ล) 2 ชิ้น ครีมมะพร้าว | C11: 0 | D11: 0 | E11: 0 | F11: 0 | G11: 0 | H11: 0 | I11: 40 | J11: 0 | K11: - | L11: 0 | M11: 0 | O11: 7 | P11: เบาหวิว (ล) ใหม่ ทุเรียน | Q11: 0 | R11: 0 | S11: 0 | T11: 0 | U11: 0 | V11: 0 | W11: 100 | X11: 0
A12: 8 | B12: ชิฟฟ่อน สอดไส้ (ล) 3 ชิ้น รวมรส | C12: 6 | D12: 0 | E12: 6 | F12: 0 | G12: 6 | H12: 0 | I12: 50 | J12: 0 | K12: - | L12: 0 | M12: 0 | O12: 8 | P12: เบาหวิว (ล) ใหม่ เผือกมะพร้าว | Q12: 0 | R12: 0 | S12: 0 | T12: 0 | U12: 0 | V12: 0 | W12: 100 | X12: 0
A13: 9 | B13: ชิฟฟ่อน (ญ) ห่อซีน | C13: 2 | D13: 0 | E13: 2 | F13: 0 | G13: 2 | H13: 0 | I13: 100 | J13: 0 | K13: - | L13: 0 | M13: 0 | O13: 9 | P13: เบาหวิว (ญ) ใหม่ รสกล้วยหอมมะพร้าวเผา | Q13: 0 | R13: 0 | S13: 0 | T13: 0 | U13: 0 | V13: 0 | W13: 100 | X13: 0
A14: 10 | B14: ชิฟฟ่อน สอดไส้ (ล) 4 ชิ้น ครีมมะพร้าว | C14: 2 | D14: 0 | E14: 2 | F14: 0 | G14: 2 | H14: 0 | I14: 65 | J14: 0 | K14: - | L14: 0 | M14: 0 | O14: 10 | P14: เบาหวิว (ญ) ใหม่ รสเนยนม | Q14: 0 | R14: 0 | S14: 0 | T14: 0 | U14: 0 | V14: 0 | W14: 100 | X14: 0 | Z14: 800
A15: 11 | B15: ชิฟฟ่อน สอดไส้ (ล) 3 ชิ้น แยมส้ม | C15: 5 | D15: 0 | E15: 5 | F15: 0 | G15: 5 | H15: 0 | I15: 50 | J15: 0 | K15: - | L15: 0 | M15: 0 | O15: 11 | P15: เบาหวิว (ญ) ใหม่ รสมะพร้าว | Q15: 0 | R15: 0 | S15: 0 | T15: 0 | U15: 0 | V15: 0 | W15: 50 | X15: 0
A16: 12 | B16: ชิฟฟ่อน สอดไส้ (ล) 3 ชิ้น บลูเบอรี่ | C16: 0 | D16: 0 | E16: 0 | F16: 0 | G16: 0 | H16: 0 | I16: 50 | J16: 0 | K16: - | L16: 0 | M16: 0 | O16: 12 | P16: เบาหวิว (ญ) ใหม่ รสกาแฟ | Q16: 0 | R16: 0 | S16: 0 | T16: 0 | U16: 0 | V16: 0 | W16: 60 | X16: 0 | Z16: 120
A17: 13 | B17: ชิฟฟ่อน สอดไส้ (ล) 3 ชิ้น ฝอยทอง | C17: 4 | D17: 0 | E17: 4 | F17: 0 | G17: 4 | H17: 0 | I17: 50 | J17: 0 | K17: - | L17: 0 | M17: 0 | O17: 13 | P17: เบาหวิว (ญ) ใหม่ รสเผือกมะพร้าว | Q17: 0 | R17: 0 | S17: 0 | T17: 0 | U17: 0 | V17: 0 | X17: 0 | Y17: - | Z17: 0
A18: 14 | B18: ชิฟฟ่อน สอดไส้ (ล) 3 ชิ้น แยมสตรอเบอรี่ | C18: 0 | D18: 0 | E18: 0 | F18: 0 | G18: 0 | H18: 0 | I18: 50 | J18: 0 | K18: - | L18: 0 | M18: 0 | O18: 14 | P18: เบาหวิว (ญ) ใหม่ รสฝอยทอง | Q18: 0 | R18: 0 | S18: 0 | T18: 0 | U18: 0 | V18: 0 | X18: 0 | Y18: - | Z18: 0
A19: 15 | B19: ชิฟฟ่อน สอดไส้ (ล) 3 ชิ้น เนยมพะร้าว | C19: 3 | D19: 0 | E19: 3 | F19: 0 | G19: 3 | H19: 0 | I19: 50 | J19: 0 | K19: - | L19: 0 | M19: 0 | O19: 15 | P19: ชิฟฟ่อน สอดไส้ 6 ชิ้น รวมรส | Q19: 0 | R19: 0 | S19: 0 | T19: 0 | U19: 0 | V19: 0 | X19: 0 | Y19: - | Z19: 0
A20: 16 | B20: ชิฟฟ่อน สอดไส้ (ล) 3 ชิ้น นมชมพู | C20: 0 | D20: 0 | E20: 0 | F20: 0 | G20: 0 | H20: 0 | I20: 50 | J20: 0 | K20: - | L20: 0 | M20: 0 | O20: 16 | P20: ชิฟฟ่อน (ญ) | Q20: 0 | R20: 0 | S20: 0 | T20: 0 | U20: 0 | V20: 0 | X20: 0 | Y20: - | Z20: 0
A21: 17 | B21: ชิฟฟ่อน สอดไส้ (ล) 3 ชิ้น ช็อคโกแลต | C21: 0 | D21: 0 | E21: 0 | F21: 0 | G21: 0 | H21: 0 | I21: 50 | J21: 0 | K21: - | L21: 0 | M21: 0 | O21: 17 | P21: ชิฟฟ่อนรวมรส ยอดฮิต 8 ชิ้น | Q21: 0 | R21: 0 | S21: 0 | T21: 0 | U21: 0 | V21: 0 | X21: 0 | Y21: - | Z21: 0
A22: 18 | B22: ชิฟฟ่อน สอดไส้ (ก) 5 ชิ้น | C22: 2 | D22: 0 | E22: 2 | F22: 0 | G22: 2 | H22: 0 | I22: 85 | J22: 0 | K22: - | L22: 0 | M22: 0 | O22: 18 | P22: พายสับปะรด 1 กล่อง | Q22: 0 | R22: 0 | S22: 0 | T22: 0 | U22: 0 | V22: 0 | X22: 0 | Y22: - | Z22: 0
A23: 19 | B23: ชิฟฟ่อน สอดไส้ 6 ชิ้น รวมรส | C23: 9 | D23: 0 | E23: 9 | F23: 0 | G23: 9 | H23: 0 | I23: 100 | J23: 0 | K23: - | L23: 0 | M23: 0 | O23: 19 | P23: ท๊อฟฟี่ กล่อง | Q23: 0 | R23: 0 | S23: 0 | T23: 0 | U23: 0 | V23: 0 | X23: 0 | Y23: - | Z23: 0
A24: 20 | B24: ชิฟฟ่อน สอดไส้ 6 ชิ้น ฝอยทอง | C24: 8 | D24: 0 | E24: 8 | F24: 0 | G24: 8 | H24: 0 | I24: 100 | J24: 0 | K24: - | L24: 0 | M24: 0 | O24: 20 | P24: เมอร์แรง กระปุก | Q24: 0 | R24: 0 | S24: 0 | T24: 0 | U24: 0 | V24: 0 | X24: 0 | Y24: - | Z24: 0
A25: 21 | B25: ชิฟฟ่อน สอดไส้ 6 ชิ้น ทูโทน | C25: 0 | D25: 0 | E25: 0 | F25: 0 | G25: 0 | H25: 0 | I25: 100 | J25: 0 | K25: - | L25: 0 | M25: 0 | O25: 21 | P25: ขนมเปี๊ยะโมจิ 350 กรัม ถั่ว | Q25: 0 | R25: 0 | S25: 0 | T25: 0 | U25: 0 | V25: 0 | X25: 0 | Y25: - | Z25: 0
A26: 22 | B26: ชิฟฟ่อน สอดไส้ 6 ชิ้น นมชมพู | C26: 1 | D26: 0 | E26: 1 | F26: 0 | G26: 1 | H26: 0 | I26: 100 | J26: 0 | K26: - | L26: 0 | M26: 0 | O26: 22 | P26: ขนมเปี๊ยะโมจิ 350 กรัม ฟัก | Q26: 0 | R26: 0 | S26: 0 | T26: 0 | U26: 0 | V26: 0 | X26: 0 | Y26: - | Z26: 0
A27: 23 | B27: ชิฟฟ่อน สอดไส้ 6 ชิ้น บลูเบอรี่ | C27: 1 | D27: 0 | E27: 1 | F27: 0 | G27: 1 | H27: 0 | I27: 100 | J27: 0 | K27: - | L27: 0 | M27: 0 | O27: 23 | Q27: 0 | R27: 0 | S27: 0 | T27: 0 | U27: 0 | V27: 0 | X27: 0 | Y27: - | Z27: 0
A28: 24 | B28: ชิฟฟ่อน สอดไส้ 6 ชิ้น ช็อคโกแลต | C28: 0 | D28: 0 | E28: 0 | F28: 0 | G28: 0 | H28: 0 | I28: 100 | J28: 0 | K28: - | L28: 0 | M28: 0 | O28: 24 | Q28: 0 | R28: 0 | S28: 0 | T28: 0 | U28: 0 | V28: 0 | X28: 0 | Y28: - | Z28: 0
A29: 25 | B29: ชิฟฟ่อน สอดไส้ 6 ชิ้น มะพร้าว | C29: 4 | D29: 0 | E29: 4 | F29: 0 | G29: 4 | H29: 0 | I29: 100 | J29: 0 | K29: - | L29: 0 | M29: 0 | O29: 25 | Q29: 0 | R29: 0 | S29: 0 | T29: 0 | U29: 0 | V29: 0 | X29: 0 | Y29: - | Z29: 0
A30: 26 | B30: ชิฟฟ่อน สอดไส้ 6 ชิ้น ส้ม | C30: 0 | D30: 0 | E30: 0 | F30: 0 | G30: 0 | H30: 0 | I30: 100 | J30: 0 | K30: - | L30: 0 | M30: 0 | O30: 26 | Q30: 0 | R30: 0 | S30: 0 | T30: 0 | U30: 0 | V30: 0 | X30: 0 | Y30: - | Z30: 0
A31: 27 | B31: ชิฟฟ่อน สอดไส้ 6 ชิ้น สตรอเบอรี่ | C31: 1 | D31: 0 | E31: 1 | F31: 0 | G31: 1 | H31: 0 | I31: 100 | J31: 0 | K31: - | L31: 0 | M31: 0 | O31: 27 | Q31: 0 | R31: 0 | S31: 0 | T31: 0 | U31: 0 | V31: 0 | X31: 0 | Y31: - | Z31: 0
A32: 28 | B32: ชิฟฟ่อน สอดไส้ (ญ) 8 ชิ้น ใบเตย | C32: 0 | D32: 0 | E32: 0 | F32: 0 | G32: 0 | H32: 0 | I32: 130 | J32: 0 | K32: - | L32: 0 | M32: 0 | O32: 28 | Q32: 0 | R32: 0 | S32: 0 | T32: 0 | U32: 0 | V32: 0 | X32: 0 | Y32: - | Z32: 0
A33: 29 | B33: ชิฟฟ่อน สอดไส้ (ญ) 8 ชิ้น ทูโทนใบเตย | C33: 0 | D33: 0 | E33: 0 | F33: 0 | G33: 0 | H33: 0 | I33: 130 | J33: 0 | K33: - | L33: 0 | M33: 0 | O33: 29 | Q33: 0 | R33: 0 | S33: 0 | T33: 0 | U33: 0 | V33: 0 | X33: 0 | Y33: - | Z33: 0
A34: 30 | B34: ชิฟฟ่อน สอดไส้ (ญ) 8 ชิ้น รวมรส | C34: 2 | D34: 5 | E34: 7 | F34: 0 | G34: 7 | H34: 0 | I34: 130 | J34: 0 | K34: - | L34: 0 | M34: 0 | O34: 30 | Q34: 0 | R34: 0 | S34: 0 | T34: 0 | U34: 0 | V34: 0 | X34: 0 | Y34: - | Z34: 0
A35: 31 | B35: ชิฟฟ่อน สอดไส้ (ญ) 8 ชิ้น มะพร้าว | C35: 5 | D35: 0 | E35: 5 | F35: 0 | G35: 5 | H35: 0 | I35: 130 | J35: 0 | K35: - | L35: 0 | M35: 0 | O35: 31 | Q35: 0 | R35: 0 | S35: 0 | T35: 0 | U35: 0 | V35: 0 | X35: 0 | Y35: - | Z35: 0
A36: 32 | B36: ชิฟฟ่อน 8 ชิ้น มะลิ | C36: 0 | D36: 0 | E36: 0 | F36: 0 | G36: 0 | H36: 0 | I36: 100 | J36: 0 | K36: - | L36: 0 | M36: 0 | O36: 32 | Q36: 0 | R36: 0 | S36: 0 | T36: 0 | U36: 0 | V36: 0 | X36: 0 | Y36: - | Z36: 0
A37: 33 | B37: ชิฟฟ่อนรวมรส ยอดฮิต 8 ชิ้น | C37: 11 | D37: 0 | E37: 11 | F37: 0 | G37: 10 | H37: 1 | I37: 100 | J37: 100 | K37: - | L37: 0 | M37: 100 | O37: 33 | Q37: 0 | R37: 0 | S37: 0 | T37: 0 | U37: 0 | V37: 0 | X37: 0 | Y37: - | Z37: 0
A38: 34 | B38: ครีมฮอร์น วนิลา | C38: 1 | D38: 2 | E38: 3 | F38: 0 | G38: 3 | H38: 0 | I38: 50 | J38: 0 | K38: - | L38: 0 | M38: 0 | O38: 34 | Q38: 0 | R38: 0 | S38: 0 | T38: 0 | U38: 0 | V38: 0 | X38: 0 | Y38: - | Z38: 0
... A80: 76 | B80: เอแคลร์ไข่เค็ม 6 ชิ้น | C80: 0 | D80: 0 | E80: 0 | F80: 0 | G80: 0 | H80: 0 | I80: 50 | J80: 0 | K80: - | L80: 0 | M80: 0 | O80: 76 | Q80: 0 | R80: 0 | S80: 0 | T80: 0 | U80: 0 | V80: 0 | X80: 0 | Y80: - | Z80: 0
A81: 77 | B81: เค้กช็อคหน้านิ่ม | C81: 1 | D81: 0 | E81: 1 | G81: 1 | H81: 0 | I81: 55 | J81: 0 | K81: - | L81: 0 | M81: 0 | O81: 77 | Q81: 0 | R81: 0 | S81: 0 | T81: 0 | U81: 0 | V81: 0 | X81: 0 | Y81: - | Z81: 0
A82: 78 | B82: เค้กมะพร้าวหน้านิ่ม | C82: 2 | D82: 0 | E82: 2 | F82: 0 | G82: 2 | H82: 0 | I82: 55 | J82: 0 | K82: - | L82: 0 | M82: 0 | O82: 78 | Q82: 0 | R82: 0 | S82: 0 | T82: 0 | U82: 0 | V82: 0 | X82: 0 | Y82: - | Z82: 0
A83: 79 | B83: เค้กเนยสดหน้านิ่ม | C83: 0 | D83: 0 | E83: 0 | F83: 0 | G83: 0 | H83: 0 | I83: 55 | J83: 0 | K83: - | L83: 0 | M83: 0 | O83: 79 | Q83: 0 | R83: 0 | S83: 0 | T83: 0 | U83: 0 | V83: 0 | X83: 0 | Y83: - | Z83: 0
A84: 80 | B84: เค้กส้มหน้านิ่ม | C84: 0 | D84: 0 | E84: 0 | F84: 0 | G84: 0 | H84: 0 | I84: 55 | J84: 0 | K84: - | L84: 0 | M84: 0 | O84: 80 | Q84: 0 | R84: 0 | S84: 0 | T84: 0 | U84: 0 | V84: 0 | X84: 0 | Y84: - | Z84: 0
A85: 81 | B85: ท๊อฟฟี่ กระเช้า | C85: 3 | D85: 0 | E85: 3 | F85: 0 | G85: 3 | H85: 0 | I85: 100 | J85: 0 | K85: - | L85: 0 | M85: 0 | O85: 81 | Q85: 0 | R85: 0 | S85: 0 | T85: 0 | U85: 0 | V85: 0 | X85: 0 | Y85: - | Z85: 0
A86: 82 | B86: ท๊อฟฟี่ กล่อง | C86: 3 | D86: 0 | E86: 3 | F86: 0 | G86: 3 | H86: 0 | I86: 55 | J86: 0 | K86: - | L86: 0 | M86: 0 | O86: 82 | Q86: 0 | R86: 0 | S86: 0 | T86: 0 | U86: 0 | V86: 0 | X86: 0 | Y86: - | Z86: 0
A87: 83 | B87: คอนเฟลก | C87: 4 | D87: 0 | E87: 4 | F87: 0 | G87: 4 | H87: 0 | I87: 60 | J87: 0 | K87: - | L87: 0 | M87: 0 | O87: 83 | Q87: 0 | R87: 0 | S87: 0 | T87: 0 | U87: 0 | V87: 0 | X87: 0 | Y87: - | Z87: 0
A88: 84 | B88: เมอร์แรง | C88: 8 | D88: 0 | E88: 8 | F88: 0 | G88: 8 | H88: 0 | I88: 100 | J88: 0 | K88: - | L88: 0 | M88: 0 | O88: 84 | Q88: 0 | R88: 0 | S88: 0 | T88: 0 | U88: 0 | V88: 0 | X88: 0 | Y88: - | Z88: 0
A89: 85 | B89: เมอร์แรง กระปุก | C89: 11 | D89: 0 | E89: 11 | F89: 0 | G89: 11 | H89: 0 | I89: 55 | J89: 0 | K89: - | L89: 0 | M89: 0 | O89: 85 | Q89: 0 | R89: 0 | S89: 0 | T89: 0 | U89: 0 | V89: 0 | X89: 0 | Y89: - | Z89: 0
A90: 86 | B90: เครปโรลฝอยทอง วนิลา | C90: 2 | D90: 0 | E90: 2 | F90: 0 | G90: 2 | H90: 0 | I90: 50 | J90: 0 | K90: - | L90: 0 | M90: 0 | O90: 86 | Q90: 0 | R90: 0 | S90: 0 | T90: 0 | U90: 0 | V90: 0 | X90: 0 | Y90: - | Z90: 0
A91: 87 | B91: เครปโรลฝอยทอง ใบเตย | C91: 0 | D91: 0 | E91: 0 | F91: 0 | G91: 0 | H91: 0 | I91: 50 | J91: 0 | K91: - | L91: 0 | M91: 0 | O91: 87 | Q91: 0 | R91: 0 | S91: 0 | T91: 0 | U91: 0 | V91: 0 | X91: 0 | Y91: - | Z91: 0
A92: 88 | B92: เค้กวันเกิด 1/2 ปอนด์ | C92: 0 | D92: 0 | E92: 0 | F92: 0 | G92: 0 | H92: 0 | I92: 120 | J92: 0 | K92: - | L92: 0 | M92: 0 | O92: 88 | Q92: 0 | R92: 0 | S92: 0 | T92: 0 | U92: 0 | V92: 0 | X92: 0 | Y92: - | Z92: 0
A93: 89 | B93: เค้กมะพร้าว 1 ปอนด์ | C93: 0 | D93: 0 | E93: 0 | F93: 0 | G93: 0 | H93: 0 | I93: 250 | J93: 0 | K93: - | L93: 0 | M93: 0 | O93: 89 | Q93: 0 | R93: 0 | S93: 0 | T93: 0 | U93: 0 | V93: 0 | X93: 0 | Y93: - | Z93: 0
... A104: 100 | B104: หมูทุบ | C104: 0 | D104: 0 | E104: 0 | F104: 0 | G104: 0 | H104: 0 | I104: 100 | J104: 0 | K104: - | L104: 0 | M104: 0 | O104: 100 | Q104: 0 | R104: 0 | S104: 0 | T104: 0 | U104: 0 | V104: 0 | X104: 0 | Y104: - | Z104: 0
A105: 101 | B105: ดอกจอก | C105: 0 | D105: 0 | E105: 0 | F105: 0 | G105: 0 | H105: 0 | I105: 30 | J105: 0 | K105: - | L105: 0 | M105: 0 | Z105: 1420
A106: 102 | B106: เทียน | C106: 2 | D106: 0 | E106: 2 | F106: 0 | G106: 2 | H106: 0 | I106: 20 | J106: 0 | K106: - | L106: 0 | M106: 0
A107: 103 | B107: ขนมอาลัวแฟนซี | C107: 0 | D107: 0 | E107: 0 | F107: 0 | G107: 0 | H107: 0 | I107: 100 | J107: 0 | K107: - | L107: 0 | M107: 0 | P107: รวม | X107: 0
A108: 104 | B108: ชูนัทคุกกี้ | C108: 0 | D108: 0 | E108: 0 | F108: 0 | G108: 0 | H108: 0 | I108: 80 | J108: 0 | K108: - | L108: 0 | M108: 0
A109: 105 | B109: วุ้นแฟนซี | C109: 0 | D109: 0 | E109: 0 | F109: 0 | G109: 0 | H109: 0 | I109: 60 | J109: 0 | K109: - | L109: 0 | M109: 0
A110: 106 | B110: เค้กสามเหลี่ยม มะพร้าว | C110: 0 | D110: 0 | E110: 0 | F110: 0 | G110: 0 | H110: 0 | I110: 35 | J110: 0 | K110: - | L110: 0 | M110: 0
A111: 107 | B111: เค้กสามเหลี่ยม สตอเบอรี่ | C111: 0 | D111: 0 | E111: 0 | F111: 0 | G111: 0 | H111: 0 | I111: 35 | J111: 0 | K111: - | L111: 0 | M111: 0
A112: 108 | B112: เค้กสามเหลี่ยม บลูเบอรี่ | C112: 0 | D112: 0 | E112: 0 | F112: 0 | G112: 0 | H112: 0 | I112: 35 | J112: 0 | K112: - | L112: 0 | M112: 0
A113: 109 | B113: เค้กสามเหลี่ยม รสส้ม | C113: 0 | D113: 0 | E113: 0 | F113: 0 | G113: 0 | H113: 0 | I113: 35 | J113: 0 | K113: - | L113: 0 | M113: 0
A114: 110 | B114: เค้กสามเหลี่ยม รสช็อกโกโอริโอ้ | C114: 0 | D114: 0 | E114: 0 | F114: 0 | G114: 0 | H114: 0 | I114: 35 | J114: 0 | K114: - | L114: 0 | M114: 0
A115: 111 | B115: สตอเบอร์รี่ครีมเค้ก | C115: 0 | D115: 0 | E115: 0 | F115: 0 | G115: 0 | H115: 0 | I115: 50 | J115: 0 | K115: - | L115: 0 | M115: 0
A116: 112 | B116: บลูเบอร์รี่ครีมเค้ก | C116: 0 | D116: 0 | E116: 0 | F116: 0 | G116: 0 | H116: 0 | I116: 50 | J116: 0 | K116: - | L116: 0 | M116: 0
A117: 113 | B117: เค้กส้ม | C117: 0 | D117: 0 | E117: 0 | F117: 0 | G117: 0 | H117: 0 | I117: 50 | J117: 0 | K117: - | L117: 0 | M117: 0
A118: 114 | B118: วนิลาครีมเค้ก | C118: 0 | D118: 0 | E118: 0 | F118: 0 | G118: 0 | H118: 0 | I118: 50 | J118: 0 | K118: - | L118: 0 | M118: 0
A119: 115 | B119: ใบเตยครีมเค้ก | C119: 0 | D119: 0 | E119: 0 | F119: 0 | G119: 0 | H119: 0 | I119: 50 | J119: 0 | K119: - | L119: 0 | M119: 0
... A188: 184 | B188: นมเปรี้ยว | C188: 0 | D188: 0 | E188: 0 | F188: 0 | G188: 0 | H188: 0 | I188: 10 | J188: 0 | K188: - | L188: 0 | M188: 0
A189: 185 | B189: เจ้หมวย | C189: 0 | D189: 0 | E189: 0 | F189: 0 | G189: 0 | H189: 0 | J189: 0 | K189: - | L189: 0 | M189: 0
A190: 186 | B190: ลูกค้าพี่น้อย | C190: 0 | D190: 0 | E190: 0 | F190: 0 | G190: 0 | H190: 0 | I190: 0 | J190: 0 | K190: - | L190: 0 | M190: 0
A191: 187 | B191: จัดกระเช้า | C191: 0 | D191: 0 | E191: 0 | F191: 0 | G191: 0 | H191: 0 | I191: 800 | J191: 0 | K191: - | L191: 0 | M191: 0
A192: 188 | B192: เปี๊ยะสติ๊กไก่หยอง | C192: 0 | D192: 0 | E192: 0 | F192: 0 | G192: 0 | H192: 0 | I192: 35 | J192: 0 | K192: - | L192: 0 | M192: 0
A193: 189 | B193: ถั่วลันเตา | C193: 0 | D193: 0 | E193: 0 | F193: 0 | G193: 0 | H193: 0 | I193: 40 | J193: 0 | K193: - | L193: 0 | M193: 0
A194: 190 | B194: ลาวา (ล) ฝอยทอง | C194: 0 | D194: 0 | E194: 0 | F194: 0 | G194: 0 | H194: 0 | I194: 50 | J194: 0 | K194: - | L194: 0 | M194: 0
A195: 191 | B195: เปี๊ยะลาวาไข่เค็ม 1 ชิ้น | C195: 0 | D195: 0 | E195: 0 | F195: 0 | G195: 0 | H195: 0 | I195: 25 | J195: 0 | K195: - | L195: 0 | M195: 0
A196: 192 | B196: กระเช้า 14 นิ้ว | C196: 14 | D196: 0 | E196: 14 | F196: 0 | G196: 14 | H196: 0 | I196: 200 | J196: 0 | K196: - | L196: 0 | M196: 0
A197: 193 | B197: กระเช้า 16 นิ้ว | C197: 0 | D197: 0 | E197: 0 | F197: 0 | G197: 0 | H197: 0 | I197: 0 | J197: 0 | K197: - | L197: 0 | M197: 0
A198: 194 | B198: กระเช้า 12 นิ้ว | C198: 0 | D198: 0 | E198: 0 | F198: 0 | G198: 0 | H198: 0 | I198: 150 | J198: 0 | K198: - | L198: 0 | M198: 0
A199: 195 | B199: ปังเลเยอร์ | C199: 0 | D199: 0 | E199: 0 | F199: 0 | G199: 0 | H199: 0 | I199: 65 | J199: 0 | K199: - | L199: 0 | M199: 0
A200: 196 | B200: กล่องจัดเบรค | C200: 119 | D200: 0 | E200: 119 | F200: 0 | G200: 119 | H200: 0 | I200: 0 | J200: 0 | K200: - | L200: 0 | M200: 0
A201: 197 | B201: จัดชุดเบรค | C201: 0 | D201: 0 | E201: 0 | F201: 0 | G201: 0 | H201: 0 | I201: 25 | J201: 0 | K201: - | L201: 0 | M201: 0
... A203: 199 | B203: โบราณ 12 ชิ้น ครีม | C203: 0 | D203: 0 | E203: 0 | F203: 0 | G203: 0 | H203: 0 | I203: 150 | J203: 0 | K203: - | L203: 0 | M203: 0
A204: 200 | B204: เค้กมะพร้าวอ่อน (1/2 ปอนด์) | C204: 0 | D204: 0 | E204: 0 | F204: 0 | G204: 0 | H204: 0 | I204: 120 | K204: - | L204: 0 | M204: 0
A205: 201 | B205: โบราณ 12 ชิ้น ผลไม้ | C205: 0 | D205: 0 | E205: 0 | F205: 0 | G205: 0 | H205: 0 | I205: 150 | J205: 0 | K205: - | L205: 0 | M205: 0 | N205: 1165
A206: 202 | B206: ขายนอกระบบ | C206: 0 | D206: 0 | E206: 0 | F206: 0 | G206: 0 | H206: 0 | I206: 150 | J206: 0 | K206: - | L206: 0 | M206: 0
A207: 203 | B207: ครีมพายคาลาเมลกล้วย | C207: 0 | D207: 0 | E207: 0 | F207: 0 | G207: 0 | H207: 0 | I207: 50 | J207: 0 | K207: - | L207: 0 | M207: 0
A208: 204 | B208: โบราณคริสมาส | C208: 0 | D208: 0 | E208: 0 | F208: 0 | G208: 0 | H208: 0 | I208: 50 | J208: 0 | K208: - | L208: 0 | M208: 0
A209: 205 | B209: น้ำมะพร้าว | C209: 0 | D209: 0 | E209: 0 | F209: 0 | G209: 0 | H209: 0 | I209: 10 | J209: 0 | K209: - | L209: 0 | M209: 0
A210: 206 | B210: โบราณ 4 ชิ้น กล่องแดง | C210: 0 | D210: 0 | E210: 0 | F210: 0 | G210: 0 | H210: 0 | I210: 50 | J210: 0 | K210: - | L210: 0 | M210: 0
L211: 0 | M211: ส่วนลดสินค้า SALE
H212: ยอดขายสินค้า SALE | J212: 0
I213: รวมทั้งหมด | K213: 2820
I214: หัก ค่าโอนเงิน | K214: 0
I215: หัก โอนหน้าร้าน | K215: 990 | L215: 500 | M215: 320 | N215: 170
I216: สแกนใช้สิทธิ์ | K216: 0
I217: หัก ค่าใช้จ่ายอื่นๆ | K217: 0
I218: หัก ส่วนลด | K218: 1655
I219: ต้องคงเหลือทั้งหมด | K219: 175
I220: ยอดที่รับจริง | K220: 175
I221: ขาด | K221: 0
...

Sheet 1
A2: บูธ คุณาวรรณ วันที่ 1-29/02/2567 | O2: สินค้า SALE
A3: ลำดับ | B3: รายการ | C3: ยกมา | D3: รับ | E3: รวม | F3: เปลี่ยน/ | G3: คงเหลือ | H3: รายการขาย | K3: หมายเหตุ | L3: ส่วนลด | O3: ลำดับ | P3: รายการ | Q3: ยกมา | R3: รับ | S3: รวม | T3: เปลี่ยน/ | U3: คงเหลือ | V3: รายการขาย | Y3: หมายเหตุ | Z3: ส่วนลด
F4: คืน/เสีย | H4: จำนวน | I4: @ | J4: เป็นเงิน | T4: คืน/เสีย | V4: จำนวน | W4: @ | X4: เป็นเงิน
A5: 1 | B5: ชิฟฟ่อน (ล) | C5: =+ยกมา!G5 -> 21 | D5: 0 | E5: =C5+D5 -> 21 | F5: 0 | G5: =E5-F5-H5 -> 20 | H5: 1 | I5: 50 | J5: =+I5*H5 -> 50 | K5: แถม 1 | L5: 50 | M5: =SUM(J5-L5) -> 0 | O5: 1 | P5: เบาหวิว (ล) ใหม่ มะพร้าว | Q5: =+'[1]วันที่ 20'!U5 -> 0 | R5: 0 | S5: =Q5+R5 -> 0 | T5: 0 | U5: =S5-T5-V5 -> 0 | V5: 0 | W5: 50 | X5: =+W5*V5 -> 0 | Z5: 100
A6: 2 | B6: ชิฟฟ่อน (ญ) | C6: =+ยกมา!G6 -> 44 | D6: 0 | E6: =C6+D6 -> 44 | F6: 0 | G6: =E6-F6-H6 -> 39 | H6: 5 | I6: 100 | J6: =+I6*H6 -> 500 | K6: - | L6: 0 | M6: =SUM(J6-L6) -> 500 | O6: 2 | P6: เบาหวิว (ล) ใหม่ ลูกตาล | Q6: =+'[1]วันที่ 20'!U6 -> 0 | R6: 0 | S6: =Q6+R6 -> 0 | T6: 0 | U6: =S6-T6-V6 -> 0 | V6: 0 | W6: 50 | X6: =+W6*V6 -> 0 | Z6: 100
A7: 3 | B7: ชิฟฟ่อน (ล) กาแฟ | C7: =+ยกมา!G7 -> 0 | D7: 0 | E7: =C7+D7 -> 0 | F7: 0 | G7: =E7-F7-H7 -> 0 | H7: 0 | I7: 50 | J7: =+I7*H7 -> 0 | K7: - | L7: 0 | M7: =SUM(J7-L7) -> 0 | O7: 3 | P7: เบาหวิว (ล) ใหม่ เนยนม | Q7: =+'[1]วันที่ 20'!U7 -> 0 | R7: 0 | S7: =Q7+R7 -> 0 | T7: 0 | U7: =S7-T7-V7 -> 0 | V7: 0 | W7: 50 | X7: =+W7*V7 -> 0 | Z7: 100
A8: 4 | B8: ชิฟฟ่อน (ญ) กาแฟ | C8: =+ยกมา!G8 -> 0 | D8: 0 | E8: =C8+D8 -> 0 | F8: 0 | G8: =E8-F8-H8 -> 0 | H8: 0 | I8: 100 | J8: =+I8*H8 -> 0 | K8: - | L8: 0 | M8: =SUM(J8-L8) -> 0 | O8: 4 | P8: เบาหวิว (ล) ใหม่ กาแฟ | Q8: =+'[1]วันที่ 20'!U8 -> 0 | R8: 0 | S8: =Q8+R8 -> 0 | T8: 0 | U8: =S8-T8-V8 -> 0 | V8: 0 | W8: 50 | X8: =+W8*V8 -> 0
A9: 5 | B9: ชิฟฟ่อนเค้ก 1 ชิ้น | C9: =+ยกมา!G9 -> 0 | D9: 0 | E9: =C9+D9 -> 0 | F9: 0 | G9: =E9-F9-H9 -> 0 | H9: 0 | I9: 12 | J9: =+I9*H9 -> 0 | K9: - | L9: 0 | M9: =SUM(J9-L9) -> 0 | O9: 5 | P9: เบาหวิว (ล) ใหม่ รสกล้วยหอมมะพร้าวเผา | Q9: =+'[1]วันที่ 20'!U9 -> 0 | R9: 0 | S9: =Q9+R9 -> 0 | T9: 0 | U9: =S9-T9-V9 -> 0 | V9: 0 | W9: 50 | X9: =+W9*V9 -> 0 | Z9: 100
A10: 6 | B10: ชิฟฟ่อนเค้กสอดไส้แยม 1 ชิ้น | C10: =+ยกมา!G10 -> 0 | D10: 0 | E10: =C10+D10 -> 0 | F10: 0 | G10: =E10-F10-H10 -> 0 | H10: 0 | I10: 15 | J10: =+I10*H10 -> 0 | K10: - | L10: 0 | M10: =SUM(J10-L10) -> 0 | O10: 6 | P10: เบาหวิว (ล) ใหม่ ฝอยทอง | Q10: =+'[1]วันที่ 20'!U10 -> 0 | R10: 0 | S10: =Q10+R10 -> 0 | T10: 0 | U10: =S10-T10-V10 -> 0 | V10: 0 | W10: 50 | X10: =+W10*V10 -> 0 | Z10: 100
A11: 7 | B11: ชิฟฟ่อน สอดไส้ (ล) 2 ชิ้น ครีมมะพร้าว | C11: =+ยกมา!G11 -> 0 | D11: 0 | E11: =C11+D11 -> 0 | F11: 0 | G11: =E11-F11-H11 -> 0 | H11: 0 | I11: 40 | J11: =+I11*H11 -> 0 | K11: - | L11: 0 | M11: =SUM(J11-L11) -> 0 | O11: 7 | P11: เบาหวิว (ล) ใหม่ ทุเรียน | Q11: =+'[1]วันที่ 20'!U11 -> 0 | R11: 0 | S11: =Q11+R11 -> 0 | T11: 0 | U11: =S11-T11-V11 -> 0 | V11: 0 | W11: 100 | X11: =+W11*V11 -> 0
A12: 8 | B12: ชิฟฟ่อน สอดไส้ (ล) 3 ชิ้น รวมรส | C12: =+ยกมา!G12 -> 6 | D12: 0 | E12: =C12+D12 -> 6 | F12: 0 | G12: =E12-F12-H12 -> 6 | H12: 0 | I12: 50 | J12: =+I12*H12 -> 0 | K12: - | L12: 0 | M12: =SUM(J12-L12) -> 0 | O12: 8 | P12: เบาหวิว (ล) ใหม่ เผือกมะพร้าว | Q12: =+'[1]วันที่ 20'!U12 -> 0 | R12: 0 | S12: =Q12+R12 -> 0 | T12: 0 | U12: =S12-T12-V12 -> 0 | V12: 0 | W12: 100 | X12: =+W12*V12 -> 0
A13: 9 | B13: ชิฟฟ่อน (ญ) ห่อซีน | C13: 0 | D13: 0 | E13: =C13+D13 -> 0 | F13: 0 | G13: =E13-F13-H13 -> 0 | H13: 0 | I13: 100 | J13: =+I13*H13 -> 0 | K13: - | L13: 0 | M13: =SUM(J13-L13) -> 0 | O13: 9 | P13: เบาหวิว (ญ) ใหม่ รสกล้วยหอมมะพร้าวเผา | Q13: =+'[1]วันที่ 20'!U13 -> 0 | R13: 0 | S13: =Q13+R13 -> 0 | T13: 0 | U13: =S13-T13-V13 -> 0 | V13: 0 | W13: 100 | X13: =+W13*V13 -> 0
A14: 10 | B14: ชิฟฟ่อน สอดไส้ (ล) 4 ชิ้น ครีมมะพร้าว | C14: =+ยกมา!G14 -> 2 | D14: 0 | E14: =C14+D14 -> 2 | F14: 0 | G14: =E14-F14-H14 -> 1 | H14: 1 | I14: 65 | J14: =+I14*H14 -> 65 | K14: ลด 60% | L14: 35 | M14: =SUM(J14-L14) -> 30 | O14: 10 | P14: เบาหวิว (ญ) ใหม่ รสเนยนม | Q14: =+'[1]วันที่ 20'!U14 -> 0 | R14: 0 | S14: =Q14+R14 -> 0 | T14: 0 | U14: =S14-T14-V14 -> 0 | V14: 0 | W14: 100 | X14: =+W14*V14 -> 0 | Z14: 800
A15: 11 | B15: ชิฟฟ่อน สอดไส้ (ล) 3 ชิ้น แยมส้ม | C15: =+ยกมา!G15 -> 5 | D15: 0 | E15: =C15+D15 -> 5 | F15: 0 | G15: =E15-F15-H15 -> 0 | H15: 5 | I15: 50 | J15: =+I15*H15 -> 250 | K15: จัดเบรก 5 | L15: 250 | M15: =SUM(J15-L15) -> 0 | O15: 11 | P15: เบาหวิว (ญ) ใหม่ รสมะพร้าว | Q15: =+'[1]วันที่ 20'!U15 -> 0 | R15: 0 | S15: =Q15+R15 -> 0 | T15: 0 | U15: =S15-T15-V15 -> 0 | V15: 0 | W15: 50 | X15: =+W15*V15 -> 0
A16: 12 | B16: ชิฟฟ่อน สอดไส้ (ล) 3 ชิ้น บลูเบอรี่ | C16: =+ยกมา!G16 -> 0 | D16: 0 | E16: =C16+D16 -> 0 | F16: 0 | G16: =E16-F16-H16 -> 0 | H16: 0 | I16: 50 | J16: =+I16*H16 -> 0 | K16: - | L16: 0 | M16: =SUM(J16-L16) -> 0 | O16: 12 | P16: เบาหวิว (ญ) ใหม่ รสกาแฟ | Q16: =+'[1]วันที่ 20'!U16 -> 0 | R16: 0 | S16: =Q16+R16 -> 0 | T16: 0 | U16: =S16-T16-V16 -> 0 | V16: 0 | W16: 60 | X16: =+W16*V16 -> 0 | Z16: 120
A17: 13 | B17: ชิฟฟ่อน สอดไส้ (ล) 3 ชิ้น ฝอยทอง | C17: =+ยกมา!G17 -> 4 | D17: 0 | E17: =C17+D17 -> 4 | F17: 0 | G17: =E17-F17-H17 -> 2 | H17: 2 | I17: 50 | J17: =+I17*H17 -> 100 | K17: จัดเบรก 2 | L17: 100 | M17: =SUM(J17-L17) -> 0 | O17: 13 | P17: เบาหวิว (ญ) ใหม่ รสเผือกมะพร้าว | Q17: =+'[1]วันที่ 20'!U17 -> 0 | R17: 0 | S17: =Q17+R17 -> 0 | T17: 0 | U17: =S17-T17-V17 -> 0 | V17: 0 | X17: =+W17*V17 -> 0 | Y17: - | Z17: 0
A18: 14 | B18: ชิฟฟ่อน สอดไส้ (ล) 3 ชิ้น แยมสตรอเบอรี่ | C18: =+ยกมา!G18 -> 0 | D18: 0 | E18: =C18+D18 -> 0 | F18: 0 | G18: =E18-F18-H18 -> 0 | H18: 0 | I18: 50 | J18: =+I18*H18 -> 0 | K18: - | L18: 0 | M18: =SUM(J18-L18) -> 0 | O18: 14 | P18: เบาหวิว (ญ) ใหม่ รสฝอยทอง | Q18: =+'[1]วันที่ 20'!U18 -> 0 | R18: 0 | S18: =Q18+R18 -> 0 | T18: 0 | U18: =S18-T18-V18 -> 0 | V18: 0 | X18: =+W18*V18 -> 0 | Y18: - | Z18: 0
A19: 15 | B19: ชิฟฟ่อน สอดไส้ (ล) 3 ชิ้น เนยมพะร้าว | C19: =+ยกมา!G19 -> 3 | D19: 0 | E19: =C19+D19 -> 3 | F19: 0 | G19: =E19-F19-H19 -> 3 | H19: 0 | I19: 50 | J19: =+I19*H19 -> 0 | K19: - | L19: 0 | M19: =SUM(J19-L19) -> 0 | O19: 15 | P19: ชิฟฟ่อน สอดไส้ 6 ชิ้น รวมรส | Q19: =+'[1]วันที่ 20'!U19 -> 0 | R19: 0 | S19: =Q19+R19 -> 0 | T19: 0 | U19: =S19-T19-V19 -> 0 | V19: 0 | X19: =+W19*V19 -> 0 | Y19: - | Z19: 0
A20: 16 | B20: ชิฟฟ่อน สอดไส้ (ล) 3 ชิ้น นมชมพู | C20: =+ยกมา!G20 -> 0 | D20: 0 | E20: =C20+D20 -> 0 | F20: 0 | G20: =E20-F20-H20 -> 0 | H20: 0 | I20: 50 | J20: =+I20*H20 -> 0 | K20: - | L20: 0 | M20: =SUM(J20-L20) -> 0 | O20: 16 | P20: ชิฟฟ่อน (ญ) | Q20: =+'[1]วันที่ 20'!U20 -> 0 | R20: 0 | S20: =Q20+R20 -> 0 | T20: 0 | U20: =S20-T20-V20 -> 0 | V20: 0 | X20: =+W20*V20 -> 0 | Y20: - | Z20: 0
A21: 17 | B21: ชิฟฟ่อน สอดไส้ (ล) 3 ชิ้น ช็อคโกแลต | C21: =+ยกมา!G21 -> 0 | D21: 0 | E21: =C21+D21 -> 0 | F21: 0 | G21: =E21-F21-H21 -> 0 | H21: 0 | I21: 50 | J21: =+I21*H21 -> 0 | K21: - | L21: 0 | M21: =SUM(J21-L21) -> 0 | O21: 17 | P21: ชิฟฟ่อนรวมรส ยอดฮิต 8 ชิ้น | Q21: =+'[1]วันที่ 20'!U21 -> 0 | R21: 0 | S21: =Q21+R21 -> 0 | T21: 0 | U21: =S21-T21-V21 -> 0 | V21: 0 | X21: =+W21*V21 -> 0 | Y21: - | Z21: 0
A22: 18 | B22: ชิฟฟ่อน สอดไส้ (ก) 5 ชิ้น | C22: =+ยกมา!G22 -> 2 | D22: 0 | E22: =C22+D22 -> 2 | F22: 0 | G22: =E22-F22-H22 -> 2 | H22: 0 | I22: 85 | J22: =+I22*H22 -> 0 | K22: - | L22: 0 | M22: =SUM(J22-L22) -> 0 | O22: 18 | P22: พายสับปะรด 1 กล่อง | Q22: =+'[1]วันที่ 20'!U22 -> 0 | R22: 0 | S22: =Q22+R22 -> 0 | T22: 0 | U22: =S22-T22-V22 -> 0 | V22: 0 | X22: =+W22*V22 -> 0 | Y22: - | Z22: 0
A23: 19 | B23: ชิฟฟ่อน สอดไส้ 6 ชิ้น รวมรส | C23: =+ยกมา!G23 -> 9 | D23: 0 | E23: =C23+D23 -> 9 | F23: 0 | G23: =E23-F23-H23 -> 7 | H23: 2 | I23: 100 | J23: =+I23*H23 -> 200 | K23: - | L23: 0 | M23: =SUM(J23-L23) -> 200 | O23: 19 | P23: ท๊อฟฟี่ กล่อง | Q23: =+'[1]วันที่ 20'!U23 -> 0 | R23: 0 | S23: =Q23+R23 -> 0 | T23: 0 | U23: =S23-T23-V23 -> 0 | V23: 0 | X23: =+W23*V23 -> 0 | Y23: - | Z23: 0
A24: 20 | B24: ชิฟฟ่อน สอดไส้ 6 ชิ้น ฝอยทอง | C24: =+ยกมา!G24 -> 8 | D24: 0 | E24: =C24+D24 -> 8 | F24: 0 | G24: =E24-F24-H24 -> 8 | H24: 0 | I24: 100 | J24: =+I24*H24 -> 0 | K24: - | L24: 0 | M24: =SUM(J24-L24) -> 0 | O24: 20 | P24: เมอร์แรง กระปุก | Q24: =+'[1]วันที่ 20'!U24 -> 0 | R24: 0 | S24: =Q24+R24 -> 0 | T24: 0 | U24: =S24-T24-V24 -> 0 | V24: 0 | X24: =+W24*V24 -> 0 | Y24: - | Z24: 0
A25: 21 | B25: ชิฟฟ่อน สอดไส้ 6 ชิ้น ทูโทน | C25: =+ยกมา!G25 -> 0 | D25: 0 | E25: =C25+D25 -> 0 | F25: 0 | G25: =E25-F25-H25 -> 0 | H25: 0 | I25: 100 | J25: =+I25*H25 -> 0 | K25: - | L25: 0 | M25: =SUM(J25-L25) -> 0 | O25: 21 | P25: ขนมเปี๊ยะโมจิ 350 กรัม ถั่ว | Q25: =+'[1]วันที่ 20'!U25 -> 0 | R25: 0 | S25: =Q25+R25 -> 0 | T25: 0 | U25: =S25-T25-V25 -> 0 | V25: 0 | X25: =+W25*V25 -> 0 | Y25: - | Z25: 0
A26: 22 | B26: ชิฟฟ่อน สอดไส้ 6 ชิ้น นมชมพู | C26: =+ยกมา!G26 -> 1 | D26: 0 | E26: =C26+D26 -> 1 | F26: 0 | G26: =E26-F26-H26 -> 1 | H26: 0 | I26: 100 | J26: =+I26*H26 -> 0 | K26: - | L26: 0 | M26: =SUM(J26-L26) -> 0 | O26: 22 | P26: ขนมเปี๊ยะโมจิ 350 กรัม ฟัก | Q26: =+'[1]วันที่ 20'!U26 -> 0 | R26: 0 | S26: =Q26+R26 -> 0 | T26: 0 | U26: =S26-T26-V26 -> 0 | V26: 0 | X26: =+W26*V26 -> 0 | Y26: - | Z26: 0
A27: 23 | B27: ชิฟฟ่อน สอดไส้ 6 ชิ้น บลูเบอรี่ | C27: =+ยกมา!G27 -> 1 | D27: 0 | E27: =C27+D27 -> 1 | F27: 0 | G27: =E27-F27-H27 -> 1 | H27: 0 | I27: 100 | J27: =+I27*H27 -> 0 | K27: - | L27: 0 | M27: =SUM(J27-L27) -> 0 | O27: 23 | Q27: =+'[1]วันที่ 20'!U27 -> 0 | R27: 0 | S27: =Q27+R27 -> 0 | T27: 0 | U27: =S27-T27-V27 -> 0 | V27: 0 | X27: =+W27*V27 -> 0 | Y27: - | Z27: 0
A28: 24 | B28: ชิฟฟ่อน สอดไส้ 6 ชิ้น ช็อคโกแลต | C28: =+ยกมา!G28 -> 0 | D28: 0 | E28: =C28+D28 -> 0 | F28: 0 | G28: =E28-F28-H28 -> 0 | H28: 0 | I28: 100 | J28: =+I28*H28 -> 0 | K28: - | L28: 0 | M28: =SUM(J28-L28) -> 0 | O28: 24 | Q28: =+'[1]วันที่ 20'!U28 -> 0 | R28: 0 | S28: =Q28+R28 -> 0 | T28: 0 | U28: =S28-T28-V28 -> 0 | V28: 0 | X28: =+W28*V28 -> 0 | Y28: - | Z28: 0
A29: 25 | B29: ชิฟฟ่อน สอดไส้ 6 ชิ้น มะพร้าว | C29: =+ยกมา!G29 -> 4 | D29: 0 | E29: =C29+D29 -> 4 | F29: 0 | G29: =E29-F29-H29 -> 4 | H29: 0 | I29: 100 | J29: =+I29*H29 -> 0 | K29: - | L29: 0 | M29: =SUM(J29-L29) -> 0 | O29: 25 | Q29: =+'[1]วันที่ 20'!U29 -> 0 | R29: 0 | S29: =Q29+R29 -> 0 | T29: 0 | U29: =S29-T29-V29 -> 0 | V29: 0 | X29: =+W29*V29 -> 0 | Y29: - | Z29: 0
A30: 26 | B30: ชิฟฟ่อน สอดไส้ 6 ชิ้น ส้ม | C30: =+ยกมา!G30 -> 0 | D30: 0 | E30: =C30+D30 -> 0 | F30: 0 | G30: =E30-F30-H30 -> 0 | H30: 0 | I30: 100 | J30: =+I30*H30 -> 0 | K30: - | L30: 0 | M30: =SUM(J30-L30) -> 0 | O30: 26 | Q30: =+'[1]วันที่ 20'!U30 -> 0 | R30: 0 | S30: =Q30+R30 -> 0 | T30: 0 | U30: =S30-T30-V30 -> 0 | V30: 0 | X30: =+W30*V30 -> 0 | Y30: - | Z30: 0
A31: 27 | B31: ชิฟฟ่อน สอดไส้ 6 ชิ้น สตรอเบอรี่ | C31: =+ยกมา!G31 -> 1 | D31: 0 | E31: =C31+D31 -> 1 | F31: 0 | G31: =E31-F31-H31 -> 1 | H31: 0 | I31: 100 | J31: =+I31*H31 -> 0 | K31: - | L31: 0 | M31: =SUM(J31-L31) -> 0 | O31: 27 | Q31: =+'[1]วันที่ 20'!U31 -> 0 | R31: 0 | S31: =Q31+R31 -> 0 | T31: 0 | U31: =S31-T31-V31 -> 0 | V31: 0 | X31: =+W31*V31 -> 0 | Y31: - | Z31: 0
A32: 28 | B32: ชิฟฟ่อน สอดไส้ (ญ) 8 ชิ้น ใบเตย | C32: =+ยกมา!G32 -> 0 | D32: 0 | E32: =C32+D32 -> 0 | F32: 0 | G32: =E32-F32-H32 -> 0 | H32: 0 | I32: 130 | J32: =+I32*H32 -> 0 | K32: - | L32: 0 | M32: =SUM(J32-L32) -> 0 | O32: 28 | Q32: =+'[1]วันที่ 20'!U32 -> 0 | R32: 0 | S32: =Q32+R32 -> 0 | T32: 0 | U32: =S32-T32-V32 -> 0 | V32: 0 | X32: =+W32*V32 -> 0 | Y32: - | Z32: 0
A33: 29 | B33: ชิฟฟ่อน สอดไส้ (ญ) 8 ชิ้น ทูโทนใบเตย | C33: =+ยกมา!G33 -> 0 | D33: 0 | E33: =C33+D33 -> 0 | F33: 0 | G33: =E33-F33-H33 -> 0 | H33: 0 | I33: 130 | J33: =+I33*H33 -> 0 | K33: - | L33: 0 | M33: =SUM(J33-L33) -> 0 | O33: 29 | Q33: =+'[1]วันที่ 20'!U33 -> 0 | R33: 0 | S33: =Q33+R33 -> 0 | T33: 0 | U33: =S33-T33-V33 -> 0 | V33: 0 | X33: =+W33*V33 -> 0 | Y33: - | Z33: 0
A34: 30 | B34: ชิฟฟ่อน สอดไส้ (ญ) 8 ชิ้น รวมรส | C34: =+ยกมา!G34 -> 7 | D34: 0 | E34: =C34+D34 -> 7 | F34: 0 | G34: =E34-F34-H34 -> 7 | H34: 0 | I34: 130 | J34: =+I34*H34 -> 0 | K34: - | L34: 0 | M34: =SUM(J34-L34) -> 0 | O34: 30 | Q34: =+'[1]วันที่ 20'!U34 -> 0 | R34: 0 | S34: =Q34+R34 -> 0 | T34: 0 | U34: =S34-T34-V34 -> 0 | V34: 0 | X34: =+W34*V34 -> 0 | Y34: - | Z34: 0
A35: 31 | B35: ชิฟฟ่อน สอดไส้ (ญ) 8 ชิ้น มะพร้าว | C35: =+ยกมา!G35 -> 5 | D35: 0 | E35: =C35+D35 -> 5 | F35: 0 | G35: =E35-F35-H35 -> 5 | H35: 0 | I35: 130 | J35: =+I35*H35 -> 0 | K35: - | L35: 0 | M35: =SUM(J35-L35) -> 0 | O35: 31 | Q35: =+'[1]วันที่ 20'!U35 -> 0 | R35: 0 | S35: =Q35+R35 -> 0 | T35: 0 | U35: =S35-T35-V35 -> 0 | V35: 0 | X35: =+W35*V35 -> 0 | Y35: - | Z35: 0
A36: 32 | B36: ชิฟฟ่อน 8 ชิ้น มะลิ | C36: =+ยกมา!G36 -> 0 | D36: 0 | E36: =C36+D36 -> 0 | F36: 0 | G36: =E36-F36-H36 -> 0 | H36: 0 | I36: 100 | J36: =+I36*H36 -> 0 | K36: - | L36: 0 | M36: =SUM(J36-L36) -> 0 | O36: 32 | Q36: =+'[1]วันที่ 20'!U36 -> 0 | R36: 0 | S36: =Q36+R36 -> 0 | T36: 0 | U36: =S36-T36-V36 -> 0 | V36: 0 | X36: =+W36*V36 -> 0 | Y36: - | Z36: 0
A37: 33 | B37: ชิฟฟ่อนรวมรส ยอดฮิต 8 ชิ้น | C37: =+ยกมา!G37 -> 10 | D37: 0 | E37: =C37+D37 -> 10 | F37: 0 | G37: =E37-F37-H37 -> 8 | H37: 2 | I37: 100 | J37: =+I37*H37 -> 200 | K37: - | L37: 0 | M37: =SUM(J37-L37) -> 200 | O37: 33 | Q37: =+'[1]วันที่ 20'!U37 -> 0 | R37: 0 | S37: =Q37+R37 -> 0 | T37: 0 | U37: =S37-T37-V37 -> 0 | V37: 0 | X37: =+W37*V37 -> 0 | Y37: - | Z37: 0
A38: 34 | B38: ครีมฮอร์น วนิลา | C38: =+ยกมา!G38 -> 3 | D38: 0 | E38: =C38+D38 -> 3 | F38: 0 | G38: =E38-F38-H38 -> 3 | H38: 0 | I38: 50 | J38: =+I38*H38 -> 0 | K38: - | L38: 0 | M38: =SUM(J38-L38) -> 0 | O38: 34 | Q38: =+'[1]วันที่ 20'!U38 -> 0 | R38: 0 | S38: =Q38+R38 -> 0 | T38: 0 | U38: =S38-T38-V38 -> 0 | V38: 0 | X38: =+W38*V38 -> 0 | Y38: - | Z38: 0
... A80: 76 | B80: เอแคลร์ไข่เค็ม 6 ชิ้น | C80: =+ยกมา!G80 -> 0 | D80: 0 | E80: =C80+D80 -> 0 | F80: 0 | G80: =E80-F80-H80 -> 0 | H80: 0 | I80: 50 | J80: =+I80*H80 -> 0 | K80: - | L80: 0 | M80: =SUM(J80-L80) -> 0 | O80: 76 | Q80: =+'[1]วันที่ 20'!U80 -> 0 | R80: 0 | S80: =Q80+R80 -> 0 | T80: 0 | U80: =S80-T80-V80 -> 0 | V80: 0 | X80: =+W80*V80 -> 0 | Y80: - | Z80: 0
A81: 77 | B81: เค้กช็อคหน้านิ่ม | C81: =+ยกมา!G81 -> 1 | D81: 0 | E81: =C81+D81 -> 1 | G81: =E81-F81-H81 -> 1 | H81: 0 | I81: 55 | J81: =+I81*H81 -> 0 | K81: - | L81: 0 | M81: =SUM(J81-L81) -> 0 | O81: 77 | Q81: =+'[1]วันที่ 20'!U81 -> 0 | R81: 0 | S81: =Q81+R81 -> 0 | T81: 0 | U81: =S81-T81-V81 -> 0 | V81: 0 | X81: =+W81*V81 -> 0 | Y81: - | Z81: 0
A82: 78 | B82: เค้กมะพร้าวหน้านิ่ม | C82: =+ยกมา!G82 -> 2 | D82: 0 | E82: =C82+D82 -> 2 | F82: 0 | G82: =E82-F82-H82 -> 2 | H82: 0 | I82: 55 | J82: =+I82*H82 -> 0 | K82: - | L82: 0 | M82: =SUM(J82-L82) -> 0 | O82: 78 | Q82: =+'[1]วันที่ 20'!U82 -> 0 | R82: 0 | S82: =Q82+R82 -> 0 | T82: 0 | U82: =S82-T82-V82 -> 0 | V82: 0 | X82: =+W82*V82 -> 0 | Y82: - | Z82: 0
A83: 79 | B83: เค้กเนยสดหน้านิ่ม | C83: =+ยกมา!G83 -> 0 | D83: 0 | E83: =C83+D83 -> 0 | F83: 0 | G83: =E83-F83-H83 -> 0 | H83: 0 | I83: 55 | J83: =+I83*H83 -> 0 | K83: - | L83: 0 | M83: =SUM(J83-L83) -> 0 | O83: 79 | Q83: =+'[1]วันที่ 20'!U83 -> 0 | R83: 0 | S83: =Q83+R83 -> 0 | T83: 0 | U83: =S83-T83-V83 -> 0 | V83: 0 | X83: =+W83*V83 -> 0 | Y83: - | Z83: 0
A84: 80 | B84: เค้กส้มหน้านิ่ม | C84: =+ยกมา!G84 -> 0 | D84: 0 | E84: =C84+D84 -> 0 | F84: 0 | G84: =E84-F84-H84 -> 0 | H84: 0 | I84: 55 | J84: =+I84*H84 -> 0 | K84: - | L84: 0 | M84: =SUM(J84-L84) -> 0 | O84: 80 | Q84: =+'[1]วันที่ 20'!U84 -> 0 | R84: 0 | S84: =Q84+R84 -> 0 | T84: 0 | U84: =S84-T84-V84 -> 0 | V84: 0 | X84: =+W84*V84 -> 0 | Y84: - | Z84: 0
A85: 81 | B85: ท๊อฟฟี่ กระเช้า | C85: =+ยกมา!G85 -> 3 | D85: 0 | E85: =C85+D85 -> 3 | F85: 0 | G85: =E85-F85-H85 -> 3 | H85: 0 | I85: 100 | J85: =+I85*H85 -> 0 | K85: - | L85: 0 | M85: =SUM(J85-L85) -> 0 | O85: 81 | Q85: =+'[1]วันที่ 20'!U85 -> 0 | R85: 0 | S85: =Q85+R85 -> 0 | T85: 0 | U85: =S85-T85-V85 -> 0 | V85: 0 | X85: =+W85*V85 -> 0 | Y85: - | Z85: 0
A86: 82 | B86: ท๊อฟฟี่ กล่อง | C86: =+ยกมา!G86 -> 3 | D86: 0 | E86: =C86+D86 -> 3 | F86: 0 | G86: =E86-F86-H86 -> 3 | H86: 0 | I86: 55 | J86: =+I86*H86 -> 0 | K86: - | L86: 0 | M86: =SUM(J86-L86) -> 0 | O86: 82 | Q86: =+'[1]วันที่ 20'!U86 -> 0 | R86: 0 | S86: =Q86+R86 -> 0 | T86: 0 | U86: =S86-T86-V86 -> 0 | V86: 0 | X86: =+W86*V86 -> 0 | Y86: - | Z86: 0
A87: 83 | B87: คอนเฟลก | C87: =+ยกมา!G87 -> 4 | D87: 0 | E87: =C87+D87 -> 4 | F87: 0 | G87: =E87-F87-H87 -> 4 | H87: 0 | I87: 60 | J87: =+I87*H87 -> 0 | K87: - | L87: 0 | M87: =SUM(J87-L87) -> 0 | O87: 83 | Q87: =+'[1]วันที่ 20'!U87 -> 0 | R87: 0 | S87: =Q87+R87 -> 0 | T87: 0 | U87: =S87-T87-V87 -> 0 | V87: 0 | X87: =+W87*V87 -> 0 | Y87: - | Z87: 0
A88: 84 | B88: เมอร์แรง | C88: =+ยกมา!G88 -> 8 | D88: 0 | E88: =C88+D88 -> 8 | F88: 0 | G88: =E88-F88-H88 -> 8 | H88: 0 | I88: 100 | J88: =+I88*H88 -> 0 | K88: - | L88: 0 | M88: =SUM(J88-L88) -> 0 | O88: 84 | Q88: =+'[1]วันที่ 20'!U88 -> 0 | R88: 0 | S88: =Q88+R88 -> 0 | T88: 0 | U88: =S88-T88-V88 -> 0 | V88: 0 | X88: =+W88*V88 -> 0 | Y88: - | Z88: 0
A89: 85 | B89: เมอร์แรง กระปุก | C89: =+ยกมา!G89 -> 11 | D89: 0 | E89: =C89+D89 -> 11 | F89: 0 | G89: =E89-F89-H89 -> 11 | H89: 0 | I89: 55 | J89: =+I89*H89 -> 0 | K89: - | L89: 0 | M89: =SUM(J89-L89) -> 0 | O89: 85 | Q89: =+'[1]วันที่ 20'!U89 -> 0 | R89: 0 | S89: =Q89+R89 -> 0 | T89: 0 | U89: =S89-T89-V89 -> 0 | V89: 0 | X89: =+W89*V89 -> 0 | Y89: - | Z89: 0
A90: 86 | B90: เครปโรลฝอยทอง วนิลา | C90: =+ยกมา!G90 -> 2 | D90: 0 | E90: =C90+D90 -> 2 | F90: 0 | G90: =E90-F90-H90 -> 2 | H90: 0 | I90: 50 | J90: =+I90*H90 -> 0 | K90: - | L90: 0 | M90: =SUM(J90-L90) -> 0 | O90: 86 | Q90: =+'[1]วันที่ 20'!U90 -> 0 | R90: 0 | S90: =Q90+R90 -> 0 | T90: 0 | U90: =S90-T90-V90 -> 0 | V90: 0 | X90: =+W90*V90 -> 0 | Y90: - | Z90: 0
A91: 87 | B91: เครปโรลฝอยทอง ใบเตย | C91: =+ยกมา!G91 -> 0 | D91: 0 | E91: =C91+D91 -> 0 | F91: 0 | G91: =E91-F91-H91 -> 0 | H91: 0 | I91: 50 | J91: =+I91*H91 -> 0 | K91: - | L91: 0 | M91: =SUM(J91-L91) -> 0 | O91: 87 | Q91: =+'[1]วันที่ 20'!U91 -> 0 | R91: 0 | S91: =Q91+R91 -> 0 | T91: 0 | U91: =S91-T91-V91 -> 0 | V91: 0 | X91: =+W91*V91 -> 0 | Y91: - | Z91: 0
A92: 88 | B92: เค้กวันเกิด 1/2 ปอนด์ | C92: =+ยกมา!G92 -> 0 | D92: 0 | E92: =C92+D92 -> 0 | F92: 0 | G92: =E92-F92-H92 -> 0 | H92: 0 | I92: 120 | J92: =+I92*H92 -> 0 | K92: - | L92: 0 | M92: =SUM(J92-L92) -> 0 | O92: 88 | Q92: =+'[1]วันที่ 20'!U92 -> 0 | R92: 0 | S92: =Q92+R92 -> 0 | T92: 0 | U92: =S92-T92-V92 -> 0 | V92: 0 | X92: =+W92*V92 -> 0 | Y92: - | Z92: 0
A93: 89 | B93: เค้กมะพร้าว 1 ปอนด์ | C93: =+ยกมา!G93 -> 0 | D93: 0 | E93: =C93+D93 -> 0 | F93: 0 | G93: =E93-F93-H93 -> 0 | H93: 0 | I93: 250 | J93: =+I93*H93 -> 0 | K93: - | L93: 0 | M93: =SUM(J93-L93) -> 0 | O93: 89 | Q93: =+'[1]วันที่ 20'!U93 -> 0 | R93: 0 | S93: =Q93+R93 -> 0 | T93: 0 | U93: =S93-T93-V93 -> 0 | V93: 0 | X93: =+W93*V93 -> 0 | Y93: - | Z93: 0
... A104: 100 | B104: หมูทุบ | C104: =+ยกมา!G104 -> 0 | D104: 0 | E104: =C104+D104 -> 0 | F104: 0 | G104: =E104-F104-H104 -> 0 | H104: 0 | I104: 100 | J104: =+I104*H104 -> 0 | K104: - | L104: 0 | M104: =SUM(J104-L104) -> 0 | O104: 100 | Q104: =+'[1]วันที่ 20'!U104 -> 0 | R104: 0 | S104: =Q104+R104 -> 0 | T104: 0 | U104: =S104-T104-V104 -> 0 | V104: 0 | X104: =+W104*V104 -> 0 | Y104: - | Z104: 0
A105: 101 | B105: ดอกจอก | C105: =+ยกมา!G105 -> 0 | D105: 0 | E105: =C105+D105 -> 0 | F105: 0 | G105: =E105-F105-H105 -> 0 | H105: 0 | I105: 30 | J105: =+I105*H105 -> 0 | K105: - | L105: 0 | M105: =SUM(J105-L105) -> 0 | Z105: =SUM(Z5:Z104) -> 1420
A106: 102 | B106: เทียน | C106: =+ยกมา!G106 -> 2 | D106: 0 | E106: =C106+D106 -> 2 | F106: 0 | G106: =E106-F106-H106 -> 2 | H106: 0 | I106: 20 | J106: =+I106*H106 -> 0 | K106: - | L106: 0 | M106: =SUM(J106-L106) -> 0
A107: 103 | B107: ขนมอาลัวแฟนซี | C107: =+ยกมา!G107 -> 0 | D107: 0 | E107: =C107+D107 -> 0 | F107: 0 | G107: =E107-F107-H107 -> 0 | H107: 0 | I107: 100 | J107: =+I107*H107 -> 0 | K107: - | L107: 0 | M107: =SUM(J107-L107) -> 0 | P107: รวม | X107: =SUM(X5:X104) -> 0
A108: 104 | B108: ชูนัทคุกกี้ | C108: =+ยกมา!G108 -> 0 | D108: 0 | E108: =C108+D108 -> 0 | F108: 0 | G108: =E108-F108-H108 -> 0 | H108: 0 | I108: 80 | J108: =+I108*H108 -> 0 | K108: - | L108: 0 | M108: =SUM(J108-L108) -> 0
A109: 105 | B109: วุ้นแฟนซี | C109: =+ยกมา!G109 -> 0 | D109: 0 | E109: =C109+D109 -> 0 | F109: 0 | G109: =E109-F109-H109 -> 0 | H109: 0 | I109: 60 | J109: =+I109*H109 -> 0 | K109: - | L109: 0 | M109: =SUM(J109-L109) -> 0
A110: 106 | B110: เค้กสามเหลี่ยม มะพร้าว | C110: =+ยกมา!G110 -> 0 | D110: 0 | E110: =C110+D110 -> 0 | F110: 0 | G110: =E110-F110-H110 -> 0 | H110: 0 | I110: 35 | J110: =+I110*H110 -> 0 | K110: - | L110: 0 | M110: =SUM(J110-L110) -> 0
A111: 107 | B111: เค้กสามเหลี่ยม สตอเบอรี่ | C111: =+ยกมา!G111 -> 0 | D111: 0 | E111: =C111+D111 -> 0 | F111: 0 | G111: =E111-F111-H111 -> 0 | H111: 0 | I111: 35 | J111: =+I111*H111 -> 0 | K111: - | L111: 0 | M111: =SUM(J111-L111) -> 0
A112: 108 | B112: เค้กสามเหลี่ยม บลูเบอรี่ | C112: =+ยกมา!G112 -> 0 | D112: 0 | E112: =C112+D112 -> 0 | F112: 0 | G112: =E112-F112-H112 -> 0 | H112: 0 | I112: 35 | J112: =+I112*H112 -> 0 | K112: - | L112: 0 | M112: =SUM(J112-L112) -> 0
A113: 109 | B113: เค้กสามเหลี่ยม รสส้ม | C113: =+ยกมา!G113 -> 0 | D113: 0 | E113: =C113+D113 -> 0 | F113: 0 | G113: =E113-F113-H113 -> 0 | H113: 0 | I113: 35 | J113: =+I113*H113 -> 0 | K113: - | L113: 0 | M113: =SUM(J113-L113) -> 0
A114: 110 | B114: เค้กสามเหลี่ยม รสช็อกโกโอริโอ้ | C114: =+ยกมา!G114 -> 0 | D114: 0 | E114: =C114+D114 -> 0 | F114: 0 | G114: =E114-F114-H114 -> 0 | H114: 0 | I114: 35 | J114: =+I114*H114 -> 0 | K114: - | L114: 0 | M114: =SUM(J114-L114) -> 0
A115: 111 | B115: สตอเบอร์รี่ครีมเค้ก | C115: =+ยกมา!G115 -> 0 | D115: 0 | E115: =C115+D115 -> 0 | F115: 0 | G115: =E115-F115-H115 -> 0 | H115: 0 | I115: 50 | J115: =+I115*H115 -> 0 | K115: - | L115: 0 | M115: =SUM(J115-L115) -> 0
A116: 112 | B116: บลูเบอร์รี่ครีมเค้ก | C116: =+ยกมา!G116 -> 0 | D116: 0 | E116: =C116+D116 -> 0 | F116: 0 | G116: =E116-F116-H116 -> 0 | H116: 0 | I116: 50 | J116: =+I116*H116 -> 0 | K116: - | L116: 0 | M116: =SUM(J116-L116) -> 0
A117: 113 | B117: เค้กส้ม | C117: =+ยกมา!G117 -> 0 | D117: 0 | E117: =C117+D117 -> 0 | F117: 0 | G117: =E117-F117-H117 -> 0 | H117: 0 | I117: 50 | J117: =+I117*H117 -> 0 | K117: - | L117: 0 | M117: =SUM(J117-L117) -> 0
A118: 114 | B118: วนิลาครีมเค้ก | C118: =+ยกมา!G118 -> 0 | D118: 0 | E118: =C118+D118 -> 0 | F118: 0 | G118: =E118-F118-H118 -> 0 | H118: 0 | I118: 50 | J118: =+I118*H118 -> 0 | K118: - | L118: 0 | M118: =SUM(J118-L118) -> 0
A119: 115 | B119: ใบเตยครีมเค้ก | C119: =+ยกมา!G119 -> 0 | D119: 0 | E119: =C119+D119 -> 0 | F119: 0 | G119: =E119-F119-H119 -> 0 | H119: 0 | I119: 50 | J119: =+I119*H119 -> 0 | K119: - | L119: 0 | M119: =SUM(J119-L119) -> 0
... A188: 184 | B188: นมเปรี้ยว | C188: =+ยกมา!G188 -> 0 | D188: 0 | E188: =C188+D188 -> 0 | F188: 0 | G188: =E188-F188-H188 -> 0 | H188: 0 | I188: 10 | J188: =+I188*H188 -> 0 | K188: - | L188: 0 | M188: =SUM(J188-L188) -> 0
A189: 185 | B189: เจ้หมวย | C189: =+ยกมา!G189 -> 0 | D189: 0 | E189: =C189+D189 -> 0 | F189: 0 | G189: =E189-F189-H189 -> 0 | H189: 0 | J189: 0 | K189: - | L189: 0 | M189: =SUM(J189-L189) -> 0
A190: 186 | B190: ลูกค้าพี่น้อย | C190: =+ยกมา!G190 -> 0 | D190: 0 | E190: =C190+D190 -> 0 | F190: 0 | G190: =E190-F190-H190 -> 0 | H190: 0 | I190: 0 | J190: =+I190*H190 -> 0 | K190: - | L190: 0 | M190: =SUM(J190-L190) -> 0
A191: 187 | B191: จัดกระเช้า | C191: =+ยกมา!G191 -> 0 | D191: 0 | E191: =C191+D191 -> 0 | F191: 0 | G191: =E191-F191-H191 -> 0 | H191: 0 | I191: 800 | J191: =+I191*H191 -> 0 | K191: - | L191: 0 | M191: =SUM(J191-L191) -> 0
A192: 188 | B192: เปี๊ยะสติ๊กไก่หยอง | C192: =+ยกมา!G192 -> 0 | D192: 0 | E192: =C192+D192 -> 0 | F192: 0 | G192: =E192-F192-H192 -> 0 | H192: 0 | I192: 35 | J192: =+I192*H192 -> 0 | K192: - | L192: 0 | M192: =SUM(J192-L192) -> 0
A193: 189 | B193: ถั่วลันเตา | C193: =+ยกมา!G193 -> 0 | D193: 0 | E193: =C193+D193 -> 0 | F193: 0 | G193: =E193-F193-H193 -> 0 | H193: 0 | I193: 40 | J193: =+I193*H193 -> 0 | K193: - | L193: 0 | M193: =SUM(J193-L193) -> 0
A194: 190 | B194: ลาวา (ล) ฝอยทอง | C194: =+ยกมา!G194 -> 0 | D194: 0 | E194: =C194+D194 -> 0 | F194: 0 | G194: =E194-F194-H194 -> 0 | H194: 0 | I194: 50 | J194: =+I194*H194 -> 0 | K194: - | L194: 0 | M194: =SUM(J194-L194) -> 0
A195: 191 | B195: เปี๊ยะลาวาไข่เค็ม 1 ชิ้น | C195: =+ยกมา!G195 -> 0 | D195: 0 | E195: =C195+D195 -> 0 | F195: 0 | G195: =E195-F195-H195 -> 0 | H195: 0 | I195: 25 | J195: =+I195*H195 -> 0 | K195: - | L195: 0 | M195: =SUM(J195-L195) -> 0
A196: 192 | B196: กระเช้า 14 นิ้ว | C196: =+ยกมา!G196 -> 14 | D196: 0 | E196: =C196+D196 -> 14 | F196: 0 | G196: =E196-F196-H196 -> 14 | H196: 0 | I196: 200 | J196: =+I196*H196 -> 0 | K196: - | L196: 0 | M196: =SUM(J196-L196) -> 0
A197: 193 | B197: กระเช้า 16 นิ้ว | C197: =+ยกมา!G197 -> 0 | D197: 0 | E197: =C197+D197 -> 0 | F197: 0 | G197: =E197-F197-H197 -> 0 | H197: 0 | I197: 0 | J197: =+I197*H197 -> 0 | K197: - | L197: 0 | M197: =SUM(J197-L197) -> 0
A198: 194 | B198: กระเช้า 12 นิ้ว | C198: =+ยกมา!G198 -> 0 | D198: 0 | E198: =C198+D198 -> 0 | F198: 0 | G198: =E198-F198-H198 -> 0 | H198: 0 | I198: 150 | J198: =+I198*H198 -> 0 | K198: - | L198: 0 | M198: =SUM(J198-L198) -> 0
A199: 195 | B199: ปังเลเยอร์ | C199: =+ยกมา!G199 -> 0 | D199: 0 | E199: =C199+D199 -> 0 | F199: 0 | G199: =E199-F199-H199 -> 0 | H199: 0 | I199: 65 | J199: =+I199*H199 -> 0 | K199: - | L199: 0 | M199: =SUM(J199-L199) -> 0
A200: 196 | B200: กล่องจัดเบรค | C200: =+ยกมา!G200 -> 119 | D200: 0 | E200: =C200+D200 -> 119 | F200: 0 | G200: =E200-F200-H200 -> 99 | H200: 20 | I200: 0 | J200: =+I200*H200 -> 0 | K200: จัดเบรก | L200: 0 | M200: =SUM(J200-L200) -> 0
A201: 197 | B201: จัดชุดเบรค | C201: =+ยกมา!G201 -> 0 | D201: 20 | E201: =C201+D201 -> 20 | F201: 0 | G201: =E201-F201-H201 -> 0 | H201: 20 | I201: 25 | J201: =+I201*H201 -> 500 | K201: - | L201: 0 | M201: =SUM(J201-L201) -> 500
... A203: 199 | B203: โบราณ 12 ชิ้น ครีม | C203: =+ยกมา!G203 -> 0 | D203: 0 | E203: =C203+D203 -> 0 | F203: 0 | G203: =E203-F203-H203 -> 0 | H203: 0 | I203: 150 | J203: =+I203*H203 -> 0 | K203: - | L203: 0 | M203: =SUM(J203-L203) -> 0
A204: 200 | B204: เค้กมะพร้าวอ่อน (1/2 ปอนด์) | C204: =+ยกมา!G204 -> 0 | D204: 0 | E204: =C204+D204 -> 0 | F204: 0 | G204: =E204-F204-H204 -> 0 | H204: 0 | I204: 120 | K204: - | L204: 0 | M204: =SUM(J204-L204) -> 0
A205: 201 | B205: โบราณ 12 ชิ้น ผลไม้ | C205: =+ยกมา!G205 -> 0 | D205: 0 | E205: =C205+D205 -> 0 | F205: 0 | G205: =E205-F205-H205 -> 0 | H205: 0 | I205: 150 | J205: =+I205*H205 -> 0 | K205: - | L205: 0 | M205: =SUM(J205-L205) -> 0
A206: 202 | B206: ขายนอกระบบ | C206: =+ยกมา!G206 -> 0 | D206: 0 | E206: =C206+D206 -> 0 | F206: 0 | G206: =E206-F206-H206 -> 0 | H206: 0 | I206: 150 | J206: =+I206*H206 -> 0 | K206: - | L206: 0 | M206: =SUM(J206-L206) -> 0
A207: 203 | B207: ครีมพายคาลาเมลกล้วย | C207: =+ยกมา!G207 -> 0 | D207: 0 | E207: =C207+D207 -> 0 | F207: 0 | G207: =E207-F207-H207 -> 0 | H207: 0 | I207: 50 | J207: =+I207*H207 -> 0 | K207: - | L207: 0 | M207: =SUM(J207-L207) -> 0
A208: 204 | B208: โบราณคริสมาส | C208: =+ยกมา!G208 -> 0 | D208: 0 | E208: =C208+D208 -> 0 | F208: 0 | G208: =E208-F208-H208 -> 0 | H208: 0 | I208: 50 | J208: =+I208*H208 -> 0 | K208: - | L208: 0 | M208: =SUM(J208-L208) -> 0
A209: 205 | B209: น้ำมะพร้าว | C209: =+ยกมา!G209 -> 0 | D209: 0 | E209: =C209+D209 -> 0 | F209: 0 | G209: =E209-F209-H209 -> 0 | H209: 0 | I209: 10 | J209: =+I209*H209 -> 0 | K209: - | L209: 0 | M209: =SUM(J209-L209) -> 0
A210: 206 | B210: โบราณ 4 ชิ้น กล่องแดง | C210: =+ยกมา!G210 -> 0 | D210: 0 | E210: =C210+D210 -> 0 | F210: 0 | G210: =E210-F210-H210 -> 0 | H210: 0 | I210: 50 | J210: =+I210*H210 -> 0 | K210: - | L210: 0 | M210: =SUM(J210-L210) -> 0
L219: 0 | M219: 1820
H220: ยอดขายสินค้า SALE | J220: =+X107 -> 0 | M220: ส่วนลดสินค้า SALE
I221: รวมทั้งหมด | K221: =SUM(J5:J220) -> 2415
I222: หัก ค่าโอนเงิน | K222: 0
I223: หัก โอนหน้าร้าน | K223: =SUM(L223:AS223) -> 310 | L223: 30 | M223: 160 | N223: 120
I224: สแกนใช้สิทธิ์ | K224: 0
I225: หัก ค่าใช้จ่ายอื่นๆ | K225: 0
I226: หัก ส่วนลด | K226: =SUM(L5:L219) -> 745
I227: ต้องคงเหลือทั้งหมด | K227: =K221-K222-K223-K225-K226 -> 1360
I228: ยอดที่รับจริง | K228: 1360
I229: ขาด | K229: =+K228-K227 -> 0
...

Sheet 2
A2: บูธ คุณาวรรณ วันที่ 1-29/02/2567 | O2: สินค้า SALE
A3: ลำดับ | B3: รายการ | C3: ยกมา | D3: รับ | E3: รวม | F3: เปลี่ยน/ | G3: คงเหลือ | H3: รายการขาย | K3: หมายเหตุ | L3: ส่วนลด | O3: ลำดับ | P3: รายการ | Q3: ยกมา | R3: รับ | S3: รวม | T3: เปลี่ยน/ | U3: คงเหลือ | V3: รายการขาย | Y3: หมายเหตุ | Z3: ส่วนลด
F4: คืน/เสีย | H4: จำนวน | I4: @ | J4: เป็นเงิน | T4: คืน/เสีย | V4: จำนวน | W4: @ | X4: เป็นเงิน
A5: 1 | B5: ชิฟฟ่อน (ล) | C5: =+'1'!G5 -> 20 | D5: 0 | E5: =C5+D5 -> 20 | F5: 0 | G5: =E5-F5-H5 -> 20 | H5: 0 | I5: 50 | J5: =+I5*H5 -> 0 | K5: - | L5: 0 | M5: =SUM(J5-L5) -> 0 | O5: 1 | P5: เบาหวิว (ล) ใหม่ มะพร้าว | Q5: =+'[1]วันที่ 20'!U5 -> 0 | R5: 0 | S5: =Q5+R5 -> 0 | T5: 0 | U5: =S5-T5-V5 -> 0 | V5: 0 | W5: 50 | X5: =+W5*V5 -> 0 | Z5: 100
A6: 2 | B6: ชิฟฟ่อน (ญ) | C6: =+'1'!G6 -> 39 | D6: 30 | E6: =C6+D6 -> 69 | F6: 0 | G6: =E6-F6-H6 -> 63 | H6: 6 | I6: 100 | J6: =+I6*H6 -> 600 | K6: เฮียประยูร=4 | L6: 80 | M6: =SUM(J6-L6) -> 520 | O6: 2 | P6: เบาหวิว (ล) ใหม่ ลูกตาล | Q6: =+'[1]วันที่ 20'!U6 -> 0 | R6: 0 | S6: =Q6+R6 -> 0 | T6: 0 | U6: =S6-T6-V6 -> 0 | V6: 0 | W6: 50 | X6: =+W6*V6 -> 0 | Z6: 100
A7: 3 | B7: ชิฟฟ่อน (ล) กาแฟ | C7: =+'1'!G7 -> 0 | D7: 0 | E7: =C7+D7 -> 0 | F7: 0 | G7: =E7-F7-H7 -> 0 | H7: 0 | I7: 50 | J7: =+I7*H7 -> 0 | K7: - | L7: 0 | M7: =SUM(J7-L7) -> 0 | O7: 3 | P7: เบาหวิว (ล) ใหม่ เนยนม | Q7: =+'[1]วันที่ 20'!U7 -> 0 | R7: 0 | S7: =Q7+R7 -> 0 | T7: 0 | U7: =S7-T7-V7 -> 0 | V7: 0 | W7: 50 | X7: =+W7*V7 -> 0 | Z7: 100
A8: 4 | B8: ชิฟฟ่อน (ญ) กาแฟ | C8: =+'1'!G8 -> 0 | D8: 0 | E8: =C8+D8 -> 0 | F8: 0 | G8: =E8-F8-H8 -> 0 | H8: 0 | I8: 100 | J8: =+I8*H8 -> 0 | K8: - | L8: 0 | M8: =SUM(J8-L8) -> 0 | O8: 4 | P8: เบาหวิว (ล) ใหม่ กาแฟ | Q8: =+'[1]วันที่ 20'!U8 -> 0 | R8: 0 | S8: =Q8+R8 -> 0 | T8: 0 | U8: =S8-T8-V8 -> 0 | V8: 0 | W8: 50 | X8: =+W8*V8 -> 0
A9: 5 | B9: ชิฟฟ่อนเค้ก 1 ชิ้น | C9: =+'1'!G9 -> 0 | D9: 0 | E9: =C9+D9 -> 0 | F9: 0 | G9: =E9-F9-H9 -> 0 | H9: 0 | I9: 12 | J9: =+I9*H9 -> 0 | K9: - | L9: 0 | M9: =SUM(J9-L9) -> 0 | O9: 5 | P9: เบาหวิว (ล) ใหม่ รสกล้วยหอมมะพร้าวเผา | Q9: =+'[1]วันที่ 20'!U9 -> 0 | R9: 0 | S9: =Q9+R9 -> 0 | T9: 0 | U9: =S9-T9-V9 -> 0 | V9: 0 | W9: 50 | X9: =+W9*V9 -> 0 | Z9: 100
A10: 6 | B10: ชิฟฟ่อนเค้กสอดไส้แยม 1 ชิ้น | C10: =+'1'!G10 -> 0 | D10: 0 | E10: =C10+D10 -> 0 | F10: 0 | G10: =E10-F10-H10 -> 0 | H10: 0 | I10: 15 | J10: =+I10*H10 -> 0 | K10: - | L10: 0 | M10: =SUM(J10-L10) -> 0 | O10: 6 | P10: เบาหวิว (ล) ใหม่ ฝอยทอง | Q10: =+'[1]วันที่ 20'!U10 -> 0 | R10: 0 | S10: =Q10+R10 -> 0 | T10: 0 | U10: =S10-T10-V10 -> 0 | V10: 0 | W10: 50 | X10: =+W10*V10 -> 0 | Z10: 100
A11: 7 | B11: ชิฟฟ่อน สอดไส้ (ล) 2 ชิ้น ครีมมะพร้าว | C11: =+'1'!G11 -> 0 | D11: 0 | E11: =C11+D11 -> 0 | F11: 0 | G11: =E11-F11-H11 -> 0 | H11: 0 | I11: 40 | J11: =+I11*H11 -> 0 | K11: - | L11: 0 | M11: =SUM(J11-L11) -> 0 | O11: 7 | P11: เบาหวิว (ล) ใหม่ ทุเรียน | Q11: =+'[1]วันที่ 20'!U11 -> 0 | R11: 0 | S11: =Q11+R11 -> 0 | T11: 0 | U11: =S11-T11-V11 -> 0 | V11: 0 | W11: 100 | X11: =+W11*V11 -> 0
A12: 8 | B12: ชิฟฟ่อน สอดไส้ (ล) 3 ชิ้น รวมรส | C12: =+'1'!G12 -> 6 | D12: 5 | E12: =C12+D12 -> 11 | F12: 0 | G12: =E12-F12-H12 -> 11 | H12: 0 | I12: 50 | J12: =+I12*H12 -> 0 | K12: - | L12: 0 | M12: =SUM(J12-L12) -> 0 | O12: 8 | P12: เบาหวิว (ล) ใหม่ เผือกมะพร้าว | Q12: =+'[1]วันที่ 20'!U12 -> 0 | R12: 0 | S12: =Q12+R12 -> 0 | T12: 0 | U12: =S12-T12-V12 -> 0 | V12: 0 | W12: 100 | X12: =+W12*V12 -> 0
A13: 9 | B13: ชิฟฟ่อน (ญ) ห่อซีน | C13: =+'1'!G13 -> 0 | D13: 0 | E13: =C13+D13 -> 0 | F13: 0 | G13: =E13-F13-H13 -> 0 | H13: 0 | I13: 100 | J13: =+I13*H13 -> 0 | K13: - | L13: 0 | M13: =SUM(J13-L13) -> 0 | O13: 9 | P13: เบาหวิว (ญ) ใหม่ รสกล้วยหอมมะพร้าวเผา | Q13: =+'[1]วันที่ 20'!U13 -> 0 | R13: 0 | S13: =Q13+R13 -> 0 | T13: 0 | U13: =S13-T13-V13 -> 0 | V13: 0 | W13: 100 | X13: =+W13*V13 -> 0
A14: 10 | B14: ชิฟฟ่อน สอดไส้ (ล) 4 ชิ้น ครีมมะพร้าว | C14: =+'1'!G14 -> 1 | D14: 2 | E14: =C14+D14 -> 3 | F14: 0 | G14: =E14-F14-H14 -> 2 | H14: 1 | I14: 65 | J14: =+I14*H14 -> 65 | K14: - | L14: 0 | M14: =SUM(J14-L14) -> 65 | O14: 10 | P14: เบาหวิว (ญ) ใหม่ รสเนยนม | Q14: =+'[1]วันที่ 20'!U14 -> 0 | R14: 0 | S14: =Q14+R14 -> 0 | T14: 0 | U14: =S14-T14-V14 -> 0 | V14: 0 | W14: 100 | X14: =+W14*V14 -> 0 | Z14: 800
A15: 11 | B15: ชิฟฟ่อน สอดไส้ (ล) 3 ชิ้น แยมส้ม | C15: =+'1'!G15 -> 0 | D15: 0 | E15: =C15+D15 -> 0 | F15: 0 | G15: =E15-F15-H15 -> 0 | H15: 0 | I15: 50 | J15: =+I15*H15 -> 0 | K15: - | L15: 0 | M15: =SUM(J15-L15) -> 0 | O15: 11 | P15: เบาหวิว (ญ) ใหม่ รสมะพร้าว | Q15: =+'[1]วันที่ 20'!U15 -> 0 | R15: 0 | S15: =Q15+R15 -> 0 | T15: 0 | U15: =S15-T15-V15 -> 0 | V15: 0 | W15: 50 | X15: =+W15*V15 -> 0
A16: 12 | B16: ชิฟฟ่อน สอดไส้ (ล) 3 ชิ้น บลูเบอรี่ | C16: =+'1'!G16 -> 0 | D16: 0 | E16: =C16+D16 -> 0 | F16: 0 | G16: =E16-F16-H16 -> 0 | H16: 0 | I16: 50 | J16: =+I16*H16 -> 0 | K16: - | L16: 0 | M16: =SUM(J16-L16) -> 0 | O16: 12 | P16: เบาหวิว (ญ) ใหม่ รสกาแฟ | Q16: =+'[1]วันที่ 20'!U16 -> 0 | R16: 0 | S16: =Q16+R16 -> 0 | T16: 0 | U16: =S16-T16-V16 -> 0 | V16: 0 | W16: 60 | X16: =+W16*V16 -> 0 | Z16: 120
A17: 13 | B17: ชิฟฟ่อน สอดไส้ (ล) 3 ชิ้น ฝอยทอง | C17: =+'1'!G17 -> 2 | D17: 5 | E17: =C17+D17 -> 7 | F17: 0 | G17: =E17-F17-H17 -> 7 | H17: 0 | I17: 50 | J17: =+I17*H17 -> 0 | K17: - | L17: 0 | M17: =SUM(J17-L17) -> 0 | O17: 13 | P17: เบาหวิว (ญ) ใหม่ รสเผือกมะพร้าว | Q17: =+'[1]วันที่ 20'!U17 -> 0 | R17: 0 | S17: =Q17+R17 -> 0 | T17: 0 | U17: =S17-T17-V17 -> 0 | V17: 0 | X17: =+W17*V17 -> 0 | Y17: - | Z17: 0
A18: 14 | B18: ชิฟฟ่อน สอดไส้ (ล) 3 ชิ้น แยมสตรอเบอรี่ | C18: =+'1'!G18 -> 0 | D18: 0 | E18: =C18+D18 -> 0 | F18: 0 | G18: =E18-F18-H18 -> 0 | H18: 0 | I18: 50 | J18: =+I18*H18 -> 0 | K18: - | L18: 0 | M18: =SUM(J18-L18) -> 0 | O18: 14 | P18: เบาหวิว (ญ) ใหม่ รสฝอยทอง | Q18: =+'[1]วันที่ 20'!U18 -> 0 | R18: 0 | S18: =Q18+R18 -> 0 | T18: 0 | U18: =S18-T18-V18 -> 0 | V18: 0 | X18: =+W18*V18 -> 0 | Y18: - | Z18: 0
A19: 15 | B19: ชิฟฟ่อน สอดไส้ (ล) 3 ชิ้น เนยมพะร้าว | C19: =+'1'!G19 -> 3 | D19: 0 | E19: =C19+D19 -> 3 | F19: 0 | G19: =E19-F19-H19 -> 3 | H19: 0 | I19: 50 | J19: =+I19*H19 -> 0 | K19: - | L19: 0 | M19: =SUM(J19-L19) -> 0 | O19: 15 | P19: ชิฟฟ่อน สอดไส้ 6 ชิ้น รวมรส | Q19: =+'[1]วันที่ 20'!U19 -> 0 | R19: 0 | S19: =Q19+R19 -> 0 | T19: 0 | U19: =S19-T19-V19 -> 0 | V19: 0 | X19: =+W19*V19 -> 0 | Y19: - | Z19: 0
A20: 16 | B20: ชิฟฟ่อน สอดไส้ (ล) 3 ชิ้น นมชมพู | C20: =+'1'!G20 -> 0 | D20: 0 | E20: =C20+D20 -> 0 | F20: 0 | G20: =E20-F20-H20 -> 0 | H20: 0 | I20: 50 | J20: =+I20*H20 -> 0 | K20: - | L20: 0 | M20: =SUM(J20-L20) -> 0 | O20: 16 | P20: ชิฟฟ่อน (ญ) | Q20: =+'[1]วันที่ 20'!U20 -> 0 | R20: 0 | S20: =Q20+R20 -> 0 | T20: 0 | U20: =S20-T20-V20 -> 0 | V20: 0 | X20: =+W20*V20 -> 0 | Y20: - | Z20: 0
A21: 17 | B21: ชิฟฟ่อน สอดไส้ (ล) 3 ชิ้น ช็อคโกแลต | C21: =+'1'!G21 -> 0 | D21: 0 | E21: =C21+D21 -> 0 | F21: 0 | G21: =E21-F21-H21 -> 0 | H21: 0 | I21: 50 | J21: =+I21*H21 -> 0 | K21: - | L21: 0 | M21: =SUM(J21-L21) -> 0 | O21: 17 | P21: ชิฟฟ่อนรวมรส ยอดฮิต 8 ชิ้น | Q21: =+'[1]วันที่ 20'!U21 -> 0 | R21: 0 | S21: =Q21+R21 -> 0 | T21: 0 | U21: =S21-T21-V21 -> 0 | V21: 0 | X21: =+W21*V21 -> 0 | Y21: - | Z21: 0
A22: 18 | B22: ชิฟฟ่อน สอดไส้ (ก) 5 ชิ้น | C22: =+'1'!G22 -> 2 | D22: 2 | E22: =C22+D22 -> 4 | F22: 0 | G22: =E22-F22-H22 -> 3 | H22: 1 | I22: 85 | J22: =+I22*H22 -> 85 | K22: - | L22: 0 | M22: =SUM(J22-L22) -> 85 | O22: 18 | P22: พายสับปะรด 1 กล่อง | Q22: =+'[1]วันที่ 20'!U22 -> 0 | R22: 0 | S22: =Q22+R22 -> 0 | T22: 0 | U22: =S22-T22-V22 -> 0 | V22: 0 | X22: =+W22*V22 -> 0 | Y22: - | Z22: 0
A23: 19 | B23: ชิฟฟ่อน สอดไส้ 6 ชิ้น รวมรส | C23: =+'1'!G23 -> 7 | D23: 10 | E23: =C23+D23 -> 17 | F23: 0 | G23: =E23-F23-H23 -> 12 | H23: 5 | I23: 100 | J23: =+I23*H23 -> 500 | K23: - | L23: 0 | M23: =SUM(J23-L23) -> 500 | O23: 19 | P23: ท๊อฟฟี่ กล่อง | Q23: =+'[1]วันที่ 20'!U23 -> 0 | R23: 0 | S23: =Q23+R23 -> 0 | T23: 0 | U23: =S23-T23-V23 -> 0 | V23: 0 | X23: =+W23*V23 -> 0 | Y23: - | Z23: 0
A24: 20 | B24: ชิฟฟ่อน สอดไส้ 6 ชิ้น ฝอยทอง | C24: =+'1'!G24 -> 8 | D24: 5 | E24: =C24+D24 -> 13 | F24: 0 | G24: =E24-F24-H24 -> 12 | H24: 1 | I24: 100 | J24: =+I24*H24 -> 100 | K24: แถม | L24: 100 | M24: =SUM(J24-L24) -> 0 | O24: 20 | P24: เมอร์แรง กระปุก | Q24: =+'[1]วันที่ 20'!U24 -> 0 | R24: 0 | S24: =Q24+R24 -> 0 | T24: 0 | U24: =S24-T24-V24 -> 0 | V24: 0 | X24: =+W24*V24 -> 0 | Y24: - | Z24: 0
A25: 21 | B25: ชิฟฟ่อน สอดไส้ 6 ชิ้น ทูโทน | C25: =+'1'!G25 -> 0 | D25: 0 | E25: =C25+D25 -> 0 | F25: 0 | G25: =E25-F25-H25 -> 0 | H25: 0 | I25: 100 | J25: =+I25*H25 -> 0 | K25: - | L25: 0 | M25: =SUM(J25-L25) -> 0 | O25: 21 | P25: ขนมเปี๊ยะโมจิ 350 กรัม ถั่ว | Q25: =+'[1]วันที่ 20'!U25 -> 0 | R25: 0 | S25: =Q25+R25 -> 0 | T25: 0 | U25: =S25-T25-V25 -> 0 | V25: 0 | X25: =+W25*V25 -> 0 | Y25: - | Z25: 0
A26: 22 | B26: ชิฟฟ่อน สอดไส้ 6 ชิ้น นมชมพู | C26: =+'1'!G26 -> 1 | D26: 0 | E26: =C26+D26 -> 1 | F26: 0 | G26: =E26-F26-H26 -> 1 | H26: 0 | I26: 100 | J26: =+I26*H26 -> 0 | K26: - | L26: 0 | M26: =SUM(J26-L26) -> 0 | O26: 22 | P26: ขนมเปี๊ยะโมจิ 350 กรัม ฟัก | Q26: =+'[1]วันที่ 20'!U26 -> 0 | R26: 0 | S26: =Q26+R26 -> 0 | T26: 0 | U26: =S26-T26-V26 -> 0 | V26: 0 | X26: =+W26*V26 -> 0 | Y26: - | Z26: 0
A27: 23 | B27: ชิฟฟ่อน สอดไส้ 6 ชิ้น บลูเบอรี่ | C27: =+'1'!G27 -> 1 | D27: 0 | E27: =C27+D27 -> 1 | F27: 0 | G27: =E27-F27-H27 -> 1 | H27: 0 | I27: 100 | J27: =+I27*H27 -> 0 | K27: - | L27: 0 | M27: =SUM(J27-L27) -> 0 | O27: 23 | Q27: =+'[1]วันที่ 20'!U27 -> 0 | R27: 0 | S27: =Q27+R27 -> 0 | T27: 0 | U27: =S27-T27-V27 -> 0 | V27: 0 | X27: =+W27*V27 -> 0 | Y27: - | Z27: 0
A28: 24 | B28: ชิฟฟ่อน สอดไส้ 6 ชิ้น ช็อคโกแลต | C28: =+'1'!G28 -> 0 | D28: 0 | E28: =C28+D28 -> 0 | F28: 0 | G28: =E28-F28-H28 -> 0 | H28: 0 | I28: 100 | J28: =+I28*H28 -> 0 | K28: - | L28: 0 | M28: =SUM(J28-L28) -> 0 | O28: 24 | Q28: =+'[1]วันที่ 20'!U28 -> 0 | R28: 0 | S28: =Q28+R28 -> 0 | T28: 0 | U28: =S28-T28-V28 -> 0 | V28: 0 | X28: =+W28*V28 -> 0 | Y28: - | Z28: 0
A29: 25 | B29: ชิฟฟ่อน สอดไส้ 6 ชิ้น มะพร้าว | C29: =+'1'!G29 -> 4 | D29: 0 | E29: =C29+D29 -> 4 | F29: 0 | G29: =E29-F29-H29 -> 4 | H29: 0 | I29: 100 | J29: =+I29*H29 -> 0 | K29: - | L29: 0 | M29: =SUM(J29-L29) -> 0 | O29: 25 | Q29: =+'[1]วันที่ 20'!U29 -> 0 | R29: 0 | S29: =Q29+R29 -> 0 | T29: 0 | U29: =S29-T29-V29 -> 0 | V29: 0 | X29: =+W29*V29 -> 0 | Y29: - | Z29: 0
A30: 26 | B30: ชิฟฟ่อน สอดไส้ 6 ชิ้น ส้ม | C30: =+'1'!G30 -> 0 | D30: 0 | E30: =C30+D30 -> 0 | F30: 0 | G30: =E30-F30-H30 -> 0 | H30: 0 | I30: 100 | J30: =+I30*H30 -> 0 | K30: - | L30: 0 | M30: =SUM(J30-L30) -> 0 | O30: 26 | Q30: =+'[1]วันที่ 20'!U30 -> 0 | R30: 0 | S30: =Q30+R30 -> 0 | T30: 0 | U30: =S30-T30-V30 -> 0 | V30: 0 | X30: =+W30*V30 -> 0 | Y30: - | Z30: 0
A31: 27 | B31: ชิฟฟ่อน สอดไส้ 6 ชิ้น สตรอเบอรี่ | C31: =+'1'!G31 -> 1 | D31: 0 | E31: =C31+D31 -> 1 | F31: 0 | G31: =E31-F31-H31 -> 1 | H31: 0 | I31: 100 | J31: =+I31*H31 -> 0 | K31: - | L31: 0 | M31: =SUM(J31-L31) -> 0 | O31: 27 | Q31: =+'[1]วันที่ 20'!U31 -> 0 | R31: 0 | S31: =Q31+R31 -> 0 | T31: 0 | U31: =S31-T31-V31 -> 0 | V31: 0 | X31: =+W31*V31 -> 0 | Y31: - | Z31: 0
A32: 28 | B32: ชิฟฟ่อน สอดไส้ (ญ) 8 ชิ้น ใบเตย | C32: =+'1'!G32 -> 0 | D32: 0 | E32: =C32+D32 -> 0 | F32: 0 | G32: =E32-F32-H32 -> 0 | H32: 0 | I32: 130 | J32: =+I32*H32 -> 0 | K32: - | L32: 0 | M32: =SUM(J32-L32) -> 0 | O32: 28 | Q32: =+'[1]วันที่ 20'!U32 -> 0 | R32: 0 | S32: =Q32+R32 -> 0 | T32: 0 | U32: =S32-T32-V32 -> 0 | V32: 0 | X32: =+W32*V32 -> 0 | Y32: - | Z32: 0
A33: 29 | B33: ชิฟฟ่อน สอดไส้ (ญ) 8 ชิ้น ทูโทนใบเตย | C33: =+'1'!G33 -> 0 | D33: 0 | E33: =C33+D33 -> 0 | F33: 0 | G33: =E33-F33-H33 -> 0 | H33: 0 | I33: 130 | J33: =+I33*H33 -> 0 | K33: - | L33: 0 | M33: =SUM(J33-L33) -> 0 | O33: 29 | Q33: =+'[1]วันที่ 20'!U33 -> 0 | R33: 0 | S33: =Q33+R33 -> 0 | T33: 0 | U33: =S33-T33-V33 -> 0 | V33: 0 | X33: =+W33*V33 -> 0 | Y33: - | Z33: 0
A34: 30 | B34: ชิฟฟ่อน สอดไส้ (ญ) 8 ชิ้น รวมรส | C34: =+'1'!G34 -> 7 | D34: 0 | E34: =C34+D34 -> 7 | F34: 0 | G34: =E34-F34-H34 -> 7 | H34: 0 | I34: 130 | J34: =+I34*H34 -> 0 | K34: - | L34: 0 | M34: =SUM(J34-L34) -> 0 | O34: 30 | Q34: =+'[1]วันที่ 20'!U34 -> 0 | R34: 0 | S34: =Q34+R34 -> 0 | T34: 0 | U34: =S34-T34-V34 -> 0 | V34: 0 | X34: =+W34*V34 -> 0 | Y34: - | Z34: 0
A35: 31 | B35: ชิฟฟ่อน สอดไส้ (ญ) 8 ชิ้น มะพร้าว | C35: =+'1'!G35 -> 5 | D35: 5 | E35: =C35+D35 -> 10 | F35: 0 | G35: =E35-F35-H35 -> 8 | H35: 2 | I35: 130 | J35: =+I35*H35 -> 260 | K35: - | L35: 0 | M35: =SUM(J35-L35) -> 260 | O35: 31 | Q35: =+'[1]วันที่ 20'!U35 -> 0 | R35: 0 | S35: =Q35+R35 -> 0 | T35: 0 | U35: =S35-T35-V35 -> 0 | V35: 0 | X35: =+W35*V35 -> 0 | Y35: - | Z35: 0
A36: 32 | B36: ชิฟฟ่อน 8 ชิ้น มะลิ | C36: =+'1'!G36 -> 0 | D36: 0 | E36: =C36+D36 -> 0 | F36: 0 | G36: =E36-F36-H36 -> 0 | H36: 0 | I36: 100 | J36: =+I36*H36 -> 0 | K36: - | L36: 0 | M36: =SUM(J36-L36) -> 0 | O36: 32 | Q36: =+'[1]วันที่ 20'!U36 -> 0 | R36: 0 | S36: =Q36+R36 -> 0 | T36: 0 | U36: =S36-T36-V36 -> 0 | V36: 0 | X36: =+W36*V36 -> 0 | Y36: - | Z36: 0
A37: 33 | B37: ชิฟฟ่อนรวมรส ยอดฮิต 8 ชิ้น | C37: =+'1'!G37 -> 8 | D37: 10 | E37: =C37+D37 -> 18 | F37: 0 | G37: =E37-F37-H37 -> 13 | H37: 5 | I37: 100 | J37: =+I37*H37 -> 500 | K37: - | L37: 0 | M37: =SUM(J37-L37) -> 500 | O37: 33 | Q37: =+'[1]วันที่ 20'!U37 -> 0 | R37: 0 | S37: =Q37+R37 -> 0 | T37: 0 | U37: =S37-T37-V37 -> 0 | V37: 0 | X37: =+W37*V37 -> 0 | Y37: - | Z37: 0
A38: 34 | B38: ครีมฮอร์น วนิลา | C38: =+'1'!G38 -> 3 | D38: 3 | E38: =C38+D38 -> 6 | F38: 0 | G38: =E38-F38-H38 -> 5 | H38: 1 | I38: 50 | J38: =+I38*H38 -> 50 | K38: ลด 50% | L38: 25 | M38: =SUM(J38-L38) -> 25 | O38: 34 | Q38: =+'[1]วันที่ 20'!U38 -> 0 | R38: 0 | S38: =Q38+R38 -> 0 | T38: 0 | U38: =S38-T38-V38 -> 0 | V38: 0 | X38: =+W38*V38 -> 0 | Y38: - | Z38: 0
... A104: 100 | B104: หมูทุบ | C104: =+'1'!G104 -> 0 | D104: 0 | E104: =C104+D104 -> 0 | F104: 0 | G104: =E104-F104-H104 -> 0 | H104: 0 | I104: 100 | J104: =+I104*H104 -> 0 | K104: - | L104: 0 | M104: =SUM(J104-L104) -> 0 | O104: 100 | Q104: =+'[1]วันที่ 20'!U104 -> 0 | R104: 0 | S104: =Q104+R104 -> 0 | T104: 0 | U104: =S104-T104-V104 -> 0 | V104: 0 | X104: =+W104*V104 -> 0 | Y104: - | Z104: 0
A105: 101 | B105: ดอกจอก | C105: =+'1'!G105 -> 0 | D105: 0 | E105: =C105+D105 -> 0 | F105: 0 | G105: =E105-F105-H105 -> 0 | H105: 0 | I105: 30 | J105: =+I105*H105 -> 0 | K105: - | L105: 0 | M105: =SUM(J105-L105) -> 0 | Z105: =SUM(Z5:Z104) -> 1420
A106: 102 | B106: เทียน | C106: =+'1'!G106 -> 2 | D106: 0 | E106: =C106+D106 -> 2 | F106: 0 | G106: =E106-F106-H106 -> 2 | H106: 0 | I106: 20 | J106: =+I106*H106 -> 0 | K106: - | L106: 0 | M106: =SUM(J106-L106) -> 0
A107: 103 | B107: ขนมอาลัวแฟนซี | C107: =+'1'!G107 -> 0 | D107: 0 | E107: =C107+D107 -> 0 | F107: 0 | G107: =E107-F107-H107 -> 0 | H107: 0 | I107: 100 | J107: =+I107*H107 -> 0 | K107: - | L107: 0 | M107: =SUM(J107-L107) -> 0 | P107: รวม | X107: =SUM(X5:X104) -> 0
A108: 104 | B108: ชูนัทคุกกี้ | C108: =+'1'!G108 -> 0 | D108: 0 | E108: =C108+D108 -> 0 | F108: 0 | G108: =E108-F108-H108 -> 0 | H108: 0 | I108: 80 | J108: =+I108*H108 -> 0 | K108: - | L108: 0 | M108: =SUM(J108-L108) -> 0
A109: 105 | B109: วุ้นแฟนซี | C109: =+'1'!G109 -> 0 | D109: 0 | E109: =C109+D109 -> 0 | F109: 0 | G109: =E109-F109-H109 -> 0 | H109: 0 | I109: 60 | J109: =+I109*H109 -> 0 | K109: - | L109: 0 | M109: =SUM(J109-L109) -> 0
A110: 106 | B110: เค้กสามเหลี่ยม มะพร้าว | C110: =+'1'!G110 -> 0 | D110: 0 | E110: =C110+D110 -> 0 | F110: 0 | G110: =E110-F110-H110 -> 0 | H110: 0 | I110: 35 | J110: =+I110*H110 -> 0 | K110: - | L110: 0 | M110: =SUM(J110-L110) -> 0
A111: 107 | B111: เค้กสามเหลี่ยม สตอเบอรี่ | C111: =+'1'!G111 -> 0 | D111: 0 | E111: =C111+D111 -> 0 | F111: 0 | G111: =E111-F111-H111 -> 0 | H111: 0 | I111: 35 | J111: =+I111*H111 -> 0 | K111: - | L111: 0 | M111: =SUM(J111-L111) -> 0
A112: 108 | B112: เค้กสามเหลี่ยม บลูเบอรี่ | C112: =+'1'!G112 -> 0 | D112: 0 | E112: =C112+D112 -> 0 | F112: 0 | G112: =E112-F112-H112 -> 0 | H112: 0 | I112: 35 | J112: =+I112*H112 -> 0 | K112: - | L112: 0 | M112: =SUM(J112-L112) -> 0
A113: 109 | B113: เค้กสามเหลี่ยม รสส้ม | C113: =+'1'!G113 -> 0 | D113: 0 | E113: =C113+D113 -> 0 | F113: 0 | G113: =E113-F113-H113 -> 0 | H113: 0 | I113: 35 | J113: =+I113*H113 -> 0 | K113: - | L113: 0 | M113: =SUM(J113-L113) -> 0
A114: 110 | B114: เค้กสามเหลี่ยม รสช็อกโกโอริโอ้ | C114: =+'1'!G114 -> 0 | D114: 0 | E114: =C114+D114 -> 0 | F114: 0 | G114: =E114-F114-H114 -> 0 | H114: 0 | I114: 35 | J114: =+I114*H114 -> 0 | K114: - | L114: 0 | M114: =SUM(J114-L114) -> 0
A115: 111 | B115: สตอเบอร์รี่ครีมเค้ก | C115: =+'1'!G115 -> 0 | D115: 0 | E115: =C115+D115 -> 0 | F115: 0 | G115: =E115-F115-H115 -> 0 | H115: 0 | I115: 50 | J115: =+I115*H115 -> 0 | K115: - | L115: 0 | M115: =SUM(J115-L115) -> 0
A116: 112 | B116: บลูเบอร์รี่ครีมเค้ก | C116: =+'1'!G116 -> 0 | D116: 0 | E116: =C116+D116 -> 0 | F116: 0 | G116: =E116-F116-H116 -> 0 | H116: 0 | I116: 50 | J116: =+I116*H116 -> 0 | K116: - | L116: 0 | M116: =SUM(J116-L116) -> 0
A117: 113 | B117: เค้กส้ม | C117: =+'1'!G117 -> 0 | D117: 0 | E117: =C117+D117 -> 0 | F117: 0 | G117: =E117-F117-H117 -> 0 | H117: 0 | I117: 50 | J117: =+I117*H117 -> 0 | K117: - | L117: 0 | M117: =SUM(J117-L117) -> 0
A118: 114 | B118: วนิลาครีมเค้ก | C118: =+'1'!G118 -> 0 | D118: 0 | E118: =C118+D118 -> 0 | F118: 0 | G118: =E118-F118-H118 -> 0 | H118: 0 | I118: 50 | J118: =+I118*H118 -> 0 | K118: - | L118: 0 | M118: =SUM(J118-L118) -> 0
A119: 115 | B119: ใบเตยครีมเค้ก | C119: =+'1'!G119 -> 0 | D119: 0 | E119: =C119+D119 -> 0 | F119: 0 | G119: =E119-F119-H119 -> 0 | H119: 0 | I119: 50 | J119: =+I119*H119 -> 0 | K119: - | L119: 0 | M119: =SUM(J119-L119) -> 0
... A188: 184 | B188: นมเปรี้ยว | C188: =+'1'!G188 -> 0 | D188: 0 | E188: =C188+D188 -> 0 | F188: 0 | G188: =E188-F188-H188 -> 0 | H188: 0 | I188: 10 | J188: =+I188*H188 -> 0 | K188: - | L188: 0 | M188: =SUM(J188-L188) -> 0
A189: 185 | B189: เจ้หมวย | C189: =+'1'!G189 -> 0 | D189: 0 | E189: =C189+D189 -> 0 | F189: 0 | G189: =E189-F189-H189 -> 0 | H189: 0 | J189: 0 | K189: - | L189: 0 | M189: =SUM(J189-L189) -> 0
A190: 186 | B190: ลูกค้าพี่น้อย | C190: =+'1'!G190 -> 0 | D190: 0 | E190: =C190+D190 -> 0 | F190: 0 | G190: =E190-F190-H190 -> 0 | H190: 0 | I190: 0 | J190: =+I190*H190 -> 0 | K190: - | L190: 0 | M190: =SUM(J190-L190) -> 0
A191: 187 | B191: จัดกระเช้า | C191: =+'1'!G191 -> 0 | D191: 0 | E191: =C191+D191 -> 0 | F191: 0 | G191: =E191-F191-H191 -> 0 | H191: 0 | I191: 800 | J191: =+I191*H191 -> 0 | K191: - | L191: 0 | M191: =SUM(J191-L191) -> 0
A192: 188 | B192: เปี๊ยะสติ๊กไก่หยอง | C192: =+'1'!G192 -> 0 | D192: 0 | E192: =C192+D192 -> 0 | F192: 0 | G192: =E192-F192-H192 -> 0 | H192: 0 | I192: 35 | J192: =+I192*H192 -> 0 | K192: - | L192: 0 | M192: =SUM(J192-L192) -> 0
A193: 189 | B193: ถั่วลันเตา | C193: =+'1'!G193 -> 0 | D193: 0 | E193: =C193+D193 -> 0 | F193: 0 | G193: =E193-F193-H193 -> 0 | H193: 0 | I193: 40 | J193: =+I193*H193 -> 0 | K193: - | L193: 0 | M193: =SUM(J193-L193) -> 0
A194: 190 | B194: ลาวา (ล) ฝอยทอง | C194: =+'1'!G194 -> 0 | D194: 0 | E194: =C194+D194 -> 0 | F194: 0 | G194: =E194-F194-H194 -> 0 | H194: 0 | I194: 50 | J194: =+I194*H194 -> 0 | K194: - | L194: 0 | M194: =SUM(J194-L194) -> 0
A195: 191 | B195: เปี๊ยะลาวาไข่เค็ม 1 ชิ้น | C195: =+'1'!G195 -> 0 | D195: 0 | E195: =C195+D195 -> 0 | F195: 0 | G195: =E195-F195-H195 -> 0 | H195: 0 | I195: 25 | J195: =+I195*H195 -> 0 | K195: - | L195: 0 | M195: =SUM(J195-L195) -> 0
A196: 192 | B196: กระเช้า 14 นิ้ว | C196: =+'1'!G196 -> 14 | D196: 0 | E196: =C196+D196 -> 14 | F196: 0 | G196: =E196-F196-H196 -> 14 | H196: 0 | I196: 200 | J196: =+I196*H196 -> 0 | K196: - | L196: 0 | M196: =SUM(J196-L196) -> 0
A197: 193 | B197: กระเช้า 16 นิ้ว | C197: =+'1'!G197 -> 0 | D197: 0 | E197: =C197+D197 -> 0 | F197: 0 | G197: =E197-F197-H197 -> 0 | H197: 0 | I197: 0 | J197: =+I197*H197 -> 0 | K197: - | L197: 0 | M197: =SUM(J197-L197) -> 0
A198: 194 | B198: กระเช้า 12 นิ้ว | C198: =+'1'!G198 -> 0 | D198: 0 | E198: =C198+D198 -> 0 | F198: 0 | G198: =E198-F198-H198 -> 0 | H198: 0 | I198: 150 | J198: =+I198*H198 -> 0 | K198: - | L198: 0 | M198: =SUM(J198-L198) -> 0
A199: 195 | B199: ปังเลเยอร์ | C199: =+'1'!G199 -> 0 | D199: 0 | E199: =C199+D199 -> 0 | F199: 0 | G199: =E199-F199-H199 -> 0 | H199: 0 | I199: 65 | J199: =+I199*H199 -> 0 | K199: - | L199: 0 | M199: =SUM(J199-L199) -> 0
A200: 196 | B200: กล่องจัดเบรค | C200: =+'1'!G200 -> 99 | D200: 0 | E200: =C200+D200 -> 99 | F200: 0 | G200: =E200-F200-H200 -> 99 | H200: 0 | I200: 0 | J200: =+I200*H200 -> 0 | K200: - | L200: 0 | M200: =SUM(J200-L200) -> 0
A201: 197 | B201: จัดชุดเบรค | C201: =+'1'!G201 -> 0 | D201: 0 | E201: =C201+D201 -> 0 | F201: 0 | G201: =E201-F201-H201 -> 0 | H201: 0 | I201: 25 | J201: =+I201*H201 -> 0 | K201: - | L201: 0 | M201: =SUM(J201-L201) -> 0
... A203: 199 | B203: โบราณ 12 ชิ้น ครีม | C203: =+'1'!G203 -> 0 | D203: 0 | E203: =C203+D203 -> 0 | F203: 0 | G203: =E203-F203-H203 -> 0 | H203: 0 | I203: 150 | J203: =+I203*H203 -> 0 | K203: - | L203: 0 | M203: =SUM(J203-L203) -> 0
A204: 200 | B204: เค้กมะพร้าวอ่อน (1/2 ปอนด์) | C204: =+'1'!G204 -> 0 | D204: 0 | E204: =C204+D204 -> 0 | F204: 0 | G204: =E204-F204-H204 -> 0 | H204: 0 | I204: 120 | K204: - | L204: 0 | M204: =SUM(J204-L204) -> 0
A205: 201 | B205: โบราณ 12 ชิ้น ผลไม้ | C205: =+'1'!G205 -> 0 | D205: 0 | E205: =C205+D205 -> 0 | F205: 0 | G205: =E205-F205-H205 -> 0 | H205: 0 | I205: 150 | J205: =+I205*H205 -> 0 | K205: - | L205: 0 | M205: =SUM(J205-L205) -> 0 | N205: =SUM(M5:M207) -> 3910
A206: 202 | B206: ขายนอกระบบ | C206: =+'1'!G206 -> 0 | D206: 0 | E206: =C206+D206 -> 0 | F206: 0 | G206: =E206-F206-H206 -> 0 | H206: 0 | I206: 150 | J206: =+I206*H206 -> 0 | K206: - | L206: 0 | M206: =SUM(J206-L206) -> 0
A207: 203 | B207: ครีมพายคาลาเมลกล้วย | C207: =+'1'!G207 -> 0 | D207: 0 | E207: =C207+D207 -> 0 | F207: 0 | G207: =E207-F207-H207 -> 0 | H207: 0 | I207: 50 | J207: =+I207*H207 -> 0 | K207: - | L207: 0 | M207: =SUM(J207-L207) -> 0
A208: 204 | B208: โบราณคริสมาส | C208: =+'1'!G208 -> 0 | D208: 0 | E208: =C208+D208 -> 0 | F208: 0 | G208: =E208-F208-H208 -> 0 | H208: 0 | I208: 50 | J208: =+I208*H208 -> 0 | K208: - | L208: 0 | M208: =SUM(J208-L208) -> 0
A209: 205 | B209: น้ำมะพร้าว | C209: =+'1'!G209 -> 0 | D209: 0 | E209: =C209+D209 -> 0 | F209: 0 | G209: =E209-F209-H209 -> 0 | H209: 0 | I209: 10 | J209: =+I209*H209 -> 0 | K209: - | L209: 0 | M209: =SUM(J209-L209) -> 0
A210: 206 | B210: โบราณ 4 ชิ้น กล่องแดง | C210: =+'1'!G210 -> 0 | D210: 0 | E210: =C210+D210 -> 0 | F210: 0 | G210: =E210-F210-H210 -> 0 | H210: 0 | I210: 50 | J210: =+I210*H210 -> 0 | K210: - | L210: 0 | M210: =SUM(J210-L210) -> 0
L219: 0 | M219: ส่วนลดสินค้า SALE
H220: ยอดขายสินค้า SALE | J220: =+X107 -> 0
I221: รวมทั้งหมด | K221: =SUM(J5:J220) -> 4480
I222: หัก ค่าโอนเงิน | K222: 0
I223: หัก โอนหน้าร้าน | K223: =SUM(L223:AS223) -> 1015 | L223: 425 | M223: 120 | N223: 340 | O223: 130
I224: สแกนใช้สิทธิ์ | K224: 0
I225: หัก ค่าใช้จ่ายอื่นๆ | K225: 0
I226: หัก ส่วนลด | K226: =SUM(L5:L219) -> 570
I227: ต้องคงเหลือทั้งหมด | K227: =K221-K222-K223-K225-K226 -> 2895
I228: ยอดที่รับจริง | K228: 2895
I229: ขาด | K229: =+K228-K227 -> 0
I230: เกิน | K230: =+K228-K227 -> 0
J232: ยอดขายหักส่วนลด | K232: =+K221-K226+K229 -> 3910
J233: ยอดเงินสด | K233: =SUM(K222:K223) -> 1015
J234: ยอดโอน | K234: =+K228 -> 2895

Sheet 3
A2: บูธ คุณาวรรณ วันที่ 1-29/02/2567 | O2: สินค้า SALE
A3: ลำดับ | B3: รายการ | C3: ยกมา | D3: รับ | E3: รวม | F3: เปลี่ยน/ | G3: คงเหลือ | H3: รายการขาย | K3: หมายเหตุ | L3: ส่วนลด | O3: ลำดับ | P3: รายการ | Q3: ยกมา | R3: รับ | S3: รวม | T3: เปลี่ยน/ | U3: คงเหลือ | V3: รายการขาย | Y3: หมายเหตุ | Z3: ส่วนลด
F4: คืน/เสีย | H4: จำนวน | I4: @ | J4: เป็นเงิน | T4: คืน/เสีย | V4: จำนวน | W4: @ | X4: เป็นเงิน
A5: 1 | B5: ชิฟฟ่อน (ล) | C5: =+'2'!G5 -> 20 | D5: 0 | E5: =C5+D5 -> 20 | F5: 0 | G5: =E5-F5-H5 -> 18 | H5: 2 | I5: 50 | J5: =+I5*H5 -> 100 | K5: - | L5: 0 | M5: =SUM(J5-L5) -> 100 | O5: 1 | P5: เบาหวิว (ล) ใหม่ มะพร้าว | Q5: =+'[1]วันที่ 20'!U5 -> 0 | R5: 0 | S5: =Q5+R5 -> 0 | T5: 0 | U5: =S5-T5-V5 -> 0 | V5: 0 | W5: 50 | X5: =+W5*V5 -> 0 | Z5: 100
A6: 2 | B6: ชิฟฟ่อน (ญ) | C6: =+'2'!G6 -> 63 | D6: 0 | E6: =C6+D6 -> 63 | F6: 0 | G6: =E6-F6-H6 -> 51 | H6: 12 | I6: 100 | J6: =+I6*H6 -> 1200 | K6: - | L6: 0 | M6: =SUM(J6-L6) -> 1200 | O6: 2 | P6: เบาหวิว (ล) ใหม่ ลูกตาล | Q6: =+'[1]วันที่ 20'!U6 -> 0 | R6: 0 | S6: =Q6+R6 -> 0 | T6: 0 | U6: =S6-T6-V6 -> 0 | V6: 0 | W6: 50 | X6: =+W6*V6 -> 0 | Z6: 100
A7: 3 | B7: ชิฟฟ่อน (ล) กาแฟ | C7: =+'2'!G7 -> 0 | D7: 0 | E7: =C7+D7 -> 0 | F7: 0 | G7: =E7-F7-H7 -> 0 | H7: 0 | I7: 50 | J7: =+I7*H7 -> 0 | K7: - | L7: 0 | M7: =SUM(J7-L7) -> 0 | O7: 3 | P7: เบาหวิว (ล) ใหม่ เนยนม | Q7: =+'[1]วันที่ 20'!U7 -> 0 | R7: 0 | S7: =Q7+R7 -> 0 | T7: 0 | U7: =S7-T7-V7 -> 0 | V7: 0 | W7: 50 | X7: =+W7*V7 -> 0 | Z7: 100
A8: 4 | B8: ชิฟฟ่อน (ญ) กาแฟ | C8: =+'2'!G8 -> 0 | D8: 0 | E8: =C8+D8 -> 0 | F8: 0 | G8: =E8-F8-H8 -> 0 | H8: 0 | I8: 100 | J8: =+I8*H8 -> 0 | K8: - | L8: 0 | M8: =SUM(J8-L8) -> 0 | O8: 4 | P8: เบาหวิว (ล) ใหม่ กาแฟ | Q8: =+'[1]วันที่ 20'!U8 -> 0 | R8: 0 | S8: =Q8+R8 -> 0 | T8: 0 | U8: =S8-T8-V8 -> 0 | V8: 0 | W8: 50 | X8: =+W8*V8 -> 0
A9: 5 | B9: ชิฟฟ่อนเค้ก 1 ชิ้น | C9: =+'2'!G9 -> 0 | D9: 0 | E9: =C9+D9 -> 0 | F9: 0 | G9: =E9-F9-H9 -> 0 | H9: 0 | I9: 12 | J9: =+I9*H9 -> 0 | K9: - | L9: 0 | M9: =SUM(J9-L9) -> 0 | O9: 5 | P9: เบาหวิว (ล) ใหม่ รสกล้วยหอมมะพร้าวเผา | Q9: =+'[1]วันที่ 20'!U9 -> 0 | R9: 0 | S9: =Q9+R9 -> 0 | T9: 0 | U9: =S9-T9-V9 -> 0 | V9: 0 | W9: 50 | X9: =+W9*V9 -> 0 | Z9: 100
A10: 6 | B10: ชิฟฟ่อนเค้กสอดไส้แยม 1 ชิ้น | C10: =+'2'!G10 -> 0 | D10: 0 | E10: =C10+D10 -> 0 | F10: 0 | G10: =E10-F10-H10 -> 0 | H10: 0 | I10: 15 | J10: =+I10*H10 -> 0 | K10: - | L10: 0 | M10: =SUM(J10-L10) -> 0 | O10: 6 | P10: เบาหวิว (ล) ใหม่ ฝอยทอง | Q10: =+'[1]วันที่ 20'!U10 -> 0 | R10: 0 | S10: =Q10+R10 -> 0 | T10: 0 | U10: =S10-T10-V10 -> 0 | V10: 0 | W10: 50 | X10: =+W10*V10 -> 0 | Z10: 100
A11: 7 | B11: ชิฟฟ่อน สอดไส้ (ล) 2 ชิ้น ครีมมะพร้าว | C11: =+'2'!G11 -> 0 | D11: 0 | E11: =C11+D11 -> 0 | F11: 0 | G11: =E11-F11-H11 -> 0 | H11: 0 | I11: 40 | J11: =+I11*H11 -> 0 | K11: - | L11: 0 | M11: =SUM(J11-L11) -> 0 | O11: 7 | P11: เบาหวิว (ล) ใหม่ ทุเรียน | Q11: =+'[1]วันที่ 20'!U11 -> 0 | R11: 0 | S11: =Q11+R11 -> 0 | T11: 0 | U11: =S11-T11-V11 -> 0 | V11: 0 | W11: 100 | X11: =+W11*V11 -> 0
A12: 8 | B12: ชิฟฟ่อน สอดไส้ (ล) 3 ชิ้น รวมรส | C12: =+'2'!G12 -> 11 | D12: 0 | E12: =C12+D12 -> 11 | F12: 0 | G12: =E12-F12-H12 -> 10 | H12: 1 | I12: 50 | J12: =+I12*H12 -> 50 | K12: - | L12: 0 | M12: =SUM(J12-L12) -> 50 | O12: 8 | P12: เบาหวิว (ล) ใหม่ เผือกมะพร้าว | Q12: =+'[1]วันที่ 20'!U12 -> 0 | R12: 0 | S12: =Q12+R12 -> 0 | T12: 0 | U12: =S12-T12-V12 -> 0 | V12: 0 | W12: 100 | X12: =+W12*V12 -> 0
A13: 9 | B13: ชิฟฟ่อน (ญ) ห่อซีน | C13: =+'2'!G13 -> 0 | D13: 0 | E13: =C13+D13 -> 0 | F13: 0 | G13: =E13-F13-H13 -> 0 | H13: 0 | I13: 100 | J13: =+I13*H13 -> 0 | K13: - | L13: 0 | M13: =SUM(J13-L13) -> 0 | O13: 9 | P13: เบาหวิว (ญ) ใหม่ รสกล้วยหอมมะพร้าวเผา | Q13: =+'[1]วันที่ 20'!U13 -> 0 | R13: 0 | S13: =Q13+R13 -> 0 | T13: 0 | U13: =S13-T13-V13 -> 0 | V13: 0 | W13: 100 | X13: =+W13*V13 -> 0
A14: 10 | B14: ชิฟฟ่อน สอดไส้ (ล) 4 ชิ้น ครีมมะพร้าว | C14: =+'2'!G14 -> 2 | D14: 0 | E14: =C14+D14 -> 2 | F14: 0 | G14: =E14-F14-H14 -> 2 | H14: 0 | I14: 65 | J14: =+I14*H14 -> 0 | K14: - | L14: 0 | M14: =SUM(J14-L14) -> 0 | O14: 10 | P14: เบาหวิว (ญ) ใหม่ รสเนยนม | Q14: =+'[1]วันที่ 20'!U14 -> 0 | R14: 0 | S14: =Q14+R14 -> 0 | T14: 0 | U14: =S14-T14-V14 -> 0 | V14: 0 | W14: 100 | X14: =+W14*V14 -> 0 | Z14: 800
A15: 11 | B15: ชิฟฟ่อน สอดไส้ (ล) 3 ชิ้น แยมส้ม | C15: =+'2'!G15 -> 0 | D15: 0 | E15: =C15+D15 -> 0 | F15: 0 | G15: =E15-F15-H15 -> 0 | H15: 0 | I15: 50 | J15: =+I15*H15 -> 0 | K15: - | L15: 0 | M15: =SUM(J15-L15) -> 0 | O15: 11 | P15: เบาหวิว (ญ) ใหม่ รสมะพร้าว | Q15: =+'[1]วันที่ 20'!U15 -> 0 | R15: 0 | S15: =Q15+R15 -> 0 | T15: 0 | U15: =S15-T15-V15 -> 0 | V15: 0 | W15: 50 | X15: =+W15*V15 -> 0
A16: 12 | B16: ชิฟฟ่อน สอดไส้ (ล) 3 ชิ้น บลูเบอรี่ | C16: =+'2'!G16 -> 0 | D16: 0 | E16: =C16+D16 -> 0 | F16: 0 | G16: =E16-F16-H16 -> 0 | H16: 0 | I16: 50 | J16: =+I16*H16 -> 0 | K16: - | L16: 0 | M16: =SUM(J16-L16) -> 0 | O16: 12 | P16: เบาหวิว (ญ) ใหม่ รสกาแฟ | Q16: =+'[1]วันที่ 20'!U16 -> 0 | R16: 0 | S16: =Q16+R16 -> 0 | T16: 0 | U16: =S16-T16-V16 -> 0 | V16: 0 | W16: 60 | X16: =+W16*V16 -> 0 | Z16: 120
A17: 13 | B17: ชิฟฟ่อน สอดไส้ (ล) 3 ชิ้น ฝอยทอง | C17: =+'2'!G17 -> 7 | D17: 0 | E17: =C17+D17 -> 7 | F17: 0 | G17: =E17-F17-H17 -> 7 | H17: 0 | I17: 50 | J17: =+I17*H17 -> 0 | K17: - | L17: 0 | M17: =SUM(J17-L17) -> 0 | O17: 13 | P17: เบาหวิว (ญ) ใหม่ รสเผือกมะพร้าว | Q17: =+'[1]วันที่ 20'!U17 -> 0 | R17: 0 | S17: =Q17+R17 -> 0 | T17: 0 | U17: =S17-T17-V17 -> 0 | V17: 0 | X17: =+W17*V17 -> 0 | Y17: - | Z17: 0
A18: 14 | B18: ชิฟฟ่อน สอดไส้ (ล) 3 ชิ้น แยมสตรอเบอรี่ | C18: =+'2'!G18 -> 0 | D18: 0 | E18: =C18+D18 -> 0 | F18: 0 | G18: =E18-F18-H18 -> 0 | H18: 0 | I18: 50 | J18: =+I18*H18 -> 0 | K18: - | L18: 0 | M18: =SUM(J18-L18) -> 0 | O18: 14 | P18: เบาหวิว (ญ) ใหม่ รสฝอยทอง | Q18: =+'[1]วันที่ 20'!U18 -> 0 | R18: 0 | S18: =Q18+R18 -> 0 | T18: 0 | U18: =S18-T18-V18 -> 0 | V18: 0 | X18: =+W18*V18 -> 0 | Y18: - | Z18: 0
A19: 15 | B19: ชิฟฟ่อน สอดไส้ (ล) 3 ชิ้น เนยมพะร้าว | C19: =+'2'!G19 -> 3 | D19: 0 | E19: =C19+D19 -> 3 | F19: 0 | G19: =E19-F19-H19 -> 3 | H19: 0 | I19: 50 | J19: =+I19*H19 -> 0 | K19: - | L19: 0 | M19: =SUM(J19-L19) -> 0 | O19: 15 | P19: ชิฟฟ่อน สอดไส้ 6 ชิ้น รวมรส | Q19: =+'[1]วันที่ 20'!U19 -> 0 | R19: 0 | S19: =Q19+R19 -> 0 | T19: 0 | U19: =S19-T19-V19 -> 0 | V19: 0 | X19: =+W19*V19 -> 0 | Y19: - | Z19: 0
A20: 16 | B20: ชิฟฟ่อน สอดไส้ (ล) 3 ชิ้น นมชมพู | C20: =+'2'!G20 -> 0 | D20: 0 | E20: =C20+D20 -> 0 | F20: 0 | G20: =E20-F20-H20 -> 0 | H20: 0 | I20: 50 | J20: =+I20*H20 -> 0 | K20: - | L20: 0 | M20: =SUM(J20-L20) -> 0 | O20: 16 | P20: ชิฟฟ่อน (ญ) | Q20: =+'[1]วันที่ 20'!U20 -> 0 | R20: 0 | S20: =Q20+R20 -> 0 | T20: 0 | U20: =S20-T20-V20 -> 0 | V20: 0 | X20: =+W20*V20 -> 0 | Y20: - | Z20: 0
A21: 17 | B21: ชิฟฟ่อน สอดไส้ (ล) 3 ชิ้น ช็อคโกแลต | C21: =+'2'!G21 -> 0 | D21: 0 | E21: =C21+D21 -> 0 | F21: 0 | G21: =E21-F21-H21 -> 0 | H21: 0 | I21: 50 | J21: =+I21*H21 -> 0 | K21: - | L21: 0 | M21: =SUM(J21-L21) -> 0 | O21: 17 | P21: ชิฟฟ่อนรวมรส ยอดฮิต 8 ชิ้น | Q21: =+'[1]วันที่ 20'!U21 -> 0 | R21: 0 | S21: =Q21+R21 -> 0 | T21: 0 | U21: =S21-T21-V21 -> 0 | V21: 0 | X21: =+W21*V21 -> 0 | Y21: - | Z21: 0
A22: 18 | B22: ชิฟฟ่อน สอดไส้ (ก) 5 ชิ้น | C22: =+'2'!G22 -> 3 | D22: 0 | E22: =C22+D22 -> 3 | F22: 0 | G22: =E22-F22-H22 -> 3 | H22: 0 | I22: 85 | J22: =+I22*H22 -> 0 | K22: - | L22: 0 | M22: =SUM(J22-L22) -> 0 | O22: 18 | P22: พายสับปะรด 1 กล่อง | Q22: =+'[1]วันที่ 20'!U22 -> 0 | R22: 0 | S22: =Q22+R22 -> 0 | T22: 0 | U22: =S22-T22-V22 -> 0 | V22: 0 | X22: =+W22*V22 -> 0 | Y22: - | Z22: 0
A23: 19 | B23: ชิฟฟ่อน สอดไส้ 6 ชิ้น รวมรส | C23: =+'2'!G23 -> 12 | D23: 0 | E23: =C23+D23 -> 12 | F23: 0 | G23: =E23-F23-H23 -> 9 | H23: 3 | I23: 100 | J23: =+I23*H23 -> 300 | K23: - | L23: 0 | M23: =SUM(J23-L23) -> 300 | O23: 19 | P23: ท๊อฟฟี่ กล่อง | Q23: =+'[1]วันที่ 20'!U23 -> 0 | R23: 0 | S23: =Q23+R23 -> 0 | T23: 0 | U23: =S23-T23-V23 -> 0 | V23: 0 | X23: =+W23*V23 -> 0 | Y23: - | Z23: 0
A24: 20 | B24: ชิฟฟ่อน สอดไส้ 6 ชิ้น ฝอยทอง | C24: =+'2'!G24 -> 12 | D24: 0 | E24: =C24+D24 -> 12 | F24: 0 | G24: =E24-F24-H24 -> 11 | H24: 1 | I24: 100 | J24: =+I24*H24 -> 100 | K24: - | L24: 0 | M24: =SUM(J24-L24) -> 100 | O24: 20 | P24: เมอร์แรง กระปุก | Q24: =+'[1]วันที่ 20'!U24 -> 0 | R24: 0 | S24: =Q24+R24 -> 0 | T24: 0 | U24: =S24-T24-V24 -> 0 | V24: 0 | X24: =+W24*V24 -> 0 | Y24: - | Z24: 0
A25: 21 | B25: ชิฟฟ่อน สอดไส้ 6 ชิ้น ทูโทน | C25: =+'2'!G25 -> 0 | D25: 0 | E25: =C25+D25 -> 0 | F25: 0 | G25: =E25-F25-H25 -> 0 | H25: 0 | I25: 100 | J25: =+I25*H25 -> 0 | K25: - | L25: 0 | M25: =SUM(J25-L25) -> 0 | O25: 21 | P25: ขนมเปี๊ยะโมจิ 350 กรัม ถั่ว | Q25: =+'[1]วันที่ 20'!U25 -> 0 | R25: 0 | S25: =Q25+R25 -> 0 | T25: 0 | U25: =S25-T25-V25 -> 0 | V25: 0 | X25: =+W25*V25 -> 0 | Y25: - | Z25: 0
A26: 22 | B26: ชิฟฟ่อน สอดไส้ 6 ชิ้น นมชมพู | C26: =+'2'!G26 -> 1 | D26: 0 | E26: =C26+D26 -> 1 | F26: 0 | G26: =E26-F26-H26 -> 1 | H26: 0 | I26: 100 | J26: =+I26*H26 -> 0 | K26: - | L26: 0 | M26: =SUM(J26-L26) -> 0 | O26: 22 | P26: ขนมเปี๊ยะโมจิ 350 กรัม ฟัก | Q26: =+'[1]วันที่ 20'!U26 -> 0 | R26: 0 | S26: =Q26+R26 -> 0 | T26: 0 | U26: =S26-T26-V26 -> 0 | V26: 0 | X26: =+W26*V26 -> 0 | Y26: - | Z26: 0
A27: 23 | B27: ชิฟฟ่อน สอดไส้ 6 ชิ้น บลูเบอรี่ | C27: =+'2'!G27 -> 1 | D27: 0 | E27: =C27+D27 -> 1 | F27: 0 | G27: =E27-F27-H27 -> 1 | H27: 0 | I27: 100 | J27: =+I27*H27 -> 0 | K27: - | L27: 0 | M27: =SUM(J27-L27) -> 0 | O27: 23 | Q27: =+'[1]วันที่ 20'!U27 -> 0 | R27: 0 | S27: =Q27+R27 -> 0 | T27: 0 | U27: =S27-T27-V27 -> 0 | V27: 0 | X27: =+W27*V27 -> 0 | Y27: - | Z27: 0
A28: 24 | B28: ชิฟฟ่อน สอดไส้ 6 ชิ้น ช็อคโกแลต | C28: =+'2'!G28 -> 0 | D28: 0 | E28: =C28+D28 -> 0 | F28: 0 | G28: =E28-F28-H28 -> 0 | H28: 0 | I28: 100 | J28: =+I28*H28 -> 0 | K28: - | L28: 0 | M28: =SUM(J28-L28) -> 0 | O28: 24 | Q28: =+'[1]วันที่ 20'!U28 -> 0 | R28: 0 | S28: =Q28+R28 -> 0 | T28: 0 | U28: =S28-T28-V28 -> 0 | V28: 0 | X28: =+W28*V28 -> 0 | Y28: - | Z28: 0
A29: 25 | B29: ชิฟฟ่อน สอดไส้ 6 ชิ้น มะพร้าว | C29: =+'2'!G29 -> 4 | D29: 0 | E29: =C29+D29 -> 4 | F29: 0 | G29: =E29-F29-H29 -> 4 | H29: 0 | I29: 100 | J29: =+I29*H29 -> 0 | K29: - | L29: 0 | M29: =SUM(J29-L29) -> 0 | O29: 25 | Q29: =+'[1]วันที่ 20'!U29 -> 0 | R29: 0 | S29: =Q29+R29 -> 0 | T29: 0 | U29: =S29-T29-V29 -> 0 | V29: 0 | X29: =+W29*V29 -> 0 | Y29: - | Z29: 0
A30: 26 | B30: ชิฟฟ่อน สอดไส้ 6 ชิ้น ส้ม | C30: =+'2'!G30 -> 0 | D30: 0 | E30: =C30+D30 -> 0 | F30: 0 | G30: =E30-F30-H30 -> 0 | H30: 0 | I30: 100 | J30: =+I30*H30 -> 0 | K30: - | L30: 0 | M30: =SUM(J30-L30) -> 0 | O30: 26 | Q30: =+'[1]วันที่ 20'!U30 -> 0 | R30: 0 | S30: =Q30+R30 -> 0 | T30: 0 | U30: =S30-T30-V30 -> 0 | V30: 0 | X30: =+W30*V30 -> 0 | Y30: - | Z30: 0
A31: 27 | B31: ชิฟฟ่อน สอดไส้ 6 ชิ้น สตรอเบอรี่ | C31: =+'2'!G31 -> 1 | D31: 0 | E31: =C31+D31 -> 1 | F31: 0 | G31: =E31-F31-H31 -> 0 | H31: 1 | I31: 100 | J31: =+I31*H31 -> 100 | K31: แถม | L31: 100 | M31: =SUM(J31-L31) -> 0 | O31: 27 | Q31: =+'[1]วันที่ 20'!U31 -> 0 | R31: 0 | S31: =Q31+R31 -> 0 | T31: 0 | U31: =S31-T31-V31 -> 0 | V31: 0 | X31: =+W31*V31 -> 0 | Y31: - | Z31: 0
A32: 28 | B32: ชิฟฟ่อน สอดไส้ (ญ) 8 ชิ้น ใบเตย | C32: =+'2'!G32 -> 0 | D32: 0 | E32: =C32+D32 -> 0 | F32: 0 | G32: =E32-F32-H32 -> 0 | H32: 0 | I32: 130 | J32: =+I32*H32 -> 0 | K32: - | L32: 0 | M32: =SUM(J32-L32) -> 0 | O32: 28 | Q32: =+'[1]วันที่ 20'!U32 -> 0 | R32: 0 | S32: =Q32+R32 -> 0 | T32: 0 | U32: =S32-T32-V32 -> 0 | V32: 0 | X32: =+W32*V32 -> 0 | Y32: - | Z32: 0
A33: 29 | B33: ชิฟฟ่อน สอดไส้ (ญ) 8 ชิ้น ทูโทนใบเตย | C33: =+'2'!G33 -> 0 | D33: 0 | E33: =C33+D33 -> 0 | F33: 0 | G33: =E33-F33-H33 -> 0 | H33: 0 | I33: 130 | J33: =+I33*H33 -> 0 | K33: - | L33: 0 | M33: =SUM(J33-L33) -> 0 | O33: 29 | Q33: =+'[1]วันที่ 20'!U33 -> 0 | R33: 0 | S33: =Q33+R33 -> 0 | T33: 0 | U33: =S33-T33-V33 -> 0 | V33: 0 | X33: =+W33*V33 -> 0 | Y33: - | Z33: 0
A34: 30 | B34: ชิฟฟ่อน สอดไส้ (ญ) 8 ชิ้น รวมรส | C34: =+'2'!G34 -> 7 | D34: 0 | E34: =C34+D34 -> 7 | F34: 0 | G34: =E34-F34-H34 -> 7 | H34: 0 | I34: 130 | J34: =+I34*H34 -> 0 | K34: - | L34: 0 | M34: =SUM(J34-L34) -> 0 | O34: 30 | Q34: =+'[1]วันที่ 20'!U34 -> 0 | R34: 0 | S34: =Q34+R34 -> 0 | T34: 0 | U34: =S34-T34-V34 -> 0 | V34: 0 | X34: =+W34*V34 -> 0 | Y34: - | Z34: 0
A35: 31 | B35: ชิฟฟ่อน สอดไส้ (ญ) 8 ชิ้น มะพร้าว | C35: =+'2'!G35 -> 8 | D35: 0 | E35: =C35+D35 -> 8 | F35: 0 | G35: =E35-F35-H35 -> 8 | H35: 0 | I35: 130 | J35: =+I35*H35 -> 0 | K35: - | L35: 0 | M35: =SUM(J35-L35) -> 0 | O35: 31 | Q35: =+'[1]วันที่ 20'!U35 -> 0 | R35: 0 | S35: =Q35+R35 -> 0 | T35: 0 | U35: =S35-T35-V35 -> 0 | V35: 0 | X35: =+W35*V35 -> 0 | Y35: - | Z35: 0
A36: 32 | B36: ชิฟฟ่อน 8 ชิ้น มะลิ | C36: =+'2'!G36 -> 0 | D36: 0 | E36: =C36+D36 -> 0 | F36: 0 | G36: =E36-F36-H36 -> 0 | H36: 0 | I36: 100 | J36: =+I36*H36 -> 0 | K36: - | L36: 0 | M36: =SUM(J36-L36) -> 0 | O36: 32 | Q36: =+'[1]วันที่ 20'!U36 -> 0 | R36: 0 | S36: =Q36+R36 -> 0 | T36: 0 | U36: =S36-T36-V36 -> 0 | V36: 0 | X36: =+W36*V36 -> 0 | Y36: - | Z36: 0
A37: 33 | B37: ชิฟฟ่อนรวมรส ยอดฮิต 8 ชิ้น | C37: =+'2'!G37 -> 13 | D37: 0 | E37: =C37+D37 -> 13 | F37: 0 | G37: =E37-F37-H37 -> 12 | H37: 1 | I37: 100 | J37: =+I37*H37 -> 100 | K37: - | L37: 0 | M37: =SUM(J37-L37) -> 100 | O37: 33 | Q37: =+'[1]วันที่ 20'!U37 -> 0 | R37: 0 | S37: =Q37+R37 -> 0 | T37: 0 | U37: =S37-T37-V37 -> 0 | V37: 0 | X37: =+W37*V37 -> 0 | Y37: - | Z37: 0
A38: 34 | B38: ครีมฮอร์น วนิลา | C38: =+'2'!G38 -> 5 | D38: 0 | E38: =C38+D38 -> 5 | F38: 0 | G38: =E38-F38-H38 -> 5 | H38: 0 | I38: 50 | J38: =+I38*H38 -> 0 | K38: - | L38: 0 | M38: =SUM(J38-L38) -> 0 | O38: 34 | Q38: =+'[1]วันที่ 20'!U38 -> 0 | R38: 0 | S38: =Q38+R38 -> 0 | T38: 0 | U38: =S38-T38-V38 -> 0 | V38: 0 | X38: =+W38*V38 -> 0 | Y38: - | Z38: 0
... A80: 76 | B80: เอแคลร์ไข่เค็ม 6 ชิ้น | C80: =+'2'!G80 -> 0 | D80: 0 | E80: =C80+D80 -> 0 | F80: 0 | G80: =E80-F80-H80 -> 0 | H80: 0 | I80: 50 | J80: =+I80*H80 -> 0 | K80: - | L80: 0 | M80: =SUM(J80-L80) -> 0 | O80: 76 | Q80: =+'[1]วันที่ 20'!U80 -> 0 | R80: 0 | S80: =Q80+R80 -> 0 | T80: 0 | U80: =S80-T80-V80 -> 0 | V80: 0 | X80: =+W80*V80 -> 0 | Y80: - | Z80: 0
A81: 77 | B81: เค้กช็อคหน้านิ่ม | C81: =+'2'!G81 -> 2 | D81: 0 | E81: =C81+D81 -> 2 | G81: =E81-F81-H81 -> 2 | H81: 0 | I81: 55 | J81: =+I81*H81 -> 0 | K81: - | L81: 0 | M81: =SUM(J81-L81) -> 0 | O81: 77 | Q81: =+'[1]วันที่ 20'!U81 -> 0 | R81: 0 | S81: =Q81+R81 -> 0 | T81: 0 | U81: =S81-T81-V81 -> 0 | V81: 0 | X81: =+W81*V81 -> 0 | Y81: - | Z81: 0
A82: 78 | B82: เค้กมะพร้าวหน้านิ่ม | C82: =+'2'!G82 -> 4 | D82: 0 | E82: =C82+D82 -> 4 | F82: 0 | G82: =E82-F82-H82 -> 4 | H82: 0 | I82: 55 | J82: =+I82*H82 -> 0 | K82: - | L82: 0 | M82: =SUM(J82-L82) -> 0 | O82: 78 | Q82: =+'[1]วันที่ 20'!U82 -> 0 | R82: 0 | S82: =Q82+R82 -> 0 | T82: 0 | U82: =S82-T82-V82 -> 0 | V82: 0 | X82: =+W82*V82 -> 0 | Y82: - | Z82: 0
A83: 79 | B83: เค้กเนยสดหน้านิ่ม | C83: =+'2'!G83 -> 0 | D83: 0 | E83: =C83+D83 -> 0 | F83: 0 | G83: =E83-F83-H83 -> 0 | H83: 0 | I83: 55 | J83: =+I83*H83 -> 0 | K83: - | L83: 0 | M83: =SUM(J83-L83) -> 0 | O83: 79 | Q83: =+'[1]วันที่ 20'!U83 -> 0 | R83: 0 | S83: =Q83+R83 -> 0 | T83: 0 | U83: =S83-T83-V83 -> 0 | V83: 0 | X83: =+W83*V83 -> 0 | Y83: - | Z83: 0
A84: 80 | B84: เค้กส้มหน้านิ่ม | C84: =+'2'!G84 -> 0 | D84: 0 | E84: =C84+D84 -> 0 | F84: 0 | G84: =E84-F84-H84 -> 0 | H84: 0 | I84: 55 | J84: =+I84*H84 -> 0 | K84: - | L84: 0 | M84: =SUM(J84-L84) -> 0 | O84: 80 | Q84: =+'[1]วันที่ 20'!U84 -> 0 | R84: 0 | S84: =Q84+R84 -> 0 | T84: 0 | U84: =S84-T84-V84 -> 0 | V84: 0 | X84: =+W84*V84 -> 0 | Y84: - | Z84: 0
A85: 81 | B85: ท๊อฟฟี่ กระเช้า | C85: =+'2'!G85 -> 2 | D85: 0 | E85: =C85+D85 -> 2 | F85: 0 | G85: =E85-F85-H85 -> 2 | H85: 0 | I85: 100 | J85: =+I85*H85 -> 0 | K85: - | L85: 0 | M85: =SUM(J85-L85) -> 0 | O85: 81 | Q85: =+'[1]วันที่ 20'!U85 -> 0 | R85: 0 | S85: =Q85+R85 -> 0 | T85: 0 | U85: =S85-T85-V85 -> 0 | V85: 0 | X85: =+W85*V85 -> 0 | Y85: - | Z85: 0
A86: 82 | B86: ท๊อฟฟี่ กล่อง | C86: =+'2'!G86 -> 3 | D86: 0 | E86: =C86+D86 -> 3 | F86: 0 | G86: =E86-F86-H86 -> 3 | H86: 0 | I86: 55 | J86: =+I86*H86 -> 0 | K86: - | L86: 0 | M86: =SUM(J86-L86) -> 0 | O86: 82 | Q86: =+'[1]วันที่ 20'!U86 -> 0 | R86: 0 | S86: =Q86+R86 -> 0 | T86: 0 | U86: =S86-T86-V86 -> 0 | V86: 0 | X86: =+W86*V86 -> 0 | Y86: - | Z86: 0
A87: 83 | B87: คอนเฟลก | C87: =+'2'!G87 -> 2 | D87: 0 | E87: =C87+D87 -> 2 | F87: 0 | G87: =E87-F87-H87 -> 1 | H87: 1 | I87: 60 | J87: =+I87*H87 -> 60 | K87: - | L87: 0 | M87: =SUM(J87-L87) -> 60 | O87: 83 | Q87: =+'[1]วันที่ 20'!U87 -> 0 | R87: 0 | S87: =Q87+R87 -> 0 | T87: 0 | U87: =S87-T87-V87 -> 0 | V87: 0 | X87: =+W87*V87 -> 0 | Y87: - | Z87: 0
A88: 84 | B88: เมอร์แรง | C88: =+'2'!G88 -> 7 | D88: 0 | E88: =C88+D88 -> 7 | F88: 0 | G88: =E88-F88-H88 -> 7 | H88: 0 | I88: 100 | J88: =+I88*H88 -> 0 | K88: - | L88: 0 | M88: =SUM(J88-L88) -> 0 | O88: 84 | Q88: =+'[1]วันที่ 20'!U88 -> 0 | R88: 0 | S88: =Q88+R88 -> 0 | T88: 0 | U88: =S88-T88-V88 -> 0 | V88: 0 | X88: =+W88*V88 -> 0 | Y88: - | Z88: 0
A89: 85 | B89: เมอร์แรง กระปุก | C89: =+'2'!G89 -> 11 | D89: 0 | E89: =C89+D89 -> 11 | F89: 0 | G89: =E89-F89-H89 -> 11 | H89: 0 | I89: 55 | J89: =+I89*H89 -> 0 | K89: - | L89: 0 | M89: =SUM(J89-L89) -> 0 | O89: 85 | Q89: =+'[1]วันที่ 20'!U89 -> 0 | R89: 0 | S89: =Q89+R89 -> 0 | T89: 0 | U89: =S89-T89-V89 -> 0 | V89: 0 | X89: =+W89*V89 -> 0 | Y89: - | Z89: 0
A90: 86 | B90: เครปโรลฝอยทอง วนิลา | C90: =+'2'!G90 -> 3 | D90: 0 | E90: =C90+D90 -> 3 | F90: 0 | G90: =E90-F90-H90 -> 3 | H90: 0 | I90: 50 | J90: =+I90*H90 -> 0 | K90: - | L90: 0 | M90: =SUM(J90-L90) -> 0 | O90: 86 | Q90: =+'[1]วันที่ 20'!U90 -> 0 | R90: 0 | S90: =Q90+R90 -> 0 | T90: 0 | U90: =S90-T90-V90 -> 0 | V90: 0 | X90: =+W90*V90 -> 0 | Y90: - | Z90: 0
A91: 87 | B91: เครปโรลฝอยทอง ใบเตย | C91: =+'2'!G91 -> 0 | D91: 0 | E91: =C91+D91 -> 0 | F91: 0 | G91: =E91-F91-H91 -> 0 | H91: 0 | I91: 50 | J91: =+I91*H91 -> 0 | K91: - | L91: 0 | M91: =SUM(J91-L91) -> 0 | O91: 87 | Q91: =+'[1]วันที่ 20'!U91 -> 0 | R91: 0 | S91: =Q91+R91 -> 0 | T91: 0 | U91: =S91-T91-V91 -> 0 | V91: 0 | X91: =+W91*V91 -> 0 | Y91: - | Z91: 0
A92: 88 | B92: เค้กวันเกิด 1/2 ปอนด์ | C92: =+'2'!G92 -> 0 | D92: 0 | E92: =C92+D92 -> 0 | F92: 0 | G92: =E92-F92-H92 -> 0 | H92: 0 | I92: 120 | J92: =+I92*H92 -> 0 | K92: - | L92: 0 | M92: =SUM(J92-L92) -> 0 | O92: 88 | Q92: =+'[1]วันที่ 20'!U92 -> 0 | R92: 0 | S92: =Q92+R92 -> 0 | T92: 0 | U92: =S92-T92-V92 -> 0 | V92: 0 | X92: =+W92*V92 -> 0 | Y92: - | Z92: 0
A93: 89 | B93: เค้กมะพร้าว 1 ปอนด์ | C93: =+'2'!G93 -> 0 | D93: 0 | E93: =C93+D93 -> 0 | F93: 0 | G93: =E93-F93-H93 -> 0 | H93: 0 | I93: 250 | J93: =+I93*H93 -> 0 | K93: - | L93: 0 | M93: =SUM(J93-L93) -> 0 | O93: 89 | Q93: =+'[1]วันที่ 20'!U93 -> 0 | R93: 0 | S93: =Q93+R93 -> 0 | T93: 0 | U93: =S93-T93-V93 -> 0 | V93: 0 | X93: =+W93*V93 -> 0 | Y93: - | Z93: 0
... A104: 100 | B104: หมูทุบ | C104: =+'2'!G104 -> 0 | D104: 0 | E104: =C104+D104 -> 0 | F104: 0 | G104: =E104-F104-H104 -> 0 | H104: 0 | I104: 100 | J104: =+I104*H104 -> 0 | K104: - | L104: 0 | M104: =SUM(J104-L104) -> 0 | O104: 100 | Q104: =+'[1]วันที่ 20'!U104 -> 0 | R104: 0 | S104: =Q104+R104 -> 0 | T104: 0 | U104: =S104-T104-V104 -> 0 | V104: 0 | X104: =+W104*V104 -> 0 | Y104: - | Z104: 0
A105: 101 | B105: ดอกจอก | C105: =+'2'!G105 -> 0 | D105: 0 | E105: =C105+D105 -> 0 | F105: 0 | G105: =E105-F105-H105 -> 0 | H105: 0 | I105: 30 | J105: =+I105*H105 -> 0 | K105: - | L105: 0 | M105: =SUM(J105-L105) -> 0 | Z105: =SUM(Z5:Z104) -> 1420
A106: 102 | B106: เทียน | C106: =+'2'!G106 -> 2 | D106: 0 | E106: =C106+D106 -> 2 | F106: 0 | G106: =E106-F106-H106 -> 2 | H106: 0 | I106: 20 | J106: =+I106*H106 -> 0 | K106: - | L106: 0 | M106: =SUM(J106-L106) -> 0
A107: 103 | B107: ขนมอาลัวแฟนซี | C107: =+'2'!G107 -> 0 | D107: 0 | E107: =C107+D107 -> 0 | F107: 0 | G107: =E107-F107-H107 -> 0 | H107: 0 | I107: 100 | J107: =+I107*H107 -> 0 | K107: - | L107: 0 | M107: =SUM(J107-L107) -> 0 | P107: รวม | X107: =SUM(X5:X104) -> 0
A108: 104 | B108: ชูนัทคุกกี้ | C108: =+'2'!G108 -> 0 | D108: 0 | E108: =C108+D108 -> 0 | F108: 0 | G108: =E108-F108-H108 -> 0 | H108: 0 | I108: 80 | J108: =+I108*H108 -> 0 | K108: - | L108: 0 | M108: =SUM(J108-L108) -> 0
A109: 105 | B109: วุ้นแฟนซี | C109: =+'2'!G109 -> 0 | D109: 0 | E109: =C109+D109 -> 0 | F109: 0 | G109: =E109-F109-H109 -> 0 | H109: 0 | I109: 60 | J109: =+I109*H109 -> 0 | K109: - | L109: 0 | M109: =SUM(J109-L109) -> 0
A110: 106 | B110: เค้กสามเหลี่ยม มะพร้าว | C110: =+'2'!G110 -> 0 | D110: 0 | E110: =C110+D110 -> 0 | F110: 0 | G110: =E110-F110-H110 -> 0 | H110: 0 | I110: 35 | J110: =+I110*H110 -> 0 | K110: - | L110: 0 | M110: =SUM(J110-L110) -> 0
A111: 107 | B111: เค้กสามเหลี่ยม สตอเบอรี่ | C111: =+'2'!G111 -> 0 | D111: 0 | E111: =C111+D111 -> 0 | F111: 0 | G111: =E111-F111-H111 -> 0 | H111: 0 | I111: 35 | J111: =+I111*H111 -> 0 | K111: - | L111: 0 | M111: =SUM(J111-L111) -> 0
A112: 108 | B112: เค้กสามเหลี่ยม บลูเบอรี่ | C112: =+'2'!G112 -> 0 | D112: 0 | E112: =C112+D112 -> 0 | F112: 0 | G112: =E112-F112-H112 -> 0 | H112: 0 | I112: 35 | J112: =+I112*H112 -> 0 | K112: - | L112: 0 | M112: =SUM(J112-L112) -> 0
A113: 109 | B113: เค้กสามเหลี่ยม รสส้ม | C113: =+'2'!G113 -> 0 | D113: 0 | E113: =C113+D113 -> 0 | F113: 0 | G113: =E113-F113-H113 -> 0 | H113: 0 | I113: 35 | J113: =+I113*H113 -> 0 | K113: - | L113: 0 | M113: =SUM(J113-L113) -> 0
A114: 110 | B114: เค้กสามเหลี่ยม รสช็อกโกโอริโอ้ | C114: =+'2'!G114 -> 0 | D114: 0 | E114: =C114+D114 -> 0 | F114: 0 | G114: =E114-F114-H114 -> 0 | H114: 0 | I114: 35 | J114: =+I114*H114 -> 0 | K114: - | L114: 0 | M114: =SUM(J114-L114) -> 0
A115: 111 | B115: สตอเบอร์รี่ครีมเค้ก | C115: =+'2'!G115 -> 0 | D115: 0 | E115: =C115+D115 -> 0 | F115: 0 | G115: =E115-F115-H115 -> 0 | H115: 0 | I115: 50 | J115: =+I115*H115 -> 0 | K115: - | L115: 0 | M115: =SUM(J115-L115) -> 0
A116: 112 | B116: บลูเบอร์รี่ครีมเค้ก | C116: =+'2'!G116 -> 0 | D116: 0 | E116: =C116+D116 -> 0 | F116: 0 | G116: =E116-F116-H116 -> 0 | H116: 0 | I116: 50 | J116: =+I116*H116 -> 0 | K116: - | L116: 0 | M116: =SUM(J116-L116) -> 0
A117: 113 | B117: เค้กส้ม | C117: =+'2'!G117 -> 0 | D117: 0 | E117: =C117+D117 -> 0 | F117: 0 | G117: =E117-F117-H117 -> 0 | H117: 0 | I117: 50 | J117: =+I117*H117 -> 0 | K117: - | L117: 0 | M117: =SUM(J117-L117) -> 0
A118: 114 | B118: วนิลาครีมเค้ก | C118: =+'2'!G118 -> 0 | D118: 0 | E118: =C118+D118 -> 0 | F118: 0 | G118: =E118-F118-H118 -> 0 | H118: 0 | I118: 50 | J118: =+I118*H118 -> 0 | K118: - | L118: 0 | M118: =SUM(J118-L118) -> 0
A119: 115 | B119: ใบเตยครีมเค้ก | C119: =+'2'!G119 -> 0 | D119: 0 | E119: =C119+D119 -> 0 | F119: 0 | G119: =E119-F119-H119 -> 0 | H119: 0 | I119: 50 | J119: =+I119*H119 -> 0 | K119: - | L119: 0 | M119: =SUM(J119-L119) -> 0
... A162: 158 | B162: หมูฝอย | C162: =+'2'!G162 -> 2 | D162: 0 | E162: =C162+D162 -> 2 | F162: 0 | G162: =E162-F162-H162 -> 2 | H162: 0 | I162: 90 | J162: =+I162*H162 -> 0 | K162: - | L162: 0 | M162: =SUM(J162-L162) -> 0
A163: 159 | B163: โบราณ 4 ชิ้น กล่องแดง (แบบแบน) | C163: =+ยกมา!G163 -> 0 | D163: 0 | E163: =C163+D163 -> 0 | F163: 0 | G163: =E163-F163-H163 -> 0 | H163: 0 | I163: 30 | J163: =+I163*H163 -> 0 | K163: - | L163: 0 | M163: =SUM(J163-L163) -> 0
A164: 160 | B164: คุกกี้เนยสด | C164: =+'2'!G164 -> 0 | D164: 0 | E164: =C164+D164 -> 0 | F164: 0 | G164: =E164-F164-H164 -> 0 | H164: 0 | I164: 50 | J164: =+I164*H164 -> 0 | K164: - | L164: 0 | M164: =SUM(J164-L164) -> 0
A165: 161 | B165: คุกกี้ช็อคชิฟ | C165: =+'2'!G165 -> 0 | D165: 0 | E165: =C165+D165 -> 0 | F165: 0 | G165: =E165-F165-H165 -> 0 | H165: 0 | I165: 50 | J165: =+I165*H165 -> 0 | K165: - | L165: 0 | M165: =SUM(J165-L165) -> 0
A166: 162 | B166: คุกกี้มันม่วง | C166: =+'2'!G166 -> 0 | D166: 0 | E166: =C166+D166 -> 0 | F166: 0 | G166: =E166-F166-H166 -> 0 | H166: 0 | I166: 50 | J166: =+I166*H166 -> 0 | K166: - | L166: 0 | M166: =SUM(J166-L166) -> 0
A167: 163 | B167: บราวน์นี่กรอบ | C167: =+'2'!G167 -> 0 | D167: 0 | E167: =C167+D167 -> 0 | F167: 0 | G167: =E167-F167-H167 -> 0 | H167: 0 | I167: 50 | J167: =+I167*H167 -> 0 | K167: - | L167: 0 | M167: =SUM(J167-L167) -> 0
A168: 164 | B168: ผลไม้รวมเล็ก | C168: =+'2'!G168 -> 6 | D168: 0 | E168: =C168+D168 -> 6 | F168: 0 | G168: =E168-F168-H168 -> 6 | H168: 0 | I168: 55 | J168: =+I168*H168 -> 0 | K168: - | L168: 0 | M168: =SUM(J168-L168) -> 0
A169: 165 | B169: ผลไม้รวมใหญ่ | C169: =+'2'!G169 -> 0 | D169: 0 | E169: =C169+D169 -> 0 | F169: 0 | G169: =E169-F169-H169 -> 0 | H169: 0 | I169: 85 | J169: =+I169*H169 -> 0 | K169: - | L169: 0 | M169: =SUM(J169-L169) -> 0
A170: 166 | B170: คุกกี้สิงคโปร์ | C170: =+'2'!G170 -> 0 | D170: 0 | E170: =C170+D170 -> 0 | F170: 0 | G170: =E170-F170-H170 -> 0 | H170: 0 | I170: 80 | J170: =+I170*H170 -> 0 | K170: - | L170: 0 | M170: =SUM(J170-L170) -> 0
A171: 167 | B171: ถั่วเหลืองขวด | C171: =+'2'!G171 -> 0 | D171: 0 | E171: =C171+D171 -> 0 | F171: 0 | G171: =E171-F171-H171 -> 0 | H171: 0 | I171: 40 | J171: =+I171*H171 -> 0 | K171: - | L171: 0 | M171: =SUM(J171-L171) -> 0
A172: 168 | B172: NP ฝอยทอง ใหญ่ | C172: =+'2'!G172 -> 0 | D172: 0 | E172: =C172+D172 -> 0 | F172: 0 | G172: =E172-F172-H172 -> 0 | H172: 0 | I172: 120 | J172: =+I172*H172 -> 0 | K172: - | L172: 0 | M172: =SUM(J172-L172) -> 0
A173: 169 | B173: NP เนยสดมะพร้าว ใหญ่ | C173: =+'2'!G173 -> 0 | D173: 0 | E173: =C173+D173 -> 0 | F173: 0 | G173: =E173-F173-H173 -> 0 | H173: 0 | I173: 120 | J173: =+I173*H173 -> 0 | K173: - | L173: 0 | M173: =SUM(J173-L173) -> 0
A174: 170 | B174: NP ขนมปังรวมรส 6 ชิ้น | C174: =+'2'!G174 -> 0 | D174: 0 | E174: =C174+D174 -> 0 | F174: 0 | G174: =E174-F174-H174 -> 0 | H174: 0 | I174: 55 | J174: =+I174*H174 -> 0 | K174: - | L174: 0 | M174: =SUM(J174-L174) -> 0
A175: 171 | B175: NP ขนมปังชาไทย 6 ชิ้น | C175: =+'2'!G175 -> 0 | D175: 0 | E175: =C175+D175 -> 0 | F175: 0 | G175: =E175-F175-H175 -> 0 | H175: 0 | I175: 50 | J175: =+I175*H175 -> 0 | K175: - | L175: 0 | M175: =SUM(J175-L175) -> 0
... A188: 184 | B188: นมเปรี้ยว | C188: =+'2'!G188 -> 0 | D188: 0 | E188: =C188+D188 -> 0 | F188: 0 | G188: =E188-F188-H188 -> 0 | H188: 0 | I188: 10 | J188: =+I188*H188 -> 0 | K188: - | L188: 0 | M188: =SUM(J188-L188) -> 0
A189: 185 | B189: เจ้หมวย | C189: =+'2'!G189 -> 0 | D189: 0 | E189: =C189+D189 -> 0 | F189: 0 | G189: =E189-F189-H189 -> 0 | H189: 0 | J189: 0 | K189: - | L189: 0 | M189: =SUM(J189-L189) -> 0
A190: 186 | B190: ลูกค้าพี่น้อย | C190: =+'2'!G190 -> 0 | D190: 0 | E190: =C190+D190 -> 0 | F190: 0 | G190: =E190-F190-H190 -> 0 | H190: 0 | I190: 0 | J190: =+I190*H190 -> 0 | K190: - | L190: 0 | M190: =SUM(J190-L190) -> 0
A191: 187 | B191: จัดกระเช้า | C191: =+'2'!G191 -> 0 | D191: 0 | E191: =C191+D191 -> 0 | F191: 0 | G191: =E191-F191-H191 -> 0 | H191: 0 | I191: 800 | J191: =+I191*H191 -> 0 | K191: - | L191: 0 | M191: =SUM(J191-L191) -> 0
A192: 188 | B192: เปี๊ยะสติ๊กไก่หยอง | C192: =+'2'!G192 -> 0 | D192: 0 | E192: =C192+D192 -> 0 | F192: 0 | G192: =E192-F192-H192 -> 0 | H192: 0 | I192: 35 | J192: =+I192*H192 -> 0 | K192: - | L192: 0 | M192: =SUM(J192-L192) -> 0
A193: 189 | B193: ถั่วลันเตา | C193: =+'2'!G193 -> 0 | D193: 0 | E193: =C193+D193 -> 0 | F193: 0 | G193: =E193-F193-H193 -> 0 | H193: 0 | I193: 40 | J193: =+I193*H193 -> 0 | K193: - | L193: 0 | M193: =SUM(J193-L193) -> 0
A194: 190 | B194: ลาวา (ล) ฝอยทอง | C194: =+'2'!G194 -> 0 | D194: 0 | E194: =C194+D194 -> 0 | F194: 0 | G194: =E194-F194-H194 -> 0 | H194: 0 | I194: 50 | J194: =+I194*H194 -> 0 | K194: - | L194: 0 | M194: =SUM(J194-L194) -> 0
A195: 191 | B195: เปี๊ยะลาวาไข่เค็ม 1 ชิ้น | C195: =+'2'!G195 -> 0 | D195: 0 | E195: =C195+D195 -> 0 | F195: 0 | G195: =E195-F195-H195 -> 0 | H195: 0 | I195: 25 | J195: =+I195*H195 -> 0 | K195: - | L195: 0 | M195: =SUM(J195-L195) -> 0
A196: 192 | B196: กระเช้า 14 นิ้ว | C196: =+'2'!G196 -> 14 | D196: 0 | E196: =C196+D196 -> 14 | F196: 0 | G196: =E196-F196-H196 -> 14 | H196: 0 | I196: 200 | J196: =+I196*H196 -> 0 | K196: - | L196: 0 | M196: =SUM(J196-L196) -> 0
A197: 193 | B197: กระเช้า 16 นิ้ว | C197: =+'2'!G197 -> 0 | D197: 0 | E197: =C197+D197 -> 0 | F197: 0 | G197: =E197-F197-H197 -> 0 | H197: 0 | I197: 0 | J197: =+I197*H197 -> 0 | K197: - | L197: 0 | M197: =SUM(J197-L197) -> 0
A198: 194 | B198: กระเช้า 12 นิ้ว | C198: =+'2'!G198 -> 0 | D198: 0 | E198: =C198+D198 -> 0 | F198: 0 | G198: =E198-F198-H198 -> 0 | H198: 0 | I198: 150 | J198: =+I198*H198 -> 0 | K198: - | L198: 0 | M198: =SUM(J198-L198) -> 0
A199: 195 | B199: ปังเลเยอร์ | C199: =+'2'!G199 -> 0 | D199: 0 | E199: =C199+D199 -> 0 | F199: 0 | G199: =E199-F199-H199 -> 0 | H199: 0 | I199: 65 | J199: =+I199*H199 -> 0 | K199: - | L199: 0 | M199: =SUM(J199-L199) -> 0
A200: 196 | B200: กล่องจัดเบรค | C200: =+'2'!G200 -> 99 | D200: 0 | E200: =C200+D200 -> 99 | F200: 0 | G200: =E200-F200-H200 -> 99 | H200: 0 | I200: 0 | J200: =+I200*H200 -> 0 | K200: - | L200: 0 | M200: =SUM(J200-L200) -> 0
A201: 197 | B201: จัดชุดเบรค | C201: =+'2'!G201 -> 0 | D201: 0 | E201: =C201+D201 -> 0 | F201: 0 | G201: =E201-F201-H201 -> 0 | H201: 0 | I201: 25 | J201: =+I201*H201 -> 0 | K201: - | L201: 0 | M201: =SUM(J201-L201) -> 0
... A203: 199 | B203: โบราณ 12 ชิ้น ครีม | C203: =+'2'!G203 -> 0 | D203: 0 | E203: =C203+D203 -> 0 | F203: 0 | G203: =E203-F203-H203 -> 0 | H203: 0 | I203: 150 | J203: =+I203*H203 -> 0 | K203: - | L203: 0 | M203: =SUM(J203-L203) -> 0
A204: 200 | B204: เค้กมะพร้าวอ่อน (1/2 ปอนด์) | C204: =+'2'!G204 -> 0 | D204: 0 | E204: =C204+D204 -> 0 | F204: 0 | G204: =E204-F204-H204 -> 0 | H204: 0 | I204: 120 | K204: - | L204: 0 | M204: =SUM(J204-L204) -> 0
A205: 201 | B205: โบราณ 12 ชิ้น ผลไม้ | C205: =+'2'!G205 -> 0 | D205: 0 | E205: =C205+D205 -> 0 | F205: 0 | G205: =E205-F205-H205 -> 0 | H205: 0 | I205: 150 | J205: =+I205*H205 -> 0 | K205: - | L205: 0 | M205: =SUM(J205-L205) -> 0 | N205: =SUM(M5:M207) -> 5045
A206: 202 | B206: ขายนอกระบบ | C206: =+'2'!G206 -> 0 | D206: 0 | E206: =C206+D206 -> 0 | F206: 0 | G206: =E206-F206-H206 -> 0 | H206: 0 | I206: 150 | J206: =+I206*H206 -> 0 | K206: - | L206: 0 | M206: =SUM(J206-L206) -> 0
