Workbook

Sheet ต้นทุนพี่ตุ๊ก
A1: รหัสสินค้า | B1: ชื่อสินค้า | C1: ราคาต้นทุน
A2: 1111001 | B2: ชิฟฟ่อนเค้ก 1 ชิ้น
A3: 1111010 | B3: ชิฟฟ่อนเค้กสอดไส้แยม 1 ชิ้น
A4: 1112539 | B4: ชิฟฟ่อนเค้กสอดไส้ เมล่อน (3 ชิ้น)
A5: 20055116 | B5: ชิฟฟ่อนเค้กสอดไส้ครีมมะพร้าว 120g.
A6: 20055119 | B6: ชิฟฟ่อนเค้กฝอยทอง 95g.
A7: 1124027 | B7: ครีมฮอร์นใบเตย จัมโบ้ 65g.
A8: 1124029 | B8: ครีมฮอร์นชาไทย จัมโบ้ 65g.
A9: 20055115 | B9: ครีมฮอร์นคิทแคท 70g.
A10: 1200019 | B10: NP เค้กโบราณครีม 6 ชิ้น
A11: 1200020 | B11: NP เเค้กโบราณผลไม้ 6 ชิ้น
A12: 5002400 | B12: เค้กลาวา ฝอยทอง เล็ก
A13: 1113011 | B13: เค้กลาวา ฝอยทอง ใหญ่
A14: 1113010 | B14: เค้กลาวา ฝอยทองทูโทน ใหญ่
A15: 20054637 | B15: เอแคลร์คิทแคท 55g.
A16: 20056257 | B16: เอแคลร์ชาไทย 125g.
A17: 20054638 | B17: เครปเค้กคิทแคท 65g.
A18: 1113194 | B18: บานอฟฟี่ 140 กรัม
A19: 1006979 | B19: คัพเค้กไส้คัสตาร์ด
A20: 1300005 | B20: เค้กมะพร้าวลาวา 85 กรัม
A21: 1113157 | B21: เค้กลอดช่อง 85 กรัม
A22: 1113178 | B22: เค้กลอดช่องกล่องกลม 1 ปอนด์ 265 กรัม
A23: 1113179 | B23: เค้กลอดช่องกล่องกลม 2 ปอนด์ 325 กรัม
A24: 20053053 | B24: เค้กทุเรียน 90 กรัม
A25: 20055951 | B25: เค้กบัวลอยมะพร้าวอ่อน 100 กรัม
A26: 1113004 | B26: เค้กสามเหลี่ยม รสฝอยทองใบเตย
A27: 1111410 | B27: เค้กวันเกิดมะพร้าวอ่อน 1/2 ปอนด์
A28: 1111406 | B28: เค้กวันเกิดมะพร้าวอ่อน 1 ปอนด์
A29: 1111410 | B29: เค้กวันเกิด 1/2 ปอนด์ ธรรมดา
A30: 1113114 | B30: เค้กวันเกิด 1 ปอนด์ ธรรมดา
A31: 1200003 | B31: ท๊อฟฟี่ถั่ว (กระเช้า)
A32: 1200002 | B32: ท๊อฟฟี่ถั่ว (กล่อง)
A33: 1200001 | B33: คอนเฟลกคาราเมล (เล็ก)
A34: 1006002 | B34: วุ้นฝอยทอง (N)
A35: 25661201 | B35: วุ้นแฟนซี (N)
A36: 1113192 | B36: ปังนุ่มมะพร้าว 100 กรัม
A37: 1113193 | B37: ปังนุ่มชาไทย 100 กรัม
A38: 1113084 | B38: ขนมปังเนยนิ่ม (2 ชิ้น)
A39: 1124002 | B39: ขนมปังสังขยาใบเตยนมสด 4 ชิ้น
A40: 1113110 | B40: ขนมปังไก่หยองน้ำสลัด
A41: 1124039 | B41: ขนมปังไส้แยมสตรอเบอร์รี่ (ชิ้น)
A42: 1124038 | B42: ขนมปังไส้แยมบลูเบอร์รี่ (ชิ้น)
A43: 1115298 | B43: ขนมปังไส้รวมรส
A44: 1113111 | B44: ขนมปังทวิสช็อคโกแล็ต
A45: 1004054 | B45: ขนมปังแฮมมินิ
A46: 11140500 | B46: ขนมปังเลเยอร์
A47: 1114060 | B47: ขนมปุยฝ้าย สีขาว (4 ชิ้น)
A48: 1114058 | B48: ขนมปุยฝ้าย สีชมพู (4 ชิ้น)
A49: 1114059 | B49: ขนมปุยฝ้าย สีขาว (1 ปอนด์)
A50: 1114057 | B50: ขนมปุยฝ้าย สีชมพู (1 ปอนด์)
A51: 1114021 | B51: แซนด์วิช โบราณ
A52: 1300006 | B52: แซนด์วิช แฮมไข่ดาว
A53: 20053054 | B53: โดนัทไส้แยมสตรอเบอร์รี่ 110 กรัม
A54: 1200094 | B54: ขนมอาลัวแฟนซี
A55: 1113185 | B55: ข้าวเกรียบว่าว (กระปุก)
A56: 1200086 | B56: ทองม้วนกรอบ
A57: 25661209 | B57: ทองม้วนทรงเครื่อง
A58: 1113108 | B58: ปังเนยน้ำตาล
A59: 1005761 | B59: ปังกรอบคาราเมล
A60: 1113185 | B60: ข้าวเกรียบว่าว (กระปุก)
A61: 1100038 | B61: ข้าวแต๋นน้ำแตงโม
A62: 1120003 | B62: คุ๊กกี้สิงคโปร์
A63: 1124023 | B63: เปี๊ยะลาวาไข่เค็ม (1 ชิ้น)
A64: 1113143 | B64: กุนเชียง
A65: 1200027 | B65: หมูทุบ
A66: 1113140 | B66: หมูแผ่นกรอบ
A67: 1113141 | B67: หมูแท่งกรอบ
A68: 1113142 | B68: หมูหยอง
A69: 1113200 | B69: หมูฝอย
A70: 1120001 | B70: ผลไม้รวมเล็ก
A71: 1120002 | B71: ผลไม้รวมใหญ่
A72: 03102566 | B72: นมเปรี้ยว
A73: 1710256601 | B73: น้ำผลไม้ (กล่อง)
B74: น้ำเปล่า 600ml.
B75: เทียนวันเกิด
B76: จัดกระเช้า
B77: กระเช้า 12 นิ้ว
B78: กระเช้า 14 นิ้ว
B79: กระเช้า 16 นิ้ว
B80: โบว์กระเช้า
A81: 1710256602 | B81: กล่องจัดเบรค
A82: 1100011 | B82: ชุดจัดเบรค Set A
A83: 1100012 | B83: ชุดจัดเบรค Set B
A84: 1100013 | B84: ชุดจัดเบรค Set C

Sheet DATA POS
A1: รหัสสินค้า | B1: ชื่อสินค้า | C1: หมวดหมู่สินค้า | D1: หน่วยสินค้า | E1: ราคาขาย | F1: ราคาซื้อ | G1: Min | H1: Max | I1: หมายเหตุ | J1: สถานะ
B2: มะม่วงหนึบ | C2: หมวดอื่นๆ | D2: กล่อง | E2: 40.00 | F2: 0.00 | G2: 0 | H2: 0 | J2: ใช้งาน
A3: 0109256601 | B3: กระเช้าสำเร็จรูป | C3: หมวดอื่นๆ | D3: กระเช้า | E3: 800.00 | F3: 0.00 | G3: 0 | H3: 0 | J3: ใช้งาน
A4: 0109256602 | B4: เซ็ตของขวัญ | C4: หมวดอื่นๆ | D4: กล่อง | E4: 260.00 | F4: 0.00 | G4: 0 | H4: 0 | J4: ใช้งาน
A5: 01-SU-0025-1 | B5: น้ำแดงเฮลบลูบอย | C5: เครื่องดื่ม | D5: ขวด | E5: 58.00 | F5: 0.00 | G5: 0 | H5: 0 | J5: ใช้งาน
A6: 02102566 | B6: เปี๊ยะมินิ | C6: หมวดอื่นๆ | D6: กล่อง | E6: 25.00 | F6: 0.00 | G6: 0 | H6: 0 | J6: ใช้งาน
A7: 02-BB01 | B7: กล่องเค้กเบาหวิวทุเรียน 100g. New | C7: กล่องโมเดล | D7: กล่อง | E7: 20.00 | F7: 0.00 | G7: 0 | H7: 0 | J7: ใช้งาน
A8: 02-BB02 | B8: กล่องเค้กเบาหวิวเผือกมะพร้าวอ่อน 100g. New | C8: กล่องโมเดล | D8: กล่อง | E8: 20.00 | F8: 0.00 | G8: 0 | H8: 0 | J8: ใช้งาน
A9: 02-BB03 | B9: กล่องเค้กเบาหวิวกล้วยมะพร้าวเผา 100g. New | C9: กล่องโมเดล | D9: กล่อง | E9: 20.00 | F9: 0.00 | G9: 0 | H9: 0 | J9: ใช้งาน
A10: 02-BB05 | B10: กล่องเค้กเบาหวิวรสกาแฟ 100g New | C10: กล่องโมเดล | D10: กล่อง | E10: 20.00 | F10: 0.00 | G10: 0 | H10: 0 | J10: ใช้งาน
A11: 02-BB07 | B11: กล่องเค้กเบาหวิวรสกาแฟ 300g. New | C11: กล่องโมเดล | D11: กล่อง | E11: 20.00 | F11: 0.00 | G11: 0 | H11: 0 | J11: ใช้งาน
A12: 02-BB09 | B12: กล่องเค้กเบาหวิวรสเนยนม 110g. New | C12: กล่องโมเดล | D12: กล่อง | E12: 20.00 | F12: 0.00 | G12: 0 | H12: 0 | J12: ใช้งาน
A13: 02-BB11 | B13: กล่องเค้กเบาหวิวรสเนยนม 300g. New | C13: กล่องโมเดล | D13: กล่อง | E13: 20.00 | F13: 0.00 | G13: 0 | H13: 0 | J13: ใช้งาน
A14: 02-BB14 | B14: กล่องเค้กเบาหวิวรสใบเตย 300g. New | C14: กล่องโมเดล | D14: กล่อง | E14: 20.00 | F14: 0.00 | G14: 0 | H14: 0 | J14: ใช้งาน
... A76: 1113178 | B76: เค้กลอดช่องกล่องกลม 1 ปอนด์ 265 กรัม | C76: เค้ก | D76: กล่อง | E76: 0.00 | F76: 0.00 | G76: 0 | H76: 0 | J76: ใช้งาน
A77: 1113179 | B77: เค้กลอดช่องกล่องกลม 2 ปอนด์ 325 กรัม | C77: เค้ก | D77: กล่อง | E77: 240.00 | F77: 0.00 | G77: 0 | H77: 0 | I77: สินค้าระบายจากทางออนไลน์ ขาย 120 บาท | J77: ใช้งาน
A78: 1113185 | B78: ข้าวเกรียบว่าว (กระปุก) | C78: ขนมปัง แซนวิส | D78: กระปุก | E78: 40.00 | F78: 0.00 | G78: 0 | H78: 0 | J78: ใช้งาน
A79: 1113191 | B79: เค้กตะโก้เผือกหอม 120 กรัม | C79: เค้ก | D79: กล่อง | E79: 35.00 | F79: 0.00 | G79: 0 | H79: 0 | J79: ใช้งาน
A80: 1113192 | B80: ปังนุ่มมะพร้าว 100 กรัม | C80: ขนมปัง แซนวิส | D80: กล่อง | E80: 35.00 | F80: 0.00 | G80: 0 | H80: 0 | I80: บิ๊กซี | J80: ใช้งาน
A81: 1113193 | B81: ปังนุ่มชาไทย 100 กรัม | C81: ขนมปัง แซนวิส | D81: กล่อง | E81: 35.00 | F81: 0.00 | G81: 0 | H81: 0 | I81: บิ๊กซี | J81: ใช้งาน
A82: 1113194 | B82: บานอฟฟี่ 140 กรัม | C82: เค้ก | D82: กล่อง | E82: 45.00 | F82: 0.00 | G82: 0 | H82: 0 | I82: ราคาเต็ม 45 บาท , ราคาของระบาย 20 บาท | J82: ใช้งาน
A83: 1114024 | B83: สังขยา 1 ชิ้น | C83: ขนมปัง แซนวิส | D83: ชิ้น | E83: 10.00 | F83: 0.00 | G83: 0 | H83: 0 | J83: ใช้งาน
A84: 11140500 | B84: ขนมปังเลเยอร์ | C84: ขนมปัง แซนวิส | D84: ถุง | E84: 65.00 | F84: 0.00 | G84: 0 | H84: 0 | J84: ใช้งาน
A85: 1114056 | B85: ขนมปุยฝ้าย คละรส (4 ชิ้น) | C85: ขนมปัง แซนวิส | D85: กล่อง | E85: 50.00 | F85: 0.00 | G85: 0 | H85: 0 | J85: ใช้งาน
A86: 1114057 | B86: ขนมปุยฝ้าย สีชมพู (1 ปอนด์) | C86: ขนมปัง แซนวิส | D86: กล่อง | E86: 60.00 | F86: 0.00 | G86: 0 | H86: 0 | J86: ใช้งาน
A87: 1114058 | B87: ขนมปุยฝ้าย สีชมพู (4 ชิ้น) | C87: ขนมปัง แซนวิส | D87: กล่อง | E87: 50.00 | F87: 0.00 | G87: 0 | H87: 0 | J87: ใช้งาน
A88: 1114059 | B88: ขนมปุยฝ้าย สีขาว (1 ปอนด์) | C88: ขนมปัง แซนวิส | D88: กล่อง | E88: 60.00 | F88: 0.00 | G88: 0 | H88: 0 | J88: ใช้งาน
A89: 1114060 | B89: ขนมปุยฝ้าย สีขาว (4 ชิ้น) | C89: ขนมปัง แซนวิส | D89: กล่อง | E89: 50.00 | F89: 0.00 | G89: 0 | H89: 0 | J89: ใช้งาน
A90: 1124024 | B90: ขนมปังไส้ฝอยทอง (ชิ้น) | C90: ขนมปัง แซนวิส | D90: ชิ้น | E90: 30.00 | F90: 0.00 | G90: 0 | H90: 0 | J90: ใช้งาน
A91: 1124037 | B91: ขนมปังไส้พริกเผาไก่หยอง (ชิ้น) | C91: ขนมปัง แซนวิส | D91: ชิ้น | E91: 30.00 | F91: 0.00 | G91: 0 | H91: 0 | J91: ใช้งาน
A92: 1124038 | B92: ขนมปังไส้แยมบลูเบอร์รี่ (ชิ้น) | C92: ขนมปัง แซนวิส | D92: ชิ้น | E92: 30.00 | F92: 0.00 | G92: 0 | H92: 0 | J92: ใช้งาน
A93: 1124039 | B93: ขนมปังไส้แยมสตรอเบอร์รี่ (ชิ้น) | C93: ขนมปัง แซนวิส | D93: ชิ้น | E93: 30.00 | F93: 0.00 | G93: 0 | H93: 0 | J93: ใช้งาน
A94: 1124040 | B94: ขนมปังไส้ลูกเกดฝอยทอง (ชิ้น) | C94: ขนมปัง แซนวิส | D94: ชิ้น | E94: 30.00 | F94: 0.00 | G94: 0 | H94: 0 | J94: ใช้งาน
... A96: 1200032 | B96: (NP)มาม่อนคัฟ รวมรส (6ชิ้น) | C96: หนองพงนก | D96: กล่อง | E96: 80.00 | F96: 0.00 | G96: 0 | H96: 0 | J96: ใช้งาน
A97: 1200092 | B97: ท๊อฟฟี่ถั่ว (กิโล) | D97: กิโลกรัม | E97: 200.00 | F97: 0.00 | G97: 0 | H97: 0 | J97: ใช้งาน
A98: 1300005 | B98: เค้กมะพร้าวลาวา 85 กรัม | C98: เค้ก | D98: กล่อง | E98: 35.00 | F98: 0.00 | G98: 0 | H98: 0 | J98: ใช้งาน
A99: 1300006 | B99: แซนด์วิช แฮมไข่ดาว | C99: ขนมปัง แซนวิส | D99: กล่อง | E99: 35.00 | F99: 0.00 | G99: 0 | H99: 0 | J99: ใช้งาน
A100: 13082000 | B100: หนังสือนิทาน วาดภาพ | C100: รพ.สินแพทย์ | D100: ชิ้น | E100: 20.00 | F100: 0.00 | G100: 0 | H100: 0 | J100: ใช้งาน
A101: 13082001 | B101: ห้องครัว | C101: รพ.สินแพทย์ | D101: กล่อง | E101: 450.00 | F101: 0.00 | G101: 0 | H101: 0 | J101: ใช้งาน
A102: 13082002 | B102: ฮีโร่แผง 150 | C102: รพ.สินแพทย์ | D102: ชิ้น | E102: 150.00 | F102: 0.00 | G102: 0 | H102: 0 | J102: ใช้งาน
A103: 13082003 | B103: ฮีโร่แผง 250 | C103: รพ.สินแพทย์ | D103: ชิ้น | E103: 250.00 | F103: 0.00 | G103: 0 | H103: 0 | J103: ใช้งาน
A104: 13082004 | B104: ฮีโร่แผง 350 | C104: รพ.สินแพทย์ | D104: ชิ้น | E104: 450.00 | F104: 0.00 | G104: 0 | H104: 0 | J104: ใช้งาน
A105: 13082005 | B105: ฮีโร่แผง 450 | C105: รพ.สินแพทย์ | D105: ชิ้น | E105: 450.00 | F105: 0.00 | G105: 0 | H105: 0 | J105: ใช้งาน
A106: 13082006 | B106: เซ็ตหน้ากาก | C106: รพ.สินแพทย์ | D106: ชิ้น | E106: 450.00 | F106: 0.00 | G106: 0 | H106: 0 | J106: ใช้งาน
A107: 13082007 | B107: พัดลม 100 | C107: รพ.สินแพทย์ | D107: ชิ้น | E107: 100.00 | F107: 0.00 | G107: 0 | H107: 0 | J107: ใช้งาน
A108: 13082008 | B108: พัดลม 150 | C108: รพ.สินแพทย์ | D108: ชิ้น | E108: 150.00 | F108: 0.00 | G108: 0 | H108: 0 | J108: ใช้งาน
A109: 13082009 | B109: เฮริคอปเตอร์ | C109: รพ.สินแพทย์ | D109: ชิ้น | E109: 450.00 | F109: 0.00 | G109: 0 | H109: 0 | J109: ใช้งาน
... A205: 20055951 | B205: เค้กบัวลอยมะพร้าวอ่อน 100 กรัม | C205: เค้ก | D205: กล่อง | E205: 35.00 | F205: 0.00 | G205: 0 | H205: 0 | J205: ใช้งาน
A206: 20056257 | B206: เอแคลร์ชาไทย 125g. | C206: ขนมปัง แซนวิส | E206: 35.00 | F206: 0.00 | G206: 0 | H206: 0 | J206: ใช้งาน
A207: 22082301 | B207: เครื่องดื่มผสมเฉาก๋วย | C207: เครื่องดื่ม | D207: แก้ว | E207: 12.00 | F207: 0.00 | G207: 0 | H207: 0 | J207: ใช้งาน
A208: 22092566 | B208: ไดฟุกุสตอเบอรี่มัทฉะ | C208: หมวดอื่นๆ | D208: กล่อง | E208: 40.00 | F208: 0.00 | G208: 0 | H208: 0 | J208: ใช้งาน
A209: 25082566 | B209: NP ฝอยทอง (ญ) ห่อซีน | C209: หนองพงนก | D209: กล่อง | E209: 120.00 | F209: 0.00 | G209: 0 | H209: 0 | J209: ใช้งาน
A210: 2566102301 | B210: ครีมฮอร์น วนิลา ฝอยทอง | C210: ครีมฮอร์น | D210: กล่อง | E210: 65.00 | F210: 0.00 | G210: 0 | H210: 0 | J210: ใช้งาน
A211: 2566102302 | B211: ครีมฮอร์น ใบเตย ฝอยทอง | C211: ครีมฮอร์น | D211: กล่อง | E211: 65.00 | F211: 0.00 | G211: 0 | H211: 0 | J211: ใช้งาน
A212: 2566102303 | B212: ครีมฮอร์น ช็อคโกแลต ฝอยทอง | C212: ครีมฮอร์น | D212: กล่อง | E212: 65.00 | F212: 0.00 | G212: 0 | H212: 0 | J212: ใช้งาน
A213: 2566110401 | B213: เค้กโบราณรวมรส 12 ชิ้น | C213: หมวดอื่นๆ | D213: กล่อง | E213: 150.00 | F213: 0.00 | G213: 0 | H213: 0 | J213: ใช้งาน
A214: 2566110402 | B214: เค้กโบราณครีม 12 ชิ้น | C214: หมวดอื่นๆ | D214: กล่อง | E214: 150.00 | F214: 0.00 | G214: 0 | H214: 0 | J214: ใช้งาน
A215: 2566110403 | B215: โบราณ 12 ชิ้น ครีม | C215: หมวดอื่นๆ | D215: กล่อง | E215: 150.00 | F215: 0.00 | G215: 0 | H215: 0 | J215: ใช้งาน
A216: 2566111001 | B216: ตุ๊กตา Skibidi Toilet | C216: หมวดอื่นๆ | D216: แพ็ค | E216: 220.00 | F216: 0.00 | G216: 0 | H216: 0 | J216: ใช้งาน
A217: 25661201 | B217: วุ้นแฟนซี (N) | C217: วุ้น | D217: กล่อง | E217: 80.00 | F217: 0.00 | G217: 0 | H217: 0 | I217: ซัพนอก | J217: ใช้งาน
A218: 25661202 | B218: วุ้นวันแม่ (N) | C218: วุ้น | D218: กล่อง | E218: 130.00 | F218: 0.00 | G218: 0 | H218: 0 | I218: ซัพนอก | J218: ใช้งาน
A219: 25661208 | B219: ถั่วลันเตา | C219: หมวดอื่นๆ | D219: กล่อง | E219: 40.00 | F219: 0.00 | G219: 0 | H219: 0 | J219: ใช้งาน
A220: 25661209 | B220: ทองม้วนทรงเครื่อง | C220: หมวดอื่นๆ | D220: กล่อง | E220: 55.00 | F220: 0.00 | G220: 0 | H220: 0 | J220: ใช้งาน
A221: 25661225 | B221: โบราณ 4 ชิ้น คริสต์มาส | C221: เค้ก | D221: กล่อง | E221: 60.00 | F221: 0.00 | G221: 0 | H221: 0 | J221: ใช้งาน
A222: 26122566 | B222: อาลัว | C222: คุ๊กกี้ ขนม | D222: กระปุก | E222: 0.00 | F222: 0.00 | G222: 0 | H222: 0 | J222: ใช้งาน
A223: 2808202301 | B223: ขนมปุยฝ้าย4ชิ้น สีชมพู | C223: ขนมปัง แซนวิส | D223: กล่อง | E223: 50.00 | F223: 0.00 | G223: 0 | H223: 0 | I223: สินคาแนะนำช่วงเทศกาลวันสาทจีน | J223: ใช้งาน
A224: 3108202301 | B224: โอวัลตินเย็น | C224: เครื่องดื่ม | D224: แก้ว | E224: 50.00 | F224: 0.00 | G224: 0 | H224: 0 | J224: ใช้งาน
A225: 31082566 | B225: วุ้นลูกส้ม (N) | C225: วุ้น | D225: กล่อง | E225: 45.00 | F225: 0.00 | G225: 0 | H225: 0 | I225: ซัพนอก | J225: ใช้งาน
A226: 6972781480569 | B226: รถถังช้างมีไฟ | C226: ของเล่น | D226: ชิ้น | E226: 150.00 | F226: 0.00 | G226: 0 | H226: 0 | J226: ใช้งาน
A227: 7263406968904 | B227: ชุดทำกิ๊ฟ | C227: ของเล่น | D227: กล่อง | E227: 120.00 | F227: 0.00 | G227: 0 | H227: 0 | J227: ใช้งาน
A228: 885712004046 | B228: ครีมฮอร์นฝอยทอง จัมโบ้ 65g. | C228: ครีมฮอร์น | D228: ชิ้น | E228: 35.00 | F228: 0.00 | G228: 0 | H228: 0 | J228: ใช้งาน
A229: 885712004053 | B229: ครีมฮอร์นบลูเบอร์รี่ จัมโบ้ 65g. | C229: ครีมฮอร์น | D229: ชิ้น | E229: 35.00 | F229: 0.00 | G229: 0 | H229: 0 | J229: ใช้งาน
A230: 885712004060 | B230: ครีมฮอร์นสตรอเบอร์รี่ จัมโบ้ 65g. | C230: ครีมฮอร์น | D230: ชิ้น | E230: 35.00 | F230: 0.00 | G230: 0 | H230: 0 | J230: ใช้งาน
A231: 885712004534 | B231: ชิฟฟ่อนเค้กสอดไส้ครีมมะพร้าว 120g. | C231: ชิฟฟอน | D231: ชิ้น | E231: 35.00 | F231: 0.00 | G231: 0 | H231: 0 | J231: ใช้งาน
A232: 8857125000001 | B232: เปี๊ยะสติ๊กไก่หยอง | C232: ขนมเปี๊ยะ | D232: กล่อง | E232: 55.00 | F232: 0.00 | G232: 0 | H232: 0 | J232: ใช้งาน
A233: 8857125000002 | B233: มินิบันไส้กรอกชีส | C233: ขนมปัง แซนวิส | D233: กล่อง | E233: 45.00 | F233: 0.00 | G233: 0 | H233: 0 | J233: ใช้งาน
A234: 8857125000003 | B234: แซนวิชสังขยา | C234: ขนมปัง แซนวิส | D234: กล่อง | E234: 40.00 | F234: 0.00 | G234: 0 | H234: 0 | J234: ใช้งาน
A235: 8857125000004 | B235: แซนด์วิช โบราณ | C235: ขนมปัง แซนวิส | D235: กล่อง | E235: 40.00 | F235: 0.00 | G235: 0 | H235: 0 | J235: ใช้งาน
A236: 8857125000005 | B236: เค้กหม้อแกงเผือก | C236: เค้ก | D236: กล่อง | E236: 55.00 | F236: 0.00 | G236: 0 | H236: 0 | J236: ไม่ใช้งาน
A237: 8857125000006 | B237: คุกกี้มะพร้าว | C237: คุ๊กกี้ ขนม | D237: กระปุก | E237: 50.00 | F237: 0.00 | G237: 0 | H237: 0 | J237: ใช้งาน
... A333: 8857125001182 | B333: สตอเบอร์รี่ครีมเค้ก | C333: เค้ก | D333: กล่อง | E333: 50.00 | F333: 0.00 | G333: 0 | H333: 0 | J333: ใช้งาน
A334: 8857125001199 | B334: บลูเบอร์รี่ครีมเค้ก | C334: เค้ก | D334: กล่อง | E334: 30.00 | F334: 40.00 | G334: 0 | H334: 0 | I334: ราคาเต็ม 50 | J334: ใช้งาน
A335: 8857125001205 | B335: เค้กส้ม | C335: เค้ก | D335: กล่อง | E335: 50.00 | F335: 46.00 | G335: 0 | H335: 0 | J335: ไม่ใช้งาน
A336: 8857125001229 | B336: วนิลาครีมเค้ก | C336: เค้ก | D336: กล่อง | E336: 30.00 | F336: 35.00 | G336: 0 | H336: 0 | I336: ราคาเต็ม 50 | J336: ใช้งาน
A337: 8857125001236 | B337: ใบเตยครีมเค้ก | C337: เค้ก | D337: กล่อง | E337: 30.00 | F337: 35.00 | G337: 0 | H337: 0 | I337: ราคาเต็ม 50 | J337: ใช้งาน
A338: 8857125001243 | B338: ช็อคโกแล็ตครีมเค้ก | C338: เค้ก | D338: กล่อง | E338: 30.00 | F338: 35.00 | G338: 0 | H338: 0 | I338: ราคาเต็ม 50 | J338: ใช้งาน
A339: 8857125001250 | B339: ช๊อคบอล WWN | C339: คุ๊กกี้ ขนม | D339: กล่อง | E339: 20.00 | F339: 0.00 | G339: 0 | H339: 0 | J339: ใช้งาน
A340: 8857125001267 | B340: ชิฟฟอนหม้อแกง | C340: ชิฟฟอน | D340: กล่อง | E340: 40.00 | F340: 0.00 | G340: 0 | H340: 0 | J340: ใช้งาน
A341: 8857125001281 | B341: ขนมปังเนยนิ่ม (2 ชิ้น) | C341: ขนมปัง แซนวิส | D341: กล่อง | E341: 25.00 | F341: 0.00 | G341: 0 | H341: 0 | J341: ใช้งาน
A342: 8857125001298 | B342: เค้กเบาหวิวฝอยทอง 300 กรัม กล่องแดง | C342: เบาหวิว | D342: กล่อง | E342: 120.00 | F342: 80.00 | G342: 0 | H342: 0 | J342: ไม่ใช้งาน
A343: 8857125001304 | B343: เค้กลาวา ฝอยทอง เล็ก | C343: เค้ก | D343: ชิ้น | E343: 50.00 | F343: 0.00 | G343: 0 | H343: 0 | J343: ใช้งาน
A344: 8857125001311 | B344: ชิฟฟ่อนเค้ก รวมรส (8 ชิ้น) | C344: ชิฟฟอน | D344: กล่อง | E344: 100.00 | F344: 80.00 | G344: 0 | H344: 0 | J344: ใช้งาน
A345: 8857125001328 | B345: ชิฟฟ่อนเค้ก รวมรส (4 ชิ้น) | C345: ชิฟฟอน | D345: กล่อง | E345: 50.00 | F345: 40.00 | G345: 0 | H345: 0 | J345: ใช้งาน
A346: 8857125001335 | B346: แซนด์วิช โฮลวีททูน่า ไร้ขอบ | C346: ขนมปัง แซนวิส | D346: ชิ้น | E346: 45.00 | F346: 0.00 | G346: 0 | H346: 0 | J346: ใช้งาน
A347: 8857125001342 | B347: แซนด์วิช โฮลวีทแฮมชีส ไร้ขอบ | C347: ขนมปัง แซนวิส | D347: ชิ้น | E347: 45.00 | F347: 0.00 | G347: 0 | H347: 0 | J347: ใช้งาน
A348: 8857125001359 | B348: เค้กเบาหวิวฝอยทอง 100 กรัม กล่องแดง | C348: เบาหวิว | D348: กล่อง | E348: 55.00 | F348: 45.00 | G348: 0 | H348: 0 | J348: ไม่ใช้งาน
A349: 8857125001366 | B349: ชิฟฟ่อนเค้กใบเตยสอดไส้ครีมมะพร้าวล้วน (8 ชิ้น) | C349: ชิฟฟอน | D349: กล่อง | E349: 130.00 | F349: 0.00 | G349: 0 | H349: 0 | J349: ใช้งาน
A350: 8857125001380 | B350: บราวน์นี่กรอบ | C350: คุ๊กกี้ ขนม | D350: กระปุก | E350: 50.00 | F350: 0.00 | G350: 0 | H350: 0 | J350: ใช้งาน
... A353: 8857125001427 | B353: ขนมปังหมูหยองมินิ | C353: ขนมปัง แซนวิส | D353: ชิ้น | E353: 50.00 | F353: 40.00 | G353: 0 | H353: 0 | J353: ใช้งาน
A354: 8857125001489 | B354: วุ้นเป็ด (6 ชิ้น) (N) | C354: วุ้น | D354: กล่อง | E354: 40.00 | F354: 0.00 | G354: 0 | H354: 0 | I354: ซัพนอก | J354: ใช้งาน
...

Sheet สรุป
A2: บูธ ลำพยา 3 เก่า วันที่ 1-31 ต.ค. 2567 | Q2: สรุปยอดขาย บูธ ลำพยา 3 เก่า วันที่ 1-31 ต.ค. 2567
A3: ลำดับ | B3: รหัสสินค้า (POS) | C3: รายการ | D3: หน่วย | E3: ยกมา | F3: รับ | G3: รวม | H3: เปลี่ยน/ | I3: โยกย้าย / ระบาย | J3: คงเหลือ | K3: รายการขาย | N3: หมายเหตุ | O3: ราคาต้นทุน | P3: ยอดรวมต้นทุนสินค้า | Q3: วันที่ | R3: ยอดเงิน | S3: ส่วนลด | T3: สแกนใช้สิทธิ์ | U3: ค่าโอนเงิน | V3: ค่าใช้จ่ายอื่นๆ | W3: โอนหน้าร้าน | X3: รับสุทธิ | Y3: ยอดโอนเงิน | Z3: โอนเกิน/โอนขาด | AA3: วัน | AB3: รวมยอดขายหลังหักค่าใช้จ่าย
H4: คืน/เสีย | K4: จำนวน | L4: @ | M4: เป็นเงิน
A5: 1 | B5: 8857125001328 | C5: ชิฟฟ่อนเค้ก รวมรส (4 ชิ้น) | D5: กล่อง | E5: =+ยกมา!J5 -> 12 | F5: =+'1'!F5+'2'!F5+'3'!F5+'4'!F5+'5'!F5+'6'!F5+'7'!F5+'8'!F5+'9'!F5+'10'!F5+'11'!F5+'12'!F5+'13'!F5+'14'!F5+'15'!F5+'16'!F5+'17'!F5+'18'!F5+'19'!F5+'20'!F5+'21'!F5+'22'!F5+'23'!F5+'24'!F5+'25'!F5+'26'!F5+'27'!F5+'28'!F5+'29'!F5+'30'!F5+'31.'!F5 -> 145 | G5: =+E5+F5 -> 157 | H5: =+'1'!H5+'2'!H5+'3'!H5+'4'!H5+'5'!H5+'6'!H5+'7'!H5+'8'!H5+'9'!H5+'10'!H5+'11'!H5+'12'!H5+'13'!H5+'14'!H5+'15'!H5+'16'!H5+'17'!H5+'18'!H5+'19'!H5+'20'!H5+'21'!H5+'22'!H5+'23'!H5+'24'!H5+'25'!H5+'26'!H5+'27'!H5+'28'!H5+'29'!H5+'30'!H5+'31.'!H5 -> 0 | I5: =+'1'!I5+'2'!I5+'3'!I5+'4'!I5+'5'!I5+'6'!I5+'7'!I5+'8'!I5+'9'!I5+'10'!I5+'11'!I5+'12'!I5+'13'!I5+'14'!I5+'15'!I5+'16'!I5+'17'!I5+'18'!I5+'19'!I5+'20'!I5+'21'!I5+'22'!I5+'23'!I5+'24'!I5+'25'!I5+'26'!I5+'27'!I5+'28'!I5+'29'!I5+'30'!I5+'31.'!I5 -> 0 | J5: =E5+F5-H5-K5-I5 -> 18 | K5: =+'1'!K5+'2'!K5+'3'!K5+'4'!K5+'5'!K5+'6'!K5+'7'!K5+'8'!K5+'9'!K5+'10'!K5+'11'!K5+'12'!K5+'13'!K5+'14'!K5+'15'!K5+'16'!K5+'17'!K5+'18'!K5+'19'!K5+'20'!K5+'21'!K5+'22'!K5+'23'!K5+'24'!K5+'25'!K5+'26'!K5+'27'!K5+'28'!K5+'29'!K5+'30'!K5+'31.'!K5 -> 139 | L5: 50 | M5: =+'1'!M5+'2'!M5+'3'!M5+'4'!M5+'5'!M5+'6'!M5+'7'!M5+'8'!M5+'9'!M5+'10'!M5+'11'!M5+'12'!M5+'13'!M5+'14'!M5+'15'!M5+'16'!M5+'17'!M5+'18'!M5+'19'!M5+'20'!M5+'21'!M5+'22'!M5+'23'!M5+'24'!M5+'25'!M5+'26'!M5+'27'!M5+'28'!M5+'29'!M5+'30'!M5+'31.'!M5 -> 6950 | O5: 22.48 | P5: =+K5*O5 -> 3124.72 | Q5: 1 | R5: =+'1'!N228 -> 3240 | S5: =+'1'!N233 -> 195 | T5: =+'1'!N231 -> 0 | U5: =+'1'!N229 -> 0 | V5: =+'1'!N232 -> 0 | W5: =+'1'!N230 -> 0 | X5: =+R5-S5-T5-U5-V5-W5 -> 3045 | Y5: =+'1'!N235 -> 3045 | Z5: =+Y5-X5 -> 0 | AA5: อังคาร | AB5: =+W5+Y5 -> 3045 | AC5: =+W5+Y5+Z5 -> 3045 | AD5: ตัดรับ - จ่ายแล้ว
A6: 2 | B6: 8857125001311 | C6: ชิฟฟ่อนเค้ก รวมรส (8 ชิ้น) | D6: กล่อง | E6: =+ยกมา!J6 -> 36 | F6: =+'1'!F6+'2'!F6+'3'!F6+'4'!F6+'5'!F6+'6'!F6+'7'!F6+'8'!F6+'9'!F6+'10'!F6+'11'!F6+'12'!F6+'13'!F6+'14'!F6+'15'!F6+'16'!F6+'17'!F6+'18'!F6+'19'!F6+'20'!F6+'21'!F6+'22'!F6+'23'!F6+'24'!F6+'25'!F6+'26'!F6+'27'!F6+'28'!F6+'29'!F6+'30'!F6+'31.'!F6 -> 230 | G6: =+E6+F6 -> 266 | H6: =+'1'!H6+'2'!H6+'3'!H6+'4'!H6+'5'!H6+'6'!H6+'7'!H6+'8'!H6+'9'!H6+'10'!H6+'11'!H6+'12'!H6+'13'!H6+'14'!H6+'15'!H6+'16'!H6+'17'!H6+'18'!H6+'19'!H6+'20'!H6+'21'!H6+'22'!H6+'23'!H6+'24'!H6+'25'!H6+'26'!H6+'27'!H6+'28'!H6+'29'!H6+'30'!H6+'31.'!H6 -> 0 | I6: =+'1'!I6+'2'!I6+'3'!I6+'4'!I6+'5'!I6+'6'!I6+'7'!I6+'8'!I6+'9'!I6+'10'!I6+'11'!I6+'12'!I6+'13'!I6+'14'!I6+'15'!I6+'16'!I6+'17'!I6+'18'!I6+'19'!I6+'20'!I6+'21'!I6+'22'!I6+'23'!I6+'24'!I6+'25'!I6+'26'!I6+'27'!I6+'28'!I6+'29'!I6+'30'!I6+'31.'!I6 -> 5 | J6: =E6+F6-H6-K6-I6 -> 42 | K6: =+'1'!K6+'2'!K6+'3'!K6+'4'!K6+'5'!K6+'6'!K6+'7'!K6+'8'!K6+'9'!K6+'10'!K6+'11'!K6+'12'!K6+'13'!K6+'14'!K6+'15'!K6+'16'!K6+'17'!K6+'18'!K6+'19'!K6+'20'!K6+'21'!K6+'22'!K6+'23'!K6+'24'!K6+'25'!K6+'26'!K6+'27'!K6+'28'!K6+'29'!K6+'30'!K6+'31.'!K6 -> 219 | L6: 100 | M6: =+'1'!M6+'2'!M6+'3'!M6+'4'!M6+'5'!M6+'6'!M6+'7'!M6+'8'!M6+'9'!M6+'10'!M6+'11'!M6+'12'!M6+'13'!M6+'14'!M6+'15'!M6+'16'!M6+'17'!M6+'18'!M6+'19'!M6+'20'!M6+'21'!M6+'22'!M6+'23'!M6+'24'!M6+'25'!M6+'26'!M6+'27'!M6+'28'!M6+'29'!M6+'30'!M6+'31.'!M6 -> 21900 | O6: 39.29 | P6: =+K6*O6 -> 8604.51 | Q6: 2 | R6: =+'2'!N228 -> 3280 | S6: =+'2'!N233 -> 195 | T6: =+'2'!N231 -> 0 | U6: =+'2'!N229 -> 0 | V6: =+'2'!N232 -> 10 | W6: =+'2'!N230 -> 400 | X6: =+R6-S6-T6-U6-V6-W6 -> 2675 | Y6: =+'2'!N235 -> 2675 | Z6: =+Y6-X6 -> 0 | AA6: พุธ | AB6: =+W6+Y6 -> 3075 | AC6: =+W6+Y6+Z6 -> 3075 | AD6: ตัดรับ - จ่ายแล้ว
A7: 3 | B7: 8857125003841 | C7: ชิฟฟ่อนเค้ก รสกาแฟ (4 ชิ้น) | D7: ชิ้น | E7: =+ยกมา!J7 -> 0 | F7: =+'1'!F7+'2'!F7+'3'!F7+'4'!F7+'5'!F7+'6'!F7+'7'!F7+'8'!F7+'9'!F7+'10'!F7+'11'!F7+'12'!F7+'13'!F7+'14'!F7+'15'!F7+'16'!F7+'17'!F7+'18'!F7+'19'!F7+'20'!F7+'21'!F7+'22'!F7+'23'!F7+'24'!F7+'25'!F7+'26'!F7+'27'!F7+'28'!F7+'29'!F7+'30'!F7+'31.'!F7 -> 0 | G7: =+E7+F7 -> 0 | H7: =+'1'!H7+'2'!H7+'3'!H7+'4'!H7+'5'!H7+'6'!H7+'7'!H7+'8'!H7+'9'!H7+'10'!H7+'11'!H7+'12'!H7+'13'!H7+'14'!H7+'15'!H7+'16'!H7+'17'!H7+'18'!H7+'19'!H7+'20'!H7+'21'!H7+'22'!H7+'23'!H7+'24'!H7+'25'!H7+'26'!H7+'27'!H7+'28'!H7+'29'!H7+'30'!H7+'31.'!H7 -> 0 | I7: =+'1'!I7+'2'!I7+'3'!I7+'4'!I7+'5'!I7+'6'!I7+'7'!I7+'8'!I7+'9'!I7+'10'!I7+'11'!I7+'12'!I7+'13'!I7+'14'!I7+'15'!I7+'16'!I7+'17'!I7+'18'!I7+'19'!I7+'20'!I7+'21'!I7+'22'!I7+'23'!I7+'24'!I7+'25'!I7+'26'!I7+'27'!I7+'28'!I7+'29'!I7+'30'!I7+'31.'!I7 -> 0 | J7: =E7+F7-H7-K7-I7 -> 0 | K7: =+'1'!K7+'2'!K7+'3'!K7+'4'!K7+'5'!K7+'6'!K7+'7'!K7+'8'!K7+'9'!K7+'10'!K7+'11'!K7+'12'!K7+'13'!K7+'14'!K7+'15'!K7+'16'!K7+'17'!K7+'18'!K7+'19'!K7+'20'!K7+'21'!K7+'22'!K7+'23'!K7+'24'!K7+'25'!K7+'26'!K7+'27'!K7+'28'!K7+'29'!K7+'30'!K7+'31.'!K7 -> 0 | L7: 50 | M7: =+'1'!M7+'2'!M7+'3'!M7+'4'!M7+'5'!M7+'6'!M7+'7'!M7+'8'!M7+'9'!M7+'10'!M7+'11'!M7+'12'!M7+'13'!M7+'14'!M7+'15'!M7+'16'!M7+'17'!M7+'18'!M7+'19'!M7+'20'!M7+'21'!M7+'22'!M7+'23'!M7+'24'!M7+'25'!M7+'26'!M7+'27'!M7+'28'!M7+'29'!M7+'30'!M7+'31.'!M7 -> 0 | O7: 26.11 | P7: =+K7*O7 -> 0 | Q7: 3 | R7: =+'3'!N228 -> 3445 | S7: =+'3'!N233 -> 155 | T7: =+'3'!N231 -> 0 | U7: =+'3'!N229 -> 0 | V7: =+'3'!N232 -> 0 | W7: =+'3'!N230 -> 650 | X7: =+R7-S7-T7-U7-V7-W7 -> 2640 | Y7: =+'3'!N235 -> 2640 | Z7: =+Y7-X7 -> 0 | AA7: พฤหัสบดี | AB7: =+W7+Y7 -> 3290 | AC7: =+W7+Y7+Z7 -> 3290 | AD7: ตัดรับ - จ่ายแล้ว
A8: 4 | B8: 8857125003827 | C8: ชิฟฟ่อนเค้ก รสกาแฟ (8 ชิ้น) | D8: กล่อง | E8: =+ยกมา!J8 -> 0 | F8: =+'1'!F8+'2'!F8+'3'!F8+'4'!F8+'5'!F8+'6'!F8+'7'!F8+'8'!F8+'9'!F8+'10'!F8+'11'!F8+'12'!F8+'13'!F8+'14'!F8+'15'!F8+'16'!F8+'17'!F8+'18'!F8+'19'!F8+'20'!F8+'21'!F8+'22'!F8+'23'!F8+'24'!F8+'25'!F8+'26'!F8+'27'!F8+'28'!F8+'29'!F8+'30'!F8+'31.'!F8 -> 0 | G8: =+E8+F8 -> 0 | H8: =+'1'!H8+'2'!H8+'3'!H8+'4'!H8+'5'!H8+'6'!H8+'7'!H8+'8'!H8+'9'!H8+'10'!H8+'11'!H8+'12'!H8+'13'!H8+'14'!H8+'15'!H8+'16'!H8+'17'!H8+'18'!H8+'19'!H8+'20'!H8+'21'!H8+'22'!H8+'23'!H8+'24'!H8+'25'!H8+'26'!H8+'27'!H8+'28'!H8+'29'!H8+'30'!H8+'31.'!H8 -> 0 | I8: =+'1'!I8+'2'!I8+'3'!I8+'4'!I8+'5'!I8+'6'!I8+'7'!I8+'8'!I8+'9'!I8+'10'!I8+'11'!I8+'12'!I8+'13'!I8+'14'!I8+'15'!I8+'16'!I8+'17'!I8+'18'!I8+'19'!I8+'20'!I8+'21'!I8+'22'!I8+'23'!I8+'24'!I8+'25'!I8+'26'!I8+'27'!I8+'28'!I8+'29'!I8+'30'!I8+'31.'!I8 -> 0 | J8: =E8+F8-H8-K8-I8 -> 0 | K8: =+'1'!K8+'2'!K8+'3'!K8+'4'!K8+'5'!K8+'6'!K8+'7'!K8+'8'!K8+'9'!K8+'10'!K8+'11'!K8+'12'!K8+'13'!K8+'14'!K8+'15'!K8+'16'!K8+'17'!K8+'18'!K8+'19'!K8+'20'!K8+'21'!K8+'22'!K8+'23'!K8+'24'!K8+'25'!K8+'26'!K8+'27'!K8+'28'!K8+'29'!K8+'30'!K8+'31.'!K8 -> 0 | L8: 100 | M8: =+'1'!M8+'2'!M8+'3'!M8+'4'!M8+'5'!M8+'6'!M8+'7'!M8+'8'!M8+'9'!M8+'10'!M8+'11'!M8+'12'!M8+'13'!M8+'14'!M8+'15'!M8+'16'!M8+'17'!M8+'18'!M8+'19'!M8+'20'!M8+'21'!M8+'22'!M8+'23'!M8+'24'!M8+'25'!M8+'26'!M8+'27'!M8+'28'!M8+'29'!M8+'30'!M8+'31.'!M8 -> 0 | O8: 33.89 | P8: =+K8*O8 -> 0 | Q8: 4 | R8: =+'4'!N228 -> 8050 | S8: =+'4'!N233 -> 640 | T8: =+'4'!N231 -> 0 | U8: =+'4'!N229 -> 0 | V8: =+'4'!N232 -> 0 | W8: =+'4'!N230 -> 400 | X8: =+R8-S8-T8-U8-V8-W8 -> 7010 | Y8: =+'4'!N235 -> 7010 | Z8: =+Y8-X8 -> 0 | AA8: ศุกร์ | AB8: =+W8+Y8 -> 7410 | AC8: =+W8+Y8+Z8 -> 7410 | AD8: ตัดรับ - จ่ายแล้ว
A9: 5 | B9: 8857125002257 | C9: ชิฟฟ่อนเค้ก 1 ชิ้น | D9: ชิ้น | E9: =+ยกมา!J9 -> 0 | F9: =+'1'!F9+'2'!F9+'3'!F9+'4'!F9+'5'!F9+'6'!F9+'7'!F9+'8'!F9+'9'!F9+'10'!F9+'11'!F9+'12'!F9+'13'!F9+'14'!F9+'15'!F9+'16'!F9+'17'!F9+'18'!F9+'19'!F9+'20'!F9+'21'!F9+'22'!F9+'23'!F9+'24'!F9+'25'!F9+'26'!F9+'27'!F9+'28'!F9+'29'!F9+'30'!F9+'31.'!F9 -> 0 | G9: =+E9+F9 -> 0 | H9: =+'1'!H9+'2'!H9+'3'!H9+'4'!H9+'5'!H9+'6'!H9+'7'!H9+'8'!H9+'9'!H9+'10'!H9+'11'!H9+'12'!H9+'13'!H9+'14'!H9+'15'!H9+'16'!H9+'17'!H9+'18'!H9+'19'!H9+'20'!H9+'21'!H9+'22'!H9+'23'!H9+'24'!H9+'25'!H9+'26'!H9+'27'!H9+'28'!H9+'29'!H9+'30'!H9+'31.'!H9 -> 0 | I9: =+'1'!I9+'2'!I9+'3'!I9+'4'!I9+'5'!I9+'6'!I9+'7'!I9+'8'!I9+'9'!I9+'10'!I9+'11'!I9+'12'!I9+'13'!I9+'14'!I9+'15'!I9+'16'!I9+'17'!I9+'18'!I9+'19'!I9+'20'!I9+'21'!I9+'22'!I9+'23'!I9+'24'!I9+'25'!I9+'26'!I9+'27'!I9+'28'!I9+'29'!I9+'30'!I9+'31.'!I9 -> 0 | J9: =E9+F9-H9-K9-I9 -> 0 | K9: =+'1'!K9+'2'!K9+'3'!K9+'4'!K9+'5'!K9+'6'!K9+'7'!K9+'8'!K9+'9'!K9+'10'!K9+'11'!K9+'12'!K9+'13'!K9+'14'!K9+'15'!K9+'16'!K9+'17'!K9+'18'!K9+'19'!K9+'20'!K9+'21'!K9+'22'!K9+'23'!K9+'24'!K9+'25'!K9+'26'!K9+'27'!K9+'28'!K9+'29'!K9+'30'!K9+'31.'!K9 -> 0 | L9: 10 | M9: =+'1'!M9+'2'!M9+'3'!M9+'4'!M9+'5'!M9+'6'!M9+'7'!M9+'8'!M9+'9'!M9+'10'!M9+'11'!M9+'12'!M9+'13'!M9+'14'!M9+'15'!M9+'16'!M9+'17'!M9+'18'!M9+'19'!M9+'20'!M9+'21'!M9+'22'!M9+'23'!M9+'24'!M9+'25'!M9+'26'!M9+'27'!M9+'28'!M9+'29'!M9+'30'!M9+'31.'!M9 -> 0 | P9: =+K9*O9 -> 0 | Q9: 5 | R9: =+'5'!N228 -> 0 | S9: =+'5'!N233 -> 0 | T9: =+'5'!N231 -> 0 | U9: =+'5'!N229 -> 0 | V9: =+'5'!N232 -> 0 | W9: =+'5'!N230 -> 0 | X9: =+R9-S9-T9-U9-V9-W9 -> 0 | Y9: =+'5'!N235 -> 0 | Z9: =+Y9-X9 -> 0 | AA9: เสาร์ | AB9: =+W9+Y9 -> 0 | AC9: =+W9+Y9+Z9 -> 0 | AD9: ตัดรับ - จ่ายแล้ว
A10: 6 | B10: 8857125002264 | C10: ชิฟฟ่อนเค้กสอดไส้แยม 1 ชิ้น | D10: ชิ้น | E10: =+ยกมา!J10 -> 0 | F10: =+'1'!F10+'2'!F10+'3'!F10+'4'!F10+'5'!F10+'6'!F10+'7'!F10+'8'!F10+'9'!F10+'10'!F10+'11'!F10+'12'!F10+'13'!F10+'14'!F10+'15'!F10+'16'!F10+'17'!F10+'18'!F10+'19'!F10+'20'!F10+'21'!F10+'22'!F10+'23'!F10+'24'!F10+'25'!F10+'26'!F10+'27'!F10+'28'!F10+'29'!F10+'30'!F10+'31.'!F10 -> 0 | G10: =+E10+F10 -> 0 | H10: =+'1'!H10+'2'!H10+'3'!H10+'4'!H10+'5'!H10+'6'!H10+'7'!H10+'8'!H10+'9'!H10+'10'!H10+'11'!H10+'12'!H10+'13'!H10+'14'!H10+'15'!H10+'16'!H10+'17'!H10+'18'!H10+'19'!H10+'20'!H10+'21'!H10+'22'!H10+'23'!H10+'24'!H10+'25'!H10+'26'!H10+'27'!H10+'28'!H10+'29'!H10+'30'!H10+'31.'!H10 -> 0 | I10: =+'1'!I10+'2'!I10+'3'!I10+'4'!I10+'5'!I10+'6'!I10+'7'!I10+'8'!I10+'9'!I10+'10'!I10+'11'!I10+'12'!I10+'13'!I10+'14'!I10+'15'!I10+'16'!I10+'17'!I10+'18'!I10+'19'!I10+'20'!I10+'21'!I10+'22'!I10+'23'!I10+'24'!I10+'25'!I10+'26'!I10+'27'!I10+'28'!I10+'29'!I10+'30'!I10+'31.'!I10 -> 0 | J10: =E10+F10-H10-K10-I10 -> 0 | K10: =+'1'!K10+'2'!K10+'3'!K10+'4'!K10+'5'!K10+'6'!K10+'7'!K10+'8'!K10+'9'!K10+'10'!K10+'11'!K10+'12'!K10+'13'!K10+'14'!K10+'15'!K10+'16'!K10+'17'!K10+'18'!K10+'19'!K10+'20'!K10+'21'!K10+'22'!K10+'23'!K10+'24'!K10+'25'!K10+'26'!K10+'27'!K10+'28'!K10+'29'!K10+'30'!K10+'31.'!K10 -> 0 | L10: 15 | M10: =+'1'!M10+'2'!M10+'3'!M10+'4'!M10+'5'!M10+'6'!M10+'7'!M10+'8'!M10+'9'!M10+'10'!M10+'11'!M10+'12'!M10+'13'!M10+'14'!M10+'15'!M10+'16'!M10+'17'!M10+'18'!M10+'19'!M10+'20'!M10+'21'!M10+'22'!M10+'23'!M10+'24'!M10+'25'!M10+'26'!M10+'27'!M10+'28'!M10+'29'!M10+'30'!M10+'31.'!M10 -> 0 | P10: =+K10*O10 -> 0 | Q10: 6 | R10: =+'6'!N228 -> 5240 | S10: =+'6'!N233 -> 210 | T10: =+'6'!N231 -> 0 | U10: =+'6'!N229 -> 0 | V10: =+'6'!N232 -> 0 | W10: =+'6'!N230 -> 900 | X10: =+R10-S10-T10-U10-V10-W10 -> 4130 | Y10: =+'6'!N235 -> 4130 | Z10: =+Y10-X10 -> 0 | AA10: อาทิตย์ | AB10: =+W10+Y10 -> 5030 | AC10: =+W10+Y10+Z10 -> 5030 | AD10: ตัดรับ - จ่ายแล้ว
A11: 7 | B11: 8857125001830 | C11: ชิฟฟ่อนเค้กสอดไส้ รวมรส (3 ชิ้น) | D11: กล่อง | E11: =+ยกมา!J11 -> 10 | F11: =+'1'!F11+'2'!F11+'3'!F11+'4'!F11+'5'!F11+'6'!F11+'7'!F11+'8'!F11+'9'!F11+'10'!F11+'11'!F11+'12'!F11+'13'!F11+'14'!F11+'15'!F11+'16'!F11+'17'!F11+'18'!F11+'19'!F11+'20'!F11+'21'!F11+'22'!F11+'23'!F11+'24'!F11+'25'!F11+'26'!F11+'27'!F11+'28'!F11+'29'!F11+'30'!F11+'31.'!F11 -> 90 | G11: =+E11+F11 -> 100 | H11: =+'1'!H11+'2'!H11+'3'!H11+'4'!H11+'5'!H11+'6'!H11+'7'!H11+'8'!H11+'9'!H11+'10'!H11+'11'!H11+'12'!H11+'13'!H11+'14'!H11+'15'!H11+'16'!H11+'17'!H11+'18'!H11+'19'!H11+'20'!H11+'21'!H11+'22'!H11+'23'!H11+'24'!H11+'25'!H11+'26'!H11+'27'!H11+'28'!H11+'29'!H11+'30'!H11+'31.'!H11 -> 0 | I11: =+'1'!I11+'2'!I11+'3'!I11+'4'!I11+'5'!I11+'6'!I11+'7'!I11+'8'!I11+'9'!I11+'10'!I11+'11'!I11+'12'!I11+'13'!I11+'14'!I11+'15'!I11+'16'!I11+'17'!I11+'18'!I11+'19'!I11+'20'!I11+'21'!I11+'22'!I11+'23'!I11+'24'!I11+'25'!I11+'26'!I11+'27'!I11+'28'!I11+'29'!I11+'30'!I11+'31.'!I11 -> 0 | J11: =E11+F11-H11-K11-I11 -> 11 | K11: =+'1'!K11+'2'!K11+'3'!K11+'4'!K11+'5'!K11+'6'!K11+'7'!K11+'8'!K11+'9'!K11+'10'!K11+'11'!K11+'12'!K11+'13'!K11+'14'!K11+'15'!K11+'16'!K11+'17'!K11+'18'!K11+'19'!K11+'20'!K11+'21'!K11+'22'!K11+'23'!K11+'24'!K11+'25'!K11+'26'!K11+'27'!K11+'28'!K11+'29'!K11+'30'!K11+'31.'!K11 -> 89 | L11: 50 | M11: =+'1'!M11+'2'!M11+'3'!M11+'4'!M11+'5'!M11+'6'!M11+'7'!M11+'8'!M11+'9'!M11+'10'!M11+'11'!M11+'12'!M11+'13'!M11+'14'!M11+'15'!M11+'16'!M11+'17'!M11+'18'!M11+'19'!M11+'20'!M11+'21'!M11+'22'!M11+'23'!M11+'24'!M11+'25'!M11+'26'!M11+'27'!M11+'28'!M11+'29'!M11+'30'!M11+'31.'!M11 -> 4450 | O11: 16.94 | P11: =+K11*O11 -> 1507.66 | Q11: 7 | R11: =+'7'!N228 -> 3690 | S11: =+'7'!N233 -> 270 | T11: =+'7'!N231 -> 0 | U11: =+'7'!N229 -> 0 | V11: =+'7'!N232 -> 0 | W11: =+'7'!N230 -> 0 | X11: =+R11-S11-T11-U11-V11-W11 -> 3420 | Y11: =+'7'!N235 -> 3420 | Z11: =+Y11-X11 -> 0 | AA11: จันทร์ | AB11: =+W11+Y11 -> 3420 | AC11: =+W11+Y11+Z11 -> 3420 | AD11: ตัดรับ - จ่ายแล้ว
A12: 8 | B12: 1112539 | C12: ชิฟฟ่อนเค้กสอดไส้ เมล่อน (3 ชิ้น) | D12: กล่อง | E12: =+ยกมา!J12 -> 0 | F12: =+'1'!F12+'2'!F12+'3'!F12+'4'!F12+'5'!F12+'6'!F12+'7'!F12+'8'!F12+'9'!F12+'10'!F12+'11'!F12+'12'!F12+'13'!F12+'14'!F12+'15'!F12+'16'!F12+'17'!F12+'18'!F12+'19'!F12+'20'!F12+'21'!F12+'22'!F12+'23'!F12+'24'!F12+'25'!F12+'26'!F12+'27'!F12+'28'!F12+'29'!F12+'30'!F12+'31.'!F12 -> 0 | G12: =+E12+F12 -> 0 | H12: =+'1'!H12+'2'!H12+'3'!H12+'4'!H12+'5'!H12+'6'!H12+'7'!H12+'8'!H12+'9'!H12+'10'!H12+'11'!H12+'12'!H12+'13'!H12+'14'!H12+'15'!H12+'16'!H12+'17'!H12+'18'!H12+'19'!H12+'20'!H12+'21'!H12+'22'!H12+'23'!H12+'24'!H12+'25'!H12+'26'!H12+'27'!H12+'28'!H12+'29'!H12+'30'!H12+'31.'!H12 -> 0 | I12: =+'1'!I12+'2'!I12+'3'!I12+'4'!I12+'5'!I12+'6'!I12+'7'!I12+'8'!I12+'9'!I12+'10'!I12+'11'!I12+'12'!I12+'13'!I12+'14'!I12+'15'!I12+'16'!I12+'17'!I12+'18'!I12+'19'!I12+'20'!I12+'21'!I12+'22'!I12+'23'!I12+'24'!I12+'25'!I12+'26'!I12+'27'!I12+'28'!I12+'29'!I12+'30'!I12+'31.'!I12 -> 0 | J12: =E12+F12-H12-K12-I12 -> 0 | K12: =+'1'!K12+'2'!K12+'3'!K12+'4'!K12+'5'!K12+'6'!K12+'7'!K12+'8'!K12+'9'!K12+'10'!K12+'11'!K12+'12'!K12+'13'!K12+'14'!K12+'15'!K12+'16'!K12+'17'!K12+'18'!K12+'19'!K12+'20'!K12+'21'!K12+'22'!K12+'23'!K12+'24'!K12+'25'!K12+'26'!K12+'27'!K12+'28'!K12+'29'!K12+'30'!K12+'31.'!K12 -> 0 | L12: 50 | M12: =+'1'!M12+'2'!M12+'3'!M12+'4'!M12+'5'!M12+'6'!M12+'7'!M12+'8'!M12+'9'!M12+'10'!M12+'11'!M12+'12'!M12+'13'!M12+'14'!M12+'15'!M12+'16'!M12+'17'!M12+'18'!M12+'19'!M12+'20'!M12+'21'!M12+'22'!M12+'23'!M12+'24'!M12+'25'!M12+'26'!M12+'27'!M12+'28'!M12+'29'!M12+'30'!M12+'31.'!M12 -> 0 | P12: =+K12*O12 -> 0 | Q12: 8 | R12: =+'8'!N228 -> 2845 | S12: =+'8'!N233 -> 80 | T12: =+'8'!N231 -> 0 | U12: =+'8'!N229 -> 0 | V12: =+'8'!N232 -> 0 | W12: =+'8'!N230 -> 100 | X12: =+R12-S12-T12-U12-V12-W12 -> 2665 | Y12: =+'8'!N235 -> 2665 | Z12: =+Y12-X12 -> 0 | AA12: อังคาร | AB12: =+W12+Y12 -> 2765 | AC12: =+W12+Y12+Z12 -> 2765 | AD12: ตัดรับ - จ่ายแล้ว
A13: 9 | B13: 8857125000055 | C13: ชิฟฟ่อนเค้กสอดไส้แยม รสบลูเบอร์รี่ (3 ชิ้น) | D13: กล่อง | E13: =+ยกมา!J13 -> 0 | F13: =+'1'!F13+'2'!F13+'3'!F13+'4'!F13+'5'!F13+'6'!F13+'7'!F13+'8'!F13+'9'!F13+'10'!F13+'11'!F13+'12'!F13+'13'!F13+'14'!F13+'15'!F13+'16'!F13+'17'!F13+'18'!F13+'19'!F13+'20'!F13+'21'!F13+'22'!F13+'23'!F13+'24'!F13+'25'!F13+'26'!F13+'27'!F13+'28'!F13+'29'!F13+'30'!F13+'31.'!F13 -> 0 | G13: =+E13+F13 -> 0 | H13: =+'1'!H13+'2'!H13+'3'!H13+'4'!H13+'5'!H13+'6'!H13+'7'!H13+'8'!H13+'9'!H13+'10'!H13+'11'!H13+'12'!H13+'13'!H13+'14'!H13+'15'!H13+'16'!H13+'17'!H13+'18'!H13+'19'!H13+'20'!H13+'21'!H13+'22'!H13+'23'!H13+'24'!H13+'25'!H13+'26'!H13+'27'!H13+'28'!H13+'29'!H13+'30'!H13+'31.'!H13 -> 0 | I13: =+'1'!I13+'2'!I13+'3'!I13+'4'!I13+'5'!I13+'6'!I13+'7'!I13+'8'!I13+'9'!I13+'10'!I13+'11'!I13+'12'!I13+'13'!I13+'14'!I13+'15'!I13+'16'!I13+'17'!I13+'18'!I13+'19'!I13+'20'!I13+'21'!I13+'22'!I13+'23'!I13+'24'!I13+'25'!I13+'26'!I13+'27'!I13+'28'!I13+'29'!I13+'30'!I13+'31.'!I13 -> 0 | J13: =E13+F13-H13-K13-I13 -> 0 | K13: =+'1'!K13+'2'!K13+'3'!K13+'4'!K13+'5'!K13+'6'!K13+'7'!K13+'8'!K13+'9'!K13+'10'!K13+'11'!K13+'12'!K13+'13'!K13+'14'!K13+'15'!K13+'16'!K13+'17'!K13+'18'!K13+'19'!K13+'20'!K13+'21'!K13+'22'!K13+'23'!K13+'24'!K13+'25'!K13+'26'!K13+'27'!K13+'28'!K13+'29'!K13+'30'!K13+'31.'!K13 -> 0 | L13: 50 | M13: =+'1'!M13+'2'!M13+'3'!M13+'4'!M13+'5'!M13+'6'!M13+'7'!M13+'8'!M13+'9'!M13+'10'!M13+'11'!M13+'12'!M13+'13'!M13+'14'!M13+'15'!M13+'16'!M13+'17'!M13+'18'!M13+'19'!M13+'20'!M13+'21'!M13+'22'!M13+'23'!M13+'24'!M13+'25'!M13+'26'!M13+'27'!M13+'28'!M13+'29'!M13+'30'!M13+'31.'!M13 -> 0 | O13: 17.32 | P13: =+K13*O13 -> 0 | Q13: 9 | R13: =+'9'!N228 -> 3365 | S13: =+'9'!N233 -> 285 | T13: =+'9'!N231 -> 0 | U13: =+'9'!N229 -> 0 | V13: =+'9'!N232 -> 0 | W13: =+'9'!N230 -> 615 | X13: =+R13-S13-T13-U13-V13-W13 -> 2465 | Y13: =+'9'!N235 -> 2465 | Z13: =+Y13-X13 -> 0 | AA13: พุธ | AB13: =+W13+Y13 -> 3080 | AC13: =+W13+Y13+Z13 -> 3080 | AD13: ตัดรับ - จ่ายแล้ว
A14: 10 | B14: 8857125000987 | C14: ชิฟฟ่อนเค้กสอดไส้แยม รสส้ม (3 ชิ้น) | D14: กล่อง | E14: =+ยกมา!J14 -> 1 | F14: =+'1'!F14+'2'!F14+'3'!F14+'4'!F14+'5'!F14+'6'!F14+'7'!F14+'8'!F14+'9'!F14+'10'!F14+'11'!F14+'12'!F14+'13'!F14+'14'!F14+'15'!F14+'16'!F14+'17'!F14+'18'!F14+'19'!F14+'20'!F14+'21'!F14+'22'!F14+'23'!F14+'24'!F14+'25'!F14+'26'!F14+'27'!F14+'28'!F14+'29'!F14+'30'!F14+'31.'!F14 -> 22 | G14: =+E14+F14 -> 23 | H14: =+'1'!H14+'2'!H14+'3'!H14+'4'!H14+'5'!H14+'6'!H14+'7'!H14+'8'!H14+'9'!H14+'10'!H14+'11'!H14+'12'!H14+'13'!H14+'14'!H14+'15'!H14+'16'!H14+'17'!H14+'18'!H14+'19'!H14+'20'!H14+'21'!H14+'22'!H14+'23'!H14+'24'!H14+'25'!H14+'26'!H14+'27'!H14+'28'!H14+'29'!H14+'30'!H14+'31.'!H14 -> 0 | I14: =+'1'!I14+'2'!I14+'3'!I14+'4'!I14+'5'!I14+'6'!I14+'7'!I14+'8'!I14+'9'!I14+'10'!I14+'11'!I14+'12'!I14+'13'!I14+'14'!I14+'15'!I14+'16'!I14+'17'!I14+'18'!I14+'19'!I14+'20'!I14+'21'!I14+'22'!I14+'23'!I14+'24'!I14+'25'!I14+'26'!I14+'27'!I14+'28'!I14+'29'!I14+'30'!I14+'31.'!I14 -> 0 | J14: =E14+F14-H14-K14-I14 -> 3 | K14: =+'1'!K14+'2'!K14+'3'!K14+'4'!K14+'5'!K14+'6'!K14+'7'!K14+'8'!K14+'9'!K14+'10'!K14+'11'!K14+'12'!K14+'13'!K14+'14'!K14+'15'!K14+'16'!K14+'17'!K14+'18'!K14+'19'!K14+'20'!K14+'21'!K14+'22'!K14+'23'!K14+'24'!K14+'25'!K14+'26'!K14+'27'!K14+'28'!K14+'29'!K14+'30'!K14+'31.'!K14 -> 20 | L14: 50 | M14: =+'1'!M14+'2'!M14+'3'!M14+'4'!M14+'5'!M14+'6'!M14+'7'!M14+'8'!M14+'9'!M14+'10'!M14+'11'!M14+'12'!M14+'13'!M14+'14'!M14+'15'!M14+'16'!M14+'17'!M14+'18'!M14+'19'!M14+'20'!M14+'21'!M14+'22'!M14+'23'!M14+'24'!M14+'25'!M14+'26'!M14+'27'!M14+'28'!M14+'29'!M14+'30'!M14+'31.'!M14 -> 1000 | O14: 21.22 | P14: =+K14*O14 -> 424.4 | Q14: 10 | R14: =+'10'!N228 -> 3410 | S14: =+'10'!N233 -> 155 | T14: =+'10'!N231 -> 0 | U14: =+'10'!N229 -> 0 | V14: =+'10'!N232 -> 0 | W14: =+'10'!N230 -> 665 | X14: =+R14-S14-T14-U14-V14-W14 -> 2590 | Y14: =+'10'!N235 -> 2590 | Z14: =+Y14-X14 -> 0 | AA14: พฤหัสบดี | AB14: =+W14+Y14 -> 3255 | AC14: =+W14+Y14+Z14 -> 3255 | AD14: ตัดรับ - จ่ายแล้ว
A15: 11 | B15: 8857125000246 | C15: ชิฟฟ่อนเค้กหน้าฝอยทอง สอดไส้แยมส้ม (3 ชิ้น) | D15: กล่อง | E15: =+ยกมา!J15 -> 1 | F15: =+'1'!F15+'2'!F15+'3'!F15+'4'!F15+'5'!F15+'6'!F15+'7'!F15+'8'!F15+'9'!F15+'10'!F15+'11'!F15+'12'!F15+'13'!F15+'14'!F15+'15'!F15+'16'!F15+'17'!F15+'18'!F15+'19'!F15+'20'!F15+'21'!F15+'22'!F15+'23'!F15+'24'!F15+'25'!F15+'26'!F15+'27'!F15+'28'!F15+'29'!F15+'30'!F15+'31.'!F15 -> 21 | G15: =+E15+F15 -> 22 | H15: =+'1'!H15+'2'!H15+'3'!H15+'4'!H15+'5'!H15+'6'!H15+'7'!H15+'8'!H15+'9'!H15+'10'!H15+'11'!H15+'12'!H15+'13'!H15+'14'!H15+'15'!H15+'16'!H15+'17'!H15+'18'!H15+'19'!H15+'20'!H15+'21'!H15+'22'!H15+'23'!H15+'24'!H15+'25'!H15+'26'!H15+'27'!H15+'28'!H15+'29'!H15+'30'!H15+'31.'!H15 -> 0 | I15: =+'1'!I15+'2'!I15+'3'!I15+'4'!I15+'5'!I15+'6'!I15+'7'!I15+'8'!I15+'9'!I15+'10'!I15+'11'!I15+'12'!I15+'13'!I15+'14'!I15+'15'!I15+'16'!I15+'17'!I15+'18'!I15+'19'!I15+'20'!I15+'21'!I15+'22'!I15+'23'!I15+'24'!I15+'25'!I15+'26'!I15+'27'!I15+'28'!I15+'29'!I15+'30'!I15+'31.'!I15 -> 0 | J15: =E15+F15-H15-K15-I15 -> 2 | K15: =+'1'!K15+'2'!K15+'3'!K15+'4'!K15+'5'!K15+'6'!K15+'7'!K15+'8'!K15+'9'!K15+'10'!K15+'11'!K15+'12'!K15+'13'!K15+'14'!K15+'15'!K15+'16'!K15+'17'!K15+'18'!K15+'19'!K15+'20'!K15+'21'!K15+'22'!K15+'23'!K15+'24'!K15+'25'!K15+'26'!K15+'27'!K15+'28'!K15+'29'!K15+'30'!K15+'31.'!K15 -> 20 | L15: 50 | M15: =+'1'!M15+'2'!M15+'3'!M15+'4'!M15+'5'!M15+'6'!M15+'7'!M15+'8'!M15+'9'!M15+'10'!M15+'11'!M15+'12'!M15+'13'!M15+'14'!M15+'15'!M15+'16'!M15+'17'!M15+'18'!M15+'19'!M15+'20'!M15+'21'!M15+'22'!M15+'23'!M15+'24'!M15+'25'!M15+'26'!M15+'27'!M15+'28'!M15+'29'!M15+'30'!M15+'31.'!M15 -> 1000 | O15: 24.37 | P15: =+K15*O15 -> 487.4 | Q15: 11 | R15: =+'11'!N228 -> 3365 | S15: =+'11'!N233 -> 155 | T15: =+'11'!N231 -> 0 | U15: =+'11'!N229 -> 0 | V15: =+'11'!N232 -> 0 | W15: =+'11'!N230 -> 700 | X15: =+R15-S15-T15-U15-V15-W15 -> 2510 | Y15: =+'11'!N235 -> 2510 | Z15: =+Y15-X15 -> 0 | AA15: ศุกร์ | AB15: =+W15+Y15 -> 3210 | AC15: =+W15+Y15+Z15 -> 3210 | AD15: ตัดรับ - จ่ายแล้ว
A16: 12 | C16: ชิฟฟ่อนเค้กหน้าฝอยทองทูโทน สอดไส้แยมส้ม (3 ชิ้น) | D16: กล่อง | E16: =+ยกมา!J16 -> 0 | F16: =+'1'!F16+'2'!F16+'3'!F16+'4'!F16+'5'!F16+'6'!F16+'7'!F16+'8'!F16+'9'!F16+'10'!F16+'11'!F16+'12'!F16+'13'!F16+'14'!F16+'15'!F16+'16'!F16+'17'!F16+'18'!F16+'19'!F16+'20'!F16+'21'!F16+'22'!F16+'23'!F16+'24'!F16+'25'!F16+'26'!F16+'27'!F16+'28'!F16+'29'!F16+'30'!F16+'31.'!F16 -> 0 | G16: =+E16+F16 -> 0 | H16: =+'1'!H16+'2'!H16+'3'!H16+'4'!H16+'5'!H16+'6'!H16+'7'!H16+'8'!H16+'9'!H16+'10'!H16+'11'!H16+'12'!H16+'13'!H16+'14'!H16+'15'!H16+'16'!H16+'17'!H16+'18'!H16+'19'!H16+'20'!H16+'21'!H16+'22'!H16+'23'!H16+'24'!H16+'25'!H16+'26'!H16+'27'!H16+'28'!H16+'29'!H16+'30'!H16+'31.'!H16 -> 0 | I16: =+'1'!I16+'2'!I16+'3'!I16+'4'!I16+'5'!I16+'6'!I16+'7'!I16+'8'!I16+'9'!I16+'10'!I16+'11'!I16+'12'!I16+'13'!I16+'14'!I16+'15'!I16+'16'!I16+'17'!I16+'18'!I16+'19'!I16+'20'!I16+'21'!I16+'22'!I16+'23'!I16+'24'!I16+'25'!I16+'26'!I16+'27'!I16+'28'!I16+'29'!I16+'30'!I16+'31.'!I16 -> 0 | J16: =E16+F16-H16-K16-I16 -> 0 | K16: =+'1'!K16+'2'!K16+'3'!K16+'4'!K16+'5'!K16+'6'!K16+'7'!K16+'8'!K16+'9'!K16+'10'!K16+'11'!K16+'12'!K16+'13'!K16+'14'!K16+'15'!K16+'16'!K16+'17'!K16+'18'!K16+'19'!K16+'20'!K16+'21'!K16+'22'!K16+'23'!K16+'24'!K16+'25'!K16+'26'!K16+'27'!K16+'28'!K16+'29'!K16+'30'!K16+'31.'!K16 -> 0 | L16: 50 | M16: =+'1'!M16+'2'!M16+'3'!M16+'4'!M16+'5'!M16+'6'!M16+'7'!M16+'8'!M16+'9'!M16+'10'!M16+'11'!M16+'12'!M16+'13'!M16+'14'!M16+'15'!M16+'16'!M16+'17'!M16+'18'!M16+'19'!M16+'20'!M16+'21'!M16+'22'!M16+'23'!M16+'24'!M16+'25'!M16+'26'!M16+'27'!M16+'28'!M16+'29'!M16+'30'!M16+'31.'!M16 -> 0 | P16: =+K16*O16 -> 0 | Q16: 12 | R16: =+'12'!N228 -> 4245 | S16: =+'12'!N233 -> 215 | T16: =+'12'!N231 -> 0 | U16: =+'12'!N229 -> 0 | V16: =+'12'!N232 -> 0 | W16: =+'12'!N230 -> 420 | X16: =+R16-S16-T16-U16-V16-W16 -> 3610 | Y16: =+'12'!N235 -> 3610 | Z16: =+Y16-X16 -> 0 | AA16: เสาร์ | AB16: =+W16+Y16 -> 4030 | AC16: =+W16+Y16+Z16 -> 4030 | AD16: ตัดรับ - จ่ายแล้ว
A17: 13 | B17: 8857125000024 | C17: ชิฟฟ่อนเค้กสอดไส้แยม รสสตรอว์เบอรี่ (3 ชิ้น) | D17: กล่อง | E17: =+ยกมา!J17 -> 0 | F17: =+'1'!F17+'2'!F17+'3'!F17+'4'!F17+'5'!F17+'6'!F17+'7'!F17+'8'!F17+'9'!F17+'10'!F17+'11'!F17+'12'!F17+'13'!F17+'14'!F17+'15'!F17+'16'!F17+'17'!F17+'18'!F17+'19'!F17+'20'!F17+'21'!F17+'22'!F17+'23'!F17+'24'!F17+'25'!F17+'26'!F17+'27'!F17+'28'!F17+'29'!F17+'30'!F17+'31.'!F17 -> 0 | G17: =+E17+F17 -> 0 | H17: =+'1'!H17+'2'!H17+'3'!H17+'4'!H17+'5'!H17+'6'!H17+'7'!H17+'8'!H17+'9'!H17+'10'!H17+'11'!H17+'12'!H17+'13'!H17+'14'!H17+'15'!H17+'16'!H17+'17'!H17+'18'!H17+'19'!H17+'20'!H17+'21'!H17+'22'!H17+'23'!H17+'24'!H17+'25'!H17+'26'!H17+'27'!H17+'28'!H17+'29'!H17+'30'!H17+'31.'!H17 -> 0 | I17: =+'1'!I17+'2'!I17+'3'!I17+'4'!I17+'5'!I17+'6'!I17+'7'!I17+'8'!I17+'9'!I17+'10'!I17+'11'!I17+'12'!I17+'13'!I17+'14'!I17+'15'!I17+'16'!I17+'17'!I17+'18'!I17+'19'!I17+'20'!I17+'21'!I17+'22'!I17+'23'!I17+'24'!I17+'25'!I17+'26'!I17+'27'!I17+'28'!I17+'29'!I17+'30'!I17+'31.'!I17 -> 0 | J17: =E17+F17-H17-K17-I17 -> 0 | K17: =+'1'!K17+'2'!K17+'3'!K17+'4'!K17+'5'!K17+'6'!K17+'7'!K17+'8'!K17+'9'!K17+'10'!K17+'11'!K17+'12'!K17+'13'!K17+'14'!K17+'15'!K17+'16'!K17+'17'!K17+'18'!K17+'19'!K17+'20'!K17+'21'!K17+'22'!K17+'23'!K17+'24'!K17+'25'!K17+'26'!K17+'27'!K17+'28'!K17+'29'!K17+'30'!K17+'31.'!K17 -> 0 | L17: 50 | M17: =+'1'!M17+'2'!M17+'3'!M17+'4'!M17+'5'!M17+'6'!M17+'7'!M17+'8'!M17+'9'!M17+'10'!M17+'11'!M17+'12'!M17+'13'!M17+'14'!M17+'15'!M17+'16'!M17+'17'!M17+'18'!M17+'19'!M17+'20'!M17+'21'!M17+'22'!M17+'23'!M17+'24'!M17+'25'!M17+'26'!M17+'27'!M17+'28'!M17+'29'!M17+'30'!M17+'31.'!M17 -> 0 | O17: 15.05 | P17: =+K17*O17 -> 0 | Q17: 13 | R17: =+'13'!N228 -> 6750 | S17: =+'13'!N233 -> 250 | T17: =+'13'!N231 -> 0 | U17: =+'13'!N229 -> 0 | V17: =+'13'!N232 -> 0 | W17: =+'13'!N230 -> 590 | X17: =+R17-S17-T17-U17-V17-W17 -> 5910 | Y17: =+'13'!N235 -> 5910 | Z17: =+Y17-X17 -> 0 | AA17: อาทิตย์ | AB17: =+W17+Y17 -> 6500 | AC17: =+W17+Y17+Z17 -> 6500 | AD17: ตัดรับ - จ่ายแล้ว
A18: 14 | B18: 8857125000086 | C18: ชิฟฟ่อนเค้กสอดไส้ เนยมะพร้าว (3 ชิ้น) | D18: กล่อง | E18: =+ยกมา!J18 -> 1 | F18: =+'1'!F18+'2'!F18+'3'!F18+'4'!F18+'5'!F18+'6'!F18+'7'!F18+'8'!F18+'9'!F18+'10'!F18+'11'!F18+'12'!F18+'13'!F18+'14'!F18+'15'!F18+'16'!F18+'17'!F18+'18'!F18+'19'!F18+'20'!F18+'21'!F18+'22'!F18+'23'!F18+'24'!F18+'25'!F18+'26'!F18+'27'!F18+'28'!F18+'29'!F18+'30'!F18+'31.'!F18 -> 62 | G18: =+E18+F18 -> 63 | H18: =+'1'!H18+'2'!H18+'3'!H18+'4'!H18+'5'!H18+'6'!H18+'7'!H18+'8'!H18+'9'!H18+'10'!H18+'11'!H18+'12'!H18+'13'!H18+'14'!H18+'15'!H18+'16'!H18+'17'!H18+'18'!H18+'19'!H18+'20'!H18+'21'!H18+'22'!H18+'23'!H18+'24'!H18+'25'!H18+'26'!H18+'27'!H18+'28'!H18+'29'!H18+'30'!H18+'31.'!H18 -> 0 | I18: =+'1'!I18+'2'!I18+'3'!I18+'4'!I18+'5'!I18+'6'!I18+'7'!I18+'8'!I18+'9'!I18+'10'!I18+'11'!I18+'12'!I18+'13'!I18+'14'!I18+'15'!I18+'16'!I18+'17'!I18+'18'!I18+'19'!I18+'20'!I18+'21'!I18+'22'!I18+'23'!I18+'24'!I18+'25'!I18+'26'!I18+'27'!I18+'28'!I18+'29'!I18+'30'!I18+'31.'!I18 -> 2 | J18: =E18+F18-H18-K18-I18 -> 4 | K18: =+'1'!K18+'2'!K18+'3'!K18+'4'!K18+'5'!K18+'6'!K18+'7'!K18+'8'!K18+'9'!K18+'10'!K18+'11'!K18+'12'!K18+'13'!K18+'14'!K18+'15'!K18+'16'!K18+'17'!K18+'18'!K18+'19'!K18+'20'!K18+'21'!K18+'22'!K18+'23'!K18+'24'!K18+'25'!K18+'26'!K18+'27'!K18+'28'!K18+'29'!K18+'30'!K18+'31.'!K18 -> 57 | L18: 50 | M18: =+'1'!M18+'2'!M18+'3'!M18+'4'!M18+'5'!M18+'6'!M18+'7'!M18+'8'!M18+'9'!M18+'10'!M18+'11'!M18+'12'!M18+'13'!M18+'14'!M18+'15'!M18+'16'!M18+'17'!M18+'18'!M18+'19'!M18+'20'!M18+'21'!M18+'22'!M18+'23'!M18+'24'!M18+'25'!M18+'26'!M18+'27'!M18+'28'!M18+'29'!M18+'30'!M18+'31.'!M18 -> 2850 | O18: 18.77 | P18: =+K18*O18 -> 1069.89 | Q18: 14 | R18: =+'14'!N228 -> 13240 | S18: =+'14'!N233 -> 500 | T18: =+'14'!N231 -> 0 | U18: =+'14'!N229 -> 0 | V18: =+'14'!N232 -> 0 | W18: =+'14'!N230 -> 1440 | X18: =+R18-S18-T18-U18-V18-W18 -> 11300 | Y18: =+'14'!N235 -> 11300 | Z18: =+Y18-X18 -> 0 | AA18: จันทร์ | AB18: =+W18+Y18 -> 12740 | AC18: =+W18+Y18+Z18 -> 12740 | AD18: ตัดรับ - จ่ายแล้ว
A19: 15 | B19: 8857125000239 | C19: ชิฟฟ่อนเค้กสอดไส้ นมชมพูฮอกไกโด (3 ชิ้น) | D19: กล่อง | E19: =+ยกมา!J19 -> 0 | F19: =+'1'!F19+'2'!F19+'3'!F19+'4'!F19+'5'!F19+'6'!F19+'7'!F19+'8'!F19+'9'!F19+'10'!F19+'11'!F19+'12'!F19+'13'!F19+'14'!F19+'15'!F19+'16'!F19+'17'!F19+'18'!F19+'19'!F19+'20'!F19+'21'!F19+'22'!F19+'23'!F19+'24'!F19+'25'!F19+'26'!F19+'27'!F19+'28'!F19+'29'!F19+'30'!F19+'31.'!F19 -> 0 | G19: =+E19+F19 -> 0 | H19: =+'1'!H19+'2'!H19+'3'!H19+'4'!H19+'5'!H19+'6'!H19+'7'!H19+'8'!H19+'9'!H19+'10'!H19+'11'!H19+'12'!H19+'13'!H19+'14'!H19+'15'!H19+'16'!H19+'17'!H19+'18'!H19+'19'!H19+'20'!H19+'21'!H19+'22'!H19+'23'!H19+'24'!H19+'25'!H19+'26'!H19+'27'!H19+'28'!H19+'29'!H19+'30'!H19+'31.'!H19 -> 0 | I19: =+'1'!I19+'2'!I19+'3'!I19+'4'!I19+'5'!I19+'6'!I19+'7'!I19+'8'!I19+'9'!I19+'10'!I19+'11'!I19+'12'!I19+'13'!I19+'14'!I19+'15'!I19+'16'!I19+'17'!I19+'18'!I19+'19'!I19+'20'!I19+'21'!I19+'22'!I19+'23'!I19+'24'!I19+'25'!I19+'26'!I19+'27'!I19+'28'!I19+'29'!I19+'30'!I19+'31.'!I19 -> 0 | J19: =E19+F19-H19-K19-I19 -> 0 | K19: =+'1'!K19+'2'!K19+'3'!K19+'4'!K19+'5'!K19+'6'!K19+'7'!K19+'8'!K19+'9'!K19+'10'!K19+'11'!K19+'12'!K19+'13'!K19+'14'!K19+'15'!K19+'16'!K19+'17'!K19+'18'!K19+'19'!K19+'20'!K19+'21'!K19+'22'!K19+'23'!K19+'24'!K19+'25'!K19+'26'!K19+'27'!K19+'28'!K19+'29'!K19+'30'!K19+'31.'!K19 -> 0 | L19: 50 | M19: =+'1'!M19+'2'!M19+'3'!M19+'4'!M19+'5'!M19+'6'!M19+'7'!M19+'8'!M19+'9'!M19+'10'!M19+'11'!M19+'12'!M19+'13'!M19+'14'!M19+'15'!M19+'16'!M19+'17'!M19+'18'!M19+'19'!M19+'20'!M19+'21'!M19+'22'!M19+'23'!M19+'24'!M19+'25'!M19+'26'!M19+'27'!M19+'28'!M19+'29'!M19+'30'!M19+'31.'!M19 -> 0 | O19: 19.04 | P19: =+K19*O19 -> 0 | Q19: 15 | R19: =+'15'!N228 -> 2130 | S19: =+'15'!N233 -> 50 | T19: =+'15'!N231 -> 0 | U19: =+'15'!N229 -> 0 | V19: =+'15'!N232 -> 0 | W19: =+'15'!N230 -> 50 | X19: =+R19-S19-T19-U19-V19-W19 -> 2030 | Y19: =+'15'!N235 -> 2030 | Z19: =+Y19-X19 -> 0 | AA19: อังคาร | AB19: =+W19+Y19 -> 2080 | AC19: =+W19+Y19+Z19 -> 2080 | AD19: ตัดรับ - จ่ายแล้ว
A20: 16 | B20: 8857125001816 | C20: ชิฟฟ่อน สอดไส้ (ล) 4 ชิ้น ครีมมะพร้าว | D20: กล่อง | E20: =+ยกมา!J20 -> 1 | F20: =+'1'!F20+'2'!F20+'3'!F20+'4'!F20+'5'!F20+'6'!F20+'7'!F20+'8'!F20+'9'!F20+'10'!F20+'11'!F20+'12'!F20+'13'!F20+'14'!F20+'15'!F20+'16'!F20+'17'!F20+'18'!F20+'19'!F20+'20'!F20+'21'!F20+'22'!F20+'23'!F20+'24'!F20+'25'!F20+'26'!F20+'27'!F20+'28'!F20+'29'!F20+'30'!F20+'31.'!F20 -> 31 | G20: =+E20+F20 -> 32 | H20: =+'1'!H20+'2'!H20+'3'!H20+'4'!H20+'5'!H20+'6'!H20+'7'!H20+'8'!H20+'9'!H20+'10'!H20+'11'!H20+'12'!H20+'13'!H20+'14'!H20+'15'!H20+'16'!H20+'17'!H20+'18'!H20+'19'!H20+'20'!H20+'21'!H20+'22'!H20+'23'!H20+'24'!H20+'25'!H20+'26'!H20+'27'!H20+'28'!H20+'29'!H20+'30'!H20+'31.'!H20 -> 0 | I20: =+'1'!I20+'2'!I20+'3'!I20+'4'!I20+'5'!I20+'6'!I20+'7'!I20+'8'!I20+'9'!I20+'10'!I20+'11'!I20+'12'!I20+'13'!I20+'14'!I20+'15'!I20+'16'!I20+'17'!I20+'18'!I20+'19'!I20+'20'!I20+'21'!I20+'22'!I20+'23'!I20+'24'!I20+'25'!I20+'26'!I20+'27'!I20+'28'!I20+'29'!I20+'30'!I20+'31.'!I20 -> 0 | J20: =E20+F20-H20-K20-I20 -> 0 | K20: =+'1'!K20+'2'!K20+'3'!K20+'4'!K20+'5'!K20+'6'!K20+'7'!K20+'8'!K20+'9'!K20+'10'!K20+'11'!K20+'12'!K20+'13'!K20+'14'!K20+'15'!K20+'16'!K20+'17'!K20+'18'!K20+'19'!K20+'20'!K20+'21'!K20+'22'!K20+'23'!K20+'24'!K20+'25'!K20+'26'!K20+'27'!K20+'28'!K20+'29'!K20+'30'!K20+'31.'!K20 -> 32 | L20: 65 | M20: =+'1'!M20+'2'!M20+'3'!M20+'4'!M20+'5'!M20+'6'!M20+'7'!M20+'8'!M20+'9'!M20+'10'!M20+'11'!M20+'12'!M20+'13'!M20+'14'!M20+'15'!M20+'16'!M20+'17'!M20+'18'!M20+'19'!M20+'20'!M20+'21'!M20+'22'!M20+'23'!M20+'24'!M20+'25'!M20+'26'!M20+'27'!M20+'28'!M20+'29'!M20+'30'!M20+'31.'!M20 -> 2080 | O20: 22.25 | P20: =+K20*O20 -> 712 | Q20: 16 | R20: =+'16'!N228 -> 2190 | S20: =+'16'!N233 -> 80 | T20: =+'16'!N231 -> 0 | U20: =+'16'!N229 -> 0 | V20: =+'16'!N232 -> 0 | W20: =+'16'!N230 -> 950 | X20: =+R20-S20-T20-U20-V20-W20 -> 1160 | Y20: =+'16'!N235 -> 1160 | Z20: =+Y20-X20 -> 0 | AA20: พุธ | AB20: =+W20+Y20 -> 2110 | AC20: =+W20+Y20+Z20 -> 2110 | AD20: ตัดรับ - จ่ายแล้ว
A21: 17 | B21: 8857125001021 | C21: ชิฟฟ่อน สอดไส้ (ก) 5 ชิ้น ครีมมะพร้าว | D21: กล่อง | E21: =+ยกมา!J21 -> 0 | F21: =+'1'!F21+'2'!F21+'3'!F21+'4'!F21+'5'!F21+'6'!F21+'7'!F21+'8'!F21+'9'!F21+'10'!F21+'11'!F21+'12'!F21+'13'!F21+'14'!F21+'15'!F21+'16'!F21+'17'!F21+'18'!F21+'19'!F21+'20'!F21+'21'!F21+'22'!F21+'23'!F21+'24'!F21+'25'!F21+'26'!F21+'27'!F21+'28'!F21+'29'!F21+'30'!F21+'31.'!F21 -> 0 | G21: =+E21+F21 -> 0 | H21: =+'1'!H21+'2'!H21+'3'!H21+'4'!H21+'5'!H21+'6'!H21+'7'!H21+'8'!H21+'9'!H21+'10'!H21+'11'!H21+'12'!H21+'13'!H21+'14'!H21+'15'!H21+'16'!H21+'17'!H21+'18'!H21+'19'!H21+'20'!H21+'21'!H21+'22'!H21+'23'!H21+'24'!H21+'25'!H21+'26'!H21+'27'!H21+'28'!H21+'29'!H21+'30'!H21+'31.'!H21 -> 0 | I21: =+'1'!I21+'2'!I21+'3'!I21+'4'!I21+'5'!I21+'6'!I21+'7'!I21+'8'!I21+'9'!I21+'10'!I21+'11'!I21+'12'!I21+'13'!I21+'14'!I21+'15'!I21+'16'!I21+'17'!I21+'18'!I21+'19'!I21+'20'!I21+'21'!I21+'22'!I21+'23'!I21+'24'!I21+'25'!I21+'26'!I21+'27'!I21+'28'!I21+'29'!I21+'30'!I21+'31.'!I21 -> 0 | J21: =E21+F21-H21-K21-I21 -> 0 | K21: =+'1'!K21+'2'!K21+'3'!K21+'4'!K21+'5'!K21+'6'!K21+'7'!K21+'8'!K21+'9'!K21+'10'!K21+'11'!K21+'12'!K21+'13'!K21+'14'!K21+'15'!K21+'16'!K21+'17'!K21+'18'!K21+'19'!K21+'20'!K21+'21'!K21+'22'!K21+'23'!K21+'24'!K21+'25'!K21+'26'!K21+'27'!K21+'28'!K21+'29'!K21+'30'!K21+'31.'!K21 -> 0 | L21: 85 | M21: =+'1'!M21+'2'!M21+'3'!M21+'4'!M21+'5'!M21+'6'!M21+'7'!M21+'8'!M21+'9'!M21+'10'!M21+'11'!M21+'12'!M21+'13'!M21+'14'!M21+'15'!M21+'16'!M21+'17'!M21+'18'!M21+'19'!M21+'20'!M21+'21'!M21+'22'!M21+'23'!M21+'24'!M21+'25'!M21+'26'!M21+'27'!M21+'28'!M21+'29'!M21+'30'!M21+'31.'!M21 -> 0 | O21: 22.85 | P21: =+K21*O21 -> 0 | Q21: 17 | R21: =+'17'!N228 -> 2895 | S21: =+'17'!N233 -> 205 | T21: =+'17'!N231 -> 0 | U21: =+'17'!N229 -> 0 | V21: =+'17'!N232 -> 0 | W21: =+'17'!N230 -> 150 | X21: =+R21-S21-T21-U21-V21-W21 -> 2540 | Y21: =+'17'!N235 -> 2540 | Z21: =+Y21-X21 -> 0 | AA21: พฤหัสบดี | AB21: =+W21+Y21 -> 2690 | AC21: =+W21+Y21+Z21 -> 2690 | AD21: ตัดรับ - จ่ายแล้ว
A22: 18 | B22: 8857125000956 | C22: ชิฟฟ่อนเค้กสอดไส้ รวมรส (6 ชิ้น) | D22: กล่อง | E22: =+ยกมา!J22 -> 0 | F22: =+'1'!F22+'2'!F22+'3'!F22+'4'!F22+'5'!F22+'6'!F22+'7'!F22+'8'!F22+'9'!F22+'10'!F22+'11'!F22+'12'!F22+'13'!F22+'14'!F22+'15'!F22+'16'!F22+'17'!F22+'18'!F22+'19'!F22+'20'!F22+'21'!F22+'22'!F22+'23'!F22+'24'!F22+'25'!F22+'26'!F22+'27'!F22+'28'!F22+'29'!F22+'30'!F22+'31.'!F22 -> 0 | G22: =+E22+F22 -> 0 | H22: =+'1'!H22+'2'!H22+'3'!H22+'4'!H22+'5'!H22+'6'!H22+'7'!H22+'8'!H22+'9'!H22+'10'!H22+'11'!H22+'12'!H22+'13'!H22+'14'!H22+'15'!H22+'16'!H22+'17'!H22+'18'!H22+'19'!H22+'20'!H22+'21'!H22+'22'!H22+'23'!H22+'24'!H22+'25'!H22+'26'!H22+'27'!H22+'28'!H22+'29'!H22+'30'!H22+'31.'!H22 -> 0 | I22: =+'1'!I22+'2'!I22+'3'!I22+'4'!I22+'5'!I22+'6'!I22+'7'!I22+'8'!I22+'9'!I22+'10'!I22+'11'!I22+'12'!I22+'13'!I22+'14'!I22+'15'!I22+'16'!I22+'17'!I22+'18'!I22+'19'!I22+'20'!I22+'21'!I22+'22'!I22+'23'!I22+'24'!I22+'25'!I22+'26'!I22+'27'!I22+'28'!I22+'29'!I22+'30'!I22+'31.'!I22 -> 0 | J22: =E22+F22-H22-K22-I22 -> 0 | K22: =+'1'!K22+'2'!K22+'3'!K22+'4'!K22+'5'!K22+'6'!K22+'7'!K22+'8'!K22+'9'!K22+'10'!K22+'11'!K22+'12'!K22+'13'!K22+'14'!K22+'15'!K22+'16'!K22+'17'!K22+'18'!K22+'19'!K22+'20'!K22+'21'!K22+'22'!K22+'23'!K22+'24'!K22+'25'!K22+'26'!K22+'27'!K22+'28'!K22+'29'!K22+'30'!K22+'31.'!K22 -> 0 | L22: 100 | M22: =+'1'!M22+'2'!M22+'3'!M22+'4'!M22+'5'!M22+'6'!M22+'7'!M22+'8'!M22+'9'!M22+'10'!M22+'11'!M22+'12'!M22+'13'!M22+'14'!M22+'15'!M22+'16'!M22+'17'!M22+'18'!M22+'19'!M22+'20'!M22+'21'!M22+'22'!M22+'23'!M22+'24'!M22+'25'!M22+'26'!M22+'27'!M22+'28'!M22+'29'!M22+'30'!M22+'31.'!M22 -> 0 | O22: 26.6 | P22: =+K22*O22 -> 0 | Q22: 18 | R22: =+'18'!N228 -> 1630 | S22: =+'18'!N233 -> 70 | T22: =+'18'!N231 -> 0 | U22: =+'18'!N229 -> 0 | V22: =+'18'!N232 -> 0 | W22: =+'18'!N230 -> 0 | X22: =+R22-S22-T22-U22-V22-W22 -> 1560 | Y22: =+'18'!N235 -> 1610 | Z22: =+Y22-X22 -> 50 | AA22: ศุกร์ | AB22: =+W22+Y22 -> 1610 | AC22: =+W22+Y22+Z22 -> 1660 | AD22: ตัดรับ - จ่ายแล้ว
A23: 19 | B23: 8857125000918 | C23: ชิฟฟ่อนเค้กสอดไส้แยม รสส้ม (6 ชิ้น) | D23: กล่อง | E23: =+ยกมา!J23 -> 0 | F23: =+'1'!F23+'2'!F23+'3'!F23+'4'!F23+'5'!F23+'6'!F23+'7'!F23+'8'!F23+'9'!F23+'10'!F23+'11'!F23+'12'!F23+'13'!F23+'14'!F23+'15'!F23+'16'!F23+'17'!F23+'18'!F23+'19'!F23+'20'!F23+'21'!F23+'22'!F23+'23'!F23+'24'!F23+'25'!F23+'26'!F23+'27'!F23+'28'!F23+'29'!F23+'30'!F23+'31.'!F23 -> 0 | G23: =+E23+F23 -> 0 | H23: =+'1'!H23+'2'!H23+'3'!H23+'4'!H23+'5'!H23+'6'!H23+'7'!H23+'8'!H23+'9'!H23+'10'!H23+'11'!H23+'12'!H23+'13'!H23+'14'!H23+'15'!H23+'16'!H23+'17'!H23+'18'!H23+'19'!H23+'20'!H23+'21'!H23+'22'!H23+'23'!H23+'24'!H23+'25'!H23+'26'!H23+'27'!H23+'28'!H23+'29'!H23+'30'!H23+'31.'!H23 -> 0 | I23: =+'1'!I23+'2'!I23+'3'!I23+'4'!I23+'5'!I23+'6'!I23+'7'!I23+'8'!I23+'9'!I23+'10'!I23+'11'!I23+'12'!I23+'13'!I23+'14'!I23+'15'!I23+'16'!I23+'17'!I23+'18'!I23+'19'!I23+'20'!I23+'21'!I23+'22'!I23+'23'!I23+'24'!I23+'25'!I23+'26'!I23+'27'!I23+'28'!I23+'29'!I23+'30'!I23+'31.'!I23 -> 0 | J23: =E23+F23-H23-K23-I23 -> 0 | K23: =+'1'!K23+'2'!K23+'3'!K23+'4'!K23+'5'!K23+'6'!K23+'7'!K23+'8'!K23+'9'!K23+'10'!K23+'11'!K23+'12'!K23+'13'!K23+'14'!K23+'15'!K23+'16'!K23+'17'!K23+'18'!K23+'19'!K23+'20'!K23+'21'!K23+'22'!K23+'23'!K23+'24'!K23+'25'!K23+'26'!K23+'27'!K23+'28'!K23+'29'!K23+'30'!K23+'31.'!K23 -> 0 | L23: 100 | M23: =+'1'!M23+'2'!M23+'3'!M23+'4'!M23+'5'!M23+'6'!M23+'7'!M23+'8'!M23+'9'!M23+'10'!M23+'11'!M23+'12'!M23+'13'!M23+'14'!M23+'15'!M23+'16'!M23+'17'!M23+'18'!M23+'19'!M23+'20'!M23+'21'!M23+'22'!M23+'23'!M23+'24'!M23+'25'!M23+'26'!M23+'27'!M23+'28'!M23+'29'!M23+'30'!M23+'31.'!M23 -> 0 | O23: 42.24 | P23: =+K23*O23 -> 0 | Q23: 19 | R23: =+'19'!N228 -> 4495 | S23: =+'19'!N233 -> 235 | T23: =+'19'!N231 -> 0 | U23: =+'19'!N229 -> 0 | V23: =+'19'!N232 -> 0 | W23: =+'19'!N230 -> 560 | X23: =+R23-S23-T23-U23-V23-W23 -> 3700 | Y23: =+'19'!N235 -> 3700 | Z23: =+Y23-X23 -> 0 | AA23: เสาร์ | AB23: =+W23+Y23 -> 4260 | AC23: =+W23+Y23+Z23 -> 4260 | AD23: ตัดรับ - จ่ายแล้ว
A24: 20 | B24: 8857125000970 | C24: ชิฟฟ่อนเค้กหน้าฝอยทอง สอดไส้แยมส้ม (6 ชิ้น) | D24: กล่อง | E24: =+ยกมา!J24 -> 0 | F24: =+'1'!F24+'2'!F24+'3'!F24+'4'!F24+'5'!F24+'6'!F24+'7'!F24+'8'!F24+'9'!F24+'10'!F24+'11'!F24+'12'!F24+'13'!F24+'14'!F24+'15'!F24+'16'!F24+'17'!F24+'18'!F24+'19'!F24+'20'!F24+'21'!F24+'22'!F24+'23'!F24+'24'!F24+'25'!F24+'26'!F24+'27'!F24+'28'!F24+'29'!F24+'30'!F24+'31.'!F24 -> 0 | G24: =+E24+F24 -> 0 | H24: =+'1'!H24+'2'!H24+'3'!H24+'4'!H24+'5'!H24+'6'!H24+'7'!H24+'8'!H24+'9'!H24+'10'!H24+'11'!H24+'12'!H24+'13'!H24+'14'!H24+'15'!H24+'16'!H24+'17'!H24+'18'!H24+'19'!H24+'20'!H24+'21'!H24+'22'!H24+'23'!H24+'24'!H24+'25'!H24+'26'!H24+'27'!H24+'28'!H24+'29'!H24+'30'!H24+'31.'!H24 -> 0 | I24: =+'1'!I24+'2'!I24+'3'!I24+'4'!I24+'5'!I24+'6'!I24+'7'!I24+'8'!I24+'9'!I24+'10'!I24+'11'!I24+'12'!I24+'13'!I24+'14'!I24+'15'!I24+'16'!I24+'17'!I24+'18'!I24+'19'!I24+'20'!I24+'21'!I24+'22'!I24+'23'!I24+'24'!I24+'25'!I24+'26'!I24+'27'!I24+'28'!I24+'29'!I24+'30'!I24+'31.'!I24 -> 0 | J24: =E24+F24-H24-K24-I24 -> 0 | K24: =+'1'!K24+'2'!K24+'3'!K24+'4'!K24+'5'!K24+'6'!K24+'7'!K24+'8'!K24+'9'!K24+'10'!K24+'11'!K24+'12'!K24+'13'!K24+'14'!K24+'15'!K24+'16'!K24+'17'!K24+'18'!K24+'19'!K24+'20'!K24+'21'!K24+'22'!K24+'23'!K24+'24'!K24+'25'!K24+'26'!K24+'27'!K24+'28'!K24+'29'!K24+'30'!K24+'31.'!K24 -> 0 | L24: 100 | M24: =+'1'!M24+'2'!M24+'3'!M24+'4'!M24+'5'!M24+'6'!M24+'7'!M24+'8'!M24+'9'!M24+'10'!M24+'11'!M24+'12'!M24+'13'!M24+'14'!M24+'15'!M24+'16'!M24+'17'!M24+'18'!M24+'19'!M24+'20'!M24+'21'!M24+'22'!M24+'23'!M24+'24'!M24+'25'!M24+'26'!M24+'27'!M24+'28'!M24+'29'!M24+'30'!M24+'31.'!M24 -> 0 | O24: 40.51 | P24: =+K24*O24 -> 0 | Q24: 20 | R24: =+'20'!N228 -> 5825 | S24: =+'20'!N233 -> 350 | T24: =+'20'!N231 -> 0 | U24: =+'20'!N229 -> 0 | V24: =+'20'!N232 -> 0 | W24: =+'20'!N230 -> 1250 | X24: =+R24-S24-T24-U24-V24-W24 -> 4225 | Y24: =+'20'!N235 -> 4275 | Z24: =+Y24-X24 -> 50 | AA24: อาทิตย์ | AB24: =+W24+Y24 -> 5525 | AC24: =+W24+Y24+Z24 -> 5575 | AD24: ตัดรับ - จ่ายแล้ว
A25: 21 | B25: 8857125003810 | C25: ชิฟฟ่อนเค้กหน้าฝอยทองทูโทน สอดไส้แยมส้ม (6 ชิ้น) | D25: กล่อง | E25: =+ยกมา!J25 -> 0 | F25: =+'1'!F25+'2'!F25+'3'!F25+'4'!F25+'5'!F25+'6'!F25+'7'!F25+'8'!F25+'9'!F25+'10'!F25+'11'!F25+'12'!F25+'13'!F25+'14'!F25+'15'!F25+'16'!F25+'17'!F25+'18'!F25+'19'!F25+'20'!F25+'21'!F25+'22'!F25+'23'!F25+'24'!F25+'25'!F25+'26'!F25+'27'!F25+'28'!F25+'29'!F25+'30'!F25+'31.'!F25 -> 0 | G25: =+E25+F25 -> 0 | H25: =+'1'!H25+'2'!H25+'3'!H25+'4'!H25+'5'!H25+'6'!H25+'7'!H25+'8'!H25+'9'!H25+'10'!H25+'11'!H25+'12'!H25+'13'!H25+'14'!H25+'15'!H25+'16'!H25+'17'!H25+'18'!H25+'19'!H25+'20'!H25+'21'!H25+'22'!H25+'23'!H25+'24'!H25+'25'!H25+'26'!H25+'27'!H25+'28'!H25+'29'!H25+'30'!H25+'31.'!H25 -> 0 | I25: =+'1'!I25+'2'!I25+'3'!I25+'4'!I25+'5'!I25+'6'!I25+'7'!I25+'8'!I25+'9'!I25+'10'!I25+'11'!I25+'12'!I25+'13'!I25+'14'!I25+'15'!I25+'16'!I25+'17'!I25+'18'!I25+'19'!I25+'20'!I25+'21'!I25+'22'!I25+'23'!I25+'24'!I25+'25'!I25+'26'!I25+'27'!I25+'28'!I25+'29'!I25+'30'!I25+'31.'!I25 -> 0 | J25: =E25+F25-H25-K25-I25 -> 0 | K25: =+'1'!K25+'2'!K25+'3'!K25+'4'!K25+'5'!K25+'6'!K25+'7'!K25+'8'!K25+'9'!K25+'10'!K25+'11'!K25+'12'!K25+'13'!K25+'14'!K25+'15'!K25+'16'!K25+'17'!K25+'18'!K25+'19'!K25+'20'!K25+'21'!K25+'22'!K25+'23'!K25+'24'!K25+'25'!K25+'26'!K25+'27'!K25+'28'!K25+'29'!K25+'30'!K25+'31.'!K25 -> 0 | L25: 100 | M25: =+'1'!M25+'2'!M25+'3'!M25+'4'!M25+'5'!M25+'6'!M25+'7'!M25+'8'!M25+'9'!M25+'10'!M25+'11'!M25+'12'!M25+'13'!M25+'14'!M25+'15'!M25+'16'!M25+'17'!M25+'18'!M25+'19'!M25+'20'!M25+'21'!M25+'22'!M25+'23'!M25+'24'!M25+'25'!M25+'26'!M25+'27'!M25+'28'!M25+'29'!M25+'30'!M25+'31.'!M25 -> 0 | O25: 39.77 | P25: =+K25*O25 -> 0 | Q25: 21 | R25: =+'21'!N228 -> 10340 | S25: =+'21'!N233 -> 625 | T25: =+'21'!N231 -> 0 | U25: =+'21'!N229 -> 0 | V25: =+'21'!N232 -> 0 | W25: =+'21'!N230 -> 3345 | X25: =+R25-S25-T25-U25-V25-W25 -> 6370 | Y25: =+'21'!N235 -> 6370 | Z25: =+Y25-X25 -> 0 | AA25: จันทร์ | AB25: =+W25+Y25 -> 9715 | AC25: =+W25+Y25+Z25 -> 9715 | AD25: ตัดรับ - จ่ายแล้ว
A26: 22 | B26: 8857125000963 | C26: ชิฟฟ่อนเค้กสอดไส้ นมชมพูฮอกไกโด (6 ชิ้น) | D26: กล่อง | E26: =+ยกมา!J26 -> 0 | F26: =+'1'!F26+'2'!F26+'3'!F26+'4'!F26+'5'!F26+'6'!F26+'7'!F26+'8'!F26+'9'!F26+'10'!F26+'11'!F26+'12'!F26+'13'!F26+'14'!F26+'15'!F26+'16'!F26+'17'!F26+'18'!F26+'19'!F26+'20'!F26+'21'!F26+'22'!F26+'23'!F26+'24'!F26+'25'!F26+'26'!F26+'27'!F26+'28'!F26+'29'!F26+'30'!F26+'31.'!F26 -> 0 | G26: =+E26+F26 -> 0 | H26: =+'1'!H26+'2'!H26+'3'!H26+'4'!H26+'5'!H26+'6'!H26+'7'!H26+'8'!H26+'9'!H26+'10'!H26+'11'!H26+'12'!H26+'13'!H26+'14'!H26+'15'!H26+'16'!H26+'17'!H26+'18'!H26+'19'!H26+'20'!H26+'21'!H26+'22'!H26+'23'!H26+'24'!H26+'25'!H26+'26'!H26+'27'!H26+'28'!H26+'29'!H26+'30'!H26+'31.'!H26 -> 0 | I26: =+'1'!I26+'2'!I26+'3'!I26+'4'!I26+'5'!I26+'6'!I26+'7'!I26+'8'!I26+'9'!I26+'10'!I26+'11'!I26+'12'!I26+'13'!I26+'14'!I26+'15'!I26+'16'!I26+'17'!I26+'18'!I26+'19'!I26+'20'!I26+'21'!I26+'22'!I26+'23'!I26+'24'!I26+'25'!I26+'26'!I26+'27'!I26+'28'!I26+'29'!I26+'30'!I26+'31.'!I26 -> 0 | J26: =E26+F26-H26-K26-I26 -> 0 | K26: =+'1'!K26+'2'!K26+'3'!K26+'4'!K26+'5'!K26+'6'!K26+'7'!K26+'8'!K26+'9'!K26+'10'!K26+'11'!K26+'12'!K26+'13'!K26+'14'!K26+'15'!K26+'16'!K26+'17'!K26+'18'!K26+'19'!K26+'20'!K26+'21'!K26+'22'!K26+'23'!K26+'24'!K26+'25'!K26+'26'!K26+'27'!K26+'28'!K26+'29'!K26+'30'!K26+'31.'!K26 -> 0 | L26: 100 | M26: =+'1'!M26+'2'!M26+'3'!M26+'4'!M26+'5'!M26+'6'!M26+'7'!M26+'8'!M26+'9'!M26+'10'!M26+'11'!M26+'12'!M26+'13'!M26+'14'!M26+'15'!M26+'16'!M26+'17'!M26+'18'!M26+'19'!M26+'20'!M26+'21'!M26+'22'!M26+'23'!M26+'24'!M26+'25'!M26+'26'!M26+'27'!M26+'28'!M26+'29'!M26+'30'!M26+'31.'!M26 -> 0 | O26: 35.39 | P26: =+K26*O26 -> 0 | Q26: 22 | R26: =+'22'!N228 -> 3325 | S26: =+'22'!N233 -> 150 | T26: =+'22'!N231 -> 0 | U26: =+'22'!N229 -> 0 | V26: =+'22'!N232 -> 0 | W26: =+'22'!N230 -> 0 | X26: =+R26-S26-T26-U26-V26-W26 -> 3175 | Y26: =+'22'!N235 -> 3175 | Z26: =+Y26-X26 -> 0 | AA26: อังคาร | AB26: =+W26+Y26 -> 3175 | AC26: =+W26+Y26+Z26 -> 3175 | AD26: ตัดรับ - จ่ายแล้ว
A27: 23 | B27: 8857125000932 | C27: ชิฟฟ่อนเค้กสอดไส้แยม รสบลูเบอร์รี่ (6 ชิ้น) | D27: กล่อง | E27: =+ยกมา!J27 -> 0 | F27: =+'1'!F27+'2'!F27+'3'!F27+'4'!F27+'5'!F27+'6'!F27+'7'!F27+'8'!F27+'9'!F27+'10'!F27+'11'!F27+'12'!F27+'13'!F27+'14'!F27+'15'!F27+'16'!F27+'17'!F27+'18'!F27+'19'!F27+'20'!F27+'21'!F27+'22'!F27+'23'!F27+'24'!F27+'25'!F27+'26'!F27+'27'!F27+'28'!F27+'29'!F27+'30'!F27+'31.'!F27 -> 0 | G27: =+E27+F27 -> 0 | H27: =+'1'!H27+'2'!H27+'3'!H27+'4'!H27+'5'!H27+'6'!H27+'7'!H27+'8'!H27+'9'!H27+'10'!H27+'11'!H27+'12'!H27+'13'!H27+'14'!H27+'15'!H27+'16'!H27+'17'!H27+'18'!H27+'19'!H27+'20'!H27+'21'!H27+'22'!H27+'23'!H27+'24'!H27+'25'!H27+'26'!H27+'27'!H27+'28'!H27+'29'!H27+'30'!H27+'31.'!H27 -> 0 | I27: =+'1'!I27+'2'!I27+'3'!I27+'4'!I27+'5'!I27+'6'!I27+'7'!I27+'8'!I27+'9'!I27+'10'!I27+'11'!I27+'12'!I27+'13'!I27+'14'!I27+'15'!I27+'16'!I27+'17'!I27+'18'!I27+'19'!I27+'20'!I27+'21'!I27+'22'!I27+'23'!I27+'24'!I27+'25'!I27+'26'!I27+'27'!I27+'28'!I27+'29'!I27+'30'!I27+'31.'!I27 -> 0 | J27: =E27+F27-H27-K27-I27 -> 0 | K27: =+'1'!K27+'2'!K27+'3'!K27+'4'!K27+'5'!K27+'6'!K27+'7'!K27+'8'!K27+'9'!K27+'10'!K27+'11'!K27+'12'!K27+'13'!K27+'14'!K27+'15'!K27+'16'!K27+'17'!K27+'18'!K27+'19'!K27+'20'!K27+'21'!K27+'22'!K27+'23'!K27+'24'!K27+'25'!K27+'26'!K27+'27'!K27+'28'!K27+'29'!K27+'30'!K27+'31.'!K27 -> 0 | L27: 100 | M27: =+'1'!M27+'2'!M27+'3'!M27+'4'!M27+'5'!M27+'6'!M27+'7'!M27+'8'!M27+'9'!M27+'10'!M27+'11'!M27+'12'!M27+'13'!M27+'14'!M27+'15'!M27+'16'!M27+'17'!M27+'18'!M27+'19'!M27+'20'!M27+'21'!M27+'22'!M27+'23'!M27+'24'!M27+'25'!M27+'26'!M27+'27'!M27+'28'!M27+'29'!M27+'30'!M27+'31.'!M27 -> 0 | O27: 31.62 | P27: =+K27*O27 -> 0 | Q27: 23 | R27: =+'23'!N228 -> 3475 | S27: =+'23'!N233 -> 155 | T27: =+'23'!N231 -> 0 | U27: =+'23'!N229 -> 0 | V27: =+'23'!N232 -> 0 | W27: =+'23'!N230 -> 220 | X27: =+R27-S27-T27-U27-V27-W27 -> 3100 | Y27: =+'23'!N235 -> 3050 | Z27: =+Y27-X27 -> -50 | AA27: พุธ | AB27: =+W27+Y27 -> 3270 | AC27: =+W27+Y27+Z27 -> 3220 | AD27: ตัดรับ - จ่ายแล้ว
A28: 24 | B28: 8857125000895 | C28: ชิฟฟ่อนเค้กสอดไส้ เนยมะพร้าว (6 ชิ้น) | D28: กล่อง | E28: =+ยกมา!J28 -> 0 | F28: =+'1'!F28+'2'!F28+'3'!F28+'4'!F28+'5'!F28+'6'!F28+'7'!F28+'8'!F28+'9'!F28+'10'!F28+'11'!F28+'12'!F28+'13'!F28+'14'!F28+'15'!F28+'16'!F28+'17'!F28+'18'!F28+'19'!F28+'20'!F28+'21'!F28+'22'!F28+'23'!F28+'24'!F28+'25'!F28+'26'!F28+'27'!F28+'28'!F28+'29'!F28+'30'!F28+'31.'!F28 -> 0 | G28: =+E28+F28 -> 0 | H28: =+'1'!H28+'2'!H28+'3'!H28+'4'!H28+'5'!H28+'6'!H28+'7'!H28+'8'!H28+'9'!H28+'10'!H28+'11'!H28+'12'!H28+'13'!H28+'14'!H28+'15'!H28+'16'!H28+'17'!H28+'18'!H28+'19'!H28+'20'!H28+'21'!H28+'22'!H28+'23'!H28+'24'!H28+'25'!H28+'26'!H28+'27'!H28+'28'!H28+'29'!H28+'30'!H28+'31.'!H28 -> 0 | I28: =+'1'!I28+'2'!I28+'3'!I28+'4'!I28+'5'!I28+'6'!I28+'7'!I28+'8'!I28+'9'!I28+'10'!I28+'11'!I28+'12'!I28+'13'!I28+'14'!I28+'15'!I28+'16'!I28+'17'!I28+'18'!I28+'19'!I28+'20'!I28+'21'!I28+'22'!I28+'23'!I28+'24'!I28+'25'!I28+'26'!I28+'27'!I28+'28'!I28+'29'!I28+'30'!I28+'31.'!I28 -> 0 | J28: =E28+F28-H28-K28-I28 -> 0 | K28: =+'1'!K28+'2'!K28+'3'!K28+'4'!K28+'5'!K28+'6'!K28+'7'!K28+'8'!K28+'9'!K28+'10'!K28+'11'!K28+'12'!K28+'13'!K28+'14'!K28+'15'!K28+'16'!K28+'17'!K28+'18'!K28+'19'!K28+'20'!K28+'21'!K28+'22'!K28+'23'!K28+'24'!K28+'25'!K28+'26'!K28+'27'!K28+'28'!K28+'29'!K28+'30'!K28+'31.'!K28 -> 0 | L28: 100 | M28: =+'1'!M28+'2'!M28+'3'!M28+'4'!M28+'5'!M28+'6'!M28+'7'!M28+'8'!M28+'9'!M28+'10'!M28+'11'!M28+'12'!M28+'13'!M28+'14'!M28+'15'!M28+'16'!M28+'17'!M28+'18'!M28+'19'!M28+'20'!M28+'21'!M28+'22'!M28+'23'!M28+'24'!M28+'25'!M28+'26'!M28+'27'!M28+'28'!M28+'29'!M28+'30'!M28+'31.'!M28 -> 0 | O28: 31.97 | P28: =+K28*O28 -> 0 | Q28: 24 | R28: =+'24'!N228 -> 3760 | S28: =+'24'!N233 -> 220 | T28: =+'24'!N231 -> 0 | U28: =+'24'!N229 -> 0 | V28: =+'24'!N232 -> 0 | W28: =+'24'!N230 -> 100 | X28: =+R28-S28-T28-U28-V28-W28 -> 3440 | Y28: =+'24'!N235 -> 3440 | Z28: =+Y28-X28 -> 0 | AA28: พฤหัสบดี | AB28: =+W28+Y28 -> 3540 | AC28: =+W28+Y28+Z28 -> 3540 | AD28: ตัดรับ - จ่ายแล้ว
A29: 25 | B29: 8857125000901 | C29: ชิฟฟ่อนเค้กสอดไส้แยม รสสตรอว์เบอรี่ (6 ชิ้น) | D29: กล่อง | E29: =+ยกมา!J29 -> 0 | F29: =+'1'!F29+'2'!F29+'3'!F29+'4'!F29+'5'!F29+'6'!F29+'7'!F29+'8'!F29+'9'!F29+'10'!F29+'11'!F29+'12'!F29+'13'!F29+'14'!F29+'15'!F29+'16'!F29+'17'!F29+'18'!F29+'19'!F29+'20'!F29+'21'!F29+'22'!F29+'23'!F29+'24'!F29+'25'!F29+'26'!F29+'27'!F29+'28'!F29+'29'!F29+'30'!F29+'31.'!F29 -> 0 | G29: =+E29+F29 -> 0 | H29: =+'1'!H29+'2'!H29+'3'!H29+'4'!H29+'5'!H29+'6'!H29+'7'!H29+'8'!H29+'9'!H29+'10'!H29+'11'!H29+'12'!H29+'13'!H29+'14'!H29+'15'!H29+'16'!H29+'17'!H29+'18'!H29+'19'!H29+'20'!H29+'21'!H29+'22'!H29+'23'!H29+'24'!H29+'25'!H29+'26'!H29+'27'!H29+'28'!H29+'29'!H29+'30'!H29+'31.'!H29 -> 0 | I29: =+'1'!I29+'2'!I29+'3'!I29+'4'!I29+'5'!I29+'6'!I29+'7'!I29+'8'!I29+'9'!I29+'10'!I29+'11'!I29+'12'!I29+'13'!I29+'14'!I29+'15'!I29+'16'!I29+'17'!I29+'18'!I29+'19'!I29+'20'!I29+'21'!I29+'22'!I29+'23'!I29+'24'!I29+'25'!I29+'26'!I29+'27'!I29+'28'!I29+'29'!I29+'30'!I29+'31.'!I29 -> 0 | J29: =E29+F29-H29-K29-I29 -> 0 | K29: =+'1'!K29+'2'!K29+'3'!K29+'4'!K29+'5'!K29+'6'!K29+'7'!K29+'8'!K29+'9'!K29+'10'!K29+'11'!K29+'12'!K29+'13'!K29+'14'!K29+'15'!K29+'16'!K29+'17'!K29+'18'!K29+'19'!K29+'20'!K29+'21'!K29+'22'!K29+'23'!K29+'24'!K29+'25'!K29+'26'!K29+'27'!K29+'28'!K29+'29'!K29+'30'!K29+'31.'!K29 -> 0 | L29: 100 | M29: =+'1'!M29+'2'!M29+'3'!M29+'4'!M29+'5'!M29+'6'!M29+'7'!M29+'8'!M29+'9'!M29+'10'!M29+'11'!M29+'12'!M29+'13'!M29+'14'!M29+'15'!M29+'16'!M29+'17'!M29+'18'!M29+'19'!M29+'20'!M29+'21'!M29+'22'!M29+'23'!M29+'24'!M29+'25'!M29+'26'!M29+'27'!M29+'28'!M29+'29'!M29+'30'!M29+'31.'!M29 -> 0 | O29: 21.27 | P29: =+K29*O29 -> 0 | Q29: 25 | R29: =+'25'!N228 -> 4340 | S29: =+'25'!N233 -> 275 | T29: =+'25'!N231 -> 0 | U29: =+'25'!N229 -> 0 | V29: =+'25'!N232 -> 0 | W29: =+'25'!N230 -> 300 | X29: =+R29-S29-T29-U29-V29-W29 -> 3765 | Y29: =+'25'!N235 -> 3765 | Z29: =+Y29-X29 -> 0 | AA29: ศุกร์ | AB29: =+W29+Y29 -> 4065 | AC29: =+W29+Y29+Z29 -> 4065 | AD29: ตัดรับ - จ่ายแล้ว
A30: 26 | B30: 8857125001571 | C30: ชิฟฟอนเค้ก รสมะลิ 8ชิ้น (ห่อซีน) | D30: กล่อง | E30: =+ยกมา!J30 -> 0 | F30: =+'1'!F30+'2'!F30+'3'!F30+'4'!F30+'5'!F30+'6'!F30+'7'!F30+'8'!F30+'9'!F30+'10'!F30+'11'!F30+'12'!F30+'13'!F30+'14'!F30+'15'!F30+'16'!F30+'17'!F30+'18'!F30+'19'!F30+'20'!F30+'21'!F30+'22'!F30+'23'!F30+'24'!F30+'25'!F30+'26'!F30+'27'!F30+'28'!F30+'29'!F30+'30'!F30+'31.'!F30 -> 0 | G30: =+E30+F30 -> 0 | H30: =+'1'!H30+'2'!H30+'3'!H30+'4'!H30+'5'!H30+'6'!H30+'7'!H30+'8'!H30+'9'!H30+'10'!H30+'11'!H30+'12'!H30+'13'!H30+'14'!H30+'15'!H30+'16'!H30+'17'!H30+'18'!H30+'19'!H30+'20'!H30+'21'!H30+'22'!H30+'23'!H30+'24'!H30+'25'!H30+'26'!H30+'27'!H30+'28'!H30+'29'!H30+'30'!H30+'31.'!H30 -> 0 | I30: =+'1'!I30+'2'!I30+'3'!I30+'4'!I30+'5'!I30+'6'!I30+'7'!I30+'8'!I30+'9'!I30+'10'!I30+'11'!I30+'12'!I30+'13'!I30+'14'!I30+'15'!I30+'16'!I30+'17'!I30+'18'!I30+'19'!I30+'20'!I30+'21'!I30+'22'!I30+'23'!I30+'24'!I30+'25'!I30+'26'!I30+'27'!I30+'28'!I30+'29'!I30+'30'!I30+'31.'!I30 -> 0 | J30: =E30+F30-H30-K30-I30 -> 0 | K30: =+'1'!K30+'2'!K30+'3'!K30+'4'!K30+'5'!K30+'6'!K30+'7'!K30+'8'!K30+'9'!K30+'10'!K30+'11'!K30+'12'!K30+'13'!K30+'14'!K30+'15'!K30+'16'!K30+'17'!K30+'18'!K30+'19'!K30+'20'!K30+'21'!K30+'22'!K30+'23'!K30+'24'!K30+'25'!K30+'26'!K30+'27'!K30+'28'!K30+'29'!K30+'30'!K30+'31.'!K30 -> 0 | L30: 100 | M30: =+'1'!M30+'2'!M30+'3'!M30+'4'!M30+'5'!M30+'6'!M30+'7'!M30+'8'!M30+'9'!M30+'10'!M30+'11'!M30+'12'!M30+'13'!M30+'14'!M30+'15'!M30+'16'!M30+'17'!M30+'18'!M30+'19'!M30+'20'!M30+'21'!M30+'22'!M30+'23'!M30+'24'!M30+'25'!M30+'26'!M30+'27'!M30+'28'!M30+'29'!M30+'30'!M30+'31.'!M30 -> 0 | O30: 34.26 | P30: =+K30*O30 -> 0 | Q30: 26 | R30: =+'26'!N228 -> 3160 | S30: =+'26'!N233 -> 105 | T30: =+'26'!N231 -> 0 | U30: =+'26'!N229 -> 0 | V30: =+'26'!N232 -> 0 | W30: =+'26'!N230 -> 0 | X30: =+R30-S30-T30-U30-V30-W30 -> 3055 | Y30: =+'26'!N235 -> 3055 | Z30: =+Y30-X30 -> 0 | AA30: เสาร์ | AB30: =+W30+Y30 -> 3055 | AC30: =+W30+Y30+Z30 -> 3055 | AD30: ตัดรับ - จ่ายแล้ว
A31: 27 | B31: 8857125002127 | C31: ชิฟฟ่อนรวมรส ยอดฮิต (8 ชิ้น) | D31: กล่อง | E31: =+ยกมา!J31 -> 24 | F31: =+'1'!F31+'2'!F31+'3'!F31+'4'!F31+'5'!F31+'6'!F31+'7'!F31+'8'!F31+'9'!F31+'10'!F31+'11'!F31+'12'!F31+'13'!F31+'14'!F31+'15'!F31+'16'!F31+'17'!F31+'18'!F31+'19'!F31+'20'!F31+'21'!F31+'22'!F31+'23'!F31+'24'!F31+'25'!F31+'26'!F31+'27'!F31+'28'!F31+'29'!F31+'30'!F31+'31.'!F31 -> 260 | G31: =+E31+F31 -> 284 | H31: =+'1'!H31+'2'!H31+'3'!H31+'4'!H31+'5'!H31+'6'!H31+'7'!H31+'8'!H31+'9'!H31+'10'!H31+'11'!H31+'12'!H31+'13'!H31+'14'!H31+'15'!H31+'16'!H31+'17'!H31+'18'!H31+'19'!H31+'20'!H31+'21'!H31+'22'!H31+'23'!H31+'24'!H31+'25'!H31+'26'!H31+'27'!H31+'28'!H31+'29'!H31+'30'!H31+'31.'!H31 -> 14 | I31: =+'1'!I31+'2'!I31+'3'!I31+'4'!I31+'5'!I31+'6'!I31+'7'!I31+'8'!I31+'9'!I31+'10'!I31+'11'!I31+'12'!I31+'13'!I31+'14'!I31+'15'!I31+'16'!I31+'17'!I31+'18'!I31+'19'!I31+'20'!I31+'21'!I31+'22'!I31+'23'!I31+'24'!I31+'25'!I31+'26'!I31+'27'!I31+'28'!I31+'29'!I31+'30'!I31+'31.'!I31 -> 10 | J31: =E31+F31-H31-K31-I31 -> 40 | K31: =+'1'!K31+'2'!K31+'3'!K31+'4'!K31+'5'!K31+'6'!K31+'7'!K31+'8'!K31+'9'!K31+'10'!K31+'11'!K31+'12'!K31+'13'!K31+'14'!K31+'15'!K31+'16'!K31+'17'!K31+'18'!K31+'19'!K31+'20'!K31+'21'!K31+'22'!K31+'23'!K31+'24'!K31+'25'!K31+'26'!K31+'27'!K31+'28'!K31+'29'!K31+'30'!K31+'31.'!K31 -> 220 | L31: 100 | M31: =+'1'!M31+'2'!M31+'3'!M31+'4'!M31+'5'!M31+'6'!M31+'7'!M31+'8'!M31+'9'!M31+'10'!M31+'11'!M31+'12'!M31+'13'!M31+'14'!M31+'15'!M31+'16'!M31+'17'!M31+'18'!M31+'19'!M31+'20'!M31+'21'!M31+'22'!M31+'23'!M31+'24'!M31+'25'!M31+'26'!M31+'27'!M31+'28'!M31+'29'!M31+'30'!M31+'31.'!M31 -> 22000 | O31: 38.46 | P31: =+K31*O31 -> 8461.2 | Q31: 27 | R31: =+'27'!N228 -> 7895 | S31: =+'27'!N233 -> 340 | T31: =+'27'!N231 -> 0 | U31: =+'27'!N229 -> 0 | V31: =+'27'!N232 -> 0 | W31: =+'27'!N230 -> 1590 | X31: =+R31-S31-T31-U31-V31-W31 -> 5965 | Y31: =+'27'!N235 -> 5965 | Z31: =+Y31-X31 -> 0 | AA31: อาทิตย์ | AB31: =+W31+Y31 -> 7555 | AC31: =+W31+Y31+Z31 -> 7555 | AD31: ตัดรับ - จ่ายแล้ว
A32: 28 | B32: 8857125000130 | C32: ชิฟฟ่อนเค้ก วรรณวนัช (สอดไส้รวมรส 8 ชิ้น) | D32: กล่อง | E32: =+ยกมา!J32 -> 4 | F32: =+'1'!F32+'2'!F32+'3'!F32+'4'!F32+'5'!F32+'6'!F32+'7'!F32+'8'!F32+'9'!F32+'10'!F32+'11'!F32+'12'!F32+'13'!F32+'14'!F32+'15'!F32+'16'!F32+'17'!F32+'18'!F32+'19'!F32+'20'!F32+'21'!F32+'22'!F32+'23'!F32+'24'!F32+'25'!F32+'26'!F32+'27'!F32+'28'!F32+'29'!F32+'30'!F32+'31.'!F32 -> 24 | G32: =+E32+F32 -> 28 | H32: =+'1'!H32+'2'!H32+'3'!H32+'4'!H32+'5'!H32+'6'!H32+'7'!H32+'8'!H32+'9'!H32+'10'!H32+'11'!H32+'12'!H32+'13'!H32+'14'!H32+'15'!H32+'16'!H32+'17'!H32+'18'!H32+'19'!H32+'20'!H32+'21'!H32+'22'!H32+'23'!H32+'24'!H32+'25'!H32+'26'!H32+'27'!H32+'28'!H32+'29'!H32+'30'!H32+'31.'!H32 -> 0 | I32: =+'1'!I32+'2'!I32+'3'!I32+'4'!I32+'5'!I32+'6'!I32+'7'!I32+'8'!I32+'9'!I32+'10'!I32+'11'!I32+'12'!I32+'13'!I32+'14'!I32+'15'!I32+'16'!I32+'17'!I32+'18'!I32+'19'!I32+'20'!I32+'21'!I32+'22'!I32+'23'!I32+'24'!I32+'25'!I32+'26'!I32+'27'!I32+'28'!I32+'29'!I32+'30'!I32+'31.'!I32 -> 0 | J32: =E32+F32-H32-K32-I32 -> 0 | K32: =+'1'!K32+'2'!K32+'3'!K32+'4'!K32+'5'!K32+'6'!K32+'7'!K32+'8'!K32+'9'!K32+'10'!K32+'11'!K32+'12'!K32+'13'!K32+'14'!K32+'15'!K32+'16'!K32+'17'!K32+'18'!K32+'19'!K32+'20'!K32+'21'!K32+'22'!K32+'23'!K32+'24'!K32+'25'!K32+'26'!K32+'27'!K32+'28'!K32+'29'!K32+'30'!K32+'31.'!K32 -> 28 | L32: 130 | M32: =+'1'!M32+'2'!M32+'3'!M32+'4'!M32+'5'!M32+'6'!M32+'7'!M32+'8'!M32+'9'!M32+'10'!M32+'11'!M32+'12'!M32+'13'!M32+'14'!M32+'15'!M32+'16'!M32+'17'!M32+'18'!M32+'19'!M32+'20'!M32+'21'!M32+'22'!M32+'23'!M32+'24'!M32+'25'!M32+'26'!M32+'27'!M32+'28'!M32+'29'!M32+'30'!M32+'31.'!M32 -> 3640 | O32: 46.37 | P32: =+K32*O32 -> 1298.36 | Q32: 28 | R32: =+'28'!N228 -> 3500 | S32: =+'28'!N233 -> 270 | T32: =+'28'!N231 -> 0 | U32: =+'28'!N229 -> 0 | V32: =+'28'!N232 -> 0 | W32: =+'28'!N230 -> 200 | X32: =+R32-S32-T32-U32-V32-W32 -> 3030 | Y32: =+'28'!N235 -> 3030 | Z32: =+Y32-X32 -> 0 | AA32: จันทร์ | AB32: =+W32+Y32 -> 3230 | AC32: =+W32+Y32+Z32 -> 3230 | AD32: ตัดรับ - จ่ายแล้ว
A33: 29 | B33: 8857125003773 | C33: ชิฟฟ่อนเค้กมะพร้าวสอดไส้ครีมมะพร้าวล้วน (8 ชิ้น) | D33: กล่อง | E33: =+ยกมา!J33 -> 1 | F33: =+'1'!F33+'2'!F33+'3'!F33+'4'!F33+'5'!F33+'6'!F33+'7'!F33+'8'!F33+'9'!F33+'10'!F33+'11'!F33+'12'!F33+'13'!F33+'14'!F33+'15'!F33+'16'!F33+'17'!F33+'18'!F33+'19'!F33+'20'!F33+'21'!F33+'22'!F33+'23'!F33+'24'!F33+'25'!F33+'26'!F33+'27'!F33+'28'!F33+'29'!F33+'30'!F33+'31.'!F33 -> 14 | G33: =+E33+F33 -> 15 | H33: =+'1'!H33+'2'!H33+'3'!H33+'4'!H33+'5'!H33+'6'!H33+'7'!H33+'8'!H33+'9'!H33+'10'!H33+'11'!H33+'12'!H33+'13'!H33+'14'!H33+'15'!H33+'16'!H33+'17'!H33+'18'!H33+'19'!H33+'20'!H33+'21'!H33+'22'!H33+'23'!H33+'24'!H33+'25'!H33+'26'!H33+'27'!H33+'28'!H33+'29'!H33+'30'!H33+'31.'!H33 -> 0 | I33: =+'1'!I33+'2'!I33+'3'!I33+'4'!I33+'5'!I33+'6'!I33+'7'!I33+'8'!I33+'9'!I33+'10'!I33+'11'!I33+'12'!I33+'13'!I33+'14'!I33+'15'!I33+'16'!I33+'17'!I33+'18'!I33+'19'!I33+'20'!I33+'21'!I33+'22'!I33+'23'!I33+'24'!I33+'25'!I33+'26'!I33+'27'!I33+'28'!I33+'29'!I33+'30'!I33+'31.'!I33 -> 0 | J33: =E33+F33-H33-K33-I33 -> 0 | K33: =+'1'!K33+'2'!K33+'3'!K33+'4'!K33+'5'!K33+'6'!K33+'7'!K33+'8'!K33+'9'!K33+'10'!K33+'11'!K33+'12'!K33+'13'!K33+'14'!K33+'15'!K33+'16'!K33+'17'!K33+'18'!K33+'19'!K33+'20'!K33+'21'!K33+'22'!K33+'23'!K33+'24'!K33+'25'!K33+'26'!K33+'27'!K33+'28'!K33+'29'!K33+'30'!K33+'31.'!K33 -> 15 | L33: 130 | M33: =+'1'!M33+'2'!M33+'3'!M33+'4'!M33+'5'!M33+'6'!M33+'7'!M33+'8'!M33+'9'!M33+'10'!M33+'11'!M33+'12'!M33+'13'!M33+'14'!M33+'15'!M33+'16'!M33+'17'!M33+'18'!M33+'19'!M33+'20'!M33+'21'!M33+'22'!M33+'23'!M33+'24'!M33+'25'!M33+'26'!M33+'27'!M33+'28'!M33+'29'!M33+'30'!M33+'31.'!M33 -> 1950 | O33: 38.9 | P33: =+K33*O33 -> 583.5 | Q33: 29 | R33: =+'29'!N228 -> 2655 | S33: =+'29'!N233 -> 100 | T33: =+'28'!N231 -> 0 | U33: =+'29'!N229 -> 0 | V33: =+'29'!N232 -> 2555 | W33: =+'29'!N230 -> 0 | X33: =+R33-S33-T33-U33-V33-W33 -> 0 | Y33: =+'29'!N235 -> 0 | Z33: =+Y33-X33 -> 0 | AA33: อังคาร | AB33: =+W33+Y33 -> 0 | AC33: =+W33+Y33+Z33 -> 0 | AD33: ตัดรับ - จ่ายแล้ว
A34: 30 | B34: 8857125001366 | C34: ชิฟฟ่อนเค้กใบเตยสอดไส้ครีมมะพร้าวล้วน (8 ชิ้น) | D34: กล่อง | E34: =+ยกมา!J34 -> 1 | F34: =+'1'!F34+'2'!F34+'3'!F34+'4'!F34+'5'!F34+'6'!F34+'7'!F34+'8'!F34+'9'!F34+'10'!F34+'11'!F34+'12'!F34+'13'!F34+'14'!F34+'15'!F34+'16'!F34+'17'!F34+'18'!F34+'19'!F34+'20'!F34+'21'!F34+'22'!F34+'23'!F34+'24'!F34+'25'!F34+'26'!F34+'27'!F34+'28'!F34+'29'!F34+'30'!F34+'31.'!F34 -> 19 | G34: =+E34+F34 -> 20 | H34: =+'1'!H34+'2'!H34+'3'!H34+'4'!H34+'5'!H34+'6'!H34+'7'!H34+'8'!H34+'9'!H34+'10'!H34+'11'!H34+'12'!H34+'13'!H34+'14'!H34+'15'!H34+'16'!H34+'17'!H34+'18'!H34+'19'!H34+'20'!H34+'21'!H34+'22'!H34+'23'!H34+'24'!H34+'25'!H34+'26'!H34+'27'!H34+'28'!H34+'29'!H34+'30'!H34+'31.'!H34 -> 0 | I34: =+'1'!I34+'2'!I34+'3'!I34+'4'!I34+'5'!I34+'6'!I34+'7'!I34+'8'!I34+'9'!I34+'10'!I34+'11'!I34+'12'!I34+'13'!I34+'14'!I34+'15'!I34+'16'!I34+'17'!I34+'18'!I34+'19'!I34+'20'!I34+'21'!I34+'22'!I34+'23'!I34+'24'!I34+'25'!I34+'26'!I34+'27'!I34+'28'!I34+'29'!I34+'30'!I34+'31.'!I34 -> 0 | J34: =E34+F34-H34-K34-I34 -> 0 | K34: =+'1'!K34+'2'!K34+'3'!K34+'4'!K34+'5'!K34+'6'!K34+'7'!K34+'8'!K34+'9'!K34+'10'!K34+'11'!K34+'12'!K34+'13'!K34+'14'!K34+'15'!K34+'16'!K34+'17'!K34+'18'!K34+'19'!K34+'20'!K34+'21'!K34+'22'!K34+'23'!K34+'24'!K34+'25'!K34+'26'!K34+'27'!K34+'28'!K34+'29'!K34+'30'!K34+'31.'!K34 -> 20 | L34: 130 | M34: =+'1'!M34+'2'!M34+'3'!M34+'4'!M34+'5'!M34+'6'!M34+'7'!M34+'8'!M34+'9'!M34+'10'!M34+'11'!M34+'12'!M34+'13'!M34+'14'!M34+'15'!M34+'16'!M34+'17'!M34+'18'!M34+'19'!M34+'20'!M34+'21'!M34+'22'!M34+'23'!M34+'24'!M34+'25'!M34+'26'!M34+'27'!M34+'28'!M34+'29'!M34+'30'!M34+'31.'!M34 -> 2600 | O34: 38.07 | P34: =+K34*O34 -> 761.4 | Q34: 30 | R34: =+'30'!N228 -> 865 | S34: =+'30'!N233 -> 0 | T34: =+'30'!N231 -> 0 | U34: =+'30'!N229 -> 0 | V34: =+'30'!N232 -> 343 | W34: =+'30'!N230 -> 0 | X34: =+R34-S34-T34-U34-V34-W34 -> 522 | Y34: =+'30'!N235 -> 522 | Z34: =+Y34-X34 -> 0 | AA34: พุธ | AB34: =+W34+Y34 -> 522 | AC34: =+W34+Y34+Z34 -> 522 | AD34: ตัดรับ - จ่ายแล้ว
A35: 31 | B35: 8857125001397 | C35: ชิฟฟ่อนเค้กใบเตยทูโทนและสอดไส้ครีมมะพร้าว (8 ชิ้น) | D35: กล่อง | E35: =+ยกมา!J35 -> 0 | F35: =+'1'!F35+'2'!F35+'3'!F35+'4'!F35+'5'!F35+'6'!F35+'7'!F35+'8'!F35+'9'!F35+'10'!F35+'11'!F35+'12'!F35+'13'!F35+'14'!F35+'15'!F35+'16'!F35+'17'!F35+'18'!F35+'19'!F35+'20'!F35+'21'!F35+'22'!F35+'23'!F35+'24'!F35+'25'!F35+'26'!F35+'27'!F35+'28'!F35+'29'!F35+'30'!F35+'31.'!F35 -> 0 | G35: =+E35+F35 -> 0 | H35: =+'1'!H35+'2'!H35+'3'!H35+'4'!H35+'5'!H35+'6'!H35+'7'!H35+'8'!H35+'9'!H35+'10'!H35+'11'!H35+'12'!H35+'13'!H35+'14'!H35+'15'!H35+'16'!H35+'17'!H35+'18'!H35+'19'!H35+'20'!H35+'21'!H35+'22'!H35+'23'!H35+'24'!H35+'25'!H35+'26'!H35+'27'!H35+'28'!H35+'29'!H35+'30'!H35+'31.'!H35 -> 0 | I35: =+'1'!I35+'2'!I35+'3'!I35+'4'!I35+'5'!I35+'6'!I35+'7'!I35+'8'!I35+'9'!I35+'10'!I35+'11'!I35+'12'!I35+'13'!I35+'14'!I35+'15'!I35+'16'!I35+'17'!I35+'18'!I35+'19'!I35+'20'!I35+'21'!I35+'22'!I35+'23'!I35+'24'!I35+'25'!I35+'26'!I35+'27'!I35+'28'!I35+'29'!I35+'30'!I35+'31.'!I35 -> 0 | J35: =E35+F35-H35-K35-I35 -> 0 | K35: =+'1'!K35+'2'!K35+'3'!K35+'4'!K35+'5'!K35+'6'!K35+'7'!K35+'8'!K35+'9'!K35+'10'!K35+'11'!K35+'12'!K35+'13'!K35+'14'!K35+'15'!K35+'16'!K35+'17'!K35+'18'!K35+'19'!K35+'20'!K35+'21'!K35+'22'!K35+'23'!K35+'24'!K35+'25'!K35+'26'!K35+'27'!K35+'28'!K35+'29'!K35+'30'!K35+'31.'!K35 -> 0 | L35: 130 | M35: =+'1'!M35+'2'!M35+'3'!M35+'4'!M35+'5'!M35+'6'!M35+'7'!M35+'8'!M35+'9'!M35+'10'!M35+'11'!M35+'12'!M35+'13'!M35+'14'!M35+'15'!M35+'16'!M35+'17'!M35+'18'!M35+'19'!M35+'20'!M35+'21'!M35+'22'!M35+'23'!M35+'24'!M35+'25'!M35+'26'!M35+'27'!M35+'28'!M35+'29'!M35+'30'!M35+'31.'!M35 -> 0 | O35: 40.8 | P35: =+K35*O35 -> 0 | Q35: 31 | R35: =+'31.'!N228 -> 2730 | S35: =+'31.'!N233 -> 185 | T35: =+'31.'!N231 -> 0 | U35: =+'31.'!N229 -> 0 | V35: =+'31.'!N232 -> 0 | W35: =+'31.'!N230 -> 465 | X35: =+R35-S35-T35-U35-V35-W35 -> 2080 | Y35: =+'31.'!N235 -> 2070 | Z35: =+Y35-X35 -> -10 | AA35: พฤหัสบดี | AB35: =+W35+Y35 -> 2535 | AC35: =+W35+Y35+Z35 -> 2525
A36: 32 | B36: 885712004534 | C36: ชิฟฟ่อนเค้กสอดไส้ครีมมะพร้าว 120g. | D36: ชิ้น | E36: =+ยกมา!J36 -> 0 | F36: =+'1'!F36+'2'!F36+'3'!F36+'4'!F36+'5'!F36+'6'!F36+'7'!F36+'8'!F36+'9'!F36+'10'!F36+'11'!F36+'12'!F36+'13'!F36+'14'!F36+'15'!F36+'16'!F36+'17'!F36+'18'!F36+'19'!F36+'20'!F36+'21'!F36+'22'!F36+'23'!F36+'24'!F36+'25'!F36+'26'!F36+'27'!F36+'28'!F36+'29'!F36+'30'!F36+'31.'!F36 -> 0 | G36: =+E36+F36 -> 0 | H36: =+'1'!H36+'2'!H36+'3'!H36+'4'!H36+'5'!H36+'6'!H36+'7'!H36+'8'!H36+'9'!H36+'10'!H36+'11'!H36+'12'!H36+'13'!H36+'14'!H36+'15'!H36+'16'!H36+'17'!H36+'18'!H36+'19'!H36+'20'!H36+'21'!H36+'22'!H36+'23'!H36+'24'!H36+'25'!H36+'26'!H36+'27'!H36+'28'!H36+'29'!H36+'30'!H36+'31.'!H36 -> 0 | I36: =+'1'!I36+'2'!I36+'3'!I36+'4'!I36+'5'!I36+'6'!I36+'7'!I36+'8'!I36+'9'!I36+'10'!I36+'11'!I36+'12'!I36+'13'!I36+'14'!I36+'15'!I36+'16'!I36+'17'!I36+'18'!I36+'19'!I36+'20'!I36+'21'!I36+'22'!I36+'23'!I36+'24'!I36+'25'!I36+'26'!I36+'27'!I36+'28'!I36+'29'!I36+'30'!I36+'31.'!I36 -> 0 | J36: =E36+F36-H36-K36-I36 -> 0 | K36: =+'1'!K36+'2'!K36+'3'!K36+'4'!K36+'5'!K36+'6'!K36+'7'!K36+'8'!K36+'9'!K36+'10'!K36+'11'!K36+'12'!K36+'13'!K36+'14'!K36+'15'!K36+'16'!K36+'17'!K36+'18'!K36+'19'!K36+'20'!K36+'21'!K36+'22'!K36+'23'!K36+'24'!K36+'25'!K36+'26'!K36+'27'!K36+'28'!K36+'29'!K36+'30'!K36+'31.'!K36 -> 0 | L36: 35 | M36: =+'1'!M36+'2'!M36+'3'!M36+'4'!M36+'5'!M36+'6'!M36+'7'!M36+'8'!M36+'9'!M36+'10'!M36+'11'!M36+'12'!M36+'13'!M36+'14'!M36+'15'!M36+'16'!M36+'17'!M36+'18'!M36+'19'!M36+'20'!M36+'21'!M36+'22'!M36+'23'!M36+'24'!M36+'25'!M36+'26'!M36+'27'!M36+'28'!M36+'29'!M36+'30'!M36+'31.'!M36 -> 0 | P36: =+K36*O36 -> 0 | R36: =SUM(R5:R35) -> 129375 | S36: =SUM(S5:S35) -> 6720 | T36: =SUM(T5:T35) -> 0 | U36: =SUM(U5:U35) -> 0 | V36: =SUM(V5:V35) -> 2908 | W36: =SUM(W5:W35) -> 16060 | X36: =SUM(X5:X35) -> 103687 | Y36: =SUM(Y5:Y35) -> 103727 | ... AB36: =SUM(AB5:AB35) -> 119787
A37: 33 | B37: 20055119 | C37: ชิฟฟ่อนเค้กฝอยทอง 95g. | D37: กล่อง | E37: =+ยกมา!J37 -> 0 | F37: =+'1'!F37+'2'!F37+'3'!F37+'4'!F37+'5'!F37+'6'!F37+'7'!F37+'8'!F37+'9'!F37+'10'!F37+'11'!F37+'12'!F37+'13'!F37+'14'!F37+'15'!F37+'16'!F37+'17'!F37+'18'!F37+'19'!F37+'20'!F37+'21'!F37+'22'!F37+'23'!F37+'24'!F37+'25'!F37+'26'!F37+'27'!F37+'28'!F37+'29'!F37+'30'!F37+'31.'!F37 -> 0 | G37: =+E37+F37 -> 0 | H37: =+'1'!H37+'2'!H37+'3'!H37+'4'!H37+'5'!H37+'6'!H37+'7'!H37+'8'!H37+'9'!H37+'10'!H37+'11'!H37+'12'!H37+'13'!H37+'14'!H37+'15'!H37+'16'!H37+'17'!H37+'18'!H37+'19'!H37+'20'!H37+'21'!H37+'22'!H37+'23'!H37+'24'!H37+'25'!H37+'26'!H37+'27'!H37+'28'!H37+'29'!H37+'30'!H37+'31.'!H37 -> 0 | I37: =+'1'!I37+'2'!I37+'3'!I37+'4'!I37+'5'!I37+'6'!I37+'7'!I37+'8'!I37+'9'!I37+'10'!I37+'11'!I37+'12'!I37+'13'!I37+'14'!I37+'15'!I37+'16'!I37+'17'!I37+'18'!I37+'19'!I37+'20'!I37+'21'!I37+'22'!I37+'23'!I37+'24'!I37+'25'!I37+'26'!I37+'27'!I37+'28'!I37+'29'!I37+'30'!I37+'31.'!I37 -> 0 | J37: =E37+F37-H37-K37-I37 -> 0 | K37: =+'1'!K37+'2'!K37+'3'!K37+'4'!K37+'5'!K37+'6'!K37+'7'!K37+'8'!K37+'9'!K37+'10'!K37+'11'!K37+'12'!K37+'13'!K37+'14'!K37+'15'!K37+'16'!K37+'17'!K37+'18'!K37+'19'!K37+'20'!K37+'21'!K37+'22'!K37+'23'!K37+'24'!K37+'25'!K37+'26'!K37+'27'!K37+'28'!K37+'29'!K37+'30'!K37+'31.'!K37 -> 0 | L37: 35 | M37: =+'1'!M37+'2'!M37+'3'!M37+'4'!M37+'5'!M37+'6'!M37+'7'!M37+'8'!M37+'9'!M37+'10'!M37+'11'!M37+'12'!M37+'13'!M37+'14'!M37+'15'!M37+'16'!M37+'17'!M37+'18'!M37+'19'!M37+'20'!M37+'21'!M37+'22'!M37+'23'!M37+'24'!M37+'25'!M37+'26'!M37+'27'!M37+'28'!M37+'29'!M37+'30'!M37+'31.'!M37 -> 0 | P37: =+K37*O37 -> 0
A38: 34 | B38: 8857125000611 | C38: ครีมฮอร์น วนิลา | D38: กล่อง | E38: =+ยกมา!J38 -> 0 | F38: =+'1'!F38+'2'!F38+'3'!F38+'4'!F38+'5'!F38+'6'!F38+'7'!F38+'8'!F38+'9'!F38+'10'!F38+'11'!F38+'12'!F38+'13'!F38+'14'!F38+'15'!F38+'16'!F38+'17'!F38+'18'!F38+'19'!F38+'20'!F38+'21'!F38+'22'!F38+'23'!F38+'24'!F38+'25'!F38+'26'!F38+'27'!F38+'28'!F38+'29'!F38+'30'!F38+'31.'!F38 -> 0 | G38: =+E38+F38 -> 0 | H38: =+'1'!H38+'2'!H38+'3'!H38+'4'!H38+'5'!H38+'6'!H38+'7'!H38+'8'!H38+'9'!H38+'10'!H38+'11'!H38+'12'!H38+'13'!H38+'14'!H38+'15'!H38+'16'!H38+'17'!H38+'18'!H38+'19'!H38+'20'!H38+'21'!H38+'22'!H38+'23'!H38+'24'!H38+'25'!H38+'26'!H38+'27'!H38+'28'!H38+'29'!H38+'30'!H38+'31.'!H38 -> 0 | I38: =+'1'!I38+'2'!I38+'3'!I38+'4'!I38+'5'!I38+'6'!I38+'7'!I38+'8'!I38+'9'!I38+'10'!I38+'11'!I38+'12'!I38+'13'!I38+'14'!I38+'15'!I38+'16'!I38+'17'!I38+'18'!I38+'19'!I38+'20'!I38+'21'!I38+'22'!I38+'23'!I38+'24'!I38+'25'!I38+'26'!I38+'27'!I38+'28'!I38+'29'!I38+'30'!I38+'31.'!I38 -> 0 | J38: =E38+F38-H38-K38-I38 -> 0 | K38: =+'1'!K38+'2'!K38+'3'!K38+'4'!K38+'5'!K38+'6'!K38+'7'!K38+'8'!K38+'9'!K38+'10'!K38+'11'!K38+'12'!K38+'13'!K38+'14'!K38+'15'!K38+'16'!K38+'17'!K38+'18'!K38+'19'!K38+'20'!K38+'21'!K38+'22'!K38+'23'!K38+'24'!K38+'25'!K38+'26'!K38+'27'!K38+'28'!K38+'29'!K38+'30'!K38+'31.'!K38 -> 0 | L38: 50 | M38: =+'1'!M38+'2'!M38+'3'!M38+'4'!M38+'5'!M38+'6'!M38+'7'!M38+'8'!M38+'9'!M38+'10'!M38+'11'!M38+'12'!M38+'13'!M38+'14'!M38+'15'!M38+'16'!M38+'17'!M38+'18'!M38+'19'!M38+'20'!M38+'21'!M38+'22'!M38+'23'!M38+'24'!M38+'25'!M38+'26'!M38+'27'!M38+'28'!M38+'29'!M38+'30'!M38+'31.'!M38 -> 0 | O38: 27.84 | P38: =+K38*O38 -> 0 | R38: 10 | S38: NOTE : | T38: ค่าคอมมิชชั่นพิเศษ วันจันทร์ - ศุกร์ ยอดขายหลังหักค่าใช้จ่ายเกิน 7,000 บาท รับค่าคอมมิชชั่น (พิเศษ) 100 บาท
A39: 35 | B39: 8857125000604 | C39: ครีมฮอร์น ใบเตย | D39: กล่อง | E39: =+ยกมา!J39 -> 0 | F39: =+'1'!F39+'2'!F39+'3'!F39+'4'!F39+'5'!F39+'6'!F39+'7'!F39+'8'!F39+'9'!F39+'10'!F39+'11'!F39+'12'!F39+'13'!F39+'14'!F39+'15'!F39+'16'!F39+'17'!F39+'18'!F39+'19'!F39+'20'!F39+'21'!F39+'22'!F39+'23'!F39+'24'!F39+'25'!F39+'26'!F39+'27'!F39+'28'!F39+'29'!F39+'30'!F39+'31.'!F39 -> 0 | G39: =+E39+F39 -> 0 | H39: =+'1'!H39+'2'!H39+'3'!H39+'4'!H39+'5'!H39+'6'!H39+'7'!H39+'8'!H39+'9'!H39+'10'!H39+'11'!H39+'12'!H39+'13'!H39+'14'!H39+'15'!H39+'16'!H39+'17'!H39+'18'!H39+'19'!H39+'20'!H39+'21'!H39+'22'!H39+'23'!H39+'24'!H39+'25'!H39+'26'!H39+'27'!H39+'28'!H39+'29'!H39+'30'!H39+'31.'!H39 -> 0 | I39: =+'1'!I39+'2'!I39+'3'!I39+'4'!I39+'5'!I39+'6'!I39+'7'!I39+'8'!I39+'9'!I39+'10'!I39+'11'!I39+'12'!I39+'13'!I39+'14'!I39+'15'!I39+'16'!I39+'17'!I39+'18'!I39+'19'!I39+'20'!I39+'21'!I39+'22'!I39+'23'!I39+'24'!I39+'25'!I39+'26'!I39+'27'!I39+'28'!I39+'29'!I39+'30'!I39+'31.'!I39 -> 0 | J39: =E39+F39-H39-K39-I39 -> 0 | K39: =+'1'!K39+'2'!K39+'3'!K39+'4'!K39+'5'!K39+'6'!K39+'7'!K39+'8'!K39+'9'!K39+'10'!K39+'11'!K39+'12'!K39+'13'!K39+'14'!K39+'15'!K39+'16'!K39+'17'!K39+'18'!K39+'19'!K39+'20'!K39+'21'!K39+'22'!K39+'23'!K39+'24'!K39+'25'!K39+'26'!K39+'27'!K39+'28'!K39+'29'!K39+'30'!K39+'31.'!K39 -> 0 | L39: 50 | M39: =+'1'!M39+'2'!M39+'3'!M39+'4'!M39+'5'!M39+'6'!M39+'7'!M39+'8'!M39+'9'!M39+'10'!M39+'11'!M39+'12'!M39+'13'!M39+'14'!M39+'15'!M39+'16'!M39+'17'!M39+'18'!M39+'19'!M39+'20'!M39+'21'!M39+'22'!M39+'23'!M39+'24'!M39+'25'!M39+'26'!M39+'27'!M39+'28'!M39+'29'!M39+'30'!M39+'31.'!M39 -> 0 | O39: 27.12 | P39: =+K39*O39 -> 0 | T39: ค่าคอมมิชชั่นพิเศษ วันจันทร์ - ศุกร์ ยอดขายหลังหักค่าใช้จ่ายเกิน 10,000 บาท รับค่าคอมมิชชั่น (พิเศษ) 100 บาท
A40: 36 | B40: 8857125000598 | C40: ครีมฮอร์น ช็อคโกแลต | D40: กล่อง | E40: =+ยกมา!J40 -> 0 | F40: =+'1'!F40+'2'!F40+'3'!F40+'4'!F40+'5'!F40+'6'!F40+'7'!F40+'8'!F40+'9'!F40+'10'!F40+'11'!F40+'12'!F40+'13'!F40+'14'!F40+'15'!F40+'16'!F40+'17'!F40+'18'!F40+'19'!F40+'20'!F40+'21'!F40+'22'!F40+'23'!F40+'24'!F40+'25'!F40+'26'!F40+'27'!F40+'28'!F40+'29'!F40+'30'!F40+'31.'!F40 -> 0 | G40: =+E40+F40 -> 0 | H40: =+'1'!H40+'2'!H40+'3'!H40+'4'!H40+'5'!H40+'6'!H40+'7'!H40+'8'!H40+'9'!H40+'10'!H40+'11'!H40+'12'!H40+'13'!H40+'14'!H40+'15'!H40+'16'!H40+'17'!H40+'18'!H40+'19'!H40+'20'!H40+'21'!H40+'22'!H40+'23'!H40+'24'!H40+'25'!H40+'26'!H40+'27'!H40+'28'!H40+'29'!H40+'30'!H40+'31.'!H40 -> 0 | I40: =+'1'!I40+'2'!I40+'3'!I40+'4'!I40+'5'!I40+'6'!I40+'7'!I40+'8'!I40+'9'!I40+'10'!I40+'11'!I40+'12'!I40+'13'!I40+'14'!I40+'15'!I40+'16'!I40+'17'!I40+'18'!I40+'19'!I40+'20'!I40+'21'!I40+'22'!I40+'23'!I40+'24'!I40+'25'!I40+'26'!I40+'27'!I40+'28'!I40+'29'!I40+'30'!I40+'31.'!I40 -> 0 | J40: =E40+F40-H40-K40-I40 -> 0 | K40: =+'1'!K40+'2'!K40+'3'!K40+'4'!K40+'5'!K40+'6'!K40+'7'!K40+'8'!K40+'9'!K40+'10'!K40+'11'!K40+'12'!K40+'13'!K40+'14'!K40+'15'!K40+'16'!K40+'17'!K40+'18'!K40+'19'!K40+'20'!K40+'21'!K40+'22'!K40+'23'!K40+'24'!K40+'25'!K40+'26'!K40+'27'!K40+'28'!K40+'29'!K40+'30'!K40+'31.'!K40 -> 0 | L40: 50 | M40: =+'1'!M40+'2'!M40+'3'!M40+'4'!M40+'5'!M40+'6'!M40+'7'!M40+'8'!M40+'9'!M40+'10'!M40+'11'!M40+'12'!M40+'13'!M40+'14'!M40+'15'!M40+'16'!M40+'17'!M40+'18'!M40+'19'!M40+'20'!M40+'21'!M40+'22'!M40+'23'!M40+'24'!M40+'25'!M40+'26'!M40+'27'!M40+'28'!M40+'29'!M40+'30'!M40+'31.'!M40 -> 0 | O40: 15.42 | P40: =+K40*O40 -> 0 | T40: ** วันที่ได้ค่าคอมมิชชั่นพิเศษไฮไลท์ด้วยสีเหลือง
A41: 37 | B41: 8857125004015 | C41: ครีมฮอร์นวนิลา จัมโบ้ 65g. | D41: ชิ้น | E41: =+ยกมา!J41 -> 0 | F41: =+'1'!F41+'2'!F41+'3'!F41+'4'!F41+'5'!F41+'6'!F41+'7'!F41+'8'!F41+'9'!F41+'10'!F41+'11'!F41+'12'!F41+'13'!F41+'14'!F41+'15'!F41+'16'!F41+'17'!F41+'18'!F41+'19'!F41+'20'!F41+'21'!F41+'22'!F41+'23'!F41+'24'!F41+'25'!F41+'26'!F41+'27'!F41+'28'!F41+'29'!F41+'30'!F41+'31.'!F41 -> 0 | G41: =+E41+F41 -> 0 | H41: =+'1'!H41+'2'!H41+'3'!H41+'4'!H41+'5'!H41+'6'!H41+'7'!H41+'8'!H41+'9'!H41+'10'!H41+'11'!H41+'12'!H41+'13'!H41+'14'!H41+'15'!H41+'16'!H41+'17'!H41+'18'!H41+'19'!H41+'20'!H41+'21'!H41+'22'!H41+'23'!H41+'24'!H41+'25'!H41+'26'!H41+'27'!H41+'28'!H41+'29'!H41+'30'!H41+'31.'!H41 -> 0 | I41: =+'1'!I41+'2'!I41+'3'!I41+'4'!I41+'5'!I41+'6'!I41+'7'!I41+'8'!I41+'9'!I41+'10'!I41+'11'!I41+'12'!I41+'13'!I41+'14'!I41+'15'!I41+'16'!I41+'17'!I41+'18'!I41+'19'!I41+'20'!I41+'21'!I41+'22'!I41+'23'!I41+'24'!I41+'25'!I41+'26'!I41+'27'!I41+'28'!I41+'29'!I41+'30'!I41+'31.'!I41 -> 0 | J41: =E41+F41-H41-K41-I41 -> 0 | K41: =+'1'!K41+'2'!K41+'3'!K41+'4'!K41+'5'!K41+'6'!K41+'7'!K41+'8'!K41+'9'!K41+'10'!K41+'11'!K41+'12'!K41+'13'!K41+'14'!K41+'15'!K41+'16'!K41+'17'!K41+'18'!K41+'19'!K41+'20'!K41+'21'!K41+'22'!K41+'23'!K41+'24'!K41+'25'!K41+'26'!K41+'27'!K41+'28'!K41+'29'!K41+'30'!K41+'31.'!K41 -> 0 | L41: 25 | M41: =+'1'!M41+'2'!M41+'3'!M41+'4'!M41+'5'!M41+'6'!M41+'7'!M41+'8'!M41+'9'!M41+'10'!M41+'11'!M41+'12'!M41+'13'!M41+'14'!M41+'15'!M41+'16'!M41+'17'!M41+'18'!M41+'19'!M41+'20'!M41+'21'!M41+'22'!M41+'23'!M41+'24'!M41+'25'!M41+'26'!M41+'27'!M41+'28'!M41+'29'!M41+'30'!M41+'31.'!M41 -> 0 | O41: 15.55 | P41: =+K41*O41 -> 0
A42: 38 | B42: 8857125004022 | C42: ครีมฮอร์นใบเตย จัมโบ้ 65g. | D42: ชิ้น | E42: =+ยกมา!J42 -> 0 | F42: =+'1'!F42+'2'!F42+'3'!F42+'4'!F42+'5'!F42+'6'!F42+'7'!F42+'8'!F42+'9'!F42+'10'!F42+'11'!F42+'12'!F42+'13'!F42+'14'!F42+'15'!F42+'16'!F42+'17'!F42+'18'!F42+'19'!F42+'20'!F42+'21'!F42+'22'!F42+'23'!F42+'24'!F42+'25'!F42+'26'!F42+'27'!F42+'28'!F42+'29'!F42+'30'!F42+'31.'!F42 -> 0 | G42: =+E42+F42 -> 0 | H42: =+'1'!H42+'2'!H42+'3'!H42+'4'!H42+'5'!H42+'6'!H42+'7'!H42+'8'!H42+'9'!H42+'10'!H42+'11'!H42+'12'!H42+'13'!H42+'14'!H42+'15'!H42+'16'!H42+'17'!H42+'18'!H42+'19'!H42+'20'!H42+'21'!H42+'22'!H42+'23'!H42+'24'!H42+'25'!H42+'26'!H42+'27'!H42+'28'!H42+'29'!H42+'30'!H42+'31.'!H42 -> 0 | I42: =+'1'!I42+'2'!I42+'3'!I42+'4'!I42+'5'!I42+'6'!I42+'7'!I42+'8'!I42+'9'!I42+'10'!I42+'11'!I42+'12'!I42+'13'!I42+'14'!I42+'15'!I42+'16'!I42+'17'!I42+'18'!I42+'19'!I42+'20'!I42+'21'!I42+'22'!I42+'23'!I42+'24'!I42+'25'!I42+'26'!I42+'27'!I42+'28'!I42+'29'!I42+'30'!I42+'31.'!I42 -> 0 | J42: =E42+F42-H42-K42-I42 -> 0 | K42: =+'1'!K42+'2'!K42+'3'!K42+'4'!K42+'5'!K42+'6'!K42+'7'!K42+'8'!K42+'9'!K42+'10'!K42+'11'!K42+'12'!K42+'13'!K42+'14'!K42+'15'!K42+'16'!K42+'17'!K42+'18'!K42+'19'!K42+'20'!K42+'21'!K42+'22'!K42+'23'!K42+'24'!K42+'25'!K42+'26'!K42+'27'!K42+'28'!K42+'29'!K42+'30'!K42+'31.'!K42 -> 0 | L42: 25 | M42: =+'1'!M42+'2'!M42+'3'!M42+'4'!M42+'5'!M42+'6'!M42+'7'!M42+'8'!M42+'9'!M42+'10'!M42+'11'!M42+'12'!M42+'13'!M42+'14'!M42+'15'!M42+'16'!M42+'17'!M42+'18'!M42+'19'!M42+'20'!M42+'21'!M42+'22'!M42+'23'!M42+'24'!M42+'25'!M42+'26'!M42+'27'!M42+'28'!M42+'29'!M42+'30'!M42+'31.'!M42 -> 0 | P42: =+K42*O42 -> 0
A43: 39 | B43: 8857125004411 | C43: ครีมฮอร์นชาไทย จัมโบ้ 65g. | D43: ชิ้น | E43: =+ยกมา!J43 -> 0 | F43: =+'1'!F43+'2'!F43+'3'!F43+'4'!F43+'5'!F43+'6'!F43+'7'!F43+'8'!F43+'9'!F43+'10'!F43+'11'!F43+'12'!F43+'13'!F43+'14'!F43+'15'!F43+'16'!F43+'17'!F43+'18'!F43+'19'!F43+'20'!F43+'21'!F43+'22'!F43+'23'!F43+'24'!F43+'25'!F43+'26'!F43+'27'!F43+'28'!F43+'29'!F43+'30'!F43+'31.'!F43 -> 0 | G43: =+E43+F43 -> 0 | H43: =+'1'!H43+'2'!H43+'3'!H43+'4'!H43+'5'!H43+'6'!H43+'7'!H43+'8'!H43+'9'!H43+'10'!H43+'11'!H43+'12'!H43+'13'!H43+'14'!H43+'15'!H43+'16'!H43+'17'!H43+'18'!H43+'19'!H43+'20'!H43+'21'!H43+'22'!H43+'23'!H43+'24'!H43+'25'!H43+'26'!H43+'27'!H43+'28'!H43+'29'!H43+'30'!H43+'31.'!H43 -> 0 | I43: =+'1'!I43+'2'!I43+'3'!I43+'4'!I43+'5'!I43+'6'!I43+'7'!I43+'8'!I43+'9'!I43+'10'!I43+'11'!I43+'12'!I43+'13'!I43+'14'!I43+'15'!I43+'16'!I43+'17'!I43+'18'!I43+'19'!I43+'20'!I43+'21'!I43+'22'!I43+'23'!I43+'24'!I43+'25'!I43+'26'!I43+'27'!I43+'28'!I43+'29'!I43+'30'!I43+'31.'!I43 -> 0 | J43: =E43+F43-H43-K43-I43 -> 0 | K43: =+'1'!K43+'2'!K43+'3'!K43+'4'!K43+'5'!K43+'6'!K43+'7'!K43+'8'!K43+'9'!K43+'10'!K43+'11'!K43+'12'!K43+'13'!K43+'14'!K43+'15'!K43+'16'!K43+'17'!K43+'18'!K43+'19'!K43+'20'!K43+'21'!K43+'22'!K43+'23'!K43+'24'!K43+'25'!K43+'26'!K43+'27'!K43+'28'!K43+'29'!K43+'30'!K43+'31.'!K43 -> 0 | L43: 25 | M43: =+'1'!M43+'2'!M43+'3'!M43+'4'!M43+'5'!M43+'6'!M43+'7'!M43+'8'!M43+'9'!M43+'10'!M43+'11'!M43+'12'!M43+'13'!M43+'14'!M43+'15'!M43+'16'!M43+'17'!M43+'18'!M43+'19'!M43+'20'!M43+'21'!M43+'22'!M43+'23'!M43+'24'!M43+'25'!M43+'26'!M43+'27'!M43+'28'!M43+'29'!M43+'30'!M43+'31.'!M43 -> 0 | P43: =+K43*O43 -> 0
A44: 40 | B44: 20055115 | C44: ครีมฮอร์นคิทแคท 70g. | D44: กล่อง | E44: =+ยกมา!J44 -> 0 | F44: =+'1'!F44+'2'!F44+'3'!F44+'4'!F44+'5'!F44+'6'!F44+'7'!F44+'8'!F44+'9'!F44+'10'!F44+'11'!F44+'12'!F44+'13'!F44+'14'!F44+'15'!F44+'16'!F44+'17'!F44+'18'!F44+'19'!F44+'20'!F44+'21'!F44+'22'!F44+'23'!F44+'24'!F44+'25'!F44+'26'!F44+'27'!F44+'28'!F44+'29'!F44+'30'!F44+'31.'!F44 -> 0 | G44: =+E44+F44 -> 0 | H44: =+'1'!H44+'2'!H44+'3'!H44+'4'!H44+'5'!H44+'6'!H44+'7'!H44+'8'!H44+'9'!H44+'10'!H44+'11'!H44+'12'!H44+'13'!H44+'14'!H44+'15'!H44+'16'!H44+'17'!H44+'18'!H44+'19'!H44+'20'!H44+'21'!H44+'22'!H44+'23'!H44+'24'!H44+'25'!H44+'26'!H44+'27'!H44+'28'!H44+'29'!H44+'30'!H44+'31.'!H44 -> 0 | I44: =+'1'!I44+'2'!I44+'3'!I44+'4'!I44+'5'!I44+'6'!I44+'7'!I44+'8'!I44+'9'!I44+'10'!I44+'11'!I44+'12'!I44+'13'!I44+'14'!I44+'15'!I44+'16'!I44+'17'!I44+'18'!I44+'19'!I44+'20'!I44+'21'!I44+'22'!I44+'23'!I44+'24'!I44+'25'!I44+'26'!I44+'27'!I44+'28'!I44+'29'!I44+'30'!I44+'31.'!I44 -> 0 | J44: =E44+F44-H44-K44-I44 -> 0 | K44: =+'1'!K44+'2'!K44+'3'!K44+'4'!K44+'5'!K44+'6'!K44+'7'!K44+'8'!K44+'9'!K44+'10'!K44+'11'!K44+'12'!K44+'13'!K44+'14'!K44+'15'!K44+'16'!K44+'17'!K44+'18'!K44+'19'!K44+'20'!K44+'21'!K44+'22'!K44+'23'!K44+'24'!K44+'25'!K44+'26'!K44+'27'!K44+'28'!K44+'29'!K44+'30'!K44+'31.'!K44 -> 0 | L44: 35 | M44: =+'1'!M44+'2'!M44+'3'!M44+'4'!M44+'5'!M44+'6'!M44+'7'!M44+'8'!M44+'9'!M44+'10'!M44+'11'!M44+'12'!M44+'13'!M44+'14'!M44+'15'!M44+'16'!M44+'17'!M44+'18'!M44+'19'!M44+'20'!M44+'21'!M44+'22'!M44+'23'!M44+'24'!M44+'25'!M44+'26'!M44+'27'!M44+'28'!M44+'29'!M44+'30'!M44+'31.'!M44 -> 0 | P44: =+K44*O44 -> 0
A45: 41 | B45: 8857125000420 | C45: เค้กเบาหวิว รสกล้วยหอมหน้ามะพร้าวเผา 110 กรัม | D45: กล่อง | E45: =+ยกมา!J45 -> 1 | F45: =+'1'!F45+'2'!F45+'3'!F45+'4'!F45+'5'!F45+'6'!F45+'7'!F45+'8'!F45+'9'!F45+'10'!F45+'11'!F45+'12'!F45+'13'!F45+'14'!F45+'15'!F45+'16'!F45+'17'!F45+'18'!F45+'19'!F45+'20'!F45+'21'!F45+'22'!F45+'23'!F45+'24'!F45+'25'!F45+'26'!F45+'27'!F45+'28'!F45+'29'!F45+'30'!F45+'31.'!F45 -> 25 | G45: =+E45+F45 -> 26 | H45: =+'1'!H45+'2'!H45+'3'!H45+'4'!H45+'5'!H45+'6'!H45+'7'!H45+'8'!H45+'9'!H45+'10'!H45+'11'!H45+'12'!H45+'13'!H45+'14'!H45+'15'!H45+'16'!H45+'17'!H45+'18'!H45+'19'!H45+'20'!H45+'21'!H45+'22'!H45+'23'!H45+'24'!H45+'25'!H45+'26'!H45+'27'!H45+'28'!H45+'29'!H45+'30'!H45+'31.'!H45 -> 0 | I45: =+'1'!I45+'2'!I45+'3'!I45+'4'!I45+'5'!I45+'6'!I45+'7'!I45+'8'!I45+'9'!I45+'10'!I45+'11'!I45+'12'!I45+'13'!I45+'14'!I45+'15'!I45+'16'!I45+'17'!I45+'18'!I45+'19'!I45+'20'!I45+'21'!I45+'22'!I45+'23'!I45+'24'!I45+'25'!I45+'26'!I45+'27'!I45+'28'!I45+'29'!I45+'30'!I45+'31.'!I45 -> 0 | J45: =E45+F45-H45-K45-I45 -> 5 | K45: =+'1'!K45+'2'!K45+'3'!K45+'4'!K45+'5'!K45+'6'!K45+'7'!K45+'8'!K45+'9'!K45+'10'!K45+'11'!K45+'12'!K45+'13'!K45+'14'!K45+'15'!K45+'16'!K45+'17'!K45+'18'!K45+'19'!K45+'20'!K45+'21'!K45+'22'!K45+'23'!K45+'24'!K45+'25'!K45+'26'!K45+'27'!K45+'28'!K45+'29'!K45+'30'!K45+'31.'!K45 -> 21 | L45: 50 | M45: =+'1'!M45+'2'!M45+'3'!M45+'4'!M45+'5'!M45+'6'!M45+'7'!M45+'8'!M45+'9'!M45+'10'!M45+'11'!M45+'12'!M45+'13'!M45+'14'!M45+'15'!M45+'16'!M45+'17'!M45+'18'!M45+'19'!M45+'20'!M45+'21'!M45+'22'!M45+'23'!M45+'24'!M45+'25'!M45+'26'!M45+'27'!M45+'28'!M45+'29'!M45+'30'!M45+'31.'!M45 -> 1050 | O45: 19.05 | P45: =+K45*O45 -> 400.05
A46: 42 | B46: 8857125001175 | C46: เค้กเบาหวิว เผือกมะพร้าวอ่อน110 กรัม | D46: กล่อง | E46: =+ยกมา!J46 -> 11 | F46: =+'1'!F46+'2'!F46+'3'!F46+'4'!F46+'5'!F46+'6'!F46+'7'!F46+'8'!F46+'9'!F46+'10'!F46+'11'!F46+'12'!F46+'13'!F46+'14'!F46+'15'!F46+'16'!F46+'17'!F46+'18'!F46+'19'!F46+'20'!F46+'21'!F46+'22'!F46+'23'!F46+'24'!F46+'25'!F46+'26'!F46+'27'!F46+'28'!F46+'29'!F46+'30'!F46+'31.'!F46 -> 70 | G46: =+E46+F46 -> 81 | H46: =+'1'!H46+'2'!H46+'3'!H46+'4'!H46+'5'!H46+'6'!H46+'7'!H46+'8'!H46+'9'!H46+'10'!H46+'11'!H46+'12'!H46+'13'!H46+'14'!H46+'15'!H46+'16'!H46+'17'!H46+'18'!H46+'19'!H46+'20'!H46+'21'!H46+'22'!H46+'23'!H46+'24'!H46+'25'!H46+'26'!H46+'27'!H46+'28'!H46+'29'!H46+'30'!H46+'31.'!H46 -> 3 | I46: =+'1'!I46+'2'!I46+'3'!I46+'4'!I46+'5'!I46+'6'!I46+'7'!I46+'8'!I46+'9'!I46+'10'!I46+'11'!I46+'12'!I46+'13'!I46+'14'!I46+'15'!I46+'16'!I46+'17'!I46+'18'!I46+'19'!I46+'20'!I46+'21'!I46+'22'!I46+'23'!I46+'24'!I46+'25'!I46+'26'!I46+'27'!I46+'28'!I46+'29'!I46+'30'!I46+'31.'!I46 -> 0 | J46: =E46+F46-H46-K46-I46 -> 9 | K46: =+'1'!K46+'2'!K46+'3'!K46+'4'!K46+'5'!K46+'6'!K46+'7'!K46+'8'!K46+'9'!K46+'10'!K46+'11'!K46+'12'!K46+'13'!K46+'14'!K46+'15'!K46+'16'!K46+'17'!K46+'18'!K46+'19'!K46+'20'!K46+'21'!K46+'22'!K46+'23'!K46+'24'!K46+'25'!K46+'26'!K46+'27'!K46+'28'!K46+'29'!K46+'30'!K46+'31.'!K46 -> 69 | L46: 50 | M46: =+'1'!M46+'2'!M46+'3'!M46+'4'!M46+'5'!M46+'6'!M46+'7'!M46+'8'!M46+'9'!M46+'10'!M46+'11'!M46+'12'!M46+'13'!M46+'14'!M46+'15'!M46+'16'!M46+'17'!M46+'18'!M46+'19'!M46+'20'!M46+'21'!M46+'22'!M46+'23'!M46+'24'!M46+'25'!M46+'26'!M46+'27'!M46+'28'!M46+'29'!M46+'30'!M46+'31.'!M46 -> 3450 | O46: 19.21 | P46: =+K46*O46 -> 1325.49
A47: 43 | B47: 8857125000154 | C47: เค้กเบาหวิว รสมะพร้าวน้ำหอม 110 กรัม | D47: กล่อง | E47: =+ยกมา!J47 -> 11 | F47: =+'1'!F47+'2'!F47+'3'!F47+'4'!F47+'5'!F47+'6'!F47+'7'!F47+'8'!F47+'9'!F47+'10'!F47+'11'!F47+'12'!F47+'13'!F47+'14'!F47+'15'!F47+'16'!F47+'17'!F47+'18'!F47+'19'!F47+'20'!F47+'21'!F47+'22'!F47+'23'!F47+'24'!F47+'25'!F47+'26'!F47+'27'!F47+'28'!F47+'29'!F47+'30'!F47+'31.'!F47 -> 75 | G47: =+E47+F47 -> 86 | H47: =+'1'!H47+'2'!H47+'3'!H47+'4'!H47+'5'!H47+'6'!H47+'7'!H47+'8'!H47+'9'!H47+'10'!H47+'11'!H47+'12'!H47+'13'!H47+'14'!H47+'15'!H47+'16'!H47+'17'!H47+'18'!H47+'19'!H47+'20'!H47+'21'!H47+'22'!H47+'23'!H47+'24'!H47+'25'!H47+'26'!H47+'27'!H47+'28'!H47+'29'!H47+'30'!H47+'31.'!H47 -> 0 | I47: =+'1'!I47+'2'!I47+'3'!I47+'4'!I47+'5'!I47+'6'!I47+'7'!I47+'8'!I47+'9'!I47+'10'!I47+'11'!I47+'12'!I47+'13'!I47+'14'!I47+'15'!I47+'16'!I47+'17'!I47+'18'!I47+'19'!I47+'20'!I47+'21'!I47+'22'!I47+'23'!I47+'24'!I47+'25'!I47+'26'!I47+'27'!I47+'28'!I47+'29'!I47+'30'!I47+'31.'!I47 -> 0 | J47: =E47+F47-H47-K47-I47 -> 13 | K47: =+'1'!K47+'2'!K47+'3'!K47+'4'!K47+'5'!K47+'6'!K47+'7'!K47+'8'!K47+'9'!K47+'10'!K47+'11'!K47+'12'!K47+'13'!K47+'14'!K47+'15'!K47+'16'!K47+'17'!K47+'18'!K47+'19'!K47+'20'!K47+'21'!K47+'22'!K47+'23'!K47+'24'!K47+'25'!K47+'26'!K47+'27'!K47+'28'!K47+'29'!K47+'30'!K47+'31.'!K47 -> 73 | L47: 50 | M47: =+'1'!M47+'2'!M47+'3'!M47+'4'!M47+'5'!M47+'6'!M47+'7'!M47+'8'!M47+'9'!M47+'10'!M47+'11'!M47+'12'!M47+'13'!M47+'14'!M47+'15'!M47+'16'!M47+'17'!M47+'18'!M47+'19'!M47+'20'!M47+'21'!M47+'22'!M47+'23'!M47+'24'!M47+'25'!M47+'26'!M47+'27'!M47+'28'!M47+'29'!M47+'30'!M47+'31.'!M47 -> 3650 | O47: 18.88 | P47: =+K47*O47 -> 1378.24
A48: 44 | B48: 8857125000192 | C48: เค้กเบาหวิว รสกาแฟ 110 กรัม | D48: กล่อง | E48: =+ยกมา!J48 -> 4 | F48: =+'1'!F48+'2'!F48+'3'!F48+'4'!F48+'5'!F48+'6'!F48+'7'!F48+'8'!F48+'9'!F48+'10'!F48+'11'!F48+'12'!F48+'13'!F48+'14'!F48+'15'!F48+'16'!F48+'17'!F48+'18'!F48+'19'!F48+'20'!F48+'21'!F48+'22'!F48+'23'!F48+'24'!F48+'25'!F48+'26'!F48+'27'!F48+'28'!F48+'29'!F48+'30'!F48+'31.'!F48 -> 15 | G48: =+E48+F48 -> 19 | H48: =+'1'!H48+'2'!H48+'3'!H48+'4'!H48+'5'!H48+'6'!H48+'7'!H48+'8'!H48+'9'!H48+'10'!H48+'11'!H48+'12'!H48+'13'!H48+'14'!H48+'15'!H48+'16'!H48+'17'!H48+'18'!H48+'19'!H48+'20'!H48+'21'!H48+'22'!H48+'23'!H48+'24'!H48+'25'!H48+'26'!H48+'27'!H48+'28'!H48+'29'!H48+'30'!H48+'31.'!H48 -> 0 | I48: =+'1'!I48+'2'!I48+'3'!I48+'4'!I48+'5'!I48+'6'!I48+'7'!I48+'8'!I48+'9'!I48+'10'!I48+'11'!I48+'12'!I48+'13'!I48+'14'!I48+'15'!I48+'16'!I48+'17'!I48+'18'!I48+'19'!I48+'20'!I48+'21'!I48+'22'!I48+'23'!I48+'24'!I48+'25'!I48+'26'!I48+'27'!I48+'28'!I48+'29'!I48+'30'!I48+'31.'!I48 -> 0 | J48: =E48+F48-H48-K48-I48 -> 5 | K48: =+'1'!K48+'2'!K48+'3'!K48+'4'!K48+'5'!K48+'6'!K48+'7'!K48+'8'!K48+'9'!K48+'10'!K48+'11'!K48+'12'!K48+'13'!K48+'14'!K48+'15'!K48+'16'!K48+'17'!K48+'18'!K48+'19'!K48+'20'!K48+'21'!K48+'22'!K48+'23'!K48+'24'!K48+'25'!K48+'26'!K48+'27'!K48+'28'!K48+'29'!K48+'30'!K48+'31.'!K48 -> 14 | L48: 50 | M48: =+'1'!M48+'2'!M48+'3'!M48+'4'!M48+'5'!M48+'6'!M48+'7'!M48+'8'!M48+'9'!M48+'10'!M48+'11'!M48+'12'!M48+'13'!M48+'14'!M48+'15'!M48+'16'!M48+'17'!M48+'18'!M48+'19'!M48+'20'!M48+'21'!M48+'22'!M48+'23'!M48+'24'!M48+'25'!M48+'26'!M48+'27'!M48+'28'!M48+'29'!M48+'30'!M48+'31.'!M48 -> 700 | O48: 20.43 | P48: =+K48*O48 -> 286.02
A49: 45 | B49: 8857125000185 | C49: เค้กเบาหวิว รสเนยนม 110 กรัม | D49: กล่อง | E49: =+ยกมา!J49 -> 8 | F49: =+'1'!F49+'2'!F49+'3'!F49+'4'!F49+'5'!F49+'6'!F49+'7'!F49+'8'!F49+'9'!F49+'10'!F49+'11'!F49+'12'!F49+'13'!F49+'14'!F49+'15'!F49+'16'!F49+'17'!F49+'18'!F49+'19'!F49+'20'!F49+'21'!F49+'22'!F49+'23'!F49+'24'!F49+'25'!F49+'26'!F49+'27'!F49+'28'!F49+'29'!F49+'30'!F49+'31.'!F49 -> 55 | G49: =+E49+F49 -> 63 | H49: =+'1'!H49+'2'!H49+'3'!H49+'4'!H49+'5'!H49+'6'!H49+'7'!H49+'8'!H49+'9'!H49+'10'!H49+'11'!H49+'12'!H49+'13'!H49+'14'!H49+'15'!H49+'16'!H49+'17'!H49+'18'!H49+'19'!H49+'20'!H49+'21'!H49+'22'!H49+'23'!H49+'24'!H49+'25'!H49+'26'!H49+'27'!H49+'28'!H49+'29'!H49+'30'!H49+'31.'!H49 -> 0 | I49: =+'1'!I49+'2'!I49+'3'!I49+'4'!I49+'5'!I49+'6'!I49+'7'!I49+'8'!I49+'9'!I49+'10'!I49+'11'!I49+'12'!I49+'13'!I49+'14'!I49+'15'!I49+'16'!I49+'17'!I49+'18'!I49+'19'!I49+'20'!I49+'21'!I49+'22'!I49+'23'!I49+'24'!I49+'25'!I49+'26'!I49+'27'!I49+'28'!I49+'29'!I49+'30'!I49+'31.'!I49 -> 0 | J49: =E49+F49-H49-K49-I49 -> 12 | K49: =+'1'!K49+'2'!K49+'3'!K49+'4'!K49+'5'!K49+'6'!K49+'7'!K49+'8'!K49+'9'!K49+'10'!K49+'11'!K49+'12'!K49+'13'!K49+'14'!K49+'15'!K49+'16'!K49+'17'!K49+'18'!K49+'19'!K49+'20'!K49+'21'!K49+'22'!K49+'23'!K49+'24'!K49+'25'!K49+'26'!K49+'27'!K49+'28'!K49+'29'!K49+'30'!K49+'31.'!K49 -> 51 | L49: 50 | M49: =+'1'!M49+'2'!M49+'3'!M49+'4'!M49+'5'!M49+'6'!M49+'7'!M49+'8'!M49+'9'!M49+'10'!M49+'11'!M49+'12'!M49+'13'!M49+'14'!M49+'15'!M49+'16'!M49+'17'!M49+'18'!M49+'19'!M49+'20'!M49+'21'!M49+'22'!M49+'23'!M49+'24'!M49+'25'!M49+'26'!M49+'27'!M49+'28'!M49+'29'!M49+'30'!M49+'31.'!M49 -> 2550 | O49: 21.81 | P49: =+K49*O49 -> 1112.31
A50: 46 | B50: 8857125000161 | C50: เค้กเบาหวิว รสตาลหอม 110 กรัม | D50: กล่อง | E50: =+ยกมา!J50 -> 0 | F50: =+'1'!F50+'2'!F50+'3'!F50+'4'!F50+'5'!F50+'6'!F50+'7'!F50+'8'!F50+'9'!F50+'10'!F50+'11'!F50+'12'!F50+'13'!F50+'14'!F50+'15'!F50+'16'!F50+'17'!F50+'18'!F50+'19'!F50+'20'!F50+'21'!F50+'22'!F50+'23'!F50+'24'!F50+'25'!F50+'26'!F50+'27'!F50+'28'!F50+'29'!F50+'30'!F50+'31.'!F50 -> 25 | G50: =+E50+F50 -> 25 | H50: =+'1'!H50+'2'!H50+'3'!H50+'4'!H50+'5'!H50+'6'!H50+'7'!H50+'8'!H50+'9'!H50+'10'!H50+'11'!H50+'12'!H50+'13'!H50+'14'!H50+'15'!H50+'16'!H50+'17'!H50+'18'!H50+'19'!H50+'20'!H50+'21'!H50+'22'!H50+'23'!H50+'24'!H50+'25'!H50+'26'!H50+'27'!H50+'28'!H50+'29'!H50+'30'!H50+'31.'!H50 -> 0 | I50: =+'1'!I50+'2'!I50+'3'!I50+'4'!I50+'5'!I50+'6'!I50+'7'!I50+'8'!I50+'9'!I50+'10'!I50+'11'!I50+'12'!I50+'13'!I50+'14'!I50+'15'!I50+'16'!I50+'17'!I50+'18'!I50+'19'!I50+'20'!I50+'21'!I50+'22'!I50+'23'!I50+'24'!I50+'25'!I50+'26'!I50+'27'!I50+'28'!I50+'29'!I50+'30'!I50+'31.'!I50 -> 0 | J50: =E50+F50-H50-K50-I50 -> 5 | K50: =+'1'!K50+'2'!K50+'3'!K50+'4'!K50+'5'!K50+'6'!K50+'7'!K50+'8'!K50+'9'!K50+'10'!K50+'11'!K50+'12'!K50+'13'!K50+'14'!K50+'15'!K50+'16'!K50+'17'!K50+'18'!K50+'19'!K50+'20'!K50+'21'!K50+'22'!K50+'23'!K50+'24'!K50+'25'!K50+'26'!K50+'27'!K50+'28'!K50+'29'!K50+'30'!K50+'31.'!K50 -> 20 | L50: 50 | M50: =+'1'!M50+'2'!M50+'3'!M50+'4'!M50+'5'!M50+'6'!M50+'7'!M50+'8'!M50+'9'!M50+'10'!M50+'11'!M50+'12'!M50+'13'!M50+'14'!M50+'15'!M50+'16'!M50+'17'!M50+'18'!M50+'19'!M50+'20'!M50+'21'!M50+'22'!M50+'23'!M50+'24'!M50+'25'!M50+'26'!M50+'27'!M50+'28'!M50+'29'!M50+'30'!M50+'31.'!M50 -> 1000 | O50: 14.65 | P50: =+K50*O50 -> 293
A51: 47 | B51: 8857125001007 | C51: เค้กเบาหวิว รสเตยหอม 110 กรัม | D51: กล่อง | E51: =+ยกมา!J51 -> 0 | F51: =+'1'!F51+'2'!F51+'3'!F51+'4'!F51+'5'!F51+'6'!F51+'7'!F51+'8'!F51+'9'!F51+'10'!F51+'11'!F51+'12'!F51+'13'!F51+'14'!F51+'15'!F51+'16'!F51+'17'!F51+'18'!F51+'19'!F51+'20'!F51+'21'!F51+'22'!F51+'23'!F51+'24'!F51+'25'!F51+'26'!F51+'27'!F51+'28'!F51+'29'!F51+'30'!F51+'31.'!F51 -> 0 | G51: =+E51+F51 -> 0 | H51: =+'1'!H51+'2'!H51+'3'!H51+'4'!H51+'5'!H51+'6'!H51+'7'!H51+'8'!H51+'9'!H51+'10'!H51+'11'!H51+'12'!H51+'13'!H51+'14'!H51+'15'!H51+'16'!H51+'17'!H51+'18'!H51+'19'!H51+'20'!H51+'21'!H51+'22'!H51+'23'!H51+'24'!H51+'25'!H51+'26'!H51+'27'!H51+'28'!H51+'29'!H51+'30'!H51+'31.'!H51 -> 0 | I51: =+'1'!I51+'2'!I51+'3'!I51+'4'!I51+'5'!I51+'6'!I51+'7'!I51+'8'!I51+'9'!I51+'10'!I51+'11'!I51+'12'!I51+'13'!I51+'14'!I51+'15'!I51+'16'!I51+'17'!I51+'18'!I51+'19'!I51+'20'!I51+'21'!I51+'22'!I51+'23'!I51+'24'!I51+'25'!I51+'26'!I51+'27'!I51+'28'!I51+'29'!I51+'30'!I51+'31.'!I51 -> 0 | J51: =E51+F51-H51-K51-I51 -> 0 | K51: =+'1'!K51+'2'!K51+'3'!K51+'4'!K51+'5'!K51+'6'!K51+'7'!K51+'8'!K51+'9'!K51+'10'!K51+'11'!K51+'12'!K51+'13'!K51+'14'!K51+'15'!K51+'16'!K51+'17'!K51+'18'!K51+'19'!K51+'20'!K51+'21'!K51+'22'!K51+'23'!K51+'24'!K51+'25'!K51+'26'!K51+'27'!K51+'28'!K51+'29'!K51+'30'!K51+'31.'!K51 -> 0 | L51: 50 | M51: =+'1'!M51+'2'!M51+'3'!M51+'4'!M51+'5'!M51+'6'!M51+'7'!M51+'8'!M51+'9'!M51+'10'!M51+'11'!M51+'12'!M51+'13'!M51+'14'!M51+'15'!M51+'16'!M51+'17'!M51+'18'!M51+'19'!M51+'20'!M51+'21'!M51+'22'!M51+'23'!M51+'24'!M51+'25'!M51+'26'!M51+'27'!M51+'28'!M51+'29'!M51+'30'!M51+'31.'!M51 -> 0 | O51: 18.36 | P51: =+K51*O51 -> 0
A52: 48 | B52: 8857125000765 | C52: เค้กเบาหวิว หน้าฝอยทอง 110 กรัม | D52: กล่อง | E52: =+ยกมา!J52 -> 13 | F52: =+'1'!F52+'2'!F52+'3'!F52+'4'!F52+'5'!F52+'6'!F52+'7'!F52+'8'!F52+'9'!F52+'10'!F52+'11'!F52+'12'!F52+'13'!F52+'14'!F52+'15'!F52+'16'!F52+'17'!F52+'18'!F52+'19'!F52+'20'!F52+'21'!F52+'22'!F52+'23'!F52+'24'!F52+'25'!F52+'26'!F52+'27'!F52+'28'!F52+'29'!F52+'30'!F52+'31.'!F52 -> 115 | G52: =+E52+F52 -> 128 | H52: =+'1'!H52+'2'!H52+'3'!H52+'4'!H52+'5'!H52+'6'!H52+'7'!H52+'8'!H52+'9'!H52+'10'!H52+'11'!H52+'12'!H52+'13'!H52+'14'!H52+'15'!H52+'16'!H52+'17'!H52+'18'!H52+'19'!H52+'20'!H52+'21'!H52+'22'!H52+'23'!H52+'24'!H52+'25'!H52+'26'!H52+'27'!H52+'28'!H52+'29'!H52+'30'!H52+'31.'!H52 -> 1 | I52: =+'1'!I52+'2'!I52+'3'!I52+'4'!I52+'5'!I52+'6'!I52+'7'!I52+'8'!I52+'9'!I52+'10'!I52+'11'!I52+'12'!I52+'13'!I52+'14'!I52+'15'!I52+'16'!I52+'17'!I52+'18'!I52+'19'!I52+'20'!I52+'21'!I52+'22'!I52+'23'!I52+'24'!I52+'25'!I52+'26'!I52+'27'!I52+'28'!I52+'29'!I52+'30'!I52+'31.'!I52 -> 0 | J52: =E52+F52-H52-K52-I52 -> 21 | K52: =+'1'!K52+'2'!K52+'3'!K52+'4'!K52+'5'!K52+'6'!K52+'7'!K52+'8'!K52+'9'!K52+'10'!K52+'11'!K52+'12'!K52+'13'!K52+'14'!K52+'15'!K52+'16'!K52+'17'!K52+'18'!K52+'19'!K52+'20'!K52+'21'!K52+'22'!K52+'23'!K52+'24'!K52+'25'!K52+'26'!K52+'27'!K52+'28'!K52+'29'!K52+'30'!K52+'31.'!K52 -> 106 | L52: 50 | M52: =+'1'!M52+'2'!M52+'3'!M52+'4'!M52+'5'!M52+'6'!M52+'7'!M52+'8'!M52+'9'!M52+'10'!M52+'11'!M52+'12'!M52+'13'!M52+'14'!M52+'15'!M52+'16'!M52+'17'!M52+'18'!M52+'19'!M52+'20'!M52+'21'!M52+'22'!M52+'23'!M52+'24'!M52+'25'!M52+'26'!M52+'27'!M52+'28'!M52+'29'!M52+'30'!M52+'31.'!M52 -> 5300 | O52: 17.53 | P52: =+K52*O52 -> 1858.18
A53: 49 | B53: 8857125000871 | C53: เค้กเบาหวิว รสทุเรียน 110 กรัม | D53: กล่อง | E53: =+ยกมา!J53 -> 0 | F53: =+'1'!F53+'2'!F53+'3'!F53+'4'!F53+'5'!F53+'6'!F53+'7'!F53+'8'!F53+'9'!F53+'10'!F53+'11'!F53+'12'!F53+'13'!F53+'14'!F53+'15'!F53+'16'!F53+'17'!F53+'18'!F53+'19'!F53+'20'!F53+'21'!F53+'22'!F53+'23'!F53+'24'!F53+'25'!F53+'26'!F53+'27'!F53+'28'!F53+'29'!F53+'30'!F53+'31.'!F53 -> 0 | G53: =+E53+F53 -> 0 | H53: =+'1'!H53+'2'!H53+'3'!H53+'4'!H53+'5'!H53+'6'!H53+'7'!H53+'8'!H53+'9'!H53+'10'!H53+'11'!H53+'12'!H53+'13'!H53+'14'!H53+'15'!H53+'16'!H53+'17'!H53+'18'!H53+'19'!H53+'20'!H53+'21'!H53+'22'!H53+'23'!H53+'24'!H53+'25'!H53+'26'!H53+'27'!H53+'28'!H53+'29'!H53+'30'!H53+'31.'!H53 -> 0 | I53: =+'1'!I53+'2'!I53+'3'!I53+'4'!I53+'5'!I53+'6'!I53+'7'!I53+'8'!I53+'9'!I53+'10'!I53+'11'!I53+'12'!I53+'13'!I53+'14'!I53+'15'!I53+'16'!I53+'17'!I53+'18'!I53+'19'!I53+'20'!I53+'21'!I53+'22'!I53+'23'!I53+'24'!I53+'25'!I53+'26'!I53+'27'!I53+'28'!I53+'29'!I53+'30'!I53+'31.'!I53 -> 0 | J53: =E53+F53-H53-K53-I53 -> 0 | K53: =+'1'!K53+'2'!K53+'3'!K53+'4'!K53+'5'!K53+'6'!K53+'7'!K53+'8'!K53+'9'!K53+'10'!K53+'11'!K53+'12'!K53+'13'!K53+'14'!K53+'15'!K53+'16'!K53+'17'!K53+'18'!K53+'19'!K53+'20'!K53+'21'!K53+'22'!K53+'23'!K53+'24'!K53+'25'!K53+'26'!K53+'27'!K53+'28'!K53+'29'!K53+'30'!K53+'31.'!K53 -> 0 | L53: 50 | M53: =+'1'!M53+'2'!M53+'3'!M53+'4'!M53+'5'!M53+'6'!M53+'7'!M53+'8'!M53+'9'!M53+'10'!M53+'11'!M53+'12'!M53+'13'!M53+'14'!M53+'15'!M53+'16'!M53+'17'!M53+'18'!M53+'19'!M53+'20'!M53+'21'!M53+'22'!M53+'23'!M53+'24'!M53+'25'!M53+'26'!M53+'27'!M53+'28'!M53+'29'!M53+'30'!M53+'31.'!M53 -> 0 | O53: 14.38 | P53: =+K53*O53 -> 0
A54: 50 | B54: 8857125000017 | C54: เค้กเบาหวิว รสกล้วยหอมหน้ามะพร้าวเผา 300 กรัม | D54: กล่อง | E54: =+ยกมา!J54 -> 0 | F54: =+'1'!F54+'2'!F54+'3'!F54+'4'!F54+'5'!F54+'6'!F54+'7'!F54+'8'!F54+'9'!F54+'10'!F54+'11'!F54+'12'!F54+'13'!F54+'14'!F54+'15'!F54+'16'!F54+'17'!F54+'18'!F54+'19'!F54+'20'!F54+'21'!F54+'22'!F54+'23'!F54+'24'!F54+'25'!F54+'26'!F54+'27'!F54+'28'!F54+'29'!F54+'30'!F54+'31.'!F54 -> 0 | G54: =+E54+F54 -> 0 | H54: =+'1'!H54+'2'!H54+'3'!H54+'4'!H54+'5'!H54+'6'!H54+'7'!H54+'8'!H54+'9'!H54+'10'!H54+'11'!H54+'12'!H54+'13'!H54+'14'!H54+'15'!H54+'16'!H54+'17'!H54+'18'!H54+'19'!H54+'20'!H54+'21'!H54+'22'!H54+'23'!H54+'24'!H54+'25'!H54+'26'!H54+'27'!H54+'28'!H54+'29'!H54+'30'!H54+'31.'!H54 -> 0 | I54: =+'1'!I54+'2'!I54+'3'!I54+'4'!I54+'5'!I54+'6'!I54+'7'!I54+'8'!I54+'9'!I54+'10'!I54+'11'!I54+'12'!I54+'13'!I54+'14'!I54+'15'!I54+'16'!I54+'17'!I54+'18'!I54+'19'!I54+'20'!I54+'21'!I54+'22'!I54+'23'!I54+'24'!I54+'25'!I54+'26'!I54+'27'!I54+'28'!I54+'29'!I54+'30'!I54+'31.'!I54 -> 0 | J54: =E54+F54-H54-K54-I54 -> 0 | K54: =+'1'!K54+'2'!K54+'3'!K54+'4'!K54+'5'!K54+'6'!K54+'7'!K54+'8'!K54+'9'!K54+'10'!K54+'11'!K54+'12'!K54+'13'!K54+'14'!K54+'15'!K54+'16'!K54+'17'!K54+'18'!K54+'19'!K54+'20'!K54+'21'!K54+'22'!K54+'23'!K54+'24'!K54+'25'!K54+'26'!K54+'27'!K54+'28'!K54+'29'!K54+'30'!K54+'31.'!K54 -> 0 | L54: 120 | M54: =+'1'!M54+'2'!M54+'3'!M54+'4'!M54+'5'!M54+'6'!M54+'7'!M54+'8'!M54+'9'!M54+'10'!M54+'11'!M54+'12'!M54+'13'!M54+'14'!M54+'15'!M54+'16'!M54+'17'!M54+'18'!M54+'19'!M54+'20'!M54+'21'!M54+'22'!M54+'23'!M54+'24'!M54+'25'!M54+'26'!M54+'27'!M54+'28'!M54+'29'!M54+'30'!M54+'31.'!M54 -> 0 | O54: 29.34 | P54: =+K54*O54 -> 0
A55: 51 | B55: 8857125000260 | C55: เค้กเบาหวิว รสเผือกหน้ามะพร้าวเผา 300 กรัม | D55: กล่อง | E55: =+ยกมา!J55 -> 0 | F55: =+'1'!F55+'2'!F55+'3'!F55+'4'!F55+'5'!F55+'6'!F55+'7'!F55+'8'!F55+'9'!F55+'10'!F55+'11'!F55+'12'!F55+'13'!F55+'14'!F55+'15'!F55+'16'!F55+'17'!F55+'18'!F55+'19'!F55+'20'!F55+'21'!F55+'22'!F55+'23'!F55+'24'!F55+'25'!F55+'26'!F55+'27'!F55+'28'!F55+'29'!F55+'30'!F55+'31.'!F55 -> 0 | G55: =+E55+F55 -> 0 | H55: =+'1'!H55+'2'!H55+'3'!H55+'4'!H55+'5'!H55+'6'!H55+'7'!H55+'8'!H55+'9'!H55+'10'!H55+'11'!H55+'12'!H55+'13'!H55+'14'!H55+'15'!H55+'16'!H55+'17'!H55+'18'!H55+'19'!H55+'20'!H55+'21'!H55+'22'!H55+'23'!H55+'24'!H55+'25'!H55+'26'!H55+'27'!H55+'28'!H55+'29'!H55+'30'!H55+'31.'!H55 -> 0 | I55: =+'1'!I55+'2'!I55+'3'!I55+'4'!I55+'5'!I55+'6'!I55+'7'!I55+'8'!I55+'9'!I55+'10'!I55+'11'!I55+'12'!I55+'13'!I55+'14'!I55+'15'!I55+'16'!I55+'17'!I55+'18'!I55+'19'!I55+'20'!I55+'21'!I55+'22'!I55+'23'!I55+'24'!I55+'25'!I55+'26'!I55+'27'!I55+'28'!I55+'29'!I55+'30'!I55+'31.'!I55 -> 0 | J55: =E55+F55-H55-K55-I55 -> 0 | K55: =+'1'!K55+'2'!K55+'3'!K55+'4'!K55+'5'!K55+'6'!K55+'7'!K55+'8'!K55+'9'!K55+'10'!K55+'11'!K55+'12'!K55+'13'!K55+'14'!K55+'15'!K55+'16'!K55+'17'!K55+'18'!K55+'19'!K55+'20'!K55+'21'!K55+'22'!K55+'23'!K55+'24'!K55+'25'!K55+'26'!K55+'27'!K55+'28'!K55+'29'!K55+'30'!K55+'31.'!K55 -> 0 | L55: 120 | M55: =+'1'!M55+'2'!M55+'3'!M55+'4'!M55+'5'!M55+'6'!M55+'7'!M55+'8'!M55+'9'!M55+'10'!M55+'11'!M55+'12'!M55+'13'!M55+'14'!M55+'15'!M55+'16'!M55+'17'!M55+'18'!M55+'19'!M55+'20'!M55+'21'!M55+'22'!M55+'23'!M55+'24'!M55+'25'!M55+'26'!M55+'27'!M55+'28'!M55+'29'!M55+'30'!M55+'31.'!M55 -> 0 | O55: 33.41 | P55: =+K55*O55 -> 0
A56: 52 | B56: 8857125000116 | C56: เค้กเบาหวิว รสมะพร้าวน้ำหอม 300 กรัม | D56: กล่อง | E56: =+ยกมา!J56 -> 0 | F56: =+'1'!F56+'2'!F56+'3'!F56+'4'!F56+'5'!F56+'6'!F56+'7'!F56+'8'!F56+'9'!F56+'10'!F56+'11'!F56+'12'!F56+'13'!F56+'14'!F56+'15'!F56+'16'!F56+'17'!F56+'18'!F56+'19'!F56+'20'!F56+'21'!F56+'22'!F56+'23'!F56+'24'!F56+'25'!F56+'26'!F56+'27'!F56+'28'!F56+'29'!F56+'30'!F56+'31.'!F56 -> 0 | G56: =+E56+F56 -> 0 | H56: =+'1'!H56+'2'!H56+'3'!H56+'4'!H56+'5'!H56+'6'!H56+'7'!H56+'8'!H56+'9'!H56+'10'!H56+'11'!H56+'12'!H56+'13'!H56+'14'!H56+'15'!H56+'16'!H56+'17'!H56+'18'!H56+'19'!H56+'20'!H56+'21'!H56+'22'!H56+'23'!H56+'24'!H56+'25'!H56+'26'!H56+'27'!H56+'28'!H56+'29'!H56+'30'!H56+'31.'!H56 -> 0 | I56: =+'1'!I56+'2'!I56+'3'!I56+'4'!I56+'5'!I56+'6'!I56+'7'!I56+'8'!I56+'9'!I56+'10'!I56+'11'!I56+'12'!I56+'13'!I56+'14'!I56+'15'!I56+'16'!I56+'17'!I56+'18'!I56+'19'!I56+'20'!I56+'21'!I56+'22'!I56+'23'!I56+'24'!I56+'25'!I56+'26'!I56+'27'!I56+'28'!I56+'29'!I56+'30'!I56+'31.'!I56 -> 0 | J56: =E56+F56-H56-K56-I56 -> 0 | K56: =+'1'!K56+'2'!K56+'3'!K56+'4'!K56+'5'!K56+'6'!K56+'7'!K56+'8'!K56+'9'!K56+'10'!K56+'11'!K56+'12'!K56+'13'!K56+'14'!K56+'15'!K56+'16'!K56+'17'!K56+'18'!K56+'19'!K56+'20'!K56+'21'!K56+'22'!K56+'23'!K56+'24'!K56+'25'!K56+'26'!K56+'27'!K56+'28'!K56+'29'!K56+'30'!K56+'31.'!K56 -> 0 | L56: 120 | M56: =+'1'!M56+'2'!M56+'3'!M56+'4'!M56+'5'!M56+'6'!M56+'7'!M56+'8'!M56+'9'!M56+'10'!M56+'11'!M56+'12'!M56+'13'!M56+'14'!M56+'15'!M56+'16'!M56+'17'!M56+'18'!M56+'19'!M56+'20'!M56+'21'!M56+'22'!M56+'23'!M56+'24'!M56+'25'!M56+'26'!M56+'27'!M56+'28'!M56+'29'!M56+'30'!M56+'31.'!M56 -> 0 | O56: 31.46 | P56: =+K56*O56 -> 0
... A61: 57 | B61: 8857125000451 | C61: เค้กเบาหวิว หน้าฝอยทอง 300 กรัม | D61: กล่อง | E61: =+ยกมา!J61 -> 0 | F61: =+'1'!F61+'2'!F61+'3'!F61+'4'!F61+'5'!F61+'6'!F61+'7'!F61+'8'!F61+'9'!F61+'10'!F61+'11'!F61+'12'!F61+'13'!F61+'14'!F61+'15'!F61+'16'!F61+'17'!F61+'18'!F61+'19'!F61+'20'!F61+'21'!F61+'22'!F61+'23'!F61+'24'!F61+'25'!F61+'26'!F61+'27'!F61+'28'!F61+'29'!F61+'30'!F61+'31.'!F61 -> 0 | G61: =+E61+F61 -> 0 | H61: =+'1'!H61+'2'!H61+'3'!H61+'4'!H61+'5'!H61+'6'!H61+'7'!H61+'8'!H61+'9'!H61+'10'!H61+'11'!H61+'12'!H61+'13'!H61+'14'!H61+'15'!H61+'16'!H61+'17'!H61+'18'!H61+'19'!H61+'20'!H61+'21'!H61+'22'!H61+'23'!H61+'24'!H61+'25'!H61+'26'!H61+'27'!H61+'28'!H61+'29'!H61+'30'!H61+'31.'!H61 -> 0 | I61: =+'1'!I61+'2'!I61+'3'!I61+'4'!I61+'5'!I61+'6'!I61+'7'!I61+'8'!I61+'9'!I61+'10'!I61+'11'!I61+'12'!I61+'13'!I61+'14'!I61+'15'!I61+'16'!I61+'17'!I61+'18'!I61+'19'!I61+'20'!I61+'21'!I61+'22'!I61+'23'!I61+'24'!I61+'25'!I61+'26'!I61+'27'!I61+'28'!I61+'29'!I61+'30'!I61+'31.'!I61 -> 0 | J61: =E61+F61-H61-K61-I61 -> 0 | K61: =+'1'!K61+'2'!K61+'3'!K61+'4'!K61+'5'!K61+'6'!K61+'7'!K61+'8'!K61+'9'!K61+'10'!K61+'11'!K61+'12'!K61+'13'!K61+'14'!K61+'15'!K61+'16'!K61+'17'!K61+'18'!K61+'19'!K61+'20'!K61+'21'!K61+'22'!K61+'23'!K61+'24'!K61+'25'!K61+'26'!K61+'27'!K61+'28'!K61+'29'!K61+'30'!K61+'31.'!K61 -> 0 | L61: 120 | M61: =+'1'!M61+'2'!M61+'3'!M61+'4'!M61+'5'!M61+'6'!M61+'7'!M61+'8'!M61+'9'!M61+'10'!M61+'11'!M61+'12'!M61+'13'!M61+'14'!M61+'15'!M61+'16'!M61+'17'!M61+'18'!M61+'19'!M61+'20'!M61+'21'!M61+'22'!M61+'23'!M61+'24'!M61+'25'!M61+'26'!M61+'27'!M61+'28'!M61+'29'!M61+'30'!M61+'31.'!M61 -> 0 | O61: 29.82 | P61: =+K61*O61 -> 0
A62: 58 | B62: 1112018 | C62: เค้กเบาหวิว รสทุเรียน 300 กรัม | D62: กล่อง | E62: =+ยกมา!J62 -> 0 | F62: =+'1'!F62+'2'!F62+'3'!F62+'4'!F62+'5'!F62+'6'!F62+'7'!F62+'8'!F62+'9'!F62+'10'!F62+'11'!F62+'12'!F62+'13'!F62+'14'!F62+'15'!F62+'16'!F62+'17'!F62+'18'!F62+'19'!F62+'20'!F62+'21'!F62+'22'!F62+'23'!F62+'24'!F62+'25'!F62+'26'!F62+'27'!F62+'28'!F62+'29'!F62+'30'!F62+'31.'!F62 -> 0 | G62: =+E62+F62 -> 0 | H62: =+'1'!H62+'2'!H62+'3'!H62+'4'!H62+'5'!H62+'6'!H62+'7'!H62+'8'!H62+'9'!H62+'10'!H62+'11'!H62+'12'!H62+'13'!H62+'14'!H62+'15'!H62+'16'!H62+'17'!H62+'18'!H62+'19'!H62+'20'!H62+'21'!H62+'22'!H62+'23'!H62+'24'!H62+'25'!H62+'26'!H62+'27'!H62+'28'!H62+'29'!H62+'30'!H62+'31.'!H62 -> 0 | I62: =+'1'!I62+'2'!I62+'3'!I62+'4'!I62+'5'!I62+'6'!I62+'7'!I62+'8'!I62+'9'!I62+'10'!I62+'11'!I62+'12'!I62+'13'!I62+'14'!I62+'15'!I62+'16'!I62+'17'!I62+'18'!I62+'19'!I62+'20'!I62+'21'!I62+'22'!I62+'23'!I62+'24'!I62+'25'!I62+'26'!I62+'27'!I62+'28'!I62+'29'!I62+'30'!I62+'31.'!I62 -> 0 | J62: =E62+F62-H62-K62-I62 -> 0 | K62: =+'1'!K62+'2'!K62+'3'!K62+'4'!K62+'5'!K62+'6'!K62+'7'!K62+'8'!K62+'9'!K62+'10'!K62+'11'!K62+'12'!K62+'13'!K62+'14'!K62+'15'!K62+'16'!K62+'17'!K62+'18'!K62+'19'!K62+'20'!K62+'21'!K62+'22'!K62+'23'!K62+'24'!K62+'25'!K62+'26'!K62+'27'!K62+'28'!K62+'29'!K62+'30'!K62+'31.'!K62 -> 0 | L62: 120 | M62: =+'1'!M62+'2'!M62+'3'!M62+'4'!M62+'5'!M62+'6'!M62+'7'!M62+'8'!M62+'9'!M62+'10'!M62+'11'!M62+'12'!M62+'13'!M62+'14'!M62+'15'!M62+'16'!M62+'17'!M62+'18'!M62+'19'!M62+'20'!M62+'21'!M62+'22'!M62+'23'!M62+'24'!M62+'25'!M62+'26'!M62+'27'!M62+'28'!M62+'29'!M62+'30'!M62+'31.'!M62 -> 0 | O62: 27.72 | P62: =+K62*O62 -> 0
A63: 59 | B63: 8857125003711 | C63: เค้กโบราณรวมรส 4 ชิ้น | D63: กล่อง | E63: =+ยกมา!J63 -> 0 | F63: =+'1'!F63+'2'!F63+'3'!F63+'4'!F63+'5'!F63+'6'!F63+'7'!F63+'8'!F63+'9'!F63+'10'!F63+'11'!F63+'12'!F63+'13'!F63+'14'!F63+'15'!F63+'16'!F63+'17'!F63+'18'!F63+'19'!F63+'20'!F63+'21'!F63+'22'!F63+'23'!F63+'24'!F63+'25'!F63+'26'!F63+'27'!F63+'28'!F63+'29'!F63+'30'!F63+'31.'!F63 -> 0 | G63: =+E63+F63 -> 0 | H63: =+'1'!H63+'2'!H63+'3'!H63+'4'!H63+'5'!H63+'6'!H63+'7'!H63+'8'!H63+'9'!H63+'10'!H63+'11'!H63+'12'!H63+'13'!H63+'14'!H63+'15'!H63+'16'!H63+'17'!H63+'18'!H63+'19'!H63+'20'!H63+'21'!H63+'22'!H63+'23'!H63+'24'!H63+'25'!H63+'26'!H63+'27'!H63+'28'!H63+'29'!H63+'30'!H63+'31.'!H63 -> 0 | I63: =+'1'!I63+'2'!I63+'3'!I63+'4'!I63+'5'!I63+'6'!I63+'7'!I63+'8'!I63+'9'!I63+'10'!I63+'11'!I63+'12'!I63+'13'!I63+'14'!I63+'15'!I63+'16'!I63+'17'!I63+'18'!I63+'19'!I63+'20'!I63+'21'!I63+'22'!I63+'23'!I63+'24'!I63+'25'!I63+'26'!I63+'27'!I63+'28'!I63+'29'!I63+'30'!I63+'31.'!I63 -> 0 | J63: =E63+F63-H63-K63-I63 -> 0 | K63: =+'1'!K63+'2'!K63+'3'!K63+'4'!K63+'5'!K63+'6'!K63+'7'!K63+'8'!K63+'9'!K63+'10'!K63+'11'!K63+'12'!K63+'13'!K63+'14'!K63+'15'!K63+'16'!K63+'17'!K63+'18'!K63+'19'!K63+'20'!K63+'21'!K63+'22'!K63+'23'!K63+'24'!K63+'25'!K63+'26'!K63+'27'!K63+'28'!K63+'29'!K63+'30'!K63+'31.'!K63 -> 0 | L63: 50 | M63: =+'1'!M63+'2'!M63+'3'!M63+'4'!M63+'5'!M63+'6'!M63+'7'!M63+'8'!M63+'9'!M63+'10'!M63+'11'!M63+'12'!M63+'13'!M63+'14'!M63+'15'!M63+'16'!M63+'17'!M63+'18'!M63+'19'!M63+'20'!M63+'21'!M63+'22'!M63+'23'!M63+'24'!M63+'25'!M63+'26'!M63+'27'!M63+'28'!M63+'29'!M63+'30'!M63+'31.'!M63 -> 0 | O63: 23.69 | P63: =+K63*O63 -> 0
A64: 60 | B64: 8857125000215 | C64: เค้กโบราณครีม 4 ชิ้น | D64: กล่อง | E64: =+ยกมา!J64 -> 0 | F64: =+'1'!F64+'2'!F64+'3'!F64+'4'!F64+'5'!F64+'6'!F64+'7'!F64+'8'!F64+'9'!F64+'10'!F64+'11'!F64+'12'!F64+'13'!F64+'14'!F64+'15'!F64+'16'!F64+'17'!F64+'18'!F64+'19'!F64+'20'!F64+'21'!F64+'22'!F64+'23'!F64+'24'!F64+'25'!F64+'26'!F64+'27'!F64+'28'!F64+'29'!F64+'30'!F64+'31.'!F64 -> 0 | G64: =+E64+F64 -> 0 | H64: =+'1'!H64+'2'!H64+'3'!H64+'4'!H64+'5'!H64+'6'!H64+'7'!H64+'8'!H64+'9'!H64+'10'!H64+'11'!H64+'12'!H64+'13'!H64+'14'!H64+'15'!H64+'16'!H64+'17'!H64+'18'!H64+'19'!H64+'20'!H64+'21'!H64+'22'!H64+'23'!H64+'24'!H64+'25'!H64+'26'!H64+'27'!H64+'28'!H64+'29'!H64+'30'!H64+'31.'!H64 -> 0 | I64: =+'1'!I64+'2'!I64+'3'!I64+'4'!I64+'5'!I64+'6'!I64+'7'!I64+'8'!I64+'9'!I64+'10'!I64+'11'!I64+'12'!I64+'13'!I64+'14'!I64+'15'!I64+'16'!I64+'17'!I64+'18'!I64+'19'!I64+'20'!I64+'21'!I64+'22'!I64+'23'!I64+'24'!I64+'25'!I64+'26'!I64+'27'!I64+'28'!I64+'29'!I64+'30'!I64+'31.'!I64 -> 0 | J64: =E64+F64-H64-K64-I64 -> 0 | K64: =+'1'!K64+'2'!K64+'3'!K64+'4'!K64+'5'!K64+'6'!K64+'7'!K64+'8'!K64+'9'!K64+'10'!K64+'11'!K64+'12'!K64+'13'!K64+'14'!K64+'15'!K64+'16'!K64+'17'!K64+'18'!K64+'19'!K64+'20'!K64+'21'!K64+'22'!K64+'23'!K64+'24'!K64+'25'!K64+'26'!K64+'27'!K64+'28'!K64+'29'!K64+'30'!K64+'31.'!K64 -> 0 | L64: 50 | M64: =+'1'!M64+'2'!M64+'3'!M64+'4'!M64+'5'!M64+'6'!M64+'7'!M64+'8'!M64+'9'!M64+'10'!M64+'11'!M64+'12'!M64+'13'!M64+'14'!M64+'15'!M64+'16'!M64+'17'!M64+'18'!M64+'19'!M64+'20'!M64+'21'!M64+'22'!M64+'23'!M64+'24'!M64+'25'!M64+'26'!M64+'27'!M64+'28'!M64+'29'!M64+'30'!M64+'31.'!M64 -> 0 | O64: 22.49 | P64: =+K64*O64 -> 0
A65: 61 | B65: 8857125003704 | C65: เค้กโบราณผลไม้ 4 ชิ้น | D65: กล่อง | E65: =+ยกมา!J65 -> 0 | F65: =+'1'!F65+'2'!F65+'3'!F65+'4'!F65+'5'!F65+'6'!F65+'7'!F65+'8'!F65+'9'!F65+'10'!F65+'11'!F65+'12'!F65+'13'!F65+'14'!F65+'15'!F65+'16'!F65+'17'!F65+'18'!F65+'19'!F65+'20'!F65+'21'!F65+'22'!F65+'23'!F65+'24'!F65+'25'!F65+'26'!F65+'27'!F65+'28'!F65+'29'!F65+'30'!F65+'31.'!F65 -> 0 | G65: =+E65+F65 -> 0 | H65: =+'1'!H65+'2'!H65+'3'!H65+'4'!H65+'5'!H65+'6'!H65+'7'!H65+'8'!H65+'9'!H65+'10'!H65+'11'!H65+'12'!H65+'13'!H65+'14'!H65+'15'!H65+'16'!H65+'17'!H65+'18'!H65+'19'!H65+'20'!H65+'21'!H65+'22'!H65+'23'!H65+'24'!H65+'25'!H65+'26'!H65+'27'!H65+'28'!H65+'29'!H65+'30'!H65+'31.'!H65 -> 0 | I65: =+'1'!I65+'2'!I65+'3'!I65+'4'!I65+'5'!I65+'6'!I65+'7'!I65+'8'!I65+'9'!I65+'10'!I65+'11'!I65+'12'!I65+'13'!I65+'14'!I65+'15'!I65+'16'!I65+'17'!I65+'18'!I65+'19'!I65+'20'!I65+'21'!I65+'22'!I65+'23'!I65+'24'!I65+'25'!I65+'26'!I65+'27'!I65+'28'!I65+'29'!I65+'30'!I65+'31.'!I65 -> 0 | J65: =E65+F65-H65-K65-I65 -> 0 | K65: =+'1'!K65+'2'!K65+'3'!K65+'4'!K65+'5'!K65+'6'!K65+'7'!K65+'8'!K65+'9'!K65+'10'!K65+'11'!K65+'12'!K65+'13'!K65+'14'!K65+'15'!K65+'16'!K65+'17'!K65+'18'!K65+'19'!K65+'20'!K65+'21'!K65+'22'!K65+'23'!K65+'24'!K65+'25'!K65+'26'!K65+'27'!K65+'28'!K65+'29'!K65+'30'!K65+'31.'!K65 -> 0 | L65: 50 | M65: =+'1'!M65+'2'!M65+'3'!M65+'4'!M65+'5'!M65+'6'!M65+'7'!M65+'8'!M65+'9'!M65+'10'!M65+'11'!M65+'12'!M65+'13'!M65+'14'!M65+'15'!M65+'16'!M65+'17'!M65+'18'!M65+'19'!M65+'20'!M65+'21'!M65+'22'!M65+'23'!M65+'24'!M65+'25'!M65+'26'!M65+'27'!M65+'28'!M65+'29'!M65+'30'!M65+'31.'!M65 -> 0 | O65: 23.12 | P65: =+K65*O65 -> 0
A66: 62 | B66: 8857126455021 | C66: NP เค้กโบราณครีม 6 ชิ้น | D66: กล่อง | E66: =+ยกมา!J66 -> 2 | F66: =+'1'!F66+'2'!F66+'3'!F66+'4'!F66+'5'!F66+'6'!F66+'7'!F66+'8'!F66+'9'!F66+'10'!F66+'11'!F66+'12'!F66+'13'!F66+'14'!F66+'15'!F66+'16'!F66+'17'!F66+'18'!F66+'19'!F66+'20'!F66+'21'!F66+'22'!F66+'23'!F66+'24'!F66+'25'!F66+'26'!F66+'27'!F66+'28'!F66+'29'!F66+'30'!F66+'31.'!F66 -> 9 | G66: =+E66+F66 -> 11 | H66: =+'1'!H66+'2'!H66+'3'!H66+'4'!H66+'5'!H66+'6'!H66+'7'!H66+'8'!H66+'9'!H66+'10'!H66+'11'!H66+'12'!H66+'13'!H66+'14'!H66+'15'!H66+'16'!H66+'17'!H66+'18'!H66+'19'!H66+'20'!H66+'21'!H66+'22'!H66+'23'!H66+'24'!H66+'25'!H66+'26'!H66+'27'!H66+'28'!H66+'29'!H66+'30'!H66+'31.'!H66 -> 1 | I66: =+'1'!I66+'2'!I66+'3'!I66+'4'!I66+'5'!I66+'6'!I66+'7'!I66+'8'!I66+'9'!I66+'10'!I66+'11'!I66+'12'!I66+'13'!I66+'14'!I66+'15'!I66+'16'!I66+'17'!I66+'18'!I66+'19'!I66+'20'!I66+'21'!I66+'22'!I66+'23'!I66+'24'!I66+'25'!I66+'26'!I66+'27'!I66+'28'!I66+'29'!I66+'30'!I66+'31.'!I66 -> 0 | J66: =E66+F66-H66-K66-I66 -> 0 | K66: =+'1'!K66+'2'!K66+'3'!K66+'4'!K66+'5'!K66+'6'!K66+'7'!K66+'8'!K66+'9'!K66+'10'!K66+'11'!K66+'12'!K66+'13'!K66+'14'!K66+'15'!K66+'16'!K66+'17'!K66+'18'!K66+'19'!K66+'20'!K66+'21'!K66+'22'!K66+'23'!K66+'24'!K66+'25'!K66+'26'!K66+'27'!K66+'28'!K66+'29'!K66+'30'!K66+'31.'!K66 -> 10 | L66: 70 | M66: =+'1'!M66+'2'!M66+'3'!M66+'4'!M66+'5'!M66+'6'!M66+'7'!M66+'8'!M66+'9'!M66+'10'!M66+'11'!M66+'12'!M66+'13'!M66+'14'!M66+'15'!M66+'16'!M66+'17'!M66+'18'!M66+'19'!M66+'20'!M66+'21'!M66+'22'!M66+'23'!M66+'24'!M66+'25'!M66+'26'!M66+'27'!M66+'28'!M66+'29'!M66+'30'!M66+'31.'!M66 -> 700 | P66: =+K66*O66 -> 0
A67: 63 | B67: 8857126455038 | C67: NP เเค้กโบราณผลไม้ 6 ชิ้น | D67: กล่อง | E67: =+ยกมา!J67 -> 2 | F67: =+'1'!F67+'2'!F67+'3'!F67+'4'!F67+'5'!F67+'6'!F67+'7'!F67+'8'!F67+'9'!F67+'10'!F67+'11'!F67+'12'!F67+'13'!F67+'14'!F67+'15'!F67+'16'!F67+'17'!F67+'18'!F67+'19'!F67+'20'!F67+'21'!F67+'22'!F67+'23'!F67+'24'!F67+'25'!F67+'26'!F67+'27'!F67+'28'!F67+'29'!F67+'30'!F67+'31.'!F67 -> 8 | G67: =+E67+F67 -> 10 | H67: =+'1'!H67+'2'!H67+'3'!H67+'4'!H67+'5'!H67+'6'!H67+'7'!H67+'8'!H67+'9'!H67+'10'!H67+'11'!H67+'12'!H67+'13'!H67+'14'!H67+'15'!H67+'16'!H67+'17'!H67+'18'!H67+'19'!H67+'20'!H67+'21'!H67+'22'!H67+'23'!H67+'24'!H67+'25'!H67+'26'!H67+'27'!H67+'28'!H67+'29'!H67+'30'!H67+'31.'!H67 -> 1 | I67: =+'1'!I67+'2'!I67+'3'!I67+'4'!I67+'5'!I67+'6'!I67+'7'!I67+'8'!I67+'9'!I67+'10'!I67+'11'!I67+'12'!I67+'13'!I67+'14'!I67+'15'!I67+'16'!I67+'17'!I67+'18'!I67+'19'!I67+'20'!I67+'21'!I67+'22'!I67+'23'!I67+'24'!I67+'25'!I67+'26'!I67+'27'!I67+'28'!I67+'29'!I67+'30'!I67+'31.'!I67 -> 0 | J67: =E67+F67-H67-K67-I67 -> 1 | K67: =+'1'!K67+'2'!K67+'3'!K67+'4'!K67+'5'!K67+'6'!K67+'7'!K67+'8'!K67+'9'!K67+'10'!K67+'11'!K67+'12'!K67+'13'!K67+'14'!K67+'15'!K67+'16'!K67+'17'!K67+'18'!K67+'19'!K67+'20'!K67+'21'!K67+'22'!K67+'23'!K67+'24'!K67+'25'!K67+'26'!K67+'27'!K67+'28'!K67+'29'!K67+'30'!K67+'31.'!K67 -> 8 | L67: 80 | M67: =+'1'!M67+'2'!M67+'3'!M67+'4'!M67+'5'!M67+'6'!M67+'7'!M67+'8'!M67+'9'!M67+'10'!M67+'11'!M67+'12'!M67+'13'!M67+'14'!M67+'15'!M67+'16'!M67+'17'!M67+'18'!M67+'19'!M67+'20'!M67+'21'!M67+'22'!M67+'23'!M67+'24'!M67+'25'!M67+'26'!M67+'27'!M67+'28'!M67+'29'!M67+'30'!M67+'31.'!M67 -> 640 | P67: =+K67*O67 -> 0
A68: 64 | B68: 2566110401 | C68: เค้กโบราณรวมรส 12 ชิ้น | D68: กล่อง | E68: =+ยกมา!J68 -> 0 | F68: =+'1'!F68+'2'!F68+'3'!F68+'4'!F68+'5'!F68+'6'!F68+'7'!F68+'8'!F68+'9'!F68+'10'!F68+'11'!F68+'12'!F68+'13'!F68+'14'!F68+'15'!F68+'16'!F68+'17'!F68+'18'!F68+'19'!F68+'20'!F68+'21'!F68+'22'!F68+'23'!F68+'24'!F68+'25'!F68+'26'!F68+'27'!F68+'28'!F68+'29'!F68+'30'!F68+'31.'!F68 -> 2 | G68: =+E68+F68 -> 2 | H68: =+'1'!H68+'2'!H68+'3'!H68+'4'!H68+'5'!H68+'6'!H68+'7'!H68+'8'!H68+'9'!H68+'10'!H68+'11'!H68+'12'!H68+'13'!H68+'14'!H68+'15'!H68+'16'!H68+'17'!H68+'18'!H68+'19'!H68+'20'!H68+'21'!H68+'22'!H68+'23'!H68+'24'!H68+'25'!H68+'26'!H68+'27'!H68+'28'!H68+'29'!H68+'30'!H68+'31.'!H68 -> 0 | I68: =+'1'!I68+'2'!I68+'3'!I68+'4'!I68+'5'!I68+'6'!I68+'7'!I68+'8'!I68+'9'!I68+'10'!I68+'11'!I68+'12'!I68+'13'!I68+'14'!I68+'15'!I68+'16'!I68+'17'!I68+'18'!I68+'19'!I68+'20'!I68+'21'!I68+'22'!I68+'23'!I68+'24'!I68+'25'!I68+'26'!I68+'27'!I68+'28'!I68+'29'!I68+'30'!I68+'31.'!I68 -> 0 | J68: =E68+F68-H68-K68-I68 -> 2 | K68: =+'1'!K68+'2'!K68+'3'!K68+'4'!K68+'5'!K68+'6'!K68+'7'!K68+'8'!K68+'9'!K68+'10'!K68+'11'!K68+'12'!K68+'13'!K68+'14'!K68+'15'!K68+'16'!K68+'17'!K68+'18'!K68+'19'!K68+'20'!K68+'21'!K68+'22'!K68+'23'!K68+'24'!K68+'25'!K68+'26'!K68+'27'!K68+'28'!K68+'29'!K68+'30'!K68+'31.'!K68 -> 0 | L68: 150 | M68: =+'1'!M68+'2'!M68+'3'!M68+'4'!M68+'5'!M68+'6'!M68+'7'!M68+'8'!M68+'9'!M68+'10'!M68+'11'!M68+'12'!M68+'13'!M68+'14'!M68+'15'!M68+'16'!M68+'17'!M68+'18'!M68+'19'!M68+'20'!M68+'21'!M68+'22'!M68+'23'!M68+'24'!M68+'25'!M68+'26'!M68+'27'!M68+'28'!M68+'29'!M68+'30'!M68+'31.'!M68 -> 0 | O68: 67.79 | P68: =+K68*O68 -> 0
A69: 65 | B69: 2566110402 | C69: เค้กโบราณครีม 12 ชิ้น | D69: กล่อง | E69: =+ยกมา!J69 -> 0 | F69: =+'1'!F69+'2'!F69+'3'!F69+'4'!F69+'5'!F69+'6'!F69+'7'!F69+'8'!F69+'9'!F69+'10'!F69+'11'!F69+'12'!F69+'13'!F69+'14'!F69+'15'!F69+'16'!F69+'17'!F69+'18'!F69+'19'!F69+'20'!F69+'21'!F69+'22'!F69+'23'!F69+'24'!F69+'25'!F69+'26'!F69+'27'!F69+'28'!F69+'29'!F69+'30'!F69+'31.'!F69 -> 0 | G69: =+E69+F69 -> 0 | H69: =+'1'!H69+'2'!H69+'3'!H69+'4'!H69+'5'!H69+'6'!H69+'7'!H69+'8'!H69+'9'!H69+'10'!H69+'11'!H69+'12'!H69+'13'!H69+'14'!H69+'15'!H69+'16'!H69+'17'!H69+'18'!H69+'19'!H69+'20'!H69+'21'!H69+'22'!H69+'23'!H69+'24'!H69+'25'!H69+'26'!H69+'27'!H69+'28'!H69+'29'!H69+'30'!H69+'31.'!H69 -> 0 | I69: =+'1'!I69+'2'!I69+'3'!I69+'4'!I69+'5'!I69+'6'!I69+'7'!I69+'8'!I69+'9'!I69+'10'!I69+'11'!I69+'12'!I69+'13'!I69+'14'!I69+'15'!I69+'16'!I69+'17'!I69+'18'!I69+'19'!I69+'20'!I69+'21'!I69+'22'!I69+'23'!I69+'24'!I69+'25'!I69+'26'!I69+'27'!I69+'28'!I69+'29'!I69+'30'!I69+'31.'!I69 -> 0 | J69: =E69+F69-H69-K69-I69 -> 0 | K69: =+'1'!K69+'2'!K69+'3'!K69+'4'!K69+'5'!K69+'6'!K69+'7'!K69+'8'!K69+'9'!K69+'10'!K69+'11'!K69+'12'!K69+'13'!K69+'14'!K69+'15'!K69+'16'!K69+'17'!K69+'18'!K69+'19'!K69+'20'!K69+'21'!K69+'22'!K69+'23'!K69+'24'!K69+'25'!K69+'26'!K69+'27'!K69+'28'!K69+'29'!K69+'30'!K69+'31.'!K69 -> 0 | L69: 150 | M69: =+'1'!M69+'2'!M69+'3'!M69+'4'!M69+'5'!M69+'6'!M69+'7'!M69+'8'!M69+'9'!M69+'10'!M69+'11'!M69+'12'!M69+'13'!M69+'14'!M69+'15'!M69+'16'!M69+'17'!M69+'18'!M69+'19'!M69+'20'!M69+'21'!M69+'22'!M69+'23'!M69+'24'!M69+'25'!M69+'26'!M69+'27'!M69+'28'!M69+'29'!M69+'30'!M69+'31.'!M69 -> 0 | O69: 68.37 | P69: =+K69*O69 -> 0
A70: 66 | B70: 8857125000819 | C70: เค้กโบราณผลไม้ 12 ชิ้น | D70: กล่อง | E70: =+ยกมา!J70 -> 0 | F70: =+'1'!F70+'2'!F70+'3'!F70+'4'!F70+'5'!F70+'6'!F70+'7'!F70+'8'!F70+'9'!F70+'10'!F70+'11'!F70+'12'!F70+'13'!F70+'14'!F70+'15'!F70+'16'!F70+'17'!F70+'18'!F70+'19'!F70+'20'!F70+'21'!F70+'22'!F70+'23'!F70+'24'!F70+'25'!F70+'26'!F70+'27'!F70+'28'!F70+'29'!F70+'30'!F70+'31.'!F70 -> 0 | G70: =+E70+F70 -> 0 | H70: =+'1'!H70+'2'!H70+'3'!H70+'4'!H70+'5'!H70+'6'!H70+'7'!H70+'8'!H70+'9'!H70+'10'!H70+'11'!H70+'12'!H70+'13'!H70+'14'!H70+'15'!H70+'16'!H70+'17'!H70+'18'!H70+'19'!H70+'20'!H70+'21'!H70+'22'!H70+'23'!H70+'24'!H70+'25'!H70+'26'!H70+'27'!H70+'28'!H70+'29'!H70+'30'!H70+'31.'!H70 -> 0 | I70: =+'1'!I70+'2'!I70+'3'!I70+'4'!I70+'5'!I70+'6'!I70+'7'!I70+'8'!I70+'9'!I70+'10'!I70+'11'!I70+'12'!I70+'13'!I70+'14'!I70+'15'!I70+'16'!I70+'17'!I70+'18'!I70+'19'!I70+'20'!I70+'21'!I70+'22'!I70+'23'!I70+'24'!I70+'25'!I70+'26'!I70+'27'!I70+'28'!I70+'29'!I70+'30'!I70+'31.'!I70 -> 0 | J70: =E70+F70-H70-K70-I70 -> 0 | K70: =+'1'!K70+'2'!K70+'3'!K70+'4'!K70+'5'!K70+'6'!K70+'7'!K70+'8'!K70+'9'!K70+'10'!K70+'11'!K70+'12'!K70+'13'!K70+'14'!K70+'15'!K70+'16'!K70+'17'!K70+'18'!K70+'19'!K70+'20'!K70+'21'!K70+'22'!K70+'23'!K70+'24'!K70+'25'!K70+'26'!K70+'27'!K70+'28'!K70+'29'!K70+'30'!K70+'31.'!K70 -> 0 | L70: 150 | M70: =+'1'!M70+'2'!M70+'3'!M70+'4'!M70+'5'!M70+'6'!M70+'7'!M70+'8'!M70+'9'!M70+'10'!M70+'11'!M70+'12'!M70+'13'!M70+'14'!M70+'15'!M70+'16'!M70+'17'!M70+'18'!M70+'19'!M70+'20'!M70+'21'!M70+'22'!M70+'23'!M70+'24'!M70+'25'!M70+'26'!M70+'27'!M70+'28'!M70+'29'!M70+'30'!M70+'31.'!M70 -> 0 | O70: 67.17 | P70: =+K70*O70 -> 0
A71: 67 | B71: 8857125001304 | C71: เค้กลาวา ฝอยทอง เล็ก | D71: ชิ้น | E71: =+ยกมา!J71 -> 0 | F71: =+'1'!F71+'2'!F71+'3'!F71+'4'!F71+'5'!F71+'6'!F71+'7'!F71+'8'!F71+'9'!F71+'10'!F71+'11'!F71+'12'!F71+'13'!F71+'14'!F71+'15'!F71+'16'!F71+'17'!F71+'18'!F71+'19'!F71+'20'!F71+'21'!F71+'22'!F71+'23'!F71+'24'!F71+'25'!F71+'26'!F71+'27'!F71+'28'!F71+'29'!F71+'30'!F71+'31.'!F71 -> 0 | G71: =+E71+F71 -> 0 | H71: =+'1'!H71+'2'!H71+'3'!H71+'4'!H71+'5'!H71+'6'!H71+'7'!H71+'8'!H71+'9'!H71+'10'!H71+'11'!H71+'12'!H71+'13'!H71+'14'!H71+'15'!H71+'16'!H71+'17'!H71+'18'!H71+'19'!H71+'20'!H71+'21'!H71+'22'!H71+'23'!H71+'24'!H71+'25'!H71+'26'!H71+'27'!H71+'28'!H71+'29'!H71+'30'!H71+'31.'!H71 -> 0 | I71: =+'1'!I71+'2'!I71+'3'!I71+'4'!I71+'5'!I71+'6'!I71+'7'!I71+'8'!I71+'9'!I71+'10'!I71+'11'!I71+'12'!I71+'13'!I71+'14'!I71+'15'!I71+'16'!I71+'17'!I71+'18'!I71+'19'!I71+'20'!I71+'21'!I71+'22'!I71+'23'!I71+'24'!I71+'25'!I71+'26'!I71+'27'!I71+'28'!I71+'29'!I71+'30'!I71+'31.'!I71 -> 0 | J71: =E71+F71-H71-K71-I71 -> 0 | K71: =+'1'!K71+'2'!K71+'3'!K71+'4'!K71+'5'!K71+'6'!K71+'7'!K71+'8'!K71+'9'!K71+'10'!K71+'11'!K71+'12'!K71+'13'!K71+'14'!K71+'15'!K71+'16'!K71+'17'!K71+'18'!K71+'19'!K71+'20'!K71+'21'!K71+'22'!K71+'23'!K71+'24'!K71+'25'!K71+'26'!K71+'27'!K71+'28'!K71+'29'!K71+'30'!K71+'31.'!K71 -> 0 | L71: 50 | M71: =+'1'!M71+'2'!M71+'3'!M71+'4'!M71+'5'!M71+'6'!M71+'7'!M71+'8'!M71+'9'!M71+'10'!M71+'11'!M71+'12'!M71+'13'!M71+'14'!M71+'15'!M71+'16'!M71+'17'!M71+'18'!M71+'19'!M71+'20'!M71+'21'!M71+'22'!M71+'23'!M71+'24'!M71+'25'!M71+'26'!M71+'27'!M71+'28'!M71+'29'!M71+'30'!M71+'31.'!M71 -> 0 | P71: =+K71*O71 -> 0
A72: 68 | B72: 8857125003742 | C72: เค้กลาวา ฝอยทอง ใหญ่ | D72: ชิ้น | E72: =+ยกมา!J72 -> 0 | F72: =+'1'!F72+'2'!F72+'3'!F72+'4'!F72+'5'!F72+'6'!F72+'7'!F72+'8'!F72+'9'!F72+'10'!F72+'11'!F72+'12'!F72+'13'!F72+'14'!F72+'15'!F72+'16'!F72+'17'!F72+'18'!F72+'19'!F72+'20'!F72+'21'!F72+'22'!F72+'23'!F72+'24'!F72+'25'!F72+'26'!F72+'27'!F72+'28'!F72+'29'!F72+'30'!F72+'31.'!F72 -> 0 | G72: =+E72+F72 -> 0 | H72: =+'1'!H72+'2'!H72+'3'!H72+'4'!H72+'5'!H72+'6'!H72+'7'!H72+'8'!H72+'9'!H72+'10'!H72+'11'!H72+'12'!H72+'13'!H72+'14'!H72+'15'!H72+'16'!H72+'17'!H72+'18'!H72+'19'!H72+'20'!H72+'21'!H72+'22'!H72+'23'!H72+'24'!H72+'25'!H72+'26'!H72+'27'!H72+'28'!H72+'29'!H72+'30'!H72+'31.'!H72 -> 0 | I72: =+'1'!I72+'2'!I72+'3'!I72+'4'!I72+'5'!I72+'6'!I72+'7'!I72+'8'!I72+'9'!I72+'10'!I72+'11'!I72+'12'!I72+'13'!I72+'14'!I72+'15'!I72+'16'!I72+'17'!I72+'18'!I72+'19'!I72+'20'!I72+'21'!I72+'22'!I72+'23'!I72+'24'!I72+'25'!I72+'26'!I72+'27'!I72+'28'!I72+'29'!I72+'30'!I72+'31.'!I72 -> 0 | J72: =E72+F72-H72-K72-I72 -> 0 | K72: =+'1'!K72+'2'!K72+'3'!K72+'4'!K72+'5'!K72+'6'!K72+'7'!K72+'8'!K72+'9'!K72+'10'!K72+'11'!K72+'12'!K72+'13'!K72+'14'!K72+'15'!K72+'16'!K72+'17'!K72+'18'!K72+'19'!K72+'20'!K72+'21'!K72+'22'!K72+'23'!K72+'24'!K72+'25'!K72+'26'!K72+'27'!K72+'28'!K72+'29'!K72+'30'!K72+'31.'!K72 -> 0 | L72: 120 | M72: =+'1'!M72+'2'!M72+'3'!M72+'4'!M72+'5'!M72+'6'!M72+'7'!M72+'8'!M72+'9'!M72+'10'!M72+'11'!M72+'12'!M72+'13'!M72+'14'!M72+'15'!M72+'16'!M72+'17'!M72+'18'!M72+'19'!M72+'20'!M72+'21'!M72+'22'!M72+'23'!M72+'24'!M72+'25'!M72+'26'!M72+'27'!M72+'28'!M72+'29'!M72+'30'!M72+'31.'!M72 -> 0 | P72: =+K72*O72 -> 0
A73: 69 | B73: 8857125003728 | C73: เค้กลาวา ฝอยทองทูโทน เล็ก | D73: กล่อง | E73: =+ยกมา!J73 -> 7 | F73: =+'1'!F73+'2'!F73+'3'!F73+'4'!F73+'5'!F73+'6'!F73+'7'!F73+'8'!F73+'9'!F73+'10'!F73+'11'!F73+'12'!F73+'13'!F73+'14'!F73+'15'!F73+'16'!F73+'17'!F73+'18'!F73+'19'!F73+'20'!F73+'21'!F73+'22'!F73+'23'!F73+'24'!F73+'25'!F73+'26'!F73+'27'!F73+'28'!F73+'29'!F73+'30'!F73+'31.'!F73 -> 43 | G73: =+E73+F73 -> 50 | H73: =+'1'!H73+'2'!H73+'3'!H73+'4'!H73+'5'!H73+'6'!H73+'7'!H73+'8'!H73+'9'!H73+'10'!H73+'11'!H73+'12'!H73+'13'!H73+'14'!H73+'15'!H73+'16'!H73+'17'!H73+'18'!H73+'19'!H73+'20'!H73+'21'!H73+'22'!H73+'23'!H73+'24'!H73+'25'!H73+'26'!H73+'27'!H73+'28'!H73+'29'!H73+'30'!H73+'31.'!H73 -> 3 | I73: =+'1'!I73+'2'!I73+'3'!I73+'4'!I73+'5'!I73+'6'!I73+'7'!I73+'8'!I73+'9'!I73+'10'!I73+'11'!I73+'12'!I73+'13'!I73+'14'!I73+'15'!I73+'16'!I73+'17'!I73+'18'!I73+'19'!I73+'20'!I73+'21'!I73+'22'!I73+'23'!I73+'24'!I73+'25'!I73+'26'!I73+'27'!I73+'28'!I73+'29'!I73+'30'!I73+'31.'!I73 -> 0 | J73: =E73+F73-H73-K73-I73 -> 6 | K73: =+'1'!K73+'2'!K73+'3'!K73+'4'!K73+'5'!K73+'6'!K73+'7'!K73+'8'!K73+'9'!K73+'10'!K73+'11'!K73+'12'!K73+'13'!K73+'14'!K73+'15'!K73+'16'!K73+'17'!K73+'18'!K73+'19'!K73+'20'!K73+'21'!K73+'22'!K73+'23'!K73+'24'!K73+'25'!K73+'26'!K73+'27'!K73+'28'!K73+'29'!K73+'30'!K73+'31.'!K73 -> 41 | L73: 50 | M73: =+'1'!M73+'2'!M73+'3'!M73+'4'!M73+'5'!M73+'6'!M73+'7'!M73+'8'!M73+'9'!M73+'10'!M73+'11'!M73+'12'!M73+'13'!M73+'14'!M73+'15'!M73+'16'!M73+'17'!M73+'18'!M73+'19'!M73+'20'!M73+'21'!M73+'22'!M73+'23'!M73+'24'!M73+'25'!M73+'26'!M73+'27'!M73+'28'!M73+'29'!M73+'30'!M73+'31.'!M73 -> 2050 | O73: 17.09 | P73: =+K73*O73 -> 700.69
A74: 70 | B74: 8857125003735 | C74: เค้กลาวา ฝอยทองทูโทน ใหญ่ | D74: ชิ้น | E74: =+ยกมา!J74 -> 0 | F74: =+'1'!F74+'2'!F74+'3'!F74+'4'!F74+'5'!F74+'6'!F74+'7'!F74+'8'!F74+'9'!F74+'10'!F74+'11'!F74+'12'!F74+'13'!F74+'14'!F74+'15'!F74+'16'!F74+'17'!F74+'18'!F74+'19'!F74+'20'!F74+'21'!F74+'22'!F74+'23'!F74+'24'!F74+'25'!F74+'26'!F74+'27'!F74+'28'!F74+'29'!F74+'30'!F74+'31.'!F74 -> 0 | G74: =+E74+F74 -> 0 | H74: =+'1'!H74+'2'!H74+'3'!H74+'4'!H74+'5'!H74+'6'!H74+'7'!H74+'8'!H74+'9'!H74+'10'!H74+'11'!H74+'12'!H74+'13'!H74+'14'!H74+'15'!H74+'16'!H74+'17'!H74+'18'!H74+'19'!H74+'20'!H74+'21'!H74+'22'!H74+'23'!H74+'24'!H74+'25'!H74+'26'!H74+'27'!H74+'28'!H74+'29'!H74+'30'!H74+'31.'!H74 -> 0 | I74: =+'1'!I74+'2'!I74+'3'!I74+'4'!I74+'5'!I74+'6'!I74+'7'!I74+'8'!I74+'9'!I74+'10'!I74+'11'!I74+'12'!I74+'13'!I74+'14'!I74+'15'!I74+'16'!I74+'17'!I74+'18'!I74+'19'!I74+'20'!I74+'21'!I74+'22'!I74+'23'!I74+'24'!I74+'25'!I74+'26'!I74+'27'!I74+'28'!I74+'29'!I74+'30'!I74+'31.'!I74 -> 0 | J74: =E74+F74-H74-K74-I74 -> 0 | K74: =+'1'!K74+'2'!K74+'3'!K74+'4'!K74+'5'!K74+'6'!K74+'7'!K74+'8'!K74+'9'!K74+'10'!K74+'11'!K74+'12'!K74+'13'!K74+'14'!K74+'15'!K74+'16'!K74+'17'!K74+'18'!K74+'19'!K74+'20'!K74+'21'!K74+'22'!K74+'23'!K74+'24'!K74+'25'!K74+'26'!K74+'27'!K74+'28'!K74+'29'!K74+'30'!K74+'31.'!K74 -> 0 | L74: 120 | M74: =+'1'!M74+'2'!M74+'3'!M74+'4'!M74+'5'!M74+'6'!M74+'7'!M74+'8'!M74+'9'!M74+'10'!M74+'11'!M74+'12'!M74+'13'!M74+'14'!M74+'15'!M74+'16'!M74+'17'!M74+'18'!M74+'19'!M74+'20'!M74+'21'!M74+'22'!M74+'23'!M74+'24'!M74+'25'!M74+'26'!M74+'27'!M74+'28'!M74+'29'!M74+'30'!M74+'31.'!M74 -> 0 | P74: =+K74*O74 -> 0
A75: 71 | B75: 8857125000147 | C75: เอแคลร์นมสด 8 ชิ้น | D75: กล่อง | E75: =+ยกมา!J75 -> 0 | F75: =+'1'!F75+'2'!F75+'3'!F75+'4'!F75+'5'!F75+'6'!F75+'7'!F75+'8'!F75+'9'!F75+'10'!F75+'11'!F75+'12'!F75+'13'!F75+'14'!F75+'15'!F75+'16'!F75+'17'!F75+'18'!F75+'19'!F75+'20'!F75+'21'!F75+'22'!F75+'23'!F75+'24'!F75+'25'!F75+'26'!F75+'27'!F75+'28'!F75+'29'!F75+'30'!F75+'31.'!F75 -> 0 | G75: =+E75+F75 -> 0 | H75: =+'1'!H75+'2'!H75+'3'!H75+'4'!H75+'5'!H75+'6'!H75+'7'!H75+'8'!H75+'9'!H75+'10'!H75+'11'!H75+'12'!H75+'13'!H75+'14'!H75+'15'!H75+'16'!H75+'17'!H75+'18'!H75+'19'!H75+'20'!H75+'21'!H75+'22'!H75+'23'!H75+'24'!H75+'25'!H75+'26'!H75+'27'!H75+'28'!H75+'29'!H75+'30'!H75+'31.'!H75 -> 0 | I75: =+'1'!I75+'2'!I75+'3'!I75+'4'!I75+'5'!I75+'6'!I75+'7'!I75+'8'!I75+'9'!I75+'10'!I75+'11'!I75+'12'!I75+'13'!I75+'14'!I75+'15'!I75+'16'!I75+'17'!I75+'18'!I75+'19'!I75+'20'!I75+'21'!I75+'22'!I75+'23'!I75+'24'!I75+'25'!I75+'26'!I75+'27'!I75+'28'!I75+'29'!I75+'30'!I75+'31.'!I75 -> 0 | J75: =E75+F75-H75-K75-I75 -> 0 | K75: =+'1'!K75+'2'!K75+'3'!K75+'4'!K75+'5'!K75+'6'!K75+'7'!K75+'8'!K75+'9'!K75+'10'!K75+'11'!K75+'12'!K75+'13'!K75+'14'!K75+'15'!K75+'16'!K75+'17'!K75+'18'!K75+'19'!K75+'20'!K75+'21'!K75+'22'!K75+'23'!K75+'24'!K75+'25'!K75+'26'!K75+'27'!K75+'28'!K75+'29'!K75+'30'!K75+'31.'!K75 -> 0 | L75: 50 | M75: =+'1'!M75+'2'!M75+'3'!M75+'4'!M75+'5'!M75+'6'!M75+'7'!M75+'8'!M75+'9'!M75+'10'!M75+'11'!M75+'12'!M75+'13'!M75+'14'!M75+'15'!M75+'16'!M75+'17'!M75+'18'!M75+'19'!M75+'20'!M75+'21'!M75+'22'!M75+'23'!M75+'24'!M75+'25'!M75+'26'!M75+'27'!M75+'28'!M75+'29'!M75+'30'!M75+'31.'!M75 -> 0 | O75: 17.33 | P75: =+K75*O75 -> 0
A76: 72 | B76: 8857125004251 | C76: เอแคลร์คิทแคท 55g. | D76: กล่อง | E76: =+ยกมา!J76 -> 0 | F76: =+'1'!F76+'2'!F76+'3'!F76+'4'!F76+'5'!F76+'6'!F76+'7'!F76+'8'!F76+'9'!F76+'10'!F76+'11'!F76+'12'!F76+'13'!F76+'14'!F76+'15'!F76+'16'!F76+'17'!F76+'18'!F76+'19'!F76+'20'!F76+'21'!F76+'22'!F76+'23'!F76+'24'!F76+'25'!F76+'26'!F76+'27'!F76+'28'!F76+'29'!F76+'30'!F76+'31.'!F76 -> 0 | G76: =+E76+F76 -> 0 | H76: =+'1'!H76+'2'!H76+'3'!H76+'4'!H76+'5'!H76+'6'!H76+'7'!H76+'8'!H76+'9'!H76+'10'!H76+'11'!H76+'12'!H76+'13'!H76+'14'!H76+'15'!H76+'16'!H76+'17'!H76+'18'!H76+'19'!H76+'20'!H76+'21'!H76+'22'!H76+'23'!H76+'24'!H76+'25'!H76+'26'!H76+'27'!H76+'28'!H76+'29'!H76+'30'!H76+'31.'!H76 -> 0 | I76: =+'1'!I76+'2'!I76+'3'!I76+'4'!I76+'5'!I76+'6'!I76+'7'!I76+'8'!I76+'9'!I76+'10'!I76+'11'!I76+'12'!I76+'13'!I76+'14'!I76+'15'!I76+'16'!I76+'17'!I76+'18'!I76+'19'!I76+'20'!I76+'21'!I76+'22'!I76+'23'!I76+'24'!I76+'25'!I76+'26'!I76+'27'!I76+'28'!I76+'29'!I76+'30'!I76+'31.'!I76 -> 0 | J76: =E76+F76-H76-K76-I76 -> 0 | K76: =+'1'!K76+'2'!K76+'3'!K76+'4'!K76+'5'!K76+'6'!K76+'7'!K76+'8'!K76+'9'!K76+'10'!K76+'11'!K76+'12'!K76+'13'!K76+'14'!K76+'15'!K76+'16'!K76+'17'!K76+'18'!K76+'19'!K76+'20'!K76+'21'!K76+'22'!K76+'23'!K76+'24'!K76+'25'!K76+'26'!K76+'27'!K76+'28'!K76+'29'!K76+'30'!K76+'31.'!K76 -> 0 | L76: 45 | M76: =+'1'!M76+'2'!M76+'3'!M76+'4'!M76+'5'!M76+'6'!M76+'7'!M76+'8'!M76+'9'!M76+'10'!M76+'11'!M76+'12'!M76+'13'!M76+'14'!M76+'15'!M76+'16'!M76+'17'!M76+'18'!M76+'19'!M76+'20'!M76+'21'!M76+'22'!M76+'23'!M76+'24'!M76+'25'!M76+'26'!M76+'27'!M76+'28'!M76+'29'!M76+'30'!M76+'31.'!M76 -> 0 | P76: =+K76*O76 -> 0
A77: 73 | B77: 20056257 | C77: เอแคลร์ชาไทย 125g. | D77: กล่อง | E77: =+ยกมา!J77 -> 0 | F77: =+'1'!F77+'2'!F77+'3'!F77+'4'!F77+'5'!F77+'6'!F77+'7'!F77+'8'!F77+'9'!F77+'10'!F77+'11'!F77+'12'!F77+'13'!F77+'14'!F77+'15'!F77+'16'!F77+'17'!F77+'18'!F77+'19'!F77+'20'!F77+'21'!F77+'22'!F77+'23'!F77+'24'!F77+'25'!F77+'26'!F77+'27'!F77+'28'!F77+'29'!F77+'30'!F77+'31.'!F77 -> 0 | G77: =+E77+F77 -> 0 | H77: =+'1'!H77+'2'!H77+'3'!H77+'4'!H77+'5'!H77+'6'!H77+'7'!H77+'8'!H77+'9'!H77+'10'!H77+'11'!H77+'12'!H77+'13'!H77+'14'!H77+'15'!H77+'16'!H77+'17'!H77+'18'!H77+'19'!H77+'20'!H77+'21'!H77+'22'!H77+'23'!H77+'24'!H77+'25'!H77+'26'!H77+'27'!H77+'28'!H77+'29'!H77+'30'!H77+'31.'!H77 -> 0 | I77: =+'1'!I77+'2'!I77+'3'!I77+'4'!I77+'5'!I77+'6'!I77+'7'!I77+'8'!I77+'9'!I77+'10'!I77+'11'!I77+'12'!I77+'13'!I77+'14'!I77+'15'!I77+'16'!I77+'17'!I77+'18'!I77+'19'!I77+'20'!I77+'21'!I77+'22'!I77+'23'!I77+'24'!I77+'25'!I77+'26'!I77+'27'!I77+'28'!I77+'29'!I77+'30'!I77+'31.'!I77 -> 0 | J77: =E77+F77-H77-K77-I77 -> 0 | K77: =+'1'!K77+'2'!K77+'3'!K77+'4'!K77+'5'!K77+'6'!K77+'7'!K77+'8'!K77+'9'!K77+'10'!K77+'11'!K77+'12'!K77+'13'!K77+'14'!K77+'15'!K77+'16'!K77+'17'!K77+'18'!K77+'19'!K77+'20'!K77+'21'!K77+'22'!K77+'23'!K77+'24'!K77+'25'!K77+'26'!K77+'27'!K77+'28'!K77+'29'!K77+'30'!K77+'31.'!K77 -> 0 | L77: 35 | M77: =+'1'!M77+'2'!M77+'3'!M77+'4'!M77+'5'!M77+'6'!M77+'7'!M77+'8'!M77+'9'!M77+'10'!M77+'11'!M77+'12'!M77+'13'!M77+'14'!M77+'15'!M77+'16'!M77+'17'!M77+'18'!M77+'19'!M77+'20'!M77+'21'!M77+'22'!M77+'23'!M77+'24'!M77+'25'!M77+'26'!M77+'27'!M77+'28'!M77+'29'!M77+'30'!M77+'31.'!M77 -> 0 | P77: =+K77*O77 -> 0
A78: 74 | B78: 8857125000499 | C78: ซอฟ์ทเค้กช็อคโกแลตหน้านิ่ม | D78: กล่อง | E78: =+ยกมา!J78 -> 0 | F78: =+'1'!F78+'2'!F78+'3'!F78+'4'!F78+'5'!F78+'6'!F78+'7'!F78+'8'!F78+'9'!F78+'10'!F78+'11'!F78+'12'!F78+'13'!F78+'14'!F78+'15'!F78+'16'!F78+'17'!F78+'18'!F78+'19'!F78+'20'!F78+'21'!F78+'22'!F78+'23'!F78+'24'!F78+'25'!F78+'26'!F78+'27'!F78+'28'!F78+'29'!F78+'30'!F78+'31.'!F78 -> 0 | G78: =+E78+F78 -> 0 | H78: =+'1'!H78+'2'!H78+'3'!H78+'4'!H78+'5'!H78+'6'!H78+'7'!H78+'8'!H78+'9'!H78+'10'!H78+'11'!H78+'12'!H78+'13'!H78+'14'!H78+'15'!H78+'16'!H78+'17'!H78+'18'!H78+'19'!H78+'20'!H78+'21'!H78+'22'!H78+'23'!H78+'24'!H78+'25'!H78+'26'!H78+'27'!H78+'28'!H78+'29'!H78+'30'!H78+'31.'!H78 -> 0 | I78: =+'1'!I78+'2'!I78+'3'!I78+'4'!I78+'5'!I78+'6'!I78+'7'!I78+'8'!I78+'9'!I78+'10'!I78+'11'!I78+'12'!I78+'13'!I78+'14'!I78+'15'!I78+'16'!I78+'17'!I78+'18'!I78+'19'!I78+'20'!I78+'21'!I78+'22'!I78+'23'!I78+'24'!I78+'25'!I78+'26'!I78+'27'!I78+'28'!I78+'29'!I78+'30'!I78+'31.'!I78 -> 0 | J78: =E78+F78-H78-K78-I78 -> 0 | K78: =+'1'!K78+'2'!K78+'3'!K78+'4'!K78+'5'!K78+'6'!K78+'7'!K78+'8'!K78+'9'!K78+'10'!K78+'11'!K78+'12'!K78+'13'!K78+'14'!K78+'15'!K78+'16'!K78+'17'!K78+'18'!K78+'19'!K78+'20'!K78+'21'!K78+'22'!K78+'23'!K78+'24'!K78+'25'!K78+'26'!K78+'27'!K78+'28'!K78+'29'!K78+'30'!K78+'31.'!K78 -> 0 | L78: 55 | M78: =+'1'!M78+'2'!M78+'3'!M78+'4'!M78+'5'!M78+'6'!M78+'7'!M78+'8'!M78+'9'!M78+'10'!M78+'11'!M78+'12'!M78+'13'!M78+'14'!M78+'15'!M78+'16'!M78+'17'!M78+'18'!M78+'19'!M78+'20'!M78+'21'!M78+'22'!M78+'23'!M78+'24'!M78+'25'!M78+'26'!M78+'27'!M78+'28'!M78+'29'!M78+'30'!M78+'31.'!M78 -> 0 | O78: 14.35 | P78: =+K78*O78 -> 0
A79: 75 | B79: 8857125000475 | C79: ซอฟ์ทเค้กมะพร้าวนมสดหน้านิ่ม | D79: กล่อง | E79: =+ยกมา!J79 -> 0 | F79: =+'1'!F79+'2'!F79+'3'!F79+'4'!F79+'5'!F79+'6'!F79+'7'!F79+'8'!F79+'9'!F79+'10'!F79+'11'!F79+'12'!F79+'13'!F79+'14'!F79+'15'!F79+'16'!F79+'17'!F79+'18'!F79+'19'!F79+'20'!F79+'21'!F79+'22'!F79+'23'!F79+'24'!F79+'25'!F79+'26'!F79+'27'!F79+'28'!F79+'29'!F79+'30'!F79+'31.'!F79 -> 0 | G79: =+E79+F79 -> 0 | H79: =+'1'!H79+'2'!H79+'3'!H79+'4'!H79+'5'!H79+'6'!H79+'7'!H79+'8'!H79+'9'!H79+'10'!H79+'11'!H79+'12'!H79+'13'!H79+'14'!H79+'15'!H79+'16'!H79+'17'!H79+'18'!H79+'19'!H79+'20'!H79+'21'!H79+'22'!H79+'23'!H79+'24'!H79+'25'!H79+'26'!H79+'27'!H79+'28'!H79+'29'!H79+'30'!H79+'31.'!H79 -> 0 | I79: =+'1'!I79+'2'!I79+'3'!I79+'4'!I79+'5'!I79+'6'!I79+'7'!I79+'8'!I79+'9'!I79+'10'!I79+'11'!I79+'12'!I79+'13'!I79+'14'!I79+'15'!I79+'16'!I79+'17'!I79+'18'!I79+'19'!I79+'20'!I79+'21'!I79+'22'!I79+'23'!I79+'24'!I79+'25'!I79+'26'!I79+'27'!I79+'28'!I79+'29'!I79+'30'!I79+'31.'!I79 -> 0 | J79: =E79+F79-H79-K79-I79 -> 0 | K79: =+'1'!K79+'2'!K79+'3'!K79+'4'!K79+'5'!K79+'6'!K79+'7'!K79+'8'!K79+'9'!K79+'10'!K79+'11'!K79+'12'!K79+'13'!K79+'14'!K79+'15'!K79+'16'!K79+'17'!K79+'18'!K79+'19'!K79+'20'!K79+'21'!K79+'22'!K79+'23'!K79+'24'!K79+'25'!K79+'26'!K79+'27'!K79+'28'!K79+'29'!K79+'30'!K79+'31.'!K79 -> 0 | L79: 55 | M79: =+'1'!M79+'2'!M79+'3'!M79+'4'!M79+'5'!M79+'6'!M79+'7'!M79+'8'!M79+'9'!M79+'10'!M79+'11'!M79+'12'!M79+'13'!M79+'14'!M79+'15'!M79+'16'!M79+'17'!M79+'18'!M79+'19'!M79+'20'!M79+'21'!M79+'22'!M79+'23'!M79+'24'!M79+'25'!M79+'26'!M79+'27'!M79+'28'!M79+'29'!M79+'30'!M79+'31.'!M79 -> 0 | O79: 11.58 | P79: =+K79*O79 -> 0
A80: 76 | B80: 8857125000468 | C80: เครปโรลฝอยทอง วนิลา | D80: กล่อง | E80: =+ยกมา!J80 -> 0 | F80: =+'1'!F80+'2'!F80+'3'!F80+'4'!F80+'5'!F80+'6'!F80+'7'!F80+'8'!F80+'9'!F80+'10'!F80+'11'!F80+'12'!F80+'13'!F80+'14'!F80+'15'!F80+'16'!F80+'17'!F80+'18'!F80+'19'!F80+'20'!F80+'21'!F80+'22'!F80+'23'!F80+'24'!F80+'25'!F80+'26'!F80+'27'!F80+'28'!F80+'29'!F80+'30'!F80+'31.'!F80 -> 0 | G80: =+E80+F80 -> 0 | H80: =+'1'!H80+'2'!H80+'3'!H80+'4'!H80+'5'!H80+'6'!H80+'7'!H80+'8'!H80+'9'!H80+'10'!H80+'11'!H80+'12'!H80+'13'!H80+'14'!H80+'15'!H80+'16'!H80+'17'!H80+'18'!H80+'19'!H80+'20'!H80+'21'!H80+'22'!H80+'23'!H80+'24'!H80+'25'!H80+'26'!H80+'27'!H80+'28'!H80+'29'!H80+'30'!H80+'31.'!H80 -> 0 | I80: =+'1'!I80+'2'!I80+'3'!I80+'4'!I80+'5'!I80+'6'!I80+'7'!I80+'8'!I80+'9'!I80+'10'!I80+'11'!I80+'12'!I80+'13'!I80+'14'!I80+'15'!I80+'16'!I80+'17'!I80+'18'!I80+'19'!I80+'20'!I80+'21'!I80+'22'!I80+'23'!I80+'24'!I80+'25'!I80+'26'!I80+'27'!I80+'28'!I80+'29'!I80+'30'!I80+'31.'!I80 -> 0 | J80: =E80+F80-H80-K80-I80 -> 0 | K80: =+'1'!K80+'2'!K80+'3'!K80+'4'!K80+'5'!K80+'6'!K80+'7'!K80+'8'!K80+'9'!K80+'10'!K80+'11'!K80+'12'!K80+'13'!K80+'14'!K80+'15'!K80+'16'!K80+'17'!K80+'18'!K80+'19'!K80+'20'!K80+'21'!K80+'22'!K80+'23'!K80+'24'!K80+'25'!K80+'26'!K80+'27'!K80+'28'!K80+'29'!K80+'30'!K80+'31.'!K80 -> 0 | L80: 50 | M80: =+'1'!M80+'2'!M80+'3'!M80+'4'!M80+'5'!M80+'6'!M80+'7'!M80+'8'!M80+'9'!M80+'10'!M80+'11'!M80+'12'!M80+'13'!M80+'14'!M80+'15'!M80+'16'!M80+'17'!M80+'18'!M80+'19'!M80+'20'!M80+'21'!M80+'22'!M80+'23'!M80+'24'!M80+'25'!M80+'26'!M80+'27'!M80+'28'!M80+'29'!M80+'30'!M80+'31.'!M80 -> 0 | O80: 18.14 | P80: =+K80*O80 -> 0
A81: 77 | B81: 8857125000857 | C81: เครปโรลฝอยทอง ใบเตย | D81: กล่อง | E81: =+ยกมา!J81 -> 0 | F81: =+'1'!F81+'2'!F81+'3'!F81+'4'!F81+'5'!F81+'6'!F81+'7'!F81+'8'!F81+'9'!F81+'10'!F81+'11'!F81+'12'!F81+'13'!F81+'14'!F81+'15'!F81+'16'!F81+'17'!F81+'18'!F81+'19'!F81+'20'!F81+'21'!F81+'22'!F81+'23'!F81+'24'!F81+'25'!F81+'26'!F81+'27'!F81+'28'!F81+'29'!F81+'30'!F81+'31.'!F81 -> 0 | G81: =+E81+F81 -> 0 | H81: =+'1'!H81+'2'!H81+'3'!H81+'4'!H81+'5'!H81+'6'!H81+'7'!H81+'8'!H81+'9'!H81+'10'!H81+'11'!H81+'12'!H81+'13'!H81+'14'!H81+'15'!H81+'16'!H81+'17'!H81+'18'!H81+'19'!H81+'20'!H81+'21'!H81+'22'!H81+'23'!H81+'24'!H81+'25'!H81+'26'!H81+'27'!H81+'28'!H81+'29'!H81+'30'!H81+'31.'!H81 -> 0 | I81: =+'1'!I81+'2'!I81+'3'!I81+'4'!I81+'5'!I81+'6'!I81+'7'!I81+'8'!I81+'9'!I81+'10'!I81+'11'!I81+'12'!I81+'13'!I81+'14'!I81+'15'!I81+'16'!I81+'17'!I81+'18'!I81+'19'!I81+'20'!I81+'21'!I81+'22'!I81+'23'!I81+'24'!I81+'25'!I81+'26'!I81+'27'!I81+'28'!I81+'29'!I81+'30'!I81+'31.'!I81 -> 0 | J81: =E81+F81-H81-K81-I81 -> 0 | K81: =+'1'!K81+'2'!K81+'3'!K81+'4'!K81+'5'!K81+'6'!K81+'7'!K81+'8'!K81+'9'!K81+'10'!K81+'11'!K81+'12'!K81+'13'!K81+'14'!K81+'15'!K81+'16'!K81+'17'!K81+'18'!K81+'19'!K81+'20'!K81+'21'!K81+'22'!K81+'23'!K81+'24'!K81+'25'!K81+'26'!K81+'27'!K81+'28'!K81+'29'!K81+'30'!K81+'31.'!K81 -> 0 | L81: 50 | M81: =+'1'!M81+'2'!M81+'3'!M81+'4'!M81+'5'!M81+'6'!M81+'7'!M81+'8'!M81+'9'!M81+'10'!M81+'11'!M81+'12'!M81+'13'!M81+'14'!M81+'15'!M81+'16'!M81+'17'!M81+'18'!M81+'19'!M81+'20'!M81+'21'!M81+'22'!M81+'23'!M81+'24'!M81+'25'!M81+'26'!M81+'27'!M81+'28'!M81+'29'!M81+'30'!M81+'31.'!M81 -> 0 | O81: 12.94 | P81: =+K81*O81 -> 0
A82: 78 | B82: 20054638 | C82: เครปเค้กคิทแคท 65g. | D82: กล่อง | E82: =+ยกมา!J82 -> 0 | F82: =+'1'!F82+'2'!F82+'3'!F82+'4'!F82+'5'!F82+'6'!F82+'7'!F82+'8'!F82+'9'!F82+'10'!F82+'11'!F82+'12'!F82+'13'!F82+'14'!F82+'15'!F82+'16'!F82+'17'!F82+'18'!F82+'19'!F82+'20'!F82+'21'!F82+'22'!F82+'23'!F82+'24'!F82+'25'!F82+'26'!F82+'27'!F82+'28'!F82+'29'!F82+'30'!F82+'31.'!F82 -> 0 | G82: =+E82+F82 -> 0 | H82: =+'1'!H82+'2'!H82+'3'!H82+'4'!H82+'5'!H82+'6'!H82+'7'!H82+'8'!H82+'9'!H82+'10'!H82+'11'!H82+'12'!H82+'13'!H82+'14'!H82+'15'!H82+'16'!H82+'17'!H82+'18'!H82+'19'!H82+'20'!H82+'21'!H82+'22'!H82+'23'!H82+'24'!H82+'25'!H82+'26'!H82+'27'!H82+'28'!H82+'29'!H82+'30'!H82+'31.'!H82 -> 0 | I82: =+'1'!I82+'2'!I82+'3'!I82+'4'!I82+'5'!I82+'6'!I82+'7'!I82+'8'!I82+'9'!I82+'10'!I82+'11'!I82+'12'!I82+'13'!I82+'14'!I82+'15'!I82+'16'!I82+'17'!I82+'18'!I82+'19'!I82+'20'!I82+'21'!I82+'22'!I82+'23'!I82+'24'!I82+'25'!I82+'26'!I82+'27'!I82+'28'!I82+'29'!I82+'30'!I82+'31.'!I82 -> 0 | J82: =E82+F82-H82-K82-I82 -> 0 | K82: =+'1'!K82+'2'!K82+'3'!K82+'4'!K82+'5'!K82+'6'!K82+'7'!K82+'8'!K82+'9'!K82+'10'!K82+'11'!K82+'12'!K82+'13'!K82+'14'!K82+'15'!K82+'16'!K82+'17'!K82+'18'!K82+'19'!K82+'20'!K82+'21'!K82+'22'!K82+'23'!K82+'24'!K82+'25'!K82+'26'!K82+'27'!K82+'28'!K82+'29'!K82+'30'!K82+'31.'!K82 -> 0 | L82: 35 | M82: =+'1'!M82+'2'!M82+'3'!M82+'4'!M82+'5'!M82+'6'!M82+'7'!M82+'8'!M82+'9'!M82+'10'!M82+'11'!M82+'12'!M82+'13'!M82+'14'!M82+'15'!M82+'16'!M82+'17'!M82+'18'!M82+'19'!M82+'20'!M82+'21'!M82+'22'!M82+'23'!M82+'24'!M82+'25'!M82+'26'!M82+'27'!M82+'28'!M82+'29'!M82+'30'!M82+'31.'!M82 -> 0 | P82: =+K82*O82 -> 0
A83: 79 | B83: 1113194 | C83: บานอฟฟี่ 140 กรัม | D83: กล่อง | E83: =+ยกมา!J83 -> 0 | F83: =+'1'!F83+'2'!F83+'3'!F83+'4'!F83+'5'!F83+'6'!F83+'7'!F83+'8'!F83+'9'!F83+'10'!F83+'11'!F83+'12'!F83+'13'!F83+'14'!F83+'15'!F83+'16'!F83+'17'!F83+'18'!F83+'19'!F83+'20'!F83+'21'!F83+'22'!F83+'23'!F83+'24'!F83+'25'!F83+'26'!F83+'27'!F83+'28'!F83+'29'!F83+'30'!F83+'31.'!F83 -> 0 | G83: =+E83+F83 -> 0 | H83: =+'1'!H83+'2'!H83+'3'!H83+'4'!H83+'5'!H83+'6'!H83+'7'!H83+'8'!H83+'9'!H83+'10'!H83+'11'!H83+'12'!H83+'13'!H83+'14'!H83+'15'!H83+'16'!H83+'17'!H83+'18'!H83+'19'!H83+'20'!H83+'21'!H83+'22'!H83+'23'!H83+'24'!H83+'25'!H83+'26'!H83+'27'!H83+'28'!H83+'29'!H83+'30'!H83+'31.'!H83 -> 0 | I83: =+'1'!I83+'2'!I83+'3'!I83+'4'!I83+'5'!I83+'6'!I83+'7'!I83+'8'!I83+'9'!I83+'10'!I83+'11'!I83+'12'!I83+'13'!I83+'14'!I83+'15'!I83+'16'!I83+'17'!I83+'18'!I83+'19'!I83+'20'!I83+'21'!I83+'22'!I83+'23'!I83+'24'!I83+'25'!I83+'26'!I83+'27'!I83+'28'!I83+'29'!I83+'30'!I83+'31.'!I83 -> 0 | J83: =E83+F83-H83-K83-I83 -> 0 | K83: =+'1'!K83+'2'!K83+'3'!K83+'4'!K83+'5'!K83+'6'!K83+'7'!K83+'8'!K83+'9'!K83+'10'!K83+'11'!K83+'12'!K83+'13'!K83+'14'!K83+'15'!K83+'16'!K83+'17'!K83+'18'!K83+'19'!K83+'20'!K83+'21'!K83+'22'!K83+'23'!K83+'24'!K83+'25'!K83+'26'!K83+'27'!K83+'28'!K83+'29'!K83+'30'!K83+'31.'!K83 -> 0 | L83: 45 | M83: =+'1'!M83+'2'!M83+'3'!M83+'4'!M83+'5'!M83+'6'!M83+'7'!M83+'8'!M83+'9'!M83+'10'!M83+'11'!M83+'12'!M83+'13'!M83+'14'!M83+'15'!M83+'16'!M83+'17'!M83+'18'!M83+'19'!M83+'20'!M83+'21'!M83+'22'!M83+'23'!M83+'24'!M83+'25'!M83+'26'!M83+'27'!M83+'28'!M83+'29'!M83+'30'!M83+'31.'!M83 -> 0 | P83: =+K83*O83 -> 0
A84: 80 | B84: 1006979 | C84: คัพเค้กไส้คัสตาร์ด | D84: กล่อง | E84: =+ยกมา!J84 -> 0 | F84: =+'1'!F84+'2'!F84+'3'!F84+'4'!F84+'5'!F84+'6'!F84+'7'!F84+'8'!F84+'9'!F84+'10'!F84+'11'!F84+'12'!F84+'13'!F84+'14'!F84+'15'!F84+'16'!F84+'17'!F84+'18'!F84+'19'!F84+'20'!F84+'21'!F84+'22'!F84+'23'!F84+'24'!F84+'25'!F84+'26'!F84+'27'!F84+'28'!F84+'29'!F84+'30'!F84+'31.'!F84 -> 0 | G84: =+E84+F84 -> 0 | H84: =+'1'!H84+'2'!H84+'3'!H84+'4'!H84+'5'!H84+'6'!H84+'7'!H84+'8'!H84+'9'!H84+'10'!H84+'11'!H84+'12'!H84+'13'!H84+'14'!H84+'15'!H84+'16'!H84+'17'!H84+'18'!H84+'19'!H84+'20'!H84+'21'!H84+'22'!H84+'23'!H84+'24'!H84+'25'!H84+'26'!H84+'27'!H84+'28'!H84+'29'!H84+'30'!H84+'31.'!H84 -> 0 | I84: =+'1'!I84+'2'!I84+'3'!I84+'4'!I84+'5'!I84+'6'!I84+'7'!I84+'8'!I84+'9'!I84+'10'!I84+'11'!I84+'12'!I84+'13'!I84+'14'!I84+'15'!I84+'16'!I84+'17'!I84+'18'!I84+'19'!I84+'20'!I84+'21'!I84+'22'!I84+'23'!I84+'24'!I84+'25'!I84+'26'!I84+'27'!I84+'28'!I84+'29'!I84+'30'!I84+'31.'!I84 -> 0 | J84: =E84+F84-H84-K84-I84 -> 0 | K84: =+'1'!K84+'2'!K84+'3'!K84+'4'!K84+'5'!K84+'6'!K84+'7'!K84+'8'!K84+'9'!K84+'10'!K84+'11'!K84+'12'!K84+'13'!K84+'14'!K84+'15'!K84+'16'!K84+'17'!K84+'18'!K84+'19'!K84+'20'!K84+'21'!K84+'22'!K84+'23'!K84+'24'!K84+'25'!K84+'26'!K84+'27'!K84+'28'!K84+'29'!K84+'30'!K84+'31.'!K84 -> 0 | L84: 45 | M84: =+'1'!M84+'2'!M84+'3'!M84+'4'!M84+'5'!M84+'6'!M84+'7'!M84+'8'!M84+'9'!M84+'10'!M84+'11'!M84+'12'!M84+'13'!M84+'14'!M84+'15'!M84+'16'!M84+'17'!M84+'18'!M84+'19'!M84+'20'!M84+'21'!M84+'22'!M84+'23'!M84+'24'!M84+'25'!M84+'26'!M84+'27'!M84+'28'!M84+'29'!M84+'30'!M84+'31.'!M84 -> 0 | P84: =+K84*O84 -> 0
A85: 81 | B85: 1300005 | C85: เค้กมะพร้าวลาวา 85 กรัม | D85: กล่อง | E85: =+ยกมา!J85 -> 0 | F85: =+'1'!F85+'2'!F85+'3'!F85+'4'!F85+'5'!F85+'6'!F85+'7'!F85+'8'!F85+'9'!F85+'10'!F85+'11'!F85+'12'!F85+'13'!F85+'14'!F85+'15'!F85+'16'!F85+'17'!F85+'18'!F85+'19'!F85+'20'!F85+'21'!F85+'22'!F85+'23'!F85+'24'!F85+'25'!F85+'26'!F85+'27'!F85+'28'!F85+'29'!F85+'30'!F85+'31.'!F85 -> 0 | G85: =+E85+F85 -> 0 | H85: =+'1'!H85+'2'!H85+'3'!H85+'4'!H85+'5'!H85+'6'!H85+'7'!H85+'8'!H85+'9'!H85+'10'!H85+'11'!H85+'12'!H85+'13'!H85+'14'!H85+'15'!H85+'16'!H85+'17'!H85+'18'!H85+'19'!H85+'20'!H85+'21'!H85+'22'!H85+'23'!H85+'24'!H85+'25'!H85+'26'!H85+'27'!H85+'28'!H85+'29'!H85+'30'!H85+'31.'!H85 -> 0 | I85: =+'1'!I85+'2'!I85+'3'!I85+'4'!I85+'5'!I85+'6'!I85+'7'!I85+'8'!I85+'9'!I85+'10'!I85+'11'!I85+'12'!I85+'13'!I85+'14'!I85+'15'!I85+'16'!I85+'17'!I85+'18'!I85+'19'!I85+'20'!I85+'21'!I85+'22'!I85+'23'!I85+'24'!I85+'25'!I85+'26'!I85+'27'!I85+'28'!I85+'29'!I85+'30'!I85+'31.'!I85 -> 0 | J85: =E85+F85-H85-K85-I85 -> 0 | K85: =+'1'!K85+'2'!K85+'3'!K85+'4'!K85+'5'!K85+'6'!K85+'7'!K85+'8'!K85+'9'!K85+'10'!K85+'11'!K85+'12'!K85+'13'!K85+'14'!K85+'15'!K85+'16'!K85+'17'!K85+'18'!K85+'19'!K85+'20'!K85+'21'!K85+'22'!K85+'23'!K85+'24'!K85+'25'!K85+'26'!K85+'27'!K85+'28'!K85+'29'!K85+'30'!K85+'31.'!K85 -> 0 | L85: 45 | M85: =+'1'!M85+'2'!M85+'3'!M85+'4'!M85+'5'!M85+'6'!M85+'7'!M85+'8'!M85+'9'!M85+'10'!M85+'11'!M85+'12'!M85+'13'!M85+'14'!M85+'15'!M85+'16'!M85+'17'!M85+'18'!M85+'19'!M85+'20'!M85+'21'!M85+'22'!M85+'23'!M85+'24'!M85+'25'!M85+'26'!M85+'27'!M85+'28'!M85+'29'!M85+'30'!M85+'31.'!M85 -> 0 | P85: =+K85*O85 -> 0
A86: 82 | B86: 8857125004220 | C86: เค้กลอดช่อง 85 กรัม | D86: กล่อง | E86: =+ยกมา!J86 -> 6 | F86: =+'1'!F86+'2'!F86+'3'!F86+'4'!F86+'5'!F86+'6'!F86+'7'!F86+'8'!F86+'9'!F86+'10'!F86+'11'!F86+'12'!F86+'13'!F86+'14'!F86+'15'!F86+'16'!F86+'17'!F86+'18'!F86+'19'!F86+'20'!F86+'21'!F86+'22'!F86+'23'!F86+'24'!F86+'25'!F86+'26'!F86+'27'!F86+'28'!F86+'29'!F86+'30'!F86+'31.'!F86 -> 10 | G86: =+E86+F86 -> 16 | H86: =+'1'!H86+'2'!H86+'3'!H86+'4'!H86+'5'!H86+'6'!H86+'7'!H86+'8'!H86+'9'!H86+'10'!H86+'11'!H86+'12'!H86+'13'!H86+'14'!H86+'15'!H86+'16'!H86+'17'!H86+'18'!H86+'19'!H86+'20'!H86+'21'!H86+'22'!H86+'23'!H86+'24'!H86+'25'!H86+'26'!H86+'27'!H86+'28'!H86+'29'!H86+'30'!H86+'31.'!H86 -> 0 | I86: =+'1'!I86+'2'!I86+'3'!I86+'4'!I86+'5'!I86+'6'!I86+'7'!I86+'8'!I86+'9'!I86+'10'!I86+'11'!I86+'12'!I86+'13'!I86+'14'!I86+'15'!I86+'16'!I86+'17'!I86+'18'!I86+'19'!I86+'20'!I86+'21'!I86+'22'!I86+'23'!I86+'24'!I86+'25'!I86+'26'!I86+'27'!I86+'28'!I86+'29'!I86+'30'!I86+'31.'!I86 -> 0 | J86: =E86+F86-H86-K86-I86 -> 12 | K86: =+'1'!K86+'2'!K86+'3'!K86+'4'!K86+'5'!K86+'6'!K86+'7'!K86+'8'!K86+'9'!K86+'10'!K86+'11'!K86+'12'!K86+'13'!K86+'14'!K86+'15'!K86+'16'!K86+'17'!K86+'18'!K86+'19'!K86+'20'!K86+'21'!K86+'22'!K86+'23'!K86+'24'!K86+'25'!K86+'26'!K86+'27'!K86+'28'!K86+'29'!K86+'30'!K86+'31.'!K86 -> 4 | L86: 35 | M86: =+'1'!M86+'2'!M86+'3'!M86+'4'!M86+'5'!M86+'6'!M86+'7'!M86+'8'!M86+'9'!M86+'10'!M86+'11'!M86+'12'!M86+'13'!M86+'14'!M86+'15'!M86+'16'!M86+'17'!M86+'18'!M86+'19'!M86+'20'!M86+'21'!M86+'22'!M86+'23'!M86+'24'!M86+'25'!M86+'26'!M86+'27'!M86+'28'!M86+'29'!M86+'30'!M86+'31.'!M86 -> 140 | P86: =+K86*O86 -> 0
A87: 83 | B87: 1113178 | C87: เค้กลอดช่องกล่องกลม 1 ปอนด์ 265 กรัม | D87: กล่อง | E87: =+ยกมา!J87 -> 0 | F87: =+'1'!F87+'2'!F87+'3'!F87+'4'!F87+'5'!F87+'6'!F87+'7'!F87+'8'!F87+'9'!F87+'10'!F87+'11'!F87+'12'!F87+'13'!F87+'14'!F87+'15'!F87+'16'!F87+'17'!F87+'18'!F87+'19'!F87+'20'!F87+'21'!F87+'22'!F87+'23'!F87+'24'!F87+'25'!F87+'26'!F87+'27'!F87+'28'!F87+'29'!F87+'30'!F87+'31.'!F87 -> 0 | G87: =+E87+F87 -> 0 | H87: =+'1'!H87+'2'!H87+'3'!H87+'4'!H87+'5'!H87+'6'!H87+'7'!H87+'8'!H87+'9'!H87+'10'!H87+'11'!H87+'12'!H87+'13'!H87+'14'!H87+'15'!H87+'16'!H87+'17'!H87+'18'!H87+'19'!H87+'20'!H87+'21'!H87+'22'!H87+'23'!H87+'24'!H87+'25'!H87+'26'!H87+'27'!H87+'28'!H87+'29'!H87+'30'!H87+'31.'!H87 -> 0 | I87: =+'1'!I87+'2'!I87+'3'!I87+'4'!I87+'5'!I87+'6'!I87+'7'!I87+'8'!I87+'9'!I87+'10'!I87+'11'!I87+'12'!I87+'13'!I87+'14'!I87+'15'!I87+'16'!I87+'17'!I87+'18'!I87+'19'!I87+'20'!I87+'21'!I87+'22'!I87+'23'!I87+'24'!I87+'25'!I87+'26'!I87+'27'!I87+'28'!I87+'29'!I87+'30'!I87+'31.'!I87 -> 0 | J87: =E87+F87-H87-K87-I87 -> 0 | K87: =+'1'!K87+'2'!K87+'3'!K87+'4'!K87+'5'!K87+'6'!K87+'7'!K87+'8'!K87+'9'!K87+'10'!K87+'11'!K87+'12'!K87+'13'!K87+'14'!K87+'15'!K87+'16'!K87+'17'!K87+'18'!K87+'19'!K87+'20'!K87+'21'!K87+'22'!K87+'23'!K87+'24'!K87+'25'!K87+'26'!K87+'27'!K87+'28'!K87+'29'!K87+'30'!K87+'31.'!K87 -> 0 | M87: =+'1'!M87+'2'!M87+'3'!M87+'4'!M87+'5'!M87+'6'!M87+'7'!M87+'8'!M87+'9'!M87+'10'!M87+'11'!M87+'12'!M87+'13'!M87+'14'!M87+'15'!M87+'16'!M87+'17'!M87+'18'!M87+'19'!M87+'20'!M87+'21'!M87+'22'!M87+'23'!M87+'24'!M87+'25'!M87+'26'!M87+'27'!M87+'28'!M87+'29'!M87+'30'!M87+'31.'!M87 -> 0 | P87: =+K87*O87 -> 0
A88: 84 | B88: 1113179 | C88: เค้กลอดช่องกล่องกลม 2 ปอนด์ 325 กรัม | D88: กล่อง | E88: =+ยกมา!J88 -> 0 | F88: =+'1'!F88+'2'!F88+'3'!F88+'4'!F88+'5'!F88+'6'!F88+'7'!F88+'8'!F88+'9'!F88+'10'!F88+'11'!F88+'12'!F88+'13'!F88+'14'!F88+'15'!F88+'16'!F88+'17'!F88+'18'!F88+'19'!F88+'20'!F88+'21'!F88+'22'!F88+'23'!F88+'24'!F88+'25'!F88+'26'!F88+'27'!F88+'28'!F88+'29'!F88+'30'!F88+'31.'!F88 -> 0 | G88: =+E88+F88 -> 0 | H88: =+'1'!H88+'2'!H88+'3'!H88+'4'!H88+'5'!H88+'6'!H88+'7'!H88+'8'!H88+'9'!H88+'10'!H88+'11'!H88+'12'!H88+'13'!H88+'14'!H88+'15'!H88+'16'!H88+'17'!H88+'18'!H88+'19'!H88+'20'!H88+'21'!H88+'22'!H88+'23'!H88+'24'!H88+'25'!H88+'26'!H88+'27'!H88+'28'!H88+'29'!H88+'30'!H88+'31.'!H88 -> 0 | I88: =+'1'!I88+'2'!I88+'3'!I88+'4'!I88+'5'!I88+'6'!I88+'7'!I88+'8'!I88+'9'!I88+'10'!I88+'11'!I88+'12'!I88+'13'!I88+'14'!I88+'15'!I88+'16'!I88+'17'!I88+'18'!I88+'19'!I88+'20'!I88+'21'!I88+'22'!I88+'23'!I88+'24'!I88+'25'!I88+'26'!I88+'27'!I88+'28'!I88+'29'!I88+'30'!I88+'31.'!I88 -> 0 | J88: =E88+F88-H88-K88-I88 -> 0 | K88: =+'1'!K88+'2'!K88+'3'!K88+'4'!K88+'5'!K88+'6'!K88+'7'!K88+'8'!K88+'9'!K88+'10'!K88+'11'!K88+'12'!K88+'13'!K88+'14'!K88+'15'!K88+'16'!K88+'17'!K88+'18'!K88+'19'!K88+'20'!K88+'21'!K88+'22'!K88+'23'!K88+'24'!K88+'25'!K88+'26'!K88+'27'!K88+'28'!K88+'29'!K88+'30'!K88+'31.'!K88 -> 0 | L88: 120 | M88: =+'1'!M88+'2'!M88+'3'!M88+'4'!M88+'5'!M88+'6'!M88+'7'!M88+'8'!M88+'9'!M88+'10'!M88+'11'!M88+'12'!M88+'13'!M88+'14'!M88+'15'!M88+'16'!M88+'17'!M88+'18'!M88+'19'!M88+'20'!M88+'21'!M88+'22'!M88+'23'!M88+'24'!M88+'25'!M88+'26'!M88+'27'!M88+'28'!M88+'29'!M88+'30'!M88+'31.'!M88 -> 0 | P88: =+K88*O88 -> 0
A89: 85 | B89: 8857125004275 | C89: เค้กทุเรียน 90 กรัม | D89: กล่อง | E89: =+ยกมา!J89 -> 0 | F89: =+'1'!F89+'2'!F89+'3'!F89+'4'!F89+'5'!F89+'6'!F89+'7'!F89+'8'!F89+'9'!F89+'10'!F89+'11'!F89+'12'!F89+'13'!F89+'14'!F89+'15'!F89+'16'!F89+'17'!F89+'18'!F89+'19'!F89+'20'!F89+'21'!F89+'22'!F89+'23'!F89+'24'!F89+'25'!F89+'26'!F89+'27'!F89+'28'!F89+'29'!F89+'30'!F89+'31.'!F89 -> 0 | G89: =+E89+F89 -> 0 | H89: =+'1'!H89+'2'!H89+'3'!H89+'4'!H89+'5'!H89+'6'!H89+'7'!H89+'8'!H89+'9'!H89+'10'!H89+'11'!H89+'12'!H89+'13'!H89+'14'!H89+'15'!H89+'16'!H89+'17'!H89+'18'!H89+'19'!H89+'20'!H89+'21'!H89+'22'!H89+'23'!H89+'24'!H89+'25'!H89+'26'!H89+'27'!H89+'28'!H89+'29'!H89+'30'!H89+'31.'!H89 -> 0 | I89: =+'1'!I89+'2'!I89+'3'!I89+'4'!I89+'5'!I89+'6'!I89+'7'!I89+'8'!I89+'9'!I89+'10'!I89+'11'!I89+'12'!I89+'13'!I89+'14'!I89+'15'!I89+'16'!I89+'17'!I89+'18'!I89+'19'!I89+'20'!I89+'21'!I89+'22'!I89+'23'!I89+'24'!I89+'25'!I89+'26'!I89+'27'!I89+'28'!I89+'29'!I89+'30'!I89+'31.'!I89 -> 0 | J89: =E89+F89-H89-K89-I89 -> 0 | K89: =+'1'!K89+'2'!K89+'3'!K89+'4'!K89+'5'!K89+'6'!K89+'7'!K89+'8'!K89+'9'!K89+'10'!K89+'11'!K89+'12'!K89+'13'!K89+'14'!K89+'15'!K89+'16'!K89+'17'!K89+'18'!K89+'19'!K89+'20'!K89+'21'!K89+'22'!K89+'23'!K89+'24'!K89+'25'!K89+'26'!K89+'27'!K89+'28'!K89+'29'!K89+'30'!K89+'31.'!K89 -> 0 | L89: 45 | M89: =+'1'!M89+'2'!M89+'3'!M89+'4'!M89+'5'!M89+'6'!M89+'7'!M89+'8'!M89+'9'!M89+'10'!M89+'11'!M89+'12'!M89+'13'!M89+'14'!M89+'15'!M89+'16'!M89+'17'!M89+'18'!M89+'19'!M89+'20'!M89+'21'!M89+'22'!M89+'23'!M89+'24'!M89+'25'!M89+'26'!M89+'27'!M89+'28'!M89+'29'!M89+'30'!M89+'31.'!M89 -> 0 | P89: =+K89*O89 -> 0
A90: 86 | B90: 20055951 | C90: เค้กบัวลอยมะพร้าวอ่อน 100 กรัม | D90: กล่อง | E90: =+ยกมา!J90 -> 0 | F90: =+'1'!F90+'2'!F90+'3'!F90+'4'!F90+'5'!F90+'6'!F90+'7'!F90+'8'!F90+'9'!F90+'10'!F90+'11'!F90+'12'!F90+'13'!F90+'14'!F90+'15'!F90+'16'!F90+'17'!F90+'18'!F90+'19'!F90+'20'!F90+'21'!F90+'22'!F90+'23'!F90+'24'!F90+'25'!F90+'26'!F90+'27'!F90+'28'!F90+'29'!F90+'30'!F90+'31.'!F90 -> 0 | G90: =+E90+F90 -> 0 | H90: =+'1'!H90+'2'!H90+'3'!H90+'4'!H90+'5'!H90+'6'!H90+'7'!H90+'8'!H90+'9'!H90+'10'!H90+'11'!H90+'12'!H90+'13'!H90+'14'!H90+'15'!H90+'16'!H90+'17'!H90+'18'!H90+'19'!H90+'20'!H90+'21'!H90+'22'!H90+'23'!H90+'24'!H90+'25'!H90+'26'!H90+'27'!H90+'28'!H90+'29'!H90+'30'!H90+'31.'!H90 -> 0 | I90: =+'1'!I90+'2'!I90+'3'!I90+'4'!I90+'5'!I90+'6'!I90+'7'!I90+'8'!I90+'9'!I90+'10'!I90+'11'!I90+'12'!I90+'13'!I90+'14'!I90+'15'!I90+'16'!I90+'17'!I90+'18'!I90+'19'!I90+'20'!I90+'21'!I90+'22'!I90+'23'!I90+'24'!I90+'25'!I90+'26'!I90+'27'!I90+'28'!I90+'29'!I90+'30'!I90+'31.'!I90 -> 0 | J90: =E90+F90-H90-K90-I90 -> 0 | K90: =+'1'!K90+'2'!K90+'3'!K90+'4'!K90+'5'!K90+'6'!K90+'7'!K90+'8'!K90+'9'!K90+'10'!K90+'11'!K90+'12'!K90+'13'!K90+'14'!K90+'15'!K90+'16'!K90+'17'!K90+'18'!K90+'19'!K90+'20'!K90+'21'!K90+'22'!K90+'23'!K90+'24'!K90+'25'!K90+'26'!K90+'27'!K90+'28'!K90+'29'!K90+'30'!K90+'31.'!K90 -> 0 | L90: 35 | M90: =+'1'!M90+'2'!M90+'3'!M90+'4'!M90+'5'!M90+'6'!M90+'7'!M90+'8'!M90+'9'!M90+'10'!M90+'11'!M90+'12'!M90+'13'!M90+'14'!M90+'15'!M90+'16'!M90+'17'!M90+'18'!M90+'19'!M90+'20'!M90+'21'!M90+'22'!M90+'23'!M90+'24'!M90+'25'!M90+'26'!M90+'27'!M90+'28'!M90+'29'!M90+'30'!M90+'31.'!M90 -> 0 | P90: =+K90*O90 -> 0
A91: 87 | B91: 1113191 | C91: เค้กตะโก้เผือกหอม 120 กรัม | D91: กล่อง | E91: =+ยกมา!J91 -> 0 | F91: =+'1'!F91+'2'!F91+'3'!F91+'4'!F91+'5'!F91+'6'!F91+'7'!F91+'8'!F91+'9'!F91+'10'!F91+'11'!F91+'12'!F91+'13'!F91+'14'!F91+'15'!F91+'16'!F91+'17'!F91+'18'!F91+'19'!F91+'20'!F91+'21'!F91+'22'!F91+'23'!F91+'24'!F91+'25'!F91+'26'!F91+'27'!F91+'28'!F91+'29'!F91+'30'!F91+'31.'!F91 -> 0 | G91: =+E91+F91 -> 0 | H91: =+'1'!H91+'2'!H91+'3'!H91+'4'!H91+'5'!H91+'6'!H91+'7'!H91+'8'!H91+'9'!H91+'10'!H91+'11'!H91+'12'!H91+'13'!H91+'14'!H91+'15'!H91+'16'!H91+'17'!H91+'18'!H91+'19'!H91+'20'!H91+'21'!H91+'22'!H91+'23'!H91+'24'!H91+'25'!H91+'26'!H91+'27'!H91+'28'!H91+'29'!H91+'30'!H91+'31.'!H91 -> 0 | I91: =+'1'!I91+'2'!I91+'3'!I91+'4'!I91+'5'!I91+'6'!I91+'7'!I91+'8'!I91+'9'!I91+'10'!I91+'11'!I91+'12'!I91+'13'!I91+'14'!I91+'15'!I91+'16'!I91+'17'!I91+'18'!I91+'19'!I91+'20'!I91+'21'!I91+'22'!I91+'23'!I91+'24'!I91+'25'!I91+'26'!I91+'27'!I91+'28'!I91+'29'!I91+'30'!I91+'31.'!I91 -> 0 | J91: =E91+F91-H91-K91-I91 -> 0 | K91: =+'1'!K91+'2'!K91+'3'!K91+'4'!K91+'5'!K91+'6'!K91+'7'!K91+'8'!K91+'9'!K91+'10'!K91+'11'!K91+'12'!K91+'13'!K91+'14'!K91+'15'!K91+'16'!K91+'17'!K91+'18'!K91+'19'!K91+'20'!K91+'21'!K91+'22'!K91+'23'!K91+'24'!K91+'25'!K91+'26'!K91+'27'!K91+'28'!K91+'29'!K91+'30'!K91+'31.'!K91 -> 0 | L91: 35 | M91: =+'1'!M91+'2'!M91+'3'!M91+'4'!M91+'5'!M91+'6'!M91+'7'!M91+'8'!M91+'9'!M91+'10'!M91+'11'!M91+'12'!M91+'13'!M91+'14'!M91+'15'!M91+'16'!M91+'17'!M91+'18'!M91+'19'!M91+'20'!M91+'21'!M91+'22'!M91+'23'!M91+'24'!M91+'25'!M91+'26'!M91+'27'!M91+'28'!M91+'29'!M91+'30'!M91+'31.'!M91 -> 0 | O91: 15.4 | P91: =+K91*O91 -> 0
A92: 88 | B92: 8857125003803 | C92: เค้กสามเหลี่ยม รสมะพร้าวน้ำหอม | D92: ชิ้น | E92: =+ยกมา!J92 -> 0 | F92: =+'1'!F92+'2'!F92+'3'!F92+'4'!F92+'5'!F92+'6'!F92+'7'!F92+'8'!F92+'9'!F92+'10'!F92+'11'!F92+'12'!F92+'13'!F92+'14'!F92+'15'!F92+'16'!F92+'17'!F92+'18'!F92+'19'!F92+'20'!F92+'21'!F92+'22'!F92+'23'!F92+'24'!F92+'25'!F92+'26'!F92+'27'!F92+'28'!F92+'29'!F92+'30'!F92+'31.'!F92 -> 0 | G92: =+E92+F92 -> 0 | H92: =+'1'!H92+'2'!H92+'3'!H92+'4'!H92+'5'!H92+'6'!H92+'7'!H92+'8'!H92+'9'!H92+'10'!H92+'11'!H92+'12'!H92+'13'!H92+'14'!H92+'15'!H92+'16'!H92+'17'!H92+'18'!H92+'19'!H92+'20'!H92+'21'!H92+'22'!H92+'23'!H92+'24'!H92+'25'!H92+'26'!H92+'27'!H92+'28'!H92+'29'!H92+'30'!H92+'31.'!H92 -> 0 | I92: =+'1'!I92+'2'!I92+'3'!I92+'4'!I92+'5'!I92+'6'!I92+'7'!I92+'8'!I92+'9'!I92+'10'!I92+'11'!I92+'12'!I92+'13'!I92+'14'!I92+'15'!I92+'16'!I92+'17'!I92+'18'!I92+'19'!I92+'20'!I92+'21'!I92+'22'!I92+'23'!I92+'24'!I92+'25'!I92+'26'!I92+'27'!I92+'28'!I92+'29'!I92+'30'!I92+'31.'!I92 -> 0 | J92: =E92+F92-H92-K92-I92 -> 0 | K92: =+'1'!K92+'2'!K92+'3'!K92+'4'!K92+'5'!K92+'6'!K92+'7'!K92+'8'!K92+'9'!K92+'10'!K92+'11'!K92+'12'!K92+'13'!K92+'14'!K92+'15'!K92+'16'!K92+'17'!K92+'18'!K92+'19'!K92+'20'!K92+'21'!K92+'22'!K92+'23'!K92+'24'!K92+'25'!K92+'26'!K92+'27'!K92+'28'!K92+'29'!K92+'30'!K92+'31.'!K92 -> 0 | L92: 35 | M92: =+'1'!M92+'2'!M92+'3'!M92+'4'!M92+'5'!M92+'6'!M92+'7'!M92+'8'!M92+'9'!M92+'10'!M92+'11'!M92+'12'!M92+'13'!M92+'14'!M92+'15'!M92+'16'!M92+'17'!M92+'18'!M92+'19'!M92+'20'!M92+'21'!M92+'22'!M92+'23'!M92+'24'!M92+'25'!M92+'26'!M92+'27'!M92+'28'!M92+'29'!M92+'30'!M92+'31.'!M92 -> 0 | O92: 10.98 | P92: =+K92*O92 -> 0
A93: 89 | B93: 8857125002318 | C93: เค้กสามเหลี่ยม รสฝอยทองใบเตย | D93: ชิ้น | E93: =+ยกมา!J93 -> 0 | F93: =+'1'!F93+'2'!F93+'3'!F93+'4'!F93+'5'!F93+'6'!F93+'7'!F93+'8'!F93+'9'!F93+'10'!F93+'11'!F93+'12'!F93+'13'!F93+'14'!F93+'15'!F93+'16'!F93+'17'!F93+'18'!F93+'19'!F93+'20'!F93+'21'!F93+'22'!F93+'23'!F93+'24'!F93+'25'!F93+'26'!F93+'27'!F93+'28'!F93+'29'!F93+'30'!F93+'31.'!F93 -> 0 | G93: =+E93+F93 -> 0 | H93: =+'1'!H93+'2'!H93+'3'!H93+'4'!H93+'5'!H93+'6'!H93+'7'!H93+'8'!H93+'9'!H93+'10'!H93+'11'!H93+'12'!H93+'13'!H93+'14'!H93+'15'!H93+'16'!H93+'17'!H93+'18'!H93+'19'!H93+'20'!H93+'21'!H93+'22'!H93+'23'!H93+'24'!H93+'25'!H93+'26'!H93+'27'!H93+'28'!H93+'29'!H93+'30'!H93+'31.'!H93 -> 0 | I93: =+'1'!I93+'2'!I93+'3'!I93+'4'!I93+'5'!I93+'6'!I93+'7'!I93+'8'!I93+'9'!I93+'10'!I93+'11'!I93+'12'!I93+'13'!I93+'14'!I93+'15'!I93+'16'!I93+'17'!I93+'18'!I93+'19'!I93+'20'!I93+'21'!I93+'22'!I93+'23'!I93+'24'!I93+'25'!I93+'26'!I93+'27'!I93+'28'!I93+'29'!I93+'30'!I93+'31.'!I93 -> 0 | J93: =E93+F93-H93-K93-I93 -> 0 | K93: =+'1'!K93+'2'!K93+'3'!K93+'4'!K93+'5'!K93+'6'!K93+'7'!K93+'8'!K93+'9'!K93+'10'!K93+'11'!K93+'12'!K93+'13'!K93+'14'!K93+'15'!K93+'16'!K93+'17'!K93+'18'!K93+'19'!K93+'20'!K93+'21'!K93+'22'!K93+'23'!K93+'24'!K93+'25'!K93+'26'!K93+'27'!K93+'28'!K93+'29'!K93+'30'!K93+'31.'!K93 -> 0 | L93: 35 | M93: =+'1'!M93+'2'!M93+'3'!M93+'4'!M93+'5'!M93+'6'!M93+'7'!M93+'8'!M93+'9'!M93+'10'!M93+'11'!M93+'12'!M93+'13'!M93+'14'!M93+'15'!M93+'16'!M93+'17'!M93+'18'!M93+'19'!M93+'20'!M93+'21'!M93+'22'!M93+'23'!M93+'24'!M93+'25'!M93+'26'!M93+'27'!M93+'28'!M93+'29'!M93+'30'!M93+'31.'!M93 -> 0 | P93: =+K93*O93 -> 0
A94: 90 | B94: 8857125002370 | C94: เค้กวันเกิดมะพร้าวอ่อน 1/2 ปอนด์ | D94: ชิ้น | E94: =+ยกมา!J94 -> 0 | F94: =+'1'!F94+'2'!F94+'3'!F94+'4'!F94+'5'!F94+'6'!F94+'7'!F94+'8'!F94+'9'!F94+'10'!F94+'11'!F94+'12'!F94+'13'!F94+'14'!F94+'15'!F94+'16'!F94+'17'!F94+'18'!F94+'19'!F94+'20'!F94+'21'!F94+'22'!F94+'23'!F94+'24'!F94+'25'!F94+'26'!F94+'27'!F94+'28'!F94+'29'!F94+'30'!F94+'31.'!F94 -> 0 | G94: =+E94+F94 -> 0 | H94: =+'1'!H94+'2'!H94+'3'!H94+'4'!H94+'5'!H94+'6'!H94+'7'!H94+'8'!H94+'9'!H94+'10'!H94+'11'!H94+'12'!H94+'13'!H94+'14'!H94+'15'!H94+'16'!H94+'17'!H94+'18'!H94+'19'!H94+'20'!H94+'21'!H94+'22'!H94+'23'!H94+'24'!H94+'25'!H94+'26'!H94+'27'!H94+'28'!H94+'29'!H94+'30'!H94+'31.'!H94 -> 0 | I94: =+'1'!I94+'2'!I94+'3'!I94+'4'!I94+'5'!I94+'6'!I94+'7'!I94+'8'!I94+'9'!I94+'10'!I94+'11'!I94+'12'!I94+'13'!I94+'14'!I94+'15'!I94+'16'!I94+'17'!I94+'18'!I94+'19'!I94+'20'!I94+'21'!I94+'22'!I94+'23'!I94+'24'!I94+'25'!I94+'26'!I94+'27'!I94+'28'!I94+'29'!I94+'30'!I94+'31.'!I94 -> 0 | J94: =E94+F94-H94-K94-I94 -> 0 | K94: =+'1'!K94+'2'!K94+'3'!K94+'4'!K94+'5'!K94+'6'!K94+'7'!K94+'8'!K94+'9'!K94+'10'!K94+'11'!K94+'12'!K94+'13'!K94+'14'!K94+'15'!K94+'16'!K94+'17'!K94+'18'!K94+'19'!K94+'20'!K94+'21'!K94+'22'!K94+'23'!K94+'24'!K94+'25'!K94+'26'!K94+'27'!K94+'28'!K94+'29'!K94+'30'!K94+'31.'!K94 -> 0 | L94: 100 | M94: =+'1'!M94+'2'!M94+'3'!M94+'4'!M94+'5'!M94+'6'!M94+'7'!M94+'8'!M94+'9'!M94+'10'!M94+'11'!M94+'12'!M94+'13'!M94+'14'!M94+'15'!M94+'16'!M94+'17'!M94+'18'!M94+'19'!M94+'20'!M94+'21'!M94+'22'!M94+'23'!M94+'24'!M94+'25'!M94+'26'!M94+'27'!M94+'28'!M94+'29'!M94+'30'!M94+'31.'!M94 -> 0 | P94: =+K94*O94 -> 0
A95: 91 | B95: 8857125002332 | C95: เค้กวันเกิดมะพร้าวอ่อน 1 ปอนด์ | D95: ชิ้น | E95: =+ยกมา!J95 -> 0 | F95: =+'1'!F95+'2'!F95+'3'!F95+'4'!F95+'5'!F95+'6'!F95+'7'!F95+'8'!F95+'9'!F95+'10'!F95+'11'!F95+'12'!F95+'13'!F95+'14'!F95+'15'!F95+'16'!F95+'17'!F95+'18'!F95+'19'!F95+'20'!F95+'21'!F95+'22'!F95+'23'!F95+'24'!F95+'25'!F95+'26'!F95+'27'!F95+'28'!F95+'29'!F95+'30'!F95+'31.'!F95 -> 0 | G95: =+E95+F95 -> 0 | H95: =+'1'!H95+'2'!H95+'3'!H95+'4'!H95+'5'!H95+'6'!H95+'7'!H95+'8'!H95+'9'!H95+'10'!H95+'11'!H95+'12'!H95+'13'!H95+'14'!H95+'15'!H95+'16'!H95+'17'!H95+'18'!H95+'19'!H95+'20'!H95+'21'!H95+'22'!H95+'23'!H95+'24'!H95+'25'!H95+'26'!H95+'27'!H95+'28'!H95+'29'!H95+'30'!H95+'31.'!H95 -> 0 | I95: =+'1'!I95+'2'!I95+'3'!I95+'4'!I95+'5'!I95+'6'!I95+'7'!I95+'8'!I95+'9'!I95+'10'!I95+'11'!I95+'12'!I95+'13'!I95+'14'!I95+'15'!I95+'16'!I95+'17'!I95+'18'!I95+'19'!I95+'20'!I95+'21'!I95+'22'!I95+'23'!I95+'24'!I95+'25'!I95+'26'!I95+'27'!I95+'28'!I95+'29'!I95+'30'!I95+'31.'!I95 -> 0 | J95: =E95+F95-H95-K95-I95 -> 0 | K95: =+'1'!K95+'2'!K95+'3'!K95+'4'!K95+'5'!K95+'6'!K95+'7'!K95+'8'!K95+'9'!K95+'10'!K95+'11'!K95+'12'!K95+'13'!K95+'14'!K95+'15'!K95+'16'!K95+'17'!K95+'18'!K95+'19'!K95+'20'!K95+'21'!K95+'22'!K95+'23'!K95+'24'!K95+'25'!K95+'26'!K95+'27'!K95+'28'!K95+'29'!K95+'30'!K95+'31.'!K95 -> 0 | L95: 250 | M95: =+'1'!M95+'2'!M95+'3'!M95+'4'!M95+'5'!M95+'6'!M95+'7'!M95+'8'!M95+'9'!M95+'10'!M95+'11'!M95+'12'!M95+'13'!M95+'14'!M95+'15'!M95+'16'!M95+'17'!M95+'18'!M95+'19'!M95+'20'!M95+'21'!M95+'22'!M95+'23'!M95+'24'!M95+'25'!M95+'26'!M95+'27'!M95+'28'!M95+'29'!M95+'30'!M95+'31.'!M95 -> 0 | P95: =+K95*O95 -> 0
A96: 92 | B96: 8857125003346 | C96: เค้กวันเกิด 1/2 ปอนด์ ธรรมดา | D96: ชิ้น | E96: =+ยกมา!J96 -> 0 | F96: =+'1'!F96+'2'!F96+'3'!F96+'4'!F96+'5'!F96+'6'!F96+'7'!F96+'8'!F96+'9'!F96+'10'!F96+'11'!F96+'12'!F96+'13'!F96+'14'!F96+'15'!F96+'16'!F96+'17'!F96+'18'!F96+'19'!F96+'20'!F96+'21'!F96+'22'!F96+'23'!F96+'24'!F96+'25'!F96+'26'!F96+'27'!F96+'28'!F96+'29'!F96+'30'!F96+'31.'!F96 -> 0 | G96: =+E96+F96 -> 0 | H96: =+'1'!H96+'2'!H96+'3'!H96+'4'!H96+'5'!H96+'6'!H96+'7'!H96+'8'!H96+'9'!H96+'10'!H96+'11'!H96+'12'!H96+'13'!H96+'14'!H96+'15'!H96+'16'!H96+'17'!H96+'18'!H96+'19'!H96+'20'!H96+'21'!H96+'22'!H96+'23'!H96+'24'!H96+'25'!H96+'26'!H96+'27'!H96+'28'!H96+'29'!H96+'30'!H96+'31.'!H96 -> 0 | I96: =+'1'!I96+'2'!I96+'3'!I96+'4'!I96+'5'!I96+'6'!I96+'7'!I96+'8'!I96+'9'!I96+'10'!I96+'11'!I96+'12'!I96+'13'!I96+'14'!I96+'15'!I96+'16'!I96+'17'!I96+'18'!I96+'19'!I96+'20'!I96+'21'!I96+'22'!I96+'23'!I96+'24'!I96+'25'!I96+'26'!I96+'27'!I96+'28'!I96+'29'!I96+'30'!I96+'31.'!I96 -> 0 | J96: =E96+F96-H96-K96-I96 -> 0 | K96: =+'1'!K96+'2'!K96+'3'!K96+'4'!K96+'5'!K96+'6'!K96+'7'!K96+'8'!K96+'9'!K96+'10'!K96+'11'!K96+'12'!K96+'13'!K96+'14'!K96+'15'!K96+'16'!K96+'17'!K96+'18'!K96+'19'!K96+'20'!K96+'21'!K96+'22'!K96+'23'!K96+'24'!K96+'25'!K96+'26'!K96+'27'!K96+'28'!K96+'29'!K96+'30'!K96+'31.'!K96 -> 0 | L96: 120 | M96: =+'1'!M96+'2'!M96+'3'!M96+'4'!M96+'5'!M96+'6'!M96+'7'!M96+'8'!M96+'9'!M96+'10'!M96+'11'!M96+'12'!M96+'13'!M96+'14'!M96+'15'!M96+'16'!M96+'17'!M96+'18'!M96+'19'!M96+'20'!M96+'21'!M96+'22'!M96+'23'!M96+'24'!M96+'25'!M96+'26'!M96+'27'!M96+'28'!M96+'29'!M96+'30'!M96+'31.'!M96 -> 0 | P96: =+K96*O96 -> 0
A97: 93 | B97: 1113114 | C97: เค้กวันเกิด 1 ปอนด์ ธรรมดา | D97: ชิ้น | E97: =+ยกมา!J97 -> 0 | F97: =+'1'!F97+'2'!F97+'3'!F97+'4'!F97+'5'!F97+'6'!F97+'7'!F97+'8'!F97+'9'!F97+'10'!F97+'11'!F97+'12'!F97+'13'!F97+'14'!F97+'15'!F97+'16'!F97+'17'!F97+'18'!F97+'19'!F97+'20'!F97+'21'!F97+'22'!F97+'23'!F97+'24'!F97+'25'!F97+'26'!F97+'27'!F97+'28'!F97+'29'!F97+'30'!F97+'31.'!F97 -> 0 | G97: =+E97+F97 -> 0 | H97: =+'1'!H97+'2'!H97+'3'!H97+'4'!H97+'5'!H97+'6'!H97+'7'!H97+'8'!H97+'9'!H97+'10'!H97+'11'!H97+'12'!H97+'13'!H97+'14'!H97+'15'!H97+'16'!H97+'17'!H97+'18'!H97+'19'!H97+'20'!H97+'21'!H97+'22'!H97+'23'!H97+'24'!H97+'25'!H97+'26'!H97+'27'!H97+'28'!H97+'29'!H97+'30'!H97+'31.'!H97 -> 0 | I97: =+'1'!I97+'2'!I97+'3'!I97+'4'!I97+'5'!I97+'6'!I97+'7'!I97+'8'!I97+'9'!I97+'10'!I97+'11'!I97+'12'!I97+'13'!I97+'14'!I97+'15'!I97+'16'!I97+'17'!I97+'18'!I97+'19'!I97+'20'!I97+'21'!I97+'22'!I97+'23'!I97+'24'!I97+'25'!I97+'26'!I97+'27'!I97+'28'!I97+'29'!I97+'30'!I97+'31.'!I97 -> 0 | J97: =E97+F97-H97-K97-I97 -> 0 | K97: =+'1'!K97+'2'!K97+'3'!K97+'4'!K97+'5'!K97+'6'!K97+'7'!K97+'8'!K97+'9'!K97+'10'!K97+'11'!K97+'12'!K97+'13'!K97+'14'!K97+'15'!K97+'16'!K97+'17'!K97+'18'!K97+'19'!K97+'20'!K97+'21'!K97+'22'!K97+'23'!K97+'24'!K97+'25'!K97+'26'!K97+'27'!K97+'28'!K97+'29'!K97+'30'!K97+'31.'!K97 -> 0 | L97: 250 | M97: =+'1'!M97+'2'!M97+'3'!M97+'4'!M97+'5'!M97+'6'!M97+'7'!M97+'8'!M97+'9'!M97+'10'!M97+'11'!M97+'12'!M97+'13'!M97+'14'!M97+'15'!M97+'16'!M97+'17'!M97+'18'!M97+'19'!M97+'20'!M97+'21'!M97+'22'!M97+'23'!M97+'24'!M97+'25'!M97+'26'!M97+'27'!M97+'28'!M97+'29'!M97+'30'!M97+'31.'!M97 -> 0 | P97: =+K97*O97 -> 0
A98: 94 | B98: 8857125000208 | C98: ท๊อฟฟี่ถั่ว (กระเช้า) | D98: กระเช้า | E98: =+ยกมา!J98 -> 7 | F98: =+'1'!F98+'2'!F98+'3'!F98+'4'!F98+'5'!F98+'6'!F98+'7'!F98+'8'!F98+'9'!F98+'10'!F98+'11'!F98+'12'!F98+'13'!F98+'14'!F98+'15'!F98+'16'!F98+'17'!F98+'18'!F98+'19'!F98+'20'!F98+'21'!F98+'22'!F98+'23'!F98+'24'!F98+'25'!F98+'26'!F98+'27'!F98+'28'!F98+'29'!F98+'30'!F98+'31.'!F98 -> 70 | G98: =+E98+F98 -> 77 | H98: =+'1'!H98+'2'!H98+'3'!H98+'4'!H98+'5'!H98+'6'!H98+'7'!H98+'8'!H98+'9'!H98+'10'!H98+'11'!H98+'12'!H98+'13'!H98+'14'!H98+'15'!H98+'16'!H98+'17'!H98+'18'!H98+'19'!H98+'20'!H98+'21'!H98+'22'!H98+'23'!H98+'24'!H98+'25'!H98+'26'!H98+'27'!H98+'28'!H98+'29'!H98+'30'!H98+'31.'!H98 -> 0 | I98: =+'1'!I98+'2'!I98+'3'!I98+'4'!I98+'5'!I98+'6'!I98+'7'!I98+'8'!I98+'9'!I98+'10'!I98+'11'!I98+'12'!I98+'13'!I98+'14'!I98+'15'!I98+'16'!I98+'17'!I98+'18'!I98+'19'!I98+'20'!I98+'21'!I98+'22'!I98+'23'!I98+'24'!I98+'25'!I98+'26'!I98+'27'!I98+'28'!I98+'29'!I98+'30'!I98+'31.'!I98 -> 0 | J98: =E98+F98-H98-K98-I98 -> 17 | K98: =+'1'!K98+'2'!K98+'3'!K98+'4'!K98+'5'!K98+'6'!K98+'7'!K98+'8'!K98+'9'!K98+'10'!K98+'11'!K98+'12'!K98+'13'!K98+'14'!K98+'15'!K98+'16'!K98+'17'!K98+'18'!K98+'19'!K98+'20'!K98+'21'!K98+'22'!K98+'23'!K98+'24'!K98+'25'!K98+'26'!K98+'27'!K98+'28'!K98+'29'!K98+'30'!K98+'31.'!K98 -> 60 | L98: 100 | M98: =+'1'!M98+'2'!M98+'3'!M98+'4'!M98+'5'!M98+'6'!M98+'7'!M98+'8'!M98+'9'!M98+'10'!M98+'11'!M98+'12'!M98+'13'!M98+'14'!M98+'15'!M98+'16'!M98+'17'!M98+'18'!M98+'19'!M98+'20'!M98+'21'!M98+'22'!M98+'23'!M98+'24'!M98+'25'!M98+'26'!M98+'27'!M98+'28'!M98+'29'!M98+'30'!M98+'31.'!M98 -> 6000 | P98: =+K98*O98 -> 0
A99: 95 | B99: 8857125000222 | C99: ท๊อฟฟี่ถั่ว (กล่อง) | D99: กล่อง | E99: =+ยกมา!J99 -> 18 | F99: =+'1'!F99+'2'!F99+'3'!F99+'4'!F99+'5'!F99+'6'!F99+'7'!F99+'8'!F99+'9'!F99+'10'!F99+'11'!F99+'12'!F99+'13'!F99+'14'!F99+'15'!F99+'16'!F99+'17'!F99+'18'!F99+'19'!F99+'20'!F99+'21'!F99+'22'!F99+'23'!F99+'24'!F99+'25'!F99+'26'!F99+'27'!F99+'28'!F99+'29'!F99+'30'!F99+'31.'!F99 -> 30 | G99: =+E99+F99 -> 48 | H99: =+'1'!H99+'2'!H99+'3'!H99+'4'!H99+'5'!H99+'6'!H99+'7'!H99+'8'!H99+'9'!H99+'10'!H99+'11'!H99+'12'!H99+'13'!H99+'14'!H99+'15'!H99+'16'!H99+'17'!H99+'18'!H99+'19'!H99+'20'!H99+'21'!H99+'22'!H99+'23'!H99+'24'!H99+'25'!H99+'26'!H99+'27'!H99+'28'!H99+'29'!H99+'30'!H99+'31.'!H99 -> 0 | I99: =+'1'!I99+'2'!I99+'3'!I99+'4'!I99+'5'!I99+'6'!I99+'7'!I99+'8'!I99+'9'!I99+'10'!I99+'11'!I99+'12'!I99+'13'!I99+'14'!I99+'15'!I99+'16'!I99+'17'!I99+'18'!I99+'19'!I99+'20'!I99+'21'!I99+'22'!I99+'23'!I99+'24'!I99+'25'!I99+'26'!I99+'27'!I99+'28'!I99+'29'!I99+'30'!I99+'31.'!I99 -> 0 | J99: =E99+F99-H99-K99-I99 -> 14 | K99: =+'1'!K99+'2'!K99+'3'!K99+'4'!K99+'5'!K99+'6'!K99+'7'!K99+'8'!K99+'9'!K99+'10'!K99+'11'!K99+'12'!K99+'13'!K99+'14'!K99+'15'!K99+'16'!K99+'17'!K99+'18'!K99+'19'!K99+'20'!K99+'21'!K99+'22'!K99+'23'!K99+'24'!K99+'25'!K99+'26'!K99+'27'!K99+'28'!K99+'29'!K99+'30'!K99+'31.'!K99 -> 34 | L99: 55 | M99: =+'1'!M99+'2'!M99+'3'!M99+'4'!M99+'5'!M99+'6'!M99+'7'!M99+'8'!M99+'9'!M99+'10'!M99+'11'!M99+'12'!M99+'13'!M99+'14'!M99+'15'!M99+'16'!M99+'17'!M99+'18'!M99+'19'!M99+'20'!M99+'21'!M99+'22'!M99+'23'!M99+'24'!M99+'25'!M99+'26'!M99+'27'!M99+'28'!M99+'29'!M99+'30'!M99+'31.'!M99 -> 1870 | P99: =+K99*O99 -> 0
A100: 96 | B100: 1200092 | C100: ท๊อฟฟี่ถั่ว (กิโล) | D100: กิโลกรัม | E100: =+ยกมา!J100 -> 0 | F100: =+'1'!F100+'2'!F100+'3'!F100+'4'!F100+'5'!F100+'6'!F100+'7'!F100+'8'!F100+'9'!F100+'10'!F100+'11'!F100+'12'!F100+'13'!F100+'14'!F100+'15'!F100+'16'!F100+'17'!F100+'18'!F100+'19'!F100+'20'!F100+'21'!F100+'22'!F100+'23'!F100+'24'!F100+'25'!F100+'26'!F100+'27'!F100+'28'!F100+'29'!F100+'30'!F100+'31.'!F100 -> 0 | G100: =+E100+F100 -> 0 | H100: =+'1'!H100+'2'!H100+'3'!H100+'4'!H100+'5'!H100+'6'!H100+'7'!H100+'8'!H100+'9'!H100+'10'!H100+'11'!H100+'12'!H100+'13'!H100+'14'!H100+'15'!H100+'16'!H100+'17'!H100+'18'!H100+'19'!H100+'20'!H100+'21'!H100+'22'!H100+'23'!H100+'24'!H100+'25'!H100+'26'!H100+'27'!H100+'28'!H100+'29'!H100+'30'!H100+'31.'!H100 -> 0 | I100: =+'1'!I100+'2'!I100+'3'!I100+'4'!I100+'5'!I100+'6'!I100+'7'!I100+'8'!I100+'9'!I100+'10'!I100+'11'!I100+'12'!I100+'13'!I100+'14'!I100+'15'!I100+'16'!I100+'17'!I100+'18'!I100+'19'!I100+'20'!I100+'21'!I100+'22'!I100+'23'!I100+'24'!I100+'25'!I100+'26'!I100+'27'!I100+'28'!I100+'29'!I100+'30'!I100+'31.'!I100 -> 0 | J100: =E100+F100-H100-K100-I100 -> 0 | K100: =+'1'!K100+'2'!K100+'3'!K100+'4'!K100+'5'!K100+'6'!K100+'7'!K100+'8'!K100+'9'!K100+'10'!K100+'11'!K100+'12'!K100+'13'!K100+'14'!K100+'15'!K100+'16'!K100+'17'!K100+'18'!K100+'19'!K100+'20'!K100+'21'!K100+'22'!K100+'23'!K100+'24'!K100+'25'!K100+'26'!K100+'27'!K100+'28'!K100+'29'!K100+'30'!K100+'31.'!K100 -> 0 | L100: 200 | M100: =+'1'!M100+'2'!M100+'3'!M100+'4'!M100+'5'!M100+'6'!M100+'7'!M100+'8'!M100+'9'!M100+'10'!M100+'11'!M100+'12'!M100+'13'!M100+'14'!M100+'15'!M100+'16'!M100+'17'!M100+'18'!M100+'19'!M100+'20'!M100+'21'!M100+'22'!M100+'23'!M100+'24'!M100+'25'!M100+'26'!M100+'27'!M100+'28'!M100+'29'!M100+'30'!M100+'31.'!M100 -> 0 | O100: 185 | P100: =+K100*O100 -> 0
A101: 97 | B101: 8857125000338 | C101: คอนเฟลกคาราเมล (เล็ก) | D101: กระปุก | E101: =+ยกมา!J101 -> 21 | F101: =+'1'!F101+'2'!F101+'3'!F101+'4'!F101+'5'!F101+'6'!F101+'7'!F101+'8'!F101+'9'!F101+'10'!F101+'11'!F101+'12'!F101+'13'!F101+'14'!F101+'15'!F101+'16'!F101+'17'!F101+'18'!F101+'19'!F101+'20'!F101+'21'!F101+'22'!F101+'23'!F101+'24'!F101+'25'!F101+'26'!F101+'27'!F101+'28'!F101+'29'!F101+'30'!F101+'31.'!F101 -> 50 | G101: =+E101+F101 -> 71 | H101: =+'1'!H101+'2'!H101+'3'!H101+'4'!H101+'5'!H101+'6'!H101+'7'!H101+'8'!H101+'9'!H101+'10'!H101+'11'!H101+'12'!H101+'13'!H101+'14'!H101+'15'!H101+'16'!H101+'17'!H101+'18'!H101+'19'!H101+'20'!H101+'21'!H101+'22'!H101+'23'!H101+'24'!H101+'25'!H101+'26'!H101+'27'!H101+'28'!H101+'29'!H101+'30'!H101+'31.'!H101 -> 0 | I101: =+'1'!I101+'2'!I101+'3'!I101+'4'!I101+'5'!I101+'6'!I101+'7'!I101+'8'!I101+'9'!I101+'10'!I101+'11'!I101+'12'!I101+'13'!I101+'14'!I101+'15'!I101+'16'!I101+'17'!I101+'18'!I101+'19'!I101+'20'!I101+'21'!I101+'22'!I101+'23'!I101+'24'!I101+'25'!I101+'26'!I101+'27'!I101+'28'!I101+'29'!I101+'30'!I101+'31.'!I101 -> 0 | J101: =E101+F101-H101-K101-I101 -> 9 | K101: =+'1'!K101+'2'!K101+'3'!K101+'4'!K101+'5'!K101+'6'!K101+'7'!K101+'8'!K101+'9'!K101+'10'!K101+'11'!K101+'12'!K101+'13'!K101+'14'!K101+'15'!K101+'16'!K101+'17'!K101+'18'!K101+'19'!K101+'20'!K101+'21'!K101+'22'!K101+'23'!K101+'24'!K101+'25'!K101+'26'!K101+'27'!K101+'28'!K101+'29'!K101+'30'!K101+'31.'!K101 -> 62 | L101: 60 | M101: =+'1'!M101+'2'!M101+'3'!M101+'4'!M101+'5'!M101+'6'!M101+'7'!M101+'8'!M101+'9'!M101+'10'!M101+'11'!M101+'12'!M101+'13'!M101+'14'!M101+'15'!M101+'16'!M101+'17'!M101+'18'!M101+'19'!M101+'20'!M101+'21'!M101+'22'!M101+'23'!M101+'24'!M101+'25'!M101+'26'!M101+'27'!M101+'28'!M101+'29'!M101+'30'!M101+'31.'!M101 -> 3720 | P101: =+K101*O101 -> 0
A102: 98 | B102: 8857125000031 | C102: เมอร์แรง (ถุง) 90 กรัม | D102: ถุง | E102: =+ยกมา!J102 -> 4 | F102: =+'1'!F102+'2'!F102+'3'!F102+'4'!F102+'5'!F102+'6'!F102+'7'!F102+'8'!F102+'9'!F102+'10'!F102+'11'!F102+'12'!F102+'13'!F102+'14'!F102+'15'!F102+'16'!F102+'17'!F102+'18'!F102+'19'!F102+'20'!F102+'21'!F102+'22'!F102+'23'!F102+'24'!F102+'25'!F102+'26'!F102+'27'!F102+'28'!F102+'29'!F102+'30'!F102+'31.'!F102 -> 45 | G102: =+E102+F102 -> 49 | H102: =+'1'!H102+'2'!H102+'3'!H102+'4'!H102+'5'!H102+'6'!H102+'7'!H102+'8'!H102+'9'!H102+'10'!H102+'11'!H102+'12'!H102+'13'!H102+'14'!H102+'15'!H102+'16'!H102+'17'!H102+'18'!H102+'19'!H102+'20'!H102+'21'!H102+'22'!H102+'23'!H102+'24'!H102+'25'!H102+'26'!H102+'27'!H102+'28'!H102+'29'!H102+'30'!H102+'31.'!H102 -> 0 | I102: =+'1'!I102+'2'!I102+'3'!I102+'4'!I102+'5'!I102+'6'!I102+'7'!I102+'8'!I102+'9'!I102+'10'!I102+'11'!I102+'12'!I102+'13'!I102+'14'!I102+'15'!I102+'16'!I102+'17'!I102+'18'!I102+'19'!I102+'20'!I102+'21'!I102+'22'!I102+'23'!I102+'24'!I102+'25'!I102+'26'!I102+'27'!I102+'28'!I102+'29'!I102+'30'!I102+'31.'!I102 -> 0 | J102: =E102+F102-H102-K102-I102 -> 7 | K102: =+'1'!K102+'2'!K102+'3'!K102+'4'!K102+'5'!K102+'6'!K102+'7'!K102+'8'!K102+'9'!K102+'10'!K102+'11'!K102+'12'!K102+'13'!K102+'14'!K102+'15'!K102+'16'!K102+'17'!K102+'18'!K102+'19'!K102+'20'!K102+'21'!K102+'22'!K102+'23'!K102+'24'!K102+'25'!K102+'26'!K102+'27'!K102+'28'!K102+'29'!K102+'30'!K102+'31.'!K102 -> 42 | L102: 100 | M102: =+'1'!M102+'2'!M102+'3'!M102+'4'!M102+'5'!M102+'6'!M102+'7'!M102+'8'!M102+'9'!M102+'10'!M102+'11'!M102+'12'!M102+'13'!M102+'14'!M102+'15'!M102+'16'!M102+'17'!M102+'18'!M102+'19'!M102+'20'!M102+'21'!M102+'22'!M102+'23'!M102+'24'!M102+'25'!M102+'26'!M102+'27'!M102+'28'!M102+'29'!M102+'30'!M102+'31.'!M102 -> 4200 | O102: 13.03 | P102: =+K102*O102 -> 547.26
A103: 99 | B103: 8857125000321 | C103: เมอร์แรง (กระปุก) | D103: กระปุก | E103: =+ยกมา!J103 -> 0 | F103: =+'1'!F103+'2'!F103+'3'!F103+'4'!F103+'5'!F103+'6'!F103+'7'!F103+'8'!F103+'9'!F103+'10'!F103+'11'!F103+'12'!F103+'13'!F103+'14'!F103+'15'!F103+'16'!F103+'17'!F103+'18'!F103+'19'!F103+'20'!F103+'21'!F103+'22'!F103+'23'!F103+'24'!F103+'25'!F103+'26'!F103+'27'!F103+'28'!F103+'29'!F103+'30'!F103+'31.'!F103 -> 0 | G103: =+E103+F103 -> 0 | H103: =+'1'!H103+'2'!H103+'3'!H103+'4'!H103+'5'!H103+'6'!H103+'7'!H103+'8'!H103+'9'!H103+'10'!H103+'11'!H103+'12'!H103+'13'!H103+'14'!H103+'15'!H103+'16'!H103+'17'!H103+'18'!H103+'19'!H103+'20'!H103+'21'!H103+'22'!H103+'23'!H103+'24'!H103+'25'!H103+'26'!H103+'27'!H103+'28'!H103+'29'!H103+'30'!H103+'31.'!H103 -> 0 | I103: =+'1'!I103+'2'!I103+'3'!I103+'4'!I103+'5'!I103+'6'!I103+'7'!I103+'8'!I103+'9'!I103+'10'!I103+'11'!I103+'12'!I103+'13'!I103+'14'!I103+'15'!I103+'16'!I103+'17'!I103+'18'!I103+'19'!I103+'20'!I103+'21'!I103+'22'!I103+'23'!I103+'24'!I103+'25'!I103+'26'!I103+'27'!I103+'28'!I103+'29'!I103+'30'!I103+'31.'!I103 -> 0 | J103: =E103+F103-H103-K103-I103 -> 0 | K103: =+'1'!K103+'2'!K103+'3'!K103+'4'!K103+'5'!K103+'6'!K103+'7'!K103+'8'!K103+'9'!K103+'10'!K103+'11'!K103+'12'!K103+'13'!K103+'14'!K103+'15'!K103+'16'!K103+'17'!K103+'18'!K103+'19'!K103+'20'!K103+'21'!K103+'22'!K103+'23'!K103+'24'!K103+'25'!K103+'26'!K103+'27'!K103+'28'!K103+'29'!K103+'30'!K103+'31.'!K103 -> 0 | L103: 55 | M103: =+'1'!M103+'2'!M103+'3'!M103+'4'!M103+'5'!M103+'6'!M103+'7'!M103+'8'!M103+'9'!M103+'10'!M103+'11'!M103+'12'!M103+'13'!M103+'14'!M103+'15'!M103+'16'!M103+'17'!M103+'18'!M103+'19'!M103+'20'!M103+'21'!M103+'22'!M103+'23'!M103+'24'!M103+'25'!M103+'26'!M103+'27'!M103+'28'!M103+'29'!M103+'30'!M103+'31.'!M103 -> 0 | O103: 11.91 | P103: =+K103*O103 -> 0
A104: 100 | B104: 8857125001489 | C104: วุ้นเป็ด (6 ชิ้น) (N) | D104: กล่อง | E104: =+ยกมา!J104 -> 0 | F104: =+'1'!F104+'2'!F104+'3'!F104+'4'!F104+'5'!F104+'6'!F104+'7'!F104+'8'!F104+'9'!F104+'10'!F104+'11'!F104+'12'!F104+'13'!F104+'14'!F104+'15'!F104+'16'!F104+'17'!F104+'18'!F104+'19'!F104+'20'!F104+'21'!F104+'22'!F104+'23'!F104+'24'!F104+'25'!F104+'26'!F104+'27'!F104+'28'!F104+'29'!F104+'30'!F104+'31.'!F104 -> 0 | G104: =+E104+F104 -> 0 | H104: =+'1'!H104+'2'!H104+'3'!H104+'4'!H104+'5'!H104+'6'!H104+'7'!H104+'8'!H104+'9'!H104+'10'!H104+'11'!H104+'12'!H104+'13'!H104+'14'!H104+'15'!H104+'16'!H104+'17'!H104+'18'!H104+'19'!H104+'20'!H104+'21'!H104+'22'!H104+'23'!H104+'24'!H104+'25'!H104+'26'!H104+'27'!H104+'28'!H104+'29'!H104+'30'!H104+'31.'!H104 -> 0 | I104: =+'1'!I104+'2'!I104+'3'!I104+'4'!I104+'5'!I104+'6'!I104+'7'!I104+'8'!I104+'9'!I104+'10'!I104+'11'!I104+'12'!I104+'13'!I104+'14'!I104+'15'!I104+'16'!I104+'17'!I104+'18'!I104+'19'!I104+'20'!I104+'21'!I104+'22'!I104+'23'!I104+'24'!I104+'25'!I104+'26'!I104+'27'!I104+'28'!I104+'29'!I104+'30'!I104+'31.'!I104 -> 0 | J104: =E104+F104-H104-K104-I104 -> 0 | K104: =+'1'!K104+'2'!K104+'3'!K104+'4'!K104+'5'!K104+'6'!K104+'7'!K104+'8'!K104+'9'!K104+'10'!K104+'11'!K104+'12'!K104+'13'!K104+'14'!K104+'15'!K104+'16'!K104+'17'!K104+'18'!K104+'19'!K104+'20'!K104+'21'!K104+'22'!K104+'23'!K104+'24'!K104+'25'!K104+'26'!K104+'27'!K104+'28'!K104+'29'!K104+'30'!K104+'31.'!K104 -> 0 | L104: 40 | M104: =+'1'!M104+'2'!M104+'3'!M104+'4'!M104+'5'!M104+'6'!M104+'7'!M104+'8'!M104+'9'!M104+'10'!M104+'11'!M104+'12'!M104+'13'!M104+'14'!M104+'15'!M104+'16'!M104+'17'!M104+'18'!M104+'19'!M104+'20'!M104+'21'!M104+'22'!M104+'23'!M104+'24'!M104+'25'!M104+'26'!M104+'27'!M104+'28'!M104+'29'!M104+'30'!M104+'31.'!M104 -> 0 | O104: 30 | P104: =+K104*O104 -> 0
A105: 101 | B105: 31082566 | C105: วุ้นลูกส้ม (N) | D105: กล่อง | E105: =+ยกมา!J105 -> 0 | F105: =+'1'!F105+'2'!F105+'3'!F105+'4'!F105+'5'!F105+'6'!F105+'7'!F105+'8'!F105+'9'!F105+'10'!F105+'11'!F105+'12'!F105+'13'!F105+'14'!F105+'15'!F105+'16'!F105+'17'!F105+'18'!F105+'19'!F105+'20'!F105+'21'!F105+'22'!F105+'23'!F105+'24'!F105+'25'!F105+'26'!F105+'27'!F105+'28'!F105+'29'!F105+'30'!F105+'31.'!F105 -> 0 | G105: =+E105+F105 -> 0 | H105: =+'1'!H105+'2'!H105+'3'!H105+'4'!H105+'5'!H105+'6'!H105+'7'!H105+'8'!H105+'9'!H105+'10'!H105+'11'!H105+'12'!H105+'13'!H105+'14'!H105+'15'!H105+'16'!H105+'17'!H105+'18'!H105+'19'!H105+'20'!H105+'21'!H105+'22'!H105+'23'!H105+'24'!H105+'25'!H105+'26'!H105+'27'!H105+'28'!H105+'29'!H105+'30'!H105+'31.'!H105 -> 0 | I105: =+'1'!I105+'2'!I105+'3'!I105+'4'!I105+'5'!I105+'6'!I105+'7'!I105+'8'!I105+'9'!I105+'10'!I105+'11'!I105+'12'!I105+'13'!I105+'14'!I105+'15'!I105+'16'!I105+'17'!I105+'18'!I105+'19'!I105+'20'!I105+'21'!I105+'22'!I105+'23'!I105+'24'!I105+'25'!I105+'26'!I105+'27'!I105+'28'!I105+'29'!I105+'30'!I105+'31.'!I105 -> 0 | J105: =E105+F105-H105-K105-I105 -> 0 | K105: =+'1'!K105+'2'!K105+'3'!K105+'4'!K105+'5'!K105+'6'!K105+'7'!K105+'8'!K105+'9'!K105+'10'!K105+'11'!K105+'12'!K105+'13'!K105+'14'!K105+'15'!K105+'16'!K105+'17'!K105+'18'!K105+'19'!K105+'20'!K105+'21'!K105+'22'!K105+'23'!K105+'24'!K105+'25'!K105+'26'!K105+'27'!K105+'28'!K105+'29'!K105+'30'!K105+'31.'!K105 -> 0 | L105: 40 | M105: =+'1'!M105+'2'!M105+'3'!M105+'4'!M105+'5'!M105+'6'!M105+'7'!M105+'8'!M105+'9'!M105+'10'!M105+'11'!M105+'12'!M105+'13'!M105+'14'!M105+'15'!M105+'16'!M105+'17'!M105+'18'!M105+'19'!M105+'20'!M105+'21'!M105+'22'!M105+'23'!M105+'24'!M105+'25'!M105+'26'!M105+'27'!M105+'28'!M105+'29'!M105+'30'!M105+'31.'!M105 -> 0 | O105: 30 | P105: =+K105*O105 -> 0
...

Sheet ยกมา
A2: บูธ ลำพยา 3 เก่า วันที่ 1-31 ต.ค. 2567
A3: ลำดับ | B3: รหัสสินค้า (POS) | C3: รายการ | D3: หน่วย | E3: ยกมา | F3: รับ | G3: รวม | H3: เปลี่ยน/ | I3: โยกย้าย / ระบาย | J3: คงเหลือ | K3: รายการขาย | N3: หมายเหตุ | O3: ส่วนลด | Q3: ราคาต้นทุน | R3: ยอดรวมต้นทุนสินค้า
H4: คืน/เสีย | K4: จำนวน | L4: @ | M4: เป็นเงิน
A5: 1 | B5: 8857125001328 | C5: ชิฟฟ่อนเค้ก รวมรส (4 ชิ้น) | D5: กล่อง | E5: 12 | F5: 0 | G5: =E5+F5 -> 12 | H5: 0 | I5: 0 | J5: =+G5-H5-K5-I5 -> 12 | L5: 50 | M5: =+L5*K5 -> 0 | N5: - | P5: =SUM(M5-O5) -> 0 | Q5: 22.48 | R5: =+K5*Q5 -> 0
A6: 2 | B6: 8857125001311 | C6: ชิฟฟ่อนเค้ก รวมรส (8 ชิ้น) | D6: กล่อง | E6: 36 | F6: 0 | G6: =E6+F6 -> 36 | H6: 0 | I6: 0 | J6: =+G6-H6-K6-I6 -> 36 | L6: 100 | M6: =+L6*K6 -> 0 | N6: - | P6: =SUM(M6-O6) -> 0 | Q6: 39.29 | R6: =+K6*Q6 -> 0
A7: 3 | B7: 8857125003841 | C7: ชิฟฟ่อนเค้ก รสกาแฟ (4 ชิ้น) | D7: ชิ้น | F7: 0 | G7: =E7+F7 -> 0 | H7: 0 | I7: 0 | J7: =+G7-H7-K7-I7 -> 0 | L7: 50 | M7: =+L7*K7 -> 0 | N7: - | P7: =SUM(M7-O7) -> 0 | Q7: 26.11 | R7: =+K7*Q7 -> 0
A8: 4 | B8: 8857125003827 | C8: ชิฟฟ่อนเค้ก รสกาแฟ (8 ชิ้น) | D8: กล่อง | F8: 0 | G8: =E8+F8 -> 0 | H8: 0 | I8: 0 | J8: =+G8-H8-K8-I8 -> 0 | L8: 100 | M8: =+L8*K8 -> 0 | N8: - | P8: =SUM(M8-O8) -> 0 | Q8: 33.89 | R8: =+K8*Q8 -> 0
A9: 5 | B9: 8857125002257 | C9: ชิฟฟ่อนเค้ก 1 ชิ้น | D9: ชิ้น | F9: 0 | G9: =E9+F9 -> 0 | H9: 0 | I9: 0 | J9: =+G9-H9-K9-I9 -> 0 | L9: 10 | M9: =+L9*K9 -> 0 | N9: - | P9: =SUM(M9-O9) -> 0 | R9: =+K9*Q9 -> 0
A10: 6 | B10: 8857125002264 | C10: ชิฟฟ่อนเค้กสอดไส้แยม 1 ชิ้น | D10: ชิ้น | F10: 0 | G10: =E10+F10 -> 0 | H10: 0 | I10: 0 | J10: =+G10-H10-K10-I10 -> 0 | L10: 15 | M10: =+L10*K10 -> 0 | N10: - | P10: =SUM(M10-O10) -> 0 | R10: =+K10*Q10 -> 0
A11: 7 | B11: 8857125001830 | C11: ชิฟฟ่อนเค้กสอดไส้ รวมรส (3 ชิ้น) | D11: กล่อง | E11: 10 | F11: 0 | G11: =E11+F11 -> 10 | H11: 0 | I11: 0 | J11: =+G11-H11-K11-I11 -> 10 | L11: 50 | M11: =+L11*K11 -> 0 | N11: - | P11: =SUM(M11-O11) -> 0 | Q11: 16.94 | R11: =+K11*Q11 -> 0
A12: 8 | B12: 1112539 | C12: ชิฟฟ่อนเค้กสอดไส้ เมล่อน (3 ชิ้น) | D12: กล่อง | F12: 0 | G12: =E12+F12 -> 0 | H12: 0 | I12: 0 | J12: =+G12-H12-K12-I12 -> 0 | L12: 50 | M12: =+L12*K12 -> 0 | N12: - | P12: =SUM(M12-O12) -> 0 | R12: =+K12*Q12 -> 0
A13: 9 | B13: 8857125000055 | C13: ชิฟฟ่อนเค้กสอดไส้แยม รสบลูเบอร์รี่ (3 ชิ้น) | D13: กล่อง | F13: 0 | G13: =E13+F13 -> 0 | H13: 0 | I13: 0 | J13: =+G13-H13-K13-I13 -> 0 | L13: 50 | M13: =+L13*K13 -> 0 | N13: - | P13: =SUM(M13-O13) -> 0 | Q13: 17.32 | R13: =+K13*Q13 -> 0
A14: 10 | B14: 8857125000987 | C14: ชิฟฟ่อนเค้กสอดไส้แยม รสส้ม (3 ชิ้น) | D14: กล่อง | E14: 1 | F14: 0 | G14: =E14+F14 -> 1 | H14: 0 | I14: 0 | J14: =+G14-H14-K14-I14 -> 1 | L14: 50 | M14: =+L14*K14 -> 0 | N14: - | P14: =SUM(M14-O14) -> 0 | Q14: 21.22 | R14: =+K14*Q14 -> 0
A15: 11 | B15: 8857125000246 | C15: ชิฟฟ่อนเค้กหน้าฝอยทอง สอดไส้แยมส้ม (3 ชิ้น) | D15: กล่อง | E15: 1 | F15: 0 | G15: =E15+F15 -> 1 | H15: 0 | I15: 0 | J15: =+G15-H15-K15-I15 -> 1 | L15: 50 | M15: =+L15*K15 -> 0 | N15: - | P15: =SUM(M15-O15) -> 0 | Q15: 24.37 | R15: =+K15*Q15 -> 0
A16: 12 | C16: ชิฟฟ่อนเค้กหน้าฝอยทองทูโทน สอดไส้แยมส้ม (3 ชิ้น) | D16: กล่อง | F16: 0 | G16: =E16+F16 -> 0 | H16: 0 | I16: 0 | J16: =+G16-H16-K16-I16 -> 0 | L16: 50 | M16: =+L16*K16 -> 0 | N16: - | P16: =SUM(M16-O16) -> 0 | R16: =+K16*Q16 -> 0
A17: 13 | B17: 8857125000024 | C17: ชิฟฟ่อนเค้กสอดไส้แยม รสสตรอว์เบอรี่ (3 ชิ้น) | D17: กล่อง | F17: 0 | G17: =E17+F17 -> 0 | H17: 0 | I17: 0 | J17: =+G17-H17-K17-I17 -> 0 | L17: 50 | M17: =+L17*K17 -> 0 | N17: - | P17: =SUM(M17-O17) -> 0 | Q17: 15.05 | R17: =+K17*Q17 -> 0
A18: 14 | B18: 8857125000086 | C18: ชิฟฟ่อนเค้กสอดไส้ เนยมะพร้าว (3 ชิ้น) | D18: กล่อง | E18: 1 | F18: 0 | G18: =E18+F18 -> 1 | H18: 0 | I18: 0 | J18: =+G18-H18-K18-I18 -> 1 | L18: 50 | M18: =+L18*K18 -> 0 | N18: - | P18: =SUM(M18-O18) -> 0 | Q18: 18.77 | R18: =+K18*Q18 -> 0
A19: 15 | B19: 8857125000239 | C19: ชิฟฟ่อนเค้กสอดไส้ นมชมพูฮอกไกโด (3 ชิ้น) | D19: กล่อง | F19: 0 | G19: =E19+F19 -> 0 | H19: 0 | I19: 0 | J19: =+G19-H19-K19-I19 -> 0 | L19: 50 | M19: =+L19*K19 -> 0 | N19: - | P19: =SUM(M19-O19) -> 0 | Q19: 19.04 | R19: =+K19*Q19 -> 0
A20: 16 | B20: 8857125001816 | C20: ชิฟฟ่อน สอดไส้ (ล) 4 ชิ้น ครีมมะพร้าว | D20: กล่อง | E20: 1 | F20: 0 | G20: =E20+F20 -> 1 | H20: 0 | I20: 0 | J20: =+G20-H20-K20-I20 -> 1 | L20: 65 | M20: =+L20*K20 -> 0 | N20: - | P20: =SUM(M20-O20) -> 0 | Q20: 22.25 | R20: =+K20*Q20 -> 0
A21: 17 | B21: 8857125001021 | C21: ชิฟฟ่อน สอดไส้ (ก) 5 ชิ้น ครีมมะพร้าว | D21: กล่อง | F21: 0 | G21: =E21+F21 -> 0 | H21: 0 | I21: 0 | J21: =+G21-H21-K21-I21 -> 0 | L21: 85 | M21: =+L21*K21 -> 0 | N21: - | P21: =SUM(M21-O21) -> 0 | Q21: 22.85 | R21: =+K21*Q21 -> 0
A22: 18 | B22: 8857125000956 | C22: ชิฟฟ่อนเค้กสอดไส้ รวมรส (6 ชิ้น) | D22: กล่อง | F22: 0 | G22: =E22+F22 -> 0 | H22: 0 | I22: 0 | J22: =+G22-H22-K22-I22 -> 0 | L22: 100 | M22: =+L22*K22 -> 0 | N22: - | P22: =SUM(M22-O22) -> 0 | Q22: 26.6 | R22: =+K22*Q22 -> 0
A23: 19 | B23: 8857125000918 | C23: ชิฟฟ่อนเค้กสอดไส้แยม รสส้ม (6 ชิ้น) | D23: กล่อง | F23: 0 | G23: =E23+F23 -> 0 | H23: 0 | I23: 0 | J23: =+G23-H23-K23-I23 -> 0 | L23: 100 | M23: =+L23*K23 -> 0 | N23: - | P23: =SUM(M23-O23) -> 0 | Q23: 42.24 | R23: =+K23*Q23 -> 0
A24: 20 | B24: 8857125000970 | C24: ชิฟฟ่อนเค้กหน้าฝอยทอง สอดไส้แยมส้ม (6 ชิ้น) | D24: กล่อง | F24: 0 | G24: =E24+F24 -> 0 | H24: 0 | I24: 0 | J24: =+G24-H24-K24-I24 -> 0 | L24: 100 | M24: =+L24*K24 -> 0 | N24: - | P24: =SUM(M24-O24) -> 0 | Q24: 40.51 | R24: =+K24*Q24 -> 0
A25: 21 | B25: 8857125003810 | C25: ชิฟฟ่อนเค้กหน้าฝอยทองทูโทน สอดไส้แยมส้ม (6 ชิ้น) | D25: กล่อง | F25: 0 | G25: =E25+F25 -> 0 | H25: 0 | I25: 0 | J25: =+G25-H25-K25-I25 -> 0 | L25: 100 | M25: =+L25*K25 -> 0 | N25: - | P25: =SUM(M25-O25) -> 0 | Q25: 39.77 | R25: =+K25*Q25 -> 0
A26: 22 | B26: 8857125000963 | C26: ชิฟฟ่อนเค้กสอดไส้ นมชมพูฮอกไกโด (6 ชิ้น) | D26: กล่อง | F26: 0 | G26: =E26+F26 -> 0 | H26: 0 | I26: 0 | J26: =+G26-H26-K26-I26 -> 0 | L26: 100 | M26: =+L26*K26 -> 0 | N26: - | P26: =SUM(M26-O26) -> 0 | Q26: 35.39 | R26: =+K26*Q26 -> 0
A27: 23 | B27: 8857125000932 | C27: ชิฟฟ่อนเค้กสอดไส้แยม รสบลูเบอร์รี่ (6 ชิ้น) | D27: กล่อง | F27: 0 | G27: =E27+F27 -> 0 | H27: 0 | I27: 0 | J27: =+G27-H27-K27-I27 -> 0 | L27: 100 | M27: =+L27*K27 -> 0 | N27: - | P27: =SUM(M27-O27) -> 0 | Q27: 31.62 | R27: =+K27*Q27 -> 0
A28: 24 | B28: 8857125000895 | C28: ชิฟฟ่อนเค้กสอดไส้ เนยมะพร้าว (6 ชิ้น) | D28: กล่อง | F28: 0 | G28: =E28+F28 -> 0 | H28: 0 | I28: 0 | J28: =+G28-H28-K28-I28 -> 0 | L28: 100 | M28: =+L28*K28 -> 0 | N28: - | P28: =SUM(M28-O28) -> 0 | Q28: 31.97 | R28: =+K28*Q28 -> 0
A29: 25 | B29: 8857125000901 | C29: ชิฟฟ่อนเค้กสอดไส้แยม รสสตรอว์เบอรี่ (6 ชิ้น) | D29: กล่อง | F29: 0 | G29: =E29+F29 -> 0 | H29: 0 | I29: 0 | J29: =+G29-H29-K29-I29 -> 0 | L29: 100 | M29: =+L29*K29 -> 0 | N29: - | P29: =SUM(M29-O29) -> 0 | Q29: 21.27 | R29: =+K29*Q29 -> 0
A30: 26 | B30: 8857125001571 | C30: ชิฟฟอนเค้ก รสมะลิ 8ชิ้น (ห่อซีน) | D30: กล่อง | F30: 0 | G30: =E30+F30 -> 0 | H30: 0 | I30: 0 | J30: =+G30-H30-K30-I30 -> 0 | L30: 100 | M30: =+L30*K30 -> 0 | N30: - | P30: =SUM(M30-O30) -> 0 | Q30: 34.26 | R30: =+K30*Q30 -> 0
A31: 27 | B31: 8857125002127 | C31: ชิฟฟ่อนรวมรส ยอดฮิต (8 ชิ้น) | D31: กล่อง | E31: 24 | F31: 0 | G31: =E31+F31 -> 24 | H31: 0 | I31: 0 | J31: =+G31-H31-K31-I31 -> 24 | L31: 100 | M31: =+L31*K31 -> 0 | N31: - | P31: =SUM(M31-O31) -> 0 | Q31: 38.46 | R31: =+K31*Q31 -> 0
A32: 28 | B32: 8857125000130 | C32: ชิฟฟ่อนเค้ก วรรณวนัช (สอดไส้รวมรส 8 ชิ้น) | D32: กล่อง | E32: 4 | F32: 0 | G32: =E32+F32 -> 4 | H32: 0 | I32: 0 | J32: =+G32-H32-K32-I32 -> 4 | L32: 130 | M32: =+L32*K32 -> 0 | N32: - | P32: =SUM(M32-O32) -> 0 | Q32: 46.37 | R32: =+K32*Q32 -> 0
A33: 29 | B33: 8857125003773 | C33: ชิฟฟ่อนเค้กมะพร้าวสอดไส้ครีมมะพร้าวล้วน (8 ชิ้น) | D33: กล่อง | E33: 1 | F33: 0 | G33: =E33+F33 -> 1 | H33: 0 | I33: 0 | J33: =+G33-H33-K33-I33 -> 1 | L33: 130 | M33: =+L33*K33 -> 0 | N33: - | P33: =SUM(M33-O33) -> 0 | Q33: 38.9 | R33: =+K33*Q33 -> 0
A34: 30 | B34: 8857125001366 | C34: ชิฟฟ่อนเค้กใบเตยสอดไส้ครีมมะพร้าวล้วน (8 ชิ้น) | D34: กล่อง | E34: 1 | F34: 0 | G34: =E34+F34 -> 1 | H34: 0 | I34: 0 | J34: =+G34-H34-K34-I34 -> 1 | L34: 130 | M34: =+L34*K34 -> 0 | N34: - | P34: =SUM(M34-O34) -> 0 | Q34: 38.07 | R34: =+K34*Q34 -> 0
A35: 31 | B35: 8857125001397 | C35: ชิฟฟ่อนเค้กใบเตยทูโทนและสอดไส้ครีมมะพร้าว (8 ชิ้น) | D35: กล่อง | F35: 0 | L35: 130 | M35: =+L35*K35 -> 0 | N35: - | P35: =SUM(M35-O35) -> 0 | Q35: 40.8 | R35: =+K35*Q35 -> 0
A36: 32 | B36: 885712004534 | C36: ชิฟฟ่อนเค้กสอดไส้ครีมมะพร้าว 120g. | D36: ชิ้น | F36: 0 | G36: =E36+F36 -> 0 | H36: 0 | I36: 0 | J36: =+G36-H36-K36-I36 -> 0 | L36: 35 | M36: =+L36*K36 -> 0 | N36: - | P36: =SUM(M36-O36) -> 0 | R36: =+K36*Q36 -> 0
A37: 33 | B37: 20055119 | C37: ชิฟฟ่อนเค้กฝอยทอง 95g. | D37: กล่อง | F37: 0 | G37: =E37+F37 -> 0 | H37: 0 | I37: 0 | J37: =+G37-H37-K37-I37 -> 0 | L37: 35 | M37: =+L37*K37 -> 0 | N37: - | P37: =SUM(M37-O37) -> 0 | R37: =+K37*Q37 -> 0
A38: 34 | B38: 8857125000611 | C38: ครีมฮอร์น วนิลา | D38: กล่อง | F38: 0 | G38: =E38+F38 -> 0 | H38: 0 | I38: 0 | J38: =+G38-H38-K38-I38 -> 0 | L38: 50 | M38: =+L38*K38 -> 0 | N38: - | P38: =SUM(M38-O38) -> 0 | Q38: 27.84 | R38: =+K38*Q38 -> 0
A39: 35 | B39: 8857125000604 | C39: ครีมฮอร์น ใบเตย | D39: กล่อง | F39: 0 | G39: =E39+F39 -> 0 | H39: 0 | I39: 0 | J39: =+G39-H39-K39-I39 -> 0 | L39: 50 | M39: =+L39*K39 -> 0 | N39: - | P39: =SUM(M39-O39) -> 0 | Q39: 27.12 | R39: =+K39*Q39 -> 0
A40: 36 | B40: 8857125000598 | C40: ครีมฮอร์น ช็อคโกแลต | D40: กล่อง | F40: 0 | G40: =E40+F40 -> 0 | H40: 0 | I40: 0 | J40: =+G40-H40-K40-I40 -> 0 | L40: 50 | M40: =+L40*K40 -> 0 | N40: - | P40: =SUM(M40-O40) -> 0 | Q40: 15.42 | R40: =+K40*Q40 -> 0
A41: 37 | B41: 8857125004015 | C41: ครีมฮอร์นวนิลา จัมโบ้ 65g. | D41: ชิ้น | F41: 0 | G41: =E41+F41 -> 0 | H41: 0 | I41: 0 | J41: =+G41-H41-K41-I41 -> 0 | L41: 25 | M41: =+L41*K41 -> 0 | N41: - | P41: =SUM(M41-O41) -> 0 | Q41: 15.55 | R41: =+K41*Q41 -> 0
A42: 38 | B42: 8857125004022 | C42: ครีมฮอร์นใบเตย จัมโบ้ 65g. | D42: ชิ้น | F42: 0 | G42: =E42+F42 -> 0 | H42: 0 | I42: 0 | J42: =+G42-H42-K42-I42 -> 0 | L42: 25 | M42: =+L42*K42 -> 0 | N42: - | P42: =SUM(M42-O42) -> 0 | R42: =+K42*Q42 -> 0
A43: 39 | B43: 8857125004411 | C43: ครีมฮอร์นชาไทย จัมโบ้ 65g. | D43: ชิ้น | F43: 0 | G43: =E43+F43 -> 0 | H43: 0 | I43: 0 | J43: =+G43-H43-K43-I43 -> 0 | L43: 25 | M43: =+L43*K43 -> 0 | N43: - | P43: =SUM(M43-O43) -> 0 | R43: =+K43*Q43 -> 0
A44: 40 | B44: 20055115 | C44: ครีมฮอร์นคิทแคท 70g. | D44: กล่อง | F44: 0 | L44: 35 | M44: =+L44*K44 -> 0 | N44: - | P44: =SUM(M44-O44) -> 0
A45: 41 | B45: 8857125000420 | C45: เค้กเบาหวิว รสกล้วยหอมหน้ามะพร้าวเผา 110 กรัม | D45: กล่อง | E45: 1 | F45: 0 | G45: =E45+F45 -> 1 | H45: 0 | I45: 0 | J45: =+G45-H45-K45-I45 -> 1 | L45: 50 | M45: =+L45*K45 -> 0 | N45: - | P45: =SUM(M45-O45) -> 0 | Q45: 19.05 | R45: =+K45*Q45 -> 0
A46: 42 | B46: 8857125001175 | C46: เค้กเบาหวิว เผือกมะพร้าวอ่อน110 กรัม | D46: กล่อง | E46: 11 | F46: 0 | G46: =E46+F46 -> 11 | H46: 0 | I46: 0 | J46: =+G46-H46-K46-I46 -> 11 | L46: 50 | M46: =+L46*K46 -> 0 | N46: - | P46: =SUM(M46-O46) -> 0 | Q46: 19.21 | R46: =+K46*Q46 -> 0
A47: 43 | B47: 8857125000154 | C47: เค้กเบาหวิว รสมะพร้าวน้ำหอม 110 กรัม | D47: กล่อง | E47: 11 | F47: 0 | G47: =E47+F47 -> 11 | H47: 0 | I47: 0 | J47: =+G47-H47-K47-I47 -> 11 | L47: 50 | M47: =+L47*K47 -> 0 | N47: - | P47: =SUM(M47-O47) -> 0 | Q47: 18.88 | R47: =+K47*Q47 -> 0
A48: 44 | B48: 8857125000192 | C48: เค้กเบาหวิว รสกาแฟ 110 กรัม | D48: กล่อง | E48: 4 | F48: 0 | G48: =E48+F48 -> 4 | H48: 0 | I48: 0 | J48: =+G48-H48-K48-I48 -> 4 | L48: 50 | M48: =+L48*K48 -> 0 | N48: - | P48: =SUM(M48-O48) -> 0 | Q48: 20.43 | R48: =+K48*Q48 -> 0
A49: 45 | B49: 8857125000185 | C49: เค้กเบาหวิว รสเนยนม 110 กรัม | D49: กล่อง | E49: 8 | F49: 0 | G49: =E49+F49 -> 8 | H49: 0 | I49: 0 | J49: =+G49-H49-K49-I49 -> 8 | L49: 50 | M49: =+L49*K49 -> 0 | N49: - | P49: =SUM(M49-O49) -> 0 | Q49: 21.81 | R49: =+K49*Q49 -> 0
A50: 46 | B50: 8857125000161 | C50: เค้กเบาหวิว รสตาลหอม 110 กรัม | D50: กล่อง | F50: 0 | G50: =E50+F50 -> 0 | H50: 0 | I50: 0 | J50: =+G50-H50-K50-I50 -> 0 | L50: 50 | M50: =+L50*K50 -> 0 | N50: - | P50: =SUM(M50-O50) -> 0 | Q50: 14.65 | R50: =+K50*Q50 -> 0
A51: 47 | B51: 8857125001007 | C51: เค้กเบาหวิว รสเตยหอม 110 กรัม | D51: กล่อง | F51: 0 | G51: =E51+F51 -> 0 | H51: 0 | I51: 0 | J51: =+G51-H51-K51-I51 -> 0 | L51: 50 | M51: =+L51*K51 -> 0 | N51: - | P51: =SUM(M51-O51) -> 0 | Q51: 18.36 | R51: =+K51*Q51 -> 0
A52: 48 | B52: 8857125000765 | C52: เค้กเบาหวิว หน้าฝอยทอง 110 กรัม | D52: กล่อง | E52: 13 | F52: 0 | G52: =E52+F52 -> 13 | H52: 0 | I52: 0 | J52: =+G52-H52-K52-I52 -> 13 | L52: 50 | M52: =+L52*K52 -> 0 | N52: - | P52: =SUM(M52-O52) -> 0 | Q52: 17.53 | R52: =+K52*Q52 -> 0
A53: 49 | B53: 8857125000871 | C53: เค้กเบาหวิว รสทุเรียน 110 กรัม | D53: กล่อง | F53: 0 | G53: =E53+F53 -> 0 | H53: 0 | I53: 0 | J53: =+G53-H53-K53-I53 -> 0 | L53: 50 | M53: =+L53*K53 -> 0 | N53: - | P53: =SUM(M53-O53) -> 0 | Q53: 14.38 | R53: =+K53*Q53 -> 0
A54: 50 | B54: 8857125000017 | C54: เค้กเบาหวิว รสกล้วยหอมหน้ามะพร้าวเผา 300 กรัม | D54: กล่อง | F54: 0 | G54: =E54+F54 -> 0 | H54: 0 | I54: 0 | J54: =+G54-H54-K54-I54 -> 0 | L54: 120 | M54: =+L54*K54 -> 0 | N54: - | P54: =SUM(M54-O54) -> 0 | Q54: 29.34 | R54: =+K54*Q54 -> 0
