Workbook

Sheet บ่าย
B1: ยอดจริง ออนไลน์ วันที่ - บ่าย
L2: ยอดรวมผลิต
L3: จำนวน
B4: รหัสสินค้า | C4: สินค้า | D4: ปณ | E4: ชอปปี้ | F4: ลาซาด้า | G4: ติ๊กตอก | H4: ติ๊กตอก 2 | I4: ติ๊กตอก3 | J4: ชอยส์ | K4: ยอดเส้น | L4: (กล่อง)
B6: ชิฟฟอนรวมรส
B7: 1111002 | C7: ชิฟฟอนรวมรส 8 ชิ้น | L7: =SUM(D7:K7) -> 0
C8: ชิฟฟอนแบบกล่องสุ่มอะไรก็ได้ที่มี | L8: =SUM(D8:K8) -> 0
B9: 1111084 | C9: ชิฟฟอน 8 ชิ้น กาแฟล้วน | L9: =SUM(D9:K9) -> 0
B10: 1111085 | C10: ชิฟฟอน 8 ชิ้น บลูเบอรี่ล้วน | L10: =SUM(D10:K10) -> 0
B11: 1111086 | C11: ชิฟฟอน 8 ชิ้น มะพร้าวล้วน | L11: =SUM(D11:K11) -> 0
B12: 1111087 | C12: ชิฟฟอน 8 ชิ้น สตอเบอรี่ล้วน | L12: =SUM(D12:K12) -> 0
B13: 1111088 | C13: ชิฟฟอน 8 ชิ้น ส้มล้วน | L13: =SUM(D13:K13) -> 0
B14: 1111089 | C14: ชิฟฟอน 8 ชิ้น เนยล้วน | L14: =SUM(D14:K14) -> 0
B15: 1111090 | C15: ชิฟฟอน 8 ชิ้น เผือกล้วน | L15: =SUM(D15:K15) -> 0
B16: 1111091 | C16: ชิฟฟอน 8 ชิ้น ใบเตยล้วน | L16: =SUM(D16:K16) -> 0
B17: 1111092 | C17: ชิฟฟอน 8 ชิ้น กล้วยหอม | L17: =SUM(D17:K17) -> 0
B18: 1111093 | C18: ชิฟฟอน 8 ชิ้น โกโก้ล้วน | L18: =SUM(D18:K18) -> 0
B19: 1111094 | C19: ชิฟฟอน 8 ชิ้น ชาไทยล้วน | L19: =SUM(D19:K19) -> 0
B20: 1111095 | C20: ชิฟฟอน 8 ชิ้น ชาเขียวล้วน | L20: =SUM(D20:K20) -> 0
... B66: 1111010 | C66: ชิฟฟอนไส้แยมแยกชิ้น คละรส | L66: =SUM(D66:K66) -> 0
C67: รวม | L67: =SUM(L7:L66) -> 0
B68: ชิฟฟอนไส้แยม 6 ชิ้น
B69: 1111009 | C69: ชิฟฟอนไส้แยมรวมรส 6 ชิ้น | L69: =SUM(D69:K69) -> 0
B70: 1111023 | C70: ชิฟฟอนไส้แยมรสสตอเบอร์รี่ล้วน 6 ชิ้น | L70: =SUM(D70:K70) -> 0
B71: 1111016 | C71: ชิฟฟอนไส้แยมรสมะพร้าวล้วน 6 ชิ้น | L71: =SUM(D71:K71) -> 0
B72: 1111014 | C72: ชิฟฟอนไส้แยมรสช็อกโกแลตนูเทลล่าล้วน 6 ชิ้น | L72: =SUM(D72:K72) -> 0
B73: 1111025 | C73: ชิฟฟอนไส้แยมรสส้มล้วน 6 ชิ้น | L73: =SUM(D73:K73) -> 0
B74: 1111018 | C74: ชิฟฟอนไส้แยมรสบลูเบอร์รี่ล้วน 6 ชิ้น | L74: =SUM(D74:K74) -> 0
B75: 1111012 | C75: ชิฟฟอนไส้แยมรสนมชมพูฮอกไกโดล้วน 6 ชิ้น | L75: =SUM(D75:K75) -> 0
B76: 1111020 | C76: ชิฟฟอนไส้แยมฝอยทองไส้ทะลัก 6 ชิ้น | L76: =SUM(D76:K76) -> 0
C77: รวม | L77: =SUM(L69:L76) -> 0
B78: ชิฟฟอนไส้แยม 3 ชิ้น
B79: 1111022 | C79: ชิฟฟอนไส้แยมรสสตอเบอร์รี่ล้วน 3 ชิ้น | L79: =SUM(D79:K79) -> 0
B80: 1111015 | C80: ชิฟฟอนไส้แยมรสมะพร้าวล้วน 3 ชิ้น | L80: =SUM(D80:K80) -> 0
B81: 1111013 | C81: ชิฟฟอนไส้แยมรสช็อกโกแลตนูเทลล่าล้วน 3 ชิ้น | L81: =SUM(D81:K81) -> 0
B82: 1111024 | C82: ชิฟฟอนไส้แยมรสส้มล้วน 3 ชิ้น | L82: =SUM(D82:K82) -> 0
B83: 1111017 | C83: ชิฟฟอนไส้แยมรสบลูเบอร์รี่ล้วน 3 ชิ้น | L83: =SUM(D83:K83) -> 0
B84: 1111011 | C84: ชิฟฟอนไส้แยมรสนมชมพูฮอกไกโดล้วน 3 ชิ้น | L84: =SUM(D84:K84) -> 0
B85: 1111019 | C85: ชิฟฟอนไส้แยมฝอยทองไส้ทะลัก 3 ชิ้น | L85: =SUM(D85:K85) -> 0
B86: 1113081 | C86: ชิฟฟอนไส้แยม วนิลา/ใบเตย/เมล่อน | L86: =SUM(D86:K86) -> 0
B87: 1111008 | C87: ชิฟฟอนไส้แยมรวมรส 3 ชิ้น | L87: =SUM(D87:K87) -> 0
C88: รวม | L88: =SUM(L79:L87) -> 0
B89: เบาหวิว ล 110 กรัม
B90: 1112009 | C90: มะพร้าว | L90: =SUM(D90:K90) -> 0
B91: 1112011 | C91: ฝอยทอง | L91: =SUM(D91:K91) -> 0
B92: 1112003 | C92: กาแฟ | L92: =SUM(D92:K92) -> 0
B93: 1112005 | C93: เนยนม | L93: =SUM(D93:K93) -> 0
B94: 1112007 | C94: ใบเตย | L94: =SUM(D94:K94) -> 0
B95: 1112019 | C95: ทุเรียน | L95: =SUM(D95:K95) -> 0
B96: 1112017 | C96: ตาลหอม | L96: =SUM(D96:K96) -> 0
B97: 1112015 | C97: กล้วยหอมมะพร้าวเผา | L97: =SUM(D97:K97) -> 0
B98: 1112013 | C98: เผือกมะพร้าวอ่อน | L98: =SUM(D98:K98) -> 0
B99: 1124043 | C99: เบาหวิว คละรส | L99: =SUM(D99:K99) -> 0
C100: รวม | L100: =SUM(L90:L99) -> 0
B101: เบาหวิว ญ 300 กรัม
B102: 1112008 | C102: มะพร้าว | L102: =SUM(D102:K102) -> 0
B103: 1112010 | C103: ฝอยทอง | L103: =SUM(D103:K103) -> 0
B104: 1112002 | C104: กาแฟ | L104: =SUM(D104:K104) -> 0
B105: 1112004 | C105: เนยนม | L105: =SUM(D105:K105) -> 0
B106: 1112006 | C106: ใบเตย | L106: =SUM(D106:K106) -> 0
B107: 1112018 | C107: ทุเรียน | L107: =SUM(D107:K107) -> 0
B108: 1112016 | C108: ตาลหอม | L108: =SUM(D108:K108) -> 0
B109: 1112014 | C109: กล้วยหอมมะพร้าวเผา | L109: =SUM(D109:K109) -> 0
B110: 1112012 | C110: เผือกมะพร้าวอ่อน | L110: =SUM(D110:K110) -> 0
C111: เบาหวิว คละรส | L111: =SUM(D111:K111) -> 0
C112: รวม | L112: =SUM(L102:L111) -> 0
B113: อื่นๆ
B114: 1113170 | C114: ขนมเปี๊ยะถั่วฝอยทองไข่เค็ม 450 กรัม | L114: =SUM(D114:K114) -> 0
B115: 1113171 | C115: ขนมเปี๊ยะฟักถั่วไข่เค็ม 450 กรัม | L115: =SUM(D115:K115) -> 0
B116: 1113172 | C116: ขนมเปี๊ยะเผือกฝอยทองไข่เค็ม 450 กรัม | L116: =SUM(D116:K116) -> 0
B117: 1113173 | C117: ขนมเปี๊ยะงาดำฝอยทองไข่เค็ม 450 กรัม | L117: =SUM(D117:K117) -> 0
B118: 1100003 | C118: เมอแรงค์ กระปุก | L118: =SUM(D118:K118) -> 0
B119: 1100001 | C119: พายสับปรด 1 ชิ้น | L119: =SUM(D119:K119) -> 0
B120: 1100002 | C120: พายสับปรด 1 กล่อง | L120: =SUM(D120:K120) -> 0
B121: 1200001 | C121: คอนเฟลค | L121: =SUM(D121:K121) -> 0
B122: 1005761 | C122: ปังกรอบคาราเมล(ถุง) | L122: =SUM(D122:K122) -> 0
B123: 1114501 | C123: ครีมฮอร์นไส้เนย วนิลา | L123: =SUM(D123:K123) -> 0
B124: 1114502 | C124: ครีมฮอร์นไส้เนย ใบเตย | L124: =SUM(D124:K124) -> 0
B125: 1114503 | C125: ครีมฮอร์นไส้เนย ชอค | L125: =SUM(D125:K125) -> 0
... B134: 1200092 | C134: ท็อฟฟี่ถั่ว 1 กิโล | L134: =SUM(D134:K134) -> 0
C135: เศษขนมปังปลา5กก. | L135: =SUM(D135:K135) -> 0
C136: เศษขนมปังปลา1กก. | L136: =SUM(D136:K136) -> 0
B137: 20052721 | C137: แซนวิชโบราณ | L137: =SUM(D137:K137) -> 0
B138: 1004046 | C138: ปังเนยนิ่ม ถุง | L138: =SUM(D138:K138) -> 0
C139: กล่องเบาหวิว ล | L139: =SUM(D139:K139) -> 0
C140: กล่องเปี๊ยะ ล | L140: =SUM(D140:K140) -> 0
B141: 20059548 | C141: มินิบันไก่หยองน้ำสลัด 110 กรัม | L141: =SUM(D141:K141) -> 0
B142: 20054646 | C142: ปังพิซซ่า | L142: =SUM(D142:K142) -> 0
B143: 1100044 | C143: หมี่กรอบโบราณ | L143: =SUM(D143:K143) -> 0
B144: 1100045 | C144: ชิฟฟ่อน 8 ชิ้น ขนุนล้วน | L144: =SUM(D144:K144) -> 0
B145: 20039042 | C145: ปังเนยนิ่ม 3 ชิ้น | L145: =SUM(D145:K145) -> 0
L146: =SUM(D146:K146) -> 0
L147: =SUM(D147:K147) -> 0
L148: =SUM(D148:K148) -> 0
L149: =SUM(D149:K149) -> 0
L150: =SUM(D150:K150) -> 0
L151: =SUM(D151:K151) -> 0
B153: …..................................................................................... | I153: ….....................................................................................
B154: ผู้จัดทำ | I154: ผู้รับทราบ

Sheet เย็น 
B1: ยอดจริง ออนไลน์ วันที่ - เย็น
L2: ยอดรวมผลิต
L3: จำนวน
B4: รหัสสินค้า | C4: สินค้า | D4: ปณ | E4: ชอปปี้ | F4: ลาซาด้า | G4: ติ๊กตอก | H4: ติ๊กตอก 2 | I4: ติ๊กตอก3 | J4: ชอยส์ | K4: ยอดเส้น | L4: (กล่อง)
B6: ชิฟฟอนรวมรส
B7: 1111002 | C7: ชิฟฟอนรวมรส 8 ชิ้น | L7: =SUM(D7:K7) -> 0
C8: ชิฟฟอนแบบกล่องสุ่มอะไรก็ได้ที่มี | L8: =SUM(D8:K8) -> 0
B9: 1111084 | C9: ชิฟฟอน 8 ชิ้น กาแฟล้วน | L9: =SUM(D9:K9) -> 0
B10: 1111085 | C10: ชิฟฟอน 8 ชิ้น บลูเบอรี่ล้วน | L10: =SUM(D10:K10) -> 0
B11: 1111086 | C11: ชิฟฟอน 8 ชิ้น มะพร้าวล้วน | L11: =SUM(D11:K11) -> 0
B12: 1111087 | C12: ชิฟฟอน 8 ชิ้น สตอเบอรี่ล้วน | L12: =SUM(D12:K12) -> 0
B13: 1111088 | C13: ชิฟฟอน 8 ชิ้น ส้มล้วน | L13: =SUM(D13:K13) -> 0
B14: 1111089 | C14: ชิฟฟอน 8 ชิ้น เนยล้วน | L14: =SUM(D14:K14) -> 0
B15: 1111090 | C15: ชิฟฟอน 8 ชิ้น เผือกล้วน | L15: =SUM(D15:K15) -> 0
B16: 1111091 | C16: ชิฟฟอน 8 ชิ้น ใบเตยล้วน | L16: =SUM(D16:K16) -> 0
B17: 1111092 | C17: ชิฟฟอน 8 ชิ้น กล้วยหอม | L17: =SUM(D17:K17) -> 0
B18: 1111093 | C18: ชิฟฟอน 8 ชิ้น โกโก้ล้วน | L18: =SUM(D18:K18) -> 0
B19: 1111094 | C19: ชิฟฟอน 8 ชิ้น ชาไทยล้วน | L19: =SUM(D19:K19) -> 0
B20: 1111095 | C20: ชิฟฟอน 8 ชิ้น ชาเขียวล้วน | L20: =SUM(D20:K20) -> 0
... B66: 1111010 | C66: ชิฟฟอนไส้แยมแยกชิ้น คละรส | L66: =SUM(D66:K66) -> 0
C67: รวม | L67: =SUM(L7:L66) -> 0
B68: ชิฟฟอนไส้แยม 6 ชิ้น
B69: 1111009 | C69: ชิฟฟอนไส้แยมรวมรส 6 ชิ้น | L69: =SUM(D69:K69) -> 0
B70: 1111023 | C70: ชิฟฟอนไส้แยมรสสตอเบอร์รี่ล้วน 6 ชิ้น | L70: =SUM(D70:K70) -> 0
B71: 1111016 | C71: ชิฟฟอนไส้แยมรสมะพร้าวล้วน 6 ชิ้น | L71: =SUM(D71:K71) -> 0
B72: 1111014 | C72: ชิฟฟอนไส้แยมรสช็อกโกแลตนูเทลล่าล้วน 6 ชิ้น | L72: =SUM(D72:K72) -> 0
B73: 1111025 | C73: ชิฟฟอนไส้แยมรสส้มล้วน 6 ชิ้น | L73: =SUM(D73:K73) -> 0
B74: 1111018 | C74: ชิฟฟอนไส้แยมรสบลูเบอร์รี่ล้วน 6 ชิ้น | L74: =SUM(D74:K74) -> 0
B75: 1111012 | C75: ชิฟฟอนไส้แยมรสนมชมพูฮอกไกโดล้วน 6 ชิ้น | L75: =SUM(D75:K75) -> 0
B76: 1111020 | C76: ชิฟฟอนไส้แยมฝอยทองไส้ทะลัก 6 ชิ้น | L76: =SUM(D76:K76) -> 0
C77: รวม | L77: =SUM(L69:L76) -> 0
B78: ชิฟฟอนไส้แยม 3 ชิ้น
B79: 1111022 | C79: ชิฟฟอนไส้แยมรสสตอเบอร์รี่ล้วน 3 ชิ้น | L79: =SUM(D79:K79) -> 0
B80: 1111015 | C80: ชิฟฟอนไส้แยมรสมะพร้าวล้วน 3 ชิ้น | L80: =SUM(D80:K80) -> 0
B81: 1111013 | C81: ชิฟฟอนไส้แยมรสช็อกโกแลตนูเทลล่าล้วน 3 ชิ้น | L81: =SUM(D81:K81) -> 0
B82: 1111024 | C82: ชิฟฟอนไส้แยมรสส้มล้วน 3 ชิ้น | L82: =SUM(D82:K82) -> 0
B83: 1111017 | C83: ชิฟฟอนไส้แยมรสบลูเบอร์รี่ล้วน 3 ชิ้น | L83: =SUM(D83:K83) -> 0
B84: 1111011 | C84: ชิฟฟอนไส้แยมรสนมชมพูฮอกไกโดล้วน 3 ชิ้น | L84: =SUM(D84:K84) -> 0
B85: 1111019 | C85: ชิฟฟอนไส้แยมฝอยทองไส้ทะลัก 3 ชิ้น | L85: =SUM(D85:K85) -> 0
B86: 1113081 | C86: ชิฟฟอนไส้แยม วนิลา/ใบเตย/เมล่อน | L86: =SUM(D86:K86) -> 0
B87: 1111008 | C87: ชิฟฟอนไส้แยมรวมรส 3 ชิ้น | L87: =SUM(D87:K87) -> 0
C88: รวม | L88: =SUM(L79:L87) -> 0
B89: เบาหวิว ล 110 กรัม
B90: 1112009 | C90: มะพร้าว | L90: =SUM(D90:K90) -> 0
B91: 1112011 | C91: ฝอยทอง | L91: =SUM(D91:K91) -> 0
B92: 1112003 | C92: กาแฟ | L92: =SUM(D92:K92) -> 0
B93: 1112005 | C93: เนยนม | L93: =SUM(D93:K93) -> 0
B94: 1112007 | C94: ใบเตย | L94: =SUM(D94:K94) -> 0
B95: 1112019 | C95: ทุเรียน | L95: =SUM(D95:K95) -> 0
B96: 1112017 | C96: ตาลหอม | L96: =SUM(D96:K96) -> 0
B97: 1112015 | C97: กล้วยหอมมะพร้าวเผา | L97: =SUM(D97:K97) -> 0
B98: 1112013 | C98: เผือกมะพร้าวอ่อน | L98: =SUM(D98:K98) -> 0
B99: 1124043 | C99: เบาหวิว คละรส | L99: =SUM(D99:K99) -> 0
C100: รวม | L100: =SUM(L90:L99) -> 0
B101: เบาหวิว ญ 300 กรัม
B102: 1112008 | C102: มะพร้าว | L102: =SUM(D102:K102) -> 0
B103: 1112010 | C103: ฝอยทอง | L103: =SUM(D103:K103) -> 0
B104: 1112002 | C104: กาแฟ | L104: =SUM(D104:K104) -> 0
B105: 1112004 | C105: เนยนม | L105: =SUM(D105:K105) -> 0
B106: 1112006 | C106: ใบเตย | L106: =SUM(D106:K106) -> 0
B107: 1112018 | C107: ทุเรียน | L107: =SUM(D107:K107) -> 0
B108: 1112016 | C108: ตาลหอม | L108: =SUM(D108:K108) -> 0
B109: 1112014 | C109: กล้วยหอมมะพร้าวเผา | L109: =SUM(D109:K109) -> 0
B110: 1112012 | C110: เผือกมะพร้าวอ่อน | L110: =SUM(D110:K110) -> 0
C111: เบาหวิว คละรส | L111: =SUM(D111:K111) -> 0
C112: รวม | L112: =SUM(L102:L111) -> 0
B113: อื่นๆ
B114: 1113170 | C114: ขนมเปี๊ยะถั่วฝอยทองไข่เค็ม 450 กรัม | L114: =SUM(D114:K114) -> 0
B115: 1113171 | C115: ขนมเปี๊ยะฟักถั่วไข่เค็ม 450 กรัม | L115: =SUM(D115:K115) -> 0
B116: 1113172 | C116: ขนมเปี๊ยะเผือกฝอยทองไข่เค็ม 450 กรัม | L116: =SUM(D116:K116) -> 0
B117: 1113173 | C117: ขนมเปี๊ยะงาดำฝอยทองไข่เค็ม 450 กรัม | L117: =SUM(D117:K117) -> 0
B118: 1100003 | C118: เมอแรงค์ กระปุก | L118: =SUM(D118:K118) -> 0
B119: 1100001 | C119: พายสับปรด 1 ชิ้น | L119: =SUM(D119:K119) -> 0
B120: 1100002 | C120: พายสับปรด 1 กล่อง | L120: =SUM(D120:K120) -> 0
B121: 1200001 | C121: คอนเฟลค | L121: =SUM(D121:K121) -> 0
B122: 1005761 | C122: ปังกรอบคาราเมล(ถุง) | L122: =SUM(D122:K122) -> 0
B123: 1114501 | C123: ครีมฮอร์นไส้เนย วนิลา | L123: =SUM(D123:K123) -> 0
B124: 1114502 | C124: ครีมฮอร์นไส้เนย ใบเตย | L124: =SUM(D124:K124) -> 0
B125: 1114503 | C125: ครีมฮอร์นไส้เนย ชอค | L125: =SUM(D125:K125) -> 0
... B134: 1200092 | C134: ท็อฟฟี่ถั่ว 1 กิโล | L134: =SUM(D134:K134) -> 0
C135: เศษขนมปังปลา5กก. | L135: =SUM(D135:K135) -> 0
C136: เศษขนมปังปลา1กก. | L136: =SUM(D136:K136) -> 0
B137: 20052721 | C137: แซนวิชโบราณ | L137: =SUM(D137:K137) -> 0
B138: 1004046 | C138: ปังเนยนิ่ม ถุง | L138: =SUM(D138:K138) -> 0
C139: กล่องเบาหวิว ล | L139: =SUM(D139:K139) -> 0
C140: กล่องเปี๊ยะ ล | L140: =SUM(D140:K140) -> 0
B141: 20059548 | C141: มินิบันไก่หยองน้ำสลัด 110 กรัม | L141: =SUM(D141:K141) -> 0
B142: 20054646 | C142: ปังพิซซ่า | L142: =SUM(D142:K142) -> 0
B143: 1100044 | C143: หมี่กรอบโบราณ | L143: =SUM(D143:K143) -> 0
B144: 1100045 | C144: ชิฟฟ่อน 8 ชิ้น ขนุนล้วน | L144: =SUM(D144:K144) -> 0
B145: 20039042 | C145: ปังเนยนิ่ม 3 ชิ้น | L145: =SUM(D145:K145) -> 0
L146: =SUM(D146:K146) -> 0
L147: =SUM(D147:K147) -> 0
L148: =SUM(D148:K148) -> 0
L149: =SUM(D149:K149) -> 0
L150: =SUM(D150:K150) -> 0
L151: =SUM(D151:K151) -> 0
B156: …..................................................................................... | I156: ….....................................................................................
B157: ผู้จัดทำ | I157: ผู้รับทราบ

Sheet 19.08.2568
B1: ยอดจริง ออนไลน์ วันที่ 19/8/68
B2: รหัสสินค้า | C2: สินค้า | D2: ปณ | G2: ชอปปี้ | J2: ลาซาด้า | M2: ติ๊กตอก | P2: ติ๊กตอก2 | S2: ติ๊กตอก3 | V2: ชอยส์ | Y2: ยอดเส้น | Z2: ยอดรวมผลิต(กล่อง) | AA2: ยอดForcast | AB2: ยอดStock | AC2: ยอดMemo | AD2: ยอดForcastวันพรุ่งนี้
D3: เช้า | E3: บ่าย | F3: รวม | G3: เช้า | H3: บ่าย | I3: รวม | J3: เช้า | K3: บ่าย | L3: รวม | M3: เช้า | N3: บ่าย | O3: รวม | P3: เช้า | Q3: บ่าย | R3: รวม | S3: เช้า | T3: บ่าย | U3: รวม | V3: เช้า | W3: บ่าย | X3: รวม
B4: 1004055 | C4: ชิฟฟ่อนเค้ก วรรณวนัช (รวมรส 4 ชิ้น) | F4: =SUM(D4:E4) -> 0 | G4: 10 | I4: =SUM(G4:H4) -> 10 | L4: =SUM(J4:K4) -> 0 | M4: 48 | O4: =SUM(M4:N4) -> 48 | R4: =SUM(P4:Q4) -> 0 | U4: =SUM(S4:T4) -> 0 | X4: =SUM(V4:W4) -> 0 | Z4: =+F4+I4+L4+O4+R4+U4+X4+Y4 -> 58 | AA4: 45 | AC4: =+AA4+AB4-Z4 -> -13 | AD4: 45
B5: 1111002 | C5: ชิฟฟ่อนเค้ก วรรณวนัช (รวมรส 8 ชิ้น) | F5: =SUM(D5:E5) -> 0 | G5: 46 | I5: =SUM(G5:H5) -> 46 | J5: 40 | L5: =SUM(J5:K5) -> 40 | M5: 4 | O5: =SUM(M5:N5) -> 4 | R5: =SUM(P5:Q5) -> 0 | U5: =SUM(S5:T5) -> 0 | X5: =SUM(V5:W5) -> 0 | Z5: =+F5+I5+L5+O5+R5+U5+X5+Y5 -> 90 | AA5: 70 | AB5: 60 | AC5: =+AA5+AB5-Z5 -> 40 | AD5: 70
B6: 1111055 | C6: วรรณวนัช ชิฟฟ่อนรวมรส 8 ชิ้น | F6: =SUM(D6:E6) -> 0 | I6: =SUM(G6:H6) -> 0 | L6: =SUM(J6:K6) -> 0 | O6: =SUM(M6:N6) -> 0 | R6: =SUM(P6:Q6) -> 0 | U6: =SUM(S6:T6) -> 0 | X6: =SUM(V6:W6) -> 0 | Z6: =+F6+I6+L6+O6+R6+U6+X6+Y6 -> 0 | AC6: =+AA6+AB6-Z6 -> 0
B7: 1111084 | C7: ชิฟฟ่อนเค้ก รสกาแฟ (8 ชิ้น) | F7: =SUM(D7:E7) -> 0 | I7: =SUM(G7:H7) -> 0 | L7: =SUM(J7:K7) -> 0 | O7: =SUM(M7:N7) -> 0 | R7: =SUM(P7:Q7) -> 0 | U7: =SUM(S7:T7) -> 0 | X7: =SUM(V7:W7) -> 0 | Z7: =+F7+I7+L7+O7+R7+U7+X7+Y7 -> 0 | AC7: =+AA7+AB7-Z7 -> 0
B8: 1111043 | C8: ชิฟฟอนรสมะลิ 8 ชิ้น ห่อ ซีน | F8: =SUM(D8:E8) -> 0 | I8: =SUM(G8:H8) -> 0 | L8: =SUM(J8:K8) -> 0 | O8: =SUM(M8:N8) -> 0 | R8: =SUM(P8:Q8) -> 0 | U8: =SUM(S8:T8) -> 0 | X8: =SUM(V8:W8) -> 0 | Z8: =+F8+I8+L8+O8+R8+U8+X8+Y8 -> 0 | AC8: =+AA8+AB8-Z8 -> 0
B9: 1111057 | C9: ชิฟฟอนแยกชิ้น กาแฟ | F9: =SUM(D9:E9) -> 0 | G9: 6 | I9: =SUM(G9:H9) -> 6 | L9: =SUM(J9:K9) -> 0 | O9: =SUM(M9:N9) -> 0 | R9: =SUM(P9:Q9) -> 0 | U9: =SUM(S9:T9) -> 0 | X9: =SUM(V9:W9) -> 0 | Z9: =+F9+I9+L9+O9+R9+U9+X9+Y9 -> 6 | AC9: =+AA9+AB9-Z9 -> -6
B10: 1111058 | C10: ชิฟฟอนแยกชิ้น มะลิ | F10: =SUM(D10:E10) -> 0 | G10: 6 | I10: =SUM(G10:H10) -> 6 | L10: =SUM(J10:K10) -> 0 | O10: =SUM(M10:N10) -> 0 | R10: =SUM(P10:Q10) -> 0 | U10: =SUM(S10:T10) -> 0 | X10: =SUM(V10:W10) -> 0 | Z10: =+F10+I10+L10+O10+R10+U10+X10+Y10 -> 6 | AC10: =+AA10+AB10-Z10 -> -6
B11: 1111059 | C11: ชิฟฟอนแยกชิ้น ใบเตย | F11: =SUM(D11:E11) -> 0 | G11: 6 | I11: =SUM(G11:H11) -> 6 | L11: =SUM(J11:K11) -> 0 | O11: =SUM(M11:N11) -> 0 | R11: =SUM(P11:Q11) -> 0 | U11: =SUM(S11:T11) -> 0 | X11: =SUM(V11:W11) -> 0 | Z11: =+F11+I11+L11+O11+R11+U11+X11+Y11 -> 6 | AC11: =+AA11+AB11-Z11 -> -6
B12: 1111060 | C12: ชิฟฟอนแยกชิ้น กล้วยหอม | F12: =SUM(D12:E12) -> 0 | G12: 6 | I12: =SUM(G12:H12) -> 6 | L12: =SUM(J12:K12) -> 0 | O12: =SUM(M12:N12) -> 0 | R12: =SUM(P12:Q12) -> 0 | U12: =SUM(S12:T12) -> 0 | X12: =SUM(V12:W12) -> 0 | Z12: =+F12+I12+L12+O12+R12+U12+X12+Y12 -> 6 | AC12: =+AA12+AB12-Z12 -> -6
B13: 1111061 | C13: ชิฟฟอนแยกชิ้น ชาไทย | F13: =SUM(D13:E13) -> 0 | G13: 6 | I13: =SUM(G13:H13) -> 6 | L13: =SUM(J13:K13) -> 0 | O13: =SUM(M13:N13) -> 0 | R13: =SUM(P13:Q13) -> 0 | U13: =SUM(S13:T13) -> 0 | X13: =SUM(V13:W13) -> 0 | Z13: =+F13+I13+L13+O13+R13+U13+X13+Y13 -> 6 | AC13: =+AA13+AB13-Z13 -> -6
B14: 1111062 | C14: ชิฟฟอนแยกชิ้น โกโก้ | F14: =SUM(D14:E14) -> 0 | G14: 5 | I14: =SUM(G14:H14) -> 5 | L14: =SUM(J14:K14) -> 0 | O14: =SUM(M14:N14) -> 0 | R14: =SUM(P14:Q14) -> 0 | U14: =SUM(S14:T14) -> 0 | X14: =SUM(V14:W14) -> 0 | Z14: =+F14+I14+L14+O14+R14+U14+X14+Y14 -> 5 | AC14: =+AA14+AB14-Z14 -> -5
B15: 1111063 | C15: ชิฟฟอนแยกชิ้น ส้ม | F15: =SUM(D15:E15) -> 0 | G15: 5 | I15: =SUM(G15:H15) -> 5 | L15: =SUM(J15:K15) -> 0 | O15: =SUM(M15:N15) -> 0 | R15: =SUM(P15:Q15) -> 0 | U15: =SUM(S15:T15) -> 0 | X15: =SUM(V15:W15) -> 0 | Z15: =+F15+I15+L15+O15+R15+U15+X15+Y15 -> 5 | AC15: =+AA15+AB15-Z15 -> -5
B16: 1111064 | C16: ชิฟฟอนแยกชิ้น เผือก | F16: =SUM(D16:E16) -> 0 | G16: 5 | I16: =SUM(G16:H16) -> 5 | L16: =SUM(J16:K16) -> 0 | O16: =SUM(M16:N16) -> 0 | R16: =SUM(P16:Q16) -> 0 | U16: =SUM(S16:T16) -> 0 | X16: =SUM(V16:W16) -> 0 | Z16: =+F16+I16+L16+O16+R16+U16+X16+Y16 -> 5 | AC16: =+AA16+AB16-Z16 -> -5
B17: 1111065 | C17: ชิฟฟอนแยกชิ้น สับปะรด | F17: =SUM(D17:E17) -> 0 | G17: 5 | I17: =SUM(G17:H17) -> 5 | L17: =SUM(J17:K17) -> 0 | O17: =SUM(M17:N17) -> 0 | R17: =SUM(P17:Q17) -> 0 | U17: =SUM(S17:T17) -> 0 | X17: =SUM(V17:W17) -> 0 | Z17: =+F17+I17+L17+O17+R17+U17+X17+Y17 -> 5 | AC17: =+AA17+AB17-Z17 -> -5
B18: 1111066 | C18: ชิฟฟอนแยกชิ้น สตอเบอรี่ | F18: =SUM(D18:E18) -> 0 | G18: 5 | I18: =SUM(G18:H18) -> 5 | L18: =SUM(J18:K18) -> 0 | O18: =SUM(M18:N18) -> 0 | R18: =SUM(P18:Q18) -> 0 | U18: =SUM(S18:T18) -> 0 | X18: =SUM(V18:W18) -> 0 | Z18: =+F18+I18+L18+O18+R18+U18+X18+Y18 -> 5 | AC18: =+AA18+AB18-Z18 -> -5
B19: 1111067 | C19: ชิฟฟอนแยกชิ้น มะพร้าว | F19: =SUM(D19:E19) -> 0 | G19: 5 | I19: =SUM(G19:H19) -> 5 | L19: =SUM(J19:K19) -> 0 | O19: =SUM(M19:N19) -> 0 | R19: =SUM(P19:Q19) -> 0 | U19: =SUM(S19:T19) -> 0 | X19: =SUM(V19:W19) -> 0 | Z19: =+F19+I19+L19+O19+R19+U19+X19+Y19 -> 5 | AC19: =+AA19+AB19-Z19 -> -5
B20: 1111068 | C20: ชิฟฟอนแยกชิ้น เนย | F20: =SUM(D20:E20) -> 0 | G20: 5 | I20: =SUM(G20:H20) -> 5 | L20: =SUM(J20:K20) -> 0 | O20: =SUM(M20:N20) -> 0 | R20: =SUM(P20:Q20) -> 0 | U20: =SUM(S20:T20) -> 0 | X20: =SUM(V20:W20) -> 0 | Z20: =+F20+I20+L20+O20+R20+U20+X20+Y20 -> 5 | AC20: =+AA20+AB20-Z20 -> -5
B21: 1111069 | C21: ชิฟฟอนแยกชิ้น บลูเบอรี่ | F21: =SUM(D21:E21) -> 0 | G21: 5 | I21: =SUM(G21:H21) -> 5 | L21: =SUM(J21:K21) -> 0 | O21: =SUM(M21:N21) -> 0 | R21: =SUM(P21:Q21) -> 0 | U21: =SUM(S21:T21) -> 0 | X21: =SUM(V21:W21) -> 0 | Z21: =+F21+I21+L21+O21+R21+U21+X21+Y21 -> 5 | AC21: =+AA21+AB21-Z21 -> -5
B22: 1111070 | C22: ชิฟฟอนแยกชิ้น ทุเรียน | F22: =SUM(D22:E22) -> 0 | I22: =SUM(G22:H22) -> 0 | L22: =SUM(J22:K22) -> 0 | O22: =SUM(M22:N22) -> 0 | R22: =SUM(P22:Q22) -> 0 | U22: =SUM(S22:T22) -> 0 | X22: =SUM(V22:W22) -> 0 | Z22: =+F22+I22+L22+O22+R22+U22+X22+Y22 -> 0 | AC22: =+AA22+AB22-Z22 -> 0
B23: 1111071 | C23: ชิฟฟอนแยกชิ้น ตาล | F23: =SUM(D23:E23) -> 0 | I23: =SUM(G23:H23) -> 0 | L23: =SUM(J23:K23) -> 0 | O23: =SUM(M23:N23) -> 0 | R23: =SUM(P23:Q23) -> 0 | U23: =SUM(S23:T23) -> 0 | X23: =SUM(V23:W23) -> 0 | Z23: =+F23+I23+L23+O23+R23+U23+X23+Y23 -> 0 | AC23: =+AA23+AB23-Z23 -> 0
B24: 1111010 | C24: ชิฟฟ่อนเค้กสอดไส้แยม (1 ชิ้น) แยมสับปะรด | F24: =SUM(D24:E24) -> 0 | I24: =SUM(G24:H24) -> 0 | L24: =SUM(J24:K24) -> 0 | O24: =SUM(M24:N24) -> 0 | R24: =SUM(P24:Q24) -> 0 | U24: =SUM(S24:T24) -> 0 | X24: =SUM(V24:W24) -> 0 | Z24: =+F24+I24+L24+O24+R24+U24+X24+Y24 -> 0 | AC24: =+AA24+AB24-Z24 -> 0
B25: 1111008 | C25: ชิฟฟ่อนเค้ก สอดไส้ (รวมรส 3 ชิ้น) | F25: =SUM(D25:E25) -> 0 | I25: =SUM(G25:H25) -> 0 | L25: =SUM(J25:K25) -> 0 | M25: 21 | O25: =SUM(M25:N25) -> 21 | R25: =SUM(P25:Q25) -> 0 | U25: =SUM(S25:T25) -> 0 | X25: =SUM(V25:W25) -> 0 | Z25: =+F25+I25+L25+O25+R25+U25+X25+Y25 -> 21 | AA25: 40 | AC25: =+AA25+AB25-Z25 -> 19 | AD25: 40
B26: 1111009 | C26: ชิฟฟ่อนเค้ก สอดไส้ (รวมรส 6 ชิ้น) | F26: =SUM(D26:E26) -> 0 | G26: 2 | I26: =SUM(G26:H26) -> 2 | J26: 7 | L26: =SUM(J26:K26) -> 7 | M26: 4 | O26: =SUM(M26:N26) -> 4 | R26: =SUM(P26:Q26) -> 0 | U26: =SUM(S26:T26) -> 0 | X26: =SUM(V26:W26) -> 0 | Z26: =+F26+I26+L26+O26+R26+U26+X26+Y26 -> 13 | AA26: 35 | AB26: 3 | AC26: =+AA26+AB26-Z26 -> 25 | AD26: 20
B27: 1111011 | C27: ชิฟฟ่อนเค้กสอดไส้ นมชมพูฮอกไกโด (3 ชิ้น) | F27: =SUM(D27:E27) -> 0 | I27: =SUM(G27:H27) -> 0 | L27: =SUM(J27:K27) -> 0 | O27: =SUM(M27:N27) -> 0 | R27: =SUM(P27:Q27) -> 0 | U27: =SUM(S27:T27) -> 0 | X27: =SUM(V27:W27) -> 0 | Z27: =+F27+I27+L27+O27+R27+U27+X27+Y27 -> 0 | AC27: =+AA27+AB27-Z27 -> 0
B28: 1111012 | C28: ชิฟฟ่อนเค้กสอดไส้ นมชมพูฮอกไกโด (6 ชิ้น) | F28: =SUM(D28:E28) -> 0 | I28: =SUM(G28:H28) -> 0 | L28: =SUM(J28:K28) -> 0 | O28: =SUM(M28:N28) -> 0 | R28: =SUM(P28:Q28) -> 0 | U28: =SUM(S28:T28) -> 0 | X28: =SUM(V28:W28) -> 0 | Z28: =+F28+I28+L28+O28+R28+U28+X28+Y28 -> 0 | AC28: =+AA28+AB28-Z28 -> 0
B29: 1111013 | C29: ชิฟฟ่อนเค้กสอดไส้ ช็อคโกแลตนูเทลล่า (3 ชิ้น) | F29: =SUM(D29:E29) -> 0 | I29: =SUM(G29:H29) -> 0 | L29: =SUM(J29:K29) -> 0 | O29: =SUM(M29:N29) -> 0 | R29: =SUM(P29:Q29) -> 0 | U29: =SUM(S29:T29) -> 0 | X29: =SUM(V29:W29) -> 0 | Z29: =+F29+I29+L29+O29+R29+U29+X29+Y29 -> 0 | AC29: =+AA29+AB29-Z29 -> 0
B30: 1111014 | C30: ชิฟฟ่อนเค้กสอดไส้ ช็อคโกแลตนูเทลล่า (6 ชิ้น) | F30: =SUM(D30:E30) -> 0 | I30: =SUM(G30:H30) -> 0 | L30: =SUM(J30:K30) -> 0 | O30: =SUM(M30:N30) -> 0 | R30: =SUM(P30:Q30) -> 0 | U30: =SUM(S30:T30) -> 0 | X30: =SUM(V30:W30) -> 0 | Z30: =+F30+I30+L30+O30+R30+U30+X30+Y30 -> 0 | AC30: =+AA30+AB30-Z30 -> 0
B31: 1111015 | C31: ชิฟฟ่อนเค้กสอดไส้เนย รสมะพร้าว (3 ชิ้น) | F31: =SUM(D31:E31) -> 0 | I31: =SUM(G31:H31) -> 0 | L31: =SUM(J31:K31) -> 0 | O31: =SUM(M31:N31) -> 0 | R31: =SUM(P31:Q31) -> 0 | U31: =SUM(S31:T31) -> 0 | X31: =SUM(V31:W31) -> 0 | Z31: =+F31+I31+L31+O31+R31+U31+X31+Y31 -> 0 | AC31: =+AA31+AB31-Z31 -> 0
B32: 1111016 | C32: ชิฟฟ่อนเค้กสอดไส้เนย รสมะพร้าว (6 ชิ้น) | F32: =SUM(D32:E32) -> 0 | I32: =SUM(G32:H32) -> 0 | L32: =SUM(J32:K32) -> 0 | O32: =SUM(M32:N32) -> 0 | R32: =SUM(P32:Q32) -> 0 | U32: =SUM(S32:T32) -> 0 | X32: =SUM(V32:W32) -> 0 | Z32: =+F32+I32+L32+O32+R32+U32+X32+Y32 -> 0 | AC32: =+AA32+AB32-Z32 -> 0
B33: 1111017 | C33: ชิฟฟ่อนเค้กสอดไส้แยม รสบลูเบอร์รี่ (3 ชิ้น) | F33: =SUM(D33:E33) -> 0 | I33: =SUM(G33:H33) -> 0 | L33: =SUM(J33:K33) -> 0 | O33: =SUM(M33:N33) -> 0 | R33: =SUM(P33:Q33) -> 0 | U33: =SUM(S33:T33) -> 0 | X33: =SUM(V33:W33) -> 0 | Z33: =+F33+I33+L33+O33+R33+U33+X33+Y33 -> 0 | AC33: =+AA33+AB33-Z33 -> 0
B34: 1111018 | C34: ชิฟฟ่อนเค้กสอดไส้แยม รสบลูเบอร์รี่ (6 ชิ้น) | F34: =SUM(D34:E34) -> 0 | I34: =SUM(G34:H34) -> 0 | L34: =SUM(J34:K34) -> 0 | O34: =SUM(M34:N34) -> 0 | R34: =SUM(P34:Q34) -> 0 | U34: =SUM(S34:T34) -> 0 | X34: =SUM(V34:W34) -> 0 | Z34: =+F34+I34+L34+O34+R34+U34+X34+Y34 -> 0 | AC34: =+AA34+AB34-Z34 -> 0
B35: 1111019 | C35: ชิฟฟ่อนเค้กหน้าฝอยทอง สอดไส้แยมส้ม (3 ชิ้น) | F35: =SUM(D35:E35) -> 0 | I35: =SUM(G35:H35) -> 0 | L35: =SUM(J35:K35) -> 0 | O35: =SUM(M35:N35) -> 0 | R35: =SUM(P35:Q35) -> 0 | U35: =SUM(S35:T35) -> 0 | X35: =SUM(V35:W35) -> 0 | Z35: =+F35+I35+L35+O35+R35+U35+X35+Y35 -> 0 | AC35: =+AA35+AB35-Z35 -> 0
B36: 1111020 | C36: ชิฟฟ่อนเค้กหน้าฝอยทอง สอดไส้แยมส้ม (6 ชิ้น) | F36: =SUM(D36:E36) -> 0 | I36: =SUM(G36:H36) -> 0 | L36: =SUM(J36:K36) -> 0 | O36: =SUM(M36:N36) -> 0 | R36: =SUM(P36:Q36) -> 0 | U36: =SUM(S36:T36) -> 0 | X36: =SUM(V36:W36) -> 0 | Z36: =+F36+I36+L36+O36+R36+U36+X36+Y36 -> 0 | AC36: =+AA36+AB36-Z36 -> 0
B37: 1111022 | C37: ชิฟฟ่อนเค้กสอดไส้แยม รสสตรอว์เบอร์รี (3 ชิ้น) | F37: =SUM(D37:E37) -> 0 | I37: =SUM(G37:H37) -> 0 | L37: =SUM(J37:K37) -> 0 | O37: =SUM(M37:N37) -> 0 | R37: =SUM(P37:Q37) -> 0 | U37: =SUM(S37:T37) -> 0 | X37: =SUM(V37:W37) -> 0 | Z37: =+F37+I37+L37+O37+R37+U37+X37+Y37 -> 0 | AC37: =+AA37+AB37-Z37 -> 0
B38: 1111023 | C38: ชิฟฟ่อนเค้กสอดไส้แยม รสสตรอว์เบอร์รี (6 ชิ้น) | F38: =SUM(D38:E38) -> 0 | I38: =SUM(G38:H38) -> 0 | L38: =SUM(J38:K38) -> 0 | O38: =SUM(M38:N38) -> 0 | R38: =SUM(P38:Q38) -> 0 | U38: =SUM(S38:T38) -> 0 | X38: =SUM(V38:W38) -> 0 | Z38: =+F38+I38+L38+O38+R38+U38+X38+Y38 -> 0 | AC38: =+AA38+AB38-Z38 -> 0
... B40: 1111025 | C40: ชิฟฟ่อนเค้กสอดไส้แยม รสส้ม (6 ชิ้น) | F40: =SUM(D40:E40) -> 0 | I40: =SUM(G40:H40) -> 0 | L40: =SUM(J40:K40) -> 0 | O40: =SUM(M40:N40) -> 0 | R40: =SUM(P40:Q40) -> 0 | U40: =SUM(S40:T40) -> 0 | X40: =SUM(V40:W40) -> 0 | Z40: =+F40+I40+L40+O40+R40+U40+X40+Y40 -> 0 | AC40: =+AA40+AB40-Z40 -> 0
B41: 1111056 | C41: ชิฟฟอนรวมรสยอดฮิต 8 ชิ้น | F41: =SUM(D41:E41) -> 0 | I41: =SUM(G41:H41) -> 0 | L41: =SUM(J41:K41) -> 0 | O41: =SUM(M41:N41) -> 0 | R41: =SUM(P41:Q41) -> 0 | U41: =SUM(S41:T41) -> 0 | X41: =SUM(V41:W41) -> 0 | Z41: =+F41+I41+L41+O41+R41+U41+X41+Y41 -> 0 | AB41: 17 | AC41: =+AA41+AB41-Z41 -> 17
B42: 1111074 | C42: ชิฟฟอนไส้แยมแยกชิ้น มะพร้าว | F42: =SUM(D42:E42) -> 0 | G42: 3 | I42: =SUM(G42:H42) -> 3 | L42: =SUM(J42:K42) -> 0 | O42: =SUM(M42:N42) -> 0 | R42: =SUM(P42:Q42) -> 0 | U42: =SUM(S42:T42) -> 0 | X42: =SUM(V42:W42) -> 0 | Z42: =+F42+I42+L42+O42+R42+U42+X42+Y42 -> 3 | AC42: =+AA42+AB42-Z42 -> -3
B43: 1111075 | C43: ชิฟฟอนไส้แยมแยกชิ้น สตอเบอรี่ | F43: =SUM(D43:E43) -> 0 | G43: 3 | I43: =SUM(G43:H43) -> 3 | L43: =SUM(J43:K43) -> 0 | O43: =SUM(M43:N43) -> 0 | R43: =SUM(P43:Q43) -> 0 | U43: =SUM(S43:T43) -> 0 | X43: =SUM(V43:W43) -> 0 | Z43: =+F43+I43+L43+O43+R43+U43+X43+Y43 -> 3 | AC43: =+AA43+AB43-Z43 -> -3
B44: 1111076 | C44: ชิฟฟอนไส้แยมแยกชิ้น ส้ม | F44: =SUM(D44:E44) -> 0 | G44: 3 | I44: =SUM(G44:H44) -> 3 | L44: =SUM(J44:K44) -> 0 | O44: =SUM(M44:N44) -> 0 | R44: =SUM(P44:Q44) -> 0 | U44: =SUM(S44:T44) -> 0 | X44: =SUM(V44:W44) -> 0 | Z44: =+F44+I44+L44+O44+R44+U44+X44+Y44 -> 3 | AC44: =+AA44+AB44-Z44 -> -3
B45: 1111077 | C45: ชิฟฟอนไส้แยมแยกชิ้น บลูเบอรี่ | F45: =SUM(D45:E45) -> 0 | G45: 3 | I45: =SUM(G45:H45) -> 3 | L45: =SUM(J45:K45) -> 0 | O45: =SUM(M45:N45) -> 0 | R45: =SUM(P45:Q45) -> 0 | U45: =SUM(S45:T45) -> 0 | X45: =SUM(V45:W45) -> 0 | Z45: =+F45+I45+L45+O45+R45+U45+X45+Y45 -> 3 | AC45: =+AA45+AB45-Z45 -> -3
B46: 1111078 | C46: ชิฟฟอนไส้แยมแยกชิ้น นมชมพู | F46: =SUM(D46:E46) -> 0 | G46: 3 | I46: =SUM(G46:H46) -> 3 | L46: =SUM(J46:K46) -> 0 | O46: =SUM(M46:N46) -> 0 | R46: =SUM(P46:Q46) -> 0 | U46: =SUM(S46:T46) -> 0 | X46: =SUM(V46:W46) -> 0 | Z46: =+F46+I46+L46+O46+R46+U46+X46+Y46 -> 3 | AC46: =+AA46+AB46-Z46 -> -3
B47: 1111079 | C47: ชิฟฟอนไส้แยมแยกชิ้น ชอคโกแลต | F47: =SUM(D47:E47) -> 0 | G47: 3 | I47: =SUM(G47:H47) -> 3 | L47: =SUM(J47:K47) -> 0 | O47: =SUM(M47:N47) -> 0 | R47: =SUM(P47:Q47) -> 0 | U47: =SUM(S47:T47) -> 0 | X47: =SUM(V47:W47) -> 0 | Z47: =+F47+I47+L47+O47+R47+U47+X47+Y47 -> 3 | AC47: =+AA47+AB47-Z47 -> -3
B48: 1111080 | C48: ชิฟฟอนไส้แยมแยกชิ้น ฝอยทอง | F48: =SUM(D48:E48) -> 0 | G48: 3 | I48: =SUM(G48:H48) -> 3 | L48: =SUM(J48:K48) -> 0 | O48: =SUM(M48:N48) -> 0 | R48: =SUM(P48:Q48) -> 0 | U48: =SUM(S48:T48) -> 0 | X48: =SUM(V48:W48) -> 0 | Z48: =+F48+I48+L48+O48+R48+U48+X48+Y48 -> 3 | AC48: =+AA48+AB48-Z48 -> -3
B49: 1111081 | C49: ชิฟฟอนไส้แยมแยกชิ้น วนิลา | F49: =SUM(D49:E49) -> 0 | G49: 3 | I49: =SUM(G49:H49) -> 3 | L49: =SUM(J49:K49) -> 0 | O49: =SUM(M49:N49) -> 0 | R49: =SUM(P49:Q49) -> 0 | U49: =SUM(S49:T49) -> 0 | X49: =SUM(V49:W49) -> 0 | Z49: =+F49+I49+L49+O49+R49+U49+X49+Y49 -> 3 | AC49: =+AA49+AB49-Z49 -> -3
B50: 1111082 | C50: ชิฟฟอนไส้แยมแยกชิ้น ใบเตย | F50: =SUM(D50:E50) -> 0 | G50: 3 | I50: =SUM(G50:H50) -> 3 | L50: =SUM(J50:K50) -> 0 | O50: =SUM(M50:N50) -> 0 | R50: =SUM(P50:Q50) -> 0 | U50: =SUM(S50:T50) -> 0 | X50: =SUM(V50:W50) -> 0 | Z50: =+F50+I50+L50+O50+R50+U50+X50+Y50 -> 3 | AC50: =+AA50+AB50-Z50 -> -3
B51: 1111083 | C51: ชิฟฟอนไส้แยมแยกชิ้น เมล่อน | F51: =SUM(D51:E51) -> 0 | G51: 3 | I51: =SUM(G51:H51) -> 3 | L51: =SUM(J51:K51) -> 0 | O51: =SUM(M51:N51) -> 0 | R51: =SUM(P51:Q51) -> 0 | U51: =SUM(S51:T51) -> 0 | X51: =SUM(V51:W51) -> 0 | Z51: =+F51+I51+L51+O51+R51+U51+X51+Y51 -> 3 | AC51: =+AA51+AB51-Z51 -> -3
B52: 1112002 | C52: เค้กเบาหวิว รสกาแฟ (300 กรัม) | F52: =SUM(D52:E52) -> 0 | I52: =SUM(G52:H52) -> 0 | L52: =SUM(J52:K52) -> 0 | O52: =SUM(M52:N52) -> 0 | R52: =SUM(P52:Q52) -> 0 | U52: =SUM(S52:T52) -> 0 | X52: =SUM(V52:W52) -> 0 | Z52: =+F52+I52+L52+O52+R52+U52+X52+Y52 -> 0 | AC52: =+AA52+AB52-Z52 -> 0
B53: 1112003 | C53: เค้กเบาหวิว รสกาแฟ (110 กรัม) | F53: =SUM(D53:E53) -> 0 | G53: 1 | I53: =SUM(G53:H53) -> 1 | L53: =SUM(J53:K53) -> 0 | M53: 40 | O53: =SUM(M53:N53) -> 40 | R53: =SUM(P53:Q53) -> 0 | U53: =SUM(S53:T53) -> 0 | X53: =SUM(V53:W53) -> 0 | Z53: =+F53+I53+L53+O53+R53+U53+X53+Y53 -> 41 | AA53: 65 | AB53: 44 | AC53: =+AA53+AB53-Z53 -> 68 | AD53: 60
B54: 1112004 | C54: เค้กเบาหวิว รสเนยนม (300 กรัม) | F54: =SUM(D54:E54) -> 0 | I54: =SUM(G54:H54) -> 0 | L54: =SUM(J54:K54) -> 0 | O54: =SUM(M54:N54) -> 0 | R54: =SUM(P54:Q54) -> 0 | U54: =SUM(S54:T54) -> 0 | X54: =SUM(V54:W54) -> 0 | Z54: =+F54+I54+L54+O54+R54+U54+X54+Y54 -> 0 | AC54: =+AA54+AB54-Z54 -> 0
B55: 1112005 | C55: เค้กเบาหวิว รสเนยนม (110 กรัม) | F55: =SUM(D55:E55) -> 0 | I55: =SUM(G55:H55) -> 0 | L55: =SUM(J55:K55) -> 0 | M55: 40 | O55: =SUM(M55:N55) -> 40 | R55: =SUM(P55:Q55) -> 0 | U55: =SUM(S55:T55) -> 0 | X55: =SUM(V55:W55) -> 0 | Z55: =+F55+I55+L55+O55+R55+U55+X55+Y55 -> 40 | AA55: 66 | AB55: 51 | AC55: =+AA55+AB55-Z55 -> 77 | AD55: 60
B56: 1112008 | C56: เค้กเบาหวิว รสมะพร้าวน้ำหอม (300 กรัม) | F56: =SUM(D56:E56) -> 0 | I56: =SUM(G56:H56) -> 0 | L56: =SUM(J56:K56) -> 0 | O56: =SUM(M56:N56) -> 0 | R56: =SUM(P56:Q56) -> 0 | U56: =SUM(S56:T56) -> 0 | X56: =SUM(V56:W56) -> 0 | Z56: =+F56+I56+L56+O56+R56+U56+X56+Y56 -> 0 | AC56: =+AA56+AB56-Z56 -> 0
B57: 1112009 | C57: เค้กเบาหวิว รสมะพร้าวน้ำหอม (110 กรัม) | F57: =SUM(D57:E57) -> 0 | I57: =SUM(G57:H57) -> 0 | L57: =SUM(J57:K57) -> 0 | M57: 40 | O57: =SUM(M57:N57) -> 40 | R57: =SUM(P57:Q57) -> 0 | U57: =SUM(S57:T57) -> 0 | X57: =SUM(V57:W57) -> 0 | Z57: =+F57+I57+L57+O57+R57+U57+X57+Y57 -> 40 | AA57: 60 | AB57: 55 | AC57: =+AA57+AB57-Z57 -> 75 | AD57: 60
B58: 1112010 | C58: เค้กเบาหวิว หน้าฝอยทอง (300 กรัม) | F58: =SUM(D58:E58) -> 0 | I58: =SUM(G58:H58) -> 0 | L58: =SUM(J58:K58) -> 0 | O58: =SUM(M58:N58) -> 0 | R58: =SUM(P58:Q58) -> 0 | U58: =SUM(S58:T58) -> 0 | X58: =SUM(V58:W58) -> 0 | Z58: =+F58+I58+L58+O58+R58+U58+X58+Y58 -> 0 | AC58: =+AA58+AB58-Z58 -> 0
B59: 1112011 | C59: เค้กเบาหวิว หน้าฝอยทอง (110 กรัม) | F59: =SUM(D59:E59) -> 0 | I59: =SUM(G59:H59) -> 0 | J59: 8 | L59: =SUM(J59:K59) -> 8 | M59: 40 | O59: =SUM(M59:N59) -> 40 | R59: =SUM(P59:Q59) -> 0 | U59: =SUM(S59:T59) -> 0 | X59: =SUM(V59:W59) -> 0 | Z59: =+F59+I59+L59+O59+R59+U59+X59+Y59 -> 48 | AA59: 90 | AB59: 35 | AC59: =+AA59+AB59-Z59 -> 77 | AD59: 60
B60: 1112012 | C60: เค้กเบาหวิว รสเผือกหน้ามะพร้าวเผา (300 กรัม) | F60: =SUM(D60:E60) -> 0 | I60: =SUM(G60:H60) -> 0 | L60: =SUM(J60:K60) -> 0 | M60: 3 | O60: =SUM(M60:N60) -> 3 | R60: =SUM(P60:Q60) -> 0 | U60: =SUM(S60:T60) -> 0 | X60: =SUM(V60:W60) -> 0 | Z60: =+F60+I60+L60+O60+R60+U60+X60+Y60 -> 3 | AC60: =+AA60+AB60-Z60 -> -3
B61: 1112013 | C61: เค้กเบาหวิว รสเผือกหน้ามะพร้าวเผา (110 กรัม) | F61: =SUM(D61:E61) -> 0 | G61: 1 | I61: =SUM(G61:H61) -> 1 | L61: =SUM(J61:K61) -> 0 | M61: 40 | O61: =SUM(M61:N61) -> 40 | R61: =SUM(P61:Q61) -> 0 | U61: =SUM(S61:T61) -> 0 | X61: =SUM(V61:W61) -> 0 | Z61: =+F61+I61+L61+O61+R61+U61+X61+Y61 -> 41 | AA61: 61 | AB61: 43 | AC61: =+AA61+AB61-Z61 -> 63 | AD61: 60
B62: 1112014 | C62: เค้กเบาหวิว รสกล้วยหอมหน้ามะพร้าวเผา (300 กรัม) | F62: =SUM(D62:E62) -> 0 | I62: =SUM(G62:H62) -> 0 | L62: =SUM(J62:K62) -> 0 | M62: 2 | O62: =SUM(M62:N62) -> 2 | R62: =SUM(P62:Q62) -> 0 | U62: =SUM(S62:T62) -> 0 | X62: =SUM(V62:W62) -> 0 | Z62: =+F62+I62+L62+O62+R62+U62+X62+Y62 -> 2 | AC62: =+AA62+AB62-Z62 -> -2
B63: 1112015 | C63: เค้กเบาหวิว รสกล้วยหอมหน้ามะพร้าวเผา (110 กรัม) | F63: =SUM(D63:E63) -> 0 | G63: 1 | I63: =SUM(G63:H63) -> 1 | L63: =SUM(J63:K63) -> 0 | M63: 40 | O63: =SUM(M63:N63) -> 40 | R63: =SUM(P63:Q63) -> 0 | U63: =SUM(S63:T63) -> 0 | X63: =SUM(V63:W63) -> 0 | Z63: =+F63+I63+L63+O63+R63+U63+X63+Y63 -> 41 | AA63: 62 | AB63: 57 | AC63: =+AA63+AB63-Z63 -> 78 | AD63: 60
B64: 1112017 | C64: เค้กเบาหวิว รสตาลหอม (110 กรัม) | F64: =SUM(D64:E64) -> 0 | I64: =SUM(G64:H64) -> 0 | L64: =SUM(J64:K64) -> 0 | O64: =SUM(M64:N64) -> 0 | R64: =SUM(P64:Q64) -> 0 | U64: =SUM(S64:T64) -> 0 | X64: =SUM(V64:W64) -> 0 | Z64: =+F64+I64+L64+O64+R64+U64+X64+Y64 -> 0 | AC64: =+AA64+AB64-Z64 -> 0
B65: 1100003 | C65: เมอร์แรงค์ (กระปุก) | F65: =SUM(D65:E65) -> 0 | I65: =SUM(G65:H65) -> 0 | L65: =SUM(J65:K65) -> 0 | O65: =SUM(M65:N65) -> 0 | R65: =SUM(P65:Q65) -> 0 | U65: =SUM(S65:T65) -> 0 | X65: =SUM(V65:W65) -> 0 | Z65: =+F65+I65+L65+O65+R65+U65+X65+Y65 -> 0 | AC65: =+AA65+AB65-Z65 -> 0
B66: 20039042 | C66: ขนมปังเนยนิ่ม 3 ชิ้น | F66: =SUM(D66:E66) -> 0 | I66: =SUM(G66:H66) -> 0 | L66: =SUM(J66:K66) -> 0 | M66: 21 | O66: =SUM(M66:N66) -> 21 | R66: =SUM(P66:Q66) -> 0 | U66: =SUM(S66:T66) -> 0 | X66: =SUM(V66:W66) -> 0 | Z66: =+F66+I66+L66+O66+R66+U66+X66+Y66 -> 21 | AB66: 40 | AC66: =+AA66+AB66-Z66 -> 19 | AD66: 60
B67: 1114501 | C67: ครีมฮอร์นวนิลา เนยสด | F67: =SUM(D67:E67) -> 0 | G67: 12 | I67: =SUM(G67:H67) -> 12 | L67: =SUM(J67:K67) -> 0 | M67: 9 | O67: =SUM(M67:N67) -> 9 | R67: =SUM(P67:Q67) -> 0 | U67: =SUM(S67:T67) -> 0 | X67: =SUM(V67:W67) -> 0 | Z67: =+F67+I67+L67+O67+R67+U67+X67+Y67 -> 21 | AB67: 11 | AC67: =+AA67+AB67-Z67 -> -10
B68: 1114502 | C68: ครีมฮอร์นใบเตย เนยสด | F68: =SUM(D68:E68) -> 0 | I68: =SUM(G68:H68) -> 0 | J68: 10 | L68: =SUM(J68:K68) -> 10 | M68: 12 | O68: =SUM(M68:N68) -> 12 | R68: =SUM(P68:Q68) -> 0 | U68: =SUM(S68:T68) -> 0 | X68: =SUM(V68:W68) -> 0 | Z68: =+F68+I68+L68+O68+R68+U68+X68+Y68 -> 22 | AB68: 65 | AC68: =+AA68+AB68-Z68 -> 43
B69: 1114503 | C69: ครีมฮอร์นช็อคโกแลต เนยสด | F69: =SUM(D69:E69) -> 0 | I69: =SUM(G69:H69) -> 0 | J69: 8 | L69: =SUM(J69:K69) -> 8 | M69: 9 | O69: =SUM(M69:N69) -> 9 | R69: =SUM(P69:Q69) -> 0 | U69: =SUM(S69:T69) -> 0 | X69: =SUM(V69:W69) -> 0 | Z69: =+F69+I69+L69+O69+R69+U69+X69+Y69 -> 17 | AB69: 32 | AC69: =+AA69+AB69-Z69 -> 15
B70: 1124021 | C70: ขนมปังแถว 430 g | F70: =SUM(D70:E70) -> 0 | G70: 29 | I70: =SUM(G70:H70) -> 29 | L70: =SUM(J70:K70) -> 0 | M70: 58 | O70: =SUM(M70:N70) -> 58 | R70: =SUM(P70:Q70) -> 0 | U70: =SUM(S70:T70) -> 0 | X70: =SUM(V70:W70) -> 0 | Z70: =+F70+I70+L70+O70+R70+U70+X70+Y70 -> 87 | AA70: 50 | AC70: =+AA70+AB70-Z70 -> -37 | AD70: 20
B71: 1005761 | C71: ขนมปังกรอบคาราเมล | F71: =SUM(D71:E71) -> 0 | I71: =SUM(G71:H71) -> 0 | L71: =SUM(J71:K71) -> 0 | O71: =SUM(M71:N71) -> 0 | R71: =SUM(P71:Q71) -> 0 | U71: =SUM(S71:T71) -> 0 | X71: =SUM(V71:W71) -> 0 | Z71: =+F71+I71+L71+O71+R71+U71+X71+Y71 -> 0 | AC71: =+AA71+AB71-Z71 -> 0
B72: 1100001 | C72: พายสัปปะรด (1 ชิ้น) | F72: =SUM(D72:E72) -> 0 | I72: =SUM(G72:H72) -> 0 | L72: =SUM(J72:K72) -> 0 | O72: =SUM(M72:N72) -> 0 | R72: =SUM(P72:Q72) -> 0 | U72: =SUM(S72:T72) -> 0 | X72: =SUM(V72:W72) -> 0 | Z72: =+F72+I72+L72+O72+R72+U72+X72+Y72 -> 0 | AC72: =+AA72+AB72-Z72 -> 0
B73: 1100002 | C73: พายสัปปะรด (1 กล่อง) | F73: =SUM(D73:E73) -> 0 | I73: =SUM(G73:H73) -> 0 | L73: =SUM(J73:K73) -> 0 | O73: =SUM(M73:N73) -> 0 | R73: =SUM(P73:Q73) -> 0 | U73: =SUM(S73:T73) -> 0 | X73: =SUM(V73:W73) -> 0 | Z73: =+F73+I73+L73+O73+R73+U73+X73+Y73 -> 0 | AC73: =+AA73+AB73-Z73 -> 0
B74: 20052721 | C74: วรรณวนัชแซนวิซโบราณ 70g | F74: =SUM(D74:E74) -> 0 | I74: =SUM(G74:H74) -> 0 | L74: =SUM(J74:K74) -> 0 | O74: =SUM(M74:N74) -> 0 | R74: =SUM(P74:Q74) -> 0 | U74: =SUM(S74:T74) -> 0 | X74: =SUM(V74:W74) -> 0 | Z74: =+F74+I74+L74+O74+R74+U74+X74+Y74 -> 0 | AC74: =+AA74+AB74-Z74 -> 0
B75: 1113170 | C75: ขนมเปี๊ยะถั่วฝอยทองไข่เค็ม 450 กรัม | F75: =SUM(D75:E75) -> 0 | I75: =SUM(G75:H75) -> 0 | L75: =SUM(J75:K75) -> 0 | M75: 5 | O75: =SUM(M75:N75) -> 5 | R75: =SUM(P75:Q75) -> 0 | U75: =SUM(S75:T75) -> 0 | X75: =SUM(V75:W75) -> 0 | Z75: =+F75+I75+L75+O75+R75+U75+X75+Y75 -> 5 | AB75: 25 | AC75: =+AA75+AB75-Z75 -> 20
B76: 1113171 | C76: ขนมเปี๊ยะฟักถั่วไข่เค็ม 450 กรัม | F76: =SUM(D76:E76) -> 0 | I76: =SUM(G76:H76) -> 0 | L76: =SUM(J76:K76) -> 0 | M76: 1 | O76: =SUM(M76:N76) -> 1 | R76: =SUM(P76:Q76) -> 0 | U76: =SUM(S76:T76) -> 0 | X76: =SUM(V76:W76) -> 0 | Z76: =+F76+I76+L76+O76+R76+U76+X76+Y76 -> 1 | AB76: 23 | AC76: =+AA76+AB76-Z76 -> 22
B77: 1113172 | C77: ขนมเปี๊ยะเผือกฝอยทองไข่เค็ม 450 กรัม | F77: =SUM(D77:E77) -> 0 | I77: =SUM(G77:H77) -> 0 | L77: =SUM(J77:K77) -> 0 | O77: =SUM(M77:N77) -> 0 | R77: =SUM(P77:Q77) -> 0 | U77: =SUM(S77:T77) -> 0 | X77: =SUM(V77:W77) -> 0 | Z77: =+F77+I77+L77+O77+R77+U77+X77+Y77 -> 0 | AC77: =+AA77+AB77-Z77 -> 0
B78: 1113173 | C78: ขนมเปี๊ยะงาดำฝอยทองไข่เค็ม 450 กรัม | F78: =SUM(D78:E78) -> 0 | I78: =SUM(G78:H78) -> 0 | L78: =SUM(J78:K78) -> 0 | M78: 3 | O78: =SUM(M78:N78) -> 3 | R78: =SUM(P78:Q78) -> 0 | U78: =SUM(S78:T78) -> 0 | X78: =SUM(V78:W78) -> 0 | Z78: =+F78+I78+L78+O78+R78+U78+X78+Y78 -> 3 | AB78: 27 | AC78: =+AA78+AB78-Z78 -> 24
B79: 1200001 | C79: คอร์นเฟล็ค | F79: =SUM(D79:E79) -> 0 | I79: =SUM(G79:H79) -> 0 | L79: =SUM(J79:K79) -> 0 | O79: =SUM(M79:N79) -> 0 | R79: =SUM(P79:Q79) -> 0 | U79: =SUM(S79:T79) -> 0 | X79: =SUM(V79:W79) -> 0 | Z79: =+F79+I79+L79+O79+R79+U79+X79+Y79 -> 0 | AC79: =+AA79+AB79-Z79 -> 0
B80: 1200002 | C80: ท๊อฟฟี่ถั่ว (กล่อง) | F80: =SUM(D80:E80) -> 0 | I80: =SUM(G80:H80) -> 0 | L80: =SUM(J80:K80) -> 0 | O80: =SUM(M80:N80) -> 0 | R80: =SUM(P80:Q80) -> 0 | U80: =SUM(S80:T80) -> 0 | X80: =SUM(V80:W80) -> 0 | Z80: =+F80+I80+L80+O80+R80+U80+X80+Y80 -> 0 | AC80: =+AA80+AB80-Z80 -> 0
B81: 20054646 | C81: ปังพิซซ่า | F81: =SUM(D81:E81) -> 0 | I81: =SUM(G81:H81) -> 0 | L81: =SUM(J81:K81) -> 0 | O81: =SUM(M81:N81) -> 0 | R81: =SUM(P81:Q81) -> 0 | U81: =SUM(S81:T81) -> 0 | X81: =SUM(V81:W81) -> 0 | Z81: =+F81+I81+L81+O81+R81+U81+X81+Y81 -> 0 | AC81: =+AA81+AB81-Z81 -> 0
B82: 300 | C82: เศษขนมปังปลา 5กก. | F82: =SUM(D82:E82) -> 0 | I82: =SUM(G82:H82) -> 0 | L82: =SUM(J82:K82) -> 0 | O82: =SUM(M82:N82) -> 0 | R82: =SUM(P82:Q82) -> 0 | U82: =SUM(S82:T82) -> 0 | X82: =SUM(V82:W82) -> 0 | Z82: =+F82+I82+L82+O82+R82+U82+X82+Y82 -> 0 | AC82: =+AA82+AB82-Z82 -> 0
B83: 200 | C83: เศษขนมปังปลา 1 กก. | F83: =SUM(D83:E83) -> 0 | G83: 20 | I83: =SUM(G83:H83) -> 20 | L83: =SUM(J83:K83) -> 0 | O83: =SUM(M83:N83) -> 0 | R83: =SUM(P83:Q83) -> 0 | U83: =SUM(S83:T83) -> 0 | X83: =SUM(V83:W83) -> 0 | Z83: =+F83+I83+L83+O83+R83+U83+X83+Y83 -> 20 | AC83: =+AA83+AB83-Z83 -> -20
B84: 1111087 | C84: ชิฟฟอน 8 ชิ้น สตอเบอรี่ล้วน | F84: =SUM(D84:E84) -> 0 | I84: =SUM(G84:H84) -> 0 | L84: =SUM(J84:K84) -> 0 | O84: =SUM(M84:N84) -> 0 | R84: =SUM(P84:Q84) -> 0 | U84: =SUM(S84:T84) -> 0 | X84: =SUM(V84:W84) -> 0 | Z84: =+F84+I84+L84+O84+R84+U84+X84+Y84 -> 0 | AC84: =+AA84+AB84-Z84 -> 0
C85: ชิฟฟอน 4 ชิ้น มะพร้าวล้วน | F85: =SUM(D85:E85) -> 0 | I85: =SUM(G85:H85) -> 0 | L85: =SUM(J85:K85) -> 0 | O85: =SUM(M85:N85) -> 0 | R85: =SUM(P85:Q85) -> 0 | U85: =SUM(S85:T85) -> 0 | X85: =SUM(V85:W85) -> 0 | Z85: =+F85+I85+L85+O85+R85+U85+X85+Y85 -> 0 | AC85: =+AA85+AB85-Z85 -> 0
C86: ชิฟฟอน 4 ชิ้น กาแฟล้วน | F86: =SUM(D86:E86) -> 0 | I86: =SUM(G86:H86) -> 0 | L86: =SUM(J86:K86) -> 0 | O86: =SUM(M86:N86) -> 0 | R86: =SUM(P86:Q86) -> 0 | U86: =SUM(S86:T86) -> 0 | X86: =SUM(V86:W86) -> 0 | Z86: =+F86+I86+L86+O86+R86+U86+X86+Y86 -> 0 | AC86: =+AA86+AB86-Z86 -> 0
C87: ชิฟฟอน 4 ชิ้น ชาเขียวล้วน | F87: =SUM(D87:E87) -> 0 | I87: =SUM(G87:H87) -> 0 | L87: =SUM(J87:K87) -> 0 | O87: =SUM(M87:N87) -> 0 | R87: =SUM(P87:Q87) -> 0 | U87: =SUM(S87:T87) -> 0 | X87: =SUM(V87:W87) -> 0 | Z87: =+F87+I87+L87+O87+R87+U87+X87+Y87 -> 0 | AC87: =+AA87+AB87-Z87 -> 0
C88: ชิฟฟอน 4 ชิ้น ใบเตยล้วน | F88: =SUM(D88:E88) -> 0 | I88: =SUM(G88:H88) -> 0 | L88: =SUM(J88:K88) -> 0 | O88: =SUM(M88:N88) -> 0 | R88: =SUM(P88:Q88) -> 0 | U88: =SUM(S88:T88) -> 0 | X88: =SUM(V88:W88) -> 0 | Z88: =+F88+I88+L88+O88+R88+U88+X88+Y88 -> 0 | AC88: =+AA88+AB88-Z88 -> 0
B89: 1111092 | C89: ชิฟฟอน 8 ชิ้น กล้วยหอม | F89: =SUM(D89:E89) -> 0 | I89: =SUM(G89:H89) -> 0 | L89: =SUM(J89:K89) -> 0 | O89: =SUM(M89:N89) -> 0 | R89: =SUM(P89:Q89) -> 0 | U89: =SUM(S89:T89) -> 0 | X89: =SUM(V89:W89) -> 0 | Z89: =+F89+I89+L89+O89+R89+U89+X89+Y89 -> 0 | AC89: =+AA89+AB89-Z89 -> 0
B90: 1111093 | C90: ชิฟฟอน 8 ชิ้น โกโก้ล้วน | F90: =SUM(D90:E90) -> 0 | I90: =SUM(G90:H90) -> 0 | L90: =SUM(J90:K90) -> 0 | O90: =SUM(M90:N90) -> 0 | R90: =SUM(P90:Q90) -> 0 | U90: =SUM(S90:T90) -> 0 | X90: =SUM(V90:W90) -> 0 | Z90: =+F90+I90+L90+O90+R90+U90+X90+Y90 -> 0 | AC90: =+AA90+AB90-Z90 -> 0
B91: 1111088 | C91: ชิฟฟอน 8 ชิ้น ส้มล้วน | F91: =SUM(D91:E91) -> 0 | I91: =SUM(G91:H91) -> 0 | L91: =SUM(J91:K91) -> 0 | O91: =SUM(M91:N91) -> 0 | R91: =SUM(P91:Q91) -> 0 | U91: =SUM(S91:T91) -> 0 | X91: =SUM(V91:W91) -> 0 | Z91: =+F91+I91+L91+O91+R91+U91+X91+Y91 -> 0 | AC91: =+AA91+AB91-Z91 -> 0
B92: 1111089 | C92: ชิฟฟอน 8 ชิ้น เนยล้วน | F92: =SUM(D92:E92) -> 0 | I92: =SUM(G92:H92) -> 0 | L92: =SUM(J92:K92) -> 0 | O92: =SUM(M92:N92) -> 0 | R92: =SUM(P92:Q92) -> 0 | U92: =SUM(S92:T92) -> 0 | X92: =SUM(V92:W92) -> 0 | Z92: =+F92+I92+L92+O92+R92+U92+X92+Y92 -> 0 | AC92: =+AA92+AB92-Z92 -> 0
B93: 1111094 | C93: ชิฟฟอน 8 ชิ้น ชาไทยล้วน | F93: =SUM(D93:E93) -> 0 | I93: =SUM(G93:H93) -> 0 | L93: =SUM(J93:K93) -> 0 | O93: =SUM(M93:N93) -> 0 | R93: =SUM(P93:Q93) -> 0 | U93: =SUM(S93:T93) -> 0 | X93: =SUM(V93:W93) -> 0 | Z93: =+F93+I93+L93+O93+R93+U93+X93+Y93 -> 0 | AC93: =+AA93+AB93-Z93 -> 0
B94: 1111095 | C94: ชิฟฟอน 8 ชิ้น ชาเขียวล้วน | F94: =SUM(D94:E94) -> 0 | I94: =SUM(G94:H94) -> 0 | L94: =SUM(J94:K94) -> 0 | O94: =SUM(M94:N94) -> 0 | R94: =SUM(P94:Q94) -> 0 | U94: =SUM(S94:T94) -> 0 | X94: =SUM(V94:W94) -> 0 | Z94: =+F94+I94+L94+O94+R94+U94+X94+Y94 -> 0 | AC94: =+AA94+AB94-Z94 -> 0
B95: 1111091 | C95: ชิฟฟอน 8 ชิ้น ใบเตยล้วน | F95: =SUM(D95:E95) -> 0 | I95: =SUM(G95:H95) -> 0 | L95: =SUM(J95:K95) -> 0 | O95: =SUM(M95:N95) -> 0 | R95: =SUM(P95:Q95) -> 0 | U95: =SUM(S95:T95) -> 0 | X95: =SUM(V95:W95) -> 0 | Z95: =+F95+I95+L95+O95+R95+U95+X95+Y95 -> 0 | AC95: =+AA95+AB95-Z95 -> 0
B96: 1111086 | C96: ชิฟฟอน 8 ชิ้น มะพร้าวล้วน | F96: =SUM(D96:E96) -> 0 | I96: =SUM(G96:H96) -> 0 | L96: =SUM(J96:K96) -> 0 | O96: =SUM(M96:N96) -> 0 | R96: =SUM(P96:Q96) -> 0 | U96: =SUM(S96:T96) -> 0 | X96: =SUM(V96:W96) -> 0 | Z96: =+F96+I96+L96+O96+R96+U96+X96+Y96 -> 0 | AC96: =+AA96+AB96-Z96 -> 0
B97: 20059548 | C97: มินบันไก่หยอง | F97: =SUM(D97:E97) -> 0 | I97: =SUM(G97:H97) -> 0 | L97: =SUM(J97:K97) -> 0 | O97: =SUM(M97:N97) -> 0 | R97: =SUM(P97:Q97) -> 0 | U97: =SUM(S97:T97) -> 0 | X97: =SUM(V97:W97) -> 0 | Z97: =+F97+I97+L97+O97+R97+U97+X97+Y97 -> 0 | AC97: =+AA97+AB97-Z97 -> 0
B98: 1100044 | C98: หมี่กรอบโบราณ | F98: =SUM(D98:E98) -> 0 | I98: =SUM(G98:H98) -> 0 | L98: =SUM(J98:K98) -> 0 | O98: =SUM(M98:N98) -> 0 | R98: =SUM(P98:Q98) -> 0 | U98: =SUM(S98:T98) -> 0 | X98: =SUM(V98:W98) -> 0 | Z98: =+F98+I98+L98+O98+R98+U98+X98+Y98 -> 0 | AC98: =+AA98+AB98-Z98 -> 0
B99: 1100045 | C99: ชิฟฟ่อนขนุน | F99: =SUM(D99:E99) -> 0 | I99: =SUM(G99:H99) -> 0 | L99: =SUM(J99:K99) -> 0 | O99: =SUM(M99:N99) -> 0 | R99: =SUM(P99:Q99) -> 0 | U99: =SUM(S99:T99) -> 0 | X99: =SUM(V99:W99) -> 0 | Z99: =+F99+I99+L99+O99+R99+U99+X99+Y99 -> 0 | AC99: =+AA99+AB99-Z99 -> 0
B100: ยอดรวม | D100: =+D4+D5+D6+D7+D8+D9+D10+D11+D12+D13+D14+D15+D16+D17+D18+D19+D20+D21+D22+D23+D24+D25+D26+D27+D28+D29+D30+D31+D32+D33+D34+D35+D36+D37+D38+D39+D40+D41+D42+D43+D44+D45+D46+D47+D48+D49+D50+D51+D52+D53+D54+D55+D56+D57+D58+D59+D60+D61+D62+D63+D64+D65+D66+D67+D68+D69+D70+D71+D72+D73+D74+D75+D76+D77+D78+D79+D80+D81+D82+D83+D84+D85+D86+D87+D88+D89+D90+D91+D92+D93+D94+D95+D96+D97+D98+D99 -> 0 | E100: =+E4+E5+E6+E7+E8+E9+E10+E11+E12+E13+E14+E15+E16+E17+E18+E19+E20+E21+E22+E23+E24+E25+E26+E27+E28+E29+E30+E31+E32+E33+E34+E35+E36+E37+E38+E39+E40+E41+E42+E43+E44+E45+E46+E47+E48+E49+E50+E51+E52+E53+E54+E55+E56+E57+E58+E59+E60+E61+E62+E63+E64+E65+E66+E67+E68+E69+E70+E71+E72+E73+E74+E75+E76+E77+E78+E79+E80+E81+E82+E83+E84+E85+E86+E87+E88+E89+E90+E91+E92+E93+E94+E95+E96+E97+E98+E99 -> 0 | F100: =+F4+F5+F6+F7+F8+F9+F10+F11+F12+F13+F14+F15+F16+F17+F18+F19+F20+F21+F22+F23+F24+F25+F26+F27+F28+F29+F30+F31+F32+F33+F34+F35+F36+F37+F38+F39+F40+F41+F42+F43+F44+F45+F46+F47+F48+F49+F50+F51+F52+F53+F54+F55+F56+F57+F58+F59+F60+F61+F62+F63+F64+F65+F66+F67+F68+F69+F70+F71+F72+F73+F74+F75+F76+F77+F78+F79+F80+F81+F82+F83+F84+F85+F86+F87+F88+F89+F90+F91+F92+F93+F94+F95+F96+F97+F98+F99 -> 0 | G100: =+G4+G5+G6+G7+G8+G9+G10+G11+G12+G13+G14+G15+G16+G17+G18+G19+G20+G21+G22+G23+G24+G25+G26+G27+G28+G29+G30+G31+G32+G33+G34+G35+G36+G37+G38+G39+G40+G41+G42+G43+G44+G45+G46+G47+G48+G49+G50+G51+G52+G53+G54+G55+G56+G57+G58+G59+G60+G61+G62+G63+G64+G65+G66+G67+G68+G69+G70+G71+G72+G73+G74+G75+G76+G77+G78+G79+G80+G81+G82+G83+G84+G85+G86+G87+G88+G89+G90+G91+G92+G93+G94+G95+G96+G97+G98+G99 -> 222 | H100: =+H4+H5+H6+H7+H8+H9+H10+H11+H12+H13+H14+H15+H16+H17+H18+H19+H20+H21+H22+H23+H24+H25+H26+H27+H28+H29+H30+H31+H32+H33+H34+H35+H36+H37+H38+H39+H40+H41+H42+H43+H44+H45+H46+H47+H48+H49+H50+H51+H52+H53+H54+H55+H56+H57+H58+H59+H60+H61+H62+H63+H64+H65+H66+H67+H68+H69+H70+H71+H72+H73+H74+H75+H76+H77+H78+H79+H80+H81+H82+H83+H84+H85+H86+H87+H88+H89+H90+H91+H92+H93+H94+H95+H96+H97+H98+H99 -> 0 | I100: =+I4+I5+I6+I7+I8+I9+I10+I11+I12+I13+I14+I15+I16+I17+I18+I19+I20+I21+I22+I23+I24+I25+I26+I27+I28+I29+I30+I31+I32+I33+I34+I35+I36+I37+I38+I39+I40+I41+I42+I43+I44+I45+I46+I47+I48+I49+I50+I51+I52+I53+I54+I55+I56+I57+I58+I59+I60+I61+I62+I63+I64+I65+I66+I67+I68+I69+I70+I71+I72+I73+I74+I75+I76+I77+I78+I79+I80+I81+I82+I83+I84+I85+I86+I87+I88+I89+I90+I91+I92+I93+I94+I95+I96+I97+I98+I99 -> 222 | J100: =+J4+J5+J6+J7+J8+J9+J10+J11+J12+J13+J14+J15+J16+J17+J18+J19+J20+J21+J22+J23+J24+J25+J26+J27+J28+J29+J30+J31+J32+J33+J34+J35+J36+J37+J38+J39+J40+J41+J42+J43+J44+J45+J46+J47+J48+J49+J50+J51+J52+J53+J54+J55+J56+J57+J58+J59+J60+J61+J62+J63+J64+J65+J66+J67+J68+J69+J70+J71+J72+J73+J74+J75+J76+J77+J78+J79+J80+J81+J82+J83+J84+J85+J86+J87+J88+J89+J90+J91+J92+J93+J94+J95+J96+J97+J98+J99 -> 73 | K100: =+K4+K5+K6+K7+K8+K9+K10+K11+K12+K13+K14+K15+K16+K17+K18+K19+K20+K21+K22+K23+K24+K25+K26+K27+K28+K29+K30+K31+K32+K33+K34+K35+K36+K37+K38+K39+K40+K41+K42+K43+K44+K45+K46+K47+K48+K49+K50+K51+K52+K53+K54+K55+K56+K57+K58+K59+K60+K61+K62+K63+K64+K65+K66+K67+K68+K69+K70+K71+K72+K73+K74+K75+K76+K77+K78+K79+K80+K81+K82+K83+K84+K85+K86+K87+K88+K89+K90+K91+K92+K93+K94+K95+K96+K97+K98+K99 -> 0 | ... Y100: =+Y4+Y5+Y6+Y7+Y8+Y9+Y10+Y11+Y12+Y13+Y14+Y15+Y16+Y17+Y18+Y19+Y20+Y21+Y22+Y23+Y24+Y25+Y26+Y27+Y28+Y29+Y30+Y31+Y32+Y33+Y34+Y35+Y36+Y37+Y38+Y39+Y40+Y41+Y42+Y43+Y44+Y45+Y46+Y47+Y48+Y49+Y50+Y51+Y52+Y53+Y54+Y55+Y56+Y57+Y58+Y59+Y60+Y61+Y62+Y63+Y64+Y65+Y66+Y67+Y68+Y69+Y70+Y71+Y72+Y73+Y74+Y75+Y76+Y77+Y78+Y79+Y80+Y81+Y82+Y83+Y84+Y85+Y86+Y87+Y88+Y89+Y90+Y91+Y92+Y93+Y94+Y95+Y96+Y97+Y98+Y99 -> 0 | Z100: =SUM(Z4:Z99) -> 735 | AA100: =+AA4+AA5+AA6+AA7+AA8+AA9+AA10+AA11+AA12+AA13+AA14+AA15+AA16+AA17+AA18+AA19+AA20+AA21+AA22+AA23+AA24+AA25+AA26+AA27+AA28+AA29+AA30+AA31+AA32+AA33+AA34+AA35+AA36+AA37+AA38+AA39+AA40+AA41+AA42+AA43+AA44+AA45+AA46+AA47+AA48+AA49+AA50+AA51+AA52+AA53+AA54+AA55+AA56+AA57+AA58+AA59+AA60+AA61+AA62+AA63+AA64+AA65+AA66+AA67+AA68+AA69+AA70+AA71+AA72+AA73+AA74+AA75+AA76+AA77+AA78+AA79+AA80+AA81+AA82+AA83+AA84+AA85+AA86+AA87+AA88+AA89+AA90+AA91+AA92+AA93+AA94+AA95+AA96+AA97+AA98+AA99 -> 644 | AB100: =+AB4+AB5+AB6+AB7+AB8+AB9+AB10+AB11+AB12+AB13+AB14+AB15+AB16+AB17+AB18+AB19+AB20+AB21+AB22+AB23+AB24+AB25+AB26+AB27+AB28+AB29+AB30+AB31+AB32+AB33+AB34+AB35+AB36+AB37+AB38+AB39+AB40+AB41+AB42+AB43+AB44+AB45+AB46+AB47+AB48+AB49+AB50+AB51+AB52+AB53+AB54+AB55+AB56+AB57+AB58+AB59+AB60+AB61+AB62+AB63+AB64+AB65+AB66+AB67+AB68+AB69+AB70+AB71+AB72+AB73+AB74+AB75+AB76+AB77+AB78+AB79+AB80+AB81+AB82+AB83+AB84+AB85+AB86+AB87+AB88+AB89+AB90+AB91+AB92+AB93+AB94+AB95+AB96+AB97+AB98+AB99 -> 588 | AC100: =+AC4+AC5+AC6+AC7+AC8+AC9+AC10+AC11+AC12+AC13+AC14+AC15+AC16+AC17+AC18+AC19+AC20+AC21+AC22+AC23+AC24+AC25+AC26+AC27+AC28+AC29+AC30+AC31+AC32+AC33+AC34+AC35+AC36+AC37+AC38+AC39+AC40+AC41+AC42+AC43+AC44+AC45+AC46+AC47+AC48+AC49+AC50+AC51+AC52+AC53+AC54+AC55+AC56+AC57+AC58+AC59+AC60+AC61+AC62+AC63+AC64+AC65+AC66+AC67+AC68+AC69+AC70+AC71+AC72+AC73+AC74+AC75+AC76+AC77+AC78+AC79+AC80+AC81+AC82+AC83+AC84+AC85+AC86+AC87+AC88+AC89+AC90+AC91+AC92+AC93+AC94+AC95+AC96+AC97+AC98+AC99 -> 497 | AD100: =+AD4+AD5+AD6+AD7+AD8+AD9+AD10+AD11+AD12+AD13+AD14+AD15+AD16+AD17+AD18+AD19+AD20+AD21+AD22+AD23+AD24+AD25+AD26+AD27+AD28+AD29+AD30+AD31+AD32+AD33+AD34+AD35+AD36+AD37+AD38+AD39+AD40+AD41+AD42+AD43+AD44+AD45+AD46+AD47+AD48+AD49+AD50+AD51+AD52+AD53+AD54+AD55+AD56+AD57+AD58+AD59+AD60+AD61+AD62+AD63+AD64+AD65+AD66+AD67+AD68+AD69+AD70+AD71+AD72+AD73+AD74+AD75+AD76+AD77+AD78+AD79+AD80+AD81+AD82+AD83+AD84+AD85+AD86+AD87+AD88+AD89+AD90+AD91+AD92+AD93+AD94+AD95+AD96+AD97+AD98+AD99 -> 615

Sheet 20.8.2568
B1: ยอดจริง ออนไลน์ วันที่ 20/8/2568
B2: รหัสสินค้า | C2: สินค้า | D2: ปณ | G2: ชอปปี้ | J2: ลาซาด้า | M2: ติ๊กตอก | P2: ติ๊กตอก2 | S2: ติ๊กตอก3 | V2: ชอยส์ | Y2: ยอดเส้น | Z2: ยอดรวมผลิต(กล่อง) | AA2: ยอดForcast | AB2: ยอดStock | AC2: ยอดMemo | AD2: ยอดForcastวันพรุ่งนี้
D3: เช้า | E3: บ่าย | F3: รวม | G3: เช้า | H3: บ่าย | I3: รวม | J3: เช้า | K3: บ่าย | L3: รวม | M3: เช้า | N3: บ่าย | O3: รวม | P3: เช้า | Q3: บ่าย | R3: รวม | S3: เช้า | T3: บ่าย | U3: รวม | V3: เช้า | W3: บ่าย | X3: รวม
B4: 1004055 | C4: ชิฟฟ่อนเค้ก วรรณวนัช (รวมรส 4 ชิ้น) | F4: =SUM(D4:E4) -> 0 | G4: 1 | I4: =SUM(G4:H4) -> 1 | L4: =SUM(J4:K4) -> 0 | M4: 45 | O4: =SUM(M4:N4) -> 45 | R4: =SUM(P4:Q4) -> 0 | U4: =SUM(S4:T4) -> 0 | X4: =SUM(V4:W4) -> 0 | Y4: 13 | Z4: =F4+I4+L4+O4+R4+U4+X4+Y4 -> 59 | AA4: 58 | AB4: 1 | AC4: =+AA4+AB4-Z4 -> 0 | AD4: 45
B5: 1111002 | C5: ชิฟฟ่อนเค้ก วรรณวนัช (รวมรส 8 ชิ้น) | F5: =SUM(D5:E5) -> 0 | G5: 25 | I5: =SUM(G5:H5) -> 25 | J5: 10 | L5: =SUM(J5:K5) -> 10 | M5: 6 | O5: =SUM(M5:N5) -> 6 | R5: =SUM(P5:Q5) -> 0 | U5: =SUM(S5:T5) -> 0 | X5: =SUM(V5:W5) -> 0 | Y5: 13 | Z5: =F5+I5+L5+O5+R5+U5+X5+Y5 -> 54 | AA5: 83 | AB5: 24 | AC5: =+AA5+AB5-Z5 -> 53 | AD5: 70
B6: 1111055 | C6: วรรณวนัช ชิฟฟ่อนรวมรส 8 ชิ้น | F6: =SUM(D6:E6) -> 0 | I6: =SUM(G6:H6) -> 0 | L6: =SUM(J6:K6) -> 0 | O6: =SUM(M6:N6) -> 0 | R6: =SUM(P6:Q6) -> 0 | U6: =SUM(S6:T6) -> 0 | X6: =SUM(V6:W6) -> 0 | Z6: =F6+I6+L6+O6+R6+U6+X6+Y6 -> 0 | AC6: =+AA6+AB6-Z6 -> 0
B7: 1111084 | C7: ชิฟฟ่อนเค้ก รสกาแฟ (8 ชิ้น) | F7: =SUM(D7:E7) -> 0 | I7: =SUM(G7:H7) -> 0 | L7: =SUM(J7:K7) -> 0 | O7: =SUM(M7:N7) -> 0 | R7: =SUM(P7:Q7) -> 0 | U7: =SUM(S7:T7) -> 0 | X7: =SUM(V7:W7) -> 0 | Z7: =F7+I7+L7+O7+R7+U7+X7+Y7 -> 0 | AC7: =+AA7+AB7-Z7 -> 0
B8: 1111043 | C8: ชิฟฟอนรสมะลิ 8 ชิ้น ห่อ ซีน | F8: =SUM(D8:E8) -> 0 | I8: =SUM(G8:H8) -> 0 | L8: =SUM(J8:K8) -> 0 | O8: =SUM(M8:N8) -> 0 | R8: =SUM(P8:Q8) -> 0 | U8: =SUM(S8:T8) -> 0 | X8: =SUM(V8:W8) -> 0 | Z8: =F8+I8+L8+O8+R8+U8+X8+Y8 -> 0 | AC8: =+AA8+AB8-Z8 -> 0
B9: 1111057 | C9: ชิฟฟอนแยกชิ้น กาแฟ | F9: =SUM(D9:E9) -> 0 | G9: 3 | I9: =SUM(G9:H9) -> 3 | L9: =SUM(J9:K9) -> 0 | O9: =SUM(M9:N9) -> 0 | R9: =SUM(P9:Q9) -> 0 | U9: =SUM(S9:T9) -> 0 | X9: =SUM(V9:W9) -> 0 | Z9: =F9+I9+L9+O9+R9+U9+X9+Y9 -> 3 | AC9: =+AA9+AB9-Z9 -> -3
B10: 1111058 | C10: ชิฟฟอนแยกชิ้น มะลิ | F10: =SUM(D10:E10) -> 0 | G10: 3 | I10: =SUM(G10:H10) -> 3 | L10: =SUM(J10:K10) -> 0 | O10: =SUM(M10:N10) -> 0 | R10: =SUM(P10:Q10) -> 0 | U10: =SUM(S10:T10) -> 0 | X10: =SUM(V10:W10) -> 0 | Z10: =F10+I10+L10+O10+R10+U10+X10+Y10 -> 3 | AC10: =+AA10+AB10-Z10 -> -3
B11: 1111059 | C11: ชิฟฟอนแยกชิ้น ใบเตย | F11: =SUM(D11:E11) -> 0 | G11: 3 | I11: =SUM(G11:H11) -> 3 | L11: =SUM(J11:K11) -> 0 | O11: =SUM(M11:N11) -> 0 | R11: =SUM(P11:Q11) -> 0 | U11: =SUM(S11:T11) -> 0 | X11: =SUM(V11:W11) -> 0 | Z11: =F11+I11+L11+O11+R11+U11+X11+Y11 -> 3 | AC11: =+AA11+AB11-Z11 -> -3
B12: 1111060 | C12: ชิฟฟอนแยกชิ้น กล้วยหอม | F12: =SUM(D12:E12) -> 0 | G12: 3 | I12: =SUM(G12:H12) -> 3 | L12: =SUM(J12:K12) -> 0 | O12: =SUM(M12:N12) -> 0 | R12: =SUM(P12:Q12) -> 0 | U12: =SUM(S12:T12) -> 0 | X12: =SUM(V12:W12) -> 0 | Z12: =F12+I12+L12+O12+R12+U12+X12+Y12 -> 3 | AC12: =+AA12+AB12-Z12 -> -3
B13: 1111061 | C13: ชิฟฟอนแยกชิ้น ชาไทย | F13: =SUM(D13:E13) -> 0 | G13: 2 | I13: =SUM(G13:H13) -> 2 | L13: =SUM(J13:K13) -> 0 | O13: =SUM(M13:N13) -> 0 | R13: =SUM(P13:Q13) -> 0 | U13: =SUM(S13:T13) -> 0 | X13: =SUM(V13:W13) -> 0 | Z13: =F13+I13+L13+O13+R13+U13+X13+Y13 -> 2 | AC13: =+AA13+AB13-Z13 -> -2
B14: 1111062 | C14: ชิฟฟอนแยกชิ้น โกโก้ | F14: =SUM(D14:E14) -> 0 | G14: 2 | I14: =SUM(G14:H14) -> 2 | L14: =SUM(J14:K14) -> 0 | O14: =SUM(M14:N14) -> 0 | R14: =SUM(P14:Q14) -> 0 | U14: =SUM(S14:T14) -> 0 | X14: =SUM(V14:W14) -> 0 | Z14: =F14+I14+L14+O14+R14+U14+X14+Y14 -> 2 | AC14: =+AA14+AB14-Z14 -> -2
B15: 1111063 | C15: ชิฟฟอนแยกชิ้น ส้ม | F15: =SUM(D15:E15) -> 0 | G15: 2 | I15: =SUM(G15:H15) -> 2 | L15: =SUM(J15:K15) -> 0 | O15: =SUM(M15:N15) -> 0 | R15: =SUM(P15:Q15) -> 0 | U15: =SUM(S15:T15) -> 0 | X15: =SUM(V15:W15) -> 0 | Z15: =F15+I15+L15+O15+R15+U15+X15+Y15 -> 2 | AC15: =+AA15+AB15-Z15 -> -2
B16: 1111064 | C16: ชิฟฟอนแยกชิ้น เผือก | F16: =SUM(D16:E16) -> 0 | G16: 2 | I16: =SUM(G16:H16) -> 2 | L16: =SUM(J16:K16) -> 0 | O16: =SUM(M16:N16) -> 0 | R16: =SUM(P16:Q16) -> 0 | U16: =SUM(S16:T16) -> 0 | X16: =SUM(V16:W16) -> 0 | Z16: =F16+I16+L16+O16+R16+U16+X16+Y16 -> 2 | AC16: =+AA16+AB16-Z16 -> -2
B17: 1111065 | C17: ชิฟฟอนแยกชิ้น สับปะรด | F17: =SUM(D17:E17) -> 0 | G17: 2 | I17: =SUM(G17:H17) -> 2 | L17: =SUM(J17:K17) -> 0 | O17: =SUM(M17:N17) -> 0 | R17: =SUM(P17:Q17) -> 0 | U17: =SUM(S17:T17) -> 0 | X17: =SUM(V17:W17) -> 0 | Z17: =F17+I17+L17+O17+R17+U17+X17+Y17 -> 2 | AC17: =+AA17+AB17-Z17 -> -2
B18: 1111066 | C18: ชิฟฟอนแยกชิ้น สตอเบอรี่ | F18: =SUM(D18:E18) -> 0 | G18: 2 | I18: =SUM(G18:H18) -> 2 | L18: =SUM(J18:K18) -> 0 | O18: =SUM(M18:N18) -> 0 | R18: =SUM(P18:Q18) -> 0 | U18: =SUM(S18:T18) -> 0 | X18: =SUM(V18:W18) -> 0 | Z18: =F18+I18+L18+O18+R18+U18+X18+Y18 -> 2 | AC18: =+AA18+AB18-Z18 -> -2
B19: 1111067 | C19: ชิฟฟอนแยกชิ้น มะพร้าว | F19: =SUM(D19:E19) -> 0 | G19: 2 | I19: =SUM(G19:H19) -> 2 | L19: =SUM(J19:K19) -> 0 | O19: =SUM(M19:N19) -> 0 | R19: =SUM(P19:Q19) -> 0 | U19: =SUM(S19:T19) -> 0 | X19: =SUM(V19:W19) -> 0 | Z19: =F19+I19+L19+O19+R19+U19+X19+Y19 -> 2 | AC19: =+AA19+AB19-Z19 -> -2
B20: 1111068 | C20: ชิฟฟอนแยกชิ้น เนย | F20: =SUM(D20:E20) -> 0 | G20: 2 | I20: =SUM(G20:H20) -> 2 | L20: =SUM(J20:K20) -> 0 | O20: =SUM(M20:N20) -> 0 | R20: =SUM(P20:Q20) -> 0 | U20: =SUM(S20:T20) -> 0 | X20: =SUM(V20:W20) -> 0 | Z20: =F20+I20+L20+O20+R20+U20+X20+Y20 -> 2 | AC20: =+AA20+AB20-Z20 -> -2
B21: 1111069 | C21: ชิฟฟอนแยกชิ้น บลูเบอรี่ | F21: =SUM(D21:E21) -> 0 | G21: 2 | I21: =SUM(G21:H21) -> 2 | L21: =SUM(J21:K21) -> 0 | O21: =SUM(M21:N21) -> 0 | R21: =SUM(P21:Q21) -> 0 | U21: =SUM(S21:T21) -> 0 | X21: =SUM(V21:W21) -> 0 | Z21: =F21+I21+L21+O21+R21+U21+X21+Y21 -> 2 | AC21: =+AA21+AB21-Z21 -> -2
B22: 1111070 | C22: ชิฟฟอนแยกชิ้น ทุเรียน | F22: =SUM(D22:E22) -> 0 | I22: =SUM(G22:H22) -> 0 | L22: =SUM(J22:K22) -> 0 | O22: =SUM(M22:N22) -> 0 | R22: =SUM(P22:Q22) -> 0 | U22: =SUM(S22:T22) -> 0 | X22: =SUM(V22:W22) -> 0 | Z22: =F22+I22+L22+O22+R22+U22+X22+Y22 -> 0 | AC22: =+AA22+AB22-Z22 -> 0
B23: 1111071 | C23: ชิฟฟอนแยกชิ้น ตาล | F23: =SUM(D23:E23) -> 0 | I23: =SUM(G23:H23) -> 0 | L23: =SUM(J23:K23) -> 0 | O23: =SUM(M23:N23) -> 0 | R23: =SUM(P23:Q23) -> 0 | U23: =SUM(S23:T23) -> 0 | X23: =SUM(V23:W23) -> 0 | Z23: =F23+I23+L23+O23+R23+U23+X23+Y23 -> 0 | AC23: =+AA23+AB23-Z23 -> 0
B24: 1111010 | C24: ชิฟฟ่อนเค้กสอดไส้แยม (1 ชิ้น) แยมสับปะรด | F24: =SUM(D24:E24) -> 0 | I24: =SUM(G24:H24) -> 0 | L24: =SUM(J24:K24) -> 0 | O24: =SUM(M24:N24) -> 0 | R24: =SUM(P24:Q24) -> 0 | U24: =SUM(S24:T24) -> 0 | X24: =SUM(V24:W24) -> 0 | Z24: =F24+I24+L24+O24+R24+U24+X24+Y24 -> 0 | AC24: =+AA24+AB24-Z24 -> 0
B25: 1111008 | C25: ชิฟฟ่อนเค้ก สอดไส้ (รวมรส 3 ชิ้น) | F25: =SUM(D25:E25) -> 0 | G25: 1 | I25: =SUM(G25:H25) -> 1 | L25: =SUM(J25:K25) -> 0 | O25: =SUM(M25:N25) -> 0 | R25: =SUM(P25:Q25) -> 0 | U25: =SUM(S25:T25) -> 0 | X25: =SUM(V25:W25) -> 0 | Z25: =F25+I25+L25+O25+R25+U25+X25+Y25 -> 1 | AA25: 40 | AB25: 17 | AC25: =+AA25+AB25-Z25 -> 56 | AD25: 40
B26: 1111009 | C26: ชิฟฟ่อนเค้ก สอดไส้ (รวมรส 6 ชิ้น) | F26: =SUM(D26:E26) -> 0 | G26: 2 | I26: =SUM(G26:H26) -> 2 | L26: =SUM(J26:K26) -> 0 | O26: =SUM(M26:N26) -> 0 | R26: =SUM(P26:Q26) -> 0 | U26: =SUM(S26:T26) -> 0 | X26: =SUM(V26:W26) -> 0 | Z26: =F26+I26+L26+O26+R26+U26+X26+Y26 -> 2 | AA26: 20 | AB26: 10 | AC26: =+AA26+AB26-Z26 -> 28 | AD26: 20
B27: 1111011 | C27: ชิฟฟ่อนเค้กสอดไส้ นมชมพูฮอกไกโด (3 ชิ้น) | F27: =SUM(D27:E27) -> 0 | I27: =SUM(G27:H27) -> 0 | L27: =SUM(J27:K27) -> 0 | O27: =SUM(M27:N27) -> 0 | R27: =SUM(P27:Q27) -> 0 | U27: =SUM(S27:T27) -> 0 | X27: =SUM(V27:W27) -> 0 | Z27: =F27+I27+L27+O27+R27+U27+X27+Y27 -> 0 | AC27: =+AA27+AB27-Z27 -> 0
B28: 1111012 | C28: ชิฟฟ่อนเค้กสอดไส้ นมชมพูฮอกไกโด (6 ชิ้น) | F28: =SUM(D28:E28) -> 0 | I28: =SUM(G28:H28) -> 0 | L28: =SUM(J28:K28) -> 0 | O28: =SUM(M28:N28) -> 0 | R28: =SUM(P28:Q28) -> 0 | U28: =SUM(S28:T28) -> 0 | X28: =SUM(V28:W28) -> 0 | Z28: =F28+I28+L28+O28+R28+U28+X28+Y28 -> 0 | AC28: =+AA28+AB28-Z28 -> 0
B29: 1111013 | C29: ชิฟฟ่อนเค้กสอดไส้ ช็อคโกแลตนูเทลล่า (3 ชิ้น) | F29: =SUM(D29:E29) -> 0 | I29: =SUM(G29:H29) -> 0 | L29: =SUM(J29:K29) -> 0 | O29: =SUM(M29:N29) -> 0 | R29: =SUM(P29:Q29) -> 0 | U29: =SUM(S29:T29) -> 0 | X29: =SUM(V29:W29) -> 0 | Z29: =F29+I29+L29+O29+R29+U29+X29+Y29 -> 0 | AC29: =+AA29+AB29-Z29 -> 0
B30: 1111014 | C30: ชิฟฟ่อนเค้กสอดไส้ ช็อคโกแลตนูเทลล่า (6 ชิ้น) | F30: =SUM(D30:E30) -> 0 | I30: =SUM(G30:H30) -> 0 | L30: =SUM(J30:K30) -> 0 | O30: =SUM(M30:N30) -> 0 | R30: =SUM(P30:Q30) -> 0 | U30: =SUM(S30:T30) -> 0 | X30: =SUM(V30:W30) -> 0 | Z30: =F30+I30+L30+O30+R30+U30+X30+Y30 -> 0 | AC30: =+AA30+AB30-Z30 -> 0
B31: 1111015 | C31: ชิฟฟ่อนเค้กสอดไส้เนย รสมะพร้าว (3 ชิ้น) | F31: =SUM(D31:E31) -> 0 | I31: =SUM(G31:H31) -> 0 | L31: =SUM(J31:K31) -> 0 | O31: =SUM(M31:N31) -> 0 | R31: =SUM(P31:Q31) -> 0 | U31: =SUM(S31:T31) -> 0 | X31: =SUM(V31:W31) -> 0 | Z31: =F31+I31+L31+O31+R31+U31+X31+Y31 -> 0 | AC31: =+AA31+AB31-Z31 -> 0
B32: 1111016 | C32: ชิฟฟ่อนเค้กสอดไส้เนย รสมะพร้าว (6 ชิ้น) | F32: =SUM(D32:E32) -> 0 | I32: =SUM(G32:H32) -> 0 | L32: =SUM(J32:K32) -> 0 | O32: =SUM(M32:N32) -> 0 | R32: =SUM(P32:Q32) -> 0 | U32: =SUM(S32:T32) -> 0 | X32: =SUM(V32:W32) -> 0 | Y32: 5 | Z32: =F32+I32+L32+O32+R32+U32+X32+Y32 -> 5 | AA32: 5 | AC32: =+AA32+AB32-Z32 -> 0
B33: 1111017 | C33: ชิฟฟ่อนเค้กสอดไส้แยม รสบลูเบอร์รี่ (3 ชิ้น) | F33: =SUM(D33:E33) -> 0 | I33: =SUM(G33:H33) -> 0 | L33: =SUM(J33:K33) -> 0 | O33: =SUM(M33:N33) -> 0 | R33: =SUM(P33:Q33) -> 0 | U33: =SUM(S33:T33) -> 0 | X33: =SUM(V33:W33) -> 0 | Z33: =F33+I33+L33+O33+R33+U33+X33+Y33 -> 0 | AC33: =+AA33+AB33-Z33 -> 0
B34: 1111018 | C34: ชิฟฟ่อนเค้กสอดไส้แยม รสบลูเบอร์รี่ (6 ชิ้น) | F34: =SUM(D34:E34) -> 0 | I34: =SUM(G34:H34) -> 0 | L34: =SUM(J34:K34) -> 0 | O34: =SUM(M34:N34) -> 0 | R34: =SUM(P34:Q34) -> 0 | U34: =SUM(S34:T34) -> 0 | X34: =SUM(V34:W34) -> 0 | Z34: =F34+I34+L34+O34+R34+U34+X34+Y34 -> 0 | AC34: =+AA34+AB34-Z34 -> 0
B35: 1111019 | C35: ชิฟฟ่อนเค้กหน้าฝอยทอง สอดไส้แยมส้ม (3 ชิ้น) | F35: =SUM(D35:E35) -> 0 | I35: =SUM(G35:H35) -> 0 | L35: =SUM(J35:K35) -> 0 | O35: =SUM(M35:N35) -> 0 | R35: =SUM(P35:Q35) -> 0 | U35: =SUM(S35:T35) -> 0 | X35: =SUM(V35:W35) -> 0 | Z35: =F35+I35+L35+O35+R35+U35+X35+Y35 -> 0 | AC35: =+AA35+AB35-Z35 -> 0
B36: 1111020 | C36: ชิฟฟ่อนเค้กหน้าฝอยทอง สอดไส้แยมส้ม (6 ชิ้น) | F36: =SUM(D36:E36) -> 0 | I36: =SUM(G36:H36) -> 0 | L36: =SUM(J36:K36) -> 0 | O36: =SUM(M36:N36) -> 0 | R36: =SUM(P36:Q36) -> 0 | U36: =SUM(S36:T36) -> 0 | X36: =SUM(V36:W36) -> 0 | Z36: =F36+I36+L36+O36+R36+U36+X36+Y36 -> 0 | AC36: =+AA36+AB36-Z36 -> 0
B37: 1111022 | C37: ชิฟฟ่อนเค้กสอดไส้แยม รสสตรอว์เบอร์รี (3 ชิ้น) | F37: =SUM(D37:E37) -> 0 | I37: =SUM(G37:H37) -> 0 | L37: =SUM(J37:K37) -> 0 | O37: =SUM(M37:N37) -> 0 | R37: =SUM(P37:Q37) -> 0 | U37: =SUM(S37:T37) -> 0 | X37: =SUM(V37:W37) -> 0 | Z37: =F37+I37+L37+O37+R37+U37+X37+Y37 -> 0 | AC37: =+AA37+AB37-Z37 -> 0
B38: 1111023 | C38: ชิฟฟ่อนเค้กสอดไส้แยม รสสตรอว์เบอร์รี (6 ชิ้น) | F38: =SUM(D38:E38) -> 0 | I38: =SUM(G38:H38) -> 0 | L38: =SUM(J38:K38) -> 0 | O38: =SUM(M38:N38) -> 0 | R38: =SUM(P38:Q38) -> 0 | U38: =SUM(S38:T38) -> 0 | X38: =SUM(V38:W38) -> 0 | Z38: =F38+I38+L38+O38+R38+U38+X38+Y38 -> 0 | AC38: =+AA38+AB38-Z38 -> 0
B39: 1111024 | C39: ชิฟฟ่อนเค้กสอดไส้แยม รสส้ม (3 ชิ้น) | F39: =SUM(D39:E39) -> 0 | I39: =SUM(G39:H39) -> 0 | L39: =SUM(J39:K39) -> 0 | O39: =SUM(M39:N39) -> 0 | R39: =SUM(P39:Q39) -> 0 | U39: =SUM(S39:T39) -> 0 | X39: =SUM(V39:W39) -> 0 | Z39: =F39+I39+L39+O39+R39+U39+X39+Y39 -> 0 | AC39: =+AA39+AB39-Z39 -> 0
B40: 1111025 | C40: ชิฟฟ่อนเค้กสอดไส้แยม รสส้ม (6 ชิ้น) | F40: =SUM(D40:E40) -> 0 | I40: =SUM(G40:H40) -> 0 | L40: =SUM(J40:K40) -> 0 | O40: =SUM(M40:N40) -> 0 | R40: =SUM(P40:Q40) -> 0 | U40: =SUM(S40:T40) -> 0 | X40: =SUM(V40:W40) -> 0 | Z40: =F40+I40+L40+O40+R40+U40+X40+Y40 -> 0 | AC40: =+AA40+AB40-Z40 -> 0
B41: 1111056 | C41: ชิฟฟอนรวมรสยอดฮิต 8 ชิ้น | F41: =SUM(D41:E41) -> 0 | G41: 1 | I41: =SUM(G41:H41) -> 1 | L41: =SUM(J41:K41) -> 0 | O41: =SUM(M41:N41) -> 0 | R41: =SUM(P41:Q41) -> 0 | U41: =SUM(S41:T41) -> 0 | X41: =SUM(V41:W41) -> 0 | Z41: =F41+I41+L41+O41+R41+U41+X41+Y41 -> 1 | AA41: 10 | AB41: 14 | AC41: =+AA41+AB41-Z41 -> 23
B42: 1111074 | C42: ชิฟฟอนไส้แยมแยกชิ้น มะพร้าว | F42: =SUM(D42:E42) -> 0 | G42: 8 | I42: =SUM(G42:H42) -> 8 | L42: =SUM(J42:K42) -> 0 | O42: =SUM(M42:N42) -> 0 | R42: =SUM(P42:Q42) -> 0 | U42: =SUM(S42:T42) -> 0 | X42: =SUM(V42:W42) -> 0 | Z42: =F42+I42+L42+O42+R42+U42+X42+Y42 -> 8 | AC42: =+AA42+AB42-Z42 -> -8
B43: 1111075 | C43: ชิฟฟอนไส้แยมแยกชิ้น สตอเบอรี่ | F43: =SUM(D43:E43) -> 0 | G43: 8 | I43: =SUM(G43:H43) -> 8 | L43: =SUM(J43:K43) -> 0 | O43: =SUM(M43:N43) -> 0 | R43: =SUM(P43:Q43) -> 0 | U43: =SUM(S43:T43) -> 0 | X43: =SUM(V43:W43) -> 0 | Z43: =F43+I43+L43+O43+R43+U43+X43+Y43 -> 8 | AC43: =+AA43+AB43-Z43 -> -8
B44: 1111076 | C44: ชิฟฟอนไส้แยมแยกชิ้น ส้ม | F44: =SUM(D44:E44) -> 0 | G44: 8 | I44: =SUM(G44:H44) -> 8 | L44: =SUM(J44:K44) -> 0 | O44: =SUM(M44:N44) -> 0 | R44: =SUM(P44:Q44) -> 0 | U44: =SUM(S44:T44) -> 0 | X44: =SUM(V44:W44) -> 0 | Z44: =F44+I44+L44+O44+R44+U44+X44+Y44 -> 8 | AC44: =+AA44+AB44-Z44 -> -8
B45: 1111077 | C45: ชิฟฟอนไส้แยมแยกชิ้น บลูเบอรี่ | F45: =SUM(D45:E45) -> 0 | G45: 8 | I45: =SUM(G45:H45) -> 8 | L45: =SUM(J45:K45) -> 0 | O45: =SUM(M45:N45) -> 0 | R45: =SUM(P45:Q45) -> 0 | U45: =SUM(S45:T45) -> 0 | X45: =SUM(V45:W45) -> 0 | Z45: =F45+I45+L45+O45+R45+U45+X45+Y45 -> 8 | AC45: =+AA45+AB45-Z45 -> -8
B46: 1111078 | C46: ชิฟฟอนไส้แยมแยกชิ้น นมชมพู | F46: =SUM(D46:E46) -> 0 | G46: 8 | I46: =SUM(G46:H46) -> 8 | L46: =SUM(J46:K46) -> 0 | O46: =SUM(M46:N46) -> 0 | R46: =SUM(P46:Q46) -> 0 | U46: =SUM(S46:T46) -> 0 | X46: =SUM(V46:W46) -> 0 | Z46: =F46+I46+L46+O46+R46+U46+X46+Y46 -> 8 | AC46: =+AA46+AB46-Z46 -> -8
B47: 1111079 | C47: ชิฟฟอนไส้แยมแยกชิ้น ชอคโกแลต | F47: =SUM(D47:E47) -> 0 | G47: 8 | I47: =SUM(G47:H47) -> 8 | L47: =SUM(J47:K47) -> 0 | O47: =SUM(M47:N47) -> 0 | R47: =SUM(P47:Q47) -> 0 | U47: =SUM(S47:T47) -> 0 | X47: =SUM(V47:W47) -> 0 | Z47: =F47+I47+L47+O47+R47+U47+X47+Y47 -> 8 | AC47: =+AA47+AB47-Z47 -> -8
B48: 1111080 | C48: ชิฟฟอนไส้แยมแยกชิ้น ฝอยทอง | F48: =SUM(D48:E48) -> 0 | G48: 8 | I48: =SUM(G48:H48) -> 8 | L48: =SUM(J48:K48) -> 0 | O48: =SUM(M48:N48) -> 0 | R48: =SUM(P48:Q48) -> 0 | U48: =SUM(S48:T48) -> 0 | X48: =SUM(V48:W48) -> 0 | Z48: =F48+I48+L48+O48+R48+U48+X48+Y48 -> 8 | AC48: =+AA48+AB48-Z48 -> -8
B49: 1111081 | C49: ชิฟฟอนไส้แยมแยกชิ้น วนิลา | F49: =SUM(D49:E49) -> 0 | G49: 8 | I49: =SUM(G49:H49) -> 8 | L49: =SUM(J49:K49) -> 0 | O49: =SUM(M49:N49) -> 0 | R49: =SUM(P49:Q49) -> 0 | U49: =SUM(S49:T49) -> 0 | X49: =SUM(V49:W49) -> 0 | Z49: =F49+I49+L49+O49+R49+U49+X49+Y49 -> 8 | AC49: =+AA49+AB49-Z49 -> -8
B50: 1111082 | C50: ชิฟฟอนไส้แยมแยกชิ้น ใบเตย | F50: =SUM(D50:E50) -> 0 | G50: 8 | I50: =SUM(G50:H50) -> 8 | L50: =SUM(J50:K50) -> 0 | O50: =SUM(M50:N50) -> 0 | R50: =SUM(P50:Q50) -> 0 | U50: =SUM(S50:T50) -> 0 | X50: =SUM(V50:W50) -> 0 | Z50: =F50+I50+L50+O50+R50+U50+X50+Y50 -> 8 | AC50: =+AA50+AB50-Z50 -> -8
B51: 1111083 | C51: ชิฟฟอนไส้แยมแยกชิ้น เมล่อน | F51: =SUM(D51:E51) -> 0 | G51: 8 | I51: =SUM(G51:H51) -> 8 | L51: =SUM(J51:K51) -> 0 | O51: =SUM(M51:N51) -> 0 | R51: =SUM(P51:Q51) -> 0 | U51: =SUM(S51:T51) -> 0 | X51: =SUM(V51:W51) -> 0 | Z51: =F51+I51+L51+O51+R51+U51+X51+Y51 -> 8 | AC51: =+AA51+AB51-Z51 -> -8
B52: 1112002 | C52: เค้กเบาหวิว รสกาแฟ (300 กรัม) | F52: =SUM(D52:E52) -> 0 | I52: =SUM(G52:H52) -> 0 | L52: =SUM(J52:K52) -> 0 | O52: =SUM(M52:N52) -> 0 | R52: =SUM(P52:Q52) -> 0 | U52: =SUM(S52:T52) -> 0 | X52: =SUM(V52:W52) -> 0 | Y52: 10 | Z52: =F52+I52+L52+O52+R52+U52+X52+Y52 -> 10 | AA52: 10 | AC52: =+AA52+AB52-Z52 -> 0
B53: 1112003 | C53: เค้กเบาหวิว รสกาแฟ (110 กรัม) | F53: =SUM(D53:E53) -> 0 | G53: 3 | I53: =SUM(G53:H53) -> 3 | J53: 1 | L53: =SUM(J53:K53) -> 1 | M53: 61 | O53: =SUM(M53:N53) -> 61 | R53: =SUM(P53:Q53) -> 0 | U53: =SUM(S53:T53) -> 0 | X53: =SUM(V53:W53) -> 0 | Y53: 2 | Z53: =F53+I53+L53+O53+R53+U53+X53+Y53 -> 67 | AA53: 62 | AB53: 81 | AC53: =+AA53+AB53-Z53 -> 76 | AD53: 45
B54: 1112004 | C54: เค้กเบาหวิว รสเนยนม (300 กรัม) | F54: =SUM(D54:E54) -> 0 | I54: =SUM(G54:H54) -> 0 | L54: =SUM(J54:K54) -> 0 | O54: =SUM(M54:N54) -> 0 | R54: =SUM(P54:Q54) -> 0 | U54: =SUM(S54:T54) -> 0 | X54: =SUM(V54:W54) -> 0 | Y54: 100 | Z54: =F54+I54+L54+O54+R54+U54+X54+Y54 -> 100 | AA54: 100 | AC54: =+AA54+AB54-Z54 -> 0
B55: 1112005 | C55: เค้กเบาหวิว รสเนยนม (110 กรัม) | F55: =SUM(D55:E55) -> 0 | G55: 2 | I55: =SUM(G55:H55) -> 2 | J55: 1 | L55: =SUM(J55:K55) -> 1 | M55: 61 | O55: =SUM(M55:N55) -> 61 | R55: =SUM(P55:Q55) -> 0 | U55: =SUM(S55:T55) -> 0 | X55: =SUM(V55:W55) -> 0 | Z55: =F55+I55+L55+O55+R55+U55+X55+Y55 -> 64 | AA55: 60 | AB55: 78 | AC55: =+AA55+AB55-Z55 -> 74 | AD55: 45
B56: 1112008 | C56: เค้กเบาหวิว รสมะพร้าวน้ำหอม (300 กรัม) | F56: =SUM(D56:E56) -> 0 | I56: =SUM(G56:H56) -> 0 | L56: =SUM(J56:K56) -> 0 | O56: =SUM(M56:N56) -> 0 | R56: =SUM(P56:Q56) -> 0 | U56: =SUM(S56:T56) -> 0 | X56: =SUM(V56:W56) -> 0 | Y56: 20 | Z56: =F56+I56+L56+O56+R56+U56+X56+Y56 -> 20 | AA56: 20 | AC56: =+AA56+AB56-Z56 -> 0
B57: 1112009 | C57: เค้กเบาหวิว รสมะพร้าวน้ำหอม (110 กรัม) | F57: =SUM(D57:E57) -> 0 | G57: 2 | I57: =SUM(G57:H57) -> 2 | J57: 1 | L57: =SUM(J57:K57) -> 1 | M57: 61 | O57: =SUM(M57:N57) -> 61 | R57: =SUM(P57:Q57) -> 0 | U57: =SUM(S57:T57) -> 0 | X57: =SUM(V57:W57) -> 0 | Y57: 5 | Z57: =F57+I57+L57+O57+R57+U57+X57+Y57 -> 69 | AA57: 65 | AB57: 68 | AC57: =+AA57+AB57-Z57 -> 64 | AD57: 45
B58: 1112010 | C58: เค้กเบาหวิว หน้าฝอยทอง (300 กรัม) | F58: =SUM(D58:E58) -> 0 | I58: =SUM(G58:H58) -> 0 | L58: =SUM(J58:K58) -> 0 | O58: =SUM(M58:N58) -> 0 | R58: =SUM(P58:Q58) -> 0 | U58: =SUM(S58:T58) -> 0 | X58: =SUM(V58:W58) -> 0 | Y58: 20 | Z58: =F58+I58+L58+O58+R58+U58+X58+Y58 -> 20 | AA58: 20 | AC58: =+AA58+AB58-Z58 -> 0
B59: 1112011 | C59: เค้กเบาหวิว หน้าฝอยทอง (110 กรัม) | F59: =SUM(D59:E59) -> 0 | G59: 2 | I59: =SUM(G59:H59) -> 2 | J59: 5 | L59: =SUM(J59:K59) -> 5 | M59: 61 | O59: =SUM(M59:N59) -> 61 | R59: =SUM(P59:Q59) -> 0 | U59: =SUM(S59:T59) -> 0 | X59: =SUM(V59:W59) -> 0 | Y59: 5 | Z59: =F59+I59+L59+O59+R59+U59+X59+Y59 -> 73 | AA59: 65 | AB59: 89 | AC59: =+AA59+AB59-Z59 -> 81 | AD59: 45
B60: 1112012 | C60: เค้กเบาหวิว รสเผือกหน้ามะพร้าวเผา (300 กรัม) | F60: =SUM(D60:E60) -> 0 | I60: =SUM(G60:H60) -> 0 | L60: =SUM(J60:K60) -> 0 | M60: 2 | O60: =SUM(M60:N60) -> 2 | R60: =SUM(P60:Q60) -> 0 | U60: =SUM(S60:T60) -> 0 | X60: =SUM(V60:W60) -> 0 | Z60: =F60+I60+L60+O60+R60+U60+X60+Y60 -> 2 | AB60: 40 | AC60: =+AA60+AB60-Z60 -> 38
B61: 1112013 | C61: เค้กเบาหวิว รสเผือกหน้ามะพร้าวเผา (110 กรัม) | F61: =SUM(D61:E61) -> 0 | G61: 3 | I61: =SUM(G61:H61) -> 3 | J61: 1 | L61: =SUM(J61:K61) -> 1 | M61: 57 | O61: =SUM(M61:N61) -> 57 | R61: =SUM(P61:Q61) -> 0 | U61: =SUM(S61:T61) -> 0 | X61: =SUM(V61:W61) -> 0 | Y61: 5 | Z61: =F61+I61+L61+O61+R61+U61+X61+Y61 -> 66 | AA61: 65 | AB61: 66 | AC61: =+AA61+AB61-Z61 -> 65 | AD61: 45
B62: 1112014 | C62: เค้กเบาหวิว รสกล้วยหอมหน้ามะพร้าวเผา (300 กรัม) | F62: =SUM(D62:E62) -> 0 | I62: =SUM(G62:H62) -> 0 | L62: =SUM(J62:K62) -> 0 | O62: =SUM(M62:N62) -> 0 | R62: =SUM(P62:Q62) -> 0 | U62: =SUM(S62:T62) -> 0 | X62: =SUM(V62:W62) -> 0 | Z62: =F62+I62+L62+O62+R62+U62+X62+Y62 -> 0 | AC62: =+AA62+AB62-Z62 -> 0
B63: 1112015 | C63: เค้กเบาหวิว รสกล้วยหอมหน้ามะพร้าวเผา (110 กรัม) | F63: =SUM(D63:E63) -> 0 | G63: 3 | I63: =SUM(G63:H63) -> 3 | J63: 1 | L63: =SUM(J63:K63) -> 1 | M63: 65 | O63: =SUM(M63:N63) -> 65 | R63: =SUM(P63:Q63) -> 0 | U63: =SUM(S63:T63) -> 0 | X63: =SUM(V63:W63) -> 0 | Z63: =F63+I63+L63+O63+R63+U63+X63+Y63 -> 69 | AA63: 60 | AB63: 69 | AC63: =+AA63+AB63-Z63 -> 60 | AD63: 45
B64: 1112017 | C64: เค้กเบาหวิว รสตาลหอม (110 กรัม) | F64: =SUM(D64:E64) -> 0 | I64: =SUM(G64:H64) -> 0 | L64: =SUM(J64:K64) -> 0 | O64: =SUM(M64:N64) -> 0 | R64: =SUM(P64:Q64) -> 0 | U64: =SUM(S64:T64) -> 0 | X64: =SUM(V64:W64) -> 0 | Z64: =F64+I64+L64+O64+R64+U64+X64+Y64 -> 0 | AC64: =+AA64+AB64-Z64 -> 0
B65: 1100003 | C65: เมอร์แรงค์ (กระปุก) | F65: =SUM(D65:E65) -> 0 | I65: =SUM(G65:H65) -> 0 | L65: =SUM(J65:K65) -> 0 | O65: =SUM(M65:N65) -> 0 | R65: =SUM(P65:Q65) -> 0 | U65: =SUM(S65:T65) -> 0 | X65: =SUM(V65:W65) -> 0 | Z65: =F65+I65+L65+O65+R65+U65+X65+Y65 -> 0 | AC65: =+AA65+AB65-Z65 -> 0
B66: 20039042 | C66: ขนมปังเนยนิ่ม 3 ชิ้น | F66: =SUM(D66:E66) -> 0 | I66: =SUM(G66:H66) -> 0 | L66: =SUM(J66:K66) -> 0 | M66: 21 | O66: =SUM(M66:N66) -> 21 | R66: =SUM(P66:Q66) -> 0 | U66: =SUM(S66:T66) -> 0 | X66: =SUM(V66:W66) -> 0 | Z66: =F66+I66+L66+O66+R66+U66+X66+Y66 -> 21 | AA66: 60 | AB66: 19 | AC66: =+AA66+AB66-Z66 -> 58
B67: 1114501 | C67: ครีมฮอร์นวนิลา เนยสด | F67: =SUM(D67:E67) -> 0 | G67: 7 | I67: =SUM(G67:H67) -> 7 | J67: 3 | L67: =SUM(J67:K67) -> 3 | M67: 26 | O67: =SUM(M67:N67) -> 26 | R67: =SUM(P67:Q67) -> 0 | U67: =SUM(S67:T67) -> 0 | X67: =SUM(V67:W67) -> 0 | Z67: =F67+I67+L67+O67+R67+U67+X67+Y67 -> 36 | AC67: =+AA67+AB67-Z67 -> -36 | AD67: 150
B68: 1114502 | C68: ครีมฮอร์นใบเตย เนยสด | F68: =SUM(D68:E68) -> 0 | G68: 1 | I68: =SUM(G68:H68) -> 1 | J68: 2 | L68: =SUM(J68:K68) -> 2 | M68: 26 | O68: =SUM(M68:N68) -> 26 | R68: =SUM(P68:Q68) -> 0 | U68: =SUM(S68:T68) -> 0 | X68: =SUM(V68:W68) -> 0 | Z68: =F68+I68+L68+O68+R68+U68+X68+Y68 -> 29 | AB68: 35 | AC68: =+AA68+AB68-Z68 -> 6 | AD68: 150
B69: 1114503 | C69: ครีมฮอร์นช็อคโกแลต เนยสด | F69: =SUM(D69:E69) -> 0 | G69: 1 | I69: =SUM(G69:H69) -> 1 | L69: =SUM(J69:K69) -> 0 | M69: 41 | O69: =SUM(M69:N69) -> 41 | R69: =SUM(P69:Q69) -> 0 | U69: =SUM(S69:T69) -> 0 | X69: =SUM(V69:W69) -> 0 | Z69: =F69+I69+L69+O69+R69+U69+X69+Y69 -> 42 | AB69: 16 | AC69: =+AA69+AB69-Z69 -> -26 | AD69: 150
B70: 1124021 | C70: ขนมปังแถว 430 g | D70: 3 | F70: =SUM(D70:E70) -> 3 | G70: 13 | I70: =SUM(G70:H70) -> 13 | L70: =SUM(J70:K70) -> 0 | M70: 16 | O70: =SUM(M70:N70) -> 16 | R70: =SUM(P70:Q70) -> 0 | U70: =SUM(S70:T70) -> 0 | X70: =SUM(V70:W70) -> 0 | Z70: =F70+I70+L70+O70+R70+U70+X70+Y70 -> 32 | AA70: 20 | AB70: 20 | AC70: =+AA70+AB70-Z70 -> 8 | AD70: 50
B71: 1005761 | C71: ขนมปังกรอบคาราเมล | F71: =SUM(D71:E71) -> 0 | I71: =SUM(G71:H71) -> 0 | L71: =SUM(J71:K71) -> 0 | O71: =SUM(M71:N71) -> 0 | R71: =SUM(P71:Q71) -> 0 | U71: =SUM(S71:T71) -> 0 | X71: =SUM(V71:W71) -> 0 | Z71: =F71+I71+L71+O71+R71+U71+X71+Y71 -> 0 | AC71: =+AA71+AB71-Z71 -> 0
B72: 1100001 | C72: พายสัปปะรด (1 ชิ้น) | F72: =SUM(D72:E72) -> 0 | I72: =SUM(G72:H72) -> 0 | L72: =SUM(J72:K72) -> 0 | O72: =SUM(M72:N72) -> 0 | R72: =SUM(P72:Q72) -> 0 | U72: =SUM(S72:T72) -> 0 | X72: =SUM(V72:W72) -> 0 | Z72: =F72+I72+L72+O72+R72+U72+X72+Y72 -> 0 | AC72: =+AA72+AB72-Z72 -> 0
B73: 1100002 | C73: พายสัปปะรด (1 กล่อง) | F73: =SUM(D73:E73) -> 0 | I73: =SUM(G73:H73) -> 0 | L73: =SUM(J73:K73) -> 0 | O73: =SUM(M73:N73) -> 0 | R73: =SUM(P73:Q73) -> 0 | U73: =SUM(S73:T73) -> 0 | X73: =SUM(V73:W73) -> 0 | Z73: =F73+I73+L73+O73+R73+U73+X73+Y73 -> 0 | AC73: =+AA73+AB73-Z73 -> 0
B74: 20052721 | C74: วรรณวนัชแซนวิซโบราณ 70g | F74: =SUM(D74:E74) -> 0 | I74: =SUM(G74:H74) -> 0 | L74: =SUM(J74:K74) -> 0 | O74: =SUM(M74:N74) -> 0 | R74: =SUM(P74:Q74) -> 0 | U74: =SUM(S74:T74) -> 0 | X74: =SUM(V74:W74) -> 0 | Z74: =F74+I74+L74+O74+R74+U74+X74+Y74 -> 0 | AC74: =+AA74+AB74-Z74 -> 0
B75: 1113170 | C75: ขนมเปี๊ยะถั่วฝอยทองไข่เค็ม 450 กรัม | F75: =SUM(D75:E75) -> 0 | I75: =SUM(G75:H75) -> 0 | L75: =SUM(J75:K75) -> 0 | M75: 4 | O75: =SUM(M75:N75) -> 4 | R75: =SUM(P75:Q75) -> 0 | U75: =SUM(S75:T75) -> 0 | X75: =SUM(V75:W75) -> 0 | Z75: =F75+I75+L75+O75+R75+U75+X75+Y75 -> 4 | AB75: 20 | AC75: =+AA75+AB75-Z75 -> 16
B76: 1113171 | C76: ขนมเปี๊ยะฟักถั่วไข่เค็ม 450 กรัม | F76: =SUM(D76:E76) -> 0 | I76: =SUM(G76:H76) -> 0 | J76: 1 | L76: =SUM(J76:K76) -> 1 | M76: 3 | O76: =SUM(M76:N76) -> 3 | R76: =SUM(P76:Q76) -> 0 | U76: =SUM(S76:T76) -> 0 | X76: =SUM(V76:W76) -> 0 | Z76: =F76+I76+L76+O76+R76+U76+X76+Y76 -> 4 | AB76: 22 | AC76: =+AA76+AB76-Z76 -> 18
B77: 1113172 | C77: ขนมเปี๊ยะเผือกฝอยทองไข่เค็ม 450 กรัม | F77: =SUM(D77:E77) -> 0 | I77: =SUM(G77:H77) -> 0 | L77: =SUM(J77:K77) -> 0 | O77: =SUM(M77:N77) -> 0 | R77: =SUM(P77:Q77) -> 0 | U77: =SUM(S77:T77) -> 0 | X77: =SUM(V77:W77) -> 0 | Z77: =F77+I77+L77+O77+R77+U77+X77+Y77 -> 0 | AC77: =+AA77+AB77-Z77 -> 0
B78: 1113173 | C78: ขนมเปี๊ยะงาดำฝอยทองไข่เค็ม 450 กรัม | F78: =SUM(D78:E78) -> 0 | I78: =SUM(G78:H78) -> 0 | L78: =SUM(J78:K78) -> 0 | M78: 3 | O78: =SUM(M78:N78) -> 3 | R78: =SUM(P78:Q78) -> 0 | U78: =SUM(S78:T78) -> 0 | X78: =SUM(V78:W78) -> 0 | Z78: =F78+I78+L78+O78+R78+U78+X78+Y78 -> 3 | AB78: 24 | AC78: =+AA78+AB78-Z78 -> 21
B79: 1200001 | C79: คอร์นเฟล็ค | F79: =SUM(D79:E79) -> 0 | I79: =SUM(G79:H79) -> 0 | L79: =SUM(J79:K79) -> 0 | O79: =SUM(M79:N79) -> 0 | R79: =SUM(P79:Q79) -> 0 | U79: =SUM(S79:T79) -> 0 | X79: =SUM(V79:W79) -> 0 | Y79: 5 | Z79: =F79+I79+L79+O79+R79+U79+X79+Y79 -> 5 | AA79: 5 | AC79: =+AA79+AB79-Z79 -> 0
B80: 1200002 | C80: ท๊อฟฟี่ถั่ว (กล่อง) | F80: =SUM(D80:E80) -> 0 | I80: =SUM(G80:H80) -> 0 | L80: =SUM(J80:K80) -> 0 | O80: =SUM(M80:N80) -> 0 | R80: =SUM(P80:Q80) -> 0 | U80: =SUM(S80:T80) -> 0 | X80: =SUM(V80:W80) -> 0 | Z80: =F80+I80+L80+O80+R80+U80+X80+Y80 -> 0 | AC80: =+AA80+AB80-Z80 -> 0
B81: 20054646 | C81: ปังพิซซ่า | F81: =SUM(D81:E81) -> 0 | I81: =SUM(G81:H81) -> 0 | L81: =SUM(J81:K81) -> 0 | O81: =SUM(M81:N81) -> 0 | R81: =SUM(P81:Q81) -> 0 | U81: =SUM(S81:T81) -> 0 | X81: =SUM(V81:W81) -> 0 | Z81: =F81+I81+L81+O81+R81+U81+X81+Y81 -> 0 | AC81: =+AA81+AB81-Z81 -> 0
B82: 300 | C82: เศษขนมปังปลา 5กก. | F82: =SUM(D82:E82) -> 0 | I82: =SUM(G82:H82) -> 0 | L82: =SUM(J82:K82) -> 0 | O82: =SUM(M82:N82) -> 0 | R82: =SUM(P82:Q82) -> 0 | U82: =SUM(S82:T82) -> 0 | X82: =SUM(V82:W82) -> 0 | Z82: =F82+I82+L82+O82+R82+U82+X82+Y82 -> 0 | AC82: =+AA82+AB82-Z82 -> 0
B83: 200 | C83: เศษขนมปังปลา 1 กก. | F83: =SUM(D83:E83) -> 0 | G83: 19 | I83: =SUM(G83:H83) -> 19 | J83: 6 | L83: =SUM(J83:K83) -> 6 | O83: =SUM(M83:N83) -> 0 | R83: =SUM(P83:Q83) -> 0 | U83: =SUM(S83:T83) -> 0 | X83: =SUM(V83:W83) -> 0 | Z83: =F83+I83+L83+O83+R83+U83+X83+Y83 -> 25 | AC83: =+AA83+AB83-Z83 -> -25
B84: 1111087 | C84: ชิฟฟอน 8 ชิ้น สตอเบอรี่ล้วน | F84: =SUM(D84:E84) -> 0 | I84: =SUM(G84:H84) -> 0 | L84: =SUM(J84:K84) -> 0 | O84: =SUM(M84:N84) -> 0 | R84: =SUM(P84:Q84) -> 0 | U84: =SUM(S84:T84) -> 0 | X84: =SUM(V84:W84) -> 0 | Z84: =SUM(D84:Y84) -> 0 | AC84: =+AA84+AB84-Z84 -> 0
C85: ชิฟฟอน 4 ชิ้น มะพร้าวล้วน | F85: =SUM(D85:E85) -> 0 | I85: =SUM(G85:H85) -> 0 | L85: =SUM(J85:K85) -> 0 | O85: =SUM(M85:N85) -> 0 | R85: =SUM(P85:Q85) -> 0 | U85: =SUM(S85:T85) -> 0 | X85: =SUM(V85:W85) -> 0 | Z85: =SUM(D85:Y85) -> 0 | AC85: =+AA85+AB85-Z85 -> 0
C86: ชิฟฟอน 4 ชิ้น กาแฟล้วน | F86: =SUM(D86:E86) -> 0 | I86: =SUM(G86:H86) -> 0 | L86: =SUM(J86:K86) -> 0 | O86: =SUM(M86:N86) -> 0 | R86: =SUM(P86:Q86) -> 0 | U86: =SUM(S86:T86) -> 0 | X86: =SUM(V86:W86) -> 0 | Z86: =SUM(D86:Y86) -> 0 | AC86: =+AA86+AB86-Z86 -> 0
C87: ชิฟฟอน 4 ชิ้น ชาเขียวล้วน | F87: =SUM(D87:E87) -> 0 | I87: =SUM(G87:H87) -> 0 | L87: =SUM(J87:K87) -> 0 | O87: =SUM(M87:N87) -> 0 | R87: =SUM(P87:Q87) -> 0 | U87: =SUM(S87:T87) -> 0 | X87: =SUM(V87:W87) -> 0 | Z87: =SUM(D87:Y87) -> 0 | AC87: =+AA87+AB87-Z87 -> 0
C88: ชิฟฟอน 4 ชิ้น ใบเตยล้วน | F88: =SUM(D88:E88) -> 0 | I88: =SUM(G88:H88) -> 0 | L88: =SUM(J88:K88) -> 0 | O88: =SUM(M88:N88) -> 0 | R88: =SUM(P88:Q88) -> 0 | U88: =SUM(S88:T88) -> 0 | X88: =SUM(V88:W88) -> 0 | Z88: =SUM(D88:Y88) -> 0 | AC88: =+AA88+AB88-Z88 -> 0
B89: 1111092 | C89: ชิฟฟอน 8 ชิ้น กล้วยหอม | F89: =SUM(D89:E89) -> 0 | I89: =SUM(G89:H89) -> 0 | L89: =SUM(J89:K89) -> 0 | O89: =SUM(M89:N89) -> 0 | R89: =SUM(P89:Q89) -> 0 | U89: =SUM(S89:T89) -> 0 | X89: =SUM(V89:W89) -> 0 | Z89: =SUM(D89:Y89) -> 0 | AC89: =+AA89+AB89-Z89 -> 0
B90: 1111093 | C90: ชิฟฟอน 8 ชิ้น โกโก้ล้วน | F90: =SUM(D90:E90) -> 0 | I90: =SUM(G90:H90) -> 0 | L90: =SUM(J90:K90) -> 0 | O90: =SUM(M90:N90) -> 0 | R90: =SUM(P90:Q90) -> 0 | U90: =SUM(S90:T90) -> 0 | X90: =SUM(V90:W90) -> 0 | Z90: =SUM(D90:Y90) -> 0 | AC90: =+AA90+AB90-Z90 -> 0
B91: 1111088 | C91: ชิฟฟอน 8 ชิ้น ส้มล้วน | F91: =SUM(D91:E91) -> 0 | I91: =SUM(G91:H91) -> 0 | L91: =SUM(J91:K91) -> 0 | O91: =SUM(M91:N91) -> 0 | R91: =SUM(P91:Q91) -> 0 | U91: =SUM(S91:T91) -> 0 | X91: =SUM(V91:W91) -> 0 | Z91: =SUM(D91:Y91) -> 0 | AC91: =+AA91+AB91-Z91 -> 0
B92: 1111089 | C92: ชิฟฟอน 8 ชิ้น เนยล้วน | F92: =SUM(D92:E92) -> 0 | I92: =SUM(G92:H92) -> 0 | L92: =SUM(J92:K92) -> 0 | O92: =SUM(M92:N92) -> 0 | R92: =SUM(P92:Q92) -> 0 | U92: =SUM(S92:T92) -> 0 | X92: =SUM(V92:W92) -> 0 | Z92: =SUM(D92:Y92) -> 0 | AC92: =+AA92+AB92-Z92 -> 0
B93: 1111094 | C93: ชิฟฟอน 8 ชิ้น ชาไทยล้วน | F93: =SUM(D93:E93) -> 0 | I93: =SUM(G93:H93) -> 0 | L93: =SUM(J93:K93) -> 0 | O93: =SUM(M93:N93) -> 0 | R93: =SUM(P93:Q93) -> 0 | U93: =SUM(S93:T93) -> 0 | X93: =SUM(V93:W93) -> 0 | Z93: =SUM(D93:Y93) -> 0 | AC93: =+AA93+AB93-Z93 -> 0
B94: 1111095 | C94: ชิฟฟอน 8 ชิ้น ชาเขียวล้วน | F94: =SUM(D94:E94) -> 0 | I94: =SUM(G94:H94) -> 0 | L94: =SUM(J94:K94) -> 0 | O94: =SUM(M94:N94) -> 0 | R94: =SUM(P94:Q94) -> 0 | U94: =SUM(S94:T94) -> 0 | X94: =SUM(V94:W94) -> 0 | Z94: =SUM(D94:Y94) -> 0 | AC94: =+AA94+AB94-Z94 -> 0
B95: 1111091 | C95: ชิฟฟอน 8 ชิ้น ใบเตยล้วน | F95: =SUM(D95:E95) -> 0 | I95: =SUM(G95:H95) -> 0 | L95: =SUM(J95:K95) -> 0 | O95: =SUM(M95:N95) -> 0 | R95: =SUM(P95:Q95) -> 0 | U95: =SUM(S95:T95) -> 0 | X95: =SUM(V95:W95) -> 0 | Z95: =SUM(D95:Y95) -> 0 | AC95: =+AA95+AB95-Z95 -> 0
B96: 1111086 | C96: ชิฟฟอน 8 ชิ้น มะพร้าวล้วน | F96: =SUM(D96:E96) -> 0 | I96: =SUM(G96:H96) -> 0 | L96: =SUM(J96:K96) -> 0 | O96: =SUM(M96:N96) -> 0 | R96: =SUM(P96:Q96) -> 0 | U96: =SUM(S96:T96) -> 0 | X96: =SUM(V96:W96) -> 0 | Z96: =SUM(D96:Y96) -> 0 | AC96: =+AA96+AB96-Z96 -> 0
B97: 20059548 | C97: มินบันไก่หยอง | F97: =SUM(D97:E97) -> 0 | I97: =SUM(G97:H97) -> 0 | L97: =SUM(J97:K97) -> 0 | O97: =SUM(M97:N97) -> 0 | R97: =SUM(P97:Q97) -> 0 | U97: =SUM(S97:T97) -> 0 | X97: =SUM(V97:W97) -> 0 | Z97: =SUM(D97:Y97) -> 0 | AC97: =+AA97+AB97-Z97 -> 0
B98: 1100044 | C98: หมี่กรอบโบราณ | F98: =SUM(D98:E98) -> 0 | I98: =SUM(G98:H98) -> 0 | L98: =SUM(J98:K98) -> 0 | O98: =SUM(M98:N98) -> 0 | R98: =SUM(P98:Q98) -> 0 | U98: =SUM(S98:T98) -> 0 | X98: =SUM(V98:W98) -> 0 | Z98: =SUM(D98:Y98) -> 0 | AC98: =+AA98+AB98-Z98 -> 0
B99: 1100045 | C99: ชิฟฟ่อนขนุน | F99: =SUM(D99:E99) -> 0 | I99: =SUM(G99:H99) -> 0 | L99: =SUM(J99:K99) -> 0 | O99: =SUM(M99:N99) -> 0 | R99: =SUM(P99:Q99) -> 0 | U99: =SUM(S99:T99) -> 0 | X99: =SUM(V99:W99) -> 0 | Z99: =SUM(D99:Y99) -> 0 | AC99: =+AA99+AB99-Z99 -> 0
B100: ยอดรวม | D100: =+D4+D5+D6+D7+D8+D9+D10+D11+D12+D13+D14+D15+D16+D17+D18+D19+D20+D21+D22+D23+D24+D25+D26+D27+D28+D29+D30+D31+D32+D33+D34+D35+D36+D37+D38+D39+D40+D41+D42+D43+D44+D45+D46+D47+D48+D49+D50+D51+D52+D53+D54+D55+D56+D57+D58+D59+D60+D61+D62+D63+D64+D65+D66+D67+D68+D69+D70+D71+D72+D73+D74+D75+D76+D77+D78+D79+D80+D81+D82+D83+D84+D85+D86+D87+D88+D89+D90+D91+D92+D93+D94+D95+D96+D97+D98+D99 -> 3 | E100: =+E4+E5+E6+E7+E8+E9+E10+E11+E12+E13+E14+E15+E16+E17+E18+E19+E20+E21+E22+E23+E24+E25+E26+E27+E28+E29+E30+E31+E32+E33+E34+E35+E36+E37+E38+E39+E40+E41+E42+E43+E44+E45+E46+E47+E48+E49+E50+E51+E52+E53+E54+E55+E56+E57+E58+E59+E60+E61+E62+E63+E64+E65+E66+E67+E68+E69+E70+E71+E72+E73+E74+E75+E76+E77+E78+E79+E80+E81+E82+E83+E84+E85+E86+E87+E88+E89+E90+E91+E92+E93+E94+E95+E96+E97+E98+E99 -> 0 | F100: =+F4+F5+F6+F7+F8+F9+F10+F11+F12+F13+F14+F15+F16+F17+F18+F19+F20+F21+F22+F23+F24+F25+F26+F27+F28+F29+F30+F31+F32+F33+F34+F35+F36+F37+F38+F39+F40+F41+F42+F43+F44+F45+F46+F47+F48+F49+F50+F51+F52+F53+F54+F55+F56+F57+F58+F59+F60+F61+F62+F63+F64+F65+F66+F67+F68+F69+F70+F71+F72+F73+F74+F75+F76+F77+F78+F79+F80+F81+F82+F83+F84+F85+F86+F87+F88+F89+F90+F91+F92+F93+F94+F95+F96+F97+F98+F99 -> 3 | G100: =+G4+G5+G6+G7+G8+G9+G10+G11+G12+G13+G14+G15+G16+G17+G18+G19+G20+G21+G22+G23+G24+G25+G26+G27+G28+G29+G30+G31+G32+G33+G34+G35+G36+G37+G38+G39+G40+G41+G42+G43+G44+G45+G46+G47+G48+G49+G50+G51+G52+G53+G54+G55+G56+G57+G58+G59+G60+G61+G62+G63+G64+G65+G66+G67+G68+G69+G70+G71+G72+G73+G74+G75+G76+G77+G78+G79+G80+G81+G82+G83+G84+G85+G86+G87+G88+G89+G90+G91+G92+G93+G94+G95+G96+G97+G98+G99 -> 196 | H100: =+H4+H5+H6+H7+H8+H9+H10+H11+H12+H13+H14+H15+H16+H17+H18+H19+H20+H21+H22+H23+H24+H25+H26+H27+H28+H29+H30+H31+H32+H33+H34+H35+H36+H37+H38+H39+H40+H41+H42+H43+H44+H45+H46+H47+H48+H49+H50+H51+H52+H53+H54+H55+H56+H57+H58+H59+H60+H61+H62+H63+H64+H65+H66+H67+H68+H69+H70+H71+H72+H73+H74+H75+H76+H77+H78+H79+H80+H81+H82+H83+H84+H85+H86+H87+H88+H89+H90+H91+H92+H93+H94+H95+H96+H97+H98+H99 -> 0 | I100: =+I4+I5+I6+I7+I8+I9+I10+I11+I12+I13+I14+I15+I16+I17+I18+I19+I20+I21+I22+I23+I24+I25+I26+I27+I28+I29+I30+I31+I32+I33+I34+I35+I36+I37+I38+I39+I40+I41+I42+I43+I44+I45+I46+I47+I48+I49+I50+I51+I52+I53+I54+I55+I56+I57+I58+I59+I60+I61+I62+I63+I64+I65+I66+I67+I68+I69+I70+I71+I72+I73+I74+I75+I76+I77+I78+I79+I80+I81+I82+I83+I84+I85+I86+I87+I88+I89+I90+I91+I92+I93+I94+I95+I96+I97+I98+I99 -> 196 | J100: =+J4+J5+J6+J7+J8+J9+J10+J11+J12+J13+J14+J15+J16+J17+J18+J19+J20+J21+J22+J23+J24+J25+J26+J27+J28+J29+J30+J31+J32+J33+J34+J35+J36+J37+J38+J39+J40+J41+J42+J43+J44+J45+J46+J47+J48+J49+J50+J51+J52+J53+J54+J55+J56+J57+J58+J59+J60+J61+J62+J63+J64+J65+J66+J67+J68+J69+J70+J71+J72+J73+J74+J75+J76+J77+J78+J79+J80+J81+J82+J83+J84+J85+J86+J87+J88+J89+J90+J91+J92+J93+J94+J95+J96+J97+J98+J99 -> 32 | K100: =+K4+K5+K6+K7+K8+K9+K10+K11+K12+K13+K14+K15+K16+K17+K18+K19+K20+K21+K22+K23+K24+K25+K26+K27+K28+K29+K30+K31+K32+K33+K34+K35+K36+K37+K38+K39+K40+K41+K42+K43+K44+K45+K46+K47+K48+K49+K50+K51+K52+K53+K54+K55+K56+K57+K58+K59+K60+K61+K62+K63+K64+K65+K66+K67+K68+K69+K70+K71+K72+K73+K74+K75+K76+K77+K78+K79+K80+K81+K82+K83+K84+K85+K86+K87+K88+K89+K90+K91+K92+K93+K94+K95+K96+K97+K98+K99 -> 0 | ... Y100: =+Y4+Y5+Y6+Y7+Y8+Y9+Y10+Y11+Y12+Y13+Y14+Y15+Y16+Y17+Y18+Y19+Y20+Y21+Y22+Y23+Y24+Y25+Y26+Y27+Y28+Y29+Y30+Y31+Y32+Y33+Y34+Y35+Y36+Y37+Y38+Y39+Y40+Y41+Y42+Y43+Y44+Y45+Y46+Y47+Y48+Y49+Y50+Y51+Y52+Y53+Y54+Y55+Y56+Y57+Y58+Y59+Y60+Y61+Y62+Y63+Y64+Y65+Y66+Y67+Y68+Y69+Y70+Y71+Y72+Y73+Y74+Y75+Y76+Y77+Y78+Y79+Y80+Y81+Y82+Y83+Y84+Y85+Y86+Y87+Y88+Y89+Y90+Y91+Y92+Y93+Y94+Y95+Y96+Y97+Y98+Y99 -> 203 | Z100: =SUM(Z4:Z99) -> 993 | AA100: =+AA4+AA5+AA6+AA7+AA8+AA9+AA10+AA11+AA12+AA13+AA14+AA15+AA16+AA17+AA18+AA19+AA20+AA21+AA22+AA23+AA24+AA25+AA26+AA27+AA28+AA29+AA30+AA31+AA32+AA33+AA34+AA35+AA36+AA37+AA38+AA39+AA40+AA41+AA42+AA43+AA44+AA45+AA46+AA47+AA48+AA49+AA50+AA51+AA52+AA53+AA54+AA55+AA56+AA57+AA58+AA59+AA60+AA61+AA62+AA63+AA64+AA65+AA66+AA67+AA68+AA69+AA70+AA71+AA72+AA73+AA74+AA75+AA76+AA77+AA78+AA79+AA80+AA81+AA82+AA83+AA84+AA85+AA86+AA87+AA88+AA89+AA90+AA91+AA92+AA93+AA94+AA95+AA96+AA97+AA98+AA99 -> 828 | AB100: =+AB4+AB5+AB6+AB7+AB8+AB9+AB10+AB11+AB12+AB13+AB14+AB15+AB16+AB17+AB18+AB19+AB20+AB21+AB22+AB23+AB24+AB25+AB26+AB27+AB28+AB29+AB30+AB31+AB32+AB33+AB34+AB35+AB36+AB37+AB38+AB39+AB40+AB41+AB42+AB43+AB44+AB45+AB46+AB47+AB48+AB49+AB50+AB51+AB52+AB53+AB54+AB55+AB56+AB57+AB58+AB59+AB60+AB61+AB62+AB63+AB64+AB65+AB66+AB67+AB68+AB69+AB70+AB71+AB72+AB73+AB74+AB75+AB76+AB77+AB78+AB79+AB80+AB81+AB82+AB83+AB84+AB85+AB86+AB87+AB88+AB89+AB90+AB91+AB92+AB93+AB94+AB95+AB96+AB97+AB98+AB99 -> 713 | AC100: =+AC4+AC5+AC6+AC7+AC8+AC9+AC10+AC11+AC12+AC13+AC14+AC15+AC16+AC17+AC18+AC19+AC20+AC21+AC22+AC23+AC24+AC25+AC26+AC27+AC28+AC29+AC30+AC31+AC32+AC33+AC34+AC35+AC36+AC37+AC38+AC39+AC40+AC41+AC42+AC43+AC44+AC45+AC46+AC47+AC48+AC49+AC50+AC51+AC52+AC53+AC54+AC55+AC56+AC57+AC58+AC59+AC60+AC61+AC62+AC63+AC64+AC65+AC66+AC67+AC68+AC69+AC70+AC71+AC72+AC73+AC74+AC75+AC76+AC77+AC78+AC79+AC80+AC81+AC82+AC83+AC84+AC85+AC86+AC87+AC88+AC89+AC90+AC91+AC92+AC93+AC94+AC95+AC96+AC97+AC98+AC99 -> 548 | AD100: =+AD4+AD5+AD6+AD7+AD8+AD9+AD10+AD11+AD12+AD13+AD14+AD15+AD16+AD17+AD18+AD19+AD20+AD21+AD22+AD23+AD24+AD25+AD26+AD27+AD28+AD29+AD30+AD31+AD32+AD33+AD34+AD35+AD36+AD37+AD38+AD39+AD40+AD41+AD42+AD43+AD44+AD45+AD46+AD47+AD48+AD49+AD50+AD51+AD52+AD53+AD54+AD55+AD56+AD57+AD58+AD59+AD60+AD61+AD62+AD63+AD64+AD65+AD66+AD67+AD68+AD69+AD70+AD71+AD72+AD73+AD74+AD75+AD76+AD77+AD78+AD79+AD80+AD81+AD82+AD83+AD84+AD85+AD86+AD87+AD88+AD89+AD90+AD91+AD92+AD93+AD94+AD95+AD96+AD97+AD98+AD99 -> 945
...

Sheet 21.08.2568
B1: ยอดจริง ออนไลน์ วันที่ 21/8/2568
B2: รหัสสินค้า | C2: สินค้า | D2: ปณ | G2: ชอปปี้ | J2: ลาซาด้า | M2: ติ๊กตอก | P2: ติ๊กตอก2 | S2: ติ๊กตอก3 | V2: ชอยส์ | Y2: ยอดเส้น | Z2: ยอดรวมผลิต(กล่อง) | AA2: ยอดForcast | AB2: ยอดStock | AC2: ยอดMemo | AD2: ยอดForcastวันพรุ่งนี้
D3: เช้า | E3: บ่าย | F3: รวม | G3: เช้า | H3: บ่าย | I3: รวม | J3: เช้า | K3: บ่าย | L3: รวม | M3: เช้า | N3: บ่าย | O3: รวม | P3: เช้า | Q3: บ่าย | R3: รวม | S3: เช้า | T3: บ่าย | U3: รวม | V3: เช้า | W3: บ่าย | X3: รวม
B4: 1004055 | C4: ชิฟฟ่อนเค้ก วรรณวนัช (รวมรส 4 ชิ้น) | F4: =SUM(D4:E4) -> 0 | G4: 1 | I4: =SUM(G4:H4) -> 1 | L4: =SUM(J4:K4) -> 0 | M4: 30 | O4: =SUM(M4:N4) -> 30 | R4: =SUM(P4:Q4) -> 0 | U4: =SUM(S4:T4) -> 0 | X4: =SUM(V4:W4) -> 0 | Z4: =F4+I4+L4+O4+R4+U4+X4+Y4 -> 31 | AB4: 54 | AC4: =+AA4+AB4-Z4 -> 23
B5: 1111002 | C5: ชิฟฟ่อนเค้ก วรรณวนัช (รวมรส 8 ชิ้น) | D5: 2 | F5: =SUM(D5:E5) -> 2 | G5: 26 | I5: =SUM(G5:H5) -> 26 | J5: 18 | L5: =SUM(J5:K5) -> 18 | M5: 24 | O5: =SUM(M5:N5) -> 24 | R5: =SUM(P5:Q5) -> 0 | U5: =SUM(S5:T5) -> 0 | X5: =SUM(V5:W5) -> 0 | Y5: 2 | Z5: =F5+I5+L5+O5+R5+U5+X5+Y5 -> 72 | AC5: =+AA5+AB5-Z5 -> -72
B6: 1111055 | C6: วรรณวนัช ชิฟฟ่อนรวมรส 8 ชิ้น | F6: =SUM(D6:E6) -> 0 | I6: =SUM(G6:H6) -> 0 | L6: =SUM(J6:K6) -> 0 | O6: =SUM(M6:N6) -> 0 | R6: =SUM(P6:Q6) -> 0 | U6: =SUM(S6:T6) -> 0 | X6: =SUM(V6:W6) -> 0 | Z6: =F6+I6+L6+O6+R6+U6+X6+Y6 -> 0 | AC6: =+AA6+AB6-Z6 -> 0
B7: 1111084 | C7: ชิฟฟ่อนเค้ก รสกาแฟ (8 ชิ้น) | F7: =SUM(D7:E7) -> 0 | I7: =SUM(G7:H7) -> 0 | L7: =SUM(J7:K7) -> 0 | O7: =SUM(M7:N7) -> 0 | R7: =SUM(P7:Q7) -> 0 | U7: =SUM(S7:T7) -> 0 | X7: =SUM(V7:W7) -> 0 | Z7: =F7+I7+L7+O7+R7+U7+X7+Y7 -> 0 | AC7: =+AA7+AB7-Z7 -> 0
B8: 1111043 | C8: ชิฟฟอนรสมะลิ 8 ชิ้น ห่อ ซีน | F8: =SUM(D8:E8) -> 0 | I8: =SUM(G8:H8) -> 0 | L8: =SUM(J8:K8) -> 0 | O8: =SUM(M8:N8) -> 0 | R8: =SUM(P8:Q8) -> 0 | U8: =SUM(S8:T8) -> 0 | X8: =SUM(V8:W8) -> 0 | Z8: =F8+I8+L8+O8+R8+U8+X8+Y8 -> 0 | AC8: =+AA8+AB8-Z8 -> 0
B9: 1111057 | C9: ชิฟฟอนแยกชิ้น กาแฟ | F9: =SUM(D9:E9) -> 0 | G9: 22 | I9: =SUM(G9:H9) -> 22 | L9: =SUM(J9:K9) -> 0 | O9: =SUM(M9:N9) -> 0 | R9: =SUM(P9:Q9) -> 0 | U9: =SUM(S9:T9) -> 0 | X9: =SUM(V9:W9) -> 0 | Z9: =F9+I9+L9+O9+R9+U9+X9+Y9 -> 22 | AC9: =+AA9+AB9-Z9 -> -22
B10: 1111058 | C10: ชิฟฟอนแยกชิ้น มะลิ | F10: =SUM(D10:E10) -> 0 | G10: 22 | I10: =SUM(G10:H10) -> 22 | L10: =SUM(J10:K10) -> 0 | O10: =SUM(M10:N10) -> 0 | R10: =SUM(P10:Q10) -> 0 | U10: =SUM(S10:T10) -> 0 | X10: =SUM(V10:W10) -> 0 | Z10: =F10+I10+L10+O10+R10+U10+X10+Y10 -> 22 | AC10: =+AA10+AB10-Z10 -> -22
B11: 1111059 | C11: ชิฟฟอนแยกชิ้น ใบเตย | F11: =SUM(D11:E11) -> 0 | G11: 22 | I11: =SUM(G11:H11) -> 22 | L11: =SUM(J11:K11) -> 0 | O11: =SUM(M11:N11) -> 0 | R11: =SUM(P11:Q11) -> 0 | U11: =SUM(S11:T11) -> 0 | X11: =SUM(V11:W11) -> 0 | Z11: =F11+I11+L11+O11+R11+U11+X11+Y11 -> 22 | AC11: =+AA11+AB11-Z11 -> -22
B12: 1111060 | C12: ชิฟฟอนแยกชิ้น กล้วยหอม | F12: =SUM(D12:E12) -> 0 | G12: 22 | I12: =SUM(G12:H12) -> 22 | L12: =SUM(J12:K12) -> 0 | O12: =SUM(M12:N12) -> 0 | R12: =SUM(P12:Q12) -> 0 | U12: =SUM(S12:T12) -> 0 | X12: =SUM(V12:W12) -> 0 | Z12: =F12+I12+L12+O12+R12+U12+X12+Y12 -> 22 | AC12: =+AA12+AB12-Z12 -> -22
B13: 1111061 | C13: ชิฟฟอนแยกชิ้น ชาไทย | F13: =SUM(D13:E13) -> 0 | G13: 22 | I13: =SUM(G13:H13) -> 22 | L13: =SUM(J13:K13) -> 0 | O13: =SUM(M13:N13) -> 0 | R13: =SUM(P13:Q13) -> 0 | U13: =SUM(S13:T13) -> 0 | X13: =SUM(V13:W13) -> 0 | Z13: =F13+I13+L13+O13+R13+U13+X13+Y13 -> 22 | AC13: =+AA13+AB13-Z13 -> -22
B14: 1111062 | C14: ชิฟฟอนแยกชิ้น โกโก้ | F14: =SUM(D14:E14) -> 0 | G14: 22 | I14: =SUM(G14:H14) -> 22 | L14: =SUM(J14:K14) -> 0 | O14: =SUM(M14:N14) -> 0 | R14: =SUM(P14:Q14) -> 0 | U14: =SUM(S14:T14) -> 0 | X14: =SUM(V14:W14) -> 0 | Z14: =F14+I14+L14+O14+R14+U14+X14+Y14 -> 22 | AC14: =+AA14+AB14-Z14 -> -22
B15: 1111063 | C15: ชิฟฟอนแยกชิ้น ส้ม | F15: =SUM(D15:E15) -> 0 | G15: 22 | I15: =SUM(G15:H15) -> 22 | L15: =SUM(J15:K15) -> 0 | O15: =SUM(M15:N15) -> 0 | R15: =SUM(P15:Q15) -> 0 | U15: =SUM(S15:T15) -> 0 | X15: =SUM(V15:W15) -> 0 | Z15: =F15+I15+L15+O15+R15+U15+X15+Y15 -> 22 | AC15: =+AA15+AB15-Z15 -> -22
B16: 1111064 | C16: ชิฟฟอนแยกชิ้น เผือก | F16: =SUM(D16:E16) -> 0 | G16: 22 | I16: =SUM(G16:H16) -> 22 | L16: =SUM(J16:K16) -> 0 | O16: =SUM(M16:N16) -> 0 | R16: =SUM(P16:Q16) -> 0 | U16: =SUM(S16:T16) -> 0 | X16: =SUM(V16:W16) -> 0 | Z16: =F16+I16+L16+O16+R16+U16+X16+Y16 -> 22 | AC16: =+AA16+AB16-Z16 -> -22
B17: 1111065 | C17: ชิฟฟอนแยกชิ้น สับปะรด | F17: =SUM(D17:E17) -> 0 | G17: 22 | I17: =SUM(G17:H17) -> 22 | L17: =SUM(J17:K17) -> 0 | O17: =SUM(M17:N17) -> 0 | R17: =SUM(P17:Q17) -> 0 | U17: =SUM(S17:T17) -> 0 | X17: =SUM(V17:W17) -> 0 | Z17: =F17+I17+L17+O17+R17+U17+X17+Y17 -> 22 | AC17: =+AA17+AB17-Z17 -> -22
B18: 1111066 | C18: ชิฟฟอนแยกชิ้น สตอเบอรี่ | F18: =SUM(D18:E18) -> 0 | G18: 22 | I18: =SUM(G18:H18) -> 22 | L18: =SUM(J18:K18) -> 0 | O18: =SUM(M18:N18) -> 0 | R18: =SUM(P18:Q18) -> 0 | U18: =SUM(S18:T18) -> 0 | X18: =SUM(V18:W18) -> 0 | Z18: =F18+I18+L18+O18+R18+U18+X18+Y18 -> 22 | AC18: =+AA18+AB18-Z18 -> -22
B19: 1111067 | C19: ชิฟฟอนแยกชิ้น มะพร้าว | F19: =SUM(D19:E19) -> 0 | I19: =SUM(G19:H19) -> 0 | L19: =SUM(J19:K19) -> 0 | O19: =SUM(M19:N19) -> 0 | R19: =SUM(P19:Q19) -> 0 | U19: =SUM(S19:T19) -> 0 | X19: =SUM(V19:W19) -> 0 | Z19: =F19+I19+L19+O19+R19+U19+X19+Y19 -> 0 | AC19: =+AA19+AB19-Z19 -> 0
B20: 1111068 | C20: ชิฟฟอนแยกชิ้น เนย | F20: =SUM(D20:E20) -> 0 | I20: =SUM(G20:H20) -> 0 | L20: =SUM(J20:K20) -> 0 | O20: =SUM(M20:N20) -> 0 | R20: =SUM(P20:Q20) -> 0 | U20: =SUM(S20:T20) -> 0 | X20: =SUM(V20:W20) -> 0 | Z20: =F20+I20+L20+O20+R20+U20+X20+Y20 -> 0 | AC20: =+AA20+AB20-Z20 -> 0
B21: 1111069 | C21: ชิฟฟอนแยกชิ้น บลูเบอรี่ | F21: =SUM(D21:E21) -> 0 | I21: =SUM(G21:H21) -> 0 | L21: =SUM(J21:K21) -> 0 | O21: =SUM(M21:N21) -> 0 | R21: =SUM(P21:Q21) -> 0 | U21: =SUM(S21:T21) -> 0 | X21: =SUM(V21:W21) -> 0 | Z21: =F21+I21+L21+O21+R21+U21+X21+Y21 -> 0 | AC21: =+AA21+AB21-Z21 -> 0
B22: 1111070 | C22: ชิฟฟอนแยกชิ้น ทุเรียน | F22: =SUM(D22:E22) -> 0 | I22: =SUM(G22:H22) -> 0 | L22: =SUM(J22:K22) -> 0 | O22: =SUM(M22:N22) -> 0 | R22: =SUM(P22:Q22) -> 0 | U22: =SUM(S22:T22) -> 0 | X22: =SUM(V22:W22) -> 0 | Z22: =F22+I22+L22+O22+R22+U22+X22+Y22 -> 0 | AC22: =+AA22+AB22-Z22 -> 0
B23: 1111071 | C23: ชิฟฟอนแยกชิ้น ตาล | F23: =SUM(D23:E23) -> 0 | I23: =SUM(G23:H23) -> 0 | L23: =SUM(J23:K23) -> 0 | O23: =SUM(M23:N23) -> 0 | R23: =SUM(P23:Q23) -> 0 | U23: =SUM(S23:T23) -> 0 | X23: =SUM(V23:W23) -> 0 | Z23: =F23+I23+L23+O23+R23+U23+X23+Y23 -> 0 | AC23: =+AA23+AB23-Z23 -> 0
B24: 1111010 | C24: ชิฟฟ่อนเค้กสอดไส้แยม (1 ชิ้น) แยมสับปะรด | F24: =SUM(D24:E24) -> 0 | I24: =SUM(G24:H24) -> 0 | L24: =SUM(J24:K24) -> 0 | O24: =SUM(M24:N24) -> 0 | R24: =SUM(P24:Q24) -> 0 | U24: =SUM(S24:T24) -> 0 | X24: =SUM(V24:W24) -> 0 | Z24: =F24+I24+L24+O24+R24+U24+X24+Y24 -> 0 | AC24: =+AA24+AB24-Z24 -> 0
B25: 1111008 | C25: ชิฟฟ่อนเค้ก สอดไส้ (รวมรส 3 ชิ้น) | F25: =SUM(D25:E25) -> 0 | I25: =SUM(G25:H25) -> 0 | L25: =SUM(J25:K25) -> 0 | M25: 51 | O25: =SUM(M25:N25) -> 51 | R25: =SUM(P25:Q25) -> 0 | U25: =SUM(S25:T25) -> 0 | X25: =SUM(V25:W25) -> 0 | Z25: =F25+I25+L25+O25+R25+U25+X25+Y25 -> 51 | AB25: 28 | AC25: =+AA25+AB25-Z25 -> -23
B26: 1111009 | C26: ชิฟฟ่อนเค้ก สอดไส้ (รวมรส 6 ชิ้น) | D26: 2 | F26: =SUM(D26:E26) -> 2 | G26: 5 | I26: =SUM(G26:H26) -> 5 | J26: 1 | L26: =SUM(J26:K26) -> 1 | M26: 2 | O26: =SUM(M26:N26) -> 2 | R26: =SUM(P26:Q26) -> 0 | U26: =SUM(S26:T26) -> 0 | X26: =SUM(V26:W26) -> 0 | Z26: =F26+I26+L26+O26+R26+U26+X26+Y26 -> 10 | AB26: 23 | AC26: =+AA26+AB26-Z26 -> 13
B27: 1111011 | C27: ชิฟฟ่อนเค้กสอดไส้ นมชมพูฮอกไกโด (3 ชิ้น) | F27: =SUM(D27:E27) -> 0 | I27: =SUM(G27:H27) -> 0 | L27: =SUM(J27:K27) -> 0 | O27: =SUM(M27:N27) -> 0 | R27: =SUM(P27:Q27) -> 0 | U27: =SUM(S27:T27) -> 0 | X27: =SUM(V27:W27) -> 0 | Z27: =F27+I27+L27+O27+R27+U27+X27+Y27 -> 0 | AC27: =+AA27+AB27-Z27 -> 0
B28: 1111012 | C28: ชิฟฟ่อนเค้กสอดไส้ นมชมพูฮอกไกโด (6 ชิ้น) | F28: =SUM(D28:E28) -> 0 | I28: =SUM(G28:H28) -> 0 | L28: =SUM(J28:K28) -> 0 | O28: =SUM(M28:N28) -> 0 | R28: =SUM(P28:Q28) -> 0 | U28: =SUM(S28:T28) -> 0 | X28: =SUM(V28:W28) -> 0 | Z28: =F28+I28+L28+O28+R28+U28+X28+Y28 -> 0 | AC28: =+AA28+AB28-Z28 -> 0
B29: 1111013 | C29: ชิฟฟ่อนเค้กสอดไส้ ช็อคโกแลตนูเทลล่า (3 ชิ้น) | F29: =SUM(D29:E29) -> 0 | I29: =SUM(G29:H29) -> 0 | L29: =SUM(J29:K29) -> 0 | O29: =SUM(M29:N29) -> 0 | R29: =SUM(P29:Q29) -> 0 | U29: =SUM(S29:T29) -> 0 | X29: =SUM(V29:W29) -> 0 | Z29: =F29+I29+L29+O29+R29+U29+X29+Y29 -> 0 | AC29: =+AA29+AB29-Z29 -> 0
B30: 1111014 | C30: ชิฟฟ่อนเค้กสอดไส้ ช็อคโกแลตนูเทลล่า (6 ชิ้น) | F30: =SUM(D30:E30) -> 0 | I30: =SUM(G30:H30) -> 0 | L30: =SUM(J30:K30) -> 0 | O30: =SUM(M30:N30) -> 0 | R30: =SUM(P30:Q30) -> 0 | U30: =SUM(S30:T30) -> 0 | X30: =SUM(V30:W30) -> 0 | Z30: =F30+I30+L30+O30+R30+U30+X30+Y30 -> 0 | AC30: =+AA30+AB30-Z30 -> 0
B31: 1111015 | C31: ชิฟฟ่อนเค้กสอดไส้เนย รสมะพร้าว (3 ชิ้น) | F31: =SUM(D31:E31) -> 0 | I31: =SUM(G31:H31) -> 0 | L31: =SUM(J31:K31) -> 0 | O31: =SUM(M31:N31) -> 0 | R31: =SUM(P31:Q31) -> 0 | U31: =SUM(S31:T31) -> 0 | X31: =SUM(V31:W31) -> 0 | Z31: =F31+I31+L31+O31+R31+U31+X31+Y31 -> 0 | AC31: =+AA31+AB31-Z31 -> 0
B32: 1111016 | C32: ชิฟฟ่อนเค้กสอดไส้เนย รสมะพร้าว (6 ชิ้น) | F32: =SUM(D32:E32) -> 0 | I32: =SUM(G32:H32) -> 0 | L32: =SUM(J32:K32) -> 0 | O32: =SUM(M32:N32) -> 0 | R32: =SUM(P32:Q32) -> 0 | U32: =SUM(S32:T32) -> 0 | X32: =SUM(V32:W32) -> 0 | Z32: =F32+I32+L32+O32+R32+U32+X32+Y32 -> 0 | AC32: =+AA32+AB32-Z32 -> 0
B33: 1111017 | C33: ชิฟฟ่อนเค้กสอดไส้แยม รสบลูเบอร์รี่ (3 ชิ้น) | F33: =SUM(D33:E33) -> 0 | I33: =SUM(G33:H33) -> 0 | L33: =SUM(J33:K33) -> 0 | O33: =SUM(M33:N33) -> 0 | R33: =SUM(P33:Q33) -> 0 | U33: =SUM(S33:T33) -> 0 | X33: =SUM(V33:W33) -> 0 | Z33: =F33+I33+L33+O33+R33+U33+X33+Y33 -> 0 | AC33: =+AA33+AB33-Z33 -> 0
B34: 1111018 | C34: ชิฟฟ่อนเค้กสอดไส้แยม รสบลูเบอร์รี่ (6 ชิ้น) | F34: =SUM(D34:E34) -> 0 | I34: =SUM(G34:H34) -> 0 | L34: =SUM(J34:K34) -> 0 | O34: =SUM(M34:N34) -> 0 | R34: =SUM(P34:Q34) -> 0 | U34: =SUM(S34:T34) -> 0 | X34: =SUM(V34:W34) -> 0 | Z34: =F34+I34+L34+O34+R34+U34+X34+Y34 -> 0 | AC34: =+AA34+AB34-Z34 -> 0
B35: 1111019 | C35: ชิฟฟ่อนเค้กหน้าฝอยทอง สอดไส้แยมส้ม (3 ชิ้น) | F35: =SUM(D35:E35) -> 0 | I35: =SUM(G35:H35) -> 0 | L35: =SUM(J35:K35) -> 0 | O35: =SUM(M35:N35) -> 0 | R35: =SUM(P35:Q35) -> 0 | U35: =SUM(S35:T35) -> 0 | X35: =SUM(V35:W35) -> 0 | Z35: =F35+I35+L35+O35+R35+U35+X35+Y35 -> 0 | AC35: =+AA35+AB35-Z35 -> 0
B36: 1111020 | C36: ชิฟฟ่อนเค้กหน้าฝอยทอง สอดไส้แยมส้ม (6 ชิ้น) | F36: =SUM(D36:E36) -> 0 | I36: =SUM(G36:H36) -> 0 | L36: =SUM(J36:K36) -> 0 | O36: =SUM(M36:N36) -> 0 | R36: =SUM(P36:Q36) -> 0 | U36: =SUM(S36:T36) -> 0 | X36: =SUM(V36:W36) -> 0 | Z36: =F36+I36+L36+O36+R36+U36+X36+Y36 -> 0 | AC36: =+AA36+AB36-Z36 -> 0
B37: 1111022 | C37: ชิฟฟ่อนเค้กสอดไส้แยม รสสตรอว์เบอร์รี (3 ชิ้น) | F37: =SUM(D37:E37) -> 0 | I37: =SUM(G37:H37) -> 0 | L37: =SUM(J37:K37) -> 0 | O37: =SUM(M37:N37) -> 0 | R37: =SUM(P37:Q37) -> 0 | U37: =SUM(S37:T37) -> 0 | X37: =SUM(V37:W37) -> 0 | Z37: =F37+I37+L37+O37+R37+U37+X37+Y37 -> 0 | AC37: =+AA37+AB37-Z37 -> 0
B38: 1111023 | C38: ชิฟฟ่อนเค้กสอดไส้แยม รสสตรอว์เบอร์รี (6 ชิ้น) | F38: =SUM(D38:E38) -> 0 | I38: =SUM(G38:H38) -> 0 | L38: =SUM(J38:K38) -> 0 | O38: =SUM(M38:N38) -> 0 | R38: =SUM(P38:Q38) -> 0 | U38: =SUM(S38:T38) -> 0 | X38: =SUM(V38:W38) -> 0 | Z38: =F38+I38+L38+O38+R38+U38+X38+Y38 -> 0 | AC38: =+AA38+AB38-Z38 -> 0
... B40: 1111025 | C40: ชิฟฟ่อนเค้กสอดไส้แยม รสส้ม (6 ชิ้น) | F40: =SUM(D40:E40) -> 0 | I40: =SUM(G40:H40) -> 0 | L40: =SUM(J40:K40) -> 0 | O40: =SUM(M40:N40) -> 0 | R40: =SUM(P40:Q40) -> 0 | U40: =SUM(S40:T40) -> 0 | X40: =SUM(V40:W40) -> 0 | Z40: =F40+I40+L40+O40+R40+U40+X40+Y40 -> 0 | AC40: =+AA40+AB40-Z40 -> 0
B41: 1111056 | C41: ชิฟฟอนรวมรสยอดฮิต 8 ชิ้น | D41: 7 | F41: =SUM(D41:E41) -> 7 | G41: 9 | I41: =SUM(G41:H41) -> 9 | J41: 1 | L41: =SUM(J41:K41) -> 1 | O41: =SUM(M41:N41) -> 0 | R41: =SUM(P41:Q41) -> 0 | U41: =SUM(S41:T41) -> 0 | X41: =SUM(V41:W41) -> 0 | Z41: =F41+I41+L41+O41+R41+U41+X41+Y41 -> 17 | AB41: 13 | AC41: =+AA41+AB41-Z41 -> -4
B42: 1111074 | C42: ชิฟฟอนไส้แยมแยกชิ้น มะพร้าว | F42: =SUM(D42:E42) -> 0 | G42: 8 | I42: =SUM(G42:H42) -> 8 | L42: =SUM(J42:K42) -> 0 | O42: =SUM(M42:N42) -> 0 | R42: =SUM(P42:Q42) -> 0 | U42: =SUM(S42:T42) -> 0 | X42: =SUM(V42:W42) -> 0 | Z42: =F42+I42+L42+O42+R42+U42+X42+Y42 -> 8 | AC42: =+AA42+AB42-Z42 -> -8
B43: 1111075 | C43: ชิฟฟอนไส้แยมแยกชิ้น สตอเบอรี่ | F43: =SUM(D43:E43) -> 0 | G43: 8 | I43: =SUM(G43:H43) -> 8 | L43: =SUM(J43:K43) -> 0 | O43: =SUM(M43:N43) -> 0 | R43: =SUM(P43:Q43) -> 0 | U43: =SUM(S43:T43) -> 0 | X43: =SUM(V43:W43) -> 0 | Z43: =F43+I43+L43+O43+R43+U43+X43+Y43 -> 8 | AC43: =+AA43+AB43-Z43 -> -8
B44: 1111076 | C44: ชิฟฟอนไส้แยมแยกชิ้น ส้ม | F44: =SUM(D44:E44) -> 0 | G44: 8 | I44: =SUM(G44:H44) -> 8 | L44: =SUM(J44:K44) -> 0 | O44: =SUM(M44:N44) -> 0 | R44: =SUM(P44:Q44) -> 0 | U44: =SUM(S44:T44) -> 0 | X44: =SUM(V44:W44) -> 0 | Z44: =F44+I44+L44+O44+R44+U44+X44+Y44 -> 8 | AC44: =+AA44+AB44-Z44 -> -8
B45: 1111077 | C45: ชิฟฟอนไส้แยมแยกชิ้น บลูเบอรี่ | F45: =SUM(D45:E45) -> 0 | G45: 8 | I45: =SUM(G45:H45) -> 8 | L45: =SUM(J45:K45) -> 0 | O45: =SUM(M45:N45) -> 0 | R45: =SUM(P45:Q45) -> 0 | U45: =SUM(S45:T45) -> 0 | X45: =SUM(V45:W45) -> 0 | Z45: =F45+I45+L45+O45+R45+U45+X45+Y45 -> 8 | AC45: =+AA45+AB45-Z45 -> -8
B46: 1111078 | C46: ชิฟฟอนไส้แยมแยกชิ้น นมชมพู | F46: =SUM(D46:E46) -> 0 | G46: 8 | I46: =SUM(G46:H46) -> 8 | L46: =SUM(J46:K46) -> 0 | O46: =SUM(M46:N46) -> 0 | R46: =SUM(P46:Q46) -> 0 | U46: =SUM(S46:T46) -> 0 | X46: =SUM(V46:W46) -> 0 | Z46: =F46+I46+L46+O46+R46+U46+X46+Y46 -> 8 | AC46: =+AA46+AB46-Z46 -> -8
B47: 1111079 | C47: ชิฟฟอนไส้แยมแยกชิ้น ชอคโกแลต | F47: =SUM(D47:E47) -> 0 | G47: 8 | I47: =SUM(G47:H47) -> 8 | L47: =SUM(J47:K47) -> 0 | O47: =SUM(M47:N47) -> 0 | R47: =SUM(P47:Q47) -> 0 | U47: =SUM(S47:T47) -> 0 | X47: =SUM(V47:W47) -> 0 | Z47: =F47+I47+L47+O47+R47+U47+X47+Y47 -> 8 | AC47: =+AA47+AB47-Z47 -> -8
B48: 1111080 | C48: ชิฟฟอนไส้แยมแยกชิ้น ฝอยทอง | F48: =SUM(D48:E48) -> 0 | G48: 8 | I48: =SUM(G48:H48) -> 8 | L48: =SUM(J48:K48) -> 0 | O48: =SUM(M48:N48) -> 0 | R48: =SUM(P48:Q48) -> 0 | U48: =SUM(S48:T48) -> 0 | X48: =SUM(V48:W48) -> 0 | Z48: =F48+I48+L48+O48+R48+U48+X48+Y48 -> 8 | AC48: =+AA48+AB48-Z48 -> -8
B49: 1111081 | C49: ชิฟฟอนไส้แยมแยกชิ้น วนิลา | F49: =SUM(D49:E49) -> 0 | G49: 8 | I49: =SUM(G49:H49) -> 8 | L49: =SUM(J49:K49) -> 0 | O49: =SUM(M49:N49) -> 0 | R49: =SUM(P49:Q49) -> 0 | U49: =SUM(S49:T49) -> 0 | X49: =SUM(V49:W49) -> 0 | Z49: =F49+I49+L49+O49+R49+U49+X49+Y49 -> 8 | AC49: =+AA49+AB49-Z49 -> -8
B50: 1111082 | C50: ชิฟฟอนไส้แยมแยกชิ้น ใบเตย | F50: =SUM(D50:E50) -> 0 | G50: 8 | I50: =SUM(G50:H50) -> 8 | L50: =SUM(J50:K50) -> 0 | O50: =SUM(M50:N50) -> 0 | R50: =SUM(P50:Q50) -> 0 | U50: =SUM(S50:T50) -> 0 | X50: =SUM(V50:W50) -> 0 | Z50: =F50+I50+L50+O50+R50+U50+X50+Y50 -> 8 | AC50: =+AA50+AB50-Z50 -> -8
B51: 1111083 | C51: ชิฟฟอนไส้แยมแยกชิ้น เมล่อน | F51: =SUM(D51:E51) -> 0 | G51: 8 | I51: =SUM(G51:H51) -> 8 | L51: =SUM(J51:K51) -> 0 | O51: =SUM(M51:N51) -> 0 | R51: =SUM(P51:Q51) -> 0 | U51: =SUM(S51:T51) -> 0 | X51: =SUM(V51:W51) -> 0 | Z51: =F51+I51+L51+O51+R51+U51+X51+Y51 -> 8 | AC51: =+AA51+AB51-Z51 -> -8
B52: 1112002 | C52: เค้กเบาหวิว รสกาแฟ (300 กรัม) | F52: =SUM(D52:E52) -> 0 | I52: =SUM(G52:H52) -> 0 | L52: =SUM(J52:K52) -> 0 | O52: =SUM(M52:N52) -> 0 | R52: =SUM(P52:Q52) -> 0 | U52: =SUM(S52:T52) -> 0 | X52: =SUM(V52:W52) -> 0 | Z52: =F52+I52+L52+O52+R52+U52+X52+Y52 -> 0 | AC52: =+AA52+AB52-Z52 -> 0
B53: 1112003 | C53: เค้กเบาหวิว รสกาแฟ (110 กรัม) | D53: 2 | F53: =SUM(D53:E53) -> 2 | G53: 1 | I53: =SUM(G53:H53) -> 1 | J53: 1 | L53: =SUM(J53:K53) -> 1 | M53: 80 | O53: =SUM(M53:N53) -> 80 | R53: =SUM(P53:Q53) -> 0 | U53: =SUM(S53:T53) -> 0 | X53: =SUM(V53:W53) -> 0 | Z53: =F53+I53+L53+O53+R53+U53+X53+Y53 -> 84 | AB53: 70 | AC53: =+AA53+AB53-Z53 -> -14
B54: 1112004 | C54: เค้กเบาหวิว รสเนยนม (300 กรัม) | F54: =SUM(D54:E54) -> 0 | I54: =SUM(G54:H54) -> 0 | L54: =SUM(J54:K54) -> 0 | O54: =SUM(M54:N54) -> 0 | R54: =SUM(P54:Q54) -> 0 | U54: =SUM(S54:T54) -> 0 | X54: =SUM(V54:W54) -> 0 | Z54: =F54+I54+L54+O54+R54+U54+X54+Y54 -> 0 | AC54: =+AA54+AB54-Z54 -> 0
B55: 1112005 | C55: เค้กเบาหวิว รสเนยนม (110 กรัม) | D55: 2 | F55: =SUM(D55:E55) -> 2 | G55: 1 | I55: =SUM(G55:H55) -> 1 | J55: 1 | L55: =SUM(J55:K55) -> 1 | M55: 81 | O55: =SUM(M55:N55) -> 81 | R55: =SUM(P55:Q55) -> 0 | U55: =SUM(S55:T55) -> 0 | X55: =SUM(V55:W55) -> 0 | Z55: =F55+I55+L55+O55+R55+U55+X55+Y55 -> 85 | AB55: 67 | AC55: =+AA55+AB55-Z55 -> -18
B56: 1112008 | C56: เค้กเบาหวิว รสมะพร้าวน้ำหอม (300 กรัม) | F56: =SUM(D56:E56) -> 0 | I56: =SUM(G56:H56) -> 0 | L56: =SUM(J56:K56) -> 0 | O56: =SUM(M56:N56) -> 0 | R56: =SUM(P56:Q56) -> 0 | U56: =SUM(S56:T56) -> 0 | X56: =SUM(V56:W56) -> 0 | Z56: =F56+I56+L56+O56+R56+U56+X56+Y56 -> 0 | AC56: =+AA56+AB56-Z56 -> 0
B57: 1112009 | C57: เค้กเบาหวิว รสมะพร้าวน้ำหอม (110 กรัม) | D57: 4 | F57: =SUM(D57:E57) -> 4 | G57: 1 | I57: =SUM(G57:H57) -> 1 | J57: 1 | L57: =SUM(J57:K57) -> 1 | M57: 80 | O57: =SUM(M57:N57) -> 80 | R57: =SUM(P57:Q57) -> 0 | U57: =SUM(S57:T57) -> 0 | X57: =SUM(V57:W57) -> 0 | Z57: =F57+I57+L57+O57+R57+U57+X57+Y57 -> 86 | AB57: 67 | AC57: =+AA57+AB57-Z57 -> -19
B58: 1112010 | C58: เค้กเบาหวิว หน้าฝอยทอง (300 กรัม) | F58: =SUM(D58:E58) -> 0 | I58: =SUM(G58:H58) -> 0 | L58: =SUM(J58:K58) -> 0 | O58: =SUM(M58:N58) -> 0 | R58: =SUM(P58:Q58) -> 0 | U58: =SUM(S58:T58) -> 0 | X58: =SUM(V58:W58) -> 0 | Z58: =F58+I58+L58+O58+R58+U58+X58+Y58 -> 0 | AC58: =+AA58+AB58-Z58 -> 0
B59: 1112011 | C59: เค้กเบาหวิว หน้าฝอยทอง (110 กรัม) | D59: 9 | F59: =SUM(D59:E59) -> 9 | G59: 1 | I59: =SUM(G59:H59) -> 1 | J59: 3 | L59: =SUM(J59:K59) -> 3 | M59: 80 | O59: =SUM(M59:N59) -> 80 | R59: =SUM(P59:Q59) -> 0 | U59: =SUM(S59:T59) -> 0 | X59: =SUM(V59:W59) -> 0 | Z59: =F59+I59+L59+O59+R59+U59+X59+Y59 -> 93 | AB59: 78 | AC59: =+AA59+AB59-Z59 -> -15
B60: 1112012 | C60: เค้กเบาหวิว รสเผือกหน้ามะพร้าวเผา (300 กรัม) | F60: =SUM(D60:E60) -> 0 | I60: =SUM(G60:H60) -> 0 | L60: =SUM(J60:K60) -> 0 | M60: 1 | O60: =SUM(M60:N60) -> 1 | R60: =SUM(P60:Q60) -> 0 | U60: =SUM(S60:T60) -> 0 | X60: =SUM(V60:W60) -> 0 | Z60: =F60+I60+L60+O60+R60+U60+X60+Y60 -> 1 | AB60: 22 | AC60: =+AA60+AB60-Z60 -> 21
B61: 1112013 | C61: เค้กเบาหวิว รสเผือกหน้ามะพร้าวเผา (110 กรัม) | D61: 2 | F61: =SUM(D61:E61) -> 2 | G61: 1 | I61: =SUM(G61:H61) -> 1 | J61: 1 | L61: =SUM(J61:K61) -> 1 | M61: 80 | O61: =SUM(M61:N61) -> 80 | R61: =SUM(P61:Q61) -> 0 | U61: =SUM(S61:T61) -> 0 | X61: =SUM(V61:W61) -> 0 | Z61: =F61+I61+L61+O61+R61+U61+X61+Y61 -> 84 | AB61: 6 | AC61: =+AA61+AB61-Z61 -> -78
B62: 1112014 | C62: เค้กเบาหวิว รสกล้วยหอมหน้ามะพร้าวเผา (300 กรัม) | F62: =SUM(D62:E62) -> 0 | I62: =SUM(G62:H62) -> 0 | L62: =SUM(J62:K62) -> 0 | O62: =SUM(M62:N62) -> 0 | R62: =SUM(P62:Q62) -> 0 | U62: =SUM(S62:T62) -> 0 | X62: =SUM(V62:W62) -> 0 | Z62: =F62+I62+L62+O62+R62+U62+X62+Y62 -> 0 | AC62: =+AA62+AB62-Z62 -> 0
B63: 1112015 | C63: เค้กเบาหวิว รสกล้วยหอมหน้ามะพร้าวเผา (110 กรัม) | D63: 1 | F63: =SUM(D63:E63) -> 1 | G63: 1 | I63: =SUM(G63:H63) -> 1 | J63: 1 | L63: =SUM(J63:K63) -> 1 | M63: 80 | O63: =SUM(M63:N63) -> 80 | R63: =SUM(P63:Q63) -> 0 | U63: =SUM(S63:T63) -> 0 | X63: =SUM(V63:W63) -> 0 | Z63: =F63+I63+L63+O63+R63+U63+X63+Y63 -> 83 | AB63: 6 | AC63: =+AA63+AB63-Z63 -> -77
B64: 1112017 | C64: เค้กเบาหวิว รสตาลหอม (110 กรัม) | F64: =SUM(D64:E64) -> 0 | I64: =SUM(G64:H64) -> 0 | L64: =SUM(J64:K64) -> 0 | O64: =SUM(M64:N64) -> 0 | R64: =SUM(P64:Q64) -> 0 | U64: =SUM(S64:T64) -> 0 | X64: =SUM(V64:W64) -> 0 | Z64: =F64+I64+L64+O64+R64+U64+X64+Y64 -> 0 | AC64: =+AA64+AB64-Z64 -> 0
B65: 1100003 | C65: เมอร์แรงค์ (กระปุก) | F65: =SUM(D65:E65) -> 0 | I65: =SUM(G65:H65) -> 0 | L65: =SUM(J65:K65) -> 0 | O65: =SUM(M65:N65) -> 0 | R65: =SUM(P65:Q65) -> 0 | U65: =SUM(S65:T65) -> 0 | X65: =SUM(V65:W65) -> 0 | Z65: =F65+I65+L65+O65+R65+U65+X65+Y65 -> 0 | AC65: =+AA65+AB65-Z65 -> 0
B66: 20039042 | C66: ขนมปังเนยนิ่ม 3 ชิ้น | F66: =SUM(D66:E66) -> 0 | I66: =SUM(G66:H66) -> 0 | L66: =SUM(J66:K66) -> 0 | M66: 24 | O66: =SUM(M66:N66) -> 24 | R66: =SUM(P66:Q66) -> 0 | U66: =SUM(S66:T66) -> 0 | X66: =SUM(V66:W66) -> 0 | Z66: =F66+I66+L66+O66+R66+U66+X66+Y66 -> 24 | AB66: 70 | AC66: =+AA66+AB66-Z66 -> 46
B67: 1114501 | C67: ครีมฮอร์นวนิลา เนยสด | D67: 9 | F67: =SUM(D67:E67) -> 9 | G67: 17 | I67: =SUM(G67:H67) -> 17 | L67: =SUM(J67:K67) -> 0 | M67: 143 | O67: =SUM(M67:N67) -> 143 | R67: =SUM(P67:Q67) -> 0 | U67: =SUM(S67:T67) -> 0 | X67: =SUM(V67:W67) -> 0 | Z67: =F67+I67+L67+O67+R67+U67+X67+Y67 -> 169 | AB67: 144 | AC67: =+AA67+AB67-Z67 -> -25
B68: 1114502 | C68: ครีมฮอร์นใบเตย เนยสด | D68: 3 | F68: =SUM(D68:E68) -> 3 | G68: 16 | I68: =SUM(G68:H68) -> 16 | L68: =SUM(J68:K68) -> 0 | M68: 143 | O68: =SUM(M68:N68) -> 143 | R68: =SUM(P68:Q68) -> 0 | U68: =SUM(S68:T68) -> 0 | X68: =SUM(V68:W68) -> 0 | Z68: =F68+I68+L68+O68+R68+U68+X68+Y68 -> 162 | AB68: 190 | AC68: =+AA68+AB68-Z68 -> 28
B69: 1114503 | C69: ครีมฮอร์นช็อคโกแลต เนยสด | F69: =SUM(D69:E69) -> 0 | G69: 16 | I69: =SUM(G69:H69) -> 16 | L69: =SUM(J69:K69) -> 0 | M69: 143 | O69: =SUM(M69:N69) -> 143 | R69: =SUM(P69:Q69) -> 0 | U69: =SUM(S69:T69) -> 0 | X69: =SUM(V69:W69) -> 0 | Z69: =F69+I69+L69+O69+R69+U69+X69+Y69 -> 159 | AB69: 153 | AC69: =+AA69+AB69-Z69 -> -6
B70: 1124021 | C70: ขนมปังแถว 430 g | F70: =SUM(D70:E70) -> 0 | G70: 9 | I70: =SUM(G70:H70) -> 9 | J70: 6 | L70: =SUM(J70:K70) -> 6 | M70: 37 | O70: =SUM(M70:N70) -> 37 | R70: =SUM(P70:Q70) -> 0 | U70: =SUM(S70:T70) -> 0 | X70: =SUM(V70:W70) -> 0 | Z70: =F70+I70+L70+O70+R70+U70+X70+Y70 -> 52 | AB70: 6 | AC70: =+AA70+AB70-Z70 -> -46
B71: 1005761 | C71: ขนมปังกรอบคาราเมล | F71: =SUM(D71:E71) -> 0 | I71: =SUM(G71:H71) -> 0 | L71: =SUM(J71:K71) -> 0 | O71: =SUM(M71:N71) -> 0 | R71: =SUM(P71:Q71) -> 0 | U71: =SUM(S71:T71) -> 0 | X71: =SUM(V71:W71) -> 0 | Z71: =F71+I71+L71+O71+R71+U71+X71+Y71 -> 0 | AC71: =+AA71+AB71-Z71 -> 0
B72: 1100001 | C72: พายสัปปะรด (1 ชิ้น) | F72: =SUM(D72:E72) -> 0 | I72: =SUM(G72:H72) -> 0 | L72: =SUM(J72:K72) -> 0 | O72: =SUM(M72:N72) -> 0 | R72: =SUM(P72:Q72) -> 0 | U72: =SUM(S72:T72) -> 0 | X72: =SUM(V72:W72) -> 0 | Z72: =F72+I72+L72+O72+R72+U72+X72+Y72 -> 0 | AC72: =+AA72+AB72-Z72 -> 0
B73: 1100002 | C73: พายสัปปะรด (1 กล่อง) | F73: =SUM(D73:E73) -> 0 | I73: =SUM(G73:H73) -> 0 | L73: =SUM(J73:K73) -> 0 | O73: =SUM(M73:N73) -> 0 | R73: =SUM(P73:Q73) -> 0 | U73: =SUM(S73:T73) -> 0 | X73: =SUM(V73:W73) -> 0 | Z73: =F73+I73+L73+O73+R73+U73+X73+Y73 -> 0 | AC73: =+AA73+AB73-Z73 -> 0
B74: 20052721 | C74: วรรณวนัชแซนวิซโบราณ 70g | F74: =SUM(D74:E74) -> 0 | I74: =SUM(G74:H74) -> 0 | L74: =SUM(J74:K74) -> 0 | O74: =SUM(M74:N74) -> 0 | R74: =SUM(P74:Q74) -> 0 | U74: =SUM(S74:T74) -> 0 | X74: =SUM(V74:W74) -> 0 | Z74: =F74+I74+L74+O74+R74+U74+X74+Y74 -> 0 | AC74: =+AA74+AB74-Z74 -> 0
B75: 1113170 | C75: ขนมเปี๊ยะถั่วฝอยทองไข่เค็ม 450 กรัม | D75: 16 | F75: =SUM(D75:E75) -> 16 | I75: =SUM(G75:H75) -> 0 | L75: =SUM(J75:K75) -> 0 | O75: =SUM(M75:N75) -> 0 | R75: =SUM(P75:Q75) -> 0 | U75: =SUM(S75:T75) -> 0 | X75: =SUM(V75:W75) -> 0 | Z75: =F75+I75+L75+O75+R75+U75+X75+Y75 -> 16 | AB75: 16 | AC75: =+AA75+AB75-Z75 -> 0
B76: 1113171 | C76: ขนมเปี๊ยะฟักถั่วไข่เค็ม 450 กรัม | D76: 18 | F76: =SUM(D76:E76) -> 18 | I76: =SUM(G76:H76) -> 0 | L76: =SUM(J76:K76) -> 0 | M76: 1 | O76: =SUM(M76:N76) -> 1 | R76: =SUM(P76:Q76) -> 0 | U76: =SUM(S76:T76) -> 0 | X76: =SUM(V76:W76) -> 0 | Z76: =F76+I76+L76+O76+R76+U76+X76+Y76 -> 19 | AB76: 18 | AC76: =+AA76+AB76-Z76 -> -1
B77: 1113172 | C77: ขนมเปี๊ยะเผือกฝอยทองไข่เค็ม 450 กรัม | F77: =SUM(D77:E77) -> 0 | I77: =SUM(G77:H77) -> 0 | L77: =SUM(J77:K77) -> 0 | O77: =SUM(M77:N77) -> 0 | R77: =SUM(P77:Q77) -> 0 | U77: =SUM(S77:T77) -> 0 | X77: =SUM(V77:W77) -> 0 | Z77: =F77+I77+L77+O77+R77+U77+X77+Y77 -> 0 | AC77: =+AA77+AB77-Z77 -> 0
B78: 1113173 | C78: ขนมเปี๊ยะงาดำฝอยทองไข่เค็ม 450 กรัม | D78: 16 | F78: =SUM(D78:E78) -> 16 | I78: =SUM(G78:H78) -> 0 | L78: =SUM(J78:K78) -> 0 | O78: =SUM(M78:N78) -> 0 | R78: =SUM(P78:Q78) -> 0 | U78: =SUM(S78:T78) -> 0 | X78: =SUM(V78:W78) -> 0 | Z78: =F78+I78+L78+O78+R78+U78+X78+Y78 -> 16 | AC78: =+AA78+AB78-Z78 -> -16
B79: 1200001 | C79: คอร์นเฟล็ค | F79: =SUM(D79:E79) -> 0 | I79: =SUM(G79:H79) -> 0 | L79: =SUM(J79:K79) -> 0 | O79: =SUM(M79:N79) -> 0 | R79: =SUM(P79:Q79) -> 0 | U79: =SUM(S79:T79) -> 0 | X79: =SUM(V79:W79) -> 0 | Z79: =F79+I79+L79+O79+R79+U79+X79+Y79 -> 0 | AC79: =+AA79+AB79-Z79 -> 0
B80: 1200002 | C80: ท๊อฟฟี่ถั่ว (กล่อง) | F80: =SUM(D80:E80) -> 0 | I80: =SUM(G80:H80) -> 0 | L80: =SUM(J80:K80) -> 0 | O80: =SUM(M80:N80) -> 0 | R80: =SUM(P80:Q80) -> 0 | U80: =SUM(S80:T80) -> 0 | X80: =SUM(V80:W80) -> 0 | Z80: =F80+I80+L80+O80+R80+U80+X80+Y80 -> 0 | AC80: =+AA80+AB80-Z80 -> 0
B81: 20054646 | C81: ปังพิซซ่า | F81: =SUM(D81:E81) -> 0 | I81: =SUM(G81:H81) -> 0 | L81: =SUM(J81:K81) -> 0 | O81: =SUM(M81:N81) -> 0 | R81: =SUM(P81:Q81) -> 0 | U81: =SUM(S81:T81) -> 0 | X81: =SUM(V81:W81) -> 0 | Z81: =F81+I81+L81+O81+R81+U81+X81+Y81 -> 0 | AC81: =+AA81+AB81-Z81 -> 0
B82: 300 | C82: เศษขนมปังปลา 5กก. | F82: =SUM(D82:E82) -> 0 | G82: 6 | I82: =SUM(G82:H82) -> 6 | L82: =SUM(J82:K82) -> 0 | O82: =SUM(M82:N82) -> 0 | R82: =SUM(P82:Q82) -> 0 | U82: =SUM(S82:T82) -> 0 | X82: =SUM(V82:W82) -> 0 | Z82: =F82+I82+L82+O82+R82+U82+X82+Y82 -> 6 | AC82: =+AA82+AB82-Z82 -> -6
B83: 200 | C83: เศษขนมปังปลา 1 กก. | D83: 10 | F83: =SUM(D83:E83) -> 10 | G83: 5 | I83: =SUM(G83:H83) -> 5 | J83: 3 | L83: =SUM(J83:K83) -> 3 | O83: =SUM(M83:N83) -> 0 | R83: =SUM(P83:Q83) -> 0 | U83: =SUM(S83:T83) -> 0 | X83: =SUM(V83:W83) -> 0 | Z83: =F83+I83+L83+O83+R83+U83+X83+Y83 -> 18 | AC83: =+AA83+AB83-Z83 -> -18
B84: 1111087 | C84: ชิฟฟอน 8 ชิ้น สตอเบอรี่ล้วน | F84: =SUM(D84:E84) -> 0 | I84: =SUM(G84:H84) -> 0 | L84: =SUM(J84:K84) -> 0 | O84: =SUM(M84:N84) -> 0 | R84: =SUM(P84:Q84) -> 0 | U84: =SUM(S84:T84) -> 0 | X84: =SUM(V84:W84) -> 0 | Z84: =F84+I84+L84+O84+R84+U84+X84+Y84 -> 0 | AC84: =+AA84+AB84-Z84 -> 0
C85: ชิฟฟอน 4 ชิ้น มะพร้าวล้วน | F85: =SUM(D85:E85) -> 0 | I85: =SUM(G85:H85) -> 0 | L85: =SUM(J85:K85) -> 0 | O85: =SUM(M85:N85) -> 0 | R85: =SUM(P85:Q85) -> 0 | U85: =SUM(S85:T85) -> 0 | X85: =SUM(V85:W85) -> 0 | Z85: =F85+I85+L85+O85+R85+U85+X85+Y85 -> 0 | AC85: =+AA85+AB85-Z85 -> 0
C86: ชิฟฟอน 4 ชิ้น กาแฟล้วน | F86: =SUM(D86:E86) -> 0 | I86: =SUM(G86:H86) -> 0 | L86: =SUM(J86:K86) -> 0 | O86: =SUM(M86:N86) -> 0 | R86: =SUM(P86:Q86) -> 0 | U86: =SUM(S86:T86) -> 0 | X86: =SUM(V86:W86) -> 0 | Z86: =F86+I86+L86+O86+R86+U86+X86+Y86 -> 0 | AC86: =+AA86+AB86-Z86 -> 0
C87: ชิฟฟอน 4 ชิ้น ชาเขียวล้วน | F87: =SUM(D87:E87) -> 0 | I87: =SUM(G87:H87) -> 0 | L87: =SUM(J87:K87) -> 0 | O87: =SUM(M87:N87) -> 0 | R87: =SUM(P87:Q87) -> 0 | U87: =SUM(S87:T87) -> 0 | X87: =SUM(V87:W87) -> 0 | Z87: =F87+I87+L87+O87+R87+U87+X87+Y87 -> 0 | AC87: =+AA87+AB87-Z87 -> 0
C88: ชิฟฟอน 4 ชิ้น ใบเตยล้วน | F88: =SUM(D88:E88) -> 0 | I88: =SUM(G88:H88) -> 0 | L88: =SUM(J88:K88) -> 0 | O88: =SUM(M88:N88) -> 0 | R88: =SUM(P88:Q88) -> 0 | U88: =SUM(S88:T88) -> 0 | X88: =SUM(V88:W88) -> 0 | Z88: =F88+I88+L88+O88+R88+U88+X88+Y88 -> 0 | AC88: =+AA88+AB88-Z88 -> 0
B89: 1111092 | C89: ชิฟฟอน 8 ชิ้น กล้วยหอม | F89: =SUM(D89:E89) -> 0 | I89: =SUM(G89:H89) -> 0 | L89: =SUM(J89:K89) -> 0 | O89: =SUM(M89:N89) -> 0 | R89: =SUM(P89:Q89) -> 0 | U89: =SUM(S89:T89) -> 0 | X89: =SUM(V89:W89) -> 0 | Z89: =F89+I89+L89+O89+R89+U89+X89+Y89 -> 0 | AC89: =+AA89+AB89-Z89 -> 0
B90: 1111093 | C90: ชิฟฟอน 8 ชิ้น โกโก้ล้วน | F90: =SUM(D90:E90) -> 0 | I90: =SUM(G90:H90) -> 0 | L90: =SUM(J90:K90) -> 0 | O90: =SUM(M90:N90) -> 0 | R90: =SUM(P90:Q90) -> 0 | U90: =SUM(S90:T90) -> 0 | X90: =SUM(V90:W90) -> 0 | Z90: =F90+I90+L90+O90+R90+U90+X90+Y90 -> 0 | AC90: =+AA90+AB90-Z90 -> 0
B91: 1111088 | C91: ชิฟฟอน 8 ชิ้น ส้มล้วน | F91: =SUM(D91:E91) -> 0 | I91: =SUM(G91:H91) -> 0 | L91: =SUM(J91:K91) -> 0 | O91: =SUM(M91:N91) -> 0 | R91: =SUM(P91:Q91) -> 0 | U91: =SUM(S91:T91) -> 0 | X91: =SUM(V91:W91) -> 0 | Z91: =F91+I91+L91+O91+R91+U91+X91+Y91 -> 0 | AC91: =+AA91+AB91-Z91 -> 0
B92: 1111089 | C92: ชิฟฟอน 8 ชิ้น เนยล้วน | F92: =SUM(D92:E92) -> 0 | I92: =SUM(G92:H92) -> 0 | L92: =SUM(J92:K92) -> 0 | O92: =SUM(M92:N92) -> 0 | R92: =SUM(P92:Q92) -> 0 | U92: =SUM(S92:T92) -> 0 | X92: =SUM(V92:W92) -> 0 | Z92: =F92+I92+L92+O92+R92+U92+X92+Y92 -> 0 | AC92: =+AA92+AB92-Z92 -> 0
B93: 1111094 | C93: ชิฟฟอน 8 ชิ้น ชาไทยล้วน | F93: =SUM(D93:E93) -> 0 | I93: =SUM(G93:H93) -> 0 | L93: =SUM(J93:K93) -> 0 | O93: =SUM(M93:N93) -> 0 | R93: =SUM(P93:Q93) -> 0 | U93: =SUM(S93:T93) -> 0 | X93: =SUM(V93:W93) -> 0 | Z93: =F93+I93+L93+O93+R93+U93+X93+Y93 -> 0 | AC93: =+AA93+AB93-Z93 -> 0
B94: 1111095 | C94: ชิฟฟอน 8 ชิ้น ชาเขียวล้วน | F94: =SUM(D94:E94) -> 0 | I94: =SUM(G94:H94) -> 0 | L94: =SUM(J94:K94) -> 0 | O94: =SUM(M94:N94) -> 0 | R94: =SUM(P94:Q94) -> 0 | U94: =SUM(S94:T94) -> 0 | X94: =SUM(V94:W94) -> 0 | Z94: =F94+I94+L94+O94+R94+U94+X94+Y94 -> 0 | AC94: =+AA94+AB94-Z94 -> 0
B95: 1111091 | C95: ชิฟฟอน 8 ชิ้น ใบเตยล้วน | F95: =SUM(D95:E95) -> 0 | I95: =SUM(G95:H95) -> 0 | L95: =SUM(J95:K95) -> 0 | O95: =SUM(M95:N95) -> 0 | R95: =SUM(P95:Q95) -> 0 | U95: =SUM(S95:T95) -> 0 | X95: =SUM(V95:W95) -> 0 | Z95: =F95+I95+L95+O95+R95+U95+X95+Y95 -> 0 | AC95: =+AA95+AB95-Z95 -> 0
B96: 1111086 | C96: ชิฟฟอน 8 ชิ้น มะพร้าวล้วน | F96: =SUM(D96:E96) -> 0 | I96: =SUM(G96:H96) -> 0 | L96: =SUM(J96:K96) -> 0 | O96: =SUM(M96:N96) -> 0 | R96: =SUM(P96:Q96) -> 0 | U96: =SUM(S96:T96) -> 0 | X96: =SUM(V96:W96) -> 0 | Z96: =F96+I96+L96+O96+R96+U96+X96+Y96 -> 0 | AC96: =+AA96+AB96-Z96 -> 0
B97: 20059548 | C97: มินบันไก่หยอง | F97: =SUM(D97:E97) -> 0 | I97: =SUM(G97:H97) -> 0 | L97: =SUM(J97:K97) -> 0 | O97: =SUM(M97:N97) -> 0 | R97: =SUM(P97:Q97) -> 0 | U97: =SUM(S97:T97) -> 0 | X97: =SUM(V97:W97) -> 0 | Z97: =F97+I97+L97+O97+R97+U97+X97+Y97 -> 0 | AC97: =+AA97+AB97-Z97 -> 0
B98: 1100044 | C98: หมี่กรอบโบราณ | F98: =SUM(D98:E98) -> 0 | I98: =SUM(G98:H98) -> 0 | L98: =SUM(J98:K98) -> 0 | O98: =SUM(M98:N98) -> 0 | R98: =SUM(P98:Q98) -> 0 | U98: =SUM(S98:T98) -> 0 | X98: =SUM(V98:W98) -> 0 | Z98: =F98+I98+L98+O98+R98+U98+X98+Y98 -> 0 | AC98: =+AA98+AB98-Z98 -> 0
B99: 1100045 | C99: ชิฟฟ่อนขนุน | F99: =SUM(D99:E99) -> 0 | I99: =SUM(G99:H99) -> 0 | L99: =SUM(J99:K99) -> 0 | O99: =SUM(M99:N99) -> 0 | R99: =SUM(P99:Q99) -> 0 | U99: =SUM(S99:T99) -> 0 | X99: =SUM(V99:W99) -> 0 | Z99: =F99+I99+L99+O99+R99+U99+X99+Y99 -> 0 | AC99: =+AA99+AB99-Z99 -> 0
B100: ยอดรวม | D100: =+D4+D5+D6+D7+D8+D9+D10+D11+D12+D13+D14+D15+D16+D17+D18+D19+D20+D21+D22+D23+D24+D25+D26+D27+D28+D29+D30+D31+D32+D33+D34+D35+D36+D37+D38+D39+D40+D41+D42+D43+D44+D45+D46+D47+D48+D49+D50+D51+D52+D53+D54+D55+D56+D57+D58+D59+D60+D61+D62+D63+D64+D65+D66+D67+D68+D69+D70+D71+D72+D73+D74+D75+D76+D77+D78+D79+D80+D81+D82+D83+D84+D85+D86+D87+D88+D89+D90+D91+D92+D93+D94+D95+D96+D97+D98+D99 -> 103 | E100: =+E4+E5+E6+E7+E8+E9+E10+E11+E12+E13+E14+E15+E16+E17+E18+E19+E20+E21+E22+E23+E24+E25+E26+E27+E28+E29+E30+E31+E32+E33+E34+E35+E36+E37+E38+E39+E40+E41+E42+E43+E44+E45+E46+E47+E48+E49+E50+E51+E52+E53+E54+E55+E56+E57+E58+E59+E60+E61+E62+E63+E64+E65+E66+E67+E68+E69+E70+E71+E72+E73+E74+E75+E76+E77+E78+E79+E80+E81+E82+E83+E84+E85+E86+E87+E88+E89+E90+E91+E92+E93+E94+E95+E96+E97+E98+E99 -> 0 | F100: =+F4+F5+F6+F7+F8+F9+F10+F11+F12+F13+F14+F15+F16+F17+F18+F19+F20+F21+F22+F23+F24+F25+F26+F27+F28+F29+F30+F31+F32+F33+F34+F35+F36+F37+F38+F39+F40+F41+F42+F43+F44+F45+F46+F47+F48+F49+F50+F51+F52+F53+F54+F55+F56+F57+F58+F59+F60+F61+F62+F63+F64+F65+F66+F67+F68+F69+F70+F71+F72+F73+F74+F75+F76+F77+F78+F79+F80+F81+F82+F83+F84+F85+F86+F87+F88+F89+F90+F91+F92+F93+F94+F95+F96+F97+F98+F99 -> 103 | G100: =+G4+G5+G6+G7+G8+G9+G10+G11+G12+G13+G14+G15+G16+G17+G18+G19+G20+G21+G22+G23+G24+G25+G26+G27+G28+G29+G30+G31+G32+G33+G34+G35+G36+G37+G38+G39+G40+G41+G42+G43+G44+G45+G46+G47+G48+G49+G50+G51+G52+G53+G54+G55+G56+G57+G58+G59+G60+G61+G62+G63+G64+G65+G66+G67+G68+G69+G70+G71+G72+G73+G74+G75+G76+G77+G78+G79+G80+G81+G82+G83+G84+G85+G86+G87+G88+G89+G90+G91+G92+G93+G94+G95+G96+G97+G98+G99 -> 416 | H100: =+H4+H5+H6+H7+H8+H9+H10+H11+H12+H13+H14+H15+H16+H17+H18+H19+H20+H21+H22+H23+H24+H25+H26+H27+H28+H29+H30+H31+H32+H33+H34+H35+H36+H37+H38+H39+H40+H41+H42+H43+H44+H45+H46+H47+H48+H49+H50+H51+H52+H53+H54+H55+H56+H57+H58+H59+H60+H61+H62+H63+H64+H65+H66+H67+H68+H69+H70+H71+H72+H73+H74+H75+H76+H77+H78+H79+H80+H81+H82+H83+H84+H85+H86+H87+H88+H89+H90+H91+H92+H93+H94+H95+H96+H97+H98+H99 -> 0 | I100: =+I4+I5+I6+I7+I8+I9+I10+I11+I12+I13+I14+I15+I16+I17+I18+I19+I20+I21+I22+I23+I24+I25+I26+I27+I28+I29+I30+I31+I32+I33+I34+I35+I36+I37+I38+I39+I40+I41+I42+I43+I44+I45+I46+I47+I48+I49+I50+I51+I52+I53+I54+I55+I56+I57+I58+I59+I60+I61+I62+I63+I64+I65+I66+I67+I68+I69+I70+I71+I72+I73+I74+I75+I76+I77+I78+I79+I80+I81+I82+I83+I84+I85+I86+I87+I88+I89+I90+I91+I92+I93+I94+I95+I96+I97+I98+I99 -> 416 | J100: =+J4+J5+J6+J7+J8+J9+J10+J11+J12+J13+J14+J15+J16+J17+J18+J19+J20+J21+J22+J23+J24+J25+J26+J27+J28+J29+J30+J31+J32+J33+J34+J35+J36+J37+J38+J39+J40+J41+J42+J43+J44+J45+J46+J47+J48+J49+J50+J51+J52+J53+J54+J55+J56+J57+J58+J59+J60+J61+J62+J63+J64+J65+J66+J67+J68+J69+J70+J71+J72+J73+J74+J75+J76+J77+J78+J79+J80+J81+J82+J83+J84+J85+J86+J87+J88+J89+J90+J91+J92+J93+J94+J95+J96+J97+J98+J99 -> 37 | K100: =+K4+K5+K6+K7+K8+K9+K10+K11+K12+K13+K14+K15+K16+K17+K18+K19+K20+K21+K22+K23+K24+K25+K26+K27+K28+K29+K30+K31+K32+K33+K34+K35+K36+K37+K38+K39+K40+K41+K42+K43+K44+K45+K46+K47+K48+K49+K50+K51+K52+K53+K54+K55+K56+K57+K58+K59+K60+K61+K62+K63+K64+K65+K66+K67+K68+K69+K70+K71+K72+K73+K74+K75+K76+K77+K78+K79+K80+K81+K82+K83+K84+K85+K86+K87+K88+K89+K90+K91+K92+K93+K94+K95+K96+K97+K98+K99 -> 0 | ... Y100: =+Y4+Y5+Y6+Y7+Y8+Y9+Y10+Y11+Y12+Y13+Y14+Y15+Y16+Y17+Y18+Y19+Y20+Y21+Y22+Y23+Y24+Y25+Y26+Y27+Y28+Y29+Y30+Y31+Y32+Y33+Y34+Y35+Y36+Y37+Y38+Y39+Y40+Y41+Y42+Y43+Y44+Y45+Y46+Y47+Y48+Y49+Y50+Y51+Y52+Y53+Y54+Y55+Y56+Y57+Y58+Y59+Y60+Y61+Y62+Y63+Y64+Y65+Y66+Y67+Y68+Y69+Y70+Y71+Y72+Y73+Y74+Y75+Y76+Y77+Y78+Y79+Y80+Y81+Y82+Y83+Y84+Y85+Y86+Y87+Y88+Y89+Y90+Y91+Y92+Y93+Y94+Y95+Y96+Y97+Y98+Y99 -> 2 | Z100: =SUM(Z4:Z99) -> 1638 | AA100: =+AA4+AA5+AA6+AA7+AA8+AA9+AA10+AA11+AA12+AA13+AA14+AA15+AA16+AA17+AA18+AA19+AA20+AA21+AA22+AA23+AA24+AA25+AA26+AA27+AA28+AA29+AA30+AA31+AA32+AA33+AA34+AA35+AA36+AA37+AA38+AA39+AA40+AA41+AA42+AA43+AA44+AA45+AA46+AA47+AA48+AA49+AA50+AA51+AA52+AA53+AA54+AA55+AA56+AA57+AA58+AA59+AA60+AA61+AA62+AA63+AA64+AA65+AA66+AA67+AA68+AA69+AA70+AA71+AA72+AA73+AA74+AA75+AA76+AA77+AA78+AA79+AA80+AA81+AA82+AA83+AA84+AA85+AA86+AA87+AA88+AA89+AA90+AA91+AA92+AA93+AA94+AA95+AA96+AA97+AA98+AA99 -> 0 | AB100: =+AB4+AB5+AB6+AB7+AB8+AB9+AB10+AB11+AB12+AB13+AB14+AB15+AB16+AB17+AB18+AB19+AB20+AB21+AB22+AB23+AB24+AB25+AB26+AB27+AB28+AB29+AB30+AB31+AB32+AB33+AB34+AB35+AB36+AB37+AB38+AB39+AB40+AB41+AB42+AB43+AB44+AB45+AB46+AB47+AB48+AB49+AB50+AB51+AB52+AB53+AB54+AB55+AB56+AB57+AB58+AB59+AB60+AB61+AB62+AB63+AB64+AB65+AB66+AB67+AB68+AB69+AB70+AB71+AB72+AB73+AB74+AB75+AB76+AB77+AB78+AB79+AB80+AB81+AB82+AB83+AB84+AB85+AB86+AB87+AB88+AB89+AB90+AB91+AB92+AB93+AB94+AB95+AB96+AB97+AB98+AB99 -> 1031 | AC100: =+AC4+AC5+AC6+AC7+AC8+AC9+AC10+AC11+AC12+AC13+AC14+AC15+AC16+AC17+AC18+AC19+AC20+AC21+AC22+AC23+AC24+AC25+AC26+AC27+AC28+AC29+AC30+AC31+AC32+AC33+AC34+AC35+AC36+AC37+AC38+AC39+AC40+AC41+AC42+AC43+AC44+AC45+AC46+AC47+AC48+AC49+AC50+AC51+AC52+AC53+AC54+AC55+AC56+AC57+AC58+AC59+AC60+AC61+AC62+AC63+AC64+AC65+AC66+AC67+AC68+AC69+AC70+AC71+AC72+AC73+AC74+AC75+AC76+AC77+AC78+AC79+AC80+AC81+AC82+AC83+AC84+AC85+AC86+AC87+AC88+AC89+AC90+AC91+AC92+AC93+AC94+AC95+AC96+AC97+AC98+AC99 -> -607 | AD100: =+AD4+AD5+AD6+AD7+AD8+AD9+AD10+AD11+AD12+AD13+AD14+AD15+AD16+AD17+AD18+AD19+AD20+AD21+AD22+AD23+AD24+AD25+AD26+AD27+AD28+AD29+AD30+AD31+AD32+AD33+AD34+AD35+AD36+AD37+AD38+AD39+AD40+AD41+AD42+AD43+AD44+AD45+AD46+AD47+AD48+AD49+AD50+AD51+AD52+AD53+AD54+AD55+AD56+AD57+AD58+AD59+AD60+AD61+AD62+AD63+AD64+AD65+AD66+AD67+AD68+AD69+AD70+AD71+AD72+AD73+AD74+AD75+AD76+AD77+AD78+AD79+AD80+AD81+AD82+AD83+AD84+AD85+AD86+AD87+AD88+AD89+AD90+AD91+AD92+AD93+AD94+AD95+AD96+AD97+AD98+AD99 -> 0

Sheet 22.08.2568
B1: ยอดจริง ออนไลน์ วันที่ 22/8/2568
B2: รหัสสินค้า | C2: สินค้า | D2: ปณ | G2: ชอปปี้ | J2: ลาซาด้า | M2: ติ๊กตอก | P2: ติ๊กตอก2 | S2: ติ๊กตอก3 | V2: ชอยส์ | Y2: ยอดเส้น | Z2: ยอดรวมผลิต(กล่อง) | AA2: ยอดForcast | AB2: ยอดStock | AC2: ยอดMemo | AD2: ยอดForcastวันพรุ่งนี้
D3: เช้า | E3: บ่าย | F3: รวม | G3: เช้า | H3: บ่าย | I3: รวม | J3: เช้า | K3: บ่าย | L3: รวม | M3: เช้า | N3: บ่าย | O3: รวม | P3: เช้า | Q3: บ่าย | R3: รวม | S3: เช้า | T3: บ่าย | U3: รวม | V3: เช้า | W3: บ่าย | X3: รวม
B4: 1004055 | C4: ชิฟฟ่อนเค้ก วรรณวนัช (รวมรส 4 ชิ้น) | F4: =SUM(D4:E4) -> 0 | G4: 1 | I4: =SUM(G4:H4) -> 1 | L4: =SUM(J4:K4) -> 0 | M4: 45 | O4: =SUM(M4:N4) -> 45 | R4: =SUM(P4:Q4) -> 0 | U4: =SUM(S4:T4) -> 0 | X4: =SUM(V4:W4) -> 0 | Y4: 30 | Z4: =+F4+I4+L4+O4+R4+U4+X4+Y4 -> 76 | AA4: 75 | AC4: =+AA4+AB4-Z4 -> -1 | AD4: 45 | AG4: =AD4+AC4 -> 44
B5: 1111002 | C5: ชิฟฟ่อนเค้ก วรรณวนัช (รวมรส 8 ชิ้น) | F5: =SUM(D5:E5) -> 0 | G5: 29 | I5: =SUM(G5:H5) -> 29 | J5: 24 | L5: =SUM(J5:K5) -> 24 | M5: 3 | O5: =SUM(M5:N5) -> 3 | R5: =SUM(P5:Q5) -> 0 | U5: =SUM(S5:T5) -> 0 | X5: =SUM(V5:W5) -> 0 | Y5: 3 | Z5: =+F5+I5+L5+O5+R5+U5+X5+Y5 -> 59 | AA5: 70 | AB5: 87 | AC5: =+AA5+AB5-Z5 -> 98 | AD5: 73 | AG5: =AD5+AC5 -> 171
B6: 1111055 | C6: วรรณวนัช ชิฟฟ่อนรวมรส 8 ชิ้น | F6: =SUM(D6:E6) -> 0 | I6: =SUM(G6:H6) -> 0 | L6: =SUM(J6:K6) -> 0 | O6: =SUM(M6:N6) -> 0 | R6: =SUM(P6:Q6) -> 0 | U6: =SUM(S6:T6) -> 0 | X6: =SUM(V6:W6) -> 0 | Z6: =+F6+I6+L6+O6+R6+U6+X6+Y6 -> 0 | AC6: =+AA6+AB6-Z6 -> 0 | AG6: =AD6+AC6 -> 0
B7: 1111084 | C7: ชิฟฟ่อนเค้ก รสกาแฟ (8 ชิ้น) | F7: =SUM(D7:E7) -> 0 | I7: =SUM(G7:H7) -> 0 | L7: =SUM(J7:K7) -> 0 | O7: =SUM(M7:N7) -> 0 | R7: =SUM(P7:Q7) -> 0 | U7: =SUM(S7:T7) -> 0 | X7: =SUM(V7:W7) -> 0 | Z7: =+F7+I7+L7+O7+R7+U7+X7+Y7 -> 0 | AC7: =+AA7+AB7-Z7 -> 0 | AG7: =AD7+AC7 -> 0
B8: 1111043 | C8: ชิฟฟอนรสมะลิ 8 ชิ้น ห่อ ซีน | F8: =SUM(D8:E8) -> 0 | I8: =SUM(G8:H8) -> 0 | L8: =SUM(J8:K8) -> 0 | O8: =SUM(M8:N8) -> 0 | R8: =SUM(P8:Q8) -> 0 | U8: =SUM(S8:T8) -> 0 | X8: =SUM(V8:W8) -> 0 | Z8: =+F8+I8+L8+O8+R8+U8+X8+Y8 -> 0 | AC8: =+AA8+AB8-Z8 -> 0 | AG8: =AD8+AC8 -> 0
B9: 1111057 | C9: ชิฟฟอนแยกชิ้น กาแฟ | F9: =SUM(D9:E9) -> 0 | G9: 5 | I9: =SUM(G9:H9) -> 5 | L9: =SUM(J9:K9) -> 0 | O9: =SUM(M9:N9) -> 0 | R9: =SUM(P9:Q9) -> 0 | U9: =SUM(S9:T9) -> 0 | X9: =SUM(V9:W9) -> 0 | Z9: =+F9+I9+L9+O9+R9+U9+X9+Y9 -> 5 | AC9: =+AA9+AB9-Z9 -> -5 | AG9: =AD9+AC9 -> -5
B10: 1111058 | C10: ชิฟฟอนแยกชิ้น มะลิ | F10: =SUM(D10:E10) -> 0 | G10: 5 | I10: =SUM(G10:H10) -> 5 | L10: =SUM(J10:K10) -> 0 | O10: =SUM(M10:N10) -> 0 | R10: =SUM(P10:Q10) -> 0 | U10: =SUM(S10:T10) -> 0 | X10: =SUM(V10:W10) -> 0 | Z10: =+F10+I10+L10+O10+R10+U10+X10+Y10 -> 5 | AC10: =+AA10+AB10-Z10 -> -5 | AG10: =AD10+AC10 -> -5
B11: 1111059 | C11: ชิฟฟอนแยกชิ้น ใบเตย | F11: =SUM(D11:E11) -> 0 | G11: 5 | I11: =SUM(G11:H11) -> 5 | L11: =SUM(J11:K11) -> 0 | O11: =SUM(M11:N11) -> 0 | R11: =SUM(P11:Q11) -> 0 | U11: =SUM(S11:T11) -> 0 | X11: =SUM(V11:W11) -> 0 | Z11: =+F11+I11+L11+O11+R11+U11+X11+Y11 -> 5 | AC11: =+AA11+AB11-Z11 -> -5 | AG11: =AD11+AC11 -> -5
B12: 1111060 | C12: ชิฟฟอนแยกชิ้น กล้วยหอม | F12: =SUM(D12:E12) -> 0 | G12: 5 | I12: =SUM(G12:H12) -> 5 | L12: =SUM(J12:K12) -> 0 | O12: =SUM(M12:N12) -> 0 | R12: =SUM(P12:Q12) -> 0 | U12: =SUM(S12:T12) -> 0 | X12: =SUM(V12:W12) -> 0 | Z12: =+F12+I12+L12+O12+R12+U12+X12+Y12 -> 5 | AC12: =+AA12+AB12-Z12 -> -5 | AG12: =AD12+AC12 -> -5
B13: 1111061 | C13: ชิฟฟอนแยกชิ้น ชาไทย | F13: =SUM(D13:E13) -> 0 | G13: 5 | I13: =SUM(G13:H13) -> 5 | L13: =SUM(J13:K13) -> 0 | O13: =SUM(M13:N13) -> 0 | R13: =SUM(P13:Q13) -> 0 | U13: =SUM(S13:T13) -> 0 | X13: =SUM(V13:W13) -> 0 | Z13: =+F13+I13+L13+O13+R13+U13+X13+Y13 -> 5 | AC13: =+AA13+AB13-Z13 -> -5 | AG13: =AD13+AC13 -> -5
B14: 1111062 | C14: ชิฟฟอนแยกชิ้น โกโก้ | F14: =SUM(D14:E14) -> 0 | G14: 5 | I14: =SUM(G14:H14) -> 5 | L14: =SUM(J14:K14) -> 0 | O14: =SUM(M14:N14) -> 0 | R14: =SUM(P14:Q14) -> 0 | U14: =SUM(S14:T14) -> 0 | X14: =SUM(V14:W14) -> 0 | Z14: =+F14+I14+L14+O14+R14+U14+X14+Y14 -> 5 | AC14: =+AA14+AB14-Z14 -> -5 | AG14: =AD14+AC14 -> -5
B15: 1111063 | C15: ชิฟฟอนแยกชิ้น ส้ม | F15: =SUM(D15:E15) -> 0 | G15: 5 | I15: =SUM(G15:H15) -> 5 | L15: =SUM(J15:K15) -> 0 | O15: =SUM(M15:N15) -> 0 | R15: =SUM(P15:Q15) -> 0 | U15: =SUM(S15:T15) -> 0 | X15: =SUM(V15:W15) -> 0 | Z15: =+F15+I15+L15+O15+R15+U15+X15+Y15 -> 5 | AC15: =+AA15+AB15-Z15 -> -5 | AG15: =AD15+AC15 -> -5
B16: 1111064 | C16: ชิฟฟอนแยกชิ้น เผือก | F16: =SUM(D16:E16) -> 0 | G16: 5 | I16: =SUM(G16:H16) -> 5 | L16: =SUM(J16:K16) -> 0 | O16: =SUM(M16:N16) -> 0 | R16: =SUM(P16:Q16) -> 0 | U16: =SUM(S16:T16) -> 0 | X16: =SUM(V16:W16) -> 0 | Z16: =+F16+I16+L16+O16+R16+U16+X16+Y16 -> 5 | AC16: =+AA16+AB16-Z16 -> -5 | AG16: =AD16+AC16 -> -5
B17: 1111065 | C17: ชิฟฟอนแยกชิ้น สับปะรด | F17: =SUM(D17:E17) -> 0 | G17: 5 | I17: =SUM(G17:H17) -> 5 | L17: =SUM(J17:K17) -> 0 | O17: =SUM(M17:N17) -> 0 | R17: =SUM(P17:Q17) -> 0 | U17: =SUM(S17:T17) -> 0 | X17: =SUM(V17:W17) -> 0 | Z17: =+F17+I17+L17+O17+R17+U17+X17+Y17 -> 5 | AC17: =+AA17+AB17-Z17 -> -5 | AG17: =AD17+AC17 -> -5
B18: 1111066 | C18: ชิฟฟอนแยกชิ้น สตอเบอรี่ | F18: =SUM(D18:E18) -> 0 | G18: 5 | I18: =SUM(G18:H18) -> 5 | L18: =SUM(J18:K18) -> 0 | O18: =SUM(M18:N18) -> 0 | R18: =SUM(P18:Q18) -> 0 | U18: =SUM(S18:T18) -> 0 | X18: =SUM(V18:W18) -> 0 | Z18: =+F18+I18+L18+O18+R18+U18+X18+Y18 -> 5 | AC18: =+AA18+AB18-Z18 -> -5 | AG18: =AD18+AC18 -> -5
B19: 1111067 | C19: ชิฟฟอนแยกชิ้น มะพร้าว | F19: =SUM(D19:E19) -> 0 | I19: =SUM(G19:H19) -> 0 | L19: =SUM(J19:K19) -> 0 | O19: =SUM(M19:N19) -> 0 | R19: =SUM(P19:Q19) -> 0 | U19: =SUM(S19:T19) -> 0 | X19: =SUM(V19:W19) -> 0 | Z19: =+F19+I19+L19+O19+R19+U19+X19+Y19 -> 0 | AC19: =+AA19+AB19-Z19 -> 0 | AG19: =AD19+AC19 -> 0
B20: 1111068 | C20: ชิฟฟอนแยกชิ้น เนย | F20: =SUM(D20:E20) -> 0 | I20: =SUM(G20:H20) -> 0 | L20: =SUM(J20:K20) -> 0 | O20: =SUM(M20:N20) -> 0 | R20: =SUM(P20:Q20) -> 0 | U20: =SUM(S20:T20) -> 0 | X20: =SUM(V20:W20) -> 0 | Z20: =+F20+I20+L20+O20+R20+U20+X20+Y20 -> 0 | AC20: =+AA20+AB20-Z20 -> 0 | AG20: =AD20+AC20 -> 0
B21: 1111069 | C21: ชิฟฟอนแยกชิ้น บลูเบอรี่ | F21: =SUM(D21:E21) -> 0 | I21: =SUM(G21:H21) -> 0 | L21: =SUM(J21:K21) -> 0 | O21: =SUM(M21:N21) -> 0 | R21: =SUM(P21:Q21) -> 0 | U21: =SUM(S21:T21) -> 0 | X21: =SUM(V21:W21) -> 0 | Z21: =+F21+I21+L21+O21+R21+U21+X21+Y21 -> 0 | AC21: =+AA21+AB21-Z21 -> 0 | AG21: =AD21+AC21 -> 0
B22: 1111070 | C22: ชิฟฟอนแยกชิ้น ทุเรียน | F22: =SUM(D22:E22) -> 0 | I22: =SUM(G22:H22) -> 0 | L22: =SUM(J22:K22) -> 0 | O22: =SUM(M22:N22) -> 0 | R22: =SUM(P22:Q22) -> 0 | U22: =SUM(S22:T22) -> 0 | X22: =SUM(V22:W22) -> 0 | Z22: =+F22+I22+L22+O22+R22+U22+X22+Y22 -> 0 | AC22: =+AA22+AB22-Z22 -> 0 | AG22: =AD22+AC22 -> 0
B23: 1111071 | C23: ชิฟฟอนแยกชิ้น ตาล | F23: =SUM(D23:E23) -> 0 | I23: =SUM(G23:H23) -> 0 | L23: =SUM(J23:K23) -> 0 | O23: =SUM(M23:N23) -> 0 | R23: =SUM(P23:Q23) -> 0 | U23: =SUM(S23:T23) -> 0 | X23: =SUM(V23:W23) -> 0 | Z23: =+F23+I23+L23+O23+R23+U23+X23+Y23 -> 0 | AC23: =+AA23+AB23-Z23 -> 0 | AG23: =AD23+AC23 -> 0
B24: 1111010 | C24: ชิฟฟ่อนเค้กสอดไส้แยม (1 ชิ้น) แยมสับปะรด | F24: =SUM(D24:E24) -> 0 | I24: =SUM(G24:H24) -> 0 | L24: =SUM(J24:K24) -> 0 | O24: =SUM(M24:N24) -> 0 | R24: =SUM(P24:Q24) -> 0 | U24: =SUM(S24:T24) -> 0 | X24: =SUM(V24:W24) -> 0 | Z24: =+F24+I24+L24+O24+R24+U24+X24+Y24 -> 0 | AC24: =+AA24+AB24-Z24 -> 0 | AG24: =AD24+AC24 -> 0
B25: 1111008 | C25: ชิฟฟ่อนเค้ก สอดไส้ (รวมรส 3 ชิ้น) | F25: =SUM(D25:E25) -> 0 | I25: =SUM(G25:H25) -> 0 | L25: =SUM(J25:K25) -> 0 | M25: 24 | O25: =SUM(M25:N25) -> 24 | R25: =SUM(P25:Q25) -> 0 | U25: =SUM(S25:T25) -> 0 | X25: =SUM(V25:W25) -> 0 | Z25: =+F25+I25+L25+O25+R25+U25+X25+Y25 -> 24 | AA25: 40 | AB25: 9 | AC25: =+AA25+AB25-Z25 -> 25 | AD25: 40 | AG25: =AD25+AC25 -> 65
B26: 1111009 | C26: ชิฟฟ่อนเค้ก สอดไส้ (รวมรส 6 ชิ้น) | F26: =SUM(D26:E26) -> 0 | G26: 10 | I26: =SUM(G26:H26) -> 10 | J26: 2 | L26: =SUM(J26:K26) -> 2 | O26: =SUM(M26:N26) -> 0 | R26: =SUM(P26:Q26) -> 0 | U26: =SUM(S26:T26) -> 0 | X26: =SUM(V26:W26) -> 0 | Z26: =+F26+I26+L26+O26+R26+U26+X26+Y26 -> 12 | AA26: 20 | AB26: 26 | AC26: =+AA26+AB26-Z26 -> 34 | AD26: 20 | AG26: =AD26+AC26 -> 54
B27: 1111011 | C27: ชิฟฟ่อนเค้กสอดไส้ นมชมพูฮอกไกโด (3 ชิ้น) | F27: =SUM(D27:E27) -> 0 | I27: =SUM(G27:H27) -> 0 | L27: =SUM(J27:K27) -> 0 | O27: =SUM(M27:N27) -> 0 | R27: =SUM(P27:Q27) -> 0 | U27: =SUM(S27:T27) -> 0 | X27: =SUM(V27:W27) -> 0 | Z27: =+F27+I27+L27+O27+R27+U27+X27+Y27 -> 0 | AC27: =+AA27+AB27-Z27 -> 0 | AG27: =AD27+AC27 -> 0
B28: 1111012 | C28: ชิฟฟ่อนเค้กสอดไส้ นมชมพูฮอกไกโด (6 ชิ้น) | F28: =SUM(D28:E28) -> 0 | I28: =SUM(G28:H28) -> 0 | L28: =SUM(J28:K28) -> 0 | O28: =SUM(M28:N28) -> 0 | R28: =SUM(P28:Q28) -> 0 | U28: =SUM(S28:T28) -> 0 | X28: =SUM(V28:W28) -> 0 | Z28: =+F28+I28+L28+O28+R28+U28+X28+Y28 -> 0 | AC28: =+AA28+AB28-Z28 -> 0 | AG28: =AD28+AC28 -> 0
B29: 1111013 | C29: ชิฟฟ่อนเค้กสอดไส้ ช็อคโกแลตนูเทลล่า (3 ชิ้น) | F29: =SUM(D29:E29) -> 0 | I29: =SUM(G29:H29) -> 0 | L29: =SUM(J29:K29) -> 0 | O29: =SUM(M29:N29) -> 0 | R29: =SUM(P29:Q29) -> 0 | U29: =SUM(S29:T29) -> 0 | X29: =SUM(V29:W29) -> 0 | Z29: =+F29+I29+L29+O29+R29+U29+X29+Y29 -> 0 | AC29: =+AA29+AB29-Z29 -> 0 | AG29: =AD29+AC29 -> 0
B30: 1111014 | C30: ชิฟฟ่อนเค้กสอดไส้ ช็อคโกแลตนูเทลล่า (6 ชิ้น) | F30: =SUM(D30:E30) -> 0 | I30: =SUM(G30:H30) -> 0 | L30: =SUM(J30:K30) -> 0 | O30: =SUM(M30:N30) -> 0 | R30: =SUM(P30:Q30) -> 0 | U30: =SUM(S30:T30) -> 0 | X30: =SUM(V30:W30) -> 0 | Z30: =+F30+I30+L30+O30+R30+U30+X30+Y30 -> 0 | AC30: =+AA30+AB30-Z30 -> 0 | AG30: =AD30+AC30 -> 0
B31: 1111015 | C31: ชิฟฟ่อนเค้กสอดไส้เนย รสมะพร้าว (3 ชิ้น) | F31: =SUM(D31:E31) -> 0 | I31: =SUM(G31:H31) -> 0 | L31: =SUM(J31:K31) -> 0 | O31: =SUM(M31:N31) -> 0 | R31: =SUM(P31:Q31) -> 0 | U31: =SUM(S31:T31) -> 0 | X31: =SUM(V31:W31) -> 0 | Z31: =+F31+I31+L31+O31+R31+U31+X31+Y31 -> 0 | AC31: =+AA31+AB31-Z31 -> 0 | AG31: =AD31+AC31 -> 0
B32: 1111016 | C32: ชิฟฟ่อนเค้กสอดไส้เนย รสมะพร้าว (6 ชิ้น) | F32: =SUM(D32:E32) -> 0 | I32: =SUM(G32:H32) -> 0 | L32: =SUM(J32:K32) -> 0 | O32: =SUM(M32:N32) -> 0 | R32: =SUM(P32:Q32) -> 0 | U32: =SUM(S32:T32) -> 0 | X32: =SUM(V32:W32) -> 0 | Z32: =+F32+I32+L32+O32+R32+U32+X32+Y32 -> 0 | AC32: =+AA32+AB32-Z32 -> 0 | AG32: =AD32+AC32 -> 0
B33: 1111017 | C33: ชิฟฟ่อนเค้กสอดไส้แยม รสบลูเบอร์รี่ (3 ชิ้น) | F33: =SUM(D33:E33) -> 0 | I33: =SUM(G33:H33) -> 0 | L33: =SUM(J33:K33) -> 0 | O33: =SUM(M33:N33) -> 0 | R33: =SUM(P33:Q33) -> 0 | U33: =SUM(S33:T33) -> 0 | X33: =SUM(V33:W33) -> 0 | Z33: =+F33+I33+L33+O33+R33+U33+X33+Y33 -> 0 | AC33: =+AA33+AB33-Z33 -> 0 | AG33: =AD33+AC33 -> 0
B34: 1111018 | C34: ชิฟฟ่อนเค้กสอดไส้แยม รสบลูเบอร์รี่ (6 ชิ้น) | F34: =SUM(D34:E34) -> 0 | I34: =SUM(G34:H34) -> 0 | L34: =SUM(J34:K34) -> 0 | O34: =SUM(M34:N34) -> 0 | R34: =SUM(P34:Q34) -> 0 | U34: =SUM(S34:T34) -> 0 | X34: =SUM(V34:W34) -> 0 | Z34: =+F34+I34+L34+O34+R34+U34+X34+Y34 -> 0 | AC34: =+AA34+AB34-Z34 -> 0 | AG34: =AD34+AC34 -> 0
B35: 1111019 | C35: ชิฟฟ่อนเค้กหน้าฝอยทอง สอดไส้แยมส้ม (3 ชิ้น) | F35: =SUM(D35:E35) -> 0 | I35: =SUM(G35:H35) -> 0 | L35: =SUM(J35:K35) -> 0 | O35: =SUM(M35:N35) -> 0 | R35: =SUM(P35:Q35) -> 0 | U35: =SUM(S35:T35) -> 0 | X35: =SUM(V35:W35) -> 0 | Z35: =+F35+I35+L35+O35+R35+U35+X35+Y35 -> 0 | AC35: =+AA35+AB35-Z35 -> 0 | AG35: =AD35+AC35 -> 0
B36: 1111020 | C36: ชิฟฟ่อนเค้กหน้าฝอยทอง สอดไส้แยมส้ม (6 ชิ้น) | F36: =SUM(D36:E36) -> 0 | I36: =SUM(G36:H36) -> 0 | L36: =SUM(J36:K36) -> 0 | O36: =SUM(M36:N36) -> 0 | R36: =SUM(P36:Q36) -> 0 | U36: =SUM(S36:T36) -> 0 | X36: =SUM(V36:W36) -> 0 | Z36: =+F36+I36+L36+O36+R36+U36+X36+Y36 -> 0 | AC36: =+AA36+AB36-Z36 -> 0 | AG36: =AD36+AC36 -> 0
B37: 1111022 | C37: ชิฟฟ่อนเค้กสอดไส้แยม รสสตรอว์เบอร์รี (3 ชิ้น) | F37: =SUM(D37:E37) -> 0 | I37: =SUM(G37:H37) -> 0 | L37: =SUM(J37:K37) -> 0 | O37: =SUM(M37:N37) -> 0 | R37: =SUM(P37:Q37) -> 0 | U37: =SUM(S37:T37) -> 0 | X37: =SUM(V37:W37) -> 0 | Z37: =+F37+I37+L37+O37+R37+U37+X37+Y37 -> 0 | AC37: =+AA37+AB37-Z37 -> 0 | AG37: =AD37+AC37 -> 0
B38: 1111023 | C38: ชิฟฟ่อนเค้กสอดไส้แยม รสสตรอว์เบอร์รี (6 ชิ้น) | F38: =SUM(D38:E38) -> 0 | I38: =SUM(G38:H38) -> 0 | L38: =SUM(J38:K38) -> 0 | O38: =SUM(M38:N38) -> 0 | R38: =SUM(P38:Q38) -> 0 | U38: =SUM(S38:T38) -> 0 | X38: =SUM(V38:W38) -> 0 | Z38: =+F38+I38+L38+O38+R38+U38+X38+Y38 -> 0 | AC38: =+AA38+AB38-Z38 -> 0 | AG38: =AD38+AC38 -> 0
... B40: 1111025 | C40: ชิฟฟ่อนเค้กสอดไส้แยม รสส้ม (6 ชิ้น) | F40: =SUM(D40:E40) -> 0 | I40: =SUM(G40:H40) -> 0 | L40: =SUM(J40:K40) -> 0 | O40: =SUM(M40:N40) -> 0 | R40: =SUM(P40:Q40) -> 0 | U40: =SUM(S40:T40) -> 0 | X40: =SUM(V40:W40) -> 0 | Z40: =+F40+I40+L40+O40+R40+U40+X40+Y40 -> 0 | AC40: =+AA40+AB40-Z40 -> 0 | AG40: =AD40+AC40 -> 0
B41: 1111056 | C41: ชิฟฟอนรวมรสยอดฮิต 8 ชิ้น | F41: =SUM(D41:E41) -> 0 | G41: 2 | I41: =SUM(G41:H41) -> 2 | L41: =SUM(J41:K41) -> 0 | O41: =SUM(M41:N41) -> 0 | R41: =SUM(P41:Q41) -> 0 | U41: =SUM(S41:T41) -> 0 | X41: =SUM(V41:W41) -> 0 | Z41: =+F41+I41+L41+O41+R41+U41+X41+Y41 -> 2 | AA41: 10 | AB41: 6 | AC41: =+AA41+AB41-Z41 -> 14 | AG41: =AD41+AC41 -> 14
B42: 1111074 | C42: ชิฟฟอนไส้แยมแยกชิ้น มะพร้าว | F42: =SUM(D42:E42) -> 0 | G42: 1 | I42: =SUM(G42:H42) -> 1 | L42: =SUM(J42:K42) -> 0 | O42: =SUM(M42:N42) -> 0 | R42: =SUM(P42:Q42) -> 0 | U42: =SUM(S42:T42) -> 0 | X42: =SUM(V42:W42) -> 0 | Z42: =+F42+I42+L42+O42+R42+U42+X42+Y42 -> 1 | AC42: =+AA42+AB42-Z42 -> -1 | AG42: =AD42+AC42 -> -1
B43: 1111075 | C43: ชิฟฟอนไส้แยมแยกชิ้น สตอเบอรี่ | F43: =SUM(D43:E43) -> 0 | G43: 1 | I43: =SUM(G43:H43) -> 1 | L43: =SUM(J43:K43) -> 0 | O43: =SUM(M43:N43) -> 0 | R43: =SUM(P43:Q43) -> 0 | U43: =SUM(S43:T43) -> 0 | X43: =SUM(V43:W43) -> 0 | Z43: =+F43+I43+L43+O43+R43+U43+X43+Y43 -> 1 | AC43: =+AA43+AB43-Z43 -> -1 | AG43: =AD43+AC43 -> -1
B44: 1111076 | C44: ชิฟฟอนไส้แยมแยกชิ้น ส้ม | F44: =SUM(D44:E44) -> 0 | G44: 1 | I44: =SUM(G44:H44) -> 1 | L44: =SUM(J44:K44) -> 0 | O44: =SUM(M44:N44) -> 0 | R44: =SUM(P44:Q44) -> 0 | U44: =SUM(S44:T44) -> 0 | X44: =SUM(V44:W44) -> 0 | Z44: =+F44+I44+L44+O44+R44+U44+X44+Y44 -> 1 | AC44: =+AA44+AB44-Z44 -> -1 | AG44: =AD44+AC44 -> -1
B45: 1111077 | C45: ชิฟฟอนไส้แยมแยกชิ้น บลูเบอรี่ | F45: =SUM(D45:E45) -> 0 | G45: 1 | I45: =SUM(G45:H45) -> 1 | L45: =SUM(J45:K45) -> 0 | O45: =SUM(M45:N45) -> 0 | R45: =SUM(P45:Q45) -> 0 | U45: =SUM(S45:T45) -> 0 | X45: =SUM(V45:W45) -> 0 | Z45: =+F45+I45+L45+O45+R45+U45+X45+Y45 -> 1 | AC45: =+AA45+AB45-Z45 -> -1 | AG45: =AD45+AC45 -> -1
B46: 1111078 | C46: ชิฟฟอนไส้แยมแยกชิ้น นมชมพู | F46: =SUM(D46:E46) -> 0 | G46: 1 | I46: =SUM(G46:H46) -> 1 | L46: =SUM(J46:K46) -> 0 | O46: =SUM(M46:N46) -> 0 | R46: =SUM(P46:Q46) -> 0 | U46: =SUM(S46:T46) -> 0 | X46: =SUM(V46:W46) -> 0 | Z46: =+F46+I46+L46+O46+R46+U46+X46+Y46 -> 1 | AC46: =+AA46+AB46-Z46 -> -1 | AG46: =AD46+AC46 -> -1
B47: 1111079 | C47: ชิฟฟอนไส้แยมแยกชิ้น ชอคโกแลต | F47: =SUM(D47:E47) -> 0 | G47: 1 | I47: =SUM(G47:H47) -> 1 | L47: =SUM(J47:K47) -> 0 | O47: =SUM(M47:N47) -> 0 | R47: =SUM(P47:Q47) -> 0 | U47: =SUM(S47:T47) -> 0 | X47: =SUM(V47:W47) -> 0 | Z47: =+F47+I47+L47+O47+R47+U47+X47+Y47 -> 1 | AC47: =+AA47+AB47-Z47 -> -1 | AG47: =AD47+AC47 -> -1
B48: 1111080 | C48: ชิฟฟอนไส้แยมแยกชิ้น ฝอยทอง | F48: =SUM(D48:E48) -> 0 | G48: 1 | I48: =SUM(G48:H48) -> 1 | L48: =SUM(J48:K48) -> 0 | O48: =SUM(M48:N48) -> 0 | R48: =SUM(P48:Q48) -> 0 | U48: =SUM(S48:T48) -> 0 | X48: =SUM(V48:W48) -> 0 | Z48: =+F48+I48+L48+O48+R48+U48+X48+Y48 -> 1 | AC48: =+AA48+AB48-Z48 -> -1 | AG48: =AD48+AC48 -> -1
B49: 1111081 | C49: ชิฟฟอนไส้แยมแยกชิ้น วนิลา | F49: =SUM(D49:E49) -> 0 | G49: 1 | I49: =SUM(G49:H49) -> 1 | L49: =SUM(J49:K49) -> 0 | O49: =SUM(M49:N49) -> 0 | R49: =SUM(P49:Q49) -> 0 | U49: =SUM(S49:T49) -> 0 | X49: =SUM(V49:W49) -> 0 | Z49: =+F49+I49+L49+O49+R49+U49+X49+Y49 -> 1 | AC49: =+AA49+AB49-Z49 -> -1 | AG49: =AD49+AC49 -> -1
B50: 1111082 | C50: ชิฟฟอนไส้แยมแยกชิ้น ใบเตย | F50: =SUM(D50:E50) -> 0 | G50: 1 | I50: =SUM(G50:H50) -> 1 | L50: =SUM(J50:K50) -> 0 | O50: =SUM(M50:N50) -> 0 | R50: =SUM(P50:Q50) -> 0 | U50: =SUM(S50:T50) -> 0 | X50: =SUM(V50:W50) -> 0 | Z50: =+F50+I50+L50+O50+R50+U50+X50+Y50 -> 1 | AC50: =+AA50+AB50-Z50 -> -1 | AG50: =AD50+AC50 -> -1
B51: 1111083 | C51: ชิฟฟอนไส้แยมแยกชิ้น เมล่อน | F51: =SUM(D51:E51) -> 0 | G51: 1 | I51: =SUM(G51:H51) -> 1 | L51: =SUM(J51:K51) -> 0 | O51: =SUM(M51:N51) -> 0 | R51: =SUM(P51:Q51) -> 0 | U51: =SUM(S51:T51) -> 0 | X51: =SUM(V51:W51) -> 0 | Z51: =+F51+I51+L51+O51+R51+U51+X51+Y51 -> 1 | AC51: =+AA51+AB51-Z51 -> -1 | AG51: =AD51+AC51 -> -1
B52: 1112002 | C52: เค้กเบาหวิว รสกาแฟ (300 กรัม) | F52: =SUM(D52:E52) -> 0 | I52: =SUM(G52:H52) -> 0 | L52: =SUM(J52:K52) -> 0 | O52: =SUM(M52:N52) -> 0 | R52: =SUM(P52:Q52) -> 0 | U52: =SUM(S52:T52) -> 0 | X52: =SUM(V52:W52) -> 0 | Z52: =+F52+I52+L52+O52+R52+U52+X52+Y52 -> 0 | AC52: =+AA52+AB52-Z52 -> 0 | AG52: =AD52+AC52 -> 0
B53: 1112003 | C53: เค้กเบาหวิว รสกาแฟ (110 กรัม) | F53: =SUM(D53:E53) -> 0 | G53: 2 | I53: =SUM(G53:H53) -> 2 | J53: 1 | L53: =SUM(J53:K53) -> 1 | M53: 81 | O53: =SUM(M53:N53) -> 81 | R53: =SUM(P53:Q53) -> 0 | U53: =SUM(S53:T53) -> 0 | X53: =SUM(V53:W53) -> 0 | Z53: =+F53+I53+L53+O53+R53+U53+X53+Y53 -> 84 | AA53: 95 | AB53: 33 | AC53: =+AA53+AB53-Z53 -> 44 | AD53: 45 | AG53: =AD53+AC53 -> 89
B54: 1112004 | C54: เค้กเบาหวิว รสเนยนม (300 กรัม) | F54: =SUM(D54:E54) -> 0 | I54: =SUM(G54:H54) -> 0 | L54: =SUM(J54:K54) -> 0 | O54: =SUM(M54:N54) -> 0 | R54: =SUM(P54:Q54) -> 0 | U54: =SUM(S54:T54) -> 0 | X54: =SUM(V54:W54) -> 0 | Z54: =+F54+I54+L54+O54+R54+U54+X54+Y54 -> 0 | AC54: =+AA54+AB54-Z54 -> 0 | AD54: 45 | AG54: =AD54+AC54 -> 45
B55: 1112005 | C55: เค้กเบาหวิว รสเนยนม (110 กรัม) | F55: =SUM(D55:E55) -> 0 | G55: 2 | I55: =SUM(G55:H55) -> 2 | J55: 1 | L55: =SUM(J55:K55) -> 1 | M55: 80 | O55: =SUM(M55:N55) -> 80 | R55: =SUM(P55:Q55) -> 0 | U55: =SUM(S55:T55) -> 0 | X55: =SUM(V55:W55) -> 0 | Z55: =+F55+I55+L55+O55+R55+U55+X55+Y55 -> 83 | AA55: 95 | AB55: 32 | AC55: =+AA55+AB55-Z55 -> 44 | AD55: 45 | AG55: =AD55+AC55 -> 89
B56: 1112008 | C56: เค้กเบาหวิว รสมะพร้าวน้ำหอม (300 กรัม) | F56: =SUM(D56:E56) -> 0 | I56: =SUM(G56:H56) -> 0 | L56: =SUM(J56:K56) -> 0 | O56: =SUM(M56:N56) -> 0 | R56: =SUM(P56:Q56) -> 0 | U56: =SUM(S56:T56) -> 0 | X56: =SUM(V56:W56) -> 0 | Z56: =+F56+I56+L56+O56+R56+U56+X56+Y56 -> 0 | AC56: =+AA56+AB56-Z56 -> 0 | AD56: 45 | AG56: =AD56+AC56 -> 45
B57: 1112009 | C57: เค้กเบาหวิว รสมะพร้าวน้ำหอม (110 กรัม) | F57: =SUM(D57:E57) -> 0 | G57: 2 | I57: =SUM(G57:H57) -> 2 | J57: 1 | L57: =SUM(J57:K57) -> 1 | M57: 80 | O57: =SUM(M57:N57) -> 80 | R57: =SUM(P57:Q57) -> 0 | U57: =SUM(S57:T57) -> 0 | X57: =SUM(V57:W57) -> 0 | Z57: =+F57+I57+L57+O57+R57+U57+X57+Y57 -> 83 | AA57: 95 | AB57: 33 | AC57: =+AA57+AB57-Z57 -> 45 | AD57: 45 | AG57: =AD57+AC57 -> 90
B58: 1112010 | C58: เค้กเบาหวิว หน้าฝอยทอง (300 กรัม) | F58: =SUM(D58:E58) -> 0 | I58: =SUM(G58:H58) -> 0 | L58: =SUM(J58:K58) -> 0 | O58: =SUM(M58:N58) -> 0 | R58: =SUM(P58:Q58) -> 0 | U58: =SUM(S58:T58) -> 0 | X58: =SUM(V58:W58) -> 0 | Z58: =+F58+I58+L58+O58+R58+U58+X58+Y58 -> 0 | AC58: =+AA58+AB58-Z58 -> 0 | AD58: 45 | AG58: =AD58+AC58 -> 45
B59: 1112011 | C59: เค้กเบาหวิว หน้าฝอยทอง (110 กรัม) | F59: =SUM(D59:E59) -> 0 | G59: 1 | I59: =SUM(G59:H59) -> 1 | J59: 3 | L59: =SUM(J59:K59) -> 3 | M59: 80 | O59: =SUM(M59:N59) -> 80 | R59: =SUM(P59:Q59) -> 0 | U59: =SUM(S59:T59) -> 0 | X59: =SUM(V59:W59) -> 0 | Z59: =+F59+I59+L59+O59+R59+U59+X59+Y59 -> 84 | AA59: 95 | AB59: 33 | AC59: =+AA59+AB59-Z59 -> 44 | AD59: 45 | AG59: =AD59+AC59 -> 89
B60: 1112012 | C60: เค้กเบาหวิว รสเผือกหน้ามะพร้าวเผา (300 กรัม) | F60: =SUM(D60:E60) -> 0 | I60: =SUM(G60:H60) -> 0 | L60: =SUM(J60:K60) -> 0 | O60: =SUM(M60:N60) -> 0 | R60: =SUM(P60:Q60) -> 0 | U60: =SUM(S60:T60) -> 0 | X60: =SUM(V60:W60) -> 0 | Z60: =+F60+I60+L60+O60+R60+U60+X60+Y60 -> 0 | AB60: 37 | AC60: =+AA60+AB60-Z60 -> 37 | AG60: =AD60+AC60 -> 37
B61: 1112013 | C61: เค้กเบาหวิว รสเผือกหน้ามะพร้าวเผา (110 กรัม) | F61: =SUM(D61:E61) -> 0 | G61: 1 | I61: =SUM(G61:H61) -> 1 | J61: 1 | L61: =SUM(J61:K61) -> 1 | M61: 80 | O61: =SUM(M61:N61) -> 80 | R61: =SUM(P61:Q61) -> 0 | U61: =SUM(S61:T61) -> 0 | X61: =SUM(V61:W61) -> 0 | Z61: =+F61+I61+L61+O61+R61+U61+X61+Y61 -> 82 | AA61: 95 | AB61: 32 | AC61: =+AA61+AB61-Z61 -> 45 | AD61: 45 | AG61: =AD61+AC61 -> 90
B62: 1112014 | C62: เค้กเบาหวิว รสกล้วยหอมหน้ามะพร้าวเผา (300 กรัม) | F62: =SUM(D62:E62) -> 0 | I62: =SUM(G62:H62) -> 0 | L62: =SUM(J62:K62) -> 0 | O62: =SUM(M62:N62) -> 0 | R62: =SUM(P62:Q62) -> 0 | U62: =SUM(S62:T62) -> 0 | X62: =SUM(V62:W62) -> 0 | Z62: =+F62+I62+L62+O62+R62+U62+X62+Y62 -> 0 | AC62: =+AA62+AB62-Z62 -> 0 | AD62: 45 | AG62: =AD62+AC62 -> 45
B63: 1112015 | C63: เค้กเบาหวิว รสกล้วยหอมหน้ามะพร้าวเผา (110 กรัม) | F63: =SUM(D63:E63) -> 0 | G63: 1 | I63: =SUM(G63:H63) -> 1 | J63: 1 | L63: =SUM(J63:K63) -> 1 | M63: 80 | O63: =SUM(M63:N63) -> 80 | R63: =SUM(P63:Q63) -> 0 | U63: =SUM(S63:T63) -> 0 | X63: =SUM(V63:W63) -> 0 | Z63: =+F63+I63+L63+O63+R63+U63+X63+Y63 -> 82 | AA63: 95 | AB63: 33 | AC63: =+AA63+AB63-Z63 -> 46 | AD63: 45 | AG63: =AD63+AC63 -> 91 | AI63: =SUM(AG53:AG63) -> 755 | AJ63: 237 | AK63: =+AI63+AJ63 -> 992
B64: 1112017 | C64: เค้กเบาหวิว รสตาลหอม (110 กรัม) | F64: =SUM(D64:E64) -> 0 | I64: =SUM(G64:H64) -> 0 | L64: =SUM(J64:K64) -> 0 | O64: =SUM(M64:N64) -> 0 | R64: =SUM(P64:Q64) -> 0 | U64: =SUM(S64:T64) -> 0 | X64: =SUM(V64:W64) -> 0 | Z64: =+F64+I64+L64+O64+R64+U64+X64+Y64 -> 0 | AC64: =+AA64+AB64-Z64 -> 0 | AG64: =AD64+AC64 -> 0
B65: 1100003 | C65: เมอร์แรงค์ (กระปุก) | F65: =SUM(D65:E65) -> 0 | I65: =SUM(G65:H65) -> 0 | L65: =SUM(J65:K65) -> 0 | O65: =SUM(M65:N65) -> 0 | R65: =SUM(P65:Q65) -> 0 | U65: =SUM(S65:T65) -> 0 | X65: =SUM(V65:W65) -> 0 | Z65: =+F65+I65+L65+O65+R65+U65+X65+Y65 -> 0 | AC65: =+AA65+AB65-Z65 -> 0 | AG65: =AD65+AC65 -> 0
B66: 20039042 | C66: ขนมปังเนยนิ่ม 3 ชิ้น | F66: =SUM(D66:E66) -> 0 | I66: =SUM(G66:H66) -> 0 | L66: =SUM(J66:K66) -> 0 | M66: 6 | O66: =SUM(M66:N66) -> 6 | R66: =SUM(P66:Q66) -> 0 | U66: =SUM(S66:T66) -> 0 | X66: =SUM(V66:W66) -> 0 | Z66: =+F66+I66+L66+O66+R66+U66+X66+Y66 -> 6 | AB66: 46 | AC66: =+AA66+AB66-Z66 -> 40 | AG66: =AD66+AC66 -> 40
B67: 1114501 | C67: ครีมฮอร์นวนิลา เนยสด | F67: =SUM(D67:E67) -> 0 | G67: 8 | I67: =SUM(G67:H67) -> 8 | J67: 5 | L67: =SUM(J67:K67) -> 5 | M67: 91 | O67: =SUM(M67:N67) -> 91 | R67: =SUM(P67:Q67) -> 0 | U67: =SUM(S67:T67) -> 0 | X67: =SUM(V67:W67) -> 0 | Z67: =+F67+I67+L67+O67+R67+U67+X67+Y67 -> 104 | AA67: 150 | AB67: 5 | AC67: =+AA67+AB67-Z67 -> 51 | AG67: =AD67+AC67 -> 51
B68: 1114502 | C68: ครีมฮอร์นใบเตย เนยสด | F68: =SUM(D68:E68) -> 0 | G68: 2 | I68: =SUM(G68:H68) -> 2 | J68: 2 | L68: =SUM(J68:K68) -> 2 | M68: 91 | O68: =SUM(M68:N68) -> 91 | R68: =SUM(P68:Q68) -> 0 | U68: =SUM(S68:T68) -> 0 | X68: =SUM(V68:W68) -> 0 | Z68: =+F68+I68+L68+O68+R68+U68+X68+Y68 -> 95 | AA68: 150 | AB68: 34 | AC68: =+AA68+AB68-Z68 -> 89 | AG68: =AD68+AC68 -> 89
B69: 1114503 | C69: ครีมฮอร์นช็อคโกแลต เนยสด | F69: =SUM(D69:E69) -> 0 | G69: 3 | I69: =SUM(G69:H69) -> 3 | J69: 1 | L69: =SUM(J69:K69) -> 1 | M69: 91 | O69: =SUM(M69:N69) -> 91 | R69: =SUM(P69:Q69) -> 0 | U69: =SUM(S69:T69) -> 0 | X69: =SUM(V69:W69) -> 0 | Z69: =+F69+I69+L69+O69+R69+U69+X69+Y69 -> 95 | AA69: 150 | AB69: 1 | AC69: =+AA69+AB69-Z69 -> 56 | AG69: =AD69+AC69 -> 56
B70: 1124021 | C70: ขนมปังแถว 430 g | F70: =SUM(D70:E70) -> 0 | G70: 13 | I70: =SUM(G70:H70) -> 13 | L70: =SUM(J70:K70) -> 0 | M70: 6 | O70: =SUM(M70:N70) -> 6 | R70: =SUM(P70:Q70) -> 0 | U70: =SUM(S70:T70) -> 0 | X70: =SUM(V70:W70) -> 0 | Z70: =+F70+I70+L70+O70+R70+U70+X70+Y70 -> 19 | AA70: 20 | AB70: 4 | AC70: =+AA70+AB70-Z70 -> 5 | AD70: 50 | AG70: =AD70+AC70 -> 55
B71: 1005761 | C71: ขนมปังกรอบคาราเมล | F71: =SUM(D71:E71) -> 0 | I71: =SUM(G71:H71) -> 0 | L71: =SUM(J71:K71) -> 0 | O71: =SUM(M71:N71) -> 0 | R71: =SUM(P71:Q71) -> 0 | U71: =SUM(S71:T71) -> 0 | X71: =SUM(V71:W71) -> 0 | Z71: =+F71+I71+L71+O71+R71+U71+X71+Y71 -> 0 | AC71: =+AA71+AB71-Z71 -> 0 | AG71: =AD71+AC71 -> 0
B72: 1100001 | C72: พายสัปปะรด (1 ชิ้น) | F72: =SUM(D72:E72) -> 0 | I72: =SUM(G72:H72) -> 0 | L72: =SUM(J72:K72) -> 0 | O72: =SUM(M72:N72) -> 0 | R72: =SUM(P72:Q72) -> 0 | U72: =SUM(S72:T72) -> 0 | X72: =SUM(V72:W72) -> 0 | Z72: =+F72+I72+L72+O72+R72+U72+X72+Y72 -> 0 | AC72: =+AA72+AB72-Z72 -> 0 | AG72: =AD72+AC72 -> 0
B73: 1100002 | C73: พายสัปปะรด (1 กล่อง) | F73: =SUM(D73:E73) -> 0 | I73: =SUM(G73:H73) -> 0 | L73: =SUM(J73:K73) -> 0 | O73: =SUM(M73:N73) -> 0 | R73: =SUM(P73:Q73) -> 0 | U73: =SUM(S73:T73) -> 0 | X73: =SUM(V73:W73) -> 0 | Z73: =+F73+I73+L73+O73+R73+U73+X73+Y73 -> 0 | AC73: =+AA73+AB73-Z73 -> 0 | AG73: =AD73+AC73 -> 0
B74: 20052721 | C74: วรรณวนัชแซนวิซโบราณ 70g | F74: =SUM(D74:E74) -> 0 | I74: =SUM(G74:H74) -> 0 | L74: =SUM(J74:K74) -> 0 | O74: =SUM(M74:N74) -> 0 | R74: =SUM(P74:Q74) -> 0 | U74: =SUM(S74:T74) -> 0 | X74: =SUM(V74:W74) -> 0 | Y74: 10 | Z74: =+F74+I74+L74+O74+R74+U74+X74+Y74 -> 10 | AA74: 10 | AC74: =+AA74+AB74-Z74 -> 0 | AG74: =AD74+AC74 -> 0
B75: 1113170 | C75: ขนมเปี๊ยะถั่วฝอยทองไข่เค็ม 450 กรัม | D75: 13 | F75: =SUM(D75:E75) -> 13 | I75: =SUM(G75:H75) -> 0 | L75: =SUM(J75:K75) -> 0 | M75: 1 | O75: =SUM(M75:N75) -> 1 | R75: =SUM(P75:Q75) -> 0 | U75: =SUM(S75:T75) -> 0 | X75: =SUM(V75:W75) -> 0 | Z75: =+F75+I75+L75+O75+R75+U75+X75+Y75 -> 14 | AA75: 20 | AC75: =+AA75+AB75-Z75 -> 6 | AG75: =AD75+AC75 -> 6
B76: 1113171 | C76: ขนมเปี๊ยะฟักถั่วไข่เค็ม 450 กรัม | D76: 10 | F76: =SUM(D76:E76) -> 10 | I76: =SUM(G76:H76) -> 0 | L76: =SUM(J76:K76) -> 0 | M76: 2 | O76: =SUM(M76:N76) -> 2 | R76: =SUM(P76:Q76) -> 0 | U76: =SUM(S76:T76) -> 0 | X76: =SUM(V76:W76) -> 0 | Z76: =+F76+I76+L76+O76+R76+U76+X76+Y76 -> 12 | AA76: 20 | AC76: =+AA76+AB76-Z76 -> 8 | AG76: =AD76+AC76 -> 8
B77: 1113172 | C77: ขนมเปี๊ยะเผือกฝอยทองไข่เค็ม 450 กรัม | F77: =SUM(D77:E77) -> 0 | I77: =SUM(G77:H77) -> 0 | L77: =SUM(J77:K77) -> 0 | O77: =SUM(M77:N77) -> 0 | R77: =SUM(P77:Q77) -> 0 | U77: =SUM(S77:T77) -> 0 | X77: =SUM(V77:W77) -> 0 | Z77: =+F77+I77+L77+O77+R77+U77+X77+Y77 -> 0 | AC77: =+AA77+AB77-Z77 -> 0 | AG77: =AD77+AC77 -> 0
B78: 1113173 | C78: ขนมเปี๊ยะงาดำฝอยทองไข่เค็ม 450 กรัม | D78: 8 | F78: =SUM(D78:E78) -> 8 | I78: =SUM(G78:H78) -> 0 | L78: =SUM(J78:K78) -> 0 | M78: 2 | O78: =SUM(M78:N78) -> 2 | R78: =SUM(P78:Q78) -> 0 | U78: =SUM(S78:T78) -> 0 | X78: =SUM(V78:W78) -> 0 | Z78: =+F78+I78+L78+O78+R78+U78+X78+Y78 -> 10 | AA78: 20 | AB78: 5 | AC78: =+AA78+AB78-Z78 -> 15 | AG78: =AD78+AC78 -> 15
B79: 1200001 | C79: คอร์นเฟล็ค | F79: =SUM(D79:E79) -> 0 | I79: =SUM(G79:H79) -> 0 | L79: =SUM(J79:K79) -> 0 | O79: =SUM(M79:N79) -> 0 | R79: =SUM(P79:Q79) -> 0 | U79: =SUM(S79:T79) -> 0 | X79: =SUM(V79:W79) -> 0 | Z79: =+F79+I79+L79+O79+R79+U79+X79+Y79 -> 0 | AC79: =+AA79+AB79-Z79 -> 0 | AG79: =AD79+AC79 -> 0
B80: 1200002 | C80: ท๊อฟฟี่ถั่ว (กล่อง) | F80: =SUM(D80:E80) -> 0 | I80: =SUM(G80:H80) -> 0 | L80: =SUM(J80:K80) -> 0 | O80: =SUM(M80:N80) -> 0 | R80: =SUM(P80:Q80) -> 0 | U80: =SUM(S80:T80) -> 0 | X80: =SUM(V80:W80) -> 0 | Z80: =+F80+I80+L80+O80+R80+U80+X80+Y80 -> 0 | AC80: =+AA80+AB80-Z80 -> 0 | AG80: =AD80+AC80 -> 0
B81: 20054646 | C81: ปังพิซซ่า | F81: =SUM(D81:E81) -> 0 | I81: =SUM(G81:H81) -> 0 | L81: =SUM(J81:K81) -> 0 | O81: =SUM(M81:N81) -> 0 | R81: =SUM(P81:Q81) -> 0 | U81: =SUM(S81:T81) -> 0 | X81: =SUM(V81:W81) -> 0 | Z81: =+F81+I81+L81+O81+R81+U81+X81+Y81 -> 0 | AC81: =+AA81+AB81-Z81 -> 0 | AG81: =AD81+AC81 -> 0
B82: 300 | C82: เศษขนมปังปลา 5กก. | F82: =SUM(D82:E82) -> 0 | G82: 4 | I82: =SUM(G82:H82) -> 4 | J82: 2 | L82: =SUM(J82:K82) -> 2 | O82: =SUM(M82:N82) -> 0 | R82: =SUM(P82:Q82) -> 0 | U82: =SUM(S82:T82) -> 0 | X82: =SUM(V82:W82) -> 0 | Z82: =+F82+I82+L82+O82+R82+U82+X82+Y82 -> 6 | AC82: =+AA82+AB82-Z82 -> -6 | AG82: =AD82+AC82 -> -6
B83: 200 | C83: เศษขนมปังปลา 1 กก. | F83: =SUM(D83:E83) -> 0 | G83: 4 | I83: =SUM(G83:H83) -> 4 | L83: =SUM(J83:K83) -> 0 | O83: =SUM(M83:N83) -> 0 | R83: =SUM(P83:Q83) -> 0 | U83: =SUM(S83:T83) -> 0 | X83: =SUM(V83:W83) -> 0 | Z83: =+F83+I83+L83+O83+R83+U83+X83+Y83 -> 4 | AC83: =+AA83+AB83-Z83 -> -4 | AG83: =AD83+AC83 -> -4
B84: 1111087 | C84: ชิฟฟอน 8 ชิ้น สตอเบอรี่ล้วน | F84: =SUM(D84:E84) -> 0 | I84: =SUM(G84:H84) -> 0 | L84: =SUM(J84:K84) -> 0 | O84: =SUM(M84:N84) -> 0 | R84: =SUM(P84:Q84) -> 0 | U84: =SUM(S84:T84) -> 0 | X84: =SUM(V84:W84) -> 0 | Z84: =+F84+I84+L84+O84+R84+U84+X84+Y84 -> 0 | AC84: =+AA84+AB84-Z84 -> 0 | AG84: =AD84+AC84 -> 0
C85: ชิฟฟอน 4 ชิ้น มะพร้าวล้วน | F85: =SUM(D85:E85) -> 0 | I85: =SUM(G85:H85) -> 0 | L85: =SUM(J85:K85) -> 0 | O85: =SUM(M85:N85) -> 0 | R85: =SUM(P85:Q85) -> 0 | U85: =SUM(S85:T85) -> 0 | X85: =SUM(V85:W85) -> 0 | Z85: =+F85+I85+L85+O85+R85+U85+X85+Y85 -> 0 | AC85: =+AA85+AB85-Z85 -> 0 | AG85: =AD85+AC85 -> 0
C86: ชิฟฟอน 4 ชิ้น กาแฟล้วน | F86: =SUM(D86:E86) -> 0 | I86: =SUM(G86:H86) -> 0 | L86: =SUM(J86:K86) -> 0 | O86: =SUM(M86:N86) -> 0 | R86: =SUM(P86:Q86) -> 0 | U86: =SUM(S86:T86) -> 0 | X86: =SUM(V86:W86) -> 0 | Z86: =+F86+I86+L86+O86+R86+U86+X86+Y86 -> 0 | AC86: =+AA86+AB86-Z86 -> 0 | AG86: =AD86+AC86 -> 0
C87: ชิฟฟอน 4 ชิ้น ชาเขียวล้วน | F87: =SUM(D87:E87) -> 0 | I87: =SUM(G87:H87) -> 0 | L87: =SUM(J87:K87) -> 0 | O87: =SUM(M87:N87) -> 0 | R87: =SUM(P87:Q87) -> 0 | U87: =SUM(S87:T87) -> 0 | X87: =SUM(V87:W87) -> 0 | Z87: =+F87+I87+L87+O87+R87+U87+X87+Y87 -> 0 | AC87: =+AA87+AB87-Z87 -> 0 | AG87: =AD87+AC87 -> 0
C88: ชิฟฟอน 4 ชิ้น ใบเตยล้วน | F88: =SUM(D88:E88) -> 0 | I88: =SUM(G88:H88) -> 0 | L88: =SUM(J88:K88) -> 0 | O88: =SUM(M88:N88) -> 0 | R88: =SUM(P88:Q88) -> 0 | U88: =SUM(S88:T88) -> 0 | X88: =SUM(V88:W88) -> 0 | Z88: =+F88+I88+L88+O88+R88+U88+X88+Y88 -> 0 | AC88: =+AA88+AB88-Z88 -> 0 | AG88: =AD88+AC88 -> 0
B89: 1111092 | C89: ชิฟฟอน 8 ชิ้น กล้วยหอม | F89: =SUM(D89:E89) -> 0 | I89: =SUM(G89:H89) -> 0 | L89: =SUM(J89:K89) -> 0 | O89: =SUM(M89:N89) -> 0 | R89: =SUM(P89:Q89) -> 0 | U89: =SUM(S89:T89) -> 0 | X89: =SUM(V89:W89) -> 0 | Z89: =+F89+I89+L89+O89+R89+U89+X89+Y89 -> 0 | AC89: =+AA89+AB89-Z89 -> 0 | AG89: =AD89+AC89 -> 0
B90: 1111093 | C90: ชิฟฟอน 8 ชิ้น โกโก้ล้วน | F90: =SUM(D90:E90) -> 0 | I90: =SUM(G90:H90) -> 0 | L90: =SUM(J90:K90) -> 0 | O90: =SUM(M90:N90) -> 0 | R90: =SUM(P90:Q90) -> 0 | U90: =SUM(S90:T90) -> 0 | X90: =SUM(V90:W90) -> 0 | Z90: =+F90+I90+L90+O90+R90+U90+X90+Y90 -> 0 | AC90: =+AA90+AB90-Z90 -> 0 | AG90: =AD90+AC90 -> 0
B91: 1111088 | C91: ชิฟฟอน 8 ชิ้น ส้มล้วน | F91: =SUM(D91:E91) -> 0 | I91: =SUM(G91:H91) -> 0 | L91: =SUM(J91:K91) -> 0 | O91: =SUM(M91:N91) -> 0 | R91: =SUM(P91:Q91) -> 0 | U91: =SUM(S91:T91) -> 0 | X91: =SUM(V91:W91) -> 0 | Z91: =+F91+I91+L91+O91+R91+U91+X91+Y91 -> 0 | AC91: =+AA91+AB91-Z91 -> 0 | AG91: =AD91+AC91 -> 0
B92: 1111089 | C92: ชิฟฟอน 8 ชิ้น เนยล้วน | F92: =SUM(D92:E92) -> 0 | I92: =SUM(G92:H92) -> 0 | L92: =SUM(J92:K92) -> 0 | O92: =SUM(M92:N92) -> 0 | R92: =SUM(P92:Q92) -> 0 | U92: =SUM(S92:T92) -> 0 | X92: =SUM(V92:W92) -> 0 | Z92: =+F92+I92+L92+O92+R92+U92+X92+Y92 -> 0 | AC92: =+AA92+AB92-Z92 -> 0 | AG92: =AD92+AC92 -> 0
B93: 1111094 | C93: ชิฟฟอน 8 ชิ้น ชาไทยล้วน | F93: =SUM(D93:E93) -> 0 | I93: =SUM(G93:H93) -> 0 | L93: =SUM(J93:K93) -> 0 | O93: =SUM(M93:N93) -> 0 | R93: =SUM(P93:Q93) -> 0 | U93: =SUM(S93:T93) -> 0 | X93: =SUM(V93:W93) -> 0 | Z93: =+F93+I93+L93+O93+R93+U93+X93+Y93 -> 0 | AC93: =+AA93+AB93-Z93 -> 0 | AG93: =AD93+AC93 -> 0
B94: 1111095 | C94: ชิฟฟอน 8 ชิ้น ชาเขียวล้วน | F94: =SUM(D94:E94) -> 0 | I94: =SUM(G94:H94) -> 0 | L94: =SUM(J94:K94) -> 0 | O94: =SUM(M94:N94) -> 0 | R94: =SUM(P94:Q94) -> 0 | U94: =SUM(S94:T94) -> 0 | X94: =SUM(V94:W94) -> 0 | Z94: =+F94+I94+L94+O94+R94+U94+X94+Y94 -> 0 | AC94: =+AA94+AB94-Z94 -> 0 | AG94: =AD94+AC94 -> 0
B95: 1111091 | C95: ชิฟฟอน 8 ชิ้น ใบเตยล้วน | F95: =SUM(D95:E95) -> 0 | I95: =SUM(G95:H95) -> 0 | L95: =SUM(J95:K95) -> 0 | O95: =SUM(M95:N95) -> 0 | R95: =SUM(P95:Q95) -> 0 | U95: =SUM(S95:T95) -> 0 | X95: =SUM(V95:W95) -> 0 | Z95: =+F95+I95+L95+O95+R95+U95+X95+Y95 -> 0 | AC95: =+AA95+AB95-Z95 -> 0 | AG95: =AD95+AC95 -> 0
B96: 1111086 | C96: ชิฟฟอน 8 ชิ้น มะพร้าวล้วน | F96: =SUM(D96:E96) -> 0 | I96: =SUM(G96:H96) -> 0 | L96: =SUM(J96:K96) -> 0 | O96: =SUM(M96:N96) -> 0 | R96: =SUM(P96:Q96) -> 0 | U96: =SUM(S96:T96) -> 0 | X96: =SUM(V96:W96) -> 0 | Z96: =+F96+I96+L96+O96+R96+U96+X96+Y96 -> 0 | AC96: =+AA96+AB96-Z96 -> 0 | AG96: =AD96+AC96 -> 0
B97: 20059548 | C97: มินบันไก่หยอง | F97: =SUM(D97:E97) -> 0 | I97: =SUM(G97:H97) -> 0 | L97: =SUM(J97:K97) -> 0 | O97: =SUM(M97:N97) -> 0 | R97: =SUM(P97:Q97) -> 0 | U97: =SUM(S97:T97) -> 0 | X97: =SUM(V97:W97) -> 0 | Z97: =+F97+I97+L97+O97+R97+U97+X97+Y97 -> 0 | AC97: =+AA97+AB97-Z97 -> 0 | AG97: =AD97+AC97 -> 0
B98: 1100044 | C98: หมี่กรอบโบราณ | F98: =SUM(D98:E98) -> 0 | I98: =SUM(G98:H98) -> 0 | L98: =SUM(J98:K98) -> 0 | O98: =SUM(M98:N98) -> 0 | R98: =SUM(P98:Q98) -> 0 | U98: =SUM(S98:T98) -> 0 | X98: =SUM(V98:W98) -> 0 | Z98: =+F98+I98+L98+O98+R98+U98+X98+Y98 -> 0 | AB98: 28 | AC98: =+AA98+AB98-Z98 -> 28 | AG98: =AD98+AC98 -> 28
B99: 1100045 | C99: ชิฟฟ่อนขนุน | F99: =SUM(D99:E99) -> 0 | I99: =SUM(G99:H99) -> 0 | L99: =SUM(J99:K99) -> 0 | O99: =SUM(M99:N99) -> 0 | R99: =SUM(P99:Q99) -> 0 | U99: =SUM(S99:T99) -> 0 | X99: =SUM(V99:W99) -> 0 | Z99: =+F99+I99+L99+O99+R99+U99+X99+Y99 -> 0 | AC99: =+AA99+AB99-Z99 -> 0 | AG99: =AD99+AC99 -> 0
B100: ยอดรวม | D100: =+D4+D5+D6+D7+D8+D9+D10+D11+D12+D13+D14+D15+D16+D17+D18+D19+D20+D21+D22+D23+D24+D25+D26+D27+D28+D29+D30+D31+D32+D33+D34+D35+D36+D37+D38+D39+D40+D41+D42+D43+D44+D45+D46+D47+D48+D49+D50+D51+D52+D53+D54+D55+D56+D57+D58+D59+D60+D61+D62+D63+D64+D65+D66+D67+D68+D69+D70+D71+D72+D73+D74+D75+D76+D77+D78+D79+D80+D81+D82+D83+D84+D85+D86+D87+D88+D89+D90+D91+D92+D93+D94+D95+D96+D97+D98+D99 -> 31 | E100: =+E4+E5+E6+E7+E8+E9+E10+E11+E12+E13+E14+E15+E16+E17+E18+E19+E20+E21+E22+E23+E24+E25+E26+E27+E28+E29+E30+E31+E32+E33+E34+E35+E36+E37+E38+E39+E40+E41+E42+E43+E44+E45+E46+E47+E48+E49+E50+E51+E52+E53+E54+E55+E56+E57+E58+E59+E60+E61+E62+E63+E64+E65+E66+E67+E68+E69+E70+E71+E72+E73+E74+E75+E76+E77+E78+E79+E80+E81+E82+E83+E84+E85+E86+E87+E88+E89+E90+E91+E92+E93+E94+E95+E96+E97+E98+E99 -> 0 | F100: =+F4+F5+F6+F7+F8+F9+F10+F11+F12+F13+F14+F15+F16+F17+F18+F19+F20+F21+F22+F23+F24+F25+F26+F27+F28+F29+F30+F31+F32+F33+F34+F35+F36+F37+F38+F39+F40+F41+F42+F43+F44+F45+F46+F47+F48+F49+F50+F51+F52+F53+F54+F55+F56+F57+F58+F59+F60+F61+F62+F63+F64+F65+F66+F67+F68+F69+F70+F71+F72+F73+F74+F75+F76+F77+F78+F79+F80+F81+F82+F83+F84+F85+F86+F87+F88+F89+F90+F91+F92+F93+F94+F95+F96+F97+F98+F99 -> 31 | G100: =+G4+G5+G6+G7+G8+G9+G10+G11+G12+G13+G14+G15+G16+G17+G18+G19+G20+G21+G22+G23+G24+G25+G26+G27+G28+G29+G30+G31+G32+G33+G34+G35+G36+G37+G38+G39+G40+G41+G42+G43+G44+G45+G46+G47+G48+G49+G50+G51+G52+G53+G54+G55+G56+G57+G58+G59+G60+G61+G62+G63+G64+G65+G66+G67+G68+G69+G70+G71+G72+G73+G74+G75+G76+G77+G78+G79+G80+G81+G82+G83+G84+G85+G86+G87+G88+G89+G90+G91+G92+G93+G94+G95+G96+G97+G98+G99 -> 145 | H100: =+H4+H5+H6+H7+H8+H9+H10+H11+H12+H13+H14+H15+H16+H17+H18+H19+H20+H21+H22+H23+H24+H25+H26+H27+H28+H29+H30+H31+H32+H33+H34+H35+H36+H37+H38+H39+H40+H41+H42+H43+H44+H45+H46+H47+H48+H49+H50+H51+H52+H53+H54+H55+H56+H57+H58+H59+H60+H61+H62+H63+H64+H65+H66+H67+H68+H69+H70+H71+H72+H73+H74+H75+H76+H77+H78+H79+H80+H81+H82+H83+H84+H85+H86+H87+H88+H89+H90+H91+H92+H93+H94+H95+H96+H97+H98+H99 -> 0 | I100: =+I4+I5+I6+I7+I8+I9+I10+I11+I12+I13+I14+I15+I16+I17+I18+I19+I20+I21+I22+I23+I24+I25+I26+I27+I28+I29+I30+I31+I32+I33+I34+I35+I36+I37+I38+I39+I40+I41+I42+I43+I44+I45+I46+I47+I48+I49+I50+I51+I52+I53+I54+I55+I56+I57+I58+I59+I60+I61+I62+I63+I64+I65+I66+I67+I68+I69+I70+I71+I72+I73+I74+I75+I76+I77+I78+I79+I80+I81+I82+I83+I84+I85+I86+I87+I88+I89+I90+I91+I92+I93+I94+I95+I96+I97+I98+I99 -> 145 | J100: =+J4+J5+J6+J7+J8+J9+J10+J11+J12+J13+J14+J15+J16+J17+J18+J19+J20+J21+J22+J23+J24+J25+J26+J27+J28+J29+J30+J31+J32+J33+J34+J35+J36+J37+J38+J39+J40+J41+J42+J43+J44+J45+J46+J47+J48+J49+J50+J51+J52+J53+J54+J55+J56+J57+J58+J59+J60+J61+J62+J63+J64+J65+J66+J67+J68+J69+J70+J71+J72+J73+J74+J75+J76+J77+J78+J79+J80+J81+J82+J83+J84+J85+J86+J87+J88+J89+J90+J91+J92+J93+J94+J95+J96+J97+J98+J99 -> 44 | K100: =+K4+K5+K6+K7+K8+K9+K10+K11+K12+K13+K14+K15+K16+K17+K18+K19+K20+K21+K22+K23+K24+K25+K26+K27+K28+K29+K30+K31+K32+K33+K34+K35+K36+K37+K38+K39+K40+K41+K42+K43+K44+K45+K46+K47+K48+K49+K50+K51+K52+K53+K54+K55+K56+K57+K58+K59+K60+K61+K62+K63+K64+K65+K66+K67+K68+K69+K70+K71+K72+K73+K74+K75+K76+K77+K78+K79+K80+K81+K82+K83+K84+K85+K86+K87+K88+K89+K90+K91+K92+K93+K94+K95+K96+K97+K98+K99 -> 0 | ... Y100: =+Y4+Y5+Y6+Y7+Y8+Y9+Y10+Y11+Y12+Y13+Y14+Y15+Y16+Y17+Y18+Y19+Y20+Y21+Y22+Y23+Y24+Y25+Y26+Y27+Y28+Y29+Y30+Y31+Y32+Y33+Y34+Y35+Y36+Y37+Y38+Y39+Y40+Y41+Y42+Y43+Y44+Y45+Y46+Y47+Y48+Y49+Y50+Y51+Y52+Y53+Y54+Y55+Y56+Y57+Y58+Y59+Y60+Y61+Y62+Y63+Y64+Y65+Y66+Y67+Y68+Y69+Y70+Y71+Y72+Y73+Y74+Y75+Y76+Y77+Y78+Y79+Y80+Y81+Y82+Y83+Y84+Y85+Y86+Y87+Y88+Y89+Y90+Y91+Y92+Y93+Y94+Y95+Y96+Y97+Y98+Y99 -> 43 | Z100: =SUM(Z4:Z99) -> 1106 | AA100: =+AA4+AA5+AA6+AA7+AA8+AA9+AA10+AA11+AA12+AA13+AA14+AA15+AA16+AA17+AA18+AA19+AA20+AA21+AA22+AA23+AA24+AA25+AA26+AA27+AA28+AA29+AA30+AA31+AA32+AA33+AA34+AA35+AA36+AA37+AA38+AA39+AA40+AA41+AA42+AA43+AA44+AA45+AA46+AA47+AA48+AA49+AA50+AA51+AA52+AA53+AA54+AA55+AA56+AA57+AA58+AA59+AA60+AA61+AA62+AA63+AA64+AA65+AA66+AA67+AA68+AA69+AA70+AA71+AA72+AA73+AA74+AA75+AA76+AA77+AA78+AA79+AA80+AA81+AA82+AA83+AA84+AA85+AA86+AA87+AA88+AA89+AA90+AA91+AA92+AA93+AA94+AA95+AA96+AA97+AA98+AA99 -> 1325 | AB100: =+AB4+AB5+AB6+AB7+AB8+AB9+AB10+AB11+AB12+AB13+AB14+AB15+AB16+AB17+AB18+AB19+AB20+AB21+AB22+AB23+AB24+AB25+AB26+AB27+AB28+AB29+AB30+AB31+AB32+AB33+AB34+AB35+AB36+AB37+AB38+AB39+AB40+AB41+AB42+AB43+AB44+AB45+AB46+AB47+AB48+AB49+AB50+AB51+AB52+AB53+AB54+AB55+AB56+AB57+AB58+AB59+AB60+AB61+AB62+AB63+AB64+AB65+AB66+AB67+AB68+AB69+AB70+AB71+AB72+AB73+AB74+AB75+AB76+AB77+AB78+AB79+AB80+AB81+AB82+AB83+AB84+AB85+AB86+AB87+AB88+AB89+AB90+AB91+AB92+AB93+AB94+AB95+AB96+AB97+AB98+AB99 -> 484 | AC100: =+AC4+AC5+AC6+AC7+AC8+AC9+AC10+AC11+AC12+AC13+AC14+AC15+AC16+AC17+AC18+AC19+AC20+AC21+AC22+AC23+AC24+AC25+AC26+AC27+AC28+AC29+AC30+AC31+AC32+AC33+AC34+AC35+AC36+AC37+AC38+AC39+AC40+AC41+AC42+AC43+AC44+AC45+AC46+AC47+AC48+AC49+AC50+AC51+AC52+AC53+AC54+AC55+AC56+AC57+AC58+AC59+AC60+AC61+AC62+AC63+AC64+AC65+AC66+AC67+AC68+AC69+AC70+AC71+AC72+AC73+AC74+AC75+AC76+AC77+AC78+AC79+AC80+AC81+AC82+AC83+AC84+AC85+AC86+AC87+AC88+AC89+AC90+AC91+AC92+AC93+AC94+AC95+AC96+AC97+AC98+AC99 -> 703 | AD100: =+AD4+AD5+AD6+AD7+AD8+AD9+AD10+AD11+AD12+AD13+AD14+AD15+AD16+AD17+AD18+AD19+AD20+AD21+AD22+AD23+AD24+AD25+AD26+AD27+AD28+AD29+AD30+AD31+AD32+AD33+AD34+AD35+AD36+AD37+AD38+AD39+AD40+AD41+AD42+AD43+AD44+AD45+AD46+AD47+AD48+AD49+AD50+AD51+AD52+AD53+AD54+AD55+AD56+AD57+AD58+AD59+AD60+AD61+AD62+AD63+AD64+AD65+AD66+AD67+AD68+AD69+AD70+AD71+AD72+AD73+AD74+AD75+AD76+AD77+AD78+AD79+AD80+AD81+AD82+AD83+AD84+AD85+AD86+AD87+AD88+AD89+AD90+AD91+AD92+AD93+AD94+AD95+AD96+AD97+AD98+AD99 -> 678 | AG100: =AD100+AC100 -> 1381

Sheet 23.08.2568
B1: ยอดจริง ออนไลน์ วันที่ 23/8/2568
B2: รหัสสินค้า | C2: สินค้า | D2: ปณ | G2: ชอปปี้ | J2: ลาซาด้า | M2: ติ๊กตอก | P2: ติ๊กตอก2 | S2: ติ๊กตอก3 | V2: ชอยส์ | Y2: ยอดเส้น | Z2: ยอดรวมผลิต(กล่อง) | AA2: ยอดForcast | AB2: ยอดStock | AC2: ยอดMemo | AD2: ยอดForcastวันพรุ่งนี้
D3: เช้า | E3: บ่าย | F3: รวม | G3: เช้า | H3: บ่าย | I3: รวม | J3: เช้า | K3: บ่าย | L3: รวม | M3: เช้า | N3: บ่าย | O3: รวม | P3: เช้า | Q3: บ่าย | R3: รวม | S3: เช้า | T3: บ่าย | U3: รวม | V3: เช้า | W3: บ่าย | X3: รวม
B4: 1004055 | C4: ชิฟฟ่อนเค้ก วรรณวนัช (รวมรส 4 ชิ้น) | F4: =SUM(D4:E4) -> 0 | I4: =SUM(G4:H4) -> 0 | L4: =SUM(J4:K4) -> 0 | M4: 48 | O4: =SUM(M4:N4) -> 48 | R4: =SUM(P4:Q4) -> 0 | U4: =SUM(S4:T4) -> 0 | X4: =SUM(V4:W4) -> 0 | Z4: =+F4+I4+L4+O4+R4+U4+X4+Y4 -> 48 | AA4: 45 | AC4: =+AA4+AB4-Z4 -> -3 | AD4: 50 | AG4: =AD4+AC4 -> 47
B5: 1111002 | C5: ชิฟฟ่อนเค้ก วรรณวนัช (รวมรส 8 ชิ้น) | F5: =SUM(D5:E5) -> 0 | G5: 41 | I5: =SUM(G5:H5) -> 41 | J5: 23 | L5: =SUM(J5:K5) -> 23 | M5: 3 | O5: =SUM(M5:N5) -> 3 | R5: =SUM(P5:Q5) -> 0 | U5: =SUM(S5:T5) -> 0 | X5: =SUM(V5:W5) -> 0 | Y5: 33 | Z5: =+F5+I5+L5+O5+R5+U5+X5+Y5 -> 100 | AA5: 73 | AB5: 91 | AC5: =+AA5+AB5-Z5 -> 64 | AD5: 70 | AG5: =AD5+AC5 -> 134
B6: 1111055 | C6: วรรณวนัช ชิฟฟ่อนรวมรส 8 ชิ้น | F6: =SUM(D6:E6) -> 0 | I6: =SUM(G6:H6) -> 0 | L6: =SUM(J6:K6) -> 0 | O6: =SUM(M6:N6) -> 0 | R6: =SUM(P6:Q6) -> 0 | U6: =SUM(S6:T6) -> 0 | X6: =SUM(V6:W6) -> 0 | Z6: =+F6+I6+L6+O6+R6+U6+X6+Y6 -> 0 | AC6: =+AA6+AB6-Z6 -> 0 | AG6: =AD6+AC6 -> 0
B7: 1111084 | C7: ชิฟฟ่อนเค้ก รสกาแฟ (8 ชิ้น) | F7: =SUM(D7:E7) -> 0 | I7: =SUM(G7:H7) -> 0 | L7: =SUM(J7:K7) -> 0 | O7: =SUM(M7:N7) -> 0 | R7: =SUM(P7:Q7) -> 0 | U7: =SUM(S7:T7) -> 0 | X7: =SUM(V7:W7) -> 0 | Z7: =+F7+I7+L7+O7+R7+U7+X7+Y7 -> 0 | AC7: =+AA7+AB7-Z7 -> 0 | AG7: =AD7+AC7 -> 0
B8: 1111043 | C8: ชิฟฟอนรสมะลิ 8 ชิ้น ห่อ ซีน | F8: =SUM(D8:E8) -> 0 | I8: =SUM(G8:H8) -> 0 | L8: =SUM(J8:K8) -> 0 | O8: =SUM(M8:N8) -> 0 | R8: =SUM(P8:Q8) -> 0 | U8: =SUM(S8:T8) -> 0 | X8: =SUM(V8:W8) -> 0 | Z8: =+F8+I8+L8+O8+R8+U8+X8+Y8 -> 0 | AC8: =+AA8+AB8-Z8 -> 0 | AG8: =AD8+AC8 -> 0
B9: 1111057 | C9: ชิฟฟอนแยกชิ้น กาแฟ | F9: =SUM(D9:E9) -> 0 | G9: 4 | I9: =SUM(G9:H9) -> 4 | L9: =SUM(J9:K9) -> 0 | O9: =SUM(M9:N9) -> 0 | R9: =SUM(P9:Q9) -> 0 | U9: =SUM(S9:T9) -> 0 | X9: =SUM(V9:W9) -> 0 | Z9: =+F9+I9+L9+O9+R9+U9+X9+Y9 -> 4 | AC9: =+AA9+AB9-Z9 -> -4 | AG9: =AD9+AC9 -> -4
B10: 1111058 | C10: ชิฟฟอนแยกชิ้น มะลิ | F10: =SUM(D10:E10) -> 0 | G10: 3 | I10: =SUM(G10:H10) -> 3 | L10: =SUM(J10:K10) -> 0 | O10: =SUM(M10:N10) -> 0 | R10: =SUM(P10:Q10) -> 0 | U10: =SUM(S10:T10) -> 0 | X10: =SUM(V10:W10) -> 0 | Z10: =+F10+I10+L10+O10+R10+U10+X10+Y10 -> 3 | AC10: =+AA10+AB10-Z10 -> -3 | AG10: =AD10+AC10 -> -3
B11: 1111059 | C11: ชิฟฟอนแยกชิ้น ใบเตย | F11: =SUM(D11:E11) -> 0 | G11: 3 | I11: =SUM(G11:H11) -> 3 | L11: =SUM(J11:K11) -> 0 | O11: =SUM(M11:N11) -> 0 | R11: =SUM(P11:Q11) -> 0 | U11: =SUM(S11:T11) -> 0 | X11: =SUM(V11:W11) -> 0 | Z11: =+F11+I11+L11+O11+R11+U11+X11+Y11 -> 3 | AC11: =+AA11+AB11-Z11 -> -3 | AG11: =AD11+AC11 -> -3
B12: 1111060 | C12: ชิฟฟอนแยกชิ้น กล้วยหอม | F12: =SUM(D12:E12) -> 0 | G12: 3 | I12: =SUM(G12:H12) -> 3 | L12: =SUM(J12:K12) -> 0 | O12: =SUM(M12:N12) -> 0 | R12: =SUM(P12:Q12) -> 0 | U12: =SUM(S12:T12) -> 0 | X12: =SUM(V12:W12) -> 0 | Z12: =+F12+I12+L12+O12+R12+U12+X12+Y12 -> 3 | AC12: =+AA12+AB12-Z12 -> -3 | AG12: =AD12+AC12 -> -3
B13: 1111061 | C13: ชิฟฟอนแยกชิ้น ชาไทย | F13: =SUM(D13:E13) -> 0 | G13: 3 | I13: =SUM(G13:H13) -> 3 | L13: =SUM(J13:K13) -> 0 | O13: =SUM(M13:N13) -> 0 | R13: =SUM(P13:Q13) -> 0 | U13: =SUM(S13:T13) -> 0 | X13: =SUM(V13:W13) -> 0 | Z13: =+F13+I13+L13+O13+R13+U13+X13+Y13 -> 3 | AC13: =+AA13+AB13-Z13 -> -3 | AG13: =AD13+AC13 -> -3
B14: 1111062 | C14: ชิฟฟอนแยกชิ้น โกโก้ | F14: =SUM(D14:E14) -> 0 | G14: 3 | I14: =SUM(G14:H14) -> 3 | L14: =SUM(J14:K14) -> 0 | O14: =SUM(M14:N14) -> 0 | R14: =SUM(P14:Q14) -> 0 | U14: =SUM(S14:T14) -> 0 | X14: =SUM(V14:W14) -> 0 | Z14: =+F14+I14+L14+O14+R14+U14+X14+Y14 -> 3 | AC14: =+AA14+AB14-Z14 -> -3 | AG14: =AD14+AC14 -> -3
B15: 1111063 | C15: ชิฟฟอนแยกชิ้น ส้ม | F15: =SUM(D15:E15) -> 0 | G15: 3 | I15: =SUM(G15:H15) -> 3 | L15: =SUM(J15:K15) -> 0 | O15: =SUM(M15:N15) -> 0 | R15: =SUM(P15:Q15) -> 0 | U15: =SUM(S15:T15) -> 0 | X15: =SUM(V15:W15) -> 0 | Z15: =+F15+I15+L15+O15+R15+U15+X15+Y15 -> 3 | AC15: =+AA15+AB15-Z15 -> -3 | AG15: =AD15+AC15 -> -3
B16: 1111064 | C16: ชิฟฟอนแยกชิ้น เผือก | F16: =SUM(D16:E16) -> 0 | G16: 3 | I16: =SUM(G16:H16) -> 3 | L16: =SUM(J16:K16) -> 0 | O16: =SUM(M16:N16) -> 0 | R16: =SUM(P16:Q16) -> 0 | U16: =SUM(S16:T16) -> 0 | X16: =SUM(V16:W16) -> 0 | Z16: =+F16+I16+L16+O16+R16+U16+X16+Y16 -> 3 | AC16: =+AA16+AB16-Z16 -> -3 | AG16: =AD16+AC16 -> -3
B17: 1111065 | C17: ชิฟฟอนแยกชิ้น สับปะรด | F17: =SUM(D17:E17) -> 0 | G17: 3 | I17: =SUM(G17:H17) -> 3 | L17: =SUM(J17:K17) -> 0 | O17: =SUM(M17:N17) -> 0 | R17: =SUM(P17:Q17) -> 0 | U17: =SUM(S17:T17) -> 0 | X17: =SUM(V17:W17) -> 0 | Z17: =+F17+I17+L17+O17+R17+U17+X17+Y17 -> 3 | AC17: =+AA17+AB17-Z17 -> -3 | AG17: =AD17+AC17 -> -3
B18: 1111066 | C18: ชิฟฟอนแยกชิ้น สตอเบอรี่ | F18: =SUM(D18:E18) -> 0 | G18: 3 | I18: =SUM(G18:H18) -> 3 | L18: =SUM(J18:K18) -> 0 | O18: =SUM(M18:N18) -> 0 | R18: =SUM(P18:Q18) -> 0 | U18: =SUM(S18:T18) -> 0 | X18: =SUM(V18:W18) -> 0 | Z18: =+F18+I18+L18+O18+R18+U18+X18+Y18 -> 3 | AC18: =+AA18+AB18-Z18 -> -3 | AG18: =AD18+AC18 -> -3
B19: 1111067 | C19: ชิฟฟอนแยกชิ้น มะพร้าว | F19: =SUM(D19:E19) -> 0 | G19: 3 | I19: =SUM(G19:H19) -> 3 | L19: =SUM(J19:K19) -> 0 | O19: =SUM(M19:N19) -> 0 | R19: =SUM(P19:Q19) -> 0 | U19: =SUM(S19:T19) -> 0 | X19: =SUM(V19:W19) -> 0 | Z19: =+F19+I19+L19+O19+R19+U19+X19+Y19 -> 3 | AC19: =+AA19+AB19-Z19 -> -3 | AG19: =AD19+AC19 -> -3
B20: 1111068 | C20: ชิฟฟอนแยกชิ้น เนย | F20: =SUM(D20:E20) -> 0 | G20: 3 | I20: =SUM(G20:H20) -> 3 | L20: =SUM(J20:K20) -> 0 | O20: =SUM(M20:N20) -> 0 | R20: =SUM(P20:Q20) -> 0 | U20: =SUM(S20:T20) -> 0 | X20: =SUM(V20:W20) -> 0 | Z20: =+F20+I20+L20+O20+R20+U20+X20+Y20 -> 3 | AC20: =+AA20+AB20-Z20 -> -3 | AG20: =AD20+AC20 -> -3
B21: 1111069 | C21: ชิฟฟอนแยกชิ้น บลูเบอรี่ | F21: =SUM(D21:E21) -> 0 | G21: 3 | I21: =SUM(G21:H21) -> 3 | L21: =SUM(J21:K21) -> 0 | O21: =SUM(M21:N21) -> 0 | R21: =SUM(P21:Q21) -> 0 | U21: =SUM(S21:T21) -> 0 | X21: =SUM(V21:W21) -> 0 | Z21: =+F21+I21+L21+O21+R21+U21+X21+Y21 -> 3 | AC21: =+AA21+AB21-Z21 -> -3 | AG21: =AD21+AC21 -> -3
B22: 1111070 | C22: ชิฟฟอนแยกชิ้น ทุเรียน | F22: =SUM(D22:E22) -> 0 | I22: =SUM(G22:H22) -> 0 | L22: =SUM(J22:K22) -> 0 | O22: =SUM(M22:N22) -> 0 | R22: =SUM(P22:Q22) -> 0 | U22: =SUM(S22:T22) -> 0 | X22: =SUM(V22:W22) -> 0 | Z22: =+F22+I22+L22+O22+R22+U22+X22+Y22 -> 0 | AC22: =+AA22+AB22-Z22 -> 0 | AG22: =AD22+AC22 -> 0
B23: 1111071 | C23: ชิฟฟอนแยกชิ้น ตาล | F23: =SUM(D23:E23) -> 0 | I23: =SUM(G23:H23) -> 0 | L23: =SUM(J23:K23) -> 0 | O23: =SUM(M23:N23) -> 0 | R23: =SUM(P23:Q23) -> 0 | U23: =SUM(S23:T23) -> 0 | X23: =SUM(V23:W23) -> 0 | Z23: =+F23+I23+L23+O23+R23+U23+X23+Y23 -> 0 | AC23: =+AA23+AB23-Z23 -> 0 | AG23: =AD23+AC23 -> 0
B24: 1111010 | C24: ชิฟฟ่อนเค้กสอดไส้แยม (1 ชิ้น) แยมสับปะรด | F24: =SUM(D24:E24) -> 0 | I24: =SUM(G24:H24) -> 0 | L24: =SUM(J24:K24) -> 0 | O24: =SUM(M24:N24) -> 0 | R24: =SUM(P24:Q24) -> 0 | U24: =SUM(S24:T24) -> 0 | X24: =SUM(V24:W24) -> 0 | Z24: =+F24+I24+L24+O24+R24+U24+X24+Y24 -> 0 | AC24: =+AA24+AB24-Z24 -> 0 | AG24: =AD24+AC24 -> 0
B25: 1111008 | C25: ชิฟฟ่อนเค้ก สอดไส้ (รวมรส 3 ชิ้น) | F25: =SUM(D25:E25) -> 0 | G25: 3 | I25: =SUM(G25:H25) -> 3 | L25: =SUM(J25:K25) -> 0 | M25: 57 | O25: =SUM(M25:N25) -> 57 | R25: =SUM(P25:Q25) -> 0 | U25: =SUM(S25:T25) -> 0 | X25: =SUM(V25:W25) -> 0 | Z25: =+F25+I25+L25+O25+R25+U25+X25+Y25 -> 60 | AA25: 40 | AB25: 25 | AC25: =+AA25+AB25-Z25 -> 5 | AD25: 40 | AG25: =AD25+AC25 -> 45
B26: 1111009 | C26: ชิฟฟ่อนเค้ก สอดไส้ (รวมรส 6 ชิ้น) | F26: =SUM(D26:E26) -> 0 | G26: 3 | I26: =SUM(G26:H26) -> 3 | J26: 3 | L26: =SUM(J26:K26) -> 3 | M26: 4 | O26: =SUM(M26:N26) -> 4 | R26: =SUM(P26:Q26) -> 0 | U26: =SUM(S26:T26) -> 0 | X26: =SUM(V26:W26) -> 0 | Z26: =+F26+I26+L26+O26+R26+U26+X26+Y26 -> 10 | AA26: 20 | AB26: 29 | AC26: =+AA26+AB26-Z26 -> 39 | AD26: 20 | AG26: =AD26+AC26 -> 59
B27: 1111011 | C27: ชิฟฟ่อนเค้กสอดไส้ นมชมพูฮอกไกโด (3 ชิ้น) | F27: =SUM(D27:E27) -> 0 | I27: =SUM(G27:H27) -> 0 | L27: =SUM(J27:K27) -> 0 | O27: =SUM(M27:N27) -> 0 | R27: =SUM(P27:Q27) -> 0 | U27: =SUM(S27:T27) -> 0 | X27: =SUM(V27:W27) -> 0 | Z27: =+F27+I27+L27+O27+R27+U27+X27+Y27 -> 0 | AC27: =+AA27+AB27-Z27 -> 0 | AG27: =AD27+AC27 -> 0
B28: 1111012 | C28: ชิฟฟ่อนเค้กสอดไส้ นมชมพูฮอกไกโด (6 ชิ้น) | F28: =SUM(D28:E28) -> 0 | I28: =SUM(G28:H28) -> 0 | L28: =SUM(J28:K28) -> 0 | O28: =SUM(M28:N28) -> 0 | R28: =SUM(P28:Q28) -> 0 | U28: =SUM(S28:T28) -> 0 | X28: =SUM(V28:W28) -> 0 | Z28: =+F28+I28+L28+O28+R28+U28+X28+Y28 -> 0 | AC28: =+AA28+AB28-Z28 -> 0 | AG28: =AD28+AC28 -> 0
B29: 1111013 | C29: ชิฟฟ่อนเค้กสอดไส้ ช็อคโกแลตนูเทลล่า (3 ชิ้น) | F29: =SUM(D29:E29) -> 0 | I29: =SUM(G29:H29) -> 0 | L29: =SUM(J29:K29) -> 0 | O29: =SUM(M29:N29) -> 0 | R29: =SUM(P29:Q29) -> 0 | U29: =SUM(S29:T29) -> 0 | X29: =SUM(V29:W29) -> 0 | Z29: =+F29+I29+L29+O29+R29+U29+X29+Y29 -> 0 | AC29: =+AA29+AB29-Z29 -> 0 | AG29: =AD29+AC29 -> 0
B30: 1111014 | C30: ชิฟฟ่อนเค้กสอดไส้ ช็อคโกแลตนูเทลล่า (6 ชิ้น) | F30: =SUM(D30:E30) -> 0 | I30: =SUM(G30:H30) -> 0 | L30: =SUM(J30:K30) -> 0 | O30: =SUM(M30:N30) -> 0 | R30: =SUM(P30:Q30) -> 0 | U30: =SUM(S30:T30) -> 0 | X30: =SUM(V30:W30) -> 0 | Z30: =+F30+I30+L30+O30+R30+U30+X30+Y30 -> 0 | AC30: =+AA30+AB30-Z30 -> 0 | AG30: =AD30+AC30 -> 0
B31: 1111015 | C31: ชิฟฟ่อนเค้กสอดไส้เนย รสมะพร้าว (3 ชิ้น) | F31: =SUM(D31:E31) -> 0 | I31: =SUM(G31:H31) -> 0 | L31: =SUM(J31:K31) -> 0 | O31: =SUM(M31:N31) -> 0 | R31: =SUM(P31:Q31) -> 0 | U31: =SUM(S31:T31) -> 0 | X31: =SUM(V31:W31) -> 0 | Z31: =+F31+I31+L31+O31+R31+U31+X31+Y31 -> 0 | AC31: =+AA31+AB31-Z31 -> 0 | AG31: =AD31+AC31 -> 0
B32: 1111016 | C32: ชิฟฟ่อนเค้กสอดไส้เนย รสมะพร้าว (6 ชิ้น) | F32: =SUM(D32:E32) -> 0 | I32: =SUM(G32:H32) -> 0 | L32: =SUM(J32:K32) -> 0 | O32: =SUM(M32:N32) -> 0 | R32: =SUM(P32:Q32) -> 0 | U32: =SUM(S32:T32) -> 0 | X32: =SUM(V32:W32) -> 0 | Z32: =+F32+I32+L32+O32+R32+U32+X32+Y32 -> 0 | AC32: =+AA32+AB32-Z32 -> 0 | AG32: =AD32+AC32 -> 0
B33: 1111017 | C33: ชิฟฟ่อนเค้กสอดไส้แยม รสบลูเบอร์รี่ (3 ชิ้น) | F33: =SUM(D33:E33) -> 0 | I33: =SUM(G33:H33) -> 0 | L33: =SUM(J33:K33) -> 0 | O33: =SUM(M33:N33) -> 0 | R33: =SUM(P33:Q33) -> 0 | U33: =SUM(S33:T33) -> 0 | X33: =SUM(V33:W33) -> 0 | Z33: =+F33+I33+L33+O33+R33+U33+X33+Y33 -> 0 | AC33: =+AA33+AB33-Z33 -> 0 | AG33: =AD33+AC33 -> 0
B34: 1111018 | C34: ชิฟฟ่อนเค้กสอดไส้แยม รสบลูเบอร์รี่ (6 ชิ้น) | F34: =SUM(D34:E34) -> 0 | I34: =SUM(G34:H34) -> 0 | L34: =SUM(J34:K34) -> 0 | O34: =SUM(M34:N34) -> 0 | R34: =SUM(P34:Q34) -> 0 | U34: =SUM(S34:T34) -> 0 | X34: =SUM(V34:W34) -> 0 | Z34: =+F34+I34+L34+O34+R34+U34+X34+Y34 -> 0 | AC34: =+AA34+AB34-Z34 -> 0 | AG34: =AD34+AC34 -> 0
B35: 1111019 | C35: ชิฟฟ่อนเค้กหน้าฝอยทอง สอดไส้แยมส้ม (3 ชิ้น) | F35: =SUM(D35:E35) -> 0 | I35: =SUM(G35:H35) -> 0 | L35: =SUM(J35:K35) -> 0 | O35: =SUM(M35:N35) -> 0 | R35: =SUM(P35:Q35) -> 0 | U35: =SUM(S35:T35) -> 0 | X35: =SUM(V35:W35) -> 0 | Z35: =+F35+I35+L35+O35+R35+U35+X35+Y35 -> 0 | AC35: =+AA35+AB35-Z35 -> 0 | AG35: =AD35+AC35 -> 0
B36: 1111020 | C36: ชิฟฟ่อนเค้กหน้าฝอยทอง สอดไส้แยมส้ม (6 ชิ้น) | F36: =SUM(D36:E36) -> 0 | I36: =SUM(G36:H36) -> 0 | L36: =SUM(J36:K36) -> 0 | O36: =SUM(M36:N36) -> 0 | R36: =SUM(P36:Q36) -> 0 | U36: =SUM(S36:T36) -> 0 | X36: =SUM(V36:W36) -> 0 | Z36: =+F36+I36+L36+O36+R36+U36+X36+Y36 -> 0 | AC36: =+AA36+AB36-Z36 -> 0 | AG36: =AD36+AC36 -> 0
B37: 1111022 | C37: ชิฟฟ่อนเค้กสอดไส้แยม รสสตรอว์เบอร์รี (3 ชิ้น) | F37: =SUM(D37:E37) -> 0 | I37: =SUM(G37:H37) -> 0 | L37: =SUM(J37:K37) -> 0 | O37: =SUM(M37:N37) -> 0 | R37: =SUM(P37:Q37) -> 0 | U37: =SUM(S37:T37) -> 0 | X37: =SUM(V37:W37) -> 0 | Z37: =+F37+I37+L37+O37+R37+U37+X37+Y37 -> 0 | AC37: =+AA37+AB37-Z37 -> 0 | AG37: =AD37+AC37 -> 0
B38: 1111023 | C38: ชิฟฟ่อนเค้กสอดไส้แยม รสสตรอว์เบอร์รี (6 ชิ้น) | F38: =SUM(D38:E38) -> 0 | I38: =SUM(G38:H38) -> 0 | L38: =SUM(J38:K38) -> 0 | O38: =SUM(M38:N38) -> 0 | R38: =SUM(P38:Q38) -> 0 | U38: =SUM(S38:T38) -> 0 | X38: =SUM(V38:W38) -> 0 | Z38: =+F38+I38+L38+O38+R38+U38+X38+Y38 -> 0 | AC38: =+AA38+AB38-Z38 -> 0 | AG38: =AD38+AC38 -> 0
... B40: 1111025 | C40: ชิฟฟ่อนเค้กสอดไส้แยม รสส้ม (6 ชิ้น) | F40: =SUM(D40:E40) -> 0 | I40: =SUM(G40:H40) -> 0 | L40: =SUM(J40:K40) -> 0 | O40: =SUM(M40:N40) -> 0 | R40: =SUM(P40:Q40) -> 0 | U40: =SUM(S40:T40) -> 0 | X40: =SUM(V40:W40) -> 0 | Z40: =+F40+I40+L40+O40+R40+U40+X40+Y40 -> 0 | AC40: =+AA40+AB40-Z40 -> 0 | AG40: =AD40+AC40 -> 0
B41: 1111056 | C41: ชิฟฟอนรวมรสยอดฮิต 8 ชิ้น | D41: 1 | F41: =SUM(D41:E41) -> 1 | I41: =SUM(G41:H41) -> 0 | J41: 1 | L41: =SUM(J41:K41) -> 1 | O41: =SUM(M41:N41) -> 0 | R41: =SUM(P41:Q41) -> 0 | U41: =SUM(S41:T41) -> 0 | X41: =SUM(V41:W41) -> 0 | Z41: =+F41+I41+L41+O41+R41+U41+X41+Y41 -> 2 | AB41: 14 | AC41: =+AA41+AB41-Z41 -> 12 | AD41: 10 | AG41: =AD41+AC41 -> 22
B42: 1111074 | C42: ชิฟฟอนไส้แยมแยกชิ้น มะพร้าว | F42: =SUM(D42:E42) -> 0 | G42: 7 | I42: =SUM(G42:H42) -> 7 | L42: =SUM(J42:K42) -> 0 | O42: =SUM(M42:N42) -> 0 | R42: =SUM(P42:Q42) -> 0 | U42: =SUM(S42:T42) -> 0 | X42: =SUM(V42:W42) -> 0 | Z42: =+F42+I42+L42+O42+R42+U42+X42+Y42 -> 7 | AC42: =+AA42+AB42-Z42 -> -7 | AG42: =AD42+AC42 -> -7
B43: 1111075 | C43: ชิฟฟอนไส้แยมแยกชิ้น สตอเบอรี่ | F43: =SUM(D43:E43) -> 0 | G43: 7 | I43: =SUM(G43:H43) -> 7 | L43: =SUM(J43:K43) -> 0 | O43: =SUM(M43:N43) -> 0 | R43: =SUM(P43:Q43) -> 0 | U43: =SUM(S43:T43) -> 0 | X43: =SUM(V43:W43) -> 0 | Z43: =+F43+I43+L43+O43+R43+U43+X43+Y43 -> 7 | AC43: =+AA43+AB43-Z43 -> -7 | AG43: =AD43+AC43 -> -7
B44: 1111076 | C44: ชิฟฟอนไส้แยมแยกชิ้น ส้ม | F44: =SUM(D44:E44) -> 0 | G44: 7 | I44: =SUM(G44:H44) -> 7 | L44: =SUM(J44:K44) -> 0 | O44: =SUM(M44:N44) -> 0 | R44: =SUM(P44:Q44) -> 0 | U44: =SUM(S44:T44) -> 0 | X44: =SUM(V44:W44) -> 0 | Z44: =+F44+I44+L44+O44+R44+U44+X44+Y44 -> 7 | AC44: =+AA44+AB44-Z44 -> -7 | AG44: =AD44+AC44 -> -7
B45: 1111077 | C45: ชิฟฟอนไส้แยมแยกชิ้น บลูเบอรี่ | F45: =SUM(D45:E45) -> 0 | G45: 7 | I45: =SUM(G45:H45) -> 7 | L45: =SUM(J45:K45) -> 0 | O45: =SUM(M45:N45) -> 0 | R45: =SUM(P45:Q45) -> 0 | U45: =SUM(S45:T45) -> 0 | X45: =SUM(V45:W45) -> 0 | Z45: =+F45+I45+L45+O45+R45+U45+X45+Y45 -> 7 | AC45: =+AA45+AB45-Z45 -> -7 | AG45: =AD45+AC45 -> -7
B46: 1111078 | C46: ชิฟฟอนไส้แยมแยกชิ้น นมชมพู | F46: =SUM(D46:E46) -> 0 | G46: 7 | I46: =SUM(G46:H46) -> 7 | L46: =SUM(J46:K46) -> 0 | O46: =SUM(M46:N46) -> 0 | R46: =SUM(P46:Q46) -> 0 | U46: =SUM(S46:T46) -> 0 | X46: =SUM(V46:W46) -> 0 | Z46: =+F46+I46+L46+O46+R46+U46+X46+Y46 -> 7 | AC46: =+AA46+AB46-Z46 -> -7 | AG46: =AD46+AC46 -> -7
B47: 1111079 | C47: ชิฟฟอนไส้แยมแยกชิ้น ชอคโกแลต | F47: =SUM(D47:E47) -> 0 | G47: 7 | I47: =SUM(G47:H47) -> 7 | L47: =SUM(J47:K47) -> 0 | O47: =SUM(M47:N47) -> 0 | R47: =SUM(P47:Q47) -> 0 | U47: =SUM(S47:T47) -> 0 | X47: =SUM(V47:W47) -> 0 | Z47: =+F47+I47+L47+O47+R47+U47+X47+Y47 -> 7 | AC47: =+AA47+AB47-Z47 -> -7 | AG47: =AD47+AC47 -> -7
B48: 1111080 | C48: ชิฟฟอนไส้แยมแยกชิ้น ฝอยทอง | F48: =SUM(D48:E48) -> 0 | G48: 7 | I48: =SUM(G48:H48) -> 7 | L48: =SUM(J48:K48) -> 0 | O48: =SUM(M48:N48) -> 0 | R48: =SUM(P48:Q48) -> 0 | U48: =SUM(S48:T48) -> 0 | X48: =SUM(V48:W48) -> 0 | Z48: =+F48+I48+L48+O48+R48+U48+X48+Y48 -> 7 | AC48: =+AA48+AB48-Z48 -> -7 | AG48: =AD48+AC48 -> -7
B49: 1111081 | C49: ชิฟฟอนไส้แยมแยกชิ้น วนิลา | F49: =SUM(D49:E49) -> 0 | G49: 7 | I49: =SUM(G49:H49) -> 7 | L49: =SUM(J49:K49) -> 0 | O49: =SUM(M49:N49) -> 0 | R49: =SUM(P49:Q49) -> 0 | U49: =SUM(S49:T49) -> 0 | X49: =SUM(V49:W49) -> 0 | Z49: =+F49+I49+L49+O49+R49+U49+X49+Y49 -> 7 | AC49: =+AA49+AB49-Z49 -> -7 | AG49: =AD49+AC49 -> -7
B50: 1111082 | C50: ชิฟฟอนไส้แยมแยกชิ้น ใบเตย | F50: =SUM(D50:E50) -> 0 | G50: 7 | I50: =SUM(G50:H50) -> 7 | L50: =SUM(J50:K50) -> 0 | O50: =SUM(M50:N50) -> 0 | R50: =SUM(P50:Q50) -> 0 | U50: =SUM(S50:T50) -> 0 | X50: =SUM(V50:W50) -> 0 | Z50: =+F50+I50+L50+O50+R50+U50+X50+Y50 -> 7 | AC50: =+AA50+AB50-Z50 -> -7 | AG50: =AD50+AC50 -> -7
B51: 1111083 | C51: ชิฟฟอนไส้แยมแยกชิ้น เมล่อน | F51: =SUM(D51:E51) -> 0 | G51: 7 | I51: =SUM(G51:H51) -> 7 | L51: =SUM(J51:K51) -> 0 | O51: =SUM(M51:N51) -> 0 | R51: =SUM(P51:Q51) -> 0 | U51: =SUM(S51:T51) -> 0 | X51: =SUM(V51:W51) -> 0 | Z51: =+F51+I51+L51+O51+R51+U51+X51+Y51 -> 7 | AC51: =+AA51+AB51-Z51 -> -7 | AG51: =AD51+AC51 -> -7
B52: 1112002 | C52: เค้กเบาหวิว รสกาแฟ (300 กรัม) | F52: =SUM(D52:E52) -> 0 | I52: =SUM(G52:H52) -> 0 | L52: =SUM(J52:K52) -> 0 | O52: =SUM(M52:N52) -> 0 | R52: =SUM(P52:Q52) -> 0 | U52: =SUM(S52:T52) -> 0 | X52: =SUM(V52:W52) -> 0 | Z52: =+F52+I52+L52+O52+R52+U52+X52+Y52 -> 0 | AC52: =+AA52+AB52-Z52 -> 0 | AG52: =AD52+AC52 -> 0
B53: 1112003 | C53: เค้กเบาหวิว รสกาแฟ (110 กรัม) | D53: 1 | F53: =SUM(D53:E53) -> 1 | I53: =SUM(G53:H53) -> 0 | L53: =SUM(J53:K53) -> 0 | M53: 75 | O53: =SUM(M53:N53) -> 75 | R53: =SUM(P53:Q53) -> 0 | U53: =SUM(S53:T53) -> 0 | X53: =SUM(V53:W53) -> 0 | Z53: =+F53+I53+L53+O53+R53+U53+X53+Y53 -> 76 | AA53: 45 | AB53: 39 | AC53: =+AA53+AB53-Z53 -> 8 | AD53: 60 | AG53: =AD53+AC53 -> 68
B54: 1112004 | C54: เค้กเบาหวิว รสเนยนม (300 กรัม) | F54: =SUM(D54:E54) -> 0 | I54: =SUM(G54:H54) -> 0 | L54: =SUM(J54:K54) -> 0 | O54: =SUM(M54:N54) -> 0 | R54: =SUM(P54:Q54) -> 0 | U54: =SUM(S54:T54) -> 0 | X54: =SUM(V54:W54) -> 0 | Z54: =+F54+I54+L54+O54+R54+U54+X54+Y54 -> 0 | AC54: =+AA54+AB54-Z54 -> 0 | AG54: =AD54+AC54 -> 0
B55: 1112005 | C55: เค้กเบาหวิว รสเนยนม (110 กรัม) | F55: =SUM(D55:E55) -> 0 | I55: =SUM(G55:H55) -> 0 | L55: =SUM(J55:K55) -> 0 | M55: 75 | O55: =SUM(M55:N55) -> 75 | R55: =SUM(P55:Q55) -> 0 | U55: =SUM(S55:T55) -> 0 | X55: =SUM(V55:W55) -> 0 | Z55: =+F55+I55+L55+O55+R55+U55+X55+Y55 -> 75 | AA55: 45 | AB55: 38 | AC55: =+AA55+AB55-Z55 -> 8 | AD55: 60 | AG55: =AD55+AC55 -> 68
B56: 1112008 | C56: เค้กเบาหวิว รสมะพร้าวน้ำหอม (300 กรัม) | F56: =SUM(D56:E56) -> 0 | I56: =SUM(G56:H56) -> 0 | L56: =SUM(J56:K56) -> 0 | O56: =SUM(M56:N56) -> 0 | R56: =SUM(P56:Q56) -> 0 | U56: =SUM(S56:T56) -> 0 | X56: =SUM(V56:W56) -> 0 | Z56: =+F56+I56+L56+O56+R56+U56+X56+Y56 -> 0 | AC56: =+AA56+AB56-Z56 -> 0 | AG56: =AD56+AC56 -> 0
B57: 1112009 | C57: เค้กเบาหวิว รสมะพร้าวน้ำหอม (110 กรัม) | D57: 1 | F57: =SUM(D57:E57) -> 1 | I57: =SUM(G57:H57) -> 0 | L57: =SUM(J57:K57) -> 0 | M57: 75 | O57: =SUM(M57:N57) -> 75 | R57: =SUM(P57:Q57) -> 0 | U57: =SUM(S57:T57) -> 0 | X57: =SUM(V57:W57) -> 0 | Z57: =+F57+I57+L57+O57+R57+U57+X57+Y57 -> 76 | AA57: 76 | AB57: 39 | AC57: =+AA57+AB57-Z57 -> 39 | AD57: 60 | AG57: =AD57+AC57 -> 99
B58: 1112010 | C58: เค้กเบาหวิว หน้าฝอยทอง (300 กรัม) | F58: =SUM(D58:E58) -> 0 | I58: =SUM(G58:H58) -> 0 | L58: =SUM(J58:K58) -> 0 | O58: =SUM(M58:N58) -> 0 | R58: =SUM(P58:Q58) -> 0 | U58: =SUM(S58:T58) -> 0 | X58: =SUM(V58:W58) -> 0 | Z58: =+F58+I58+L58+O58+R58+U58+X58+Y58 -> 0 | AC58: =+AA58+AB58-Z58 -> 0 | AG58: =AD58+AC58 -> 0
B59: 1112011 | C59: เค้กเบาหวิว หน้าฝอยทอง (110 กรัม) | D59: 2 | F59: =SUM(D59:E59) -> 2 | I59: =SUM(G59:H59) -> 0 | J59: 6 | L59: =SUM(J59:K59) -> 6 | M59: 75 | O59: =SUM(M59:N59) -> 75 | R59: =SUM(P59:Q59) -> 0 | U59: =SUM(S59:T59) -> 0 | X59: =SUM(V59:W59) -> 0 | Z59: =+F59+I59+L59+O59+R59+U59+X59+Y59 -> 83 | AA59: 45 | AB59: 50 | AC59: =+AA59+AB59-Z59 -> 12 | AD59: 60 | AG59: =AD59+AC59 -> 72
B60: 1112012 | C60: เค้กเบาหวิว รสเผือกหน้ามะพร้าวเผา (300 กรัม) | F60: =SUM(D60:E60) -> 0 | I60: =SUM(G60:H60) -> 0 | L60: =SUM(J60:K60) -> 0 | M60: 3 | O60: =SUM(M60:N60) -> 3 | R60: =SUM(P60:Q60) -> 0 | U60: =SUM(S60:T60) -> 0 | X60: =SUM(V60:W60) -> 0 | Z60: =+F60+I60+L60+O60+R60+U60+X60+Y60 -> 3 | AB60: 37 | AC60: =+AA60+AB60-Z60 -> 34 | AG60: =AD60+AC60 -> 34
B61: 1112013 | C61: เค้กเบาหวิว รสเผือกหน้ามะพร้าวเผา (110 กรัม) | F61: =SUM(D61:E61) -> 0 | I61: =SUM(G61:H61) -> 0 | L61: =SUM(J61:K61) -> 0 | M61: 75 | O61: =SUM(M61:N61) -> 75 | R61: =SUM(P61:Q61) -> 0 | U61: =SUM(S61:T61) -> 0 | X61: =SUM(V61:W61) -> 0 | Z61: =+F61+I61+L61+O61+R61+U61+X61+Y61 -> 75 | AA61: 45 | AB61: 49 | AC61: =+AA61+AB61-Z61 -> 19 | AD61: 60 | AG61: =AD61+AC61 -> 79
B62: 1112014 | C62: เค้กเบาหวิว รสกล้วยหอมหน้ามะพร้าวเผา (300 กรัม) | F62: =SUM(D62:E62) -> 0 | I62: =SUM(G62:H62) -> 0 | L62: =SUM(J62:K62) -> 0 | O62: =SUM(M62:N62) -> 0 | R62: =SUM(P62:Q62) -> 0 | U62: =SUM(S62:T62) -> 0 | X62: =SUM(V62:W62) -> 0 | Z62: =+F62+I62+L62+O62+R62+U62+X62+Y62 -> 0 | AC62: =+AA62+AB62-Z62 -> 0 | AG62: =AD62+AC62 -> 0
B63: 1112015 | C63: เค้กเบาหวิว รสกล้วยหอมหน้ามะพร้าวเผา (110 กรัม) | F63: =SUM(D63:E63) -> 0 | G63: 1 | I63: =SUM(G63:H63) -> 1 | L63: =SUM(J63:K63) -> 0 | M63: 75 | O63: =SUM(M63:N63) -> 75 | R63: =SUM(P63:Q63) -> 0 | U63: =SUM(S63:T63) -> 0 | X63: =SUM(V63:W63) -> 0 | Z63: =+F63+I63+L63+O63+R63+U63+X63+Y63 -> 76 | AA63: 74 | AB63: 20 | AC63: =+AA63+AB63-Z63 -> 18 | AD63: 60 | AG63: =AD63+AC63 -> 78
B64: 1112017 | C64: เค้กเบาหวิว รสตาลหอม (110 กรัม) | F64: =SUM(D64:E64) -> 0 | I64: =SUM(G64:H64) -> 0 | L64: =SUM(J64:K64) -> 0 | O64: =SUM(M64:N64) -> 0 | R64: =SUM(P64:Q64) -> 0 | U64: =SUM(S64:T64) -> 0 | X64: =SUM(V64:W64) -> 0 | Z64: =+F64+I64+L64+O64+R64+U64+X64+Y64 -> 0 | AC64: =+AA64+AB64-Z64 -> 0 | AG64: =AD64+AC64 -> 0
B65: 1100003 | C65: เมอร์แรงค์ (กระปุก) | F65: =SUM(D65:E65) -> 0 | I65: =SUM(G65:H65) -> 0 | L65: =SUM(J65:K65) -> 0 | O65: =SUM(M65:N65) -> 0 | R65: =SUM(P65:Q65) -> 0 | U65: =SUM(S65:T65) -> 0 | X65: =SUM(V65:W65) -> 0 | Z65: =+F65+I65+L65+O65+R65+U65+X65+Y65 -> 0 | AC65: =+AA65+AB65-Z65 -> 0 | AG65: =AD65+AC65 -> 0
B66: 20039042 | C66: ขนมปังเนยนิ่ม 3 ชิ้น | F66: =SUM(D66:E66) -> 0 | I66: =SUM(G66:H66) -> 0 | L66: =SUM(J66:K66) -> 0 | M66: 3 | O66: =SUM(M66:N66) -> 3 | R66: =SUM(P66:Q66) -> 0 | U66: =SUM(S66:T66) -> 0 | X66: =SUM(V66:W66) -> 0 | Z66: =+F66+I66+L66+O66+R66+U66+X66+Y66 -> 3 | AB66: 40 | AC66: =+AA66+AB66-Z66 -> 37 | AG66: =AD66+AC66 -> 37
B67: 1114501 | C67: ครีมฮอร์นวนิลา เนยสด | F67: =SUM(D67:E67) -> 0 | G67: 10 | I67: =SUM(G67:H67) -> 10 | L67: =SUM(J67:K67) -> 0 | M67: 118 | O67: =SUM(M67:N67) -> 118 | R67: =SUM(P67:Q67) -> 0 | U67: =SUM(S67:T67) -> 0 | X67: =SUM(V67:W67) -> 0 | Z67: =+F67+I67+L67+O67+R67+U67+X67+Y67 -> 128 | AB67: 22 | AC67: =+AA67+AB67-Z67 -> -106 | AD67: 150 | AG67: =AD67+AC67 -> 44
B68: 1114502 | C68: ครีมฮอร์นใบเตย เนยสด | F68: =SUM(D68:E68) -> 0 | I68: =SUM(G68:H68) -> 0 | J68: 1 | L68: =SUM(J68:K68) -> 1 | M68: 118 | O68: =SUM(M68:N68) -> 118 | R68: =SUM(P68:Q68) -> 0 | U68: =SUM(S68:T68) -> 0 | X68: =SUM(V68:W68) -> 0 | Z68: =+F68+I68+L68+O68+R68+U68+X68+Y68 -> 119 | AB68: 56 | AC68: =+AA68+AB68-Z68 -> -63 | AD68: 150 | AG68: =AD68+AC68 -> 87
B69: 1114503 | C69: ครีมฮอร์นช็อคโกแลต เนยสด | F69: =SUM(D69:E69) -> 0 | I69: =SUM(G69:H69) -> 0 | L69: =SUM(J69:K69) -> 0 | M69: 118 | O69: =SUM(M69:N69) -> 118 | R69: =SUM(P69:Q69) -> 0 | U69: =SUM(S69:T69) -> 0 | X69: =SUM(V69:W69) -> 0 | Z69: =+F69+I69+L69+O69+R69+U69+X69+Y69 -> 118 | AB69: 90 | AC69: =+AA69+AB69-Z69 -> -28 | AD69: 150 | AG69: =AD69+AC69 -> 122
B70: 1124021 | C70: ขนมปังแถว 430 g | F70: =SUM(D70:E70) -> 0 | I70: =SUM(G70:H70) -> 0 | J70: 4 | L70: =SUM(J70:K70) -> 4 | M70: 8 | O70: =SUM(M70:N70) -> 8 | R70: =SUM(P70:Q70) -> 0 | U70: =SUM(S70:T70) -> 0 | X70: =SUM(V70:W70) -> 0 | Z70: =+F70+I70+L70+O70+R70+U70+X70+Y70 -> 12 | AA70: 50 | AB70: 46 | AC70: =+AA70+AB70-Z70 -> 84 | AD70: 30 | AG70: =AD70+AC70 -> 114
B71: 1005761 | C71: ขนมปังกรอบคาราเมล | F71: =SUM(D71:E71) -> 0 | I71: =SUM(G71:H71) -> 0 | L71: =SUM(J71:K71) -> 0 | O71: =SUM(M71:N71) -> 0 | R71: =SUM(P71:Q71) -> 0 | U71: =SUM(S71:T71) -> 0 | X71: =SUM(V71:W71) -> 0 | Z71: =+F71+I71+L71+O71+R71+U71+X71+Y71 -> 0 | AC71: =+AA71+AB71-Z71 -> 0 | AG71: =AD71+AC71 -> 0
B72: 1100001 | C72: พายสัปปะรด (1 ชิ้น) | F72: =SUM(D72:E72) -> 0 | I72: =SUM(G72:H72) -> 0 | L72: =SUM(J72:K72) -> 0 | O72: =SUM(M72:N72) -> 0 | R72: =SUM(P72:Q72) -> 0 | U72: =SUM(S72:T72) -> 0 | X72: =SUM(V72:W72) -> 0 | Z72: =+F72+I72+L72+O72+R72+U72+X72+Y72 -> 0 | AC72: =+AA72+AB72-Z72 -> 0 | AG72: =AD72+AC72 -> 0
B73: 1100002 | C73: พายสัปปะรด (1 กล่อง) | F73: =SUM(D73:E73) -> 0 | I73: =SUM(G73:H73) -> 0 | L73: =SUM(J73:K73) -> 0 | O73: =SUM(M73:N73) -> 0 | R73: =SUM(P73:Q73) -> 0 | U73: =SUM(S73:T73) -> 0 | X73: =SUM(V73:W73) -> 0 | Z73: =+F73+I73+L73+O73+R73+U73+X73+Y73 -> 0 | AC73: =+AA73+AB73-Z73 -> 0 | AG73: =AD73+AC73 -> 0
B74: 20052721 | C74: วรรณวนัชแซนวิซโบราณ 70g | F74: =SUM(D74:E74) -> 0 | I74: =SUM(G74:H74) -> 0 | L74: =SUM(J74:K74) -> 0 | O74: =SUM(M74:N74) -> 0 | R74: =SUM(P74:Q74) -> 0 | U74: =SUM(S74:T74) -> 0 | X74: =SUM(V74:W74) -> 0 | Z74: =+F74+I74+L74+O74+R74+U74+X74+Y74 -> 0 | AC74: =+AA74+AB74-Z74 -> 0 | AD74: 40 | AG74: =AD74+AC74 -> 40
B75: 1113170 | C75: ขนมเปี๊ยะถั่วฝอยทองไข่เค็ม 450 กรัม | D75: 4 | F75: =SUM(D75:E75) -> 4 | I75: =SUM(G75:H75) -> 0 | J75: 1 | L75: =SUM(J75:K75) -> 1 | M75: 5 | O75: =SUM(M75:N75) -> 5 | R75: =SUM(P75:Q75) -> 0 | U75: =SUM(S75:T75) -> 0 | X75: =SUM(V75:W75) -> 0 | Z75: =+F75+I75+L75+O75+R75+U75+X75+Y75 -> 10 | AB75: 6 | AC75: =+AA75+AB75-Z75 -> -4 | AG75: =AD75+AC75 -> -4
B76: 1113171 | C76: ขนมเปี๊ยะฟักถั่วไข่เค็ม 450 กรัม | D76: 4 | F76: =SUM(D76:E76) -> 4 | I76: =SUM(G76:H76) -> 0 | L76: =SUM(J76:K76) -> 0 | O76: =SUM(M76:N76) -> 0 | R76: =SUM(P76:Q76) -> 0 | U76: =SUM(S76:T76) -> 0 | X76: =SUM(V76:W76) -> 0 | Z76: =+F76+I76+L76+O76+R76+U76+X76+Y76 -> 4 | AB76: 8 | AC76: =+AA76+AB76-Z76 -> 4 | AG76: =AD76+AC76 -> 4
B77: 1113172 | C77: ขนมเปี๊ยะเผือกฝอยทองไข่เค็ม 450 กรัม | F77: =SUM(D77:E77) -> 0 | I77: =SUM(G77:H77) -> 0 | L77: =SUM(J77:K77) -> 0 | O77: =SUM(M77:N77) -> 0 | R77: =SUM(P77:Q77) -> 0 | U77: =SUM(S77:T77) -> 0 | X77: =SUM(V77:W77) -> 0 | Z77: =+F77+I77+L77+O77+R77+U77+X77+Y77 -> 0 | AC77: =+AA77+AB77-Z77 -> 0 | AG77: =AD77+AC77 -> 0
B78: 1113173 | C78: ขนมเปี๊ยะงาดำฝอยทองไข่เค็ม 450 กรัม | F78: =SUM(D78:E78) -> 0 | I78: =SUM(G78:H78) -> 0 | L78: =SUM(J78:K78) -> 0 | O78: =SUM(M78:N78) -> 0 | R78: =SUM(P78:Q78) -> 0 | U78: =SUM(S78:T78) -> 0 | X78: =SUM(V78:W78) -> 0 | Z78: =+F78+I78+L78+O78+R78+U78+X78+Y78 -> 0 | AB78: 14 | AC78: =+AA78+AB78-Z78 -> 14 | AG78: =AD78+AC78 -> 14
B79: 1200001 | C79: คอร์นเฟล็ค | F79: =SUM(D79:E79) -> 0 | I79: =SUM(G79:H79) -> 0 | L79: =SUM(J79:K79) -> 0 | O79: =SUM(M79:N79) -> 0 | R79: =SUM(P79:Q79) -> 0 | U79: =SUM(S79:T79) -> 0 | X79: =SUM(V79:W79) -> 0 | Z79: =+F79+I79+L79+O79+R79+U79+X79+Y79 -> 0 | AC79: =+AA79+AB79-Z79 -> 0 | AG79: =AD79+AC79 -> 0
B80: 1200002 | C80: ท๊อฟฟี่ถั่ว (กล่อง) | F80: =SUM(D80:E80) -> 0 | I80: =SUM(G80:H80) -> 0 | L80: =SUM(J80:K80) -> 0 | O80: =SUM(M80:N80) -> 0 | R80: =SUM(P80:Q80) -> 0 | U80: =SUM(S80:T80) -> 0 | X80: =SUM(V80:W80) -> 0 | Z80: =+F80+I80+L80+O80+R80+U80+X80+Y80 -> 0 | AC80: =+AA80+AB80-Z80 -> 0 | AG80: =AD80+AC80 -> 0
B81: 20054646 | C81: ปังพิซซ่า | F81: =SUM(D81:E81) -> 0 | I81: =SUM(G81:H81) -> 0 | L81: =SUM(J81:K81) -> 0 | O81: =SUM(M81:N81) -> 0 | R81: =SUM(P81:Q81) -> 0 | U81: =SUM(S81:T81) -> 0 | X81: =SUM(V81:W81) -> 0 | Z81: =+F81+I81+L81+O81+R81+U81+X81+Y81 -> 0 | AC81: =+AA81+AB81-Z81 -> 0 | AG81: =AD81+AC81 -> 0
B82: 300 | C82: เศษขนมปังปลา 5กก. | F82: =SUM(D82:E82) -> 0 | G82: 1 | I82: =SUM(G82:H82) -> 1 | L82: =SUM(J82:K82) -> 0 | O82: =SUM(M82:N82) -> 0 | R82: =SUM(P82:Q82) -> 0 | U82: =SUM(S82:T82) -> 0 | X82: =SUM(V82:W82) -> 0 | Z82: =+F82+I82+L82+O82+R82+U82+X82+Y82 -> 1 | AC82: =+AA82+AB82-Z82 -> -1 | AG82: =AD82+AC82 -> -1
B83: 200 | C83: เศษขนมปังปลา 1 กก. | F83: =SUM(D83:E83) -> 0 | G83: 6 | I83: =SUM(G83:H83) -> 6 | L83: =SUM(J83:K83) -> 0 | O83: =SUM(M83:N83) -> 0 | R83: =SUM(P83:Q83) -> 0 | U83: =SUM(S83:T83) -> 0 | X83: =SUM(V83:W83) -> 0 | Z83: =+F83+I83+L83+O83+R83+U83+X83+Y83 -> 6 | AC83: =+AA83+AB83-Z83 -> -6 | AG83: =AD83+AC83 -> -6
B84: 1111087 | C84: ชิฟฟอน 8 ชิ้น สตอเบอรี่ล้วน | F84: =SUM(D84:E84) -> 0 | I84: =SUM(G84:H84) -> 0 | L84: =SUM(J84:K84) -> 0 | O84: =SUM(M84:N84) -> 0 | R84: =SUM(P84:Q84) -> 0 | U84: =SUM(S84:T84) -> 0 | X84: =SUM(V84:W84) -> 0 | Z84: =+F84+I84+L84+O84+R84+U84+X84+Y84 -> 0 | AC84: =+AA84+AB84-Z84 -> 0 | AG84: =AD84+AC84 -> 0
C85: ชิฟฟอน 4 ชิ้น มะพร้าวล้วน | F85: =SUM(D85:E85) -> 0 | I85: =SUM(G85:H85) -> 0 | L85: =SUM(J85:K85) -> 0 | O85: =SUM(M85:N85) -> 0 | R85: =SUM(P85:Q85) -> 0 | U85: =SUM(S85:T85) -> 0 | X85: =SUM(V85:W85) -> 0 | Z85: =+F85+I85+L85+O85+R85+U85+X85+Y85 -> 0 | AC85: =+AA85+AB85-Z85 -> 0 | AG85: =AD85+AC85 -> 0
C86: ชิฟฟอน 4 ชิ้น กาแฟล้วน | F86: =SUM(D86:E86) -> 0 | I86: =SUM(G86:H86) -> 0 | L86: =SUM(J86:K86) -> 0 | O86: =SUM(M86:N86) -> 0 | R86: =SUM(P86:Q86) -> 0 | U86: =SUM(S86:T86) -> 0 | X86: =SUM(V86:W86) -> 0 | Z86: =+F86+I86+L86+O86+R86+U86+X86+Y86 -> 0 | AC86: =+AA86+AB86-Z86 -> 0 | AG86: =AD86+AC86 -> 0
C87: ชิฟฟอน 4 ชิ้น ชาเขียวล้วน | F87: =SUM(D87:E87) -> 0 | I87: =SUM(G87:H87) -> 0 | L87: =SUM(J87:K87) -> 0 | O87: =SUM(M87:N87) -> 0 | R87: =SUM(P87:Q87) -> 0 | U87: =SUM(S87:T87) -> 0 | X87: =SUM(V87:W87) -> 0 | Z87: =+F87+I87+L87+O87+R87+U87+X87+Y87 -> 0 | AC87: =+AA87+AB87-Z87 -> 0 | AG87: =AD87+AC87 -> 0
C88: ชิฟฟอน 4 ชิ้น ใบเตยล้วน | F88: =SUM(D88:E88) -> 0 | I88: =SUM(G88:H88) -> 0 | L88: =SUM(J88:K88) -> 0 | O88: =SUM(M88:N88) -> 0 | R88: =SUM(P88:Q88) -> 0 | U88: =SUM(S88:T88) -> 0 | X88: =SUM(V88:W88) -> 0 | Z88: =+F88+I88+L88+O88+R88+U88+X88+Y88 -> 0 | AC88: =+AA88+AB88-Z88 -> 0 | AG88: =AD88+AC88 -> 0
B89: 1111092 | C89: ชิฟฟอน 8 ชิ้น กล้วยหอม | F89: =SUM(D89:E89) -> 0 | I89: =SUM(G89:H89) -> 0 | L89: =SUM(J89:K89) -> 0 | O89: =SUM(M89:N89) -> 0 | R89: =SUM(P89:Q89) -> 0 | U89: =SUM(S89:T89) -> 0 | X89: =SUM(V89:W89) -> 0 | Z89: =+F89+I89+L89+O89+R89+U89+X89+Y89 -> 0 | AC89: =+AA89+AB89-Z89 -> 0 | AG89: =AD89+AC89 -> 0
B90: 1111093 | C90: ชิฟฟอน 8 ชิ้น โกโก้ล้วน | F90: =SUM(D90:E90) -> 0 | I90: =SUM(G90:H90) -> 0 | L90: =SUM(J90:K90) -> 0 | O90: =SUM(M90:N90) -> 0 | R90: =SUM(P90:Q90) -> 0 | U90: =SUM(S90:T90) -> 0 | X90: =SUM(V90:W90) -> 0 | Z90: =+F90+I90+L90+O90+R90+U90+X90+Y90 -> 0 | AC90: =+AA90+AB90-Z90 -> 0 | AG90: =AD90+AC90 -> 0
B91: 1111088 | C91: ชิฟฟอน 8 ชิ้น ส้มล้วน | F91: =SUM(D91:E91) -> 0 | I91: =SUM(G91:H91) -> 0 | L91: =SUM(J91:K91) -> 0 | O91: =SUM(M91:N91) -> 0 | R91: =SUM(P91:Q91) -> 0 | U91: =SUM(S91:T91) -> 0 | X91: =SUM(V91:W91) -> 0 | Z91: =+F91+I91+L91+O91+R91+U91+X91+Y91 -> 0 | AC91: =+AA91+AB91-Z91 -> 0 | AG91: =AD91+AC91 -> 0
B92: 1111089 | C92: ชิฟฟอน 8 ชิ้น เนยล้วน | F92: =SUM(D92:E92) -> 0 | I92: =SUM(G92:H92) -> 0 | L92: =SUM(J92:K92) -> 0 | O92: =SUM(M92:N92) -> 0 | R92: =SUM(P92:Q92) -> 0 | U92: =SUM(S92:T92) -> 0 | X92: =SUM(V92:W92) -> 0 | Z92: =+F92+I92+L92+O92+R92+U92+X92+Y92 -> 0 | AC92: =+AA92+AB92-Z92 -> 0 | AG92: =AD92+AC92 -> 0
B93: 1111094 | C93: ชิฟฟอน 8 ชิ้น ชาไทยล้วน | F93: =SUM(D93:E93) -> 0 | I93: =SUM(G93:H93) -> 0 | L93: =SUM(J93:K93) -> 0 | O93: =SUM(M93:N93) -> 0 | R93: =SUM(P93:Q93) -> 0 | U93: =SUM(S93:T93) -> 0 | X93: =SUM(V93:W93) -> 0 | Z93: =+F93+I93+L93+O93+R93+U93+X93+Y93 -> 0 | AC93: =+AA93+AB93-Z93 -> 0 | AG93: =AD93+AC93 -> 0
B94: 1111095 | C94: ชิฟฟอน 8 ชิ้น ชาเขียวล้วน | F94: =SUM(D94:E94) -> 0 | I94: =SUM(G94:H94) -> 0 | L94: =SUM(J94:K94) -> 0 | O94: =SUM(M94:N94) -> 0 | R94: =SUM(P94:Q94) -> 0 | U94: =SUM(S94:T94) -> 0 | X94: =SUM(V94:W94) -> 0 | Z94: =+F94+I94+L94+O94+R94+U94+X94+Y94 -> 0 | AC94: =+AA94+AB94-Z94 -> 0 | AG94: =AD94+AC94 -> 0
B95: 1111091 | C95: ชิฟฟอน 8 ชิ้น ใบเตยล้วน | F95: =SUM(D95:E95) -> 0 | I95: =SUM(G95:H95) -> 0 | L95: =SUM(J95:K95) -> 0 | O95: =SUM(M95:N95) -> 0 | R95: =SUM(P95:Q95) -> 0 | U95: =SUM(S95:T95) -> 0 | X95: =SUM(V95:W95) -> 0 | Z95: =+F95+I95+L95+O95+R95+U95+X95+Y95 -> 0 | AC95: =+AA95+AB95-Z95 -> 0 | AG95: =AD95+AC95 -> 0
B96: 1111086 | C96: ชิฟฟอน 8 ชิ้น มะพร้าวล้วน | F96: =SUM(D96:E96) -> 0 | I96: =SUM(G96:H96) -> 0 | L96: =SUM(J96:K96) -> 0 | O96: =SUM(M96:N96) -> 0 | R96: =SUM(P96:Q96) -> 0 | U96: =SUM(S96:T96) -> 0 | X96: =SUM(V96:W96) -> 0 | Z96: =+F96+I96+L96+O96+R96+U96+X96+Y96 -> 0 | AC96: =+AA96+AB96-Z96 -> 0 | AG96: =AD96+AC96 -> 0
B97: 20059548 | C97: มินบันไก่หยอง | F97: =SUM(D97:E97) -> 0 | I97: =SUM(G97:H97) -> 0 | L97: =SUM(J97:K97) -> 0 | O97: =SUM(M97:N97) -> 0 | R97: =SUM(P97:Q97) -> 0 | U97: =SUM(S97:T97) -> 0 | X97: =SUM(V97:W97) -> 0 | Z97: =+F97+I97+L97+O97+R97+U97+X97+Y97 -> 0 | AC97: =+AA97+AB97-Z97 -> 0 | AG97: =AD97+AC97 -> 0
B98: 1100044 | C98: หมี่กรอบโบราณ | F98: =SUM(D98:E98) -> 0 | I98: =SUM(G98:H98) -> 0 | L98: =SUM(J98:K98) -> 0 | O98: =SUM(M98:N98) -> 0 | R98: =SUM(P98:Q98) -> 0 | U98: =SUM(S98:T98) -> 0 | X98: =SUM(V98:W98) -> 0 | Z98: =+F98+I98+L98+O98+R98+U98+X98+Y98 -> 0 | AB98: 28 | AC98: =+AA98+AB98-Z98 -> 28 | AG98: =AD98+AC98 -> 28
B99: 1100045 | C99: ชิฟฟ่อนขนุน | F99: =SUM(D99:E99) -> 0 | I99: =SUM(G99:H99) -> 0 | L99: =SUM(J99:K99) -> 0 | O99: =SUM(M99:N99) -> 0 | R99: =SUM(P99:Q99) -> 0 | U99: =SUM(S99:T99) -> 0 | X99: =SUM(V99:W99) -> 0 | Z99: =+F99+I99+L99+O99+R99+U99+X99+Y99 -> 0 | AC99: =+AA99+AB99-Z99 -> 0 | AG99: =AD99+AC99 -> 0
B100: ยอดรวม | D100: =+D4+D5+D6+D7+D8+D9+D10+D11+D12+D13+D14+D15+D16+D17+D18+D19+D20+D21+D22+D23+D24+D25+D26+D27+D28+D29+D30+D31+D32+D33+D34+D35+D36+D37+D38+D39+D40+D41+D42+D43+D44+D45+D46+D47+D48+D49+D50+D51+D52+D53+D54+D55+D56+D57+D58+D59+D60+D61+D62+D63+D64+D65+D66+D67+D68+D69+D70+D71+D72+D73+D74+D75+D76+D77+D78+D79+D80+D81+D82+D83+D84+D85+D86+D87+D88+D89+D90+D91+D92+D93+D94+D95+D96+D97+D98+D99 -> 13 | E100: =+E4+E5+E6+E7+E8+E9+E10+E11+E12+E13+E14+E15+E16+E17+E18+E19+E20+E21+E22+E23+E24+E25+E26+E27+E28+E29+E30+E31+E32+E33+E34+E35+E36+E37+E38+E39+E40+E41+E42+E43+E44+E45+E46+E47+E48+E49+E50+E51+E52+E53+E54+E55+E56+E57+E58+E59+E60+E61+E62+E63+E64+E65+E66+E67+E68+E69+E70+E71+E72+E73+E74+E75+E76+E77+E78+E79+E80+E81+E82+E83+E84+E85+E86+E87+E88+E89+E90+E91+E92+E93+E94+E95+E96+E97+E98+E99 -> 0 | F100: =+F4+F5+F6+F7+F8+F9+F10+F11+F12+F13+F14+F15+F16+F17+F18+F19+F20+F21+F22+F23+F24+F25+F26+F27+F28+F29+F30+F31+F32+F33+F34+F35+F36+F37+F38+F39+F40+F41+F42+F43+F44+F45+F46+F47+F48+F49+F50+F51+F52+F53+F54+F55+F56+F57+F58+F59+F60+F61+F62+F63+F64+F65+F66+F67+F68+F69+F70+F71+F72+F73+F74+F75+F76+F77+F78+F79+F80+F81+F82+F83+F84+F85+F86+F87+F88+F89+F90+F91+F92+F93+F94+F95+F96+F97+F98+F99 -> 13 | G100: =+G4+G5+G6+G7+G8+G9+G10+G11+G12+G13+G14+G15+G16+G17+G18+G19+G20+G21+G22+G23+G24+G25+G26+G27+G28+G29+G30+G31+G32+G33+G34+G35+G36+G37+G38+G39+G40+G41+G42+G43+G44+G45+G46+G47+G48+G49+G50+G51+G52+G53+G54+G55+G56+G57+G58+G59+G60+G61+G62+G63+G64+G65+G66+G67+G68+G69+G70+G71+G72+G73+G74+G75+G76+G77+G78+G79+G80+G81+G82+G83+G84+G85+G86+G87+G88+G89+G90+G91+G92+G93+G94+G95+G96+G97+G98+G99 -> 175 | H100: =+H4+H5+H6+H7+H8+H9+H10+H11+H12+H13+H14+H15+H16+H17+H18+H19+H20+H21+H22+H23+H24+H25+H26+H27+H28+H29+H30+H31+H32+H33+H34+H35+H36+H37+H38+H39+H40+H41+H42+H43+H44+H45+H46+H47+H48+H49+H50+H51+H52+H53+H54+H55+H56+H57+H58+H59+H60+H61+H62+H63+H64+H65+H66+H67+H68+H69+H70+H71+H72+H73+H74+H75+H76+H77+H78+H79+H80+H81+H82+H83+H84+H85+H86+H87+H88+H89+H90+H91+H92+H93+H94+H95+H96+H97+H98+H99 -> 0 | I100: =+I4+I5+I6+I7+I8+I9+I10+I11+I12+I13+I14+I15+I16+I17+I18+I19+I20+I21+I22+I23+I24+I25+I26+I27+I28+I29+I30+I31+I32+I33+I34+I35+I36+I37+I38+I39+I40+I41+I42+I43+I44+I45+I46+I47+I48+I49+I50+I51+I52+I53+I54+I55+I56+I57+I58+I59+I60+I61+I62+I63+I64+I65+I66+I67+I68+I69+I70+I71+I72+I73+I74+I75+I76+I77+I78+I79+I80+I81+I82+I83+I84+I85+I86+I87+I88+I89+I90+I91+I92+I93+I94+I95+I96+I97+I98+I99 -> 175 | J100: =+J4+J5+J6+J7+J8+J9+J10+J11+J12+J13+J14+J15+J16+J17+J18+J19+J20+J21+J22+J23+J24+J25+J26+J27+J28+J29+J30+J31+J32+J33+J34+J35+J36+J37+J38+J39+J40+J41+J42+J43+J44+J45+J46+J47+J48+J49+J50+J51+J52+J53+J54+J55+J56+J57+J58+J59+J60+J61+J62+J63+J64+J65+J66+J67+J68+J69+J70+J71+J72+J73+J74+J75+J76+J77+J78+J79+J80+J81+J82+J83+J84+J85+J86+J87+J88+J89+J90+J91+J92+J93+J94+J95+J96+J97+J98+J99 -> 39 | K100: =+K4+K5+K6+K7+K8+K9+K10+K11+K12+K13+K14+K15+K16+K17+K18+K19+K20+K21+K22+K23+K24+K25+K26+K27+K28+K29+K30+K31+K32+K33+K34+K35+K36+K37+K38+K39+K40+K41+K42+K43+K44+K45+K46+K47+K48+K49+K50+K51+K52+K53+K54+K55+K56+K57+K58+K59+K60+K61+K62+K63+K64+K65+K66+K67+K68+K69+K70+K71+K72+K73+K74+K75+K76+K77+K78+K79+K80+K81+K82+K83+K84+K85+K86+K87+K88+K89+K90+K91+K92+K93+K94+K95+K96+K97+K98+K99 -> 0 | ... Y100: =+Y4+Y5+Y6+Y7+Y8+Y9+Y10+Y11+Y12+Y13+Y14+Y15+Y16+Y17+Y18+Y19+Y20+Y21+Y22+Y23+Y24+Y25+Y26+Y27+Y28+Y29+Y30+Y31+Y32+Y33+Y34+Y35+Y36+Y37+Y38+Y39+Y40+Y41+Y42+Y43+Y44+Y45+Y46+Y47+Y48+Y49+Y50+Y51+Y52+Y53+Y54+Y55+Y56+Y57+Y58+Y59+Y60+Y61+Y62+Y63+Y64+Y65+Y66+Y67+Y68+Y69+Y70+Y71+Y72+Y73+Y74+Y75+Y76+Y77+Y78+Y79+Y80+Y81+Y82+Y83+Y84+Y85+Y86+Y87+Y88+Y89+Y90+Y91+Y92+Y93+Y94+Y95+Y96+Y97+Y98+Y99 -> 33 | Z100: =SUM(Z4:Z99) -> 1195 | AA100: =+AA4+AA5+AA6+AA7+AA8+AA9+AA10+AA11+AA12+AA13+AA14+AA15+AA16+AA17+AA18+AA19+AA20+AA21+AA22+AA23+AA24+AA25+AA26+AA27+AA28+AA29+AA30+AA31+AA32+AA33+AA34+AA35+AA36+AA37+AA38+AA39+AA40+AA41+AA42+AA43+AA44+AA45+AA46+AA47+AA48+AA49+AA50+AA51+AA52+AA53+AA54+AA55+AA56+AA57+AA58+AA59+AA60+AA61+AA62+AA63+AA64+AA65+AA66+AA67+AA68+AA69+AA70+AA71+AA72+AA73+AA74+AA75+AA76+AA77+AA78+AA79+AA80+AA81+AA82+AA83+AA84+AA85+AA86+AA87+AA88+AA89+AA90+AA91+AA92+AA93+AA94+AA95+AA96+AA97+AA98+AA99 -> 558 | AB100: =+AB4+AB5+AB6+AB7+AB8+AB9+AB10+AB11+AB12+AB13+AB14+AB15+AB16+AB17+AB18+AB19+AB20+AB21+AB22+AB23+AB24+AB25+AB26+AB27+AB28+AB29+AB30+AB31+AB32+AB33+AB34+AB35+AB36+AB37+AB38+AB39+AB40+AB41+AB42+AB43+AB44+AB45+AB46+AB47+AB48+AB49+AB50+AB51+AB52+AB53+AB54+AB55+AB56+AB57+AB58+AB59+AB60+AB61+AB62+AB63+AB64+AB65+AB66+AB67+AB68+AB69+AB70+AB71+AB72+AB73+AB74+AB75+AB76+AB77+AB78+AB79+AB80+AB81+AB82+AB83+AB84+AB85+AB86+AB87+AB88+AB89+AB90+AB91+AB92+AB93+AB94+AB95+AB96+AB97+AB98+AB99 -> 741 | AC100: =+AC4+AC5+AC6+AC7+AC8+AC9+AC10+AC11+AC12+AC13+AC14+AC15+AC16+AC17+AC18+AC19+AC20+AC21+AC22+AC23+AC24+AC25+AC26+AC27+AC28+AC29+AC30+AC31+AC32+AC33+AC34+AC35+AC36+AC37+AC38+AC39+AC40+AC41+AC42+AC43+AC44+AC45+AC46+AC47+AC48+AC49+AC50+AC51+AC52+AC53+AC54+AC55+AC56+AC57+AC58+AC59+AC60+AC61+AC62+AC63+AC64+AC65+AC66+AC67+AC68+AC69+AC70+AC71+AC72+AC73+AC74+AC75+AC76+AC77+AC78+AC79+AC80+AC81+AC82+AC83+AC84+AC85+AC86+AC87+AC88+AC89+AC90+AC91+AC92+AC93+AC94+AC95+AC96+AC97+AC98+AC99 -> 104 | AD100: =+AD4+AD5+AD6+AD7+AD8+AD9+AD10+AD11+AD12+AD13+AD14+AD15+AD16+AD17+AD18+AD19+AD20+AD21+AD22+AD23+AD24+AD25+AD26+AD27+AD28+AD29+AD30+AD31+AD32+AD33+AD34+AD35+AD36+AD37+AD38+AD39+AD40+AD41+AD42+AD43+AD44+AD45+AD46+AD47+AD48+AD49+AD50+AD51+AD52+AD53+AD54+AD55+AD56+AD57+AD58+AD59+AD60+AD61+AD62+AD63+AD64+AD65+AD66+AD67+AD68+AD69+AD70+AD71+AD72+AD73+AD74+AD75+AD76+AD77+AD78+AD79+AD80+AD81+AD82+AD83+AD84+AD85+AD86+AD87+AD88+AD89+AD90+AD91+AD92+AD93+AD94+AD95+AD96+AD97+AD98+AD99 -> 1070 | AG100: =AD100+AC100 -> 1174

Sheet 24.082568
B1: ยอดจริง ออนไลน์ วันที่ 24/8/2568
B2: รหัสสินค้า | C2: สินค้า | D2: ปณ | G2: ชอปปี้ | J2: ลาซาด้า | M2: ติ๊กตอก | P2: ติ๊กตอก2 | S2: ติ๊กตอก3 | V2: ชอยส์ | Y2: ยอดเส้น | Z2: ยอดรวมผลิต(กล่อง) | AA2: ยอดForcast | AB2: ยอดStock | AC2: ยอดMemo | AD2: ยอดForcastวันพรุ่งนี้
D3: เช้า | E3: บ่าย | F3: รวม | G3: เช้า | H3: บ่าย | I3: รวม | J3: เช้า | K3: บ่าย | L3: รวม | M3: เช้า | N3: บ่าย | O3: รวม | P3: เช้า | Q3: บ่าย | R3: รวม | S3: เช้า | T3: บ่าย | U3: รวม | V3: เช้า | W3: บ่าย | X3: รวม
B4: 1004055 | C4: ชิฟฟ่อนเค้ก วรรณวนัช (รวมรส 4 ชิ้น) | F4: =SUM(D4:E4) -> 0 | G4: 1 | I4: =SUM(G4:H4) -> 1 | L4: =SUM(J4:K4) -> 0 | M4: 9 | O4: =SUM(M4:N4) -> 9 | R4: =SUM(P4:Q4) -> 0 | U4: =SUM(S4:T4) -> 0 | X4: =SUM(V4:W4) -> 0 | Z4: =+F4+I4+L4+O4+R4+U4+X4+Y4 -> 10 | AA4: 50 | AC4: =+AA4+AB4-Z4 -> 40 | AD4: 50 | AG4: =AD4+AC4 -> 90
B5: 1111002 | C5: ชิฟฟ่อนเค้ก วรรณวนัช (รวมรส 8 ชิ้น) | F5: =SUM(D5:E5) -> 0 | G5: 16 | I5: =SUM(G5:H5) -> 16 | J5: 16 | L5: =SUM(J5:K5) -> 16 | M5: 3 | O5: =SUM(M5:N5) -> 3 | R5: =SUM(P5:Q5) -> 0 | U5: =SUM(S5:T5) -> 0 | X5: =SUM(V5:W5) -> 0 | Y5: 11 | Z5: =+F5+I5+L5+O5+R5+U5+X5+Y5 -> 46 | AA5: 78 | AB5: 50 | AC5: =+AA5+AB5-Z5 -> 82 | AD5: 70 | AG5: =AD5+AC5 -> 152
B6: 1111055 | C6: วรรณวนัช ชิฟฟ่อนรวมรส 8 ชิ้น | F6: =SUM(D6:E6) -> 0 | I6: =SUM(G6:H6) -> 0 | L6: =SUM(J6:K6) -> 0 | O6: =SUM(M6:N6) -> 0 | R6: =SUM(P6:Q6) -> 0 | U6: =SUM(S6:T6) -> 0 | X6: =SUM(V6:W6) -> 0 | Z6: =+F6+I6+L6+O6+R6+U6+X6+Y6 -> 0 | AC6: =+AA6+AB6-Z6 -> 0 | AG6: =AD6+AC6 -> 0
B7: 1111084 | C7: ชิฟฟ่อนเค้ก รสกาแฟ (8 ชิ้น) | F7: =SUM(D7:E7) -> 0 | I7: =SUM(G7:H7) -> 0 | L7: =SUM(J7:K7) -> 0 | O7: =SUM(M7:N7) -> 0 | R7: =SUM(P7:Q7) -> 0 | U7: =SUM(S7:T7) -> 0 | X7: =SUM(V7:W7) -> 0 | Z7: =+F7+I7+L7+O7+R7+U7+X7+Y7 -> 0 | AC7: =+AA7+AB7-Z7 -> 0 | AG7: =AD7+AC7 -> 0
B8: 1111043 | C8: ชิฟฟอนรสมะลิ 8 ชิ้น ห่อ ซีน | F8: =SUM(D8:E8) -> 0 | I8: =SUM(G8:H8) -> 0 | L8: =SUM(J8:K8) -> 0 | O8: =SUM(M8:N8) -> 0 | R8: =SUM(P8:Q8) -> 0 | U8: =SUM(S8:T8) -> 0 | X8: =SUM(V8:W8) -> 0 | Z8: =+F8+I8+L8+O8+R8+U8+X8+Y8 -> 0 | AC8: =+AA8+AB8-Z8 -> 0 | AG8: =AD8+AC8 -> 0
B9: 1111057 | C9: ชิฟฟอนแยกชิ้น กาแฟ | F9: =SUM(D9:E9) -> 0 | G9: 6 | I9: =SUM(G9:H9) -> 6 | L9: =SUM(J9:K9) -> 0 | O9: =SUM(M9:N9) -> 0 | R9: =SUM(P9:Q9) -> 0 | U9: =SUM(S9:T9) -> 0 | X9: =SUM(V9:W9) -> 0 | Z9: =+F9+I9+L9+O9+R9+U9+X9+Y9 -> 6 | AC9: =+AA9+AB9-Z9 -> -6 | AG9: =AD9+AC9 -> -6
B10: 1111058 | C10: ชิฟฟอนแยกชิ้น มะลิ | F10: =SUM(D10:E10) -> 0 | G10: 6 | I10: =SUM(G10:H10) -> 6 | L10: =SUM(J10:K10) -> 0 | O10: =SUM(M10:N10) -> 0 | R10: =SUM(P10:Q10) -> 0 | U10: =SUM(S10:T10) -> 0 | X10: =SUM(V10:W10) -> 0 | Z10: =+F10+I10+L10+O10+R10+U10+X10+Y10 -> 6 | AC10: =+AA10+AB10-Z10 -> -6 | AG10: =AD10+AC10 -> -6
B11: 1111059 | C11: ชิฟฟอนแยกชิ้น ใบเตย | F11: =SUM(D11:E11) -> 0 | G11: 6 | I11: =SUM(G11:H11) -> 6 | L11: =SUM(J11:K11) -> 0 | O11: =SUM(M11:N11) -> 0 | R11: =SUM(P11:Q11) -> 0 | U11: =SUM(S11:T11) -> 0 | X11: =SUM(V11:W11) -> 0 | Z11: =+F11+I11+L11+O11+R11+U11+X11+Y11 -> 6 | AC11: =+AA11+AB11-Z11 -> -6 | AG11: =AD11+AC11 -> -6
