Workbook

Sheet ออม
A2: สรุปยอดขาย บูธ ตลาดดิโอโซน วันที่ 1-30 ก.ย. 67
A3: วันที่ | B3: ยอดเงิน | C3: ส่วนลด | D3: สแกนใช้สิทธิ์ | E3: ค่าโอนเงิน | F3: ค่าใช้จ่ายอื่นๆ | G3: โอนหน้าร้าน | H3: รับสุทธิ | I3: ยอดโอนเงิน | J3: โอนเกิน/โอนขาด
A5: 1 | B5: =+#REF! -> #REF! | C5: =+#REF! -> #REF! | D5: =+#REF! -> #REF! | E5: =+#REF! -> #REF! | F5: =+#REF! -> #REF! | G5: =+#REF! -> #REF! | H5: =+B5-C5-D5-E5-F5-G5 -> #REF! | I5: =+#REF! -> #REF! | J5: =+I5-H5 -> #REF!
A6: 2 | B6: =+'2'!L227 -> 2120 | C6: =+'2'!L232 -> 270 | D6: =+'2'!L230 -> 0 | E6: =+'2'!L228 -> 0 | F6: =+'2'!L231 -> 0 | G6: =+'2'!L229 -> 375 | H6: =+B6-C6-D6-E6-F6-G6 -> 1475 | I6: =+'2'!L234 -> 1475 | J6: =+I6-H6 -> 0
A7: 3 | B7: =+'3'!L227 -> 2350 | C7: =+'3'!L232 -> 170 | D7: =+'3'!L230 -> 0 | E7: =+'3'!L228 -> 0 | F7: =+'3'!L231 -> 0 | G7: =+'3'!L229 -> 660 | H7: =+B7-C7-D7-E7-F7-G7 -> 1520 | I7: =+'3'!L234 -> 1520 | J7: =+I7-H7 -> 0
A8: 4 | B8: =+'4'!L227 -> 5330 | C8: =+'4'!L232 -> 1145 | D8: =+'4'!L230 -> 0 | E8: =+'4'!L238 -> 0 | F8: =+'4'!L231 -> 0 | G8: =+'4'!L229 -> 1090 | H8: =+B8-C8-D8-E8-F8-G8 -> 3095 | I8: =+'4'!L234 -> 3095 | J8: =+I8-H8 -> 0
A9: 5 | B9: =+'5'!L227 -> 2495 | C9: =+'5'!L232 -> 170 | D9: =+'5'!L230 -> 0 | E9: =+'5'!L228 -> 0 | F9: =+'5'!L231 -> 0 | G9: =+'5'!L229 -> 585 | H9: =+B9-C9-D9-E9-F9-G9 -> 1740 | I9: =+'5'!L234 -> 1740 | J9: =+I9-H9 -> 0
A10: 6 | B10: =+'6'!L227 -> 2445 | C10: =+'6'!L232 -> 90 | D10: =+'6'!L230 -> 0 | E10: =+'6'!L228 -> 0 | F10: =+'6'!L231 -> 0 | G10: =+'6'!L229 -> 1450 | H10: =+B10-C10-D10-E10-F10-G10 -> 905 | I10: =+'6'!L234 -> 905 | J10: =+I10-H10 -> 0
A11: 7 | B11: =+'7'!L227 -> 1860 | C11: =+'7'!L232 -> 0 | D11: =+'7'!L230 -> 0 | E11: =+'7'!L228 -> 0 | F11: =+'7'!L231 -> 50 | G11: =+'7'!L229 -> 465 | H11: =+B11-C11-D11-E11-F11-G11 -> 1345 | I11: =+'7'!L234 -> 1345 | J11: =+I11-H11 -> 0
A12: 8 | B12: =+'8'!L227 -> 4330 | C12: =+'8'!L232 -> 0 | D12: =+'8'!L230 -> 0 | E12: =+'8'!L228 -> 0 | F12: =+'8'!L231 -> 50 | G12: =+'8'!L229 -> 1510 | H12: =+B12-C12-D12-E12-F12-G12 -> 2770 | I12: =+'8'!L234 -> 2770 | J12: =+I12-H12 -> 0
A13: 9 | B13: =+'9'!L227 -> 1920 | C13: =+'9'!L232 -> 100 | D13: =+'9'!L230 -> 0 | E13: =+'9'!L228 -> 0 | F13: =+'9'!L231 -> 0 | G13: =+'9'!L229 -> 250 | H13: =+B13-C13-D13-E13-F13-G13 -> 1570 | I13: =+'9'!L234 -> 1570 | J13: =+I13-H13 -> 0
A14: 10 | B14: =+'10'!L227 -> 2670 | C14: =+'10'!L232 -> 0 | D14: =+'10'!L230 -> 0 | E14: =+'10'!L228 -> 0 | F14: =+'10'!L231 -> 180 | G14: =+'10'!L229 -> 1135 | H14: =+B14-C14-D14-E14-F14-G14 -> 1355 | I14: =+'10'!L234 -> 1355 | J14: =+I14-H14 -> 0
A15: 11 | B15: =+'11'!L227 -> 2900 | C15: =+'11'!L232 -> 390 | D15: =+'11'!L230 -> 0 | E15: =+'11'!L228 -> 0 | F15: =+'11'!L231 -> 50 | G15: =+'11'!L229 -> 745 | H15: =+B15-C15-D15-E15-F15-G15 -> 1715 | I15: =+'11'!L234 -> 1715 | J15: =+I15-H15 -> 0
A16: 12 | B16: =+'12'!L227 -> 2790 | C16: =+'12'!L232 -> 600 | D16: =+'12'!L230 -> 0 | E16: =+'12'!L228 -> 0 | F16: =+'12'!L231 -> 0 | G16: =+'12'!L229 -> 1135 | H16: =+B16-C16-D16-E16-F16-G16 -> 1055 | I16: =+'12'!L234 -> 1055 | J16: =+I16-H16 -> 0
A17: 13 | B17: =+'13'!L227 -> 2170 | C17: =+'13'!L232 -> 500 | D17: =+'13'!L230 -> 0 | E17: =+'13'!L228 -> 0 | F17: =+'13'!L231 -> 50 | G17: =+'13'!L229 -> 855 | H17: =+B17-C17-D17-E17-F17-G17 -> 765 | I17: =+'13'!L234 -> 765 | J17: =+I17-H17 -> 0
A18: 14 | B18: =+'14'!L227 -> 3635 | C18: =+'14'!L232 -> 180 | D18: =+'14'!L230 -> 0 | E18: =+'14'!L228 -> 0 | F18: =+'14'!L231 -> 0 | G18: =+'14'!L229 -> 1870 | H18: =+B18-C18-D18-E18-F18-G18 -> 1585 | I18: =+'14'!L234 -> 1585 | J18: =+I18-H18 -> 0
A19: 15 | B19: =+'15'!L227 -> 2085 | C19: =+'15'!L232 -> 220 | D19: =+'15'!L230 -> 0 | E19: =+'15'!L228 -> 0 | F19: =+'15'!L231 -> 0 | G19: =+'15'!L229 -> 910 | H19: =+B19-C19-D19-E19-F19-G19 -> 955 | I19: =+'15'!L234 -> 955 | J19: =+I19-H19 -> 0
A20: 16 | B20: =+'16'!L227 -> 7235 | C20: =+'16'!L232 -> 300 | D20: =+'16'!L230 -> 0 | E20: =+'16'!L228 -> 0 | F20: =+'16'!L231 -> 0 | G20: =+'16'!L229 -> 4495 | H20: =+B20-C20-D20-E20-F20-G20 -> 2440 | I20: =+'16'!L234 -> 2440 | J20: =+I20-H20 -> 0
A21: 17 | B21: =+'17'!L227 -> 1790 | C21: =+'17'!L232 -> 105 | D21: =+'17'!L230 -> 0 | E21: =+'17'!L228 -> 0 | F21: =+'17'!L231 -> 0 | G21: =+'17'!L229 -> 410 | H21: =+B21-C21-D21-E21-F21-G21 -> 1275 | I21: =+'17'!L234 -> 1275 | J21: =+I21-H21 -> 0
A22: 18 | B22: =+'18'!L227 -> 950 | C22: =+'18'!L232 -> 0 | D22: =+'18'!L230 -> 0 | E22: =+'18'!L228 -> 0 | F22: =+'18'!L231 -> 0 | G22: =+'18'!L229 -> 310 | H22: =+B22-C22-D22-E22-F22-G22 -> 640 | I22: =+'18'!L234 -> 640 | J22: =+I22-H22 -> 0
A23: 19 | B23: =+'19'!L227 -> 2530 | C23: =+'19'!L232 -> 830 | D23: =+'19'!L230 -> 0 | E23: =+'19'!L228 -> 0 | F23: =+'19'!L231 -> 0 | G23: =+'19'!L229 -> 450 | H23: =+B23-C23-D23-E23-F23-G23 -> 1250 | I23: =+'19'!L234 -> 1250 | J23: =+I23-H23 -> 0
A24: 20 | B24: =+'20'!L227 -> 880 | C24: =+'20'!L232 -> 50 | D24: =+'20'!L230 -> 0 | E24: =+'20'!L228 -> 0 | F24: =+'20'!L231 -> 0 | G24: =+'20'!L229 -> 0 | H24: =+B24-C24-D24-E24-F24-G24 -> 830 | I24: =+'20'!L234 -> 830 | J24: =+I24-H24 -> 0
A25: 21 | B25: =+'21'!L227 -> 3055 | C25: =+'21'!L232 -> 225 | D25: =+'21'!L230 -> 0 | E25: =+'21'!L228 -> 0 | F25: =+'21'!L231 -> 0 | G25: =+'21'!L229 -> 1340 | H25: =+B25-C25-D25-E25-F25-G25 -> 1490 | I25: =+'21'!L234 -> 1490 | J25: =+I25-H25 -> 0
A26: 22 | B26: =+'22'!L227 -> 2750 | C26: =+'22'!L232 -> 250 | D26: =+'22'!L230 -> 0 | E26: =+'22'!L228 -> 0 | F26: =+'22'!L231 -> 0 | G26: =+'22'!L229 -> 1340 | H26: =+B26-C26-D26-E26-F26-G26 -> 1160 | I26: =+'22'!L234 -> 1160 | J26: =+I26-H26 -> 0
A27: 23 | B27: =+'23'!L227 -> 890 | C27: =+'23'!L232 -> 0 | D27: =+'23'!L230 -> 0 | E27: =+'23'!L228 -> 0 | F27: =+'23'!L231 -> 0 | G27: =+'23'!L229 -> 540 | H27: =+B27-C27-D27-E27-F27-G27 -> 350 | I27: =+'23'!L234 -> 350 | J27: =+I27-H27 -> 0
A28: 24 | B28: =+'24'!L227 -> 3430 | C28: =+'24'!L232 -> 175 | D28: =+'24'!L230 -> 0 | E28: =+'24'!L228 -> 0 | F28: =+'24'!L231 -> 500 | G28: =+'24'!L229 -> 150 | H28: =+B28-C28-D28-E28-F28-G28 -> 2605 | I28: =+'24'!L234 -> 2605 | J28: =+I28-H28 -> 0
A29: 25 | B29: =+'25'!L227 -> 2010 | C29: =+'25'!L232 -> 105 | D29: =+'25'!L230 -> 0 | E29: =+'25'!L228 -> 0 | F29: =+'25'!L231 -> 0 | G29: =+'25'!L229 -> 590 | H29: =+B29-C29-D29-E29-F29-G29 -> 1315 | I29: =+'25'!L234 -> 1315 | J29: =+I29-H29 -> 0
A30: 26 | B30: =+'26'!L227 -> 1890 | C30: =+'26'!L232 -> 75 | D30: =+'26'!L230 -> 0 | E30: =+'26'!L228 -> 0 | F30: =+'26'!L231 -> 0 | G30: =+'26'!L229 -> 200 | H30: =+B30-C30-D30-E30-F30-G30 -> 1615 | I30: =+'26'!L234 -> 1615 | J30: =+I30-H30 -> 0
A31: 27 | B31: =+'27'!L227 -> 985 | C31: =+'27'!L232 -> 75 | D31: =+'27'!L230 -> 0 | E31: =+'27'!L228 -> 0 | F31: =+'27'!L231 -> 0 | G31: =+'27'!L229 -> 200 | H31: =+B31-C31-D31-E31-F31-G31 -> 710 | I31: =+'27'!L234 -> 710 | J31: =+I31-H31 -> 0
A32: 28 | B32: =+'28'!L227 -> 2305 | C32: =+'28'!L232 -> 50 | D32: =+'28'!L230 -> 0 | E32: =+'28'!L228 -> 0 | F32: =+'28'!L231 -> 0 | G32: =+'28'!L229 -> 1330 | H32: =+B32-C32-D32-E32-F32-G32 -> 925 | I32: =+'28'!L234 -> 925 | J32: =+I32-H32 -> 0
A33: 29 | B33: =+'29'!L227 -> 3040 | C33: =+'29'!L232 -> 100 | D33: =+'29'!L230 -> 0 | E33: =+'29'!L228 -> 0 | F33: =+'29'!L231 -> 0 | G33: =+'29'!L229 -> 1230 | H33: =+B33-C33-D33-E33-F33-G33 -> 1710 | I33: =+'29'!L234 -> 1710 | J33: =+I33-H33 -> 0
A34: 30 | B34: =+'30'!L227 -> 1675 | C34: ='30'!L232 -> 20 | D34: =+'30'!L230 -> 0 | E34: =+'30'!L228 -> 0 | F34: =+'30'!L231 -> 0 | G34: =+'30'!L229 -> 150 | H34: =+B34-C34-D34-E34-F34-G34 -> 1505 | I34: =+'30'!L234 -> 1505 | J34: =+I34-H34 -> 0
A35: 31 | B35: =+'31.'!L227 -> 0 | C35: =+'31.'!L232 -> 0 | D35: =+'31.'!L230 -> 0 | E35: =+'31.'!L228 -> 0 | F35: =+'31.'!L231 -> 0 | G35: =+'31.'!L229 -> 0 | H35: =+B35-C35-D35-E35-F35-G35 -> 0 | I35: =+'31.'!L234 -> 0 | J35: =+I35-H35 -> 0
B36: =SUM(B5:B35) -> #REF! | C36: =SUM(C5:C35) -> #REF! | D36: =SUM(D5:D35) -> #REF! | E36: =SUM(E5:E35) -> #REF! | F36: =SUM(F5:F35) -> #REF! | G36: =SUM(G5:G35) -> #REF! | H36: =SUM(H5:H35) -> #REF! | I36: =SUM(I5:I35) -> #REF! | J36: =SUM(J5:J35) -> #REF!

Sheet สรุป
A2: บูธ ตลาดดิโอโซน วันที่ 1-30 ก.ย. 67 | O2: สรุปยอดขาย บูธ ตลาดดิโอโซน วันที่ 1-30 ก.ย. 67
A3: ลำดับ | B3: รายการ | C3: ยกมา | D3: รับ | E3: รวม | F3: เปลี่ยน/ | G3: โยก | H3: คงเหลือ | I3: รายการขาย | L3: หมายเหตุ | M3: ราคาต้นทุน | N3: ยอดรวมต้นทุนสินค้า | O3: วันที่ | P3: ยอดเงิน | Q3: ส่วนลด | R3: สแกนใช้สิทธิ์ | S3: ค่าโอนเงิน | T3: ค่าใช้จ่ายอื่นๆ | U3: โอนหน้าร้าน | V3: รับสุทธิ | W3: ยอดโอนเงิน | X3: โอนเกิน/โอนขาด
F4: คืน/เสีย | I4: จำนวน | J4: @ | K4: เป็นเงิน
A5: 1 | B5: ชิฟฟ่อนเค้ก รวมรส (4 ชิ้น) | C5: =+ยกมา!H5 -> 7 | D5: ='1'!D5+'2'!D5+'3'!D5+'4'!D5+'5'!D5+'6'!D5+'7'!D5+'8'!D5+'9'!D5+'10'!D5+'11'!D5+'12'!D5+'13'!D5+'14'!D5+'15'!D5+'16'!D5+'17'!D5+'18'!D5+'19'!D5+'20'!D5+'21'!D5+'22'!D5+'23'!D5+'24'!D5+'25'!D5+'26'!D5+'27'!D5+'28'!D5+'29'!D5+'30'!D5+'31.'!D5 -> 45 | E5: =+C5+D5 -> 52 | F5: =+'1'!F5+'2'!F5+'3'!F5+'4'!F5+'5'!F5+'6'!F5+'7'!F5+'8'!F5+'9'!F5+'10'!F5+'11'!F5+'12'!F5+'13'!F5+'14'!F5+'15'!F5+'16'!F5+'17'!F5+'18'!F5+'19'!F5+'20'!F5+'21'!F5+'22'!F5+'23'!F5+'24'!F5+'25'!F5+'26'!F5+'27'!F5+'28'!F5+'29'!F5+'30'!F5+'31.'!F5 -> 0 | G5: =+'1'!G5+'2'!G5+'3'!G5+'4'!G5+'5'!G5+'6'!G5+'7'!G5+'8'!G5+'9'!G5+'10'!G5+'11'!G5+'12'!G5+'13'!G5+'14'!G5+'15'!G5+'16'!G5+'17'!G5+'18'!G5+'19'!G5+'20'!G5+'21'!G5+'22'!G5+'23'!G5+'24'!G5+'25'!G5+'26'!G5+'27'!G5+'28'!G5+'29'!G5+'30'!G5+'31.'!G5 -> 0 | H5: =C5+D5-F5-I5-G5 -> 23 | I5: =+'1'!I5+'2'!I5+'3'!I5+'4'!I5+'5'!I5+'6'!I5+'7'!I5+'8'!I5+'9'!I5+'10'!I5+'11'!I5+'12'!I5+'13'!I5+'14'!I5+'15'!I5+'16'!I5+'17'!I5+'18'!I5+'19'!I5+'20'!I5+'21'!I5+'22'!I5+'23'!I5+'24'!I5+'25'!I5+'26'!I5+'27'!I5+'28'!I5+'29'!I5+'30'!I5+'31.'!I5 -> 29 | J5: 50 | K5: =+'1'!K5+'2'!K5+'3'!K5+'4'!K5+'5'!K5+'6'!K5+'7'!K5+'8'!K5+'9'!K5+'10'!K5+'11'!K5+'12'!K5+'13'!K5+'14'!K5+'15'!K5+'16'!K5+'17'!K5+'18'!K5+'19'!K5+'20'!K5+'21'!K5+'22'!K5+'23'!K5+'24'!K5+'25'!K5+'26'!K5+'27'!K5+'28'!K5+'29'!K5+'30'!K5+'31.'!K5 -> 1450 | N5: =+I5*M5 -> 0 | O5: 1 | P5: =+'1'!L227 -> 2250 | Q5: =+'1'!L232 -> 280 | R5: =+'1'!L230 -> 0 | S5: =+'1'!L228 -> 0 | T5: =+'1'!L231 -> 0 | U5: =+'1'!L229 -> 895 | V5: =+P5-Q5-R5-S5-T5-U5 -> 1075 | W5: =+'1'!L234 -> 1075 | X5: =+W5-V5 -> 0 | Y5: =+U5+W5+X5 -> 1970
A6: 2 | B6: ชิฟฟ่อนเค้ก รวมรส (8 ชิ้น) | C6: =+ยกมา!H6 -> 47 | D6: ='1'!D6+'2'!D6+'3'!D6+'4'!D6+'5'!D6+'6'!D6+'7'!D6+'8'!D6+'9'!D6+'10'!D6+'11'!D6+'12'!D6+'13'!D6+'14'!D6+'15'!D6+'16'!D6+'17'!D6+'18'!D6+'19'!D6+'20'!D6+'21'!D6+'22'!D6+'23'!D6+'24'!D6+'25'!D6+'26'!D6+'27'!D6+'28'!D6+'29'!D6+'30'!D6+'31.'!D6 -> 110 | E6: =+C6+D6 -> 157 | F6: =+'1'!F6+'2'!F6+'3'!F6+'4'!F6+'5'!F6+'6'!F6+'7'!F6+'8'!F6+'9'!F6+'10'!F6+'11'!F6+'12'!F6+'13'!F6+'14'!F6+'15'!F6+'16'!F6+'17'!F6+'18'!F6+'19'!F6+'20'!F6+'21'!F6+'22'!F6+'23'!F6+'24'!F6+'25'!F6+'26'!F6+'27'!F6+'28'!F6+'29'!F6+'30'!F6+'31.'!F6 -> 3 | G6: =+'1'!G6+'2'!G6+'3'!G6+'4'!G6+'5'!G6+'6'!G6+'7'!G6+'8'!G6+'9'!G6+'10'!G6+'11'!G6+'12'!G6+'13'!G6+'14'!G6+'15'!G6+'16'!G6+'17'!G6+'18'!G6+'19'!G6+'20'!G6+'21'!G6+'22'!G6+'23'!G6+'24'!G6+'25'!G6+'26'!G6+'27'!G6+'28'!G6+'29'!G6+'30'!G6+'31.'!G6 -> 0 | H6: =C6+D6-F6-I6-G6 -> 44 | I6: =+'1'!I6+'2'!I6+'3'!I6+'4'!I6+'5'!I6+'6'!I6+'7'!I6+'8'!I6+'9'!I6+'10'!I6+'11'!I6+'12'!I6+'13'!I6+'14'!I6+'15'!I6+'16'!I6+'17'!I6+'18'!I6+'19'!I6+'20'!I6+'21'!I6+'22'!I6+'23'!I6+'24'!I6+'25'!I6+'26'!I6+'27'!I6+'28'!I6+'29'!I6+'30'!I6+'31.'!I6 -> 110 | J6: 100 | K6: =+'1'!K6+'2'!K6+'3'!K6+'4'!K6+'5'!K6+'6'!K6+'7'!K6+'8'!K6+'9'!K6+'10'!K6+'11'!K6+'12'!K6+'13'!K6+'14'!K6+'15'!K6+'16'!K6+'17'!K6+'18'!K6+'19'!K6+'20'!K6+'21'!K6+'22'!K6+'23'!K6+'24'!K6+'25'!K6+'26'!K6+'27'!K6+'28'!K6+'29'!K6+'30'!K6+'31.'!K6 -> 11000 | N6: =+I6*M6 -> 0 | O6: 2 | P6: =+'2'!L227 -> 2120 | Q6: =+'2'!L232 -> 270 | R6: =+'2'!L230 -> 0 | S6: =+'2'!L228 -> 0 | T6: =+'2'!L231 -> 0 | U6: =+'2'!L229 -> 375 | V6: =+P6-Q6-R6-S6-T6-U6 -> 1475 | W6: =+'2'!L234 -> 1475 | X6: =+W6-V6 -> 0 | Y6: =+U6+W6+X6 -> 1850
A7: 3 | B7: ชิฟฟ่อนเค้ก รสกาแฟ (4 ชิ้น) | C7: =+ยกมา!H7 -> 0 | D7: ='1'!D7+'2'!D7+'3'!D7+'4'!D7+'5'!D7+'6'!D7+'7'!D7+'8'!D7+'9'!D7+'10'!D7+'11'!D7+'12'!D7+'13'!D7+'14'!D7+'15'!D7+'16'!D7+'17'!D7+'18'!D7+'19'!D7+'20'!D7+'21'!D7+'22'!D7+'23'!D7+'24'!D7+'25'!D7+'26'!D7+'27'!D7+'28'!D7+'29'!D7+'30'!D7+'31.'!D7 -> 0 | E7: =+C7+D7 -> 0 | F7: =+'1'!F7+'2'!F7+'3'!F7+'4'!F7+'5'!F7+'6'!F7+'7'!F7+'8'!F7+'9'!F7+'10'!F7+'11'!F7+'12'!F7+'13'!F7+'14'!F7+'15'!F7+'16'!F7+'17'!F7+'18'!F7+'19'!F7+'20'!F7+'21'!F7+'22'!F7+'23'!F7+'24'!F7+'25'!F7+'26'!F7+'27'!F7+'28'!F7+'29'!F7+'30'!F7+'31.'!F7 -> 0 | G7: =+'1'!G7+'2'!G7+'3'!G7+'4'!G7+'5'!G7+'6'!G7+'7'!G7+'8'!G7+'9'!G7+'10'!G7+'11'!G7+'12'!G7+'13'!G7+'14'!G7+'15'!G7+'16'!G7+'17'!G7+'18'!G7+'19'!G7+'20'!G7+'21'!G7+'22'!G7+'23'!G7+'24'!G7+'25'!G7+'26'!G7+'27'!G7+'28'!G7+'29'!G7+'30'!G7+'31.'!G7 -> 0 | H7: =C7+D7-F7-I7-G7 -> 0 | I7: =+'1'!I7+'2'!I7+'3'!I7+'4'!I7+'5'!I7+'6'!I7+'7'!I7+'8'!I7+'9'!I7+'10'!I7+'11'!I7+'12'!I7+'13'!I7+'14'!I7+'15'!I7+'16'!I7+'17'!I7+'18'!I7+'19'!I7+'20'!I7+'21'!I7+'22'!I7+'23'!I7+'24'!I7+'25'!I7+'26'!I7+'27'!I7+'28'!I7+'29'!I7+'30'!I7+'31.'!I7 -> 0 | J7: 50 | K7: =+'1'!K7+'2'!K7+'3'!K7+'4'!K7+'5'!K7+'6'!K7+'7'!K7+'8'!K7+'9'!K7+'10'!K7+'11'!K7+'12'!K7+'13'!K7+'14'!K7+'15'!K7+'16'!K7+'17'!K7+'18'!K7+'19'!K7+'20'!K7+'21'!K7+'22'!K7+'23'!K7+'24'!K7+'25'!K7+'26'!K7+'27'!K7+'28'!K7+'29'!K7+'30'!K7+'31.'!K7 -> 0 | N7: =+I7*M7 -> 0 | O7: 3 | P7: =+'3'!L227 -> 2350 | Q7: =+'3'!L232 -> 170 | R7: =+'3'!L230 -> 0 | S7: =+'3'!L228 -> 0 | T7: =+'3'!L231 -> 0 | U7: =+'3'!L229 -> 660 | V7: =+P7-Q7-R7-S7-T7-U7 -> 1520 | W7: =+'3'!L234 -> 1520 | X7: =+W7-V7 -> 0 | Y7: =+U7+W7+X7 -> 2180
A8: 4 | B8: ชิฟฟ่อนเค้ก รสกาแฟ (8 ชิ้น) | C8: =+ยกมา!H8 -> 0 | D8: ='1'!D8+'2'!D8+'3'!D8+'4'!D8+'5'!D8+'6'!D8+'7'!D8+'8'!D8+'9'!D8+'10'!D8+'11'!D8+'12'!D8+'13'!D8+'14'!D8+'15'!D8+'16'!D8+'17'!D8+'18'!D8+'19'!D8+'20'!D8+'21'!D8+'22'!D8+'23'!D8+'24'!D8+'25'!D8+'26'!D8+'27'!D8+'28'!D8+'29'!D8+'30'!D8+'31.'!D8 -> 0 | E8: =+C8+D8 -> 0 | F8: =+'1'!F8+'2'!F8+'3'!F8+'4'!F8+'5'!F8+'6'!F8+'7'!F8+'8'!F8+'9'!F8+'10'!F8+'11'!F8+'12'!F8+'13'!F8+'14'!F8+'15'!F8+'16'!F8+'17'!F8+'18'!F8+'19'!F8+'20'!F8+'21'!F8+'22'!F8+'23'!F8+'24'!F8+'25'!F8+'26'!F8+'27'!F8+'28'!F8+'29'!F8+'30'!F8+'31.'!F8 -> 0 | G8: =+'1'!G8+'2'!G8+'3'!G8+'4'!G8+'5'!G8+'6'!G8+'7'!G8+'8'!G8+'9'!G8+'10'!G8+'11'!G8+'12'!G8+'13'!G8+'14'!G8+'15'!G8+'16'!G8+'17'!G8+'18'!G8+'19'!G8+'20'!G8+'21'!G8+'22'!G8+'23'!G8+'24'!G8+'25'!G8+'26'!G8+'27'!G8+'28'!G8+'29'!G8+'30'!G8+'31.'!G8 -> 0 | H8: =C8+D8-F8-I8-G8 -> 0 | I8: =+'1'!I8+'2'!I8+'3'!I8+'4'!I8+'5'!I8+'6'!I8+'7'!I8+'8'!I8+'9'!I8+'10'!I8+'11'!I8+'12'!I8+'13'!I8+'14'!I8+'15'!I8+'16'!I8+'17'!I8+'18'!I8+'19'!I8+'20'!I8+'21'!I8+'22'!I8+'23'!I8+'24'!I8+'25'!I8+'26'!I8+'27'!I8+'28'!I8+'29'!I8+'30'!I8+'31.'!I8 -> 0 | J8: 100 | K8: =+'1'!K8+'2'!K8+'3'!K8+'4'!K8+'5'!K8+'6'!K8+'7'!K8+'8'!K8+'9'!K8+'10'!K8+'11'!K8+'12'!K8+'13'!K8+'14'!K8+'15'!K8+'16'!K8+'17'!K8+'18'!K8+'19'!K8+'20'!K8+'21'!K8+'22'!K8+'23'!K8+'24'!K8+'25'!K8+'26'!K8+'27'!K8+'28'!K8+'29'!K8+'30'!K8+'31.'!K8 -> 0 | N8: =+I8*M8 -> 0 | O8: 4 | P8: =+'4'!L227 -> 5330 | Q8: =+'4'!L232 -> 1145 | R8: =+'4'!L230 -> 0 | S8: =+'4'!L238 -> 0 | T8: =+'4'!L231 -> 0 | U8: =+'4'!L229 -> 1090 | V8: =+P8-Q8-R8-S8-T8-U8 -> 3095 | W8: =+'4'!L234 -> 3095 | X8: =+W8-V8 -> 0 | Y8: =+U8+W8+X8 -> 4185
A9: 5 | B9: ชิฟฟ่อนเค้ก 1 ชิ้น | C9: =+ยกมา!H9 -> 0 | D9: ='1'!D9+'2'!D9+'3'!D9+'4'!D9+'5'!D9+'6'!D9+'7'!D9+'8'!D9+'9'!D9+'10'!D9+'11'!D9+'12'!D9+'13'!D9+'14'!D9+'15'!D9+'16'!D9+'17'!D9+'18'!D9+'19'!D9+'20'!D9+'21'!D9+'22'!D9+'23'!D9+'24'!D9+'25'!D9+'26'!D9+'27'!D9+'28'!D9+'29'!D9+'30'!D9+'31.'!D9 -> 0 | E9: =+C9+D9 -> 0 | F9: =+'1'!F9+'2'!F9+'3'!F9+'4'!F9+'5'!F9+'6'!F9+'7'!F9+'8'!F9+'9'!F9+'10'!F9+'11'!F9+'12'!F9+'13'!F9+'14'!F9+'15'!F9+'16'!F9+'17'!F9+'18'!F9+'19'!F9+'20'!F9+'21'!F9+'22'!F9+'23'!F9+'24'!F9+'25'!F9+'26'!F9+'27'!F9+'28'!F9+'29'!F9+'30'!F9+'31.'!F9 -> 0 | G9: =+'1'!G9+'2'!G9+'3'!G9+'4'!G9+'5'!G9+'6'!G9+'7'!G9+'8'!G9+'9'!G9+'10'!G9+'11'!G9+'12'!G9+'13'!G9+'14'!G9+'15'!G9+'16'!G9+'17'!G9+'18'!G9+'19'!G9+'20'!G9+'21'!G9+'22'!G9+'23'!G9+'24'!G9+'25'!G9+'26'!G9+'27'!G9+'28'!G9+'29'!G9+'30'!G9+'31.'!G9 -> 0 | H9: =C9+D9-F9-I9-G9 -> 0 | I9: =+'1'!I9+'2'!I9+'3'!I9+'4'!I9+'5'!I9+'6'!I9+'7'!I9+'8'!I9+'9'!I9+'10'!I9+'11'!I9+'12'!I9+'13'!I9+'14'!I9+'15'!I9+'16'!I9+'17'!I9+'18'!I9+'19'!I9+'20'!I9+'21'!I9+'22'!I9+'23'!I9+'24'!I9+'25'!I9+'26'!I9+'27'!I9+'28'!I9+'29'!I9+'30'!I9+'31.'!I9 -> 0 | J9: 10 | K9: =+'1'!K9+'2'!K9+'3'!K9+'4'!K9+'5'!K9+'6'!K9+'7'!K9+'8'!K9+'9'!K9+'10'!K9+'11'!K9+'12'!K9+'13'!K9+'14'!K9+'15'!K9+'16'!K9+'17'!K9+'18'!K9+'19'!K9+'20'!K9+'21'!K9+'22'!K9+'23'!K9+'24'!K9+'25'!K9+'26'!K9+'27'!K9+'28'!K9+'29'!K9+'30'!K9+'31.'!K9 -> 0 | N9: =+I9*M9 -> 0 | O9: 5 | P9: =+'5'!L227 -> 2495 | Q9: =+'5'!L232 -> 170 | R9: =+'5'!L230 -> 0 | S9: =+'5'!L228 -> 0 | T9: =+'5'!L231 -> 0 | U9: =+'5'!L229 -> 585 | V9: =+P9-Q9-R9-S9-T9-U9 -> 1740 | W9: =+'5'!L234 -> 1740 | X9: =+W9-V9 -> 0 | Y9: =+U9+W9+X9 -> 2325
A10: 6 | B10: ชิฟฟ่อนเค้กสอดไส้แยม 1 ชิ้น | C10: =+ยกมา!H10 -> 0 | D10: ='1'!D10+'2'!D10+'3'!D10+'4'!D10+'5'!D10+'6'!D10+'7'!D10+'8'!D10+'9'!D10+'10'!D10+'11'!D10+'12'!D10+'13'!D10+'14'!D10+'15'!D10+'16'!D10+'17'!D10+'18'!D10+'19'!D10+'20'!D10+'21'!D10+'22'!D10+'23'!D10+'24'!D10+'25'!D10+'26'!D10+'27'!D10+'28'!D10+'29'!D10+'30'!D10+'31.'!D10 -> 0 | E10: =+C10+D10 -> 0 | F10: =+'1'!F10+'2'!F10+'3'!F10+'4'!F10+'5'!F10+'6'!F10+'7'!F10+'8'!F10+'9'!F10+'10'!F10+'11'!F10+'12'!F10+'13'!F10+'14'!F10+'15'!F10+'16'!F10+'17'!F10+'18'!F10+'19'!F10+'20'!F10+'21'!F10+'22'!F10+'23'!F10+'24'!F10+'25'!F10+'26'!F10+'27'!F10+'28'!F10+'29'!F10+'30'!F10+'31.'!F10 -> 0 | G10: =+'1'!G10+'2'!G10+'3'!G10+'4'!G10+'5'!G10+'6'!G10+'7'!G10+'8'!G10+'9'!G10+'10'!G10+'11'!G10+'12'!G10+'13'!G10+'14'!G10+'15'!G10+'16'!G10+'17'!G10+'18'!G10+'19'!G10+'20'!G10+'21'!G10+'22'!G10+'23'!G10+'24'!G10+'25'!G10+'26'!G10+'27'!G10+'28'!G10+'29'!G10+'30'!G10+'31.'!G10 -> 0 | H10: =C10+D10-F10-I10-G10 -> 0 | I10: =+'1'!I10+'2'!I10+'3'!I10+'4'!I10+'5'!I10+'6'!I10+'7'!I10+'8'!I10+'9'!I10+'10'!I10+'11'!I10+'12'!I10+'13'!I10+'14'!I10+'15'!I10+'16'!I10+'17'!I10+'18'!I10+'19'!I10+'20'!I10+'21'!I10+'22'!I10+'23'!I10+'24'!I10+'25'!I10+'26'!I10+'27'!I10+'28'!I10+'29'!I10+'30'!I10+'31.'!I10 -> 0 | J10: 15 | K10: =+'1'!K10+'2'!K10+'3'!K10+'4'!K10+'5'!K10+'6'!K10+'7'!K10+'8'!K10+'9'!K10+'10'!K10+'11'!K10+'12'!K10+'13'!K10+'14'!K10+'15'!K10+'16'!K10+'17'!K10+'18'!K10+'19'!K10+'20'!K10+'21'!K10+'22'!K10+'23'!K10+'24'!K10+'25'!K10+'26'!K10+'27'!K10+'28'!K10+'29'!K10+'30'!K10+'31.'!K10 -> 0 | N10: =+I10*M10 -> 0 | O10: 6 | P10: =+'6'!L227 -> 2445 | Q10: =+'6'!L232 -> 90 | R10: =+'6'!L230 -> 0 | S10: =+'6'!L228 -> 0 | T10: =+'6'!L231 -> 0 | U10: =+'6'!L229 -> 1450 | V10: =+P10-Q10-R10-S10-T10-U10 -> 905 | W10: =+'6'!L234 -> 905 | X10: =+W10-V10 -> 0 | Y10: =+U10+W10+X10 -> 2355
A11: 7 | B11: ชิฟฟ่อนเค้กสอดไส้ รวมรส (3 ชิ้น) | C11: =+ยกมา!H11 -> 18 | D11: ='1'!D11+'2'!D11+'3'!D11+'4'!D11+'5'!D11+'6'!D11+'7'!D11+'8'!D11+'9'!D11+'10'!D11+'11'!D11+'12'!D11+'13'!D11+'14'!D11+'15'!D11+'16'!D11+'17'!D11+'18'!D11+'19'!D11+'20'!D11+'21'!D11+'22'!D11+'23'!D11+'24'!D11+'25'!D11+'26'!D11+'27'!D11+'28'!D11+'29'!D11+'30'!D11+'31.'!D11 -> 25 | E11: =+C11+D11 -> 43 | F11: =+'1'!F11+'2'!F11+'3'!F11+'4'!F11+'5'!F11+'6'!F11+'7'!F11+'8'!F11+'9'!F11+'10'!F11+'11'!F11+'12'!F11+'13'!F11+'14'!F11+'15'!F11+'16'!F11+'17'!F11+'18'!F11+'19'!F11+'20'!F11+'21'!F11+'22'!F11+'23'!F11+'24'!F11+'25'!F11+'26'!F11+'27'!F11+'28'!F11+'29'!F11+'30'!F11+'31.'!F11 -> 11 | G11: =+'1'!G11+'2'!G11+'3'!G11+'4'!G11+'5'!G11+'6'!G11+'7'!G11+'8'!G11+'9'!G11+'10'!G11+'11'!G11+'12'!G11+'13'!G11+'14'!G11+'15'!G11+'16'!G11+'17'!G11+'18'!G11+'19'!G11+'20'!G11+'21'!G11+'22'!G11+'23'!G11+'24'!G11+'25'!G11+'26'!G11+'27'!G11+'28'!G11+'29'!G11+'30'!G11+'31.'!G11 -> 0 | H11: =C11+D11-F11-I11-G11 -> 17 | I11: =+'1'!I11+'2'!I11+'3'!I11+'4'!I11+'5'!I11+'6'!I11+'7'!I11+'8'!I11+'9'!I11+'10'!I11+'11'!I11+'12'!I11+'13'!I11+'14'!I11+'15'!I11+'16'!I11+'17'!I11+'18'!I11+'19'!I11+'20'!I11+'21'!I11+'22'!I11+'23'!I11+'24'!I11+'25'!I11+'26'!I11+'27'!I11+'28'!I11+'29'!I11+'30'!I11+'31.'!I11 -> 15 | J11: 50 | K11: =+'1'!K11+'2'!K11+'3'!K11+'4'!K11+'5'!K11+'6'!K11+'7'!K11+'8'!K11+'9'!K11+'10'!K11+'11'!K11+'12'!K11+'13'!K11+'14'!K11+'15'!K11+'16'!K11+'17'!K11+'18'!K11+'19'!K11+'20'!K11+'21'!K11+'22'!K11+'23'!K11+'24'!K11+'25'!K11+'26'!K11+'27'!K11+'28'!K11+'29'!K11+'30'!K11+'31.'!K11 -> 750 | N11: =+I11*M11 -> 0 | O11: 7 | P11: =+'7'!L227 -> 1860 | Q11: =+'7'!L232 -> 0 | R11: =+'7'!L230 -> 0 | S11: =+'7'!L228 -> 0 | T11: =+'7'!L231 -> 50 | U11: =+'7'!L229 -> 465 | V11: =+P11-Q11-R11-S11-T11-U11 -> 1345 | W11: =+'7'!L234 -> 1345 | X11: =+W11-V11 -> 0 | Y11: =+U11+W11+X11 -> 1810
A12: 8 | B12: ชิฟฟ่อนเค้กสอดไส้ เมล่อน (3 ชิ้น) | C12: =+ยกมา!H12 -> 0 | D12: ='1'!D12+'2'!D12+'3'!D12+'4'!D12+'5'!D12+'6'!D12+'7'!D12+'8'!D12+'9'!D12+'10'!D12+'11'!D12+'12'!D12+'13'!D12+'14'!D12+'15'!D12+'16'!D12+'17'!D12+'18'!D12+'19'!D12+'20'!D12+'21'!D12+'22'!D12+'23'!D12+'24'!D12+'25'!D12+'26'!D12+'27'!D12+'28'!D12+'29'!D12+'30'!D12+'31.'!D12 -> 0 | E12: =+C12+D12 -> 0 | F12: =+'1'!F12+'2'!F12+'3'!F12+'4'!F12+'5'!F12+'6'!F12+'7'!F12+'8'!F12+'9'!F12+'10'!F12+'11'!F12+'12'!F12+'13'!F12+'14'!F12+'15'!F12+'16'!F12+'17'!F12+'18'!F12+'19'!F12+'20'!F12+'21'!F12+'22'!F12+'23'!F12+'24'!F12+'25'!F12+'26'!F12+'27'!F12+'28'!F12+'29'!F12+'30'!F12+'31.'!F12 -> 0 | G12: =+'1'!G12+'2'!G12+'3'!G12+'4'!G12+'5'!G12+'6'!G12+'7'!G12+'8'!G12+'9'!G12+'10'!G12+'11'!G12+'12'!G12+'13'!G12+'14'!G12+'15'!G12+'16'!G12+'17'!G12+'18'!G12+'19'!G12+'20'!G12+'21'!G12+'22'!G12+'23'!G12+'24'!G12+'25'!G12+'26'!G12+'27'!G12+'28'!G12+'29'!G12+'30'!G12+'31.'!G12 -> 0 | H12: =C12+D12-F12-I12-G12 -> 0 | I12: =+'1'!I12+'2'!I12+'3'!I12+'4'!I12+'5'!I12+'6'!I12+'7'!I12+'8'!I12+'9'!I12+'10'!I12+'11'!I12+'12'!I12+'13'!I12+'14'!I12+'15'!I12+'16'!I12+'17'!I12+'18'!I12+'19'!I12+'20'!I12+'21'!I12+'22'!I12+'23'!I12+'24'!I12+'25'!I12+'26'!I12+'27'!I12+'28'!I12+'29'!I12+'30'!I12+'31.'!I12 -> 0 | J12: 50 | K12: =+'1'!K12+'2'!K12+'3'!K12+'4'!K12+'5'!K12+'6'!K12+'7'!K12+'8'!K12+'9'!K12+'10'!K12+'11'!K12+'12'!K12+'13'!K12+'14'!K12+'15'!K12+'16'!K12+'17'!K12+'18'!K12+'19'!K12+'20'!K12+'21'!K12+'22'!K12+'23'!K12+'24'!K12+'25'!K12+'26'!K12+'27'!K12+'28'!K12+'29'!K12+'30'!K12+'31.'!K12 -> 0 | N12: =+I12*M12 -> 0 | O12: 8 | P12: =+'8'!L227 -> 4330 | Q12: =+'8'!L232 -> 0 | R12: =+'8'!L230 -> 0 | S12: =+'8'!L228 -> 0 | T12: =+'8'!L231 -> 50 | U12: =+'8'!L229 -> 1510 | V12: =+P12-Q12-R12-S12-T12-U12 -> 2770 | W12: =+'8'!L234 -> 2770 | X12: =+W12-V12 -> 0 | Y12: =+U12+W12+X12 -> 4280
A13: 9 | B13: ชิฟฟ่อนเค้กสอดไส้แยม รสบลูเบอร์รี่ (3 ชิ้น) | C13: =+ยกมา!H13 -> 0 | D13: ='1'!D13+'2'!D13+'3'!D13+'4'!D13+'5'!D13+'6'!D13+'7'!D13+'8'!D13+'9'!D13+'10'!D13+'11'!D13+'12'!D13+'13'!D13+'14'!D13+'15'!D13+'16'!D13+'17'!D13+'18'!D13+'19'!D13+'20'!D13+'21'!D13+'22'!D13+'23'!D13+'24'!D13+'25'!D13+'26'!D13+'27'!D13+'28'!D13+'29'!D13+'30'!D13+'31.'!D13 -> 0 | E13: =+C13+D13 -> 0 | F13: =+'1'!F13+'2'!F13+'3'!F13+'4'!F13+'5'!F13+'6'!F13+'7'!F13+'8'!F13+'9'!F13+'10'!F13+'11'!F13+'12'!F13+'13'!F13+'14'!F13+'15'!F13+'16'!F13+'17'!F13+'18'!F13+'19'!F13+'20'!F13+'21'!F13+'22'!F13+'23'!F13+'24'!F13+'25'!F13+'26'!F13+'27'!F13+'28'!F13+'29'!F13+'30'!F13+'31.'!F13 -> 0 | G13: =+'1'!G13+'2'!G13+'3'!G13+'4'!G13+'5'!G13+'6'!G13+'7'!G13+'8'!G13+'9'!G13+'10'!G13+'11'!G13+'12'!G13+'13'!G13+'14'!G13+'15'!G13+'16'!G13+'17'!G13+'18'!G13+'19'!G13+'20'!G13+'21'!G13+'22'!G13+'23'!G13+'24'!G13+'25'!G13+'26'!G13+'27'!G13+'28'!G13+'29'!G13+'30'!G13+'31.'!G13 -> 0 | H13: =C13+D13-F13-I13-G13 -> 0 | I13: =+'1'!I13+'2'!I13+'3'!I13+'4'!I13+'5'!I13+'6'!I13+'7'!I13+'8'!I13+'9'!I13+'10'!I13+'11'!I13+'12'!I13+'13'!I13+'14'!I13+'15'!I13+'16'!I13+'17'!I13+'18'!I13+'19'!I13+'20'!I13+'21'!I13+'22'!I13+'23'!I13+'24'!I13+'25'!I13+'26'!I13+'27'!I13+'28'!I13+'29'!I13+'30'!I13+'31.'!I13 -> 0 | J13: 50 | K13: =+'1'!K13+'2'!K13+'3'!K13+'4'!K13+'5'!K13+'6'!K13+'7'!K13+'8'!K13+'9'!K13+'10'!K13+'11'!K13+'12'!K13+'13'!K13+'14'!K13+'15'!K13+'16'!K13+'17'!K13+'18'!K13+'19'!K13+'20'!K13+'21'!K13+'22'!K13+'23'!K13+'24'!K13+'25'!K13+'26'!K13+'27'!K13+'28'!K13+'29'!K13+'30'!K13+'31.'!K13 -> 0 | N13: =+I13*M13 -> 0 | O13: 9 | P13: =+'9'!L227 -> 1920 | Q13: =+'9'!L232 -> 100 | R13: =+'9'!L230 -> 0 | S13: =+'9'!L228 -> 0 | T13: =+'9'!L231 -> 0 | U13: =+'9'!L229 -> 250 | V13: =+P13-Q13-R13-S13-T13-U13 -> 1570 | W13: =+'9'!L234 -> 1570 | X13: =+W13-V13 -> 0 | Y13: =+U13+W13+X13 -> 1820
A14: 10 | B14: ชิฟฟ่อนเค้กสอดไส้แยม รสส้ม (3 ชิ้น) | C14: =+ยกมา!H14 -> 21 | D14: ='1'!D14+'2'!D14+'3'!D14+'4'!D14+'5'!D14+'6'!D14+'7'!D14+'8'!D14+'9'!D14+'10'!D14+'11'!D14+'12'!D14+'13'!D14+'14'!D14+'15'!D14+'16'!D14+'17'!D14+'18'!D14+'19'!D14+'20'!D14+'21'!D14+'22'!D14+'23'!D14+'24'!D14+'25'!D14+'26'!D14+'27'!D14+'28'!D14+'29'!D14+'30'!D14+'31.'!D14 -> 20 | E14: =+C14+D14 -> 41 | F14: =+'1'!F14+'2'!F14+'3'!F14+'4'!F14+'5'!F14+'6'!F14+'7'!F14+'8'!F14+'9'!F14+'10'!F14+'11'!F14+'12'!F14+'13'!F14+'14'!F14+'15'!F14+'16'!F14+'17'!F14+'18'!F14+'19'!F14+'20'!F14+'21'!F14+'22'!F14+'23'!F14+'24'!F14+'25'!F14+'26'!F14+'27'!F14+'28'!F14+'29'!F14+'30'!F14+'31.'!F14 -> 15 | G14: =+'1'!G14+'2'!G14+'3'!G14+'4'!G14+'5'!G14+'6'!G14+'7'!G14+'8'!G14+'9'!G14+'10'!G14+'11'!G14+'12'!G14+'13'!G14+'14'!G14+'15'!G14+'16'!G14+'17'!G14+'18'!G14+'19'!G14+'20'!G14+'21'!G14+'22'!G14+'23'!G14+'24'!G14+'25'!G14+'26'!G14+'27'!G14+'28'!G14+'29'!G14+'30'!G14+'31.'!G14 -> 0 | H14: =C14+D14-F14-I14-G14 -> 13 | I14: =+'1'!I14+'2'!I14+'3'!I14+'4'!I14+'5'!I14+'6'!I14+'7'!I14+'8'!I14+'9'!I14+'10'!I14+'11'!I14+'12'!I14+'13'!I14+'14'!I14+'15'!I14+'16'!I14+'17'!I14+'18'!I14+'19'!I14+'20'!I14+'21'!I14+'22'!I14+'23'!I14+'24'!I14+'25'!I14+'26'!I14+'27'!I14+'28'!I14+'29'!I14+'30'!I14+'31.'!I14 -> 13 | J14: 50 | K14: =+'1'!K14+'2'!K14+'3'!K14+'4'!K14+'5'!K14+'6'!K14+'7'!K14+'8'!K14+'9'!K14+'10'!K14+'11'!K14+'12'!K14+'13'!K14+'14'!K14+'15'!K14+'16'!K14+'17'!K14+'18'!K14+'19'!K14+'20'!K14+'21'!K14+'22'!K14+'23'!K14+'24'!K14+'25'!K14+'26'!K14+'27'!K14+'28'!K14+'29'!K14+'30'!K14+'31.'!K14 -> 650 | N14: =+I14*M14 -> 0 | O14: 10 | P14: =+'10'!L227 -> 2670 | Q14: =+'10'!L232 -> 0 | R14: =+'10'!L230 -> 0 | S14: =+'10'!L228 -> 0 | T14: =+'10'!L231 -> 180 | U14: =+'10'!L229 -> 1135 | V14: =+P14-Q14-R14-S14-T14-U14 -> 1355 | W14: =+'10'!L234 -> 1355 | X14: =+W14-V14 -> 0 | Y14: =+U14+W14+X14 -> 2490
A15: 11 | B15: ชิฟฟ่อนเค้กหน้าฝอยทอง สอดไส้แยมส้ม (3 ชิ้น) | C15: =+ยกมา!H15 -> 0 | D15: ='1'!D15+'2'!D15+'3'!D15+'4'!D15+'5'!D15+'6'!D15+'7'!D15+'8'!D15+'9'!D15+'10'!D15+'11'!D15+'12'!D15+'13'!D15+'14'!D15+'15'!D15+'16'!D15+'17'!D15+'18'!D15+'19'!D15+'20'!D15+'21'!D15+'22'!D15+'23'!D15+'24'!D15+'25'!D15+'26'!D15+'27'!D15+'28'!D15+'29'!D15+'30'!D15+'31.'!D15 -> 0 | E15: =+C15+D15 -> 0 | F15: =+'1'!F15+'2'!F15+'3'!F15+'4'!F15+'5'!F15+'6'!F15+'7'!F15+'8'!F15+'9'!F15+'10'!F15+'11'!F15+'12'!F15+'13'!F15+'14'!F15+'15'!F15+'16'!F15+'17'!F15+'18'!F15+'19'!F15+'20'!F15+'21'!F15+'22'!F15+'23'!F15+'24'!F15+'25'!F15+'26'!F15+'27'!F15+'28'!F15+'29'!F15+'30'!F15+'31.'!F15 -> 0 | G15: =+'1'!G15+'2'!G15+'3'!G15+'4'!G15+'5'!G15+'6'!G15+'7'!G15+'8'!G15+'9'!G15+'10'!G15+'11'!G15+'12'!G15+'13'!G15+'14'!G15+'15'!G15+'16'!G15+'17'!G15+'18'!G15+'19'!G15+'20'!G15+'21'!G15+'22'!G15+'23'!G15+'24'!G15+'25'!G15+'26'!G15+'27'!G15+'28'!G15+'29'!G15+'30'!G15+'31.'!G15 -> 0 | H15: =C15+D15-F15-I15-G15 -> 0 | I15: =+'1'!I15+'2'!I15+'3'!I15+'4'!I15+'5'!I15+'6'!I15+'7'!I15+'8'!I15+'9'!I15+'10'!I15+'11'!I15+'12'!I15+'13'!I15+'14'!I15+'15'!I15+'16'!I15+'17'!I15+'18'!I15+'19'!I15+'20'!I15+'21'!I15+'22'!I15+'23'!I15+'24'!I15+'25'!I15+'26'!I15+'27'!I15+'28'!I15+'29'!I15+'30'!I15+'31.'!I15 -> 0 | J15: 50 | K15: =+'1'!K15+'2'!K15+'3'!K15+'4'!K15+'5'!K15+'6'!K15+'7'!K15+'8'!K15+'9'!K15+'10'!K15+'11'!K15+'12'!K15+'13'!K15+'14'!K15+'15'!K15+'16'!K15+'17'!K15+'18'!K15+'19'!K15+'20'!K15+'21'!K15+'22'!K15+'23'!K15+'24'!K15+'25'!K15+'26'!K15+'27'!K15+'28'!K15+'29'!K15+'30'!K15+'31.'!K15 -> 0 | N15: =+I15*M15 -> 0 | O15: 11 | P15: =+'11'!L227 -> 2900 | Q15: =+'11'!L232 -> 390 | R15: =+'11'!L230 -> 0 | S15: =+'11'!L228 -> 0 | T15: =+'11'!L231 -> 50 | U15: =+'11'!L229 -> 745 | V15: =+P15-Q15-R15-S15-T15-U15 -> 1715 | W15: =+'11'!L234 -> 1715 | X15: =+W15-V15 -> 0 | Y15: =+U15+W15+X15 -> 2460
A16: 12 | B16: ชิฟฟ่อนเค้กหน้าฝอยทองทูโทน สอดไส้แยมส้ม (3 ชิ้น) | C16: =+ยกมา!H16 -> 20 | D16: ='1'!D16+'2'!D16+'3'!D16+'4'!D16+'5'!D16+'6'!D16+'7'!D16+'8'!D16+'9'!D16+'10'!D16+'11'!D16+'12'!D16+'13'!D16+'14'!D16+'15'!D16+'16'!D16+'17'!D16+'18'!D16+'19'!D16+'20'!D16+'21'!D16+'22'!D16+'23'!D16+'24'!D16+'25'!D16+'26'!D16+'27'!D16+'28'!D16+'29'!D16+'30'!D16+'31.'!D16 -> 20 | E16: =+C16+D16 -> 40 | F16: =+'1'!F16+'2'!F16+'3'!F16+'4'!F16+'5'!F16+'6'!F16+'7'!F16+'8'!F16+'9'!F16+'10'!F16+'11'!F16+'12'!F16+'13'!F16+'14'!F16+'15'!F16+'16'!F16+'17'!F16+'18'!F16+'19'!F16+'20'!F16+'21'!F16+'22'!F16+'23'!F16+'24'!F16+'25'!F16+'26'!F16+'27'!F16+'28'!F16+'29'!F16+'30'!F16+'31.'!F16 -> 12 | G16: =+'1'!G16+'2'!G16+'3'!G16+'4'!G16+'5'!G16+'6'!G16+'7'!G16+'8'!G16+'9'!G16+'10'!G16+'11'!G16+'12'!G16+'13'!G16+'14'!G16+'15'!G16+'16'!G16+'17'!G16+'18'!G16+'19'!G16+'20'!G16+'21'!G16+'22'!G16+'23'!G16+'24'!G16+'25'!G16+'26'!G16+'27'!G16+'28'!G16+'29'!G16+'30'!G16+'31.'!G16 -> 0 | H16: =C16+D16-F16-I16-G16 -> 16 | I16: =+'1'!I16+'2'!I16+'3'!I16+'4'!I16+'5'!I16+'6'!I16+'7'!I16+'8'!I16+'9'!I16+'10'!I16+'11'!I16+'12'!I16+'13'!I16+'14'!I16+'15'!I16+'16'!I16+'17'!I16+'18'!I16+'19'!I16+'20'!I16+'21'!I16+'22'!I16+'23'!I16+'24'!I16+'25'!I16+'26'!I16+'27'!I16+'28'!I16+'29'!I16+'30'!I16+'31.'!I16 -> 12 | J16: 50 | K16: =+'1'!K16+'2'!K16+'3'!K16+'4'!K16+'5'!K16+'6'!K16+'7'!K16+'8'!K16+'9'!K16+'10'!K16+'11'!K16+'12'!K16+'13'!K16+'14'!K16+'15'!K16+'16'!K16+'17'!K16+'18'!K16+'19'!K16+'20'!K16+'21'!K16+'22'!K16+'23'!K16+'24'!K16+'25'!K16+'26'!K16+'27'!K16+'28'!K16+'29'!K16+'30'!K16+'31.'!K16 -> 600 | N16: =+I16*M16 -> 0 | O16: 12 | P16: =+'12'!L227 -> 2790 | Q16: =+'12'!L232 -> 600 | R16: =+'12'!L230 -> 0 | S16: =+'12'!L228 -> 0 | T16: =+'12'!L231 -> 0 | U16: =+'12'!L229 -> 1135 | V16: =+P16-Q16-R16-S16-T16-U16 -> 1055 | W16: =+'12'!L234 -> 1055 | X16: =+W16-V16 -> 0 | Y16: =+U16+W16+X16 -> 2190
A17: 13 | B17: ชิฟฟ่อนเค้กสอดไส้แยม รสสตรอว์เบอรี่ (3 ชิ้น) | C17: =+ยกมา!H17 -> 0 | D17: ='1'!D17+'2'!D17+'3'!D17+'4'!D17+'5'!D17+'6'!D17+'7'!D17+'8'!D17+'9'!D17+'10'!D17+'11'!D17+'12'!D17+'13'!D17+'14'!D17+'15'!D17+'16'!D17+'17'!D17+'18'!D17+'19'!D17+'20'!D17+'21'!D17+'22'!D17+'23'!D17+'24'!D17+'25'!D17+'26'!D17+'27'!D17+'28'!D17+'29'!D17+'30'!D17+'31.'!D17 -> 0 | E17: =+C17+D17 -> 0 | F17: =+'1'!F17+'2'!F17+'3'!F17+'4'!F17+'5'!F17+'6'!F17+'7'!F17+'8'!F17+'9'!F17+'10'!F17+'11'!F17+'12'!F17+'13'!F17+'14'!F17+'15'!F17+'16'!F17+'17'!F17+'18'!F17+'19'!F17+'20'!F17+'21'!F17+'22'!F17+'23'!F17+'24'!F17+'25'!F17+'26'!F17+'27'!F17+'28'!F17+'29'!F17+'30'!F17+'31.'!F17 -> 0 | G17: =+'1'!G17+'2'!G17+'3'!G17+'4'!G17+'5'!G17+'6'!G17+'7'!G17+'8'!G17+'9'!G17+'10'!G17+'11'!G17+'12'!G17+'13'!G17+'14'!G17+'15'!G17+'16'!G17+'17'!G17+'18'!G17+'19'!G17+'20'!G17+'21'!G17+'22'!G17+'23'!G17+'24'!G17+'25'!G17+'26'!G17+'27'!G17+'28'!G17+'29'!G17+'30'!G17+'31.'!G17 -> 0 | H17: =C17+D17-F17-I17-G17 -> 0 | I17: =+'1'!I17+'2'!I17+'3'!I17+'4'!I17+'5'!I17+'6'!I17+'7'!I17+'8'!I17+'9'!I17+'10'!I17+'11'!I17+'12'!I17+'13'!I17+'14'!I17+'15'!I17+'16'!I17+'17'!I17+'18'!I17+'19'!I17+'20'!I17+'21'!I17+'22'!I17+'23'!I17+'24'!I17+'25'!I17+'26'!I17+'27'!I17+'28'!I17+'29'!I17+'30'!I17+'31.'!I17 -> 0 | J17: 50 | K17: =+'1'!K17+'2'!K17+'3'!K17+'4'!K17+'5'!K17+'6'!K17+'7'!K17+'8'!K17+'9'!K17+'10'!K17+'11'!K17+'12'!K17+'13'!K17+'14'!K17+'15'!K17+'16'!K17+'17'!K17+'18'!K17+'19'!K17+'20'!K17+'21'!K17+'22'!K17+'23'!K17+'24'!K17+'25'!K17+'26'!K17+'27'!K17+'28'!K17+'29'!K17+'30'!K17+'31.'!K17 -> 0 | N17: =+I17*M17 -> 0 | O17: 13 | P17: =+'13'!L227 -> 2170 | Q17: =+'13'!L232 -> 500 | R17: =+'13'!L230 -> 0 | S17: =+'13'!L228 -> 0 | T17: =+'13'!L231 -> 50 | U17: =+'13'!L229 -> 855 | V17: =+P17-Q17-R17-S17-T17-U17 -> 765 | W17: =+'13'!L234 -> 765 | X17: =+W17-V17 -> 0 | Y17: =+U17+W17+X17 -> 1620
A18: 14 | B18: ชิฟฟ่อนเค้กสอดไส้ เนยมะพร้าว (3 ชิ้น) | C18: =+ยกมา!H17 -> 0 | D18: ='1'!D18+'2'!D18+'3'!D18+'4'!D18+'5'!D18+'6'!D18+'7'!D18+'8'!D18+'9'!D18+'10'!D18+'11'!D18+'12'!D18+'13'!D18+'14'!D18+'15'!D18+'16'!D18+'17'!D18+'18'!D18+'19'!D18+'20'!D18+'21'!D18+'22'!D18+'23'!D18+'24'!D18+'25'!D18+'26'!D18+'27'!D18+'28'!D18+'29'!D18+'30'!D18+'31.'!D18 -> 20 | E18: =+C18+D18 -> 20 | F18: =+'1'!F18+'2'!F18+'3'!F18+'4'!F18+'5'!F18+'6'!F18+'7'!F18+'8'!F18+'9'!F18+'10'!F18+'11'!F18+'12'!F18+'13'!F18+'14'!F18+'15'!F18+'16'!F18+'17'!F18+'18'!F18+'19'!F18+'20'!F18+'21'!F18+'22'!F18+'23'!F18+'24'!F18+'25'!F18+'26'!F18+'27'!F18+'28'!F18+'29'!F18+'30'!F18+'31.'!F18 -> 13 | G18: =+'1'!G18+'2'!G18+'3'!G18+'4'!G18+'5'!G18+'6'!G18+'7'!G18+'8'!G18+'9'!G18+'10'!G18+'11'!G18+'12'!G18+'13'!G18+'14'!G18+'15'!G18+'16'!G18+'17'!G18+'18'!G18+'19'!G18+'20'!G18+'21'!G18+'22'!G18+'23'!G18+'24'!G18+'25'!G18+'26'!G18+'27'!G18+'28'!G18+'29'!G18+'30'!G18+'31.'!G18 -> 0 | H18: =C18+D18-F18-I18-G18 -> -7 | I18: =+'1'!I18+'2'!I18+'3'!I18+'4'!I18+'5'!I18+'6'!I18+'7'!I18+'8'!I18+'9'!I18+'10'!I18+'11'!I18+'12'!I18+'13'!I18+'14'!I18+'15'!I18+'16'!I18+'17'!I18+'18'!I18+'19'!I18+'20'!I18+'21'!I18+'22'!I18+'23'!I18+'24'!I18+'25'!I18+'26'!I18+'27'!I18+'28'!I18+'29'!I18+'30'!I18+'31.'!I18 -> 14 | J18: 50 | K18: =+'1'!K18+'2'!K18+'3'!K18+'4'!K18+'5'!K18+'6'!K18+'7'!K18+'8'!K18+'9'!K18+'10'!K18+'11'!K18+'12'!K18+'13'!K18+'14'!K18+'15'!K18+'16'!K18+'17'!K18+'18'!K18+'19'!K18+'20'!K18+'21'!K18+'22'!K18+'23'!K18+'24'!K18+'25'!K18+'26'!K18+'27'!K18+'28'!K18+'29'!K18+'30'!K18+'31.'!K18 -> 700 | N18: =+I18*M18 -> 0 | O18: 14 | P18: =+'14'!L227 -> 3635 | Q18: =+'14'!L232 -> 180 | R18: =+'14'!L230 -> 0 | S18: =+'14'!L228 -> 0 | T18: =+'14'!L231 -> 0 | U18: =+'14'!L229 -> 1870 | V18: =+P18-Q18-R18-S18-T18-U18 -> 1585 | W18: =+'14'!L234 -> 1585 | X18: =+W18-V18 -> 0 | Y18: =+U18+W18+X18 -> 3455
A19: 15 | B19: ชิฟฟ่อนเค้กสอดไส้ นมชมพูฮอกไกโด (3 ชิ้น) | C19: =+ยกมา!H18 -> 17 | D19: ='1'!D19+'2'!D19+'3'!D19+'4'!D19+'5'!D19+'6'!D19+'7'!D19+'8'!D19+'9'!D19+'10'!D19+'11'!D19+'12'!D19+'13'!D19+'14'!D19+'15'!D19+'16'!D19+'17'!D19+'18'!D19+'19'!D19+'20'!D19+'21'!D19+'22'!D19+'23'!D19+'24'!D19+'25'!D19+'26'!D19+'27'!D19+'28'!D19+'29'!D19+'30'!D19+'31.'!D19 -> 0 | E19: =+C19+D19 -> 17 | F19: =+'1'!F19+'2'!F19+'3'!F19+'4'!F19+'5'!F19+'6'!F19+'7'!F19+'8'!F19+'9'!F19+'10'!F19+'11'!F19+'12'!F19+'13'!F19+'14'!F19+'15'!F19+'16'!F19+'17'!F19+'18'!F19+'19'!F19+'20'!F19+'21'!F19+'22'!F19+'23'!F19+'24'!F19+'25'!F19+'26'!F19+'27'!F19+'28'!F19+'29'!F19+'30'!F19+'31.'!F19 -> 0 | G19: =+'1'!G19+'2'!G19+'3'!G19+'4'!G19+'5'!G19+'6'!G19+'7'!G19+'8'!G19+'9'!G19+'10'!G19+'11'!G19+'12'!G19+'13'!G19+'14'!G19+'15'!G19+'16'!G19+'17'!G19+'18'!G19+'19'!G19+'20'!G19+'21'!G19+'22'!G19+'23'!G19+'24'!G19+'25'!G19+'26'!G19+'27'!G19+'28'!G19+'29'!G19+'30'!G19+'31.'!G19 -> 0 | H19: =C19+D19-F19-I19-G19 -> 17 | I19: =+'1'!I19+'2'!I19+'3'!I19+'4'!I19+'5'!I19+'6'!I19+'7'!I19+'8'!I19+'9'!I19+'10'!I19+'11'!I19+'12'!I19+'13'!I19+'14'!I19+'15'!I19+'16'!I19+'17'!I19+'18'!I19+'19'!I19+'20'!I19+'21'!I19+'22'!I19+'23'!I19+'24'!I19+'25'!I19+'26'!I19+'27'!I19+'28'!I19+'29'!I19+'30'!I19+'31.'!I19 -> 0 | J19: 50 | K19: =+'1'!K19+'2'!K19+'3'!K19+'4'!K19+'5'!K19+'6'!K19+'7'!K19+'8'!K19+'9'!K19+'10'!K19+'11'!K19+'12'!K19+'13'!K19+'14'!K19+'15'!K19+'16'!K19+'17'!K19+'18'!K19+'19'!K19+'20'!K19+'21'!K19+'22'!K19+'23'!K19+'24'!K19+'25'!K19+'26'!K19+'27'!K19+'28'!K19+'29'!K19+'30'!K19+'31.'!K19 -> 0 | N19: =+I19*M19 -> 0 | O19: 15 | P19: =+'15'!L227 -> 2085 | Q19: =+'15'!L232 -> 220 | R19: =+'15'!L230 -> 0 | S19: =+'15'!L228 -> 0 | T19: =+'15'!L231 -> 0 | U19: =+'15'!L229 -> 910 | V19: =+P19-Q19-R19-S19-T19-U19 -> 955 | W19: =+'15'!L234 -> 955 | X19: =+W19-V19 -> 0 | Y19: =+U19+W19+X19 -> 1865
A20: 16 | B20: ชิฟฟ่อน สอดไส้ (ล) 4 ชิ้น ครีมมะพร้าว | C20: =+ยกมา!H19 -> 0 | D20: ='1'!D20+'2'!D20+'3'!D20+'4'!D20+'5'!D20+'6'!D20+'7'!D20+'8'!D20+'9'!D20+'10'!D20+'11'!D20+'12'!D20+'13'!D20+'14'!D20+'15'!D20+'16'!D20+'17'!D20+'18'!D20+'19'!D20+'20'!D20+'21'!D20+'22'!D20+'23'!D20+'24'!D20+'25'!D20+'26'!D20+'27'!D20+'28'!D20+'29'!D20+'30'!D20+'31.'!D20 -> 0 | E20: =+C20+D20 -> 0 | F20: =+'1'!F20+'2'!F20+'3'!F20+'4'!F20+'5'!F20+'6'!F20+'7'!F20+'8'!F20+'9'!F20+'10'!F20+'11'!F20+'12'!F20+'13'!F20+'14'!F20+'15'!F20+'16'!F20+'17'!F20+'18'!F20+'19'!F20+'20'!F20+'21'!F20+'22'!F20+'23'!F20+'24'!F20+'25'!F20+'26'!F20+'27'!F20+'28'!F20+'29'!F20+'30'!F20+'31.'!F20 -> 0 | G20: =+'1'!G20+'2'!G20+'3'!G20+'4'!G20+'5'!G20+'6'!G20+'7'!G20+'8'!G20+'9'!G20+'10'!G20+'11'!G20+'12'!G20+'13'!G20+'14'!G20+'15'!G20+'16'!G20+'17'!G20+'18'!G20+'19'!G20+'20'!G20+'21'!G20+'22'!G20+'23'!G20+'24'!G20+'25'!G20+'26'!G20+'27'!G20+'28'!G20+'29'!G20+'30'!G20+'31.'!G20 -> 0 | H20: =C20+D20-F20-I20-G20 -> 0 | I20: =+'1'!I20+'2'!I20+'3'!I20+'4'!I20+'5'!I20+'6'!I20+'7'!I20+'8'!I20+'9'!I20+'10'!I20+'11'!I20+'12'!I20+'13'!I20+'14'!I20+'15'!I20+'16'!I20+'17'!I20+'18'!I20+'19'!I20+'20'!I20+'21'!I20+'22'!I20+'23'!I20+'24'!I20+'25'!I20+'26'!I20+'27'!I20+'28'!I20+'29'!I20+'30'!I20+'31.'!I20 -> 0 | J20: 65 | K20: =+'1'!K20+'2'!K20+'3'!K20+'4'!K20+'5'!K20+'6'!K20+'7'!K20+'8'!K20+'9'!K20+'10'!K20+'11'!K20+'12'!K20+'13'!K20+'14'!K20+'15'!K20+'16'!K20+'17'!K20+'18'!K20+'19'!K20+'20'!K20+'21'!K20+'22'!K20+'23'!K20+'24'!K20+'25'!K20+'26'!K20+'27'!K20+'28'!K20+'29'!K20+'30'!K20+'31.'!K20 -> 0 | N20: =+I20*M20 -> 0 | O20: 16 | P20: =+'16'!L227 -> 7235 | Q20: =+'16'!L232 -> 300 | R20: =+'16'!L230 -> 0 | S20: =+'16'!L228 -> 0 | T20: =+'16'!L231 -> 0 | U20: =+'16'!L229 -> 4495 | V20: =+P20-Q20-R20-S20-T20-U20 -> 2440 | W20: =+'16'!L234 -> 2440 | X20: =+W20-V20 -> 0 | Y20: =+U20+W20+X20 -> 6935
A21: 17 | B21: ชิฟฟ่อน สอดไส้ (ก) 5 ชิ้น ครีมมะพร้าว | C21: =+ยกมา!H20 -> 0 | D21: ='1'!D21+'2'!D21+'3'!D21+'4'!D21+'5'!D21+'6'!D21+'7'!D21+'8'!D21+'9'!D21+'10'!D21+'11'!D21+'12'!D21+'13'!D21+'14'!D21+'15'!D21+'16'!D21+'17'!D21+'18'!D21+'19'!D21+'20'!D21+'21'!D21+'22'!D21+'23'!D21+'24'!D21+'25'!D21+'26'!D21+'27'!D21+'28'!D21+'29'!D21+'30'!D21+'31.'!D21 -> 0 | E21: =+C21+D21 -> 0 | F21: =+'1'!F21+'2'!F21+'3'!F21+'4'!F21+'5'!F21+'6'!F21+'7'!F21+'8'!F21+'9'!F21+'10'!F21+'11'!F21+'12'!F21+'13'!F21+'14'!F21+'15'!F21+'16'!F21+'17'!F21+'18'!F21+'19'!F21+'20'!F21+'21'!F21+'22'!F21+'23'!F21+'24'!F21+'25'!F21+'26'!F21+'27'!F21+'28'!F21+'29'!F21+'30'!F21+'31.'!F21 -> 0 | G21: =+'1'!G21+'2'!G21+'3'!G21+'4'!G21+'5'!G21+'6'!G21+'7'!G21+'8'!G21+'9'!G21+'10'!G21+'11'!G21+'12'!G21+'13'!G21+'14'!G21+'15'!G21+'16'!G21+'17'!G21+'18'!G21+'19'!G21+'20'!G21+'21'!G21+'22'!G21+'23'!G21+'24'!G21+'25'!G21+'26'!G21+'27'!G21+'28'!G21+'29'!G21+'30'!G21+'31.'!G21 -> 0 | H21: =C21+D21-F21-I21-G21 -> 0 | I21: =+'1'!I21+'2'!I21+'3'!I21+'4'!I21+'5'!I21+'6'!I21+'7'!I21+'8'!I21+'9'!I21+'10'!I21+'11'!I21+'12'!I21+'13'!I21+'14'!I21+'15'!I21+'16'!I21+'17'!I21+'18'!I21+'19'!I21+'20'!I21+'21'!I21+'22'!I21+'23'!I21+'24'!I21+'25'!I21+'26'!I21+'27'!I21+'28'!I21+'29'!I21+'30'!I21+'31.'!I21 -> 0 | J21: 85 | K21: =+'1'!K21+'2'!K21+'3'!K21+'4'!K21+'5'!K21+'6'!K21+'7'!K21+'8'!K21+'9'!K21+'10'!K21+'11'!K21+'12'!K21+'13'!K21+'14'!K21+'15'!K21+'16'!K21+'17'!K21+'18'!K21+'19'!K21+'20'!K21+'21'!K21+'22'!K21+'23'!K21+'24'!K21+'25'!K21+'26'!K21+'27'!K21+'28'!K21+'29'!K21+'30'!K21+'31.'!K21 -> 0 | N21: =+I21*M21 -> 0 | O21: 17 | P21: =+'17'!L227 -> 1790 | Q21: =+'17'!L232 -> 105 | R21: =+'17'!L230 -> 0 | S21: =+'17'!L228 -> 0 | T21: =+'17'!L231 -> 0 | U21: =+'17'!L229 -> 410 | V21: =+P21-Q21-R21-S21-T21-U21 -> 1275 | W21: =+'17'!L234 -> 1275 | X21: =+W21-V21 -> 0 | Y21: =+U21+W21+X21 -> 1685
A22: 18 | B22: ชิฟฟ่อนเค้กสอดไส้ รวมรส (6 ชิ้น) | C22: =+ยกมา!H21 -> 0 | D22: ='1'!D22+'2'!D22+'3'!D22+'4'!D22+'5'!D22+'6'!D22+'7'!D22+'8'!D22+'9'!D22+'10'!D22+'11'!D22+'12'!D22+'13'!D22+'14'!D22+'15'!D22+'16'!D22+'17'!D22+'18'!D22+'19'!D22+'20'!D22+'21'!D22+'22'!D22+'23'!D22+'24'!D22+'25'!D22+'26'!D22+'27'!D22+'28'!D22+'29'!D22+'30'!D22+'31.'!D22 -> 45 | E22: =+C22+D22 -> 45 | F22: =+'1'!F22+'2'!F22+'3'!F22+'4'!F22+'5'!F22+'6'!F22+'7'!F22+'8'!F22+'9'!F22+'10'!F22+'11'!F22+'12'!F22+'13'!F22+'14'!F22+'15'!F22+'16'!F22+'17'!F22+'18'!F22+'19'!F22+'20'!F22+'21'!F22+'22'!F22+'23'!F22+'24'!F22+'25'!F22+'26'!F22+'27'!F22+'28'!F22+'29'!F22+'30'!F22+'31.'!F22 -> 1 | G22: =+'1'!G22+'2'!G22+'3'!G22+'4'!G22+'5'!G22+'6'!G22+'7'!G22+'8'!G22+'9'!G22+'10'!G22+'11'!G22+'12'!G22+'13'!G22+'14'!G22+'15'!G22+'16'!G22+'17'!G22+'18'!G22+'19'!G22+'20'!G22+'21'!G22+'22'!G22+'23'!G22+'24'!G22+'25'!G22+'26'!G22+'27'!G22+'28'!G22+'29'!G22+'30'!G22+'31.'!G22 -> 0 | H22: =C22+D22-F22-I22-G22 -> -1 | I22: =+'1'!I22+'2'!I22+'3'!I22+'4'!I22+'5'!I22+'6'!I22+'7'!I22+'8'!I22+'9'!I22+'10'!I22+'11'!I22+'12'!I22+'13'!I22+'14'!I22+'15'!I22+'16'!I22+'17'!I22+'18'!I22+'19'!I22+'20'!I22+'21'!I22+'22'!I22+'23'!I22+'24'!I22+'25'!I22+'26'!I22+'27'!I22+'28'!I22+'29'!I22+'30'!I22+'31.'!I22 -> 45 | J22: 100 | K22: =+'1'!K22+'2'!K22+'3'!K22+'4'!K22+'5'!K22+'6'!K22+'7'!K22+'8'!K22+'9'!K22+'10'!K22+'11'!K22+'12'!K22+'13'!K22+'14'!K22+'15'!K22+'16'!K22+'17'!K22+'18'!K22+'19'!K22+'20'!K22+'21'!K22+'22'!K22+'23'!K22+'24'!K22+'25'!K22+'26'!K22+'27'!K22+'28'!K22+'29'!K22+'30'!K22+'31.'!K22 -> 4500 | N22: =+I22*M22 -> 0 | O22: 18 | P22: =+'18'!L227 -> 950 | Q22: =+'18'!L232 -> 0 | R22: =+'18'!L230 -> 0 | S22: =+'18'!L228 -> 0 | T22: =+'18'!L231 -> 0 | U22: =+'18'!L229 -> 310 | V22: =+P22-Q22-R22-S22-T22-U22 -> 640 | W22: =+'18'!L234 -> 640 | X22: =+W22-V22 -> 0 | Y22: =+U22+W22+X22 -> 950
A23: 19 | B23: ชิฟฟ่อนเค้กสอดไส้แยม รสส้ม (6 ชิ้น) | C23: =+ยกมา!H22 -> 18 | D23: ='1'!D23+'2'!D23+'3'!D23+'4'!D23+'5'!D23+'6'!D23+'7'!D23+'8'!D23+'9'!D23+'10'!D23+'11'!D23+'12'!D23+'13'!D23+'14'!D23+'15'!D23+'16'!D23+'17'!D23+'18'!D23+'19'!D23+'20'!D23+'21'!D23+'22'!D23+'23'!D23+'24'!D23+'25'!D23+'26'!D23+'27'!D23+'28'!D23+'29'!D23+'30'!D23+'31.'!D23 -> 0 | E23: =+C23+D23 -> 18 | F23: =+'1'!F23+'2'!F23+'3'!F23+'4'!F23+'5'!F23+'6'!F23+'7'!F23+'8'!F23+'9'!F23+'10'!F23+'11'!F23+'12'!F23+'13'!F23+'14'!F23+'15'!F23+'16'!F23+'17'!F23+'18'!F23+'19'!F23+'20'!F23+'21'!F23+'22'!F23+'23'!F23+'24'!F23+'25'!F23+'26'!F23+'27'!F23+'28'!F23+'29'!F23+'30'!F23+'31.'!F23 -> 0 | G23: =+'1'!G23+'2'!G23+'3'!G23+'4'!G23+'5'!G23+'6'!G23+'7'!G23+'8'!G23+'9'!G23+'10'!G23+'11'!G23+'12'!G23+'13'!G23+'14'!G23+'15'!G23+'16'!G23+'17'!G23+'18'!G23+'19'!G23+'20'!G23+'21'!G23+'22'!G23+'23'!G23+'24'!G23+'25'!G23+'26'!G23+'27'!G23+'28'!G23+'29'!G23+'30'!G23+'31.'!G23 -> 0 | H23: =C23+D23-F23-I23-G23 -> 18 | I23: =+'1'!I23+'2'!I23+'3'!I23+'4'!I23+'5'!I23+'6'!I23+'7'!I23+'8'!I23+'9'!I23+'10'!I23+'11'!I23+'12'!I23+'13'!I23+'14'!I23+'15'!I23+'16'!I23+'17'!I23+'18'!I23+'19'!I23+'20'!I23+'21'!I23+'22'!I23+'23'!I23+'24'!I23+'25'!I23+'26'!I23+'27'!I23+'28'!I23+'29'!I23+'30'!I23+'31.'!I23 -> 0 | J23: 100 | K23: =+'1'!K23+'2'!K23+'3'!K23+'4'!K23+'5'!K23+'6'!K23+'7'!K23+'8'!K23+'9'!K23+'10'!K23+'11'!K23+'12'!K23+'13'!K23+'14'!K23+'15'!K23+'16'!K23+'17'!K23+'18'!K23+'19'!K23+'20'!K23+'21'!K23+'22'!K23+'23'!K23+'24'!K23+'25'!K23+'26'!K23+'27'!K23+'28'!K23+'29'!K23+'30'!K23+'31.'!K23 -> 0 | N23: =+I23*M23 -> 0 | O23: 19 | P23: =+'19'!L227 -> 2530 | Q23: =+'19'!L232 -> 830 | R23: =+'19'!L230 -> 0 | S23: =+'19'!L228 -> 0 | T23: =+'19'!L231 -> 0 | U23: =+'19'!L229 -> 450 | V23: =+P23-Q23-R23-S23-T23-U23 -> 1250 | W23: =+'19'!L234 -> 1250 | X23: =+W23-V23 -> 0 | Y23: =+U23+W23+X23 -> 1700
A24: 20 | B24: ชิฟฟ่อนเค้กหน้าฝอยทอง สอดไส้แยมส้ม (6 ชิ้น) | C24: =+ยกมา!H23 -> 0 | D24: ='1'!D24+'2'!D24+'3'!D24+'4'!D24+'5'!D24+'6'!D24+'7'!D24+'8'!D24+'9'!D24+'10'!D24+'11'!D24+'12'!D24+'13'!D24+'14'!D24+'15'!D24+'16'!D24+'17'!D24+'18'!D24+'19'!D24+'20'!D24+'21'!D24+'22'!D24+'23'!D24+'24'!D24+'25'!D24+'26'!D24+'27'!D24+'28'!D24+'29'!D24+'30'!D24+'31.'!D24 -> 35 | E24: =+C24+D24 -> 35 | F24: =+'1'!F24+'2'!F24+'3'!F24+'4'!F24+'5'!F24+'6'!F24+'7'!F24+'8'!F24+'9'!F24+'10'!F24+'11'!F24+'12'!F24+'13'!F24+'14'!F24+'15'!F24+'16'!F24+'17'!F24+'18'!F24+'19'!F24+'20'!F24+'21'!F24+'22'!F24+'23'!F24+'24'!F24+'25'!F24+'26'!F24+'27'!F24+'28'!F24+'29'!F24+'30'!F24+'31.'!F24 -> 6 | G24: =+'1'!G24+'2'!G24+'3'!G24+'4'!G24+'5'!G24+'6'!G24+'7'!G24+'8'!G24+'9'!G24+'10'!G24+'11'!G24+'12'!G24+'13'!G24+'14'!G24+'15'!G24+'16'!G24+'17'!G24+'18'!G24+'19'!G24+'20'!G24+'21'!G24+'22'!G24+'23'!G24+'24'!G24+'25'!G24+'26'!G24+'27'!G24+'28'!G24+'29'!G24+'30'!G24+'31.'!G24 -> 0 | H24: =C24+D24-F24-I24-G24 -> 1 | I24: =+'1'!I24+'2'!I24+'3'!I24+'4'!I24+'5'!I24+'6'!I24+'7'!I24+'8'!I24+'9'!I24+'10'!I24+'11'!I24+'12'!I24+'13'!I24+'14'!I24+'15'!I24+'16'!I24+'17'!I24+'18'!I24+'19'!I24+'20'!I24+'21'!I24+'22'!I24+'23'!I24+'24'!I24+'25'!I24+'26'!I24+'27'!I24+'28'!I24+'29'!I24+'30'!I24+'31.'!I24 -> 28 | J24: 100 | K24: =+'1'!K24+'2'!K24+'3'!K24+'4'!K24+'5'!K24+'6'!K24+'7'!K24+'8'!K24+'9'!K24+'10'!K24+'11'!K24+'12'!K24+'13'!K24+'14'!K24+'15'!K24+'16'!K24+'17'!K24+'18'!K24+'19'!K24+'20'!K24+'21'!K24+'22'!K24+'23'!K24+'24'!K24+'25'!K24+'26'!K24+'27'!K24+'28'!K24+'29'!K24+'30'!K24+'31.'!K24 -> 2800 | N24: =+I24*M24 -> 0 | O24: 20 | P24: =+'20'!L227 -> 880 | Q24: =+'20'!L232 -> 50 | R24: =+'20'!L230 -> 0 | S24: =+'20'!L228 -> 0 | T24: =+'20'!L231 -> 0 | U24: =+'20'!L229 -> 0 | V24: =+P24-Q24-R24-S24-T24-U24 -> 830 | W24: =+'20'!L234 -> 830 | X24: =+W24-V24 -> 0 | Y24: =+U24+W24+X24 -> 830
A25: 21 | B25: ชิฟฟ่อนเค้กหน้าฝอยทองทูโทน สอดไส้แยมส้ม (6 ชิ้น) | C25: =+ยกมา!H24 -> 13 | D25: ='1'!D25+'2'!D25+'3'!D25+'4'!D25+'5'!D25+'6'!D25+'7'!D25+'8'!D25+'9'!D25+'10'!D25+'11'!D25+'12'!D25+'13'!D25+'14'!D25+'15'!D25+'16'!D25+'17'!D25+'18'!D25+'19'!D25+'20'!D25+'21'!D25+'22'!D25+'23'!D25+'24'!D25+'25'!D25+'26'!D25+'27'!D25+'28'!D25+'29'!D25+'30'!D25+'31.'!D25 -> 0 | E25: =+C25+D25 -> 13 | F25: =+'1'!F25+'2'!F25+'3'!F25+'4'!F25+'5'!F25+'6'!F25+'7'!F25+'8'!F25+'9'!F25+'10'!F25+'11'!F25+'12'!F25+'13'!F25+'14'!F25+'15'!F25+'16'!F25+'17'!F25+'18'!F25+'19'!F25+'20'!F25+'21'!F25+'22'!F25+'23'!F25+'24'!F25+'25'!F25+'26'!F25+'27'!F25+'28'!F25+'29'!F25+'30'!F25+'31.'!F25 -> 0 | G25: =+'1'!G25+'2'!G25+'3'!G25+'4'!G25+'5'!G25+'6'!G25+'7'!G25+'8'!G25+'9'!G25+'10'!G25+'11'!G25+'12'!G25+'13'!G25+'14'!G25+'15'!G25+'16'!G25+'17'!G25+'18'!G25+'19'!G25+'20'!G25+'21'!G25+'22'!G25+'23'!G25+'24'!G25+'25'!G25+'26'!G25+'27'!G25+'28'!G25+'29'!G25+'30'!G25+'31.'!G25 -> 0 | H25: =C25+D25-F25-I25-G25 -> 13 | I25: =+'1'!I25+'2'!I25+'3'!I25+'4'!I25+'5'!I25+'6'!I25+'7'!I25+'8'!I25+'9'!I25+'10'!I25+'11'!I25+'12'!I25+'13'!I25+'14'!I25+'15'!I25+'16'!I25+'17'!I25+'18'!I25+'19'!I25+'20'!I25+'21'!I25+'22'!I25+'23'!I25+'24'!I25+'25'!I25+'26'!I25+'27'!I25+'28'!I25+'29'!I25+'30'!I25+'31.'!I25 -> 0 | J25: 100 | K25: =+'1'!K25+'2'!K25+'3'!K25+'4'!K25+'5'!K25+'6'!K25+'7'!K25+'8'!K25+'9'!K25+'10'!K25+'11'!K25+'12'!K25+'13'!K25+'14'!K25+'15'!K25+'16'!K25+'17'!K25+'18'!K25+'19'!K25+'20'!K25+'21'!K25+'22'!K25+'23'!K25+'24'!K25+'25'!K25+'26'!K25+'27'!K25+'28'!K25+'29'!K25+'30'!K25+'31.'!K25 -> 0 | N25: =+I25*M25 -> 0 | O25: 21 | P25: =+'21'!L227 -> 3055 | Q25: =+'21'!L232 -> 225 | R25: =+'21'!L230 -> 0 | S25: =+'21'!L228 -> 0 | T25: =+'21'!L231 -> 0 | U25: =+'21'!L229 -> 1340 | V25: =+P25-Q25-R25-S25-T25-U25 -> 1490 | W25: =+'21'!L234 -> 1490 | X25: =+W25-V25 -> 0 | Y25: =+U25+W25+X25 -> 2830
A26: 22 | B26: ชิฟฟ่อนเค้กสอดไส้ นมชมพูฮอกไกโด (6 ชิ้น) | C26: =+ยกมา!H25 -> 0 | D26: ='1'!D26+'2'!D26+'3'!D26+'4'!D26+'5'!D26+'6'!D26+'7'!D26+'8'!D26+'9'!D26+'10'!D26+'11'!D26+'12'!D26+'13'!D26+'14'!D26+'15'!D26+'16'!D26+'17'!D26+'18'!D26+'19'!D26+'20'!D26+'21'!D26+'22'!D26+'23'!D26+'24'!D26+'25'!D26+'26'!D26+'27'!D26+'28'!D26+'29'!D26+'30'!D26+'31.'!D26 -> 0 | E26: =+C26+D26 -> 0 | F26: =+'1'!F26+'2'!F26+'3'!F26+'4'!F26+'5'!F26+'6'!F26+'7'!F26+'8'!F26+'9'!F26+'10'!F26+'11'!F26+'12'!F26+'13'!F26+'14'!F26+'15'!F26+'16'!F26+'17'!F26+'18'!F26+'19'!F26+'20'!F26+'21'!F26+'22'!F26+'23'!F26+'24'!F26+'25'!F26+'26'!F26+'27'!F26+'28'!F26+'29'!F26+'30'!F26+'31.'!F26 -> 0 | G26: =+'1'!G26+'2'!G26+'3'!G26+'4'!G26+'5'!G26+'6'!G26+'7'!G26+'8'!G26+'9'!G26+'10'!G26+'11'!G26+'12'!G26+'13'!G26+'14'!G26+'15'!G26+'16'!G26+'17'!G26+'18'!G26+'19'!G26+'20'!G26+'21'!G26+'22'!G26+'23'!G26+'24'!G26+'25'!G26+'26'!G26+'27'!G26+'28'!G26+'29'!G26+'30'!G26+'31.'!G26 -> 0 | H26: =C26+D26-F26-I26-G26 -> 0 | I26: =+'1'!I26+'2'!I26+'3'!I26+'4'!I26+'5'!I26+'6'!I26+'7'!I26+'8'!I26+'9'!I26+'10'!I26+'11'!I26+'12'!I26+'13'!I26+'14'!I26+'15'!I26+'16'!I26+'17'!I26+'18'!I26+'19'!I26+'20'!I26+'21'!I26+'22'!I26+'23'!I26+'24'!I26+'25'!I26+'26'!I26+'27'!I26+'28'!I26+'29'!I26+'30'!I26+'31.'!I26 -> 0 | J26: 100 | K26: =+'1'!K26+'2'!K26+'3'!K26+'4'!K26+'5'!K26+'6'!K26+'7'!K26+'8'!K26+'9'!K26+'10'!K26+'11'!K26+'12'!K26+'13'!K26+'14'!K26+'15'!K26+'16'!K26+'17'!K26+'18'!K26+'19'!K26+'20'!K26+'21'!K26+'22'!K26+'23'!K26+'24'!K26+'25'!K26+'26'!K26+'27'!K26+'28'!K26+'29'!K26+'30'!K26+'31.'!K26 -> 0 | N26: =+I26*M26 -> 0 | O26: 22 | P26: =+'22'!L227 -> 2750 | Q26: =+'22'!L232 -> 250 | R26: =+'22'!L230 -> 0 | S26: =+'22'!L228 -> 0 | T26: =+'22'!L231 -> 0 | U26: =+'22'!L229 -> 1340 | V26: =+P26-Q26-R26-S26-T26-U26 -> 1160 | W26: =+'22'!L234 -> 1160 | X26: =+W26-V26 -> 0 | Y26: =+U26+W26+X26 -> 2500
A27: 23 | B27: ชิฟฟ่อนเค้กสอดไส้แยม รสบลูเบอร์รี่ (6 ชิ้น) | C27: =+ยกมา!H26 -> 0 | D27: ='1'!D27+'2'!D27+'3'!D27+'4'!D27+'5'!D27+'6'!D27+'7'!D27+'8'!D27+'9'!D27+'10'!D27+'11'!D27+'12'!D27+'13'!D27+'14'!D27+'15'!D27+'16'!D27+'17'!D27+'18'!D27+'19'!D27+'20'!D27+'21'!D27+'22'!D27+'23'!D27+'24'!D27+'25'!D27+'26'!D27+'27'!D27+'28'!D27+'29'!D27+'30'!D27+'31.'!D27 -> 0 | E27: =+C27+D27 -> 0 | F27: =+'1'!F27+'2'!F27+'3'!F27+'4'!F27+'5'!F27+'6'!F27+'7'!F27+'8'!F27+'9'!F27+'10'!F27+'11'!F27+'12'!F27+'13'!F27+'14'!F27+'15'!F27+'16'!F27+'17'!F27+'18'!F27+'19'!F27+'20'!F27+'21'!F27+'22'!F27+'23'!F27+'24'!F27+'25'!F27+'26'!F27+'27'!F27+'28'!F27+'29'!F27+'30'!F27+'31.'!F27 -> 0 | G27: =+'1'!G27+'2'!G27+'3'!G27+'4'!G27+'5'!G27+'6'!G27+'7'!G27+'8'!G27+'9'!G27+'10'!G27+'11'!G27+'12'!G27+'13'!G27+'14'!G27+'15'!G27+'16'!G27+'17'!G27+'18'!G27+'19'!G27+'20'!G27+'21'!G27+'22'!G27+'23'!G27+'24'!G27+'25'!G27+'26'!G27+'27'!G27+'28'!G27+'29'!G27+'30'!G27+'31.'!G27 -> 0 | H27: =C27+D27-F27-I27-G27 -> 0 | I27: =+'1'!I27+'2'!I27+'3'!I27+'4'!I27+'5'!I27+'6'!I27+'7'!I27+'8'!I27+'9'!I27+'10'!I27+'11'!I27+'12'!I27+'13'!I27+'14'!I27+'15'!I27+'16'!I27+'17'!I27+'18'!I27+'19'!I27+'20'!I27+'21'!I27+'22'!I27+'23'!I27+'24'!I27+'25'!I27+'26'!I27+'27'!I27+'28'!I27+'29'!I27+'30'!I27+'31.'!I27 -> 0 | J27: 100 | K27: =+'1'!K27+'2'!K27+'3'!K27+'4'!K27+'5'!K27+'6'!K27+'7'!K27+'8'!K27+'9'!K27+'10'!K27+'11'!K27+'12'!K27+'13'!K27+'14'!K27+'15'!K27+'16'!K27+'17'!K27+'18'!K27+'19'!K27+'20'!K27+'21'!K27+'22'!K27+'23'!K27+'24'!K27+'25'!K27+'26'!K27+'27'!K27+'28'!K27+'29'!K27+'30'!K27+'31.'!K27 -> 0 | N27: =+I27*M27 -> 0 | O27: 23 | P27: =+'23'!L227 -> 890 | Q27: =+'23'!L232 -> 0 | R27: =+'23'!L230 -> 0 | S27: =+'23'!L228 -> 0 | T27: =+'23'!L231 -> 0 | U27: =+'23'!L229 -> 540 | V27: =+P27-Q27-R27-S27-T27-U27 -> 350 | W27: =+'23'!L234 -> 350 | X27: =+W27-V27 -> 0 | Y27: =+U27+W27+X27 -> 890
A28: 24 | B28: ชิฟฟ่อนเค้กสอดไส้ เนยมะพร้าว (6 ชิ้น) | C28: =+ยกมา!H27 -> 0 | D28: ='1'!D28+'2'!D28+'3'!D28+'4'!D28+'5'!D28+'6'!D28+'7'!D28+'8'!D28+'9'!D28+'10'!D28+'11'!D28+'12'!D28+'13'!D28+'14'!D28+'15'!D28+'16'!D28+'17'!D28+'18'!D28+'19'!D28+'20'!D28+'21'!D28+'22'!D28+'23'!D28+'24'!D28+'25'!D28+'26'!D28+'27'!D28+'28'!D28+'29'!D28+'30'!D28+'31.'!D28 -> 30 | E28: =+C28+D28 -> 30 | F28: =+'1'!F28+'2'!F28+'3'!F28+'4'!F28+'5'!F28+'6'!F28+'7'!F28+'8'!F28+'9'!F28+'10'!F28+'11'!F28+'12'!F28+'13'!F28+'14'!F28+'15'!F28+'16'!F28+'17'!F28+'18'!F28+'19'!F28+'20'!F28+'21'!F28+'22'!F28+'23'!F28+'24'!F28+'25'!F28+'26'!F28+'27'!F28+'28'!F28+'29'!F28+'30'!F28+'31.'!F28 -> 7 | G28: =+'1'!G28+'2'!G28+'3'!G28+'4'!G28+'5'!G28+'6'!G28+'7'!G28+'8'!G28+'9'!G28+'10'!G28+'11'!G28+'12'!G28+'13'!G28+'14'!G28+'15'!G28+'16'!G28+'17'!G28+'18'!G28+'19'!G28+'20'!G28+'21'!G28+'22'!G28+'23'!G28+'24'!G28+'25'!G28+'26'!G28+'27'!G28+'28'!G28+'29'!G28+'30'!G28+'31.'!G28 -> 0 | H28: =C28+D28-F28-I28-G28 -> 1 | I28: =+'1'!I28+'2'!I28+'3'!I28+'4'!I28+'5'!I28+'6'!I28+'7'!I28+'8'!I28+'9'!I28+'10'!I28+'11'!I28+'12'!I28+'13'!I28+'14'!I28+'15'!I28+'16'!I28+'17'!I28+'18'!I28+'19'!I28+'20'!I28+'21'!I28+'22'!I28+'23'!I28+'24'!I28+'25'!I28+'26'!I28+'27'!I28+'28'!I28+'29'!I28+'30'!I28+'31.'!I28 -> 22 | J28: 100 | K28: =+'1'!K28+'2'!K28+'3'!K28+'4'!K28+'5'!K28+'6'!K28+'7'!K28+'8'!K28+'9'!K28+'10'!K28+'11'!K28+'12'!K28+'13'!K28+'14'!K28+'15'!K28+'16'!K28+'17'!K28+'18'!K28+'19'!K28+'20'!K28+'21'!K28+'22'!K28+'23'!K28+'24'!K28+'25'!K28+'26'!K28+'27'!K28+'28'!K28+'29'!K28+'30'!K28+'31.'!K28 -> 2200 | N28: =+I28*M28 -> 0 | O28: 24 | P28: =+'24'!L227 -> 3430 | Q28: =+'24'!L232 -> 175 | R28: =+'24'!L230 -> 0 | S28: =+'24'!L228 -> 0 | T28: =+'24'!L231 -> 500 | U28: =+'24'!L229 -> 150 | V28: =+P28-Q28-R28-S28-T28-U28 -> 2605 | W28: =+'24'!L234 -> 2605 | X28: =+W28-V28 -> 0 | Y28: =+U28+W28+X28 -> 2755
A29: 25 | B29: ชิฟฟ่อนเค้กสอดไส้แยม รสสตรอว์เบอรี่ (6 ชิ้น) | C29: =+ยกมา!H27 -> 0 | D29: ='1'!D29+'2'!D29+'3'!D29+'4'!D29+'5'!D29+'6'!D29+'7'!D29+'8'!D29+'9'!D29+'10'!D29+'11'!D29+'12'!D29+'13'!D29+'14'!D29+'15'!D29+'16'!D29+'17'!D29+'18'!D29+'19'!D29+'20'!D29+'21'!D29+'22'!D29+'23'!D29+'24'!D29+'25'!D29+'26'!D29+'27'!D29+'28'!D29+'29'!D29+'30'!D29+'31.'!D29 -> 0 | E29: =+C29+D29 -> 0 | F29: =+'1'!F29+'2'!F29+'3'!F29+'4'!F29+'5'!F29+'6'!F29+'7'!F29+'8'!F29+'9'!F29+'10'!F29+'11'!F29+'12'!F29+'13'!F29+'14'!F29+'15'!F29+'16'!F29+'17'!F29+'18'!F29+'19'!F29+'20'!F29+'21'!F29+'22'!F29+'23'!F29+'24'!F29+'25'!F29+'26'!F29+'27'!F29+'28'!F29+'29'!F29+'30'!F29+'31.'!F29 -> 0 | G29: =+'1'!G29+'2'!G29+'3'!G29+'4'!G29+'5'!G29+'6'!G29+'7'!G29+'8'!G29+'9'!G29+'10'!G29+'11'!G29+'12'!G29+'13'!G29+'14'!G29+'15'!G29+'16'!G29+'17'!G29+'18'!G29+'19'!G29+'20'!G29+'21'!G29+'22'!G29+'23'!G29+'24'!G29+'25'!G29+'26'!G29+'27'!G29+'28'!G29+'29'!G29+'30'!G29+'31.'!G29 -> 0 | H29: =C29+D29-F29-I29-G29 -> 0 | I29: =+'1'!I29+'2'!I29+'3'!I29+'4'!I29+'5'!I29+'6'!I29+'7'!I29+'8'!I29+'9'!I29+'10'!I29+'11'!I29+'12'!I29+'13'!I29+'14'!I29+'15'!I29+'16'!I29+'17'!I29+'18'!I29+'19'!I29+'20'!I29+'21'!I29+'22'!I29+'23'!I29+'24'!I29+'25'!I29+'26'!I29+'27'!I29+'28'!I29+'29'!I29+'30'!I29+'31.'!I29 -> 0 | J29: 100 | K29: =+'1'!K29+'2'!K29+'3'!K29+'4'!K29+'5'!K29+'6'!K29+'7'!K29+'8'!K29+'9'!K29+'10'!K29+'11'!K29+'12'!K29+'13'!K29+'14'!K29+'15'!K29+'16'!K29+'17'!K29+'18'!K29+'19'!K29+'20'!K29+'21'!K29+'22'!K29+'23'!K29+'24'!K29+'25'!K29+'26'!K29+'27'!K29+'28'!K29+'29'!K29+'30'!K29+'31.'!K29 -> 0 | N29: =+I29*M29 -> 0 | O29: 25 | P29: =+'25'!L227 -> 2010 | Q29: =+'25'!L232 -> 105 | R29: =+'25'!L230 -> 0 | S29: =+'25'!L228 -> 0 | T29: =+'25'!L231 -> 0 | U29: =+'25'!L229 -> 590 | V29: =+P29-Q29-R29-S29-T29-U29 -> 1315 | W29: =+'25'!L234 -> 1315 | X29: =+W29-V29 -> 0 | Y29: =+U29+W29+X29 -> 1905
A30: 26 | B30: ชิฟฟอนเค้ก รสมะลิ 8ชิ้น (ห่อซีน) | C30: =+ยกมา!H28 -> 14 | D30: ='1'!D30+'2'!D30+'3'!D30+'4'!D30+'5'!D30+'6'!D30+'7'!D30+'8'!D30+'9'!D30+'10'!D30+'11'!D30+'12'!D30+'13'!D30+'14'!D30+'15'!D30+'16'!D30+'17'!D30+'18'!D30+'19'!D30+'20'!D30+'21'!D30+'22'!D30+'23'!D30+'24'!D30+'25'!D30+'26'!D30+'27'!D30+'28'!D30+'29'!D30+'30'!D30+'31.'!D30 -> 0 | E30: =+C30+D30 -> 14 | F30: =+'1'!F30+'2'!F30+'3'!F30+'4'!F30+'5'!F30+'6'!F30+'7'!F30+'8'!F30+'9'!F30+'10'!F30+'11'!F30+'12'!F30+'13'!F30+'14'!F30+'15'!F30+'16'!F30+'17'!F30+'18'!F30+'19'!F30+'20'!F30+'21'!F30+'22'!F30+'23'!F30+'24'!F30+'25'!F30+'26'!F30+'27'!F30+'28'!F30+'29'!F30+'30'!F30+'31.'!F30 -> 3 | G30: =+'1'!G30+'2'!G30+'3'!G30+'4'!G30+'5'!G30+'6'!G30+'7'!G30+'8'!G30+'9'!G30+'10'!G30+'11'!G30+'12'!G30+'13'!G30+'14'!G30+'15'!G30+'16'!G30+'17'!G30+'18'!G30+'19'!G30+'20'!G30+'21'!G30+'22'!G30+'23'!G30+'24'!G30+'25'!G30+'26'!G30+'27'!G30+'28'!G30+'29'!G30+'30'!G30+'31.'!G30 -> 0 | H30: =C30+D30-F30-I30-G30 -> 11 | I30: =+'1'!I30+'2'!I30+'3'!I30+'4'!I30+'5'!I30+'6'!I30+'7'!I30+'8'!I30+'9'!I30+'10'!I30+'11'!I30+'12'!I30+'13'!I30+'14'!I30+'15'!I30+'16'!I30+'17'!I30+'18'!I30+'19'!I30+'20'!I30+'21'!I30+'22'!I30+'23'!I30+'24'!I30+'25'!I30+'26'!I30+'27'!I30+'28'!I30+'29'!I30+'30'!I30+'31.'!I30 -> 0 | J30: 100 | K30: =+'1'!K30+'2'!K30+'3'!K30+'4'!K30+'5'!K30+'6'!K30+'7'!K30+'8'!K30+'9'!K30+'10'!K30+'11'!K30+'12'!K30+'13'!K30+'14'!K30+'15'!K30+'16'!K30+'17'!K30+'18'!K30+'19'!K30+'20'!K30+'21'!K30+'22'!K30+'23'!K30+'24'!K30+'25'!K30+'26'!K30+'27'!K30+'28'!K30+'29'!K30+'30'!K30+'31.'!K30 -> 0 | N30: =+I30*M30 -> 0 | O30: 26 | P30: =+'26'!L227 -> 1890 | Q30: =+'26'!L232 -> 75 | R30: =+'26'!L230 -> 0 | S30: =+'26'!L228 -> 0 | T30: =+'26'!L231 -> 0 | U30: =+'26'!L229 -> 200 | V30: =+P30-Q30-R30-S30-T30-U30 -> 1615 | W30: =+'26'!L234 -> 1615 | X30: =+W30-V30 -> 0 | Y30: =+U30+W30+X30 -> 1815
A31: 27 | B31: ชิฟฟ่อนรวมรส ยอดฮิต 8 ชิ้น | C31: =+ยกมา!H29 -> 0 | D31: ='1'!D31+'2'!D31+'3'!D31+'4'!D31+'5'!D31+'6'!D31+'7'!D31+'8'!D31+'9'!D31+'10'!D31+'11'!D31+'12'!D31+'13'!D31+'14'!D31+'15'!D31+'16'!D31+'17'!D31+'18'!D31+'19'!D31+'20'!D31+'21'!D31+'22'!D31+'23'!D31+'24'!D31+'25'!D31+'26'!D31+'27'!D31+'28'!D31+'29'!D31+'30'!D31+'31.'!D31 -> 85 | E31: =+C31+D31 -> 85 | F31: =+'1'!F31+'2'!F31+'3'!F31+'4'!F31+'5'!F31+'6'!F31+'7'!F31+'8'!F31+'9'!F31+'10'!F31+'11'!F31+'12'!F31+'13'!F31+'14'!F31+'15'!F31+'16'!F31+'17'!F31+'18'!F31+'19'!F31+'20'!F31+'21'!F31+'22'!F31+'23'!F31+'24'!F31+'25'!F31+'26'!F31+'27'!F31+'28'!F31+'29'!F31+'30'!F31+'31.'!F31 -> 0 | G31: =+'1'!G31+'2'!G31+'3'!G31+'4'!G31+'5'!G31+'6'!G31+'7'!G31+'8'!G31+'9'!G31+'10'!G31+'11'!G31+'12'!G31+'13'!G31+'14'!G31+'15'!G31+'16'!G31+'17'!G31+'18'!G31+'19'!G31+'20'!G31+'21'!G31+'22'!G31+'23'!G31+'24'!G31+'25'!G31+'26'!G31+'27'!G31+'28'!G31+'29'!G31+'30'!G31+'31.'!G31 -> 0 | H31: =C31+D31-F31-I31-G31 -> 2 | I31: =+'1'!I31+'2'!I31+'3'!I31+'4'!I31+'5'!I31+'6'!I31+'7'!I31+'8'!I31+'9'!I31+'10'!I31+'11'!I31+'12'!I31+'13'!I31+'14'!I31+'15'!I31+'16'!I31+'17'!I31+'18'!I31+'19'!I31+'20'!I31+'21'!I31+'22'!I31+'23'!I31+'24'!I31+'25'!I31+'26'!I31+'27'!I31+'28'!I31+'29'!I31+'30'!I31+'31.'!I31 -> 83 | J31: 100 | K31: =+'1'!K31+'2'!K31+'3'!K31+'4'!K31+'5'!K31+'6'!K31+'7'!K31+'8'!K31+'9'!K31+'10'!K31+'11'!K31+'12'!K31+'13'!K31+'14'!K31+'15'!K31+'16'!K31+'17'!K31+'18'!K31+'19'!K31+'20'!K31+'21'!K31+'22'!K31+'23'!K31+'24'!K31+'25'!K31+'26'!K31+'27'!K31+'28'!K31+'29'!K31+'30'!K31+'31.'!K31 -> 8300 | N31: =+I31*M31 -> 0 | O31: 27 | P31: =+'27'!L227 -> 985 | Q31: =+'27'!L232 -> 75 | R31: =+'27'!L230 -> 0 | S31: =+'27'!L228 -> 0 | T31: =+'27'!L231 -> 0 | U31: =+'27'!L229 -> 200 | V31: =+P31-Q31-R31-S31-T31-U31 -> 710 | W31: =+'27'!L234 -> 710 | X31: =+W31-V31 -> 0 | Y31: =+U31+W31+X31 -> 910
A32: 28 | B32: ชิฟฟ่อนเค้ก วรรณวนัช (สอดไส้รวมรส 8 ชิ้น) | C32: =+ยกมา!H30 -> 3 | D32: ='1'!D32+'2'!D32+'3'!D32+'4'!D32+'5'!D32+'6'!D32+'7'!D32+'8'!D32+'9'!D32+'10'!D32+'11'!D32+'12'!D32+'13'!D32+'14'!D32+'15'!D32+'16'!D32+'17'!D32+'18'!D32+'19'!D32+'20'!D32+'21'!D32+'22'!D32+'23'!D32+'24'!D32+'25'!D32+'26'!D32+'27'!D32+'28'!D32+'29'!D32+'30'!D32+'31.'!D32 -> 9 | E32: =+C32+D32 -> 12 | F32: =+'1'!F32+'2'!F32+'3'!F32+'4'!F32+'5'!F32+'6'!F32+'7'!F32+'8'!F32+'9'!F32+'10'!F32+'11'!F32+'12'!F32+'13'!F32+'14'!F32+'15'!F32+'16'!F32+'17'!F32+'18'!F32+'19'!F32+'20'!F32+'21'!F32+'22'!F32+'23'!F32+'24'!F32+'25'!F32+'26'!F32+'27'!F32+'28'!F32+'29'!F32+'30'!F32+'31.'!F32 -> 2 | G32: =+'1'!G32+'2'!G32+'3'!G32+'4'!G32+'5'!G32+'6'!G32+'7'!G32+'8'!G32+'9'!G32+'10'!G32+'11'!G32+'12'!G32+'13'!G32+'14'!G32+'15'!G32+'16'!G32+'17'!G32+'18'!G32+'19'!G32+'20'!G32+'21'!G32+'22'!G32+'23'!G32+'24'!G32+'25'!G32+'26'!G32+'27'!G32+'28'!G32+'29'!G32+'30'!G32+'31.'!G32 -> 0 | H32: =C32+D32-F32-I32-G32 -> 4 | I32: =+'1'!I32+'2'!I32+'3'!I32+'4'!I32+'5'!I32+'6'!I32+'7'!I32+'8'!I32+'9'!I32+'10'!I32+'11'!I32+'12'!I32+'13'!I32+'14'!I32+'15'!I32+'16'!I32+'17'!I32+'18'!I32+'19'!I32+'20'!I32+'21'!I32+'22'!I32+'23'!I32+'24'!I32+'25'!I32+'26'!I32+'27'!I32+'28'!I32+'29'!I32+'30'!I32+'31.'!I32 -> 6 | J32: 130 | K32: =+'1'!K32+'2'!K32+'3'!K32+'4'!K32+'5'!K32+'6'!K32+'7'!K32+'8'!K32+'9'!K32+'10'!K32+'11'!K32+'12'!K32+'13'!K32+'14'!K32+'15'!K32+'16'!K32+'17'!K32+'18'!K32+'19'!K32+'20'!K32+'21'!K32+'22'!K32+'23'!K32+'24'!K32+'25'!K32+'26'!K32+'27'!K32+'28'!K32+'29'!K32+'30'!K32+'31.'!K32 -> 780 | N32: =+I32*M32 -> 0 | O32: 28 | P32: =+'28'!L227 -> 2305 | Q32: =+'28'!L232 -> 50 | R32: =+'28'!L230 -> 0 | S32: =+'28'!L228 -> 0 | T32: =+'28'!L231 -> 0 | U32: =+'28'!L229 -> 1330 | V32: =+P32-Q32-R32-S32-T32-U32 -> 925 | W32: =+'28'!L234 -> 925 | X32: =+W32-V32 -> 0 | Y32: =+U32+W32+X32 -> 2255
A33: 29 | B33: ชิฟฟ่อนเค้กมะพร้าวสอดไส้ครีมมะพร้าวล้วน (8 ชิ้น) | C33: =+ยกมา!H31 -> 7 | D33: ='1'!D33+'2'!D33+'3'!D33+'4'!D33+'5'!D33+'6'!D33+'7'!D33+'8'!D33+'9'!D33+'10'!D33+'11'!D33+'12'!D33+'13'!D33+'14'!D33+'15'!D33+'16'!D33+'17'!D33+'18'!D33+'19'!D33+'20'!D33+'21'!D33+'22'!D33+'23'!D33+'24'!D33+'25'!D33+'26'!D33+'27'!D33+'28'!D33+'29'!D33+'30'!D33+'31.'!D33 -> 9 | E33: =+C33+D33 -> 16 | F33: =+'1'!F33+'2'!F33+'3'!F33+'4'!F33+'5'!F33+'6'!F33+'7'!F33+'8'!F33+'9'!F33+'10'!F33+'11'!F33+'12'!F33+'13'!F33+'14'!F33+'15'!F33+'16'!F33+'17'!F33+'18'!F33+'19'!F33+'20'!F33+'21'!F33+'22'!F33+'23'!F33+'24'!F33+'25'!F33+'26'!F33+'27'!F33+'28'!F33+'29'!F33+'30'!F33+'31.'!F33 -> 4 | G33: =+'1'!G33+'2'!G33+'3'!G33+'4'!G33+'5'!G33+'6'!G33+'7'!G33+'8'!G33+'9'!G33+'10'!G33+'11'!G33+'12'!G33+'13'!G33+'14'!G33+'15'!G33+'16'!G33+'17'!G33+'18'!G33+'19'!G33+'20'!G33+'21'!G33+'22'!G33+'23'!G33+'24'!G33+'25'!G33+'26'!G33+'27'!G33+'28'!G33+'29'!G33+'30'!G33+'31.'!G33 -> 0 | H33: =C33+D33-F33-I33-G33 -> 5 | I33: =+'1'!I33+'2'!I33+'3'!I33+'4'!I33+'5'!I33+'6'!I33+'7'!I33+'8'!I33+'9'!I33+'10'!I33+'11'!I33+'12'!I33+'13'!I33+'14'!I33+'15'!I33+'16'!I33+'17'!I33+'18'!I33+'19'!I33+'20'!I33+'21'!I33+'22'!I33+'23'!I33+'24'!I33+'25'!I33+'26'!I33+'27'!I33+'28'!I33+'29'!I33+'30'!I33+'31.'!I33 -> 7 | J33: 130 | K33: =+'1'!K33+'2'!K33+'3'!K33+'4'!K33+'5'!K33+'6'!K33+'7'!K33+'8'!K33+'9'!K33+'10'!K33+'11'!K33+'12'!K33+'13'!K33+'14'!K33+'15'!K33+'16'!K33+'17'!K33+'18'!K33+'19'!K33+'20'!K33+'21'!K33+'22'!K33+'23'!K33+'24'!K33+'25'!K33+'26'!K33+'27'!K33+'28'!K33+'29'!K33+'30'!K33+'31.'!K33 -> 910 | N33: =+I33*M33 -> 0 | O33: 29 | P33: =+'29'!L227 -> 3040 | Q33: =+'29'!L232 -> 100 | R33: =+'29'!L230 -> 0 | S33: =+'29'!L228 -> 0 | T33: =+'29'!L231 -> 0 | U33: =+'29'!L229 -> 1230 | V33: =+P33-Q33-R33-S33-T33-U33 -> 1710 | W33: =+'29'!L234 -> 1710 | X33: =+W33-V33 -> 0 | Y33: =+U33+W33+X33 -> 2940
A34: 30 | B34: ชิฟฟ่อนเค้กใบเตยสอดไส้ครีมมะพร้าวล้วน (8 ชิ้น) | C34: =+ยกมา!H32 -> 0 | D34: ='1'!D34+'2'!D34+'3'!D34+'4'!D34+'5'!D34+'6'!D34+'7'!D34+'8'!D34+'9'!D34+'10'!D34+'11'!D34+'12'!D34+'13'!D34+'14'!D34+'15'!D34+'16'!D34+'17'!D34+'18'!D34+'19'!D34+'20'!D34+'21'!D34+'22'!D34+'23'!D34+'24'!D34+'25'!D34+'26'!D34+'27'!D34+'28'!D34+'29'!D34+'30'!D34+'31.'!D34 -> 0 | E34: =+C34+D34 -> 0 | F34: =+'1'!F34+'2'!F34+'3'!F34+'4'!F34+'5'!F34+'6'!F34+'7'!F34+'8'!F34+'9'!F34+'10'!F34+'11'!F34+'12'!F34+'13'!F34+'14'!F34+'15'!F34+'16'!F34+'17'!F34+'18'!F34+'19'!F34+'20'!F34+'21'!F34+'22'!F34+'23'!F34+'24'!F34+'25'!F34+'26'!F34+'27'!F34+'28'!F34+'29'!F34+'30'!F34+'31.'!F34 -> 0 | G34: =+'1'!G34+'2'!G34+'3'!G34+'4'!G34+'5'!G34+'6'!G34+'7'!G34+'8'!G34+'9'!G34+'10'!G34+'11'!G34+'12'!G34+'13'!G34+'14'!G34+'15'!G34+'16'!G34+'17'!G34+'18'!G34+'19'!G34+'20'!G34+'21'!G34+'22'!G34+'23'!G34+'24'!G34+'25'!G34+'26'!G34+'27'!G34+'28'!G34+'29'!G34+'30'!G34+'31.'!G34 -> 0 | H34: =C34+D34-F34-I34-G34 -> 0 | I34: =+'1'!I34+'2'!I34+'3'!I34+'4'!I34+'5'!I34+'6'!I34+'7'!I34+'8'!I34+'9'!I34+'10'!I34+'11'!I34+'12'!I34+'13'!I34+'14'!I34+'15'!I34+'16'!I34+'17'!I34+'18'!I34+'19'!I34+'20'!I34+'21'!I34+'22'!I34+'23'!I34+'24'!I34+'25'!I34+'26'!I34+'27'!I34+'28'!I34+'29'!I34+'30'!I34+'31.'!I34 -> 0 | J34: 130 | K34: =+'1'!K34+'2'!K34+'3'!K34+'4'!K34+'5'!K34+'6'!K34+'7'!K34+'8'!K34+'9'!K34+'10'!K34+'11'!K34+'12'!K34+'13'!K34+'14'!K34+'15'!K34+'16'!K34+'17'!K34+'18'!K34+'19'!K34+'20'!K34+'21'!K34+'22'!K34+'23'!K34+'24'!K34+'25'!K34+'26'!K34+'27'!K34+'28'!K34+'29'!K34+'30'!K34+'31.'!K34 -> 0 | N34: =+I34*M34 -> 0 | O34: 30 | P34: =+'30'!L227 -> 1675 | Q34: ='30'!L232 -> 20 | R34: =+'30'!L230 -> 0 | S34: =+'30'!L228 -> 0 | T34: =+'30'!L231 -> 0 | U34: =+'30'!L229 -> 150 | V34: =+P34-Q34-R34-S34-T34-U34 -> 1505 | W34: =+'30'!L234 -> 1505 | X34: =+W34-V34 -> 0 | Y34: =+U34+W34+X34 -> 1655
A35: 31 | B35: ชิฟฟ่อนครีมมะพร้าว 120 g. (ชิ้น) | C35: =+ยกมา!H33 -> 2 | D35: ='1'!D35+'2'!D35+'3'!D35+'4'!D35+'5'!D35+'6'!D35+'7'!D35+'8'!D35+'9'!D35+'10'!D35+'11'!D35+'12'!D35+'13'!D35+'14'!D35+'15'!D35+'16'!D35+'17'!D35+'18'!D35+'19'!D35+'20'!D35+'21'!D35+'22'!D35+'23'!D35+'24'!D35+'25'!D35+'26'!D35+'27'!D35+'28'!D35+'29'!D35+'30'!D35+'31.'!D35 -> 0 | E35: =+C35+D35 -> 2 | F35: =+'1'!F35+'2'!F35+'3'!F35+'4'!F35+'5'!F35+'6'!F35+'7'!F35+'8'!F35+'9'!F35+'10'!F35+'11'!F35+'12'!F35+'13'!F35+'14'!F35+'15'!F35+'16'!F35+'17'!F35+'18'!F35+'19'!F35+'20'!F35+'21'!F35+'22'!F35+'23'!F35+'24'!F35+'25'!F35+'26'!F35+'27'!F35+'28'!F35+'29'!F35+'30'!F35+'31.'!F35 -> 0 | G35: =+'1'!G35+'2'!G35+'3'!G35+'4'!G35+'5'!G35+'6'!G35+'7'!G35+'8'!G35+'9'!G35+'10'!G35+'11'!G35+'12'!G35+'13'!G35+'14'!G35+'15'!G35+'16'!G35+'17'!G35+'18'!G35+'19'!G35+'20'!G35+'21'!G35+'22'!G35+'23'!G35+'24'!G35+'25'!G35+'26'!G35+'27'!G35+'28'!G35+'29'!G35+'30'!G35+'31.'!G35 -> 0 | H35: =C35+D35-F35-I35-G35 -> 2 | I35: =+'1'!I35+'2'!I35+'3'!I35+'4'!I35+'5'!I35+'6'!I35+'7'!I35+'8'!I35+'9'!I35+'10'!I35+'11'!I35+'12'!I35+'13'!I35+'14'!I35+'15'!I35+'16'!I35+'17'!I35+'18'!I35+'19'!I35+'20'!I35+'21'!I35+'22'!I35+'23'!I35+'24'!I35+'25'!I35+'26'!I35+'27'!I35+'28'!I35+'29'!I35+'30'!I35+'31.'!I35 -> 0 | J35: 35 | K35: =+'1'!K35+'2'!K35+'3'!K35+'4'!K35+'5'!K35+'6'!K35+'7'!K35+'8'!K35+'9'!K35+'10'!K35+'11'!K35+'12'!K35+'13'!K35+'14'!K35+'15'!K35+'16'!K35+'17'!K35+'18'!K35+'19'!K35+'20'!K35+'21'!K35+'22'!K35+'23'!K35+'24'!K35+'25'!K35+'26'!K35+'27'!K35+'28'!K35+'29'!K35+'30'!K35+'31.'!K35 -> 0 | N35: =+I35*M35 -> 0 | O35: 31 | P35: =+'31.'!L227 -> 0 | Q35: =+'31.'!L232 -> 0 | R35: =+'31.'!L230 -> 0 | S35: =+'31.'!L228 -> 0 | T35: =+'31.'!L231 -> 0 | U35: =+'31.'!L229 -> 0 | V35: =+P35-Q35-R35-S35-T35-U35 -> 0 | W35: =+'31.'!L234 -> 0 | X35: =+W35-V35 -> 0 | Y35: =+U35+W35+X35 -> 0
A36: 32 | B36: ชิฟฟ่อนเค้กฝอยทอง 95 g. (ชิ้น) | C36: =+ยกมา!H34 -> 0 | D36: ='1'!D36+'2'!D36+'3'!D36+'4'!D36+'5'!D36+'6'!D36+'7'!D36+'8'!D36+'9'!D36+'10'!D36+'11'!D36+'12'!D36+'13'!D36+'14'!D36+'15'!D36+'16'!D36+'17'!D36+'18'!D36+'19'!D36+'20'!D36+'21'!D36+'22'!D36+'23'!D36+'24'!D36+'25'!D36+'26'!D36+'27'!D36+'28'!D36+'29'!D36+'30'!D36+'31.'!D36 -> 0 | E36: =+C36+D36 -> 0 | F36: =+'1'!F36+'2'!F36+'3'!F36+'4'!F36+'5'!F36+'6'!F36+'7'!F36+'8'!F36+'9'!F36+'10'!F36+'11'!F36+'12'!F36+'13'!F36+'14'!F36+'15'!F36+'16'!F36+'17'!F36+'18'!F36+'19'!F36+'20'!F36+'21'!F36+'22'!F36+'23'!F36+'24'!F36+'25'!F36+'26'!F36+'27'!F36+'28'!F36+'29'!F36+'30'!F36+'31.'!F36 -> 0 | G36: =+'1'!G36+'2'!G36+'3'!G36+'4'!G36+'5'!G36+'6'!G36+'7'!G36+'8'!G36+'9'!G36+'10'!G36+'11'!G36+'12'!G36+'13'!G36+'14'!G36+'15'!G36+'16'!G36+'17'!G36+'18'!G36+'19'!G36+'20'!G36+'21'!G36+'22'!G36+'23'!G36+'24'!G36+'25'!G36+'26'!G36+'27'!G36+'28'!G36+'29'!G36+'30'!G36+'31.'!G36 -> 0 | H36: =C36+D36-F36-I36-G36 -> 0 | I36: =+'1'!I36+'2'!I36+'3'!I36+'4'!I36+'5'!I36+'6'!I36+'7'!I36+'8'!I36+'9'!I36+'10'!I36+'11'!I36+'12'!I36+'13'!I36+'14'!I36+'15'!I36+'16'!I36+'17'!I36+'18'!I36+'19'!I36+'20'!I36+'21'!I36+'22'!I36+'23'!I36+'24'!I36+'25'!I36+'26'!I36+'27'!I36+'28'!I36+'29'!I36+'30'!I36+'31.'!I36 -> 0 | J36: 35 | K36: =+'1'!K36+'2'!K36+'3'!K36+'4'!K36+'5'!K36+'6'!K36+'7'!K36+'8'!K36+'9'!K36+'10'!K36+'11'!K36+'12'!K36+'13'!K36+'14'!K36+'15'!K36+'16'!K36+'17'!K36+'18'!K36+'19'!K36+'20'!K36+'21'!K36+'22'!K36+'23'!K36+'24'!K36+'25'!K36+'26'!K36+'27'!K36+'28'!K36+'29'!K36+'30'!K36+'31.'!K36 -> 0 | N36: =+I36*M36 -> 0 | P36: =SUM(P5:P35) -> 76765 | Q36: =SUM(Q5:Q35) -> 6475 | R36: =SUM(R5:R35) -> 0 | S36: =SUM(S5:S35) -> 0 | T36: =SUM(T5:T35) -> 880 | U36: =SUM(U5:U35) -> 26665 | V36: =SUM(V5:V35) -> 42745 | W36: =SUM(W5:W35) -> 42745 | X36: =SUM(X5:X35) -> 0
A37: 33 | B37: ครีมฮอร์น วนิลา | C37: =+ยกมา!H35 -> 0 | D37: ='1'!D37+'2'!D37+'3'!D37+'4'!D37+'5'!D37+'6'!D37+'7'!D37+'8'!D37+'9'!D37+'10'!D37+'11'!D37+'12'!D37+'13'!D37+'14'!D37+'15'!D37+'16'!D37+'17'!D37+'18'!D37+'19'!D37+'20'!D37+'21'!D37+'22'!D37+'23'!D37+'24'!D37+'25'!D37+'26'!D37+'27'!D37+'28'!D37+'29'!D37+'30'!D37+'31.'!D37 -> 30 | E37: =+C37+D37 -> 30 | F37: =+'1'!F37+'2'!F37+'3'!F37+'4'!F37+'5'!F37+'6'!F37+'7'!F37+'8'!F37+'9'!F37+'10'!F37+'11'!F37+'12'!F37+'13'!F37+'14'!F37+'15'!F37+'16'!F37+'17'!F37+'18'!F37+'19'!F37+'20'!F37+'21'!F37+'22'!F37+'23'!F37+'24'!F37+'25'!F37+'26'!F37+'27'!F37+'28'!F37+'29'!F37+'30'!F37+'31.'!F37 -> 0 | G37: =+'1'!G37+'2'!G37+'3'!G37+'4'!G37+'5'!G37+'6'!G37+'7'!G37+'8'!G37+'9'!G37+'10'!G37+'11'!G37+'12'!G37+'13'!G37+'14'!G37+'15'!G37+'16'!G37+'17'!G37+'18'!G37+'19'!G37+'20'!G37+'21'!G37+'22'!G37+'23'!G37+'24'!G37+'25'!G37+'26'!G37+'27'!G37+'28'!G37+'29'!G37+'30'!G37+'31.'!G37 -> 0 | H37: =C37+D37-F37-I37-G37 -> 2 | I37: =+'1'!I37+'2'!I37+'3'!I37+'4'!I37+'5'!I37+'6'!I37+'7'!I37+'8'!I37+'9'!I37+'10'!I37+'11'!I37+'12'!I37+'13'!I37+'14'!I37+'15'!I37+'16'!I37+'17'!I37+'18'!I37+'19'!I37+'20'!I37+'21'!I37+'22'!I37+'23'!I37+'24'!I37+'25'!I37+'26'!I37+'27'!I37+'28'!I37+'29'!I37+'30'!I37+'31.'!I37 -> 28 | J37: 50 | K37: =+'1'!K37+'2'!K37+'3'!K37+'4'!K37+'5'!K37+'6'!K37+'7'!K37+'8'!K37+'9'!K37+'10'!K37+'11'!K37+'12'!K37+'13'!K37+'14'!K37+'15'!K37+'16'!K37+'17'!K37+'18'!K37+'19'!K37+'20'!K37+'21'!K37+'22'!K37+'23'!K37+'24'!K37+'25'!K37+'26'!K37+'27'!K37+'28'!K37+'29'!K37+'30'!K37+'31.'!K37 -> 1400 | N37: =+I37*M37 -> 0
A38: 34 | B38: ครีมฮอร์น ใบเตย | C38: =+ยกมา!H36 -> 0 | D38: ='1'!D38+'2'!D38+'3'!D38+'4'!D38+'5'!D38+'6'!D38+'7'!D38+'8'!D38+'9'!D38+'10'!D38+'11'!D38+'12'!D38+'13'!D38+'14'!D38+'15'!D38+'16'!D38+'17'!D38+'18'!D38+'19'!D38+'20'!D38+'21'!D38+'22'!D38+'23'!D38+'24'!D38+'25'!D38+'26'!D38+'27'!D38+'28'!D38+'29'!D38+'30'!D38+'31.'!D38 -> 30 | E38: =+C38+D38 -> 30 | F38: =+'1'!F38+'2'!F38+'3'!F38+'4'!F38+'5'!F38+'6'!F38+'7'!F38+'8'!F38+'9'!F38+'10'!F38+'11'!F38+'12'!F38+'13'!F38+'14'!F38+'15'!F38+'16'!F38+'17'!F38+'18'!F38+'19'!F38+'20'!F38+'21'!F38+'22'!F38+'23'!F38+'24'!F38+'25'!F38+'26'!F38+'27'!F38+'28'!F38+'29'!F38+'30'!F38+'31.'!F38 -> 2 | G38: =+'1'!G38+'2'!G38+'3'!G38+'4'!G38+'5'!G38+'6'!G38+'7'!G38+'8'!G38+'9'!G38+'10'!G38+'11'!G38+'12'!G38+'13'!G38+'14'!G38+'15'!G38+'16'!G38+'17'!G38+'18'!G38+'19'!G38+'20'!G38+'21'!G38+'22'!G38+'23'!G38+'24'!G38+'25'!G38+'26'!G38+'27'!G38+'28'!G38+'29'!G38+'30'!G38+'31.'!G38 -> 0 | H38: =C38+D38-F38-I38-G38 -> 4 | I38: =+'1'!I38+'2'!I38+'3'!I38+'4'!I38+'5'!I38+'6'!I38+'7'!I38+'8'!I38+'9'!I38+'10'!I38+'11'!I38+'12'!I38+'13'!I38+'14'!I38+'15'!I38+'16'!I38+'17'!I38+'18'!I38+'19'!I38+'20'!I38+'21'!I38+'22'!I38+'23'!I38+'24'!I38+'25'!I38+'26'!I38+'27'!I38+'28'!I38+'29'!I38+'30'!I38+'31.'!I38 -> 24 | J38: 50 | K38: =+'1'!K38+'2'!K38+'3'!K38+'4'!K38+'5'!K38+'6'!K38+'7'!K38+'8'!K38+'9'!K38+'10'!K38+'11'!K38+'12'!K38+'13'!K38+'14'!K38+'15'!K38+'16'!K38+'17'!K38+'18'!K38+'19'!K38+'20'!K38+'21'!K38+'22'!K38+'23'!K38+'24'!K38+'25'!K38+'26'!K38+'27'!K38+'28'!K38+'29'!K38+'30'!K38+'31.'!K38 -> 1200 | N38: =+I38*M38 -> 0
A39: 35 | B39: ครีมฮอร์น ช็อคโกแลต | C39: =+ยกมา!H37 -> 1 | D39: ='1'!D39+'2'!D39+'3'!D39+'4'!D39+'5'!D39+'6'!D39+'7'!D39+'8'!D39+'9'!D39+'10'!D39+'11'!D39+'12'!D39+'13'!D39+'14'!D39+'15'!D39+'16'!D39+'17'!D39+'18'!D39+'19'!D39+'20'!D39+'21'!D39+'22'!D39+'23'!D39+'24'!D39+'25'!D39+'26'!D39+'27'!D39+'28'!D39+'29'!D39+'30'!D39+'31.'!D39 -> 29 | E39: =+C39+D39 -> 30 | F39: =+'1'!F39+'2'!F39+'3'!F39+'4'!F39+'5'!F39+'6'!F39+'7'!F39+'8'!F39+'9'!F39+'10'!F39+'11'!F39+'12'!F39+'13'!F39+'14'!F39+'15'!F39+'16'!F39+'17'!F39+'18'!F39+'19'!F39+'20'!F39+'21'!F39+'22'!F39+'23'!F39+'24'!F39+'25'!F39+'26'!F39+'27'!F39+'28'!F39+'29'!F39+'30'!F39+'31.'!F39 -> 7 | G39: =+'1'!G39+'2'!G39+'3'!G39+'4'!G39+'5'!G39+'6'!G39+'7'!G39+'8'!G39+'9'!G39+'10'!G39+'11'!G39+'12'!G39+'13'!G39+'14'!G39+'15'!G39+'16'!G39+'17'!G39+'18'!G39+'19'!G39+'20'!G39+'21'!G39+'22'!G39+'23'!G39+'24'!G39+'25'!G39+'26'!G39+'27'!G39+'28'!G39+'29'!G39+'30'!G39+'31.'!G39 -> 0 | H39: =C39+D39-F39-I39-G39 -> 8 | I39: =+'1'!I39+'2'!I39+'3'!I39+'4'!I39+'5'!I39+'6'!I39+'7'!I39+'8'!I39+'9'!I39+'10'!I39+'11'!I39+'12'!I39+'13'!I39+'14'!I39+'15'!I39+'16'!I39+'17'!I39+'18'!I39+'19'!I39+'20'!I39+'21'!I39+'22'!I39+'23'!I39+'24'!I39+'25'!I39+'26'!I39+'27'!I39+'28'!I39+'29'!I39+'30'!I39+'31.'!I39 -> 15 | J39: 50 | K39: =+'1'!K39+'2'!K39+'3'!K39+'4'!K39+'5'!K39+'6'!K39+'7'!K39+'8'!K39+'9'!K39+'10'!K39+'11'!K39+'12'!K39+'13'!K39+'14'!K39+'15'!K39+'16'!K39+'17'!K39+'18'!K39+'19'!K39+'20'!K39+'21'!K39+'22'!K39+'23'!K39+'24'!K39+'25'!K39+'26'!K39+'27'!K39+'28'!K39+'29'!K39+'30'!K39+'31.'!K39 -> 750 | N39: =+I39*M39 -> 0
A40: 36 | B40: ครีมฮอร์นวนิลา จัมโบ้ 65g. | C40: =+ยกมา!H38 -> 4 | D40: ='1'!D40+'2'!D40+'3'!D40+'4'!D40+'5'!D40+'6'!D40+'7'!D40+'8'!D40+'9'!D40+'10'!D40+'11'!D40+'12'!D40+'13'!D40+'14'!D40+'15'!D40+'16'!D40+'17'!D40+'18'!D40+'19'!D40+'20'!D40+'21'!D40+'22'!D40+'23'!D40+'24'!D40+'25'!D40+'26'!D40+'27'!D40+'28'!D40+'29'!D40+'30'!D40+'31.'!D40 -> 0 | E40: =+C40+D40 -> 4 | F40: =+'1'!F40+'2'!F40+'3'!F40+'4'!F40+'5'!F40+'6'!F40+'7'!F40+'8'!F40+'9'!F40+'10'!F40+'11'!F40+'12'!F40+'13'!F40+'14'!F40+'15'!F40+'16'!F40+'17'!F40+'18'!F40+'19'!F40+'20'!F40+'21'!F40+'22'!F40+'23'!F40+'24'!F40+'25'!F40+'26'!F40+'27'!F40+'28'!F40+'29'!F40+'30'!F40+'31.'!F40 -> 0 | G40: =+'1'!G40+'2'!G40+'3'!G40+'4'!G40+'5'!G40+'6'!G40+'7'!G40+'8'!G40+'9'!G40+'10'!G40+'11'!G40+'12'!G40+'13'!G40+'14'!G40+'15'!G40+'16'!G40+'17'!G40+'18'!G40+'19'!G40+'20'!G40+'21'!G40+'22'!G40+'23'!G40+'24'!G40+'25'!G40+'26'!G40+'27'!G40+'28'!G40+'29'!G40+'30'!G40+'31.'!G40 -> 0 | H40: =C40+D40-F40-I40-G40 -> 4 | I40: =+'1'!I40+'2'!I40+'3'!I40+'4'!I40+'5'!I40+'6'!I40+'7'!I40+'8'!I40+'9'!I40+'10'!I40+'11'!I40+'12'!I40+'13'!I40+'14'!I40+'15'!I40+'16'!I40+'17'!I40+'18'!I40+'19'!I40+'20'!I40+'21'!I40+'22'!I40+'23'!I40+'24'!I40+'25'!I40+'26'!I40+'27'!I40+'28'!I40+'29'!I40+'30'!I40+'31.'!I40 -> 0 | J40: 25 | K40: =+'1'!K40+'2'!K40+'3'!K40+'4'!K40+'5'!K40+'6'!K40+'7'!K40+'8'!K40+'9'!K40+'10'!K40+'11'!K40+'12'!K40+'13'!K40+'14'!K40+'15'!K40+'16'!K40+'17'!K40+'18'!K40+'19'!K40+'20'!K40+'21'!K40+'22'!K40+'23'!K40+'24'!K40+'25'!K40+'26'!K40+'27'!K40+'28'!K40+'29'!K40+'30'!K40+'31.'!K40 -> 0 | N40: =+I40*M40 -> 0
A41: 37 | B41: ครีมฮอร์นใบเตย จัมโบ้ 65g. | C41: =+ยกมา!H41 -> 0 | D41: ='1'!D41+'2'!D41+'3'!D41+'4'!D41+'5'!D41+'6'!D41+'7'!D41+'8'!D41+'9'!D41+'10'!D41+'11'!D41+'12'!D41+'13'!D41+'14'!D41+'15'!D41+'16'!D41+'17'!D41+'18'!D41+'19'!D41+'20'!D41+'21'!D41+'22'!D41+'23'!D41+'24'!D41+'25'!D41+'26'!D41+'27'!D41+'28'!D41+'29'!D41+'30'!D41+'31.'!D41 -> 0 | E41: =+C41+D41 -> 0 | F41: =+'1'!F41+'2'!F41+'3'!F41+'4'!F41+'5'!F41+'6'!F41+'7'!F41+'8'!F41+'9'!F41+'10'!F41+'11'!F41+'12'!F41+'13'!F41+'14'!F41+'15'!F41+'16'!F41+'17'!F41+'18'!F41+'19'!F41+'20'!F41+'21'!F41+'22'!F41+'23'!F41+'24'!F41+'25'!F41+'26'!F41+'27'!F41+'28'!F41+'29'!F41+'30'!F41+'31.'!F41 -> 0 | G41: =+'1'!G41+'2'!G41+'3'!G41+'4'!G41+'5'!G41+'6'!G41+'7'!G41+'8'!G41+'9'!G41+'10'!G41+'11'!G41+'12'!G41+'13'!G41+'14'!G41+'15'!G41+'16'!G41+'17'!G41+'18'!G41+'19'!G41+'20'!G41+'21'!G41+'22'!G41+'23'!G41+'24'!G41+'25'!G41+'26'!G41+'27'!G41+'28'!G41+'29'!G41+'30'!G41+'31.'!G41 -> 0 | H41: =C41+D41-F41-I41-G41 -> 0 | I41: =+'1'!I41+'2'!I41+'3'!I41+'4'!I41+'5'!I41+'6'!I41+'7'!I41+'8'!I41+'9'!I41+'10'!I41+'11'!I41+'12'!I41+'13'!I41+'14'!I41+'15'!I41+'16'!I41+'17'!I41+'18'!I41+'19'!I41+'20'!I41+'21'!I41+'22'!I41+'23'!I41+'24'!I41+'25'!I41+'26'!I41+'27'!I41+'28'!I41+'29'!I41+'30'!I41+'31.'!I41 -> 0 | J41: 25 | K41: =+'1'!K41+'2'!K41+'3'!K41+'4'!K41+'5'!K41+'6'!K41+'7'!K41+'8'!K41+'9'!K41+'10'!K41+'11'!K41+'12'!K41+'13'!K41+'14'!K41+'15'!K41+'16'!K41+'17'!K41+'18'!K41+'19'!K41+'20'!K41+'21'!K41+'22'!K41+'23'!K41+'24'!K41+'25'!K41+'26'!K41+'27'!K41+'28'!K41+'29'!K41+'30'!K41+'31.'!K41 -> 0 | N41: =+I41*M41 -> 0
A42: 38 | B42: ครีมฮอร์นชาไทย จัมโบ้ 65g. | C42: =+ยกมา!H39 -> 5 | D42: ='1'!D42+'2'!D42+'3'!D42+'4'!D42+'5'!D42+'6'!D42+'7'!D42+'8'!D42+'9'!D42+'10'!D42+'11'!D42+'12'!D42+'13'!D42+'14'!D42+'15'!D42+'16'!D42+'17'!D42+'18'!D42+'19'!D42+'20'!D42+'21'!D42+'22'!D42+'23'!D42+'24'!D42+'25'!D42+'26'!D42+'27'!D42+'28'!D42+'29'!D42+'30'!D42+'31.'!D42 -> 0 | E42: =+C42+D42 -> 5 | F42: =+'1'!F42+'2'!F42+'3'!F42+'4'!F42+'5'!F42+'6'!F42+'7'!F42+'8'!F42+'9'!F42+'10'!F42+'11'!F42+'12'!F42+'13'!F42+'14'!F42+'15'!F42+'16'!F42+'17'!F42+'18'!F42+'19'!F42+'20'!F42+'21'!F42+'22'!F42+'23'!F42+'24'!F42+'25'!F42+'26'!F42+'27'!F42+'28'!F42+'29'!F42+'30'!F42+'31.'!F42 -> 0 | G42: =+'1'!G42+'2'!G42+'3'!G42+'4'!G42+'5'!G42+'6'!G42+'7'!G42+'8'!G42+'9'!G42+'10'!G42+'11'!G42+'12'!G42+'13'!G42+'14'!G42+'15'!G42+'16'!G42+'17'!G42+'18'!G42+'19'!G42+'20'!G42+'21'!G42+'22'!G42+'23'!G42+'24'!G42+'25'!G42+'26'!G42+'27'!G42+'28'!G42+'29'!G42+'30'!G42+'31.'!G42 -> 0 | H42: =C42+D42-F42-I42-G42 -> 5 | I42: =+'1'!I42+'2'!I42+'3'!I42+'4'!I42+'5'!I42+'6'!I42+'7'!I42+'8'!I42+'9'!I42+'10'!I42+'11'!I42+'12'!I42+'13'!I42+'14'!I42+'15'!I42+'16'!I42+'17'!I42+'18'!I42+'19'!I42+'20'!I42+'21'!I42+'22'!I42+'23'!I42+'24'!I42+'25'!I42+'26'!I42+'27'!I42+'28'!I42+'29'!I42+'30'!I42+'31.'!I42 -> 0 | J42: 25 | K42: =+'1'!K42+'2'!K42+'3'!K42+'4'!K42+'5'!K42+'6'!K42+'7'!K42+'8'!K42+'9'!K42+'10'!K42+'11'!K42+'12'!K42+'13'!K42+'14'!K42+'15'!K42+'16'!K42+'17'!K42+'18'!K42+'19'!K42+'20'!K42+'21'!K42+'22'!K42+'23'!K42+'24'!K42+'25'!K42+'26'!K42+'27'!K42+'28'!K42+'29'!K42+'30'!K42+'31.'!K42 -> 0 | N42: =+I42*M42 -> 0
A43: 39 | B43: เบาหวิว (ล) รสกล้วยหอมมะพร้าวเผา | C43: =+ยกมา!H40 -> 0 | D43: ='1'!D43+'2'!D43+'3'!D43+'4'!D43+'5'!D43+'6'!D43+'7'!D43+'8'!D43+'9'!D43+'10'!D43+'11'!D43+'12'!D43+'13'!D43+'14'!D43+'15'!D43+'16'!D43+'17'!D43+'18'!D43+'19'!D43+'20'!D43+'21'!D43+'22'!D43+'23'!D43+'24'!D43+'25'!D43+'26'!D43+'27'!D43+'28'!D43+'29'!D43+'30'!D43+'31.'!D43 -> 6 | E43: =+C43+D43 -> 6 | F43: =+'1'!F43+'2'!F43+'3'!F43+'4'!F43+'5'!F43+'6'!F43+'7'!F43+'8'!F43+'9'!F43+'10'!F43+'11'!F43+'12'!F43+'13'!F43+'14'!F43+'15'!F43+'16'!F43+'17'!F43+'18'!F43+'19'!F43+'20'!F43+'21'!F43+'22'!F43+'23'!F43+'24'!F43+'25'!F43+'26'!F43+'27'!F43+'28'!F43+'29'!F43+'30'!F43+'31.'!F43 -> 1 | G43: =+'1'!G43+'2'!G43+'3'!G43+'4'!G43+'5'!G43+'6'!G43+'7'!G43+'8'!G43+'9'!G43+'10'!G43+'11'!G43+'12'!G43+'13'!G43+'14'!G43+'15'!G43+'16'!G43+'17'!G43+'18'!G43+'19'!G43+'20'!G43+'21'!G43+'22'!G43+'23'!G43+'24'!G43+'25'!G43+'26'!G43+'27'!G43+'28'!G43+'29'!G43+'30'!G43+'31.'!G43 -> 0 | H43: =C43+D43-F43-I43-G43 -> 3 | I43: =+'1'!I43+'2'!I43+'3'!I43+'4'!I43+'5'!I43+'6'!I43+'7'!I43+'8'!I43+'9'!I43+'10'!I43+'11'!I43+'12'!I43+'13'!I43+'14'!I43+'15'!I43+'16'!I43+'17'!I43+'18'!I43+'19'!I43+'20'!I43+'21'!I43+'22'!I43+'23'!I43+'24'!I43+'25'!I43+'26'!I43+'27'!I43+'28'!I43+'29'!I43+'30'!I43+'31.'!I43 -> 2 | J43: 50 | K43: =+'1'!K43+'2'!K43+'3'!K43+'4'!K43+'5'!K43+'6'!K43+'7'!K43+'8'!K43+'9'!K43+'10'!K43+'11'!K43+'12'!K43+'13'!K43+'14'!K43+'15'!K43+'16'!K43+'17'!K43+'18'!K43+'19'!K43+'20'!K43+'21'!K43+'22'!K43+'23'!K43+'24'!K43+'25'!K43+'26'!K43+'27'!K43+'28'!K43+'29'!K43+'30'!K43+'31.'!K43 -> 100 | N43: =+I43*M43 -> 0
A44: 40 | B44: เบาหวิว (ล) เผือกมะพร้าว | C44: =+ยกมา!H42 -> 0 | D44: ='1'!D44+'2'!D44+'3'!D44+'4'!D44+'5'!D44+'6'!D44+'7'!D44+'8'!D44+'9'!D44+'10'!D44+'11'!D44+'12'!D44+'13'!D44+'14'!D44+'15'!D44+'16'!D44+'17'!D44+'18'!D44+'19'!D44+'20'!D44+'21'!D44+'22'!D44+'23'!D44+'24'!D44+'25'!D44+'26'!D44+'27'!D44+'28'!D44+'29'!D44+'30'!D44+'31.'!D44 -> 11 | E44: =+C44+D44 -> 11 | F44: =+'1'!F44+'2'!F44+'3'!F44+'4'!F44+'5'!F44+'6'!F44+'7'!F44+'8'!F44+'9'!F44+'10'!F44+'11'!F44+'12'!F44+'13'!F44+'14'!F44+'15'!F44+'16'!F44+'17'!F44+'18'!F44+'19'!F44+'20'!F44+'21'!F44+'22'!F44+'23'!F44+'24'!F44+'25'!F44+'26'!F44+'27'!F44+'28'!F44+'29'!F44+'30'!F44+'31.'!F44 -> 0 | G44: =+'1'!G44+'2'!G44+'3'!G44+'4'!G44+'5'!G44+'6'!G44+'7'!G44+'8'!G44+'9'!G44+'10'!G44+'11'!G44+'12'!G44+'13'!G44+'14'!G44+'15'!G44+'16'!G44+'17'!G44+'18'!G44+'19'!G44+'20'!G44+'21'!G44+'22'!G44+'23'!G44+'24'!G44+'25'!G44+'26'!G44+'27'!G44+'28'!G44+'29'!G44+'30'!G44+'31.'!G44 -> 0 | H44: =C44+D44-F44-I44-G44 -> 8 | I44: =+'1'!I44+'2'!I44+'3'!I44+'4'!I44+'5'!I44+'6'!I44+'7'!I44+'8'!I44+'9'!I44+'10'!I44+'11'!I44+'12'!I44+'13'!I44+'14'!I44+'15'!I44+'16'!I44+'17'!I44+'18'!I44+'19'!I44+'20'!I44+'21'!I44+'22'!I44+'23'!I44+'24'!I44+'25'!I44+'26'!I44+'27'!I44+'28'!I44+'29'!I44+'30'!I44+'31.'!I44 -> 3 | J44: 50 | K44: =+'1'!K44+'2'!K44+'3'!K44+'4'!K44+'5'!K44+'6'!K44+'7'!K44+'8'!K44+'9'!K44+'10'!K44+'11'!K44+'12'!K44+'13'!K44+'14'!K44+'15'!K44+'16'!K44+'17'!K44+'18'!K44+'19'!K44+'20'!K44+'21'!K44+'22'!K44+'23'!K44+'24'!K44+'25'!K44+'26'!K44+'27'!K44+'28'!K44+'29'!K44+'30'!K44+'31.'!K44 -> 150 | N44: =+I44*M44 -> 0
A45: 41 | B45: เบาหวิว (ล) กาแฟ | C45: =+ยกมา!H43 -> 1 | D45: ='1'!D45+'2'!D45+'3'!D45+'4'!D45+'5'!D45+'6'!D45+'7'!D45+'8'!D45+'9'!D45+'10'!D45+'11'!D45+'12'!D45+'13'!D45+'14'!D45+'15'!D45+'16'!D45+'17'!D45+'18'!D45+'19'!D45+'20'!D45+'21'!D45+'22'!D45+'23'!D45+'24'!D45+'25'!D45+'26'!D45+'27'!D45+'28'!D45+'29'!D45+'30'!D45+'31.'!D45 -> 11 | E45: =+C45+D45 -> 12 | F45: =+'1'!F45+'2'!F45+'3'!F45+'4'!F45+'5'!F45+'6'!F45+'7'!F45+'8'!F45+'9'!F45+'10'!F45+'11'!F45+'12'!F45+'13'!F45+'14'!F45+'15'!F45+'16'!F45+'17'!F45+'18'!F45+'19'!F45+'20'!F45+'21'!F45+'22'!F45+'23'!F45+'24'!F45+'25'!F45+'26'!F45+'27'!F45+'28'!F45+'29'!F45+'30'!F45+'31.'!F45 -> 4 | G45: =+'1'!G45+'2'!G45+'3'!G45+'4'!G45+'5'!G45+'6'!G45+'7'!G45+'8'!G45+'9'!G45+'10'!G45+'11'!G45+'12'!G45+'13'!G45+'14'!G45+'15'!G45+'16'!G45+'17'!G45+'18'!G45+'19'!G45+'20'!G45+'21'!G45+'22'!G45+'23'!G45+'24'!G45+'25'!G45+'26'!G45+'27'!G45+'28'!G45+'29'!G45+'30'!G45+'31.'!G45 -> 0 | H45: =C45+D45-F45-I45-G45 -> 5 | I45: =+'1'!I45+'2'!I45+'3'!I45+'4'!I45+'5'!I45+'6'!I45+'7'!I45+'8'!I45+'9'!I45+'10'!I45+'11'!I45+'12'!I45+'13'!I45+'14'!I45+'15'!I45+'16'!I45+'17'!I45+'18'!I45+'19'!I45+'20'!I45+'21'!I45+'22'!I45+'23'!I45+'24'!I45+'25'!I45+'26'!I45+'27'!I45+'28'!I45+'29'!I45+'30'!I45+'31.'!I45 -> 3 | J45: 50 | K45: =+'1'!K45+'2'!K45+'3'!K45+'4'!K45+'5'!K45+'6'!K45+'7'!K45+'8'!K45+'9'!K45+'10'!K45+'11'!K45+'12'!K45+'13'!K45+'14'!K45+'15'!K45+'16'!K45+'17'!K45+'18'!K45+'19'!K45+'20'!K45+'21'!K45+'22'!K45+'23'!K45+'24'!K45+'25'!K45+'26'!K45+'27'!K45+'28'!K45+'29'!K45+'30'!K45+'31.'!K45 -> 150 | N45: =+I45*M45 -> 0
A46: 42 | B46: เบาหวิว (ล) เนยนม | C46: =+ยกมา!H47 -> 0 | D46: ='1'!D46+'2'!D46+'3'!D46+'4'!D46+'5'!D46+'6'!D46+'7'!D46+'8'!D46+'9'!D46+'10'!D46+'11'!D46+'12'!D46+'13'!D46+'14'!D46+'15'!D46+'16'!D46+'17'!D46+'18'!D46+'19'!D46+'20'!D46+'21'!D46+'22'!D46+'23'!D46+'24'!D46+'25'!D46+'26'!D46+'27'!D46+'28'!D46+'29'!D46+'30'!D46+'31.'!D46 -> 11 | E46: =+C46+D46 -> 11 | F46: =+'1'!F46+'2'!F46+'3'!F46+'4'!F46+'5'!F46+'6'!F46+'7'!F46+'8'!F46+'9'!F46+'10'!F46+'11'!F46+'12'!F46+'13'!F46+'14'!F46+'15'!F46+'16'!F46+'17'!F46+'18'!F46+'19'!F46+'20'!F46+'21'!F46+'22'!F46+'23'!F46+'24'!F46+'25'!F46+'26'!F46+'27'!F46+'28'!F46+'29'!F46+'30'!F46+'31.'!F46 -> 0 | G46: =+'1'!G46+'2'!G46+'3'!G46+'4'!G46+'5'!G46+'6'!G46+'7'!G46+'8'!G46+'9'!G46+'10'!G46+'11'!G46+'12'!G46+'13'!G46+'14'!G46+'15'!G46+'16'!G46+'17'!G46+'18'!G46+'19'!G46+'20'!G46+'21'!G46+'22'!G46+'23'!G46+'24'!G46+'25'!G46+'26'!G46+'27'!G46+'28'!G46+'29'!G46+'30'!G46+'31.'!G46 -> 0 | H46: =C46+D46-F46-I46-G46 -> 7 | I46: =+'1'!I46+'2'!I46+'3'!I46+'4'!I46+'5'!I46+'6'!I46+'7'!I46+'8'!I46+'9'!I46+'10'!I46+'11'!I46+'12'!I46+'13'!I46+'14'!I46+'15'!I46+'16'!I46+'17'!I46+'18'!I46+'19'!I46+'20'!I46+'21'!I46+'22'!I46+'23'!I46+'24'!I46+'25'!I46+'26'!I46+'27'!I46+'28'!I46+'29'!I46+'30'!I46+'31.'!I46 -> 4 | J46: 50 | K46: =+'1'!K46+'2'!K46+'3'!K46+'4'!K46+'5'!K46+'6'!K46+'7'!K46+'8'!K46+'9'!K46+'10'!K46+'11'!K46+'12'!K46+'13'!K46+'14'!K46+'15'!K46+'16'!K46+'17'!K46+'18'!K46+'19'!K46+'20'!K46+'21'!K46+'22'!K46+'23'!K46+'24'!K46+'25'!K46+'26'!K46+'27'!K46+'28'!K46+'29'!K46+'30'!K46+'31.'!K46 -> 200 | N46: =+I46*M46 -> 0
A47: 43 | B47: เบาหวิว (ล) ใบเตย | C47: =+ยกมา!H48 -> 2 | D47: ='1'!D47+'2'!D47+'3'!D47+'4'!D47+'5'!D47+'6'!D47+'7'!D47+'8'!D47+'9'!D47+'10'!D47+'11'!D47+'12'!D47+'13'!D47+'14'!D47+'15'!D47+'16'!D47+'17'!D47+'18'!D47+'19'!D47+'20'!D47+'21'!D47+'22'!D47+'23'!D47+'24'!D47+'25'!D47+'26'!D47+'27'!D47+'28'!D47+'29'!D47+'30'!D47+'31.'!D47 -> 0 | E47: =+C47+D47 -> 2 | F47: =+'1'!F47+'2'!F47+'3'!F47+'4'!F47+'5'!F47+'6'!F47+'7'!F47+'8'!F47+'9'!F47+'10'!F47+'11'!F47+'12'!F47+'13'!F47+'14'!F47+'15'!F47+'16'!F47+'17'!F47+'18'!F47+'19'!F47+'20'!F47+'21'!F47+'22'!F47+'23'!F47+'24'!F47+'25'!F47+'26'!F47+'27'!F47+'28'!F47+'29'!F47+'30'!F47+'31.'!F47 -> 0 | G47: =+'1'!G47+'2'!G47+'3'!G47+'4'!G47+'5'!G47+'6'!G47+'7'!G47+'8'!G47+'9'!G47+'10'!G47+'11'!G47+'12'!G47+'13'!G47+'14'!G47+'15'!G47+'16'!G47+'17'!G47+'18'!G47+'19'!G47+'20'!G47+'21'!G47+'22'!G47+'23'!G47+'24'!G47+'25'!G47+'26'!G47+'27'!G47+'28'!G47+'29'!G47+'30'!G47+'31.'!G47 -> 0 | H47: =C47+D47-F47-I47-G47 -> 2 | I47: =+'1'!I47+'2'!I47+'3'!I47+'4'!I47+'5'!I47+'6'!I47+'7'!I47+'8'!I47+'9'!I47+'10'!I47+'11'!I47+'12'!I47+'13'!I47+'14'!I47+'15'!I47+'16'!I47+'17'!I47+'18'!I47+'19'!I47+'20'!I47+'21'!I47+'22'!I47+'23'!I47+'24'!I47+'25'!I47+'26'!I47+'27'!I47+'28'!I47+'29'!I47+'30'!I47+'31.'!I47 -> 0 | J47: 50 | K47: =+'1'!K47+'2'!K47+'3'!K47+'4'!K47+'5'!K47+'6'!K47+'7'!K47+'8'!K47+'9'!K47+'10'!K47+'11'!K47+'12'!K47+'13'!K47+'14'!K47+'15'!K47+'16'!K47+'17'!K47+'18'!K47+'19'!K47+'20'!K47+'21'!K47+'22'!K47+'23'!K47+'24'!K47+'25'!K47+'26'!K47+'27'!K47+'28'!K47+'29'!K47+'30'!K47+'31.'!K47 -> 0 | N47: =+I47*M47 -> 0
A48: 44 | B48: เบาหวิว (ล) มะพร้าว | C48: =+ยกมา!H49 -> 0 | D48: ='1'!D48+'2'!D48+'3'!D48+'4'!D48+'5'!D48+'6'!D48+'7'!D48+'8'!D48+'9'!D48+'10'!D48+'11'!D48+'12'!D48+'13'!D48+'14'!D48+'15'!D48+'16'!D48+'17'!D48+'18'!D48+'19'!D48+'20'!D48+'21'!D48+'22'!D48+'23'!D48+'24'!D48+'25'!D48+'26'!D48+'27'!D48+'28'!D48+'29'!D48+'30'!D48+'31.'!D48 -> 11 | E48: =+C48+D48 -> 11 | F48: =+'1'!F48+'2'!F48+'3'!F48+'4'!F48+'5'!F48+'6'!F48+'7'!F48+'8'!F48+'9'!F48+'10'!F48+'11'!F48+'12'!F48+'13'!F48+'14'!F48+'15'!F48+'16'!F48+'17'!F48+'18'!F48+'19'!F48+'20'!F48+'21'!F48+'22'!F48+'23'!F48+'24'!F48+'25'!F48+'26'!F48+'27'!F48+'28'!F48+'29'!F48+'30'!F48+'31.'!F48 -> 0 | G48: =+'1'!G48+'2'!G48+'3'!G48+'4'!G48+'5'!G48+'6'!G48+'7'!G48+'8'!G48+'9'!G48+'10'!G48+'11'!G48+'12'!G48+'13'!G48+'14'!G48+'15'!G48+'16'!G48+'17'!G48+'18'!G48+'19'!G48+'20'!G48+'21'!G48+'22'!G48+'23'!G48+'24'!G48+'25'!G48+'26'!G48+'27'!G48+'28'!G48+'29'!G48+'30'!G48+'31.'!G48 -> 0 | H48: =C48+D48-F48-I48-G48 -> 5 | I48: =+'1'!I48+'2'!I48+'3'!I48+'4'!I48+'5'!I48+'6'!I48+'7'!I48+'8'!I48+'9'!I48+'10'!I48+'11'!I48+'12'!I48+'13'!I48+'14'!I48+'15'!I48+'16'!I48+'17'!I48+'18'!I48+'19'!I48+'20'!I48+'21'!I48+'22'!I48+'23'!I48+'24'!I48+'25'!I48+'26'!I48+'27'!I48+'28'!I48+'29'!I48+'30'!I48+'31.'!I48 -> 6 | J48: 50 | K48: =+'1'!K48+'2'!K48+'3'!K48+'4'!K48+'5'!K48+'6'!K48+'7'!K48+'8'!K48+'9'!K48+'10'!K48+'11'!K48+'12'!K48+'13'!K48+'14'!K48+'15'!K48+'16'!K48+'17'!K48+'18'!K48+'19'!K48+'20'!K48+'21'!K48+'22'!K48+'23'!K48+'24'!K48+'25'!K48+'26'!K48+'27'!K48+'28'!K48+'29'!K48+'30'!K48+'31.'!K48 -> 300 | N48: =+I48*M48 -> 0
A49: 45 | B49: เบาหวิว (ล) ฝอยทอง | C49: =+ยกมา!H44 -> 1 | D49: ='1'!D49+'2'!D49+'3'!D49+'4'!D49+'5'!D49+'6'!D49+'7'!D49+'8'!D49+'9'!D49+'10'!D49+'11'!D49+'12'!D49+'13'!D49+'14'!D49+'15'!D49+'16'!D49+'17'!D49+'18'!D49+'19'!D49+'20'!D49+'21'!D49+'22'!D49+'23'!D49+'24'!D49+'25'!D49+'26'!D49+'27'!D49+'28'!D49+'29'!D49+'30'!D49+'31.'!D49 -> 13 | E49: =+C49+D49 -> 14 | F49: =+'1'!F49+'2'!F49+'3'!F49+'4'!F49+'5'!F49+'6'!F49+'7'!F49+'8'!F49+'9'!F49+'10'!F49+'11'!F49+'12'!F49+'13'!F49+'14'!F49+'15'!F49+'16'!F49+'17'!F49+'18'!F49+'19'!F49+'20'!F49+'21'!F49+'22'!F49+'23'!F49+'24'!F49+'25'!F49+'26'!F49+'27'!F49+'28'!F49+'29'!F49+'30'!F49+'31.'!F49 -> 0 | G49: =+'1'!G49+'2'!G49+'3'!G49+'4'!G49+'5'!G49+'6'!G49+'7'!G49+'8'!G49+'9'!G49+'10'!G49+'11'!G49+'12'!G49+'13'!G49+'14'!G49+'15'!G49+'16'!G49+'17'!G49+'18'!G49+'19'!G49+'20'!G49+'21'!G49+'22'!G49+'23'!G49+'24'!G49+'25'!G49+'26'!G49+'27'!G49+'28'!G49+'29'!G49+'30'!G49+'31.'!G49 -> 0 | H49: =C49+D49-F49-I49-G49 -> 8 | I49: =+'1'!I49+'2'!I49+'3'!I49+'4'!I49+'5'!I49+'6'!I49+'7'!I49+'8'!I49+'9'!I49+'10'!I49+'11'!I49+'12'!I49+'13'!I49+'14'!I49+'15'!I49+'16'!I49+'17'!I49+'18'!I49+'19'!I49+'20'!I49+'21'!I49+'22'!I49+'23'!I49+'24'!I49+'25'!I49+'26'!I49+'27'!I49+'28'!I49+'29'!I49+'30'!I49+'31.'!I49 -> 6 | J49: 50 | K49: =+'1'!K49+'2'!K49+'3'!K49+'4'!K49+'5'!K49+'6'!K49+'7'!K49+'8'!K49+'9'!K49+'10'!K49+'11'!K49+'12'!K49+'13'!K49+'14'!K49+'15'!K49+'16'!K49+'17'!K49+'18'!K49+'19'!K49+'20'!K49+'21'!K49+'22'!K49+'23'!K49+'24'!K49+'25'!K49+'26'!K49+'27'!K49+'28'!K49+'29'!K49+'30'!K49+'31.'!K49 -> 300 | N49: =+I49*M49 -> 0
A50: 46 | B50: เบาหวิว (ล) ทุเรียน | C50: =+ยกมา!H46 -> 0 | D50: ='1'!D50+'2'!D50+'3'!D50+'4'!D50+'5'!D50+'6'!D50+'7'!D50+'8'!D50+'9'!D50+'10'!D50+'11'!D50+'12'!D50+'13'!D50+'14'!D50+'15'!D50+'16'!D50+'17'!D50+'18'!D50+'19'!D50+'20'!D50+'21'!D50+'22'!D50+'23'!D50+'24'!D50+'25'!D50+'26'!D50+'27'!D50+'28'!D50+'29'!D50+'30'!D50+'31.'!D50 -> 3 | E50: =+C50+D50 -> 3 | F50: =+'1'!F50+'2'!F50+'3'!F50+'4'!F50+'5'!F50+'6'!F50+'7'!F50+'8'!F50+'9'!F50+'10'!F50+'11'!F50+'12'!F50+'13'!F50+'14'!F50+'15'!F50+'16'!F50+'17'!F50+'18'!F50+'19'!F50+'20'!F50+'21'!F50+'22'!F50+'23'!F50+'24'!F50+'25'!F50+'26'!F50+'27'!F50+'28'!F50+'29'!F50+'30'!F50+'31.'!F50 -> 3 | G50: =+'1'!G50+'2'!G50+'3'!G50+'4'!G50+'5'!G50+'6'!G50+'7'!G50+'8'!G50+'9'!G50+'10'!G50+'11'!G50+'12'!G50+'13'!G50+'14'!G50+'15'!G50+'16'!G50+'17'!G50+'18'!G50+'19'!G50+'20'!G50+'21'!G50+'22'!G50+'23'!G50+'24'!G50+'25'!G50+'26'!G50+'27'!G50+'28'!G50+'29'!G50+'30'!G50+'31.'!G50 -> 0 | H50: =C50+D50-F50-I50-G50 -> -3 | I50: =+'1'!I50+'2'!I50+'3'!I50+'4'!I50+'5'!I50+'6'!I50+'7'!I50+'8'!I50+'9'!I50+'10'!I50+'11'!I50+'12'!I50+'13'!I50+'14'!I50+'15'!I50+'16'!I50+'17'!I50+'18'!I50+'19'!I50+'20'!I50+'21'!I50+'22'!I50+'23'!I50+'24'!I50+'25'!I50+'26'!I50+'27'!I50+'28'!I50+'29'!I50+'30'!I50+'31.'!I50 -> 3 | J50: 50 | K50: =+'1'!K50+'2'!K50+'3'!K50+'4'!K50+'5'!K50+'6'!K50+'7'!K50+'8'!K50+'9'!K50+'10'!K50+'11'!K50+'12'!K50+'13'!K50+'14'!K50+'15'!K50+'16'!K50+'17'!K50+'18'!K50+'19'!K50+'20'!K50+'21'!K50+'22'!K50+'23'!K50+'24'!K50+'25'!K50+'26'!K50+'27'!K50+'28'!K50+'29'!K50+'30'!K50+'31.'!K50 -> 150 | N50: =+I50*M50 -> 0
A51: 47 | B51: เบาหวิว (ล) ลูกตาล | C51: =+ยกมา!H50 -> 3 | D51: ='1'!D51+'2'!D51+'3'!D51+'4'!D51+'5'!D51+'6'!D51+'7'!D51+'8'!D51+'9'!D51+'10'!D51+'11'!D51+'12'!D51+'13'!D51+'14'!D51+'15'!D51+'16'!D51+'17'!D51+'18'!D51+'19'!D51+'20'!D51+'21'!D51+'22'!D51+'23'!D51+'24'!D51+'25'!D51+'26'!D51+'27'!D51+'28'!D51+'29'!D51+'30'!D51+'31.'!D51 -> 0 | E51: =+C51+D51 -> 3 | F51: =+'1'!F51+'2'!F51+'3'!F51+'4'!F51+'5'!F51+'6'!F51+'7'!F51+'8'!F51+'9'!F51+'10'!F51+'11'!F51+'12'!F51+'13'!F51+'14'!F51+'15'!F51+'16'!F51+'17'!F51+'18'!F51+'19'!F51+'20'!F51+'21'!F51+'22'!F51+'23'!F51+'24'!F51+'25'!F51+'26'!F51+'27'!F51+'28'!F51+'29'!F51+'30'!F51+'31.'!F51 -> 0 | G51: =+'1'!G51+'2'!G51+'3'!G51+'4'!G51+'5'!G51+'6'!G51+'7'!G51+'8'!G51+'9'!G51+'10'!G51+'11'!G51+'12'!G51+'13'!G51+'14'!G51+'15'!G51+'16'!G51+'17'!G51+'18'!G51+'19'!G51+'20'!G51+'21'!G51+'22'!G51+'23'!G51+'24'!G51+'25'!G51+'26'!G51+'27'!G51+'28'!G51+'29'!G51+'30'!G51+'31.'!G51 -> 0 | H51: =C51+D51-F51-I51-G51 -> 3 | I51: =+'1'!I51+'2'!I51+'3'!I51+'4'!I51+'5'!I51+'6'!I51+'7'!I51+'8'!I51+'9'!I51+'10'!I51+'11'!I51+'12'!I51+'13'!I51+'14'!I51+'15'!I51+'16'!I51+'17'!I51+'18'!I51+'19'!I51+'20'!I51+'21'!I51+'22'!I51+'23'!I51+'24'!I51+'25'!I51+'26'!I51+'27'!I51+'28'!I51+'29'!I51+'30'!I51+'31.'!I51 -> 0 | J51: 50 | K51: =+'1'!K51+'2'!K51+'3'!K51+'4'!K51+'5'!K51+'6'!K51+'7'!K51+'8'!K51+'9'!K51+'10'!K51+'11'!K51+'12'!K51+'13'!K51+'14'!K51+'15'!K51+'16'!K51+'17'!K51+'18'!K51+'19'!K51+'20'!K51+'21'!K51+'22'!K51+'23'!K51+'24'!K51+'25'!K51+'26'!K51+'27'!K51+'28'!K51+'29'!K51+'30'!K51+'31.'!K51 -> 0 | N51: =+I51*M51 -> 0
A52: 48 | B52: เบาหวิว (ญ) รสมะพร้าว | C52: =+ยกมา!H51 -> 0 | D52: ='1'!D52+'2'!D52+'3'!D52+'4'!D52+'5'!D52+'6'!D52+'7'!D52+'8'!D52+'9'!D52+'10'!D52+'11'!D52+'12'!D52+'13'!D52+'14'!D52+'15'!D52+'16'!D52+'17'!D52+'18'!D52+'19'!D52+'20'!D52+'21'!D52+'22'!D52+'23'!D52+'24'!D52+'25'!D52+'26'!D52+'27'!D52+'28'!D52+'29'!D52+'30'!D52+'31.'!D52 -> 0 | E52: =+C52+D52 -> 0 | F52: =+'1'!F52+'2'!F52+'3'!F52+'4'!F52+'5'!F52+'6'!F52+'7'!F52+'8'!F52+'9'!F52+'10'!F52+'11'!F52+'12'!F52+'13'!F52+'14'!F52+'15'!F52+'16'!F52+'17'!F52+'18'!F52+'19'!F52+'20'!F52+'21'!F52+'22'!F52+'23'!F52+'24'!F52+'25'!F52+'26'!F52+'27'!F52+'28'!F52+'29'!F52+'30'!F52+'31.'!F52 -> 0 | G52: =+'1'!G52+'2'!G52+'3'!G52+'4'!G52+'5'!G52+'6'!G52+'7'!G52+'8'!G52+'9'!G52+'10'!G52+'11'!G52+'12'!G52+'13'!G52+'14'!G52+'15'!G52+'16'!G52+'17'!G52+'18'!G52+'19'!G52+'20'!G52+'21'!G52+'22'!G52+'23'!G52+'24'!G52+'25'!G52+'26'!G52+'27'!G52+'28'!G52+'29'!G52+'30'!G52+'31.'!G52 -> 0 | H52: =C52+D52-F52-I52-G52 -> 0 | I52: =+'1'!I52+'2'!I52+'3'!I52+'4'!I52+'5'!I52+'6'!I52+'7'!I52+'8'!I52+'9'!I52+'10'!I52+'11'!I52+'12'!I52+'13'!I52+'14'!I52+'15'!I52+'16'!I52+'17'!I52+'18'!I52+'19'!I52+'20'!I52+'21'!I52+'22'!I52+'23'!I52+'24'!I52+'25'!I52+'26'!I52+'27'!I52+'28'!I52+'29'!I52+'30'!I52+'31.'!I52 -> 0 | J52: 120 | K52: =+'1'!K52+'2'!K52+'3'!K52+'4'!K52+'5'!K52+'6'!K52+'7'!K52+'8'!K52+'9'!K52+'10'!K52+'11'!K52+'12'!K52+'13'!K52+'14'!K52+'15'!K52+'16'!K52+'17'!K52+'18'!K52+'19'!K52+'20'!K52+'21'!K52+'22'!K52+'23'!K52+'24'!K52+'25'!K52+'26'!K52+'27'!K52+'28'!K52+'29'!K52+'30'!K52+'31.'!K52 -> 0 | N52: =+I52*M52 -> 0
A53: 49 | B53: เบาหวิว (ญ) รสกาแฟ | C53: =+ยกมา!H52 -> 0 | D53: ='1'!D53+'2'!D53+'3'!D53+'4'!D53+'5'!D53+'6'!D53+'7'!D53+'8'!D53+'9'!D53+'10'!D53+'11'!D53+'12'!D53+'13'!D53+'14'!D53+'15'!D53+'16'!D53+'17'!D53+'18'!D53+'19'!D53+'20'!D53+'21'!D53+'22'!D53+'23'!D53+'24'!D53+'25'!D53+'26'!D53+'27'!D53+'28'!D53+'29'!D53+'30'!D53+'31.'!D53 -> 0 | E53: =+C53+D53 -> 0 | F53: =+'1'!F53+'2'!F53+'3'!F53+'4'!F53+'5'!F53+'6'!F53+'7'!F53+'8'!F53+'9'!F53+'10'!F53+'11'!F53+'12'!F53+'13'!F53+'14'!F53+'15'!F53+'16'!F53+'17'!F53+'18'!F53+'19'!F53+'20'!F53+'21'!F53+'22'!F53+'23'!F53+'24'!F53+'25'!F53+'26'!F53+'27'!F53+'28'!F53+'29'!F53+'30'!F53+'31.'!F53 -> 0 | G53: =+'1'!G53+'2'!G53+'3'!G53+'4'!G53+'5'!G53+'6'!G53+'7'!G53+'8'!G53+'9'!G53+'10'!G53+'11'!G53+'12'!G53+'13'!G53+'14'!G53+'15'!G53+'16'!G53+'17'!G53+'18'!G53+'19'!G53+'20'!G53+'21'!G53+'22'!G53+'23'!G53+'24'!G53+'25'!G53+'26'!G53+'27'!G53+'28'!G53+'29'!G53+'30'!G53+'31.'!G53 -> 0 | H53: =C53+D53-F53-I53-G53 -> 0 | I53: =+'1'!I53+'2'!I53+'3'!I53+'4'!I53+'5'!I53+'6'!I53+'7'!I53+'8'!I53+'9'!I53+'10'!I53+'11'!I53+'12'!I53+'13'!I53+'14'!I53+'15'!I53+'16'!I53+'17'!I53+'18'!I53+'19'!I53+'20'!I53+'21'!I53+'22'!I53+'23'!I53+'24'!I53+'25'!I53+'26'!I53+'27'!I53+'28'!I53+'29'!I53+'30'!I53+'31.'!I53 -> 0 | J53: 120 | K53: =+'1'!K53+'2'!K53+'3'!K53+'4'!K53+'5'!K53+'6'!K53+'7'!K53+'8'!K53+'9'!K53+'10'!K53+'11'!K53+'12'!K53+'13'!K53+'14'!K53+'15'!K53+'16'!K53+'17'!K53+'18'!K53+'19'!K53+'20'!K53+'21'!K53+'22'!K53+'23'!K53+'24'!K53+'25'!K53+'26'!K53+'27'!K53+'28'!K53+'29'!K53+'30'!K53+'31.'!K53 -> 0 | N53: =+I53*M53 -> 0
A54: 50 | B54: เบาหวิว (ญ) รสเนยนม | C54: =+ยกมา!H53 -> 0 | D54: ='1'!D54+'2'!D54+'3'!D54+'4'!D54+'5'!D54+'6'!D54+'7'!D54+'8'!D54+'9'!D54+'10'!D54+'11'!D54+'12'!D54+'13'!D54+'14'!D54+'15'!D54+'16'!D54+'17'!D54+'18'!D54+'19'!D54+'20'!D54+'21'!D54+'22'!D54+'23'!D54+'24'!D54+'25'!D54+'26'!D54+'27'!D54+'28'!D54+'29'!D54+'30'!D54+'31.'!D54 -> 0 | E54: =+C54+D54 -> 0 | F54: =+'1'!F54+'2'!F54+'3'!F54+'4'!F54+'5'!F54+'6'!F54+'7'!F54+'8'!F54+'9'!F54+'10'!F54+'11'!F54+'12'!F54+'13'!F54+'14'!F54+'15'!F54+'16'!F54+'17'!F54+'18'!F54+'19'!F54+'20'!F54+'21'!F54+'22'!F54+'23'!F54+'24'!F54+'25'!F54+'26'!F54+'27'!F54+'28'!F54+'29'!F54+'30'!F54+'31.'!F54 -> 0 | G54: =+'1'!G54+'2'!G54+'3'!G54+'4'!G54+'5'!G54+'6'!G54+'7'!G54+'8'!G54+'9'!G54+'10'!G54+'11'!G54+'12'!G54+'13'!G54+'14'!G54+'15'!G54+'16'!G54+'17'!G54+'18'!G54+'19'!G54+'20'!G54+'21'!G54+'22'!G54+'23'!G54+'24'!G54+'25'!G54+'26'!G54+'27'!G54+'28'!G54+'29'!G54+'30'!G54+'31.'!G54 -> 0 | H54: =C54+D54-F54-I54-G54 -> 0 | I54: =+'1'!I54+'2'!I54+'3'!I54+'4'!I54+'5'!I54+'6'!I54+'7'!I54+'8'!I54+'9'!I54+'10'!I54+'11'!I54+'12'!I54+'13'!I54+'14'!I54+'15'!I54+'16'!I54+'17'!I54+'18'!I54+'19'!I54+'20'!I54+'21'!I54+'22'!I54+'23'!I54+'24'!I54+'25'!I54+'26'!I54+'27'!I54+'28'!I54+'29'!I54+'30'!I54+'31.'!I54 -> 0 | J54: 120 | K54: =+'1'!K54+'2'!K54+'3'!K54+'4'!K54+'5'!K54+'6'!K54+'7'!K54+'8'!K54+'9'!K54+'10'!K54+'11'!K54+'12'!K54+'13'!K54+'14'!K54+'15'!K54+'16'!K54+'17'!K54+'18'!K54+'19'!K54+'20'!K54+'21'!K54+'22'!K54+'23'!K54+'24'!K54+'25'!K54+'26'!K54+'27'!K54+'28'!K54+'29'!K54+'30'!K54+'31.'!K54 -> 0 | N54: =+I54*M54 -> 0
A55: 51 | B55: เบาหวิว (ญ) รสใบเตย | C55: =+ยกมา!H54 -> 0 | D55: ='1'!D55+'2'!D55+'3'!D55+'4'!D55+'5'!D55+'6'!D55+'7'!D55+'8'!D55+'9'!D55+'10'!D55+'11'!D55+'12'!D55+'13'!D55+'14'!D55+'15'!D55+'16'!D55+'17'!D55+'18'!D55+'19'!D55+'20'!D55+'21'!D55+'22'!D55+'23'!D55+'24'!D55+'25'!D55+'26'!D55+'27'!D55+'28'!D55+'29'!D55+'30'!D55+'31.'!D55 -> 0 | E55: =+C55+D55 -> 0 | F55: =+'1'!F55+'2'!F55+'3'!F55+'4'!F55+'5'!F55+'6'!F55+'7'!F55+'8'!F55+'9'!F55+'10'!F55+'11'!F55+'12'!F55+'13'!F55+'14'!F55+'15'!F55+'16'!F55+'17'!F55+'18'!F55+'19'!F55+'20'!F55+'21'!F55+'22'!F55+'23'!F55+'24'!F55+'25'!F55+'26'!F55+'27'!F55+'28'!F55+'29'!F55+'30'!F55+'31.'!F55 -> 0 | G55: =+'1'!G55+'2'!G55+'3'!G55+'4'!G55+'5'!G55+'6'!G55+'7'!G55+'8'!G55+'9'!G55+'10'!G55+'11'!G55+'12'!G55+'13'!G55+'14'!G55+'15'!G55+'16'!G55+'17'!G55+'18'!G55+'19'!G55+'20'!G55+'21'!G55+'22'!G55+'23'!G55+'24'!G55+'25'!G55+'26'!G55+'27'!G55+'28'!G55+'29'!G55+'30'!G55+'31.'!G55 -> 0 | H55: =C55+D55-F55-I55-G55 -> 0 | I55: =+'1'!I55+'2'!I55+'3'!I55+'4'!I55+'5'!I55+'6'!I55+'7'!I55+'8'!I55+'9'!I55+'10'!I55+'11'!I55+'12'!I55+'13'!I55+'14'!I55+'15'!I55+'16'!I55+'17'!I55+'18'!I55+'19'!I55+'20'!I55+'21'!I55+'22'!I55+'23'!I55+'24'!I55+'25'!I55+'26'!I55+'27'!I55+'28'!I55+'29'!I55+'30'!I55+'31.'!I55 -> 0 | J55: 120 | K55: =+'1'!K55+'2'!K55+'3'!K55+'4'!K55+'5'!K55+'6'!K55+'7'!K55+'8'!K55+'9'!K55+'10'!K55+'11'!K55+'12'!K55+'13'!K55+'14'!K55+'15'!K55+'16'!K55+'17'!K55+'18'!K55+'19'!K55+'20'!K55+'21'!K55+'22'!K55+'23'!K55+'24'!K55+'25'!K55+'26'!K55+'27'!K55+'28'!K55+'29'!K55+'30'!K55+'31.'!K55 -> 0 | N55: =+I55*M55 -> 0
A56: 52 | B56: เบาหวิว (ญ) ใหม่ รสกล้วยหอมมะพร้าวเผา | C56: =+ยกมา!H55 -> 0 | D56: ='1'!D56+'2'!D56+'3'!D56+'4'!D56+'5'!D56+'6'!D56+'7'!D56+'8'!D56+'9'!D56+'10'!D56+'11'!D56+'12'!D56+'13'!D56+'14'!D56+'15'!D56+'16'!D56+'17'!D56+'18'!D56+'19'!D56+'20'!D56+'21'!D56+'22'!D56+'23'!D56+'24'!D56+'25'!D56+'26'!D56+'27'!D56+'28'!D56+'29'!D56+'30'!D56+'31.'!D56 -> 0 | E56: =+C56+D56 -> 0 | F56: =+'1'!F56+'2'!F56+'3'!F56+'4'!F56+'5'!F56+'6'!F56+'7'!F56+'8'!F56+'9'!F56+'10'!F56+'11'!F56+'12'!F56+'13'!F56+'14'!F56+'15'!F56+'16'!F56+'17'!F56+'18'!F56+'19'!F56+'20'!F56+'21'!F56+'22'!F56+'23'!F56+'24'!F56+'25'!F56+'26'!F56+'27'!F56+'28'!F56+'29'!F56+'30'!F56+'31.'!F56 -> 0 | G56: =+'1'!G56+'2'!G56+'3'!G56+'4'!G56+'5'!G56+'6'!G56+'7'!G56+'8'!G56+'9'!G56+'10'!G56+'11'!G56+'12'!G56+'13'!G56+'14'!G56+'15'!G56+'16'!G56+'17'!G56+'18'!G56+'19'!G56+'20'!G56+'21'!G56+'22'!G56+'23'!G56+'24'!G56+'25'!G56+'26'!G56+'27'!G56+'28'!G56+'29'!G56+'30'!G56+'31.'!G56 -> 0 | H56: =C56+D56-F56-I56-G56 -> 0 | I56: =+'1'!I56+'2'!I56+'3'!I56+'4'!I56+'5'!I56+'6'!I56+'7'!I56+'8'!I56+'9'!I56+'10'!I56+'11'!I56+'12'!I56+'13'!I56+'14'!I56+'15'!I56+'16'!I56+'17'!I56+'18'!I56+'19'!I56+'20'!I56+'21'!I56+'22'!I56+'23'!I56+'24'!I56+'25'!I56+'26'!I56+'27'!I56+'28'!I56+'29'!I56+'30'!I56+'31.'!I56 -> 0 | J56: 120 | K56: =+'1'!K56+'2'!K56+'3'!K56+'4'!K56+'5'!K56+'6'!K56+'7'!K56+'8'!K56+'9'!K56+'10'!K56+'11'!K56+'12'!K56+'13'!K56+'14'!K56+'15'!K56+'16'!K56+'17'!K56+'18'!K56+'19'!K56+'20'!K56+'21'!K56+'22'!K56+'23'!K56+'24'!K56+'25'!K56+'26'!K56+'27'!K56+'28'!K56+'29'!K56+'30'!K56+'31.'!K56 -> 0 | N56: =+I56*M56 -> 0
A57: 53 | B57: เบาหวิว (ญ) ใหม่ รสฝอยทอง | C57: =+ยกมา!H56 -> 0 | D57: ='1'!D57+'2'!D57+'3'!D57+'4'!D57+'5'!D57+'6'!D57+'7'!D57+'8'!D57+'9'!D57+'10'!D57+'11'!D57+'12'!D57+'13'!D57+'14'!D57+'15'!D57+'16'!D57+'17'!D57+'18'!D57+'19'!D57+'20'!D57+'21'!D57+'22'!D57+'23'!D57+'24'!D57+'25'!D57+'26'!D57+'27'!D57+'28'!D57+'29'!D57+'30'!D57+'31.'!D57 -> 0 | E57: =+C57+D57 -> 0 | F57: =+'1'!F57+'2'!F57+'3'!F57+'4'!F57+'5'!F57+'6'!F57+'7'!F57+'8'!F57+'9'!F57+'10'!F57+'11'!F57+'12'!F57+'13'!F57+'14'!F57+'15'!F57+'16'!F57+'17'!F57+'18'!F57+'19'!F57+'20'!F57+'21'!F57+'22'!F57+'23'!F57+'24'!F57+'25'!F57+'26'!F57+'27'!F57+'28'!F57+'29'!F57+'30'!F57+'31.'!F57 -> 0 | G57: =+'1'!G57+'2'!G57+'3'!G57+'4'!G57+'5'!G57+'6'!G57+'7'!G57+'8'!G57+'9'!G57+'10'!G57+'11'!G57+'12'!G57+'13'!G57+'14'!G57+'15'!G57+'16'!G57+'17'!G57+'18'!G57+'19'!G57+'20'!G57+'21'!G57+'22'!G57+'23'!G57+'24'!G57+'25'!G57+'26'!G57+'27'!G57+'28'!G57+'29'!G57+'30'!G57+'31.'!G57 -> 0 | H57: =C57+D57-F57-I57-G57 -> 0 | I57: =+'1'!I57+'2'!I57+'3'!I57+'4'!I57+'5'!I57+'6'!I57+'7'!I57+'8'!I57+'9'!I57+'10'!I57+'11'!I57+'12'!I57+'13'!I57+'14'!I57+'15'!I57+'16'!I57+'17'!I57+'18'!I57+'19'!I57+'20'!I57+'21'!I57+'22'!I57+'23'!I57+'24'!I57+'25'!I57+'26'!I57+'27'!I57+'28'!I57+'29'!I57+'30'!I57+'31.'!I57 -> 0 | J57: 120 | K57: =+'1'!K57+'2'!K57+'3'!K57+'4'!K57+'5'!K57+'6'!K57+'7'!K57+'8'!K57+'9'!K57+'10'!K57+'11'!K57+'12'!K57+'13'!K57+'14'!K57+'15'!K57+'16'!K57+'17'!K57+'18'!K57+'19'!K57+'20'!K57+'21'!K57+'22'!K57+'23'!K57+'24'!K57+'25'!K57+'26'!K57+'27'!K57+'28'!K57+'29'!K57+'30'!K57+'31.'!K57 -> 0 | N57: =+I57*M57 -> 0
A58: 54 | B58: เบาหวิว (ญ) ใหม่ รสเผือกมะพร้าวเผา | C58: =+ยกมา!H57 -> 0 | D58: ='1'!D58+'2'!D58+'3'!D58+'4'!D58+'5'!D58+'6'!D58+'7'!D58+'8'!D58+'9'!D58+'10'!D58+'11'!D58+'12'!D58+'13'!D58+'14'!D58+'15'!D58+'16'!D58+'17'!D58+'18'!D58+'19'!D58+'20'!D58+'21'!D58+'22'!D58+'23'!D58+'24'!D58+'25'!D58+'26'!D58+'27'!D58+'28'!D58+'29'!D58+'30'!D58+'31.'!D58 -> 5 | E58: =+C58+D58 -> 5 | F58: =+'1'!F58+'2'!F58+'3'!F58+'4'!F58+'5'!F58+'6'!F58+'7'!F58+'8'!F58+'9'!F58+'10'!F58+'11'!F58+'12'!F58+'13'!F58+'14'!F58+'15'!F58+'16'!F58+'17'!F58+'18'!F58+'19'!F58+'20'!F58+'21'!F58+'22'!F58+'23'!F58+'24'!F58+'25'!F58+'26'!F58+'27'!F58+'28'!F58+'29'!F58+'30'!F58+'31.'!F58 -> 0 | G58: =+'1'!G58+'2'!G58+'3'!G58+'4'!G58+'5'!G58+'6'!G58+'7'!G58+'8'!G58+'9'!G58+'10'!G58+'11'!G58+'12'!G58+'13'!G58+'14'!G58+'15'!G58+'16'!G58+'17'!G58+'18'!G58+'19'!G58+'20'!G58+'21'!G58+'22'!G58+'23'!G58+'24'!G58+'25'!G58+'26'!G58+'27'!G58+'28'!G58+'29'!G58+'30'!G58+'31.'!G58 -> 0 | H58: =C58+D58-F58-I58-G58 -> 5 | I58: =+'1'!I58+'2'!I58+'3'!I58+'4'!I58+'5'!I58+'6'!I58+'7'!I58+'8'!I58+'9'!I58+'10'!I58+'11'!I58+'12'!I58+'13'!I58+'14'!I58+'15'!I58+'16'!I58+'17'!I58+'18'!I58+'19'!I58+'20'!I58+'21'!I58+'22'!I58+'23'!I58+'24'!I58+'25'!I58+'26'!I58+'27'!I58+'28'!I58+'29'!I58+'30'!I58+'31.'!I58 -> 0 | J58: 120 | K58: =+'1'!K58+'2'!K58+'3'!K58+'4'!K58+'5'!K58+'6'!K58+'7'!K58+'8'!K58+'9'!K58+'10'!K58+'11'!K58+'12'!K58+'13'!K58+'14'!K58+'15'!K58+'16'!K58+'17'!K58+'18'!K58+'19'!K58+'20'!K58+'21'!K58+'22'!K58+'23'!K58+'24'!K58+'25'!K58+'26'!K58+'27'!K58+'28'!K58+'29'!K58+'30'!K58+'31.'!K58 -> 0 | N58: =+I58*M58 -> 0
A59: 55 | B59: โบราณ 4 ชิ้น รวมรส | C59: =+ยกมา!H58 -> 0 | D59: ='1'!D59+'2'!D59+'3'!D59+'4'!D59+'5'!D59+'6'!D59+'7'!D59+'8'!D59+'9'!D59+'10'!D59+'11'!D59+'12'!D59+'13'!D59+'14'!D59+'15'!D59+'16'!D59+'17'!D59+'18'!D59+'19'!D59+'20'!D59+'21'!D59+'22'!D59+'23'!D59+'24'!D59+'25'!D59+'26'!D59+'27'!D59+'28'!D59+'29'!D59+'30'!D59+'31.'!D59 -> 11 | E59: =+C59+D59 -> 11 | F59: =+'1'!F59+'2'!F59+'3'!F59+'4'!F59+'5'!F59+'6'!F59+'7'!F59+'8'!F59+'9'!F59+'10'!F59+'11'!F59+'12'!F59+'13'!F59+'14'!F59+'15'!F59+'16'!F59+'17'!F59+'18'!F59+'19'!F59+'20'!F59+'21'!F59+'22'!F59+'23'!F59+'24'!F59+'25'!F59+'26'!F59+'27'!F59+'28'!F59+'29'!F59+'30'!F59+'31.'!F59 -> 2 | G59: =+'1'!G59+'2'!G59+'3'!G59+'4'!G59+'5'!G59+'6'!G59+'7'!G59+'8'!G59+'9'!G59+'10'!G59+'11'!G59+'12'!G59+'13'!G59+'14'!G59+'15'!G59+'16'!G59+'17'!G59+'18'!G59+'19'!G59+'20'!G59+'21'!G59+'22'!G59+'23'!G59+'24'!G59+'25'!G59+'26'!G59+'27'!G59+'28'!G59+'29'!G59+'30'!G59+'31.'!G59 -> 0 | H59: =C59+D59-F59-I59-G59 -> 0 | I59: =+'1'!I59+'2'!I59+'3'!I59+'4'!I59+'5'!I59+'6'!I59+'7'!I59+'8'!I59+'9'!I59+'10'!I59+'11'!I59+'12'!I59+'13'!I59+'14'!I59+'15'!I59+'16'!I59+'17'!I59+'18'!I59+'19'!I59+'20'!I59+'21'!I59+'22'!I59+'23'!I59+'24'!I59+'25'!I59+'26'!I59+'27'!I59+'28'!I59+'29'!I59+'30'!I59+'31.'!I59 -> 9 | J59: 50 | K59: =+'1'!K59+'2'!K59+'3'!K59+'4'!K59+'5'!K59+'6'!K59+'7'!K59+'8'!K59+'9'!K59+'10'!K59+'11'!K59+'12'!K59+'13'!K59+'14'!K59+'15'!K59+'16'!K59+'17'!K59+'18'!K59+'19'!K59+'20'!K59+'21'!K59+'22'!K59+'23'!K59+'24'!K59+'25'!K59+'26'!K59+'27'!K59+'28'!K59+'29'!K59+'30'!K59+'31.'!K59 -> 450 | N59: =+I59*M59 -> 0
A60: 56 | B60: โบราณครีม 4 ชิ้น วรรณวนัช | C60: =+ยกมา!H59 -> 2 | D60: ='1'!D60+'2'!D60+'3'!D60+'4'!D60+'5'!D60+'6'!D60+'7'!D60+'8'!D60+'9'!D60+'10'!D60+'11'!D60+'12'!D60+'13'!D60+'14'!D60+'15'!D60+'16'!D60+'17'!D60+'18'!D60+'19'!D60+'20'!D60+'21'!D60+'22'!D60+'23'!D60+'24'!D60+'25'!D60+'26'!D60+'27'!D60+'28'!D60+'29'!D60+'30'!D60+'31.'!D60 -> 6 | E60: =+C60+D60 -> 8 | F60: =+'1'!F60+'2'!F60+'3'!F60+'4'!F60+'5'!F60+'6'!F60+'7'!F60+'8'!F60+'9'!F60+'10'!F60+'11'!F60+'12'!F60+'13'!F60+'14'!F60+'15'!F60+'16'!F60+'17'!F60+'18'!F60+'19'!F60+'20'!F60+'21'!F60+'22'!F60+'23'!F60+'24'!F60+'25'!F60+'26'!F60+'27'!F60+'28'!F60+'29'!F60+'30'!F60+'31.'!F60 -> 6 | G60: =+'1'!G60+'2'!G60+'3'!G60+'4'!G60+'5'!G60+'6'!G60+'7'!G60+'8'!G60+'9'!G60+'10'!G60+'11'!G60+'12'!G60+'13'!G60+'14'!G60+'15'!G60+'16'!G60+'17'!G60+'18'!G60+'19'!G60+'20'!G60+'21'!G60+'22'!G60+'23'!G60+'24'!G60+'25'!G60+'26'!G60+'27'!G60+'28'!G60+'29'!G60+'30'!G60+'31.'!G60 -> 0 | H60: =C60+D60-F60-I60-G60 -> -3 | I60: =+'1'!I60+'2'!I60+'3'!I60+'4'!I60+'5'!I60+'6'!I60+'7'!I60+'8'!I60+'9'!I60+'10'!I60+'11'!I60+'12'!I60+'13'!I60+'14'!I60+'15'!I60+'16'!I60+'17'!I60+'18'!I60+'19'!I60+'20'!I60+'21'!I60+'22'!I60+'23'!I60+'24'!I60+'25'!I60+'26'!I60+'27'!I60+'28'!I60+'29'!I60+'30'!I60+'31.'!I60 -> 5 | J60: 50 | K60: =+'1'!K60+'2'!K60+'3'!K60+'4'!K60+'5'!K60+'6'!K60+'7'!K60+'8'!K60+'9'!K60+'10'!K60+'11'!K60+'12'!K60+'13'!K60+'14'!K60+'15'!K60+'16'!K60+'17'!K60+'18'!K60+'19'!K60+'20'!K60+'21'!K60+'22'!K60+'23'!K60+'24'!K60+'25'!K60+'26'!K60+'27'!K60+'28'!K60+'29'!K60+'30'!K60+'31.'!K60 -> 250 | N60: =+I60*M60 -> 0
A61: 57 | B61: โบราณผลไม้ 4 ชิ้น วรรณวนัช | C61: =+ยกมา!H60 -> 6 | D61: ='1'!D61+'2'!D61+'3'!D61+'4'!D61+'5'!D61+'6'!D61+'7'!D61+'8'!D61+'9'!D61+'10'!D61+'11'!D61+'12'!D61+'13'!D61+'14'!D61+'15'!D61+'16'!D61+'17'!D61+'18'!D61+'19'!D61+'20'!D61+'21'!D61+'22'!D61+'23'!D61+'24'!D61+'25'!D61+'26'!D61+'27'!D61+'28'!D61+'29'!D61+'30'!D61+'31.'!D61 -> 11 | E61: =+C61+D61 -> 17 | F61: =+'1'!F61+'2'!F61+'3'!F61+'4'!F61+'5'!F61+'6'!F61+'7'!F61+'8'!F61+'9'!F61+'10'!F61+'11'!F61+'12'!F61+'13'!F61+'14'!F61+'15'!F61+'16'!F61+'17'!F61+'18'!F61+'19'!F61+'20'!F61+'21'!F61+'22'!F61+'23'!F61+'24'!F61+'25'!F61+'26'!F61+'27'!F61+'28'!F61+'29'!F61+'30'!F61+'31.'!F61 -> 4 | G61: =+'1'!G61+'2'!G61+'3'!G61+'4'!G61+'5'!G61+'6'!G61+'7'!G61+'8'!G61+'9'!G61+'10'!G61+'11'!G61+'12'!G61+'13'!G61+'14'!G61+'15'!G61+'16'!G61+'17'!G61+'18'!G61+'19'!G61+'20'!G61+'21'!G61+'22'!G61+'23'!G61+'24'!G61+'25'!G61+'26'!G61+'27'!G61+'28'!G61+'29'!G61+'30'!G61+'31.'!G61 -> 0 | H61: =C61+D61-F61-I61-G61 -> 3 | I61: =+'1'!I61+'2'!I61+'3'!I61+'4'!I61+'5'!I61+'6'!I61+'7'!I61+'8'!I61+'9'!I61+'10'!I61+'11'!I61+'12'!I61+'13'!I61+'14'!I61+'15'!I61+'16'!I61+'17'!I61+'18'!I61+'19'!I61+'20'!I61+'21'!I61+'22'!I61+'23'!I61+'24'!I61+'25'!I61+'26'!I61+'27'!I61+'28'!I61+'29'!I61+'30'!I61+'31.'!I61 -> 10 | J61: 50 | K61: =+'1'!K61+'2'!K61+'3'!K61+'4'!K61+'5'!K61+'6'!K61+'7'!K61+'8'!K61+'9'!K61+'10'!K61+'11'!K61+'12'!K61+'13'!K61+'14'!K61+'15'!K61+'16'!K61+'17'!K61+'18'!K61+'19'!K61+'20'!K61+'21'!K61+'22'!K61+'23'!K61+'24'!K61+'25'!K61+'26'!K61+'27'!K61+'28'!K61+'29'!K61+'30'!K61+'31.'!K61 -> 500 | N61: =+I61*M61 -> 0
A62: 58 | B62: โบราณครีม 6 ชิ้น | C62: =+ยกมา!H61 -> 3 | D62: ='1'!D62+'2'!D62+'3'!D62+'4'!D62+'5'!D62+'6'!D62+'7'!D62+'8'!D62+'9'!D62+'10'!D62+'11'!D62+'12'!D62+'13'!D62+'14'!D62+'15'!D62+'16'!D62+'17'!D62+'18'!D62+'19'!D62+'20'!D62+'21'!D62+'22'!D62+'23'!D62+'24'!D62+'25'!D62+'26'!D62+'27'!D62+'28'!D62+'29'!D62+'30'!D62+'31.'!D62 -> 0 | E62: =+C62+D62 -> 3 | F62: =+'1'!F62+'2'!F62+'3'!F62+'4'!F62+'5'!F62+'6'!F62+'7'!F62+'8'!F62+'9'!F62+'10'!F62+'11'!F62+'12'!F62+'13'!F62+'14'!F62+'15'!F62+'16'!F62+'17'!F62+'18'!F62+'19'!F62+'20'!F62+'21'!F62+'22'!F62+'23'!F62+'24'!F62+'25'!F62+'26'!F62+'27'!F62+'28'!F62+'29'!F62+'30'!F62+'31.'!F62 -> 0 | G62: =+'1'!G62+'2'!G62+'3'!G62+'4'!G62+'5'!G62+'6'!G62+'7'!G62+'8'!G62+'9'!G62+'10'!G62+'11'!G62+'12'!G62+'13'!G62+'14'!G62+'15'!G62+'16'!G62+'17'!G62+'18'!G62+'19'!G62+'20'!G62+'21'!G62+'22'!G62+'23'!G62+'24'!G62+'25'!G62+'26'!G62+'27'!G62+'28'!G62+'29'!G62+'30'!G62+'31.'!G62 -> 0 | H62: =C62+D62-F62-I62-G62 -> 3 | I62: =+'1'!I62+'2'!I62+'3'!I62+'4'!I62+'5'!I62+'6'!I62+'7'!I62+'8'!I62+'9'!I62+'10'!I62+'11'!I62+'12'!I62+'13'!I62+'14'!I62+'15'!I62+'16'!I62+'17'!I62+'18'!I62+'19'!I62+'20'!I62+'21'!I62+'22'!I62+'23'!I62+'24'!I62+'25'!I62+'26'!I62+'27'!I62+'28'!I62+'29'!I62+'30'!I62+'31.'!I62 -> 0 | J62: 70 | K62: =+'1'!K62+'2'!K62+'3'!K62+'4'!K62+'5'!K62+'6'!K62+'7'!K62+'8'!K62+'9'!K62+'10'!K62+'11'!K62+'12'!K62+'13'!K62+'14'!K62+'15'!K62+'16'!K62+'17'!K62+'18'!K62+'19'!K62+'20'!K62+'21'!K62+'22'!K62+'23'!K62+'24'!K62+'25'!K62+'26'!K62+'27'!K62+'28'!K62+'29'!K62+'30'!K62+'31.'!K62 -> 0 | N62: =+I62*M62 -> 0
... A83: 79 | B83: เค้กสามเหลี่ยมรสฝอยทองใบเตย | C83: =+ยกมา!H82 -> 0 | D83: ='1'!D83+'2'!D83+'3'!D83+'4'!D83+'5'!D83+'6'!D83+'7'!D83+'8'!D83+'9'!D83+'10'!D83+'11'!D83+'12'!D83+'13'!D83+'14'!D83+'15'!D83+'16'!D83+'17'!D83+'18'!D83+'19'!D83+'20'!D83+'21'!D83+'22'!D83+'23'!D83+'24'!D83+'25'!D83+'26'!D83+'27'!D83+'28'!D83+'29'!D83+'30'!D83+'31.'!D83 -> 0 | E83: =+C83+D83 -> 0 | F83: =+'1'!F83+'2'!F83+'3'!F83+'4'!F83+'5'!F83+'6'!F83+'7'!F83+'8'!F83+'9'!F83+'10'!F83+'11'!F83+'12'!F83+'13'!F83+'14'!F83+'15'!F83+'16'!F83+'17'!F83+'18'!F83+'19'!F83+'20'!F83+'21'!F83+'22'!F83+'23'!F83+'24'!F83+'25'!F83+'26'!F83+'27'!F83+'28'!F83+'29'!F83+'30'!F83+'31.'!F83 -> 0 | G83: =+'1'!G83+'2'!G83+'3'!G83+'4'!G83+'5'!G83+'6'!G83+'7'!G83+'8'!G83+'9'!G83+'10'!G83+'11'!G83+'12'!G83+'13'!G83+'14'!G83+'15'!G83+'16'!G83+'17'!G83+'18'!G83+'19'!G83+'20'!G83+'21'!G83+'22'!G83+'23'!G83+'24'!G83+'25'!G83+'26'!G83+'27'!G83+'28'!G83+'29'!G83+'30'!G83+'31.'!G83 -> 0 | H83: =C83+D83-F83-I83-G83 -> 0 | I83: =+'1'!I83+'2'!I83+'3'!I83+'4'!I83+'5'!I83+'6'!I83+'7'!I83+'8'!I83+'9'!I83+'10'!I83+'11'!I83+'12'!I83+'13'!I83+'14'!I83+'15'!I83+'16'!I83+'17'!I83+'18'!I83+'19'!I83+'20'!I83+'21'!I83+'22'!I83+'23'!I83+'24'!I83+'25'!I83+'26'!I83+'27'!I83+'28'!I83+'29'!I83+'30'!I83+'31.'!I83 -> 0 | J83: 35 | K83: =+'1'!K83+'2'!K83+'3'!K83+'4'!K83+'5'!K83+'6'!K83+'7'!K83+'8'!K83+'9'!K83+'10'!K83+'11'!K83+'12'!K83+'13'!K83+'14'!K83+'15'!K83+'16'!K83+'17'!K83+'18'!K83+'19'!K83+'20'!K83+'21'!K83+'22'!K83+'23'!K83+'24'!K83+'25'!K83+'26'!K83+'27'!K83+'28'!K83+'29'!K83+'30'!K83+'31.'!K83 -> 0 | N83: =+I83*M83 -> 0
A84: 80 | B84: เค้กมะพร้าวอ่อน 1/2 ปอนด์ | C84: =+ยกมา!H85 -> 10 | D84: ='1'!D84+'2'!D84+'3'!D84+'4'!D84+'5'!D84+'6'!D84+'7'!D84+'8'!D84+'9'!D84+'10'!D84+'11'!D84+'12'!D84+'13'!D84+'14'!D84+'15'!D84+'16'!D84+'17'!D84+'18'!D84+'19'!D84+'20'!D84+'21'!D84+'22'!D84+'23'!D84+'24'!D84+'25'!D84+'26'!D84+'27'!D84+'28'!D84+'29'!D84+'30'!D84+'31.'!D84 -> 0 | E84: =+C84+D84 -> 10 | F84: =+'1'!F84+'2'!F84+'3'!F84+'4'!F84+'5'!F84+'6'!F84+'7'!F84+'8'!F84+'9'!F84+'10'!F84+'11'!F84+'12'!F84+'13'!F84+'14'!F84+'15'!F84+'16'!F84+'17'!F84+'18'!F84+'19'!F84+'20'!F84+'21'!F84+'22'!F84+'23'!F84+'24'!F84+'25'!F84+'26'!F84+'27'!F84+'28'!F84+'29'!F84+'30'!F84+'31.'!F84 -> 0 | G84: =+'1'!G84+'2'!G84+'3'!G84+'4'!G84+'5'!G84+'6'!G84+'7'!G84+'8'!G84+'9'!G84+'10'!G84+'11'!G84+'12'!G84+'13'!G84+'14'!G84+'15'!G84+'16'!G84+'17'!G84+'18'!G84+'19'!G84+'20'!G84+'21'!G84+'22'!G84+'23'!G84+'24'!G84+'25'!G84+'26'!G84+'27'!G84+'28'!G84+'29'!G84+'30'!G84+'31.'!G84 -> 0 | H84: =C84+D84-F84-I84-G84 -> 10 | I84: =+'1'!I84+'2'!I84+'3'!I84+'4'!I84+'5'!I84+'6'!I84+'7'!I84+'8'!I84+'9'!I84+'10'!I84+'11'!I84+'12'!I84+'13'!I84+'14'!I84+'15'!I84+'16'!I84+'17'!I84+'18'!I84+'19'!I84+'20'!I84+'21'!I84+'22'!I84+'23'!I84+'24'!I84+'25'!I84+'26'!I84+'27'!I84+'28'!I84+'29'!I84+'30'!I84+'31.'!I84 -> 0 | K84: =+'1'!K84+'2'!K84+'3'!K84+'4'!K84+'5'!K84+'6'!K84+'7'!K84+'8'!K84+'9'!K84+'10'!K84+'11'!K84+'12'!K84+'13'!K84+'14'!K84+'15'!K84+'16'!K84+'17'!K84+'18'!K84+'19'!K84+'20'!K84+'21'!K84+'22'!K84+'23'!K84+'24'!K84+'25'!K84+'26'!K84+'27'!K84+'28'!K84+'29'!K84+'30'!K84+'31.'!K84 -> 0 | N84: =+I84*M84 -> 0
A85: 81 | B85: เค้กวันเกิด 1/2 ปอนด์ | C85: =+ยกมา!H86 -> 3 | D85: ='1'!D85+'2'!D85+'3'!D85+'4'!D85+'5'!D85+'6'!D85+'7'!D85+'8'!D85+'9'!D85+'10'!D85+'11'!D85+'12'!D85+'13'!D85+'14'!D85+'15'!D85+'16'!D85+'17'!D85+'18'!D85+'19'!D85+'20'!D85+'21'!D85+'22'!D85+'23'!D85+'24'!D85+'25'!D85+'26'!D85+'27'!D85+'28'!D85+'29'!D85+'30'!D85+'31.'!D85 -> 74 | E85: =+C85+D85 -> 77 | F85: =+'1'!F85+'2'!F85+'3'!F85+'4'!F85+'5'!F85+'6'!F85+'7'!F85+'8'!F85+'9'!F85+'10'!F85+'11'!F85+'12'!F85+'13'!F85+'14'!F85+'15'!F85+'16'!F85+'17'!F85+'18'!F85+'19'!F85+'20'!F85+'21'!F85+'22'!F85+'23'!F85+'24'!F85+'25'!F85+'26'!F85+'27'!F85+'28'!F85+'29'!F85+'30'!F85+'31.'!F85 -> 0 | G85: =+'1'!G85+'2'!G85+'3'!G85+'4'!G85+'5'!G85+'6'!G85+'7'!G85+'8'!G85+'9'!G85+'10'!G85+'11'!G85+'12'!G85+'13'!G85+'14'!G85+'15'!G85+'16'!G85+'17'!G85+'18'!G85+'19'!G85+'20'!G85+'21'!G85+'22'!G85+'23'!G85+'24'!G85+'25'!G85+'26'!G85+'27'!G85+'28'!G85+'29'!G85+'30'!G85+'31.'!G85 -> 0 | H85: =C85+D85-F85-I85-G85 -> 6 | I85: =+'1'!I85+'2'!I85+'3'!I85+'4'!I85+'5'!I85+'6'!I85+'7'!I85+'8'!I85+'9'!I85+'10'!I85+'11'!I85+'12'!I85+'13'!I85+'14'!I85+'15'!I85+'16'!I85+'17'!I85+'18'!I85+'19'!I85+'20'!I85+'21'!I85+'22'!I85+'23'!I85+'24'!I85+'25'!I85+'26'!I85+'27'!I85+'28'!I85+'29'!I85+'30'!I85+'31.'!I85 -> 71 | J85: 120 | K85: =+'1'!K85+'2'!K85+'3'!K85+'4'!K85+'5'!K85+'6'!K85+'7'!K85+'8'!K85+'9'!K85+'10'!K85+'11'!K85+'12'!K85+'13'!K85+'14'!K85+'15'!K85+'16'!K85+'17'!K85+'18'!K85+'19'!K85+'20'!K85+'21'!K85+'22'!K85+'23'!K85+'24'!K85+'25'!K85+'26'!K85+'27'!K85+'28'!K85+'29'!K85+'30'!K85+'31.'!K85 -> 8520 | N85: =+I85*M85 -> 0
A86: 82 | B86: เค้กวันเกิด 1 ปอนด์ | C86: =+ยกมา!H88 -> 0 | D86: ='1'!D86+'2'!D86+'3'!D86+'4'!D86+'5'!D86+'6'!D86+'7'!D86+'8'!D86+'9'!D86+'10'!D86+'11'!D86+'12'!D86+'13'!D86+'14'!D86+'15'!D86+'16'!D86+'17'!D86+'18'!D86+'19'!D86+'20'!D86+'21'!D86+'22'!D86+'23'!D86+'24'!D86+'25'!D86+'26'!D86+'27'!D86+'28'!D86+'29'!D86+'30'!D86+'31.'!D86 -> 26 | E86: =+C86+D86 -> 26 | F86: =+'1'!F86+'2'!F86+'3'!F86+'4'!F86+'5'!F86+'6'!F86+'7'!F86+'8'!F86+'9'!F86+'10'!F86+'11'!F86+'12'!F86+'13'!F86+'14'!F86+'15'!F86+'16'!F86+'17'!F86+'18'!F86+'19'!F86+'20'!F86+'21'!F86+'22'!F86+'23'!F86+'24'!F86+'25'!F86+'26'!F86+'27'!F86+'28'!F86+'29'!F86+'30'!F86+'31.'!F86 -> 0 | G86: =+'1'!G86+'2'!G86+'3'!G86+'4'!G86+'5'!G86+'6'!G86+'7'!G86+'8'!G86+'9'!G86+'10'!G86+'11'!G86+'12'!G86+'13'!G86+'14'!G86+'15'!G86+'16'!G86+'17'!G86+'18'!G86+'19'!G86+'20'!G86+'21'!G86+'22'!G86+'23'!G86+'24'!G86+'25'!G86+'26'!G86+'27'!G86+'28'!G86+'29'!G86+'30'!G86+'31.'!G86 -> 0 | H86: =C86+D86-F86-I86-G86 -> 1 | I86: =+'1'!I86+'2'!I86+'3'!I86+'4'!I86+'5'!I86+'6'!I86+'7'!I86+'8'!I86+'9'!I86+'10'!I86+'11'!I86+'12'!I86+'13'!I86+'14'!I86+'15'!I86+'16'!I86+'17'!I86+'18'!I86+'19'!I86+'20'!I86+'21'!I86+'22'!I86+'23'!I86+'24'!I86+'25'!I86+'26'!I86+'27'!I86+'28'!I86+'29'!I86+'30'!I86+'31.'!I86 -> 25 | J86: 250 | K86: =+'1'!K86+'2'!K86+'3'!K86+'4'!K86+'5'!K86+'6'!K86+'7'!K86+'8'!K86+'9'!K86+'10'!K86+'11'!K86+'12'!K86+'13'!K86+'14'!K86+'15'!K86+'16'!K86+'17'!K86+'18'!K86+'19'!K86+'20'!K86+'21'!K86+'22'!K86+'23'!K86+'24'!K86+'25'!K86+'26'!K86+'27'!K86+'28'!K86+'29'!K86+'30'!K86+'31.'!K86 -> 6250 | N86: =+I86*M86 -> 0
A87: 83 | B87: ท๊อฟฟี่ถั่ว (กระเช้า) | C87: =+ยกมา!H87 -> 3 | D87: ='1'!D87+'2'!D87+'3'!D87+'4'!D87+'5'!D87+'6'!D87+'7'!D87+'8'!D87+'9'!D87+'10'!D87+'11'!D87+'12'!D87+'13'!D87+'14'!D87+'15'!D87+'16'!D87+'17'!D87+'18'!D87+'19'!D87+'20'!D87+'21'!D87+'22'!D87+'23'!D87+'24'!D87+'25'!D87+'26'!D87+'27'!D87+'28'!D87+'29'!D87+'30'!D87+'31.'!D87 -> 10 | E87: =+C87+D87 -> 13 | F87: =+'1'!F87+'2'!F87+'3'!F87+'4'!F87+'5'!F87+'6'!F87+'7'!F87+'8'!F87+'9'!F87+'10'!F87+'11'!F87+'12'!F87+'13'!F87+'14'!F87+'15'!F87+'16'!F87+'17'!F87+'18'!F87+'19'!F87+'20'!F87+'21'!F87+'22'!F87+'23'!F87+'24'!F87+'25'!F87+'26'!F87+'27'!F87+'28'!F87+'29'!F87+'30'!F87+'31.'!F87 -> 0 | G87: =+'1'!G87+'2'!G87+'3'!G87+'4'!G87+'5'!G87+'6'!G87+'7'!G87+'8'!G87+'9'!G87+'10'!G87+'11'!G87+'12'!G87+'13'!G87+'14'!G87+'15'!G87+'16'!G87+'17'!G87+'18'!G87+'19'!G87+'20'!G87+'21'!G87+'22'!G87+'23'!G87+'24'!G87+'25'!G87+'26'!G87+'27'!G87+'28'!G87+'29'!G87+'30'!G87+'31.'!G87 -> 0 | H87: =C87+D87-F87-I87-G87 -> 8 | I87: =+'1'!I87+'2'!I87+'3'!I87+'4'!I87+'5'!I87+'6'!I87+'7'!I87+'8'!I87+'9'!I87+'10'!I87+'11'!I87+'12'!I87+'13'!I87+'14'!I87+'15'!I87+'16'!I87+'17'!I87+'18'!I87+'19'!I87+'20'!I87+'21'!I87+'22'!I87+'23'!I87+'24'!I87+'25'!I87+'26'!I87+'27'!I87+'28'!I87+'29'!I87+'30'!I87+'31.'!I87 -> 5 | J87: 100 | K87: =+'1'!K87+'2'!K87+'3'!K87+'4'!K87+'5'!K87+'6'!K87+'7'!K87+'8'!K87+'9'!K87+'10'!K87+'11'!K87+'12'!K87+'13'!K87+'14'!K87+'15'!K87+'16'!K87+'17'!K87+'18'!K87+'19'!K87+'20'!K87+'21'!K87+'22'!K87+'23'!K87+'24'!K87+'25'!K87+'26'!K87+'27'!K87+'28'!K87+'29'!K87+'30'!K87+'31.'!K87 -> 500 | N87: =+I87*M87 -> 0
A88: 84 | B88: ท๊อฟฟี่ถั่ว (กล่อง) | C88: =+ยกมา!H89 -> 0 | D88: ='1'!D88+'2'!D88+'3'!D88+'4'!D88+'5'!D88+'6'!D88+'7'!D88+'8'!D88+'9'!D88+'10'!D88+'11'!D88+'12'!D88+'13'!D88+'14'!D88+'15'!D88+'16'!D88+'17'!D88+'18'!D88+'19'!D88+'20'!D88+'21'!D88+'22'!D88+'23'!D88+'24'!D88+'25'!D88+'26'!D88+'27'!D88+'28'!D88+'29'!D88+'30'!D88+'31.'!D88 -> 0 | E88: =+C88+D88 -> 0 | F88: =+'1'!F88+'2'!F88+'3'!F88+'4'!F88+'5'!F88+'6'!F88+'7'!F88+'8'!F88+'9'!F88+'10'!F88+'11'!F88+'12'!F88+'13'!F88+'14'!F88+'15'!F88+'16'!F88+'17'!F88+'18'!F88+'19'!F88+'20'!F88+'21'!F88+'22'!F88+'23'!F88+'24'!F88+'25'!F88+'26'!F88+'27'!F88+'28'!F88+'29'!F88+'30'!F88+'31.'!F88 -> 0 | G88: =+'1'!G88+'2'!G88+'3'!G88+'4'!G88+'5'!G88+'6'!G88+'7'!G88+'8'!G88+'9'!G88+'10'!G88+'11'!G88+'12'!G88+'13'!G88+'14'!G88+'15'!G88+'16'!G88+'17'!G88+'18'!G88+'19'!G88+'20'!G88+'21'!G88+'22'!G88+'23'!G88+'24'!G88+'25'!G88+'26'!G88+'27'!G88+'28'!G88+'29'!G88+'30'!G88+'31.'!G88 -> 0 | H88: =C88+D88-F88-I88-G88 -> 0 | I88: =+'1'!I88+'2'!I88+'3'!I88+'4'!I88+'5'!I88+'6'!I88+'7'!I88+'8'!I88+'9'!I88+'10'!I88+'11'!I88+'12'!I88+'13'!I88+'14'!I88+'15'!I88+'16'!I88+'17'!I88+'18'!I88+'19'!I88+'20'!I88+'21'!I88+'22'!I88+'23'!I88+'24'!I88+'25'!I88+'26'!I88+'27'!I88+'28'!I88+'29'!I88+'30'!I88+'31.'!I88 -> 0 | J88: 55 | K88: =+'1'!K88+'2'!K88+'3'!K88+'4'!K88+'5'!K88+'6'!K88+'7'!K88+'8'!K88+'9'!K88+'10'!K88+'11'!K88+'12'!K88+'13'!K88+'14'!K88+'15'!K88+'16'!K88+'17'!K88+'18'!K88+'19'!K88+'20'!K88+'21'!K88+'22'!K88+'23'!K88+'24'!K88+'25'!K88+'26'!K88+'27'!K88+'28'!K88+'29'!K88+'30'!K88+'31.'!K88 -> 0 | N88: =+I88*M88 -> 0
A89: 85 | B89: คอนเฟลกคาราเมล | C89: =+ยกมา!H90 -> 6 | D89: ='1'!D89+'2'!D89+'3'!D89+'4'!D89+'5'!D89+'6'!D89+'7'!D89+'8'!D89+'9'!D89+'10'!D89+'11'!D89+'12'!D89+'13'!D89+'14'!D89+'15'!D89+'16'!D89+'17'!D89+'18'!D89+'19'!D89+'20'!D89+'21'!D89+'22'!D89+'23'!D89+'24'!D89+'25'!D89+'26'!D89+'27'!D89+'28'!D89+'29'!D89+'30'!D89+'31.'!D89 -> 10 | E89: =+C89+D89 -> 16 | F89: =+'1'!F89+'2'!F89+'3'!F89+'4'!F89+'5'!F89+'6'!F89+'7'!F89+'8'!F89+'9'!F89+'10'!F89+'11'!F89+'12'!F89+'13'!F89+'14'!F89+'15'!F89+'16'!F89+'17'!F89+'18'!F89+'19'!F89+'20'!F89+'21'!F89+'22'!F89+'23'!F89+'24'!F89+'25'!F89+'26'!F89+'27'!F89+'28'!F89+'29'!F89+'30'!F89+'31.'!F89 -> 0 | G89: =+'1'!G89+'2'!G89+'3'!G89+'4'!G89+'5'!G89+'6'!G89+'7'!G89+'8'!G89+'9'!G89+'10'!G89+'11'!G89+'12'!G89+'13'!G89+'14'!G89+'15'!G89+'16'!G89+'17'!G89+'18'!G89+'19'!G89+'20'!G89+'21'!G89+'22'!G89+'23'!G89+'24'!G89+'25'!G89+'26'!G89+'27'!G89+'28'!G89+'29'!G89+'30'!G89+'31.'!G89 -> 0 | H89: =C89+D89-F89-I89-G89 -> 14 | I89: =+'1'!I89+'2'!I89+'3'!I89+'4'!I89+'5'!I89+'6'!I89+'7'!I89+'8'!I89+'9'!I89+'10'!I89+'11'!I89+'12'!I89+'13'!I89+'14'!I89+'15'!I89+'16'!I89+'17'!I89+'18'!I89+'19'!I89+'20'!I89+'21'!I89+'22'!I89+'23'!I89+'24'!I89+'25'!I89+'26'!I89+'27'!I89+'28'!I89+'29'!I89+'30'!I89+'31.'!I89 -> 2 | J89: 60 | K89: =+'1'!K89+'2'!K89+'3'!K89+'4'!K89+'5'!K89+'6'!K89+'7'!K89+'8'!K89+'9'!K89+'10'!K89+'11'!K89+'12'!K89+'13'!K89+'14'!K89+'15'!K89+'16'!K89+'17'!K89+'18'!K89+'19'!K89+'20'!K89+'21'!K89+'22'!K89+'23'!K89+'24'!K89+'25'!K89+'26'!K89+'27'!K89+'28'!K89+'29'!K89+'30'!K89+'31.'!K89 -> 120 | N89: =+I89*M89 -> 0
A90: 86 | B90: เมอร์แรง ถุง | C90: =+ยกมา!H91 -> 0 | D90: ='1'!D90+'2'!D90+'3'!D90+'4'!D90+'5'!D90+'6'!D90+'7'!D90+'8'!D90+'9'!D90+'10'!D90+'11'!D90+'12'!D90+'13'!D90+'14'!D90+'15'!D90+'16'!D90+'17'!D90+'18'!D90+'19'!D90+'20'!D90+'21'!D90+'22'!D90+'23'!D90+'24'!D90+'25'!D90+'26'!D90+'27'!D90+'28'!D90+'29'!D90+'30'!D90+'31.'!D90 -> 5 | E90: =+C90+D90 -> 5 | F90: =+'1'!F90+'2'!F90+'3'!F90+'4'!F90+'5'!F90+'6'!F90+'7'!F90+'8'!F90+'9'!F90+'10'!F90+'11'!F90+'12'!F90+'13'!F90+'14'!F90+'15'!F90+'16'!F90+'17'!F90+'18'!F90+'19'!F90+'20'!F90+'21'!F90+'22'!F90+'23'!F90+'24'!F90+'25'!F90+'26'!F90+'27'!F90+'28'!F90+'29'!F90+'30'!F90+'31.'!F90 -> 0 | G90: =+'1'!G90+'2'!G90+'3'!G90+'4'!G90+'5'!G90+'6'!G90+'7'!G90+'8'!G90+'9'!G90+'10'!G90+'11'!G90+'12'!G90+'13'!G90+'14'!G90+'15'!G90+'16'!G90+'17'!G90+'18'!G90+'19'!G90+'20'!G90+'21'!G90+'22'!G90+'23'!G90+'24'!G90+'25'!G90+'26'!G90+'27'!G90+'28'!G90+'29'!G90+'30'!G90+'31.'!G90 -> 0 | H90: =C90+D90-F90-I90-G90 -> -4 | I90: =+'1'!I90+'2'!I90+'3'!I90+'4'!I90+'5'!I90+'6'!I90+'7'!I90+'8'!I90+'9'!I90+'10'!I90+'11'!I90+'12'!I90+'13'!I90+'14'!I90+'15'!I90+'16'!I90+'17'!I90+'18'!I90+'19'!I90+'20'!I90+'21'!I90+'22'!I90+'23'!I90+'24'!I90+'25'!I90+'26'!I90+'27'!I90+'28'!I90+'29'!I90+'30'!I90+'31.'!I90 -> 9 | J90: 100 | K90: =+'1'!K90+'2'!K90+'3'!K90+'4'!K90+'5'!K90+'6'!K90+'7'!K90+'8'!K90+'9'!K90+'10'!K90+'11'!K90+'12'!K90+'13'!K90+'14'!K90+'15'!K90+'16'!K90+'17'!K90+'18'!K90+'19'!K90+'20'!K90+'21'!K90+'22'!K90+'23'!K90+'24'!K90+'25'!K90+'26'!K90+'27'!K90+'28'!K90+'29'!K90+'30'!K90+'31.'!K90 -> 900 | N90: =+I90*M90 -> 0
A91: 87 | B91: เมอร์แรง กระปุก | C91: =+ยกมา!H92 -> 0 | D91: ='1'!D91+'2'!D91+'3'!D91+'4'!D91+'5'!D91+'6'!D91+'7'!D91+'8'!D91+'9'!D91+'10'!D91+'11'!D91+'12'!D91+'13'!D91+'14'!D91+'15'!D91+'16'!D91+'17'!D91+'18'!D91+'19'!D91+'20'!D91+'21'!D91+'22'!D91+'23'!D91+'24'!D91+'25'!D91+'26'!D91+'27'!D91+'28'!D91+'29'!D91+'30'!D91+'31.'!D91 -> 0 | E91: =+C91+D91 -> 0 | F91: =+'1'!F91+'2'!F91+'3'!F91+'4'!F91+'5'!F91+'6'!F91+'7'!F91+'8'!F91+'9'!F91+'10'!F91+'11'!F91+'12'!F91+'13'!F91+'14'!F91+'15'!F91+'16'!F91+'17'!F91+'18'!F91+'19'!F91+'20'!F91+'21'!F91+'22'!F91+'23'!F91+'24'!F91+'25'!F91+'26'!F91+'27'!F91+'28'!F91+'29'!F91+'30'!F91+'31.'!F91 -> 0 | G91: =+'1'!G91+'2'!G91+'3'!G91+'4'!G91+'5'!G91+'6'!G91+'7'!G91+'8'!G91+'9'!G91+'10'!G91+'11'!G91+'12'!G91+'13'!G91+'14'!G91+'15'!G91+'16'!G91+'17'!G91+'18'!G91+'19'!G91+'20'!G91+'21'!G91+'22'!G91+'23'!G91+'24'!G91+'25'!G91+'26'!G91+'27'!G91+'28'!G91+'29'!G91+'30'!G91+'31.'!G91 -> 0 | H91: =C91+D91-F91-I91-G91 -> 0 | I91: =+'1'!I91+'2'!I91+'3'!I91+'4'!I91+'5'!I91+'6'!I91+'7'!I91+'8'!I91+'9'!I91+'10'!I91+'11'!I91+'12'!I91+'13'!I91+'14'!I91+'15'!I91+'16'!I91+'17'!I91+'18'!I91+'19'!I91+'20'!I91+'21'!I91+'22'!I91+'23'!I91+'24'!I91+'25'!I91+'26'!I91+'27'!I91+'28'!I91+'29'!I91+'30'!I91+'31.'!I91 -> 0 | J91: 55 | K91: =+'1'!K91+'2'!K91+'3'!K91+'4'!K91+'5'!K91+'6'!K91+'7'!K91+'8'!K91+'9'!K91+'10'!K91+'11'!K91+'12'!K91+'13'!K91+'14'!K91+'15'!K91+'16'!K91+'17'!K91+'18'!K91+'19'!K91+'20'!K91+'21'!K91+'22'!K91+'23'!K91+'24'!K91+'25'!K91+'26'!K91+'27'!K91+'28'!K91+'29'!K91+'30'!K91+'31.'!K91 -> 0 | N91: =+I91*M91 -> 0
A92: 88 | B92: เครปโรลฝอยทอง วนิลา | C92: =+ยกมา!H93 -> 0 | D92: ='1'!D92+'2'!D92+'3'!D92+'4'!D92+'5'!D92+'6'!D92+'7'!D92+'8'!D92+'9'!D92+'10'!D92+'11'!D92+'12'!D92+'13'!D92+'14'!D92+'15'!D92+'16'!D92+'17'!D92+'18'!D92+'19'!D92+'20'!D92+'21'!D92+'22'!D92+'23'!D92+'24'!D92+'25'!D92+'26'!D92+'27'!D92+'28'!D92+'29'!D92+'30'!D92+'31.'!D92 -> 3 | E92: =+C92+D92 -> 3 | F92: =+'1'!F92+'2'!F92+'3'!F92+'4'!F92+'5'!F92+'6'!F92+'7'!F92+'8'!F92+'9'!F92+'10'!F92+'11'!F92+'12'!F92+'13'!F92+'14'!F92+'15'!F92+'16'!F92+'17'!F92+'18'!F92+'19'!F92+'20'!F92+'21'!F92+'22'!F92+'23'!F92+'24'!F92+'25'!F92+'26'!F92+'27'!F92+'28'!F92+'29'!F92+'30'!F92+'31.'!F92 -> 0 | G92: =+'1'!G92+'2'!G92+'3'!G92+'4'!G92+'5'!G92+'6'!G92+'7'!G92+'8'!G92+'9'!G92+'10'!G92+'11'!G92+'12'!G92+'13'!G92+'14'!G92+'15'!G92+'16'!G92+'17'!G92+'18'!G92+'19'!G92+'20'!G92+'21'!G92+'22'!G92+'23'!G92+'24'!G92+'25'!G92+'26'!G92+'27'!G92+'28'!G92+'29'!G92+'30'!G92+'31.'!G92 -> 0 | H92: =C92+D92-F92-I92-G92 -> 3 | I92: =+'1'!I92+'2'!I92+'3'!I92+'4'!I92+'5'!I92+'6'!I92+'7'!I92+'8'!I92+'9'!I92+'10'!I92+'11'!I92+'12'!I92+'13'!I92+'14'!I92+'15'!I92+'16'!I92+'17'!I92+'18'!I92+'19'!I92+'20'!I92+'21'!I92+'22'!I92+'23'!I92+'24'!I92+'25'!I92+'26'!I92+'27'!I92+'28'!I92+'29'!I92+'30'!I92+'31.'!I92 -> 0 | J92: 50 | K92: =+'1'!K92+'2'!K92+'3'!K92+'4'!K92+'5'!K92+'6'!K92+'7'!K92+'8'!K92+'9'!K92+'10'!K92+'11'!K92+'12'!K92+'13'!K92+'14'!K92+'15'!K92+'16'!K92+'17'!K92+'18'!K92+'19'!K92+'20'!K92+'21'!K92+'22'!K92+'23'!K92+'24'!K92+'25'!K92+'26'!K92+'27'!K92+'28'!K92+'29'!K92+'30'!K92+'31.'!K92 -> 0 | N92: =+I92*M92 -> 0
A93: 89 | B93: เครปโรลฝอยทอง ใบเตย | C93: =+ยกมา!H94 -> 0 | D93: ='1'!D93+'2'!D93+'3'!D93+'4'!D93+'5'!D93+'6'!D93+'7'!D93+'8'!D93+'9'!D93+'10'!D93+'11'!D93+'12'!D93+'13'!D93+'14'!D93+'15'!D93+'16'!D93+'17'!D93+'18'!D93+'19'!D93+'20'!D93+'21'!D93+'22'!D93+'23'!D93+'24'!D93+'25'!D93+'26'!D93+'27'!D93+'28'!D93+'29'!D93+'30'!D93+'31.'!D93 -> 0 | E93: =+C93+D93 -> 0 | F93: =+'1'!F93+'2'!F93+'3'!F93+'4'!F93+'5'!F93+'6'!F93+'7'!F93+'8'!F93+'9'!F93+'10'!F93+'11'!F93+'12'!F93+'13'!F93+'14'!F93+'15'!F93+'16'!F93+'17'!F93+'18'!F93+'19'!F93+'20'!F93+'21'!F93+'22'!F93+'23'!F93+'24'!F93+'25'!F93+'26'!F93+'27'!F93+'28'!F93+'29'!F93+'30'!F93+'31.'!F93 -> 0 | G93: =+'1'!G93+'2'!G93+'3'!G93+'4'!G93+'5'!G93+'6'!G93+'7'!G93+'8'!G93+'9'!G93+'10'!G93+'11'!G93+'12'!G93+'13'!G93+'14'!G93+'15'!G93+'16'!G93+'17'!G93+'18'!G93+'19'!G93+'20'!G93+'21'!G93+'22'!G93+'23'!G93+'24'!G93+'25'!G93+'26'!G93+'27'!G93+'28'!G93+'29'!G93+'30'!G93+'31.'!G93 -> 0 | H93: =C93+D93-F93-I93-G93 -> 0 | I93: =+'1'!I93+'2'!I93+'3'!I93+'4'!I93+'5'!I93+'6'!I93+'7'!I93+'8'!I93+'9'!I93+'10'!I93+'11'!I93+'12'!I93+'13'!I93+'14'!I93+'15'!I93+'16'!I93+'17'!I93+'18'!I93+'19'!I93+'20'!I93+'21'!I93+'22'!I93+'23'!I93+'24'!I93+'25'!I93+'26'!I93+'27'!I93+'28'!I93+'29'!I93+'30'!I93+'31.'!I93 -> 0 | J93: 50 | K93: =+'1'!K93+'2'!K93+'3'!K93+'4'!K93+'5'!K93+'6'!K93+'7'!K93+'8'!K93+'9'!K93+'10'!K93+'11'!K93+'12'!K93+'13'!K93+'14'!K93+'15'!K93+'16'!K93+'17'!K93+'18'!K93+'19'!K93+'20'!K93+'21'!K93+'22'!K93+'23'!K93+'24'!K93+'25'!K93+'26'!K93+'27'!K93+'28'!K93+'29'!K93+'30'!K93+'31.'!K93 -> 0 | N93: =+I93*M93 -> 0
A94: 90 | B94: เครปเค้กคิทแคท | C94: =+ยกมา!H95 -> 0 | D94: ='1'!D94+'2'!D94+'3'!D94+'4'!D94+'5'!D94+'6'!D94+'7'!D94+'8'!D94+'9'!D94+'10'!D94+'11'!D94+'12'!D94+'13'!D94+'14'!D94+'15'!D94+'16'!D94+'17'!D94+'18'!D94+'19'!D94+'20'!D94+'21'!D94+'22'!D94+'23'!D94+'24'!D94+'25'!D94+'26'!D94+'27'!D94+'28'!D94+'29'!D94+'30'!D94+'31.'!D94 -> 0 | E94: =+C94+D94 -> 0 | F94: =+'1'!F94+'2'!F94+'3'!F94+'4'!F94+'5'!F94+'6'!F94+'7'!F94+'8'!F94+'9'!F94+'10'!F94+'11'!F94+'12'!F94+'13'!F94+'14'!F94+'15'!F94+'16'!F94+'17'!F94+'18'!F94+'19'!F94+'20'!F94+'21'!F94+'22'!F94+'23'!F94+'24'!F94+'25'!F94+'26'!F94+'27'!F94+'28'!F94+'29'!F94+'30'!F94+'31.'!F94 -> 0 | G94: =+'1'!G94+'2'!G94+'3'!G94+'4'!G94+'5'!G94+'6'!G94+'7'!G94+'8'!G94+'9'!G94+'10'!G94+'11'!G94+'12'!G94+'13'!G94+'14'!G94+'15'!G94+'16'!G94+'17'!G94+'18'!G94+'19'!G94+'20'!G94+'21'!G94+'22'!G94+'23'!G94+'24'!G94+'25'!G94+'26'!G94+'27'!G94+'28'!G94+'29'!G94+'30'!G94+'31.'!G94 -> 0 | H94: =C94+D94-F94-I94-G94 -> 0 | I94: =+'1'!I94+'2'!I94+'3'!I94+'4'!I94+'5'!I94+'6'!I94+'7'!I94+'8'!I94+'9'!I94+'10'!I94+'11'!I94+'12'!I94+'13'!I94+'14'!I94+'15'!I94+'16'!I94+'17'!I94+'18'!I94+'19'!I94+'20'!I94+'21'!I94+'22'!I94+'23'!I94+'24'!I94+'25'!I94+'26'!I94+'27'!I94+'28'!I94+'29'!I94+'30'!I94+'31.'!I94 -> 0 | J94: 35 | K94: =+'1'!K94+'2'!K94+'3'!K94+'4'!K94+'5'!K94+'6'!K94+'7'!K94+'8'!K94+'9'!K94+'10'!K94+'11'!K94+'12'!K94+'13'!K94+'14'!K94+'15'!K94+'16'!K94+'17'!K94+'18'!K94+'19'!K94+'20'!K94+'21'!K94+'22'!K94+'23'!K94+'24'!K94+'25'!K94+'26'!K94+'27'!K94+'28'!K94+'29'!K94+'30'!K94+'31.'!K94 -> 0 | N94: =+I94*M94 -> 0
A95: 91 | B95: คัพเค้กไส้คัสตาร์ด | C95: =+ยกมา!H96 -> 0 | D95: ='1'!D95+'2'!D95+'3'!D95+'4'!D95+'5'!D95+'6'!D95+'7'!D95+'8'!D95+'9'!D95+'10'!D95+'11'!D95+'12'!D95+'13'!D95+'14'!D95+'15'!D95+'16'!D95+'17'!D95+'18'!D95+'19'!D95+'20'!D95+'21'!D95+'22'!D95+'23'!D95+'24'!D95+'25'!D95+'26'!D95+'27'!D95+'28'!D95+'29'!D95+'30'!D95+'31.'!D95 -> 0 | E95: =+C95+D95 -> 0 | F95: =+'1'!F95+'2'!F95+'3'!F95+'4'!F95+'5'!F95+'6'!F95+'7'!F95+'8'!F95+'9'!F95+'10'!F95+'11'!F95+'12'!F95+'13'!F95+'14'!F95+'15'!F95+'16'!F95+'17'!F95+'18'!F95+'19'!F95+'20'!F95+'21'!F95+'22'!F95+'23'!F95+'24'!F95+'25'!F95+'26'!F95+'27'!F95+'28'!F95+'29'!F95+'30'!F95+'31.'!F95 -> 0 | G95: =+'1'!G95+'2'!G95+'3'!G95+'4'!G95+'5'!G95+'6'!G95+'7'!G95+'8'!G95+'9'!G95+'10'!G95+'11'!G95+'12'!G95+'13'!G95+'14'!G95+'15'!G95+'16'!G95+'17'!G95+'18'!G95+'19'!G95+'20'!G95+'21'!G95+'22'!G95+'23'!G95+'24'!G95+'25'!G95+'26'!G95+'27'!G95+'28'!G95+'29'!G95+'30'!G95+'31.'!G95 -> 0 | H95: =C95+D95-F95-I95-G95 -> 0 | I95: =+'1'!I95+'2'!I95+'3'!I95+'4'!I95+'5'!I95+'6'!I95+'7'!I95+'8'!I95+'9'!I95+'10'!I95+'11'!I95+'12'!I95+'13'!I95+'14'!I95+'15'!I95+'16'!I95+'17'!I95+'18'!I95+'19'!I95+'20'!I95+'21'!I95+'22'!I95+'23'!I95+'24'!I95+'25'!I95+'26'!I95+'27'!I95+'28'!I95+'29'!I95+'30'!I95+'31.'!I95 -> 0 | J95: 45 | K95: =+'1'!K95+'2'!K95+'3'!K95+'4'!K95+'5'!K95+'6'!K95+'7'!K95+'8'!K95+'9'!K95+'10'!K95+'11'!K95+'12'!K95+'13'!K95+'14'!K95+'15'!K95+'16'!K95+'17'!K95+'18'!K95+'19'!K95+'20'!K95+'21'!K95+'22'!K95+'23'!K95+'24'!K95+'25'!K95+'26'!K95+'27'!K95+'28'!K95+'29'!K95+'30'!K95+'31.'!K95 -> 0 | N95: =+I95*M95 -> 0
A96: 92 | B96: วุ้นเป็ด | C96: =+ยกมา!H97 -> 0 | D96: ='1'!D96+'2'!D96+'3'!D96+'4'!D96+'5'!D96+'6'!D96+'7'!D96+'8'!D96+'9'!D96+'10'!D96+'11'!D96+'12'!D96+'13'!D96+'14'!D96+'15'!D96+'16'!D96+'17'!D96+'18'!D96+'19'!D96+'20'!D96+'21'!D96+'22'!D96+'23'!D96+'24'!D96+'25'!D96+'26'!D96+'27'!D96+'28'!D96+'29'!D96+'30'!D96+'31.'!D96 -> 0 | E96: =+C96+D96 -> 0 | F96: =+'1'!F96+'2'!F96+'3'!F96+'4'!F96+'5'!F96+'6'!F96+'7'!F96+'8'!F96+'9'!F96+'10'!F96+'11'!F96+'12'!F96+'13'!F96+'14'!F96+'15'!F96+'16'!F96+'17'!F96+'18'!F96+'19'!F96+'20'!F96+'21'!F96+'22'!F96+'23'!F96+'24'!F96+'25'!F96+'26'!F96+'27'!F96+'28'!F96+'29'!F96+'30'!F96+'31.'!F96 -> 0 | G96: =+'1'!G96+'2'!G96+'3'!G96+'4'!G96+'5'!G96+'6'!G96+'7'!G96+'8'!G96+'9'!G96+'10'!G96+'11'!G96+'12'!G96+'13'!G96+'14'!G96+'15'!G96+'16'!G96+'17'!G96+'18'!G96+'19'!G96+'20'!G96+'21'!G96+'22'!G96+'23'!G96+'24'!G96+'25'!G96+'26'!G96+'27'!G96+'28'!G96+'29'!G96+'30'!G96+'31.'!G96 -> 0 | H96: =C96+D96-F96-I96-G96 -> 0 | I96: =+'1'!I96+'2'!I96+'3'!I96+'4'!I96+'5'!I96+'6'!I96+'7'!I96+'8'!I96+'9'!I96+'10'!I96+'11'!I96+'12'!I96+'13'!I96+'14'!I96+'15'!I96+'16'!I96+'17'!I96+'18'!I96+'19'!I96+'20'!I96+'21'!I96+'22'!I96+'23'!I96+'24'!I96+'25'!I96+'26'!I96+'27'!I96+'28'!I96+'29'!I96+'30'!I96+'31.'!I96 -> 0 | J96: 40 | K96: =+'1'!K96+'2'!K96+'3'!K96+'4'!K96+'5'!K96+'6'!K96+'7'!K96+'8'!K96+'9'!K96+'10'!K96+'11'!K96+'12'!K96+'13'!K96+'14'!K96+'15'!K96+'16'!K96+'17'!K96+'18'!K96+'19'!K96+'20'!K96+'21'!K96+'22'!K96+'23'!K96+'24'!K96+'25'!K96+'26'!K96+'27'!K96+'28'!K96+'29'!K96+'30'!K96+'31.'!K96 -> 0 | N96: =+I96*M96 -> 0
A97: 93 | B97: วุ้นลูกส้ม | C97: =+ยกมา!H98 -> 0 | D97: ='1'!D97+'2'!D97+'3'!D97+'4'!D97+'5'!D97+'6'!D97+'7'!D97+'8'!D97+'9'!D97+'10'!D97+'11'!D97+'12'!D97+'13'!D97+'14'!D97+'15'!D97+'16'!D97+'17'!D97+'18'!D97+'19'!D97+'20'!D97+'21'!D97+'22'!D97+'23'!D97+'24'!D97+'25'!D97+'26'!D97+'27'!D97+'28'!D97+'29'!D97+'30'!D97+'31.'!D97 -> 0 | E97: =+C97+D97 -> 0 | F97: =+'1'!F97+'2'!F97+'3'!F97+'4'!F97+'5'!F97+'6'!F97+'7'!F97+'8'!F97+'9'!F97+'10'!F97+'11'!F97+'12'!F97+'13'!F97+'14'!F97+'15'!F97+'16'!F97+'17'!F97+'18'!F97+'19'!F97+'20'!F97+'21'!F97+'22'!F97+'23'!F97+'24'!F97+'25'!F97+'26'!F97+'27'!F97+'28'!F97+'29'!F97+'30'!F97+'31.'!F97 -> 0 | G97: =+'1'!G97+'2'!G97+'3'!G97+'4'!G97+'5'!G97+'6'!G97+'7'!G97+'8'!G97+'9'!G97+'10'!G97+'11'!G97+'12'!G97+'13'!G97+'14'!G97+'15'!G97+'16'!G97+'17'!G97+'18'!G97+'19'!G97+'20'!G97+'21'!G97+'22'!G97+'23'!G97+'24'!G97+'25'!G97+'26'!G97+'27'!G97+'28'!G97+'29'!G97+'30'!G97+'31.'!G97 -> 0 | H97: =C97+D97-F97-I97-G97 -> 0 | I97: =+'1'!I97+'2'!I97+'3'!I97+'4'!I97+'5'!I97+'6'!I97+'7'!I97+'8'!I97+'9'!I97+'10'!I97+'11'!I97+'12'!I97+'13'!I97+'14'!I97+'15'!I97+'16'!I97+'17'!I97+'18'!I97+'19'!I97+'20'!I97+'21'!I97+'22'!I97+'23'!I97+'24'!I97+'25'!I97+'26'!I97+'27'!I97+'28'!I97+'29'!I97+'30'!I97+'31.'!I97 -> 0 | J97: 40 | K97: =+'1'!K97+'2'!K97+'3'!K97+'4'!K97+'5'!K97+'6'!K97+'7'!K97+'8'!K97+'9'!K97+'10'!K97+'11'!K97+'12'!K97+'13'!K97+'14'!K97+'15'!K97+'16'!K97+'17'!K97+'18'!K97+'19'!K97+'20'!K97+'21'!K97+'22'!K97+'23'!K97+'24'!K97+'25'!K97+'26'!K97+'27'!K97+'28'!K97+'29'!K97+'30'!K97+'31.'!K97 -> 0 | N97: =+I97*M97 -> 0
A98: 94 | B98: วุ้นนมสด กะทิ | C98: =+ยกมา!H99 -> 0 | D98: ='1'!D98+'2'!D98+'3'!D98+'4'!D98+'5'!D98+'6'!D98+'7'!D98+'8'!D98+'9'!D98+'10'!D98+'11'!D98+'12'!D98+'13'!D98+'14'!D98+'15'!D98+'16'!D98+'17'!D98+'18'!D98+'19'!D98+'20'!D98+'21'!D98+'22'!D98+'23'!D98+'24'!D98+'25'!D98+'26'!D98+'27'!D98+'28'!D98+'29'!D98+'30'!D98+'31.'!D98 -> 0 | E98: =+C98+D98 -> 0 | F98: =+'1'!F98+'2'!F98+'3'!F98+'4'!F98+'5'!F98+'6'!F98+'7'!F98+'8'!F98+'9'!F98+'10'!F98+'11'!F98+'12'!F98+'13'!F98+'14'!F98+'15'!F98+'16'!F98+'17'!F98+'18'!F98+'19'!F98+'20'!F98+'21'!F98+'22'!F98+'23'!F98+'24'!F98+'25'!F98+'26'!F98+'27'!F98+'28'!F98+'29'!F98+'30'!F98+'31.'!F98 -> 0 | G98: =+'1'!G98+'2'!G98+'3'!G98+'4'!G98+'5'!G98+'6'!G98+'7'!G98+'8'!G98+'9'!G98+'10'!G98+'11'!G98+'12'!G98+'13'!G98+'14'!G98+'15'!G98+'16'!G98+'17'!G98+'18'!G98+'19'!G98+'20'!G98+'21'!G98+'22'!G98+'23'!G98+'24'!G98+'25'!G98+'26'!G98+'27'!G98+'28'!G98+'29'!G98+'30'!G98+'31.'!G98 -> 0 | H98: =C98+D98-F98-I98-G98 -> 0 | I98: =+'1'!I98+'2'!I98+'3'!I98+'4'!I98+'5'!I98+'6'!I98+'7'!I98+'8'!I98+'9'!I98+'10'!I98+'11'!I98+'12'!I98+'13'!I98+'14'!I98+'15'!I98+'16'!I98+'17'!I98+'18'!I98+'19'!I98+'20'!I98+'21'!I98+'22'!I98+'23'!I98+'24'!I98+'25'!I98+'26'!I98+'27'!I98+'28'!I98+'29'!I98+'30'!I98+'31.'!I98 -> 0 | J98: 40 | K98: =+'1'!K98+'2'!K98+'3'!K98+'4'!K98+'5'!K98+'6'!K98+'7'!K98+'8'!K98+'9'!K98+'10'!K98+'11'!K98+'12'!K98+'13'!K98+'14'!K98+'15'!K98+'16'!K98+'17'!K98+'18'!K98+'19'!K98+'20'!K98+'21'!K98+'22'!K98+'23'!K98+'24'!K98+'25'!K98+'26'!K98+'27'!K98+'28'!K98+'29'!K98+'30'!K98+'31.'!K98 -> 0 | N98: =+I98*M98 -> 0
A99: 95 | B99: วุ้นกุหลาบ 4 ชิ้น | C99: =+ยกมา!H100 -> 0 | D99: ='1'!D99+'2'!D99+'3'!D99+'4'!D99+'5'!D99+'6'!D99+'7'!D99+'8'!D99+'9'!D99+'10'!D99+'11'!D99+'12'!D99+'13'!D99+'14'!D99+'15'!D99+'16'!D99+'17'!D99+'18'!D99+'19'!D99+'20'!D99+'21'!D99+'22'!D99+'23'!D99+'24'!D99+'25'!D99+'26'!D99+'27'!D99+'28'!D99+'29'!D99+'30'!D99+'31.'!D99 -> 0 | E99: =+C99+D99 -> 0 | F99: =+'1'!F99+'2'!F99+'3'!F99+'4'!F99+'5'!F99+'6'!F99+'7'!F99+'8'!F99+'9'!F99+'10'!F99+'11'!F99+'12'!F99+'13'!F99+'14'!F99+'15'!F99+'16'!F99+'17'!F99+'18'!F99+'19'!F99+'20'!F99+'21'!F99+'22'!F99+'23'!F99+'24'!F99+'25'!F99+'26'!F99+'27'!F99+'28'!F99+'29'!F99+'30'!F99+'31.'!F99 -> 0 | G99: =+'1'!G99+'2'!G99+'3'!G99+'4'!G99+'5'!G99+'6'!G99+'7'!G99+'8'!G99+'9'!G99+'10'!G99+'11'!G99+'12'!G99+'13'!G99+'14'!G99+'15'!G99+'16'!G99+'17'!G99+'18'!G99+'19'!G99+'20'!G99+'21'!G99+'22'!G99+'23'!G99+'24'!G99+'25'!G99+'26'!G99+'27'!G99+'28'!G99+'29'!G99+'30'!G99+'31.'!G99 -> 0 | H99: =C99+D99-F99-I99-G99 -> 0 | I99: =+'1'!I99+'2'!I99+'3'!I99+'4'!I99+'5'!I99+'6'!I99+'7'!I99+'8'!I99+'9'!I99+'10'!I99+'11'!I99+'12'!I99+'13'!I99+'14'!I99+'15'!I99+'16'!I99+'17'!I99+'18'!I99+'19'!I99+'20'!I99+'21'!I99+'22'!I99+'23'!I99+'24'!I99+'25'!I99+'26'!I99+'27'!I99+'28'!I99+'29'!I99+'30'!I99+'31.'!I99 -> 0 | J99: 40 | K99: =+'1'!K99+'2'!K99+'3'!K99+'4'!K99+'5'!K99+'6'!K99+'7'!K99+'8'!K99+'9'!K99+'10'!K99+'11'!K99+'12'!K99+'13'!K99+'14'!K99+'15'!K99+'16'!K99+'17'!K99+'18'!K99+'19'!K99+'20'!K99+'21'!K99+'22'!K99+'23'!K99+'24'!K99+'25'!K99+'26'!K99+'27'!K99+'28'!K99+'29'!K99+'30'!K99+'31.'!K99 -> 0 | N99: =+I99*M99 -> 0
... A202: 198 | B202: ปืนยิงมือ | C202: =+ยกมา!H203 -> 0 | D202: ='1'!D202+'2'!D202+'3'!D202+'4'!D202+'5'!D202+'6'!D202+'7'!D202+'8'!D202+'9'!D202+'10'!D202+'11'!D202+'12'!D202+'13'!D202+'14'!D202+'15'!D202+'16'!D202+'17'!D202+'18'!D202+'19'!D202+'20'!D202+'21'!D202+'22'!D202+'23'!D202+'24'!D202+'25'!D202+'26'!D202+'27'!D202+'28'!D202+'29'!D202+'30'!D202+'31.'!D202 -> 0 | E202: =+C202+D202 -> 0 | F202: =+'1'!F202+'2'!F202+'3'!F202+'4'!F202+'5'!F202+'6'!F202+'7'!F202+'8'!F202+'9'!F202+'10'!F202+'11'!F202+'12'!F202+'13'!F202+'14'!F202+'15'!F202+'16'!F202+'17'!F202+'18'!F202+'19'!F202+'20'!F202+'21'!F202+'22'!F202+'23'!F202+'24'!F202+'25'!F202+'26'!F202+'27'!F202+'28'!F202+'29'!F202+'30'!F202+'31.'!F202 -> 0 | G202: =+'1'!G202+'2'!G202+'3'!G202+'4'!G202+'5'!G202+'6'!G202+'7'!G202+'8'!G202+'9'!G202+'10'!G202+'11'!G202+'12'!G202+'13'!G202+'14'!G202+'15'!G202+'16'!G202+'17'!G202+'18'!G202+'19'!G202+'20'!G202+'21'!G202+'22'!G202+'23'!G202+'24'!G202+'25'!G202+'26'!G202+'27'!G202+'28'!G202+'29'!G202+'30'!G202+'31.'!G202 -> 0 | H202: =C202+D202-F202-I202-G202 -> 0 | I202: =+'1'!I202+'2'!I202+'3'!I202+'4'!I202+'5'!I202+'6'!I202+'7'!I202+'8'!I202+'9'!I202+'10'!I202+'11'!I202+'12'!I202+'13'!I202+'14'!I202+'15'!I202+'16'!I202+'17'!I202+'18'!I202+'19'!I202+'20'!I202+'21'!I202+'22'!I202+'23'!I202+'24'!I202+'25'!I202+'26'!I202+'27'!I202+'28'!I202+'29'!I202+'30'!I202+'31.'!I202 -> 0 | J202: 200 | K202: =+'1'!K202+'2'!K202+'3'!K202+'4'!K202+'5'!K202+'6'!K202+'7'!K202+'8'!K202+'9'!K202+'10'!K202+'11'!K202+'12'!K202+'13'!K202+'14'!K202+'15'!K202+'16'!K202+'17'!K202+'18'!K202+'19'!K202+'20'!K202+'21'!K202+'22'!K202+'23'!K202+'24'!K202+'25'!K202+'26'!K202+'27'!K202+'28'!K202+'29'!K202+'30'!K202+'31.'!K202 -> 0 | N202: =+I202*M202 -> 0
A203: 199 | B203: เจ้หมวย | C203: =+ยกมา!H204 -> 0 | D203: ='1'!D203+'2'!D203+'3'!D203+'4'!D203+'5'!D203+'6'!D203+'7'!D203+'8'!D203+'9'!D203+'10'!D203+'11'!D203+'12'!D203+'13'!D203+'14'!D203+'15'!D203+'16'!D203+'17'!D203+'18'!D203+'19'!D203+'20'!D203+'21'!D203+'22'!D203+'23'!D203+'24'!D203+'25'!D203+'26'!D203+'27'!D203+'28'!D203+'29'!D203+'30'!D203+'31.'!D203 -> 0 | E203: =+C203+D203 -> 0 | F203: =+'1'!F203+'2'!F203+'3'!F203+'4'!F203+'5'!F203+'6'!F203+'7'!F203+'8'!F203+'9'!F203+'10'!F203+'11'!F203+'12'!F203+'13'!F203+'14'!F203+'15'!F203+'16'!F203+'17'!F203+'18'!F203+'19'!F203+'20'!F203+'21'!F203+'22'!F203+'23'!F203+'24'!F203+'25'!F203+'26'!F203+'27'!F203+'28'!F203+'29'!F203+'30'!F203+'31.'!F203 -> 0 | G203: =+'1'!G203+'2'!G203+'3'!G203+'4'!G203+'5'!G203+'6'!G203+'7'!G203+'8'!G203+'9'!G203+'10'!G203+'11'!G203+'12'!G203+'13'!G203+'14'!G203+'15'!G203+'16'!G203+'17'!G203+'18'!G203+'19'!G203+'20'!G203+'21'!G203+'22'!G203+'23'!G203+'24'!G203+'25'!G203+'26'!G203+'27'!G203+'28'!G203+'29'!G203+'30'!G203+'31.'!G203 -> 0 | H203: =C203+D203-F203-I203-G203 -> 0 | I203: =+'1'!I203+'2'!I203+'3'!I203+'4'!I203+'5'!I203+'6'!I203+'7'!I203+'8'!I203+'9'!I203+'10'!I203+'11'!I203+'12'!I203+'13'!I203+'14'!I203+'15'!I203+'16'!I203+'17'!I203+'18'!I203+'19'!I203+'20'!I203+'21'!I203+'22'!I203+'23'!I203+'24'!I203+'25'!I203+'26'!I203+'27'!I203+'28'!I203+'29'!I203+'30'!I203+'31.'!I203 -> 0 | K203: =+'1'!K203+'2'!K203+'3'!K203+'4'!K203+'5'!K203+'6'!K203+'7'!K203+'8'!K203+'9'!K203+'10'!K203+'11'!K203+'12'!K203+'13'!K203+'14'!K203+'15'!K203+'16'!K203+'17'!K203+'18'!K203+'19'!K203+'20'!K203+'21'!K203+'22'!K203+'23'!K203+'24'!K203+'25'!K203+'26'!K203+'27'!K203+'28'!K203+'29'!K203+'30'!K203+'31.'!K203 -> 0 | N203: =+I203*M203 -> 0
A204: 200 | B204: บานอฟฟี่ 140g. | C204: =+ยกมา!H205 -> 0 | D204: ='1'!D204+'2'!D204+'3'!D204+'4'!D204+'5'!D204+'6'!D204+'7'!D204+'8'!D204+'9'!D204+'10'!D204+'11'!D204+'12'!D204+'13'!D204+'14'!D204+'15'!D204+'16'!D204+'17'!D204+'18'!D204+'19'!D204+'20'!D204+'21'!D204+'22'!D204+'23'!D204+'24'!D204+'25'!D204+'26'!D204+'27'!D204+'28'!D204+'29'!D204+'30'!D204+'31.'!D204 -> 18 | E204: =+C204+D204 -> 18 | F204: =+'1'!F204+'2'!F204+'3'!F204+'4'!F204+'5'!F204+'6'!F204+'7'!F204+'8'!F204+'9'!F204+'10'!F204+'11'!F204+'12'!F204+'13'!F204+'14'!F204+'15'!F204+'16'!F204+'17'!F204+'18'!F204+'19'!F204+'20'!F204+'21'!F204+'22'!F204+'23'!F204+'24'!F204+'25'!F204+'26'!F204+'27'!F204+'28'!F204+'29'!F204+'30'!F204+'31.'!F204 -> 0 | G204: =+'1'!G204+'2'!G204+'3'!G204+'4'!G204+'5'!G204+'6'!G204+'7'!G204+'8'!G204+'9'!G204+'10'!G204+'11'!G204+'12'!G204+'13'!G204+'14'!G204+'15'!G204+'16'!G204+'17'!G204+'18'!G204+'19'!G204+'20'!G204+'21'!G204+'22'!G204+'23'!G204+'24'!G204+'25'!G204+'26'!G204+'27'!G204+'28'!G204+'29'!G204+'30'!G204+'31.'!G204 -> 0 | H204: =C204+D204-F204-I204-G204 -> 1 | I204: =+'1'!I204+'2'!I204+'3'!I204+'4'!I204+'5'!I204+'6'!I204+'7'!I204+'8'!I204+'9'!I204+'10'!I204+'11'!I204+'12'!I204+'13'!I204+'14'!I204+'15'!I204+'16'!I204+'17'!I204+'18'!I204+'19'!I204+'20'!I204+'21'!I204+'22'!I204+'23'!I204+'24'!I204+'25'!I204+'26'!I204+'27'!I204+'28'!I204+'29'!I204+'30'!I204+'31.'!I204 -> 17 | J204: 45 | K204: =+'1'!K204+'2'!K204+'3'!K204+'4'!K204+'5'!K204+'6'!K204+'7'!K204+'8'!K204+'9'!K204+'10'!K204+'11'!K204+'12'!K204+'13'!K204+'14'!K204+'15'!K204+'16'!K204+'17'!K204+'18'!K204+'19'!K204+'20'!K204+'21'!K204+'22'!K204+'23'!K204+'24'!K204+'25'!K204+'26'!K204+'27'!K204+'28'!K204+'29'!K204+'30'!K204+'31.'!K204 -> 765 | N204: =+I204*M204 -> 0
A205: 201 | B205: ซอฟท์เค้กมะพร้าวหน้านิ่ม | C205: =+ยกมา!H206 -> 0 | D205: ='1'!D205+'2'!D205+'3'!D205+'4'!D205+'5'!D205+'6'!D205+'7'!D205+'8'!D205+'9'!D205+'10'!D205+'11'!D205+'12'!D205+'13'!D205+'14'!D205+'15'!D205+'16'!D205+'17'!D205+'18'!D205+'19'!D205+'20'!D205+'21'!D205+'22'!D205+'23'!D205+'24'!D205+'25'!D205+'26'!D205+'27'!D205+'28'!D205+'29'!D205+'30'!D205+'31.'!D205 -> 10 | E205: =+C205+D205 -> 10 | F205: =+'1'!F205+'2'!F205+'3'!F205+'4'!F205+'5'!F205+'6'!F205+'7'!F205+'8'!F205+'9'!F205+'10'!F205+'11'!F205+'12'!F205+'13'!F205+'14'!F205+'15'!F205+'16'!F205+'17'!F205+'18'!F205+'19'!F205+'20'!F205+'21'!F205+'22'!F205+'23'!F205+'24'!F205+'25'!F205+'26'!F205+'27'!F205+'28'!F205+'29'!F205+'30'!F205+'31.'!F205 -> 0 | G205: =+'1'!G205+'2'!G205+'3'!G205+'4'!G205+'5'!G205+'6'!G205+'7'!G205+'8'!G205+'9'!G205+'10'!G205+'11'!G205+'12'!G205+'13'!G205+'14'!G205+'15'!G205+'16'!G205+'17'!G205+'18'!G205+'19'!G205+'20'!G205+'21'!G205+'22'!G205+'23'!G205+'24'!G205+'25'!G205+'26'!G205+'27'!G205+'28'!G205+'29'!G205+'30'!G205+'31.'!G205 -> 0 | H205: =C205+D205-F205-I205-G205 -> 0 | I205: =+'1'!I205+'2'!I205+'3'!I205+'4'!I205+'5'!I205+'6'!I205+'7'!I205+'8'!I205+'9'!I205+'10'!I205+'11'!I205+'12'!I205+'13'!I205+'14'!I205+'15'!I205+'16'!I205+'17'!I205+'18'!I205+'19'!I205+'20'!I205+'21'!I205+'22'!I205+'23'!I205+'24'!I205+'25'!I205+'26'!I205+'27'!I205+'28'!I205+'29'!I205+'30'!I205+'31.'!I205 -> 10 | J205: 50 | K205: =+'1'!K205+'2'!K205+'3'!K205+'4'!K205+'5'!K205+'6'!K205+'7'!K205+'8'!K205+'9'!K205+'10'!K205+'11'!K205+'12'!K205+'13'!K205+'14'!K205+'15'!K205+'16'!K205+'17'!K205+'18'!K205+'19'!K205+'20'!K205+'21'!K205+'22'!K205+'23'!K205+'24'!K205+'25'!K205+'26'!K205+'27'!K205+'28'!K205+'29'!K205+'30'!K205+'31.'!K205 -> 500 | N205: =+I205*M205 -> 0
A206: 202 | B206: ซอฟท์เค้กครีมสดหน้านิ่ม | C206: =+ยกมา!H207 -> 0 | D206: ='1'!D206+'2'!D206+'3'!D206+'4'!D206+'5'!D206+'6'!D206+'7'!D206+'8'!D206+'9'!D206+'10'!D206+'11'!D206+'12'!D206+'13'!D206+'14'!D206+'15'!D206+'16'!D206+'17'!D206+'18'!D206+'19'!D206+'20'!D206+'21'!D206+'22'!D206+'23'!D206+'24'!D206+'25'!D206+'26'!D206+'27'!D206+'28'!D206+'29'!D206+'30'!D206+'31.'!D206 -> 10 | E206: =+C206+D206 -> 10 | F206: =+'1'!F206+'2'!F206+'3'!F206+'4'!F206+'5'!F206+'6'!F206+'7'!F206+'8'!F206+'9'!F206+'10'!F206+'11'!F206+'12'!F206+'13'!F206+'14'!F206+'15'!F206+'16'!F206+'17'!F206+'18'!F206+'19'!F206+'20'!F206+'21'!F206+'22'!F206+'23'!F206+'24'!F206+'25'!F206+'26'!F206+'27'!F206+'28'!F206+'29'!F206+'30'!F206+'31.'!F206 -> 0 | G206: =+'1'!G206+'2'!G206+'3'!G206+'4'!G206+'5'!G206+'6'!G206+'7'!G206+'8'!G206+'9'!G206+'10'!G206+'11'!G206+'12'!G206+'13'!G206+'14'!G206+'15'!G206+'16'!G206+'17'!G206+'18'!G206+'19'!G206+'20'!G206+'21'!G206+'22'!G206+'23'!G206+'24'!G206+'25'!G206+'26'!G206+'27'!G206+'28'!G206+'29'!G206+'30'!G206+'31.'!G206 -> 0 | H206: =C206+D206-F206-I206-G206 -> 0 | I206: =+'1'!I206+'2'!I206+'3'!I206+'4'!I206+'5'!I206+'6'!I206+'7'!I206+'8'!I206+'9'!I206+'10'!I206+'11'!I206+'12'!I206+'13'!I206+'14'!I206+'15'!I206+'16'!I206+'17'!I206+'18'!I206+'19'!I206+'20'!I206+'21'!I206+'22'!I206+'23'!I206+'24'!I206+'25'!I206+'26'!I206+'27'!I206+'28'!I206+'29'!I206+'30'!I206+'31.'!I206 -> 10 | J206: 50 | K206: =+'1'!K206+'2'!K206+'3'!K206+'4'!K206+'5'!K206+'6'!K206+'7'!K206+'8'!K206+'9'!K206+'10'!K206+'11'!K206+'12'!K206+'13'!K206+'14'!K206+'15'!K206+'16'!K206+'17'!K206+'18'!K206+'19'!K206+'20'!K206+'21'!K206+'22'!K206+'23'!K206+'24'!K206+'25'!K206+'26'!K206+'27'!K206+'28'!K206+'29'!K206+'30'!K206+'31.'!K206 -> 500 | N206: =+I206*M206 -> 0
A207: 203 | C207: =+ยกมา!H208 -> 0 | D207: ='1'!D207+'2'!D207+'3'!D207+'4'!D207+'5'!D207+'6'!D207+'7'!D207+'8'!D207+'9'!D207+'10'!D207+'11'!D207+'12'!D207+'13'!D207+'14'!D207+'15'!D207+'16'!D207+'17'!D207+'18'!D207+'19'!D207+'20'!D207+'21'!D207+'22'!D207+'23'!D207+'24'!D207+'25'!D207+'26'!D207+'27'!D207+'28'!D207+'29'!D207+'30'!D207+'31.'!D207 -> 0 | E207: =+C207+D207 -> 0 | F207: =+'1'!F207+'2'!F207+'3'!F207+'4'!F207+'5'!F207+'6'!F207+'7'!F207+'8'!F207+'9'!F207+'10'!F207+'11'!F207+'12'!F207+'13'!F207+'14'!F207+'15'!F207+'16'!F207+'17'!F207+'18'!F207+'19'!F207+'20'!F207+'21'!F207+'22'!F207+'23'!F207+'24'!F207+'25'!F207+'26'!F207+'27'!F207+'28'!F207+'29'!F207+'30'!F207+'31.'!F207 -> 0 | G207: =+'1'!G207+'2'!G207+'3'!G207+'4'!G207+'5'!G207+'6'!G207+'7'!G207+'8'!G207+'9'!G207+'10'!G207+'11'!G207+'12'!G207+'13'!G207+'14'!G207+'15'!G207+'16'!G207+'17'!G207+'18'!G207+'19'!G207+'20'!G207+'21'!G207+'22'!G207+'23'!G207+'24'!G207+'25'!G207+'26'!G207+'27'!G207+'28'!G207+'29'!G207+'30'!G207+'31.'!G207 -> 0 | H207: =C207+D207-F207-I207-G207 -> 0 | I207: =+'1'!I207+'2'!I207+'3'!I207+'4'!I207+'5'!I207+'6'!I207+'7'!I207+'8'!I207+'9'!I207+'10'!I207+'11'!I207+'12'!I207+'13'!I207+'14'!I207+'15'!I207+'16'!I207+'17'!I207+'18'!I207+'19'!I207+'20'!I207+'21'!I207+'22'!I207+'23'!I207+'24'!I207+'25'!I207+'26'!I207+'27'!I207+'28'!I207+'29'!I207+'30'!I207+'31.'!I207 -> 0 | K207: =+'1'!K207+'2'!K207+'3'!K207+'4'!K207+'5'!K207+'6'!K207+'7'!K207+'8'!K207+'9'!K207+'10'!K207+'11'!K207+'12'!K207+'13'!K207+'14'!K207+'15'!K207+'16'!K207+'17'!K207+'18'!K207+'19'!K207+'20'!K207+'21'!K207+'22'!K207+'23'!K207+'24'!K207+'25'!K207+'26'!K207+'27'!K207+'28'!K207+'29'!K207+'30'!K207+'31.'!K207 -> 0 | N207: =+I207*M207 -> 0
A208: 204 | C208: =+ยกมา!H209 -> 0 | D208: ='1'!D208+'2'!D208+'3'!D208+'4'!D208+'5'!D208+'6'!D208+'7'!D208+'8'!D208+'9'!D208+'10'!D208+'11'!D208+'12'!D208+'13'!D208+'14'!D208+'15'!D208+'16'!D208+'17'!D208+'18'!D208+'19'!D208+'20'!D208+'21'!D208+'22'!D208+'23'!D208+'24'!D208+'25'!D208+'26'!D208+'27'!D208+'28'!D208+'29'!D208+'30'!D208+'31.'!D208 -> 0 | E208: =+C208+D208 -> 0 | F208: =+'1'!F208+'2'!F208+'3'!F208+'4'!F208+'5'!F208+'6'!F208+'7'!F208+'8'!F208+'9'!F208+'10'!F208+'11'!F208+'12'!F208+'13'!F208+'14'!F208+'15'!F208+'16'!F208+'17'!F208+'18'!F208+'19'!F208+'20'!F208+'21'!F208+'22'!F208+'23'!F208+'24'!F208+'25'!F208+'26'!F208+'27'!F208+'28'!F208+'29'!F208+'30'!F208+'31.'!F208 -> 0 | G208: =+'1'!G208+'2'!G208+'3'!G208+'4'!G208+'5'!G208+'6'!G208+'7'!G208+'8'!G208+'9'!G208+'10'!G208+'11'!G208+'12'!G208+'13'!G208+'14'!G208+'15'!G208+'16'!G208+'17'!G208+'18'!G208+'19'!G208+'20'!G208+'21'!G208+'22'!G208+'23'!G208+'24'!G208+'25'!G208+'26'!G208+'27'!G208+'28'!G208+'29'!G208+'30'!G208+'31.'!G208 -> 0 | H208: =C208+D208-F208-I208-G208 -> 0 | I208: =+'1'!I208+'2'!I208+'3'!I208+'4'!I208+'5'!I208+'6'!I208+'7'!I208+'8'!I208+'9'!I208+'10'!I208+'11'!I208+'12'!I208+'13'!I208+'14'!I208+'15'!I208+'16'!I208+'17'!I208+'18'!I208+'19'!I208+'20'!I208+'21'!I208+'22'!I208+'23'!I208+'24'!I208+'25'!I208+'26'!I208+'27'!I208+'28'!I208+'29'!I208+'30'!I208+'31.'!I208 -> 0 | K208: =+'1'!K208+'2'!K208+'3'!K208+'4'!K208+'5'!K208+'6'!K208+'7'!K208+'8'!K208+'9'!K208+'10'!K208+'11'!K208+'12'!K208+'13'!K208+'14'!K208+'15'!K208+'16'!K208+'17'!K208+'18'!K208+'19'!K208+'20'!K208+'21'!K208+'22'!K208+'23'!K208+'24'!K208+'25'!K208+'26'!K208+'27'!K208+'28'!K208+'29'!K208+'30'!K208+'31.'!K208 -> 0 | N208: =+I208*M208 -> 0
A209: 205 | C209: =+ยกมา!H210 -> 0 | D209: ='1'!D209+'2'!D209+'3'!D209+'4'!D209+'5'!D209+'6'!D209+'7'!D209+'8'!D209+'9'!D209+'10'!D209+'11'!D209+'12'!D209+'13'!D209+'14'!D209+'15'!D209+'16'!D209+'17'!D209+'18'!D209+'19'!D209+'20'!D209+'21'!D209+'22'!D209+'23'!D209+'24'!D209+'25'!D209+'26'!D209+'27'!D209+'28'!D209+'29'!D209+'30'!D209+'31.'!D209 -> 0 | E209: =+C209+D209 -> 0 | F209: =+'1'!F209+'2'!F209+'3'!F209+'4'!F209+'5'!F209+'6'!F209+'7'!F209+'8'!F209+'9'!F209+'10'!F209+'11'!F209+'12'!F209+'13'!F209+'14'!F209+'15'!F209+'16'!F209+'17'!F209+'18'!F209+'19'!F209+'20'!F209+'21'!F209+'22'!F209+'23'!F209+'24'!F209+'25'!F209+'26'!F209+'27'!F209+'28'!F209+'29'!F209+'30'!F209+'31.'!F209 -> 0 | G209: =+'1'!G209+'2'!G209+'3'!G209+'4'!G209+'5'!G209+'6'!G209+'7'!G209+'8'!G209+'9'!G209+'10'!G209+'11'!G209+'12'!G209+'13'!G209+'14'!G209+'15'!G209+'16'!G209+'17'!G209+'18'!G209+'19'!G209+'20'!G209+'21'!G209+'22'!G209+'23'!G209+'24'!G209+'25'!G209+'26'!G209+'27'!G209+'28'!G209+'29'!G209+'30'!G209+'31.'!G209 -> 0 | H209: =C209+D209-F209-I209-G209 -> 0 | I209: =+'1'!I209+'2'!I209+'3'!I209+'4'!I209+'5'!I209+'6'!I209+'7'!I209+'8'!I209+'9'!I209+'10'!I209+'11'!I209+'12'!I209+'13'!I209+'14'!I209+'15'!I209+'16'!I209+'17'!I209+'18'!I209+'19'!I209+'20'!I209+'21'!I209+'22'!I209+'23'!I209+'24'!I209+'25'!I209+'26'!I209+'27'!I209+'28'!I209+'29'!I209+'30'!I209+'31.'!I209 -> 0 | K209: =+'1'!K209+'2'!K209+'3'!K209+'4'!K209+'5'!K209+'6'!K209+'7'!K209+'8'!K209+'9'!K209+'10'!K209+'11'!K209+'12'!K209+'13'!K209+'14'!K209+'15'!K209+'16'!K209+'17'!K209+'18'!K209+'19'!K209+'20'!K209+'21'!K209+'22'!K209+'23'!K209+'24'!K209+'25'!K209+'26'!K209+'27'!K209+'28'!K209+'29'!K209+'30'!K209+'31.'!K209 -> 0 | N209: =+I209*M209 -> 0
A210: 206 | C210: =+ยกมา!H211 -> 0 | D210: ='1'!D210+'2'!D210+'3'!D210+'4'!D210+'5'!D210+'6'!D210+'7'!D210+'8'!D210+'9'!D210+'10'!D210+'11'!D210+'12'!D210+'13'!D210+'14'!D210+'15'!D210+'16'!D210+'17'!D210+'18'!D210+'19'!D210+'20'!D210+'21'!D210+'22'!D210+'23'!D210+'24'!D210+'25'!D210+'26'!D210+'27'!D210+'28'!D210+'29'!D210+'30'!D210+'31.'!D210 -> 0 | E210: =+C210+D210 -> 0 | F210: =+'1'!F210+'2'!F210+'3'!F210+'4'!F210+'5'!F210+'6'!F210+'7'!F210+'8'!F210+'9'!F210+'10'!F210+'11'!F210+'12'!F210+'13'!F210+'14'!F210+'15'!F210+'16'!F210+'17'!F210+'18'!F210+'19'!F210+'20'!F210+'21'!F210+'22'!F210+'23'!F210+'24'!F210+'25'!F210+'26'!F210+'27'!F210+'28'!F210+'29'!F210+'30'!F210+'31.'!F210 -> 0 | G210: =+'1'!G210+'2'!G210+'3'!G210+'4'!G210+'5'!G210+'6'!G210+'7'!G210+'8'!G210+'9'!G210+'10'!G210+'11'!G210+'12'!G210+'13'!G210+'14'!G210+'15'!G210+'16'!G210+'17'!G210+'18'!G210+'19'!G210+'20'!G210+'21'!G210+'22'!G210+'23'!G210+'24'!G210+'25'!G210+'26'!G210+'27'!G210+'28'!G210+'29'!G210+'30'!G210+'31.'!G210 -> 0 | H210: =C210+D210-F210-I210-G210 -> 0 | I210: =+'1'!I210+'2'!I210+'3'!I210+'4'!I210+'5'!I210+'6'!I210+'7'!I210+'8'!I210+'9'!I210+'10'!I210+'11'!I210+'12'!I210+'13'!I210+'14'!I210+'15'!I210+'16'!I210+'17'!I210+'18'!I210+'19'!I210+'20'!I210+'21'!I210+'22'!I210+'23'!I210+'24'!I210+'25'!I210+'26'!I210+'27'!I210+'28'!I210+'29'!I210+'30'!I210+'31.'!I210 -> 0 | K210: =+'1'!K210+'2'!K210+'3'!K210+'4'!K210+'5'!K210+'6'!K210+'7'!K210+'8'!K210+'9'!K210+'10'!K210+'11'!K210+'12'!K210+'13'!K210+'14'!K210+'15'!K210+'16'!K210+'17'!K210+'18'!K210+'19'!K210+'20'!K210+'21'!K210+'22'!K210+'23'!K210+'24'!K210+'25'!K210+'26'!K210+'27'!K210+'28'!K210+'29'!K210+'30'!K210+'31.'!K210 -> 0 | N210: =+I210*M210 -> 0
A211: 207 | C211: =+ยกมา!H212 -> 0 | D211: ='1'!D211+'2'!D211+'3'!D211+'4'!D211+'5'!D211+'6'!D211+'7'!D211+'8'!D211+'9'!D211+'10'!D211+'11'!D211+'12'!D211+'13'!D211+'14'!D211+'15'!D211+'16'!D211+'17'!D211+'18'!D211+'19'!D211+'20'!D211+'21'!D211+'22'!D211+'23'!D211+'24'!D211+'25'!D211+'26'!D211+'27'!D211+'28'!D211+'29'!D211+'30'!D211+'31.'!D211 -> 0 | E211: =+C211+D211 -> 0 | F211: =+'1'!F211+'2'!F211+'3'!F211+'4'!F211+'5'!F211+'6'!F211+'7'!F211+'8'!F211+'9'!F211+'10'!F211+'11'!F211+'12'!F211+'13'!F211+'14'!F211+'15'!F211+'16'!F211+'17'!F211+'18'!F211+'19'!F211+'20'!F211+'21'!F211+'22'!F211+'23'!F211+'24'!F211+'25'!F211+'26'!F211+'27'!F211+'28'!F211+'29'!F211+'30'!F211+'31.'!F211 -> 0 | G211: =+'1'!G211+'2'!G211+'3'!G211+'4'!G211+'5'!G211+'6'!G211+'7'!G211+'8'!G211+'9'!G211+'10'!G211+'11'!G211+'12'!G211+'13'!G211+'14'!G211+'15'!G211+'16'!G211+'17'!G211+'18'!G211+'19'!G211+'20'!G211+'21'!G211+'22'!G211+'23'!G211+'24'!G211+'25'!G211+'26'!G211+'27'!G211+'28'!G211+'29'!G211+'30'!G211+'31.'!G211 -> 0 | H211: =C211+D211-F211-I211-G211 -> 0 | I211: =+'1'!I211+'2'!I211+'3'!I211+'4'!I211+'5'!I211+'6'!I211+'7'!I211+'8'!I211+'9'!I211+'10'!I211+'11'!I211+'12'!I211+'13'!I211+'14'!I211+'15'!I211+'16'!I211+'17'!I211+'18'!I211+'19'!I211+'20'!I211+'21'!I211+'22'!I211+'23'!I211+'24'!I211+'25'!I211+'26'!I211+'27'!I211+'28'!I211+'29'!I211+'30'!I211+'31.'!I211 -> 0 | K211: =+'1'!K211+'2'!K211+'3'!K211+'4'!K211+'5'!K211+'6'!K211+'7'!K211+'8'!K211+'9'!K211+'10'!K211+'11'!K211+'12'!K211+'13'!K211+'14'!K211+'15'!K211+'16'!K211+'17'!K211+'18'!K211+'19'!K211+'20'!K211+'21'!K211+'22'!K211+'23'!K211+'24'!K211+'25'!K211+'26'!K211+'27'!K211+'28'!K211+'29'!K211+'30'!K211+'31.'!K211 -> 0 | N211: =+I211*M211 -> 0
A212: 208 | C212: =+ยกมา!H213 -> 0 | D212: ='1'!D212+'2'!D212+'3'!D212+'4'!D212+'5'!D212+'6'!D212+'7'!D212+'8'!D212+'9'!D212+'10'!D212+'11'!D212+'12'!D212+'13'!D212+'14'!D212+'15'!D212+'16'!D212+'17'!D212+'18'!D212+'19'!D212+'20'!D212+'21'!D212+'22'!D212+'23'!D212+'24'!D212+'25'!D212+'26'!D212+'27'!D212+'28'!D212+'29'!D212+'30'!D212+'31.'!D212 -> 0 | E212: =+C212+D212 -> 0 | F212: =+'1'!F212+'2'!F212+'3'!F212+'4'!F212+'5'!F212+'6'!F212+'7'!F212+'8'!F212+'9'!F212+'10'!F212+'11'!F212+'12'!F212+'13'!F212+'14'!F212+'15'!F212+'16'!F212+'17'!F212+'18'!F212+'19'!F212+'20'!F212+'21'!F212+'22'!F212+'23'!F212+'24'!F212+'25'!F212+'26'!F212+'27'!F212+'28'!F212+'29'!F212+'30'!F212+'31.'!F212 -> 0 | G212: =+'1'!G212+'2'!G212+'3'!G212+'4'!G212+'5'!G212+'6'!G212+'7'!G212+'8'!G212+'9'!G212+'10'!G212+'11'!G212+'12'!G212+'13'!G212+'14'!G212+'15'!G212+'16'!G212+'17'!G212+'18'!G212+'19'!G212+'20'!G212+'21'!G212+'22'!G212+'23'!G212+'24'!G212+'25'!G212+'26'!G212+'27'!G212+'28'!G212+'29'!G212+'30'!G212+'31.'!G212 -> 0 | H212: =C212+D212-F212-I212-G212 -> 0 | I212: =+'1'!I212+'2'!I212+'3'!I212+'4'!I212+'5'!I212+'6'!I212+'7'!I212+'8'!I212+'9'!I212+'10'!I212+'11'!I212+'12'!I212+'13'!I212+'14'!I212+'15'!I212+'16'!I212+'17'!I212+'18'!I212+'19'!I212+'20'!I212+'21'!I212+'22'!I212+'23'!I212+'24'!I212+'25'!I212+'26'!I212+'27'!I212+'28'!I212+'29'!I212+'30'!I212+'31.'!I212 -> 0 | K212: =+'1'!K212+'2'!K212+'3'!K212+'4'!K212+'5'!K212+'6'!K212+'7'!K212+'8'!K212+'9'!K212+'10'!K212+'11'!K212+'12'!K212+'13'!K212+'14'!K212+'15'!K212+'16'!K212+'17'!K212+'18'!K212+'19'!K212+'20'!K212+'21'!K212+'22'!K212+'23'!K212+'24'!K212+'25'!K212+'26'!K212+'27'!K212+'28'!K212+'29'!K212+'30'!K212+'31.'!K212 -> 0 | N212: =+I212*M212 -> 0
A213: 209 | C213: =+ยกมา!H214 -> 0 | D213: ='1'!D213+'2'!D213+'3'!D213+'4'!D213+'5'!D213+'6'!D213+'7'!D213+'8'!D213+'9'!D213+'10'!D213+'11'!D213+'12'!D213+'13'!D213+'14'!D213+'15'!D213+'16'!D213+'17'!D213+'18'!D213+'19'!D213+'20'!D213+'21'!D213+'22'!D213+'23'!D213+'24'!D213+'25'!D213+'26'!D213+'27'!D213+'28'!D213+'29'!D213+'30'!D213+'31.'!D213 -> 0 | E213: =+C213+D213 -> 0 | F213: =+'1'!F213+'2'!F213+'3'!F213+'4'!F213+'5'!F213+'6'!F213+'7'!F213+'8'!F213+'9'!F213+'10'!F213+'11'!F213+'12'!F213+'13'!F213+'14'!F213+'15'!F213+'16'!F213+'17'!F213+'18'!F213+'19'!F213+'20'!F213+'21'!F213+'22'!F213+'23'!F213+'24'!F213+'25'!F213+'26'!F213+'27'!F213+'28'!F213+'29'!F213+'30'!F213+'31.'!F213 -> 0 | G213: =+'1'!G213+'2'!G213+'3'!G213+'4'!G213+'5'!G213+'6'!G213+'7'!G213+'8'!G213+'9'!G213+'10'!G213+'11'!G213+'12'!G213+'13'!G213+'14'!G213+'15'!G213+'16'!G213+'17'!G213+'18'!G213+'19'!G213+'20'!G213+'21'!G213+'22'!G213+'23'!G213+'24'!G213+'25'!G213+'26'!G213+'27'!G213+'28'!G213+'29'!G213+'30'!G213+'31.'!G213 -> 0 | H213: =C213+D213-F213-I213-G213 -> 0 | I213: =+'1'!I213+'2'!I213+'3'!I213+'4'!I213+'5'!I213+'6'!I213+'7'!I213+'8'!I213+'9'!I213+'10'!I213+'11'!I213+'12'!I213+'13'!I213+'14'!I213+'15'!I213+'16'!I213+'17'!I213+'18'!I213+'19'!I213+'20'!I213+'21'!I213+'22'!I213+'23'!I213+'24'!I213+'25'!I213+'26'!I213+'27'!I213+'28'!I213+'29'!I213+'30'!I213+'31.'!I213 -> 0 | K213: =+'1'!K213+'2'!K213+'3'!K213+'4'!K213+'5'!K213+'6'!K213+'7'!K213+'8'!K213+'9'!K213+'10'!K213+'11'!K213+'12'!K213+'13'!K213+'14'!K213+'15'!K213+'16'!K213+'17'!K213+'18'!K213+'19'!K213+'20'!K213+'21'!K213+'22'!K213+'23'!K213+'24'!K213+'25'!K213+'26'!K213+'27'!K213+'28'!K213+'29'!K213+'30'!K213+'31.'!K213 -> 0 | N213: =+I213*M213 -> 0
A214: 210 | C214: =+ยกมา!H215 -> 0 | D214: ='1'!D214+'2'!D214+'3'!D214+'4'!D214+'5'!D214+'6'!D214+'7'!D214+'8'!D214+'9'!D214+'10'!D214+'11'!D214+'12'!D214+'13'!D214+'14'!D214+'15'!D214+'16'!D214+'17'!D214+'18'!D214+'19'!D214+'20'!D214+'21'!D214+'22'!D214+'23'!D214+'24'!D214+'25'!D214+'26'!D214+'27'!D214+'28'!D214+'29'!D214+'30'!D214+'31.'!D214 -> 0 | E214: =+C214+D214 -> 0 | F214: =+'1'!F214+'2'!F214+'3'!F214+'4'!F214+'5'!F214+'6'!F214+'7'!F214+'8'!F214+'9'!F214+'10'!F214+'11'!F214+'12'!F214+'13'!F214+'14'!F214+'15'!F214+'16'!F214+'17'!F214+'18'!F214+'19'!F214+'20'!F214+'21'!F214+'22'!F214+'23'!F214+'24'!F214+'25'!F214+'26'!F214+'27'!F214+'28'!F214+'29'!F214+'30'!F214+'31.'!F214 -> 0 | G214: =+'1'!G214+'2'!G214+'3'!G214+'4'!G214+'5'!G214+'6'!G214+'7'!G214+'8'!G214+'9'!G214+'10'!G214+'11'!G214+'12'!G214+'13'!G214+'14'!G214+'15'!G214+'16'!G214+'17'!G214+'18'!G214+'19'!G214+'20'!G214+'21'!G214+'22'!G214+'23'!G214+'24'!G214+'25'!G214+'26'!G214+'27'!G214+'28'!G214+'29'!G214+'30'!G214+'31.'!G214 -> 0 | H214: =C214+D214-F214-I214-G214 -> 0 | I214: =+'1'!I214+'2'!I214+'3'!I214+'4'!I214+'5'!I214+'6'!I214+'7'!I214+'8'!I214+'9'!I214+'10'!I214+'11'!I214+'12'!I214+'13'!I214+'14'!I214+'15'!I214+'16'!I214+'17'!I214+'18'!I214+'19'!I214+'20'!I214+'21'!I214+'22'!I214+'23'!I214+'24'!I214+'25'!I214+'26'!I214+'27'!I214+'28'!I214+'29'!I214+'30'!I214+'31.'!I214 -> 0 | K214: =+'1'!K214+'2'!K214+'3'!K214+'4'!K214+'5'!K214+'6'!K214+'7'!K214+'8'!K214+'9'!K214+'10'!K214+'11'!K214+'12'!K214+'13'!K214+'14'!K214+'15'!K214+'16'!K214+'17'!K214+'18'!K214+'19'!K214+'20'!K214+'21'!K214+'22'!K214+'23'!K214+'24'!K214+'25'!K214+'26'!K214+'27'!K214+'28'!K214+'29'!K214+'30'!K214+'31.'!K214 -> 0 | N214: =+I214*M214 -> 0
A215: 211 | C215: =+ยกมา!H216 -> 0 | D215: ='1'!D215+'2'!D215+'3'!D215+'4'!D215+'5'!D215+'6'!D215+'7'!D215+'8'!D215+'9'!D215+'10'!D215+'11'!D215+'12'!D215+'13'!D215+'14'!D215+'15'!D215+'16'!D215+'17'!D215+'18'!D215+'19'!D215+'20'!D215+'21'!D215+'22'!D215+'23'!D215+'24'!D215+'25'!D215+'26'!D215+'27'!D215+'28'!D215+'29'!D215+'30'!D215+'31.'!D215 -> 0 | E215: =+C215+D215 -> 0 | F215: =+'1'!F215+'2'!F215+'3'!F215+'4'!F215+'5'!F215+'6'!F215+'7'!F215+'8'!F215+'9'!F215+'10'!F215+'11'!F215+'12'!F215+'13'!F215+'14'!F215+'15'!F215+'16'!F215+'17'!F215+'18'!F215+'19'!F215+'20'!F215+'21'!F215+'22'!F215+'23'!F215+'24'!F215+'25'!F215+'26'!F215+'27'!F215+'28'!F215+'29'!F215+'30'!F215+'31.'!F215 -> 0 | G215: =+'1'!G215+'2'!G215+'3'!G215+'4'!G215+'5'!G215+'6'!G215+'7'!G215+'8'!G215+'9'!G215+'10'!G215+'11'!G215+'12'!G215+'13'!G215+'14'!G215+'15'!G215+'16'!G215+'17'!G215+'18'!G215+'19'!G215+'20'!G215+'21'!G215+'22'!G215+'23'!G215+'24'!G215+'25'!G215+'26'!G215+'27'!G215+'28'!G215+'29'!G215+'30'!G215+'31.'!G215 -> 0 | H215: =C215+D215-F215-I215-G215 -> 0 | I215: =+'1'!I215+'2'!I215+'3'!I215+'4'!I215+'5'!I215+'6'!I215+'7'!I215+'8'!I215+'9'!I215+'10'!I215+'11'!I215+'12'!I215+'13'!I215+'14'!I215+'15'!I215+'16'!I215+'17'!I215+'18'!I215+'19'!I215+'20'!I215+'21'!I215+'22'!I215+'23'!I215+'24'!I215+'25'!I215+'26'!I215+'27'!I215+'28'!I215+'29'!I215+'30'!I215+'31.'!I215 -> 0 | K215: =+'1'!K215+'2'!K215+'3'!K215+'4'!K215+'5'!K215+'6'!K215+'7'!K215+'8'!K215+'9'!K215+'10'!K215+'11'!K215+'12'!K215+'13'!K215+'14'!K215+'15'!K215+'16'!K215+'17'!K215+'18'!K215+'19'!K215+'20'!K215+'21'!K215+'22'!K215+'23'!K215+'24'!K215+'25'!K215+'26'!K215+'27'!K215+'28'!K215+'29'!K215+'30'!K215+'31.'!K215 -> 0 | N215: =+I215*M215 -> 0
A216: 212 | C216: =+ยกมา!H217 -> 0 | D216: ='1'!D216+'2'!D216+'3'!D216+'4'!D216+'5'!D216+'6'!D216+'7'!D216+'8'!D216+'9'!D216+'10'!D216+'11'!D216+'12'!D216+'13'!D216+'14'!D216+'15'!D216+'16'!D216+'17'!D216+'18'!D216+'19'!D216+'20'!D216+'21'!D216+'22'!D216+'23'!D216+'24'!D216+'25'!D216+'26'!D216+'27'!D216+'28'!D216+'29'!D216+'30'!D216+'31.'!D216 -> 0 | E216: =+C216+D216 -> 0 | F216: =+'1'!F216+'2'!F216+'3'!F216+'4'!F216+'5'!F216+'6'!F216+'7'!F216+'8'!F216+'9'!F216+'10'!F216+'11'!F216+'12'!F216+'13'!F216+'14'!F216+'15'!F216+'16'!F216+'17'!F216+'18'!F216+'19'!F216+'20'!F216+'21'!F216+'22'!F216+'23'!F216+'24'!F216+'25'!F216+'26'!F216+'27'!F216+'28'!F216+'29'!F216+'30'!F216+'31.'!F216 -> 0 | G216: =+'1'!G216+'2'!G216+'3'!G216+'4'!G216+'5'!G216+'6'!G216+'7'!G216+'8'!G216+'9'!G216+'10'!G216+'11'!G216+'12'!G216+'13'!G216+'14'!G216+'15'!G216+'16'!G216+'17'!G216+'18'!G216+'19'!G216+'20'!G216+'21'!G216+'22'!G216+'23'!G216+'24'!G216+'25'!G216+'26'!G216+'27'!G216+'28'!G216+'29'!G216+'30'!G216+'31.'!G216 -> 0 | H216: =C216+D216-F216-I216-G216 -> 0 | I216: =+'1'!I216+'2'!I216+'3'!I216+'4'!I216+'5'!I216+'6'!I216+'7'!I216+'8'!I216+'9'!I216+'10'!I216+'11'!I216+'12'!I216+'13'!I216+'14'!I216+'15'!I216+'16'!I216+'17'!I216+'18'!I216+'19'!I216+'20'!I216+'21'!I216+'22'!I216+'23'!I216+'24'!I216+'25'!I216+'26'!I216+'27'!I216+'28'!I216+'29'!I216+'30'!I216+'31.'!I216 -> 0 | K216: =+'1'!K216+'2'!K216+'3'!K216+'4'!K216+'5'!K216+'6'!K216+'7'!K216+'8'!K216+'9'!K216+'10'!K216+'11'!K216+'12'!K216+'13'!K216+'14'!K216+'15'!K216+'16'!K216+'17'!K216+'18'!K216+'19'!K216+'20'!K216+'21'!K216+'22'!K216+'23'!K216+'24'!K216+'25'!K216+'26'!K216+'27'!K216+'28'!K216+'29'!K216+'30'!K216+'31.'!K216 -> 0 | N216: =+I216*M216 -> 0
A217: 213 | C217: =+ยกมา!H218 -> 0 | D217: ='1'!D217+'2'!D217+'3'!D217+'4'!D217+'5'!D217+'6'!D217+'7'!D217+'8'!D217+'9'!D217+'10'!D217+'11'!D217+'12'!D217+'13'!D217+'14'!D217+'15'!D217+'16'!D217+'17'!D217+'18'!D217+'19'!D217+'20'!D217+'21'!D217+'22'!D217+'23'!D217+'24'!D217+'25'!D217+'26'!D217+'27'!D217+'28'!D217+'29'!D217+'30'!D217+'31.'!D217 -> 0 | E217: =+C217+D217 -> 0 | F217: =+'1'!F217+'2'!F217+'3'!F217+'4'!F217+'5'!F217+'6'!F217+'7'!F217+'8'!F217+'9'!F217+'10'!F217+'11'!F217+'12'!F217+'13'!F217+'14'!F217+'15'!F217+'16'!F217+'17'!F217+'18'!F217+'19'!F217+'20'!F217+'21'!F217+'22'!F217+'23'!F217+'24'!F217+'25'!F217+'26'!F217+'27'!F217+'28'!F217+'29'!F217+'30'!F217+'31.'!F217 -> 0 | G217: =+'1'!G217+'2'!G217+'3'!G217+'4'!G217+'5'!G217+'6'!G217+'7'!G217+'8'!G217+'9'!G217+'10'!G217+'11'!G217+'12'!G217+'13'!G217+'14'!G217+'15'!G217+'16'!G217+'17'!G217+'18'!G217+'19'!G217+'20'!G217+'21'!G217+'22'!G217+'23'!G217+'24'!G217+'25'!G217+'26'!G217+'27'!G217+'28'!G217+'29'!G217+'30'!G217+'31.'!G217 -> 0 | H217: =C217+D217-F217-I217-G217 -> 0 | I217: =+'1'!I217+'2'!I217+'3'!I217+'4'!I217+'5'!I217+'6'!I217+'7'!I217+'8'!I217+'9'!I217+'10'!I217+'11'!I217+'12'!I217+'13'!I217+'14'!I217+'15'!I217+'16'!I217+'17'!I217+'18'!I217+'19'!I217+'20'!I217+'21'!I217+'22'!I217+'23'!I217+'24'!I217+'25'!I217+'26'!I217+'27'!I217+'28'!I217+'29'!I217+'30'!I217+'31.'!I217 -> 0 | K217: =+'1'!K217+'2'!K217+'3'!K217+'4'!K217+'5'!K217+'6'!K217+'7'!K217+'8'!K217+'9'!K217+'10'!K217+'11'!K217+'12'!K217+'13'!K217+'14'!K217+'15'!K217+'16'!K217+'17'!K217+'18'!K217+'19'!K217+'20'!K217+'21'!K217+'22'!K217+'23'!K217+'24'!K217+'25'!K217+'26'!K217+'27'!K217+'28'!K217+'29'!K217+'30'!K217+'31.'!K217 -> 0 | N217: =+I217*M217 -> 0
A218: 214 | C218: =+ยกมา!H219 -> 0 | D218: ='1'!D218+'2'!D218+'3'!D218+'4'!D218+'5'!D218+'6'!D218+'7'!D218+'8'!D218+'9'!D218+'10'!D218+'11'!D218+'12'!D218+'13'!D218+'14'!D218+'15'!D218+'16'!D218+'17'!D218+'18'!D218+'19'!D218+'20'!D218+'21'!D218+'22'!D218+'23'!D218+'24'!D218+'25'!D218+'26'!D218+'27'!D218+'28'!D218+'29'!D218+'30'!D218+'31.'!D218 -> 0 | E218: =+C218+D218 -> 0 | F218: =+'1'!F218+'2'!F218+'3'!F218+'4'!F218+'5'!F218+'6'!F218+'7'!F218+'8'!F218+'9'!F218+'10'!F218+'11'!F218+'12'!F218+'13'!F218+'14'!F218+'15'!F218+'16'!F218+'17'!F218+'18'!F218+'19'!F218+'20'!F218+'21'!F218+'22'!F218+'23'!F218+'24'!F218+'25'!F218+'26'!F218+'27'!F218+'28'!F218+'29'!F218+'30'!F218+'31.'!F218 -> 0 | G218: =+'1'!G218+'2'!G218+'3'!G218+'4'!G218+'5'!G218+'6'!G218+'7'!G218+'8'!G218+'9'!G218+'10'!G218+'11'!G218+'12'!G218+'13'!G218+'14'!G218+'15'!G218+'16'!G218+'17'!G218+'18'!G218+'19'!G218+'20'!G218+'21'!G218+'22'!G218+'23'!G218+'24'!G218+'25'!G218+'26'!G218+'27'!G218+'28'!G218+'29'!G218+'30'!G218+'31.'!G218 -> 0 | H218: =C218+D218-F218-I218-G218 -> 0 | I218: =+'1'!I218+'2'!I218+'3'!I218+'4'!I218+'5'!I218+'6'!I218+'7'!I218+'8'!I218+'9'!I218+'10'!I218+'11'!I218+'12'!I218+'13'!I218+'14'!I218+'15'!I218+'16'!I218+'17'!I218+'18'!I218+'19'!I218+'20'!I218+'21'!I218+'22'!I218+'23'!I218+'24'!I218+'25'!I218+'26'!I218+'27'!I218+'28'!I218+'29'!I218+'30'!I218+'31.'!I218 -> 0 | K218: =+'1'!K218+'2'!K218+'3'!K218+'4'!K218+'5'!K218+'6'!K218+'7'!K218+'8'!K218+'9'!K218+'10'!K218+'11'!K218+'12'!K218+'13'!K218+'14'!K218+'15'!K218+'16'!K218+'17'!K218+'18'!K218+'19'!K218+'20'!K218+'21'!K218+'22'!K218+'23'!K218+'24'!K218+'25'!K218+'26'!K218+'27'!K218+'28'!K218+'29'!K218+'30'!K218+'31.'!K218 -> 0 | N218: =+I218*M218 -> 0
... A224: 220 | C224: =+ยกมา!H225 -> 0 | D224: ='1'!D224+'2'!D224+'3'!D224+'4'!D224+'5'!D224+'6'!D224+'7'!D224+'8'!D224+'9'!D224+'10'!D224+'11'!D224+'12'!D224+'13'!D224+'14'!D224+'15'!D224+'16'!D224+'17'!D224+'18'!D224+'19'!D224+'20'!D224+'21'!D224+'22'!D224+'23'!D224+'24'!D224+'25'!D224+'26'!D224+'27'!D224+'28'!D224+'29'!D224+'30'!D224+'31.'!D224 -> 0 | E224: =+C224+D224 -> 0 | F224: =+'1'!F224+'2'!F224+'3'!F224+'4'!F224+'5'!F224+'6'!F224+'7'!F224+'8'!F224+'9'!F224+'10'!F224+'11'!F224+'12'!F224+'13'!F224+'14'!F224+'15'!F224+'16'!F224+'17'!F224+'18'!F224+'19'!F224+'20'!F224+'21'!F224+'22'!F224+'23'!F224+'24'!F224+'25'!F224+'26'!F224+'27'!F224+'28'!F224+'29'!F224+'30'!F224+'31.'!F224 -> 0 | G224: =+'1'!G224+'2'!G224+'3'!G224+'4'!G224+'5'!G224+'6'!G224+'7'!G224+'8'!G224+'9'!G224+'10'!G224+'11'!G224+'12'!G224+'13'!G224+'14'!G224+'15'!G224+'16'!G224+'17'!G224+'18'!G224+'19'!G224+'20'!G224+'21'!G224+'22'!G224+'23'!G224+'24'!G224+'25'!G224+'26'!G224+'27'!G224+'28'!G224+'29'!G224+'30'!G224+'31.'!G224 -> 0 | H224: =C224+D224-F224-I224-G224 -> 0 | I224: =+'1'!I224+'2'!I224+'3'!I224+'4'!I224+'5'!I224+'6'!I224+'7'!I224+'8'!I224+'9'!I224+'10'!I224+'11'!I224+'12'!I224+'13'!I224+'14'!I224+'15'!I224+'16'!I224+'17'!I224+'18'!I224+'19'!I224+'20'!I224+'21'!I224+'22'!I224+'23'!I224+'24'!I224+'25'!I224+'26'!I224+'27'!I224+'28'!I224+'29'!I224+'30'!I224+'31.'!I224 -> 0 | K224: =+'1'!K224+'2'!K224+'3'!K224+'4'!K224+'5'!K224+'6'!K224+'7'!K224+'8'!K224+'9'!K224+'10'!K224+'11'!K224+'12'!K224+'13'!K224+'14'!K224+'15'!K224+'16'!K224+'17'!K224+'18'!K224+'19'!K224+'20'!K224+'21'!K224+'22'!K224+'23'!K224+'24'!K224+'25'!K224+'26'!K224+'27'!K224+'28'!K224+'29'!K224+'30'!K224+'31.'!K224 -> 0 | N224: =+I224*M224 -> 0
A225: รายละเอียดการจ่ายค่า คอมมิสชั่น | M225: รวมต้นทุนสินค้า | N225: =SUM(N5:N224) -> 0
A226: สรุปยอดรับ-จ่าย | C226: ค่าคอมมิสชั่น | E226: หักค่าใช้จ่ายอื่น | H226: ยอดรวมทั้งหมด | K226: =SUM(K5:K224) -> 76765 | L226: โอนหน้าร้าน
A227: ยอดขายหน้าร้าน | B227: =+K229 -> 76765 | C227: ยอดขายรวมทั้งหมด | D227: =+K226 -> 76765 | E227: ค่าโอนเงิน | F227: =SUM(S36) -> 0 | L227: =+U36 -> 26665
C228: หัก ส่วนลด | D228: =L229 -> 6475 | F228: 0 | H228: หัก สแกนใช้สิทธิ์ | K228: =-R36 -> 0 | L228: หัก ส่วนลด
...

Sheet ยกมา
A2: บูธ ตลาดดิโอโซน วันที่ 1-30 ก.ย. 67 | R2: สินค้า SALE
A3: ลำดับ | B3: รายการ | C3: ยกมา | D3: รับ | E3: รวม | F3: เปลี่ยน/ | G3: โยกย้าย / ระบาย | H3: คงเหลือ | I3: รายการขาย | L3: หมายเหตุ | M3: ส่วนลด | O3: ราคาต้นทุน | P3: ยอดรวมต้นทุนสินค้า | R3: ลำดับ | S3: รายการ | T3: ยกมา | U3: รับ | V3: รวม | W3: เปลี่ยน/ | X3: คงเหลือ | Y3: รายการขาย | AB3: หมายเหตุ | AC3: ส่วนลด
F4: คืน/เสีย | I4: จำนวน | J4: @ | K4: เป็นเงิน | W4: คืน/เสีย | Y4: จำนวน | Z4: @ | AA4: เป็นเงิน
A5: 1 | B5: ชิฟฟ่อนเค้ก รวมรส (4 ชิ้น) | C5: 7 | D5: 0 | E5: =C5+D5 -> 7 | F5: 0 | G5: 0 | H5: =+E5-F5-I5 -> 7 | J5: 50 | K5: =+J5*I5 -> 0 | L5: - | N5: =SUM(K5-M5) -> 0 | P5: =+I5*O5 -> 0 | R5: 1 | T5: 0 | U5: 0 | V5: =T5+U5 -> 0 | W5: 0 | X5: =V5-W5-Y5 -> 0 | Y5: 0 | AA5: =Y5*Z5 -> 0 | AB5: - | AC5: 0
A6: 2 | B6: ชิฟฟ่อนเค้ก รวมรส (8 ชิ้น) | C6: 47 | D6: 0 | E6: =C6+D6 -> 47 | F6: 0 | G6: 0 | H6: =+E6-F6-I6 -> 47 | J6: 100 | K6: =+J6*I6 -> 0 | L6: - | N6: =SUM(K6-M6) -> 0 | P6: =+I6*O6 -> 0 | R6: 2 | T6: 0 | U6: 0 | V6: =T6+U6 -> 0 | W6: 0 | X6: =V6-W6-Y6 -> 0 | Y6: 0 | AA6: =Y6*Z6 -> 0 | AB6: - | AC6: 0
A7: 3 | B7: ชิฟฟ่อนเค้ก รสกาแฟ (4 ชิ้น) | D7: 0 | E7: =C7+D7 -> 0 | F7: 0 | G7: 0 | H7: =+E7-F7-I7 -> 0 | J7: 50 | K7: =+J7*I7 -> 0 | L7: - | N7: =SUM(K7-M7) -> 0 | P7: =+I7*O7 -> 0 | R7: 3 | T7: 0 | U7: 0 | V7: =T7+U7 -> 0 | W7: 0 | X7: =V7-W7-Y7 -> 0 | Y7: 0 | AA7: =Y7*Z7 -> 0 | AB7: - | AC7: 0
A8: 4 | B8: ชิฟฟ่อนเค้ก รสกาแฟ (8 ชิ้น) | D8: 0 | E8: =C8+D8 -> 0 | F8: 0 | G8: 0 | H8: =+E8-F8-I8 -> 0 | J8: 100 | K8: =+J8*I8 -> 0 | L8: - | N8: =SUM(K8-M8) -> 0 | P8: =+I8*O8 -> 0 | R8: 4 | T8: 0 | U8: 0 | V8: =T8+U8 -> 0 | W8: 0 | X8: =V8-W8-Y8 -> 0 | Y8: 0 | AA8: =Y8*Z8 -> 0 | AB8: - | AC8: 0
A9: 5 | B9: ชิฟฟ่อนเค้ก 1 ชิ้น | D9: 0 | E9: =C9+D9 -> 0 | F9: 0 | G9: 0 | H9: =+E9-F9-I9 -> 0 | J9: 10 | K9: =+J9*I9 -> 0 | L9: - | N9: =SUM(K9-M9) -> 0 | P9: =+I9*O9 -> 0 | R9: 5 | T9: 0 | U9: 0 | V9: =T9+U9 -> 0 | W9: 0 | X9: =V9-W9-Y9 -> 0 | Y9: 0 | AA9: =Y9*Z9 -> 0 | AB9: - | AC9: 0
A10: 6 | B10: ชิฟฟ่อนเค้กสอดไส้แยม 1 ชิ้น | D10: 0 | E10: =C10+D10 -> 0 | F10: 0 | G10: 0 | H10: =+E10-F10-I10 -> 0 | J10: 15 | K10: =+J10*I10 -> 0 | L10: - | N10: =SUM(K10-M10) -> 0 | P10: =+I10*O10 -> 0 | R10: 6 | T10: 0 | U10: 0 | V10: =T10+U10 -> 0 | W10: 0 | X10: =V10-W10-Y10 -> 0 | Y10: 0 | AA10: =Y10*Z10 -> 0 | AB10: - | AC10: 0
A11: 7 | B11: ชิฟฟ่อนเค้กสอดไส้ รวมรส (3 ชิ้น) | C11: 18 | D11: 0 | E11: =C11+D11 -> 18 | F11: 0 | G11: 0 | H11: =+E11-F11-I11 -> 18 | J11: 50 | K11: =+J11*I11 -> 0 | L11: - | N11: =SUM(K11-M11) -> 0 | P11: =+I11*O11 -> 0 | R11: 7 | T11: 0 | U11: 0 | V11: =T11+U11 -> 0 | W11: 0 | X11: =V11-W11-Y11 -> 0 | Y11: 0 | AA11: =Y11*Z11 -> 0 | AB11: - | AC11: 0
A12: 8 | B12: ชิฟฟ่อนเค้กสอดไส้ เมล่อน (3 ชิ้น) | D12: 0 | E12: =C12+D12 -> 0 | F12: 0 | G12: 0 | H12: =+E12-F12-I12 -> 0 | J12: 50 | K12: =+J12*I12 -> 0 | L12: - | N12: =SUM(K12-M12) -> 0 | P12: =+I12*O12 -> 0 | R12: 8 | T12: 0 | U12: 0 | V12: =T12+U12 -> 0 | W12: 0 | X12: =V12-W12-Y12 -> 0 | Y12: 0 | AA12: =Y12*Z12 -> 0 | AB12: - | AC12: 0
A13: 9 | B13: ชิฟฟ่อนเค้กสอดไส้แยม รสบลูเบอร์รี่ (3 ชิ้น) | D13: 0 | E13: =C13+D13 -> 0 | F13: 0 | G13: 0 | H13: =+E13-F13-I13 -> 0 | J13: 50 | K13: =+J13*I13 -> 0 | L13: - | N13: =SUM(K13-M13) -> 0 | P13: =+I13*O13 -> 0 | R13: 9 | T13: 0 | U13: 0 | V13: =T13+U13 -> 0 | W13: 0 | X13: =V13-W13-Y13 -> 0 | Y13: 0 | AA13: =Y13*Z13 -> 0 | AB13: - | AC13: 0
A14: 10 | B14: ชิฟฟ่อนเค้กสอดไส้แยม รสส้ม (3 ชิ้น) | C14: 21 | D14: 0 | E14: =C14+D14 -> 21 | F14: 0 | G14: 0 | H14: =+E14-F14-I14 -> 21 | J14: 50 | K14: =+J14*I14 -> 0 | L14: - | N14: =SUM(K14-M14) -> 0 | P14: =+I14*O14 -> 0 | R14: 10 | T14: 0 | U14: 0 | V14: =T14+U14 -> 0 | W14: 0 | X14: =V14-W14-Y14 -> 0 | Y14: 0 | AA14: =Y14*Z14 -> 0 | AB14: - | AC14: 0
A15: 11 | B15: ชิฟฟ่อนเค้กหน้าฝอยทอง สอดไส้แยมส้ม (3 ชิ้น) | D15: 0 | E15: =C15+D15 -> 0 | F15: 0 | G15: 0 | H15: =+E15-F15-I15 -> 0 | J15: 50 | K15: =+J15*I15 -> 0 | L15: - | N15: =SUM(K15-M15) -> 0 | P15: =+I15*O15 -> 0 | R15: 11 | T15: 0 | U15: 0 | V15: =T15+U15 -> 0 | W15: 0 | X15: =V15-W15-Y15 -> 0 | Y15: 0 | AA15: =Y15*Z15 -> 0 | AB15: - | AC15: 0
A16: 12 | B16: ชิฟฟ่อนเค้กหน้าฝอยทองทูโทน สอดไส้แยมส้ม (3 ชิ้น) | C16: 20 | D16: 0 | E16: =C16+D16 -> 20 | F16: 0 | G16: 0 | H16: =+E16-F16-I16 -> 20 | J16: 50 | K16: =+J16*I16 -> 0 | L16: - | N16: =SUM(K16-M16) -> 0 | P16: =+I16*O16 -> 0 | R16: 12 | T16: 0 | U16: 0 | V16: =T16+U16 -> 0 | W16: 0 | X16: =V16-W16-Y16 -> 0 | Y16: 0 | AA16: =Y16*Z16 -> 0 | AB16: - | AC16: 0
A17: 13 | B17: ชิฟฟ่อนเค้กสอดไส้แยม รสสตรอว์เบอรี่ (3 ชิ้น) | D17: 0 | E17: =C17+D17 -> 0 | F17: 0 | G17: 0 | H17: =+E17-F17-I17 -> 0 | J17: 50 | K17: =+J17*I17 -> 0 | L17: - | N17: =SUM(K17-M17) -> 0 | P17: =+I17*O17 -> 0 | R17: 13 | T17: 0 | U17: 0 | V17: =T17+U17 -> 0 | W17: 0 | X17: =V17-W17-Y17 -> 0 | Y17: 0 | AA17: =Y17*Z17 -> 0 | AB17: - | AC17: 0
A18: 14 | B18: ชิฟฟ่อนเค้กสอดไส้ เนยมะพร้าว (3 ชิ้น) | C18: 17 | D18: 0 | E18: =C18+D18 -> 17 | F18: 0 | G18: 0 | H18: =+E18-F18-I18 -> 17 | J18: 50 | K18: =+J18*I18 -> 0 | L18: - | N18: =SUM(K18-M18) -> 0 | P18: =+I18*O18 -> 0 | R18: 14 | T18: 0 | U18: 0 | V18: =T18+U18 -> 0 | W18: 0 | X18: =V18-W18-Y18 -> 0 | Y18: 0 | AA18: =Y18*Z18 -> 0 | AB18: - | AC18: 0
A19: 15 | B19: ชิฟฟ่อนเค้กสอดไส้ นมชมพูฮอกไกโด (3 ชิ้น) | D19: 0 | E19: =C19+D19 -> 0 | F19: 0 | G19: 0 | H19: =+E19-F19-I19 -> 0 | J19: 50 | K19: =+J19*I19 -> 0 | L19: - | N19: =SUM(K19-M19) -> 0 | P19: =+I19*O19 -> 0 | R19: 15 | T19: 0 | U19: 0 | V19: =T19+U19 -> 0 | W19: 0 | X19: =V19-W19-Y19 -> 0 | Y19: 0 | AA19: =Y19*Z19 -> 0 | AB19: - | AC19: 0
A20: 16 | B20: ชิฟฟ่อน สอดไส้ (ล) 4 ชิ้น ครีมมะพร้าว | D20: 0 | E20: =C20+D20 -> 0 | F20: 0 | G20: 0 | H20: =+E20-F20-I20 -> 0 | J20: 65 | K20: =+J20*I20 -> 0 | L20: - | N20: =SUM(K20-M20) -> 0 | P20: =+I20*O20 -> 0 | R20: 16 | T20: 0 | U20: 0 | V20: =T20+U20 -> 0 | W20: 0 | X20: =V20-W20-Y20 -> 0 | Y20: 0 | AA20: =Y20*Z20 -> 0 | AB20: - | AC20: 0
A21: 17 | B21: ชิฟฟ่อน สอดไส้ (ก) 5 ชิ้น ครีมมะพร้าว | D21: 0 | E21: =C21+D21 -> 0 | F21: 0 | G21: 0 | H21: =+E21-F21-I21 -> 0 | J21: 85 | K21: =+J21*I21 -> 0 | L21: - | N21: =SUM(K21-M21) -> 0 | P21: =+I21*O21 -> 0 | R21: 17 | T21: 0 | U21: 0 | V21: =T21+U21 -> 0 | W21: 0 | X21: =V21-W21-Y21 -> 0 | Y21: 0 | AA21: =Y21*Z21 -> 0 | AB21: - | AC21: 0
A22: 18 | B22: ชิฟฟ่อนเค้กสอดไส้ รวมรส (6 ชิ้น) | C22: 18 | D22: 0 | E22: =C22+D22 -> 18 | F22: 0 | G22: 0 | H22: =+E22-F22-I22 -> 18 | J22: 100 | K22: =+J22*I22 -> 0 | L22: - | N22: =SUM(K22-M22) -> 0 | P22: =+I22*O22 -> 0 | R22: 18 | T22: 0 | U22: 0 | V22: =T22+U22 -> 0 | W22: 0 | X22: =V22-W22-Y22 -> 0 | Y22: 0 | AA22: =Y22*Z22 -> 0 | AB22: - | AC22: 0
A23: 19 | B23: ชิฟฟ่อนเค้กสอดไส้แยม รสส้ม (6 ชิ้น) | D23: 0 | E23: =C23+D23 -> 0 | F23: 0 | G23: 0 | H23: =+E23-F23-I23 -> 0 | J23: 100 | K23: =+J23*I23 -> 0 | L23: - | N23: =SUM(K23-M23) -> 0 | P23: =+I23*O23 -> 0 | R23: 19 | T23: 0 | U23: 0 | V23: =T23+U23 -> 0 | W23: 0 | X23: =V23-W23-Y23 -> 0 | Y23: 0 | AA23: =Y23*Z23 -> 0 | AB23: - | AC23: 0
A24: 20 | B24: ชิฟฟ่อนเค้กหน้าฝอยทอง สอดไส้แยมส้ม (6 ชิ้น) | C24: 13 | D24: 0 | E24: =C24+D24 -> 13 | F24: 0 | G24: 0 | H24: =+E24-F24-I24 -> 13 | J24: 100 | K24: =+J24*I24 -> 0 | L24: - | N24: =SUM(K24-M24) -> 0 | P24: =+I24*O24 -> 0 | R24: 20 | T24: 0 | U24: 0 | V24: =T24+U24 -> 0 | W24: 0 | X24: =V24-W24-Y24 -> 0 | Y24: 0 | AA24: =Y24*Z24 -> 0 | AB24: - | AC24: 0
A25: 21 | B25: ชิฟฟ่อนเค้กหน้าฝอยทองทูโทน สอดไส้แยมส้ม (6 ชิ้น) | D25: 0 | E25: =C25+D25 -> 0 | F25: 0 | G25: 0 | H25: =+E25-F25-I25 -> 0 | J25: 100 | K25: =+J25*I25 -> 0 | L25: - | N25: =SUM(K25-M25) -> 0 | P25: =+I25*O25 -> 0 | R25: 21 | T25: 0 | U25: 0 | V25: =T25+U25 -> 0 | W25: 0 | X25: =V25-W25-Y25 -> 0 | Y25: 0 | AA25: =Y25*Z25 -> 0 | AB25: - | AC25: 0
A26: 22 | B26: ชิฟฟ่อนเค้กสอดไส้ นมชมพูฮอกไกโด (6 ชิ้น) | D26: 0 | E26: =C26+D26 -> 0 | F26: 0 | G26: 0 | H26: =+E26-F26-I26 -> 0 | J26: 100 | K26: =+J26*I26 -> 0 | L26: - | N26: =SUM(K26-M26) -> 0 | P26: =+I26*O26 -> 0 | R26: 22 | T26: 0 | U26: 0 | V26: =T26+U26 -> 0 | W26: 0 | X26: =V26-W26-Y26 -> 0 | Y26: 0 | AA26: =Y26*Z26 -> 0 | AB26: - | AC26: 0
A27: 23 | B27: ชิฟฟ่อนเค้กสอดไส้แยม รสบลูเบอร์รี่ (6 ชิ้น) | D27: 0 | E27: =C27+D27 -> 0 | F27: 0 | G27: 0 | H27: =+E27-F27-I27 -> 0 | J27: 100 | K27: =+J27*I27 -> 0 | L27: - | N27: =SUM(K27-M27) -> 0 | P27: =+I27*O27 -> 0 | R27: 23 | T27: 0 | U27: 0 | V27: =T27+U27 -> 0 | W27: 0 | X27: =V27-W27-Y27 -> 0 | Y27: 0 | AA27: =Y27*Z27 -> 0 | AB27: - | AC27: 0
A28: 24 | B28: ชิฟฟ่อนเค้กสอดไส้ เนยมะพร้าว (6 ชิ้น) | C28: 14 | D28: 0 | E28: =C28+D28 -> 14 | F28: 0 | G28: 0 | H28: =+E28-F28-I28 -> 14 | J28: 100 | K28: =+J28*I28 -> 0 | L28: - | N28: =SUM(K28-M28) -> 0 | P28: =+I28*O28 -> 0 | R28: 24 | T28: 0 | U28: 0 | V28: =T28+U28 -> 0 | W28: 0 | X28: =V28-W28-Y28 -> 0 | Y28: 0 | AA28: =Y28*Z28 -> 0 | AB28: - | AC28: 0
A29: 25 | B29: ชิฟฟ่อนเค้กสอดไส้แยม รสสตรอว์เบอรี่ (6 ชิ้น) | D29: 0 | E29: =C29+D29 -> 0 | F29: 0 | G29: 0 | H29: =+E29-F29-I29 -> 0 | J29: 100 | K29: =+J29*I29 -> 0 | L29: - | N29: =SUM(K29-M29) -> 0 | P29: =+I29*O29 -> 0 | R29: 25 | T29: 0 | U29: 0 | V29: =T29+U29 -> 0 | W29: 0 | X29: =V29-W29-Y29 -> 0 | Y29: 0 | AA29: =Y29*Z29 -> 0 | AB29: - | AC29: 0
A30: 26 | B30: ชิฟฟอนเค้ก รสมะลิ 8ชิ้น (ห่อซีน) | C30: 3 | D30: 0 | E30: =C30+D30 -> 3 | F30: 0 | G30: 0 | H30: =+E30-F30-I30 -> 3 | J30: 100 | K30: =+J30*I30 -> 0 | L30: - | N30: =SUM(K30-M30) -> 0 | P30: =+I30*O30 -> 0 | AC30: 0
A31: 27 | B31: ชิฟฟ่อนรวมรส ยอดฮิต 8 ชิ้น | C31: 7 | D31: 0 | E31: =C31+D31 -> 7 | F31: 0 | G31: 0 | H31: =+E31-F31-I31 -> 7 | J31: 100 | K31: =+J31*I31 -> 0 | L31: - | N31: =SUM(K31-M31) -> 0 | P31: =+I31*O31 -> 0
A32: 28 | B32: ชิฟฟ่อนเค้ก วรรณวนัช (สอดไส้รวมรส 8 ชิ้น) | D32: 0 | E32: =C32+D32 -> 0 | F32: 0 | G32: 0 | H32: =+E32-F32-I32 -> 0 | J32: 130 | K32: =+J32*I32 -> 0 | L32: - | N32: =SUM(K32-M32) -> 0 | P32: =+I32*O32 -> 0 | S32: รวม | AA32: =SUM(AA5:AA29) -> 0
A33: 29 | B33: ชิฟฟ่อนเค้กมะพร้าวสอดไส้ครีมมะพร้าวล้วน (8 ชิ้น) | C33: 2 | D33: 0 | E33: =C33+D33 -> 2 | F33: 0 | G33: 0 | H33: =+E33-F33-I33 -> 2 | J33: 130 | K33: =+J33*I33 -> 0 | L33: - | N33: =SUM(K33-M33) -> 0 | P33: =+I33*O33 -> 0
A34: 30 | B34: ชิฟฟ่อนเค้กใบเตยสอดไส้ครีมมะพร้าวล้วน (8 ชิ้น) | D34: 0 | E34: =C34+D34 -> 0 | F34: 0 | G34: 0 | H34: =+E34-F34-I34 -> 0 | J34: 130 | K34: =+J34*I34 -> 0 | L34: - | N34: =SUM(K34-M34) -> 0 | P34: =+I34*O34 -> 0
A35: 31 | B35: ชิฟฟ่อนครีมมะพร้าว 120 g. (ชิ้น) | D35: 0 | E35: =C35+D35 -> 0 | F35: 0 | G35: 0 | H35: =+E35-F35-I35 -> 0 | J35: 35 | K35: =+J35*I35 -> 0 | L35: - | N35: =SUM(K35-M35) -> 0 | P35: =+I35*O35 -> 0
A36: 32 | B36: ชิฟฟ่อนเค้กฝอยทอง 95 g. (ชิ้น) | D36: 0 | E36: =C36+D36 -> 0 | F36: 0 | G36: 0 | H36: =+E36-F36-I36 -> 0 | J36: 35 | K36: =+J36*I36 -> 0 | L36: - | N36: =SUM(K36-M36) -> 0 | P36: =+I36*O36 -> 0
A37: 33 | B37: ครีมฮอร์น วนิลา | C37: 1 | D37: 0 | E37: =C37+D37 -> 1 | F37: 0 | G37: 0 | H37: =+E37-F37-I37 -> 1 | J37: 50 | K37: =+J37*I37 -> 0 | L37: - | N37: =SUM(K37-M37) -> 0 | P37: =+I37*O37 -> 0
A38: 34 | B38: ครีมฮอร์น ใบเตย | C38: 4 | D38: 0 | E38: =C38+D38 -> 4 | F38: 0 | G38: 0 | H38: =+E38-F38-I38 -> 4 | J38: 50 | K38: =+J38*I38 -> 0 | L38: - | N38: =SUM(K38-M38) -> 0 | P38: =+I38*O38 -> 0
A39: 35 | B39: ครีมฮอร์น ช็อคโกแลต | C39: 5 | D39: 0 | E39: =C39+D39 -> 5 | F39: 0 | G39: 0 | H39: =+E39-F39-I39 -> 5 | J39: 50 | K39: =+J39*I39 -> 0 | L39: - | N39: =SUM(K39-M39) -> 0 | P39: =+I39*O39 -> 0
A40: 36 | B40: ครีมฮอร์นวนิลา จัมโบ้ 65g. | D40: 0 | E40: =C40+D40 -> 0 | F40: 0 | G40: 0 | H40: =+E40-F40-I40 -> 0 | J40: 25 | K40: =+J40*I40 -> 0 | L40: - | N40: =SUM(K40-M40) -> 0 | P40: =+I40*O40 -> 0
A41: 37 | B41: ครีมฮอร์นใบเตย จัมโบ้ 65g. | D41: 0 | E41: =C41+D41 -> 0 | F41: 0 | G41: 0 | H41: =+E41-F41-I41 -> 0 | J41: 25 | K41: =+J41*I41 -> 0 | L41: - | N41: =SUM(K41-M41) -> 0 | P41: =+I41*O41 -> 0
A42: 38 | B42: ครีมฮอร์นชาไทย จัมโบ้ 65g. | D42: 0 | E42: =C42+D42 -> 0 | F42: 0 | G42: 0 | H42: =+E42-F42-I42 -> 0 | J42: 25 | K42: =+J42*I42 -> 0 | L42: - | N42: =SUM(K42-M42) -> 0 | P42: =+I42*O42 -> 0
A43: 39 | B43: เบาหวิว (ล) รสกล้วยหอมมะพร้าวเผา | C43: 1 | D43: 0 | E43: =C43+D43 -> 1 | F43: 0 | G43: 0 | H43: =+E43-F43-I43 -> 1 | J43: 50 | K43: =+J43*I43 -> 0 | L43: - | N43: =SUM(K43-M43) -> 0 | P43: =+I43*O43 -> 0
A44: 40 | B44: เบาหวิว (ล) เผือกมะพร้าว | C44: 1 | D44: 0 | E44: =C44+D44 -> 1 | F44: 0 | G44: 0 | H44: =+E44-F44-I44 -> 1 | J44: 50 | K44: =+J44*I44 -> 0 | L44: - | N44: =SUM(K44-M44) -> 0 | P44: =+I44*O44 -> 0
A45: 41 | B45: เบาหวิว (ล) กาแฟ | C45: 4 | D45: 0 | E45: =C45+D45 -> 4 | F45: 0 | G45: 0 | H45: =+E45-F45-I45 -> 4 | J45: 50 | K45: =+J45*I45 -> 0 | L45: - | N45: =SUM(K45-M45) -> 0 | P45: =+I45*O45 -> 0
A46: 42 | B46: เบาหวิว (ล) เนยนม | D46: 0 | E46: =C46+D46 -> 0 | F46: 0 | G46: 0 | H46: =+E46-F46-I46 -> 0 | J46: 50 | K46: =+J46*I46 -> 0 | L46: - | N46: =SUM(K46-M46) -> 0 | P46: =+I46*O46 -> 0
A47: 43 | B47: เบาหวิว (ล) ใบเตย | D47: 0 | E47: =C47+D47 -> 0 | F47: 0 | G47: 0 | H47: =+E47-F47-I47 -> 0 | J47: 50 | K47: =+J47*I47 -> 0 | L47: - | N47: =SUM(K47-M47) -> 0 | P47: =+I47*O47 -> 0
A48: 44 | B48: เบาหวิว (ล) มะพร้าว | C48: 2 | D48: 0 | E48: =C48+D48 -> 2 | F48: 0 | G48: 0 | H48: =+E48-F48-I48 -> 2 | J48: 50 | K48: =+J48*I48 -> 0 | L48: - | N48: =SUM(K48-M48) -> 0 | P48: =+I48*O48 -> 0
A49: 45 | B49: เบาหวิว (ล) ฝอยทอง | D49: 0 | E49: =C49+D49 -> 0 | F49: 0 | G49: 0 | H49: =+E49-F49-I49 -> 0 | J49: 50 | K49: =+J49*I49 -> 0 | L49: - | N49: =SUM(K49-M49) -> 0 | P49: =+I49*O49 -> 0
A50: 46 | B50: เบาหวิว (ล) ทุเรียน | C50: 3 | D50: 0 | E50: =C50+D50 -> 3 | F50: 0 | G50: 0 | H50: =+E50-F50-I50 -> 3 | J50: 50 | K50: =+J50*I50 -> 0 | L50: - | N50: =SUM(K50-M50) -> 0 | P50: =+I50*O50 -> 0
A51: 47 | B51: เบาหวิว (ล) ลูกตาล | D51: 0 | E51: =C51+D51 -> 0 | F51: 0 | G51: 0 | H51: =+E51-F51-I51 -> 0 | J51: 50 | K51: =+J51*I51 -> 0 | L51: - | N51: =SUM(K51-M51) -> 0 | P51: =+I51*O51 -> 0
A52: 48 | B52: เบาหวิว (ญ) รสมะพร้าว | D52: 0 | E52: =C52+D52 -> 0 | F52: 0 | G52: 0 | H52: =+E52-F52-I52 -> 0 | J52: 120 | K52: =+J52*I52 -> 0 | L52: - | N52: =SUM(K52-M52) -> 0 | P52: =+I52*O52 -> 0
A53: 49 | B53: เบาหวิว (ญ) รสกาแฟ | D53: 0 | E53: =C53+D53 -> 0 | F53: 0 | G53: 0 | H53: =+E53-F53-I53 -> 0 | J53: 120 | K53: =+J53*I53 -> 0 | L53: - | N53: =SUM(K53-M53) -> 0 | P53: =+I53*O53 -> 0
A54: 50 | B54: เบาหวิว (ญ) รสเนยนม | D54: 0 | E54: =C54+D54 -> 0 | F54: 0 | G54: 0 | H54: =+E54-F54-I54 -> 0 | J54: 120 | K54: =+J54*I54 -> 0 | L54: - | N54: =SUM(K54-M54) -> 0 | P54: =+I54*O54 -> 0
A55: 51 | B55: เบาหวิว (ญ) รสใบเตย | D55: 0 | E55: =C55+D55 -> 0 | F55: 0 | G55: 0 | H55: =+E55-F55-I55 -> 0 | J55: 120 | K55: =+J55*I55 -> 0 | L55: - | N55: =SUM(K55-M55) -> 0 | P55: =+I55*O55 -> 0
A56: 52 | B56: เบาหวิว (ญ) ใหม่ รสกล้วยหอมมะพร้าวเผา | D56: 0 | E56: =C56+D56 -> 0 | F56: 0 | G56: 0 | H56: =+E56-F56-I56 -> 0 | J56: 120 | K56: =+J56*I56 -> 0 | L56: - | N56: =SUM(K56-M56) -> 0 | P56: =+I56*O56 -> 0
A57: 53 | B57: เบาหวิว (ญ) ใหม่ รสฝอยทอง | D57: 0 | E57: =C57+D57 -> 0 | F57: 0 | G57: 0 | H57: =+E57-F57-I57 -> 0 | J57: 120 | K57: =+J57*I57 -> 0 | L57: - | N57: =SUM(K57-M57) -> 0 | P57: =+I57*O57 -> 0
A58: 54 | B58: เบาหวิว (ญ) ใหม่ รสเผือกมะพร้าวเผา | D58: 0 | E58: =C58+D58 -> 0 | F58: 0 | G58: 0 | H58: =+E58-F58-I58 -> 0 | J58: 120 | K58: =+J58*I58 -> 0 | L58: - | N58: =SUM(K58-M58) -> 0 | P58: =+I58*O58 -> 0
A59: 55 | B59: โบราณ 4 ชิ้น รวมรส | C59: 2 | D59: 0 | E59: =C59+D59 -> 2 | F59: 0 | G59: 0 | H59: =+E59-F59-I59 -> 2 | J59: 50 | K59: =+J59*I59 -> 0 | L59: - | N59: =SUM(K59-M59) -> 0 | P59: =+I59*O59 -> 0
A60: 56 | B60: โบราณครีม 4 ชิ้น วรรณวนัช | C60: 6 | D60: 0 | E60: =C60+D60 -> 6 | F60: 0 | G60: 0 | H60: =+E60-F60-I60 -> 6 | J60: 50 | K60: =+J60*I60 -> 0 | L60: - | N60: =SUM(K60-M60) -> 0 | P60: =+I60*O60 -> 0
A61: 57 | B61: โบราณผลไม้ 4 ชิ้น วรรณวนัช | C61: 3 | D61: 0 | E61: =C61+D61 -> 3 | F61: 0 | G61: 0 | H61: =+E61-F61-I61 -> 3 | J61: 50 | K61: =+J61*I61 -> 0 | L61: - | N61: =SUM(K61-M61) -> 0 | P61: =+I61*O61 -> 0
A62: 58 | B62: โบราณครีม 6 ชิ้น | D62: 0 | E62: =C62+D62 -> 0 | F62: 0 | G62: 0 | H62: =+E62-F62-I62 -> 0 | J62: 70 | K62: =+J62*I62 -> 0 | L62: - | N62: =SUM(K62-M62) -> 0 | P62: =+I62*O62 -> 0
A63: 59 | B63: โบราณผลไม้ 6 ชิ้น | D63: 0 | E63: =C63+D63 -> 0 | F63: 0 | G63: 0 | H63: =+E63-F63-I63 -> 0 | J63: 80 | K63: =+J63*I63 -> 0 | L63: - | N63: =SUM(K63-M63) -> 0 | P63: =+I63*O63 -> 0
A64: 60 | B64: โบราณ 12 ชิ้น รวมรส | D64: 0 | E64: =C64+D64 -> 0 | F64: 0 | G64: 0 | H64: =+E64-F64-I64 -> 0 | J64: 150 | K64: =+J64*I64 -> 0 | L64: - | N64: =SUM(K64-M64) -> 0 | P64: =+I64*O64 -> 0
A65: 61 | B65: โบราณ 12 ชิ้น ครีม | D65: 0 | E65: =C65+D65 -> 0 | F65: 0 | G65: 0 | H65: =+E65-F65-I65 -> 0 | J65: 150 | K65: =+J65*I65 -> 0 | L65: - | N65: =SUM(K65-M65) -> 0 | P65: =+I65*O65 -> 0
A66: 62 | B66: โบราณ 12 ชิ้น ผลไม้ | D66: 0 | E66: =C66+D66 -> 0 | F66: 0 | G66: 0 | H66: =+E66-F66-I66 -> 0 | J66: 150 | K66: =+J66*I66 -> 0 | L66: - | N66: =SUM(K66-M66) -> 0 | P66: =+I66*O66 -> 0
A67: 63 | B67: พายสับปะรด 1 กล่อง | D67: 0 | E67: =C67+D67 -> 0 | F67: 0 | G67: 0 | H67: =+E67-F67-I67 -> 0 | J67: 50 | K67: =+J67*I67 -> 0 | L67: - | N67: =SUM(K67-M67) -> 0 | P67: =+I67*O67 -> 0
A68: 64 | B68: ลาวา (ล) | D68: 0 | E68: =C68+D68 -> 0 | F68: 0 | G68: 0 | H68: =+E68-F68-I68 -> 0 | J68: 50 | K68: =+J68*I68 -> 0 | L68: - | N68: =SUM(K68-M68) -> 0 | P68: =+I68*O68 -> 0
A69: 65 | B69: ลาวา (ญ) | D69: 0 | E69: =C69+D69 -> 0 | F69: 0 | G69: 0 | H69: =+E69-F69-I69 -> 0 | J69: 120 | K69: =+J69*I69 -> 0 | L69: - | N69: =SUM(K69-M69) -> 0 | P69: =+I69*O69 -> 0
A70: 66 | B70: ลาวา ทูโทน (ล) | C70: 6 | D70: 0 | E70: =C70+D70 -> 6 | F70: 0 | G70: 0 | H70: =+E70-F70-I70 -> 6 | J70: 50 | K70: =+J70*I70 -> 0 | L70: - | N70: =SUM(K70-M70) -> 0 | P70: =+I70*O70 -> 0
A71: 67 | B71: เอแคลร์นมสด 8 ชิ้น | C71: 8 | D71: 0 | E71: =C71+D71 -> 8 | F71: 0 | G71: 0 | H71: =+E71-F71-I71 -> 8 | J71: 50 | K71: =+J71*I71 -> 0 | L71: - | N71: =SUM(K71-M71) -> 0 | P71: =+I71*O71 -> 0
A72: 68 | B72: เอแคลร์คิทแคท | D72: 0 | E72: =C72+D72 -> 0 | F72: 0 | G72: 0 | H72: =+E72-F72-I72 -> 0 | J72: 45 | K72: =+J72*I72 -> 0 | L72: - | N72: =SUM(K72-M72) -> 0 | P72: =+I72*O72 -> 0
A73: 69 | B73: เอแคลร์ชาไทย | D73: 0 | E73: =C73+D73 -> 0 | F73: 0 | G73: 0 | H73: =+E73-F73-I73 -> 0 | J73: 35 | K73: =+J73*I73 -> 0 | L73: - | N73: =SUM(K73-M73) -> 0 | P73: =+I73*O73 -> 0
A74: 70 | B74: ซอฟ์ทเค้กช็อคโกแลตหน้านิ่ม | C74: 2 | D74: 0 | E74: =C74+D74 -> 2 | F74: 0 | G74: 0 | H74: =+E74-F74-I74 -> 2 | J74: 55 | K74: =+J74*I74 -> 0 | L74: - | N74: =SUM(K74-M74) -> 0 | P74: =+I74*O74 -> 0
A75: 71 | B75: ซอฟ์ทเค้กมะพร้าวหน้านิ่ม | C75: 6 | D75: 0 | E75: =C75+D75 -> 6 | F75: 0 | G75: 0 | H75: =+E75-F75-I75 -> 6 | J75: 55 | K75: =+J75*I75 -> 0 | L75: - | N75: =SUM(K75-M75) -> 0 | P75: =+I75*O75 -> 0
A76: 72 | B76: เค้กมะพร้าวลาวา | D76: 0 | E76: =C76+D76 -> 0 | F76: 0 | G76: 0 | H76: =+E76-F76-I76 -> 0 | J76: 45 | K76: =+J76*I76 -> 0 | L76: - | N76: =SUM(K76-M76) -> 0 | P76: =+I76*O76 -> 0
A77: 73 | B77: เค้กลอดช่อง | D77: 0 | E77: =C77+D77 -> 0 | F77: 0 | G77: 0 | H77: =+E77-F77-I77 -> 0 | J77: 35 | K77: =+J77*I77 -> 0 | L77: - | N77: =SUM(K77-M77) -> 0 | P77: =+I77*O77 -> 0
A78: 74 | B78: เค้กลอดช่อง กล่องกลม | D78: 0 | E78: =C78+D78 -> 0 | F78: 0 | G78: 0 | H78: =+E78-F78-I78 -> 0 | J78: 120 | K78: =+J78*I78 -> 0 | L78: - | N78: =SUM(K78-M78) -> 0 | P78: =+I78*O78 -> 0
A79: 75 | B79: เค้กทุเรียน | D79: 0 | E79: =C79+D79 -> 0 | F79: 0 | G79: 0 | H79: =+E79-F79-I79 -> 0 | J79: 45 | K79: =+J79*I79 -> 0 | L79: - | N79: =SUM(K79-M79) -> 0 | P79: =+I79*O79 -> 0
A80: 76 | B80: เค้กบัวลอยมะพร้าวอ่อน | D80: 0 | E80: =C80+D80 -> 0 | F80: 0 | G80: 0 | H80: =+E80-F80-I80 -> 0 | J80: 35 | K80: =+J80*I80 -> 0 | L80: - | N80: =SUM(K80-M80) -> 0 | P80: =+I80*O80 -> 0
A81: 77 | B81: เค้กตะโก้เผือกหอม | D81: 0 | E81: =C81+D81 -> 0 | F81: 0 | G81: 0 | H81: =+E81-F81-I81 -> 0 | J81: 35 | K81: =+J81*I81 -> 0 | L81: - | N81: =SUM(K81-M81) -> 0 | P81: =+I81*O81 -> 0
A82: 78 | B82: เค้กสามเหลี่ยมรสมะพร้าว | D82: 0 | E82: =C82+D82 -> 0 | F82: 0 | G82: 0 | H82: =+E82-F82-I82 -> 0 | J82: 35 | K82: =+J82*I82 -> 0 | L82: - | N82: =SUM(K82-M82) -> 0 | P82: =+I82*O82 -> 0
A83: 79 | B83: เค้กสามเหลี่ยมรสฝอยทองใบเตย | D83: 0 | E83: =C83+D83 -> 0 | F83: 0 | G83: 0 | H83: =+E83-F83-I83 -> 0 | J83: 35 | K83: =+J83*I83 -> 0 | L83: - | N83: =SUM(K83-M83) -> 0 | P83: =+I83*O83 -> 0
A84: 80 | B84: เค้กมะพร้าวอ่อน 1/2 ปอนด์ | D84: 0 | E84: =C84+D84 -> 0 | F84: 0 | G84: 0 | H84: =+E84-F84-I84 -> 0 | K84: =+J84*I84 -> 0 | L84: - | N84: =SUM(K84-M84) -> 0 | P84: =+I84*O84 -> 0
A85: 81 | B85: เค้กวันเกิด 1/2 ปอนด์ | C85: 10 | D85: 0 | E85: =C85+D85 -> 10 | F85: 0 | G85: 0 | H85: =+E85-F85-I85 -> 10 | J85: 120 | K85: =+J85*I85 -> 0 | L85: - | N85: =SUM(K85-M85) -> 0 | P85: =+I85*O85 -> 0
A86: 82 | B86: เค้กวันเกิด 1 ปอนด์ | C86: 3 | D86: 0 | E86: =C86+D86 -> 3 | F86: 0 | G86: 0 | H86: =+E86-F86-I86 -> 3 | J86: 250 | K86: =+J86*I86 -> 0 | L86: - | N86: =SUM(K86-M86) -> 0 | P86: =+I86*O86 -> 0
A87: 83 | B87: ท๊อฟฟี่ถั่ว (กระเช้า) | C87: 3 | D87: 0 | E87: =C87+D87 -> 3 | F87: 0 | G87: 0 | H87: =+E87-F87-I87 -> 3 | J87: 100 | K87: =+J87*I87 -> 0 | L87: - | N87: =SUM(K87-M87) -> 0 | P87: =+I87*O87 -> 0
A88: 84 | B88: ท๊อฟฟี่ถั่ว (กล่อง) | D88: 0 | E88: =C88+D88 -> 0 | F88: 0 | G88: 0 | H88: =+E88-F88-I88 -> 0 | J88: 55 | K88: =+J88*I88 -> 0 | L88: - | N88: =SUM(K88-M88) -> 0 | P88: =+I88*O88 -> 0
A89: 85 | B89: คอนเฟลกคาราเมล | D89: 0 | E89: =C89+D89 -> 0 | F89: 0 | G89: 0 | H89: =+E89-F89-I89 -> 0 | J89: 60 | K89: =+J89*I89 -> 0 | L89: - | N89: =SUM(K89-M89) -> 0 | P89: =+I89*O89 -> 0
A90: 86 | B90: เมอร์แรง ถุง | C90: 6 | D90: 0 | E90: =C90+D90 -> 6 | F90: 0 | G90: 0 | H90: =+E90-F90-I90 -> 6 | J90: 100 | K90: =+J90*I90 -> 0 | L90: - | N90: =SUM(K90-M90) -> 0 | P90: =+I90*O90 -> 0
A91: 87 | B91: เมอร์แรง กระปุก | D91: 0 | E91: =C91+D91 -> 0 | F91: 0 | G91: 0 | H91: =+E91-F91-I91 -> 0 | J91: 55 | K91: =+J91*I91 -> 0 | L91: - | N91: =SUM(K91-M91) -> 0 | P91: =+I91*O91 -> 0
A92: 88 | B92: เครปโรลฝอยทอง วนิลา | D92: 0 | E92: =C92+D92 -> 0 | F92: 0 | G92: 0 | H92: =+E92-F92-I92 -> 0 | J92: 50 | K92: =+J92*I92 -> 0 | L92: - | N92: =SUM(K92-M92) -> 0 | P92: =+I92*O92 -> 0
A93: 89 | B93: เครปโรลฝอยทอง ใบเตย | D93: 0 | E93: =C93+D93 -> 0 | F93: 0 | G93: 0 | H93: =+E93-F93-I93 -> 0 | J93: 50 | K93: =+J93*I93 -> 0 | L93: - | N93: =SUM(K93-M93) -> 0 | P93: =+I93*O93 -> 0
A94: 90 | B94: เครปเค้กคิทแคท | D94: 0 | E94: =C94+D94 -> 0 | F94: 0 | G94: 0 | H94: =+E94-F94-I94 -> 0 | J94: 35 | K94: =+J94*I94 -> 0 | L94: - | N94: =SUM(K94-M94) -> 0 | P94: =+I94*O94 -> 0
A95: 91 | B95: คัพเค้กไส้คัสตาร์ด | D95: 0 | E95: =C95+D95 -> 0 | F95: 0 | G95: 0 | H95: =+E95-F95-I95 -> 0 | J95: 45 | K95: =+J95*I95 -> 0 | L95: - | N95: =SUM(K95-M95) -> 0 | P95: =+I95*O95 -> 0
A96: 92 | B96: วุ้นเป็ด | D96: 0 | E96: =C96+D96 -> 0 | F96: 0 | G96: 0 | H96: =+E96-F96-I96 -> 0 | J96: 40 | K96: =+J96*I96 -> 0 | L96: - | N96: =SUM(K96-M96) -> 0 | P96: =+I96*O96 -> 0
A97: 93 | B97: วุ้นลูกส้ม | D97: 0 | E97: =C97+D97 -> 0 | F97: 0 | G97: 0 | H97: =+E97-F97-I97 -> 0 | J97: 40 | K97: =+J97*I97 -> 0 | L97: - | N97: =SUM(K97-M97) -> 0 | P97: =+I97*O97 -> 0
A98: 94 | B98: วุ้นนมสด กะทิ | D98: 0 | E98: =C98+D98 -> 0 | F98: 0 | G98: 0 | H98: =+E98-F98-I98 -> 0 | J98: 40 | K98: =+J98*I98 -> 0 | L98: - | N98: =SUM(K98-M98) -> 0 | P98: =+I98*O98 -> 0
A99: 95 | B99: วุ้นกุหลาบ 4 ชิ้น | D99: 0 | E99: =C99+D99 -> 0 | F99: 0 | G99: 0 | H99: =+E99-F99-I99 -> 0 | J99: 40 | K99: =+J99*I99 -> 0 | L99: - | N99: =SUM(K99-M99) -> 0 | P99: =+I99*O99 -> 0
A100: 96 | B100: เค้กวุ้นฝอยทอง | D100: 0 | E100: =C100+D100 -> 0 | F100: 0 | G100: 0 | H100: =+E100-F100-I100 -> 0 | J100: 55 | K100: =+J100*I100 -> 0 | L100: - | N100: =SUM(K100-M100) -> 0 | P100: =+I100*O100 -> 0
A101: 97 | B101: วุ้นแฟนซี | D101: 0 | E101: =C101+D101 -> 0 | F101: 0 | G101: 0 | H101: =+E101-F101-I101 -> 0 | J101: 60 | K101: =+J101*I101 -> 0 | L101: - | N101: =SUM(K101-M101) -> 0 | P101: =+I101*O101 -> 0
...

Sheet 1
A2: บูธ ตลาดดิโอโซน วันที่ 1-30 ก.ย. 67 | R2: สินค้า SALE
A3: ลำดับ | B3: รายการ | C3: ยกมา | D3: รับ | E3: รวม | F3: เปลี่ยน/ | G3: โยกย้าย / ระบาย | H3: คงเหลือ | I3: รายการขาย | L3: หมายเหตุ | M3: ส่วนลด | O3: ราคาต้นทุน | P3: ยอดรวมต้นทุนสินค้า | R3: ลำดับ | S3: รายการ | T3: ยกมา | U3: รับ | V3: รวม | W3: เปลี่ยน/ | X3: คงเหลือ | Y3: รายการขาย | AB3: หมายเหตุ | AC3: ส่วนลด
F4: คืน/เสีย | I4: จำนวน | J4: @ | K4: เป็นเงิน | W4: คืน/เสีย | Y4: จำนวน | Z4: @ | AA4: เป็นเงิน
A5: 1 | B5: ชิฟฟ่อนเค้ก รวมรส (4 ชิ้น) | C5: =+ยกมา!H5 -> 7 | D5: 0 | E5: =C5+D5 -> 7 | F5: 0 | G5: 0 | H5: =+E5-F5-I5-G5 -> 6 | I5: 1 | J5: 50 | K5: =+J5*I5 -> 50 | L5: - | N5: =SUM(K5-M5) -> 50 | P5: =+I5*O5 -> 0 | R5: 1 | T5: 0 | U5: 0 | V5: =T5+U5 -> 0 | W5: 0 | X5: =V5-W5-Y5 -> 0 | Y5: 0 | AA5: =Y5*Z5 -> 0 | AB5: - | AC5: 0
A6: 2 | B6: ชิฟฟ่อนเค้ก รวมรส (8 ชิ้น) | C6: =+ยกมา!H6 -> 47 | D6: 0 | E6: =C6+D6 -> 47 | F6: 0 | G6: 0 | H6: =+E6-F6-I6-G6 -> 46 | I6: 1 | J6: 100 | K6: =+J6*I6 -> 100 | L6: - | N6: =SUM(K6-M6) -> 100 | P6: =+I6*O6 -> 0 | R6: 2 | T6: 0 | U6: 0 | V6: =T6+U6 -> 0 | W6: 0 | X6: =V6-W6-Y6 -> 0 | Y6: 0 | AA6: =Y6*Z6 -> 0 | AB6: - | AC6: 0
A7: 3 | B7: ชิฟฟ่อนเค้ก รสกาแฟ (4 ชิ้น) | C7: =+ยกมา!H7 -> 0 | D7: 0 | E7: =C7+D7 -> 0 | F7: 0 | G7: 0 | H7: =+E7-F7-I7-G7 -> 0 | J7: 50 | K7: =+J7*I7 -> 0 | L7: - | N7: =SUM(K7-M7) -> 0 | P7: =+I7*O7 -> 0 | R7: 3 | T7: 0 | U7: 0 | V7: =T7+U7 -> 0 | W7: 0 | X7: =V7-W7-Y7 -> 0 | Y7: 0 | AA7: =Y7*Z7 -> 0 | AB7: - | AC7: 0
A8: 4 | B8: ชิฟฟ่อนเค้ก รสกาแฟ (8 ชิ้น) | C8: =+ยกมา!H8 -> 0 | D8: 0 | E8: =C8+D8 -> 0 | F8: 0 | G8: 0 | H8: =+E8-F8-I8-G8 -> 0 | J8: 100 | K8: =+J8*I8 -> 0 | L8: - | N8: =SUM(K8-M8) -> 0 | P8: =+I8*O8 -> 0 | R8: 4 | T8: 0 | U8: 0 | V8: =T8+U8 -> 0 | W8: 0 | X8: =V8-W8-Y8 -> 0 | Y8: 0 | AA8: =Y8*Z8 -> 0 | AB8: - | AC8: 0
A9: 5 | B9: ชิฟฟ่อนเค้ก 1 ชิ้น | C9: =+ยกมา!H9 -> 0 | D9: 0 | E9: =C9+D9 -> 0 | F9: 0 | G9: 0 | H9: =+E9-F9-I9-G9 -> 0 | J9: 10 | K9: =+J9*I9 -> 0 | L9: - | N9: =SUM(K9-M9) -> 0 | P9: =+I9*O9 -> 0 | R9: 5 | T9: 0 | U9: 0 | V9: =T9+U9 -> 0 | W9: 0 | X9: =V9-W9-Y9 -> 0 | Y9: 0 | AA9: =Y9*Z9 -> 0 | AB9: - | AC9: 0
A10: 6 | B10: ชิฟฟ่อนเค้กสอดไส้แยม 1 ชิ้น | C10: =+ยกมา!H10 -> 0 | D10: 0 | E10: =C10+D10 -> 0 | F10: 0 | G10: 0 | H10: =+E10-F10-I10-G10 -> 0 | J10: 15 | K10: =+J10*I10 -> 0 | L10: - | N10: =SUM(K10-M10) -> 0 | P10: =+I10*O10 -> 0 | R10: 6 | T10: 0 | U10: 0 | V10: =T10+U10 -> 0 | W10: 0 | X10: =V10-W10-Y10 -> 0 | Y10: 0 | AA10: =Y10*Z10 -> 0 | AB10: - | AC10: 0
A11: 7 | B11: ชิฟฟ่อนเค้กสอดไส้ รวมรส (3 ชิ้น) | C11: =+ยกมา!H11 -> 18 | D11: 0 | E11: =C11+D11 -> 18 | F11: 0 | G11: 0 | H11: =+E11-F11-I11-G11 -> 15 | I11: 3 | J11: 50 | K11: =+J11*I11 -> 150 | L11: - | N11: =SUM(K11-M11) -> 150 | P11: =+I11*O11 -> 0 | R11: 7 | T11: 0 | U11: 0 | V11: =T11+U11 -> 0 | W11: 0 | X11: =V11-W11-Y11 -> 0 | Y11: 0 | AA11: =Y11*Z11 -> 0 | AB11: - | AC11: 0
A12: 8 | B12: ชิฟฟ่อนเค้กสอดไส้ เมล่อน (3 ชิ้น) | C12: =+ยกมา!H12 -> 0 | D12: 0 | E12: =C12+D12 -> 0 | F12: 0 | G12: 0 | H12: =+E12-F12-I12-G12 -> 0 | J12: 50 | K12: =+J12*I12 -> 0 | L12: - | N12: =SUM(K12-M12) -> 0 | P12: =+I12*O12 -> 0 | R12: 8 | T12: 0 | U12: 0 | V12: =T12+U12 -> 0 | W12: 0 | X12: =V12-W12-Y12 -> 0 | Y12: 0 | AA12: =Y12*Z12 -> 0 | AB12: - | AC12: 0
A13: 9 | B13: ชิฟฟ่อนเค้กสอดไส้แยม รสบลูเบอร์รี่ (3 ชิ้น) | C13: =+ยกมา!H13 -> 0 | D13: 0 | E13: =C13+D13 -> 0 | F13: 0 | G13: 0 | H13: =+E13-F13-I13-G13 -> 0 | J13: 50 | K13: =+J13*I13 -> 0 | L13: - | N13: =SUM(K13-M13) -> 0 | P13: =+I13*O13 -> 0 | R13: 9 | T13: 0 | U13: 0 | V13: =T13+U13 -> 0 | W13: 0 | X13: =V13-W13-Y13 -> 0 | Y13: 0 | AA13: =Y13*Z13 -> 0 | AB13: - | AC13: 0
A14: 10 | B14: ชิฟฟ่อนเค้กสอดไส้แยม รสส้ม (3 ชิ้น) | C14: =+ยกมา!H14 -> 21 | D14: 0 | E14: =C14+D14 -> 21 | F14: 0 | G14: 0 | H14: =+E14-F14-I14-G14 -> 20 | I14: 1 | J14: 50 | K14: =+J14*I14 -> 50 | L14: - | N14: =SUM(K14-M14) -> 50 | P14: =+I14*O14 -> 0 | R14: 10 | T14: 0 | U14: 0 | V14: =T14+U14 -> 0 | W14: 0 | X14: =V14-W14-Y14 -> 0 | Y14: 0 | AA14: =Y14*Z14 -> 0 | AB14: - | AC14: 0
A15: 11 | B15: ชิฟฟ่อนเค้กหน้าฝอยทอง สอดไส้แยมส้ม (3 ชิ้น) | C15: =+ยกมา!H15 -> 0 | D15: 0 | E15: =C15+D15 -> 0 | F15: 0 | G15: 0 | H15: =+E15-F15-I15-G15 -> 0 | J15: 50 | K15: =+J15*I15 -> 0 | L15: - | N15: =SUM(K15-M15) -> 0 | P15: =+I15*O15 -> 0 | R15: 11 | T15: 0 | U15: 0 | V15: =T15+U15 -> 0 | W15: 0 | X15: =V15-W15-Y15 -> 0 | Y15: 0 | AA15: =Y15*Z15 -> 0 | AB15: - | AC15: 0
A16: 12 | B16: ชิฟฟ่อนเค้กหน้าฝอยทองทูโทน สอดไส้แยมส้ม (3 ชิ้น) | C16: =+ยกมา!H16 -> 20 | D16: 0 | E16: =C16+D16 -> 20 | F16: 0 | G16: 0 | H16: =+E16-F16-I16-G16 -> 19 | I16: 1 | J16: 50 | K16: =+J16*I16 -> 50 | L16: - | N16: =SUM(K16-M16) -> 50 | P16: =+I16*O16 -> 0 | R16: 12 | T16: 0 | U16: 0 | V16: =T16+U16 -> 0 | W16: 0 | X16: =V16-W16-Y16 -> 0 | Y16: 0 | AA16: =Y16*Z16 -> 0 | AB16: - | AC16: 0
A17: 13 | B17: ชิฟฟ่อนเค้กสอดไส้แยม รสสตรอว์เบอรี่ (3 ชิ้น) | C17: =+ยกมา!H17 -> 0 | D17: 0 | E17: =C17+D17 -> 0 | F17: 0 | G17: 0 | H17: =+E17-F17-I17-G17 -> 0 | J17: 50 | K17: =+J17*I17 -> 0 | L17: - | N17: =SUM(K17-M17) -> 0 | P17: =+I17*O17 -> 0 | R17: 13 | T17: 0 | U17: 0 | V17: =T17+U17 -> 0 | W17: 0 | X17: =V17-W17-Y17 -> 0 | Y17: 0 | AA17: =Y17*Z17 -> 0 | AB17: - | AC17: 0
A18: 14 | B18: ชิฟฟ่อนเค้กสอดไส้ เนยมะพร้าว (3 ชิ้น) | C18: =+ยกมา!H18 -> 17 | D18: 0 | E18: =C18+D18 -> 17 | F18: 0 | G18: 0 | H18: =+E18-F18-I18-G18 -> 17 | J18: 50 | K18: =+J18*I18 -> 0 | L18: - | N18: =SUM(K18-M18) -> 0 | P18: =+I18*O18 -> 0 | R18: 14 | T18: 0 | U18: 0 | V18: =T18+U18 -> 0 | W18: 0 | X18: =V18-W18-Y18 -> 0 | Y18: 0 | AA18: =Y18*Z18 -> 0 | AB18: - | AC18: 0
A19: 15 | B19: ชิฟฟ่อนเค้กสอดไส้ นมชมพูฮอกไกโด (3 ชิ้น) | C19: =+ยกมา!H19 -> 0 | D19: 0 | E19: =C19+D19 -> 0 | F19: 0 | G19: 0 | H19: =+E19-F19-I19-G19 -> 0 | J19: 50 | K19: =+J19*I19 -> 0 | L19: - | N19: =SUM(K19-M19) -> 0 | P19: =+I19*O19 -> 0 | R19: 15 | T19: 0 | U19: 0 | V19: =T19+U19 -> 0 | W19: 0 | X19: =V19-W19-Y19 -> 0 | Y19: 0 | AA19: =Y19*Z19 -> 0 | AB19: - | AC19: 0
A20: 16 | B20: ชิฟฟ่อน สอดไส้ (ล) 4 ชิ้น ครีมมะพร้าว | C20: =+ยกมา!H20 -> 0 | D20: 0 | E20: =C20+D20 -> 0 | F20: 0 | G20: 0 | H20: =+E20-F20-I20-G20 -> 0 | J20: 65 | K20: =+J20*I20 -> 0 | L20: - | N20: =SUM(K20-M20) -> 0 | P20: =+I20*O20 -> 0 | R20: 16 | T20: 0 | U20: 0 | V20: =T20+U20 -> 0 | W20: 0 | X20: =V20-W20-Y20 -> 0 | Y20: 0 | AA20: =Y20*Z20 -> 0 | AB20: - | AC20: 0
A21: 17 | B21: ชิฟฟ่อน สอดไส้ (ก) 5 ชิ้น ครีมมะพร้าว | C21: =+ยกมา!H21 -> 0 | D21: 0 | E21: =C21+D21 -> 0 | F21: 0 | G21: 0 | H21: =+E21-F21-I21-G21 -> 0 | J21: 85 | K21: =+J21*I21 -> 0 | L21: - | N21: =SUM(K21-M21) -> 0 | P21: =+I21*O21 -> 0 | R21: 17 | T21: 0 | U21: 0 | V21: =T21+U21 -> 0 | W21: 0 | X21: =V21-W21-Y21 -> 0 | Y21: 0 | AA21: =Y21*Z21 -> 0 | AB21: - | AC21: 0
A22: 18 | B22: ชิฟฟ่อนเค้กสอดไส้ รวมรส (6 ชิ้น) | C22: =+ยกมา!H22 -> 18 | D22: 0 | E22: =C22+D22 -> 18 | F22: 0 | G22: 0 | H22: =+E22-F22-I22-G22 -> 18 | J22: 100 | K22: =+J22*I22 -> 0 | L22: - | N22: =SUM(K22-M22) -> 0 | P22: =+I22*O22 -> 0 | R22: 18 | T22: 0 | U22: 0 | V22: =T22+U22 -> 0 | W22: 0 | X22: =V22-W22-Y22 -> 0 | Y22: 0 | AA22: =Y22*Z22 -> 0 | AB22: - | AC22: 0
A23: 19 | B23: ชิฟฟ่อนเค้กสอดไส้แยม รสส้ม (6 ชิ้น) | C23: =+ยกมา!H23 -> 0 | D23: 0 | E23: =C23+D23 -> 0 | F23: 0 | G23: 0 | H23: =+E23-F23-I23-G23 -> 0 | J23: 100 | K23: =+J23*I23 -> 0 | L23: - | N23: =SUM(K23-M23) -> 0 | P23: =+I23*O23 -> 0 | R23: 19 | T23: 0 | U23: 0 | V23: =T23+U23 -> 0 | W23: 0 | X23: =V23-W23-Y23 -> 0 | Y23: 0 | AA23: =Y23*Z23 -> 0 | AB23: - | AC23: 0
A24: 20 | B24: ชิฟฟ่อนเค้กหน้าฝอยทอง สอดไส้แยมส้ม (6 ชิ้น) | C24: =+ยกมา!H24 -> 13 | D24: 0 | E24: =C24+D24 -> 13 | F24: 0 | G24: 0 | H24: =+E24-F24-I24-G24 -> 13 | J24: 100 | K24: =+J24*I24 -> 0 | L24: - | N24: =SUM(K24-M24) -> 0 | P24: =+I24*O24 -> 0 | R24: 20 | T24: 0 | U24: 0 | V24: =T24+U24 -> 0 | W24: 0 | X24: =V24-W24-Y24 -> 0 | Y24: 0 | AA24: =Y24*Z24 -> 0 | AB24: - | AC24: 0
A25: 21 | B25: ชิฟฟ่อนเค้กหน้าฝอยทองทูโทน สอดไส้แยมส้ม (6 ชิ้น) | C25: =+ยกมา!H25 -> 0 | D25: 0 | E25: =C25+D25 -> 0 | F25: 0 | G25: 0 | H25: =+E25-F25-I25-G25 -> 0 | J25: 100 | K25: =+J25*I25 -> 0 | L25: - | N25: =SUM(K25-M25) -> 0 | P25: =+I25*O25 -> 0 | R25: 21 | T25: 0 | U25: 0 | V25: =T25+U25 -> 0 | W25: 0 | X25: =V25-W25-Y25 -> 0 | Y25: 0 | AA25: =Y25*Z25 -> 0 | AB25: - | AC25: 0
A26: 22 | B26: ชิฟฟ่อนเค้กสอดไส้ นมชมพูฮอกไกโด (6 ชิ้น) | C26: =+ยกมา!H26 -> 0 | D26: 0 | E26: =C26+D26 -> 0 | F26: 0 | G26: 0 | H26: =+E26-F26-I26-G26 -> 0 | J26: 100 | K26: =+J26*I26 -> 0 | L26: - | N26: =SUM(K26-M26) -> 0 | P26: =+I26*O26 -> 0 | R26: 22 | T26: 0 | U26: 0 | V26: =T26+U26 -> 0 | W26: 0 | X26: =V26-W26-Y26 -> 0 | Y26: 0 | AA26: =Y26*Z26 -> 0 | AB26: - | AC26: 0
A27: 23 | B27: ชิฟฟ่อนเค้กสอดไส้แยม รสบลูเบอร์รี่ (6 ชิ้น) | C27: =+ยกมา!H27 -> 0 | D27: 0 | E27: =C27+D27 -> 0 | F27: 0 | G27: 0 | H27: =+E27-F27-I27-G27 -> 0 | J27: 100 | K27: =+J27*I27 -> 0 | L27: - | N27: =SUM(K27-M27) -> 0 | P27: =+I27*O27 -> 0 | R27: 23 | T27: 0 | U27: 0 | V27: =T27+U27 -> 0 | W27: 0 | X27: =V27-W27-Y27 -> 0 | Y27: 0 | AA27: =Y27*Z27 -> 0 | AB27: - | AC27: 0
A28: 24 | B28: ชิฟฟ่อนเค้กสอดไส้ เนยมะพร้าว (6 ชิ้น) | C28: =+ยกมา!H28 -> 14 | D28: 0 | E28: =C28+D28 -> 14 | F28: 0 | G28: 0 | H28: =+E28-F28-I28-G28 -> 12 | I28: 2 | J28: 100 | K28: =+J28*I28 -> 200 | L28: ลด 50 % 2 | M28: 100 | N28: =SUM(K28-M28) -> 100 | P28: =+I28*O28 -> 0 | R28: 24 | T28: 0 | U28: 0 | V28: =T28+U28 -> 0 | W28: 0 | X28: =V28-W28-Y28 -> 0 | Y28: 0 | AA28: =Y28*Z28 -> 0 | AB28: - | AC28: 0
A29: 25 | B29: ชิฟฟ่อนเค้กสอดไส้แยม รสสตรอว์เบอรี่ (6 ชิ้น) | C29: =+ยกมา!H29 -> 0 | D29: 0 | E29: =C29+D29 -> 0 | F29: 0 | G29: 0 | H29: =+E29-F29-I29-G29 -> 0 | J29: 100 | K29: =+J29*I29 -> 0 | L29: - | N29: =SUM(K29-M29) -> 0 | P29: =+I29*O29 -> 0 | R29: 25 | T29: 0 | U29: 0 | V29: =T29+U29 -> 0 | W29: 0 | X29: =V29-W29-Y29 -> 0 | Y29: 0 | AA29: =Y29*Z29 -> 0 | AB29: - | AC29: 0
