Workbook

Sheet ปี 68
A1: สรุปรายการของตีกลับของช่องทางออนไลน์ ปี 2568
A2: เดือน | B2: สาเหตุการตีกลับ | L2: สาเหตุการตีกลับ | V2: สาเหตุการตีกลับ | AF2: สาเหตุการตีกลับ | AP2: สาเหตุการตีกลับ | AZ2: รวมจำนวนทั้งหมด | BA2: รวมยอดทั้งหมด
B3: ปฏิเสธ , ยกเลิก | L3: ติดต่อไม่ได้ , ไม่รับโทรศัพท์ | V3: ส่งของไปซ้ำ | AF3: ลูกค้าแจ้งว่าไม่ได้สั่ง / เกินเวลานัดส่งพัสดุ | AP3: สลิปปลอม
B4: Lazada | D4: Shopee | F4: Tiktok | H4: Facebook , นัดรับ | J4: รวมจำนวน | K4: รวมยอด | L4: Lazada | N4: Shopee | P4: Tiktok | R4: Facebook , นัดรับ | T4: รวมจำนวน | U4: รวมยอด | V4: Lazada | X4: Shopee | Z4: Tiktok | AB4: Facebook , นัดรับ | AD4: รวมจำนวน | AE4: รวมยอด | AF4: Lazada | AH4: Shopee | AJ4: Tiktok | AL4: Facebook , นัดรับ | AN4: รวมจำนวน | AO4: รวมยอด | AP4: Lazada | AR4: Shopee | AT4: Tiktok | AV4: Facebook , นัดรับ | AX4: รวมจำนวน | AY4: รวมยอด
B5: จำนวน | C5: ยอด | D5: จำนวน | E5: ยอด | F5: จำนวน | G5: ยอด | H5: จำนวน | I5: ยอด | L5: จำนวน | M5: ยอด | N5: จำนวน | O5: ยอด | P5: จำนวน | Q5: ยอด | R5: จำนวน | S5: ยอด | V5: จำนวน | W5: ยอด | X5: จำนวน | Y5: ยอด | Z5: จำนวน | AA5: ยอด | AB5: จำนวน | AC5: ยอด | AF5: จำนวน | AG5: ยอด | AH5: จำนวน | AI5: ยอด | AJ5: จำนวน | AK5: ยอด | AL5: จำนวน | AM5: ยอด | AP5: จำนวน | AQ5: ยอด | AR5: จำนวน | AS5: ยอด | AT5: จำนวน | AU5: ยอด | AV5: จำนวน | AW5: ยอด
A6: มกราคม | B6: 4 | C6: 2016.37 | D6: 6 | E6: 2795 | F6: 121 | G6: 24884 | H6: 16 | I6: 10985.48 | J6: =+B6+D6+F6+H6 -> 147 | K6: =+C6+E6+G6+I6 -> 40680.85 | L6: 0 | M6: 0 | N6: 0 | O6: 0 | P6: 4 | Q6: 641 | R6: 4 | S6: 1599 | T6: =+L6+N6+P6+R6 -> 8 | U6: =+M6+O6+Q6+S6 -> 2240 | V6: 0 | W6: 0 | X6: 0 | Y6: 0 | Z6: 0 | AA6: 0 | AB6: 0 | AC6: 0 | AD6: =+V6+X6+Z6+AB6 -> 0 | AE6: =+W6+Y6+AA6+AC6 -> 0 | AF6: 0 | AG6: 0 | AH6: 0 | AI6: 0 | AJ6: 7 | AK6: 2300 | AL6: 0 | AM6: 0 | AN6: =+AF6+AH6+AJ6+AL6 -> 7 | AO6: =+AG6+AI6+AK6+AM6 -> 2300 | AP6: 0 | AQ6: 0 | AR6: 0 | AS6: 0 | AT6: 0 | AU6: 0 | AV6: 1 | AW6: 4100 | AX6: =+AP6+AR6+AT6+AV6 -> 1 | AY6: =+AQ6+AS6+AU6+AW6 -> 4100 | AZ6: =+J6+T6+AD6+AN6+AX6 -> 163 | BA6: =+K6+U6+AE6+AO6+AY6 -> 49320.85 | BB6: บาท
A7: กุมภาพันธ์ | B7: 4 | C7: 818.49 | D7: 4 | E7: 1161 | F7: 5 | G7: 521 | H7: 6 | I7: 6900 | J7: =+B7+D7+F7+H7 -> 19 | K7: =+C7+E7+G7+I7 -> 9400.49 | L7: 0 | M7: 0 | N7: 0 | O7: 0 | P7: 1 | Q7: 200 | R7: 2 | S7: 510 | T7: =+L7+N7+P7+R7 -> 3 | U7: =+M7+O7+Q7+S7 -> 710 | V7: 0 | W7: 0 | X7: 0 | Y7: 0 | Z7: 0 | AA7: 0 | AB7: 0 | AC7: 0 | AD7: =+V7+X7+Z7+AB7 -> 0 | AE7: =+W7+Y7+AA7+AC7 -> 0 | AF7: 0 | AG7: 0 | AH7: 0 | AI7: 0 | AJ7: 0 | AK7: 0 | AL7: 0 | AM7: 0 | AN7: =+AF7+AH7+AJ7+AL7 -> 0 | AO7: =+AG7+AI7+AK7+AM7 -> 0 | AP7: 0 | AQ7: 0 | AR7: 0 | AS7: 0 | AT7: 0 | AU7: 0 | AV7: 0 | AW7: 0 | AX7: =+AP7+AR7+AT7+AV7 -> 0 | AY7: =+AQ7+AS7+AU7+AW7 -> 0 | AZ7: =+J7+T7+AD7+AN7+AX7 -> 22 | BA7: =+K7+U7+AE7+AO7+AY7 -> 10110.49 | BB7: บาท
A8: มีนาคม | B8: 1 | C8: 205.74 | D8: 2 | E8: 285 | F8: 14 | G8: 2259 | H8: 6 | I8: 1633 | J8: =+B8+D8+F8+H8 -> 23 | K8: =+C8+E8+G8+I8 -> 4382.74 | L8: 0 | M8: 0 | N8: 0 | O8: 0 | P8: 1 | Q8: 108 | R8: 4 | S8: 878 | T8: =+L8+N8+P8+R8 -> 5 | U8: =+M8+O8+Q8+S8 -> 986 | V8: 0 | W8: 0 | X8: 0 | Y8: 0 | Z8: 0 | AA8: 0 | AB8: 0 | AC8: 0 | AD8: =+V8+X8+Z8+AB8 -> 0 | AE8: =+W8+Y8+AA8+AC8 -> 0 | AF8: 0 | AG8: 0 | AH8: 0 | AI8: 0 | AJ8: 0 | AK8: 0 | AL8: 0 | AM8: 0 | AN8: =+AF8+AH8+AJ8+AL8 -> 0 | AO8: =+AG8+AI8+AK8+AM8 -> 0 | AP8: 0 | AQ8: 0 | AR8: 0 | AS8: 0 | AT8: 0 | AU8: 0 | AV8: 0 | AW8: 0 | AX8: =+AP8+AR8+AT8+AV8 -> 0 | AY8: =+AQ8+AS8+AU8+AW8 -> 0 | AZ8: =+J8+T8+AD8+AN8+AX8 -> 28 | BA8: =+K8+U8+AE8+AO8+AY8 -> 5368.74 | BB8: บาท
A9: เมษายน | B9: 2 | C9: 322 | D9: 7 | E9: 1154 | F9: 73 | G9: 11714 | H9: 4 | I9: 1076 | J9: =+B9+D9+F9+H9 -> 86 | K9: =+C9+E9+G9+I9 -> 14266 | L9: 0 | M9: 0 | N9: 0 | O9: 0 | P9: 2 | Q9: 430 | R9: 4 | S9: 859 | T9: =+L9+N9+P9+R9 -> 6 | U9: =+M9+O9+Q9+S9 -> 1289 | V9: 0 | W9: 0 | X9: 0 | Y9: 0 | Z9: 0 | AA9: 0 | AB9: 0 | AC9: 0 | AD9: =+V9+X9+Z9+AB9 -> 0 | AE9: =+W9+Y9+AA9+AC9 -> 0 | AF9: 0 | AG9: 0 | AH9: 0 | AI9: 0 | AJ9: 0 | AK9: 0 | AL9: 0 | AM9: 0 | AN9: =+AF9+AH9+AJ9+AL9 -> 0 | AO9: =+AG9+AI9+AK9+AM9 -> 0 | AP9: 0 | AQ9: 0 | AR9: 0 | AS9: 0 | AT9: 0 | AU9: 0 | AV9: 0 | AW9: 0 | AX9: =+AP9+AR9+AT9+AV9 -> 0 | AY9: =+AQ9+AS9+AU9+AW9 -> 0 | AZ9: =+J9+T9+AD9+AN9+AX9 -> 92 | BA9: =+K9+U9+AE9+AO9+AY9 -> 15555 | BB9: บาท
A10: พฤษภาคม | B10: 0 | C10: 0 | D10: 1 | E10: 853 | F10: 91 | G10: 13910.1 | H10: 2 | I10: 430 | J10: =+B10+D10+F10+H10 -> 94 | K10: =+C10+E10+G10+I10 -> 15193.1 | L10: 0 | M10: 0 | N10: 0 | O10: 0 | P10: 0 | Q10: 0 | R10: 0 | S10: 0 | T10: =+L10+N10+P10+R10 -> 0 | U10: =+M10+O10+Q10+S10 -> 0 | V10: 0 | W10: 0 | X10: 0 | Y10: 0 | Z10: 0 | AA10: 0 | AB10: 0 | AC10: 0 | AD10: =+V10+X10+Z10+AB10 -> 0 | AE10: =+W10+Y10+AA10+AC10 -> 0 | AF10: 0 | AG10: 0 | AH10: 0 | AI10: 0 | AJ10: 3 | AK10: 959 | AL10: 0 | AM10: 0 | AN10: =+AF10+AH10+AJ10+AL10 -> 3 | AO10: =+AG10+AI10+AK10+AM10 -> 959 | AP10: 0 | AQ10: 0 | AR10: 0 | AS10: 0 | AT10: 0 | AU10: 0 | AV10: 0 | AW10: 0 | AX10: =+AP10+AR10+AT10+AV10 -> 0 | AY10: =+AQ10+AS10+AU10+AW10 -> 0 | AZ10: =+J10+T10+AD10+AN10+AX10 -> 97 | BA10: =+K10+U10+AE10+AO10+AY10 -> 16152.1 | BB10: บาท
A11: มิถุนายน | B11: 4 | C11: 714.75 | D11: 6 | E11: 1808 | F11: 112 | G11: 18066.8 | H11: 9 | I11: 1835 | J11: =+B11+D11+F11+H11 -> 131 | K11: =+C11+E11+G11+I11 -> 22424.55 | L11: 0 | M11: 0 | N11: 0 | O11: 0 | P11: 7 | Q11: 1122 | R11: 4 | S11: 894 | T11: =+L11+N11+P11+R11 -> 11 | U11: =+M11+O11+Q11+S11 -> 2016 | V11: 0 | W11: 0 | X11: 0 | Y11: 0 | Z11: 0 | AA11: 0 | AB11: 0 | AC11: 0 | AD11: =+V11+X11+Z11+AB11 -> 0 | AE11: =+W11+Y11+AA11+AC11 -> 0 | AF11: 0 | AG11: 0 | AH11: 0 | AI11: 0 | AJ11: 8 | AK11: 1034 | AL11: 0 | AM11: 0 | AN11: =+AF11+AH11+AJ11+AL11 -> 8 | AO11: =+AG11+AI11+AK11+AM11 -> 1034 | AP11: 0 | AQ11: 0 | AR11: 0 | AS11: 0 | AT11: 0 | AU11: 0 | AV11: 0 | AW11: 0 | AX11: =+AP11+AR11+AT11+AV11 -> 0 | AY11: =+AQ11+AS11+AU11+AW11 -> 0 | AZ11: =+J11+T11+AD11+AN11+AX11 -> 150 | BA11: =+K11+U11+AE11+AO11+AY11 -> 25474.55 | BB11: บาท
A12: กรกฎาคม | B12: 4 | C12: 842 | D12: 1 | E12: 240 | F12: 73 | G12: 11518 | H12: 13 | I12: 5511 | J12: =+B12+D12+F12+H12 -> 91 | K12: =+C12+E12+G12+I12 -> 18111 | L12: 0 | M12: 0 | N12: 0 | O12: 0 | P12: 9 | Q12: 1230 | R12: 3 | S12: 1265 | T12: =+L12+N12+P12+R12 -> 12 | U12: =+M12+O12+Q12+S12 -> 2495 | V12: 0 | W12: 0 | X12: 0 | Y12: 0 | Z12: 0 | AA12: 0 | AB12: 0 | AC12: 0 | AD12: =+V12+X12+Z12+AB12 -> 0 | AE12: =+W12+Y12+AA12+AC12 -> 0 | AF12: 0 | AG12: 0 | AH12: 0 | AI12: 0 | AJ12: 3 | AK12: 344 | AL12: 0 | AM12: 0 | AN12: =+AF12+AH12+AJ12+AL12 -> 3 | AO12: =+AG12+AI12+AK12+AM12 -> 344 | AP12: 0 | AQ12: 0 | AR12: 0 | AS12: 0 | AT12: 0 | AU12: 0 | AV12: 0 | AW12: 0 | AX12: =+AP12+AR12+AT12+AV12 -> 0 | AY12: =+AQ12+AS12+AU12+AW12 -> 0 | AZ12: =+J12+T12+AD12+AN12+AX12 -> 106 | BA12: =+K12+U12+AE12+AO12+AY12 -> 20950 | BB12: บาท
A13: สิงหาคม | B13: 2 | C13: 746 | D13: 0 | E13: 0 | F13: 15 | G13: 2600 | H13: 4 | I13: 830 | J13: =+B13+D13+F13+H13 -> 21 | K13: =+C13+E13+G13+I13 -> 4176 | L13: 0 | M13: 0 | N13: 0 | O13: 0 | P13: 0 | Q13: 0 | R13: 2 | S13: 1017 | T13: =+L13+N13+P13+R13 -> 2 | U13: =+M13+O13+Q13+S13 -> 1017 | V13: 0 | W13: 0 | X13: 0 | Y13: 0 | Z13: 0 | AA13: 0 | AB13: 0 | AC13: 0 | AD13: =+V13+X13+Z13+AB13 -> 0 | AE13: =+W13+Y13+AA13+AC13 -> 0 | AF13: 0 | AG13: 0 | AH13: 0 | AI13: 0 | AJ13: 0 | AK13: 0 | AL13: 0 | AM13: 0 | AN13: =+AF13+AH13+AJ13+AL13 -> 0 | AO13: =+AG13+AI13+AK13+AM13 -> 0 | AP13: 0 | AQ13: 0 | AR13: 0 | AS13: 0 | AT13: 0 | AU13: 0 | AV13: 0 | AW13: 0 | AX13: =+AP13+AR13+AT13+AV13 -> 0 | AY13: =+AQ13+AS13+AU13+AW13 -> 0 | AZ13: =+J13+T13+AD13+AN13+AX13 -> 23 | BA13: =+K13+U13+AE13+AO13+AY13 -> 5193 | BB13: บาท
A14: กันยายน | B14: 3 | C14: 302.34 | D14: 5 | E14: 1061 | F14: 54 | G14: 7752 | H14: 5 | I14: 1133 | J14: =+B14+D14+F14+H14 -> 67 | K14: =+C14+E14+G14+I14 -> 10248.34 | L14: 0 | M14: 0 | N14: 0 | O14: 0 | P14: 3 | Q14: 280 | R14: 3 | S14: 754 | T14: =+L14+N14+P14+R14 -> 6 | U14: =+M14+O14+Q14+S14 -> 1034 | V14: 0 | W14: 0 | X14: 0 | Y14: 0 | Z14: 0 | AA14: 0 | AB14: 0 | AC14: 0 | AD14: =+V14+X14+Z14+AB14 -> 0 | AE14: =+W14+Y14+AA14+AC14 -> 0 | AF14: 0 | AG14: 0 | AH14: 0 | AI14: 0 | AJ14: 1 | AK14: 100 | AL14: 0 | AM14: 0 | AN14: =+AF14+AH14+AJ14+AL14 -> 1 | AO14: =+AG14+AI14+AK14+AM14 -> 100 | AP14: 0 | AQ14: 0 | AR14: 0 | AS14: 0 | AT14: 0 | AU14: 0 | AV14: 0 | AW14: 0 | AX14: =+AP14+AR14+AT14+AV14 -> 0 | AY14: =+AQ14+AS14+AU14+AW14 -> 0 | AZ14: =+J14+T14+AD14+AN14+AX14 -> 74 | BA14: =+K14+U14+AE14+AO14+AY14 -> 11382.34 | BB14: บาท
A15: ตุลาคม | B15: 5 | C15: 607.06 | D15: 7 | E15: 2456 | F15: 48 | G15: 5995 | H15: 0 | I15: 0 | J15: =+B15+D15+F15+H15 -> 60 | K15: =+C15+E15+G15+I15 -> 9058.06 | L15: 1 | M15: 1225.2 | N15: 0 | O15: 0 | P15: 4 | Q15: 500 | R15: 2 | S15: 309 | T15: =+L15+N15+P15+R15 -> 7 | U15: =+M15+O15+Q15+S15 -> 2034.2 | V15: 0 | W15: 0 | X15: 0 | Y15: 0 | Z15: 0 | AA15: 0 | AB15: 0 | AC15: 0 | AD15: =+V15+X15+Z15+AB15 -> 0 | AE15: =+W15+Y15+AA15+AC15 -> 0 | AF15: 0 | AG15: 0 | AH15: 1 | AI15: 117 | AJ15: 0 | AK15: 0 | AL15: 0 | AM15: 0 | AN15: =+AF15+AH15+AJ15+AL15 -> 1 | AO15: =+AG15+AI15+AK15+AM15 -> 117 | AP15: 0 | AQ15: 0 | AR15: 0 | AS15: 0 | AT15: 0 | AU15: 0 | AV15: 0 | AW15: 0 | AX15: =+AP15+AR15+AT15+AV15 -> 0 | AY15: =+AQ15+AS15+AU15+AW15 -> 0 | AZ15: =+J15+T15+AD15+AN15+AX15 -> 68 | BA15: =+K15+U15+AE15+AO15+AY15 -> 11209.26 | BB15: บาท
A16: พฤศจิกายน | B16: 5 | C16: 790.54 | D16: 3 | E16: 178 | F16: 32 | G16: 5429.53 | H16: 3 | I16: 515 | J16: =+B16+D16+F16+H16 -> 43 | K16: =+C16+E16+G16+I16 -> 6913.07 | L16: 0 | M16: 0 | N16: 0 | O16: 0 | P16: 0 | Q16: 0 | R16: 2 | S16: 699 | T16: =+L16+N16+P16+R16 -> 2 | U16: =+M16+O16+Q16+S16 -> 699 | V16: 0 | W16: 0 | X16: 0 | Y16: 0 | Z16: 0 | AA16: 0 | AB16: 0 | AC16: 0 | AD16: =+V16+X16+Z16+AB16 -> 0 | AE16: =+W16+Y16+AA16+AC16 -> 0 | AF16: 0 | AG16: 0 | AH16: 0 | AI16: 0 | AJ16: 0 | AK16: 0 | AL16: 0 | AM16: 0 | AN16: =+AF16+AH16+AJ16+AL16 -> 0 | AO16: =+AG16+AI16+AK16+AM16 -> 0 | AP16: 0 | AQ16: 0 | AR16: 0 | AS16: 0 | AT16: 0 | AU16: 0 | AV16: 0 | AW16: 0 | AX16: =+AP16+AR16+AT16+AV16 -> 0 | AY16: =+AQ16+AS16+AU16+AW16 -> 0 | AZ16: =+J16+T16+AD16+AN16+AX16 -> 45 | BA16: =+K16+U16+AE16+AO16+AY16 -> 7612.07 | BB16: บาท
A17: ธันวาคม | B17: 13 | C17: 1524.04 | D17: 5 | E17: 727 | F17: 186 | G17: 33337.45 | H17: 1 | I17: 215 | J17: =+B17+D17+F17+H17 -> 205 | K17: =+C17+E17+G17+I17 -> 35803.49 | L17: 0 | M17: 0 | N17: 0 | O17: 0 | P17: 1 | Q17: 100 | R17: 1 | S17: 215 | T17: =+L17+N17+P17+R17 -> 2 | U17: =+M17+O17+Q17+S17 -> 315 | V17: 0 | W17: 0 | X17: 0 | Y17: 0 | Z17: 0 | AA17: 0 | AB17: 0 | AC17: 0 | AD17: =+V17+X17+Z17+AB17 -> 0 | AE17: =+W17+Y17+AA17+AC17 -> 0 | AF17: 0 | AG17: 0 | AH17: 0 | AI17: 0 | AJ17: 0 | AK17: 0 | AL17: 0 | AM17: 0 | AN17: =+AF17+AH17+AJ17+AL17 -> 0 | AO17: =+AG17+AI17+AK17+AM17 -> 0 | AP17: 0 | AQ17: 0 | AR17: 0 | AS17: 0 | AT17: 0 | AU17: 0 | AV17: 0 | AW17: 0 | AX17: =+AP17+AR17+AT17+AV17 -> 0 | AY17: =+AQ17+AS17+AU17+AW17 -> 0 | AZ17: =+J17+T17+AD17+AN17+AX17 -> 207 | BA17: =+K17+U17+AE17+AO17+AY17 -> 36118.49 | BB17: บาท
A18: Total | B18: =SUM(B6:B17) -> 47 | C18: =SUM(C6:C17) -> 8889.33 | D18: =SUM(D6:D17) -> 47 | E18: =SUM(E6:E17) -> 12718 | F18: =SUM(F6:F17) -> 824 | G18: =SUM(G6:G17) -> 137986.88 | H18: =SUM(H6:H17) -> 69 | I18: =SUM(I6:I17) -> 31063.48 | ... BA18: =SUM(BA6:BA17) -> 214446.89 | BB18: บาท

Sheet จำนวนชิ้นขนม
A1: สรุปรายการสินค้าที่ตีกลับมารวมทุกช่องทางขายออนไลน์ ปี 2568
A2: ลำดับ | B2: รายการ | C2: Total | D2: ต้นทุนสินค้า | E2: เป็นเงิน | F2: มกราคม | G2: กุมภาพันธ์ | H2: มีนาคม | I2: เมษายน | J2: พฤษภาคม | K2: มิถุนายน | L2: กรกฎาคม | M2: สิงหาคม | N2: กันยายน | O2: ตุลาคม | P2: พฤศจิกายน | Q2: ธันวาคม
A3: 1 | B3: ชิฟฟอนแยกชิ้น (ไม่ไส้) | C3: =SUM(F3:Q3) -> 120 | D3: 4.34 | E3: =+C3*D3 -> 520.8 | F3: =IFERROR(SUM(VLOOKUP(B3,[1]สรุปรายการสินค้า!$B:$C,2,0)),"0") -> 20 | G3: =IFERROR(VLOOKUP(B3,[2]สรุปรายการสินค้า!$B:$C,2,0),"0") -> 0 | H3: =IFERROR(VLOOKUP(B3,[3]สรุปรายการสินค้า!$B:$C,2,0),"0") -> 0 | I3: =IFERROR(VLOOKUP(B3,[4]สรุปรายการสินค้า!$B:$C,2,0),"0") -> 0 | J3: 0 | K3: 0 | L3: 0 | M3: 0 | N3: 0 | O3: 100 | P3: 0 | Q3: 0
A4: 2 | B4: ชิฟฟอนแยกชิ้น (ไส้) | C4: =SUM(F4:Q4) -> 381 | D4: 5.15 | E4: =+C4*D4 -> 1962.15 | F4: =IFERROR(SUM(VLOOKUP(B4,[1]สรุปรายการสินค้า!$B:$C,2,0)),"0") -> 210 | G4: =IFERROR(VLOOKUP(B4,[2]สรุปรายการสินค้า!$B:$C,2,0),"0") -> 1 | H4: =IFERROR(VLOOKUP(B4,[3]สรุปรายการสินค้า!$B:$C,2,0),"0") -> 0 | I4: =IFERROR(VLOOKUP(B4,[4]สรุปรายการสินค้า!$B:$C,2,0),"0") -> 0 | J4: 0 | K4: 0 | L4: 0 | M4: 0 | N4: 10 | O4: 160 | P4: 0 | Q4: 0
A5: 3 | B5: ชิฟฟอน 8 ชิ้น (ชมพู) | C5: =SUM(F5:Q5) -> 225 | D5: 37.17 | E5: =+C5*D5 -> 8363.25 | F5: =IFERROR(SUM(VLOOKUP(B5,[1]สรุปรายการสินค้า!$B:$C,2,0)),"0") -> 62 | G5: =IFERROR(VLOOKUP(B5,[2]สรุปรายการสินค้า!$B:$C,2,0),"0") -> 65 | H5: =IFERROR(VLOOKUP(B5,[3]สรุปรายการสินค้า!$B:$C,2,0),"0") -> 12 | I5: =IFERROR(VLOOKUP(B5,[4]สรุปรายการสินค้า!$B:$C,2,0),"0") -> 8 | J5: 3 | K5: 25 | L5: 12 | M5: 0 | N5: 7 | O5: 9 | P5: 2 | Q5: 20
A6: 4 | B6: ชิฟฟอนยอดฮิต | C6: =SUM(F6:Q6) -> 39 | D6: 39.96 | E6: =+C6*D6 -> 1558.44 | F6: =IFERROR(SUM(VLOOKUP(B6,[1]สรุปรายการสินค้า!$B:$C,2,0)),"0") -> 16 | G6: =IFERROR(VLOOKUP(B6,[2]สรุปรายการสินค้า!$B:$C,2,0),"0") -> 3 | H6: =IFERROR(VLOOKUP(B6,[3]สรุปรายการสินค้า!$B:$C,2,0),"0") -> 6 | I6: =IFERROR(VLOOKUP(B6,[4]สรุปรายการสินค้า!$B:$C,2,0),"0") -> 4 | J6: 0 | K6: 1 | L6: 0 | M6: 8 | N6: 0 | O6: 0 | P6: 0 | Q6: 1
A7: 5 | B7: ชิฟฟอนไส้แยม 6 ชิ้น | C7: =SUM(F7:Q7) -> 58 | D7: 25.78 | E7: =+C7*D7 -> 1495.24 | F7: =IFERROR(SUM(VLOOKUP(B7,[1]สรุปรายการสินค้า!$B:$C,2,0)),"0") -> 23 | G7: =IFERROR(VLOOKUP(B7,[2]สรุปรายการสินค้า!$B:$C,2,0),"0") -> 6 | H7: =IFERROR(VLOOKUP(B7,[3]สรุปรายการสินค้า!$B:$C,2,0),"0") -> 5 | I7: =IFERROR(VLOOKUP(B7,[4]สรุปรายการสินค้า!$B:$C,2,0),"0") -> 0 | J7: 6 | K7: 9 | L7: 1 | M7: 0 | N7: 2 | O7: 1 | P7: 0 | Q7: 5
A8: 6 | B8: ชิฟฟอน 4 ชิ้น | C8: =SUM(F8:Q8) -> 697 | D8: 19.58 | E8: =+C8*D8 -> 13647.26 | F8: =IFERROR(SUM(VLOOKUP(B8,[1]สรุปรายการสินค้า!$B:$C,2,0)),"0") -> 185 | G8: =IFERROR(VLOOKUP(B8,[2]สรุปรายการสินค้า!$B:$C,2,0),"0") -> 3 | H8: =IFERROR(VLOOKUP(B8,[3]สรุปรายการสินค้า!$B:$C,2,0),"0") -> 0 | I8: =IFERROR(VLOOKUP(B8,[4]สรุปรายการสินค้า!$B:$C,2,0),"0") -> 14 | J8: 26 | K8: 22 | L8: 16 | M8: 0 | N8: 0 | O8: 4 | P8: 49 | Q8: 378
A9: 7 | B9: ชิฟฟอนไส้แยม 3 ชิ้น | C9: =SUM(F9:Q9) -> 440 | D9: 13.36 | E9: =+C9*D9 -> 5878.4 | F9: =IFERROR(SUM(VLOOKUP(B9,[1]สรุปรายการสินค้า!$B:$C,2,0)),"0") -> 166 | G9: =IFERROR(VLOOKUP(B9,[2]สรุปรายการสินค้า!$B:$C,2,0),"0") -> 0 | H9: =IFERROR(VLOOKUP(B9,[3]สรุปรายการสินค้า!$B:$C,2,0),"0") -> 6 | I9: =IFERROR(VLOOKUP(B9,[4]สรุปรายการสินค้า!$B:$C,2,0),"0") -> 22 | J9: 14 | K9: 22 | L9: 19 | M9: 15 | N9: 27 | O9: 0 | P9: 9 | Q9: 140
A10: 8 | B10: เบาหวิว ล | C10: =SUM(F10:Q10) -> 1487 | D10: 15.04 | E10: =+C10*D10 -> 22364.48 | F10: =IFERROR(SUM(VLOOKUP(B10,[1]สรุปรายการสินค้า!$B:$C,2,0)),"0") -> 452 | G10: =IFERROR(VLOOKUP(B10,[2]สรุปรายการสินค้า!$B:$C,2,0),"0") -> 11 | H10: =IFERROR(VLOOKUP(B10,[3]สรุปรายการสินค้า!$B:$C,2,0),"0") -> 37 | I10: =IFERROR(VLOOKUP(B10,[4]สรุปรายการสินค้า!$B:$C,2,0),"0") -> 135 | J10: 75 | K10: 120 | L10: 106 | M10: 9 | N10: 24 | O10: 6 | P10: 62 | Q10: 450
A11: 9 | B11: เปี๊ยะ 450 กรัม | C11: =SUM(F11:Q11) -> 222 | D11: 72.5 | E11: =+C11*D11 -> 16095 | F11: =IFERROR(SUM(VLOOKUP(B11,[1]สรุปรายการสินค้า!$B:$C,2,0)),"0") -> 34 | G11: =IFERROR(VLOOKUP(B11,[2]สรุปรายการสินค้า!$B:$C,2,0),"0") -> 3 | H11: =IFERROR(VLOOKUP(B11,[3]สรุปรายการสินค้า!$B:$C,2,0),"0") -> 0 | I11: =IFERROR(VLOOKUP(B11,[4]สรุปรายการสินค้า!$B:$C,2,0),"0") -> 0 | J11: 2 | K11: 5 | L11: 10 | M11: 38 | N11: 81 | O11: 48 | P11: 0 | Q11: 1
A12: 10 | B12: เค้กหวิวถาด | C12: =SUM(F12:Q12) -> 69 | D12: 0 | E12: =+C12*D12 -> 0 | F12: =IFERROR(SUM(VLOOKUP(B12,[1]สรุปรายการสินค้า!$B:$C,2,0)),"0") -> 0 | G12: =IFERROR(VLOOKUP(B12,[2]สรุปรายการสินค้า!$B:$C,2,0),"0") -> 6 | H12: =IFERROR(VLOOKUP(B12,[3]สรุปรายการสินค้า!$B:$C,2,0),"0") -> 2 | I12: =IFERROR(VLOOKUP(B12,[4]สรุปรายการสินค้า!$B:$C,2,0),"0") -> 0 | J12: 0 | K12: 0 | L12: 0 | M12: 0 | N12: 0 | O12: 0 | P12: 19 | Q12: 42
A13: 11 | B13: เปี๊ยะ ล | C13: =SUM(F13:Q13) -> 12 | D13: 0 | E13: =+C13*D13 -> 0 | F13: =IFERROR(SUM(VLOOKUP(B13,[1]สรุปรายการสินค้า!$B:$C,2,0)),"0") -> 0 | G13: =IFERROR(VLOOKUP(B13,[2]สรุปรายการสินค้า!$B:$C,2,0),"0") -> 0 | H13: =IFERROR(VLOOKUP(B13,[3]สรุปรายการสินค้า!$B:$C,2,0),"0") -> 0 | I13: =IFERROR(VLOOKUP(B13,[4]สรุปรายการสินค้า!$B:$C,2,0),"0") -> 0 | J13: 0 | K13: 0 | L13: 0 | M13: 0 | N13: 9 | O13: 3 | P13: 0 | Q13: 0
A14: 12 | B14: เปี๊ยะโมจิ ล | C14: =SUM(F14:Q14) -> 0 | D14: 0 | E14: =+C14*D14 -> 0 | F14: =IFERROR(SUM(VLOOKUP(B14,[1]สรุปรายการสินค้า!$B:$C,2,0)),"0") -> 0 | G14: =IFERROR(VLOOKUP(B14,[2]สรุปรายการสินค้า!$B:$C,2,0),"0") -> 0 | H14: =IFERROR(VLOOKUP(B14,[3]สรุปรายการสินค้า!$B:$C,2,0),"0") -> 0 | I14: =IFERROR(VLOOKUP(B14,[4]สรุปรายการสินค้า!$B:$C,2,0),"0") -> 0 | J14: 0 | K14: 0 | L14: 0 | M14: 0 | N14: 0 | O14: 0 | P14: 0 | Q14: 0
... A32: 30 | B32: ท๊อฟฟี่ถั่ว กล่อง | C32: =SUM(F32:Q32) -> 0 | D32: 20.58 | E32: =+C32*D32 -> 0 | F32: =IFERROR(SUM(VLOOKUP(B32,[1]สรุปรายการสินค้า!$B:$C,2,0)),"0") -> 0 | G32: =IFERROR(VLOOKUP(B32,[2]สรุปรายการสินค้า!$B:$C,2,0),"0") -> 0 | H32: =IFERROR(VLOOKUP(B32,[3]สรุปรายการสินค้า!$B:$C,2,0),"0") -> 0 | I32: =IFERROR(VLOOKUP(B32,[4]สรุปรายการสินค้า!$B:$C,2,0),"0") -> 0 | J32: 0 | K32: 0 | L32: 0 | M32: 0 | N32: 0 | O32: 0 | P32: 0 | Q32: 0
A33: 31 | B33: แซนวิส | C33: =SUM(F33:Q33) -> 0 | E33: =+C33*D33 -> 0 | F33: =IFERROR(SUM(VLOOKUP(B33,[1]สรุปรายการสินค้า!$B:$C,2,0)),"0") -> 0 | G33: =IFERROR(VLOOKUP(B33,[2]สรุปรายการสินค้า!$B:$C,2,0),"0") -> 0 | H33: =IFERROR(VLOOKUP(B33,[3]สรุปรายการสินค้า!$B:$C,2,0),"0") -> 0 | I33: =IFERROR(VLOOKUP(B33,[4]สรุปรายการสินค้า!$B:$C,2,0),"0") -> 0 | J33: 0 | K33: 0 | L33: 0 | M33: 0 | N33: 0 | O33: 0 | P33: 0 | Q33: 0
A34: 32 | B34: ปังปลา กก. | C34: =SUM(F34:Q34) -> 0 | D34: 15 | E34: =+C34*D34 -> 0 | F34: =IFERROR(SUM(VLOOKUP(B34,[1]สรุปรายการสินค้า!$B:$C,2,0)),"0") -> 0 | G34: =IFERROR(VLOOKUP(B34,[2]สรุปรายการสินค้า!$B:$C,2,0),"0") -> 0 | H34: =IFERROR(VLOOKUP(B34,[3]สรุปรายการสินค้า!$B:$C,2,0),"0") -> 0 | I34: =IFERROR(VLOOKUP(B34,[4]สรุปรายการสินค้า!$B:$C,2,0),"0") -> 0 | J34: 0 | K34: 0 | L34: 0 | M34: 0 | N34: 0 | O34: 0 | P34: 0 | Q34: 0
A35: 33 | B35: เศษขนมปังปลา | C35: =SUM(F35:Q35) -> 20 | D35: 15 | E35: =+C35*D35 -> 300 | F35: =IFERROR(SUM(VLOOKUP(B35,[1]สรุปรายการสินค้า!$B:$C,2,0)),"0") -> 5 | G35: =IFERROR(VLOOKUP(B35,[2]สรุปรายการสินค้า!$B:$C,2,0),"0") -> 10 | H35: =IFERROR(VLOOKUP(B35,[3]สรุปรายการสินค้า!$B:$C,2,0),"0") -> 0 | I35: =IFERROR(VLOOKUP(B35,[4]สรุปรายการสินค้า!$B:$C,2,0),"0") -> 5 | J35: 0 | K35: 0 | L35: 0 | M35: 0 | N35: 0 | O35: 0 | P35: 0 | Q35: 0
A36: 34 | B36: ครีมฮอร์น | C36: =SUM(F36:Q36) -> 1227 | D36: 12.68 | E36: =+C36*D36 -> 15558.36 | F36: =IFERROR(SUM(VLOOKUP(B36,[1]สรุปรายการสินค้า!$B:$C,2,0)),"0") -> 135 | G36: =IFERROR(VLOOKUP(B36,[2]สรุปรายการสินค้า!$B:$C,2,0),"0") -> 0 | H36: =IFERROR(VLOOKUP(B36,[3]สรุปรายการสินค้า!$B:$C,2,0),"0") -> 0 | I36: =IFERROR(VLOOKUP(B36,[4]สรุปรายการสินค้า!$B:$C,2,0),"0") -> 188 | J36: 255 | K36: 402 | L36: 207 | M36: 40 | N36: 0 | O36: 0 | P36: 0 | Q36: 0
A37: 35 | B37: เบาหวิว ญ | C37: =SUM(F37:Q37) -> 15 | D37: 0 | E37: =+C37*D37 -> 0 | F37: =IFERROR(SUM(VLOOKUP(B37,[1]สรุปรายการสินค้า!$B:$C,2,0)),"0") -> 0 | G37: =IFERROR(VLOOKUP(B37,[2]สรุปรายการสินค้า!$B:$C,2,0),"0") -> 8 | H37: =IFERROR(VLOOKUP(B37,[3]สรุปรายการสินค้า!$B:$C,2,0),"0") -> 7 | I37: =IFERROR(VLOOKUP(B37,[4]สรุปรายการสินค้า!$B:$C,2,0),"0") -> 0 | J37: 0 | K37: 0 | L37: 0 | M37: 0 | N37: 0 | O37: 0 | P37: 0 | Q37: 0
A38: 36 | C38: =SUM(F38:Q38) -> 0 | D38: 0 | E38: =+C38*D38 -> 0 | F38: =IFERROR(SUM(VLOOKUP(B38,[1]สรุปรายการสินค้า!$B:$C,2,0)),"0") -> 0 | G38: =IFERROR(VLOOKUP(B38,[2]สรุปรายการสินค้า!$B:$C,2,0),"0") -> 0 | H38: =IFERROR(VLOOKUP(B38,[3]สรุปรายการสินค้า!$B:$C,2,0),"0") -> 0 | I38: =IFERROR(VLOOKUP(B38,[4]สรุปรายการสินค้า!$B:$C,2,0),"0") -> 0 | J38: 0 | K38: 0 | L38: 0 | M38: 0 | N38: 0 | O38: 0 | P38: 0 | Q38: 0
A39: ยอดรวม | C39: =SUM(C3:C38) -> 5449 | D39: ชิ้น | E39: =SUM(E3:E38) -> 94633.44 | F39: =SUM(F3:F38) -> 1312 | G39: =SUM(G3:G38) -> 135 | H39: =SUM(H3:H38) -> 92 | I39: =SUM(I3:I38) -> 380 | J39: =SUM(J3:J38) -> 381 | K39: =SUM(K3:K38) -> 615 | L39: =SUM(L3:L38) -> 375 | ... Q39: =SUM(Q3:Q38) -> 1045 | R39: ชิ้น

Sheet จำนวนกล่องตีกลับ
A1: สรุปรายการสินค้าที่ตีกลับมานับเป็นจำนวน (กล่อง) ปี 2568
A2: ของตีกลับ
A3: ปี 2568 | G3: 243984 | L3: 244015 | Q3: 244044 | V3: 244075 | AA3: 244105 | AF3: 244136 | AK3: 244166 | AP3: 244197 | AU3: 244228 | AZ3: 244258 | BE3: 244289 | BJ3: 244319
A4: วันที่ | B4: จำนวนกล่อง | G4: จำนวนกล่อง | L4: จำนวนกล่อง | Q4: จำนวนกล่อง | V4: จำนวนกล่อง | AA4: จำนวนกล่อง | AF4: จำนวนกล่อง | AK4: จำนวนกล่อง | AP4: จำนวนกล่อง | AU4: จำนวนกล่อง | AZ4: จำนวนกล่อง | BE4: จำนวนกล่อง | BJ4: จำนวนกล่อง
B5: lazada | C5: shopee | D5: tiktok | E5: ปณ | F5: รวม | G5: lazada | H5: shopee | I5: tiktok | J5: ปณ | K5: รวม | L5: lazada | M5: shopee | N5: tiktok | O5: ปณ | P5: รวม | Q5: lazada | R5: shopee | S5: tiktok | T5: ปณ | U5: รวม | V5: lazada | W5: shopee | X5: tiktok | Y5: ปณ | Z5: รวม | AA5: lazada | AB5: shopee | AC5: tiktok | AD5: ปณ | AE5: รวม | AF5: lazada | AG5: shopee | AH5: tiktok | AI5: ปณ | AJ5: รวม | AK5: lazada | AL5: shopee | AM5: tiktok | AN5: ปณ | AO5: รวม | AP5: lazada | AQ5: shopee | AR5: tiktok | AS5: ปณ | AT5: รวม | AU5: lazada | AV5: shopee | AW5: tiktok | AX5: ปณ | AY5: รวม | AZ5: lazada | BA5: shopee | BB5: tiktok | BC5: ปณ | BD5: รวม | BE5: lazada | BF5: shopee | BG5: tiktok | BH5: ปณ | BI5: รวม | BJ5: lazada | BK5: shopee | BL5: tiktok | BM5: ปณ | BN5: รวม
A6: 1 | B6: =+G6+L6+Q6+V6+AA6+AF6+AK6+AP6+AU6+AZ6+BE6+BJ6 -> 2 | C6: =+H6+M6+R6+W6+AB6+AG6+AL6+AQ6+AV6+BA6+BF6+BK6 -> 3 | D6: =+I6+N6+S6+X6+AC6+AH6+AM6+AR6+AW6+BB6+BG6+BL6 -> 35 | E6: =+J6+O6+T6+Y6+AD6+AI6+AN6+AS6+AX6+BC6+BH6+BM6 -> 2 | F6: =SUM(B6:E6) -> 42 | G6: 1 | H6: 1 | I6: 3 | K6: =SUM(G6:J6) -> 5 | P6: =SUM(L6:O6) -> 0 | R6: 1 | T6: 1 | U6: =SUM(Q6:T6) -> 2 | V6: 1 | X6: 1 | Y6: 1 | Z6: =SUM(V6:Y6) -> 3 | AC6: 6 | AE6: =SUM(AA6:AD6) -> 6 | AH6: 6 | AJ6: =SUM(AF6:AI6) -> 6 | AM6: 4 | AO6: =SUM(AK6:AN6) -> 4 | AR6: 5 | AT6: =SUM(AP6:AS6) -> 5 | AY6: =SUM(AU6:AX6) -> 0 | BA6: 1 | BD6: =SUM(AZ6:BC6) -> 1 | BG6: 3 | BI6: =SUM(BE6:BH6) -> 3 | BL6: 7 | BN6: =SUM(BJ6:BM6) -> 7
A7: 2 | B7: =+G7+L7+Q7+V7+AA7+AF7+AK7+AP7+AU7+AZ7+BE7+BJ7 -> 1 | C7: =+H7+M7+R7+W7+AB7+AG7+AL7+AQ7+AV7+BA7+BF7+BK7 -> 3 | D7: =+I7+N7+S7+X7+AC7+AH7+AM7+AR7+AW7+BB7+BG7+BL7 -> 21 | E7: =+J7+O7+T7+Y7+AD7+AI7+AN7+AS7+AX7+BC7+BH7+BM7 -> 4 | F7: =SUM(B7:E7) -> 29 | H7: 1 | I7: 5 | K7: =SUM(G7:J7) -> 6 | P7: =SUM(L7:O7) -> 0 | S7: 3 | U7: =SUM(Q7:T7) -> 3 | W7: 2 | Z7: =SUM(V7:Y7) -> 2 | AE7: =SUM(AA7:AD7) -> 0 | AI7: 3 | AJ7: =SUM(AF7:AI7) -> 3 | AM7: 7 | AN7: 1 | AO7: =SUM(AK7:AN7) -> 8 | AP7: 1 | AR7: 2 | AT7: =SUM(AP7:AS7) -> 3 | AY7: =SUM(AU7:AX7) -> 0 | BB7: 4 | BD7: =SUM(AZ7:BC7) -> 4 | BI7: =SUM(BE7:BH7) -> 0 | BN7: =SUM(BJ7:BM7) -> 0
A8: 3 | B8: =+G8+L8+Q8+V8+AA8+AF8+AK8+AP8+AU8+AZ8+BE8+BJ8 -> 6 | C8: =+H8+M8+R8+W8+AB8+AG8+AL8+AQ8+AV8+BA8+BF8+BK8 -> 3 | D8: =+I8+N8+S8+X8+AC8+AH8+AM8+AR8+AW8+BB8+BG8+BL8 -> 20 | E8: =+J8+O8+T8+Y8+AD8+AI8+AN8+AS8+AX8+BC8+BH8+BM8 -> 9 | F8: =SUM(B8:E8) -> 38 | G8: 1 | H8: 1 | I8: 10 | J8: 7 | K8: =SUM(G8:J8) -> 19 | L8: 2 | P8: =SUM(L8:O8) -> 2 | R8: 1 | U8: =SUM(Q8:T8) -> 1 | Z8: =SUM(V8:Y8) -> 0 | AE8: =SUM(AA8:AD8) -> 0 | AG8: 1 | AH8: 3 | AJ8: =SUM(AF8:AI8) -> 4 | AK8: 1 | AM8: 7 | AO8: =SUM(AK8:AN8) -> 8 | AT8: =SUM(AP8:AS8) -> 0 | AY8: =SUM(AU8:AX8) -> 0 | AZ8: 2 | BD8: =SUM(AZ8:BC8) -> 2 | BI8: =SUM(BE8:BH8) -> 0 | BM8: 2 | BN8: =SUM(BJ8:BM8) -> 2
A9: 4 | B9: =+G9+L9+Q9+V9+AA9+AF9+AK9+AP9+AU9+AZ9+BE9+BJ9 -> 0 | C9: =+H9+M9+R9+W9+AB9+AG9+AL9+AQ9+AV9+BA9+BF9+BK9 -> 0 | D9: =+I9+N9+S9+X9+AC9+AH9+AM9+AR9+AW9+BB9+BG9+BL9 -> 15 | E9: =+J9+O9+T9+Y9+AD9+AI9+AN9+AS9+AX9+BC9+BH9+BM9 -> 1 | F9: =SUM(B9:E9) -> 16 | K9: =SUM(G9:J9) -> 0 | P9: =SUM(L9:O9) -> 0 | U9: =SUM(Q9:T9) -> 0 | Z9: =SUM(V9:Y9) -> 0 | AE9: =SUM(AA9:AD9) -> 0 | AJ9: =SUM(AF9:AI9) -> 0 | AM9: 5 | AO9: =SUM(AK9:AN9) -> 5 | AT9: =SUM(AP9:AS9) -> 0 | AW9: 10 | AX9: 1 | AY9: =SUM(AU9:AX9) -> 11 | BD9: =SUM(AZ9:BC9) -> 0 | BI9: =SUM(BE9:BH9) -> 0 | BN9: =SUM(BJ9:BM9) -> 0
A10: 5 | B10: =+G10+L10+Q10+V10+AA10+AF10+AK10+AP10+AU10+AZ10+BE10+BJ10 -> 2 | C10: =+H10+M10+R10+W10+AB10+AG10+AL10+AQ10+AV10+BA10+BF10+BK10 -> 1 | D10: =+I10+N10+S10+X10+AC10+AH10+AM10+AR10+AW10+BB10+BG10+BL10 -> 36 | E10: =+J10+O10+T10+Y10+AD10+AI10+AN10+AS10+AX10+BC10+BH10+BM10 -> 9 | F10: =SUM(B10:E10) -> 48 | I10: 1 | J10: 3 | K10: =SUM(G10:J10) -> 4 | M10: 1 | N10: 1 | O10: 1 | P10: =SUM(L10:O10) -> 3 | T10: 2 | U10: =SUM(Q10:T10) -> 2 | Z10: =SUM(V10:Y10) -> 0 | AC10: 8 | AE10: =SUM(AA10:AD10) -> 8 | AF10: 1 | AH10: 15 | AJ10: =SUM(AF10:AI10) -> 16 | AM10: 5 | AN10: 2 | AO10: =SUM(AK10:AN10) -> 7 | AR10: 2 | AT10: =SUM(AP10:AS10) -> 2 | AY10: =SUM(AU10:AX10) -> 0 | BB10: 3 | BD10: =SUM(AZ10:BC10) -> 3 | BH10: 1 | BI10: =SUM(BE10:BH10) -> 1 | BJ10: 1 | BL10: 1 | BN10: =SUM(BJ10:BM10) -> 2
A11: 6 | B11: =+G11+L11+Q11+V11+AA11+AF11+AK11+AP11+AU11+AZ11+BE11+BJ11 -> 0 | C11: =+H11+M11+R11+W11+AB11+AG11+AL11+AQ11+AV11+BA11+BF11+BK11 -> 2 | D11: =+I11+N11+S11+X11+AC11+AH11+AM11+AR11+AW11+BB11+BG11+BL11 -> 27 | E11: =+J11+O11+T11+Y11+AD11+AI11+AN11+AS11+AX11+BC11+BH11+BM11 -> 4 | F11: =SUM(B11:E11) -> 33 | I11: 15 | J11: 3 | K11: =SUM(G11:J11) -> 18 | P11: =SUM(L11:O11) -> 0 | U11: =SUM(Q11:T11) -> 0 | Z11: =SUM(V11:Y11) -> 0 | AE11: =SUM(AA11:AD11) -> 0 | AG11: 2 | AH11: 2 | AJ11: =SUM(AF11:AI11) -> 4 | AM11: 3 | AO11: =SUM(AK11:AN11) -> 3 | AT11: =SUM(AP11:AS11) -> 0 | AW11: 1 | AY11: =SUM(AU11:AX11) -> 1 | BD11: =SUM(AZ11:BC11) -> 0 | BG11: 2 | BH11: 1 | BI11: =SUM(BE11:BH11) -> 3 | BL11: 4 | BN11: =SUM(BJ11:BM11) -> 4
A12: 7 | B12: =+G12+L12+Q12+V12+AA12+AF12+AK12+AP12+AU12+AZ12+BE12+BJ12 -> 0 | C12: =+H12+M12+R12+W12+AB12+AG12+AL12+AQ12+AV12+BA12+BF12+BK12 -> 1 | D12: =+I12+N12+S12+X12+AC12+AH12+AM12+AR12+AW12+BB12+BG12+BL12 -> 20 | E12: =+J12+O12+T12+Y12+AD12+AI12+AN12+AS12+AX12+BC12+BH12+BM12 -> 6 | F12: =SUM(B12:E12) -> 27 | I12: 2 | K12: =SUM(G12:J12) -> 2 | O12: 1 | P12: =SUM(L12:O12) -> 1 | U12: =SUM(Q12:T12) -> 0 | W12: 1 | X12: 2 | Z12: =SUM(V12:Y12) -> 3 | AC12: 3 | AE12: =SUM(AA12:AD12) -> 3 | AH12: 6 | AI12: 2 | AJ12: =SUM(AF12:AI12) -> 8 | AM12: 1 | AN12: 3 | AO12: =SUM(AK12:AN12) -> 4 | AT12: =SUM(AP12:AS12) -> 0 | AY12: =SUM(AU12:AX12) -> 0 | BB12: 2 | BD12: =SUM(AZ12:BC12) -> 2 | BG12: 4 | BI12: =SUM(BE12:BH12) -> 4 | BN12: =SUM(BJ12:BM12) -> 0
A13: 8 | B13: =+G13+L13+Q13+V13+AA13+AF13+AK13+AP13+AU13+AZ13+BE13+BJ13 -> 3 | C13: =+H13+M13+R13+W13+AB13+AG13+AL13+AQ13+AV13+BA13+BF13+BK13 -> 1 | D13: =+I13+N13+S13+X13+AC13+AH13+AM13+AR13+AW13+BB13+BG13+BL13 -> 47 | E13: =+J13+O13+T13+Y13+AD13+AI13+AN13+AS13+AX13+BC13+BH13+BM13 -> 4 | F13: =SUM(B13:E13) -> 55 | I13: 11 | J13: 2 | K13: =SUM(G13:J13) -> 13 | P13: =SUM(L13:O13) -> 0 | U13: =SUM(Q13:T13) -> 0 | Z13: =SUM(V13:Y13) -> 0 | AE13: =SUM(AA13:AD13) -> 0 | AF13: 1 | AH13: 11 | AJ13: =SUM(AF13:AI13) -> 12 | AK13: 1 | AM13: 8 | AO13: =SUM(AK13:AN13) -> 9 | AR13: 3 | AT13: =SUM(AP13:AS13) -> 3 | AV13: 1 | AW13: 5 | AX13: 2 | AY13: =SUM(AU13:AX13) -> 8 | BB13: 1 | BD13: =SUM(AZ13:BC13) -> 1 | BG13: 3 | BI13: =SUM(BE13:BH13) -> 3 | BJ13: 1 | BL13: 5 | BN13: =SUM(BJ13:BM13) -> 6
A14: 9 | B14: =+G14+L14+Q14+V14+AA14+AF14+AK14+AP14+AU14+AZ14+BE14+BJ14 -> 0 | C14: =+H14+M14+R14+W14+AB14+AG14+AL14+AQ14+AV14+BA14+BF14+BK14 -> 1 | D14: =+I14+N14+S14+X14+AC14+AH14+AM14+AR14+AW14+BB14+BG14+BL14 -> 27 | E14: =+J14+O14+T14+Y14+AD14+AI14+AN14+AS14+AX14+BC14+BH14+BM14 -> 1 | F14: =SUM(B14:E14) -> 29 | I14: 7 | K14: =SUM(G14:J14) -> 7 | P14: =SUM(L14:O14) -> 0 | U14: =SUM(Q14:T14) -> 0 | Z14: =SUM(V14:Y14) -> 0 | AC14: 3 | AE14: =SUM(AA14:AD14) -> 3 | AH14: 6 | AJ14: =SUM(AF14:AI14) -> 6 | AM14: 8 | AN14: 1 | AO14: =SUM(AK14:AN14) -> 9 | AT14: =SUM(AP14:AS14) -> 0 | AY14: =SUM(AU14:AX14) -> 0 | BB14: 2 | BD14: =SUM(AZ14:BC14) -> 2 | BF14: 1 | BG14: 1 | BI14: =SUM(BE14:BH14) -> 2 | BN14: =SUM(BJ14:BM14) -> 0
A15: 10 | B15: =+G15+L15+Q15+V15+AA15+AF15+AK15+AP15+AU15+AZ15+BE15+BJ15 -> 4 | C15: =+H15+M15+R15+W15+AB15+AG15+AL15+AQ15+AV15+BA15+BF15+BK15 -> 3 | D15: =+I15+N15+S15+X15+AC15+AH15+AM15+AR15+AW15+BB15+BG15+BL15 -> 26 | E15: =+J15+O15+T15+Y15+AD15+AI15+AN15+AS15+AX15+BC15+BH15+BM15 -> 4 | F15: =SUM(B15:E15) -> 37 | G15: 1 | H15: 1 | I15: 7 | K15: =SUM(G15:J15) -> 9 | P15: =SUM(L15:O15) -> 0 | Q15: 1 | T15: 2 | U15: =SUM(Q15:T15) -> 3 | Z15: =SUM(V15:Y15) -> 0 | AE15: =SUM(AA15:AD15) -> 0 | AJ15: =SUM(AF15:AI15) -> 0 | AM15: 3 | AO15: =SUM(AK15:AN15) -> 3 | AT15: =SUM(AP15:AS15) -> 0 | AW15: 7 | AX15: 1 | AY15: =SUM(AU15:AX15) -> 8 | AZ15: 1 | BB15: 2 | BC15: 1 | BD15: =SUM(AZ15:BC15) -> 4 | BE15: 1 | BF15: 2 | BI15: =SUM(BE15:BH15) -> 3 | BL15: 7 | BN15: =SUM(BJ15:BM15) -> 7
A16: 11 | B16: =+G16+L16+Q16+V16+AA16+AF16+AK16+AP16+AU16+AZ16+BE16+BJ16 -> 0 | C16: =+H16+M16+R16+W16+AB16+AG16+AL16+AQ16+AV16+BA16+BF16+BK16 -> 2 | D16: =+I16+N16+S16+X16+AC16+AH16+AM16+AR16+AW16+BB16+BG16+BL16 -> 24 | E16: =+J16+O16+T16+Y16+AD16+AI16+AN16+AS16+AX16+BC16+BH16+BM16 -> 1 | F16: =SUM(B16:E16) -> 27 | I16: 10 | J16: 1 | K16: =SUM(G16:J16) -> 11 | P16: =SUM(L16:O16) -> 0 | R16: 1 | S16: 1 | U16: =SUM(Q16:T16) -> 2 | Z16: =SUM(V16:Y16) -> 0 | AE16: =SUM(AA16:AD16) -> 0 | AH16: 6 | AJ16: =SUM(AF16:AI16) -> 6 | AM16: 3 | AO16: =SUM(AK16:AN16) -> 3 | AT16: =SUM(AP16:AS16) -> 0 | AW16: 2 | AY16: =SUM(AU16:AX16) -> 2 | BA16: 1 | BB16: 2 | BD16: =SUM(AZ16:BC16) -> 3 | BI16: =SUM(BE16:BH16) -> 0 | BN16: =SUM(BJ16:BM16) -> 0
A17: 12 | B17: =+G17+L17+Q17+V17+AA17+AF17+AK17+AP17+AU17+AZ17+BE17+BJ17 -> 0 | C17: =+H17+M17+R17+W17+AB17+AG17+AL17+AQ17+AV17+BA17+BF17+BK17 -> 2 | D17: =+I17+N17+S17+X17+AC17+AH17+AM17+AR17+AW17+BB17+BG17+BL17 -> 43 | E17: =+J17+O17+T17+Y17+AD17+AI17+AN17+AS17+AX17+BC17+BH17+BM17 -> 1 | F17: =SUM(B17:E17) -> 46 | I17: 15 | K17: =SUM(G17:J17) -> 15 | P17: =SUM(L17:O17) -> 0 | U17: =SUM(Q17:T17) -> 0 | Z17: =SUM(V17:Y17) -> 0 | AC17: 3 | AD17: 1 | AE17: =SUM(AA17:AD17) -> 4 | AH17: 12 | AJ17: =SUM(AF17:AI17) -> 12 | AM17: 4 | AO17: =SUM(AK17:AN17) -> 4 | AT17: =SUM(AP17:AS17) -> 0 | AV17: 2 | AW17: 1 | AY17: =SUM(AU17:AX17) -> 3 | BB17: 7 | BD17: =SUM(AZ17:BC17) -> 7 | BI17: =SUM(BE17:BH17) -> 0 | BL17: 1 | BN17: =SUM(BJ17:BM17) -> 1
A18: 13 | B18: =+G18+L18+Q18+V18+AA18+AF18+AK18+AP18+AU18+AZ18+BE18+BJ18 -> 0 | C18: =+H18+M18+R18+W18+AB18+AG18+AL18+AQ18+AV18+BA18+BF18+BK18 -> 0 | D18: =+I18+N18+S18+X18+AC18+AH18+AM18+AR18+AW18+BB18+BG18+BL18 -> 24 | E18: =+J18+O18+T18+Y18+AD18+AI18+AN18+AS18+AX18+BC18+BH18+BM18 -> 6 | F18: =SUM(B18:E18) -> 30 | I18: 3 | K18: =SUM(G18:J18) -> 3 | P18: =SUM(L18:O18) -> 0 | U18: =SUM(Q18:T18) -> 0 | Z18: =SUM(V18:Y18) -> 0 | AC18: 7 | AE18: =SUM(AA18:AD18) -> 7 | AH18: 11 | AJ18: =SUM(AF18:AI18) -> 11 | AO18: =SUM(AK18:AN18) -> 0 | AS18: 4 | AT18: =SUM(AP18:AS18) -> 4 | AW18: 3 | AY18: =SUM(AU18:AX18) -> 3 | BD18: =SUM(AZ18:BC18) -> 0 | BH18: 2 | BI18: =SUM(BE18:BH18) -> 2 | BN18: =SUM(BJ18:BM18) -> 0
A19: 14 | B19: =+G19+L19+Q19+V19+AA19+AF19+AK19+AP19+AU19+AZ19+BE19+BJ19 -> 3 | C19: =+H19+M19+R19+W19+AB19+AG19+AL19+AQ19+AV19+BA19+BF19+BK19 -> 1 | D19: =+I19+N19+S19+X19+AC19+AH19+AM19+AR19+AW19+BB19+BG19+BL19 -> 5 | E19: =+J19+O19+T19+Y19+AD19+AI19+AN19+AS19+AX19+BC19+BH19+BM19 -> 6 | F19: =SUM(B19:E19) -> 15 | K19: =SUM(G19:J19) -> 0 | M19: 1 | O19: 2 | P19: =SUM(L19:O19) -> 3 | U19: =SUM(Q19:T19) -> 0 | Z19: =SUM(V19:Y19) -> 0 | AE19: =SUM(AA19:AD19) -> 0 | AJ19: =SUM(AF19:AI19) -> 0 | AK19: 1 | AM19: 4 | AN19: 3 | AO19: =SUM(AK19:AN19) -> 8 | AS19: 1 | AT19: =SUM(AP19:AS19) -> 1 | AY19: =SUM(AU19:AX19) -> 0 | BB19: 1 | BD19: =SUM(AZ19:BC19) -> 1 | BI19: =SUM(BE19:BH19) -> 0 | BJ19: 2 | BN19: =SUM(BJ19:BM19) -> 2
A20: 15 | B20: =+G20+L20+Q20+V20+AA20+AF20+AK20+AP20+AU20+AZ20+BE20+BJ20 -> 1 | C20: =+H20+M20+R20+W20+AB20+AG20+AL20+AQ20+AV20+BA20+BF20+BK20 -> 1 | D20: =+I20+N20+S20+X20+AC20+AH20+AM20+AR20+AW20+BB20+BG20+BL20 -> 48 | E20: =+J20+O20+T20+Y20+AD20+AI20+AN20+AS20+AX20+BC20+BH20+BM20 -> 3 | F20: =SUM(B20:E20) -> 53 | I20: 4 | K20: =SUM(G20:J20) -> 4 | P20: =SUM(L20:O20) -> 0 | U20: =SUM(Q20:T20) -> 0 | Z20: =SUM(V20:Y20) -> 0 | AC20: 3 | AD20: 1 | AE20: =SUM(AA20:AD20) -> 4 | AH20: 11 | AJ20: =SUM(AF20:AI20) -> 11 | AO20: =SUM(AK20:AN20) -> 0 | AT20: =SUM(AP20:AS20) -> 0 | AV20: 1 | AX20: 1 | AY20: =SUM(AU20:AX20) -> 2 | AZ20: 1 | BB20: 6 | BC20: 1 | BD20: =SUM(AZ20:BC20) -> 8 | BG20: 2 | BI20: =SUM(BE20:BH20) -> 2 | BL20: 22 | BN20: =SUM(BJ20:BM20) -> 22
A21: 16 | B21: =+G21+L21+Q21+V21+AA21+AF21+AK21+AP21+AU21+AZ21+BE21+BJ21 -> 3 | C21: =+H21+M21+R21+W21+AB21+AG21+AL21+AQ21+AV21+BA21+BF21+BK21 -> 2 | D21: =+I21+N21+S21+X21+AC21+AH21+AM21+AR21+AW21+BB21+BG21+BL21 -> 25 | E21: =+J21+O21+T21+Y21+AD21+AI21+AN21+AS21+AX21+BC21+BH21+BM21 -> 1 | F21: =SUM(B21:E21) -> 31 | I21: 4 | K21: =SUM(G21:J21) -> 4 | L21: 1 | P21: =SUM(L21:O21) -> 1 | U21: =SUM(Q21:T21) -> 0 | W21: 1 | X21: 14 | Z21: =SUM(V21:Y21) -> 15 | AC21: 4 | AE21: =SUM(AA21:AD21) -> 4 | AJ21: =SUM(AF21:AI21) -> 0 | AM21: 2 | AO21: =SUM(AK21:AN21) -> 2 | AT21: =SUM(AP21:AS21) -> 0 | AU21: 1 | AW21: 1 | AX21: 1 | AY21: =SUM(AU21:AX21) -> 3 | BD21: =SUM(AZ21:BC21) -> 0 | BE21: 1 | BF21: 1 | BI21: =SUM(BE21:BH21) -> 2 | BN21: =SUM(BJ21:BM21) -> 0
A22: 17 | B22: =+G22+L22+Q22+V22+AA22+AF22+AK22+AP22+AU22+AZ22+BE22+BJ22 -> 3 | C22: =+H22+M22+R22+W22+AB22+AG22+AL22+AQ22+AV22+BA22+BF22+BK22 -> 2 | D22: =+I22+N22+S22+X22+AC22+AH22+AM22+AR22+AW22+BB22+BG22+BL22 -> 23 | E22: =+J22+O22+T22+Y22+AD22+AI22+AN22+AS22+AX22+BC22+BH22+BM22 -> 3 | F22: =SUM(B22:E22) -> 31 | K22: =SUM(G22:J22) -> 0 | N22: 1 | P22: =SUM(L22:O22) -> 1 | S22: 6 | T22: 2 | U22: =SUM(Q22:T22) -> 8 | Z22: =SUM(V22:Y22) -> 0 | AE22: =SUM(AA22:AD22) -> 0 | AF22: 1 | AH22: 8 | AI22: 1 | AJ22: =SUM(AF22:AI22) -> 10 | AL22: 1 | AM22: 3 | AO22: =SUM(AK22:AN22) -> 4 | AP22: 1 | AR22: 1 | AT22: =SUM(AP22:AS22) -> 2 | AY22: =SUM(AU22:AX22) -> 0 | BB22: 4 | BD22: =SUM(AZ22:BC22) -> 4 | BI22: =SUM(BE22:BH22) -> 0 | BJ22: 1 | BK22: 1 | BN22: =SUM(BJ22:BM22) -> 2
A23: 18 | B23: =+G23+L23+Q23+V23+AA23+AF23+AK23+AP23+AU23+AZ23+BE23+BJ23 -> 0 | C23: =+H23+M23+R23+W23+AB23+AG23+AL23+AQ23+AV23+BA23+BF23+BK23 -> 1 | D23: =+I23+N23+S23+X23+AC23+AH23+AM23+AR23+AW23+BB23+BG23+BL23 -> 37 | E23: =+J23+O23+T23+Y23+AD23+AI23+AN23+AS23+AX23+BC23+BH23+BM23 -> 1 | F23: =SUM(B23:E23) -> 39 | H23: 1 | I23: 8 | K23: =SUM(G23:J23) -> 9 | P23: =SUM(L23:O23) -> 0 | S23: 2 | U23: =SUM(Q23:T23) -> 2 | X23: 4 | Z23: =SUM(V23:Y23) -> 4 | AC23: 13 | AE23: =SUM(AA23:AD23) -> 13 | AI23: 1 | AJ23: =SUM(AF23:AI23) -> 1 | AM23: 1 | AO23: =SUM(AK23:AN23) -> 1 | AR23: 2 | AT23: =SUM(AP23:AS23) -> 2 | AW23: 4 | AY23: =SUM(AU23:AX23) -> 4 | BB23: 2 | BD23: =SUM(AZ23:BC23) -> 2 | BG23: 1 | BI23: =SUM(BE23:BH23) -> 1 | BN23: =SUM(BJ23:BM23) -> 0
A24: 19 | B24: =+G24+L24+Q24+V24+AA24+AF24+AK24+AP24+AU24+AZ24+BE24+BJ24 -> 2 | C24: =+H24+M24+R24+W24+AB24+AG24+AL24+AQ24+AV24+BA24+BF24+BK24 -> 2 | D24: =+I24+N24+S24+X24+AC24+AH24+AM24+AR24+AW24+BB24+BG24+BL24 -> 30 | E24: =+J24+O24+T24+Y24+AD24+AI24+AN24+AS24+AX24+BC24+BH24+BM24 -> 2 | F24: =SUM(B24:E24) -> 36 | I24: 6 | K24: =SUM(G24:J24) -> 6 | M24: 1 | N24: 3 | P24: =SUM(L24:O24) -> 4 | U24: =SUM(Q24:T24) -> 0 | Z24: =SUM(V24:Y24) -> 0 | AC24: 8 | AE24: =SUM(AA24:AD24) -> 8 | AF24: 1 | AG24: 1 | AH24: 10 | AJ24: =SUM(AF24:AI24) -> 12 | AO24: =SUM(AK24:AN24) -> 0 | AS24: 1 | AT24: =SUM(AP24:AS24) -> 1 | AU24: 1 | AW24: 1 | AX24: 1 | AY24: =SUM(AU24:AX24) -> 3 | BD24: =SUM(AZ24:BC24) -> 0 | BG24: 2 | BI24: =SUM(BE24:BH24) -> 2 | BN24: =SUM(BJ24:BM24) -> 0
A25: 20 | B25: =+G25+L25+Q25+V25+AA25+AF25+AK25+AP25+AU25+AZ25+BE25+BJ25 -> 1 | C25: =+H25+M25+R25+W25+AB25+AG25+AL25+AQ25+AV25+BA25+BF25+BK25 -> 4 | D25: =+I25+N25+S25+X25+AC25+AH25+AM25+AR25+AW25+BB25+BG25+BL25 -> 49 | E25: =+J25+O25+T25+Y25+AD25+AI25+AN25+AS25+AX25+BC25+BH25+BM25 -> 6 | F25: =SUM(B25:E25) -> 60 | K25: =SUM(G25:J25) -> 0 | O25: 1 | P25: =SUM(L25:O25) -> 1 | T25: 1 | U25: =SUM(Q25:T25) -> 1 | W25: 1 | X25: 20 | Z25: =SUM(V25:Y25) -> 21 | AC25: 8 | AE25: =SUM(AA25:AD25) -> 8 | AJ25: =SUM(AF25:AI25) -> 0 | AN25: 4 | AO25: =SUM(AK25:AN25) -> 4 | AR25: 3 | AT25: =SUM(AP25:AS25) -> 3 | AU25: 1 | AW25: 4 | AY25: =SUM(AU25:AX25) -> 5 | BA25: 3 | BD25: =SUM(AZ25:BC25) -> 3 | BI25: =SUM(BE25:BH25) -> 0 | BL25: 14 | BN25: =SUM(BJ25:BM25) -> 14
A26: 21 | B26: =+G26+L26+Q26+V26+AA26+AF26+AK26+AP26+AU26+AZ26+BE26+BJ26 -> 2 | C26: =+H26+M26+R26+W26+AB26+AG26+AL26+AQ26+AV26+BA26+BF26+BK26 -> 1 | D26: =+I26+N26+S26+X26+AC26+AH26+AM26+AR26+AW26+BB26+BG26+BL26 -> 29 | E26: =+J26+O26+T26+Y26+AD26+AI26+AN26+AS26+AX26+BC26+BH26+BM26 -> 2 | F26: =SUM(B26:E26) -> 34 | H26: 1 | I26: 6 | J26: 2 | K26: =SUM(G26:J26) -> 9 | P26: =SUM(L26:O26) -> 0 | U26: =SUM(Q26:T26) -> 0 | Z26: =SUM(V26:Y26) -> 0 | AE26: =SUM(AA26:AD26) -> 0 | AJ26: =SUM(AF26:AI26) -> 0 | AK26: 1 | AM26: 6 | AO26: =SUM(AK26:AN26) -> 7 | AT26: =SUM(AP26:AS26) -> 0 | AY26: =SUM(AU26:AX26) -> 0 | BB26: 4 | BD26: =SUM(AZ26:BC26) -> 4 | BI26: =SUM(BE26:BH26) -> 0 | BJ26: 1 | BL26: 13 | BN26: =SUM(BJ26:BM26) -> 14
A27: 22 | B27: =+G27+L27+Q27+V27+AA27+AF27+AK27+AP27+AU27+AZ27+BE27+BJ27 -> 0 | C27: =+H27+M27+R27+W27+AB27+AG27+AL27+AQ27+AV27+BA27+BF27+BK27 -> 2 | D27: =+I27+N27+S27+X27+AC27+AH27+AM27+AR27+AW27+BB27+BG27+BL27 -> 45 | E27: =+J27+O27+T27+Y27+AD27+AI27+AN27+AS27+AX27+BC27+BH27+BM27 -> 4 | F27: =SUM(B27:E27) -> 51 | I27: 2 | K27: =SUM(G27:J27) -> 2 | P27: =SUM(L27:O27) -> 0 | S27: 1 | U27: =SUM(Q27:T27) -> 1 | Z27: =SUM(V27:Y27) -> 0 | AE27: =SUM(AA27:AD27) -> 0 | AG27: 1 | AH27: 13 | AI27: 3 | AJ27: =SUM(AF27:AI27) -> 17 | AM27: 4 | AO27: =SUM(AK27:AN27) -> 4 | AR27: 1 | AT27: =SUM(AP27:AS27) -> 1 | AW27: 4 | AY27: =SUM(AU27:AX27) -> 4 | BD27: =SUM(AZ27:BC27) -> 0 | BH27: 1 | BI27: =SUM(BE27:BH27) -> 1 | BK27: 1 | BL27: 20 | BN27: =SUM(BJ27:BM27) -> 21
A28: 23 | B28: =+G28+L28+Q28+V28+AA28+AF28+AK28+AP28+AU28+AZ28+BE28+BJ28 -> 2 | C28: =+H28+M28+R28+W28+AB28+AG28+AL28+AQ28+AV28+BA28+BF28+BK28 -> 1 | D28: =+I28+N28+S28+X28+AC28+AH28+AM28+AR28+AW28+BB28+BG28+BL28 -> 15 | E28: =+J28+O28+T28+Y28+AD28+AI28+AN28+AS28+AX28+BC28+BH28+BM28 -> 1 | F28: =SUM(B28:E28) -> 19 | K28: =SUM(G28:J28) -> 0 | P28: =SUM(L28:O28) -> 0 | U28: =SUM(Q28:T28) -> 0 | Z28: =SUM(V28:Y28) -> 0 | AC28: 6 | AE28: =SUM(AA28:AD28) -> 6 | AJ28: =SUM(AF28:AI28) -> 0 | AK28: 1 | AM28: 1 | AO28: =SUM(AK28:AN28) -> 2 | AT28: =SUM(AP28:AS28) -> 0 | AW28: 2 | AX28: 1 | AY28: =SUM(AU28:AX28) -> 3 | BB28: 5 | BD28: =SUM(AZ28:BC28) -> 5 | BE28: 1 | BF28: 1 | BG28: 1 | BI28: =SUM(BE28:BH28) -> 3 | BN28: =SUM(BJ28:BM28) -> 0
A29: 24 | B29: =+G29+L29+Q29+V29+AA29+AF29+AK29+AP29+AU29+AZ29+BE29+BJ29 -> 5 | C29: =+H29+M29+R29+W29+AB29+AG29+AL29+AQ29+AV29+BA29+BF29+BK29 -> 2 | D29: =+I29+N29+S29+X29+AC29+AH29+AM29+AR29+AW29+BB29+BG29+BL29 -> 13 | E29: =+J29+O29+T29+Y29+AD29+AI29+AN29+AS29+AX29+BC29+BH29+BM29 -> 6 | F29: =SUM(B29:E29) -> 26 | K29: =SUM(G29:J29) -> 0 | L29: 1 | O29: 3 | P29: =SUM(L29:O29) -> 4 | U29: =SUM(Q29:T29) -> 0 | Z29: =SUM(V29:Y29) -> 0 | AC29: 3 | AE29: =SUM(AA29:AD29) -> 3 | AH29: 1 | AI29: 2 | AJ29: =SUM(AF29:AI29) -> 3 | AM29: 1 | AN29: 1 | AO29: =SUM(AK29:AN29) -> 2 | AT29: =SUM(AP29:AS29) -> 0 | AW29: 3 | AY29: =SUM(AU29:AX29) -> 3 | BA29: 2 | BD29: =SUM(AZ29:BC29) -> 2 | BE29: 1 | BG29: 3 | BI29: =SUM(BE29:BH29) -> 4 | BJ29: 3 | BL29: 2 | BN29: =SUM(BJ29:BM29) -> 5
A30: 25 | B30: =+G30+L30+Q30+V30+AA30+AF30+AK30+AP30+AU30+AZ30+BE30+BJ30 -> 3 | C30: =+H30+M30+R30+W30+AB30+AG30+AL30+AQ30+AV30+BA30+BF30+BK30 -> 3 | D30: =+I30+N30+S30+X30+AC30+AH30+AM30+AR30+AW30+BB30+BG30+BL30 -> 14 | E30: =+J30+O30+T30+Y30+AD30+AI30+AN30+AS30+AX30+BC30+BH30+BM30 -> 1 | F30: =SUM(B30:E30) -> 21 | G30: 2 | H30: 1 | I30: 1 | K30: =SUM(G30:J30) -> 4 | M30: 1 | N30: 1 | P30: =SUM(L30:O30) -> 2 | U30: =SUM(Q30:T30) -> 0 | Z30: =SUM(V30:Y30) -> 0 | AC30: 5 | AD30: 1 | AE30: =SUM(AA30:AD30) -> 6 | AH30: 4 | AJ30: =SUM(AF30:AI30) -> 4 | AO30: =SUM(AK30:AN30) -> 0 | AT30: =SUM(AP30:AS30) -> 0 | AY30: =SUM(AU30:AX30) -> 0 | AZ30: 1 | BA30: 1 | BD30: =SUM(AZ30:BC30) -> 2 | BG30: 3 | BI30: =SUM(BE30:BH30) -> 3 | BN30: =SUM(BJ30:BM30) -> 0
A31: 26 | B31: =+G31+L31+Q31+V31+AA31+AF31+AK31+AP31+AU31+AZ31+BE31+BJ31 -> 0 | C31: =+H31+M31+R31+W31+AB31+AG31+AL31+AQ31+AV31+BA31+BF31+BK31 -> 0 | D31: =+I31+N31+S31+X31+AC31+AH31+AM31+AR31+AW31+BB31+BG31+BL31 -> 21 | E31: =+J31+O31+T31+Y31+AD31+AI31+AN31+AS31+AX31+BC31+BH31+BM31 -> 0 | F31: =SUM(B31:E31) -> 21 | I31: 5 | K31: =SUM(G31:J31) -> 5 | P31: =SUM(L31:O31) -> 0 | S31: 4 | U31: =SUM(Q31:T31) -> 4 | Z31: =SUM(V31:Y31) -> 0 | AE31: =SUM(AA31:AD31) -> 0 | AJ31: =SUM(AF31:AI31) -> 0 | AO31: =SUM(AK31:AN31) -> 0 | AT31: =SUM(AP31:AS31) -> 0 | AW31: 6 | AY31: =SUM(AU31:AX31) -> 6 | BB31: 6 | BD31: =SUM(AZ31:BC31) -> 6 | BI31: =SUM(BE31:BH31) -> 0 | BN31: =SUM(BJ31:BM31) -> 0
A32: 27 | B32: =+G32+L32+Q32+V32+AA32+AF32+AK32+AP32+AU32+AZ32+BE32+BJ32 -> 0 | C32: =+H32+M32+R32+W32+AB32+AG32+AL32+AQ32+AV32+BA32+BF32+BK32 -> 2 | D32: =+I32+N32+S32+X32+AC32+AH32+AM32+AR32+AW32+BB32+BG32+BL32 -> 20 | E32: =+J32+O32+T32+Y32+AD32+AI32+AN32+AS32+AX32+BC32+BH32+BM32 -> 4 | F32: =SUM(B32:E32) -> 26 | I32: 8 | J32: 3 | K32: =SUM(G32:J32) -> 11 | P32: =SUM(L32:O32) -> 0 | U32: =SUM(Q32:T32) -> 0 | Z32: =SUM(V32:Y32) -> 0 | AC32: 9 | AE32: =SUM(AA32:AD32) -> 9 | AG32: 1 | AH32: 2 | AI32: 1 | AJ32: =SUM(AF32:AI32) -> 4 | AO32: =SUM(AK32:AN32) -> 0 | AQ32: 1 | AR32: 1 | AT32: =SUM(AP32:AS32) -> 2 | AY32: =SUM(AU32:AX32) -> 0 | BD32: =SUM(AZ32:BC32) -> 0 | BI32: =SUM(BE32:BH32) -> 0 | BN32: =SUM(BJ32:BM32) -> 0
A33: 28 | B33: =+G33+L33+Q33+V33+AA33+AF33+AK33+AP33+AU33+AZ33+BE33+BJ33 -> 3 | C33: =+H33+M33+R33+W33+AB33+AG33+AL33+AQ33+AV33+BA33+BF33+BK33 -> 1 | D33: =+I33+N33+S33+X33+AC33+AH33+AM33+AR33+AW33+BB33+BG33+BL33 -> 34 | E33: =+J33+O33+T33+Y33+AD33+AI33+AN33+AS33+AX33+BC33+BH33+BM33 -> 0 | F33: =SUM(B33:E33) -> 38 | G33: 1 | I33: 2 | K33: =SUM(G33:J33) -> 3 | P33: =SUM(L33:O33) -> 0 | U33: =SUM(Q33:T33) -> 0 | Z33: =SUM(V33:Y33) -> 0 | AE33: =SUM(AA33:AD33) -> 0 | AJ33: =SUM(AF33:AI33) -> 0 | AM33: 1 | AO33: =SUM(AK33:AN33) -> 1 | AT33: =SUM(AP33:AS33) -> 0 | AY33: =SUM(AU33:AX33) -> 0 | BD33: =SUM(AZ33:BC33) -> 0 | BE33: 1 | BI33: =SUM(BE33:BH33) -> 1 | BJ33: 1 | BK33: 1 | BL33: 31 | BN33: =SUM(BJ33:BM33) -> 33
A34: 29 | B34: =+G34+L34+Q34+V34+AA34+AF34+AK34+AP34+AU34+AZ34+BE34+BJ34 -> 1 | C34: =+H34+M34+R34+W34+AB34+AG34+AL34+AQ34+AV34+BA34+BF34+BK34 -> 3 | D34: =+I34+N34+S34+X34+AC34+AH34+AM34+AR34+AW34+BB34+BG34+BL34 -> 49 | E34: =+J34+O34+T34+Y34+AD34+AI34+AN34+AS34+AX34+BC34+BH34+BM34 -> 0 | F34: =SUM(B34:E34) -> 53 | K34: =SUM(G34:J34) -> 0 | P34: =SUM(L34:O34) -> 0 | S34: 2 | U34: =SUM(Q34:T34) -> 2 | Z34: =SUM(V34:Y34) -> 0 | AB34: 1 | AE34: =SUM(AA34:AD34) -> 1 | AH34: 1 | AJ34: =SUM(AF34:AI34) -> 1 | AO34: =SUM(AK34:AN34) -> 0 | AP34: 1 | AT34: =SUM(AP34:AS34) -> 1 | AV34: 1 | AW34: 4 | AY34: =SUM(AU34:AX34) -> 5 | BD34: =SUM(AZ34:BC34) -> 0 | BG34: 4 | BI34: =SUM(BE34:BH34) -> 4 | BK34: 1 | BL34: 38 | BN34: =SUM(BJ34:BM34) -> 39
A35: 30 | B35: =+G35+L35+Q35+V35+AA35+AF35+AK35+AP35+AU35+AZ35+BE35+BJ35 -> 4 | C35: =+H35+M35+R35+W35+AB35+AG35+AL35+AQ35+AV35+BA35+BF35+BK35 -> 1 | D35: =+I35+N35+S35+X35+AC35+AH35+AM35+AR35+AW35+BB35+BG35+BL35 -> 41 | E35: =+J35+O35+T35+Y35+AD35+AI35+AN35+AS35+AX35+BC35+BH35+BM35 -> 1 | F35: =SUM(B35:E35) -> 47 | K35: =SUM(G35:J35) -> 0 | P35: =SUM(L35:O35) -> 0 | U35: =SUM(Q35:T35) -> 0 | Z35: =SUM(V35:Y35) -> 0 | AC35: 9 | AE35: =SUM(AA35:AD35) -> 9 | AJ35: =SUM(AF35:AI35) -> 0 | AM35: 4 | AN35: 1 | AO35: =SUM(AK35:AN35) -> 5 | AR35: 3 | AT35: =SUM(AP35:AS35) -> 3 | AY35: =SUM(AU35:AX35) -> 0 | AZ35: 1 | BB35: 1 | BD35: =SUM(AZ35:BC35) -> 2 | BI35: =SUM(BE35:BH35) -> 0 | BJ35: 3 | BK35: 1 | BL35: 24 | BN35: =SUM(BJ35:BM35) -> 28
A36: 31 | B36: =+G36+L36+Q36+V36+AA36+AF36+AK36+AP36+AU36+AZ36+BE36+BJ36 -> 0 | C36: =+H36+M36+R36+W36+AB36+AG36+AL36+AQ36+AV36+BA36+BF36+BK36 -> 0 | D36: =+I36+N36+S36+X36+AC36+AH36+AM36+AR36+AW36+BB36+BG36+BL36 -> 0 | E36: =+J36+O36+T36+Y36+AD36+AI36+AN36+AS36+AX36+BC36+BH36+BM36 -> 0 | F36: =SUM(B36:E36) -> 0 | K36: =SUM(G36:J36) -> 0 | P36: =SUM(L36:O36) -> 0 | U36: =SUM(Q36:T36) -> 0 | Z36: =SUM(V36:Y36) -> 0 | AE36: =SUM(AA36:AD36) -> 0 | AJ36: =SUM(AF36:AI36) -> 0 | AO36: =SUM(AK36:AN36) -> 0 | AT36: =SUM(AP36:AS36) -> 0 | AY36: =SUM(AU36:AX36) -> 0 | BD36: =SUM(AZ36:BC36) -> 0 | BI36: =SUM(BE36:BH36) -> 0 | BN36: =SUM(BJ36:BM36) -> 0
A37: รวม | B37: =SUM(B6:B36) -> 51 | C37: =SUM(C6:C36) -> 51 | D37: =SUM(D6:D36) -> 863 | E37: =SUM(E6:E36) -> 93 | F37: =SUM(F6:F36) -> 1058 | G37: =SUM(G6:G36) -> 6 | H37: =SUM(H6:H36) -> 7 | I37: =SUM(I6:I36) -> 135 | ... BN37: =SUM(BN6:BN36) -> 209
