Workbook

Sheet ออเดอร์จัดส่ง ต.ค. 68
A1: วันที่ | B1: กล่อง | N1: จัดส่งสำเร็จ | V1: จัดส่งไม่สำเร็จ | AC1: หมายเหตุ
N2: วันที่ | O2: กล่อง | V2: วันที่ | W2: กล่อง | AC2: วันที่ | AD2: กล่อง
B3: lazada | C3: ค้างส่ง L | D3: shopee | E3: ค้างส่ง S | F3: tiktok | G3: ค้างส่ง T | H3: ช้อยส์ | I3: ค้างส่ง ช้อยส์ | J3: ปณ | K3: ค้างส่ง ปณ | L3: ฝากส่ง | O3: lazada | P3: shopee | Q3: tiktok | R3: ช้อยส์ | S3: ปณ | T3: ฝากส่ง | W3: lazada | X3: shopee | Y3: tiktok | Z3: ช้อยส์ | AA3: ปณ | AD3: lazada | AE3: shopee | AF3: tiktok | AG3: ช้อยส์ | AH3: ปณ
A4: 1 | B4: 18 | C4: 0 | D4: 25 | E4: 0 | F4: 241 | G4: 0 | J4: 15 | K4: 0 | L4: 1 | N4: 1 | O4: 17 | P4: 24 | Q4: 230 | S4: 15 | T4: 1 | V4: 1 | W4: 0 | X4: 0 | Y4: 0 | AA4: 0 | AC4: 1 | AD4: ยกเลิก 1 บิล (1-1=0) | AE4: ยกเลิก 1 บิล (1-1=0) | AF4: ยกเลิก 11 บิล (11-11=0)
A5: 2 | B5: 24 | C5: 0 | D5: 29 | E5: 0 | F5: 207 | G5: 0 | J5: 15 | K5: 0 | L5: 2 | N5: 2 | O5: 24 | P5: 27 | Q5: 199 | S5: 13 | T5: 2 | V5: 2 | W5: 0 | X5: 0 | Y5: 0 | AA5: 2 | AC5: 2 | AE5: ยกเลิก 2 บิล (2-2=0) | AF5: ยกเลิก F1,J&T7 (8-8=0) | AH5: ขาดเปี๊ยะ
A6: 3 | B6: 28 | C6: 0 | D6: 42 | E6: 0 | F6: 296 | G6: 0 | J6: 13 | K6: 2 | L6: 3 | N6: 3 | O6: 28 | P6: 40 | Q6: 287 | S6: 15 | T6: 3 | V6: 3 | W6: 0 | X6: 0 | Y6: 0 | AA6: 0 | AC6: 3 | AE6: ยกเลิก 2 บิล (2-2=0) | AF6: ยกเลิก F1 J&T8 (9-9=0)
A7: 4 | B7: 29 | C7: 0 | D7: 28 | E7: 0 | F7: 286 | G7: 0 | J7: 7 | K7: 0 | L7: 0 | N7: 4 | O7: 29 | P7: 27 | Q7: 281 | S7: 7 | T7: 0 | V7: 4 | W7: 0 | X7: 1 | Y7: 0 | AA7: 0 | AC7: 4 | AF7: ยกเลิก 5 บิล (5-5=0)
A8: 5 | B8: 21 | C8: 0 | D8: 20 | E8: 1 | F8: 252 | G8: 0 | J8: 13 | K8: 0 | L8: 0 | N8: 5 | O8: 17 | P8: 17 | Q8: 85 | S8: 0 | T8: 0 | V8: 5 | W8: 4 | X8: 4 | Y8: 159 | AA8: 13 | AC8: 5 | AF8: ยกเลิก 8 บิล (167-8=159)
A9: 6 | B9: 18 | C9: 4 | D9: 43 | E9: 4 | F9: 286 | G9: 159 | J9: 25 | K9: 13 | L9: 3 | N9: 6 | O9: 22 | P9: 46 | Q9: 430 | S9: 26 | T9: 3 | V9: 6 | W9: 0 | X9: 1 | Y9: 1 | AA9: 12 | AC9: 6 | AF9: ยกเลิก 14 บิล f1 j&t13 (15-14=1)
A10: 7 | B10: 20 | C10: 0 | D10: 42 | E10: 1 | F10: 197 | G10: 1 | J10: 20 | K10: 12 | L10: 1 | N10: 7 | O10: 20 | P10: 43 | Q10: 193 | S10: 24 | T10: 1 | V10: 7 | W10: 0 | X10: 0 | Y10: 3 | AA10: 10 | AC10: 7 | AF10: ยกเลิก 2 บิล (5-2=3)
A11: 8 | B11: 15 | C11: 0 | D11: 28 | E11: 0 | F11: 177 | G11: 3 | J11: 8 | K11: 10 | L11: 20 | N11: 8 | O11: 15 | P11: 27 | Q11: 172 | S11: 18 | T11: 20 | V11: 8 | W11: 0 | X11: 0 | Y11: 0 | AA11: 0 | AC11: 8 | AE11: ยกเลิก 1 บิล (1-1=0) | AF11: ยกเลิก 7 บิล f1 j&t6 (8-8=0)
A12: 9 | B12: 14 | C12: 0 | D12: 43 | E12: 0 | F12: 204 | G12: 0 | J12: 17 | K12: 0 | L12: 2 | N12: 9 | O12: 14 | P12: 43 | Q12: 199 | S12: 17 | T12: 2 | V12: 9 | W12: 0 | X12: 0 | Y12: 0 | AA12: 0 | AC12: 9 | AF12: ยกเลิก 5 บิล (5-5=0)
A13: 10 | B13: 28 | C13: 0 | D13: 40 | E13: 0 | F13: 116 | G13: 0 | J13: 34 | K13: 0 | L13: 4 | N13: 10 | O13: 28 | P13: 31 | Q13: 113 | S13: 34 | T13: 4 | V13: 10 | W13: 0 | X13: 9 | Y13: 0 | AA13: 0 | AC13: 10 | AF13: ยกเลิก 3 บิล (3-3=0)
A14: 11 | B14: 25 | C14: 0 | D14: 35 | E14: 9 | F14: 155 | G14: 0 | J14: 6 | K14: 0 | L14: 0 | N14: 11 | O14: 25 | P14: 44 | Q14: 154 | S14: 6 | T14: 0 | V14: 11 | W14: 0 | X14: 0 | Y14: 0 | AA14: 0 | AC14: 11 | AF14: ยกเลิก 1 บิล(1-1=0)
A15: 12 | B15: 27 | C15: 0 | D15: 32 | E15: 0 | F15: 265 | G15: 0 | J15: 18 | K15: 0 | L15: 0 | N15: 12 | O15: 27 | P15: 32 | Q15: 251 | S15: 0 | T15: 0 | V15: 12 | W15: 0 | X15: 0 | Y15: 10 | AA15: 18 | AC15: 12 | AF15: ยกเลิก 4 บิล (14-4=10)
A16: 13 | B16: 16 | C16: 0 | D16: 40 | E16: 0 | F16: 108 | G16: 10 | J16: 7 | K16: 18 | L16: 1 | N16: 13 | O16: 16 | P16: 38 | Q16: 114 | S16: 25 | T16: 1 | V16: 13 | W16: 0 | X16: 0 | Y16: 0 | AA16: 0 | AC16: 13 | AE16: ยกเลิก 2 บิล (2-2=0) | AF16: ยกเลิก 4 บิล (4-4=0)
A17: 14 | B17: 22 | C17: 0 | D17: 37 | E17: 0 | F17: 253 | G17: 0 | J17: 6 | K17: 0 | L17: 3 | N17: 14 | O17: 22 | P17: 37 | Q17: 245 | S17: 6 | T17: 3 | V17: 14 | W17: 0 | X17: 0 | Y17: 0 | AA17: 0 | AC17: 14 | AF17: ยกเลิก 8 บิล (8-8=0)
A18: 15 | B18: 33 | C18: 0 | D18: 40 | E18: 0 | F18: 201 | G18: 0 | J18: 12 | K18: 0 | L18: 1 | N18: 15 | O18: 32 | P18: 40 | Q18: 197 | S18: 12 | T18: 1 | V18: 15 | W18: 0 | X18: 0 | Y18: 0 | AA18: 0 | AC18: 15 | AD18: ยกเลิก 1 บิล (1-1=0) | AF18: ยกเลิก 4 บิล (4-4=0)
A19: 16 | B19: 12 | C19: 0 | D19: 37 | E19: 0 | F19: 95 | G19: 0 | J19: 4 | K19: 0 | L19: 2 | N19: 16 | O19: 11 | P19: 37 | Q19: 95 | S19: 5 | T19: 2 | V19: 16 | W19: 0 | X19: 0 | Y19: 0 | AA19: 0 | AC19: 16 | AD19: ซ้ำ 1 บิล (1-1=0)
A20: 17 | B20: 20 | C20: 0 | D20: 22 | E20: 0 | F20: 151 | G20: 0 | J20: 25 | K20: 0 | L20: 1 | N20: 17 | O20: 20 | P20: 22 | Q20: 143 | S20: 24 | T20: 1 | V20: 17 | W20: 0 | X20: 0 | Y20: 7 | AA20: 1 | AC20: 17 | AF20: ยกเลิก 1 บิล (8-1=7)
A21: 18 | B21: 29 | C21: 0 | D21: 25 | E21: 0 | F21: 104 | G21: 7 | J21: 44 | K21: 1 | L21: 0 | N21: 18 | O21: 29 | P21: 25 | Q21: 111 | S21: 25 | T21: 0 | V21: 18 | W21: 0 | X21: 0 | Y21: 0 | AA21: 20 | AC21: 18
A22: 19 | B22: 17 | C22: 0 | D22: 37 | E22: 0 | F22: 75 | G22: 0 | J22: 6 | K22: 20 | L22: 0 | N22: 19 | O22: 18 | P22: 37 | Q22: 73 | S22: 0 | T22: 0 | V22: 19 | W22: 0 | X22: 0 | Y22: 0 | AA22: 26 | AC22: 19 | AF22: ยกเลิก 2 บิล (2-2=0)
A23: 20 | B23: 7 | C23: 0 | D23: 40 | E23: 0 | F23: 141 | G23: 0 | J23: 5 | K23: 26 | L23: 2 | N23: 20 | O23: 7 | P23: 36 | Q23: 140 | S23: 31 | T23: 2 | V23: 20 | W23: 0 | X23: 3 | Y23: 0 | AA23: 0 | AC23: 20 | AE23: ยกเลิก 1บิล (4-1=3) | AF23: ยกเลิก 1 บิล (1-1=0)
A24: 21 | B24: 14 | C24: 0 | D24: 32 | E24: 3 | F24: 135 | G24: 0 | J24: 5 | K24: 0 | L24: 1 | N24: 21 | O24: 14 | P24: 35 | Q24: 133 | S24: 5 | T24: 1 | V24: 21 | W24: 0 | X24: 0 | Y24: 0 | AA24: 0 | AC24: 21 | AF24: ยกเลิก 2 บิล (2-2=0)
A25: 22 | B25: 6 | C25: 0 | D25: 27 | E25: 0 | F25: 94 | G25: 0 | J25: 56 | K25: 0 | L25: 2 | N25: 22 | O25: 6 | P25: 27 | Q25: 94 | S25: 56 | T25: 2 | V25: 22 | W25: 0 | X25: 0 | Y25: 0 | AA25: 0 | AC25: 22
A26: 23 | B26: 17 | C26: 0 | D26: 55 | E26: 0 | F26: 127 | G26: 0 | J26: 7 | K26: 0 | L26: 0 | N26: 23 | O26: 14 | P26: 50 | Q26: 54 | S26: 6 | T26: 0 | V26: 23 | W26: 3 | X26: 5 | Y26: 68 | AA26: 1 | AC26: 23 | AF26: ยกเลิก 5 บิล (73-5=68)
A27: 24 | B27: 11 | C27: 3 | D27: 30 | E27: 5 | F27: 131 | G27: 68 | J27: 11 | K27: 1 | L27: 1 | N27: 24 | O27: 14 | P27: 34 | Q27: 191 | S27: 12 | T27: 1 | V27: 24 | W27: 0 | X27: 1 | Y27: 1 | AA27: 0 | AC27: 24 | AF27: ยกเลิก แฟรช1 เจแอนที6 (8-7=1)
A28: 25 | B28: 25 | C28: 0 | D28: 26 | E28: 1 | F28: 76 | G28: 1 | J28: 6 | K28: 0 | L28: 0 | N28: 25 | O28: 25 | P28: 24 | Q28: 72 | S28: 6 | T28: 0 | V28: 25 | W28: 0 | X28: 0 | Y28: 0 | AA28: 0 | AC28: 25 | AE28: ยกเลิก 3 บิล (3-3=0) | AF28: ยกเลิก 5 บิล (5-5=0)
A29: 26 | B29: 21 | C29: 0 | D29: 28 | E29: 0 | F29: 116 | G29: 0 | J29: 6 | K29: 0 | L29: 0 | N29: 26 | O29: 21 | P29: 27 | Q29: 83 | S29: 0 | T29: 0 | V29: 26 | W29: 0 | X29: 1 | Y29: 32 | AA29: 6 | AC29: 26 | AF29: ยกเลิก 1 บิล (33-1=32)
A30: 27 | B30: 16 | C30: 0 | D30: 33 | E30: 1 | F30: 170 | G30: 32 | J30: 1 | K30: 6 | L30: 0 | N30: 27 | O30: 14 | P30: 34 | Q30: 196 | S30: 11 | T30: 0 | V30: 27 | W30: 2 | X30: 0 | Y30: 0 | AA30: 0 | AC30: 27 | AF30: ยกเลิกแฟรช1 เจแอนที 5 (6-6=0)
A31: 28 | B31: 11 | C31: 2 | D31: 25 | E31: 0 | F31: 126 | G31: 0 | J31: 5 | K31: 1 | L31: 7 | N31: 28 | O31: 12 | P31: 24 | Q31: 123 | S31: 6 | T31: 7 | V31: 28 | W31: 0 | X31: 0 | Y31: 0 | AA31: 0 | AC31: 28 | AD31: ยกเลิก 1 บิล (1-1=0) | AE31: ยกเลิก 1 บิล (1-1=0) | AF31: ยกเลิก 3 บิล (3-3=0)
A32: 29 | B32: 10 | C32: 0 | D32: 36 | E32: 0 | F32: 228 | G32: 0 | J32: 28 | K32: 0 | L32: 0 | N32: 29 | O32: 10 | P32: 36 | Q32: 225 | S32: 28 | T32: 0 | V32: 29 | W32: 0 | X32: 0 | Y32: 0 | AA32: 0 | AC32: 29 | AF32: ยกเลิก 3 บิล (3-3=0)
A33: 30 | B33: 15 | C33: 0 | D33: 46 | E33: 0 | F33: 260 | G33: 0 | J33: 7 | K33: 0 | L33: 1 | N33: 30 | O33: 15 | P33: 45 | Q33: 257 | S33: 5 | T33: 1 | V33: 30 | W33: 0 | X33: 0 | Y33: 1 | AA33: 2 | AC33: 30 | AE33: ยกเลิก 1 บิล(1-1=0) | AF33: ยกเลิก 2 บิล (3-2=1)
A34: 31 | B34: 17 | C34: 0 | D34: 23 | E34: 0 | F34: 158 | G34: 1 | J34: 18 | K34: 2 | L34: 8 | N34: 31 | O34: 17 | P34: 23 | Q34: 156 | S34: 20 | T34: 8 | V34: 31 | W34: 0 | X34: 0 | Y34: 0 | AA34: 0 | AC34: 31 | AF34: ยกเลิก 3 บิล (3-3=0)
A35: รวม | B35: =SUM(B4:B34) -> 586 | C35: =SUM(C4:C34) -> 9 | D35: =SUM(D4:D34) -> 1046 | E35: =SUM(E4:E34) -> 25 | F35: =SUM(F4:F34) -> 5431 | G35: =SUM(G4:G34) -> 282 | H35: 0 | J35: 407 | L35: 63 | N35: รวม | O35: =SUM(O4:O34) -> 583 | P35: =SUM(P4:P34) -> 1032 | Q35: =SUM(Q4:Q34) -> 5296 | R35: =SUM(R4:R34) -> 0 | S35: =SUM(S4:S34) -> 458 | T35: =SUM(T4:T34) -> 66 | V35: รวม | W35: =SUM(W4:W34) -> 9 | X35: =SUM(X4:X34) -> 25 | Y35: =SUM(Y4:Y34) -> 282 | Z35: =SUM(Z4:Z34) -> 0 | AA35: =SUM(AA4:AA34) -> 111 | AC35: รวม

Sheet สรุป
A1: สรุปรายการของตีกลับของช่องทางออนไลน์ เดือนตุลาคม 2568
A2: แพลตฟอร์ม | B2: สาเหตุการตีกลับ | L2: รวม | M2: ยอดเงิน
B3: ปฏิเสธ , ยกเลิก | D3: ติดต่อไม่ได้ , ไม่รับโทรศัพท์ | F3: ส่งของไปซ้ำ | H3: เกินเวลานัดส่งพัสดุ | J3: สลิปปลอม
B4: จำนวนออเดอร์ | C4: ยอดขาย | D4: จำนวนออเดอร์ | E4: ยอดขาย | F4: จำนวนออเดอร์ | G4: ยอดขาย | H4: จำนวนออเดอร์ | I4: ยอดขาย | J4: จำนวนออเดอร์ | K4: ยอดขาย
A5: Lazada | B5: 5 | C5: 607.06 | D5: 1 | E5: 1225.2 | F5: 0 | G5: 0 | H5: 0 | I5: 0 | J5: 0 | K5: 0 | L5: =+B5+D5+F5+H5+J5 -> 6 | M5: =+C5+E5+G5+I5+K5 -> 1832.26
A6: Shopee | B6: 7 | C6: 2456 | D6: 0 | E6: 0 | F6: 0 | G6: 0 | H6: 1 | I6: 117 | J6: 0 | K6: 0 | L6: =+B6+D6+F6+H6+J6 -> 8 | M6: =+C6+E6+G6+I6+K6 -> 2573
A7: TikTok | B7: 48 | C7: 5995 | D7: 4 | E7: 500 | F7: 0 | G7: 0 | H7: 0 | I7: 0 | J7: 0 | K7: 0 | L7: =+B7+D7+F7+H7+J7 -> 52 | M7: =+C7+E7+G7+I7+K7 -> 6495
A8: Facebook , Facebook Live , Line , Line OA (ไปรษณีย์) | B8: 0 | C8: 0 | D8: 2 | E8: 309 | F8: 0 | G8: 0 | H8: 0 | I8: 0 | J8: 0 | K8: 0 | L8: =+B8+D8+F8+H8+J8 -> 2 | M8: =+C8+E8+G8+I8+K8 -> 309
A9: ยอมรวมทั้งหมด | B9: =SUM(B5:B8) -> 60 | C9: =SUM(C5:C8) -> 9058.06 | D9: =SUM(D5:D8) -> 7 | E9: =SUM(E5:E8) -> 2034.2 | F9: =SUM(F5:F8) -> 0 | G9: =SUM(G5:G8) -> 0 | H9: =SUM(H5:H8) -> 1 | I9: =SUM(I5:I8) -> 117 | ... M9: =SUM(M5:M8) -> 11209.26 | N9: บาท

Sheet สรุปรายการสินค้า
A1: สรุปรายการสินค้าที่ตีกลับมารวมทุกช่องทางขายออนไลน์ เดือนตุลาคม 2568
A2: ลำดับ | B2: รายการ | C2: จำนวน | D2: หมายเหตุ
A3: 1 | B3: ชิฟฟอนแยกชิ้น (ไม่ไส้) | C3: =+รายการสินค้าตีกลับ!B35 -> 100
A4: 2 | B4: ชิฟฟอนแยกชิ้น (ไส้) | C4: =+รายการสินค้าตีกลับ!C35 -> 160
A5: 3 | B5: ชิฟฟอน 8 ชิ้น (ชมพู) | C5: =+รายการสินค้าตีกลับ!D35 -> 9
A6: 4 | B6: ชิฟฟอนยอดฮิต | C6: =+รายการสินค้าตีกลับ!E35 -> 0
A7: 5 | B7: ชิฟฟอนไส้แยม 6 ชิ้น | C7: =+รายการสินค้าตีกลับ!F35 -> 1
A8: 6 | B8: ชิฟฟอน 4 ชิ้น | C8: =+รายการสินค้าตีกลับ!G35 -> 4
A9: 7 | B9: ชิฟฟอนไส้แยม 3 ชิ้น | C9: =+รายการสินค้าตีกลับ!H35 -> 0
A10: 8 | B10: เบาหวิว ล | C10: =+รายการสินค้าตีกลับ!I35 -> 6
A11: 9 | B11: เปี๊ยะ 450 กรัม | C11: =+รายการสินค้าตีกลับ!J35 -> 48
A12: 10 | B12: เค้กหวิวถาด | C12: =+รายการสินค้าตีกลับ!K35 -> 0
A13: 11 | B13: เปี๊ยะ ล | C13: =+รายการสินค้าตีกลับ!L35 -> 3
A14: 12 | B14: เปี๊ยะโมจิ ล | C14: =+รายการสินค้าตีกลับ!M35 -> 0
A15: 13 | B15: เปี๊ยะ ญ | C15: =+รายการสินค้าตีกลับ!N35 -> 0
A16: 14 | B16: เปี๊ยะโมจิ ญ | C16: =+รายการสินค้าตีกลับ!O35 -> 0
A17: 15 | B17: พายสัปรด กล่อง | C17: =+รายการสินค้าตีกลับ!P35 -> 0
A18: 16 | B18: พายสัปรด ชิ้น | C18: =+รายการสินค้าตีกลับ!Q35 -> 0
A19: 17 | B19: คุกกี้เนย | C19: =+รายการสินค้าตีกลับ!R35 -> 0
A20: 18 | B20: คุกกี้เนย 4 ชิ้น/กล่อง | C20: =+รายการสินค้าตีกลับ!S35 -> 0
A21: 19 | B21: ปังกรอบคาราเมล | C21: =+รายการสินค้าตีกลับ!T35 -> 0
A22: 20 | B22: ปังเนยน้ำตาล | C22: =+รายการสินค้าตีกลับ!U35 -> 0
A23: 21 | B23: ปังเนยนิ่ม กล่อง 2 ชิ้น | C23: =+รายการสินค้าตีกลับ!V35 -> 0
A24: 22 | B24: ปังเนยนิ่ม กล่อง 3 ชิ้น | C24: =+รายการสินค้าตีกลับ!W35 -> 0
A25: 23 | B25: ปังเนยนิ่มถุง5ชิ้น | C25: =+รายการสินค้าตีกลับ!X35 -> 0
A26: 24 | B26: ปังสตรอบูล | C26: =+รายการสินค้าตีกลับ!Y35 -> 0
A27: 25 | B27: ปังไก่หยอง | C27: =+รายการสินค้าตีกลับ!Z35 -> 0
A28: 26 | B28: ปังทวิต | C28: =+รายการสินค้าตีกลับ!AA35 -> 0
A29: 27 | B29: ปังแถว | C29: =+รายการสินค้าตีกลับ!AB35 -> 0
A30: 28 | B30: คอนเฟล็ก | C30: =+รายการสินค้าตีกลับ!AC35 -> 0
A31: 29 | B31: เมอแรงค์ | C31: =+รายการสินค้าตีกลับ!AD35 -> 140
A32: 30 | B32: ท๊อฟฟี่ถั่ว กล่อง | C32: =+รายการสินค้าตีกลับ!AE35 -> 0
A33: 31 | B33: แซนวิส | C33: =+รายการสินค้าตีกลับ!AF35 -> 0
A34: 32 | B34: ปังปลา กก. | C34: =+รายการสินค้าตีกลับ!AG35 -> 0
A35: 33 | B35: เศษขนมปังปลา | C35: =+รายการสินค้าตีกลับ!AH35 -> 0
A36: 34 | B36: ครีมฮอร์น | C36: =+รายการสินค้าตีกลับ!AI35 -> 0
A37: 35 | B37: เบาหวิว ญ | C37: =+รายการสินค้าตีกลับ!AJ35 -> 0
A38: 36
B39: ยอดรวม | C39: =SUM(C3:C38) -> 471 | D39: ชิ้น

Sheet จำนวนกล่องตีกลับ
A1: สรุปรายการสินค้าที่ตีกลับมานับเป็นจำนวน (กล่อง) เดือนตุลาคม 2568
A2: ของตีกลับ
A3: วันที่ | B3: จำนวนกล่อง
B4: lazada | C4: shopee | D4: tiktok | E4: ปณ
A5: 1 | C5: 1
A6: 2 | D6: 4
A7: 3 | B7: 2
A8: 4
A9: 5 | D9: 3
A10: 6
A11: 7 | D11: 2
A12: 8 | D12: 1
A13: 9 | D13: 2
A14: 10 | B14: 1 | D14: 2 | E14: 1
A15: 11 | C15: 1 | D15: 2
A16: 12 | D16: 7
A17: 13
A18: 14 | D18: 1
A19: 15 | B19: 1 | D19: 6 | E19: 1
A20: 16
A21: 17 | D21: 4
A22: 18 | D22: 2
A23: 19
A24: 20 | C24: 3
A25: 21 | D25: 4
A26: 22
A27: 23 | D27: 5
A28: 24 | C28: 2
A29: 25 | B29: 1 | C29: 1
A30: 26 | D30: 6
A31: 27
A32: 28
A33: 29
A34: 30 | B34: 1 | D34: 1
A35: 31 | F35: Total
A36: รวม | B36: =SUM(B5:B35) -> 6 | C36: =SUM(C5:C35) -> 8 | D36: =SUM(D5:D35) -> 52 | E36: =SUM(E5:E35) -> 2 | F36: =SUM(B36:E36) -> 68 | G36: กล่อง

Sheet Lazada
A1: รายการของตีกลับช่องทาง LAZADA เดือนตุลาคม 2568 | H1: รวม | I1: =SUBTOTAL(9,I4:I11989) -> 1872.26 | J1: บาท
A2: ลำดับ | B2: วันที่ตีกลับ | C2: เลขที่ออเดอร์ | D2: เลขที่พัสดุ | E2: ผู้ให้บริการจัดส่ง | F2: ร้านค้า | G2: ชื่อลูกค้า | I2: ยอดคำสั่งซื้อ | J2: สาเหตุการตีกลับ | K2: หมายเหตุ | N2: หัวข้อการสาเหตุตีของกลับ | O2: ชื่อร้าน | P2: ชื่อขนส่ง
G3: ชื่อ | H3: นามสกุล
A4: 1 | B4: 244053 | C4: 1039972281812296 | D4: LEXPU0611078583 | E4: LEX TH | F4: วรรณวนัช เบเกอรี่ (ร้านที่ 1 ร้านหลัก) | G4: อัมพร | H4: ศรีวิชา | I4: 155 | J4: ปฏิเสธ , ยกเลิก | N4: ปฏิเสธ , ยกเลิก | O4: วรรณวนัช เบเกอรี่ (ร้านที่ 1 ร้านหลัก) | P4: LEX TH
A5: 2 | B5: 244053 | C5: 1041410268850388 | D5: LEXPU0612887127 | E5: LEX TH | F5: วรรณวนัช ของอร่อย (cakewanwanach.kps) | G5: อ๋อม | I5: 142 | J5: ปฏิเสธ , ยกเลิก | N5: ติดต่อไม่ได้ , ไม่รับโทรศัพท์ | O5: ของฝากวรรณวนัช (cakewanwanach.lzd) | P5: Flash Express Thailand
A6: 3 | B6: 244267 | C6: 1041511005912296 | D6: LEXPU0612894284 | E6: LEX TH | F6: วรรณวนัช (0944831646) | G6: อัมพร | H6: ศรีวิชา | I6: 152 | J6: ปฏิเสธ , ยกเลิก | N6: ส่งของไปซ้ำ | O6: วรรณวนัช ชิฟฟ่อน (chiffonlazada) | P6: Kerry_dropoff
A7: 4 | B7: 15/10/2568 | C7: 1045463605900686 | D7: TH60047VD7A93H | E7: Kerry_dropoff | F7: วรรณวนัช (0944831646) | G7: พชรดนัย | H7: จีนด้วง | I7: 60 | J7: ปฏิเสธ , ยกเลิก | N7: ลูกค้าแจ้งว่าไม่ได้สั่ง | O7: วรรณวนัช (0944831646)
A8: 5 | B8: 25/10/2568 | C8: 1053899194232867 | D8: LEXPU0619231267 | E8: LEX TH | F8: วรรณวนัช เบเกอรี่ (ร้านที่ 1 ร้านหลัก) | G8: หนึ่งฤทัย | H8: ทองนอก | I8: 138.06 | J8: ปฏิเสธ , ยกเลิก | O8: ชิฟฟ่อน กำแพงแสน (chiffonk.kps)
A9: 6 | B9: 30/10/2568 | C9: 1054403369004430 | D9: LEXPU0619785377 | E9: LEX TH | F9: วรรณวนัช เบเกอรี่ (ร้านที่ 1 ร้านหลัก) | G9: สายฝน | H9: งาวิจิตร | I9: 1225.2 | J9: ติดต่อไม่ได้ , ไม่รับโทรศัพท์ | O9: วรรณวนัช ของอร่อย (cakewanwanach.kps)
O10: ของฝาก นครปฐม (khongfhak.kps)
O11: วรรณวนัช ไทยแลนด์ (chiffon.kps)
O12: ของอร่อยกำแพงแสน (kahnomcake.lzd)
O13: ชิฟฟ่อน เบเกอรี่ (wanwanachcake)

Sheet Shopee
A1: รายการของตีกลับช่องทาง SHOPEE เดือนตุลาคม 2568 | H1: รวม | I1: =SUBTOTAL(9,I4:I11997) -> 2573 | J1: บาท
A2: ลำดับ | B2: วันที่ตีกลับ | C2: เลขที่ออเดอร์ | D2: เลขที่พัสดุ | E2: ผู้ให้บริการจัดส่ง | F2: ร้านค้า | G2: ชื่อลูกค้า | I2: ยอดคำสั่งซื้อ | J2: สาเหตุการตีกลับ | K2: หมายเหตุ | M2: หัวข้อการสาเหตุตีของกลับ | N2: ชื่อร้าน | O2: ชื่อขนส่ง
G3: ชื่อ | H3: นามสกุล
A4: 1 | B4: 243993 | C4: 250925DYH5XXN1 | D4: TH255015371538U | E4: SPX Express | F4: ร้านที่ 1 | I4: 183 | J4: ปฏิเสธ , ยกเลิก | M4: ปฏิเสธ , ยกเลิก | N4: ร้านที่ 1 | O4: LEX TH
A5: 2 | B5: 244298 | C5: 251006BS14S294 | D5: TH259877589713Q | E5: SPX Express | F5: ร้านที่ 2 | I5: 150 | J5: ปฏิเสธ , ยกเลิก | M5: ติดต่อไม่ได้ , ไม่รับโทรศัพท์ | N5: ร้านที่ 2 | O5: Flash Express Thailand
A6: 3 | B6: 20/10/2568 | C6: 2510143EMKJWDK | D6: TH252394000464J | E6: SPX Express | F6: ร้านที่ 1 | I6: 1546 | J6: ปฏิเสธ , ยกเลิก | M6: ส่งของไปซ้ำ | O6: Kerry_dropoff
A7: 4 | B7: 20/10/2568 | C7: 251008HN4QQAY9 | D7: TH252343340105G | E7: SPX Express | F7: ร้านที่ 1 | I7: 111 | J7: ปฏิเสธ , ยกเลิก | M7: ลูกค้าแจ้งว่าไม่ได้สั่ง | O7: J&T
A8: 5 | B8: 20/10/2568 | C8: 251008HN4QQAY0 | D8: TH257088603278T | E8: SPX Express | F8: ร้านที่ 2 | I8: 366 | J8: ปฏิเสธ , ยกเลิก | M8: ไม่ได้รับตามกำหนด | O8: SPX Express
A9: 6 | B9: 24/10/2568 | C9: 251017C04CHV27 | D9: TH254035881684P | E9: SPX Express | F9: ร้านที่ 2 | I9: 50 | J9: ปฏิเสธ , ยกเลิก
A10: 7 | B10: 24/10/2568 | C10: 251017BXDA4TAK | D10: TH254751058883L | E10: SPX Express | F10: ร้านที่ 2 | I10: 50 | J10: ปฏิเสธ , ยกเลิก
A11: 8 | B11: 25/10/2568 | C11: 251018EEWV3CQT | D11: TH251896393890S | E11: SPX Express | F11: ร้านที่ 1 | I11: 117 | J11: ไม่ได้รับตามกำหนด
A12: 9
A13: 10
A14: ** NOTE | B14: ชื่อลูกค้า ไม่มีในข้อมูล Shopee

Sheet TikTok
A1: รายการของตีกลับช่องทาง TikTok เดือนตุลาคม 2568 | H1: รวม | I1: =SUBTOTAL(9,I4:I55) -> 6495 | J1: บาท
A2: ลำดับ | B2: วันที่ตีกลับ | C2: เลขที่ออเดอร์ | D2: เลขที่พัสดุ | E2: ผู้ให้บริการจัดส่ง | F2: ร้านค้า | G2: ชื่อลูกค้า | I2: ยอดคำสั่งซื้อ | J2: สาเหตุการตีกลับ | K2: หมายเหตุ | M2: หัวข้อการสาเหตุตีของกลับ | N2: ชื่อร้าน | O2: ชื่อขนส่ง
G3: ชื่อ | H3: นามสกุล
A4: 1 | B4: 244024 | C4: 580515686107547365 | D4: 764232822673 | E4: J&T Express | F4: วรรณวนัชเบเกอรี่ (พี่กุ๊ก) | I4: 100 | J4: ปฏิเสธ , ยกเลิก | M4: ปฏิเสธ , ยกเลิก | N4: วรรณวนัชเบเกอรี่ (พี่กุ๊ก) | O4: LEX TH
A5: 2 | B5: 244024 | C5: 580522337978255256 | D5: 764245955701 | E5: J&T Express | F5: วรรณวนัชเบเกอรี่ (พี่กุ๊ก) | I5: 100 | J5: ปฏิเสธ , ยกเลิก | M5: ติดต่อไม่ได้ , ไม่รับโทรศัพท์ | N5: วรรณวนัช เบเกอรี่ (แอม) | O5: Flash Express Thailand
A6: 3 | B6: 244024 | C6: 580499018744498114 | D6: 764127288993 | E6: J&T Express | F6: วรรณวนัชเบเกอรี่ (พี่กุ๊ก) | I6: 100 | J6: ติดต่อไม่ได้ , ไม่รับโทรศัพท์ | M6: ส่งของไปซ้ำ | N6: วรรณวนัช โรงงานจำหน่ายโดยตรง (นุ่น) | O6: Kerry_dropoff
A7: 4 | B7: 244024 | C7: 580536284638512689 | D7: 764253683981 | E7: J&T Express | F7: วรรณวนัชเบเกอรี่ (พี่กุ๊ก) | I7: 100 | J7: ปฏิเสธ , ยกเลิก | M7: ลูกค้าแจ้งว่าไม่ได้สั่ง | N7: ของฝากวรรณวนัช By:แอดอั้ม (อั้ม) | O7: J&T Express
A8: 5 | B8: 244114 | C8: 580533727530878249 | D8: 764245098960 | E8: J&T Express | F8: วรรณวนัชเบเกอรี่ (พี่กุ๊ก) | I8: 238 | J8: ปฏิเสธ , ยกเลิก | M8: เกินเวลานัดรับพัสดุ | N8: ชิฟฟ่อนเค้กวรรณวนัช (พี่เอฟ)
A9: 6 | B9: 244114 | C9: 580553343735399479 | D9: 764394182790 | E9: J&T Express | F9: วรรณวนัชเบเกอรี่ (พี่กุ๊ก) | I9: 100 | J9: ปฏิเสธ , ยกเลิก
A10: 7 | B10: 244114 | C10: 580600683013702982 | D10: 764546269200 | E10: J&T Express | F10: วรรณวนัชเบเกอรี่ (พี่กุ๊ก) | I10: 100 | J10: ปฏิเสธ , ยกเลิก
A11: 8 | B11: 244175 | C11: 580582402853209863 | D11: 764403744775 | E11: J&T Express | F11: วรรณวนัชเบเกอรี่ (พี่กุ๊ก) | I11: 100 | J11: ปฏิเสธ , ยกเลิก
A12: 9 | B12: 244175 | C12: 580586817794115261 | D12: 764435608871 | E12: J&T Express | F12: วรรณวนัชเบเกอรี่ (พี่กุ๊ก) | I12: 100 | J12: ปฏิเสธ , ยกเลิก
A13: 10 | B13: 244206 | C13: 580571917185877833 | D13: 764481622295 | E13: J&T Express | F13: วรรณวนัชเบเกอรี่ (พี่กุ๊ก) | I13: 200 | J13: ปฏิเสธ , ยกเลิก
A14: 11 | B14: 244237 | C14: 580571283964790413 | D14: 764406035304 | E14: J&T Express | F14: วรรณวนัชเบเกอรี่ (พี่กุ๊ก) | I14: 208 | J14: ปฏิเสธ , ยกเลิก
A15: 12 | B15: 244237 | C15: 580611060926415924 | D15: 764542855580 | E15: J&T Express | F15: วรรณวนัชเบเกอรี่ (พี่กุ๊ก) | I15: 200 | J15: ปฏิเสธ , ยกเลิก
A16: 13 | B16: 244267 | C16: 580622702509917314 | D16: 764570167992 | E16: J&T Express | F16: วรรณวนัชเบเกอรี่ (พี่กุ๊ก) | I16: 200 | J16: ปฏิเสธ , ยกเลิก
A17: 14 | B17: 244267 | C17: 580600619847484915 | D17: 764582175210 | E17: J&T Express | F17: วรรณวนัชเบเกอรี่ (พี่กุ๊ก) | I17: 190 | J17: ปฏิเสธ , ยกเลิก
A18: 15 | B18: 244298 | C18: 580599327040963838 | D18: 764575955183 | E18: J&T Express | F18: วรรณวนัชเบเกอรี่ (พี่กุ๊ก) | I18: 100 | J18: ติดต่อไม่ได้ , ไม่รับโทรศัพท์
A19: 16 | B19: 244298 | C19: 580562379316364596 | D19: 764364502871 | E19: J&T Express | F19: วรรณวนัชเบเกอรี่ (พี่กุ๊ก) | I19: 100 | J19: ปฏิเสธ , ยกเลิก
A20: 17 | B20: 244328 | C20: 580637518659094186 | D20: 764611730481 | E20: J&T Express | F20: ของฝากวรรณวนัช By:แอดอั้ม (อั้ม) | I20: 95 | J20: ปฏิเสธ , ยกเลิก
... A26: 23 | B26: 244328 | C26: 580683102966023947 | D26: 764764360695 | E26: J&T Express | F26: วรรณวนัชเบเกอรี่ (พี่กุ๊ก) | I26: 100 | J26: ปฏิเสธ , ยกเลิก
A27: 24 | B27: 14/10/2568 | C27: 580627258064799156 | D27: 764550793926 | E27: J&T Express | F27: วรรณวนัชเบเกอรี่ (พี่กุ๊ก) | I27: 100 | J27: ปฏิเสธ , ยกเลิก
A28: 25 | B28: 15/10/2568 | C28: 580651962384091030 | D28: 764603556846 | E28: J&T Express | F28: วรรณวนัชเบเกอรี่ (พี่กุ๊ก) | I28: 100 | J28: ปฏิเสธ , ยกเลิก
A29: 26 | B29: 15/10/2568 | C29: 580706500807721986 | D29: 764882063396 | E29: J&T Express | F29: วรรณวนัชเบเกอรี่ (พี่กุ๊ก) | I29: 200 | J29: ปฏิเสธ , ยกเลิก
A30: 27 | B30: 15/10/2568 | C30: 580633802992878807 | D30: 764612276094 | E30: J&T Express | F30: วรรณวนัชเบเกอรี่ (พี่กุ๊ก) | I30: 100 | J30: ปฏิเสธ , ยกเลิก
A31: 28 | B31: 15/10/2568 | C31: 580635568515286229 | D31: 764624418482 | E31: J&T Express | F31: วรรณวนัชเบเกอรี่ (พี่กุ๊ก) | I31: 100 | J31: ปฏิเสธ , ยกเลิก
A32: 29 | B32: 15/10/2568 | C32: 580660149072791265 | D32: 764780408195 | E32: J&T Express | F32: ของฝากวรรณวนัช By:แอดอั้ม (อั้ม) | I32: 130 | J32: ปฏิเสธ , ยกเลิก
A33: 30 | B33: 15/10/2568 | C33: 580651981648136086 | D33: 764603035862 | E33: J&T Express | F33: วรรณวนัชเบเกอรี่ (พี่กุ๊ก) | I33: 100 | J33: ปฏิเสธ , ยกเลิก
A34: 31 | B34: 17/10/2568 | C34: 580644759141254406 | D34: 764631600504 | E34: J&T Express | F34: วรรณวนัชเบเกอรี่ (พี่กุ๊ก) | I34: 100 | J34: ปฏิเสธ , ยกเลิก
A35: 32 | B35: 17/10/2568 | C35: 580705304202019942 | D35: 764899228483 | E35: J&T Express | F35: วรรณวนัชเบเกอรี่ (พี่กุ๊ก) | I35: 100 | J35: ปฏิเสธ , ยกเลิก
A36: 33 | B36: 17/10/2568 | C36: 580701515464658976 | D36: 764826554424 | E36: J&T Express | F36: วรรณวนัชเบเกอรี่ (พี่กุ๊ก) | I36: 100 | J36: ปฏิเสธ , ยกเลิก
A37: 34 | B37: 17/10/2568 | C37: 580698458077824134 | D37: 764874446453 | E37: J&T Express | F37: วรรณวนัชเบเกอรี่ (พี่กุ๊ก) | I37: 100 | J37: ปฏิเสธ , ยกเลิก
A38: 35 | B38: 18/10/2568 | C38: 580718863649310165 | D38: 764826181862 | E38: J&T Express | F38: วรรณวนัชเบเกอรี่ (พี่กุ๊ก) | I38: 100 | J38: ปฏิเสธ , ยกเลิก
... A54: 51 | B54: 26/10/2568 | C54: 580755571507102792 | D54: 765040403142 | E54: J&T Express | F54: วรรณวนัชเบเกอรี่ (พี่กุ๊ก) | I54: 100 | J54: ปฏิเสธ , ยกเลิก
A55: 52 | B55: 30/10/2568 | C55: 580921395611338736 | D55: THT020328FC3T6Z | E55: Flash Express Thailand | F55: วรรณวนัชเบเกอรี่ (พี่กุ๊ก) | I55: 100 | J55: ปฏิเสธ , ยกเลิก

Sheet ไปรษณีย์
A1: รายการของตีกลับช่องทาง Facebook , Facebook Live , Line , Line OA (ไปรษณีย์) เดือนตุลาคม 2568 | I1: =SUBTOTAL(9,I4:I11938) -> 309 | J1: บาท
A2: ลำดับ | B2: วันที่ตีกลับ | C2: เลขที่ออเดอร์ | D2: เลขที่พัสดุ | E2: ผู้ให้บริการจัดส่ง | F2: ร้านค้า | G2: ชื่อลูกค้า | I2: ยอดคำสั่งซื้อ | J2: สาเหตุการตีกลับ | K2: หมายเหตุ | M2: หัวข้อการสาเหตุตีของกลับ | N2: ร้านค้า | O2: ชื่อขนส่ง
G3: ชื่อ | H3: นามสกุล
A4: 1 | B4: 244267 | C4: FWN62 | D4: WA031334406TH | E4: ไปรษณีย์ไทย | F4: Facebook | G4: คุณยุพิน | H4: นกเทศ | I4: 150 | J4: ติดต่อไม่ได้ , ไม่รับโทรศัพท์ | M4: ปฏิเสธ , ยกเลิก | N4: Facebook | O4: LEX TH
A5: 2 | B5: 15/10/2568 | C5: FWM59 | D5: WA031334445TH | E5: ไปรษณีย์ไทย | F5: Facebook | G5: รวมรัตน์ | H5: โชติประยูธ | I5: 159 | J5: ติดต่อไม่ได้ , ไม่รับโทรศัพท์ | M5: ติดต่อไม่ได้ , ไม่รับโทรศัพท์ | N5: Facebook Live | O5: Flash Express Thailand

Sheet รายการสินค้าตีกลับ
A1: รายการสินค้าที่ตีกลับมารวมทุกช่องทางขายออนไลน์ เดือนตุลาคม 2568
A2: วันที่ | B2: สินค้าที่ตีกลับ | AK2: ยอดรวม/วัน (ทุกรายการ)
B3: ชิฟฟอนแยกชิ้น (ไม่ไส้) | C3: ชิฟฟอนแยกชิ้น (ไส้) | D3: ชิฟฟอน 8 ชิ้น (ชมพู) | E3: ชิฟฟอน มะลิ 8ชิ้น | F3: ชิฟฟอนยอดฮิต | G3: ชิฟฟอนไส้แยม 6 ชิ้น | H3: ชิฟฟอน 4 ชิ้น | I3: ชิฟฟอนไส้แยม 3 ชิ้น | J3: เบาหวิว ล | K3: เบาหวิว ญ | L3: เปี๊ยะ 450 กรัม | M3: เค้กหวิวถาด | N3: เปี๊ยะ ล | O3: เปี๊ยะโมจิ ล | P3: เปี๊ยะ ญ | Q3: เปี๊ยะโมจิ ญ | R3: คุกกี้เนย | S3: คุกกี้เนย 4 ชิ้น/กล่อง | T3: ปังเนยน้ำตาล | U3: ปังพิซซ่า | V3: ปังสตรอบูล | W3: ปังไก่หยอง | X3: ปังทวิต | Y3: ปังแถว | Z3: คอนเฟล็ก | AA3: ปังเนยนิ่ม 3 ชิ้น | AB3: แซนวิส | AC3: เศษขนมปังปลา | AD3: ครีมฮอร์น
A4: 244228 | D4: 3 | AK4: =SUM(B4:AJ4) -> 3
A5: 244229 | AD5: 12 | AK5: =SUM(B5:AJ5) -> 12
A6: 244230 | D6: 2 | G6: 2 | AK6: =SUM(B6:AJ6) -> 4
A7: 244231 | AK7: =SUM(B7:AJ7) -> 0
A8: 244232 | I8: 3 | J8: 6 | AD8: 3 | AK8: =SUM(B8:AJ8) -> 12
A9: 244233 | AK9: =SUM(B9:AJ9) -> 0
A10: 244234 | AD10: 6 | AK10: =SUM(B10:AJ10) -> 6
A11: 244235 | AD11: 6 | AK11: =SUM(B11:AJ11) -> 6
A12: 244236 | J12: 6 | AD12: 6 | AK12: =SUM(B12:AJ12) -> 12
A13: 244237 | D13: 2 | I13: 3 | J13: 9 | AD13: 3 | AK13: =SUM(B13:AJ13) -> 17
A14: 244238 | J14: 3 | AD14: 6 | AK14: =SUM(B14:AJ14) -> 9
A15: 244239 | L15: 1 | AD15: 21 | AK15: =SUM(B15:AJ15) -> 22
A16: 244240 | AK16: =SUM(B16:AJ16) -> 0
A17: 244241 | J17: 3 | AK17: =SUM(B17:AJ17) -> 3
A18: 244242 | G18: 1 | L18: 1 | AD18: 18 | AK18: =SUM(B18:AJ18) -> 20
A19: 244243 | AK19: =SUM(B19:AJ19) -> 0
A20: 244244 | AD20: 12 | AK20: =SUM(B20:AJ20) -> 12
A21: 244245 | AD21: 6 | AK21: =SUM(B21:AJ21) -> 6
A22: 244246 | AK22: =SUM(B22:AJ22) -> 0
A23: 244247 | C23: 150 | D23: 2 | F23: 1 | G23: 1 | AD23: 3 | AK23: =SUM(B23:AJ23) -> 157
A24: 244248 | AD24: 15 | AK24: =SUM(B24:AJ24) -> 15
A25: 244249 | AK25: =SUM(B25:AJ25) -> 0
A26: 244250 | J26: 9 | L26: 1 | AD26: 6 | AK26: =SUM(B26:AJ26) -> 16
A27: 244251 | AD27: 2 | AK27: =SUM(B27:AJ27) -> 2
A28: 244252 | C28: 10 | AD28: 3 | AK28: =SUM(B28:AJ28) -> 13
A29: 244253 | J29: 12 | AD29: 9 | AK29: =SUM(B29:AJ29) -> 21
A30: 244254 | AK30: =SUM(B30:AJ30) -> 0
A31: 244255 | AK31: =SUM(B31:AJ31) -> 0
A32: 244256 | AK32: =SUM(B32:AJ32) -> 0
A33: 244257 | B33: 100 | AD33: 3 | AK33: =SUM(B33:AJ33) -> 103
A34: 244258 | AK34: =SUM(B34:AJ34) -> 0
A35: ยอดรวมทั้งเดือน | B35: =SUM(B4:B34) -> 100 | C35: =SUM(C4:C34) -> 160 | D35: =SUM(D4:D34) -> 9 | E35: =SUM(E4:E34) -> 0 | F35: =SUM(F4:F34) -> 1 | G35: =SUM(G4:G34) -> 4 | H35: =SUM(H4:H34) -> 0 | I35: =SUM(I4:I34) -> 6 | ... AD35: =SUM(AD4:AD34) -> 140 | AK35: =SUM(B35:AJ35) -> 471
