Workbook

Sheet ออเดอร์จัดส่ง เม.ย. 68
A1: วันที่ | B1: กล่อง | N1: จัดส่งสำเร็จ | V1: จัดส่งไม่สำเร็จ | AC1: หมายเหตุ
N2: วันที่ | O2: กล่อง | V2: วันที่ | W2: กล่อง | AC2: วันที่ | AD2: กล่อง
B3: lazada | C3: ค้างส่ง L | D3: shopee | E3: ค้างส่ง S | F3: tiktok | G3: ค้างส่ง T | H3: ช้อยส์ | I3: ค้างส่ง ช้อยส์ | J3: ปณ | K3: ค้างส่ง ปณ | L3: ฝากส่ง | O3: lazada | P3: shopee | Q3: tiktok | R3: ช้อยส์ | S3: ปณ | T3: ฝากส่ง | W3: lazada | X3: shopee | Y3: tiktok | Z3: ช้อยส์ | AA3: ปณ | AD3: lazada | AE3: shopee | AF3: tiktok | AG3: ช้อยส์ | AH3: ปณ
A4: 1 | B4: 24 | C4: 1 | D4: 21 | E4: 0 | F4: 39 | G4: 20 | J4: 2 | K4: 0 | L4: 4 | N4: 1 | O4: 24 | P4: 20 | Q4: 53 | S4: 2 | T4: 4 | V4: 1 | W4: 0 | X4: 0 | Y4: 0 | AA4: 0 | AC4: 1 | AD4: ยกเลิก 1 บิล (1-1=0) | AE4: ซ้ำ 1 บิล (1-1=0) | AF4: ยกเลิก 6 บิล (6-6=0)
A5: 2 | B5: 21 | C5: 0 | D5: 49 | E5: 0 | F5: 335 | G5: 0 | J5: 9 | K5: 0 | L5: 0 | N5: 2 | O5: 20 | P5: 46 | Q5: 328 | S5: 9 | T5: 0 | V5: 2 | W5: 0 | X5: 0 | Y5: 0 | AA5: 1 | AC5: 2 | AD5: ยกเลิก 1 บิล (1-1=0) | AE5: ยกเลิก 3 บิล (3-3=0) | AF5: ยกเลิก6 บิล ซ้ำ 1 (7-7=0)
A6: 3 | B6: 13 | C6: 0 | D6: 43 | E6: 0 | F6: 133 | G6: 0 | J6: 1 | K6: 1 | L6: 1 | N6: 3 | O6: 13 | P6: 43 | Q6: 127 | S6: 2 | T6: 1 | V6: 3 | W6: 0 | X6: 0 | Y6: 0 | AA6: 0 | AC6: 3 | AF6: ยกเลิก 6 บิล (6-6=0)
A7: 4 | B7: 20 | C7: 0 | D7: 63 | E7: 0 | F7: 177 | G7: 0 | J7: 14 | K7: 0 | L7: 4 | N7: 4 | O7: 20 | P7: 61 | Q7: 175 | S7: 14 | T7: 4 | V7: 4 | W7: 0 | X7: 1 | Y7: 0 | AA7: 0 | AC7: 4 | AE7: ยกเลิก 1 บิล (2-1=1) | AF7: ยกเลิก 2 บิล (2-2=0)
A8: 5 | B8: 35 | C8: 0 | D8: 68 | E8: 1 | F8: 260 | G8: 0 | J8: 26 | K8: 0 | L8: 0 | N8: 5 | O8: 35 | P8: 66 | Q8: 254 | S8: 25 | T8: 0 | V8: 5 | W8: 0 | X8: 3 | Y8: 0 | AA8: 1 | AC8: 5 | AF8: ยกเลิก 6 บิล (6-6=0)
A9: 6 | B9: 27 | C9: 0 | D9: 63 | E9: 3 | F9: 144 | G9: 0 | J9: 2 | K9: 1 | L9: 0 | N9: 6 | O9: 20 | P9: 52 | Q9: 106 | S9: 2 | T9: 0 | V9: 6 | W9: 7 | X9: 12 | Y9: 32 | AA9: 0 | AC9: 6 | AE9: ยกเลิก 2 บิล (14-2=12) | AF9: ยกเลิก 6 บิล (38-6=32)
A10: 7 | B10: 31 | C10: 7 | D10: 45 | E10: 12 | F10: 227 | G10: 32 | J10: 21 | K10: 0 | L10: 2 | N10: 7 | O10: 38 | P10: 56 | Q10: 236 | S10: 24 | T10: 2 | V10: 7 | W10: 0 | X10: 0 | Y10: 18 | AA10: 0 | AC10: 7 | AE10: ยกเลิก 1 บิล (1-1=0) | AF10: ยกเลิก 5 บิล (23-5=18)
A11: 8 | B11: 22 | C11: 0 | D11: 49 | E11: 0 | F11: 178 | G11: 18 | J11: 14 | K11: 0 | L11: 7 | N11: 8 | O11: 22 | P11: 47 | Q11: 190 | S11: 14 | T11: 7 | V11: 8 | W11: 0 | X11: 0 | Y11: 0 | AA11: 0 | AC11: 8 | AE11: ยกเลิก 2 บิล (2-2=0) | AF11: ยกเลิก 6 บิล (6-6=0)
A12: 9 | B12: 22 | C12: 0 | D12: 69 | E12: 0 | F12: 994 | G12: 0 | J12: 25 | K12: 0 | L12: 0 | N12: 9 | O12: 21 | P12: 44 | Q12: 273 | S12: 15 | T12: 0 | V12: 9 | W12: 1 | X12: 25 | Y12: 721 | AA12: 10 | AC12: 9
A13: 10 | B13: 30 | C13: 1 | D13: 34 | E13: 25 | F13: 632 | G13: 721 | J13: 10 | K13: 10 | L13: 2 | N13: 10 | O13: 29 | P13: 29 | Q13: 702 | S13: 20 | T13: 2 | V13: 10 | W13: 1 | X13: 30 | Y13: 551 | AA13: 0 | AC13: 10 | AD13: ยกเลิก 1 บิล (2-1=1) | AF13: ยกเลิก 100 บิล f=89 JึT=11 (651-100=551)
A14: 11 | B14: 21 | C14: 1 | D14: 58 | E14: 30 | F14: 761 | G14: 551 | J14: 9 | K14: 0 | L14: 3 | N14: 11 | O14: 20 | P14: 79 | Q14: 902 | S14: 12 | T14: 3 | V14: 11 | W14: 2 | X14: 6 | Y14: 363 | AA14: 0 | AC14: 11 | AE14: ยกเลิก 3 บิล (9-3=6) | AF14: ยกเลิก 47 บิล F=42 J&T=5 (410-47=363)
A15: 12 | B15: 11 | C15: 2 | D15: 17 | E15: 6 | F15: 290 | G15: 363 | J15: 4 | K15: 0 | L15: 2 | N15: 12 | O15: 13 | P15: 21 | Q15: 594 | S15: 4 | T15: 2 | V15: 12 | W15: 0 | X15: 0 | Y15: 0 | AA15: 0 | AC15: 12 | AE15: ยกเลิก 2 บิล (2-2=0) | AF15: ยกเลิก 59 (59-59=0)
A16: 13 | B16: 11 | C16: 0 | D16: 26 | E16: 0 | F16: 509 | G16: 0 | J16: 6 | K16: 0 | L16: 1 | N16: 13 | O16: 9 | P16: 23 | Q16: 486 | S16: 5 | T16: 1 | V16: 13 | W16: 2 | X16: 3 | Y16: 13 | AA16: 1 | AC16: 13 | AF16: ยกเลิก 10 บิล (23-10=13)
A17: 14 | B17: 13 | C17: 2 | D17: 34 | E17: 3 | F17: 706 | G17: 13 | J17: 5 | K17: 1 | L17: 0 | N17: 14 | O17: 16 | P17: 37 | Q17: 701 | S17: 6 | T17: 0 | V17: 14 | W17: 0 | X17: 0 | Y17: 0 | AA17: 0 | AC17: 14 | AF17: ยกเลิก 18 บิล (18-18=0)
A18: 15 | B18: 15 | C18: 0 | D18: 32 | E18: 0 | F18: 534 | G18: 0 | J18: 13 | K18: 0 | L18: 0 | N18: 15 | O18: 14 | P18: 31 | Q18: 526 | S18: 13 | T18: 0 | V18: 15 | W18: 0 | X18: 0 | Y18: 0 | AA18: 0 | AC18: 15 | AD18: ยกเลิก 1 บิล (1-1=0) | AE18: ยกเลิก 1 บิล (1-1=0) | AF18: ยกเลิก (8-8=0)
A19: 16 | B19: 25 | C19: 0 | D19: 28 | E19: 0 | F19: 563 | G19: 0 | J19: 7 | K19: 0 | L19: 1 | N19: 16 | O19: 24 | P19: 28 | Q19: 429 | S19: 7 | T19: 1 | V19: 16 | W19: 0 | X19: 0 | Y19: 126 | AA19: 0 | AC19: 16 | AD19: ยกเลิก 1 บิล (1-1=0) | AF19: ยกเลิก 8 บิล (134-8=126)
A20: 17 | B20: 17 | C20: 0 | D20: 22 | E20: 0 | F20: 380 | G20: 126 | J20: 25 | K20: 0 | L20: 1 | N20: 17 | O20: 17 | P20: 21 | Q20: 479 | S20: 25 | T20: 1 | V20: 17 | W20: 0 | X20: 1 | Y20: 10 | AA20: 0 | AC20: 17 | AF20: ยกเลิก 17 บิล (27-17=10)
A21: 18 | B21: 16 | C21: 0 | D21: 22 | E21: 1 | F21: 304 | G21: 10 | J21: 96 | K21: 0 | L21: 6 | N21: 18 | O21: 16 | P21: 19 | Q21: 307 | S21: 59 | T21: 6 | V21: 18 | W21: 0 | X21: 1 | Y21: 1 | AA21: 40 | AC21: 18 | AE21: ยกเลิก 3 บิล (4-3=1) | AF21: ยกเลิก 6 บิล (7-6=1)
A22: 19 | B22: 7 | C22: 0 | D22: 16 | E22: 1 | F22: 247 | G22: 1 | J22: 25 | K22: 40 | L22: 0 | N22: 19 | O22: 7 | P22: 16 | Q22: 242 | S22: 14 | T22: 0 | V22: 19 | W22: 0 | X22: 0 | Y22: 0 | AA22: 51 | AC22: 19 | AE22: ยกเลิก 1 บิล (1-1=0) | AF22: ยกเลิก 6 บิล f=3 J&T=3 (6-6=0)
A23: 20 | B23: 12 | C23: 0 | D23: 25 | E23: 0 | F23: 336 | G23: 0 | J23: 19 | K23: 51 | L23: 0 | N23: 20 | O23: 11 | P23: 25 | Q23: 273 | S23: 0 | T23: 0 | V23: 20 | W23: 0 | X23: 0 | Y23: 55 | AA23: 70 | AC23: 20 | AD23: ยกเลิก 1 บิล (1-1=0) | AF23: ยกเลิก 8 บิล (63-8=55)
A24: 21 | B24: 17 | C24: 0 | D24: 24 | E24: 0 | F24: 336 | G24: 55 | J24: 21 | K24: 70 | L24: 7 | N24: 21 | O24: 17 | P24: 23 | Q24: 378 | S24: 86 | T24: 7 | V24: 21 | W24: 0 | X24: 0 | Y24: 0 | AA24: 5 | AC24: 21 | AE24: ยกเลิก 1 บิล (1-1=0) | AF24: ยกเลิก 13 บิล (13-13=0)
A25: 22 | B25: 14 | C25: 0 | D25: 32 | E25: 0 | F25: 453 | G25: 0 | J25: 64 | K25: 5 | L25: 0 | N25: 22 | O25: 14 | P25: 32 | Q25: 444 | S25: 70 | T25: 0 | V25: 22 | W25: 0 | X25: 0 | Y25: 2 | AA25: 0 | AB25: . | AC25: 22 | AF25: บิลยกเลิก 7 บิล f=5 j&t=2 (9-7=2)
A26: 23 | B26: 19 | C26: 0 | D26: 30 | E26: 0 | F26: 624 | G26: 2 | J26: 17 | K26: 0 | L26: 1 | N26: 23 | O26: 19 | P26: 30 | Q26: 592 | S26: 17 | T26: 1 | V26: 23 | W26: 0 | X26: 0 | Y26: 17 | AA26: 0 | AC26: 23 | AF26: ยกเลิก 17 บิล J&T=3 F=14 (34-17=17)
A27: 24 | B27: 13 | C27: 0 | D27: 41 | E27: 0 | F27: 335 | G27: 17 | J27: 10 | K27: 0 | L27: 2 | N27: 24 | O27: 14 | P27: 40 | Q27: 346 | S27: 11 | T27: 2 | V27: 24 | W27: 0 | X27: 0 | Y27: 0 | AA27: 0 | AC27: 24 | AE27: ยกเลิก 1 บิล (1-1=0) | AF27: ยกเลิก6 บิล J&T=2 F=4 (6-6=0)
A28: 25 | B28: 11 | C28: 0 | D28: 23 | E28: 0 | F28: 66 | G28: 0 | J28: 22 | K28: 0 | L28: 2 | N28: 25 | O28: 11 | P28: 23 | Q28: 64 | S28: 22 | T28: 2 | V28: 25 | W28: 0 | X28: 0 | Y28: 0 | AA28: 0 | AC28: 25 | AF28: ยกเลิก F=1 J&T=1 (2-2=0)
A29: 26 | B29: 23 | C29: 0 | D29: 30 | E29: 0 | F29: 135 | G29: 0 | J29: 13 | K29: 0 | L29: 0 | N29: 26 | O29: 23 | P29: 28 | Q29: 131 | S29: 13 | T29: 0 | V29: 26 | W29: 0 | X29: 2 | Y29: 1 | AA29: 0 | AC29: 26 | AF29: ยกเลิก 3 บิล (4-3=1)
A30: 27 | B30: 18 | C30: 0 | D30: 14 | E30: 2 | F30: 257 | G30: 1 | J30: 14 | K30: 0 | L30: 0 | N30: 27 | O30: 18 | P30: 16 | Q30: 251 | S30: 0 | T30: 0 | V30: 27 | W30: 0 | X30: 0 | Y30: 0 | AA30: 14 | AC30: 27 | AF30: ยกเลิก 7 บิล (7-7=0)
A31: 28 | B31: 26 | C31: 0 | D31: 35 | E31: 0 | F31: 231 | G31: 0 | J31: 16 | K31: 14 | L31: 0 | N31: 28 | O31: 25 | P31: 35 | Q31: 228 | S31: 31 | T31: 0 | V31: 28 | W31: 0 | X31: 0 | Y31: 0 | AA31: 0 | AC31: 28 | AD31: ยกเลิก 1 บิล (1-1=0) | AF31: ยกเลิก 3 บิล (3-3=0)
A32: 29 | B32: 22 | C32: 0 | D32: 16 | E32: 0 | F32: 214 | G32: 0 | J32: 3 | K32: 0 | L32: 6 | N32: 29 | O32: 21 | P32: 15 | Q32: 208 | S32: 3 | T32: 6 | V32: 29 | W32: 1 | X32: 0 | Y32: 0 | AA32: 0 | AC32: 29 | AE32: ยกเลิก 1 บิล (1-1=0) | AF32: ยกเลิก 6 บิล (6-6=0)
A33: 30 | B33: 16 | C33: 1 | D33: 22 | E33: 0 | F33: 376 | G33: 0 | J33: 13 | K33: 0 | L33: 4 | N33: 30 | O33: 16 | P33: 22 | Q33: 366 | S33: 13 | T33: 4 | V33: 30 | W33: 0 | X33: 0 | Y33: 0 | AA33: 0 | AC33: 30 | AD33: ยกเลิก 1 บิล (1-1=0) | AF33: ยกเลิก 10 บิล (10-10=0)
A34: 31 | N34: 31 | V34: 31 | AC34: 31
A35: รวม | B35: =SUM(B4:B34) -> 572 | C35: =SUM(C4:C34) -> 15 | D35: =SUM(D4:D34) -> 1051 | E35: =SUM(E4:E34) -> 84 | F35: =SUM(F4:F34) -> 10776 | G35: =SUM(G4:G34) -> 1930 | H35: 0 | J35: 407 | L35: 63 | N35: รวม | O35: =SUM(O4:O34) -> 567 | P35: =SUM(P4:P34) -> 1028 | Q35: =SUM(Q4:Q34) -> 10391 | R35: =SUM(R4:R34) -> 0 | S35: =SUM(S4:S34) -> 538 | T35: =SUM(T4:T34) -> 56 | V35: รวม | W35: =SUM(W4:W34) -> 14 | X35: =SUM(X4:X34) -> 84 | Y35: =SUM(Y4:Y34) -> 1910 | Z35: =SUM(Z4:Z34) -> 0 | AA35: =SUM(AA4:AA34) -> 193 | AC35: รวม

Sheet สรุป
A1: สรุปรายการของตีกลับของช่องทางออนไลน์ เดือนเมษายน 2568
A2: แพลตฟอร์ม | B2: สาเหตุการตีกลับ | L2: รวม | M2: ยอดเงิน
B3: ปฏิเสธ , ยกเลิก | D3: ติดต่อไม่ได้ , ไม่รับโทรศัพท์ | F3: ส่งของไปซ้ำ | H3: เกินเวลานัดส่งพัสดุ | J3: สลิปปลอม
B4: จำนวนออเดอร์ | C4: ยอดขาย | D4: จำนวนออเดอร์ | E4: ยอดขาย | F4: จำนวนออเดอร์ | G4: ยอดขาย | H4: จำนวนออเดอร์ | I4: ยอดขาย | J4: จำนวนออเดอร์ | K4: ยอดขาย
A5: Lazada | B5: 2 | C5: 322 | D5: 0 | E5: 0 | F5: 0 | G5: 0 | H5: 0 | I5: 0 | J5: 0 | K5: 0 | L5: =+B5+D5+F5+H5+J5 -> 2 | M5: =+C5+E5+G5+I5+K5 -> 322
A6: Shopee | B6: 7 | C6: 1154 | D6: 0 | E6: 0 | F6: 0 | G6: 0 | H6: 0 | I6: 0 | J6: 0 | K6: 0 | L6: =+B6+D6+F6+H6+J6 -> 7 | M6: =+C6+E6+G6+I6+K6 -> 1154
A7: TikTok | B7: 73 | C7: 11714 | D7: 2 | E7: 430 | F7: 0 | G7: 0 | H7: 0 | I7: 0 | J7: 0 | K7: 0 | L7: =+B7+D7+F7+H7+J7 -> 75 | M7: =+C7+E7+G7+I7+K7 -> 12144
A8: Facebook , Facebook Live , Line , Line OA (ไปรษณีย์) | B8: 4 | C8: 1076 | D8: 4 | E8: 859 | F8: 0 | G8: 0 | H8: 0 | I8: 0 | J8: 0 | K8: 0 | L8: =+B8+D8+F8+H8+J8 -> 8 | M8: =+C8+E8+G8+I8+K8 -> 1935
A9: ยอมรวมทั้งหมด | B9: =SUM(B5:B8) -> 86 | C9: =SUM(C5:C8) -> 14266 | D9: =SUM(D5:D8) -> 6 | E9: =SUM(E5:E8) -> 1289 | F9: =SUM(F5:F8) -> 0 | G9: =SUM(G5:G8) -> 0 | H9: =SUM(H5:H8) -> 0 | I9: =SUM(I5:I8) -> 0 | ... M9: =SUM(M5:M8) -> 15555 | N9: บาท

Sheet สรุปรายการสินค้า
A1: สรุปรายการสินค้าที่ตีกลับมารวมทุกช่องทางขายออนไลน์ เดือนเมษายน 2568
A2: ลำดับ | B2: รายการ | C2: จำนวน | D2: หมายเหตุ
A3: 1 | B3: ชิฟฟอนแยกชิ้น (ไม่ไส้) | C3: =+รายการสินค้าตีกลับ!B35 -> 0
A4: 2 | B4: ชิฟฟอนแยกชิ้น (ไส้) | C4: =+รายการสินค้าตีกลับ!C35 -> 0
A5: 3 | B5: ชิฟฟอน 8 ชิ้น (ชมพู) | C5: =+รายการสินค้าตีกลับ!D35 -> 8
A6: 4 | B6: ชิฟฟอนยอดฮิต | C6: =+รายการสินค้าตีกลับ!E35 -> 4
A7: 5 | B7: ชิฟฟอนไส้แยม 6 ชิ้น | C7: =+รายการสินค้าตีกลับ!F35 -> 0
A8: 6 | B8: ชิฟฟอน 4 ชิ้น | C8: =+รายการสินค้าตีกลับ!G35 -> 14
A9: 7 | B9: ชิฟฟอนไส้แยม 3 ชิ้น | C9: =+รายการสินค้าตีกลับ!H35 -> 22
A10: 8 | B10: เบาหวิว ล | C10: =+รายการสินค้าตีกลับ!I35 -> 135
A11: 9 | B11: เปี๊ยะ 450 กรัม | C11: =+รายการสินค้าตีกลับ!J35 -> 0
A12: 10 | B12: เค้กหวิวถาด | C12: =+รายการสินค้าตีกลับ!K35 -> 0
A13: 11 | B13: เปี๊ยะ ล | C13: =+รายการสินค้าตีกลับ!L35 -> 0
A14: 12 | B14: เปี๊ยะโมจิ ล | C14: =+รายการสินค้าตีกลับ!M35 -> 0
A15: 13 | B15: เปี๊ยะ ญ | C15: =+รายการสินค้าตีกลับ!N35 -> 0
A16: 14 | B16: เปี๊ยะโมจิ ญ | C16: =+รายการสินค้าตีกลับ!O35 -> 0
A17: 15 | B17: พายสัปรด กล่อง | C17: =+รายการสินค้าตีกลับ!P35 -> 0
A18: 16 | B18: พายสัปรด ชิ้น | C18: =+รายการสินค้าตีกลับ!Q35 -> 0
A19: 17 | B19: คุกกี้เนย | C19: =+รายการสินค้าตีกลับ!R35 -> 0
A20: 18 | B20: คุกกี้เนย 4 ชิ้น/กล่อง | C20: =+รายการสินค้าตีกลับ!S35 -> 0
A21: 19 | B21: ปังกรอบคาราเมล | C21: =+รายการสินค้าตีกลับ!T35 -> 0
A22: 20 | B22: ปังเนยน้ำตาล | C22: =+รายการสินค้าตีกลับ!U35 -> 0
A23: 21 | B23: ปังเนยนิ่ม กล่อง 2 ชิ้น | C23: =+รายการสินค้าตีกลับ!V35 -> 0
A24: 22 | B24: ปังเนยนิ่ม กล่อง 3 ชิ้น | C24: =+รายการสินค้าตีกลับ!W35 -> 0
A25: 23 | B25: ปังเนยนิ่มถุง5ชิ้น | C25: =+รายการสินค้าตีกลับ!X35 -> 0
A26: 24 | B26: ปังสตรอบูล | C26: =+รายการสินค้าตีกลับ!Y35 -> 0
A27: 25 | B27: ปังไก่หยอง | C27: =+รายการสินค้าตีกลับ!Z35 -> 0
A28: 26 | B28: ปังทวิต | C28: =+รายการสินค้าตีกลับ!AA35 -> 0
A29: 27 | B29: ปังแถว | C29: =+รายการสินค้าตีกลับ!AB35 -> 4
A30: 28 | B30: คอนเฟล็ก | C30: =+รายการสินค้าตีกลับ!AC35 -> 0
A31: 29 | B31: เมอแรงค์ | C31: =+รายการสินค้าตีกลับ!AD35 -> 0
A32: 30 | B32: ท๊อฟฟี่ถั่ว กล่อง | C32: =+รายการสินค้าตีกลับ!AE35 -> 0
A33: 31 | B33: แซนวิส | C33: =+รายการสินค้าตีกลับ!AF35 -> 0
A34: 32 | B34: ปังปลา กก. | C34: =+รายการสินค้าตีกลับ!AG35 -> 0
A35: 33 | B35: เศษขนมปังปลา | C35: =+รายการสินค้าตีกลับ!AH35 -> 5
A36: 34 | B36: ครีมฮอร์น | C36: =+รายการสินค้าตีกลับ!AI35 -> 188
A37: 35 | B37: เบาหวิว ญ | C37: =+รายการสินค้าตีกลับ!AJ35 -> 0
A38: 36
B39: ยอดรวม | C39: =SUM(C3:C38) -> 380 | D39: ชิ้น

Sheet จำนวนกล่องตีกลับ
A1: สรุปรายการสินค้าที่ตีกลับมานับเป็นจำนวน (กล่อง) เดือนเมษายน 2568
A2: ของตีกลับ
A3: วันที่ | B3: จำนวนกล่อง
B4: lazada | C4: shopee | D4: tiktok | E4: ปณ
A5: 1 | B5: 1 | D5: 1 | E5: 1
A6: 2 | C6: 2
A7: 3
A8: 4
A9: 5
A10: 6
A11: 7 | C11: 1 | D11: 2
A12: 8
A13: 9
A14: 10
A15: 11
A16: 12
A17: 13
A18: 14
A19: 15
A20: 16 | C20: 1 | D20: 14
A21: 17
A22: 18 | D22: 4
A23: 19
A24: 20 | C24: 1 | D24: 20
A25: 21 | D25: 6 | E25: 2
A26: 22 | D26: 3
A27: 23 | D27: 6
A28: 24 | B28: 1 | D28: 2
A29: 25 | D29: 3
A30: 26 | E30: 4
A31: 27
A32: 28 | D32: 9
A33: 29 | C33: 2 | D33: 3
A34: 30 | D34: 2 | E34: 1
A35: 31 | F35: Total
A36: รวม | B36: =SUM(B5:B35) -> 2 | C36: =SUM(C5:C35) -> 7 | D36: =SUM(D5:D35) -> 75 | E36: =SUM(E5:E35) -> 8 | F36: =SUM(B36:E36) -> 92 | G36: กล่อง

Sheet Lazada
A1: รายการของตีกลับช่องทาง LAZADA เดือนเมษายน 2568 | H1: รวม | I1: =SUBTOTAL(9,I4:I11989) -> 322 | J1: บาท
A2: ลำดับ | B2: วันที่ตีกลับ | C2: เลขที่ออเดอร์ | D2: เลขที่พัสดุ | E2: ผู้ให้บริการจัดส่ง | F2: ร้านค้า | G2: ชื่อลูกค้า | I2: ยอดคำสั่งซื้อ | J2: สาเหตุการตีกลับ | K2: หมายเหตุ | N2: หัวข้อการสาเหตุตีของกลับ | O2: ชื่อร้าน | P2: ชื่อขนส่ง
G3: ชื่อ | H3: นามสกุล
A4: 1 | B4: 244075 | C4: 994787136252112 | D4: LEXPU0472275387 | E4: LEX TH | F4: วรรณวนัช เบเกอรี่ (ร้านที่ 1 ร้านหลัก) | G4: CynthiaDd | H4: Pen | I4: 172 | J4: ปฏิเสธ , ยกเลิก | N4: ปฏิเสธ , ยกเลิก | O4: วรรณวนัช เบเกอรี่ (ร้านที่ 1 ร้านหลัก) | P4: LEX TH
A5: 2 | B5: 244098 | C5: 994793612054943 | D5: LEXDO0157462436 | E5: LEX TH | F5: วรรณวนัช เบเกอรี่ (ร้านที่ 1 ร้านหลัก) | G5: บุญยง | H5: จิตรครบุรี | I5: 150 | J5: ปฏิเสธ , ยกเลิก | N5: ติดต่อไม่ได้ , ไม่รับโทรศัพท์ | O5: ของฝากวรรณวนัช (cakewanwanach.lzd) | P5: Flash Express Thailand
N6: ส่งของไปซ้ำ | O6: วรรณวนัช ชิฟฟ่อน (chiffonlazada) | P6: Kerry_dropoff
N7: ลูกค้าแจ้งว่าไม่ได้สั่ง | O7: วรรณวนัช (0944831646)
O8: ชิฟฟ่อน กำแพงแสน (chiffonk.kps)
O9: วรรณวนัช ของอร่อย (cakewanwanach.kps)
O10: ของฝาก นครปฐม (khongfhak.kps)
O11: วรรณวนัช ไทยแลนด์ (chiffon.kps)
O12: ของอร่อยกำแพงแสน (kahnomcake.lzd)
O13: ชิฟฟ่อน เบเกอรี่ (wanwanachcake)

Sheet Shopee
A1: รายการของตีกลับช่องทาง SHOPEE เดือนเมษายน 2568 | H1: รวม | I1: =SUBTOTAL(9,I4:I12000) -> 1154 | J1: บาท
A2: ลำดับ | B2: วันที่ตีกลับ | C2: เลขที่ออเดอร์ | D2: เลขที่พัสดุ | E2: ผู้ให้บริการจัดส่ง | F2: ร้านค้า | G2: ชื่อลูกค้า | I2: ยอดคำสั่งซื้อ | J2: สาเหตุการตีกลับ | K2: หมายเหตุ | M2: หัวข้อการสาเหตุตีของกลับ | N2: ชื่อร้าน | O2: ชื่อขนส่ง
G3: ชื่อ | H3: นามสกุล
A4: 1 | B4: 244076 | C4: 2503216BGF35VT | D4: TH2530549085909 | F4: ร้านที่ 1 | I4: 279 | J4: ปฏิเสธ , ยกเลิก | M4: ปฏิเสธ , ยกเลิก | N4: ร้านที่ 1 | O4: LEX TH
A5: 2 | B5: 244076 | C5: 2503204G424XH4 | D5: TH258997377064C | F5: ร้านที่ 1 | I5: 299 | J5: ปฏิเสธ , ยกเลิก | M5: ติดต่อไม่ได้ , ไม่รับโทรศัพท์ | N5: ร้านที่ 2 | O5: Flash Express Thailand
A6: 3 | B6: 244081 | C6: 25040144EDUHS4 | D6: TH254009184956K | F6: ร้านที่ 1 | I6: 127 | J6: ปฏิเสธ , ยกเลิก | M6: ส่งของไปซ้ำ | O6: Kerry_dropoff
A7: 4 | B7: 244090 | C7: 250409S81KBM2P | D7: TH251693398444F | F7: ร้านที่ 1 | I7: 259 | J7: ปฏิเสธ , ยกเลิก | M7: ลูกค้าแจ้งว่าไม่ได้สั่ง | O7: J&T
A8: 5 | B8: 244094 | C8: 250328RFQREAQY | D8: TH250970598443J | F8: ร้านที่ 1 | I8: 40 | J8: ปฏิเสธ , ยกเลิก | O8: SPX Express
A9: 6 | B9: 244103 | C9: 2504232N9ANMUK | D9: TH255211169563X | F9: ร้านที่ 1 | I9: 40 | J9: ปฏิเสธ , ยกเลิก
A10: 7 | B10: 244103 | C10: 250417GTYVKPCG | D10: TH253489549199Z | F10: ร้านที่ 1 | I10: 110 | J10: ปฏิเสธ , ยกเลิก
A12: ** NOTE | B12: ชื่อลูกค้า ไม่มีในข้อมูล Shopee

Sheet TikTok
A1: รายการของตีกลับช่องทาง TikTok เดือนเมษายน 2568 | H1: รวม | I1: =SUBTOTAL(9,I4:I12000) -> 11604 | J1: บาท
A2: ลำดับ | B2: วันที่ตีกลับ | C2: เลขที่ออเดอร์ | D2: เลขที่พัสดุ | E2: ผู้ให้บริการจัดส่ง | F2: ร้านค้า | G2: ชื่อลูกค้า | I2: ยอดคำสั่งซื้อ | J2: สาเหตุการตีกลับ | K2: หมายเหตุ | M2: หัวข้อการสาเหตุตีของกลับ | N2: ชื่อร้าน | O2: ชื่อขนส่ง
G3: ชื่อ | H3: นามสกุล
A4: 1 | B4: 244075 | C4: 580113042177231615 | D4: THT30021MQ6772Z | E4: Flash Express Thailand | F4: ของฝากวรรณวนัช By:แอดอั้ม (อั้ม) | I4: 106 | J4: ปฏิเสธ , ยกเลิก | M4: ปฏิเสธ , ยกเลิก | N4: วรรณวนัชเบเกอรี่ (พี่กุ๊ก) | O4: LEX TH
A5: 2 | B5: 244081 | C5: 580140410310592604 | D5: THT20022JBE7D6Z | E5: Flash Express Thailand | F5: ของฝากวรรณวนัช By:แอดอั้ม (อั้ม) | I5: 106 | J5: ปฏิเสธ , ยกเลิก | M5: ติดต่อไม่ได้ , ไม่รับโทรศัพท์ | N5: วรรณวนัช เบเกอรี่ (แอม) | O5: Flash Express Thailand
A6: 3 | B6: 244081 | C6: 580136613614422855 | D6: THT47031N540G4Z | E6: Flash Express Thailand | F6: ของฝากวรรณวนัช By:แอดอั้ม (อั้ม) | I6: 215 | J6: ปฏิเสธ , ยกเลิก | M6: ส่งของไปซ้ำ | N6: วรรณวนัช โรงงานจำหน่ายโดยตรง (นุ่น) | O6: Kerry_dropoff
A7: 4 | B7: 244090 | C7: 580168231799851889 | D7: 756694146036 | E7: J&T Express | F7: ของฝากวรรณวนัช By:แอดอั้ม (อั้ม) | I7: 200 | J7: ปฏิเสธ , ยกเลิก | M7: ลูกค้าแจ้งว่าไม่ได้สั่ง | N7: ของฝากวรรณวนัช By:แอดอั้ม (อั้ม) | O7: J&T Express
A8: 5 | B8: 244090 | C8: 580176127450647209 | D8: THT01482K8P9E0Z | E8: Flash Express Thailand | F8: ของฝากวรรณวนัช By:แอดอั้ม (อั้ม) | I8: 216 | J8: ปฏิเสธ , ยกเลิก | M8: เกินเวลานัดรับพัสดุ | N8: ชิฟฟ่อนเค้กวรรณวนัช (พี่เอฟ)
A9: 6 | B9: 244090 | C9: 580148915673794899 | D9: THT64112JM8B16Z | E9: Flash Express Thailand | F9: ของฝากวรรณวนัช By:แอดอั้ม (อั้ม) | I9: 106 | J9: ปฏิเสธ , ยกเลิก
A10: 7 | B10: 244090 | C10: 580157600768559511 | D10: THT20042JTZNY4Z | E10: Flash Express Thailand | F10: ของฝากวรรณวนัช By:แอดอั้ม (อั้ม) | I10: 245 | J10: ปฏิเสธ , ยกเลิก
A11: 8 | B11: 244090 | C11: 580181673781201090 | D11: THT03042KCVXN5Z | E11: Flash Express Thailand | F11: ของฝากวรรณวนัช By:แอดอั้ม (อั้ม) | I11: 200 | J11: ปฏิเสธ , ยกเลิก
A12: 9 | B12: 244090 | C12: 580176858414877426 | D12: THT01372K8JCC5Z | E12: Flash Express Thailand | F12: ของฝากวรรณวนัช By:แอดอั้ม (อั้ม) | I12: 400 | J12: ปฏิเสธ , ยกเลิก
A13: 10 | B13: 244090 | C13: 580162130493213411 | D13: THT04062JYVMD9Z | E13: Flash Express Thailand | F13: ของฝากวรรณวนัช By:แอดอั้ม (อั้ม) | I13: 106 | J13: ปฏิเสธ , ยกเลิก
A14: 11 | B14: 244090 | C14: 580176144661776766 | D14: THT61012K8U373Z | E14: Flash Express Thailand | F14: ของฝากวรรณวนัช By:แอดอั้ม (อั้ม) | I14: 200 | J14: ปฏิเสธ , ยกเลิก
A15: 12 | B15: 244090 | C15: 580181471215061575 | D15: THT01172KD5KQ8Z | E15: Flash Express Thailand | F15: ของฝากวรรณวนัช By:แอดอั้ม (อั้ม) | I15: 106 | J15: ปฏิเสธ , ยกเลิก
A16: 13 | B16: 244090 | C16: 580179283661523217 | D16: THT16022KB11Q2Z | E16: Flash Express Thailand | F16: ของฝากวรรณวนัช By:แอดอั้ม (อั้ม) | I16: 200 | J16: ปฏิเสธ , ยกเลิก
A17: 14 | B17: 244090 | C17: 580178869647739757 | D17: THT03052KCEVK2Z | E17: Flash Express Thailand | F17: ของฝากวรรณวนัช By:แอดอั้ม (อั้ม) | I17: 106 | J17: ปฏิเสธ , ยกเลิก
A18: 15 | B18: 244090 | C18: 580171713761741019 | D18: THT16022K5TJB8Z | E18: Flash Express Thailand | F18: ของฝากวรรณวนัช By:แอดอั้ม (อั้ม) | I18: 129 | J18: ปฏิเสธ , ยกเลิก
A19: 16 | B19: 244090 | C19: 580175995434273271 | D19: THT64092K9VRV6Z | E19: Flash Express Thailand | F19: ของฝากวรรณวนัช By:แอดอั้ม (อั้ม) | I19: 200 | J19: ปฏิเสธ , ยกเลิก
A20: 17 | B20: 244090 | C20: 580157563800947425 | D20: THT01142JUATQ5Z | E20: Flash Express Thailand | F20: ของฝากวรรณวนัช By:แอดอั้ม (อั้ม) | I20: 106 | J20: ปฏิเสธ , ยกเลิก
... A78: 75 | B78: 244104 | C78: 578524580392568727 | D78: THT64091TECUM5Z | E78: Flash Express Thailand | F78: ของฝากวรรณวนัช By:แอดอั้ม (อั้ม) | I78: 116 | J78: ปฏิเสธ , ยกเลิก

Sheet ไปรษณีย์
A1: รายการของตีกลับช่องทาง Facebook , Facebook Live , Line , Line OA (ไปรษณีย์) เดือนเมษายน 2568 | H1: รวม | I1: =SUBTOTAL(9,I4:I11953) -> 1935 | J1: บาท
A2: ลำดับ | B2: วันที่ตีกลับ | C2: เลขที่ออเดอร์ | D2: เลขที่พัสดุ | E2: ผู้ให้บริการจัดส่ง | F2: ร้านค้า | G2: ชื่อลูกค้า | I2: ยอดคำสั่งซื้อ | J2: สาเหตุการตีกลับ | K2: หมายเหตุ | M2: หัวข้อการสาเหตุตีของกลับ | N2: ร้านค้า | O2: ชื่อขนส่ง
G3: ชื่อ | H3: นามสกุล
A4: 1 | B4: 244075 | C4: EVP57 | D4: JA184519740TH | E4: ไปรษณีย์ไทย | F4: Facebook | G4: สมใจ | I4: 420 | J4: ปฏิเสธ , ยกเลิก | M4: ปฏิเสธ , ยกเลิก | N4: Facebook | O4: LEX TH
A5: 2 | B5: 244095 | C5: FAG18 | D5: JA197013625TH | E5: ไปรษณีย์ไทย | F5: Facebook | G5: หนึ่งฤทัย | H5: เซี่ยงโหล | I5: 130 | J5: ติดต่อไม่ได้ , ไม่รับโทรศัพท์ | M5: ติดต่อไม่ได้ , ไม่รับโทรศัพท์ | N5: Facebook Live | O5: Flash Express Thailand
A6: 3 | B6: 244095 | C6: EZM68 | D6: TH011773KC5H4B0 | E6: Flash Express Thailand | F6: Facebook | G6: สโรชา | H6: ย้วยความดี | I6: 218 | J6: ปฏิเสธ , ยกเลิก | M6: ส่งของไปซ้ำ | N6: Line | O6: Kerry_dropoff
A7: 4 | B7: 244100 | C7: EZY4 | D7: JA196615363TH | E7: ไปรษณีย์ไทย | F7: Facebook | G7: น้อง | H7: พีช | I7: 119 | J7: ติดต่อไม่ได้ , ไม่รับโทรศัพท์ | M7: ลูกค้าแจ้งว่าไม่ได้สั่ง | N7: Line OA | O7: J&T Express
A8: 5 | B8: 244100 | C8: EZX89 | D8: JA196615329TH | E8: ไปรษณีย์ไทย | F8: Facebook | G8: กิตติพล | H8: ชัยต่างหน | I8: 160 | J8: ติดต่อไม่ได้ , ไม่รับโทรศัพท์ | M8: ลูกค้าตีกลับ เนื่องจาก มดขึ้นขนม ขนมมีรสฟาดเฟื่อน | N8: Phone | O8: ไปรษณีย์ไทย
A9: 6 | B9: 244100 | C9: FBB73 | D9: JA198597013TH | E9: ไปรษณีย์ไทย | F9: Facebook | G9: รัศมี | I9: 219 | J9: ปฏิเสธ , ยกเลิก | M9: สลิปปลอม
A10: 7 | B10: 244100 | C10: FAB59 | D10: JA196615403TH | E10: ไปรษณีย์ไทย | F10: Facebook | G10: ชื่อศิริกัญญา | H10: ไกรวงค์ | I10: 450 | J10: ติดต่อไม่ได้ , ไม่รับโทรศัพท์
A11: 8 | B11: 244104 | C11: FBN19 | D11: JA222456821TH | E11: ไปรษณีย์ไทย | F11: Facebook | G11: MP Preaw | I11: 219 | J11: ปฏิเสธ , ยกเลิก

Sheet รายการสินค้าตีกลับ
A1: รายการสินค้าที่ตีกลับมารวมทุกช่องทางขายออนไลน์ เดือนเมษายน 2568
A2: วันที่ | B2: สินค้าที่ตีกลับ | AK2: ยอดรวม/วัน (ทุกรายการ)
B3: ชิฟฟอนแยกชิ้น (ไม่ไส้) | C3: ชิฟฟอนแยกชิ้น (ไส้) | D3: ชิฟฟอน 8 ชิ้น (ชมพู) | E3: ชิฟฟอนยอดฮิต | F3: ชิฟฟอนไส้แยม 6 ชิ้น | G3: ชิฟฟอน 4 ชิ้น | H3: ชิฟฟอนไส้แยม 3 ชิ้น | I3: เบาหวิว ล | J3: เปี๊ยะ 450 กรัม | K3: เค้กหวิวถาด | L3: เปี๊ยะ ล | M3: เปี๊ยะโมจิ ล | N3: เปี๊ยะ ญ | O3: เปี๊ยะโมจิ ญ | P3: พายสัปรด กล่อง | Q3: พายสัปรด ชิ้น | R3: คุกกี้เนย | S3: คุกกี้เนย 4 ชิ้น/กล่อง | T3: ปังกรอบคาราเมล | U3: ปังเนยน้ำตาล | V3: ปังเนยนิ่ม กล่อง 2 ชิ้น | W3: ปังเนยนิ่ม กล่อง 3 ชิ้น | X3: ปังเนยนิ่มถุง5ชิ้น | Y3: ปังสตรอบูล | Z3: ปังไก่หยอง | AA3: ปังทวิต | AB3: ปังแถว | AC3: คอนเฟล็ก | AD3: เมอแรงค์ | AE3: ท๊อฟฟี่ถั่ว กล่อง | AF3: แซนวิส | AG3: ปังปลา กก. | AH3: เศษขนมปังปลา | AI3: ครีมฮอร์น | AJ3: เบาหวิว ญ
A4: 244075 | D4: 2 | I4: 13 | AK4: =SUM(B4:AJ4) -> 15
A5: 244076 | D5: 3 | E5: 1 | I5: 3 | AI5: 1 | AK5: =SUM(B5:AJ5) -> 8
A6: 244077 | AK6: =SUM(B6:AJ6) -> 0
A7: 244078 | AK7: =SUM(B7:AJ7) -> 0
A8: 244079 | AK8: =SUM(B8:AJ8) -> 0
A9: 244080 | AK9: =SUM(B9:AJ9) -> 0
A10: 244081 | I10: 6 | AI10: 6 | AK10: =SUM(B10:AJ10) -> 12
A11: 244082 | AK11: =SUM(B11:AJ11) -> 0
A12: 244083 | AK12: =SUM(B12:AJ12) -> 0
A13: 244084 | AK13: =SUM(B13:AJ13) -> 0
A14: 244085 | AK14: =SUM(B14:AJ14) -> 0
A15: 244086 | AK15: =SUM(B15:AJ15) -> 0
A16: 244087 | AK16: =SUM(B16:AJ16) -> 0
A17: 244088 | AK17: =SUM(B17:AJ17) -> 0
A18: 244089 | AK18: =SUM(B18:AJ18) -> 0
A19: 244090 | E19: 3 | G19: 3 | I19: 36 | AI19: 33 | AK19: =SUM(B19:AJ19) -> 75
A20: 244091 | AK20: =SUM(B20:AJ20) -> 0
A21: 244092 | AI21: 15 | AK21: =SUM(B21:AJ21) -> 15
A22: 244093 | AK22: =SUM(B22:AJ22) -> 0
A23: 244094 | D23: 3 | G23: 6 | H23: 3 | I23: 33 | AB23: 1 | AI23: 54 | AK23: =SUM(B23:AJ23) -> 100
A24: 244095 | H24: 2 | I24: 7 | AI24: 15 | AK24: =SUM(B24:AJ24) -> 24
A25: 244096 | I25: 15 | AI25: 3 | AK25: =SUM(B25:AJ25) -> 18
A26: 244097 | I26: 3 | AI26: 21 | AK26: =SUM(B26:AJ26) -> 24
A27: 244098 | AH27: 5 | AI27: 6 | AK27: =SUM(B27:AJ27) -> 11
A28: 244099 | I28: 6 | AI28: 6 | AK28: =SUM(B28:AJ28) -> 12
A29: 244100 | G29: 2 | H29: 11 | I29: 4 | AI29: 1 | AK29: =SUM(B29:AJ29) -> 18
A30: 244101 | AK30: =SUM(B30:AJ30) -> 0
A31: 244102 | G31: 3 | H31: 6 | I31: 9 | AB31: 3 | AI31: 12 | AK31: =SUM(B31:AJ31) -> 33
A32: 244103 | AI32: 15 | AK32: =SUM(B32:AJ32) -> 15
A33: 244104 | AK33: =SUM(B33:AJ33) -> 0
A34: 244105 | AK34: =SUM(B34:AJ34) -> 0
A35: ยอดรวมทั้งเดือน | B35: =SUM(B4:B34) -> 0 | C35: =SUM(C4:C34) -> 0 | D35: =SUM(D4:D34) -> 8 | E35: =SUM(E4:E34) -> 4 | F35: =SUM(F4:F34) -> 0 | G35: =SUM(G4:G34) -> 14 | H35: =SUM(H4:H34) -> 22 | I35: =SUM(I4:I34) -> 135 | ... AJ35: =SUM(AJ4:AJ34) -> 0 | AK35: =SUM(B35:AJ35) -> 380
