Workbook

Sheet ALL
A1: รายการขายสินค้าออนไลน์แยกจำนวนชิ้นรายวัน เดือนมีนาคม 2569
D2: =SUBTOTAL(9,D5:D10195) -> 31450 | E2: =SUBTOTAL(9,E5:E10195) -> 0 | F2: =SUBTOTAL(9,F5:F10195) -> 455092.65 | G2: =SUBTOTAL(9,G5:G10195) -> 1511 | H2: =SUBTOTAL(9,H5:H10195) -> 0 | I2: =SUBTOTAL(9,I5:I10195) -> 19537.32 | J2: =SUBTOTAL(9,J5:J10195) -> 917 | K2: =SUBTOTAL(9,K5:K10195) -> 0 | ... CX2: =SUBTOTAL(9,CX5:CX10195) -> 455092.65
A3: รหัสสินค้า | B3: ชื่อสินค้า | C3: ราคาต้นทุน | D3: เดือนมีนาคม | G3: 244409 | J3: 244410 | M3: 244411 | P3: 244412 | S3: 244413 | V3: 244414 | Y3: 244415 | AB3: 244416 | AE3: 244417 | AH3: 244418 | AK3: 244419 | AN3: 244420 | AQ3: 244421 | AT3: 244422 | AW3: 244423 | AZ3: 244424 | BC3: 244425 | BF3: 244426 | BI3: 244427 | BL3: 244428 | BO3: 244429 | BR3: 244430 | BU3: 244431 | BX3: 244432 | CA3: 244433 | CD3: 244434 | CG3: 244435 | CJ3: 244436 | CM3: 244437 | CP3: 244438 | CS3: 244439 | CV3: สรุป
D4: จำนวน | E4: หน่วย | F4: ยอดต้นทุน/วัน | G4: จำนวน | H4: หน่วย | I4: ยอดต้นทุน/วัน | J4: จำนวน | K4: หน่วย | L4: ยอดต้นทุน/วัน | M4: จำนวน | N4: หน่วย | O4: ยอดต้นทุน/วัน | P4: จำนวน | Q4: หน่วย | R4: ยอดต้นทุน/วัน | S4: จำนวน | T4: หน่วย | U4: ยอดต้นทุน/วัน | V4: จำนวน | W4: หน่วย | X4: ยอดต้นทุน/วัน | Y4: จำนวน | Z4: หน่วย | AA4: ยอดต้นทุน/วัน | AB4: จำนวน | AC4: หน่วย | AD4: ยอดต้นทุน/วัน | AE4: จำนวน | AF4: หน่วย | AG4: ยอดต้นทุน/วัน | AH4: จำนวน | AI4: หน่วย | AJ4: ยอดต้นทุน/วัน | AK4: จำนวน | AL4: หน่วย | AM4: ยอดต้นทุน/วัน | AN4: จำนวน | AO4: หน่วย | AP4: ยอดต้นทุน/วัน | AQ4: จำนวน | AR4: หน่วย | AS4: ยอดต้นทุน/วัน | AT4: จำนวน | AU4: หน่วย | AV4: ยอดต้นทุน/วัน | AW4: จำนวน | AX4: หน่วย | AY4: ยอดต้นทุน/วัน | AZ4: จำนวน | BA4: หน่วย | BB4: ยอดต้นทุน/วัน | BC4: จำนวน | BD4: หน่วย | BE4: ยอดต้นทุน/วัน | BF4: จำนวน | BG4: หน่วย | BH4: ยอดต้นทุน/วัน | BI4: จำนวน | BJ4: หน่วย | BK4: ยอดต้นทุน/วัน | BL4: จำนวน | BM4: หน่วย | BN4: ยอดต้นทุน/วัน | BO4: จำนวน | BP4: หน่วย | BQ4: ยอดต้นทุน/วัน | BR4: จำนวน | BS4: หน่วย | BT4: ยอดต้นทุน/วัน | BU4: จำนวน | BV4: หน่วย | BW4: ยอดต้นทุน/วัน | BX4: จำนวน | BY4: หน่วย | BZ4: ยอดต้นทุน/วัน | CA4: จำนวน | CB4: หน่วย | CC4: ยอดต้นทุน/วัน | CD4: จำนวน | CE4: หน่วย | CF4: ยอดต้นทุน/วัน | CG4: จำนวน | CH4: หน่วย | CI4: ยอดต้นทุน/วัน | CJ4: จำนวน | CK4: หน่วย | CL4: ยอดต้นทุน/วัน | CM4: จำนวน | CN4: หน่วย | CO4: ยอดต้นทุน/วัน | CP4: จำนวน | CQ4: หน่วย | CR4: ยอดต้นทุน/วัน | CS4: จำนวน | CT4: หน่วย | CU4: ยอดต้นทุน/วัน | CV4: จำนวน | CW4: หน่วย | CX4: ยอดต้นทุน/วัน
A5: 1004055 | B5: ชิฟฟ่อน รวมรส 1กล่อง4ชิ้น | C5: 18.82 | D5: =+CV5 -> 339 | E5: กล่อง | F5: =+D5*C5 -> 6379.98 | G5: =VLOOKUP(A5,'1'!B:BA,52,0) -> 2 | H5: กล่อง | I5: =+G5*C5 -> 37.64 | J5: =VLOOKUP(A5,'2'!B:BA,52,0) -> 0 | K5: กล่อง | L5: =+J5*C5 -> 0 | M5: =VLOOKUP(A5,'3'!B:BA,52,0) -> 0 | N5: กล่อง | O5: =+M5*C5 -> 0 | P5: =VLOOKUP(A5,'4'!B:BA,52,0) -> 0 | Q5: กล่อง | R5: =+P5*C5 -> 0 | S5: =VLOOKUP(A5,'5'!B:BA,52,0) -> 0 | T5: กล่อง | U5: =+S5*C5 -> 0 | V5: =VLOOKUP(A5,'6'!B:BA,52,0) -> 0 | W5: กล่อง | X5: =+V5*C5 -> 0 | Y5: =VLOOKUP(A5,'7'!B:BA,52,0) -> 0 | Z5: กล่อง | AA5: =+Y5*C5 -> 0 | AB5: =VLOOKUP(A5,'8'!B:BA,52,0) -> 0 | AC5: กล่อง | AD5: =+AB5*C5 -> 0 | AE5: =VLOOKUP(A5,'9'!B:BA,52,0) -> 0 | AF5: กล่อง | AG5: =+AE5*C5 -> 0 | AH5: =VLOOKUP(A5,'10'!B:BA,52,0) -> 0 | AI5: กล่อง | AJ5: =+AH5*C5 -> 0 | AK5: =VLOOKUP(A5,'11'!B:BA,52,0) -> 12 | AL5: กล่อง | AM5: =+AK5*C5 -> 225.84 | AN5: =VLOOKUP(A5,'12'!B:BA,52,0) -> 0 | AO5: กล่อง | AP5: =+AN5*C5 -> 0 | AQ5: =VLOOKUP(A5,'13'!B:BA,52,0) -> 0 | AR5: กล่อง | AS5: =+AQ5*C5 -> 0 | AT5: =VLOOKUP(A5,'14'!B:BA,52,0) -> 0 | AU5: กล่อง | AV5: =+AT5*C5 -> 0 | AW5: =VLOOKUP(A5,'15'!B:BA,52,0) -> 200 | AX5: กล่อง | AY5: =+AW5*C5 -> 3764 | AZ5: =VLOOKUP(A5,'16'!B:BA,52,0) -> 0 | BA5: กล่อง | BB5: =+AZ5*C5 -> 0 | BC5: =VLOOKUP(A5,'17'!B:BA,52,0) -> 0 | BD5: กล่อง | BE5: =+BC5*C5 -> 0 | BF5: =VLOOKUP(A5,'18'!B:BA,52,0) -> 0 | BG5: กล่อง | BH5: =+BF5*C5 -> 0 | BI5: =VLOOKUP(A5,'19'!B:BA,52,0) -> 0 | BJ5: กล่อง | BK5: =+BI5*C5 -> 0 | BL5: =VLOOKUP(A5,'20'!B:BA,52,0) -> 35 | BM5: กล่อง | BN5: =+BL5*C5 -> 658.7 | BO5: =VLOOKUP(A5,'21'!B:BA,52,0) -> 0 | BP5: กล่อง | BQ5: =+BO5*C5 -> 0 | BR5: =VLOOKUP(A5,'22'!B:BA,52,0) -> 0 | BS5: กล่อง | BT5: =+BR5*C5 -> 0 | BU5: =VLOOKUP(A5,'23'!B:BA,52,0) -> 70 | BV5: กล่อง | BW5: =+BU5*C5 -> 1317.4 | BX5: =VLOOKUP(A5,'24'!B:BA,52,0) -> 0 | BY5: กล่อง | BZ5: =+BX5*C5 -> 0 | CA5: =VLOOKUP(A5,'25'!B:BA,52,0) -> 20 | CB5: กล่อง | CC5: =+CA5*C5 -> 376.4 | CD5: =VLOOKUP(A5,'26'!B:BA,52,0) -> 0 | CE5: กล่อง | CF5: =+CD5*C5 -> 0 | CG5: =VLOOKUP(A5,'27'!B:BA,52,0) -> 0 | CH5: กล่อง | CI5: =+CG5*C5 -> 0 | CJ5: =VLOOKUP(A5,'28'!B:BA,52,0) -> 0 | CK5: กล่อง | CL5: =+CJ5*C5 -> 0 | CM5: =VLOOKUP(A5,'29'!B:BA,52,0) -> 0 | CN5: กล่อง | CO5: =+CM5*C5 -> 0 | CP5: =VLOOKUP(A5,'30'!B:BA,52,0) -> 0 | CQ5: กล่อง | CR5: =+CP5*C5 -> 0 | CS5: =VLOOKUP(A5,'31'!B:BA,52,0) -> 2 | CT5: กล่อง | CU5: =+CS5*C5 -> 37.64 | CV5: =VLOOKUP(A5,สรุป!B:BA,52,0) -> 339 | CW5: กล่อง | CX5: =+CV5*C5 -> 6379.98
A6: 1100001 | B6: ทาร์ตสับปะรดแบบชิ้น อร่อยนุ่ม (1 ชิ้น) | C6: 0 | D6: =+CV6 -> 0 | E6: ชิ้น | F6: =+D6*C6 -> 0 | G6: =VLOOKUP(A6,'1'!B:BA,52,0) -> 0 | H6: ชิ้น | I6: =+G6*C6 -> 0 | J6: =VLOOKUP(A6,'2'!B:BA,52,0) -> 0 | K6: ชิ้น | L6: =+J6*C6 -> 0 | M6: =VLOOKUP(A6,'3'!B:BA,52,0) -> 0 | N6: ชิ้น | O6: =+M6*C6 -> 0 | P6: =VLOOKUP(A6,'4'!B:BA,52,0) -> 0 | Q6: ชิ้น | R6: =+P6*C6 -> 0 | S6: =VLOOKUP(A6,'5'!B:BA,52,0) -> 0 | T6: ชิ้น | U6: =+S6*C6 -> 0 | V6: =VLOOKUP(A6,'6'!B:BA,52,0) -> 0 | W6: ชิ้น | X6: =+V6*C6 -> 0 | Y6: =VLOOKUP(A6,'7'!B:BA,52,0) -> 0 | Z6: ชิ้น | AA6: =+Y6*C6 -> 0 | AB6: =VLOOKUP(A6,'8'!B:BA,52,0) -> 0 | AC6: ชิ้น | AD6: =+AB6*C6 -> 0 | AE6: =VLOOKUP(A6,'9'!B:BA,52,0) -> 0 | AF6: ชิ้น | AG6: =+AE6*C6 -> 0 | AH6: =VLOOKUP(A6,'10'!B:BA,52,0) -> 0 | AI6: ชิ้น | AJ6: =+AH6*C6 -> 0 | AK6: =VLOOKUP(A6,'11'!B:BA,52,0) -> 0 | AL6: ชิ้น | AM6: =+AK6*C6 -> 0 | AN6: =VLOOKUP(A6,'12'!B:BA,52,0) -> 0 | AO6: ชิ้น | AP6: =+AN6*C6 -> 0 | AQ6: =VLOOKUP(A6,'13'!B:BA,52,0) -> 0 | AR6: ชิ้น | AS6: =+AQ6*C6 -> 0 | AT6: =VLOOKUP(A6,'14'!B:BA,52,0) -> 0 | AU6: ชิ้น | AV6: =+AT6*C6 -> 0 | AW6: =VLOOKUP(A6,'15'!B:BA,52,0) -> 0 | AX6: ชิ้น | AY6: =+AW6*C6 -> 0 | AZ6: =VLOOKUP(A6,'16'!B:BA,52,0) -> 0 | BA6: ชิ้น | BB6: =+AZ6*C6 -> 0 | BC6: =VLOOKUP(A6,'17'!B:BA,52,0) -> 0 | BD6: ชิ้น | BE6: =+BC6*C6 -> 0 | BF6: =VLOOKUP(A6,'18'!B:BA,52,0) -> 0 | BG6: ชิ้น | BH6: =+BF6*C6 -> 0 | BI6: =VLOOKUP(A6,'19'!B:BA,52,0) -> 0 | BJ6: ชิ้น | BK6: =+BI6*C6 -> 0 | BL6: =VLOOKUP(A6,'20'!B:BA,52,0) -> 0 | BM6: ชิ้น | BN6: =+BL6*C6 -> 0 | BO6: =VLOOKUP(A6,'21'!B:BA,52,0) -> 0 | BP6: ชิ้น | BQ6: =+BO6*C6 -> 0 | BR6: =VLOOKUP(A6,'22'!B:BA,52,0) -> 0 | BS6: ชิ้น | BT6: =+BR6*C6 -> 0 | BU6: =VLOOKUP(A6,'23'!B:BA,52,0) -> 0 | BV6: ชิ้น | BW6: =+BU6*C6 -> 0 | BX6: =VLOOKUP(A6,'24'!B:BA,52,0) -> 0 | BY6: ชิ้น | BZ6: =+BX6*C6 -> 0 | CA6: =VLOOKUP(A6,'25'!B:BA,52,0) -> 0 | CB6: ชิ้น | CC6: =+CA6*C6 -> 0 | CD6: =VLOOKUP(A6,'26'!B:BA,52,0) -> 0 | CE6: ชิ้น | CF6: =+CD6*C6 -> 0 | CG6: =VLOOKUP(A6,'27'!B:BA,52,0) -> 0 | CH6: ชิ้น | CI6: =+CG6*C6 -> 0 | CJ6: =VLOOKUP(A6,'28'!B:BA,52,0) -> 0 | CK6: ชิ้น | CL6: =+CJ6*C6 -> 0 | CM6: =VLOOKUP(A6,'29'!B:BA,52,0) -> 0 | CN6: ชิ้น | CO6: =+CM6*C6 -> 0 | CP6: =VLOOKUP(A6,'30'!B:BA,52,0) -> 0 | CQ6: ชิ้น | CR6: =+CP6*C6 -> 0 | CS6: =VLOOKUP(A6,'31'!B:BA,52,0) -> 0 | CT6: ชิ้น | CU6: =+CS6*C6 -> 0 | CV6: =VLOOKUP(A6,สรุป!B:BA,52,0) -> 0 | CW6: ชิ้น | CX6: =+CV6*C6 -> 0
A7: 1100002 | B7: ทาร์ตสับปะรด (ทาร์ตสับปะรดกล่อง 4 ชิ้น) | C7: 0 | D7: =+CV7 -> 12 | E7: กล่อง | F7: =+D7*C7 -> 0 | G7: =VLOOKUP(A7,'1'!B:BA,52,0) -> 0 | H7: กล่อง | I7: =+G7*C7 -> 0 | J7: =VLOOKUP(A7,'2'!B:BA,52,0) -> 0 | K7: กล่อง | L7: =+J7*C7 -> 0 | M7: =VLOOKUP(A7,'3'!B:BA,52,0) -> 0 | N7: กล่อง | O7: =+M7*C7 -> 0 | P7: =VLOOKUP(A7,'4'!B:BA,52,0) -> 0 | Q7: กล่อง | R7: =+P7*C7 -> 0 | S7: =VLOOKUP(A7,'5'!B:BA,52,0) -> 0 | T7: กล่อง | U7: =+S7*C7 -> 0 | V7: =VLOOKUP(A7,'6'!B:BA,52,0) -> 0 | W7: กล่อง | X7: =+V7*C7 -> 0 | Y7: =VLOOKUP(A7,'7'!B:BA,52,0) -> 0 | Z7: กล่อง | AA7: =+Y7*C7 -> 0 | AB7: =VLOOKUP(A7,'8'!B:BA,52,0) -> 0 | AC7: กล่อง | AD7: =+AB7*C7 -> 0 | AE7: =VLOOKUP(A7,'9'!B:BA,52,0) -> 0 | AF7: กล่อง | AG7: =+AE7*C7 -> 0 | AH7: =VLOOKUP(A7,'10'!B:BA,52,0) -> 0 | AI7: กล่อง | AJ7: =+AH7*C7 -> 0 | AK7: =VLOOKUP(A7,'11'!B:BA,52,0) -> 12 | AL7: กล่อง | AM7: =+AK7*C7 -> 0 | AN7: =VLOOKUP(A7,'12'!B:BA,52,0) -> 0 | AO7: กล่อง | AP7: =+AN7*C7 -> 0 | AQ7: =VLOOKUP(A7,'13'!B:BA,52,0) -> 0 | AR7: กล่อง | AS7: =+AQ7*C7 -> 0 | AT7: =VLOOKUP(A7,'14'!B:BA,52,0) -> 0 | AU7: กล่อง | AV7: =+AT7*C7 -> 0 | AW7: =VLOOKUP(A7,'15'!B:BA,52,0) -> 0 | AX7: กล่อง | AY7: =+AW7*C7 -> 0 | AZ7: =VLOOKUP(A7,'16'!B:BA,52,0) -> 0 | BA7: กล่อง | BB7: =+AZ7*C7 -> 0 | BC7: =VLOOKUP(A7,'17'!B:BA,52,0) -> 0 | BD7: กล่อง | BE7: =+BC7*C7 -> 0 | BF7: =VLOOKUP(A7,'18'!B:BA,52,0) -> 0 | BG7: กล่อง | BH7: =+BF7*C7 -> 0 | BI7: =VLOOKUP(A7,'19'!B:BA,52,0) -> 0 | BJ7: กล่อง | BK7: =+BI7*C7 -> 0 | BL7: =VLOOKUP(A7,'20'!B:BA,52,0) -> 0 | BM7: กล่อง | BN7: =+BL7*C7 -> 0 | BO7: =VLOOKUP(A7,'21'!B:BA,52,0) -> 0 | BP7: กล่อง | BQ7: =+BO7*C7 -> 0 | BR7: =VLOOKUP(A7,'22'!B:BA,52,0) -> 0 | BS7: กล่อง | BT7: =+BR7*C7 -> 0 | BU7: =VLOOKUP(A7,'23'!B:BA,52,0) -> 0 | BV7: กล่อง | BW7: =+BU7*C7 -> 0 | BX7: =VLOOKUP(A7,'24'!B:BA,52,0) -> 0 | BY7: กล่อง | BZ7: =+BX7*C7 -> 0 | CA7: =VLOOKUP(A7,'25'!B:BA,52,0) -> 0 | CB7: กล่อง | CC7: =+CA7*C7 -> 0 | CD7: =VLOOKUP(A7,'26'!B:BA,52,0) -> 0 | CE7: กล่อง | CF7: =+CD7*C7 -> 0 | CG7: =VLOOKUP(A7,'27'!B:BA,52,0) -> 0 | CH7: กล่อง | CI7: =+CG7*C7 -> 0 | CJ7: =VLOOKUP(A7,'28'!B:BA,52,0) -> 0 | CK7: กล่อง | CL7: =+CJ7*C7 -> 0 | CM7: =VLOOKUP(A7,'29'!B:BA,52,0) -> 0 | CN7: กล่อง | CO7: =+CM7*C7 -> 0 | CP7: =VLOOKUP(A7,'30'!B:BA,52,0) -> 0 | CQ7: กล่อง | CR7: =+CP7*C7 -> 0 | CS7: =VLOOKUP(A7,'31'!B:BA,52,0) -> 0 | CT7: กล่อง | CU7: =+CS7*C7 -> 0 | CV7: =VLOOKUP(A7,สรุป!B:BA,52,0) -> 12 | CW7: กล่อง | CX7: =+CV7*C7 -> 0
A8: 1111001 | B8: ชิฟฟอนไม่มีไส้เเบบเเยกชิ้น เลือกรสชาติได้ (คละรส) | C8: 0 | D8: =+CV8 -> 961 | E8: ชิ้น | F8: =+D8*C8 -> 0 | G8: =VLOOKUP(A8,'1'!B:BA,52,0) -> 70 | H8: ชิ้น | I8: =+G8*C8 -> 0 | J8: =VLOOKUP(A8,'2'!B:BA,52,0) -> 70 | K8: ชิ้น | L8: =+J8*C8 -> 0 | M8: =VLOOKUP(A8,'3'!B:BA,52,0) -> 0 | N8: ชิ้น | O8: =+M8*C8 -> 0 | P8: =VLOOKUP(A8,'4'!B:BA,52,0) -> 0 | Q8: ชิ้น | R8: =+P8*C8 -> 0 | S8: =VLOOKUP(A8,'5'!B:BA,52,0) -> 0 | T8: ชิ้น | U8: =+S8*C8 -> 0 | V8: =VLOOKUP(A8,'6'!B:BA,52,0) -> 0 | W8: ชิ้น | X8: =+V8*C8 -> 0 | Y8: =VLOOKUP(A8,'7'!B:BA,52,0) -> 0 | Z8: ชิ้น | AA8: =+Y8*C8 -> 0 | AB8: =VLOOKUP(A8,'8'!B:BA,52,0) -> 0 | AC8: ชิ้น | AD8: =+AB8*C8 -> 0 | AE8: =VLOOKUP(A8,'9'!B:BA,52,0) -> 160 | AF8: ชิ้น | AG8: =+AE8*C8 -> 0 | AH8: =VLOOKUP(A8,'10'!B:BA,52,0) -> 90 | AI8: ชิ้น | AJ8: =+AH8*C8 -> 0 | AK8: =VLOOKUP(A8,'11'!B:BA,52,0) -> 40 | AL8: ชิ้น | AM8: =+AK8*C8 -> 0 | AN8: =VLOOKUP(A8,'12'!B:BA,52,0) -> 10 | AO8: ชิ้น | AP8: =+AN8*C8 -> 0 | AQ8: =VLOOKUP(A8,'13'!B:BA,52,0) -> 0 | AR8: ชิ้น | AS8: =+AQ8*C8 -> 0 | AT8: =VLOOKUP(A8,'14'!B:BA,52,0) -> 140 | AU8: ชิ้น | AV8: =+AT8*C8 -> 0 | AW8: =VLOOKUP(A8,'15'!B:BA,52,0) -> 0 | AX8: ชิ้น | AY8: =+AW8*C8 -> 0 | AZ8: =VLOOKUP(A8,'16'!B:BA,52,0) -> 0 | BA8: ชิ้น | BB8: =+AZ8*C8 -> 0 | BC8: =VLOOKUP(A8,'17'!B:BA,52,0) -> 0 | BD8: ชิ้น | BE8: =+BC8*C8 -> 0 | BF8: =VLOOKUP(A8,'18'!B:BA,52,0) -> 0 | BG8: ชิ้น | BH8: =+BF8*C8 -> 0 | BI8: =VLOOKUP(A8,'19'!B:BA,52,0) -> 0 | BJ8: ชิ้น | BK8: =+BI8*C8 -> 0 | BL8: =VLOOKUP(A8,'20'!B:BA,52,0) -> 0 | BM8: ชิ้น | BN8: =+BL8*C8 -> 0 | BO8: =VLOOKUP(A8,'21'!B:BA,52,0) -> 0 | BP8: ชิ้น | BQ8: =+BO8*C8 -> 0 | BR8: =VLOOKUP(A8,'22'!B:BA,52,0) -> 0 | BS8: ชิ้น | BT8: =+BR8*C8 -> 0 | BU8: =VLOOKUP(A8,'23'!B:BA,52,0) -> 30 | BV8: ชิ้น | BW8: =+BU8*C8 -> 0 | BX8: =VLOOKUP(A8,'24'!B:BA,52,0) -> 30 | BY8: ชิ้น | BZ8: =+BX8*C8 -> 0 | CA8: =VLOOKUP(A8,'25'!B:BA,52,0) -> 160 | CB8: ชิ้น | CC8: =+CA8*C8 -> 0 | CD8: =VLOOKUP(A8,'26'!B:BA,52,0) -> 0 | CE8: ชิ้น | CF8: =+CD8*C8 -> 0 | CG8: =VLOOKUP(A8,'27'!B:BA,52,0) -> 20 | CH8: ชิ้น | CI8: =+CG8*C8 -> 0 | CJ8: =VLOOKUP(A8,'28'!B:BA,52,0) -> 51 | CK8: ชิ้น | CL8: =+CJ8*C8 -> 0 | CM8: =VLOOKUP(A8,'29'!B:BA,52,0) -> 90 | CN8: ชิ้น | CO8: =+CM8*C8 -> 0 | CP8: =VLOOKUP(A8,'30'!B:BA,52,0) -> 0 | CQ8: ชิ้น | CR8: =+CP8*C8 -> 0 | CS8: =VLOOKUP(A8,'31'!B:BA,52,0) -> 70 | CT8: ชิ้น | CU8: =+CS8*C8 -> 0 | CV8: =VLOOKUP(A8,สรุป!B:BA,52,0) -> 961 | CW8: ชิ้น | CX8: =+CV8*C8 -> 0
A9: 1111002 | B9: ชิฟฟ่อนไม่มีไส้ แบบกล่อง8ชิ้น รวมรส | C9: 31.86 | D9: =+CV9 -> 2993 | E9: กล่อง | F9: =+D9*C9 -> 95356.98 | G9: =VLOOKUP(A9,'1'!B:BA,52,0) -> 60 | H9: กล่อง | I9: =+G9*C9 -> 1911.6 | J9: =VLOOKUP(A9,'2'!B:BA,52,0) -> 140 | K9: กล่อง | L9: =+J9*C9 -> 4460.4 | M9: =VLOOKUP(A9,'3'!B:BA,52,0) -> 141 | N9: กล่อง | O9: =+M9*C9 -> 4492.26 | P9: =VLOOKUP(A9,'4'!B:BA,52,0) -> 141 | Q9: กล่อง | R9: =+P9*C9 -> 4492.26 | S9: =VLOOKUP(A9,'5'!B:BA,52,0) -> 141 | T9: กล่อง | U9: =+S9*C9 -> 4492.26 | V9: =VLOOKUP(A9,'6'!B:BA,52,0) -> 141 | W9: กล่อง | X9: =+V9*C9 -> 4492.26 | Y9: =VLOOKUP(A9,'7'!B:BA,52,0) -> 141 | Z9: กล่อง | AA9: =+Y9*C9 -> 4492.26 | AB9: =VLOOKUP(A9,'8'!B:BA,52,0) -> 31 | AC9: กล่อง | AD9: =+AB9*C9 -> 987.66 | AE9: =VLOOKUP(A9,'9'!B:BA,52,0) -> 64 | AF9: กล่อง | AG9: =+AE9*C9 -> 2039.04 | AH9: =VLOOKUP(A9,'10'!B:BA,52,0) -> 142 | AI9: กล่อง | AJ9: =+AH9*C9 -> 4524.12 | AK9: =VLOOKUP(A9,'11'!B:BA,52,0) -> 72 | AL9: กล่อง | AM9: =+AK9*C9 -> 2293.92 | AN9: =VLOOKUP(A9,'12'!B:BA,52,0) -> 56 | AO9: กล่อง | AP9: =+AN9*C9 -> 1784.16 | AQ9: =VLOOKUP(A9,'13'!B:BA,52,0) -> 138 | AR9: กล่อง | AS9: =+AQ9*C9 -> 4396.68 | AT9: =VLOOKUP(A9,'14'!B:BA,52,0) -> 87 | AU9: กล่อง | AV9: =+AT9*C9 -> 2771.82 | AW9: =VLOOKUP(A9,'15'!B:BA,52,0) -> 115 | AX9: กล่อง | AY9: =+AW9*C9 -> 3663.9 | AZ9: =VLOOKUP(A9,'16'!B:BA,52,0) -> 83 | BA9: กล่อง | BB9: =+AZ9*C9 -> 2644.38 | BC9: =VLOOKUP(A9,'17'!B:BA,52,0) -> 80 | BD9: กล่อง | BE9: =+BC9*C9 -> 2548.8 | BF9: =VLOOKUP(A9,'18'!B:BA,52,0) -> 112 | BG9: กล่อง | BH9: =+BF9*C9 -> 3568.32 | BI9: =VLOOKUP(A9,'19'!B:BA,52,0) -> 81 | BJ9: กล่อง | BK9: =+BI9*C9 -> 2580.66 | BL9: =VLOOKUP(A9,'20'!B:BA,52,0) -> 73 | BM9: กล่อง | BN9: =+BL9*C9 -> 2325.78 | BO9: =VLOOKUP(A9,'21'!B:BA,52,0) -> 76 | BP9: กล่อง | BQ9: =+BO9*C9 -> 2421.36 | BR9: =VLOOKUP(A9,'22'!B:BA,52,0) -> 57 | BS9: กล่อง | BT9: =+BR9*C9 -> 1816.02 | BU9: =VLOOKUP(A9,'23'!B:BA,52,0) -> 72 | BV9: กล่อง | BW9: =+BU9*C9 -> 2293.92 | BX9: =VLOOKUP(A9,'24'!B:BA,52,0) -> 47 | BY9: กล่อง | BZ9: =+BX9*C9 -> 1497.42 | CA9: =VLOOKUP(A9,'25'!B:BA,52,0) -> 189 | CB9: กล่อง | CC9: =+CA9*C9 -> 6021.54 | CD9: =VLOOKUP(A9,'26'!B:BA,52,0) -> 138 | CE9: กล่อง | CF9: =+CD9*C9 -> 4396.68 | CG9: =VLOOKUP(A9,'27'!B:BA,52,0) -> 75 | CH9: กล่อง | CI9: =+CG9*C9 -> 2389.5 | CJ9: =VLOOKUP(A9,'28'!B:BA,52,0) -> 88 | CK9: กล่อง | CL9: =+CJ9*C9 -> 2803.68 | CM9: =VLOOKUP(A9,'29'!B:BA,52,0) -> 33 | CN9: กล่อง | CO9: =+CM9*C9 -> 1051.38 | CP9: =VLOOKUP(A9,'30'!B:BA,52,0) -> 43 | CQ9: กล่อง | CR9: =+CP9*C9 -> 1369.98 | CS9: =VLOOKUP(A9,'31'!B:BA,52,0) -> 60 | CT9: กล่อง | CU9: =+CS9*C9 -> 1911.6 | CV9: =VLOOKUP(A9,สรุป!B:BA,52,0) -> 2993 | CW9: กล่อง | CX9: =+CV9*C9 -> 95356.98
A10: 1111008 | B10: ชิฟฟ่อน สอดไส้แยม ขนาด3 ชิ้น มีรสให้เลือก 7 รส (รวมรส) | C10: 17.8 | D10: =+CV10 -> 2489 | E10: กล่อง | F10: =+D10*C10 -> 44304.2 | G10: =VLOOKUP(A10,'1'!B:BA,52,0) -> 161 | H10: กล่อง | I10: =+G10*C10 -> 2865.8 | J10: =VLOOKUP(A10,'2'!B:BA,52,0) -> 78 | K10: กล่อง | L10: =+J10*C10 -> 1388.4 | M10: =VLOOKUP(A10,'3'!B:BA,52,0) -> 86 | N10: กล่อง | O10: =+M10*C10 -> 1530.8 | P10: =VLOOKUP(A10,'4'!B:BA,52,0) -> 86 | Q10: กล่อง | R10: =+P10*C10 -> 1530.8 | S10: =VLOOKUP(A10,'5'!B:BA,52,0) -> 86 | T10: กล่อง | U10: =+S10*C10 -> 1530.8 | V10: =VLOOKUP(A10,'6'!B:BA,52,0) -> 86 | W10: กล่อง | X10: =+V10*C10 -> 1530.8 | Y10: =VLOOKUP(A10,'7'!B:BA,52,0) -> 86 | Z10: กล่อง | AA10: =+Y10*C10 -> 1530.8 | AB10: =VLOOKUP(A10,'8'!B:BA,52,0) -> 72 | AC10: กล่อง | AD10: =+AB10*C10 -> 1281.6 | AE10: =VLOOKUP(A10,'9'!B:BA,52,0) -> 129 | AF10: กล่อง | AG10: =+AE10*C10 -> 2296.2 | AH10: =VLOOKUP(A10,'10'!B:BA,52,0) -> 131 | AI10: กล่อง | AJ10: =+AH10*C10 -> 2331.8 | AK10: =VLOOKUP(A10,'11'!B:BA,52,0) -> 109 | AL10: กล่อง | AM10: =+AK10*C10 -> 1940.2 | AN10: =VLOOKUP(A10,'12'!B:BA,52,0) -> 57 | AO10: กล่อง | AP10: =+AN10*C10 -> 1014.6 | AQ10: =VLOOKUP(A10,'13'!B:BA,52,0) -> 60 | AR10: กล่อง | AS10: =+AQ10*C10 -> 1068 | AT10: =VLOOKUP(A10,'14'!B:BA,52,0) -> 105 | AU10: กล่อง | AV10: =+AT10*C10 -> 1869 | AW10: =VLOOKUP(A10,'15'!B:BA,52,0) -> 37 | AX10: กล่อง | AY10: =+AW10*C10 -> 658.6 | AZ10: =VLOOKUP(A10,'16'!B:BA,52,0) -> 115 | BA10: กล่อง | BB10: =+AZ10*C10 -> 2047 | BC10: =VLOOKUP(A10,'17'!B:BA,52,0) -> 55 | BD10: กล่อง | BE10: =+BC10*C10 -> 979 | BF10: =VLOOKUP(A10,'18'!B:BA,52,0) -> 76 | BG10: กล่อง | BH10: =+BF10*C10 -> 1352.8 | BI10: =VLOOKUP(A10,'19'!B:BA,52,0) -> 34 | BJ10: กล่อง | BK10: =+BI10*C10 -> 605.2 | BL10: =VLOOKUP(A10,'20'!B:BA,52,0) -> 39 | BM10: กล่อง | BN10: =+BL10*C10 -> 694.2 | BO10: =VLOOKUP(A10,'21'!B:BA,52,0) -> 61 | BP10: กล่อง | BQ10: =+BO10*C10 -> 1085.8 | BR10: =VLOOKUP(A10,'22'!B:BA,52,0) -> 55 | BS10: กล่อง | BT10: =+BR10*C10 -> 979 | BU10: =VLOOKUP(A10,'23'!B:BA,52,0) -> 185 | BV10: กล่อง | BW10: =+BU10*C10 -> 3293 | BX10: =VLOOKUP(A10,'24'!B:BA,52,0) -> 61 | BY10: กล่อง | BZ10: =+BX10*C10 -> 1085.8 | CA10: =VLOOKUP(A10,'25'!B:BA,52,0) -> 79 | CB10: กล่อง | CC10: =+CA10*C10 -> 1406.2 | CD10: =VLOOKUP(A10,'26'!B:BA,52,0) -> 79 | CE10: กล่อง | CF10: =+CD10*C10 -> 1406.2 | CG10: =VLOOKUP(A10,'27'!B:BA,52,0) -> 75 | CH10: กล่อง | CI10: =+CG10*C10 -> 1335 | CJ10: =VLOOKUP(A10,'28'!B:BA,52,0) -> 34 | CK10: กล่อง | CL10: =+CJ10*C10 -> 605.2 | CM10: =VLOOKUP(A10,'29'!B:BA,52,0) -> 36 | CN10: กล่อง | CO10: =+CM10*C10 -> 640.8 | CP10: =VLOOKUP(A10,'30'!B:BA,52,0) -> 48 | CQ10: กล่อง | CR10: =+CP10*C10 -> 854.4 | CS10: =VLOOKUP(A10,'31'!B:BA,52,0) -> 161 | CT10: กล่อง | CU10: =+CS10*C10 -> 2865.8 | CV10: =VLOOKUP(A10,สรุป!B:BA,52,0) -> 2489 | CW10: กล่อง | CX10: =+CV10*C10 -> 44304.2
A11: 1111009 | B11: ชิฟฟ่อนสอดไส้ แยม 1กล่อง มี6ชิ้น (รวมรส) | C11: 27.43 | D11: =+CV11 -> 367 | E11: กล่อง | F11: =+D11*C11 -> 10066.81 | G11: =VLOOKUP(A11,'1'!B:BA,52,0) -> 6 | H11: กล่อง | I11: =+G11*C11 -> 164.58 | J11: =VLOOKUP(A11,'2'!B:BA,52,0) -> 18 | K11: กล่อง | L11: =+J11*C11 -> 493.74 | M11: =VLOOKUP(A11,'3'!B:BA,52,0) -> 18 | N11: กล่อง | O11: =+M11*C11 -> 493.74 | P11: =VLOOKUP(A11,'4'!B:BA,52,0) -> 18 | Q11: กล่อง | R11: =+P11*C11 -> 493.74 | S11: =VLOOKUP(A11,'5'!B:BA,52,0) -> 18 | T11: กล่อง | U11: =+S11*C11 -> 493.74 | V11: =VLOOKUP(A11,'6'!B:BA,52,0) -> 18 | W11: กล่อง | X11: =+V11*C11 -> 493.74 | Y11: =VLOOKUP(A11,'7'!B:BA,52,0) -> 18 | Z11: กล่อง | AA11: =+Y11*C11 -> 493.74 | AB11: =VLOOKUP(A11,'8'!B:BA,52,0) -> 5 | AC11: กล่อง | AD11: =+AB11*C11 -> 137.15 | AE11: =VLOOKUP(A11,'9'!B:BA,52,0) -> 7 | AF11: กล่อง | AG11: =+AE11*C11 -> 192.01 | AH11: =VLOOKUP(A11,'10'!B:BA,52,0) -> 11 | AI11: กล่อง | AJ11: =+AH11*C11 -> 301.73 | AK11: =VLOOKUP(A11,'11'!B:BA,52,0) -> 16 | AL11: กล่อง | AM11: =+AK11*C11 -> 438.88 | AN11: =VLOOKUP(A11,'12'!B:BA,52,0) -> 3 | AO11: กล่อง | AP11: =+AN11*C11 -> 82.29 | AQ11: =VLOOKUP(A11,'13'!B:BA,52,0) -> 9 | AR11: กล่อง | AS11: =+AQ11*C11 -> 246.87 | AT11: =VLOOKUP(A11,'14'!B:BA,52,0) -> 6 | AU11: กล่อง | AV11: =+AT11*C11 -> 164.58 | AW11: =VLOOKUP(A11,'15'!B:BA,52,0) -> 8 | AX11: กล่อง | AY11: =+AW11*C11 -> 219.44 | AZ11: =VLOOKUP(A11,'16'!B:BA,52,0) -> 12 | BA11: กล่อง | BB11: =+AZ11*C11 -> 329.16 | BC11: =VLOOKUP(A11,'17'!B:BA,52,0) -> 27 | BD11: กล่อง | BE11: =+BC11*C11 -> 740.61 | BF11: =VLOOKUP(A11,'18'!B:BA,52,0) -> 20 | BG11: กล่อง | BH11: =+BF11*C11 -> 548.6 | BI11: =VLOOKUP(A11,'19'!B:BA,52,0) -> 11 | BJ11: กล่อง | BK11: =+BI11*C11 -> 301.73 | BL11: =VLOOKUP(A11,'20'!B:BA,52,0) -> 7 | BM11: กล่อง | BN11: =+BL11*C11 -> 192.01 | BO11: =VLOOKUP(A11,'21'!B:BA,52,0) -> 2 | BP11: กล่อง | BQ11: =+BO11*C11 -> 54.86 | BR11: =VLOOKUP(A11,'22'!B:BA,52,0) -> 3 | BS11: กล่อง | BT11: =+BR11*C11 -> 82.29 | BU11: =VLOOKUP(A11,'23'!B:BA,52,0) -> 42 | BV11: กล่อง | BW11: =+BU11*C11 -> 1152.06 | BX11: =VLOOKUP(A11,'24'!B:BA,52,0) -> 10 | BY11: กล่อง | BZ11: =+BX11*C11 -> 274.3 | CA11: =VLOOKUP(A11,'25'!B:BA,52,0) -> 16 | CB11: กล่อง | CC11: =+CA11*C11 -> 438.88 | CD11: =VLOOKUP(A11,'26'!B:BA,52,0) -> 8 | CE11: กล่อง | CF11: =+CD11*C11 -> 219.44 | CG11: =VLOOKUP(A11,'27'!B:BA,52,0) -> 8 | CH11: กล่อง | CI11: =+CG11*C11 -> 219.44 | CJ11: =VLOOKUP(A11,'28'!B:BA,52,0) -> 12 | CK11: กล่อง | CL11: =+CJ11*C11 -> 329.16 | CM11: =VLOOKUP(A11,'29'!B:BA,52,0) -> 1 | CN11: กล่อง | CO11: =+CM11*C11 -> 27.43 | CP11: =VLOOKUP(A11,'30'!B:BA,52,0) -> 5 | CQ11: กล่อง | CR11: =+CP11*C11 -> 137.15 | CS11: =VLOOKUP(A11,'31'!B:BA,52,0) -> 6 | CT11: กล่อง | CU11: =+CS11*C11 -> 164.58 | CV11: =VLOOKUP(A11,สรุป!B:BA,52,0) -> 367 | CW11: กล่อง | CX11: =+CV11*C11 -> 10066.81
A12: 1111020 | B12: ชิฟฟ่อนสอดไส้ แยม 1กล่อง มี6ชิ้น (ฝอยทอง) | C12: 37.35 | D12: =+CV12 -> 0 | E12: กล่อง | F12: =+D12*C12 -> 0 | G12: =VLOOKUP(A12,'1'!B:BA,52,0) -> 0 | H12: กล่อง | I12: =+G12*C12 -> 0 | J12: =VLOOKUP(A12,'2'!B:BA,52,0) -> 0 | K12: กล่อง | L12: =+J12*C12 -> 0 | M12: =VLOOKUP(A12,'3'!B:BA,52,0) -> 0 | N12: กล่อง | O12: =+M12*C12 -> 0 | P12: =VLOOKUP(A12,'4'!B:BA,52,0) -> 0 | Q12: กล่อง | R12: =+P12*C12 -> 0 | S12: =VLOOKUP(A12,'5'!B:BA,52,0) -> 0 | T12: กล่อง | U12: =+S12*C12 -> 0 | V12: =VLOOKUP(A12,'6'!B:BA,52,0) -> 0 | W12: กล่อง | X12: =+V12*C12 -> 0 | Y12: =VLOOKUP(A12,'7'!B:BA,52,0) -> 0 | Z12: กล่อง | AA12: =+Y12*C12 -> 0 | AB12: =VLOOKUP(A12,'8'!B:BA,52,0) -> 0 | AC12: กล่อง | AD12: =+AB12*C12 -> 0 | AE12: =VLOOKUP(A12,'9'!B:BA,52,0) -> 0 | AF12: กล่อง | AG12: =+AE12*C12 -> 0 | AH12: =VLOOKUP(A12,'10'!B:BA,52,0) -> 0 | AI12: กล่อง | AJ12: =+AH12*C12 -> 0 | AK12: =VLOOKUP(A12,'11'!B:BA,52,0) -> 0 | AL12: กล่อง | AM12: =+AK12*C12 -> 0 | AN12: =VLOOKUP(A12,'12'!B:BA,52,0) -> 0 | AO12: กล่อง | AP12: =+AN12*C12 -> 0 | AQ12: =VLOOKUP(A12,'13'!B:BA,52,0) -> 0 | AR12: กล่อง | AS12: =+AQ12*C12 -> 0 | AT12: =VLOOKUP(A12,'14'!B:BA,52,0) -> 0 | AU12: กล่อง | AV12: =+AT12*C12 -> 0 | AW12: =VLOOKUP(A12,'15'!B:BA,52,0) -> 0 | AX12: กล่อง | AY12: =+AW12*C12 -> 0 | AZ12: =VLOOKUP(A12,'16'!B:BA,52,0) -> 0 | BA12: กล่อง | BB12: =+AZ12*C12 -> 0 | BC12: =VLOOKUP(A12,'17'!B:BA,52,0) -> 0 | BD12: กล่อง | BE12: =+BC12*C12 -> 0 | BF12: =VLOOKUP(A12,'18'!B:BA,52,0) -> 0 | BG12: กล่อง | BH12: =+BF12*C12 -> 0 | BI12: =VLOOKUP(A12,'19'!B:BA,52,0) -> 0 | BJ12: กล่อง | BK12: =+BI12*C12 -> 0 | BL12: =VLOOKUP(A12,'20'!B:BA,52,0) -> 0 | BM12: กล่อง | BN12: =+BL12*C12 -> 0 | BO12: =VLOOKUP(A12,'21'!B:BA,52,0) -> 0 | BP12: กล่อง | BQ12: =+BO12*C12 -> 0 | BR12: =VLOOKUP(A12,'22'!B:BA,52,0) -> 0 | BS12: กล่อง | BT12: =+BR12*C12 -> 0 | BU12: =VLOOKUP(A12,'23'!B:BA,52,0) -> 0 | BV12: กล่อง | BW12: =+BU12*C12 -> 0 | BX12: =VLOOKUP(A12,'24'!B:BA,52,0) -> 0 | BY12: กล่อง | BZ12: =+BX12*C12 -> 0 | CA12: =VLOOKUP(A12,'25'!B:BA,52,0) -> 0 | CB12: กล่อง | CC12: =+CA12*C12 -> 0 | CD12: =VLOOKUP(A12,'26'!B:BA,52,0) -> 0 | CE12: กล่อง | CF12: =+CD12*C12 -> 0 | CG12: =VLOOKUP(A12,'27'!B:BA,52,0) -> 0 | CH12: กล่อง | CI12: =+CG12*C12 -> 0 | CJ12: =VLOOKUP(A12,'28'!B:BA,52,0) -> 0 | CK12: กล่อง | CL12: =+CJ12*C12 -> 0 | CM12: =VLOOKUP(A12,'29'!B:BA,52,0) -> 0 | CN12: กล่อง | CO12: =+CM12*C12 -> 0 | CP12: =VLOOKUP(A12,'30'!B:BA,52,0) -> 0 | CQ12: กล่อง | CR12: =+CP12*C12 -> 0 | CS12: =VLOOKUP(A12,'31'!B:BA,52,0) -> 0 | CT12: กล่อง | CU12: =+CS12*C12 -> 0 | CV12: =VLOOKUP(A12,สรุป!B:BA,52,0) -> 0 | CW12: กล่อง | CX12: =+CV12*C12 -> 0
A13: 1111056 | B13: ชิฟฟ่อนไม่มีไส้ แบบกล่อง8ชิ้น รวมรส (รวมรสยอดฮิต) | C13: 30.45 | D13: =+CV13 -> 313 | E13: กล่อง | F13: =+D13*C13 -> 9530.85 | G13: =VLOOKUP(A13,'1'!B:BA,52,0) -> 3 | H13: กล่อง | I13: =+G13*C13 -> 91.35 | J13: =VLOOKUP(A13,'2'!B:BA,52,0) -> 5 | K13: กล่อง | L13: =+J13*C13 -> 152.25 | M13: =VLOOKUP(A13,'3'!B:BA,52,0) -> 16 | N13: กล่อง | O13: =+M13*C13 -> 487.2 | P13: =VLOOKUP(A13,'4'!B:BA,52,0) -> 16 | Q13: กล่อง | R13: =+P13*C13 -> 487.2 | S13: =VLOOKUP(A13,'5'!B:BA,52,0) -> 16 | T13: กล่อง | U13: =+S13*C13 -> 487.2 | V13: =VLOOKUP(A13,'6'!B:BA,52,0) -> 16 | W13: กล่อง | X13: =+V13*C13 -> 487.2 | Y13: =VLOOKUP(A13,'7'!B:BA,52,0) -> 16 | Z13: กล่อง | AA13: =+Y13*C13 -> 487.2 | AB13: =VLOOKUP(A13,'8'!B:BA,52,0) -> 9 | AC13: กล่อง | AD13: =+AB13*C13 -> 274.05 | AE13: =VLOOKUP(A13,'9'!B:BA,52,0) -> 2 | AF13: กล่อง | AG13: =+AE13*C13 -> 60.9 | AH13: =VLOOKUP(A13,'10'!B:BA,52,0) -> 9 | AI13: กล่อง | AJ13: =+AH13*C13 -> 274.05 | AK13: =VLOOKUP(A13,'11'!B:BA,52,0) -> 19 | AL13: กล่อง | AM13: =+AK13*C13 -> 578.55 | AN13: =VLOOKUP(A13,'12'!B:BA,52,0) -> 7 | AO13: กล่อง | AP13: =+AN13*C13 -> 213.15 | AQ13: =VLOOKUP(A13,'13'!B:BA,52,0) -> 4 | AR13: กล่อง | AS13: =+AQ13*C13 -> 121.8 | AT13: =VLOOKUP(A13,'14'!B:BA,52,0) -> 15 | AU13: กล่อง | AV13: =+AT13*C13 -> 456.75 | AW13: =VLOOKUP(A13,'15'!B:BA,52,0) -> 9 | AX13: กล่อง | AY13: =+AW13*C13 -> 274.05 | AZ13: =VLOOKUP(A13,'16'!B:BA,52,0) -> 10 | BA13: กล่อง | BB13: =+AZ13*C13 -> 304.5 | BC13: =VLOOKUP(A13,'17'!B:BA,52,0) -> 16 | BD13: กล่อง | BE13: =+BC13*C13 -> 487.2 | BF13: =VLOOKUP(A13,'18'!B:BA,52,0) -> 4 | BG13: กล่อง | BH13: =+BF13*C13 -> 121.8 | BI13: =VLOOKUP(A13,'19'!B:BA,52,0) -> 1 | BJ13: กล่อง | BK13: =+BI13*C13 -> 30.45 | BL13: =VLOOKUP(A13,'20'!B:BA,52,0) -> 4 | BM13: กล่อง | BN13: =+BL13*C13 -> 121.8 | BO13: =VLOOKUP(A13,'21'!B:BA,52,0) -> 4 | BP13: กล่อง | BQ13: =+BO13*C13 -> 121.8 | BR13: =VLOOKUP(A13,'22'!B:BA,52,0) -> 4 | BS13: กล่อง | BT13: =+BR13*C13 -> 121.8 | BU13: =VLOOKUP(A13,'23'!B:BA,52,0) -> 53 | BV13: กล่อง | BW13: =+BU13*C13 -> 1613.85 | BX13: =VLOOKUP(A13,'24'!B:BA,52,0) -> 11 | BY13: กล่อง | BZ13: =+BX13*C13 -> 334.95 | CA13: =VLOOKUP(A13,'25'!B:BA,52,0) -> 8 | CB13: กล่อง | CC13: =+CA13*C13 -> 243.6 | CD13: =VLOOKUP(A13,'26'!B:BA,52,0) -> 3 | CE13: กล่อง | CF13: =+CD13*C13 -> 91.35 | CG13: =VLOOKUP(A13,'27'!B:BA,52,0) -> 4 | CH13: กล่อง | CI13: =+CG13*C13 -> 121.8 | CJ13: =VLOOKUP(A13,'28'!B:BA,52,0) -> 5 | CK13: กล่อง | CL13: =+CJ13*C13 -> 152.25 | CM13: =VLOOKUP(A13,'29'!B:BA,52,0) -> 0 | CN13: กล่อง | CO13: =+CM13*C13 -> 0 | CP13: =VLOOKUP(A13,'30'!B:BA,52,0) -> 20 | CQ13: กล่อง | CR13: =+CP13*C13 -> 609 | CS13: =VLOOKUP(A13,'31'!B:BA,52,0) -> 3 | CT13: กล่อง | CU13: =+CS13*C13 -> 91.35 | CV13: =VLOOKUP(A13,สรุป!B:BA,52,0) -> 313 | CW13: กล่อง | CX13: =+CV13*C13 -> 9530.85
A14: 1111068 | B14: ชิฟฟอนไม่มีไส้เเบบเเยกชิ้น เลือกรสชาติได้ (เนย) | C14: 0 | D14: =+CV14 -> 0 | E14: ชิ้น | F14: =+D14*C14 -> 0 | G14: =VLOOKUP(A14,'1'!B:BA,52,0) -> 0 | H14: ชิ้น | I14: =+G14*C14 -> 0 | J14: =VLOOKUP(A14,'2'!B:BA,52,0) -> 0 | K14: ชิ้น | L14: =+J14*C14 -> 0 | M14: =VLOOKUP(A14,'3'!B:BA,52,0) -> 0 | N14: ชิ้น | O14: =+M14*C14 -> 0 | P14: =VLOOKUP(A14,'4'!B:BA,52,0) -> 0 | Q14: ชิ้น | R14: =+P14*C14 -> 0 | S14: =VLOOKUP(A14,'5'!B:BA,52,0) -> 0 | T14: ชิ้น | U14: =+S14*C14 -> 0 | V14: =VLOOKUP(A14,'6'!B:BA,52,0) -> 0 | W14: ชิ้น | X14: =+V14*C14 -> 0 | Y14: =VLOOKUP(A14,'7'!B:BA,52,0) -> 0 | Z14: ชิ้น | AA14: =+Y14*C14 -> 0 | AB14: =VLOOKUP(A14,'8'!B:BA,52,0) -> 0 | AC14: ชิ้น | AD14: =+AB14*C14 -> 0 | AE14: =VLOOKUP(A14,'9'!B:BA,52,0) -> 0 | AF14: ชิ้น | AG14: =+AE14*C14 -> 0 | AH14: =VLOOKUP(A14,'10'!B:BA,52,0) -> 0 | AI14: ชิ้น | AJ14: =+AH14*C14 -> 0 | AK14: =VLOOKUP(A14,'11'!B:BA,52,0) -> 0 | AL14: ชิ้น | AM14: =+AK14*C14 -> 0 | AN14: =VLOOKUP(A14,'12'!B:BA,52,0) -> 0 | AO14: ชิ้น | AP14: =+AN14*C14 -> 0 | AQ14: =VLOOKUP(A14,'13'!B:BA,52,0) -> 0 | AR14: ชิ้น | AS14: =+AQ14*C14 -> 0 | AT14: =VLOOKUP(A14,'14'!B:BA,52,0) -> 0 | AU14: ชิ้น | AV14: =+AT14*C14 -> 0 | AW14: =VLOOKUP(A14,'15'!B:BA,52,0) -> 0 | AX14: ชิ้น | AY14: =+AW14*C14 -> 0 | AZ14: =VLOOKUP(A14,'16'!B:BA,52,0) -> 0 | BA14: ชิ้น | BB14: =+AZ14*C14 -> 0 | BC14: =VLOOKUP(A14,'17'!B:BA,52,0) -> 0 | BD14: ชิ้น | BE14: =+BC14*C14 -> 0 | BF14: =VLOOKUP(A14,'18'!B:BA,52,0) -> 0 | BG14: ชิ้น | BH14: =+BF14*C14 -> 0 | BI14: =VLOOKUP(A14,'19'!B:BA,52,0) -> 0 | BJ14: ชิ้น | BK14: =+BI14*C14 -> 0 | BL14: =VLOOKUP(A14,'20'!B:BA,52,0) -> 0 | BM14: ชิ้น | BN14: =+BL14*C14 -> 0 | BO14: =VLOOKUP(A14,'21'!B:BA,52,0) -> 0 | BP14: ชิ้น | BQ14: =+BO14*C14 -> 0 | BR14: =VLOOKUP(A14,'22'!B:BA,52,0) -> 0 | BS14: ชิ้น | BT14: =+BR14*C14 -> 0 | BU14: =VLOOKUP(A14,'23'!B:BA,52,0) -> 0 | BV14: ชิ้น | BW14: =+BU14*C14 -> 0 | BX14: =VLOOKUP(A14,'24'!B:BA,52,0) -> 0 | BY14: ชิ้น | BZ14: =+BX14*C14 -> 0 | CA14: =VLOOKUP(A14,'25'!B:BA,52,0) -> 0 | CB14: ชิ้น | CC14: =+CA14*C14 -> 0 | CD14: =VLOOKUP(A14,'26'!B:BA,52,0) -> 0 | CE14: ชิ้น | CF14: =+CD14*C14 -> 0 | CG14: =VLOOKUP(A14,'27'!B:BA,52,0) -> 0 | CH14: ชิ้น | CI14: =+CG14*C14 -> 0 | CJ14: =VLOOKUP(A14,'28'!B:BA,52,0) -> 0 | CK14: ชิ้น | CL14: =+CJ14*C14 -> 0 | CM14: =VLOOKUP(A14,'29'!B:BA,52,0) -> 0 | CN14: ชิ้น | CO14: =+CM14*C14 -> 0 | CP14: =VLOOKUP(A14,'30'!B:BA,52,0) -> 0 | CQ14: ชิ้น | CR14: =+CP14*C14 -> 0 | CS14: =VLOOKUP(A14,'31'!B:BA,52,0) -> 0 | CT14: ชิ้น | CU14: =+CS14*C14 -> 0 | CV14: =VLOOKUP(A14,สรุป!B:BA,52,0) -> 0 | CW14: ชิ้น | CX14: =+CV14*C14 -> 0
A15: 1111074 | B15: ชิฟฟ่อนสอดไส้ 1 ชิ้น ชิฟฟ่อนเค้ก เลือกรสชาติได้ (มะพร้าว) | C15: 0 | D15: =+CV15 -> 0 | E15: ชิ้น | F15: =+D15*C15 -> 0 | G15: =VLOOKUP(A15,'1'!B:BA,52,0) -> 0 | H15: ชิ้น | I15: =+G15*C15 -> 0 | J15: =VLOOKUP(A15,'2'!B:BA,52,0) -> 0 | K15: ชิ้น | L15: =+J15*C15 -> 0 | M15: =VLOOKUP(A15,'3'!B:BA,52,0) -> 0 | N15: ชิ้น | O15: =+M15*C15 -> 0 | P15: =VLOOKUP(A15,'4'!B:BA,52,0) -> 0 | Q15: ชิ้น | R15: =+P15*C15 -> 0 | S15: =VLOOKUP(A15,'5'!B:BA,52,0) -> 0 | T15: ชิ้น | U15: =+S15*C15 -> 0 | V15: =VLOOKUP(A15,'6'!B:BA,52,0) -> 0 | W15: ชิ้น | X15: =+V15*C15 -> 0 | Y15: =VLOOKUP(A15,'7'!B:BA,52,0) -> 0 | Z15: ชิ้น | AA15: =+Y15*C15 -> 0 | AB15: =VLOOKUP(A15,'8'!B:BA,52,0) -> 0 | AC15: ชิ้น | AD15: =+AB15*C15 -> 0 | AE15: =VLOOKUP(A15,'9'!B:BA,52,0) -> 0 | AF15: ชิ้น | AG15: =+AE15*C15 -> 0 | AH15: =VLOOKUP(A15,'10'!B:BA,52,0) -> 0 | AI15: ชิ้น | AJ15: =+AH15*C15 -> 0 | AK15: =VLOOKUP(A15,'11'!B:BA,52,0) -> 0 | AL15: ชิ้น | AM15: =+AK15*C15 -> 0 | AN15: =VLOOKUP(A15,'12'!B:BA,52,0) -> 0 | AO15: ชิ้น | AP15: =+AN15*C15 -> 0 | AQ15: =VLOOKUP(A15,'13'!B:BA,52,0) -> 0 | AR15: ชิ้น | AS15: =+AQ15*C15 -> 0 | AT15: =VLOOKUP(A15,'14'!B:BA,52,0) -> 0 | AU15: ชิ้น | AV15: =+AT15*C15 -> 0 | AW15: =VLOOKUP(A15,'15'!B:BA,52,0) -> 0 | AX15: ชิ้น | AY15: =+AW15*C15 -> 0 | AZ15: =VLOOKUP(A15,'16'!B:BA,52,0) -> 0 | BA15: ชิ้น | BB15: =+AZ15*C15 -> 0 | BC15: =VLOOKUP(A15,'17'!B:BA,52,0) -> 0 | BD15: ชิ้น | BE15: =+BC15*C15 -> 0 | BF15: =VLOOKUP(A15,'18'!B:BA,52,0) -> 0 | BG15: ชิ้น | BH15: =+BF15*C15 -> 0 | BI15: =VLOOKUP(A15,'19'!B:BA,52,0) -> 0 | BJ15: ชิ้น | BK15: =+BI15*C15 -> 0 | BL15: =VLOOKUP(A15,'20'!B:BA,52,0) -> 0 | BM15: ชิ้น | BN15: =+BL15*C15 -> 0 | BO15: =VLOOKUP(A15,'21'!B:BA,52,0) -> 0 | BP15: ชิ้น | BQ15: =+BO15*C15 -> 0 | BR15: =VLOOKUP(A15,'22'!B:BA,52,0) -> 0 | BS15: ชิ้น | BT15: =+BR15*C15 -> 0 | BU15: =VLOOKUP(A15,'23'!B:BA,52,0) -> 0 | BV15: ชิ้น | BW15: =+BU15*C15 -> 0 | BX15: =VLOOKUP(A15,'24'!B:BA,52,0) -> 0 | BY15: ชิ้น | BZ15: =+BX15*C15 -> 0 | CA15: =VLOOKUP(A15,'25'!B:BA,52,0) -> 0 | CB15: ชิ้น | CC15: =+CA15*C15 -> 0 | CD15: =VLOOKUP(A15,'26'!B:BA,52,0) -> 0 | CE15: ชิ้น | CF15: =+CD15*C15 -> 0 | CG15: =VLOOKUP(A15,'27'!B:BA,52,0) -> 0 | CH15: ชิ้น | CI15: =+CG15*C15 -> 0 | CJ15: =VLOOKUP(A15,'28'!B:BA,52,0) -> 0 | CK15: ชิ้น | CL15: =+CJ15*C15 -> 0 | CM15: =VLOOKUP(A15,'29'!B:BA,52,0) -> 0 | CN15: ชิ้น | CO15: =+CM15*C15 -> 0 | CP15: =VLOOKUP(A15,'30'!B:BA,52,0) -> 0 | CQ15: ชิ้น | CR15: =+CP15*C15 -> 0 | CS15: =VLOOKUP(A15,'31'!B:BA,52,0) -> 0 | CT15: ชิ้น | CU15: =+CS15*C15 -> 0 | CV15: =VLOOKUP(A15,สรุป!B:BA,52,0) -> 0 | CW15: ชิ้น | CX15: =+CV15*C15 -> 0
A16: 1111075 | B16: ชิฟฟ่อนสอดไส้ 1 ชิ้น ชิฟฟ่อนเค้ก เลือกรสชาติได้ (สตอเบอรี่) | C16: 0 | D16: =+CV16 -> 0 | E16: ชิ้น | F16: =+D16*C16 -> 0 | G16: =VLOOKUP(A16,'1'!B:BA,52,0) -> 0 | H16: ชิ้น | I16: =+G16*C16 -> 0 | J16: =VLOOKUP(A16,'2'!B:BA,52,0) -> 0 | K16: ชิ้น | L16: =+J16*C16 -> 0 | M16: =VLOOKUP(A16,'3'!B:BA,52,0) -> 0 | N16: ชิ้น | O16: =+M16*C16 -> 0 | P16: =VLOOKUP(A16,'4'!B:BA,52,0) -> 0 | Q16: ชิ้น | R16: =+P16*C16 -> 0 | S16: =VLOOKUP(A16,'5'!B:BA,52,0) -> 0 | T16: ชิ้น | U16: =+S16*C16 -> 0 | V16: =VLOOKUP(A16,'6'!B:BA,52,0) -> 0 | W16: ชิ้น | X16: =+V16*C16 -> 0 | Y16: =VLOOKUP(A16,'7'!B:BA,52,0) -> 0 | Z16: ชิ้น | AA16: =+Y16*C16 -> 0 | AB16: =VLOOKUP(A16,'8'!B:BA,52,0) -> 0 | AC16: ชิ้น | AD16: =+AB16*C16 -> 0 | AE16: =VLOOKUP(A16,'9'!B:BA,52,0) -> 0 | AF16: ชิ้น | AG16: =+AE16*C16 -> 0 | AH16: =VLOOKUP(A16,'10'!B:BA,52,0) -> 0 | AI16: ชิ้น | AJ16: =+AH16*C16 -> 0 | AK16: =VLOOKUP(A16,'11'!B:BA,52,0) -> 0 | AL16: ชิ้น | AM16: =+AK16*C16 -> 0 | AN16: =VLOOKUP(A16,'12'!B:BA,52,0) -> 0 | AO16: ชิ้น | AP16: =+AN16*C16 -> 0 | AQ16: =VLOOKUP(A16,'13'!B:BA,52,0) -> 0 | AR16: ชิ้น | AS16: =+AQ16*C16 -> 0 | AT16: =VLOOKUP(A16,'14'!B:BA,52,0) -> 0 | AU16: ชิ้น | AV16: =+AT16*C16 -> 0 | AW16: =VLOOKUP(A16,'15'!B:BA,52,0) -> 0 | AX16: ชิ้น | AY16: =+AW16*C16 -> 0 | AZ16: =VLOOKUP(A16,'16'!B:BA,52,0) -> 0 | BA16: ชิ้น | BB16: =+AZ16*C16 -> 0 | BC16: =VLOOKUP(A16,'17'!B:BA,52,0) -> 0 | BD16: ชิ้น | BE16: =+BC16*C16 -> 0 | BF16: =VLOOKUP(A16,'18'!B:BA,52,0) -> 0 | BG16: ชิ้น | BH16: =+BF16*C16 -> 0 | BI16: =VLOOKUP(A16,'19'!B:BA,52,0) -> 0 | BJ16: ชิ้น | BK16: =+BI16*C16 -> 0 | BL16: =VLOOKUP(A16,'20'!B:BA,52,0) -> 0 | BM16: ชิ้น | BN16: =+BL16*C16 -> 0 | BO16: =VLOOKUP(A16,'21'!B:BA,52,0) -> 0 | BP16: ชิ้น | BQ16: =+BO16*C16 -> 0 | BR16: =VLOOKUP(A16,'22'!B:BA,52,0) -> 0 | BS16: ชิ้น | BT16: =+BR16*C16 -> 0 | BU16: =VLOOKUP(A16,'23'!B:BA,52,0) -> 0 | BV16: ชิ้น | BW16: =+BU16*C16 -> 0 | BX16: =VLOOKUP(A16,'24'!B:BA,52,0) -> 0 | BY16: ชิ้น | BZ16: =+BX16*C16 -> 0 | CA16: =VLOOKUP(A16,'25'!B:BA,52,0) -> 0 | CB16: ชิ้น | CC16: =+CA16*C16 -> 0 | CD16: =VLOOKUP(A16,'26'!B:BA,52,0) -> 0 | CE16: ชิ้น | CF16: =+CD16*C16 -> 0 | CG16: =VLOOKUP(A16,'27'!B:BA,52,0) -> 0 | CH16: ชิ้น | CI16: =+CG16*C16 -> 0 | CJ16: =VLOOKUP(A16,'28'!B:BA,52,0) -> 0 | CK16: ชิ้น | CL16: =+CJ16*C16 -> 0 | CM16: =VLOOKUP(A16,'29'!B:BA,52,0) -> 0 | CN16: ชิ้น | CO16: =+CM16*C16 -> 0 | CP16: =VLOOKUP(A16,'30'!B:BA,52,0) -> 0 | CQ16: ชิ้น | CR16: =+CP16*C16 -> 0 | CS16: =VLOOKUP(A16,'31'!B:BA,52,0) -> 0 | CT16: ชิ้น | CU16: =+CS16*C16 -> 0 | CV16: =VLOOKUP(A16,สรุป!B:BA,52,0) -> 0 | CW16: ชิ้น | CX16: =+CV16*C16 -> 0
A17: 1111076 | B17: ชิฟฟ่อนสอดไส้ 1 ชิ้น ชิฟฟ่อนเค้ก เลือกรสชาติได้ (ส้ม) | C17: 0 | D17: =+CV17 -> 0 | E17: ชิ้น | F17: =+D17*C17 -> 0 | G17: =VLOOKUP(A17,'1'!B:BA,52,0) -> 0 | H17: ชิ้น | I17: =+G17*C17 -> 0 | J17: =VLOOKUP(A17,'2'!B:BA,52,0) -> 0 | K17: ชิ้น | L17: =+J17*C17 -> 0 | M17: =VLOOKUP(A17,'3'!B:BA,52,0) -> 0 | N17: ชิ้น | O17: =+M17*C17 -> 0 | P17: =VLOOKUP(A17,'4'!B:BA,52,0) -> 0 | Q17: ชิ้น | R17: =+P17*C17 -> 0 | S17: =VLOOKUP(A17,'5'!B:BA,52,0) -> 0 | T17: ชิ้น | U17: =+S17*C17 -> 0 | V17: =VLOOKUP(A17,'6'!B:BA,52,0) -> 0 | W17: ชิ้น | X17: =+V17*C17 -> 0 | Y17: =VLOOKUP(A17,'7'!B:BA,52,0) -> 0 | Z17: ชิ้น | AA17: =+Y17*C17 -> 0 | AB17: =VLOOKUP(A17,'8'!B:BA,52,0) -> 0 | AC17: ชิ้น | AD17: =+AB17*C17 -> 0 | AE17: =VLOOKUP(A17,'9'!B:BA,52,0) -> 0 | AF17: ชิ้น | AG17: =+AE17*C17 -> 0 | AH17: =VLOOKUP(A17,'10'!B:BA,52,0) -> 0 | AI17: ชิ้น | AJ17: =+AH17*C17 -> 0 | AK17: =VLOOKUP(A17,'11'!B:BA,52,0) -> 0 | AL17: ชิ้น | AM17: =+AK17*C17 -> 0 | AN17: =VLOOKUP(A17,'12'!B:BA,52,0) -> 0 | AO17: ชิ้น | AP17: =+AN17*C17 -> 0 | AQ17: =VLOOKUP(A17,'13'!B:BA,52,0) -> 0 | AR17: ชิ้น | AS17: =+AQ17*C17 -> 0 | AT17: =VLOOKUP(A17,'14'!B:BA,52,0) -> 0 | AU17: ชิ้น | AV17: =+AT17*C17 -> 0 | AW17: =VLOOKUP(A17,'15'!B:BA,52,0) -> 0 | AX17: ชิ้น | AY17: =+AW17*C17 -> 0 | AZ17: =VLOOKUP(A17,'16'!B:BA,52,0) -> 0 | BA17: ชิ้น | BB17: =+AZ17*C17 -> 0 | BC17: =VLOOKUP(A17,'17'!B:BA,52,0) -> 0 | BD17: ชิ้น | BE17: =+BC17*C17 -> 0 | BF17: =VLOOKUP(A17,'18'!B:BA,52,0) -> 0 | BG17: ชิ้น | BH17: =+BF17*C17 -> 0 | BI17: =VLOOKUP(A17,'19'!B:BA,52,0) -> 0 | BJ17: ชิ้น | BK17: =+BI17*C17 -> 0 | BL17: =VLOOKUP(A17,'20'!B:BA,52,0) -> 0 | BM17: ชิ้น | BN17: =+BL17*C17 -> 0 | BO17: =VLOOKUP(A17,'21'!B:BA,52,0) -> 0 | BP17: ชิ้น | BQ17: =+BO17*C17 -> 0 | BR17: =VLOOKUP(A17,'22'!B:BA,52,0) -> 0 | BS17: ชิ้น | BT17: =+BR17*C17 -> 0 | BU17: =VLOOKUP(A17,'23'!B:BA,52,0) -> 0 | BV17: ชิ้น | BW17: =+BU17*C17 -> 0 | BX17: =VLOOKUP(A17,'24'!B:BA,52,0) -> 0 | BY17: ชิ้น | BZ17: =+BX17*C17 -> 0 | CA17: =VLOOKUP(A17,'25'!B:BA,52,0) -> 0 | CB17: ชิ้น | CC17: =+CA17*C17 -> 0 | CD17: =VLOOKUP(A17,'26'!B:BA,52,0) -> 0 | CE17: ชิ้น | CF17: =+CD17*C17 -> 0 | CG17: =VLOOKUP(A17,'27'!B:BA,52,0) -> 0 | CH17: ชิ้น | CI17: =+CG17*C17 -> 0 | CJ17: =VLOOKUP(A17,'28'!B:BA,52,0) -> 0 | CK17: ชิ้น | CL17: =+CJ17*C17 -> 0 | CM17: =VLOOKUP(A17,'29'!B:BA,52,0) -> 0 | CN17: ชิ้น | CO17: =+CM17*C17 -> 0 | CP17: =VLOOKUP(A17,'30'!B:BA,52,0) -> 0 | CQ17: ชิ้น | CR17: =+CP17*C17 -> 0 | CS17: =VLOOKUP(A17,'31'!B:BA,52,0) -> 0 | CT17: ชิ้น | CU17: =+CS17*C17 -> 0 | CV17: =VLOOKUP(A17,สรุป!B:BA,52,0) -> 0 | CW17: ชิ้น | CX17: =+CV17*C17 -> 0
A18: 1111077 | B18: ชิฟฟ่อนสอดไส้ 1 ชิ้น ชิฟฟ่อนเค้ก เลือกรสชาติได้ (บลูเบอรี่) | C18: 0 | D18: =+CV18 -> 0 | E18: ชิ้น | F18: =+D18*C18 -> 0 | G18: =VLOOKUP(A18,'1'!B:BA,52,0) -> 0 | H18: ชิ้น | I18: =+G18*C18 -> 0 | J18: =VLOOKUP(A18,'2'!B:BA,52,0) -> 0 | K18: ชิ้น | L18: =+J18*C18 -> 0 | M18: =VLOOKUP(A18,'3'!B:BA,52,0) -> 0 | N18: ชิ้น | O18: =+M18*C18 -> 0 | P18: =VLOOKUP(A18,'4'!B:BA,52,0) -> 0 | Q18: ชิ้น | R18: =+P18*C18 -> 0 | S18: =VLOOKUP(A18,'5'!B:BA,52,0) -> 0 | T18: ชิ้น | U18: =+S18*C18 -> 0 | V18: =VLOOKUP(A18,'6'!B:BA,52,0) -> 0 | W18: ชิ้น | X18: =+V18*C18 -> 0 | Y18: =VLOOKUP(A18,'7'!B:BA,52,0) -> 0 | Z18: ชิ้น | AA18: =+Y18*C18 -> 0 | AB18: =VLOOKUP(A18,'8'!B:BA,52,0) -> 0 | AC18: ชิ้น | AD18: =+AB18*C18 -> 0 | AE18: =VLOOKUP(A18,'9'!B:BA,52,0) -> 0 | AF18: ชิ้น | AG18: =+AE18*C18 -> 0 | AH18: =VLOOKUP(A18,'10'!B:BA,52,0) -> 0 | AI18: ชิ้น | AJ18: =+AH18*C18 -> 0 | AK18: =VLOOKUP(A18,'11'!B:BA,52,0) -> 0 | AL18: ชิ้น | AM18: =+AK18*C18 -> 0 | AN18: =VLOOKUP(A18,'12'!B:BA,52,0) -> 0 | AO18: ชิ้น | AP18: =+AN18*C18 -> 0 | AQ18: =VLOOKUP(A18,'13'!B:BA,52,0) -> 0 | AR18: ชิ้น | AS18: =+AQ18*C18 -> 0 | AT18: =VLOOKUP(A18,'14'!B:BA,52,0) -> 0 | AU18: ชิ้น | AV18: =+AT18*C18 -> 0 | AW18: =VLOOKUP(A18,'15'!B:BA,52,0) -> 0 | AX18: ชิ้น | AY18: =+AW18*C18 -> 0 | AZ18: =VLOOKUP(A18,'16'!B:BA,52,0) -> 0 | BA18: ชิ้น | BB18: =+AZ18*C18 -> 0 | BC18: =VLOOKUP(A18,'17'!B:BA,52,0) -> 0 | BD18: ชิ้น | BE18: =+BC18*C18 -> 0 | BF18: =VLOOKUP(A18,'18'!B:BA,52,0) -> 0 | BG18: ชิ้น | BH18: =+BF18*C18 -> 0 | BI18: =VLOOKUP(A18,'19'!B:BA,52,0) -> 0 | BJ18: ชิ้น | BK18: =+BI18*C18 -> 0 | BL18: =VLOOKUP(A18,'20'!B:BA,52,0) -> 0 | BM18: ชิ้น | BN18: =+BL18*C18 -> 0 | BO18: =VLOOKUP(A18,'21'!B:BA,52,0) -> 0 | BP18: ชิ้น | BQ18: =+BO18*C18 -> 0 | BR18: =VLOOKUP(A18,'22'!B:BA,52,0) -> 0 | BS18: ชิ้น | BT18: =+BR18*C18 -> 0 | BU18: =VLOOKUP(A18,'23'!B:BA,52,0) -> 0 | BV18: ชิ้น | BW18: =+BU18*C18 -> 0 | BX18: =VLOOKUP(A18,'24'!B:BA,52,0) -> 0 | BY18: ชิ้น | BZ18: =+BX18*C18 -> 0 | CA18: =VLOOKUP(A18,'25'!B:BA,52,0) -> 0 | CB18: ชิ้น | CC18: =+CA18*C18 -> 0 | CD18: =VLOOKUP(A18,'26'!B:BA,52,0) -> 0 | CE18: ชิ้น | CF18: =+CD18*C18 -> 0 | CG18: =VLOOKUP(A18,'27'!B:BA,52,0) -> 0 | CH18: ชิ้น | CI18: =+CG18*C18 -> 0 | CJ18: =VLOOKUP(A18,'28'!B:BA,52,0) -> 0 | CK18: ชิ้น | CL18: =+CJ18*C18 -> 0 | CM18: =VLOOKUP(A18,'29'!B:BA,52,0) -> 0 | CN18: ชิ้น | CO18: =+CM18*C18 -> 0 | CP18: =VLOOKUP(A18,'30'!B:BA,52,0) -> 0 | CQ18: ชิ้น | CR18: =+CP18*C18 -> 0 | CS18: =VLOOKUP(A18,'31'!B:BA,52,0) -> 0 | CT18: ชิ้น | CU18: =+CS18*C18 -> 0 | CV18: =VLOOKUP(A18,สรุป!B:BA,52,0) -> 0 | CW18: ชิ้น | CX18: =+CV18*C18 -> 0
A19: 1111078 | B19: ชิฟฟ่อนสอดไส้ 1 ชิ้น ชิฟฟ่อนเค้ก เลือกรสชาติได้ (นมชมพู) | C19: 0 | D19: =+CV19 -> 0 | E19: ชิ้น | F19: =+D19*C19 -> 0 | G19: =VLOOKUP(A19,'1'!B:BA,52,0) -> 0 | H19: ชิ้น | I19: =+G19*C19 -> 0 | J19: =VLOOKUP(A19,'2'!B:BA,52,0) -> 0 | K19: ชิ้น | L19: =+J19*C19 -> 0 | M19: =VLOOKUP(A19,'3'!B:BA,52,0) -> 0 | N19: ชิ้น | O19: =+M19*C19 -> 0 | P19: =VLOOKUP(A19,'4'!B:BA,52,0) -> 0 | Q19: ชิ้น | R19: =+P19*C19 -> 0 | S19: =VLOOKUP(A19,'5'!B:BA,52,0) -> 0 | T19: ชิ้น | U19: =+S19*C19 -> 0 | V19: =VLOOKUP(A19,'6'!B:BA,52,0) -> 0 | W19: ชิ้น | X19: =+V19*C19 -> 0 | Y19: =VLOOKUP(A19,'7'!B:BA,52,0) -> 0 | Z19: ชิ้น | AA19: =+Y19*C19 -> 0 | AB19: =VLOOKUP(A19,'8'!B:BA,52,0) -> 0 | AC19: ชิ้น | AD19: =+AB19*C19 -> 0 | AE19: =VLOOKUP(A19,'9'!B:BA,52,0) -> 0 | AF19: ชิ้น | AG19: =+AE19*C19 -> 0 | AH19: =VLOOKUP(A19,'10'!B:BA,52,0) -> 0 | AI19: ชิ้น | AJ19: =+AH19*C19 -> 0 | AK19: =VLOOKUP(A19,'11'!B:BA,52,0) -> 0 | AL19: ชิ้น | AM19: =+AK19*C19 -> 0 | AN19: =VLOOKUP(A19,'12'!B:BA,52,0) -> 0 | AO19: ชิ้น | AP19: =+AN19*C19 -> 0 | AQ19: =VLOOKUP(A19,'13'!B:BA,52,0) -> 0 | AR19: ชิ้น | AS19: =+AQ19*C19 -> 0 | AT19: =VLOOKUP(A19,'14'!B:BA,52,0) -> 0 | AU19: ชิ้น | AV19: =+AT19*C19 -> 0 | AW19: =VLOOKUP(A19,'15'!B:BA,52,0) -> 0 | AX19: ชิ้น | AY19: =+AW19*C19 -> 0 | AZ19: =VLOOKUP(A19,'16'!B:BA,52,0) -> 0 | BA19: ชิ้น | BB19: =+AZ19*C19 -> 0 | BC19: =VLOOKUP(A19,'17'!B:BA,52,0) -> 0 | BD19: ชิ้น | BE19: =+BC19*C19 -> 0 | BF19: =VLOOKUP(A19,'18'!B:BA,52,0) -> 0 | BG19: ชิ้น | BH19: =+BF19*C19 -> 0 | BI19: =VLOOKUP(A19,'19'!B:BA,52,0) -> 0 | BJ19: ชิ้น | BK19: =+BI19*C19 -> 0 | BL19: =VLOOKUP(A19,'20'!B:BA,52,0) -> 0 | BM19: ชิ้น | BN19: =+BL19*C19 -> 0 | BO19: =VLOOKUP(A19,'21'!B:BA,52,0) -> 0 | BP19: ชิ้น | BQ19: =+BO19*C19 -> 0 | BR19: =VLOOKUP(A19,'22'!B:BA,52,0) -> 0 | BS19: ชิ้น | BT19: =+BR19*C19 -> 0 | BU19: =VLOOKUP(A19,'23'!B:BA,52,0) -> 0 | BV19: ชิ้น | BW19: =+BU19*C19 -> 0 | BX19: =VLOOKUP(A19,'24'!B:BA,52,0) -> 0 | BY19: ชิ้น | BZ19: =+BX19*C19 -> 0 | CA19: =VLOOKUP(A19,'25'!B:BA,52,0) -> 0 | CB19: ชิ้น | CC19: =+CA19*C19 -> 0 | CD19: =VLOOKUP(A19,'26'!B:BA,52,0) -> 0 | CE19: ชิ้น | CF19: =+CD19*C19 -> 0 | CG19: =VLOOKUP(A19,'27'!B:BA,52,0) -> 0 | CH19: ชิ้น | CI19: =+CG19*C19 -> 0 | CJ19: =VLOOKUP(A19,'28'!B:BA,52,0) -> 0 | CK19: ชิ้น | CL19: =+CJ19*C19 -> 0 | CM19: =VLOOKUP(A19,'29'!B:BA,52,0) -> 0 | CN19: ชิ้น | CO19: =+CM19*C19 -> 0 | CP19: =VLOOKUP(A19,'30'!B:BA,52,0) -> 0 | CQ19: ชิ้น | CR19: =+CP19*C19 -> 0 | CS19: =VLOOKUP(A19,'31'!B:BA,52,0) -> 0 | CT19: ชิ้น | CU19: =+CS19*C19 -> 0 | CV19: =VLOOKUP(A19,สรุป!B:BA,52,0) -> 0 | CW19: ชิ้น | CX19: =+CV19*C19 -> 0
A20: 1111079 | B20: ชิฟฟ่อนสอดไส้ 1 ชิ้น ชิฟฟ่อนเค้ก เลือกรสชาติได้ (ช็อกโกแลต) | C20: 0 | D20: =+CV20 -> 0 | E20: ชิ้น | F20: =+D20*C20 -> 0 | G20: =VLOOKUP(A20,'1'!B:BA,52,0) -> 0 | H20: ชิ้น | I20: =+G20*C20 -> 0 | J20: =VLOOKUP(A20,'2'!B:BA,52,0) -> 0 | K20: ชิ้น | L20: =+J20*C20 -> 0 | M20: =VLOOKUP(A20,'3'!B:BA,52,0) -> 0 | N20: ชิ้น | O20: =+M20*C20 -> 0 | P20: =VLOOKUP(A20,'4'!B:BA,52,0) -> 0 | Q20: ชิ้น | R20: =+P20*C20 -> 0 | S20: =VLOOKUP(A20,'5'!B:BA,52,0) -> 0 | T20: ชิ้น | U20: =+S20*C20 -> 0 | V20: =VLOOKUP(A20,'6'!B:BA,52,0) -> 0 | W20: ชิ้น | X20: =+V20*C20 -> 0 | Y20: =VLOOKUP(A20,'7'!B:BA,52,0) -> 0 | Z20: ชิ้น | AA20: =+Y20*C20 -> 0 | AB20: =VLOOKUP(A20,'8'!B:BA,52,0) -> 0 | AC20: ชิ้น | AD20: =+AB20*C20 -> 0 | AE20: =VLOOKUP(A20,'9'!B:BA,52,0) -> 0 | AF20: ชิ้น | AG20: =+AE20*C20 -> 0 | AH20: =VLOOKUP(A20,'10'!B:BA,52,0) -> 0 | AI20: ชิ้น | AJ20: =+AH20*C20 -> 0 | AK20: =VLOOKUP(A20,'11'!B:BA,52,0) -> 0 | AL20: ชิ้น | AM20: =+AK20*C20 -> 0 | AN20: =VLOOKUP(A20,'12'!B:BA,52,0) -> 0 | AO20: ชิ้น | AP20: =+AN20*C20 -> 0 | AQ20: =VLOOKUP(A20,'13'!B:BA,52,0) -> 0 | AR20: ชิ้น | AS20: =+AQ20*C20 -> 0 | AT20: =VLOOKUP(A20,'14'!B:BA,52,0) -> 0 | AU20: ชิ้น | AV20: =+AT20*C20 -> 0 | AW20: =VLOOKUP(A20,'15'!B:BA,52,0) -> 0 | AX20: ชิ้น | AY20: =+AW20*C20 -> 0 | AZ20: =VLOOKUP(A20,'16'!B:BA,52,0) -> 0 | BA20: ชิ้น | BB20: =+AZ20*C20 -> 0 | BC20: =VLOOKUP(A20,'17'!B:BA,52,0) -> 0 | BD20: ชิ้น | BE20: =+BC20*C20 -> 0 | BF20: =VLOOKUP(A20,'18'!B:BA,52,0) -> 0 | BG20: ชิ้น | BH20: =+BF20*C20 -> 0 | BI20: =VLOOKUP(A20,'19'!B:BA,52,0) -> 0 | BJ20: ชิ้น | BK20: =+BI20*C20 -> 0 | BL20: =VLOOKUP(A20,'20'!B:BA,52,0) -> 0 | BM20: ชิ้น | BN20: =+BL20*C20 -> 0 | BO20: =VLOOKUP(A20,'21'!B:BA,52,0) -> 0 | BP20: ชิ้น | BQ20: =+BO20*C20 -> 0 | BR20: =VLOOKUP(A20,'22'!B:BA,52,0) -> 0 | BS20: ชิ้น | BT20: =+BR20*C20 -> 0 | BU20: =VLOOKUP(A20,'23'!B:BA,52,0) -> 0 | BV20: ชิ้น | BW20: =+BU20*C20 -> 0 | BX20: =VLOOKUP(A20,'24'!B:BA,52,0) -> 0 | BY20: ชิ้น | BZ20: =+BX20*C20 -> 0 | CA20: =VLOOKUP(A20,'25'!B:BA,52,0) -> 0 | CB20: ชิ้น | CC20: =+CA20*C20 -> 0 | CD20: =VLOOKUP(A20,'26'!B:BA,52,0) -> 0 | CE20: ชิ้น | CF20: =+CD20*C20 -> 0 | CG20: =VLOOKUP(A20,'27'!B:BA,52,0) -> 0 | CH20: ชิ้น | CI20: =+CG20*C20 -> 0 | CJ20: =VLOOKUP(A20,'28'!B:BA,52,0) -> 0 | CK20: ชิ้น | CL20: =+CJ20*C20 -> 0 | CM20: =VLOOKUP(A20,'29'!B:BA,52,0) -> 0 | CN20: ชิ้น | CO20: =+CM20*C20 -> 0 | CP20: =VLOOKUP(A20,'30'!B:BA,52,0) -> 0 | CQ20: ชิ้น | CR20: =+CP20*C20 -> 0 | CS20: =VLOOKUP(A20,'31'!B:BA,52,0) -> 0 | CT20: ชิ้น | CU20: =+CS20*C20 -> 0 | CV20: =VLOOKUP(A20,สรุป!B:BA,52,0) -> 0 | CW20: ชิ้น | CX20: =+CV20*C20 -> 0
A21: 1111080 | B21: ชิฟฟ่อนสอดไส้ 1 ชิ้น ชิฟฟ่อนเค้ก เลือกรสชาติได้ (ฝอยทอง) | C21: 0 | D21: =+CV21 -> 0 | E21: ชิ้น | F21: =+D21*C21 -> 0 | G21: =VLOOKUP(A21,'1'!B:BA,52,0) -> 0 | H21: ชิ้น | I21: =+G21*C21 -> 0 | J21: =VLOOKUP(A21,'2'!B:BA,52,0) -> 0 | K21: ชิ้น | L21: =+J21*C21 -> 0 | M21: =VLOOKUP(A21,'3'!B:BA,52,0) -> 0 | N21: ชิ้น | O21: =+M21*C21 -> 0 | P21: =VLOOKUP(A21,'4'!B:BA,52,0) -> 0 | Q21: ชิ้น | R21: =+P21*C21 -> 0 | S21: =VLOOKUP(A21,'5'!B:BA,52,0) -> 0 | T21: ชิ้น | U21: =+S21*C21 -> 0 | V21: =VLOOKUP(A21,'6'!B:BA,52,0) -> 0 | W21: ชิ้น | X21: =+V21*C21 -> 0 | Y21: =VLOOKUP(A21,'7'!B:BA,52,0) -> 0 | Z21: ชิ้น | AA21: =+Y21*C21 -> 0 | AB21: =VLOOKUP(A21,'8'!B:BA,52,0) -> 0 | AC21: ชิ้น | AD21: =+AB21*C21 -> 0 | AE21: =VLOOKUP(A21,'9'!B:BA,52,0) -> 0 | AF21: ชิ้น | AG21: =+AE21*C21 -> 0 | AH21: =VLOOKUP(A21,'10'!B:BA,52,0) -> 0 | AI21: ชิ้น | AJ21: =+AH21*C21 -> 0 | AK21: =VLOOKUP(A21,'11'!B:BA,52,0) -> 0 | AL21: ชิ้น | AM21: =+AK21*C21 -> 0 | AN21: =VLOOKUP(A21,'12'!B:BA,52,0) -> 0 | AO21: ชิ้น | AP21: =+AN21*C21 -> 0 | AQ21: =VLOOKUP(A21,'13'!B:BA,52,0) -> 0 | AR21: ชิ้น | AS21: =+AQ21*C21 -> 0 | AT21: =VLOOKUP(A21,'14'!B:BA,52,0) -> 0 | AU21: ชิ้น | AV21: =+AT21*C21 -> 0 | AW21: =VLOOKUP(A21,'15'!B:BA,52,0) -> 0 | AX21: ชิ้น | AY21: =+AW21*C21 -> 0 | AZ21: =VLOOKUP(A21,'16'!B:BA,52,0) -> 0 | BA21: ชิ้น | BB21: =+AZ21*C21 -> 0 | BC21: =VLOOKUP(A21,'17'!B:BA,52,0) -> 0 | BD21: ชิ้น | BE21: =+BC21*C21 -> 0 | BF21: =VLOOKUP(A21,'18'!B:BA,52,0) -> 0 | BG21: ชิ้น | BH21: =+BF21*C21 -> 0 | BI21: =VLOOKUP(A21,'19'!B:BA,52,0) -> 0 | BJ21: ชิ้น | BK21: =+BI21*C21 -> 0 | BL21: =VLOOKUP(A21,'20'!B:BA,52,0) -> 0 | BM21: ชิ้น | BN21: =+BL21*C21 -> 0 | BO21: =VLOOKUP(A21,'21'!B:BA,52,0) -> 0 | BP21: ชิ้น | BQ21: =+BO21*C21 -> 0 | BR21: =VLOOKUP(A21,'22'!B:BA,52,0) -> 0 | BS21: ชิ้น | BT21: =+BR21*C21 -> 0 | BU21: =VLOOKUP(A21,'23'!B:BA,52,0) -> 0 | BV21: ชิ้น | BW21: =+BU21*C21 -> 0 | BX21: =VLOOKUP(A21,'24'!B:BA,52,0) -> 0 | BY21: ชิ้น | BZ21: =+BX21*C21 -> 0 | CA21: =VLOOKUP(A21,'25'!B:BA,52,0) -> 0 | CB21: ชิ้น | CC21: =+CA21*C21 -> 0 | CD21: =VLOOKUP(A21,'26'!B:BA,52,0) -> 0 | CE21: ชิ้น | CF21: =+CD21*C21 -> 0 | CG21: =VLOOKUP(A21,'27'!B:BA,52,0) -> 0 | CH21: ชิ้น | CI21: =+CG21*C21 -> 0 | CJ21: =VLOOKUP(A21,'28'!B:BA,52,0) -> 0 | CK21: ชิ้น | CL21: =+CJ21*C21 -> 0 | CM21: =VLOOKUP(A21,'29'!B:BA,52,0) -> 0 | CN21: ชิ้น | CO21: =+CM21*C21 -> 0 | CP21: =VLOOKUP(A21,'30'!B:BA,52,0) -> 0 | CQ21: ชิ้น | CR21: =+CP21*C21 -> 0 | CS21: =VLOOKUP(A21,'31'!B:BA,52,0) -> 0 | CT21: ชิ้น | CU21: =+CS21*C21 -> 0 | CV21: =VLOOKUP(A21,สรุป!B:BA,52,0) -> 0 | CW21: ชิ้น | CX21: =+CV21*C21 -> 0
A22: 1111081 | B22: ชิฟฟ่อนสอดไส้ 1 ชิ้น ชิฟฟ่อนเค้ก เลือกรสชาติได้ (วนิลา) | C22: 0 | D22: =+CV22 -> 0 | E22: ชิ้น | F22: =+D22*C22 -> 0 | G22: =VLOOKUP(A22,'1'!B:BA,52,0) -> 0 | H22: ชิ้น | I22: =+G22*C22 -> 0 | J22: =VLOOKUP(A22,'2'!B:BA,52,0) -> 0 | K22: ชิ้น | L22: =+J22*C22 -> 0 | M22: =VLOOKUP(A22,'3'!B:BA,52,0) -> 0 | N22: ชิ้น | O22: =+M22*C22 -> 0 | P22: =VLOOKUP(A22,'4'!B:BA,52,0) -> 0 | Q22: ชิ้น | R22: =+P22*C22 -> 0 | S22: =VLOOKUP(A22,'5'!B:BA,52,0) -> 0 | T22: ชิ้น | U22: =+S22*C22 -> 0 | V22: =VLOOKUP(A22,'6'!B:BA,52,0) -> 0 | W22: ชิ้น | X22: =+V22*C22 -> 0 | Y22: =VLOOKUP(A22,'7'!B:BA,52,0) -> 0 | Z22: ชิ้น | AA22: =+Y22*C22 -> 0 | AB22: =VLOOKUP(A22,'8'!B:BA,52,0) -> 0 | AC22: ชิ้น | AD22: =+AB22*C22 -> 0 | AE22: =VLOOKUP(A22,'9'!B:BA,52,0) -> 0 | AF22: ชิ้น | AG22: =+AE22*C22 -> 0 | AH22: =VLOOKUP(A22,'10'!B:BA,52,0) -> 0 | AI22: ชิ้น | AJ22: =+AH22*C22 -> 0 | AK22: =VLOOKUP(A22,'11'!B:BA,52,0) -> 0 | AL22: ชิ้น | AM22: =+AK22*C22 -> 0 | AN22: =VLOOKUP(A22,'12'!B:BA,52,0) -> 0 | AO22: ชิ้น | AP22: =+AN22*C22 -> 0 | AQ22: =VLOOKUP(A22,'13'!B:BA,52,0) -> 0 | AR22: ชิ้น | AS22: =+AQ22*C22 -> 0 | AT22: =VLOOKUP(A22,'14'!B:BA,52,0) -> 0 | AU22: ชิ้น | AV22: =+AT22*C22 -> 0 | AW22: =VLOOKUP(A22,'15'!B:BA,52,0) -> 0 | AX22: ชิ้น | AY22: =+AW22*C22 -> 0 | AZ22: =VLOOKUP(A22,'16'!B:BA,52,0) -> 0 | BA22: ชิ้น | BB22: =+AZ22*C22 -> 0 | BC22: =VLOOKUP(A22,'17'!B:BA,52,0) -> 0 | BD22: ชิ้น | BE22: =+BC22*C22 -> 0 | BF22: =VLOOKUP(A22,'18'!B:BA,52,0) -> 0 | BG22: ชิ้น | BH22: =+BF22*C22 -> 0 | BI22: =VLOOKUP(A22,'19'!B:BA,52,0) -> 0 | BJ22: ชิ้น | BK22: =+BI22*C22 -> 0 | BL22: =VLOOKUP(A22,'20'!B:BA,52,0) -> 0 | BM22: ชิ้น | BN22: =+BL22*C22 -> 0 | BO22: =VLOOKUP(A22,'21'!B:BA,52,0) -> 0 | BP22: ชิ้น | BQ22: =+BO22*C22 -> 0 | BR22: =VLOOKUP(A22,'22'!B:BA,52,0) -> 0 | BS22: ชิ้น | BT22: =+BR22*C22 -> 0 | BU22: =VLOOKUP(A22,'23'!B:BA,52,0) -> 0 | BV22: ชิ้น | BW22: =+BU22*C22 -> 0 | BX22: =VLOOKUP(A22,'24'!B:BA,52,0) -> 0 | BY22: ชิ้น | BZ22: =+BX22*C22 -> 0 | CA22: =VLOOKUP(A22,'25'!B:BA,52,0) -> 0 | CB22: ชิ้น | CC22: =+CA22*C22 -> 0 | CD22: =VLOOKUP(A22,'26'!B:BA,52,0) -> 0 | CE22: ชิ้น | CF22: =+CD22*C22 -> 0 | CG22: =VLOOKUP(A22,'27'!B:BA,52,0) -> 0 | CH22: ชิ้น | CI22: =+CG22*C22 -> 0 | CJ22: =VLOOKUP(A22,'28'!B:BA,52,0) -> 0 | CK22: ชิ้น | CL22: =+CJ22*C22 -> 0 | CM22: =VLOOKUP(A22,'29'!B:BA,52,0) -> 0 | CN22: ชิ้น | CO22: =+CM22*C22 -> 0 | CP22: =VLOOKUP(A22,'30'!B:BA,52,0) -> 0 | CQ22: ชิ้น | CR22: =+CP22*C22 -> 0 | CS22: =VLOOKUP(A22,'31'!B:BA,52,0) -> 0 | CT22: ชิ้น | CU22: =+CS22*C22 -> 0 | CV22: =VLOOKUP(A22,สรุป!B:BA,52,0) -> 0 | CW22: ชิ้น | CX22: =+CV22*C22 -> 0
A23: 1111082 | B23: ชิฟฟ่อนสอดไส้ 1 ชิ้น ชิฟฟ่อนเค้ก เลือกรสชาติได้ (ใบเตย) | C23: 0 | D23: =+CV23 -> 0 | E23: ชิ้น | F23: =+D23*C23 -> 0 | G23: =VLOOKUP(A23,'1'!B:BA,52,0) -> 0 | H23: ชิ้น | I23: =+G23*C23 -> 0 | J23: =VLOOKUP(A23,'2'!B:BA,52,0) -> 0 | K23: ชิ้น | L23: =+J23*C23 -> 0 | M23: =VLOOKUP(A23,'3'!B:BA,52,0) -> 0 | N23: ชิ้น | O23: =+M23*C23 -> 0 | P23: =VLOOKUP(A23,'4'!B:BA,52,0) -> 0 | Q23: ชิ้น | R23: =+P23*C23 -> 0 | S23: =VLOOKUP(A23,'5'!B:BA,52,0) -> 0 | T23: ชิ้น | U23: =+S23*C23 -> 0 | V23: =VLOOKUP(A23,'6'!B:BA,52,0) -> 0 | W23: ชิ้น | X23: =+V23*C23 -> 0 | Y23: =VLOOKUP(A23,'7'!B:BA,52,0) -> 0 | Z23: ชิ้น | AA23: =+Y23*C23 -> 0 | AB23: =VLOOKUP(A23,'8'!B:BA,52,0) -> 0 | AC23: ชิ้น | AD23: =+AB23*C23 -> 0 | AE23: =VLOOKUP(A23,'9'!B:BA,52,0) -> 0 | AF23: ชิ้น | AG23: =+AE23*C23 -> 0 | AH23: =VLOOKUP(A23,'10'!B:BA,52,0) -> 0 | AI23: ชิ้น | AJ23: =+AH23*C23 -> 0 | AK23: =VLOOKUP(A23,'11'!B:BA,52,0) -> 0 | AL23: ชิ้น | AM23: =+AK23*C23 -> 0 | AN23: =VLOOKUP(A23,'12'!B:BA,52,0) -> 0 | AO23: ชิ้น | AP23: =+AN23*C23 -> 0 | AQ23: =VLOOKUP(A23,'13'!B:BA,52,0) -> 0 | AR23: ชิ้น | AS23: =+AQ23*C23 -> 0 | AT23: =VLOOKUP(A23,'14'!B:BA,52,0) -> 0 | AU23: ชิ้น | AV23: =+AT23*C23 -> 0 | AW23: =VLOOKUP(A23,'15'!B:BA,52,0) -> 0 | AX23: ชิ้น | AY23: =+AW23*C23 -> 0 | AZ23: =VLOOKUP(A23,'16'!B:BA,52,0) -> 0 | BA23: ชิ้น | BB23: =+AZ23*C23 -> 0 | BC23: =VLOOKUP(A23,'17'!B:BA,52,0) -> 0 | BD23: ชิ้น | BE23: =+BC23*C23 -> 0 | BF23: =VLOOKUP(A23,'18'!B:BA,52,0) -> 0 | BG23: ชิ้น | BH23: =+BF23*C23 -> 0 | BI23: =VLOOKUP(A23,'19'!B:BA,52,0) -> 0 | BJ23: ชิ้น | BK23: =+BI23*C23 -> 0 | BL23: =VLOOKUP(A23,'20'!B:BA,52,0) -> 0 | BM23: ชิ้น | BN23: =+BL23*C23 -> 0 | BO23: =VLOOKUP(A23,'21'!B:BA,52,0) -> 0 | BP23: ชิ้น | BQ23: =+BO23*C23 -> 0 | BR23: =VLOOKUP(A23,'22'!B:BA,52,0) -> 0 | BS23: ชิ้น | BT23: =+BR23*C23 -> 0 | BU23: =VLOOKUP(A23,'23'!B:BA,52,0) -> 0 | BV23: ชิ้น | BW23: =+BU23*C23 -> 0 | BX23: =VLOOKUP(A23,'24'!B:BA,52,0) -> 0 | BY23: ชิ้น | BZ23: =+BX23*C23 -> 0 | CA23: =VLOOKUP(A23,'25'!B:BA,52,0) -> 0 | CB23: ชิ้น | CC23: =+CA23*C23 -> 0 | CD23: =VLOOKUP(A23,'26'!B:BA,52,0) -> 0 | CE23: ชิ้น | CF23: =+CD23*C23 -> 0 | CG23: =VLOOKUP(A23,'27'!B:BA,52,0) -> 0 | CH23: ชิ้น | CI23: =+CG23*C23 -> 0 | CJ23: =VLOOKUP(A23,'28'!B:BA,52,0) -> 0 | CK23: ชิ้น | CL23: =+CJ23*C23 -> 0 | CM23: =VLOOKUP(A23,'29'!B:BA,52,0) -> 0 | CN23: ชิ้น | CO23: =+CM23*C23 -> 0 | CP23: =VLOOKUP(A23,'30'!B:BA,52,0) -> 0 | CQ23: ชิ้น | CR23: =+CP23*C23 -> 0 | CS23: =VLOOKUP(A23,'31'!B:BA,52,0) -> 0 | CT23: ชิ้น | CU23: =+CS23*C23 -> 0 | CV23: =VLOOKUP(A23,สรุป!B:BA,52,0) -> 0 | CW23: ชิ้น | CX23: =+CV23*C23 -> 0
A24: 1111083 | B24: ชิฟฟ่อนสอดไส้ 1 ชิ้น ชิฟฟ่อนเค้ก เลือกรสชาติได้ (เมล่อน) | C24: 0 | D24: =+CV24 -> 0 | E24: ชิ้น | F24: =+D24*C24 -> 0 | G24: =VLOOKUP(A24,'1'!B:BA,52,0) -> 0 | H24: ชิ้น | I24: =+G24*C24 -> 0 | J24: =VLOOKUP(A24,'2'!B:BA,52,0) -> 0 | K24: ชิ้น | L24: =+J24*C24 -> 0 | M24: =VLOOKUP(A24,'3'!B:BA,52,0) -> 0 | N24: ชิ้น | O24: =+M24*C24 -> 0 | P24: =VLOOKUP(A24,'4'!B:BA,52,0) -> 0 | Q24: ชิ้น | R24: =+P24*C24 -> 0 | S24: =VLOOKUP(A24,'5'!B:BA,52,0) -> 0 | T24: ชิ้น | U24: =+S24*C24 -> 0 | V24: =VLOOKUP(A24,'6'!B:BA,52,0) -> 0 | W24: ชิ้น | X24: =+V24*C24 -> 0 | Y24: =VLOOKUP(A24,'7'!B:BA,52,0) -> 0 | Z24: ชิ้น | AA24: =+Y24*C24 -> 0 | AB24: =VLOOKUP(A24,'8'!B:BA,52,0) -> 0 | AC24: ชิ้น | AD24: =+AB24*C24 -> 0 | AE24: =VLOOKUP(A24,'9'!B:BA,52,0) -> 0 | AF24: ชิ้น | AG24: =+AE24*C24 -> 0 | AH24: =VLOOKUP(A24,'10'!B:BA,52,0) -> 0 | AI24: ชิ้น | AJ24: =+AH24*C24 -> 0 | AK24: =VLOOKUP(A24,'11'!B:BA,52,0) -> 0 | AL24: ชิ้น | AM24: =+AK24*C24 -> 0 | AN24: =VLOOKUP(A24,'12'!B:BA,52,0) -> 0 | AO24: ชิ้น | AP24: =+AN24*C24 -> 0 | AQ24: =VLOOKUP(A24,'13'!B:BA,52,0) -> 0 | AR24: ชิ้น | AS24: =+AQ24*C24 -> 0 | AT24: =VLOOKUP(A24,'14'!B:BA,52,0) -> 0 | AU24: ชิ้น | AV24: =+AT24*C24 -> 0 | AW24: =VLOOKUP(A24,'15'!B:BA,52,0) -> 0 | AX24: ชิ้น | AY24: =+AW24*C24 -> 0 | AZ24: =VLOOKUP(A24,'16'!B:BA,52,0) -> 0 | BA24: ชิ้น | BB24: =+AZ24*C24 -> 0 | BC24: =VLOOKUP(A24,'17'!B:BA,52,0) -> 0 | BD24: ชิ้น | BE24: =+BC24*C24 -> 0 | BF24: =VLOOKUP(A24,'18'!B:BA,52,0) -> 0 | BG24: ชิ้น | BH24: =+BF24*C24 -> 0 | BI24: =VLOOKUP(A24,'19'!B:BA,52,0) -> 0 | BJ24: ชิ้น | BK24: =+BI24*C24 -> 0 | BL24: =VLOOKUP(A24,'20'!B:BA,52,0) -> 0 | BM24: ชิ้น | BN24: =+BL24*C24 -> 0 | BO24: =VLOOKUP(A24,'21'!B:BA,52,0) -> 0 | BP24: ชิ้น | BQ24: =+BO24*C24 -> 0 | BR24: =VLOOKUP(A24,'22'!B:BA,52,0) -> 0 | BS24: ชิ้น | BT24: =+BR24*C24 -> 0 | BU24: =VLOOKUP(A24,'23'!B:BA,52,0) -> 0 | BV24: ชิ้น | BW24: =+BU24*C24 -> 0 | BX24: =VLOOKUP(A24,'24'!B:BA,52,0) -> 0 | BY24: ชิ้น | BZ24: =+BX24*C24 -> 0 | CA24: =VLOOKUP(A24,'25'!B:BA,52,0) -> 0 | CB24: ชิ้น | CC24: =+CA24*C24 -> 0 | CD24: =VLOOKUP(A24,'26'!B:BA,52,0) -> 0 | CE24: ชิ้น | CF24: =+CD24*C24 -> 0 | CG24: =VLOOKUP(A24,'27'!B:BA,52,0) -> 0 | CH24: ชิ้น | CI24: =+CG24*C24 -> 0 | CJ24: =VLOOKUP(A24,'28'!B:BA,52,0) -> 0 | CK24: ชิ้น | CL24: =+CJ24*C24 -> 0 | CM24: =VLOOKUP(A24,'29'!B:BA,52,0) -> 0 | CN24: ชิ้น | CO24: =+CM24*C24 -> 0 | CP24: =VLOOKUP(A24,'30'!B:BA,52,0) -> 0 | CQ24: ชิ้น | CR24: =+CP24*C24 -> 0 | CS24: =VLOOKUP(A24,'31'!B:BA,52,0) -> 0 | CT24: ชิ้น | CU24: =+CS24*C24 -> 0 | CV24: =VLOOKUP(A24,สรุป!B:BA,52,0) -> 0 | CW24: ชิ้น | CX24: =+CV24*C24 -> 0
A25: 1112003 | B25: เค้กเบาหวิวเล็ก 1กล่องขนาด 100 กรัม (กาแฟ) | C25: 19.06 | D25: =+CV25 -> 2385 | E25: กล่อง | F25: =+D25*C25 -> 45458.1 | G25: =VLOOKUP(A25,'1'!B:BA,52,0) -> 141 | H25: กล่อง | I25: =+G25*C25 -> 2687.46 | J25: =VLOOKUP(A25,'2'!B:BA,52,0) -> 67 | K25: กล่อง | L25: =+J25*C25 -> 1277.02 | M25: =VLOOKUP(A25,'3'!B:BA,52,0) -> 77 | N25: กล่อง | O25: =+M25*C25 -> 1467.62 | P25: =VLOOKUP(A25,'4'!B:BA,52,0) -> 77 | Q25: กล่อง | R25: =+P25*C25 -> 1467.62 | S25: =VLOOKUP(A25,'5'!B:BA,52,0) -> 77 | T25: กล่อง | U25: =+S25*C25 -> 1467.62 | V25: =VLOOKUP(A25,'6'!B:BA,52,0) -> 77 | W25: กล่อง | X25: =+V25*C25 -> 1467.62 | Y25: =VLOOKUP(A25,'7'!B:BA,52,0) -> 77 | Z25: กล่อง | AA25: =+Y25*C25 -> 1467.62 | AB25: =VLOOKUP(A25,'8'!B:BA,52,0) -> 65 | AC25: กล่อง | AD25: =+AB25*C25 -> 1238.9 | AE25: =VLOOKUP(A25,'9'!B:BA,52,0) -> 97 | AF25: กล่อง | AG25: =+AE25*C25 -> 1848.82 | AH25: =VLOOKUP(A25,'10'!B:BA,52,0) -> 72 | AI25: กล่อง | AJ25: =+AH25*C25 -> 1372.32 | AK25: =VLOOKUP(A25,'11'!B:BA,52,0) -> 79 | AL25: กล่อง | AM25: =+AK25*C25 -> 1505.74 | AN25: =VLOOKUP(A25,'12'!B:BA,52,0) -> 69 | AO25: กล่อง | AP25: =+AN25*C25 -> 1315.14 | AQ25: =VLOOKUP(A25,'13'!B:BA,52,0) -> 65 | AR25: กล่อง | AS25: =+AQ25*C25 -> 1238.9 | AT25: =VLOOKUP(A25,'14'!B:BA,52,0) -> 67 | AU25: กล่อง | AV25: =+AT25*C25 -> 1277.02 | AW25: =VLOOKUP(A25,'15'!B:BA,52,0) -> 69 | AX25: กล่อง | AY25: =+AW25*C25 -> 1315.14 | AZ25: =VLOOKUP(A25,'16'!B:BA,52,0) -> 106 | BA25: กล่อง | BB25: =+AZ25*C25 -> 2020.36 | BC25: =VLOOKUP(A25,'17'!B:BA,52,0) -> 72 | BD25: กล่อง | BE25: =+BC25*C25 -> 1372.32 | BF25: =VLOOKUP(A25,'18'!B:BA,52,0) -> 67 | BG25: กล่อง | BH25: =+BF25*C25 -> 1277.02 | BI25: =VLOOKUP(A25,'19'!B:BA,52,0) -> 59 | BJ25: กล่อง | BK25: =+BI25*C25 -> 1124.54 | BL25: =VLOOKUP(A25,'20'!B:BA,52,0) -> 47 | BM25: กล่อง | BN25: =+BL25*C25 -> 895.82 | BO25: =VLOOKUP(A25,'21'!B:BA,52,0) -> 74 | BP25: กล่อง | BQ25: =+BO25*C25 -> 1410.44 | BR25: =VLOOKUP(A25,'22'!B:BA,52,0) -> 143 | BS25: กล่อง | BT25: =+BR25*C25 -> 2725.58 | BU25: =VLOOKUP(A25,'23'!B:BA,52,0) -> 120 | BV25: กล่อง | BW25: =+BU25*C25 -> 2287.2 | BX25: =VLOOKUP(A25,'24'!B:BA,52,0) -> 64 | BY25: กล่อง | BZ25: =+BX25*C25 -> 1219.84 | CA25: =VLOOKUP(A25,'25'!B:BA,52,0) -> 95 | CB25: กล่อง | CC25: =+CA25*C25 -> 1810.7 | CD25: =VLOOKUP(A25,'26'!B:BA,52,0) -> 56 | CE25: กล่อง | CF25: =+CD25*C25 -> 1067.36 | CG25: =VLOOKUP(A25,'27'!B:BA,52,0) -> 53 | CH25: กล่อง | CI25: =+CG25*C25 -> 1010.18 | CJ25: =VLOOKUP(A25,'28'!B:BA,52,0) -> 42 | CK25: กล่อง | CL25: =+CJ25*C25 -> 800.52 | CM25: =VLOOKUP(A25,'29'!B:BA,52,0) -> 97 | CN25: กล่อง | CO25: =+CM25*C25 -> 1848.82 | CP25: =VLOOKUP(A25,'30'!B:BA,52,0) -> 67 | CQ25: กล่อง | CR25: =+CP25*C25 -> 1277.02 | CS25: =VLOOKUP(A25,'31'!B:BA,52,0) -> 141 | CT25: กล่อง | CU25: =+CS25*C25 -> 2687.46 | CV25: =VLOOKUP(A25,สรุป!B:BA,52,0) -> 2385 | CW25: กล่อง | CX25: =+CV25*C25 -> 45458.1
A26: 1112005 | B26: เค้กเบาหวิวเล็ก 1กล่องขนาด 100 กรัม (เนยนม) | C26: 17.8 | D26: =+CV26 -> 2327 | E26: กล่อง | F26: =+D26*C26 -> 41420.6 | G26: =VLOOKUP(A26,'1'!B:BA,52,0) -> 139 | H26: กล่อง | I26: =+G26*C26 -> 2474.2 | J26: =VLOOKUP(A26,'2'!B:BA,52,0) -> 59 | K26: กล่อง | L26: =+J26*C26 -> 1050.2 | M26: =VLOOKUP(A26,'3'!B:BA,52,0) -> 73 | N26: กล่อง | O26: =+M26*C26 -> 1299.4 | P26: =VLOOKUP(A26,'4'!B:BA,52,0) -> 73 | Q26: กล่อง | R26: =+P26*C26 -> 1299.4 | S26: =VLOOKUP(A26,'5'!B:BA,52,0) -> 73 | T26: กล่อง | U26: =+S26*C26 -> 1299.4 | V26: =VLOOKUP(A26,'6'!B:BA,52,0) -> 73 | W26: กล่อง | X26: =+V26*C26 -> 1299.4 | Y26: =VLOOKUP(A26,'7'!B:BA,52,0) -> 73 | Z26: กล่อง | AA26: =+Y26*C26 -> 1299.4 | AB26: =VLOOKUP(A26,'8'!B:BA,52,0) -> 60 | AC26: กล่อง | AD26: =+AB26*C26 -> 1068 | AE26: =VLOOKUP(A26,'9'!B:BA,52,0) -> 98 | AF26: กล่อง | AG26: =+AE26*C26 -> 1744.4 | AH26: =VLOOKUP(A26,'10'!B:BA,52,0) -> 72 | AI26: กล่อง | AJ26: =+AH26*C26 -> 1281.6 | AK26: =VLOOKUP(A26,'11'!B:BA,52,0) -> 74 | AL26: กล่อง | AM26: =+AK26*C26 -> 1317.2 | AN26: =VLOOKUP(A26,'12'!B:BA,52,0) -> 64 | AO26: กล่อง | AP26: =+AN26*C26 -> 1139.2 | AQ26: =VLOOKUP(A26,'13'!B:BA,52,0) -> 65 | AR26: กล่อง | AS26: =+AQ26*C26 -> 1157 | AT26: =VLOOKUP(A26,'14'!B:BA,52,0) -> 63 | AU26: กล่อง | AV26: =+AT26*C26 -> 1121.4 | AW26: =VLOOKUP(A26,'15'!B:BA,52,0) -> 68 | AX26: กล่อง | AY26: =+AW26*C26 -> 1210.4 | AZ26: =VLOOKUP(A26,'16'!B:BA,52,0) -> 105 | BA26: กล่อง | BB26: =+AZ26*C26 -> 1869 | BC26: =VLOOKUP(A26,'17'!B:BA,52,0) -> 77 | BD26: กล่อง | BE26: =+BC26*C26 -> 1370.6 | BF26: =VLOOKUP(A26,'18'!B:BA,52,0) -> 67 | BG26: กล่อง | BH26: =+BF26*C26 -> 1192.6 | BI26: =VLOOKUP(A26,'19'!B:BA,52,0) -> 59 | BJ26: กล่อง | BK26: =+BI26*C26 -> 1050.2 | BL26: =VLOOKUP(A26,'20'!B:BA,52,0) -> 47 | BM26: กล่อง | BN26: =+BL26*C26 -> 836.6 | BO26: =VLOOKUP(A26,'21'!B:BA,52,0) -> 74 | BP26: กล่อง | BQ26: =+BO26*C26 -> 1317.2 | BR26: =VLOOKUP(A26,'22'!B:BA,52,0) -> 134 | BS26: กล่อง | BT26: =+BR26*C26 -> 2385.2 | BU26: =VLOOKUP(A26,'23'!B:BA,52,0) -> 120 | BV26: กล่อง | BW26: =+BU26*C26 -> 2136 | BX26: =VLOOKUP(A26,'24'!B:BA,52,0) -> 64 | BY26: กล่อง | BZ26: =+BX26*C26 -> 1139.2 | CA26: =VLOOKUP(A26,'25'!B:BA,52,0) -> 95 | CB26: กล่อง | CC26: =+CA26*C26 -> 1691 | CD26: =VLOOKUP(A26,'26'!B:BA,52,0) -> 55 | CE26: กล่อง | CF26: =+CD26*C26 -> 979 | CG26: =VLOOKUP(A26,'27'!B:BA,52,0) -> 53 | CH26: กล่อง | CI26: =+CG26*C26 -> 943.4 | CJ26: =VLOOKUP(A26,'28'!B:BA,52,0) -> 42 | CK26: กล่อง | CL26: =+CJ26*C26 -> 747.6 | CM26: =VLOOKUP(A26,'29'!B:BA,52,0) -> 96 | CN26: กล่อง | CO26: =+CM26*C26 -> 1708.8 | CP26: =VLOOKUP(A26,'30'!B:BA,52,0) -> 66 | CQ26: กล่อง | CR26: =+CP26*C26 -> 1174.8 | CS26: =VLOOKUP(A26,'31'!B:BA,52,0) -> 139 | CT26: กล่อง | CU26: =+CS26*C26 -> 2474.2 | CV26: =VLOOKUP(A26,สรุป!B:BA,52,0) -> 2327 | CW26: กล่อง | CX26: =+CV26*C26 -> 41420.6
A27: 1112009 | B27: เค้กเบาหวิวเล็ก 1กล่องขนาด 100 กรัม (มะพร้าว) | C27: 15.6 | D27: =+CV27 -> 2376 | E27: กล่อง | F27: =+D27*C27 -> 37065.6 | G27: =VLOOKUP(A27,'1'!B:BA,52,0) -> 136 | H27: กล่อง | I27: =+G27*C27 -> 2121.6 | J27: =VLOOKUP(A27,'2'!B:BA,52,0) -> 59 | K27: กล่อง | L27: =+J27*C27 -> 920.4 | M27: =VLOOKUP(A27,'3'!B:BA,52,0) -> 75 | N27: กล่อง | O27: =+M27*C27 -> 1170 | P27: =VLOOKUP(A27,'4'!B:BA,52,0) -> 75 | Q27: กล่อง | R27: =+P27*C27 -> 1170 | S27: =VLOOKUP(A27,'5'!B:BA,52,0) -> 75 | T27: กล่อง | U27: =+S27*C27 -> 1170 | V27: =VLOOKUP(A27,'6'!B:BA,52,0) -> 75 | W27: กล่อง | X27: =+V27*C27 -> 1170 | Y27: =VLOOKUP(A27,'7'!B:BA,52,0) -> 75 | Z27: กล่อง | AA27: =+Y27*C27 -> 1170 | AB27: =VLOOKUP(A27,'8'!B:BA,52,0) -> 60 | AC27: กล่อง | AD27: =+AB27*C27 -> 936 | AE27: =VLOOKUP(A27,'9'!B:BA,52,0) -> 93 | AF27: กล่อง | AG27: =+AE27*C27 -> 1450.8 | AH27: =VLOOKUP(A27,'10'!B:BA,52,0) -> 73 | AI27: กล่อง | AJ27: =+AH27*C27 -> 1138.8 | AK27: =VLOOKUP(A27,'11'!B:BA,52,0) -> 78 | AL27: กล่อง | AM27: =+AK27*C27 -> 1216.8 | AN27: =VLOOKUP(A27,'12'!B:BA,52,0) -> 66 | AO27: กล่อง | AP27: =+AN27*C27 -> 1029.6 | AQ27: =VLOOKUP(A27,'13'!B:BA,52,0) -> 67 | AR27: กล่อง | AS27: =+AQ27*C27 -> 1045.2 | AT27: =VLOOKUP(A27,'14'!B:BA,52,0) -> 65 | AU27: กล่อง | AV27: =+AT27*C27 -> 1014 | AW27: =VLOOKUP(A27,'15'!B:BA,52,0) -> 74 | AX27: กล่อง | AY27: =+AW27*C27 -> 1154.4 | AZ27: =VLOOKUP(A27,'16'!B:BA,52,0) -> 105 | BA27: กล่อง | BB27: =+AZ27*C27 -> 1638 | BC27: =VLOOKUP(A27,'17'!B:BA,52,0) -> 77 | BD27: กล่อง | BE27: =+BC27*C27 -> 1201.2 | BF27: =VLOOKUP(A27,'18'!B:BA,52,0) -> 70 | BG27: กล่อง | BH27: =+BF27*C27 -> 1092 | BI27: =VLOOKUP(A27,'19'!B:BA,52,0) -> 59 | BJ27: กล่อง | BK27: =+BI27*C27 -> 920.4 | BL27: =VLOOKUP(A27,'20'!B:BA,52,0) -> 49 | BM27: กล่อง | BN27: =+BL27*C27 -> 764.4 | BO27: =VLOOKUP(A27,'21'!B:BA,52,0) -> 75 | BP27: กล่อง | BQ27: =+BO27*C27 -> 1170 | BR27: =VLOOKUP(A27,'22'!B:BA,52,0) -> 143 | BS27: กล่อง | BT27: =+BR27*C27 -> 2230.8 | BU27: =VLOOKUP(A27,'23'!B:BA,52,0) -> 120 | BV27: กล่อง | BW27: =+BU27*C27 -> 1872 | BX27: =VLOOKUP(A27,'24'!B:BA,52,0) -> 64 | BY27: กล่อง | BZ27: =+BX27*C27 -> 998.4 | CA27: =VLOOKUP(A27,'25'!B:BA,52,0) -> 104 | CB27: กล่อง | CC27: =+CA27*C27 -> 1622.4 | CD27: =VLOOKUP(A27,'26'!B:BA,52,0) -> 56 | CE27: กล่อง | CF27: =+CD27*C27 -> 873.6 | CG27: =VLOOKUP(A27,'27'!B:BA,52,0) -> 53 | CH27: กล่อง | CI27: =+CG27*C27 -> 826.8 | CJ27: =VLOOKUP(A27,'28'!B:BA,52,0) -> 43 | CK27: กล่อง | CL27: =+CJ27*C27 -> 670.8 | CM27: =VLOOKUP(A27,'29'!B:BA,52,0) -> 96 | CN27: กล่อง | CO27: =+CM27*C27 -> 1497.6 | CP27: =VLOOKUP(A27,'30'!B:BA,52,0) -> 70 | CQ27: กล่อง | CR27: =+CP27*C27 -> 1092 | CS27: =VLOOKUP(A27,'31'!B:BA,52,0) -> 136 | CT27: กล่อง | CU27: =+CS27*C27 -> 2121.6 | CV27: =VLOOKUP(A27,สรุป!B:BA,52,0) -> 2376 | CW27: กล่อง | CX27: =+CV27*C27 -> 37065.6
A28: 1112011 | B28: เค้กเบาหวิวเล็ก 1กล่องขนาด 100 กรัม (ฝอยทอง) | C28: 14.59 | D28: =+CV28 -> 2481 | E28: กล่อง | F28: =+D28*C28 -> 36197.79 | G28: =VLOOKUP(A28,'1'!B:BA,52,0) -> 146 | H28: กล่อง | I28: =+G28*C28 -> 2130.14 | J28: =VLOOKUP(A28,'2'!B:BA,52,0) -> 71 | K28: กล่อง | L28: =+J28*C28 -> 1035.89 | M28: =VLOOKUP(A28,'3'!B:BA,52,0) -> 76 | N28: กล่อง | O28: =+M28*C28 -> 1108.84 | P28: =VLOOKUP(A28,'4'!B:BA,52,0) -> 76 | Q28: กล่อง | R28: =+P28*C28 -> 1108.84 | S28: =VLOOKUP(A28,'5'!B:BA,52,0) -> 76 | T28: กล่อง | U28: =+S28*C28 -> 1108.84 | V28: =VLOOKUP(A28,'6'!B:BA,52,0) -> 76 | W28: กล่อง | X28: =+V28*C28 -> 1108.84 | Y28: =VLOOKUP(A28,'7'!B:BA,52,0) -> 76 | Z28: กล่อง | AA28: =+Y28*C28 -> 1108.84 | AB28: =VLOOKUP(A28,'8'!B:BA,52,0) -> 62 | AC28: กล่อง | AD28: =+AB28*C28 -> 904.58 | AE28: =VLOOKUP(A28,'9'!B:BA,52,0) -> 94 | AF28: กล่อง | AG28: =+AE28*C28 -> 1371.46 | AH28: =VLOOKUP(A28,'10'!B:BA,52,0) -> 73 | AI28: กล่อง | AJ28: =+AH28*C28 -> 1065.07 | AK28: =VLOOKUP(A28,'11'!B:BA,52,0) -> 89 | AL28: กล่อง | AM28: =+AK28*C28 -> 1298.51 | AN28: =VLOOKUP(A28,'12'!B:BA,52,0) -> 77 | AO28: กล่อง | AP28: =+AN28*C28 -> 1123.43 | AQ28: =VLOOKUP(A28,'13'!B:BA,52,0) -> 68 | AR28: กล่อง | AS28: =+AQ28*C28 -> 992.12 | AT28: =VLOOKUP(A28,'14'!B:BA,52,0) -> 70 | AU28: กล่อง | AV28: =+AT28*C28 -> 1021.3 | AW28: =VLOOKUP(A28,'15'!B:BA,52,0) -> 73 | AX28: กล่อง | AY28: =+AW28*C28 -> 1065.07 | AZ28: =VLOOKUP(A28,'16'!B:BA,52,0) -> 110 | BA28: กล่อง | BB28: =+AZ28*C28 -> 1604.9 | BC28: =VLOOKUP(A28,'17'!B:BA,52,0) -> 89 | BD28: กล่อง | BE28: =+BC28*C28 -> 1298.51 | BF28: =VLOOKUP(A28,'18'!B:BA,52,0) -> 71 | BG28: กล่อง | BH28: =+BF28*C28 -> 1035.89 | BI28: =VLOOKUP(A28,'19'!B:BA,52,0) -> 62 | BJ28: กล่อง | BK28: =+BI28*C28 -> 904.58 | BL28: =VLOOKUP(A28,'20'!B:BA,52,0) -> 49 | BM28: กล่อง | BN28: =+BL28*C28 -> 714.91 | BO28: =VLOOKUP(A28,'21'!B:BA,52,0) -> 73 | BP28: กล่อง | BQ28: =+BO28*C28 -> 1065.07 | BR28: =VLOOKUP(A28,'22'!B:BA,52,0) -> 149 | BS28: กล่อง | BT28: =+BR28*C28 -> 2173.91 | BU28: =VLOOKUP(A28,'23'!B:BA,52,0) -> 120 | BV28: กล่อง | BW28: =+BU28*C28 -> 1750.8 | BX28: =VLOOKUP(A28,'24'!B:BA,52,0) -> 66 | BY28: กล่อง | BZ28: =+BX28*C28 -> 962.94 | CA28: =VLOOKUP(A28,'25'!B:BA,52,0) -> 110 | CB28: กล่อง | CC28: =+CA28*C28 -> 1604.9 | CD28: =VLOOKUP(A28,'26'!B:BA,52,0) -> 60 | CE28: กล่อง | CF28: =+CD28*C28 -> 875.4 | CG28: =VLOOKUP(A28,'27'!B:BA,52,0) -> 53 | CH28: กล่อง | CI28: =+CG28*C28 -> 773.27 | CJ28: =VLOOKUP(A28,'28'!B:BA,52,0) -> 45 | CK28: กล่อง | CL28: =+CJ28*C28 -> 656.55 | CM28: =VLOOKUP(A28,'29'!B:BA,52,0) -> 96 | CN28: กล่อง | CO28: =+CM28*C28 -> 1400.64 | CP28: =VLOOKUP(A28,'30'!B:BA,52,0) -> 72 | CQ28: กล่อง | CR28: =+CP28*C28 -> 1050.48 | CS28: =VLOOKUP(A28,'31'!B:BA,52,0) -> 146 | CT28: กล่อง | CU28: =+CS28*C28 -> 2130.14 | CV28: =VLOOKUP(A28,สรุป!B:BA,52,0) -> 2481 | CW28: กล่อง | CX28: =+CV28*C28 -> 36197.79
A29: 1112013 | B29: เค้กเบาหวิวเล็ก 1กล่องขนาด 100 กรัม (เผือกมะพร้าว) | C29: 16.35 | D29: =+CV29 -> 2362 | E29: กล่อง | F29: =+D29*C29 -> 38618.7 | G29: =VLOOKUP(A29,'1'!B:BA,52,0) -> 141 | H29: กล่อง | I29: =+G29*C29 -> 2305.35 | J29: =VLOOKUP(A29,'2'!B:BA,52,0) -> 62 | K29: กล่อง | L29: =+J29*C29 -> 1013.7 | M29: =VLOOKUP(A29,'3'!B:BA,52,0) -> 71 | N29: กล่อง | O29: =+M29*C29 -> 1160.85 | P29: =VLOOKUP(A29,'4'!B:BA,52,0) -> 71 | Q29: กล่อง | R29: =+P29*C29 -> 1160.85 | S29: =VLOOKUP(A29,'5'!B:BA,52,0) -> 71 | T29: กล่อง | U29: =+S29*C29 -> 1160.85 | V29: =VLOOKUP(A29,'6'!B:BA,52,0) -> 71 | W29: กล่อง | X29: =+V29*C29 -> 1160.85 | Y29: =VLOOKUP(A29,'7'!B:BA,52,0) -> 71 | Z29: กล่อง | AA29: =+Y29*C29 -> 1160.85 | AB29: =VLOOKUP(A29,'8'!B:BA,52,0) -> 61 | AC29: กล่อง | AD29: =+AB29*C29 -> 997.35 | AE29: =VLOOKUP(A29,'9'!B:BA,52,0) -> 93 | AF29: กล่อง | AG29: =+AE29*C29 -> 1520.55 | AH29: =VLOOKUP(A29,'10'!B:BA,52,0) -> 71 | AI29: กล่อง | AJ29: =+AH29*C29 -> 1160.85 | AK29: =VLOOKUP(A29,'11'!B:BA,52,0) -> 78 | AL29: กล่อง | AM29: =+AK29*C29 -> 1275.3 | AN29: =VLOOKUP(A29,'12'!B:BA,52,0) -> 73 | AO29: กล่อง | AP29: =+AN29*C29 -> 1193.55 | AQ29: =VLOOKUP(A29,'13'!B:BA,52,0) -> 63 | AR29: กล่อง | AS29: =+AQ29*C29 -> 1030.05 | AT29: =VLOOKUP(A29,'14'!B:BA,52,0) -> 63 | AU29: กล่อง | AV29: =+AT29*C29 -> 1030.05 | AW29: =VLOOKUP(A29,'15'!B:BA,52,0) -> 66 | AX29: กล่อง | AY29: =+AW29*C29 -> 1079.1 | AZ29: =VLOOKUP(A29,'16'!B:BA,52,0) -> 106 | BA29: กล่อง | BB29: =+AZ29*C29 -> 1733.1 | BC29: =VLOOKUP(A29,'17'!B:BA,52,0) -> 79 | BD29: กล่อง | BE29: =+BC29*C29 -> 1291.65 | BF29: =VLOOKUP(A29,'18'!B:BA,52,0) -> 66 | BG29: กล่อง | BH29: =+BF29*C29 -> 1079.1 | BI29: =VLOOKUP(A29,'19'!B:BA,52,0) -> 57 | BJ29: กล่อง | BK29: =+BI29*C29 -> 931.95 | BL29: =VLOOKUP(A29,'20'!B:BA,52,0) -> 49 | BM29: กล่อง | BN29: =+BL29*C29 -> 801.15 | BO29: =VLOOKUP(A29,'21'!B:BA,52,0) -> 74 | BP29: กล่อง | BQ29: =+BO29*C29 -> 1209.9 | BR29: =VLOOKUP(A29,'22'!B:BA,52,0) -> 146 | BS29: กล่อง | BT29: =+BR29*C29 -> 2387.1 | BU29: =VLOOKUP(A29,'23'!B:BA,52,0) -> 120 | BV29: กล่อง | BW29: =+BU29*C29 -> 1962 | BX29: =VLOOKUP(A29,'24'!B:BA,52,0) -> 64 | BY29: กล่อง | BZ29: =+BX29*C29 -> 1046.4 | CA29: =VLOOKUP(A29,'25'!B:BA,52,0) -> 108 | CB29: กล่อง | CC29: =+CA29*C29 -> 1765.8 | CD29: =VLOOKUP(A29,'26'!B:BA,52,0) -> 61 | CE29: กล่อง | CF29: =+CD29*C29 -> 997.35 | CG29: =VLOOKUP(A29,'27'!B:BA,52,0) -> 55 | CH29: กล่อง | CI29: =+CG29*C29 -> 899.25 | CJ29: =VLOOKUP(A29,'28'!B:BA,52,0) -> 41 | CK29: กล่อง | CL29: =+CJ29*C29 -> 670.35 | CM29: =VLOOKUP(A29,'29'!B:BA,52,0) -> 95 | CN29: กล่อง | CO29: =+CM29*C29 -> 1553.25 | CP29: =VLOOKUP(A29,'30'!B:BA,52,0) -> 70 | CQ29: กล่อง | CR29: =+CP29*C29 -> 1144.5 | CS29: =VLOOKUP(A29,'31'!B:BA,52,0) -> 141 | CT29: กล่อง | CU29: =+CS29*C29 -> 2305.35 | CV29: =VLOOKUP(A29,สรุป!B:BA,52,0) -> 2362 | CW29: กล่อง | CX29: =+CV29*C29 -> 38618.7
A30: 1112015 | B30: เค้กเบาหวิวเล็ก 1กล่องขนาด 100 กรัม (กล้วยหอมมะพร้าวเผา) | C30: 16.09 | D30: =+CV30 -> 2346 | E30: กล่อง | F30: =+D30*C30 -> 37747.14 | G30: =VLOOKUP(A30,'1'!B:BA,52,0) -> 140 | H30: กล่อง | I30: =+G30*C30 -> 2252.6 | J30: =VLOOKUP(A30,'2'!B:BA,52,0) -> 58 | K30: กล่อง | L30: =+J30*C30 -> 933.22 | M30: =VLOOKUP(A30,'3'!B:BA,52,0) -> 71 | N30: กล่อง | O30: =+M30*C30 -> 1142.39 | P30: =VLOOKUP(A30,'4'!B:BA,52,0) -> 71 | Q30: กล่อง | R30: =+P30*C30 -> 1142.39 | S30: =VLOOKUP(A30,'5'!B:BA,52,0) -> 71 | T30: กล่อง | U30: =+S30*C30 -> 1142.39 | V30: =VLOOKUP(A30,'6'!B:BA,52,0) -> 71 | W30: กล่อง | X30: =+V30*C30 -> 1142.39 | Y30: =VLOOKUP(A30,'7'!B:BA,52,0) -> 71 | Z30: กล่อง | AA30: =+Y30*C30 -> 1142.39 | AB30: =VLOOKUP(A30,'8'!B:BA,52,0) -> 61 | AC30: กล่อง | AD30: =+AB30*C30 -> 981.49 | AE30: =VLOOKUP(A30,'9'!B:BA,52,0) -> 93 | AF30: กล่อง | AG30: =+AE30*C30 -> 1496.37 | AH30: =VLOOKUP(A30,'10'!B:BA,52,0) -> 70 | AI30: กล่อง | AJ30: =+AH30*C30 -> 1126.3 | AK30: =VLOOKUP(A30,'11'!B:BA,52,0) -> 86 | AL30: กล่อง | AM30: =+AK30*C30 -> 1383.74 | AN30: =VLOOKUP(A30,'12'!B:BA,52,0) -> 63 | AO30: กล่อง | AP30: =+AN30*C30 -> 1013.67 | AQ30: =VLOOKUP(A30,'13'!B:BA,52,0) -> 63 | AR30: กล่อง | AS30: =+AQ30*C30 -> 1013.67 | AT30: =VLOOKUP(A30,'14'!B:BA,52,0) -> 63 | AU30: กล่อง | AV30: =+AT30*C30 -> 1013.67 | AW30: =VLOOKUP(A30,'15'!B:BA,52,0) -> 66 | AX30: กล่อง | AY30: =+AW30*C30 -> 1061.94 | AZ30: =VLOOKUP(A30,'16'!B:BA,52,0) -> 105 | BA30: กล่อง | BB30: =+AZ30*C30 -> 1689.45 | BC30: =VLOOKUP(A30,'17'!B:BA,52,0) -> 75 | BD30: กล่อง | BE30: =+BC30*C30 -> 1206.75 | BF30: =VLOOKUP(A30,'18'!B:BA,52,0) -> 73 | BG30: กล่อง | BH30: =+BF30*C30 -> 1174.57 | BI30: =VLOOKUP(A30,'19'!B:BA,52,0) -> 56 | BJ30: กล่อง | BK30: =+BI30*C30 -> 901.04 | BL30: =VLOOKUP(A30,'20'!B:BA,52,0) -> 49 | BM30: กล่อง | BN30: =+BL30*C30 -> 788.41 | BO30: =VLOOKUP(A30,'21'!B:BA,52,0) -> 75 | BP30: กล่อง | BQ30: =+BO30*C30 -> 1206.75 | BR30: =VLOOKUP(A30,'22'!B:BA,52,0) -> 144 | BS30: กล่อง | BT30: =+BR30*C30 -> 2316.96 | BU30: =VLOOKUP(A30,'23'!B:BA,52,0) -> 120 | BV30: กล่อง | BW30: =+BU30*C30 -> 1930.8 | BX30: =VLOOKUP(A30,'24'!B:BA,52,0) -> 65 | BY30: กล่อง | BZ30: =+BX30*C30 -> 1045.85 | CA30: =VLOOKUP(A30,'25'!B:BA,52,0) -> 106 | CB30: กล่อง | CC30: =+CA30*C30 -> 1705.54 | CD30: =VLOOKUP(A30,'26'!B:BA,52,0) -> 54 | CE30: กล่อง | CF30: =+CD30*C30 -> 868.86 | CG30: =VLOOKUP(A30,'27'!B:BA,52,0) -> 55 | CH30: กล่อง | CI30: =+CG30*C30 -> 884.95 | CJ30: =VLOOKUP(A30,'28'!B:BA,52,0) -> 42 | CK30: กล่อง | CL30: =+CJ30*C30 -> 675.78 | CM30: =VLOOKUP(A30,'29'!B:BA,52,0) -> 96 | CN30: กล่อง | CO30: =+CM30*C30 -> 1544.64 | CP30: =VLOOKUP(A30,'30'!B:BA,52,0) -> 68 | CQ30: กล่อง | CR30: =+CP30*C30 -> 1094.12 | CS30: =VLOOKUP(A30,'31'!B:BA,52,0) -> 140 | CT30: กล่อง | CU30: =+CS30*C30 -> 2252.6 | CV30: =VLOOKUP(A30,สรุป!B:BA,52,0) -> 2346 | CW30: กล่อง | CX30: =+CV30*C30 -> 37747.14
A31: 1112017 | B31: เค้กเบาหวิวเล็ก 1กล่องขนาด 100 กรัม (ตาลหอม) | C31: 0 | D31: =+CV31 -> 1388 | E31: กล่อง | F31: =+D31*C31 -> 0 | G31: =VLOOKUP(A31,'1'!B:BA,52,0) -> 141 | H31: กล่อง | I31: =+G31*C31 -> 0 | J31: =VLOOKUP(A31,'2'!B:BA,52,0) -> 0 | K31: กล่อง | L31: =+J31*C31 -> 0 | M31: =VLOOKUP(A31,'3'!B:BA,52,0) -> 0 | N31: กล่อง | O31: =+M31*C31 -> 0 | P31: =VLOOKUP(A31,'4'!B:BA,52,0) -> 0 | Q31: กล่อง | R31: =+P31*C31 -> 0 | S31: =VLOOKUP(A31,'5'!B:BA,52,0) -> 0 | T31: กล่อง | U31: =+S31*C31 -> 0 | V31: =VLOOKUP(A31,'6'!B:BA,52,0) -> 0 | W31: กล่อง | X31: =+V31*C31 -> 0 | Y31: =VLOOKUP(A31,'7'!B:BA,52,0) -> 0 | Z31: กล่อง | AA31: =+Y31*C31 -> 0 | AB31: =VLOOKUP(A31,'8'!B:BA,52,0) -> 0 | AC31: กล่อง | AD31: =+AB31*C31 -> 0 | AE31: =VLOOKUP(A31,'9'!B:BA,52,0) -> 0 | AF31: กล่อง | AG31: =+AE31*C31 -> 0 | AH31: =VLOOKUP(A31,'10'!B:BA,52,0) -> 0 | AI31: กล่อง | AJ31: =+AH31*C31 -> 0 | AK31: =VLOOKUP(A31,'11'!B:BA,52,0) -> 0 | AL31: กล่อง | AM31: =+AK31*C31 -> 0 | AN31: =VLOOKUP(A31,'12'!B:BA,52,0) -> 0 | AO31: กล่อง | AP31: =+AN31*C31 -> 0 | AQ31: =VLOOKUP(A31,'13'!B:BA,52,0) -> 0 | AR31: กล่อง | AS31: =+AQ31*C31 -> 0 | AT31: =VLOOKUP(A31,'14'!B:BA,52,0) -> 0 | AU31: กล่อง | AV31: =+AT31*C31 -> 0 | AW31: =VLOOKUP(A31,'15'!B:BA,52,0) -> 0 | AX31: กล่อง | AY31: =+AW31*C31 -> 0 | AZ31: =VLOOKUP(A31,'16'!B:BA,52,0) -> 50 | BA31: กล่อง | BB31: =+AZ31*C31 -> 0 | BC31: =VLOOKUP(A31,'17'!B:BA,52,0) -> 73 | BD31: กล่อง | BE31: =+BC31*C31 -> 0 | BF31: =VLOOKUP(A31,'18'!B:BA,52,0) -> 66 | BG31: กล่อง | BH31: =+BF31*C31 -> 0 | BI31: =VLOOKUP(A31,'19'!B:BA,52,0) -> 55 | BJ31: กล่อง | BK31: =+BI31*C31 -> 0 | BL31: =VLOOKUP(A31,'20'!B:BA,52,0) -> 48 | BM31: กล่อง | BN31: =+BL31*C31 -> 0 | BO31: =VLOOKUP(A31,'21'!B:BA,52,0) -> 74 | BP31: กล่อง | BQ31: =+BO31*C31 -> 0 | BR31: =VLOOKUP(A31,'22'!B:BA,52,0) -> 153 | BS31: กล่อง | BT31: =+BR31*C31 -> 0 | BU31: =VLOOKUP(A31,'23'!B:BA,52,0) -> 127 | BV31: กล่อง | BW31: =+BU31*C31 -> 0 | BX31: =VLOOKUP(A31,'24'!B:BA,52,0) -> 179 | BY31: กล่อง | BZ31: =+BX31*C31 -> 0 | CA31: =VLOOKUP(A31,'25'!B:BA,52,0) -> 102 | CB31: กล่อง | CC31: =+CA31*C31 -> 0 | CD31: =VLOOKUP(A31,'26'!B:BA,52,0) -> 54 | CE31: กล่อง | CF31: =+CD31*C31 -> 0 | CG31: =VLOOKUP(A31,'27'!B:BA,52,0) -> 57 | CH31: กล่อง | CI31: =+CG31*C31 -> 0 | CJ31: =VLOOKUP(A31,'28'!B:BA,52,0) -> 42 | CK31: กล่อง | CL31: =+CJ31*C31 -> 0 | CM31: =VLOOKUP(A31,'29'!B:BA,52,0) -> 96 | CN31: กล่อง | CO31: =+CM31*C31 -> 0 | CP31: =VLOOKUP(A31,'30'!B:BA,52,0) -> 71 | CQ31: กล่อง | CR31: =+CP31*C31 -> 0 | CS31: =VLOOKUP(A31,'31'!B:BA,52,0) -> 141 | CT31: กล่อง | CU31: =+CS31*C31 -> 0 | CV31: =VLOOKUP(A31,สรุป!B:BA,52,0) -> 1388 | CW31: กล่อง | CX31: =+CV31*C31 -> 0
A32: 1114503 | B32: ครีมฮอร์นไส้เนยสด (ครีมฮอร์นช็อกโกแลต 1กล่อง6ชิ้น) | C32: 0 | D32: =+CV32 -> 4 | E32: กล่อง | F32: =+D32*C32 -> 0 | G32: =VLOOKUP(A32,'1'!B:BA,52,0) -> 0 | H32: กล่อง | I32: =+G32*C32 -> 0 | J32: =VLOOKUP(A32,'2'!B:BA,52,0) -> 0 | K32: กล่อง | L32: =+J32*C32 -> 0 | M32: =VLOOKUP(A32,'3'!B:BA,52,0) -> 0 | N32: กล่อง | O32: =+M32*C32 -> 0 | P32: =VLOOKUP(A32,'4'!B:BA,52,0) -> 0 | Q32: กล่อง | R32: =+P32*C32 -> 0 | S32: =VLOOKUP(A32,'5'!B:BA,52,0) -> 0 | T32: กล่อง | U32: =+S32*C32 -> 0 | V32: =VLOOKUP(A32,'6'!B:BA,52,0) -> 0 | W32: กล่อง | X32: =+V32*C32 -> 0 | Y32: =VLOOKUP(A32,'7'!B:BA,52,0) -> 0 | Z32: กล่อง | AA32: =+Y32*C32 -> 0 | AB32: =VLOOKUP(A32,'8'!B:BA,52,0) -> 0 | AC32: กล่อง | AD32: =+AB32*C32 -> 0 | AE32: =VLOOKUP(A32,'9'!B:BA,52,0) -> 0 | AF32: กล่อง | AG32: =+AE32*C32 -> 0 | AH32: =VLOOKUP(A32,'10'!B:BA,52,0) -> 0 | AI32: กล่อง | AJ32: =+AH32*C32 -> 0 | AK32: =VLOOKUP(A32,'11'!B:BA,52,0) -> 0 | AL32: กล่อง | AM32: =+AK32*C32 -> 0 | AN32: =VLOOKUP(A32,'12'!B:BA,52,0) -> 0 | AO32: กล่อง | AP32: =+AN32*C32 -> 0 | AQ32: =VLOOKUP(A32,'13'!B:BA,52,0) -> 0 | AR32: กล่อง | AS32: =+AQ32*C32 -> 0 | AT32: =VLOOKUP(A32,'14'!B:BA,52,0) -> 0 | AU32: กล่อง | AV32: =+AT32*C32 -> 0 | AW32: =VLOOKUP(A32,'15'!B:BA,52,0) -> 0 | AX32: กล่อง | AY32: =+AW32*C32 -> 0 | AZ32: =VLOOKUP(A32,'16'!B:BA,52,0) -> 0 | BA32: กล่อง | BB32: =+AZ32*C32 -> 0 | BC32: =VLOOKUP(A32,'17'!B:BA,52,0) -> 0 | BD32: กล่อง | BE32: =+BC32*C32 -> 0 | BF32: =VLOOKUP(A32,'18'!B:BA,52,0) -> 0 | BG32: กล่อง | BH32: =+BF32*C32 -> 0 | BI32: =VLOOKUP(A32,'19'!B:BA,52,0) -> 0 | BJ32: กล่อง | BK32: =+BI32*C32 -> 0 | BL32: =VLOOKUP(A32,'20'!B:BA,52,0) -> 0 | BM32: กล่อง | BN32: =+BL32*C32 -> 0 | BO32: =VLOOKUP(A32,'21'!B:BA,52,0) -> 0 | BP32: กล่อง | BQ32: =+BO32*C32 -> 0 | BR32: =VLOOKUP(A32,'22'!B:BA,52,0) -> 0 | BS32: กล่อง | BT32: =+BR32*C32 -> 0 | BU32: =VLOOKUP(A32,'23'!B:BA,52,0) -> 3 | BV32: กล่อง | BW32: =+BU32*C32 -> 0 | BX32: =VLOOKUP(A32,'24'!B:BA,52,0) -> 0 | BY32: กล่อง | BZ32: =+BX32*C32 -> 0 | CA32: =VLOOKUP(A32,'25'!B:BA,52,0) -> 0 | CB32: กล่อง | CC32: =+CA32*C32 -> 0 | CD32: =VLOOKUP(A32,'26'!B:BA,52,0) -> 0 | CE32: กล่อง | CF32: =+CD32*C32 -> 0 | CG32: =VLOOKUP(A32,'27'!B:BA,52,0) -> 1 | CH32: กล่อง | CI32: =+CG32*C32 -> 0 | CJ32: =VLOOKUP(A32,'28'!B:BA,52,0) -> 0 | CK32: กล่อง | CL32: =+CJ32*C32 -> 0 | CM32: =VLOOKUP(A32,'29'!B:BA,52,0) -> 0 | CN32: กล่อง | CO32: =+CM32*C32 -> 0 | CP32: =VLOOKUP(A32,'30'!B:BA,52,0) -> 0 | CQ32: กล่อง | CR32: =+CP32*C32 -> 0 | CS32: =VLOOKUP(A32,'31'!B:BA,52,0) -> 0 | CT32: กล่อง | CU32: =+CS32*C32 -> 0 | CV32: =VLOOKUP(A32,สรุป!B:BA,52,0) -> 4 | CW32: กล่อง | CX32: =+CV32*C32 -> 0
A33: 1124021 | B33: ขนมปังแถว 20 แผ่น/แถว | C33: 0 | D33: =+CV33 -> 748 | E33: แถว | F33: =+D33*C33 -> 0 | G33: =VLOOKUP(A33,'1'!B:BA,52,0) -> 32 | H33: แถว | I33: =+G33*C33 -> 0 | J33: =VLOOKUP(A33,'2'!B:BA,52,0) -> 38 | K33: แถว | L33: =+J33*C33 -> 0 | M33: =VLOOKUP(A33,'3'!B:BA,52,0) -> 20 | N33: แถว | O33: =+M33*C33 -> 0 | P33: =VLOOKUP(A33,'4'!B:BA,52,0) -> 20 | Q33: แถว | R33: =+P33*C33 -> 0 | S33: =VLOOKUP(A33,'5'!B:BA,52,0) -> 20 | T33: แถว | U33: =+S33*C33 -> 0 | V33: =VLOOKUP(A33,'6'!B:BA,52,0) -> 20 | W33: แถว | X33: =+V33*C33 -> 0 | Y33: =VLOOKUP(A33,'7'!B:BA,52,0) -> 20 | Z33: แถว | AA33: =+Y33*C33 -> 0 | AB33: =VLOOKUP(A33,'8'!B:BA,52,0) -> 32 | AC33: แถว | AD33: =+AB33*C33 -> 0 | AE33: =VLOOKUP(A33,'9'!B:BA,52,0) -> 27 | AF33: แถว | AG33: =+AE33*C33 -> 0 | AH33: =VLOOKUP(A33,'10'!B:BA,52,0) -> 15 | AI33: แถว | AJ33: =+AH33*C33 -> 0 | AK33: =VLOOKUP(A33,'11'!B:BA,52,0) -> 34 | AL33: แถว | AM33: =+AK33*C33 -> 0 | AN33: =VLOOKUP(A33,'12'!B:BA,52,0) -> 25 | AO33: แถว | AP33: =+AN33*C33 -> 0 | AQ33: =VLOOKUP(A33,'13'!B:BA,52,0) -> 25 | AR33: แถว | AS33: =+AQ33*C33 -> 0 | AT33: =VLOOKUP(A33,'14'!B:BA,52,0) -> 7 | AU33: แถว | AV33: =+AT33*C33 -> 0 | AW33: =VLOOKUP(A33,'15'!B:BA,52,0) -> 20 | AX33: แถว | AY33: =+AW33*C33 -> 0 | AZ33: =VLOOKUP(A33,'16'!B:BA,52,0) -> 21 | BA33: แถว | BB33: =+AZ33*C33 -> 0 | BC33: =VLOOKUP(A33,'17'!B:BA,52,0) -> 24 | BD33: แถว | BE33: =+BC33*C33 -> 0 | BF33: =VLOOKUP(A33,'18'!B:BA,52,0) -> 29 | BG33: แถว | BH33: =+BF33*C33 -> 0 | BI33: =VLOOKUP(A33,'19'!B:BA,52,0) -> 23 | BJ33: แถว | BK33: =+BI33*C33 -> 0 | BL33: =VLOOKUP(A33,'20'!B:BA,52,0) -> 24 | BM33: แถว | BN33: =+BL33*C33 -> 0 | BO33: =VLOOKUP(A33,'21'!B:BA,52,0) -> 19 | BP33: แถว | BQ33: =+BO33*C33 -> 0 | BR33: =VLOOKUP(A33,'22'!B:BA,52,0) -> 24 | BS33: แถว | BT33: =+BR33*C33 -> 0 | BU33: =VLOOKUP(A33,'23'!B:BA,52,0) -> 20 | BV33: แถว | BW33: =+BU33*C33 -> 0 | BX33: =VLOOKUP(A33,'24'!B:BA,52,0) -> 33 | BY33: แถว | BZ33: =+BX33*C33 -> 0 | CA33: =VLOOKUP(A33,'25'!B:BA,52,0) -> 49 | CB33: แถว | CC33: =+CA33*C33 -> 0 | CD33: =VLOOKUP(A33,'26'!B:BA,52,0) -> 15 | CE33: แถว | CF33: =+CD33*C33 -> 0 | CG33: =VLOOKUP(A33,'27'!B:BA,52,0) -> 33 | CH33: แถว | CI33: =+CG33*C33 -> 0 | CJ33: =VLOOKUP(A33,'28'!B:BA,52,0) -> 20 | CK33: แถว | CL33: =+CJ33*C33 -> 0 | CM33: =VLOOKUP(A33,'29'!B:BA,52,0) -> 15 | CN33: แถว | CO33: =+CM33*C33 -> 0 | CP33: =VLOOKUP(A33,'30'!B:BA,52,0) -> 34 | CQ33: แถว | CR33: =+CP33*C33 -> 0 | CS33: =VLOOKUP(A33,'31'!B:BA,52,0) -> 32 | CT33: แถว | CU33: =+CS33*C33 -> 0 | CV33: =VLOOKUP(A33,สรุป!B:BA,52,0) -> 748 | CW33: แถว | CX33: =+CV33*C33 -> 0
A34: 1200001 | B34: คอนเฟล็ก | C34: 31.6 | D34: =+CV34 -> 105 | E34: กระปุก | F34: =+D34*C34 -> 3318 | G34: =VLOOKUP(A34,'1'!B:BA,52,0) -> 0 | H34: กระปุก | I34: =+G34*C34 -> 0 | J34: =VLOOKUP(A34,'2'!B:BA,52,0) -> 0 | K34: กระปุก | L34: =+J34*C34 -> 0 | M34: =VLOOKUP(A34,'3'!B:BA,52,0) -> 0 | N34: กระปุก | O34: =+M34*C34 -> 0 | P34: =VLOOKUP(A34,'4'!B:BA,52,0) -> 0 | Q34: กระปุก | R34: =+P34*C34 -> 0 | S34: =VLOOKUP(A34,'5'!B:BA,52,0) -> 0 | T34: กระปุก | U34: =+S34*C34 -> 0 | V34: =VLOOKUP(A34,'6'!B:BA,52,0) -> 0 | W34: กระปุก | X34: =+V34*C34 -> 0 | Y34: =VLOOKUP(A34,'7'!B:BA,52,0) -> 0 | Z34: กระปุก | AA34: =+Y34*C34 -> 0 | AB34: =VLOOKUP(A34,'8'!B:BA,52,0) -> 0 | AC34: กระปุก | AD34: =+AB34*C34 -> 0 | AE34: =VLOOKUP(A34,'9'!B:BA,52,0) -> 0 | AF34: กระปุก | AG34: =+AE34*C34 -> 0 | AH34: =VLOOKUP(A34,'10'!B:BA,52,0) -> 0 | AI34: กระปุก | AJ34: =+AH34*C34 -> 0 | AK34: =VLOOKUP(A34,'11'!B:BA,52,0) -> 100 | AL34: กระปุก | AM34: =+AK34*C34 -> 3160 | AN34: =VLOOKUP(A34,'12'!B:BA,52,0) -> 0 | AO34: กระปุก | AP34: =+AN34*C34 -> 0 | AQ34: =VLOOKUP(A34,'13'!B:BA,52,0) -> 0 | AR34: กระปุก | AS34: =+AQ34*C34 -> 0 | AT34: =VLOOKUP(A34,'14'!B:BA,52,0) -> 0 | AU34: กระปุก | AV34: =+AT34*C34 -> 0 | AW34: =VLOOKUP(A34,'15'!B:BA,52,0) -> 0 | AX34: กระปุก | AY34: =+AW34*C34 -> 0 | AZ34: =VLOOKUP(A34,'16'!B:BA,52,0) -> 0 | BA34: กระปุก | BB34: =+AZ34*C34 -> 0 | BC34: =VLOOKUP(A34,'17'!B:BA,52,0) -> 0 | BD34: กระปุก | BE34: =+BC34*C34 -> 0 | BF34: =VLOOKUP(A34,'18'!B:BA,52,0) -> 0 | BG34: กระปุก | BH34: =+BF34*C34 -> 0 | BI34: =VLOOKUP(A34,'19'!B:BA,52,0) -> 0 | BJ34: กระปุก | BK34: =+BI34*C34 -> 0 | BL34: =VLOOKUP(A34,'20'!B:BA,52,0) -> 5 | BM34: กระปุก | BN34: =+BL34*C34 -> 158 | BO34: =VLOOKUP(A34,'21'!B:BA,52,0) -> 0 | BP34: กระปุก | BQ34: =+BO34*C34 -> 0 | BR34: =VLOOKUP(A34,'22'!B:BA,52,0) -> 0 | BS34: กระปุก | BT34: =+BR34*C34 -> 0 | BU34: =VLOOKUP(A34,'23'!B:BA,52,0) -> 0 | BV34: กระปุก | BW34: =+BU34*C34 -> 0 | BX34: =VLOOKUP(A34,'24'!B:BA,52,0) -> 0 | BY34: กระปุก | BZ34: =+BX34*C34 -> 0 | CA34: =VLOOKUP(A34,'25'!B:BA,52,0) -> 0 | CB34: กระปุก | CC34: =+CA34*C34 -> 0 | CD34: =VLOOKUP(A34,'26'!B:BA,52,0) -> 0 | CE34: กระปุก | CF34: =+CD34*C34 -> 0 | CG34: =VLOOKUP(A34,'27'!B:BA,52,0) -> 0 | CH34: กระปุก | CI34: =+CG34*C34 -> 0 | CJ34: =VLOOKUP(A34,'28'!B:BA,52,0) -> 0 | CK34: กระปุก | CL34: =+CJ34*C34 -> 0 | CM34: =VLOOKUP(A34,'29'!B:BA,52,0) -> 0 | CN34: กระปุก | CO34: =+CM34*C34 -> 0 | CP34: =VLOOKUP(A34,'30'!B:BA,52,0) -> 0 | CQ34: กระปุก | CR34: =+CP34*C34 -> 0 | CS34: =VLOOKUP(A34,'31'!B:BA,52,0) -> 0 | CT34: กระปุก | CU34: =+CS34*C34 -> 0 | CV34: =VLOOKUP(A34,สรุป!B:BA,52,0) -> 105 | CW34: กระปุก | CX34: =+CV34*C34 -> 3318
A35: 1112010 | B35: เค้กเบาหวิว ใหญ่ 1 กล่องขนาด 300 กรัม (ฝอยทอง) | C35: 25.87 | D35: =+CV35 -> 30 | E35: กล่อง | F35: =+D35*C35 -> 776.1 | G35: =VLOOKUP(A35,'1'!B:BA,52,0) -> 0 | H35: กล่อง | I35: =+G35*C35 -> 0 | J35: =VLOOKUP(A35,'2'!B:BA,52,0) -> 0 | K35: กล่อง | L35: =+J35*C35 -> 0 | M35: =VLOOKUP(A35,'3'!B:BA,52,0) -> 0 | N35: กล่อง | O35: =+M35*C35 -> 0 | P35: =VLOOKUP(A35,'4'!B:BA,52,0) -> 0 | Q35: กล่อง | R35: =+P35*C35 -> 0 | S35: =VLOOKUP(A35,'5'!B:BA,52,0) -> 0 | T35: กล่อง | U35: =+S35*C35 -> 0 | V35: =VLOOKUP(A35,'6'!B:BA,52,0) -> 0 | W35: กล่อง | X35: =+V35*C35 -> 0 | Y35: =VLOOKUP(A35,'7'!B:BA,52,0) -> 0 | Z35: กล่อง | AA35: =+Y35*C35 -> 0 | AB35: =VLOOKUP(A35,'8'!B:BA,52,0) -> 0 | AC35: กล่อง | AD35: =+AB35*C35 -> 0 | AE35: =VLOOKUP(A35,'9'!B:BA,52,0) -> 0 | AF35: กล่อง | AG35: =+AE35*C35 -> 0 | AH35: =VLOOKUP(A35,'10'!B:BA,52,0) -> 0 | AI35: กล่อง | AJ35: =+AH35*C35 -> 0 | AK35: =VLOOKUP(A35,'11'!B:BA,52,0) -> 10 | AL35: กล่อง | AM35: =+AK35*C35 -> 258.7 | AN35: =VLOOKUP(A35,'12'!B:BA,52,0) -> 0 | AO35: กล่อง | AP35: =+AN35*C35 -> 0 | AQ35: =VLOOKUP(A35,'13'!B:BA,52,0) -> 0 | AR35: กล่อง | AS35: =+AQ35*C35 -> 0 | AT35: =VLOOKUP(A35,'14'!B:BA,52,0) -> 0 | AU35: กล่อง | AV35: =+AT35*C35 -> 0 | AW35: =VLOOKUP(A35,'15'!B:BA,52,0) -> 0 | AX35: กล่อง | AY35: =+AW35*C35 -> 0 | AZ35: =VLOOKUP(A35,'16'!B:BA,52,0) -> 0 | BA35: กล่อง | BB35: =+AZ35*C35 -> 0 | BC35: =VLOOKUP(A35,'17'!B:BA,52,0) -> 0 | BD35: กล่อง | BE35: =+BC35*C35 -> 0 | BF35: =VLOOKUP(A35,'18'!B:BA,52,0) -> 0 | BG35: กล่อง | BH35: =+BF35*C35 -> 0 | BI35: =VLOOKUP(A35,'19'!B:BA,52,0) -> 0 | BJ35: กล่อง | BK35: =+BI35*C35 -> 0 | BL35: =VLOOKUP(A35,'20'!B:BA,52,0) -> 0 | BM35: กล่อง | BN35: =+BL35*C35 -> 0 | BO35: =VLOOKUP(A35,'21'!B:BA,52,0) -> 0 | BP35: กล่อง | BQ35: =+BO35*C35 -> 0 | BR35: =VLOOKUP(A35,'22'!B:BA,52,0) -> 0 | BS35: กล่อง | BT35: =+BR35*C35 -> 0 | BU35: =VLOOKUP(A35,'23'!B:BA,52,0) -> 0 | BV35: กล่อง | BW35: =+BU35*C35 -> 0 | BX35: =VLOOKUP(A35,'24'!B:BA,52,0) -> 0 | BY35: กล่อง | BZ35: =+BX35*C35 -> 0 | CA35: =VLOOKUP(A35,'25'!B:BA,52,0) -> 20 | CB35: กล่อง | CC35: =+CA35*C35 -> 517.4 | CD35: =VLOOKUP(A35,'26'!B:BA,52,0) -> 0 | CE35: กล่อง | CF35: =+CD35*C35 -> 0 | CG35: =VLOOKUP(A35,'27'!B:BA,52,0) -> 0 | CH35: กล่อง | CI35: =+CG35*C35 -> 0 | CJ35: =VLOOKUP(A35,'28'!B:BA,52,0) -> 0 | CK35: กล่อง | CL35: =+CJ35*C35 -> 0 | CM35: =VLOOKUP(A35,'29'!B:BA,52,0) -> 0 | CN35: กล่อง | CO35: =+CM35*C35 -> 0 | CP35: =VLOOKUP(A35,'30'!B:BA,52,0) -> 0 | CQ35: กล่อง | CR35: =+CP35*C35 -> 0 | CS35: =VLOOKUP(A35,'31'!B:BA,52,0) -> 0 | CT35: กล่อง | CU35: =+CS35*C35 -> 0 | CV35: =VLOOKUP(A35,สรุป!B:BA,52,0) -> 30 | CW35: กล่อง | CX35: =+CV35*C35 -> 776.1
A36: 1004051 | B36: ปังสังขยา 6 ลูก | C36: 20.4 | D36: =+CV36 -> 195 | E36: กล่อง | F36: =+D36*C36 -> 3978 | G36: =VLOOKUP(A36,'1'!B:BA,52,0) -> 0 | H36: กล่อง | I36: =+G36*C36 -> 0 | J36: =VLOOKUP(A36,'2'!B:BA,52,0) -> 16 | K36: กล่อง | L36: =+J36*C36 -> 326.4 | M36: =VLOOKUP(A36,'3'!B:BA,52,0) -> 0 | N36: กล่อง | O36: =+M36*C36 -> 0 | P36: =VLOOKUP(A36,'4'!B:BA,52,0) -> 0 | Q36: กล่อง | R36: =+P36*C36 -> 0 | S36: =VLOOKUP(A36,'5'!B:BA,52,0) -> 0 | T36: กล่อง | U36: =+S36*C36 -> 0 | V36: =VLOOKUP(A36,'6'!B:BA,52,0) -> 0 | W36: กล่อง | X36: =+V36*C36 -> 0 | Y36: =VLOOKUP(A36,'7'!B:BA,52,0) -> 0 | Z36: กล่อง | AA36: =+Y36*C36 -> 0 | AB36: =VLOOKUP(A36,'8'!B:BA,52,0) -> 4 | AC36: กล่อง | AD36: =+AB36*C36 -> 81.6 | AE36: =VLOOKUP(A36,'9'!B:BA,52,0) -> 7 | AF36: กล่อง | AG36: =+AE36*C36 -> 142.8 | AH36: =VLOOKUP(A36,'10'!B:BA,52,0) -> 0 | AI36: กล่อง | AJ36: =+AH36*C36 -> 0 | AK36: =VLOOKUP(A36,'11'!B:BA,52,0) -> 22 | AL36: กล่อง | AM36: =+AK36*C36 -> 448.8 | AN36: =VLOOKUP(A36,'12'!B:BA,52,0) -> 0 | AO36: กล่อง | AP36: =+AN36*C36 -> 0 | AQ36: =VLOOKUP(A36,'13'!B:BA,52,0) -> 12 | AR36: กล่อง | AS36: =+AQ36*C36 -> 244.8 | AT36: =VLOOKUP(A36,'14'!B:BA,52,0) -> 10 | AU36: กล่อง | AV36: =+AT36*C36 -> 204 | AW36: =VLOOKUP(A36,'15'!B:BA,52,0) -> 0 | AX36: กล่อง | AY36: =+AW36*C36 -> 0 | AZ36: =VLOOKUP(A36,'16'!B:BA,52,0) -> 7 | BA36: กล่อง | BB36: =+AZ36*C36 -> 142.8 | BC36: =VLOOKUP(A36,'17'!B:BA,52,0) -> 0 | BD36: กล่อง | BE36: =+BC36*C36 -> 0 | BF36: =VLOOKUP(A36,'18'!B:BA,52,0) -> 25 | BG36: กล่อง | BH36: =+BF36*C36 -> 510 | BI36: =VLOOKUP(A36,'19'!B:BA,52,0) -> 0 | BJ36: กล่อง | BK36: =+BI36*C36 -> 0 | BL36: =VLOOKUP(A36,'20'!B:BA,52,0) -> 14 | BM36: กล่อง | BN36: =+BL36*C36 -> 285.6 | BO36: =VLOOKUP(A36,'21'!B:BA,52,0) -> 10 | BP36: กล่อง | BQ36: =+BO36*C36 -> 204 | BR36: =VLOOKUP(A36,'22'!B:BA,52,0) -> 0 | BS36: กล่อง | BT36: =+BR36*C36 -> 0 | BU36: =VLOOKUP(A36,'23'!B:BA,52,0) -> 7 | BV36: กล่อง | BW36: =+BU36*C36 -> 142.8 | BX36: =VLOOKUP(A36,'24'!B:BA,52,0) -> 0 | BY36: กล่อง | BZ36: =+BX36*C36 -> 0 | CA36: =VLOOKUP(A36,'25'!B:BA,52,0) -> 30 | CB36: กล่อง | CC36: =+CA36*C36 -> 612 | CD36: =VLOOKUP(A36,'26'!B:BA,52,0) -> 0 | CE36: กล่อง | CF36: =+CD36*C36 -> 0 | CG36: =VLOOKUP(A36,'27'!B:BA,52,0) -> 14 | CH36: กล่อง | CI36: =+CG36*C36 -> 285.6 | CJ36: =VLOOKUP(A36,'28'!B:BA,52,0) -> 10 | CK36: กล่อง | CL36: =+CJ36*C36 -> 204 | CM36: =VLOOKUP(A36,'29'!B:BA,52,0) -> 4 | CN36: กล่อง | CO36: =+CM36*C36 -> 81.6 | CP36: =VLOOKUP(A36,'30'!B:BA,52,0) -> 3 | CQ36: กล่อง | CR36: =+CP36*C36 -> 61.2 | CS36: =VLOOKUP(A36,'31'!B:BA,52,0) -> 0 | CT36: กล่อง | CU36: =+CS36*C36 -> 0 | CV36: =VLOOKUP(A36,สรุป!B:BA,52,0) -> 195 | CW36: กล่อง | CX36: =+CV36*C36 -> 3978
A37: 1113170 | B37: ขนมเปี๊ยะ ไส้ทะลัก ขนาด 450 กรัม ไข่แดง 3 ใบ 3 รสให้เลือก (ถั่วฝอยทองไข่เค็ม 450 กรัม) | C37: 0 | D37: =+CV37 -> 718 | E37: กล่อง | F37: =+D37*C37 -> 0 | G37: =VLOOKUP(A37,'1'!B:BA,52,0) -> 16 | H37: กล่อง | I37: =+G37*C37 -> 0 | J37: =VLOOKUP(A37,'2'!B:BA,52,0) -> 40 | K37: กล่อง | L37: =+J37*C37 -> 0 | M37: =VLOOKUP(A37,'3'!B:BA,52,0) -> 24 | N37: กล่อง | O37: =+M37*C37 -> 0 | P37: =VLOOKUP(A37,'4'!B:BA,52,0) -> 24 | Q37: กล่อง | R37: =+P37*C37 -> 0 | S37: =VLOOKUP(A37,'5'!B:BA,52,0) -> 24 | T37: กล่อง | U37: =+S37*C37 -> 0 | V37: =VLOOKUP(A37,'6'!B:BA,52,0) -> 24 | W37: กล่อง | X37: =+V37*C37 -> 0 | Y37: =VLOOKUP(A37,'7'!B:BA,52,0) -> 24 | Z37: กล่อง | AA37: =+Y37*C37 -> 0 | AB37: =VLOOKUP(A37,'8'!B:BA,52,0) -> 28 | AC37: กล่อง | AD37: =+AB37*C37 -> 0 | AE37: =VLOOKUP(A37,'9'!B:BA,52,0) -> 18 | AF37: กล่อง | AG37: =+AE37*C37 -> 0 | AH37: =VLOOKUP(A37,'10'!B:BA,52,0) -> 32 | AI37: กล่อง | AJ37: =+AH37*C37 -> 0 | AK37: =VLOOKUP(A37,'11'!B:BA,52,0) -> 17 | AL37: กล่อง | AM37: =+AK37*C37 -> 0 | AN37: =VLOOKUP(A37,'12'!B:BA,52,0) -> 16 | AO37: กล่อง | AP37: =+AN37*C37 -> 0 | AQ37: =VLOOKUP(A37,'13'!B:BA,52,0) -> 38 | AR37: กล่อง | AS37: =+AQ37*C37 -> 0 | AT37: =VLOOKUP(A37,'14'!B:BA,52,0) -> 17 | AU37: กล่อง | AV37: =+AT37*C37 -> 0 | AW37: =VLOOKUP(A37,'15'!B:BA,52,0) -> 15 | AX37: กล่อง | AY37: =+AW37*C37 -> 0 | AZ37: =VLOOKUP(A37,'16'!B:BA,52,0) -> 26 | BA37: กล่อง | BB37: =+AZ37*C37 -> 0 | BC37: =VLOOKUP(A37,'17'!B:BA,52,0) -> 16 | BD37: กล่อง | BE37: =+BC37*C37 -> 0 | BF37: =VLOOKUP(A37,'18'!B:BA,52,0) -> 39 | BG37: กล่อง | BH37: =+BF37*C37 -> 0 | BI37: =VLOOKUP(A37,'19'!B:BA,52,0) -> 18 | BJ37: กล่อง | BK37: =+BI37*C37 -> 0 | BL37: =VLOOKUP(A37,'20'!B:BA,52,0) -> 11 | BM37: กล่อง | BN37: =+BL37*C37 -> 0 | BO37: =VLOOKUP(A37,'21'!B:BA,52,0) -> 11 | BP37: กล่อง | BQ37: =+BO37*C37 -> 0 | BR37: =VLOOKUP(A37,'22'!B:BA,52,0) -> 22 | BS37: กล่อง | BT37: =+BR37*C37 -> 0 | BU37: =VLOOKUP(A37,'23'!B:BA,52,0) -> 40 | BV37: กล่อง | BW37: =+BU37*C37 -> 0 | BX37: =VLOOKUP(A37,'24'!B:BA,52,0) -> 16 | BY37: กล่อง | BZ37: =+BX37*C37 -> 0 | CA37: =VLOOKUP(A37,'25'!B:BA,52,0) -> 42 | CB37: กล่อง | CC37: =+CA37*C37 -> 0 | CD37: =VLOOKUP(A37,'26'!B:BA,52,0) -> 19 | CE37: กล่อง | CF37: =+CD37*C37 -> 0 | CG37: =VLOOKUP(A37,'27'!B:BA,52,0) -> 18 | CH37: กล่อง | CI37: =+CG37*C37 -> 0 | CJ37: =VLOOKUP(A37,'28'!B:BA,52,0) -> 15 | CK37: กล่อง | CL37: =+CJ37*C37 -> 0 | CM37: =VLOOKUP(A37,'29'!B:BA,52,0) -> 15 | CN37: กล่อง | CO37: =+CM37*C37 -> 0 | CP37: =VLOOKUP(A37,'30'!B:BA,52,0) -> 18 | CQ37: กล่อง | CR37: =+CP37*C37 -> 0 | CS37: =VLOOKUP(A37,'31'!B:BA,52,0) -> 16 | CT37: กล่อง | CU37: =+CS37*C37 -> 0 | CV37: =VLOOKUP(A37,สรุป!B:BA,52,0) -> 718 | CW37: กล่อง | CX37: =+CV37*C37 -> 0
A38: 1113171 | B38: ขนมเปี๊ยะ ไส้ทะลัก ขนาด 450 กรัม ไข่แดง 3 ใบ 3 รสให้เลือก (ฟักถั่วไข่เค็ม 450 กรัม) | C38: 0 | D38: =+CV38 -> 556 | E38: กล่อง | F38: =+D38*C38 -> 0 | G38: =VLOOKUP(A38,'1'!B:BA,52,0) -> 14 | H38: กล่อง | I38: =+G38*C38 -> 0 | J38: =VLOOKUP(A38,'2'!B:BA,52,0) -> 31 | K38: กล่อง | L38: =+J38*C38 -> 0 | M38: =VLOOKUP(A38,'3'!B:BA,52,0) -> 17 | N38: กล่อง | O38: =+M38*C38 -> 0 | P38: =VLOOKUP(A38,'4'!B:BA,52,0) -> 17 | Q38: กล่อง | R38: =+P38*C38 -> 0 | S38: =VLOOKUP(A38,'5'!B:BA,52,0) -> 17 | T38: กล่อง | U38: =+S38*C38 -> 0 | V38: =VLOOKUP(A38,'6'!B:BA,52,0) -> 17 | W38: กล่อง | X38: =+V38*C38 -> 0 | Y38: =VLOOKUP(A38,'7'!B:BA,52,0) -> 17 | Z38: กล่อง | AA38: =+Y38*C38 -> 0 | AB38: =VLOOKUP(A38,'8'!B:BA,52,0) -> 18 | AC38: กล่อง | AD38: =+AB38*C38 -> 0 | AE38: =VLOOKUP(A38,'9'!B:BA,52,0) -> 27 | AF38: กล่อง | AG38: =+AE38*C38 -> 0 | AH38: =VLOOKUP(A38,'10'!B:BA,52,0) -> 26 | AI38: กล่อง | AJ38: =+AH38*C38 -> 0 | AK38: =VLOOKUP(A38,'11'!B:BA,52,0) -> 9 | AL38: กล่อง | AM38: =+AK38*C38 -> 0 | AN38: =VLOOKUP(A38,'12'!B:BA,52,0) -> 12 | AO38: กล่อง | AP38: =+AN38*C38 -> 0 | AQ38: =VLOOKUP(A38,'13'!B:BA,52,0) -> 17 | AR38: กล่อง | AS38: =+AQ38*C38 -> 0 | AT38: =VLOOKUP(A38,'14'!B:BA,52,0) -> 16 | AU38: กล่อง | AV38: =+AT38*C38 -> 0 | AW38: =VLOOKUP(A38,'15'!B:BA,52,0) -> 23 | AX38: กล่อง | AY38: =+AW38*C38 -> 0 | AZ38: =VLOOKUP(A38,'16'!B:BA,52,0) -> 13 | BA38: กล่อง | BB38: =+AZ38*C38 -> 0 | BC38: =VLOOKUP(A38,'17'!B:BA,52,0) -> 13 | BD38: กล่อง | BE38: =+BC38*C38 -> 0 | BF38: =VLOOKUP(A38,'18'!B:BA,52,0) -> 21 | BG38: กล่อง | BH38: =+BF38*C38 -> 0 | BI38: =VLOOKUP(A38,'19'!B:BA,52,0) -> 11 | BJ38: กล่อง | BK38: =+BI38*C38 -> 0 | BL38: =VLOOKUP(A38,'20'!B:BA,52,0) -> 10 | BM38: กล่อง | BN38: =+BL38*C38 -> 0 | BO38: =VLOOKUP(A38,'21'!B:BA,52,0) -> 11 | BP38: กล่อง | BQ38: =+BO38*C38 -> 0 | BR38: =VLOOKUP(A38,'22'!B:BA,52,0) -> 15 | BS38: กล่อง | BT38: =+BR38*C38 -> 0 | BU38: =VLOOKUP(A38,'23'!B:BA,52,0) -> 45 | BV38: กล่อง | BW38: =+BU38*C38 -> 0 | BX38: =VLOOKUP(A38,'24'!B:BA,52,0) -> 18 | BY38: กล่อง | BZ38: =+BX38*C38 -> 0 | CA38: =VLOOKUP(A38,'25'!B:BA,52,0) -> 24 | CB38: กล่อง | CC38: =+CA38*C38 -> 0 | CD38: =VLOOKUP(A38,'26'!B:BA,52,0) -> 14 | CE38: กล่อง | CF38: =+CD38*C38 -> 0 | CG38: =VLOOKUP(A38,'27'!B:BA,52,0) -> 15 | CH38: กล่อง | CI38: =+CG38*C38 -> 0 | CJ38: =VLOOKUP(A38,'28'!B:BA,52,0) -> 13 | CK38: กล่อง | CL38: =+CJ38*C38 -> 0 | CM38: =VLOOKUP(A38,'29'!B:BA,52,0) -> 17 | CN38: กล่อง | CO38: =+CM38*C38 -> 0 | CP38: =VLOOKUP(A38,'30'!B:BA,52,0) -> 13 | CQ38: กล่อง | CR38: =+CP38*C38 -> 0 | CS38: =VLOOKUP(A38,'31'!B:BA,52,0) -> 14 | CT38: กล่อง | CU38: =+CS38*C38 -> 0 | CV38: =VLOOKUP(A38,สรุป!B:BA,52,0) -> 556 | CW38: กล่อง | CX38: =+CV38*C38 -> 0
A39: 1113172 | B39: ขนมเปี๊ยะ ไส้ทะลัก ขนาด 450 กรัม ไข่แดง 3 ใบ 3 รสให้เลือก (เผือกฝอยทองไข่เค็ม 450 กรัม) | C39: 0 | D39: =+CV39 -> 591 | E39: กล่อง | F39: =+D39*C39 -> 0 | G39: =VLOOKUP(A39,'1'!B:BA,52,0) -> 15 | H39: กล่อง | I39: =+G39*C39 -> 0 | J39: =VLOOKUP(A39,'2'!B:BA,52,0) -> 28 | K39: กล่อง | L39: =+J39*C39 -> 0 | M39: =VLOOKUP(A39,'3'!B:BA,52,0) -> 22 | N39: กล่อง | O39: =+M39*C39 -> 0 | P39: =VLOOKUP(A39,'4'!B:BA,52,0) -> 22 | Q39: กล่อง | R39: =+P39*C39 -> 0 | S39: =VLOOKUP(A39,'5'!B:BA,52,0) -> 22 | T39: กล่อง | U39: =+S39*C39 -> 0 | V39: =VLOOKUP(A39,'6'!B:BA,52,0) -> 22 | W39: กล่อง | X39: =+V39*C39 -> 0 | Y39: =VLOOKUP(A39,'7'!B:BA,52,0) -> 22 | Z39: กล่อง | AA39: =+Y39*C39 -> 0 | AB39: =VLOOKUP(A39,'8'!B:BA,52,0) -> 34 | AC39: กล่อง | AD39: =+AB39*C39 -> 0 | AE39: =VLOOKUP(A39,'9'!B:BA,52,0) -> 17 | AF39: กล่อง | AG39: =+AE39*C39 -> 0 | AH39: =VLOOKUP(A39,'10'!B:BA,52,0) -> 28 | AI39: กล่อง | AJ39: =+AH39*C39 -> 0 | AK39: =VLOOKUP(A39,'11'!B:BA,52,0) -> 21 | AL39: กล่อง | AM39: =+AK39*C39 -> 0 | AN39: =VLOOKUP(A39,'12'!B:BA,52,0) -> 15 | AO39: กล่อง | AP39: =+AN39*C39 -> 0 | AQ39: =VLOOKUP(A39,'13'!B:BA,52,0) -> 19 | AR39: กล่อง | AS39: =+AQ39*C39 -> 0 | AT39: =VLOOKUP(A39,'14'!B:BA,52,0) -> 16 | AU39: กล่อง | AV39: =+AT39*C39 -> 0 | AW39: =VLOOKUP(A39,'15'!B:BA,52,0) -> 19 | AX39: กล่อง | AY39: =+AW39*C39 -> 0 | AZ39: =VLOOKUP(A39,'16'!B:BA,52,0) -> 21 | BA39: กล่อง | BB39: =+AZ39*C39 -> 0 | BC39: =VLOOKUP(A39,'17'!B:BA,52,0) -> 13 | BD39: กล่อง | BE39: =+BC39*C39 -> 0 | BF39: =VLOOKUP(A39,'18'!B:BA,52,0) -> 32 | BG39: กล่อง | BH39: =+BF39*C39 -> 0 | BI39: =VLOOKUP(A39,'19'!B:BA,52,0) -> 10 | BJ39: กล่อง | BK39: =+BI39*C39 -> 0 | BL39: =VLOOKUP(A39,'20'!B:BA,52,0) -> 4 | BM39: กล่อง | BN39: =+BL39*C39 -> 0 | BO39: =VLOOKUP(A39,'21'!B:BA,52,0) -> 5 | BP39: กล่อง | BQ39: =+BO39*C39 -> 0 | BR39: =VLOOKUP(A39,'22'!B:BA,52,0) -> 8 | BS39: กล่อง | BT39: =+BR39*C39 -> 0 | BU39: =VLOOKUP(A39,'23'!B:BA,52,0) -> 36 | BV39: กล่อง | BW39: =+BU39*C39 -> 0 | BX39: =VLOOKUP(A39,'24'!B:BA,52,0) -> 9 | BY39: กล่อง | BZ39: =+BX39*C39 -> 0 | CA39: =VLOOKUP(A39,'25'!B:BA,52,0) -> 26 | CB39: กล่อง | CC39: =+CA39*C39 -> 0 | CD39: =VLOOKUP(A39,'26'!B:BA,52,0) -> 20 | CE39: กล่อง | CF39: =+CD39*C39 -> 0 | CG39: =VLOOKUP(A39,'27'!B:BA,52,0) -> 19 | CH39: กล่อง | CI39: =+CG39*C39 -> 0 | CJ39: =VLOOKUP(A39,'28'!B:BA,52,0) -> 9 | CK39: กล่อง | CL39: =+CJ39*C39 -> 0 | CM39: =VLOOKUP(A39,'29'!B:BA,52,0) -> 19 | CN39: กล่อง | CO39: =+CM39*C39 -> 0 | CP39: =VLOOKUP(A39,'30'!B:BA,52,0) -> 10 | CQ39: กล่อง | CR39: =+CP39*C39 -> 0 | CS39: =VLOOKUP(A39,'31'!B:BA,52,0) -> 15 | CT39: กล่อง | CU39: =+CS39*C39 -> 0 | CV39: =VLOOKUP(A39,สรุป!B:BA,52,0) -> 591 | CW39: กล่อง | CX39: =+CV39*C39 -> 0
A40: 1111016 | B40: ชิฟฟ่อนสอดไส้ แยม 1กล่อง มี6ชิ้น (มะพร้าว) | C40: 28.7 | D40: =+CV40 -> 0 | E40: กล่อง | F40: =+D40*C40 -> 0 | G40: =VLOOKUP(A40,'1'!B:BA,52,0) -> 0 | H40: กล่อง | I40: =+G40*C40 -> 0 | J40: =VLOOKUP(A40,'2'!B:BA,52,0) -> 0 | K40: กล่อง | L40: =+J40*C40 -> 0 | M40: =VLOOKUP(A40,'3'!B:BA,52,0) -> 0 | N40: กล่อง | O40: =+M40*C40 -> 0 | P40: =VLOOKUP(A40,'4'!B:BA,52,0) -> 0 | Q40: กล่อง | R40: =+P40*C40 -> 0 | S40: =VLOOKUP(A40,'5'!B:BA,52,0) -> 0 | T40: กล่อง | U40: =+S40*C40 -> 0 | V40: =VLOOKUP(A40,'6'!B:BA,52,0) -> 0 | W40: กล่อง | X40: =+V40*C40 -> 0 | Y40: =VLOOKUP(A40,'7'!B:BA,52,0) -> 0 | Z40: กล่อง | AA40: =+Y40*C40 -> 0 | AB40: =VLOOKUP(A40,'8'!B:BA,52,0) -> 0 | AC40: กล่อง | AD40: =+AB40*C40 -> 0 | AE40: =VLOOKUP(A40,'9'!B:BA,52,0) -> 0 | AF40: กล่อง | AG40: =+AE40*C40 -> 0 | AH40: =VLOOKUP(A40,'10'!B:BA,52,0) -> 0 | AI40: กล่อง | AJ40: =+AH40*C40 -> 0 | AK40: =VLOOKUP(A40,'11'!B:BA,52,0) -> 0 | AL40: กล่อง | AM40: =+AK40*C40 -> 0 | AN40: =VLOOKUP(A40,'12'!B:BA,52,0) -> 0 | AO40: กล่อง | AP40: =+AN40*C40 -> 0 | AQ40: =VLOOKUP(A40,'13'!B:BA,52,0) -> 0 | AR40: กล่อง | AS40: =+AQ40*C40 -> 0 | AT40: =VLOOKUP(A40,'14'!B:BA,52,0) -> 0 | AU40: กล่อง | AV40: =+AT40*C40 -> 0 | AW40: =VLOOKUP(A40,'15'!B:BA,52,0) -> 0 | AX40: กล่อง | AY40: =+AW40*C40 -> 0 | AZ40: =VLOOKUP(A40,'16'!B:BA,52,0) -> 0 | BA40: กล่อง | BB40: =+AZ40*C40 -> 0 | BC40: =VLOOKUP(A40,'17'!B:BA,52,0) -> 0 | BD40: กล่อง | BE40: =+BC40*C40 -> 0 | BF40: =VLOOKUP(A40,'18'!B:BA,52,0) -> 0 | BG40: กล่อง | BH40: =+BF40*C40 -> 0 | BI40: =VLOOKUP(A40,'19'!B:BA,52,0) -> 0 | BJ40: กล่อง | BK40: =+BI40*C40 -> 0 | BL40: =VLOOKUP(A40,'20'!B:BA,52,0) -> 0 | BM40: กล่อง | BN40: =+BL40*C40 -> 0 | BO40: =VLOOKUP(A40,'21'!B:BA,52,0) -> 0 | BP40: กล่อง | BQ40: =+BO40*C40 -> 0 | BR40: =VLOOKUP(A40,'22'!B:BA,52,0) -> 0 | BS40: กล่อง | BT40: =+BR40*C40 -> 0 | BU40: =VLOOKUP(A40,'23'!B:BA,52,0) -> 0 | BV40: กล่อง | BW40: =+BU40*C40 -> 0 | BX40: =VLOOKUP(A40,'24'!B:BA,52,0) -> 0 | BY40: กล่อง | BZ40: =+BX40*C40 -> 0 | CA40: =VLOOKUP(A40,'25'!B:BA,52,0) -> 0 | CB40: กล่อง | CC40: =+CA40*C40 -> 0 | CD40: =VLOOKUP(A40,'26'!B:BA,52,0) -> 0 | CE40: กล่อง | CF40: =+CD40*C40 -> 0 | CG40: =VLOOKUP(A40,'27'!B:BA,52,0) -> 0 | CH40: กล่อง | CI40: =+CG40*C40 -> 0 | CJ40: =VLOOKUP(A40,'28'!B:BA,52,0) -> 0 | CK40: กล่อง | CL40: =+CJ40*C40 -> 0 | CM40: =VLOOKUP(A40,'29'!B:BA,52,0) -> 0 | CN40: กล่อง | CO40: =+CM40*C40 -> 0 | CP40: =VLOOKUP(A40,'30'!B:BA,52,0) -> 0 | CQ40: กล่อง | CR40: =+CP40*C40 -> 0 | CS40: =VLOOKUP(A40,'31'!B:BA,52,0) -> 0 | CT40: กล่อง | CU40: =+CS40*C40 -> 0 | CV40: =VLOOKUP(A40,สรุป!B:BA,52,0) -> 0 | CW40: กล่อง | CX40: =+CV40*C40 -> 0
A41: 1112008 | B41: เค้กเบาหวิว ใหญ่ 1 กล่องขนาด 300 กรัม (มะพร้าว) | C41: 26.85 | D41: =+CV41 -> 40 | E41: กล่อง | F41: =+D41*C41 -> 1074 | G41: =VLOOKUP(A41,'1'!B:BA,52,0) -> 0 | H41: กล่อง | I41: =+G41*C41 -> 0 | J41: =VLOOKUP(A41,'2'!B:BA,52,0) -> 0 | K41: กล่อง | L41: =+J41*C41 -> 0 | M41: =VLOOKUP(A41,'3'!B:BA,52,0) -> 0 | N41: กล่อง | O41: =+M41*C41 -> 0 | P41: =VLOOKUP(A41,'4'!B:BA,52,0) -> 0 | Q41: กล่อง | R41: =+P41*C41 -> 0 | S41: =VLOOKUP(A41,'5'!B:BA,52,0) -> 0 | T41: กล่อง | U41: =+S41*C41 -> 0 | V41: =VLOOKUP(A41,'6'!B:BA,52,0) -> 0 | W41: กล่อง | X41: =+V41*C41 -> 0 | Y41: =VLOOKUP(A41,'7'!B:BA,52,0) -> 0 | Z41: กล่อง | AA41: =+Y41*C41 -> 0 | AB41: =VLOOKUP(A41,'8'!B:BA,52,0) -> 0 | AC41: กล่อง | AD41: =+AB41*C41 -> 0 | AE41: =VLOOKUP(A41,'9'!B:BA,52,0) -> 0 | AF41: กล่อง | AG41: =+AE41*C41 -> 0 | AH41: =VLOOKUP(A41,'10'!B:BA,52,0) -> 0 | AI41: กล่อง | AJ41: =+AH41*C41 -> 0 | AK41: =VLOOKUP(A41,'11'!B:BA,52,0) -> 20 | AL41: กล่อง | AM41: =+AK41*C41 -> 537 | AN41: =VLOOKUP(A41,'12'!B:BA,52,0) -> 0 | AO41: กล่อง | AP41: =+AN41*C41 -> 0 | AQ41: =VLOOKUP(A41,'13'!B:BA,52,0) -> 0 | AR41: กล่อง | AS41: =+AQ41*C41 -> 0 | AT41: =VLOOKUP(A41,'14'!B:BA,52,0) -> 0 | AU41: กล่อง | AV41: =+AT41*C41 -> 0 | AW41: =VLOOKUP(A41,'15'!B:BA,52,0) -> 0 | AX41: กล่อง | AY41: =+AW41*C41 -> 0 | AZ41: =VLOOKUP(A41,'16'!B:BA,52,0) -> 0 | BA41: กล่อง | BB41: =+AZ41*C41 -> 0 | BC41: =VLOOKUP(A41,'17'!B:BA,52,0) -> 0 | BD41: กล่อง | BE41: =+BC41*C41 -> 0 | BF41: =VLOOKUP(A41,'18'!B:BA,52,0) -> 0 | BG41: กล่อง | BH41: =+BF41*C41 -> 0 | BI41: =VLOOKUP(A41,'19'!B:BA,52,0) -> 0 | BJ41: กล่อง | BK41: =+BI41*C41 -> 0 | BL41: =VLOOKUP(A41,'20'!B:BA,52,0) -> 0 | BM41: กล่อง | BN41: =+BL41*C41 -> 0 | BO41: =VLOOKUP(A41,'21'!B:BA,52,0) -> 0 | BP41: กล่อง | BQ41: =+BO41*C41 -> 0 | BR41: =VLOOKUP(A41,'22'!B:BA,52,0) -> 0 | BS41: กล่อง | BT41: =+BR41*C41 -> 0 | BU41: =VLOOKUP(A41,'23'!B:BA,52,0) -> 0 | BV41: กล่อง | BW41: =+BU41*C41 -> 0 | BX41: =VLOOKUP(A41,'24'!B:BA,52,0) -> 0 | BY41: กล่อง | BZ41: =+BX41*C41 -> 0 | CA41: =VLOOKUP(A41,'25'!B:BA,52,0) -> 20 | CB41: กล่อง | CC41: =+CA41*C41 -> 537 | CD41: =VLOOKUP(A41,'26'!B:BA,52,0) -> 0 | CE41: กล่อง | CF41: =+CD41*C41 -> 0 | CG41: =VLOOKUP(A41,'27'!B:BA,52,0) -> 0 | CH41: กล่อง | CI41: =+CG41*C41 -> 0 | CJ41: =VLOOKUP(A41,'28'!B:BA,52,0) -> 0 | CK41: กล่อง | CL41: =+CJ41*C41 -> 0 | CM41: =VLOOKUP(A41,'29'!B:BA,52,0) -> 0 | CN41: กล่อง | CO41: =+CM41*C41 -> 0 | CP41: =VLOOKUP(A41,'30'!B:BA,52,0) -> 0 | CQ41: กล่อง | CR41: =+CP41*C41 -> 0 | CS41: =VLOOKUP(A41,'31'!B:BA,52,0) -> 0 | CT41: กล่อง | CU41: =+CS41*C41 -> 0 | CV41: =VLOOKUP(A41,สรุป!B:BA,52,0) -> 40 | CW41: กล่อง | CX41: =+CV41*C41 -> 1074
A42: 1112012 | B42: เค้กเบาหวิว ใหญ่ 1 กล่องขนาด 300 กรัม (เผือกมะพร้าว) | C42: 25.46 | D42: =+CV42 -> 0 | E42: กล่อง | F42: =+D42*C42 -> 0 | G42: =VLOOKUP(A42,'1'!B:BA,52,0) -> 0 | H42: กล่อง | I42: =+G42*C42 -> 0 | J42: =VLOOKUP(A42,'2'!B:BA,52,0) -> 0 | K42: กล่อง | L42: =+J42*C42 -> 0 | M42: =VLOOKUP(A42,'3'!B:BA,52,0) -> 0 | N42: กล่อง | O42: =+M42*C42 -> 0 | P42: =VLOOKUP(A42,'4'!B:BA,52,0) -> 0 | Q42: กล่อง | R42: =+P42*C42 -> 0 | S42: =VLOOKUP(A42,'5'!B:BA,52,0) -> 0 | T42: กล่อง | U42: =+S42*C42 -> 0 | V42: =VLOOKUP(A42,'6'!B:BA,52,0) -> 0 | W42: กล่อง | X42: =+V42*C42 -> 0 | Y42: =VLOOKUP(A42,'7'!B:BA,52,0) -> 0 | Z42: กล่อง | AA42: =+Y42*C42 -> 0 | AB42: =VLOOKUP(A42,'8'!B:BA,52,0) -> 0 | AC42: กล่อง | AD42: =+AB42*C42 -> 0 | AE42: =VLOOKUP(A42,'9'!B:BA,52,0) -> 0 | AF42: กล่อง | AG42: =+AE42*C42 -> 0 | AH42: =VLOOKUP(A42,'10'!B:BA,52,0) -> 0 | AI42: กล่อง | AJ42: =+AH42*C42 -> 0 | AK42: =VLOOKUP(A42,'11'!B:BA,52,0) -> 0 | AL42: กล่อง | AM42: =+AK42*C42 -> 0 | AN42: =VLOOKUP(A42,'12'!B:BA,52,0) -> 0 | AO42: กล่อง | AP42: =+AN42*C42 -> 0 | AQ42: =VLOOKUP(A42,'13'!B:BA,52,0) -> 0 | AR42: กล่อง | AS42: =+AQ42*C42 -> 0 | AT42: =VLOOKUP(A42,'14'!B:BA,52,0) -> 0 | AU42: กล่อง | AV42: =+AT42*C42 -> 0 | AW42: =VLOOKUP(A42,'15'!B:BA,52,0) -> 0 | AX42: กล่อง | AY42: =+AW42*C42 -> 0 | AZ42: =VLOOKUP(A42,'16'!B:BA,52,0) -> 0 | BA42: กล่อง | BB42: =+AZ42*C42 -> 0 | BC42: =VLOOKUP(A42,'17'!B:BA,52,0) -> 0 | BD42: กล่อง | BE42: =+BC42*C42 -> 0 | BF42: =VLOOKUP(A42,'18'!B:BA,52,0) -> 0 | BG42: กล่อง | BH42: =+BF42*C42 -> 0 | BI42: =VLOOKUP(A42,'19'!B:BA,52,0) -> 0 | BJ42: กล่อง | BK42: =+BI42*C42 -> 0 | BL42: =VLOOKUP(A42,'20'!B:BA,52,0) -> 0 | BM42: กล่อง | BN42: =+BL42*C42 -> 0 | BO42: =VLOOKUP(A42,'21'!B:BA,52,0) -> 0 | BP42: กล่อง | BQ42: =+BO42*C42 -> 0 | BR42: =VLOOKUP(A42,'22'!B:BA,52,0) -> 0 | BS42: กล่อง | BT42: =+BR42*C42 -> 0 | BU42: =VLOOKUP(A42,'23'!B:BA,52,0) -> 0 | BV42: กล่อง | BW42: =+BU42*C42 -> 0 | BX42: =VLOOKUP(A42,'24'!B:BA,52,0) -> 0 | BY42: กล่อง | BZ42: =+BX42*C42 -> 0 | CA42: =VLOOKUP(A42,'25'!B:BA,52,0) -> 0 | CB42: กล่อง | CC42: =+CA42*C42 -> 0 | CD42: =VLOOKUP(A42,'26'!B:BA,52,0) -> 0 | CE42: กล่อง | CF42: =+CD42*C42 -> 0 | CG42: =VLOOKUP(A42,'27'!B:BA,52,0) -> 0 | CH42: กล่อง | CI42: =+CG42*C42 -> 0 | CJ42: =VLOOKUP(A42,'28'!B:BA,52,0) -> 0 | CK42: กล่อง | CL42: =+CJ42*C42 -> 0 | CM42: =VLOOKUP(A42,'29'!B:BA,52,0) -> 0 | CN42: กล่อง | CO42: =+CM42*C42 -> 0 | CP42: =VLOOKUP(A42,'30'!B:BA,52,0) -> 0 | CQ42: กล่อง | CR42: =+CP42*C42 -> 0 | CS42: =VLOOKUP(A42,'31'!B:BA,52,0) -> 0 | CT42: กล่อง | CU42: =+CS42*C42 -> 0 | CV42: =VLOOKUP(A42,สรุป!B:BA,52,0) -> 0 | CW42: กล่อง | CX42: =+CV42*C42 -> 0
A43: 1112014 | B43: เค้กเบาหวิว ใหญ่ 1 กล่องขนาด 300 กรัม (กล้วยหอมมะพร้าวเผา) | C43: 25.85 | D43: =+CV43 -> 0 | E43: กล่อง | F43: =+D43*C43 -> 0 | G43: =VLOOKUP(A43,'1'!B:BA,52,0) -> 0 | H43: กล่อง | I43: =+G43*C43 -> 0 | J43: =VLOOKUP(A43,'2'!B:BA,52,0) -> 0 | K43: กล่อง | L43: =+J43*C43 -> 0 | M43: =VLOOKUP(A43,'3'!B:BA,52,0) -> 0 | N43: กล่อง | O43: =+M43*C43 -> 0 | P43: =VLOOKUP(A43,'4'!B:BA,52,0) -> 0 | Q43: กล่อง | R43: =+P43*C43 -> 0 | S43: =VLOOKUP(A43,'5'!B:BA,52,0) -> 0 | T43: กล่อง | U43: =+S43*C43 -> 0 | V43: =VLOOKUP(A43,'6'!B:BA,52,0) -> 0 | W43: กล่อง | X43: =+V43*C43 -> 0 | Y43: =VLOOKUP(A43,'7'!B:BA,52,0) -> 0 | Z43: กล่อง | AA43: =+Y43*C43 -> 0 | AB43: =VLOOKUP(A43,'8'!B:BA,52,0) -> 0 | AC43: กล่อง | AD43: =+AB43*C43 -> 0 | AE43: =VLOOKUP(A43,'9'!B:BA,52,0) -> 0 | AF43: กล่อง | AG43: =+AE43*C43 -> 0 | AH43: =VLOOKUP(A43,'10'!B:BA,52,0) -> 0 | AI43: กล่อง | AJ43: =+AH43*C43 -> 0 | AK43: =VLOOKUP(A43,'11'!B:BA,52,0) -> 0 | AL43: กล่อง | AM43: =+AK43*C43 -> 0 | AN43: =VLOOKUP(A43,'12'!B:BA,52,0) -> 0 | AO43: กล่อง | AP43: =+AN43*C43 -> 0 | AQ43: =VLOOKUP(A43,'13'!B:BA,52,0) -> 0 | AR43: กล่อง | AS43: =+AQ43*C43 -> 0 | AT43: =VLOOKUP(A43,'14'!B:BA,52,0) -> 0 | AU43: กล่อง | AV43: =+AT43*C43 -> 0 | AW43: =VLOOKUP(A43,'15'!B:BA,52,0) -> 0 | AX43: กล่อง | AY43: =+AW43*C43 -> 0 | AZ43: =VLOOKUP(A43,'16'!B:BA,52,0) -> 0 | BA43: กล่อง | BB43: =+AZ43*C43 -> 0 | BC43: =VLOOKUP(A43,'17'!B:BA,52,0) -> 0 | BD43: กล่อง | BE43: =+BC43*C43 -> 0 | BF43: =VLOOKUP(A43,'18'!B:BA,52,0) -> 0 | BG43: กล่อง | BH43: =+BF43*C43 -> 0 | BI43: =VLOOKUP(A43,'19'!B:BA,52,0) -> 0 | BJ43: กล่อง | BK43: =+BI43*C43 -> 0 | BL43: =VLOOKUP(A43,'20'!B:BA,52,0) -> 0 | BM43: กล่อง | BN43: =+BL43*C43 -> 0 | BO43: =VLOOKUP(A43,'21'!B:BA,52,0) -> 0 | BP43: กล่อง | BQ43: =+BO43*C43 -> 0 | BR43: =VLOOKUP(A43,'22'!B:BA,52,0) -> 0 | BS43: กล่อง | BT43: =+BR43*C43 -> 0 | BU43: =VLOOKUP(A43,'23'!B:BA,52,0) -> 0 | BV43: กล่อง | BW43: =+BU43*C43 -> 0 | BX43: =VLOOKUP(A43,'24'!B:BA,52,0) -> 0 | BY43: กล่อง | BZ43: =+BX43*C43 -> 0 | CA43: =VLOOKUP(A43,'25'!B:BA,52,0) -> 0 | CB43: กล่อง | CC43: =+CA43*C43 -> 0 | CD43: =VLOOKUP(A43,'26'!B:BA,52,0) -> 0 | CE43: กล่อง | CF43: =+CD43*C43 -> 0 | CG43: =VLOOKUP(A43,'27'!B:BA,52,0) -> 0 | CH43: กล่อง | CI43: =+CG43*C43 -> 0 | CJ43: =VLOOKUP(A43,'28'!B:BA,52,0) -> 0 | CK43: กล่อง | CL43: =+CJ43*C43 -> 0 | CM43: =VLOOKUP(A43,'29'!B:BA,52,0) -> 0 | CN43: กล่อง | CO43: =+CM43*C43 -> 0 | CP43: =VLOOKUP(A43,'30'!B:BA,52,0) -> 0 | CQ43: กล่อง | CR43: =+CP43*C43 -> 0 | CS43: =VLOOKUP(A43,'31'!B:BA,52,0) -> 0 | CT43: กล่อง | CU43: =+CS43*C43 -> 0 | CV43: =VLOOKUP(A43,สรุป!B:BA,52,0) -> 0 | CW43: กล่อง | CX43: =+CV43*C43 -> 0
A44: 1112002 | B44: ชิฟฟ่อนไม่มีไส้ แบบกล่อง8ชิ้น รวมรส (รวมรส) | C44: 29.93 | D44: =+CV44 -> 0 | E44: กล่อง | F44: =+D44*C44 -> 0 | G44: =VLOOKUP(A44,'1'!B:BA,52,0) -> 0 | H44: กล่อง | I44: =+G44*C44 -> 0 | J44: =VLOOKUP(A44,'2'!B:BA,52,0) -> 0 | K44: กล่อง | L44: =+J44*C44 -> 0 | M44: =VLOOKUP(A44,'3'!B:BA,52,0) -> 0 | N44: กล่อง | O44: =+M44*C44 -> 0 | P44: =VLOOKUP(A44,'4'!B:BA,52,0) -> 0 | Q44: กล่อง | R44: =+P44*C44 -> 0 | S44: =VLOOKUP(A44,'5'!B:BA,52,0) -> 0 | T44: กล่อง | U44: =+S44*C44 -> 0 | V44: =VLOOKUP(A44,'6'!B:BA,52,0) -> 0 | W44: กล่อง | X44: =+V44*C44 -> 0 | Y44: =VLOOKUP(A44,'7'!B:BA,52,0) -> 0 | Z44: กล่อง | AA44: =+Y44*C44 -> 0 | AB44: =VLOOKUP(A44,'8'!B:BA,52,0) -> 0 | AC44: กล่อง | AD44: =+AB44*C44 -> 0 | AE44: =VLOOKUP(A44,'9'!B:BA,52,0) -> 0 | AF44: กล่อง | AG44: =+AE44*C44 -> 0 | AH44: =VLOOKUP(A44,'10'!B:BA,52,0) -> 0 | AI44: กล่อง | AJ44: =+AH44*C44 -> 0 | AK44: =VLOOKUP(A44,'11'!B:BA,52,0) -> 0 | AL44: กล่อง | AM44: =+AK44*C44 -> 0 | AN44: =VLOOKUP(A44,'12'!B:BA,52,0) -> 0 | AO44: กล่อง | AP44: =+AN44*C44 -> 0 | AQ44: =VLOOKUP(A44,'13'!B:BA,52,0) -> 0 | AR44: กล่อง | AS44: =+AQ44*C44 -> 0 | AT44: =VLOOKUP(A44,'14'!B:BA,52,0) -> 0 | AU44: กล่อง | AV44: =+AT44*C44 -> 0 | AW44: =VLOOKUP(A44,'15'!B:BA,52,0) -> 0 | AX44: กล่อง | AY44: =+AW44*C44 -> 0 | AZ44: =VLOOKUP(A44,'16'!B:BA,52,0) -> 0 | BA44: กล่อง | BB44: =+AZ44*C44 -> 0 | BC44: =VLOOKUP(A44,'17'!B:BA,52,0) -> 0 | BD44: กล่อง | BE44: =+BC44*C44 -> 0 | BF44: =VLOOKUP(A44,'18'!B:BA,52,0) -> 0 | BG44: กล่อง | BH44: =+BF44*C44 -> 0 | BI44: =VLOOKUP(A44,'19'!B:BA,52,0) -> 0 | BJ44: กล่อง | BK44: =+BI44*C44 -> 0 | BL44: =VLOOKUP(A44,'20'!B:BA,52,0) -> 0 | BM44: กล่อง | BN44: =+BL44*C44 -> 0 | BO44: =VLOOKUP(A44,'21'!B:BA,52,0) -> 0 | BP44: กล่อง | BQ44: =+BO44*C44 -> 0 | BR44: =VLOOKUP(A44,'22'!B:BA,52,0) -> 0 | BS44: กล่อง | BT44: =+BR44*C44 -> 0 | BU44: =VLOOKUP(A44,'23'!B:BA,52,0) -> 0 | BV44: กล่อง | BW44: =+BU44*C44 -> 0 | BX44: =VLOOKUP(A44,'24'!B:BA,52,0) -> 0 | BY44: กล่อง | BZ44: =+BX44*C44 -> 0 | CA44: =VLOOKUP(A44,'25'!B:BA,52,0) -> 0 | CB44: กล่อง | CC44: =+CA44*C44 -> 0 | CD44: =VLOOKUP(A44,'26'!B:BA,52,0) -> 0 | CE44: กล่อง | CF44: =+CD44*C44 -> 0 | CG44: =VLOOKUP(A44,'27'!B:BA,52,0) -> 0 | CH44: กล่อง | CI44: =+CG44*C44 -> 0 | CJ44: =VLOOKUP(A44,'28'!B:BA,52,0) -> 0 | CK44: กล่อง | CL44: =+CJ44*C44 -> 0 | CM44: =VLOOKUP(A44,'29'!B:BA,52,0) -> 0 | CN44: กล่อง | CO44: =+CM44*C44 -> 0 | CP44: =VLOOKUP(A44,'30'!B:BA,52,0) -> 0 | CQ44: กล่อง | CR44: =+CP44*C44 -> 0 | CS44: =VLOOKUP(A44,'31'!B:BA,52,0) -> 0 | CT44: กล่อง | CU44: =+CS44*C44 -> 0 | CV44: =VLOOKUP(A44,สรุป!B:BA,52,0) -> 0 | CW44: กล่อง | CX44: =+CV44*C44 -> 0
A45: 1112004 | B45: เค้กเบาหวิว ใหญ่ 1 กล่องขนาด 300 กรัม (เนยนม) | C45: 29.18 | D45: =+CV45 -> 90 | E45: กล่อง | F45: =+D45*C45 -> 2626.2 | G45: =VLOOKUP(A45,'1'!B:BA,52,0) -> 0 | H45: กล่อง | I45: =+G45*C45 -> 0 | J45: =VLOOKUP(A45,'2'!B:BA,52,0) -> 0 | K45: กล่อง | L45: =+J45*C45 -> 0 | M45: =VLOOKUP(A45,'3'!B:BA,52,0) -> 0 | N45: กล่อง | O45: =+M45*C45 -> 0 | P45: =VLOOKUP(A45,'4'!B:BA,52,0) -> 0 | Q45: กล่อง | R45: =+P45*C45 -> 0 | S45: =VLOOKUP(A45,'5'!B:BA,52,0) -> 0 | T45: กล่อง | U45: =+S45*C45 -> 0 | V45: =VLOOKUP(A45,'6'!B:BA,52,0) -> 0 | W45: กล่อง | X45: =+V45*C45 -> 0 | Y45: =VLOOKUP(A45,'7'!B:BA,52,0) -> 0 | Z45: กล่อง | AA45: =+Y45*C45 -> 0 | AB45: =VLOOKUP(A45,'8'!B:BA,52,0) -> 0 | AC45: กล่อง | AD45: =+AB45*C45 -> 0 | AE45: =VLOOKUP(A45,'9'!B:BA,52,0) -> 0 | AF45: กล่อง | AG45: =+AE45*C45 -> 0 | AH45: =VLOOKUP(A45,'10'!B:BA,52,0) -> 0 | AI45: กล่อง | AJ45: =+AH45*C45 -> 0 | AK45: =VLOOKUP(A45,'11'!B:BA,52,0) -> 40 | AL45: กล่อง | AM45: =+AK45*C45 -> 1167.2 | AN45: =VLOOKUP(A45,'12'!B:BA,52,0) -> 0 | AO45: กล่อง | AP45: =+AN45*C45 -> 0 | AQ45: =VLOOKUP(A45,'13'!B:BA,52,0) -> 0 | AR45: กล่อง | AS45: =+AQ45*C45 -> 0 | AT45: =VLOOKUP(A45,'14'!B:BA,52,0) -> 0 | AU45: กล่อง | AV45: =+AT45*C45 -> 0 | AW45: =VLOOKUP(A45,'15'!B:BA,52,0) -> 0 | AX45: กล่อง | AY45: =+AW45*C45 -> 0 | AZ45: =VLOOKUP(A45,'16'!B:BA,52,0) -> 0 | BA45: กล่อง | BB45: =+AZ45*C45 -> 0 | BC45: =VLOOKUP(A45,'17'!B:BA,52,0) -> 0 | BD45: กล่อง | BE45: =+BC45*C45 -> 0 | BF45: =VLOOKUP(A45,'18'!B:BA,52,0) -> 20 | BG45: กล่อง | BH45: =+BF45*C45 -> 583.6 | BI45: =VLOOKUP(A45,'19'!B:BA,52,0) -> 0 | BJ45: กล่อง | BK45: =+BI45*C45 -> 0 | BL45: =VLOOKUP(A45,'20'!B:BA,52,0) -> 0 | BM45: กล่อง | BN45: =+BL45*C45 -> 0 | BO45: =VLOOKUP(A45,'21'!B:BA,52,0) -> 0 | BP45: กล่อง | BQ45: =+BO45*C45 -> 0 | BR45: =VLOOKUP(A45,'22'!B:BA,52,0) -> 0 | BS45: กล่อง | BT45: =+BR45*C45 -> 0 | BU45: =VLOOKUP(A45,'23'!B:BA,52,0) -> 0 | BV45: กล่อง | BW45: =+BU45*C45 -> 0 | BX45: =VLOOKUP(A45,'24'!B:BA,52,0) -> 0 | BY45: กล่อง | BZ45: =+BX45*C45 -> 0 | CA45: =VLOOKUP(A45,'25'!B:BA,52,0) -> 30 | CB45: กล่อง | CC45: =+CA45*C45 -> 875.4 | CD45: =VLOOKUP(A45,'26'!B:BA,52,0) -> 0 | CE45: กล่อง | CF45: =+CD45*C45 -> 0 | CG45: =VLOOKUP(A45,'27'!B:BA,52,0) -> 0 | CH45: กล่อง | CI45: =+CG45*C45 -> 0 | CJ45: =VLOOKUP(A45,'28'!B:BA,52,0) -> 0 | CK45: กล่อง | CL45: =+CJ45*C45 -> 0 | CM45: =VLOOKUP(A45,'29'!B:BA,52,0) -> 0 | CN45: กล่อง | CO45: =+CM45*C45 -> 0 | CP45: =VLOOKUP(A45,'30'!B:BA,52,0) -> 0 | CQ45: กล่อง | CR45: =+CP45*C45 -> 0 | CS45: =VLOOKUP(A45,'31'!B:BA,52,0) -> 0 | CT45: กล่อง | CU45: =+CS45*C45 -> 0 | CV45: =VLOOKUP(A45,สรุป!B:BA,52,0) -> 90 | CW45: กล่อง | CX45: =+CV45*C45 -> 2626.2
A46: 20052721 | B46: แซนวิชโบราณ 1 ชิ้น | C46: 0 | D46: =+CV46 -> 249 | E46: ชิ้น | F46: =+D46*C46 -> 0 | G46: =VLOOKUP(A46,'1'!B:BA,52,0) -> 0 | H46: ชิ้น | I46: =+G46*C46 -> 0 | J46: =VLOOKUP(A46,'2'!B:BA,52,0) -> 0 | K46: ชิ้น | L46: =+J46*C46 -> 0 | M46: =VLOOKUP(A46,'3'!B:BA,52,0) -> 0 | N46: ชิ้น | O46: =+M46*C46 -> 0 | P46: =VLOOKUP(A46,'4'!B:BA,52,0) -> 0 | Q46: ชิ้น | R46: =+P46*C46 -> 0 | S46: =VLOOKUP(A46,'5'!B:BA,52,0) -> 0 | T46: ชิ้น | U46: =+S46*C46 -> 0 | V46: =VLOOKUP(A46,'6'!B:BA,52,0) -> 0 | W46: ชิ้น | X46: =+V46*C46 -> 0 | Y46: =VLOOKUP(A46,'7'!B:BA,52,0) -> 0 | Z46: ชิ้น | AA46: =+Y46*C46 -> 0 | AB46: =VLOOKUP(A46,'8'!B:BA,52,0) -> 0 | AC46: ชิ้น | AD46: =+AB46*C46 -> 0 | AE46: =VLOOKUP(A46,'9'!B:BA,52,0) -> 0 | AF46: ชิ้น | AG46: =+AE46*C46 -> 0 | AH46: =VLOOKUP(A46,'10'!B:BA,52,0) -> 0 | AI46: ชิ้น | AJ46: =+AH46*C46 -> 0 | AK46: =VLOOKUP(A46,'11'!B:BA,52,0) -> 73 | AL46: ชิ้น | AM46: =+AK46*C46 -> 0 | AN46: =VLOOKUP(A46,'12'!B:BA,52,0) -> 0 | AO46: ชิ้น | AP46: =+AN46*C46 -> 0 | AQ46: =VLOOKUP(A46,'13'!B:BA,52,0) -> 10 | AR46: ชิ้น | AS46: =+AQ46*C46 -> 0 | AT46: =VLOOKUP(A46,'14'!B:BA,52,0) -> 0 | AU46: ชิ้น | AV46: =+AT46*C46 -> 0 | AW46: =VLOOKUP(A46,'15'!B:BA,52,0) -> 0 | AX46: ชิ้น | AY46: =+AW46*C46 -> 0 | AZ46: =VLOOKUP(A46,'16'!B:BA,52,0) -> 0 | BA46: ชิ้น | BB46: =+AZ46*C46 -> 0 | BC46: =VLOOKUP(A46,'17'!B:BA,52,0) -> 0 | BD46: ชิ้น | BE46: =+BC46*C46 -> 0 | BF46: =VLOOKUP(A46,'18'!B:BA,52,0) -> 73 | BG46: ชิ้น | BH46: =+BF46*C46 -> 0 | BI46: =VLOOKUP(A46,'19'!B:BA,52,0) -> 0 | BJ46: ชิ้น | BK46: =+BI46*C46 -> 0 | BL46: =VLOOKUP(A46,'20'!B:BA,52,0) -> 10 | BM46: ชิ้น | BN46: =+BL46*C46 -> 0 | BO46: =VLOOKUP(A46,'21'!B:BA,52,0) -> 0 | BP46: ชิ้น | BQ46: =+BO46*C46 -> 0 | BR46: =VLOOKUP(A46,'22'!B:BA,52,0) -> 0 | BS46: ชิ้น | BT46: =+BR46*C46 -> 0 | BU46: =VLOOKUP(A46,'23'!B:BA,52,0) -> 0 | BV46: ชิ้น | BW46: =+BU46*C46 -> 0 | BX46: =VLOOKUP(A46,'24'!B:BA,52,0) -> 0 | BY46: ชิ้น | BZ46: =+BX46*C46 -> 0 | CA46: =VLOOKUP(A46,'25'!B:BA,52,0) -> 73 | CB46: ชิ้น | CC46: =+CA46*C46 -> 0 | CD46: =VLOOKUP(A46,'26'!B:BA,52,0) -> 0 | CE46: ชิ้น | CF46: =+CD46*C46 -> 0 | CG46: =VLOOKUP(A46,'27'!B:BA,52,0) -> 10 | CH46: ชิ้น | CI46: =+CG46*C46 -> 0 | CJ46: =VLOOKUP(A46,'28'!B:BA,52,0) -> 0 | CK46: ชิ้น | CL46: =+CJ46*C46 -> 0 | CM46: =VLOOKUP(A46,'29'!B:BA,52,0) -> 0 | CN46: ชิ้น | CO46: =+CM46*C46 -> 0 | CP46: =VLOOKUP(A46,'30'!B:BA,52,0) -> 0 | CQ46: ชิ้น | CR46: =+CP46*C46 -> 0 | CS46: =VLOOKUP(A46,'31'!B:BA,52,0) -> 0 | CT46: ชิ้น | CU46: =+CS46*C46 -> 0 | CV46: =VLOOKUP(A46,สรุป!B:BA,52,0) -> 249 | CW46: ชิ้น | CX46: =+CV46*C46 -> 0
A47: 1112016 | B47: เค้กเบาหวิว ใหญ่ 1 กล่องขนาด 300 กรัม (ตาล) | C47: 0 | D47: =+CV47 -> 0 | E47: กล่อง | F47: =+D47*C47 -> 0 | G47: =VLOOKUP(A47,'1'!B:BA,52,0) -> 0 | H47: กล่อง | I47: =+G47*C47 -> 0 | J47: =VLOOKUP(A47,'2'!B:BA,52,0) -> 0 | K47: กล่อง | L47: =+J47*C47 -> 0 | M47: =VLOOKUP(A47,'3'!B:BA,52,0) -> 0 | N47: กล่อง | O47: =+M47*C47 -> 0 | P47: =VLOOKUP(A47,'4'!B:BA,52,0) -> 0 | Q47: กล่อง | R47: =+P47*C47 -> 0 | S47: =VLOOKUP(A47,'5'!B:BA,52,0) -> 0 | T47: กล่อง | U47: =+S47*C47 -> 0 | V47: =VLOOKUP(A47,'6'!B:BA,52,0) -> 0 | W47: กล่อง | X47: =+V47*C47 -> 0 | Y47: =VLOOKUP(A47,'7'!B:BA,52,0) -> 0 | Z47: กล่อง | AA47: =+Y47*C47 -> 0 | AB47: =VLOOKUP(A47,'8'!B:BA,52,0) -> 0 | AC47: กล่อง | AD47: =+AB47*C47 -> 0 | AE47: =VLOOKUP(A47,'9'!B:BA,52,0) -> 0 | AF47: กล่อง | AG47: =+AE47*C47 -> 0 | AH47: =VLOOKUP(A47,'10'!B:BA,52,0) -> 0 | AI47: กล่อง | AJ47: =+AH47*C47 -> 0 | AK47: =VLOOKUP(A47,'11'!B:BA,52,0) -> 0 | AL47: กล่อง | AM47: =+AK47*C47 -> 0 | AN47: =VLOOKUP(A47,'12'!B:BA,52,0) -> 0 | AO47: กล่อง | AP47: =+AN47*C47 -> 0 | AQ47: =VLOOKUP(A47,'13'!B:BA,52,0) -> 0 | AR47: กล่อง | AS47: =+AQ47*C47 -> 0 | AT47: =VLOOKUP(A47,'14'!B:BA,52,0) -> 0 | AU47: กล่อง | AV47: =+AT47*C47 -> 0 | AW47: =VLOOKUP(A47,'15'!B:BA,52,0) -> 0 | AX47: กล่อง | AY47: =+AW47*C47 -> 0 | AZ47: =VLOOKUP(A47,'16'!B:BA,52,0) -> 0 | BA47: กล่อง | BB47: =+AZ47*C47 -> 0 | BC47: =VLOOKUP(A47,'17'!B:BA,52,0) -> 0 | BD47: กล่อง | BE47: =+BC47*C47 -> 0 | BF47: =VLOOKUP(A47,'18'!B:BA,52,0) -> 0 | BG47: กล่อง | BH47: =+BF47*C47 -> 0 | BI47: =VLOOKUP(A47,'19'!B:BA,52,0) -> 0 | BJ47: กล่อง | BK47: =+BI47*C47 -> 0 | BL47: =VLOOKUP(A47,'20'!B:BA,52,0) -> 0 | BM47: กล่อง | BN47: =+BL47*C47 -> 0 | BO47: =VLOOKUP(A47,'21'!B:BA,52,0) -> 0 | BP47: กล่อง | BQ47: =+BO47*C47 -> 0 | BR47: =VLOOKUP(A47,'22'!B:BA,52,0) -> 0 | BS47: กล่อง | BT47: =+BR47*C47 -> 0 | BU47: =VLOOKUP(A47,'23'!B:BA,52,0) -> 0 | BV47: กล่อง | BW47: =+BU47*C47 -> 0 | BX47: =VLOOKUP(A47,'24'!B:BA,52,0) -> 0 | BY47: กล่อง | BZ47: =+BX47*C47 -> 0 | CA47: =VLOOKUP(A47,'25'!B:BA,52,0) -> 0 | CB47: กล่อง | CC47: =+CA47*C47 -> 0 | CD47: =VLOOKUP(A47,'26'!B:BA,52,0) -> 0 | CE47: กล่อง | CF47: =+CD47*C47 -> 0 | CG47: =VLOOKUP(A47,'27'!B:BA,52,0) -> 0 | CH47: กล่อง | CI47: =+CG47*C47 -> 0 | CJ47: =VLOOKUP(A47,'28'!B:BA,52,0) -> 0 | CK47: กล่อง | CL47: =+CJ47*C47 -> 0 | CM47: =VLOOKUP(A47,'29'!B:BA,52,0) -> 0 | CN47: กล่อง | CO47: =+CM47*C47 -> 0 | CP47: =VLOOKUP(A47,'30'!B:BA,52,0) -> 0 | CQ47: กล่อง | CR47: =+CP47*C47 -> 0 | CS47: =VLOOKUP(A47,'31'!B:BA,52,0) -> 0 | CT47: กล่อง | CU47: =+CS47*C47 -> 0 | CV47: =VLOOKUP(A47,สรุป!B:BA,52,0) -> 0 | CW47: กล่อง | CX47: =+CV47*C47 -> 0
A48: 1111088 | B48: ชิฟฟ่อนไม่มีไส้ แบบกล่อง8ชิ้น รวมรส (ส้มล้วน) | C48: 0 | D48: =+CV48 -> 0 | E48: กล่อง | F48: =+D48*C48 -> 0 | G48: =VLOOKUP(A48,'1'!B:BA,52,0) -> 0 | H48: กล่อง | I48: =+G48*C48 -> 0 | J48: =VLOOKUP(A48,'2'!B:BA,52,0) -> 0 | K48: กล่อง | L48: =+J48*C48 -> 0 | M48: =VLOOKUP(A48,'3'!B:BA,52,0) -> 0 | N48: กล่อง | O48: =+M48*C48 -> 0 | P48: =VLOOKUP(A48,'4'!B:BA,52,0) -> 0 | Q48: กล่อง | R48: =+P48*C48 -> 0 | S48: =VLOOKUP(A48,'5'!B:BA,52,0) -> 0 | T48: กล่อง | U48: =+S48*C48 -> 0 | V48: =VLOOKUP(A48,'6'!B:BA,52,0) -> 0 | W48: กล่อง | X48: =+V48*C48 -> 0 | Y48: =VLOOKUP(A48,'7'!B:BA,52,0) -> 0 | Z48: กล่อง | AA48: =+Y48*C48 -> 0 | AB48: =VLOOKUP(A48,'8'!B:BA,52,0) -> 0 | AC48: กล่อง | AD48: =+AB48*C48 -> 0 | AE48: =VLOOKUP(A48,'9'!B:BA,52,0) -> 0 | AF48: กล่อง | AG48: =+AE48*C48 -> 0 | AH48: =VLOOKUP(A48,'10'!B:BA,52,0) -> 0 | AI48: กล่อง | AJ48: =+AH48*C48 -> 0 | AK48: =VLOOKUP(A48,'11'!B:BA,52,0) -> 0 | AL48: กล่อง | AM48: =+AK48*C48 -> 0 | AN48: =VLOOKUP(A48,'12'!B:BA,52,0) -> 0 | AO48: กล่อง | AP48: =+AN48*C48 -> 0 | AQ48: =VLOOKUP(A48,'13'!B:BA,52,0) -> 0 | AR48: กล่อง | AS48: =+AQ48*C48 -> 0 | AT48: =VLOOKUP(A48,'14'!B:BA,52,0) -> 0 | AU48: กล่อง | AV48: =+AT48*C48 -> 0 | AW48: =VLOOKUP(A48,'15'!B:BA,52,0) -> 0 | AX48: กล่อง | AY48: =+AW48*C48 -> 0 | AZ48: =VLOOKUP(A48,'16'!B:BA,52,0) -> 0 | BA48: กล่อง | BB48: =+AZ48*C48 -> 0 | BC48: =VLOOKUP(A48,'17'!B:BA,52,0) -> 0 | BD48: กล่อง | BE48: =+BC48*C48 -> 0 | BF48: =VLOOKUP(A48,'18'!B:BA,52,0) -> 0 | BG48: กล่อง | BH48: =+BF48*C48 -> 0 | BI48: =VLOOKUP(A48,'19'!B:BA,52,0) -> 0 | BJ48: กล่อง | BK48: =+BI48*C48 -> 0 | BL48: =VLOOKUP(A48,'20'!B:BA,52,0) -> 0 | BM48: กล่อง | BN48: =+BL48*C48 -> 0 | BO48: =VLOOKUP(A48,'21'!B:BA,52,0) -> 0 | BP48: กล่อง | BQ48: =+BO48*C48 -> 0 | BR48: =VLOOKUP(A48,'22'!B:BA,52,0) -> 0 | BS48: กล่อง | BT48: =+BR48*C48 -> 0 | BU48: =VLOOKUP(A48,'23'!B:BA,52,0) -> 0 | BV48: กล่อง | BW48: =+BU48*C48 -> 0 | BX48: =VLOOKUP(A48,'24'!B:BA,52,0) -> 0 | BY48: กล่อง | BZ48: =+BX48*C48 -> 0 | CA48: =VLOOKUP(A48,'25'!B:BA,52,0) -> 0 | CB48: กล่อง | CC48: =+CA48*C48 -> 0 | CD48: =VLOOKUP(A48,'26'!B:BA,52,0) -> 0 | CE48: กล่อง | CF48: =+CD48*C48 -> 0 | CG48: =VLOOKUP(A48,'27'!B:BA,52,0) -> 0 | CH48: กล่อง | CI48: =+CG48*C48 -> 0 | CJ48: =VLOOKUP(A48,'28'!B:BA,52,0) -> 0 | CK48: กล่อง | CL48: =+CJ48*C48 -> 0 | CM48: =VLOOKUP(A48,'29'!B:BA,52,0) -> 0 | CN48: กล่อง | CO48: =+CM48*C48 -> 0 | CP48: =VLOOKUP(A48,'30'!B:BA,52,0) -> 0 | CQ48: กล่อง | CR48: =+CP48*C48 -> 0 | CS48: =VLOOKUP(A48,'31'!B:BA,52,0) -> 0 | CT48: กล่อง | CU48: =+CS48*C48 -> 0 | CV48: =VLOOKUP(A48,สรุป!B:BA,52,0) -> 0 | CW48: กล่อง | CX48: =+CV48*C48 -> 0
A49: 1111010 | B49: ชิฟฟอนสอดไส้ แยกชิ้น (คละรส) | C49: 0 | D49: =+CV49 -> 796 | E49: ชิ้น | F49: =+D49*C49 -> 0 | G49: =VLOOKUP(A49,'1'!B:BA,52,0) -> 0 | H49: ชิ้น | I49: =+G49*C49 -> 0 | J49: =VLOOKUP(A49,'2'!B:BA,52,0) -> 30 | K49: ชิ้น | L49: =+J49*C49 -> 0 | M49: =VLOOKUP(A49,'3'!B:BA,52,0) -> 30 | N49: ชิ้น | O49: =+M49*C49 -> 0 | P49: =VLOOKUP(A49,'4'!B:BA,52,0) -> 30 | Q49: ชิ้น | R49: =+P49*C49 -> 0 | S49: =VLOOKUP(A49,'5'!B:BA,52,0) -> 30 | T49: ชิ้น | U49: =+S49*C49 -> 0 | V49: =VLOOKUP(A49,'6'!B:BA,52,0) -> 30 | W49: ชิ้น | X49: =+V49*C49 -> 0 | Y49: =VLOOKUP(A49,'7'!B:BA,52,0) -> 30 | Z49: ชิ้น | AA49: =+Y49*C49 -> 0 | AB49: =VLOOKUP(A49,'8'!B:BA,52,0) -> 0 | AC49: ชิ้น | AD49: =+AB49*C49 -> 0 | AE49: =VLOOKUP(A49,'9'!B:BA,52,0) -> 0 | AF49: ชิ้น | AG49: =+AE49*C49 -> 0 | AH49: =VLOOKUP(A49,'10'!B:BA,52,0) -> 126 | AI49: ชิ้น | AJ49: =+AH49*C49 -> 0 | AK49: =VLOOKUP(A49,'11'!B:BA,52,0) -> 0 | AL49: ชิ้น | AM49: =+AK49*C49 -> 0 | AN49: =VLOOKUP(A49,'12'!B:BA,52,0) -> 0 | AO49: ชิ้น | AP49: =+AN49*C49 -> 0 | AQ49: =VLOOKUP(A49,'13'!B:BA,52,0) -> 30 | AR49: ชิ้น | AS49: =+AQ49*C49 -> 0 | AT49: =VLOOKUP(A49,'14'!B:BA,52,0) -> 20 | AU49: ชิ้น | AV49: =+AT49*C49 -> 0 | AW49: =VLOOKUP(A49,'15'!B:BA,52,0) -> 30 | AX49: ชิ้น | AY49: =+AW49*C49 -> 0 | AZ49: =VLOOKUP(A49,'16'!B:BA,52,0) -> 20 | BA49: ชิ้น | BB49: =+AZ49*C49 -> 0 | BC49: =VLOOKUP(A49,'17'!B:BA,52,0) -> 0 | BD49: ชิ้น | BE49: =+BC49*C49 -> 0 | BF49: =VLOOKUP(A49,'18'!B:BA,52,0) -> 20 | BG49: ชิ้น | BH49: =+BF49*C49 -> 0 | BI49: =VLOOKUP(A49,'19'!B:BA,52,0) -> 50 | BJ49: ชิ้น | BK49: =+BI49*C49 -> 0 | BL49: =VLOOKUP(A49,'20'!B:BA,52,0) -> 30 | BM49: ชิ้น | BN49: =+BL49*C49 -> 0 | BO49: =VLOOKUP(A49,'21'!B:BA,52,0) -> 10 | BP49: ชิ้น | BQ49: =+BO49*C49 -> 0 | BR49: =VLOOKUP(A49,'22'!B:BA,52,0) -> 50 | BS49: ชิ้น | BT49: =+BR49*C49 -> 0 | BU49: =VLOOKUP(A49,'23'!B:BA,52,0) -> 20 | BV49: ชิ้น | BW49: =+BU49*C49 -> 0 | BX49: =VLOOKUP(A49,'24'!B:BA,52,0) -> 30 | BY49: ชิ้น | BZ49: =+BX49*C49 -> 0 | CA49: =VLOOKUP(A49,'25'!B:BA,52,0) -> 100 | CB49: ชิ้น | CC49: =+CA49*C49 -> 0 | CD49: =VLOOKUP(A49,'26'!B:BA,52,0) -> 0 | CE49: ชิ้น | CF49: =+CD49*C49 -> 0 | CG49: =VLOOKUP(A49,'27'!B:BA,52,0) -> 0 | CH49: ชิ้น | CI49: =+CG49*C49 -> 0 | CJ49: =VLOOKUP(A49,'28'!B:BA,52,0) -> 0 | CK49: ชิ้น | CL49: =+CJ49*C49 -> 0 | CM49: =VLOOKUP(A49,'29'!B:BA,52,0) -> 30 | CN49: ชิ้น | CO49: =+CM49*C49 -> 0 | CP49: =VLOOKUP(A49,'30'!B:BA,52,0) -> 50 | CQ49: ชิ้น | CR49: =+CP49*C49 -> 0 | CS49: =VLOOKUP(A49,'31'!B:BA,52,0) -> 0 | CT49: ชิ้น | CU49: =+CS49*C49 -> 0 | CV49: =VLOOKUP(A49,สรุป!B:BA,52,0) -> 796 | CW49: ชิ้น | CX49: =+CV49*C49 -> 0
A50: 1004070 | B50: คัพเค้กมะพร้าวไส้ครีมสด 4ชิ้น | C50: 10.29 | D50: =+CV50 -> 13 | E50: กล่อง | F50: =+D50*C50 -> 133.77 | G50: =VLOOKUP(A50,'1'!B:BA,52,0) -> 0 | H50: กล่อง | I50: =+G50*C50 -> 0 | J50: =VLOOKUP(A50,'2'!B:BA,52,0) -> 2 | K50: กล่อง | L50: =+J50*C50 -> 20.58 | M50: =VLOOKUP(A50,'3'!B:BA,52,0) -> 0 | N50: กล่อง | O50: =+M50*C50 -> 0 | P50: =VLOOKUP(A50,'4'!B:BA,52,0) -> 0 | Q50: กล่อง | R50: =+P50*C50 -> 0 | S50: =VLOOKUP(A50,'5'!B:BA,52,0) -> 0 | T50: กล่อง | U50: =+S50*C50 -> 0 | V50: =VLOOKUP(A50,'6'!B:BA,52,0) -> 0 | W50: กล่อง | X50: =+V50*C50 -> 0 | Y50: =VLOOKUP(A50,'7'!B:BA,52,0) -> 0 | Z50: กล่อง | AA50: =+Y50*C50 -> 0 | AB50: =VLOOKUP(A50,'8'!B:BA,52,0) -> 0 | AC50: กล่อง | AD50: =+AB50*C50 -> 0 | AE50: =VLOOKUP(A50,'9'!B:BA,52,0) -> 0 | AF50: กล่อง | AG50: =+AE50*C50 -> 0 | AH50: =VLOOKUP(A50,'10'!B:BA,52,0) -> 0 | AI50: กล่อง | AJ50: =+AH50*C50 -> 0 | AK50: =VLOOKUP(A50,'11'!B:BA,52,0) -> 3 | AL50: กล่อง | AM50: =+AK50*C50 -> 30.87 | AN50: =VLOOKUP(A50,'12'!B:BA,52,0) -> 0 | AO50: กล่อง | AP50: =+AN50*C50 -> 0 | AQ50: =VLOOKUP(A50,'13'!B:BA,52,0) -> 0 | AR50: กล่อง | AS50: =+AQ50*C50 -> 0 | AT50: =VLOOKUP(A50,'14'!B:BA,52,0) -> 0 | AU50: กล่อง | AV50: =+AT50*C50 -> 0 | AW50: =VLOOKUP(A50,'15'!B:BA,52,0) -> 0 | AX50: กล่อง | AY50: =+AW50*C50 -> 0 | AZ50: =VLOOKUP(A50,'16'!B:BA,52,0) -> 0 | BA50: กล่อง | BB50: =+AZ50*C50 -> 0 | BC50: =VLOOKUP(A50,'17'!B:BA,52,0) -> 0 | BD50: กล่อง | BE50: =+BC50*C50 -> 0 | BF50: =VLOOKUP(A50,'18'!B:BA,52,0) -> 3 | BG50: กล่อง | BH50: =+BF50*C50 -> 30.87 | BI50: =VLOOKUP(A50,'19'!B:BA,52,0) -> 0 | BJ50: กล่อง | BK50: =+BI50*C50 -> 0 | BL50: =VLOOKUP(A50,'20'!B:BA,52,0) -> 0 | BM50: กล่อง | BN50: =+BL50*C50 -> 0 | BO50: =VLOOKUP(A50,'21'!B:BA,52,0) -> 0 | BP50: กล่อง | BQ50: =+BO50*C50 -> 0 | BR50: =VLOOKUP(A50,'22'!B:BA,52,0) -> 0 | BS50: กล่อง | BT50: =+BR50*C50 -> 0 | BU50: =VLOOKUP(A50,'23'!B:BA,52,0) -> 0 | BV50: กล่อง | BW50: =+BU50*C50 -> 0 | BX50: =VLOOKUP(A50,'24'!B:BA,52,0) -> 0 | BY50: กล่อง | BZ50: =+BX50*C50 -> 0 | CA50: =VLOOKUP(A50,'25'!B:BA,52,0) -> 3 | CB50: กล่อง | CC50: =+CA50*C50 -> 30.87 | CD50: =VLOOKUP(A50,'26'!B:BA,52,0) -> 0 | CE50: กล่อง | CF50: =+CD50*C50 -> 0 | CG50: =VLOOKUP(A50,'27'!B:BA,52,0) -> 0 | CH50: กล่อง | CI50: =+CG50*C50 -> 0 | CJ50: =VLOOKUP(A50,'28'!B:BA,52,0) -> 0 | CK50: กล่อง | CL50: =+CJ50*C50 -> 0 | CM50: =VLOOKUP(A50,'29'!B:BA,52,0) -> 0 | CN50: กล่อง | CO50: =+CM50*C50 -> 0 | CP50: =VLOOKUP(A50,'30'!B:BA,52,0) -> 2 | CQ50: กล่อง | CR50: =+CP50*C50 -> 20.58 | CS50: =VLOOKUP(A50,'31'!B:BA,52,0) -> 0 | CT50: กล่อง | CU50: =+CS50*C50 -> 0 | CV50: =VLOOKUP(A50,สรุป!B:BA,52,0) -> 13 | CW50: กล่อง | CX50: =+CV50*C50 -> 133.77
A51: 1004071 | B51: คัพเค้กกล้วยหอมไส้ครีมสด 4 ชิ้น | C51: 10.65 | D51: =+CV51 -> 0 | E51: กล่อง | F51: =+D51*C51 -> 0 | G51: =VLOOKUP(A51,'1'!B:BA,52,0) -> 0 | H51: กล่อง | I51: =+G51*C51 -> 0 | J51: =VLOOKUP(A51,'2'!B:BA,52,0) -> 0 | K51: กล่อง | L51: =+J51*C51 -> 0 | M51: =VLOOKUP(A51,'3'!B:BA,52,0) -> 0 | N51: กล่อง | O51: =+M51*C51 -> 0 | P51: =VLOOKUP(A51,'4'!B:BA,52,0) -> 0 | Q51: กล่อง | R51: =+P51*C51 -> 0 | S51: =VLOOKUP(A51,'5'!B:BA,52,0) -> 0 | T51: กล่อง | U51: =+S51*C51 -> 0 | V51: =VLOOKUP(A51,'6'!B:BA,52,0) -> 0 | W51: กล่อง | X51: =+V51*C51 -> 0 | Y51: =VLOOKUP(A51,'7'!B:BA,52,0) -> 0 | Z51: กล่อง | AA51: =+Y51*C51 -> 0 | AB51: =VLOOKUP(A51,'8'!B:BA,52,0) -> 0 | AC51: กล่อง | AD51: =+AB51*C51 -> 0 | AE51: =VLOOKUP(A51,'9'!B:BA,52,0) -> 0 | AF51: กล่อง | AG51: =+AE51*C51 -> 0 | AH51: =VLOOKUP(A51,'10'!B:BA,52,0) -> 0 | AI51: กล่อง | AJ51: =+AH51*C51 -> 0 | AK51: =VLOOKUP(A51,'11'!B:BA,52,0) -> 0 | AL51: กล่อง | AM51: =+AK51*C51 -> 0 | AN51: =VLOOKUP(A51,'12'!B:BA,52,0) -> 0 | AO51: กล่อง | AP51: =+AN51*C51 -> 0 | AQ51: =VLOOKUP(A51,'13'!B:BA,52,0) -> 0 | AR51: กล่อง | AS51: =+AQ51*C51 -> 0 | AT51: =VLOOKUP(A51,'14'!B:BA,52,0) -> 0 | AU51: กล่อง | AV51: =+AT51*C51 -> 0 | AW51: =VLOOKUP(A51,'15'!B:BA,52,0) -> 0 | AX51: กล่อง | AY51: =+AW51*C51 -> 0 | AZ51: =VLOOKUP(A51,'16'!B:BA,52,0) -> 0 | BA51: กล่อง | BB51: =+AZ51*C51 -> 0 | BC51: =VLOOKUP(A51,'17'!B:BA,52,0) -> 0 | BD51: กล่อง | BE51: =+BC51*C51 -> 0 | BF51: =VLOOKUP(A51,'18'!B:BA,52,0) -> 0 | BG51: กล่อง | BH51: =+BF51*C51 -> 0 | BI51: =VLOOKUP(A51,'19'!B:BA,52,0) -> 0 | BJ51: กล่อง | BK51: =+BI51*C51 -> 0 | BL51: =VLOOKUP(A51,'20'!B:BA,52,0) -> 0 | BM51: กล่อง | BN51: =+BL51*C51 -> 0 | BO51: =VLOOKUP(A51,'21'!B:BA,52,0) -> 0 | BP51: กล่อง | BQ51: =+BO51*C51 -> 0 | BR51: =VLOOKUP(A51,'22'!B:BA,52,0) -> 0 | BS51: กล่อง | BT51: =+BR51*C51 -> 0 | BU51: =VLOOKUP(A51,'23'!B:BA,52,0) -> 0 | BV51: กล่อง | BW51: =+BU51*C51 -> 0 | BX51: =VLOOKUP(A51,'24'!B:BA,52,0) -> 0 | BY51: กล่อง | BZ51: =+BX51*C51 -> 0 | CA51: =VLOOKUP(A51,'25'!B:BA,52,0) -> 0 | CB51: กล่อง | CC51: =+CA51*C51 -> 0 | CD51: =VLOOKUP(A51,'26'!B:BA,52,0) -> 0 | CE51: กล่อง | CF51: =+CD51*C51 -> 0 | CG51: =VLOOKUP(A51,'27'!B:BA,52,0) -> 0 | CH51: กล่อง | CI51: =+CG51*C51 -> 0 | CJ51: =VLOOKUP(A51,'28'!B:BA,52,0) -> 0 | CK51: กล่อง | CL51: =+CJ51*C51 -> 0 | CM51: =VLOOKUP(A51,'29'!B:BA,52,0) -> 0 | CN51: กล่อง | CO51: =+CM51*C51 -> 0 | CP51: =VLOOKUP(A51,'30'!B:BA,52,0) -> 0 | CQ51: กล่อง | CR51: =+CP51*C51 -> 0 | CS51: =VLOOKUP(A51,'31'!B:BA,52,0) -> 0 | CT51: กล่อง | CU51: =+CS51*C51 -> 0 | CV51: =VLOOKUP(A51,สรุป!B:BA,52,0) -> 0 | CW51: กล่อง | CX51: =+CV51*C51 -> 0
A52: 1005995 | B52: แซนวิช ปูอัด ไร้ขอบ | C52: 13.68 | D52: =+CV52 -> 28 | E52: ชิ้น | F52: =+D52*C52 -> 383.04 | G52: =VLOOKUP(A52,'1'!B:BA,52,0) -> 0 | H52: ชิ้น | I52: =+G52*C52 -> 0 | J52: =VLOOKUP(A52,'2'!B:BA,52,0) -> 0 | K52: ชิ้น | L52: =+J52*C52 -> 0 | M52: =VLOOKUP(A52,'3'!B:BA,52,0) -> 0 | N52: ชิ้น | O52: =+M52*C52 -> 0 | P52: =VLOOKUP(A52,'4'!B:BA,52,0) -> 0 | Q52: ชิ้น | R52: =+P52*C52 -> 0 | S52: =VLOOKUP(A52,'5'!B:BA,52,0) -> 0 | T52: ชิ้น | U52: =+S52*C52 -> 0 | V52: =VLOOKUP(A52,'6'!B:BA,52,0) -> 0 | W52: ชิ้น | X52: =+V52*C52 -> 0 | Y52: =VLOOKUP(A52,'7'!B:BA,52,0) -> 0 | Z52: ชิ้น | AA52: =+Y52*C52 -> 0 | AB52: =VLOOKUP(A52,'8'!B:BA,52,0) -> 15 | AC52: ชิ้น | AD52: =+AB52*C52 -> 205.2 | AE52: =VLOOKUP(A52,'9'!B:BA,52,0) -> 0 | AF52: ชิ้น | AG52: =+AE52*C52 -> 0 | AH52: =VLOOKUP(A52,'10'!B:BA,52,0) -> 0 | AI52: ชิ้น | AJ52: =+AH52*C52 -> 0 | AK52: =VLOOKUP(A52,'11'!B:BA,52,0) -> 0 | AL52: ชิ้น | AM52: =+AK52*C52 -> 0 | AN52: =VLOOKUP(A52,'12'!B:BA,52,0) -> 3 | AO52: ชิ้น | AP52: =+AN52*C52 -> 41.04 | AQ52: =VLOOKUP(A52,'13'!B:BA,52,0) -> 0 | AR52: ชิ้น | AS52: =+AQ52*C52 -> 0 | AT52: =VLOOKUP(A52,'14'!B:BA,52,0) -> 0 | AU52: ชิ้น | AV52: =+AT52*C52 -> 0 | AW52: =VLOOKUP(A52,'15'!B:BA,52,0) -> 0 | AX52: ชิ้น | AY52: =+AW52*C52 -> 0 | AZ52: =VLOOKUP(A52,'16'!B:BA,52,0) -> 0 | BA52: ชิ้น | BB52: =+AZ52*C52 -> 0 | BC52: =VLOOKUP(A52,'17'!B:BA,52,0) -> 0 | BD52: ชิ้น | BE52: =+BC52*C52 -> 0 | BF52: =VLOOKUP(A52,'18'!B:BA,52,0) -> 0 | BG52: ชิ้น | BH52: =+BF52*C52 -> 0 | BI52: =VLOOKUP(A52,'19'!B:BA,52,0) -> 0 | BJ52: ชิ้น | BK52: =+BI52*C52 -> 0 | BL52: =VLOOKUP(A52,'20'!B:BA,52,0) -> 0 | BM52: ชิ้น | BN52: =+BL52*C52 -> 0 | BO52: =VLOOKUP(A52,'21'!B:BA,52,0) -> 0 | BP52: ชิ้น | BQ52: =+BO52*C52 -> 0 | BR52: =VLOOKUP(A52,'22'!B:BA,52,0) -> 0 | BS52: ชิ้น | BT52: =+BR52*C52 -> 0 | BU52: =VLOOKUP(A52,'23'!B:BA,52,0) -> 0 | BV52: ชิ้น | BW52: =+BU52*C52 -> 0 | BX52: =VLOOKUP(A52,'24'!B:BA,52,0) -> 0 | BY52: ชิ้น | BZ52: =+BX52*C52 -> 0 | CA52: =VLOOKUP(A52,'25'!B:BA,52,0) -> 0 | CB52: ชิ้น | CC52: =+CA52*C52 -> 0 | CD52: =VLOOKUP(A52,'26'!B:BA,52,0) -> 0 | CE52: ชิ้น | CF52: =+CD52*C52 -> 0 | CG52: =VLOOKUP(A52,'27'!B:BA,52,0) -> 0 | CH52: ชิ้น | CI52: =+CG52*C52 -> 0 | CJ52: =VLOOKUP(A52,'28'!B:BA,52,0) -> 0 | CK52: ชิ้น | CL52: =+CJ52*C52 -> 0 | CM52: =VLOOKUP(A52,'29'!B:BA,52,0) -> 10 | CN52: ชิ้น | CO52: =+CM52*C52 -> 136.8 | CP52: =VLOOKUP(A52,'30'!B:BA,52,0) -> 0 | CQ52: ชิ้น | CR52: =+CP52*C52 -> 0 | CS52: =VLOOKUP(A52,'31'!B:BA,52,0) -> 0 | CT52: ชิ้น | CU52: =+CS52*C52 -> 0 | CV52: =VLOOKUP(A52,สรุป!B:BA,52,0) -> 28 | CW52: ชิ้น | CX52: =+CV52*C52 -> 383.04
A53: 1005999 | B53: แซนวิชแฮมชีส ไร้ขอบ | C53: 16.2 | D53: =+CV53 -> 300 | E53: ชิ้น | F53: =+D53*C53 -> 4860 | G53: =VLOOKUP(A53,'1'!B:BA,52,0) -> 0 | H53: ชิ้น | I53: =+G53*C53 -> 0 | J53: =VLOOKUP(A53,'2'!B:BA,52,0) -> 0 | K53: ชิ้น | L53: =+J53*C53 -> 0 | M53: =VLOOKUP(A53,'3'!B:BA,52,0) -> 0 | N53: ชิ้น | O53: =+M53*C53 -> 0 | P53: =VLOOKUP(A53,'4'!B:BA,52,0) -> 0 | Q53: ชิ้น | R53: =+P53*C53 -> 0 | S53: =VLOOKUP(A53,'5'!B:BA,52,0) -> 0 | T53: ชิ้น | U53: =+S53*C53 -> 0 | V53: =VLOOKUP(A53,'6'!B:BA,52,0) -> 0 | W53: ชิ้น | X53: =+V53*C53 -> 0 | Y53: =VLOOKUP(A53,'7'!B:BA,52,0) -> 0 | Z53: ชิ้น | AA53: =+Y53*C53 -> 0 | AB53: =VLOOKUP(A53,'8'!B:BA,52,0) -> 5 | AC53: ชิ้น | AD53: =+AB53*C53 -> 81 | AE53: =VLOOKUP(A53,'9'!B:BA,52,0) -> 0 | AF53: ชิ้น | AG53: =+AE53*C53 -> 0 | AH53: =VLOOKUP(A53,'10'!B:BA,52,0) -> 0 | AI53: ชิ้น | AJ53: =+AH53*C53 -> 0 | AK53: =VLOOKUP(A53,'11'!B:BA,52,0) -> 94 | AL53: ชิ้น | AM53: =+AK53*C53 -> 1522.8 | AN53: =VLOOKUP(A53,'12'!B:BA,52,0) -> 5 | AO53: ชิ้น | AP53: =+AN53*C53 -> 81 | AQ53: =VLOOKUP(A53,'13'!B:BA,52,0) -> 0 | AR53: ชิ้น | AS53: =+AQ53*C53 -> 0 | AT53: =VLOOKUP(A53,'14'!B:BA,52,0) -> 0 | AU53: ชิ้น | AV53: =+AT53*C53 -> 0 | AW53: =VLOOKUP(A53,'15'!B:BA,52,0) -> 0 | AX53: ชิ้น | AY53: =+AW53*C53 -> 0 | AZ53: =VLOOKUP(A53,'16'!B:BA,52,0) -> 0 | BA53: ชิ้น | BB53: =+AZ53*C53 -> 0 | BC53: =VLOOKUP(A53,'17'!B:BA,52,0) -> 0 | BD53: ชิ้น | BE53: =+BC53*C53 -> 0 | BF53: =VLOOKUP(A53,'18'!B:BA,52,0) -> 94 | BG53: ชิ้น | BH53: =+BF53*C53 -> 1522.8 | BI53: =VLOOKUP(A53,'19'!B:BA,52,0) -> 0 | BJ53: ชิ้น | BK53: =+BI53*C53 -> 0 | BL53: =VLOOKUP(A53,'20'!B:BA,52,0) -> 0 | BM53: ชิ้น | BN53: =+BL53*C53 -> 0 | BO53: =VLOOKUP(A53,'21'!B:BA,52,0) -> 0 | BP53: ชิ้น | BQ53: =+BO53*C53 -> 0 | BR53: =VLOOKUP(A53,'22'!B:BA,52,0) -> 0 | BS53: ชิ้น | BT53: =+BR53*C53 -> 0 | BU53: =VLOOKUP(A53,'23'!B:BA,52,0) -> 0 | BV53: ชิ้น | BW53: =+BU53*C53 -> 0 | BX53: =VLOOKUP(A53,'24'!B:BA,52,0) -> 0 | BY53: ชิ้น | BZ53: =+BX53*C53 -> 0 | CA53: =VLOOKUP(A53,'25'!B:BA,52,0) -> 94 | CB53: ชิ้น | CC53: =+CA53*C53 -> 1522.8 | CD53: =VLOOKUP(A53,'26'!B:BA,52,0) -> 0 | CE53: ชิ้น | CF53: =+CD53*C53 -> 0 | CG53: =VLOOKUP(A53,'27'!B:BA,52,0) -> 0 | CH53: ชิ้น | CI53: =+CG53*C53 -> 0 | CJ53: =VLOOKUP(A53,'28'!B:BA,52,0) -> 0 | CK53: ชิ้น | CL53: =+CJ53*C53 -> 0 | CM53: =VLOOKUP(A53,'29'!B:BA,52,0) -> 5 | CN53: ชิ้น | CO53: =+CM53*C53 -> 81 | CP53: =VLOOKUP(A53,'30'!B:BA,52,0) -> 3 | CQ53: ชิ้น | CR53: =+CP53*C53 -> 48.6 | CS53: =VLOOKUP(A53,'31'!B:BA,52,0) -> 0 | CT53: ชิ้น | CU53: =+CS53*C53 -> 0 | CV53: =VLOOKUP(A53,สรุป!B:BA,52,0) -> 300 | CW53: ชิ้น | CX53: =+CV53*C53 -> 4860
A54: 1100045 | B54: ชิฟฟอนขนุน | C54: 0 | D54: =+CV54 -> 0 | E54: กล่อง | F54: =+D54*C54 -> 0 | G54: =VLOOKUP(A54,'1'!B:BA,52,0) -> 0 | H54: กล่อง | I54: =+G54*C54 -> 0 | J54: =VLOOKUP(A54,'2'!B:BA,52,0) -> 0 | K54: กล่อง | L54: =+J54*C54 -> 0 | M54: =VLOOKUP(A54,'3'!B:BA,52,0) -> 0 | N54: กล่อง | O54: =+M54*C54 -> 0 | P54: =VLOOKUP(A54,'4'!B:BA,52,0) -> 0 | Q54: กล่อง | R54: =+P54*C54 -> 0 | S54: =VLOOKUP(A54,'5'!B:BA,52,0) -> 0 | T54: กล่อง | U54: =+S54*C54 -> 0 | V54: =VLOOKUP(A54,'6'!B:BA,52,0) -> 0 | W54: กล่อง | X54: =+V54*C54 -> 0 | Y54: =VLOOKUP(A54,'7'!B:BA,52,0) -> 0 | Z54: กล่อง | AA54: =+Y54*C54 -> 0 | AB54: =VLOOKUP(A54,'8'!B:BA,52,0) -> 0 | AC54: กล่อง | AD54: =+AB54*C54 -> 0 | AE54: =VLOOKUP(A54,'9'!B:BA,52,0) -> 0 | AF54: กล่อง | AG54: =+AE54*C54 -> 0 | AH54: =VLOOKUP(A54,'10'!B:BA,52,0) -> 0 | AI54: กล่อง | AJ54: =+AH54*C54 -> 0 | AK54: =VLOOKUP(A54,'11'!B:BA,52,0) -> 0 | AL54: กล่อง | AM54: =+AK54*C54 -> 0 | AN54: =VLOOKUP(A54,'12'!B:BA,52,0) -> 0 | AO54: กล่อง | AP54: =+AN54*C54 -> 0 | AQ54: =VLOOKUP(A54,'13'!B:BA,52,0) -> 0 | AR54: กล่อง | AS54: =+AQ54*C54 -> 0 | AT54: =VLOOKUP(A54,'14'!B:BA,52,0) -> 0 | AU54: กล่อง | AV54: =+AT54*C54 -> 0 | AW54: =VLOOKUP(A54,'15'!B:BA,52,0) -> 0 | AX54: กล่อง | AY54: =+AW54*C54 -> 0 | AZ54: =VLOOKUP(A54,'16'!B:BA,52,0) -> 0 | BA54: กล่อง | BB54: =+AZ54*C54 -> 0 | BC54: =VLOOKUP(A54,'17'!B:BA,52,0) -> 0 | BD54: กล่อง | BE54: =+BC54*C54 -> 0 | BF54: =VLOOKUP(A54,'18'!B:BA,52,0) -> 0 | BG54: กล่อง | BH54: =+BF54*C54 -> 0 | BI54: =VLOOKUP(A54,'19'!B:BA,52,0) -> 0 | BJ54: กล่อง | BK54: =+BI54*C54 -> 0 | BL54: =VLOOKUP(A54,'20'!B:BA,52,0) -> 0 | BM54: กล่อง | BN54: =+BL54*C54 -> 0 | BO54: =VLOOKUP(A54,'21'!B:BA,52,0) -> 0 | BP54: กล่อง | BQ54: =+BO54*C54 -> 0 | BR54: =VLOOKUP(A54,'22'!B:BA,52,0) -> 0 | BS54: กล่อง | BT54: =+BR54*C54 -> 0 | BU54: =VLOOKUP(A54,'23'!B:BA,52,0) -> 0 | BV54: กล่อง | BW54: =+BU54*C54 -> 0 | BX54: =VLOOKUP(A54,'24'!B:BA,52,0) -> 0 | BY54: กล่อง | BZ54: =+BX54*C54 -> 0 | CA54: =VLOOKUP(A54,'25'!B:BA,52,0) -> 0 | CB54: กล่อง | CC54: =+CA54*C54 -> 0 | CD54: =VLOOKUP(A54,'26'!B:BA,52,0) -> 0 | CE54: กล่อง | CF54: =+CD54*C54 -> 0 | CG54: =VLOOKUP(A54,'27'!B:BA,52,0) -> 0 | CH54: กล่อง | CI54: =+CG54*C54 -> 0 | CJ54: =VLOOKUP(A54,'28'!B:BA,52,0) -> 0 | CK54: กล่อง | CL54: =+CJ54*C54 -> 0 | CM54: =VLOOKUP(A54,'29'!B:BA,52,0) -> 0 | CN54: กล่อง | CO54: =+CM54*C54 -> 0 | CP54: =VLOOKUP(A54,'30'!B:BA,52,0) -> 0 | CQ54: กล่อง | CR54: =+CP54*C54 -> 0 | CS54: =VLOOKUP(A54,'31'!B:BA,52,0) -> 0 | CT54: กล่อง | CU54: =+CS54*C54 -> 0 | CV54: =VLOOKUP(A54,สรุป!B:BA,52,0) -> 0 | CW54: กล่อง | CX54: =+CV54*C54 -> 0
A55: 20054646 | B55: ปังพิซซ่าโบโลน่า | C55: 0 | D55: =+CV55 -> 1067 | E55: กล่อง | F55: =+D55*C55 -> 0 | G55: =VLOOKUP(A55,'1'!B:BA,52,0) -> 69 | H55: กล่อง | I55: =+G55*C55 -> 0 | J55: =VLOOKUP(A55,'2'!B:BA,52,0) -> 0 | K55: กล่อง | L55: =+J55*C55 -> 0 | M55: =VLOOKUP(A55,'3'!B:BA,52,0) -> 0 | N55: กล่อง | O55: =+M55*C55 -> 0 | P55: =VLOOKUP(A55,'4'!B:BA,52,0) -> 0 | Q55: กล่อง | R55: =+P55*C55 -> 0 | S55: =VLOOKUP(A55,'5'!B:BA,52,0) -> 0 | T55: กล่อง | U55: =+S55*C55 -> 0 | V55: =VLOOKUP(A55,'6'!B:BA,52,0) -> 0 | W55: กล่อง | X55: =+V55*C55 -> 0 | Y55: =VLOOKUP(A55,'7'!B:BA,52,0) -> 0 | Z55: กล่อง | AA55: =+Y55*C55 -> 0 | AB55: =VLOOKUP(A55,'8'!B:BA,52,0) -> 0 | AC55: กล่อง | AD55: =+AB55*C55 -> 0 | AE55: =VLOOKUP(A55,'9'!B:BA,52,0) -> 0 | AF55: กล่อง | AG55: =+AE55*C55 -> 0 | AH55: =VLOOKUP(A55,'10'!B:BA,52,0) -> 0 | AI55: กล่อง | AJ55: =+AH55*C55 -> 0 | AK55: =VLOOKUP(A55,'11'!B:BA,52,0) -> 0 | AL55: กล่อง | AM55: =+AK55*C55 -> 0 | AN55: =VLOOKUP(A55,'12'!B:BA,52,0) -> 27 | AO55: กล่อง | AP55: =+AN55*C55 -> 0 | AQ55: =VLOOKUP(A55,'13'!B:BA,52,0) -> 0 | AR55: กล่อง | AS55: =+AQ55*C55 -> 0 | AT55: =VLOOKUP(A55,'14'!B:BA,52,0) -> 30 | AU55: กล่อง | AV55: =+AT55*C55 -> 0 | AW55: =VLOOKUP(A55,'15'!B:BA,52,0) -> 93 | AX55: กล่อง | AY55: =+AW55*C55 -> 0 | AZ55: =VLOOKUP(A55,'16'!B:BA,52,0) -> 125 | BA55: กล่อง | BB55: =+AZ55*C55 -> 0 | BC55: =VLOOKUP(A55,'17'!B:BA,52,0) -> 90 | BD55: กล่อง | BE55: =+BC55*C55 -> 0 | BF55: =VLOOKUP(A55,'18'!B:BA,52,0) -> 69 | BG55: กล่อง | BH55: =+BF55*C55 -> 0 | BI55: =VLOOKUP(A55,'19'!B:BA,52,0) -> 36 | BJ55: กล่อง | BK55: =+BI55*C55 -> 0 | BL55: =VLOOKUP(A55,'20'!B:BA,52,0) -> 57 | BM55: กล่อง | BN55: =+BL55*C55 -> 0 | BO55: =VLOOKUP(A55,'21'!B:BA,52,0) -> 36 | BP55: กล่อง | BQ55: =+BO55*C55 -> 0 | BR55: =VLOOKUP(A55,'22'!B:BA,52,0) -> 63 | BS55: กล่อง | BT55: =+BR55*C55 -> 0 | BU55: =VLOOKUP(A55,'23'!B:BA,52,0) -> 21 | BV55: กล่อง | BW55: =+BU55*C55 -> 0 | BX55: =VLOOKUP(A55,'24'!B:BA,52,0) -> 6 | BY55: กล่อง | BZ55: =+BX55*C55 -> 0 | CA55: =VLOOKUP(A55,'25'!B:BA,52,0) -> 60 | CB55: กล่อง | CC55: =+CA55*C55 -> 0 | CD55: =VLOOKUP(A55,'26'!B:BA,52,0) -> 21 | CE55: กล่อง | CF55: =+CD55*C55 -> 0 | CG55: =VLOOKUP(A55,'27'!B:BA,52,0) -> 81 | CH55: กล่อง | CI55: =+CG55*C55 -> 0 | CJ55: =VLOOKUP(A55,'28'!B:BA,52,0) -> 36 | CK55: กล่อง | CL55: =+CJ55*C55 -> 0 | CM55: =VLOOKUP(A55,'29'!B:BA,52,0) -> 81 | CN55: กล่อง | CO55: =+CM55*C55 -> 0 | CP55: =VLOOKUP(A55,'30'!B:BA,52,0) -> 66 | CQ55: กล่อง | CR55: =+CP55*C55 -> 0 | CS55: =VLOOKUP(A55,'31'!B:BA,52,0) -> 69 | CT55: กล่อง | CU55: =+CS55*C55 -> 0 | CV55: =VLOOKUP(A55,สรุป!B:BA,52,0) -> 1067 | CW55: กล่อง | CX55: =+CV55*C55 -> 0
A56: 1113173 | B56: ขนมเปี๊ยะ ไส้ทะลัก ขนาด 450 กรัม ไข่แดง 3 ใบ 3 รสให้เลือก (งาดำฝอยทองไข่เค็ม 450 กรัม) | C56: 0 | D56: =+CV56 -> 424 | E56: กล่อง | F56: =+D56*C56 -> 0 | G56: =VLOOKUP(A56,'1'!B:BA,52,0) -> 10 | H56: กล่อง | I56: =+G56*C56 -> 0 | J56: =VLOOKUP(A56,'2'!B:BA,52,0) -> 16 | K56: กล่อง | L56: =+J56*C56 -> 0 | M56: =VLOOKUP(A56,'3'!B:BA,52,0) -> 22 | N56: กล่อง | O56: =+M56*C56 -> 0 | P56: =VLOOKUP(A56,'4'!B:BA,52,0) -> 22 | Q56: กล่อง | R56: =+P56*C56 -> 0 | S56: =VLOOKUP(A56,'5'!B:BA,52,0) -> 22 | T56: กล่อง | U56: =+S56*C56 -> 0 | V56: =VLOOKUP(A56,'6'!B:BA,52,0) -> 22 | W56: กล่อง | X56: =+V56*C56 -> 0 | Y56: =VLOOKUP(A56,'7'!B:BA,52,0) -> 22 | Z56: กล่อง | AA56: =+Y56*C56 -> 0 | AB56: =VLOOKUP(A56,'8'!B:BA,52,0) -> 8 | AC56: กล่อง | AD56: =+AB56*C56 -> 0 | AE56: =VLOOKUP(A56,'9'!B:BA,52,0) -> 17 | AF56: กล่อง | AG56: =+AE56*C56 -> 0 | AH56: =VLOOKUP(A56,'10'!B:BA,52,0) -> 14 | AI56: กล่อง | AJ56: =+AH56*C56 -> 0 | AK56: =VLOOKUP(A56,'11'!B:BA,52,0) -> 7 | AL56: กล่อง | AM56: =+AK56*C56 -> 0 | AN56: =VLOOKUP(A56,'12'!B:BA,52,0) -> 10 | AO56: กล่อง | AP56: =+AN56*C56 -> 0 | AQ56: =VLOOKUP(A56,'13'!B:BA,52,0) -> 11 | AR56: กล่อง | AS56: =+AQ56*C56 -> 0 | AT56: =VLOOKUP(A56,'14'!B:BA,52,0) -> 12 | AU56: กล่อง | AV56: =+AT56*C56 -> 0 | AW56: =VLOOKUP(A56,'15'!B:BA,52,0) -> 22 | AX56: กล่อง | AY56: =+AW56*C56 -> 0 | AZ56: =VLOOKUP(A56,'16'!B:BA,52,0) -> 10 | BA56: กล่อง | BB56: =+AZ56*C56 -> 0 | BC56: =VLOOKUP(A56,'17'!B:BA,52,0) -> 9 | BD56: กล่อง | BE56: =+BC56*C56 -> 0 | BF56: =VLOOKUP(A56,'18'!B:BA,52,0) -> 9 | BG56: กล่อง | BH56: =+BF56*C56 -> 0 | BI56: =VLOOKUP(A56,'19'!B:BA,52,0) -> 14 | BJ56: กล่อง | BK56: =+BI56*C56 -> 0 | BL56: =VLOOKUP(A56,'20'!B:BA,52,0) -> 9 | BM56: กล่อง | BN56: =+BL56*C56 -> 0 | BO56: =VLOOKUP(A56,'21'!B:BA,52,0) -> 8 | BP56: กล่อง | BQ56: =+BO56*C56 -> 0 | BR56: =VLOOKUP(A56,'22'!B:BA,52,0) -> 8 | BS56: กล่อง | BT56: =+BR56*C56 -> 0 | BU56: =VLOOKUP(A56,'23'!B:BA,52,0) -> 28 | BV56: กล่อง | BW56: =+BU56*C56 -> 0 | BX56: =VLOOKUP(A56,'24'!B:BA,52,0) -> 8 | BY56: กล่อง | BZ56: =+BX56*C56 -> 0 | CA56: =VLOOKUP(A56,'25'!B:BA,52,0) -> 17 | CB56: กล่อง | CC56: =+CA56*C56 -> 0 | CD56: =VLOOKUP(A56,'26'!B:BA,52,0) -> 8 | CE56: กล่อง | CF56: =+CD56*C56 -> 0 | CG56: =VLOOKUP(A56,'27'!B:BA,52,0) -> 12 | CH56: กล่อง | CI56: =+CG56*C56 -> 0 | CJ56: =VLOOKUP(A56,'28'!B:BA,52,0) -> 7 | CK56: กล่อง | CL56: =+CJ56*C56 -> 0 | CM56: =VLOOKUP(A56,'29'!B:BA,52,0) -> 14 | CN56: กล่อง | CO56: =+CM56*C56 -> 0 | CP56: =VLOOKUP(A56,'30'!B:BA,52,0) -> 7 | CQ56: กล่อง | CR56: =+CP56*C56 -> 0 | CS56: =VLOOKUP(A56,'31'!B:BA,52,0) -> 10 | CT56: กล่อง | CU56: =+CS56*C56 -> 0 | CV56: =VLOOKUP(A56,สรุป!B:BA,52,0) -> 424 | CW56: กล่อง | CX56: =+CV56*C56 -> 0
A57: 1112006 | B57: เค้กเบาหวิว ใหญ่ 1 กล่องขนาด 300 กรัม (กาแฟ) | C57: 0 | D57: =+CV57 -> 0 | E57: กล่อง | F57: =+D57*C57 -> 0 | G57: =VLOOKUP(A57,'1'!B:BA,52,0) -> 0 | H57: กล่อง | I57: =+G57*C57 -> 0 | J57: =VLOOKUP(A57,'2'!B:BA,52,0) -> 0 | K57: กล่อง | L57: =+J57*C57 -> 0 | M57: =VLOOKUP(A57,'3'!B:BA,52,0) -> 0 | N57: กล่อง | O57: =+M57*C57 -> 0 | P57: =VLOOKUP(A57,'4'!B:BA,52,0) -> 0 | Q57: กล่อง | R57: =+P57*C57 -> 0 | S57: =VLOOKUP(A57,'5'!B:BA,52,0) -> 0 | T57: กล่อง | U57: =+S57*C57 -> 0 | V57: =VLOOKUP(A57,'6'!B:BA,52,0) -> 0 | W57: กล่อง | X57: =+V57*C57 -> 0 | Y57: =VLOOKUP(A57,'7'!B:BA,52,0) -> 0 | Z57: กล่อง | AA57: =+Y57*C57 -> 0 | AB57: =VLOOKUP(A57,'8'!B:BA,52,0) -> 0 | AC57: กล่อง | AD57: =+AB57*C57 -> 0 | AE57: =VLOOKUP(A57,'9'!B:BA,52,0) -> 0 | AF57: กล่อง | AG57: =+AE57*C57 -> 0 | AH57: =VLOOKUP(A57,'10'!B:BA,52,0) -> 0 | AI57: กล่อง | AJ57: =+AH57*C57 -> 0 | AK57: =VLOOKUP(A57,'11'!B:BA,52,0) -> 0 | AL57: กล่อง | AM57: =+AK57*C57 -> 0 | AN57: =VLOOKUP(A57,'12'!B:BA,52,0) -> 0 | AO57: กล่อง | AP57: =+AN57*C57 -> 0 | AQ57: =VLOOKUP(A57,'13'!B:BA,52,0) -> 0 | AR57: กล่อง | AS57: =+AQ57*C57 -> 0 | AT57: =VLOOKUP(A57,'14'!B:BA,52,0) -> 0 | AU57: กล่อง | AV57: =+AT57*C57 -> 0 | AW57: =VLOOKUP(A57,'15'!B:BA,52,0) -> 0 | AX57: กล่อง | AY57: =+AW57*C57 -> 0 | AZ57: =VLOOKUP(A57,'16'!B:BA,52,0) -> 0 | BA57: กล่อง | BB57: =+AZ57*C57 -> 0 | BC57: =VLOOKUP(A57,'17'!B:BA,52,0) -> 0 | BD57: กล่อง | BE57: =+BC57*C57 -> 0 | BF57: =VLOOKUP(A57,'18'!B:BA,52,0) -> 0 | BG57: กล่อง | BH57: =+BF57*C57 -> 0 | BI57: =VLOOKUP(A57,'19'!B:BA,52,0) -> 0 | BJ57: กล่อง | BK57: =+BI57*C57 -> 0 | BL57: =VLOOKUP(A57,'20'!B:BA,52,0) -> 0 | BM57: กล่อง | BN57: =+BL57*C57 -> 0 | BO57: =VLOOKUP(A57,'21'!B:BA,52,0) -> 0 | BP57: กล่อง | BQ57: =+BO57*C57 -> 0 | BR57: =VLOOKUP(A57,'22'!B:BA,52,0) -> 0 | BS57: กล่อง | BT57: =+BR57*C57 -> 0 | BU57: =VLOOKUP(A57,'23'!B:BA,52,0) -> 0 | BV57: กล่อง | BW57: =+BU57*C57 -> 0 | BX57: =VLOOKUP(A57,'24'!B:BA,52,0) -> 0 | BY57: กล่อง | BZ57: =+BX57*C57 -> 0 | CA57: =VLOOKUP(A57,'25'!B:BA,52,0) -> 0 | CB57: กล่อง | CC57: =+CA57*C57 -> 0 | CD57: =VLOOKUP(A57,'26'!B:BA,52,0) -> 0 | CE57: กล่อง | CF57: =+CD57*C57 -> 0 | CG57: =VLOOKUP(A57,'27'!B:BA,52,0) -> 0 | CH57: กล่อง | CI57: =+CG57*C57 -> 0 | CJ57: =VLOOKUP(A57,'28'!B:BA,52,0) -> 0 | CK57: กล่อง | CL57: =+CJ57*C57 -> 0 | CM57: =VLOOKUP(A57,'29'!B:BA,52,0) -> 0 | CN57: กล่อง | CO57: =+CM57*C57 -> 0 | CP57: =VLOOKUP(A57,'30'!B:BA,52,0) -> 0 | CQ57: กล่อง | CR57: =+CP57*C57 -> 0 | CS57: =VLOOKUP(A57,'31'!B:BA,52,0) -> 0 | CT57: กล่อง | CU57: =+CS57*C57 -> 0 | CV57: =VLOOKUP(A57,สรุป!B:BA,52,0) -> 0 | CW57: กล่อง | CX57: =+CV57*C57 -> 0
A58: 1112400 | B58: ขนมปังอบกรอบ รส คาราเมล | C58: 0 | D58: =+CV58 -> 0 | E58: กล่อง | F58: =+D58*C58 -> 0 | G58: =VLOOKUP(A58,'1'!B:BA,52,0) -> 0 | H58: กล่อง | I58: =+G58*C58 -> 0 | J58: =VLOOKUP(A58,'2'!B:BA,52,0) -> 0 | K58: กล่อง | L58: =+J58*C58 -> 0 | M58: =VLOOKUP(A58,'3'!B:BA,52,0) -> 0 | N58: กล่อง | O58: =+M58*C58 -> 0 | P58: =VLOOKUP(A58,'4'!B:BA,52,0) -> 0 | Q58: กล่อง | R58: =+P58*C58 -> 0 | S58: =VLOOKUP(A58,'5'!B:BA,52,0) -> 0 | T58: กล่อง | U58: =+S58*C58 -> 0 | V58: =VLOOKUP(A58,'6'!B:BA,52,0) -> 0 | W58: กล่อง | X58: =+V58*C58 -> 0 | Y58: =VLOOKUP(A58,'7'!B:BA,52,0) -> 0 | Z58: กล่อง | AA58: =+Y58*C58 -> 0 | AB58: =VLOOKUP(A58,'8'!B:BA,52,0) -> 0 | AC58: กล่อง | AD58: =+AB58*C58 -> 0 | AE58: =VLOOKUP(A58,'9'!B:BA,52,0) -> 0 | AF58: กล่อง | AG58: =+AE58*C58 -> 0 | AH58: =VLOOKUP(A58,'10'!B:BA,52,0) -> 0 | AI58: กล่อง | AJ58: =+AH58*C58 -> 0 | AK58: =VLOOKUP(A58,'11'!B:BA,52,0) -> 0 | AL58: กล่อง | AM58: =+AK58*C58 -> 0 | AN58: =VLOOKUP(A58,'12'!B:BA,52,0) -> 0 | AO58: กล่อง | AP58: =+AN58*C58 -> 0 | AQ58: =VLOOKUP(A58,'13'!B:BA,52,0) -> 0 | AR58: กล่อง | AS58: =+AQ58*C58 -> 0 | AT58: =VLOOKUP(A58,'14'!B:BA,52,0) -> 0 | AU58: กล่อง | AV58: =+AT58*C58 -> 0 | AW58: =VLOOKUP(A58,'15'!B:BA,52,0) -> 0 | AX58: กล่อง | AY58: =+AW58*C58 -> 0 | AZ58: =VLOOKUP(A58,'16'!B:BA,52,0) -> 0 | BA58: กล่อง | BB58: =+AZ58*C58 -> 0 | BC58: =VLOOKUP(A58,'17'!B:BA,52,0) -> 0 | BD58: กล่อง | BE58: =+BC58*C58 -> 0 | BF58: =VLOOKUP(A58,'18'!B:BA,52,0) -> 0 | BG58: กล่อง | BH58: =+BF58*C58 -> 0 | BI58: =VLOOKUP(A58,'19'!B:BA,52,0) -> 0 | BJ58: กล่อง | BK58: =+BI58*C58 -> 0 | BL58: =VLOOKUP(A58,'20'!B:BA,52,0) -> 0 | BM58: กล่อง | BN58: =+BL58*C58 -> 0 | BO58: =VLOOKUP(A58,'21'!B:BA,52,0) -> 0 | BP58: กล่อง | BQ58: =+BO58*C58 -> 0 | BR58: =VLOOKUP(A58,'22'!B:BA,52,0) -> 0 | BS58: กล่อง | BT58: =+BR58*C58 -> 0 | BU58: =VLOOKUP(A58,'23'!B:BA,52,0) -> 0 | BV58: กล่อง | BW58: =+BU58*C58 -> 0 | BX58: =VLOOKUP(A58,'24'!B:BA,52,0) -> 0 | BY58: กล่อง | BZ58: =+BX58*C58 -> 0 | CA58: =VLOOKUP(A58,'25'!B:BA,52,0) -> 0 | CB58: กล่อง | CC58: =+CA58*C58 -> 0 | CD58: =VLOOKUP(A58,'26'!B:BA,52,0) -> 0 | CE58: กล่อง | CF58: =+CD58*C58 -> 0 | CG58: =VLOOKUP(A58,'27'!B:BA,52,0) -> 0 | CH58: กล่อง | CI58: =+CG58*C58 -> 0 | CJ58: =VLOOKUP(A58,'28'!B:BA,52,0) -> 0 | CK58: กล่อง | CL58: =+CJ58*C58 -> 0 | CM58: =VLOOKUP(A58,'29'!B:BA,52,0) -> 0 | CN58: กล่อง | CO58: =+CM58*C58 -> 0 | CP58: =VLOOKUP(A58,'30'!B:BA,52,0) -> 0 | CQ58: กล่อง | CR58: =+CP58*C58 -> 0 | CS58: =VLOOKUP(A58,'31'!B:BA,52,0) -> 0 | CT58: กล่อง | CU58: =+CS58*C58 -> 0 | CV58: =VLOOKUP(A58,สรุป!B:BA,52,0) -> 0 | CW58: กล่อง | CX58: =+CV58*C58 -> 0
A59: 1113081 | B59: ชิฟฟ่อน รวมรส 3ชิ้น สีเขียว เมล่อน/ใบเตย/วนิลา | C59: 0 | D59: =+CV59 -> 0 | E59: กล่อง | F59: =+D59*C59 -> 0 | G59: =VLOOKUP(A59,'1'!B:BA,52,0) -> 0 | H59: กล่อง | I59: =+G59*C59 -> 0 | J59: =VLOOKUP(A59,'2'!B:BA,52,0) -> 0 | K59: กล่อง | L59: =+J59*C59 -> 0 | M59: =VLOOKUP(A59,'3'!B:BA,52,0) -> 0 | N59: กล่อง | O59: =+M59*C59 -> 0 | P59: =VLOOKUP(A59,'4'!B:BA,52,0) -> 0 | Q59: กล่อง | R59: =+P59*C59 -> 0 | S59: =VLOOKUP(A59,'5'!B:BA,52,0) -> 0 | T59: กล่อง | U59: =+S59*C59 -> 0 | V59: =VLOOKUP(A59,'6'!B:BA,52,0) -> 0 | W59: กล่อง | X59: =+V59*C59 -> 0 | Y59: =VLOOKUP(A59,'7'!B:BA,52,0) -> 0 | Z59: กล่อง | AA59: =+Y59*C59 -> 0 | AB59: =VLOOKUP(A59,'8'!B:BA,52,0) -> 0 | AC59: กล่อง | AD59: =+AB59*C59 -> 0 | AE59: =VLOOKUP(A59,'9'!B:BA,52,0) -> 0 | AF59: กล่อง | AG59: =+AE59*C59 -> 0 | AH59: =VLOOKUP(A59,'10'!B:BA,52,0) -> 0 | AI59: กล่อง | AJ59: =+AH59*C59 -> 0 | AK59: =VLOOKUP(A59,'11'!B:BA,52,0) -> 0 | AL59: กล่อง | AM59: =+AK59*C59 -> 0 | AN59: =VLOOKUP(A59,'12'!B:BA,52,0) -> 0 | AO59: กล่อง | AP59: =+AN59*C59 -> 0 | AQ59: =VLOOKUP(A59,'13'!B:BA,52,0) -> 0 | AR59: กล่อง | AS59: =+AQ59*C59 -> 0 | AT59: =VLOOKUP(A59,'14'!B:BA,52,0) -> 0 | AU59: กล่อง | AV59: =+AT59*C59 -> 0 | AW59: =VLOOKUP(A59,'15'!B:BA,52,0) -> 0 | AX59: กล่อง | AY59: =+AW59*C59 -> 0 | AZ59: =VLOOKUP(A59,'16'!B:BA,52,0) -> 0 | BA59: กล่อง | BB59: =+AZ59*C59 -> 0 | BC59: =VLOOKUP(A59,'17'!B:BA,52,0) -> 0 | BD59: กล่อง | BE59: =+BC59*C59 -> 0 | BF59: =VLOOKUP(A59,'18'!B:BA,52,0) -> 0 | BG59: กล่อง | BH59: =+BF59*C59 -> 0 | BI59: =VLOOKUP(A59,'19'!B:BA,52,0) -> 0 | BJ59: กล่อง | BK59: =+BI59*C59 -> 0 | BL59: =VLOOKUP(A59,'20'!B:BA,52,0) -> 0 | BM59: กล่อง | BN59: =+BL59*C59 -> 0 | BO59: =VLOOKUP(A59,'21'!B:BA,52,0) -> 0 | BP59: กล่อง | BQ59: =+BO59*C59 -> 0 | BR59: =VLOOKUP(A59,'22'!B:BA,52,0) -> 0 | BS59: กล่อง | BT59: =+BR59*C59 -> 0 | BU59: =VLOOKUP(A59,'23'!B:BA,52,0) -> 0 | BV59: กล่อง | BW59: =+BU59*C59 -> 0 | BX59: =VLOOKUP(A59,'24'!B:BA,52,0) -> 0 | BY59: กล่อง | BZ59: =+BX59*C59 -> 0 | CA59: =VLOOKUP(A59,'25'!B:BA,52,0) -> 0 | CB59: กล่อง | CC59: =+CA59*C59 -> 0 | CD59: =VLOOKUP(A59,'26'!B:BA,52,0) -> 0 | CE59: กล่อง | CF59: =+CD59*C59 -> 0 | CG59: =VLOOKUP(A59,'27'!B:BA,52,0) -> 0 | CH59: กล่อง | CI59: =+CG59*C59 -> 0 | CJ59: =VLOOKUP(A59,'28'!B:BA,52,0) -> 0 | CK59: กล่อง | CL59: =+CJ59*C59 -> 0 | CM59: =VLOOKUP(A59,'29'!B:BA,52,0) -> 0 | CN59: กล่อง | CO59: =+CM59*C59 -> 0 | CP59: =VLOOKUP(A59,'30'!B:BA,52,0) -> 0 | CQ59: กล่อง | CR59: =+CP59*C59 -> 0 | CS59: =VLOOKUP(A59,'31'!B:BA,52,0) -> 0 | CT59: กล่อง | CU59: =+CS59*C59 -> 0 | CV59: =VLOOKUP(A59,สรุป!B:BA,52,0) -> 0 | CW59: กล่อง | CX59: =+CV59*C59 -> 0
A60: 300 | B60: เศษขนมปังปลา 5กก. | C60: 75 | D60: =+CV60 -> 83 | E60: กล่อง | F60: =+D60*C60 -> 6225 | G60: =VLOOKUP(A60,'1'!B:BA,52,0) -> 2 | H60: กล่อง | I60: =+G60*C60 -> 150 | J60: =VLOOKUP(A60,'2'!B:BA,52,0) -> 3 | K60: กล่อง | L60: =+J60*C60 -> 225 | M60: =VLOOKUP(A60,'3'!B:BA,52,0) -> 2 | N60: กล่อง | O60: =+M60*C60 -> 150 | P60: =VLOOKUP(A60,'4'!B:BA,52,0) -> 2 | Q60: กล่อง | R60: =+P60*C60 -> 150 | S60: =VLOOKUP(A60,'5'!B:BA,52,0) -> 2 | T60: กล่อง | U60: =+S60*C60 -> 150 | V60: =VLOOKUP(A60,'6'!B:BA,52,0) -> 2 | W60: กล่อง | X60: =+V60*C60 -> 150 | Y60: =VLOOKUP(A60,'7'!B:BA,52,0) -> 2 | Z60: กล่อง | AA60: =+Y60*C60 -> 150 | AB60: =VLOOKUP(A60,'8'!B:BA,52,0) -> 0 | AC60: กล่อง | AD60: =+AB60*C60 -> 0 | AE60: =VLOOKUP(A60,'9'!B:BA,52,0) -> 2 | AF60: กล่อง | AG60: =+AE60*C60 -> 150 | AH60: =VLOOKUP(A60,'10'!B:BA,52,0) -> 1 | AI60: กล่อง | AJ60: =+AH60*C60 -> 75 | AK60: =VLOOKUP(A60,'11'!B:BA,52,0) -> 4 | AL60: กล่อง | AM60: =+AK60*C60 -> 300 | AN60: =VLOOKUP(A60,'12'!B:BA,52,0) -> 8 | AO60: กล่อง | AP60: =+AN60*C60 -> 600 | AQ60: =VLOOKUP(A60,'13'!B:BA,52,0) -> 3 | AR60: กล่อง | AS60: =+AQ60*C60 -> 225 | AT60: =VLOOKUP(A60,'14'!B:BA,52,0) -> 3 | AU60: กล่อง | AV60: =+AT60*C60 -> 225 | AW60: =VLOOKUP(A60,'15'!B:BA,52,0) -> 8 | AX60: กล่อง | AY60: =+AW60*C60 -> 600 | AZ60: =VLOOKUP(A60,'16'!B:BA,52,0) -> 3 | BA60: กล่อง | BB60: =+AZ60*C60 -> 225 | BC60: =VLOOKUP(A60,'17'!B:BA,52,0) -> 3 | BD60: กล่อง | BE60: =+BC60*C60 -> 225 | BF60: =VLOOKUP(A60,'18'!B:BA,52,0) -> 8 | BG60: กล่อง | BH60: =+BF60*C60 -> 600 | BI60: =VLOOKUP(A60,'19'!B:BA,52,0) -> 4 | BJ60: กล่อง | BK60: =+BI60*C60 -> 300 | BL60: =VLOOKUP(A60,'20'!B:BA,52,0) -> 7 | BM60: กล่อง | BN60: =+BL60*C60 -> 525 | BO60: =VLOOKUP(A60,'21'!B:BA,52,0) -> 4 | BP60: กล่อง | BQ60: =+BO60*C60 -> 300 | BR60: =VLOOKUP(A60,'22'!B:BA,52,0) -> 0 | BS60: กล่อง | BT60: =+BR60*C60 -> 0 | BU60: =VLOOKUP(A60,'23'!B:BA,52,0) -> 0 | BV60: กล่อง | BW60: =+BU60*C60 -> 0 | BX60: =VLOOKUP(A60,'24'!B:BA,52,0) -> 0 | BY60: กล่อง | BZ60: =+BX60*C60 -> 0 | CA60: =VLOOKUP(A60,'25'!B:BA,52,0) -> 1 | CB60: กล่อง | CC60: =+CA60*C60 -> 75 | CD60: =VLOOKUP(A60,'26'!B:BA,52,0) -> 3 | CE60: กล่อง | CF60: =+CD60*C60 -> 225 | CG60: =VLOOKUP(A60,'27'!B:BA,52,0) -> 0 | CH60: กล่อง | CI60: =+CG60*C60 -> 0 | CJ60: =VLOOKUP(A60,'28'!B:BA,52,0) -> 0 | CK60: กล่อง | CL60: =+CJ60*C60 -> 0 | CM60: =VLOOKUP(A60,'29'!B:BA,52,0) -> 3 | CN60: กล่อง | CO60: =+CM60*C60 -> 225 | CP60: =VLOOKUP(A60,'30'!B:BA,52,0) -> 1 | CQ60: กล่อง | CR60: =+CP60*C60 -> 75 | CS60: =VLOOKUP(A60,'31'!B:BA,52,0) -> 2 | CT60: กล่อง | CU60: =+CS60*C60 -> 150 | CV60: =VLOOKUP(A60,สรุป!B:BA,52,0) -> 83 | CW60: กล่อง | CX60: =+CV60*C60 -> 6225
A61: 200 | B61: เศษขนมปังปลา 1 กก. | C61: 15 | D61: =+CV61 -> 178 | E61: กล่อง | F61: =+D61*C61 -> 2670 | G61: =VLOOKUP(A61,'1'!B:BA,52,0) -> 23 | H61: กล่อง | I61: =+G61*C61 -> 345 | J61: =VLOOKUP(A61,'2'!B:BA,52,0) -> 0 | K61: กล่อง | L61: =+J61*C61 -> 0 | M61: =VLOOKUP(A61,'3'!B:BA,52,0) -> 0 | N61: กล่อง | O61: =+M61*C61 -> 0 | P61: =VLOOKUP(A61,'4'!B:BA,52,0) -> 0 | Q61: กล่อง | R61: =+P61*C61 -> 0 | S61: =VLOOKUP(A61,'5'!B:BA,52,0) -> 0 | T61: กล่อง | U61: =+S61*C61 -> 0 | V61: =VLOOKUP(A61,'6'!B:BA,52,0) -> 0 | W61: กล่อง | X61: =+V61*C61 -> 0 | Y61: =VLOOKUP(A61,'7'!B:BA,52,0) -> 0 | Z61: กล่อง | AA61: =+Y61*C61 -> 0 | AB61: =VLOOKUP(A61,'8'!B:BA,52,0) -> 14 | AC61: กล่อง | AD61: =+AB61*C61 -> 210 | AE61: =VLOOKUP(A61,'9'!B:BA,52,0) -> 12 | AF61: กล่อง | AG61: =+AE61*C61 -> 180 | AH61: =VLOOKUP(A61,'10'!B:BA,52,0) -> 18 | AI61: กล่อง | AJ61: =+AH61*C61 -> 270 | AK61: =VLOOKUP(A61,'11'!B:BA,52,0) -> 0 | AL61: กล่อง | AM61: =+AK61*C61 -> 0 | AN61: =VLOOKUP(A61,'12'!B:BA,52,0) -> 0 | AO61: กล่อง | AP61: =+AN61*C61 -> 0 | AQ61: =VLOOKUP(A61,'13'!B:BA,52,0) -> 0 | AR61: กล่อง | AS61: =+AQ61*C61 -> 0 | AT61: =VLOOKUP(A61,'14'!B:BA,52,0) -> 0 | AU61: กล่อง | AV61: =+AT61*C61 -> 0 | AW61: =VLOOKUP(A61,'15'!B:BA,52,0) -> 0 | AX61: กล่อง | AY61: =+AW61*C61 -> 0 | AZ61: =VLOOKUP(A61,'16'!B:BA,52,0) -> 0 | BA61: กล่อง | BB61: =+AZ61*C61 -> 0 | BC61: =VLOOKUP(A61,'17'!B:BA,52,0) -> 0 | BD61: กล่อง | BE61: =+BC61*C61 -> 0 | BF61: =VLOOKUP(A61,'18'!B:BA,52,0) -> 18 | BG61: กล่อง | BH61: =+BF61*C61 -> 270 | BI61: =VLOOKUP(A61,'19'!B:BA,52,0) -> 15 | BJ61: กล่อง | BK61: =+BI61*C61 -> 225 | BL61: =VLOOKUP(A61,'20'!B:BA,52,0) -> 12 | BM61: กล่อง | BN61: =+BL61*C61 -> 180 | BO61: =VLOOKUP(A61,'21'!B:BA,52,0) -> 5 | BP61: กล่อง | BQ61: =+BO61*C61 -> 75 | BR61: =VLOOKUP(A61,'22'!B:BA,52,0) -> 0 | BS61: กล่อง | BT61: =+BR61*C61 -> 0 | BU61: =VLOOKUP(A61,'23'!B:BA,52,0) -> 0 | BV61: กล่อง | BW61: =+BU61*C61 -> 0 | BX61: =VLOOKUP(A61,'24'!B:BA,52,0) -> 0 | BY61: กล่อง | BZ61: =+BX61*C61 -> 0 | CA61: =VLOOKUP(A61,'25'!B:BA,52,0) -> 3 | CB61: กล่อง | CC61: =+CA61*C61 -> 45 | CD61: =VLOOKUP(A61,'26'!B:BA,52,0) -> 25 | CE61: กล่อง | CF61: =+CD61*C61 -> 375 | CG61: =VLOOKUP(A61,'27'!B:BA,52,0) -> 15 | CH61: กล่อง | CI61: =+CG61*C61 -> 225 | CJ61: =VLOOKUP(A61,'28'!B:BA,52,0) -> 11 | CK61: กล่อง | CL61: =+CJ61*C61 -> 165 | CM61: =VLOOKUP(A61,'29'!B:BA,52,0) -> 0 | CN61: กล่อง | CO61: =+CM61*C61 -> 0 | CP61: =VLOOKUP(A61,'30'!B:BA,52,0) -> 7 | CQ61: กล่อง | CR61: =+CP61*C61 -> 105 | CS61: =VLOOKUP(A61,'31'!B:BA,52,0) -> 23 | CT61: กล่อง | CU61: =+CS61*C61 -> 345 | CV61: =VLOOKUP(A61,สรุป!B:BA,52,0) -> 178 | CW61: กล่อง | CX61: =+CV61*C61 -> 2670
A62: 1004063 | B62: ซอฟท์เค้กหน้าช็อกโกแลตมูส | C62: 16.13 | D62: =+CV62 -> 14 | E62: กล่อง | F62: =+D62*C62 -> 225.82 | G62: =VLOOKUP(A62,'1'!B:BA,52,0) -> 0 | H62: กล่อง | I62: =+G62*C62 -> 0 | J62: =VLOOKUP(A62,'2'!B:BA,52,0) -> 0 | K62: กล่อง | L62: =+J62*C62 -> 0 | M62: =VLOOKUP(A62,'3'!B:BA,52,0) -> 0 | N62: กล่อง | O62: =+M62*C62 -> 0 | P62: =VLOOKUP(A62,'4'!B:BA,52,0) -> 0 | Q62: กล่อง | R62: =+P62*C62 -> 0 | S62: =VLOOKUP(A62,'5'!B:BA,52,0) -> 0 | T62: กล่อง | U62: =+S62*C62 -> 0 | V62: =VLOOKUP(A62,'6'!B:BA,52,0) -> 0 | W62: กล่อง | X62: =+V62*C62 -> 0 | Y62: =VLOOKUP(A62,'7'!B:BA,52,0) -> 0 | Z62: กล่อง | AA62: =+Y62*C62 -> 0 | AB62: =VLOOKUP(A62,'8'!B:BA,52,0) -> 3 | AC62: กล่อง | AD62: =+AB62*C62 -> 48.39 | AE62: =VLOOKUP(A62,'9'!B:BA,52,0) -> 0 | AF62: กล่อง | AG62: =+AE62*C62 -> 0 | AH62: =VLOOKUP(A62,'10'!B:BA,52,0) -> 0 | AI62: กล่อง | AJ62: =+AH62*C62 -> 0 | AK62: =VLOOKUP(A62,'11'!B:BA,52,0) -> 0 | AL62: กล่อง | AM62: =+AK62*C62 -> 0 | AN62: =VLOOKUP(A62,'12'!B:BA,52,0) -> 0 | AO62: กล่อง | AP62: =+AN62*C62 -> 0 | AQ62: =VLOOKUP(A62,'13'!B:BA,52,0) -> 0 | AR62: กล่อง | AS62: =+AQ62*C62 -> 0 | AT62: =VLOOKUP(A62,'14'!B:BA,52,0) -> 0 | AU62: กล่อง | AV62: =+AT62*C62 -> 0 | AW62: =VLOOKUP(A62,'15'!B:BA,52,0) -> 0 | AX62: กล่อง | AY62: =+AW62*C62 -> 0 | AZ62: =VLOOKUP(A62,'16'!B:BA,52,0) -> 0 | BA62: กล่อง | BB62: =+AZ62*C62 -> 0 | BC62: =VLOOKUP(A62,'17'!B:BA,52,0) -> 0 | BD62: กล่อง | BE62: =+BC62*C62 -> 0 | BF62: =VLOOKUP(A62,'18'!B:BA,52,0) -> 2 | BG62: กล่อง | BH62: =+BF62*C62 -> 32.26 | BI62: =VLOOKUP(A62,'19'!B:BA,52,0) -> 0 | BJ62: กล่อง | BK62: =+BI62*C62 -> 0 | BL62: =VLOOKUP(A62,'20'!B:BA,52,0) -> 3 | BM62: กล่อง | BN62: =+BL62*C62 -> 48.39 | BO62: =VLOOKUP(A62,'21'!B:BA,52,0) -> 0 | BP62: กล่อง | BQ62: =+BO62*C62 -> 0 | BR62: =VLOOKUP(A62,'22'!B:BA,52,0) -> 0 | BS62: กล่อง | BT62: =+BR62*C62 -> 0 | BU62: =VLOOKUP(A62,'23'!B:BA,52,0) -> 0 | BV62: กล่อง | BW62: =+BU62*C62 -> 0 | BX62: =VLOOKUP(A62,'24'!B:BA,52,0) -> 0 | BY62: กล่อง | BZ62: =+BX62*C62 -> 0 | CA62: =VLOOKUP(A62,'25'!B:BA,52,0) -> 0 | CB62: กล่อง | CC62: =+CA62*C62 -> 0 | CD62: =VLOOKUP(A62,'26'!B:BA,52,0) -> 0 | CE62: กล่อง | CF62: =+CD62*C62 -> 0 | CG62: =VLOOKUP(A62,'27'!B:BA,52,0) -> 0 | CH62: กล่อง | CI62: =+CG62*C62 -> 0 | CJ62: =VLOOKUP(A62,'28'!B:BA,52,0) -> 0 | CK62: กล่อง | CL62: =+CJ62*C62 -> 0 | CM62: =VLOOKUP(A62,'29'!B:BA,52,0) -> 6 | CN62: กล่อง | CO62: =+CM62*C62 -> 96.78 | CP62: =VLOOKUP(A62,'30'!B:BA,52,0) -> 0 | CQ62: กล่อง | CR62: =+CP62*C62 -> 0 | CS62: =VLOOKUP(A62,'31'!B:BA,52,0) -> 0 | CT62: กล่อง | CU62: =+CS62*C62 -> 0 | CV62: =VLOOKUP(A62,สรุป!B:BA,52,0) -> 14 | CW62: กล่อง | CX62: =+CV62*C62 -> 225.82
A63: 1004065 | B63: ซอฟท์เค้กหน้ามะพร้าวนมสด | C63: 14.85 | D63: =+CV63 -> 6 | E63: กล่อง | F63: =+D63*C63 -> 89.1 | G63: =VLOOKUP(A63,'1'!B:BA,52,0) -> 0 | H63: กล่อง | I63: =+G63*C63 -> 0 | J63: =VLOOKUP(A63,'2'!B:BA,52,0) -> 0 | K63: กล่อง | L63: =+J63*C63 -> 0 | M63: =VLOOKUP(A63,'3'!B:BA,52,0) -> 0 | N63: กล่อง | O63: =+M63*C63 -> 0 | P63: =VLOOKUP(A63,'4'!B:BA,52,0) -> 0 | Q63: กล่อง | R63: =+P63*C63 -> 0 | S63: =VLOOKUP(A63,'5'!B:BA,52,0) -> 0 | T63: กล่อง | U63: =+S63*C63 -> 0 | V63: =VLOOKUP(A63,'6'!B:BA,52,0) -> 0 | W63: กล่อง | X63: =+V63*C63 -> 0 | Y63: =VLOOKUP(A63,'7'!B:BA,52,0) -> 0 | Z63: กล่อง | AA63: =+Y63*C63 -> 0 | AB63: =VLOOKUP(A63,'8'!B:BA,52,0) -> 3 | AC63: กล่อง | AD63: =+AB63*C63 -> 44.55 | AE63: =VLOOKUP(A63,'9'!B:BA,52,0) -> 0 | AF63: กล่อง | AG63: =+AE63*C63 -> 0 | AH63: =VLOOKUP(A63,'10'!B:BA,52,0) -> 0 | AI63: กล่อง | AJ63: =+AH63*C63 -> 0 | AK63: =VLOOKUP(A63,'11'!B:BA,52,0) -> 0 | AL63: กล่อง | AM63: =+AK63*C63 -> 0 | AN63: =VLOOKUP(A63,'12'!B:BA,52,0) -> 0 | AO63: กล่อง | AP63: =+AN63*C63 -> 0 | AQ63: =VLOOKUP(A63,'13'!B:BA,52,0) -> 0 | AR63: กล่อง | AS63: =+AQ63*C63 -> 0 | AT63: =VLOOKUP(A63,'14'!B:BA,52,0) -> 0 | AU63: กล่อง | AV63: =+AT63*C63 -> 0 | AW63: =VLOOKUP(A63,'15'!B:BA,52,0) -> 0 | AX63: กล่อง | AY63: =+AW63*C63 -> 0 | AZ63: =VLOOKUP(A63,'16'!B:BA,52,0) -> 0 | BA63: กล่อง | BB63: =+AZ63*C63 -> 0 | BC63: =VLOOKUP(A63,'17'!B:BA,52,0) -> 0 | BD63: กล่อง | BE63: =+BC63*C63 -> 0 | BF63: =VLOOKUP(A63,'18'!B:BA,52,0) -> 0 | BG63: กล่อง | BH63: =+BF63*C63 -> 0 | BI63: =VLOOKUP(A63,'19'!B:BA,52,0) -> 0 | BJ63: กล่อง | BK63: =+BI63*C63 -> 0 | BL63: =VLOOKUP(A63,'20'!B:BA,52,0) -> 0 | BM63: กล่อง | BN63: =+BL63*C63 -> 0 | BO63: =VLOOKUP(A63,'21'!B:BA,52,0) -> 0 | BP63: กล่อง | BQ63: =+BO63*C63 -> 0 | BR63: =VLOOKUP(A63,'22'!B:BA,52,0) -> 0 | BS63: กล่อง | BT63: =+BR63*C63 -> 0 | BU63: =VLOOKUP(A63,'23'!B:BA,52,0) -> 0 | BV63: กล่อง | BW63: =+BU63*C63 -> 0 | BX63: =VLOOKUP(A63,'24'!B:BA,52,0) -> 0 | BY63: กล่อง | BZ63: =+BX63*C63 -> 0 | CA63: =VLOOKUP(A63,'25'!B:BA,52,0) -> 0 | CB63: กล่อง | CC63: =+CA63*C63 -> 0 | CD63: =VLOOKUP(A63,'26'!B:BA,52,0) -> 0 | CE63: กล่อง | CF63: =+CD63*C63 -> 0 | CG63: =VLOOKUP(A63,'27'!B:BA,52,0) -> 0 | CH63: กล่อง | CI63: =+CG63*C63 -> 0 | CJ63: =VLOOKUP(A63,'28'!B:BA,52,0) -> 0 | CK63: กล่อง | CL63: =+CJ63*C63 -> 0 | CM63: =VLOOKUP(A63,'29'!B:BA,52,0) -> 3 | CN63: กล่อง | CO63: =+CM63*C63 -> 44.55 | CP63: =VLOOKUP(A63,'30'!B:BA,52,0) -> 0 | CQ63: กล่อง | CR63: =+CP63*C63 -> 0 | CS63: =VLOOKUP(A63,'31'!B:BA,52,0) -> 0 | CT63: กล่อง | CU63: =+CS63*C63 -> 0 | CV63: =VLOOKUP(A63,สรุป!B:BA,52,0) -> 6 | CW63: กล่อง | CX63: =+CV63*C63 -> 89.1
A64: 1004072 | B64: เค้กโบราณ ครีม (2 ชิ้น) | C64: 14.08 | D64: =+CV64 -> 0 | E64: กล่อง | F64: =+D64*C64 -> 0 | G64: =VLOOKUP(A64,'1'!B:BA,52,0) -> 0 | H64: กล่อง | I64: =+G64*C64 -> 0 | J64: =VLOOKUP(A64,'2'!B:BA,52,0) -> 0 | K64: กล่อง | L64: =+J64*C64 -> 0 | M64: =VLOOKUP(A64,'3'!B:BA,52,0) -> 0 | N64: กล่อง | O64: =+M64*C64 -> 0 | P64: =VLOOKUP(A64,'4'!B:BA,52,0) -> 0 | Q64: กล่อง | R64: =+P64*C64 -> 0 | S64: =VLOOKUP(A64,'5'!B:BA,52,0) -> 0 | T64: กล่อง | U64: =+S64*C64 -> 0 | V64: =VLOOKUP(A64,'6'!B:BA,52,0) -> 0 | W64: กล่อง | X64: =+V64*C64 -> 0 | Y64: =VLOOKUP(A64,'7'!B:BA,52,0) -> 0 | Z64: กล่อง | AA64: =+Y64*C64 -> 0 | AB64: =VLOOKUP(A64,'8'!B:BA,52,0) -> 0 | AC64: กล่อง | AD64: =+AB64*C64 -> 0 | AE64: =VLOOKUP(A64,'9'!B:BA,52,0) -> 0 | AF64: กล่อง | AG64: =+AE64*C64 -> 0 | AH64: =VLOOKUP(A64,'10'!B:BA,52,0) -> 0 | AI64: กล่อง | AJ64: =+AH64*C64 -> 0 | AK64: =VLOOKUP(A64,'11'!B:BA,52,0) -> 0 | AL64: กล่อง | AM64: =+AK64*C64 -> 0 | AN64: =VLOOKUP(A64,'12'!B:BA,52,0) -> 0 | AO64: กล่อง | AP64: =+AN64*C64 -> 0 | AQ64: =VLOOKUP(A64,'13'!B:BA,52,0) -> 0 | AR64: กล่อง | AS64: =+AQ64*C64 -> 0 | AT64: =VLOOKUP(A64,'14'!B:BA,52,0) -> 0 | AU64: กล่อง | AV64: =+AT64*C64 -> 0 | AW64: =VLOOKUP(A64,'15'!B:BA,52,0) -> 0 | AX64: กล่อง | AY64: =+AW64*C64 -> 0 | AZ64: =VLOOKUP(A64,'16'!B:BA,52,0) -> 0 | BA64: กล่อง | BB64: =+AZ64*C64 -> 0 | BC64: =VLOOKUP(A64,'17'!B:BA,52,0) -> 0 | BD64: กล่อง | BE64: =+BC64*C64 -> 0 | BF64: =VLOOKUP(A64,'18'!B:BA,52,0) -> 0 | BG64: กล่อง | BH64: =+BF64*C64 -> 0 | BI64: =VLOOKUP(A64,'19'!B:BA,52,0) -> 0 | BJ64: กล่อง | BK64: =+BI64*C64 -> 0 | BL64: =VLOOKUP(A64,'20'!B:BA,52,0) -> 0 | BM64: กล่อง | BN64: =+BL64*C64 -> 0 | BO64: =VLOOKUP(A64,'21'!B:BA,52,0) -> 0 | BP64: กล่อง | BQ64: =+BO64*C64 -> 0 | BR64: =VLOOKUP(A64,'22'!B:BA,52,0) -> 0 | BS64: กล่อง | BT64: =+BR64*C64 -> 0 | BU64: =VLOOKUP(A64,'23'!B:BA,52,0) -> 0 | BV64: กล่อง | BW64: =+BU64*C64 -> 0 | BX64: =VLOOKUP(A64,'24'!B:BA,52,0) -> 0 | BY64: กล่อง | BZ64: =+BX64*C64 -> 0 | CA64: =VLOOKUP(A64,'25'!B:BA,52,0) -> 0 | CB64: กล่อง | CC64: =+CA64*C64 -> 0 | CD64: =VLOOKUP(A64,'26'!B:BA,52,0) -> 0 | CE64: กล่อง | CF64: =+CD64*C64 -> 0 | CG64: =VLOOKUP(A64,'27'!B:BA,52,0) -> 0 | CH64: กล่อง | CI64: =+CG64*C64 -> 0 | CJ64: =VLOOKUP(A64,'28'!B:BA,52,0) -> 0 | CK64: กล่อง | CL64: =+CJ64*C64 -> 0 | CM64: =VLOOKUP(A64,'29'!B:BA,52,0) -> 0 | CN64: กล่อง | CO64: =+CM64*C64 -> 0 | CP64: =VLOOKUP(A64,'30'!B:BA,52,0) -> 0 | CQ64: กล่อง | CR64: =+CP64*C64 -> 0 | CS64: =VLOOKUP(A64,'31'!B:BA,52,0) -> 0 | CT64: กล่อง | CU64: =+CS64*C64 -> 0 | CV64: =VLOOKUP(A64,สรุป!B:BA,52,0) -> 0 | CW64: กล่อง | CX64: =+CV64*C64 -> 0
A65: 1113006 | B65: เค้กโบราณ ครีม (4 ชิ้น) | C65: 18.22 | D65: =+CV65 -> 0 | E65: กล่อง | F65: =+D65*C65 -> 0 | G65: =VLOOKUP(A65,'1'!B:BA,52,0) -> 0 | H65: กล่อง | I65: =+G65*C65 -> 0 | J65: =VLOOKUP(A65,'2'!B:BA,52,0) -> 0 | K65: กล่อง | L65: =+J65*C65 -> 0 | M65: =VLOOKUP(A65,'3'!B:BA,52,0) -> 0 | N65: กล่อง | O65: =+M65*C65 -> 0 | P65: =VLOOKUP(A65,'4'!B:BA,52,0) -> 0 | Q65: กล่อง | R65: =+P65*C65 -> 0 | S65: =VLOOKUP(A65,'5'!B:BA,52,0) -> 0 | T65: กล่อง | U65: =+S65*C65 -> 0 | V65: =VLOOKUP(A65,'6'!B:BA,52,0) -> 0 | W65: กล่อง | X65: =+V65*C65 -> 0 | Y65: =VLOOKUP(A65,'7'!B:BA,52,0) -> 0 | Z65: กล่อง | AA65: =+Y65*C65 -> 0 | AB65: =VLOOKUP(A65,'8'!B:BA,52,0) -> 0 | AC65: กล่อง | AD65: =+AB65*C65 -> 0 | AE65: =VLOOKUP(A65,'9'!B:BA,52,0) -> 0 | AF65: กล่อง | AG65: =+AE65*C65 -> 0 | AH65: =VLOOKUP(A65,'10'!B:BA,52,0) -> 0 | AI65: กล่อง | AJ65: =+AH65*C65 -> 0 | AK65: =VLOOKUP(A65,'11'!B:BA,52,0) -> 0 | AL65: กล่อง | AM65: =+AK65*C65 -> 0 | AN65: =VLOOKUP(A65,'12'!B:BA,52,0) -> 0 | AO65: กล่อง | AP65: =+AN65*C65 -> 0 | AQ65: =VLOOKUP(A65,'13'!B:BA,52,0) -> 0 | AR65: กล่อง | AS65: =+AQ65*C65 -> 0 | AT65: =VLOOKUP(A65,'14'!B:BA,52,0) -> 0 | AU65: กล่อง | AV65: =+AT65*C65 -> 0 | AW65: =VLOOKUP(A65,'15'!B:BA,52,0) -> 0 | AX65: กล่อง | AY65: =+AW65*C65 -> 0 | AZ65: =VLOOKUP(A65,'16'!B:BA,52,0) -> 0 | BA65: กล่อง | BB65: =+AZ65*C65 -> 0 | BC65: =VLOOKUP(A65,'17'!B:BA,52,0) -> 0 | BD65: กล่อง | BE65: =+BC65*C65 -> 0 | BF65: =VLOOKUP(A65,'18'!B:BA,52,0) -> 0 | BG65: กล่อง | BH65: =+BF65*C65 -> 0 | BI65: =VLOOKUP(A65,'19'!B:BA,52,0) -> 0 | BJ65: กล่อง | BK65: =+BI65*C65 -> 0 | BL65: =VLOOKUP(A65,'20'!B:BA,52,0) -> 0 | BM65: กล่อง | BN65: =+BL65*C65 -> 0 | BO65: =VLOOKUP(A65,'21'!B:BA,52,0) -> 0 | BP65: กล่อง | BQ65: =+BO65*C65 -> 0 | BR65: =VLOOKUP(A65,'22'!B:BA,52,0) -> 0 | BS65: กล่อง | BT65: =+BR65*C65 -> 0 | BU65: =VLOOKUP(A65,'23'!B:BA,52,0) -> 0 | BV65: กล่อง | BW65: =+BU65*C65 -> 0 | BX65: =VLOOKUP(A65,'24'!B:BA,52,0) -> 0 | BY65: กล่อง | BZ65: =+BX65*C65 -> 0 | CA65: =VLOOKUP(A65,'25'!B:BA,52,0) -> 0 | CB65: กล่อง | CC65: =+CA65*C65 -> 0 | CD65: =VLOOKUP(A65,'26'!B:BA,52,0) -> 0 | CE65: กล่อง | CF65: =+CD65*C65 -> 0 | CG65: =VLOOKUP(A65,'27'!B:BA,52,0) -> 0 | CH65: กล่อง | CI65: =+CG65*C65 -> 0 | CJ65: =VLOOKUP(A65,'28'!B:BA,52,0) -> 0 | CK65: กล่อง | CL65: =+CJ65*C65 -> 0 | CM65: =VLOOKUP(A65,'29'!B:BA,52,0) -> 0 | CN65: กล่อง | CO65: =+CM65*C65 -> 0 | CP65: =VLOOKUP(A65,'30'!B:BA,52,0) -> 0 | CQ65: กล่อง | CR65: =+CP65*C65 -> 0 | CS65: =VLOOKUP(A65,'31'!B:BA,52,0) -> 0 | CT65: กล่อง | CU65: =+CS65*C65 -> 0 | CV65: =VLOOKUP(A65,สรุป!B:BA,52,0) -> 0 | CW65: กล่อง | CX65: =+CV65*C65 -> 0
A66: 1113007 | B66: เค้กโบราณ ผลไม้ (4 ชิ้น) | C66: 17.26 | D66: =+CV66 -> 0 | E66: กล่อง | F66: =+D66*C66 -> 0 | G66: =VLOOKUP(A66,'1'!B:BA,52,0) -> 0 | H66: กล่อง | I66: =+G66*C66 -> 0 | J66: =VLOOKUP(A66,'2'!B:BA,52,0) -> 0 | K66: กล่อง | L66: =+J66*C66 -> 0 | M66: =VLOOKUP(A66,'3'!B:BA,52,0) -> 0 | N66: กล่อง | O66: =+M66*C66 -> 0 | P66: =VLOOKUP(A66,'4'!B:BA,52,0) -> 0 | Q66: กล่อง | R66: =+P66*C66 -> 0 | S66: =VLOOKUP(A66,'5'!B:BA,52,0) -> 0 | T66: กล่อง | U66: =+S66*C66 -> 0 | V66: =VLOOKUP(A66,'6'!B:BA,52,0) -> 0 | W66: กล่อง | X66: =+V66*C66 -> 0 | Y66: =VLOOKUP(A66,'7'!B:BA,52,0) -> 0 | Z66: กล่อง | AA66: =+Y66*C66 -> 0 | AB66: =VLOOKUP(A66,'8'!B:BA,52,0) -> 0 | AC66: กล่อง | AD66: =+AB66*C66 -> 0 | AE66: =VLOOKUP(A66,'9'!B:BA,52,0) -> 0 | AF66: กล่อง | AG66: =+AE66*C66 -> 0 | AH66: =VLOOKUP(A66,'10'!B:BA,52,0) -> 0 | AI66: กล่อง | AJ66: =+AH66*C66 -> 0 | AK66: =VLOOKUP(A66,'11'!B:BA,52,0) -> 0 | AL66: กล่อง | AM66: =+AK66*C66 -> 0 | AN66: =VLOOKUP(A66,'12'!B:BA,52,0) -> 0 | AO66: กล่อง | AP66: =+AN66*C66 -> 0 | AQ66: =VLOOKUP(A66,'13'!B:BA,52,0) -> 0 | AR66: กล่อง | AS66: =+AQ66*C66 -> 0 | AT66: =VLOOKUP(A66,'14'!B:BA,52,0) -> 0 | AU66: กล่อง | AV66: =+AT66*C66 -> 0 | AW66: =VLOOKUP(A66,'15'!B:BA,52,0) -> 0 | AX66: กล่อง | AY66: =+AW66*C66 -> 0 | AZ66: =VLOOKUP(A66,'16'!B:BA,52,0) -> 0 | BA66: กล่อง | BB66: =+AZ66*C66 -> 0 | BC66: =VLOOKUP(A66,'17'!B:BA,52,0) -> 0 | BD66: กล่อง | BE66: =+BC66*C66 -> 0 | BF66: =VLOOKUP(A66,'18'!B:BA,52,0) -> 0 | BG66: กล่อง | BH66: =+BF66*C66 -> 0 | BI66: =VLOOKUP(A66,'19'!B:BA,52,0) -> 0 | BJ66: กล่อง | BK66: =+BI66*C66 -> 0 | BL66: =VLOOKUP(A66,'20'!B:BA,52,0) -> 0 | BM66: กล่อง | BN66: =+BL66*C66 -> 0 | BO66: =VLOOKUP(A66,'21'!B:BA,52,0) -> 0 | BP66: กล่อง | BQ66: =+BO66*C66 -> 0 | BR66: =VLOOKUP(A66,'22'!B:BA,52,0) -> 0 | BS66: กล่อง | BT66: =+BR66*C66 -> 0 | BU66: =VLOOKUP(A66,'23'!B:BA,52,0) -> 0 | BV66: กล่อง | BW66: =+BU66*C66 -> 0 | BX66: =VLOOKUP(A66,'24'!B:BA,52,0) -> 0 | BY66: กล่อง | BZ66: =+BX66*C66 -> 0 | CA66: =VLOOKUP(A66,'25'!B:BA,52,0) -> 0 | CB66: กล่อง | CC66: =+CA66*C66 -> 0 | CD66: =VLOOKUP(A66,'26'!B:BA,52,0) -> 0 | CE66: กล่อง | CF66: =+CD66*C66 -> 0 | CG66: =VLOOKUP(A66,'27'!B:BA,52,0) -> 0 | CH66: กล่อง | CI66: =+CG66*C66 -> 0 | CJ66: =VLOOKUP(A66,'28'!B:BA,52,0) -> 0 | CK66: กล่อง | CL66: =+CJ66*C66 -> 0 | CM66: =VLOOKUP(A66,'29'!B:BA,52,0) -> 0 | CN66: กล่อง | CO66: =+CM66*C66 -> 0 | CP66: =VLOOKUP(A66,'30'!B:BA,52,0) -> 0 | CQ66: กล่อง | CR66: =+CP66*C66 -> 0 | CS66: =VLOOKUP(A66,'31'!B:BA,52,0) -> 0 | CT66: กล่อง | CU66: =+CS66*C66 -> 0 | CV66: =VLOOKUP(A66,สรุป!B:BA,52,0) -> 0 | CW66: กล่อง | CX66: =+CV66*C66 -> 0
A67: 1113008 | B67: เค้กโบราณ รวมรส (4 ชิ้น) | C67: 20.51 | D67: =+CV67 -> 0 | E67: กล่อง | F67: =+D67*C67 -> 0 | G67: =VLOOKUP(A67,'1'!B:BA,52,0) -> 0 | H67: กล่อง | I67: =+G67*C67 -> 0 | J67: =VLOOKUP(A67,'2'!B:BA,52,0) -> 0 | K67: กล่อง | L67: =+J67*C67 -> 0 | M67: =VLOOKUP(A67,'3'!B:BA,52,0) -> 0 | N67: กล่อง | O67: =+M67*C67 -> 0 | P67: =VLOOKUP(A67,'4'!B:BA,52,0) -> 0 | Q67: กล่อง | R67: =+P67*C67 -> 0 | S67: =VLOOKUP(A67,'5'!B:BA,52,0) -> 0 | T67: กล่อง | U67: =+S67*C67 -> 0 | V67: =VLOOKUP(A67,'6'!B:BA,52,0) -> 0 | W67: กล่อง | X67: =+V67*C67 -> 0 | Y67: =VLOOKUP(A67,'7'!B:BA,52,0) -> 0 | Z67: กล่อง | AA67: =+Y67*C67 -> 0 | AB67: =VLOOKUP(A67,'8'!B:BA,52,0) -> 0 | AC67: กล่อง | AD67: =+AB67*C67 -> 0 | AE67: =VLOOKUP(A67,'9'!B:BA,52,0) -> 0 | AF67: กล่อง | AG67: =+AE67*C67 -> 0 | AH67: =VLOOKUP(A67,'10'!B:BA,52,0) -> 0 | AI67: กล่อง | AJ67: =+AH67*C67 -> 0 | AK67: =VLOOKUP(A67,'11'!B:BA,52,0) -> 0 | AL67: กล่อง | AM67: =+AK67*C67 -> 0 | AN67: =VLOOKUP(A67,'12'!B:BA,52,0) -> 0 | AO67: กล่อง | AP67: =+AN67*C67 -> 0 | AQ67: =VLOOKUP(A67,'13'!B:BA,52,0) -> 0 | AR67: กล่อง | AS67: =+AQ67*C67 -> 0 | AT67: =VLOOKUP(A67,'14'!B:BA,52,0) -> 0 | AU67: กล่อง | AV67: =+AT67*C67 -> 0 | AW67: =VLOOKUP(A67,'15'!B:BA,52,0) -> 0 | AX67: กล่อง | AY67: =+AW67*C67 -> 0 | AZ67: =VLOOKUP(A67,'16'!B:BA,52,0) -> 0 | BA67: กล่อง | BB67: =+AZ67*C67 -> 0 | BC67: =VLOOKUP(A67,'17'!B:BA,52,0) -> 0 | BD67: กล่อง | BE67: =+BC67*C67 -> 0 | BF67: =VLOOKUP(A67,'18'!B:BA,52,0) -> 0 | BG67: กล่อง | BH67: =+BF67*C67 -> 0 | BI67: =VLOOKUP(A67,'19'!B:BA,52,0) -> 0 | BJ67: กล่อง | BK67: =+BI67*C67 -> 0 | BL67: =VLOOKUP(A67,'20'!B:BA,52,0) -> 0 | BM67: กล่อง | BN67: =+BL67*C67 -> 0 | BO67: =VLOOKUP(A67,'21'!B:BA,52,0) -> 0 | BP67: กล่อง | BQ67: =+BO67*C67 -> 0 | BR67: =VLOOKUP(A67,'22'!B:BA,52,0) -> 0 | BS67: กล่อง | BT67: =+BR67*C67 -> 0 | BU67: =VLOOKUP(A67,'23'!B:BA,52,0) -> 0 | BV67: กล่อง | BW67: =+BU67*C67 -> 0 | BX67: =VLOOKUP(A67,'24'!B:BA,52,0) -> 0 | BY67: กล่อง | BZ67: =+BX67*C67 -> 0 | CA67: =VLOOKUP(A67,'25'!B:BA,52,0) -> 0 | CB67: กล่อง | CC67: =+CA67*C67 -> 0 | CD67: =VLOOKUP(A67,'26'!B:BA,52,0) -> 0 | CE67: กล่อง | CF67: =+CD67*C67 -> 0 | CG67: =VLOOKUP(A67,'27'!B:BA,52,0) -> 0 | CH67: กล่อง | CI67: =+CG67*C67 -> 0 | CJ67: =VLOOKUP(A67,'28'!B:BA,52,0) -> 0 | CK67: กล่อง | CL67: =+CJ67*C67 -> 0 | CM67: =VLOOKUP(A67,'29'!B:BA,52,0) -> 0 | CN67: กล่อง | CO67: =+CM67*C67 -> 0 | CP67: =VLOOKUP(A67,'30'!B:BA,52,0) -> 0 | CQ67: กล่อง | CR67: =+CP67*C67 -> 0 | CS67: =VLOOKUP(A67,'31'!B:BA,52,0) -> 0 | CT67: กล่อง | CU67: =+CS67*C67 -> 0 | CV67: =VLOOKUP(A67,สรุป!B:BA,52,0) -> 0 | CW67: กล่อง | CX67: =+CV67*C67 -> 0
A68: 5002400 | B68: เค้กลาวา ฝอยทอง (เล็ก) | C68: 0 | D68: =+CV68 -> 0 | E68: กล่อง | F68: =+D68*C68 -> 0 | G68: =VLOOKUP(A68,'1'!B:BA,52,0) -> 0 | H68: กล่อง | I68: =+G68*C68 -> 0 | J68: =VLOOKUP(A68,'2'!B:BA,52,0) -> 0 | K68: กล่อง | L68: =+J68*C68 -> 0 | M68: =VLOOKUP(A68,'3'!B:BA,52,0) -> 0 | N68: กล่อง | O68: =+M68*C68 -> 0 | P68: =VLOOKUP(A68,'4'!B:BA,52,0) -> 0 | Q68: กล่อง | R68: =+P68*C68 -> 0 | S68: =VLOOKUP(A68,'5'!B:BA,52,0) -> 0 | T68: กล่อง | U68: =+S68*C68 -> 0 | V68: =VLOOKUP(A68,'6'!B:BA,52,0) -> 0 | W68: กล่อง | X68: =+V68*C68 -> 0 | Y68: =VLOOKUP(A68,'7'!B:BA,52,0) -> 0 | Z68: กล่อง | AA68: =+Y68*C68 -> 0 | AB68: =VLOOKUP(A68,'8'!B:BA,52,0) -> 0 | AC68: กล่อง | AD68: =+AB68*C68 -> 0 | AE68: =VLOOKUP(A68,'9'!B:BA,52,0) -> 0 | AF68: กล่อง | AG68: =+AE68*C68 -> 0 | AH68: =VLOOKUP(A68,'10'!B:BA,52,0) -> 0 | AI68: กล่อง | AJ68: =+AH68*C68 -> 0 | AK68: =VLOOKUP(A68,'11'!B:BA,52,0) -> 0 | AL68: กล่อง | AM68: =+AK68*C68 -> 0 | AN68: =VLOOKUP(A68,'12'!B:BA,52,0) -> 0 | AO68: กล่อง | AP68: =+AN68*C68 -> 0 | AQ68: =VLOOKUP(A68,'13'!B:BA,52,0) -> 0 | AR68: กล่อง | AS68: =+AQ68*C68 -> 0 | AT68: =VLOOKUP(A68,'14'!B:BA,52,0) -> 0 | AU68: กล่อง | AV68: =+AT68*C68 -> 0 | AW68: =VLOOKUP(A68,'15'!B:BA,52,0) -> 0 | AX68: กล่อง | AY68: =+AW68*C68 -> 0 | AZ68: =VLOOKUP(A68,'16'!B:BA,52,0) -> 0 | BA68: กล่อง | BB68: =+AZ68*C68 -> 0 | BC68: =VLOOKUP(A68,'17'!B:BA,52,0) -> 0 | BD68: กล่อง | BE68: =+BC68*C68 -> 0 | BF68: =VLOOKUP(A68,'18'!B:BA,52,0) -> 0 | BG68: กล่อง | BH68: =+BF68*C68 -> 0 | BI68: =VLOOKUP(A68,'19'!B:BA,52,0) -> 0 | BJ68: กล่อง | BK68: =+BI68*C68 -> 0 | BL68: =VLOOKUP(A68,'20'!B:BA,52,0) -> 0 | BM68: กล่อง | BN68: =+BL68*C68 -> 0 | BO68: =VLOOKUP(A68,'21'!B:BA,52,0) -> 0 | BP68: กล่อง | BQ68: =+BO68*C68 -> 0 | BR68: =VLOOKUP(A68,'22'!B:BA,52,0) -> 0 | BS68: กล่อง | BT68: =+BR68*C68 -> 0 | BU68: =VLOOKUP(A68,'23'!B:BA,52,0) -> 0 | BV68: กล่อง | BW68: =+BU68*C68 -> 0 | BX68: =VLOOKUP(A68,'24'!B:BA,52,0) -> 0 | BY68: กล่อง | BZ68: =+BX68*C68 -> 0 | CA68: =VLOOKUP(A68,'25'!B:BA,52,0) -> 0 | CB68: กล่อง | CC68: =+CA68*C68 -> 0 | CD68: =VLOOKUP(A68,'26'!B:BA,52,0) -> 0 | CE68: กล่อง | CF68: =+CD68*C68 -> 0 | CG68: =VLOOKUP(A68,'27'!B:BA,52,0) -> 0 | CH68: กล่อง | CI68: =+CG68*C68 -> 0 | CJ68: =VLOOKUP(A68,'28'!B:BA,52,0) -> 0 | CK68: กล่อง | CL68: =+CJ68*C68 -> 0 | CM68: =VLOOKUP(A68,'29'!B:BA,52,0) -> 0 | CN68: กล่อง | CO68: =+CM68*C68 -> 0 | CP68: =VLOOKUP(A68,'30'!B:BA,52,0) -> 0 | CQ68: กล่อง | CR68: =+CP68*C68 -> 0 | CS68: =VLOOKUP(A68,'31'!B:BA,52,0) -> 0 | CT68: กล่อง | CU68: =+CS68*C68 -> 0 | CV68: =VLOOKUP(A68,สรุป!B:BA,52,0) -> 0 | CW68: กล่อง | CX68: =+CV68*C68 -> 0
A69: 1004062 | B69: เค้กลาวา ฝอยทองทูโทน (เล็ก) | C69: 17.92 | D69: =+CV69 -> 32 | E69: กล่อง | F69: =+D69*C69 -> 573.44 | G69: =VLOOKUP(A69,'1'!B:BA,52,0) -> 0 | H69: กล่อง | I69: =+G69*C69 -> 0 | J69: =VLOOKUP(A69,'2'!B:BA,52,0) -> 2 | K69: กล่อง | L69: =+J69*C69 -> 35.84 | M69: =VLOOKUP(A69,'3'!B:BA,52,0) -> 0 | N69: กล่อง | O69: =+M69*C69 -> 0 | P69: =VLOOKUP(A69,'4'!B:BA,52,0) -> 0 | Q69: กล่อง | R69: =+P69*C69 -> 0 | S69: =VLOOKUP(A69,'5'!B:BA,52,0) -> 0 | T69: กล่อง | U69: =+S69*C69 -> 0 | V69: =VLOOKUP(A69,'6'!B:BA,52,0) -> 0 | W69: กล่อง | X69: =+V69*C69 -> 0 | Y69: =VLOOKUP(A69,'7'!B:BA,52,0) -> 0 | Z69: กล่อง | AA69: =+Y69*C69 -> 0 | AB69: =VLOOKUP(A69,'8'!B:BA,52,0) -> 0 | AC69: กล่อง | AD69: =+AB69*C69 -> 0 | AE69: =VLOOKUP(A69,'9'!B:BA,52,0) -> 0 | AF69: กล่อง | AG69: =+AE69*C69 -> 0 | AH69: =VLOOKUP(A69,'10'!B:BA,52,0) -> 0 | AI69: กล่อง | AJ69: =+AH69*C69 -> 0 | AK69: =VLOOKUP(A69,'11'!B:BA,52,0) -> 5 | AL69: กล่อง | AM69: =+AK69*C69 -> 89.6 | AN69: =VLOOKUP(A69,'12'!B:BA,52,0) -> 0 | AO69: กล่อง | AP69: =+AN69*C69 -> 0 | AQ69: =VLOOKUP(A69,'13'!B:BA,52,0) -> 0 | AR69: กล่อง | AS69: =+AQ69*C69 -> 0 | AT69: =VLOOKUP(A69,'14'!B:BA,52,0) -> 4 | AU69: กล่อง | AV69: =+AT69*C69 -> 71.68 | AW69: =VLOOKUP(A69,'15'!B:BA,52,0) -> 0 | AX69: กล่อง | AY69: =+AW69*C69 -> 0 | AZ69: =VLOOKUP(A69,'16'!B:BA,52,0) -> 0 | BA69: กล่อง | BB69: =+AZ69*C69 -> 0 | BC69: =VLOOKUP(A69,'17'!B:BA,52,0) -> 0 | BD69: กล่อง | BE69: =+BC69*C69 -> 0 | BF69: =VLOOKUP(A69,'18'!B:BA,52,0) -> 5 | BG69: กล่อง | BH69: =+BF69*C69 -> 89.6 | BI69: =VLOOKUP(A69,'19'!B:BA,52,0) -> 0 | BJ69: กล่อง | BK69: =+BI69*C69 -> 0 | BL69: =VLOOKUP(A69,'20'!B:BA,52,0) -> 0 | BM69: กล่อง | BN69: =+BL69*C69 -> 0 | BO69: =VLOOKUP(A69,'21'!B:BA,52,0) -> 4 | BP69: กล่อง | BQ69: =+BO69*C69 -> 71.68 | BR69: =VLOOKUP(A69,'22'!B:BA,52,0) -> 0 | BS69: กล่อง | BT69: =+BR69*C69 -> 0 | BU69: =VLOOKUP(A69,'23'!B:BA,52,0) -> 0 | BV69: กล่อง | BW69: =+BU69*C69 -> 0 | BX69: =VLOOKUP(A69,'24'!B:BA,52,0) -> 0 | BY69: กล่อง | BZ69: =+BX69*C69 -> 0 | CA69: =VLOOKUP(A69,'25'!B:BA,52,0) -> 8 | CB69: กล่อง | CC69: =+CA69*C69 -> 143.36 | CD69: =VLOOKUP(A69,'26'!B:BA,52,0) -> 0 | CE69: กล่อง | CF69: =+CD69*C69 -> 0 | CG69: =VLOOKUP(A69,'27'!B:BA,52,0) -> 0 | CH69: กล่อง | CI69: =+CG69*C69 -> 0 | CJ69: =VLOOKUP(A69,'28'!B:BA,52,0) -> 0 | CK69: กล่อง | CL69: =+CJ69*C69 -> 0 | CM69: =VLOOKUP(A69,'29'!B:BA,52,0) -> 0 | CN69: กล่อง | CO69: =+CM69*C69 -> 0 | CP69: =VLOOKUP(A69,'30'!B:BA,52,0) -> 4 | CQ69: กล่อง | CR69: =+CP69*C69 -> 71.68 | CS69: =VLOOKUP(A69,'31'!B:BA,52,0) -> 0 | CT69: กล่อง | CU69: =+CS69*C69 -> 0 | CV69: =VLOOKUP(A69,สรุป!B:BA,52,0) -> 32 | CW69: กล่อง | CX69: =+CV69*C69 -> 573.44
A70: 1005984 | B70: แซนด์วิชปูอัดสาหร่าย ไร้ขอบ | C70: 14.63 | D70: =+CV70 -> 0 | E70: กล่อง | F70: =+D70*C70 -> 0 | G70: =VLOOKUP(A70,'1'!B:BA,52,0) -> 0 | H70: กล่อง | I70: =+G70*C70 -> 0 | J70: =VLOOKUP(A70,'2'!B:BA,52,0) -> 0 | K70: กล่อง | L70: =+J70*C70 -> 0 | M70: =VLOOKUP(A70,'3'!B:BA,52,0) -> 0 | N70: กล่อง | O70: =+M70*C70 -> 0 | P70: =VLOOKUP(A70,'4'!B:BA,52,0) -> 0 | Q70: กล่อง | R70: =+P70*C70 -> 0 | S70: =VLOOKUP(A70,'5'!B:BA,52,0) -> 0 | T70: กล่อง | U70: =+S70*C70 -> 0 | V70: =VLOOKUP(A70,'6'!B:BA,52,0) -> 0 | W70: กล่อง | X70: =+V70*C70 -> 0 | Y70: =VLOOKUP(A70,'7'!B:BA,52,0) -> 0 | Z70: กล่อง | AA70: =+Y70*C70 -> 0 | AB70: =VLOOKUP(A70,'8'!B:BA,52,0) -> 0 | AC70: กล่อง | AD70: =+AB70*C70 -> 0 | AE70: =VLOOKUP(A70,'9'!B:BA,52,0) -> 0 | AF70: กล่อง | AG70: =+AE70*C70 -> 0 | AH70: =VLOOKUP(A70,'10'!B:BA,52,0) -> 0 | AI70: กล่อง | AJ70: =+AH70*C70 -> 0 | AK70: =VLOOKUP(A70,'11'!B:BA,52,0) -> 0 | AL70: กล่อง | AM70: =+AK70*C70 -> 0 | AN70: =VLOOKUP(A70,'12'!B:BA,52,0) -> 0 | AO70: กล่อง | AP70: =+AN70*C70 -> 0 | AQ70: =VLOOKUP(A70,'13'!B:BA,52,0) -> 0 | AR70: กล่อง | AS70: =+AQ70*C70 -> 0 | AT70: =VLOOKUP(A70,'14'!B:BA,52,0) -> 0 | AU70: กล่อง | AV70: =+AT70*C70 -> 0 | AW70: =VLOOKUP(A70,'15'!B:BA,52,0) -> 0 | AX70: กล่อง | AY70: =+AW70*C70 -> 0 | AZ70: =VLOOKUP(A70,'16'!B:BA,52,0) -> 0 | BA70: กล่อง | BB70: =+AZ70*C70 -> 0 | BC70: =VLOOKUP(A70,'17'!B:BA,52,0) -> 0 | BD70: กล่อง | BE70: =+BC70*C70 -> 0 | BF70: =VLOOKUP(A70,'18'!B:BA,52,0) -> 0 | BG70: กล่อง | BH70: =+BF70*C70 -> 0 | BI70: =VLOOKUP(A70,'19'!B:BA,52,0) -> 0 | BJ70: กล่อง | BK70: =+BI70*C70 -> 0 | BL70: =VLOOKUP(A70,'20'!B:BA,52,0) -> 0 | BM70: กล่อง | BN70: =+BL70*C70 -> 0 | BO70: =VLOOKUP(A70,'21'!B:BA,52,0) -> 0 | BP70: กล่อง | BQ70: =+BO70*C70 -> 0 | BR70: =VLOOKUP(A70,'22'!B:BA,52,0) -> 0 | BS70: กล่อง | BT70: =+BR70*C70 -> 0 | BU70: =VLOOKUP(A70,'23'!B:BA,52,0) -> 0 | BV70: กล่อง | BW70: =+BU70*C70 -> 0 | BX70: =VLOOKUP(A70,'24'!B:BA,52,0) -> 0 | BY70: กล่อง | BZ70: =+BX70*C70 -> 0 | CA70: =VLOOKUP(A70,'25'!B:BA,52,0) -> 0 | CB70: กล่อง | CC70: =+CA70*C70 -> 0 | CD70: =VLOOKUP(A70,'26'!B:BA,52,0) -> 0 | CE70: กล่อง | CF70: =+CD70*C70 -> 0 | CG70: =VLOOKUP(A70,'27'!B:BA,52,0) -> 0 | CH70: กล่อง | CI70: =+CG70*C70 -> 0 | CJ70: =VLOOKUP(A70,'28'!B:BA,52,0) -> 0 | CK70: กล่อง | CL70: =+CJ70*C70 -> 0 | CM70: =VLOOKUP(A70,'29'!B:BA,52,0) -> 0 | CN70: กล่อง | CO70: =+CM70*C70 -> 0 | CP70: =VLOOKUP(A70,'30'!B:BA,52,0) -> 0 | CQ70: กล่อง | CR70: =+CP70*C70 -> 0 | CS70: =VLOOKUP(A70,'31'!B:BA,52,0) -> 0 | CT70: กล่อง | CU70: =+CS70*C70 -> 0 | CV70: =VLOOKUP(A70,สรุป!B:BA,52,0) -> 0 | CW70: กล่อง | CX70: =+CV70*C70 -> 0
A71: 1005998 | B71: แซนด์วิช โฮลวีทแฮมชีส ไร้ขอบ | C71: 16.62 | D71: =+CV71 -> 41 | E71: กล่อง | F71: =+D71*C71 -> 681.42 | G71: =VLOOKUP(A71,'1'!B:BA,52,0) -> 0 | H71: กล่อง | I71: =+G71*C71 -> 0 | J71: =VLOOKUP(A71,'2'!B:BA,52,0) -> 2 | K71: กล่อง | L71: =+J71*C71 -> 33.24 | M71: =VLOOKUP(A71,'3'!B:BA,52,0) -> 0 | N71: กล่อง | O71: =+M71*C71 -> 0 | P71: =VLOOKUP(A71,'4'!B:BA,52,0) -> 0 | Q71: กล่อง | R71: =+P71*C71 -> 0 | S71: =VLOOKUP(A71,'5'!B:BA,52,0) -> 0 | T71: กล่อง | U71: =+S71*C71 -> 0 | V71: =VLOOKUP(A71,'6'!B:BA,52,0) -> 0 | W71: กล่อง | X71: =+V71*C71 -> 0 | Y71: =VLOOKUP(A71,'7'!B:BA,52,0) -> 0 | Z71: กล่อง | AA71: =+Y71*C71 -> 0 | AB71: =VLOOKUP(A71,'8'!B:BA,52,0) -> 0 | AC71: กล่อง | AD71: =+AB71*C71 -> 0 | AE71: =VLOOKUP(A71,'9'!B:BA,52,0) -> 0 | AF71: กล่อง | AG71: =+AE71*C71 -> 0 | AH71: =VLOOKUP(A71,'10'!B:BA,52,0) -> 0 | AI71: กล่อง | AJ71: =+AH71*C71 -> 0 | AK71: =VLOOKUP(A71,'11'!B:BA,52,0) -> 0 | AL71: กล่อง | AM71: =+AK71*C71 -> 0 | AN71: =VLOOKUP(A71,'12'!B:BA,52,0) -> 6 | AO71: กล่อง | AP71: =+AN71*C71 -> 99.72 | AQ71: =VLOOKUP(A71,'13'!B:BA,52,0) -> 10 | AR71: กล่อง | AS71: =+AQ71*C71 -> 166.2 | AT71: =VLOOKUP(A71,'14'!B:BA,52,0) -> 0 | AU71: กล่อง | AV71: =+AT71*C71 -> 0 | AW71: =VLOOKUP(A71,'15'!B:BA,52,0) -> 0 | AX71: กล่อง | AY71: =+AW71*C71 -> 0 | AZ71: =VLOOKUP(A71,'16'!B:BA,52,0) -> 0 | BA71: กล่อง | BB71: =+AZ71*C71 -> 0 | BC71: =VLOOKUP(A71,'17'!B:BA,52,0) -> 0 | BD71: กล่อง | BE71: =+BC71*C71 -> 0 | BF71: =VLOOKUP(A71,'18'!B:BA,52,0) -> 0 | BG71: กล่อง | BH71: =+BF71*C71 -> 0 | BI71: =VLOOKUP(A71,'19'!B:BA,52,0) -> 0 | BJ71: กล่อง | BK71: =+BI71*C71 -> 0 | BL71: =VLOOKUP(A71,'20'!B:BA,52,0) -> 10 | BM71: กล่อง | BN71: =+BL71*C71 -> 166.2 | BO71: =VLOOKUP(A71,'21'!B:BA,52,0) -> 0 | BP71: กล่อง | BQ71: =+BO71*C71 -> 0 | BR71: =VLOOKUP(A71,'22'!B:BA,52,0) -> 0 | BS71: กล่อง | BT71: =+BR71*C71 -> 0 | BU71: =VLOOKUP(A71,'23'!B:BA,52,0) -> 0 | BV71: กล่อง | BW71: =+BU71*C71 -> 0 | BX71: =VLOOKUP(A71,'24'!B:BA,52,0) -> 0 | BY71: กล่อง | BZ71: =+BX71*C71 -> 0 | CA71: =VLOOKUP(A71,'25'!B:BA,52,0) -> 0 | CB71: กล่อง | CC71: =+CA71*C71 -> 0 | CD71: =VLOOKUP(A71,'26'!B:BA,52,0) -> 0 | CE71: กล่อง | CF71: =+CD71*C71 -> 0 | CG71: =VLOOKUP(A71,'27'!B:BA,52,0) -> 10 | CH71: กล่อง | CI71: =+CG71*C71 -> 166.2 | CJ71: =VLOOKUP(A71,'28'!B:BA,52,0) -> 0 | CK71: กล่อง | CL71: =+CJ71*C71 -> 0 | CM71: =VLOOKUP(A71,'29'!B:BA,52,0) -> 0 | CN71: กล่อง | CO71: =+CM71*C71 -> 0 | CP71: =VLOOKUP(A71,'30'!B:BA,52,0) -> 3 | CQ71: กล่อง | CR71: =+CP71*C71 -> 49.86 | CS71: =VLOOKUP(A71,'31'!B:BA,52,0) -> 0 | CT71: กล่อง | CU71: =+CS71*C71 -> 0 | CV71: =VLOOKUP(A71,สรุป!B:BA,52,0) -> 41 | CW71: กล่อง | CX71: =+CV71*C71 -> 681.42
A72: 1006000 | B72: แซนด์วิช โฮลวีททูน่า ไร้ขอบ | C72: 16.57 | D72: =+CV72 -> 313 | E72: กล่อง | F72: =+D72*C72 -> 5186.41 | G72: =VLOOKUP(A72,'1'!B:BA,52,0) -> 0 | H72: กล่อง | I72: =+G72*C72 -> 0 | J72: =VLOOKUP(A72,'2'!B:BA,52,0) -> 4 | K72: กล่อง | L72: =+J72*C72 -> 66.28 | M72: =VLOOKUP(A72,'3'!B:BA,52,0) -> 0 | N72: กล่อง | O72: =+M72*C72 -> 0 | P72: =VLOOKUP(A72,'4'!B:BA,52,0) -> 0 | Q72: กล่อง | R72: =+P72*C72 -> 0 | S72: =VLOOKUP(A72,'5'!B:BA,52,0) -> 0 | T72: กล่อง | U72: =+S72*C72 -> 0 | V72: =VLOOKUP(A72,'6'!B:BA,52,0) -> 0 | W72: กล่อง | X72: =+V72*C72 -> 0 | Y72: =VLOOKUP(A72,'7'!B:BA,52,0) -> 0 | Z72: กล่อง | AA72: =+Y72*C72 -> 0 | AB72: =VLOOKUP(A72,'8'!B:BA,52,0) -> 0 | AC72: กล่อง | AD72: =+AB72*C72 -> 0 | AE72: =VLOOKUP(A72,'9'!B:BA,52,0) -> 0 | AF72: กล่อง | AG72: =+AE72*C72 -> 0 | AH72: =VLOOKUP(A72,'10'!B:BA,52,0) -> 0 | AI72: กล่อง | AJ72: =+AH72*C72 -> 0 | AK72: =VLOOKUP(A72,'11'!B:BA,52,0) -> 90 | AL72: กล่อง | AM72: =+AK72*C72 -> 1491.3 | AN72: =VLOOKUP(A72,'12'!B:BA,52,0) -> 6 | AO72: กล่อง | AP72: =+AN72*C72 -> 99.42 | AQ72: =VLOOKUP(A72,'13'!B:BA,52,0) -> 10 | AR72: กล่อง | AS72: =+AQ72*C72 -> 165.7 | AT72: =VLOOKUP(A72,'14'!B:BA,52,0) -> 0 | AU72: กล่อง | AV72: =+AT72*C72 -> 0 | AW72: =VLOOKUP(A72,'15'!B:BA,52,0) -> 0 | AX72: กล่อง | AY72: =+AW72*C72 -> 0 | AZ72: =VLOOKUP(A72,'16'!B:BA,52,0) -> 0 | BA72: กล่อง | BB72: =+AZ72*C72 -> 0 | BC72: =VLOOKUP(A72,'17'!B:BA,52,0) -> 0 | BD72: กล่อง | BE72: =+BC72*C72 -> 0 | BF72: =VLOOKUP(A72,'18'!B:BA,52,0) -> 90 | BG72: กล่อง | BH72: =+BF72*C72 -> 1491.3 | BI72: =VLOOKUP(A72,'19'!B:BA,52,0) -> 0 | BJ72: กล่อง | BK72: =+BI72*C72 -> 0 | BL72: =VLOOKUP(A72,'20'!B:BA,52,0) -> 10 | BM72: กล่อง | BN72: =+BL72*C72 -> 165.7 | BO72: =VLOOKUP(A72,'21'!B:BA,52,0) -> 0 | BP72: กล่อง | BQ72: =+BO72*C72 -> 0 | BR72: =VLOOKUP(A72,'22'!B:BA,52,0) -> 0 | BS72: กล่อง | BT72: =+BR72*C72 -> 0 | BU72: =VLOOKUP(A72,'23'!B:BA,52,0) -> 0 | BV72: กล่อง | BW72: =+BU72*C72 -> 0 | BX72: =VLOOKUP(A72,'24'!B:BA,52,0) -> 0 | BY72: กล่อง | BZ72: =+BX72*C72 -> 0 | CA72: =VLOOKUP(A72,'25'!B:BA,52,0) -> 90 | CB72: กล่อง | CC72: =+CA72*C72 -> 1491.3 | CD72: =VLOOKUP(A72,'26'!B:BA,52,0) -> 0 | CE72: กล่อง | CF72: =+CD72*C72 -> 0 | CG72: =VLOOKUP(A72,'27'!B:BA,52,0) -> 10 | CH72: กล่อง | CI72: =+CG72*C72 -> 165.7 | CJ72: =VLOOKUP(A72,'28'!B:BA,52,0) -> 0 | CK72: กล่อง | CL72: =+CJ72*C72 -> 0 | CM72: =VLOOKUP(A72,'29'!B:BA,52,0) -> 0 | CN72: กล่อง | CO72: =+CM72*C72 -> 0 | CP72: =VLOOKUP(A72,'30'!B:BA,52,0) -> 3 | CQ72: กล่อง | CR72: =+CP72*C72 -> 49.71 | CS72: =VLOOKUP(A72,'31'!B:BA,52,0) -> 0 | CT72: กล่อง | CU72: =+CS72*C72 -> 0 | CV72: =VLOOKUP(A72,สรุป!B:BA,52,0) -> 313 | CW72: กล่อง | CX72: =+CV72*C72 -> 5186.41
A73: 1004081 | B73: ครีมฮอร์นไส้วิป ใบเตย | C73: 18.68 | D73: =+CV73 -> 140 | E73: กล่อง | F73: =+D73*C73 -> 2615.2 | G73: =VLOOKUP(A73,'1'!B:BA,52,0) -> 0 | H73: กล่อง | I73: =+G73*C73 -> 0 | J73: =VLOOKUP(A73,'2'!B:BA,52,0) -> 0 | K73: กล่อง | L73: =+J73*C73 -> 0 | M73: =VLOOKUP(A73,'3'!B:BA,52,0) -> 0 | N73: กล่อง | O73: =+M73*C73 -> 0 | P73: =VLOOKUP(A73,'4'!B:BA,52,0) -> 0 | Q73: กล่อง | R73: =+P73*C73 -> 0 | S73: =VLOOKUP(A73,'5'!B:BA,52,0) -> 0 | T73: กล่อง | U73: =+S73*C73 -> 0 | V73: =VLOOKUP(A73,'6'!B:BA,52,0) -> 0 | W73: กล่อง | X73: =+V73*C73 -> 0 | Y73: =VLOOKUP(A73,'7'!B:BA,52,0) -> 0 | Z73: กล่อง | AA73: =+Y73*C73 -> 0 | AB73: =VLOOKUP(A73,'8'!B:BA,52,0) -> 0 | AC73: กล่อง | AD73: =+AB73*C73 -> 0 | AE73: =VLOOKUP(A73,'9'!B:BA,52,0) -> 0 | AF73: กล่อง | AG73: =+AE73*C73 -> 0 | AH73: =VLOOKUP(A73,'10'!B:BA,52,0) -> 0 | AI73: กล่อง | AJ73: =+AH73*C73 -> 0 | AK73: =VLOOKUP(A73,'11'!B:BA,52,0) -> 50 | AL73: กล่อง | AM73: =+AK73*C73 -> 934 | AN73: =VLOOKUP(A73,'12'!B:BA,52,0) -> 0 | AO73: กล่อง | AP73: =+AN73*C73 -> 0 | AQ73: =VLOOKUP(A73,'13'!B:BA,52,0) -> 0 | AR73: กล่อง | AS73: =+AQ73*C73 -> 0 | AT73: =VLOOKUP(A73,'14'!B:BA,52,0) -> 0 | AU73: กล่อง | AV73: =+AT73*C73 -> 0 | AW73: =VLOOKUP(A73,'15'!B:BA,52,0) -> 0 | AX73: กล่อง | AY73: =+AW73*C73 -> 0 | AZ73: =VLOOKUP(A73,'16'!B:BA,52,0) -> 0 | BA73: กล่อง | BB73: =+AZ73*C73 -> 0 | BC73: =VLOOKUP(A73,'17'!B:BA,52,0) -> 0 | BD73: กล่อง | BE73: =+BC73*C73 -> 0 | BF73: =VLOOKUP(A73,'18'!B:BA,52,0) -> 20 | BG73: กล่อง | BH73: =+BF73*C73 -> 373.6 | BI73: =VLOOKUP(A73,'19'!B:BA,52,0) -> 0 | BJ73: กล่อง | BK73: =+BI73*C73 -> 0 | BL73: =VLOOKUP(A73,'20'!B:BA,52,0) -> 8 | BM73: กล่อง | BN73: =+BL73*C73 -> 149.44 | BO73: =VLOOKUP(A73,'21'!B:BA,52,0) -> 0 | BP73: กล่อง | BQ73: =+BO73*C73 -> 0 | BR73: =VLOOKUP(A73,'22'!B:BA,52,0) -> 0 | BS73: กล่อง | BT73: =+BR73*C73 -> 0 | BU73: =VLOOKUP(A73,'23'!B:BA,52,0) -> 0 | BV73: กล่อง | BW73: =+BU73*C73 -> 0 | BX73: =VLOOKUP(A73,'24'!B:BA,52,0) -> 0 | BY73: กล่อง | BZ73: =+BX73*C73 -> 0 | CA73: =VLOOKUP(A73,'25'!B:BA,52,0) -> 62 | CB73: กล่อง | CC73: =+CA73*C73 -> 1158.16 | CD73: =VLOOKUP(A73,'26'!B:BA,52,0) -> 0 | CE73: กล่อง | CF73: =+CD73*C73 -> 0 | CG73: =VLOOKUP(A73,'27'!B:BA,52,0) -> 0 | CH73: กล่อง | CI73: =+CG73*C73 -> 0 | CJ73: =VLOOKUP(A73,'28'!B:BA,52,0) -> 0 | CK73: กล่อง | CL73: =+CJ73*C73 -> 0 | CM73: =VLOOKUP(A73,'29'!B:BA,52,0) -> 0 | CN73: กล่อง | CO73: =+CM73*C73 -> 0 | CP73: =VLOOKUP(A73,'30'!B:BA,52,0) -> 0 | CQ73: กล่อง | CR73: =+CP73*C73 -> 0 | CS73: =VLOOKUP(A73,'31'!B:BA,52,0) -> 0 | CT73: กล่อง | CU73: =+CS73*C73 -> 0 | CV73: =VLOOKUP(A73,สรุป!B:BA,52,0) -> 140 | CW73: กล่อง | CX73: =+CV73*C73 -> 2615.2
A74: 1004080 | B74: ครีมฮอร์นไส้วิป วนิลา | C74: 18.32 | D74: =+CV74 -> 164 | E74: กล่อง | F74: =+D74*C74 -> 3004.48 | G74: =VLOOKUP(A74,'1'!B:BA,52,0) -> 0 | H74: กล่อง | I74: =+G74*C74 -> 0 | J74: =VLOOKUP(A74,'2'!B:BA,52,0) -> 0 | K74: กล่อง | L74: =+J74*C74 -> 0 | M74: =VLOOKUP(A74,'3'!B:BA,52,0) -> 0 | N74: กล่อง | O74: =+M74*C74 -> 0 | P74: =VLOOKUP(A74,'4'!B:BA,52,0) -> 0 | Q74: กล่อง | R74: =+P74*C74 -> 0 | S74: =VLOOKUP(A74,'5'!B:BA,52,0) -> 0 | T74: กล่อง | U74: =+S74*C74 -> 0 | V74: =VLOOKUP(A74,'6'!B:BA,52,0) -> 0 | W74: กล่อง | X74: =+V74*C74 -> 0 | Y74: =VLOOKUP(A74,'7'!B:BA,52,0) -> 0 | Z74: กล่อง | AA74: =+Y74*C74 -> 0 | AB74: =VLOOKUP(A74,'8'!B:BA,52,0) -> 0 | AC74: กล่อง | AD74: =+AB74*C74 -> 0 | AE74: =VLOOKUP(A74,'9'!B:BA,52,0) -> 0 | AF74: กล่อง | AG74: =+AE74*C74 -> 0 | AH74: =VLOOKUP(A74,'10'!B:BA,52,0) -> 0 | AI74: กล่อง | AJ74: =+AH74*C74 -> 0 | AK74: =VLOOKUP(A74,'11'!B:BA,52,0) -> 62 | AL74: กล่อง | AM74: =+AK74*C74 -> 1135.84 | AN74: =VLOOKUP(A74,'12'!B:BA,52,0) -> 0 | AO74: กล่อง | AP74: =+AN74*C74 -> 0 | AQ74: =VLOOKUP(A74,'13'!B:BA,52,0) -> 0 | AR74: กล่อง | AS74: =+AQ74*C74 -> 0 | AT74: =VLOOKUP(A74,'14'!B:BA,52,0) -> 0 | AU74: กล่อง | AV74: =+AT74*C74 -> 0 | AW74: =VLOOKUP(A74,'15'!B:BA,52,0) -> 0 | AX74: กล่อง | AY74: =+AW74*C74 -> 0 | AZ74: =VLOOKUP(A74,'16'!B:BA,52,0) -> 0 | BA74: กล่อง | BB74: =+AZ74*C74 -> 0 | BC74: =VLOOKUP(A74,'17'!B:BA,52,0) -> 0 | BD74: กล่อง | BE74: =+BC74*C74 -> 0 | BF74: =VLOOKUP(A74,'18'!B:BA,52,0) -> 22 | BG74: กล่อง | BH74: =+BF74*C74 -> 403.04 | BI74: =VLOOKUP(A74,'19'!B:BA,52,0) -> 0 | BJ74: กล่อง | BK74: =+BI74*C74 -> 0 | BL74: =VLOOKUP(A74,'20'!B:BA,52,0) -> 5 | BM74: กล่อง | BN74: =+BL74*C74 -> 91.6 | BO74: =VLOOKUP(A74,'21'!B:BA,52,0) -> 0 | BP74: กล่อง | BQ74: =+BO74*C74 -> 0 | BR74: =VLOOKUP(A74,'22'!B:BA,52,0) -> 0 | BS74: กล่อง | BT74: =+BR74*C74 -> 0 | BU74: =VLOOKUP(A74,'23'!B:BA,52,0) -> 0 | BV74: กล่อง | BW74: =+BU74*C74 -> 0 | BX74: =VLOOKUP(A74,'24'!B:BA,52,0) -> 0 | BY74: กล่อง | BZ74: =+BX74*C74 -> 0 | CA74: =VLOOKUP(A74,'25'!B:BA,52,0) -> 75 | CB74: กล่อง | CC74: =+CA74*C74 -> 1374 | CD74: =VLOOKUP(A74,'26'!B:BA,52,0) -> 0 | CE74: กล่อง | CF74: =+CD74*C74 -> 0 | CG74: =VLOOKUP(A74,'27'!B:BA,52,0) -> 0 | CH74: กล่อง | CI74: =+CG74*C74 -> 0 | CJ74: =VLOOKUP(A74,'28'!B:BA,52,0) -> 0 | CK74: กล่อง | CL74: =+CJ74*C74 -> 0 | CM74: =VLOOKUP(A74,'29'!B:BA,52,0) -> 0 | CN74: กล่อง | CO74: =+CM74*C74 -> 0 | CP74: =VLOOKUP(A74,'30'!B:BA,52,0) -> 0 | CQ74: กล่อง | CR74: =+CP74*C74 -> 0 | CS74: =VLOOKUP(A74,'31'!B:BA,52,0) -> 0 | CT74: กล่อง | CU74: =+CS74*C74 -> 0 | CV74: =VLOOKUP(A74,สรุป!B:BA,52,0) -> 164 | CW74: กล่อง | CX74: =+CV74*C74 -> 3004.48
A75: 3001200 | B75: ครีมฮอร์นไส้วิป ช็อคโกแลต | C75: 0 | D75: =+CV75 -> 40 | E75: กล่อง | F75: =+D75*C75 -> 0 | G75: =VLOOKUP(A75,'1'!B:BA,52,0) -> 0 | H75: กล่อง | I75: =+G75*C75 -> 0 | J75: =VLOOKUP(A75,'2'!B:BA,52,0) -> 0 | K75: กล่อง | L75: =+J75*C75 -> 0 | M75: =VLOOKUP(A75,'3'!B:BA,52,0) -> 0 | N75: กล่อง | O75: =+M75*C75 -> 0 | P75: =VLOOKUP(A75,'4'!B:BA,52,0) -> 0 | Q75: กล่อง | R75: =+P75*C75 -> 0 | S75: =VLOOKUP(A75,'5'!B:BA,52,0) -> 0 | T75: กล่อง | U75: =+S75*C75 -> 0 | V75: =VLOOKUP(A75,'6'!B:BA,52,0) -> 0 | W75: กล่อง | X75: =+V75*C75 -> 0 | Y75: =VLOOKUP(A75,'7'!B:BA,52,0) -> 0 | Z75: กล่อง | AA75: =+Y75*C75 -> 0 | AB75: =VLOOKUP(A75,'8'!B:BA,52,0) -> 0 | AC75: กล่อง | AD75: =+AB75*C75 -> 0 | AE75: =VLOOKUP(A75,'9'!B:BA,52,0) -> 0 | AF75: กล่อง | AG75: =+AE75*C75 -> 0 | AH75: =VLOOKUP(A75,'10'!B:BA,52,0) -> 0 | AI75: กล่อง | AJ75: =+AH75*C75 -> 0 | AK75: =VLOOKUP(A75,'11'!B:BA,52,0) -> 0 | AL75: กล่อง | AM75: =+AK75*C75 -> 0 | AN75: =VLOOKUP(A75,'12'!B:BA,52,0) -> 0 | AO75: กล่อง | AP75: =+AN75*C75 -> 0 | AQ75: =VLOOKUP(A75,'13'!B:BA,52,0) -> 0 | AR75: กล่อง | AS75: =+AQ75*C75 -> 0 | AT75: =VLOOKUP(A75,'14'!B:BA,52,0) -> 0 | AU75: กล่อง | AV75: =+AT75*C75 -> 0 | AW75: =VLOOKUP(A75,'15'!B:BA,52,0) -> 0 | AX75: กล่อง | AY75: =+AW75*C75 -> 0 | AZ75: =VLOOKUP(A75,'16'!B:BA,52,0) -> 0 | BA75: กล่อง | BB75: =+AZ75*C75 -> 0 | BC75: =VLOOKUP(A75,'17'!B:BA,52,0) -> 0 | BD75: กล่อง | BE75: =+BC75*C75 -> 0 | BF75: =VLOOKUP(A75,'18'!B:BA,52,0) -> 40 | BG75: กล่อง | BH75: =+BF75*C75 -> 0 | BI75: =VLOOKUP(A75,'19'!B:BA,52,0) -> 0 | BJ75: กล่อง | BK75: =+BI75*C75 -> 0 | BL75: =VLOOKUP(A75,'20'!B:BA,52,0) -> 0 | BM75: กล่อง | BN75: =+BL75*C75 -> 0 | BO75: =VLOOKUP(A75,'21'!B:BA,52,0) -> 0 | BP75: กล่อง | BQ75: =+BO75*C75 -> 0 | BR75: =VLOOKUP(A75,'22'!B:BA,52,0) -> 0 | BS75: กล่อง | BT75: =+BR75*C75 -> 0 | BU75: =VLOOKUP(A75,'23'!B:BA,52,0) -> 0 | BV75: กล่อง | BW75: =+BU75*C75 -> 0 | BX75: =VLOOKUP(A75,'24'!B:BA,52,0) -> 0 | BY75: กล่อง | BZ75: =+BX75*C75 -> 0 | CA75: =VLOOKUP(A75,'25'!B:BA,52,0) -> 0 | CB75: กล่อง | CC75: =+CA75*C75 -> 0 | CD75: =VLOOKUP(A75,'26'!B:BA,52,0) -> 0 | CE75: กล่อง | CF75: =+CD75*C75 -> 0 | CG75: =VLOOKUP(A75,'27'!B:BA,52,0) -> 0 | CH75: กล่อง | CI75: =+CG75*C75 -> 0 | CJ75: =VLOOKUP(A75,'28'!B:BA,52,0) -> 0 | CK75: กล่อง | CL75: =+CJ75*C75 -> 0 | CM75: =VLOOKUP(A75,'29'!B:BA,52,0) -> 0 | CN75: กล่อง | CO75: =+CM75*C75 -> 0 | CP75: =VLOOKUP(A75,'30'!B:BA,52,0) -> 0 | CQ75: กล่อง | CR75: =+CP75*C75 -> 0 | CS75: =VLOOKUP(A75,'31'!B:BA,52,0) -> 0 | CT75: กล่อง | CU75: =+CS75*C75 -> 0 | CV75: =VLOOKUP(A75,สรุป!B:BA,52,0) -> 40 | CW75: กล่อง | CX75: =+CV75*C75 -> 0
A76: 1004048 | B76: ขนมปังหิมะฮอกไกโด | C76: 16.72 | D76: =+CV76 -> 12 | E76: กล่อง | F76: =+D76*C76 -> 200.64 | G76: =VLOOKUP(A76,'1'!B:BA,52,0) -> 0 | H76: กล่อง | I76: =+G76*C76 -> 0 | J76: =VLOOKUP(A76,'2'!B:BA,52,0) -> 0 | K76: กล่อง | L76: =+J76*C76 -> 0 | M76: =VLOOKUP(A76,'3'!B:BA,52,0) -> 0 | N76: กล่อง | O76: =+M76*C76 -> 0 | P76: =VLOOKUP(A76,'4'!B:BA,52,0) -> 0 | Q76: กล่อง | R76: =+P76*C76 -> 0 | S76: =VLOOKUP(A76,'5'!B:BA,52,0) -> 0 | T76: กล่อง | U76: =+S76*C76 -> 0 | V76: =VLOOKUP(A76,'6'!B:BA,52,0) -> 0 | W76: กล่อง | X76: =+V76*C76 -> 0 | Y76: =VLOOKUP(A76,'7'!B:BA,52,0) -> 0 | Z76: กล่อง | AA76: =+Y76*C76 -> 0 | AB76: =VLOOKUP(A76,'8'!B:BA,52,0) -> 6 | AC76: กล่อง | AD76: =+AB76*C76 -> 100.32 | AE76: =VLOOKUP(A76,'9'!B:BA,52,0) -> 0 | AF76: กล่อง | AG76: =+AE76*C76 -> 0 | AH76: =VLOOKUP(A76,'10'!B:BA,52,0) -> 0 | AI76: กล่อง | AJ76: =+AH76*C76 -> 0 | AK76: =VLOOKUP(A76,'11'!B:BA,52,0) -> 0 | AL76: กล่อง | AM76: =+AK76*C76 -> 0 | AN76: =VLOOKUP(A76,'12'!B:BA,52,0) -> 0 | AO76: กล่อง | AP76: =+AN76*C76 -> 0 | AQ76: =VLOOKUP(A76,'13'!B:BA,52,0) -> 0 | AR76: กล่อง | AS76: =+AQ76*C76 -> 0 | AT76: =VLOOKUP(A76,'14'!B:BA,52,0) -> 0 | AU76: กล่อง | AV76: =+AT76*C76 -> 0 | AW76: =VLOOKUP(A76,'15'!B:BA,52,0) -> 0 | AX76: กล่อง | AY76: =+AW76*C76 -> 0 | AZ76: =VLOOKUP(A76,'16'!B:BA,52,0) -> 0 | BA76: กล่อง | BB76: =+AZ76*C76 -> 0 | BC76: =VLOOKUP(A76,'17'!B:BA,52,0) -> 0 | BD76: กล่อง | BE76: =+BC76*C76 -> 0 | BF76: =VLOOKUP(A76,'18'!B:BA,52,0) -> 0 | BG76: กล่อง | BH76: =+BF76*C76 -> 0 | BI76: =VLOOKUP(A76,'19'!B:BA,52,0) -> 0 | BJ76: กล่อง | BK76: =+BI76*C76 -> 0 | BL76: =VLOOKUP(A76,'20'!B:BA,52,0) -> 0 | BM76: กล่อง | BN76: =+BL76*C76 -> 0 | BO76: =VLOOKUP(A76,'21'!B:BA,52,0) -> 0 | BP76: กล่อง | BQ76: =+BO76*C76 -> 0 | BR76: =VLOOKUP(A76,'22'!B:BA,52,0) -> 0 | BS76: กล่อง | BT76: =+BR76*C76 -> 0 | BU76: =VLOOKUP(A76,'23'!B:BA,52,0) -> 0 | BV76: กล่อง | BW76: =+BU76*C76 -> 0 | BX76: =VLOOKUP(A76,'24'!B:BA,52,0) -> 0 | BY76: กล่อง | BZ76: =+BX76*C76 -> 0 | CA76: =VLOOKUP(A76,'25'!B:BA,52,0) -> 0 | CB76: กล่อง | CC76: =+CA76*C76 -> 0 | CD76: =VLOOKUP(A76,'26'!B:BA,52,0) -> 0 | CE76: กล่อง | CF76: =+CD76*C76 -> 0 | CG76: =VLOOKUP(A76,'27'!B:BA,52,0) -> 0 | CH76: กล่อง | CI76: =+CG76*C76 -> 0 | CJ76: =VLOOKUP(A76,'28'!B:BA,52,0) -> 0 | CK76: กล่อง | CL76: =+CJ76*C76 -> 0 | CM76: =VLOOKUP(A76,'29'!B:BA,52,0) -> 6 | CN76: กล่อง | CO76: =+CM76*C76 -> 100.32 | CP76: =VLOOKUP(A76,'30'!B:BA,52,0) -> 0 | CQ76: กล่อง | CR76: =+CP76*C76 -> 0 | CS76: =VLOOKUP(A76,'31'!B:BA,52,0) -> 0 | CT76: กล่อง | CU76: =+CS76*C76 -> 0 | CV76: =VLOOKUP(A76,สรุป!B:BA,52,0) -> 12 | CW76: กล่อง | CX76: =+CV76*C76 -> 200.64
A77: 1004047 | B77: ขนมปังลาวาไข่เค็ม | C77: 17.98 | D77: =+CV77 -> 3 | E77: กล่อง | F77: =+D77*C77 -> 53.94 | G77: =VLOOKUP(A77,'1'!B:BA,52,0) -> 0 | H77: กล่อง | I77: =+G77*C77 -> 0 | J77: =VLOOKUP(A77,'2'!B:BA,52,0) -> 0 | K77: กล่อง | L77: =+J77*C77 -> 0 | M77: =VLOOKUP(A77,'3'!B:BA,52,0) -> 0 | N77: กล่อง | O77: =+M77*C77 -> 0 | P77: =VLOOKUP(A77,'4'!B:BA,52,0) -> 0 | Q77: กล่อง | R77: =+P77*C77 -> 0 | S77: =VLOOKUP(A77,'5'!B:BA,52,0) -> 0 | T77: กล่อง | U77: =+S77*C77 -> 0 | V77: =VLOOKUP(A77,'6'!B:BA,52,0) -> 0 | W77: กล่อง | X77: =+V77*C77 -> 0 | Y77: =VLOOKUP(A77,'7'!B:BA,52,0) -> 0 | Z77: กล่อง | AA77: =+Y77*C77 -> 0 | AB77: =VLOOKUP(A77,'8'!B:BA,52,0) -> 0 | AC77: กล่อง | AD77: =+AB77*C77 -> 0 | AE77: =VLOOKUP(A77,'9'!B:BA,52,0) -> 0 | AF77: กล่อง | AG77: =+AE77*C77 -> 0 | AH77: =VLOOKUP(A77,'10'!B:BA,52,0) -> 0 | AI77: กล่อง | AJ77: =+AH77*C77 -> 0 | AK77: =VLOOKUP(A77,'11'!B:BA,52,0) -> 0 | AL77: กล่อง | AM77: =+AK77*C77 -> 0 | AN77: =VLOOKUP(A77,'12'!B:BA,52,0) -> 0 | AO77: กล่อง | AP77: =+AN77*C77 -> 0 | AQ77: =VLOOKUP(A77,'13'!B:BA,52,0) -> 0 | AR77: กล่อง | AS77: =+AQ77*C77 -> 0 | AT77: =VLOOKUP(A77,'14'!B:BA,52,0) -> 0 | AU77: กล่อง | AV77: =+AT77*C77 -> 0 | AW77: =VLOOKUP(A77,'15'!B:BA,52,0) -> 0 | AX77: กล่อง | AY77: =+AW77*C77 -> 0 | AZ77: =VLOOKUP(A77,'16'!B:BA,52,0) -> 0 | BA77: กล่อง | BB77: =+AZ77*C77 -> 0 | BC77: =VLOOKUP(A77,'17'!B:BA,52,0) -> 0 | BD77: กล่อง | BE77: =+BC77*C77 -> 0 | BF77: =VLOOKUP(A77,'18'!B:BA,52,0) -> 0 | BG77: กล่อง | BH77: =+BF77*C77 -> 0 | BI77: =VLOOKUP(A77,'19'!B:BA,52,0) -> 0 | BJ77: กล่อง | BK77: =+BI77*C77 -> 0 | BL77: =VLOOKUP(A77,'20'!B:BA,52,0) -> 3 | BM77: กล่อง | BN77: =+BL77*C77 -> 53.94 | BO77: =VLOOKUP(A77,'21'!B:BA,52,0) -> 0 | BP77: กล่อง | BQ77: =+BO77*C77 -> 0 | BR77: =VLOOKUP(A77,'22'!B:BA,52,0) -> 0 | BS77: กล่อง | BT77: =+BR77*C77 -> 0 | BU77: =VLOOKUP(A77,'23'!B:BA,52,0) -> 0 | BV77: กล่อง | BW77: =+BU77*C77 -> 0 | BX77: =VLOOKUP(A77,'24'!B:BA,52,0) -> 0 | BY77: กล่อง | BZ77: =+BX77*C77 -> 0 | CA77: =VLOOKUP(A77,'25'!B:BA,52,0) -> 0 | CB77: กล่อง | CC77: =+CA77*C77 -> 0 | CD77: =VLOOKUP(A77,'26'!B:BA,52,0) -> 0 | CE77: กล่อง | CF77: =+CD77*C77 -> 0 | CG77: =VLOOKUP(A77,'27'!B:BA,52,0) -> 0 | CH77: กล่อง | CI77: =+CG77*C77 -> 0 | CJ77: =VLOOKUP(A77,'28'!B:BA,52,0) -> 0 | CK77: กล่อง | CL77: =+CJ77*C77 -> 0 | CM77: =VLOOKUP(A77,'29'!B:BA,52,0) -> 0 | CN77: กล่อง | CO77: =+CM77*C77 -> 0 | CP77: =VLOOKUP(A77,'30'!B:BA,52,0) -> 0 | CQ77: กล่อง | CR77: =+CP77*C77 -> 0 | CS77: =VLOOKUP(A77,'31'!B:BA,52,0) -> 0 | CT77: กล่อง | CU77: =+CS77*C77 -> 0 | CV77: =VLOOKUP(A77,สรุป!B:BA,52,0) -> 3 | CW77: กล่อง | CX77: =+CV77*C77 -> 53.94
A78: 1004078 | B78: เครปโรลฝอยทอง (วนิลา) | C78: 19.08 | D78: =+CV78 -> 4 | E78: กล่อง | F78: =+D78*C78 -> 76.32 | G78: =VLOOKUP(A78,'1'!B:BA,52,0) -> 0 | H78: กล่อง | I78: =+G78*C78 -> 0 | J78: =VLOOKUP(A78,'2'!B:BA,52,0) -> 0 | K78: กล่อง | L78: =+J78*C78 -> 0 | M78: =VLOOKUP(A78,'3'!B:BA,52,0) -> 0 | N78: กล่อง | O78: =+M78*C78 -> 0 | P78: =VLOOKUP(A78,'4'!B:BA,52,0) -> 0 | Q78: กล่อง | R78: =+P78*C78 -> 0 | S78: =VLOOKUP(A78,'5'!B:BA,52,0) -> 0 | T78: กล่อง | U78: =+S78*C78 -> 0 | V78: =VLOOKUP(A78,'6'!B:BA,52,0) -> 0 | W78: กล่อง | X78: =+V78*C78 -> 0 | Y78: =VLOOKUP(A78,'7'!B:BA,52,0) -> 0 | Z78: กล่อง | AA78: =+Y78*C78 -> 0 | AB78: =VLOOKUP(A78,'8'!B:BA,52,0) -> 0 | AC78: กล่อง | AD78: =+AB78*C78 -> 0 | AE78: =VLOOKUP(A78,'9'!B:BA,52,0) -> 0 | AF78: กล่อง | AG78: =+AE78*C78 -> 0 | AH78: =VLOOKUP(A78,'10'!B:BA,52,0) -> 0 | AI78: กล่อง | AJ78: =+AH78*C78 -> 0 | AK78: =VLOOKUP(A78,'11'!B:BA,52,0) -> 2 | AL78: กล่อง | AM78: =+AK78*C78 -> 38.16 | AN78: =VLOOKUP(A78,'12'!B:BA,52,0) -> 0 | AO78: กล่อง | AP78: =+AN78*C78 -> 0 | AQ78: =VLOOKUP(A78,'13'!B:BA,52,0) -> 0 | AR78: กล่อง | AS78: =+AQ78*C78 -> 0 | AT78: =VLOOKUP(A78,'14'!B:BA,52,0) -> 0 | AU78: กล่อง | AV78: =+AT78*C78 -> 0 | AW78: =VLOOKUP(A78,'15'!B:BA,52,0) -> 0 | AX78: กล่อง | AY78: =+AW78*C78 -> 0 | AZ78: =VLOOKUP(A78,'16'!B:BA,52,0) -> 0 | BA78: กล่อง | BB78: =+AZ78*C78 -> 0 | BC78: =VLOOKUP(A78,'17'!B:BA,52,0) -> 0 | BD78: กล่อง | BE78: =+BC78*C78 -> 0 | BF78: =VLOOKUP(A78,'18'!B:BA,52,0) -> 0 | BG78: กล่อง | BH78: =+BF78*C78 -> 0 | BI78: =VLOOKUP(A78,'19'!B:BA,52,0) -> 0 | BJ78: กล่อง | BK78: =+BI78*C78 -> 0 | BL78: =VLOOKUP(A78,'20'!B:BA,52,0) -> 0 | BM78: กล่อง | BN78: =+BL78*C78 -> 0 | BO78: =VLOOKUP(A78,'21'!B:BA,52,0) -> 0 | BP78: กล่อง | BQ78: =+BO78*C78 -> 0 | BR78: =VLOOKUP(A78,'22'!B:BA,52,0) -> 0 | BS78: กล่อง | BT78: =+BR78*C78 -> 0 | BU78: =VLOOKUP(A78,'23'!B:BA,52,0) -> 0 | BV78: กล่อง | BW78: =+BU78*C78 -> 0 | BX78: =VLOOKUP(A78,'24'!B:BA,52,0) -> 0 | BY78: กล่อง | BZ78: =+BX78*C78 -> 0 | CA78: =VLOOKUP(A78,'25'!B:BA,52,0) -> 2 | CB78: กล่อง | CC78: =+CA78*C78 -> 38.16 | CD78: =VLOOKUP(A78,'26'!B:BA,52,0) -> 0 | CE78: กล่อง | CF78: =+CD78*C78 -> 0 | CG78: =VLOOKUP(A78,'27'!B:BA,52,0) -> 0 | CH78: กล่อง | CI78: =+CG78*C78 -> 0 | CJ78: =VLOOKUP(A78,'28'!B:BA,52,0) -> 0 | CK78: กล่อง | CL78: =+CJ78*C78 -> 0 | CM78: =VLOOKUP(A78,'29'!B:BA,52,0) -> 0 | CN78: กล่อง | CO78: =+CM78*C78 -> 0 | CP78: =VLOOKUP(A78,'30'!B:BA,52,0) -> 0 | CQ78: กล่อง | CR78: =+CP78*C78 -> 0 | CS78: =VLOOKUP(A78,'31'!B:BA,52,0) -> 0 | CT78: กล่อง | CU78: =+CS78*C78 -> 0 | CV78: =VLOOKUP(A78,สรุป!B:BA,52,0) -> 4 | CW78: กล่อง | CX78: =+CV78*C78 -> 76.32
