Workbook

Sheet ALL
A1: รายการขายสินค้าออนไลน์แยกจำนวนชิ้นรายวัน เดือนกุมภาพันธ์ 2569
E2: =SUBTOTAL(9,E5:E10473) -> 24212 | F2: =SUBTOTAL(9,F5:F10473) -> 24212 | G2: =SUBTOTAL(9,G5:G10473) -> 0 | H2: =SUBTOTAL(9,H5:H10473) -> 620244.71 | I2: =SUBTOTAL(9,I5:I10473) -> 0 | J2: =SUBTOTAL(9,J5:J10473) -> 0 | K2: =SUBTOTAL(9,K5:K10473) -> 0 | L2: =SUBTOTAL(9,L5:L10473) -> 1263 | ... CZ2: =SUBTOTAL(9,CZ5:CZ10473) -> 0
A3: รหัสสินค้า | B3: ชื่อสินค้า | C3: ราคาต้นทุน | D3: จำนวน | E3: สุทธิ | F3: เดือนกุมภาพันธ์ | I3: 244381 | L3: 244382 | O3: 244383 | R3: 244384 | U3: 244385 | X3: 244386 | AA3: 244387 | AD3: 244388 | AG3: 244389 | AJ3: 244390 | AM3: 244391 | AP3: 244392 | AS3: 244393 | AV3: 244394 | AY3: 244395 | BB3: 244396 | BE3: 244397 | BH3: 244398 | BK3: 244399 | BN3: 244400 | BQ3: 244401 | BT3: 244402 | BW3: 244403 | BZ3: 244404 | CC3: 244405 | CF3: 244406 | CI3: 244407 | CL3: 244408 | CO3: 244409 | CR3: 244410 | CU3: 244411 | CX3: เซตวันที่ 1-28/02/2569
F4: จำนวน | G4: หน่วย | H4: ยอดต้นทุน/วัน | I4: จำนวน | J4: หน่วย | K4: ยอดต้นทุน/วัน | L4: จำนวน | M4: หน่วย | N4: ยอดต้นทุน/วัน | O4: จำนวน | P4: หน่วย | Q4: ยอดต้นทุน/วัน | R4: จำนวน | S4: หน่วย | T4: ยอดต้นทุน/วัน | U4: จำนวน | V4: หน่วย | W4: ยอดต้นทุน/วัน | X4: จำนวน | Y4: หน่วย | Z4: ยอดต้นทุน/วัน | AA4: จำนวน | AB4: หน่วย | AC4: ยอดต้นทุน/วัน | AD4: จำนวน | AE4: หน่วย | AF4: ยอดต้นทุน/วัน | AG4: จำนวน | AH4: หน่วย | AI4: ยอดต้นทุน/วัน | AJ4: จำนวน | AK4: หน่วย | AL4: ยอดต้นทุน/วัน | AM4: จำนวน | AN4: หน่วย | AO4: ยอดต้นทุน/วัน | AP4: จำนวน | AQ4: หน่วย | AR4: ยอดต้นทุน/วัน | AS4: จำนวน | AT4: หน่วย | AU4: ยอดต้นทุน/วัน | AV4: จำนวน | AW4: หน่วย | AX4: ยอดต้นทุน/วัน | AY4: จำนวน | AZ4: หน่วย | BA4: ยอดต้นทุน/วัน | BB4: จำนวน | BC4: หน่วย | BD4: ยอดต้นทุน/วัน | BE4: จำนวน | BF4: หน่วย | BG4: ยอดต้นทุน/วัน | BH4: จำนวน | BI4: หน่วย | BJ4: ยอดต้นทุน/วัน | BK4: จำนวน | BL4: หน่วย | BM4: ยอดต้นทุน/วัน | BN4: จำนวน | BO4: หน่วย | BP4: ยอดต้นทุน/วัน | BQ4: จำนวน | BR4: หน่วย | BS4: ยอดต้นทุน/วัน | BT4: จำนวน | BU4: หน่วย | BV4: ยอดต้นทุน/วัน | BW4: จำนวน | BX4: หน่วย | BY4: ยอดต้นทุน/วัน | BZ4: จำนวน | CA4: หน่วย | CB4: ยอดต้นทุน/วัน | CC4: จำนวน | CD4: หน่วย | CE4: ยอดต้นทุน/วัน | CF4: จำนวน | CG4: หน่วย | CH4: ยอดต้นทุน/วัน | CI4: จำนวน | CJ4: หน่วย | CK4: ยอดต้นทุน/วัน | CL4: จำนวน | CM4: หน่วย | CN4: ยอดต้นทุน/วัน | CO4: จำนวน | CP4: หน่วย | CQ4: ยอดต้นทุน/วัน | CR4: จำนวน | CS4: หน่วย | CT4: ยอดต้นทุน/วัน | CU4: จำนวน | CV4: หน่วย | CW4: ยอดต้นทุน/วัน | CX4: จำนวน | CY4: หน่วย | CZ4: ยอดต้นทุน/วัน
A5: 0006 | B5: เค้กเบาหวิวเล็ก 1กล่องขนาด 100 กรัม (คละรส) | C5: 14.05 | D5: 1 | E5: =+D5*F5 -> 11337 | F5: =+I5+L5+O5+R5+U5+X5+AA5+AD5+AG5+AJ5+AM5+AP5+AS5+AV5+AY5+BB5+BE5+BH5+BK5+BN5+BQ5+BT5+BW5+BZ5+CC5+CF5+CI5+CL5+CO5+CR5+CU5+CX5 -> 11337 | G5: กล่อง | H5: =+F5*C5 -> 159284.85 | I5: =IFERROR(VLOOKUP(A5,'1'!U:V,2,0),"0") -> 0 | J5: กล่อง | K5: =+I5*C5 -> 0 | L5: =IFERROR(VLOOKUP(A5,'2'!U:V,2,0),"0") -> 704 | M5: กล่อง | N5: =+L5*C5 -> 9891.2 | O5: =IFERROR(VLOOKUP(A5,'3'!U:V,2,0),"0") -> 576 | P5: กล่อง | Q5: =+O5*C5 -> 8092.8 | R5: =IFERROR(VLOOKUP(A5,'4'!U:V,2,0),"0") -> 362 | S5: กล่อง | T5: =+R5*C5 -> 5086.1 | U5: =IFERROR(VLOOKUP(A5,'5'!U:V,2,0),"0") -> 366 | V5: กล่อง | W5: =+U5*C5 -> 5142.3 | X5: =IFERROR(VLOOKUP(A5,'6'!U:V,2,0),"0") -> 311 | Y5: กล่อง | Z5: =+X5*C5 -> 4369.55 | AA5: =IFERROR(VLOOKUP(A5,'7'!U:V,2,0),"0") -> 531 | AB5: กล่อง | AC5: =+AA5*C5 -> 7460.55 | AD5: =IFERROR(VLOOKUP(A5,'8'!U:V,2,0),"0") -> 703 | AE5: กล่อง | AF5: =+AD5*C5 -> 9877.15 | AG5: =IFERROR(VLOOKUP(A5,'9'!U:V,2,0),"0") -> 770 | AH5: กล่อง | AI5: =+AG5*C5 -> 10818.5 | AJ5: =IFERROR(VLOOKUP(A5,'10'!U:V,2,0),"0") -> 293 | AK5: กล่อง | AL5: =+AJ5*C5 -> 4116.65 | AM5: =IFERROR(VLOOKUP(A5,'11'!U:V,2,0),"0") -> 557 | AN5: กล่อง | AO5: =+AM5*C5 -> 7825.85 | AP5: =IFERROR(VLOOKUP(A5,'12'!U:V,2,0),"0") -> 440 | AQ5: กล่อง | AR5: =+AP5*C5 -> 6182 | AS5: =IFERROR(VLOOKUP(A5,'13'!U:V,2,0),"0") -> 511 | AT5: กล่อง | AU5: =+AS5*C5 -> 7179.55 | AV5: =IFERROR(VLOOKUP(A5,'14'!U:V,2,0),"0") -> 397 | AW5: กล่อง | AX5: =+AV5*C5 -> 5577.85 | AY5: =IFERROR(VLOOKUP(A5,'15'!U:V,2,0),"0") -> 441 | AZ5: กล่อง | BA5: =+AY5*C5 -> 6196.05 | BB5: =IFERROR(VLOOKUP(A5,'16'!U:V,2,0),"0") -> 440 | BC5: กล่อง | BD5: =+BB5*C5 -> 6182 | BE5: =IFERROR(VLOOKUP(A5,'17'!U:V,2,0),"0") -> 479 | BF5: กล่อง | BG5: =+BE5*C5 -> 6729.95 | BH5: =IFERROR(VLOOKUP(A5,'18'!U:V,2,0),"0") -> 315 | BI5: กล่อง | BJ5: =+BH5*C5 -> 4425.75 | BK5: =IFERROR(VLOOKUP(A5,'19'!U:V,2,0),"0") -> 254 | BL5: กล่อง | BM5: =+BK5*C5 -> 3568.7 | BN5: =IFERROR(VLOOKUP(A5,'20'!U:V,2,0),"0") -> 341 | BO5: กล่อง | BP5: =+BN5*C5 -> 4791.05 | BQ5: =IFERROR(VLOOKUP(A5,'21'!U:V,2,0),"0") -> 328 | BR5: กล่อง | BS5: =+BQ5*C5 -> 4608.4 | BT5: =IFERROR(VLOOKUP(A5,'22'!U:V,2,0),"0") -> 310 | BU5: กล่อง | BV5: =+BT5*C5 -> 4355.5 | BW5: =IFERROR(VLOOKUP(A5,'23'!U:V,2,0),"0") -> 194 | BX5: กล่อง | BY5: =+BW5*C5 -> 2725.7 | BZ5: =IFERROR(VLOOKUP(A5,'24'!U:V,2,0),"0") -> 348 | CA5: กล่อง | CB5: =+BZ5*C5 -> 4889.4 | CC5: =IFERROR(VLOOKUP(A5,'25'!U:V,2,0),"0") -> 387 | CD5: กล่อง | CE5: =+CC5*C5 -> 5437.35 | CF5: =IFERROR(VLOOKUP(A5,'26'!U:V,2,0),"0") -> 233 | CG5: กล่อง | CH5: =+CF5*C5 -> 3273.65 | CI5: =IFERROR(VLOOKUP(A5,'27'!U:V,2,0),"0") -> 377 | CJ5: กล่อง | CK5: =+CI5*C5 -> 5296.85 | CL5: =IFERROR(VLOOKUP(A5,'28'!U:V,2,0),"0") -> 369 | CM5: กล่อง | CN5: =+CL5*C5 -> 5184.45 | CO5: =IFERROR(VLOOKUP(A5,'29'!U:V,2,0),"0") -> 0 | CP5: กล่อง | CQ5: =+CO5*C5 -> 0 | CR5: =IFERROR(VLOOKUP(A5,'30'!U:V,2,0),"0") -> 0 | CS5: กล่อง | CT5: =+CR5*C5 -> 0 | CU5: =IFERROR(VLOOKUP(A5,'31'!U:V,2,0),"0") -> 0 | CV5: กล่อง | CW5: =+CU5*C5 -> 0 | CX5: =IFERROR(VLOOKUP(A5,'เซต1-31'!V:W,2,0),"0") -> 0 | CY5: กล่อง | CZ5: =+CX5*CQ5 -> 0
A6: 1004055 | B6: ชิฟฟ่อน รวมรส 1กล่อง4ชิ้น | C6: 19.58 | D6: 1 | E6: =+D6*F6 -> 10 | F6: =+I6+L6+O6+R6+U6+X6+AA6+AD6+AG6+AJ6+AM6+AP6+AS6+AV6+AY6+BB6+BE6+BH6+BK6+BN6+BQ6+BT6+BW6+BZ6+CC6+CF6+CI6+CL6+CO6+CR6+CU6+CX6 -> 10 | G6: กล่อง | H6: =+F6*C6 -> 195.8 | I6: =IFERROR(VLOOKUP(A6,'1'!U:V,2,0),"0") -> 0 | J6: กล่อง | K6: =+I6*C6 -> 0 | L6: =IFERROR(VLOOKUP(A6,'2'!U:V,2,0),"0") -> 0 | M6: กล่อง | N6: =+L6*C6 -> 0 | O6: =IFERROR(VLOOKUP(A6,'3'!U:V,2,0),"0") -> 0 | P6: กล่อง | Q6: =+O6*C6 -> 0 | R6: =IFERROR(VLOOKUP(A6,'4'!U:V,2,0),"0") -> 0 | S6: กล่อง | T6: =+R6*C6 -> 0 | U6: =IFERROR(VLOOKUP(A6,'5'!U:V,2,0),"0") -> 0 | V6: กล่อง | W6: =+U6*C6 -> 0 | X6: =IFERROR(VLOOKUP(A6,'6'!U:V,2,0),"0") -> 0 | Y6: กล่อง | Z6: =+X6*C6 -> 0 | AA6: =IFERROR(VLOOKUP(A6,'7'!U:V,2,0),"0") -> 0 | AB6: กล่อง | AC6: =+AA6*C6 -> 0 | AD6: =IFERROR(VLOOKUP(A6,'8'!U:V,2,0),"0") -> 0 | AE6: กล่อง | AF6: =+AD6*C6 -> 0 | AG6: =IFERROR(VLOOKUP(A6,'9'!U:V,2,0),"0") -> 0 | AH6: กล่อง | AI6: =+AG6*C6 -> 0 | AJ6: =IFERROR(VLOOKUP(A6,'10'!U:V,2,0),"0") -> 0 | AK6: กล่อง | AL6: =+AJ6*C6 -> 0 | AM6: =IFERROR(VLOOKUP(A6,'11'!U:V,2,0),"0") -> 0 | AN6: กล่อง | AO6: =+AM6*C6 -> 0 | AP6: =IFERROR(VLOOKUP(A6,'12'!U:V,2,0),"0") -> 0 | AQ6: กล่อง | AR6: =+AP6*C6 -> 0 | AS6: =IFERROR(VLOOKUP(A6,'13'!U:V,2,0),"0") -> 0 | AT6: กล่อง | AU6: =+AS6*C6 -> 0 | AV6: =IFERROR(VLOOKUP(A6,'14'!U:V,2,0),"0") -> 0 | AW6: กล่อง | AX6: =+AV6*C6 -> 0 | AY6: =IFERROR(VLOOKUP(A6,'15'!U:V,2,0),"0") -> 10 | AZ6: กล่อง | BA6: =+AY6*C6 -> 195.8 | BB6: =IFERROR(VLOOKUP(A6,'16'!U:V,2,0),"0") -> 0 | BC6: กล่อง | BD6: =+BB6*C6 -> 0 | BE6: =IFERROR(VLOOKUP(A6,'17'!U:V,2,0),"0") -> 0 | BF6: กล่อง | BG6: =+BE6*C6 -> 0 | BH6: =IFERROR(VLOOKUP(A6,'18'!U:V,2,0),"0") -> 0 | BI6: กล่อง | BJ6: =+BH6*C6 -> 0 | BK6: =IFERROR(VLOOKUP(A6,'19'!U:V,2,0),"0") -> 0 | BL6: กล่อง | BM6: =+BK6*C6 -> 0 | BN6: =IFERROR(VLOOKUP(A6,'20'!U:V,2,0),"0") -> 0 | BO6: กล่อง | BP6: =+BN6*C6 -> 0 | BQ6: =IFERROR(VLOOKUP(A6,'21'!U:V,2,0),"0") -> 0 | BR6: กล่อง | BS6: =+BQ6*C6 -> 0 | BT6: =IFERROR(VLOOKUP(A6,'22'!U:V,2,0),"0") -> 0 | BU6: กล่อง | BV6: =+BT6*C6 -> 0 | BW6: =IFERROR(VLOOKUP(A6,'23'!U:V,2,0),"0") -> 0 | BX6: กล่อง | BY6: =+BW6*C6 -> 0 | BZ6: =IFERROR(VLOOKUP(A6,'24'!U:V,2,0),"0") -> 0 | CA6: กล่อง | CB6: =+BZ6*C6 -> 0 | CC6: =IFERROR(VLOOKUP(A6,'25'!U:V,2,0),"0") -> 0 | CD6: กล่อง | CE6: =+CC6*C6 -> 0 | CF6: =IFERROR(VLOOKUP(A6,'26'!U:V,2,0),"0") -> 0 | CG6: กล่อง | CH6: =+CF6*C6 -> 0 | CI6: =IFERROR(VLOOKUP(A6,'27'!U:V,2,0),"0") -> 0 | CJ6: กล่อง | CK6: =+CI6*C6 -> 0 | CL6: =IFERROR(VLOOKUP(A6,'28'!U:V,2,0),"0") -> 0 | CM6: กล่อง | CN6: =+CL6*C6 -> 0 | CO6: =IFERROR(VLOOKUP(A6,'29'!U:V,2,0),"0") -> 0 | CP6: กล่อง | CQ6: =+CO6*C6 -> 0 | CR6: =IFERROR(VLOOKUP(A6,'30'!U:V,2,0),"0") -> 0 | CS6: กล่อง | CT6: =+CR6*C6 -> 0 | CU6: =IFERROR(VLOOKUP(A6,'31'!U:V,2,0),"0") -> 0 | CV6: กล่อง | CW6: =+CU6*C6 -> 0 | CX6: =IFERROR(VLOOKUP(A6,'เซต1-31'!V:W,2,0),"0") -> 0 | CY6: กล่อง | CZ6: =+CX6*CQ6 -> 0
A7: 1005761 | B7: ขนมปังกรอบคาราเมล(ถุง) | C7: 17.5 | D7: 1 | E7: =+D7*F7 -> 0 | F7: =+I7+L7+O7+R7+U7+X7+AA7+AD7+AG7+AJ7+AM7+AP7+AS7+AV7+AY7+BB7+BE7+BH7+BK7+BN7+BQ7+BT7+BW7+BZ7+CC7+CF7+CI7+CL7+CO7+CR7+CU7+CX7 -> 0 | G7: ถุง | H7: =+F7*C7 -> 0 | I7: =IFERROR(VLOOKUP(A7,'1'!U:V,2,0),"0") -> 0 | J7: ถุง | K7: =+I7*C7 -> 0 | L7: =IFERROR(VLOOKUP(A7,'2'!U:V,2,0),"0") -> 0 | M7: ถุง | N7: =+L7*C7 -> 0 | O7: =IFERROR(VLOOKUP(A7,'3'!U:V,2,0),"0") -> 0 | P7: ถุง | Q7: =+O7*C7 -> 0 | R7: =IFERROR(VLOOKUP(A7,'4'!U:V,2,0),"0") -> 0 | S7: ถุง | T7: =+R7*C7 -> 0 | U7: =IFERROR(VLOOKUP(A7,'5'!U:V,2,0),"0") -> 0 | V7: ถุง | W7: =+U7*C7 -> 0 | X7: =IFERROR(VLOOKUP(A7,'6'!U:V,2,0),"0") -> 0 | Y7: ถุง | Z7: =+X7*C7 -> 0 | AA7: =IFERROR(VLOOKUP(A7,'7'!U:V,2,0),"0") -> 0 | AB7: ถุง | AC7: =+AA7*C7 -> 0 | AD7: =IFERROR(VLOOKUP(A7,'8'!U:V,2,0),"0") -> 0 | AE7: ถุง | AF7: =+AD7*C7 -> 0 | AG7: =IFERROR(VLOOKUP(A7,'9'!U:V,2,0),"0") -> 0 | AH7: ถุง | AI7: =+AG7*C7 -> 0 | AJ7: =IFERROR(VLOOKUP(A7,'10'!U:V,2,0),"0") -> 0 | AK7: ถุง | AL7: =+AJ7*C7 -> 0 | AM7: =IFERROR(VLOOKUP(A7,'11'!U:V,2,0),"0") -> 0 | AN7: ถุง | AO7: =+AM7*C7 -> 0 | AP7: =IFERROR(VLOOKUP(A7,'12'!U:V,2,0),"0") -> 0 | AQ7: ถุง | AR7: =+AP7*C7 -> 0 | AS7: =IFERROR(VLOOKUP(A7,'13'!U:V,2,0),"0") -> 0 | AT7: ถุง | AU7: =+AS7*C7 -> 0 | AV7: =IFERROR(VLOOKUP(A7,'14'!U:V,2,0),"0") -> 0 | AW7: ถุง | AX7: =+AV7*C7 -> 0 | AY7: =IFERROR(VLOOKUP(A7,'15'!U:V,2,0),"0") -> 0 | AZ7: ถุง | BA7: =+AY7*C7 -> 0 | BB7: =IFERROR(VLOOKUP(A7,'16'!U:V,2,0),"0") -> 0 | BC7: ถุง | BD7: =+BB7*C7 -> 0 | BE7: =IFERROR(VLOOKUP(A7,'17'!U:V,2,0),"0") -> 0 | BF7: ถุง | BG7: =+BE7*C7 -> 0 | BH7: =IFERROR(VLOOKUP(A7,'18'!U:V,2,0),"0") -> 0 | BI7: ถุง | BJ7: =+BH7*C7 -> 0 | BK7: =IFERROR(VLOOKUP(A7,'19'!U:V,2,0),"0") -> 0 | BL7: ถุง | BM7: =+BK7*C7 -> 0 | BN7: =IFERROR(VLOOKUP(A7,'20'!U:V,2,0),"0") -> 0 | BO7: ถุง | BP7: =+BN7*C7 -> 0 | BQ7: =IFERROR(VLOOKUP(A7,'21'!U:V,2,0),"0") -> 0 | BR7: ถุง | BS7: =+BQ7*C7 -> 0 | BT7: =IFERROR(VLOOKUP(A7,'22'!U:V,2,0),"0") -> 0 | BU7: ถุง | BV7: =+BT7*C7 -> 0 | BW7: =IFERROR(VLOOKUP(A7,'23'!U:V,2,0),"0") -> 0 | BX7: ถุง | BY7: =+BW7*C7 -> 0 | BZ7: =IFERROR(VLOOKUP(A7,'24'!U:V,2,0),"0") -> 0 | CA7: ถุง | CB7: =+BZ7*C7 -> 0 | CC7: =IFERROR(VLOOKUP(A7,'25'!U:V,2,0),"0") -> 0 | CD7: ถุง | CE7: =+CC7*C7 -> 0 | CF7: =IFERROR(VLOOKUP(A7,'26'!U:V,2,0),"0") -> 0 | CG7: ถุง | CH7: =+CF7*C7 -> 0 | CI7: =IFERROR(VLOOKUP(A7,'27'!U:V,2,0),"0") -> 0 | CJ7: ถุง | CK7: =+CI7*C7 -> 0 | CL7: =IFERROR(VLOOKUP(A7,'28'!U:V,2,0),"0") -> 0 | CM7: ถุง | CN7: =+CL7*C7 -> 0 | CO7: =IFERROR(VLOOKUP(A7,'29'!U:V,2,0),"0") -> 0 | CP7: ถุง | CQ7: =+CO7*C7 -> 0 | CR7: =IFERROR(VLOOKUP(A7,'30'!U:V,2,0),"0") -> 0 | CS7: ถุง | CT7: =+CR7*C7 -> 0 | CU7: =IFERROR(VLOOKUP(A7,'31'!U:V,2,0),"0") -> 0 | CV7: ถุง | CW7: =+CU7*C7 -> 0 | CX7: =IFERROR(VLOOKUP(A7,'เซต1-31'!V:W,2,0),"0") -> 0 | CY7: ถุง | CZ7: =+CX7*CQ7 -> 0
A8: 1100001 | B8: ทาร์ตสับปะรดแบบชิ้น อร่อยนุ่ม (1 ชิ้น) | C8: 4.43 | D8: 1 | E8: =+D8*F8 -> 0 | F8: =+I8+L8+O8+R8+U8+X8+AA8+AD8+AG8+AJ8+AM8+AP8+AS8+AV8+AY8+BB8+BE8+BH8+BK8+BN8+BQ8+BT8+BW8+BZ8+CC8+CF8+CI8+CL8+CO8+CR8+CU8+CX8 -> 0 | G8: ชิ้น | H8: =+F8*C8 -> 0 | I8: =IFERROR(VLOOKUP(A8,'1'!U:V,2,0),"0") -> 0 | J8: ชิ้น | K8: =+I8*C8 -> 0 | L8: =IFERROR(VLOOKUP(A8,'2'!U:V,2,0),"0") -> 0 | M8: ชิ้น | N8: =+L8*C8 -> 0 | O8: =IFERROR(VLOOKUP(A8,'3'!U:V,2,0),"0") -> 0 | P8: ชิ้น | Q8: =+O8*C8 -> 0 | R8: =IFERROR(VLOOKUP(A8,'4'!U:V,2,0),"0") -> 0 | S8: ชิ้น | T8: =+R8*C8 -> 0 | U8: =IFERROR(VLOOKUP(A8,'5'!U:V,2,0),"0") -> 0 | V8: ชิ้น | W8: =+U8*C8 -> 0 | X8: =IFERROR(VLOOKUP(A8,'6'!U:V,2,0),"0") -> 0 | Y8: ชิ้น | Z8: =+X8*C8 -> 0 | AA8: =IFERROR(VLOOKUP(A8,'7'!U:V,2,0),"0") -> 0 | AB8: ชิ้น | AC8: =+AA8*C8 -> 0 | AD8: =IFERROR(VLOOKUP(A8,'8'!U:V,2,0),"0") -> 0 | AE8: ชิ้น | AF8: =+AD8*C8 -> 0 | AG8: =IFERROR(VLOOKUP(A8,'9'!U:V,2,0),"0") -> 0 | AH8: ชิ้น | AI8: =+AG8*C8 -> 0 | AJ8: =IFERROR(VLOOKUP(A8,'10'!U:V,2,0),"0") -> 0 | AK8: ชิ้น | AL8: =+AJ8*C8 -> 0 | AM8: =IFERROR(VLOOKUP(A8,'11'!U:V,2,0),"0") -> 0 | AN8: ชิ้น | AO8: =+AM8*C8 -> 0 | AP8: =IFERROR(VLOOKUP(A8,'12'!U:V,2,0),"0") -> 0 | AQ8: ชิ้น | AR8: =+AP8*C8 -> 0 | AS8: =IFERROR(VLOOKUP(A8,'13'!U:V,2,0),"0") -> 0 | AT8: ชิ้น | AU8: =+AS8*C8 -> 0 | AV8: =IFERROR(VLOOKUP(A8,'14'!U:V,2,0),"0") -> 0 | AW8: ชิ้น | AX8: =+AV8*C8 -> 0 | AY8: =IFERROR(VLOOKUP(A8,'15'!U:V,2,0),"0") -> 0 | AZ8: ชิ้น | BA8: =+AY8*C8 -> 0 | BB8: =IFERROR(VLOOKUP(A8,'16'!U:V,2,0),"0") -> 0 | BC8: ชิ้น | BD8: =+BB8*C8 -> 0 | BE8: =IFERROR(VLOOKUP(A8,'17'!U:V,2,0),"0") -> 0 | BF8: ชิ้น | BG8: =+BE8*C8 -> 0 | BH8: =IFERROR(VLOOKUP(A8,'18'!U:V,2,0),"0") -> 0 | BI8: ชิ้น | BJ8: =+BH8*C8 -> 0 | BK8: =IFERROR(VLOOKUP(A8,'19'!U:V,2,0),"0") -> 0 | BL8: ชิ้น | BM8: =+BK8*C8 -> 0 | BN8: =IFERROR(VLOOKUP(A8,'20'!U:V,2,0),"0") -> 0 | BO8: ชิ้น | BP8: =+BN8*C8 -> 0 | BQ8: =IFERROR(VLOOKUP(A8,'21'!U:V,2,0),"0") -> 0 | BR8: ชิ้น | BS8: =+BQ8*C8 -> 0 | BT8: =IFERROR(VLOOKUP(A8,'22'!U:V,2,0),"0") -> 0 | BU8: ชิ้น | BV8: =+BT8*C8 -> 0 | BW8: =IFERROR(VLOOKUP(A8,'23'!U:V,2,0),"0") -> 0 | BX8: ชิ้น | BY8: =+BW8*C8 -> 0 | BZ8: =IFERROR(VLOOKUP(A8,'24'!U:V,2,0),"0") -> 0 | CA8: ชิ้น | CB8: =+BZ8*C8 -> 0 | CC8: =IFERROR(VLOOKUP(A8,'25'!U:V,2,0),"0") -> 0 | CD8: ชิ้น | CE8: =+CC8*C8 -> 0 | CF8: =IFERROR(VLOOKUP(A8,'26'!U:V,2,0),"0") -> 0 | CG8: ชิ้น | CH8: =+CF8*C8 -> 0 | CI8: =IFERROR(VLOOKUP(A8,'27'!U:V,2,0),"0") -> 0 | CJ8: ชิ้น | CK8: =+CI8*C8 -> 0 | CL8: =IFERROR(VLOOKUP(A8,'28'!U:V,2,0),"0") -> 0 | CM8: ชิ้น | CN8: =+CL8*C8 -> 0 | CO8: =IFERROR(VLOOKUP(A8,'29'!U:V,2,0),"0") -> 0 | CP8: ชิ้น | CQ8: =+CO8*C8 -> 0 | CR8: =IFERROR(VLOOKUP(A8,'30'!U:V,2,0),"0") -> 0 | CS8: ชิ้น | CT8: =+CR8*C8 -> 0 | CU8: =IFERROR(VLOOKUP(A8,'31'!U:V,2,0),"0") -> 0 | CV8: ชิ้น | CW8: =+CU8*C8 -> 0 | CX8: =IFERROR(VLOOKUP(A8,'เซต1-31'!V:W,2,0),"0") -> 0 | CY8: ชิ้น | CZ8: =+CX8*CQ8 -> 0
A9: 1100002 | B9: ทาร์ตสับปะรด (ทาร์ตสับปะรดกล่อง 4 ชิ้น) | C9: 22.02 | D9: 1 | E9: =+D9*F9 -> 10 | F9: =+I9+L9+O9+R9+U9+X9+AA9+AD9+AG9+AJ9+AM9+AP9+AS9+AV9+AY9+BB9+BE9+BH9+BK9+BN9+BQ9+BT9+BW9+BZ9+CC9+CF9+CI9+CL9+CO9+CR9+CU9+CX9 -> 10 | G9: กล่อง | H9: =+F9*C9 -> 220.2 | I9: =IFERROR(VLOOKUP(A9,'1'!U:V,2,0),"0") -> 0 | J9: กล่อง | K9: =+I9*C9 -> 0 | L9: =IFERROR(VLOOKUP(A9,'2'!U:V,2,0),"0") -> 0 | M9: กล่อง | N9: =+L9*C9 -> 0 | O9: =IFERROR(VLOOKUP(A9,'3'!U:V,2,0),"0") -> 0 | P9: กล่อง | Q9: =+O9*C9 -> 0 | R9: =IFERROR(VLOOKUP(A9,'4'!U:V,2,0),"0") -> 0 | S9: กล่อง | T9: =+R9*C9 -> 0 | U9: =IFERROR(VLOOKUP(A9,'5'!U:V,2,0),"0") -> 0 | V9: กล่อง | W9: =+U9*C9 -> 0 | X9: =IFERROR(VLOOKUP(A9,'6'!U:V,2,0),"0") -> 0 | Y9: กล่อง | Z9: =+X9*C9 -> 0 | AA9: =IFERROR(VLOOKUP(A9,'7'!U:V,2,0),"0") -> 0 | AB9: กล่อง | AC9: =+AA9*C9 -> 0 | AD9: =IFERROR(VLOOKUP(A9,'8'!U:V,2,0),"0") -> 0 | AE9: กล่อง | AF9: =+AD9*C9 -> 0 | AG9: =IFERROR(VLOOKUP(A9,'9'!U:V,2,0),"0") -> 0 | AH9: กล่อง | AI9: =+AG9*C9 -> 0 | AJ9: =IFERROR(VLOOKUP(A9,'10'!U:V,2,0),"0") -> 0 | AK9: กล่อง | AL9: =+AJ9*C9 -> 0 | AM9: =IFERROR(VLOOKUP(A9,'11'!U:V,2,0),"0") -> 0 | AN9: กล่อง | AO9: =+AM9*C9 -> 0 | AP9: =IFERROR(VLOOKUP(A9,'12'!U:V,2,0),"0") -> 0 | AQ9: กล่อง | AR9: =+AP9*C9 -> 0 | AS9: =IFERROR(VLOOKUP(A9,'13'!U:V,2,0),"0") -> 0 | AT9: กล่อง | AU9: =+AS9*C9 -> 0 | AV9: =IFERROR(VLOOKUP(A9,'14'!U:V,2,0),"0") -> 0 | AW9: กล่อง | AX9: =+AV9*C9 -> 0 | AY9: =IFERROR(VLOOKUP(A9,'15'!U:V,2,0),"0") -> 10 | AZ9: กล่อง | BA9: =+AY9*C9 -> 220.2 | BB9: =IFERROR(VLOOKUP(A9,'16'!U:V,2,0),"0") -> 0 | BC9: กล่อง | BD9: =+BB9*C9 -> 0 | BE9: =IFERROR(VLOOKUP(A9,'17'!U:V,2,0),"0") -> 0 | BF9: กล่อง | BG9: =+BE9*C9 -> 0 | BH9: =IFERROR(VLOOKUP(A9,'18'!U:V,2,0),"0") -> 0 | BI9: กล่อง | BJ9: =+BH9*C9 -> 0 | BK9: =IFERROR(VLOOKUP(A9,'19'!U:V,2,0),"0") -> 0 | BL9: กล่อง | BM9: =+BK9*C9 -> 0 | BN9: =IFERROR(VLOOKUP(A9,'20'!U:V,2,0),"0") -> 0 | BO9: กล่อง | BP9: =+BN9*C9 -> 0 | BQ9: =IFERROR(VLOOKUP(A9,'21'!U:V,2,0),"0") -> 0 | BR9: กล่อง | BS9: =+BQ9*C9 -> 0 | BT9: =IFERROR(VLOOKUP(A9,'22'!U:V,2,0),"0") -> 0 | BU9: กล่อง | BV9: =+BT9*C9 -> 0 | BW9: =IFERROR(VLOOKUP(A9,'23'!U:V,2,0),"0") -> 0 | BX9: กล่อง | BY9: =+BW9*C9 -> 0 | BZ9: =IFERROR(VLOOKUP(A9,'24'!U:V,2,0),"0") -> 0 | CA9: กล่อง | CB9: =+BZ9*C9 -> 0 | CC9: =IFERROR(VLOOKUP(A9,'25'!U:V,2,0),"0") -> 0 | CD9: กล่อง | CE9: =+CC9*C9 -> 0 | CF9: =IFERROR(VLOOKUP(A9,'26'!U:V,2,0),"0") -> 0 | CG9: กล่อง | CH9: =+CF9*C9 -> 0 | CI9: =IFERROR(VLOOKUP(A9,'27'!U:V,2,0),"0") -> 0 | CJ9: กล่อง | CK9: =+CI9*C9 -> 0 | CL9: =IFERROR(VLOOKUP(A9,'28'!U:V,2,0),"0") -> 0 | CM9: กล่อง | CN9: =+CL9*C9 -> 0 | CO9: =IFERROR(VLOOKUP(A9,'29'!U:V,2,0),"0") -> 0 | CP9: กล่อง | CQ9: =+CO9*C9 -> 0 | CR9: =IFERROR(VLOOKUP(A9,'30'!U:V,2,0),"0") -> 0 | CS9: กล่อง | CT9: =+CR9*C9 -> 0 | CU9: =IFERROR(VLOOKUP(A9,'31'!U:V,2,0),"0") -> 0 | CV9: กล่อง | CW9: =+CU9*C9 -> 0 | CX9: =IFERROR(VLOOKUP(A9,'เซต1-31'!V:W,2,0),"0") -> 0 | CY9: กล่อง | CZ9: =+CX9*CQ9 -> 0
A10: 1100003 | B10: เมอแรงก์กระปุก (เก็บไว้ได้ 60 วัน) | C10: 11.91 | D10: 1 | E10: =+D10*F10 -> 0 | F10: =+I10+L10+O10+R10+U10+X10+AA10+AD10+AG10+AJ10+AM10+AP10+AS10+AV10+AY10+BB10+BE10+BH10+BK10+BN10+BQ10+BT10+BW10+BZ10+CC10+CF10+CI10+CL10+CO10+CR10+CU10+CX10 -> 0 | G10: กระปุก | H10: =+F10*C10 -> 0 | I10: =IFERROR(VLOOKUP(A10,'1'!U:V,2,0),"0") -> 0 | J10: กระปุก | K10: =+I10*C10 -> 0 | L10: =IFERROR(VLOOKUP(A10,'2'!U:V,2,0),"0") -> 0 | M10: กระปุก | N10: =+L10*C10 -> 0 | O10: =IFERROR(VLOOKUP(A10,'3'!U:V,2,0),"0") -> 0 | P10: กระปุก | Q10: =+O10*C10 -> 0 | R10: =IFERROR(VLOOKUP(A10,'4'!U:V,2,0),"0") -> 0 | S10: กระปุก | T10: =+R10*C10 -> 0 | U10: =IFERROR(VLOOKUP(A10,'5'!U:V,2,0),"0") -> 0 | V10: กระปุก | W10: =+U10*C10 -> 0 | X10: =IFERROR(VLOOKUP(A10,'6'!U:V,2,0),"0") -> 0 | Y10: กระปุก | Z10: =+X10*C10 -> 0 | AA10: =IFERROR(VLOOKUP(A10,'7'!U:V,2,0),"0") -> 0 | AB10: กระปุก | AC10: =+AA10*C10 -> 0 | AD10: =IFERROR(VLOOKUP(A10,'8'!U:V,2,0),"0") -> 0 | AE10: กระปุก | AF10: =+AD10*C10 -> 0 | AG10: =IFERROR(VLOOKUP(A10,'9'!U:V,2,0),"0") -> 0 | AH10: กระปุก | AI10: =+AG10*C10 -> 0 | AJ10: =IFERROR(VLOOKUP(A10,'10'!U:V,2,0),"0") -> 0 | AK10: กระปุก | AL10: =+AJ10*C10 -> 0 | AM10: =IFERROR(VLOOKUP(A10,'11'!U:V,2,0),"0") -> 0 | AN10: กระปุก | AO10: =+AM10*C10 -> 0 | AP10: =IFERROR(VLOOKUP(A10,'12'!U:V,2,0),"0") -> 0 | AQ10: กระปุก | AR10: =+AP10*C10 -> 0 | AS10: =IFERROR(VLOOKUP(A10,'13'!U:V,2,0),"0") -> 0 | AT10: กระปุก | AU10: =+AS10*C10 -> 0 | AV10: =IFERROR(VLOOKUP(A10,'14'!U:V,2,0),"0") -> 0 | AW10: กระปุก | AX10: =+AV10*C10 -> 0 | AY10: =IFERROR(VLOOKUP(A10,'15'!U:V,2,0),"0") -> 0 | AZ10: กระปุก | BA10: =+AY10*C10 -> 0 | BB10: =IFERROR(VLOOKUP(A10,'16'!U:V,2,0),"0") -> 0 | BC10: กระปุก | BD10: =+BB10*C10 -> 0 | BE10: =IFERROR(VLOOKUP(A10,'17'!U:V,2,0),"0") -> 0 | BF10: กระปุก | BG10: =+BE10*C10 -> 0 | BH10: =IFERROR(VLOOKUP(A10,'18'!U:V,2,0),"0") -> 0 | BI10: กระปุก | BJ10: =+BH10*C10 -> 0 | BK10: =IFERROR(VLOOKUP(A10,'19'!U:V,2,0),"0") -> 0 | BL10: กระปุก | BM10: =+BK10*C10 -> 0 | BN10: =IFERROR(VLOOKUP(A10,'20'!U:V,2,0),"0") -> 0 | BO10: กระปุก | BP10: =+BN10*C10 -> 0 | BQ10: =IFERROR(VLOOKUP(A10,'21'!U:V,2,0),"0") -> 0 | BR10: กระปุก | BS10: =+BQ10*C10 -> 0 | BT10: =IFERROR(VLOOKUP(A10,'22'!U:V,2,0),"0") -> 0 | BU10: กระปุก | BV10: =+BT10*C10 -> 0 | BW10: =IFERROR(VLOOKUP(A10,'23'!U:V,2,0),"0") -> 0 | BX10: กระปุก | BY10: =+BW10*C10 -> 0 | BZ10: =IFERROR(VLOOKUP(A10,'24'!U:V,2,0),"0") -> 0 | CA10: กระปุก | CB10: =+BZ10*C10 -> 0 | CC10: =IFERROR(VLOOKUP(A10,'25'!U:V,2,0),"0") -> 0 | CD10: กระปุก | CE10: =+CC10*C10 -> 0 | CF10: =IFERROR(VLOOKUP(A10,'26'!U:V,2,0),"0") -> 0 | CG10: กระปุก | CH10: =+CF10*C10 -> 0 | CI10: =IFERROR(VLOOKUP(A10,'27'!U:V,2,0),"0") -> 0 | CJ10: กระปุก | CK10: =+CI10*C10 -> 0 | CL10: =IFERROR(VLOOKUP(A10,'28'!U:V,2,0),"0") -> 0 | CM10: กระปุก | CN10: =+CL10*C10 -> 0 | CO10: =IFERROR(VLOOKUP(A10,'29'!U:V,2,0),"0") -> 0 | CP10: กระปุก | CQ10: =+CO10*C10 -> 0 | CR10: =IFERROR(VLOOKUP(A10,'30'!U:V,2,0),"0") -> 0 | CS10: กระปุก | CT10: =+CR10*C10 -> 0 | CU10: =IFERROR(VLOOKUP(A10,'31'!U:V,2,0),"0") -> 0 | CV10: กระปุก | CW10: =+CU10*C10 -> 0 | CX10: =IFERROR(VLOOKUP(A10,'เซต1-31'!V:W,2,0),"0") -> 0 | CY10: กระปุก | CZ10: =+CX10*CQ10 -> 0
A11: 1100004 | B11: เมอแรงค์ อัลม่อนเม็ดมะม่วงหิมพานต์ (ถุง) | C11: 13.03 | D11: 1 | E11: =+D11*F11 -> 0 | F11: =+I11+L11+O11+R11+U11+X11+AA11+AD11+AG11+AJ11+AM11+AP11+AS11+AV11+AY11+BB11+BE11+BH11+BK11+BN11+BQ11+BT11+BW11+BZ11+CC11+CF11+CI11+CL11+CO11+CR11+CU11+CX11 -> 0 | G11: ถุง | H11: =+F11*C11 -> 0 | I11: =IFERROR(VLOOKUP(A11,'1'!U:V,2,0),"0") -> 0 | J11: ถุง | K11: =+I11*C11 -> 0 | L11: =IFERROR(VLOOKUP(A11,'2'!U:V,2,0),"0") -> 0 | M11: ถุง | N11: =+L11*C11 -> 0 | O11: =IFERROR(VLOOKUP(A11,'3'!U:V,2,0),"0") -> 0 | P11: ถุง | Q11: =+O11*C11 -> 0 | R11: =IFERROR(VLOOKUP(A11,'4'!U:V,2,0),"0") -> 0 | S11: ถุง | T11: =+R11*C11 -> 0 | U11: =IFERROR(VLOOKUP(A11,'5'!U:V,2,0),"0") -> 0 | V11: ถุง | W11: =+U11*C11 -> 0 | X11: =IFERROR(VLOOKUP(A11,'6'!U:V,2,0),"0") -> 0 | Y11: ถุง | Z11: =+X11*C11 -> 0 | AA11: =IFERROR(VLOOKUP(A11,'7'!U:V,2,0),"0") -> 0 | AB11: ถุง | AC11: =+AA11*C11 -> 0 | AD11: =IFERROR(VLOOKUP(A11,'8'!U:V,2,0),"0") -> 0 | AE11: ถุง | AF11: =+AD11*C11 -> 0 | AG11: =IFERROR(VLOOKUP(A11,'9'!U:V,2,0),"0") -> 0 | AH11: ถุง | AI11: =+AG11*C11 -> 0 | AJ11: =IFERROR(VLOOKUP(A11,'10'!U:V,2,0),"0") -> 0 | AK11: ถุง | AL11: =+AJ11*C11 -> 0 | AM11: =IFERROR(VLOOKUP(A11,'11'!U:V,2,0),"0") -> 0 | AN11: ถุง | AO11: =+AM11*C11 -> 0 | AP11: =IFERROR(VLOOKUP(A11,'12'!U:V,2,0),"0") -> 0 | AQ11: ถุง | AR11: =+AP11*C11 -> 0 | AS11: =IFERROR(VLOOKUP(A11,'13'!U:V,2,0),"0") -> 0 | AT11: ถุง | AU11: =+AS11*C11 -> 0 | AV11: =IFERROR(VLOOKUP(A11,'14'!U:V,2,0),"0") -> 0 | AW11: ถุง | AX11: =+AV11*C11 -> 0 | AY11: =IFERROR(VLOOKUP(A11,'15'!U:V,2,0),"0") -> 0 | AZ11: ถุง | BA11: =+AY11*C11 -> 0 | BB11: =IFERROR(VLOOKUP(A11,'16'!U:V,2,0),"0") -> 0 | BC11: ถุง | BD11: =+BB11*C11 -> 0 | BE11: =IFERROR(VLOOKUP(A11,'17'!U:V,2,0),"0") -> 0 | BF11: ถุง | BG11: =+BE11*C11 -> 0 | BH11: =IFERROR(VLOOKUP(A11,'18'!U:V,2,0),"0") -> 0 | BI11: ถุง | BJ11: =+BH11*C11 -> 0 | BK11: =IFERROR(VLOOKUP(A11,'19'!U:V,2,0),"0") -> 0 | BL11: ถุง | BM11: =+BK11*C11 -> 0 | BN11: =IFERROR(VLOOKUP(A11,'20'!U:V,2,0),"0") -> 0 | BO11: ถุง | BP11: =+BN11*C11 -> 0 | BQ11: =IFERROR(VLOOKUP(A11,'21'!U:V,2,0),"0") -> 0 | BR11: ถุง | BS11: =+BQ11*C11 -> 0 | BT11: =IFERROR(VLOOKUP(A11,'22'!U:V,2,0),"0") -> 0 | BU11: ถุง | BV11: =+BT11*C11 -> 0 | BW11: =IFERROR(VLOOKUP(A11,'23'!U:V,2,0),"0") -> 0 | BX11: ถุง | BY11: =+BW11*C11 -> 0 | BZ11: =IFERROR(VLOOKUP(A11,'24'!U:V,2,0),"0") -> 0 | CA11: ถุง | CB11: =+BZ11*C11 -> 0 | CC11: =IFERROR(VLOOKUP(A11,'25'!U:V,2,0),"0") -> 0 | CD11: ถุง | CE11: =+CC11*C11 -> 0 | CF11: =IFERROR(VLOOKUP(A11,'26'!U:V,2,0),"0") -> 0 | CG11: ถุง | CH11: =+CF11*C11 -> 0 | CI11: =IFERROR(VLOOKUP(A11,'27'!U:V,2,0),"0") -> 0 | CJ11: ถุง | CK11: =+CI11*C11 -> 0 | CL11: =IFERROR(VLOOKUP(A11,'28'!U:V,2,0),"0") -> 0 | CM11: ถุง | CN11: =+CL11*C11 -> 0 | CO11: =IFERROR(VLOOKUP(A11,'29'!U:V,2,0),"0") -> 0 | CP11: ถุง | CQ11: =+CO11*C11 -> 0 | CR11: =IFERROR(VLOOKUP(A11,'30'!U:V,2,0),"0") -> 0 | CS11: ถุง | CT11: =+CR11*C11 -> 0 | CU11: =IFERROR(VLOOKUP(A11,'31'!U:V,2,0),"0") -> 0 | CV11: ถุง | CW11: =+CU11*C11 -> 0 | CX11: =IFERROR(VLOOKUP(A11,'เซต1-31'!V:W,2,0),"0") -> 0 | CY11: ถุง | CZ11: =+CX11*CQ11 -> 0
A12: 1111001 | B12: ชิฟฟอนไม่มีไส้เเบบเเยกชิ้น เลือกรสชาติได้ (คละรส) | C12: 4.33 | D12: 1 | E12: =+D12*F12 -> 1212 | F12: =+I12+L12+O12+R12+U12+X12+AA12+AD12+AG12+AJ12+AM12+AP12+AS12+AV12+AY12+BB12+BE12+BH12+BK12+BN12+BQ12+BT12+BW12+BZ12+CC12+CF12+CI12+CL12+CO12+CR12+CU12+CX12 -> 1212 | G12: ชิ้น | H12: =+F12*C12 -> 5247.96 | I12: =IFERROR(VLOOKUP(A12,'1'!U:V,2,0),"0") -> 0 | J12: ชิ้น | K12: =+I12*C12 -> 0 | L12: =IFERROR(VLOOKUP(A12,'2'!U:V,2,0),"0") -> 50 | M12: ชิ้น | N12: =+L12*C12 -> 216.5 | O12: =IFERROR(VLOOKUP(A12,'3'!U:V,2,0),"0") -> 90 | P12: ชิ้น | Q12: =+O12*C12 -> 389.7 | R12: =IFERROR(VLOOKUP(A12,'4'!U:V,2,0),"0") -> 160 | S12: ชิ้น | T12: =+R12*C12 -> 692.8 | U12: =IFERROR(VLOOKUP(A12,'5'!U:V,2,0),"0") -> 50 | V12: ชิ้น | W12: =+U12*C12 -> 216.5 | X12: =IFERROR(VLOOKUP(A12,'6'!U:V,2,0),"0") -> 140 | Y12: ชิ้น | Z12: =+X12*C12 -> 606.2 | AA12: =IFERROR(VLOOKUP(A12,'7'!U:V,2,0),"0") -> 0 | AB12: ชิ้น | AC12: =+AA12*C12 -> 0 | AD12: =IFERROR(VLOOKUP(A12,'8'!U:V,2,0),"0") -> 120 | AE12: ชิ้น | AF12: =+AD12*C12 -> 519.6 | AG12: =IFERROR(VLOOKUP(A12,'9'!U:V,2,0),"0") -> 80 | AH12: ชิ้น | AI12: =+AG12*C12 -> 346.4 | AJ12: =IFERROR(VLOOKUP(A12,'10'!U:V,2,0),"0") -> 20 | AK12: ชิ้น | AL12: =+AJ12*C12 -> 86.6 | AM12: =IFERROR(VLOOKUP(A12,'11'!U:V,2,0),"0") -> 0 | AN12: ชิ้น | AO12: =+AM12*C12 -> 0 | AP12: =IFERROR(VLOOKUP(A12,'12'!U:V,2,0),"0") -> 50 | AQ12: ชิ้น | AR12: =+AP12*C12 -> 216.5 | AS12: =IFERROR(VLOOKUP(A12,'13'!U:V,2,0),"0") -> 0 | AT12: ชิ้น | AU12: =+AS12*C12 -> 0 | AV12: =IFERROR(VLOOKUP(A12,'14'!U:V,2,0),"0") -> 0 | AW12: ชิ้น | AX12: =+AV12*C12 -> 0 | AY12: =IFERROR(VLOOKUP(A12,'15'!U:V,2,0),"0") -> 0 | AZ12: ชิ้น | BA12: =+AY12*C12 -> 0 | BB12: =IFERROR(VLOOKUP(A12,'16'!U:V,2,0),"0") -> 0 | BC12: ชิ้น | BD12: =+BB12*C12 -> 0 | BE12: =IFERROR(VLOOKUP(A12,'17'!U:V,2,0),"0") -> 60 | BF12: ชิ้น | BG12: =+BE12*C12 -> 259.8 | BH12: =IFERROR(VLOOKUP(A12,'18'!U:V,2,0),"0") -> 30 | BI12: ชิ้น | BJ12: =+BH12*C12 -> 129.9 | BK12: =IFERROR(VLOOKUP(A12,'19'!U:V,2,0),"0") -> 70 | BL12: ชิ้น | BM12: =+BK12*C12 -> 303.1 | BN12: =IFERROR(VLOOKUP(A12,'20'!U:V,2,0),"0") -> 90 | BO12: ชิ้น | BP12: =+BN12*C12 -> 389.7 | BQ12: =IFERROR(VLOOKUP(A12,'21'!U:V,2,0),"0") -> 160 | BR12: ชิ้น | BS12: =+BQ12*C12 -> 692.8 | BT12: =IFERROR(VLOOKUP(A12,'22'!U:V,2,0),"0") -> 42 | BU12: ชิ้น | BV12: =+BT12*C12 -> 181.86 | BW12: =IFERROR(VLOOKUP(A12,'23'!U:V,2,0),"0") -> 0 | BX12: ชิ้น | BY12: =+BW12*C12 -> 0 | BZ12: =IFERROR(VLOOKUP(A12,'24'!U:V,2,0),"0") -> 0 | CA12: ชิ้น | CB12: =+BZ12*C12 -> 0 | CC12: =IFERROR(VLOOKUP(A12,'25'!U:V,2,0),"0") -> 0 | CD12: ชิ้น | CE12: =+CC12*C12 -> 0 | CF12: =IFERROR(VLOOKUP(A12,'26'!U:V,2,0),"0") -> 0 | CG12: ชิ้น | CH12: =+CF12*C12 -> 0 | CI12: =IFERROR(VLOOKUP(A12,'27'!U:V,2,0),"0") -> 0 | CJ12: ชิ้น | CK12: =+CI12*C12 -> 0 | CL12: =IFERROR(VLOOKUP(A12,'28'!U:V,2,0),"0") -> 0 | CM12: ชิ้น | CN12: =+CL12*C12 -> 0 | CO12: =IFERROR(VLOOKUP(A12,'29'!U:V,2,0),"0") -> 0 | CP12: ชิ้น | CQ12: =+CO12*C12 -> 0 | CR12: =IFERROR(VLOOKUP(A12,'30'!U:V,2,0),"0") -> 0 | CS12: ชิ้น | CT12: =+CR12*C12 -> 0 | CU12: =IFERROR(VLOOKUP(A12,'31'!U:V,2,0),"0") -> 0 | CV12: ชิ้น | CW12: =+CU12*C12 -> 0 | CX12: =IFERROR(VLOOKUP(A12,'เซต1-31'!V:W,2,0),"0") -> 0 | CY12: ชิ้น | CZ12: =+CX12*CQ12 -> 0
A13: 1111002 | B13: ชิฟฟ่อนไม่มีไส้ แบบกล่อง8ชิ้น รวมรส | C13: 37.17 | D13: 1 | E13: =+D13*F13 -> 2633 | F13: =+I13+L13+O13+R13+U13+X13+AA13+AD13+AG13+AJ13+AM13+AP13+AS13+AV13+AY13+BB13+BE13+BH13+BK13+BN13+BQ13+BT13+BW13+BZ13+CC13+CF13+CI13+CL13+CO13+CR13+CU13+CX13 -> 2633 | G13: กล่อง | H13: =+F13*C13 -> 97868.61 | I13: =IFERROR(VLOOKUP(A13,'1'!U:V,2,0),"0") -> 0 | J13: กล่อง | K13: =+I13*C13 -> 0 | L13: =IFERROR(VLOOKUP(A13,'2'!U:V,2,0),"0") -> 110 | M13: กล่อง | N13: =+L13*C13 -> 4088.7 | O13: =IFERROR(VLOOKUP(A13,'3'!U:V,2,0),"0") -> 123 | P13: กล่อง | Q13: =+O13*C13 -> 4571.91 | R13: =IFERROR(VLOOKUP(A13,'4'!U:V,2,0),"0") -> 79 | S13: กล่อง | T13: =+R13*C13 -> 2936.43 | U13: =IFERROR(VLOOKUP(A13,'5'!U:V,2,0),"0") -> 107 | V13: กล่อง | W13: =+U13*C13 -> 3977.19 | X13: =IFERROR(VLOOKUP(A13,'6'!U:V,2,0),"0") -> 56 | Y13: กล่อง | Z13: =+X13*C13 -> 2081.52 | AA13: =IFERROR(VLOOKUP(A13,'7'!U:V,2,0),"0") -> 31 | AB13: กล่อง | AC13: =+AA13*C13 -> 1152.27 | AD13: =IFERROR(VLOOKUP(A13,'8'!U:V,2,0),"0") -> 81 | AE13: กล่อง | AF13: =+AD13*C13 -> 3010.77 | AG13: =IFERROR(VLOOKUP(A13,'9'!U:V,2,0),"0") -> 110 | AH13: กล่อง | AI13: =+AG13*C13 -> 4088.7 | AJ13: =IFERROR(VLOOKUP(A13,'10'!U:V,2,0),"0") -> 109 | AK13: กล่อง | AL13: =+AJ13*C13 -> 4051.53 | AM13: =IFERROR(VLOOKUP(A13,'11'!U:V,2,0),"0") -> 53 | AN13: กล่อง | AO13: =+AM13*C13 -> 1970.01 | AP13: =IFERROR(VLOOKUP(A13,'12'!U:V,2,0),"0") -> 148 | AQ13: กล่อง | AR13: =+AP13*C13 -> 5501.16 | AS13: =IFERROR(VLOOKUP(A13,'13'!U:V,2,0),"0") -> 77 | AT13: กล่อง | AU13: =+AS13*C13 -> 2862.09 | AV13: =IFERROR(VLOOKUP(A13,'14'!U:V,2,0),"0") -> 114 | AW13: กล่อง | AX13: =+AV13*C13 -> 4237.38 | AY13: =IFERROR(VLOOKUP(A13,'15'!U:V,2,0),"0") -> 119 | AZ13: กล่อง | BA13: =+AY13*C13 -> 4423.23 | BB13: =IFERROR(VLOOKUP(A13,'16'!U:V,2,0),"0") -> 77 | BC13: กล่อง | BD13: =+BB13*C13 -> 2862.09 | BE13: =IFERROR(VLOOKUP(A13,'17'!U:V,2,0),"0") -> 130 | BF13: กล่อง | BG13: =+BE13*C13 -> 4832.1 | BH13: =IFERROR(VLOOKUP(A13,'18'!U:V,2,0),"0") -> 69 | BI13: กล่อง | BJ13: =+BH13*C13 -> 2564.73 | BK13: =IFERROR(VLOOKUP(A13,'19'!U:V,2,0),"0") -> 55 | BL13: กล่อง | BM13: =+BK13*C13 -> 2044.35 | BN13: =IFERROR(VLOOKUP(A13,'20'!U:V,2,0),"0") -> 113 | BO13: กล่อง | BP13: =+BN13*C13 -> 4200.21 | BQ13: =IFERROR(VLOOKUP(A13,'21'!U:V,2,0),"0") -> 66 | BR13: กล่อง | BS13: =+BQ13*C13 -> 2453.22 | BT13: =IFERROR(VLOOKUP(A13,'22'!U:V,2,0),"0") -> 82 | BU13: กล่อง | BV13: =+BT13*C13 -> 3047.94 | BW13: =IFERROR(VLOOKUP(A13,'23'!U:V,2,0),"0") -> 104 | BX13: กล่อง | BY13: =+BW13*C13 -> 3865.68 | BZ13: =IFERROR(VLOOKUP(A13,'24'!U:V,2,0),"0") -> 89 | CA13: กล่อง | CB13: =+BZ13*C13 -> 3308.13 | CC13: =IFERROR(VLOOKUP(A13,'25'!U:V,2,0),"0") -> 69 | CD13: กล่อง | CE13: =+CC13*C13 -> 2564.73 | CF13: =IFERROR(VLOOKUP(A13,'26'!U:V,2,0),"0") -> 150 | CG13: กล่อง | CH13: =+CF13*C13 -> 5575.5 | CI13: =IFERROR(VLOOKUP(A13,'27'!U:V,2,0),"0") -> 142 | CJ13: กล่อง | CK13: =+CI13*C13 -> 5278.14 | CL13: =IFERROR(VLOOKUP(A13,'28'!U:V,2,0),"0") -> 170 | CM13: กล่อง | CN13: =+CL13*C13 -> 6318.9 | CO13: =IFERROR(VLOOKUP(A13,'29'!U:V,2,0),"0") -> 0 | CP13: กล่อง | CQ13: =+CO13*C13 -> 0 | CR13: =IFERROR(VLOOKUP(A13,'30'!U:V,2,0),"0") -> 0 | CS13: กล่อง | CT13: =+CR13*C13 -> 0 | CU13: =IFERROR(VLOOKUP(A13,'31'!U:V,2,0),"0") -> 0 | CV13: กล่อง | CW13: =+CU13*C13 -> 0 | CX13: =IFERROR(VLOOKUP(A13,'เซต1-31'!V:W,2,0),"0") -> 0 | CY13: กล่อง | CZ13: =+CX13*CQ13 -> 0
A14: 1111002-A | B14: ชิฟฟ่อนไม่มีไส้ แบบกล่อง8ชิ้น รวมรส (รวมรส) | C14: 37.17 | D14: 1 | E14: =+D14*F14 -> 0 | F14: =+I14+L14+O14+R14+U14+X14+AA14+AD14+AG14+AJ14+AM14+AP14+AS14+AV14+AY14+BB14+BE14+BH14+BK14+BN14+BQ14+BT14+BW14+BZ14+CC14+CF14+CI14+CL14+CO14+CR14+CU14+CX14 -> 0 | G14: กล่อง | H14: =+F14*C14 -> 0 | I14: =IFERROR(VLOOKUP(A14,'1'!U:V,2,0),"0") -> 0 | J14: กล่อง | K14: =+I14*C14 -> 0 | L14: =IFERROR(VLOOKUP(A14,'2'!U:V,2,0),"0") -> 0 | M14: กล่อง | N14: =+L14*C14 -> 0 | O14: =IFERROR(VLOOKUP(A14,'3'!U:V,2,0),"0") -> 0 | P14: กล่อง | Q14: =+O14*C14 -> 0 | R14: =IFERROR(VLOOKUP(A14,'4'!U:V,2,0),"0") -> 0 | S14: กล่อง | T14: =+R14*C14 -> 0 | U14: =IFERROR(VLOOKUP(A14,'5'!U:V,2,0),"0") -> 0 | V14: กล่อง | W14: =+U14*C14 -> 0 | X14: =IFERROR(VLOOKUP(A14,'6'!U:V,2,0),"0") -> 0 | Y14: กล่อง | Z14: =+X14*C14 -> 0 | AA14: =IFERROR(VLOOKUP(A14,'7'!U:V,2,0),"0") -> 0 | AB14: กล่อง | AC14: =+AA14*C14 -> 0 | AD14: =IFERROR(VLOOKUP(A14,'8'!U:V,2,0),"0") -> 0 | AE14: กล่อง | AF14: =+AD14*C14 -> 0 | AG14: =IFERROR(VLOOKUP(A14,'9'!U:V,2,0),"0") -> 0 | AH14: กล่อง | AI14: =+AG14*C14 -> 0 | AJ14: =IFERROR(VLOOKUP(A14,'10'!U:V,2,0),"0") -> 0 | AK14: กล่อง | AL14: =+AJ14*C14 -> 0 | AM14: =IFERROR(VLOOKUP(A14,'11'!U:V,2,0),"0") -> 0 | AN14: กล่อง | AO14: =+AM14*C14 -> 0 | AP14: =IFERROR(VLOOKUP(A14,'12'!U:V,2,0),"0") -> 0 | AQ14: กล่อง | AR14: =+AP14*C14 -> 0 | AS14: =IFERROR(VLOOKUP(A14,'13'!U:V,2,0),"0") -> 0 | AT14: กล่อง | AU14: =+AS14*C14 -> 0 | AV14: =IFERROR(VLOOKUP(A14,'14'!U:V,2,0),"0") -> 0 | AW14: กล่อง | AX14: =+AV14*C14 -> 0 | AY14: =IFERROR(VLOOKUP(A14,'15'!U:V,2,0),"0") -> 0 | AZ14: กล่อง | BA14: =+AY14*C14 -> 0 | BB14: =IFERROR(VLOOKUP(A14,'16'!U:V,2,0),"0") -> 0 | BC14: กล่อง | BD14: =+BB14*C14 -> 0 | BE14: =IFERROR(VLOOKUP(A14,'17'!U:V,2,0),"0") -> 0 | BF14: กล่อง | BG14: =+BE14*C14 -> 0 | BH14: =IFERROR(VLOOKUP(A14,'18'!U:V,2,0),"0") -> 0 | BI14: กล่อง | BJ14: =+BH14*C14 -> 0 | BK14: =IFERROR(VLOOKUP(A14,'19'!U:V,2,0),"0") -> 0 | BL14: กล่อง | BM14: =+BK14*C14 -> 0 | BN14: =IFERROR(VLOOKUP(A14,'20'!U:V,2,0),"0") -> 0 | BO14: กล่อง | BP14: =+BN14*C14 -> 0 | BQ14: =IFERROR(VLOOKUP(A14,'21'!U:V,2,0),"0") -> 0 | BR14: กล่อง | BS14: =+BQ14*C14 -> 0 | BT14: =IFERROR(VLOOKUP(A14,'22'!U:V,2,0),"0") -> 0 | BU14: กล่อง | BV14: =+BT14*C14 -> 0 | BW14: =IFERROR(VLOOKUP(A14,'23'!U:V,2,0),"0") -> 0 | BX14: กล่อง | BY14: =+BW14*C14 -> 0 | BZ14: =IFERROR(VLOOKUP(A14,'24'!U:V,2,0),"0") -> 0 | CA14: กล่อง | CB14: =+BZ14*C14 -> 0 | CC14: =IFERROR(VLOOKUP(A14,'25'!U:V,2,0),"0") -> 0 | CD14: กล่อง | CE14: =+CC14*C14 -> 0 | CF14: =IFERROR(VLOOKUP(A14,'26'!U:V,2,0),"0") -> 0 | CG14: กล่อง | CH14: =+CF14*C14 -> 0 | CI14: =IFERROR(VLOOKUP(A14,'27'!U:V,2,0),"0") -> 0 | CJ14: กล่อง | CK14: =+CI14*C14 -> 0 | CL14: =IFERROR(VLOOKUP(A14,'28'!U:V,2,0),"0") -> 0 | CM14: กล่อง | CN14: =+CL14*C14 -> 0 | CO14: =IFERROR(VLOOKUP(A14,'29'!U:V,2,0),"0") -> 0 | CP14: กล่อง | CQ14: =+CO14*C14 -> 0 | CR14: =IFERROR(VLOOKUP(A14,'30'!U:V,2,0),"0") -> 0 | CS14: กล่อง | CT14: =+CR14*C14 -> 0 | CU14: =IFERROR(VLOOKUP(A14,'31'!U:V,2,0),"0") -> 0 | CV14: กล่อง | CW14: =+CU14*C14 -> 0 | CX14: =IFERROR(VLOOKUP(A14,'เซต1-31'!V:W,2,0),"0") -> 0 | CY14: กล่อง | CZ14: =+CX14*CQ14 -> 0
A15: 1111002-M | B15: ชิฟฟ่อนรวมรส แบบไม่มีไส้ 1 กล่องมี 8 ชิ้น เก็บได้ 20 วัน คละรสชาติให้ นุ่ม หอม อร่อย วรรณวนัช | C15: 37.17 | D15: 1 | E15: =+D15*F15 -> 0 | F15: =+I15+L15+O15+R15+U15+X15+AA15+AD15+AG15+AJ15+AM15+AP15+AS15+AV15+AY15+BB15+BE15+BH15+BK15+BN15+BQ15+BT15+BW15+BZ15+CC15+CF15+CI15+CL15+CO15+CR15+CU15+CX15 -> 0 | G15: กล่อง | H15: =+F15*C15 -> 0 | I15: =IFERROR(VLOOKUP(A15,'1'!U:V,2,0),"0") -> 0 | J15: กล่อง | K15: =+I15*C15 -> 0 | L15: =IFERROR(VLOOKUP(A15,'2'!U:V,2,0),"0") -> 0 | M15: กล่อง | N15: =+L15*C15 -> 0 | O15: =IFERROR(VLOOKUP(A15,'3'!U:V,2,0),"0") -> 0 | P15: กล่อง | Q15: =+O15*C15 -> 0 | R15: =IFERROR(VLOOKUP(A15,'4'!U:V,2,0),"0") -> 0 | S15: กล่อง | T15: =+R15*C15 -> 0 | U15: =IFERROR(VLOOKUP(A15,'5'!U:V,2,0),"0") -> 0 | V15: กล่อง | W15: =+U15*C15 -> 0 | X15: =IFERROR(VLOOKUP(A15,'6'!U:V,2,0),"0") -> 0 | Y15: กล่อง | Z15: =+X15*C15 -> 0 | AA15: =IFERROR(VLOOKUP(A15,'7'!U:V,2,0),"0") -> 0 | AB15: กล่อง | AC15: =+AA15*C15 -> 0 | AD15: =IFERROR(VLOOKUP(A15,'8'!U:V,2,0),"0") -> 0 | AE15: กล่อง | AF15: =+AD15*C15 -> 0 | AG15: =IFERROR(VLOOKUP(A15,'9'!U:V,2,0),"0") -> 0 | AH15: กล่อง | AI15: =+AG15*C15 -> 0 | AJ15: =IFERROR(VLOOKUP(A15,'10'!U:V,2,0),"0") -> 0 | AK15: กล่อง | AL15: =+AJ15*C15 -> 0 | AM15: =IFERROR(VLOOKUP(A15,'11'!U:V,2,0),"0") -> 0 | AN15: กล่อง | AO15: =+AM15*C15 -> 0 | AP15: =IFERROR(VLOOKUP(A15,'12'!U:V,2,0),"0") -> 0 | AQ15: กล่อง | AR15: =+AP15*C15 -> 0 | AS15: =IFERROR(VLOOKUP(A15,'13'!U:V,2,0),"0") -> 0 | AT15: กล่อง | AU15: =+AS15*C15 -> 0 | AV15: =IFERROR(VLOOKUP(A15,'14'!U:V,2,0),"0") -> 0 | AW15: กล่อง | AX15: =+AV15*C15 -> 0 | AY15: =IFERROR(VLOOKUP(A15,'15'!U:V,2,0),"0") -> 0 | AZ15: กล่อง | BA15: =+AY15*C15 -> 0 | BB15: =IFERROR(VLOOKUP(A15,'16'!U:V,2,0),"0") -> 0 | BC15: กล่อง | BD15: =+BB15*C15 -> 0 | BE15: =IFERROR(VLOOKUP(A15,'17'!U:V,2,0),"0") -> 0 | BF15: กล่อง | BG15: =+BE15*C15 -> 0 | BH15: =IFERROR(VLOOKUP(A15,'18'!U:V,2,0),"0") -> 0 | BI15: กล่อง | BJ15: =+BH15*C15 -> 0 | BK15: =IFERROR(VLOOKUP(A15,'19'!U:V,2,0),"0") -> 0 | BL15: กล่อง | BM15: =+BK15*C15 -> 0 | BN15: =IFERROR(VLOOKUP(A15,'20'!U:V,2,0),"0") -> 0 | BO15: กล่อง | BP15: =+BN15*C15 -> 0 | BQ15: =IFERROR(VLOOKUP(A15,'21'!U:V,2,0),"0") -> 0 | BR15: กล่อง | BS15: =+BQ15*C15 -> 0 | BT15: =IFERROR(VLOOKUP(A15,'22'!U:V,2,0),"0") -> 0 | BU15: กล่อง | BV15: =+BT15*C15 -> 0 | BW15: =IFERROR(VLOOKUP(A15,'23'!U:V,2,0),"0") -> 0 | BX15: กล่อง | BY15: =+BW15*C15 -> 0 | BZ15: =IFERROR(VLOOKUP(A15,'24'!U:V,2,0),"0") -> 0 | CA15: กล่อง | CB15: =+BZ15*C15 -> 0 | CC15: =IFERROR(VLOOKUP(A15,'25'!U:V,2,0),"0") -> 0 | CD15: กล่อง | CE15: =+CC15*C15 -> 0 | CF15: =IFERROR(VLOOKUP(A15,'26'!U:V,2,0),"0") -> 0 | CG15: กล่อง | CH15: =+CF15*C15 -> 0 | CI15: =IFERROR(VLOOKUP(A15,'27'!U:V,2,0),"0") -> 0 | CJ15: กล่อง | CK15: =+CI15*C15 -> 0 | CL15: =IFERROR(VLOOKUP(A15,'28'!U:V,2,0),"0") -> 0 | CM15: กล่อง | CN15: =+CL15*C15 -> 0 | CO15: =IFERROR(VLOOKUP(A15,'29'!U:V,2,0),"0") -> 0 | CP15: กล่อง | CQ15: =+CO15*C15 -> 0 | CR15: =IFERROR(VLOOKUP(A15,'30'!U:V,2,0),"0") -> 0 | CS15: กล่อง | CT15: =+CR15*C15 -> 0 | CU15: =IFERROR(VLOOKUP(A15,'31'!U:V,2,0),"0") -> 0 | CV15: กล่อง | CW15: =+CU15*C15 -> 0 | CX15: =IFERROR(VLOOKUP(A15,'เซต1-31'!V:W,2,0),"0") -> 0 | CY15: กล่อง | CZ15: =+CX15*CQ15 -> 0
A16: 1111008 | B16: ชิฟฟ่อน สอดไส้แยม ขนาด3 ชิ้น มีรสให้เลือก 7 รส (รวมรส) | C16: 11.38 | D16: 1 | E16: =+D16*F16 -> 2208 | F16: =+I16+L16+O16+R16+U16+X16+AA16+AD16+AG16+AJ16+AM16+AP16+AS16+AV16+AY16+BB16+BE16+BH16+BK16+BN16+BQ16+BT16+BW16+BZ16+CC16+CF16+CI16+CL16+CO16+CR16+CU16+CX16 -> 2208 | G16: กล่อง | H16: =+F16*C16 -> 25127.04 | I16: =IFERROR(VLOOKUP(A16,'1'!U:V,2,0),"0") -> 0 | J16: กล่อง | K16: =+I16*C16 -> 0 | L16: =IFERROR(VLOOKUP(A16,'2'!U:V,2,0),"0") -> 167 | M16: กล่อง | N16: =+L16*C16 -> 1900.46 | O16: =IFERROR(VLOOKUP(A16,'3'!U:V,2,0),"0") -> 162 | P16: กล่อง | Q16: =+O16*C16 -> 1843.56 | R16: =IFERROR(VLOOKUP(A16,'4'!U:V,2,0),"0") -> 79 | S16: กล่อง | T16: =+R16*C16 -> 899.02 | U16: =IFERROR(VLOOKUP(A16,'5'!U:V,2,0),"0") -> 38 | V16: กล่อง | W16: =+U16*C16 -> 432.44 | X16: =IFERROR(VLOOKUP(A16,'6'!U:V,2,0),"0") -> 91 | Y16: กล่อง | Z16: =+X16*C16 -> 1035.58 | AA16: =IFERROR(VLOOKUP(A16,'7'!U:V,2,0),"0") -> 62 | AB16: กล่อง | AC16: =+AA16*C16 -> 705.56 | AD16: =IFERROR(VLOOKUP(A16,'8'!U:V,2,0),"0") -> 103 | AE16: กล่อง | AF16: =+AD16*C16 -> 1172.14 | AG16: =IFERROR(VLOOKUP(A16,'9'!U:V,2,0),"0") -> 110 | AH16: กล่อง | AI16: =+AG16*C16 -> 1251.8 | AJ16: =IFERROR(VLOOKUP(A16,'10'!U:V,2,0),"0") -> 45 | AK16: กล่อง | AL16: =+AJ16*C16 -> 512.1 | AM16: =IFERROR(VLOOKUP(A16,'11'!U:V,2,0),"0") -> 162 | AN16: กล่อง | AO16: =+AM16*C16 -> 1843.56 | AP16: =IFERROR(VLOOKUP(A16,'12'!U:V,2,0),"0") -> 64 | AQ16: กล่อง | AR16: =+AP16*C16 -> 728.32 | AS16: =IFERROR(VLOOKUP(A16,'13'!U:V,2,0),"0") -> 121 | AT16: กล่อง | AU16: =+AS16*C16 -> 1376.98 | AV16: =IFERROR(VLOOKUP(A16,'14'!U:V,2,0),"0") -> 44 | AW16: กล่อง | AX16: =+AV16*C16 -> 500.72 | AY16: =IFERROR(VLOOKUP(A16,'15'!U:V,2,0),"0") -> 110 | AZ16: กล่อง | BA16: =+AY16*C16 -> 1251.8 | BB16: =IFERROR(VLOOKUP(A16,'16'!U:V,2,0),"0") -> 72 | BC16: กล่อง | BD16: =+BB16*C16 -> 819.36 | BE16: =IFERROR(VLOOKUP(A16,'17'!U:V,2,0),"0") -> 37 | BF16: กล่อง | BG16: =+BE16*C16 -> 421.06 | BH16: =IFERROR(VLOOKUP(A16,'18'!U:V,2,0),"0") -> 78 | BI16: กล่อง | BJ16: =+BH16*C16 -> 887.64 | BK16: =IFERROR(VLOOKUP(A16,'19'!U:V,2,0),"0") -> 57 | BL16: กล่อง | BM16: =+BK16*C16 -> 648.66 | BN16: =IFERROR(VLOOKUP(A16,'20'!U:V,2,0),"0") -> 71 | BO16: กล่อง | BP16: =+BN16*C16 -> 807.98 | BQ16: =IFERROR(VLOOKUP(A16,'21'!U:V,2,0),"0") -> 52 | BR16: กล่อง | BS16: =+BQ16*C16 -> 591.76 | BT16: =IFERROR(VLOOKUP(A16,'22'!U:V,2,0),"0") -> 51 | BU16: กล่อง | BV16: =+BT16*C16 -> 580.38 | BW16: =IFERROR(VLOOKUP(A16,'23'!U:V,2,0),"0") -> 83 | BX16: กล่อง | BY16: =+BW16*C16 -> 944.54 | BZ16: =IFERROR(VLOOKUP(A16,'24'!U:V,2,0),"0") -> 78 | CA16: กล่อง | CB16: =+BZ16*C16 -> 887.64 | CC16: =IFERROR(VLOOKUP(A16,'25'!U:V,2,0),"0") -> 75 | CD16: กล่อง | CE16: =+CC16*C16 -> 853.5 | CF16: =IFERROR(VLOOKUP(A16,'26'!U:V,2,0),"0") -> 63 | CG16: กล่อง | CH16: =+CF16*C16 -> 716.94 | CI16: =IFERROR(VLOOKUP(A16,'27'!U:V,2,0),"0") -> 58 | CJ16: กล่อง | CK16: =+CI16*C16 -> 660.04 | CL16: =IFERROR(VLOOKUP(A16,'28'!U:V,2,0),"0") -> 75 | CM16: กล่อง | CN16: =+CL16*C16 -> 853.5 | CO16: =IFERROR(VLOOKUP(A16,'29'!U:V,2,0),"0") -> 0 | CP16: กล่อง | CQ16: =+CO16*C16 -> 0 | CR16: =IFERROR(VLOOKUP(A16,'30'!U:V,2,0),"0") -> 0 | CS16: กล่อง | CT16: =+CR16*C16 -> 0 | CU16: =IFERROR(VLOOKUP(A16,'31'!U:V,2,0),"0") -> 0 | CV16: กล่อง | CW16: =+CU16*C16 -> 0 | CX16: =IFERROR(VLOOKUP(A16,'เซต1-31'!V:W,2,0),"0") -> 0 | CY16: กล่อง | CZ16: =+CX16*CQ16 -> 0
... A110: ปกค1 | B110: ปังกรอบคาราเมล | C110: 17.5 | D110: 1 | E110: =+D110*F110 -> 0 | F110: =+I110+L110+O110+R110+U110+X110+AA110+AD110+AG110+AJ110+AM110+AP110+AS110+AV110+AY110+BB110+BE110+BH110+BK110+BN110+BQ110+BT110+BW110+BZ110+CC110+CF110+CI110+CL110+CO110+CR110+CU110+CX110 -> 0 | G110: ถุง | H110: =+F110*C110 -> 0 | I110: =IFERROR(VLOOKUP(A110,'1'!U:V,2,0),"0") -> 0 | J110: ถุง | K110: =+I110*C110 -> 0 | L110: =IFERROR(VLOOKUP(A110,'2'!U:V,2,0),"0") -> 0 | M110: ถุง | N110: =+L110*C110 -> 0 | O110: =IFERROR(VLOOKUP(A110,'3'!U:V,2,0),"0") -> 0 | P110: ถุง | Q110: =+O110*C110 -> 0 | R110: =IFERROR(VLOOKUP(A110,'4'!U:V,2,0),"0") -> 0 | S110: ถุง | T110: =+R110*C110 -> 0 | U110: =IFERROR(VLOOKUP(A110,'5'!U:V,2,0),"0") -> 0 | V110: ถุง | W110: =+U110*C110 -> 0 | X110: =IFERROR(VLOOKUP(A110,'6'!U:V,2,0),"0") -> 0 | Y110: ถุง | Z110: =+X110*C110 -> 0 | AA110: =IFERROR(VLOOKUP(A110,'7'!U:V,2,0),"0") -> 0 | AB110: ถุง | AC110: =+AA110*C110 -> 0 | AD110: =IFERROR(VLOOKUP(A110,'8'!U:V,2,0),"0") -> 0 | AE110: ถุง | AF110: =+AD110*C110 -> 0 | AG110: =IFERROR(VLOOKUP(A110,'9'!U:V,2,0),"0") -> 0 | AH110: ถุง | AI110: =+AG110*C110 -> 0 | AJ110: =IFERROR(VLOOKUP(A110,'10'!U:V,2,0),"0") -> 0 | AK110: ถุง | AL110: =+AJ110*C110 -> 0 | AM110: =IFERROR(VLOOKUP(A110,'11'!U:V,2,0),"0") -> 0 | AN110: ถุง | AO110: =+AM110*C110 -> 0 | AP110: =IFERROR(VLOOKUP(A110,'12'!U:V,2,0),"0") -> 0 | AQ110: ถุง | AR110: =+AP110*C110 -> 0 | AS110: =IFERROR(VLOOKUP(A110,'13'!U:V,2,0),"0") -> 0 | AT110: ถุง | AU110: =+AS110*C110 -> 0 | AV110: =IFERROR(VLOOKUP(A110,'14'!U:V,2,0),"0") -> 0 | AW110: ถุง | AX110: =+AV110*C110 -> 0 | AY110: =IFERROR(VLOOKUP(A110,'15'!U:V,2,0),"0") -> 0 | AZ110: ถุง | BA110: =+AY110*C110 -> 0 | BB110: =IFERROR(VLOOKUP(A110,'16'!U:V,2,0),"0") -> 0 | BC110: ถุง | BD110: =+BB110*C110 -> 0 | BE110: =IFERROR(VLOOKUP(A110,'17'!U:V,2,0),"0") -> 0 | BF110: ถุง | BG110: =+BE110*C110 -> 0 | BH110: =IFERROR(VLOOKUP(A110,'18'!U:V,2,0),"0") -> 0 | BI110: ถุง | BJ110: =+BH110*C110 -> 0 | BK110: =IFERROR(VLOOKUP(A110,'19'!U:V,2,0),"0") -> 0 | BL110: ถุง | BM110: =+BK110*C110 -> 0 | BN110: =IFERROR(VLOOKUP(A110,'20'!U:V,2,0),"0") -> 0 | BO110: ถุง | BP110: =+BN110*C110 -> 0 | BQ110: =IFERROR(VLOOKUP(A110,'21'!U:V,2,0),"0") -> 0 | BR110: ถุง | BS110: =+BQ110*C110 -> 0 | BT110: =IFERROR(VLOOKUP(A110,'22'!U:V,2,0),"0") -> 0 | BU110: ถุง | BV110: =+BT110*C110 -> 0 | BW110: =IFERROR(VLOOKUP(A110,'23'!U:V,2,0),"0") -> 0 | BX110: ถุง | BY110: =+BW110*C110 -> 0 | BZ110: =IFERROR(VLOOKUP(A110,'24'!U:V,2,0),"0") -> 0 | CA110: ถุง | CB110: =+BZ110*C110 -> 0 | CC110: =IFERROR(VLOOKUP(A110,'25'!U:V,2,0),"0") -> 0 | CD110: ถุง | CE110: =+CC110*C110 -> 0 | CF110: =IFERROR(VLOOKUP(A110,'26'!U:V,2,0),"0") -> 0 | CG110: ถุง | CH110: =+CF110*C110 -> 0 | CI110: =IFERROR(VLOOKUP(A110,'27'!U:V,2,0),"0") -> 0 | CJ110: ถุง | CK110: =+CI110*C110 -> 0 | CL110: =IFERROR(VLOOKUP(A110,'28'!U:V,2,0),"0") -> 0 | CM110: ถุง | CN110: =+CL110*C110 -> 0 | CO110: =IFERROR(VLOOKUP(A110,'29'!U:V,2,0),"0") -> 0 | CP110: ถุง | CQ110: =+CO110*C110 -> 0 | CR110: =IFERROR(VLOOKUP(A110,'30'!U:V,2,0),"0") -> 0 | CS110: ถุง | CT110: =+CR110*C110 -> 0 | CU110: =IFERROR(VLOOKUP(A110,'31'!U:V,2,0),"0") -> 0 | CV110: ถุง | CW110: =+CU110*C110 -> 0 | CX110: =IFERROR(VLOOKUP(A110,'เซต1-31'!V:W,2,0),"0") -> 0 | CY110: ถุง | CZ110: =+CX110*CQ110 -> 0
A111: เศษปัง | B111: เศษขนมปังปลา1กก. | C111: =7.5*1 -> 7.5 | D111: 1 | E111: =+D111*F111 -> 0 | F111: =+I111+L111+O111+R111+U111+X111+AA111+AD111+AG111+AJ111+AM111+AP111+AS111+AV111+AY111+BB111+BE111+BH111+BK111+BN111+BQ111+BT111+BW111+BZ111+CC111+CF111+CI111+CL111+CO111+CR111+CU111+CX111 -> 0 | G111: กิโลกรัม | H111: =+F111*C111 -> 0 | I111: =IFERROR(VLOOKUP(A111,'1'!U:V,2,0),"0") -> 0 | J111: กิโลกรัม | K111: =+I111*C111 -> 0 | L111: =IFERROR(VLOOKUP(A111,'2'!U:V,2,0),"0") -> 0 | M111: กิโลกรัม | N111: =+L111*C111 -> 0 | O111: =IFERROR(VLOOKUP(A111,'3'!U:V,2,0),"0") -> 0 | P111: กิโลกรัม | Q111: =+O111*C111 -> 0 | R111: =IFERROR(VLOOKUP(A111,'4'!U:V,2,0),"0") -> 0 | S111: กิโลกรัม | T111: =+R111*C111 -> 0 | U111: =IFERROR(VLOOKUP(A111,'5'!U:V,2,0),"0") -> 0 | V111: กิโลกรัม | W111: =+U111*C111 -> 0 | X111: =IFERROR(VLOOKUP(A111,'6'!U:V,2,0),"0") -> 0 | Y111: กิโลกรัม | Z111: =+X111*C111 -> 0 | AA111: =IFERROR(VLOOKUP(A111,'7'!U:V,2,0),"0") -> 0 | AB111: กิโลกรัม | AC111: =+AA111*C111 -> 0 | AD111: =IFERROR(VLOOKUP(A111,'8'!U:V,2,0),"0") -> 0 | AE111: กิโลกรัม | AF111: =+AD111*C111 -> 0 | AG111: =IFERROR(VLOOKUP(A111,'9'!U:V,2,0),"0") -> 0 | AH111: กิโลกรัม | AI111: =+AG111*C111 -> 0 | AJ111: =IFERROR(VLOOKUP(A111,'10'!U:V,2,0),"0") -> 0 | AK111: กิโลกรัม | AL111: =+AJ111*C111 -> 0 | AM111: =IFERROR(VLOOKUP(A111,'11'!U:V,2,0),"0") -> 0 | AN111: กิโลกรัม | AO111: =+AM111*C111 -> 0 | AP111: =IFERROR(VLOOKUP(A111,'12'!U:V,2,0),"0") -> 0 | AQ111: กิโลกรัม | AR111: =+AP111*C111 -> 0 | AS111: =IFERROR(VLOOKUP(A111,'13'!U:V,2,0),"0") -> 0 | AT111: กิโลกรัม | AU111: =+AS111*C111 -> 0 | AV111: =IFERROR(VLOOKUP(A111,'14'!U:V,2,0),"0") -> 0 | AW111: กิโลกรัม | AX111: =+AV111*C111 -> 0 | AY111: =IFERROR(VLOOKUP(A111,'15'!U:V,2,0),"0") -> 0 | AZ111: กิโลกรัม | BA111: =+AY111*C111 -> 0 | BB111: =IFERROR(VLOOKUP(A111,'16'!U:V,2,0),"0") -> 0 | BC111: กิโลกรัม | BD111: =+BB111*C111 -> 0 | BE111: =IFERROR(VLOOKUP(A111,'17'!U:V,2,0),"0") -> 0 | BF111: กิโลกรัม | BG111: =+BE111*C111 -> 0 | BH111: =IFERROR(VLOOKUP(A111,'18'!U:V,2,0),"0") -> 0 | BI111: กิโลกรัม | BJ111: =+BH111*C111 -> 0 | BK111: =IFERROR(VLOOKUP(A111,'19'!U:V,2,0),"0") -> 0 | BL111: กิโลกรัม | BM111: =+BK111*C111 -> 0 | BN111: =IFERROR(VLOOKUP(A111,'20'!U:V,2,0),"0") -> 0 | BO111: กิโลกรัม | BP111: =+BN111*C111 -> 0 | BQ111: =IFERROR(VLOOKUP(A111,'21'!U:V,2,0),"0") -> 0 | BR111: กิโลกรัม | BS111: =+BQ111*C111 -> 0 | BT111: =IFERROR(VLOOKUP(A111,'22'!U:V,2,0),"0") -> 0 | BU111: กิโลกรัม | BV111: =+BT111*C111 -> 0 | BW111: =IFERROR(VLOOKUP(A111,'23'!U:V,2,0),"0") -> 0 | BX111: กิโลกรัม | BY111: =+BW111*C111 -> 0 | BZ111: =IFERROR(VLOOKUP(A111,'24'!U:V,2,0),"0") -> 0 | CA111: กิโลกรัม | CB111: =+BZ111*C111 -> 0 | CC111: =IFERROR(VLOOKUP(A111,'25'!U:V,2,0),"0") -> 0 | CD111: กิโลกรัม | CE111: =+CC111*C111 -> 0 | CF111: =IFERROR(VLOOKUP(A111,'26'!U:V,2,0),"0") -> 0 | CG111: กิโลกรัม | CH111: =+CF111*C111 -> 0 | CI111: =IFERROR(VLOOKUP(A111,'27'!U:V,2,0),"0") -> 0 | CJ111: กิโลกรัม | CK111: =+CI111*C111 -> 0 | CL111: =IFERROR(VLOOKUP(A111,'28'!U:V,2,0),"0") -> 0 | CM111: กิโลกรัม | CN111: =+CL111*C111 -> 0 | CO111: =IFERROR(VLOOKUP(A111,'29'!U:V,2,0),"0") -> 0 | CP111: กิโลกรัม | CQ111: =+CO111*C111 -> 0 | CR111: =IFERROR(VLOOKUP(A111,'30'!U:V,2,0),"0") -> 0 | CS111: กิโลกรัม | CT111: =+CR111*C111 -> 0 | CU111: =IFERROR(VLOOKUP(A111,'31'!U:V,2,0),"0") -> 0 | CV111: กิโลกรัม | CW111: =+CU111*C111 -> 0 | CX111: =IFERROR(VLOOKUP(A111,'เซต1-31'!V:W,2,0),"0") -> 0 | CY111: กิโลกรัม | CZ111: =+CX111*CQ111 -> 0
A112: เศษปัง-1 | B112: เศษขนมปังปลา5กก. | C112: =7.5*5 -> 37.5 | D112: 1 | E112: =+D112*F112 -> 0 | F112: =+I112+L112+O112+R112+U112+X112+AA112+AD112+AG112+AJ112+AM112+AP112+AS112+AV112+AY112+BB112+BE112+BH112+BK112+BN112+BQ112+BT112+BW112+BZ112+CC112+CF112+CI112+CL112+CO112+CR112+CU112+CX112 -> 0 | G112: กิโลกรัม | H112: =+F112*C112 -> 0 | I112: =IFERROR(VLOOKUP(A112,'1'!U:V,2,0),"0") -> 0 | J112: กิโลกรัม | K112: =+I112*C112 -> 0 | L112: =IFERROR(VLOOKUP(A112,'2'!U:V,2,0),"0") -> 0 | M112: กิโลกรัม | N112: =+L112*C112 -> 0 | O112: =IFERROR(VLOOKUP(A112,'3'!U:V,2,0),"0") -> 0 | P112: กิโลกรัม | Q112: =+O112*C112 -> 0 | R112: =IFERROR(VLOOKUP(A112,'4'!U:V,2,0),"0") -> 0 | S112: กิโลกรัม | T112: =+R112*C112 -> 0 | U112: =IFERROR(VLOOKUP(A112,'5'!U:V,2,0),"0") -> 0 | V112: กิโลกรัม | W112: =+U112*C112 -> 0 | X112: =IFERROR(VLOOKUP(A112,'6'!U:V,2,0),"0") -> 0 | Y112: กิโลกรัม | Z112: =+X112*C112 -> 0 | AA112: =IFERROR(VLOOKUP(A112,'7'!U:V,2,0),"0") -> 0 | AB112: กิโลกรัม | AC112: =+AA112*C112 -> 0 | AD112: =IFERROR(VLOOKUP(A112,'8'!U:V,2,0),"0") -> 0 | AE112: กิโลกรัม | AF112: =+AD112*C112 -> 0 | AG112: =IFERROR(VLOOKUP(A112,'9'!U:V,2,0),"0") -> 0 | AH112: กิโลกรัม | AI112: =+AG112*C112 -> 0 | AJ112: =IFERROR(VLOOKUP(A112,'10'!U:V,2,0),"0") -> 0 | AK112: กิโลกรัม | AL112: =+AJ112*C112 -> 0 | AM112: =IFERROR(VLOOKUP(A112,'11'!U:V,2,0),"0") -> 0 | AN112: กิโลกรัม | AO112: =+AM112*C112 -> 0 | AP112: =IFERROR(VLOOKUP(A112,'12'!U:V,2,0),"0") -> 0 | AQ112: กิโลกรัม | AR112: =+AP112*C112 -> 0 | AS112: =IFERROR(VLOOKUP(A112,'13'!U:V,2,0),"0") -> 0 | AT112: กิโลกรัม | AU112: =+AS112*C112 -> 0 | AV112: =IFERROR(VLOOKUP(A112,'14'!U:V,2,0),"0") -> 0 | AW112: กิโลกรัม | AX112: =+AV112*C112 -> 0 | AY112: =IFERROR(VLOOKUP(A112,'15'!U:V,2,0),"0") -> 0 | AZ112: กิโลกรัม | BA112: =+AY112*C112 -> 0 | BB112: =IFERROR(VLOOKUP(A112,'16'!U:V,2,0),"0") -> 0 | BC112: กิโลกรัม | BD112: =+BB112*C112 -> 0 | BE112: =IFERROR(VLOOKUP(A112,'17'!U:V,2,0),"0") -> 0 | BF112: กิโลกรัม | BG112: =+BE112*C112 -> 0 | BH112: =IFERROR(VLOOKUP(A112,'18'!U:V,2,0),"0") -> 0 | BI112: กิโลกรัม | BJ112: =+BH112*C112 -> 0 | BK112: =IFERROR(VLOOKUP(A112,'19'!U:V,2,0),"0") -> 0 | BL112: กิโลกรัม | BM112: =+BK112*C112 -> 0 | BN112: =IFERROR(VLOOKUP(A112,'20'!U:V,2,0),"0") -> 0 | BO112: กิโลกรัม | BP112: =+BN112*C112 -> 0 | BQ112: =IFERROR(VLOOKUP(A112,'21'!U:V,2,0),"0") -> 0 | BR112: กิโลกรัม | BS112: =+BQ112*C112 -> 0 | BT112: =IFERROR(VLOOKUP(A112,'22'!U:V,2,0),"0") -> 0 | BU112: กิโลกรัม | BV112: =+BT112*C112 -> 0 | BW112: =IFERROR(VLOOKUP(A112,'23'!U:V,2,0),"0") -> 0 | BX112: กิโลกรัม | BY112: =+BW112*C112 -> 0 | BZ112: =IFERROR(VLOOKUP(A112,'24'!U:V,2,0),"0") -> 0 | CA112: กิโลกรัม | CB112: =+BZ112*C112 -> 0 | CC112: =IFERROR(VLOOKUP(A112,'25'!U:V,2,0),"0") -> 0 | CD112: กิโลกรัม | CE112: =+CC112*C112 -> 0 | CF112: =IFERROR(VLOOKUP(A112,'26'!U:V,2,0),"0") -> 0 | CG112: กิโลกรัม | CH112: =+CF112*C112 -> 0 | CI112: =IFERROR(VLOOKUP(A112,'27'!U:V,2,0),"0") -> 0 | CJ112: กิโลกรัม | CK112: =+CI112*C112 -> 0 | CL112: =IFERROR(VLOOKUP(A112,'28'!U:V,2,0),"0") -> 0 | CM112: กิโลกรัม | CN112: =+CL112*C112 -> 0 | CO112: =IFERROR(VLOOKUP(A112,'29'!U:V,2,0),"0") -> 0 | CP112: กิโลกรัม | CQ112: =+CO112*C112 -> 0 | CR112: =IFERROR(VLOOKUP(A112,'30'!U:V,2,0),"0") -> 0 | CS112: กิโลกรัม | CT112: =+CR112*C112 -> 0 | CU112: =IFERROR(VLOOKUP(A112,'31'!U:V,2,0),"0") -> 0 | CV112: กิโลกรัม | CW112: =+CU112*C112 -> 0 | CX112: =IFERROR(VLOOKUP(A112,'เซต1-31'!V:W,2,0),"0") -> 0 | CY112: กิโลกรัม | CZ112: =+CX112*CQ112 -> 0
A113: สอดไส้คละ 1ชิ้น | B113: ชิฟฟอนสอดไส้ เเบบเเยกชิ้น ชิฟฟ่อนเค้ก ชิฟฟ่อนคละรสชาติ (Default) | C113: 4.5 | D113: 1 | E113: =+D113*F113 -> 2 | F113: =+I113+L113+O113+R113+U113+X113+AA113+AD113+AG113+AJ113+AM113+AP113+AS113+AV113+AY113+BB113+BE113+BH113+BK113+BN113+BQ113+BT113+BW113+BZ113+CC113+CF113+CI113+CL113+CO113+CR113+CU113+CX113 -> 2 | G113: ชิ้น | H113: =+F113*C113 -> 9 | I113: =IFERROR(VLOOKUP(A113,'1'!U:V,2,0),"0") -> 0 | J113: ชิ้น | K113: =+I113*C113 -> 0 | L113: =IFERROR(VLOOKUP(A113,'2'!U:V,2,0),"0") -> 0 | M113: ชิ้น | N113: =+L113*C113 -> 0 | O113: =IFERROR(VLOOKUP(A113,'3'!U:V,2,0),"0") -> 0 | P113: ชิ้น | Q113: =+O113*C113 -> 0 | R113: =IFERROR(VLOOKUP(A113,'4'!U:V,2,0),"0") -> 0 | S113: ชิ้น | T113: =+R113*C113 -> 0 | U113: =IFERROR(VLOOKUP(A113,'5'!U:V,2,0),"0") -> 0 | V113: ชิ้น | W113: =+U113*C113 -> 0 | X113: =IFERROR(VLOOKUP(A113,'6'!U:V,2,0),"0") -> 0 | Y113: ชิ้น | Z113: =+X113*C113 -> 0 | AA113: =IFERROR(VLOOKUP(A113,'7'!U:V,2,0),"0") -> 0 | AB113: ชิ้น | AC113: =+AA113*C113 -> 0 | AD113: =IFERROR(VLOOKUP(A113,'8'!U:V,2,0),"0") -> 0 | AE113: ชิ้น | AF113: =+AD113*C113 -> 0 | AG113: =IFERROR(VLOOKUP(A113,'9'!U:V,2,0),"0") -> 0 | AH113: ชิ้น | AI113: =+AG113*C113 -> 0 | AJ113: =IFERROR(VLOOKUP(A113,'10'!U:V,2,0),"0") -> 0 | AK113: ชิ้น | AL113: =+AJ113*C113 -> 0 | AM113: =IFERROR(VLOOKUP(A113,'11'!U:V,2,0),"0") -> 0 | AN113: ชิ้น | AO113: =+AM113*C113 -> 0 | AP113: =IFERROR(VLOOKUP(A113,'12'!U:V,2,0),"0") -> 0 | AQ113: ชิ้น | AR113: =+AP113*C113 -> 0 | AS113: =IFERROR(VLOOKUP(A113,'13'!U:V,2,0),"0") -> 1 | AT113: ชิ้น | AU113: =+AS113*C113 -> 4.5 | AV113: =IFERROR(VLOOKUP(A113,'14'!U:V,2,0),"0") -> 0 | AW113: ชิ้น | AX113: =+AV113*C113 -> 0 | AY113: =IFERROR(VLOOKUP(A113,'15'!U:V,2,0),"0") -> 0 | AZ113: ชิ้น | BA113: =+AY113*C113 -> 0 | BB113: =IFERROR(VLOOKUP(A113,'16'!U:V,2,0),"0") -> 0 | BC113: ชิ้น | BD113: =+BB113*C113 -> 0 | BE113: =IFERROR(VLOOKUP(A113,'17'!U:V,2,0),"0") -> 0 | BF113: ชิ้น | BG113: =+BE113*C113 -> 0 | BH113: =IFERROR(VLOOKUP(A113,'18'!U:V,2,0),"0") -> 0 | BI113: ชิ้น | BJ113: =+BH113*C113 -> 0 | BK113: =IFERROR(VLOOKUP(A113,'19'!U:V,2,0),"0") -> 0 | BL113: ชิ้น | BM113: =+BK113*C113 -> 0 | BN113: =IFERROR(VLOOKUP(A113,'20'!U:V,2,0),"0") -> 0 | BO113: ชิ้น | BP113: =+BN113*C113 -> 0 | BQ113: =IFERROR(VLOOKUP(A113,'21'!U:V,2,0),"0") -> 0 | BR113: ชิ้น | BS113: =+BQ113*C113 -> 0 | BT113: =IFERROR(VLOOKUP(A113,'22'!U:V,2,0),"0") -> 0 | BU113: ชิ้น | BV113: =+BT113*C113 -> 0 | BW113: =IFERROR(VLOOKUP(A113,'23'!U:V,2,0),"0") -> 0 | BX113: ชิ้น | BY113: =+BW113*C113 -> 0 | BZ113: =IFERROR(VLOOKUP(A113,'24'!U:V,2,0),"0") -> 0 | CA113: ชิ้น | CB113: =+BZ113*C113 -> 0 | CC113: =IFERROR(VLOOKUP(A113,'25'!U:V,2,0),"0") -> 0 | CD113: ชิ้น | CE113: =+CC113*C113 -> 0 | CF113: =IFERROR(VLOOKUP(A113,'26'!U:V,2,0),"0") -> 1 | CG113: ชิ้น | CH113: =+CF113*C113 -> 4.5 | CI113: =IFERROR(VLOOKUP(A113,'27'!U:V,2,0),"0") -> 0 | CJ113: ชิ้น | CK113: =+CI113*C113 -> 0 | CL113: =IFERROR(VLOOKUP(A113,'28'!U:V,2,0),"0") -> 0 | CM113: ชิ้น | CN113: =+CL113*C113 -> 0 | CO113: =IFERROR(VLOOKUP(A113,'29'!U:V,2,0),"0") -> 0 | CP113: ชิ้น | CQ113: =+CO113*C113 -> 0 | CR113: =IFERROR(VLOOKUP(A113,'30'!U:V,2,0),"0") -> 0 | CS113: ชิ้น | CT113: =+CR113*C113 -> 0 | CU113: =IFERROR(VLOOKUP(A113,'31'!U:V,2,0),"0") -> 0 | CV113: ชิ้น | CW113: =+CU113*C113 -> 0 | CX113: =IFERROR(VLOOKUP(A113,'เซต1-31'!V:W,2,0),"0") -> 0 | CY113: ชิ้น | CZ113: =+CX113*CQ113 -> 0
A114: 1112010 | B114: เค้กเบาหวิว ใหญ่ 1 กล่องขนาด 300 กรัม (ฝอยทอง) | C114: 26.81 | D114: 1 | E114: =+D114*F114 -> 0 | F114: =+I114+L114+O114+R114+U114+X114+AA114+AD114+AG114+AJ114+AM114+AP114+AS114+AV114+AY114+BB114+BE114+BH114+BK114+BN114+BQ114+BT114+BW114+BZ114+CC114+CF114+CI114+CL114+CO114+CR114+CU114+CX114 -> 0 | G114: กล่อง | H114: =+F114*C114 -> 0 | I114: =IFERROR(VLOOKUP(A114,'1'!U:V,2,0),"0") -> 0 | J114: กล่อง | K114: =+I114*C114 -> 0 | L114: =IFERROR(VLOOKUP(A114,'2'!U:V,2,0),"0") -> 0 | M114: กล่อง | N114: =+L114*C114 -> 0 | O114: =IFERROR(VLOOKUP(A114,'3'!U:V,2,0),"0") -> 0 | P114: กล่อง | Q114: =+O114*C114 -> 0 | R114: =IFERROR(VLOOKUP(A114,'4'!U:V,2,0),"0") -> 0 | S114: กล่อง | T114: =+R114*C114 -> 0 | U114: =IFERROR(VLOOKUP(A114,'5'!U:V,2,0),"0") -> 0 | V114: กล่อง | W114: =+U114*C114 -> 0 | X114: =IFERROR(VLOOKUP(A114,'6'!U:V,2,0),"0") -> 0 | Y114: กล่อง | Z114: =+X114*C114 -> 0 | AA114: =IFERROR(VLOOKUP(A114,'7'!U:V,2,0),"0") -> 0 | AB114: กล่อง | AC114: =+AA114*C114 -> 0 | AD114: =IFERROR(VLOOKUP(A114,'8'!U:V,2,0),"0") -> 0 | AE114: กล่อง | AF114: =+AD114*C114 -> 0 | AG114: =IFERROR(VLOOKUP(A114,'9'!U:V,2,0),"0") -> 0 | AH114: กล่อง | AI114: =+AG114*C114 -> 0 | AJ114: =IFERROR(VLOOKUP(A114,'10'!U:V,2,0),"0") -> 0 | AK114: กล่อง | AL114: =+AJ114*C114 -> 0 | AM114: =IFERROR(VLOOKUP(A114,'11'!U:V,2,0),"0") -> 0 | AN114: กล่อง | AO114: =+AM114*C114 -> 0 | AP114: =IFERROR(VLOOKUP(A114,'12'!U:V,2,0),"0") -> 0 | AQ114: กล่อง | AR114: =+AP114*C114 -> 0 | AS114: =IFERROR(VLOOKUP(A114,'13'!U:V,2,0),"0") -> 0 | AT114: กล่อง | AU114: =+AS114*C114 -> 0 | AV114: =IFERROR(VLOOKUP(A114,'14'!U:V,2,0),"0") -> 0 | AW114: กล่อง | AX114: =+AV114*C114 -> 0 | AY114: =IFERROR(VLOOKUP(A114,'15'!U:V,2,0),"0") -> 0 | AZ114: กล่อง | BA114: =+AY114*C114 -> 0 | BB114: =IFERROR(VLOOKUP(A114,'16'!U:V,2,0),"0") -> 0 | BC114: กล่อง | BD114: =+BB114*C114 -> 0 | BE114: =IFERROR(VLOOKUP(A114,'17'!U:V,2,0),"0") -> 0 | BF114: กล่อง | BG114: =+BE114*C114 -> 0 | BH114: =IFERROR(VLOOKUP(A114,'18'!U:V,2,0),"0") -> 0 | BI114: กล่อง | BJ114: =+BH114*C114 -> 0 | BK114: =IFERROR(VLOOKUP(A114,'19'!U:V,2,0),"0") -> 0 | BL114: กล่อง | BM114: =+BK114*C114 -> 0 | BN114: =IFERROR(VLOOKUP(A114,'20'!U:V,2,0),"0") -> 0 | BO114: กล่อง | BP114: =+BN114*C114 -> 0 | BQ114: =IFERROR(VLOOKUP(A114,'21'!U:V,2,0),"0") -> 0 | BR114: กล่อง | BS114: =+BQ114*C114 -> 0 | BT114: =IFERROR(VLOOKUP(A114,'22'!U:V,2,0),"0") -> 0 | BU114: กล่อง | BV114: =+BT114*C114 -> 0 | BW114: =IFERROR(VLOOKUP(A114,'23'!U:V,2,0),"0") -> 0 | BX114: กล่อง | BY114: =+BW114*C114 -> 0 | BZ114: =IFERROR(VLOOKUP(A114,'24'!U:V,2,0),"0") -> 0 | CA114: กล่อง | CB114: =+BZ114*C114 -> 0 | CC114: =IFERROR(VLOOKUP(A114,'25'!U:V,2,0),"0") -> 0 | CD114: กล่อง | CE114: =+CC114*C114 -> 0 | CF114: =IFERROR(VLOOKUP(A114,'26'!U:V,2,0),"0") -> 0 | CG114: กล่อง | CH114: =+CF114*C114 -> 0 | CI114: =IFERROR(VLOOKUP(A114,'27'!U:V,2,0),"0") -> 0 | CJ114: กล่อง | CK114: =+CI114*C114 -> 0 | CL114: =IFERROR(VLOOKUP(A114,'28'!U:V,2,0),"0") -> 0 | CM114: กล่อง | CN114: =+CL114*C114 -> 0 | CO114: =IFERROR(VLOOKUP(A114,'29'!U:V,2,0),"0") -> 0 | CP114: กล่อง | CQ114: =+CO114*C114 -> 0 | CR114: =IFERROR(VLOOKUP(A114,'30'!U:V,2,0),"0") -> 0 | CS114: กล่อง | CT114: =+CR114*C114 -> 0 | CU114: =IFERROR(VLOOKUP(A114,'31'!U:V,2,0),"0") -> 0 | CV114: กล่อง | CW114: =+CU114*C114 -> 0 | CX114: =IFERROR(VLOOKUP(A114,'เซต1-31'!V:W,2,0),"0") -> 0 | CY114: กล่อง | CZ114: =+CX114*CQ114 -> 0
A115: 1004051 | B115: ปังสังขยา 6 ลูก | C115: 13.51 | D115: 1 | E115: =+D115*F115 -> 0 | F115: =+I115+L115+O115+R115+U115+X115+AA115+AD115+AG115+AJ115+AM115+AP115+AS115+AV115+AY115+BB115+BE115+BH115+BK115+BN115+BQ115+BT115+BW115+BZ115+CC115+CF115+CI115+CL115+CO115+CR115+CU115+CX115 -> 0 | G115: กล่อง | H115: =+F115*C115 -> 0 | I115: =IFERROR(VLOOKUP(A115,'1'!U:V,2,0),"0") -> 0 | J115: กล่อง | K115: =+I115*C115 -> 0 | L115: =IFERROR(VLOOKUP(A115,'2'!U:V,2,0),"0") -> 0 | M115: กล่อง | N115: =+L115*C115 -> 0 | O115: =IFERROR(VLOOKUP(A115,'3'!U:V,2,0),"0") -> 0 | P115: กล่อง | Q115: =+O115*C115 -> 0 | R115: =IFERROR(VLOOKUP(A115,'4'!U:V,2,0),"0") -> 0 | S115: กล่อง | T115: =+R115*C115 -> 0 | U115: =IFERROR(VLOOKUP(A115,'5'!U:V,2,0),"0") -> 0 | V115: กล่อง | W115: =+U115*C115 -> 0 | X115: =IFERROR(VLOOKUP(A115,'6'!U:V,2,0),"0") -> 0 | Y115: กล่อง | Z115: =+X115*C115 -> 0 | AA115: =IFERROR(VLOOKUP(A115,'7'!U:V,2,0),"0") -> 0 | AB115: กล่อง | AC115: =+AA115*C115 -> 0 | AD115: =IFERROR(VLOOKUP(A115,'8'!U:V,2,0),"0") -> 0 | AE115: กล่อง | AF115: =+AD115*C115 -> 0 | AG115: =IFERROR(VLOOKUP(A115,'9'!U:V,2,0),"0") -> 0 | AH115: กล่อง | AI115: =+AG115*C115 -> 0 | AJ115: =IFERROR(VLOOKUP(A115,'10'!U:V,2,0),"0") -> 0 | AK115: กล่อง | AL115: =+AJ115*C115 -> 0 | AM115: =IFERROR(VLOOKUP(A115,'11'!U:V,2,0),"0") -> 0 | AN115: กล่อง | AO115: =+AM115*C115 -> 0 | AP115: =IFERROR(VLOOKUP(A115,'12'!U:V,2,0),"0") -> 0 | AQ115: กล่อง | AR115: =+AP115*C115 -> 0 | AS115: =IFERROR(VLOOKUP(A115,'13'!U:V,2,0),"0") -> 0 | AT115: กล่อง | AU115: =+AS115*C115 -> 0 | AV115: =IFERROR(VLOOKUP(A115,'14'!U:V,2,0),"0") -> 0 | AW115: กล่อง | AX115: =+AV115*C115 -> 0 | AY115: =IFERROR(VLOOKUP(A115,'15'!U:V,2,0),"0") -> 0 | AZ115: กล่อง | BA115: =+AY115*C115 -> 0 | BB115: =IFERROR(VLOOKUP(A115,'16'!U:V,2,0),"0") -> 0 | BC115: กล่อง | BD115: =+BB115*C115 -> 0 | BE115: =IFERROR(VLOOKUP(A115,'17'!U:V,2,0),"0") -> 0 | BF115: กล่อง | BG115: =+BE115*C115 -> 0 | BH115: =IFERROR(VLOOKUP(A115,'18'!U:V,2,0),"0") -> 0 | BI115: กล่อง | BJ115: =+BH115*C115 -> 0 | BK115: =IFERROR(VLOOKUP(A115,'19'!U:V,2,0),"0") -> 0 | BL115: กล่อง | BM115: =+BK115*C115 -> 0 | BN115: =IFERROR(VLOOKUP(A115,'20'!U:V,2,0),"0") -> 0 | BO115: กล่อง | BP115: =+BN115*C115 -> 0 | BQ115: =IFERROR(VLOOKUP(A115,'21'!U:V,2,0),"0") -> 0 | BR115: กล่อง | BS115: =+BQ115*C115 -> 0 | BT115: =IFERROR(VLOOKUP(A115,'22'!U:V,2,0),"0") -> 0 | BU115: กล่อง | BV115: =+BT115*C115 -> 0 | BW115: =IFERROR(VLOOKUP(A115,'23'!U:V,2,0),"0") -> 0 | BX115: กล่อง | BY115: =+BW115*C115 -> 0 | BZ115: =IFERROR(VLOOKUP(A115,'24'!U:V,2,0),"0") -> 0 | CA115: กล่อง | CB115: =+BZ115*C115 -> 0 | CC115: =IFERROR(VLOOKUP(A115,'25'!U:V,2,0),"0") -> 0 | CD115: กล่อง | CE115: =+CC115*C115 -> 0 | CF115: =IFERROR(VLOOKUP(A115,'26'!U:V,2,0),"0") -> 0 | CG115: กล่อง | CH115: =+CF115*C115 -> 0 | CI115: =IFERROR(VLOOKUP(A115,'27'!U:V,2,0),"0") -> 0 | CJ115: กล่อง | CK115: =+CI115*C115 -> 0 | CL115: =IFERROR(VLOOKUP(A115,'28'!U:V,2,0),"0") -> 0 | CM115: กล่อง | CN115: =+CL115*C115 -> 0 | CO115: =IFERROR(VLOOKUP(A115,'29'!U:V,2,0),"0") -> 0 | CP115: กล่อง | CQ115: =+CO115*C115 -> 0 | CR115: =IFERROR(VLOOKUP(A115,'30'!U:V,2,0),"0") -> 0 | CS115: กล่อง | CT115: =+CR115*C115 -> 0 | CU115: =IFERROR(VLOOKUP(A115,'31'!U:V,2,0),"0") -> 0 | CV115: กล่อง | CW115: =+CU115*C115 -> 0 | CX115: =IFERROR(VLOOKUP(A115,'เซต1-31'!V:W,2,0),"0") -> 0 | CY115: กล่อง | CZ115: =+CX115*CQ115 -> 0
A116: 1111011 | B116: ชิฟฟ่อน สอดไส้แยม ขนาด3 ชิ้น มีรสให้เลือก 7 รส (นมชมพู) | C116: 11.38 | D116: 1 | E116: =+D116*F116 -> 0 | F116: =+I116+L116+O116+R116+U116+X116+AA116+AD116+AG116+AJ116+AM116+AP116+AS116+AV116+AY116+BB116+BE116+BH116+BK116+BN116+BQ116+BT116+BW116+BZ116+CC116+CF116+CI116+CL116+CO116+CR116+CU116+CX116 -> 0 | G116: กล่อง | H116: =+F116*C116 -> 0 | I116: =IFERROR(VLOOKUP(A116,'1'!U:V,2,0),"0") -> 0 | J116: กล่อง | K116: =+I116*C116 -> 0 | L116: =IFERROR(VLOOKUP(A116,'2'!U:V,2,0),"0") -> 0 | M116: กล่อง | N116: =+L116*C116 -> 0 | O116: =IFERROR(VLOOKUP(A116,'3'!U:V,2,0),"0") -> 0 | P116: กล่อง | Q116: =+O116*C116 -> 0 | R116: =IFERROR(VLOOKUP(A116,'4'!U:V,2,0),"0") -> 0 | S116: กล่อง | T116: =+R116*C116 -> 0 | U116: =IFERROR(VLOOKUP(A116,'5'!U:V,2,0),"0") -> 0 | V116: กล่อง | W116: =+U116*C116 -> 0 | X116: =IFERROR(VLOOKUP(A116,'6'!U:V,2,0),"0") -> 0 | Y116: กล่อง | Z116: =+X116*C116 -> 0 | AA116: =IFERROR(VLOOKUP(A116,'7'!U:V,2,0),"0") -> 0 | AB116: กล่อง | AC116: =+AA116*C116 -> 0 | AD116: =IFERROR(VLOOKUP(A116,'8'!U:V,2,0),"0") -> 0 | AE116: กล่อง | AF116: =+AD116*C116 -> 0 | AG116: =IFERROR(VLOOKUP(A116,'9'!U:V,2,0),"0") -> 0 | AH116: กล่อง | AI116: =+AG116*C116 -> 0 | AJ116: =IFERROR(VLOOKUP(A116,'10'!U:V,2,0),"0") -> 0 | AK116: กล่อง | AL116: =+AJ116*C116 -> 0 | AM116: =IFERROR(VLOOKUP(A116,'11'!U:V,2,0),"0") -> 0 | AN116: กล่อง | AO116: =+AM116*C116 -> 0 | AP116: =IFERROR(VLOOKUP(A116,'12'!U:V,2,0),"0") -> 0 | AQ116: กล่อง | AR116: =+AP116*C116 -> 0 | AS116: =IFERROR(VLOOKUP(A116,'13'!U:V,2,0),"0") -> 0 | AT116: กล่อง | AU116: =+AS116*C116 -> 0 | AV116: =IFERROR(VLOOKUP(A116,'14'!U:V,2,0),"0") -> 0 | AW116: กล่อง | AX116: =+AV116*C116 -> 0 | AY116: =IFERROR(VLOOKUP(A116,'15'!U:V,2,0),"0") -> 0 | AZ116: กล่อง | BA116: =+AY116*C116 -> 0 | BB116: =IFERROR(VLOOKUP(A116,'16'!U:V,2,0),"0") -> 0 | BC116: กล่อง | BD116: =+BB116*C116 -> 0 | BE116: =IFERROR(VLOOKUP(A116,'17'!U:V,2,0),"0") -> 0 | BF116: กล่อง | BG116: =+BE116*C116 -> 0 | BH116: =IFERROR(VLOOKUP(A116,'18'!U:V,2,0),"0") -> 0 | BI116: กล่อง | BJ116: =+BH116*C116 -> 0 | BK116: =IFERROR(VLOOKUP(A116,'19'!U:V,2,0),"0") -> 0 | BL116: กล่อง | BM116: =+BK116*C116 -> 0 | BN116: =IFERROR(VLOOKUP(A116,'20'!U:V,2,0),"0") -> 0 | BO116: กล่อง | BP116: =+BN116*C116 -> 0 | BQ116: =IFERROR(VLOOKUP(A116,'21'!U:V,2,0),"0") -> 0 | BR116: กล่อง | BS116: =+BQ116*C116 -> 0 | BT116: =IFERROR(VLOOKUP(A116,'22'!U:V,2,0),"0") -> 0 | BU116: กล่อง | BV116: =+BT116*C116 -> 0 | BW116: =IFERROR(VLOOKUP(A116,'23'!U:V,2,0),"0") -> 0 | BX116: กล่อง | BY116: =+BW116*C116 -> 0 | BZ116: =IFERROR(VLOOKUP(A116,'24'!U:V,2,0),"0") -> 0 | CA116: กล่อง | CB116: =+BZ116*C116 -> 0 | CC116: =IFERROR(VLOOKUP(A116,'25'!U:V,2,0),"0") -> 0 | CD116: กล่อง | CE116: =+CC116*C116 -> 0 | CF116: =IFERROR(VLOOKUP(A116,'26'!U:V,2,0),"0") -> 0 | CG116: กล่อง | CH116: =+CF116*C116 -> 0 | CI116: =IFERROR(VLOOKUP(A116,'27'!U:V,2,0),"0") -> 0 | CJ116: กล่อง | CK116: =+CI116*C116 -> 0 | CL116: =IFERROR(VLOOKUP(A116,'28'!U:V,2,0),"0") -> 0 | CM116: กล่อง | CN116: =+CL116*C116 -> 0 | CO116: =IFERROR(VLOOKUP(A116,'29'!U:V,2,0),"0") -> 0 | CP116: กล่อง | CQ116: =+CO116*C116 -> 0 | CR116: =IFERROR(VLOOKUP(A116,'30'!U:V,2,0),"0") -> 0 | CS116: กล่อง | CT116: =+CR116*C116 -> 0 | CU116: =IFERROR(VLOOKUP(A116,'31'!U:V,2,0),"0") -> 0 | CV116: กล่อง | CW116: =+CU116*C116 -> 0 | CX116: =IFERROR(VLOOKUP(A116,'เซต1-31'!V:W,2,0),"0") -> 0 | CY116: กล่อง | CZ116: =+CX116*CQ116 -> 0
A117: 1113170 | B117: ขนมเปี๊ยะ ไส้ทะลัก ขนาด 450 กรัม ไข่แดง 3 ใบ 3 รสให้เลือก (ถั่วฝอยทองไข่เค็ม 450 กรัม) | C117: 71.35 | D117: 1 | E117: =+D117*F117 -> 1305 | F117: =+I117+L117+O117+R117+U117+X117+AA117+AD117+AG117+AJ117+AM117+AP117+AS117+AV117+AY117+BB117+BE117+BH117+BK117+BN117+BQ117+BT117+BW117+BZ117+CC117+CF117+CI117+CL117+CO117+CR117+CU117+CX117 -> 1305 | G117: กล่อง | H117: =+F117*C117 -> 93111.75 | I117: =IFERROR(VLOOKUP(A117,'1'!U:V,2,0),"0") -> 0 | J117: กล่อง | K117: =+I117*C117 -> 0 | L117: =IFERROR(VLOOKUP(A117,'2'!U:V,2,0),"0") -> 34 | M117: กล่อง | N117: =+L117*C117 -> 2425.9 | O117: =IFERROR(VLOOKUP(A117,'3'!U:V,2,0),"0") -> 51 | P117: กล่อง | Q117: =+O117*C117 -> 3638.85 | R117: =IFERROR(VLOOKUP(A117,'4'!U:V,2,0),"0") -> 25 | S117: กล่อง | T117: =+R117*C117 -> 1783.75 | U117: =IFERROR(VLOOKUP(A117,'5'!U:V,2,0),"0") -> 26 | V117: กล่อง | W117: =+U117*C117 -> 1855.1 | X117: =IFERROR(VLOOKUP(A117,'6'!U:V,2,0),"0") -> 40 | Y117: กล่อง | Z117: =+X117*C117 -> 2854 | AA117: =IFERROR(VLOOKUP(A117,'7'!U:V,2,0),"0") -> 28 | AB117: กล่อง | AC117: =+AA117*C117 -> 1997.8 | AD117: =IFERROR(VLOOKUP(A117,'8'!U:V,2,0),"0") -> 66 | AE117: กล่อง | AF117: =+AD117*C117 -> 4709.1 | AG117: =IFERROR(VLOOKUP(A117,'9'!U:V,2,0),"0") -> 65 | AH117: กล่อง | AI117: =+AG117*C117 -> 4637.75 | AJ117: =IFERROR(VLOOKUP(A117,'10'!U:V,2,0),"0") -> 76 | AK117: กล่อง | AL117: =+AJ117*C117 -> 5422.6 | AM117: =IFERROR(VLOOKUP(A117,'11'!U:V,2,0),"0") -> 113 | AN117: กล่อง | AO117: =+AM117*C117 -> 8062.55 | AP117: =IFERROR(VLOOKUP(A117,'12'!U:V,2,0),"0") -> 76 | AQ117: กล่อง | AR117: =+AP117*C117 -> 5422.6 | AS117: =IFERROR(VLOOKUP(A117,'13'!U:V,2,0),"0") -> 69 | AT117: กล่อง | AU117: =+AS117*C117 -> 4923.15 | AV117: =IFERROR(VLOOKUP(A117,'14'!U:V,2,0),"0") -> 49 | AW117: กล่อง | AX117: =+AV117*C117 -> 3496.15 | AY117: =IFERROR(VLOOKUP(A117,'15'!U:V,2,0),"0") -> 92 | AZ117: กล่อง | BA117: =+AY117*C117 -> 6564.2 | BB117: =IFERROR(VLOOKUP(A117,'16'!U:V,2,0),"0") -> 79 | BC117: กล่อง | BD117: =+BB117*C117 -> 5636.65 | BE117: =IFERROR(VLOOKUP(A117,'17'!U:V,2,0),"0") -> 104 | BF117: กล่อง | BG117: =+BE117*C117 -> 7420.4 | BH117: =IFERROR(VLOOKUP(A117,'18'!U:V,2,0),"0") -> 50 | BI117: กล่อง | BJ117: =+BH117*C117 -> 3567.5 | BK117: =IFERROR(VLOOKUP(A117,'19'!U:V,2,0),"0") -> 89 | BL117: กล่อง | BM117: =+BK117*C117 -> 6350.15 | BN117: =IFERROR(VLOOKUP(A117,'20'!U:V,2,0),"0") -> 5 | BO117: กล่อง | BP117: =+BN117*C117 -> 356.75 | BQ117: =IFERROR(VLOOKUP(A117,'21'!U:V,2,0),"0") -> 0 | BR117: กล่อง | BS117: =+BQ117*C117 -> 0 | BT117: =IFERROR(VLOOKUP(A117,'22'!U:V,2,0),"0") -> 0 | BU117: กล่อง | BV117: =+BT117*C117 -> 0 | BW117: =IFERROR(VLOOKUP(A117,'23'!U:V,2,0),"0") -> 10 | BX117: กล่อง | BY117: =+BW117*C117 -> 713.5 | BZ117: =IFERROR(VLOOKUP(A117,'24'!U:V,2,0),"0") -> 40 | CA117: กล่อง | CB117: =+BZ117*C117 -> 2854 | CC117: =IFERROR(VLOOKUP(A117,'25'!U:V,2,0),"0") -> 25 | CD117: กล่อง | CE117: =+CC117*C117 -> 1783.75 | CF117: =IFERROR(VLOOKUP(A117,'26'!U:V,2,0),"0") -> 26 | CG117: กล่อง | CH117: =+CF117*C117 -> 1855.1 | CI117: =IFERROR(VLOOKUP(A117,'27'!U:V,2,0),"0") -> 29 | CJ117: กล่อง | CK117: =+CI117*C117 -> 2069.15 | CL117: =IFERROR(VLOOKUP(A117,'28'!U:V,2,0),"0") -> 38 | CM117: กล่อง | CN117: =+CL117*C117 -> 2711.3 | CO117: =IFERROR(VLOOKUP(A117,'29'!U:V,2,0),"0") -> 0 | CP117: กล่อง | CQ117: =+CO117*C117 -> 0 | CR117: =IFERROR(VLOOKUP(A117,'30'!U:V,2,0),"0") -> 0 | CS117: กล่อง | CT117: =+CR117*C117 -> 0 | CU117: =IFERROR(VLOOKUP(A117,'31'!U:V,2,0),"0") -> 0 | CV117: กล่อง | CW117: =+CU117*C117 -> 0 | CX117: =IFERROR(VLOOKUP(A117,'เซต1-31'!V:W,2,0),"0") -> 0 | CY117: กล่อง | CZ117: =+CX117*CQ117 -> 0
A118: 1113171 | B118: ขนมเปี๊ยะ ไส้ทะลัก ขนาด 450 กรัม ไข่แดง 3 ใบ 3 รสให้เลือก (ฟักถั่วไข่เค็ม 450 กรัม) | C118: 61.68 | D118: 1 | E118: =+D118*F118 -> 1016 | F118: =+I118+L118+O118+R118+U118+X118+AA118+AD118+AG118+AJ118+AM118+AP118+AS118+AV118+AY118+BB118+BE118+BH118+BK118+BN118+BQ118+BT118+BW118+BZ118+CC118+CF118+CI118+CL118+CO118+CR118+CU118+CX118 -> 1016 | G118: กล่อง | H118: =+F118*C118 -> 62666.88 | I118: =IFERROR(VLOOKUP(A118,'1'!U:V,2,0),"0") -> 0 | J118: กล่อง | K118: =+I118*C118 -> 0 | L118: =IFERROR(VLOOKUP(A118,'2'!U:V,2,0),"0") -> 24 | M118: กล่อง | N118: =+L118*C118 -> 1480.32 | O118: =IFERROR(VLOOKUP(A118,'3'!U:V,2,0),"0") -> 35 | P118: กล่อง | Q118: =+O118*C118 -> 2158.8 | R118: =IFERROR(VLOOKUP(A118,'4'!U:V,2,0),"0") -> 28 | S118: กล่อง | T118: =+R118*C118 -> 1727.04 | U118: =IFERROR(VLOOKUP(A118,'5'!U:V,2,0),"0") -> 20 | V118: กล่อง | W118: =+U118*C118 -> 1233.6 | X118: =IFERROR(VLOOKUP(A118,'6'!U:V,2,0),"0") -> 36 | Y118: กล่อง | Z118: =+X118*C118 -> 2220.48 | AA118: =IFERROR(VLOOKUP(A118,'7'!U:V,2,0),"0") -> 26 | AB118: กล่อง | AC118: =+AA118*C118 -> 1603.68 | AD118: =IFERROR(VLOOKUP(A118,'8'!U:V,2,0),"0") -> 68 | AE118: กล่อง | AF118: =+AD118*C118 -> 4194.24 | AG118: =IFERROR(VLOOKUP(A118,'9'!U:V,2,0),"0") -> 45 | AH118: กล่อง | AI118: =+AG118*C118 -> 2775.6 | AJ118: =IFERROR(VLOOKUP(A118,'10'!U:V,2,0),"0") -> 66 | AK118: กล่อง | AL118: =+AJ118*C118 -> 4070.88 | AM118: =IFERROR(VLOOKUP(A118,'11'!U:V,2,0),"0") -> 84 | AN118: กล่อง | AO118: =+AM118*C118 -> 5181.12 | AP118: =IFERROR(VLOOKUP(A118,'12'!U:V,2,0),"0") -> 78 | AQ118: กล่อง | AR118: =+AP118*C118 -> 4811.04 | AS118: =IFERROR(VLOOKUP(A118,'13'!U:V,2,0),"0") -> 49 | AT118: กล่อง | AU118: =+AS118*C118 -> 3022.32 | AV118: =IFERROR(VLOOKUP(A118,'14'!U:V,2,0),"0") -> 30 | AW118: กล่อง | AX118: =+AV118*C118 -> 1850.4 | AY118: =IFERROR(VLOOKUP(A118,'15'!U:V,2,0),"0") -> 53 | AZ118: กล่อง | BA118: =+AY118*C118 -> 3269.04 | BB118: =IFERROR(VLOOKUP(A118,'16'!U:V,2,0),"0") -> 47 | BC118: กล่อง | BD118: =+BB118*C118 -> 2898.96 | BE118: =IFERROR(VLOOKUP(A118,'17'!U:V,2,0),"0") -> 37 | BF118: กล่อง | BG118: =+BE118*C118 -> 2282.16 | BH118: =IFERROR(VLOOKUP(A118,'18'!U:V,2,0),"0") -> 37 | BI118: กล่อง | BJ118: =+BH118*C118 -> 2282.16 | BK118: =IFERROR(VLOOKUP(A118,'19'!U:V,2,0),"0") -> 36 | BL118: กล่อง | BM118: =+BK118*C118 -> 2220.48 | BN118: =IFERROR(VLOOKUP(A118,'20'!U:V,2,0),"0") -> 30 | BO118: กล่อง | BP118: =+BN118*C118 -> 1850.4 | BQ118: =IFERROR(VLOOKUP(A118,'21'!U:V,2,0),"0") -> 35 | BR118: กล่อง | BS118: =+BQ118*C118 -> 2158.8 | BT118: =IFERROR(VLOOKUP(A118,'22'!U:V,2,0),"0") -> 17 | BU118: กล่อง | BV118: =+BT118*C118 -> 1048.56 | BW118: =IFERROR(VLOOKUP(A118,'23'!U:V,2,0),"0") -> 12 | BX118: กล่อง | BY118: =+BW118*C118 -> 740.16 | BZ118: =IFERROR(VLOOKUP(A118,'24'!U:V,2,0),"0") -> 50 | CA118: กล่อง | CB118: =+BZ118*C118 -> 3084 | CC118: =IFERROR(VLOOKUP(A118,'25'!U:V,2,0),"0") -> 25 | CD118: กล่อง | CE118: =+CC118*C118 -> 1542 | CF118: =IFERROR(VLOOKUP(A118,'26'!U:V,2,0),"0") -> 15 | CG118: กล่อง | CH118: =+CF118*C118 -> 925.2 | CI118: =IFERROR(VLOOKUP(A118,'27'!U:V,2,0),"0") -> 9 | CJ118: กล่อง | CK118: =+CI118*C118 -> 555.12 | CL118: =IFERROR(VLOOKUP(A118,'28'!U:V,2,0),"0") -> 24 | CM118: กล่อง | CN118: =+CL118*C118 -> 1480.32 | CO118: =IFERROR(VLOOKUP(A118,'29'!U:V,2,0),"0") -> 0 | CP118: กล่อง | CQ118: =+CO118*C118 -> 0 | CR118: =IFERROR(VLOOKUP(A118,'30'!U:V,2,0),"0") -> 0 | CS118: กล่อง | CT118: =+CR118*C118 -> 0 | CU118: =IFERROR(VLOOKUP(A118,'31'!U:V,2,0),"0") -> 0 | CV118: กล่อง | CW118: =+CU118*C118 -> 0 | CX118: =IFERROR(VLOOKUP(A118,'เซต1-31'!V:W,2,0),"0") -> 0 | CY118: กล่อง | CZ118: =+CX118*CQ118 -> 0
A119: 1113172 | B119: ขนมเปี๊ยะ ไส้ทะลัก ขนาด 450 กรัม ไข่แดง 3 ใบ 3 รสให้เลือก (เผือกฝอยทองไข่เค็ม 450 กรัม) | C119: 70.06 | D119: 1 | E119: =+D119*F119 -> 1095 | F119: =+I119+L119+O119+R119+U119+X119+AA119+AD119+AG119+AJ119+AM119+AP119+AS119+AV119+AY119+BB119+BE119+BH119+BK119+BN119+BQ119+BT119+BW119+BZ119+CC119+CF119+CI119+CL119+CO119+CR119+CU119+CX119 -> 1095 | G119: กล่อง | H119: =+F119*C119 -> 76715.7 | I119: =IFERROR(VLOOKUP(A119,'1'!U:V,2,0),"0") -> 0 | J119: กล่อง | K119: =+I119*C119 -> 0 | L119: =IFERROR(VLOOKUP(A119,'2'!U:V,2,0),"0") -> 14 | M119: กล่อง | N119: =+L119*C119 -> 980.84 | O119: =IFERROR(VLOOKUP(A119,'3'!U:V,2,0),"0") -> 43 | P119: กล่อง | Q119: =+O119*C119 -> 3012.58 | R119: =IFERROR(VLOOKUP(A119,'4'!U:V,2,0),"0") -> 32 | S119: กล่อง | T119: =+R119*C119 -> 2241.92 | U119: =IFERROR(VLOOKUP(A119,'5'!U:V,2,0),"0") -> 20 | V119: กล่อง | W119: =+U119*C119 -> 1401.2 | X119: =IFERROR(VLOOKUP(A119,'6'!U:V,2,0),"0") -> 22 | Y119: กล่อง | Z119: =+X119*C119 -> 1541.32 | AA119: =IFERROR(VLOOKUP(A119,'7'!U:V,2,0),"0") -> 24 | AB119: กล่อง | AC119: =+AA119*C119 -> 1681.44 | AD119: =IFERROR(VLOOKUP(A119,'8'!U:V,2,0),"0") -> 49 | AE119: กล่อง | AF119: =+AD119*C119 -> 3432.94 | AG119: =IFERROR(VLOOKUP(A119,'9'!U:V,2,0),"0") -> 52 | AH119: กล่อง | AI119: =+AG119*C119 -> 3643.12 | AJ119: =IFERROR(VLOOKUP(A119,'10'!U:V,2,0),"0") -> 79 | AK119: กล่อง | AL119: =+AJ119*C119 -> 5534.74 | AM119: =IFERROR(VLOOKUP(A119,'11'!U:V,2,0),"0") -> 69 | AN119: กล่อง | AO119: =+AM119*C119 -> 4834.14 | AP119: =IFERROR(VLOOKUP(A119,'12'!U:V,2,0),"0") -> 63 | AQ119: กล่อง | AR119: =+AP119*C119 -> 4413.78 | AS119: =IFERROR(VLOOKUP(A119,'13'!U:V,2,0),"0") -> 50 | AT119: กล่อง | AU119: =+AS119*C119 -> 3503 | AV119: =IFERROR(VLOOKUP(A119,'14'!U:V,2,0),"0") -> 42 | AW119: กล่อง | AX119: =+AV119*C119 -> 2942.52 | AY119: =IFERROR(VLOOKUP(A119,'15'!U:V,2,0),"0") -> 72 | AZ119: กล่อง | BA119: =+AY119*C119 -> 5044.32 | BB119: =IFERROR(VLOOKUP(A119,'16'!U:V,2,0),"0") -> 53 | BC119: กล่อง | BD119: =+BB119*C119 -> 3713.18 | BE119: =IFERROR(VLOOKUP(A119,'17'!U:V,2,0),"0") -> 74 | BF119: กล่อง | BG119: =+BE119*C119 -> 5184.44 | BH119: =IFERROR(VLOOKUP(A119,'18'!U:V,2,0),"0") -> 49 | BI119: กล่อง | BJ119: =+BH119*C119 -> 3432.94 | BK119: =IFERROR(VLOOKUP(A119,'19'!U:V,2,0),"0") -> 62 | BL119: กล่อง | BM119: =+BK119*C119 -> 4343.72 | BN119: =IFERROR(VLOOKUP(A119,'20'!U:V,2,0),"0") -> 67 | BO119: กล่อง | BP119: =+BN119*C119 -> 4694.02 | BQ119: =IFERROR(VLOOKUP(A119,'21'!U:V,2,0),"0") -> 25 | BR119: กล่อง | BS119: =+BQ119*C119 -> 1751.5 | BT119: =IFERROR(VLOOKUP(A119,'22'!U:V,2,0),"0") -> 5 | BU119: กล่อง | BV119: =+BT119*C119 -> 350.3 | BW119: =IFERROR(VLOOKUP(A119,'23'!U:V,2,0),"0") -> 8 | BX119: กล่อง | BY119: =+BW119*C119 -> 560.48 | BZ119: =IFERROR(VLOOKUP(A119,'24'!U:V,2,0),"0") -> 29 | CA119: กล่อง | CB119: =+BZ119*C119 -> 2031.74 | CC119: =IFERROR(VLOOKUP(A119,'25'!U:V,2,0),"0") -> 36 | CD119: กล่อง | CE119: =+CC119*C119 -> 2522.16 | CF119: =IFERROR(VLOOKUP(A119,'26'!U:V,2,0),"0") -> 28 | CG119: กล่อง | CH119: =+CF119*C119 -> 1961.68 | CI119: =IFERROR(VLOOKUP(A119,'27'!U:V,2,0),"0") -> 4 | CJ119: กล่อง | CK119: =+CI119*C119 -> 280.24 | CL119: =IFERROR(VLOOKUP(A119,'28'!U:V,2,0),"0") -> 24 | CM119: กล่อง | CN119: =+CL119*C119 -> 1681.44 | CO119: =IFERROR(VLOOKUP(A119,'29'!U:V,2,0),"0") -> 0 | CP119: กล่อง | CQ119: =+CO119*C119 -> 0 | CR119: =IFERROR(VLOOKUP(A119,'30'!U:V,2,0),"0") -> 0 | CS119: กล่อง | CT119: =+CR119*C119 -> 0 | CU119: =IFERROR(VLOOKUP(A119,'31'!U:V,2,0),"0") -> 0 | CV119: กล่อง | CW119: =+CU119*C119 -> 0 | CX119: =IFERROR(VLOOKUP(A119,'เซต1-31'!V:W,2,0),"0") -> 0 | CY119: กล่อง | CZ119: =+CX119*CQ119 -> 0
A120: 1124021-A | B120: ขนมปังแถวหั่นสไลด์ 20แผ่น/แถว ของฝากวรรณวนัช | C120: 16.01 | D120: 1 | E120: =+D120*F120 -> 0 | F120: =+I120+L120+O120+R120+U120+X120+AA120+AD120+AG120+AJ120+AM120+AP120+AS120+AV120+AY120+BB120+BE120+BH120+BK120+BN120+BQ120+BT120+BW120+BZ120+CC120+CF120+CI120+CL120+CO120+CR120+CU120+CX120 -> 0 | G120: แถว | H120: =+F120*C120 -> 0 | I120: =IFERROR(VLOOKUP(A120,'1'!U:V,2,0),"0") -> 0 | J120: แถว | K120: =+I120*C120 -> 0 | L120: =IFERROR(VLOOKUP(A120,'2'!U:V,2,0),"0") -> 0 | M120: แถว | N120: =+L120*C120 -> 0 | O120: =IFERROR(VLOOKUP(A120,'3'!U:V,2,0),"0") -> 0 | P120: แถว | Q120: =+O120*C120 -> 0 | R120: =IFERROR(VLOOKUP(A120,'4'!U:V,2,0),"0") -> 0 | S120: แถว | T120: =+R120*C120 -> 0 | U120: =IFERROR(VLOOKUP(A120,'5'!U:V,2,0),"0") -> 0 | V120: แถว | W120: =+U120*C120 -> 0 | X120: =IFERROR(VLOOKUP(A120,'6'!U:V,2,0),"0") -> 0 | Y120: แถว | Z120: =+X120*C120 -> 0 | AA120: =IFERROR(VLOOKUP(A120,'7'!U:V,2,0),"0") -> 0 | AB120: แถว | AC120: =+AA120*C120 -> 0 | AD120: =IFERROR(VLOOKUP(A120,'8'!U:V,2,0),"0") -> 0 | AE120: แถว | AF120: =+AD120*C120 -> 0 | AG120: =IFERROR(VLOOKUP(A120,'9'!U:V,2,0),"0") -> 0 | AH120: แถว | AI120: =+AG120*C120 -> 0 | AJ120: =IFERROR(VLOOKUP(A120,'10'!U:V,2,0),"0") -> 0 | AK120: แถว | AL120: =+AJ120*C120 -> 0 | AM120: =IFERROR(VLOOKUP(A120,'11'!U:V,2,0),"0") -> 0 | AN120: แถว | AO120: =+AM120*C120 -> 0 | AP120: =IFERROR(VLOOKUP(A120,'12'!U:V,2,0),"0") -> 0 | AQ120: แถว | AR120: =+AP120*C120 -> 0 | AS120: =IFERROR(VLOOKUP(A120,'13'!U:V,2,0),"0") -> 0 | AT120: แถว | AU120: =+AS120*C120 -> 0 | AV120: =IFERROR(VLOOKUP(A120,'14'!U:V,2,0),"0") -> 0 | AW120: แถว | AX120: =+AV120*C120 -> 0 | AY120: =IFERROR(VLOOKUP(A120,'15'!U:V,2,0),"0") -> 0 | AZ120: แถว | BA120: =+AY120*C120 -> 0 | BB120: =IFERROR(VLOOKUP(A120,'16'!U:V,2,0),"0") -> 0 | BC120: แถว | BD120: =+BB120*C120 -> 0 | BE120: =IFERROR(VLOOKUP(A120,'17'!U:V,2,0),"0") -> 0 | BF120: แถว | BG120: =+BE120*C120 -> 0 | BH120: =IFERROR(VLOOKUP(A120,'18'!U:V,2,0),"0") -> 0 | BI120: แถว | BJ120: =+BH120*C120 -> 0 | BK120: =IFERROR(VLOOKUP(A120,'19'!U:V,2,0),"0") -> 0 | BL120: แถว | BM120: =+BK120*C120 -> 0 | BN120: =IFERROR(VLOOKUP(A120,'20'!U:V,2,0),"0") -> 0 | BO120: แถว | BP120: =+BN120*C120 -> 0 | BQ120: =IFERROR(VLOOKUP(A120,'21'!U:V,2,0),"0") -> 0 | BR120: แถว | BS120: =+BQ120*C120 -> 0 | BT120: =IFERROR(VLOOKUP(A120,'22'!U:V,2,0),"0") -> 0 | BU120: แถว | BV120: =+BT120*C120 -> 0 | BW120: =IFERROR(VLOOKUP(A120,'23'!U:V,2,0),"0") -> 0 | BX120: แถว | BY120: =+BW120*C120 -> 0 | BZ120: =IFERROR(VLOOKUP(A120,'24'!U:V,2,0),"0") -> 0 | CA120: แถว | CB120: =+BZ120*C120 -> 0 | CC120: =IFERROR(VLOOKUP(A120,'25'!U:V,2,0),"0") -> 0 | CD120: แถว | CE120: =+CC120*C120 -> 0 | CF120: =IFERROR(VLOOKUP(A120,'26'!U:V,2,0),"0") -> 0 | CG120: แถว | CH120: =+CF120*C120 -> 0 | CI120: =IFERROR(VLOOKUP(A120,'27'!U:V,2,0),"0") -> 0 | CJ120: แถว | CK120: =+CI120*C120 -> 0 | CL120: =IFERROR(VLOOKUP(A120,'28'!U:V,2,0),"0") -> 0 | CM120: แถว | CN120: =+CL120*C120 -> 0 | CO120: =IFERROR(VLOOKUP(A120,'29'!U:V,2,0),"0") -> 0 | CP120: แถว | CQ120: =+CO120*C120 -> 0 | CR120: =IFERROR(VLOOKUP(A120,'30'!U:V,2,0),"0") -> 0 | CS120: แถว | CT120: =+CR120*C120 -> 0 | CU120: =IFERROR(VLOOKUP(A120,'31'!U:V,2,0),"0") -> 0 | CV120: แถว | CW120: =+CU120*C120 -> 0 | CX120: =IFERROR(VLOOKUP(A120,'เซต1-31'!V:W,2,0),"0") -> 0 | CY120: แถว | CZ120: =+CX120*CQ120 -> 0
A121: คละรส 1กล่อง | B121: เค้กเบาหวิว ขนาด100กรัม คละรส จำนวน 1กล่อง | C121: 15.01 | D121: 1 | E121: =+D121*F121 -> 0 | F121: =+I121+L121+O121+R121+U121+X121+AA121+AD121+AG121+AJ121+AM121+AP121+AS121+AV121+AY121+BB121+BE121+BH121+BK121+BN121+BQ121+BT121+BW121+BZ121+CC121+CF121+CI121+CL121+CO121+CR121+CU121+CX121 -> 0 | G121: กล่อง | H121: =+F121*C121 -> 0 | I121: =IFERROR(VLOOKUP(A121,'1'!U:V,2,0),"0") -> 0 | J121: กล่อง | K121: =+I121*C121 -> 0 | L121: =IFERROR(VLOOKUP(A121,'2'!U:V,2,0),"0") -> 0 | M121: กล่อง | N121: =+L121*C121 -> 0 | O121: =IFERROR(VLOOKUP(A121,'3'!U:V,2,0),"0") -> 0 | P121: กล่อง | Q121: =+O121*C121 -> 0 | R121: =IFERROR(VLOOKUP(A121,'4'!U:V,2,0),"0") -> 0 | S121: กล่อง | T121: =+R121*C121 -> 0 | U121: =IFERROR(VLOOKUP(A121,'5'!U:V,2,0),"0") -> 0 | V121: กล่อง | W121: =+U121*C121 -> 0 | X121: =IFERROR(VLOOKUP(A121,'6'!U:V,2,0),"0") -> 0 | Y121: กล่อง | Z121: =+X121*C121 -> 0 | AA121: =IFERROR(VLOOKUP(A121,'7'!U:V,2,0),"0") -> 0 | AB121: กล่อง | AC121: =+AA121*C121 -> 0 | AD121: =IFERROR(VLOOKUP(A121,'8'!U:V,2,0),"0") -> 0 | AE121: กล่อง | AF121: =+AD121*C121 -> 0 | AG121: =IFERROR(VLOOKUP(A121,'9'!U:V,2,0),"0") -> 0 | AH121: กล่อง | AI121: =+AG121*C121 -> 0 | AJ121: =IFERROR(VLOOKUP(A121,'10'!U:V,2,0),"0") -> 0 | AK121: กล่อง | AL121: =+AJ121*C121 -> 0 | AM121: =IFERROR(VLOOKUP(A121,'11'!U:V,2,0),"0") -> 0 | AN121: กล่อง | AO121: =+AM121*C121 -> 0 | AP121: =IFERROR(VLOOKUP(A121,'12'!U:V,2,0),"0") -> 0 | AQ121: กล่อง | AR121: =+AP121*C121 -> 0 | AS121: =IFERROR(VLOOKUP(A121,'13'!U:V,2,0),"0") -> 0 | AT121: กล่อง | AU121: =+AS121*C121 -> 0 | AV121: =IFERROR(VLOOKUP(A121,'14'!U:V,2,0),"0") -> 0 | AW121: กล่อง | AX121: =+AV121*C121 -> 0 | AY121: =IFERROR(VLOOKUP(A121,'15'!U:V,2,0),"0") -> 0 | AZ121: กล่อง | BA121: =+AY121*C121 -> 0 | BB121: =IFERROR(VLOOKUP(A121,'16'!U:V,2,0),"0") -> 0 | BC121: กล่อง | BD121: =+BB121*C121 -> 0 | BE121: =IFERROR(VLOOKUP(A121,'17'!U:V,2,0),"0") -> 0 | BF121: กล่อง | BG121: =+BE121*C121 -> 0 | BH121: =IFERROR(VLOOKUP(A121,'18'!U:V,2,0),"0") -> 0 | BI121: กล่อง | BJ121: =+BH121*C121 -> 0 | BK121: =IFERROR(VLOOKUP(A121,'19'!U:V,2,0),"0") -> 0 | BL121: กล่อง | BM121: =+BK121*C121 -> 0 | BN121: =IFERROR(VLOOKUP(A121,'20'!U:V,2,0),"0") -> 0 | BO121: กล่อง | BP121: =+BN121*C121 -> 0 | BQ121: =IFERROR(VLOOKUP(A121,'21'!U:V,2,0),"0") -> 0 | BR121: กล่อง | BS121: =+BQ121*C121 -> 0 | BT121: =IFERROR(VLOOKUP(A121,'22'!U:V,2,0),"0") -> 0 | BU121: กล่อง | BV121: =+BT121*C121 -> 0 | BW121: =IFERROR(VLOOKUP(A121,'23'!U:V,2,0),"0") -> 0 | BX121: กล่อง | BY121: =+BW121*C121 -> 0 | BZ121: =IFERROR(VLOOKUP(A121,'24'!U:V,2,0),"0") -> 0 | CA121: กล่อง | CB121: =+BZ121*C121 -> 0 | CC121: =IFERROR(VLOOKUP(A121,'25'!U:V,2,0),"0") -> 0 | CD121: กล่อง | CE121: =+CC121*C121 -> 0 | CF121: =IFERROR(VLOOKUP(A121,'26'!U:V,2,0),"0") -> 0 | CG121: กล่อง | CH121: =+CF121*C121 -> 0 | CI121: =IFERROR(VLOOKUP(A121,'27'!U:V,2,0),"0") -> 0 | CJ121: กล่อง | CK121: =+CI121*C121 -> 0 | CL121: =IFERROR(VLOOKUP(A121,'28'!U:V,2,0),"0") -> 0 | CM121: กล่อง | CN121: =+CL121*C121 -> 0 | CO121: =IFERROR(VLOOKUP(A121,'29'!U:V,2,0),"0") -> 0 | CP121: กล่อง | CQ121: =+CO121*C121 -> 0 | CR121: =IFERROR(VLOOKUP(A121,'30'!U:V,2,0),"0") -> 0 | CS121: กล่อง | CT121: =+CR121*C121 -> 0 | CU121: =IFERROR(VLOOKUP(A121,'31'!U:V,2,0),"0") -> 0 | CV121: กล่อง | CW121: =+CU121*C121 -> 0 | CX121: =IFERROR(VLOOKUP(A121,'เซต1-31'!V:W,2,0),"0") -> 0 | CY121: กล่อง | CZ121: =+CX121*CQ121 -> 0
A122: บ3 | B122: เบาหวิว เล็ก3กล่อง3รส คละ (main) | C122: =15.01*3 -> 45.03 | D122: 3 | E122: =+D122*F122 -> 0 | F122: =+I122+L122+O122+R122+U122+X122+AA122+AD122+AG122+AJ122+AM122+AP122+AS122+AV122+AY122+BB122+BE122+BH122+BK122+BN122+BQ122+BT122+BW122+BZ122+CC122+CF122+CI122+CL122+CO122+CR122+CU122+CX122 -> 0 | G122: เซต | H122: =+F122*C122 -> 0 | I122: =IFERROR(VLOOKUP(A122,'1'!U:V,2,0),"0") -> 0 | J122: เซต | K122: =+I122*C122 -> 0 | L122: =IFERROR(VLOOKUP(A122,'2'!U:V,2,0),"0") -> 0 | M122: เซต | N122: =+L122*C122 -> 0 | O122: =IFERROR(VLOOKUP(A122,'3'!U:V,2,0),"0") -> 0 | P122: เซต | Q122: =+O122*C122 -> 0 | R122: =IFERROR(VLOOKUP(A122,'4'!U:V,2,0),"0") -> 0 | S122: เซต | T122: =+R122*C122 -> 0 | U122: =IFERROR(VLOOKUP(A122,'5'!U:V,2,0),"0") -> 0 | V122: เซต | W122: =+U122*C122 -> 0 | X122: =IFERROR(VLOOKUP(A122,'6'!U:V,2,0),"0") -> 0 | Y122: เซต | Z122: =+X122*C122 -> 0 | AA122: =IFERROR(VLOOKUP(A122,'7'!U:V,2,0),"0") -> 0 | AB122: เซต | AC122: =+AA122*C122 -> 0 | AD122: =IFERROR(VLOOKUP(A122,'8'!U:V,2,0),"0") -> 0 | AE122: เซต | AF122: =+AD122*C122 -> 0 | AG122: =IFERROR(VLOOKUP(A122,'9'!U:V,2,0),"0") -> 0 | AH122: เซต | AI122: =+AG122*C122 -> 0 | AJ122: =IFERROR(VLOOKUP(A122,'10'!U:V,2,0),"0") -> 0 | AK122: เซต | AL122: =+AJ122*C122 -> 0 | AM122: =IFERROR(VLOOKUP(A122,'11'!U:V,2,0),"0") -> 0 | AN122: เซต | AO122: =+AM122*C122 -> 0 | AP122: =IFERROR(VLOOKUP(A122,'12'!U:V,2,0),"0") -> 0 | AQ122: เซต | AR122: =+AP122*C122 -> 0 | AS122: =IFERROR(VLOOKUP(A122,'13'!U:V,2,0),"0") -> 0 | AT122: เซต | AU122: =+AS122*C122 -> 0 | AV122: =IFERROR(VLOOKUP(A122,'14'!U:V,2,0),"0") -> 0 | AW122: เซต | AX122: =+AV122*C122 -> 0 | AY122: =IFERROR(VLOOKUP(A122,'15'!U:V,2,0),"0") -> 0 | AZ122: เซต | BA122: =+AY122*C122 -> 0 | BB122: =IFERROR(VLOOKUP(A122,'16'!U:V,2,0),"0") -> 0 | BC122: เซต | BD122: =+BB122*C122 -> 0 | BE122: =IFERROR(VLOOKUP(A122,'17'!U:V,2,0),"0") -> 0 | BF122: เซต | BG122: =+BE122*C122 -> 0 | BH122: =IFERROR(VLOOKUP(A122,'18'!U:V,2,0),"0") -> 0 | BI122: เซต | BJ122: =+BH122*C122 -> 0 | BK122: =IFERROR(VLOOKUP(A122,'19'!U:V,2,0),"0") -> 0 | BL122: เซต | BM122: =+BK122*C122 -> 0 | BN122: =IFERROR(VLOOKUP(A122,'20'!U:V,2,0),"0") -> 0 | BO122: เซต | BP122: =+BN122*C122 -> 0 | BQ122: =IFERROR(VLOOKUP(A122,'21'!U:V,2,0),"0") -> 0 | BR122: เซต | BS122: =+BQ122*C122 -> 0 | BT122: =IFERROR(VLOOKUP(A122,'22'!U:V,2,0),"0") -> 0 | BU122: เซต | BV122: =+BT122*C122 -> 0 | BW122: =IFERROR(VLOOKUP(A122,'23'!U:V,2,0),"0") -> 0 | BX122: เซต | BY122: =+BW122*C122 -> 0 | BZ122: =IFERROR(VLOOKUP(A122,'24'!U:V,2,0),"0") -> 0 | CA122: เซต | CB122: =+BZ122*C122 -> 0 | CC122: =IFERROR(VLOOKUP(A122,'25'!U:V,2,0),"0") -> 0 | CD122: เซต | CE122: =+CC122*C122 -> 0 | CF122: =IFERROR(VLOOKUP(A122,'26'!U:V,2,0),"0") -> 0 | CG122: เซต | CH122: =+CF122*C122 -> 0 | CI122: =IFERROR(VLOOKUP(A122,'27'!U:V,2,0),"0") -> 0 | CJ122: เซต | CK122: =+CI122*C122 -> 0 | CL122: =IFERROR(VLOOKUP(A122,'28'!U:V,2,0),"0") -> 0 | CM122: เซต | CN122: =+CL122*C122 -> 0 | CO122: =IFERROR(VLOOKUP(A122,'29'!U:V,2,0),"0") -> 0 | CP122: เซต | CQ122: =+CO122*C122 -> 0 | CR122: =IFERROR(VLOOKUP(A122,'30'!U:V,2,0),"0") -> 0 | CS122: เซต | CT122: =+CR122*C122 -> 0 | CU122: =IFERROR(VLOOKUP(A122,'31'!U:V,2,0),"0") -> 0 | CV122: เซต | CW122: =+CU122*C122 -> 0 | CX122: =IFERROR(VLOOKUP(A122,'เซต1-31'!V:W,2,0),"0") -> 0 | CY122: เซต | CZ122: =+CX122*CQ122 -> 0
A123: ส100 | B123: ชิฟฟอนไส้แยมรวมรส 3 ชิ้น 3 กล่อง (main) | C123: =11.38*3 -> 34.14 | D123: 3 | E123: =+D123*F123 -> 0 | F123: =+I123+L123+O123+R123+U123+X123+AA123+AD123+AG123+AJ123+AM123+AP123+AS123+AV123+AY123+BB123+BE123+BH123+BK123+BN123+BQ123+BT123+BW123+BZ123+CC123+CF123+CI123+CL123+CO123+CR123+CU123+CX123 -> 0 | G123: เซต | H123: =+F123*C123 -> 0 | I123: =IFERROR(VLOOKUP(A123,'1'!U:V,2,0),"0") -> 0 | J123: เซต | K123: =+I123*C123 -> 0 | L123: =IFERROR(VLOOKUP(A123,'2'!U:V,2,0),"0") -> 0 | M123: เซต | N123: =+L123*C123 -> 0 | O123: =IFERROR(VLOOKUP(A123,'3'!U:V,2,0),"0") -> 0 | P123: เซต | Q123: =+O123*C123 -> 0 | R123: =IFERROR(VLOOKUP(A123,'4'!U:V,2,0),"0") -> 0 | S123: เซต | T123: =+R123*C123 -> 0 | U123: =IFERROR(VLOOKUP(A123,'5'!U:V,2,0),"0") -> 0 | V123: เซต | W123: =+U123*C123 -> 0 | X123: =IFERROR(VLOOKUP(A123,'6'!U:V,2,0),"0") -> 0 | Y123: เซต | Z123: =+X123*C123 -> 0 | AA123: =IFERROR(VLOOKUP(A123,'7'!U:V,2,0),"0") -> 0 | AB123: เซต | AC123: =+AA123*C123 -> 0 | AD123: =IFERROR(VLOOKUP(A123,'8'!U:V,2,0),"0") -> 0 | AE123: เซต | AF123: =+AD123*C123 -> 0 | AG123: =IFERROR(VLOOKUP(A123,'9'!U:V,2,0),"0") -> 0 | AH123: เซต | AI123: =+AG123*C123 -> 0 | AJ123: =IFERROR(VLOOKUP(A123,'10'!U:V,2,0),"0") -> 0 | AK123: เซต | AL123: =+AJ123*C123 -> 0 | AM123: =IFERROR(VLOOKUP(A123,'11'!U:V,2,0),"0") -> 0 | AN123: เซต | AO123: =+AM123*C123 -> 0 | AP123: =IFERROR(VLOOKUP(A123,'12'!U:V,2,0),"0") -> 0 | AQ123: เซต | AR123: =+AP123*C123 -> 0 | AS123: =IFERROR(VLOOKUP(A123,'13'!U:V,2,0),"0") -> 0 | AT123: เซต | AU123: =+AS123*C123 -> 0 | AV123: =IFERROR(VLOOKUP(A123,'14'!U:V,2,0),"0") -> 0 | AW123: เซต | AX123: =+AV123*C123 -> 0 | AY123: =IFERROR(VLOOKUP(A123,'15'!U:V,2,0),"0") -> 0 | AZ123: เซต | BA123: =+AY123*C123 -> 0 | BB123: =IFERROR(VLOOKUP(A123,'16'!U:V,2,0),"0") -> 0 | BC123: เซต | BD123: =+BB123*C123 -> 0 | BE123: =IFERROR(VLOOKUP(A123,'17'!U:V,2,0),"0") -> 0 | BF123: เซต | BG123: =+BE123*C123 -> 0 | BH123: =IFERROR(VLOOKUP(A123,'18'!U:V,2,0),"0") -> 0 | BI123: เซต | BJ123: =+BH123*C123 -> 0 | BK123: =IFERROR(VLOOKUP(A123,'19'!U:V,2,0),"0") -> 0 | BL123: เซต | BM123: =+BK123*C123 -> 0 | BN123: =IFERROR(VLOOKUP(A123,'20'!U:V,2,0),"0") -> 0 | BO123: เซต | BP123: =+BN123*C123 -> 0 | BQ123: =IFERROR(VLOOKUP(A123,'21'!U:V,2,0),"0") -> 0 | BR123: เซต | BS123: =+BQ123*C123 -> 0 | BT123: =IFERROR(VLOOKUP(A123,'22'!U:V,2,0),"0") -> 0 | BU123: เซต | BV123: =+BT123*C123 -> 0 | BW123: =IFERROR(VLOOKUP(A123,'23'!U:V,2,0),"0") -> 0 | BX123: เซต | BY123: =+BW123*C123 -> 0 | BZ123: =IFERROR(VLOOKUP(A123,'24'!U:V,2,0),"0") -> 0 | CA123: เซต | CB123: =+BZ123*C123 -> 0 | CC123: =IFERROR(VLOOKUP(A123,'25'!U:V,2,0),"0") -> 0 | CD123: เซต | CE123: =+CC123*C123 -> 0 | CF123: =IFERROR(VLOOKUP(A123,'26'!U:V,2,0),"0") -> 0 | CG123: เซต | CH123: =+CF123*C123 -> 0 | CI123: =IFERROR(VLOOKUP(A123,'27'!U:V,2,0),"0") -> 0 | CJ123: เซต | CK123: =+CI123*C123 -> 0 | CL123: =IFERROR(VLOOKUP(A123,'28'!U:V,2,0),"0") -> 0 | CM123: เซต | CN123: =+CL123*C123 -> 0 | CO123: =IFERROR(VLOOKUP(A123,'29'!U:V,2,0),"0") -> 0 | CP123: เซต | CQ123: =+CO123*C123 -> 0 | CR123: =IFERROR(VLOOKUP(A123,'30'!U:V,2,0),"0") -> 0 | CS123: เซต | CT123: =+CR123*C123 -> 0 | CU123: =IFERROR(VLOOKUP(A123,'31'!U:V,2,0),"0") -> 0 | CV123: เซต | CW123: =+CU123*C123 -> 0 | CX123: =IFERROR(VLOOKUP(A123,'เซต1-31'!V:W,2,0),"0") -> 0 | CY123: เซต | CZ123: =+CX123*CQ123 -> 0
A124: h003 | B124: ครีมฮอร์น วนิลา เตย ชอค (main) | C124: =12.68*3 -> 38.04 | D124: 1 | E124: =+D124*F124 -> 0 | F124: =+I124+L124+O124+R124+U124+X124+AA124+AD124+AG124+AJ124+AM124+AP124+AS124+AV124+AY124+BB124+BE124+BH124+BK124+BN124+BQ124+BT124+BW124+BZ124+CC124+CF124+CI124+CL124+CO124+CR124+CU124+CX124 -> 0 | G124: เซต | H124: =+F124*C124 -> 0 | I124: =IFERROR(VLOOKUP(A124,'1'!U:V,2,0),"0") -> 0 | J124: เซต | K124: =+I124*C124 -> 0 | L124: =IFERROR(VLOOKUP(A124,'2'!U:V,2,0),"0") -> 0 | M124: เซต | N124: =+L124*C124 -> 0 | O124: =IFERROR(VLOOKUP(A124,'3'!U:V,2,0),"0") -> 0 | P124: เซต | Q124: =+O124*C124 -> 0 | R124: =IFERROR(VLOOKUP(A124,'4'!U:V,2,0),"0") -> 0 | S124: เซต | T124: =+R124*C124 -> 0 | U124: =IFERROR(VLOOKUP(A124,'5'!U:V,2,0),"0") -> 0 | V124: เซต | W124: =+U124*C124 -> 0 | X124: =IFERROR(VLOOKUP(A124,'6'!U:V,2,0),"0") -> 0 | Y124: เซต | Z124: =+X124*C124 -> 0 | AA124: =IFERROR(VLOOKUP(A124,'7'!U:V,2,0),"0") -> 0 | AB124: เซต | AC124: =+AA124*C124 -> 0 | AD124: =IFERROR(VLOOKUP(A124,'8'!U:V,2,0),"0") -> 0 | AE124: เซต | AF124: =+AD124*C124 -> 0 | AG124: =IFERROR(VLOOKUP(A124,'9'!U:V,2,0),"0") -> 0 | AH124: เซต | AI124: =+AG124*C124 -> 0 | AJ124: =IFERROR(VLOOKUP(A124,'10'!U:V,2,0),"0") -> 0 | AK124: เซต | AL124: =+AJ124*C124 -> 0 | AM124: =IFERROR(VLOOKUP(A124,'11'!U:V,2,0),"0") -> 0 | AN124: เซต | AO124: =+AM124*C124 -> 0 | AP124: =IFERROR(VLOOKUP(A124,'12'!U:V,2,0),"0") -> 0 | AQ124: เซต | AR124: =+AP124*C124 -> 0 | AS124: =IFERROR(VLOOKUP(A124,'13'!U:V,2,0),"0") -> 0 | AT124: เซต | AU124: =+AS124*C124 -> 0 | AV124: =IFERROR(VLOOKUP(A124,'14'!U:V,2,0),"0") -> 0 | AW124: เซต | AX124: =+AV124*C124 -> 0 | AY124: =IFERROR(VLOOKUP(A124,'15'!U:V,2,0),"0") -> 0 | AZ124: เซต | BA124: =+AY124*C124 -> 0 | BB124: =IFERROR(VLOOKUP(A124,'16'!U:V,2,0),"0") -> 0 | BC124: เซต | BD124: =+BB124*C124 -> 0 | BE124: =IFERROR(VLOOKUP(A124,'17'!U:V,2,0),"0") -> 0 | BF124: เซต | BG124: =+BE124*C124 -> 0 | BH124: =IFERROR(VLOOKUP(A124,'18'!U:V,2,0),"0") -> 0 | BI124: เซต | BJ124: =+BH124*C124 -> 0 | BK124: =IFERROR(VLOOKUP(A124,'19'!U:V,2,0),"0") -> 0 | BL124: เซต | BM124: =+BK124*C124 -> 0 | BN124: =IFERROR(VLOOKUP(A124,'20'!U:V,2,0),"0") -> 0 | BO124: เซต | BP124: =+BN124*C124 -> 0 | BQ124: =IFERROR(VLOOKUP(A124,'21'!U:V,2,0),"0") -> 0 | BR124: เซต | BS124: =+BQ124*C124 -> 0 | BT124: =IFERROR(VLOOKUP(A124,'22'!U:V,2,0),"0") -> 0 | BU124: เซต | BV124: =+BT124*C124 -> 0 | BW124: =IFERROR(VLOOKUP(A124,'23'!U:V,2,0),"0") -> 0 | BX124: เซต | BY124: =+BW124*C124 -> 0 | BZ124: =IFERROR(VLOOKUP(A124,'24'!U:V,2,0),"0") -> 0 | CA124: เซต | CB124: =+BZ124*C124 -> 0 | CC124: =IFERROR(VLOOKUP(A124,'25'!U:V,2,0),"0") -> 0 | CD124: เซต | CE124: =+CC124*C124 -> 0 | CF124: =IFERROR(VLOOKUP(A124,'26'!U:V,2,0),"0") -> 0 | CG124: เซต | CH124: =+CF124*C124 -> 0 | CI124: =IFERROR(VLOOKUP(A124,'27'!U:V,2,0),"0") -> 0 | CJ124: เซต | CK124: =+CI124*C124 -> 0 | CL124: =IFERROR(VLOOKUP(A124,'28'!U:V,2,0),"0") -> 0 | CM124: เซต | CN124: =+CL124*C124 -> 0 | CO124: =IFERROR(VLOOKUP(A124,'29'!U:V,2,0),"0") -> 0 | CP124: เซต | CQ124: =+CO124*C124 -> 0 | CR124: =IFERROR(VLOOKUP(A124,'30'!U:V,2,0),"0") -> 0 | CS124: เซต | CT124: =+CR124*C124 -> 0 | CU124: =IFERROR(VLOOKUP(A124,'31'!U:V,2,0),"0") -> 0 | CV124: เซต | CW124: =+CU124*C124 -> 0 | CX124: =IFERROR(VLOOKUP(A124,'เซต1-31'!V:W,2,0),"0") -> 0 | CY124: เซต | CZ124: =+CX124*CQ124 -> 0
A125: ช100 | B125: ชิฟฟอนไม่มีไส้ 4 ชิ้น 3 กล่อง (main) | C125: =+C6*3 -> 58.74 | D125: 3 | E125: =+D125*F125 -> 0 | F125: =+I125+L125+O125+R125+U125+X125+AA125+AD125+AG125+AJ125+AM125+AP125+AS125+AV125+AY125+BB125+BE125+BH125+BK125+BN125+BQ125+BT125+BW125+BZ125+CC125+CF125+CI125+CL125+CO125+CR125+CU125+CX125 -> 0 | G125: เซต | H125: =+F125*C125 -> 0 | I125: =IFERROR(VLOOKUP(A125,'1'!U:V,2,0),"0") -> 0 | J125: เซต | K125: =+I125*C125 -> 0 | L125: =IFERROR(VLOOKUP(A125,'2'!U:V,2,0),"0") -> 0 | M125: เซต | N125: =+L125*C125 -> 0 | O125: =IFERROR(VLOOKUP(A125,'3'!U:V,2,0),"0") -> 0 | P125: เซต | Q125: =+O125*C125 -> 0 | R125: =IFERROR(VLOOKUP(A125,'4'!U:V,2,0),"0") -> 0 | S125: เซต | T125: =+R125*C125 -> 0 | U125: =IFERROR(VLOOKUP(A125,'5'!U:V,2,0),"0") -> 0 | V125: เซต | W125: =+U125*C125 -> 0 | X125: =IFERROR(VLOOKUP(A125,'6'!U:V,2,0),"0") -> 0 | Y125: เซต | Z125: =+X125*C125 -> 0 | AA125: =IFERROR(VLOOKUP(A125,'7'!U:V,2,0),"0") -> 0 | AB125: เซต | AC125: =+AA125*C125 -> 0 | AD125: =IFERROR(VLOOKUP(A125,'8'!U:V,2,0),"0") -> 0 | AE125: เซต | AF125: =+AD125*C125 -> 0 | AG125: =IFERROR(VLOOKUP(A125,'9'!U:V,2,0),"0") -> 0 | AH125: เซต | AI125: =+AG125*C125 -> 0 | AJ125: =IFERROR(VLOOKUP(A125,'10'!U:V,2,0),"0") -> 0 | AK125: เซต | AL125: =+AJ125*C125 -> 0 | AM125: =IFERROR(VLOOKUP(A125,'11'!U:V,2,0),"0") -> 0 | AN125: เซต | AO125: =+AM125*C125 -> 0 | AP125: =IFERROR(VLOOKUP(A125,'12'!U:V,2,0),"0") -> 0 | AQ125: เซต | AR125: =+AP125*C125 -> 0 | AS125: =IFERROR(VLOOKUP(A125,'13'!U:V,2,0),"0") -> 0 | AT125: เซต | AU125: =+AS125*C125 -> 0 | AV125: =IFERROR(VLOOKUP(A125,'14'!U:V,2,0),"0") -> 0 | AW125: เซต | AX125: =+AV125*C125 -> 0 | AY125: =IFERROR(VLOOKUP(A125,'15'!U:V,2,0),"0") -> 0 | AZ125: เซต | BA125: =+AY125*C125 -> 0 | BB125: =IFERROR(VLOOKUP(A125,'16'!U:V,2,0),"0") -> 0 | BC125: เซต | BD125: =+BB125*C125 -> 0 | BE125: =IFERROR(VLOOKUP(A125,'17'!U:V,2,0),"0") -> 0 | BF125: เซต | BG125: =+BE125*C125 -> 0 | BH125: =IFERROR(VLOOKUP(A125,'18'!U:V,2,0),"0") -> 0 | BI125: เซต | BJ125: =+BH125*C125 -> 0 | BK125: =IFERROR(VLOOKUP(A125,'19'!U:V,2,0),"0") -> 0 | BL125: เซต | BM125: =+BK125*C125 -> 0 | BN125: =IFERROR(VLOOKUP(A125,'20'!U:V,2,0),"0") -> 0 | BO125: เซต | BP125: =+BN125*C125 -> 0 | BQ125: =IFERROR(VLOOKUP(A125,'21'!U:V,2,0),"0") -> 0 | BR125: เซต | BS125: =+BQ125*C125 -> 0 | BT125: =IFERROR(VLOOKUP(A125,'22'!U:V,2,0),"0") -> 0 | BU125: เซต | BV125: =+BT125*C125 -> 0 | BW125: =IFERROR(VLOOKUP(A125,'23'!U:V,2,0),"0") -> 0 | BX125: เซต | BY125: =+BW125*C125 -> 0 | BZ125: =IFERROR(VLOOKUP(A125,'24'!U:V,2,0),"0") -> 0 | CA125: เซต | CB125: =+BZ125*C125 -> 0 | CC125: =IFERROR(VLOOKUP(A125,'25'!U:V,2,0),"0") -> 0 | CD125: เซต | CE125: =+CC125*C125 -> 0 | CF125: =IFERROR(VLOOKUP(A125,'26'!U:V,2,0),"0") -> 0 | CG125: เซต | CH125: =+CF125*C125 -> 0 | CI125: =IFERROR(VLOOKUP(A125,'27'!U:V,2,0),"0") -> 0 | CJ125: เซต | CK125: =+CI125*C125 -> 0 | CL125: =IFERROR(VLOOKUP(A125,'28'!U:V,2,0),"0") -> 0 | CM125: เซต | CN125: =+CL125*C125 -> 0 | CO125: =IFERROR(VLOOKUP(A125,'29'!U:V,2,0),"0") -> 0 | CP125: เซต | CQ125: =+CO125*C125 -> 0 | CR125: =IFERROR(VLOOKUP(A125,'30'!U:V,2,0),"0") -> 0 | CS125: เซต | CT125: =+CR125*C125 -> 0 | CU125: =IFERROR(VLOOKUP(A125,'31'!U:V,2,0),"0") -> 0 | CV125: เซต | CW125: =+CU125*C125 -> 0 | CX125: =IFERROR(VLOOKUP(A125,'เซต1-31'!V:W,2,0),"0") -> 0 | CY125: เซต | CZ125: =+CX125*CQ125 -> 0
A126: 1111084 | B126: ชิฟฟ่อนไม่มีไส้ แบบกล่อง8ชิ้น รวมรส (กาแฟล้วน) | C126: 33.89 | D126: 1 | E126: =+D126*F126 -> 0 | F126: =+I126+L126+O126+R126+U126+X126+AA126+AD126+AG126+AJ126+AM126+AP126+AS126+AV126+AY126+BB126+BE126+BH126+BK126+BN126+BQ126+BT126+BW126+BZ126+CC126+CF126+CI126+CL126+CO126+CR126+CU126+CX126 -> 0 | G126: กล่อง | H126: =+F126*C126 -> 0 | I126: =IFERROR(VLOOKUP(A126,'1'!U:V,2,0),"0") -> 0 | J126: กล่อง | K126: =+I126*C126 -> 0 | L126: =IFERROR(VLOOKUP(A126,'2'!U:V,2,0),"0") -> 0 | M126: กล่อง | N126: =+L126*C126 -> 0 | O126: =IFERROR(VLOOKUP(A126,'3'!U:V,2,0),"0") -> 0 | P126: กล่อง | Q126: =+O126*C126 -> 0 | R126: =IFERROR(VLOOKUP(A126,'4'!U:V,2,0),"0") -> 0 | S126: กล่อง | T126: =+R126*C126 -> 0 | U126: =IFERROR(VLOOKUP(A126,'5'!U:V,2,0),"0") -> 0 | V126: กล่อง | W126: =+U126*C126 -> 0 | X126: =IFERROR(VLOOKUP(A126,'6'!U:V,2,0),"0") -> 0 | Y126: กล่อง | Z126: =+X126*C126 -> 0 | AA126: =IFERROR(VLOOKUP(A126,'7'!U:V,2,0),"0") -> 0 | AB126: กล่อง | AC126: =+AA126*C126 -> 0 | AD126: =IFERROR(VLOOKUP(A126,'8'!U:V,2,0),"0") -> 0 | AE126: กล่อง | AF126: =+AD126*C126 -> 0 | AG126: =IFERROR(VLOOKUP(A126,'9'!U:V,2,0),"0") -> 0 | AH126: กล่อง | AI126: =+AG126*C126 -> 0 | AJ126: =IFERROR(VLOOKUP(A126,'10'!U:V,2,0),"0") -> 0 | AK126: กล่อง | AL126: =+AJ126*C126 -> 0 | AM126: =IFERROR(VLOOKUP(A126,'11'!U:V,2,0),"0") -> 0 | AN126: กล่อง | AO126: =+AM126*C126 -> 0 | AP126: =IFERROR(VLOOKUP(A126,'12'!U:V,2,0),"0") -> 0 | AQ126: กล่อง | AR126: =+AP126*C126 -> 0 | AS126: =IFERROR(VLOOKUP(A126,'13'!U:V,2,0),"0") -> 0 | AT126: กล่อง | AU126: =+AS126*C126 -> 0 | AV126: =IFERROR(VLOOKUP(A126,'14'!U:V,2,0),"0") -> 0 | AW126: กล่อง | AX126: =+AV126*C126 -> 0 | AY126: =IFERROR(VLOOKUP(A126,'15'!U:V,2,0),"0") -> 0 | AZ126: กล่อง | BA126: =+AY126*C126 -> 0 | BB126: =IFERROR(VLOOKUP(A126,'16'!U:V,2,0),"0") -> 0 | BC126: กล่อง | BD126: =+BB126*C126 -> 0 | BE126: =IFERROR(VLOOKUP(A126,'17'!U:V,2,0),"0") -> 0 | BF126: กล่อง | BG126: =+BE126*C126 -> 0 | BH126: =IFERROR(VLOOKUP(A126,'18'!U:V,2,0),"0") -> 0 | BI126: กล่อง | BJ126: =+BH126*C126 -> 0 | BK126: =IFERROR(VLOOKUP(A126,'19'!U:V,2,0),"0") -> 0 | BL126: กล่อง | BM126: =+BK126*C126 -> 0 | BN126: =IFERROR(VLOOKUP(A126,'20'!U:V,2,0),"0") -> 0 | BO126: กล่อง | BP126: =+BN126*C126 -> 0 | BQ126: =IFERROR(VLOOKUP(A126,'21'!U:V,2,0),"0") -> 0 | BR126: กล่อง | BS126: =+BQ126*C126 -> 0 | BT126: =IFERROR(VLOOKUP(A126,'22'!U:V,2,0),"0") -> 0 | BU126: กล่อง | BV126: =+BT126*C126 -> 0 | BW126: =IFERROR(VLOOKUP(A126,'23'!U:V,2,0),"0") -> 0 | BX126: กล่อง | BY126: =+BW126*C126 -> 0 | BZ126: =IFERROR(VLOOKUP(A126,'24'!U:V,2,0),"0") -> 0 | CA126: กล่อง | CB126: =+BZ126*C126 -> 0 | CC126: =IFERROR(VLOOKUP(A126,'25'!U:V,2,0),"0") -> 0 | CD126: กล่อง | CE126: =+CC126*C126 -> 0 | CF126: =IFERROR(VLOOKUP(A126,'26'!U:V,2,0),"0") -> 0 | CG126: กล่อง | CH126: =+CF126*C126 -> 0 | CI126: =IFERROR(VLOOKUP(A126,'27'!U:V,2,0),"0") -> 0 | CJ126: กล่อง | CK126: =+CI126*C126 -> 0 | CL126: =IFERROR(VLOOKUP(A126,'28'!U:V,2,0),"0") -> 0 | CM126: กล่อง | CN126: =+CL126*C126 -> 0 | CO126: =IFERROR(VLOOKUP(A126,'29'!U:V,2,0),"0") -> 0 | CP126: กล่อง | CQ126: =+CO126*C126 -> 0 | CR126: =IFERROR(VLOOKUP(A126,'30'!U:V,2,0),"0") -> 0 | CS126: กล่อง | CT126: =+CR126*C126 -> 0 | CU126: =IFERROR(VLOOKUP(A126,'31'!U:V,2,0),"0") -> 0 | CV126: กล่อง | CW126: =+CU126*C126 -> 0 | CX126: =IFERROR(VLOOKUP(A126,'เซต1-31'!V:W,2,0),"0") -> 0 | CY126: กล่อง | CZ126: =+CX126*CQ126 -> 0
A127: 1111024 | B127: ชิฟฟ่อน สอดไส้แยม ขนาด3 ชิ้น มีรสให้เลือก 7 รส (ส้ม) | C127: =11.38*3 -> 34.14 | D127: 1 | E127: =+D127*F127 -> 0 | F127: =+I127+L127+O127+R127+U127+X127+AA127+AD127+AG127+AJ127+AM127+AP127+AS127+AV127+AY127+BB127+BE127+BH127+BK127+BN127+BQ127+BT127+BW127+BZ127+CC127+CF127+CI127+CL127+CO127+CR127+CU127+CX127 -> 0 | G127: กล่อง | H127: =+F127*C127 -> 0 | I127: =IFERROR(VLOOKUP(A127,'1'!U:V,2,0),"0") -> 0 | J127: กล่อง | K127: =+I127*C127 -> 0 | L127: =IFERROR(VLOOKUP(A127,'2'!U:V,2,0),"0") -> 0 | M127: กล่อง | N127: =+L127*C127 -> 0 | O127: =IFERROR(VLOOKUP(A127,'3'!U:V,2,0),"0") -> 0 | P127: กล่อง | Q127: =+O127*C127 -> 0 | R127: =IFERROR(VLOOKUP(A127,'4'!U:V,2,0),"0") -> 0 | S127: กล่อง | T127: =+R127*C127 -> 0 | U127: =IFERROR(VLOOKUP(A127,'5'!U:V,2,0),"0") -> 0 | V127: กล่อง | W127: =+U127*C127 -> 0 | X127: =IFERROR(VLOOKUP(A127,'6'!U:V,2,0),"0") -> 0 | Y127: กล่อง | Z127: =+X127*C127 -> 0 | AA127: =IFERROR(VLOOKUP(A127,'7'!U:V,2,0),"0") -> 0 | AB127: กล่อง | AC127: =+AA127*C127 -> 0 | AD127: =IFERROR(VLOOKUP(A127,'8'!U:V,2,0),"0") -> 0 | AE127: กล่อง | AF127: =+AD127*C127 -> 0 | AG127: =IFERROR(VLOOKUP(A127,'9'!U:V,2,0),"0") -> 0 | AH127: กล่อง | AI127: =+AG127*C127 -> 0 | AJ127: =IFERROR(VLOOKUP(A127,'10'!U:V,2,0),"0") -> 0 | AK127: กล่อง | AL127: =+AJ127*C127 -> 0 | AM127: =IFERROR(VLOOKUP(A127,'11'!U:V,2,0),"0") -> 0 | AN127: กล่อง | AO127: =+AM127*C127 -> 0 | AP127: =IFERROR(VLOOKUP(A127,'12'!U:V,2,0),"0") -> 0 | AQ127: กล่อง | AR127: =+AP127*C127 -> 0 | AS127: =IFERROR(VLOOKUP(A127,'13'!U:V,2,0),"0") -> 0 | AT127: กล่อง | AU127: =+AS127*C127 -> 0 | AV127: =IFERROR(VLOOKUP(A127,'14'!U:V,2,0),"0") -> 0 | AW127: กล่อง | AX127: =+AV127*C127 -> 0 | AY127: =IFERROR(VLOOKUP(A127,'15'!U:V,2,0),"0") -> 0 | AZ127: กล่อง | BA127: =+AY127*C127 -> 0 | BB127: =IFERROR(VLOOKUP(A127,'16'!U:V,2,0),"0") -> 0 | BC127: กล่อง | BD127: =+BB127*C127 -> 0 | BE127: =IFERROR(VLOOKUP(A127,'17'!U:V,2,0),"0") -> 0 | BF127: กล่อง | BG127: =+BE127*C127 -> 0 | BH127: =IFERROR(VLOOKUP(A127,'18'!U:V,2,0),"0") -> 0 | BI127: กล่อง | BJ127: =+BH127*C127 -> 0 | BK127: =IFERROR(VLOOKUP(A127,'19'!U:V,2,0),"0") -> 0 | BL127: กล่อง | BM127: =+BK127*C127 -> 0 | BN127: =IFERROR(VLOOKUP(A127,'20'!U:V,2,0),"0") -> 0 | BO127: กล่อง | BP127: =+BN127*C127 -> 0 | BQ127: =IFERROR(VLOOKUP(A127,'21'!U:V,2,0),"0") -> 0 | BR127: กล่อง | BS127: =+BQ127*C127 -> 0 | BT127: =IFERROR(VLOOKUP(A127,'22'!U:V,2,0),"0") -> 0 | BU127: กล่อง | BV127: =+BT127*C127 -> 0 | BW127: =IFERROR(VLOOKUP(A127,'23'!U:V,2,0),"0") -> 0 | BX127: กล่อง | BY127: =+BW127*C127 -> 0 | BZ127: =IFERROR(VLOOKUP(A127,'24'!U:V,2,0),"0") -> 0 | CA127: กล่อง | CB127: =+BZ127*C127 -> 0 | CC127: =IFERROR(VLOOKUP(A127,'25'!U:V,2,0),"0") -> 0 | CD127: กล่อง | CE127: =+CC127*C127 -> 0 | CF127: =IFERROR(VLOOKUP(A127,'26'!U:V,2,0),"0") -> 0 | CG127: กล่อง | CH127: =+CF127*C127 -> 0 | CI127: =IFERROR(VLOOKUP(A127,'27'!U:V,2,0),"0") -> 0 | CJ127: กล่อง | CK127: =+CI127*C127 -> 0 | CL127: =IFERROR(VLOOKUP(A127,'28'!U:V,2,0),"0") -> 0 | CM127: กล่อง | CN127: =+CL127*C127 -> 0 | CO127: =IFERROR(VLOOKUP(A127,'29'!U:V,2,0),"0") -> 0 | CP127: กล่อง | CQ127: =+CO127*C127 -> 0 | CR127: =IFERROR(VLOOKUP(A127,'30'!U:V,2,0),"0") -> 0 | CS127: กล่อง | CT127: =+CR127*C127 -> 0 | CU127: =IFERROR(VLOOKUP(A127,'31'!U:V,2,0),"0") -> 0 | CV127: กล่อง | CW127: =+CU127*C127 -> 0 | CX127: =IFERROR(VLOOKUP(A127,'เซต1-31'!V:W,2,0),"0") -> 0 | CY127: กล่อง | CZ127: =+CX127*CQ127 -> 0
A128: 1111086 | B128: ชิฟฟ่อนไม่มีไส้ แบบกล่อง8ชิ้น รวมรส (มะพร้าวล้วน) | C128: 36.79 | D128: 1 | E128: =+D128*F128 -> 0 | F128: =+I128+L128+O128+R128+U128+X128+AA128+AD128+AG128+AJ128+AM128+AP128+AS128+AV128+AY128+BB128+BE128+BH128+BK128+BN128+BQ128+BT128+BW128+BZ128+CC128+CF128+CI128+CL128+CO128+CR128+CU128+CX128 -> 0 | G128: กล่อง | H128: =+F128*C128 -> 0 | I128: =IFERROR(VLOOKUP(A128,'1'!U:V,2,0),"0") -> 0 | J128: กล่อง | K128: =+I128*C128 -> 0 | L128: =IFERROR(VLOOKUP(A128,'2'!U:V,2,0),"0") -> 0 | M128: กล่อง | N128: =+L128*C128 -> 0 | O128: =IFERROR(VLOOKUP(A128,'3'!U:V,2,0),"0") -> 0 | P128: กล่อง | Q128: =+O128*C128 -> 0 | R128: =IFERROR(VLOOKUP(A128,'4'!U:V,2,0),"0") -> 0 | S128: กล่อง | T128: =+R128*C128 -> 0 | U128: =IFERROR(VLOOKUP(A128,'5'!U:V,2,0),"0") -> 0 | V128: กล่อง | W128: =+U128*C128 -> 0 | X128: =IFERROR(VLOOKUP(A128,'6'!U:V,2,0),"0") -> 0 | Y128: กล่อง | Z128: =+X128*C128 -> 0 | AA128: =IFERROR(VLOOKUP(A128,'7'!U:V,2,0),"0") -> 0 | AB128: กล่อง | AC128: =+AA128*C128 -> 0 | AD128: =IFERROR(VLOOKUP(A128,'8'!U:V,2,0),"0") -> 0 | AE128: กล่อง | AF128: =+AD128*C128 -> 0 | AG128: =IFERROR(VLOOKUP(A128,'9'!U:V,2,0),"0") -> 0 | AH128: กล่อง | AI128: =+AG128*C128 -> 0 | AJ128: =IFERROR(VLOOKUP(A128,'10'!U:V,2,0),"0") -> 0 | AK128: กล่อง | AL128: =+AJ128*C128 -> 0 | AM128: =IFERROR(VLOOKUP(A128,'11'!U:V,2,0),"0") -> 0 | AN128: กล่อง | AO128: =+AM128*C128 -> 0 | AP128: =IFERROR(VLOOKUP(A128,'12'!U:V,2,0),"0") -> 0 | AQ128: กล่อง | AR128: =+AP128*C128 -> 0 | AS128: =IFERROR(VLOOKUP(A128,'13'!U:V,2,0),"0") -> 0 | AT128: กล่อง | AU128: =+AS128*C128 -> 0 | AV128: =IFERROR(VLOOKUP(A128,'14'!U:V,2,0),"0") -> 0 | AW128: กล่อง | AX128: =+AV128*C128 -> 0 | AY128: =IFERROR(VLOOKUP(A128,'15'!U:V,2,0),"0") -> 0 | AZ128: กล่อง | BA128: =+AY128*C128 -> 0 | BB128: =IFERROR(VLOOKUP(A128,'16'!U:V,2,0),"0") -> 0 | BC128: กล่อง | BD128: =+BB128*C128 -> 0 | BE128: =IFERROR(VLOOKUP(A128,'17'!U:V,2,0),"0") -> 0 | BF128: กล่อง | BG128: =+BE128*C128 -> 0 | BH128: =IFERROR(VLOOKUP(A128,'18'!U:V,2,0),"0") -> 0 | BI128: กล่อง | BJ128: =+BH128*C128 -> 0 | BK128: =IFERROR(VLOOKUP(A128,'19'!U:V,2,0),"0") -> 0 | BL128: กล่อง | BM128: =+BK128*C128 -> 0 | BN128: =IFERROR(VLOOKUP(A128,'20'!U:V,2,0),"0") -> 0 | BO128: กล่อง | BP128: =+BN128*C128 -> 0 | BQ128: =IFERROR(VLOOKUP(A128,'21'!U:V,2,0),"0") -> 0 | BR128: กล่อง | BS128: =+BQ128*C128 -> 0 | BT128: =IFERROR(VLOOKUP(A128,'22'!U:V,2,0),"0") -> 0 | BU128: กล่อง | BV128: =+BT128*C128 -> 0 | BW128: =IFERROR(VLOOKUP(A128,'23'!U:V,2,0),"0") -> 0 | BX128: กล่อง | BY128: =+BW128*C128 -> 0 | BZ128: =IFERROR(VLOOKUP(A128,'24'!U:V,2,0),"0") -> 0 | CA128: กล่อง | CB128: =+BZ128*C128 -> 0 | CC128: =IFERROR(VLOOKUP(A128,'25'!U:V,2,0),"0") -> 0 | CD128: กล่อง | CE128: =+CC128*C128 -> 0 | CF128: =IFERROR(VLOOKUP(A128,'26'!U:V,2,0),"0") -> 0 | CG128: กล่อง | CH128: =+CF128*C128 -> 0 | CI128: =IFERROR(VLOOKUP(A128,'27'!U:V,2,0),"0") -> 0 | CJ128: กล่อง | CK128: =+CI128*C128 -> 0 | CL128: =IFERROR(VLOOKUP(A128,'28'!U:V,2,0),"0") -> 0 | CM128: กล่อง | CN128: =+CL128*C128 -> 0 | CO128: =IFERROR(VLOOKUP(A128,'29'!U:V,2,0),"0") -> 0 | CP128: กล่อง | CQ128: =+CO128*C128 -> 0 | CR128: =IFERROR(VLOOKUP(A128,'30'!U:V,2,0),"0") -> 0 | CS128: กล่อง | CT128: =+CR128*C128 -> 0 | CU128: =IFERROR(VLOOKUP(A128,'31'!U:V,2,0),"0") -> 0 | CV128: กล่อง | CW128: =+CU128*C128 -> 0 | CX128: =IFERROR(VLOOKUP(A128,'เซต1-31'!V:W,2,0),"0") -> 0 | CY128: กล่อง | CZ128: =+CX128*CQ128 -> 0
A129: 1100001-A | B129: วรรณวนัช ทาร์ตสับปะรดแบบชิ้น อร่อยนุ่ม | C129: 22.02 | D129: 1 | E129: =+D129*F129 -> 0 | F129: =+I129+L129+O129+R129+U129+X129+AA129+AD129+AG129+AJ129+AM129+AP129+AS129+AV129+AY129+BB129+BE129+BH129+BK129+BN129+BQ129+BT129+BW129+BZ129+CC129+CF129+CI129+CL129+CO129+CR129+CU129+CX129 -> 0 | G129: กล่อง | H129: =+F129*C129 -> 0 | I129: =IFERROR(VLOOKUP(A129,'1'!U:V,2,0),"0") -> 0 | J129: กล่อง | K129: =+I129*C129 -> 0 | L129: =IFERROR(VLOOKUP(A129,'2'!U:V,2,0),"0") -> 0 | M129: กล่อง | N129: =+L129*C129 -> 0 | O129: =IFERROR(VLOOKUP(A129,'3'!U:V,2,0),"0") -> 0 | P129: กล่อง | Q129: =+O129*C129 -> 0 | R129: =IFERROR(VLOOKUP(A129,'4'!U:V,2,0),"0") -> 0 | S129: กล่อง | T129: =+R129*C129 -> 0 | U129: =IFERROR(VLOOKUP(A129,'5'!U:V,2,0),"0") -> 0 | V129: กล่อง | W129: =+U129*C129 -> 0 | X129: =IFERROR(VLOOKUP(A129,'6'!U:V,2,0),"0") -> 0 | Y129: กล่อง | Z129: =+X129*C129 -> 0 | AA129: =IFERROR(VLOOKUP(A129,'7'!U:V,2,0),"0") -> 0 | AB129: กล่อง | AC129: =+AA129*C129 -> 0 | AD129: =IFERROR(VLOOKUP(A129,'8'!U:V,2,0),"0") -> 0 | AE129: กล่อง | AF129: =+AD129*C129 -> 0 | AG129: =IFERROR(VLOOKUP(A129,'9'!U:V,2,0),"0") -> 0 | AH129: กล่อง | AI129: =+AG129*C129 -> 0 | AJ129: =IFERROR(VLOOKUP(A129,'10'!U:V,2,0),"0") -> 0 | AK129: กล่อง | AL129: =+AJ129*C129 -> 0 | AM129: =IFERROR(VLOOKUP(A129,'11'!U:V,2,0),"0") -> 0 | AN129: กล่อง | AO129: =+AM129*C129 -> 0 | AP129: =IFERROR(VLOOKUP(A129,'12'!U:V,2,0),"0") -> 0 | AQ129: กล่อง | AR129: =+AP129*C129 -> 0 | AS129: =IFERROR(VLOOKUP(A129,'13'!U:V,2,0),"0") -> 0 | AT129: กล่อง | AU129: =+AS129*C129 -> 0 | AV129: =IFERROR(VLOOKUP(A129,'14'!U:V,2,0),"0") -> 0 | AW129: กล่อง | AX129: =+AV129*C129 -> 0 | AY129: =IFERROR(VLOOKUP(A129,'15'!U:V,2,0),"0") -> 0 | AZ129: กล่อง | BA129: =+AY129*C129 -> 0 | BB129: =IFERROR(VLOOKUP(A129,'16'!U:V,2,0),"0") -> 0 | BC129: กล่อง | BD129: =+BB129*C129 -> 0 | BE129: =IFERROR(VLOOKUP(A129,'17'!U:V,2,0),"0") -> 0 | BF129: กล่อง | BG129: =+BE129*C129 -> 0 | BH129: =IFERROR(VLOOKUP(A129,'18'!U:V,2,0),"0") -> 0 | BI129: กล่อง | BJ129: =+BH129*C129 -> 0 | BK129: =IFERROR(VLOOKUP(A129,'19'!U:V,2,0),"0") -> 0 | BL129: กล่อง | BM129: =+BK129*C129 -> 0 | BN129: =IFERROR(VLOOKUP(A129,'20'!U:V,2,0),"0") -> 0 | BO129: กล่อง | BP129: =+BN129*C129 -> 0 | BQ129: =IFERROR(VLOOKUP(A129,'21'!U:V,2,0),"0") -> 0 | BR129: กล่อง | BS129: =+BQ129*C129 -> 0 | BT129: =IFERROR(VLOOKUP(A129,'22'!U:V,2,0),"0") -> 0 | BU129: กล่อง | BV129: =+BT129*C129 -> 0 | BW129: =IFERROR(VLOOKUP(A129,'23'!U:V,2,0),"0") -> 0 | BX129: กล่อง | BY129: =+BW129*C129 -> 0 | BZ129: =IFERROR(VLOOKUP(A129,'24'!U:V,2,0),"0") -> 0 | CA129: กล่อง | CB129: =+BZ129*C129 -> 0 | CC129: =IFERROR(VLOOKUP(A129,'25'!U:V,2,0),"0") -> 0 | CD129: กล่อง | CE129: =+CC129*C129 -> 0 | CF129: =IFERROR(VLOOKUP(A129,'26'!U:V,2,0),"0") -> 0 | CG129: กล่อง | CH129: =+CF129*C129 -> 0 | CI129: =IFERROR(VLOOKUP(A129,'27'!U:V,2,0),"0") -> 0 | CJ129: กล่อง | CK129: =+CI129*C129 -> 0 | CL129: =IFERROR(VLOOKUP(A129,'28'!U:V,2,0),"0") -> 0 | CM129: กล่อง | CN129: =+CL129*C129 -> 0 | CO129: =IFERROR(VLOOKUP(A129,'29'!U:V,2,0),"0") -> 0 | CP129: กล่อง | CQ129: =+CO129*C129 -> 0 | CR129: =IFERROR(VLOOKUP(A129,'30'!U:V,2,0),"0") -> 0 | CS129: กล่อง | CT129: =+CR129*C129 -> 0 | CU129: =IFERROR(VLOOKUP(A129,'31'!U:V,2,0),"0") -> 0 | CV129: กล่อง | CW129: =+CU129*C129 -> 0 | CX129: =IFERROR(VLOOKUP(A129,'เซต1-31'!V:W,2,0),"0") -> 0 | CY129: กล่อง | CZ129: =+CX129*CQ129 -> 0
A130: 1111016 | B130: ชิฟฟ่อนสอดไส้ แยม 1กล่อง มี6ชิ้น (มะพร้าว) | C130: 24.8 | D130: 1 | E130: =+D130*F130 -> 5 | F130: =+I130+L130+O130+R130+U130+X130+AA130+AD130+AG130+AJ130+AM130+AP130+AS130+AV130+AY130+BB130+BE130+BH130+BK130+BN130+BQ130+BT130+BW130+BZ130+CC130+CF130+CI130+CL130+CO130+CR130+CU130+CX130 -> 5 | G130: กล่อง | H130: =+F130*C130 -> 124 | I130: =IFERROR(VLOOKUP(A130,'1'!U:V,2,0),"0") -> 0 | J130: กล่อง | K130: =+I130*C130 -> 0 | L130: =IFERROR(VLOOKUP(A130,'2'!U:V,2,0),"0") -> 0 | M130: กล่อง | N130: =+L130*C130 -> 0 | O130: =IFERROR(VLOOKUP(A130,'3'!U:V,2,0),"0") -> 5 | P130: กล่อง | Q130: =+O130*C130 -> 124 | R130: =IFERROR(VLOOKUP(A130,'4'!U:V,2,0),"0") -> 0 | S130: กล่อง | T130: =+R130*C130 -> 0 | U130: =IFERROR(VLOOKUP(A130,'5'!U:V,2,0),"0") -> 0 | V130: กล่อง | W130: =+U130*C130 -> 0 | X130: =IFERROR(VLOOKUP(A130,'6'!U:V,2,0),"0") -> 0 | Y130: กล่อง | Z130: =+X130*C130 -> 0 | AA130: =IFERROR(VLOOKUP(A130,'7'!U:V,2,0),"0") -> 0 | AB130: กล่อง | AC130: =+AA130*C130 -> 0 | AD130: =IFERROR(VLOOKUP(A130,'8'!U:V,2,0),"0") -> 0 | AE130: กล่อง | AF130: =+AD130*C130 -> 0 | AG130: =IFERROR(VLOOKUP(A130,'9'!U:V,2,0),"0") -> 0 | AH130: กล่อง | AI130: =+AG130*C130 -> 0 | AJ130: =IFERROR(VLOOKUP(A130,'10'!U:V,2,0),"0") -> 0 | AK130: กล่อง | AL130: =+AJ130*C130 -> 0 | AM130: =IFERROR(VLOOKUP(A130,'11'!U:V,2,0),"0") -> 0 | AN130: กล่อง | AO130: =+AM130*C130 -> 0 | AP130: =IFERROR(VLOOKUP(A130,'12'!U:V,2,0),"0") -> 0 | AQ130: กล่อง | AR130: =+AP130*C130 -> 0 | AS130: =IFERROR(VLOOKUP(A130,'13'!U:V,2,0),"0") -> 0 | AT130: กล่อง | AU130: =+AS130*C130 -> 0 | AV130: =IFERROR(VLOOKUP(A130,'14'!U:V,2,0),"0") -> 0 | AW130: กล่อง | AX130: =+AV130*C130 -> 0 | AY130: =IFERROR(VLOOKUP(A130,'15'!U:V,2,0),"0") -> 0 | AZ130: กล่อง | BA130: =+AY130*C130 -> 0 | BB130: =IFERROR(VLOOKUP(A130,'16'!U:V,2,0),"0") -> 0 | BC130: กล่อง | BD130: =+BB130*C130 -> 0 | BE130: =IFERROR(VLOOKUP(A130,'17'!U:V,2,0),"0") -> 0 | BF130: กล่อง | BG130: =+BE130*C130 -> 0 | BH130: =IFERROR(VLOOKUP(A130,'18'!U:V,2,0),"0") -> 0 | BI130: กล่อง | BJ130: =+BH130*C130 -> 0 | BK130: =IFERROR(VLOOKUP(A130,'19'!U:V,2,0),"0") -> 0 | BL130: กล่อง | BM130: =+BK130*C130 -> 0 | BN130: =IFERROR(VLOOKUP(A130,'20'!U:V,2,0),"0") -> 0 | BO130: กล่อง | BP130: =+BN130*C130 -> 0 | BQ130: =IFERROR(VLOOKUP(A130,'21'!U:V,2,0),"0") -> 0 | BR130: กล่อง | BS130: =+BQ130*C130 -> 0 | BT130: =IFERROR(VLOOKUP(A130,'22'!U:V,2,0),"0") -> 0 | BU130: กล่อง | BV130: =+BT130*C130 -> 0 | BW130: =IFERROR(VLOOKUP(A130,'23'!U:V,2,0),"0") -> 0 | BX130: กล่อง | BY130: =+BW130*C130 -> 0 | BZ130: =IFERROR(VLOOKUP(A130,'24'!U:V,2,0),"0") -> 0 | CA130: กล่อง | CB130: =+BZ130*C130 -> 0 | CC130: =IFERROR(VLOOKUP(A130,'25'!U:V,2,0),"0") -> 0 | CD130: กล่อง | CE130: =+CC130*C130 -> 0 | CF130: =IFERROR(VLOOKUP(A130,'26'!U:V,2,0),"0") -> 0 | CG130: กล่อง | CH130: =+CF130*C130 -> 0 | CI130: =IFERROR(VLOOKUP(A130,'27'!U:V,2,0),"0") -> 0 | CJ130: กล่อง | CK130: =+CI130*C130 -> 0 | CL130: =IFERROR(VLOOKUP(A130,'28'!U:V,2,0),"0") -> 0 | CM130: กล่อง | CN130: =+CL130*C130 -> 0 | CO130: =IFERROR(VLOOKUP(A130,'29'!U:V,2,0),"0") -> 0 | CP130: กล่อง | CQ130: =+CO130*C130 -> 0 | CR130: =IFERROR(VLOOKUP(A130,'30'!U:V,2,0),"0") -> 0 | CS130: กล่อง | CT130: =+CR130*C130 -> 0 | CU130: =IFERROR(VLOOKUP(A130,'31'!U:V,2,0),"0") -> 0 | CV130: กล่อง | CW130: =+CU130*C130 -> 0 | CX130: =IFERROR(VLOOKUP(A130,'เซต1-31'!V:W,2,0),"0") -> 0 | CY130: กล่อง | CZ130: =+CX130*CQ130 -> 0
A131: 1111060-A | B131: ชิฟฟอนไม่มีไส้ เเบบเเยกชิ้น ชิฟฟ่อนเค้ก เนื้อนุ่ม วรรณวนัช ตัวดังในtiktok (เก็บได้20วัน) | C131: 4.5 | D131: 1 | E131: =+D131*F131 -> 0 | F131: =+I131+L131+O131+R131+U131+X131+AA131+AD131+AG131+AJ131+AM131+AP131+AS131+AV131+AY131+BB131+BE131+BH131+BK131+BN131+BQ131+BT131+BW131+BZ131+CC131+CF131+CI131+CL131+CO131+CR131+CU131+CX131 -> 0 | G131: ชิ้น | H131: =+F131*C131 -> 0 | I131: =IFERROR(VLOOKUP(A131,'1'!U:V,2,0),"0") -> 0 | J131: กล่อง | K131: =+I131*C131 -> 0 | L131: =IFERROR(VLOOKUP(A131,'2'!U:V,2,0),"0") -> 0 | M131: กล่อง | N131: =+L131*C131 -> 0 | O131: =IFERROR(VLOOKUP(A131,'3'!U:V,2,0),"0") -> 0 | P131: กล่อง | Q131: =+O131*C131 -> 0 | R131: =IFERROR(VLOOKUP(A131,'4'!U:V,2,0),"0") -> 0 | S131: กล่อง | T131: =+R131*C131 -> 0 | U131: =IFERROR(VLOOKUP(A131,'5'!U:V,2,0),"0") -> 0 | V131: กล่อง | W131: =+U131*C131 -> 0 | X131: =IFERROR(VLOOKUP(A131,'6'!U:V,2,0),"0") -> 0 | Y131: กล่อง | Z131: =+X131*C131 -> 0 | AA131: =IFERROR(VLOOKUP(A131,'7'!U:V,2,0),"0") -> 0 | AB131: กล่อง | AC131: =+AA131*C131 -> 0 | AD131: =IFERROR(VLOOKUP(A131,'8'!U:V,2,0),"0") -> 0 | AE131: กล่อง | AF131: =+AD131*C131 -> 0 | AG131: =IFERROR(VLOOKUP(A131,'9'!U:V,2,0),"0") -> 0 | AH131: กล่อง | AI131: =+AG131*C131 -> 0 | AJ131: =IFERROR(VLOOKUP(A131,'10'!U:V,2,0),"0") -> 0 | AK131: กล่อง | AL131: =+AJ131*C131 -> 0 | AM131: =IFERROR(VLOOKUP(A131,'11'!U:V,2,0),"0") -> 0 | AN131: กล่อง | AO131: =+AM131*C131 -> 0 | AP131: =IFERROR(VLOOKUP(A131,'12'!U:V,2,0),"0") -> 0 | AQ131: กล่อง | AR131: =+AP131*C131 -> 0 | AS131: =IFERROR(VLOOKUP(A131,'13'!U:V,2,0),"0") -> 0 | AT131: กล่อง | AU131: =+AS131*C131 -> 0 | AV131: =IFERROR(VLOOKUP(A131,'14'!U:V,2,0),"0") -> 0 | AW131: กล่อง | AX131: =+AV131*C131 -> 0 | AY131: =IFERROR(VLOOKUP(A131,'15'!U:V,2,0),"0") -> 0 | AZ131: กล่อง | BA131: =+AY131*C131 -> 0 | BB131: =IFERROR(VLOOKUP(A131,'16'!U:V,2,0),"0") -> 0 | BC131: กล่อง | BD131: =+BB131*C131 -> 0 | BE131: =IFERROR(VLOOKUP(A131,'17'!U:V,2,0),"0") -> 0 | BF131: กล่อง | BG131: =+BE131*C131 -> 0 | BH131: =IFERROR(VLOOKUP(A131,'18'!U:V,2,0),"0") -> 0 | BI131: กล่อง | BJ131: =+BH131*C131 -> 0 | BK131: =IFERROR(VLOOKUP(A131,'19'!U:V,2,0),"0") -> 0 | BL131: กล่อง | BM131: =+BK131*C131 -> 0 | BN131: =IFERROR(VLOOKUP(A131,'20'!U:V,2,0),"0") -> 0 | BO131: กล่อง | BP131: =+BN131*C131 -> 0 | BQ131: =IFERROR(VLOOKUP(A131,'21'!U:V,2,0),"0") -> 0 | BR131: กล่อง | BS131: =+BQ131*C131 -> 0 | BT131: =IFERROR(VLOOKUP(A131,'22'!U:V,2,0),"0") -> 0 | BU131: กล่อง | BV131: =+BT131*C131 -> 0 | BW131: =IFERROR(VLOOKUP(A131,'23'!U:V,2,0),"0") -> 0 | BX131: กล่อง | BY131: =+BW131*C131 -> 0 | BZ131: =IFERROR(VLOOKUP(A131,'24'!U:V,2,0),"0") -> 0 | CA131: กล่อง | CB131: =+BZ131*C131 -> 0 | CC131: =IFERROR(VLOOKUP(A131,'25'!U:V,2,0),"0") -> 0 | CD131: กล่อง | CE131: =+CC131*C131 -> 0 | CF131: =IFERROR(VLOOKUP(A131,'26'!U:V,2,0),"0") -> 0 | CG131: กล่อง | CH131: =+CF131*C131 -> 0 | CI131: =IFERROR(VLOOKUP(A131,'27'!U:V,2,0),"0") -> 0 | CJ131: กล่อง | CK131: =+CI131*C131 -> 0 | CL131: =IFERROR(VLOOKUP(A131,'28'!U:V,2,0),"0") -> 0 | CM131: กล่อง | CN131: =+CL131*C131 -> 0 | CO131: =IFERROR(VLOOKUP(A131,'29'!U:V,2,0),"0") -> 0 | CP131: กล่อง | CQ131: =+CO131*C131 -> 0 | CR131: =IFERROR(VLOOKUP(A131,'30'!U:V,2,0),"0") -> 0 | CS131: กล่อง | CT131: =+CR131*C131 -> 0 | CU131: =IFERROR(VLOOKUP(A131,'31'!U:V,2,0),"0") -> 0 | CV131: กล่อง | CW131: =+CU131*C131 -> 0 | CX131: =IFERROR(VLOOKUP(A131,'เซต1-31'!V:W,2,0),"0") -> 0 | CY131: กล่อง | CZ131: =+CX131*CQ131 -> 0
A132: 1111065-A | B132: ชิฟฟอนไม่มีไส้ เเบบเเยกชิ้น ชิฟฟ่อนเค้ก เนื้อนุ่ม วรรณวนัช ตัวดังในtiktok (เก็บได้20วัน) | C132: 4.5 | D132: 1 | E132: =+D132*F132 -> 0 | F132: =+I132+L132+O132+R132+U132+X132+AA132+AD132+AG132+AJ132+AM132+AP132+AS132+AV132+AY132+BB132+BE132+BH132+BK132+BN132+BQ132+BT132+BW132+BZ132+CC132+CF132+CI132+CL132+CO132+CR132+CU132+CX132 -> 0 | G132: ชิ้น | H132: =+F132*C132 -> 0 | I132: =IFERROR(VLOOKUP(A132,'1'!U:V,2,0),"0") -> 0 | J132: กล่อง | K132: =+I132*C132 -> 0 | L132: =IFERROR(VLOOKUP(A132,'2'!U:V,2,0),"0") -> 0 | M132: กล่อง | N132: =+L132*C132 -> 0 | O132: =IFERROR(VLOOKUP(A132,'3'!U:V,2,0),"0") -> 0 | P132: กล่อง | Q132: =+O132*C132 -> 0 | R132: =IFERROR(VLOOKUP(A132,'4'!U:V,2,0),"0") -> 0 | S132: กล่อง | T132: =+R132*C132 -> 0 | U132: =IFERROR(VLOOKUP(A132,'5'!U:V,2,0),"0") -> 0 | V132: กล่อง | W132: =+U132*C132 -> 0 | X132: =IFERROR(VLOOKUP(A132,'6'!U:V,2,0),"0") -> 0 | Y132: กล่อง | Z132: =+X132*C132 -> 0 | AA132: =IFERROR(VLOOKUP(A132,'7'!U:V,2,0),"0") -> 0 | AB132: กล่อง | AC132: =+AA132*C132 -> 0 | AD132: =IFERROR(VLOOKUP(A132,'8'!U:V,2,0),"0") -> 0 | AE132: กล่อง | AF132: =+AD132*C132 -> 0 | AG132: =IFERROR(VLOOKUP(A132,'9'!U:V,2,0),"0") -> 0 | AH132: กล่อง | AI132: =+AG132*C132 -> 0 | AJ132: =IFERROR(VLOOKUP(A132,'10'!U:V,2,0),"0") -> 0 | AK132: กล่อง | AL132: =+AJ132*C132 -> 0 | AM132: =IFERROR(VLOOKUP(A132,'11'!U:V,2,0),"0") -> 0 | AN132: กล่อง | AO132: =+AM132*C132 -> 0 | AP132: =IFERROR(VLOOKUP(A132,'12'!U:V,2,0),"0") -> 0 | AQ132: กล่อง | AR132: =+AP132*C132 -> 0 | AS132: =IFERROR(VLOOKUP(A132,'13'!U:V,2,0),"0") -> 0 | AT132: กล่อง | AU132: =+AS132*C132 -> 0 | AV132: =IFERROR(VLOOKUP(A132,'14'!U:V,2,0),"0") -> 0 | AW132: กล่อง | AX132: =+AV132*C132 -> 0 | AY132: =IFERROR(VLOOKUP(A132,'15'!U:V,2,0),"0") -> 0 | AZ132: กล่อง | BA132: =+AY132*C132 -> 0 | BB132: =IFERROR(VLOOKUP(A132,'16'!U:V,2,0),"0") -> 0 | BC132: กล่อง | BD132: =+BB132*C132 -> 0 | BE132: =IFERROR(VLOOKUP(A132,'17'!U:V,2,0),"0") -> 0 | BF132: กล่อง | BG132: =+BE132*C132 -> 0 | BH132: =IFERROR(VLOOKUP(A132,'18'!U:V,2,0),"0") -> 0 | BI132: กล่อง | BJ132: =+BH132*C132 -> 0 | BK132: =IFERROR(VLOOKUP(A132,'19'!U:V,2,0),"0") -> 0 | BL132: กล่อง | BM132: =+BK132*C132 -> 0 | BN132: =IFERROR(VLOOKUP(A132,'20'!U:V,2,0),"0") -> 0 | BO132: กล่อง | BP132: =+BN132*C132 -> 0 | BQ132: =IFERROR(VLOOKUP(A132,'21'!U:V,2,0),"0") -> 0 | BR132: กล่อง | BS132: =+BQ132*C132 -> 0 | BT132: =IFERROR(VLOOKUP(A132,'22'!U:V,2,0),"0") -> 0 | BU132: กล่อง | BV132: =+BT132*C132 -> 0 | BW132: =IFERROR(VLOOKUP(A132,'23'!U:V,2,0),"0") -> 0 | BX132: กล่อง | BY132: =+BW132*C132 -> 0 | BZ132: =IFERROR(VLOOKUP(A132,'24'!U:V,2,0),"0") -> 0 | CA132: กล่อง | CB132: =+BZ132*C132 -> 0 | CC132: =IFERROR(VLOOKUP(A132,'25'!U:V,2,0),"0") -> 0 | CD132: กล่อง | CE132: =+CC132*C132 -> 0 | CF132: =IFERROR(VLOOKUP(A132,'26'!U:V,2,0),"0") -> 0 | CG132: กล่อง | CH132: =+CF132*C132 -> 0 | CI132: =IFERROR(VLOOKUP(A132,'27'!U:V,2,0),"0") -> 0 | CJ132: กล่อง | CK132: =+CI132*C132 -> 0 | CL132: =IFERROR(VLOOKUP(A132,'28'!U:V,2,0),"0") -> 0 | CM132: กล่อง | CN132: =+CL132*C132 -> 0 | CO132: =IFERROR(VLOOKUP(A132,'29'!U:V,2,0),"0") -> 0 | CP132: กล่อง | CQ132: =+CO132*C132 -> 0 | CR132: =IFERROR(VLOOKUP(A132,'30'!U:V,2,0),"0") -> 0 | CS132: กล่อง | CT132: =+CR132*C132 -> 0 | CU132: =IFERROR(VLOOKUP(A132,'31'!U:V,2,0),"0") -> 0 | CV132: กล่อง | CW132: =+CU132*C132 -> 0 | CX132: =IFERROR(VLOOKUP(A132,'เซต1-31'!V:W,2,0),"0") -> 0 | CY132: กล่อง | CZ132: =+CX132*CQ132 -> 0
A133: 1111071-A | B133: ชิฟฟอนไม่มีไส้ เเบบเเยกชิ้น ชิฟฟ่อนเค้ก เนื้อนุ่ม วรรณวนัช ตัวดังในtiktok (เก็บได้20วัน) | C133: 4.5 | D133: 1 | E133: =+D133*F133 -> 0 | F133: =+I133+L133+O133+R133+U133+X133+AA133+AD133+AG133+AJ133+AM133+AP133+AS133+AV133+AY133+BB133+BE133+BH133+BK133+BN133+BQ133+BT133+BW133+BZ133+CC133+CF133+CI133+CL133+CO133+CR133+CU133+CX133 -> 0 | G133: ชิ้น | H133: =+F133*C133 -> 0 | I133: =IFERROR(VLOOKUP(A133,'1'!U:V,2,0),"0") -> 0 | J133: กล่อง | K133: =+I133*C133 -> 0 | L133: =IFERROR(VLOOKUP(A133,'2'!U:V,2,0),"0") -> 0 | M133: กล่อง | N133: =+L133*C133 -> 0 | O133: =IFERROR(VLOOKUP(A133,'3'!U:V,2,0),"0") -> 0 | P133: กล่อง | Q133: =+O133*C133 -> 0 | R133: =IFERROR(VLOOKUP(A133,'4'!U:V,2,0),"0") -> 0 | S133: กล่อง | T133: =+R133*C133 -> 0 | U133: =IFERROR(VLOOKUP(A133,'5'!U:V,2,0),"0") -> 0 | V133: กล่อง | W133: =+U133*C133 -> 0 | X133: =IFERROR(VLOOKUP(A133,'6'!U:V,2,0),"0") -> 0 | Y133: กล่อง | Z133: =+X133*C133 -> 0 | AA133: =IFERROR(VLOOKUP(A133,'7'!U:V,2,0),"0") -> 0 | AB133: กล่อง | AC133: =+AA133*C133 -> 0 | AD133: =IFERROR(VLOOKUP(A133,'8'!U:V,2,0),"0") -> 0 | AE133: กล่อง | AF133: =+AD133*C133 -> 0 | AG133: =IFERROR(VLOOKUP(A133,'9'!U:V,2,0),"0") -> 0 | AH133: กล่อง | AI133: =+AG133*C133 -> 0 | AJ133: =IFERROR(VLOOKUP(A133,'10'!U:V,2,0),"0") -> 0 | AK133: กล่อง | AL133: =+AJ133*C133 -> 0 | AM133: =IFERROR(VLOOKUP(A133,'11'!U:V,2,0),"0") -> 0 | AN133: กล่อง | AO133: =+AM133*C133 -> 0 | AP133: =IFERROR(VLOOKUP(A133,'12'!U:V,2,0),"0") -> 0 | AQ133: กล่อง | AR133: =+AP133*C133 -> 0 | AS133: =IFERROR(VLOOKUP(A133,'13'!U:V,2,0),"0") -> 0 | AT133: กล่อง | AU133: =+AS133*C133 -> 0 | AV133: =IFERROR(VLOOKUP(A133,'14'!U:V,2,0),"0") -> 0 | AW133: กล่อง | AX133: =+AV133*C133 -> 0 | AY133: =IFERROR(VLOOKUP(A133,'15'!U:V,2,0),"0") -> 0 | AZ133: กล่อง | BA133: =+AY133*C133 -> 0 | BB133: =IFERROR(VLOOKUP(A133,'16'!U:V,2,0),"0") -> 0 | BC133: กล่อง | BD133: =+BB133*C133 -> 0 | BE133: =IFERROR(VLOOKUP(A133,'17'!U:V,2,0),"0") -> 0 | BF133: กล่อง | BG133: =+BE133*C133 -> 0 | BH133: =IFERROR(VLOOKUP(A133,'18'!U:V,2,0),"0") -> 0 | BI133: กล่อง | BJ133: =+BH133*C133 -> 0 | BK133: =IFERROR(VLOOKUP(A133,'19'!U:V,2,0),"0") -> 0 | BL133: กล่อง | BM133: =+BK133*C133 -> 0 | BN133: =IFERROR(VLOOKUP(A133,'20'!U:V,2,0),"0") -> 0 | BO133: กล่อง | BP133: =+BN133*C133 -> 0 | BQ133: =IFERROR(VLOOKUP(A133,'21'!U:V,2,0),"0") -> 0 | BR133: กล่อง | BS133: =+BQ133*C133 -> 0 | BT133: =IFERROR(VLOOKUP(A133,'22'!U:V,2,0),"0") -> 0 | BU133: กล่อง | BV133: =+BT133*C133 -> 0 | BW133: =IFERROR(VLOOKUP(A133,'23'!U:V,2,0),"0") -> 0 | BX133: กล่อง | BY133: =+BW133*C133 -> 0 | BZ133: =IFERROR(VLOOKUP(A133,'24'!U:V,2,0),"0") -> 0 | CA133: กล่อง | CB133: =+BZ133*C133 -> 0 | CC133: =IFERROR(VLOOKUP(A133,'25'!U:V,2,0),"0") -> 0 | CD133: กล่อง | CE133: =+CC133*C133 -> 0 | CF133: =IFERROR(VLOOKUP(A133,'26'!U:V,2,0),"0") -> 0 | CG133: กล่อง | CH133: =+CF133*C133 -> 0 | CI133: =IFERROR(VLOOKUP(A133,'27'!U:V,2,0),"0") -> 0 | CJ133: กล่อง | CK133: =+CI133*C133 -> 0 | CL133: =IFERROR(VLOOKUP(A133,'28'!U:V,2,0),"0") -> 0 | CM133: กล่อง | CN133: =+CL133*C133 -> 0 | CO133: =IFERROR(VLOOKUP(A133,'29'!U:V,2,0),"0") -> 0 | CP133: กล่อง | CQ133: =+CO133*C133 -> 0 | CR133: =IFERROR(VLOOKUP(A133,'30'!U:V,2,0),"0") -> 0 | CS133: กล่อง | CT133: =+CR133*C133 -> 0 | CU133: =IFERROR(VLOOKUP(A133,'31'!U:V,2,0),"0") -> 0 | CV133: กล่อง | CW133: =+CU133*C133 -> 0 | CX133: =IFERROR(VLOOKUP(A133,'เซต1-31'!V:W,2,0),"0") -> 0 | CY133: กล่อง | CZ133: =+CX133*CQ133 -> 0
A134: 1111074-A | B134: ชิฟฟ่อนสอดไส้ 1 ชิ้น ชิฟฟ่อนเค้ก เลือกรสชาติได้ | C134: 5.15 | D134: 1 | E134: =+D134*F134 -> 0 | F134: =+I134+L134+O134+R134+U134+X134+AA134+AD134+AG134+AJ134+AM134+AP134+AS134+AV134+AY134+BB134+BE134+BH134+BK134+BN134+BQ134+BT134+BW134+BZ134+CC134+CF134+CI134+CL134+CO134+CR134+CU134+CX134 -> 0 | G134: ชิ้น | H134: =+F134*C134 -> 0 | I134: =IFERROR(VLOOKUP(A134,'1'!U:V,2,0),"0") -> 0 | J134: กล่อง | K134: =+I134*C134 -> 0 | L134: =IFERROR(VLOOKUP(A134,'2'!U:V,2,0),"0") -> 0 | M134: กล่อง | N134: =+L134*C134 -> 0 | O134: =IFERROR(VLOOKUP(A134,'3'!U:V,2,0),"0") -> 0 | P134: กล่อง | Q134: =+O134*C134 -> 0 | R134: =IFERROR(VLOOKUP(A134,'4'!U:V,2,0),"0") -> 0 | S134: กล่อง | T134: =+R134*C134 -> 0 | U134: =IFERROR(VLOOKUP(A134,'5'!U:V,2,0),"0") -> 0 | V134: กล่อง | W134: =+U134*C134 -> 0 | X134: =IFERROR(VLOOKUP(A134,'6'!U:V,2,0),"0") -> 0 | Y134: กล่อง | Z134: =+X134*C134 -> 0 | AA134: =IFERROR(VLOOKUP(A134,'7'!U:V,2,0),"0") -> 0 | AB134: กล่อง | AC134: =+AA134*C134 -> 0 | AD134: =IFERROR(VLOOKUP(A134,'8'!U:V,2,0),"0") -> 0 | AE134: กล่อง | AF134: =+AD134*C134 -> 0 | AG134: =IFERROR(VLOOKUP(A134,'9'!U:V,2,0),"0") -> 0 | AH134: กล่อง | AI134: =+AG134*C134 -> 0 | AJ134: =IFERROR(VLOOKUP(A134,'10'!U:V,2,0),"0") -> 0 | AK134: กล่อง | AL134: =+AJ134*C134 -> 0 | AM134: =IFERROR(VLOOKUP(A134,'11'!U:V,2,0),"0") -> 0 | AN134: กล่อง | AO134: =+AM134*C134 -> 0 | AP134: =IFERROR(VLOOKUP(A134,'12'!U:V,2,0),"0") -> 0 | AQ134: กล่อง | AR134: =+AP134*C134 -> 0 | AS134: =IFERROR(VLOOKUP(A134,'13'!U:V,2,0),"0") -> 0 | AT134: กล่อง | AU134: =+AS134*C134 -> 0 | AV134: =IFERROR(VLOOKUP(A134,'14'!U:V,2,0),"0") -> 0 | AW134: กล่อง | AX134: =+AV134*C134 -> 0 | AY134: =IFERROR(VLOOKUP(A134,'15'!U:V,2,0),"0") -> 0 | AZ134: กล่อง | BA134: =+AY134*C134 -> 0 | BB134: =IFERROR(VLOOKUP(A134,'16'!U:V,2,0),"0") -> 0 | BC134: กล่อง | BD134: =+BB134*C134 -> 0 | BE134: =IFERROR(VLOOKUP(A134,'17'!U:V,2,0),"0") -> 0 | BF134: กล่อง | BG134: =+BE134*C134 -> 0 | BH134: =IFERROR(VLOOKUP(A134,'18'!U:V,2,0),"0") -> 0 | BI134: กล่อง | BJ134: =+BH134*C134 -> 0 | BK134: =IFERROR(VLOOKUP(A134,'19'!U:V,2,0),"0") -> 0 | BL134: กล่อง | BM134: =+BK134*C134 -> 0 | BN134: =IFERROR(VLOOKUP(A134,'20'!U:V,2,0),"0") -> 0 | BO134: กล่อง | BP134: =+BN134*C134 -> 0 | BQ134: =IFERROR(VLOOKUP(A134,'21'!U:V,2,0),"0") -> 0 | BR134: กล่อง | BS134: =+BQ134*C134 -> 0 | BT134: =IFERROR(VLOOKUP(A134,'22'!U:V,2,0),"0") -> 0 | BU134: กล่อง | BV134: =+BT134*C134 -> 0 | BW134: =IFERROR(VLOOKUP(A134,'23'!U:V,2,0),"0") -> 0 | BX134: กล่อง | BY134: =+BW134*C134 -> 0 | BZ134: =IFERROR(VLOOKUP(A134,'24'!U:V,2,0),"0") -> 0 | CA134: กล่อง | CB134: =+BZ134*C134 -> 0 | CC134: =IFERROR(VLOOKUP(A134,'25'!U:V,2,0),"0") -> 0 | CD134: กล่อง | CE134: =+CC134*C134 -> 0 | CF134: =IFERROR(VLOOKUP(A134,'26'!U:V,2,0),"0") -> 0 | CG134: กล่อง | CH134: =+CF134*C134 -> 0 | CI134: =IFERROR(VLOOKUP(A134,'27'!U:V,2,0),"0") -> 0 | CJ134: กล่อง | CK134: =+CI134*C134 -> 0 | CL134: =IFERROR(VLOOKUP(A134,'28'!U:V,2,0),"0") -> 0 | CM134: กล่อง | CN134: =+CL134*C134 -> 0 | CO134: =IFERROR(VLOOKUP(A134,'29'!U:V,2,0),"0") -> 0 | CP134: กล่อง | CQ134: =+CO134*C134 -> 0 | CR134: =IFERROR(VLOOKUP(A134,'30'!U:V,2,0),"0") -> 0 | CS134: กล่อง | CT134: =+CR134*C134 -> 0 | CU134: =IFERROR(VLOOKUP(A134,'31'!U:V,2,0),"0") -> 0 | CV134: กล่อง | CW134: =+CU134*C134 -> 0 | CX134: =IFERROR(VLOOKUP(A134,'เซต1-31'!V:W,2,0),"0") -> 0 | CY134: กล่อง | CZ134: =+CX134*CQ134 -> 0
A135: 1111075-A | B135: ชิฟฟ่อนสอดไส้ 1 ชิ้น ชิฟฟ่อนเค้ก เลือกรสชาติได้ | C135: 5.15 | D135: 1 | E135: =+D135*F135 -> 0 | F135: =+I135+L135+O135+R135+U135+X135+AA135+AD135+AG135+AJ135+AM135+AP135+AS135+AV135+AY135+BB135+BE135+BH135+BK135+BN135+BQ135+BT135+BW135+BZ135+CC135+CF135+CI135+CL135+CO135+CR135+CU135+CX135 -> 0 | G135: ชิ้น | H135: =+F135*C135 -> 0 | I135: =IFERROR(VLOOKUP(A135,'1'!U:V,2,0),"0") -> 0 | J135: กล่อง | K135: =+I135*C135 -> 0 | L135: =IFERROR(VLOOKUP(A135,'2'!U:V,2,0),"0") -> 0 | M135: กล่อง | N135: =+L135*C135 -> 0 | O135: =IFERROR(VLOOKUP(A135,'3'!U:V,2,0),"0") -> 0 | P135: กล่อง | Q135: =+O135*C135 -> 0 | R135: =IFERROR(VLOOKUP(A135,'4'!U:V,2,0),"0") -> 0 | S135: กล่อง | T135: =+R135*C135 -> 0 | U135: =IFERROR(VLOOKUP(A135,'5'!U:V,2,0),"0") -> 0 | V135: กล่อง | W135: =+U135*C135 -> 0 | X135: =IFERROR(VLOOKUP(A135,'6'!U:V,2,0),"0") -> 0 | Y135: กล่อง | Z135: =+X135*C135 -> 0 | AA135: =IFERROR(VLOOKUP(A135,'7'!U:V,2,0),"0") -> 0 | AB135: กล่อง | AC135: =+AA135*C135 -> 0 | AD135: =IFERROR(VLOOKUP(A135,'8'!U:V,2,0),"0") -> 0 | AE135: กล่อง | AF135: =+AD135*C135 -> 0 | AG135: =IFERROR(VLOOKUP(A135,'9'!U:V,2,0),"0") -> 0 | AH135: กล่อง | AI135: =+AG135*C135 -> 0 | AJ135: =IFERROR(VLOOKUP(A135,'10'!U:V,2,0),"0") -> 0 | AK135: กล่อง | AL135: =+AJ135*C135 -> 0 | AM135: =IFERROR(VLOOKUP(A135,'11'!U:V,2,0),"0") -> 0 | AN135: กล่อง | AO135: =+AM135*C135 -> 0 | AP135: =IFERROR(VLOOKUP(A135,'12'!U:V,2,0),"0") -> 0 | AQ135: กล่อง | AR135: =+AP135*C135 -> 0 | AS135: =IFERROR(VLOOKUP(A135,'13'!U:V,2,0),"0") -> 0 | AT135: กล่อง | AU135: =+AS135*C135 -> 0 | AV135: =IFERROR(VLOOKUP(A135,'14'!U:V,2,0),"0") -> 0 | AW135: กล่อง | AX135: =+AV135*C135 -> 0 | AY135: =IFERROR(VLOOKUP(A135,'15'!U:V,2,0),"0") -> 0 | AZ135: กล่อง | BA135: =+AY135*C135 -> 0 | BB135: =IFERROR(VLOOKUP(A135,'16'!U:V,2,0),"0") -> 0 | BC135: กล่อง | BD135: =+BB135*C135 -> 0 | BE135: =IFERROR(VLOOKUP(A135,'17'!U:V,2,0),"0") -> 0 | BF135: กล่อง | BG135: =+BE135*C135 -> 0 | BH135: =IFERROR(VLOOKUP(A135,'18'!U:V,2,0),"0") -> 0 | BI135: กล่อง | BJ135: =+BH135*C135 -> 0 | BK135: =IFERROR(VLOOKUP(A135,'19'!U:V,2,0),"0") -> 0 | BL135: กล่อง | BM135: =+BK135*C135 -> 0 | BN135: =IFERROR(VLOOKUP(A135,'20'!U:V,2,0),"0") -> 0 | BO135: กล่อง | BP135: =+BN135*C135 -> 0 | BQ135: =IFERROR(VLOOKUP(A135,'21'!U:V,2,0),"0") -> 0 | BR135: กล่อง | BS135: =+BQ135*C135 -> 0 | BT135: =IFERROR(VLOOKUP(A135,'22'!U:V,2,0),"0") -> 0 | BU135: กล่อง | BV135: =+BT135*C135 -> 0 | BW135: =IFERROR(VLOOKUP(A135,'23'!U:V,2,0),"0") -> 0 | BX135: กล่อง | BY135: =+BW135*C135 -> 0 | BZ135: =IFERROR(VLOOKUP(A135,'24'!U:V,2,0),"0") -> 0 | CA135: กล่อง | CB135: =+BZ135*C135 -> 0 | CC135: =IFERROR(VLOOKUP(A135,'25'!U:V,2,0),"0") -> 0 | CD135: กล่อง | CE135: =+CC135*C135 -> 0 | CF135: =IFERROR(VLOOKUP(A135,'26'!U:V,2,0),"0") -> 0 | CG135: กล่อง | CH135: =+CF135*C135 -> 0 | CI135: =IFERROR(VLOOKUP(A135,'27'!U:V,2,0),"0") -> 0 | CJ135: กล่อง | CK135: =+CI135*C135 -> 0 | CL135: =IFERROR(VLOOKUP(A135,'28'!U:V,2,0),"0") -> 0 | CM135: กล่อง | CN135: =+CL135*C135 -> 0 | CO135: =IFERROR(VLOOKUP(A135,'29'!U:V,2,0),"0") -> 0 | CP135: กล่อง | CQ135: =+CO135*C135 -> 0 | CR135: =IFERROR(VLOOKUP(A135,'30'!U:V,2,0),"0") -> 0 | CS135: กล่อง | CT135: =+CR135*C135 -> 0 | CU135: =IFERROR(VLOOKUP(A135,'31'!U:V,2,0),"0") -> 0 | CV135: กล่อง | CW135: =+CU135*C135 -> 0 | CX135: =IFERROR(VLOOKUP(A135,'เซต1-31'!V:W,2,0),"0") -> 0 | CY135: กล่อง | CZ135: =+CX135*CQ135 -> 0
A136: 1111076-A | B136: ชิฟฟ่อนสอดไส้ 1 ชิ้น ชิฟฟ่อนเค้ก เลือกรสชาติได้ | C136: 5.15 | D136: 1 | E136: =+D136*F136 -> 0 | F136: =+I136+L136+O136+R136+U136+X136+AA136+AD136+AG136+AJ136+AM136+AP136+AS136+AV136+AY136+BB136+BE136+BH136+BK136+BN136+BQ136+BT136+BW136+BZ136+CC136+CF136+CI136+CL136+CO136+CR136+CU136+CX136 -> 0 | G136: ชิ้น | H136: =+F136*C136 -> 0 | I136: =IFERROR(VLOOKUP(A136,'1'!U:V,2,0),"0") -> 0 | J136: กล่อง | K136: =+I136*C136 -> 0 | L136: =IFERROR(VLOOKUP(A136,'2'!U:V,2,0),"0") -> 0 | M136: กล่อง | N136: =+L136*C136 -> 0 | O136: =IFERROR(VLOOKUP(A136,'3'!U:V,2,0),"0") -> 0 | P136: กล่อง | Q136: =+O136*C136 -> 0 | R136: =IFERROR(VLOOKUP(A136,'4'!U:V,2,0),"0") -> 0 | S136: กล่อง | T136: =+R136*C136 -> 0 | U136: =IFERROR(VLOOKUP(A136,'5'!U:V,2,0),"0") -> 0 | V136: กล่อง | W136: =+U136*C136 -> 0 | X136: =IFERROR(VLOOKUP(A136,'6'!U:V,2,0),"0") -> 0 | Y136: กล่อง | Z136: =+X136*C136 -> 0 | AA136: =IFERROR(VLOOKUP(A136,'7'!U:V,2,0),"0") -> 0 | AB136: กล่อง | AC136: =+AA136*C136 -> 0 | AD136: =IFERROR(VLOOKUP(A136,'8'!U:V,2,0),"0") -> 0 | AE136: กล่อง | AF136: =+AD136*C136 -> 0 | AG136: =IFERROR(VLOOKUP(A136,'9'!U:V,2,0),"0") -> 0 | AH136: กล่อง | AI136: =+AG136*C136 -> 0 | AJ136: =IFERROR(VLOOKUP(A136,'10'!U:V,2,0),"0") -> 0 | AK136: กล่อง | AL136: =+AJ136*C136 -> 0 | AM136: =IFERROR(VLOOKUP(A136,'11'!U:V,2,0),"0") -> 0 | AN136: กล่อง | AO136: =+AM136*C136 -> 0 | AP136: =IFERROR(VLOOKUP(A136,'12'!U:V,2,0),"0") -> 0 | AQ136: กล่อง | AR136: =+AP136*C136 -> 0 | AS136: =IFERROR(VLOOKUP(A136,'13'!U:V,2,0),"0") -> 0 | AT136: กล่อง | AU136: =+AS136*C136 -> 0 | AV136: =IFERROR(VLOOKUP(A136,'14'!U:V,2,0),"0") -> 0 | AW136: กล่อง | AX136: =+AV136*C136 -> 0 | AY136: =IFERROR(VLOOKUP(A136,'15'!U:V,2,0),"0") -> 0 | AZ136: กล่อง | BA136: =+AY136*C136 -> 0 | BB136: =IFERROR(VLOOKUP(A136,'16'!U:V,2,0),"0") -> 0 | BC136: กล่อง | BD136: =+BB136*C136 -> 0 | BE136: =IFERROR(VLOOKUP(A136,'17'!U:V,2,0),"0") -> 0 | BF136: กล่อง | BG136: =+BE136*C136 -> 0 | BH136: =IFERROR(VLOOKUP(A136,'18'!U:V,2,0),"0") -> 0 | BI136: กล่อง | BJ136: =+BH136*C136 -> 0 | BK136: =IFERROR(VLOOKUP(A136,'19'!U:V,2,0),"0") -> 0 | BL136: กล่อง | BM136: =+BK136*C136 -> 0 | BN136: =IFERROR(VLOOKUP(A136,'20'!U:V,2,0),"0") -> 0 | BO136: กล่อง | BP136: =+BN136*C136 -> 0 | BQ136: =IFERROR(VLOOKUP(A136,'21'!U:V,2,0),"0") -> 0 | BR136: กล่อง | BS136: =+BQ136*C136 -> 0 | BT136: =IFERROR(VLOOKUP(A136,'22'!U:V,2,0),"0") -> 0 | BU136: กล่อง | BV136: =+BT136*C136 -> 0 | BW136: =IFERROR(VLOOKUP(A136,'23'!U:V,2,0),"0") -> 0 | BX136: กล่อง | BY136: =+BW136*C136 -> 0 | BZ136: =IFERROR(VLOOKUP(A136,'24'!U:V,2,0),"0") -> 0 | CA136: กล่อง | CB136: =+BZ136*C136 -> 0 | CC136: =IFERROR(VLOOKUP(A136,'25'!U:V,2,0),"0") -> 0 | CD136: กล่อง | CE136: =+CC136*C136 -> 0 | CF136: =IFERROR(VLOOKUP(A136,'26'!U:V,2,0),"0") -> 0 | CG136: กล่อง | CH136: =+CF136*C136 -> 0 | CI136: =IFERROR(VLOOKUP(A136,'27'!U:V,2,0),"0") -> 0 | CJ136: กล่อง | CK136: =+CI136*C136 -> 0 | CL136: =IFERROR(VLOOKUP(A136,'28'!U:V,2,0),"0") -> 0 | CM136: กล่อง | CN136: =+CL136*C136 -> 0 | CO136: =IFERROR(VLOOKUP(A136,'29'!U:V,2,0),"0") -> 0 | CP136: กล่อง | CQ136: =+CO136*C136 -> 0 | CR136: =IFERROR(VLOOKUP(A136,'30'!U:V,2,0),"0") -> 0 | CS136: กล่อง | CT136: =+CR136*C136 -> 0 | CU136: =IFERROR(VLOOKUP(A136,'31'!U:V,2,0),"0") -> 0 | CV136: กล่อง | CW136: =+CU136*C136 -> 0 | CX136: =IFERROR(VLOOKUP(A136,'เซต1-31'!V:W,2,0),"0") -> 0 | CY136: กล่อง | CZ136: =+CX136*CQ136 -> 0
A137: 1111078-A | B137: ชิฟฟ่อนสอดไส้ 1 ชิ้น ชิฟฟ่อนเค้ก เลือกรสชาติได้ | C137: 5.15 | D137: 1 | E137: =+D137*F137 -> 0 | F137: =+I137+L137+O137+R137+U137+X137+AA137+AD137+AG137+AJ137+AM137+AP137+AS137+AV137+AY137+BB137+BE137+BH137+BK137+BN137+BQ137+BT137+BW137+BZ137+CC137+CF137+CI137+CL137+CO137+CR137+CU137+CX137 -> 0 | G137: ชิ้น | H137: =+F137*C137 -> 0 | I137: =IFERROR(VLOOKUP(A137,'1'!U:V,2,0),"0") -> 0 | J137: กล่อง | K137: =+I137*C137 -> 0 | L137: =IFERROR(VLOOKUP(A137,'2'!U:V,2,0),"0") -> 0 | M137: กล่อง | N137: =+L137*C137 -> 0 | O137: =IFERROR(VLOOKUP(A137,'3'!U:V,2,0),"0") -> 0 | P137: กล่อง | Q137: =+O137*C137 -> 0 | R137: =IFERROR(VLOOKUP(A137,'4'!U:V,2,0),"0") -> 0 | S137: กล่อง | T137: =+R137*C137 -> 0 | U137: =IFERROR(VLOOKUP(A137,'5'!U:V,2,0),"0") -> 0 | V137: กล่อง | W137: =+U137*C137 -> 0 | X137: =IFERROR(VLOOKUP(A137,'6'!U:V,2,0),"0") -> 0 | Y137: กล่อง | Z137: =+X137*C137 -> 0 | AA137: =IFERROR(VLOOKUP(A137,'7'!U:V,2,0),"0") -> 0 | AB137: กล่อง | AC137: =+AA137*C137 -> 0 | AD137: =IFERROR(VLOOKUP(A137,'8'!U:V,2,0),"0") -> 0 | AE137: กล่อง | AF137: =+AD137*C137 -> 0 | AG137: =IFERROR(VLOOKUP(A137,'9'!U:V,2,0),"0") -> 0 | AH137: กล่อง | AI137: =+AG137*C137 -> 0 | AJ137: =IFERROR(VLOOKUP(A137,'10'!U:V,2,0),"0") -> 0 | AK137: กล่อง | AL137: =+AJ137*C137 -> 0 | AM137: =IFERROR(VLOOKUP(A137,'11'!U:V,2,0),"0") -> 0 | AN137: กล่อง | AO137: =+AM137*C137 -> 0 | AP137: =IFERROR(VLOOKUP(A137,'12'!U:V,2,0),"0") -> 0 | AQ137: กล่อง | AR137: =+AP137*C137 -> 0 | AS137: =IFERROR(VLOOKUP(A137,'13'!U:V,2,0),"0") -> 0 | AT137: กล่อง | AU137: =+AS137*C137 -> 0 | AV137: =IFERROR(VLOOKUP(A137,'14'!U:V,2,0),"0") -> 0 | AW137: กล่อง | AX137: =+AV137*C137 -> 0 | AY137: =IFERROR(VLOOKUP(A137,'15'!U:V,2,0),"0") -> 0 | AZ137: กล่อง | BA137: =+AY137*C137 -> 0 | BB137: =IFERROR(VLOOKUP(A137,'16'!U:V,2,0),"0") -> 0 | BC137: กล่อง | BD137: =+BB137*C137 -> 0 | BE137: =IFERROR(VLOOKUP(A137,'17'!U:V,2,0),"0") -> 0 | BF137: กล่อง | BG137: =+BE137*C137 -> 0 | BH137: =IFERROR(VLOOKUP(A137,'18'!U:V,2,0),"0") -> 0 | BI137: กล่อง | BJ137: =+BH137*C137 -> 0 | BK137: =IFERROR(VLOOKUP(A137,'19'!U:V,2,0),"0") -> 0 | BL137: กล่อง | BM137: =+BK137*C137 -> 0 | BN137: =IFERROR(VLOOKUP(A137,'20'!U:V,2,0),"0") -> 0 | BO137: กล่อง | BP137: =+BN137*C137 -> 0 | BQ137: =IFERROR(VLOOKUP(A137,'21'!U:V,2,0),"0") -> 0 | BR137: กล่อง | BS137: =+BQ137*C137 -> 0 | BT137: =IFERROR(VLOOKUP(A137,'22'!U:V,2,0),"0") -> 0 | BU137: กล่อง | BV137: =+BT137*C137 -> 0 | BW137: =IFERROR(VLOOKUP(A137,'23'!U:V,2,0),"0") -> 0 | BX137: กล่อง | BY137: =+BW137*C137 -> 0 | BZ137: =IFERROR(VLOOKUP(A137,'24'!U:V,2,0),"0") -> 0 | CA137: กล่อง | CB137: =+BZ137*C137 -> 0 | CC137: =IFERROR(VLOOKUP(A137,'25'!U:V,2,0),"0") -> 0 | CD137: กล่อง | CE137: =+CC137*C137 -> 0 | CF137: =IFERROR(VLOOKUP(A137,'26'!U:V,2,0),"0") -> 0 | CG137: กล่อง | CH137: =+CF137*C137 -> 0 | CI137: =IFERROR(VLOOKUP(A137,'27'!U:V,2,0),"0") -> 0 | CJ137: กล่อง | CK137: =+CI137*C137 -> 0 | CL137: =IFERROR(VLOOKUP(A137,'28'!U:V,2,0),"0") -> 0 | CM137: กล่อง | CN137: =+CL137*C137 -> 0 | CO137: =IFERROR(VLOOKUP(A137,'29'!U:V,2,0),"0") -> 0 | CP137: กล่อง | CQ137: =+CO137*C137 -> 0 | CR137: =IFERROR(VLOOKUP(A137,'30'!U:V,2,0),"0") -> 0 | CS137: กล่อง | CT137: =+CR137*C137 -> 0 | CU137: =IFERROR(VLOOKUP(A137,'31'!U:V,2,0),"0") -> 0 | CV137: กล่อง | CW137: =+CU137*C137 -> 0 | CX137: =IFERROR(VLOOKUP(A137,'เซต1-31'!V:W,2,0),"0") -> 0 | CY137: กล่อง | CZ137: =+CX137*CQ137 -> 0
A138: 1111079-A | B138: ชิฟฟ่อนสอดไส้ 1 ชิ้น ชิฟฟ่อนเค้ก เลือกรสชาติได้ | C138: 5.15 | D138: 1 | E138: =+D138*F138 -> 0 | F138: =+I138+L138+O138+R138+U138+X138+AA138+AD138+AG138+AJ138+AM138+AP138+AS138+AV138+AY138+BB138+BE138+BH138+BK138+BN138+BQ138+BT138+BW138+BZ138+CC138+CF138+CI138+CL138+CO138+CR138+CU138+CX138 -> 0 | G138: ชิ้น | H138: =+F138*C138 -> 0 | I138: =IFERROR(VLOOKUP(A138,'1'!U:V,2,0),"0") -> 0 | J138: กล่อง | K138: =+I138*C138 -> 0 | L138: =IFERROR(VLOOKUP(A138,'2'!U:V,2,0),"0") -> 0 | M138: กล่อง | N138: =+L138*C138 -> 0 | O138: =IFERROR(VLOOKUP(A138,'3'!U:V,2,0),"0") -> 0 | P138: กล่อง | Q138: =+O138*C138 -> 0 | R138: =IFERROR(VLOOKUP(A138,'4'!U:V,2,0),"0") -> 0 | S138: กล่อง | T138: =+R138*C138 -> 0 | U138: =IFERROR(VLOOKUP(A138,'5'!U:V,2,0),"0") -> 0 | V138: กล่อง | W138: =+U138*C138 -> 0 | X138: =IFERROR(VLOOKUP(A138,'6'!U:V,2,0),"0") -> 0 | Y138: กล่อง | Z138: =+X138*C138 -> 0 | AA138: =IFERROR(VLOOKUP(A138,'7'!U:V,2,0),"0") -> 0 | AB138: กล่อง | AC138: =+AA138*C138 -> 0 | AD138: =IFERROR(VLOOKUP(A138,'8'!U:V,2,0),"0") -> 0 | AE138: กล่อง | AF138: =+AD138*C138 -> 0 | AG138: =IFERROR(VLOOKUP(A138,'9'!U:V,2,0),"0") -> 0 | AH138: กล่อง | AI138: =+AG138*C138 -> 0 | AJ138: =IFERROR(VLOOKUP(A138,'10'!U:V,2,0),"0") -> 0 | AK138: กล่อง | AL138: =+AJ138*C138 -> 0 | AM138: =IFERROR(VLOOKUP(A138,'11'!U:V,2,0),"0") -> 0 | AN138: กล่อง | AO138: =+AM138*C138 -> 0 | AP138: =IFERROR(VLOOKUP(A138,'12'!U:V,2,0),"0") -> 0 | AQ138: กล่อง | AR138: =+AP138*C138 -> 0 | AS138: =IFERROR(VLOOKUP(A138,'13'!U:V,2,0),"0") -> 0 | AT138: กล่อง | AU138: =+AS138*C138 -> 0 | AV138: =IFERROR(VLOOKUP(A138,'14'!U:V,2,0),"0") -> 0 | AW138: กล่อง | AX138: =+AV138*C138 -> 0 | AY138: =IFERROR(VLOOKUP(A138,'15'!U:V,2,0),"0") -> 0 | AZ138: กล่อง | BA138: =+AY138*C138 -> 0 | BB138: =IFERROR(VLOOKUP(A138,'16'!U:V,2,0),"0") -> 0 | BC138: กล่อง | BD138: =+BB138*C138 -> 0 | BE138: =IFERROR(VLOOKUP(A138,'17'!U:V,2,0),"0") -> 0 | BF138: กล่อง | BG138: =+BE138*C138 -> 0 | BH138: =IFERROR(VLOOKUP(A138,'18'!U:V,2,0),"0") -> 0 | BI138: กล่อง | BJ138: =+BH138*C138 -> 0 | BK138: =IFERROR(VLOOKUP(A138,'19'!U:V,2,0),"0") -> 0 | BL138: กล่อง | BM138: =+BK138*C138 -> 0 | BN138: =IFERROR(VLOOKUP(A138,'20'!U:V,2,0),"0") -> 0 | BO138: กล่อง | BP138: =+BN138*C138 -> 0 | BQ138: =IFERROR(VLOOKUP(A138,'21'!U:V,2,0),"0") -> 0 | BR138: กล่อง | BS138: =+BQ138*C138 -> 0 | BT138: =IFERROR(VLOOKUP(A138,'22'!U:V,2,0),"0") -> 0 | BU138: กล่อง | BV138: =+BT138*C138 -> 0 | BW138: =IFERROR(VLOOKUP(A138,'23'!U:V,2,0),"0") -> 0 | BX138: กล่อง | BY138: =+BW138*C138 -> 0 | BZ138: =IFERROR(VLOOKUP(A138,'24'!U:V,2,0),"0") -> 0 | CA138: กล่อง | CB138: =+BZ138*C138 -> 0 | CC138: =IFERROR(VLOOKUP(A138,'25'!U:V,2,0),"0") -> 0 | CD138: กล่อง | CE138: =+CC138*C138 -> 0 | CF138: =IFERROR(VLOOKUP(A138,'26'!U:V,2,0),"0") -> 0 | CG138: กล่อง | CH138: =+CF138*C138 -> 0 | CI138: =IFERROR(VLOOKUP(A138,'27'!U:V,2,0),"0") -> 0 | CJ138: กล่อง | CK138: =+CI138*C138 -> 0 | CL138: =IFERROR(VLOOKUP(A138,'28'!U:V,2,0),"0") -> 0 | CM138: กล่อง | CN138: =+CL138*C138 -> 0 | CO138: =IFERROR(VLOOKUP(A138,'29'!U:V,2,0),"0") -> 0 | CP138: กล่อง | CQ138: =+CO138*C138 -> 0 | CR138: =IFERROR(VLOOKUP(A138,'30'!U:V,2,0),"0") -> 0 | CS138: กล่อง | CT138: =+CR138*C138 -> 0 | CU138: =IFERROR(VLOOKUP(A138,'31'!U:V,2,0),"0") -> 0 | CV138: กล่อง | CW138: =+CU138*C138 -> 0 | CX138: =IFERROR(VLOOKUP(A138,'เซต1-31'!V:W,2,0),"0") -> 0 | CY138: กล่อง | CZ138: =+CX138*CQ138 -> 0
A139: 1111080-A | B139: ชิฟฟ่อนสอดไส้ 1 ชิ้น ชิฟฟ่อนเค้ก เลือกรสชาติได้ | C139: 5.15 | D139: 1 | E139: =+D139*F139 -> 0 | F139: =+I139+L139+O139+R139+U139+X139+AA139+AD139+AG139+AJ139+AM139+AP139+AS139+AV139+AY139+BB139+BE139+BH139+BK139+BN139+BQ139+BT139+BW139+BZ139+CC139+CF139+CI139+CL139+CO139+CR139+CU139+CX139 -> 0 | G139: ชิ้น | H139: =+F139*C139 -> 0 | I139: =IFERROR(VLOOKUP(A139,'1'!U:V,2,0),"0") -> 0 | J139: กล่อง | K139: =+I139*C139 -> 0 | L139: =IFERROR(VLOOKUP(A139,'2'!U:V,2,0),"0") -> 0 | M139: กล่อง | N139: =+L139*C139 -> 0 | O139: =IFERROR(VLOOKUP(A139,'3'!U:V,2,0),"0") -> 0 | P139: กล่อง | Q139: =+O139*C139 -> 0 | R139: =IFERROR(VLOOKUP(A139,'4'!U:V,2,0),"0") -> 0 | S139: กล่อง | T139: =+R139*C139 -> 0 | U139: =IFERROR(VLOOKUP(A139,'5'!U:V,2,0),"0") -> 0 | V139: กล่อง | W139: =+U139*C139 -> 0 | X139: =IFERROR(VLOOKUP(A139,'6'!U:V,2,0),"0") -> 0 | Y139: กล่อง | Z139: =+X139*C139 -> 0 | AA139: =IFERROR(VLOOKUP(A139,'7'!U:V,2,0),"0") -> 0 | AB139: กล่อง | AC139: =+AA139*C139 -> 0 | AD139: =IFERROR(VLOOKUP(A139,'8'!U:V,2,0),"0") -> 0 | AE139: กล่อง | AF139: =+AD139*C139 -> 0 | AG139: =IFERROR(VLOOKUP(A139,'9'!U:V,2,0),"0") -> 0 | AH139: กล่อง | AI139: =+AG139*C139 -> 0 | AJ139: =IFERROR(VLOOKUP(A139,'10'!U:V,2,0),"0") -> 0 | AK139: กล่อง | AL139: =+AJ139*C139 -> 0 | AM139: =IFERROR(VLOOKUP(A139,'11'!U:V,2,0),"0") -> 0 | AN139: กล่อง | AO139: =+AM139*C139 -> 0 | AP139: =IFERROR(VLOOKUP(A139,'12'!U:V,2,0),"0") -> 0 | AQ139: กล่อง | AR139: =+AP139*C139 -> 0 | AS139: =IFERROR(VLOOKUP(A139,'13'!U:V,2,0),"0") -> 0 | AT139: กล่อง | AU139: =+AS139*C139 -> 0 | AV139: =IFERROR(VLOOKUP(A139,'14'!U:V,2,0),"0") -> 0 | AW139: กล่อง | AX139: =+AV139*C139 -> 0 | AY139: =IFERROR(VLOOKUP(A139,'15'!U:V,2,0),"0") -> 0 | AZ139: กล่อง | BA139: =+AY139*C139 -> 0 | BB139: =IFERROR(VLOOKUP(A139,'16'!U:V,2,0),"0") -> 0 | BC139: กล่อง | BD139: =+BB139*C139 -> 0 | BE139: =IFERROR(VLOOKUP(A139,'17'!U:V,2,0),"0") -> 0 | BF139: กล่อง | BG139: =+BE139*C139 -> 0 | BH139: =IFERROR(VLOOKUP(A139,'18'!U:V,2,0),"0") -> 0 | BI139: กล่อง | BJ139: =+BH139*C139 -> 0 | BK139: =IFERROR(VLOOKUP(A139,'19'!U:V,2,0),"0") -> 0 | BL139: กล่อง | BM139: =+BK139*C139 -> 0 | BN139: =IFERROR(VLOOKUP(A139,'20'!U:V,2,0),"0") -> 0 | BO139: กล่อง | BP139: =+BN139*C139 -> 0 | BQ139: =IFERROR(VLOOKUP(A139,'21'!U:V,2,0),"0") -> 0 | BR139: กล่อง | BS139: =+BQ139*C139 -> 0 | BT139: =IFERROR(VLOOKUP(A139,'22'!U:V,2,0),"0") -> 0 | BU139: กล่อง | BV139: =+BT139*C139 -> 0 | BW139: =IFERROR(VLOOKUP(A139,'23'!U:V,2,0),"0") -> 0 | BX139: กล่อง | BY139: =+BW139*C139 -> 0 | BZ139: =IFERROR(VLOOKUP(A139,'24'!U:V,2,0),"0") -> 0 | CA139: กล่อง | CB139: =+BZ139*C139 -> 0 | CC139: =IFERROR(VLOOKUP(A139,'25'!U:V,2,0),"0") -> 0 | CD139: กล่อง | CE139: =+CC139*C139 -> 0 | CF139: =IFERROR(VLOOKUP(A139,'26'!U:V,2,0),"0") -> 0 | CG139: กล่อง | CH139: =+CF139*C139 -> 0 | CI139: =IFERROR(VLOOKUP(A139,'27'!U:V,2,0),"0") -> 0 | CJ139: กล่อง | CK139: =+CI139*C139 -> 0 | CL139: =IFERROR(VLOOKUP(A139,'28'!U:V,2,0),"0") -> 0 | CM139: กล่อง | CN139: =+CL139*C139 -> 0 | CO139: =IFERROR(VLOOKUP(A139,'29'!U:V,2,0),"0") -> 0 | CP139: กล่อง | CQ139: =+CO139*C139 -> 0 | CR139: =IFERROR(VLOOKUP(A139,'30'!U:V,2,0),"0") -> 0 | CS139: กล่อง | CT139: =+CR139*C139 -> 0 | CU139: =IFERROR(VLOOKUP(A139,'31'!U:V,2,0),"0") -> 0 | CV139: กล่อง | CW139: =+CU139*C139 -> 0 | CX139: =IFERROR(VLOOKUP(A139,'เซต1-31'!V:W,2,0),"0") -> 0 | CY139: กล่อง | CZ139: =+CX139*CQ139 -> 0
... A160: 900005 | B160: กล่องขนมเปล่า (กล่องเปล่าชิฟไส้ ล) | C160: 6 | D160: 1 | E160: =+D160*F160 -> 0 | F160: =+I160+L160+O160+R160+U160+X160+AA160+AD160+AG160+AJ160+AM160+AP160+AS160+AV160+AY160+BB160+BE160+BH160+BK160+BN160+BQ160+BT160+BW160+BZ160+CC160+CF160+CI160+CL160+CO160+CR160+CU160+CX160 -> 0 | G160: กล่อง | H160: =+F160*C160 -> 0 | I160: =IFERROR(VLOOKUP(A160,'1'!U:V,2,0),"0") -> 0 | J160: กล่อง | K160: =+I160*C160 -> 0 | L160: =IFERROR(VLOOKUP(A160,'2'!U:V,2,0),"0") -> 0 | M160: กล่อง | N160: =+L160*C160 -> 0 | O160: =IFERROR(VLOOKUP(A160,'3'!U:V,2,0),"0") -> 0 | P160: กล่อง | Q160: =+O160*C160 -> 0 | R160: =IFERROR(VLOOKUP(A160,'4'!U:V,2,0),"0") -> 0 | S160: กล่อง | T160: =+R160*C160 -> 0 | U160: =IFERROR(VLOOKUP(A160,'5'!U:V,2,0),"0") -> 0 | V160: กล่อง | W160: =+U160*C160 -> 0 | X160: =IFERROR(VLOOKUP(A160,'6'!U:V,2,0),"0") -> 0 | Y160: กล่อง | Z160: =+X160*C160 -> 0 | AA160: =IFERROR(VLOOKUP(A160,'7'!U:V,2,0),"0") -> 0 | AB160: กล่อง | AC160: =+AA160*C160 -> 0 | AD160: =IFERROR(VLOOKUP(A160,'8'!U:V,2,0),"0") -> 0 | AE160: กล่อง | AF160: =+AD160*C160 -> 0 | AG160: =IFERROR(VLOOKUP(A160,'9'!U:V,2,0),"0") -> 0 | AH160: กล่อง | AI160: =+AG160*C160 -> 0 | AJ160: =IFERROR(VLOOKUP(A160,'10'!U:V,2,0),"0") -> 0 | AK160: กล่อง | AL160: =+AJ160*C160 -> 0 | AM160: =IFERROR(VLOOKUP(A160,'11'!U:V,2,0),"0") -> 0 | AN160: กล่อง | AO160: =+AM160*C160 -> 0 | AP160: =IFERROR(VLOOKUP(A160,'12'!U:V,2,0),"0") -> 0 | AQ160: กล่อง | AR160: =+AP160*C160 -> 0 | AS160: =IFERROR(VLOOKUP(A160,'13'!U:V,2,0),"0") -> 0 | AT160: กล่อง | AU160: =+AS160*C160 -> 0 | AV160: =IFERROR(VLOOKUP(A160,'14'!U:V,2,0),"0") -> 0 | AW160: กล่อง | AX160: =+AV160*C160 -> 0 | AY160: =IFERROR(VLOOKUP(A160,'15'!U:V,2,0),"0") -> 0 | AZ160: กล่อง | BA160: =+AY160*C160 -> 0 | BB160: =IFERROR(VLOOKUP(A160,'16'!U:V,2,0),"0") -> 0 | BC160: กล่อง | BD160: =+BB160*C160 -> 0 | BE160: =IFERROR(VLOOKUP(A160,'17'!U:V,2,0),"0") -> 0 | BF160: กล่อง | BG160: =+BE160*C160 -> 0 | BH160: =IFERROR(VLOOKUP(A160,'18'!U:V,2,0),"0") -> 0 | BI160: กล่อง | BJ160: =+BH160*C160 -> 0 | BK160: =IFERROR(VLOOKUP(A160,'19'!U:V,2,0),"0") -> 0 | BL160: กล่อง | BM160: =+BK160*C160 -> 0 | BN160: =IFERROR(VLOOKUP(A160,'20'!U:V,2,0),"0") -> 0 | BO160: กล่อง | BP160: =+BN160*C160 -> 0 | BQ160: =IFERROR(VLOOKUP(A160,'21'!U:V,2,0),"0") -> 0 | BR160: กล่อง | BS160: =+BQ160*C160 -> 0 | BT160: =IFERROR(VLOOKUP(A160,'22'!U:V,2,0),"0") -> 0 | BU160: กล่อง | BV160: =+BT160*C160 -> 0 | BW160: =IFERROR(VLOOKUP(A160,'23'!U:V,2,0),"0") -> 0 | BX160: กล่อง | BY160: =+BW160*C160 -> 0 | BZ160: =IFERROR(VLOOKUP(A160,'24'!U:V,2,0),"0") -> 0 | CA160: กล่อง | CB160: =+BZ160*C160 -> 0 | CC160: =IFERROR(VLOOKUP(A160,'25'!U:V,2,0),"0") -> 0 | CD160: กล่อง | CE160: =+CC160*C160 -> 0 | CF160: =IFERROR(VLOOKUP(A160,'26'!U:V,2,0),"0") -> 0 | CG160: กล่อง | CH160: =+CF160*C160 -> 0 | CI160: =IFERROR(VLOOKUP(A160,'27'!U:V,2,0),"0") -> 0 | CJ160: กล่อง | CK160: =+CI160*C160 -> 0 | CL160: =IFERROR(VLOOKUP(A160,'28'!U:V,2,0),"0") -> 0 | CM160: กล่อง | CN160: =+CL160*C160 -> 0 | CO160: =IFERROR(VLOOKUP(A160,'29'!U:V,2,0),"0") -> 0 | CP160: กล่อง | CQ160: =+CO160*C160 -> 0 | CR160: =IFERROR(VLOOKUP(A160,'30'!U:V,2,0),"0") -> 0 | CS160: กล่อง | CT160: =+CR160*C160 -> 0 | CU160: =IFERROR(VLOOKUP(A160,'31'!U:V,2,0),"0") -> 0 | CV160: กล่อง | CW160: =+CU160*C160 -> 0 | CX160: =IFERROR(VLOOKUP(A160,'เซต1-31'!V:W,2,0),"0") -> 0 | CY160: กล่อง | CZ160: =+CX160*CQ160 -> 0
A161: 1111091 | B161: ชิฟฟ่อนไม่มีไส้ แบบกล่อง8ชิ้น รวมรส (ใบเตยล้วน) | C161: 38.98 | D161: 1 | E161: =+D161*F161 -> 0 | F161: =+I161+L161+O161+R161+U161+X161+AA161+AD161+AG161+AJ161+AM161+AP161+AS161+AV161+AY161+BB161+BE161+BH161+BK161+BN161+BQ161+BT161+BW161+BZ161+CC161+CF161+CI161+CL161+CO161+CR161+CU161+CX161 -> 0 | G161: กล่อง | H161: =+F161*C161 -> 0 | I161: =IFERROR(VLOOKUP(A161,'1'!U:V,2,0),"0") -> 0 | J161: กล่อง | K161: =+I161*C161 -> 0 | L161: =IFERROR(VLOOKUP(A161,'2'!U:V,2,0),"0") -> 0 | M161: กล่อง | N161: =+L161*C161 -> 0 | O161: =IFERROR(VLOOKUP(A161,'3'!U:V,2,0),"0") -> 0 | P161: กล่อง | Q161: =+O161*C161 -> 0 | R161: =IFERROR(VLOOKUP(A161,'4'!U:V,2,0),"0") -> 0 | S161: กล่อง | T161: =+R161*C161 -> 0 | U161: =IFERROR(VLOOKUP(A161,'5'!U:V,2,0),"0") -> 0 | V161: กล่อง | W161: =+U161*C161 -> 0 | X161: =IFERROR(VLOOKUP(A161,'6'!U:V,2,0),"0") -> 0 | Y161: กล่อง | Z161: =+X161*C161 -> 0 | AA161: =IFERROR(VLOOKUP(A161,'7'!U:V,2,0),"0") -> 0 | AB161: กล่อง | AC161: =+AA161*C161 -> 0 | AD161: =IFERROR(VLOOKUP(A161,'8'!U:V,2,0),"0") -> 0 | AE161: กล่อง | AF161: =+AD161*C161 -> 0 | AG161: =IFERROR(VLOOKUP(A161,'9'!U:V,2,0),"0") -> 0 | AH161: กล่อง | AI161: =+AG161*C161 -> 0 | AJ161: =IFERROR(VLOOKUP(A161,'10'!U:V,2,0),"0") -> 0 | AK161: กล่อง | AL161: =+AJ161*C161 -> 0 | AM161: =IFERROR(VLOOKUP(A161,'11'!U:V,2,0),"0") -> 0 | AN161: กล่อง | AO161: =+AM161*C161 -> 0 | AP161: =IFERROR(VLOOKUP(A161,'12'!U:V,2,0),"0") -> 0 | AQ161: กล่อง | AR161: =+AP161*C161 -> 0 | AS161: =IFERROR(VLOOKUP(A161,'13'!U:V,2,0),"0") -> 0 | AT161: กล่อง | AU161: =+AS161*C161 -> 0 | AV161: =IFERROR(VLOOKUP(A161,'14'!U:V,2,0),"0") -> 0 | AW161: กล่อง | AX161: =+AV161*C161 -> 0 | AY161: =IFERROR(VLOOKUP(A161,'15'!U:V,2,0),"0") -> 0 | AZ161: กล่อง | BA161: =+AY161*C161 -> 0 | BB161: =IFERROR(VLOOKUP(A161,'16'!U:V,2,0),"0") -> 0 | BC161: กล่อง | BD161: =+BB161*C161 -> 0 | BE161: =IFERROR(VLOOKUP(A161,'17'!U:V,2,0),"0") -> 0 | BF161: กล่อง | BG161: =+BE161*C161 -> 0 | BH161: =IFERROR(VLOOKUP(A161,'18'!U:V,2,0),"0") -> 0 | BI161: กล่อง | BJ161: =+BH161*C161 -> 0 | BK161: =IFERROR(VLOOKUP(A161,'19'!U:V,2,0),"0") -> 0 | BL161: กล่อง | BM161: =+BK161*C161 -> 0 | BN161: =IFERROR(VLOOKUP(A161,'20'!U:V,2,0),"0") -> 0 | BO161: กล่อง | BP161: =+BN161*C161 -> 0 | BQ161: =IFERROR(VLOOKUP(A161,'21'!U:V,2,0),"0") -> 0 | BR161: กล่อง | BS161: =+BQ161*C161 -> 0 | BT161: =IFERROR(VLOOKUP(A161,'22'!U:V,2,0),"0") -> 0 | BU161: กล่อง | BV161: =+BT161*C161 -> 0 | BW161: =IFERROR(VLOOKUP(A161,'23'!U:V,2,0),"0") -> 0 | BX161: กล่อง | BY161: =+BW161*C161 -> 0 | BZ161: =IFERROR(VLOOKUP(A161,'24'!U:V,2,0),"0") -> 0 | CA161: กล่อง | CB161: =+BZ161*C161 -> 0 | CC161: =IFERROR(VLOOKUP(A161,'25'!U:V,2,0),"0") -> 0 | CD161: กล่อง | CE161: =+CC161*C161 -> 0 | CF161: =IFERROR(VLOOKUP(A161,'26'!U:V,2,0),"0") -> 0 | CG161: กล่อง | CH161: =+CF161*C161 -> 0 | CI161: =IFERROR(VLOOKUP(A161,'27'!U:V,2,0),"0") -> 0 | CJ161: กล่อง | CK161: =+CI161*C161 -> 0 | CL161: =IFERROR(VLOOKUP(A161,'28'!U:V,2,0),"0") -> 0 | CM161: กล่อง | CN161: =+CL161*C161 -> 0 | CO161: =IFERROR(VLOOKUP(A161,'29'!U:V,2,0),"0") -> 0 | CP161: กล่อง | CQ161: =+CO161*C161 -> 0 | CR161: =IFERROR(VLOOKUP(A161,'30'!U:V,2,0),"0") -> 0 | CS161: กล่อง | CT161: =+CR161*C161 -> 0 | CU161: =IFERROR(VLOOKUP(A161,'31'!U:V,2,0),"0") -> 0 | CV161: กล่อง | CW161: =+CU161*C161 -> 0 | CX161: =IFERROR(VLOOKUP(A161,'เซต1-31'!V:W,2,0),"0") -> 0 | CY161: กล่อง | CZ161: =+CX161*CQ161 -> 0
A162: บล10 | B162: เบาหวิว ล (เผือกมะพร้าว) (โปร 2 กล่อง แถม 1 กล่อง) | C162: =14.96*3 -> 44.88 | D162: 3 | E162: =+D162*F162 -> 0 | F162: =+I162+L162+O162+R162+U162+X162+AA162+AD162+AG162+AJ162+AM162+AP162+AS162+AV162+AY162+BB162+BE162+BH162+BK162+BN162+BQ162+BT162+BW162+BZ162+CC162+CF162+CI162+CL162+CO162+CR162+CU162+CX162 -> 0 | G162: กล่อง | H162: =+F162*C162 -> 0 | I162: =IFERROR(VLOOKUP(A162,'1'!U:V,2,0),"0") -> 0 | J162: กล่อง | K162: =+I162*C162 -> 0 | L162: =IFERROR(VLOOKUP(A162,'2'!U:V,2,0),"0") -> 0 | M162: กล่อง | N162: =+L162*C162 -> 0 | O162: =IFERROR(VLOOKUP(A162,'3'!U:V,2,0),"0") -> 0 | P162: กล่อง | Q162: =+O162*C162 -> 0 | R162: =IFERROR(VLOOKUP(A162,'4'!U:V,2,0),"0") -> 0 | S162: กล่อง | T162: =+R162*C162 -> 0 | U162: =IFERROR(VLOOKUP(A162,'5'!U:V,2,0),"0") -> 0 | V162: กล่อง | W162: =+U162*C162 -> 0 | X162: =IFERROR(VLOOKUP(A162,'6'!U:V,2,0),"0") -> 0 | Y162: กล่อง | Z162: =+X162*C162 -> 0 | AA162: =IFERROR(VLOOKUP(A162,'7'!U:V,2,0),"0") -> 0 | AB162: กล่อง | AC162: =+AA162*C162 -> 0 | AD162: =IFERROR(VLOOKUP(A162,'8'!U:V,2,0),"0") -> 0 | AE162: กล่อง | AF162: =+AD162*C162 -> 0 | AG162: =IFERROR(VLOOKUP(A162,'9'!U:V,2,0),"0") -> 0 | AH162: กล่อง | AI162: =+AG162*C162 -> 0 | AJ162: =IFERROR(VLOOKUP(A162,'10'!U:V,2,0),"0") -> 0 | AK162: กล่อง | AL162: =+AJ162*C162 -> 0 | AM162: =IFERROR(VLOOKUP(A162,'11'!U:V,2,0),"0") -> 0 | AN162: กล่อง | AO162: =+AM162*C162 -> 0 | AP162: =IFERROR(VLOOKUP(A162,'12'!U:V,2,0),"0") -> 0 | AQ162: กล่อง | AR162: =+AP162*C162 -> 0 | AS162: =IFERROR(VLOOKUP(A162,'13'!U:V,2,0),"0") -> 0 | AT162: กล่อง | AU162: =+AS162*C162 -> 0 | AV162: =IFERROR(VLOOKUP(A162,'14'!U:V,2,0),"0") -> 0 | AW162: กล่อง | AX162: =+AV162*C162 -> 0 | AY162: =IFERROR(VLOOKUP(A162,'15'!U:V,2,0),"0") -> 0 | AZ162: กล่อง | BA162: =+AY162*C162 -> 0 | BB162: =IFERROR(VLOOKUP(A162,'16'!U:V,2,0),"0") -> 0 | BC162: กล่อง | BD162: =+BB162*C162 -> 0 | BE162: =IFERROR(VLOOKUP(A162,'17'!U:V,2,0),"0") -> 0 | BF162: กล่อง | BG162: =+BE162*C162 -> 0 | BH162: =IFERROR(VLOOKUP(A162,'18'!U:V,2,0),"0") -> 0 | BI162: กล่อง | BJ162: =+BH162*C162 -> 0 | BK162: =IFERROR(VLOOKUP(A162,'19'!U:V,2,0),"0") -> 0 | BL162: กล่อง | BM162: =+BK162*C162 -> 0 | BN162: =IFERROR(VLOOKUP(A162,'20'!U:V,2,0),"0") -> 0 | BO162: กล่อง | BP162: =+BN162*C162 -> 0 | BQ162: =IFERROR(VLOOKUP(A162,'21'!U:V,2,0),"0") -> 0 | BR162: กล่อง | BS162: =+BQ162*C162 -> 0 | BT162: =IFERROR(VLOOKUP(A162,'22'!U:V,2,0),"0") -> 0 | BU162: กล่อง | BV162: =+BT162*C162 -> 0 | BW162: =IFERROR(VLOOKUP(A162,'23'!U:V,2,0),"0") -> 0 | BX162: กล่อง | BY162: =+BW162*C162 -> 0 | BZ162: =IFERROR(VLOOKUP(A162,'24'!U:V,2,0),"0") -> 0 | CA162: กล่อง | CB162: =+BZ162*C162 -> 0 | CC162: =IFERROR(VLOOKUP(A162,'25'!U:V,2,0),"0") -> 0 | CD162: กล่อง | CE162: =+CC162*C162 -> 0 | CF162: =IFERROR(VLOOKUP(A162,'26'!U:V,2,0),"0") -> 0 | CG162: กล่อง | CH162: =+CF162*C162 -> 0 | CI162: =IFERROR(VLOOKUP(A162,'27'!U:V,2,0),"0") -> 0 | CJ162: กล่อง | CK162: =+CI162*C162 -> 0 | CL162: =IFERROR(VLOOKUP(A162,'28'!U:V,2,0),"0") -> 0 | CM162: กล่อง | CN162: =+CL162*C162 -> 0 | CO162: =IFERROR(VLOOKUP(A162,'29'!U:V,2,0),"0") -> 0 | CP162: กล่อง | CQ162: =+CO162*C162 -> 0 | CR162: =IFERROR(VLOOKUP(A162,'30'!U:V,2,0),"0") -> 0 | CS162: กล่อง | CT162: =+CR162*C162 -> 0 | CU162: =IFERROR(VLOOKUP(A162,'31'!U:V,2,0),"0") -> 0 | CV162: กล่อง | CW162: =+CU162*C162 -> 0 | CX162: =IFERROR(VLOOKUP(A162,'เซต1-31'!V:W,2,0),"0") -> 0 | CY162: กล่อง | CZ162: =+CX162*CQ162 -> 0
A163: บล3 | B163: เบาหวิว ล (ฝอยทอง) (โปร 2 กล่อง แถม 1 กล่อง) | C163: =14.23*3 -> 42.69 | D163: 3 | E163: =+D163*F163 -> 0 | F163: =+I163+L163+O163+R163+U163+X163+AA163+AD163+AG163+AJ163+AM163+AP163+AS163+AV163+AY163+BB163+BE163+BH163+BK163+BN163+BQ163+BT163+BW163+BZ163+CC163+CF163+CI163+CL163+CO163+CR163+CU163+CX163 -> 0 | G163: กล่อง | H163: =+F163*C163 -> 0 | I163: =IFERROR(VLOOKUP(A163,'1'!U:V,2,0),"0") -> 0 | J163: กล่อง | K163: =+I163*C163 -> 0 | L163: =IFERROR(VLOOKUP(A163,'2'!U:V,2,0),"0") -> 0 | M163: กล่อง | N163: =+L163*C163 -> 0 | O163: =IFERROR(VLOOKUP(A163,'3'!U:V,2,0),"0") -> 0 | P163: กล่อง | Q163: =+O163*C163 -> 0 | R163: =IFERROR(VLOOKUP(A163,'4'!U:V,2,0),"0") -> 0 | S163: กล่อง | T163: =+R163*C163 -> 0 | U163: =IFERROR(VLOOKUP(A163,'5'!U:V,2,0),"0") -> 0 | V163: กล่อง | W163: =+U163*C163 -> 0 | X163: =IFERROR(VLOOKUP(A163,'6'!U:V,2,0),"0") -> 0 | Y163: กล่อง | Z163: =+X163*C163 -> 0 | AA163: =IFERROR(VLOOKUP(A163,'7'!U:V,2,0),"0") -> 0 | AB163: กล่อง | AC163: =+AA163*C163 -> 0 | AD163: =IFERROR(VLOOKUP(A163,'8'!U:V,2,0),"0") -> 0 | AE163: กล่อง | AF163: =+AD163*C163 -> 0 | AG163: =IFERROR(VLOOKUP(A163,'9'!U:V,2,0),"0") -> 0 | AH163: กล่อง | AI163: =+AG163*C163 -> 0 | AJ163: =IFERROR(VLOOKUP(A163,'10'!U:V,2,0),"0") -> 0 | AK163: กล่อง | AL163: =+AJ163*C163 -> 0 | AM163: =IFERROR(VLOOKUP(A163,'11'!U:V,2,0),"0") -> 0 | AN163: กล่อง | AO163: =+AM163*C163 -> 0 | AP163: =IFERROR(VLOOKUP(A163,'12'!U:V,2,0),"0") -> 0 | AQ163: กล่อง | AR163: =+AP163*C163 -> 0 | AS163: =IFERROR(VLOOKUP(A163,'13'!U:V,2,0),"0") -> 0 | AT163: กล่อง | AU163: =+AS163*C163 -> 0 | AV163: =IFERROR(VLOOKUP(A163,'14'!U:V,2,0),"0") -> 0 | AW163: กล่อง | AX163: =+AV163*C163 -> 0 | AY163: =IFERROR(VLOOKUP(A163,'15'!U:V,2,0),"0") -> 0 | AZ163: กล่อง | BA163: =+AY163*C163 -> 0 | BB163: =IFERROR(VLOOKUP(A163,'16'!U:V,2,0),"0") -> 0 | BC163: กล่อง | BD163: =+BB163*C163 -> 0 | BE163: =IFERROR(VLOOKUP(A163,'17'!U:V,2,0),"0") -> 0 | BF163: กล่อง | BG163: =+BE163*C163 -> 0 | BH163: =IFERROR(VLOOKUP(A163,'18'!U:V,2,0),"0") -> 0 | BI163: กล่อง | BJ163: =+BH163*C163 -> 0 | BK163: =IFERROR(VLOOKUP(A163,'19'!U:V,2,0),"0") -> 0 | BL163: กล่อง | BM163: =+BK163*C163 -> 0 | BN163: =IFERROR(VLOOKUP(A163,'20'!U:V,2,0),"0") -> 0 | BO163: กล่อง | BP163: =+BN163*C163 -> 0 | BQ163: =IFERROR(VLOOKUP(A163,'21'!U:V,2,0),"0") -> 0 | BR163: กล่อง | BS163: =+BQ163*C163 -> 0 | BT163: =IFERROR(VLOOKUP(A163,'22'!U:V,2,0),"0") -> 0 | BU163: กล่อง | BV163: =+BT163*C163 -> 0 | BW163: =IFERROR(VLOOKUP(A163,'23'!U:V,2,0),"0") -> 0 | BX163: กล่อง | BY163: =+BW163*C163 -> 0 | BZ163: =IFERROR(VLOOKUP(A163,'24'!U:V,2,0),"0") -> 0 | CA163: กล่อง | CB163: =+BZ163*C163 -> 0 | CC163: =IFERROR(VLOOKUP(A163,'25'!U:V,2,0),"0") -> 0 | CD163: กล่อง | CE163: =+CC163*C163 -> 0 | CF163: =IFERROR(VLOOKUP(A163,'26'!U:V,2,0),"0") -> 0 | CG163: กล่อง | CH163: =+CF163*C163 -> 0 | CI163: =IFERROR(VLOOKUP(A163,'27'!U:V,2,0),"0") -> 0 | CJ163: กล่อง | CK163: =+CI163*C163 -> 0 | CL163: =IFERROR(VLOOKUP(A163,'28'!U:V,2,0),"0") -> 0 | CM163: กล่อง | CN163: =+CL163*C163 -> 0 | CO163: =IFERROR(VLOOKUP(A163,'29'!U:V,2,0),"0") -> 0 | CP163: กล่อง | CQ163: =+CO163*C163 -> 0 | CR163: =IFERROR(VLOOKUP(A163,'30'!U:V,2,0),"0") -> 0 | CS163: กล่อง | CT163: =+CR163*C163 -> 0 | CU163: =IFERROR(VLOOKUP(A163,'31'!U:V,2,0),"0") -> 0 | CV163: กล่อง | CW163: =+CU163*C163 -> 0 | CX163: =IFERROR(VLOOKUP(A163,'เซต1-31'!V:W,2,0),"0") -> 0 | CY163: กล่อง | CZ163: =+CX163*CQ163 -> 0
A164: บล2 | B164: เบาหวิว ล (มะพร้าว) (โปร 2 กล่อง แถม 1 กล่อง) | C164: =14.89*3 -> 44.67 | D164: 3 | E164: =+D164*F164 -> 0 | F164: =+I164+L164+O164+R164+U164+X164+AA164+AD164+AG164+AJ164+AM164+AP164+AS164+AV164+AY164+BB164+BE164+BH164+BK164+BN164+BQ164+BT164+BW164+BZ164+CC164+CF164+CI164+CL164+CO164+CR164+CU164+CX164 -> 0 | G164: กล่อง | H164: =+F164*C164 -> 0 | I164: =IFERROR(VLOOKUP(A164,'1'!U:V,2,0),"0") -> 0 | J164: กล่อง | K164: =+I164*C164 -> 0 | L164: =IFERROR(VLOOKUP(A164,'2'!U:V,2,0),"0") -> 0 | M164: กล่อง | N164: =+L164*C164 -> 0 | O164: =IFERROR(VLOOKUP(A164,'3'!U:V,2,0),"0") -> 0 | P164: กล่อง | Q164: =+O164*C164 -> 0 | R164: =IFERROR(VLOOKUP(A164,'4'!U:V,2,0),"0") -> 0 | S164: กล่อง | T164: =+R164*C164 -> 0 | U164: =IFERROR(VLOOKUP(A164,'5'!U:V,2,0),"0") -> 0 | V164: กล่อง | W164: =+U164*C164 -> 0 | X164: =IFERROR(VLOOKUP(A164,'6'!U:V,2,0),"0") -> 0 | Y164: กล่อง | Z164: =+X164*C164 -> 0 | AA164: =IFERROR(VLOOKUP(A164,'7'!U:V,2,0),"0") -> 0 | AB164: กล่อง | AC164: =+AA164*C164 -> 0 | AD164: =IFERROR(VLOOKUP(A164,'8'!U:V,2,0),"0") -> 0 | AE164: กล่อง | AF164: =+AD164*C164 -> 0 | AG164: =IFERROR(VLOOKUP(A164,'9'!U:V,2,0),"0") -> 0 | AH164: กล่อง | AI164: =+AG164*C164 -> 0 | AJ164: =IFERROR(VLOOKUP(A164,'10'!U:V,2,0),"0") -> 0 | AK164: กล่อง | AL164: =+AJ164*C164 -> 0 | AM164: =IFERROR(VLOOKUP(A164,'11'!U:V,2,0),"0") -> 0 | AN164: กล่อง | AO164: =+AM164*C164 -> 0 | AP164: =IFERROR(VLOOKUP(A164,'12'!U:V,2,0),"0") -> 0 | AQ164: กล่อง | AR164: =+AP164*C164 -> 0 | AS164: =IFERROR(VLOOKUP(A164,'13'!U:V,2,0),"0") -> 0 | AT164: กล่อง | AU164: =+AS164*C164 -> 0 | AV164: =IFERROR(VLOOKUP(A164,'14'!U:V,2,0),"0") -> 0 | AW164: กล่อง | AX164: =+AV164*C164 -> 0 | AY164: =IFERROR(VLOOKUP(A164,'15'!U:V,2,0),"0") -> 0 | AZ164: กล่อง | BA164: =+AY164*C164 -> 0 | BB164: =IFERROR(VLOOKUP(A164,'16'!U:V,2,0),"0") -> 0 | BC164: กล่อง | BD164: =+BB164*C164 -> 0 | BE164: =IFERROR(VLOOKUP(A164,'17'!U:V,2,0),"0") -> 0 | BF164: กล่อง | BG164: =+BE164*C164 -> 0 | BH164: =IFERROR(VLOOKUP(A164,'18'!U:V,2,0),"0") -> 0 | BI164: กล่อง | BJ164: =+BH164*C164 -> 0 | BK164: =IFERROR(VLOOKUP(A164,'19'!U:V,2,0),"0") -> 0 | BL164: กล่อง | BM164: =+BK164*C164 -> 0 | BN164: =IFERROR(VLOOKUP(A164,'20'!U:V,2,0),"0") -> 0 | BO164: กล่อง | BP164: =+BN164*C164 -> 0 | BQ164: =IFERROR(VLOOKUP(A164,'21'!U:V,2,0),"0") -> 0 | BR164: กล่อง | BS164: =+BQ164*C164 -> 0 | BT164: =IFERROR(VLOOKUP(A164,'22'!U:V,2,0),"0") -> 0 | BU164: กล่อง | BV164: =+BT164*C164 -> 0 | BW164: =IFERROR(VLOOKUP(A164,'23'!U:V,2,0),"0") -> 0 | BX164: กล่อง | BY164: =+BW164*C164 -> 0 | BZ164: =IFERROR(VLOOKUP(A164,'24'!U:V,2,0),"0") -> 0 | CA164: กล่อง | CB164: =+BZ164*C164 -> 0 | CC164: =IFERROR(VLOOKUP(A164,'25'!U:V,2,0),"0") -> 0 | CD164: กล่อง | CE164: =+CC164*C164 -> 0 | CF164: =IFERROR(VLOOKUP(A164,'26'!U:V,2,0),"0") -> 0 | CG164: กล่อง | CH164: =+CF164*C164 -> 0 | CI164: =IFERROR(VLOOKUP(A164,'27'!U:V,2,0),"0") -> 0 | CJ164: กล่อง | CK164: =+CI164*C164 -> 0 | CL164: =IFERROR(VLOOKUP(A164,'28'!U:V,2,0),"0") -> 0 | CM164: กล่อง | CN164: =+CL164*C164 -> 0 | CO164: =IFERROR(VLOOKUP(A164,'29'!U:V,2,0),"0") -> 0 | CP164: กล่อง | CQ164: =+CO164*C164 -> 0 | CR164: =IFERROR(VLOOKUP(A164,'30'!U:V,2,0),"0") -> 0 | CS164: กล่อง | CT164: =+CR164*C164 -> 0 | CU164: =IFERROR(VLOOKUP(A164,'31'!U:V,2,0),"0") -> 0 | CV164: กล่อง | CW164: =+CU164*C164 -> 0 | CX164: =IFERROR(VLOOKUP(A164,'เซต1-31'!V:W,2,0),"0") -> 0 | CY164: กล่อง | CZ164: =+CX164*CQ164 -> 0
A165: 1112011-B | B165: เค้กเบาหวิวเล็ก 1กล่องขนาด 100 กรัม หอม นุ่ม สดใหม่ ของฝากปีใหม่ | C165: 14.96 | D165: 1 | E165: =+D165*F165 -> 0 | F165: =+I165+L165+O165+R165+U165+X165+AA165+AD165+AG165+AJ165+AM165+AP165+AS165+AV165+AY165+BB165+BE165+BH165+BK165+BN165+BQ165+BT165+BW165+BZ165+CC165+CF165+CI165+CL165+CO165+CR165+CU165+CX165 -> 0 | G165: กล่อง | H165: =+F165*C165 -> 0 | I165: =IFERROR(VLOOKUP(A165,'1'!U:V,2,0),"0") -> 0 | J165: กล่อง | K165: =+I165*C165 -> 0 | L165: =IFERROR(VLOOKUP(A165,'2'!U:V,2,0),"0") -> 0 | M165: กล่อง | N165: =+L165*C165 -> 0 | O165: =IFERROR(VLOOKUP(A165,'3'!U:V,2,0),"0") -> 0 | P165: กล่อง | Q165: =+O165*C165 -> 0 | R165: =IFERROR(VLOOKUP(A165,'4'!U:V,2,0),"0") -> 0 | S165: กล่อง | T165: =+R165*C165 -> 0 | U165: =IFERROR(VLOOKUP(A165,'5'!U:V,2,0),"0") -> 0 | V165: กล่อง | W165: =+U165*C165 -> 0 | X165: =IFERROR(VLOOKUP(A165,'6'!U:V,2,0),"0") -> 0 | Y165: กล่อง | Z165: =+X165*C165 -> 0 | AA165: =IFERROR(VLOOKUP(A165,'7'!U:V,2,0),"0") -> 0 | AB165: กล่อง | AC165: =+AA165*C165 -> 0 | AD165: =IFERROR(VLOOKUP(A165,'8'!U:V,2,0),"0") -> 0 | AE165: กล่อง | AF165: =+AD165*C165 -> 0 | AG165: =IFERROR(VLOOKUP(A165,'9'!U:V,2,0),"0") -> 0 | AH165: กล่อง | AI165: =+AG165*C165 -> 0 | AJ165: =IFERROR(VLOOKUP(A165,'10'!U:V,2,0),"0") -> 0 | AK165: กล่อง | AL165: =+AJ165*C165 -> 0 | AM165: =IFERROR(VLOOKUP(A165,'11'!U:V,2,0),"0") -> 0 | AN165: กล่อง | AO165: =+AM165*C165 -> 0 | AP165: =IFERROR(VLOOKUP(A165,'12'!U:V,2,0),"0") -> 0 | AQ165: กล่อง | AR165: =+AP165*C165 -> 0 | AS165: =IFERROR(VLOOKUP(A165,'13'!U:V,2,0),"0") -> 0 | AT165: กล่อง | AU165: =+AS165*C165 -> 0 | AV165: =IFERROR(VLOOKUP(A165,'14'!U:V,2,0),"0") -> 0 | AW165: กล่อง | AX165: =+AV165*C165 -> 0 | AY165: =IFERROR(VLOOKUP(A165,'15'!U:V,2,0),"0") -> 0 | AZ165: กล่อง | BA165: =+AY165*C165 -> 0 | BB165: =IFERROR(VLOOKUP(A165,'16'!U:V,2,0),"0") -> 0 | BC165: กล่อง | BD165: =+BB165*C165 -> 0 | BE165: =IFERROR(VLOOKUP(A165,'17'!U:V,2,0),"0") -> 0 | BF165: กล่อง | BG165: =+BE165*C165 -> 0 | BH165: =IFERROR(VLOOKUP(A165,'18'!U:V,2,0),"0") -> 0 | BI165: กล่อง | BJ165: =+BH165*C165 -> 0 | BK165: =IFERROR(VLOOKUP(A165,'19'!U:V,2,0),"0") -> 0 | BL165: กล่อง | BM165: =+BK165*C165 -> 0 | BN165: =IFERROR(VLOOKUP(A165,'20'!U:V,2,0),"0") -> 0 | BO165: กล่อง | BP165: =+BN165*C165 -> 0 | BQ165: =IFERROR(VLOOKUP(A165,'21'!U:V,2,0),"0") -> 0 | BR165: กล่อง | BS165: =+BQ165*C165 -> 0 | BT165: =IFERROR(VLOOKUP(A165,'22'!U:V,2,0),"0") -> 0 | BU165: กล่อง | BV165: =+BT165*C165 -> 0 | BW165: =IFERROR(VLOOKUP(A165,'23'!U:V,2,0),"0") -> 0 | BX165: กล่อง | BY165: =+BW165*C165 -> 0 | BZ165: =IFERROR(VLOOKUP(A165,'24'!U:V,2,0),"0") -> 0 | CA165: กล่อง | CB165: =+BZ165*C165 -> 0 | CC165: =IFERROR(VLOOKUP(A165,'25'!U:V,2,0),"0") -> 0 | CD165: กล่อง | CE165: =+CC165*C165 -> 0 | CF165: =IFERROR(VLOOKUP(A165,'26'!U:V,2,0),"0") -> 0 | CG165: กล่อง | CH165: =+CF165*C165 -> 0 | CI165: =IFERROR(VLOOKUP(A165,'27'!U:V,2,0),"0") -> 0 | CJ165: กล่อง | CK165: =+CI165*C165 -> 0 | CL165: =IFERROR(VLOOKUP(A165,'28'!U:V,2,0),"0") -> 0 | CM165: กล่อง | CN165: =+CL165*C165 -> 0 | CO165: =IFERROR(VLOOKUP(A165,'29'!U:V,2,0),"0") -> 0 | CP165: กล่อง | CQ165: =+CO165*C165 -> 0 | CR165: =IFERROR(VLOOKUP(A165,'30'!U:V,2,0),"0") -> 0 | CS165: กล่อง | CT165: =+CR165*C165 -> 0 | CU165: =IFERROR(VLOOKUP(A165,'31'!U:V,2,0),"0") -> 0 | CV165: กล่อง | CW165: =+CU165*C165 -> 0 | CX165: =IFERROR(VLOOKUP(A165,'เซต1-31'!V:W,2,0),"0") -> 0 | CY165: กล่อง | CZ165: =+CX165*CQ165 -> 0
A166: 1112009-B | B166: เบาหวิว 110 กรัม ของฝากวรรณวนัช เจ้าดัง ของฝากปีใหม่ (มะพร้าว) | C166: 14.89 | D166: 1 | E166: =+D166*F166 -> 0 | F166: =+I166+L166+O166+R166+U166+X166+AA166+AD166+AG166+AJ166+AM166+AP166+AS166+AV166+AY166+BB166+BE166+BH166+BK166+BN166+BQ166+BT166+BW166+BZ166+CC166+CF166+CI166+CL166+CO166+CR166+CU166+CX166 -> 0 | G166: กล่อง | H166: =+F166*C166 -> 0 | I166: =IFERROR(VLOOKUP(A166,'1'!U:V,2,0),"0") -> 0 | J166: กล่อง | K166: =+I166*C166 -> 0 | L166: =IFERROR(VLOOKUP(A166,'2'!U:V,2,0),"0") -> 0 | M166: กล่อง | N166: =+L166*C166 -> 0 | O166: =IFERROR(VLOOKUP(A166,'3'!U:V,2,0),"0") -> 0 | P166: กล่อง | Q166: =+O166*C166 -> 0 | R166: =IFERROR(VLOOKUP(A166,'4'!U:V,2,0),"0") -> 0 | S166: กล่อง | T166: =+R166*C166 -> 0 | U166: =IFERROR(VLOOKUP(A166,'5'!U:V,2,0),"0") -> 0 | V166: กล่อง | W166: =+U166*C166 -> 0 | X166: =IFERROR(VLOOKUP(A166,'6'!U:V,2,0),"0") -> 0 | Y166: กล่อง | Z166: =+X166*C166 -> 0 | AA166: =IFERROR(VLOOKUP(A166,'7'!U:V,2,0),"0") -> 0 | AB166: กล่อง | AC166: =+AA166*C166 -> 0 | AD166: =IFERROR(VLOOKUP(A166,'8'!U:V,2,0),"0") -> 0 | AE166: กล่อง | AF166: =+AD166*C166 -> 0 | AG166: =IFERROR(VLOOKUP(A166,'9'!U:V,2,0),"0") -> 0 | AH166: กล่อง | AI166: =+AG166*C166 -> 0 | AJ166: =IFERROR(VLOOKUP(A166,'10'!U:V,2,0),"0") -> 0 | AK166: กล่อง | AL166: =+AJ166*C166 -> 0 | AM166: =IFERROR(VLOOKUP(A166,'11'!U:V,2,0),"0") -> 0 | AN166: กล่อง | AO166: =+AM166*C166 -> 0 | AP166: =IFERROR(VLOOKUP(A166,'12'!U:V,2,0),"0") -> 0 | AQ166: กล่อง | AR166: =+AP166*C166 -> 0 | AS166: =IFERROR(VLOOKUP(A166,'13'!U:V,2,0),"0") -> 0 | AT166: กล่อง | AU166: =+AS166*C166 -> 0 | AV166: =IFERROR(VLOOKUP(A166,'14'!U:V,2,0),"0") -> 0 | AW166: กล่อง | AX166: =+AV166*C166 -> 0 | AY166: =IFERROR(VLOOKUP(A166,'15'!U:V,2,0),"0") -> 0 | AZ166: กล่อง | BA166: =+AY166*C166 -> 0 | BB166: =IFERROR(VLOOKUP(A166,'16'!U:V,2,0),"0") -> 0 | BC166: กล่อง | BD166: =+BB166*C166 -> 0 | BE166: =IFERROR(VLOOKUP(A166,'17'!U:V,2,0),"0") -> 0 | BF166: กล่อง | BG166: =+BE166*C166 -> 0 | BH166: =IFERROR(VLOOKUP(A166,'18'!U:V,2,0),"0") -> 0 | BI166: กล่อง | BJ166: =+BH166*C166 -> 0 | BK166: =IFERROR(VLOOKUP(A166,'19'!U:V,2,0),"0") -> 0 | BL166: กล่อง | BM166: =+BK166*C166 -> 0 | BN166: =IFERROR(VLOOKUP(A166,'20'!U:V,2,0),"0") -> 0 | BO166: กล่อง | BP166: =+BN166*C166 -> 0 | BQ166: =IFERROR(VLOOKUP(A166,'21'!U:V,2,0),"0") -> 0 | BR166: กล่อง | BS166: =+BQ166*C166 -> 0 | BT166: =IFERROR(VLOOKUP(A166,'22'!U:V,2,0),"0") -> 0 | BU166: กล่อง | BV166: =+BT166*C166 -> 0 | BW166: =IFERROR(VLOOKUP(A166,'23'!U:V,2,0),"0") -> 0 | BX166: กล่อง | BY166: =+BW166*C166 -> 0 | BZ166: =IFERROR(VLOOKUP(A166,'24'!U:V,2,0),"0") -> 0 | CA166: กล่อง | CB166: =+BZ166*C166 -> 0 | CC166: =IFERROR(VLOOKUP(A166,'25'!U:V,2,0),"0") -> 0 | CD166: กล่อง | CE166: =+CC166*C166 -> 0 | CF166: =IFERROR(VLOOKUP(A166,'26'!U:V,2,0),"0") -> 0 | CG166: กล่อง | CH166: =+CF166*C166 -> 0 | CI166: =IFERROR(VLOOKUP(A166,'27'!U:V,2,0),"0") -> 0 | CJ166: กล่อง | CK166: =+CI166*C166 -> 0 | CL166: =IFERROR(VLOOKUP(A166,'28'!U:V,2,0),"0") -> 0 | CM166: กล่อง | CN166: =+CL166*C166 -> 0 | CO166: =IFERROR(VLOOKUP(A166,'29'!U:V,2,0),"0") -> 0 | CP166: กล่อง | CQ166: =+CO166*C166 -> 0 | CR166: =IFERROR(VLOOKUP(A166,'30'!U:V,2,0),"0") -> 0 | CS166: กล่อง | CT166: =+CR166*C166 -> 0 | CU166: =IFERROR(VLOOKUP(A166,'31'!U:V,2,0),"0") -> 0 | CV166: กล่อง | CW166: =+CU166*C166 -> 0 | CX166: =IFERROR(VLOOKUP(A166,'เซต1-31'!V:W,2,0),"0") -> 0 | CY166: กล่อง | CZ166: =+CX166*CQ166 -> 0
A167: เปี๊ยะ 3รส | B167: วรรณวนัช ขนมเปี๊ยะ ไส้ทะลัก ฝอยทอง ไข่แดงเค็ม ขนาด 450กรัม จำนวน 3กล่อง รวมรส (ค่าเริ่มต้น) | C167: 205.42 | D167: 1 | E167: =+D167*F167 -> 0 | F167: =+I167+L167+O167+R167+U167+X167+AA167+AD167+AG167+AJ167+AM167+AP167+AS167+AV167+AY167+BB167+BE167+BH167+BK167+BN167+BQ167+BT167+BW167+BZ167+CC167+CF167+CI167+CL167+CO167+CR167+CU167+CX167 -> 0 | G167: กล่อง | H167: =+F167*C167 -> 0 | I167: =IFERROR(VLOOKUP(A167,'1'!U:V,2,0),"0") -> 0 | J167: กล่อง | K167: =+I167*C167 -> 0 | L167: =IFERROR(VLOOKUP(A167,'2'!U:V,2,0),"0") -> 0 | M167: กล่อง | N167: =+L167*C167 -> 0 | O167: =IFERROR(VLOOKUP(A167,'3'!U:V,2,0),"0") -> 0 | P167: กล่อง | Q167: =+O167*C167 -> 0 | R167: =IFERROR(VLOOKUP(A167,'4'!U:V,2,0),"0") -> 0 | S167: กล่อง | T167: =+R167*C167 -> 0 | U167: =IFERROR(VLOOKUP(A167,'5'!U:V,2,0),"0") -> 0 | V167: กล่อง | W167: =+U167*C167 -> 0 | X167: =IFERROR(VLOOKUP(A167,'6'!U:V,2,0),"0") -> 0 | Y167: กล่อง | Z167: =+X167*C167 -> 0 | AA167: =IFERROR(VLOOKUP(A167,'7'!U:V,2,0),"0") -> 0 | AB167: กล่อง | AC167: =+AA167*C167 -> 0 | AD167: =IFERROR(VLOOKUP(A167,'8'!U:V,2,0),"0") -> 0 | AE167: กล่อง | AF167: =+AD167*C167 -> 0 | AG167: =IFERROR(VLOOKUP(A167,'9'!U:V,2,0),"0") -> 0 | AH167: กล่อง | AI167: =+AG167*C167 -> 0 | AJ167: =IFERROR(VLOOKUP(A167,'10'!U:V,2,0),"0") -> 0 | AK167: กล่อง | AL167: =+AJ167*C167 -> 0 | AM167: =IFERROR(VLOOKUP(A167,'11'!U:V,2,0),"0") -> 0 | AN167: กล่อง | AO167: =+AM167*C167 -> 0 | AP167: =IFERROR(VLOOKUP(A167,'12'!U:V,2,0),"0") -> 0 | AQ167: กล่อง | AR167: =+AP167*C167 -> 0 | AS167: =IFERROR(VLOOKUP(A167,'13'!U:V,2,0),"0") -> 0 | AT167: กล่อง | AU167: =+AS167*C167 -> 0 | AV167: =IFERROR(VLOOKUP(A167,'14'!U:V,2,0),"0") -> 0 | AW167: กล่อง | AX167: =+AV167*C167 -> 0 | AY167: =IFERROR(VLOOKUP(A167,'15'!U:V,2,0),"0") -> 0 | AZ167: กล่อง | BA167: =+AY167*C167 -> 0 | BB167: =IFERROR(VLOOKUP(A167,'16'!U:V,2,0),"0") -> 0 | BC167: กล่อง | BD167: =+BB167*C167 -> 0 | BE167: =IFERROR(VLOOKUP(A167,'17'!U:V,2,0),"0") -> 0 | BF167: กล่อง | BG167: =+BE167*C167 -> 0 | BH167: =IFERROR(VLOOKUP(A167,'18'!U:V,2,0),"0") -> 0 | BI167: กล่อง | BJ167: =+BH167*C167 -> 0 | BK167: =IFERROR(VLOOKUP(A167,'19'!U:V,2,0),"0") -> 0 | BL167: กล่อง | BM167: =+BK167*C167 -> 0 | BN167: =IFERROR(VLOOKUP(A167,'20'!U:V,2,0),"0") -> 0 | BO167: กล่อง | BP167: =+BN167*C167 -> 0 | BQ167: =IFERROR(VLOOKUP(A167,'21'!U:V,2,0),"0") -> 0 | BR167: กล่อง | BS167: =+BQ167*C167 -> 0 | BT167: =IFERROR(VLOOKUP(A167,'22'!U:V,2,0),"0") -> 0 | BU167: กล่อง | BV167: =+BT167*C167 -> 0 | BW167: =IFERROR(VLOOKUP(A167,'23'!U:V,2,0),"0") -> 0 | BX167: กล่อง | BY167: =+BW167*C167 -> 0 | BZ167: =IFERROR(VLOOKUP(A167,'24'!U:V,2,0),"0") -> 0 | CA167: กล่อง | CB167: =+BZ167*C167 -> 0 | CC167: =IFERROR(VLOOKUP(A167,'25'!U:V,2,0),"0") -> 0 | CD167: กล่อง | CE167: =+CC167*C167 -> 0 | CF167: =IFERROR(VLOOKUP(A167,'26'!U:V,2,0),"0") -> 0 | CG167: กล่อง | CH167: =+CF167*C167 -> 0 | CI167: =IFERROR(VLOOKUP(A167,'27'!U:V,2,0),"0") -> 0 | CJ167: กล่อง | CK167: =+CI167*C167 -> 0 | CL167: =IFERROR(VLOOKUP(A167,'28'!U:V,2,0),"0") -> 0 | CM167: กล่อง | CN167: =+CL167*C167 -> 0 | CO167: =IFERROR(VLOOKUP(A167,'29'!U:V,2,0),"0") -> 0 | CP167: กล่อง | CQ167: =+CO167*C167 -> 0 | CR167: =IFERROR(VLOOKUP(A167,'30'!U:V,2,0),"0") -> 0 | CS167: กล่อง | CT167: =+CR167*C167 -> 0 | CU167: =IFERROR(VLOOKUP(A167,'31'!U:V,2,0),"0") -> 0 | CV167: กล่อง | CW167: =+CU167*C167 -> 0 | CX167: =IFERROR(VLOOKUP(A167,'เซต1-31'!V:W,2,0),"0") -> 0 | CY167: กล่อง | CZ167: =+CX167*CQ167 -> 0
A168: โปรสารทจีน | B168: เซ็ตขนมเปี๊ยะ ไส้ทะลัก ขนาด 450 กรัม รวมรส | C168: 205.42 | D168: 1 | E168: =+D168*F168 -> 0 | F168: =+I168+L168+O168+R168+U168+X168+AA168+AD168+AG168+AJ168+AM168+AP168+AS168+AV168+AY168+BB168+BE168+BH168+BK168+BN168+BQ168+BT168+BW168+BZ168+CC168+CF168+CI168+CL168+CO168+CR168+CU168+CX168 -> 0 | G168: เซต | H168: =+F168*C168 -> 0 | I168: =IFERROR(VLOOKUP(A168,'1'!U:V,2,0),"0") -> 0 | J168: เซต | K168: =+I168*C168 -> 0 | L168: =IFERROR(VLOOKUP(A168,'2'!U:V,2,0),"0") -> 0 | M168: เซต | N168: =+L168*C168 -> 0 | O168: =IFERROR(VLOOKUP(A168,'3'!U:V,2,0),"0") -> 0 | P168: เซต | Q168: =+O168*C168 -> 0 | R168: =IFERROR(VLOOKUP(A168,'4'!U:V,2,0),"0") -> 0 | S168: เซต | T168: =+R168*C168 -> 0 | U168: =IFERROR(VLOOKUP(A168,'5'!U:V,2,0),"0") -> 0 | V168: เซต | W168: =+U168*C168 -> 0 | X168: =IFERROR(VLOOKUP(A168,'6'!U:V,2,0),"0") -> 0 | Y168: เซต | Z168: =+X168*C168 -> 0 | AA168: =IFERROR(VLOOKUP(A168,'7'!U:V,2,0),"0") -> 0 | AB168: เซต | AC168: =+AA168*C168 -> 0 | AD168: =IFERROR(VLOOKUP(A168,'8'!U:V,2,0),"0") -> 0 | AE168: เซต | AF168: =+AD168*C168 -> 0 | AG168: =IFERROR(VLOOKUP(A168,'9'!U:V,2,0),"0") -> 0 | AH168: เซต | AI168: =+AG168*C168 -> 0 | AJ168: =IFERROR(VLOOKUP(A168,'10'!U:V,2,0),"0") -> 0 | AK168: เซต | AL168: =+AJ168*C168 -> 0 | AM168: =IFERROR(VLOOKUP(A168,'11'!U:V,2,0),"0") -> 0 | AN168: เซต | AO168: =+AM168*C168 -> 0 | AP168: =IFERROR(VLOOKUP(A168,'12'!U:V,2,0),"0") -> 0 | AQ168: เซต | AR168: =+AP168*C168 -> 0 | AS168: =IFERROR(VLOOKUP(A168,'13'!U:V,2,0),"0") -> 0 | AT168: เซต | AU168: =+AS168*C168 -> 0 | AV168: =IFERROR(VLOOKUP(A168,'14'!U:V,2,0),"0") -> 0 | AW168: เซต | AX168: =+AV168*C168 -> 0 | AY168: =IFERROR(VLOOKUP(A168,'15'!U:V,2,0),"0") -> 0 | AZ168: เซต | BA168: =+AY168*C168 -> 0 | BB168: =IFERROR(VLOOKUP(A168,'16'!U:V,2,0),"0") -> 0 | BC168: เซต | BD168: =+BB168*C168 -> 0 | BE168: =IFERROR(VLOOKUP(A168,'17'!U:V,2,0),"0") -> 0 | BF168: เซต | BG168: =+BE168*C168 -> 0 | BH168: =IFERROR(VLOOKUP(A168,'18'!U:V,2,0),"0") -> 0 | BI168: เซต | BJ168: =+BH168*C168 -> 0 | BK168: =IFERROR(VLOOKUP(A168,'19'!U:V,2,0),"0") -> 0 | BL168: เซต | BM168: =+BK168*C168 -> 0 | BN168: =IFERROR(VLOOKUP(A168,'20'!U:V,2,0),"0") -> 0 | BO168: เซต | BP168: =+BN168*C168 -> 0 | BQ168: =IFERROR(VLOOKUP(A168,'21'!U:V,2,0),"0") -> 0 | BR168: เซต | BS168: =+BQ168*C168 -> 0 | BT168: =IFERROR(VLOOKUP(A168,'22'!U:V,2,0),"0") -> 0 | BU168: เซต | BV168: =+BT168*C168 -> 0 | BW168: =IFERROR(VLOOKUP(A168,'23'!U:V,2,0),"0") -> 0 | BX168: เซต | BY168: =+BW168*C168 -> 0 | BZ168: =IFERROR(VLOOKUP(A168,'24'!U:V,2,0),"0") -> 0 | CA168: เซต | CB168: =+BZ168*C168 -> 0 | CC168: =IFERROR(VLOOKUP(A168,'25'!U:V,2,0),"0") -> 0 | CD168: เซต | CE168: =+CC168*C168 -> 0 | CF168: =IFERROR(VLOOKUP(A168,'26'!U:V,2,0),"0") -> 0 | CG168: เซต | CH168: =+CF168*C168 -> 0 | CI168: =IFERROR(VLOOKUP(A168,'27'!U:V,2,0),"0") -> 0 | CJ168: เซต | CK168: =+CI168*C168 -> 0 | CL168: =IFERROR(VLOOKUP(A168,'28'!U:V,2,0),"0") -> 0 | CM168: เซต | CN168: =+CL168*C168 -> 0 | CO168: =IFERROR(VLOOKUP(A168,'29'!U:V,2,0),"0") -> 0 | CP168: เซต | CQ168: =+CO168*C168 -> 0 | CR168: =IFERROR(VLOOKUP(A168,'30'!U:V,2,0),"0") -> 0 | CS168: เซต | CT168: =+CR168*C168 -> 0 | CU168: =IFERROR(VLOOKUP(A168,'31'!U:V,2,0),"0") -> 0 | CV168: เซต | CW168: =+CU168*C168 -> 0 | CX168: =IFERROR(VLOOKUP(A168,'เซต1-31'!V:W,2,0),"0") -> 0 | CY168: เซต | CZ168: =+CX168*CQ168 -> 0
A169: 1113221 | B169: ทิรามิสุ | C169: =18.85+0.01 -> 18.86 | D169: 1 | E169: =+D169*F169 -> 0 | F169: =+I169+L169+O169+R169+U169+X169+AA169+AD169+AG169+AJ169+AM169+AP169+AS169+AV169+AY169+BB169+BE169+BH169+BK169+BN169+BQ169+BT169+BW169+BZ169+CC169+CF169+CI169+CL169+CO169+CR169+CU169+CX169 -> 0 | G169: ชิ้น | H169: =+F169*C169 -> 0 | I169: =IFERROR(VLOOKUP(A169,'1'!U:V,2,0),"0") -> 0 | J169: ชิ้น | K169: =+I169*C169 -> 0 | L169: =IFERROR(VLOOKUP(A169,'2'!U:V,2,0),"0") -> 0 | M169: ชิ้น | N169: =+L169*C169 -> 0 | O169: =IFERROR(VLOOKUP(A169,'3'!U:V,2,0),"0") -> 0 | P169: ชิ้น | Q169: =+O169*C169 -> 0 | R169: =IFERROR(VLOOKUP(A169,'4'!U:V,2,0),"0") -> 0 | S169: ชิ้น | T169: =+R169*C169 -> 0 | U169: =IFERROR(VLOOKUP(A169,'5'!U:V,2,0),"0") -> 0 | V169: ชิ้น | W169: =+U169*C169 -> 0 | X169: =IFERROR(VLOOKUP(A169,'6'!U:V,2,0),"0") -> 0 | Y169: ชิ้น | Z169: =+X169*C169 -> 0 | AA169: =IFERROR(VLOOKUP(A169,'7'!U:V,2,0),"0") -> 0 | AB169: ชิ้น | AC169: =+AA169*C169 -> 0 | AD169: =IFERROR(VLOOKUP(A169,'8'!U:V,2,0),"0") -> 0 | AE169: ชิ้น | AF169: =+AD169*C169 -> 0 | AG169: =IFERROR(VLOOKUP(A169,'9'!U:V,2,0),"0") -> 0 | AH169: ชิ้น | AI169: =+AG169*C169 -> 0 | AJ169: =IFERROR(VLOOKUP(A169,'10'!U:V,2,0),"0") -> 0 | AK169: ชิ้น | AL169: =+AJ169*C169 -> 0 | AM169: =IFERROR(VLOOKUP(A169,'11'!U:V,2,0),"0") -> 0 | AN169: ชิ้น | AO169: =+AM169*C169 -> 0 | AP169: =IFERROR(VLOOKUP(A169,'12'!U:V,2,0),"0") -> 0 | AQ169: ชิ้น | AR169: =+AP169*C169 -> 0 | AS169: =IFERROR(VLOOKUP(A169,'13'!U:V,2,0),"0") -> 0 | AT169: ชิ้น | AU169: =+AS169*C169 -> 0 | AV169: =IFERROR(VLOOKUP(A169,'14'!U:V,2,0),"0") -> 0 | AW169: ชิ้น | AX169: =+AV169*C169 -> 0 | AY169: =IFERROR(VLOOKUP(A169,'15'!U:V,2,0),"0") -> 0 | AZ169: ชิ้น | BA169: =+AY169*C169 -> 0 | BB169: =IFERROR(VLOOKUP(A169,'16'!U:V,2,0),"0") -> 0 | BC169: ชิ้น | BD169: =+BB169*C169 -> 0 | BE169: =IFERROR(VLOOKUP(A169,'17'!U:V,2,0),"0") -> 0 | BF169: ชิ้น | BG169: =+BE169*C169 -> 0 | BH169: =IFERROR(VLOOKUP(A169,'18'!U:V,2,0),"0") -> 0 | BI169: ชิ้น | BJ169: =+BH169*C169 -> 0 | BK169: =IFERROR(VLOOKUP(A169,'19'!U:V,2,0),"0") -> 0 | BL169: ชิ้น | BM169: =+BK169*C169 -> 0 | BN169: =IFERROR(VLOOKUP(A169,'20'!U:V,2,0),"0") -> 0 | BO169: ชิ้น | BP169: =+BN169*C169 -> 0 | BQ169: =IFERROR(VLOOKUP(A169,'21'!U:V,2,0),"0") -> 0 | BR169: ชิ้น | BS169: =+BQ169*C169 -> 0 | BT169: =IFERROR(VLOOKUP(A169,'22'!U:V,2,0),"0") -> 0 | BU169: ชิ้น | BV169: =+BT169*C169 -> 0 | BW169: =IFERROR(VLOOKUP(A169,'23'!U:V,2,0),"0") -> 0 | BX169: ชิ้น | BY169: =+BW169*C169 -> 0 | BZ169: =IFERROR(VLOOKUP(A169,'24'!U:V,2,0),"0") -> 0 | CA169: ชิ้น | CB169: =+BZ169*C169 -> 0 | CC169: =IFERROR(VLOOKUP(A169,'25'!U:V,2,0),"0") -> 0 | CD169: ชิ้น | CE169: =+CC169*C169 -> 0 | CF169: =IFERROR(VLOOKUP(A169,'26'!U:V,2,0),"0") -> 0 | CG169: ชิ้น | CH169: =+CF169*C169 -> 0 | CI169: =IFERROR(VLOOKUP(A169,'27'!U:V,2,0),"0") -> 0 | CJ169: ชิ้น | CK169: =+CI169*C169 -> 0 | CL169: =IFERROR(VLOOKUP(A169,'28'!U:V,2,0),"0") -> 0 | CM169: ชิ้น | CN169: =+CL169*C169 -> 0 | CO169: =IFERROR(VLOOKUP(A169,'29'!U:V,2,0),"0") -> 0 | CP169: ชิ้น | CQ169: =+CO169*C169 -> 0 | CR169: =IFERROR(VLOOKUP(A169,'30'!U:V,2,0),"0") -> 0 | CS169: ชิ้น | CT169: =+CR169*C169 -> 0 | CU169: =IFERROR(VLOOKUP(A169,'31'!U:V,2,0),"0") -> 0 | CV169: ชิ้น | CW169: =+CU169*C169 -> 0 | CX169: =IFERROR(VLOOKUP(A169,'เซต1-31'!V:W,2,0),"0") -> 0 | CY169: ชิ้น | CZ169: =+CX169*CQ169 -> 0
A170: เศษปัง5โล | B170: เศษขนมปังปลา5กก. | C170: =15*5 -> 75 | D170: 1 | E170: =+D170*F170 -> 90 | F170: =+I170+L170+O170+R170+U170+X170+AA170+AD170+AG170+AJ170+AM170+AP170+AS170+AV170+AY170+BB170+BE170+BH170+BK170+BN170+BQ170+BT170+BW170+BZ170+CC170+CF170+CI170+CL170+CO170+CR170+CU170+CX170 -> 90 | G170: กิโลกรัม | H170: =+F170*C170 -> 6750 | I170: =IFERROR(VLOOKUP(A170,'1'!U:V,2,0),"0") -> 0 | J170: กิโลกรัม | K170: =+I170*C170 -> 0 | L170: =IFERROR(VLOOKUP(A170,'2'!U:V,2,0),"0") -> 6 | M170: กิโลกรัม | N170: =+L170*C170 -> 450 | O170: =IFERROR(VLOOKUP(A170,'3'!U:V,2,0),"0") -> 5 | P170: กิโลกรัม | Q170: =+O170*C170 -> 375 | R170: =IFERROR(VLOOKUP(A170,'4'!U:V,2,0),"0") -> 4 | S170: กิโลกรัม | T170: =+R170*C170 -> 300 | U170: =IFERROR(VLOOKUP(A170,'5'!U:V,2,0),"0") -> 3 | V170: กิโลกรัม | W170: =+U170*C170 -> 225 | X170: =IFERROR(VLOOKUP(A170,'6'!U:V,2,0),"0") -> 7 | Y170: กิโลกรัม | Z170: =+X170*C170 -> 525 | AA170: =IFERROR(VLOOKUP(A170,'7'!U:V,2,0),"0") -> 2 | AB170: กิโลกรัม | AC170: =+AA170*C170 -> 150 | AD170: =IFERROR(VLOOKUP(A170,'8'!U:V,2,0),"0") -> 4 | AE170: กิโลกรัม | AF170: =+AD170*C170 -> 300 | AG170: =IFERROR(VLOOKUP(A170,'9'!U:V,2,0),"0") -> 3 | AH170: กิโลกรัม | AI170: =+AG170*C170 -> 225 | AJ170: =IFERROR(VLOOKUP(A170,'10'!U:V,2,0),"0") -> 7 | AK170: กิโลกรัม | AL170: =+AJ170*C170 -> 525 | AM170: =IFERROR(VLOOKUP(A170,'11'!U:V,2,0),"0") -> 4 | AN170: กิโลกรัม | AO170: =+AM170*C170 -> 300 | AP170: =IFERROR(VLOOKUP(A170,'12'!U:V,2,0),"0") -> 10 | AQ170: กิโลกรัม | AR170: =+AP170*C170 -> 750 | AS170: =IFERROR(VLOOKUP(A170,'13'!U:V,2,0),"0") -> 3 | AT170: กิโลกรัม | AU170: =+AS170*C170 -> 225 | AV170: =IFERROR(VLOOKUP(A170,'14'!U:V,2,0),"0") -> 0 | AW170: กิโลกรัม | AX170: =+AV170*C170 -> 0 | AY170: =IFERROR(VLOOKUP(A170,'15'!U:V,2,0),"0") -> 0 | AZ170: กิโลกรัม | BA170: =+AY170*C170 -> 0 | BB170: =IFERROR(VLOOKUP(A170,'16'!U:V,2,0),"0") -> 2 | BC170: กิโลกรัม | BD170: =+BB170*C170 -> 150 | BE170: =IFERROR(VLOOKUP(A170,'17'!U:V,2,0),"0") -> 2 | BF170: กิโลกรัม | BG170: =+BE170*C170 -> 150 | BH170: =IFERROR(VLOOKUP(A170,'18'!U:V,2,0),"0") -> 2 | BI170: กิโลกรัม | BJ170: =+BH170*C170 -> 150 | BK170: =IFERROR(VLOOKUP(A170,'19'!U:V,2,0),"0") -> 3 | BL170: กิโลกรัม | BM170: =+BK170*C170 -> 225 | BN170: =IFERROR(VLOOKUP(A170,'20'!U:V,2,0),"0") -> 3 | BO170: กิโลกรัม | BP170: =+BN170*C170 -> 225 | BQ170: =IFERROR(VLOOKUP(A170,'21'!U:V,2,0),"0") -> 4 | BR170: กิโลกรัม | BS170: =+BQ170*C170 -> 300 | BT170: =IFERROR(VLOOKUP(A170,'22'!U:V,2,0),"0") -> 1 | BU170: กิโลกรัม | BV170: =+BT170*C170 -> 75 | BW170: =IFERROR(VLOOKUP(A170,'23'!U:V,2,0),"0") -> 1 | BX170: กิโลกรัม | BY170: =+BW170*C170 -> 75 | BZ170: =IFERROR(VLOOKUP(A170,'24'!U:V,2,0),"0") -> 3 | CA170: กิโลกรัม | CB170: =+BZ170*C170 -> 225 | CC170: =IFERROR(VLOOKUP(A170,'25'!U:V,2,0),"0") -> 3 | CD170: กิโลกรัม | CE170: =+CC170*C170 -> 225 | CF170: =IFERROR(VLOOKUP(A170,'26'!U:V,2,0),"0") -> 2 | CG170: กิโลกรัม | CH170: =+CF170*C170 -> 150 | CI170: =IFERROR(VLOOKUP(A170,'27'!U:V,2,0),"0") -> 3 | CJ170: กิโลกรัม | CK170: =+CI170*C170 -> 225 | CL170: =IFERROR(VLOOKUP(A170,'28'!U:V,2,0),"0") -> 3 | CM170: กิโลกรัม | CN170: =+CL170*C170 -> 225 | CO170: =IFERROR(VLOOKUP(A170,'29'!U:V,2,0),"0") -> 0 | CP170: กิโลกรัม | CQ170: =+CO170*C170 -> 0 | CR170: =IFERROR(VLOOKUP(A170,'30'!U:V,2,0),"0") -> 0 | CS170: กิโลกรัม | CT170: =+CR170*C170 -> 0 | CU170: =IFERROR(VLOOKUP(A170,'31'!U:V,2,0),"0") -> 0 | CV170: กิโลกรัม | CW170: =+CU170*C170 -> 0 | CX170: =IFERROR(VLOOKUP(A170,'เซต1-31'!V:W,2,0),"0") -> 0 | CY170: กิโลกรัม | CZ170: =+CX170*CQ170 -> 0
A171: 0005 | B171: วรรณวนัชเบเกอรี่ เค้กเบาหวิว ขนาด 300กรัม จำนวน 1กล่อง แบบคละรสชาติ สินค้ามีอายุเก็บได้ 20วัน | C171: 28.05 | D171: 1 | E171: =+D171*F171 -> 0 | F171: =+I171+L171+O171+R171+U171+X171+AA171+AD171+AG171+AJ171+AM171+AP171+AS171+AV171+AY171+BB171+BE171+BH171+BK171+BN171+BQ171+BT171+BW171+BZ171+CC171+CF171+CI171+CL171+CO171+CR171+CU171+CX171 -> 0 | G171: กล่อง | H171: =+F171*C171 -> 0 | I171: =IFERROR(VLOOKUP(A171,'1'!U:V,2,0),"0") -> 0 | J171: กล่อง | K171: =+I171*C171 -> 0 | L171: =IFERROR(VLOOKUP(A171,'2'!U:V,2,0),"0") -> 0 | M171: กล่อง | N171: =+L171*C171 -> 0 | O171: =IFERROR(VLOOKUP(A171,'3'!U:V,2,0),"0") -> 0 | P171: กล่อง | Q171: =+O171*C171 -> 0 | R171: =IFERROR(VLOOKUP(A171,'4'!U:V,2,0),"0") -> 0 | S171: กล่อง | T171: =+R171*C171 -> 0 | U171: =IFERROR(VLOOKUP(A171,'5'!U:V,2,0),"0") -> 0 | V171: กล่อง | W171: =+U171*C171 -> 0 | X171: =IFERROR(VLOOKUP(A171,'6'!U:V,2,0),"0") -> 0 | Y171: กล่อง | Z171: =+X171*C171 -> 0 | AA171: =IFERROR(VLOOKUP(A171,'7'!U:V,2,0),"0") -> 0 | AB171: กล่อง | AC171: =+AA171*C171 -> 0 | AD171: =IFERROR(VLOOKUP(A171,'8'!U:V,2,0),"0") -> 0 | AE171: กล่อง | AF171: =+AD171*C171 -> 0 | AG171: =IFERROR(VLOOKUP(A171,'9'!U:V,2,0),"0") -> 0 | AH171: กล่อง | AI171: =+AG171*C171 -> 0 | AJ171: =IFERROR(VLOOKUP(A171,'10'!U:V,2,0),"0") -> 0 | AK171: กล่อง | AL171: =+AJ171*C171 -> 0 | AM171: =IFERROR(VLOOKUP(A171,'11'!U:V,2,0),"0") -> 0 | AN171: กล่อง | AO171: =+AM171*C171 -> 0 | AP171: =IFERROR(VLOOKUP(A171,'12'!U:V,2,0),"0") -> 0 | AQ171: กล่อง | AR171: =+AP171*C171 -> 0 | AS171: =IFERROR(VLOOKUP(A171,'13'!U:V,2,0),"0") -> 0 | AT171: กล่อง | AU171: =+AS171*C171 -> 0 | AV171: =IFERROR(VLOOKUP(A171,'14'!U:V,2,0),"0") -> 0 | AW171: กล่อง | AX171: =+AV171*C171 -> 0 | AY171: =IFERROR(VLOOKUP(A171,'15'!U:V,2,0),"0") -> 0 | AZ171: กล่อง | BA171: =+AY171*C171 -> 0 | BB171: =IFERROR(VLOOKUP(A171,'16'!U:V,2,0),"0") -> 0 | BC171: กล่อง | BD171: =+BB171*C171 -> 0 | BE171: =IFERROR(VLOOKUP(A171,'17'!U:V,2,0),"0") -> 0 | BF171: กล่อง | BG171: =+BE171*C171 -> 0 | BH171: =IFERROR(VLOOKUP(A171,'18'!U:V,2,0),"0") -> 0 | BI171: กล่อง | BJ171: =+BH171*C171 -> 0 | BK171: =IFERROR(VLOOKUP(A171,'19'!U:V,2,0),"0") -> 0 | BL171: กล่อง | BM171: =+BK171*C171 -> 0 | BN171: =IFERROR(VLOOKUP(A171,'20'!U:V,2,0),"0") -> 0 | BO171: กล่อง | BP171: =+BN171*C171 -> 0 | BQ171: =IFERROR(VLOOKUP(A171,'21'!U:V,2,0),"0") -> 0 | BR171: กล่อง | BS171: =+BQ171*C171 -> 0 | BT171: =IFERROR(VLOOKUP(A171,'22'!U:V,2,0),"0") -> 0 | BU171: กล่อง | BV171: =+BT171*C171 -> 0 | BW171: =IFERROR(VLOOKUP(A171,'23'!U:V,2,0),"0") -> 0 | BX171: กล่อง | BY171: =+BW171*C171 -> 0 | BZ171: =IFERROR(VLOOKUP(A171,'24'!U:V,2,0),"0") -> 0 | CA171: กล่อง | CB171: =+BZ171*C171 -> 0 | CC171: =IFERROR(VLOOKUP(A171,'25'!U:V,2,0),"0") -> 0 | CD171: กล่อง | CE171: =+CC171*C171 -> 0 | CF171: =IFERROR(VLOOKUP(A171,'26'!U:V,2,0),"0") -> 0 | CG171: กล่อง | CH171: =+CF171*C171 -> 0 | CI171: =IFERROR(VLOOKUP(A171,'27'!U:V,2,0),"0") -> 0 | CJ171: กล่อง | CK171: =+CI171*C171 -> 0 | CL171: =IFERROR(VLOOKUP(A171,'28'!U:V,2,0),"0") -> 0 | CM171: กล่อง | CN171: =+CL171*C171 -> 0 | CO171: =IFERROR(VLOOKUP(A171,'29'!U:V,2,0),"0") -> 0 | CP171: กล่อง | CQ171: =+CO171*C171 -> 0 | CR171: =IFERROR(VLOOKUP(A171,'30'!U:V,2,0),"0") -> 0 | CS171: กล่อง | CT171: =+CR171*C171 -> 0 | CU171: =IFERROR(VLOOKUP(A171,'31'!U:V,2,0),"0") -> 0 | CV171: กล่อง | CW171: =+CU171*C171 -> 0 | CX171: =IFERROR(VLOOKUP(A171,'เซต1-31'!V:W,2,0),"0") -> 0 | CY171: กล่อง | CZ171: =+CX171*CQ171 -> 0
A172: 1112002 | B172: ชิฟฟ่อนไม่มีไส้ แบบกล่อง8ชิ้น รวมรส (รวมรส) | C172: 37.17 | D172: 1 | E172: =+D172*F172 -> 0 | F172: =+I172+L172+O172+R172+U172+X172+AA172+AD172+AG172+AJ172+AM172+AP172+AS172+AV172+AY172+BB172+BE172+BH172+BK172+BN172+BQ172+BT172+BW172+BZ172+CC172+CF172+CI172+CL172+CO172+CR172+CU172+CX172 -> 0 | G172: กล่อง | H172: =+F172*C172 -> 0 | I172: =IFERROR(VLOOKUP(A172,'1'!U:V,2,0),"0") -> 0 | J172: กล่อง | K172: =+I172*C172 -> 0 | L172: =IFERROR(VLOOKUP(A172,'2'!U:V,2,0),"0") -> 0 | M172: กล่อง | N172: =+L172*C172 -> 0 | O172: =IFERROR(VLOOKUP(A172,'3'!U:V,2,0),"0") -> 0 | P172: กล่อง | Q172: =+O172*C172 -> 0 | R172: =IFERROR(VLOOKUP(A172,'4'!U:V,2,0),"0") -> 0 | S172: กล่อง | T172: =+R172*C172 -> 0 | U172: =IFERROR(VLOOKUP(A172,'5'!U:V,2,0),"0") -> 0 | V172: กล่อง | W172: =+U172*C172 -> 0 | X172: =IFERROR(VLOOKUP(A172,'6'!U:V,2,0),"0") -> 0 | Y172: กล่อง | Z172: =+X172*C172 -> 0 | AA172: =IFERROR(VLOOKUP(A172,'7'!U:V,2,0),"0") -> 0 | AB172: กล่อง | AC172: =+AA172*C172 -> 0 | AD172: =IFERROR(VLOOKUP(A172,'8'!U:V,2,0),"0") -> 0 | AE172: กล่อง | AF172: =+AD172*C172 -> 0 | AG172: =IFERROR(VLOOKUP(A172,'9'!U:V,2,0),"0") -> 0 | AH172: กล่อง | AI172: =+AG172*C172 -> 0 | AJ172: =IFERROR(VLOOKUP(A172,'10'!U:V,2,0),"0") -> 0 | AK172: กล่อง | AL172: =+AJ172*C172 -> 0 | AM172: =IFERROR(VLOOKUP(A172,'11'!U:V,2,0),"0") -> 0 | AN172: กล่อง | AO172: =+AM172*C172 -> 0 | AP172: =IFERROR(VLOOKUP(A172,'12'!U:V,2,0),"0") -> 0 | AQ172: กล่อง | AR172: =+AP172*C172 -> 0 | AS172: =IFERROR(VLOOKUP(A172,'13'!U:V,2,0),"0") -> 0 | AT172: กล่อง | AU172: =+AS172*C172 -> 0 | AV172: =IFERROR(VLOOKUP(A172,'14'!U:V,2,0),"0") -> 0 | AW172: กล่อง | AX172: =+AV172*C172 -> 0 | AY172: =IFERROR(VLOOKUP(A172,'15'!U:V,2,0),"0") -> 0 | AZ172: กล่อง | BA172: =+AY172*C172 -> 0 | BB172: =IFERROR(VLOOKUP(A172,'16'!U:V,2,0),"0") -> 0 | BC172: กล่อง | BD172: =+BB172*C172 -> 0 | BE172: =IFERROR(VLOOKUP(A172,'17'!U:V,2,0),"0") -> 0 | BF172: กล่อง | BG172: =+BE172*C172 -> 0 | BH172: =IFERROR(VLOOKUP(A172,'18'!U:V,2,0),"0") -> 0 | BI172: กล่อง | BJ172: =+BH172*C172 -> 0 | BK172: =IFERROR(VLOOKUP(A172,'19'!U:V,2,0),"0") -> 0 | BL172: กล่อง | BM172: =+BK172*C172 -> 0 | BN172: =IFERROR(VLOOKUP(A172,'20'!U:V,2,0),"0") -> 0 | BO172: กล่อง | BP172: =+BN172*C172 -> 0 | BQ172: =IFERROR(VLOOKUP(A172,'21'!U:V,2,0),"0") -> 0 | BR172: กล่อง | BS172: =+BQ172*C172 -> 0 | BT172: =IFERROR(VLOOKUP(A172,'22'!U:V,2,0),"0") -> 0 | BU172: กล่อง | BV172: =+BT172*C172 -> 0 | BW172: =IFERROR(VLOOKUP(A172,'23'!U:V,2,0),"0") -> 0 | BX172: กล่อง | BY172: =+BW172*C172 -> 0 | BZ172: =IFERROR(VLOOKUP(A172,'24'!U:V,2,0),"0") -> 0 | CA172: กล่อง | CB172: =+BZ172*C172 -> 0 | CC172: =IFERROR(VLOOKUP(A172,'25'!U:V,2,0),"0") -> 0 | CD172: กล่อง | CE172: =+CC172*C172 -> 0 | CF172: =IFERROR(VLOOKUP(A172,'26'!U:V,2,0),"0") -> 0 | CG172: กล่อง | CH172: =+CF172*C172 -> 0 | CI172: =IFERROR(VLOOKUP(A172,'27'!U:V,2,0),"0") -> 0 | CJ172: กล่อง | CK172: =+CI172*C172 -> 0 | CL172: =IFERROR(VLOOKUP(A172,'28'!U:V,2,0),"0") -> 0 | CM172: กล่อง | CN172: =+CL172*C172 -> 0 | CO172: =IFERROR(VLOOKUP(A172,'29'!U:V,2,0),"0") -> 0 | CP172: กล่อง | CQ172: =+CO172*C172 -> 0 | CR172: =IFERROR(VLOOKUP(A172,'30'!U:V,2,0),"0") -> 0 | CS172: กล่อง | CT172: =+CR172*C172 -> 0 | CU172: =IFERROR(VLOOKUP(A172,'31'!U:V,2,0),"0") -> 0 | CV172: กล่อง | CW172: =+CU172*C172 -> 0 | CX172: =IFERROR(VLOOKUP(A172,'เซต1-31'!V:W,2,0),"0") -> 0 | CY172: กล่อง | CZ172: =+CX172*CQ172 -> 0
A173: 1112004 | B173: เค้กเบาหวิว ใหญ่ 1 กล่องขนาด 300 กรัม (เนยนม) | C173: 26.78 | D173: 1 | E173: =+D173*F173 -> 0 | F173: =+I173+L173+O173+R173+U173+X173+AA173+AD173+AG173+AJ173+AM173+AP173+AS173+AV173+AY173+BB173+BE173+BH173+BK173+BN173+BQ173+BT173+BW173+BZ173+CC173+CF173+CI173+CL173+CO173+CR173+CU173+CX173 -> 0 | G173: กล่อง | H173: =+F173*C173 -> 0 | I173: =IFERROR(VLOOKUP(A173,'1'!U:V,2,0),"0") -> 0 | J173: กล่อง | K173: =+I173*C173 -> 0 | L173: =IFERROR(VLOOKUP(A173,'2'!U:V,2,0),"0") -> 0 | M173: กล่อง | N173: =+L173*C173 -> 0 | O173: =IFERROR(VLOOKUP(A173,'3'!U:V,2,0),"0") -> 0 | P173: กล่อง | Q173: =+O173*C173 -> 0 | R173: =IFERROR(VLOOKUP(A173,'4'!U:V,2,0),"0") -> 0 | S173: กล่อง | T173: =+R173*C173 -> 0 | U173: =IFERROR(VLOOKUP(A173,'5'!U:V,2,0),"0") -> 0 | V173: กล่อง | W173: =+U173*C173 -> 0 | X173: =IFERROR(VLOOKUP(A173,'6'!U:V,2,0),"0") -> 0 | Y173: กล่อง | Z173: =+X173*C173 -> 0 | AA173: =IFERROR(VLOOKUP(A173,'7'!U:V,2,0),"0") -> 0 | AB173: กล่อง | AC173: =+AA173*C173 -> 0 | AD173: =IFERROR(VLOOKUP(A173,'8'!U:V,2,0),"0") -> 0 | AE173: กล่อง | AF173: =+AD173*C173 -> 0 | AG173: =IFERROR(VLOOKUP(A173,'9'!U:V,2,0),"0") -> 0 | AH173: กล่อง | AI173: =+AG173*C173 -> 0 | AJ173: =IFERROR(VLOOKUP(A173,'10'!U:V,2,0),"0") -> 0 | AK173: กล่อง | AL173: =+AJ173*C173 -> 0 | AM173: =IFERROR(VLOOKUP(A173,'11'!U:V,2,0),"0") -> 0 | AN173: กล่อง | AO173: =+AM173*C173 -> 0 | AP173: =IFERROR(VLOOKUP(A173,'12'!U:V,2,0),"0") -> 0 | AQ173: กล่อง | AR173: =+AP173*C173 -> 0 | AS173: =IFERROR(VLOOKUP(A173,'13'!U:V,2,0),"0") -> 0 | AT173: กล่อง | AU173: =+AS173*C173 -> 0 | AV173: =IFERROR(VLOOKUP(A173,'14'!U:V,2,0),"0") -> 0 | AW173: กล่อง | AX173: =+AV173*C173 -> 0 | AY173: =IFERROR(VLOOKUP(A173,'15'!U:V,2,0),"0") -> 0 | AZ173: กล่อง | BA173: =+AY173*C173 -> 0 | BB173: =IFERROR(VLOOKUP(A173,'16'!U:V,2,0),"0") -> 0 | BC173: กล่อง | BD173: =+BB173*C173 -> 0 | BE173: =IFERROR(VLOOKUP(A173,'17'!U:V,2,0),"0") -> 0 | BF173: กล่อง | BG173: =+BE173*C173 -> 0 | BH173: =IFERROR(VLOOKUP(A173,'18'!U:V,2,0),"0") -> 0 | BI173: กล่อง | BJ173: =+BH173*C173 -> 0 | BK173: =IFERROR(VLOOKUP(A173,'19'!U:V,2,0),"0") -> 0 | BL173: กล่อง | BM173: =+BK173*C173 -> 0 | BN173: =IFERROR(VLOOKUP(A173,'20'!U:V,2,0),"0") -> 0 | BO173: กล่อง | BP173: =+BN173*C173 -> 0 | BQ173: =IFERROR(VLOOKUP(A173,'21'!U:V,2,0),"0") -> 0 | BR173: กล่อง | BS173: =+BQ173*C173 -> 0 | BT173: =IFERROR(VLOOKUP(A173,'22'!U:V,2,0),"0") -> 0 | BU173: กล่อง | BV173: =+BT173*C173 -> 0 | BW173: =IFERROR(VLOOKUP(A173,'23'!U:V,2,0),"0") -> 0 | BX173: กล่อง | BY173: =+BW173*C173 -> 0 | BZ173: =IFERROR(VLOOKUP(A173,'24'!U:V,2,0),"0") -> 0 | CA173: กล่อง | CB173: =+BZ173*C173 -> 0 | CC173: =IFERROR(VLOOKUP(A173,'25'!U:V,2,0),"0") -> 0 | CD173: กล่อง | CE173: =+CC173*C173 -> 0 | CF173: =IFERROR(VLOOKUP(A173,'26'!U:V,2,0),"0") -> 0 | CG173: กล่อง | CH173: =+CF173*C173 -> 0 | CI173: =IFERROR(VLOOKUP(A173,'27'!U:V,2,0),"0") -> 0 | CJ173: กล่อง | CK173: =+CI173*C173 -> 0 | CL173: =IFERROR(VLOOKUP(A173,'28'!U:V,2,0),"0") -> 0 | CM173: กล่อง | CN173: =+CL173*C173 -> 0 | CO173: =IFERROR(VLOOKUP(A173,'29'!U:V,2,0),"0") -> 0 | CP173: กล่อง | CQ173: =+CO173*C173 -> 0 | CR173: =IFERROR(VLOOKUP(A173,'30'!U:V,2,0),"0") -> 0 | CS173: กล่อง | CT173: =+CR173*C173 -> 0 | CU173: =IFERROR(VLOOKUP(A173,'31'!U:V,2,0),"0") -> 0 | CV173: กล่อง | CW173: =+CU173*C173 -> 0 | CX173: =IFERROR(VLOOKUP(A173,'เซต1-31'!V:W,2,0),"0") -> 0 | CY173: กล่อง | CZ173: =+CX173*CQ173 -> 0
A174: 20052721 | B174: แซนวิชโบราณ 1 ชิ้น | C174: 12.48 | D174: 1 | E174: =+D174*F174 -> 0 | F174: =+I174+L174+O174+R174+U174+X174+AA174+AD174+AG174+AJ174+AM174+AP174+AS174+AV174+AY174+BB174+BE174+BH174+BK174+BN174+BQ174+BT174+BW174+BZ174+CC174+CF174+CI174+CL174+CO174+CR174+CU174+CX174 -> 0 | G174: ชิ้น | H174: =+F174*C174 -> 0 | I174: =IFERROR(VLOOKUP(A174,'1'!U:V,2,0),"0") -> 0 | J174: ชิ้น | K174: =+I174*C174 -> 0 | L174: =IFERROR(VLOOKUP(A174,'2'!U:V,2,0),"0") -> 0 | M174: ชิ้น | N174: =+L174*C174 -> 0 | O174: =IFERROR(VLOOKUP(A174,'3'!U:V,2,0),"0") -> 0 | P174: ชิ้น | Q174: =+O174*C174 -> 0 | R174: =IFERROR(VLOOKUP(A174,'4'!U:V,2,0),"0") -> 0 | S174: ชิ้น | T174: =+R174*C174 -> 0 | U174: =IFERROR(VLOOKUP(A174,'5'!U:V,2,0),"0") -> 0 | V174: ชิ้น | W174: =+U174*C174 -> 0 | X174: =IFERROR(VLOOKUP(A174,'6'!U:V,2,0),"0") -> 0 | Y174: ชิ้น | Z174: =+X174*C174 -> 0 | AA174: =IFERROR(VLOOKUP(A174,'7'!U:V,2,0),"0") -> 0 | AB174: ชิ้น | AC174: =+AA174*C174 -> 0 | AD174: =IFERROR(VLOOKUP(A174,'8'!U:V,2,0),"0") -> 0 | AE174: ชิ้น | AF174: =+AD174*C174 -> 0 | AG174: =IFERROR(VLOOKUP(A174,'9'!U:V,2,0),"0") -> 0 | AH174: ชิ้น | AI174: =+AG174*C174 -> 0 | AJ174: =IFERROR(VLOOKUP(A174,'10'!U:V,2,0),"0") -> 0 | AK174: ชิ้น | AL174: =+AJ174*C174 -> 0 | AM174: =IFERROR(VLOOKUP(A174,'11'!U:V,2,0),"0") -> 0 | AN174: ชิ้น | AO174: =+AM174*C174 -> 0 | AP174: =IFERROR(VLOOKUP(A174,'12'!U:V,2,0),"0") -> 0 | AQ174: ชิ้น | AR174: =+AP174*C174 -> 0 | AS174: =IFERROR(VLOOKUP(A174,'13'!U:V,2,0),"0") -> 0 | AT174: ชิ้น | AU174: =+AS174*C174 -> 0 | AV174: =IFERROR(VLOOKUP(A174,'14'!U:V,2,0),"0") -> 0 | AW174: ชิ้น | AX174: =+AV174*C174 -> 0 | AY174: =IFERROR(VLOOKUP(A174,'15'!U:V,2,0),"0") -> 0 | AZ174: ชิ้น | BA174: =+AY174*C174 -> 0 | BB174: =IFERROR(VLOOKUP(A174,'16'!U:V,2,0),"0") -> 0 | BC174: ชิ้น | BD174: =+BB174*C174 -> 0 | BE174: =IFERROR(VLOOKUP(A174,'17'!U:V,2,0),"0") -> 0 | BF174: ชิ้น | BG174: =+BE174*C174 -> 0 | BH174: =IFERROR(VLOOKUP(A174,'18'!U:V,2,0),"0") -> 0 | BI174: ชิ้น | BJ174: =+BH174*C174 -> 0 | BK174: =IFERROR(VLOOKUP(A174,'19'!U:V,2,0),"0") -> 0 | BL174: ชิ้น | BM174: =+BK174*C174 -> 0 | BN174: =IFERROR(VLOOKUP(A174,'20'!U:V,2,0),"0") -> 0 | BO174: ชิ้น | BP174: =+BN174*C174 -> 0 | BQ174: =IFERROR(VLOOKUP(A174,'21'!U:V,2,0),"0") -> 0 | BR174: ชิ้น | BS174: =+BQ174*C174 -> 0 | BT174: =IFERROR(VLOOKUP(A174,'22'!U:V,2,0),"0") -> 0 | BU174: ชิ้น | BV174: =+BT174*C174 -> 0 | BW174: =IFERROR(VLOOKUP(A174,'23'!U:V,2,0),"0") -> 0 | BX174: ชิ้น | BY174: =+BW174*C174 -> 0 | BZ174: =IFERROR(VLOOKUP(A174,'24'!U:V,2,0),"0") -> 0 | CA174: ชิ้น | CB174: =+BZ174*C174 -> 0 | CC174: =IFERROR(VLOOKUP(A174,'25'!U:V,2,0),"0") -> 0 | CD174: ชิ้น | CE174: =+CC174*C174 -> 0 | CF174: =IFERROR(VLOOKUP(A174,'26'!U:V,2,0),"0") -> 0 | CG174: ชิ้น | CH174: =+CF174*C174 -> 0 | CI174: =IFERROR(VLOOKUP(A174,'27'!U:V,2,0),"0") -> 0 | CJ174: ชิ้น | CK174: =+CI174*C174 -> 0 | CL174: =IFERROR(VLOOKUP(A174,'28'!U:V,2,0),"0") -> 0 | CM174: ชิ้น | CN174: =+CL174*C174 -> 0 | CO174: =IFERROR(VLOOKUP(A174,'29'!U:V,2,0),"0") -> 0 | CP174: ชิ้น | CQ174: =+CO174*C174 -> 0 | CR174: =IFERROR(VLOOKUP(A174,'30'!U:V,2,0),"0") -> 0 | CS174: ชิ้น | CT174: =+CR174*C174 -> 0 | CU174: =IFERROR(VLOOKUP(A174,'31'!U:V,2,0),"0") -> 0 | CV174: ชิ้น | CW174: =+CU174*C174 -> 0 | CX174: =IFERROR(VLOOKUP(A174,'เซต1-31'!V:W,2,0),"0") -> 0 | CY174: ชิ้น | CZ174: =+CX174*CQ174 -> 0
A175: 1112016 | B175: เค้กเบาหวิว ใหญ่ 1 กล่องขนาด 300 กรัม (ตาล) | C175: 28.88 | D175: 1 | E175: =+D175*F175 -> 0 | F175: =+I175+L175+O175+R175+U175+X175+AA175+AD175+AG175+AJ175+AM175+AP175+AS175+AV175+AY175+BB175+BE175+BH175+BK175+BN175+BQ175+BT175+BW175+BZ175+CC175+CF175+CI175+CL175+CO175+CR175+CU175+CX175 -> 0 | G175: กล่อง | H175: =+F175*C175 -> 0 | I175: =IFERROR(VLOOKUP(A175,'1'!U:V,2,0),"0") -> 0 | J175: กล่อง | K175: =+I175*C175 -> 0 | L175: =IFERROR(VLOOKUP(A175,'2'!U:V,2,0),"0") -> 0 | M175: กล่อง | N175: =+L175*C175 -> 0 | O175: =IFERROR(VLOOKUP(A175,'3'!U:V,2,0),"0") -> 0 | P175: กล่อง | Q175: =+O175*C175 -> 0 | R175: =IFERROR(VLOOKUP(A175,'4'!U:V,2,0),"0") -> 0 | S175: กล่อง | T175: =+R175*C175 -> 0 | U175: =IFERROR(VLOOKUP(A175,'5'!U:V,2,0),"0") -> 0 | V175: กล่อง | W175: =+U175*C175 -> 0 | X175: =IFERROR(VLOOKUP(A175,'6'!U:V,2,0),"0") -> 0 | Y175: กล่อง | Z175: =+X175*C175 -> 0 | AA175: =IFERROR(VLOOKUP(A175,'7'!U:V,2,0),"0") -> 0 | AB175: กล่อง | AC175: =+AA175*C175 -> 0 | AD175: =IFERROR(VLOOKUP(A175,'8'!U:V,2,0),"0") -> 0 | AE175: กล่อง | AF175: =+AD175*C175 -> 0 | AG175: =IFERROR(VLOOKUP(A175,'9'!U:V,2,0),"0") -> 0 | AH175: กล่อง | AI175: =+AG175*C175 -> 0 | AJ175: =IFERROR(VLOOKUP(A175,'10'!U:V,2,0),"0") -> 0 | AK175: กล่อง | AL175: =+AJ175*C175 -> 0 | AM175: =IFERROR(VLOOKUP(A175,'11'!U:V,2,0),"0") -> 0 | AN175: กล่อง | AO175: =+AM175*C175 -> 0 | AP175: =IFERROR(VLOOKUP(A175,'12'!U:V,2,0),"0") -> 0 | AQ175: กล่อง | AR175: =+AP175*C175 -> 0 | AS175: =IFERROR(VLOOKUP(A175,'13'!U:V,2,0),"0") -> 0 | AT175: กล่อง | AU175: =+AS175*C175 -> 0 | AV175: =IFERROR(VLOOKUP(A175,'14'!U:V,2,0),"0") -> 0 | AW175: กล่อง | AX175: =+AV175*C175 -> 0 | AY175: =IFERROR(VLOOKUP(A175,'15'!U:V,2,0),"0") -> 0 | AZ175: กล่อง | BA175: =+AY175*C175 -> 0 | BB175: =IFERROR(VLOOKUP(A175,'16'!U:V,2,0),"0") -> 0 | BC175: กล่อง | BD175: =+BB175*C175 -> 0 | BE175: =IFERROR(VLOOKUP(A175,'17'!U:V,2,0),"0") -> 0 | BF175: กล่อง | BG175: =+BE175*C175 -> 0 | BH175: =IFERROR(VLOOKUP(A175,'18'!U:V,2,0),"0") -> 0 | BI175: กล่อง | BJ175: =+BH175*C175 -> 0 | BK175: =IFERROR(VLOOKUP(A175,'19'!U:V,2,0),"0") -> 0 | BL175: กล่อง | BM175: =+BK175*C175 -> 0 | BN175: =IFERROR(VLOOKUP(A175,'20'!U:V,2,0),"0") -> 0 | BO175: กล่อง | BP175: =+BN175*C175 -> 0 | BQ175: =IFERROR(VLOOKUP(A175,'21'!U:V,2,0),"0") -> 0 | BR175: กล่อง | BS175: =+BQ175*C175 -> 0 | BT175: =IFERROR(VLOOKUP(A175,'22'!U:V,2,0),"0") -> 0 | BU175: กล่อง | BV175: =+BT175*C175 -> 0 | BW175: =IFERROR(VLOOKUP(A175,'23'!U:V,2,0),"0") -> 0 | BX175: กล่อง | BY175: =+BW175*C175 -> 0 | BZ175: =IFERROR(VLOOKUP(A175,'24'!U:V,2,0),"0") -> 0 | CA175: กล่อง | CB175: =+BZ175*C175 -> 0 | CC175: =IFERROR(VLOOKUP(A175,'25'!U:V,2,0),"0") -> 0 | CD175: กล่อง | CE175: =+CC175*C175 -> 0 | CF175: =IFERROR(VLOOKUP(A175,'26'!U:V,2,0),"0") -> 0 | CG175: กล่อง | CH175: =+CF175*C175 -> 0 | CI175: =IFERROR(VLOOKUP(A175,'27'!U:V,2,0),"0") -> 0 | CJ175: กล่อง | CK175: =+CI175*C175 -> 0 | CL175: =IFERROR(VLOOKUP(A175,'28'!U:V,2,0),"0") -> 0 | CM175: กล่อง | CN175: =+CL175*C175 -> 0 | CO175: =IFERROR(VLOOKUP(A175,'29'!U:V,2,0),"0") -> 0 | CP175: กล่อง | CQ175: =+CO175*C175 -> 0 | CR175: =IFERROR(VLOOKUP(A175,'30'!U:V,2,0),"0") -> 0 | CS175: กล่อง | CT175: =+CR175*C175 -> 0 | CU175: =IFERROR(VLOOKUP(A175,'31'!U:V,2,0),"0") -> 0 | CV175: กล่อง | CW175: =+CU175*C175 -> 0 | CX175: =IFERROR(VLOOKUP(A175,'เซต1-31'!V:W,2,0),"0") -> 0 | CY175: กล่อง | CZ175: =+CX175*CQ175 -> 0
