Workbook

Sheet ALL
A1: รายการขายสินค้าออนไลน์แยกจำนวนชิ้นรายวัน เดือนมีนาคม 2569
E2: =SUBTOTAL(9,E5:E10472) -> 28862 | F2: =SUBTOTAL(9,F5:F10472) -> 0 | G2: =SUBTOTAL(9,G5:G10472) -> 737683.75 | H2: =SUBTOTAL(9,H5:H10472) -> 697 | I2: =SUBTOTAL(9,I5:I10472) -> 0 | J2: =SUBTOTAL(9,J5:J10472) -> 19605.75 | K2: =SUBTOTAL(9,K5:K10472) -> 807 | L2: =SUBTOTAL(9,L5:L10472) -> 0 | ... CY2: =SUBTOTAL(9,CY5:CY10472) -> 171383.11
A3: รหัสสินค้า | B3: รหัสสินค้า | C3: ชื่อสินค้า | D3: ราคาต้นทุน | E3: เดือนมีนาคม | H3: 244409 | K3: 244410 | N3: 244411 | Q3: 244412 | T3: 244413 | W3: 244414 | Z3: 244415 | AC3: 244416 | AF3: 244417 | AI3: 244418 | AL3: 244419 | AO3: 244420 | AR3: 244421 | AU3: 244422 | AX3: 244423 | BA3: 244424 | BD3: 244425 | BG3: 244426 | BJ3: 244427 | BM3: 244428 | BP3: 244429 | BS3: 244430 | BV3: 244431 | BY3: 244432 | CB3: 244433 | CE3: 244434 | CH3: 244435 | CK3: 244436 | CN3: 244437 | CQ3: 244438 | CT3: 244439 | CW3: ระบบ Bplus
E4: จำนวน | F4: หน่วย | G4: ยอดต้นทุน/วัน | H4: จำนวน | I4: หน่วย | J4: ยอดต้นทุน/วัน | K4: จำนวน | L4: หน่วย | M4: ยอดต้นทุน/วัน | N4: จำนวน | O4: หน่วย | P4: ยอดต้นทุน/วัน | Q4: จำนวน | R4: หน่วย | S4: ยอดต้นทุน/วัน | T4: จำนวน | U4: หน่วย | V4: ยอดต้นทุน/วัน | W4: จำนวน | X4: หน่วย | Y4: ยอดต้นทุน/วัน | Z4: จำนวน | AA4: หน่วย | AB4: ยอดต้นทุน/วัน | AC4: จำนวน | AD4: หน่วย | AE4: ยอดต้นทุน/วัน | AF4: จำนวน | AG4: หน่วย | AH4: ยอดต้นทุน/วัน | AI4: จำนวน | AJ4: หน่วย | AK4: ยอดต้นทุน/วัน | AL4: จำนวน | AM4: หน่วย | AN4: ยอดต้นทุน/วัน | AO4: จำนวน | AP4: หน่วย | AQ4: ยอดต้นทุน/วัน | AR4: จำนวน | AS4: หน่วย | AT4: ยอดต้นทุน/วัน | AU4: จำนวน | AV4: หน่วย | AW4: ยอดต้นทุน/วัน | AX4: จำนวน | AY4: หน่วย | AZ4: ยอดต้นทุน/วัน | BA4: จำนวน | BB4: หน่วย | BC4: ยอดต้นทุน/วัน | BD4: จำนวน | BE4: หน่วย | BF4: ยอดต้นทุน/วัน | BG4: จำนวน | BH4: หน่วย | BI4: ยอดต้นทุน/วัน | BJ4: จำนวน | BK4: หน่วย | BL4: ยอดต้นทุน/วัน | BM4: จำนวน | BN4: หน่วย | BO4: ยอดต้นทุน/วัน | BP4: จำนวน | BQ4: หน่วย | BR4: ยอดต้นทุน/วัน | BS4: จำนวน | BT4: หน่วย | BU4: ยอดต้นทุน/วัน | BV4: จำนวน | BW4: หน่วย | BX4: ยอดต้นทุน/วัน | BY4: จำนวน | BZ4: หน่วย | CA4: ยอดต้นทุน/วัน | CB4: จำนวน | CC4: หน่วย | CD4: ยอดต้นทุน/วัน | CE4: จำนวน | CF4: หน่วย | CG4: ยอดต้นทุน/วัน | CH4: จำนวน | CI4: หน่วย | CJ4: ยอดต้นทุน/วัน | CK4: จำนวน | CL4: หน่วย | CM4: ยอดต้นทุน/วัน | CN4: จำนวน | CO4: หน่วย | CP4: ยอดต้นทุน/วัน | CQ4: จำนวน | CR4: หน่วย | CS4: ยอดต้นทุน/วัน | CT4: จำนวน | CU4: หน่วย | CV4: ยอดต้นทุน/วัน | CW4: จำนวน | CX4: หน่วย | CY4: ยอดต้นทุน/วัน
A5: 0006 | B5: 6 | C5: เค้กเบาหวิวเล็ก 1กล่องขนาด 100 กรัม (คละรส) | D5: 24.41 | E5: =+H5+K5+N5+Q5+T5+W5+Z5+AC5+AF5+AI5+AL5+AO5+AR5+AU5+AX5+BA5+BD5+BG5+BJ5+BM5+BP5+BS5+BV5+BY5+CB5+CE5+CH5+CK5+CN5+CQ5+CT5 -> 15725 | F5: กล่อง | G5: =+E5*D5 -> 383847.25 | H5: =IFERROR(VLOOKUP(A5,'1'!U:V,2,0),"0") -> 274 | I5: กล่อง | J5: =+H5*D5 -> 6688.34 | K5: =IFERROR(VLOOKUP(A5,'2'!U:V,2,0),"0") -> 390 | L5: กล่อง | M5: =+K5*D5 -> 9519.9 | N5: =IFERROR(VLOOKUP(A5,'3'!U:V,2,0),"0") -> 487 | O5: กล่อง | P5: =+N5*D5 -> 11887.67 | Q5: =IFERROR(VLOOKUP(A5,'4'!U:V,2,0),"0") -> 176 | R5: กล่อง | S5: =+Q5*D5 -> 4296.16 | T5: =IFERROR(VLOOKUP(A5,'5'!U:V,2,0),"0") -> 742 | U5: กล่อง | V5: =+T5*D5 -> 18112.22 | W5: =IFERROR(VLOOKUP(A5,'6'!U:V,2,0),"0") -> 615 | X5: กล่อง | Y5: =+W5*D5 -> 15012.15 | Z5: =IFERROR(VLOOKUP(A5,'7'!U:V,2,0),"0") -> 364 | AA5: กล่อง | AB5: =+Z5*D5 -> 8885.24 | AC5: =IFERROR(VLOOKUP(A5,'8'!U:V,2,0),"0") -> 573 | AD5: กล่อง | AE5: =+AC5*D5 -> 13986.93 | AF5: =IFERROR(VLOOKUP(A5,'9'!U:V,2,0),"0") -> 295 | AG5: กล่อง | AH5: =+AF5*D5 -> 7200.95 | AI5: =IFERROR(VLOOKUP(A5,'10'!U:V,2,0),"0") -> 529 | AJ5: กล่อง | AK5: =+AI5*D5 -> 12912.89 | AL5: =IFERROR(VLOOKUP(A5,'11'!U:V,2,0),"0") -> 434 | AM5: กล่อง | AN5: =+AL5*D5 -> 10593.94 | AO5: =IFERROR(VLOOKUP(A5,'12'!U:V,2,0),"0") -> 400 | AP5: กล่อง | AQ5: =+AO5*D5 -> 9764 | AR5: =IFERROR(VLOOKUP(A5,'13'!U:V,2,0),"0") -> 439 | AS5: กล่อง | AT5: =+AR5*D5 -> 10715.99 | AU5: =IFERROR(VLOOKUP(A5,'14'!U:V,2,0),"0") -> 181 | AV5: กล่อง | AW5: =+AU5*D5 -> 4418.21 | AX5: =IFERROR(VLOOKUP(A5,'15'!U:V,2,0),"0") -> 755 | AY5: กล่อง | AZ5: =+AX5*D5 -> 18429.55 | BA5: =IFERROR(VLOOKUP(A5,'16'!U:V,2,0),"0") -> 520 | BB5: กล่อง | BC5: =+BA5*D5 -> 12693.2 | BD5: =IFERROR(VLOOKUP(A5,'17'!U:V,2,0),"0") -> 445 | BE5: กล่อง | BF5: =+BD5*D5 -> 10862.45 | BG5: =IFERROR(VLOOKUP(A5,'18'!U:V,2,0),"0") -> 440 | BH5: กล่อง | BI5: =+BG5*D5 -> 10740.4 | BJ5: =IFERROR(VLOOKUP(A5,'19'!U:V,2,0),"0") -> 320 | BK5: กล่อง | BL5: =+BJ5*D5 -> 7811.2 | BM5: =IFERROR(VLOOKUP(A5,'20'!U:V,2,0),"0") -> 507 | BN5: กล่อง | BO5: =+BM5*D5 -> 12375.87 | BP5: =IFERROR(VLOOKUP(A5,'21'!U:V,2,0),"0") -> 868 | BQ5: กล่อง | BR5: =+BP5*D5 -> 21187.88 | BS5: =IFERROR(VLOOKUP(A5,'22'!U:V,2,0),"0") -> 655 | BT5: กล่อง | BU5: =+BS5*D5 -> 15988.55 | BV5: =IFERROR(VLOOKUP(A5,'23'!U:V,2,0),"0") -> 657 | BW5: กล่อง | BX5: =+BV5*D5 -> 16037.37 | BY5: =IFERROR(VLOOKUP(A5,'24'!U:V,2,0),"0") -> 441 | BZ5: กล่อง | CA5: =+BY5*D5 -> 10764.81 | CB5: =IFERROR(VLOOKUP(A5,'25'!U:V,2,0),"0") -> 642 | CC5: กล่อง | CD5: =+CB5*D5 -> 15671.22 | CE5: =IFERROR(VLOOKUP(A5,'26'!U:V,2,0),"0") -> 312 | CF5: กล่อง | CG5: =+CE5*D5 -> 7615.92 | CH5: =IFERROR(VLOOKUP(A5,'27'!U:V,2,0),"0") -> 262 | CI5: กล่อง | CJ5: =+CH5*D5 -> 6395.42 | CK5: =IFERROR(VLOOKUP(A5,'28'!U:V,2,0),"0") -> 535 | CL5: กล่อง | CM5: =+CK5*D5 -> 13059.35 | CN5: =IFERROR(VLOOKUP(A5,'29'!U:V,2,0),"0") -> 695 | CO5: กล่อง | CP5: =+CN5*D5 -> 16964.95 | CQ5: =IFERROR(VLOOKUP(A5,'30'!U:V,2,0),"0") -> 984 | CR5: กล่อง | CS5: =+CQ5*D5 -> 24019.44 | CT5: =IFERROR(VLOOKUP(A5,'31'!U:V,2,0),"0") -> 788 | CU5: กล่อง | CV5: =+CT5*D5 -> 19235.08 | CW5: =IFERROR(VLOOKUP(B5,'B-plus'!A:D,4,0),"0") -> 0 | CX5: กล่อง | CY5: =+CW5*D5 -> 0
A6: 1004055 | B6: 1004055 | C6: ชิฟฟ่อน รวมรส 1กล่อง4ชิ้น | D6: 16.41 | E6: =+H6+K6+N6+Q6+T6+W6+Z6+AC6+AF6+AI6+AL6+AO6+AR6+AU6+AX6+BA6+BD6+BG6+BJ6+BM6+BP6+BS6+BV6+BY6+CB6+CE6+CH6+CK6+CN6+CQ6+CT6 -> 12 | F6: กล่อง | G6: =+E6*D6 -> 196.92 | H6: =IFERROR(VLOOKUP(A6,'1'!U:V,2,0),"0") -> 0 | I6: กล่อง | J6: =+H6*D6 -> 0 | K6: =IFERROR(VLOOKUP(A6,'2'!U:V,2,0),"0") -> 0 | L6: กล่อง | M6: =+K6*D6 -> 0 | N6: =IFERROR(VLOOKUP(A6,'3'!U:V,2,0),"0") -> 0 | O6: กล่อง | P6: =+N6*D6 -> 0 | Q6: =IFERROR(VLOOKUP(A6,'4'!U:V,2,0),"0") -> 0 | R6: กล่อง | S6: =+Q6*D6 -> 0 | T6: =IFERROR(VLOOKUP(A6,'5'!U:V,2,0),"0") -> 0 | U6: กล่อง | V6: =+T6*D6 -> 0 | W6: =IFERROR(VLOOKUP(A6,'6'!U:V,2,0),"0") -> 0 | X6: กล่อง | Y6: =+W6*D6 -> 0 | Z6: =IFERROR(VLOOKUP(A6,'7'!U:V,2,0),"0") -> 0 | AA6: กล่อง | AB6: =+Z6*D6 -> 0 | AC6: =IFERROR(VLOOKUP(A6,'8'!U:V,2,0),"0") -> 0 | AD6: กล่อง | AE6: =+AC6*D6 -> 0 | AF6: =IFERROR(VLOOKUP(A6,'9'!U:V,2,0),"0") -> 0 | AG6: กล่อง | AH6: =+AF6*D6 -> 0 | AI6: =IFERROR(VLOOKUP(A6,'10'!U:V,2,0),"0") -> 12 | AJ6: กล่อง | AK6: =+AI6*D6 -> 196.92 | AL6: =IFERROR(VLOOKUP(A6,'11'!U:V,2,0),"0") -> 0 | AM6: กล่อง | AN6: =+AL6*D6 -> 0 | AO6: =IFERROR(VLOOKUP(A6,'12'!U:V,2,0),"0") -> 0 | AP6: กล่อง | AQ6: =+AO6*D6 -> 0 | AR6: =IFERROR(VLOOKUP(A6,'13'!U:V,2,0),"0") -> 0 | AS6: กล่อง | AT6: =+AR6*D6 -> 0 | AU6: =IFERROR(VLOOKUP(A6,'14'!U:V,2,0),"0") -> 0 | AV6: กล่อง | AW6: =+AU6*D6 -> 0 | AX6: =IFERROR(VLOOKUP(A6,'15'!U:V,2,0),"0") -> 0 | AY6: กล่อง | AZ6: =+AX6*D6 -> 0 | BA6: =IFERROR(VLOOKUP(A6,'16'!U:V,2,0),"0") -> 0 | BB6: กล่อง | BC6: =+BA6*D6 -> 0 | BD6: =IFERROR(VLOOKUP(A6,'17'!U:V,2,0),"0") -> 0 | BE6: กล่อง | BF6: =+BD6*D6 -> 0 | BG6: =IFERROR(VLOOKUP(A6,'18'!U:V,2,0),"0") -> 0 | BH6: กล่อง | BI6: =+BG6*D6 -> 0 | BJ6: =IFERROR(VLOOKUP(A6,'19'!U:V,2,0),"0") -> 0 | BK6: กล่อง | BL6: =+BJ6*D6 -> 0 | BM6: =IFERROR(VLOOKUP(A6,'20'!U:V,2,0),"0") -> 0 | BN6: กล่อง | BO6: =+BM6*D6 -> 0 | BP6: =IFERROR(VLOOKUP(A6,'21'!U:V,2,0),"0") -> 0 | BQ6: กล่อง | BR6: =+BP6*D6 -> 0 | BS6: =IFERROR(VLOOKUP(A6,'22'!U:V,2,0),"0") -> 0 | BT6: กล่อง | BU6: =+BS6*D6 -> 0 | BV6: =IFERROR(VLOOKUP(A6,'23'!U:V,2,0),"0") -> 0 | BW6: กล่อง | BX6: =+BV6*D6 -> 0 | BY6: =IFERROR(VLOOKUP(A6,'24'!U:V,2,0),"0") -> 0 | BZ6: กล่อง | CA6: =+BY6*D6 -> 0 | CB6: =IFERROR(VLOOKUP(A6,'25'!U:V,2,0),"0") -> 0 | CC6: กล่อง | CD6: =+CB6*D6 -> 0 | CE6: =IFERROR(VLOOKUP(A6,'26'!U:V,2,0),"0") -> 0 | CF6: กล่อง | CG6: =+CE6*D6 -> 0 | CH6: =IFERROR(VLOOKUP(A6,'27'!U:V,2,0),"0") -> 0 | CI6: กล่อง | CJ6: =+CH6*D6 -> 0 | CK6: =IFERROR(VLOOKUP(A6,'28'!U:V,2,0),"0") -> 0 | CL6: กล่อง | CM6: =+CK6*D6 -> 0 | CN6: =IFERROR(VLOOKUP(A6,'29'!U:V,2,0),"0") -> 0 | CO6: กล่อง | CP6: =+CN6*D6 -> 0 | CQ6: =IFERROR(VLOOKUP(A6,'30'!U:V,2,0),"0") -> 0 | CR6: กล่อง | CS6: =+CQ6*D6 -> 0 | CT6: =IFERROR(VLOOKUP(A6,'31'!U:V,2,0),"0") -> 0 | CU6: กล่อง | CV6: =+CT6*D6 -> 0 | CW6: =IFERROR(VLOOKUP(B6,'B-plus'!A:D,4,0),"0") -> 321 | CX6: กล่อง | CY6: =+CW6*D6 -> 5267.61
A7: 1005761 | B7: 1005761 | C7: ขนมปังกรอบคาราเมล(ถุง) | D7: 17.5 | E7: =+H7+K7+N7+Q7+T7+W7+Z7+AC7+AF7+AI7+AL7+AO7+AR7+AU7+AX7+BA7+BD7+BG7+BJ7+BM7+BP7+BS7+BV7+BY7+CB7+CE7+CH7+CK7+CN7+CQ7+CT7 -> 0 | F7: ถุง | G7: =+E7*D7 -> 0 | H7: =IFERROR(VLOOKUP(A7,'1'!U:V,2,0),"0") -> 0 | I7: ถุง | J7: =+H7*D7 -> 0 | K7: =IFERROR(VLOOKUP(A7,'2'!U:V,2,0),"0") -> 0 | L7: ถุง | M7: =+K7*D7 -> 0 | N7: =IFERROR(VLOOKUP(A7,'3'!U:V,2,0),"0") -> 0 | O7: ถุง | P7: =+N7*D7 -> 0 | Q7: =IFERROR(VLOOKUP(A7,'4'!U:V,2,0),"0") -> 0 | R7: ถุง | S7: =+Q7*D7 -> 0 | T7: =IFERROR(VLOOKUP(A7,'5'!U:V,2,0),"0") -> 0 | U7: ถุง | V7: =+T7*D7 -> 0 | W7: =IFERROR(VLOOKUP(A7,'6'!U:V,2,0),"0") -> 0 | X7: ถุง | Y7: =+W7*D7 -> 0 | Z7: =IFERROR(VLOOKUP(A7,'7'!U:V,2,0),"0") -> 0 | AA7: ถุง | AB7: =+Z7*D7 -> 0 | AC7: =IFERROR(VLOOKUP(A7,'8'!U:V,2,0),"0") -> 0 | AD7: ถุง | AE7: =+AC7*D7 -> 0 | AF7: =IFERROR(VLOOKUP(A7,'9'!U:V,2,0),"0") -> 0 | AG7: ถุง | AH7: =+AF7*D7 -> 0 | AI7: =IFERROR(VLOOKUP(A7,'10'!U:V,2,0),"0") -> 0 | AJ7: ถุง | AK7: =+AI7*D7 -> 0 | AL7: =IFERROR(VLOOKUP(A7,'11'!U:V,2,0),"0") -> 0 | AM7: ถุง | AN7: =+AL7*D7 -> 0 | AO7: =IFERROR(VLOOKUP(A7,'12'!U:V,2,0),"0") -> 0 | AP7: ถุง | AQ7: =+AO7*D7 -> 0 | AR7: =IFERROR(VLOOKUP(A7,'13'!U:V,2,0),"0") -> 0 | AS7: ถุง | AT7: =+AR7*D7 -> 0 | AU7: =IFERROR(VLOOKUP(A7,'14'!U:V,2,0),"0") -> 0 | AV7: ถุง | AW7: =+AU7*D7 -> 0 | AX7: =IFERROR(VLOOKUP(A7,'15'!U:V,2,0),"0") -> 0 | AY7: ถุง | AZ7: =+AX7*D7 -> 0 | BA7: =IFERROR(VLOOKUP(A7,'16'!U:V,2,0),"0") -> 0 | BB7: ถุง | BC7: =+BA7*D7 -> 0 | BD7: =IFERROR(VLOOKUP(A7,'17'!U:V,2,0),"0") -> 0 | BE7: ถุง | BF7: =+BD7*D7 -> 0 | BG7: =IFERROR(VLOOKUP(A7,'18'!U:V,2,0),"0") -> 0 | BH7: ถุง | BI7: =+BG7*D7 -> 0 | BJ7: =IFERROR(VLOOKUP(A7,'19'!U:V,2,0),"0") -> 0 | BK7: ถุง | BL7: =+BJ7*D7 -> 0 | BM7: =IFERROR(VLOOKUP(A7,'20'!U:V,2,0),"0") -> 0 | BN7: ถุง | BO7: =+BM7*D7 -> 0 | BP7: =IFERROR(VLOOKUP(A7,'21'!U:V,2,0),"0") -> 0 | BQ7: ถุง | BR7: =+BP7*D7 -> 0 | BS7: =IFERROR(VLOOKUP(A7,'22'!U:V,2,0),"0") -> 0 | BT7: ถุง | BU7: =+BS7*D7 -> 0 | BV7: =IFERROR(VLOOKUP(A7,'23'!U:V,2,0),"0") -> 0 | BW7: ถุง | BX7: =+BV7*D7 -> 0 | BY7: =IFERROR(VLOOKUP(A7,'24'!U:V,2,0),"0") -> 0 | BZ7: ถุง | CA7: =+BY7*D7 -> 0 | CB7: =IFERROR(VLOOKUP(A7,'25'!U:V,2,0),"0") -> 0 | CC7: ถุง | CD7: =+CB7*D7 -> 0 | CE7: =IFERROR(VLOOKUP(A7,'26'!U:V,2,0),"0") -> 0 | CF7: ถุง | CG7: =+CE7*D7 -> 0 | CH7: =IFERROR(VLOOKUP(A7,'27'!U:V,2,0),"0") -> 0 | CI7: ถุง | CJ7: =+CH7*D7 -> 0 | CK7: =IFERROR(VLOOKUP(A7,'28'!U:V,2,0),"0") -> 0 | CL7: ถุง | CM7: =+CK7*D7 -> 0 | CN7: =IFERROR(VLOOKUP(A7,'29'!U:V,2,0),"0") -> 0 | CO7: ถุง | CP7: =+CN7*D7 -> 0 | CQ7: =IFERROR(VLOOKUP(A7,'30'!U:V,2,0),"0") -> 0 | CR7: ถุง | CS7: =+CQ7*D7 -> 0 | CT7: =IFERROR(VLOOKUP(A7,'31'!U:V,2,0),"0") -> 0 | CU7: ถุง | CV7: =+CT7*D7 -> 0 | CW7: =IFERROR(VLOOKUP(B7,'B-plus'!A:D,4,0),"0") -> 0 | CX7: ถุง | CY7: =+CW7*D7 -> 0
A8: 1100001 | B8: 1100001 | C8: ทาร์ตสับปะรดแบบชิ้น อร่อยนุ่ม (1 ชิ้น) | D8: 3.24 | E8: =+H8+K8+N8+Q8+T8+W8+Z8+AC8+AF8+AI8+AL8+AO8+AR8+AU8+AX8+BA8+BD8+BG8+BJ8+BM8+BP8+BS8+BV8+BY8+CB8+CE8+CH8+CK8+CN8+CQ8+CT8 -> 0 | F8: ชิ้น | G8: =+E8*D8 -> 0 | H8: =IFERROR(VLOOKUP(A8,'1'!U:V,2,0),"0") -> 0 | I8: ชิ้น | J8: =+H8*D8 -> 0 | K8: =IFERROR(VLOOKUP(A8,'2'!U:V,2,0),"0") -> 0 | L8: ชิ้น | M8: =+K8*D8 -> 0 | N8: =IFERROR(VLOOKUP(A8,'3'!U:V,2,0),"0") -> 0 | O8: ชิ้น | P8: =+N8*D8 -> 0 | Q8: =IFERROR(VLOOKUP(A8,'4'!U:V,2,0),"0") -> 0 | R8: ชิ้น | S8: =+Q8*D8 -> 0 | T8: =IFERROR(VLOOKUP(A8,'5'!U:V,2,0),"0") -> 0 | U8: ชิ้น | V8: =+T8*D8 -> 0 | W8: =IFERROR(VLOOKUP(A8,'6'!U:V,2,0),"0") -> 0 | X8: ชิ้น | Y8: =+W8*D8 -> 0 | Z8: =IFERROR(VLOOKUP(A8,'7'!U:V,2,0),"0") -> 0 | AA8: ชิ้น | AB8: =+Z8*D8 -> 0 | AC8: =IFERROR(VLOOKUP(A8,'8'!U:V,2,0),"0") -> 0 | AD8: ชิ้น | AE8: =+AC8*D8 -> 0 | AF8: =IFERROR(VLOOKUP(A8,'9'!U:V,2,0),"0") -> 0 | AG8: ชิ้น | AH8: =+AF8*D8 -> 0 | AI8: =IFERROR(VLOOKUP(A8,'10'!U:V,2,0),"0") -> 0 | AJ8: ชิ้น | AK8: =+AI8*D8 -> 0 | AL8: =IFERROR(VLOOKUP(A8,'11'!U:V,2,0),"0") -> 0 | AM8: ชิ้น | AN8: =+AL8*D8 -> 0 | AO8: =IFERROR(VLOOKUP(A8,'12'!U:V,2,0),"0") -> 0 | AP8: ชิ้น | AQ8: =+AO8*D8 -> 0 | AR8: =IFERROR(VLOOKUP(A8,'13'!U:V,2,0),"0") -> 0 | AS8: ชิ้น | AT8: =+AR8*D8 -> 0 | AU8: =IFERROR(VLOOKUP(A8,'14'!U:V,2,0),"0") -> 0 | AV8: ชิ้น | AW8: =+AU8*D8 -> 0 | AX8: =IFERROR(VLOOKUP(A8,'15'!U:V,2,0),"0") -> 0 | AY8: ชิ้น | AZ8: =+AX8*D8 -> 0 | BA8: =IFERROR(VLOOKUP(A8,'16'!U:V,2,0),"0") -> 0 | BB8: ชิ้น | BC8: =+BA8*D8 -> 0 | BD8: =IFERROR(VLOOKUP(A8,'17'!U:V,2,0),"0") -> 0 | BE8: ชิ้น | BF8: =+BD8*D8 -> 0 | BG8: =IFERROR(VLOOKUP(A8,'18'!U:V,2,0),"0") -> 0 | BH8: ชิ้น | BI8: =+BG8*D8 -> 0 | BJ8: =IFERROR(VLOOKUP(A8,'19'!U:V,2,0),"0") -> 0 | BK8: ชิ้น | BL8: =+BJ8*D8 -> 0 | BM8: =IFERROR(VLOOKUP(A8,'20'!U:V,2,0),"0") -> 0 | BN8: ชิ้น | BO8: =+BM8*D8 -> 0 | BP8: =IFERROR(VLOOKUP(A8,'21'!U:V,2,0),"0") -> 0 | BQ8: ชิ้น | BR8: =+BP8*D8 -> 0 | BS8: =IFERROR(VLOOKUP(A8,'22'!U:V,2,0),"0") -> 0 | BT8: ชิ้น | BU8: =+BS8*D8 -> 0 | BV8: =IFERROR(VLOOKUP(A8,'23'!U:V,2,0),"0") -> 0 | BW8: ชิ้น | BX8: =+BV8*D8 -> 0 | BY8: =IFERROR(VLOOKUP(A8,'24'!U:V,2,0),"0") -> 0 | BZ8: ชิ้น | CA8: =+BY8*D8 -> 0 | CB8: =IFERROR(VLOOKUP(A8,'25'!U:V,2,0),"0") -> 0 | CC8: ชิ้น | CD8: =+CB8*D8 -> 0 | CE8: =IFERROR(VLOOKUP(A8,'26'!U:V,2,0),"0") -> 0 | CF8: ชิ้น | CG8: =+CE8*D8 -> 0 | CH8: =IFERROR(VLOOKUP(A8,'27'!U:V,2,0),"0") -> 0 | CI8: ชิ้น | CJ8: =+CH8*D8 -> 0 | CK8: =IFERROR(VLOOKUP(A8,'28'!U:V,2,0),"0") -> 0 | CL8: ชิ้น | CM8: =+CK8*D8 -> 0 | CN8: =IFERROR(VLOOKUP(A8,'29'!U:V,2,0),"0") -> 0 | CO8: ชิ้น | CP8: =+CN8*D8 -> 0 | CQ8: =IFERROR(VLOOKUP(A8,'30'!U:V,2,0),"0") -> 0 | CR8: ชิ้น | CS8: =+CQ8*D8 -> 0 | CT8: =IFERROR(VLOOKUP(A8,'31'!U:V,2,0),"0") -> 0 | CU8: ชิ้น | CV8: =+CT8*D8 -> 0 | CW8: =IFERROR(VLOOKUP(B8,'B-plus'!A:D,4,0),"0") -> 0 | CX8: ชิ้น | CY8: =+CW8*D8 -> 0
A9: 1100002 | B9: 1100002 | C9: ทาร์ตสับปะรด (ทาร์ตสับปะรดกล่อง 4 ชิ้น) | D9: 19.39 | E9: =+H9+K9+N9+Q9+T9+W9+Z9+AC9+AF9+AI9+AL9+AO9+AR9+AU9+AX9+BA9+BD9+BG9+BJ9+BM9+BP9+BS9+BV9+BY9+CB9+CE9+CH9+CK9+CN9+CQ9+CT9 -> 12 | F9: กล่อง | G9: =+E9*D9 -> 232.68 | H9: =IFERROR(VLOOKUP(A9,'1'!U:V,2,0),"0") -> 0 | I9: กล่อง | J9: =+H9*D9 -> 0 | K9: =IFERROR(VLOOKUP(A9,'2'!U:V,2,0),"0") -> 0 | L9: กล่อง | M9: =+K9*D9 -> 0 | N9: =IFERROR(VLOOKUP(A9,'3'!U:V,2,0),"0") -> 0 | O9: กล่อง | P9: =+N9*D9 -> 0 | Q9: =IFERROR(VLOOKUP(A9,'4'!U:V,2,0),"0") -> 0 | R9: กล่อง | S9: =+Q9*D9 -> 0 | T9: =IFERROR(VLOOKUP(A9,'5'!U:V,2,0),"0") -> 0 | U9: กล่อง | V9: =+T9*D9 -> 0 | W9: =IFERROR(VLOOKUP(A9,'6'!U:V,2,0),"0") -> 0 | X9: กล่อง | Y9: =+W9*D9 -> 0 | Z9: =IFERROR(VLOOKUP(A9,'7'!U:V,2,0),"0") -> 0 | AA9: กล่อง | AB9: =+Z9*D9 -> 0 | AC9: =IFERROR(VLOOKUP(A9,'8'!U:V,2,0),"0") -> 0 | AD9: กล่อง | AE9: =+AC9*D9 -> 0 | AF9: =IFERROR(VLOOKUP(A9,'9'!U:V,2,0),"0") -> 0 | AG9: กล่อง | AH9: =+AF9*D9 -> 0 | AI9: =IFERROR(VLOOKUP(A9,'10'!U:V,2,0),"0") -> 12 | AJ9: กล่อง | AK9: =+AI9*D9 -> 232.68 | AL9: =IFERROR(VLOOKUP(A9,'11'!U:V,2,0),"0") -> 0 | AM9: กล่อง | AN9: =+AL9*D9 -> 0 | AO9: =IFERROR(VLOOKUP(A9,'12'!U:V,2,0),"0") -> 0 | AP9: กล่อง | AQ9: =+AO9*D9 -> 0 | AR9: =IFERROR(VLOOKUP(A9,'13'!U:V,2,0),"0") -> 0 | AS9: กล่อง | AT9: =+AR9*D9 -> 0 | AU9: =IFERROR(VLOOKUP(A9,'14'!U:V,2,0),"0") -> 0 | AV9: กล่อง | AW9: =+AU9*D9 -> 0 | AX9: =IFERROR(VLOOKUP(A9,'15'!U:V,2,0),"0") -> 0 | AY9: กล่อง | AZ9: =+AX9*D9 -> 0 | BA9: =IFERROR(VLOOKUP(A9,'16'!U:V,2,0),"0") -> 0 | BB9: กล่อง | BC9: =+BA9*D9 -> 0 | BD9: =IFERROR(VLOOKUP(A9,'17'!U:V,2,0),"0") -> 0 | BE9: กล่อง | BF9: =+BD9*D9 -> 0 | BG9: =IFERROR(VLOOKUP(A9,'18'!U:V,2,0),"0") -> 0 | BH9: กล่อง | BI9: =+BG9*D9 -> 0 | BJ9: =IFERROR(VLOOKUP(A9,'19'!U:V,2,0),"0") -> 0 | BK9: กล่อง | BL9: =+BJ9*D9 -> 0 | BM9: =IFERROR(VLOOKUP(A9,'20'!U:V,2,0),"0") -> 0 | BN9: กล่อง | BO9: =+BM9*D9 -> 0 | BP9: =IFERROR(VLOOKUP(A9,'21'!U:V,2,0),"0") -> 0 | BQ9: กล่อง | BR9: =+BP9*D9 -> 0 | BS9: =IFERROR(VLOOKUP(A9,'22'!U:V,2,0),"0") -> 0 | BT9: กล่อง | BU9: =+BS9*D9 -> 0 | BV9: =IFERROR(VLOOKUP(A9,'23'!U:V,2,0),"0") -> 0 | BW9: กล่อง | BX9: =+BV9*D9 -> 0 | BY9: =IFERROR(VLOOKUP(A9,'24'!U:V,2,0),"0") -> 0 | BZ9: กล่อง | CA9: =+BY9*D9 -> 0 | CB9: =IFERROR(VLOOKUP(A9,'25'!U:V,2,0),"0") -> 0 | CC9: กล่อง | CD9: =+CB9*D9 -> 0 | CE9: =IFERROR(VLOOKUP(A9,'26'!U:V,2,0),"0") -> 0 | CF9: กล่อง | CG9: =+CE9*D9 -> 0 | CH9: =IFERROR(VLOOKUP(A9,'27'!U:V,2,0),"0") -> 0 | CI9: กล่อง | CJ9: =+CH9*D9 -> 0 | CK9: =IFERROR(VLOOKUP(A9,'28'!U:V,2,0),"0") -> 0 | CL9: กล่อง | CM9: =+CK9*D9 -> 0 | CN9: =IFERROR(VLOOKUP(A9,'29'!U:V,2,0),"0") -> 0 | CO9: กล่อง | CP9: =+CN9*D9 -> 0 | CQ9: =IFERROR(VLOOKUP(A9,'30'!U:V,2,0),"0") -> 0 | CR9: กล่อง | CS9: =+CQ9*D9 -> 0 | CT9: =IFERROR(VLOOKUP(A9,'31'!U:V,2,0),"0") -> 0 | CU9: กล่อง | CV9: =+CT9*D9 -> 0 | CW9: =IFERROR(VLOOKUP(B9,'B-plus'!A:D,4,0),"0") -> 0 | CX9: กล่อง | CY9: =+CW9*D9 -> 0
A10: 1100003 | B10: 1100003 | C10: เมอแรงก์กระปุก (เก็บไว้ได้ 60 วัน) | D10: 11.17 | E10: =+H10+K10+N10+Q10+T10+W10+Z10+AC10+AF10+AI10+AL10+AO10+AR10+AU10+AX10+BA10+BD10+BG10+BJ10+BM10+BP10+BS10+BV10+BY10+CB10+CE10+CH10+CK10+CN10+CQ10+CT10 -> 0 | F10: กระปุก | G10: =+E10*D10 -> 0 | H10: =IFERROR(VLOOKUP(A10,'1'!U:V,2,0),"0") -> 0 | I10: กระปุก | J10: =+H10*D10 -> 0 | K10: =IFERROR(VLOOKUP(A10,'2'!U:V,2,0),"0") -> 0 | L10: กระปุก | M10: =+K10*D10 -> 0 | N10: =IFERROR(VLOOKUP(A10,'3'!U:V,2,0),"0") -> 0 | O10: กระปุก | P10: =+N10*D10 -> 0 | Q10: =IFERROR(VLOOKUP(A10,'4'!U:V,2,0),"0") -> 0 | R10: กระปุก | S10: =+Q10*D10 -> 0 | T10: =IFERROR(VLOOKUP(A10,'5'!U:V,2,0),"0") -> 0 | U10: กระปุก | V10: =+T10*D10 -> 0 | W10: =IFERROR(VLOOKUP(A10,'6'!U:V,2,0),"0") -> 0 | X10: กระปุก | Y10: =+W10*D10 -> 0 | Z10: =IFERROR(VLOOKUP(A10,'7'!U:V,2,0),"0") -> 0 | AA10: กระปุก | AB10: =+Z10*D10 -> 0 | AC10: =IFERROR(VLOOKUP(A10,'8'!U:V,2,0),"0") -> 0 | AD10: กระปุก | AE10: =+AC10*D10 -> 0 | AF10: =IFERROR(VLOOKUP(A10,'9'!U:V,2,0),"0") -> 0 | AG10: กระปุก | AH10: =+AF10*D10 -> 0 | AI10: =IFERROR(VLOOKUP(A10,'10'!U:V,2,0),"0") -> 0 | AJ10: กระปุก | AK10: =+AI10*D10 -> 0 | AL10: =IFERROR(VLOOKUP(A10,'11'!U:V,2,0),"0") -> 0 | AM10: กระปุก | AN10: =+AL10*D10 -> 0 | AO10: =IFERROR(VLOOKUP(A10,'12'!U:V,2,0),"0") -> 0 | AP10: กระปุก | AQ10: =+AO10*D10 -> 0 | AR10: =IFERROR(VLOOKUP(A10,'13'!U:V,2,0),"0") -> 0 | AS10: กระปุก | AT10: =+AR10*D10 -> 0 | AU10: =IFERROR(VLOOKUP(A10,'14'!U:V,2,0),"0") -> 0 | AV10: กระปุก | AW10: =+AU10*D10 -> 0 | AX10: =IFERROR(VLOOKUP(A10,'15'!U:V,2,0),"0") -> 0 | AY10: กระปุก | AZ10: =+AX10*D10 -> 0 | BA10: =IFERROR(VLOOKUP(A10,'16'!U:V,2,0),"0") -> 0 | BB10: กระปุก | BC10: =+BA10*D10 -> 0 | BD10: =IFERROR(VLOOKUP(A10,'17'!U:V,2,0),"0") -> 0 | BE10: กระปุก | BF10: =+BD10*D10 -> 0 | BG10: =IFERROR(VLOOKUP(A10,'18'!U:V,2,0),"0") -> 0 | BH10: กระปุก | BI10: =+BG10*D10 -> 0 | BJ10: =IFERROR(VLOOKUP(A10,'19'!U:V,2,0),"0") -> 0 | BK10: กระปุก | BL10: =+BJ10*D10 -> 0 | BM10: =IFERROR(VLOOKUP(A10,'20'!U:V,2,0),"0") -> 0 | BN10: กระปุก | BO10: =+BM10*D10 -> 0 | BP10: =IFERROR(VLOOKUP(A10,'21'!U:V,2,0),"0") -> 0 | BQ10: กระปุก | BR10: =+BP10*D10 -> 0 | BS10: =IFERROR(VLOOKUP(A10,'22'!U:V,2,0),"0") -> 0 | BT10: กระปุก | BU10: =+BS10*D10 -> 0 | BV10: =IFERROR(VLOOKUP(A10,'23'!U:V,2,0),"0") -> 0 | BW10: กระปุก | BX10: =+BV10*D10 -> 0 | BY10: =IFERROR(VLOOKUP(A10,'24'!U:V,2,0),"0") -> 0 | BZ10: กระปุก | CA10: =+BY10*D10 -> 0 | CB10: =IFERROR(VLOOKUP(A10,'25'!U:V,2,0),"0") -> 0 | CC10: กระปุก | CD10: =+CB10*D10 -> 0 | CE10: =IFERROR(VLOOKUP(A10,'26'!U:V,2,0),"0") -> 0 | CF10: กระปุก | CG10: =+CE10*D10 -> 0 | CH10: =IFERROR(VLOOKUP(A10,'27'!U:V,2,0),"0") -> 0 | CI10: กระปุก | CJ10: =+CH10*D10 -> 0 | CK10: =IFERROR(VLOOKUP(A10,'28'!U:V,2,0),"0") -> 0 | CL10: กระปุก | CM10: =+CK10*D10 -> 0 | CN10: =IFERROR(VLOOKUP(A10,'29'!U:V,2,0),"0") -> 0 | CO10: กระปุก | CP10: =+CN10*D10 -> 0 | CQ10: =IFERROR(VLOOKUP(A10,'30'!U:V,2,0),"0") -> 0 | CR10: กระปุก | CS10: =+CQ10*D10 -> 0 | CT10: =IFERROR(VLOOKUP(A10,'31'!U:V,2,0),"0") -> 0 | CU10: กระปุก | CV10: =+CT10*D10 -> 0 | CW10: =IFERROR(VLOOKUP(B10,'B-plus'!A:D,4,0),"0") -> 0 | CX10: กระปุก | CY10: =+CW10*D10 -> 0
A11: 1100004 | B11: 1100004 | C11: เมอแรงค์ อัลม่อนเม็ดมะม่วงหิมพานต์ (ถุง) | D11: 13.03 | E11: =+H11+K11+N11+Q11+T11+W11+Z11+AC11+AF11+AI11+AL11+AO11+AR11+AU11+AX11+BA11+BD11+BG11+BJ11+BM11+BP11+BS11+BV11+BY11+CB11+CE11+CH11+CK11+CN11+CQ11+CT11 -> 0 | F11: ถุง | G11: =+E11*D11 -> 0 | H11: =IFERROR(VLOOKUP(A11,'1'!U:V,2,0),"0") -> 0 | I11: ถุง | J11: =+H11*D11 -> 0 | K11: =IFERROR(VLOOKUP(A11,'2'!U:V,2,0),"0") -> 0 | L11: ถุง | M11: =+K11*D11 -> 0 | N11: =IFERROR(VLOOKUP(A11,'3'!U:V,2,0),"0") -> 0 | O11: ถุง | P11: =+N11*D11 -> 0 | Q11: =IFERROR(VLOOKUP(A11,'4'!U:V,2,0),"0") -> 0 | R11: ถุง | S11: =+Q11*D11 -> 0 | T11: =IFERROR(VLOOKUP(A11,'5'!U:V,2,0),"0") -> 0 | U11: ถุง | V11: =+T11*D11 -> 0 | W11: =IFERROR(VLOOKUP(A11,'6'!U:V,2,0),"0") -> 0 | X11: ถุง | Y11: =+W11*D11 -> 0 | Z11: =IFERROR(VLOOKUP(A11,'7'!U:V,2,0),"0") -> 0 | AA11: ถุง | AB11: =+Z11*D11 -> 0 | AC11: =IFERROR(VLOOKUP(A11,'8'!U:V,2,0),"0") -> 0 | AD11: ถุง | AE11: =+AC11*D11 -> 0 | AF11: =IFERROR(VLOOKUP(A11,'9'!U:V,2,0),"0") -> 0 | AG11: ถุง | AH11: =+AF11*D11 -> 0 | AI11: =IFERROR(VLOOKUP(A11,'10'!U:V,2,0),"0") -> 0 | AJ11: ถุง | AK11: =+AI11*D11 -> 0 | AL11: =IFERROR(VLOOKUP(A11,'11'!U:V,2,0),"0") -> 0 | AM11: ถุง | AN11: =+AL11*D11 -> 0 | AO11: =IFERROR(VLOOKUP(A11,'12'!U:V,2,0),"0") -> 0 | AP11: ถุง | AQ11: =+AO11*D11 -> 0 | AR11: =IFERROR(VLOOKUP(A11,'13'!U:V,2,0),"0") -> 0 | AS11: ถุง | AT11: =+AR11*D11 -> 0 | AU11: =IFERROR(VLOOKUP(A11,'14'!U:V,2,0),"0") -> 0 | AV11: ถุง | AW11: =+AU11*D11 -> 0 | AX11: =IFERROR(VLOOKUP(A11,'15'!U:V,2,0),"0") -> 0 | AY11: ถุง | AZ11: =+AX11*D11 -> 0 | BA11: =IFERROR(VLOOKUP(A11,'16'!U:V,2,0),"0") -> 0 | BB11: ถุง | BC11: =+BA11*D11 -> 0 | BD11: =IFERROR(VLOOKUP(A11,'17'!U:V,2,0),"0") -> 0 | BE11: ถุง | BF11: =+BD11*D11 -> 0 | BG11: =IFERROR(VLOOKUP(A11,'18'!U:V,2,0),"0") -> 0 | BH11: ถุง | BI11: =+BG11*D11 -> 0 | BJ11: =IFERROR(VLOOKUP(A11,'19'!U:V,2,0),"0") -> 0 | BK11: ถุง | BL11: =+BJ11*D11 -> 0 | BM11: =IFERROR(VLOOKUP(A11,'20'!U:V,2,0),"0") -> 0 | BN11: ถุง | BO11: =+BM11*D11 -> 0 | BP11: =IFERROR(VLOOKUP(A11,'21'!U:V,2,0),"0") -> 0 | BQ11: ถุง | BR11: =+BP11*D11 -> 0 | BS11: =IFERROR(VLOOKUP(A11,'22'!U:V,2,0),"0") -> 0 | BT11: ถุง | BU11: =+BS11*D11 -> 0 | BV11: =IFERROR(VLOOKUP(A11,'23'!U:V,2,0),"0") -> 0 | BW11: ถุง | BX11: =+BV11*D11 -> 0 | BY11: =IFERROR(VLOOKUP(A11,'24'!U:V,2,0),"0") -> 0 | BZ11: ถุง | CA11: =+BY11*D11 -> 0 | CB11: =IFERROR(VLOOKUP(A11,'25'!U:V,2,0),"0") -> 0 | CC11: ถุง | CD11: =+CB11*D11 -> 0 | CE11: =IFERROR(VLOOKUP(A11,'26'!U:V,2,0),"0") -> 0 | CF11: ถุง | CG11: =+CE11*D11 -> 0 | CH11: =IFERROR(VLOOKUP(A11,'27'!U:V,2,0),"0") -> 0 | CI11: ถุง | CJ11: =+CH11*D11 -> 0 | CK11: =IFERROR(VLOOKUP(A11,'28'!U:V,2,0),"0") -> 0 | CL11: ถุง | CM11: =+CK11*D11 -> 0 | CN11: =IFERROR(VLOOKUP(A11,'29'!U:V,2,0),"0") -> 0 | CO11: ถุง | CP11: =+CN11*D11 -> 0 | CQ11: =IFERROR(VLOOKUP(A11,'30'!U:V,2,0),"0") -> 0 | CR11: ถุง | CS11: =+CQ11*D11 -> 0 | CT11: =IFERROR(VLOOKUP(A11,'31'!U:V,2,0),"0") -> 0 | CU11: ถุง | CV11: =+CT11*D11 -> 0 | CW11: =IFERROR(VLOOKUP(B11,'B-plus'!A:D,4,0),"0") -> 0 | CX11: ถุง | CY11: =+CW11*D11 -> 0
A12: 1111001 | B12: 1111001 | C12: ชิฟฟอนไม่มีไส้เเบบเเยกชิ้น เลือกรสชาติได้ (คละรส) | D12: 4.1 | E12: =+H12+K12+N12+Q12+T12+W12+Z12+AC12+AF12+AI12+AL12+AO12+AR12+AU12+AX12+BA12+BD12+BG12+BJ12+BM12+BP12+BS12+BV12+BY12+CB12+CE12+CH12+CK12+CN12+CQ12+CT12 -> 1051 | F12: ชิ้น | G12: =+E12*D12 -> 4309.1 | H12: =IFERROR(VLOOKUP(A12,'1'!U:V,2,0),"0") -> 40 | I12: ชิ้น | J12: =+H12*D12 -> 164 | K12: =IFERROR(VLOOKUP(A12,'2'!U:V,2,0),"0") -> 30 | L12: ชิ้น | M12: =+K12*D12 -> 123 | N12: =IFERROR(VLOOKUP(A12,'3'!U:V,2,0),"0") -> 0 | O12: ชิ้น | P12: =+N12*D12 -> 0 | Q12: =IFERROR(VLOOKUP(A12,'4'!U:V,2,0),"0") -> 0 | R12: ชิ้น | S12: =+Q12*D12 -> 0 | T12: =IFERROR(VLOOKUP(A12,'5'!U:V,2,0),"0") -> 70 | U12: ชิ้น | V12: =+T12*D12 -> 287 | W12: =IFERROR(VLOOKUP(A12,'6'!U:V,2,0),"0") -> 0 | X12: ชิ้น | Y12: =+W12*D12 -> 0 | Z12: =IFERROR(VLOOKUP(A12,'7'!U:V,2,0),"0") -> 0 | AA12: ชิ้น | AB12: =+Z12*D12 -> 0 | AC12: =IFERROR(VLOOKUP(A12,'8'!U:V,2,0),"0") -> 60 | AD12: ชิ้น | AE12: =+AC12*D12 -> 246 | AF12: =IFERROR(VLOOKUP(A12,'9'!U:V,2,0),"0") -> 130 | AG12: ชิ้น | AH12: =+AF12*D12 -> 533 | AI12: =IFERROR(VLOOKUP(A12,'10'!U:V,2,0),"0") -> 80 | AJ12: ชิ้น | AK12: =+AI12*D12 -> 328 | AL12: =IFERROR(VLOOKUP(A12,'11'!U:V,2,0),"0") -> 30 | AM12: ชิ้น | AN12: =+AL12*D12 -> 123 | AO12: =IFERROR(VLOOKUP(A12,'12'!U:V,2,0),"0") -> 0 | AP12: ชิ้น | AQ12: =+AO12*D12 -> 0 | AR12: =IFERROR(VLOOKUP(A12,'13'!U:V,2,0),"0") -> 140 | AS12: ชิ้น | AT12: =+AR12*D12 -> 574 | AU12: =IFERROR(VLOOKUP(A12,'14'!U:V,2,0),"0") -> 0 | AV12: ชิ้น | AW12: =+AU12*D12 -> 0 | AX12: =IFERROR(VLOOKUP(A12,'15'!U:V,2,0),"0") -> 0 | AY12: ชิ้น | AZ12: =+AX12*D12 -> 0 | BA12: =IFERROR(VLOOKUP(A12,'16'!U:V,2,0),"0") -> 0 | BB12: ชิ้น | BC12: =+BA12*D12 -> 0 | BD12: =IFERROR(VLOOKUP(A12,'17'!U:V,2,0),"0") -> 0 | BE12: ชิ้น | BF12: =+BD12*D12 -> 0 | BG12: =IFERROR(VLOOKUP(A12,'18'!U:V,2,0),"0") -> 0 | BH12: ชิ้น | BI12: =+BG12*D12 -> 0 | BJ12: =IFERROR(VLOOKUP(A12,'19'!U:V,2,0),"0") -> 0 | BK12: ชิ้น | BL12: =+BJ12*D12 -> 0 | BM12: =IFERROR(VLOOKUP(A12,'20'!U:V,2,0),"0") -> 0 | BN12: ชิ้น | BO12: =+BM12*D12 -> 0 | BP12: =IFERROR(VLOOKUP(A12,'21'!U:V,2,0),"0") -> 0 | BQ12: ชิ้น | BR12: =+BP12*D12 -> 0 | BS12: =IFERROR(VLOOKUP(A12,'22'!U:V,2,0),"0") -> 20 | BT12: ชิ้น | BU12: =+BS12*D12 -> 82 | BV12: =IFERROR(VLOOKUP(A12,'23'!U:V,2,0),"0") -> 10 | BW12: ชิ้น | BX12: =+BV12*D12 -> 41 | BY12: =IFERROR(VLOOKUP(A12,'24'!U:V,2,0),"0") -> 30 | BZ12: ชิ้น | CA12: =+BY12*D12 -> 123 | CB12: =IFERROR(VLOOKUP(A12,'25'!U:V,2,0),"0") -> 160 | CC12: ชิ้น | CD12: =+CB12*D12 -> 656 | CE12: =IFERROR(VLOOKUP(A12,'26'!U:V,2,0),"0") -> 0 | CF12: ชิ้น | CG12: =+CE12*D12 -> 0 | CH12: =IFERROR(VLOOKUP(A12,'27'!U:V,2,0),"0") -> 21 | CI12: ชิ้น | CJ12: =+CH12*D12 -> 86.1 | CK12: =IFERROR(VLOOKUP(A12,'28'!U:V,2,0),"0") -> 140 | CL12: ชิ้น | CM12: =+CK12*D12 -> 574 | CN12: =IFERROR(VLOOKUP(A12,'29'!U:V,2,0),"0") -> 20 | CO12: ชิ้น | CP12: =+CN12*D12 -> 82 | CQ12: =IFERROR(VLOOKUP(A12,'30'!U:V,2,0),"0") -> 50 | CR12: ชิ้น | CS12: =+CQ12*D12 -> 205 | CT12: =IFERROR(VLOOKUP(A12,'31'!U:V,2,0),"0") -> 20 | CU12: ชิ้น | CV12: =+CT12*D12 -> 82 | CW12: =IFERROR(VLOOKUP(B12,'B-plus'!A:D,4,0),"0") -> 0 | CX12: ชิ้น | CY12: =+CW12*D12 -> 0
A13: 1111002 | B13: 1111002 | C13: ชิฟฟ่อนไม่มีไส้ แบบกล่อง8ชิ้น รวมรส | D13: 37.17 | E13: =+H13+K13+N13+Q13+T13+W13+Z13+AC13+AF13+AI13+AL13+AO13+AR13+AU13+AX13+BA13+BD13+BG13+BJ13+BM13+BP13+BS13+BV13+BY13+CB13+CE13+CH13+CK13+CN13+CQ13+CT13 -> 2696 | F13: กล่อง | G13: =+E13*D13 -> 100210.32 | H13: =IFERROR(VLOOKUP(A13,'1'!U:V,2,0),"0") -> 115 | I13: กล่อง | J13: =+H13*D13 -> 4274.55 | K13: =IFERROR(VLOOKUP(A13,'2'!U:V,2,0),"0") -> 125 | L13: กล่อง | M13: =+K13*D13 -> 4646.25 | N13: =IFERROR(VLOOKUP(A13,'3'!U:V,2,0),"0") -> 189 | O13: กล่อง | P13: =+N13*D13 -> 7025.13 | Q13: =IFERROR(VLOOKUP(A13,'4'!U:V,2,0),"0") -> 63 | R13: กล่อง | S13: =+Q13*D13 -> 2341.71 | T13: =IFERROR(VLOOKUP(A13,'5'!U:V,2,0),"0") -> 141 | U13: กล่อง | V13: =+T13*D13 -> 5240.97 | W13: =IFERROR(VLOOKUP(A13,'6'!U:V,2,0),"0") -> 73 | X13: กล่อง | Y13: =+W13*D13 -> 2713.41 | Z13: =IFERROR(VLOOKUP(A13,'7'!U:V,2,0),"0") -> 35 | AA13: กล่อง | AB13: =+Z13*D13 -> 1300.95 | AC13: =IFERROR(VLOOKUP(A13,'8'!U:V,2,0),"0") -> 41 | AD13: กล่อง | AE13: =+AC13*D13 -> 1523.97 | AF13: =IFERROR(VLOOKUP(A13,'9'!U:V,2,0),"0") -> 127 | AG13: กล่อง | AH13: =+AF13*D13 -> 4720.59 | AI13: =IFERROR(VLOOKUP(A13,'10'!U:V,2,0),"0") -> 86 | AJ13: กล่อง | AK13: =+AI13*D13 -> 3196.62 | AL13: =IFERROR(VLOOKUP(A13,'11'!U:V,2,0),"0") -> 73 | AM13: กล่อง | AN13: =+AL13*D13 -> 2713.41 | AO13: =IFERROR(VLOOKUP(A13,'12'!U:V,2,0),"0") -> 103 | AP13: กล่อง | AQ13: =+AO13*D13 -> 3828.51 | AR13: =IFERROR(VLOOKUP(A13,'13'!U:V,2,0),"0") -> 80 | AS13: กล่อง | AT13: =+AR13*D13 -> 2973.6 | AU13: =IFERROR(VLOOKUP(A13,'14'!U:V,2,0),"0") -> 154 | AV13: กล่อง | AW13: =+AU13*D13 -> 5724.18 | AX13: =IFERROR(VLOOKUP(A13,'15'!U:V,2,0),"0") -> 66 | AY13: กล่อง | AZ13: =+AX13*D13 -> 2453.22 | BA13: =IFERROR(VLOOKUP(A13,'16'!U:V,2,0),"0") -> 65 | BB13: กล่อง | BC13: =+BA13*D13 -> 2416.05 | BD13: =IFERROR(VLOOKUP(A13,'17'!U:V,2,0),"0") -> 104 | BE13: กล่อง | BF13: =+BD13*D13 -> 3865.68 | BG13: =IFERROR(VLOOKUP(A13,'18'!U:V,2,0),"0") -> 97 | BH13: กล่อง | BI13: =+BG13*D13 -> 3605.49 | BJ13: =IFERROR(VLOOKUP(A13,'19'!U:V,2,0),"0") -> 61 | BK13: กล่อง | BL13: =+BJ13*D13 -> 2267.37 | BM13: =IFERROR(VLOOKUP(A13,'20'!U:V,2,0),"0") -> 89 | BN13: กล่อง | BO13: =+BM13*D13 -> 3308.13 | BP13: =IFERROR(VLOOKUP(A13,'21'!U:V,2,0),"0") -> 55 | BQ13: กล่อง | BR13: =+BP13*D13 -> 2044.35 | BS13: =IFERROR(VLOOKUP(A13,'22'!U:V,2,0),"0") -> 38 | BT13: กล่อง | BU13: =+BS13*D13 -> 1412.46 | BV13: =IFERROR(VLOOKUP(A13,'23'!U:V,2,0),"0") -> 45 | BW13: กล่อง | BX13: =+BV13*D13 -> 1672.65 | BY13: =IFERROR(VLOOKUP(A13,'24'!U:V,2,0),"0") -> 148 | BZ13: กล่อง | CA13: =+BY13*D13 -> 5501.16 | CB13: =IFERROR(VLOOKUP(A13,'25'!U:V,2,0),"0") -> 134 | CC13: กล่อง | CD13: =+CB13*D13 -> 4980.78 | CE13: =IFERROR(VLOOKUP(A13,'26'!U:V,2,0),"0") -> 99 | CF13: กล่อง | CG13: =+CE13*D13 -> 3679.83 | CH13: =IFERROR(VLOOKUP(A13,'27'!U:V,2,0),"0") -> 103 | CI13: กล่อง | CJ13: =+CH13*D13 -> 3828.51 | CK13: =IFERROR(VLOOKUP(A13,'28'!U:V,2,0),"0") -> 41 | CL13: กล่อง | CM13: =+CK13*D13 -> 1523.97 | CN13: =IFERROR(VLOOKUP(A13,'29'!U:V,2,0),"0") -> 35 | CO13: กล่อง | CP13: =+CN13*D13 -> 1300.95 | CQ13: =IFERROR(VLOOKUP(A13,'30'!U:V,2,0),"0") -> 77 | CR13: กล่อง | CS13: =+CQ13*D13 -> 2862.09 | CT13: =IFERROR(VLOOKUP(A13,'31'!U:V,2,0),"0") -> 34 | CU13: กล่อง | CV13: =+CT13*D13 -> 1263.78 | CW13: =IFERROR(VLOOKUP(B13,'B-plus'!A:D,4,0),"0") -> 110 | CX13: กล่อง | CY13: =+CW13*D13 -> 4088.7
A14: 1111002-A | B14: 1111002-A | C14: ชิฟฟ่อนไม่มีไส้ แบบกล่อง8ชิ้น รวมรส (รวมรส) | D14: 37.17 | E14: =+H14+K14+N14+Q14+T14+W14+Z14+AC14+AF14+AI14+AL14+AO14+AR14+AU14+AX14+BA14+BD14+BG14+BJ14+BM14+BP14+BS14+BV14+BY14+CB14+CE14+CH14+CK14+CN14+CQ14+CT14 -> 0 | F14: กล่อง | G14: =+E14*D14 -> 0 | H14: =IFERROR(VLOOKUP(A14,'1'!U:V,2,0),"0") -> 0 | I14: กล่อง | J14: =+H14*D14 -> 0 | K14: =IFERROR(VLOOKUP(A14,'2'!U:V,2,0),"0") -> 0 | L14: กล่อง | M14: =+K14*D14 -> 0 | N14: =IFERROR(VLOOKUP(A14,'3'!U:V,2,0),"0") -> 0 | O14: กล่อง | P14: =+N14*D14 -> 0 | Q14: =IFERROR(VLOOKUP(A14,'4'!U:V,2,0),"0") -> 0 | R14: กล่อง | S14: =+Q14*D14 -> 0 | T14: =IFERROR(VLOOKUP(A14,'5'!U:V,2,0),"0") -> 0 | U14: กล่อง | V14: =+T14*D14 -> 0 | W14: =IFERROR(VLOOKUP(A14,'6'!U:V,2,0),"0") -> 0 | X14: กล่อง | Y14: =+W14*D14 -> 0 | Z14: =IFERROR(VLOOKUP(A14,'7'!U:V,2,0),"0") -> 0 | AA14: กล่อง | AB14: =+Z14*D14 -> 0 | AC14: =IFERROR(VLOOKUP(A14,'8'!U:V,2,0),"0") -> 0 | AD14: กล่อง | AE14: =+AC14*D14 -> 0 | AF14: =IFERROR(VLOOKUP(A14,'9'!U:V,2,0),"0") -> 0 | AG14: กล่อง | AH14: =+AF14*D14 -> 0 | AI14: =IFERROR(VLOOKUP(A14,'10'!U:V,2,0),"0") -> 0 | AJ14: กล่อง | AK14: =+AI14*D14 -> 0 | AL14: =IFERROR(VLOOKUP(A14,'11'!U:V,2,0),"0") -> 0 | AM14: กล่อง | AN14: =+AL14*D14 -> 0 | AO14: =IFERROR(VLOOKUP(A14,'12'!U:V,2,0),"0") -> 0 | AP14: กล่อง | AQ14: =+AO14*D14 -> 0 | AR14: =IFERROR(VLOOKUP(A14,'13'!U:V,2,0),"0") -> 0 | AS14: กล่อง | AT14: =+AR14*D14 -> 0 | AU14: =IFERROR(VLOOKUP(A14,'14'!U:V,2,0),"0") -> 0 | AV14: กล่อง | AW14: =+AU14*D14 -> 0 | AX14: =IFERROR(VLOOKUP(A14,'15'!U:V,2,0),"0") -> 0 | AY14: กล่อง | AZ14: =+AX14*D14 -> 0 | BA14: =IFERROR(VLOOKUP(A14,'16'!U:V,2,0),"0") -> 0 | BB14: กล่อง | BC14: =+BA14*D14 -> 0 | BD14: =IFERROR(VLOOKUP(A14,'17'!U:V,2,0),"0") -> 0 | BE14: กล่อง | BF14: =+BD14*D14 -> 0 | BG14: =IFERROR(VLOOKUP(A14,'18'!U:V,2,0),"0") -> 0 | BH14: กล่อง | BI14: =+BG14*D14 -> 0 | BJ14: =IFERROR(VLOOKUP(A14,'19'!U:V,2,0),"0") -> 0 | BK14: กล่อง | BL14: =+BJ14*D14 -> 0 | BM14: =IFERROR(VLOOKUP(A14,'20'!U:V,2,0),"0") -> 0 | BN14: กล่อง | BO14: =+BM14*D14 -> 0 | BP14: =IFERROR(VLOOKUP(A14,'21'!U:V,2,0),"0") -> 0 | BQ14: กล่อง | BR14: =+BP14*D14 -> 0 | BS14: =IFERROR(VLOOKUP(A14,'22'!U:V,2,0),"0") -> 0 | BT14: กล่อง | BU14: =+BS14*D14 -> 0 | BV14: =IFERROR(VLOOKUP(A14,'23'!U:V,2,0),"0") -> 0 | BW14: กล่อง | BX14: =+BV14*D14 -> 0 | BY14: =IFERROR(VLOOKUP(A14,'24'!U:V,2,0),"0") -> 0 | BZ14: กล่อง | CA14: =+BY14*D14 -> 0 | CB14: =IFERROR(VLOOKUP(A14,'25'!U:V,2,0),"0") -> 0 | CC14: กล่อง | CD14: =+CB14*D14 -> 0 | CE14: =IFERROR(VLOOKUP(A14,'26'!U:V,2,0),"0") -> 0 | CF14: กล่อง | CG14: =+CE14*D14 -> 0 | CH14: =IFERROR(VLOOKUP(A14,'27'!U:V,2,0),"0") -> 0 | CI14: กล่อง | CJ14: =+CH14*D14 -> 0 | CK14: =IFERROR(VLOOKUP(A14,'28'!U:V,2,0),"0") -> 0 | CL14: กล่อง | CM14: =+CK14*D14 -> 0 | CN14: =IFERROR(VLOOKUP(A14,'29'!U:V,2,0),"0") -> 0 | CO14: กล่อง | CP14: =+CN14*D14 -> 0 | CQ14: =IFERROR(VLOOKUP(A14,'30'!U:V,2,0),"0") -> 0 | CR14: กล่อง | CS14: =+CQ14*D14 -> 0 | CT14: =IFERROR(VLOOKUP(A14,'31'!U:V,2,0),"0") -> 0 | CU14: กล่อง | CV14: =+CT14*D14 -> 0 | CW14: =IFERROR(VLOOKUP(B14,'B-plus'!A:D,4,0),"0") -> 0 | CX14: กล่อง | CY14: =+CW14*D14 -> 0
A15: 1111002-M | B15: 1111002-M | C15: ชิฟฟ่อนรวมรส แบบไม่มีไส้ 1 กล่องมี 8 ชิ้น เก็บได้ 20 วัน คละรสชาติให้ นุ่ม หอม อร่อย วรรณวนัช | D15: 37.17 | E15: =+H15+K15+N15+Q15+T15+W15+Z15+AC15+AF15+AI15+AL15+AO15+AR15+AU15+AX15+BA15+BD15+BG15+BJ15+BM15+BP15+BS15+BV15+BY15+CB15+CE15+CH15+CK15+CN15+CQ15+CT15 -> 0 | F15: กล่อง | G15: =+E15*D15 -> 0 | H15: =IFERROR(VLOOKUP(A15,'1'!U:V,2,0),"0") -> 0 | I15: กล่อง | J15: =+H15*D15 -> 0 | K15: =IFERROR(VLOOKUP(A15,'2'!U:V,2,0),"0") -> 0 | L15: กล่อง | M15: =+K15*D15 -> 0 | N15: =IFERROR(VLOOKUP(A15,'3'!U:V,2,0),"0") -> 0 | O15: กล่อง | P15: =+N15*D15 -> 0 | Q15: =IFERROR(VLOOKUP(A15,'4'!U:V,2,0),"0") -> 0 | R15: กล่อง | S15: =+Q15*D15 -> 0 | T15: =IFERROR(VLOOKUP(A15,'5'!U:V,2,0),"0") -> 0 | U15: กล่อง | V15: =+T15*D15 -> 0 | W15: =IFERROR(VLOOKUP(A15,'6'!U:V,2,0),"0") -> 0 | X15: กล่อง | Y15: =+W15*D15 -> 0 | Z15: =IFERROR(VLOOKUP(A15,'7'!U:V,2,0),"0") -> 0 | AA15: กล่อง | AB15: =+Z15*D15 -> 0 | AC15: =IFERROR(VLOOKUP(A15,'8'!U:V,2,0),"0") -> 0 | AD15: กล่อง | AE15: =+AC15*D15 -> 0 | AF15: =IFERROR(VLOOKUP(A15,'9'!U:V,2,0),"0") -> 0 | AG15: กล่อง | AH15: =+AF15*D15 -> 0 | AI15: =IFERROR(VLOOKUP(A15,'10'!U:V,2,0),"0") -> 0 | AJ15: กล่อง | AK15: =+AI15*D15 -> 0 | AL15: =IFERROR(VLOOKUP(A15,'11'!U:V,2,0),"0") -> 0 | AM15: กล่อง | AN15: =+AL15*D15 -> 0 | AO15: =IFERROR(VLOOKUP(A15,'12'!U:V,2,0),"0") -> 0 | AP15: กล่อง | AQ15: =+AO15*D15 -> 0 | AR15: =IFERROR(VLOOKUP(A15,'13'!U:V,2,0),"0") -> 0 | AS15: กล่อง | AT15: =+AR15*D15 -> 0 | AU15: =IFERROR(VLOOKUP(A15,'14'!U:V,2,0),"0") -> 0 | AV15: กล่อง | AW15: =+AU15*D15 -> 0 | AX15: =IFERROR(VLOOKUP(A15,'15'!U:V,2,0),"0") -> 0 | AY15: กล่อง | AZ15: =+AX15*D15 -> 0 | BA15: =IFERROR(VLOOKUP(A15,'16'!U:V,2,0),"0") -> 0 | BB15: กล่อง | BC15: =+BA15*D15 -> 0 | BD15: =IFERROR(VLOOKUP(A15,'17'!U:V,2,0),"0") -> 0 | BE15: กล่อง | BF15: =+BD15*D15 -> 0 | BG15: =IFERROR(VLOOKUP(A15,'18'!U:V,2,0),"0") -> 0 | BH15: กล่อง | BI15: =+BG15*D15 -> 0 | BJ15: =IFERROR(VLOOKUP(A15,'19'!U:V,2,0),"0") -> 0 | BK15: กล่อง | BL15: =+BJ15*D15 -> 0 | BM15: =IFERROR(VLOOKUP(A15,'20'!U:V,2,0),"0") -> 0 | BN15: กล่อง | BO15: =+BM15*D15 -> 0 | BP15: =IFERROR(VLOOKUP(A15,'21'!U:V,2,0),"0") -> 0 | BQ15: กล่อง | BR15: =+BP15*D15 -> 0 | BS15: =IFERROR(VLOOKUP(A15,'22'!U:V,2,0),"0") -> 0 | BT15: กล่อง | BU15: =+BS15*D15 -> 0 | BV15: =IFERROR(VLOOKUP(A15,'23'!U:V,2,0),"0") -> 0 | BW15: กล่อง | BX15: =+BV15*D15 -> 0 | BY15: =IFERROR(VLOOKUP(A15,'24'!U:V,2,0),"0") -> 0 | BZ15: กล่อง | CA15: =+BY15*D15 -> 0 | CB15: =IFERROR(VLOOKUP(A15,'25'!U:V,2,0),"0") -> 0 | CC15: กล่อง | CD15: =+CB15*D15 -> 0 | CE15: =IFERROR(VLOOKUP(A15,'26'!U:V,2,0),"0") -> 0 | CF15: กล่อง | CG15: =+CE15*D15 -> 0 | CH15: =IFERROR(VLOOKUP(A15,'27'!U:V,2,0),"0") -> 0 | CI15: กล่อง | CJ15: =+CH15*D15 -> 0 | CK15: =IFERROR(VLOOKUP(A15,'28'!U:V,2,0),"0") -> 0 | CL15: กล่อง | CM15: =+CK15*D15 -> 0 | CN15: =IFERROR(VLOOKUP(A15,'29'!U:V,2,0),"0") -> 0 | CO15: กล่อง | CP15: =+CN15*D15 -> 0 | CQ15: =IFERROR(VLOOKUP(A15,'30'!U:V,2,0),"0") -> 0 | CR15: กล่อง | CS15: =+CQ15*D15 -> 0 | CT15: =IFERROR(VLOOKUP(A15,'31'!U:V,2,0),"0") -> 0 | CU15: กล่อง | CV15: =+CT15*D15 -> 0 | CW15: =IFERROR(VLOOKUP(B15,'B-plus'!A:D,4,0),"0") -> 0 | CX15: กล่อง | CY15: =+CW15*D15 -> 0
A16: 1111008 | B16: 1111008 | C16: ชิฟฟ่อน สอดไส้แยม ขนาด3 ชิ้น มีรสให้เลือก 7 รส (รวมรส) | D16: 14.31 | E16: =+H16+K16+N16+Q16+T16+W16+Z16+AC16+AF16+AI16+AL16+AO16+AR16+AU16+AX16+BA16+BD16+BG16+BJ16+BM16+BP16+BS16+BV16+BY16+CB16+CE16+CH16+CK16+CN16+CQ16+CT16 -> 2673 | F16: กล่อง | G16: =+E16*D16 -> 38250.63 | H16: =IFERROR(VLOOKUP(A16,'1'!U:V,2,0),"0") -> 89 | I16: กล่อง | J16: =+H16*D16 -> 1273.59 | K16: =IFERROR(VLOOKUP(A16,'2'!U:V,2,0),"0") -> 81 | L16: กล่อง | M16: =+K16*D16 -> 1159.11 | N16: =IFERROR(VLOOKUP(A16,'3'!U:V,2,0),"0") -> 137 | O16: กล่อง | P16: =+N16*D16 -> 1960.47 | Q16: =IFERROR(VLOOKUP(A16,'4'!U:V,2,0),"0") -> 64 | R16: กล่อง | S16: =+Q16*D16 -> 915.84 | T16: =IFERROR(VLOOKUP(A16,'5'!U:V,2,0),"0") -> 220 | U16: กล่อง | V16: =+T16*D16 -> 3148.2 | W16: =IFERROR(VLOOKUP(A16,'6'!U:V,2,0),"0") -> 105 | X16: กล่อง | Y16: =+W16*D16 -> 1502.55 | Z16: =IFERROR(VLOOKUP(A16,'7'!U:V,2,0),"0") -> 45 | AA16: กล่อง | AB16: =+Z16*D16 -> 643.95 | AC16: =IFERROR(VLOOKUP(A16,'8'!U:V,2,0),"0") -> 146 | AD16: กล่อง | AE16: =+AC16*D16 -> 2089.26 | AF16: =IFERROR(VLOOKUP(A16,'9'!U:V,2,0),"0") -> 97 | AG16: กล่อง | AH16: =+AF16*D16 -> 1388.07 | AI16: =IFERROR(VLOOKUP(A16,'10'!U:V,2,0),"0") -> 149 | AJ16: กล่อง | AK16: =+AI16*D16 -> 2132.19 | AL16: =IFERROR(VLOOKUP(A16,'11'!U:V,2,0),"0") -> 52 | AM16: กล่อง | AN16: =+AL16*D16 -> 744.12 | AO16: =IFERROR(VLOOKUP(A16,'12'!U:V,2,0),"0") -> 63 | AP16: กล่อง | AQ16: =+AO16*D16 -> 901.53 | AR16: =IFERROR(VLOOKUP(A16,'13'!U:V,2,0),"0") -> 87 | AS16: กล่อง | AT16: =+AR16*D16 -> 1244.97 | AU16: =IFERROR(VLOOKUP(A16,'14'!U:V,2,0),"0") -> 61 | AV16: กล่อง | AW16: =+AU16*D16 -> 872.91 | AX16: =IFERROR(VLOOKUP(A16,'15'!U:V,2,0),"0") -> 72 | AY16: กล่อง | AZ16: =+AX16*D16 -> 1030.32 | BA16: =IFERROR(VLOOKUP(A16,'16'!U:V,2,0),"0") -> 77 | BB16: กล่อง | BC16: =+BA16*D16 -> 1101.87 | BD16: =IFERROR(VLOOKUP(A16,'17'!U:V,2,0),"0") -> 85 | BE16: กล่อง | BF16: =+BD16*D16 -> 1216.35 | BG16: =IFERROR(VLOOKUP(A16,'18'!U:V,2,0),"0") -> 46 | BH16: กล่อง | BI16: =+BG16*D16 -> 658.26 | BJ16: =IFERROR(VLOOKUP(A16,'19'!U:V,2,0),"0") -> 45 | BK16: กล่อง | BL16: =+BJ16*D16 -> 643.95 | BM16: =IFERROR(VLOOKUP(A16,'20'!U:V,2,0),"0") -> 48 | BN16: กล่อง | BO16: =+BM16*D16 -> 686.88 | BP16: =IFERROR(VLOOKUP(A16,'21'!U:V,2,0),"0") -> 55 | BQ16: กล่อง | BR16: =+BP16*D16 -> 787.05 | BS16: =IFERROR(VLOOKUP(A16,'22'!U:V,2,0),"0") -> 71 | BT16: กล่อง | BU16: =+BS16*D16 -> 1016.01 | BV16: =IFERROR(VLOOKUP(A16,'23'!U:V,2,0),"0") -> 94 | BW16: กล่อง | BX16: =+BV16*D16 -> 1345.14 | BY16: =IFERROR(VLOOKUP(A16,'24'!U:V,2,0),"0") -> 85 | BZ16: กล่อง | CA16: =+BY16*D16 -> 1216.35 | CB16: =IFERROR(VLOOKUP(A16,'25'!U:V,2,0),"0") -> 88 | CC16: กล่อง | CD16: =+CB16*D16 -> 1259.28 | CE16: =IFERROR(VLOOKUP(A16,'26'!U:V,2,0),"0") -> 47 | CF16: กล่อง | CG16: =+CE16*D16 -> 672.57 | CH16: =IFERROR(VLOOKUP(A16,'27'!U:V,2,0),"0") -> 55 | CI16: กล่อง | CJ16: =+CH16*D16 -> 787.05 | CK16: =IFERROR(VLOOKUP(A16,'28'!U:V,2,0),"0") -> 34 | CL16: กล่อง | CM16: =+CK16*D16 -> 486.54 | CN16: =IFERROR(VLOOKUP(A16,'29'!U:V,2,0),"0") -> 69 | CO16: กล่อง | CP16: =+CN16*D16 -> 987.39 | CQ16: =IFERROR(VLOOKUP(A16,'30'!U:V,2,0),"0") -> 130 | CR16: กล่อง | CS16: =+CQ16*D16 -> 1860.3 | CT16: =IFERROR(VLOOKUP(A16,'31'!U:V,2,0),"0") -> 176 | CU16: กล่อง | CV16: =+CT16*D16 -> 2518.56 | CW16: =IFERROR(VLOOKUP(B16,'B-plus'!A:D,4,0),"0") -> 94 | CX16: กล่อง | CY16: =+CW16*D16 -> 1345.14
A17: 1111009 | B17: 1111009 | C17: ชิฟฟ่อนสอดไส้ แยม 1กล่อง มี6ชิ้น (รวมรส) | D17: 27.35 | E17: =+H17+K17+N17+Q17+T17+W17+Z17+AC17+AF17+AI17+AL17+AO17+AR17+AU17+AX17+BA17+BD17+BG17+BJ17+BM17+BP17+BS17+BV17+BY17+CB17+CE17+CH17+CK17+CN17+CQ17+CT17 -> 273 | F17: กล่อง | G17: =+E17*D17 -> 7466.55 | H17: =IFERROR(VLOOKUP(A17,'1'!U:V,2,0),"0") -> 12 | I17: กล่อง | J17: =+H17*D17 -> 328.2 | K17: =IFERROR(VLOOKUP(A17,'2'!U:V,2,0),"0") -> 21 | L17: กล่อง | M17: =+K17*D17 -> 574.35 | N17: =IFERROR(VLOOKUP(A17,'3'!U:V,2,0),"0") -> 6 | O17: กล่อง | P17: =+N17*D17 -> 164.1 | Q17: =IFERROR(VLOOKUP(A17,'4'!U:V,2,0),"0") -> 7 | R17: กล่อง | S17: =+Q17*D17 -> 191.45 | T17: =IFERROR(VLOOKUP(A17,'5'!U:V,2,0),"0") -> 7 | U17: กล่อง | V17: =+T17*D17 -> 191.45 | W17: =IFERROR(VLOOKUP(A17,'6'!U:V,2,0),"0") -> 12 | X17: กล่อง | Y17: =+W17*D17 -> 328.2 | Z17: =IFERROR(VLOOKUP(A17,'7'!U:V,2,0),"0") -> 4 | AA17: กล่อง | AB17: =+Z17*D17 -> 109.4 | AC17: =IFERROR(VLOOKUP(A17,'8'!U:V,2,0),"0") -> 8 | AD17: กล่อง | AE17: =+AC17*D17 -> 218.8 | AF17: =IFERROR(VLOOKUP(A17,'9'!U:V,2,0),"0") -> 10 | AG17: กล่อง | AH17: =+AF17*D17 -> 273.5 | AI17: =IFERROR(VLOOKUP(A17,'10'!U:V,2,0),"0") -> 20 | AJ17: กล่อง | AK17: =+AI17*D17 -> 547 | AL17: =IFERROR(VLOOKUP(A17,'11'!U:V,2,0),"0") -> 3 | AM17: กล่อง | AN17: =+AL17*D17 -> 82.05 | AO17: =IFERROR(VLOOKUP(A17,'12'!U:V,2,0),"0") -> 6 | AP17: กล่อง | AQ17: =+AO17*D17 -> 164.1 | AR17: =IFERROR(VLOOKUP(A17,'13'!U:V,2,0),"0") -> 9 | AS17: กล่อง | AT17: =+AR17*D17 -> 246.15 | AU17: =IFERROR(VLOOKUP(A17,'14'!U:V,2,0),"0") -> 7 | AV17: กล่อง | AW17: =+AU17*D17 -> 191.45 | AX17: =IFERROR(VLOOKUP(A17,'15'!U:V,2,0),"0") -> 8 | AY17: กล่อง | AZ17: =+AX17*D17 -> 218.8 | BA17: =IFERROR(VLOOKUP(A17,'16'!U:V,2,0),"0") -> 6 | BB17: กล่อง | BC17: =+BA17*D17 -> 164.1 | BD17: =IFERROR(VLOOKUP(A17,'17'!U:V,2,0),"0") -> 15 | BE17: กล่อง | BF17: =+BD17*D17 -> 410.25 | BG17: =IFERROR(VLOOKUP(A17,'18'!U:V,2,0),"0") -> 3 | BH17: กล่อง | BI17: =+BG17*D17 -> 82.05 | BJ17: =IFERROR(VLOOKUP(A17,'19'!U:V,2,0),"0") -> 11 | BK17: กล่อง | BL17: =+BJ17*D17 -> 300.85 | BM17: =IFERROR(VLOOKUP(A17,'20'!U:V,2,0),"0") -> 4 | BN17: กล่อง | BO17: =+BM17*D17 -> 109.4 | BP17: =IFERROR(VLOOKUP(A17,'21'!U:V,2,0),"0") -> 5 | BQ17: กล่อง | BR17: =+BP17*D17 -> 136.75 | BS17: =IFERROR(VLOOKUP(A17,'22'!U:V,2,0),"0") -> 8 | BT17: กล่อง | BU17: =+BS17*D17 -> 218.8 | BV17: =IFERROR(VLOOKUP(A17,'23'!U:V,2,0),"0") -> 9 | BW17: กล่อง | BX17: =+BV17*D17 -> 246.15 | BY17: =IFERROR(VLOOKUP(A17,'24'!U:V,2,0),"0") -> 14 | BZ17: กล่อง | CA17: =+BY17*D17 -> 382.9 | CB17: =IFERROR(VLOOKUP(A17,'25'!U:V,2,0),"0") -> 12 | CC17: กล่อง | CD17: =+CB17*D17 -> 328.2 | CE17: =IFERROR(VLOOKUP(A17,'26'!U:V,2,0),"0") -> 7 | CF17: กล่อง | CG17: =+CE17*D17 -> 191.45 | CH17: =IFERROR(VLOOKUP(A17,'27'!U:V,2,0),"0") -> 14 | CI17: กล่อง | CJ17: =+CH17*D17 -> 382.9 | CK17: =IFERROR(VLOOKUP(A17,'28'!U:V,2,0),"0") -> 2 | CL17: กล่อง | CM17: =+CK17*D17 -> 54.7 | CN17: =IFERROR(VLOOKUP(A17,'29'!U:V,2,0),"0") -> 6 | CO17: กล่อง | CP17: =+CN17*D17 -> 164.1 | CQ17: =IFERROR(VLOOKUP(A17,'30'!U:V,2,0),"0") -> 8 | CR17: กล่อง | CS17: =+CQ17*D17 -> 218.8 | CT17: =IFERROR(VLOOKUP(A17,'31'!U:V,2,0),"0") -> 9 | CU17: กล่อง | CV17: =+CT17*D17 -> 246.15 | CW17: =IFERROR(VLOOKUP(B17,'B-plus'!A:D,4,0),"0") -> 67 | CX17: กล่อง | CY17: =+CW17*D17 -> 1832.45
A18: 1111009-A | B18: 1111009-A | C18: ชิฟฟ่อนสอดไส้ รวมรส 6ชิ้น/กล่อง | D18: 27.35 | E18: =+H18+K18+N18+Q18+T18+W18+Z18+AC18+AF18+AI18+AL18+AO18+AR18+AU18+AX18+BA18+BD18+BG18+BJ18+BM18+BP18+BS18+BV18+BY18+CB18+CE18+CH18+CK18+CN18+CQ18+CT18 -> 0 | F18: กล่อง | G18: =+E18*D18 -> 0 | H18: =IFERROR(VLOOKUP(A18,'1'!U:V,2,0),"0") -> 0 | I18: กล่อง | J18: =+H18*D18 -> 0 | K18: =IFERROR(VLOOKUP(A18,'2'!U:V,2,0),"0") -> 0 | L18: กล่อง | M18: =+K18*D18 -> 0 | N18: =IFERROR(VLOOKUP(A18,'3'!U:V,2,0),"0") -> 0 | O18: กล่อง | P18: =+N18*D18 -> 0 | Q18: =IFERROR(VLOOKUP(A18,'4'!U:V,2,0),"0") -> 0 | R18: กล่อง | S18: =+Q18*D18 -> 0 | T18: =IFERROR(VLOOKUP(A18,'5'!U:V,2,0),"0") -> 0 | U18: กล่อง | V18: =+T18*D18 -> 0 | W18: =IFERROR(VLOOKUP(A18,'6'!U:V,2,0),"0") -> 0 | X18: กล่อง | Y18: =+W18*D18 -> 0 | Z18: =IFERROR(VLOOKUP(A18,'7'!U:V,2,0),"0") -> 0 | AA18: กล่อง | AB18: =+Z18*D18 -> 0 | AC18: =IFERROR(VLOOKUP(A18,'8'!U:V,2,0),"0") -> 0 | AD18: กล่อง | AE18: =+AC18*D18 -> 0 | AF18: =IFERROR(VLOOKUP(A18,'9'!U:V,2,0),"0") -> 0 | AG18: กล่อง | AH18: =+AF18*D18 -> 0 | AI18: =IFERROR(VLOOKUP(A18,'10'!U:V,2,0),"0") -> 0 | AJ18: กล่อง | AK18: =+AI18*D18 -> 0 | AL18: =IFERROR(VLOOKUP(A18,'11'!U:V,2,0),"0") -> 0 | AM18: กล่อง | AN18: =+AL18*D18 -> 0 | AO18: =IFERROR(VLOOKUP(A18,'12'!U:V,2,0),"0") -> 0 | AP18: กล่อง | AQ18: =+AO18*D18 -> 0 | AR18: =IFERROR(VLOOKUP(A18,'13'!U:V,2,0),"0") -> 0 | AS18: กล่อง | AT18: =+AR18*D18 -> 0 | AU18: =IFERROR(VLOOKUP(A18,'14'!U:V,2,0),"0") -> 0 | AV18: กล่อง | AW18: =+AU18*D18 -> 0 | AX18: =IFERROR(VLOOKUP(A18,'15'!U:V,2,0),"0") -> 0 | AY18: กล่อง | AZ18: =+AX18*D18 -> 0 | BA18: =IFERROR(VLOOKUP(A18,'16'!U:V,2,0),"0") -> 0 | BB18: กล่อง | BC18: =+BA18*D18 -> 0 | BD18: =IFERROR(VLOOKUP(A18,'17'!U:V,2,0),"0") -> 0 | BE18: กล่อง | BF18: =+BD18*D18 -> 0 | BG18: =IFERROR(VLOOKUP(A18,'18'!U:V,2,0),"0") -> 0 | BH18: กล่อง | BI18: =+BG18*D18 -> 0 | BJ18: =IFERROR(VLOOKUP(A18,'19'!U:V,2,0),"0") -> 0 | BK18: กล่อง | BL18: =+BJ18*D18 -> 0 | BM18: =IFERROR(VLOOKUP(A18,'20'!U:V,2,0),"0") -> 0 | BN18: กล่อง | BO18: =+BM18*D18 -> 0 | BP18: =IFERROR(VLOOKUP(A18,'21'!U:V,2,0),"0") -> 0 | BQ18: กล่อง | BR18: =+BP18*D18 -> 0 | BS18: =IFERROR(VLOOKUP(A18,'22'!U:V,2,0),"0") -> 0 | BT18: กล่อง | BU18: =+BS18*D18 -> 0 | BV18: =IFERROR(VLOOKUP(A18,'23'!U:V,2,0),"0") -> 0 | BW18: กล่อง | BX18: =+BV18*D18 -> 0 | BY18: =IFERROR(VLOOKUP(A18,'24'!U:V,2,0),"0") -> 0 | BZ18: กล่อง | CA18: =+BY18*D18 -> 0 | CB18: =IFERROR(VLOOKUP(A18,'25'!U:V,2,0),"0") -> 0 | CC18: กล่อง | CD18: =+CB18*D18 -> 0 | CE18: =IFERROR(VLOOKUP(A18,'26'!U:V,2,0),"0") -> 0 | CF18: กล่อง | CG18: =+CE18*D18 -> 0 | CH18: =IFERROR(VLOOKUP(A18,'27'!U:V,2,0),"0") -> 0 | CI18: กล่อง | CJ18: =+CH18*D18 -> 0 | CK18: =IFERROR(VLOOKUP(A18,'28'!U:V,2,0),"0") -> 0 | CL18: กล่อง | CM18: =+CK18*D18 -> 0 | CN18: =IFERROR(VLOOKUP(A18,'29'!U:V,2,0),"0") -> 0 | CO18: กล่อง | CP18: =+CN18*D18 -> 0 | CQ18: =IFERROR(VLOOKUP(A18,'30'!U:V,2,0),"0") -> 0 | CR18: กล่อง | CS18: =+CQ18*D18 -> 0 | CT18: =IFERROR(VLOOKUP(A18,'31'!U:V,2,0),"0") -> 0 | CU18: กล่อง | CV18: =+CT18*D18 -> 0 | CW18: =IFERROR(VLOOKUP(B18,'B-plus'!A:D,4,0),"0") -> 0 | CX18: กล่อง | CY18: =+CW18*D18 -> 0
A19: 1111013 | B19: 1111013 | C19: ชิฟฟ่อน สอดไส้แยม ขนาด3 ชิ้น มีรสให้เลือก 7 รส | D19: 27.35 | E19: =+H19+K19+N19+Q19+T19+W19+Z19+AC19+AF19+AI19+AL19+AO19+AR19+AU19+AX19+BA19+BD19+BG19+BJ19+BM19+BP19+BS19+BV19+BY19+CB19+CE19+CH19+CK19+CN19+CQ19+CT19 -> 0 | F19: กล่อง | G19: =+E19*D19 -> 0 | H19: =IFERROR(VLOOKUP(A19,'1'!U:V,2,0),"0") -> 0 | I19: กล่อง | J19: =+H19*D19 -> 0 | K19: =IFERROR(VLOOKUP(A19,'2'!U:V,2,0),"0") -> 0 | L19: กล่อง | M19: =+K19*D19 -> 0 | N19: =IFERROR(VLOOKUP(A19,'3'!U:V,2,0),"0") -> 0 | O19: กล่อง | P19: =+N19*D19 -> 0 | Q19: =IFERROR(VLOOKUP(A19,'4'!U:V,2,0),"0") -> 0 | R19: กล่อง | S19: =+Q19*D19 -> 0 | T19: =IFERROR(VLOOKUP(A19,'5'!U:V,2,0),"0") -> 0 | U19: กล่อง | V19: =+T19*D19 -> 0 | W19: =IFERROR(VLOOKUP(A19,'6'!U:V,2,0),"0") -> 0 | X19: กล่อง | Y19: =+W19*D19 -> 0 | Z19: =IFERROR(VLOOKUP(A19,'7'!U:V,2,0),"0") -> 0 | AA19: กล่อง | AB19: =+Z19*D19 -> 0 | AC19: =IFERROR(VLOOKUP(A19,'8'!U:V,2,0),"0") -> 0 | AD19: กล่อง | AE19: =+AC19*D19 -> 0 | AF19: =IFERROR(VLOOKUP(A19,'9'!U:V,2,0),"0") -> 0 | AG19: กล่อง | AH19: =+AF19*D19 -> 0 | AI19: =IFERROR(VLOOKUP(A19,'10'!U:V,2,0),"0") -> 0 | AJ19: กล่อง | AK19: =+AI19*D19 -> 0 | AL19: =IFERROR(VLOOKUP(A19,'11'!U:V,2,0),"0") -> 0 | AM19: กล่อง | AN19: =+AL19*D19 -> 0 | AO19: =IFERROR(VLOOKUP(A19,'12'!U:V,2,0),"0") -> 0 | AP19: กล่อง | AQ19: =+AO19*D19 -> 0 | AR19: =IFERROR(VLOOKUP(A19,'13'!U:V,2,0),"0") -> 0 | AS19: กล่อง | AT19: =+AR19*D19 -> 0 | AU19: =IFERROR(VLOOKUP(A19,'14'!U:V,2,0),"0") -> 0 | AV19: กล่อง | AW19: =+AU19*D19 -> 0 | AX19: =IFERROR(VLOOKUP(A19,'15'!U:V,2,0),"0") -> 0 | AY19: กล่อง | AZ19: =+AX19*D19 -> 0 | BA19: =IFERROR(VLOOKUP(A19,'16'!U:V,2,0),"0") -> 0 | BB19: กล่อง | BC19: =+BA19*D19 -> 0 | BD19: =IFERROR(VLOOKUP(A19,'17'!U:V,2,0),"0") -> 0 | BE19: กล่อง | BF19: =+BD19*D19 -> 0 | BG19: =IFERROR(VLOOKUP(A19,'18'!U:V,2,0),"0") -> 0 | BH19: กล่อง | BI19: =+BG19*D19 -> 0 | BJ19: =IFERROR(VLOOKUP(A19,'19'!U:V,2,0),"0") -> 0 | BK19: กล่อง | BL19: =+BJ19*D19 -> 0 | BM19: =IFERROR(VLOOKUP(A19,'20'!U:V,2,0),"0") -> 0 | BN19: กล่อง | BO19: =+BM19*D19 -> 0 | BP19: =IFERROR(VLOOKUP(A19,'21'!U:V,2,0),"0") -> 0 | BQ19: กล่อง | BR19: =+BP19*D19 -> 0 | BS19: =IFERROR(VLOOKUP(A19,'22'!U:V,2,0),"0") -> 0 | BT19: กล่อง | BU19: =+BS19*D19 -> 0 | BV19: =IFERROR(VLOOKUP(A19,'23'!U:V,2,0),"0") -> 0 | BW19: กล่อง | BX19: =+BV19*D19 -> 0 | BY19: =IFERROR(VLOOKUP(A19,'24'!U:V,2,0),"0") -> 0 | BZ19: กล่อง | CA19: =+BY19*D19 -> 0 | CB19: =IFERROR(VLOOKUP(A19,'25'!U:V,2,0),"0") -> 0 | CC19: กล่อง | CD19: =+CB19*D19 -> 0 | CE19: =IFERROR(VLOOKUP(A19,'26'!U:V,2,0),"0") -> 0 | CF19: กล่อง | CG19: =+CE19*D19 -> 0 | CH19: =IFERROR(VLOOKUP(A19,'27'!U:V,2,0),"0") -> 0 | CI19: กล่อง | CJ19: =+CH19*D19 -> 0 | CK19: =IFERROR(VLOOKUP(A19,'28'!U:V,2,0),"0") -> 0 | CL19: กล่อง | CM19: =+CK19*D19 -> 0 | CN19: =IFERROR(VLOOKUP(A19,'29'!U:V,2,0),"0") -> 0 | CO19: กล่อง | CP19: =+CN19*D19 -> 0 | CQ19: =IFERROR(VLOOKUP(A19,'30'!U:V,2,0),"0") -> 0 | CR19: กล่อง | CS19: =+CQ19*D19 -> 0 | CT19: =IFERROR(VLOOKUP(A19,'31'!U:V,2,0),"0") -> 0 | CU19: กล่อง | CV19: =+CT19*D19 -> 0 | CW19: =IFERROR(VLOOKUP(B19,'B-plus'!A:D,4,0),"0") -> 0 | CX19: กล่อง | CY19: =+CW19*D19 -> 0
A20: 1111015 | B20: 1111015 | C20: ชิฟฟ่อน สอดไส้แยม ขนาด3 ชิ้น มีรสให้เลือก 7 รส (มะพร้าว) | D20: 27.35 | E20: =+H20+K20+N20+Q20+T20+W20+Z20+AC20+AF20+AI20+AL20+AO20+AR20+AU20+AX20+BA20+BD20+BG20+BJ20+BM20+BP20+BS20+BV20+BY20+CB20+CE20+CH20+CK20+CN20+CQ20+CT20 -> 0 | F20: กล่อง | G20: =+E20*D20 -> 0 | H20: =IFERROR(VLOOKUP(A20,'1'!U:V,2,0),"0") -> 0 | I20: กล่อง | J20: =+H20*D20 -> 0 | K20: =IFERROR(VLOOKUP(A20,'2'!U:V,2,0),"0") -> 0 | L20: กล่อง | M20: =+K20*D20 -> 0 | N20: =IFERROR(VLOOKUP(A20,'3'!U:V,2,0),"0") -> 0 | O20: กล่อง | P20: =+N20*D20 -> 0 | Q20: =IFERROR(VLOOKUP(A20,'4'!U:V,2,0),"0") -> 0 | R20: กล่อง | S20: =+Q20*D20 -> 0 | T20: =IFERROR(VLOOKUP(A20,'5'!U:V,2,0),"0") -> 0 | U20: กล่อง | V20: =+T20*D20 -> 0 | W20: =IFERROR(VLOOKUP(A20,'6'!U:V,2,0),"0") -> 0 | X20: กล่อง | Y20: =+W20*D20 -> 0 | Z20: =IFERROR(VLOOKUP(A20,'7'!U:V,2,0),"0") -> 0 | AA20: กล่อง | AB20: =+Z20*D20 -> 0 | AC20: =IFERROR(VLOOKUP(A20,'8'!U:V,2,0),"0") -> 0 | AD20: กล่อง | AE20: =+AC20*D20 -> 0 | AF20: =IFERROR(VLOOKUP(A20,'9'!U:V,2,0),"0") -> 0 | AG20: กล่อง | AH20: =+AF20*D20 -> 0 | AI20: =IFERROR(VLOOKUP(A20,'10'!U:V,2,0),"0") -> 0 | AJ20: กล่อง | AK20: =+AI20*D20 -> 0 | AL20: =IFERROR(VLOOKUP(A20,'11'!U:V,2,0),"0") -> 0 | AM20: กล่อง | AN20: =+AL20*D20 -> 0 | AO20: =IFERROR(VLOOKUP(A20,'12'!U:V,2,0),"0") -> 0 | AP20: กล่อง | AQ20: =+AO20*D20 -> 0 | AR20: =IFERROR(VLOOKUP(A20,'13'!U:V,2,0),"0") -> 0 | AS20: กล่อง | AT20: =+AR20*D20 -> 0 | AU20: =IFERROR(VLOOKUP(A20,'14'!U:V,2,0),"0") -> 0 | AV20: กล่อง | AW20: =+AU20*D20 -> 0 | AX20: =IFERROR(VLOOKUP(A20,'15'!U:V,2,0),"0") -> 0 | AY20: กล่อง | AZ20: =+AX20*D20 -> 0 | BA20: =IFERROR(VLOOKUP(A20,'16'!U:V,2,0),"0") -> 0 | BB20: กล่อง | BC20: =+BA20*D20 -> 0 | BD20: =IFERROR(VLOOKUP(A20,'17'!U:V,2,0),"0") -> 0 | BE20: กล่อง | BF20: =+BD20*D20 -> 0 | BG20: =IFERROR(VLOOKUP(A20,'18'!U:V,2,0),"0") -> 0 | BH20: กล่อง | BI20: =+BG20*D20 -> 0 | BJ20: =IFERROR(VLOOKUP(A20,'19'!U:V,2,0),"0") -> 0 | BK20: กล่อง | BL20: =+BJ20*D20 -> 0 | BM20: =IFERROR(VLOOKUP(A20,'20'!U:V,2,0),"0") -> 0 | BN20: กล่อง | BO20: =+BM20*D20 -> 0 | BP20: =IFERROR(VLOOKUP(A20,'21'!U:V,2,0),"0") -> 0 | BQ20: กล่อง | BR20: =+BP20*D20 -> 0 | BS20: =IFERROR(VLOOKUP(A20,'22'!U:V,2,0),"0") -> 0 | BT20: กล่อง | BU20: =+BS20*D20 -> 0 | BV20: =IFERROR(VLOOKUP(A20,'23'!U:V,2,0),"0") -> 0 | BW20: กล่อง | BX20: =+BV20*D20 -> 0 | BY20: =IFERROR(VLOOKUP(A20,'24'!U:V,2,0),"0") -> 0 | BZ20: กล่อง | CA20: =+BY20*D20 -> 0 | CB20: =IFERROR(VLOOKUP(A20,'25'!U:V,2,0),"0") -> 0 | CC20: กล่อง | CD20: =+CB20*D20 -> 0 | CE20: =IFERROR(VLOOKUP(A20,'26'!U:V,2,0),"0") -> 0 | CF20: กล่อง | CG20: =+CE20*D20 -> 0 | CH20: =IFERROR(VLOOKUP(A20,'27'!U:V,2,0),"0") -> 0 | CI20: กล่อง | CJ20: =+CH20*D20 -> 0 | CK20: =IFERROR(VLOOKUP(A20,'28'!U:V,2,0),"0") -> 0 | CL20: กล่อง | CM20: =+CK20*D20 -> 0 | CN20: =IFERROR(VLOOKUP(A20,'29'!U:V,2,0),"0") -> 0 | CO20: กล่อง | CP20: =+CN20*D20 -> 0 | CQ20: =IFERROR(VLOOKUP(A20,'30'!U:V,2,0),"0") -> 0 | CR20: กล่อง | CS20: =+CQ20*D20 -> 0 | CT20: =IFERROR(VLOOKUP(A20,'31'!U:V,2,0),"0") -> 0 | CU20: กล่อง | CV20: =+CT20*D20 -> 0 | CW20: =IFERROR(VLOOKUP(B20,'B-plus'!A:D,4,0),"0") -> 0 | CX20: กล่อง | CY20: =+CW20*D20 -> 0
A21: 1111017 | B21: 1111017 | C21: ชิฟฟ่อน สอดไส้แยม ขนาด3 ชิ้น มีรสให้เลือก 7 รส (บลูเบอรี่) | D21: 27.35 | E21: =+H21+K21+N21+Q21+T21+W21+Z21+AC21+AF21+AI21+AL21+AO21+AR21+AU21+AX21+BA21+BD21+BG21+BJ21+BM21+BP21+BS21+BV21+BY21+CB21+CE21+CH21+CK21+CN21+CQ21+CT21 -> 0 | F21: กล่อง | G21: =+E21*D21 -> 0 | H21: =IFERROR(VLOOKUP(A21,'1'!U:V,2,0),"0") -> 0 | I21: กล่อง | J21: =+H21*D21 -> 0 | K21: =IFERROR(VLOOKUP(A21,'2'!U:V,2,0),"0") -> 0 | L21: กล่อง | M21: =+K21*D21 -> 0 | N21: =IFERROR(VLOOKUP(A21,'3'!U:V,2,0),"0") -> 0 | O21: กล่อง | P21: =+N21*D21 -> 0 | Q21: =IFERROR(VLOOKUP(A21,'4'!U:V,2,0),"0") -> 0 | R21: กล่อง | S21: =+Q21*D21 -> 0 | T21: =IFERROR(VLOOKUP(A21,'5'!U:V,2,0),"0") -> 0 | U21: กล่อง | V21: =+T21*D21 -> 0 | W21: =IFERROR(VLOOKUP(A21,'6'!U:V,2,0),"0") -> 0 | X21: กล่อง | Y21: =+W21*D21 -> 0 | Z21: =IFERROR(VLOOKUP(A21,'7'!U:V,2,0),"0") -> 0 | AA21: กล่อง | AB21: =+Z21*D21 -> 0 | AC21: =IFERROR(VLOOKUP(A21,'8'!U:V,2,0),"0") -> 0 | AD21: กล่อง | AE21: =+AC21*D21 -> 0 | AF21: =IFERROR(VLOOKUP(A21,'9'!U:V,2,0),"0") -> 0 | AG21: กล่อง | AH21: =+AF21*D21 -> 0 | AI21: =IFERROR(VLOOKUP(A21,'10'!U:V,2,0),"0") -> 0 | AJ21: กล่อง | AK21: =+AI21*D21 -> 0 | AL21: =IFERROR(VLOOKUP(A21,'11'!U:V,2,0),"0") -> 0 | AM21: กล่อง | AN21: =+AL21*D21 -> 0 | AO21: =IFERROR(VLOOKUP(A21,'12'!U:V,2,0),"0") -> 0 | AP21: กล่อง | AQ21: =+AO21*D21 -> 0 | AR21: =IFERROR(VLOOKUP(A21,'13'!U:V,2,0),"0") -> 0 | AS21: กล่อง | AT21: =+AR21*D21 -> 0 | AU21: =IFERROR(VLOOKUP(A21,'14'!U:V,2,0),"0") -> 0 | AV21: กล่อง | AW21: =+AU21*D21 -> 0 | AX21: =IFERROR(VLOOKUP(A21,'15'!U:V,2,0),"0") -> 0 | AY21: กล่อง | AZ21: =+AX21*D21 -> 0 | BA21: =IFERROR(VLOOKUP(A21,'16'!U:V,2,0),"0") -> 0 | BB21: กล่อง | BC21: =+BA21*D21 -> 0 | BD21: =IFERROR(VLOOKUP(A21,'17'!U:V,2,0),"0") -> 0 | BE21: กล่อง | BF21: =+BD21*D21 -> 0 | BG21: =IFERROR(VLOOKUP(A21,'18'!U:V,2,0),"0") -> 0 | BH21: กล่อง | BI21: =+BG21*D21 -> 0 | BJ21: =IFERROR(VLOOKUP(A21,'19'!U:V,2,0),"0") -> 0 | BK21: กล่อง | BL21: =+BJ21*D21 -> 0 | BM21: =IFERROR(VLOOKUP(A21,'20'!U:V,2,0),"0") -> 0 | BN21: กล่อง | BO21: =+BM21*D21 -> 0 | BP21: =IFERROR(VLOOKUP(A21,'21'!U:V,2,0),"0") -> 0 | BQ21: กล่อง | BR21: =+BP21*D21 -> 0 | BS21: =IFERROR(VLOOKUP(A21,'22'!U:V,2,0),"0") -> 0 | BT21: กล่อง | BU21: =+BS21*D21 -> 0 | BV21: =IFERROR(VLOOKUP(A21,'23'!U:V,2,0),"0") -> 0 | BW21: กล่อง | BX21: =+BV21*D21 -> 0 | BY21: =IFERROR(VLOOKUP(A21,'24'!U:V,2,0),"0") -> 0 | BZ21: กล่อง | CA21: =+BY21*D21 -> 0 | CB21: =IFERROR(VLOOKUP(A21,'25'!U:V,2,0),"0") -> 0 | CC21: กล่อง | CD21: =+CB21*D21 -> 0 | CE21: =IFERROR(VLOOKUP(A21,'26'!U:V,2,0),"0") -> 0 | CF21: กล่อง | CG21: =+CE21*D21 -> 0 | CH21: =IFERROR(VLOOKUP(A21,'27'!U:V,2,0),"0") -> 0 | CI21: กล่อง | CJ21: =+CH21*D21 -> 0 | CK21: =IFERROR(VLOOKUP(A21,'28'!U:V,2,0),"0") -> 0 | CL21: กล่อง | CM21: =+CK21*D21 -> 0 | CN21: =IFERROR(VLOOKUP(A21,'29'!U:V,2,0),"0") -> 0 | CO21: กล่อง | CP21: =+CN21*D21 -> 0 | CQ21: =IFERROR(VLOOKUP(A21,'30'!U:V,2,0),"0") -> 0 | CR21: กล่อง | CS21: =+CQ21*D21 -> 0 | CT21: =IFERROR(VLOOKUP(A21,'31'!U:V,2,0),"0") -> 0 | CU21: กล่อง | CV21: =+CT21*D21 -> 0 | CW21: =IFERROR(VLOOKUP(B21,'B-plus'!A:D,4,0),"0") -> 0 | CX21: กล่อง | CY21: =+CW21*D21 -> 0
A22: 1111019 | B22: 1111019 | C22: ชิฟฟ่อน สอดไส้แยม ขนาด3 ชิ้น มีรสให้เลือก 7 รส (ฝอยทอง) | D22: 27.35 | E22: =+H22+K22+N22+Q22+T22+W22+Z22+AC22+AF22+AI22+AL22+AO22+AR22+AU22+AX22+BA22+BD22+BG22+BJ22+BM22+BP22+BS22+BV22+BY22+CB22+CE22+CH22+CK22+CN22+CQ22+CT22 -> 0 | F22: กล่อง | G22: =+E22*D22 -> 0 | H22: =IFERROR(VLOOKUP(A22,'1'!U:V,2,0),"0") -> 0 | I22: กล่อง | J22: =+H22*D22 -> 0 | K22: =IFERROR(VLOOKUP(A22,'2'!U:V,2,0),"0") -> 0 | L22: กล่อง | M22: =+K22*D22 -> 0 | N22: =IFERROR(VLOOKUP(A22,'3'!U:V,2,0),"0") -> 0 | O22: กล่อง | P22: =+N22*D22 -> 0 | Q22: =IFERROR(VLOOKUP(A22,'4'!U:V,2,0),"0") -> 0 | R22: กล่อง | S22: =+Q22*D22 -> 0 | T22: =IFERROR(VLOOKUP(A22,'5'!U:V,2,0),"0") -> 0 | U22: กล่อง | V22: =+T22*D22 -> 0 | W22: =IFERROR(VLOOKUP(A22,'6'!U:V,2,0),"0") -> 0 | X22: กล่อง | Y22: =+W22*D22 -> 0 | Z22: =IFERROR(VLOOKUP(A22,'7'!U:V,2,0),"0") -> 0 | AA22: กล่อง | AB22: =+Z22*D22 -> 0 | AC22: =IFERROR(VLOOKUP(A22,'8'!U:V,2,0),"0") -> 0 | AD22: กล่อง | AE22: =+AC22*D22 -> 0 | AF22: =IFERROR(VLOOKUP(A22,'9'!U:V,2,0),"0") -> 0 | AG22: กล่อง | AH22: =+AF22*D22 -> 0 | AI22: =IFERROR(VLOOKUP(A22,'10'!U:V,2,0),"0") -> 0 | AJ22: กล่อง | AK22: =+AI22*D22 -> 0 | AL22: =IFERROR(VLOOKUP(A22,'11'!U:V,2,0),"0") -> 0 | AM22: กล่อง | AN22: =+AL22*D22 -> 0 | AO22: =IFERROR(VLOOKUP(A22,'12'!U:V,2,0),"0") -> 0 | AP22: กล่อง | AQ22: =+AO22*D22 -> 0 | AR22: =IFERROR(VLOOKUP(A22,'13'!U:V,2,0),"0") -> 0 | AS22: กล่อง | AT22: =+AR22*D22 -> 0 | AU22: =IFERROR(VLOOKUP(A22,'14'!U:V,2,0),"0") -> 0 | AV22: กล่อง | AW22: =+AU22*D22 -> 0 | AX22: =IFERROR(VLOOKUP(A22,'15'!U:V,2,0),"0") -> 0 | AY22: กล่อง | AZ22: =+AX22*D22 -> 0 | BA22: =IFERROR(VLOOKUP(A22,'16'!U:V,2,0),"0") -> 0 | BB22: กล่อง | BC22: =+BA22*D22 -> 0 | BD22: =IFERROR(VLOOKUP(A22,'17'!U:V,2,0),"0") -> 0 | BE22: กล่อง | BF22: =+BD22*D22 -> 0 | BG22: =IFERROR(VLOOKUP(A22,'18'!U:V,2,0),"0") -> 0 | BH22: กล่อง | BI22: =+BG22*D22 -> 0 | BJ22: =IFERROR(VLOOKUP(A22,'19'!U:V,2,0),"0") -> 0 | BK22: กล่อง | BL22: =+BJ22*D22 -> 0 | BM22: =IFERROR(VLOOKUP(A22,'20'!U:V,2,0),"0") -> 0 | BN22: กล่อง | BO22: =+BM22*D22 -> 0 | BP22: =IFERROR(VLOOKUP(A22,'21'!U:V,2,0),"0") -> 0 | BQ22: กล่อง | BR22: =+BP22*D22 -> 0 | BS22: =IFERROR(VLOOKUP(A22,'22'!U:V,2,0),"0") -> 0 | BT22: กล่อง | BU22: =+BS22*D22 -> 0 | BV22: =IFERROR(VLOOKUP(A22,'23'!U:V,2,0),"0") -> 0 | BW22: กล่อง | BX22: =+BV22*D22 -> 0 | BY22: =IFERROR(VLOOKUP(A22,'24'!U:V,2,0),"0") -> 0 | BZ22: กล่อง | CA22: =+BY22*D22 -> 0 | CB22: =IFERROR(VLOOKUP(A22,'25'!U:V,2,0),"0") -> 0 | CC22: กล่อง | CD22: =+CB22*D22 -> 0 | CE22: =IFERROR(VLOOKUP(A22,'26'!U:V,2,0),"0") -> 0 | CF22: กล่อง | CG22: =+CE22*D22 -> 0 | CH22: =IFERROR(VLOOKUP(A22,'27'!U:V,2,0),"0") -> 0 | CI22: กล่อง | CJ22: =+CH22*D22 -> 0 | CK22: =IFERROR(VLOOKUP(A22,'28'!U:V,2,0),"0") -> 0 | CL22: กล่อง | CM22: =+CK22*D22 -> 0 | CN22: =IFERROR(VLOOKUP(A22,'29'!U:V,2,0),"0") -> 0 | CO22: กล่อง | CP22: =+CN22*D22 -> 0 | CQ22: =IFERROR(VLOOKUP(A22,'30'!U:V,2,0),"0") -> 0 | CR22: กล่อง | CS22: =+CQ22*D22 -> 0 | CT22: =IFERROR(VLOOKUP(A22,'31'!U:V,2,0),"0") -> 0 | CU22: กล่อง | CV22: =+CT22*D22 -> 0 | CW22: =IFERROR(VLOOKUP(B22,'B-plus'!A:D,4,0),"0") -> 0 | CX22: กล่อง | CY22: =+CW22*D22 -> 0
A23: 1111020 | B23: 1111020 | C23: ชิฟฟ่อนสอดไส้ แยม 1กล่อง มี6ชิ้น (ฝอยทอง) | D23: 26.11 | E23: =+H23+K23+N23+Q23+T23+W23+Z23+AC23+AF23+AI23+AL23+AO23+AR23+AU23+AX23+BA23+BD23+BG23+BJ23+BM23+BP23+BS23+BV23+BY23+CB23+CE23+CH23+CK23+CN23+CQ23+CT23 -> 0 | F23: กล่อง | G23: =+E23*D23 -> 0 | H23: =IFERROR(VLOOKUP(A23,'1'!U:V,2,0),"0") -> 0 | I23: กล่อง | J23: =+H23*D23 -> 0 | K23: =IFERROR(VLOOKUP(A23,'2'!U:V,2,0),"0") -> 0 | L23: กล่อง | M23: =+K23*D23 -> 0 | N23: =IFERROR(VLOOKUP(A23,'3'!U:V,2,0),"0") -> 0 | O23: กล่อง | P23: =+N23*D23 -> 0 | Q23: =IFERROR(VLOOKUP(A23,'4'!U:V,2,0),"0") -> 0 | R23: กล่อง | S23: =+Q23*D23 -> 0 | T23: =IFERROR(VLOOKUP(A23,'5'!U:V,2,0),"0") -> 0 | U23: กล่อง | V23: =+T23*D23 -> 0 | W23: =IFERROR(VLOOKUP(A23,'6'!U:V,2,0),"0") -> 0 | X23: กล่อง | Y23: =+W23*D23 -> 0 | Z23: =IFERROR(VLOOKUP(A23,'7'!U:V,2,0),"0") -> 0 | AA23: กล่อง | AB23: =+Z23*D23 -> 0 | AC23: =IFERROR(VLOOKUP(A23,'8'!U:V,2,0),"0") -> 0 | AD23: กล่อง | AE23: =+AC23*D23 -> 0 | AF23: =IFERROR(VLOOKUP(A23,'9'!U:V,2,0),"0") -> 0 | AG23: กล่อง | AH23: =+AF23*D23 -> 0 | AI23: =IFERROR(VLOOKUP(A23,'10'!U:V,2,0),"0") -> 0 | AJ23: กล่อง | AK23: =+AI23*D23 -> 0 | AL23: =IFERROR(VLOOKUP(A23,'11'!U:V,2,0),"0") -> 0 | AM23: กล่อง | AN23: =+AL23*D23 -> 0 | AO23: =IFERROR(VLOOKUP(A23,'12'!U:V,2,0),"0") -> 0 | AP23: กล่อง | AQ23: =+AO23*D23 -> 0 | AR23: =IFERROR(VLOOKUP(A23,'13'!U:V,2,0),"0") -> 0 | AS23: กล่อง | AT23: =+AR23*D23 -> 0 | AU23: =IFERROR(VLOOKUP(A23,'14'!U:V,2,0),"0") -> 0 | AV23: กล่อง | AW23: =+AU23*D23 -> 0 | AX23: =IFERROR(VLOOKUP(A23,'15'!U:V,2,0),"0") -> 0 | AY23: กล่อง | AZ23: =+AX23*D23 -> 0 | BA23: =IFERROR(VLOOKUP(A23,'16'!U:V,2,0),"0") -> 0 | BB23: กล่อง | BC23: =+BA23*D23 -> 0 | BD23: =IFERROR(VLOOKUP(A23,'17'!U:V,2,0),"0") -> 0 | BE23: กล่อง | BF23: =+BD23*D23 -> 0 | BG23: =IFERROR(VLOOKUP(A23,'18'!U:V,2,0),"0") -> 0 | BH23: กล่อง | BI23: =+BG23*D23 -> 0 | BJ23: =IFERROR(VLOOKUP(A23,'19'!U:V,2,0),"0") -> 0 | BK23: กล่อง | BL23: =+BJ23*D23 -> 0 | BM23: =IFERROR(VLOOKUP(A23,'20'!U:V,2,0),"0") -> 0 | BN23: กล่อง | BO23: =+BM23*D23 -> 0 | BP23: =IFERROR(VLOOKUP(A23,'21'!U:V,2,0),"0") -> 0 | BQ23: กล่อง | BR23: =+BP23*D23 -> 0 | BS23: =IFERROR(VLOOKUP(A23,'22'!U:V,2,0),"0") -> 0 | BT23: กล่อง | BU23: =+BS23*D23 -> 0 | BV23: =IFERROR(VLOOKUP(A23,'23'!U:V,2,0),"0") -> 0 | BW23: กล่อง | BX23: =+BV23*D23 -> 0 | BY23: =IFERROR(VLOOKUP(A23,'24'!U:V,2,0),"0") -> 0 | BZ23: กล่อง | CA23: =+BY23*D23 -> 0 | CB23: =IFERROR(VLOOKUP(A23,'25'!U:V,2,0),"0") -> 0 | CC23: กล่อง | CD23: =+CB23*D23 -> 0 | CE23: =IFERROR(VLOOKUP(A23,'26'!U:V,2,0),"0") -> 0 | CF23: กล่อง | CG23: =+CE23*D23 -> 0 | CH23: =IFERROR(VLOOKUP(A23,'27'!U:V,2,0),"0") -> 0 | CI23: กล่อง | CJ23: =+CH23*D23 -> 0 | CK23: =IFERROR(VLOOKUP(A23,'28'!U:V,2,0),"0") -> 0 | CL23: กล่อง | CM23: =+CK23*D23 -> 0 | CN23: =IFERROR(VLOOKUP(A23,'29'!U:V,2,0),"0") -> 0 | CO23: กล่อง | CP23: =+CN23*D23 -> 0 | CQ23: =IFERROR(VLOOKUP(A23,'30'!U:V,2,0),"0") -> 0 | CR23: กล่อง | CS23: =+CQ23*D23 -> 0 | CT23: =IFERROR(VLOOKUP(A23,'31'!U:V,2,0),"0") -> 0 | CU23: กล่อง | CV23: =+CT23*D23 -> 0 | CW23: =IFERROR(VLOOKUP(B23,'B-plus'!A:D,4,0),"0") -> 0 | CX23: กล่อง | CY23: =+CW23*D23 -> 0
A24: 1111022 | B24: 1111022 | C24: ชิฟฟ่อน สอดไส้แยม ขนาด3 ชิ้น มีรสให้เลือก 7 รส (สตอเบอรี่) | D24: 13.66 | E24: =+H24+K24+N24+Q24+T24+W24+Z24+AC24+AF24+AI24+AL24+AO24+AR24+AU24+AX24+BA24+BD24+BG24+BJ24+BM24+BP24+BS24+BV24+BY24+CB24+CE24+CH24+CK24+CN24+CQ24+CT24 -> 0 | F24: กล่อง | G24: =+E24*D24 -> 0 | H24: =IFERROR(VLOOKUP(A24,'1'!U:V,2,0),"0") -> 0 | I24: กล่อง | J24: =+H24*D24 -> 0 | K24: =IFERROR(VLOOKUP(A24,'2'!U:V,2,0),"0") -> 0 | L24: กล่อง | M24: =+K24*D24 -> 0 | N24: =IFERROR(VLOOKUP(A24,'3'!U:V,2,0),"0") -> 0 | O24: กล่อง | P24: =+N24*D24 -> 0 | Q24: =IFERROR(VLOOKUP(A24,'4'!U:V,2,0),"0") -> 0 | R24: กล่อง | S24: =+Q24*D24 -> 0 | T24: =IFERROR(VLOOKUP(A24,'5'!U:V,2,0),"0") -> 0 | U24: กล่อง | V24: =+T24*D24 -> 0 | W24: =IFERROR(VLOOKUP(A24,'6'!U:V,2,0),"0") -> 0 | X24: กล่อง | Y24: =+W24*D24 -> 0 | Z24: =IFERROR(VLOOKUP(A24,'7'!U:V,2,0),"0") -> 0 | AA24: กล่อง | AB24: =+Z24*D24 -> 0 | AC24: =IFERROR(VLOOKUP(A24,'8'!U:V,2,0),"0") -> 0 | AD24: กล่อง | AE24: =+AC24*D24 -> 0 | AF24: =IFERROR(VLOOKUP(A24,'9'!U:V,2,0),"0") -> 0 | AG24: กล่อง | AH24: =+AF24*D24 -> 0 | AI24: =IFERROR(VLOOKUP(A24,'10'!U:V,2,0),"0") -> 0 | AJ24: กล่อง | AK24: =+AI24*D24 -> 0 | AL24: =IFERROR(VLOOKUP(A24,'11'!U:V,2,0),"0") -> 0 | AM24: กล่อง | AN24: =+AL24*D24 -> 0 | AO24: =IFERROR(VLOOKUP(A24,'12'!U:V,2,0),"0") -> 0 | AP24: กล่อง | AQ24: =+AO24*D24 -> 0 | AR24: =IFERROR(VLOOKUP(A24,'13'!U:V,2,0),"0") -> 0 | AS24: กล่อง | AT24: =+AR24*D24 -> 0 | AU24: =IFERROR(VLOOKUP(A24,'14'!U:V,2,0),"0") -> 0 | AV24: กล่อง | AW24: =+AU24*D24 -> 0 | AX24: =IFERROR(VLOOKUP(A24,'15'!U:V,2,0),"0") -> 0 | AY24: กล่อง | AZ24: =+AX24*D24 -> 0 | BA24: =IFERROR(VLOOKUP(A24,'16'!U:V,2,0),"0") -> 0 | BB24: กล่อง | BC24: =+BA24*D24 -> 0 | BD24: =IFERROR(VLOOKUP(A24,'17'!U:V,2,0),"0") -> 0 | BE24: กล่อง | BF24: =+BD24*D24 -> 0 | BG24: =IFERROR(VLOOKUP(A24,'18'!U:V,2,0),"0") -> 0 | BH24: กล่อง | BI24: =+BG24*D24 -> 0 | BJ24: =IFERROR(VLOOKUP(A24,'19'!U:V,2,0),"0") -> 0 | BK24: กล่อง | BL24: =+BJ24*D24 -> 0 | BM24: =IFERROR(VLOOKUP(A24,'20'!U:V,2,0),"0") -> 0 | BN24: กล่อง | BO24: =+BM24*D24 -> 0 | BP24: =IFERROR(VLOOKUP(A24,'21'!U:V,2,0),"0") -> 0 | BQ24: กล่อง | BR24: =+BP24*D24 -> 0 | BS24: =IFERROR(VLOOKUP(A24,'22'!U:V,2,0),"0") -> 0 | BT24: กล่อง | BU24: =+BS24*D24 -> 0 | BV24: =IFERROR(VLOOKUP(A24,'23'!U:V,2,0),"0") -> 0 | BW24: กล่อง | BX24: =+BV24*D24 -> 0 | BY24: =IFERROR(VLOOKUP(A24,'24'!U:V,2,0),"0") -> 0 | BZ24: กล่อง | CA24: =+BY24*D24 -> 0 | CB24: =IFERROR(VLOOKUP(A24,'25'!U:V,2,0),"0") -> 0 | CC24: กล่อง | CD24: =+CB24*D24 -> 0 | CE24: =IFERROR(VLOOKUP(A24,'26'!U:V,2,0),"0") -> 0 | CF24: กล่อง | CG24: =+CE24*D24 -> 0 | CH24: =IFERROR(VLOOKUP(A24,'27'!U:V,2,0),"0") -> 0 | CI24: กล่อง | CJ24: =+CH24*D24 -> 0 | CK24: =IFERROR(VLOOKUP(A24,'28'!U:V,2,0),"0") -> 0 | CL24: กล่อง | CM24: =+CK24*D24 -> 0 | CN24: =IFERROR(VLOOKUP(A24,'29'!U:V,2,0),"0") -> 0 | CO24: กล่อง | CP24: =+CN24*D24 -> 0 | CQ24: =IFERROR(VLOOKUP(A24,'30'!U:V,2,0),"0") -> 0 | CR24: กล่อง | CS24: =+CQ24*D24 -> 0 | CT24: =IFERROR(VLOOKUP(A24,'31'!U:V,2,0),"0") -> 0 | CU24: กล่อง | CV24: =+CT24*D24 -> 0 | CW24: =IFERROR(VLOOKUP(B24,'B-plus'!A:D,4,0),"0") -> 0 | CX24: กล่อง | CY24: =+CW24*D24 -> 0
A25: 1111056 | B25: 1111056 | C25: ชิฟฟ่อนไม่มีไส้ แบบกล่อง8ชิ้น รวมรส (รวมรสยอดฮิต) | D25: 28.08 | E25: =+H25+K25+N25+Q25+T25+W25+Z25+AC25+AF25+AI25+AL25+AO25+AR25+AU25+AX25+BA25+BD25+BG25+BJ25+BM25+BP25+BS25+BV25+BY25+CB25+CE25+CH25+CK25+CN25+CQ25+CT25 -> 237 | F25: กล่อง | G25: =+E25*D25 -> 6654.96 | H25: =IFERROR(VLOOKUP(A25,'1'!U:V,2,0),"0") -> 6 | I25: กล่อง | J25: =+H25*D25 -> 168.48 | K25: =IFERROR(VLOOKUP(A25,'2'!U:V,2,0),"0") -> 14 | L25: กล่อง | M25: =+K25*D25 -> 393.12 | N25: =IFERROR(VLOOKUP(A25,'3'!U:V,2,0),"0") -> 9 | O25: กล่อง | P25: =+N25*D25 -> 252.72 | Q25: =IFERROR(VLOOKUP(A25,'4'!U:V,2,0),"0") -> 7 | R25: กล่อง | S25: =+Q25*D25 -> 196.56 | T25: =IFERROR(VLOOKUP(A25,'5'!U:V,2,0),"0") -> 8 | U25: กล่อง | V25: =+T25*D25 -> 224.64 | W25: =IFERROR(VLOOKUP(A25,'6'!U:V,2,0),"0") -> 5 | X25: กล่อง | Y25: =+W25*D25 -> 140.4 | Z25: =IFERROR(VLOOKUP(A25,'7'!U:V,2,0),"0") -> 10 | AA25: กล่อง | AB25: =+Z25*D25 -> 280.8 | AC25: =IFERROR(VLOOKUP(A25,'8'!U:V,2,0),"0") -> 3 | AD25: กล่อง | AE25: =+AC25*D25 -> 84.24 | AF25: =IFERROR(VLOOKUP(A25,'9'!U:V,2,0),"0") -> 8 | AG25: กล่อง | AH25: =+AF25*D25 -> 224.64 | AI25: =IFERROR(VLOOKUP(A25,'10'!U:V,2,0),"0") -> 21 | AJ25: กล่อง | AK25: =+AI25*D25 -> 589.68 | AL25: =IFERROR(VLOOKUP(A25,'11'!U:V,2,0),"0") -> 7 | AM25: กล่อง | AN25: =+AL25*D25 -> 196.56 | AO25: =IFERROR(VLOOKUP(A25,'12'!U:V,2,0),"0") -> 2 | AP25: กล่อง | AQ25: =+AO25*D25 -> 56.16 | AR25: =IFERROR(VLOOKUP(A25,'13'!U:V,2,0),"0") -> 12 | AS25: กล่อง | AT25: =+AR25*D25 -> 336.96 | AU25: =IFERROR(VLOOKUP(A25,'14'!U:V,2,0),"0") -> 10 | AV25: กล่อง | AW25: =+AU25*D25 -> 280.8 | AX25: =IFERROR(VLOOKUP(A25,'15'!U:V,2,0),"0") -> 6 | AY25: กล่อง | AZ25: =+AX25*D25 -> 168.48 | BA25: =IFERROR(VLOOKUP(A25,'16'!U:V,2,0),"0") -> 9 | BB25: กล่อง | BC25: =+BA25*D25 -> 252.72 | BD25: =IFERROR(VLOOKUP(A25,'17'!U:V,2,0),"0") -> 16 | BE25: กล่อง | BF25: =+BD25*D25 -> 449.28 | BG25: =IFERROR(VLOOKUP(A25,'18'!U:V,2,0),"0") -> 2 | BH25: กล่อง | BI25: =+BG25*D25 -> 56.16 | BJ25: =IFERROR(VLOOKUP(A25,'19'!U:V,2,0),"0") -> 5 | BK25: กล่อง | BL25: =+BJ25*D25 -> 140.4 | BM25: =IFERROR(VLOOKUP(A25,'20'!U:V,2,0),"0") -> 4 | BN25: กล่อง | BO25: =+BM25*D25 -> 112.32 | BP25: =IFERROR(VLOOKUP(A25,'21'!U:V,2,0),"0") -> 3 | BQ25: กล่อง | BR25: =+BP25*D25 -> 84.24 | BS25: =IFERROR(VLOOKUP(A25,'22'!U:V,2,0),"0") -> 3 | BT25: กล่อง | BU25: =+BS25*D25 -> 84.24 | BV25: =IFERROR(VLOOKUP(A25,'23'!U:V,2,0),"0") -> 6 | BW25: กล่อง | BX25: =+BV25*D25 -> 168.48 | BY25: =IFERROR(VLOOKUP(A25,'24'!U:V,2,0),"0") -> 9 | BZ25: กล่อง | CA25: =+BY25*D25 -> 252.72 | CB25: =IFERROR(VLOOKUP(A25,'25'!U:V,2,0),"0") -> 7 | CC25: กล่อง | CD25: =+CB25*D25 -> 196.56 | CE25: =IFERROR(VLOOKUP(A25,'26'!U:V,2,0),"0") -> 2 | CF25: กล่อง | CG25: =+CE25*D25 -> 56.16 | CH25: =IFERROR(VLOOKUP(A25,'27'!U:V,2,0),"0") -> 7 | CI25: กล่อง | CJ25: =+CH25*D25 -> 196.56 | CK25: =IFERROR(VLOOKUP(A25,'28'!U:V,2,0),"0") -> 3 | CL25: กล่อง | CM25: =+CK25*D25 -> 84.24 | CN25: =IFERROR(VLOOKUP(A25,'29'!U:V,2,0),"0") -> 20 | CO25: กล่อง | CP25: =+CN25*D25 -> 561.6 | CQ25: =IFERROR(VLOOKUP(A25,'30'!U:V,2,0),"0") -> 3 | CR25: กล่อง | CS25: =+CQ25*D25 -> 84.24 | CT25: =IFERROR(VLOOKUP(A25,'31'!U:V,2,0),"0") -> 10 | CU25: กล่อง | CV25: =+CT25*D25 -> 280.8 | CW25: =IFERROR(VLOOKUP(B25,'B-plus'!A:D,4,0),"0") -> 47 | CX25: กล่อง | CY25: =+CW25*D25 -> 1319.76
A26: 1111057 | B26: 1111057 | C26: ชิฟฟอนไม่มีไส้เเบบเเยกชิ้น เลือกรสชาติได้ (กาแฟ) | D26: 3.11 | E26: =+H26+K26+N26+Q26+T26+W26+Z26+AC26+AF26+AI26+AL26+AO26+AR26+AU26+AX26+BA26+BD26+BG26+BJ26+BM26+BP26+BS26+BV26+BY26+CB26+CE26+CH26+CK26+CN26+CQ26+CT26 -> 0 | F26: ชิ้น | G26: =+E26*D26 -> 0 | H26: =IFERROR(VLOOKUP(A26,'1'!U:V,2,0),"0") -> 0 | I26: ชิ้น | J26: =+H26*D26 -> 0 | K26: =IFERROR(VLOOKUP(A26,'2'!U:V,2,0),"0") -> 0 | L26: ชิ้น | M26: =+K26*D26 -> 0 | N26: =IFERROR(VLOOKUP(A26,'3'!U:V,2,0),"0") -> 0 | O26: ชิ้น | P26: =+N26*D26 -> 0 | Q26: =IFERROR(VLOOKUP(A26,'4'!U:V,2,0),"0") -> 0 | R26: ชิ้น | S26: =+Q26*D26 -> 0 | T26: =IFERROR(VLOOKUP(A26,'5'!U:V,2,0),"0") -> 0 | U26: ชิ้น | V26: =+T26*D26 -> 0 | W26: =IFERROR(VLOOKUP(A26,'6'!U:V,2,0),"0") -> 0 | X26: ชิ้น | Y26: =+W26*D26 -> 0 | Z26: =IFERROR(VLOOKUP(A26,'7'!U:V,2,0),"0") -> 0 | AA26: ชิ้น | AB26: =+Z26*D26 -> 0 | AC26: =IFERROR(VLOOKUP(A26,'8'!U:V,2,0),"0") -> 0 | AD26: ชิ้น | AE26: =+AC26*D26 -> 0 | AF26: =IFERROR(VLOOKUP(A26,'9'!U:V,2,0),"0") -> 0 | AG26: ชิ้น | AH26: =+AF26*D26 -> 0 | AI26: =IFERROR(VLOOKUP(A26,'10'!U:V,2,0),"0") -> 0 | AJ26: ชิ้น | AK26: =+AI26*D26 -> 0 | AL26: =IFERROR(VLOOKUP(A26,'11'!U:V,2,0),"0") -> 0 | AM26: ชิ้น | AN26: =+AL26*D26 -> 0 | AO26: =IFERROR(VLOOKUP(A26,'12'!U:V,2,0),"0") -> 0 | AP26: ชิ้น | AQ26: =+AO26*D26 -> 0 | AR26: =IFERROR(VLOOKUP(A26,'13'!U:V,2,0),"0") -> 0 | AS26: ชิ้น | AT26: =+AR26*D26 -> 0 | AU26: =IFERROR(VLOOKUP(A26,'14'!U:V,2,0),"0") -> 0 | AV26: ชิ้น | AW26: =+AU26*D26 -> 0 | AX26: =IFERROR(VLOOKUP(A26,'15'!U:V,2,0),"0") -> 0 | AY26: ชิ้น | AZ26: =+AX26*D26 -> 0 | BA26: =IFERROR(VLOOKUP(A26,'16'!U:V,2,0),"0") -> 0 | BB26: ชิ้น | BC26: =+BA26*D26 -> 0 | BD26: =IFERROR(VLOOKUP(A26,'17'!U:V,2,0),"0") -> 0 | BE26: ชิ้น | BF26: =+BD26*D26 -> 0 | BG26: =IFERROR(VLOOKUP(A26,'18'!U:V,2,0),"0") -> 0 | BH26: ชิ้น | BI26: =+BG26*D26 -> 0 | BJ26: =IFERROR(VLOOKUP(A26,'19'!U:V,2,0),"0") -> 0 | BK26: ชิ้น | BL26: =+BJ26*D26 -> 0 | BM26: =IFERROR(VLOOKUP(A26,'20'!U:V,2,0),"0") -> 0 | BN26: ชิ้น | BO26: =+BM26*D26 -> 0 | BP26: =IFERROR(VLOOKUP(A26,'21'!U:V,2,0),"0") -> 0 | BQ26: ชิ้น | BR26: =+BP26*D26 -> 0 | BS26: =IFERROR(VLOOKUP(A26,'22'!U:V,2,0),"0") -> 0 | BT26: ชิ้น | BU26: =+BS26*D26 -> 0 | BV26: =IFERROR(VLOOKUP(A26,'23'!U:V,2,0),"0") -> 0 | BW26: ชิ้น | BX26: =+BV26*D26 -> 0 | BY26: =IFERROR(VLOOKUP(A26,'24'!U:V,2,0),"0") -> 0 | BZ26: ชิ้น | CA26: =+BY26*D26 -> 0 | CB26: =IFERROR(VLOOKUP(A26,'25'!U:V,2,0),"0") -> 0 | CC26: ชิ้น | CD26: =+CB26*D26 -> 0 | CE26: =IFERROR(VLOOKUP(A26,'26'!U:V,2,0),"0") -> 0 | CF26: ชิ้น | CG26: =+CE26*D26 -> 0 | CH26: =IFERROR(VLOOKUP(A26,'27'!U:V,2,0),"0") -> 0 | CI26: ชิ้น | CJ26: =+CH26*D26 -> 0 | CK26: =IFERROR(VLOOKUP(A26,'28'!U:V,2,0),"0") -> 0 | CL26: ชิ้น | CM26: =+CK26*D26 -> 0 | CN26: =IFERROR(VLOOKUP(A26,'29'!U:V,2,0),"0") -> 0 | CO26: ชิ้น | CP26: =+CN26*D26 -> 0 | CQ26: =IFERROR(VLOOKUP(A26,'30'!U:V,2,0),"0") -> 0 | CR26: ชิ้น | CS26: =+CQ26*D26 -> 0 | CT26: =IFERROR(VLOOKUP(A26,'31'!U:V,2,0),"0") -> 0 | CU26: ชิ้น | CV26: =+CT26*D26 -> 0 | CW26: =IFERROR(VLOOKUP(B26,'B-plus'!A:D,4,0),"0") -> 0 | CX26: ชิ้น | CY26: =+CW26*D26 -> 0
A27: 1111057-A | B27: 1111057-A | C27: ชิฟฟอนไม่มีไส้ เเบบเเยกชิ้น ชิฟฟ่อนเค้ก ชิฟฟ่อน เนื้อนุ่ม วรรณวนัช (กาแฟ) | D27: 3.11 | E27: =+H27+K27+N27+Q27+T27+W27+Z27+AC27+AF27+AI27+AL27+AO27+AR27+AU27+AX27+BA27+BD27+BG27+BJ27+BM27+BP27+BS27+BV27+BY27+CB27+CE27+CH27+CK27+CN27+CQ27+CT27 -> 0 | F27: ชิ้น | G27: =+E27*D27 -> 0 | H27: =IFERROR(VLOOKUP(A27,'1'!U:V,2,0),"0") -> 0 | I27: ชิ้น | J27: =+H27*D27 -> 0 | K27: =IFERROR(VLOOKUP(A27,'2'!U:V,2,0),"0") -> 0 | L27: ชิ้น | M27: =+K27*D27 -> 0 | N27: =IFERROR(VLOOKUP(A27,'3'!U:V,2,0),"0") -> 0 | O27: ชิ้น | P27: =+N27*D27 -> 0 | Q27: =IFERROR(VLOOKUP(A27,'4'!U:V,2,0),"0") -> 0 | R27: ชิ้น | S27: =+Q27*D27 -> 0 | T27: =IFERROR(VLOOKUP(A27,'5'!U:V,2,0),"0") -> 0 | U27: ชิ้น | V27: =+T27*D27 -> 0 | W27: =IFERROR(VLOOKUP(A27,'6'!U:V,2,0),"0") -> 0 | X27: ชิ้น | Y27: =+W27*D27 -> 0 | Z27: =IFERROR(VLOOKUP(A27,'7'!U:V,2,0),"0") -> 0 | AA27: ชิ้น | AB27: =+Z27*D27 -> 0 | AC27: =IFERROR(VLOOKUP(A27,'8'!U:V,2,0),"0") -> 0 | AD27: ชิ้น | AE27: =+AC27*D27 -> 0 | AF27: =IFERROR(VLOOKUP(A27,'9'!U:V,2,0),"0") -> 0 | AG27: ชิ้น | AH27: =+AF27*D27 -> 0 | AI27: =IFERROR(VLOOKUP(A27,'10'!U:V,2,0),"0") -> 0 | AJ27: ชิ้น | AK27: =+AI27*D27 -> 0 | AL27: =IFERROR(VLOOKUP(A27,'11'!U:V,2,0),"0") -> 0 | AM27: ชิ้น | AN27: =+AL27*D27 -> 0 | AO27: =IFERROR(VLOOKUP(A27,'12'!U:V,2,0),"0") -> 0 | AP27: ชิ้น | AQ27: =+AO27*D27 -> 0 | AR27: =IFERROR(VLOOKUP(A27,'13'!U:V,2,0),"0") -> 0 | AS27: ชิ้น | AT27: =+AR27*D27 -> 0 | AU27: =IFERROR(VLOOKUP(A27,'14'!U:V,2,0),"0") -> 0 | AV27: ชิ้น | AW27: =+AU27*D27 -> 0 | AX27: =IFERROR(VLOOKUP(A27,'15'!U:V,2,0),"0") -> 0 | AY27: ชิ้น | AZ27: =+AX27*D27 -> 0 | BA27: =IFERROR(VLOOKUP(A27,'16'!U:V,2,0),"0") -> 0 | BB27: ชิ้น | BC27: =+BA27*D27 -> 0 | BD27: =IFERROR(VLOOKUP(A27,'17'!U:V,2,0),"0") -> 0 | BE27: ชิ้น | BF27: =+BD27*D27 -> 0 | BG27: =IFERROR(VLOOKUP(A27,'18'!U:V,2,0),"0") -> 0 | BH27: ชิ้น | BI27: =+BG27*D27 -> 0 | BJ27: =IFERROR(VLOOKUP(A27,'19'!U:V,2,0),"0") -> 0 | BK27: ชิ้น | BL27: =+BJ27*D27 -> 0 | BM27: =IFERROR(VLOOKUP(A27,'20'!U:V,2,0),"0") -> 0 | BN27: ชิ้น | BO27: =+BM27*D27 -> 0 | BP27: =IFERROR(VLOOKUP(A27,'21'!U:V,2,0),"0") -> 0 | BQ27: ชิ้น | BR27: =+BP27*D27 -> 0 | BS27: =IFERROR(VLOOKUP(A27,'22'!U:V,2,0),"0") -> 0 | BT27: ชิ้น | BU27: =+BS27*D27 -> 0 | BV27: =IFERROR(VLOOKUP(A27,'23'!U:V,2,0),"0") -> 0 | BW27: ชิ้น | BX27: =+BV27*D27 -> 0 | BY27: =IFERROR(VLOOKUP(A27,'24'!U:V,2,0),"0") -> 0 | BZ27: ชิ้น | CA27: =+BY27*D27 -> 0 | CB27: =IFERROR(VLOOKUP(A27,'25'!U:V,2,0),"0") -> 0 | CC27: ชิ้น | CD27: =+CB27*D27 -> 0 | CE27: =IFERROR(VLOOKUP(A27,'26'!U:V,2,0),"0") -> 0 | CF27: ชิ้น | CG27: =+CE27*D27 -> 0 | CH27: =IFERROR(VLOOKUP(A27,'27'!U:V,2,0),"0") -> 0 | CI27: ชิ้น | CJ27: =+CH27*D27 -> 0 | CK27: =IFERROR(VLOOKUP(A27,'28'!U:V,2,0),"0") -> 0 | CL27: ชิ้น | CM27: =+CK27*D27 -> 0 | CN27: =IFERROR(VLOOKUP(A27,'29'!U:V,2,0),"0") -> 0 | CO27: ชิ้น | CP27: =+CN27*D27 -> 0 | CQ27: =IFERROR(VLOOKUP(A27,'30'!U:V,2,0),"0") -> 0 | CR27: ชิ้น | CS27: =+CQ27*D27 -> 0 | CT27: =IFERROR(VLOOKUP(A27,'31'!U:V,2,0),"0") -> 0 | CU27: ชิ้น | CV27: =+CT27*D27 -> 0 | CW27: =IFERROR(VLOOKUP(B27,'B-plus'!A:D,4,0),"0") -> 0 | CX27: ชิ้น | CY27: =+CW27*D27 -> 0
A28: 1111057-B | B28: 1111057-B | C28: ชิฟฟอนไม่มีไส้ เเบบเเยกชิ้น ชิฟฟ่อนเค้ก ชิฟฟ่อน เนื้อนุ่ม วรรณวนัช (กาแฟ) | D28: 3.11 | E28: =+H28+K28+N28+Q28+T28+W28+Z28+AC28+AF28+AI28+AL28+AO28+AR28+AU28+AX28+BA28+BD28+BG28+BJ28+BM28+BP28+BS28+BV28+BY28+CB28+CE28+CH28+CK28+CN28+CQ28+CT28 -> 0 | F28: ชิ้น | G28: =+E28*D28 -> 0 | H28: =IFERROR(VLOOKUP(A28,'1'!U:V,2,0),"0") -> 0 | I28: ชิ้น | J28: =+H28*D28 -> 0 | K28: =IFERROR(VLOOKUP(A28,'2'!U:V,2,0),"0") -> 0 | L28: ชิ้น | M28: =+K28*D28 -> 0 | N28: =IFERROR(VLOOKUP(A28,'3'!U:V,2,0),"0") -> 0 | O28: ชิ้น | P28: =+N28*D28 -> 0 | Q28: =IFERROR(VLOOKUP(A28,'4'!U:V,2,0),"0") -> 0 | R28: ชิ้น | S28: =+Q28*D28 -> 0 | T28: =IFERROR(VLOOKUP(A28,'5'!U:V,2,0),"0") -> 0 | U28: ชิ้น | V28: =+T28*D28 -> 0 | W28: =IFERROR(VLOOKUP(A28,'6'!U:V,2,0),"0") -> 0 | X28: ชิ้น | Y28: =+W28*D28 -> 0 | Z28: =IFERROR(VLOOKUP(A28,'7'!U:V,2,0),"0") -> 0 | AA28: ชิ้น | AB28: =+Z28*D28 -> 0 | AC28: =IFERROR(VLOOKUP(A28,'8'!U:V,2,0),"0") -> 0 | AD28: ชิ้น | AE28: =+AC28*D28 -> 0 | AF28: =IFERROR(VLOOKUP(A28,'9'!U:V,2,0),"0") -> 0 | AG28: ชิ้น | AH28: =+AF28*D28 -> 0 | AI28: =IFERROR(VLOOKUP(A28,'10'!U:V,2,0),"0") -> 0 | AJ28: ชิ้น | AK28: =+AI28*D28 -> 0 | AL28: =IFERROR(VLOOKUP(A28,'11'!U:V,2,0),"0") -> 0 | AM28: ชิ้น | AN28: =+AL28*D28 -> 0 | AO28: =IFERROR(VLOOKUP(A28,'12'!U:V,2,0),"0") -> 0 | AP28: ชิ้น | AQ28: =+AO28*D28 -> 0 | AR28: =IFERROR(VLOOKUP(A28,'13'!U:V,2,0),"0") -> 0 | AS28: ชิ้น | AT28: =+AR28*D28 -> 0 | AU28: =IFERROR(VLOOKUP(A28,'14'!U:V,2,0),"0") -> 0 | AV28: ชิ้น | AW28: =+AU28*D28 -> 0 | AX28: =IFERROR(VLOOKUP(A28,'15'!U:V,2,0),"0") -> 0 | AY28: ชิ้น | AZ28: =+AX28*D28 -> 0 | BA28: =IFERROR(VLOOKUP(A28,'16'!U:V,2,0),"0") -> 0 | BB28: ชิ้น | BC28: =+BA28*D28 -> 0 | BD28: =IFERROR(VLOOKUP(A28,'17'!U:V,2,0),"0") -> 0 | BE28: ชิ้น | BF28: =+BD28*D28 -> 0 | BG28: =IFERROR(VLOOKUP(A28,'18'!U:V,2,0),"0") -> 0 | BH28: ชิ้น | BI28: =+BG28*D28 -> 0 | BJ28: =IFERROR(VLOOKUP(A28,'19'!U:V,2,0),"0") -> 0 | BK28: ชิ้น | BL28: =+BJ28*D28 -> 0 | BM28: =IFERROR(VLOOKUP(A28,'20'!U:V,2,0),"0") -> 0 | BN28: ชิ้น | BO28: =+BM28*D28 -> 0 | BP28: =IFERROR(VLOOKUP(A28,'21'!U:V,2,0),"0") -> 0 | BQ28: ชิ้น | BR28: =+BP28*D28 -> 0 | BS28: =IFERROR(VLOOKUP(A28,'22'!U:V,2,0),"0") -> 0 | BT28: ชิ้น | BU28: =+BS28*D28 -> 0 | BV28: =IFERROR(VLOOKUP(A28,'23'!U:V,2,0),"0") -> 0 | BW28: ชิ้น | BX28: =+BV28*D28 -> 0 | BY28: =IFERROR(VLOOKUP(A28,'24'!U:V,2,0),"0") -> 0 | BZ28: ชิ้น | CA28: =+BY28*D28 -> 0 | CB28: =IFERROR(VLOOKUP(A28,'25'!U:V,2,0),"0") -> 0 | CC28: ชิ้น | CD28: =+CB28*D28 -> 0 | CE28: =IFERROR(VLOOKUP(A28,'26'!U:V,2,0),"0") -> 0 | CF28: ชิ้น | CG28: =+CE28*D28 -> 0 | CH28: =IFERROR(VLOOKUP(A28,'27'!U:V,2,0),"0") -> 0 | CI28: ชิ้น | CJ28: =+CH28*D28 -> 0 | CK28: =IFERROR(VLOOKUP(A28,'28'!U:V,2,0),"0") -> 0 | CL28: ชิ้น | CM28: =+CK28*D28 -> 0 | CN28: =IFERROR(VLOOKUP(A28,'29'!U:V,2,0),"0") -> 0 | CO28: ชิ้น | CP28: =+CN28*D28 -> 0 | CQ28: =IFERROR(VLOOKUP(A28,'30'!U:V,2,0),"0") -> 0 | CR28: ชิ้น | CS28: =+CQ28*D28 -> 0 | CT28: =IFERROR(VLOOKUP(A28,'31'!U:V,2,0),"0") -> 0 | CU28: ชิ้น | CV28: =+CT28*D28 -> 0 | CW28: =IFERROR(VLOOKUP(B28,'B-plus'!A:D,4,0),"0") -> 0 | CX28: ชิ้น | CY28: =+CW28*D28 -> 0
A29: 1111058 | B29: 1111058 | C29: ชิฟฟอนไม่มีไส้เเบบเเยกชิ้น เลือกรสชาติได้ (ชาเขียว) | D29: 4.53 | E29: =+H29+K29+N29+Q29+T29+W29+Z29+AC29+AF29+AI29+AL29+AO29+AR29+AU29+AX29+BA29+BD29+BG29+BJ29+BM29+BP29+BS29+BV29+BY29+CB29+CE29+CH29+CK29+CN29+CQ29+CT29 -> 0 | F29: ชิ้น | G29: =+E29*D29 -> 0 | H29: =IFERROR(VLOOKUP(A29,'1'!U:V,2,0),"0") -> 0 | I29: ชิ้น | J29: =+H29*D29 -> 0 | K29: =IFERROR(VLOOKUP(A29,'2'!U:V,2,0),"0") -> 0 | L29: ชิ้น | M29: =+K29*D29 -> 0 | N29: =IFERROR(VLOOKUP(A29,'3'!U:V,2,0),"0") -> 0 | O29: ชิ้น | P29: =+N29*D29 -> 0 | Q29: =IFERROR(VLOOKUP(A29,'4'!U:V,2,0),"0") -> 0 | R29: ชิ้น | S29: =+Q29*D29 -> 0 | T29: =IFERROR(VLOOKUP(A29,'5'!U:V,2,0),"0") -> 0 | U29: ชิ้น | V29: =+T29*D29 -> 0 | W29: =IFERROR(VLOOKUP(A29,'6'!U:V,2,0),"0") -> 0 | X29: ชิ้น | Y29: =+W29*D29 -> 0 | Z29: =IFERROR(VLOOKUP(A29,'7'!U:V,2,0),"0") -> 0 | AA29: ชิ้น | AB29: =+Z29*D29 -> 0 | AC29: =IFERROR(VLOOKUP(A29,'8'!U:V,2,0),"0") -> 0 | AD29: ชิ้น | AE29: =+AC29*D29 -> 0 | AF29: =IFERROR(VLOOKUP(A29,'9'!U:V,2,0),"0") -> 0 | AG29: ชิ้น | AH29: =+AF29*D29 -> 0 | AI29: =IFERROR(VLOOKUP(A29,'10'!U:V,2,0),"0") -> 0 | AJ29: ชิ้น | AK29: =+AI29*D29 -> 0 | AL29: =IFERROR(VLOOKUP(A29,'11'!U:V,2,0),"0") -> 0 | AM29: ชิ้น | AN29: =+AL29*D29 -> 0 | AO29: =IFERROR(VLOOKUP(A29,'12'!U:V,2,0),"0") -> 0 | AP29: ชิ้น | AQ29: =+AO29*D29 -> 0 | AR29: =IFERROR(VLOOKUP(A29,'13'!U:V,2,0),"0") -> 0 | AS29: ชิ้น | AT29: =+AR29*D29 -> 0 | AU29: =IFERROR(VLOOKUP(A29,'14'!U:V,2,0),"0") -> 0 | AV29: ชิ้น | AW29: =+AU29*D29 -> 0 | AX29: =IFERROR(VLOOKUP(A29,'15'!U:V,2,0),"0") -> 0 | AY29: ชิ้น | AZ29: =+AX29*D29 -> 0 | BA29: =IFERROR(VLOOKUP(A29,'16'!U:V,2,0),"0") -> 0 | BB29: ชิ้น | BC29: =+BA29*D29 -> 0 | BD29: =IFERROR(VLOOKUP(A29,'17'!U:V,2,0),"0") -> 0 | BE29: ชิ้น | BF29: =+BD29*D29 -> 0 | BG29: =IFERROR(VLOOKUP(A29,'18'!U:V,2,0),"0") -> 0 | BH29: ชิ้น | BI29: =+BG29*D29 -> 0 | BJ29: =IFERROR(VLOOKUP(A29,'19'!U:V,2,0),"0") -> 0 | BK29: ชิ้น | BL29: =+BJ29*D29 -> 0 | BM29: =IFERROR(VLOOKUP(A29,'20'!U:V,2,0),"0") -> 0 | BN29: ชิ้น | BO29: =+BM29*D29 -> 0 | BP29: =IFERROR(VLOOKUP(A29,'21'!U:V,2,0),"0") -> 0 | BQ29: ชิ้น | BR29: =+BP29*D29 -> 0 | BS29: =IFERROR(VLOOKUP(A29,'22'!U:V,2,0),"0") -> 0 | BT29: ชิ้น | BU29: =+BS29*D29 -> 0 | BV29: =IFERROR(VLOOKUP(A29,'23'!U:V,2,0),"0") -> 0 | BW29: ชิ้น | BX29: =+BV29*D29 -> 0 | BY29: =IFERROR(VLOOKUP(A29,'24'!U:V,2,0),"0") -> 0 | BZ29: ชิ้น | CA29: =+BY29*D29 -> 0 | CB29: =IFERROR(VLOOKUP(A29,'25'!U:V,2,0),"0") -> 0 | CC29: ชิ้น | CD29: =+CB29*D29 -> 0 | CE29: =IFERROR(VLOOKUP(A29,'26'!U:V,2,0),"0") -> 0 | CF29: ชิ้น | CG29: =+CE29*D29 -> 0 | CH29: =IFERROR(VLOOKUP(A29,'27'!U:V,2,0),"0") -> 0 | CI29: ชิ้น | CJ29: =+CH29*D29 -> 0 | CK29: =IFERROR(VLOOKUP(A29,'28'!U:V,2,0),"0") -> 0 | CL29: ชิ้น | CM29: =+CK29*D29 -> 0 | CN29: =IFERROR(VLOOKUP(A29,'29'!U:V,2,0),"0") -> 0 | CO29: ชิ้น | CP29: =+CN29*D29 -> 0 | CQ29: =IFERROR(VLOOKUP(A29,'30'!U:V,2,0),"0") -> 0 | CR29: ชิ้น | CS29: =+CQ29*D29 -> 0 | CT29: =IFERROR(VLOOKUP(A29,'31'!U:V,2,0),"0") -> 0 | CU29: ชิ้น | CV29: =+CT29*D29 -> 0 | CW29: =IFERROR(VLOOKUP(B29,'B-plus'!A:D,4,0),"0") -> 0 | CX29: ชิ้น | CY29: =+CW29*D29 -> 0
A30: 1111058-A | B30: 1111058-A | C30: ชิฟฟอนไม่มีไส้ เเบบเเยกชิ้น ชิฟฟ่อนเค้ก ชิฟฟ่อน เนื้อนุ่ม วรรณวนัช (ชาเขียว) | D30: 4.53 | E30: =+H30+K30+N30+Q30+T30+W30+Z30+AC30+AF30+AI30+AL30+AO30+AR30+AU30+AX30+BA30+BD30+BG30+BJ30+BM30+BP30+BS30+BV30+BY30+CB30+CE30+CH30+CK30+CN30+CQ30+CT30 -> 0 | F30: ชิ้น | G30: =+E30*D30 -> 0 | H30: =IFERROR(VLOOKUP(A30,'1'!U:V,2,0),"0") -> 0 | I30: ชิ้น | J30: =+H30*D30 -> 0 | K30: =IFERROR(VLOOKUP(A30,'2'!U:V,2,0),"0") -> 0 | L30: ชิ้น | M30: =+K30*D30 -> 0 | N30: =IFERROR(VLOOKUP(A30,'3'!U:V,2,0),"0") -> 0 | O30: ชิ้น | P30: =+N30*D30 -> 0 | Q30: =IFERROR(VLOOKUP(A30,'4'!U:V,2,0),"0") -> 0 | R30: ชิ้น | S30: =+Q30*D30 -> 0 | T30: =IFERROR(VLOOKUP(A30,'5'!U:V,2,0),"0") -> 0 | U30: ชิ้น | V30: =+T30*D30 -> 0 | W30: =IFERROR(VLOOKUP(A30,'6'!U:V,2,0),"0") -> 0 | X30: ชิ้น | Y30: =+W30*D30 -> 0 | Z30: =IFERROR(VLOOKUP(A30,'7'!U:V,2,0),"0") -> 0 | AA30: ชิ้น | AB30: =+Z30*D30 -> 0 | AC30: =IFERROR(VLOOKUP(A30,'8'!U:V,2,0),"0") -> 0 | AD30: ชิ้น | AE30: =+AC30*D30 -> 0 | AF30: =IFERROR(VLOOKUP(A30,'9'!U:V,2,0),"0") -> 0 | AG30: ชิ้น | AH30: =+AF30*D30 -> 0 | AI30: =IFERROR(VLOOKUP(A30,'10'!U:V,2,0),"0") -> 0 | AJ30: ชิ้น | AK30: =+AI30*D30 -> 0 | AL30: =IFERROR(VLOOKUP(A30,'11'!U:V,2,0),"0") -> 0 | AM30: ชิ้น | AN30: =+AL30*D30 -> 0 | AO30: =IFERROR(VLOOKUP(A30,'12'!U:V,2,0),"0") -> 0 | AP30: ชิ้น | AQ30: =+AO30*D30 -> 0 | AR30: =IFERROR(VLOOKUP(A30,'13'!U:V,2,0),"0") -> 0 | AS30: ชิ้น | AT30: =+AR30*D30 -> 0 | AU30: =IFERROR(VLOOKUP(A30,'14'!U:V,2,0),"0") -> 0 | AV30: ชิ้น | AW30: =+AU30*D30 -> 0 | AX30: =IFERROR(VLOOKUP(A30,'15'!U:V,2,0),"0") -> 0 | AY30: ชิ้น | AZ30: =+AX30*D30 -> 0 | BA30: =IFERROR(VLOOKUP(A30,'16'!U:V,2,0),"0") -> 0 | BB30: ชิ้น | BC30: =+BA30*D30 -> 0 | BD30: =IFERROR(VLOOKUP(A30,'17'!U:V,2,0),"0") -> 0 | BE30: ชิ้น | BF30: =+BD30*D30 -> 0 | BG30: =IFERROR(VLOOKUP(A30,'18'!U:V,2,0),"0") -> 0 | BH30: ชิ้น | BI30: =+BG30*D30 -> 0 | BJ30: =IFERROR(VLOOKUP(A30,'19'!U:V,2,0),"0") -> 0 | BK30: ชิ้น | BL30: =+BJ30*D30 -> 0 | BM30: =IFERROR(VLOOKUP(A30,'20'!U:V,2,0),"0") -> 0 | BN30: ชิ้น | BO30: =+BM30*D30 -> 0 | BP30: =IFERROR(VLOOKUP(A30,'21'!U:V,2,0),"0") -> 0 | BQ30: ชิ้น | BR30: =+BP30*D30 -> 0 | BS30: =IFERROR(VLOOKUP(A30,'22'!U:V,2,0),"0") -> 0 | BT30: ชิ้น | BU30: =+BS30*D30 -> 0 | BV30: =IFERROR(VLOOKUP(A30,'23'!U:V,2,0),"0") -> 0 | BW30: ชิ้น | BX30: =+BV30*D30 -> 0 | BY30: =IFERROR(VLOOKUP(A30,'24'!U:V,2,0),"0") -> 0 | BZ30: ชิ้น | CA30: =+BY30*D30 -> 0 | CB30: =IFERROR(VLOOKUP(A30,'25'!U:V,2,0),"0") -> 0 | CC30: ชิ้น | CD30: =+CB30*D30 -> 0 | CE30: =IFERROR(VLOOKUP(A30,'26'!U:V,2,0),"0") -> 0 | CF30: ชิ้น | CG30: =+CE30*D30 -> 0 | CH30: =IFERROR(VLOOKUP(A30,'27'!U:V,2,0),"0") -> 0 | CI30: ชิ้น | CJ30: =+CH30*D30 -> 0 | CK30: =IFERROR(VLOOKUP(A30,'28'!U:V,2,0),"0") -> 0 | CL30: ชิ้น | CM30: =+CK30*D30 -> 0 | CN30: =IFERROR(VLOOKUP(A30,'29'!U:V,2,0),"0") -> 0 | CO30: ชิ้น | CP30: =+CN30*D30 -> 0 | CQ30: =IFERROR(VLOOKUP(A30,'30'!U:V,2,0),"0") -> 0 | CR30: ชิ้น | CS30: =+CQ30*D30 -> 0 | CT30: =IFERROR(VLOOKUP(A30,'31'!U:V,2,0),"0") -> 0 | CU30: ชิ้น | CV30: =+CT30*D30 -> 0 | CW30: =IFERROR(VLOOKUP(B30,'B-plus'!A:D,4,0),"0") -> 0 | CX30: ชิ้น | CY30: =+CW30*D30 -> 0
A31: 1111058-B | B31: 1111058-B | C31: ชิฟฟอนไม่มีไส้ เเบบเเยกชิ้น ชิฟฟ่อนเค้ก ชิฟฟ่อน เนื้อนุ่ม วรรณวนัช (ชาเขียว) | D31: 4.53 | E31: =+H31+K31+N31+Q31+T31+W31+Z31+AC31+AF31+AI31+AL31+AO31+AR31+AU31+AX31+BA31+BD31+BG31+BJ31+BM31+BP31+BS31+BV31+BY31+CB31+CE31+CH31+CK31+CN31+CQ31+CT31 -> 0 | F31: ชิ้น | G31: =+E31*D31 -> 0 | H31: =IFERROR(VLOOKUP(A31,'1'!U:V,2,0),"0") -> 0 | I31: ชิ้น | J31: =+H31*D31 -> 0 | K31: =IFERROR(VLOOKUP(A31,'2'!U:V,2,0),"0") -> 0 | L31: ชิ้น | M31: =+K31*D31 -> 0 | N31: =IFERROR(VLOOKUP(A31,'3'!U:V,2,0),"0") -> 0 | O31: ชิ้น | P31: =+N31*D31 -> 0 | Q31: =IFERROR(VLOOKUP(A31,'4'!U:V,2,0),"0") -> 0 | R31: ชิ้น | S31: =+Q31*D31 -> 0 | T31: =IFERROR(VLOOKUP(A31,'5'!U:V,2,0),"0") -> 0 | U31: ชิ้น | V31: =+T31*D31 -> 0 | W31: =IFERROR(VLOOKUP(A31,'6'!U:V,2,0),"0") -> 0 | X31: ชิ้น | Y31: =+W31*D31 -> 0 | Z31: =IFERROR(VLOOKUP(A31,'7'!U:V,2,0),"0") -> 0 | AA31: ชิ้น | AB31: =+Z31*D31 -> 0 | AC31: =IFERROR(VLOOKUP(A31,'8'!U:V,2,0),"0") -> 0 | AD31: ชิ้น | AE31: =+AC31*D31 -> 0 | AF31: =IFERROR(VLOOKUP(A31,'9'!U:V,2,0),"0") -> 0 | AG31: ชิ้น | AH31: =+AF31*D31 -> 0 | AI31: =IFERROR(VLOOKUP(A31,'10'!U:V,2,0),"0") -> 0 | AJ31: ชิ้น | AK31: =+AI31*D31 -> 0 | AL31: =IFERROR(VLOOKUP(A31,'11'!U:V,2,0),"0") -> 0 | AM31: ชิ้น | AN31: =+AL31*D31 -> 0 | AO31: =IFERROR(VLOOKUP(A31,'12'!U:V,2,0),"0") -> 0 | AP31: ชิ้น | AQ31: =+AO31*D31 -> 0 | AR31: =IFERROR(VLOOKUP(A31,'13'!U:V,2,0),"0") -> 0 | AS31: ชิ้น | AT31: =+AR31*D31 -> 0 | AU31: =IFERROR(VLOOKUP(A31,'14'!U:V,2,0),"0") -> 0 | AV31: ชิ้น | AW31: =+AU31*D31 -> 0 | AX31: =IFERROR(VLOOKUP(A31,'15'!U:V,2,0),"0") -> 0 | AY31: ชิ้น | AZ31: =+AX31*D31 -> 0 | BA31: =IFERROR(VLOOKUP(A31,'16'!U:V,2,0),"0") -> 0 | BB31: ชิ้น | BC31: =+BA31*D31 -> 0 | BD31: =IFERROR(VLOOKUP(A31,'17'!U:V,2,0),"0") -> 0 | BE31: ชิ้น | BF31: =+BD31*D31 -> 0 | BG31: =IFERROR(VLOOKUP(A31,'18'!U:V,2,0),"0") -> 0 | BH31: ชิ้น | BI31: =+BG31*D31 -> 0 | BJ31: =IFERROR(VLOOKUP(A31,'19'!U:V,2,0),"0") -> 0 | BK31: ชิ้น | BL31: =+BJ31*D31 -> 0 | BM31: =IFERROR(VLOOKUP(A31,'20'!U:V,2,0),"0") -> 0 | BN31: ชิ้น | BO31: =+BM31*D31 -> 0 | BP31: =IFERROR(VLOOKUP(A31,'21'!U:V,2,0),"0") -> 0 | BQ31: ชิ้น | BR31: =+BP31*D31 -> 0 | BS31: =IFERROR(VLOOKUP(A31,'22'!U:V,2,0),"0") -> 0 | BT31: ชิ้น | BU31: =+BS31*D31 -> 0 | BV31: =IFERROR(VLOOKUP(A31,'23'!U:V,2,0),"0") -> 0 | BW31: ชิ้น | BX31: =+BV31*D31 -> 0 | BY31: =IFERROR(VLOOKUP(A31,'24'!U:V,2,0),"0") -> 0 | BZ31: ชิ้น | CA31: =+BY31*D31 -> 0 | CB31: =IFERROR(VLOOKUP(A31,'25'!U:V,2,0),"0") -> 0 | CC31: ชิ้น | CD31: =+CB31*D31 -> 0 | CE31: =IFERROR(VLOOKUP(A31,'26'!U:V,2,0),"0") -> 0 | CF31: ชิ้น | CG31: =+CE31*D31 -> 0 | CH31: =IFERROR(VLOOKUP(A31,'27'!U:V,2,0),"0") -> 0 | CI31: ชิ้น | CJ31: =+CH31*D31 -> 0 | CK31: =IFERROR(VLOOKUP(A31,'28'!U:V,2,0),"0") -> 0 | CL31: ชิ้น | CM31: =+CK31*D31 -> 0 | CN31: =IFERROR(VLOOKUP(A31,'29'!U:V,2,0),"0") -> 0 | CO31: ชิ้น | CP31: =+CN31*D31 -> 0 | CQ31: =IFERROR(VLOOKUP(A31,'30'!U:V,2,0),"0") -> 0 | CR31: ชิ้น | CS31: =+CQ31*D31 -> 0 | CT31: =IFERROR(VLOOKUP(A31,'31'!U:V,2,0),"0") -> 0 | CU31: ชิ้น | CV31: =+CT31*D31 -> 0 | CW31: =IFERROR(VLOOKUP(B31,'B-plus'!A:D,4,0),"0") -> 0 | CX31: ชิ้น | CY31: =+CW31*D31 -> 0
A32: 1111059 | B32: 1111059 | C32: ชิฟฟอนไม่มีไส้เเบบเเยกชิ้น เลือกรสชาติได้ (ใบเตย) | D32: 2.92 | E32: =+H32+K32+N32+Q32+T32+W32+Z32+AC32+AF32+AI32+AL32+AO32+AR32+AU32+AX32+BA32+BD32+BG32+BJ32+BM32+BP32+BS32+BV32+BY32+CB32+CE32+CH32+CK32+CN32+CQ32+CT32 -> 0 | F32: ชิ้น | G32: =+E32*D32 -> 0 | H32: =IFERROR(VLOOKUP(A32,'1'!U:V,2,0),"0") -> 0 | I32: ชิ้น | J32: =+H32*D32 -> 0 | K32: =IFERROR(VLOOKUP(A32,'2'!U:V,2,0),"0") -> 0 | L32: ชิ้น | M32: =+K32*D32 -> 0 | N32: =IFERROR(VLOOKUP(A32,'3'!U:V,2,0),"0") -> 0 | O32: ชิ้น | P32: =+N32*D32 -> 0 | Q32: =IFERROR(VLOOKUP(A32,'4'!U:V,2,0),"0") -> 0 | R32: ชิ้น | S32: =+Q32*D32 -> 0 | T32: =IFERROR(VLOOKUP(A32,'5'!U:V,2,0),"0") -> 0 | U32: ชิ้น | V32: =+T32*D32 -> 0 | W32: =IFERROR(VLOOKUP(A32,'6'!U:V,2,0),"0") -> 0 | X32: ชิ้น | Y32: =+W32*D32 -> 0 | Z32: =IFERROR(VLOOKUP(A32,'7'!U:V,2,0),"0") -> 0 | AA32: ชิ้น | AB32: =+Z32*D32 -> 0 | AC32: =IFERROR(VLOOKUP(A32,'8'!U:V,2,0),"0") -> 0 | AD32: ชิ้น | AE32: =+AC32*D32 -> 0 | AF32: =IFERROR(VLOOKUP(A32,'9'!U:V,2,0),"0") -> 0 | AG32: ชิ้น | AH32: =+AF32*D32 -> 0 | AI32: =IFERROR(VLOOKUP(A32,'10'!U:V,2,0),"0") -> 0 | AJ32: ชิ้น | AK32: =+AI32*D32 -> 0 | AL32: =IFERROR(VLOOKUP(A32,'11'!U:V,2,0),"0") -> 0 | AM32: ชิ้น | AN32: =+AL32*D32 -> 0 | AO32: =IFERROR(VLOOKUP(A32,'12'!U:V,2,0),"0") -> 0 | AP32: ชิ้น | AQ32: =+AO32*D32 -> 0 | AR32: =IFERROR(VLOOKUP(A32,'13'!U:V,2,0),"0") -> 0 | AS32: ชิ้น | AT32: =+AR32*D32 -> 0 | AU32: =IFERROR(VLOOKUP(A32,'14'!U:V,2,0),"0") -> 0 | AV32: ชิ้น | AW32: =+AU32*D32 -> 0 | AX32: =IFERROR(VLOOKUP(A32,'15'!U:V,2,0),"0") -> 0 | AY32: ชิ้น | AZ32: =+AX32*D32 -> 0 | BA32: =IFERROR(VLOOKUP(A32,'16'!U:V,2,0),"0") -> 0 | BB32: ชิ้น | BC32: =+BA32*D32 -> 0 | BD32: =IFERROR(VLOOKUP(A32,'17'!U:V,2,0),"0") -> 0 | BE32: ชิ้น | BF32: =+BD32*D32 -> 0 | BG32: =IFERROR(VLOOKUP(A32,'18'!U:V,2,0),"0") -> 0 | BH32: ชิ้น | BI32: =+BG32*D32 -> 0 | BJ32: =IFERROR(VLOOKUP(A32,'19'!U:V,2,0),"0") -> 0 | BK32: ชิ้น | BL32: =+BJ32*D32 -> 0 | BM32: =IFERROR(VLOOKUP(A32,'20'!U:V,2,0),"0") -> 0 | BN32: ชิ้น | BO32: =+BM32*D32 -> 0 | BP32: =IFERROR(VLOOKUP(A32,'21'!U:V,2,0),"0") -> 0 | BQ32: ชิ้น | BR32: =+BP32*D32 -> 0 | BS32: =IFERROR(VLOOKUP(A32,'22'!U:V,2,0),"0") -> 0 | BT32: ชิ้น | BU32: =+BS32*D32 -> 0 | BV32: =IFERROR(VLOOKUP(A32,'23'!U:V,2,0),"0") -> 0 | BW32: ชิ้น | BX32: =+BV32*D32 -> 0 | BY32: =IFERROR(VLOOKUP(A32,'24'!U:V,2,0),"0") -> 0 | BZ32: ชิ้น | CA32: =+BY32*D32 -> 0 | CB32: =IFERROR(VLOOKUP(A32,'25'!U:V,2,0),"0") -> 0 | CC32: ชิ้น | CD32: =+CB32*D32 -> 0 | CE32: =IFERROR(VLOOKUP(A32,'26'!U:V,2,0),"0") -> 0 | CF32: ชิ้น | CG32: =+CE32*D32 -> 0 | CH32: =IFERROR(VLOOKUP(A32,'27'!U:V,2,0),"0") -> 0 | CI32: ชิ้น | CJ32: =+CH32*D32 -> 0 | CK32: =IFERROR(VLOOKUP(A32,'28'!U:V,2,0),"0") -> 0 | CL32: ชิ้น | CM32: =+CK32*D32 -> 0 | CN32: =IFERROR(VLOOKUP(A32,'29'!U:V,2,0),"0") -> 0 | CO32: ชิ้น | CP32: =+CN32*D32 -> 0 | CQ32: =IFERROR(VLOOKUP(A32,'30'!U:V,2,0),"0") -> 0 | CR32: ชิ้น | CS32: =+CQ32*D32 -> 0 | CT32: =IFERROR(VLOOKUP(A32,'31'!U:V,2,0),"0") -> 0 | CU32: ชิ้น | CV32: =+CT32*D32 -> 0 | CW32: =IFERROR(VLOOKUP(B32,'B-plus'!A:D,4,0),"0") -> 0 | CX32: ชิ้น | CY32: =+CW32*D32 -> 0
A33: 1111059-A | B33: 1111059-A | C33: ชิฟฟอนไม่มีไส้ เเบบเเยกชิ้น ชิฟฟ่อนเค้ก ชิฟฟ่อน เนื้อนุ่ม วรรณวนัช (ใบเตย) | D33: 2.92 | E33: =+H33+K33+N33+Q33+T33+W33+Z33+AC33+AF33+AI33+AL33+AO33+AR33+AU33+AX33+BA33+BD33+BG33+BJ33+BM33+BP33+BS33+BV33+BY33+CB33+CE33+CH33+CK33+CN33+CQ33+CT33 -> 0 | F33: ชิ้น | G33: =+E33*D33 -> 0 | H33: =IFERROR(VLOOKUP(A33,'1'!U:V,2,0),"0") -> 0 | I33: ชิ้น | J33: =+H33*D33 -> 0 | K33: =IFERROR(VLOOKUP(A33,'2'!U:V,2,0),"0") -> 0 | L33: ชิ้น | M33: =+K33*D33 -> 0 | N33: =IFERROR(VLOOKUP(A33,'3'!U:V,2,0),"0") -> 0 | O33: ชิ้น | P33: =+N33*D33 -> 0 | Q33: =IFERROR(VLOOKUP(A33,'4'!U:V,2,0),"0") -> 0 | R33: ชิ้น | S33: =+Q33*D33 -> 0 | T33: =IFERROR(VLOOKUP(A33,'5'!U:V,2,0),"0") -> 0 | U33: ชิ้น | V33: =+T33*D33 -> 0 | W33: =IFERROR(VLOOKUP(A33,'6'!U:V,2,0),"0") -> 0 | X33: ชิ้น | Y33: =+W33*D33 -> 0 | Z33: =IFERROR(VLOOKUP(A33,'7'!U:V,2,0),"0") -> 0 | AA33: ชิ้น | AB33: =+Z33*D33 -> 0 | AC33: =IFERROR(VLOOKUP(A33,'8'!U:V,2,0),"0") -> 0 | AD33: ชิ้น | AE33: =+AC33*D33 -> 0 | AF33: =IFERROR(VLOOKUP(A33,'9'!U:V,2,0),"0") -> 0 | AG33: ชิ้น | AH33: =+AF33*D33 -> 0 | AI33: =IFERROR(VLOOKUP(A33,'10'!U:V,2,0),"0") -> 0 | AJ33: ชิ้น | AK33: =+AI33*D33 -> 0 | AL33: =IFERROR(VLOOKUP(A33,'11'!U:V,2,0),"0") -> 0 | AM33: ชิ้น | AN33: =+AL33*D33 -> 0 | AO33: =IFERROR(VLOOKUP(A33,'12'!U:V,2,0),"0") -> 0 | AP33: ชิ้น | AQ33: =+AO33*D33 -> 0 | AR33: =IFERROR(VLOOKUP(A33,'13'!U:V,2,0),"0") -> 0 | AS33: ชิ้น | AT33: =+AR33*D33 -> 0 | AU33: =IFERROR(VLOOKUP(A33,'14'!U:V,2,0),"0") -> 0 | AV33: ชิ้น | AW33: =+AU33*D33 -> 0 | AX33: =IFERROR(VLOOKUP(A33,'15'!U:V,2,0),"0") -> 0 | AY33: ชิ้น | AZ33: =+AX33*D33 -> 0 | BA33: =IFERROR(VLOOKUP(A33,'16'!U:V,2,0),"0") -> 0 | BB33: ชิ้น | BC33: =+BA33*D33 -> 0 | BD33: =IFERROR(VLOOKUP(A33,'17'!U:V,2,0),"0") -> 0 | BE33: ชิ้น | BF33: =+BD33*D33 -> 0 | BG33: =IFERROR(VLOOKUP(A33,'18'!U:V,2,0),"0") -> 0 | BH33: ชิ้น | BI33: =+BG33*D33 -> 0 | BJ33: =IFERROR(VLOOKUP(A33,'19'!U:V,2,0),"0") -> 0 | BK33: ชิ้น | BL33: =+BJ33*D33 -> 0 | BM33: =IFERROR(VLOOKUP(A33,'20'!U:V,2,0),"0") -> 0 | BN33: ชิ้น | BO33: =+BM33*D33 -> 0 | BP33: =IFERROR(VLOOKUP(A33,'21'!U:V,2,0),"0") -> 0 | BQ33: ชิ้น | BR33: =+BP33*D33 -> 0 | BS33: =IFERROR(VLOOKUP(A33,'22'!U:V,2,0),"0") -> 0 | BT33: ชิ้น | BU33: =+BS33*D33 -> 0 | BV33: =IFERROR(VLOOKUP(A33,'23'!U:V,2,0),"0") -> 0 | BW33: ชิ้น | BX33: =+BV33*D33 -> 0 | BY33: =IFERROR(VLOOKUP(A33,'24'!U:V,2,0),"0") -> 0 | BZ33: ชิ้น | CA33: =+BY33*D33 -> 0 | CB33: =IFERROR(VLOOKUP(A33,'25'!U:V,2,0),"0") -> 0 | CC33: ชิ้น | CD33: =+CB33*D33 -> 0 | CE33: =IFERROR(VLOOKUP(A33,'26'!U:V,2,0),"0") -> 0 | CF33: ชิ้น | CG33: =+CE33*D33 -> 0 | CH33: =IFERROR(VLOOKUP(A33,'27'!U:V,2,0),"0") -> 0 | CI33: ชิ้น | CJ33: =+CH33*D33 -> 0 | CK33: =IFERROR(VLOOKUP(A33,'28'!U:V,2,0),"0") -> 0 | CL33: ชิ้น | CM33: =+CK33*D33 -> 0 | CN33: =IFERROR(VLOOKUP(A33,'29'!U:V,2,0),"0") -> 0 | CO33: ชิ้น | CP33: =+CN33*D33 -> 0 | CQ33: =IFERROR(VLOOKUP(A33,'30'!U:V,2,0),"0") -> 0 | CR33: ชิ้น | CS33: =+CQ33*D33 -> 0 | CT33: =IFERROR(VLOOKUP(A33,'31'!U:V,2,0),"0") -> 0 | CU33: ชิ้น | CV33: =+CT33*D33 -> 0 | CW33: =IFERROR(VLOOKUP(B33,'B-plus'!A:D,4,0),"0") -> 0 | CX33: ชิ้น | CY33: =+CW33*D33 -> 0
A34: 1111059-B | B34: 1111059-B | C34: ชิฟฟอนไม่มีไส้ เเบบเเยกชิ้น ชิฟฟ่อนเค้ก ชิฟฟ่อน เนื้อนุ่ม วรรณวนัช (ใบเตย) | D34: 2.92 | E34: =+H34+K34+N34+Q34+T34+W34+Z34+AC34+AF34+AI34+AL34+AO34+AR34+AU34+AX34+BA34+BD34+BG34+BJ34+BM34+BP34+BS34+BV34+BY34+CB34+CE34+CH34+CK34+CN34+CQ34+CT34 -> 0 | F34: ชิ้น | G34: =+E34*D34 -> 0 | H34: =IFERROR(VLOOKUP(A34,'1'!U:V,2,0),"0") -> 0 | I34: ชิ้น | J34: =+H34*D34 -> 0 | K34: =IFERROR(VLOOKUP(A34,'2'!U:V,2,0),"0") -> 0 | L34: ชิ้น | M34: =+K34*D34 -> 0 | N34: =IFERROR(VLOOKUP(A34,'3'!U:V,2,0),"0") -> 0 | O34: ชิ้น | P34: =+N34*D34 -> 0 | Q34: =IFERROR(VLOOKUP(A34,'4'!U:V,2,0),"0") -> 0 | R34: ชิ้น | S34: =+Q34*D34 -> 0 | T34: =IFERROR(VLOOKUP(A34,'5'!U:V,2,0),"0") -> 0 | U34: ชิ้น | V34: =+T34*D34 -> 0 | W34: =IFERROR(VLOOKUP(A34,'6'!U:V,2,0),"0") -> 0 | X34: ชิ้น | Y34: =+W34*D34 -> 0 | Z34: =IFERROR(VLOOKUP(A34,'7'!U:V,2,0),"0") -> 0 | AA34: ชิ้น | AB34: =+Z34*D34 -> 0 | AC34: =IFERROR(VLOOKUP(A34,'8'!U:V,2,0),"0") -> 0 | AD34: ชิ้น | AE34: =+AC34*D34 -> 0 | AF34: =IFERROR(VLOOKUP(A34,'9'!U:V,2,0),"0") -> 0 | AG34: ชิ้น | AH34: =+AF34*D34 -> 0 | AI34: =IFERROR(VLOOKUP(A34,'10'!U:V,2,0),"0") -> 0 | AJ34: ชิ้น | AK34: =+AI34*D34 -> 0 | AL34: =IFERROR(VLOOKUP(A34,'11'!U:V,2,0),"0") -> 0 | AM34: ชิ้น | AN34: =+AL34*D34 -> 0 | AO34: =IFERROR(VLOOKUP(A34,'12'!U:V,2,0),"0") -> 0 | AP34: ชิ้น | AQ34: =+AO34*D34 -> 0 | AR34: =IFERROR(VLOOKUP(A34,'13'!U:V,2,0),"0") -> 0 | AS34: ชิ้น | AT34: =+AR34*D34 -> 0 | AU34: =IFERROR(VLOOKUP(A34,'14'!U:V,2,0),"0") -> 0 | AV34: ชิ้น | AW34: =+AU34*D34 -> 0 | AX34: =IFERROR(VLOOKUP(A34,'15'!U:V,2,0),"0") -> 0 | AY34: ชิ้น | AZ34: =+AX34*D34 -> 0 | BA34: =IFERROR(VLOOKUP(A34,'16'!U:V,2,0),"0") -> 0 | BB34: ชิ้น | BC34: =+BA34*D34 -> 0 | BD34: =IFERROR(VLOOKUP(A34,'17'!U:V,2,0),"0") -> 0 | BE34: ชิ้น | BF34: =+BD34*D34 -> 0 | BG34: =IFERROR(VLOOKUP(A34,'18'!U:V,2,0),"0") -> 0 | BH34: ชิ้น | BI34: =+BG34*D34 -> 0 | BJ34: =IFERROR(VLOOKUP(A34,'19'!U:V,2,0),"0") -> 0 | BK34: ชิ้น | BL34: =+BJ34*D34 -> 0 | BM34: =IFERROR(VLOOKUP(A34,'20'!U:V,2,0),"0") -> 0 | BN34: ชิ้น | BO34: =+BM34*D34 -> 0 | BP34: =IFERROR(VLOOKUP(A34,'21'!U:V,2,0),"0") -> 0 | BQ34: ชิ้น | BR34: =+BP34*D34 -> 0 | BS34: =IFERROR(VLOOKUP(A34,'22'!U:V,2,0),"0") -> 0 | BT34: ชิ้น | BU34: =+BS34*D34 -> 0 | BV34: =IFERROR(VLOOKUP(A34,'23'!U:V,2,0),"0") -> 0 | BW34: ชิ้น | BX34: =+BV34*D34 -> 0 | BY34: =IFERROR(VLOOKUP(A34,'24'!U:V,2,0),"0") -> 0 | BZ34: ชิ้น | CA34: =+BY34*D34 -> 0 | CB34: =IFERROR(VLOOKUP(A34,'25'!U:V,2,0),"0") -> 0 | CC34: ชิ้น | CD34: =+CB34*D34 -> 0 | CE34: =IFERROR(VLOOKUP(A34,'26'!U:V,2,0),"0") -> 0 | CF34: ชิ้น | CG34: =+CE34*D34 -> 0 | CH34: =IFERROR(VLOOKUP(A34,'27'!U:V,2,0),"0") -> 0 | CI34: ชิ้น | CJ34: =+CH34*D34 -> 0 | CK34: =IFERROR(VLOOKUP(A34,'28'!U:V,2,0),"0") -> 0 | CL34: ชิ้น | CM34: =+CK34*D34 -> 0 | CN34: =IFERROR(VLOOKUP(A34,'29'!U:V,2,0),"0") -> 0 | CO34: ชิ้น | CP34: =+CN34*D34 -> 0 | CQ34: =IFERROR(VLOOKUP(A34,'30'!U:V,2,0),"0") -> 0 | CR34: ชิ้น | CS34: =+CQ34*D34 -> 0 | CT34: =IFERROR(VLOOKUP(A34,'31'!U:V,2,0),"0") -> 0 | CU34: ชิ้น | CV34: =+CT34*D34 -> 0 | CW34: =IFERROR(VLOOKUP(B34,'B-plus'!A:D,4,0),"0") -> 0 | CX34: ชิ้น | CY34: =+CW34*D34 -> 0
A35: 1111060 | B35: 1111060 | C35: ชิฟฟอนไม่มีไส้เเบบเเยกชิ้น เลือกรสชาติได้ (กล้วยหอม) | D35: 2.73 | E35: =+H35+K35+N35+Q35+T35+W35+Z35+AC35+AF35+AI35+AL35+AO35+AR35+AU35+AX35+BA35+BD35+BG35+BJ35+BM35+BP35+BS35+BV35+BY35+CB35+CE35+CH35+CK35+CN35+CQ35+CT35 -> 0 | F35: ชิ้น | G35: =+E35*D35 -> 0 | H35: =IFERROR(VLOOKUP(A35,'1'!U:V,2,0),"0") -> 0 | I35: ชิ้น | J35: =+H35*D35 -> 0 | K35: =IFERROR(VLOOKUP(A35,'2'!U:V,2,0),"0") -> 0 | L35: ชิ้น | M35: =+K35*D35 -> 0 | N35: =IFERROR(VLOOKUP(A35,'3'!U:V,2,0),"0") -> 0 | O35: ชิ้น | P35: =+N35*D35 -> 0 | Q35: =IFERROR(VLOOKUP(A35,'4'!U:V,2,0),"0") -> 0 | R35: ชิ้น | S35: =+Q35*D35 -> 0 | T35: =IFERROR(VLOOKUP(A35,'5'!U:V,2,0),"0") -> 0 | U35: ชิ้น | V35: =+T35*D35 -> 0 | W35: =IFERROR(VLOOKUP(A35,'6'!U:V,2,0),"0") -> 0 | X35: ชิ้น | Y35: =+W35*D35 -> 0 | Z35: =IFERROR(VLOOKUP(A35,'7'!U:V,2,0),"0") -> 0 | AA35: ชิ้น | AB35: =+Z35*D35 -> 0 | AC35: =IFERROR(VLOOKUP(A35,'8'!U:V,2,0),"0") -> 0 | AD35: ชิ้น | AE35: =+AC35*D35 -> 0 | AF35: =IFERROR(VLOOKUP(A35,'9'!U:V,2,0),"0") -> 0 | AG35: ชิ้น | AH35: =+AF35*D35 -> 0 | AI35: =IFERROR(VLOOKUP(A35,'10'!U:V,2,0),"0") -> 0 | AJ35: ชิ้น | AK35: =+AI35*D35 -> 0 | AL35: =IFERROR(VLOOKUP(A35,'11'!U:V,2,0),"0") -> 0 | AM35: ชิ้น | AN35: =+AL35*D35 -> 0 | AO35: =IFERROR(VLOOKUP(A35,'12'!U:V,2,0),"0") -> 0 | AP35: ชิ้น | AQ35: =+AO35*D35 -> 0 | AR35: =IFERROR(VLOOKUP(A35,'13'!U:V,2,0),"0") -> 0 | AS35: ชิ้น | AT35: =+AR35*D35 -> 0 | AU35: =IFERROR(VLOOKUP(A35,'14'!U:V,2,0),"0") -> 0 | AV35: ชิ้น | AW35: =+AU35*D35 -> 0 | AX35: =IFERROR(VLOOKUP(A35,'15'!U:V,2,0),"0") -> 0 | AY35: ชิ้น | AZ35: =+AX35*D35 -> 0 | BA35: =IFERROR(VLOOKUP(A35,'16'!U:V,2,0),"0") -> 0 | BB35: ชิ้น | BC35: =+BA35*D35 -> 0 | BD35: =IFERROR(VLOOKUP(A35,'17'!U:V,2,0),"0") -> 0 | BE35: ชิ้น | BF35: =+BD35*D35 -> 0 | BG35: =IFERROR(VLOOKUP(A35,'18'!U:V,2,0),"0") -> 0 | BH35: ชิ้น | BI35: =+BG35*D35 -> 0 | BJ35: =IFERROR(VLOOKUP(A35,'19'!U:V,2,0),"0") -> 0 | BK35: ชิ้น | BL35: =+BJ35*D35 -> 0 | BM35: =IFERROR(VLOOKUP(A35,'20'!U:V,2,0),"0") -> 0 | BN35: ชิ้น | BO35: =+BM35*D35 -> 0 | BP35: =IFERROR(VLOOKUP(A35,'21'!U:V,2,0),"0") -> 0 | BQ35: ชิ้น | BR35: =+BP35*D35 -> 0 | BS35: =IFERROR(VLOOKUP(A35,'22'!U:V,2,0),"0") -> 0 | BT35: ชิ้น | BU35: =+BS35*D35 -> 0 | BV35: =IFERROR(VLOOKUP(A35,'23'!U:V,2,0),"0") -> 0 | BW35: ชิ้น | BX35: =+BV35*D35 -> 0 | BY35: =IFERROR(VLOOKUP(A35,'24'!U:V,2,0),"0") -> 0 | BZ35: ชิ้น | CA35: =+BY35*D35 -> 0 | CB35: =IFERROR(VLOOKUP(A35,'25'!U:V,2,0),"0") -> 0 | CC35: ชิ้น | CD35: =+CB35*D35 -> 0 | CE35: =IFERROR(VLOOKUP(A35,'26'!U:V,2,0),"0") -> 0 | CF35: ชิ้น | CG35: =+CE35*D35 -> 0 | CH35: =IFERROR(VLOOKUP(A35,'27'!U:V,2,0),"0") -> 0 | CI35: ชิ้น | CJ35: =+CH35*D35 -> 0 | CK35: =IFERROR(VLOOKUP(A35,'28'!U:V,2,0),"0") -> 0 | CL35: ชิ้น | CM35: =+CK35*D35 -> 0 | CN35: =IFERROR(VLOOKUP(A35,'29'!U:V,2,0),"0") -> 0 | CO35: ชิ้น | CP35: =+CN35*D35 -> 0 | CQ35: =IFERROR(VLOOKUP(A35,'30'!U:V,2,0),"0") -> 0 | CR35: ชิ้น | CS35: =+CQ35*D35 -> 0 | CT35: =IFERROR(VLOOKUP(A35,'31'!U:V,2,0),"0") -> 0 | CU35: ชิ้น | CV35: =+CT35*D35 -> 0 | CW35: =IFERROR(VLOOKUP(B35,'B-plus'!A:D,4,0),"0") -> 0 | CX35: ชิ้น | CY35: =+CW35*D35 -> 0
A36: 1111061 | B36: 1111061 | C36: ชิฟฟอนไม่มีไส้เเบบเเยกชิ้น เลือกรสชาติได้ (ชาไทย) | D36: 4.1 | E36: =+H36+K36+N36+Q36+T36+W36+Z36+AC36+AF36+AI36+AL36+AO36+AR36+AU36+AX36+BA36+BD36+BG36+BJ36+BM36+BP36+BS36+BV36+BY36+CB36+CE36+CH36+CK36+CN36+CQ36+CT36 -> 0 | F36: ชิ้น | G36: =+E36*D36 -> 0 | H36: =IFERROR(VLOOKUP(A36,'1'!U:V,2,0),"0") -> 0 | I36: ชิ้น | J36: =+H36*D36 -> 0 | K36: =IFERROR(VLOOKUP(A36,'2'!U:V,2,0),"0") -> 0 | L36: ชิ้น | M36: =+K36*D36 -> 0 | N36: =IFERROR(VLOOKUP(A36,'3'!U:V,2,0),"0") -> 0 | O36: ชิ้น | P36: =+N36*D36 -> 0 | Q36: =IFERROR(VLOOKUP(A36,'4'!U:V,2,0),"0") -> 0 | R36: ชิ้น | S36: =+Q36*D36 -> 0 | T36: =IFERROR(VLOOKUP(A36,'5'!U:V,2,0),"0") -> 0 | U36: ชิ้น | V36: =+T36*D36 -> 0 | W36: =IFERROR(VLOOKUP(A36,'6'!U:V,2,0),"0") -> 0 | X36: ชิ้น | Y36: =+W36*D36 -> 0 | Z36: =IFERROR(VLOOKUP(A36,'7'!U:V,2,0),"0") -> 0 | AA36: ชิ้น | AB36: =+Z36*D36 -> 0 | AC36: =IFERROR(VLOOKUP(A36,'8'!U:V,2,0),"0") -> 0 | AD36: ชิ้น | AE36: =+AC36*D36 -> 0 | AF36: =IFERROR(VLOOKUP(A36,'9'!U:V,2,0),"0") -> 0 | AG36: ชิ้น | AH36: =+AF36*D36 -> 0 | AI36: =IFERROR(VLOOKUP(A36,'10'!U:V,2,0),"0") -> 0 | AJ36: ชิ้น | AK36: =+AI36*D36 -> 0 | AL36: =IFERROR(VLOOKUP(A36,'11'!U:V,2,0),"0") -> 0 | AM36: ชิ้น | AN36: =+AL36*D36 -> 0 | AO36: =IFERROR(VLOOKUP(A36,'12'!U:V,2,0),"0") -> 0 | AP36: ชิ้น | AQ36: =+AO36*D36 -> 0 | AR36: =IFERROR(VLOOKUP(A36,'13'!U:V,2,0),"0") -> 0 | AS36: ชิ้น | AT36: =+AR36*D36 -> 0 | AU36: =IFERROR(VLOOKUP(A36,'14'!U:V,2,0),"0") -> 0 | AV36: ชิ้น | AW36: =+AU36*D36 -> 0 | AX36: =IFERROR(VLOOKUP(A36,'15'!U:V,2,0),"0") -> 0 | AY36: ชิ้น | AZ36: =+AX36*D36 -> 0 | BA36: =IFERROR(VLOOKUP(A36,'16'!U:V,2,0),"0") -> 0 | BB36: ชิ้น | BC36: =+BA36*D36 -> 0 | BD36: =IFERROR(VLOOKUP(A36,'17'!U:V,2,0),"0") -> 0 | BE36: ชิ้น | BF36: =+BD36*D36 -> 0 | BG36: =IFERROR(VLOOKUP(A36,'18'!U:V,2,0),"0") -> 0 | BH36: ชิ้น | BI36: =+BG36*D36 -> 0 | BJ36: =IFERROR(VLOOKUP(A36,'19'!U:V,2,0),"0") -> 0 | BK36: ชิ้น | BL36: =+BJ36*D36 -> 0 | BM36: =IFERROR(VLOOKUP(A36,'20'!U:V,2,0),"0") -> 0 | BN36: ชิ้น | BO36: =+BM36*D36 -> 0 | BP36: =IFERROR(VLOOKUP(A36,'21'!U:V,2,0),"0") -> 0 | BQ36: ชิ้น | BR36: =+BP36*D36 -> 0 | BS36: =IFERROR(VLOOKUP(A36,'22'!U:V,2,0),"0") -> 0 | BT36: ชิ้น | BU36: =+BS36*D36 -> 0 | BV36: =IFERROR(VLOOKUP(A36,'23'!U:V,2,0),"0") -> 0 | BW36: ชิ้น | BX36: =+BV36*D36 -> 0 | BY36: =IFERROR(VLOOKUP(A36,'24'!U:V,2,0),"0") -> 0 | BZ36: ชิ้น | CA36: =+BY36*D36 -> 0 | CB36: =IFERROR(VLOOKUP(A36,'25'!U:V,2,0),"0") -> 0 | CC36: ชิ้น | CD36: =+CB36*D36 -> 0 | CE36: =IFERROR(VLOOKUP(A36,'26'!U:V,2,0),"0") -> 0 | CF36: ชิ้น | CG36: =+CE36*D36 -> 0 | CH36: =IFERROR(VLOOKUP(A36,'27'!U:V,2,0),"0") -> 0 | CI36: ชิ้น | CJ36: =+CH36*D36 -> 0 | CK36: =IFERROR(VLOOKUP(A36,'28'!U:V,2,0),"0") -> 0 | CL36: ชิ้น | CM36: =+CK36*D36 -> 0 | CN36: =IFERROR(VLOOKUP(A36,'29'!U:V,2,0),"0") -> 0 | CO36: ชิ้น | CP36: =+CN36*D36 -> 0 | CQ36: =IFERROR(VLOOKUP(A36,'30'!U:V,2,0),"0") -> 0 | CR36: ชิ้น | CS36: =+CQ36*D36 -> 0 | CT36: =IFERROR(VLOOKUP(A36,'31'!U:V,2,0),"0") -> 0 | CU36: ชิ้น | CV36: =+CT36*D36 -> 0 | CW36: =IFERROR(VLOOKUP(B36,'B-plus'!A:D,4,0),"0") -> 0 | CX36: ชิ้น | CY36: =+CW36*D36 -> 0
A37: 1111061-A | B37: 1111061-A | C37: ชิฟฟอนไม่มีไส้ เเบบเเยกชิ้น ชิฟฟ่อนเค้ก ชิฟฟ่อน เนื้อนุ่ม วรรณวนัช (ชาไทย) | D37: 4.1 | E37: =+H37+K37+N37+Q37+T37+W37+Z37+AC37+AF37+AI37+AL37+AO37+AR37+AU37+AX37+BA37+BD37+BG37+BJ37+BM37+BP37+BS37+BV37+BY37+CB37+CE37+CH37+CK37+CN37+CQ37+CT37 -> 0 | F37: ชิ้น | G37: =+E37*D37 -> 0 | H37: =IFERROR(VLOOKUP(A37,'1'!U:V,2,0),"0") -> 0 | I37: ชิ้น | J37: =+H37*D37 -> 0 | K37: =IFERROR(VLOOKUP(A37,'2'!U:V,2,0),"0") -> 0 | L37: ชิ้น | M37: =+K37*D37 -> 0 | N37: =IFERROR(VLOOKUP(A37,'3'!U:V,2,0),"0") -> 0 | O37: ชิ้น | P37: =+N37*D37 -> 0 | Q37: =IFERROR(VLOOKUP(A37,'4'!U:V,2,0),"0") -> 0 | R37: ชิ้น | S37: =+Q37*D37 -> 0 | T37: =IFERROR(VLOOKUP(A37,'5'!U:V,2,0),"0") -> 0 | U37: ชิ้น | V37: =+T37*D37 -> 0 | W37: =IFERROR(VLOOKUP(A37,'6'!U:V,2,0),"0") -> 0 | X37: ชิ้น | Y37: =+W37*D37 -> 0 | Z37: =IFERROR(VLOOKUP(A37,'7'!U:V,2,0),"0") -> 0 | AA37: ชิ้น | AB37: =+Z37*D37 -> 0 | AC37: =IFERROR(VLOOKUP(A37,'8'!U:V,2,0),"0") -> 0 | AD37: ชิ้น | AE37: =+AC37*D37 -> 0 | AF37: =IFERROR(VLOOKUP(A37,'9'!U:V,2,0),"0") -> 0 | AG37: ชิ้น | AH37: =+AF37*D37 -> 0 | AI37: =IFERROR(VLOOKUP(A37,'10'!U:V,2,0),"0") -> 0 | AJ37: ชิ้น | AK37: =+AI37*D37 -> 0 | AL37: =IFERROR(VLOOKUP(A37,'11'!U:V,2,0),"0") -> 0 | AM37: ชิ้น | AN37: =+AL37*D37 -> 0 | AO37: =IFERROR(VLOOKUP(A37,'12'!U:V,2,0),"0") -> 0 | AP37: ชิ้น | AQ37: =+AO37*D37 -> 0 | AR37: =IFERROR(VLOOKUP(A37,'13'!U:V,2,0),"0") -> 0 | AS37: ชิ้น | AT37: =+AR37*D37 -> 0 | AU37: =IFERROR(VLOOKUP(A37,'14'!U:V,2,0),"0") -> 0 | AV37: ชิ้น | AW37: =+AU37*D37 -> 0 | AX37: =IFERROR(VLOOKUP(A37,'15'!U:V,2,0),"0") -> 0 | AY37: ชิ้น | AZ37: =+AX37*D37 -> 0 | BA37: =IFERROR(VLOOKUP(A37,'16'!U:V,2,0),"0") -> 0 | BB37: ชิ้น | BC37: =+BA37*D37 -> 0 | BD37: =IFERROR(VLOOKUP(A37,'17'!U:V,2,0),"0") -> 0 | BE37: ชิ้น | BF37: =+BD37*D37 -> 0 | BG37: =IFERROR(VLOOKUP(A37,'18'!U:V,2,0),"0") -> 0 | BH37: ชิ้น | BI37: =+BG37*D37 -> 0 | BJ37: =IFERROR(VLOOKUP(A37,'19'!U:V,2,0),"0") -> 0 | BK37: ชิ้น | BL37: =+BJ37*D37 -> 0 | BM37: =IFERROR(VLOOKUP(A37,'20'!U:V,2,0),"0") -> 0 | BN37: ชิ้น | BO37: =+BM37*D37 -> 0 | BP37: =IFERROR(VLOOKUP(A37,'21'!U:V,2,0),"0") -> 0 | BQ37: ชิ้น | BR37: =+BP37*D37 -> 0 | BS37: =IFERROR(VLOOKUP(A37,'22'!U:V,2,0),"0") -> 0 | BT37: ชิ้น | BU37: =+BS37*D37 -> 0 | BV37: =IFERROR(VLOOKUP(A37,'23'!U:V,2,0),"0") -> 0 | BW37: ชิ้น | BX37: =+BV37*D37 -> 0 | BY37: =IFERROR(VLOOKUP(A37,'24'!U:V,2,0),"0") -> 0 | BZ37: ชิ้น | CA37: =+BY37*D37 -> 0 | CB37: =IFERROR(VLOOKUP(A37,'25'!U:V,2,0),"0") -> 0 | CC37: ชิ้น | CD37: =+CB37*D37 -> 0 | CE37: =IFERROR(VLOOKUP(A37,'26'!U:V,2,0),"0") -> 0 | CF37: ชิ้น | CG37: =+CE37*D37 -> 0 | CH37: =IFERROR(VLOOKUP(A37,'27'!U:V,2,0),"0") -> 0 | CI37: ชิ้น | CJ37: =+CH37*D37 -> 0 | CK37: =IFERROR(VLOOKUP(A37,'28'!U:V,2,0),"0") -> 0 | CL37: ชิ้น | CM37: =+CK37*D37 -> 0 | CN37: =IFERROR(VLOOKUP(A37,'29'!U:V,2,0),"0") -> 0 | CO37: ชิ้น | CP37: =+CN37*D37 -> 0 | CQ37: =IFERROR(VLOOKUP(A37,'30'!U:V,2,0),"0") -> 0 | CR37: ชิ้น | CS37: =+CQ37*D37 -> 0 | CT37: =IFERROR(VLOOKUP(A37,'31'!U:V,2,0),"0") -> 0 | CU37: ชิ้น | CV37: =+CT37*D37 -> 0 | CW37: =IFERROR(VLOOKUP(B37,'B-plus'!A:D,4,0),"0") -> 0 | CX37: ชิ้น | CY37: =+CW37*D37 -> 0
A38: 1111061-B | B38: 1111061-B | C38: ชิฟฟอนไม่มีไส้ เเบบเเยกชิ้น ชิฟฟ่อนเค้ก ชิฟฟ่อน เนื้อนุ่ม วรรณวนัช (ชาไทย) | D38: 4.1 | E38: =+H38+K38+N38+Q38+T38+W38+Z38+AC38+AF38+AI38+AL38+AO38+AR38+AU38+AX38+BA38+BD38+BG38+BJ38+BM38+BP38+BS38+BV38+BY38+CB38+CE38+CH38+CK38+CN38+CQ38+CT38 -> 0 | F38: ชิ้น | G38: =+E38*D38 -> 0 | H38: =IFERROR(VLOOKUP(A38,'1'!U:V,2,0),"0") -> 0 | I38: ชิ้น | J38: =+H38*D38 -> 0 | K38: =IFERROR(VLOOKUP(A38,'2'!U:V,2,0),"0") -> 0 | L38: ชิ้น | M38: =+K38*D38 -> 0 | N38: =IFERROR(VLOOKUP(A38,'3'!U:V,2,0),"0") -> 0 | O38: ชิ้น | P38: =+N38*D38 -> 0 | Q38: =IFERROR(VLOOKUP(A38,'4'!U:V,2,0),"0") -> 0 | R38: ชิ้น | S38: =+Q38*D38 -> 0 | T38: =IFERROR(VLOOKUP(A38,'5'!U:V,2,0),"0") -> 0 | U38: ชิ้น | V38: =+T38*D38 -> 0 | W38: =IFERROR(VLOOKUP(A38,'6'!U:V,2,0),"0") -> 0 | X38: ชิ้น | Y38: =+W38*D38 -> 0 | Z38: =IFERROR(VLOOKUP(A38,'7'!U:V,2,0),"0") -> 0 | AA38: ชิ้น | AB38: =+Z38*D38 -> 0 | AC38: =IFERROR(VLOOKUP(A38,'8'!U:V,2,0),"0") -> 0 | AD38: ชิ้น | AE38: =+AC38*D38 -> 0 | AF38: =IFERROR(VLOOKUP(A38,'9'!U:V,2,0),"0") -> 0 | AG38: ชิ้น | AH38: =+AF38*D38 -> 0 | AI38: =IFERROR(VLOOKUP(A38,'10'!U:V,2,0),"0") -> 0 | AJ38: ชิ้น | AK38: =+AI38*D38 -> 0 | AL38: =IFERROR(VLOOKUP(A38,'11'!U:V,2,0),"0") -> 0 | AM38: ชิ้น | AN38: =+AL38*D38 -> 0 | AO38: =IFERROR(VLOOKUP(A38,'12'!U:V,2,0),"0") -> 0 | AP38: ชิ้น | AQ38: =+AO38*D38 -> 0 | AR38: =IFERROR(VLOOKUP(A38,'13'!U:V,2,0),"0") -> 0 | AS38: ชิ้น | AT38: =+AR38*D38 -> 0 | AU38: =IFERROR(VLOOKUP(A38,'14'!U:V,2,0),"0") -> 0 | AV38: ชิ้น | AW38: =+AU38*D38 -> 0 | AX38: =IFERROR(VLOOKUP(A38,'15'!U:V,2,0),"0") -> 0 | AY38: ชิ้น | AZ38: =+AX38*D38 -> 0 | BA38: =IFERROR(VLOOKUP(A38,'16'!U:V,2,0),"0") -> 0 | BB38: ชิ้น | BC38: =+BA38*D38 -> 0 | BD38: =IFERROR(VLOOKUP(A38,'17'!U:V,2,0),"0") -> 0 | BE38: ชิ้น | BF38: =+BD38*D38 -> 0 | BG38: =IFERROR(VLOOKUP(A38,'18'!U:V,2,0),"0") -> 0 | BH38: ชิ้น | BI38: =+BG38*D38 -> 0 | BJ38: =IFERROR(VLOOKUP(A38,'19'!U:V,2,0),"0") -> 0 | BK38: ชิ้น | BL38: =+BJ38*D38 -> 0 | BM38: =IFERROR(VLOOKUP(A38,'20'!U:V,2,0),"0") -> 0 | BN38: ชิ้น | BO38: =+BM38*D38 -> 0 | BP38: =IFERROR(VLOOKUP(A38,'21'!U:V,2,0),"0") -> 0 | BQ38: ชิ้น | BR38: =+BP38*D38 -> 0 | BS38: =IFERROR(VLOOKUP(A38,'22'!U:V,2,0),"0") -> 0 | BT38: ชิ้น | BU38: =+BS38*D38 -> 0 | BV38: =IFERROR(VLOOKUP(A38,'23'!U:V,2,0),"0") -> 0 | BW38: ชิ้น | BX38: =+BV38*D38 -> 0 | BY38: =IFERROR(VLOOKUP(A38,'24'!U:V,2,0),"0") -> 0 | BZ38: ชิ้น | CA38: =+BY38*D38 -> 0 | CB38: =IFERROR(VLOOKUP(A38,'25'!U:V,2,0),"0") -> 0 | CC38: ชิ้น | CD38: =+CB38*D38 -> 0 | CE38: =IFERROR(VLOOKUP(A38,'26'!U:V,2,0),"0") -> 0 | CF38: ชิ้น | CG38: =+CE38*D38 -> 0 | CH38: =IFERROR(VLOOKUP(A38,'27'!U:V,2,0),"0") -> 0 | CI38: ชิ้น | CJ38: =+CH38*D38 -> 0 | CK38: =IFERROR(VLOOKUP(A38,'28'!U:V,2,0),"0") -> 0 | CL38: ชิ้น | CM38: =+CK38*D38 -> 0 | CN38: =IFERROR(VLOOKUP(A38,'29'!U:V,2,0),"0") -> 0 | CO38: ชิ้น | CP38: =+CN38*D38 -> 0 | CQ38: =IFERROR(VLOOKUP(A38,'30'!U:V,2,0),"0") -> 0 | CR38: ชิ้น | CS38: =+CQ38*D38 -> 0 | CT38: =IFERROR(VLOOKUP(A38,'31'!U:V,2,0),"0") -> 0 | CU38: ชิ้น | CV38: =+CT38*D38 -> 0 | CW38: =IFERROR(VLOOKUP(B38,'B-plus'!A:D,4,0),"0") -> 0 | CX38: ชิ้น | CY38: =+CW38*D38 -> 0
A39: 1111062 | B39: 1111062 | C39: ชิฟฟอนไม่มีไส้เเบบเเยกชิ้น เลือกรสชาติได้ (โกโก้) | D39: 2.99 | E39: =+H39+K39+N39+Q39+T39+W39+Z39+AC39+AF39+AI39+AL39+AO39+AR39+AU39+AX39+BA39+BD39+BG39+BJ39+BM39+BP39+BS39+BV39+BY39+CB39+CE39+CH39+CK39+CN39+CQ39+CT39 -> 0 | F39: ชิ้น | G39: =+E39*D39 -> 0 | H39: =IFERROR(VLOOKUP(A39,'1'!U:V,2,0),"0") -> 0 | I39: ชิ้น | J39: =+H39*D39 -> 0 | K39: =IFERROR(VLOOKUP(A39,'2'!U:V,2,0),"0") -> 0 | L39: ชิ้น | M39: =+K39*D39 -> 0 | N39: =IFERROR(VLOOKUP(A39,'3'!U:V,2,0),"0") -> 0 | O39: ชิ้น | P39: =+N39*D39 -> 0 | Q39: =IFERROR(VLOOKUP(A39,'4'!U:V,2,0),"0") -> 0 | R39: ชิ้น | S39: =+Q39*D39 -> 0 | T39: =IFERROR(VLOOKUP(A39,'5'!U:V,2,0),"0") -> 0 | U39: ชิ้น | V39: =+T39*D39 -> 0 | W39: =IFERROR(VLOOKUP(A39,'6'!U:V,2,0),"0") -> 0 | X39: ชิ้น | Y39: =+W39*D39 -> 0 | Z39: =IFERROR(VLOOKUP(A39,'7'!U:V,2,0),"0") -> 0 | AA39: ชิ้น | AB39: =+Z39*D39 -> 0 | AC39: =IFERROR(VLOOKUP(A39,'8'!U:V,2,0),"0") -> 0 | AD39: ชิ้น | AE39: =+AC39*D39 -> 0 | AF39: =IFERROR(VLOOKUP(A39,'9'!U:V,2,0),"0") -> 0 | AG39: ชิ้น | AH39: =+AF39*D39 -> 0 | AI39: =IFERROR(VLOOKUP(A39,'10'!U:V,2,0),"0") -> 0 | AJ39: ชิ้น | AK39: =+AI39*D39 -> 0 | AL39: =IFERROR(VLOOKUP(A39,'11'!U:V,2,0),"0") -> 0 | AM39: ชิ้น | AN39: =+AL39*D39 -> 0 | AO39: =IFERROR(VLOOKUP(A39,'12'!U:V,2,0),"0") -> 0 | AP39: ชิ้น | AQ39: =+AO39*D39 -> 0 | AR39: =IFERROR(VLOOKUP(A39,'13'!U:V,2,0),"0") -> 0 | AS39: ชิ้น | AT39: =+AR39*D39 -> 0 | AU39: =IFERROR(VLOOKUP(A39,'14'!U:V,2,0),"0") -> 0 | AV39: ชิ้น | AW39: =+AU39*D39 -> 0 | AX39: =IFERROR(VLOOKUP(A39,'15'!U:V,2,0),"0") -> 0 | AY39: ชิ้น | AZ39: =+AX39*D39 -> 0 | BA39: =IFERROR(VLOOKUP(A39,'16'!U:V,2,0),"0") -> 0 | BB39: ชิ้น | BC39: =+BA39*D39 -> 0 | BD39: =IFERROR(VLOOKUP(A39,'17'!U:V,2,0),"0") -> 0 | BE39: ชิ้น | BF39: =+BD39*D39 -> 0 | BG39: =IFERROR(VLOOKUP(A39,'18'!U:V,2,0),"0") -> 0 | BH39: ชิ้น | BI39: =+BG39*D39 -> 0 | BJ39: =IFERROR(VLOOKUP(A39,'19'!U:V,2,0),"0") -> 0 | BK39: ชิ้น | BL39: =+BJ39*D39 -> 0 | BM39: =IFERROR(VLOOKUP(A39,'20'!U:V,2,0),"0") -> 0 | BN39: ชิ้น | BO39: =+BM39*D39 -> 0 | BP39: =IFERROR(VLOOKUP(A39,'21'!U:V,2,0),"0") -> 0 | BQ39: ชิ้น | BR39: =+BP39*D39 -> 0 | BS39: =IFERROR(VLOOKUP(A39,'22'!U:V,2,0),"0") -> 0 | BT39: ชิ้น | BU39: =+BS39*D39 -> 0 | BV39: =IFERROR(VLOOKUP(A39,'23'!U:V,2,0),"0") -> 0 | BW39: ชิ้น | BX39: =+BV39*D39 -> 0 | BY39: =IFERROR(VLOOKUP(A39,'24'!U:V,2,0),"0") -> 0 | BZ39: ชิ้น | CA39: =+BY39*D39 -> 0 | CB39: =IFERROR(VLOOKUP(A39,'25'!U:V,2,0),"0") -> 0 | CC39: ชิ้น | CD39: =+CB39*D39 -> 0 | CE39: =IFERROR(VLOOKUP(A39,'26'!U:V,2,0),"0") -> 0 | CF39: ชิ้น | CG39: =+CE39*D39 -> 0 | CH39: =IFERROR(VLOOKUP(A39,'27'!U:V,2,0),"0") -> 0 | CI39: ชิ้น | CJ39: =+CH39*D39 -> 0 | CK39: =IFERROR(VLOOKUP(A39,'28'!U:V,2,0),"0") -> 0 | CL39: ชิ้น | CM39: =+CK39*D39 -> 0 | CN39: =IFERROR(VLOOKUP(A39,'29'!U:V,2,0),"0") -> 0 | CO39: ชิ้น | CP39: =+CN39*D39 -> 0 | CQ39: =IFERROR(VLOOKUP(A39,'30'!U:V,2,0),"0") -> 0 | CR39: ชิ้น | CS39: =+CQ39*D39 -> 0 | CT39: =IFERROR(VLOOKUP(A39,'31'!U:V,2,0),"0") -> 0 | CU39: ชิ้น | CV39: =+CT39*D39 -> 0 | CW39: =IFERROR(VLOOKUP(B39,'B-plus'!A:D,4,0),"0") -> 0 | CX39: ชิ้น | CY39: =+CW39*D39 -> 0
A40: 1111062-A | B40: 1111062-A | C40: ชิฟฟอนไม่มีไส้ เเบบเเยกชิ้น ชิฟฟ่อนเค้ก ชิฟฟ่อน เนื้อนุ่ม วรรณวนัช (โกโก้) | D40: 2.99 | E40: =+H40+K40+N40+Q40+T40+W40+Z40+AC40+AF40+AI40+AL40+AO40+AR40+AU40+AX40+BA40+BD40+BG40+BJ40+BM40+BP40+BS40+BV40+BY40+CB40+CE40+CH40+CK40+CN40+CQ40+CT40 -> 0 | F40: ชิ้น | G40: =+E40*D40 -> 0 | H40: =IFERROR(VLOOKUP(A40,'1'!U:V,2,0),"0") -> 0 | I40: ชิ้น | J40: =+H40*D40 -> 0 | K40: =IFERROR(VLOOKUP(A40,'2'!U:V,2,0),"0") -> 0 | L40: ชิ้น | M40: =+K40*D40 -> 0 | N40: =IFERROR(VLOOKUP(A40,'3'!U:V,2,0),"0") -> 0 | O40: ชิ้น | P40: =+N40*D40 -> 0 | Q40: =IFERROR(VLOOKUP(A40,'4'!U:V,2,0),"0") -> 0 | R40: ชิ้น | S40: =+Q40*D40 -> 0 | T40: =IFERROR(VLOOKUP(A40,'5'!U:V,2,0),"0") -> 0 | U40: ชิ้น | V40: =+T40*D40 -> 0 | W40: =IFERROR(VLOOKUP(A40,'6'!U:V,2,0),"0") -> 0 | X40: ชิ้น | Y40: =+W40*D40 -> 0 | Z40: =IFERROR(VLOOKUP(A40,'7'!U:V,2,0),"0") -> 0 | AA40: ชิ้น | AB40: =+Z40*D40 -> 0 | AC40: =IFERROR(VLOOKUP(A40,'8'!U:V,2,0),"0") -> 0 | AD40: ชิ้น | AE40: =+AC40*D40 -> 0 | AF40: =IFERROR(VLOOKUP(A40,'9'!U:V,2,0),"0") -> 0 | AG40: ชิ้น | AH40: =+AF40*D40 -> 0 | AI40: =IFERROR(VLOOKUP(A40,'10'!U:V,2,0),"0") -> 0 | AJ40: ชิ้น | AK40: =+AI40*D40 -> 0 | AL40: =IFERROR(VLOOKUP(A40,'11'!U:V,2,0),"0") -> 0 | AM40: ชิ้น | AN40: =+AL40*D40 -> 0 | AO40: =IFERROR(VLOOKUP(A40,'12'!U:V,2,0),"0") -> 0 | AP40: ชิ้น | AQ40: =+AO40*D40 -> 0 | AR40: =IFERROR(VLOOKUP(A40,'13'!U:V,2,0),"0") -> 0 | AS40: ชิ้น | AT40: =+AR40*D40 -> 0 | AU40: =IFERROR(VLOOKUP(A40,'14'!U:V,2,0),"0") -> 0 | AV40: ชิ้น | AW40: =+AU40*D40 -> 0 | AX40: =IFERROR(VLOOKUP(A40,'15'!U:V,2,0),"0") -> 0 | AY40: ชิ้น | AZ40: =+AX40*D40 -> 0 | BA40: =IFERROR(VLOOKUP(A40,'16'!U:V,2,0),"0") -> 0 | BB40: ชิ้น | BC40: =+BA40*D40 -> 0 | BD40: =IFERROR(VLOOKUP(A40,'17'!U:V,2,0),"0") -> 0 | BE40: ชิ้น | BF40: =+BD40*D40 -> 0 | BG40: =IFERROR(VLOOKUP(A40,'18'!U:V,2,0),"0") -> 0 | BH40: ชิ้น | BI40: =+BG40*D40 -> 0 | BJ40: =IFERROR(VLOOKUP(A40,'19'!U:V,2,0),"0") -> 0 | BK40: ชิ้น | BL40: =+BJ40*D40 -> 0 | BM40: =IFERROR(VLOOKUP(A40,'20'!U:V,2,0),"0") -> 0 | BN40: ชิ้น | BO40: =+BM40*D40 -> 0 | BP40: =IFERROR(VLOOKUP(A40,'21'!U:V,2,0),"0") -> 0 | BQ40: ชิ้น | BR40: =+BP40*D40 -> 0 | BS40: =IFERROR(VLOOKUP(A40,'22'!U:V,2,0),"0") -> 0 | BT40: ชิ้น | BU40: =+BS40*D40 -> 0 | BV40: =IFERROR(VLOOKUP(A40,'23'!U:V,2,0),"0") -> 0 | BW40: ชิ้น | BX40: =+BV40*D40 -> 0 | BY40: =IFERROR(VLOOKUP(A40,'24'!U:V,2,0),"0") -> 0 | BZ40: ชิ้น | CA40: =+BY40*D40 -> 0 | CB40: =IFERROR(VLOOKUP(A40,'25'!U:V,2,0),"0") -> 0 | CC40: ชิ้น | CD40: =+CB40*D40 -> 0 | CE40: =IFERROR(VLOOKUP(A40,'26'!U:V,2,0),"0") -> 0 | CF40: ชิ้น | CG40: =+CE40*D40 -> 0 | CH40: =IFERROR(VLOOKUP(A40,'27'!U:V,2,0),"0") -> 0 | CI40: ชิ้น | CJ40: =+CH40*D40 -> 0 | CK40: =IFERROR(VLOOKUP(A40,'28'!U:V,2,0),"0") -> 0 | CL40: ชิ้น | CM40: =+CK40*D40 -> 0 | CN40: =IFERROR(VLOOKUP(A40,'29'!U:V,2,0),"0") -> 0 | CO40: ชิ้น | CP40: =+CN40*D40 -> 0 | CQ40: =IFERROR(VLOOKUP(A40,'30'!U:V,2,0),"0") -> 0 | CR40: ชิ้น | CS40: =+CQ40*D40 -> 0 | CT40: =IFERROR(VLOOKUP(A40,'31'!U:V,2,0),"0") -> 0 | CU40: ชิ้น | CV40: =+CT40*D40 -> 0 | CW40: =IFERROR(VLOOKUP(B40,'B-plus'!A:D,4,0),"0") -> 0 | CX40: ชิ้น | CY40: =+CW40*D40 -> 0
A41: 1111063 | B41: 1111063 | C41: ชิฟฟอนไม่มีไส้เเบบเเยกชิ้น เลือกรสชาติได้ (ส้ม ) | D41: 2.75 | E41: =+H41+K41+N41+Q41+T41+W41+Z41+AC41+AF41+AI41+AL41+AO41+AR41+AU41+AX41+BA41+BD41+BG41+BJ41+BM41+BP41+BS41+BV41+BY41+CB41+CE41+CH41+CK41+CN41+CQ41+CT41 -> 0 | F41: ชิ้น | G41: =+E41*D41 -> 0 | H41: =IFERROR(VLOOKUP(A41,'1'!U:V,2,0),"0") -> 0 | I41: ชิ้น | J41: =+H41*D41 -> 0 | K41: =IFERROR(VLOOKUP(A41,'2'!U:V,2,0),"0") -> 0 | L41: ชิ้น | M41: =+K41*D41 -> 0 | N41: =IFERROR(VLOOKUP(A41,'3'!U:V,2,0),"0") -> 0 | O41: ชิ้น | P41: =+N41*D41 -> 0 | Q41: =IFERROR(VLOOKUP(A41,'4'!U:V,2,0),"0") -> 0 | R41: ชิ้น | S41: =+Q41*D41 -> 0 | T41: =IFERROR(VLOOKUP(A41,'5'!U:V,2,0),"0") -> 0 | U41: ชิ้น | V41: =+T41*D41 -> 0 | W41: =IFERROR(VLOOKUP(A41,'6'!U:V,2,0),"0") -> 0 | X41: ชิ้น | Y41: =+W41*D41 -> 0 | Z41: =IFERROR(VLOOKUP(A41,'7'!U:V,2,0),"0") -> 0 | AA41: ชิ้น | AB41: =+Z41*D41 -> 0 | AC41: =IFERROR(VLOOKUP(A41,'8'!U:V,2,0),"0") -> 0 | AD41: ชิ้น | AE41: =+AC41*D41 -> 0 | AF41: =IFERROR(VLOOKUP(A41,'9'!U:V,2,0),"0") -> 0 | AG41: ชิ้น | AH41: =+AF41*D41 -> 0 | AI41: =IFERROR(VLOOKUP(A41,'10'!U:V,2,0),"0") -> 0 | AJ41: ชิ้น | AK41: =+AI41*D41 -> 0 | AL41: =IFERROR(VLOOKUP(A41,'11'!U:V,2,0),"0") -> 0 | AM41: ชิ้น | AN41: =+AL41*D41 -> 0 | AO41: =IFERROR(VLOOKUP(A41,'12'!U:V,2,0),"0") -> 0 | AP41: ชิ้น | AQ41: =+AO41*D41 -> 0 | AR41: =IFERROR(VLOOKUP(A41,'13'!U:V,2,0),"0") -> 0 | AS41: ชิ้น | AT41: =+AR41*D41 -> 0 | AU41: =IFERROR(VLOOKUP(A41,'14'!U:V,2,0),"0") -> 0 | AV41: ชิ้น | AW41: =+AU41*D41 -> 0 | AX41: =IFERROR(VLOOKUP(A41,'15'!U:V,2,0),"0") -> 0 | AY41: ชิ้น | AZ41: =+AX41*D41 -> 0 | BA41: =IFERROR(VLOOKUP(A41,'16'!U:V,2,0),"0") -> 0 | BB41: ชิ้น | BC41: =+BA41*D41 -> 0 | BD41: =IFERROR(VLOOKUP(A41,'17'!U:V,2,0),"0") -> 0 | BE41: ชิ้น | BF41: =+BD41*D41 -> 0 | BG41: =IFERROR(VLOOKUP(A41,'18'!U:V,2,0),"0") -> 0 | BH41: ชิ้น | BI41: =+BG41*D41 -> 0 | BJ41: =IFERROR(VLOOKUP(A41,'19'!U:V,2,0),"0") -> 0 | BK41: ชิ้น | BL41: =+BJ41*D41 -> 0 | BM41: =IFERROR(VLOOKUP(A41,'20'!U:V,2,0),"0") -> 0 | BN41: ชิ้น | BO41: =+BM41*D41 -> 0 | BP41: =IFERROR(VLOOKUP(A41,'21'!U:V,2,0),"0") -> 0 | BQ41: ชิ้น | BR41: =+BP41*D41 -> 0 | BS41: =IFERROR(VLOOKUP(A41,'22'!U:V,2,0),"0") -> 0 | BT41: ชิ้น | BU41: =+BS41*D41 -> 0 | BV41: =IFERROR(VLOOKUP(A41,'23'!U:V,2,0),"0") -> 0 | BW41: ชิ้น | BX41: =+BV41*D41 -> 0 | BY41: =IFERROR(VLOOKUP(A41,'24'!U:V,2,0),"0") -> 0 | BZ41: ชิ้น | CA41: =+BY41*D41 -> 0 | CB41: =IFERROR(VLOOKUP(A41,'25'!U:V,2,0),"0") -> 0 | CC41: ชิ้น | CD41: =+CB41*D41 -> 0 | CE41: =IFERROR(VLOOKUP(A41,'26'!U:V,2,0),"0") -> 0 | CF41: ชิ้น | CG41: =+CE41*D41 -> 0 | CH41: =IFERROR(VLOOKUP(A41,'27'!U:V,2,0),"0") -> 0 | CI41: ชิ้น | CJ41: =+CH41*D41 -> 0 | CK41: =IFERROR(VLOOKUP(A41,'28'!U:V,2,0),"0") -> 0 | CL41: ชิ้น | CM41: =+CK41*D41 -> 0 | CN41: =IFERROR(VLOOKUP(A41,'29'!U:V,2,0),"0") -> 0 | CO41: ชิ้น | CP41: =+CN41*D41 -> 0 | CQ41: =IFERROR(VLOOKUP(A41,'30'!U:V,2,0),"0") -> 0 | CR41: ชิ้น | CS41: =+CQ41*D41 -> 0 | CT41: =IFERROR(VLOOKUP(A41,'31'!U:V,2,0),"0") -> 0 | CU41: ชิ้น | CV41: =+CT41*D41 -> 0 | CW41: =IFERROR(VLOOKUP(B41,'B-plus'!A:D,4,0),"0") -> 0 | CX41: ชิ้น | CY41: =+CW41*D41 -> 0
A42: 1111063-A | B42: 1111063-A | C42: ชิฟฟอนไม่มีไส้ เเบบเเยกชิ้น ชิฟฟ่อนเค้ก ชิฟฟ่อน เนื้อนุ่ม วรรณวนัช (ส้ม ) | D42: 2.75 | E42: =+H42+K42+N42+Q42+T42+W42+Z42+AC42+AF42+AI42+AL42+AO42+AR42+AU42+AX42+BA42+BD42+BG42+BJ42+BM42+BP42+BS42+BV42+BY42+CB42+CE42+CH42+CK42+CN42+CQ42+CT42 -> 0 | F42: ชิ้น | G42: =+E42*D42 -> 0 | H42: =IFERROR(VLOOKUP(A42,'1'!U:V,2,0),"0") -> 0 | I42: ชิ้น | J42: =+H42*D42 -> 0 | K42: =IFERROR(VLOOKUP(A42,'2'!U:V,2,0),"0") -> 0 | L42: ชิ้น | M42: =+K42*D42 -> 0 | N42: =IFERROR(VLOOKUP(A42,'3'!U:V,2,0),"0") -> 0 | O42: ชิ้น | P42: =+N42*D42 -> 0 | Q42: =IFERROR(VLOOKUP(A42,'4'!U:V,2,0),"0") -> 0 | R42: ชิ้น | S42: =+Q42*D42 -> 0 | T42: =IFERROR(VLOOKUP(A42,'5'!U:V,2,0),"0") -> 0 | U42: ชิ้น | V42: =+T42*D42 -> 0 | W42: =IFERROR(VLOOKUP(A42,'6'!U:V,2,0),"0") -> 0 | X42: ชิ้น | Y42: =+W42*D42 -> 0 | Z42: =IFERROR(VLOOKUP(A42,'7'!U:V,2,0),"0") -> 0 | AA42: ชิ้น | AB42: =+Z42*D42 -> 0 | AC42: =IFERROR(VLOOKUP(A42,'8'!U:V,2,0),"0") -> 0 | AD42: ชิ้น | AE42: =+AC42*D42 -> 0 | AF42: =IFERROR(VLOOKUP(A42,'9'!U:V,2,0),"0") -> 0 | AG42: ชิ้น | AH42: =+AF42*D42 -> 0 | AI42: =IFERROR(VLOOKUP(A42,'10'!U:V,2,0),"0") -> 0 | AJ42: ชิ้น | AK42: =+AI42*D42 -> 0 | AL42: =IFERROR(VLOOKUP(A42,'11'!U:V,2,0),"0") -> 0 | AM42: ชิ้น | AN42: =+AL42*D42 -> 0 | AO42: =IFERROR(VLOOKUP(A42,'12'!U:V,2,0),"0") -> 0 | AP42: ชิ้น | AQ42: =+AO42*D42 -> 0 | AR42: =IFERROR(VLOOKUP(A42,'13'!U:V,2,0),"0") -> 0 | AS42: ชิ้น | AT42: =+AR42*D42 -> 0 | AU42: =IFERROR(VLOOKUP(A42,'14'!U:V,2,0),"0") -> 0 | AV42: ชิ้น | AW42: =+AU42*D42 -> 0 | AX42: =IFERROR(VLOOKUP(A42,'15'!U:V,2,0),"0") -> 0 | AY42: ชิ้น | AZ42: =+AX42*D42 -> 0 | BA42: =IFERROR(VLOOKUP(A42,'16'!U:V,2,0),"0") -> 0 | BB42: ชิ้น | BC42: =+BA42*D42 -> 0 | BD42: =IFERROR(VLOOKUP(A42,'17'!U:V,2,0),"0") -> 0 | BE42: ชิ้น | BF42: =+BD42*D42 -> 0 | BG42: =IFERROR(VLOOKUP(A42,'18'!U:V,2,0),"0") -> 0 | BH42: ชิ้น | BI42: =+BG42*D42 -> 0 | BJ42: =IFERROR(VLOOKUP(A42,'19'!U:V,2,0),"0") -> 0 | BK42: ชิ้น | BL42: =+BJ42*D42 -> 0 | BM42: =IFERROR(VLOOKUP(A42,'20'!U:V,2,0),"0") -> 0 | BN42: ชิ้น | BO42: =+BM42*D42 -> 0 | BP42: =IFERROR(VLOOKUP(A42,'21'!U:V,2,0),"0") -> 0 | BQ42: ชิ้น | BR42: =+BP42*D42 -> 0 | BS42: =IFERROR(VLOOKUP(A42,'22'!U:V,2,0),"0") -> 0 | BT42: ชิ้น | BU42: =+BS42*D42 -> 0 | BV42: =IFERROR(VLOOKUP(A42,'23'!U:V,2,0),"0") -> 0 | BW42: ชิ้น | BX42: =+BV42*D42 -> 0 | BY42: =IFERROR(VLOOKUP(A42,'24'!U:V,2,0),"0") -> 0 | BZ42: ชิ้น | CA42: =+BY42*D42 -> 0 | CB42: =IFERROR(VLOOKUP(A42,'25'!U:V,2,0),"0") -> 0 | CC42: ชิ้น | CD42: =+CB42*D42 -> 0 | CE42: =IFERROR(VLOOKUP(A42,'26'!U:V,2,0),"0") -> 0 | CF42: ชิ้น | CG42: =+CE42*D42 -> 0 | CH42: =IFERROR(VLOOKUP(A42,'27'!U:V,2,0),"0") -> 0 | CI42: ชิ้น | CJ42: =+CH42*D42 -> 0 | CK42: =IFERROR(VLOOKUP(A42,'28'!U:V,2,0),"0") -> 0 | CL42: ชิ้น | CM42: =+CK42*D42 -> 0 | CN42: =IFERROR(VLOOKUP(A42,'29'!U:V,2,0),"0") -> 0 | CO42: ชิ้น | CP42: =+CN42*D42 -> 0 | CQ42: =IFERROR(VLOOKUP(A42,'30'!U:V,2,0),"0") -> 0 | CR42: ชิ้น | CS42: =+CQ42*D42 -> 0 | CT42: =IFERROR(VLOOKUP(A42,'31'!U:V,2,0),"0") -> 0 | CU42: ชิ้น | CV42: =+CT42*D42 -> 0 | CW42: =IFERROR(VLOOKUP(B42,'B-plus'!A:D,4,0),"0") -> 0 | CX42: ชิ้น | CY42: =+CW42*D42 -> 0
A43: 1111063-B | B43: 1111063-B | C43: ชิฟฟอนไม่มีไส้ เเบบเเยกชิ้น ชิฟฟ่อนเค้ก ชิฟฟ่อน เนื้อนุ่ม วรรณวนัช (ส้ม ) | D43: 2.75 | E43: =+H43+K43+N43+Q43+T43+W43+Z43+AC43+AF43+AI43+AL43+AO43+AR43+AU43+AX43+BA43+BD43+BG43+BJ43+BM43+BP43+BS43+BV43+BY43+CB43+CE43+CH43+CK43+CN43+CQ43+CT43 -> 0 | F43: ชิ้น | G43: =+E43*D43 -> 0 | H43: =IFERROR(VLOOKUP(A43,'1'!U:V,2,0),"0") -> 0 | I43: ชิ้น | J43: =+H43*D43 -> 0 | K43: =IFERROR(VLOOKUP(A43,'2'!U:V,2,0),"0") -> 0 | L43: ชิ้น | M43: =+K43*D43 -> 0 | N43: =IFERROR(VLOOKUP(A43,'3'!U:V,2,0),"0") -> 0 | O43: ชิ้น | P43: =+N43*D43 -> 0 | Q43: =IFERROR(VLOOKUP(A43,'4'!U:V,2,0),"0") -> 0 | R43: ชิ้น | S43: =+Q43*D43 -> 0 | T43: =IFERROR(VLOOKUP(A43,'5'!U:V,2,0),"0") -> 0 | U43: ชิ้น | V43: =+T43*D43 -> 0 | W43: =IFERROR(VLOOKUP(A43,'6'!U:V,2,0),"0") -> 0 | X43: ชิ้น | Y43: =+W43*D43 -> 0 | Z43: =IFERROR(VLOOKUP(A43,'7'!U:V,2,0),"0") -> 0 | AA43: ชิ้น | AB43: =+Z43*D43 -> 0 | AC43: =IFERROR(VLOOKUP(A43,'8'!U:V,2,0),"0") -> 0 | AD43: ชิ้น | AE43: =+AC43*D43 -> 0 | AF43: =IFERROR(VLOOKUP(A43,'9'!U:V,2,0),"0") -> 0 | AG43: ชิ้น | AH43: =+AF43*D43 -> 0 | AI43: =IFERROR(VLOOKUP(A43,'10'!U:V,2,0),"0") -> 0 | AJ43: ชิ้น | AK43: =+AI43*D43 -> 0 | AL43: =IFERROR(VLOOKUP(A43,'11'!U:V,2,0),"0") -> 0 | AM43: ชิ้น | AN43: =+AL43*D43 -> 0 | AO43: =IFERROR(VLOOKUP(A43,'12'!U:V,2,0),"0") -> 0 | AP43: ชิ้น | AQ43: =+AO43*D43 -> 0 | AR43: =IFERROR(VLOOKUP(A43,'13'!U:V,2,0),"0") -> 0 | AS43: ชิ้น | AT43: =+AR43*D43 -> 0 | AU43: =IFERROR(VLOOKUP(A43,'14'!U:V,2,0),"0") -> 0 | AV43: ชิ้น | AW43: =+AU43*D43 -> 0 | AX43: =IFERROR(VLOOKUP(A43,'15'!U:V,2,0),"0") -> 0 | AY43: ชิ้น | AZ43: =+AX43*D43 -> 0 | BA43: =IFERROR(VLOOKUP(A43,'16'!U:V,2,0),"0") -> 0 | BB43: ชิ้น | BC43: =+BA43*D43 -> 0 | BD43: =IFERROR(VLOOKUP(A43,'17'!U:V,2,0),"0") -> 0 | BE43: ชิ้น | BF43: =+BD43*D43 -> 0 | BG43: =IFERROR(VLOOKUP(A43,'18'!U:V,2,0),"0") -> 0 | BH43: ชิ้น | BI43: =+BG43*D43 -> 0 | BJ43: =IFERROR(VLOOKUP(A43,'19'!U:V,2,0),"0") -> 0 | BK43: ชิ้น | BL43: =+BJ43*D43 -> 0 | BM43: =IFERROR(VLOOKUP(A43,'20'!U:V,2,0),"0") -> 0 | BN43: ชิ้น | BO43: =+BM43*D43 -> 0 | BP43: =IFERROR(VLOOKUP(A43,'21'!U:V,2,0),"0") -> 0 | BQ43: ชิ้น | BR43: =+BP43*D43 -> 0 | BS43: =IFERROR(VLOOKUP(A43,'22'!U:V,2,0),"0") -> 0 | BT43: ชิ้น | BU43: =+BS43*D43 -> 0 | BV43: =IFERROR(VLOOKUP(A43,'23'!U:V,2,0),"0") -> 0 | BW43: ชิ้น | BX43: =+BV43*D43 -> 0 | BY43: =IFERROR(VLOOKUP(A43,'24'!U:V,2,0),"0") -> 0 | BZ43: ชิ้น | CA43: =+BY43*D43 -> 0 | CB43: =IFERROR(VLOOKUP(A43,'25'!U:V,2,0),"0") -> 0 | CC43: ชิ้น | CD43: =+CB43*D43 -> 0 | CE43: =IFERROR(VLOOKUP(A43,'26'!U:V,2,0),"0") -> 0 | CF43: ชิ้น | CG43: =+CE43*D43 -> 0 | CH43: =IFERROR(VLOOKUP(A43,'27'!U:V,2,0),"0") -> 0 | CI43: ชิ้น | CJ43: =+CH43*D43 -> 0 | CK43: =IFERROR(VLOOKUP(A43,'28'!U:V,2,0),"0") -> 0 | CL43: ชิ้น | CM43: =+CK43*D43 -> 0 | CN43: =IFERROR(VLOOKUP(A43,'29'!U:V,2,0),"0") -> 0 | CO43: ชิ้น | CP43: =+CN43*D43 -> 0 | CQ43: =IFERROR(VLOOKUP(A43,'30'!U:V,2,0),"0") -> 0 | CR43: ชิ้น | CS43: =+CQ43*D43 -> 0 | CT43: =IFERROR(VLOOKUP(A43,'31'!U:V,2,0),"0") -> 0 | CU43: ชิ้น | CV43: =+CT43*D43 -> 0 | CW43: =IFERROR(VLOOKUP(B43,'B-plus'!A:D,4,0),"0") -> 0 | CX43: ชิ้น | CY43: =+CW43*D43 -> 0
A44: 1111064 | B44: 1111064 | C44: ชิฟฟอนไม่มีไส้เเบบเเยกชิ้น เลือกรสชาติได้ (เผือก) | D44: 2.73 | E44: =+H44+K44+N44+Q44+T44+W44+Z44+AC44+AF44+AI44+AL44+AO44+AR44+AU44+AX44+BA44+BD44+BG44+BJ44+BM44+BP44+BS44+BV44+BY44+CB44+CE44+CH44+CK44+CN44+CQ44+CT44 -> 0 | F44: ชิ้น | G44: =+E44*D44 -> 0 | H44: =IFERROR(VLOOKUP(A44,'1'!U:V,2,0),"0") -> 0 | I44: ชิ้น | J44: =+H44*D44 -> 0 | K44: =IFERROR(VLOOKUP(A44,'2'!U:V,2,0),"0") -> 0 | L44: ชิ้น | M44: =+K44*D44 -> 0 | N44: =IFERROR(VLOOKUP(A44,'3'!U:V,2,0),"0") -> 0 | O44: ชิ้น | P44: =+N44*D44 -> 0 | Q44: =IFERROR(VLOOKUP(A44,'4'!U:V,2,0),"0") -> 0 | R44: ชิ้น | S44: =+Q44*D44 -> 0 | T44: =IFERROR(VLOOKUP(A44,'5'!U:V,2,0),"0") -> 0 | U44: ชิ้น | V44: =+T44*D44 -> 0 | W44: =IFERROR(VLOOKUP(A44,'6'!U:V,2,0),"0") -> 0 | X44: ชิ้น | Y44: =+W44*D44 -> 0 | Z44: =IFERROR(VLOOKUP(A44,'7'!U:V,2,0),"0") -> 0 | AA44: ชิ้น | AB44: =+Z44*D44 -> 0 | AC44: =IFERROR(VLOOKUP(A44,'8'!U:V,2,0),"0") -> 0 | AD44: ชิ้น | AE44: =+AC44*D44 -> 0 | AF44: =IFERROR(VLOOKUP(A44,'9'!U:V,2,0),"0") -> 0 | AG44: ชิ้น | AH44: =+AF44*D44 -> 0 | AI44: =IFERROR(VLOOKUP(A44,'10'!U:V,2,0),"0") -> 0 | AJ44: ชิ้น | AK44: =+AI44*D44 -> 0 | AL44: =IFERROR(VLOOKUP(A44,'11'!U:V,2,0),"0") -> 0 | AM44: ชิ้น | AN44: =+AL44*D44 -> 0 | AO44: =IFERROR(VLOOKUP(A44,'12'!U:V,2,0),"0") -> 0 | AP44: ชิ้น | AQ44: =+AO44*D44 -> 0 | AR44: =IFERROR(VLOOKUP(A44,'13'!U:V,2,0),"0") -> 0 | AS44: ชิ้น | AT44: =+AR44*D44 -> 0 | AU44: =IFERROR(VLOOKUP(A44,'14'!U:V,2,0),"0") -> 0 | AV44: ชิ้น | AW44: =+AU44*D44 -> 0 | AX44: =IFERROR(VLOOKUP(A44,'15'!U:V,2,0),"0") -> 0 | AY44: ชิ้น | AZ44: =+AX44*D44 -> 0 | BA44: =IFERROR(VLOOKUP(A44,'16'!U:V,2,0),"0") -> 0 | BB44: ชิ้น | BC44: =+BA44*D44 -> 0 | BD44: =IFERROR(VLOOKUP(A44,'17'!U:V,2,0),"0") -> 0 | BE44: ชิ้น | BF44: =+BD44*D44 -> 0 | BG44: =IFERROR(VLOOKUP(A44,'18'!U:V,2,0),"0") -> 0 | BH44: ชิ้น | BI44: =+BG44*D44 -> 0 | BJ44: =IFERROR(VLOOKUP(A44,'19'!U:V,2,0),"0") -> 0 | BK44: ชิ้น | BL44: =+BJ44*D44 -> 0 | BM44: =IFERROR(VLOOKUP(A44,'20'!U:V,2,0),"0") -> 0 | BN44: ชิ้น | BO44: =+BM44*D44 -> 0 | BP44: =IFERROR(VLOOKUP(A44,'21'!U:V,2,0),"0") -> 0 | BQ44: ชิ้น | BR44: =+BP44*D44 -> 0 | BS44: =IFERROR(VLOOKUP(A44,'22'!U:V,2,0),"0") -> 0 | BT44: ชิ้น | BU44: =+BS44*D44 -> 0 | BV44: =IFERROR(VLOOKUP(A44,'23'!U:V,2,0),"0") -> 0 | BW44: ชิ้น | BX44: =+BV44*D44 -> 0 | BY44: =IFERROR(VLOOKUP(A44,'24'!U:V,2,0),"0") -> 0 | BZ44: ชิ้น | CA44: =+BY44*D44 -> 0 | CB44: =IFERROR(VLOOKUP(A44,'25'!U:V,2,0),"0") -> 0 | CC44: ชิ้น | CD44: =+CB44*D44 -> 0 | CE44: =IFERROR(VLOOKUP(A44,'26'!U:V,2,0),"0") -> 0 | CF44: ชิ้น | CG44: =+CE44*D44 -> 0 | CH44: =IFERROR(VLOOKUP(A44,'27'!U:V,2,0),"0") -> 0 | CI44: ชิ้น | CJ44: =+CH44*D44 -> 0 | CK44: =IFERROR(VLOOKUP(A44,'28'!U:V,2,0),"0") -> 0 | CL44: ชิ้น | CM44: =+CK44*D44 -> 0 | CN44: =IFERROR(VLOOKUP(A44,'29'!U:V,2,0),"0") -> 0 | CO44: ชิ้น | CP44: =+CN44*D44 -> 0 | CQ44: =IFERROR(VLOOKUP(A44,'30'!U:V,2,0),"0") -> 0 | CR44: ชิ้น | CS44: =+CQ44*D44 -> 0 | CT44: =IFERROR(VLOOKUP(A44,'31'!U:V,2,0),"0") -> 0 | CU44: ชิ้น | CV44: =+CT44*D44 -> 0 | CW44: =IFERROR(VLOOKUP(B44,'B-plus'!A:D,4,0),"0") -> 0 | CX44: ชิ้น | CY44: =+CW44*D44 -> 0
A45: 1111064-A | B45: 1111064-A | C45: ชิฟฟอนไม่มีไส้ เเบบเเยกชิ้น ชิฟฟ่อนเค้ก ชิฟฟ่อน เนื้อนุ่ม วรรณวนัช (เผือก) | D45: 2.73 | E45: =+H45+K45+N45+Q45+T45+W45+Z45+AC45+AF45+AI45+AL45+AO45+AR45+AU45+AX45+BA45+BD45+BG45+BJ45+BM45+BP45+BS45+BV45+BY45+CB45+CE45+CH45+CK45+CN45+CQ45+CT45 -> 0 | F45: ชิ้น | G45: =+E45*D45 -> 0 | H45: =IFERROR(VLOOKUP(A45,'1'!U:V,2,0),"0") -> 0 | I45: ชิ้น | J45: =+H45*D45 -> 0 | K45: =IFERROR(VLOOKUP(A45,'2'!U:V,2,0),"0") -> 0 | L45: ชิ้น | M45: =+K45*D45 -> 0 | N45: =IFERROR(VLOOKUP(A45,'3'!U:V,2,0),"0") -> 0 | O45: ชิ้น | P45: =+N45*D45 -> 0 | Q45: =IFERROR(VLOOKUP(A45,'4'!U:V,2,0),"0") -> 0 | R45: ชิ้น | S45: =+Q45*D45 -> 0 | T45: =IFERROR(VLOOKUP(A45,'5'!U:V,2,0),"0") -> 0 | U45: ชิ้น | V45: =+T45*D45 -> 0 | W45: =IFERROR(VLOOKUP(A45,'6'!U:V,2,0),"0") -> 0 | X45: ชิ้น | Y45: =+W45*D45 -> 0 | Z45: =IFERROR(VLOOKUP(A45,'7'!U:V,2,0),"0") -> 0 | AA45: ชิ้น | AB45: =+Z45*D45 -> 0 | AC45: =IFERROR(VLOOKUP(A45,'8'!U:V,2,0),"0") -> 0 | AD45: ชิ้น | AE45: =+AC45*D45 -> 0 | AF45: =IFERROR(VLOOKUP(A45,'9'!U:V,2,0),"0") -> 0 | AG45: ชิ้น | AH45: =+AF45*D45 -> 0 | AI45: =IFERROR(VLOOKUP(A45,'10'!U:V,2,0),"0") -> 0 | AJ45: ชิ้น | AK45: =+AI45*D45 -> 0 | AL45: =IFERROR(VLOOKUP(A45,'11'!U:V,2,0),"0") -> 0 | AM45: ชิ้น | AN45: =+AL45*D45 -> 0 | AO45: =IFERROR(VLOOKUP(A45,'12'!U:V,2,0),"0") -> 0 | AP45: ชิ้น | AQ45: =+AO45*D45 -> 0 | AR45: =IFERROR(VLOOKUP(A45,'13'!U:V,2,0),"0") -> 0 | AS45: ชิ้น | AT45: =+AR45*D45 -> 0 | AU45: =IFERROR(VLOOKUP(A45,'14'!U:V,2,0),"0") -> 0 | AV45: ชิ้น | AW45: =+AU45*D45 -> 0 | AX45: =IFERROR(VLOOKUP(A45,'15'!U:V,2,0),"0") -> 0 | AY45: ชิ้น | AZ45: =+AX45*D45 -> 0 | BA45: =IFERROR(VLOOKUP(A45,'16'!U:V,2,0),"0") -> 0 | BB45: ชิ้น | BC45: =+BA45*D45 -> 0 | BD45: =IFERROR(VLOOKUP(A45,'17'!U:V,2,0),"0") -> 0 | BE45: ชิ้น | BF45: =+BD45*D45 -> 0 | BG45: =IFERROR(VLOOKUP(A45,'18'!U:V,2,0),"0") -> 0 | BH45: ชิ้น | BI45: =+BG45*D45 -> 0 | BJ45: =IFERROR(VLOOKUP(A45,'19'!U:V,2,0),"0") -> 0 | BK45: ชิ้น | BL45: =+BJ45*D45 -> 0 | BM45: =IFERROR(VLOOKUP(A45,'20'!U:V,2,0),"0") -> 0 | BN45: ชิ้น | BO45: =+BM45*D45 -> 0 | BP45: =IFERROR(VLOOKUP(A45,'21'!U:V,2,0),"0") -> 0 | BQ45: ชิ้น | BR45: =+BP45*D45 -> 0 | BS45: =IFERROR(VLOOKUP(A45,'22'!U:V,2,0),"0") -> 0 | BT45: ชิ้น | BU45: =+BS45*D45 -> 0 | BV45: =IFERROR(VLOOKUP(A45,'23'!U:V,2,0),"0") -> 0 | BW45: ชิ้น | BX45: =+BV45*D45 -> 0 | BY45: =IFERROR(VLOOKUP(A45,'24'!U:V,2,0),"0") -> 0 | BZ45: ชิ้น | CA45: =+BY45*D45 -> 0 | CB45: =IFERROR(VLOOKUP(A45,'25'!U:V,2,0),"0") -> 0 | CC45: ชิ้น | CD45: =+CB45*D45 -> 0 | CE45: =IFERROR(VLOOKUP(A45,'26'!U:V,2,0),"0") -> 0 | CF45: ชิ้น | CG45: =+CE45*D45 -> 0 | CH45: =IFERROR(VLOOKUP(A45,'27'!U:V,2,0),"0") -> 0 | CI45: ชิ้น | CJ45: =+CH45*D45 -> 0 | CK45: =IFERROR(VLOOKUP(A45,'28'!U:V,2,0),"0") -> 0 | CL45: ชิ้น | CM45: =+CK45*D45 -> 0 | CN45: =IFERROR(VLOOKUP(A45,'29'!U:V,2,0),"0") -> 0 | CO45: ชิ้น | CP45: =+CN45*D45 -> 0 | CQ45: =IFERROR(VLOOKUP(A45,'30'!U:V,2,0),"0") -> 0 | CR45: ชิ้น | CS45: =+CQ45*D45 -> 0 | CT45: =IFERROR(VLOOKUP(A45,'31'!U:V,2,0),"0") -> 0 | CU45: ชิ้น | CV45: =+CT45*D45 -> 0 | CW45: =IFERROR(VLOOKUP(B45,'B-plus'!A:D,4,0),"0") -> 0 | CX45: ชิ้น | CY45: =+CW45*D45 -> 0
A46: 1111064-B | B46: 1111064-B | C46: ชิฟฟอนไม่มีไส้ เเบบเเยกชิ้น ชิฟฟ่อนเค้ก ชิฟฟ่อน เนื้อนุ่ม วรรณวนัช (เผือก) | D46: 2.73 | E46: =+H46+K46+N46+Q46+T46+W46+Z46+AC46+AF46+AI46+AL46+AO46+AR46+AU46+AX46+BA46+BD46+BG46+BJ46+BM46+BP46+BS46+BV46+BY46+CB46+CE46+CH46+CK46+CN46+CQ46+CT46 -> 0 | F46: ชิ้น | G46: =+E46*D46 -> 0 | H46: =IFERROR(VLOOKUP(A46,'1'!U:V,2,0),"0") -> 0 | I46: ชิ้น | J46: =+H46*D46 -> 0 | K46: =IFERROR(VLOOKUP(A46,'2'!U:V,2,0),"0") -> 0 | L46: ชิ้น | M46: =+K46*D46 -> 0 | N46: =IFERROR(VLOOKUP(A46,'3'!U:V,2,0),"0") -> 0 | O46: ชิ้น | P46: =+N46*D46 -> 0 | Q46: =IFERROR(VLOOKUP(A46,'4'!U:V,2,0),"0") -> 0 | R46: ชิ้น | S46: =+Q46*D46 -> 0 | T46: =IFERROR(VLOOKUP(A46,'5'!U:V,2,0),"0") -> 0 | U46: ชิ้น | V46: =+T46*D46 -> 0 | W46: =IFERROR(VLOOKUP(A46,'6'!U:V,2,0),"0") -> 0 | X46: ชิ้น | Y46: =+W46*D46 -> 0 | Z46: =IFERROR(VLOOKUP(A46,'7'!U:V,2,0),"0") -> 0 | AA46: ชิ้น | AB46: =+Z46*D46 -> 0 | AC46: =IFERROR(VLOOKUP(A46,'8'!U:V,2,0),"0") -> 0 | AD46: ชิ้น | AE46: =+AC46*D46 -> 0 | AF46: =IFERROR(VLOOKUP(A46,'9'!U:V,2,0),"0") -> 0 | AG46: ชิ้น | AH46: =+AF46*D46 -> 0 | AI46: =IFERROR(VLOOKUP(A46,'10'!U:V,2,0),"0") -> 0 | AJ46: ชิ้น | AK46: =+AI46*D46 -> 0 | AL46: =IFERROR(VLOOKUP(A46,'11'!U:V,2,0),"0") -> 0 | AM46: ชิ้น | AN46: =+AL46*D46 -> 0 | AO46: =IFERROR(VLOOKUP(A46,'12'!U:V,2,0),"0") -> 0 | AP46: ชิ้น | AQ46: =+AO46*D46 -> 0 | AR46: =IFERROR(VLOOKUP(A46,'13'!U:V,2,0),"0") -> 0 | AS46: ชิ้น | AT46: =+AR46*D46 -> 0 | AU46: =IFERROR(VLOOKUP(A46,'14'!U:V,2,0),"0") -> 0 | AV46: ชิ้น | AW46: =+AU46*D46 -> 0 | AX46: =IFERROR(VLOOKUP(A46,'15'!U:V,2,0),"0") -> 0 | AY46: ชิ้น | AZ46: =+AX46*D46 -> 0 | BA46: =IFERROR(VLOOKUP(A46,'16'!U:V,2,0),"0") -> 0 | BB46: ชิ้น | BC46: =+BA46*D46 -> 0 | BD46: =IFERROR(VLOOKUP(A46,'17'!U:V,2,0),"0") -> 0 | BE46: ชิ้น | BF46: =+BD46*D46 -> 0 | BG46: =IFERROR(VLOOKUP(A46,'18'!U:V,2,0),"0") -> 0 | BH46: ชิ้น | BI46: =+BG46*D46 -> 0 | BJ46: =IFERROR(VLOOKUP(A46,'19'!U:V,2,0),"0") -> 0 | BK46: ชิ้น | BL46: =+BJ46*D46 -> 0 | BM46: =IFERROR(VLOOKUP(A46,'20'!U:V,2,0),"0") -> 0 | BN46: ชิ้น | BO46: =+BM46*D46 -> 0 | BP46: =IFERROR(VLOOKUP(A46,'21'!U:V,2,0),"0") -> 0 | BQ46: ชิ้น | BR46: =+BP46*D46 -> 0 | BS46: =IFERROR(VLOOKUP(A46,'22'!U:V,2,0),"0") -> 0 | BT46: ชิ้น | BU46: =+BS46*D46 -> 0 | BV46: =IFERROR(VLOOKUP(A46,'23'!U:V,2,0),"0") -> 0 | BW46: ชิ้น | BX46: =+BV46*D46 -> 0 | BY46: =IFERROR(VLOOKUP(A46,'24'!U:V,2,0),"0") -> 0 | BZ46: ชิ้น | CA46: =+BY46*D46 -> 0 | CB46: =IFERROR(VLOOKUP(A46,'25'!U:V,2,0),"0") -> 0 | CC46: ชิ้น | CD46: =+CB46*D46 -> 0 | CE46: =IFERROR(VLOOKUP(A46,'26'!U:V,2,0),"0") -> 0 | CF46: ชิ้น | CG46: =+CE46*D46 -> 0 | CH46: =IFERROR(VLOOKUP(A46,'27'!U:V,2,0),"0") -> 0 | CI46: ชิ้น | CJ46: =+CH46*D46 -> 0 | CK46: =IFERROR(VLOOKUP(A46,'28'!U:V,2,0),"0") -> 0 | CL46: ชิ้น | CM46: =+CK46*D46 -> 0 | CN46: =IFERROR(VLOOKUP(A46,'29'!U:V,2,0),"0") -> 0 | CO46: ชิ้น | CP46: =+CN46*D46 -> 0 | CQ46: =IFERROR(VLOOKUP(A46,'30'!U:V,2,0),"0") -> 0 | CR46: ชิ้น | CS46: =+CQ46*D46 -> 0 | CT46: =IFERROR(VLOOKUP(A46,'31'!U:V,2,0),"0") -> 0 | CU46: ชิ้น | CV46: =+CT46*D46 -> 0 | CW46: =IFERROR(VLOOKUP(B46,'B-plus'!A:D,4,0),"0") -> 0 | CX46: ชิ้น | CY46: =+CW46*D46 -> 0
A47: 1111065 | B47: 1111065 | C47: ชิฟฟอนไม่มีไส้เเบบเเยกชิ้น เลือกรสชาติได้ (สับปะรด) | D47: 2.74 | E47: =+H47+K47+N47+Q47+T47+W47+Z47+AC47+AF47+AI47+AL47+AO47+AR47+AU47+AX47+BA47+BD47+BG47+BJ47+BM47+BP47+BS47+BV47+BY47+CB47+CE47+CH47+CK47+CN47+CQ47+CT47 -> 0 | F47: ชิ้น | G47: =+E47*D47 -> 0 | H47: =IFERROR(VLOOKUP(A47,'1'!U:V,2,0),"0") -> 0 | I47: ชิ้น | J47: =+H47*D47 -> 0 | K47: =IFERROR(VLOOKUP(A47,'2'!U:V,2,0),"0") -> 0 | L47: ชิ้น | M47: =+K47*D47 -> 0 | N47: =IFERROR(VLOOKUP(A47,'3'!U:V,2,0),"0") -> 0 | O47: ชิ้น | P47: =+N47*D47 -> 0 | Q47: =IFERROR(VLOOKUP(A47,'4'!U:V,2,0),"0") -> 0 | R47: ชิ้น | S47: =+Q47*D47 -> 0 | T47: =IFERROR(VLOOKUP(A47,'5'!U:V,2,0),"0") -> 0 | U47: ชิ้น | V47: =+T47*D47 -> 0 | W47: =IFERROR(VLOOKUP(A47,'6'!U:V,2,0),"0") -> 0 | X47: ชิ้น | Y47: =+W47*D47 -> 0 | Z47: =IFERROR(VLOOKUP(A47,'7'!U:V,2,0),"0") -> 0 | AA47: ชิ้น | AB47: =+Z47*D47 -> 0 | AC47: =IFERROR(VLOOKUP(A47,'8'!U:V,2,0),"0") -> 0 | AD47: ชิ้น | AE47: =+AC47*D47 -> 0 | AF47: =IFERROR(VLOOKUP(A47,'9'!U:V,2,0),"0") -> 0 | AG47: ชิ้น | AH47: =+AF47*D47 -> 0 | AI47: =IFERROR(VLOOKUP(A47,'10'!U:V,2,0),"0") -> 0 | AJ47: ชิ้น | AK47: =+AI47*D47 -> 0 | AL47: =IFERROR(VLOOKUP(A47,'11'!U:V,2,0),"0") -> 0 | AM47: ชิ้น | AN47: =+AL47*D47 -> 0 | AO47: =IFERROR(VLOOKUP(A47,'12'!U:V,2,0),"0") -> 0 | AP47: ชิ้น | AQ47: =+AO47*D47 -> 0 | AR47: =IFERROR(VLOOKUP(A47,'13'!U:V,2,0),"0") -> 0 | AS47: ชิ้น | AT47: =+AR47*D47 -> 0 | AU47: =IFERROR(VLOOKUP(A47,'14'!U:V,2,0),"0") -> 0 | AV47: ชิ้น | AW47: =+AU47*D47 -> 0 | AX47: =IFERROR(VLOOKUP(A47,'15'!U:V,2,0),"0") -> 0 | AY47: ชิ้น | AZ47: =+AX47*D47 -> 0 | BA47: =IFERROR(VLOOKUP(A47,'16'!U:V,2,0),"0") -> 0 | BB47: ชิ้น | BC47: =+BA47*D47 -> 0 | BD47: =IFERROR(VLOOKUP(A47,'17'!U:V,2,0),"0") -> 0 | BE47: ชิ้น | BF47: =+BD47*D47 -> 0 | BG47: =IFERROR(VLOOKUP(A47,'18'!U:V,2,0),"0") -> 0 | BH47: ชิ้น | BI47: =+BG47*D47 -> 0 | BJ47: =IFERROR(VLOOKUP(A47,'19'!U:V,2,0),"0") -> 0 | BK47: ชิ้น | BL47: =+BJ47*D47 -> 0 | BM47: =IFERROR(VLOOKUP(A47,'20'!U:V,2,0),"0") -> 0 | BN47: ชิ้น | BO47: =+BM47*D47 -> 0 | BP47: =IFERROR(VLOOKUP(A47,'21'!U:V,2,0),"0") -> 0 | BQ47: ชิ้น | BR47: =+BP47*D47 -> 0 | BS47: =IFERROR(VLOOKUP(A47,'22'!U:V,2,0),"0") -> 0 | BT47: ชิ้น | BU47: =+BS47*D47 -> 0 | BV47: =IFERROR(VLOOKUP(A47,'23'!U:V,2,0),"0") -> 0 | BW47: ชิ้น | BX47: =+BV47*D47 -> 0 | BY47: =IFERROR(VLOOKUP(A47,'24'!U:V,2,0),"0") -> 0 | BZ47: ชิ้น | CA47: =+BY47*D47 -> 0 | CB47: =IFERROR(VLOOKUP(A47,'25'!U:V,2,0),"0") -> 0 | CC47: ชิ้น | CD47: =+CB47*D47 -> 0 | CE47: =IFERROR(VLOOKUP(A47,'26'!U:V,2,0),"0") -> 0 | CF47: ชิ้น | CG47: =+CE47*D47 -> 0 | CH47: =IFERROR(VLOOKUP(A47,'27'!U:V,2,0),"0") -> 0 | CI47: ชิ้น | CJ47: =+CH47*D47 -> 0 | CK47: =IFERROR(VLOOKUP(A47,'28'!U:V,2,0),"0") -> 0 | CL47: ชิ้น | CM47: =+CK47*D47 -> 0 | CN47: =IFERROR(VLOOKUP(A47,'29'!U:V,2,0),"0") -> 0 | CO47: ชิ้น | CP47: =+CN47*D47 -> 0 | CQ47: =IFERROR(VLOOKUP(A47,'30'!U:V,2,0),"0") -> 0 | CR47: ชิ้น | CS47: =+CQ47*D47 -> 0 | CT47: =IFERROR(VLOOKUP(A47,'31'!U:V,2,0),"0") -> 0 | CU47: ชิ้น | CV47: =+CT47*D47 -> 0 | CW47: =IFERROR(VLOOKUP(B47,'B-plus'!A:D,4,0),"0") -> 0 | CX47: ชิ้น | CY47: =+CW47*D47 -> 0
A48: 1111066 | B48: 1111066 | C48: ชิฟฟอนไม่มีไส้เเบบเเยกชิ้น เลือกรสชาติได้ (สตอเบอรี่) | D48: 2.97 | E48: =+H48+K48+N48+Q48+T48+W48+Z48+AC48+AF48+AI48+AL48+AO48+AR48+AU48+AX48+BA48+BD48+BG48+BJ48+BM48+BP48+BS48+BV48+BY48+CB48+CE48+CH48+CK48+CN48+CQ48+CT48 -> 0 | F48: ชิ้น | G48: =+E48*D48 -> 0 | H48: =IFERROR(VLOOKUP(A48,'1'!U:V,2,0),"0") -> 0 | I48: ชิ้น | J48: =+H48*D48 -> 0 | K48: =IFERROR(VLOOKUP(A48,'2'!U:V,2,0),"0") -> 0 | L48: ชิ้น | M48: =+K48*D48 -> 0 | N48: =IFERROR(VLOOKUP(A48,'3'!U:V,2,0),"0") -> 0 | O48: ชิ้น | P48: =+N48*D48 -> 0 | Q48: =IFERROR(VLOOKUP(A48,'4'!U:V,2,0),"0") -> 0 | R48: ชิ้น | S48: =+Q48*D48 -> 0 | T48: =IFERROR(VLOOKUP(A48,'5'!U:V,2,0),"0") -> 0 | U48: ชิ้น | V48: =+T48*D48 -> 0 | W48: =IFERROR(VLOOKUP(A48,'6'!U:V,2,0),"0") -> 0 | X48: ชิ้น | Y48: =+W48*D48 -> 0 | Z48: =IFERROR(VLOOKUP(A48,'7'!U:V,2,0),"0") -> 0 | AA48: ชิ้น | AB48: =+Z48*D48 -> 0 | AC48: =IFERROR(VLOOKUP(A48,'8'!U:V,2,0),"0") -> 0 | AD48: ชิ้น | AE48: =+AC48*D48 -> 0 | AF48: =IFERROR(VLOOKUP(A48,'9'!U:V,2,0),"0") -> 0 | AG48: ชิ้น | AH48: =+AF48*D48 -> 0 | AI48: =IFERROR(VLOOKUP(A48,'10'!U:V,2,0),"0") -> 0 | AJ48: ชิ้น | AK48: =+AI48*D48 -> 0 | AL48: =IFERROR(VLOOKUP(A48,'11'!U:V,2,0),"0") -> 0 | AM48: ชิ้น | AN48: =+AL48*D48 -> 0 | AO48: =IFERROR(VLOOKUP(A48,'12'!U:V,2,0),"0") -> 0 | AP48: ชิ้น | AQ48: =+AO48*D48 -> 0 | AR48: =IFERROR(VLOOKUP(A48,'13'!U:V,2,0),"0") -> 0 | AS48: ชิ้น | AT48: =+AR48*D48 -> 0 | AU48: =IFERROR(VLOOKUP(A48,'14'!U:V,2,0),"0") -> 0 | AV48: ชิ้น | AW48: =+AU48*D48 -> 0 | AX48: =IFERROR(VLOOKUP(A48,'15'!U:V,2,0),"0") -> 0 | AY48: ชิ้น | AZ48: =+AX48*D48 -> 0 | BA48: =IFERROR(VLOOKUP(A48,'16'!U:V,2,0),"0") -> 0 | BB48: ชิ้น | BC48: =+BA48*D48 -> 0 | BD48: =IFERROR(VLOOKUP(A48,'17'!U:V,2,0),"0") -> 0 | BE48: ชิ้น | BF48: =+BD48*D48 -> 0 | BG48: =IFERROR(VLOOKUP(A48,'18'!U:V,2,0),"0") -> 0 | BH48: ชิ้น | BI48: =+BG48*D48 -> 0 | BJ48: =IFERROR(VLOOKUP(A48,'19'!U:V,2,0),"0") -> 0 | BK48: ชิ้น | BL48: =+BJ48*D48 -> 0 | BM48: =IFERROR(VLOOKUP(A48,'20'!U:V,2,0),"0") -> 0 | BN48: ชิ้น | BO48: =+BM48*D48 -> 0 | BP48: =IFERROR(VLOOKUP(A48,'21'!U:V,2,0),"0") -> 0 | BQ48: ชิ้น | BR48: =+BP48*D48 -> 0 | BS48: =IFERROR(VLOOKUP(A48,'22'!U:V,2,0),"0") -> 0 | BT48: ชิ้น | BU48: =+BS48*D48 -> 0 | BV48: =IFERROR(VLOOKUP(A48,'23'!U:V,2,0),"0") -> 0 | BW48: ชิ้น | BX48: =+BV48*D48 -> 0 | BY48: =IFERROR(VLOOKUP(A48,'24'!U:V,2,0),"0") -> 0 | BZ48: ชิ้น | CA48: =+BY48*D48 -> 0 | CB48: =IFERROR(VLOOKUP(A48,'25'!U:V,2,0),"0") -> 0 | CC48: ชิ้น | CD48: =+CB48*D48 -> 0 | CE48: =IFERROR(VLOOKUP(A48,'26'!U:V,2,0),"0") -> 0 | CF48: ชิ้น | CG48: =+CE48*D48 -> 0 | CH48: =IFERROR(VLOOKUP(A48,'27'!U:V,2,0),"0") -> 0 | CI48: ชิ้น | CJ48: =+CH48*D48 -> 0 | CK48: =IFERROR(VLOOKUP(A48,'28'!U:V,2,0),"0") -> 0 | CL48: ชิ้น | CM48: =+CK48*D48 -> 0 | CN48: =IFERROR(VLOOKUP(A48,'29'!U:V,2,0),"0") -> 0 | CO48: ชิ้น | CP48: =+CN48*D48 -> 0 | CQ48: =IFERROR(VLOOKUP(A48,'30'!U:V,2,0),"0") -> 0 | CR48: ชิ้น | CS48: =+CQ48*D48 -> 0 | CT48: =IFERROR(VLOOKUP(A48,'31'!U:V,2,0),"0") -> 0 | CU48: ชิ้น | CV48: =+CT48*D48 -> 0 | CW48: =IFERROR(VLOOKUP(B48,'B-plus'!A:D,4,0),"0") -> 0 | CX48: ชิ้น | CY48: =+CW48*D48 -> 0
A49: 1111066-A | B49: 1111066-A | C49: ชิฟฟอนไม่มีไส้ เเบบเเยกชิ้น ชิฟฟ่อนเค้ก ชิฟฟ่อน เนื้อนุ่ม วรรณวนัช (สตอเบอรี่) | D49: 2.97 | E49: =+H49+K49+N49+Q49+T49+W49+Z49+AC49+AF49+AI49+AL49+AO49+AR49+AU49+AX49+BA49+BD49+BG49+BJ49+BM49+BP49+BS49+BV49+BY49+CB49+CE49+CH49+CK49+CN49+CQ49+CT49 -> 0 | F49: ชิ้น | G49: =+E49*D49 -> 0 | H49: =IFERROR(VLOOKUP(A49,'1'!U:V,2,0),"0") -> 0 | I49: ชิ้น | J49: =+H49*D49 -> 0 | K49: =IFERROR(VLOOKUP(A49,'2'!U:V,2,0),"0") -> 0 | L49: ชิ้น | M49: =+K49*D49 -> 0 | N49: =IFERROR(VLOOKUP(A49,'3'!U:V,2,0),"0") -> 0 | O49: ชิ้น | P49: =+N49*D49 -> 0 | Q49: =IFERROR(VLOOKUP(A49,'4'!U:V,2,0),"0") -> 0 | R49: ชิ้น | S49: =+Q49*D49 -> 0 | T49: =IFERROR(VLOOKUP(A49,'5'!U:V,2,0),"0") -> 0 | U49: ชิ้น | V49: =+T49*D49 -> 0 | W49: =IFERROR(VLOOKUP(A49,'6'!U:V,2,0),"0") -> 0 | X49: ชิ้น | Y49: =+W49*D49 -> 0 | Z49: =IFERROR(VLOOKUP(A49,'7'!U:V,2,0),"0") -> 0 | AA49: ชิ้น | AB49: =+Z49*D49 -> 0 | AC49: =IFERROR(VLOOKUP(A49,'8'!U:V,2,0),"0") -> 0 | AD49: ชิ้น | AE49: =+AC49*D49 -> 0 | AF49: =IFERROR(VLOOKUP(A49,'9'!U:V,2,0),"0") -> 0 | AG49: ชิ้น | AH49: =+AF49*D49 -> 0 | AI49: =IFERROR(VLOOKUP(A49,'10'!U:V,2,0),"0") -> 0 | AJ49: ชิ้น | AK49: =+AI49*D49 -> 0 | AL49: =IFERROR(VLOOKUP(A49,'11'!U:V,2,0),"0") -> 0 | AM49: ชิ้น | AN49: =+AL49*D49 -> 0 | AO49: =IFERROR(VLOOKUP(A49,'12'!U:V,2,0),"0") -> 0 | AP49: ชิ้น | AQ49: =+AO49*D49 -> 0 | AR49: =IFERROR(VLOOKUP(A49,'13'!U:V,2,0),"0") -> 0 | AS49: ชิ้น | AT49: =+AR49*D49 -> 0 | AU49: =IFERROR(VLOOKUP(A49,'14'!U:V,2,0),"0") -> 0 | AV49: ชิ้น | AW49: =+AU49*D49 -> 0 | AX49: =IFERROR(VLOOKUP(A49,'15'!U:V,2,0),"0") -> 0 | AY49: ชิ้น | AZ49: =+AX49*D49 -> 0 | BA49: =IFERROR(VLOOKUP(A49,'16'!U:V,2,0),"0") -> 0 | BB49: ชิ้น | BC49: =+BA49*D49 -> 0 | BD49: =IFERROR(VLOOKUP(A49,'17'!U:V,2,0),"0") -> 0 | BE49: ชิ้น | BF49: =+BD49*D49 -> 0 | BG49: =IFERROR(VLOOKUP(A49,'18'!U:V,2,0),"0") -> 0 | BH49: ชิ้น | BI49: =+BG49*D49 -> 0 | BJ49: =IFERROR(VLOOKUP(A49,'19'!U:V,2,0),"0") -> 0 | BK49: ชิ้น | BL49: =+BJ49*D49 -> 0 | BM49: =IFERROR(VLOOKUP(A49,'20'!U:V,2,0),"0") -> 0 | BN49: ชิ้น | BO49: =+BM49*D49 -> 0 | BP49: =IFERROR(VLOOKUP(A49,'21'!U:V,2,0),"0") -> 0 | BQ49: ชิ้น | BR49: =+BP49*D49 -> 0 | BS49: =IFERROR(VLOOKUP(A49,'22'!U:V,2,0),"0") -> 0 | BT49: ชิ้น | BU49: =+BS49*D49 -> 0 | BV49: =IFERROR(VLOOKUP(A49,'23'!U:V,2,0),"0") -> 0 | BW49: ชิ้น | BX49: =+BV49*D49 -> 0 | BY49: =IFERROR(VLOOKUP(A49,'24'!U:V,2,0),"0") -> 0 | BZ49: ชิ้น | CA49: =+BY49*D49 -> 0 | CB49: =IFERROR(VLOOKUP(A49,'25'!U:V,2,0),"0") -> 0 | CC49: ชิ้น | CD49: =+CB49*D49 -> 0 | CE49: =IFERROR(VLOOKUP(A49,'26'!U:V,2,0),"0") -> 0 | CF49: ชิ้น | CG49: =+CE49*D49 -> 0 | CH49: =IFERROR(VLOOKUP(A49,'27'!U:V,2,0),"0") -> 0 | CI49: ชิ้น | CJ49: =+CH49*D49 -> 0 | CK49: =IFERROR(VLOOKUP(A49,'28'!U:V,2,0),"0") -> 0 | CL49: ชิ้น | CM49: =+CK49*D49 -> 0 | CN49: =IFERROR(VLOOKUP(A49,'29'!U:V,2,0),"0") -> 0 | CO49: ชิ้น | CP49: =+CN49*D49 -> 0 | CQ49: =IFERROR(VLOOKUP(A49,'30'!U:V,2,0),"0") -> 0 | CR49: ชิ้น | CS49: =+CQ49*D49 -> 0 | CT49: =IFERROR(VLOOKUP(A49,'31'!U:V,2,0),"0") -> 0 | CU49: ชิ้น | CV49: =+CT49*D49 -> 0 | CW49: =IFERROR(VLOOKUP(B49,'B-plus'!A:D,4,0),"0") -> 0 | CX49: ชิ้น | CY49: =+CW49*D49 -> 0
A50: 1111066-B | B50: 1111066-B | C50: ชิฟฟอนไม่มีไส้ เเบบเเยกชิ้น ชิฟฟ่อนเค้ก ชิฟฟ่อน เนื้อนุ่ม วรรณวนัช (สตอเบอรี่) | D50: 2.97 | E50: =+H50+K50+N50+Q50+T50+W50+Z50+AC50+AF50+AI50+AL50+AO50+AR50+AU50+AX50+BA50+BD50+BG50+BJ50+BM50+BP50+BS50+BV50+BY50+CB50+CE50+CH50+CK50+CN50+CQ50+CT50 -> 0 | F50: ชิ้น | G50: =+E50*D50 -> 0 | H50: =IFERROR(VLOOKUP(A50,'1'!U:V,2,0),"0") -> 0 | I50: ชิ้น | J50: =+H50*D50 -> 0 | K50: =IFERROR(VLOOKUP(A50,'2'!U:V,2,0),"0") -> 0 | L50: ชิ้น | M50: =+K50*D50 -> 0 | N50: =IFERROR(VLOOKUP(A50,'3'!U:V,2,0),"0") -> 0 | O50: ชิ้น | P50: =+N50*D50 -> 0 | Q50: =IFERROR(VLOOKUP(A50,'4'!U:V,2,0),"0") -> 0 | R50: ชิ้น | S50: =+Q50*D50 -> 0 | T50: =IFERROR(VLOOKUP(A50,'5'!U:V,2,0),"0") -> 0 | U50: ชิ้น | V50: =+T50*D50 -> 0 | W50: =IFERROR(VLOOKUP(A50,'6'!U:V,2,0),"0") -> 0 | X50: ชิ้น | Y50: =+W50*D50 -> 0 | Z50: =IFERROR(VLOOKUP(A50,'7'!U:V,2,0),"0") -> 0 | AA50: ชิ้น | AB50: =+Z50*D50 -> 0 | AC50: =IFERROR(VLOOKUP(A50,'8'!U:V,2,0),"0") -> 0 | AD50: ชิ้น | AE50: =+AC50*D50 -> 0 | AF50: =IFERROR(VLOOKUP(A50,'9'!U:V,2,0),"0") -> 0 | AG50: ชิ้น | AH50: =+AF50*D50 -> 0 | AI50: =IFERROR(VLOOKUP(A50,'10'!U:V,2,0),"0") -> 0 | AJ50: ชิ้น | AK50: =+AI50*D50 -> 0 | AL50: =IFERROR(VLOOKUP(A50,'11'!U:V,2,0),"0") -> 0 | AM50: ชิ้น | AN50: =+AL50*D50 -> 0 | AO50: =IFERROR(VLOOKUP(A50,'12'!U:V,2,0),"0") -> 0 | AP50: ชิ้น | AQ50: =+AO50*D50 -> 0 | AR50: =IFERROR(VLOOKUP(A50,'13'!U:V,2,0),"0") -> 0 | AS50: ชิ้น | AT50: =+AR50*D50 -> 0 | AU50: =IFERROR(VLOOKUP(A50,'14'!U:V,2,0),"0") -> 0 | AV50: ชิ้น | AW50: =+AU50*D50 -> 0 | AX50: =IFERROR(VLOOKUP(A50,'15'!U:V,2,0),"0") -> 0 | AY50: ชิ้น | AZ50: =+AX50*D50 -> 0 | BA50: =IFERROR(VLOOKUP(A50,'16'!U:V,2,0),"0") -> 0 | BB50: ชิ้น | BC50: =+BA50*D50 -> 0 | BD50: =IFERROR(VLOOKUP(A50,'17'!U:V,2,0),"0") -> 0 | BE50: ชิ้น | BF50: =+BD50*D50 -> 0 | BG50: =IFERROR(VLOOKUP(A50,'18'!U:V,2,0),"0") -> 0 | BH50: ชิ้น | BI50: =+BG50*D50 -> 0 | BJ50: =IFERROR(VLOOKUP(A50,'19'!U:V,2,0),"0") -> 0 | BK50: ชิ้น | BL50: =+BJ50*D50 -> 0 | BM50: =IFERROR(VLOOKUP(A50,'20'!U:V,2,0),"0") -> 0 | BN50: ชิ้น | BO50: =+BM50*D50 -> 0 | BP50: =IFERROR(VLOOKUP(A50,'21'!U:V,2,0),"0") -> 0 | BQ50: ชิ้น | BR50: =+BP50*D50 -> 0 | BS50: =IFERROR(VLOOKUP(A50,'22'!U:V,2,0),"0") -> 0 | BT50: ชิ้น | BU50: =+BS50*D50 -> 0 | BV50: =IFERROR(VLOOKUP(A50,'23'!U:V,2,0),"0") -> 0 | BW50: ชิ้น | BX50: =+BV50*D50 -> 0 | BY50: =IFERROR(VLOOKUP(A50,'24'!U:V,2,0),"0") -> 0 | BZ50: ชิ้น | CA50: =+BY50*D50 -> 0 | CB50: =IFERROR(VLOOKUP(A50,'25'!U:V,2,0),"0") -> 0 | CC50: ชิ้น | CD50: =+CB50*D50 -> 0 | CE50: =IFERROR(VLOOKUP(A50,'26'!U:V,2,0),"0") -> 0 | CF50: ชิ้น | CG50: =+CE50*D50 -> 0 | CH50: =IFERROR(VLOOKUP(A50,'27'!U:V,2,0),"0") -> 0 | CI50: ชิ้น | CJ50: =+CH50*D50 -> 0 | CK50: =IFERROR(VLOOKUP(A50,'28'!U:V,2,0),"0") -> 0 | CL50: ชิ้น | CM50: =+CK50*D50 -> 0 | CN50: =IFERROR(VLOOKUP(A50,'29'!U:V,2,0),"0") -> 0 | CO50: ชิ้น | CP50: =+CN50*D50 -> 0 | CQ50: =IFERROR(VLOOKUP(A50,'30'!U:V,2,0),"0") -> 0 | CR50: ชิ้น | CS50: =+CQ50*D50 -> 0 | CT50: =IFERROR(VLOOKUP(A50,'31'!U:V,2,0),"0") -> 0 | CU50: ชิ้น | CV50: =+CT50*D50 -> 0 | CW50: =IFERROR(VLOOKUP(B50,'B-plus'!A:D,4,0),"0") -> 0 | CX50: ชิ้น | CY50: =+CW50*D50 -> 0
A51: 1111067 | B51: 1111067 | C51: ชิฟฟอนไม่มีไส้เเบบเเยกชิ้น เลือกรสชาติได้ (มะพร้าว) | D51: 3.45 | E51: =+H51+K51+N51+Q51+T51+W51+Z51+AC51+AF51+AI51+AL51+AO51+AR51+AU51+AX51+BA51+BD51+BG51+BJ51+BM51+BP51+BS51+BV51+BY51+CB51+CE51+CH51+CK51+CN51+CQ51+CT51 -> 0 | F51: ชิ้น | G51: =+E51*D51 -> 0 | H51: =IFERROR(VLOOKUP(A51,'1'!U:V,2,0),"0") -> 0 | I51: ชิ้น | J51: =+H51*D51 -> 0 | K51: =IFERROR(VLOOKUP(A51,'2'!U:V,2,0),"0") -> 0 | L51: ชิ้น | M51: =+K51*D51 -> 0 | N51: =IFERROR(VLOOKUP(A51,'3'!U:V,2,0),"0") -> 0 | O51: ชิ้น | P51: =+N51*D51 -> 0 | Q51: =IFERROR(VLOOKUP(A51,'4'!U:V,2,0),"0") -> 0 | R51: ชิ้น | S51: =+Q51*D51 -> 0 | T51: =IFERROR(VLOOKUP(A51,'5'!U:V,2,0),"0") -> 0 | U51: ชิ้น | V51: =+T51*D51 -> 0 | W51: =IFERROR(VLOOKUP(A51,'6'!U:V,2,0),"0") -> 0 | X51: ชิ้น | Y51: =+W51*D51 -> 0 | Z51: =IFERROR(VLOOKUP(A51,'7'!U:V,2,0),"0") -> 0 | AA51: ชิ้น | AB51: =+Z51*D51 -> 0 | AC51: =IFERROR(VLOOKUP(A51,'8'!U:V,2,0),"0") -> 0 | AD51: ชิ้น | AE51: =+AC51*D51 -> 0 | AF51: =IFERROR(VLOOKUP(A51,'9'!U:V,2,0),"0") -> 0 | AG51: ชิ้น | AH51: =+AF51*D51 -> 0 | AI51: =IFERROR(VLOOKUP(A51,'10'!U:V,2,0),"0") -> 0 | AJ51: ชิ้น | AK51: =+AI51*D51 -> 0 | AL51: =IFERROR(VLOOKUP(A51,'11'!U:V,2,0),"0") -> 0 | AM51: ชิ้น | AN51: =+AL51*D51 -> 0 | AO51: =IFERROR(VLOOKUP(A51,'12'!U:V,2,0),"0") -> 0 | AP51: ชิ้น | AQ51: =+AO51*D51 -> 0 | AR51: =IFERROR(VLOOKUP(A51,'13'!U:V,2,0),"0") -> 0 | AS51: ชิ้น | AT51: =+AR51*D51 -> 0 | AU51: =IFERROR(VLOOKUP(A51,'14'!U:V,2,0),"0") -> 0 | AV51: ชิ้น | AW51: =+AU51*D51 -> 0 | AX51: =IFERROR(VLOOKUP(A51,'15'!U:V,2,0),"0") -> 0 | AY51: ชิ้น | AZ51: =+AX51*D51 -> 0 | BA51: =IFERROR(VLOOKUP(A51,'16'!U:V,2,0),"0") -> 0 | BB51: ชิ้น | BC51: =+BA51*D51 -> 0 | BD51: =IFERROR(VLOOKUP(A51,'17'!U:V,2,0),"0") -> 0 | BE51: ชิ้น | BF51: =+BD51*D51 -> 0 | BG51: =IFERROR(VLOOKUP(A51,'18'!U:V,2,0),"0") -> 0 | BH51: ชิ้น | BI51: =+BG51*D51 -> 0 | BJ51: =IFERROR(VLOOKUP(A51,'19'!U:V,2,0),"0") -> 0 | BK51: ชิ้น | BL51: =+BJ51*D51 -> 0 | BM51: =IFERROR(VLOOKUP(A51,'20'!U:V,2,0),"0") -> 0 | BN51: ชิ้น | BO51: =+BM51*D51 -> 0 | BP51: =IFERROR(VLOOKUP(A51,'21'!U:V,2,0),"0") -> 0 | BQ51: ชิ้น | BR51: =+BP51*D51 -> 0 | BS51: =IFERROR(VLOOKUP(A51,'22'!U:V,2,0),"0") -> 0 | BT51: ชิ้น | BU51: =+BS51*D51 -> 0 | BV51: =IFERROR(VLOOKUP(A51,'23'!U:V,2,0),"0") -> 0 | BW51: ชิ้น | BX51: =+BV51*D51 -> 0 | BY51: =IFERROR(VLOOKUP(A51,'24'!U:V,2,0),"0") -> 0 | BZ51: ชิ้น | CA51: =+BY51*D51 -> 0 | CB51: =IFERROR(VLOOKUP(A51,'25'!U:V,2,0),"0") -> 0 | CC51: ชิ้น | CD51: =+CB51*D51 -> 0 | CE51: =IFERROR(VLOOKUP(A51,'26'!U:V,2,0),"0") -> 0 | CF51: ชิ้น | CG51: =+CE51*D51 -> 0 | CH51: =IFERROR(VLOOKUP(A51,'27'!U:V,2,0),"0") -> 0 | CI51: ชิ้น | CJ51: =+CH51*D51 -> 0 | CK51: =IFERROR(VLOOKUP(A51,'28'!U:V,2,0),"0") -> 0 | CL51: ชิ้น | CM51: =+CK51*D51 -> 0 | CN51: =IFERROR(VLOOKUP(A51,'29'!U:V,2,0),"0") -> 0 | CO51: ชิ้น | CP51: =+CN51*D51 -> 0 | CQ51: =IFERROR(VLOOKUP(A51,'30'!U:V,2,0),"0") -> 0 | CR51: ชิ้น | CS51: =+CQ51*D51 -> 0 | CT51: =IFERROR(VLOOKUP(A51,'31'!U:V,2,0),"0") -> 0 | CU51: ชิ้น | CV51: =+CT51*D51 -> 0 | CW51: =IFERROR(VLOOKUP(B51,'B-plus'!A:D,4,0),"0") -> 0 | CX51: ชิ้น | CY51: =+CW51*D51 -> 0
A52: 1111067-A | B52: 1111067-A | C52: ชิฟฟอนไม่มีไส้ เเบบเเยกชิ้น ชิฟฟ่อนเค้ก ชิฟฟ่อน เนื้อนุ่ม วรรณวนัช (มะพร้าว) | D52: 3.45 | E52: =+H52+K52+N52+Q52+T52+W52+Z52+AC52+AF52+AI52+AL52+AO52+AR52+AU52+AX52+BA52+BD52+BG52+BJ52+BM52+BP52+BS52+BV52+BY52+CB52+CE52+CH52+CK52+CN52+CQ52+CT52 -> 0 | F52: ชิ้น | G52: =+E52*D52 -> 0 | H52: =IFERROR(VLOOKUP(A52,'1'!U:V,2,0),"0") -> 0 | I52: ชิ้น | J52: =+H52*D52 -> 0 | K52: =IFERROR(VLOOKUP(A52,'2'!U:V,2,0),"0") -> 0 | L52: ชิ้น | M52: =+K52*D52 -> 0 | N52: =IFERROR(VLOOKUP(A52,'3'!U:V,2,0),"0") -> 0 | O52: ชิ้น | P52: =+N52*D52 -> 0 | Q52: =IFERROR(VLOOKUP(A52,'4'!U:V,2,0),"0") -> 0 | R52: ชิ้น | S52: =+Q52*D52 -> 0 | T52: =IFERROR(VLOOKUP(A52,'5'!U:V,2,0),"0") -> 0 | U52: ชิ้น | V52: =+T52*D52 -> 0 | W52: =IFERROR(VLOOKUP(A52,'6'!U:V,2,0),"0") -> 0 | X52: ชิ้น | Y52: =+W52*D52 -> 0 | Z52: =IFERROR(VLOOKUP(A52,'7'!U:V,2,0),"0") -> 0 | AA52: ชิ้น | AB52: =+Z52*D52 -> 0 | AC52: =IFERROR(VLOOKUP(A52,'8'!U:V,2,0),"0") -> 0 | AD52: ชิ้น | AE52: =+AC52*D52 -> 0 | AF52: =IFERROR(VLOOKUP(A52,'9'!U:V,2,0),"0") -> 0 | AG52: ชิ้น | AH52: =+AF52*D52 -> 0 | AI52: =IFERROR(VLOOKUP(A52,'10'!U:V,2,0),"0") -> 0 | AJ52: ชิ้น | AK52: =+AI52*D52 -> 0 | AL52: =IFERROR(VLOOKUP(A52,'11'!U:V,2,0),"0") -> 0 | AM52: ชิ้น | AN52: =+AL52*D52 -> 0 | AO52: =IFERROR(VLOOKUP(A52,'12'!U:V,2,0),"0") -> 0 | AP52: ชิ้น | AQ52: =+AO52*D52 -> 0 | AR52: =IFERROR(VLOOKUP(A52,'13'!U:V,2,0),"0") -> 0 | AS52: ชิ้น | AT52: =+AR52*D52 -> 0 | AU52: =IFERROR(VLOOKUP(A52,'14'!U:V,2,0),"0") -> 0 | AV52: ชิ้น | AW52: =+AU52*D52 -> 0 | AX52: =IFERROR(VLOOKUP(A52,'15'!U:V,2,0),"0") -> 0 | AY52: ชิ้น | AZ52: =+AX52*D52 -> 0 | BA52: =IFERROR(VLOOKUP(A52,'16'!U:V,2,0),"0") -> 0 | BB52: ชิ้น | BC52: =+BA52*D52 -> 0 | BD52: =IFERROR(VLOOKUP(A52,'17'!U:V,2,0),"0") -> 0 | BE52: ชิ้น | BF52: =+BD52*D52 -> 0 | BG52: =IFERROR(VLOOKUP(A52,'18'!U:V,2,0),"0") -> 0 | BH52: ชิ้น | BI52: =+BG52*D52 -> 0 | BJ52: =IFERROR(VLOOKUP(A52,'19'!U:V,2,0),"0") -> 0 | BK52: ชิ้น | BL52: =+BJ52*D52 -> 0 | BM52: =IFERROR(VLOOKUP(A52,'20'!U:V,2,0),"0") -> 0 | BN52: ชิ้น | BO52: =+BM52*D52 -> 0 | BP52: =IFERROR(VLOOKUP(A52,'21'!U:V,2,0),"0") -> 0 | BQ52: ชิ้น | BR52: =+BP52*D52 -> 0 | BS52: =IFERROR(VLOOKUP(A52,'22'!U:V,2,0),"0") -> 0 | BT52: ชิ้น | BU52: =+BS52*D52 -> 0 | BV52: =IFERROR(VLOOKUP(A52,'23'!U:V,2,0),"0") -> 0 | BW52: ชิ้น | BX52: =+BV52*D52 -> 0 | BY52: =IFERROR(VLOOKUP(A52,'24'!U:V,2,0),"0") -> 0 | BZ52: ชิ้น | CA52: =+BY52*D52 -> 0 | CB52: =IFERROR(VLOOKUP(A52,'25'!U:V,2,0),"0") -> 0 | CC52: ชิ้น | CD52: =+CB52*D52 -> 0 | CE52: =IFERROR(VLOOKUP(A52,'26'!U:V,2,0),"0") -> 0 | CF52: ชิ้น | CG52: =+CE52*D52 -> 0 | CH52: =IFERROR(VLOOKUP(A52,'27'!U:V,2,0),"0") -> 0 | CI52: ชิ้น | CJ52: =+CH52*D52 -> 0 | CK52: =IFERROR(VLOOKUP(A52,'28'!U:V,2,0),"0") -> 0 | CL52: ชิ้น | CM52: =+CK52*D52 -> 0 | CN52: =IFERROR(VLOOKUP(A52,'29'!U:V,2,0),"0") -> 0 | CO52: ชิ้น | CP52: =+CN52*D52 -> 0 | CQ52: =IFERROR(VLOOKUP(A52,'30'!U:V,2,0),"0") -> 0 | CR52: ชิ้น | CS52: =+CQ52*D52 -> 0 | CT52: =IFERROR(VLOOKUP(A52,'31'!U:V,2,0),"0") -> 0 | CU52: ชิ้น | CV52: =+CT52*D52 -> 0 | CW52: =IFERROR(VLOOKUP(B52,'B-plus'!A:D,4,0),"0") -> 0 | CX52: ชิ้น | CY52: =+CW52*D52 -> 0
A53: 1111067-B | B53: 1111067-B | C53: ชิฟฟอนไม่มีไส้ เเบบเเยกชิ้น ชิฟฟ่อนเค้ก ชิฟฟ่อน เนื้อนุ่ม วรรณวนัช (มะพร้าว) | D53: 3.45 | E53: =+H53+K53+N53+Q53+T53+W53+Z53+AC53+AF53+AI53+AL53+AO53+AR53+AU53+AX53+BA53+BD53+BG53+BJ53+BM53+BP53+BS53+BV53+BY53+CB53+CE53+CH53+CK53+CN53+CQ53+CT53 -> 0 | F53: ชิ้น | G53: =+E53*D53 -> 0 | H53: =IFERROR(VLOOKUP(A53,'1'!U:V,2,0),"0") -> 0 | I53: ชิ้น | J53: =+H53*D53 -> 0 | K53: =IFERROR(VLOOKUP(A53,'2'!U:V,2,0),"0") -> 0 | L53: ชิ้น | M53: =+K53*D53 -> 0 | N53: =IFERROR(VLOOKUP(A53,'3'!U:V,2,0),"0") -> 0 | O53: ชิ้น | P53: =+N53*D53 -> 0 | Q53: =IFERROR(VLOOKUP(A53,'4'!U:V,2,0),"0") -> 0 | R53: ชิ้น | S53: =+Q53*D53 -> 0 | T53: =IFERROR(VLOOKUP(A53,'5'!U:V,2,0),"0") -> 0 | U53: ชิ้น | V53: =+T53*D53 -> 0 | W53: =IFERROR(VLOOKUP(A53,'6'!U:V,2,0),"0") -> 0 | X53: ชิ้น | Y53: =+W53*D53 -> 0 | Z53: =IFERROR(VLOOKUP(A53,'7'!U:V,2,0),"0") -> 0 | AA53: ชิ้น | AB53: =+Z53*D53 -> 0 | AC53: =IFERROR(VLOOKUP(A53,'8'!U:V,2,0),"0") -> 0 | AD53: ชิ้น | AE53: =+AC53*D53 -> 0 | AF53: =IFERROR(VLOOKUP(A53,'9'!U:V,2,0),"0") -> 0 | AG53: ชิ้น | AH53: =+AF53*D53 -> 0 | AI53: =IFERROR(VLOOKUP(A53,'10'!U:V,2,0),"0") -> 0 | AJ53: ชิ้น | AK53: =+AI53*D53 -> 0 | AL53: =IFERROR(VLOOKUP(A53,'11'!U:V,2,0),"0") -> 0 | AM53: ชิ้น | AN53: =+AL53*D53 -> 0 | AO53: =IFERROR(VLOOKUP(A53,'12'!U:V,2,0),"0") -> 0 | AP53: ชิ้น | AQ53: =+AO53*D53 -> 0 | AR53: =IFERROR(VLOOKUP(A53,'13'!U:V,2,0),"0") -> 0 | AS53: ชิ้น | AT53: =+AR53*D53 -> 0 | AU53: =IFERROR(VLOOKUP(A53,'14'!U:V,2,0),"0") -> 0 | AV53: ชิ้น | AW53: =+AU53*D53 -> 0 | AX53: =IFERROR(VLOOKUP(A53,'15'!U:V,2,0),"0") -> 0 | AY53: ชิ้น | AZ53: =+AX53*D53 -> 0 | BA53: =IFERROR(VLOOKUP(A53,'16'!U:V,2,0),"0") -> 0 | BB53: ชิ้น | BC53: =+BA53*D53 -> 0 | BD53: =IFERROR(VLOOKUP(A53,'17'!U:V,2,0),"0") -> 0 | BE53: ชิ้น | BF53: =+BD53*D53 -> 0 | BG53: =IFERROR(VLOOKUP(A53,'18'!U:V,2,0),"0") -> 0 | BH53: ชิ้น | BI53: =+BG53*D53 -> 0 | BJ53: =IFERROR(VLOOKUP(A53,'19'!U:V,2,0),"0") -> 0 | BK53: ชิ้น | BL53: =+BJ53*D53 -> 0 | BM53: =IFERROR(VLOOKUP(A53,'20'!U:V,2,0),"0") -> 0 | BN53: ชิ้น | BO53: =+BM53*D53 -> 0 | BP53: =IFERROR(VLOOKUP(A53,'21'!U:V,2,0),"0") -> 0 | BQ53: ชิ้น | BR53: =+BP53*D53 -> 0 | BS53: =IFERROR(VLOOKUP(A53,'22'!U:V,2,0),"0") -> 0 | BT53: ชิ้น | BU53: =+BS53*D53 -> 0 | BV53: =IFERROR(VLOOKUP(A53,'23'!U:V,2,0),"0") -> 0 | BW53: ชิ้น | BX53: =+BV53*D53 -> 0 | BY53: =IFERROR(VLOOKUP(A53,'24'!U:V,2,0),"0") -> 0 | BZ53: ชิ้น | CA53: =+BY53*D53 -> 0 | CB53: =IFERROR(VLOOKUP(A53,'25'!U:V,2,0),"0") -> 0 | CC53: ชิ้น | CD53: =+CB53*D53 -> 0 | CE53: =IFERROR(VLOOKUP(A53,'26'!U:V,2,0),"0") -> 0 | CF53: ชิ้น | CG53: =+CE53*D53 -> 0 | CH53: =IFERROR(VLOOKUP(A53,'27'!U:V,2,0),"0") -> 0 | CI53: ชิ้น | CJ53: =+CH53*D53 -> 0 | CK53: =IFERROR(VLOOKUP(A53,'28'!U:V,2,0),"0") -> 0 | CL53: ชิ้น | CM53: =+CK53*D53 -> 0 | CN53: =IFERROR(VLOOKUP(A53,'29'!U:V,2,0),"0") -> 0 | CO53: ชิ้น | CP53: =+CN53*D53 -> 0 | CQ53: =IFERROR(VLOOKUP(A53,'30'!U:V,2,0),"0") -> 0 | CR53: ชิ้น | CS53: =+CQ53*D53 -> 0 | CT53: =IFERROR(VLOOKUP(A53,'31'!U:V,2,0),"0") -> 0 | CU53: ชิ้น | CV53: =+CT53*D53 -> 0 | CW53: =IFERROR(VLOOKUP(B53,'B-plus'!A:D,4,0),"0") -> 0 | CX53: ชิ้น | CY53: =+CW53*D53 -> 0
A54: 1111068 | B54: 1111068 | C54: ชิฟฟอนไม่มีไส้เเบบเเยกชิ้น เลือกรสชาติได้ (เนย) | D54: 2.87 | E54: =+H54+K54+N54+Q54+T54+W54+Z54+AC54+AF54+AI54+AL54+AO54+AR54+AU54+AX54+BA54+BD54+BG54+BJ54+BM54+BP54+BS54+BV54+BY54+CB54+CE54+CH54+CK54+CN54+CQ54+CT54 -> 0 | F54: ชิ้น | G54: =+E54*D54 -> 0 | H54: =IFERROR(VLOOKUP(A54,'1'!U:V,2,0),"0") -> 0 | I54: ชิ้น | J54: =+H54*D54 -> 0 | K54: =IFERROR(VLOOKUP(A54,'2'!U:V,2,0),"0") -> 0 | L54: ชิ้น | M54: =+K54*D54 -> 0 | N54: =IFERROR(VLOOKUP(A54,'3'!U:V,2,0),"0") -> 0 | O54: ชิ้น | P54: =+N54*D54 -> 0 | Q54: =IFERROR(VLOOKUP(A54,'4'!U:V,2,0),"0") -> 0 | R54: ชิ้น | S54: =+Q54*D54 -> 0 | T54: =IFERROR(VLOOKUP(A54,'5'!U:V,2,0),"0") -> 0 | U54: ชิ้น | V54: =+T54*D54 -> 0 | W54: =IFERROR(VLOOKUP(A54,'6'!U:V,2,0),"0") -> 0 | X54: ชิ้น | Y54: =+W54*D54 -> 0 | Z54: =IFERROR(VLOOKUP(A54,'7'!U:V,2,0),"0") -> 0 | AA54: ชิ้น | AB54: =+Z54*D54 -> 0 | AC54: =IFERROR(VLOOKUP(A54,'8'!U:V,2,0),"0") -> 0 | AD54: ชิ้น | AE54: =+AC54*D54 -> 0 | AF54: =IFERROR(VLOOKUP(A54,'9'!U:V,2,0),"0") -> 0 | AG54: ชิ้น | AH54: =+AF54*D54 -> 0 | AI54: =IFERROR(VLOOKUP(A54,'10'!U:V,2,0),"0") -> 0 | AJ54: ชิ้น | AK54: =+AI54*D54 -> 0 | AL54: =IFERROR(VLOOKUP(A54,'11'!U:V,2,0),"0") -> 0 | AM54: ชิ้น | AN54: =+AL54*D54 -> 0 | AO54: =IFERROR(VLOOKUP(A54,'12'!U:V,2,0),"0") -> 0 | AP54: ชิ้น | AQ54: =+AO54*D54 -> 0 | AR54: =IFERROR(VLOOKUP(A54,'13'!U:V,2,0),"0") -> 0 | AS54: ชิ้น | AT54: =+AR54*D54 -> 0 | AU54: =IFERROR(VLOOKUP(A54,'14'!U:V,2,0),"0") -> 0 | AV54: ชิ้น | AW54: =+AU54*D54 -> 0 | AX54: =IFERROR(VLOOKUP(A54,'15'!U:V,2,0),"0") -> 0 | AY54: ชิ้น | AZ54: =+AX54*D54 -> 0 | BA54: =IFERROR(VLOOKUP(A54,'16'!U:V,2,0),"0") -> 0 | BB54: ชิ้น | BC54: =+BA54*D54 -> 0 | BD54: =IFERROR(VLOOKUP(A54,'17'!U:V,2,0),"0") -> 0 | BE54: ชิ้น | BF54: =+BD54*D54 -> 0 | BG54: =IFERROR(VLOOKUP(A54,'18'!U:V,2,0),"0") -> 0 | BH54: ชิ้น | BI54: =+BG54*D54 -> 0 | BJ54: =IFERROR(VLOOKUP(A54,'19'!U:V,2,0),"0") -> 0 | BK54: ชิ้น | BL54: =+BJ54*D54 -> 0 | BM54: =IFERROR(VLOOKUP(A54,'20'!U:V,2,0),"0") -> 0 | BN54: ชิ้น | BO54: =+BM54*D54 -> 0 | BP54: =IFERROR(VLOOKUP(A54,'21'!U:V,2,0),"0") -> 0 | BQ54: ชิ้น | BR54: =+BP54*D54 -> 0 | BS54: =IFERROR(VLOOKUP(A54,'22'!U:V,2,0),"0") -> 0 | BT54: ชิ้น | BU54: =+BS54*D54 -> 0 | BV54: =IFERROR(VLOOKUP(A54,'23'!U:V,2,0),"0") -> 0 | BW54: ชิ้น | BX54: =+BV54*D54 -> 0 | BY54: =IFERROR(VLOOKUP(A54,'24'!U:V,2,0),"0") -> 0 | BZ54: ชิ้น | CA54: =+BY54*D54 -> 0 | CB54: =IFERROR(VLOOKUP(A54,'25'!U:V,2,0),"0") -> 0 | CC54: ชิ้น | CD54: =+CB54*D54 -> 0 | CE54: =IFERROR(VLOOKUP(A54,'26'!U:V,2,0),"0") -> 0 | CF54: ชิ้น | CG54: =+CE54*D54 -> 0 | CH54: =IFERROR(VLOOKUP(A54,'27'!U:V,2,0),"0") -> 0 | CI54: ชิ้น | CJ54: =+CH54*D54 -> 0 | CK54: =IFERROR(VLOOKUP(A54,'28'!U:V,2,0),"0") -> 0 | CL54: ชิ้น | CM54: =+CK54*D54 -> 0 | CN54: =IFERROR(VLOOKUP(A54,'29'!U:V,2,0),"0") -> 0 | CO54: ชิ้น | CP54: =+CN54*D54 -> 0 | CQ54: =IFERROR(VLOOKUP(A54,'30'!U:V,2,0),"0") -> 0 | CR54: ชิ้น | CS54: =+CQ54*D54 -> 0 | CT54: =IFERROR(VLOOKUP(A54,'31'!U:V,2,0),"0") -> 0 | CU54: ชิ้น | CV54: =+CT54*D54 -> 0 | CW54: =IFERROR(VLOOKUP(B54,'B-plus'!A:D,4,0),"0") -> 0 | CX54: ชิ้น | CY54: =+CW54*D54 -> 0
A55: 1111068-A | B55: 1111068-A | C55: ชิฟฟอนไม่มีไส้ เเบบเเยกชิ้น ชิฟฟ่อนเค้ก ชิฟฟ่อน เนื้อนุ่ม วรรณวนัช (เนยนม) | D55: 2.87 | E55: =+H55+K55+N55+Q55+T55+W55+Z55+AC55+AF55+AI55+AL55+AO55+AR55+AU55+AX55+BA55+BD55+BG55+BJ55+BM55+BP55+BS55+BV55+BY55+CB55+CE55+CH55+CK55+CN55+CQ55+CT55 -> 0 | F55: ชิ้น | G55: =+E55*D55 -> 0 | H55: =IFERROR(VLOOKUP(A55,'1'!U:V,2,0),"0") -> 0 | I55: ชิ้น | J55: =+H55*D55 -> 0 | K55: =IFERROR(VLOOKUP(A55,'2'!U:V,2,0),"0") -> 0 | L55: ชิ้น | M55: =+K55*D55 -> 0 | N55: =IFERROR(VLOOKUP(A55,'3'!U:V,2,0),"0") -> 0 | O55: ชิ้น | P55: =+N55*D55 -> 0 | Q55: =IFERROR(VLOOKUP(A55,'4'!U:V,2,0),"0") -> 0 | R55: ชิ้น | S55: =+Q55*D55 -> 0 | T55: =IFERROR(VLOOKUP(A55,'5'!U:V,2,0),"0") -> 0 | U55: ชิ้น | V55: =+T55*D55 -> 0 | W55: =IFERROR(VLOOKUP(A55,'6'!U:V,2,0),"0") -> 0 | X55: ชิ้น | Y55: =+W55*D55 -> 0 | Z55: =IFERROR(VLOOKUP(A55,'7'!U:V,2,0),"0") -> 0 | AA55: ชิ้น | AB55: =+Z55*D55 -> 0 | AC55: =IFERROR(VLOOKUP(A55,'8'!U:V,2,0),"0") -> 0 | AD55: ชิ้น | AE55: =+AC55*D55 -> 0 | AF55: =IFERROR(VLOOKUP(A55,'9'!U:V,2,0),"0") -> 0 | AG55: ชิ้น | AH55: =+AF55*D55 -> 0 | AI55: =IFERROR(VLOOKUP(A55,'10'!U:V,2,0),"0") -> 0 | AJ55: ชิ้น | AK55: =+AI55*D55 -> 0 | AL55: =IFERROR(VLOOKUP(A55,'11'!U:V,2,0),"0") -> 0 | AM55: ชิ้น | AN55: =+AL55*D55 -> 0 | AO55: =IFERROR(VLOOKUP(A55,'12'!U:V,2,0),"0") -> 0 | AP55: ชิ้น | AQ55: =+AO55*D55 -> 0 | AR55: =IFERROR(VLOOKUP(A55,'13'!U:V,2,0),"0") -> 0 | AS55: ชิ้น | AT55: =+AR55*D55 -> 0 | AU55: =IFERROR(VLOOKUP(A55,'14'!U:V,2,0),"0") -> 0 | AV55: ชิ้น | AW55: =+AU55*D55 -> 0 | AX55: =IFERROR(VLOOKUP(A55,'15'!U:V,2,0),"0") -> 0 | AY55: ชิ้น | AZ55: =+AX55*D55 -> 0 | BA55: =IFERROR(VLOOKUP(A55,'16'!U:V,2,0),"0") -> 0 | BB55: ชิ้น | BC55: =+BA55*D55 -> 0 | BD55: =IFERROR(VLOOKUP(A55,'17'!U:V,2,0),"0") -> 0 | BE55: ชิ้น | BF55: =+BD55*D55 -> 0 | BG55: =IFERROR(VLOOKUP(A55,'18'!U:V,2,0),"0") -> 0 | BH55: ชิ้น | BI55: =+BG55*D55 -> 0 | BJ55: =IFERROR(VLOOKUP(A55,'19'!U:V,2,0),"0") -> 0 | BK55: ชิ้น | BL55: =+BJ55*D55 -> 0 | BM55: =IFERROR(VLOOKUP(A55,'20'!U:V,2,0),"0") -> 0 | BN55: ชิ้น | BO55: =+BM55*D55 -> 0 | BP55: =IFERROR(VLOOKUP(A55,'21'!U:V,2,0),"0") -> 0 | BQ55: ชิ้น | BR55: =+BP55*D55 -> 0 | BS55: =IFERROR(VLOOKUP(A55,'22'!U:V,2,0),"0") -> 0 | BT55: ชิ้น | BU55: =+BS55*D55 -> 0 | BV55: =IFERROR(VLOOKUP(A55,'23'!U:V,2,0),"0") -> 0 | BW55: ชิ้น | BX55: =+BV55*D55 -> 0 | BY55: =IFERROR(VLOOKUP(A55,'24'!U:V,2,0),"0") -> 0 | BZ55: ชิ้น | CA55: =+BY55*D55 -> 0 | CB55: =IFERROR(VLOOKUP(A55,'25'!U:V,2,0),"0") -> 0 | CC55: ชิ้น | CD55: =+CB55*D55 -> 0 | CE55: =IFERROR(VLOOKUP(A55,'26'!U:V,2,0),"0") -> 0 | CF55: ชิ้น | CG55: =+CE55*D55 -> 0 | CH55: =IFERROR(VLOOKUP(A55,'27'!U:V,2,0),"0") -> 0 | CI55: ชิ้น | CJ55: =+CH55*D55 -> 0 | CK55: =IFERROR(VLOOKUP(A55,'28'!U:V,2,0),"0") -> 0 | CL55: ชิ้น | CM55: =+CK55*D55 -> 0 | CN55: =IFERROR(VLOOKUP(A55,'29'!U:V,2,0),"0") -> 0 | CO55: ชิ้น | CP55: =+CN55*D55 -> 0 | CQ55: =IFERROR(VLOOKUP(A55,'30'!U:V,2,0),"0") -> 0 | CR55: ชิ้น | CS55: =+CQ55*D55 -> 0 | CT55: =IFERROR(VLOOKUP(A55,'31'!U:V,2,0),"0") -> 0 | CU55: ชิ้น | CV55: =+CT55*D55 -> 0 | CW55: =IFERROR(VLOOKUP(B55,'B-plus'!A:D,4,0),"0") -> 0 | CX55: ชิ้น | CY55: =+CW55*D55 -> 0
A56: 1111068-B | B56: 1111068-B | C56: ชิฟฟอนไม่มีไส้ เเบบเเยกชิ้น ชิฟฟ่อนเค้ก ชิฟฟ่อน เนื้อนุ่ม วรรณวนัช (เนยนม) | D56: 2.87 | E56: =+H56+K56+N56+Q56+T56+W56+Z56+AC56+AF56+AI56+AL56+AO56+AR56+AU56+AX56+BA56+BD56+BG56+BJ56+BM56+BP56+BS56+BV56+BY56+CB56+CE56+CH56+CK56+CN56+CQ56+CT56 -> 0 | F56: ชิ้น | G56: =+E56*D56 -> 0 | H56: =IFERROR(VLOOKUP(A56,'1'!U:V,2,0),"0") -> 0 | I56: ชิ้น | J56: =+H56*D56 -> 0 | K56: =IFERROR(VLOOKUP(A56,'2'!U:V,2,0),"0") -> 0 | L56: ชิ้น | M56: =+K56*D56 -> 0 | N56: =IFERROR(VLOOKUP(A56,'3'!U:V,2,0),"0") -> 0 | O56: ชิ้น | P56: =+N56*D56 -> 0 | Q56: =IFERROR(VLOOKUP(A56,'4'!U:V,2,0),"0") -> 0 | R56: ชิ้น | S56: =+Q56*D56 -> 0 | T56: =IFERROR(VLOOKUP(A56,'5'!U:V,2,0),"0") -> 0 | U56: ชิ้น | V56: =+T56*D56 -> 0 | W56: =IFERROR(VLOOKUP(A56,'6'!U:V,2,0),"0") -> 0 | X56: ชิ้น | Y56: =+W56*D56 -> 0 | Z56: =IFERROR(VLOOKUP(A56,'7'!U:V,2,0),"0") -> 0 | AA56: ชิ้น | AB56: =+Z56*D56 -> 0 | AC56: =IFERROR(VLOOKUP(A56,'8'!U:V,2,0),"0") -> 0 | AD56: ชิ้น | AE56: =+AC56*D56 -> 0 | AF56: =IFERROR(VLOOKUP(A56,'9'!U:V,2,0),"0") -> 0 | AG56: ชิ้น | AH56: =+AF56*D56 -> 0 | AI56: =IFERROR(VLOOKUP(A56,'10'!U:V,2,0),"0") -> 0 | AJ56: ชิ้น | AK56: =+AI56*D56 -> 0 | AL56: =IFERROR(VLOOKUP(A56,'11'!U:V,2,0),"0") -> 0 | AM56: ชิ้น | AN56: =+AL56*D56 -> 0 | AO56: =IFERROR(VLOOKUP(A56,'12'!U:V,2,0),"0") -> 0 | AP56: ชิ้น | AQ56: =+AO56*D56 -> 0 | AR56: =IFERROR(VLOOKUP(A56,'13'!U:V,2,0),"0") -> 0 | AS56: ชิ้น | AT56: =+AR56*D56 -> 0 | AU56: =IFERROR(VLOOKUP(A56,'14'!U:V,2,0),"0") -> 0 | AV56: ชิ้น | AW56: =+AU56*D56 -> 0 | AX56: =IFERROR(VLOOKUP(A56,'15'!U:V,2,0),"0") -> 0 | AY56: ชิ้น | AZ56: =+AX56*D56 -> 0 | BA56: =IFERROR(VLOOKUP(A56,'16'!U:V,2,0),"0") -> 0 | BB56: ชิ้น | BC56: =+BA56*D56 -> 0 | BD56: =IFERROR(VLOOKUP(A56,'17'!U:V,2,0),"0") -> 0 | BE56: ชิ้น | BF56: =+BD56*D56 -> 0 | BG56: =IFERROR(VLOOKUP(A56,'18'!U:V,2,0),"0") -> 0 | BH56: ชิ้น | BI56: =+BG56*D56 -> 0 | BJ56: =IFERROR(VLOOKUP(A56,'19'!U:V,2,0),"0") -> 0 | BK56: ชิ้น | BL56: =+BJ56*D56 -> 0 | BM56: =IFERROR(VLOOKUP(A56,'20'!U:V,2,0),"0") -> 0 | BN56: ชิ้น | BO56: =+BM56*D56 -> 0 | BP56: =IFERROR(VLOOKUP(A56,'21'!U:V,2,0),"0") -> 0 | BQ56: ชิ้น | BR56: =+BP56*D56 -> 0 | BS56: =IFERROR(VLOOKUP(A56,'22'!U:V,2,0),"0") -> 0 | BT56: ชิ้น | BU56: =+BS56*D56 -> 0 | BV56: =IFERROR(VLOOKUP(A56,'23'!U:V,2,0),"0") -> 0 | BW56: ชิ้น | BX56: =+BV56*D56 -> 0 | BY56: =IFERROR(VLOOKUP(A56,'24'!U:V,2,0),"0") -> 0 | BZ56: ชิ้น | CA56: =+BY56*D56 -> 0 | CB56: =IFERROR(VLOOKUP(A56,'25'!U:V,2,0),"0") -> 0 | CC56: ชิ้น | CD56: =+CB56*D56 -> 0 | CE56: =IFERROR(VLOOKUP(A56,'26'!U:V,2,0),"0") -> 0 | CF56: ชิ้น | CG56: =+CE56*D56 -> 0 | CH56: =IFERROR(VLOOKUP(A56,'27'!U:V,2,0),"0") -> 0 | CI56: ชิ้น | CJ56: =+CH56*D56 -> 0 | CK56: =IFERROR(VLOOKUP(A56,'28'!U:V,2,0),"0") -> 0 | CL56: ชิ้น | CM56: =+CK56*D56 -> 0 | CN56: =IFERROR(VLOOKUP(A56,'29'!U:V,2,0),"0") -> 0 | CO56: ชิ้น | CP56: =+CN56*D56 -> 0 | CQ56: =IFERROR(VLOOKUP(A56,'30'!U:V,2,0),"0") -> 0 | CR56: ชิ้น | CS56: =+CQ56*D56 -> 0 | CT56: =IFERROR(VLOOKUP(A56,'31'!U:V,2,0),"0") -> 0 | CU56: ชิ้น | CV56: =+CT56*D56 -> 0 | CW56: =IFERROR(VLOOKUP(B56,'B-plus'!A:D,4,0),"0") -> 0 | CX56: ชิ้น | CY56: =+CW56*D56 -> 0
A57: 1111069 | B57: 1111069 | C57: ชิฟฟอนไม่มีไส้เเบบเเยกชิ้น เลือกรสชาติได้ (บลูเบอรี่) | D57: 2.73 | E57: =+H57+K57+N57+Q57+T57+W57+Z57+AC57+AF57+AI57+AL57+AO57+AR57+AU57+AX57+BA57+BD57+BG57+BJ57+BM57+BP57+BS57+BV57+BY57+CB57+CE57+CH57+CK57+CN57+CQ57+CT57 -> 0 | F57: ชิ้น | G57: =+E57*D57 -> 0 | H57: =IFERROR(VLOOKUP(A57,'1'!U:V,2,0),"0") -> 0 | I57: ชิ้น | J57: =+H57*D57 -> 0 | K57: =IFERROR(VLOOKUP(A57,'2'!U:V,2,0),"0") -> 0 | L57: ชิ้น | M57: =+K57*D57 -> 0 | N57: =IFERROR(VLOOKUP(A57,'3'!U:V,2,0),"0") -> 0 | O57: ชิ้น | P57: =+N57*D57 -> 0 | Q57: =IFERROR(VLOOKUP(A57,'4'!U:V,2,0),"0") -> 0 | R57: ชิ้น | S57: =+Q57*D57 -> 0 | T57: =IFERROR(VLOOKUP(A57,'5'!U:V,2,0),"0") -> 0 | U57: ชิ้น | V57: =+T57*D57 -> 0 | W57: =IFERROR(VLOOKUP(A57,'6'!U:V,2,0),"0") -> 0 | X57: ชิ้น | Y57: =+W57*D57 -> 0 | Z57: =IFERROR(VLOOKUP(A57,'7'!U:V,2,0),"0") -> 0 | AA57: ชิ้น | AB57: =+Z57*D57 -> 0 | AC57: =IFERROR(VLOOKUP(A57,'8'!U:V,2,0),"0") -> 0 | AD57: ชิ้น | AE57: =+AC57*D57 -> 0 | AF57: =IFERROR(VLOOKUP(A57,'9'!U:V,2,0),"0") -> 0 | AG57: ชิ้น | AH57: =+AF57*D57 -> 0 | AI57: =IFERROR(VLOOKUP(A57,'10'!U:V,2,0),"0") -> 0 | AJ57: ชิ้น | AK57: =+AI57*D57 -> 0 | AL57: =IFERROR(VLOOKUP(A57,'11'!U:V,2,0),"0") -> 0 | AM57: ชิ้น | AN57: =+AL57*D57 -> 0 | AO57: =IFERROR(VLOOKUP(A57,'12'!U:V,2,0),"0") -> 0 | AP57: ชิ้น | AQ57: =+AO57*D57 -> 0 | AR57: =IFERROR(VLOOKUP(A57,'13'!U:V,2,0),"0") -> 0 | AS57: ชิ้น | AT57: =+AR57*D57 -> 0 | AU57: =IFERROR(VLOOKUP(A57,'14'!U:V,2,0),"0") -> 0 | AV57: ชิ้น | AW57: =+AU57*D57 -> 0 | AX57: =IFERROR(VLOOKUP(A57,'15'!U:V,2,0),"0") -> 0 | AY57: ชิ้น | AZ57: =+AX57*D57 -> 0 | BA57: =IFERROR(VLOOKUP(A57,'16'!U:V,2,0),"0") -> 0 | BB57: ชิ้น | BC57: =+BA57*D57 -> 0 | BD57: =IFERROR(VLOOKUP(A57,'17'!U:V,2,0),"0") -> 0 | BE57: ชิ้น | BF57: =+BD57*D57 -> 0 | BG57: =IFERROR(VLOOKUP(A57,'18'!U:V,2,0),"0") -> 0 | BH57: ชิ้น | BI57: =+BG57*D57 -> 0 | BJ57: =IFERROR(VLOOKUP(A57,'19'!U:V,2,0),"0") -> 0 | BK57: ชิ้น | BL57: =+BJ57*D57 -> 0 | BM57: =IFERROR(VLOOKUP(A57,'20'!U:V,2,0),"0") -> 0 | BN57: ชิ้น | BO57: =+BM57*D57 -> 0 | BP57: =IFERROR(VLOOKUP(A57,'21'!U:V,2,0),"0") -> 0 | BQ57: ชิ้น | BR57: =+BP57*D57 -> 0 | BS57: =IFERROR(VLOOKUP(A57,'22'!U:V,2,0),"0") -> 0 | BT57: ชิ้น | BU57: =+BS57*D57 -> 0 | BV57: =IFERROR(VLOOKUP(A57,'23'!U:V,2,0),"0") -> 0 | BW57: ชิ้น | BX57: =+BV57*D57 -> 0 | BY57: =IFERROR(VLOOKUP(A57,'24'!U:V,2,0),"0") -> 0 | BZ57: ชิ้น | CA57: =+BY57*D57 -> 0 | CB57: =IFERROR(VLOOKUP(A57,'25'!U:V,2,0),"0") -> 0 | CC57: ชิ้น | CD57: =+CB57*D57 -> 0 | CE57: =IFERROR(VLOOKUP(A57,'26'!U:V,2,0),"0") -> 0 | CF57: ชิ้น | CG57: =+CE57*D57 -> 0 | CH57: =IFERROR(VLOOKUP(A57,'27'!U:V,2,0),"0") -> 0 | CI57: ชิ้น | CJ57: =+CH57*D57 -> 0 | CK57: =IFERROR(VLOOKUP(A57,'28'!U:V,2,0),"0") -> 0 | CL57: ชิ้น | CM57: =+CK57*D57 -> 0 | CN57: =IFERROR(VLOOKUP(A57,'29'!U:V,2,0),"0") -> 0 | CO57: ชิ้น | CP57: =+CN57*D57 -> 0 | CQ57: =IFERROR(VLOOKUP(A57,'30'!U:V,2,0),"0") -> 0 | CR57: ชิ้น | CS57: =+CQ57*D57 -> 0 | CT57: =IFERROR(VLOOKUP(A57,'31'!U:V,2,0),"0") -> 0 | CU57: ชิ้น | CV57: =+CT57*D57 -> 0 | CW57: =IFERROR(VLOOKUP(B57,'B-plus'!A:D,4,0),"0") -> 0 | CX57: ชิ้น | CY57: =+CW57*D57 -> 0
A58: 1111069-A | B58: 1111069-A | C58: ชิฟฟอนไม่มีไส้ เเบบเเยกชิ้น ชิฟฟ่อนเค้ก ชิฟฟ่อน เนื้อนุ่ม วรรณวนัช (บลูเบอรี่) | D58: 2.73 | E58: =+H58+K58+N58+Q58+T58+W58+Z58+AC58+AF58+AI58+AL58+AO58+AR58+AU58+AX58+BA58+BD58+BG58+BJ58+BM58+BP58+BS58+BV58+BY58+CB58+CE58+CH58+CK58+CN58+CQ58+CT58 -> 0 | F58: ชิ้น | G58: =+E58*D58 -> 0 | H58: =IFERROR(VLOOKUP(A58,'1'!U:V,2,0),"0") -> 0 | I58: ชิ้น | J58: =+H58*D58 -> 0 | K58: =IFERROR(VLOOKUP(A58,'2'!U:V,2,0),"0") -> 0 | L58: ชิ้น | M58: =+K58*D58 -> 0 | N58: =IFERROR(VLOOKUP(A58,'3'!U:V,2,0),"0") -> 0 | O58: ชิ้น | P58: =+N58*D58 -> 0 | Q58: =IFERROR(VLOOKUP(A58,'4'!U:V,2,0),"0") -> 0 | R58: ชิ้น | S58: =+Q58*D58 -> 0 | T58: =IFERROR(VLOOKUP(A58,'5'!U:V,2,0),"0") -> 0 | U58: ชิ้น | V58: =+T58*D58 -> 0 | W58: =IFERROR(VLOOKUP(A58,'6'!U:V,2,0),"0") -> 0 | X58: ชิ้น | Y58: =+W58*D58 -> 0 | Z58: =IFERROR(VLOOKUP(A58,'7'!U:V,2,0),"0") -> 0 | AA58: ชิ้น | AB58: =+Z58*D58 -> 0 | AC58: =IFERROR(VLOOKUP(A58,'8'!U:V,2,0),"0") -> 0 | AD58: ชิ้น | AE58: =+AC58*D58 -> 0 | AF58: =IFERROR(VLOOKUP(A58,'9'!U:V,2,0),"0") -> 0 | AG58: ชิ้น | AH58: =+AF58*D58 -> 0 | AI58: =IFERROR(VLOOKUP(A58,'10'!U:V,2,0),"0") -> 0 | AJ58: ชิ้น | AK58: =+AI58*D58 -> 0 | AL58: =IFERROR(VLOOKUP(A58,'11'!U:V,2,0),"0") -> 0 | AM58: ชิ้น | AN58: =+AL58*D58 -> 0 | AO58: =IFERROR(VLOOKUP(A58,'12'!U:V,2,0),"0") -> 0 | AP58: ชิ้น | AQ58: =+AO58*D58 -> 0 | AR58: =IFERROR(VLOOKUP(A58,'13'!U:V,2,0),"0") -> 0 | AS58: ชิ้น | AT58: =+AR58*D58 -> 0 | AU58: =IFERROR(VLOOKUP(A58,'14'!U:V,2,0),"0") -> 0 | AV58: ชิ้น | AW58: =+AU58*D58 -> 0 | AX58: =IFERROR(VLOOKUP(A58,'15'!U:V,2,0),"0") -> 0 | AY58: ชิ้น | AZ58: =+AX58*D58 -> 0 | BA58: =IFERROR(VLOOKUP(A58,'16'!U:V,2,0),"0") -> 0 | BB58: ชิ้น | BC58: =+BA58*D58 -> 0 | BD58: =IFERROR(VLOOKUP(A58,'17'!U:V,2,0),"0") -> 0 | BE58: ชิ้น | BF58: =+BD58*D58 -> 0 | BG58: =IFERROR(VLOOKUP(A58,'18'!U:V,2,0),"0") -> 0 | BH58: ชิ้น | BI58: =+BG58*D58 -> 0 | BJ58: =IFERROR(VLOOKUP(A58,'19'!U:V,2,0),"0") -> 0 | BK58: ชิ้น | BL58: =+BJ58*D58 -> 0 | BM58: =IFERROR(VLOOKUP(A58,'20'!U:V,2,0),"0") -> 0 | BN58: ชิ้น | BO58: =+BM58*D58 -> 0 | BP58: =IFERROR(VLOOKUP(A58,'21'!U:V,2,0),"0") -> 0 | BQ58: ชิ้น | BR58: =+BP58*D58 -> 0 | BS58: =IFERROR(VLOOKUP(A58,'22'!U:V,2,0),"0") -> 0 | BT58: ชิ้น | BU58: =+BS58*D58 -> 0 | BV58: =IFERROR(VLOOKUP(A58,'23'!U:V,2,0),"0") -> 0 | BW58: ชิ้น | BX58: =+BV58*D58 -> 0 | BY58: =IFERROR(VLOOKUP(A58,'24'!U:V,2,0),"0") -> 0 | BZ58: ชิ้น | CA58: =+BY58*D58 -> 0 | CB58: =IFERROR(VLOOKUP(A58,'25'!U:V,2,0),"0") -> 0 | CC58: ชิ้น | CD58: =+CB58*D58 -> 0 | CE58: =IFERROR(VLOOKUP(A58,'26'!U:V,2,0),"0") -> 0 | CF58: ชิ้น | CG58: =+CE58*D58 -> 0 | CH58: =IFERROR(VLOOKUP(A58,'27'!U:V,2,0),"0") -> 0 | CI58: ชิ้น | CJ58: =+CH58*D58 -> 0 | CK58: =IFERROR(VLOOKUP(A58,'28'!U:V,2,0),"0") -> 0 | CL58: ชิ้น | CM58: =+CK58*D58 -> 0 | CN58: =IFERROR(VLOOKUP(A58,'29'!U:V,2,0),"0") -> 0 | CO58: ชิ้น | CP58: =+CN58*D58 -> 0 | CQ58: =IFERROR(VLOOKUP(A58,'30'!U:V,2,0),"0") -> 0 | CR58: ชิ้น | CS58: =+CQ58*D58 -> 0 | CT58: =IFERROR(VLOOKUP(A58,'31'!U:V,2,0),"0") -> 0 | CU58: ชิ้น | CV58: =+CT58*D58 -> 0 | CW58: =IFERROR(VLOOKUP(B58,'B-plus'!A:D,4,0),"0") -> 0 | CX58: ชิ้น | CY58: =+CW58*D58 -> 0
A59: 1111069-B | B59: 1111069-B | C59: ชิฟฟอนไม่มีไส้ เเบบเเยกชิ้น ชิฟฟ่อนเค้ก ชิฟฟ่อน เนื้อนุ่ม วรรณวนัช (บลูเบอรี่) | D59: 2.73 | E59: =+H59+K59+N59+Q59+T59+W59+Z59+AC59+AF59+AI59+AL59+AO59+AR59+AU59+AX59+BA59+BD59+BG59+BJ59+BM59+BP59+BS59+BV59+BY59+CB59+CE59+CH59+CK59+CN59+CQ59+CT59 -> 0 | F59: ชิ้น | G59: =+E59*D59 -> 0 | H59: =IFERROR(VLOOKUP(A59,'1'!U:V,2,0),"0") -> 0 | I59: ชิ้น | J59: =+H59*D59 -> 0 | K59: =IFERROR(VLOOKUP(A59,'2'!U:V,2,0),"0") -> 0 | L59: ชิ้น | M59: =+K59*D59 -> 0 | N59: =IFERROR(VLOOKUP(A59,'3'!U:V,2,0),"0") -> 0 | O59: ชิ้น | P59: =+N59*D59 -> 0 | Q59: =IFERROR(VLOOKUP(A59,'4'!U:V,2,0),"0") -> 0 | R59: ชิ้น | S59: =+Q59*D59 -> 0 | T59: =IFERROR(VLOOKUP(A59,'5'!U:V,2,0),"0") -> 0 | U59: ชิ้น | V59: =+T59*D59 -> 0 | W59: =IFERROR(VLOOKUP(A59,'6'!U:V,2,0),"0") -> 0 | X59: ชิ้น | Y59: =+W59*D59 -> 0 | Z59: =IFERROR(VLOOKUP(A59,'7'!U:V,2,0),"0") -> 0 | AA59: ชิ้น | AB59: =+Z59*D59 -> 0 | AC59: =IFERROR(VLOOKUP(A59,'8'!U:V,2,0),"0") -> 0 | AD59: ชิ้น | AE59: =+AC59*D59 -> 0 | AF59: =IFERROR(VLOOKUP(A59,'9'!U:V,2,0),"0") -> 0 | AG59: ชิ้น | AH59: =+AF59*D59 -> 0 | AI59: =IFERROR(VLOOKUP(A59,'10'!U:V,2,0),"0") -> 0 | AJ59: ชิ้น | AK59: =+AI59*D59 -> 0 | AL59: =IFERROR(VLOOKUP(A59,'11'!U:V,2,0),"0") -> 0 | AM59: ชิ้น | AN59: =+AL59*D59 -> 0 | AO59: =IFERROR(VLOOKUP(A59,'12'!U:V,2,0),"0") -> 0 | AP59: ชิ้น | AQ59: =+AO59*D59 -> 0 | AR59: =IFERROR(VLOOKUP(A59,'13'!U:V,2,0),"0") -> 0 | AS59: ชิ้น | AT59: =+AR59*D59 -> 0 | AU59: =IFERROR(VLOOKUP(A59,'14'!U:V,2,0),"0") -> 0 | AV59: ชิ้น | AW59: =+AU59*D59 -> 0 | AX59: =IFERROR(VLOOKUP(A59,'15'!U:V,2,0),"0") -> 0 | AY59: ชิ้น | AZ59: =+AX59*D59 -> 0 | BA59: =IFERROR(VLOOKUP(A59,'16'!U:V,2,0),"0") -> 0 | BB59: ชิ้น | BC59: =+BA59*D59 -> 0 | BD59: =IFERROR(VLOOKUP(A59,'17'!U:V,2,0),"0") -> 0 | BE59: ชิ้น | BF59: =+BD59*D59 -> 0 | BG59: =IFERROR(VLOOKUP(A59,'18'!U:V,2,0),"0") -> 0 | BH59: ชิ้น | BI59: =+BG59*D59 -> 0 | BJ59: =IFERROR(VLOOKUP(A59,'19'!U:V,2,0),"0") -> 0 | BK59: ชิ้น | BL59: =+BJ59*D59 -> 0 | BM59: =IFERROR(VLOOKUP(A59,'20'!U:V,2,0),"0") -> 0 | BN59: ชิ้น | BO59: =+BM59*D59 -> 0 | BP59: =IFERROR(VLOOKUP(A59,'21'!U:V,2,0),"0") -> 0 | BQ59: ชิ้น | BR59: =+BP59*D59 -> 0 | BS59: =IFERROR(VLOOKUP(A59,'22'!U:V,2,0),"0") -> 0 | BT59: ชิ้น | BU59: =+BS59*D59 -> 0 | BV59: =IFERROR(VLOOKUP(A59,'23'!U:V,2,0),"0") -> 0 | BW59: ชิ้น | BX59: =+BV59*D59 -> 0 | BY59: =IFERROR(VLOOKUP(A59,'24'!U:V,2,0),"0") -> 0 | BZ59: ชิ้น | CA59: =+BY59*D59 -> 0 | CB59: =IFERROR(VLOOKUP(A59,'25'!U:V,2,0),"0") -> 0 | CC59: ชิ้น | CD59: =+CB59*D59 -> 0 | CE59: =IFERROR(VLOOKUP(A59,'26'!U:V,2,0),"0") -> 0 | CF59: ชิ้น | CG59: =+CE59*D59 -> 0 | CH59: =IFERROR(VLOOKUP(A59,'27'!U:V,2,0),"0") -> 0 | CI59: ชิ้น | CJ59: =+CH59*D59 -> 0 | CK59: =IFERROR(VLOOKUP(A59,'28'!U:V,2,0),"0") -> 0 | CL59: ชิ้น | CM59: =+CK59*D59 -> 0 | CN59: =IFERROR(VLOOKUP(A59,'29'!U:V,2,0),"0") -> 0 | CO59: ชิ้น | CP59: =+CN59*D59 -> 0 | CQ59: =IFERROR(VLOOKUP(A59,'30'!U:V,2,0),"0") -> 0 | CR59: ชิ้น | CS59: =+CQ59*D59 -> 0 | CT59: =IFERROR(VLOOKUP(A59,'31'!U:V,2,0),"0") -> 0 | CU59: ชิ้น | CV59: =+CT59*D59 -> 0 | CW59: =IFERROR(VLOOKUP(B59,'B-plus'!A:D,4,0),"0") -> 0 | CX59: ชิ้น | CY59: =+CW59*D59 -> 0
A60: 1111070 | B60: 1111070 | C60: ชิฟฟอนไม่มีไส้เเบบเเยกชิ้น เลือกรสชาติได้ (ทุเรียน) | D60: 3.15 | E60: =+H60+K60+N60+Q60+T60+W60+Z60+AC60+AF60+AI60+AL60+AO60+AR60+AU60+AX60+BA60+BD60+BG60+BJ60+BM60+BP60+BS60+BV60+BY60+CB60+CE60+CH60+CK60+CN60+CQ60+CT60 -> 0 | F60: ชิ้น | G60: =+E60*D60 -> 0 | H60: =IFERROR(VLOOKUP(A60,'1'!U:V,2,0),"0") -> 0 | I60: ชิ้น | J60: =+H60*D60 -> 0 | K60: =IFERROR(VLOOKUP(A60,'2'!U:V,2,0),"0") -> 0 | L60: ชิ้น | M60: =+K60*D60 -> 0 | N60: =IFERROR(VLOOKUP(A60,'3'!U:V,2,0),"0") -> 0 | O60: ชิ้น | P60: =+N60*D60 -> 0 | Q60: =IFERROR(VLOOKUP(A60,'4'!U:V,2,0),"0") -> 0 | R60: ชิ้น | S60: =+Q60*D60 -> 0 | T60: =IFERROR(VLOOKUP(A60,'5'!U:V,2,0),"0") -> 0 | U60: ชิ้น | V60: =+T60*D60 -> 0 | W60: =IFERROR(VLOOKUP(A60,'6'!U:V,2,0),"0") -> 0 | X60: ชิ้น | Y60: =+W60*D60 -> 0 | Z60: =IFERROR(VLOOKUP(A60,'7'!U:V,2,0),"0") -> 0 | AA60: ชิ้น | AB60: =+Z60*D60 -> 0 | AC60: =IFERROR(VLOOKUP(A60,'8'!U:V,2,0),"0") -> 0 | AD60: ชิ้น | AE60: =+AC60*D60 -> 0 | AF60: =IFERROR(VLOOKUP(A60,'9'!U:V,2,0),"0") -> 0 | AG60: ชิ้น | AH60: =+AF60*D60 -> 0 | AI60: =IFERROR(VLOOKUP(A60,'10'!U:V,2,0),"0") -> 0 | AJ60: ชิ้น | AK60: =+AI60*D60 -> 0 | AL60: =IFERROR(VLOOKUP(A60,'11'!U:V,2,0),"0") -> 0 | AM60: ชิ้น | AN60: =+AL60*D60 -> 0 | AO60: =IFERROR(VLOOKUP(A60,'12'!U:V,2,0),"0") -> 0 | AP60: ชิ้น | AQ60: =+AO60*D60 -> 0 | AR60: =IFERROR(VLOOKUP(A60,'13'!U:V,2,0),"0") -> 0 | AS60: ชิ้น | AT60: =+AR60*D60 -> 0 | AU60: =IFERROR(VLOOKUP(A60,'14'!U:V,2,0),"0") -> 0 | AV60: ชิ้น | AW60: =+AU60*D60 -> 0 | AX60: =IFERROR(VLOOKUP(A60,'15'!U:V,2,0),"0") -> 0 | AY60: ชิ้น | AZ60: =+AX60*D60 -> 0 | BA60: =IFERROR(VLOOKUP(A60,'16'!U:V,2,0),"0") -> 0 | BB60: ชิ้น | BC60: =+BA60*D60 -> 0 | BD60: =IFERROR(VLOOKUP(A60,'17'!U:V,2,0),"0") -> 0 | BE60: ชิ้น | BF60: =+BD60*D60 -> 0 | BG60: =IFERROR(VLOOKUP(A60,'18'!U:V,2,0),"0") -> 0 | BH60: ชิ้น | BI60: =+BG60*D60 -> 0 | BJ60: =IFERROR(VLOOKUP(A60,'19'!U:V,2,0),"0") -> 0 | BK60: ชิ้น | BL60: =+BJ60*D60 -> 0 | BM60: =IFERROR(VLOOKUP(A60,'20'!U:V,2,0),"0") -> 0 | BN60: ชิ้น | BO60: =+BM60*D60 -> 0 | BP60: =IFERROR(VLOOKUP(A60,'21'!U:V,2,0),"0") -> 0 | BQ60: ชิ้น | BR60: =+BP60*D60 -> 0 | BS60: =IFERROR(VLOOKUP(A60,'22'!U:V,2,0),"0") -> 0 | BT60: ชิ้น | BU60: =+BS60*D60 -> 0 | BV60: =IFERROR(VLOOKUP(A60,'23'!U:V,2,0),"0") -> 0 | BW60: ชิ้น | BX60: =+BV60*D60 -> 0 | BY60: =IFERROR(VLOOKUP(A60,'24'!U:V,2,0),"0") -> 0 | BZ60: ชิ้น | CA60: =+BY60*D60 -> 0 | CB60: =IFERROR(VLOOKUP(A60,'25'!U:V,2,0),"0") -> 0 | CC60: ชิ้น | CD60: =+CB60*D60 -> 0 | CE60: =IFERROR(VLOOKUP(A60,'26'!U:V,2,0),"0") -> 0 | CF60: ชิ้น | CG60: =+CE60*D60 -> 0 | CH60: =IFERROR(VLOOKUP(A60,'27'!U:V,2,0),"0") -> 0 | CI60: ชิ้น | CJ60: =+CH60*D60 -> 0 | CK60: =IFERROR(VLOOKUP(A60,'28'!U:V,2,0),"0") -> 0 | CL60: ชิ้น | CM60: =+CK60*D60 -> 0 | CN60: =IFERROR(VLOOKUP(A60,'29'!U:V,2,0),"0") -> 0 | CO60: ชิ้น | CP60: =+CN60*D60 -> 0 | CQ60: =IFERROR(VLOOKUP(A60,'30'!U:V,2,0),"0") -> 0 | CR60: ชิ้น | CS60: =+CQ60*D60 -> 0 | CT60: =IFERROR(VLOOKUP(A60,'31'!U:V,2,0),"0") -> 0 | CU60: ชิ้น | CV60: =+CT60*D60 -> 0 | CW60: =IFERROR(VLOOKUP(B60,'B-plus'!A:D,4,0),"0") -> 0 | CX60: ชิ้น | CY60: =+CW60*D60 -> 0
A61: 1111071 | B61: 1111071 | C61: ชิฟฟอนไม่มีไส้เเบบเเยกชิ้น เลือกรสชาติได้ (ตาล) | D61: 2.79 | E61: =+H61+K61+N61+Q61+T61+W61+Z61+AC61+AF61+AI61+AL61+AO61+AR61+AU61+AX61+BA61+BD61+BG61+BJ61+BM61+BP61+BS61+BV61+BY61+CB61+CE61+CH61+CK61+CN61+CQ61+CT61 -> 0 | F61: ชิ้น | G61: =+E61*D61 -> 0 | H61: =IFERROR(VLOOKUP(A61,'1'!U:V,2,0),"0") -> 0 | I61: ชิ้น | J61: =+H61*D61 -> 0 | K61: =IFERROR(VLOOKUP(A61,'2'!U:V,2,0),"0") -> 0 | L61: ชิ้น | M61: =+K61*D61 -> 0 | N61: =IFERROR(VLOOKUP(A61,'3'!U:V,2,0),"0") -> 0 | O61: ชิ้น | P61: =+N61*D61 -> 0 | Q61: =IFERROR(VLOOKUP(A61,'4'!U:V,2,0),"0") -> 0 | R61: ชิ้น | S61: =+Q61*D61 -> 0 | T61: =IFERROR(VLOOKUP(A61,'5'!U:V,2,0),"0") -> 0 | U61: ชิ้น | V61: =+T61*D61 -> 0 | W61: =IFERROR(VLOOKUP(A61,'6'!U:V,2,0),"0") -> 0 | X61: ชิ้น | Y61: =+W61*D61 -> 0 | Z61: =IFERROR(VLOOKUP(A61,'7'!U:V,2,0),"0") -> 0 | AA61: ชิ้น | AB61: =+Z61*D61 -> 0 | AC61: =IFERROR(VLOOKUP(A61,'8'!U:V,2,0),"0") -> 0 | AD61: ชิ้น | AE61: =+AC61*D61 -> 0 | AF61: =IFERROR(VLOOKUP(A61,'9'!U:V,2,0),"0") -> 0 | AG61: ชิ้น | AH61: =+AF61*D61 -> 0 | AI61: =IFERROR(VLOOKUP(A61,'10'!U:V,2,0),"0") -> 0 | AJ61: ชิ้น | AK61: =+AI61*D61 -> 0 | AL61: =IFERROR(VLOOKUP(A61,'11'!U:V,2,0),"0") -> 0 | AM61: ชิ้น | AN61: =+AL61*D61 -> 0 | AO61: =IFERROR(VLOOKUP(A61,'12'!U:V,2,0),"0") -> 0 | AP61: ชิ้น | AQ61: =+AO61*D61 -> 0 | AR61: =IFERROR(VLOOKUP(A61,'13'!U:V,2,0),"0") -> 0 | AS61: ชิ้น | AT61: =+AR61*D61 -> 0 | AU61: =IFERROR(VLOOKUP(A61,'14'!U:V,2,0),"0") -> 0 | AV61: ชิ้น | AW61: =+AU61*D61 -> 0 | AX61: =IFERROR(VLOOKUP(A61,'15'!U:V,2,0),"0") -> 0 | AY61: ชิ้น | AZ61: =+AX61*D61 -> 0 | BA61: =IFERROR(VLOOKUP(A61,'16'!U:V,2,0),"0") -> 0 | BB61: ชิ้น | BC61: =+BA61*D61 -> 0 | BD61: =IFERROR(VLOOKUP(A61,'17'!U:V,2,0),"0") -> 0 | BE61: ชิ้น | BF61: =+BD61*D61 -> 0 | BG61: =IFERROR(VLOOKUP(A61,'18'!U:V,2,0),"0") -> 0 | BH61: ชิ้น | BI61: =+BG61*D61 -> 0 | BJ61: =IFERROR(VLOOKUP(A61,'19'!U:V,2,0),"0") -> 0 | BK61: ชิ้น | BL61: =+BJ61*D61 -> 0 | BM61: =IFERROR(VLOOKUP(A61,'20'!U:V,2,0),"0") -> 0 | BN61: ชิ้น | BO61: =+BM61*D61 -> 0 | BP61: =IFERROR(VLOOKUP(A61,'21'!U:V,2,0),"0") -> 0 | BQ61: ชิ้น | BR61: =+BP61*D61 -> 0 | BS61: =IFERROR(VLOOKUP(A61,'22'!U:V,2,0),"0") -> 0 | BT61: ชิ้น | BU61: =+BS61*D61 -> 0 | BV61: =IFERROR(VLOOKUP(A61,'23'!U:V,2,0),"0") -> 0 | BW61: ชิ้น | BX61: =+BV61*D61 -> 0 | BY61: =IFERROR(VLOOKUP(A61,'24'!U:V,2,0),"0") -> 0 | BZ61: ชิ้น | CA61: =+BY61*D61 -> 0 | CB61: =IFERROR(VLOOKUP(A61,'25'!U:V,2,0),"0") -> 0 | CC61: ชิ้น | CD61: =+CB61*D61 -> 0 | CE61: =IFERROR(VLOOKUP(A61,'26'!U:V,2,0),"0") -> 0 | CF61: ชิ้น | CG61: =+CE61*D61 -> 0 | CH61: =IFERROR(VLOOKUP(A61,'27'!U:V,2,0),"0") -> 0 | CI61: ชิ้น | CJ61: =+CH61*D61 -> 0 | CK61: =IFERROR(VLOOKUP(A61,'28'!U:V,2,0),"0") -> 0 | CL61: ชิ้น | CM61: =+CK61*D61 -> 0 | CN61: =IFERROR(VLOOKUP(A61,'29'!U:V,2,0),"0") -> 0 | CO61: ชิ้น | CP61: =+CN61*D61 -> 0 | CQ61: =IFERROR(VLOOKUP(A61,'30'!U:V,2,0),"0") -> 0 | CR61: ชิ้น | CS61: =+CQ61*D61 -> 0 | CT61: =IFERROR(VLOOKUP(A61,'31'!U:V,2,0),"0") -> 0 | CU61: ชิ้น | CV61: =+CT61*D61 -> 0 | CW61: =IFERROR(VLOOKUP(B61,'B-plus'!A:D,4,0),"0") -> 0 | CX61: ชิ้น | CY61: =+CW61*D61 -> 0
A62: 1111074 | B62: 1111074 | C62: ชิฟฟ่อนสอดไส้ 1 ชิ้น ชิฟฟ่อนเค้ก เลือกรสชาติได้ (มะพร้าว) | D62: 3.18 | E62: =+H62+K62+N62+Q62+T62+W62+Z62+AC62+AF62+AI62+AL62+AO62+AR62+AU62+AX62+BA62+BD62+BG62+BJ62+BM62+BP62+BS62+BV62+BY62+CB62+CE62+CH62+CK62+CN62+CQ62+CT62 -> 0 | F62: ชิ้น | G62: =+E62*D62 -> 0 | H62: =IFERROR(VLOOKUP(A62,'1'!U:V,2,0),"0") -> 0 | I62: ชิ้น | J62: =+H62*D62 -> 0 | K62: =IFERROR(VLOOKUP(A62,'2'!U:V,2,0),"0") -> 0 | L62: ชิ้น | M62: =+K62*D62 -> 0 | N62: =IFERROR(VLOOKUP(A62,'3'!U:V,2,0),"0") -> 0 | O62: ชิ้น | P62: =+N62*D62 -> 0 | Q62: =IFERROR(VLOOKUP(A62,'4'!U:V,2,0),"0") -> 0 | R62: ชิ้น | S62: =+Q62*D62 -> 0 | T62: =IFERROR(VLOOKUP(A62,'5'!U:V,2,0),"0") -> 0 | U62: ชิ้น | V62: =+T62*D62 -> 0 | W62: =IFERROR(VLOOKUP(A62,'6'!U:V,2,0),"0") -> 0 | X62: ชิ้น | Y62: =+W62*D62 -> 0 | Z62: =IFERROR(VLOOKUP(A62,'7'!U:V,2,0),"0") -> 0 | AA62: ชิ้น | AB62: =+Z62*D62 -> 0 | AC62: =IFERROR(VLOOKUP(A62,'8'!U:V,2,0),"0") -> 0 | AD62: ชิ้น | AE62: =+AC62*D62 -> 0 | AF62: =IFERROR(VLOOKUP(A62,'9'!U:V,2,0),"0") -> 0 | AG62: ชิ้น | AH62: =+AF62*D62 -> 0 | AI62: =IFERROR(VLOOKUP(A62,'10'!U:V,2,0),"0") -> 0 | AJ62: ชิ้น | AK62: =+AI62*D62 -> 0 | AL62: =IFERROR(VLOOKUP(A62,'11'!U:V,2,0),"0") -> 0 | AM62: ชิ้น | AN62: =+AL62*D62 -> 0 | AO62: =IFERROR(VLOOKUP(A62,'12'!U:V,2,0),"0") -> 0 | AP62: ชิ้น | AQ62: =+AO62*D62 -> 0 | AR62: =IFERROR(VLOOKUP(A62,'13'!U:V,2,0),"0") -> 0 | AS62: ชิ้น | AT62: =+AR62*D62 -> 0 | AU62: =IFERROR(VLOOKUP(A62,'14'!U:V,2,0),"0") -> 0 | AV62: ชิ้น | AW62: =+AU62*D62 -> 0 | AX62: =IFERROR(VLOOKUP(A62,'15'!U:V,2,0),"0") -> 0 | AY62: ชิ้น | AZ62: =+AX62*D62 -> 0 | BA62: =IFERROR(VLOOKUP(A62,'16'!U:V,2,0),"0") -> 0 | BB62: ชิ้น | BC62: =+BA62*D62 -> 0 | BD62: =IFERROR(VLOOKUP(A62,'17'!U:V,2,0),"0") -> 0 | BE62: ชิ้น | BF62: =+BD62*D62 -> 0 | BG62: =IFERROR(VLOOKUP(A62,'18'!U:V,2,0),"0") -> 0 | BH62: ชิ้น | BI62: =+BG62*D62 -> 0 | BJ62: =IFERROR(VLOOKUP(A62,'19'!U:V,2,0),"0") -> 0 | BK62: ชิ้น | BL62: =+BJ62*D62 -> 0 | BM62: =IFERROR(VLOOKUP(A62,'20'!U:V,2,0),"0") -> 0 | BN62: ชิ้น | BO62: =+BM62*D62 -> 0 | BP62: =IFERROR(VLOOKUP(A62,'21'!U:V,2,0),"0") -> 0 | BQ62: ชิ้น | BR62: =+BP62*D62 -> 0 | BS62: =IFERROR(VLOOKUP(A62,'22'!U:V,2,0),"0") -> 0 | BT62: ชิ้น | BU62: =+BS62*D62 -> 0 | BV62: =IFERROR(VLOOKUP(A62,'23'!U:V,2,0),"0") -> 0 | BW62: ชิ้น | BX62: =+BV62*D62 -> 0 | BY62: =IFERROR(VLOOKUP(A62,'24'!U:V,2,0),"0") -> 0 | BZ62: ชิ้น | CA62: =+BY62*D62 -> 0 | CB62: =IFERROR(VLOOKUP(A62,'25'!U:V,2,0),"0") -> 0 | CC62: ชิ้น | CD62: =+CB62*D62 -> 0 | CE62: =IFERROR(VLOOKUP(A62,'26'!U:V,2,0),"0") -> 0 | CF62: ชิ้น | CG62: =+CE62*D62 -> 0 | CH62: =IFERROR(VLOOKUP(A62,'27'!U:V,2,0),"0") -> 0 | CI62: ชิ้น | CJ62: =+CH62*D62 -> 0 | CK62: =IFERROR(VLOOKUP(A62,'28'!U:V,2,0),"0") -> 0 | CL62: ชิ้น | CM62: =+CK62*D62 -> 0 | CN62: =IFERROR(VLOOKUP(A62,'29'!U:V,2,0),"0") -> 0 | CO62: ชิ้น | CP62: =+CN62*D62 -> 0 | CQ62: =IFERROR(VLOOKUP(A62,'30'!U:V,2,0),"0") -> 0 | CR62: ชิ้น | CS62: =+CQ62*D62 -> 0 | CT62: =IFERROR(VLOOKUP(A62,'31'!U:V,2,0),"0") -> 0 | CU62: ชิ้น | CV62: =+CT62*D62 -> 0 | CW62: =IFERROR(VLOOKUP(B62,'B-plus'!A:D,4,0),"0") -> 0 | CX62: ชิ้น | CY62: =+CW62*D62 -> 0
A63: 1111074-B | B63: 1111074-B | C63: ชิฟฟ่อนสอดไส้ 1 ชิ้น ชิฟฟ่อนเค้ก เลือกรสชาติได้ (มะพร้าว) | D63: 3.18 | E63: =+H63+K63+N63+Q63+T63+W63+Z63+AC63+AF63+AI63+AL63+AO63+AR63+AU63+AX63+BA63+BD63+BG63+BJ63+BM63+BP63+BS63+BV63+BY63+CB63+CE63+CH63+CK63+CN63+CQ63+CT63 -> 0 | F63: ชิ้น | G63: =+E63*D63 -> 0 | H63: =IFERROR(VLOOKUP(A63,'1'!U:V,2,0),"0") -> 0 | I63: ชิ้น | J63: =+H63*D63 -> 0 | K63: =IFERROR(VLOOKUP(A63,'2'!U:V,2,0),"0") -> 0 | L63: ชิ้น | M63: =+K63*D63 -> 0 | N63: =IFERROR(VLOOKUP(A63,'3'!U:V,2,0),"0") -> 0 | O63: ชิ้น | P63: =+N63*D63 -> 0 | Q63: =IFERROR(VLOOKUP(A63,'4'!U:V,2,0),"0") -> 0 | R63: ชิ้น | S63: =+Q63*D63 -> 0 | T63: =IFERROR(VLOOKUP(A63,'5'!U:V,2,0),"0") -> 0 | U63: ชิ้น | V63: =+T63*D63 -> 0 | W63: =IFERROR(VLOOKUP(A63,'6'!U:V,2,0),"0") -> 0 | X63: ชิ้น | Y63: =+W63*D63 -> 0 | Z63: =IFERROR(VLOOKUP(A63,'7'!U:V,2,0),"0") -> 0 | AA63: ชิ้น | AB63: =+Z63*D63 -> 0 | AC63: =IFERROR(VLOOKUP(A63,'8'!U:V,2,0),"0") -> 0 | AD63: ชิ้น | AE63: =+AC63*D63 -> 0 | AF63: =IFERROR(VLOOKUP(A63,'9'!U:V,2,0),"0") -> 0 | AG63: ชิ้น | AH63: =+AF63*D63 -> 0 | AI63: =IFERROR(VLOOKUP(A63,'10'!U:V,2,0),"0") -> 0 | AJ63: ชิ้น | AK63: =+AI63*D63 -> 0 | AL63: =IFERROR(VLOOKUP(A63,'11'!U:V,2,0),"0") -> 0 | AM63: ชิ้น | AN63: =+AL63*D63 -> 0 | AO63: =IFERROR(VLOOKUP(A63,'12'!U:V,2,0),"0") -> 0 | AP63: ชิ้น | AQ63: =+AO63*D63 -> 0 | AR63: =IFERROR(VLOOKUP(A63,'13'!U:V,2,0),"0") -> 0 | AS63: ชิ้น | AT63: =+AR63*D63 -> 0 | AU63: =IFERROR(VLOOKUP(A63,'14'!U:V,2,0),"0") -> 0 | AV63: ชิ้น | AW63: =+AU63*D63 -> 0 | AX63: =IFERROR(VLOOKUP(A63,'15'!U:V,2,0),"0") -> 0 | AY63: ชิ้น | AZ63: =+AX63*D63 -> 0 | BA63: =IFERROR(VLOOKUP(A63,'16'!U:V,2,0),"0") -> 0 | BB63: ชิ้น | BC63: =+BA63*D63 -> 0 | BD63: =IFERROR(VLOOKUP(A63,'17'!U:V,2,0),"0") -> 0 | BE63: ชิ้น | BF63: =+BD63*D63 -> 0 | BG63: =IFERROR(VLOOKUP(A63,'18'!U:V,2,0),"0") -> 0 | BH63: ชิ้น | BI63: =+BG63*D63 -> 0 | BJ63: =IFERROR(VLOOKUP(A63,'19'!U:V,2,0),"0") -> 0 | BK63: ชิ้น | BL63: =+BJ63*D63 -> 0 | BM63: =IFERROR(VLOOKUP(A63,'20'!U:V,2,0),"0") -> 0 | BN63: ชิ้น | BO63: =+BM63*D63 -> 0 | BP63: =IFERROR(VLOOKUP(A63,'21'!U:V,2,0),"0") -> 0 | BQ63: ชิ้น | BR63: =+BP63*D63 -> 0 | BS63: =IFERROR(VLOOKUP(A63,'22'!U:V,2,0),"0") -> 0 | BT63: ชิ้น | BU63: =+BS63*D63 -> 0 | BV63: =IFERROR(VLOOKUP(A63,'23'!U:V,2,0),"0") -> 0 | BW63: ชิ้น | BX63: =+BV63*D63 -> 0 | BY63: =IFERROR(VLOOKUP(A63,'24'!U:V,2,0),"0") -> 0 | BZ63: ชิ้น | CA63: =+BY63*D63 -> 0 | CB63: =IFERROR(VLOOKUP(A63,'25'!U:V,2,0),"0") -> 0 | CC63: ชิ้น | CD63: =+CB63*D63 -> 0 | CE63: =IFERROR(VLOOKUP(A63,'26'!U:V,2,0),"0") -> 0 | CF63: ชิ้น | CG63: =+CE63*D63 -> 0 | CH63: =IFERROR(VLOOKUP(A63,'27'!U:V,2,0),"0") -> 0 | CI63: ชิ้น | CJ63: =+CH63*D63 -> 0 | CK63: =IFERROR(VLOOKUP(A63,'28'!U:V,2,0),"0") -> 0 | CL63: ชิ้น | CM63: =+CK63*D63 -> 0 | CN63: =IFERROR(VLOOKUP(A63,'29'!U:V,2,0),"0") -> 0 | CO63: ชิ้น | CP63: =+CN63*D63 -> 0 | CQ63: =IFERROR(VLOOKUP(A63,'30'!U:V,2,0),"0") -> 0 | CR63: ชิ้น | CS63: =+CQ63*D63 -> 0 | CT63: =IFERROR(VLOOKUP(A63,'31'!U:V,2,0),"0") -> 0 | CU63: ชิ้น | CV63: =+CT63*D63 -> 0 | CW63: =IFERROR(VLOOKUP(B63,'B-plus'!A:D,4,0),"0") -> 0 | CX63: ชิ้น | CY63: =+CW63*D63 -> 0
A64: 1111075 | B64: 1111075 | C64: ชิฟฟ่อนสอดไส้ 1 ชิ้น ชิฟฟ่อนเค้ก เลือกรสชาติได้ (สตอเบอรี่) | D64: 3.08 | E64: =+H64+K64+N64+Q64+T64+W64+Z64+AC64+AF64+AI64+AL64+AO64+AR64+AU64+AX64+BA64+BD64+BG64+BJ64+BM64+BP64+BS64+BV64+BY64+CB64+CE64+CH64+CK64+CN64+CQ64+CT64 -> 0 | F64: ชิ้น | G64: =+E64*D64 -> 0 | H64: =IFERROR(VLOOKUP(A64,'1'!U:V,2,0),"0") -> 0 | I64: ชิ้น | J64: =+H64*D64 -> 0 | K64: =IFERROR(VLOOKUP(A64,'2'!U:V,2,0),"0") -> 0 | L64: ชิ้น | M64: =+K64*D64 -> 0 | N64: =IFERROR(VLOOKUP(A64,'3'!U:V,2,0),"0") -> 0 | O64: ชิ้น | P64: =+N64*D64 -> 0 | Q64: =IFERROR(VLOOKUP(A64,'4'!U:V,2,0),"0") -> 0 | R64: ชิ้น | S64: =+Q64*D64 -> 0 | T64: =IFERROR(VLOOKUP(A64,'5'!U:V,2,0),"0") -> 0 | U64: ชิ้น | V64: =+T64*D64 -> 0 | W64: =IFERROR(VLOOKUP(A64,'6'!U:V,2,0),"0") -> 0 | X64: ชิ้น | Y64: =+W64*D64 -> 0 | Z64: =IFERROR(VLOOKUP(A64,'7'!U:V,2,0),"0") -> 0 | AA64: ชิ้น | AB64: =+Z64*D64 -> 0 | AC64: =IFERROR(VLOOKUP(A64,'8'!U:V,2,0),"0") -> 0 | AD64: ชิ้น | AE64: =+AC64*D64 -> 0 | AF64: =IFERROR(VLOOKUP(A64,'9'!U:V,2,0),"0") -> 0 | AG64: ชิ้น | AH64: =+AF64*D64 -> 0 | AI64: =IFERROR(VLOOKUP(A64,'10'!U:V,2,0),"0") -> 0 | AJ64: ชิ้น | AK64: =+AI64*D64 -> 0 | AL64: =IFERROR(VLOOKUP(A64,'11'!U:V,2,0),"0") -> 0 | AM64: ชิ้น | AN64: =+AL64*D64 -> 0 | AO64: =IFERROR(VLOOKUP(A64,'12'!U:V,2,0),"0") -> 0 | AP64: ชิ้น | AQ64: =+AO64*D64 -> 0 | AR64: =IFERROR(VLOOKUP(A64,'13'!U:V,2,0),"0") -> 0 | AS64: ชิ้น | AT64: =+AR64*D64 -> 0 | AU64: =IFERROR(VLOOKUP(A64,'14'!U:V,2,0),"0") -> 0 | AV64: ชิ้น | AW64: =+AU64*D64 -> 0 | AX64: =IFERROR(VLOOKUP(A64,'15'!U:V,2,0),"0") -> 0 | AY64: ชิ้น | AZ64: =+AX64*D64 -> 0 | BA64: =IFERROR(VLOOKUP(A64,'16'!U:V,2,0),"0") -> 0 | BB64: ชิ้น | BC64: =+BA64*D64 -> 0 | BD64: =IFERROR(VLOOKUP(A64,'17'!U:V,2,0),"0") -> 0 | BE64: ชิ้น | BF64: =+BD64*D64 -> 0 | BG64: =IFERROR(VLOOKUP(A64,'18'!U:V,2,0),"0") -> 0 | BH64: ชิ้น | BI64: =+BG64*D64 -> 0 | BJ64: =IFERROR(VLOOKUP(A64,'19'!U:V,2,0),"0") -> 0 | BK64: ชิ้น | BL64: =+BJ64*D64 -> 0 | BM64: =IFERROR(VLOOKUP(A64,'20'!U:V,2,0),"0") -> 0 | BN64: ชิ้น | BO64: =+BM64*D64 -> 0 | BP64: =IFERROR(VLOOKUP(A64,'21'!U:V,2,0),"0") -> 0 | BQ64: ชิ้น | BR64: =+BP64*D64 -> 0 | BS64: =IFERROR(VLOOKUP(A64,'22'!U:V,2,0),"0") -> 0 | BT64: ชิ้น | BU64: =+BS64*D64 -> 0 | BV64: =IFERROR(VLOOKUP(A64,'23'!U:V,2,0),"0") -> 0 | BW64: ชิ้น | BX64: =+BV64*D64 -> 0 | BY64: =IFERROR(VLOOKUP(A64,'24'!U:V,2,0),"0") -> 0 | BZ64: ชิ้น | CA64: =+BY64*D64 -> 0 | CB64: =IFERROR(VLOOKUP(A64,'25'!U:V,2,0),"0") -> 0 | CC64: ชิ้น | CD64: =+CB64*D64 -> 0 | CE64: =IFERROR(VLOOKUP(A64,'26'!U:V,2,0),"0") -> 0 | CF64: ชิ้น | CG64: =+CE64*D64 -> 0 | CH64: =IFERROR(VLOOKUP(A64,'27'!U:V,2,0),"0") -> 0 | CI64: ชิ้น | CJ64: =+CH64*D64 -> 0 | CK64: =IFERROR(VLOOKUP(A64,'28'!U:V,2,0),"0") -> 0 | CL64: ชิ้น | CM64: =+CK64*D64 -> 0 | CN64: =IFERROR(VLOOKUP(A64,'29'!U:V,2,0),"0") -> 0 | CO64: ชิ้น | CP64: =+CN64*D64 -> 0 | CQ64: =IFERROR(VLOOKUP(A64,'30'!U:V,2,0),"0") -> 0 | CR64: ชิ้น | CS64: =+CQ64*D64 -> 0 | CT64: =IFERROR(VLOOKUP(A64,'31'!U:V,2,0),"0") -> 0 | CU64: ชิ้น | CV64: =+CT64*D64 -> 0 | CW64: =IFERROR(VLOOKUP(B64,'B-plus'!A:D,4,0),"0") -> 0 | CX64: ชิ้น | CY64: =+CW64*D64 -> 0
A65: 1111075-B | B65: 1111075-B | C65: ชิฟฟ่อนสอดไส้ 1 ชิ้น ชิฟฟ่อนเค้ก เลือกรสชาติได้ (สตอเบอรี่) | D65: 3.08 | E65: =+H65+K65+N65+Q65+T65+W65+Z65+AC65+AF65+AI65+AL65+AO65+AR65+AU65+AX65+BA65+BD65+BG65+BJ65+BM65+BP65+BS65+BV65+BY65+CB65+CE65+CH65+CK65+CN65+CQ65+CT65 -> 0 | F65: ชิ้น | G65: =+E65*D65 -> 0 | H65: =IFERROR(VLOOKUP(A65,'1'!U:V,2,0),"0") -> 0 | I65: ชิ้น | J65: =+H65*D65 -> 0 | K65: =IFERROR(VLOOKUP(A65,'2'!U:V,2,0),"0") -> 0 | L65: ชิ้น | M65: =+K65*D65 -> 0 | N65: =IFERROR(VLOOKUP(A65,'3'!U:V,2,0),"0") -> 0 | O65: ชิ้น | P65: =+N65*D65 -> 0 | Q65: =IFERROR(VLOOKUP(A65,'4'!U:V,2,0),"0") -> 0 | R65: ชิ้น | S65: =+Q65*D65 -> 0 | T65: =IFERROR(VLOOKUP(A65,'5'!U:V,2,0),"0") -> 0 | U65: ชิ้น | V65: =+T65*D65 -> 0 | W65: =IFERROR(VLOOKUP(A65,'6'!U:V,2,0),"0") -> 0 | X65: ชิ้น | Y65: =+W65*D65 -> 0 | Z65: =IFERROR(VLOOKUP(A65,'7'!U:V,2,0),"0") -> 0 | AA65: ชิ้น | AB65: =+Z65*D65 -> 0 | AC65: =IFERROR(VLOOKUP(A65,'8'!U:V,2,0),"0") -> 0 | AD65: ชิ้น | AE65: =+AC65*D65 -> 0 | AF65: =IFERROR(VLOOKUP(A65,'9'!U:V,2,0),"0") -> 0 | AG65: ชิ้น | AH65: =+AF65*D65 -> 0 | AI65: =IFERROR(VLOOKUP(A65,'10'!U:V,2,0),"0") -> 0 | AJ65: ชิ้น | AK65: =+AI65*D65 -> 0 | AL65: =IFERROR(VLOOKUP(A65,'11'!U:V,2,0),"0") -> 0 | AM65: ชิ้น | AN65: =+AL65*D65 -> 0 | AO65: =IFERROR(VLOOKUP(A65,'12'!U:V,2,0),"0") -> 0 | AP65: ชิ้น | AQ65: =+AO65*D65 -> 0 | AR65: =IFERROR(VLOOKUP(A65,'13'!U:V,2,0),"0") -> 0 | AS65: ชิ้น | AT65: =+AR65*D65 -> 0 | AU65: =IFERROR(VLOOKUP(A65,'14'!U:V,2,0),"0") -> 0 | AV65: ชิ้น | AW65: =+AU65*D65 -> 0 | AX65: =IFERROR(VLOOKUP(A65,'15'!U:V,2,0),"0") -> 0 | AY65: ชิ้น | AZ65: =+AX65*D65 -> 0 | BA65: =IFERROR(VLOOKUP(A65,'16'!U:V,2,0),"0") -> 0 | BB65: ชิ้น | BC65: =+BA65*D65 -> 0 | BD65: =IFERROR(VLOOKUP(A65,'17'!U:V,2,0),"0") -> 0 | BE65: ชิ้น | BF65: =+BD65*D65 -> 0 | BG65: =IFERROR(VLOOKUP(A65,'18'!U:V,2,0),"0") -> 0 | BH65: ชิ้น | BI65: =+BG65*D65 -> 0 | BJ65: =IFERROR(VLOOKUP(A65,'19'!U:V,2,0),"0") -> 0 | BK65: ชิ้น | BL65: =+BJ65*D65 -> 0 | BM65: =IFERROR(VLOOKUP(A65,'20'!U:V,2,0),"0") -> 0 | BN65: ชิ้น | BO65: =+BM65*D65 -> 0 | BP65: =IFERROR(VLOOKUP(A65,'21'!U:V,2,0),"0") -> 0 | BQ65: ชิ้น | BR65: =+BP65*D65 -> 0 | BS65: =IFERROR(VLOOKUP(A65,'22'!U:V,2,0),"0") -> 0 | BT65: ชิ้น | BU65: =+BS65*D65 -> 0 | BV65: =IFERROR(VLOOKUP(A65,'23'!U:V,2,0),"0") -> 0 | BW65: ชิ้น | BX65: =+BV65*D65 -> 0 | BY65: =IFERROR(VLOOKUP(A65,'24'!U:V,2,0),"0") -> 0 | BZ65: ชิ้น | CA65: =+BY65*D65 -> 0 | CB65: =IFERROR(VLOOKUP(A65,'25'!U:V,2,0),"0") -> 0 | CC65: ชิ้น | CD65: =+CB65*D65 -> 0 | CE65: =IFERROR(VLOOKUP(A65,'26'!U:V,2,0),"0") -> 0 | CF65: ชิ้น | CG65: =+CE65*D65 -> 0 | CH65: =IFERROR(VLOOKUP(A65,'27'!U:V,2,0),"0") -> 0 | CI65: ชิ้น | CJ65: =+CH65*D65 -> 0 | CK65: =IFERROR(VLOOKUP(A65,'28'!U:V,2,0),"0") -> 0 | CL65: ชิ้น | CM65: =+CK65*D65 -> 0 | CN65: =IFERROR(VLOOKUP(A65,'29'!U:V,2,0),"0") -> 0 | CO65: ชิ้น | CP65: =+CN65*D65 -> 0 | CQ65: =IFERROR(VLOOKUP(A65,'30'!U:V,2,0),"0") -> 0 | CR65: ชิ้น | CS65: =+CQ65*D65 -> 0 | CT65: =IFERROR(VLOOKUP(A65,'31'!U:V,2,0),"0") -> 0 | CU65: ชิ้น | CV65: =+CT65*D65 -> 0 | CW65: =IFERROR(VLOOKUP(B65,'B-plus'!A:D,4,0),"0") -> 0 | CX65: ชิ้น | CY65: =+CW65*D65 -> 0
A66: 1111076 | B66: 1111076 | C66: ชิฟฟ่อนสอดไส้ 1 ชิ้น ชิฟฟ่อนเค้ก เลือกรสชาติได้ (ส้ม) | D66: 3.24 | E66: =+H66+K66+N66+Q66+T66+W66+Z66+AC66+AF66+AI66+AL66+AO66+AR66+AU66+AX66+BA66+BD66+BG66+BJ66+BM66+BP66+BS66+BV66+BY66+CB66+CE66+CH66+CK66+CN66+CQ66+CT66 -> 0 | F66: ชิ้น | G66: =+E66*D66 -> 0 | H66: =IFERROR(VLOOKUP(A66,'1'!U:V,2,0),"0") -> 0 | I66: ชิ้น | J66: =+H66*D66 -> 0 | K66: =IFERROR(VLOOKUP(A66,'2'!U:V,2,0),"0") -> 0 | L66: ชิ้น | M66: =+K66*D66 -> 0 | N66: =IFERROR(VLOOKUP(A66,'3'!U:V,2,0),"0") -> 0 | O66: ชิ้น | P66: =+N66*D66 -> 0 | Q66: =IFERROR(VLOOKUP(A66,'4'!U:V,2,0),"0") -> 0 | R66: ชิ้น | S66: =+Q66*D66 -> 0 | T66: =IFERROR(VLOOKUP(A66,'5'!U:V,2,0),"0") -> 0 | U66: ชิ้น | V66: =+T66*D66 -> 0 | W66: =IFERROR(VLOOKUP(A66,'6'!U:V,2,0),"0") -> 0 | X66: ชิ้น | Y66: =+W66*D66 -> 0 | Z66: =IFERROR(VLOOKUP(A66,'7'!U:V,2,0),"0") -> 0 | AA66: ชิ้น | AB66: =+Z66*D66 -> 0 | AC66: =IFERROR(VLOOKUP(A66,'8'!U:V,2,0),"0") -> 0 | AD66: ชิ้น | AE66: =+AC66*D66 -> 0 | AF66: =IFERROR(VLOOKUP(A66,'9'!U:V,2,0),"0") -> 0 | AG66: ชิ้น | AH66: =+AF66*D66 -> 0 | AI66: =IFERROR(VLOOKUP(A66,'10'!U:V,2,0),"0") -> 0 | AJ66: ชิ้น | AK66: =+AI66*D66 -> 0 | AL66: =IFERROR(VLOOKUP(A66,'11'!U:V,2,0),"0") -> 0 | AM66: ชิ้น | AN66: =+AL66*D66 -> 0 | AO66: =IFERROR(VLOOKUP(A66,'12'!U:V,2,0),"0") -> 0 | AP66: ชิ้น | AQ66: =+AO66*D66 -> 0 | AR66: =IFERROR(VLOOKUP(A66,'13'!U:V,2,0),"0") -> 0 | AS66: ชิ้น | AT66: =+AR66*D66 -> 0 | AU66: =IFERROR(VLOOKUP(A66,'14'!U:V,2,0),"0") -> 0 | AV66: ชิ้น | AW66: =+AU66*D66 -> 0 | AX66: =IFERROR(VLOOKUP(A66,'15'!U:V,2,0),"0") -> 0 | AY66: ชิ้น | AZ66: =+AX66*D66 -> 0 | BA66: =IFERROR(VLOOKUP(A66,'16'!U:V,2,0),"0") -> 0 | BB66: ชิ้น | BC66: =+BA66*D66 -> 0 | BD66: =IFERROR(VLOOKUP(A66,'17'!U:V,2,0),"0") -> 0 | BE66: ชิ้น | BF66: =+BD66*D66 -> 0 | BG66: =IFERROR(VLOOKUP(A66,'18'!U:V,2,0),"0") -> 0 | BH66: ชิ้น | BI66: =+BG66*D66 -> 0 | BJ66: =IFERROR(VLOOKUP(A66,'19'!U:V,2,0),"0") -> 0 | BK66: ชิ้น | BL66: =+BJ66*D66 -> 0 | BM66: =IFERROR(VLOOKUP(A66,'20'!U:V,2,0),"0") -> 0 | BN66: ชิ้น | BO66: =+BM66*D66 -> 0 | BP66: =IFERROR(VLOOKUP(A66,'21'!U:V,2,0),"0") -> 0 | BQ66: ชิ้น | BR66: =+BP66*D66 -> 0 | BS66: =IFERROR(VLOOKUP(A66,'22'!U:V,2,0),"0") -> 0 | BT66: ชิ้น | BU66: =+BS66*D66 -> 0 | BV66: =IFERROR(VLOOKUP(A66,'23'!U:V,2,0),"0") -> 0 | BW66: ชิ้น | BX66: =+BV66*D66 -> 0 | BY66: =IFERROR(VLOOKUP(A66,'24'!U:V,2,0),"0") -> 0 | BZ66: ชิ้น | CA66: =+BY66*D66 -> 0 | CB66: =IFERROR(VLOOKUP(A66,'25'!U:V,2,0),"0") -> 0 | CC66: ชิ้น | CD66: =+CB66*D66 -> 0 | CE66: =IFERROR(VLOOKUP(A66,'26'!U:V,2,0),"0") -> 0 | CF66: ชิ้น | CG66: =+CE66*D66 -> 0 | CH66: =IFERROR(VLOOKUP(A66,'27'!U:V,2,0),"0") -> 0 | CI66: ชิ้น | CJ66: =+CH66*D66 -> 0 | CK66: =IFERROR(VLOOKUP(A66,'28'!U:V,2,0),"0") -> 0 | CL66: ชิ้น | CM66: =+CK66*D66 -> 0 | CN66: =IFERROR(VLOOKUP(A66,'29'!U:V,2,0),"0") -> 0 | CO66: ชิ้น | CP66: =+CN66*D66 -> 0 | CQ66: =IFERROR(VLOOKUP(A66,'30'!U:V,2,0),"0") -> 0 | CR66: ชิ้น | CS66: =+CQ66*D66 -> 0 | CT66: =IFERROR(VLOOKUP(A66,'31'!U:V,2,0),"0") -> 0 | CU66: ชิ้น | CV66: =+CT66*D66 -> 0 | CW66: =IFERROR(VLOOKUP(B66,'B-plus'!A:D,4,0),"0") -> 0 | CX66: ชิ้น | CY66: =+CW66*D66 -> 0
