Workbook

Sheet All
A1: สรุปยอดเบิกวัสดุสิ้นเปลือง แผนกออนไลน์ ปี2569
A2: ลำดับ | B2: เดือน | C2: จำนวนชิ้น | D2: ยอด | E2: หมายเหตุ
A3: 1 | B3: มกราคม | C3: =+วัสดุสิ้นเปลือง!H1 -> 8132 | D3: =+วัสดุสิ้นเปลือง!I1 -> 206388.72
A4: 2 | B4: กุมภาพันธ์ | C4: =+วัสดุสิ้นเปลือง!J1 -> 6797 | D4: =+วัสดุสิ้นเปลือง!K1 -> 39653.84
A5: 3 | B5: มีนาคม | C5: =+วัสดุสิ้นเปลือง!L1 -> 12368 | D5: =+วัสดุสิ้นเปลือง!M1 -> 79340.35
A6: 4 | B6: เมษายน | C6: =+วัสดุสิ้นเปลือง!N1 -> 9203 | D6: =+วัสดุสิ้นเปลือง!O1 -> 50072.08
A7: 5 | B7: พฤษภาคม | C7: =+วัสดุสิ้นเปลือง!P1 -> 9846 | D7: =+วัสดุสิ้นเปลือง!Q1 -> 56382.84
A8: 6 | B8: มิถุนายน | C8: =+วัสดุสิ้นเปลือง!R1 -> 7643 | D8: =+วัสดุสิ้นเปลือง!S1 -> 166583.48
A9: 7 | B9: กรกฎาคม | C9: =+วัสดุสิ้นเปลือง!T1 -> 0 | D9: =+วัสดุสิ้นเปลือง!U1 -> 0
A10: 8 | B10: สิงหาคม | C10: =+วัสดุสิ้นเปลือง!V1 -> 0 | D10: =+วัสดุสิ้นเปลือง!W1 -> 0
A11: 9 | B11: กันยายน | C11: =+วัสดุสิ้นเปลือง!X1 -> 0 | D11: =+วัสดุสิ้นเปลือง!Y1 -> 0
A12: 10 | B12: ตุลาคม | C12: =+วัสดุสิ้นเปลือง!Z1 -> 0 | D12: =+วัสดุสิ้นเปลือง!AA1 -> 0
A13: 11 | B13: พฤศจิกายน | C13: =+วัสดุสิ้นเปลือง!AB1 -> 0 | D13: =+วัสดุสิ้นเปลือง!AC1 -> 0
A14: 12 | B14: ธันวาคม | C14: =+วัสดุสิ้นเปลือง!AD1 -> 0 | D14: =+วัสดุสิ้นเปลือง!AE1 -> 0
A15: ยอดรวม | C15: =SUM(C3:C14) -> 53989 | D15: =SUM(D3:D14) -> 598421.31 | E15: บาท

Sheet วัสดุสิ้นเปลือง
A1: รายการเบิกวัสดุสิ้นเปลือง แผนกออนไลน์ ปี 2569 | E1: =SUBTOTAL(9,E4:E1048576) -> 53989 | F1: =SUBTOTAL(9,F4:F1048576) -> 598421.31 | H1: =SUBTOTAL(9,H4:H1048576) -> 8132 | I1: =SUBTOTAL(9,I4:I1048576) -> 206388.72 | J1: =SUBTOTAL(9,J4:J1048576) -> 6797 | K1: =SUBTOTAL(9,K4:K1048576) -> 39653.84 | L1: =SUBTOTAL(9,L4:L1048576) -> 12368 | M1: =SUBTOTAL(9,M4:M1048576) -> 79340.35 | N1: =SUBTOTAL(9,N4:N1048576) -> 9203 | O1: =SUBTOTAL(9,O4:O1048576) -> 50072.08 | ... AE1: =SUBTOTAL(9,AE4:AE1048576) -> 0
A2: รหัสสินค้า | B2: ชื่อสินค้า | C2: หน่วย | D2: DS | E2: Total | G2: ราคาต้นทุน | H2: 244350 | J2: 244381 | L2: 244409 | N2: 244440 | P2: 244470 | R2: 244501 | T2: 244531 | V2: 244562 | X2: 244593 | Z2: 244623 | AB2: 244654 | AD2: 244684
E3: ยอดเบิก | F3: เป็นเงิน | H3: ยอดเบิก | I3: เป็นเงิน | J3: ยอดเบิก | K3: เป็นเงิน | L3: ยอดเบิก | M3: เป็นเงิน | N3: ยอดเบิก | O3: เป็นเงิน | P3: ยอดเบิก | Q3: เป็นเงิน | R3: ยอดเบิก | S3: เป็นเงิน | T3: ยอดเบิก | U3: เป็นเงิน | V3: ยอดเบิก | W3: เป็นเงิน | X3: ยอดเบิก | Y3: เป็นเงิน | Z3: ยอดเบิก | AA3: เป็นเงิน | AB3: ยอดเบิก | AC3: เป็นเงิน | AD3: ยอดเบิก | AE3: เป็นเงิน
A4: 02-BB111 | B4: แผ่นรองขนมปังปอนค์ ขนาด113x113:247cm(กล่องใน) | C4: ใบ | E4: =+H4+J4+L4+N4+P4+R4+T4+V4+X4+Z4+AB4+AD4 -> 3880 | F4: =+E4*G4 -> 8148 | G4: 2.1 | H4: 500 | I4: =+H4*G4 -> 1050 | J4: 400 | K4: =+J4*G4 -> 840 | L4: =VLOOKUP(A4,'[1]รับ-จ่าย ประจำวัน'!$A:$BT,72,0) -> 837 | M4: =+L4*G4 -> 1757.7 | N4: 1000 | O4: =+N4*G4 -> 2100 | P4: 1143 | Q4: =+P4*G4 -> 2400.3 | R4: 0 | S4: =+R4*G4 -> 0 | U4: =+T4*S4 -> 0 | W4: =+V4*U4 -> 0 | Y4: =+X4*W4 -> 0 | AA4: =+Z4*Y4 -> 0 | AC4: =+AB4*AA4 -> 0 | AE4: =+AD4*AC4 -> 0
A5: 02-BB110 | B5: กล่องขนมปังปอนด์ ขนาด 240x262x260 Cm. | C5: ใบ | E5: =+H5+J5+L5+N5+P5+R5+T5+V5+X5+Z5+AB5+AD5 -> 0 | F5: =+E5*G5 -> 0 | G5: 6 | H5: 0 | I5: =+H5*G5 -> 0 | J5: 0 | K5: =+J5*G5 -> 0 | L5: 0 | M5: =+L5*G5 -> 0 | N5: 0 | O5: =+N5*G5 -> 0 | P5: 0 | Q5: =+P5*G5 -> 0 | R5: 0 | S5: =+R5*G5 -> 0 | U5: =+T5*S5 -> 0 | W5: =+V5*U5 -> 0 | Y5: =+X5*W5 -> 0 | AA5: =+Z5*Y5 -> 0 | AC5: =+AB5*AA5 -> 0 | AE5: =+AD5*AC5 -> 0
A6: 02-BB116 | B6: กล่อง Carton 52*52*36 ใส่ซิฟฟ้อน+ปังแถว | C6: ใบ | E6: =+H6+J6+L6+N6+P6+R6+T6+V6+X6+Z6+AB6+AD6 -> 1146 | F6: =+E6*G6 -> 17877.6 | G6: 15.6 | H6: 820 | I6: =+H6*G6 -> 12792 | J6: 70 | K6: =+J6*G6 -> 1092 | L6: =VLOOKUP(A6,'[1]รับ-จ่าย ประจำวัน'!$A:$BT,72,0) -> 40 | M6: =+L6*G6 -> 624 | N6: 166 | O6: =+N6*G6 -> 2589.6 | P6: 30 | Q6: =+P6*G6 -> 468 | R6: 20 | S6: =+R6*G6 -> 312 | U6: =+T6*S6 -> 0 | W6: =+V6*U6 -> 0 | Y6: =+X6*W6 -> 0 | AA6: =+Z6*Y6 -> 0 | AC6: =+AB6*AA6 -> 0 | AE6: =+AD6*AC6 -> 0
A7: 02-BB117 | B7: กล่อง Carton 25*50*28 ใส่ชิฟฟ้อน 20 | C7: ใบ | E7: =+H7+J7+L7+N7+P7+R7+T7+V7+X7+Z7+AB7+AD7 -> 3282 | F7: =+E7*G7 -> 28619.04 | G7: 8.72 | H7: 0 | I7: =+H7*G7 -> 0 | J7: 0 | K7: =+J7*G7 -> 0 | L7: =VLOOKUP(A7,'[1]รับ-จ่าย ประจำวัน'!$A:$BT,72,0) -> 1060 | M7: =+L7*G7 -> 9243.2 | N7: 790 | O7: =+N7*G7 -> 6888.8 | P7: 720 | Q7: =+P7*G7 -> 6278.4 | R7: 712 | S7: =+R7*G7 -> 6208.64 | U7: =+T7*S7 -> 0 | W7: =+V7*U7 -> 0 | Y7: =+X7*W7 -> 0 | AA7: =+Z7*Y7 -> 0 | AC7: =+AB7*AA7 -> 0 | AE7: =+AD7*AC7 -> 0
A8: 02-BB28 | B8: กล่อง CARTON ทรง B | C8: ใบ | E8: =+H8+J8+L8+N8+P8+R8+T8+V8+X8+Z8+AB8+AD8 -> 1440 | F8: =+E8*G8 -> 4392 | G8: 3.05 | H8: 60 | I8: =+H8*G8 -> 183 | J8: 120 | K8: =+J8*G8 -> 366 | L8: =VLOOKUP(A8,'[1]รับ-จ่าย ประจำวัน'!$A:$BT,72,0) -> 160 | M8: =+L8*G8 -> 488 | N8: 240 | O8: =+N8*G8 -> 732 | P8: 300 | Q8: =+P8*G8 -> 915 | R8: 560 | S8: =+R8*G8 -> 1708 | U8: =+T8*S8 -> 0 | W8: =+V8*U8 -> 0 | Y8: =+X8*W8 -> 0 | AA8: =+Z8*Y8 -> 0 | AC8: =+AB8*AA8 -> 0 | AE8: =+AD8*AC8 -> 0
A9: 02-BB31 | B9: กล่อง CARTON ทรงสูง | C9: ใบ | E9: =+H9+J9+L9+N9+P9+R9+T9+V9+X9+Z9+AB9+AD9 -> 11990 | F9: =+E9*G9 -> 66904.2 | G9: 5.58 | H9: 2800 | I9: =+H9*G9 -> 15624 | J9: 1800 | K9: =+J9*G9 -> 10044 | L9: =VLOOKUP(A9,'[1]รับ-จ่าย ประจำวัน'!$A:$BT,72,0) -> 4390 | M9: =+L9*G9 -> 24496.2 | N9: 700 | O9: =+N9*G9 -> 3906 | P9: 1500 | Q9: =+P9*G9 -> 8370 | R9: 800 | S9: =+R9*G9 -> 4464 | U9: =+T9*S9 -> 0 | W9: =+V9*U9 -> 0 | Y9: =+X9*W9 -> 0 | AA9: =+Z9*Y9 -> 0 | AC9: =+AB9*AA9 -> 0 | AE9: =+AD9*AC9 -> 0
A10: 02-BB32 | B10: กล่อง CARTON ทรงเตี้ย | C10: ใบ | E10: =+H10+J10+L10+N10+P10+R10+T10+V10+X10+Z10+AB10+AD10 -> 14200 | F10: =+E10*G10 -> 71000 | G10: 5 | H10: 90 | I10: =+H10*G10 -> 450 | J10: 2520 | K10: =+J10*G10 -> 12600 | L10: =VLOOKUP(A10,'[1]รับ-จ่าย ประจำวัน'!$A:$BT,72,0) -> 4030 | M10: =+L10*G10 -> 20150 | N10: 1820 | O10: =+N10*G10 -> 9100 | P10: 3300 | Q10: =+P10*G10 -> 16500 | R10: 2440 | S10: =+R10*G10 -> 12200 | U10: =+T10*S10 -> 0 | W10: =+V10*U10 -> 0 | Y10: =+X10*W10 -> 0 | AA10: =+Z10*Y10 -> 0 | AC10: =+AB10*AA10 -> 0 | AE10: =+AD10*AC10 -> 0
A11: 02-BB33 | B11: กล่อง CARTON ทรงยาว | C11: ใบ | E11: =+H11+J11+L11+N11+P11+R11+T11+V11+X11+Z11+AB11+AD11 -> 9940 | F11: =+E11*G11 -> 38766 | G11: 3.9 | H11: 2500 | I11: =+H11*G11 -> 9750 | J11: 1200 | K11: =+J11*G11 -> 4680 | L11: =VLOOKUP(A11,'[1]รับ-จ่าย ประจำวัน'!$A:$BT,72,0) -> 1020 | M11: =+L11*G11 -> 3978 | N11: 2300 | O11: =+N11*G11 -> 8970 | P11: 1600 | Q11: =+P11*G11 -> 6240 | R11: 1320 | S11: =+R11*G11 -> 5148 | U11: =+T11*S11 -> 0 | W11: =+V11*U11 -> 0 | Y11: =+X11*W11 -> 0 | AA11: =+Z11*Y11 -> 0 | AC11: =+AB11*AA11 -> 0 | AE11: =+AD11*AC11 -> 0
A12: 02-BB64 | B12: กล่อง L (L) | C12: ใบ | E12: =+H12+J12+L12+N12+P12+R12+T12+V12+X12+Z12+AB12+AD12 -> 430 | F12: =+E12*G12 -> 7095 | G12: 16.5 | H12: 260 | I12: =+H12*G12 -> 4290 | J12: 0 | K12: =+J12*G12 -> 0 | L12: =VLOOKUP(A12,'[1]รับ-จ่าย ประจำวัน'!$A:$BT,72,0) -> 20 | M12: =+L12*G12 -> 330 | N12: 70 | O12: =+N12*G12 -> 1155 | P12: 40 | Q12: =+P12*G12 -> 660 | R12: 40 | S12: =+R12*G12 -> 660 | U12: =+T12*S12 -> 0 | W12: =+V12*U12 -> 0 | Y12: =+X12*W12 -> 0 | AA12: =+Z12*Y12 -> 0 | AC12: =+AB12*AA12 -> 0 | AE12: =+AD12*AC12 -> 0
A13: 1021401005-1 | B13: กล่องลูกฟูกไซร์ D | C13: ใบ | E13: =+H13+J13+L13+N13+P13+R13+T13+V13+X13+Z13+AB13+AD13 -> 0 | F13: =+E13*G13 -> 0 | G13: 6.6 | H13: 0 | I13: =+H13*G13 -> 0 | J13: 0 | K13: =+J13*G13 -> 0 | L13: 0 | M13: =+L13*G13 -> 0 | N13: 0 | O13: =+N13*G13 -> 0 | P13: 0 | Q13: =+P13*G13 -> 0 | R13: 0 | S13: =+R13*G13 -> 0 | U13: =+T13*S13 -> 0 | W13: =+V13*U13 -> 0 | Y13: =+X13*W13 -> 0 | AA13: =+Z13*Y13 -> 0 | AC13: =+AB13*AA13 -> 0 | AE13: =+AD13*AC13 -> 0
A14: 02-BB74 | B14: กล่องไปษณีย์ (F) | C14: ใบ | E14: =+H14+J14+L14+N14+P14+R14+T14+V14+X14+Z14+AB14+AD14 -> 2530 | F14: =+E14*G14 -> 24920.5 | G14: 9.85 | H14: 660 | I14: =+H14*G14 -> 6501 | J14: 640 | K14: =+J14*G14 -> 6304 | L14: =VLOOKUP(A14,'[1]รับ-จ่าย ประจำวัน'!$A:$BT,72,0) -> 640 | M14: =+L14*G14 -> 6304 | N14: 160 | O14: =+N14*G14 -> 1576 | P14: 270 | Q14: =+P14*G14 -> 2659.5 | R14: 160 | S14: =+R14*G14 -> 1576 | U14: =+T14*S14 -> 0 | W14: =+V14*U14 -> 0 | Y14: =+X14*W14 -> 0 | AA14: =+Z14*Y14 -> 0 | AC14: =+AB14*AA14 -> 0 | AE14: =+AD14*AC14 -> 0
A15: 1020501042 | B15: กล่องลัง เบอร์ 3 | C15: ใบ | E15: =+H15+J15+L15+N15+P15+R15+T15+V15+X15+Z15+AB15+AD15 -> 3900 | F15: =+E15*G15 -> 17160 | G15: 4.4 | H15: 0 | I15: =+H15*G15 -> 0 | J15: 0 | K15: =+J15*G15 -> 0 | L15: =VLOOKUP(A15,'[1]รับ-จ่าย ประจำวัน'!$A:$BT,72,0) -> 0 | M15: =+L15*G15 -> 0 | N15: 1900 | O15: =+N15*G15 -> 8360 | P15: 800 | Q15: =+P15*G15 -> 3520 | R15: 1200 | S15: =+R15*G15 -> 5280 | U15: =+T15*S15 -> 0 | W15: =+V15*U15 -> 0 | Y15: =+X15*W15 -> 0 | AA15: =+Z15*Y15 -> 0 | AC15: =+AB15*AA15 -> 0 | AE15: =+AD15*AC15 -> 0
A16: 5-C-907 | B16: พลาสติกกันกระแทกขนาด 32.5 CM (ตัดเอง) | C16: ม้วน | E16: =+H16+J16+L16+N16+P16+R16+T16+V16+X16+Z16+AB16+AD16 -> 94 | F16: =+E16*G16 -> 7050 | G16: 75 | H16: 6 | I16: =+H16*G16 -> 450 | J16: 0 | K16: =+J16*G16 -> 0 | L16: 0 | M16: =+L16*G16 -> 0 | N16: 16 | O16: =+N16*G16 -> 1200 | P16: 24 | Q16: =+P16*G16 -> 1800 | R16: 48 | S16: =+R16*G16 -> 3600 | U16: =+T16*S16 -> 0 | W16: =+V16*U16 -> 0 | Y16: =+X16*W16 -> 0 | AA16: =+Z16*Y16 -> 0 | AC16: =+AB16*AA16 -> 0 | AE16: =+AD16*AC16 -> 0
A17: 5-C-027-1 | B17: พลาสติกกันกระแทกขนาด Air Bubber | C17: ม้วน | E17: =+H17+J17+L17+N17+P17+R17+T17+V17+X17+Z17+AB17+AD17 -> 13 | F17: =+E17*G17 -> 2369.12 | G17: 182.24 | H17: 0 | I17: =+H17*G17 -> 0 | K17: =+J17*G17 -> 0 | L17: =VLOOKUP(A17,'[1]รับ-จ่าย ประจำวัน'!$A:$BT,72,0) -> 0 | M17: =+L17*G17 -> 0 | N17: 0 | O17: =+N17*G17 -> 0 | Q17: =+P17*G17 -> 0 | R17: 13 | S17: =+R17*G17 -> 2369.12 | U17: =+T17*S17 -> 0 | W17: =+V17*U17 -> 0 | Y17: =+X17*W17 -> 0 | AA17: =+Z17*Y17 -> 0 | AC17: =+AB17*AA17 -> 0 | AE17: =+AD17*AC17 -> 0
A18: 5-C-817 | B18: สติ๊กเกอร์ลาเบล 100*100*500 mm. | C18: ม้วน | E18: =+H18+J18+L18+N18+P18+R18+T18+V18+X18+Z18+AB18+AD18 -> 68 | F18: =+E18*G18 -> 4760 | G18: 70 | H18: 0 | I18: =+H18*G18 -> 0 | K18: =+J18*G18 -> 0 | L18: =VLOOKUP(A18,'[1]รับ-จ่าย ประจำวัน'!$A:$BT,72,0) -> 4 | M18: =+L18*G18 -> 280 | N18: 6 | O18: =+N18*G18 -> 420 | P18: 42 | Q18: =+P18*G18 -> 2940 | R18: 16 | S18: =+R18*G18 -> 1120 | U18: =+T18*S18 -> 0 | W18: =+V18*U18 -> 0 | Y18: =+X18*W18 -> 0 | AA18: =+Z18*Y18 -> 0 | AC18: =+AB18*AA18 -> 0 | AE18: =+AD18*AC18 -> 0
A19: 5-C-541 | B19: สติ๊กเกอร์ลาเบล 100*150*500 mm. | C19: ม้วน | E19: =+H19+J19+L19+N19+P19+R19+T19+V19+X19+Z19+AB19+AD19 -> 106 | F19: =+E19*G19 -> 10600 | G19: 100 | H19: 20 | I19: =+H19*G19 -> 2000 | J19: 15 | K19: =+J19*G19 -> 1500 | L19: =VLOOKUP(A19,'[1]รับ-จ่าย ประจำวัน'!$A:$BT,72,0) -> 15 | M19: =+L19*G19 -> 1500 | N19: 21 | O19: =+N19*G19 -> 2100 | P19: 15 | Q19: =+P19*G19 -> 1500 | R19: 20 | S19: =+R19*G19 -> 2000 | U19: =+T19*S19 -> 0 | W19: =+V19*U19 -> 0 | Y19: =+X19*W19 -> 0 | AA19: =+Z19*Y19 -> 0 | AC19: =+AB19*AA19 -> 0 | AE19: =+AD19*AC19 -> 0
A20: 5-S-015 | B20: สติ๊กเกอร์ลาเบล 90*50*500 mm. | C20: ม้วน | E20: =+H20+J20+L20+N20+P20+R20+T20+V20+X20+Z20+AB20+AD20 -> 198 | F20: =+E20*G20 -> 13784.76 | G20: 69.62 | H20: 56 | I20: =+H20*G20 -> 3898.72 | J20: 32 | K20: =+J20*G20 -> 2227.84 | L20: =VLOOKUP(A20,'[1]รับ-จ่าย ประจำวัน'!$A:$BT,72,0) -> 68 | M20: =+L20*G20 -> 4734.16 | N20: 14 | O20: =+N20*G20 -> 974.68 | P20: 22 | Q20: =+P20*G20 -> 1531.64 | R20: 6 | S20: =+R20*G20 -> 417.72 | U20: =+T20*S20 -> 0 | W20: =+V20*U20 -> 0 | Y20: =+X20*W20 -> 0 | AA20: =+Z20*Y20 -> 0 | AC20: =+AB20*AA20 -> 0 | AE20: =+AD20*AC20 -> 0
A21: 5-SC-029 | B21: สติ๊กเกอร์วันที่ผลิต แถวละ 10 ม้วน | C21: ม้วน | E21: =+H21+J21+L21+N21+P21+R21+T21+V21+X21+Z21+AB21+AD21 -> 80 | F21: =+E21*G21 -> 1200 | G21: 15 | H21: 0 | I21: =+H21*G21 -> 0 | J21: 0 | K21: =+J21*G21 -> 0 | L21: =VLOOKUP(A21,'[1]รับ-จ่าย ประจำวัน'!$A:$BT,72,0) -> 40 | M21: =+L21*G21 -> 600 | N21: 0 | O21: =+N21*G21 -> 0 | P21: 40 | Q21: =+P21*G21 -> 600 | R21: 0 | S21: =+R21*G21 -> 0 | U21: =+T21*S21 -> 0 | W21: =+V21*U21 -> 0 | Y21: =+X21*W21 -> 0 | AA21: =+Z21*Y21 -> 0 | AC21: =+AB21*AA21 -> 0 | AE21: =+AD21*AC21 -> 0
A22: 1023101040 | B22: สติ๊กเกอร์ลาเบล 40*60*700 mm. แบบกระดาษ (เครื่องชั่ง) | C22: ม้วน | E22: =+H22+J22+L22+N22+P22+R22+T22+V22+X22+Z22+AB22+AD22 -> 25 | F22: =+E22*G22 -> 2102.75 | G22: 84.11 | H22: 0 | I22: =+H22*G22 -> 0 | J22: 0 | K22: =+J22*G22 -> 0 | L22: =VLOOKUP(A22,'[1]รับ-จ่าย ประจำวัน'!$A:$BT,72,0) -> 25 | M22: =+L22*G22 -> 2102.75 | N22: 0 | O22: =+N22*G22 -> 0 | P22: 0 | Q22: =+P22*G22 -> 0 | R22: 0 | S22: =+R22*G22 -> 0 | U22: =+T22*Q22 -> 0 | W22: =+V22*S22 -> 0 | Y22: =+X22*U22 -> 0 | AA22: =+Z22*W22 -> 0 | AC22: =+AB22*Y22 -> 0 | AE22: =+AD22*AA22 -> 0
A23: 1023101046 | B23: สติ๊กเกอร์ลาเบล 40*60*700 mm. แบบกันน้ำ (ลังละ 50 ม้วน) | C23: ม้วน | E23: =+H23+J23+L23+N23+P23+R23+T23+V23+X23+Z23+AB23+AD23 -> 19 | F23: =+E23*G23 -> 2752.34 | G23: 144.86 | H23: 0 | I23: =+H23*G23 -> 0 | J23: 0 | K23: =+J23*G23 -> 0 | L23: =VLOOKUP(A23,'[1]รับ-จ่าย ประจำวัน'!$A:$BT,72,0) -> 19 | M23: =+L23*G23 -> 2752.34 | N23: 0 | O23: =+N23*G23 -> 0 | P23: 0 | Q23: =+P23*G23 -> 0 | R23: 0 | S23: =+R23*G23 -> 0 | U23: =+T23*Q23 -> 0 | W23: =+V23*S23 -> 0 | Y23: =+X23*U23 -> 0 | AA23: =+Z23*W23 -> 0 | AC23: =+AB23*Y23 -> 0 | AE23: =+AD23*AA23 -> 0
A24: 02-TAPE2-C | B24: เทปใส OPP 2"x1000 หลา ลังละ 6 ม้วน | C24: ม้วน | E24: =+H24+J24+L24+N24+P24+R24+T24+V24+X24+Z24+AB24+AD24 -> 648 | F24: =+E24*G24 -> 268920 | G24: 415 | H24: 360 | I24: =+H24*G24 -> 149400 | J24: 0 | K24: =+J24*G24 -> 0 | L24: =VLOOKUP(A24,'[1]รับ-จ่าย ประจำวัน'!$A:$BT,72,0) -> 0 | M24: =+L24*G24 -> 0 | N24: 0 | O24: =+N24*G24 -> 0 | P24: 0 | Q24: =+P24*G24 -> 0 | R24: 288 | S24: =+R24*G24 -> 119520 | U24: =+T24*Q24 -> 0 | W24: =+V24*S24 -> 0 | Y24: =+X24*U24 -> 0 | AA24: =+Z24*W24 -> 0 | AC24: =+AB24*Y24 -> 0 | AE24: =+AD24*AA24 -> 0
