Workbook

Sheet เงินเข้า
A1: สรุปต้นทุนออนไลน์ แบบเงินเข้าบัญชี ปี 2569
B2: ยอดเงินเข้า | C2: =SUM(E2:AB2) -> 9183042.9 | E2: 4550855.8 | G2: 1884425 | I2: 1432878.4 | K2: 1314883.7
A3: NO | B3: รายการ | C3: Total | D3: คิดเป็นกี่% | E3: January | G3: February | I3: March | K3: April | M3: May | O3: June | Q3: July | S3: August | U3: September | W3: October | Y3: November | AA3: December
E4: ยอดต้นทุน | F4: คิดเป็นกี่% | G4: ยอดต้นทุน | H4: คิดเป็นกี่% | I4: ยอดต้นทุน | J4: คิดเป็นกี่% | K4: ยอดต้นทุน | L4: คิดเป็นกี่% | M4: ยอดต้นทุน | N4: คิดเป็นกี่% | O4: ยอดต้นทุน | P4: คิดเป็นกี่% | Q4: ยอดต้นทุน | R4: คิดเป็นกี่% | S4: ยอดต้นทุน | T4: คิดเป็นกี่% | U4: ยอดต้นทุน | V4: คิดเป็นกี่% | W4: ยอดต้นทุน | X4: คิดเป็นกี่% | Y4: ยอดต้นทุน | Z4: คิดเป็นกี่% | AA4: ยอดต้นทุน | AB4: คิดเป็นกี่%
A5: 1 | B5: ต้นทุนสินค้า | C5: =+E5+G5+I5+K5+M5+O5+Q5+S5+U5+W5+Y5+AA5 -> 3049540.1 | D5: =+C5/C2 -> 0.33208383 | E5: 1035195.7 | F5: =+E5/E2 -> 0.22747276 | G5: 620244.71 | H5: =+G5/G2 -> 0.32914269 | I5: 737683.75 | J5: =+I5/I2 -> 0.5148265 | K5: 656415.89 | L5: =+K5/K2 -> 0.49921973 | N5: =+M5/M2 -> #DIV/0! | P5: =+O5/O2 -> #DIV/0! | R5: =+Q5/Q2 -> #DIV/0! | T5: =+S5/S2 -> #DIV/0! | V5: =+U5/U2 -> #DIV/0! | X5: =+W5/W2 -> #DIV/0! | Z5: =+Y5/Y2 -> #DIV/0! | AB5: =+AA5/AA2 -> #DIV/0!
A6: 2 | B6: ต้นทุนค่ากล่องพัสดุ | C6: =+E6+G6+I6+K6+M6+O6+Q6+S6+U6+W6+Y6+AA6 -> 199314.4 | D6: =+C6/C2 -> 0.021704614 | E6: 50640 | F6: =+E6/E2 -> 0.011127577 | G6: 35926 | H6: =+G6/G2 -> 0.019064701 | I6: 67371 | J6: =+I6/I2 -> 0.047017948 | K6: 45377.4 | L6: =+K6/K2 -> 0.03451058 | N6: =+M6/M2 -> #DIV/0! | P6: =+O6/O2 -> #DIV/0! | R6: =+Q6/Q2 -> #DIV/0! | T6: =+S6/S2 -> #DIV/0! | V6: =+U6/U2 -> #DIV/0! | X6: =+W6/W2 -> #DIV/0! | Z6: =+Y6/Y2 -> #DIV/0! | AB6: =+AA6/AA2 -> #DIV/0!
A7: 3 | B7: ต้นทุนค่าบับเบิ้ล + เทปใส | C7: =+E7+G7+I7+K7+M7+O7+Q7+S7+U7+W7+Y7+AA7 -> 156340.49 | D7: =+C7/C2 -> 0.017024911 | E7: 135948.72 | F7: =+E7/E2 -> 0.029873221 | G7: 3727.84 | H7: =+G7/G2 -> 0.0019782374 | I7: 11969.25 | J7: =+I7/I2 -> 0.008353291 | K7: 4694.68 | L7: =+K7/K2 -> 0.0035704146 | N7: =+M7/M2 -> #DIV/0! | P7: =+O7/O2 -> #DIV/0! | R7: =+Q7/Q2 -> #DIV/0! | T7: =+S7/S2 -> #DIV/0! | V7: =+U7/U2 -> #DIV/0! | X7: =+W7/W2 -> #DIV/0! | Z7: =+Y7/Y2 -> #DIV/0! | AB7: =+AA7/AA2 -> #DIV/0!
A8: 4 | B8: ต้นทุนค่าแรงพนักงานที่เกี่ยวข้อง | C8: =+E8+G8+I8+K8+M8+O8+Q8+S8+U8+W8+Y8+AA8 -> 743990.23 | D8: =+C8/C2 -> 0.081017832 | E8: 204176.75 | F8: =+E8/E2 -> 0.044865572 | G8: 196735.5 | H8: =+G8/G2 -> 0.10440081 | I8: 172028.95 | J8: =+I8/I2 -> 0.12005831 | K8: 171049.03 | L8: =+K8/K2 -> 0.13008681 | N8: =+M8/M2 -> #DIV/0! | P8: =+O8/O2 -> #DIV/0! | R8: =+Q8/Q2 -> #DIV/0! | T8: =+S8/S2 -> #DIV/0! | V8: =+U8/U2 -> #DIV/0! | X8: =+W8/W2 -> #DIV/0! | Z8: =+Y8/Y2 -> #DIV/0! | AB8: =+AA8/AA2 -> #DIV/0!
A9: 5 | B9: ต้นทุนค่าขนส่ง (COD) , (ปณ.) | C9: =+E9+G9+I9+K9+M9+O9+Q9+S9+U9+W9+Y9+AA9 -> 117498.81 | D9: =+C9/C2 -> 0.012795193 | E9: 61722 | F9: =+E9/E2 -> 0.013562724 | G9: 16645.33 | H9: =+G9/G2 -> 0.0088331082 | I9: 13666 | J9: =+I9/I2 -> 0.0095374459 | K9: 25465.48 | L9: =+K9/K2 -> 0.019367097 | N9: =+M9/M2 -> #DIV/0! | P9: =+O9/O2 -> #DIV/0! | R9: =+Q9/Q2 -> #DIV/0! | T9: =+S9/S2 -> #DIV/0! | V9: =+U9/U2 -> #DIV/0! | X9: =+W9/W2 -> #DIV/0! | Z9: =+Y9/Y2 -> #DIV/0! | AB9: =+AA9/AA2 -> #DIV/0!
A10: 6 | B10: ต้นทุนค่ากระตุ้นยอดขาย (ยิง ADS) | C10: =+E10+G10+I10+K10+M10+O10+Q10+S10+U10+W10+Y10+AA10 -> 967334.7 | D10: =+C10/C2 -> 0.10533923 | E10: 236307.51 | F10: =+E10/E2 -> 0.05192595 | G10: 230962.49 | H10: =+G10/G2 -> 0.12256391 | I10: 202879.3 | J10: =+I10/I2 -> 0.14158864 | K10: 297185.4 | L10: =+K10/K2 -> 0.22601649 | N10: =+M10/M2 -> #DIV/0! | P10: =+O10/O2 -> #DIV/0! | R10: =+Q10/Q2 -> #DIV/0! | T10: =+S10/S2 -> #DIV/0! | V10: =+U10/U2 -> #DIV/0! | X10: =+W10/W2 -> #DIV/0! | Z10: =+Y10/Y2 -> #DIV/0! | AB10: =+AA10/AA2 -> #DIV/0!
A11: 8 | B11: ต้นทุนค่าจ้างอินฟลูเรนเซอร์ | C11: =+E11+G11+I11+K11+M11+O11+Q11+S11+U11+W11+Y11+AA11 -> 0 | D11: =+C11/C2 -> 0 | E11: 0 | F11: =+E11/E2 -> 0 | G11: 0 | H11: =+G11/G2 -> 0 | I11: 0 | J11: =+I11/I2 -> 0 | K11: 0 | L11: =+K11/K2 -> 0 | N11: =+M11/M2 -> #DIV/0! | P11: =+O11/O2 -> #DIV/0! | R11: =+Q11/Q2 -> #DIV/0! | T11: =+S11/S2 -> #DIV/0! | V11: =+U11/U2 -> #DIV/0! | X11: =+W11/W2 -> #DIV/0! | Z11: =+Y11/Y2 -> #DIV/0! | AB11: =+AA11/AA2 -> #DIV/0!
A12: 9 | B12: ต้นทุนเบิกสินค้าไลฟ์สด | C12: =+E12+G12+I12+K12+M12+O12+Q12+S12+U12+W12+Y12+AA12 -> 4919.584 | D12: =+C12/C2 -> 0.00053572482 | E12: 1177.8567 | F12: =+E12/E2 -> 0.00025882093 | G12: 1063.8706 | H12: =+G12/G2 -> 0.00056455978 | I12: 1177.8567 | J12: =+I12/I2 -> 0.00082202142 | K12: 1500 | L12: =+K12/K2 -> 0.0011407853 | N12: =+M12/M2 -> #DIV/0! | P12: =+O12/O2 -> #DIV/0! | R12: =+Q12/Q2 -> #DIV/0! | T12: =+S12/S2 -> #DIV/0! | V12: =+U12/U2 -> #DIV/0! | X12: =+W12/W2 -> #DIV/0! | Z12: =+Y12/Y2 -> #DIV/0! | AB12: =+AA12/AA2 -> #DIV/0!
A13: 10 | B13: ค่าโทรศัพท์ที่เกี่ยวข้องในแผนกออนไลน์ | C13: =+E13+G13+I13+K13+M13+O13+Q13+S13+U13+W13+Y13+AA13 -> 2335 | D13: =+C13/C2 -> 0.00025427301 | E13: 585 | F13: =+E13/E2 -> 0.00012854725 | G13: 580 | H13: =+G13/G2 -> 0.00030778619 | I13: 585 | J13: =+I13/I2 -> 0.00040826913 | K13: 585 | L13: =+K13/K2 -> 0.00044490626 | N13: =+M13/M2 -> #DIV/0! | P13: =+O13/O2 -> #DIV/0! | R13: =+Q13/Q2 -> #DIV/0! | T13: =+S13/S2 -> #DIV/0! | V13: =+U13/U2 -> #DIV/0! | X13: =+W13/W2 -> #DIV/0! | Z13: =+Y13/Y2 -> #DIV/0! | AB13: =+AA13/AA2 -> #DIV/0!
A14: 11 | B14: วัสดุสิ้นเปลืองใช้จัดฉาก | C14: =+E14+G14+I14+K14+M14+O14+Q14+S14+U14+W14+Y14+AA14 -> 0 | D14: =+C14/C2 -> 0 | E14: 0 | F14: =+E14/E2 -> 0 | G14: 0 | H14: =+G14/G2 -> 0 | I14: 0 | J14: =+I14/I2 -> 0 | K14: 0 | L14: =+K14/K2 -> 0 | N14: =+M14/M2 -> #DIV/0! | P14: =+O14/O2 -> #DIV/0! | R14: =+Q14/Q2 -> #DIV/0! | T14: =+S14/S2 -> #DIV/0! | V14: =+U14/U2 -> #DIV/0! | X14: =+W14/W2 -> #DIV/0! | Z14: =+Y14/Y2 -> #DIV/0! | AB14: =+AA14/AA2 -> #DIV/0!
B15: รวมค่าใช้จ่าย | C15: =SUM(C5:C14) -> 5241273.3 | D15: =SUM(D5:D14) -> 0.57075561 | E15: =SUM(E5:E14) -> 1725753.6 | F15: =SUM(F5:F14) -> 0.37921517 | G15: =SUM(G5:G14) -> 1105885.7 | H15: =SUM(H5:H14) -> 0.5868558 | I15: =SUM(I5:I14) -> 1207361.1 | J15: =SUM(J5:J14) -> 0.84261242 | ... AC15: =SUM(AC5:AC14) -> 0
A17: NO | B17: รายการ | C17: Total | D17: คิดเป็นกี่% | E17: January | G17: February | I17: March | K17: April | M17: May | O17: June | Q17: July | S17: August | U17: September | W17: October | Y17: November | AA17: December
E18: ยอดต้นทุน | F18: คิดเป็นกี่% | G18: ยอดต้นทุน | H18: คิดเป็นกี่% | I18: ยอดต้นทุน | J18: คิดเป็นกี่% | K18: ยอดต้นทุน | L18: คิดเป็นกี่% | M18: ยอดต้นทุน | N18: คิดเป็นกี่% | O18: ยอดต้นทุน | P18: คิดเป็นกี่% | Q18: ยอดต้นทุน | R18: คิดเป็นกี่% | S18: ยอดต้นทุน | T18: คิดเป็นกี่% | U18: ยอดต้นทุน | V18: คิดเป็นกี่% | W18: ยอดต้นทุน | X18: คิดเป็นกี่% | Y18: ยอดต้นทุน | Z18: คิดเป็นกี่% | AA18: ยอดต้นทุน | AB18: คิดเป็นกี่%
A19: 1 | B19: หักค่าใช้จ่ายบริหาร | C19: =+E19+G19+I19+K19+M19+O19+Q19+S19+U19+W19+Y19+AA19 -> 5246137.8 | D19: =+C19/C2 -> 0.57128534 | E19: 1725753.6 | F19: =+E19/E2 -> 0.37921517 | G19: 1110750.2 | H19: =+G19/G2 -> 0.58943722 | I19: 1207361.1 | J19: =+I19/I2 -> 0.84261242 | K19: 1202272.9 | L19: =+K19/K2 -> 0.91435681 | N19: =+M19/M2 -> #DIV/0! | P19: =+O19/O2 -> #DIV/0! | R19: =+Q19/Q2 -> #DIV/0! | T19: =+S19/S2 -> #DIV/0! | V19: =+U19/U2 -> #DIV/0! | X19: =+W19/W2 -> #DIV/0! | Z19: =+Y19/Y2 -> #DIV/0! | AB19: =+AA19/AA2 -> #DIV/0!
A20: 2 | B20: หักยอดเคลม + ตีกลับ + โอนเงินคืนลูกค้า | C20: =+E20+G20+I20+K20+M20+O20+Q20+S20+U20+W20+Y20+AA20 -> 94765.6 | D20: =+C20/C2 -> 0.010319629 | E20: 50777.57 | F20: =+E20/E2 -> 0.011157807 | G20: 13493.05 | H20: =+G20/G2 -> 0.0071603008 | I20: 15715.61 | J20: =+I20/I2 -> 0.01096786 | K20: 14779.37 | L20: =+K20/K2 -> 0.011240059 | N20: =+M20/M2 -> #DIV/0! | P20: =+O20/O2 -> #DIV/0! | R20: =+Q20/Q2 -> #DIV/0! | T20: =+S20/S2 -> #DIV/0! | V20: =+U20/U2 -> #DIV/0! | X20: =+W20/W2 -> #DIV/0! | Z20: =+Y20/Y2 -> #DIV/0! | AB20: =+AA20/AA2 -> #DIV/0!
B21: คงเหลือกำไร | C21: =+C2-C19-C20 -> 3842139.5 | D21: =+C21/C2 -> 0.41839503 | E21: =+E2-E19-E20 -> 2774324.7 | F21: =+E21/E2 -> 0.60962702 | G21: =+G2-G19-G20 -> 760181.72 | H21: =+G21/G2 -> 0.40340248 | I21: =+I2-I19-I20 -> 209801.65 | J21: =+I21/I2 -> 0.14641972 | K21: =+K2-K19-K20 -> 97831.47 | L21: =+K21/K2 -> 0.074403134 | M21: =+M2-M19-M20 -> 0 | N21: =+M21/M2 -> #DIV/0! | O21: =+O2-O19-O20 -> 0 | P21: =+O21/O2 -> #DIV/0! | Q21: =+Q2-Q19-Q20 -> 0 | R21: =+Q21/Q2 -> #DIV/0! | S21: =+S2-S19-S20 -> 0 | T21: =+S21/S2 -> #DIV/0! | U21: =+U2-U19-U20 -> 0 | V21: =+U21/U2 -> #DIV/0! | W21: =+W2-W19-W20 -> 0 | X21: =+W21/W2 -> #DIV/0! | Y21: =+Y2-Y19-Y20 -> 0 | Z21: =+Y21/Y2 -> #DIV/0! | AA21: =+AA2-AA19-AA20 -> 0 | AB21: =+AA21/AA2 -> #DIV/0!

Sheet ยอดเปิดออเดอร์
A1: สรุปต้นทุนออนไลน์ แบบยอดเปิดออเดอร์ ปี 2569
B2: ยอดเงินเข้า | C2: =SUM(E2:AB2) -> 8490656.1 | E2: 2754315.5 | G2: 2370664.7 | I2: 1648450.9 | K2: 1717225
A3: NO | B3: รายการ | C3: Total | D3: คิดเป็นกี่% | E3: January | G3: February | I3: March | K3: April | M3: May | O3: June | Q3: July | S3: August | U3: September | W3: October | Y3: November | AA3: December
E4: ยอดต้นทุน | F4: คิดเป็นกี่% | G4: ยอดต้นทุน | H4: คิดเป็นกี่% | I4: ยอดต้นทุน | J4: คิดเป็นกี่% | K4: ยอดต้นทุน | L4: คิดเป็นกี่% | M4: ยอดต้นทุน | N4: คิดเป็นกี่% | O4: ยอดต้นทุน | P4: คิดเป็นกี่% | Q4: ยอดต้นทุน | R4: คิดเป็นกี่% | S4: ยอดต้นทุน | T4: คิดเป็นกี่% | U4: ยอดต้นทุน | V4: คิดเป็นกี่% | W4: ยอดต้นทุน | X4: คิดเป็นกี่% | Y4: ยอดต้นทุน | Z4: คิดเป็นกี่% | AA4: ยอดต้นทุน | AB4: คิดเป็นกี่%
A5: 1 | B5: ต้นทุนสินค้า | C5: =+E5+G5+I5+K5+M5+O5+Q5+S5+U5+W5+Y5+AA5 -> 3049540.1 | D5: =+C5/C2 -> 0.35916424 | E5: =+เงินเข้า!E5 -> 1035195.7 | F5: =+E5/E2 -> 0.375845 | G5: =+เงินเข้า!G5 -> 620244.71 | H5: =+G5/G2 -> 0.26163325 | I5: =+เงินเข้า!I5 -> 737683.75 | J5: =+I5/I2 -> 0.4475012 | K5: =+เงินเข้า!K5 -> 656415.89 | L5: =+K5/K2 -> 0.38225386 | M5: =+เงินเข้า!M5 -> 0 | N5: =+M5/M2 -> #DIV/0! | O5: =+เงินเข้า!O5 -> 0 | P5: =+O5/O2 -> #DIV/0! | Q5: =+เงินเข้า!Q5 -> 0 | R5: =+Q5/Q2 -> #DIV/0! | S5: =+เงินเข้า!S5 -> 0 | T5: =+S5/S2 -> #DIV/0! | U5: =+เงินเข้า!U5 -> 0 | V5: =+U5/U2 -> #DIV/0! | W5: =+เงินเข้า!W5 -> 0 | X5: =+W5/W2 -> #DIV/0! | Y5: =+เงินเข้า!Y5 -> 0 | Z5: =+Y5/Y2 -> #DIV/0! | AA5: =+เงินเข้า!AA5 -> 0 | AB5: =+AA5/AA2 -> #DIV/0!
A6: 2 | B6: ต้นทุนค่ากล่องพัสดุ | C6: =+E6+G6+I6+K6+M6+O6+Q6+S6+U6+W6+Y6+AA6 -> 199314.4 | D6: =+C6/C2 -> 0.023474558 | E6: =+เงินเข้า!E6 -> 50640 | F6: =+E6/E2 -> 0.018385693 | G6: =+เงินเข้า!G6 -> 35926 | H6: =+G6/G2 -> 0.0151544 | I6: =+เงินเข้า!I6 -> 67371 | J6: =+I6/I2 -> 0.040869279 | K6: =+เงินเข้า!K6 -> 45377.4 | L6: =+K6/K2 -> 0.026424842 | M6: =+เงินเข้า!M6 -> 0 | N6: =+M6/M2 -> #DIV/0! | O6: =+เงินเข้า!O6 -> 0 | P6: =+O6/O2 -> #DIV/0! | Q6: =+เงินเข้า!Q6 -> 0 | R6: =+Q6/Q2 -> #DIV/0! | S6: =+เงินเข้า!S6 -> 0 | T6: =+S6/S2 -> #DIV/0! | U6: =+เงินเข้า!U6 -> 0 | V6: =+U6/U2 -> #DIV/0! | W6: =+เงินเข้า!W6 -> 0 | X6: =+W6/W2 -> #DIV/0! | Y6: =+เงินเข้า!Y6 -> 0 | Z6: =+Y6/Y2 -> #DIV/0! | AA6: =+เงินเข้า!AA6 -> 0 | AB6: =+AA6/AA2 -> #DIV/0!
A7: 3 | B7: ต้นทุนค่าบับเบิ้ล + เทปใส | C7: =+E7+G7+I7+K7+M7+O7+Q7+S7+U7+W7+Y7+AA7 -> 156340.49 | D7: =+C7/C2 -> 0.01841324 | E7: =+เงินเข้า!E7 -> 135948.72 | F7: =+E7/E2 -> 0.049358441 | G7: =+เงินเข้า!G7 -> 3727.84 | H7: =+G7/G2 -> 0.0015724872 | I7: =+เงินเข้า!I7 -> 11969.25 | J7: =+I7/I2 -> 0.0072609078 | K7: =+เงินเข้า!K7 -> 4694.68 | L7: =+K7/K2 -> 0.0027338759 | M7: =+เงินเข้า!M7 -> 0 | N7: =+M7/M2 -> #DIV/0! | O7: =+เงินเข้า!O7 -> 0 | P7: =+O7/O2 -> #DIV/0! | Q7: =+เงินเข้า!Q7 -> 0 | R7: =+Q7/Q2 -> #DIV/0! | S7: =+เงินเข้า!S7 -> 0 | T7: =+S7/S2 -> #DIV/0! | U7: =+เงินเข้า!U7 -> 0 | V7: =+U7/U2 -> #DIV/0! | W7: =+เงินเข้า!W7 -> 0 | X7: =+W7/W2 -> #DIV/0! | Y7: =+เงินเข้า!Y7 -> 0 | Z7: =+Y7/Y2 -> #DIV/0! | AA7: =+เงินเข้า!AA7 -> 0 | AB7: =+AA7/AA2 -> #DIV/0!
A8: 4 | B8: ต้นทุนค่าแรงพนักงานที่เกี่ยวข้อง | C8: =+E8+G8+I8+K8+M8+O8+Q8+S8+U8+W8+Y8+AA8 -> 743990.23 | D8: =+C8/C2 -> 0.087624587 | E8: =+เงินเข้า!E8 -> 204176.75 | F8: =+E8/E2 -> 0.074129761 | G8: =+เงินเข้า!G8 -> 196735.5 | H8: =+G8/G2 -> 0.082987484 | I8: =+เงินเข้า!I8 -> 172028.95 | J8: =+I8/I2 -> 0.10435795 | K8: =+เงินเข้า!K8 -> 171049.03 | L8: =+K8/K2 -> 0.099607815 | M8: =+เงินเข้า!M8 -> 0 | N8: =+M8/M2 -> #DIV/0! | O8: =+เงินเข้า!O8 -> 0 | P8: =+O8/O2 -> #DIV/0! | Q8: =+เงินเข้า!Q8 -> 0 | R8: =+Q8/Q2 -> #DIV/0! | S8: =+เงินเข้า!S8 -> 0 | T8: =+S8/S2 -> #DIV/0! | U8: =+เงินเข้า!U8 -> 0 | V8: =+U8/U2 -> #DIV/0! | W8: =+เงินเข้า!W8 -> 0 | X8: =+W8/W2 -> #DIV/0! | Y8: =+เงินเข้า!Y8 -> 0 | Z8: =+Y8/Y2 -> #DIV/0! | AA8: =+เงินเข้า!AA8 -> 0 | AB8: =+AA8/AA2 -> #DIV/0!
A9: 5 | B9: ต้นทุนค่าขนส่ง (COD) , (ปณ.) | C9: =+E9+G9+I9+K9+M9+O9+Q9+S9+U9+W9+Y9+AA9 -> 117498.81 | D9: =+C9/C2 -> 0.013838602 | E9: =+เงินเข้า!E9 -> 61722 | F9: =+E9/E2 -> 0.022409197 | G9: =+เงินเข้า!G9 -> 16645.33 | H9: =+G9/G2 -> 0.0070213767 | I9: =+เงินเข้า!I9 -> 13666 | J9: =+I9/I2 -> 0.0082902075 | K9: =+เงินเข้า!K9 -> 25465.48 | L9: =+K9/K2 -> 0.014829437 | M9: =+เงินเข้า!M9 -> 0 | N9: =+M9/M2 -> #DIV/0! | O9: =+เงินเข้า!O9 -> 0 | P9: =+O9/O2 -> #DIV/0! | Q9: =+เงินเข้า!Q9 -> 0 | R9: =+Q9/Q2 -> #DIV/0! | S9: =+เงินเข้า!S9 -> 0 | T9: =+S9/S2 -> #DIV/0! | U9: =+เงินเข้า!U9 -> 0 | V9: =+U9/U2 -> #DIV/0! | W9: =+เงินเข้า!W9 -> 0 | X9: =+W9/W2 -> #DIV/0! | Y9: =+เงินเข้า!Y9 -> 0 | Z9: =+Y9/Y2 -> #DIV/0! | AA9: =+เงินเข้า!AA9 -> 0 | AB9: =+AA9/AA2 -> #DIV/0!
A10: 6 | B10: ต้นทุนค่ากระตุ้นยอดขาย (ยิง ADS) | C10: =+E10+G10+I10+K10+M10+O10+Q10+S10+U10+W10+Y10+AA10 -> 967334.7 | D10: =+C10/C2 -> 0.11392932 | E10: =+เงินเข้า!E10 -> 236307.51 | F10: =+E10/E2 -> 0.085795367 | G10: =+เงินเข้า!G10 -> 230962.49 | H10: =+G10/G2 -> 0.097425203 | I10: =+เงินเข้า!I10 -> 202879.3 | J10: =+I10/I2 -> 0.1230727 | K10: =+เงินเข้า!K10 -> 297185.4 | L10: =+K10/K2 -> 0.17306142 | M10: =+เงินเข้า!M10 -> 0 | N10: =+M10/M2 -> #DIV/0! | O10: =+เงินเข้า!O10 -> 0 | P10: =+O10/O2 -> #DIV/0! | Q10: =+เงินเข้า!Q10 -> 0 | R10: =+Q10/Q2 -> #DIV/0! | S10: =+เงินเข้า!S10 -> 0 | T10: =+S10/S2 -> #DIV/0! | U10: =+เงินเข้า!U10 -> 0 | V10: =+U10/U2 -> #DIV/0! | W10: =+เงินเข้า!W10 -> 0 | X10: =+W10/W2 -> #DIV/0! | Y10: =+เงินเข้า!Y10 -> 0 | Z10: =+Y10/Y2 -> #DIV/0! | AA10: =+เงินเข้า!AA10 -> 0 | AB10: =+AA10/AA2 -> #DIV/0!
A11: 7 | B11: ต้นทุนค่าจ้างอินฟลูเรนเซอร์ | C11: =+E11+G11+I11+K11+M11+O11+Q11+S11+U11+W11+Y11+AA11 -> 0 | D11: =+C11/C2 -> 0 | E11: =+เงินเข้า!E11 -> 0 | F11: =+E11/E2 -> 0 | G11: =+เงินเข้า!G11 -> 0 | H11: =+G11/G2 -> 0 | I11: =+เงินเข้า!I11 -> 0 | J11: =+I11/I2 -> 0 | K11: =+เงินเข้า!K11 -> 0 | L11: =+K11/K2 -> 0 | M11: =+เงินเข้า!M11 -> 0 | N11: =+M11/M2 -> #DIV/0! | O11: =+เงินเข้า!O11 -> 0 | P11: =+O11/O2 -> #DIV/0! | Q11: =+เงินเข้า!Q11 -> 0 | R11: =+Q11/Q2 -> #DIV/0! | S11: =+เงินเข้า!S11 -> 0 | T11: =+S11/S2 -> #DIV/0! | U11: =+เงินเข้า!U11 -> 0 | V11: =+U11/U2 -> #DIV/0! | W11: =+เงินเข้า!W11 -> 0 | X11: =+W11/W2 -> #DIV/0! | Y11: =+เงินเข้า!Y11 -> 0 | Z11: =+Y11/Y2 -> #DIV/0! | AA11: =+เงินเข้า!AA11 -> 0 | AB11: =+AA11/AA2 -> #DIV/0!
A12: 8 | B12: ต้นทุนเบิกสินค้าไลฟ์สด | C12: =+E12+G12+I12+K12+M12+O12+Q12+S12+U12+W12+Y12+AA12 -> 4919.584 | D12: =+C12/C2 -> 0.00057941153 | E12: =+เงินเข้า!E12 -> 1177.8567 | F12: =+E12/E2 -> 0.00042764045 | G12: =+เงินเข้า!G12 -> 1063.8706 | H12: =+G12/G2 -> 0.00044876468 | I12: =+เงินเข้า!I12 -> 1177.8567 | J12: =+I12/I2 -> 0.00071452338 | K12: =+เงินเข้า!K12 -> 1500 | L12: =+K12/K2 -> 0.00087350231 | M12: =+เงินเข้า!M12 -> 0 | N12: =+M12/M2 -> #DIV/0! | O12: =+เงินเข้า!O12 -> 0 | P12: =+O12/O2 -> #DIV/0! | Q12: =+เงินเข้า!Q12 -> 0 | R12: =+Q12/Q2 -> #DIV/0! | S12: =+เงินเข้า!S12 -> 0 | T12: =+S12/S2 -> #DIV/0! | U12: =+เงินเข้า!U12 -> 0 | V12: =+U12/U2 -> #DIV/0! | W12: =+เงินเข้า!W12 -> 0 | X12: =+W12/W2 -> #DIV/0! | Y12: =+เงินเข้า!Y12 -> 0 | Z12: =+Y12/Y2 -> #DIV/0! | AA12: =+เงินเข้า!AA12 -> 0 | AB12: =+AA12/AA2 -> #DIV/0!
A13: 9 | B13: ค่าโทรศัพท์ที่เกี่ยวข้องในแผนกออนไลน์ | C13: =+E13+G13+I13+K13+M13+O13+Q13+S13+U13+W13+Y13+AA13 -> 2335 | D13: =+C13/C2 -> 0.00027500819 | E13: =+เงินเข้า!E13 -> 585 | F13: =+E13/E2 -> 0.00021239397 | G13: =+เงินเข้า!G13 -> 580 | H13: =+G13/G2 -> 0.00024465712 | I13: =+เงินเข้า!I13 -> 585 | J13: =+I13/I2 -> 0.00035487863 | K13: =+เงินเข้า!K13 -> 585 | L13: =+K13/K2 -> 0.0003406659 | M13: =+เงินเข้า!M13 -> 0 | N13: =+M13/M2 -> #DIV/0! | O13: =+เงินเข้า!O13 -> 0 | P13: =+O13/O2 -> #DIV/0! | Q13: =+เงินเข้า!Q13 -> 0 | R13: =+Q13/Q2 -> #DIV/0! | S13: =+เงินเข้า!S13 -> 0 | T13: =+S13/S2 -> #DIV/0! | U13: =+เงินเข้า!U13 -> 0 | V13: =+U13/U2 -> #DIV/0! | W13: =+เงินเข้า!W13 -> 0 | X13: =+W13/W2 -> #DIV/0! | Y13: =+เงินเข้า!Y13 -> 0 | Z13: =+Y13/Y2 -> #DIV/0! | AA13: =+เงินเข้า!AA13 -> 0 | AB13: =+AA13/AA2 -> #DIV/0!
A14: 10 | B14: วัสดุสิ้นเปลืองใช้จัดฉาก | C14: =+E14+G14+I14+K14+M14+O14+Q14+S14+U14+W14+Y14+AA14 -> 0 | D14: =+C14/C2 -> 0 | E14: =+เงินเข้า!E14 -> 0 | F14: =+E14/E2 -> 0 | G14: =+เงินเข้า!G14 -> 0 | H14: =+G14/G2 -> 0 | I14: =+เงินเข้า!I14 -> 0 | J14: =+I14/I2 -> 0 | K14: =+เงินเข้า!K14 -> 0 | L14: =+K14/K2 -> 0 | M14: =+เงินเข้า!M14 -> 0 | N14: =+M14/M2 -> #DIV/0! | O14: =+เงินเข้า!O14 -> 0 | P14: =+O14/O2 -> #DIV/0! | Q14: =+เงินเข้า!Q14 -> 0 | R14: =+Q14/Q2 -> #DIV/0! | S14: =+เงินเข้า!S14 -> 0 | T14: =+S14/S2 -> #DIV/0! | U14: =+เงินเข้า!U14 -> 0 | V14: =+U14/U2 -> #DIV/0! | W14: =+เงินเข้า!W14 -> 0 | X14: =+W14/W2 -> #DIV/0! | Y14: =+เงินเข้า!Y14 -> 0 | Z14: =+Y14/Y2 -> #DIV/0! | AA14: =+เงินเข้า!AA14 -> 0 | AB14: =+AA14/AA2 -> #DIV/0!
B15: รวมค่าใช้จ่าย | C15: =SUM(C5:C14) -> 5241273.3 | D15: =SUM(D5:D14) -> 0.61729897 | E15: =SUM(E5:E14) -> 1725753.6 | F15: =SUM(F5:F14) -> 0.6265635 | G15: =SUM(G5:G14) -> 1105885.7 | H15: =SUM(H5:H14) -> 0.46648762 | I15: =SUM(I5:I14) -> 1207361.1 | J15: =SUM(J5:J14) -> 0.73242164 | ... AC15: =SUM(AC5:AC14) -> 0
A17: NO | B17: รายการ | C17: Total | D17: คิดเป็นกี่% | E17: January | G17: February | I17: March | K17: April | M17: May | O17: June | Q17: July | S17: August | U17: September | W17: October | Y17: November | AA17: December
E18: ยอดต้นทุน | F18: คิดเป็นกี่% | G18: ยอดต้นทุน | H18: คิดเป็นกี่% | I18: ยอดต้นทุน | J18: คิดเป็นกี่% | K18: ยอดต้นทุน | L18: คิดเป็นกี่% | M18: ยอดต้นทุน | N18: คิดเป็นกี่% | O18: ยอดต้นทุน | P18: คิดเป็นกี่% | Q18: ยอดต้นทุน | R18: คิดเป็นกี่% | S18: ยอดต้นทุน | T18: คิดเป็นกี่% | U18: ยอดต้นทุน | V18: คิดเป็นกี่% | W18: ยอดต้นทุน | X18: คิดเป็นกี่% | Y18: ยอดต้นทุน | Z18: คิดเป็นกี่% | AA18: ยอดต้นทุน | AB18: คิดเป็นกี่%
A19: 1 | B19: หักยกเลิกออเดอร์ | C19: =+E19+G19+I19+K19+M19+O19+Q19+S19+U19+W19+Y19+AA19 -> 302132.98 | D19: =+C19/C2 -> 0.035584174 | E19: 82629.465 | F19: =+E19/E2 -> 0.03 | G19: 118533.24 | H19: =+G19/G2 -> 0.050000002 | I19: 49453.527 | J19: =+I19/I2 -> 0.03 | K19: 51516.75 | L19: =+K19/K2 -> 0.03 | N19: =+M19/M2 -> #DIV/0! | P19: =+O19/O2 -> #DIV/0! | R19: =+Q19/Q2 -> #DIV/0! | T19: =+S19/S2 -> #DIV/0! | V19: =+U19/U2 -> #DIV/0! | X19: =+W19/W2 -> #DIV/0! | Z19: =+Y19/Y2 -> #DIV/0! | AB19: =+AA19/AA2 -> #DIV/0!
A20: 2 | B20: หักค่าใช้จ่ายแพลตฟอร์ม | C20: =+E20+G20+I20+K20+M20+O20+Q20+S20+U20+W20+Y20+AA20 -> 726665.79 | D20: =+C20/C2 -> 0.085584174 | E20: 220345.24 | F20: =+E20/E2 -> 0.08 | G20: 237066.48 | H20: =+G20/G2 -> 0.1 | I20: 131876.07 | J20: =+I20/I2 -> 0.08 | K20: 137378 | L20: =+K20/K2 -> 0.08 | N20: =+M20/M2 -> #DIV/0! | P20: =+O20/O2 -> #DIV/0! | R20: =+Q20/Q2 -> #DIV/0! | T20: =+S20/S2 -> #DIV/0! | V20: =+U20/U2 -> #DIV/0! | X20: =+W20/W2 -> #DIV/0! | Z20: =+Y20/Y2 -> #DIV/0! | AB20: =+AA20/AA2 -> #DIV/0!
A21: 3 | B21: หักยอดส่วนลดผู้ขาย | C21: =+E21+G21+I21+K21+M21+O21+Q21+S21+U21+W21+Y21+AA21 -> 302132.98 | D21: =+C21/C2 -> 0.035584174 | E21: 82629.465 | F21: =+E21/E2 -> 0.03 | G21: 118533.24 | H21: =+G21/G2 -> 0.050000002 | I21: 49453.527 | J21: =+I21/I2 -> 0.03 | K21: 51516.75 | L21: =+K21/K2 -> 0.03 | N21: =+M21/M2 -> #DIV/0! | P21: =+O21/O2 -> #DIV/0! | R21: =+Q21/Q2 -> #DIV/0! | T21: =+S21/S2 -> #DIV/0! | V21: =+U21/U2 -> #DIV/0! | X21: =+W21/W2 -> #DIV/0! | Z21: =+Y21/Y2 -> #DIV/0! | AB21: =+AA21/AA2 -> #DIV/0!
A22: 4 | B22: หักค่าใช้จ่ายบริหาร | C22: =+E22+G22+I22+K22+M22+O22+Q22+S22+U22+W22+Y22+AA22 -> 5246137.8 | D22: =+C22/C2 -> 0.6178719 | E22: 1725753.6 | F22: =+E22/E2 -> 0.6265635 | G22: 1110750.2 | H22: =+G22/G2 -> 0.46853958 | I22: 1207361.1 | J22: =+I22/I2 -> 0.73242164 | K22: 1202272.9 | L22: =+K22/K2 -> 0.70012542 | N22: =+M22/M2 -> #DIV/0! | P22: =+O22/O2 -> #DIV/0! | R22: =+Q22/Q2 -> #DIV/0! | T22: =+S22/S2 -> #DIV/0! | V22: =+U22/U2 -> #DIV/0! | X22: =+W22/W2 -> #DIV/0! | Z22: =+Y22/Y2 -> #DIV/0! | AB22: =+AA22/AA2 -> #DIV/0!
A23: 5 | B23: หักยอดเคลม + ตีกลับ + โอนเงินคืนลูกค้า | C23: =+E23+G23+I23+K23+M23+O23+Q23+S23+U23+W23+Y23+AA23 -> 94765.6 | D23: =+C23/C2 -> 0.011161163 | E23: 50777.57 | F23: =+E23/E2 -> 0.01843564 | G23: 13493.05 | H23: =+G23/G2 -> 0.0056916737 | I23: 15715.61 | J23: =+I23/I2 -> 0.0095335627 | K23: 14779.37 | L23: =+K23/K2 -> 0.0086065425 | N23: =+M23/M2 -> #DIV/0! | P23: =+O23/O2 -> #DIV/0! | R23: =+Q23/Q2 -> #DIV/0! | T23: =+S23/S2 -> #DIV/0! | V23: =+U23/U2 -> #DIV/0! | X23: =+W23/W2 -> #DIV/0! | Z23: =+Y23/Y2 -> #DIV/0! | AB23: =+AA23/AA2 -> #DIV/0!
B24: คงเหลือกำไร | C24: =+C2-C19-C20-C21-C22-C23 -> 1818821 | D24: =+C24/C2 -> 0.21421442 | E24: =+E2-E19-E20-E21-E22-E23 -> 592180.2 | F24: =+E24/E2 -> 0.21500086 | G24: =+G2-G19-G20-G21-G22-G23 -> 772288.45 | H24: =+G24/G2 -> 0.32576874 | I24: =+I2-I19-I20-I21-I22-I23 -> 194591.06 | J24: =+I24/I2 -> 0.1180448 | K24: =+K2-K19-K20-K21-K22-K23 -> 259761.25 | L24: =+K24/K2 -> 0.15126803 | M24: =+M2-M19-M20-M21-M22-M23 -> 0 | N24: =+M24/M2 -> #DIV/0! | O24: =+O2-O19-O20-O21-O22-O23 -> 0 | P24: =+O24/O2 -> #DIV/0! | Q24: =+Q2-Q19-Q20-Q21-Q22-Q23 -> 0 | R24: =+Q24/Q2 -> #DIV/0! | S24: =+S2-S19-S20-S21-S22-S23 -> 0 | T24: =+S24/S2 -> #DIV/0! | U24: =+U2-U19-U20-U21-U22-U23 -> 0 | V24: =+U24/U2 -> #DIV/0! | W24: =+W2-W19-W20-W21-W22-W23 -> 0 | X24: =+W24/W2 -> #DIV/0! | Y24: =+Y2-Y19-Y20-Y21-Y22-Y23 -> 0 | Z24: =+Y24/Y2 -> #DIV/0! | AA24: =+AA2-AA19-AA20-AA21-AA22-AA23 -> 0 | AB24: =+AA24/AA2 -> #DIV/0!
