Workbook

Sheet บ่าย
B1: ยอดจริง ออนไลน์ วันที่ - บ่าย
L2: ยอดรวมผลิต
L3: จำนวน
B4: รหัสสินค้า | C4: สินค้า | D4: ปณ | E4: ชอปปี้ | F4: ลาซาด้า | G4: ติ๊กตอก | H4: ติ๊กตอก 2 | I4: ติ๊กตอก3 | J4: ชอยส์ | K4: ยอดเส้น | L4: (กล่อง)
B6: ชิฟฟอนรวมรส
B7: 1111002 | C7: ชิฟฟอนรวมรส 8 ชิ้น | L7: =SUM(D7:K7) -> 0
C8: ชิฟฟอนแบบกล่องสุ่มอะไรก็ได้ที่มี | L8: =SUM(D8:K8) -> 0
B9: 1111084 | C9: ชิฟฟอน 8 ชิ้น กาแฟล้วน | L9: =SUM(D9:K9) -> 0
B10: 1111085 | C10: ชิฟฟอน 8 ชิ้น บลูเบอรี่ล้วน | L10: =SUM(D10:K10) -> 0
B11: 1111086 | C11: ชิฟฟอน 8 ชิ้น มะพร้าวล้วน | L11: =SUM(D11:K11) -> 0
B12: 1111087 | C12: ชิฟฟอน 8 ชิ้น สตอเบอรี่ล้วน | L12: =SUM(D12:K12) -> 0
B13: 1111088 | C13: ชิฟฟอน 8 ชิ้น ส้มล้วน | L13: =SUM(D13:K13) -> 0
B14: 1111089 | C14: ชิฟฟอน 8 ชิ้น เนยล้วน | L14: =SUM(D14:K14) -> 0
B15: 1111090 | C15: ชิฟฟอน 8 ชิ้น เผือกล้วน | L15: =SUM(D15:K15) -> 0
B16: 1111091 | C16: ชิฟฟอน 8 ชิ้น ใบเตยล้วน | L16: =SUM(D16:K16) -> 0
B17: 1111092 | C17: ชิฟฟอน 8 ชิ้น กล้วยหอม | L17: =SUM(D17:K17) -> 0
B18: 1111093 | C18: ชิฟฟอน 8 ชิ้น โกโก้ล้วน | L18: =SUM(D18:K18) -> 0
B19: 1111094 | C19: ชิฟฟอน 8 ชิ้น ชาไทยล้วน | L19: =SUM(D19:K19) -> 0
B20: 1111095 | C20: ชิฟฟอน 8 ชิ้น ชาเขียวล้วน | L20: =SUM(D20:K20) -> 0
... B66: 1111010 | C66: ชิฟฟอนไส้แยมแยกชิ้น คละรส | L66: =SUM(D66:K66) -> 0
C67: รวม | L67: =SUM(L7:L66) -> 0
B68: ชิฟฟอนไส้แยม 6 ชิ้น
B69: 1111009 | C69: ชิฟฟอนไส้แยมรวมรส 6 ชิ้น | L69: =SUM(D69:K69) -> 0
B70: 1111023 | C70: ชิฟฟอนไส้แยมรสสตอเบอร์รี่ล้วน 6 ชิ้น | L70: =SUM(D70:K70) -> 0
B71: 1111016 | C71: ชิฟฟอนไส้แยมรสมะพร้าวล้วน 6 ชิ้น | L71: =SUM(D71:K71) -> 0
B72: 1111014 | C72: ชิฟฟอนไส้แยมรสช็อกโกแลตนูเทลล่าล้วน 6 ชิ้น | L72: =SUM(D72:K72) -> 0
B73: 1111025 | C73: ชิฟฟอนไส้แยมรสส้มล้วน 6 ชิ้น | L73: =SUM(D73:K73) -> 0
B74: 1111018 | C74: ชิฟฟอนไส้แยมรสบลูเบอร์รี่ล้วน 6 ชิ้น | L74: =SUM(D74:K74) -> 0
B75: 1111012 | C75: ชิฟฟอนไส้แยมรสนมชมพูฮอกไกโดล้วน 6 ชิ้น | L75: =SUM(D75:K75) -> 0
B76: 1111020 | C76: ชิฟฟอนไส้แยมฝอยทองไส้ทะลัก 6 ชิ้น | L76: =SUM(D76:K76) -> 0
C77: รวม | L77: =SUM(L69:L76) -> 0
B78: ชิฟฟอนไส้แยม 3 ชิ้น
B79: 1111022 | C79: ชิฟฟอนไส้แยมรสสตอเบอร์รี่ล้วน 3 ชิ้น | L79: =SUM(D79:K79) -> 0
B80: 1111015 | C80: ชิฟฟอนไส้แยมรสมะพร้าวล้วน 3 ชิ้น | L80: =SUM(D80:K80) -> 0
B81: 1111013 | C81: ชิฟฟอนไส้แยมรสช็อกโกแลตนูเทลล่าล้วน 3 ชิ้น | L81: =SUM(D81:K81) -> 0
B82: 1111024 | C82: ชิฟฟอนไส้แยมรสส้มล้วน 3 ชิ้น | L82: =SUM(D82:K82) -> 0
B83: 1111017 | C83: ชิฟฟอนไส้แยมรสบลูเบอร์รี่ล้วน 3 ชิ้น | L83: =SUM(D83:K83) -> 0
B84: 1111011 | C84: ชิฟฟอนไส้แยมรสนมชมพูฮอกไกโดล้วน 3 ชิ้น | L84: =SUM(D84:K84) -> 0
B85: 1111019 | C85: ชิฟฟอนไส้แยมฝอยทองไส้ทะลัก 3 ชิ้น | L85: =SUM(D85:K85) -> 0
B86: 1113081 | C86: ชิฟฟอนไส้แยม วนิลา/ใบเตย/เมล่อน | L86: =SUM(D86:K86) -> 0
B87: 1111008 | C87: ชิฟฟอนไส้แยมรวมรส 3 ชิ้น | L87: =SUM(D87:K87) -> 0
C88: รวม | L88: =SUM(L79:L87) -> 0
B89: เบาหวิว ล 110 กรัม
B90: 1112009 | C90: มะพร้าว | L90: =SUM(D90:K90) -> 0
B91: 1112011 | C91: ฝอยทอง | L91: =SUM(D91:K91) -> 0
B92: 1112003 | C92: กาแฟ | L92: =SUM(D92:K92) -> 0
B93: 1112005 | C93: เนยนม | L93: =SUM(D93:K93) -> 0
B94: 1112007 | C94: ใบเตย | L94: =SUM(D94:K94) -> 0
B95: 1112019 | C95: ทุเรียน | L95: =SUM(D95:K95) -> 0
B96: 1112017 | C96: ตาลหอม | L96: =SUM(D96:K96) -> 0
B97: 1112015 | C97: กล้วยหอมมะพร้าวเผา | L97: =SUM(D97:K97) -> 0
B98: 1112013 | C98: เผือกมะพร้าวอ่อน | L98: =SUM(D98:K98) -> 0
B99: 1124043 | C99: เบาหวิว คละรส | L99: =SUM(D99:K99) -> 0
C100: รวม | L100: =SUM(L90:L99) -> 0
B101: เบาหวิว ญ 300 กรัม
B102: 1112008 | C102: มะพร้าว | L102: =SUM(D102:K102) -> 0
B103: 1112010 | C103: ฝอยทอง | L103: =SUM(D103:K103) -> 0
B104: 1112002 | C104: กาแฟ | L104: =SUM(D104:K104) -> 0
B105: 1112004 | C105: เนยนม | L105: =SUM(D105:K105) -> 0
B106: 1112006 | C106: ใบเตย | L106: =SUM(D106:K106) -> 0
B107: 1112018 | C107: ทุเรียน | L107: =SUM(D107:K107) -> 0
B108: 1112016 | C108: ตาลหอม | L108: =SUM(D108:K108) -> 0
B109: 1112014 | C109: กล้วยหอมมะพร้าวเผา | L109: =SUM(D109:K109) -> 0
B110: 1112012 | C110: เผือกมะพร้าวอ่อน | L110: =SUM(D110:K110) -> 0
C111: เบาหวิว คละรส | L111: =SUM(D111:K111) -> 0
C112: รวม | L112: =SUM(L102:L111) -> 0
B113: อื่นๆ
B114: 1113170 | C114: ขนมเปี๊ยะถั่วฝอยทองไข่เค็ม 450 กรัม | L114: =SUM(D114:K114) -> 0
B115: 1113171 | C115: ขนมเปี๊ยะฟักถั่วไข่เค็ม 450 กรัม | L115: =SUM(D115:K115) -> 0
B116: 1113172 | C116: ขนมเปี๊ยะเผือกฝอยทองไข่เค็ม 450 กรัม | L116: =SUM(D116:K116) -> 0
B117: 1113173 | C117: ขนมเปี๊ยะงาดำฝอยทองไข่เค็ม 450 กรัม | L117: =SUM(D117:K117) -> 0
B118: 1100003 | C118: เมอแรงค์ กระปุก | L118: =SUM(D118:K118) -> 0
B119: 1100001 | C119: พายสับปรด 1 ชิ้น | L119: =SUM(D119:K119) -> 0
B120: 1100002 | C120: พายสับปรด 1 กล่อง | L120: =SUM(D120:K120) -> 0
B121: 1200001 | C121: คอนเฟลค | L121: =SUM(D121:K121) -> 0
B122: 1005761 | C122: ปังกรอบคาราเมล(ถุง) | L122: =SUM(D122:K122) -> 0
B123: 1114501 | C123: ครีมฮอร์นไส้เนย วนิลา | L123: =SUM(D123:K123) -> 0
B124: 1114502 | C124: ครีมฮอร์นไส้เนย ใบเตย | L124: =SUM(D124:K124) -> 0
B125: 1114503 | C125: ครีมฮอร์นไส้เนย ชอค | L125: =SUM(D125:K125) -> 0
... B134: 1200092 | C134: ท็อฟฟี่ถั่ว 1 กิโล | L134: =SUM(D134:K134) -> 0
C135: เศษขนมปังปลา5กก. | L135: =SUM(D135:K135) -> 0
C136: เศษขนมปังปลา1กก. | L136: =SUM(D136:K136) -> 0
B137: 20052721 | C137: แซนวิชโบราณ | L137: =SUM(D137:K137) -> 0
B138: 1004046 | C138: ปังเนยนิ่ม ถุง | L138: =SUM(D138:K138) -> 0
C139: กล่องเบาหวิว ล | L139: =SUM(D139:K139) -> 0
C140: กล่องเปี๊ยะ ล | L140: =SUM(D140:K140) -> 0
B141: 20059548 | C141: มินิบันไก่หยองน้ำสลัด 110 กรัม | L141: =SUM(D141:K141) -> 0
B142: 20054646 | C142: ปังพิซซ่า | L142: =SUM(D142:K142) -> 0
B143: 1100044 | C143: หมี่กรอบโบราณ | L143: =SUM(D143:K143) -> 0
B144: 1100045 | C144: ชิฟฟ่อน 8 ชิ้น ขนุนล้วน | L144: =SUM(D144:K144) -> 0
B145: 20039042 | C145: ปังเนยนิ่ม 3 ชิ้น | L145: =SUM(D145:K145) -> 0
L146: =SUM(D146:K146) -> 0
L147: =SUM(D147:K147) -> 0
L148: =SUM(D148:K148) -> 0
L149: =SUM(D149:K149) -> 0
L150: =SUM(D150:K150) -> 0
L151: =SUM(D151:K151) -> 0
B153: …..................................................................................... | I153: ….....................................................................................
B154: ผู้จัดทำ | I154: ผู้รับทราบ

Sheet เย็น 
B1: ยอดจริง ออนไลน์ วันที่ - เย็น
L2: ยอดรวมผลิต
L3: จำนวน
B4: รหัสสินค้า | C4: สินค้า | D4: ปณ | E4: ชอปปี้ | F4: ลาซาด้า | G4: ติ๊กตอก | H4: ติ๊กตอก 2 | I4: ติ๊กตอก3 | J4: ชอยส์ | K4: ยอดเส้น | L4: (กล่อง)
B6: ชิฟฟอนรวมรส
B7: 1111002 | C7: ชิฟฟอนรวมรส 8 ชิ้น | L7: =SUM(D7:K7) -> 0
C8: ชิฟฟอนแบบกล่องสุ่มอะไรก็ได้ที่มี | L8: =SUM(D8:K8) -> 0
B9: 1111084 | C9: ชิฟฟอน 8 ชิ้น กาแฟล้วน | L9: =SUM(D9:K9) -> 0
B10: 1111085 | C10: ชิฟฟอน 8 ชิ้น บลูเบอรี่ล้วน | L10: =SUM(D10:K10) -> 0
B11: 1111086 | C11: ชิฟฟอน 8 ชิ้น มะพร้าวล้วน | L11: =SUM(D11:K11) -> 0
B12: 1111087 | C12: ชิฟฟอน 8 ชิ้น สตอเบอรี่ล้วน | L12: =SUM(D12:K12) -> 0
B13: 1111088 | C13: ชิฟฟอน 8 ชิ้น ส้มล้วน | L13: =SUM(D13:K13) -> 0
B14: 1111089 | C14: ชิฟฟอน 8 ชิ้น เนยล้วน | L14: =SUM(D14:K14) -> 0
B15: 1111090 | C15: ชิฟฟอน 8 ชิ้น เผือกล้วน | L15: =SUM(D15:K15) -> 0
B16: 1111091 | C16: ชิฟฟอน 8 ชิ้น ใบเตยล้วน | L16: =SUM(D16:K16) -> 0
B17: 1111092 | C17: ชิฟฟอน 8 ชิ้น กล้วยหอม | L17: =SUM(D17:K17) -> 0
B18: 1111093 | C18: ชิฟฟอน 8 ชิ้น โกโก้ล้วน | L18: =SUM(D18:K18) -> 0
B19: 1111094 | C19: ชิฟฟอน 8 ชิ้น ชาไทยล้วน | L19: =SUM(D19:K19) -> 0
B20: 1111095 | C20: ชิฟฟอน 8 ชิ้น ชาเขียวล้วน | L20: =SUM(D20:K20) -> 0
... B66: 1111010 | C66: ชิฟฟอนไส้แยมแยกชิ้น คละรส | L66: =SUM(D66:K66) -> 0
C67: รวม | L67: =SUM(L7:L66) -> 0
B68: ชิฟฟอนไส้แยม 6 ชิ้น
B69: 1111009 | C69: ชิฟฟอนไส้แยมรวมรส 6 ชิ้น | L69: =SUM(D69:K69) -> 0
B70: 1111023 | C70: ชิฟฟอนไส้แยมรสสตอเบอร์รี่ล้วน 6 ชิ้น | L70: =SUM(D70:K70) -> 0
B71: 1111016 | C71: ชิฟฟอนไส้แยมรสมะพร้าวล้วน 6 ชิ้น | L71: =SUM(D71:K71) -> 0
B72: 1111014 | C72: ชิฟฟอนไส้แยมรสช็อกโกแลตนูเทลล่าล้วน 6 ชิ้น | L72: =SUM(D72:K72) -> 0
B73: 1111025 | C73: ชิฟฟอนไส้แยมรสส้มล้วน 6 ชิ้น | L73: =SUM(D73:K73) -> 0
B74: 1111018 | C74: ชิฟฟอนไส้แยมรสบลูเบอร์รี่ล้วน 6 ชิ้น | L74: =SUM(D74:K74) -> 0
B75: 1111012 | C75: ชิฟฟอนไส้แยมรสนมชมพูฮอกไกโดล้วน 6 ชิ้น | L75: =SUM(D75:K75) -> 0
B76: 1111020 | C76: ชิฟฟอนไส้แยมฝอยทองไส้ทะลัก 6 ชิ้น | L76: =SUM(D76:K76) -> 0
C77: รวม | L77: =SUM(L69:L76) -> 0
B78: ชิฟฟอนไส้แยม 3 ชิ้น
B79: 1111022 | C79: ชิฟฟอนไส้แยมรสสตอเบอร์รี่ล้วน 3 ชิ้น | L79: =SUM(D79:K79) -> 0
B80: 1111015 | C80: ชิฟฟอนไส้แยมรสมะพร้าวล้วน 3 ชิ้น | L80: =SUM(D80:K80) -> 0
B81: 1111013 | C81: ชิฟฟอนไส้แยมรสช็อกโกแลตนูเทลล่าล้วน 3 ชิ้น | L81: =SUM(D81:K81) -> 0
B82: 1111024 | C82: ชิฟฟอนไส้แยมรสส้มล้วน 3 ชิ้น | L82: =SUM(D82:K82) -> 0
B83: 1111017 | C83: ชิฟฟอนไส้แยมรสบลูเบอร์รี่ล้วน 3 ชิ้น | L83: =SUM(D83:K83) -> 0
B84: 1111011 | C84: ชิฟฟอนไส้แยมรสนมชมพูฮอกไกโดล้วน 3 ชิ้น | L84: =SUM(D84:K84) -> 0
B85: 1111019 | C85: ชิฟฟอนไส้แยมฝอยทองไส้ทะลัก 3 ชิ้น | L85: =SUM(D85:K85) -> 0
B86: 1113081 | C86: ชิฟฟอนไส้แยม วนิลา/ใบเตย/เมล่อน | L86: =SUM(D86:K86) -> 0
B87: 1111008 | C87: ชิฟฟอนไส้แยมรวมรส 3 ชิ้น | L87: =SUM(D87:K87) -> 0
C88: รวม | L88: =SUM(L79:L87) -> 0
B89: เบาหวิว ล 110 กรัม
B90: 1112009 | C90: มะพร้าว | L90: =SUM(D90:K90) -> 0
B91: 1112011 | C91: ฝอยทอง | L91: =SUM(D91:K91) -> 0
B92: 1112003 | C92: กาแฟ | L92: =SUM(D92:K92) -> 0
B93: 1112005 | C93: เนยนม | L93: =SUM(D93:K93) -> 0
B94: 1112007 | C94: ใบเตย | L94: =SUM(D94:K94) -> 0
B95: 1112019 | C95: ทุเรียน | L95: =SUM(D95:K95) -> 0
B96: 1112017 | C96: ตาลหอม | L96: =SUM(D96:K96) -> 0
B97: 1112015 | C97: กล้วยหอมมะพร้าวเผา | L97: =SUM(D97:K97) -> 0
B98: 1112013 | C98: เผือกมะพร้าวอ่อน | L98: =SUM(D98:K98) -> 0
B99: 1124043 | C99: เบาหวิว คละรส | L99: =SUM(D99:K99) -> 0
C100: รวม | L100: =SUM(L90:L99) -> 0
B101: เบาหวิว ญ 300 กรัม
B102: 1112008 | C102: มะพร้าว | L102: =SUM(D102:K102) -> 0
B103: 1112010 | C103: ฝอยทอง | L103: =SUM(D103:K103) -> 0
B104: 1112002 | C104: กาแฟ | L104: =SUM(D104:K104) -> 0
B105: 1112004 | C105: เนยนม | L105: =SUM(D105:K105) -> 0
B106: 1112006 | C106: ใบเตย | L106: =SUM(D106:K106) -> 0
B107: 1112018 | C107: ทุเรียน | L107: =SUM(D107:K107) -> 0
B108: 1112016 | C108: ตาลหอม | L108: =SUM(D108:K108) -> 0
B109: 1112014 | C109: กล้วยหอมมะพร้าวเผา | L109: =SUM(D109:K109) -> 0
B110: 1112012 | C110: เผือกมะพร้าวอ่อน | L110: =SUM(D110:K110) -> 0
C111: เบาหวิว คละรส | L111: =SUM(D111:K111) -> 0
C112: รวม | L112: =SUM(L102:L111) -> 0
B113: อื่นๆ
B114: 1113170 | C114: ขนมเปี๊ยะถั่วฝอยทองไข่เค็ม 450 กรัม | L114: =SUM(D114:K114) -> 0
B115: 1113171 | C115: ขนมเปี๊ยะฟักถั่วไข่เค็ม 450 กรัม | L115: =SUM(D115:K115) -> 0
B116: 1113172 | C116: ขนมเปี๊ยะเผือกฝอยทองไข่เค็ม 450 กรัม | L116: =SUM(D116:K116) -> 0
B117: 1113173 | C117: ขนมเปี๊ยะงาดำฝอยทองไข่เค็ม 450 กรัม | L117: =SUM(D117:K117) -> 0
B118: 1100003 | C118: เมอแรงค์ กระปุก | L118: =SUM(D118:K118) -> 0
B119: 1100001 | C119: พายสับปรด 1 ชิ้น | L119: =SUM(D119:K119) -> 0
B120: 1100002 | C120: พายสับปรด 1 กล่อง | L120: =SUM(D120:K120) -> 0
B121: 1200001 | C121: คอนเฟลค | L121: =SUM(D121:K121) -> 0
B122: 1005761 | C122: ปังกรอบคาราเมล(ถุง) | L122: =SUM(D122:K122) -> 0
B123: 1114501 | C123: ครีมฮอร์นไส้เนย วนิลา | L123: =SUM(D123:K123) -> 0
B124: 1114502 | C124: ครีมฮอร์นไส้เนย ใบเตย | L124: =SUM(D124:K124) -> 0
B125: 1114503 | C125: ครีมฮอร์นไส้เนย ชอค | L125: =SUM(D125:K125) -> 0
... B134: 1200092 | C134: ท็อฟฟี่ถั่ว 1 กิโล | L134: =SUM(D134:K134) -> 0
C135: เศษขนมปังปลา5กก. | L135: =SUM(D135:K135) -> 0
C136: เศษขนมปังปลา1กก. | L136: =SUM(D136:K136) -> 0
B137: 20052721 | C137: แซนวิชโบราณ | L137: =SUM(D137:K137) -> 0
B138: 1004046 | C138: ปังเนยนิ่ม ถุง | L138: =SUM(D138:K138) -> 0
C139: กล่องเบาหวิว ล | L139: =SUM(D139:K139) -> 0
C140: กล่องเปี๊ยะ ล | L140: =SUM(D140:K140) -> 0
B141: 20059548 | C141: มินิบันไก่หยองน้ำสลัด 110 กรัม | L141: =SUM(D141:K141) -> 0
B142: 20054646 | C142: ปังพิซซ่า | L142: =SUM(D142:K142) -> 0
B143: 1100044 | C143: หมี่กรอบโบราณ | L143: =SUM(D143:K143) -> 0
B144: 1100045 | C144: ชิฟฟ่อน 8 ชิ้น ขนุนล้วน | L144: =SUM(D144:K144) -> 0
B145: 20039042 | C145: ปังเนยนิ่ม 3 ชิ้น | L145: =SUM(D145:K145) -> 0
L146: =SUM(D146:K146) -> 0
L147: =SUM(D147:K147) -> 0
L148: =SUM(D148:K148) -> 0
L149: =SUM(D149:K149) -> 0
L150: =SUM(D150:K150) -> 0
L151: =SUM(D151:K151) -> 0
B156: …..................................................................................... | I156: ….....................................................................................
B157: ผู้จัดทำ | I157: ผู้รับทราบ

Sheet 01.7.68
B1: ยอดจริง ออนไลน์ วันที่ 1/7/2569
B2: รหัสสินค้า | C2: สินค้า | D2: ปณ | H2: ชอปปี้ | L2: ลาซาด้า | P2: ติ๊กตอก | T2: ติ๊กตอก2 | X2: ติ๊กตอก3 | AB2: ติ๊กตอก4 | AF2: ติ๊กตอก5 | AJ2: ติ๊กตอก6 | AN2: ติ๊กตอก7 | AR2: ติ๊กตอก8 | AV2: ติ๊กตอก9 | AZ2: ยอดเส้น | BA2: ยอดรวมผลิต(กล่อง) | BB2: ยอดยกเลิก | BC2: สรุปใช้จริง | BD2: ยอดForcast | BE2: ยอดStock | BF2: ยอดMemo | BG2: ยอดForcastวันพรุ่งนี้ | BH2: สินค้าที่ขายได้
D3: เช้า | E3: บ่าย | F3: เย็น | G3: รวม | H3: เช้า | I3: บ่าย | J3: เย็น | K3: รวม | L3: เช้า | M3: บ่าย | N3: เย็น | O3: รวม | P3: เช้า | Q3: บ่าย | R3: เย็น | S3: รวม | T3: เช้า | U3: บ่าย | V3: เย็น | W3: รวม | X3: เช้า | Y3: บ่าย | Z3: เย็น | AA3: รวม | AB3: เช้า | AC3: บ่าย | AD3: เย็น | AE3: รวม | AF3: เช้า | AG3: บ่าย | AH3: เย็น | AI3: รวม | AJ3: เช้า | AK3: บ่าย | AL3: เย็น | AM3: รวม | AN3: เช้า | AO3: บ่าย | AP3: เย็น | AQ3: รวม | AR3: เช้า | AS3: บ่าย | AT3: เย็น | AU3: รวม | AV3: เช้า | AW3: บ่าย | AX3: เย็น | AY3: รวม
B4: 1004055 | C4: ชิฟฟ่อนเค้ก วรรณวนัช (รวมรส 4 ชิ้น) | G4: =SUM(D4:F4) -> 0 | K4: =SUM(H4:J4) -> 0 | O4: =SUM(L4:N4) -> 0 | S4: =SUM(P4:R4) -> 0 | W4: =SUM(T4:V4) -> 0 | AA4: =SUM(X4:Z4) -> 0 | AE4: =SUM(AB4:AD4) -> 0 | AI4: =SUM(AF4:AH4) -> 0 | AM4: =SUM(AJ4:AL4) -> 0 | AQ4: =SUM(AN4:AP4) -> 0 | AU4: =SUM(AR4:AT4) -> 0 | AY4: =SUM(AV4:AX4) -> 0 | AZ4: 5 | BA4: =+G4+K4+O4+S4+W4+AA4+AE4+AZ4+AI4+AM4+AQ4+AU4+AY4 -> 5 | BC4: =+BA4-BB4 -> 5 | BD4: 5 | BF4: =+BD4+BE4-BC4 -> 0 | BH4: =BF4+BG4 -> 0
B5: 1111002 | C5: ชิฟฟ่อนเค้ก วรรณวนัช (รวมรส 8 ชิ้น) | D5: 3 | G5: =SUM(D5:F5) -> 3 | H5: 11 | K5: =SUM(H5:J5) -> 11 | L5: 7 | O5: =SUM(L5:N5) -> 7 | P5: 9 | S5: =SUM(P5:R5) -> 9 | W5: =SUM(T5:V5) -> 0 | AA5: =SUM(X5:Z5) -> 0 | AE5: =SUM(AB5:AD5) -> 0 | AI5: =SUM(AF5:AH5) -> 0 | AM5: =SUM(AJ5:AL5) -> 0 | AQ5: =SUM(AN5:AP5) -> 0 | AU5: =SUM(AR5:AT5) -> 0 | AY5: =SUM(AV5:AX5) -> 0 | AZ5: 5 | BA5: =+G5+K5+O5+S5+W5+AA5+AE5+AZ5+AI5+AM5+AQ5+AU5+AY5 -> 35 | BC5: =+BA5-BB5 -> 35 | BD5: 5 | BE5: 235 | BF5: =+BD5+BE5-BC5 -> 205 | BH5: =BF5+BG5 -> 205
B6: 1111001 | C6: ชิฟฟ่อนแยกชิ้นไม่มีไส้ คละรส | G6: =SUM(D6:F6) -> 0 | K6: =SUM(H6:J6) -> 0 | O6: =SUM(L6:N6) -> 0 | S6: =SUM(P6:R6) -> 0 | W6: =SUM(T6:V6) -> 0 | AA6: =SUM(X6:Z6) -> 0 | AE6: =SUM(AB6:AD6) -> 0 | AI6: =SUM(AF6:AH6) -> 0 | AM6: =SUM(AJ6:AL6) -> 0 | AQ6: =SUM(AN6:AP6) -> 0 | AU6: =SUM(AR6:AT6) -> 0 | AY6: =SUM(AV6:AX6) -> 0 | BA6: =+G6+K6+O6+S6+W6+AA6+AE6+AZ6+AI6+AM6+AQ6+AU6+AY6 -> 0 | BC6: =+BA6-BB6 -> 0 | BF6: =+BD6+BE6-BC6 -> 0 | BH6: =BF6+BG6 -> 0
B7: 1111043 | C7: ชิฟฟอนรสมะลิ 8 ชิ้น ห่อ ซีน | G7: =SUM(D7:F7) -> 0 | K7: =SUM(H7:J7) -> 0 | O7: =SUM(L7:N7) -> 0 | S7: =SUM(P7:R7) -> 0 | W7: =SUM(T7:V7) -> 0 | AA7: =SUM(X7:Z7) -> 0 | AE7: =SUM(AB7:AD7) -> 0 | AI7: =SUM(AF7:AH7) -> 0 | AM7: =SUM(AJ7:AL7) -> 0 | AQ7: =SUM(AN7:AP7) -> 0 | AU7: =SUM(AR7:AT7) -> 0 | AY7: =SUM(AV7:AX7) -> 0 | BA7: =+G7+K7+O7+S7+W7+AA7+AE7+AZ7+AI7+AM7+AQ7+AU7+AY7 -> 0 | BC7: =+BA7-BB7 -> 0 | BF7: =+BD7+BE7-BC7 -> 0 | BH7: =BF7+BG7 -> 0
B8: 1111057 | C8: ชิฟฟอนแยกชิ้น กาแฟ | G8: =SUM(D8:F8) -> 0 | K8: =SUM(H8:J8) -> 0 | O8: =SUM(L8:N8) -> 0 | S8: =SUM(P8:R8) -> 0 | W8: =SUM(T8:V8) -> 0 | AA8: =SUM(X8:Z8) -> 0 | AE8: =SUM(AB8:AD8) -> 0 | AI8: =SUM(AF8:AH8) -> 0 | AM8: =SUM(AJ8:AL8) -> 0 | AQ8: =SUM(AN8:AP8) -> 0 | AU8: =SUM(AR8:AT8) -> 0 | AY8: =SUM(AV8:AX8) -> 0 | BA8: =+G8+K8+O8+S8+W8+AA8+AE8+AZ8+AI8+AM8+AQ8+AU8+AY8 -> 0 | BC8: =+BA8-BB8 -> 0 | BF8: =+BD8+BE8-BC8 -> 0 | BH8: =BF8+BG8 -> 0
B9: 1111058 | C9: ชิฟฟอนแยกชิ้น ชาเขียว | G9: =SUM(D9:F9) -> 0 | K9: =SUM(H9:J9) -> 0 | O9: =SUM(L9:N9) -> 0 | S9: =SUM(P9:R9) -> 0 | W9: =SUM(T9:V9) -> 0 | AA9: =SUM(X9:Z9) -> 0 | AE9: =SUM(AB9:AD9) -> 0 | AI9: =SUM(AF9:AH9) -> 0 | AM9: =SUM(AJ9:AL9) -> 0 | AQ9: =SUM(AN9:AP9) -> 0 | AU9: =SUM(AR9:AT9) -> 0 | AY9: =SUM(AV9:AX9) -> 0 | BA9: =+G9+K9+O9+S9+W9+AA9+AE9+AZ9+AI9+AM9+AQ9+AU9+AY9 -> 0 | BC9: =+BA9-BB9 -> 0 | BF9: =+BD9+BE9-BC9 -> 0 | BH9: =BF9+BG9 -> 0
B10: 1111059 | C10: ชิฟฟอนแยกชิ้น ใบเตย | G10: =SUM(D10:F10) -> 0 | K10: =SUM(H10:J10) -> 0 | O10: =SUM(L10:N10) -> 0 | S10: =SUM(P10:R10) -> 0 | W10: =SUM(T10:V10) -> 0 | AA10: =SUM(X10:Z10) -> 0 | AE10: =SUM(AB10:AD10) -> 0 | AI10: =SUM(AF10:AH10) -> 0 | AM10: =SUM(AJ10:AL10) -> 0 | AQ10: =SUM(AN10:AP10) -> 0 | AU10: =SUM(AR10:AT10) -> 0 | AY10: =SUM(AV10:AX10) -> 0 | BA10: =+G10+K10+O10+S10+W10+AA10+AE10+AZ10+AI10+AM10+AQ10+AU10+AY10 -> 0 | BC10: =+BA10-BB10 -> 0 | BF10: =+BD10+BE10-BC10 -> 0 | BH10: =BF10+BG10 -> 0
B11: 1111060 | C11: ชิฟฟอนแยกชิ้น กล้วยหอม | G11: =SUM(D11:F11) -> 0 | K11: =SUM(H11:J11) -> 0 | O11: =SUM(L11:N11) -> 0 | S11: =SUM(P11:R11) -> 0 | W11: =SUM(T11:V11) -> 0 | AA11: =SUM(X11:Z11) -> 0 | AE11: =SUM(AB11:AD11) -> 0 | AI11: =SUM(AF11:AH11) -> 0 | AM11: =SUM(AJ11:AL11) -> 0 | AQ11: =SUM(AN11:AP11) -> 0 | AU11: =SUM(AR11:AT11) -> 0 | AY11: =SUM(AV11:AX11) -> 0 | BA11: =+G11+K11+O11+S11+W11+AA11+AE11+AZ11+AI11+AM11+AQ11+AU11+AY11 -> 0 | BC11: =+BA11-BB11 -> 0 | BF11: =+BD11+BE11-BC11 -> 0 | BH11: =BF11+BG11 -> 0
B12: 1111061 | C12: ชิฟฟอนแยกชิ้น ชาไทย | G12: =SUM(D12:F12) -> 0 | K12: =SUM(H12:J12) -> 0 | O12: =SUM(L12:N12) -> 0 | S12: =SUM(P12:R12) -> 0 | W12: =SUM(T12:V12) -> 0 | AA12: =SUM(X12:Z12) -> 0 | AE12: =SUM(AB12:AD12) -> 0 | AI12: =SUM(AF12:AH12) -> 0 | AM12: =SUM(AJ12:AL12) -> 0 | AQ12: =SUM(AN12:AP12) -> 0 | AU12: =SUM(AR12:AT12) -> 0 | AY12: =SUM(AV12:AX12) -> 0 | BA12: =+G12+K12+O12+S12+W12+AA12+AE12+AZ12+AI12+AM12+AQ12+AU12+AY12 -> 0 | BC12: =+BA12-BB12 -> 0 | BF12: =+BD12+BE12-BC12 -> 0 | BH12: =BF12+BG12 -> 0
B13: 1111062 | C13: ชิฟฟอนแยกชิ้น โกโก้ | G13: =SUM(D13:F13) -> 0 | K13: =SUM(H13:J13) -> 0 | O13: =SUM(L13:N13) -> 0 | S13: =SUM(P13:R13) -> 0 | W13: =SUM(T13:V13) -> 0 | AA13: =SUM(X13:Z13) -> 0 | AE13: =SUM(AB13:AD13) -> 0 | AI13: =SUM(AF13:AH13) -> 0 | AM13: =SUM(AJ13:AL13) -> 0 | AQ13: =SUM(AN13:AP13) -> 0 | AU13: =SUM(AR13:AT13) -> 0 | AY13: =SUM(AV13:AX13) -> 0 | BA13: =+G13+K13+O13+S13+W13+AA13+AE13+AZ13+AI13+AM13+AQ13+AU13+AY13 -> 0 | BC13: =+BA13-BB13 -> 0 | BF13: =+BD13+BE13-BC13 -> 0 | BH13: =BF13+BG13 -> 0
B14: 1111063 | C14: ชิฟฟอนแยกชิ้น ส้ม | G14: =SUM(D14:F14) -> 0 | K14: =SUM(H14:J14) -> 0 | O14: =SUM(L14:N14) -> 0 | S14: =SUM(P14:R14) -> 0 | W14: =SUM(T14:V14) -> 0 | AA14: =SUM(X14:Z14) -> 0 | AE14: =SUM(AB14:AD14) -> 0 | AI14: =SUM(AF14:AH14) -> 0 | AM14: =SUM(AJ14:AL14) -> 0 | AQ14: =SUM(AN14:AP14) -> 0 | AU14: =SUM(AR14:AT14) -> 0 | AY14: =SUM(AV14:AX14) -> 0 | BA14: =+G14+K14+O14+S14+W14+AA14+AE14+AZ14+AI14+AM14+AQ14+AU14+AY14 -> 0 | BC14: =+BA14-BB14 -> 0 | BF14: =+BD14+BE14-BC14 -> 0 | BH14: =BF14+BG14 -> 0
B15: 1111064 | C15: ชิฟฟอนแยกชิ้น เผือก | G15: =SUM(D15:F15) -> 0 | K15: =SUM(H15:J15) -> 0 | O15: =SUM(L15:N15) -> 0 | S15: =SUM(P15:R15) -> 0 | W15: =SUM(T15:V15) -> 0 | AA15: =SUM(X15:Z15) -> 0 | AE15: =SUM(AB15:AD15) -> 0 | AI15: =SUM(AF15:AH15) -> 0 | AM15: =SUM(AJ15:AL15) -> 0 | AQ15: =SUM(AN15:AP15) -> 0 | AU15: =SUM(AR15:AT15) -> 0 | AY15: =SUM(AV15:AX15) -> 0 | BA15: =+G15+K15+O15+S15+W15+AA15+AE15+AZ15+AI15+AM15+AQ15+AU15+AY15 -> 0 | BC15: =+BA15-BB15 -> 0 | BF15: =+BD15+BE15-BC15 -> 0 | BH15: =BF15+BG15 -> 0
B16: 1111065 | C16: ชิฟฟอนแยกชิ้น สับปะรด | G16: =SUM(D16:F16) -> 0 | K16: =SUM(H16:J16) -> 0 | O16: =SUM(L16:N16) -> 0 | S16: =SUM(P16:R16) -> 0 | W16: =SUM(T16:V16) -> 0 | AA16: =SUM(X16:Z16) -> 0 | AE16: =SUM(AB16:AD16) -> 0 | AI16: =SUM(AF16:AH16) -> 0 | AM16: =SUM(AJ16:AL16) -> 0 | AQ16: =SUM(AN16:AP16) -> 0 | AU16: =SUM(AR16:AT16) -> 0 | AY16: =SUM(AV16:AX16) -> 0 | BA16: =+G16+K16+O16+S16+W16+AA16+AE16+AZ16+AI16+AM16+AQ16+AU16+AY16 -> 0 | BC16: =+BA16-BB16 -> 0 | BF16: =+BD16+BE16-BC16 -> 0 | BH16: =BF16+BG16 -> 0
B17: 1111066 | C17: ชิฟฟอนแยกชิ้น สตอเบอรี่ | G17: =SUM(D17:F17) -> 0 | K17: =SUM(H17:J17) -> 0 | O17: =SUM(L17:N17) -> 0 | S17: =SUM(P17:R17) -> 0 | W17: =SUM(T17:V17) -> 0 | AA17: =SUM(X17:Z17) -> 0 | AE17: =SUM(AB17:AD17) -> 0 | AI17: =SUM(AF17:AH17) -> 0 | AM17: =SUM(AJ17:AL17) -> 0 | AQ17: =SUM(AN17:AP17) -> 0 | AU17: =SUM(AR17:AT17) -> 0 | AY17: =SUM(AV17:AX17) -> 0 | BA17: =+G17+K17+O17+S17+W17+AA17+AE17+AZ17+AI17+AM17+AQ17+AU17+AY17 -> 0 | BC17: =+BA17-BB17 -> 0 | BF17: =+BD17+BE17-BC17 -> 0 | BH17: =BF17+BG17 -> 0
... B22: 1111071 | C22: ชิฟฟอนแยกชิ้น ตาล | G22: =SUM(D22:F22) -> 0 | K22: =SUM(H22:J22) -> 0 | O22: =SUM(L22:N22) -> 0 | S22: =SUM(P22:R22) -> 0 | W22: =SUM(T22:V22) -> 0 | AA22: =SUM(X22:Z22) -> 0 | AE22: =SUM(AB22:AD22) -> 0 | AI22: =SUM(AF22:AH22) -> 0 | AM22: =SUM(AJ22:AL22) -> 0 | AQ22: =SUM(AN22:AP22) -> 0 | AU22: =SUM(AR22:AT22) -> 0 | AY22: =SUM(AV22:AX22) -> 0 | BA22: =+G22+K22+O22+S22+W22+AA22+AE22+AZ22+AI22+AM22+AQ22+AU22+AY22 -> 0 | BC22: =+BA22-BB22 -> 0 | BF22: =+BD22+BE22-BC22 -> 0 | BH22: =BF22+BG22 -> 0
B23: 1111010 | C23: ชิฟฟ่อนเค้กสอดไส้แยม (1 ชิ้น) | G23: =SUM(D23:F23) -> 0 | H23: 20 | K23: =SUM(H23:J23) -> 20 | O23: =SUM(L23:N23) -> 0 | P23: 20 | S23: =SUM(P23:R23) -> 20 | W23: =SUM(T23:V23) -> 0 | AA23: =SUM(X23:Z23) -> 0 | AE23: =SUM(AB23:AD23) -> 0 | AI23: =SUM(AF23:AH23) -> 0 | AM23: =SUM(AJ23:AL23) -> 0 | AQ23: =SUM(AN23:AP23) -> 0 | AU23: =SUM(AR23:AT23) -> 0 | AY23: =SUM(AV23:AX23) -> 0 | BA23: =+G23+K23+O23+S23+W23+AA23+AE23+AZ23+AI23+AM23+AQ23+AU23+AY23 -> 40 | BC23: =+BA23-BB23 -> 40 | BF23: =+BD23+BE23-BC23 -> -40 | BH23: =BF23+BG23 -> -40
B24: 1111008 | C24: ชิฟฟ่อนเค้ก สอดไส้ (รวมรส 3 ชิ้น) | G24: =SUM(D24:F24) -> 0 | H24: 10 | K24: =SUM(H24:J24) -> 10 | L24: 9 | O24: =SUM(L24:N24) -> 9 | P24: 52 | S24: =SUM(P24:R24) -> 52 | W24: =SUM(T24:V24) -> 0 | AA24: =SUM(X24:Z24) -> 0 | AE24: =SUM(AB24:AD24) -> 0 | AI24: =SUM(AF24:AH24) -> 0 | AM24: =SUM(AJ24:AL24) -> 0 | AQ24: =SUM(AN24:AP24) -> 0 | AU24: =SUM(AR24:AT24) -> 0 | AY24: =SUM(AV24:AX24) -> 0 | AZ24: 10 | BA24: =+G24+K24+O24+S24+W24+AA24+AE24+AZ24+AI24+AM24+AQ24+AU24+AY24 -> 81 | BC24: =+BA24-BB24 -> 81 | BD24: 10 | BE24: 223 | BF24: =+BD24+BE24-BC24 -> 152 | BH24: =BF24+BG24 -> 152
B25: 1111009 | C25: ชิฟฟ่อนเค้ก สอดไส้ (รวมรส 6 ชิ้น) | G25: =SUM(D25:F25) -> 0 | H25: 1 | K25: =SUM(H25:J25) -> 1 | O25: =SUM(L25:N25) -> 0 | S25: =SUM(P25:R25) -> 0 | W25: =SUM(T25:V25) -> 0 | AA25: =SUM(X25:Z25) -> 0 | AE25: =SUM(AB25:AD25) -> 0 | AI25: =SUM(AF25:AH25) -> 0 | AM25: =SUM(AJ25:AL25) -> 0 | AQ25: =SUM(AN25:AP25) -> 0 | AU25: =SUM(AR25:AT25) -> 0 | AY25: =SUM(AV25:AX25) -> 0 | BA25: =+G25+K25+O25+S25+W25+AA25+AE25+AZ25+AI25+AM25+AQ25+AU25+AY25 -> 1 | BC25: =+BA25-BB25 -> 1 | BE25: 19 | BF25: =+BD25+BE25-BC25 -> 18 | BH25: =BF25+BG25 -> 18
B26: 1111011 | C26: ชิฟฟ่อนเค้กสอดไส้ นมชมพูฮอกไกโด (3 ชิ้น) | G26: =SUM(D26:F26) -> 0 | K26: =SUM(H26:J26) -> 0 | O26: =SUM(L26:N26) -> 0 | S26: =SUM(P26:R26) -> 0 | W26: =SUM(T26:V26) -> 0 | AA26: =SUM(X26:Z26) -> 0 | AE26: =SUM(AB26:AD26) -> 0 | AI26: =SUM(AF26:AH26) -> 0 | AM26: =SUM(AJ26:AL26) -> 0 | AQ26: =SUM(AN26:AP26) -> 0 | AU26: =SUM(AR26:AT26) -> 0 | AY26: =SUM(AV26:AX26) -> 0 | BA26: =+G26+K26+O26+S26+W26+AA26+AE26+AZ26+AI26+AM26+AQ26+AU26+AY26 -> 0 | BC26: =+BA26-BB26 -> 0 | BF26: =+BD26+BE26-BC26 -> 0 | BH26: =BF26+BG26 -> 0
B27: 1111012 | C27: ชิฟฟ่อนเค้กสอดไส้ นมชมพูฮอกไกโด (6 ชิ้น) | G27: =SUM(D27:F27) -> 0 | K27: =SUM(H27:J27) -> 0 | O27: =SUM(L27:N27) -> 0 | S27: =SUM(P27:R27) -> 0 | W27: =SUM(T27:V27) -> 0 | AA27: =SUM(X27:Z27) -> 0 | AE27: =SUM(AB27:AD27) -> 0 | AI27: =SUM(AF27:AH27) -> 0 | AM27: =SUM(AJ27:AL27) -> 0 | AQ27: =SUM(AN27:AP27) -> 0 | AU27: =SUM(AR27:AT27) -> 0 | AY27: =SUM(AV27:AX27) -> 0 | BA27: =+G27+K27+O27+S27+W27+AA27+AE27+AZ27+AI27+AM27+AQ27+AU27+AY27 -> 0 | BC27: =+BA27-BB27 -> 0 | BF27: =+BD27+BE27-BC27 -> 0 | BH27: =BF27+BG27 -> 0
B28: 1111013 | C28: ชิฟฟ่อนเค้กสอดไส้ ช็อคโกแลตนูเทลล่า (3 ชิ้น) | G28: =SUM(D28:F28) -> 0 | K28: =SUM(H28:J28) -> 0 | O28: =SUM(L28:N28) -> 0 | S28: =SUM(P28:R28) -> 0 | W28: =SUM(T28:V28) -> 0 | AA28: =SUM(X28:Z28) -> 0 | AE28: =SUM(AB28:AD28) -> 0 | AI28: =SUM(AF28:AH28) -> 0 | AM28: =SUM(AJ28:AL28) -> 0 | AQ28: =SUM(AN28:AP28) -> 0 | AU28: =SUM(AR28:AT28) -> 0 | AY28: =SUM(AV28:AX28) -> 0 | BA28: =+G28+K28+O28+S28+W28+AA28+AE28+AZ28+AI28+AM28+AQ28+AU28+AY28 -> 0 | BC28: =+BA28-BB28 -> 0 | BF28: =+BD28+BE28-BC28 -> 0 | BH28: =BF28+BG28 -> 0
B29: 1111014 | C29: ชิฟฟ่อนเค้กสอดไส้ ช็อคโกแลตนูเทลล่า (6 ชิ้น) | G29: =SUM(D29:F29) -> 0 | K29: =SUM(H29:J29) -> 0 | O29: =SUM(L29:N29) -> 0 | S29: =SUM(P29:R29) -> 0 | W29: =SUM(T29:V29) -> 0 | AA29: =SUM(X29:Z29) -> 0 | AE29: =SUM(AB29:AD29) -> 0 | AI29: =SUM(AF29:AH29) -> 0 | AM29: =SUM(AJ29:AL29) -> 0 | AQ29: =SUM(AN29:AP29) -> 0 | AU29: =SUM(AR29:AT29) -> 0 | AY29: =SUM(AV29:AX29) -> 0 | BA29: =+G29+K29+O29+S29+W29+AA29+AE29+AZ29+AI29+AM29+AQ29+AU29+AY29 -> 0 | BC29: =+BA29-BB29 -> 0 | BF29: =+BD29+BE29-BC29 -> 0 | BH29: =BF29+BG29 -> 0
B30: 1111015 | C30: ชิฟฟ่อนเค้กสอดไส้เนย รสมะพร้าว (3 ชิ้น) | G30: =SUM(D30:F30) -> 0 | K30: =SUM(H30:J30) -> 0 | O30: =SUM(L30:N30) -> 0 | S30: =SUM(P30:R30) -> 0 | W30: =SUM(T30:V30) -> 0 | AA30: =SUM(X30:Z30) -> 0 | AE30: =SUM(AB30:AD30) -> 0 | AI30: =SUM(AF30:AH30) -> 0 | AM30: =SUM(AJ30:AL30) -> 0 | AQ30: =SUM(AN30:AP30) -> 0 | AU30: =SUM(AR30:AT30) -> 0 | AY30: =SUM(AV30:AX30) -> 0 | BA30: =+G30+K30+O30+S30+W30+AA30+AE30+AZ30+AI30+AM30+AQ30+AU30+AY30 -> 0 | BC30: =+BA30-BB30 -> 0 | BF30: =+BD30+BE30-BC30 -> 0 | BH30: =BF30+BG30 -> 0
B31: 1111016 | C31: ชิฟฟ่อนเค้กสอดไส้เนย รสมะพร้าว (6 ชิ้น) | G31: =SUM(D31:F31) -> 0 | K31: =SUM(H31:J31) -> 0 | O31: =SUM(L31:N31) -> 0 | S31: =SUM(P31:R31) -> 0 | W31: =SUM(T31:V31) -> 0 | AA31: =SUM(X31:Z31) -> 0 | AE31: =SUM(AB31:AD31) -> 0 | AI31: =SUM(AF31:AH31) -> 0 | AM31: =SUM(AJ31:AL31) -> 0 | AQ31: =SUM(AN31:AP31) -> 0 | AU31: =SUM(AR31:AT31) -> 0 | AY31: =SUM(AV31:AX31) -> 0 | BA31: =+G31+K31+O31+S31+W31+AA31+AE31+AZ31+AI31+AM31+AQ31+AU31+AY31 -> 0 | BC31: =+BA31-BB31 -> 0 | BF31: =+BD31+BE31-BC31 -> 0 | BH31: =BF31+BG31 -> 0
B32: 1111017 | C32: ชิฟฟ่อนเค้กสอดไส้แยม รสบลูเบอร์รี่ (3 ชิ้น) | G32: =SUM(D32:F32) -> 0 | K32: =SUM(H32:J32) -> 0 | O32: =SUM(L32:N32) -> 0 | S32: =SUM(P32:R32) -> 0 | W32: =SUM(T32:V32) -> 0 | AA32: =SUM(X32:Z32) -> 0 | AE32: =SUM(AB32:AD32) -> 0 | AI32: =SUM(AF32:AH32) -> 0 | AM32: =SUM(AJ32:AL32) -> 0 | AQ32: =SUM(AN32:AP32) -> 0 | AU32: =SUM(AR32:AT32) -> 0 | AY32: =SUM(AV32:AX32) -> 0 | BA32: =+G32+K32+O32+S32+W32+AA32+AE32+AZ32+AI32+AM32+AQ32+AU32+AY32 -> 0 | BC32: =+BA32-BB32 -> 0 | BF32: =+BD32+BE32-BC32 -> 0 | BH32: =BF32+BG32 -> 0
B33: 1111018 | C33: ชิฟฟ่อนเค้กสอดไส้แยม รสบลูเบอร์รี่ (6 ชิ้น) | G33: =SUM(D33:F33) -> 0 | K33: =SUM(H33:J33) -> 0 | O33: =SUM(L33:N33) -> 0 | S33: =SUM(P33:R33) -> 0 | W33: =SUM(T33:V33) -> 0 | AA33: =SUM(X33:Z33) -> 0 | AE33: =SUM(AB33:AD33) -> 0 | AI33: =SUM(AF33:AH33) -> 0 | AM33: =SUM(AJ33:AL33) -> 0 | AQ33: =SUM(AN33:AP33) -> 0 | AU33: =SUM(AR33:AT33) -> 0 | AY33: =SUM(AV33:AX33) -> 0 | BA33: =+G33+K33+O33+S33+W33+AA33+AE33+AZ33+AI33+AM33+AQ33+AU33+AY33 -> 0 | BC33: =+BA33-BB33 -> 0 | BF33: =+BD33+BE33-BC33 -> 0 | BH33: =BF33+BG33 -> 0
B34: 1111019 | C34: ชิฟฟ่อนเค้กหน้าฝอยทอง สอดไส้แยมส้ม (3 ชิ้น) | G34: =SUM(D34:F34) -> 0 | K34: =SUM(H34:J34) -> 0 | O34: =SUM(L34:N34) -> 0 | S34: =SUM(P34:R34) -> 0 | W34: =SUM(T34:V34) -> 0 | AA34: =SUM(X34:Z34) -> 0 | AE34: =SUM(AB34:AD34) -> 0 | AI34: =SUM(AF34:AH34) -> 0 | AM34: =SUM(AJ34:AL34) -> 0 | AQ34: =SUM(AN34:AP34) -> 0 | AU34: =SUM(AR34:AT34) -> 0 | AY34: =SUM(AV34:AX34) -> 0 | BA34: =+G34+K34+O34+S34+W34+AA34+AE34+AZ34+AI34+AM34+AQ34+AU34+AY34 -> 0 | BC34: =+BA34-BB34 -> 0 | BF34: =+BD34+BE34-BC34 -> 0 | BH34: =BF34+BG34 -> 0
B35: 1111020 | C35: ชิฟฟ่อนเค้กหน้าฝอยทอง สอดไส้แยมส้ม (6 ชิ้น) | G35: =SUM(D35:F35) -> 0 | K35: =SUM(H35:J35) -> 0 | O35: =SUM(L35:N35) -> 0 | S35: =SUM(P35:R35) -> 0 | W35: =SUM(T35:V35) -> 0 | AA35: =SUM(X35:Z35) -> 0 | AE35: =SUM(AB35:AD35) -> 0 | AI35: =SUM(AF35:AH35) -> 0 | AM35: =SUM(AJ35:AL35) -> 0 | AQ35: =SUM(AN35:AP35) -> 0 | AU35: =SUM(AR35:AT35) -> 0 | AY35: =SUM(AV35:AX35) -> 0 | BA35: =+G35+K35+O35+S35+W35+AA35+AE35+AZ35+AI35+AM35+AQ35+AU35+AY35 -> 0 | BC35: =+BA35-BB35 -> 0 | BF35: =+BD35+BE35-BC35 -> 0 | BH35: =BF35+BG35 -> 0
B36: 1111022 | C36: ชิฟฟ่อนเค้กสอดไส้แยม รสสตรอว์เบอร์รี (3 ชิ้น) | G36: =SUM(D36:F36) -> 0 | K36: =SUM(H36:J36) -> 0 | O36: =SUM(L36:N36) -> 0 | S36: =SUM(P36:R36) -> 0 | W36: =SUM(T36:V36) -> 0 | AA36: =SUM(X36:Z36) -> 0 | AE36: =SUM(AB36:AD36) -> 0 | AI36: =SUM(AF36:AH36) -> 0 | AM36: =SUM(AJ36:AL36) -> 0 | AQ36: =SUM(AN36:AP36) -> 0 | AU36: =SUM(AR36:AT36) -> 0 | AY36: =SUM(AV36:AX36) -> 0 | BA36: =+G36+K36+O36+S36+W36+AA36+AE36+AZ36+AI36+AM36+AQ36+AU36+AY36 -> 0 | BC36: =+BA36-BB36 -> 0 | BF36: =+BD36+BE36-BC36 -> 0 | BH36: =BF36+BG36 -> 0
B37: 1111023 | C37: ชิฟฟ่อนเค้กสอดไส้แยม รสสตรอว์เบอร์รี (6 ชิ้น) | G37: =SUM(D37:F37) -> 0 | K37: =SUM(H37:J37) -> 0 | O37: =SUM(L37:N37) -> 0 | S37: =SUM(P37:R37) -> 0 | W37: =SUM(T37:V37) -> 0 | AA37: =SUM(X37:Z37) -> 0 | AE37: =SUM(AB37:AD37) -> 0 | AI37: =SUM(AF37:AH37) -> 0 | AM37: =SUM(AJ37:AL37) -> 0 | AQ37: =SUM(AN37:AP37) -> 0 | AU37: =SUM(AR37:AT37) -> 0 | AY37: =SUM(AV37:AX37) -> 0 | BA37: =+G37+K37+O37+S37+W37+AA37+AE37+AZ37+AI37+AM37+AQ37+AU37+AY37 -> 0 | BC37: =+BA37-BB37 -> 0 | BF37: =+BD37+BE37-BC37 -> 0 | BH37: =BF37+BG37 -> 0
... B39: 1111025 | C39: ชิฟฟ่อนเค้กสอดไส้แยม รสส้ม (6 ชิ้น) | G39: =SUM(D39:F39) -> 0 | K39: =SUM(H39:J39) -> 0 | O39: =SUM(L39:N39) -> 0 | S39: =SUM(P39:R39) -> 0 | W39: =SUM(T39:V39) -> 0 | AA39: =SUM(X39:Z39) -> 0 | AE39: =SUM(AB39:AD39) -> 0 | AI39: =SUM(AF39:AH39) -> 0 | AM39: =SUM(AJ39:AL39) -> 0 | AQ39: =SUM(AN39:AP39) -> 0 | AU39: =SUM(AR39:AT39) -> 0 | AY39: =SUM(AV39:AX39) -> 0 | BA39: =+G39+K39+O39+S39+W39+AA39+AE39+AZ39+AI39+AM39+AQ39+AU39+AY39 -> 0 | BC39: =+BA39-BB39 -> 0 | BF39: =+BD39+BE39-BC39 -> 0 | BH39: =BF39+BG39 -> 0
B40: 1111056 | C40: ชิฟฟอนรวมรสยอดฮิต 8 ชิ้น | G40: =SUM(D40:F40) -> 0 | H40: 4 | K40: =SUM(H40:J40) -> 4 | L40: 2 | O40: =SUM(L40:N40) -> 2 | S40: =SUM(P40:R40) -> 0 | W40: =SUM(T40:V40) -> 0 | AA40: =SUM(X40:Z40) -> 0 | AE40: =SUM(AB40:AD40) -> 0 | AI40: =SUM(AF40:AH40) -> 0 | AM40: =SUM(AJ40:AL40) -> 0 | AQ40: =SUM(AN40:AP40) -> 0 | AU40: =SUM(AR40:AT40) -> 0 | AY40: =SUM(AV40:AX40) -> 0 | AZ40: 10 | BA40: =+G40+K40+O40+S40+W40+AA40+AE40+AZ40+AI40+AM40+AQ40+AU40+AY40 -> 16 | BC40: =+BA40-BB40 -> 16 | BD40: 10 | BE40: 24 | BF40: =+BD40+BE40-BC40 -> 18 | BH40: =BF40+BG40 -> 18
B41: 1111074 | C41: ชิฟฟอนไส้แยมแยกชิ้น มะพร้าว | G41: =SUM(D41:F41) -> 0 | K41: =SUM(H41:J41) -> 0 | O41: =SUM(L41:N41) -> 0 | S41: =SUM(P41:R41) -> 0 | W41: =SUM(T41:V41) -> 0 | AA41: =SUM(X41:Z41) -> 0 | AE41: =SUM(AB41:AD41) -> 0 | AI41: =SUM(AF41:AH41) -> 0 | AM41: =SUM(AJ41:AL41) -> 0 | AQ41: =SUM(AN41:AP41) -> 0 | AU41: =SUM(AR41:AT41) -> 0 | AY41: =SUM(AV41:AX41) -> 0 | BA41: =+G41+K41+O41+S41+W41+AA41+AE41+AZ41+AI41+AM41+AQ41+AU41+AY41 -> 0 | BC41: =+BA41-BB41 -> 0 | BF41: =+BD41+BE41-BC41 -> 0 | BH41: =BF41+BG41 -> 0
B42: 1111075 | C42: ชิฟฟอนไส้แยมแยกชิ้น สตอเบอรี่ | G42: =SUM(D42:F42) -> 0 | K42: =SUM(H42:J42) -> 0 | O42: =SUM(L42:N42) -> 0 | S42: =SUM(P42:R42) -> 0 | W42: =SUM(T42:V42) -> 0 | AA42: =SUM(X42:Z42) -> 0 | AE42: =SUM(AB42:AD42) -> 0 | AI42: =SUM(AF42:AH42) -> 0 | AM42: =SUM(AJ42:AL42) -> 0 | AQ42: =SUM(AN42:AP42) -> 0 | AU42: =SUM(AR42:AT42) -> 0 | AY42: =SUM(AV42:AX42) -> 0 | BA42: =+G42+K42+O42+S42+W42+AA42+AE42+AZ42+AI42+AM42+AQ42+AU42+AY42 -> 0 | BC42: =+BA42-BB42 -> 0 | BF42: =+BD42+BE42-BC42 -> 0 | BH42: =BF42+BG42 -> 0
B43: 1111076 | C43: ชิฟฟอนไส้แยมแยกชิ้น ส้ม | G43: =SUM(D43:F43) -> 0 | K43: =SUM(H43:J43) -> 0 | O43: =SUM(L43:N43) -> 0 | S43: =SUM(P43:R43) -> 0 | W43: =SUM(T43:V43) -> 0 | AA43: =SUM(X43:Z43) -> 0 | AE43: =SUM(AB43:AD43) -> 0 | AI43: =SUM(AF43:AH43) -> 0 | AM43: =SUM(AJ43:AL43) -> 0 | AQ43: =SUM(AN43:AP43) -> 0 | AU43: =SUM(AR43:AT43) -> 0 | AY43: =SUM(AV43:AX43) -> 0 | BA43: =+G43+K43+O43+S43+W43+AA43+AE43+AZ43+AI43+AM43+AQ43+AU43+AY43 -> 0 | BC43: =+BA43-BB43 -> 0 | BF43: =+BD43+BE43-BC43 -> 0 | BH43: =BF43+BG43 -> 0
B44: 1111077 | C44: ชิฟฟอนไส้แยมแยกชิ้น บลูเบอรี่ | G44: =SUM(D44:F44) -> 0 | K44: =SUM(H44:J44) -> 0 | O44: =SUM(L44:N44) -> 0 | S44: =SUM(P44:R44) -> 0 | W44: =SUM(T44:V44) -> 0 | AA44: =SUM(X44:Z44) -> 0 | AE44: =SUM(AB44:AD44) -> 0 | AI44: =SUM(AF44:AH44) -> 0 | AM44: =SUM(AJ44:AL44) -> 0 | AQ44: =SUM(AN44:AP44) -> 0 | AU44: =SUM(AR44:AT44) -> 0 | AY44: =SUM(AV44:AX44) -> 0 | BA44: =+G44+K44+O44+S44+W44+AA44+AE44+AZ44+AI44+AM44+AQ44+AU44+AY44 -> 0 | BC44: =+BA44-BB44 -> 0 | BF44: =+BD44+BE44-BC44 -> 0 | BH44: =BF44+BG44 -> 0
B45: 1111078 | C45: ชิฟฟอนไส้แยมแยกชิ้น นมชมพู | G45: =SUM(D45:F45) -> 0 | K45: =SUM(H45:J45) -> 0 | O45: =SUM(L45:N45) -> 0 | S45: =SUM(P45:R45) -> 0 | W45: =SUM(T45:V45) -> 0 | AA45: =SUM(X45:Z45) -> 0 | AE45: =SUM(AB45:AD45) -> 0 | AI45: =SUM(AF45:AH45) -> 0 | AM45: =SUM(AJ45:AL45) -> 0 | AQ45: =SUM(AN45:AP45) -> 0 | AU45: =SUM(AR45:AT45) -> 0 | AY45: =SUM(AV45:AX45) -> 0 | BA45: =+G45+K45+O45+S45+W45+AA45+AE45+AZ45+AI45+AM45+AQ45+AU45+AY45 -> 0 | BC45: =+BA45-BB45 -> 0 | BF45: =+BD45+BE45-BC45 -> 0 | BH45: =BF45+BG45 -> 0
B46: 1111079 | C46: ชิฟฟอนไส้แยมแยกชิ้น ชอคโกแลต | G46: =SUM(D46:F46) -> 0 | K46: =SUM(H46:J46) -> 0 | O46: =SUM(L46:N46) -> 0 | S46: =SUM(P46:R46) -> 0 | W46: =SUM(T46:V46) -> 0 | AA46: =SUM(X46:Z46) -> 0 | AE46: =SUM(AB46:AD46) -> 0 | AI46: =SUM(AF46:AH46) -> 0 | AM46: =SUM(AJ46:AL46) -> 0 | AQ46: =SUM(AN46:AP46) -> 0 | AU46: =SUM(AR46:AT46) -> 0 | AY46: =SUM(AV46:AX46) -> 0 | BA46: =+G46+K46+O46+S46+W46+AA46+AE46+AZ46+AI46+AM46+AQ46+AU46+AY46 -> 0 | BC46: =+BA46-BB46 -> 0 | BF46: =+BD46+BE46-BC46 -> 0 | BH46: =BF46+BG46 -> 0
B47: 1111080 | C47: ชิฟฟอนไส้แยมแยกชิ้น ฝอยทอง | G47: =SUM(D47:F47) -> 0 | K47: =SUM(H47:J47) -> 0 | O47: =SUM(L47:N47) -> 0 | S47: =SUM(P47:R47) -> 0 | W47: =SUM(T47:V47) -> 0 | AA47: =SUM(X47:Z47) -> 0 | AE47: =SUM(AB47:AD47) -> 0 | AI47: =SUM(AF47:AH47) -> 0 | AM47: =SUM(AJ47:AL47) -> 0 | AQ47: =SUM(AN47:AP47) -> 0 | AU47: =SUM(AR47:AT47) -> 0 | AY47: =SUM(AV47:AX47) -> 0 | BA47: =+G47+K47+O47+S47+W47+AA47+AE47+AZ47+AI47+AM47+AQ47+AU47+AY47 -> 0 | BC47: =+BA47-BB47 -> 0 | BF47: =+BD47+BE47-BC47 -> 0 | BH47: =BF47+BG47 -> 0
B48: 1111081 | C48: ชิฟฟอนไส้แยมแยกชิ้น วนิลา | G48: =SUM(D48:F48) -> 0 | K48: =SUM(H48:J48) -> 0 | O48: =SUM(L48:N48) -> 0 | S48: =SUM(P48:R48) -> 0 | W48: =SUM(T48:V48) -> 0 | AA48: =SUM(X48:Z48) -> 0 | AE48: =SUM(AB48:AD48) -> 0 | AI48: =SUM(AF48:AH48) -> 0 | AM48: =SUM(AJ48:AL48) -> 0 | AQ48: =SUM(AN48:AP48) -> 0 | AU48: =SUM(AR48:AT48) -> 0 | AY48: =SUM(AV48:AX48) -> 0 | BA48: =+G48+K48+O48+S48+W48+AA48+AE48+AZ48+AI48+AM48+AQ48+AU48+AY48 -> 0 | BC48: =+BA48-BB48 -> 0 | BF48: =+BD48+BE48-BC48 -> 0 | BH48: =BF48+BG48 -> 0
B49: 1111082 | C49: ชิฟฟอนไส้แยมแยกชิ้น ใบเตย | G49: =SUM(D49:F49) -> 0 | K49: =SUM(H49:J49) -> 0 | O49: =SUM(L49:N49) -> 0 | S49: =SUM(P49:R49) -> 0 | W49: =SUM(T49:V49) -> 0 | AA49: =SUM(X49:Z49) -> 0 | AE49: =SUM(AB49:AD49) -> 0 | AI49: =SUM(AF49:AH49) -> 0 | AM49: =SUM(AJ49:AL49) -> 0 | AQ49: =SUM(AN49:AP49) -> 0 | AU49: =SUM(AR49:AT49) -> 0 | AY49: =SUM(AV49:AX49) -> 0 | BA49: =+G49+K49+O49+S49+W49+AA49+AE49+AZ49+AI49+AM49+AQ49+AU49+AY49 -> 0 | BC49: =+BA49-BB49 -> 0 | BF49: =+BD49+BE49-BC49 -> 0 | BH49: =BF49+BG49 -> 0
B50: 1111083 | C50: ชิฟฟอนไส้แยมแยกชิ้น เมล่อน | G50: =SUM(D50:F50) -> 0 | K50: =SUM(H50:J50) -> 0 | O50: =SUM(L50:N50) -> 0 | S50: =SUM(P50:R50) -> 0 | W50: =SUM(T50:V50) -> 0 | AA50: =SUM(X50:Z50) -> 0 | AE50: =SUM(AB50:AD50) -> 0 | AI50: =SUM(AF50:AH50) -> 0 | AM50: =SUM(AJ50:AL50) -> 0 | AQ50: =SUM(AN50:AP50) -> 0 | AU50: =SUM(AR50:AT50) -> 0 | AY50: =SUM(AV50:AX50) -> 0 | BA50: =+G50+K50+O50+S50+W50+AA50+AE50+AZ50+AI50+AM50+AQ50+AU50+AY50 -> 0 | BC50: =+BA50-BB50 -> 0 | BF50: =+BD50+BE50-BC50 -> 0 | BH50: =BF50+BG50 -> 0
B51: 1112002 | C51: เค้กเบาหวิว รสกาแฟ (300 กรัม) | G51: =SUM(D51:F51) -> 0 | K51: =SUM(H51:J51) -> 0 | O51: =SUM(L51:N51) -> 0 | S51: =SUM(P51:R51) -> 0 | W51: =SUM(T51:V51) -> 0 | AA51: =SUM(X51:Z51) -> 0 | AE51: =SUM(AB51:AD51) -> 0 | AI51: =SUM(AF51:AH51) -> 0 | AM51: =SUM(AJ51:AL51) -> 0 | AQ51: =SUM(AN51:AP51) -> 0 | AU51: =SUM(AR51:AT51) -> 0 | AY51: =SUM(AV51:AX51) -> 0 | BA51: =+G51+K51+O51+S51+W51+AA51+AE51+AZ51+AI51+AM51+AQ51+AU51+AY51 -> 0 | BC51: =+BA51-BB51 -> 0 | BF51: =+BD51+BE51-BC51 -> 0 | BH51: =BF51+BG51 -> 0
B52: 1112003 | C52: เค้กเบาหวิว รสกาแฟ (110 กรัม) | G52: =SUM(D52:F52) -> 0 | K52: =SUM(H52:J52) -> 0 | O52: =SUM(L52:N52) -> 0 | P52: 46 | S52: =SUM(P52:R52) -> 46 | W52: =SUM(T52:V52) -> 0 | AA52: =SUM(X52:Z52) -> 0 | AE52: =SUM(AB52:AD52) -> 0 | AI52: =SUM(AF52:AH52) -> 0 | AM52: =SUM(AJ52:AL52) -> 0 | AQ52: =SUM(AN52:AP52) -> 0 | AU52: =SUM(AR52:AT52) -> 0 | AY52: =SUM(AV52:AX52) -> 0 | BA52: =+G52+K52+O52+S52+W52+AA52+AE52+AZ52+AI52+AM52+AQ52+AU52+AY52 -> 46 | BC52: =+BA52-BB52 -> 46 | BD52: 53 | BE52: 19 | BF52: =+BD52+BE52-BC52 -> 26 | BH52: =BF52+BG52 -> 26
B53: 1112004 | C53: เค้กเบาหวิว รสเนยนม (300 กรัม) | G53: =SUM(D53:F53) -> 0 | K53: =SUM(H53:J53) -> 0 | O53: =SUM(L53:N53) -> 0 | S53: =SUM(P53:R53) -> 0 | W53: =SUM(T53:V53) -> 0 | AA53: =SUM(X53:Z53) -> 0 | AE53: =SUM(AB53:AD53) -> 0 | AI53: =SUM(AF53:AH53) -> 0 | AM53: =SUM(AJ53:AL53) -> 0 | AQ53: =SUM(AN53:AP53) -> 0 | AU53: =SUM(AR53:AT53) -> 0 | AY53: =SUM(AV53:AX53) -> 0 | AZ53: 10 | BA53: =+G53+K53+O53+S53+W53+AA53+AE53+AZ53+AI53+AM53+AQ53+AU53+AY53 -> 10 | BC53: =+BA53-BB53 -> 10 | BD53: 10 | BF53: =+BD53+BE53-BC53 -> 0 | BH53: =BF53+BG53 -> 0
B54: 1112005 | C54: เค้กเบาหวิว รสเนยนม (110 กรัม) | G54: =SUM(D54:F54) -> 0 | K54: =SUM(H54:J54) -> 0 | O54: =SUM(L54:N54) -> 0 | P54: 46 | S54: =SUM(P54:R54) -> 46 | W54: =SUM(T54:V54) -> 0 | AA54: =SUM(X54:Z54) -> 0 | AE54: =SUM(AB54:AD54) -> 0 | AI54: =SUM(AF54:AH54) -> 0 | AM54: =SUM(AJ54:AL54) -> 0 | AQ54: =SUM(AN54:AP54) -> 0 | AU54: =SUM(AR54:AT54) -> 0 | AY54: =SUM(AV54:AX54) -> 0 | BA54: =+G54+K54+O54+S54+W54+AA54+AE54+AZ54+AI54+AM54+AQ54+AU54+AY54 -> 46 | BC54: =+BA54-BB54 -> 46 | BD54: 53 | BE54: 39 | BF54: =+BD54+BE54-BC54 -> 46 | BH54: =BF54+BG54 -> 46
B55: 1112006 | C55: เค้กเบาหวิว รสเตยหอม (300 กรัม) | G55: =SUM(D55:F55) -> 0 | K55: =SUM(H55:J55) -> 0 | O55: =SUM(L55:N55) -> 0 | S55: =SUM(P55:R55) -> 0 | W55: =SUM(T55:V55) -> 0 | AA55: =SUM(X55:Z55) -> 0 | AE55: =SUM(AB55:AD55) -> 0 | AI55: =SUM(AF55:AH55) -> 0 | AM55: =SUM(AJ55:AL55) -> 0 | AQ55: =SUM(AN55:AP55) -> 0 | AU55: =SUM(AR55:AT55) -> 0 | AY55: =SUM(AV55:AX55) -> 0 | BA55: =+G55+K55+O55+S55+W55+AA55+AE55+AZ55+AI55+AM55+AQ55+AU55+AY55 -> 0 | BC55: =+BA55-BB55 -> 0 | BF55: =+BD55+BE55-BC55 -> 0 | BH55: =BF55+BG55 -> 0
B56: 1112007 | C56: เค้กเบาหวิว รสเตยหอม (110 กรัม) | G56: =SUM(D56:F56) -> 0 | K56: =SUM(H56:J56) -> 0 | O56: =SUM(L56:N56) -> 0 | S56: =SUM(P56:R56) -> 0 | W56: =SUM(T56:V56) -> 0 | AA56: =SUM(X56:Z56) -> 0 | AE56: =SUM(AB56:AD56) -> 0 | AI56: =SUM(AF56:AH56) -> 0 | AM56: =SUM(AJ56:AL56) -> 0 | AQ56: =SUM(AN56:AP56) -> 0 | AU56: =SUM(AR56:AT56) -> 0 | AY56: =SUM(AV56:AX56) -> 0 | BA56: =+G56+K56+O56+S56+W56+AA56+AE56+AZ56+AI56+AM56+AQ56+AU56+AY56 -> 0 | BC56: =+BA56-BB56 -> 0 | BF56: =+BD56+BE56-BC56 -> 0 | BH56: =BF56+BG56 -> 0
B57: 1112008 | C57: เค้กเบาหวิว รสมะพร้าวน้ำหอม (300 กรัม) | G57: =SUM(D57:F57) -> 0 | K57: =SUM(H57:J57) -> 0 | O57: =SUM(L57:N57) -> 0 | S57: =SUM(P57:R57) -> 0 | W57: =SUM(T57:V57) -> 0 | AA57: =SUM(X57:Z57) -> 0 | AE57: =SUM(AB57:AD57) -> 0 | AI57: =SUM(AF57:AH57) -> 0 | AM57: =SUM(AJ57:AL57) -> 0 | AQ57: =SUM(AN57:AP57) -> 0 | AU57: =SUM(AR57:AT57) -> 0 | AY57: =SUM(AV57:AX57) -> 0 | BA57: =+G57+K57+O57+S57+W57+AA57+AE57+AZ57+AI57+AM57+AQ57+AU57+AY57 -> 0 | BC57: =+BA57-BB57 -> 0 | BF57: =+BD57+BE57-BC57 -> 0 | BH57: =BF57+BG57 -> 0
B58: 1112009 | C58: เค้กเบาหวิว รสมะพร้าวน้ำหอม (110 กรัม) | G58: =SUM(D58:F58) -> 0 | K58: =SUM(H58:J58) -> 0 | O58: =SUM(L58:N58) -> 0 | P58: 46 | S58: =SUM(P58:R58) -> 46 | W58: =SUM(T58:V58) -> 0 | AA58: =SUM(X58:Z58) -> 0 | AE58: =SUM(AB58:AD58) -> 0 | AI58: =SUM(AF58:AH58) -> 0 | AM58: =SUM(AJ58:AL58) -> 0 | AQ58: =SUM(AN58:AP58) -> 0 | AU58: =SUM(AR58:AT58) -> 0 | AY58: =SUM(AV58:AX58) -> 0 | AZ58: 5 | BA58: =+G58+K58+O58+S58+W58+AA58+AE58+AZ58+AI58+AM58+AQ58+AU58+AY58 -> 51 | BC58: =+BA58-BB58 -> 51 | BD58: 50 | BE58: 25 | BF58: =+BD58+BE58-BC58 -> 24 | BH58: =BF58+BG58 -> 24
B59: 1112010 | C59: เค้กเบาหวิว หน้าฝอยทอง (300 กรัม) | G59: =SUM(D59:F59) -> 0 | K59: =SUM(H59:J59) -> 0 | O59: =SUM(L59:N59) -> 0 | S59: =SUM(P59:R59) -> 0 | W59: =SUM(T59:V59) -> 0 | AA59: =SUM(X59:Z59) -> 0 | AE59: =SUM(AB59:AD59) -> 0 | AI59: =SUM(AF59:AH59) -> 0 | AM59: =SUM(AJ59:AL59) -> 0 | AQ59: =SUM(AN59:AP59) -> 0 | AU59: =SUM(AR59:AT59) -> 0 | AY59: =SUM(AV59:AX59) -> 0 | BA59: =+G59+K59+O59+S59+W59+AA59+AE59+AZ59+AI59+AM59+AQ59+AU59+AY59 -> 0 | BC59: =+BA59-BB59 -> 0 | BF59: =+BD59+BE59-BC59 -> 0 | BH59: =BF59+BG59 -> 0
B60: 1112011 | C60: เค้กเบาหวิว หน้าฝอยทอง (110 กรัม) | G60: =SUM(D60:F60) -> 0 | K60: =SUM(H60:J60) -> 0 | O60: =SUM(L60:N60) -> 0 | P60: 46 | S60: =SUM(P60:R60) -> 46 | W60: =SUM(T60:V60) -> 0 | AA60: =SUM(X60:Z60) -> 0 | AE60: =SUM(AB60:AD60) -> 0 | AI60: =SUM(AF60:AH60) -> 0 | AM60: =SUM(AJ60:AL60) -> 0 | AQ60: =SUM(AN60:AP60) -> 0 | AU60: =SUM(AR60:AT60) -> 0 | AY60: =SUM(AV60:AX60) -> 0 | AZ60: 5 | BA60: =+G60+K60+O60+S60+W60+AA60+AE60+AZ60+AI60+AM60+AQ60+AU60+AY60 -> 51 | BC60: =+BA60-BB60 -> 51 | BD60: 53 | BE60: 14 | BF60: =+BD60+BE60-BC60 -> 16 | BH60: =BF60+BG60 -> 16
B61: 1112012 | C61: เค้กเบาหวิว รสเผือกหน้ามะพร้าวเผา (300 กรัม) | G61: =SUM(D61:F61) -> 0 | K61: =SUM(H61:J61) -> 0 | O61: =SUM(L61:N61) -> 0 | S61: =SUM(P61:R61) -> 0 | W61: =SUM(T61:V61) -> 0 | AA61: =SUM(X61:Z61) -> 0 | AE61: =SUM(AB61:AD61) -> 0 | AI61: =SUM(AF61:AH61) -> 0 | AM61: =SUM(AJ61:AL61) -> 0 | AQ61: =SUM(AN61:AP61) -> 0 | AU61: =SUM(AR61:AT61) -> 0 | AY61: =SUM(AV61:AX61) -> 0 | BA61: =+G61+K61+O61+S61+W61+AA61+AE61+AZ61+AI61+AM61+AQ61+AU61+AY61 -> 0 | BC61: =+BA61-BB61 -> 0 | BF61: =+BD61+BE61-BC61 -> 0 | BH61: =BF61+BG61 -> 0
B62: 1112013 | C62: เค้กเบาหวิว รสเผือกหน้ามะพร้าวเผา (110 กรัม) | G62: =SUM(D62:F62) -> 0 | K62: =SUM(H62:J62) -> 0 | O62: =SUM(L62:N62) -> 0 | P62: 46 | S62: =SUM(P62:R62) -> 46 | W62: =SUM(T62:V62) -> 0 | AA62: =SUM(X62:Z62) -> 0 | AE62: =SUM(AB62:AD62) -> 0 | AI62: =SUM(AF62:AH62) -> 0 | AM62: =SUM(AJ62:AL62) -> 0 | AQ62: =SUM(AN62:AP62) -> 0 | AU62: =SUM(AR62:AT62) -> 0 | AY62: =SUM(AV62:AX62) -> 0 | AZ62: 5 | BA62: =+G62+K62+O62+S62+W62+AA62+AE62+AZ62+AI62+AM62+AQ62+AU62+AY62 -> 51 | BC62: =+BA62-BB62 -> 51 | BD62: 53 | BE62: 18 | BF62: =+BD62+BE62-BC62 -> 20 | BH62: =BF62+BG62 -> 20
B63: 1112014 | C63: เค้กเบาหวิว รสกล้วยหอมหน้ามะพร้าวเผา (300 กรัม) | G63: =SUM(D63:F63) -> 0 | K63: =SUM(H63:J63) -> 0 | O63: =SUM(L63:N63) -> 0 | S63: =SUM(P63:R63) -> 0 | W63: =SUM(T63:V63) -> 0 | AA63: =SUM(X63:Z63) -> 0 | AE63: =SUM(AB63:AD63) -> 0 | AI63: =SUM(AF63:AH63) -> 0 | AM63: =SUM(AJ63:AL63) -> 0 | AQ63: =SUM(AN63:AP63) -> 0 | AU63: =SUM(AR63:AT63) -> 0 | AY63: =SUM(AV63:AX63) -> 0 | BA63: =+G63+K63+O63+S63+W63+AA63+AE63+AZ63+AI63+AM63+AQ63+AU63+AY63 -> 0 | BC63: =+BA63-BB63 -> 0 | BF63: =+BD63+BE63-BC63 -> 0 | BH63: =BF63+BG63 -> 0
B64: 1112015 | C64: เค้กเบาหวิว รสกล้วยหอมหน้ามะพร้าวเผา (110 กรัม) | G64: =SUM(D64:F64) -> 0 | K64: =SUM(H64:J64) -> 0 | O64: =SUM(L64:N64) -> 0 | P64: 47 | S64: =SUM(P64:R64) -> 47 | W64: =SUM(T64:V64) -> 0 | AA64: =SUM(X64:Z64) -> 0 | AE64: =SUM(AB64:AD64) -> 0 | AI64: =SUM(AF64:AH64) -> 0 | AM64: =SUM(AJ64:AL64) -> 0 | AQ64: =SUM(AN64:AP64) -> 0 | AU64: =SUM(AR64:AT64) -> 0 | AY64: =SUM(AV64:AX64) -> 0 | BA64: =+G64+K64+O64+S64+W64+AA64+AE64+AZ64+AI64+AM64+AQ64+AU64+AY64 -> 47 | BC64: =+BA64-BB64 -> 47 | BD64: 53 | BE64: 26 | BF64: =+BD64+BE64-BC64 -> 32 | BH64: =BF64+BG64 -> 32
B65: 1112016 | C65: เค้กเบาหวิว รสตาลหอม (300 กรัม) | G65: =SUM(D65:F65) -> 0 | K65: =SUM(H65:J65) -> 0 | O65: =SUM(L65:N65) -> 0 | S65: =SUM(P65:R65) -> 0 | W65: =SUM(T65:V65) -> 0 | AA65: =SUM(X65:Z65) -> 0 | AE65: =SUM(AB65:AD65) -> 0 | AI65: =SUM(AF65:AH65) -> 0 | AM65: =SUM(AJ65:AL65) -> 0 | AQ65: =SUM(AN65:AP65) -> 0 | AU65: =SUM(AR65:AT65) -> 0 | AY65: =SUM(AV65:AX65) -> 0 | BA65: =+G65+K65+O65+S65+W65+AA65+AE65+AZ65+AI65+AM65+AQ65+AU65+AY65 -> 0 | BC65: =+BA65-BB65 -> 0 | BF65: =+BD65+BE65-BC65 -> 0 | BH65: =BF65+BG65 -> 0
B66: 1112017 | C66: เค้กเบาหวิว รสตาลหอม (110 กรัม) | G66: =SUM(D66:F66) -> 0 | K66: =SUM(H66:J66) -> 0 | O66: =SUM(L66:N66) -> 0 | S66: =SUM(P66:R66) -> 0 | W66: =SUM(T66:V66) -> 0 | AA66: =SUM(X66:Z66) -> 0 | AE66: =SUM(AB66:AD66) -> 0 | AI66: =SUM(AF66:AH66) -> 0 | AM66: =SUM(AJ66:AL66) -> 0 | AQ66: =SUM(AN66:AP66) -> 0 | AU66: =SUM(AR66:AT66) -> 0 | AY66: =SUM(AV66:AX66) -> 0 | BA66: =+G66+K66+O66+S66+W66+AA66+AE66+AZ66+AI66+AM66+AQ66+AU66+AY66 -> 0 | BC66: =+BA66-BB66 -> 0 | BF66: =+BD66+BE66-BC66 -> 0 | BH66: =BF66+BG66 -> 0
B67: 1112018 | C67: เค้กเบาหวิว รสทุเรียน (300 กรัม) | G67: =SUM(D67:F67) -> 0 | K67: =SUM(H67:J67) -> 0 | O67: =SUM(L67:N67) -> 0 | S67: =SUM(P67:R67) -> 0 | W67: =SUM(T67:V67) -> 0 | AA67: =SUM(X67:Z67) -> 0 | AE67: =SUM(AB67:AD67) -> 0 | AI67: =SUM(AF67:AH67) -> 0 | AM67: =SUM(AJ67:AL67) -> 0 | AQ67: =SUM(AN67:AP67) -> 0 | AU67: =SUM(AR67:AT67) -> 0 | AY67: =SUM(AV67:AX67) -> 0 | BA67: =+G67+K67+O67+S67+W67+AA67+AE67+AZ67+AI67+AM67+AQ67+AU67+AY67 -> 0 | BC67: =+BA67-BB67 -> 0 | BF67: =+BD67+BE67-BC67 -> 0 | BH67: =BF67+BG67 -> 0
B68: 1112019 | C68: เค้กเบาหวิว รสทุเรียน (110 กรัม) | G68: =SUM(D68:F68) -> 0 | K68: =SUM(H68:J68) -> 0 | O68: =SUM(L68:N68) -> 0 | S68: =SUM(P68:R68) -> 0 | W68: =SUM(T68:V68) -> 0 | AA68: =SUM(X68:Z68) -> 0 | AE68: =SUM(AB68:AD68) -> 0 | AI68: =SUM(AF68:AH68) -> 0 | AM68: =SUM(AJ68:AL68) -> 0 | AQ68: =SUM(AN68:AP68) -> 0 | AU68: =SUM(AR68:AT68) -> 0 | AY68: =SUM(AV68:AX68) -> 0 | BA68: =+G68+K68+O68+S68+W68+AA68+AE68+AZ68+AI68+AM68+AQ68+AU68+AY68 -> 0 | BC68: =+BA68-BB68 -> 0 | BF68: =+BD68+BE68-BC68 -> 0 | BH68: =BF68+BG68 -> 0
B69: 1100003 | C69: เมอร์แรงค์ (กระปุก) | G69: =SUM(D69:F69) -> 0 | K69: =SUM(H69:J69) -> 0 | O69: =SUM(L69:N69) -> 0 | S69: =SUM(P69:R69) -> 0 | W69: =SUM(T69:V69) -> 0 | AA69: =SUM(X69:Z69) -> 0 | AE69: =SUM(AB69:AD69) -> 0 | AI69: =SUM(AF69:AH69) -> 0 | AM69: =SUM(AJ69:AL69) -> 0 | AQ69: =SUM(AN69:AP69) -> 0 | AU69: =SUM(AR69:AT69) -> 0 | AY69: =SUM(AV69:AX69) -> 0 | BA69: =+G69+K69+O69+S69+W69+AA69+AE69+AZ69+AI69+AM69+AQ69+AU69+AY69 -> 0 | BC69: =+BA69-BB69 -> 0 | BF69: =+BD69+BE69-BC69 -> 0 | BH69: =BF69+BG69 -> 0
B70: 1114501 | C70: ครีมฮอร์นวนิลา เนยสด | G70: =SUM(D70:F70) -> 0 | K70: =SUM(H70:J70) -> 0 | O70: =SUM(L70:N70) -> 0 | S70: =SUM(P70:R70) -> 0 | W70: =SUM(T70:V70) -> 0 | AA70: =SUM(X70:Z70) -> 0 | AE70: =SUM(AB70:AD70) -> 0 | AI70: =SUM(AF70:AH70) -> 0 | AM70: =SUM(AJ70:AL70) -> 0 | AQ70: =SUM(AN70:AP70) -> 0 | AU70: =SUM(AR70:AT70) -> 0 | AY70: =SUM(AV70:AX70) -> 0 | BA70: =+G70+K70+O70+S70+W70+AA70+AE70+AZ70+AI70+AM70+AQ70+AU70+AY70 -> 0 | BC70: =+BA70-BB70 -> 0 | BF70: =+BD70+BE70-BC70 -> 0 | BH70: =BF70+BG70 -> 0
B71: 1114502 | C71: ครีมฮอร์นใบเตย เนยสด | G71: =SUM(D71:F71) -> 0 | K71: =SUM(H71:J71) -> 0 | O71: =SUM(L71:N71) -> 0 | S71: =SUM(P71:R71) -> 0 | W71: =SUM(T71:V71) -> 0 | AA71: =SUM(X71:Z71) -> 0 | AE71: =SUM(AB71:AD71) -> 0 | AI71: =SUM(AF71:AH71) -> 0 | AM71: =SUM(AJ71:AL71) -> 0 | AQ71: =SUM(AN71:AP71) -> 0 | AU71: =SUM(AR71:AT71) -> 0 | AY71: =SUM(AV71:AX71) -> 0 | BA71: =+G71+K71+O71+S71+W71+AA71+AE71+AZ71+AI71+AM71+AQ71+AU71+AY71 -> 0 | BC71: =+BA71-BB71 -> 0 | BF71: =+BD71+BE71-BC71 -> 0 | BH71: =BF71+BG71 -> 0
B72: 1114503 | C72: ครีมฮอร์นช็อคโกแลต เนยสด | G72: =SUM(D72:F72) -> 0 | K72: =SUM(H72:J72) -> 0 | O72: =SUM(L72:N72) -> 0 | S72: =SUM(P72:R72) -> 0 | W72: =SUM(T72:V72) -> 0 | AA72: =SUM(X72:Z72) -> 0 | AE72: =SUM(AB72:AD72) -> 0 | AI72: =SUM(AF72:AH72) -> 0 | AM72: =SUM(AJ72:AL72) -> 0 | AQ72: =SUM(AN72:AP72) -> 0 | AU72: =SUM(AR72:AT72) -> 0 | AY72: =SUM(AV72:AX72) -> 0 | BA72: =+G72+K72+O72+S72+W72+AA72+AE72+AZ72+AI72+AM72+AQ72+AU72+AY72 -> 0 | BC72: =+BA72-BB72 -> 0 | BF72: =+BD72+BE72-BC72 -> 0 | BH72: =BF72+BG72 -> 0
B73: 1124021 | C73: ขนมปังแถว 430 g | G73: =SUM(D73:F73) -> 0 | K73: =SUM(H73:J73) -> 0 | O73: =SUM(L73:N73) -> 0 | S73: =SUM(P73:R73) -> 0 | W73: =SUM(T73:V73) -> 0 | AA73: =SUM(X73:Z73) -> 0 | AE73: =SUM(AB73:AD73) -> 0 | AI73: =SUM(AF73:AH73) -> 0 | AM73: =SUM(AJ73:AL73) -> 0 | AQ73: =SUM(AN73:AP73) -> 0 | AU73: =SUM(AR73:AT73) -> 0 | AY73: =SUM(AV73:AX73) -> 0 | BA73: =+G73+K73+O73+S73+W73+AA73+AE73+AZ73+AI73+AM73+AQ73+AU73+AY73 -> 0 | BC73: =+BA73-BB73 -> 0 | BF73: =+BD73+BE73-BC73 -> 0 | BH73: =BF73+BG73 -> 0
B74: 1100001 | C74: พายสัปปะรด (1 ชิ้น) | G74: =SUM(D74:F74) -> 0 | K74: =SUM(H74:J74) -> 0 | O74: =SUM(L74:N74) -> 0 | S74: =SUM(P74:R74) -> 0 | W74: =SUM(T74:V74) -> 0 | AA74: =SUM(X74:Z74) -> 0 | AE74: =SUM(AB74:AD74) -> 0 | AI74: =SUM(AF74:AH74) -> 0 | AM74: =SUM(AJ74:AL74) -> 0 | AQ74: =SUM(AN74:AP74) -> 0 | AU74: =SUM(AR74:AT74) -> 0 | AY74: =SUM(AV74:AX74) -> 0 | BA74: =+G74+K74+O74+S74+W74+AA74+AE74+AZ74+AI74+AM74+AQ74+AU74+AY74 -> 0 | BC74: =+BA74-BB74 -> 0 | BF74: =+BD74+BE74-BC74 -> 0 | BH74: =BF74+BG74 -> 0
B75: 1100002 | C75: พายสัปปะรด (1 กล่อง) | G75: =SUM(D75:F75) -> 0 | K75: =SUM(H75:J75) -> 0 | O75: =SUM(L75:N75) -> 0 | S75: =SUM(P75:R75) -> 0 | W75: =SUM(T75:V75) -> 0 | AA75: =SUM(X75:Z75) -> 0 | AE75: =SUM(AB75:AD75) -> 0 | AI75: =SUM(AF75:AH75) -> 0 | AM75: =SUM(AJ75:AL75) -> 0 | AQ75: =SUM(AN75:AP75) -> 0 | AU75: =SUM(AR75:AT75) -> 0 | AY75: =SUM(AV75:AX75) -> 0 | BA75: =+G75+K75+O75+S75+W75+AA75+AE75+AZ75+AI75+AM75+AQ75+AU75+AY75 -> 0 | BC75: =+BA75-BB75 -> 0 | BF75: =+BD75+BE75-BC75 -> 0 | BH75: =BF75+BG75 -> 0
B76: 20052721 | C76: วรรณวนัชแซนวิซโบราณ 70g | G76: =SUM(D76:F76) -> 0 | K76: =SUM(H76:J76) -> 0 | O76: =SUM(L76:N76) -> 0 | S76: =SUM(P76:R76) -> 0 | W76: =SUM(T76:V76) -> 0 | AA76: =SUM(X76:Z76) -> 0 | AE76: =SUM(AB76:AD76) -> 0 | AI76: =SUM(AF76:AH76) -> 0 | AM76: =SUM(AJ76:AL76) -> 0 | AQ76: =SUM(AN76:AP76) -> 0 | AU76: =SUM(AR76:AT76) -> 0 | AY76: =SUM(AV76:AX76) -> 0 | AZ76: 30 | BA76: =+G76+K76+O76+S76+W76+AA76+AE76+AZ76+AI76+AM76+AQ76+AU76+AY76 -> 30 | BC76: =+BA76-BB76 -> 30 | BD76: 30 | BF76: =+BD76+BE76-BC76 -> 0 | BH76: =BF76+BG76 -> 0
B77: 1113170 | C77: ขนมเปี๊ยะถั่วฝอยทองไข่เค็ม 450 กรัม | G77: =SUM(D77:F77) -> 0 | K77: =SUM(H77:J77) -> 0 | L77: 3 | O77: =SUM(L77:N77) -> 3 | P77: 6 | S77: =SUM(P77:R77) -> 6 | W77: =SUM(T77:V77) -> 0 | AA77: =SUM(X77:Z77) -> 0 | AE77: =SUM(AB77:AD77) -> 0 | AI77: =SUM(AF77:AH77) -> 0 | AM77: =SUM(AJ77:AL77) -> 0 | AQ77: =SUM(AN77:AP77) -> 0 | AU77: =SUM(AR77:AT77) -> 0 | AY77: =SUM(AV77:AX77) -> 0 | BA77: =+G77+K77+O77+S77+W77+AA77+AE77+AZ77+AI77+AM77+AQ77+AU77+AY77 -> 9 | BC77: =+BA77-BB77 -> 9 | BE77: 34 | BF77: =+BD77+BE77-BC77 -> 25 | BH77: =BF77+BG77 -> 25
B78: 1113171 | C78: ขนมเปี๊ยะฟักถั่วไข่เค็ม 450 กรัม | G78: =SUM(D78:F78) -> 0 | H78: 1 | K78: =SUM(H78:J78) -> 1 | L78: 2 | O78: =SUM(L78:N78) -> 2 | S78: =SUM(P78:R78) -> 0 | W78: =SUM(T78:V78) -> 0 | AA78: =SUM(X78:Z78) -> 0 | AE78: =SUM(AB78:AD78) -> 0 | AI78: =SUM(AF78:AH78) -> 0 | AM78: =SUM(AJ78:AL78) -> 0 | AQ78: =SUM(AN78:AP78) -> 0 | AU78: =SUM(AR78:AT78) -> 0 | AY78: =SUM(AV78:AX78) -> 0 | BA78: =+G78+K78+O78+S78+W78+AA78+AE78+AZ78+AI78+AM78+AQ78+AU78+AY78 -> 3 | BC78: =+BA78-BB78 -> 3 | BE78: 22 | BF78: =+BD78+BE78-BC78 -> 19 | BH78: =BF78+BG78 -> 19
B79: 1113172 | C79: ขนมเปี๊ยะเผือกฝอยทองไข่เค็ม 450 กรัม | G79: =SUM(D79:F79) -> 0 | K79: =SUM(H79:J79) -> 0 | L79: 1 | O79: =SUM(L79:N79) -> 1 | P79: 5 | S79: =SUM(P79:R79) -> 5 | W79: =SUM(T79:V79) -> 0 | AA79: =SUM(X79:Z79) -> 0 | AE79: =SUM(AB79:AD79) -> 0 | AI79: =SUM(AF79:AH79) -> 0 | AM79: =SUM(AJ79:AL79) -> 0 | AQ79: =SUM(AN79:AP79) -> 0 | AU79: =SUM(AR79:AT79) -> 0 | AY79: =SUM(AV79:AX79) -> 0 | BA79: =+G79+K79+O79+S79+W79+AA79+AE79+AZ79+AI79+AM79+AQ79+AU79+AY79 -> 6 | BC79: =+BA79-BB79 -> 6 | BE79: 39 | BF79: =+BD79+BE79-BC79 -> 33 | BH79: =BF79+BG79 -> 33
B80: 1113173 | C80: ขนมเปี๊ยะงาดำฝอยทองไข่เค็ม 450 กรัม | G80: =SUM(D80:F80) -> 0 | K80: =SUM(H80:J80) -> 0 | L80: 2 | O80: =SUM(L80:N80) -> 2 | P80: 1 | S80: =SUM(P80:R80) -> 1 | W80: =SUM(T80:V80) -> 0 | AA80: =SUM(X80:Z80) -> 0 | AE80: =SUM(AB80:AD80) -> 0 | AI80: =SUM(AF80:AH80) -> 0 | AM80: =SUM(AJ80:AL80) -> 0 | AQ80: =SUM(AN80:AP80) -> 0 | AU80: =SUM(AR80:AT80) -> 0 | AY80: =SUM(AV80:AX80) -> 0 | BA80: =+G80+K80+O80+S80+W80+AA80+AE80+AZ80+AI80+AM80+AQ80+AU80+AY80 -> 3 | BC80: =+BA80-BB80 -> 3 | BE80: 18 | BF80: =+BD80+BE80-BC80 -> 15 | BH80: =BF80+BG80 -> 15
B81: 1200001 | C81: คอร์นเฟล็ค | G81: =SUM(D81:F81) -> 0 | K81: =SUM(H81:J81) -> 0 | O81: =SUM(L81:N81) -> 0 | S81: =SUM(P81:R81) -> 0 | W81: =SUM(T81:V81) -> 0 | AA81: =SUM(X81:Z81) -> 0 | AE81: =SUM(AB81:AD81) -> 0 | AI81: =SUM(AF81:AH81) -> 0 | AM81: =SUM(AJ81:AL81) -> 0 | AQ81: =SUM(AN81:AP81) -> 0 | AU81: =SUM(AR81:AT81) -> 0 | AY81: =SUM(AV81:AX81) -> 0 | AZ81: 70 | BA81: =+G81+K81+O81+S81+W81+AA81+AE81+AZ81+AI81+AM81+AQ81+AU81+AY81 -> 70 | BC81: =+BA81-BB81 -> 70 | BD81: 70 | BF81: =+BD81+BE81-BC81 -> 0 | BH81: =BF81+BG81 -> 0
B82: 1200002 | C82: ท๊อฟฟี่ถั่ว (กล่อง) | G82: =SUM(D82:F82) -> 0 | K82: =SUM(H82:J82) -> 0 | O82: =SUM(L82:N82) -> 0 | S82: =SUM(P82:R82) -> 0 | W82: =SUM(T82:V82) -> 0 | AA82: =SUM(X82:Z82) -> 0 | AE82: =SUM(AB82:AD82) -> 0 | AI82: =SUM(AF82:AH82) -> 0 | AM82: =SUM(AJ82:AL82) -> 0 | AQ82: =SUM(AN82:AP82) -> 0 | AU82: =SUM(AR82:AT82) -> 0 | AY82: =SUM(AV82:AX82) -> 0 | BA82: =+G82+K82+O82+S82+W82+AA82+AE82+AZ82+AI82+AM82+AQ82+AU82+AY82 -> 0 | BC82: =+BA82-BB82 -> 0 | BF82: =+BD82+BE82-BC82 -> 0 | BH82: =BF82+BG82 -> 0
B83: 20054646 | C83: ปังพิซซ่า | G83: =SUM(D83:F83) -> 0 | K83: =SUM(H83:J83) -> 0 | O83: =SUM(L83:N83) -> 0 | P83: 48 | S83: =SUM(P83:R83) -> 48 | W83: =SUM(T83:V83) -> 0 | AA83: =SUM(X83:Z83) -> 0 | AE83: =SUM(AB83:AD83) -> 0 | AI83: =SUM(AF83:AH83) -> 0 | AM83: =SUM(AJ83:AL83) -> 0 | AQ83: =SUM(AN83:AP83) -> 0 | AU83: =SUM(AR83:AT83) -> 0 | AY83: =SUM(AV83:AX83) -> 0 | BA83: =+G83+K83+O83+S83+W83+AA83+AE83+AZ83+AI83+AM83+AQ83+AU83+AY83 -> 48 | BC83: =+BA83-BB83 -> 48 | BE83: 104 | BF83: =+BD83+BE83-BC83 -> 56 | BH83: =BF83+BG83 -> 56
B84: 300 | C84: เศษขนมปังปลา 5กก. | G84: =SUM(D84:F84) -> 0 | K84: =SUM(H84:J84) -> 0 | O84: =SUM(L84:N84) -> 0 | S84: =SUM(P84:R84) -> 0 | W84: =SUM(T84:V84) -> 0 | AA84: =SUM(X84:Z84) -> 0 | AE84: =SUM(AB84:AD84) -> 0 | AI84: =SUM(AF84:AH84) -> 0 | AM84: =SUM(AJ84:AL84) -> 0 | AQ84: =SUM(AN84:AP84) -> 0 | AU84: =SUM(AR84:AT84) -> 0 | AY84: =SUM(AV84:AX84) -> 0 | BA84: =+G84+K84+O84+S84+W84+AA84+AE84+AZ84+AI84+AM84+AQ84+AU84+AY84 -> 0 | BC84: =+BA84-BB84 -> 0 | BF84: =+BD84+BE84-BC84 -> 0 | BH84: =BF84+BG84 -> 0
B85: 200 | C85: เศษขนมปังปลา 1 กก. | G85: =SUM(D85:F85) -> 0 | K85: =SUM(H85:J85) -> 0 | O85: =SUM(L85:N85) -> 0 | S85: =SUM(P85:R85) -> 0 | W85: =SUM(T85:V85) -> 0 | AA85: =SUM(X85:Z85) -> 0 | AE85: =SUM(AB85:AD85) -> 0 | AI85: =SUM(AF85:AH85) -> 0 | AM85: =SUM(AJ85:AL85) -> 0 | AQ85: =SUM(AN85:AP85) -> 0 | AU85: =SUM(AR85:AT85) -> 0 | AY85: =SUM(AV85:AX85) -> 0 | BA85: =+G85+K85+O85+S85+W85+AA85+AE85+AZ85+AI85+AM85+AQ85+AU85+AY85 -> 0 | BC85: =+BA85-BB85 -> 0 | BF85: =+BD85+BE85-BC85 -> 0 | BH85: =BF85+BG85 -> 0
C86: ชิฟฟอน 4 ชิ้น มะพร้าวล้วน | G86: =SUM(D86:F86) -> 0 | K86: =SUM(H86:J86) -> 0 | O86: =SUM(L86:N86) -> 0 | S86: =SUM(P86:R86) -> 0 | W86: =SUM(T86:V86) -> 0 | AA86: =SUM(X86:Z86) -> 0 | AE86: =SUM(AB86:AD86) -> 0 | AI86: =SUM(AF86:AH86) -> 0 | AM86: =SUM(AJ86:AL86) -> 0 | AQ86: =SUM(AN86:AP86) -> 0 | AU86: =SUM(AR86:AT86) -> 0 | AY86: =SUM(AV86:AX86) -> 0 | BA86: =+G86+K86+O86+S86+W86+AA86+AE86+AZ86+AI86+AM86+AQ86+AU86+AY86 -> 0 | BC86: =+BA86-BB86 -> 0 | BF86: =+BD86+BE86-BC86 -> 0 | BH86: =BF86+BG86 -> 0
C87: ชิฟฟอน 4 ชิ้น กาแฟล้วน | G87: =SUM(D87:F87) -> 0 | K87: =SUM(H87:J87) -> 0 | O87: =SUM(L87:N87) -> 0 | S87: =SUM(P87:R87) -> 0 | W87: =SUM(T87:V87) -> 0 | AA87: =SUM(X87:Z87) -> 0 | AE87: =SUM(AB87:AD87) -> 0 | AI87: =SUM(AF87:AH87) -> 0 | AM87: =SUM(AJ87:AL87) -> 0 | AQ87: =SUM(AN87:AP87) -> 0 | AU87: =SUM(AR87:AT87) -> 0 | AY87: =SUM(AV87:AX87) -> 0 | BA87: =+G87+K87+O87+S87+W87+AA87+AE87+AZ87+AI87+AM87+AQ87+AU87+AY87 -> 0 | BC87: =+BA87-BB87 -> 0 | BF87: =+BD87+BE87-BC87 -> 0 | BH87: =BF87+BG87 -> 0
C88: ชิฟฟอน 4 ชิ้น ชาเขียวล้วน | G88: =SUM(D88:F88) -> 0 | K88: =SUM(H88:J88) -> 0 | O88: =SUM(L88:N88) -> 0 | S88: =SUM(P88:R88) -> 0 | W88: =SUM(T88:V88) -> 0 | AA88: =SUM(X88:Z88) -> 0 | AE88: =SUM(AB88:AD88) -> 0 | AI88: =SUM(AF88:AH88) -> 0 | AM88: =SUM(AJ88:AL88) -> 0 | AQ88: =SUM(AN88:AP88) -> 0 | AU88: =SUM(AR88:AT88) -> 0 | AY88: =SUM(AV88:AX88) -> 0 | BA88: =+G88+K88+O88+S88+W88+AA88+AE88+AZ88+AI88+AM88+AQ88+AU88+AY88 -> 0 | BC88: =+BA88-BB88 -> 0 | BF88: =+BD88+BE88-BC88 -> 0 | BH88: =BF88+BG88 -> 0
C89: ชิฟฟอน 4 ชิ้น ใบเตยล้วน | G89: =SUM(D89:F89) -> 0 | K89: =SUM(H89:J89) -> 0 | O89: =SUM(L89:N89) -> 0 | S89: =SUM(P89:R89) -> 0 | W89: =SUM(T89:V89) -> 0 | AA89: =SUM(X89:Z89) -> 0 | AE89: =SUM(AB89:AD89) -> 0 | AI89: =SUM(AF89:AH89) -> 0 | AM89: =SUM(AJ89:AL89) -> 0 | AQ89: =SUM(AN89:AP89) -> 0 | AU89: =SUM(AR89:AT89) -> 0 | AY89: =SUM(AV89:AX89) -> 0 | BA89: =+G89+K89+O89+S89+W89+AA89+AE89+AZ89+AI89+AM89+AQ89+AU89+AY89 -> 0 | BC89: =+BA89-BB89 -> 0 | BF89: =+BD89+BE89-BC89 -> 0 | BH89: =BF89+BG89 -> 0
B90: 1111084 | C90: ชิฟฟอน 8 ชิ้น กาแฟล้วน | G90: =SUM(D90:F90) -> 0 | K90: =SUM(H90:J90) -> 0 | O90: =SUM(L90:N90) -> 0 | S90: =SUM(P90:R90) -> 0 | W90: =SUM(T90:V90) -> 0 | AA90: =SUM(X90:Z90) -> 0 | AE90: =SUM(AB90:AD90) -> 0 | AI90: =SUM(AF90:AH90) -> 0 | AM90: =SUM(AJ90:AL90) -> 0 | AQ90: =SUM(AN90:AP90) -> 0 | AU90: =SUM(AR90:AT90) -> 0 | AY90: =SUM(AV90:AX90) -> 0 | BA90: =+G90+K90+O90+S90+W90+AA90+AE90+AZ90+AI90+AM90+AQ90+AU90+AY90 -> 0 | BC90: =+BA90-BB90 -> 0 | BF90: =+BD90+BE90-BC90 -> 0 | BH90: =BF90+BG90 -> 0
B91: 1111085 | C91: ชิฟฟอน 8 ชิ้น บลูเบอรี่ล้วน | G91: =SUM(D91:F91) -> 0 | K91: =SUM(H91:J91) -> 0 | O91: =SUM(L91:N91) -> 0 | S91: =SUM(P91:R91) -> 0 | W91: =SUM(T91:V91) -> 0 | AA91: =SUM(X91:Z91) -> 0 | AE91: =SUM(AB91:AD91) -> 0 | AI91: =SUM(AF91:AH91) -> 0 | AM91: =SUM(AJ91:AL91) -> 0 | AQ91: =SUM(AN91:AP91) -> 0 | AU91: =SUM(AR91:AT91) -> 0 | AY91: =SUM(AV91:AX91) -> 0 | BA91: =+G91+K91+O91+S91+W91+AA91+AE91+AZ91+AI91+AM91+AQ91+AU91+AY91 -> 0 | BC91: =+BA91-BB91 -> 0 | BF91: =+BD91+BE91-BC91 -> 0 | BH91: =BF91+BG91 -> 0
B92: 1111086 | C92: ชิฟฟอน 8 ชิ้น มะพร้าวล้วน | G92: =SUM(D92:F92) -> 0 | K92: =SUM(H92:J92) -> 0 | O92: =SUM(L92:N92) -> 0 | S92: =SUM(P92:R92) -> 0 | W92: =SUM(T92:V92) -> 0 | AA92: =SUM(X92:Z92) -> 0 | AE92: =SUM(AB92:AD92) -> 0 | AI92: =SUM(AF92:AH92) -> 0 | AM92: =SUM(AJ92:AL92) -> 0 | AQ92: =SUM(AN92:AP92) -> 0 | AU92: =SUM(AR92:AT92) -> 0 | AY92: =SUM(AV92:AX92) -> 0 | BA92: =+G92+K92+O92+S92+W92+AA92+AE92+AZ92+AI92+AM92+AQ92+AU92+AY92 -> 0 | BC92: =+BA92-BB92 -> 0 | BF92: =+BD92+BE92-BC92 -> 0 | BH92: =BF92+BG92 -> 0
B93: 1111087 | C93: ชิฟฟอน 8 ชิ้น สตอเบอรี่ล้วน | G93: =SUM(D93:F93) -> 0 | K93: =SUM(H93:J93) -> 0 | O93: =SUM(L93:N93) -> 0 | S93: =SUM(P93:R93) -> 0 | W93: =SUM(T93:V93) -> 0 | AA93: =SUM(X93:Z93) -> 0 | AE93: =SUM(AB93:AD93) -> 0 | AI93: =SUM(AF93:AH93) -> 0 | AM93: =SUM(AJ93:AL93) -> 0 | AQ93: =SUM(AN93:AP93) -> 0 | AU93: =SUM(AR93:AT93) -> 0 | AY93: =SUM(AV93:AX93) -> 0 | BA93: =+G93+K93+O93+S93+W93+AA93+AE93+AZ93+AI93+AM93+AQ93+AU93+AY93 -> 0 | BC93: =+BA93-BB93 -> 0 | BF93: =+BD93+BE93-BC93 -> 0 | BH93: =BF93+BG93 -> 0
B94: 1111088 | C94: ชิฟฟอน 8 ชิ้น ส้มล้วน | G94: =SUM(D94:F94) -> 0 | K94: =SUM(H94:J94) -> 0 | O94: =SUM(L94:N94) -> 0 | S94: =SUM(P94:R94) -> 0 | W94: =SUM(T94:V94) -> 0 | AA94: =SUM(X94:Z94) -> 0 | AE94: =SUM(AB94:AD94) -> 0 | AI94: =SUM(AF94:AH94) -> 0 | AM94: =SUM(AJ94:AL94) -> 0 | AQ94: =SUM(AN94:AP94) -> 0 | AU94: =SUM(AR94:AT94) -> 0 | AY94: =SUM(AV94:AX94) -> 0 | BA94: =+G94+K94+O94+S94+W94+AA94+AE94+AZ94+AI94+AM94+AQ94+AU94+AY94 -> 0 | BC94: =+BA94-BB94 -> 0 | BF94: =+BD94+BE94-BC94 -> 0 | BH94: =BF94+BG94 -> 0
B95: 1111089 | C95: ชิฟฟอน 8 ชิ้น เนยล้วน | G95: =SUM(D95:F95) -> 0 | K95: =SUM(H95:J95) -> 0 | O95: =SUM(L95:N95) -> 0 | S95: =SUM(P95:R95) -> 0 | W95: =SUM(T95:V95) -> 0 | AA95: =SUM(X95:Z95) -> 0 | AE95: =SUM(AB95:AD95) -> 0 | AI95: =SUM(AF95:AH95) -> 0 | AM95: =SUM(AJ95:AL95) -> 0 | AQ95: =SUM(AN95:AP95) -> 0 | AU95: =SUM(AR95:AT95) -> 0 | AY95: =SUM(AV95:AX95) -> 0 | BA95: =+G95+K95+O95+S95+W95+AA95+AE95+AZ95+AI95+AM95+AQ95+AU95+AY95 -> 0 | BC95: =+BA95-BB95 -> 0 | BF95: =+BD95+BE95-BC95 -> 0 | BH95: =BF95+BG95 -> 0
B96: 1111090 | C96: ชิฟฟอน 8 ชิ้น เผือกล้วน | G96: =SUM(D96:F96) -> 0 | K96: =SUM(H96:J96) -> 0 | O96: =SUM(L96:N96) -> 0 | S96: =SUM(P96:R96) -> 0 | W96: =SUM(T96:V96) -> 0 | AA96: =SUM(X96:Z96) -> 0 | AE96: =SUM(AB96:AD96) -> 0 | AI96: =SUM(AF96:AH96) -> 0 | AM96: =SUM(AJ96:AL96) -> 0 | AQ96: =SUM(AN96:AP96) -> 0 | AU96: =SUM(AR96:AT96) -> 0 | AY96: =SUM(AV96:AX96) -> 0 | BA96: =+G96+K96+O96+S96+W96+AA96+AE96+AZ96+AI96+AM96+AQ96+AU96+AY96 -> 0 | BC96: =+BA96-BB96 -> 0 | BF96: =+BD96+BE96-BC96 -> 0 | BH96: =BF96+BG96 -> 0
B97: 1111091 | C97: ชิฟฟอน 8 ชิ้น ใบเตยล้วน | G97: =SUM(D97:F97) -> 0 | K97: =SUM(H97:J97) -> 0 | O97: =SUM(L97:N97) -> 0 | S97: =SUM(P97:R97) -> 0 | W97: =SUM(T97:V97) -> 0 | AA97: =SUM(X97:Z97) -> 0 | AE97: =SUM(AB97:AD97) -> 0 | AI97: =SUM(AF97:AH97) -> 0 | AM97: =SUM(AJ97:AL97) -> 0 | AQ97: =SUM(AN97:AP97) -> 0 | AU97: =SUM(AR97:AT97) -> 0 | AY97: =SUM(AV97:AX97) -> 0 | BA97: =+G97+K97+O97+S97+W97+AA97+AE97+AZ97+AI97+AM97+AQ97+AU97+AY97 -> 0 | BC97: =+BA97-BB97 -> 0 | BF97: =+BD97+BE97-BC97 -> 0 | BH97: =BF97+BG97 -> 0
B98: 1111092 | C98: ชิฟฟอน 8 ชิ้น กล้วยหอม | G98: =SUM(D98:F98) -> 0 | K98: =SUM(H98:J98) -> 0 | O98: =SUM(L98:N98) -> 0 | S98: =SUM(P98:R98) -> 0 | W98: =SUM(T98:V98) -> 0 | AA98: =SUM(X98:Z98) -> 0 | AE98: =SUM(AB98:AD98) -> 0 | AI98: =SUM(AF98:AH98) -> 0 | AM98: =SUM(AJ98:AL98) -> 0 | AQ98: =SUM(AN98:AP98) -> 0 | AU98: =SUM(AR98:AT98) -> 0 | AY98: =SUM(AV98:AX98) -> 0 | BA98: =+G98+K98+O98+S98+W98+AA98+AE98+AZ98+AI98+AM98+AQ98+AU98+AY98 -> 0 | BC98: =+BA98-BB98 -> 0 | BF98: =+BD98+BE98-BC98 -> 0 | BH98: =BF98+BG98 -> 0
B99: 1111093 | C99: ชิฟฟอน 8 ชิ้น โกโก้ล้วน | G99: =SUM(D99:F99) -> 0 | K99: =SUM(H99:J99) -> 0 | O99: =SUM(L99:N99) -> 0 | S99: =SUM(P99:R99) -> 0 | W99: =SUM(T99:V99) -> 0 | AA99: =SUM(X99:Z99) -> 0 | AE99: =SUM(AB99:AD99) -> 0 | AI99: =SUM(AF99:AH99) -> 0 | AM99: =SUM(AJ99:AL99) -> 0 | AQ99: =SUM(AN99:AP99) -> 0 | AU99: =SUM(AR99:AT99) -> 0 | AY99: =SUM(AV99:AX99) -> 0 | BA99: =+G99+K99+O99+S99+W99+AA99+AE99+AZ99+AI99+AM99+AQ99+AU99+AY99 -> 0 | BC99: =+BA99-BB99 -> 0 | BF99: =+BD99+BE99-BC99 -> 0 | BH99: =BF99+BG99 -> 0
B100: 1111094 | C100: ชิฟฟอน 8 ชิ้น ชาไทยล้วน | G100: =SUM(D100:F100) -> 0 | K100: =SUM(H100:J100) -> 0 | O100: =SUM(L100:N100) -> 0 | S100: =SUM(P100:R100) -> 0 | W100: =SUM(T100:V100) -> 0 | AA100: =SUM(X100:Z100) -> 0 | AE100: =SUM(AB100:AD100) -> 0 | AI100: =SUM(AF100:AH100) -> 0 | AM100: =SUM(AJ100:AL100) -> 0 | AQ100: =SUM(AN100:AP100) -> 0 | AU100: =SUM(AR100:AT100) -> 0 | AY100: =SUM(AV100:AX100) -> 0 | BA100: =+G100+K100+O100+S100+W100+AA100+AE100+AZ100+AI100+AM100+AQ100+AU100+AY100 -> 0 | BC100: =+BA100-BB100 -> 0 | BF100: =+BD100+BE100-BC100 -> 0 | BH100: =BF100+BG100 -> 0
B101: 1111095 | C101: ชิฟฟอน 8 ชิ้น ชาเขียวล้วน | G101: =SUM(D101:F101) -> 0 | K101: =SUM(H101:J101) -> 0 | O101: =SUM(L101:N101) -> 0 | S101: =SUM(P101:R101) -> 0 | W101: =SUM(T101:V101) -> 0 | AA101: =SUM(X101:Z101) -> 0 | AE101: =SUM(AB101:AD101) -> 0 | AI101: =SUM(AF101:AH101) -> 0 | AM101: =SUM(AJ101:AL101) -> 0 | AQ101: =SUM(AN101:AP101) -> 0 | AU101: =SUM(AR101:AT101) -> 0 | AY101: =SUM(AV101:AX101) -> 0 | BA101: =+G101+K101+O101+S101+W101+AA101+AE101+AZ101+AI101+AM101+AQ101+AU101+AY101 -> 0 | BC101: =+BA101-BB101 -> 0 | BF101: =+BD101+BE101-BC101 -> 0 | BH101: =BF101+BG101 -> 0
... B107: 1004066 | C107: เค้กสามเหลี่ยม รสมะพร้าวน้ำหอม | G107: =SUM(D107:F107) -> 0 | K107: =SUM(H107:J107) -> 0 | O107: =SUM(L107:N107) -> 0 | S107: =SUM(P107:R107) -> 0 | W107: =SUM(T107:V107) -> 0 | AA107: =SUM(X107:Z107) -> 0 | AE107: =SUM(AB107:AD107) -> 0 | AI107: =SUM(AF107:AH107) -> 0 | AM107: =SUM(AJ107:AL107) -> 0 | AQ107: =SUM(AN107:AP107) -> 0 | AU107: =SUM(AR107:AT107) -> 0 | AY107: =SUM(AV107:AX107) -> 0 | BA107: =+G107+K107+O107+S107+W107+AA107+AE107+AZ107+AI107+AM107+AQ107+AU107+AY107 -> 0 | BC107: =+BA107-BB107 -> 0 | BF107: =+BD107+BE107-BC107 -> 0 | BH107: =BF107+BG107 -> 0
B108: 1004072 | C108: เค้กโบราณ ครีม (2 ชิ้น) | G108: =SUM(D108:F108) -> 0 | K108: =SUM(H108:J108) -> 0 | O108: =SUM(L108:N108) -> 0 | S108: =SUM(P108:R108) -> 0 | W108: =SUM(T108:V108) -> 0 | AA108: =SUM(X108:Z108) -> 0 | AE108: =SUM(AB108:AD108) -> 0 | AI108: =SUM(AF108:AH108) -> 0 | AM108: =SUM(AJ108:AL108) -> 0 | AQ108: =SUM(AN108:AP108) -> 0 | AU108: =SUM(AR108:AT108) -> 0 | AY108: =SUM(AV108:AX108) -> 0 | AZ108: 3 | BA108: =+G108+K108+O108+S108+W108+AA108+AE108+AZ108+AI108+AM108+AQ108+AU108+AY108 -> 3 | BC108: =+BA108-BB108 -> 3 | BD108: 3 | BF108: =+BD108+BE108-BC108 -> 0 | BH108: =BF108+BG108 -> 0
B109: 1004073 | C109: เค้กโบราณ ผลไม้ (2 ชิ้น) | G109: =SUM(D109:F109) -> 0 | K109: =SUM(H109:J109) -> 0 | O109: =SUM(L109:N109) -> 0 | S109: =SUM(P109:R109) -> 0 | W109: =SUM(T109:V109) -> 0 | AA109: =SUM(X109:Z109) -> 0 | AE109: =SUM(AB109:AD109) -> 0 | AI109: =SUM(AF109:AH109) -> 0 | AM109: =SUM(AJ109:AL109) -> 0 | AQ109: =SUM(AN109:AP109) -> 0 | AU109: =SUM(AR109:AT109) -> 0 | AY109: =SUM(AV109:AX109) -> 0 | BA109: =+G109+K109+O109+S109+W109+AA109+AE109+AZ109+AI109+AM109+AQ109+AU109+AY109 -> 0 | BC109: =+BA109-BB109 -> 0 | BF109: =+BD109+BE109-BC109 -> 0 | BH109: =BF109+BG109 -> 0
B110: 1113006 | C110: เค้กโบราณ ครีม (4 ชิ้น) | G110: =SUM(D110:F110) -> 0 | K110: =SUM(H110:J110) -> 0 | O110: =SUM(L110:N110) -> 0 | S110: =SUM(P110:R110) -> 0 | W110: =SUM(T110:V110) -> 0 | AA110: =SUM(X110:Z110) -> 0 | AE110: =SUM(AB110:AD110) -> 0 | AI110: =SUM(AF110:AH110) -> 0 | AM110: =SUM(AJ110:AL110) -> 0 | AQ110: =SUM(AN110:AP110) -> 0 | AU110: =SUM(AR110:AT110) -> 0 | AY110: =SUM(AV110:AX110) -> 0 | BA110: =+G110+K110+O110+S110+W110+AA110+AE110+AZ110+AI110+AM110+AQ110+AU110+AY110 -> 0 | BC110: =+BA110-BB110 -> 0 | BF110: =+BD110+BE110-BC110 -> 0 | BH110: =BF110+BG110 -> 0
...

Sheet 02.7.68
B1: ยอดจริง ออนไลน์ วันที่ 2/7/2569
B2: รหัสสินค้า | C2: สินค้า | D2: ปณ | H2: ชอปปี้ | L2: ลาซาด้า | P2: ติ๊กตอก | T2: ติ๊กตอก2 | X2: ติ๊กตอก3 | AB2: ติ๊กตอก4 | AF2: ติ๊กตอก5 | AJ2: ติ๊กตอก6 | AN2: ติ๊กตอก7 | AR2: ติ๊กตอก8 | AV2: ติ๊กตอก9 | AZ2: ยอดเส้น | BA2: ยอดรวมผลิต(กล่อง) | BB2: ยอดยกเลิก | BC2: สรุปใช้จริง | BD2: ยอดForcast | BE2: ยอดStock | BF2: ยอดMemo | BG2: ยอดForcastวันพรุ่งนี้ | BH2: สินค้าที่ขายได้
D3: เช้า | E3: บ่าย | F3: เย็น | G3: รวม | H3: เช้า | I3: บ่าย | J3: เย็น | K3: รวม | L3: เช้า | M3: บ่าย | N3: เย็น | O3: รวม | P3: เช้า | Q3: บ่าย | R3: เย็น | S3: รวม | T3: เช้า | U3: บ่าย | V3: เย็น | W3: รวม | X3: เช้า | Y3: บ่าย | Z3: เย็น | AA3: รวม | AB3: เช้า | AC3: บ่าย | AD3: เย็น | AE3: รวม | AF3: เช้า | AG3: บ่าย | AH3: เย็น | AI3: รวม | AJ3: เช้า | AK3: บ่าย | AL3: เย็น | AM3: รวม | AN3: เช้า | AO3: บ่าย | AP3: เย็น | AQ3: รวม | AR3: เช้า | AS3: บ่าย | AT3: เย็น | AU3: รวม | AV3: เช้า | AW3: บ่าย | AX3: เย็น | AY3: รวม
B4: 1004055 | C4: ชิฟฟ่อนเค้ก วรรณวนัช (รวมรส 4 ชิ้น) | G4: =SUM(D4:F4) -> 0 | K4: =SUM(H4:J4) -> 0 | O4: =SUM(L4:N4) -> 0 | S4: =SUM(P4:R4) -> 0 | W4: =SUM(T4:V4) -> 0 | AA4: =SUM(X4:Z4) -> 0 | AE4: =SUM(AB4:AD4) -> 0 | AI4: =SUM(AF4:AH4) -> 0 | AM4: =SUM(AJ4:AL4) -> 0 | AQ4: =SUM(AN4:AP4) -> 0 | AU4: =SUM(AR4:AT4) -> 0 | AY4: =SUM(AV4:AX4) -> 0 | BA4: =+G4+K4+O4+S4+W4+AA4+AE4+AZ4+AI4+AM4+AQ4+AU4+AY4 -> 0 | BC4: =+BA4-BB4 -> 0 | BF4: =+BD4+BE4-BC4 -> 0 | BH4: =BF4+BG4 -> 0
B5: 1111002 | C5: ชิฟฟ่อนเค้ก วรรณวนัช (รวมรส 8 ชิ้น) | G5: =SUM(D5:F5) -> 0 | K5: =SUM(H5:J5) -> 0 | O5: =SUM(L5:N5) -> 0 | S5: =SUM(P5:R5) -> 0 | W5: =SUM(T5:V5) -> 0 | AA5: =SUM(X5:Z5) -> 0 | AE5: =SUM(AB5:AD5) -> 0 | AI5: =SUM(AF5:AH5) -> 0 | AM5: =SUM(AJ5:AL5) -> 0 | AQ5: =SUM(AN5:AP5) -> 0 | AU5: =SUM(AR5:AT5) -> 0 | AY5: =SUM(AV5:AX5) -> 0 | BA5: =+G5+K5+O5+S5+W5+AA5+AE5+AZ5+AI5+AM5+AQ5+AU5+AY5 -> 0 | BC5: =+BA5-BB5 -> 0 | BF5: =+BD5+BE5-BC5 -> 0 | BH5: =BF5+BG5 -> 0
B6: 1111001 | C6: ชิฟฟ่อนแยกชิ้นไม่มีไส้ คละรส | G6: =SUM(D6:F6) -> 0 | K6: =SUM(H6:J6) -> 0 | O6: =SUM(L6:N6) -> 0 | S6: =SUM(P6:R6) -> 0 | W6: =SUM(T6:V6) -> 0 | AA6: =SUM(X6:Z6) -> 0 | AE6: =SUM(AB6:AD6) -> 0 | AI6: =SUM(AF6:AH6) -> 0 | AM6: =SUM(AJ6:AL6) -> 0 | AQ6: =SUM(AN6:AP6) -> 0 | AU6: =SUM(AR6:AT6) -> 0 | AY6: =SUM(AV6:AX6) -> 0 | BA6: =+G6+K6+O6+S6+W6+AA6+AE6+AZ6+AI6+AM6+AQ6+AU6+AY6 -> 0 | BC6: =+BA6-BB6 -> 0 | BF6: =+BD6+BE6-BC6 -> 0 | BH6: =BF6+BG6 -> 0
B7: 1111043 | C7: ชิฟฟอนรสมะลิ 8 ชิ้น ห่อ ซีน | G7: =SUM(D7:F7) -> 0 | K7: =SUM(H7:J7) -> 0 | O7: =SUM(L7:N7) -> 0 | S7: =SUM(P7:R7) -> 0 | W7: =SUM(T7:V7) -> 0 | AA7: =SUM(X7:Z7) -> 0 | AE7: =SUM(AB7:AD7) -> 0 | AI7: =SUM(AF7:AH7) -> 0 | AM7: =SUM(AJ7:AL7) -> 0 | AQ7: =SUM(AN7:AP7) -> 0 | AU7: =SUM(AR7:AT7) -> 0 | AY7: =SUM(AV7:AX7) -> 0 | BA7: =+G7+K7+O7+S7+W7+AA7+AE7+AZ7+AI7+AM7+AQ7+AU7+AY7 -> 0 | BC7: =+BA7-BB7 -> 0 | BF7: =+BD7+BE7-BC7 -> 0 | BH7: =BF7+BG7 -> 0
B8: 1111057 | C8: ชิฟฟอนแยกชิ้น กาแฟ | G8: =SUM(D8:F8) -> 0 | K8: =SUM(H8:J8) -> 0 | O8: =SUM(L8:N8) -> 0 | S8: =SUM(P8:R8) -> 0 | W8: =SUM(T8:V8) -> 0 | AA8: =SUM(X8:Z8) -> 0 | AE8: =SUM(AB8:AD8) -> 0 | AI8: =SUM(AF8:AH8) -> 0 | AM8: =SUM(AJ8:AL8) -> 0 | AQ8: =SUM(AN8:AP8) -> 0 | AU8: =SUM(AR8:AT8) -> 0 | AY8: =SUM(AV8:AX8) -> 0 | BA8: =+G8+K8+O8+S8+W8+AA8+AE8+AZ8+AI8+AM8+AQ8+AU8+AY8 -> 0 | BC8: =+BA8-BB8 -> 0 | BF8: =+BD8+BE8-BC8 -> 0 | BH8: =BF8+BG8 -> 0
B9: 1111058 | C9: ชิฟฟอนแยกชิ้น ชาเขียว | G9: =SUM(D9:F9) -> 0 | K9: =SUM(H9:J9) -> 0 | O9: =SUM(L9:N9) -> 0 | S9: =SUM(P9:R9) -> 0 | W9: =SUM(T9:V9) -> 0 | AA9: =SUM(X9:Z9) -> 0 | AE9: =SUM(AB9:AD9) -> 0 | AI9: =SUM(AF9:AH9) -> 0 | AM9: =SUM(AJ9:AL9) -> 0 | AQ9: =SUM(AN9:AP9) -> 0 | AU9: =SUM(AR9:AT9) -> 0 | AY9: =SUM(AV9:AX9) -> 0 | BA9: =+G9+K9+O9+S9+W9+AA9+AE9+AZ9+AI9+AM9+AQ9+AU9+AY9 -> 0 | BC9: =+BA9-BB9 -> 0 | BF9: =+BD9+BE9-BC9 -> 0 | BH9: =BF9+BG9 -> 0
B10: 1111059 | C10: ชิฟฟอนแยกชิ้น ใบเตย | G10: =SUM(D10:F10) -> 0 | K10: =SUM(H10:J10) -> 0 | O10: =SUM(L10:N10) -> 0 | S10: =SUM(P10:R10) -> 0 | W10: =SUM(T10:V10) -> 0 | AA10: =SUM(X10:Z10) -> 0 | AE10: =SUM(AB10:AD10) -> 0 | AI10: =SUM(AF10:AH10) -> 0 | AM10: =SUM(AJ10:AL10) -> 0 | AQ10: =SUM(AN10:AP10) -> 0 | AU10: =SUM(AR10:AT10) -> 0 | AY10: =SUM(AV10:AX10) -> 0 | BA10: =+G10+K10+O10+S10+W10+AA10+AE10+AZ10+AI10+AM10+AQ10+AU10+AY10 -> 0 | BC10: =+BA10-BB10 -> 0 | BF10: =+BD10+BE10-BC10 -> 0 | BH10: =BF10+BG10 -> 0
B11: 1111060 | C11: ชิฟฟอนแยกชิ้น กล้วยหอม | G11: =SUM(D11:F11) -> 0 | K11: =SUM(H11:J11) -> 0 | O11: =SUM(L11:N11) -> 0 | S11: =SUM(P11:R11) -> 0 | W11: =SUM(T11:V11) -> 0 | AA11: =SUM(X11:Z11) -> 0 | AE11: =SUM(AB11:AD11) -> 0 | AI11: =SUM(AF11:AH11) -> 0 | AM11: =SUM(AJ11:AL11) -> 0 | AQ11: =SUM(AN11:AP11) -> 0 | AU11: =SUM(AR11:AT11) -> 0 | AY11: =SUM(AV11:AX11) -> 0 | BA11: =+G11+K11+O11+S11+W11+AA11+AE11+AZ11+AI11+AM11+AQ11+AU11+AY11 -> 0 | BC11: =+BA11-BB11 -> 0 | BF11: =+BD11+BE11-BC11 -> 0 | BH11: =BF11+BG11 -> 0
B12: 1111061 | C12: ชิฟฟอนแยกชิ้น ชาไทย | G12: =SUM(D12:F12) -> 0 | K12: =SUM(H12:J12) -> 0 | O12: =SUM(L12:N12) -> 0 | S12: =SUM(P12:R12) -> 0 | W12: =SUM(T12:V12) -> 0 | AA12: =SUM(X12:Z12) -> 0 | AE12: =SUM(AB12:AD12) -> 0 | AI12: =SUM(AF12:AH12) -> 0 | AM12: =SUM(AJ12:AL12) -> 0 | AQ12: =SUM(AN12:AP12) -> 0 | AU12: =SUM(AR12:AT12) -> 0 | AY12: =SUM(AV12:AX12) -> 0 | BA12: =+G12+K12+O12+S12+W12+AA12+AE12+AZ12+AI12+AM12+AQ12+AU12+AY12 -> 0 | BC12: =+BA12-BB12 -> 0 | BF12: =+BD12+BE12-BC12 -> 0 | BH12: =BF12+BG12 -> 0
B13: 1111062 | C13: ชิฟฟอนแยกชิ้น โกโก้ | G13: =SUM(D13:F13) -> 0 | K13: =SUM(H13:J13) -> 0 | O13: =SUM(L13:N13) -> 0 | S13: =SUM(P13:R13) -> 0 | W13: =SUM(T13:V13) -> 0 | AA13: =SUM(X13:Z13) -> 0 | AE13: =SUM(AB13:AD13) -> 0 | AI13: =SUM(AF13:AH13) -> 0 | AM13: =SUM(AJ13:AL13) -> 0 | AQ13: =SUM(AN13:AP13) -> 0 | AU13: =SUM(AR13:AT13) -> 0 | AY13: =SUM(AV13:AX13) -> 0 | BA13: =+G13+K13+O13+S13+W13+AA13+AE13+AZ13+AI13+AM13+AQ13+AU13+AY13 -> 0 | BC13: =+BA13-BB13 -> 0 | BF13: =+BD13+BE13-BC13 -> 0 | BH13: =BF13+BG13 -> 0
B14: 1111063 | C14: ชิฟฟอนแยกชิ้น ส้ม | G14: =SUM(D14:F14) -> 0 | K14: =SUM(H14:J14) -> 0 | O14: =SUM(L14:N14) -> 0 | S14: =SUM(P14:R14) -> 0 | W14: =SUM(T14:V14) -> 0 | AA14: =SUM(X14:Z14) -> 0 | AE14: =SUM(AB14:AD14) -> 0 | AI14: =SUM(AF14:AH14) -> 0 | AM14: =SUM(AJ14:AL14) -> 0 | AQ14: =SUM(AN14:AP14) -> 0 | AU14: =SUM(AR14:AT14) -> 0 | AY14: =SUM(AV14:AX14) -> 0 | BA14: =+G14+K14+O14+S14+W14+AA14+AE14+AZ14+AI14+AM14+AQ14+AU14+AY14 -> 0 | BC14: =+BA14-BB14 -> 0 | BF14: =+BD14+BE14-BC14 -> 0 | BH14: =BF14+BG14 -> 0
B15: 1111064 | C15: ชิฟฟอนแยกชิ้น เผือก | G15: =SUM(D15:F15) -> 0 | K15: =SUM(H15:J15) -> 0 | O15: =SUM(L15:N15) -> 0 | S15: =SUM(P15:R15) -> 0 | W15: =SUM(T15:V15) -> 0 | AA15: =SUM(X15:Z15) -> 0 | AE15: =SUM(AB15:AD15) -> 0 | AI15: =SUM(AF15:AH15) -> 0 | AM15: =SUM(AJ15:AL15) -> 0 | AQ15: =SUM(AN15:AP15) -> 0 | AU15: =SUM(AR15:AT15) -> 0 | AY15: =SUM(AV15:AX15) -> 0 | BA15: =+G15+K15+O15+S15+W15+AA15+AE15+AZ15+AI15+AM15+AQ15+AU15+AY15 -> 0 | BC15: =+BA15-BB15 -> 0 | BF15: =+BD15+BE15-BC15 -> 0 | BH15: =BF15+BG15 -> 0
... B85: 200 | C85: เศษขนมปังปลา 1 กก. | G85: =SUM(D85:F85) -> 0 | K85: =SUM(H85:J85) -> 0 | O85: =SUM(L85:N85) -> 0 | S85: =SUM(P85:R85) -> 0 | W85: =SUM(T85:V85) -> 0 | AA85: =SUM(X85:Z85) -> 0 | AE85: =SUM(AB85:AD85) -> 0 | AI85: =SUM(AF85:AH85) -> 0 | AM85: =SUM(AJ85:AL85) -> 0 | AQ85: =SUM(AN85:AP85) -> 0 | AU85: =SUM(AR85:AT85) -> 0 | AY85: =SUM(AV85:AX85) -> 0 | BA85: =+G85+K85+O85+S85+W85+AA85+AE85+AZ85+AI85+AM85+AQ85+AU85+AY85 -> 0 | BC85: =+BA85-BB85 -> 0 | BF85: =+BD85+BE85-BC85 -> 0 | BH85: =BF85+BG85 -> 0
C86: ชิฟฟอน 4 ชิ้น มะพร้าวล้วน | G86: =SUM(D86:F86) -> 0 | K86: =SUM(H86:J86) -> 0 | O86: =SUM(L86:N86) -> 0 | S86: =SUM(P86:R86) -> 0 | W86: =SUM(T86:V86) -> 0 | AA86: =SUM(X86:Z86) -> 0 | AE86: =SUM(AB86:AD86) -> 0 | AI86: =SUM(AF86:AH86) -> 0 | AM86: =SUM(AJ86:AL86) -> 0 | AQ86: =SUM(AN86:AP86) -> 0 | AU86: =SUM(AR86:AT86) -> 0 | AY86: =SUM(AV86:AX86) -> 0 | BA86: =+G86+K86+O86+S86+W86+AA86+AE86+AZ86+AI86+AM86+AQ86+AU86+AY86 -> 0 | BB86: =+H86+L86+P86+T86+X86+AB86+AF86+BA86+AJ86+AN86+AR86+AV86+AZ86 -> 0 | BC86: =+BA86-BB86 -> 0 | BF86: =+BD86+BE86-BC86 -> 0 | BH86: =BF86+BG86 -> 0
C87: ชิฟฟอน 4 ชิ้น กาแฟล้วน | G87: =SUM(D87:F87) -> 0 | K87: =SUM(H87:J87) -> 0 | O87: =SUM(L87:N87) -> 0 | S87: =SUM(P87:R87) -> 0 | W87: =SUM(T87:V87) -> 0 | AA87: =SUM(X87:Z87) -> 0 | AE87: =SUM(AB87:AD87) -> 0 | AI87: =SUM(AF87:AH87) -> 0 | AM87: =SUM(AJ87:AL87) -> 0 | AQ87: =SUM(AN87:AP87) -> 0 | AU87: =SUM(AR87:AT87) -> 0 | AY87: =SUM(AV87:AX87) -> 0 | BA87: =+G87+K87+O87+S87+W87+AA87+AE87+AZ87+AI87+AM87+AQ87+AU87+AY87 -> 0 | BB87: =+H87+L87+P87+T87+X87+AB87+AF87+BA87+AJ87+AN87+AR87+AV87+AZ87 -> 0 | BC87: =+BA87-BB87 -> 0 | BF87: =+BD87+BE87-BC87 -> 0 | BH87: =BF87+BG87 -> 0
C88: ชิฟฟอน 4 ชิ้น ชาเขียวล้วน | G88: =SUM(D88:F88) -> 0 | K88: =SUM(H88:J88) -> 0 | O88: =SUM(L88:N88) -> 0 | S88: =SUM(P88:R88) -> 0 | W88: =SUM(T88:V88) -> 0 | AA88: =SUM(X88:Z88) -> 0 | AE88: =SUM(AB88:AD88) -> 0 | AI88: =SUM(AF88:AH88) -> 0 | AM88: =SUM(AJ88:AL88) -> 0 | AQ88: =SUM(AN88:AP88) -> 0 | AU88: =SUM(AR88:AT88) -> 0 | AY88: =SUM(AV88:AX88) -> 0 | BA88: =+G88+K88+O88+S88+W88+AA88+AE88+AZ88+AI88+AM88+AQ88+AU88+AY88 -> 0 | BB88: =+H88+L88+P88+T88+X88+AB88+AF88+BA88+AJ88+AN88+AR88+AV88+AZ88 -> 0 | BC88: =+BA88-BB88 -> 0 | BF88: =+BD88+BE88-BC88 -> 0 | BH88: =BF88+BG88 -> 0
C89: ชิฟฟอน 4 ชิ้น ใบเตยล้วน | G89: =SUM(D89:F89) -> 0 | K89: =SUM(H89:J89) -> 0 | O89: =SUM(L89:N89) -> 0 | S89: =SUM(P89:R89) -> 0 | W89: =SUM(T89:V89) -> 0 | AA89: =SUM(X89:Z89) -> 0 | AE89: =SUM(AB89:AD89) -> 0 | AI89: =SUM(AF89:AH89) -> 0 | AM89: =SUM(AJ89:AL89) -> 0 | AQ89: =SUM(AN89:AP89) -> 0 | AU89: =SUM(AR89:AT89) -> 0 | AY89: =SUM(AV89:AX89) -> 0 | BA89: =+G89+K89+O89+S89+W89+AA89+AE89+AZ89+AI89+AM89+AQ89+AU89+AY89 -> 0 | BB89: =+H89+L89+P89+T89+X89+AB89+AF89+BA89+AJ89+AN89+AR89+AV89+AZ89 -> 0 | BC89: =+BA89-BB89 -> 0 | BF89: =+BD89+BE89-BC89 -> 0 | BH89: =BF89+BG89 -> 0
B90: 1111084 | C90: ชิฟฟอน 8 ชิ้น กาแฟล้วน | G90: =SUM(D90:F90) -> 0 | K90: =SUM(H90:J90) -> 0 | O90: =SUM(L90:N90) -> 0 | S90: =SUM(P90:R90) -> 0 | W90: =SUM(T90:V90) -> 0 | AA90: =SUM(X90:Z90) -> 0 | AE90: =SUM(AB90:AD90) -> 0 | AI90: =SUM(AF90:AH90) -> 0 | AM90: =SUM(AJ90:AL90) -> 0 | AQ90: =SUM(AN90:AP90) -> 0 | AU90: =SUM(AR90:AT90) -> 0 | AY90: =SUM(AV90:AX90) -> 0 | BA90: =+G90+K90+O90+S90+W90+AA90+AE90+AZ90+AI90+AM90+AQ90+AU90+AY90 -> 0 | BB90: =+H90+L90+P90+T90+X90+AB90+AF90+BA90+AJ90+AN90+AR90+AV90+AZ90 -> 0 | BC90: =+BA90-BB90 -> 0 | BF90: =+BD90+BE90-BC90 -> 0 | BH90: =BF90+BG90 -> 0
B91: 1111085 | C91: ชิฟฟอน 8 ชิ้น บลูเบอรี่ล้วน | G91: =SUM(D91:F91) -> 0 | K91: =SUM(H91:J91) -> 0 | O91: =SUM(L91:N91) -> 0 | S91: =SUM(P91:R91) -> 0 | W91: =SUM(T91:V91) -> 0 | AA91: =SUM(X91:Z91) -> 0 | AE91: =SUM(AB91:AD91) -> 0 | AI91: =SUM(AF91:AH91) -> 0 | AM91: =SUM(AJ91:AL91) -> 0 | AQ91: =SUM(AN91:AP91) -> 0 | AU91: =SUM(AR91:AT91) -> 0 | AY91: =SUM(AV91:AX91) -> 0 | BA91: =+G91+K91+O91+S91+W91+AA91+AE91+AZ91+AI91+AM91+AQ91+AU91+AY91 -> 0 | BB91: =+H91+L91+P91+T91+X91+AB91+AF91+BA91+AJ91+AN91+AR91+AV91+AZ91 -> 0 | BC91: =+BA91-BB91 -> 0 | BF91: =+BD91+BE91-BC91 -> 0 | BH91: =BF91+BG91 -> 0
B92: 1111086 | C92: ชิฟฟอน 8 ชิ้น มะพร้าวล้วน | G92: =SUM(D92:F92) -> 0 | K92: =SUM(H92:J92) -> 0 | O92: =SUM(L92:N92) -> 0 | S92: =SUM(P92:R92) -> 0 | W92: =SUM(T92:V92) -> 0 | AA92: =SUM(X92:Z92) -> 0 | AE92: =SUM(AB92:AD92) -> 0 | AI92: =SUM(AF92:AH92) -> 0 | AM92: =SUM(AJ92:AL92) -> 0 | AQ92: =SUM(AN92:AP92) -> 0 | AU92: =SUM(AR92:AT92) -> 0 | AY92: =SUM(AV92:AX92) -> 0 | BA92: =+G92+K92+O92+S92+W92+AA92+AE92+AZ92+AI92+AM92+AQ92+AU92+AY92 -> 0 | BB92: =+H92+L92+P92+T92+X92+AB92+AF92+BA92+AJ92+AN92+AR92+AV92+AZ92 -> 0 | BC92: =+BA92-BB92 -> 0 | BF92: =+BD92+BE92-BC92 -> 0 | BH92: =BF92+BG92 -> 0
B93: 1111087 | C93: ชิฟฟอน 8 ชิ้น สตอเบอรี่ล้วน | G93: =SUM(D93:F93) -> 0 | K93: =SUM(H93:J93) -> 0 | O93: =SUM(L93:N93) -> 0 | S93: =SUM(P93:R93) -> 0 | W93: =SUM(T93:V93) -> 0 | AA93: =SUM(X93:Z93) -> 0 | AE93: =SUM(AB93:AD93) -> 0 | AI93: =SUM(AF93:AH93) -> 0 | AM93: =SUM(AJ93:AL93) -> 0 | AQ93: =SUM(AN93:AP93) -> 0 | AU93: =SUM(AR93:AT93) -> 0 | AY93: =SUM(AV93:AX93) -> 0 | BA93: =+G93+K93+O93+S93+W93+AA93+AE93+AZ93+AI93+AM93+AQ93+AU93+AY93 -> 0 | BB93: =+H93+L93+P93+T93+X93+AB93+AF93+BA93+AJ93+AN93+AR93+AV93+AZ93 -> 0 | BC93: =+BA93-BB93 -> 0 | BF93: =+BD93+BE93-BC93 -> 0 | BH93: =BF93+BG93 -> 0
B94: 1111088 | C94: ชิฟฟอน 8 ชิ้น ส้มล้วน | G94: =SUM(D94:F94) -> 0 | K94: =SUM(H94:J94) -> 0 | O94: =SUM(L94:N94) -> 0 | S94: =SUM(P94:R94) -> 0 | W94: =SUM(T94:V94) -> 0 | AA94: =SUM(X94:Z94) -> 0 | AE94: =SUM(AB94:AD94) -> 0 | AI94: =SUM(AF94:AH94) -> 0 | AM94: =SUM(AJ94:AL94) -> 0 | AQ94: =SUM(AN94:AP94) -> 0 | AU94: =SUM(AR94:AT94) -> 0 | AY94: =SUM(AV94:AX94) -> 0 | BA94: =+G94+K94+O94+S94+W94+AA94+AE94+AZ94+AI94+AM94+AQ94+AU94+AY94 -> 0 | BB94: =+H94+L94+P94+T94+X94+AB94+AF94+BA94+AJ94+AN94+AR94+AV94+AZ94 -> 0 | BC94: =+BA94-BB94 -> 0 | BF94: =+BD94+BE94-BC94 -> 0 | BH94: =BF94+BG94 -> 0
B95: 1111089 | C95: ชิฟฟอน 8 ชิ้น เนยล้วน | G95: =SUM(D95:F95) -> 0 | K95: =SUM(H95:J95) -> 0 | O95: =SUM(L95:N95) -> 0 | S95: =SUM(P95:R95) -> 0 | W95: =SUM(T95:V95) -> 0 | AA95: =SUM(X95:Z95) -> 0 | AE95: =SUM(AB95:AD95) -> 0 | AI95: =SUM(AF95:AH95) -> 0 | AM95: =SUM(AJ95:AL95) -> 0 | AQ95: =SUM(AN95:AP95) -> 0 | AU95: =SUM(AR95:AT95) -> 0 | AY95: =SUM(AV95:AX95) -> 0 | BA95: =+G95+K95+O95+S95+W95+AA95+AE95+AZ95+AI95+AM95+AQ95+AU95+AY95 -> 0 | BB95: =+H95+L95+P95+T95+X95+AB95+AF95+BA95+AJ95+AN95+AR95+AV95+AZ95 -> 0 | BC95: =+BA95-BB95 -> 0 | BF95: =+BD95+BE95-BC95 -> 0 | BH95: =BF95+BG95 -> 0
B96: 1111090 | C96: ชิฟฟอน 8 ชิ้น เผือกล้วน | G96: =SUM(D96:F96) -> 0 | K96: =SUM(H96:J96) -> 0 | O96: =SUM(L96:N96) -> 0 | S96: =SUM(P96:R96) -> 0 | W96: =SUM(T96:V96) -> 0 | AA96: =SUM(X96:Z96) -> 0 | AE96: =SUM(AB96:AD96) -> 0 | AI96: =SUM(AF96:AH96) -> 0 | AM96: =SUM(AJ96:AL96) -> 0 | AQ96: =SUM(AN96:AP96) -> 0 | AU96: =SUM(AR96:AT96) -> 0 | AY96: =SUM(AV96:AX96) -> 0 | BA96: =+G96+K96+O96+S96+W96+AA96+AE96+AZ96+AI96+AM96+AQ96+AU96+AY96 -> 0 | BB96: =+H96+L96+P96+T96+X96+AB96+AF96+BA96+AJ96+AN96+AR96+AV96+AZ96 -> 0 | BC96: =+BA96-BB96 -> 0 | BF96: =+BD96+BE96-BC96 -> 0 | BH96: =BF96+BG96 -> 0
B97: 1111091 | C97: ชิฟฟอน 8 ชิ้น ใบเตยล้วน | G97: =SUM(D97:F97) -> 0 | K97: =SUM(H97:J97) -> 0 | O97: =SUM(L97:N97) -> 0 | S97: =SUM(P97:R97) -> 0 | W97: =SUM(T97:V97) -> 0 | AA97: =SUM(X97:Z97) -> 0 | AE97: =SUM(AB97:AD97) -> 0 | AI97: =SUM(AF97:AH97) -> 0 | AM97: =SUM(AJ97:AL97) -> 0 | AQ97: =SUM(AN97:AP97) -> 0 | AU97: =SUM(AR97:AT97) -> 0 | AY97: =SUM(AV97:AX97) -> 0 | BA97: =+G97+K97+O97+S97+W97+AA97+AE97+AZ97+AI97+AM97+AQ97+AU97+AY97 -> 0 | BB97: =+H97+L97+P97+T97+X97+AB97+AF97+BA97+AJ97+AN97+AR97+AV97+AZ97 -> 0 | BC97: =+BA97-BB97 -> 0 | BF97: =+BD97+BE97-BC97 -> 0 | BH97: =BF97+BG97 -> 0
B98: 1111092 | C98: ชิฟฟอน 8 ชิ้น กล้วยหอม | G98: =SUM(D98:F98) -> 0 | K98: =SUM(H98:J98) -> 0 | O98: =SUM(L98:N98) -> 0 | S98: =SUM(P98:R98) -> 0 | W98: =SUM(T98:V98) -> 0 | AA98: =SUM(X98:Z98) -> 0 | AE98: =SUM(AB98:AD98) -> 0 | AI98: =SUM(AF98:AH98) -> 0 | AM98: =SUM(AJ98:AL98) -> 0 | AQ98: =SUM(AN98:AP98) -> 0 | AU98: =SUM(AR98:AT98) -> 0 | AY98: =SUM(AV98:AX98) -> 0 | BA98: =+G98+K98+O98+S98+W98+AA98+AE98+AZ98+AI98+AM98+AQ98+AU98+AY98 -> 0 | BB98: =+H98+L98+P98+T98+X98+AB98+AF98+BA98+AJ98+AN98+AR98+AV98+AZ98 -> 0 | BC98: =+BA98-BB98 -> 0 | BF98: =+BD98+BE98-BC98 -> 0 | BH98: =BF98+BG98 -> 0
B99: 1111093 | C99: ชิฟฟอน 8 ชิ้น โกโก้ล้วน | G99: =SUM(D99:F99) -> 0 | K99: =SUM(H99:J99) -> 0 | O99: =SUM(L99:N99) -> 0 | S99: =SUM(P99:R99) -> 0 | W99: =SUM(T99:V99) -> 0 | AA99: =SUM(X99:Z99) -> 0 | AE99: =SUM(AB99:AD99) -> 0 | AI99: =SUM(AF99:AH99) -> 0 | AM99: =SUM(AJ99:AL99) -> 0 | AQ99: =SUM(AN99:AP99) -> 0 | AU99: =SUM(AR99:AT99) -> 0 | AY99: =SUM(AV99:AX99) -> 0 | BA99: =+G99+K99+O99+S99+W99+AA99+AE99+AZ99+AI99+AM99+AQ99+AU99+AY99 -> 0 | BB99: =+H99+L99+P99+T99+X99+AB99+AF99+BA99+AJ99+AN99+AR99+AV99+AZ99 -> 0 | BC99: =+BA99-BB99 -> 0 | BF99: =+BD99+BE99-BC99 -> 0 | BH99: =BF99+BG99 -> 0
B100: 1111094 | C100: ชิฟฟอน 8 ชิ้น ชาไทยล้วน | G100: =SUM(D100:F100) -> 0 | K100: =SUM(H100:J100) -> 0 | O100: =SUM(L100:N100) -> 0 | S100: =SUM(P100:R100) -> 0 | W100: =SUM(T100:V100) -> 0 | AA100: =SUM(X100:Z100) -> 0 | AE100: =SUM(AB100:AD100) -> 0 | AI100: =SUM(AF100:AH100) -> 0 | AM100: =SUM(AJ100:AL100) -> 0 | AQ100: =SUM(AN100:AP100) -> 0 | AU100: =SUM(AR100:AT100) -> 0 | AY100: =SUM(AV100:AX100) -> 0 | BA100: =+G100+K100+O100+S100+W100+AA100+AE100+AZ100+AI100+AM100+AQ100+AU100+AY100 -> 0 | BB100: =+H100+L100+P100+T100+X100+AB100+AF100+BA100+AJ100+AN100+AR100+AV100+AZ100 -> 0 | BC100: =+BA100-BB100 -> 0 | BF100: =+BD100+BE100-BC100 -> 0 | BH100: =BF100+BG100 -> 0
B101: 1111095 | C101: ชิฟฟอน 8 ชิ้น ชาเขียวล้วน | G101: =SUM(D101:F101) -> 0 | K101: =SUM(H101:J101) -> 0 | O101: =SUM(L101:N101) -> 0 | S101: =SUM(P101:R101) -> 0 | W101: =SUM(T101:V101) -> 0 | AA101: =SUM(X101:Z101) -> 0 | AE101: =SUM(AB101:AD101) -> 0 | AI101: =SUM(AF101:AH101) -> 0 | AM101: =SUM(AJ101:AL101) -> 0 | AQ101: =SUM(AN101:AP101) -> 0 | AU101: =SUM(AR101:AT101) -> 0 | AY101: =SUM(AV101:AX101) -> 0 | BA101: =+G101+K101+O101+S101+W101+AA101+AE101+AZ101+AI101+AM101+AQ101+AU101+AY101 -> 0 | BB101: =+H101+L101+P101+T101+X101+AB101+AF101+BA101+AJ101+AN101+AR101+AV101+AZ101 -> 0 | BC101: =+BA101-BB101 -> 0 | BF101: =+BD101+BE101-BC101 -> 0 | BH101: =BF101+BG101 -> 0
... B117: 1005984 | C117: แซนด์วิชปูอัดสาหร่าย ไร้ขอบ | G117: =SUM(D117:F117) -> 0 | K117: =SUM(H117:J117) -> 0 | O117: =SUM(L117:N117) -> 0 | S117: =SUM(P117:R117) -> 0 | W117: =SUM(T117:V117) -> 0 | AA117: =SUM(X117:Z117) -> 0 | AE117: =SUM(AB117:AD117) -> 0 | AI117: =SUM(AF117:AH117) -> 0 | AM117: =SUM(AJ117:AL117) -> 0 | AQ117: =SUM(AN117:AP117) -> 0 | AU117: =SUM(AR117:AT117) -> 0 | AY117: =SUM(AV117:AX117) -> 0 | BA117: =+G117+K117+O117+S117+W117+AA117+AE117+AZ117+AI117+AM117+AQ117+AU117+AY117 -> 0 | BB117: =+H117+L117+P117+T117+X117+AB117+AF117+BA117+AJ117+AN117+AR117+AV117+AZ117 -> 0 | BC117: =+BA117-BB117 -> 0 | BF117: =+BD117+BE117-BC117 -> 0 | BH117: =BF117+BG117 -> 0
B118: 1005995 | C118: แซนด์วิชปูอัด ไร้ขอบ | G118: =SUM(D118:F118) -> 0 | K118: =SUM(H118:J118) -> 0 | O118: =SUM(L118:N118) -> 0 | S118: =SUM(P118:R118) -> 0 | W118: =SUM(T118:V118) -> 0 | BA118: =+G118+K118+O118+S118+W118+AA118+AE118+AZ118+AI118+AM118+AQ118+AU118+AY118 -> 0 | BB118: =+H118+L118+P118+T118+X118+AB118+AF118+BA118+AJ118+AN118+AR118+AV118+AZ118 -> 0 | BC118: =+BA118-BB118 -> 0 | BF118: =+BD118+BE118-BC118 -> 0 | BH118: =BF118+BG118 -> 0
B119: 1005996 | C119: แซนด์วิช หมูหยองชีส ไร้ขอบ | G119: =SUM(D119:F119) -> 0 | K119: =SUM(H119:J119) -> 0 | O119: =SUM(L119:N119) -> 0 | S119: =SUM(P119:R119) -> 0 | W119: =SUM(T119:V119) -> 0 | BA119: =+G119+K119+O119+S119+W119+AA119+AE119+AZ119+AI119+AM119+AQ119+AU119+AY119 -> 0 | BB119: =+H119+L119+P119+T119+X119+AB119+AF119+BA119+AJ119+AN119+AR119+AV119+AZ119 -> 0 | BC119: =+BA119-BB119 -> 0 | BF119: =+BD119+BE119-BC119 -> 0 | BH119: =BF119+BG119 -> 0
B120: 1005999 | C120: แซนด์วิชแฮมชีส_WWN ไร้ขอบ | G120: =SUM(D120:F120) -> 0 | K120: =SUM(H120:J120) -> 0 | O120: =SUM(L120:N120) -> 0 | S120: =SUM(P120:R120) -> 0 | W120: =SUM(T120:V120) -> 0 | BA120: =+G120+K120+O120+S120+W120+AA120+AE120+AZ120+AI120+AM120+AQ120+AU120+AY120 -> 0 | BB120: =+H120+L120+P120+T120+X120+AB120+AF120+BA120+AJ120+AN120+AR120+AV120+AZ120 -> 0 | BC120: =+BA120-BB120 -> 0 | BF120: =+BD120+BE120-BC120 -> 0 | BH120: =BF120+BG120 -> 0
B121: 1005998 | C121: แซนด์วิช โฮลวีทแฮมชีส ไร้ขอบ | G121: =SUM(D121:F121) -> 0 | K121: =SUM(H121:J121) -> 0 | O121: =SUM(L121:N121) -> 0 | S121: =SUM(P121:R121) -> 0 | W121: =SUM(T121:V121) -> 0 | BA121: =+G121+K121+O121+S121+W121+AA121+AE121+AZ121+AI121+AM121+AQ121+AU121+AY121 -> 0 | BB121: =+H121+L121+P121+T121+X121+AB121+AF121+BA121+AJ121+AN121+AR121+AV121+AZ121 -> 0 | BC121: =+BA121-BB121 -> 0 | BF121: =+BD121+BE121-BC121 -> 0 | BH121: =BF121+BG121 -> 0
B122: 1006000 | C122: แซนด์วิช โฮลวีททูน่า ไร้ขอบ | G122: =SUM(D122:F122) -> 0 | K122: =SUM(H122:J122) -> 0 | O122: =SUM(L122:N122) -> 0 | S122: =SUM(P122:R122) -> 0 | W122: =SUM(T122:V122) -> 0 | BA122: =+G122+K122+O122+S122+W122+AA122+AE122+AZ122+AI122+AM122+AQ122+AU122+AY122 -> 0 | BB122: =+H122+L122+P122+T122+X122+AB122+AF122+BA122+AJ122+AN122+AR122+AV122+AZ122 -> 0 | BC122: =+BA122-BB122 -> 0 | BF122: =+BD122+BE122-BC122 -> 0 | BH122: =BF122+BG122 -> 0
B123: 20049129 | C123: Wan WN_ แซนวิชทูน่าแฮม 115g | G123: =SUM(D123:F123) -> 0 | K123: =SUM(H123:J123) -> 0 | O123: =SUM(L123:N123) -> 0 | S123: =SUM(P123:R123) -> 0 | W123: =SUM(T123:V123) -> 0 | BA123: =+G123+K123+O123+S123+W123+AA123+AE123+AZ123+AI123+AM123+AQ123+AU123+AY123 -> 0 | BB123: =+H123+L123+P123+T123+X123+AB123+AF123+BA123+AJ123+AN123+AR123+AV123+AZ123 -> 0 | BC123: =+BA123-BB123 -> 0 | BF123: =+BD123+BE123-BC123 -> 0 | BH123: =BF123+BG123 -> 0
B124: 20049130 | C124: WanWN_ แซนวิชแฮมชีส 95g | G124: =SUM(D124:F124) -> 0 | K124: =SUM(H124:J124) -> 0 | O124: =SUM(L124:N124) -> 0 | S124: =SUM(P124:R124) -> 0 | W124: =SUM(T124:V124) -> 0 | BA124: =+G124+K124+O124+S124+W124+AA124+AE124+AZ124+AI124+AM124+AQ124+AU124+AY124 -> 0 | BB124: =+H124+L124+P124+T124+X124+AB124+AF124+BA124+AJ124+AN124+AR124+AV124+AZ124 -> 0 | BC124: =+BA124-BB124 -> 0 | BF124: =+BD124+BE124-BC124 -> 0 | BH124: =BF124+BG124 -> 0
B125: 1004081 | C125: ครีมฮอร์นไส้วิป ใบเตย | G125: =SUM(D125:F125) -> 0 | K125: =SUM(H125:J125) -> 0 | O125: =SUM(L125:N125) -> 0 | S125: =SUM(P125:R125) -> 0 | W125: =SUM(T125:V125) -> 0 | BA125: =+G125+K125+O125+S125+W125+AA125+AE125+AZ125+AI125+AM125+AQ125+AU125+AY125 -> 0 | BB125: =+H125+L125+P125+T125+X125+AB125+AF125+BA125+AJ125+AN125+AR125+AV125+AZ125 -> 0 | BC125: =+BA125-BB125 -> 0 | BF125: =+BD125+BE125-BC125 -> 0 | BH125: =BF125+BG125 -> 0
B126: 1004080 | C126: ครีมฮอร์นไส้วิป วนิลา | G126: =SUM(D126:F126) -> 0 | K126: =SUM(H126:J126) -> 0 | O126: =SUM(L126:N126) -> 0 | S126: =SUM(P126:R126) -> 0 | W126: =SUM(T126:V126) -> 0 | BA126: =+G126+K126+O126+S126+W126+AA126+AE126+AZ126+AI126+AM126+AQ126+AU126+AY126 -> 0 | BB126: =+H126+L126+P126+T126+X126+AB126+AF126+BA126+AJ126+AN126+AR126+AV126+AZ126 -> 0 | BC126: =+BA126-BB126 -> 0 | BF126: =+BD126+BE126-BC126 -> 0 | BH126: =BF126+BG126 -> 0
B127: 3001200 | C127: ครีมฮอร์นไส้วิป ช็อคโกแลต | G127: =SUM(D127:F127) -> 0 | K127: =SUM(H127:J127) -> 0 | O127: =SUM(L127:N127) -> 0 | S127: =SUM(P127:R127) -> 0 | W127: =SUM(T127:V127) -> 0 | BA127: =+G127+K127+O127+S127+W127+AA127+AE127+AZ127+AI127+AM127+AQ127+AU127+AY127 -> 0 | BB127: =+H127+L127+P127+T127+X127+AB127+AF127+BA127+AJ127+AN127+AR127+AV127+AZ127 -> 0 | BC127: =+BA127-BB127 -> 0 | BF127: =+BD127+BE127-BC127 -> 0 | BH127: =BF127+BG127 -> 0
B128: 1004048 | C128: ขนมปังหิมะฮอกไกโด | G128: =SUM(D128:F128) -> 0 | K128: =SUM(H128:J128) -> 0 | O128: =SUM(L128:N128) -> 0 | S128: =SUM(P128:R128) -> 0 | W128: =SUM(T128:V128) -> 0 | BA128: =+G128+K128+O128+S128+W128+AA128+AE128+AZ128+AI128+AM128+AQ128+AU128+AY128 -> 0 | BB128: =+H128+L128+P128+T128+X128+AB128+AF128+BA128+AJ128+AN128+AR128+AV128+AZ128 -> 0 | BC128: =+BA128-BB128 -> 0 | BF128: =+BD128+BE128-BC128 -> 0 | BH128: =BF128+BG128 -> 0
B129: 1004047 | C129: ขนมปังลาวาไข่เค็ม | G129: =SUM(D129:F129) -> 0 | K129: =SUM(H129:J129) -> 0 | O129: =SUM(L129:N129) -> 0 | S129: =SUM(P129:R129) -> 0 | W129: =SUM(T129:V129) -> 0 | BA129: =+G129+K129+O129+S129+W129+AA129+AE129+AZ129+AI129+AM129+AQ129+AU129+AY129 -> 0 | BB129: =+H129+L129+P129+T129+X129+AB129+AF129+BA129+AJ129+AN129+AR129+AV129+AZ129 -> 0 | BC129: =+BA129-BB129 -> 0 | BF129: =+BD129+BE129-BC129 -> 0 | BH129: =BF129+BG129 -> 0
... B141: 1112400 | C141: ขนมปังอบกรอบ รสคาราเมล | G141: =SUM(D141:F141) -> 0 | K141: =SUM(H141:J141) -> 0 | O141: =SUM(L141:N141) -> 0 | S141: =SUM(P141:R141) -> 0 | W141: =SUM(T141:V141) -> 0 | BA141: =+G141+K141+O141+S141+W141+AA141+AE141+AZ141+AI141+AM141+AQ141+AU141+AY141 -> 0 | BB141: =+H141+L141+P141+T141+X141+AB141+AF141+BA141+AJ141+AN141+AR141+AV141+AZ141 -> 0 | BC141: =+BA141-BB141 -> 0 | BF141: =+BD141+BE141-BC141 -> 0 | BH141: =BF141+BG141 -> 0
C142: ชิฟฟ่อนไม่มีไส้ 3 ชิ้น | G142: =SUM(D142:F142) -> 0 | K142: =SUM(H142:J142) -> 0 | O142: =SUM(L142:N142) -> 0 | S142: =SUM(P142:R142) -> 0 | W142: =SUM(T142:V142) -> 0 | BA142: =+G142+K142+O142+S142+W142+AA142+AE142+AZ142+AI142+AM142+AQ142+AU142+AY142 -> 0 | BB142: =+H142+L142+P142+T142+X142+AB142+AF142+BA142+AJ142+AN142+AR142+AV142+AZ142 -> 0 | BC142: =+BA142-BB142 -> 0 | BF142: =+BD142+BE142-BC142 -> 0 | BH142: =BF142+BG142 -> 0
B143: 1113081 | C143: ชิฟฟอนไส้แยม วนิลา/ใบเตย/เมล่อน | G143: =SUM(D143:F143) -> 0 | K143: =SUM(H143:J143) -> 0 | O143: =SUM(L143:N143) -> 0 | S143: =SUM(P143:R143) -> 0 | W143: =SUM(T143:V143) -> 0 | BA143: =+G143+K143+O143+S143+W143+AA143+AE143+AZ143+AI143+AM143+AQ143+AU143+AY143 -> 0 | BB143: =+H143+L143+P143+T143+X143+AB143+AF143+BA143+AJ143+AN143+AR143+AV143+AZ143 -> 0 | BC143: =+BA143-BB143 -> 0 | BF143: =+BD143+BE143-BC143 -> 0 | BH143: =BF143+BG143 -> 0
C144: ถุงกระดาษ | G144: =SUM(D144:F144) -> 0 | K144: =SUM(H144:J144) -> 0 | O144: =SUM(L144:N144) -> 0 | S144: =SUM(P144:R144) -> 0 | W144: =SUM(T144:V144) -> 0 | BA144: =+G144+K144+O144+S144+W144+AA144+AE144+AZ144+AI144+AM144+AQ144+AU144+AY144 -> 0 | BB144: =+H144+L144+P144+T144+X144+AB144+AF144+BA144+AJ144+AN144+AR144+AV144+AZ144 -> 0 | BC144: =+BA144-BB144 -> 0 | BF144: =+BD144+BE144-BC144 -> 0 | BH144: =BF144+BG144 -> 0
B145: 1004061 | C145: ชิฟฟอนเค้ก สอดไส้ครีมมะพร้าว (2 ชิ้น) | G145: =SUM(D145:F145) -> 0 | K145: =SUM(H145:J145) -> 0 | O145: =SUM(L145:N145) -> 0 | S145: =SUM(P145:R145) -> 0 | W145: =SUM(T145:V145) -> 0 | BA145: =+G145+K145+O145+S145+W145+AA145+AE145+AZ145+AI145+AM145+AQ145+AU145+AY145 -> 0 | BB145: =+H145+L145+P145+T145+X145+AB145+AF145+BA145+AJ145+AN145+AR145+AV145+AZ145 -> 0 | BC145: =+BA145-BB145 -> 0 | BF145: =+BD145+BE145-BC145 -> 0 | BH145: =BF145+BG145 -> 0
B146: 1007020 | C146: เอแคลร์ชาไทย | G146: =SUM(D146:F146) -> 0 | K146: =SUM(H146:J146) -> 0 | O146: =SUM(L146:N146) -> 0 | S146: =SUM(P146:R146) -> 0 | BA146: =+G146+K146+O146+S146+W146+AA146+AE146+AZ146+AI146+AM146+AQ146+AU146+AY146 -> 0 | BB146: =+H146+L146+P146+T146+X146+AB146+AF146+BA146+AJ146+AN146+AR146+AV146+AZ146 -> 0 | BC146: =+BA146-BB146 -> 0 | BF146: =+BD146+BE146-BC146 -> 0 | BH146: =BF146+BG146 -> 0
B147: 1111006 | C147: ชิฟฟ่อนสอดไส้มะพร้าว 8 ชิ้น | G147: =SUM(D147:F147) -> 0 | K147: =SUM(H147:J147) -> 0 | O147: =SUM(L147:N147) -> 0 | S147: =SUM(P147:R147) -> 0 | BA147: =+G147+K147+O147+S147+W147+AA147+AE147+AZ147+AI147+AM147+AQ147+AU147+AY147 -> 0 | BB147: =+H147+L147+P147+T147+X147+AB147+AF147+BA147+AJ147+AN147+AR147+AV147+AZ147 -> 0 | BC147: =+BA147-BB147 -> 0 | BF147: =+BD147+BE147-BC147 -> 0 | BH147: =BF147+BG147 -> 0
B148: 1111004 | C148: ชิฟฟ่อนเค้ก สอดไส้ครีมมะพร้าว (4 ชิ้น) | G148: =SUM(D148:F148) -> 0 | K148: =SUM(H148:J148) -> 0 | O148: =SUM(L148:N148) -> 0 | S148: =SUM(P148:R148) -> 0 | BA148: =+G148+K148+O148+S148+W148+AA148+AE148+AZ148+AI148+AM148+AQ148+AU148+AY148 -> 0 | BB148: =+H148+L148+P148+T148+X148+AB148+AF148+BA148+AJ148+AN148+AR148+AV148+AZ148 -> 0 | BC148: =+BA148-BB148 -> 0 | BF148: =+BD148+BE148-BC148 -> 0 | BH148: =BF148+BG148 -> 0
B149: 1111005 | C149: ชิฟฟ่อนเค้ก สอดไส้ครีมมะพร้าว (5 ชิ้น) | G149: =SUM(D149:F149) -> 0 | K149: =SUM(H149:J149) -> 0 | O149: =SUM(L149:N149) -> 0 | S149: =SUM(P149:R149) -> 0 | BA149: =+G149+K149+O149+S149+W149+AA149+AE149+AZ149+AI149+AM149+AQ149+AU149+AY149 -> 0 | BB149: =+H149+L149+P149+T149+X149+AB149+AF149+BA149+AJ149+AN149+AR149+AV149+AZ149 -> 0 | BC149: =+BA149-BB149 -> 0 | BF149: =+BD149+BE149-BC149 -> 0 | BH149: =BF149+BG149 -> 0
B150: 1111123 | C150: ชิฟฟ่อนเค้กไก่หยอง | G150: =SUM(D150:F150) -> 0 | K150: =SUM(H150:J150) -> 0 | O150: =SUM(L150:N150) -> 0 | S150: =SUM(P150:R150) -> 0 | BA150: =+G150+K150+O150+S150+W150+AA150+AE150+AZ150+AI150+AM150+AQ150+AU150+AY150 -> 0 | BB150: =+H150+L150+P150+T150+X150+AB150+AF150+BA150+AJ150+AN150+AR150+AV150+AZ150 -> 0 | BC150: =+BA150-BB150 -> 0 | BF150: =+BD150+BE150-BC150 -> 0 | BH150: =BF150+BG150 -> 0
B151: 1111122 | C151: นมปรุงแต่งชนิดเม็ด รสหวาน | G151: =SUM(D151:F151) -> 0 | K151: =SUM(H151:J151) -> 0 | O151: =SUM(L151:N151) -> 0 | S151: =SUM(P151:R151) -> 0 | BA151: =+G151+K151+O151+S151+W151+AA151+AE151+AZ151+AI151+AM151+AQ151+AU151+AY151 -> 0 | BB151: =+H151+L151+P151+T151+X151+AB151+AF151+BA151+AJ151+AN151+AR151+AV151+AZ151 -> 0 | BC151: =+BA151-BB151 -> 0 | BF151: =+BD151+BE151-BC151 -> 0 | BH151: =BF151+BG151 -> 0
B152: 1006982 | C152: ชูครีม ไส้ครีม | G152: =SUM(D152:F152) -> 0 | K152: =SUM(H152:J152) -> 0 | O152: =SUM(L152:N152) -> 0 | S152: =SUM(P152:R152) -> 0 | BA152: =+G152+K152+O152+S152+W152+AA152+AE152+AZ152+AI152+AM152+AQ152+AU152+AY152 -> 0 | BB152: =+H152+L152+P152+T152+X152+AB152+AF152+BA152+AJ152+AN152+AR152+AV152+AZ152 -> 0 | BC152: =+BA152-BB152 -> 0 | BF152: =+BD152+BE152-BC152 -> 0 | BH152: =BF152+BG152 -> 0
C153: กล่องเปล่า | G153: =SUM(D153:F153) -> 0 | K153: =SUM(H153:J153) -> 0 | O153: =SUM(L153:N153) -> 0 | S153: =SUM(P153:R153) -> 0 | BA153: =+G153+K153+O153+S153+W153+AA153+AE153+AZ153+AI153+AM153+AQ153+AU153+AY153 -> 0 | BB153: =+H153+L153+P153+T153+X153+AB153+AF153+BA153+AJ153+AN153+AR153+AV153+AZ153 -> 0 | BC153: =+BA153-BB153 -> 0 | BF153: =+BD153+BE153-BC153 -> 0 | BH153: =BF153+BG153 -> 0
B154: 1006987 | C154: มินิบันไก่หยองน้ำสลัดไส้ทะลัก | G154: =SUM(D154:F154) -> 0 | K154: =SUM(H154:J154) -> 0 | O154: =SUM(L154:N154) -> 0 | S154: =SUM(P154:R154) -> 0 | BA154: =+G154+K154+O154+S154+W154+AA154+AE154+AZ154+AI154+AM154+AQ154+AU154+AY154 -> 0 | BB154: =+H154+L154+P154+T154+X154+AB154+AF154+BA154+AJ154+AN154+AR154+AV154+AZ154 -> 0 | BC154: =+BA154-BB154 -> 0 | BF154: =+BD154+BE154-BC154 -> 0 | BH154: =BF154+BG154 -> 0
B155: 1006988 | C155: มินิบันไก่หยองพริกเผาไส้ทะลัก | G155: =SUM(D155:F155) -> 0 | K155: =SUM(H155:J155) -> 0 | O155: =SUM(L155:N155) -> 0 | S155: =SUM(P155:R155) -> 0 | BA155: =+G155+K155+O155+S155+W155+AA155+AE155+AZ155+AI155+AM155+AQ155+AU155+AY155 -> 0 | BB155: =+H155+L155+P155+T155+X155+AB155+AF155+BA155+AJ155+AN155+AR155+AV155+AZ155 -> 0 | BC155: =+BA155-BB155 -> 0 | BF155: =+BD155+BE155-BC155 -> 0 | BH155: =BF155+BG155 -> 0
B156: 20058107 | C156: ขนมปังแฮมเห็ดมายองเนส | G156: =SUM(D156:F156) -> 0 | K156: =SUM(H156:J156) -> 0 | O156: =SUM(L156:N156) -> 0 | S156: =SUM(P156:R156) -> 0 | BA156: =+G156+K156+O156+S156+W156+AA156+AE156+AZ156+AI156+AM156+AQ156+AU156+AY156 -> 0 | BB156: =+H156+L156+P156+T156+X156+AB156+AF156+BA156+AJ156+AN156+AR156+AV156+AZ156 -> 0 | BC156: =+BA156-BB156 -> 0 | BF156: =+BD156+BE156-BC156 -> 0 | BH156: =BF156+BG156 -> 0
G157: =SUM(D157:F157) -> 0 | K157: =SUM(H157:J157) -> 0 | O157: =SUM(L157:N157) -> 0 | S157: =SUM(P157:R157) -> 0 | BA157: =+G157+K157+O157+S157+W157+AA157+AE157+AZ157+AI157+AM157+AQ157+AU157+AY157 -> 0 | BB157: =+H157+L157+P157+T157+X157+AB157+AF157+BA157+AJ157+AN157+AR157+AV157+AZ157 -> 0 | BC157: =+BA157-BB157 -> 0 | BF157: =+BD157+BE157-BC157 -> 0 | BH157: =BF157+BG157 -> 0
G158: =SUM(D158:F158) -> 0 | K158: =SUM(H158:J158) -> 0 | O158: =SUM(L158:N158) -> 0 | S158: =SUM(P158:R158) -> 0 | BA158: =+G158+K158+O158+S158+W158+AA158+AE158+AZ158+AI158+AM158+AQ158+AU158+AY158 -> 0 | BB158: =+H158+L158+P158+T158+X158+AB158+AF158+BA158+AJ158+AN158+AR158+AV158+AZ158 -> 0 | BC158: =+BA158-BB158 -> 0 | BF158: =+BD158+BE158-BC158 -> 0 | BH158: =BF158+BG158 -> 0
G159: =SUM(D159:F159) -> 0 | K159: =SUM(H159:J159) -> 0 | O159: =SUM(L159:N159) -> 0 | S159: =SUM(P159:R159) -> 0 | BA159: =+G159+K159+O159+S159+W159+AA159+AE159+AZ159+AI159+AM159+AQ159+AU159+AY159 -> 0 | BB159: =+H159+L159+P159+T159+X159+AB159+AF159+BA159+AJ159+AN159+AR159+AV159+AZ159 -> 0 | BC159: =+BA159-BB159 -> 0 | BF159: =+BD159+BE159-BC159 -> 0 | BH159: =BF159+BG159 -> 0
G160: =SUM(D160:F160) -> 0 | K160: =SUM(H160:J160) -> 0 | O160: =SUM(L160:N160) -> 0 | S160: =SUM(P160:R160) -> 0 | BA160: =+G160+K160+O160+S160+W160+AA160+AE160+AZ160+AI160+AM160+AQ160+AU160+AY160 -> 0 | BB160: =+H160+L160+P160+T160+X160+AB160+AF160+BA160+AJ160+AN160+AR160+AV160+AZ160 -> 0 | BC160: =+BA160-BB160 -> 0 | BF160: =+BD160+BE160-BC160 -> 0 | BH160: =BF160+BG160 -> 0
G161: =SUM(D161:F161) -> 0 | K161: =SUM(H161:J161) -> 0 | O161: =SUM(L161:N161) -> 0 | S161: =SUM(P161:R161) -> 0 | BA161: =+G161+K161+O161+S161+W161+AA161+AE161+AZ161+AI161+AM161+AQ161+AU161+AY161 -> 0 | BB161: =+H161+L161+P161+T161+X161+AB161+AF161+BA161+AJ161+AN161+AR161+AV161+AZ161 -> 0 | BC161: =+BA161-BB161 -> 0 | BF161: =+BD161+BE161-BC161 -> 0 | BH161: =BF161+BG161 -> 0
G162: =SUM(D162:F162) -> 0 | K162: =SUM(H162:J162) -> 0 | O162: =SUM(L162:N162) -> 0 | S162: =SUM(P162:R162) -> 0 | BA162: =+G162+K162+O162+S162+W162+AA162+AE162+AZ162+AI162+AM162+AQ162+AU162+AY162 -> 0 | BB162: =+H162+L162+P162+T162+X162+AB162+AF162+BA162+AJ162+AN162+AR162+AV162+AZ162 -> 0 | BC162: =+BA162-BB162 -> 0 | BF162: =+BD162+BE162-BC162 -> 0 | BH162: =BF162+BG162 -> 0
G163: =SUM(D163:F163) -> 0 | K163: =SUM(H163:J163) -> 0 | O163: =SUM(L163:N163) -> 0 | S163: =SUM(P163:R163) -> 0 | BA163: =+G163+K163+O163+S163+W163+AA163+AE163+AZ163+AI163+AM163+AQ163+AU163+AY163 -> 0 | BB163: =+H163+L163+P163+T163+X163+AB163+AF163+BA163+AJ163+AN163+AR163+AV163+AZ163 -> 0 | BC163: =+BA163-BB163 -> 0 | BF163: =+BD163+BE163-BC163 -> 0 | BH163: =BF163+BG163 -> 0
G164: =SUM(D164:F164) -> 0 | K164: =SUM(H164:J164) -> 0 | O164: =SUM(L164:N164) -> 0 | S164: =SUM(P164:R164) -> 0 | BA164: =+G164+K164+O164+S164+W164+AA164+AE164+AZ164+AI164+AM164+AQ164+AU164+AY164 -> 0 | BB164: =+H164+L164+P164+T164+X164+AB164+AF164+BA164+AJ164+AN164+AR164+AV164+AZ164 -> 0 | BC164: =+BA164-BB164 -> 0 | BF164: =+BD164+BE164-BC164 -> 0 | BH164: =BF164+BG164 -> 0
G165: =SUM(D165:F165) -> 0 | K165: =SUM(H165:J165) -> 0 | O165: =SUM(L165:N165) -> 0 | S165: =SUM(P165:R165) -> 0 | BA165: =+G165+K165+O165+S165+W165+AA165+AE165+AZ165+AI165+AM165+AQ165+AU165+AY165 -> 0 | BB165: =+H165+L165+P165+T165+X165+AB165+AF165+BA165+AJ165+AN165+AR165+AV165+AZ165 -> 0 | BC165: =+BA165-BB165 -> 0 | BF165: =+BD165+BE165-BC165 -> 0 | BH165: =BF165+BG165 -> 0
G166: =SUM(D166:F166) -> 0 | K166: =SUM(H166:J166) -> 0 | O166: =SUM(L166:N166) -> 0 | S166: =SUM(P166:R166) -> 0 | BA166: =+G166+K166+O166+S166+W166+AA166+AE166+AZ166+AI166+AM166+AQ166+AU166+AY166 -> 0 | BB166: =+H166+L166+P166+T166+X166+AB166+AF166+BA166+AJ166+AN166+AR166+AV166+AZ166 -> 0 | BC166: =+BA166-BB166 -> 0 | BF166: =+BD166+BE166-BC166 -> 0 | BH166: =BF166+BG166 -> 0
G167: =SUM(D167:F167) -> 0 | K167: =SUM(H167:J167) -> 0 | O167: =SUM(L167:N167) -> 0 | S167: =SUM(P167:R167) -> 0 | BA167: =+G167+K167+O167+S167+W167+AA167+AE167+AZ167+AI167+AM167+AQ167+AU167+AY167 -> 0 | BB167: =+H167+L167+P167+T167+X167+AB167+AF167+BA167+AJ167+AN167+AR167+AV167+AZ167 -> 0 | BC167: =+BA167-BB167 -> 0 | BF167: =+BD167+BE167-BC167 -> 0 | BH167: =BF167+BG167 -> 0
B168: ยอดรวม | D168: =SUM(D4:D167) -> 0 | E168: =SUM(E4:E167) -> 0 | F168: =SUM(F4:F167) -> 0 | G168: =SUM(G4:G167) -> 0 | H168: =SUM(H4:H167) -> 0 | I168: =SUM(I4:I167) -> 0 | J168: =SUM(J4:J167) -> 0 | K168: =SUM(K4:K167) -> 0 | ... BH168: =SUM(BH4:BH167) -> 0

Sheet 03.7.68
B1: ยอดจริง ออนไลน์ วันที่ 3/7/2569
B2: รหัสสินค้า | C2: สินค้า | D2: ปณ | H2: ชอปปี้ | L2: ลาซาด้า | P2: ติ๊กตอก | T2: ติ๊กตอก2 | X2: ติ๊กตอก3 | AB2: ติ๊กตอก4 | AF2: ติ๊กตอก5 | AJ2: ติ๊กตอก6 | AN2: ติ๊กตอก7 | AR2: ติ๊กตอก8 | AV2: ติ๊กตอก9 | AZ2: ยอดเส้น | BA2: ยอดรวมผลิต(กล่อง) | BB2: ยอดยกเลิก | BC2: สรุปใช้จริง | BD2: ยอดForcast | BE2: ยอดStock | BF2: ยอดMemo | BG2: ยอดForcastวันพรุ่งนี้ | BH2: สินค้าที่ขายได้
D3: เช้า | E3: บ่าย | F3: เย็น | G3: รวม | H3: เช้า | I3: บ่าย | J3: เย็น | K3: รวม | L3: เช้า | M3: บ่าย | N3: เย็น | O3: รวม | P3: เช้า | Q3: บ่าย | R3: เย็น | S3: รวม | T3: เช้า | U3: บ่าย | V3: เย็น | W3: รวม | X3: เช้า | Y3: บ่าย | Z3: เย็น | AA3: รวม | AB3: เช้า | AC3: บ่าย | AD3: เย็น | AE3: รวม | AF3: เช้า | AG3: บ่าย | AH3: เย็น | AI3: รวม | AJ3: เช้า | AK3: บ่าย | AL3: เย็น | AM3: รวม | AN3: เช้า | AO3: บ่าย | AP3: เย็น | AQ3: รวม | AR3: เช้า | AS3: บ่าย | AT3: เย็น | AU3: รวม | AV3: เช้า | AW3: บ่าย | AX3: เย็น | AY3: รวม
B4: 1004055 | C4: ชิฟฟ่อนเค้ก วรรณวนัช (รวมรส 4 ชิ้น) | G4: =SUM(D4:F4) -> 0 | K4: =SUM(H4:J4) -> 0 | O4: =SUM(L4:N4) -> 0 | S4: =SUM(P4:R4) -> 0 | W4: =SUM(T4:V4) -> 0 | AA4: =SUM(X4:Z4) -> 0 | AE4: =SUM(AB4:AD4) -> 0 | AI4: =SUM(AF4:AH4) -> 0 | AM4: =SUM(AJ4:AL4) -> 0 | AQ4: =SUM(AN4:AP4) -> 0 | AU4: =SUM(AR4:AT4) -> 0 | AY4: =SUM(AV4:AX4) -> 0 | BA4: =+G4+K4+O4+S4+W4+AA4+AE4+AZ4+AI4+AM4+AQ4+AU4+AY4 -> 0 | BC4: =+BA4-BB4 -> 0 | BF4: =+BD4+BE4-BC4 -> 0 | BH4: =BF4+BG4 -> 0
B5: 1111002 | C5: ชิฟฟ่อนเค้ก วรรณวนัช (รวมรส 8 ชิ้น) | G5: =SUM(D5:F5) -> 0 | K5: =SUM(H5:J5) -> 0 | O5: =SUM(L5:N5) -> 0 | S5: =SUM(P5:R5) -> 0 | W5: =SUM(T5:V5) -> 0 | AA5: =SUM(X5:Z5) -> 0 | AE5: =SUM(AB5:AD5) -> 0 | AI5: =SUM(AF5:AH5) -> 0 | AM5: =SUM(AJ5:AL5) -> 0 | AQ5: =SUM(AN5:AP5) -> 0 | AU5: =SUM(AR5:AT5) -> 0 | AY5: =SUM(AV5:AX5) -> 0 | BA5: =+G5+K5+O5+S5+W5+AA5+AE5+AZ5+AI5+AM5+AQ5+AU5+AY5 -> 0 | BC5: =+BA5-BB5 -> 0 | BF5: =+BD5+BE5-BC5 -> 0 | BH5: =BF5+BG5 -> 0
B6: 1111001 | C6: ชิฟฟ่อนแยกชิ้นไม่มีไส้ คละรส | G6: =SUM(D6:F6) -> 0 | K6: =SUM(H6:J6) -> 0 | O6: =SUM(L6:N6) -> 0 | S6: =SUM(P6:R6) -> 0 | W6: =SUM(T6:V6) -> 0 | AA6: =SUM(X6:Z6) -> 0 | AE6: =SUM(AB6:AD6) -> 0 | AI6: =SUM(AF6:AH6) -> 0 | AM6: =SUM(AJ6:AL6) -> 0 | AQ6: =SUM(AN6:AP6) -> 0 | AU6: =SUM(AR6:AT6) -> 0 | AY6: =SUM(AV6:AX6) -> 0 | BA6: =+G6+K6+O6+S6+W6+AA6+AE6+AZ6+AI6+AM6+AQ6+AU6+AY6 -> 0 | BC6: =+BA6-BB6 -> 0 | BF6: =+BD6+BE6-BC6 -> 0 | BH6: =BF6+BG6 -> 0
B7: 1111043 | C7: ชิฟฟอนรสมะลิ 8 ชิ้น ห่อ ซีน | G7: =SUM(D7:F7) -> 0 | K7: =SUM(H7:J7) -> 0 | O7: =SUM(L7:N7) -> 0 | S7: =SUM(P7:R7) -> 0 | W7: =SUM(T7:V7) -> 0 | AA7: =SUM(X7:Z7) -> 0 | AE7: =SUM(AB7:AD7) -> 0 | AI7: =SUM(AF7:AH7) -> 0 | AM7: =SUM(AJ7:AL7) -> 0 | AQ7: =SUM(AN7:AP7) -> 0 | AU7: =SUM(AR7:AT7) -> 0 | AY7: =SUM(AV7:AX7) -> 0 | BA7: =+G7+K7+O7+S7+W7+AA7+AE7+AZ7+AI7+AM7+AQ7+AU7+AY7 -> 0 | BC7: =+BA7-BB7 -> 0 | BF7: =+BD7+BE7-BC7 -> 0 | BH7: =BF7+BG7 -> 0
B8: 1111057 | C8: ชิฟฟอนแยกชิ้น กาแฟ | G8: =SUM(D8:F8) -> 0 | K8: =SUM(H8:J8) -> 0 | O8: =SUM(L8:N8) -> 0 | S8: =SUM(P8:R8) -> 0 | W8: =SUM(T8:V8) -> 0 | AA8: =SUM(X8:Z8) -> 0 | AE8: =SUM(AB8:AD8) -> 0 | AI8: =SUM(AF8:AH8) -> 0 | AM8: =SUM(AJ8:AL8) -> 0 | AQ8: =SUM(AN8:AP8) -> 0 | AU8: =SUM(AR8:AT8) -> 0 | AY8: =SUM(AV8:AX8) -> 0 | BA8: =+G8+K8+O8+S8+W8+AA8+AE8+AZ8+AI8+AM8+AQ8+AU8+AY8 -> 0 | BC8: =+BA8-BB8 -> 0 | BF8: =+BD8+BE8-BC8 -> 0 | BH8: =BF8+BG8 -> 0
B9: 1111058 | C9: ชิฟฟอนแยกชิ้น ชาเขียว | G9: =SUM(D9:F9) -> 0 | K9: =SUM(H9:J9) -> 0 | O9: =SUM(L9:N9) -> 0 | S9: =SUM(P9:R9) -> 0 | W9: =SUM(T9:V9) -> 0 | AA9: =SUM(X9:Z9) -> 0 | AE9: =SUM(AB9:AD9) -> 0 | AI9: =SUM(AF9:AH9) -> 0 | AM9: =SUM(AJ9:AL9) -> 0 | AQ9: =SUM(AN9:AP9) -> 0 | AU9: =SUM(AR9:AT9) -> 0 | AY9: =SUM(AV9:AX9) -> 0 | BA9: =+G9+K9+O9+S9+W9+AA9+AE9+AZ9+AI9+AM9+AQ9+AU9+AY9 -> 0 | BC9: =+BA9-BB9 -> 0 | BF9: =+BD9+BE9-BC9 -> 0 | BH9: =BF9+BG9 -> 0
B10: 1111059 | C10: ชิฟฟอนแยกชิ้น ใบเตย | G10: =SUM(D10:F10) -> 0 | K10: =SUM(H10:J10) -> 0 | O10: =SUM(L10:N10) -> 0 | S10: =SUM(P10:R10) -> 0 | W10: =SUM(T10:V10) -> 0 | AA10: =SUM(X10:Z10) -> 0 | AE10: =SUM(AB10:AD10) -> 0 | AI10: =SUM(AF10:AH10) -> 0 | AM10: =SUM(AJ10:AL10) -> 0 | AQ10: =SUM(AN10:AP10) -> 0 | AU10: =SUM(AR10:AT10) -> 0 | AY10: =SUM(AV10:AX10) -> 0 | BA10: =+G10+K10+O10+S10+W10+AA10+AE10+AZ10+AI10+AM10+AQ10+AU10+AY10 -> 0 | BC10: =+BA10-BB10 -> 0 | BF10: =+BD10+BE10-BC10 -> 0 | BH10: =BF10+BG10 -> 0
B11: 1111060 | C11: ชิฟฟอนแยกชิ้น กล้วยหอม | G11: =SUM(D11:F11) -> 0 | K11: =SUM(H11:J11) -> 0 | O11: =SUM(L11:N11) -> 0 | S11: =SUM(P11:R11) -> 0 | W11: =SUM(T11:V11) -> 0 | AA11: =SUM(X11:Z11) -> 0 | AE11: =SUM(AB11:AD11) -> 0 | AI11: =SUM(AF11:AH11) -> 0 | AM11: =SUM(AJ11:AL11) -> 0 | AQ11: =SUM(AN11:AP11) -> 0 | AU11: =SUM(AR11:AT11) -> 0 | AY11: =SUM(AV11:AX11) -> 0 | BA11: =+G11+K11+O11+S11+W11+AA11+AE11+AZ11+AI11+AM11+AQ11+AU11+AY11 -> 0 | BC11: =+BA11-BB11 -> 0 | BF11: =+BD11+BE11-BC11 -> 0 | BH11: =BF11+BG11 -> 0
B12: 1111061 | C12: ชิฟฟอนแยกชิ้น ชาไทย | G12: =SUM(D12:F12) -> 0 | K12: =SUM(H12:J12) -> 0 | O12: =SUM(L12:N12) -> 0 | S12: =SUM(P12:R12) -> 0 | W12: =SUM(T12:V12) -> 0 | AA12: =SUM(X12:Z12) -> 0 | AE12: =SUM(AB12:AD12) -> 0 | AI12: =SUM(AF12:AH12) -> 0 | AM12: =SUM(AJ12:AL12) -> 0 | AQ12: =SUM(AN12:AP12) -> 0 | AU12: =SUM(AR12:AT12) -> 0 | AY12: =SUM(AV12:AX12) -> 0 | BA12: =+G12+K12+O12+S12+W12+AA12+AE12+AZ12+AI12+AM12+AQ12+AU12+AY12 -> 0 | BC12: =+BA12-BB12 -> 0 | BF12: =+BD12+BE12-BC12 -> 0 | BH12: =BF12+BG12 -> 0
B13: 1111062 | C13: ชิฟฟอนแยกชิ้น โกโก้ | G13: =SUM(D13:F13) -> 0 | K13: =SUM(H13:J13) -> 0 | O13: =SUM(L13:N13) -> 0 | S13: =SUM(P13:R13) -> 0 | W13: =SUM(T13:V13) -> 0 | AA13: =SUM(X13:Z13) -> 0 | AE13: =SUM(AB13:AD13) -> 0 | AI13: =SUM(AF13:AH13) -> 0 | AM13: =SUM(AJ13:AL13) -> 0 | AQ13: =SUM(AN13:AP13) -> 0 | AU13: =SUM(AR13:AT13) -> 0 | AY13: =SUM(AV13:AX13) -> 0 | BA13: =+G13+K13+O13+S13+W13+AA13+AE13+AZ13+AI13+AM13+AQ13+AU13+AY13 -> 0 | BC13: =+BA13-BB13 -> 0 | BF13: =+BD13+BE13-BC13 -> 0 | BH13: =BF13+BG13 -> 0
B14: 1111063 | C14: ชิฟฟอนแยกชิ้น ส้ม | G14: =SUM(D14:F14) -> 0 | K14: =SUM(H14:J14) -> 0 | O14: =SUM(L14:N14) -> 0 | S14: =SUM(P14:R14) -> 0 | W14: =SUM(T14:V14) -> 0 | AA14: =SUM(X14:Z14) -> 0 | AE14: =SUM(AB14:AD14) -> 0 | AI14: =SUM(AF14:AH14) -> 0 | AM14: =SUM(AJ14:AL14) -> 0 | AQ14: =SUM(AN14:AP14) -> 0 | AU14: =SUM(AR14:AT14) -> 0 | AY14: =SUM(AV14:AX14) -> 0 | BA14: =+G14+K14+O14+S14+W14+AA14+AE14+AZ14+AI14+AM14+AQ14+AU14+AY14 -> 0 | BC14: =+BA14-BB14 -> 0 | BF14: =+BD14+BE14-BC14 -> 0 | BH14: =BF14+BG14 -> 0
B15: 1111064 | C15: ชิฟฟอนแยกชิ้น เผือก | G15: =SUM(D15:F15) -> 0 | K15: =SUM(H15:J15) -> 0 | O15: =SUM(L15:N15) -> 0 | S15: =SUM(P15:R15) -> 0 | W15: =SUM(T15:V15) -> 0 | AA15: =SUM(X15:Z15) -> 0 | AE15: =SUM(AB15:AD15) -> 0 | AI15: =SUM(AF15:AH15) -> 0 | AM15: =SUM(AJ15:AL15) -> 0 | AQ15: =SUM(AN15:AP15) -> 0 | AU15: =SUM(AR15:AT15) -> 0 | AY15: =SUM(AV15:AX15) -> 0 | BA15: =+G15+K15+O15+S15+W15+AA15+AE15+AZ15+AI15+AM15+AQ15+AU15+AY15 -> 0 | BC15: =+BA15-BB15 -> 0 | BF15: =+BD15+BE15-BC15 -> 0 | BH15: =BF15+BG15 -> 0
... B85: 200 | C85: เศษขนมปังปลา 1 กก. | G85: =SUM(D85:F85) -> 0 | K85: =SUM(H85:J85) -> 0 | O85: =SUM(L85:N85) -> 0 | S85: =SUM(P85:R85) -> 0 | W85: =SUM(T85:V85) -> 0 | AA85: =SUM(X85:Z85) -> 0 | AE85: =SUM(AB85:AD85) -> 0 | AI85: =SUM(AF85:AH85) -> 0 | AM85: =SUM(AJ85:AL85) -> 0 | AQ85: =SUM(AN85:AP85) -> 0 | AU85: =SUM(AR85:AT85) -> 0 | AY85: =SUM(AV85:AX85) -> 0 | BA85: =+G85+K85+O85+S85+W85+AA85+AE85+AZ85+AI85+AM85+AQ85+AU85+AY85 -> 0 | BC85: =+BA85-BB85 -> 0 | BF85: =+BD85+BE85-BC85 -> 0 | BH85: =BF85+BG85 -> 0
C86: ชิฟฟอน 4 ชิ้น มะพร้าวล้วน | G86: =SUM(D86:F86) -> 0 | K86: =SUM(H86:J86) -> 0 | O86: =SUM(L86:N86) -> 0 | S86: =SUM(P86:R86) -> 0 | W86: =SUM(T86:V86) -> 0 | AA86: =SUM(X86:Z86) -> 0 | AE86: =SUM(AB86:AD86) -> 0 | AI86: =SUM(AF86:AH86) -> 0 | AM86: =SUM(AJ86:AL86) -> 0 | AQ86: =SUM(AN86:AP86) -> 0 | AU86: =SUM(AR86:AT86) -> 0 | AY86: =SUM(AV86:AX86) -> 0 | BA86: =+G86+K86+O86+S86+W86+AA86+AE86+AZ86+AI86+AM86+AQ86+AU86+AY86 -> 0 | BB86: =+H86+L86+P86+T86+X86+AB86+AF86+BA86+AJ86+AN86+AR86+AV86+AZ86 -> 0 | BC86: =+BA86-BB86 -> 0 | BF86: =+BD86+BE86-BC86 -> 0 | BH86: =BF86+BG86 -> 0
C87: ชิฟฟอน 4 ชิ้น กาแฟล้วน | G87: =SUM(D87:F87) -> 0 | K87: =SUM(H87:J87) -> 0 | O87: =SUM(L87:N87) -> 0 | S87: =SUM(P87:R87) -> 0 | W87: =SUM(T87:V87) -> 0 | AA87: =SUM(X87:Z87) -> 0 | AE87: =SUM(AB87:AD87) -> 0 | AI87: =SUM(AF87:AH87) -> 0 | AM87: =SUM(AJ87:AL87) -> 0 | AQ87: =SUM(AN87:AP87) -> 0 | AU87: =SUM(AR87:AT87) -> 0 | AY87: =SUM(AV87:AX87) -> 0 | BA87: =+G87+K87+O87+S87+W87+AA87+AE87+AZ87+AI87+AM87+AQ87+AU87+AY87 -> 0 | BB87: =+H87+L87+P87+T87+X87+AB87+AF87+BA87+AJ87+AN87+AR87+AV87+AZ87 -> 0 | BC87: =+BA87-BB87 -> 0 | BF87: =+BD87+BE87-BC87 -> 0 | BH87: =BF87+BG87 -> 0
C88: ชิฟฟอน 4 ชิ้น ชาเขียวล้วน | G88: =SUM(D88:F88) -> 0 | K88: =SUM(H88:J88) -> 0 | O88: =SUM(L88:N88) -> 0 | S88: =SUM(P88:R88) -> 0 | W88: =SUM(T88:V88) -> 0 | AA88: =SUM(X88:Z88) -> 0 | AE88: =SUM(AB88:AD88) -> 0 | AI88: =SUM(AF88:AH88) -> 0 | AM88: =SUM(AJ88:AL88) -> 0 | AQ88: =SUM(AN88:AP88) -> 0 | AU88: =SUM(AR88:AT88) -> 0 | AY88: =SUM(AV88:AX88) -> 0 | BA88: =+G88+K88+O88+S88+W88+AA88+AE88+AZ88+AI88+AM88+AQ88+AU88+AY88 -> 0 | BB88: =+H88+L88+P88+T88+X88+AB88+AF88+BA88+AJ88+AN88+AR88+AV88+AZ88 -> 0 | BC88: =+BA88-BB88 -> 0 | BF88: =+BD88+BE88-BC88 -> 0 | BH88: =BF88+BG88 -> 0
C89: ชิฟฟอน 4 ชิ้น ใบเตยล้วน | G89: =SUM(D89:F89) -> 0 | K89: =SUM(H89:J89) -> 0 | O89: =SUM(L89:N89) -> 0 | S89: =SUM(P89:R89) -> 0 | W89: =SUM(T89:V89) -> 0 | AA89: =SUM(X89:Z89) -> 0 | AE89: =SUM(AB89:AD89) -> 0 | AI89: =SUM(AF89:AH89) -> 0 | AM89: =SUM(AJ89:AL89) -> 0 | AQ89: =SUM(AN89:AP89) -> 0 | AU89: =SUM(AR89:AT89) -> 0 | AY89: =SUM(AV89:AX89) -> 0 | BA89: =+G89+K89+O89+S89+W89+AA89+AE89+AZ89+AI89+AM89+AQ89+AU89+AY89 -> 0 | BB89: =+H89+L89+P89+T89+X89+AB89+AF89+BA89+AJ89+AN89+AR89+AV89+AZ89 -> 0 | BC89: =+BA89-BB89 -> 0 | BF89: =+BD89+BE89-BC89 -> 0 | BH89: =BF89+BG89 -> 0
B90: 1111084 | C90: ชิฟฟอน 8 ชิ้น กาแฟล้วน | G90: =SUM(D90:F90) -> 0 | K90: =SUM(H90:J90) -> 0 | O90: =SUM(L90:N90) -> 0 | S90: =SUM(P90:R90) -> 0 | W90: =SUM(T90:V90) -> 0 | AA90: =SUM(X90:Z90) -> 0 | AE90: =SUM(AB90:AD90) -> 0 | AI90: =SUM(AF90:AH90) -> 0 | AM90: =SUM(AJ90:AL90) -> 0 | AQ90: =SUM(AN90:AP90) -> 0 | AU90: =SUM(AR90:AT90) -> 0 | AY90: =SUM(AV90:AX90) -> 0 | BA90: =+G90+K90+O90+S90+W90+AA90+AE90+AZ90+AI90+AM90+AQ90+AU90+AY90 -> 0 | BB90: =+H90+L90+P90+T90+X90+AB90+AF90+BA90+AJ90+AN90+AR90+AV90+AZ90 -> 0 | BC90: =+BA90-BB90 -> 0 | BF90: =+BD90+BE90-BC90 -> 0 | BH90: =BF90+BG90 -> 0
B91: 1111085 | C91: ชิฟฟอน 8 ชิ้น บลูเบอรี่ล้วน | G91: =SUM(D91:F91) -> 0 | K91: =SUM(H91:J91) -> 0 | O91: =SUM(L91:N91) -> 0 | S91: =SUM(P91:R91) -> 0 | W91: =SUM(T91:V91) -> 0 | AA91: =SUM(X91:Z91) -> 0 | AE91: =SUM(AB91:AD91) -> 0 | AI91: =SUM(AF91:AH91) -> 0 | AM91: =SUM(AJ91:AL91) -> 0 | AQ91: =SUM(AN91:AP91) -> 0 | AU91: =SUM(AR91:AT91) -> 0 | AY91: =SUM(AV91:AX91) -> 0 | BA91: =+G91+K91+O91+S91+W91+AA91+AE91+AZ91+AI91+AM91+AQ91+AU91+AY91 -> 0 | BB91: =+H91+L91+P91+T91+X91+AB91+AF91+BA91+AJ91+AN91+AR91+AV91+AZ91 -> 0 | BC91: =+BA91-BB91 -> 0 | BF91: =+BD91+BE91-BC91 -> 0 | BH91: =BF91+BG91 -> 0
B92: 1111086 | C92: ชิฟฟอน 8 ชิ้น มะพร้าวล้วน | G92: =SUM(D92:F92) -> 0 | K92: =SUM(H92:J92) -> 0 | O92: =SUM(L92:N92) -> 0 | S92: =SUM(P92:R92) -> 0 | W92: =SUM(T92:V92) -> 0 | AA92: =SUM(X92:Z92) -> 0 | AE92: =SUM(AB92:AD92) -> 0 | AI92: =SUM(AF92:AH92) -> 0 | AM92: =SUM(AJ92:AL92) -> 0 | AQ92: =SUM(AN92:AP92) -> 0 | AU92: =SUM(AR92:AT92) -> 0 | AY92: =SUM(AV92:AX92) -> 0 | BA92: =+G92+K92+O92+S92+W92+AA92+AE92+AZ92+AI92+AM92+AQ92+AU92+AY92 -> 0 | BB92: =+H92+L92+P92+T92+X92+AB92+AF92+BA92+AJ92+AN92+AR92+AV92+AZ92 -> 0 | BC92: =+BA92-BB92 -> 0 | BF92: =+BD92+BE92-BC92 -> 0 | BH92: =BF92+BG92 -> 0
B93: 1111087 | C93: ชิฟฟอน 8 ชิ้น สตอเบอรี่ล้วน | G93: =SUM(D93:F93) -> 0 | K93: =SUM(H93:J93) -> 0 | O93: =SUM(L93:N93) -> 0 | S93: =SUM(P93:R93) -> 0 | W93: =SUM(T93:V93) -> 0 | AA93: =SUM(X93:Z93) -> 0 | AE93: =SUM(AB93:AD93) -> 0 | AI93: =SUM(AF93:AH93) -> 0 | AM93: =SUM(AJ93:AL93) -> 0 | AQ93: =SUM(AN93:AP93) -> 0 | AU93: =SUM(AR93:AT93) -> 0 | AY93: =SUM(AV93:AX93) -> 0 | BA93: =+G93+K93+O93+S93+W93+AA93+AE93+AZ93+AI93+AM93+AQ93+AU93+AY93 -> 0 | BB93: =+H93+L93+P93+T93+X93+AB93+AF93+BA93+AJ93+AN93+AR93+AV93+AZ93 -> 0 | BC93: =+BA93-BB93 -> 0 | BF93: =+BD93+BE93-BC93 -> 0 | BH93: =BF93+BG93 -> 0
B94: 1111088 | C94: ชิฟฟอน 8 ชิ้น ส้มล้วน | G94: =SUM(D94:F94) -> 0 | K94: =SUM(H94:J94) -> 0 | O94: =SUM(L94:N94) -> 0 | S94: =SUM(P94:R94) -> 0 | W94: =SUM(T94:V94) -> 0 | AA94: =SUM(X94:Z94) -> 0 | AE94: =SUM(AB94:AD94) -> 0 | AI94: =SUM(AF94:AH94) -> 0 | AM94: =SUM(AJ94:AL94) -> 0 | AQ94: =SUM(AN94:AP94) -> 0 | AU94: =SUM(AR94:AT94) -> 0 | AY94: =SUM(AV94:AX94) -> 0 | BA94: =+G94+K94+O94+S94+W94+AA94+AE94+AZ94+AI94+AM94+AQ94+AU94+AY94 -> 0 | BB94: =+H94+L94+P94+T94+X94+AB94+AF94+BA94+AJ94+AN94+AR94+AV94+AZ94 -> 0 | BC94: =+BA94-BB94 -> 0 | BF94: =+BD94+BE94-BC94 -> 0 | BH94: =BF94+BG94 -> 0
B95: 1111089 | C95: ชิฟฟอน 8 ชิ้น เนยล้วน | G95: =SUM(D95:F95) -> 0 | K95: =SUM(H95:J95) -> 0 | O95: =SUM(L95:N95) -> 0 | S95: =SUM(P95:R95) -> 0 | W95: =SUM(T95:V95) -> 0 | AA95: =SUM(X95:Z95) -> 0 | AE95: =SUM(AB95:AD95) -> 0 | AI95: =SUM(AF95:AH95) -> 0 | AM95: =SUM(AJ95:AL95) -> 0 | AQ95: =SUM(AN95:AP95) -> 0 | AU95: =SUM(AR95:AT95) -> 0 | AY95: =SUM(AV95:AX95) -> 0 | BA95: =+G95+K95+O95+S95+W95+AA95+AE95+AZ95+AI95+AM95+AQ95+AU95+AY95 -> 0 | BB95: =+H95+L95+P95+T95+X95+AB95+AF95+BA95+AJ95+AN95+AR95+AV95+AZ95 -> 0 | BC95: =+BA95-BB95 -> 0 | BF95: =+BD95+BE95-BC95 -> 0 | BH95: =BF95+BG95 -> 0
B96: 1111090 | C96: ชิฟฟอน 8 ชิ้น เผือกล้วน | G96: =SUM(D96:F96) -> 0 | K96: =SUM(H96:J96) -> 0 | O96: =SUM(L96:N96) -> 0 | S96: =SUM(P96:R96) -> 0 | W96: =SUM(T96:V96) -> 0 | AA96: =SUM(X96:Z96) -> 0 | AE96: =SUM(AB96:AD96) -> 0 | AI96: =SUM(AF96:AH96) -> 0 | AM96: =SUM(AJ96:AL96) -> 0 | AQ96: =SUM(AN96:AP96) -> 0 | AU96: =SUM(AR96:AT96) -> 0 | AY96: =SUM(AV96:AX96) -> 0 | BA96: =+G96+K96+O96+S96+W96+AA96+AE96+AZ96+AI96+AM96+AQ96+AU96+AY96 -> 0 | BB96: =+H96+L96+P96+T96+X96+AB96+AF96+BA96+AJ96+AN96+AR96+AV96+AZ96 -> 0 | BC96: =+BA96-BB96 -> 0 | BF96: =+BD96+BE96-BC96 -> 0 | BH96: =BF96+BG96 -> 0
B97: 1111091 | C97: ชิฟฟอน 8 ชิ้น ใบเตยล้วน | G97: =SUM(D97:F97) -> 0 | K97: =SUM(H97:J97) -> 0 | O97: =SUM(L97:N97) -> 0 | S97: =SUM(P97:R97) -> 0 | W97: =SUM(T97:V97) -> 0 | AA97: =SUM(X97:Z97) -> 0 | AE97: =SUM(AB97:AD97) -> 0 | AI97: =SUM(AF97:AH97) -> 0 | AM97: =SUM(AJ97:AL97) -> 0 | AQ97: =SUM(AN97:AP97) -> 0 | AU97: =SUM(AR97:AT97) -> 0 | AY97: =SUM(AV97:AX97) -> 0 | BA97: =+G97+K97+O97+S97+W97+AA97+AE97+AZ97+AI97+AM97+AQ97+AU97+AY97 -> 0 | BB97: =+H97+L97+P97+T97+X97+AB97+AF97+BA97+AJ97+AN97+AR97+AV97+AZ97 -> 0 | BC97: =+BA97-BB97 -> 0 | BF97: =+BD97+BE97-BC97 -> 0 | BH97: =BF97+BG97 -> 0
B98: 1111092 | C98: ชิฟฟอน 8 ชิ้น กล้วยหอม | G98: =SUM(D98:F98) -> 0 | K98: =SUM(H98:J98) -> 0 | O98: =SUM(L98:N98) -> 0 | S98: =SUM(P98:R98) -> 0 | W98: =SUM(T98:V98) -> 0 | AA98: =SUM(X98:Z98) -> 0 | AE98: =SUM(AB98:AD98) -> 0 | AI98: =SUM(AF98:AH98) -> 0 | AM98: =SUM(AJ98:AL98) -> 0 | AQ98: =SUM(AN98:AP98) -> 0 | AU98: =SUM(AR98:AT98) -> 0 | AY98: =SUM(AV98:AX98) -> 0 | BA98: =+G98+K98+O98+S98+W98+AA98+AE98+AZ98+AI98+AM98+AQ98+AU98+AY98 -> 0 | BB98: =+H98+L98+P98+T98+X98+AB98+AF98+BA98+AJ98+AN98+AR98+AV98+AZ98 -> 0 | BC98: =+BA98-BB98 -> 0 | BF98: =+BD98+BE98-BC98 -> 0 | BH98: =BF98+BG98 -> 0
B99: 1111093 | C99: ชิฟฟอน 8 ชิ้น โกโก้ล้วน | G99: =SUM(D99:F99) -> 0 | K99: =SUM(H99:J99) -> 0 | O99: =SUM(L99:N99) -> 0 | S99: =SUM(P99:R99) -> 0 | W99: =SUM(T99:V99) -> 0 | AA99: =SUM(X99:Z99) -> 0 | AE99: =SUM(AB99:AD99) -> 0 | AI99: =SUM(AF99:AH99) -> 0 | AM99: =SUM(AJ99:AL99) -> 0 | AQ99: =SUM(AN99:AP99) -> 0 | AU99: =SUM(AR99:AT99) -> 0 | AY99: =SUM(AV99:AX99) -> 0 | BA99: =+G99+K99+O99+S99+W99+AA99+AE99+AZ99+AI99+AM99+AQ99+AU99+AY99 -> 0 | BB99: =+H99+L99+P99+T99+X99+AB99+AF99+BA99+AJ99+AN99+AR99+AV99+AZ99 -> 0 | BC99: =+BA99-BB99 -> 0 | BF99: =+BD99+BE99-BC99 -> 0 | BH99: =BF99+BG99 -> 0
B100: 1111094 | C100: ชิฟฟอน 8 ชิ้น ชาไทยล้วน | G100: =SUM(D100:F100) -> 0 | K100: =SUM(H100:J100) -> 0 | O100: =SUM(L100:N100) -> 0 | S100: =SUM(P100:R100) -> 0 | W100: =SUM(T100:V100) -> 0 | AA100: =SUM(X100:Z100) -> 0 | AE100: =SUM(AB100:AD100) -> 0 | AI100: =SUM(AF100:AH100) -> 0 | AM100: =SUM(AJ100:AL100) -> 0 | AQ100: =SUM(AN100:AP100) -> 0 | AU100: =SUM(AR100:AT100) -> 0 | AY100: =SUM(AV100:AX100) -> 0 | BA100: =+G100+K100+O100+S100+W100+AA100+AE100+AZ100+AI100+AM100+AQ100+AU100+AY100 -> 0 | BB100: =+H100+L100+P100+T100+X100+AB100+AF100+BA100+AJ100+AN100+AR100+AV100+AZ100 -> 0 | BC100: =+BA100-BB100 -> 0 | BF100: =+BD100+BE100-BC100 -> 0 | BH100: =BF100+BG100 -> 0
B101: 1111095 | C101: ชิฟฟอน 8 ชิ้น ชาเขียวล้วน | G101: =SUM(D101:F101) -> 0 | K101: =SUM(H101:J101) -> 0 | O101: =SUM(L101:N101) -> 0 | S101: =SUM(P101:R101) -> 0 | W101: =SUM(T101:V101) -> 0 | AA101: =SUM(X101:Z101) -> 0 | AE101: =SUM(AB101:AD101) -> 0 | AI101: =SUM(AF101:AH101) -> 0 | AM101: =SUM(AJ101:AL101) -> 0 | AQ101: =SUM(AN101:AP101) -> 0 | AU101: =SUM(AR101:AT101) -> 0 | AY101: =SUM(AV101:AX101) -> 0 | BA101: =+G101+K101+O101+S101+W101+AA101+AE101+AZ101+AI101+AM101+AQ101+AU101+AY101 -> 0 | BB101: =+H101+L101+P101+T101+X101+AB101+AF101+BA101+AJ101+AN101+AR101+AV101+AZ101 -> 0 | BC101: =+BA101-BB101 -> 0 | BF101: =+BD101+BE101-BC101 -> 0 | BH101: =BF101+BG101 -> 0
... B117: 1005984 | C117: แซนด์วิชปูอัดสาหร่าย ไร้ขอบ | G117: =SUM(D117:F117) -> 0 | K117: =SUM(H117:J117) -> 0 | O117: =SUM(L117:N117) -> 0 | S117: =SUM(P117:R117) -> 0 | W117: =SUM(T117:V117) -> 0 | AA117: =SUM(X117:Z117) -> 0 | AE117: =SUM(AB117:AD117) -> 0 | AI117: =SUM(AF117:AH117) -> 0 | AM117: =SUM(AJ117:AL117) -> 0 | AQ117: =SUM(AN117:AP117) -> 0 | AU117: =SUM(AR117:AT117) -> 0 | AY117: =SUM(AV117:AX117) -> 0 | BA117: =+G117+K117+O117+S117+W117+AA117+AE117+AZ117+AI117+AM117+AQ117+AU117+AY117 -> 0 | BB117: =+H117+L117+P117+T117+X117+AB117+AF117+BA117+AJ117+AN117+AR117+AV117+AZ117 -> 0 | BC117: =+BA117-BB117 -> 0 | BF117: =+BD117+BE117-BC117 -> 0 | BH117: =BF117+BG117 -> 0
B118: 1005995 | C118: แซนด์วิชปูอัด ไร้ขอบ | G118: =SUM(D118:F118) -> 0 | K118: =SUM(H118:J118) -> 0 | O118: =SUM(L118:N118) -> 0 | S118: =SUM(P118:R118) -> 0 | W118: =SUM(T118:V118) -> 0 | BA118: =+G118+K118+O118+S118+W118+AA118+AE118+AZ118+AI118+AM118+AQ118+AU118+AY118 -> 0 | BB118: =+H118+L118+P118+T118+X118+AB118+AF118+BA118+AJ118+AN118+AR118+AV118+AZ118 -> 0 | BC118: =+BA118-BB118 -> 0 | BF118: =+BD118+BE118-BC118 -> 0 | BH118: =BF118+BG118 -> 0
B119: 1005996 | C119: แซนด์วิช หมูหยองชีส ไร้ขอบ | G119: =SUM(D119:F119) -> 0 | K119: =SUM(H119:J119) -> 0 | O119: =SUM(L119:N119) -> 0 | S119: =SUM(P119:R119) -> 0 | W119: =SUM(T119:V119) -> 0 | BA119: =+G119+K119+O119+S119+W119+AA119+AE119+AZ119+AI119+AM119+AQ119+AU119+AY119 -> 0 | BB119: =+H119+L119+P119+T119+X119+AB119+AF119+BA119+AJ119+AN119+AR119+AV119+AZ119 -> 0 | BC119: =+BA119-BB119 -> 0 | BF119: =+BD119+BE119-BC119 -> 0 | BH119: =BF119+BG119 -> 0
B120: 1005999 | C120: แซนด์วิชแฮมชีส_WWN ไร้ขอบ | G120: =SUM(D120:F120) -> 0 | K120: =SUM(H120:J120) -> 0 | O120: =SUM(L120:N120) -> 0 | S120: =SUM(P120:R120) -> 0 | W120: =SUM(T120:V120) -> 0 | BA120: =+G120+K120+O120+S120+W120+AA120+AE120+AZ120+AI120+AM120+AQ120+AU120+AY120 -> 0 | BB120: =+H120+L120+P120+T120+X120+AB120+AF120+BA120+AJ120+AN120+AR120+AV120+AZ120 -> 0 | BC120: =+BA120-BB120 -> 0 | BF120: =+BD120+BE120-BC120 -> 0 | BH120: =BF120+BG120 -> 0
B121: 1005998 | C121: แซนด์วิช โฮลวีทแฮมชีส ไร้ขอบ | G121: =SUM(D121:F121) -> 0 | K121: =SUM(H121:J121) -> 0 | O121: =SUM(L121:N121) -> 0 | S121: =SUM(P121:R121) -> 0 | W121: =SUM(T121:V121) -> 0 | BA121: =+G121+K121+O121+S121+W121+AA121+AE121+AZ121+AI121+AM121+AQ121+AU121+AY121 -> 0 | BB121: =+H121+L121+P121+T121+X121+AB121+AF121+BA121+AJ121+AN121+AR121+AV121+AZ121 -> 0 | BC121: =+BA121-BB121 -> 0 | BF121: =+BD121+BE121-BC121 -> 0 | BH121: =BF121+BG121 -> 0
B122: 1006000 | C122: แซนด์วิช โฮลวีททูน่า ไร้ขอบ | G122: =SUM(D122:F122) -> 0 | K122: =SUM(H122:J122) -> 0 | O122: =SUM(L122:N122) -> 0 | S122: =SUM(P122:R122) -> 0 | W122: =SUM(T122:V122) -> 0 | BA122: =+G122+K122+O122+S122+W122+AA122+AE122+AZ122+AI122+AM122+AQ122+AU122+AY122 -> 0 | BB122: =+H122+L122+P122+T122+X122+AB122+AF122+BA122+AJ122+AN122+AR122+AV122+AZ122 -> 0 | BC122: =+BA122-BB122 -> 0 | BF122: =+BD122+BE122-BC122 -> 0 | BH122: =BF122+BG122 -> 0
B123: 20049129 | C123: Wan WN_ แซนวิชทูน่าแฮม 115g | G123: =SUM(D123:F123) -> 0 | K123: =SUM(H123:J123) -> 0 | O123: =SUM(L123:N123) -> 0 | S123: =SUM(P123:R123) -> 0 | W123: =SUM(T123:V123) -> 0 | BA123: =+G123+K123+O123+S123+W123+AA123+AE123+AZ123+AI123+AM123+AQ123+AU123+AY123 -> 0 | BB123: =+H123+L123+P123+T123+X123+AB123+AF123+BA123+AJ123+AN123+AR123+AV123+AZ123 -> 0 | BC123: =+BA123-BB123 -> 0 | BF123: =+BD123+BE123-BC123 -> 0 | BH123: =BF123+BG123 -> 0
B124: 20049130 | C124: WanWN_ แซนวิชแฮมชีส 95g | G124: =SUM(D124:F124) -> 0 | K124: =SUM(H124:J124) -> 0 | O124: =SUM(L124:N124) -> 0 | S124: =SUM(P124:R124) -> 0 | W124: =SUM(T124:V124) -> 0 | BA124: =+G124+K124+O124+S124+W124+AA124+AE124+AZ124+AI124+AM124+AQ124+AU124+AY124 -> 0 | BB124: =+H124+L124+P124+T124+X124+AB124+AF124+BA124+AJ124+AN124+AR124+AV124+AZ124 -> 0 | BC124: =+BA124-BB124 -> 0 | BF124: =+BD124+BE124-BC124 -> 0 | BH124: =BF124+BG124 -> 0
B125: 1004081 | C125: ครีมฮอร์นไส้วิป ใบเตย | G125: =SUM(D125:F125) -> 0 | K125: =SUM(H125:J125) -> 0 | O125: =SUM(L125:N125) -> 0 | S125: =SUM(P125:R125) -> 0 | W125: =SUM(T125:V125) -> 0 | BA125: =+G125+K125+O125+S125+W125+AA125+AE125+AZ125+AI125+AM125+AQ125+AU125+AY125 -> 0 | BB125: =+H125+L125+P125+T125+X125+AB125+AF125+BA125+AJ125+AN125+AR125+AV125+AZ125 -> 0 | BC125: =+BA125-BB125 -> 0 | BF125: =+BD125+BE125-BC125 -> 0 | BH125: =BF125+BG125 -> 0
B126: 1004080 | C126: ครีมฮอร์นไส้วิป วนิลา | G126: =SUM(D126:F126) -> 0 | K126: =SUM(H126:J126) -> 0 | O126: =SUM(L126:N126) -> 0 | S126: =SUM(P126:R126) -> 0 | W126: =SUM(T126:V126) -> 0 | BA126: =+G126+K126+O126+S126+W126+AA126+AE126+AZ126+AI126+AM126+AQ126+AU126+AY126 -> 0 | BB126: =+H126+L126+P126+T126+X126+AB126+AF126+BA126+AJ126+AN126+AR126+AV126+AZ126 -> 0 | BC126: =+BA126-BB126 -> 0 | BF126: =+BD126+BE126-BC126 -> 0 | BH126: =BF126+BG126 -> 0
B127: 3001200 | C127: ครีมฮอร์นไส้วิป ช็อคโกแลต | G127: =SUM(D127:F127) -> 0 | K127: =SUM(H127:J127) -> 0 | O127: =SUM(L127:N127) -> 0 | S127: =SUM(P127:R127) -> 0 | W127: =SUM(T127:V127) -> 0 | BA127: =+G127+K127+O127+S127+W127+AA127+AE127+AZ127+AI127+AM127+AQ127+AU127+AY127 -> 0 | BB127: =+H127+L127+P127+T127+X127+AB127+AF127+BA127+AJ127+AN127+AR127+AV127+AZ127 -> 0 | BC127: =+BA127-BB127 -> 0 | BF127: =+BD127+BE127-BC127 -> 0 | BH127: =BF127+BG127 -> 0
B128: 1004048 | C128: ขนมปังหิมะฮอกไกโด | G128: =SUM(D128:F128) -> 0 | K128: =SUM(H128:J128) -> 0 | O128: =SUM(L128:N128) -> 0 | S128: =SUM(P128:R128) -> 0 | W128: =SUM(T128:V128) -> 0 | BA128: =+G128+K128+O128+S128+W128+AA128+AE128+AZ128+AI128+AM128+AQ128+AU128+AY128 -> 0 | BB128: =+H128+L128+P128+T128+X128+AB128+AF128+BA128+AJ128+AN128+AR128+AV128+AZ128 -> 0 | BC128: =+BA128-BB128 -> 0 | BF128: =+BD128+BE128-BC128 -> 0 | BH128: =BF128+BG128 -> 0
B129: 1004047 | C129: ขนมปังลาวาไข่เค็ม | G129: =SUM(D129:F129) -> 0 | K129: =SUM(H129:J129) -> 0 | O129: =SUM(L129:N129) -> 0 | S129: =SUM(P129:R129) -> 0 | W129: =SUM(T129:V129) -> 0 | BA129: =+G129+K129+O129+S129+W129+AA129+AE129+AZ129+AI129+AM129+AQ129+AU129+AY129 -> 0 | BB129: =+H129+L129+P129+T129+X129+AB129+AF129+BA129+AJ129+AN129+AR129+AV129+AZ129 -> 0 | BC129: =+BA129-BB129 -> 0 | BF129: =+BD129+BE129-BC129 -> 0 | BH129: =BF129+BG129 -> 0
... B141: 1112400 | C141: ขนมปังอบกรอบ รสคาราเมล | G141: =SUM(D141:F141) -> 0 | K141: =SUM(H141:J141) -> 0 | O141: =SUM(L141:N141) -> 0 | S141: =SUM(P141:R141) -> 0 | W141: =SUM(T141:V141) -> 0 | BA141: =+G141+K141+O141+S141+W141+AA141+AE141+AZ141+AI141+AM141+AQ141+AU141+AY141 -> 0 | BB141: =+H141+L141+P141+T141+X141+AB141+AF141+BA141+AJ141+AN141+AR141+AV141+AZ141 -> 0 | BC141: =+BA141-BB141 -> 0 | BF141: =+BD141+BE141-BC141 -> 0 | BH141: =BF141+BG141 -> 0
C142: ชิฟฟ่อนไม่มีไส้ 3 ชิ้น | G142: =SUM(D142:F142) -> 0 | K142: =SUM(H142:J142) -> 0 | O142: =SUM(L142:N142) -> 0 | S142: =SUM(P142:R142) -> 0 | W142: =SUM(T142:V142) -> 0 | BA142: =+G142+K142+O142+S142+W142+AA142+AE142+AZ142+AI142+AM142+AQ142+AU142+AY142 -> 0 | BB142: =+H142+L142+P142+T142+X142+AB142+AF142+BA142+AJ142+AN142+AR142+AV142+AZ142 -> 0 | BC142: =+BA142-BB142 -> 0 | BF142: =+BD142+BE142-BC142 -> 0 | BH142: =BF142+BG142 -> 0
B143: 1113081 | C143: ชิฟฟอนไส้แยม วนิลา/ใบเตย/เมล่อน | G143: =SUM(D143:F143) -> 0 | K143: =SUM(H143:J143) -> 0 | O143: =SUM(L143:N143) -> 0 | S143: =SUM(P143:R143) -> 0 | W143: =SUM(T143:V143) -> 0 | BA143: =+G143+K143+O143+S143+W143+AA143+AE143+AZ143+AI143+AM143+AQ143+AU143+AY143 -> 0 | BB143: =+H143+L143+P143+T143+X143+AB143+AF143+BA143+AJ143+AN143+AR143+AV143+AZ143 -> 0 | BC143: =+BA143-BB143 -> 0 | BF143: =+BD143+BE143-BC143 -> 0 | BH143: =BF143+BG143 -> 0
C144: ถุงกระดาษ | G144: =SUM(D144:F144) -> 0 | K144: =SUM(H144:J144) -> 0 | O144: =SUM(L144:N144) -> 0 | S144: =SUM(P144:R144) -> 0 | W144: =SUM(T144:V144) -> 0 | BA144: =+G144+K144+O144+S144+W144+AA144+AE144+AZ144+AI144+AM144+AQ144+AU144+AY144 -> 0 | BB144: =+H144+L144+P144+T144+X144+AB144+AF144+BA144+AJ144+AN144+AR144+AV144+AZ144 -> 0 | BC144: =+BA144-BB144 -> 0 | BF144: =+BD144+BE144-BC144 -> 0 | BH144: =BF144+BG144 -> 0
B145: 1004061 | C145: ชิฟฟอนเค้ก สอดไส้ครีมมะพร้าว (2 ชิ้น) | G145: =SUM(D145:F145) -> 0 | K145: =SUM(H145:J145) -> 0 | O145: =SUM(L145:N145) -> 0 | S145: =SUM(P145:R145) -> 0 | W145: =SUM(T145:V145) -> 0 | BA145: =+G145+K145+O145+S145+W145+AA145+AE145+AZ145+AI145+AM145+AQ145+AU145+AY145 -> 0 | BB145: =+H145+L145+P145+T145+X145+AB145+AF145+BA145+AJ145+AN145+AR145+AV145+AZ145 -> 0 | BC145: =+BA145-BB145 -> 0 | BF145: =+BD145+BE145-BC145 -> 0 | BH145: =BF145+BG145 -> 0
B146: 1007020 | C146: เอแคลร์ชาไทย | G146: =SUM(D146:F146) -> 0 | K146: =SUM(H146:J146) -> 0 | O146: =SUM(L146:N146) -> 0 | S146: =SUM(P146:R146) -> 0 | BA146: =+G146+K146+O146+S146+W146+AA146+AE146+AZ146+AI146+AM146+AQ146+AU146+AY146 -> 0 | BB146: =+H146+L146+P146+T146+X146+AB146+AF146+BA146+AJ146+AN146+AR146+AV146+AZ146 -> 0 | BC146: =+BA146-BB146 -> 0 | BF146: =+BD146+BE146-BC146 -> 0 | BH146: =BF146+BG146 -> 0
B147: 1111006 | C147: ชิฟฟ่อนสอดไส้มะพร้าว 8 ชิ้น | G147: =SUM(D147:F147) -> 0 | K147: =SUM(H147:J147) -> 0 | O147: =SUM(L147:N147) -> 0 | S147: =SUM(P147:R147) -> 0 | BA147: =+G147+K147+O147+S147+W147+AA147+AE147+AZ147+AI147+AM147+AQ147+AU147+AY147 -> 0 | BB147: =+H147+L147+P147+T147+X147+AB147+AF147+BA147+AJ147+AN147+AR147+AV147+AZ147 -> 0 | BC147: =+BA147-BB147 -> 0 | BF147: =+BD147+BE147-BC147 -> 0 | BH147: =BF147+BG147 -> 0
B148: 1111004 | C148: ชิฟฟ่อนเค้ก สอดไส้ครีมมะพร้าว (4 ชิ้น) | G148: =SUM(D148:F148) -> 0 | K148: =SUM(H148:J148) -> 0 | O148: =SUM(L148:N148) -> 0 | S148: =SUM(P148:R148) -> 0 | BA148: =+G148+K148+O148+S148+W148+AA148+AE148+AZ148+AI148+AM148+AQ148+AU148+AY148 -> 0 | BB148: =+H148+L148+P148+T148+X148+AB148+AF148+BA148+AJ148+AN148+AR148+AV148+AZ148 -> 0 | BC148: =+BA148-BB148 -> 0 | BF148: =+BD148+BE148-BC148 -> 0 | BH148: =BF148+BG148 -> 0
B149: 1111005 | C149: ชิฟฟ่อนเค้ก สอดไส้ครีมมะพร้าว (5 ชิ้น) | G149: =SUM(D149:F149) -> 0 | K149: =SUM(H149:J149) -> 0 | O149: =SUM(L149:N149) -> 0 | S149: =SUM(P149:R149) -> 0 | BA149: =+G149+K149+O149+S149+W149+AA149+AE149+AZ149+AI149+AM149+AQ149+AU149+AY149 -> 0 | BB149: =+H149+L149+P149+T149+X149+AB149+AF149+BA149+AJ149+AN149+AR149+AV149+AZ149 -> 0 | BC149: =+BA149-BB149 -> 0 | BF149: =+BD149+BE149-BC149 -> 0 | BH149: =BF149+BG149 -> 0
B150: 1111123 | C150: ชิฟฟ่อนเค้กไก่หยอง | G150: =SUM(D150:F150) -> 0 | K150: =SUM(H150:J150) -> 0 | O150: =SUM(L150:N150) -> 0 | S150: =SUM(P150:R150) -> 0 | BA150: =+G150+K150+O150+S150+W150+AA150+AE150+AZ150+AI150+AM150+AQ150+AU150+AY150 -> 0 | BB150: =+H150+L150+P150+T150+X150+AB150+AF150+BA150+AJ150+AN150+AR150+AV150+AZ150 -> 0 | BC150: =+BA150-BB150 -> 0 | BF150: =+BD150+BE150-BC150 -> 0 | BH150: =BF150+BG150 -> 0
B151: 1111122 | C151: นมปรุงแต่งชนิดเม็ด รสหวาน | G151: =SUM(D151:F151) -> 0 | K151: =SUM(H151:J151) -> 0 | O151: =SUM(L151:N151) -> 0 | S151: =SUM(P151:R151) -> 0 | BA151: =+G151+K151+O151+S151+W151+AA151+AE151+AZ151+AI151+AM151+AQ151+AU151+AY151 -> 0 | BB151: =+H151+L151+P151+T151+X151+AB151+AF151+BA151+AJ151+AN151+AR151+AV151+AZ151 -> 0 | BC151: =+BA151-BB151 -> 0 | BF151: =+BD151+BE151-BC151 -> 0 | BH151: =BF151+BG151 -> 0
B152: 1006982 | C152: ชูครีม ไส้ครีม | G152: =SUM(D152:F152) -> 0 | K152: =SUM(H152:J152) -> 0 | O152: =SUM(L152:N152) -> 0 | S152: =SUM(P152:R152) -> 0 | BA152: =+G152+K152+O152+S152+W152+AA152+AE152+AZ152+AI152+AM152+AQ152+AU152+AY152 -> 0 | BB152: =+H152+L152+P152+T152+X152+AB152+AF152+BA152+AJ152+AN152+AR152+AV152+AZ152 -> 0 | BC152: =+BA152-BB152 -> 0 | BF152: =+BD152+BE152-BC152 -> 0 | BH152: =BF152+BG152 -> 0
C153: กล่องเปล่า | G153: =SUM(D153:F153) -> 0 | K153: =SUM(H153:J153) -> 0 | O153: =SUM(L153:N153) -> 0 | S153: =SUM(P153:R153) -> 0 | BA153: =+G153+K153+O153+S153+W153+AA153+AE153+AZ153+AI153+AM153+AQ153+AU153+AY153 -> 0 | BB153: =+H153+L153+P153+T153+X153+AB153+AF153+BA153+AJ153+AN153+AR153+AV153+AZ153 -> 0 | BC153: =+BA153-BB153 -> 0 | BF153: =+BD153+BE153-BC153 -> 0 | BH153: =BF153+BG153 -> 0
B154: 1006987 | C154: มินิบันไก่หยองน้ำสลัดไส้ทะลัก | G154: =SUM(D154:F154) -> 0 | K154: =SUM(H154:J154) -> 0 | O154: =SUM(L154:N154) -> 0 | S154: =SUM(P154:R154) -> 0 | BA154: =+G154+K154+O154+S154+W154+AA154+AE154+AZ154+AI154+AM154+AQ154+AU154+AY154 -> 0 | BB154: =+H154+L154+P154+T154+X154+AB154+AF154+BA154+AJ154+AN154+AR154+AV154+AZ154 -> 0 | BC154: =+BA154-BB154 -> 0 | BF154: =+BD154+BE154-BC154 -> 0 | BH154: =BF154+BG154 -> 0
B155: 1006988 | C155: มินิบันไก่หยองพริกเผาไส้ทะลัก | G155: =SUM(D155:F155) -> 0 | K155: =SUM(H155:J155) -> 0 | O155: =SUM(L155:N155) -> 0 | S155: =SUM(P155:R155) -> 0 | BA155: =+G155+K155+O155+S155+W155+AA155+AE155+AZ155+AI155+AM155+AQ155+AU155+AY155 -> 0 | BB155: =+H155+L155+P155+T155+X155+AB155+AF155+BA155+AJ155+AN155+AR155+AV155+AZ155 -> 0 | BC155: =+BA155-BB155 -> 0 | BF155: =+BD155+BE155-BC155 -> 0 | BH155: =BF155+BG155 -> 0
B156: 20058107 | C156: ขนมปังแฮมเห็ดมายองเนส | G156: =SUM(D156:F156) -> 0 | K156: =SUM(H156:J156) -> 0 | O156: =SUM(L156:N156) -> 0 | S156: =SUM(P156:R156) -> 0 | BA156: =+G156+K156+O156+S156+W156+AA156+AE156+AZ156+AI156+AM156+AQ156+AU156+AY156 -> 0 | BB156: =+H156+L156+P156+T156+X156+AB156+AF156+BA156+AJ156+AN156+AR156+AV156+AZ156 -> 0 | BC156: =+BA156-BB156 -> 0 | BF156: =+BD156+BE156-BC156 -> 0 | BH156: =BF156+BG156 -> 0
G157: =SUM(D157:F157) -> 0 | K157: =SUM(H157:J157) -> 0 | O157: =SUM(L157:N157) -> 0 | S157: =SUM(P157:R157) -> 0 | BA157: =+G157+K157+O157+S157+W157+AA157+AE157+AZ157+AI157+AM157+AQ157+AU157+AY157 -> 0 | BB157: =+H157+L157+P157+T157+X157+AB157+AF157+BA157+AJ157+AN157+AR157+AV157+AZ157 -> 0 | BC157: =+BA157-BB157 -> 0 | BF157: =+BD157+BE157-BC157 -> 0 | BH157: =BF157+BG157 -> 0
G158: =SUM(D158:F158) -> 0 | K158: =SUM(H158:J158) -> 0 | O158: =SUM(L158:N158) -> 0 | S158: =SUM(P158:R158) -> 0 | BA158: =+G158+K158+O158+S158+W158+AA158+AE158+AZ158+AI158+AM158+AQ158+AU158+AY158 -> 0 | BB158: =+H158+L158+P158+T158+X158+AB158+AF158+BA158+AJ158+AN158+AR158+AV158+AZ158 -> 0 | BC158: =+BA158-BB158 -> 0 | BF158: =+BD158+BE158-BC158 -> 0 | BH158: =BF158+BG158 -> 0
G159: =SUM(D159:F159) -> 0 | K159: =SUM(H159:J159) -> 0 | O159: =SUM(L159:N159) -> 0 | S159: =SUM(P159:R159) -> 0 | BA159: =+G159+K159+O159+S159+W159+AA159+AE159+AZ159+AI159+AM159+AQ159+AU159+AY159 -> 0 | BB159: =+H159+L159+P159+T159+X159+AB159+AF159+BA159+AJ159+AN159+AR159+AV159+AZ159 -> 0 | BC159: =+BA159-BB159 -> 0 | BF159: =+BD159+BE159-BC159 -> 0 | BH159: =BF159+BG159 -> 0
G160: =SUM(D160:F160) -> 0 | K160: =SUM(H160:J160) -> 0 | O160: =SUM(L160:N160) -> 0 | S160: =SUM(P160:R160) -> 0 | BA160: =+G160+K160+O160+S160+W160+AA160+AE160+AZ160+AI160+AM160+AQ160+AU160+AY160 -> 0 | BB160: =+H160+L160+P160+T160+X160+AB160+AF160+BA160+AJ160+AN160+AR160+AV160+AZ160 -> 0 | BC160: =+BA160-BB160 -> 0 | BF160: =+BD160+BE160-BC160 -> 0 | BH160: =BF160+BG160 -> 0
G161: =SUM(D161:F161) -> 0 | K161: =SUM(H161:J161) -> 0 | O161: =SUM(L161:N161) -> 0 | S161: =SUM(P161:R161) -> 0 | BA161: =+G161+K161+O161+S161+W161+AA161+AE161+AZ161+AI161+AM161+AQ161+AU161+AY161 -> 0 | BB161: =+H161+L161+P161+T161+X161+AB161+AF161+BA161+AJ161+AN161+AR161+AV161+AZ161 -> 0 | BC161: =+BA161-BB161 -> 0 | BF161: =+BD161+BE161-BC161 -> 0 | BH161: =BF161+BG161 -> 0
G162: =SUM(D162:F162) -> 0 | K162: =SUM(H162:J162) -> 0 | O162: =SUM(L162:N162) -> 0 | S162: =SUM(P162:R162) -> 0 | BA162: =+G162+K162+O162+S162+W162+AA162+AE162+AZ162+AI162+AM162+AQ162+AU162+AY162 -> 0 | BB162: =+H162+L162+P162+T162+X162+AB162+AF162+BA162+AJ162+AN162+AR162+AV162+AZ162 -> 0 | BC162: =+BA162-BB162 -> 0 | BF162: =+BD162+BE162-BC162 -> 0 | BH162: =BF162+BG162 -> 0
G163: =SUM(D163:F163) -> 0 | K163: =SUM(H163:J163) -> 0 | O163: =SUM(L163:N163) -> 0 | S163: =SUM(P163:R163) -> 0 | BA163: =+G163+K163+O163+S163+W163+AA163+AE163+AZ163+AI163+AM163+AQ163+AU163+AY163 -> 0 | BB163: =+H163+L163+P163+T163+X163+AB163+AF163+BA163+AJ163+AN163+AR163+AV163+AZ163 -> 0 | BC163: =+BA163-BB163 -> 0 | BF163: =+BD163+BE163-BC163 -> 0 | BH163: =BF163+BG163 -> 0
G164: =SUM(D164:F164) -> 0 | K164: =SUM(H164:J164) -> 0 | O164: =SUM(L164:N164) -> 0 | S164: =SUM(P164:R164) -> 0 | BA164: =+G164+K164+O164+S164+W164+AA164+AE164+AZ164+AI164+AM164+AQ164+AU164+AY164 -> 0 | BB164: =+H164+L164+P164+T164+X164+AB164+AF164+BA164+AJ164+AN164+AR164+AV164+AZ164 -> 0 | BC164: =+BA164-BB164 -> 0 | BF164: =+BD164+BE164-BC164 -> 0 | BH164: =BF164+BG164 -> 0
G165: =SUM(D165:F165) -> 0 | K165: =SUM(H165:J165) -> 0 | O165: =SUM(L165:N165) -> 0 | S165: =SUM(P165:R165) -> 0 | BA165: =+G165+K165+O165+S165+W165+AA165+AE165+AZ165+AI165+AM165+AQ165+AU165+AY165 -> 0 | BB165: =+H165+L165+P165+T165+X165+AB165+AF165+BA165+AJ165+AN165+AR165+AV165+AZ165 -> 0 | BC165: =+BA165-BB165 -> 0 | BF165: =+BD165+BE165-BC165 -> 0 | BH165: =BF165+BG165 -> 0
G166: =SUM(D166:F166) -> 0 | K166: =SUM(H166:J166) -> 0 | O166: =SUM(L166:N166) -> 0 | S166: =SUM(P166:R166) -> 0 | BA166: =+G166+K166+O166+S166+W166+AA166+AE166+AZ166+AI166+AM166+AQ166+AU166+AY166 -> 0 | BB166: =+H166+L166+P166+T166+X166+AB166+AF166+BA166+AJ166+AN166+AR166+AV166+AZ166 -> 0 | BC166: =+BA166-BB166 -> 0 | BF166: =+BD166+BE166-BC166 -> 0 | BH166: =BF166+BG166 -> 0
G167: =SUM(D167:F167) -> 0 | K167: =SUM(H167:J167) -> 0 | O167: =SUM(L167:N167) -> 0 | S167: =SUM(P167:R167) -> 0 | BA167: =+G167+K167+O167+S167+W167+AA167+AE167+AZ167+AI167+AM167+AQ167+AU167+AY167 -> 0 | BB167: =+H167+L167+P167+T167+X167+AB167+AF167+BA167+AJ167+AN167+AR167+AV167+AZ167 -> 0 | BC167: =+BA167-BB167 -> 0 | BF167: =+BD167+BE167-BC167 -> 0 | BH167: =BF167+BG167 -> 0
B168: ยอดรวม | D168: =SUM(D4:D167) -> 0 | E168: =SUM(E4:E167) -> 0 | F168: =SUM(F4:F167) -> 0 | G168: =SUM(G4:G167) -> 0 | H168: =SUM(H4:H167) -> 0 | I168: =SUM(I4:I167) -> 0 | J168: =SUM(J4:J167) -> 0 | K168: =SUM(K4:K167) -> 0 | ... BH168: =SUM(BH4:BH167) -> 0

Sheet 04.7.68
B1: ยอดจริง ออนไลน์ วันที่ 4/7/2569
B2: รหัสสินค้า | C2: สินค้า | D2: ปณ | H2: ชอปปี้ | L2: ลาซาด้า | P2: ติ๊กตอก | T2: ติ๊กตอก2 | X2: ติ๊กตอก3 | AB2: ติ๊กตอก4 | AF2: ติ๊กตอก5 | AJ2: ติ๊กตอก6 | AN2: ติ๊กตอก7 | AR2: ติ๊กตอก8 | AV2: ติ๊กตอก9 | AZ2: ยอดเส้น | BA2: ยอดรวมผลิต(กล่อง) | BB2: ยอดยกเลิก | BC2: สรุปใช้จริง | BD2: ยอดForcast | BE2: ยอดStock | BF2: ยอดMemo | BG2: ยอดForcastวันพรุ่งนี้ | BH2: สินค้าที่ขายได้
D3: เช้า | E3: บ่าย | F3: เย็น | G3: รวม | H3: เช้า | I3: บ่าย | J3: เย็น | K3: รวม | L3: เช้า | M3: บ่าย | N3: เย็น | O3: รวม | P3: เช้า | Q3: บ่าย | R3: เย็น | S3: รวม | T3: เช้า | U3: บ่าย | V3: เย็น | W3: รวม | X3: เช้า | Y3: บ่าย | Z3: เย็น | AA3: รวม | AB3: เช้า | AC3: บ่าย | AD3: เย็น | AE3: รวม | AF3: เช้า | AG3: บ่าย | AH3: เย็น | AI3: รวม | AJ3: เช้า | AK3: บ่าย | AL3: เย็น | AM3: รวม | AN3: เช้า | AO3: บ่าย | AP3: เย็น | AQ3: รวม | AR3: เช้า | AS3: บ่าย | AT3: เย็น | AU3: รวม | AV3: เช้า | AW3: บ่าย | AX3: เย็น | AY3: รวม
B4: 1004055 | C4: ชิฟฟ่อนเค้ก วรรณวนัช (รวมรส 4 ชิ้น) | G4: =SUM(D4:F4) -> 0 | K4: =SUM(H4:J4) -> 0 | O4: =SUM(L4:N4) -> 0 | S4: =SUM(P4:R4) -> 0 | W4: =SUM(T4:V4) -> 0 | AA4: =SUM(X4:Z4) -> 0 | AE4: =SUM(AB4:AD4) -> 0 | AI4: =SUM(AF4:AH4) -> 0 | AM4: =SUM(AJ4:AL4) -> 0 | AQ4: =SUM(AN4:AP4) -> 0 | AU4: =SUM(AR4:AT4) -> 0 | AY4: =SUM(AV4:AX4) -> 0 | BA4: =+G4+K4+O4+S4+W4+AA4+AE4+AZ4+AI4+AM4+AQ4+AU4+AY4 -> 0 | BC4: =+BA4-BB4 -> 0 | BF4: =+BD4+BE4-BC4 -> 0 | BH4: =BF4+BG4 -> 0
B5: 1111002 | C5: ชิฟฟ่อนเค้ก วรรณวนัช (รวมรส 8 ชิ้น) | G5: =SUM(D5:F5) -> 0 | K5: =SUM(H5:J5) -> 0 | O5: =SUM(L5:N5) -> 0 | S5: =SUM(P5:R5) -> 0 | W5: =SUM(T5:V5) -> 0 | AA5: =SUM(X5:Z5) -> 0 | AE5: =SUM(AB5:AD5) -> 0 | AI5: =SUM(AF5:AH5) -> 0 | AM5: =SUM(AJ5:AL5) -> 0 | AQ5: =SUM(AN5:AP5) -> 0 | AU5: =SUM(AR5:AT5) -> 0 | AY5: =SUM(AV5:AX5) -> 0 | BA5: =+G5+K5+O5+S5+W5+AA5+AE5+AZ5+AI5+AM5+AQ5+AU5+AY5 -> 0 | BC5: =+BA5-BB5 -> 0 | BF5: =+BD5+BE5-BC5 -> 0 | BH5: =BF5+BG5 -> 0
B6: 1111001 | C6: ชิฟฟ่อนแยกชิ้นไม่มีไส้ คละรส | G6: =SUM(D6:F6) -> 0 | K6: =SUM(H6:J6) -> 0 | O6: =SUM(L6:N6) -> 0 | S6: =SUM(P6:R6) -> 0 | W6: =SUM(T6:V6) -> 0 | AA6: =SUM(X6:Z6) -> 0 | AE6: =SUM(AB6:AD6) -> 0 | AI6: =SUM(AF6:AH6) -> 0 | AM6: =SUM(AJ6:AL6) -> 0 | AQ6: =SUM(AN6:AP6) -> 0 | AU6: =SUM(AR6:AT6) -> 0 | AY6: =SUM(AV6:AX6) -> 0 | BA6: =+G6+K6+O6+S6+W6+AA6+AE6+AZ6+AI6+AM6+AQ6+AU6+AY6 -> 0 | BC6: =+BA6-BB6 -> 0 | BF6: =+BD6+BE6-BC6 -> 0 | BH6: =BF6+BG6 -> 0
B7: 1111043 | C7: ชิฟฟอนรสมะลิ 8 ชิ้น ห่อ ซีน | G7: =SUM(D7:F7) -> 0 | K7: =SUM(H7:J7) -> 0 | O7: =SUM(L7:N7) -> 0 | S7: =SUM(P7:R7) -> 0 | W7: =SUM(T7:V7) -> 0 | AA7: =SUM(X7:Z7) -> 0 | AE7: =SUM(AB7:AD7) -> 0 | AI7: =SUM(AF7:AH7) -> 0 | AM7: =SUM(AJ7:AL7) -> 0 | AQ7: =SUM(AN7:AP7) -> 0 | AU7: =SUM(AR7:AT7) -> 0 | AY7: =SUM(AV7:AX7) -> 0 | BA7: =+G7+K7+O7+S7+W7+AA7+AE7+AZ7+AI7+AM7+AQ7+AU7+AY7 -> 0 | BC7: =+BA7-BB7 -> 0 | BF7: =+BD7+BE7-BC7 -> 0 | BH7: =BF7+BG7 -> 0
B8: 1111057 | C8: ชิฟฟอนแยกชิ้น กาแฟ | G8: =SUM(D8:F8) -> 0 | K8: =SUM(H8:J8) -> 0 | O8: =SUM(L8:N8) -> 0 | S8: =SUM(P8:R8) -> 0 | W8: =SUM(T8:V8) -> 0 | AA8: =SUM(X8:Z8) -> 0 | AE8: =SUM(AB8:AD8) -> 0 | AI8: =SUM(AF8:AH8) -> 0 | AM8: =SUM(AJ8:AL8) -> 0 | AQ8: =SUM(AN8:AP8) -> 0 | AU8: =SUM(AR8:AT8) -> 0 | AY8: =SUM(AV8:AX8) -> 0 | BA8: =+G8+K8+O8+S8+W8+AA8+AE8+AZ8+AI8+AM8+AQ8+AU8+AY8 -> 0 | BC8: =+BA8-BB8 -> 0 | BF8: =+BD8+BE8-BC8 -> 0 | BH8: =BF8+BG8 -> 0
B9: 1111058 | C9: ชิฟฟอนแยกชิ้น ชาเขียว | G9: =SUM(D9:F9) -> 0 | K9: =SUM(H9:J9) -> 0 | O9: =SUM(L9:N9) -> 0 | S9: =SUM(P9:R9) -> 0 | W9: =SUM(T9:V9) -> 0 | AA9: =SUM(X9:Z9) -> 0 | AE9: =SUM(AB9:AD9) -> 0 | AI9: =SUM(AF9:AH9) -> 0 | AM9: =SUM(AJ9:AL9) -> 0 | AQ9: =SUM(AN9:AP9) -> 0 | AU9: =SUM(AR9:AT9) -> 0 | AY9: =SUM(AV9:AX9) -> 0 | BA9: =+G9+K9+O9+S9+W9+AA9+AE9+AZ9+AI9+AM9+AQ9+AU9+AY9 -> 0 | BC9: =+BA9-BB9 -> 0 | BF9: =+BD9+BE9-BC9 -> 0 | BH9: =BF9+BG9 -> 0
B10: 1111059 | C10: ชิฟฟอนแยกชิ้น ใบเตย | G10: =SUM(D10:F10) -> 0 | K10: =SUM(H10:J10) -> 0 | O10: =SUM(L10:N10) -> 0 | S10: =SUM(P10:R10) -> 0 | W10: =SUM(T10:V10) -> 0 | AA10: =SUM(X10:Z10) -> 0 | AE10: =SUM(AB10:AD10) -> 0 | AI10: =SUM(AF10:AH10) -> 0 | AM10: =SUM(AJ10:AL10) -> 0 | AQ10: =SUM(AN10:AP10) -> 0 | AU10: =SUM(AR10:AT10) -> 0 | AY10: =SUM(AV10:AX10) -> 0 | BA10: =+G10+K10+O10+S10+W10+AA10+AE10+AZ10+AI10+AM10+AQ10+AU10+AY10 -> 0 | BC10: =+BA10-BB10 -> 0 | BF10: =+BD10+BE10-BC10 -> 0 | BH10: =BF10+BG10 -> 0
B11: 1111060 | C11: ชิฟฟอนแยกชิ้น กล้วยหอม | G11: =SUM(D11:F11) -> 0 | K11: =SUM(H11:J11) -> 0 | O11: =SUM(L11:N11) -> 0 | S11: =SUM(P11:R11) -> 0 | W11: =SUM(T11:V11) -> 0 | AA11: =SUM(X11:Z11) -> 0 | AE11: =SUM(AB11:AD11) -> 0 | AI11: =SUM(AF11:AH11) -> 0 | AM11: =SUM(AJ11:AL11) -> 0 | AQ11: =SUM(AN11:AP11) -> 0 | AU11: =SUM(AR11:AT11) -> 0 | AY11: =SUM(AV11:AX11) -> 0 | BA11: =+G11+K11+O11+S11+W11+AA11+AE11+AZ11+AI11+AM11+AQ11+AU11+AY11 -> 0 | BC11: =+BA11-BB11 -> 0 | BF11: =+BD11+BE11-BC11 -> 0 | BH11: =BF11+BG11 -> 0
B12: 1111061 | C12: ชิฟฟอนแยกชิ้น ชาไทย | G12: =SUM(D12:F12) -> 0 | K12: =SUM(H12:J12) -> 0 | O12: =SUM(L12:N12) -> 0 | S12: =SUM(P12:R12) -> 0 | W12: =SUM(T12:V12) -> 0 | AA12: =SUM(X12:Z12) -> 0 | AE12: =SUM(AB12:AD12) -> 0 | AI12: =SUM(AF12:AH12) -> 0 | AM12: =SUM(AJ12:AL12) -> 0 | AQ12: =SUM(AN12:AP12) -> 0 | AU12: =SUM(AR12:AT12) -> 0 | AY12: =SUM(AV12:AX12) -> 0 | BA12: =+G12+K12+O12+S12+W12+AA12+AE12+AZ12+AI12+AM12+AQ12+AU12+AY12 -> 0 | BC12: =+BA12-BB12 -> 0 | BF12: =+BD12+BE12-BC12 -> 0 | BH12: =BF12+BG12 -> 0
B13: 1111062 | C13: ชิฟฟอนแยกชิ้น โกโก้ | G13: =SUM(D13:F13) -> 0 | K13: =SUM(H13:J13) -> 0 | O13: =SUM(L13:N13) -> 0 | S13: =SUM(P13:R13) -> 0 | W13: =SUM(T13:V13) -> 0 | AA13: =SUM(X13:Z13) -> 0 | AE13: =SUM(AB13:AD13) -> 0 | AI13: =SUM(AF13:AH13) -> 0 | AM13: =SUM(AJ13:AL13) -> 0 | AQ13: =SUM(AN13:AP13) -> 0 | AU13: =SUM(AR13:AT13) -> 0 | AY13: =SUM(AV13:AX13) -> 0 | BA13: =+G13+K13+O13+S13+W13+AA13+AE13+AZ13+AI13+AM13+AQ13+AU13+AY13 -> 0 | BC13: =+BA13-BB13 -> 0 | BF13: =+BD13+BE13-BC13 -> 0 | BH13: =BF13+BG13 -> 0
B14: 1111063 | C14: ชิฟฟอนแยกชิ้น ส้ม | G14: =SUM(D14:F14) -> 0 | K14: =SUM(H14:J14) -> 0 | O14: =SUM(L14:N14) -> 0 | S14: =SUM(P14:R14) -> 0 | W14: =SUM(T14:V14) -> 0 | AA14: =SUM(X14:Z14) -> 0 | AE14: =SUM(AB14:AD14) -> 0 | AI14: =SUM(AF14:AH14) -> 0 | AM14: =SUM(AJ14:AL14) -> 0 | AQ14: =SUM(AN14:AP14) -> 0 | AU14: =SUM(AR14:AT14) -> 0 | AY14: =SUM(AV14:AX14) -> 0 | BA14: =+G14+K14+O14+S14+W14+AA14+AE14+AZ14+AI14+AM14+AQ14+AU14+AY14 -> 0 | BC14: =+BA14-BB14 -> 0 | BF14: =+BD14+BE14-BC14 -> 0 | BH14: =BF14+BG14 -> 0
B15: 1111064 | C15: ชิฟฟอนแยกชิ้น เผือก | G15: =SUM(D15:F15) -> 0 | K15: =SUM(H15:J15) -> 0 | O15: =SUM(L15:N15) -> 0 | S15: =SUM(P15:R15) -> 0 | W15: =SUM(T15:V15) -> 0 | AA15: =SUM(X15:Z15) -> 0 | AE15: =SUM(AB15:AD15) -> 0 | AI15: =SUM(AF15:AH15) -> 0 | AM15: =SUM(AJ15:AL15) -> 0 | AQ15: =SUM(AN15:AP15) -> 0 | AU15: =SUM(AR15:AT15) -> 0 | AY15: =SUM(AV15:AX15) -> 0 | BA15: =+G15+K15+O15+S15+W15+AA15+AE15+AZ15+AI15+AM15+AQ15+AU15+AY15 -> 0 | BC15: =+BA15-BB15 -> 0 | BF15: =+BD15+BE15-BC15 -> 0 | BH15: =BF15+BG15 -> 0
... B85: 200 | C85: เศษขนมปังปลา 1 กก. | G85: =SUM(D85:F85) -> 0 | K85: =SUM(H85:J85) -> 0 | O85: =SUM(L85:N85) -> 0 | S85: =SUM(P85:R85) -> 0 | W85: =SUM(T85:V85) -> 0 | AA85: =SUM(X85:Z85) -> 0 | AE85: =SUM(AB85:AD85) -> 0 | AI85: =SUM(AF85:AH85) -> 0 | AM85: =SUM(AJ85:AL85) -> 0 | AQ85: =SUM(AN85:AP85) -> 0 | AU85: =SUM(AR85:AT85) -> 0 | AY85: =SUM(AV85:AX85) -> 0 | BA85: =+G85+K85+O85+S85+W85+AA85+AE85+AZ85+AI85+AM85+AQ85+AU85+AY85 -> 0 | BC85: =+BA85-BB85 -> 0 | BF85: =+BD85+BE85-BC85 -> 0 | BH85: =BF85+BG85 -> 0
C86: ชิฟฟอน 4 ชิ้น มะพร้าวล้วน | G86: =SUM(D86:F86) -> 0 | K86: =SUM(H86:J86) -> 0 | O86: =SUM(L86:N86) -> 0 | S86: =SUM(P86:R86) -> 0 | W86: =SUM(T86:V86) -> 0 | AA86: =SUM(X86:Z86) -> 0 | AE86: =SUM(AB86:AD86) -> 0 | AI86: =SUM(AF86:AH86) -> 0 | AM86: =SUM(AJ86:AL86) -> 0 | AQ86: =SUM(AN86:AP86) -> 0 | AU86: =SUM(AR86:AT86) -> 0 | AY86: =SUM(AV86:AX86) -> 0 | BA86: =+G86+K86+O86+S86+W86+AA86+AE86+AZ86+AI86+AM86+AQ86+AU86+AY86 -> 0 | BB86: =+H86+L86+P86+T86+X86+AB86+AF86+BA86+AJ86+AN86+AR86+AV86+AZ86 -> 0 | BC86: =+BA86-BB86 -> 0 | BF86: =+BD86+BE86-BC86 -> 0 | BH86: =BF86+BG86 -> 0
C87: ชิฟฟอน 4 ชิ้น กาแฟล้วน | G87: =SUM(D87:F87) -> 0 | K87: =SUM(H87:J87) -> 0 | O87: =SUM(L87:N87) -> 0 | S87: =SUM(P87:R87) -> 0 | W87: =SUM(T87:V87) -> 0 | AA87: =SUM(X87:Z87) -> 0 | AE87: =SUM(AB87:AD87) -> 0 | AI87: =SUM(AF87:AH87) -> 0 | AM87: =SUM(AJ87:AL87) -> 0 | AQ87: =SUM(AN87:AP87) -> 0 | AU87: =SUM(AR87:AT87) -> 0 | AY87: =SUM(AV87:AX87) -> 0 | BA87: =+G87+K87+O87+S87+W87+AA87+AE87+AZ87+AI87+AM87+AQ87+AU87+AY87 -> 0 | BB87: =+H87+L87+P87+T87+X87+AB87+AF87+BA87+AJ87+AN87+AR87+AV87+AZ87 -> 0 | BC87: =+BA87-BB87 -> 0 | BF87: =+BD87+BE87-BC87 -> 0 | BH87: =BF87+BG87 -> 0
C88: ชิฟฟอน 4 ชิ้น ชาเขียวล้วน | G88: =SUM(D88:F88) -> 0 | K88: =SUM(H88:J88) -> 0 | O88: =SUM(L88:N88) -> 0 | S88: =SUM(P88:R88) -> 0 | W88: =SUM(T88:V88) -> 0 | AA88: =SUM(X88:Z88) -> 0 | AE88: =SUM(AB88:AD88) -> 0 | AI88: =SUM(AF88:AH88) -> 0 | AM88: =SUM(AJ88:AL88) -> 0 | AQ88: =SUM(AN88:AP88) -> 0 | AU88: =SUM(AR88:AT88) -> 0 | AY88: =SUM(AV88:AX88) -> 0 | BA88: =+G88+K88+O88+S88+W88+AA88+AE88+AZ88+AI88+AM88+AQ88+AU88+AY88 -> 0 | BB88: =+H88+L88+P88+T88+X88+AB88+AF88+BA88+AJ88+AN88+AR88+AV88+AZ88 -> 0 | BC88: =+BA88-BB88 -> 0 | BF88: =+BD88+BE88-BC88 -> 0 | BH88: =BF88+BG88 -> 0
C89: ชิฟฟอน 4 ชิ้น ใบเตยล้วน | G89: =SUM(D89:F89) -> 0 | K89: =SUM(H89:J89) -> 0 | O89: =SUM(L89:N89) -> 0 | S89: =SUM(P89:R89) -> 0 | W89: =SUM(T89:V89) -> 0 | AA89: =SUM(X89:Z89) -> 0 | AE89: =SUM(AB89:AD89) -> 0 | AI89: =SUM(AF89:AH89) -> 0 | AM89: =SUM(AJ89:AL89) -> 0 | AQ89: =SUM(AN89:AP89) -> 0 | AU89: =SUM(AR89:AT89) -> 0 | AY89: =SUM(AV89:AX89) -> 0 | BA89: =+G89+K89+O89+S89+W89+AA89+AE89+AZ89+AI89+AM89+AQ89+AU89+AY89 -> 0 | BB89: =+H89+L89+P89+T89+X89+AB89+AF89+BA89+AJ89+AN89+AR89+AV89+AZ89 -> 0 | BC89: =+BA89-BB89 -> 0 | BF89: =+BD89+BE89-BC89 -> 0 | BH89: =BF89+BG89 -> 0
B90: 1111084 | C90: ชิฟฟอน 8 ชิ้น กาแฟล้วน | G90: =SUM(D90:F90) -> 0 | K90: =SUM(H90:J90) -> 0 | O90: =SUM(L90:N90) -> 0 | S90: =SUM(P90:R90) -> 0 | W90: =SUM(T90:V90) -> 0 | AA90: =SUM(X90:Z90) -> 0 | AE90: =SUM(AB90:AD90) -> 0 | AI90: =SUM(AF90:AH90) -> 0 | AM90: =SUM(AJ90:AL90) -> 0 | AQ90: =SUM(AN90:AP90) -> 0 | AU90: =SUM(AR90:AT90) -> 0 | AY90: =SUM(AV90:AX90) -> 0 | BA90: =+G90+K90+O90+S90+W90+AA90+AE90+AZ90+AI90+AM90+AQ90+AU90+AY90 -> 0 | BB90: =+H90+L90+P90+T90+X90+AB90+AF90+BA90+AJ90+AN90+AR90+AV90+AZ90 -> 0 | BC90: =+BA90-BB90 -> 0 | BF90: =+BD90+BE90-BC90 -> 0 | BH90: =BF90+BG90 -> 0
B91: 1111085 | C91: ชิฟฟอน 8 ชิ้น บลูเบอรี่ล้วน | G91: =SUM(D91:F91) -> 0 | K91: =SUM(H91:J91) -> 0 | O91: =SUM(L91:N91) -> 0 | S91: =SUM(P91:R91) -> 0 | W91: =SUM(T91:V91) -> 0 | AA91: =SUM(X91:Z91) -> 0 | AE91: =SUM(AB91:AD91) -> 0 | AI91: =SUM(AF91:AH91) -> 0 | AM91: =SUM(AJ91:AL91) -> 0 | AQ91: =SUM(AN91:AP91) -> 0 | AU91: =SUM(AR91:AT91) -> 0 | AY91: =SUM(AV91:AX91) -> 0 | BA91: =+G91+K91+O91+S91+W91+AA91+AE91+AZ91+AI91+AM91+AQ91+AU91+AY91 -> 0 | BB91: =+H91+L91+P91+T91+X91+AB91+AF91+BA91+AJ91+AN91+AR91+AV91+AZ91 -> 0 | BC91: =+BA91-BB91 -> 0 | BF91: =+BD91+BE91-BC91 -> 0 | BH91: =BF91+BG91 -> 0
B92: 1111086 | C92: ชิฟฟอน 8 ชิ้น มะพร้าวล้วน | G92: =SUM(D92:F92) -> 0 | K92: =SUM(H92:J92) -> 0 | O92: =SUM(L92:N92) -> 0 | S92: =SUM(P92:R92) -> 0 | W92: =SUM(T92:V92) -> 0 | AA92: =SUM(X92:Z92) -> 0 | AE92: =SUM(AB92:AD92) -> 0 | AI92: =SUM(AF92:AH92) -> 0 | AM92: =SUM(AJ92:AL92) -> 0 | AQ92: =SUM(AN92:AP92) -> 0 | AU92: =SUM(AR92:AT92) -> 0 | AY92: =SUM(AV92:AX92) -> 0 | BA92: =+G92+K92+O92+S92+W92+AA92+AE92+AZ92+AI92+AM92+AQ92+AU92+AY92 -> 0 | BB92: =+H92+L92+P92+T92+X92+AB92+AF92+BA92+AJ92+AN92+AR92+AV92+AZ92 -> 0 | BC92: =+BA92-BB92 -> 0 | BF92: =+BD92+BE92-BC92 -> 0 | BH92: =BF92+BG92 -> 0
B93: 1111087 | C93: ชิฟฟอน 8 ชิ้น สตอเบอรี่ล้วน | G93: =SUM(D93:F93) -> 0 | K93: =SUM(H93:J93) -> 0 | O93: =SUM(L93:N93) -> 0 | S93: =SUM(P93:R93) -> 0 | W93: =SUM(T93:V93) -> 0 | AA93: =SUM(X93:Z93) -> 0 | AE93: =SUM(AB93:AD93) -> 0 | AI93: =SUM(AF93:AH93) -> 0 | AM93: =SUM(AJ93:AL93) -> 0 | AQ93: =SUM(AN93:AP93) -> 0 | AU93: =SUM(AR93:AT93) -> 0 | AY93: =SUM(AV93:AX93) -> 0 | BA93: =+G93+K93+O93+S93+W93+AA93+AE93+AZ93+AI93+AM93+AQ93+AU93+AY93 -> 0 | BB93: =+H93+L93+P93+T93+X93+AB93+AF93+BA93+AJ93+AN93+AR93+AV93+AZ93 -> 0 | BC93: =+BA93-BB93 -> 0 | BF93: =+BD93+BE93-BC93 -> 0 | BH93: =BF93+BG93 -> 0
B94: 1111088 | C94: ชิฟฟอน 8 ชิ้น ส้มล้วน | G94: =SUM(D94:F94) -> 0 | K94: =SUM(H94:J94) -> 0 | O94: =SUM(L94:N94) -> 0 | S94: =SUM(P94:R94) -> 0 | W94: =SUM(T94:V94) -> 0 | AA94: =SUM(X94:Z94) -> 0 | AE94: =SUM(AB94:AD94) -> 0 | AI94: =SUM(AF94:AH94) -> 0 | AM94: =SUM(AJ94:AL94) -> 0 | AQ94: =SUM(AN94:AP94) -> 0 | AU94: =SUM(AR94:AT94) -> 0 | AY94: =SUM(AV94:AX94) -> 0 | BA94: =+G94+K94+O94+S94+W94+AA94+AE94+AZ94+AI94+AM94+AQ94+AU94+AY94 -> 0 | BB94: =+H94+L94+P94+T94+X94+AB94+AF94+BA94+AJ94+AN94+AR94+AV94+AZ94 -> 0 | BC94: =+BA94-BB94 -> 0 | BF94: =+BD94+BE94-BC94 -> 0 | BH94: =BF94+BG94 -> 0
B95: 1111089 | C95: ชิฟฟอน 8 ชิ้น เนยล้วน | G95: =SUM(D95:F95) -> 0 | K95: =SUM(H95:J95) -> 0 | O95: =SUM(L95:N95) -> 0 | S95: =SUM(P95:R95) -> 0 | W95: =SUM(T95:V95) -> 0 | AA95: =SUM(X95:Z95) -> 0 | AE95: =SUM(AB95:AD95) -> 0 | AI95: =SUM(AF95:AH95) -> 0 | AM95: =SUM(AJ95:AL95) -> 0 | AQ95: =SUM(AN95:AP95) -> 0 | AU95: =SUM(AR95:AT95) -> 0 | AY95: =SUM(AV95:AX95) -> 0 | BA95: =+G95+K95+O95+S95+W95+AA95+AE95+AZ95+AI95+AM95+AQ95+AU95+AY95 -> 0 | BB95: =+H95+L95+P95+T95+X95+AB95+AF95+BA95+AJ95+AN95+AR95+AV95+AZ95 -> 0 | BC95: =+BA95-BB95 -> 0 | BF95: =+BD95+BE95-BC95 -> 0 | BH95: =BF95+BG95 -> 0
B96: 1111090 | C96: ชิฟฟอน 8 ชิ้น เผือกล้วน | G96: =SUM(D96:F96) -> 0 | K96: =SUM(H96:J96) -> 0 | O96: =SUM(L96:N96) -> 0 | S96: =SUM(P96:R96) -> 0 | W96: =SUM(T96:V96) -> 0 | AA96: =SUM(X96:Z96) -> 0 | AE96: =SUM(AB96:AD96) -> 0 | AI96: =SUM(AF96:AH96) -> 0 | AM96: =SUM(AJ96:AL96) -> 0 | AQ96: =SUM(AN96:AP96) -> 0 | AU96: =SUM(AR96:AT96) -> 0 | AY96: =SUM(AV96:AX96) -> 0 | BA96: =+G96+K96+O96+S96+W96+AA96+AE96+AZ96+AI96+AM96+AQ96+AU96+AY96 -> 0 | BB96: =+H96+L96+P96+T96+X96+AB96+AF96+BA96+AJ96+AN96+AR96+AV96+AZ96 -> 0 | BC96: =+BA96-BB96 -> 0 | BF96: =+BD96+BE96-BC96 -> 0 | BH96: =BF96+BG96 -> 0
B97: 1111091 | C97: ชิฟฟอน 8 ชิ้น ใบเตยล้วน | G97: =SUM(D97:F97) -> 0 | K97: =SUM(H97:J97) -> 0 | O97: =SUM(L97:N97) -> 0 | S97: =SUM(P97:R97) -> 0 | W97: =SUM(T97:V97) -> 0 | AA97: =SUM(X97:Z97) -> 0 | AE97: =SUM(AB97:AD97) -> 0 | AI97: =SUM(AF97:AH97) -> 0 | AM97: =SUM(AJ97:AL97) -> 0 | AQ97: =SUM(AN97:AP97) -> 0 | AU97: =SUM(AR97:AT97) -> 0 | AY97: =SUM(AV97:AX97) -> 0 | BA97: =+G97+K97+O97+S97+W97+AA97+AE97+AZ97+AI97+AM97+AQ97+AU97+AY97 -> 0 | BB97: =+H97+L97+P97+T97+X97+AB97+AF97+BA97+AJ97+AN97+AR97+AV97+AZ97 -> 0 | BC97: =+BA97-BB97 -> 0 | BF97: =+BD97+BE97-BC97 -> 0 | BH97: =BF97+BG97 -> 0
B98: 1111092 | C98: ชิฟฟอน 8 ชิ้น กล้วยหอม | G98: =SUM(D98:F98) -> 0 | K98: =SUM(H98:J98) -> 0 | O98: =SUM(L98:N98) -> 0 | S98: =SUM(P98:R98) -> 0 | W98: =SUM(T98:V98) -> 0 | AA98: =SUM(X98:Z98) -> 0 | AE98: =SUM(AB98:AD98) -> 0 | AI98: =SUM(AF98:AH98) -> 0 | AM98: =SUM(AJ98:AL98) -> 0 | AQ98: =SUM(AN98:AP98) -> 0 | AU98: =SUM(AR98:AT98) -> 0 | AY98: =SUM(AV98:AX98) -> 0 | BA98: =+G98+K98+O98+S98+W98+AA98+AE98+AZ98+AI98+AM98+AQ98+AU98+AY98 -> 0 | BB98: =+H98+L98+P98+T98+X98+AB98+AF98+BA98+AJ98+AN98+AR98+AV98+AZ98 -> 0 | BC98: =+BA98-BB98 -> 0 | BF98: =+BD98+BE98-BC98 -> 0 | BH98: =BF98+BG98 -> 0
B99: 1111093 | C99: ชิฟฟอน 8 ชิ้น โกโก้ล้วน | G99: =SUM(D99:F99) -> 0 | K99: =SUM(H99:J99) -> 0 | O99: =SUM(L99:N99) -> 0 | S99: =SUM(P99:R99) -> 0 | W99: =SUM(T99:V99) -> 0 | AA99: =SUM(X99:Z99) -> 0 | AE99: =SUM(AB99:AD99) -> 0 | AI99: =SUM(AF99:AH99) -> 0 | AM99: =SUM(AJ99:AL99) -> 0 | AQ99: =SUM(AN99:AP99) -> 0 | AU99: =SUM(AR99:AT99) -> 0 | AY99: =SUM(AV99:AX99) -> 0 | BA99: =+G99+K99+O99+S99+W99+AA99+AE99+AZ99+AI99+AM99+AQ99+AU99+AY99 -> 0 | BB99: =+H99+L99+P99+T99+X99+AB99+AF99+BA99+AJ99+AN99+AR99+AV99+AZ99 -> 0 | BC99: =+BA99-BB99 -> 0 | BF99: =+BD99+BE99-BC99 -> 0 | BH99: =BF99+BG99 -> 0
B100: 1111094 | C100: ชิฟฟอน 8 ชิ้น ชาไทยล้วน | G100: =SUM(D100:F100) -> 0 | K100: =SUM(H100:J100) -> 0 | O100: =SUM(L100:N100) -> 0 | S100: =SUM(P100:R100) -> 0 | W100: =SUM(T100:V100) -> 0 | AA100: =SUM(X100:Z100) -> 0 | AE100: =SUM(AB100:AD100) -> 0 | AI100: =SUM(AF100:AH100) -> 0 | AM100: =SUM(AJ100:AL100) -> 0 | AQ100: =SUM(AN100:AP100) -> 0 | AU100: =SUM(AR100:AT100) -> 0 | AY100: =SUM(AV100:AX100) -> 0 | BA100: =+G100+K100+O100+S100+W100+AA100+AE100+AZ100+AI100+AM100+AQ100+AU100+AY100 -> 0 | BB100: =+H100+L100+P100+T100+X100+AB100+AF100+BA100+AJ100+AN100+AR100+AV100+AZ100 -> 0 | BC100: =+BA100-BB100 -> 0 | BF100: =+BD100+BE100-BC100 -> 0 | BH100: =BF100+BG100 -> 0
B101: 1111095 | C101: ชิฟฟอน 8 ชิ้น ชาเขียวล้วน | G101: =SUM(D101:F101) -> 0 | K101: =SUM(H101:J101) -> 0 | O101: =SUM(L101:N101) -> 0 | S101: =SUM(P101:R101) -> 0 | W101: =SUM(T101:V101) -> 0 | AA101: =SUM(X101:Z101) -> 0 | AE101: =SUM(AB101:AD101) -> 0 | AI101: =SUM(AF101:AH101) -> 0 | AM101: =SUM(AJ101:AL101) -> 0 | AQ101: =SUM(AN101:AP101) -> 0 | AU101: =SUM(AR101:AT101) -> 0 | AY101: =SUM(AV101:AX101) -> 0 | BA101: =+G101+K101+O101+S101+W101+AA101+AE101+AZ101+AI101+AM101+AQ101+AU101+AY101 -> 0 | BB101: =+H101+L101+P101+T101+X101+AB101+AF101+BA101+AJ101+AN101+AR101+AV101+AZ101 -> 0 | BC101: =+BA101-BB101 -> 0 | BF101: =+BD101+BE101-BC101 -> 0 | BH101: =BF101+BG101 -> 0
... B117: 1005984 | C117: แซนด์วิชปูอัดสาหร่าย ไร้ขอบ | G117: =SUM(D117:F117) -> 0 | K117: =SUM(H117:J117) -> 0 | O117: =SUM(L117:N117) -> 0 | S117: =SUM(P117:R117) -> 0 | W117: =SUM(T117:V117) -> 0 | AA117: =SUM(X117:Z117) -> 0 | AE117: =SUM(AB117:AD117) -> 0 | AI117: =SUM(AF117:AH117) -> 0 | AM117: =SUM(AJ117:AL117) -> 0 | AQ117: =SUM(AN117:AP117) -> 0 | AU117: =SUM(AR117:AT117) -> 0 | AY117: =SUM(AV117:AX117) -> 0 | BA117: =+G117+K117+O117+S117+W117+AA117+AE117+AZ117+AI117+AM117+AQ117+AU117+AY117 -> 0 | BB117: =+H117+L117+P117+T117+X117+AB117+AF117+BA117+AJ117+AN117+AR117+AV117+AZ117 -> 0 | BC117: =+BA117-BB117 -> 0 | BF117: =+BD117+BE117-BC117 -> 0 | BH117: =BF117+BG117 -> 0
B118: 1005995 | C118: แซนด์วิชปูอัด ไร้ขอบ | G118: =SUM(D118:F118) -> 0 | K118: =SUM(H118:J118) -> 0 | O118: =SUM(L118:N118) -> 0 | S118: =SUM(P118:R118) -> 0 | W118: =SUM(T118:V118) -> 0 | BA118: =+G118+K118+O118+S118+W118+AA118+AE118+AZ118+AI118+AM118+AQ118+AU118+AY118 -> 0 | BB118: =+H118+L118+P118+T118+X118+AB118+AF118+BA118+AJ118+AN118+AR118+AV118+AZ118 -> 0 | BC118: =+BA118-BB118 -> 0 | BF118: =+BD118+BE118-BC118 -> 0 | BH118: =BF118+BG118 -> 0
B119: 1005996 | C119: แซนด์วิช หมูหยองชีส ไร้ขอบ | G119: =SUM(D119:F119) -> 0 | K119: =SUM(H119:J119) -> 0 | O119: =SUM(L119:N119) -> 0 | S119: =SUM(P119:R119) -> 0 | W119: =SUM(T119:V119) -> 0 | BA119: =+G119+K119+O119+S119+W119+AA119+AE119+AZ119+AI119+AM119+AQ119+AU119+AY119 -> 0 | BB119: =+H119+L119+P119+T119+X119+AB119+AF119+BA119+AJ119+AN119+AR119+AV119+AZ119 -> 0 | BC119: =+BA119-BB119 -> 0 | BF119: =+BD119+BE119-BC119 -> 0 | BH119: =BF119+BG119 -> 0
B120: 1005999 | C120: แซนด์วิชแฮมชีส_WWN ไร้ขอบ | G120: =SUM(D120:F120) -> 0 | K120: =SUM(H120:J120) -> 0 | O120: =SUM(L120:N120) -> 0 | S120: =SUM(P120:R120) -> 0 | W120: =SUM(T120:V120) -> 0 | BA120: =+G120+K120+O120+S120+W120+AA120+AE120+AZ120+AI120+AM120+AQ120+AU120+AY120 -> 0 | BB120: =+H120+L120+P120+T120+X120+AB120+AF120+BA120+AJ120+AN120+AR120+AV120+AZ120 -> 0 | BC120: =+BA120-BB120 -> 0 | BF120: =+BD120+BE120-BC120 -> 0 | BH120: =BF120+BG120 -> 0
B121: 1005998 | C121: แซนด์วิช โฮลวีทแฮมชีส ไร้ขอบ | G121: =SUM(D121:F121) -> 0 | K121: =SUM(H121:J121) -> 0 | O121: =SUM(L121:N121) -> 0 | S121: =SUM(P121:R121) -> 0 | W121: =SUM(T121:V121) -> 0 | BA121: =+G121+K121+O121+S121+W121+AA121+AE121+AZ121+AI121+AM121+AQ121+AU121+AY121 -> 0 | BB121: =+H121+L121+P121+T121+X121+AB121+AF121+BA121+AJ121+AN121+AR121+AV121+AZ121 -> 0 | BC121: =+BA121-BB121 -> 0 | BF121: =+BD121+BE121-BC121 -> 0 | BH121: =BF121+BG121 -> 0
B122: 1006000 | C122: แซนด์วิช โฮลวีททูน่า ไร้ขอบ | G122: =SUM(D122:F122) -> 0 | K122: =SUM(H122:J122) -> 0 | O122: =SUM(L122:N122) -> 0 | S122: =SUM(P122:R122) -> 0 | W122: =SUM(T122:V122) -> 0 | BA122: =+G122+K122+O122+S122+W122+AA122+AE122+AZ122+AI122+AM122+AQ122+AU122+AY122 -> 0 | BB122: =+H122+L122+P122+T122+X122+AB122+AF122+BA122+AJ122+AN122+AR122+AV122+AZ122 -> 0 | BC122: =+BA122-BB122 -> 0 | BF122: =+BD122+BE122-BC122 -> 0 | BH122: =BF122+BG122 -> 0
B123: 20049129 | C123: Wan WN_ แซนวิชทูน่าแฮม 115g | G123: =SUM(D123:F123) -> 0 | K123: =SUM(H123:J123) -> 0 | O123: =SUM(L123:N123) -> 0 | S123: =SUM(P123:R123) -> 0 | W123: =SUM(T123:V123) -> 0 | BA123: =+G123+K123+O123+S123+W123+AA123+AE123+AZ123+AI123+AM123+AQ123+AU123+AY123 -> 0 | BB123: =+H123+L123+P123+T123+X123+AB123+AF123+BA123+AJ123+AN123+AR123+AV123+AZ123 -> 0 | BC123: =+BA123-BB123 -> 0 | BF123: =+BD123+BE123-BC123 -> 0 | BH123: =BF123+BG123 -> 0
B124: 20049130 | C124: WanWN_ แซนวิชแฮมชีส 95g | G124: =SUM(D124:F124) -> 0 | K124: =SUM(H124:J124) -> 0 | O124: =SUM(L124:N124) -> 0 | S124: =SUM(P124:R124) -> 0 | W124: =SUM(T124:V124) -> 0 | BA124: =+G124+K124+O124+S124+W124+AA124+AE124+AZ124+AI124+AM124+AQ124+AU124+AY124 -> 0 | BB124: =+H124+L124+P124+T124+X124+AB124+AF124+BA124+AJ124+AN124+AR124+AV124+AZ124 -> 0 | BC124: =+BA124-BB124 -> 0 | BF124: =+BD124+BE124-BC124 -> 0 | BH124: =BF124+BG124 -> 0
B125: 1004081 | C125: ครีมฮอร์นไส้วิป ใบเตย | G125: =SUM(D125:F125) -> 0 | K125: =SUM(H125:J125) -> 0 | O125: =SUM(L125:N125) -> 0 | S125: =SUM(P125:R125) -> 0 | W125: =SUM(T125:V125) -> 0 | BA125: =+G125+K125+O125+S125+W125+AA125+AE125+AZ125+AI125+AM125+AQ125+AU125+AY125 -> 0 | BB125: =+H125+L125+P125+T125+X125+AB125+AF125+BA125+AJ125+AN125+AR125+AV125+AZ125 -> 0 | BC125: =+BA125-BB125 -> 0 | BF125: =+BD125+BE125-BC125 -> 0 | BH125: =BF125+BG125 -> 0
B126: 1004080 | C126: ครีมฮอร์นไส้วิป วนิลา | G126: =SUM(D126:F126) -> 0 | K126: =SUM(H126:J126) -> 0 | O126: =SUM(L126:N126) -> 0 | S126: =SUM(P126:R126) -> 0 | W126: =SUM(T126:V126) -> 0 | BA126: =+G126+K126+O126+S126+W126+AA126+AE126+AZ126+AI126+AM126+AQ126+AU126+AY126 -> 0 | BB126: =+H126+L126+P126+T126+X126+AB126+AF126+BA126+AJ126+AN126+AR126+AV126+AZ126 -> 0 | BC126: =+BA126-BB126 -> 0 | BF126: =+BD126+BE126-BC126 -> 0 | BH126: =BF126+BG126 -> 0
B127: 3001200 | C127: ครีมฮอร์นไส้วิป ช็อคโกแลต | G127: =SUM(D127:F127) -> 0 | K127: =SUM(H127:J127) -> 0 | O127: =SUM(L127:N127) -> 0 | S127: =SUM(P127:R127) -> 0 | W127: =SUM(T127:V127) -> 0 | BA127: =+G127+K127+O127+S127+W127+AA127+AE127+AZ127+AI127+AM127+AQ127+AU127+AY127 -> 0 | BB127: =+H127+L127+P127+T127+X127+AB127+AF127+BA127+AJ127+AN127+AR127+AV127+AZ127 -> 0 | BC127: =+BA127-BB127 -> 0 | BF127: =+BD127+BE127-BC127 -> 0 | BH127: =BF127+BG127 -> 0
B128: 1004048 | C128: ขนมปังหิมะฮอกไกโด | G128: =SUM(D128:F128) -> 0 | K128: =SUM(H128:J128) -> 0 | O128: =SUM(L128:N128) -> 0 | S128: =SUM(P128:R128) -> 0 | W128: =SUM(T128:V128) -> 0 | BA128: =+G128+K128+O128+S128+W128+AA128+AE128+AZ128+AI128+AM128+AQ128+AU128+AY128 -> 0 | BB128: =+H128+L128+P128+T128+X128+AB128+AF128+BA128+AJ128+AN128+AR128+AV128+AZ128 -> 0 | BC128: =+BA128-BB128 -> 0 | BF128: =+BD128+BE128-BC128 -> 0 | BH128: =BF128+BG128 -> 0
B129: 1004047 | C129: ขนมปังลาวาไข่เค็ม | G129: =SUM(D129:F129) -> 0 | K129: =SUM(H129:J129) -> 0 | O129: =SUM(L129:N129) -> 0 | S129: =SUM(P129:R129) -> 0 | W129: =SUM(T129:V129) -> 0 | BA129: =+G129+K129+O129+S129+W129+AA129+AE129+AZ129+AI129+AM129+AQ129+AU129+AY129 -> 0 | BB129: =+H129+L129+P129+T129+X129+AB129+AF129+BA129+AJ129+AN129+AR129+AV129+AZ129 -> 0 | BC129: =+BA129-BB129 -> 0 | BF129: =+BD129+BE129-BC129 -> 0 | BH129: =BF129+BG129 -> 0
... B141: 1112400 | C141: ขนมปังอบกรอบ รสคาราเมล | G141: =SUM(D141:F141) -> 0 | K141: =SUM(H141:J141) -> 0 | O141: =SUM(L141:N141) -> 0 | S141: =SUM(P141:R141) -> 0 | W141: =SUM(T141:V141) -> 0 | BA141: =+G141+K141+O141+S141+W141+AA141+AE141+AZ141+AI141+AM141+AQ141+AU141+AY141 -> 0 | BB141: =+H141+L141+P141+T141+X141+AB141+AF141+BA141+AJ141+AN141+AR141+AV141+AZ141 -> 0 | BC141: =+BA141-BB141 -> 0 | BF141: =+BD141+BE141-BC141 -> 0 | BH141: =BF141+BG141 -> 0
C142: ชิฟฟ่อนไม่มีไส้ 3 ชิ้น | G142: =SUM(D142:F142) -> 0 | K142: =SUM(H142:J142) -> 0 | O142: =SUM(L142:N142) -> 0 | S142: =SUM(P142:R142) -> 0 | W142: =SUM(T142:V142) -> 0 | BA142: =+G142+K142+O142+S142+W142+AA142+AE142+AZ142+AI142+AM142+AQ142+AU142+AY142 -> 0 | BB142: =+H142+L142+P142+T142+X142+AB142+AF142+BA142+AJ142+AN142+AR142+AV142+AZ142 -> 0 | BC142: =+BA142-BB142 -> 0 | BF142: =+BD142+BE142-BC142 -> 0 | BH142: =BF142+BG142 -> 0
B143: 1113081 | C143: ชิฟฟอนไส้แยม วนิลา/ใบเตย/เมล่อน | G143: =SUM(D143:F143) -> 0 | K143: =SUM(H143:J143) -> 0 | O143: =SUM(L143:N143) -> 0 | S143: =SUM(P143:R143) -> 0 | W143: =SUM(T143:V143) -> 0 | BA143: =+G143+K143+O143+S143+W143+AA143+AE143+AZ143+AI143+AM143+AQ143+AU143+AY143 -> 0 | BB143: =+H143+L143+P143+T143+X143+AB143+AF143+BA143+AJ143+AN143+AR143+AV143+AZ143 -> 0 | BC143: =+BA143-BB143 -> 0 | BF143: =+BD143+BE143-BC143 -> 0 | BH143: =BF143+BG143 -> 0
C144: ถุงกระดาษ | G144: =SUM(D144:F144) -> 0 | K144: =SUM(H144:J144) -> 0 | O144: =SUM(L144:N144) -> 0 | S144: =SUM(P144:R144) -> 0 | W144: =SUM(T144:V144) -> 0 | BA144: =+G144+K144+O144+S144+W144+AA144+AE144+AZ144+AI144+AM144+AQ144+AU144+AY144 -> 0 | BB144: =+H144+L144+P144+T144+X144+AB144+AF144+BA144+AJ144+AN144+AR144+AV144+AZ144 -> 0 | BC144: =+BA144-BB144 -> 0 | BF144: =+BD144+BE144-BC144 -> 0 | BH144: =BF144+BG144 -> 0
B145: 1004061 | C145: ชิฟฟอนเค้ก สอดไส้ครีมมะพร้าว (2 ชิ้น) | G145: =SUM(D145:F145) -> 0 | K145: =SUM(H145:J145) -> 0 | O145: =SUM(L145:N145) -> 0 | S145: =SUM(P145:R145) -> 0 | W145: =SUM(T145:V145) -> 0 | BA145: =+G145+K145+O145+S145+W145+AA145+AE145+AZ145+AI145+AM145+AQ145+AU145+AY145 -> 0 | BB145: =+H145+L145+P145+T145+X145+AB145+AF145+BA145+AJ145+AN145+AR145+AV145+AZ145 -> 0 | BC145: =+BA145-BB145 -> 0 | BF145: =+BD145+BE145-BC145 -> 0 | BH145: =BF145+BG145 -> 0
B146: 1007020 | C146: เอแคลร์ชาไทย | G146: =SUM(D146:F146) -> 0 | K146: =SUM(H146:J146) -> 0 | O146: =SUM(L146:N146) -> 0 | S146: =SUM(P146:R146) -> 0 | BA146: =+G146+K146+O146+S146+W146+AA146+AE146+AZ146+AI146+AM146+AQ146+AU146+AY146 -> 0 | BB146: =+H146+L146+P146+T146+X146+AB146+AF146+BA146+AJ146+AN146+AR146+AV146+AZ146 -> 0 | BC146: =+BA146-BB146 -> 0 | BF146: =+BD146+BE146-BC146 -> 0 | BH146: =BF146+BG146 -> 0
B147: 1111006 | C147: ชิฟฟ่อนสอดไส้มะพร้าว 8 ชิ้น | G147: =SUM(D147:F147) -> 0 | K147: =SUM(H147:J147) -> 0 | O147: =SUM(L147:N147) -> 0 | S147: =SUM(P147:R147) -> 0 | BA147: =+G147+K147+O147+S147+W147+AA147+AE147+AZ147+AI147+AM147+AQ147+AU147+AY147 -> 0 | BB147: =+H147+L147+P147+T147+X147+AB147+AF147+BA147+AJ147+AN147+AR147+AV147+AZ147 -> 0 | BC147: =+BA147-BB147 -> 0 | BF147: =+BD147+BE147-BC147 -> 0 | BH147: =BF147+BG147 -> 0
B148: 1111004 | C148: ชิฟฟ่อนเค้ก สอดไส้ครีมมะพร้าว (4 ชิ้น) | G148: =SUM(D148:F148) -> 0 | K148: =SUM(H148:J148) -> 0 | O148: =SUM(L148:N148) -> 0 | S148: =SUM(P148:R148) -> 0 | BA148: =+G148+K148+O148+S148+W148+AA148+AE148+AZ148+AI148+AM148+AQ148+AU148+AY148 -> 0 | BB148: =+H148+L148+P148+T148+X148+AB148+AF148+BA148+AJ148+AN148+AR148+AV148+AZ148 -> 0 | BC148: =+BA148-BB148 -> 0 | BF148: =+BD148+BE148-BC148 -> 0 | BH148: =BF148+BG148 -> 0
B149: 1111005 | C149: ชิฟฟ่อนเค้ก สอดไส้ครีมมะพร้าว (5 ชิ้น) | G149: =SUM(D149:F149) -> 0 | K149: =SUM(H149:J149) -> 0 | O149: =SUM(L149:N149) -> 0 | S149: =SUM(P149:R149) -> 0 | BA149: =+G149+K149+O149+S149+W149+AA149+AE149+AZ149+AI149+AM149+AQ149+AU149+AY149 -> 0 | BB149: =+H149+L149+P149+T149+X149+AB149+AF149+BA149+AJ149+AN149+AR149+AV149+AZ149 -> 0 | BC149: =+BA149-BB149 -> 0 | BF149: =+BD149+BE149-BC149 -> 0 | BH149: =BF149+BG149 -> 0
B150: 1111123 | C150: ชิฟฟ่อนเค้กไก่หยอง | G150: =SUM(D150:F150) -> 0 | K150: =SUM(H150:J150) -> 0 | O150: =SUM(L150:N150) -> 0 | S150: =SUM(P150:R150) -> 0 | BA150: =+G150+K150+O150+S150+W150+AA150+AE150+AZ150+AI150+AM150+AQ150+AU150+AY150 -> 0 | BB150: =+H150+L150+P150+T150+X150+AB150+AF150+BA150+AJ150+AN150+AR150+AV150+AZ150 -> 0 | BC150: =+BA150-BB150 -> 0 | BF150: =+BD150+BE150-BC150 -> 0 | BH150: =BF150+BG150 -> 0
B151: 1111122 | C151: นมปรุงแต่งชนิดเม็ด รสหวาน | G151: =SUM(D151:F151) -> 0 | K151: =SUM(H151:J151) -> 0 | O151: =SUM(L151:N151) -> 0 | S151: =SUM(P151:R151) -> 0 | BA151: =+G151+K151+O151+S151+W151+AA151+AE151+AZ151+AI151+AM151+AQ151+AU151+AY151 -> 0 | BB151: =+H151+L151+P151+T151+X151+AB151+AF151+BA151+AJ151+AN151+AR151+AV151+AZ151 -> 0 | BC151: =+BA151-BB151 -> 0 | BF151: =+BD151+BE151-BC151 -> 0 | BH151: =BF151+BG151 -> 0
B152: 1006982 | C152: ชูครีม ไส้ครีม | G152: =SUM(D152:F152) -> 0 | K152: =SUM(H152:J152) -> 0 | O152: =SUM(L152:N152) -> 0 | S152: =SUM(P152:R152) -> 0 | BA152: =+G152+K152+O152+S152+W152+AA152+AE152+AZ152+AI152+AM152+AQ152+AU152+AY152 -> 0 | BB152: =+H152+L152+P152+T152+X152+AB152+AF152+BA152+AJ152+AN152+AR152+AV152+AZ152 -> 0 | BC152: =+BA152-BB152 -> 0 | BF152: =+BD152+BE152-BC152 -> 0 | BH152: =BF152+BG152 -> 0
C153: กล่องเปล่า | G153: =SUM(D153:F153) -> 0 | K153: =SUM(H153:J153) -> 0 | O153: =SUM(L153:N153) -> 0 | S153: =SUM(P153:R153) -> 0 | BA153: =+G153+K153+O153+S153+W153+AA153+AE153+AZ153+AI153+AM153+AQ153+AU153+AY153 -> 0 | BB153: =+H153+L153+P153+T153+X153+AB153+AF153+BA153+AJ153+AN153+AR153+AV153+AZ153 -> 0 | BC153: =+BA153-BB153 -> 0 | BF153: =+BD153+BE153-BC153 -> 0 | BH153: =BF153+BG153 -> 0
B154: 1006987 | C154: มินิบันไก่หยองน้ำสลัดไส้ทะลัก | G154: =SUM(D154:F154) -> 0 | K154: =SUM(H154:J154) -> 0 | O154: =SUM(L154:N154) -> 0 | S154: =SUM(P154:R154) -> 0 | BA154: =+G154+K154+O154+S154+W154+AA154+AE154+AZ154+AI154+AM154+AQ154+AU154+AY154 -> 0 | BB154: =+H154+L154+P154+T154+X154+AB154+AF154+BA154+AJ154+AN154+AR154+AV154+AZ154 -> 0 | BC154: =+BA154-BB154 -> 0 | BF154: =+BD154+BE154-BC154 -> 0 | BH154: =BF154+BG154 -> 0
B155: 1006988 | C155: มินิบันไก่หยองพริกเผาไส้ทะลัก | G155: =SUM(D155:F155) -> 0 | K155: =SUM(H155:J155) -> 0 | O155: =SUM(L155:N155) -> 0 | S155: =SUM(P155:R155) -> 0 | BA155: =+G155+K155+O155+S155+W155+AA155+AE155+AZ155+AI155+AM155+AQ155+AU155+AY155 -> 0 | BB155: =+H155+L155+P155+T155+X155+AB155+AF155+BA155+AJ155+AN155+AR155+AV155+AZ155 -> 0 | BC155: =+BA155-BB155 -> 0 | BF155: =+BD155+BE155-BC155 -> 0 | BH155: =BF155+BG155 -> 0
B156: 20058107 | C156: ขนมปังแฮมเห็ดมายองเนส | G156: =SUM(D156:F156) -> 0 | K156: =SUM(H156:J156) -> 0 | O156: =SUM(L156:N156) -> 0 | S156: =SUM(P156:R156) -> 0 | BA156: =+G156+K156+O156+S156+W156+AA156+AE156+AZ156+AI156+AM156+AQ156+AU156+AY156 -> 0 | BB156: =+H156+L156+P156+T156+X156+AB156+AF156+BA156+AJ156+AN156+AR156+AV156+AZ156 -> 0 | BC156: =+BA156-BB156 -> 0 | BF156: =+BD156+BE156-BC156 -> 0 | BH156: =BF156+BG156 -> 0
G157: =SUM(D157:F157) -> 0 | K157: =SUM(H157:J157) -> 0 | O157: =SUM(L157:N157) -> 0 | S157: =SUM(P157:R157) -> 0 | BA157: =+G157+K157+O157+S157+W157+AA157+AE157+AZ157+AI157+AM157+AQ157+AU157+AY157 -> 0 | BB157: =+H157+L157+P157+T157+X157+AB157+AF157+BA157+AJ157+AN157+AR157+AV157+AZ157 -> 0 | BC157: =+BA157-BB157 -> 0 | BF157: =+BD157+BE157-BC157 -> 0 | BH157: =BF157+BG157 -> 0
G158: =SUM(D158:F158) -> 0 | K158: =SUM(H158:J158) -> 0 | O158: =SUM(L158:N158) -> 0 | S158: =SUM(P158:R158) -> 0 | BA158: =+G158+K158+O158+S158+W158+AA158+AE158+AZ158+AI158+AM158+AQ158+AU158+AY158 -> 0 | BB158: =+H158+L158+P158+T158+X158+AB158+AF158+BA158+AJ158+AN158+AR158+AV158+AZ158 -> 0 | BC158: =+BA158-BB158 -> 0 | BF158: =+BD158+BE158-BC158 -> 0 | BH158: =BF158+BG158 -> 0
G159: =SUM(D159:F159) -> 0 | K159: =SUM(H159:J159) -> 0 | O159: =SUM(L159:N159) -> 0 | S159: =SUM(P159:R159) -> 0 | BA159: =+G159+K159+O159+S159+W159+AA159+AE159+AZ159+AI159+AM159+AQ159+AU159+AY159 -> 0 | BB159: =+H159+L159+P159+T159+X159+AB159+AF159+BA159+AJ159+AN159+AR159+AV159+AZ159 -> 0 | BC159: =+BA159-BB159 -> 0 | BF159: =+BD159+BE159-BC159 -> 0 | BH159: =BF159+BG159 -> 0
G160: =SUM(D160:F160) -> 0 | K160: =SUM(H160:J160) -> 0 | O160: =SUM(L160:N160) -> 0 | S160: =SUM(P160:R160) -> 0 | BA160: =+G160+K160+O160+S160+W160+AA160+AE160+AZ160+AI160+AM160+AQ160+AU160+AY160 -> 0 | BB160: =+H160+L160+P160+T160+X160+AB160+AF160+BA160+AJ160+AN160+AR160+AV160+AZ160 -> 0 | BC160: =+BA160-BB160 -> 0 | BF160: =+BD160+BE160-BC160 -> 0 | BH160: =BF160+BG160 -> 0
G161: =SUM(D161:F161) -> 0 | K161: =SUM(H161:J161) -> 0 | O161: =SUM(L161:N161) -> 0 | S161: =SUM(P161:R161) -> 0 | BA161: =+G161+K161+O161+S161+W161+AA161+AE161+AZ161+AI161+AM161+AQ161+AU161+AY161 -> 0 | BB161: =+H161+L161+P161+T161+X161+AB161+AF161+BA161+AJ161+AN161+AR161+AV161+AZ161 -> 0 | BC161: =+BA161-BB161 -> 0 | BF161: =+BD161+BE161-BC161 -> 0 | BH161: =BF161+BG161 -> 0
G162: =SUM(D162:F162) -> 0 | K162: =SUM(H162:J162) -> 0 | O162: =SUM(L162:N162) -> 0 | S162: =SUM(P162:R162) -> 0 | BA162: =+G162+K162+O162+S162+W162+AA162+AE162+AZ162+AI162+AM162+AQ162+AU162+AY162 -> 0 | BB162: =+H162+L162+P162+T162+X162+AB162+AF162+BA162+AJ162+AN162+AR162+AV162+AZ162 -> 0 | BC162: =+BA162-BB162 -> 0 | BF162: =+BD162+BE162-BC162 -> 0 | BH162: =BF162+BG162 -> 0
G163: =SUM(D163:F163) -> 0 | K163: =SUM(H163:J163) -> 0 | O163: =SUM(L163:N163) -> 0 | S163: =SUM(P163:R163) -> 0 | BA163: =+G163+K163+O163+S163+W163+AA163+AE163+AZ163+AI163+AM163+AQ163+AU163+AY163 -> 0 | BB163: =+H163+L163+P163+T163+X163+AB163+AF163+BA163+AJ163+AN163+AR163+AV163+AZ163 -> 0 | BC163: =+BA163-BB163 -> 0 | BF163: =+BD163+BE163-BC163 -> 0 | BH163: =BF163+BG163 -> 0
G164: =SUM(D164:F164) -> 0 | K164: =SUM(H164:J164) -> 0 | O164: =SUM(L164:N164) -> 0 | S164: =SUM(P164:R164) -> 0 | BA164: =+G164+K164+O164+S164+W164+AA164+AE164+AZ164+AI164+AM164+AQ164+AU164+AY164 -> 0 | BB164: =+H164+L164+P164+T164+X164+AB164+AF164+BA164+AJ164+AN164+AR164+AV164+AZ164 -> 0 | BC164: =+BA164-BB164 -> 0 | BF164: =+BD164+BE164-BC164 -> 0 | BH164: =BF164+BG164 -> 0
G165: =SUM(D165:F165) -> 0 | K165: =SUM(H165:J165) -> 0 | O165: =SUM(L165:N165) -> 0 | S165: =SUM(P165:R165) -> 0 | BA165: =+G165+K165+O165+S165+W165+AA165+AE165+AZ165+AI165+AM165+AQ165+AU165+AY165 -> 0 | BB165: =+H165+L165+P165+T165+X165+AB165+AF165+BA165+AJ165+AN165+AR165+AV165+AZ165 -> 0 | BC165: =+BA165-BB165 -> 0 | BF165: =+BD165+BE165-BC165 -> 0 | BH165: =BF165+BG165 -> 0
G166: =SUM(D166:F166) -> 0 | K166: =SUM(H166:J166) -> 0 | O166: =SUM(L166:N166) -> 0 | S166: =SUM(P166:R166) -> 0 | BA166: =+G166+K166+O166+S166+W166+AA166+AE166+AZ166+AI166+AM166+AQ166+AU166+AY166 -> 0 | BB166: =+H166+L166+P166+T166+X166+AB166+AF166+BA166+AJ166+AN166+AR166+AV166+AZ166 -> 0 | BC166: =+BA166-BB166 -> 0 | BF166: =+BD166+BE166-BC166 -> 0 | BH166: =BF166+BG166 -> 0
G167: =SUM(D167:F167) -> 0 | K167: =SUM(H167:J167) -> 0 | O167: =SUM(L167:N167) -> 0 | S167: =SUM(P167:R167) -> 0 | BA167: =+G167+K167+O167+S167+W167+AA167+AE167+AZ167+AI167+AM167+AQ167+AU167+AY167 -> 0 | BB167: =+H167+L167+P167+T167+X167+AB167+AF167+BA167+AJ167+AN167+AR167+AV167+AZ167 -> 0 | BC167: =+BA167-BB167 -> 0 | BF167: =+BD167+BE167-BC167 -> 0 | BH167: =BF167+BG167 -> 0
B168: ยอดรวม | D168: =SUM(D4:D167) -> 0 | E168: =SUM(E4:E167) -> 0 | F168: =SUM(F4:F167) -> 0 | G168: =SUM(G4:G167) -> 0 | H168: =SUM(H4:H167) -> 0 | I168: =SUM(I4:I167) -> 0 | J168: =SUM(J4:J167) -> 0 | K168: =SUM(K4:K167) -> 0 | ... BH168: =SUM(BH4:BH167) -> 0

Sheet 05.7.68
B1: ยอดจริง ออนไลน์ วันที่ 5/7/2569
B2: รหัสสินค้า | C2: สินค้า | D2: ปณ | H2: ชอปปี้ | L2: ลาซาด้า | P2: ติ๊กตอก | T2: ติ๊กตอก2 | X2: ติ๊กตอก3 | AB2: ติ๊กตอก4 | AF2: ติ๊กตอก5 | AJ2: ติ๊กตอก6 | AN2: ติ๊กตอก7 | AR2: ติ๊กตอก8 | AV2: ติ๊กตอก9 | AZ2: ยอดเส้น | BA2: ยอดรวมผลิต(กล่อง) | BB2: ยอดยกเลิก | BC2: สรุปใช้จริง | BD2: ยอดForcast | BE2: ยอดStock | BF2: ยอดMemo | BG2: ยอดForcastวันพรุ่งนี้ | BH2: สินค้าที่ขายได้
D3: เช้า | E3: บ่าย | F3: เย็น | G3: รวม | H3: เช้า | I3: บ่าย | J3: เย็น | K3: รวม | L3: เช้า | M3: บ่าย | N3: เย็น | O3: รวม | P3: เช้า | Q3: บ่าย | R3: เย็น | S3: รวม | T3: เช้า | U3: บ่าย | V3: เย็น | W3: รวม | X3: เช้า | Y3: บ่าย | Z3: เย็น | AA3: รวม | AB3: เช้า | AC3: บ่าย | AD3: เย็น | AE3: รวม | AF3: เช้า | AG3: บ่าย | AH3: เย็น | AI3: รวม | AJ3: เช้า | AK3: บ่าย | AL3: เย็น | AM3: รวม | AN3: เช้า | AO3: บ่าย | AP3: เย็น | AQ3: รวม | AR3: เช้า | AS3: บ่าย | AT3: เย็น | AU3: รวม | AV3: เช้า | AW3: บ่าย | AX3: เย็น | AY3: รวม
B4: 1004055 | C4: ชิฟฟ่อนเค้ก วรรณวนัช (รวมรส 4 ชิ้น) | G4: =SUM(D4:F4) -> 0 | K4: =SUM(H4:J4) -> 0 | O4: =SUM(L4:N4) -> 0 | S4: =SUM(P4:R4) -> 0 | W4: =SUM(T4:V4) -> 0 | AA4: =SUM(X4:Z4) -> 0 | AE4: =SUM(AB4:AD4) -> 0 | AI4: =SUM(AF4:AH4) -> 0 | AM4: =SUM(AJ4:AL4) -> 0 | AQ4: =SUM(AN4:AP4) -> 0 | AU4: =SUM(AR4:AT4) -> 0 | AY4: =SUM(AV4:AX4) -> 0 | BA4: =+G4+K4+O4+S4+W4+AA4+AE4+AZ4+AI4+AM4+AQ4+AU4+AY4 -> 0 | BC4: =+BA4-BB4 -> 0 | BF4: =+BD4+BE4-BC4 -> 0 | BH4: =BF4+BG4 -> 0
B5: 1111002 | C5: ชิฟฟ่อนเค้ก วรรณวนัช (รวมรส 8 ชิ้น) | G5: =SUM(D5:F5) -> 0 | K5: =SUM(H5:J5) -> 0 | O5: =SUM(L5:N5) -> 0 | S5: =SUM(P5:R5) -> 0 | W5: =SUM(T5:V5) -> 0 | AA5: =SUM(X5:Z5) -> 0 | AE5: =SUM(AB5:AD5) -> 0 | AI5: =SUM(AF5:AH5) -> 0 | AM5: =SUM(AJ5:AL5) -> 0 | AQ5: =SUM(AN5:AP5) -> 0 | AU5: =SUM(AR5:AT5) -> 0 | AY5: =SUM(AV5:AX5) -> 0 | BA5: =+G5+K5+O5+S5+W5+AA5+AE5+AZ5+AI5+AM5+AQ5+AU5+AY5 -> 0 | BC5: =+BA5-BB5 -> 0 | BF5: =+BD5+BE5-BC5 -> 0 | BH5: =BF5+BG5 -> 0
B6: 1111001 | C6: ชิฟฟ่อนแยกชิ้นไม่มีไส้ คละรส | G6: =SUM(D6:F6) -> 0 | K6: =SUM(H6:J6) -> 0 | O6: =SUM(L6:N6) -> 0 | S6: =SUM(P6:R6) -> 0 | W6: =SUM(T6:V6) -> 0 | AA6: =SUM(X6:Z6) -> 0 | AE6: =SUM(AB6:AD6) -> 0 | AI6: =SUM(AF6:AH6) -> 0 | AM6: =SUM(AJ6:AL6) -> 0 | AQ6: =SUM(AN6:AP6) -> 0 | AU6: =SUM(AR6:AT6) -> 0 | AY6: =SUM(AV6:AX6) -> 0 | BA6: =+G6+K6+O6+S6+W6+AA6+AE6+AZ6+AI6+AM6+AQ6+AU6+AY6 -> 0 | BC6: =+BA6-BB6 -> 0 | BF6: =+BD6+BE6-BC6 -> 0 | BH6: =BF6+BG6 -> 0
B7: 1111043 | C7: ชิฟฟอนรสมะลิ 8 ชิ้น ห่อ ซีน | G7: =SUM(D7:F7) -> 0 | K7: =SUM(H7:J7) -> 0 | O7: =SUM(L7:N7) -> 0 | S7: =SUM(P7:R7) -> 0 | W7: =SUM(T7:V7) -> 0 | AA7: =SUM(X7:Z7) -> 0 | AE7: =SUM(AB7:AD7) -> 0 | AI7: =SUM(AF7:AH7) -> 0 | AM7: =SUM(AJ7:AL7) -> 0 | AQ7: =SUM(AN7:AP7) -> 0 | AU7: =SUM(AR7:AT7) -> 0 | AY7: =SUM(AV7:AX7) -> 0 | BA7: =+G7+K7+O7+S7+W7+AA7+AE7+AZ7+AI7+AM7+AQ7+AU7+AY7 -> 0 | BC7: =+BA7-BB7 -> 0 | BF7: =+BD7+BE7-BC7 -> 0 | BH7: =BF7+BG7 -> 0
B8: 1111057 | C8: ชิฟฟอนแยกชิ้น กาแฟ | G8: =SUM(D8:F8) -> 0 | K8: =SUM(H8:J8) -> 0 | O8: =SUM(L8:N8) -> 0 | S8: =SUM(P8:R8) -> 0 | W8: =SUM(T8:V8) -> 0 | AA8: =SUM(X8:Z8) -> 0 | AE8: =SUM(AB8:AD8) -> 0 | AI8: =SUM(AF8:AH8) -> 0 | AM8: =SUM(AJ8:AL8) -> 0 | AQ8: =SUM(AN8:AP8) -> 0 | AU8: =SUM(AR8:AT8) -> 0 | AY8: =SUM(AV8:AX8) -> 0 | BA8: =+G8+K8+O8+S8+W8+AA8+AE8+AZ8+AI8+AM8+AQ8+AU8+AY8 -> 0 | BC8: =+BA8-BB8 -> 0 | BF8: =+BD8+BE8-BC8 -> 0 | BH8: =BF8+BG8 -> 0
B9: 1111058 | C9: ชิฟฟอนแยกชิ้น ชาเขียว | G9: =SUM(D9:F9) -> 0 | K9: =SUM(H9:J9) -> 0 | O9: =SUM(L9:N9) -> 0 | S9: =SUM(P9:R9) -> 0 | W9: =SUM(T9:V9) -> 0 | AA9: =SUM(X9:Z9) -> 0 | AE9: =SUM(AB9:AD9) -> 0 | AI9: =SUM(AF9:AH9) -> 0 | AM9: =SUM(AJ9:AL9) -> 0 | AQ9: =SUM(AN9:AP9) -> 0 | AU9: =SUM(AR9:AT9) -> 0 | AY9: =SUM(AV9:AX9) -> 0 | BA9: =+G9+K9+O9+S9+W9+AA9+AE9+AZ9+AI9+AM9+AQ9+AU9+AY9 -> 0 | BC9: =+BA9-BB9 -> 0 | BF9: =+BD9+BE9-BC9 -> 0 | BH9: =BF9+BG9 -> 0
B10: 1111059 | C10: ชิฟฟอนแยกชิ้น ใบเตย | G10: =SUM(D10:F10) -> 0 | K10: =SUM(H10:J10) -> 0 | O10: =SUM(L10:N10) -> 0 | S10: =SUM(P10:R10) -> 0 | W10: =SUM(T10:V10) -> 0 | AA10: =SUM(X10:Z10) -> 0 | AE10: =SUM(AB10:AD10) -> 0 | AI10: =SUM(AF10:AH10) -> 0 | AM10: =SUM(AJ10:AL10) -> 0 | AQ10: =SUM(AN10:AP10) -> 0 | AU10: =SUM(AR10:AT10) -> 0 | AY10: =SUM(AV10:AX10) -> 0 | BA10: =+G10+K10+O10+S10+W10+AA10+AE10+AZ10+AI10+AM10+AQ10+AU10+AY10 -> 0 | BC10: =+BA10-BB10 -> 0 | BF10: =+BD10+BE10-BC10 -> 0 | BH10: =BF10+BG10 -> 0
B11: 1111060 | C11: ชิฟฟอนแยกชิ้น กล้วยหอม | G11: =SUM(D11:F11) -> 0 | K11: =SUM(H11:J11) -> 0 | O11: =SUM(L11:N11) -> 0 | S11: =SUM(P11:R11) -> 0 | W11: =SUM(T11:V11) -> 0 | AA11: =SUM(X11:Z11) -> 0 | AE11: =SUM(AB11:AD11) -> 0 | AI11: =SUM(AF11:AH11) -> 0 | AM11: =SUM(AJ11:AL11) -> 0 | AQ11: =SUM(AN11:AP11) -> 0 | AU11: =SUM(AR11:AT11) -> 0 | AY11: =SUM(AV11:AX11) -> 0 | BA11: =+G11+K11+O11+S11+W11+AA11+AE11+AZ11+AI11+AM11+AQ11+AU11+AY11 -> 0 | BC11: =+BA11-BB11 -> 0 | BF11: =+BD11+BE11-BC11 -> 0 | BH11: =BF11+BG11 -> 0
B12: 1111061 | C12: ชิฟฟอนแยกชิ้น ชาไทย | G12: =SUM(D12:F12) -> 0 | K12: =SUM(H12:J12) -> 0 | O12: =SUM(L12:N12) -> 0 | S12: =SUM(P12:R12) -> 0 | W12: =SUM(T12:V12) -> 0 | AA12: =SUM(X12:Z12) -> 0 | AE12: =SUM(AB12:AD12) -> 0 | AI12: =SUM(AF12:AH12) -> 0 | AM12: =SUM(AJ12:AL12) -> 0 | AQ12: =SUM(AN12:AP12) -> 0 | AU12: =SUM(AR12:AT12) -> 0 | AY12: =SUM(AV12:AX12) -> 0 | BA12: =+G12+K12+O12+S12+W12+AA12+AE12+AZ12+AI12+AM12+AQ12+AU12+AY12 -> 0 | BC12: =+BA12-BB12 -> 0 | BF12: =+BD12+BE12-BC12 -> 0 | BH12: =BF12+BG12 -> 0
B13: 1111062 | C13: ชิฟฟอนแยกชิ้น โกโก้ | G13: =SUM(D13:F13) -> 0 | K13: =SUM(H13:J13) -> 0 | O13: =SUM(L13:N13) -> 0 | S13: =SUM(P13:R13) -> 0 | W13: =SUM(T13:V13) -> 0 | AA13: =SUM(X13:Z13) -> 0 | AE13: =SUM(AB13:AD13) -> 0 | AI13: =SUM(AF13:AH13) -> 0 | AM13: =SUM(AJ13:AL13) -> 0 | AQ13: =SUM(AN13:AP13) -> 0 | AU13: =SUM(AR13:AT13) -> 0 | AY13: =SUM(AV13:AX13) -> 0 | BA13: =+G13+K13+O13+S13+W13+AA13+AE13+AZ13+AI13+AM13+AQ13+AU13+AY13 -> 0 | BC13: =+BA13-BB13 -> 0 | BF13: =+BD13+BE13-BC13 -> 0 | BH13: =BF13+BG13 -> 0
B14: 1111063 | C14: ชิฟฟอนแยกชิ้น ส้ม | G14: =SUM(D14:F14) -> 0 | K14: =SUM(H14:J14) -> 0 | O14: =SUM(L14:N14) -> 0 | S14: =SUM(P14:R14) -> 0 | W14: =SUM(T14:V14) -> 0 | AA14: =SUM(X14:Z14) -> 0 | AE14: =SUM(AB14:AD14) -> 0 | AI14: =SUM(AF14:AH14) -> 0 | AM14: =SUM(AJ14:AL14) -> 0 | AQ14: =SUM(AN14:AP14) -> 0 | AU14: =SUM(AR14:AT14) -> 0 | AY14: =SUM(AV14:AX14) -> 0 | BA14: =+G14+K14+O14+S14+W14+AA14+AE14+AZ14+AI14+AM14+AQ14+AU14+AY14 -> 0 | BC14: =+BA14-BB14 -> 0 | BF14: =+BD14+BE14-BC14 -> 0 | BH14: =BF14+BG14 -> 0
B15: 1111064 | C15: ชิฟฟอนแยกชิ้น เผือก | G15: =SUM(D15:F15) -> 0 | K15: =SUM(H15:J15) -> 0 | O15: =SUM(L15:N15) -> 0 | S15: =SUM(P15:R15) -> 0 | W15: =SUM(T15:V15) -> 0 | AA15: =SUM(X15:Z15) -> 0 | AE15: =SUM(AB15:AD15) -> 0 | AI15: =SUM(AF15:AH15) -> 0 | AM15: =SUM(AJ15:AL15) -> 0 | AQ15: =SUM(AN15:AP15) -> 0 | AU15: =SUM(AR15:AT15) -> 0 | AY15: =SUM(AV15:AX15) -> 0 | BA15: =+G15+K15+O15+S15+W15+AA15+AE15+AZ15+AI15+AM15+AQ15+AU15+AY15 -> 0 | BC15: =+BA15-BB15 -> 0 | BF15: =+BD15+BE15-BC15 -> 0 | BH15: =BF15+BG15 -> 0
... B85: 200 | C85: เศษขนมปังปลา 1 กก. | G85: =SUM(D85:F85) -> 0 | K85: =SUM(H85:J85) -> 0 | O85: =SUM(L85:N85) -> 0 | S85: =SUM(P85:R85) -> 0 | W85: =SUM(T85:V85) -> 0 | AA85: =SUM(X85:Z85) -> 0 | AE85: =SUM(AB85:AD85) -> 0 | AI85: =SUM(AF85:AH85) -> 0 | AM85: =SUM(AJ85:AL85) -> 0 | AQ85: =SUM(AN85:AP85) -> 0 | AU85: =SUM(AR85:AT85) -> 0 | AY85: =SUM(AV85:AX85) -> 0 | BA85: =+G85+K85+O85+S85+W85+AA85+AE85+AZ85+AI85+AM85+AQ85+AU85+AY85 -> 0 | BC85: =+BA85-BB85 -> 0 | BF85: =+BD85+BE85-BC85 -> 0 | BH85: =BF85+BG85 -> 0
C86: ชิฟฟอน 4 ชิ้น มะพร้าวล้วน | G86: =SUM(D86:F86) -> 0 | K86: =SUM(H86:J86) -> 0 | O86: =SUM(L86:N86) -> 0 | S86: =SUM(P86:R86) -> 0 | W86: =SUM(T86:V86) -> 0 | AA86: =SUM(X86:Z86) -> 0 | AE86: =SUM(AB86:AD86) -> 0 | AI86: =SUM(AF86:AH86) -> 0 | AM86: =SUM(AJ86:AL86) -> 0 | AQ86: =SUM(AN86:AP86) -> 0 | AU86: =SUM(AR86:AT86) -> 0 | AY86: =SUM(AV86:AX86) -> 0 | BA86: =+G86+K86+O86+S86+W86+AA86+AE86+AZ86+AI86+AM86+AQ86+AU86+AY86 -> 0 | BB86: =+H86+L86+P86+T86+X86+AB86+AF86+BA86+AJ86+AN86+AR86+AV86+AZ86 -> 0 | BC86: =+BA86-BB86 -> 0 | BF86: =+BD86+BE86-BC86 -> 0 | BH86: =BF86+BG86 -> 0
C87: ชิฟฟอน 4 ชิ้น กาแฟล้วน | G87: =SUM(D87:F87) -> 0 | K87: =SUM(H87:J87) -> 0 | O87: =SUM(L87:N87) -> 0 | S87: =SUM(P87:R87) -> 0 | W87: =SUM(T87:V87) -> 0 | AA87: =SUM(X87:Z87) -> 0 | AE87: =SUM(AB87:AD87) -> 0 | AI87: =SUM(AF87:AH87) -> 0 | AM87: =SUM(AJ87:AL87) -> 0 | AQ87: =SUM(AN87:AP87) -> 0 | AU87: =SUM(AR87:AT87) -> 0 | AY87: =SUM(AV87:AX87) -> 0 | BA87: =+G87+K87+O87+S87+W87+AA87+AE87+AZ87+AI87+AM87+AQ87+AU87+AY87 -> 0 | BB87: =+H87+L87+P87+T87+X87+AB87+AF87+BA87+AJ87+AN87+AR87+AV87+AZ87 -> 0 | BC87: =+BA87-BB87 -> 0 | BF87: =+BD87+BE87-BC87 -> 0 | BH87: =BF87+BG87 -> 0
C88: ชิฟฟอน 4 ชิ้น ชาเขียวล้วน | G88: =SUM(D88:F88) -> 0 | K88: =SUM(H88:J88) -> 0 | O88: =SUM(L88:N88) -> 0 | S88: =SUM(P88:R88) -> 0 | W88: =SUM(T88:V88) -> 0 | AA88: =SUM(X88:Z88) -> 0 | AE88: =SUM(AB88:AD88) -> 0 | AI88: =SUM(AF88:AH88) -> 0 | AM88: =SUM(AJ88:AL88) -> 0 | AQ88: =SUM(AN88:AP88) -> 0 | AU88: =SUM(AR88:AT88) -> 0 | AY88: =SUM(AV88:AX88) -> 0 | BA88: =+G88+K88+O88+S88+W88+AA88+AE88+AZ88+AI88+AM88+AQ88+AU88+AY88 -> 0 | BB88: =+H88+L88+P88+T88+X88+AB88+AF88+BA88+AJ88+AN88+AR88+AV88+AZ88 -> 0 | BC88: =+BA88-BB88 -> 0 | BF88: =+BD88+BE88-BC88 -> 0 | BH88: =BF88+BG88 -> 0
C89: ชิฟฟอน 4 ชิ้น ใบเตยล้วน | G89: =SUM(D89:F89) -> 0 | K89: =SUM(H89:J89) -> 0 | O89: =SUM(L89:N89) -> 0 | S89: =SUM(P89:R89) -> 0 | W89: =SUM(T89:V89) -> 0 | AA89: =SUM(X89:Z89) -> 0 | AE89: =SUM(AB89:AD89) -> 0 | AI89: =SUM(AF89:AH89) -> 0 | AM89: =SUM(AJ89:AL89) -> 0 | AQ89: =SUM(AN89:AP89) -> 0 | AU89: =SUM(AR89:AT89) -> 0 | AY89: =SUM(AV89:AX89) -> 0 | BA89: =+G89+K89+O89+S89+W89+AA89+AE89+AZ89+AI89+AM89+AQ89+AU89+AY89 -> 0 | BB89: =+H89+L89+P89+T89+X89+AB89+AF89+BA89+AJ89+AN89+AR89+AV89+AZ89 -> 0 | BC89: =+BA89-BB89 -> 0 | BF89: =+BD89+BE89-BC89 -> 0 | BH89: =BF89+BG89 -> 0
B90: 1111084 | C90: ชิฟฟอน 8 ชิ้น กาแฟล้วน | G90: =SUM(D90:F90) -> 0 | K90: =SUM(H90:J90) -> 0 | O90: =SUM(L90:N90) -> 0 | S90: =SUM(P90:R90) -> 0 | W90: =SUM(T90:V90) -> 0 | AA90: =SUM(X90:Z90) -> 0 | AE90: =SUM(AB90:AD90) -> 0 | AI90: =SUM(AF90:AH90) -> 0 | AM90: =SUM(AJ90:AL90) -> 0 | AQ90: =SUM(AN90:AP90) -> 0 | AU90: =SUM(AR90:AT90) -> 0 | AY90: =SUM(AV90:AX90) -> 0 | BA90: =+G90+K90+O90+S90+W90+AA90+AE90+AZ90+AI90+AM90+AQ90+AU90+AY90 -> 0 | BB90: =+H90+L90+P90+T90+X90+AB90+AF90+BA90+AJ90+AN90+AR90+AV90+AZ90 -> 0 | BC90: =+BA90-BB90 -> 0 | BF90: =+BD90+BE90-BC90 -> 0 | BH90: =BF90+BG90 -> 0
B91: 1111085 | C91: ชิฟฟอน 8 ชิ้น บลูเบอรี่ล้วน | G91: =SUM(D91:F91) -> 0 | K91: =SUM(H91:J91) -> 0 | O91: =SUM(L91:N91) -> 0 | S91: =SUM(P91:R91) -> 0 | W91: =SUM(T91:V91) -> 0 | AA91: =SUM(X91:Z91) -> 0 | AE91: =SUM(AB91:AD91) -> 0 | AI91: =SUM(AF91:AH91) -> 0 | AM91: =SUM(AJ91:AL91) -> 0 | AQ91: =SUM(AN91:AP91) -> 0 | AU91: =SUM(AR91:AT91) -> 0 | AY91: =SUM(AV91:AX91) -> 0 | BA91: =+G91+K91+O91+S91+W91+AA91+AE91+AZ91+AI91+AM91+AQ91+AU91+AY91 -> 0 | BB91: =+H91+L91+P91+T91+X91+AB91+AF91+BA91+AJ91+AN91+AR91+AV91+AZ91 -> 0 | BC91: =+BA91-BB91 -> 0 | BF91: =+BD91+BE91-BC91 -> 0 | BH91: =BF91+BG91 -> 0
B92: 1111086 | C92: ชิฟฟอน 8 ชิ้น มะพร้าวล้วน | G92: =SUM(D92:F92) -> 0 | K92: =SUM(H92:J92) -> 0 | O92: =SUM(L92:N92) -> 0 | S92: =SUM(P92:R92) -> 0 | W92: =SUM(T92:V92) -> 0 | AA92: =SUM(X92:Z92) -> 0 | AE92: =SUM(AB92:AD92) -> 0 | AI92: =SUM(AF92:AH92) -> 0 | AM92: =SUM(AJ92:AL92) -> 0 | AQ92: =SUM(AN92:AP92) -> 0 | AU92: =SUM(AR92:AT92) -> 0 | AY92: =SUM(AV92:AX92) -> 0 | BA92: =+G92+K92+O92+S92+W92+AA92+AE92+AZ92+AI92+AM92+AQ92+AU92+AY92 -> 0 | BB92: =+H92+L92+P92+T92+X92+AB92+AF92+BA92+AJ92+AN92+AR92+AV92+AZ92 -> 0 | BC92: =+BA92-BB92 -> 0 | BF92: =+BD92+BE92-BC92 -> 0 | BH92: =BF92+BG92 -> 0
B93: 1111087 | C93: ชิฟฟอน 8 ชิ้น สตอเบอรี่ล้วน | G93: =SUM(D93:F93) -> 0 | K93: =SUM(H93:J93) -> 0 | O93: =SUM(L93:N93) -> 0 | S93: =SUM(P93:R93) -> 0 | W93: =SUM(T93:V93) -> 0 | AA93: =SUM(X93:Z93) -> 0 | AE93: =SUM(AB93:AD93) -> 0 | AI93: =SUM(AF93:AH93) -> 0 | AM93: =SUM(AJ93:AL93) -> 0 | AQ93: =SUM(AN93:AP93) -> 0 | AU93: =SUM(AR93:AT93) -> 0 | AY93: =SUM(AV93:AX93) -> 0 | BA93: =+G93+K93+O93+S93+W93+AA93+AE93+AZ93+AI93+AM93+AQ93+AU93+AY93 -> 0 | BB93: =+H93+L93+P93+T93+X93+AB93+AF93+BA93+AJ93+AN93+AR93+AV93+AZ93 -> 0 | BC93: =+BA93-BB93 -> 0 | BF93: =+BD93+BE93-BC93 -> 0 | BH93: =BF93+BG93 -> 0
B94: 1111088 | C94: ชิฟฟอน 8 ชิ้น ส้มล้วน | G94: =SUM(D94:F94) -> 0 | K94: =SUM(H94:J94) -> 0 | O94: =SUM(L94:N94) -> 0 | S94: =SUM(P94:R94) -> 0 | W94: =SUM(T94:V94) -> 0 | AA94: =SUM(X94:Z94) -> 0 | AE94: =SUM(AB94:AD94) -> 0 | AI94: =SUM(AF94:AH94) -> 0 | AM94: =SUM(AJ94:AL94) -> 0 | AQ94: =SUM(AN94:AP94) -> 0 | AU94: =SUM(AR94:AT94) -> 0 | AY94: =SUM(AV94:AX94) -> 0 | BA94: =+G94+K94+O94+S94+W94+AA94+AE94+AZ94+AI94+AM94+AQ94+AU94+AY94 -> 0 | BB94: =+H94+L94+P94+T94+X94+AB94+AF94+BA94+AJ94+AN94+AR94+AV94+AZ94 -> 0 | BC94: =+BA94-BB94 -> 0 | BF94: =+BD94+BE94-BC94 -> 0 | BH94: =BF94+BG94 -> 0
B95: 1111089 | C95: ชิฟฟอน 8 ชิ้น เนยล้วน | G95: =SUM(D95:F95) -> 0 | K95: =SUM(H95:J95) -> 0 | O95: =SUM(L95:N95) -> 0 | S95: =SUM(P95:R95) -> 0 | W95: =SUM(T95:V95) -> 0 | AA95: =SUM(X95:Z95) -> 0 | AE95: =SUM(AB95:AD95) -> 0 | AI95: =SUM(AF95:AH95) -> 0 | AM95: =SUM(AJ95:AL95) -> 0 | AQ95: =SUM(AN95:AP95) -> 0 | AU95: =SUM(AR95:AT95) -> 0 | AY95: =SUM(AV95:AX95) -> 0 | BA95: =+G95+K95+O95+S95+W95+AA95+AE95+AZ95+AI95+AM95+AQ95+AU95+AY95 -> 0 | BB95: =+H95+L95+P95+T95+X95+AB95+AF95+BA95+AJ95+AN95+AR95+AV95+AZ95 -> 0 | BC95: =+BA95-BB95 -> 0 | BF95: =+BD95+BE95-BC95 -> 0 | BH95: =BF95+BG95 -> 0
B96: 1111090 | C96: ชิฟฟอน 8 ชิ้น เผือกล้วน | G96: =SUM(D96:F96) -> 0 | K96: =SUM(H96:J96) -> 0 | O96: =SUM(L96:N96) -> 0 | S96: =SUM(P96:R96) -> 0 | W96: =SUM(T96:V96) -> 0 | AA96: =SUM(X96:Z96) -> 0 | AE96: =SUM(AB96:AD96) -> 0 | AI96: =SUM(AF96:AH96) -> 0 | AM96: =SUM(AJ96:AL96) -> 0 | AQ96: =SUM(AN96:AP96) -> 0 | AU96: =SUM(AR96:AT96) -> 0 | AY96: =SUM(AV96:AX96) -> 0 | BA96: =+G96+K96+O96+S96+W96+AA96+AE96+AZ96+AI96+AM96+AQ96+AU96+AY96 -> 0 | BB96: =+H96+L96+P96+T96+X96+AB96+AF96+BA96+AJ96+AN96+AR96+AV96+AZ96 -> 0 | BC96: =+BA96-BB96 -> 0 | BF96: =+BD96+BE96-BC96 -> 0 | BH96: =BF96+BG96 -> 0
B97: 1111091 | C97: ชิฟฟอน 8 ชิ้น ใบเตยล้วน | G97: =SUM(D97:F97) -> 0 | K97: =SUM(H97:J97) -> 0 | O97: =SUM(L97:N97) -> 0 | S97: =SUM(P97:R97) -> 0 | W97: =SUM(T97:V97) -> 0 | AA97: =SUM(X97:Z97) -> 0 | AE97: =SUM(AB97:AD97) -> 0 | AI97: =SUM(AF97:AH97) -> 0 | AM97: =SUM(AJ97:AL97) -> 0 | AQ97: =SUM(AN97:AP97) -> 0 | AU97: =SUM(AR97:AT97) -> 0 | AY97: =SUM(AV97:AX97) -> 0 | BA97: =+G97+K97+O97+S97+W97+AA97+AE97+AZ97+AI97+AM97+AQ97+AU97+AY97 -> 0 | BB97: =+H97+L97+P97+T97+X97+AB97+AF97+BA97+AJ97+AN97+AR97+AV97+AZ97 -> 0 | BC97: =+BA97-BB97 -> 0 | BF97: =+BD97+BE97-BC97 -> 0 | BH97: =BF97+BG97 -> 0
B98: 1111092 | C98: ชิฟฟอน 8 ชิ้น กล้วยหอม | G98: =SUM(D98:F98) -> 0 | K98: =SUM(H98:J98) -> 0 | O98: =SUM(L98:N98) -> 0 | S98: =SUM(P98:R98) -> 0 | W98: =SUM(T98:V98) -> 0 | AA98: =SUM(X98:Z98) -> 0 | AE98: =SUM(AB98:AD98) -> 0 | AI98: =SUM(AF98:AH98) -> 0 | AM98: =SUM(AJ98:AL98) -> 0 | AQ98: =SUM(AN98:AP98) -> 0 | AU98: =SUM(AR98:AT98) -> 0 | AY98: =SUM(AV98:AX98) -> 0 | BA98: =+G98+K98+O98+S98+W98+AA98+AE98+AZ98+AI98+AM98+AQ98+AU98+AY98 -> 0 | BB98: =+H98+L98+P98+T98+X98+AB98+AF98+BA98+AJ98+AN98+AR98+AV98+AZ98 -> 0 | BC98: =+BA98-BB98 -> 0 | BF98: =+BD98+BE98-BC98 -> 0 | BH98: =BF98+BG98 -> 0
B99: 1111093 | C99: ชิฟฟอน 8 ชิ้น โกโก้ล้วน | G99: =SUM(D99:F99) -> 0 | K99: =SUM(H99:J99) -> 0 | O99: =SUM(L99:N99) -> 0 | S99: =SUM(P99:R99) -> 0 | W99: =SUM(T99:V99) -> 0 | AA99: =SUM(X99:Z99) -> 0 | AE99: =SUM(AB99:AD99) -> 0 | AI99: =SUM(AF99:AH99) -> 0 | AM99: =SUM(AJ99:AL99) -> 0 | AQ99: =SUM(AN99:AP99) -> 0 | AU99: =SUM(AR99:AT99) -> 0 | AY99: =SUM(AV99:AX99) -> 0 | BA99: =+G99+K99+O99+S99+W99+AA99+AE99+AZ99+AI99+AM99+AQ99+AU99+AY99 -> 0 | BB99: =+H99+L99+P99+T99+X99+AB99+AF99+BA99+AJ99+AN99+AR99+AV99+AZ99 -> 0 | BC99: =+BA99-BB99 -> 0 | BF99: =+BD99+BE99-BC99 -> 0 | BH99: =BF99+BG99 -> 0
B100: 1111094 | C100: ชิฟฟอน 8 ชิ้น ชาไทยล้วน | G100: =SUM(D100:F100) -> 0 | K100: =SUM(H100:J100) -> 0 | O100: =SUM(L100:N100) -> 0 | S100: =SUM(P100:R100) -> 0 | W100: =SUM(T100:V100) -> 0 | AA100: =SUM(X100:Z100) -> 0 | AE100: =SUM(AB100:AD100) -> 0 | AI100: =SUM(AF100:AH100) -> 0 | AM100: =SUM(AJ100:AL100) -> 0 | AQ100: =SUM(AN100:AP100) -> 0 | AU100: =SUM(AR100:AT100) -> 0 | AY100: =SUM(AV100:AX100) -> 0 | BA100: =+G100+K100+O100+S100+W100+AA100+AE100+AZ100+AI100+AM100+AQ100+AU100+AY100 -> 0 | BB100: =+H100+L100+P100+T100+X100+AB100+AF100+BA100+AJ100+AN100+AR100+AV100+AZ100 -> 0 | BC100: =+BA100-BB100 -> 0 | BF100: =+BD100+BE100-BC100 -> 0 | BH100: =BF100+BG100 -> 0
B101: 1111095 | C101: ชิฟฟอน 8 ชิ้น ชาเขียวล้วน | G101: =SUM(D101:F101) -> 0 | K101: =SUM(H101:J101) -> 0 | O101: =SUM(L101:N101) -> 0 | S101: =SUM(P101:R101) -> 0 | W101: =SUM(T101:V101) -> 0 | AA101: =SUM(X101:Z101) -> 0 | AE101: =SUM(AB101:AD101) -> 0 | AI101: =SUM(AF101:AH101) -> 0 | AM101: =SUM(AJ101:AL101) -> 0 | AQ101: =SUM(AN101:AP101) -> 0 | AU101: =SUM(AR101:AT101) -> 0 | AY101: =SUM(AV101:AX101) -> 0 | BA101: =+G101+K101+O101+S101+W101+AA101+AE101+AZ101+AI101+AM101+AQ101+AU101+AY101 -> 0 | BB101: =+H101+L101+P101+T101+X101+AB101+AF101+BA101+AJ101+AN101+AR101+AV101+AZ101 -> 0 | BC101: =+BA101-BB101 -> 0 | BF101: =+BD101+BE101-BC101 -> 0 | BH101: =BF101+BG101 -> 0
... B117: 1005984 | C117: แซนด์วิชปูอัดสาหร่าย ไร้ขอบ | G117: =SUM(D117:F117) -> 0 | K117: =SUM(H117:J117) -> 0 | O117: =SUM(L117:N117) -> 0 | S117: =SUM(P117:R117) -> 0 | W117: =SUM(T117:V117) -> 0 | AA117: =SUM(X117:Z117) -> 0 | AE117: =SUM(AB117:AD117) -> 0 | AI117: =SUM(AF117:AH117) -> 0 | AM117: =SUM(AJ117:AL117) -> 0 | AQ117: =SUM(AN117:AP117) -> 0 | AU117: =SUM(AR117:AT117) -> 0 | AY117: =SUM(AV117:AX117) -> 0 | BA117: =+G117+K117+O117+S117+W117+AA117+AE117+AZ117+AI117+AM117+AQ117+AU117+AY117 -> 0 | BB117: =+H117+L117+P117+T117+X117+AB117+AF117+BA117+AJ117+AN117+AR117+AV117+AZ117 -> 0 | BC117: =+BA117-BB117 -> 0 | BF117: =+BD117+BE117-BC117 -> 0 | BH117: =BF117+BG117 -> 0
B118: 1005995 | C118: แซนด์วิชปูอัด ไร้ขอบ | G118: =SUM(D118:F118) -> 0 | K118: =SUM(H118:J118) -> 0 | O118: =SUM(L118:N118) -> 0 | S118: =SUM(P118:R118) -> 0 | W118: =SUM(T118:V118) -> 0 | BA118: =+G118+K118+O118+S118+W118+AA118+AE118+AZ118+AI118+AM118+AQ118+AU118+AY118 -> 0 | BB118: =+H118+L118+P118+T118+X118+AB118+AF118+BA118+AJ118+AN118+AR118+AV118+AZ118 -> 0 | BC118: =+BA118-BB118 -> 0 | BF118: =+BD118+BE118-BC118 -> 0 | BH118: =BF118+BG118 -> 0
B119: 1005996 | C119: แซนด์วิช หมูหยองชีส ไร้ขอบ | G119: =SUM(D119:F119) -> 0 | K119: =SUM(H119:J119) -> 0 | O119: =SUM(L119:N119) -> 0 | S119: =SUM(P119:R119) -> 0 | W119: =SUM(T119:V119) -> 0 | BA119: =+G119+K119+O119+S119+W119+AA119+AE119+AZ119+AI119+AM119+AQ119+AU119+AY119 -> 0 | BB119: =+H119+L119+P119+T119+X119+AB119+AF119+BA119+AJ119+AN119+AR119+AV119+AZ119 -> 0 | BC119: =+BA119-BB119 -> 0 | BF119: =+BD119+BE119-BC119 -> 0 | BH119: =BF119+BG119 -> 0
B120: 1005999 | C120: แซนด์วิชแฮมชีส_WWN ไร้ขอบ | G120: =SUM(D120:F120) -> 0 | K120: =SUM(H120:J120) -> 0 | O120: =SUM(L120:N120) -> 0 | S120: =SUM(P120:R120) -> 0 | W120: =SUM(T120:V120) -> 0 | BA120: =+G120+K120+O120+S120+W120+AA120+AE120+AZ120+AI120+AM120+AQ120+AU120+AY120 -> 0 | BB120: =+H120+L120+P120+T120+X120+AB120+AF120+BA120+AJ120+AN120+AR120+AV120+AZ120 -> 0 | BC120: =+BA120-BB120 -> 0 | BF120: =+BD120+BE120-BC120 -> 0 | BH120: =BF120+BG120 -> 0
B121: 1005998 | C121: แซนด์วิช โฮลวีทแฮมชีส ไร้ขอบ | G121: =SUM(D121:F121) -> 0 | K121: =SUM(H121:J121) -> 0 | O121: =SUM(L121:N121) -> 0 | S121: =SUM(P121:R121) -> 0 | W121: =SUM(T121:V121) -> 0 | BA121: =+G121+K121+O121+S121+W121+AA121+AE121+AZ121+AI121+AM121+AQ121+AU121+AY121 -> 0 | BB121: =+H121+L121+P121+T121+X121+AB121+AF121+BA121+AJ121+AN121+AR121+AV121+AZ121 -> 0 | BC121: =+BA121-BB121 -> 0 | BF121: =+BD121+BE121-BC121 -> 0 | BH121: =BF121+BG121 -> 0
B122: 1006000 | C122: แซนด์วิช โฮลวีททูน่า ไร้ขอบ | G122: =SUM(D122:F122) -> 0 | K122: =SUM(H122:J122) -> 0 | O122: =SUM(L122:N122) -> 0 | S122: =SUM(P122:R122) -> 0 | W122: =SUM(T122:V122) -> 0 | BA122: =+G122+K122+O122+S122+W122+AA122+AE122+AZ122+AI122+AM122+AQ122+AU122+AY122 -> 0 | BB122: =+H122+L122+P122+T122+X122+AB122+AF122+BA122+AJ122+AN122+AR122+AV122+AZ122 -> 0 | BC122: =+BA122-BB122 -> 0 | BF122: =+BD122+BE122-BC122 -> 0 | BH122: =BF122+BG122 -> 0
B123: 20049129 | C123: Wan WN_ แซนวิชทูน่าแฮม 115g | G123: =SUM(D123:F123) -> 0 | K123: =SUM(H123:J123) -> 0 | O123: =SUM(L123:N123) -> 0 | S123: =SUM(P123:R123) -> 0 | W123: =SUM(T123:V123) -> 0 | BA123: =+G123+K123+O123+S123+W123+AA123+AE123+AZ123+AI123+AM123+AQ123+AU123+AY123 -> 0 | BB123: =+H123+L123+P123+T123+X123+AB123+AF123+BA123+AJ123+AN123+AR123+AV123+AZ123 -> 0 | BC123: =+BA123-BB123 -> 0 | BF123: =+BD123+BE123-BC123 -> 0 | BH123: =BF123+BG123 -> 0
B124: 20049130 | C124: WanWN_ แซนวิชแฮมชีส 95g | G124: =SUM(D124:F124) -> 0 | K124: =SUM(H124:J124) -> 0 | O124: =SUM(L124:N124) -> 0 | S124: =SUM(P124:R124) -> 0 | W124: =SUM(T124:V124) -> 0 | BA124: =+G124+K124+O124+S124+W124+AA124+AE124+AZ124+AI124+AM124+AQ124+AU124+AY124 -> 0 | BB124: =+H124+L124+P124+T124+X124+AB124+AF124+BA124+AJ124+AN124+AR124+AV124+AZ124 -> 0 | BC124: =+BA124-BB124 -> 0 | BF124: =+BD124+BE124-BC124 -> 0 | BH124: =BF124+BG124 -> 0
B125: 1004081 | C125: ครีมฮอร์นไส้วิป ใบเตย | G125: =SUM(D125:F125) -> 0 | K125: =SUM(H125:J125) -> 0 | O125: =SUM(L125:N125) -> 0 | S125: =SUM(P125:R125) -> 0 | W125: =SUM(T125:V125) -> 0 | BA125: =+G125+K125+O125+S125+W125+AA125+AE125+AZ125+AI125+AM125+AQ125+AU125+AY125 -> 0 | BB125: =+H125+L125+P125+T125+X125+AB125+AF125+BA125+AJ125+AN125+AR125+AV125+AZ125 -> 0 | BC125: =+BA125-BB125 -> 0 | BF125: =+BD125+BE125-BC125 -> 0 | BH125: =BF125+BG125 -> 0
B126: 1004080 | C126: ครีมฮอร์นไส้วิป วนิลา | G126: =SUM(D126:F126) -> 0 | K126: =SUM(H126:J126) -> 0 | O126: =SUM(L126:N126) -> 0 | S126: =SUM(P126:R126) -> 0 | W126: =SUM(T126:V126) -> 0 | BA126: =+G126+K126+O126+S126+W126+AA126+AE126+AZ126+AI126+AM126+AQ126+AU126+AY126 -> 0 | BB126: =+H126+L126+P126+T126+X126+AB126+AF126+BA126+AJ126+AN126+AR126+AV126+AZ126 -> 0 | BC126: =+BA126-BB126 -> 0 | BF126: =+BD126+BE126-BC126 -> 0 | BH126: =BF126+BG126 -> 0
B127: 3001200 | C127: ครีมฮอร์นไส้วิป ช็อคโกแลต | G127: =SUM(D127:F127) -> 0 | K127: =SUM(H127:J127) -> 0 | O127: =SUM(L127:N127) -> 0 | S127: =SUM(P127:R127) -> 0 | W127: =SUM(T127:V127) -> 0 | BA127: =+G127+K127+O127+S127+W127+AA127+AE127+AZ127+AI127+AM127+AQ127+AU127+AY127 -> 0 | BB127: =+H127+L127+P127+T127+X127+AB127+AF127+BA127+AJ127+AN127+AR127+AV127+AZ127 -> 0 | BC127: =+BA127-BB127 -> 0 | BF127: =+BD127+BE127-BC127 -> 0 | BH127: =BF127+BG127 -> 0
B128: 1004048 | C128: ขนมปังหิมะฮอกไกโด | G128: =SUM(D128:F128) -> 0 | K128: =SUM(H128:J128) -> 0 | O128: =SUM(L128:N128) -> 0 | S128: =SUM(P128:R128) -> 0 | W128: =SUM(T128:V128) -> 0 | BA128: =+G128+K128+O128+S128+W128+AA128+AE128+AZ128+AI128+AM128+AQ128+AU128+AY128 -> 0 | BB128: =+H128+L128+P128+T128+X128+AB128+AF128+BA128+AJ128+AN128+AR128+AV128+AZ128 -> 0 | BC128: =+BA128-BB128 -> 0 | BF128: =+BD128+BE128-BC128 -> 0 | BH128: =BF128+BG128 -> 0
B129: 1004047 | C129: ขนมปังลาวาไข่เค็ม | G129: =SUM(D129:F129) -> 0 | K129: =SUM(H129:J129) -> 0 | O129: =SUM(L129:N129) -> 0 | S129: =SUM(P129:R129) -> 0 | W129: =SUM(T129:V129) -> 0 | BA129: =+G129+K129+O129+S129+W129+AA129+AE129+AZ129+AI129+AM129+AQ129+AU129+AY129 -> 0 | BB129: =+H129+L129+P129+T129+X129+AB129+AF129+BA129+AJ129+AN129+AR129+AV129+AZ129 -> 0 | BC129: =+BA129-BB129 -> 0 | BF129: =+BD129+BE129-BC129 -> 0 | BH129: =BF129+BG129 -> 0
... B141: 1112400 | C141: ขนมปังอบกรอบ รสคาราเมล | G141: =SUM(D141:F141) -> 0 | K141: =SUM(H141:J141) -> 0 | O141: =SUM(L141:N141) -> 0 | S141: =SUM(P141:R141) -> 0 | W141: =SUM(T141:V141) -> 0 | BA141: =+G141+K141+O141+S141+W141+AA141+AE141+AZ141+AI141+AM141+AQ141+AU141+AY141 -> 0 | BB141: =+H141+L141+P141+T141+X141+AB141+AF141+BA141+AJ141+AN141+AR141+AV141+AZ141 -> 0 | BC141: =+BA141-BB141 -> 0 | BF141: =+BD141+BE141-BC141 -> 0 | BH141: =BF141+BG141 -> 0
C142: ชิฟฟ่อนไม่มีไส้ 3 ชิ้น | G142: =SUM(D142:F142) -> 0 | K142: =SUM(H142:J142) -> 0 | O142: =SUM(L142:N142) -> 0 | S142: =SUM(P142:R142) -> 0 | W142: =SUM(T142:V142) -> 0 | BA142: =+G142+K142+O142+S142+W142+AA142+AE142+AZ142+AI142+AM142+AQ142+AU142+AY142 -> 0 | BB142: =+H142+L142+P142+T142+X142+AB142+AF142+BA142+AJ142+AN142+AR142+AV142+AZ142 -> 0 | BC142: =+BA142-BB142 -> 0 | BF142: =+BD142+BE142-BC142 -> 0 | BH142: =BF142+BG142 -> 0
B143: 1113081 | C143: ชิฟฟอนไส้แยม วนิลา/ใบเตย/เมล่อน | G143: =SUM(D143:F143) -> 0 | K143: =SUM(H143:J143) -> 0 | O143: =SUM(L143:N143) -> 0 | S143: =SUM(P143:R143) -> 0 | W143: =SUM(T143:V143) -> 0 | BA143: =+G143+K143+O143+S143+W143+AA143+AE143+AZ143+AI143+AM143+AQ143+AU143+AY143 -> 0 | BB143: =+H143+L143+P143+T143+X143+AB143+AF143+BA143+AJ143+AN143+AR143+AV143+AZ143 -> 0 | BC143: =+BA143-BB143 -> 0 | BF143: =+BD143+BE143-BC143 -> 0 | BH143: =BF143+BG143 -> 0
C144: ถุงกระดาษ | G144: =SUM(D144:F144) -> 0 | K144: =SUM(H144:J144) -> 0 | O144: =SUM(L144:N144) -> 0 | S144: =SUM(P144:R144) -> 0 | W144: =SUM(T144:V144) -> 0 | BA144: =+G144+K144+O144+S144+W144+AA144+AE144+AZ144+AI144+AM144+AQ144+AU144+AY144 -> 0 | BB144: =+H144+L144+P144+T144+X144+AB144+AF144+BA144+AJ144+AN144+AR144+AV144+AZ144 -> 0 | BC144: =+BA144-BB144 -> 0 | BF144: =+BD144+BE144-BC144 -> 0 | BH144: =BF144+BG144 -> 0
B145: 1004061 | C145: ชิฟฟอนเค้ก สอดไส้ครีมมะพร้าว (2 ชิ้น) | G145: =SUM(D145:F145) -> 0 | K145: =SUM(H145:J145) -> 0 | O145: =SUM(L145:N145) -> 0 | S145: =SUM(P145:R145) -> 0 | W145: =SUM(T145:V145) -> 0 | BA145: =+G145+K145+O145+S145+W145+AA145+AE145+AZ145+AI145+AM145+AQ145+AU145+AY145 -> 0 | BB145: =+H145+L145+P145+T145+X145+AB145+AF145+BA145+AJ145+AN145+AR145+AV145+AZ145 -> 0 | BC145: =+BA145-BB145 -> 0 | BF145: =+BD145+BE145-BC145 -> 0 | BH145: =BF145+BG145 -> 0
B146: 1007020 | C146: เอแคลร์ชาไทย | G146: =SUM(D146:F146) -> 0 | K146: =SUM(H146:J146) -> 0 | O146: =SUM(L146:N146) -> 0 | S146: =SUM(P146:R146) -> 0 | BA146: =+G146+K146+O146+S146+W146+AA146+AE146+AZ146+AI146+AM146+AQ146+AU146+AY146 -> 0 | BB146: =+H146+L146+P146+T146+X146+AB146+AF146+BA146+AJ146+AN146+AR146+AV146+AZ146 -> 0 | BC146: =+BA146-BB146 -> 0 | BF146: =+BD146+BE146-BC146 -> 0 | BH146: =BF146+BG146 -> 0
B147: 1111006 | C147: ชิฟฟ่อนสอดไส้มะพร้าว 8 ชิ้น | G147: =SUM(D147:F147) -> 0 | K147: =SUM(H147:J147) -> 0 | O147: =SUM(L147:N147) -> 0 | S147: =SUM(P147:R147) -> 0 | BA147: =+G147+K147+O147+S147+W147+AA147+AE147+AZ147+AI147+AM147+AQ147+AU147+AY147 -> 0 | BB147: =+H147+L147+P147+T147+X147+AB147+AF147+BA147+AJ147+AN147+AR147+AV147+AZ147 -> 0 | BC147: =+BA147-BB147 -> 0 | BF147: =+BD147+BE147-BC147 -> 0 | BH147: =BF147+BG147 -> 0
B148: 1111004 | C148: ชิฟฟ่อนเค้ก สอดไส้ครีมมะพร้าว (4 ชิ้น) | G148: =SUM(D148:F148) -> 0 | K148: =SUM(H148:J148) -> 0 | O148: =SUM(L148:N148) -> 0 | S148: =SUM(P148:R148) -> 0 | BA148: =+G148+K148+O148+S148+W148+AA148+AE148+AZ148+AI148+AM148+AQ148+AU148+AY148 -> 0 | BB148: =+H148+L148+P148+T148+X148+AB148+AF148+BA148+AJ148+AN148+AR148+AV148+AZ148 -> 0 | BC148: =+BA148-BB148 -> 0 | BF148: =+BD148+BE148-BC148 -> 0 | BH148: =BF148+BG148 -> 0
B149: 1111005 | C149: ชิฟฟ่อนเค้ก สอดไส้ครีมมะพร้าว (5 ชิ้น) | G149: =SUM(D149:F149) -> 0 | K149: =SUM(H149:J149) -> 0 | O149: =SUM(L149:N149) -> 0 | S149: =SUM(P149:R149) -> 0 | BA149: =+G149+K149+O149+S149+W149+AA149+AE149+AZ149+AI149+AM149+AQ149+AU149+AY149 -> 0 | BB149: =+H149+L149+P149+T149+X149+AB149+AF149+BA149+AJ149+AN149+AR149+AV149+AZ149 -> 0 | BC149: =+BA149-BB149 -> 0 | BF149: =+BD149+BE149-BC149 -> 0 | BH149: =BF149+BG149 -> 0
B150: 1111123 | C150: ชิฟฟ่อนเค้กไก่หยอง | G150: =SUM(D150:F150) -> 0 | K150: =SUM(H150:J150) -> 0 | O150: =SUM(L150:N150) -> 0 | S150: =SUM(P150:R150) -> 0 | BA150: =+G150+K150+O150+S150+W150+AA150+AE150+AZ150+AI150+AM150+AQ150+AU150+AY150 -> 0 | BB150: =+H150+L150+P150+T150+X150+AB150+AF150+BA150+AJ150+AN150+AR150+AV150+AZ150 -> 0 | BC150: =+BA150-BB150 -> 0 | BF150: =+BD150+BE150-BC150 -> 0 | BH150: =BF150+BG150 -> 0
B151: 1111122 | C151: นมปรุงแต่งชนิดเม็ด รสหวาน | G151: =SUM(D151:F151) -> 0 | K151: =SUM(H151:J151) -> 0 | O151: =SUM(L151:N151) -> 0 | S151: =SUM(P151:R151) -> 0 | BA151: =+G151+K151+O151+S151+W151+AA151+AE151+AZ151+AI151+AM151+AQ151+AU151+AY151 -> 0 | BB151: =+H151+L151+P151+T151+X151+AB151+AF151+BA151+AJ151+AN151+AR151+AV151+AZ151 -> 0 | BC151: =+BA151-BB151 -> 0 | BF151: =+BD151+BE151-BC151 -> 0 | BH151: =BF151+BG151 -> 0
B152: 1006982 | C152: ชูครีม ไส้ครีม | G152: =SUM(D152:F152) -> 0 | K152: =SUM(H152:J152) -> 0 | O152: =SUM(L152:N152) -> 0 | S152: =SUM(P152:R152) -> 0 | BA152: =+G152+K152+O152+S152+W152+AA152+AE152+AZ152+AI152+AM152+AQ152+AU152+AY152 -> 0 | BB152: =+H152+L152+P152+T152+X152+AB152+AF152+BA152+AJ152+AN152+AR152+AV152+AZ152 -> 0 | BC152: =+BA152-BB152 -> 0 | BF152: =+BD152+BE152-BC152 -> 0 | BH152: =BF152+BG152 -> 0
C153: กล่องเปล่า | G153: =SUM(D153:F153) -> 0 | K153: =SUM(H153:J153) -> 0 | O153: =SUM(L153:N153) -> 0 | S153: =SUM(P153:R153) -> 0 | BA153: =+G153+K153+O153+S153+W153+AA153+AE153+AZ153+AI153+AM153+AQ153+AU153+AY153 -> 0 | BB153: =+H153+L153+P153+T153+X153+AB153+AF153+BA153+AJ153+AN153+AR153+AV153+AZ153 -> 0 | BC153: =+BA153-BB153 -> 0 | BF153: =+BD153+BE153-BC153 -> 0 | BH153: =BF153+BG153 -> 0
B154: 1006987 | C154: มินิบันไก่หยองน้ำสลัดไส้ทะลัก | G154: =SUM(D154:F154) -> 0 | K154: =SUM(H154:J154) -> 0 | O154: =SUM(L154:N154) -> 0 | S154: =SUM(P154:R154) -> 0 | BA154: =+G154+K154+O154+S154+W154+AA154+AE154+AZ154+AI154+AM154+AQ154+AU154+AY154 -> 0 | BB154: =+H154+L154+P154+T154+X154+AB154+AF154+BA154+AJ154+AN154+AR154+AV154+AZ154 -> 0 | BC154: =+BA154-BB154 -> 0 | BF154: =+BD154+BE154-BC154 -> 0 | BH154: =BF154+BG154 -> 0
