Workbook

Sheet ค่าใช้จ่าย
A1: สรุปค่าใช้จ่าย บูธ แก้วมณีกาญจน์ วันที่ 1-31 ส.ค.
A2: วันที่ | B2: รายการค่าใช้จ่าย | C2: ยอดค่าใช้จ่าย | D2: หมายเหตุ
A3: 243833 | B3: ค่าซ่อมสวิสต์ไฟตู้แช่ | C3: 350
A4: 243835 | B4: ค่าปากกา + เทปใส | C4: 47
A5: 243837 | B5: ค่าถ่านใส่คีย์บอร์ด | C5: 69
B6: ยอดรวมค่าใช้จ่าย | C6: =SUM(C3:C5) -> 466 | D6: บาท
B194: เครปคิทแคท | I194: 35

Sheet รายการคืนสินค้า
A1: สรุปรายการคืนสินค้า บูธ แก้วมณีกาญจน์ วันที่ 1-31 ส.ค.
A2: วันที่ | B2: รายการสินค้า | C2: จำนวนคืนสินค้า | D2: ราคา/หน่วย | E2: ยอดรวม | F2: หมายเหตุ
A3: 243833 | B3: ชิฟฟ่อนเค้ก วรรณวนัช (สอดไส้รวมรส 8 ชิ้น) | C3: 1 | D3: 130 | E3: 100 | F3: หมดอายุ
A4: 243833 | B4: ชิฟฟ่อนเค้กมะพร้าวสอดไส้ครีมมะพร้าวล้วน (8 ชิ้น) | C4: 1 | D4: 130 | E4: 200 | F4: หมดอายุ
A5: 243833 | B5: ชิฟฟ่อนเค้กทูโทนใบเตยและมะพร้าวสอดไส้ครีม (8 ชิ้น) | C5: 2 | D5: 130 | E5: 100 | F5: หมดอายุ
A6: 243834 | B6: ชิฟฟ่อน สอดไส้ (ก) 5 ชิ้น ครีมมะพร้าว | C6: 2 | D6: 85 | E6: 100 | F6: คืนไส้เปรี๊ยว 2
A7: 243834 | B7: ชิฟฟ่อนเค้ก วรรณวนัช (สอดไส้รวมรส 8 ชิ้น) | C7: 6 | D7: 130 | E7: 100 | F7: คืนไส้เปรี๊ยว 6
A8: 243834 | B8: ชิฟฟ่อนเค้กมะพร้าวสอดไส้ครีมมะพร้าวล้วน (8 ชิ้น) | C8: 1 | D8: 130 | E8: 100 | F8: คืนไส้เปรี๊ยว 1
A9: 243834 | B9: ครีมฮอร์น ใบเตย | C9: 2 | D9: 50 | E9: 100 | F9: คืนไส้เปรี๊ยว 2
A10: 243834 | B10: ครีมฮอร์น ช็อคโกแลต | C10: 4 | D10: 50 | E10: 100 | F10: คืนไส้เปรี๊ยว 4
A11: 243834 | B11: ชิฟฟ่อนเค้กทูโทนใบเตยและมะพร้าวสอดไส้ครีม (8 ชิ้น) | C11: 1 | D11: 130 | E11: =+C11*D11 -> 130 | F11: คืนไส้เปรี๊ยว 1
A12: 243841 | B12: ครีมฮอร์นใบเตยจัมโบ้ | C12: 12 | D12: 25 | E12: =+C12*D12 -> 300 | F12: หมดอายุ 12
A13: 243841 | B13: ครีมฮอร์นชาไทยจัมโบ้ | C13: 14 | D13: 25 | E13: =+C13*D13 -> 350 | F13: หมดอายุ 14
A14: 243844 | B14: ครีมฮอร์น วนิลา | C14: 1 | D14: 50 | E14: =+C14*D14 -> 50 | F14: หมดอายุ
A15: 243844 | B15: เบาหวิว (ญ) ใหม่ รสกาแฟ | C15: 1 | D15: 120 | E15: =+C15*D15 -> 120 | F15: หมดอายุ 1
A16: 243844 | B16: คัพเค้กคัสตาร์ด | C16: 9 | D16: 45 | E16: =+C16*D16 -> 405 | F16: หมดอายุ 9
A17: 243847 | B17: เอแคลร์นมสด 8 ชิ้น | C17: 1 | D17: 50 | E17: =+C17*D17 -> 50 | F17: หมดอายุ 1
A18: 243848 | B18: ครีมฮอร์น ช็อคโกแลต | C18: 2 | D18: 50 | E18: =+C18*D18 -> 100 | F18: หมดอายุ 2
A19: 243850 | B19: ครีมฮอร์น วนิลา | C19: 1 | D19: 50 | E19: =+C19*D19 -> 50 | F19: หมดอายุ 1
A20: 243850 | B20: เอแคลร์นมสด 8 ชิ้น | C20: 2 | D20: 50 | E20: =+C20*D20 -> 100 | F20: หมดอายุ 2
A21: 243854 | B21: เค้กลอดช่อง | C21: 2 | D21: 35 | E21: =+C21*D21 -> 70 | F21: หมดอายุ 2
A22: 243855 | B22: เบาหวิว (ญ) ใหม่ รสมะพร้าว | C22: 1 | D22: 120 | E22: =+C22*D22 -> 120 | F22: หมดอายุ 2
... A39: 243861 | B39: ขนมปังสังขยา 4 ลูก | C39: 2 | D39: 60 | E39: =+C39*D39 -> 120 | F39: หมดอายุ 2
B40: ยอดรวมคืนสินค้า | C40: =SUM(C3:C39) -> 106 | D40: บาท | E40: =SUM(E3:E39) -> 6095 | F40: บาท

Sheet รายการส่วนลด
A1: สรุปส่วนลดสินค้า บูธ แก้วมณีกาญจน์ วันที่ 1-31 ส.ค. 67
A2: วันที่ | B2: รายการสินค้า | C2: จำนวน | D2: ราคาเต็ม/หน่วย | E2: ราคาลด/หน่วย | F2: ยอดรวม | G2: หมายเหตุ
A3: 243831 | B3: ชิฟฟ่อนเค้ก วรรณวนัช (สอดไส้รวมรส 8 ชิ้น) | C3: 3 | D3: 130 | E3: =+D3/2 -> 65 | F3: =+C3*E3 -> 195 | G3: ลด 50 %
A4: 243831 | B4: ครีมฮอร์น ใบเตย | C4: 2 | D4: 50 | E4: =+D4/2 -> 25 | F4: =+C4*E4 -> 50 | G4: ลด 50 %
A5: 243831 | B5: ครีมฮอร์น ช็อคโกแลต | C5: 1 | D5: 50 | E5: =+D5/2 -> 25 | F5: =+C5*E5 -> 25 | G5: ลด 50 %
A6: 243831 | B6: เบาหวิว (ญ) ใหม่ รสกาแฟ | C6: 1 | D6: 120 | E6: 35 | F6: =+C6*E6 -> 35 | G6: โปรจับคู่
A7: 243831 | B7: เบาหวิว (ญ) ใหม่ รสกล้วยหอมมะพร้าวเผา | C7: 1 | D7: 120 | E7: 35 | F7: =+C7*E7 -> 35 | G7: โปรจับคู่
A8: 243831 | B8: เบาหวิว (ญ) ใหม่ รสฝอยทอง | C8: 4 | D8: 120 | E8: 140 | F8: =+C8*E8 -> 560 | G8: โปรจับคู่ 2 คู่
A9: 243832 | B9: เบาหวิว (ล) ใหม่ กาแฟ | C9: 1 | D9: 50 | E9: 50 | F9: =+C9*E9 -> 50 | G9: แถม
A10: 243832 | B10: เบาหวิว (ล) ใหม่ ฝอยทอง | C10: 1 | D10: 50 | E10: 50 | F10: =+C10*E10 -> 50 | G10: แถม
A11: 243832 | B11: เบาหวิว (ญ) ใหม่ รสกาแฟ | C11: 1 | D11: 120 | E11: 35 | F11: =+C11*E11 -> 35 | G11: โปรจับ 1 คู่
A12: 243832 | B12: เบาหวิว (ญ) ใหม่ รสเผือกมะพร้าวเผา | C12: 1 | D12: 120 | E12: 35 | F12: =+C12*E12 -> 35 | G12: โปรจับ 1 คู่
A13: 243833 | B13: ชิฟฟ่อน สอดไส้ (ก) 5 ชิ้น ครีมมะพร้าว | C13: 4 | D13: 85 | E13: =+D13/2 -> 42.5 | F13: =+C13*E13 -> 170 | G13: ลด 50 % 4
A14: 243833 | B14: ชิฟฟ่อนเค้ก วรรณวนัช (สอดไส้รวมรส 8 ชิ้น) | C14: 7 | D14: 130 | E14: =+D14/2 -> 65 | F14: =+C14*E14 -> 455 | G14: ลด 50 % 7
A15: 243833 | B15: ชิฟฟ่อนเค้กมะพร้าวสอดไส้ครีมมะพร้าวล้วน (8 ชิ้น) | C15: 1 | D15: 130 | E15: =+D15/2 -> 65 | F15: =+C15*E15 -> 65 | G15: ลด 50 % 1
A16: 243833 | B16: ครีมฮอร์น วนิลา | C16: 2 | D16: 50 | E16: =+D16/2 -> 25 | F16: =+C16*E16 -> 50 | G16: ลด 50 % 2
A17: 243833 | B17: ครีมฮอร์น ใบเตย | C17: 2 | D17: 50 | E17: =+D17/2 -> 25 | F17: =+C17*E17 -> 50 | G17: ลด 50 % 2
A18: 243833 | B18: ลาวา ทูโทน (ล) (สีเขียว + สีเหลือง) | C18: 2 | D18: 50 | E18: =+D18/2 -> 25 | F18: =+C18*E18 -> 50 | G18: ลด 50 % 2
A19: 243833 | B19: ท๊อฟฟี่ถั่ว (กระเช้า) | C19: 1 | D19: 100 | E19: 100 | F19: =+C19*E19 -> 100 | G19: แถม 1
A20: 243833 | B20: ขนมปังสังขยา 6 ลูก | C20: 4 | D20: 50 | E20: =+D20/2 -> 25 | F20: =+C20*E20 -> 100 | G20: ลด 50 % 4
A21: 243834 | B21: ชิฟฟ่อนเค้กสอดไส้ รวมรส (8 ชิ้น) กล่องชมพู | C21: 9 | D21: 100 | E21: =+D21/2 -> 50 | F21: =+C21*E21 -> 450 | G21: ลด 50 % 9
A22: 243834 | B22: ชิฟฟ่อนเค้กสอดไส้ รวมรส (3 ชิ้น) | C22: 1 | D22: 50 | E22: =+D22/2 -> 25 | F22: =+C22*E22 -> 25 | G22: ลด 50 % 1
A23: 243834 | B23: ชิฟฟ่อนเค้กสอดไส้แยม รสส้ม (3 ชิ้น) | C23: 1 | D23: 50 | E23: =+D23/2 -> 25 | F23: =+C23*E23 -> 25 | G23: ลด 50 % 1
A24: 243834 | B24: ชิฟฟ่อนเค้กหน้าฝอยทอง สอดไส้แยมส้ม (3 ชิ้น) | C24: 4 | D24: 50 | E24: =+D24/2 -> 25 | F24: =+C24*E24 -> 100 | G24: ลด 50 % 4
A25: 243834 | B25: ชิฟฟ่อนเค้กหน้าฝอยทอง สอดไส้แยมส้ม (6 ชิ้น) | C25: 6 | D25: 100 | E25: =+D25/2 -> 50 | F25: =+C25*E25 -> 300 | G25: ลด 50 % 6
A26: 243834 | B26: เบาหวิว (ญ) ใหม่ รสฝอยทอง | C26: 2 | D26: 120 | E26: 35 | F26: =+C26*E26 -> 70 | G26: โปรจับคู่ 1
A27: 243835 | B27: ชิฟฟ่อนเค้กสอดไส้ รวมรส (8 ชิ้น) กล่องชมพู | C27: 2 | D27: 100 | E27: =+D27/2 -> 50 | F27: =+C27*E27 -> 100 | G27: ลด 50 % 2
A28: 243835 | B28: ชิฟฟ่อนเค้กหน้าฝอยทอง สอดไส้แยมส้ม (3 ชิ้น) | C28: 3 | D28: 50 | E28: =+D28/2 -> 25 | F28: =+C28*E28 -> 75 | G28: ลด 50 % 3
A29: 243835 | B29: ชิฟฟ่อนเค้ก วรรณวนัช (สอดไส้รวมรส 8 ชิ้น) | C29: 2 | D29: 130 | E29: =+D29/2 -> 65 | F29: =+C29*E29 -> 130 | G29: ลด 50 % 2
A30: 243835 | B30: ครีมฮอร์นใบเตยจัมโบ้ | C30: 1 | D30: 25 | E30: 25 | F30: =+C30*E30 -> 25 | G30: 1 แถม 1
A31: 243835 | B31: เบาหวิว (ญ) ใหม่ รสมะพร้าว | C31: 3 | D31: 120 | E31: 35 | F31: =+C31*E31 -> 105 | G31: จับคู่โปร 3
A32: 243835 | B32: เบาหวิว (ญ) ใหม่ รสกล้วยหอมมะพร้าวเผา | C32: 2 | D32: 120 | E32: 35 | F32: =+C32*E32 -> 70 | G32: จับคู่โปร 2
A33: 243835 | B33: เบาหวิว (ญ) ใหม่ รสฝอยทอง | C33: 1 | D33: 120 | E33: 35 | F33: =+C33*E33 -> 35 | G33: จับคู่โปร 1
A34: 243835 | B34: ลาวา (ล) (สีเหลืองล้วน) | C34: 1 | D34: 50 | E34: =+D34/2 -> 25 | F34: =+C34*E34 -> 25 | G34: ลด 50 % 1
A35: 243835 | B35: ขนมเปี๊ยะ 450 กรัม เผือก | C35: 1 | D35: 150 | E35: =+D35/2 -> 75 | F35: =+C35*E35 -> 75 | G35: ลด 50 % 1
A36: 243836 | B36: เบาหวิว (ล) ใหม่ มะพร้าว | C36: 1 | D36: 50 | E36: 50 | F36: =+C36*E36 -> 50 | G36: แถม
A37: 243836 | B37: เบาหวิว (ญ) ใหม่ รสมะพร้าว | C37: 1 | D37: 120 | E37: 35 | F37: =+C37*E37 -> 35 | G37: โปรจับคู่ 1
A38: 243836 | B38: เบาหวิว (ญ) ใหม่ รสกล้วยหอมมะพร้าวเผา | C38: 2 | D38: 120 | E38: 35 | F38: =+C38*E38 -> 70 | G38: โปรจับคู่ 2
A39: 243836 | B39: เบาหวิว (ญ) ใหม่ รสเผือกมะพร้าวเผา | C39: 1 | D39: 120 | E39: 35 | F39: =+C39*E39 -> 35 | G39: โปรจับคู่ 1
A40: 243836 | B40: ข้าวเกรียบว่าว (กระปุก) | C40: 1 | D40: 40 | E40: 20 | F40: =+C40*E40 -> 20 | G40: โปร 3 กระปุก 100 บาท
A41: 243837 | B41: ชิฟฟ่อนเค้กสอดไส้ รวมรส (3 ชิ้น) | C41: 1 | D41: 50 | E41: =+D41/2 -> 25 | F41: =+C41*E41 -> 25 | G41: ลด 50 % 1
A42: 243837 | B42: ชิฟฟ่อนเค้กหน้าฝอยทอง สอดไส้แยมส้ม (3 ชิ้น) | C42: 3 | D42: 50 | E42: =+D42/2 -> 25 | F42: =+C42*E42 -> 75 | G42: ลด 50 % 3
A43: 243837 | B43: ชิฟฟ่อนเค้กสอดไส้ รวมรส (6 ชิ้น) | C43: 6 | D43: 100 | E43: =+D43/2 -> 50 | F43: =+C43*E43 -> 300 | G43: ลด 50 % 6
A44: 243837 | B44: ชิฟฟ่อนเค้กหน้าฝอยทอง สอดไส้แยมส้ม (6 ชิ้น) | C44: 7 | D44: 100 | E44: =+D44/2 -> 50 | F44: =+C44*E44 -> 350 | G44: ลด 50 % 7
A45: 243837 | B45: ชิฟฟ่อนเค้กสอดไส้ มะพร้าว (6 ชิ้น) | C45: 1 | D45: 100 | E45: =+D45/2 -> 50 | F45: =+C45*E45 -> 50 | G45: ลด 50 % 1
A46: 243837 | B46: ชิฟฟ่อนรวมรส ยอดฮิต 8 ชิ้น | C46: 10 | D46: 100 | E46: =+D46/2 -> 50 | F46: =+C46*E46 -> 500 | G46: ลด 50 % 10
A47: 243837 | B47: ครีมฮอร์นใบเตยจัมโบ้ | C47: 16 | D47: 25 | E47: =+D47/2 -> 12.5 | F47: =+C47*E47 -> 200 | G47: 1 แถม 1 = 16
A48: 243837 | B48: เบาหวิว (ญ) ใหม่ รสกาแฟ | C48: 1 | D48: 120 | E48: 35 | F48: =+C48*E48 -> 35 | G48: โปรจับคู่ 1
A49: 243837 | B49: เบาหวิว (ญ) ใหม่ รสฝอยทอง | C49: 1 | D49: 120 | E49: 35 | F49: =+C49*E49 -> 35 | G49: โปรจับคู่ 1
A50: 243838 | B50: ชิฟฟ่อนเค้กหน้าฝอยทอง สอดไส้แยมส้ม (3 ชิ้น) | C50: 5 | D50: 50 | E50: =+D50/2 -> 25 | F50: =+C50*E50 -> 125 | G50: ลด 50 % 5
A51: 243838 | B51: ชิฟฟ่อนเค้กสอดไส้ รวมรส (6 ชิ้น) | C51: 8 | D51: 100 | E51: =+D51/2 -> 50 | F51: =+C51*E51 -> 400 | G51: ลด 50 % 8
A52: 243838 | B52: ชิฟฟ่อนเค้กหน้าฝอยทอง สอดไส้แยมส้ม (6 ชิ้น) | C52: 8 | D52: 100 | E52: =+D52/2 -> 50 | F52: =+C52*E52 -> 400 | G52: ลด 50 % 8
A53: 243838 | B53: ชิฟฟ่อนเค้กสอดไส้ มะพร้าว (6 ชิ้น) | C53: 9 | D53: 100 | E53: =+D53/2 -> 50 | F53: =+C53*E53 -> 450 | G53: ลด 50 % 9
A54: 243838 | B54: ชิฟฟ่อนรวมรส ยอดฮิต 8 ชิ้น | C54: 5 | D54: 100 | E54: =+D54/2 -> 50 | F54: =+C54*E54 -> 250 | G54: ลด 50 % 5
A55: 243839 | B55: ชิฟฟ่อนเค้กสอดไส้ รวมรส (8 ชิ้น) กล่องชมพู | C55: 13 | D55: 100 | E55: =+D55/2 -> 50 | F55: =+C55*E55 -> 650 | G55: ลด 50 % 13
A56: 243839 | B56: ชิฟฟ่อนเค้กหน้าฝอยทอง สอดไส้แยมส้ม (6 ชิ้น) | C56: 3 | D56: 100 | E56: =+D56/2 -> 50 | F56: =+C56*E56 -> 150 | G56: ลด 50 % 3
A57: 243839 | B57: ชิฟฟ่อนเค้กสอดไส้ มะพร้าว (6 ชิ้น) | C57: 5 | D57: 100 | E57: =+D57/2 -> 50 | F57: =+C57*E57 -> 250 | G57: ลด 50 % 5
A58: 243839 | B58: เบาหวิว (ล) ใหม่ ลูกตาล | C58: 5 | D58: 50 | E58: =+D58/2 -> 25 | F58: =+C58*E58 -> 125 | G58: ลด 50 %
A59: 243839 | B59: เบาหวิว (ญ) ใหม่ รสมะพร้าว | C59: 1 | D59: 120 | E59: 35 | F59: =+C59*E59 -> 35 | G59: โปรจับคู่ 1
A60: 243839 | B60: เบาหวิว (ญ) ใหม่ รสกาแฟ | C60: 1 | D60: 120 | E60: 35 | F60: =+C60*E60 -> 35 | G60: โปรจับคู่ 1
A61: 243839 | B61: เบาหวิว (ญ) ใหม่ รสกล้วยหอมมะพร้าวเผา | C61: 2 | D61: 120 | E61: 35 | F61: =+C61*E61 -> 70 | G61: โปรจับคู่ 2
A62: 243839 | B62: เบาหวิว (ญ) ใหม่ รสฝอยทอง | C62: 2 | D62: 120 | E62: 35 | F62: =+C62*E62 -> 70 | G62: โปรจับคู่ 2
A63: 243840 | B63: ชิฟฟ่อนเค้กสอดไส้ รวมรส (8 ชิ้น) กล่องชมพู | C63: 10 | D63: 100 | E63: 20 | F63: =+C63*E63 -> 200 | G63: ลด 20 %
A64: 243840 | B64: ชิฟฟ่อนเค้กสอดไส้แยม รสส้ม (3 ชิ้น) | C64: 1 | D64: 50 | E64: 50 | F64: =+C64*E64 -> 50 | G64: แถม 1
A65: 243840 | B65: ชิฟฟ่อนเค้กหน้าฝอยทอง สอดไส้แยมส้ม (3 ชิ้น) | C65: 2 | D65: 50 | E65: =+D65/2 -> 25 | F65: =+C65*E65 -> 50 | G65: ลด 50 % 2
A66: 243840 | B66: เบาหวิว (ล) ใหม่ ลูกตาล | C66: 2 | D66: 50 | E66: =+D66/2 -> 25 | F66: =+C66*E66 -> 50 | G66: ลด 50 %
A67: 243840 | B67: เบาหวิว (ญ) ใหม่ รสมะพร้าว | C67: 2 | D67: 120 | E67: 35 | F67: =+C67*E67 -> 70 | G67: จับคู่โปร 2
A68: 243840 | B68: เบาหวิว (ญ) ใหม่ รสฝอยทอง | C68: 1 | D68: 120 | E68: 35 | F68: =+C68*E68 -> 35 | G68: จับคู่โปร 1
A69: 243840 | B69: เบาหวิว (ญ) ใหม่ รสเผือกมะพร้าวเผา | C69: 1 | D69: 120 | E69: 35 | F69: =+C69*E69 -> 35 | G69: จับคู่โปร 1
A70: 243841 | B70: ชิฟฟ่อนเค้กสอดไส้ รวมรส (8 ชิ้น) กล่องชมพู | C70: 17 | D70: 100 | E70: 20 | F70: =+C70*E70 -> 340 | G70: ลด 20 % 17
A71: 243841 | B71: ชิฟฟ่อนเค้กสอดไส้ รวมรส (6 ชิ้น) | C71: 6 | D71: 100 | E71: =+D71/2 -> 50 | F71: =+C71*E71 -> 300 | G71: ลด 50 % 9
A72: 243841 | B72: ครีมฮอร์น วนิลา | C72: 8 | D72: 50 | E72: =+D72/2 -> 25 | F72: =+C72*E72 -> 200 | G72: ลด 50 % 8
A73: 243841 | B73: ครีมฮอร์น ใบเตย | C73: 1 | D73: 50 | E73: =+D73/2 -> 25 | F73: =+C73*E73 -> 25 | G73: ลด 50 % 1
A74: 243841 | B74: ครีมฮอร์น ช็อคโกแลต | C74: 4 | D74: 50 | E74: =+D74/2 -> 25 | F74: =+C74*E74 -> 100 | G74: ลด 50 % 4
A75: 243841 | B75: เบาหวิว (ญ) ใหม่ รสมะพร้าว | C75: 3 | D75: 120 | E75: 35 | F75: =+C75*E75 -> 105 | G75: โปรจับคู่ 3
A76: 243841 | B76: เบาหวิว (ญ) ใหม่ รสเนยนม | C76: 2 | D76: 120 | E76: 35 | F76: =+C76*E76 -> 70 | G76: โปรจับคู่ 2
A77: 243841 | B77: เบาหวิว (ญ) ใหม่ รสกล้วยหอมมะพร้าวเผา | C77: 1 | D77: 120 | E77: 35 | F77: =+C77*E77 -> 35 | G77: โปรจับคู่ 1
A78: 243841 | B78: เบาหวิว (ญ) ใหม่ รสฝอยทอง | C78: 3 | D78: 120 | E78: 35 | F78: =+C78*E78 -> 105 | G78: โปรจับคู่ 3
A79: 243841 | B79: เบาหวิว (ญ) ใหม่ รสเผือกมะพร้าวเผา | C79: 1 | D79: 120 | E79: 35 | F79: =+C79*E79 -> 35 | G79: โปรจับคู่ 1
A80: 243841 | B80: เอแคลร์นมสด 8 ชิ้น | C80: 2 | D80: 50 | E80: =+D80/2 -> 25 | F80: =+C80*E80 -> 50 | G80: ลด 50 % 1
A81: 243841 | B81: ขนมปังสังขยา 6 ลูก | C81: 6 | D81: 50 | E81: =+D81/2 -> 25 | F81: =+C81*E81 -> 150 | G81: ลด 50 % 6
A82: 243842 | B82: ชิฟฟ่อนเค้กมะพร้าวสอดไส้ครีมมะพร้าวล้วน (8 ชิ้น) | C82: 1 | D82: 130 | E82: =+D82/2 -> 65 | F82: =+C82*E82 -> 65 | G82: ลด 50 % 1
A83: 243842 | B83: เบาหวิว (ญ) ใหม่ รสกาแฟ | C83: 1 | D83: 120 | E83: 35 | F83: =+C83*E83 -> 35 | G83: โปรจับคู่ 1
A84: 243842 | B84: เบาหวิว (ญ) ใหม่ รสเนยนม | C84: 1 | D84: 120 | E84: 35 | F84: =+C84*E84 -> 35 | G84: โปรจับคู่ 1
A85: 243842 | B85: เบาหวิว (ญ) ใหม่ รสฝอยทอง | C85: 2 | D85: 120 | E85: 35 | F85: =+C85*E85 -> 70 | G85: โปรจับคู่ 2
A86: 243843 | B86: เบาหวิว (ล) ใหม่ กาแฟ | C86: 1 | D86: 50 | E86: =+D86/2 -> 25 | F86: =+C86*E86 -> 25 | G86: ลด 50 % 1
A87: 243843 | B87: เบาหวิว (ล) ใหม่ เนยนม | C87: 2 | D87: 50 | E87: =+D87/2 -> 25 | F87: =+C87*E87 -> 50 | G87: ลด 50 % 2
A88: 243843 | B88: เบาหวิว (ล) ใหม่ ฝอยทอง | C88: 8 | D88: 50 | E88: =+D88/2 -> 25 | F88: =+C88*E88 -> 200 | G88: ลด 50 % 8
A89: 243843 | B89: เบาหวิว (ล) ใหม่ ฝอยทอง | C89: 2 | D89: 50 | E89: 50 | F89: =+C89*E89 -> 100 | G89: แถม 2
A90: 243843 | B90: เบาหวิว (ล) ใหม่ ทุเรียน | C90: 2 | D90: 50 | E90: =+D90/2 -> 25 | F90: =+C90*E90 -> 50 | G90: ลด 50 % 2
A91: 243843 | B91: เบาหวิว (ล) ใหม่ ลูกตาล | C91: 3 | D91: 50 | E91: =+D91/2 -> 25 | F91: =+C91*E91 -> 75 | G91: ลด 50 % 3
A92: 243843 | B92: ขนมปังสังขยา 4 ลูก | C92: 1 | D92: 60 | E92: =+D92/2 -> 30 | F92: =+C92*E92 -> 30 | G92: ลด 50 % 1
A93: 243844 | B93: ชิฟฟ่อนเค้กสอดไส้เนย รสมะพร้าว (3 ชิ้น) | C93: 1 | D93: 50 | E93: 50 | F93: =+C93*E93 -> 50 | G93: แถม 1
A94: 243844 | B94: เบาหวิว (ล) ใหม่ กาแฟ | C94: 1 | D94: 50 | E94: =+D94/2 -> 25 | F94: =+C94*E94 -> 25 | G94: ลด 50 % 1
A95: 243844 | B95: เบาหวิว (ล) ใหม่ เนยนม | C95: 1 | D95: 50 | E95: =+D95/2 -> 25 | F95: =+C95*E95 -> 25 | G95: ลด 50 % 1
A96: 243844 | B96: เบาหวิว (ล) ใหม่ ทุเรียน | C96: 2 | D96: 50 | E96: =+D96/2 -> 25 | F96: =+C96*E96 -> 50 | G96: ลด 50 % 2
A97: 243844 | B97: เบาหวิว (ญ) ใหม่ รสมะพร้าว | C97: 1 | D97: 120 | E97: 35 | F97: =+C97*E97 -> 35 | G97: โปรจับคู่ 1
A98: 243844 | B98: เบาหวิว (ญ) ใหม่ รสกาแฟ | C98: 2 | D98: 120 | E98: =+D98/2 -> 60 | F98: =+C98*E98 -> 120 | G98: ลด 50 % 1
A99: 243844 | B99: เบาหวิว (ญ) ใหม่ รสเนยนม | C99: 2 | D99: 120 | E99: 35 | F99: =+C99*E99 -> 70 | G99: โปรจับคู่ 2
A100: 243844 | B100: เบาหวิว (ญ) ใหม่ รสกล้วยหอมมะพร้าวเผา | C100: 2 | D100: 120 | E100: 35 | F100: =+C100*E100 -> 70 | G100: โปรจับคู่ 2
...

Sheet รายการโยกย้ายสินค้า
A1: สรุปรายการโยกย้ายสินค้า บูธ แก้วมณีกาญจน์ วันที่ 1-31 ส.ค.
A2: วันที่ | B2: รายการสินค้า | C2: จำนวนสินค้า | D2: โยกไปสาขา | E2: หมายเหตุ
A3: 243840 | B3: ชิฟฟ่อนเค้กสอดไส้ รวมรส (8 ชิ้น) กล่องชมพู | C3: 10 | D3: ลำพยา 2 ใหม่
A4: 243840 | B4: ชิฟฟ่อนเค้กสอดไส้ รวมรส (8 ชิ้น) กล่องชมพู | C4: 10 | D4: ไทวัสดุ
A5: 243840 | B5: ชิฟฟ่อนเค้กสอดไส้ รวมรส (8 ชิ้น) กล่องชมพู | C5: 10 | D5: ปตท.คุณาวรรณ
A6: 243840 | B6: ชิฟฟ่อนเค้กสอดไส้ รวมรส (8 ชิ้น) กล่องชมพู | C6: 10 | D6: ปตท.ราชบุรี
A7: 243840 | B7: ชิฟฟ่อนเค้กสอดไส้ รวมรส (8 ชิ้น) กล่องชมพู | C7: 10 | D7: ลำพยา 3 ใหม่
B8: ยอดรวม | C8: =SUM(C3:C7) -> 50 | D8: กล่อง

Sheet ออม
A2: สรุปยอดขาย บูธ แก้วมณีกาญจน์ วันที่ 1-31 ส.ค. 67
A3: วันที่ | B3: ยอดเงิน | C3: ส่วนลด | D3: สแกนใช้สิทธิ์ | E3: ค่าโอนเงิน | F3: ค่าใช้จ่ายอื่นๆ | G3: โอนหน้าร้าน | H3: รับสุทธิ | I3: ยอดโอนเงิน | J3: โอนเกิน/โอนขาด
A5: 1 | B5: =+'1'!M287 -> 3230 | C5: =+'1'!M292 -> 350 | D5: =+'1'!M290 -> 0 | E5: =+'1'!M288 -> 0 | F5: =+'1'!M291 -> 0 | G5: =+'1'!M289 -> 785 | H5: =+B5-C5-D5-E5-F5-G5 -> 2095 | I5: =+'1'!M294 -> 2095 | J5: =+I5-H5 -> 0
A6: 2 | B6: =+'2'!M287 -> 4340 | C6: =+'2'!M292 -> 170 | D6: =+'2'!M290 -> 0 | E6: =+'2'!M288 -> 0 | F6: =+'2'!M291 -> 0 | G6: =+'2'!M289 -> 1620 | H6: =+B6-C6-D6-E6-F6-G6 -> 2550 | I6: =+'2'!M294 -> 2550 | J6: =+I6-H6 -> 0
A7: 3 | B7: =+'3'!M287 -> 6790 | C7: =+'3'!M292 -> 1040 | D7: =+'3'!M290 -> 0 | E7: =+'3'!M288 -> 0 | F7: =+'3'!M291 -> 350 | G7: =+'3'!M289 -> 1625 | H7: =+B7-C7-D7-E7-F7-G7 -> 3775 | I7: =+'3'!M294 -> 3775 | J7: =+I7-H7 -> 0
A8: 4 | B8: =+'4'!M287 -> 4600 | C8: =+'4'!M292 -> 970 | D8: =+'4'!M290 -> 0 | E8: =+'4'!M298 -> 0 | F8: =+'4'!M291 -> 0 | G8: =+'4'!M289 -> 1635 | H8: =+B8-C8-D8-E8-F8-G8 -> 1995 | I8: =+'4'!M294 -> 1995 | J8: =+I8-H8 -> 0
A9: 5 | B9: =+'5'!M287 -> 3110 | C9: =+'5'!M292 -> 640 | D9: =+'5'!M290 -> 0 | E9: =+'5'!M288 -> 0 | F9: =+'5'!M291 -> 47 | G9: =+'5'!M289 -> 1210 | H9: =+B9-C9-D9-E9-F9-G9 -> 1213 | I9: =+'5'!M294 -> 1213 | J9: =+I9-H9 -> 0
A10: 6 | B10: =+'6'!M287 -> 3585 | C10: =+'6'!M292 -> 210 | D10: =+'6'!M290 -> 0 | E10: =+'6'!M288 -> 0 | F10: =+'6'!M291 -> 0 | G10: =+'6'!M289 -> 490 | H10: =+B10-C10-D10-E10-F10-G10 -> 2885 | I10: =+'6'!M294 -> 2885 | J10: =+I10-H10 -> 0
A11: 7 | B11: =+'7'!M287 -> 3925 | C11: =+'7'!M292 -> 1570 | D11: =+'7'!M290 -> 0 | E11: =+'7'!M288 -> 0 | F11: =+'7'!M291 -> 69 | G11: =+'7'!M289 -> 640 | H11: =+B11-C11-D11-E11-F11-G11 -> 1646 | I11: =+'7'!M294 -> 1646 | J11: =+I11-H11 -> 0
A12: 8 | B12: =+'8'!M287 -> 4060 | C12: =+'8'!M292 -> 1625 | D12: =+'8'!M290 -> 0 | E12: =+'8'!M288 -> 0 | F12: =+'8'!M291 -> 0 | G12: =+'8'!M289 -> 300 | H12: =+B12-C12-D12-E12-F12-G12 -> 2135 | I12: =+'8'!M294 -> 2135 | J12: =+I12-H12 -> 0
A13: 9 | B13: =+'9'!M287 -> 4850 | C13: =+'9'!M292 -> 1385 | D13: =+'9'!M290 -> 0 | E13: =+'9'!M288 -> 0 | F13: =+'9'!M291 -> 0 | G13: =+'9'!M289 -> 520 | H13: =+B13-C13-D13-E13-F13-G13 -> 2945 | I13: =+'9'!M294 -> 2970 | J13: =+I13-H13 -> 25
A14: 10 | B14: =+'10'!M287 -> 7555 | C14: =+'10'!M292 -> 490 | D14: =+'10'!M290 -> 0 | E14: =+'10'!M288 -> 0 | F14: =+'10'!M291 -> 0 | G14: =+'10'!M289 -> 3030 | H14: =+B14-C14-D14-E14-F14-G14 -> 4035 | I14: =+'10'!M294 -> 4035 | J14: =+I14-H14 -> 0
A15: 11 | B15: =+'11'!M287 -> 9845 | C15: =+'11'!M292 -> 1515 | D15: =+'11'!M290 -> 0 | E15: =+'11'!M288 -> 0 | F15: =+'11'!M291 -> 0 | G15: =+'11'!M289 -> 2045 | H15: =+B15-C15-D15-E15-F15-G15 -> 6285 | I15: =+'11'!M294 -> 6285 | J15: =+I15-H15 -> 0
A16: 12 | B16: =+'12'!M287 -> 5090 | C16: =+'12'!M292 -> 205 | D16: =+'12'!M290 -> 0 | E16: =+'12'!M288 -> 0 | F16: =+'12'!M291 -> 0 | G16: =+'12'!M289 -> 1405 | H16: =+B16-C16-D16-E16-F16-G16 -> 3480 | I16: =+'12'!M294 -> 3480 | J16: =+I16-H16 -> 0
A17: 13 | B17: =+'13'!M287 -> 3525 | C17: =+'13'!M292 -> 530 | D17: =+'13'!M290 -> 0 | E17: =+'13'!M288 -> 0 | F17: =+'13'!M291 -> 0 | G17: =+'13'!M289 -> 480 | H17: =+B17-C17-D17-E17-F17-G17 -> 2515 | I17: =+'13'!M294 -> 2515 | J17: =+I17-H17 -> 0
A18: 14 | B18: =+'14'!M287 -> 3760 | C18: =+'14'!M292 -> 550 | D18: =+'14'!M290 -> 0 | E18: =+'14'!M288 -> 0 | F18: =+'14'!M291 -> 0 | G18: =+'14'!M289 -> 1260 | H18: =+B18-C18-D18-E18-F18-G18 -> 1950 | I18: =+'14'!M294 -> 1950 | J18: =+I18-H18 -> 0
A19: 15 | B19: =+'15'!M287 -> 2680 | C19: =+'15'!M292 -> 840 | D19: =+'15'!M290 -> 0 | E19: =+'15'!M288 -> 0 | F19: =+'15'!M291 -> 0 | G19: =+'15'!M289 -> 420 | H19: =+B19-C19-D19-E19-F19-G19 -> 1420 | I19: =+'15'!M294 -> 1420 | J19: =+I19-H19 -> 0
A20: 16 | B20: =+'16'!M287 -> 3385 | C20: =+'16'!M292 -> 120 | D20: =+'16'!M290 -> 0 | E20: =+'16'!M288 -> 0 | F20: =+'16'!M291 -> 0 | G20: =+'16'!M289 -> 1145 | H20: =+B20-C20-D20-E20-F20-G20 -> 2120 | I20: =+'16'!M294 -> 2120 | J20: =+I20-H20 -> 0
A21: 17 | B21: =+'17'!M287 -> 6205 | C21: =+'17'!M292 -> 1080 | D21: =+'17'!M290 -> 0 | E21: =+'17'!M288 -> 0 | F21: =+'17'!M291 -> 0 | G21: =+'17'!M289 -> 2050 | H21: =+B21-C21-D21-E21-F21-G21 -> 3075 | I21: =+'17'!M294 -> 3075 | J21: =+I21-H21 -> 0
A22: 18 | B22: =+'18'!M287 -> 2660 | C22: =+'18'!M292 -> 230 | D22: =+'18'!M290 -> 0 | E22: =+'18'!M288 -> 0 | F22: =+'17'!M291 -> 0 | G22: =+'18'!M289 -> 735 | H22: =+B22-C22-D22-E22-F22-G22 -> 1695 | I22: =+'18'!M294 -> 1695 | J22: =+I22-H22 -> 0
A23: 19 | B23: =+'19'!M287 -> 3610 | C23: =+'19'!M292 -> 565 | D23: =+'19'!M290 -> 0 | E23: =+'19'!M288 -> 0 | F23: =+'19'!M291 -> 0 | G23: =+'19'!M289 -> 235 | H23: =+B23-C23-D23-E23-F23-G23 -> 2810 | I23: =+'19'!M294 -> 2810 | J23: =+I23-H23 -> 0
A24: 20 | B24: =+'20'!M287 -> 2935 | C24: =+'20'!M292 -> 640 | D24: =+'20'!M290 -> 0 | E24: =+'20'!M288 -> 0 | F24: =+'20'!M291 -> 0 | G24: =+'20'!M289 -> 910 | H24: =+B24-C24-D24-E24-F24-G24 -> 1385 | I24: =+'20'!M294 -> 1385 | J24: =+I24-H24 -> 0
A25: 21 | B25: =+'21'!M287 -> 1745 | C25: =+'21'!M292 -> 240 | D25: =+'21'!M290 -> 0 | E25: =+'21'!M288 -> 0 | F25: =+'21'!M291 -> 0 | G25: =+'21'!M289 -> 550 | H25: =+B25-C25-D25-E25-F25-G25 -> 955 | I25: =+'21'!M294 -> 955 | J25: =+I25-H25 -> 0
A26: 22 | B26: =+'22'!M287 -> 815 | C26: =+'22'!M292 -> 75 | D26: =+'22'!M290 -> 0 | E26: =+'22'!M288 -> 0 | F26: =+'22'!M291 -> 0 | G26: =+'22'!M289 -> 615 | H26: =+B26-C26-D26-E26-F26-G26 -> 125 | I26: =+'22'!M294 -> 125 | J26: =+I26-H26 -> 0
A27: 23 | B27: =+'23'!M287 -> 5750 | C27: =+'23'!M292 -> 2050 | D27: =+'23'!M290 -> 0 | E27: =+'23'!M288 -> 0 | F27: =+'23'!M291 -> 0 | G27: =+'23'!M289 -> 500 | H27: =+B27-C27-D27-E27-F27-G27 -> 3200 | I27: =+'23'!M294 -> 3250 | J27: =+I27-H27 -> 50
A28: 24 | B28: =+'24'!M287 -> 5485 | C28: =+'24'!M292 -> 350 | D28: =+'24'!M290 -> 0 | E28: =+'24'!M288 -> 0 | F28: =+'24'!M291 -> 0 | G28: =+'24'!M289 -> 1745 | H28: =+B28-C28-D28-E28-F28-G28 -> 3390 | I28: =+'24'!M294 -> 3390 | J28: =+I28-H28 -> 0
A29: 25 | B29: =+'25'!M287 -> 5330 | C29: =+'25'!M292 -> 985 | D29: =+'25'!M290 -> 0 | E29: =+'25'!M288 -> 0 | F29: =+'25'!M291 -> 0 | G29: =+'25'!M289 -> 1160 | H29: =+B29-C29-D29-E29-F29-G29 -> 3185 | I29: =+'25'!M294 -> 3185 | J29: =+I29-H29 -> 0
A30: 26 | B30: =+'26'!M287 -> 1350 | C30: =+'26'!M292 -> 0 | D30: =+'26'!M290 -> 0 | E30: =+'26'!M288 -> 0 | F30: =+'26'!M291 -> 0 | G30: =+'26'!M289 -> 0 | H30: =+B30-C30-D30-E30-F30-G30 -> 1350 | I30: =+'26'!M294 -> 1350 | J30: =+I30-H30 -> 0
A31: 27 | B31: =+'27'!M287 -> 3155 | C31: =+'27'!M292 -> 140 | D31: =+'27'!M290 -> 0 | E31: =+'27'!M288 -> 0 | F31: =+'27'!M291 -> 0 | G31: =+'27'!M289 -> 900 | H31: =+B31-C31-D31-E31-F31-G31 -> 2115 | I31: =+'27'!M294 -> 2115 | J31: =+I31-H31 -> 0
A32: 28 | B32: =+'28'!M287 -> 2000 | C32: =+'28'!M292 -> 310 | D32: =+'28'!M290 -> 0 | E32: =+'28'!M288 -> 0 | F32: =+'28'!M291 -> 0 | G32: =+'28'!M289 -> 305 | H32: =+B32-C32-D32-E32-F32-G32 -> 1385 | I32: =+'28'!M294 -> 1385 | J32: =+I32-H32 -> 0
A33: 29 | B33: =+'29'!M287 -> 2775 | C33: =+'29'!M292 -> 670 | D33: =+'29'!M290 -> 0 | E33: =+'29'!M288 -> 0 | F33: =+'29'!M291 -> 0 | G33: =+'29'!M289 -> 505 | H33: =+B33-C33-D33-E33-F33-G33 -> 1600 | I33: =+'29'!M294 -> 1600 | J33: =+I33-H33 -> 0
A34: 30 | B34: =+'30'!M287 -> 4110 | C34: =+'30'!M292 -> 1645 | D34: =+'30'!M290 -> 0 | E34: =+'30'!M288 -> 0 | F34: =+'30'!M291 -> 0 | G34: =+'30'!M289 -> 920 | H34: =+B34-C34-D34-E34-F34-G34 -> 1545 | I34: =+'30'!M294 -> 1545 | J34: =+I34-H34 -> 0
A35: 31 | B35: =+'31.'!M287 -> 6545 | C35: =+'31.'!M292 -> 485 | D35: =+'31.'!M290 -> 0 | E35: =+'31.'!M288 -> 0 | F35: =+'31.'!M291 -> 0 | G35: =+'31.'!M289 -> 2990 | H35: =+B35-C35-D35-E35-F35-G35 -> 3070 | I35: =+'31.'!M294 -> 3070 | J35: =+I35-H35 -> 0
B36: =SUM(B5:B35) -> 128800 | C36: =SUM(C5:C35) -> 21675 | D36: =SUM(D5:D35) -> 0 | E36: =SUM(E5:E35) -> 0 | F36: =SUM(F5:F35) -> 466 | G36: =SUM(G5:G35) -> 32730 | H36: =SUM(H5:H35) -> 73929 | I36: =SUM(I5:I35) -> 74004 | J36: =SUM(J5:J35) -> 75

Sheet สรุป
A2: บูธ แก้วมณีกาญจน์ วันที่ 1-31 ส.ค. 67 | O2: สรุปยอดขาย บูธ แก้วมณีกาญจน์ วันที่ 1-31 ส.ค. 67
A3: ลำดับ | B3: รายการ | C3: ยกมา | D3: รับ | E3: รวม | F3: เปลี่ยน/ | G3: โยก | H3: คงเหลือ | I3: รายการขาย | L3: หมายเหตุ | M3: ราคาต้นทุน | N3: ยอดรวมต้นทุนสินค้า | O3: วันที่ | P3: ยอดเงิน | Q3: ส่วนลด | R3: สแกนใช้สิทธิ์ | S3: ค่าโอนเงิน | T3: ค่าใช้จ่ายอื่นๆ | U3: โอนหน้าร้าน | V3: รับสุทธิ | W3: ยอดโอนเงิน | X3: โอนเกิน/โอนขาด
F4: คืน/เสีย | I4: จำนวน | J4: @ | K4: เป็นเงิน
A5: 1 | B5: ชิฟฟ่อนเค้กสอดไส้ รวมรส (4 ชิ้น) กล่องชมพู | C5: =+ยกมา!D5 -> 10 | D5: =+'1'!E5+'2'!E5+'3'!E5+'4'!E5+'5'!E5+'6'!E5+'7'!E5+'8'!E5+'9'!E5+'10'!E5+'11'!E5+'12'!E5+'13'!E5+'14'!E5+'15'!E5+'16'!E5+'17'!E5+'18'!E5+'19'!E5+'20'!E5+'21'!E5+'22'!E5+'23'!E5+'24'!E5+'25'!E5+'26'!E5+'27'!E5+'28'!E5+'29'!E5+'30'!E5+'31.'!E5 -> 96 | E5: =+C5+D5 -> 106 | F5: =+'1'!G5+'2'!G5+'3'!G5+'4'!G5+'5'!G5+'6'!G5+'7'!G5+'8'!G5+'9'!G5+'10'!G5+'11'!G5+'12'!G5+'13'!G5+'14'!G5+'15'!G5+'16'!G5+'17'!G5+'18'!G5+'19'!G5+'20'!G5+'21'!G5+'22'!G5+'23'!G5+'24'!G5+'25'!G5+'26'!G5+'27'!G5+'28'!G5+'29'!G5+'30'!G5+'31.'!G5 -> 0 | G5: =+'1'!H5+'2'!H5+'3'!H5+'4'!H5+'5'!H5+'6'!H5+'7'!H5+'8'!H5+'9'!H5+'10'!H5+'11'!H5+'12'!H5+'13'!H5+'14'!H5+'15'!H5+'16'!H5+'17'!H5+'18'!H5+'19'!H5+'20'!H5+'21'!H5+'22'!H5+'23'!H5+'24'!H5+'25'!H5+'26'!H5+'27'!H5+'28'!H5+'29'!H5+'30'!H5+'31.'!H5 -> 0 | H5: =+C5+D5-F5-G5-I5 -> 28 | I5: =+'1'!J5+'2'!J5+'3'!J5+'4'!J5+'5'!J5+'6'!J5+'7'!J5+'8'!J5+'9'!J5+'10'!J5+'11'!J5+'12'!J5+'13'!J5+'14'!J5+'15'!J5+'16'!J5+'17'!J5+'18'!J5+'19'!J5+'20'!J5+'21'!J5+'22'!J5+'23'!J5+'24'!J5+'25'!J5+'26'!J5+'27'!J5+'28'!J5+'29'!J5+'30'!J5+'31.'!J5 -> 78 | J5: 50 | K5: =+'1'!L5+'2'!L5+'3'!L5+'4'!L5+'5'!L5+'6'!L5+'7'!L5+'8'!L5+'9'!L5+'10'!L5+'11'!L5+'12'!L5+'13'!L5+'14'!L5+'15'!L5+'16'!L5+'17'!L5+'18'!L5+'19'!L5+'20'!L5+'21'!L5+'22'!L5+'23'!L5+'24'!L5+'25'!L5+'26'!L5+'27'!L5+'28'!L5+'29'!L5+'30'!L5+'31.'!L5 -> 3900 | M5: 19.58 | N5: =+I5*M5 -> 1527.24 | O5: 1 | P5: =+'1'!M287 -> 3230 | Q5: =+'1'!M292 -> 350 | R5: =+'1'!M290 -> 0 | S5: =+'1'!M288 -> 0 | T5: =+'1'!M291 -> 0 | U5: =+'1'!M289 -> 785 | V5: =+P5-Q5-R5-S5-T5-U5 -> 2095 | W5: =+'1'!M294 -> 2095 | X5: =+W5-V5 -> 0 | Y5: =+U5+W5+X5 -> 2880
A6: 2 | B6: ชิฟฟ่อนเค้กสอดไส้ รวมรส (8 ชิ้น) กล่องชมพู | C6: =+ยกมา!D6 -> 191 | D6: =+'1'!E6+'2'!E6+'3'!E6+'4'!E6+'5'!E6+'6'!E6+'7'!E6+'8'!E6+'9'!E6+'10'!E6+'11'!E6+'12'!E6+'13'!E6+'14'!E6+'15'!E6+'16'!E6+'17'!E6+'18'!E6+'19'!E6+'20'!E6+'21'!E6+'22'!E6+'23'!E6+'24'!E6+'25'!E6+'26'!E6+'27'!E6+'28'!E6+'29'!E6+'30'!E6+'31.'!E6 -> 98 | E6: =+C6+D6 -> 289 | F6: =+'1'!G6+'2'!G6+'3'!G6+'4'!G6+'5'!G6+'6'!G6+'7'!G6+'8'!G6+'9'!G6+'10'!G6+'11'!G6+'12'!G6+'13'!G6+'14'!G6+'15'!G6+'16'!G6+'17'!G6+'18'!G6+'19'!G6+'20'!G6+'21'!G6+'22'!G6+'23'!G6+'24'!G6+'25'!G6+'26'!G6+'27'!G6+'28'!G6+'29'!G6+'30'!G6+'31.'!G6 -> 0 | G6: =+'1'!H6+'2'!H6+'3'!H6+'4'!H6+'5'!H6+'6'!H6+'7'!H6+'8'!H6+'9'!H6+'10'!H6+'11'!H6+'12'!H6+'13'!H6+'14'!H6+'15'!H6+'16'!H6+'17'!H6+'18'!H6+'19'!H6+'20'!H6+'21'!H6+'22'!H6+'23'!H6+'24'!H6+'25'!H6+'26'!H6+'27'!H6+'28'!H6+'29'!H6+'30'!H6+'31.'!H6 -> 60 | H6: =+C6+D6-F6-G6-I6 -> 98 | I6: =+'1'!J6+'2'!J6+'3'!J6+'4'!J6+'5'!J6+'6'!J6+'7'!J6+'8'!J6+'9'!J6+'10'!J6+'11'!J6+'12'!J6+'13'!J6+'14'!J6+'15'!J6+'16'!J6+'17'!J6+'18'!J6+'19'!J6+'20'!J6+'21'!J6+'22'!J6+'23'!J6+'24'!J6+'25'!J6+'26'!J6+'27'!J6+'28'!J6+'29'!J6+'30'!J6+'31.'!J6 -> 131 | J6: 100 | K6: =+'1'!L6+'2'!L6+'3'!L6+'4'!L6+'5'!L6+'6'!L6+'7'!L6+'8'!L6+'9'!L6+'10'!L6+'11'!L6+'12'!L6+'13'!L6+'14'!L6+'15'!L6+'16'!L6+'17'!L6+'18'!L6+'19'!L6+'20'!L6+'21'!L6+'22'!L6+'23'!L6+'24'!L6+'25'!L6+'26'!L6+'27'!L6+'28'!L6+'29'!L6+'30'!L6+'31.'!L6 -> 13100 | M6: 37.17 | N6: =+I6*M6 -> 4869.27 | O6: 2 | P6: =+'2'!M287 -> 4340 | Q6: =+'2'!M292 -> 170 | R6: =+'2'!M290 -> 0 | S6: =+'2'!M288 -> 0 | T6: =+'2'!M291 -> 0 | U6: =+'2'!M289 -> 1620 | V6: =+P6-Q6-R6-S6-T6-U6 -> 2550 | W6: =+'2'!M294 -> 2550 | X6: =+W6-V6 -> 0 | Y6: =+U6+W6+X6 -> 4170
A7: 3 | B7: ชิฟฟ่อนเค้ก รสกาแฟ (4 ชิ้น) | C7: =+ยกมา!D7 -> 0 | D7: =+'1'!E7+'2'!E7+'3'!E7+'4'!E7+'5'!E7+'6'!E7+'7'!E7+'8'!E7+'9'!E7+'10'!E7+'11'!E7+'12'!E7+'13'!E7+'14'!E7+'15'!E7+'16'!E7+'17'!E7+'18'!E7+'19'!E7+'20'!E7+'21'!E7+'22'!E7+'23'!E7+'24'!E7+'25'!E7+'26'!E7+'27'!E7+'28'!E7+'29'!E7+'30'!E7+'31.'!E7 -> 0 | E7: =+C7+D7 -> 0 | F7: =+'1'!G7+'2'!G7+'3'!G7+'4'!G7+'5'!G7+'6'!G7+'7'!G7+'8'!G7+'9'!G7+'10'!G7+'11'!G7+'12'!G7+'13'!G7+'14'!G7+'15'!G7+'16'!G7+'17'!G7+'18'!G7+'19'!G7+'20'!G7+'21'!G7+'22'!G7+'23'!G7+'24'!G7+'25'!G7+'26'!G7+'27'!G7+'28'!G7+'29'!G7+'30'!G7+'31.'!G7 -> 0 | G7: =+'1'!H7+'2'!H7+'3'!H7+'4'!H7+'5'!H7+'6'!H7+'7'!H7+'8'!H7+'9'!H7+'10'!H7+'11'!H7+'12'!H7+'13'!H7+'14'!H7+'15'!H7+'16'!H7+'17'!H7+'18'!H7+'19'!H7+'20'!H7+'21'!H7+'22'!H7+'23'!H7+'24'!H7+'25'!H7+'26'!H7+'27'!H7+'28'!H7+'29'!H7+'30'!H7+'31.'!H7 -> 0 | H7: =+C7+D7-F7-G7-I7 -> 0 | I7: =+'1'!J7+'2'!J7+'3'!J7+'4'!J7+'5'!J7+'6'!J7+'7'!J7+'8'!J7+'9'!J7+'10'!J7+'11'!J7+'12'!J7+'13'!J7+'14'!J7+'15'!J7+'16'!J7+'17'!J7+'18'!J7+'19'!J7+'20'!J7+'21'!J7+'22'!J7+'23'!J7+'24'!J7+'25'!J7+'26'!J7+'27'!J7+'28'!J7+'29'!J7+'30'!J7+'31.'!J7 -> 0 | J7: 50 | K7: =+'1'!L7+'2'!L7+'3'!L7+'4'!L7+'5'!L7+'6'!L7+'7'!L7+'8'!L7+'9'!L7+'10'!L7+'11'!L7+'12'!L7+'13'!L7+'14'!L7+'15'!L7+'16'!L7+'17'!L7+'18'!L7+'19'!L7+'20'!L7+'21'!L7+'22'!L7+'23'!L7+'24'!L7+'25'!L7+'26'!L7+'27'!L7+'28'!L7+'29'!L7+'30'!L7+'31.'!L7 -> 0 | M7: 26.11 | N7: =+I7*M7 -> 0 | O7: 3 | P7: =+'3'!M287 -> 6790 | Q7: =+'3'!M292 -> 1040 | R7: =+'3'!M290 -> 0 | S7: =+'3'!M288 -> 0 | T7: =+'3'!M291 -> 350 | U7: =+'3'!M289 -> 1625 | V7: =+P7-Q7-R7-S7-T7-U7 -> 3775 | W7: =+'3'!M294 -> 3775 | X7: =+W7-V7 -> 0 | Y7: =+U7+W7+X7 -> 5400
A8: 4 | B8: ชิฟฟ่อนเค้ก รสกาแฟ (8 ชิ้น) | C8: =+ยกมา!D8 -> 0 | D8: =+'1'!E8+'2'!E8+'3'!E8+'4'!E8+'5'!E8+'6'!E8+'7'!E8+'8'!E8+'9'!E8+'10'!E8+'11'!E8+'12'!E8+'13'!E8+'14'!E8+'15'!E8+'16'!E8+'17'!E8+'18'!E8+'19'!E8+'20'!E8+'21'!E8+'22'!E8+'23'!E8+'24'!E8+'25'!E8+'26'!E8+'27'!E8+'28'!E8+'29'!E8+'30'!E8+'31.'!E8 -> 0 | E8: =+C8+D8 -> 0 | F8: =+'1'!G8+'2'!G8+'3'!G8+'4'!G8+'5'!G8+'6'!G8+'7'!G8+'8'!G8+'9'!G8+'10'!G8+'11'!G8+'12'!G8+'13'!G8+'14'!G8+'15'!G8+'16'!G8+'17'!G8+'18'!G8+'19'!G8+'20'!G8+'21'!G8+'22'!G8+'23'!G8+'24'!G8+'25'!G8+'26'!G8+'27'!G8+'28'!G8+'29'!G8+'30'!G8+'31.'!G8 -> 0 | G8: =+'1'!H8+'2'!H8+'3'!H8+'4'!H8+'5'!H8+'6'!H8+'7'!H8+'8'!H8+'9'!H8+'10'!H8+'11'!H8+'12'!H8+'13'!H8+'14'!H8+'15'!H8+'16'!H8+'17'!H8+'18'!H8+'19'!H8+'20'!H8+'21'!H8+'22'!H8+'23'!H8+'24'!H8+'25'!H8+'26'!H8+'27'!H8+'28'!H8+'29'!H8+'30'!H8+'31.'!H8 -> 0 | H8: =+C8+D8-F8-G8-I8 -> 0 | I8: =+'1'!J8+'2'!J8+'3'!J8+'4'!J8+'5'!J8+'6'!J8+'7'!J8+'8'!J8+'9'!J8+'10'!J8+'11'!J8+'12'!J8+'13'!J8+'14'!J8+'15'!J8+'16'!J8+'17'!J8+'18'!J8+'19'!J8+'20'!J8+'21'!J8+'22'!J8+'23'!J8+'24'!J8+'25'!J8+'26'!J8+'27'!J8+'28'!J8+'29'!J8+'30'!J8+'31.'!J8 -> 0 | J8: 100 | K8: =+'1'!L8+'2'!L8+'3'!L8+'4'!L8+'5'!L8+'6'!L8+'7'!L8+'8'!L8+'9'!L8+'10'!L8+'11'!L8+'12'!L8+'13'!L8+'14'!L8+'15'!L8+'16'!L8+'17'!L8+'18'!L8+'19'!L8+'20'!L8+'21'!L8+'22'!L8+'23'!L8+'24'!L8+'25'!L8+'26'!L8+'27'!L8+'28'!L8+'29'!L8+'30'!L8+'31.'!L8 -> 0 | M8: 33.89 | N8: =+I8*M8 -> 0 | O8: 4 | P8: =+'4'!M287 -> 4600 | Q8: =+'4'!M292 -> 970 | R8: =+'4'!M290 -> 0 | S8: =+'4'!M298 -> 0 | T8: =+'4'!M291 -> 0 | U8: =+'4'!M289 -> 1635 | V8: =+P8-Q8-R8-S8-T8-U8 -> 1995 | W8: =+'4'!M294 -> 1995 | X8: =+W8-V8 -> 0 | Y8: =+U8+W8+X8 -> 3630
A9: 5 | B9: ชิฟฟ่อนเค้ก 1 ชิ้น | C9: =+ยกมา!D9 -> 0 | D9: =+'1'!E9+'2'!E9+'3'!E9+'4'!E9+'5'!E9+'6'!E9+'7'!E9+'8'!E9+'9'!E9+'10'!E9+'11'!E9+'12'!E9+'13'!E9+'14'!E9+'15'!E9+'16'!E9+'17'!E9+'18'!E9+'19'!E9+'20'!E9+'21'!E9+'22'!E9+'23'!E9+'24'!E9+'25'!E9+'26'!E9+'27'!E9+'28'!E9+'29'!E9+'30'!E9+'31.'!E9 -> 0 | E9: =+C9+D9 -> 0 | F9: =+'1'!G9+'2'!G9+'3'!G9+'4'!G9+'5'!G9+'6'!G9+'7'!G9+'8'!G9+'9'!G9+'10'!G9+'11'!G9+'12'!G9+'13'!G9+'14'!G9+'15'!G9+'16'!G9+'17'!G9+'18'!G9+'19'!G9+'20'!G9+'21'!G9+'22'!G9+'23'!G9+'24'!G9+'25'!G9+'26'!G9+'27'!G9+'28'!G9+'29'!G9+'30'!G9+'31.'!G9 -> 0 | G9: =+'1'!H9+'2'!H9+'3'!H9+'4'!H9+'5'!H9+'6'!H9+'7'!H9+'8'!H9+'9'!H9+'10'!H9+'11'!H9+'12'!H9+'13'!H9+'14'!H9+'15'!H9+'16'!H9+'17'!H9+'18'!H9+'19'!H9+'20'!H9+'21'!H9+'22'!H9+'23'!H9+'24'!H9+'25'!H9+'26'!H9+'27'!H9+'28'!H9+'29'!H9+'30'!H9+'31.'!H9 -> 0 | H9: =+C9+D9-F9-G9-I9 -> 0 | I9: =+'1'!J9+'2'!J9+'3'!J9+'4'!J9+'5'!J9+'6'!J9+'7'!J9+'8'!J9+'9'!J9+'10'!J9+'11'!J9+'12'!J9+'13'!J9+'14'!J9+'15'!J9+'16'!J9+'17'!J9+'18'!J9+'19'!J9+'20'!J9+'21'!J9+'22'!J9+'23'!J9+'24'!J9+'25'!J9+'26'!J9+'27'!J9+'28'!J9+'29'!J9+'30'!J9+'31.'!J9 -> 0 | J9: 10 | K9: =+'1'!L9+'2'!L9+'3'!L9+'4'!L9+'5'!L9+'6'!L9+'7'!L9+'8'!L9+'9'!L9+'10'!L9+'11'!L9+'12'!L9+'13'!L9+'14'!L9+'15'!L9+'16'!L9+'17'!L9+'18'!L9+'19'!L9+'20'!L9+'21'!L9+'22'!L9+'23'!L9+'24'!L9+'25'!L9+'26'!L9+'27'!L9+'28'!L9+'29'!L9+'30'!L9+'31.'!L9 -> 0 | N9: =+I9*M9 -> 0 | O9: 5 | P9: =+'5'!M287 -> 3110 | Q9: =+'5'!M292 -> 640 | R9: =+'5'!M290 -> 0 | S9: =+'5'!M288 -> 0 | T9: =+'5'!M291 -> 47 | U9: =+'5'!M289 -> 1210 | V9: =+P9-Q9-R9-S9-T9-U9 -> 1213 | W9: =+'5'!M294 -> 1213 | X9: =+W9-V9 -> 0 | Y9: =+U9+W9+X9 -> 2423
A10: 6 | B10: ชิฟฟ่อนเค้กสอดไส้แยม 1 ชิ้น | C10: =+ยกมา!D10 -> 0 | D10: =+'1'!E10+'2'!E10+'3'!E10+'4'!E10+'5'!E10+'6'!E10+'7'!E10+'8'!E10+'9'!E10+'10'!E10+'11'!E10+'12'!E10+'13'!E10+'14'!E10+'15'!E10+'16'!E10+'17'!E10+'18'!E10+'19'!E10+'20'!E10+'21'!E10+'22'!E10+'23'!E10+'24'!E10+'25'!E10+'26'!E10+'27'!E10+'28'!E10+'29'!E10+'30'!E10+'31.'!E10 -> 0 | E10: =+C10+D10 -> 0 | F10: =+'1'!G10+'2'!G10+'3'!G10+'4'!G10+'5'!G10+'6'!G10+'7'!G10+'8'!G10+'9'!G10+'10'!G10+'11'!G10+'12'!G10+'13'!G10+'14'!G10+'15'!G10+'16'!G10+'17'!G10+'18'!G10+'19'!G10+'20'!G10+'21'!G10+'22'!G10+'23'!G10+'24'!G10+'25'!G10+'26'!G10+'27'!G10+'28'!G10+'29'!G10+'30'!G10+'31.'!G10 -> 0 | G10: =+'1'!H10+'2'!H10+'3'!H10+'4'!H10+'5'!H10+'6'!H10+'7'!H10+'8'!H10+'9'!H10+'10'!H10+'11'!H10+'12'!H10+'13'!H10+'14'!H10+'15'!H10+'16'!H10+'17'!H10+'18'!H10+'19'!H10+'20'!H10+'21'!H10+'22'!H10+'23'!H10+'24'!H10+'25'!H10+'26'!H10+'27'!H10+'28'!H10+'29'!H10+'30'!H10+'31.'!H10 -> 0 | H10: =+C10+D10-F10-G10-I10 -> 0 | I10: =+'1'!J10+'2'!J10+'3'!J10+'4'!J10+'5'!J10+'6'!J10+'7'!J10+'8'!J10+'9'!J10+'10'!J10+'11'!J10+'12'!J10+'13'!J10+'14'!J10+'15'!J10+'16'!J10+'17'!J10+'18'!J10+'19'!J10+'20'!J10+'21'!J10+'22'!J10+'23'!J10+'24'!J10+'25'!J10+'26'!J10+'27'!J10+'28'!J10+'29'!J10+'30'!J10+'31.'!J10 -> 0 | J10: 15 | K10: =+'1'!L10+'2'!L10+'3'!L10+'4'!L10+'5'!L10+'6'!L10+'7'!L10+'8'!L10+'9'!L10+'10'!L10+'11'!L10+'12'!L10+'13'!L10+'14'!L10+'15'!L10+'16'!L10+'17'!L10+'18'!L10+'19'!L10+'20'!L10+'21'!L10+'22'!L10+'23'!L10+'24'!L10+'25'!L10+'26'!L10+'27'!L10+'28'!L10+'29'!L10+'30'!L10+'31.'!L10 -> 0 | N10: =+I10*M10 -> 0 | O10: 6 | P10: =+'6'!M287 -> 3585 | Q10: =+'6'!M292 -> 210 | R10: =+'6'!M290 -> 0 | S10: =+'6'!M288 -> 0 | T10: =+'6'!M291 -> 0 | U10: =+'6'!M289 -> 490 | V10: =+P10-Q10-R10-S10-T10-U10 -> 2885 | W10: =+'6'!M294 -> 2885 | X10: =+W10-V10 -> 0 | Y10: =+U10+W10+X10 -> 3375
A11: 7 | B11: ชิฟฟ่อนเค้กสอดไส้เนย รสมะพร้าว (2 ชิ้น) | C11: =+ยกมา!D11 -> 0 | D11: =+'1'!E11+'2'!E11+'3'!E11+'4'!E11+'5'!E11+'6'!E11+'7'!E11+'8'!E11+'9'!E11+'10'!E11+'11'!E11+'12'!E11+'13'!E11+'14'!E11+'15'!E11+'16'!E11+'17'!E11+'18'!E11+'19'!E11+'20'!E11+'21'!E11+'22'!E11+'23'!E11+'24'!E11+'25'!E11+'26'!E11+'27'!E11+'28'!E11+'29'!E11+'30'!E11+'31.'!E11 -> 0 | E11: =+C11+D11 -> 0 | F11: =+'1'!G11+'2'!G11+'3'!G11+'4'!G11+'5'!G11+'6'!G11+'7'!G11+'8'!G11+'9'!G11+'10'!G11+'11'!G11+'12'!G11+'13'!G11+'14'!G11+'15'!G11+'16'!G11+'17'!G11+'18'!G11+'19'!G11+'20'!G11+'21'!G11+'22'!G11+'23'!G11+'24'!G11+'25'!G11+'26'!G11+'27'!G11+'28'!G11+'29'!G11+'30'!G11+'31.'!G11 -> 0 | G11: =+'1'!H11+'2'!H11+'3'!H11+'4'!H11+'5'!H11+'6'!H11+'7'!H11+'8'!H11+'9'!H11+'10'!H11+'11'!H11+'12'!H11+'13'!H11+'14'!H11+'15'!H11+'16'!H11+'17'!H11+'18'!H11+'19'!H11+'20'!H11+'21'!H11+'22'!H11+'23'!H11+'24'!H11+'25'!H11+'26'!H11+'27'!H11+'28'!H11+'29'!H11+'30'!H11+'31.'!H11 -> 0 | H11: =+C11+D11-F11-G11-I11 -> 0 | I11: =+'1'!J11+'2'!J11+'3'!J11+'4'!J11+'5'!J11+'6'!J11+'7'!J11+'8'!J11+'9'!J11+'10'!J11+'11'!J11+'12'!J11+'13'!J11+'14'!J11+'15'!J11+'16'!J11+'17'!J11+'18'!J11+'19'!J11+'20'!J11+'21'!J11+'22'!J11+'23'!J11+'24'!J11+'25'!J11+'26'!J11+'27'!J11+'28'!J11+'29'!J11+'30'!J11+'31.'!J11 -> 0 | J11: 40 | K11: =+'1'!L11+'2'!L11+'3'!L11+'4'!L11+'5'!L11+'6'!L11+'7'!L11+'8'!L11+'9'!L11+'10'!L11+'11'!L11+'12'!L11+'13'!L11+'14'!L11+'15'!L11+'16'!L11+'17'!L11+'18'!L11+'19'!L11+'20'!L11+'21'!L11+'22'!L11+'23'!L11+'24'!L11+'25'!L11+'26'!L11+'27'!L11+'28'!L11+'29'!L11+'30'!L11+'31.'!L11 -> 0 | M11: 12.74 | N11: =+I11*M11 -> 0 | O11: 7 | P11: =+'7'!M287 -> 3925 | Q11: =+'7'!M292 -> 1570 | R11: =+'7'!M290 -> 0 | S11: =+'7'!M288 -> 0 | T11: =+'7'!M291 -> 69 | U11: =+'7'!M289 -> 640 | V11: =+P11-Q11-R11-S11-T11-U11 -> 1646 | W11: =+'7'!M294 -> 1646 | X11: =+W11-V11 -> 0 | Y11: =+U11+W11+X11 -> 2286
A12: 8 | B12: ชิฟฟ่อน (ญ) ห่อซีน | C12: =+ยกมา!D12 -> 0 | D12: =+'1'!E12+'2'!E12+'3'!E12+'4'!E12+'5'!E12+'6'!E12+'7'!E12+'8'!E12+'9'!E12+'10'!E12+'11'!E12+'12'!E12+'13'!E12+'14'!E12+'15'!E12+'16'!E12+'17'!E12+'18'!E12+'19'!E12+'20'!E12+'21'!E12+'22'!E12+'23'!E12+'24'!E12+'25'!E12+'26'!E12+'27'!E12+'28'!E12+'29'!E12+'30'!E12+'31.'!E12 -> 0 | E12: =+C12+D12 -> 0 | F12: =+'1'!G12+'2'!G12+'3'!G12+'4'!G12+'5'!G12+'6'!G12+'7'!G12+'8'!G12+'9'!G12+'10'!G12+'11'!G12+'12'!G12+'13'!G12+'14'!G12+'15'!G12+'16'!G12+'17'!G12+'18'!G12+'19'!G12+'20'!G12+'21'!G12+'22'!G12+'23'!G12+'24'!G12+'25'!G12+'26'!G12+'27'!G12+'28'!G12+'29'!G12+'30'!G12+'31.'!G12 -> 0 | G12: =+'1'!H12+'2'!H12+'3'!H12+'4'!H12+'5'!H12+'6'!H12+'7'!H12+'8'!H12+'9'!H12+'10'!H12+'11'!H12+'12'!H12+'13'!H12+'14'!H12+'15'!H12+'16'!H12+'17'!H12+'18'!H12+'19'!H12+'20'!H12+'21'!H12+'22'!H12+'23'!H12+'24'!H12+'25'!H12+'26'!H12+'27'!H12+'28'!H12+'29'!H12+'30'!H12+'31.'!H12 -> 0 | H12: =+C12+D12-F12-G12-I12 -> 0 | I12: =+'1'!J12+'2'!J12+'3'!J12+'4'!J12+'5'!J12+'6'!J12+'7'!J12+'8'!J12+'9'!J12+'10'!J12+'11'!J12+'12'!J12+'13'!J12+'14'!J12+'15'!J12+'16'!J12+'17'!J12+'18'!J12+'19'!J12+'20'!J12+'21'!J12+'22'!J12+'23'!J12+'24'!J12+'25'!J12+'26'!J12+'27'!J12+'28'!J12+'29'!J12+'30'!J12+'31.'!J12 -> 0 | J12: 100 | K12: =+'1'!L12+'2'!L12+'3'!L12+'4'!L12+'5'!L12+'6'!L12+'7'!L12+'8'!L12+'9'!L12+'10'!L12+'11'!L12+'12'!L12+'13'!L12+'14'!L12+'15'!L12+'16'!L12+'17'!L12+'18'!L12+'19'!L12+'20'!L12+'21'!L12+'22'!L12+'23'!L12+'24'!L12+'25'!L12+'26'!L12+'27'!L12+'28'!L12+'29'!L12+'30'!L12+'31.'!L12 -> 0 | N12: =+I12*M12 -> 0 | O12: 8 | P12: =+'8'!M287 -> 4060 | Q12: =+'8'!M292 -> 1625 | R12: =+'8'!M290 -> 0 | S12: =+'8'!M288 -> 0 | T12: =+'8'!M291 -> 0 | U12: =+'8'!M289 -> 300 | V12: =+P12-Q12-R12-S12-T12-U12 -> 2135 | W12: =+'8'!M294 -> 2135 | X12: =+W12-V12 -> 0 | Y12: =+U12+W12+X12 -> 2435
A13: 9 | B13: ชิฟฟ่อนเค้กสอดไส้ รวมรส (3 ชิ้น) | C13: =+ยกมา!D13 -> 20 | D13: =+'1'!E13+'2'!E13+'3'!E13+'4'!E13+'5'!E13+'6'!E13+'7'!E13+'8'!E13+'9'!E13+'10'!E13+'11'!E13+'12'!E13+'13'!E13+'14'!E13+'15'!E13+'16'!E13+'17'!E13+'18'!E13+'19'!E13+'20'!E13+'21'!E13+'22'!E13+'23'!E13+'24'!E13+'25'!E13+'26'!E13+'27'!E13+'28'!E13+'29'!E13+'30'!E13+'31.'!E13 -> 80 | E13: =+C13+D13 -> 100 | F13: =+'1'!G13+'2'!G13+'3'!G13+'4'!G13+'5'!G13+'6'!G13+'7'!G13+'8'!G13+'9'!G13+'10'!G13+'11'!G13+'12'!G13+'13'!G13+'14'!G13+'15'!G13+'16'!G13+'17'!G13+'18'!G13+'19'!G13+'20'!G13+'21'!G13+'22'!G13+'23'!G13+'24'!G13+'25'!G13+'26'!G13+'27'!G13+'28'!G13+'29'!G13+'30'!G13+'31.'!G13 -> 0 | G13: =+'1'!H13+'2'!H13+'3'!H13+'4'!H13+'5'!H13+'6'!H13+'7'!H13+'8'!H13+'9'!H13+'10'!H13+'11'!H13+'12'!H13+'13'!H13+'14'!H13+'15'!H13+'16'!H13+'17'!H13+'18'!H13+'19'!H13+'20'!H13+'21'!H13+'22'!H13+'23'!H13+'24'!H13+'25'!H13+'26'!H13+'27'!H13+'28'!H13+'29'!H13+'30'!H13+'31.'!H13 -> 0 | H13: =+C13+D13-F13-G13-I13 -> 23 | I13: =+'1'!J13+'2'!J13+'3'!J13+'4'!J13+'5'!J13+'6'!J13+'7'!J13+'8'!J13+'9'!J13+'10'!J13+'11'!J13+'12'!J13+'13'!J13+'14'!J13+'15'!J13+'16'!J13+'17'!J13+'18'!J13+'19'!J13+'20'!J13+'21'!J13+'22'!J13+'23'!J13+'24'!J13+'25'!J13+'26'!J13+'27'!J13+'28'!J13+'29'!J13+'30'!J13+'31.'!J13 -> 77 | J13: 50 | K13: =+'1'!L13+'2'!L13+'3'!L13+'4'!L13+'5'!L13+'6'!L13+'7'!L13+'8'!L13+'9'!L13+'10'!L13+'11'!L13+'12'!L13+'13'!L13+'14'!L13+'15'!L13+'16'!L13+'17'!L13+'18'!L13+'19'!L13+'20'!L13+'21'!L13+'22'!L13+'23'!L13+'24'!L13+'25'!L13+'26'!L13+'27'!L13+'28'!L13+'29'!L13+'30'!L13+'31.'!L13 -> 3850 | M13: 11.38 | N13: =+I13*M13 -> 876.26 | O13: 9 | P13: =+'9'!M287 -> 4850 | Q13: =+'9'!M292 -> 1385 | R13: =+'9'!M290 -> 0 | S13: =+'9'!M288 -> 0 | T13: =+'9'!M291 -> 0 | U13: =+'9'!M289 -> 520 | V13: =+P13-Q13-R13-S13-T13-U13 -> 2945 | W13: =+'9'!M294 -> 2970 | X13: =+W13-V13 -> 25 | Y13: =+U13+W13+X13 -> 3515
A14: 10 | B14: ชิฟฟ่อนเค้กสอดไส้ เมล่อน (3 ชิ้น) | C14: =+ยกมา!D14 -> 0 | D14: =+'1'!E14+'2'!E14+'3'!E14+'4'!E14+'5'!E14+'6'!E14+'7'!E14+'8'!E14+'9'!E14+'10'!E14+'11'!E14+'12'!E14+'13'!E14+'14'!E14+'15'!E14+'16'!E14+'17'!E14+'18'!E14+'19'!E14+'20'!E14+'21'!E14+'22'!E14+'23'!E14+'24'!E14+'25'!E14+'26'!E14+'27'!E14+'28'!E14+'29'!E14+'30'!E14+'31.'!E14 -> 0 | E14: =+C14+D14 -> 0 | F14: =+'1'!G14+'2'!G14+'3'!G14+'4'!G14+'5'!G14+'6'!G14+'7'!G14+'8'!G14+'9'!G14+'10'!G14+'11'!G14+'12'!G14+'13'!G14+'14'!G14+'15'!G14+'16'!G14+'17'!G14+'18'!G14+'19'!G14+'20'!G14+'21'!G14+'22'!G14+'23'!G14+'24'!G14+'25'!G14+'26'!G14+'27'!G14+'28'!G14+'29'!G14+'30'!G14+'31.'!G14 -> 0 | G14: =+'1'!H14+'2'!H14+'3'!H14+'4'!H14+'5'!H14+'6'!H14+'7'!H14+'8'!H14+'9'!H14+'10'!H14+'11'!H14+'12'!H14+'13'!H14+'14'!H14+'15'!H14+'16'!H14+'17'!H14+'18'!H14+'19'!H14+'20'!H14+'21'!H14+'22'!H14+'23'!H14+'24'!H14+'25'!H14+'26'!H14+'27'!H14+'28'!H14+'29'!H14+'30'!H14+'31.'!H14 -> 0 | H14: =+C14+D14-F14-G14-I14 -> 0 | I14: =+'1'!J14+'2'!J14+'3'!J14+'4'!J14+'5'!J14+'6'!J14+'7'!J14+'8'!J14+'9'!J14+'10'!J14+'11'!J14+'12'!J14+'13'!J14+'14'!J14+'15'!J14+'16'!J14+'17'!J14+'18'!J14+'19'!J14+'20'!J14+'21'!J14+'22'!J14+'23'!J14+'24'!J14+'25'!J14+'26'!J14+'27'!J14+'28'!J14+'29'!J14+'30'!J14+'31.'!J14 -> 0 | J14: 50 | K14: =+'1'!L14+'2'!L14+'3'!L14+'4'!L14+'5'!L14+'6'!L14+'7'!L14+'8'!L14+'9'!L14+'10'!L14+'11'!L14+'12'!L14+'13'!L14+'14'!L14+'15'!L14+'16'!L14+'17'!L14+'18'!L14+'19'!L14+'20'!L14+'21'!L14+'22'!L14+'23'!L14+'24'!L14+'25'!L14+'26'!L14+'27'!L14+'28'!L14+'29'!L14+'30'!L14+'31.'!L14 -> 0 | N14: =+I14*M14 -> 0 | O14: 10 | P14: =+'10'!M287 -> 7555 | Q14: =+'10'!M292 -> 490 | R14: =+'10'!M290 -> 0 | S14: =+'10'!M288 -> 0 | T14: =+'10'!M291 -> 0 | U14: =+'10'!M289 -> 3030 | V14: =+P14-Q14-R14-S14-T14-U14 -> 4035 | W14: =+'10'!M294 -> 4035 | X14: =+W14-V14 -> 0 | Y14: =+U14+W14+X14 -> 7065
A15: 11 | B15: ชิฟฟ่อนเค้กสอดไส้แยม รสบลูเบอร์รี่ (3 ชิ้น) | C15: =+ยกมา!D15 -> 0 | D15: =+'1'!E15+'2'!E15+'3'!E15+'4'!E15+'5'!E15+'6'!E15+'7'!E15+'8'!E15+'9'!E15+'10'!E15+'11'!E15+'12'!E15+'13'!E15+'14'!E15+'15'!E15+'16'!E15+'17'!E15+'18'!E15+'19'!E15+'20'!E15+'21'!E15+'22'!E15+'23'!E15+'24'!E15+'25'!E15+'26'!E15+'27'!E15+'28'!E15+'29'!E15+'30'!E15+'31.'!E15 -> 0 | E15: =+C15+D15 -> 0 | F15: =+'1'!G15+'2'!G15+'3'!G15+'4'!G15+'5'!G15+'6'!G15+'7'!G15+'8'!G15+'9'!G15+'10'!G15+'11'!G15+'12'!G15+'13'!G15+'14'!G15+'15'!G15+'16'!G15+'17'!G15+'18'!G15+'19'!G15+'20'!G15+'21'!G15+'22'!G15+'23'!G15+'24'!G15+'25'!G15+'26'!G15+'27'!G15+'28'!G15+'29'!G15+'30'!G15+'31.'!G15 -> 0 | G15: =+'1'!H15+'2'!H15+'3'!H15+'4'!H15+'5'!H15+'6'!H15+'7'!H15+'8'!H15+'9'!H15+'10'!H15+'11'!H15+'12'!H15+'13'!H15+'14'!H15+'15'!H15+'16'!H15+'17'!H15+'18'!H15+'19'!H15+'20'!H15+'21'!H15+'22'!H15+'23'!H15+'24'!H15+'25'!H15+'26'!H15+'27'!H15+'28'!H15+'29'!H15+'30'!H15+'31.'!H15 -> 0 | H15: =+C15+D15-F15-G15-I15 -> 0 | I15: =+'1'!J15+'2'!J15+'3'!J15+'4'!J15+'5'!J15+'6'!J15+'7'!J15+'8'!J15+'9'!J15+'10'!J15+'11'!J15+'12'!J15+'13'!J15+'14'!J15+'15'!J15+'16'!J15+'17'!J15+'18'!J15+'19'!J15+'20'!J15+'21'!J15+'22'!J15+'23'!J15+'24'!J15+'25'!J15+'26'!J15+'27'!J15+'28'!J15+'29'!J15+'30'!J15+'31.'!J15 -> 0 | J15: 50 | K15: =+'1'!L15+'2'!L15+'3'!L15+'4'!L15+'5'!L15+'6'!L15+'7'!L15+'8'!L15+'9'!L15+'10'!L15+'11'!L15+'12'!L15+'13'!L15+'14'!L15+'15'!L15+'16'!L15+'17'!L15+'18'!L15+'19'!L15+'20'!L15+'21'!L15+'22'!L15+'23'!L15+'24'!L15+'25'!L15+'26'!L15+'27'!L15+'28'!L15+'29'!L15+'30'!L15+'31.'!L15 -> 0 | M15: 17.32 | N15: =+I15*M15 -> 0 | O15: 11 | P15: =+'11'!M287 -> 9845 | Q15: =+'11'!M292 -> 1515 | R15: =+'11'!M290 -> 0 | S15: =+'11'!M288 -> 0 | T15: =+'11'!M291 -> 0 | U15: =+'11'!M289 -> 2045 | V15: =+P15-Q15-R15-S15-T15-U15 -> 6285 | W15: =+'11'!M294 -> 6285 | X15: =+W15-V15 -> 0 | Y15: =+U15+W15+X15 -> 8330
A16: 12 | B16: ชิฟฟ่อนเค้กสอดไส้แยม รสส้ม (3 ชิ้น) | C16: =+ยกมา!D16 -> 5 | D16: =+'1'!E16+'2'!E16+'3'!E16+'4'!E16+'5'!E16+'6'!E16+'7'!E16+'8'!E16+'9'!E16+'10'!E16+'11'!E16+'12'!E16+'13'!E16+'14'!E16+'15'!E16+'16'!E16+'17'!E16+'18'!E16+'19'!E16+'20'!E16+'21'!E16+'22'!E16+'23'!E16+'24'!E16+'25'!E16+'26'!E16+'27'!E16+'28'!E16+'29'!E16+'30'!E16+'31.'!E16 -> 30 | E16: =+C16+D16 -> 35 | F16: =+'1'!G16+'2'!G16+'3'!G16+'4'!G16+'5'!G16+'6'!G16+'7'!G16+'8'!G16+'9'!G16+'10'!G16+'11'!G16+'12'!G16+'13'!G16+'14'!G16+'15'!G16+'16'!G16+'17'!G16+'18'!G16+'19'!G16+'20'!G16+'21'!G16+'22'!G16+'23'!G16+'24'!G16+'25'!G16+'26'!G16+'27'!G16+'28'!G16+'29'!G16+'30'!G16+'31.'!G16 -> 0 | G16: =+'1'!H16+'2'!H16+'3'!H16+'4'!H16+'5'!H16+'6'!H16+'7'!H16+'8'!H16+'9'!H16+'10'!H16+'11'!H16+'12'!H16+'13'!H16+'14'!H16+'15'!H16+'16'!H16+'17'!H16+'18'!H16+'19'!H16+'20'!H16+'21'!H16+'22'!H16+'23'!H16+'24'!H16+'25'!H16+'26'!H16+'27'!H16+'28'!H16+'29'!H16+'30'!H16+'31.'!H16 -> 0 | H16: =+C16+D16-F16-G16-I16 -> 8 | I16: =+'1'!J16+'2'!J16+'3'!J16+'4'!J16+'5'!J16+'6'!J16+'7'!J16+'8'!J16+'9'!J16+'10'!J16+'11'!J16+'12'!J16+'13'!J16+'14'!J16+'15'!J16+'16'!J16+'17'!J16+'18'!J16+'19'!J16+'20'!J16+'21'!J16+'22'!J16+'23'!J16+'24'!J16+'25'!J16+'26'!J16+'27'!J16+'28'!J16+'29'!J16+'30'!J16+'31.'!J16 -> 27 | J16: 50 | K16: =+'1'!L16+'2'!L16+'3'!L16+'4'!L16+'5'!L16+'6'!L16+'7'!L16+'8'!L16+'9'!L16+'10'!L16+'11'!L16+'12'!L16+'13'!L16+'14'!L16+'15'!L16+'16'!L16+'17'!L16+'18'!L16+'19'!L16+'20'!L16+'21'!L16+'22'!L16+'23'!L16+'24'!L16+'25'!L16+'26'!L16+'27'!L16+'28'!L16+'29'!L16+'30'!L16+'31.'!L16 -> 1350 | M16: 16.92 | N16: =+I16*M16 -> 456.84 | O16: 12 | P16: =+'12'!M287 -> 5090 | Q16: =+'12'!M292 -> 205 | R16: =+'12'!M290 -> 0 | S16: =+'12'!M288 -> 0 | T16: =+'12'!M291 -> 0 | U16: =+'12'!M289 -> 1405 | V16: =+P16-Q16-R16-S16-T16-U16 -> 3480 | W16: =+'12'!M294 -> 3480 | X16: =+W16-V16 -> 0 | Y16: =+U16+W16+X16 -> 4885
A17: 13 | B17: ชิฟฟ่อนเค้กหน้าฝอยทอง สอดไส้แยมส้ม (3 ชิ้น) | C17: =+ยกมา!D17 -> 17 | D17: =+'1'!E17+'2'!E17+'3'!E17+'4'!E17+'5'!E17+'6'!E17+'7'!E17+'8'!E17+'9'!E17+'10'!E17+'11'!E17+'12'!E17+'13'!E17+'14'!E17+'15'!E17+'16'!E17+'17'!E17+'18'!E17+'19'!E17+'20'!E17+'21'!E17+'22'!E17+'23'!E17+'24'!E17+'25'!E17+'26'!E17+'27'!E17+'28'!E17+'29'!E17+'30'!E17+'31.'!E17 -> 25 | E17: =+C17+D17 -> 42 | F17: =+'1'!G17+'2'!G17+'3'!G17+'4'!G17+'5'!G17+'6'!G17+'7'!G17+'8'!G17+'9'!G17+'10'!G17+'11'!G17+'12'!G17+'13'!G17+'14'!G17+'15'!G17+'16'!G17+'17'!G17+'18'!G17+'19'!G17+'20'!G17+'21'!G17+'22'!G17+'23'!G17+'24'!G17+'25'!G17+'26'!G17+'27'!G17+'28'!G17+'29'!G17+'30'!G17+'31.'!G17 -> 0 | G17: =+'1'!H17+'2'!H17+'3'!H17+'4'!H17+'5'!H17+'6'!H17+'7'!H17+'8'!H17+'9'!H17+'10'!H17+'11'!H17+'12'!H17+'13'!H17+'14'!H17+'15'!H17+'16'!H17+'17'!H17+'18'!H17+'19'!H17+'20'!H17+'21'!H17+'22'!H17+'23'!H17+'24'!H17+'25'!H17+'26'!H17+'27'!H17+'28'!H17+'29'!H17+'30'!H17+'31.'!H17 -> 0 | H17: =+C17+D17-F17-G17-I17 -> 7 | I17: =+'1'!J17+'2'!J17+'3'!J17+'4'!J17+'5'!J17+'6'!J17+'7'!J17+'8'!J17+'9'!J17+'10'!J17+'11'!J17+'12'!J17+'13'!J17+'14'!J17+'15'!J17+'16'!J17+'17'!J17+'18'!J17+'19'!J17+'20'!J17+'21'!J17+'22'!J17+'23'!J17+'24'!J17+'25'!J17+'26'!J17+'27'!J17+'28'!J17+'29'!J17+'30'!J17+'31.'!J17 -> 35 | J17: 50 | K17: =+'1'!L17+'2'!L17+'3'!L17+'4'!L17+'5'!L17+'6'!L17+'7'!L17+'8'!L17+'9'!L17+'10'!L17+'11'!L17+'12'!L17+'13'!L17+'14'!L17+'15'!L17+'16'!L17+'17'!L17+'18'!L17+'19'!L17+'20'!L17+'21'!L17+'22'!L17+'23'!L17+'24'!L17+'25'!L17+'26'!L17+'27'!L17+'28'!L17+'29'!L17+'30'!L17+'31.'!L17 -> 1750 | M17: 21.22 | N17: =+I17*M17 -> 742.7 | O17: 13 | P17: =+'13'!M287 -> 3525 | Q17: =+'13'!M292 -> 530 | R17: =+'13'!M290 -> 0 | S17: =+'13'!M288 -> 0 | T17: =+'13'!M291 -> 0 | U17: =+'13'!M289 -> 480 | V17: =+P17-Q17-R17-S17-T17-U17 -> 2515 | W17: =+'13'!M294 -> 2515 | X17: =+W17-V17 -> 0 | Y17: =+U17+W17+X17 -> 2995
A18: 14 | B18: ชิฟฟ่อนเค้กหน้าฝอยทองทูโทน สอดไส้แยมส้ม (3 ชิ้น) | C18: =+ยกมา!D18 -> 0 | D18: =+'1'!E18+'2'!E18+'3'!E18+'4'!E18+'5'!E18+'6'!E18+'7'!E18+'8'!E18+'9'!E18+'10'!E18+'11'!E18+'12'!E18+'13'!E18+'14'!E18+'15'!E18+'16'!E18+'17'!E18+'18'!E18+'19'!E18+'20'!E18+'21'!E18+'22'!E18+'23'!E18+'24'!E18+'25'!E18+'26'!E18+'27'!E18+'28'!E18+'29'!E18+'30'!E18+'31.'!E18 -> 0 | E18: =+C18+D18 -> 0 | F18: =+'1'!G18+'2'!G18+'3'!G18+'4'!G18+'5'!G18+'6'!G18+'7'!G18+'8'!G18+'9'!G18+'10'!G18+'11'!G18+'12'!G18+'13'!G18+'14'!G18+'15'!G18+'16'!G18+'17'!G18+'18'!G18+'19'!G18+'20'!G18+'21'!G18+'22'!G18+'23'!G18+'24'!G18+'25'!G18+'26'!G18+'27'!G18+'28'!G18+'29'!G18+'30'!G18+'31.'!G18 -> 0 | G18: =+'1'!H18+'2'!H18+'3'!H18+'4'!H18+'5'!H18+'6'!H18+'7'!H18+'8'!H18+'9'!H18+'10'!H18+'11'!H18+'12'!H18+'13'!H18+'14'!H18+'15'!H18+'16'!H18+'17'!H18+'18'!H18+'19'!H18+'20'!H18+'21'!H18+'22'!H18+'23'!H18+'24'!H18+'25'!H18+'26'!H18+'27'!H18+'28'!H18+'29'!H18+'30'!H18+'31.'!H18 -> 0 | H18: =+C18+D18-F18-G18-I18 -> 0 | I18: =+'1'!J18+'2'!J18+'3'!J18+'4'!J18+'5'!J18+'6'!J18+'7'!J18+'8'!J18+'9'!J18+'10'!J18+'11'!J18+'12'!J18+'13'!J18+'14'!J18+'15'!J18+'16'!J18+'17'!J18+'18'!J18+'19'!J18+'20'!J18+'21'!J18+'22'!J18+'23'!J18+'24'!J18+'25'!J18+'26'!J18+'27'!J18+'28'!J18+'29'!J18+'30'!J18+'31.'!J18 -> 0 | J18: 50 | K18: =+'1'!L18+'2'!L18+'3'!L18+'4'!L18+'5'!L18+'6'!L18+'7'!L18+'8'!L18+'9'!L18+'10'!L18+'11'!L18+'12'!L18+'13'!L18+'14'!L18+'15'!L18+'16'!L18+'17'!L18+'18'!L18+'19'!L18+'20'!L18+'21'!L18+'22'!L18+'23'!L18+'24'!L18+'25'!L18+'26'!L18+'27'!L18+'28'!L18+'29'!L18+'30'!L18+'31.'!L18 -> 0 | N18: =+I18*M18 -> 0 | O18: 14 | P18: =+'14'!M287 -> 3760 | Q18: =+'14'!M292 -> 550 | R18: =+'14'!M290 -> 0 | S18: =+'14'!M288 -> 0 | T18: =+'14'!M291 -> 0 | U18: =+'14'!M289 -> 1260 | V18: =+P18-Q18-R18-S18-T18-U18 -> 1950 | W18: =+'14'!M294 -> 1950 | X18: =+W18-V18 -> 0 | Y18: =+U18+W18+X18 -> 3210
A19: 15 | B19: ชิฟฟ่อนเค้กสอดไส้แยม รสสตรอว์เบอรี่ (3 ชิ้น) | C19: =+ยกมา!D19 -> 0 | D19: =+'1'!E19+'2'!E19+'3'!E19+'4'!E19+'5'!E19+'6'!E19+'7'!E19+'8'!E19+'9'!E19+'10'!E19+'11'!E19+'12'!E19+'13'!E19+'14'!E19+'15'!E19+'16'!E19+'17'!E19+'18'!E19+'19'!E19+'20'!E19+'21'!E19+'22'!E19+'23'!E19+'24'!E19+'25'!E19+'26'!E19+'27'!E19+'28'!E19+'29'!E19+'30'!E19+'31.'!E19 -> 0 | E19: =+C19+D19 -> 0 | F19: =+'1'!G19+'2'!G19+'3'!G19+'4'!G19+'5'!G19+'6'!G19+'7'!G19+'8'!G19+'9'!G19+'10'!G19+'11'!G19+'12'!G19+'13'!G19+'14'!G19+'15'!G19+'16'!G19+'17'!G19+'18'!G19+'19'!G19+'20'!G19+'21'!G19+'22'!G19+'23'!G19+'24'!G19+'25'!G19+'26'!G19+'27'!G19+'28'!G19+'29'!G19+'30'!G19+'31.'!G19 -> 0 | G19: =+'1'!H19+'2'!H19+'3'!H19+'4'!H19+'5'!H19+'6'!H19+'7'!H19+'8'!H19+'9'!H19+'10'!H19+'11'!H19+'12'!H19+'13'!H19+'14'!H19+'15'!H19+'16'!H19+'17'!H19+'18'!H19+'19'!H19+'20'!H19+'21'!H19+'22'!H19+'23'!H19+'24'!H19+'25'!H19+'26'!H19+'27'!H19+'28'!H19+'29'!H19+'30'!H19+'31.'!H19 -> 0 | H19: =+C19+D19-F19-G19-I19 -> 0 | I19: =+'1'!J19+'2'!J19+'3'!J19+'4'!J19+'5'!J19+'6'!J19+'7'!J19+'8'!J19+'9'!J19+'10'!J19+'11'!J19+'12'!J19+'13'!J19+'14'!J19+'15'!J19+'16'!J19+'17'!J19+'18'!J19+'19'!J19+'20'!J19+'21'!J19+'22'!J19+'23'!J19+'24'!J19+'25'!J19+'26'!J19+'27'!J19+'28'!J19+'29'!J19+'30'!J19+'31.'!J19 -> 0 | J19: 50 | K19: =+'1'!L19+'2'!L19+'3'!L19+'4'!L19+'5'!L19+'6'!L19+'7'!L19+'8'!L19+'9'!L19+'10'!L19+'11'!L19+'12'!L19+'13'!L19+'14'!L19+'15'!L19+'16'!L19+'17'!L19+'18'!L19+'19'!L19+'20'!L19+'21'!L19+'22'!L19+'23'!L19+'24'!L19+'25'!L19+'26'!L19+'27'!L19+'28'!L19+'29'!L19+'30'!L19+'31.'!L19 -> 0 | M19: 15.05 | N19: =+I19*M19 -> 0 | O19: 15 | P19: =+'15'!M287 -> 2680 | Q19: =+'15'!M292 -> 840 | R19: =+'15'!M290 -> 0 | S19: =+'15'!M288 -> 0 | T19: =+'15'!M291 -> 0 | U19: =+'15'!M289 -> 420 | V19: =+P19-Q19-R19-S19-T19-U19 -> 1420 | W19: =+'15'!M294 -> 1420 | X19: =+W19-V19 -> 0 | Y19: =+U19+W19+X19 -> 1840
A20: 16 | B20: ชิฟฟ่อนเค้กสอดไส้เนย รสมะพร้าว (3 ชิ้น) | C20: =+ยกมา!D20 -> 1 | D20: =+'1'!E20+'2'!E20+'3'!E20+'4'!E20+'5'!E20+'6'!E20+'7'!E20+'8'!E20+'9'!E20+'10'!E20+'11'!E20+'12'!E20+'13'!E20+'14'!E20+'15'!E20+'16'!E20+'17'!E20+'18'!E20+'19'!E20+'20'!E20+'21'!E20+'22'!E20+'23'!E20+'24'!E20+'25'!E20+'26'!E20+'27'!E20+'28'!E20+'29'!E20+'30'!E20+'31.'!E20 -> 30 | E20: =+C20+D20 -> 31 | F20: =+'1'!G20+'2'!G20+'3'!G20+'4'!G20+'5'!G20+'6'!G20+'7'!G20+'8'!G20+'9'!G20+'10'!G20+'11'!G20+'12'!G20+'13'!G20+'14'!G20+'15'!G20+'16'!G20+'17'!G20+'18'!G20+'19'!G20+'20'!G20+'21'!G20+'22'!G20+'23'!G20+'24'!G20+'25'!G20+'26'!G20+'27'!G20+'28'!G20+'29'!G20+'30'!G20+'31.'!G20 -> 0 | G20: =+'1'!H20+'2'!H20+'3'!H20+'4'!H20+'5'!H20+'6'!H20+'7'!H20+'8'!H20+'9'!H20+'10'!H20+'11'!H20+'12'!H20+'13'!H20+'14'!H20+'15'!H20+'16'!H20+'17'!H20+'18'!H20+'19'!H20+'20'!H20+'21'!H20+'22'!H20+'23'!H20+'24'!H20+'25'!H20+'26'!H20+'27'!H20+'28'!H20+'29'!H20+'30'!H20+'31.'!H20 -> 0 | H20: =+C20+D20-F20-G20-I20 -> 13 | I20: =+'1'!J20+'2'!J20+'3'!J20+'4'!J20+'5'!J20+'6'!J20+'7'!J20+'8'!J20+'9'!J20+'10'!J20+'11'!J20+'12'!J20+'13'!J20+'14'!J20+'15'!J20+'16'!J20+'17'!J20+'18'!J20+'19'!J20+'20'!J20+'21'!J20+'22'!J20+'23'!J20+'24'!J20+'25'!J20+'26'!J20+'27'!J20+'28'!J20+'29'!J20+'30'!J20+'31.'!J20 -> 18 | J20: 50 | K20: =+'1'!L20+'2'!L20+'3'!L20+'4'!L20+'5'!L20+'6'!L20+'7'!L20+'8'!L20+'9'!L20+'10'!L20+'11'!L20+'12'!L20+'13'!L20+'14'!L20+'15'!L20+'16'!L20+'17'!L20+'18'!L20+'19'!L20+'20'!L20+'21'!L20+'22'!L20+'23'!L20+'24'!L20+'25'!L20+'26'!L20+'27'!L20+'28'!L20+'29'!L20+'30'!L20+'31.'!L20 -> 900 | M20: 16.7 | N20: =+I20*M20 -> 300.6 | O20: 16 | P20: =+'16'!M287 -> 3385 | Q20: =+'16'!M292 -> 120 | R20: =+'16'!M290 -> 0 | S20: =+'16'!M288 -> 0 | T20: =+'16'!M291 -> 0 | U20: =+'16'!M289 -> 1145 | V20: =+P20-Q20-R20-S20-T20-U20 -> 2120 | W20: =+'16'!M294 -> 2120 | X20: =+W20-V20 -> 0 | Y20: =+U20+W20+X20 -> 3265
A21: 17 | B21: ชิฟฟ่อนเค้กสอดไส้ นมชมพูฮอกไกโด (3 ชิ้น) | C21: =+ยกมา!D21 -> 0 | D21: =+'1'!E21+'2'!E21+'3'!E21+'4'!E21+'5'!E21+'6'!E21+'7'!E21+'8'!E21+'9'!E21+'10'!E21+'11'!E21+'12'!E21+'13'!E21+'14'!E21+'15'!E21+'16'!E21+'17'!E21+'18'!E21+'19'!E21+'20'!E21+'21'!E21+'22'!E21+'23'!E21+'24'!E21+'25'!E21+'26'!E21+'27'!E21+'28'!E21+'29'!E21+'30'!E21+'31.'!E21 -> 0 | E21: =+C21+D21 -> 0 | F21: =+'1'!G21+'2'!G21+'3'!G21+'4'!G21+'5'!G21+'6'!G21+'7'!G21+'8'!G21+'9'!G21+'10'!G21+'11'!G21+'12'!G21+'13'!G21+'14'!G21+'15'!G21+'16'!G21+'17'!G21+'18'!G21+'19'!G21+'20'!G21+'21'!G21+'22'!G21+'23'!G21+'24'!G21+'25'!G21+'26'!G21+'27'!G21+'28'!G21+'29'!G21+'30'!G21+'31.'!G21 -> 0 | G21: =+'1'!H21+'2'!H21+'3'!H21+'4'!H21+'5'!H21+'6'!H21+'7'!H21+'8'!H21+'9'!H21+'10'!H21+'11'!H21+'12'!H21+'13'!H21+'14'!H21+'15'!H21+'16'!H21+'17'!H21+'18'!H21+'19'!H21+'20'!H21+'21'!H21+'22'!H21+'23'!H21+'24'!H21+'25'!H21+'26'!H21+'27'!H21+'28'!H21+'29'!H21+'30'!H21+'31.'!H21 -> 0 | H21: =+C21+D21-F21-G21-I21 -> 0 | I21: =+'1'!J21+'2'!J21+'3'!J21+'4'!J21+'5'!J21+'6'!J21+'7'!J21+'8'!J21+'9'!J21+'10'!J21+'11'!J21+'12'!J21+'13'!J21+'14'!J21+'15'!J21+'16'!J21+'17'!J21+'18'!J21+'19'!J21+'20'!J21+'21'!J21+'22'!J21+'23'!J21+'24'!J21+'25'!J21+'26'!J21+'27'!J21+'28'!J21+'29'!J21+'30'!J21+'31.'!J21 -> 0 | J21: 50 | K21: =+'1'!L21+'2'!L21+'3'!L21+'4'!L21+'5'!L21+'6'!L21+'7'!L21+'8'!L21+'9'!L21+'10'!L21+'11'!L21+'12'!L21+'13'!L21+'14'!L21+'15'!L21+'16'!L21+'17'!L21+'18'!L21+'19'!L21+'20'!L21+'21'!L21+'22'!L21+'23'!L21+'24'!L21+'25'!L21+'26'!L21+'27'!L21+'28'!L21+'29'!L21+'30'!L21+'31.'!L21 -> 0 | M21: 19.04 | N21: =+I21*M21 -> 0 | O21: 17 | P21: =+'17'!M287 -> 6205 | Q21: =+'17'!M292 -> 1080 | R21: =+'17'!M290 -> 0 | S21: =+'17'!M288 -> 0 | T21: =+'17'!M291 -> 0 | U21: =+'17'!M289 -> 2050 | V21: =+P21-Q21-R21-S21-T21-U21 -> 3075 | W21: =+'17'!M294 -> 3075 | X21: =+W21-V21 -> 0 | Y21: =+U21+W21+X21 -> 5125
A22: 18 | B22: ชิฟฟ่อนเค้กสอดไส้ ช็อคโกแลตนูเทลล่า (3 ชิ้น) | C22: =+ยกมา!D22 -> 0 | D22: =+'1'!E22+'2'!E22+'3'!E22+'4'!E22+'5'!E22+'6'!E22+'7'!E22+'8'!E22+'9'!E22+'10'!E22+'11'!E22+'12'!E22+'13'!E22+'14'!E22+'15'!E22+'16'!E22+'17'!E22+'18'!E22+'19'!E22+'20'!E22+'21'!E22+'22'!E22+'23'!E22+'24'!E22+'25'!E22+'26'!E22+'27'!E22+'28'!E22+'29'!E22+'30'!E22+'31.'!E22 -> 0 | E22: =+C22+D22 -> 0 | F22: =+'1'!G22+'2'!G22+'3'!G22+'4'!G22+'5'!G22+'6'!G22+'7'!G22+'8'!G22+'9'!G22+'10'!G22+'11'!G22+'12'!G22+'13'!G22+'14'!G22+'15'!G22+'16'!G22+'17'!G22+'18'!G22+'19'!G22+'20'!G22+'21'!G22+'22'!G22+'23'!G22+'24'!G22+'25'!G22+'26'!G22+'27'!G22+'28'!G22+'29'!G22+'30'!G22+'31.'!G22 -> 0 | G22: =+'1'!H22+'2'!H22+'3'!H22+'4'!H22+'5'!H22+'6'!H22+'7'!H22+'8'!H22+'9'!H22+'10'!H22+'11'!H22+'12'!H22+'13'!H22+'14'!H22+'15'!H22+'16'!H22+'17'!H22+'18'!H22+'19'!H22+'20'!H22+'21'!H22+'22'!H22+'23'!H22+'24'!H22+'25'!H22+'26'!H22+'27'!H22+'28'!H22+'29'!H22+'30'!H22+'31.'!H22 -> 0 | H22: =+C22+D22-F22-G22-I22 -> 0 | I22: =+'1'!J22+'2'!J22+'3'!J22+'4'!J22+'5'!J22+'6'!J22+'7'!J22+'8'!J22+'9'!J22+'10'!J22+'11'!J22+'12'!J22+'13'!J22+'14'!J22+'15'!J22+'16'!J22+'17'!J22+'18'!J22+'19'!J22+'20'!J22+'21'!J22+'22'!J22+'23'!J22+'24'!J22+'25'!J22+'26'!J22+'27'!J22+'28'!J22+'29'!J22+'30'!J22+'31.'!J22 -> 0 | J22: 50 | K22: =+'1'!L22+'2'!L22+'3'!L22+'4'!L22+'5'!L22+'6'!L22+'7'!L22+'8'!L22+'9'!L22+'10'!L22+'11'!L22+'12'!L22+'13'!L22+'14'!L22+'15'!L22+'16'!L22+'17'!L22+'18'!L22+'19'!L22+'20'!L22+'21'!L22+'22'!L22+'23'!L22+'24'!L22+'25'!L22+'26'!L22+'27'!L22+'28'!L22+'29'!L22+'30'!L22+'31.'!L22 -> 0 | M22: 15.3 | N22: =+I22*M22 -> 0 | O22: 18 | P22: =+'18'!M287 -> 2660 | Q22: =+'18'!M292 -> 230 | R22: =+'18'!M290 -> 0 | S22: =+'18'!M288 -> 0 | T22: =+'17'!M291 -> 0 | U22: =+'18'!M289 -> 735 | V22: =+P22-Q22-R22-S22-T22-U22 -> 1695 | W22: =+'18'!M294 -> 1695 | X22: =+W22-V22 -> 0 | Y22: =+U22+W22+X22 -> 2430
A23: 19 | B23: ชิฟฟ่อน สอดไส้ (ล) 4 ชิ้น ครีมมะพร้าว | C23: =+ยกมา!D23 -> 0 | D23: =+'1'!E23+'2'!E23+'3'!E23+'4'!E23+'5'!E23+'6'!E23+'7'!E23+'8'!E23+'9'!E23+'10'!E23+'11'!E23+'12'!E23+'13'!E23+'14'!E23+'15'!E23+'16'!E23+'17'!E23+'18'!E23+'19'!E23+'20'!E23+'21'!E23+'22'!E23+'23'!E23+'24'!E23+'25'!E23+'26'!E23+'27'!E23+'28'!E23+'29'!E23+'30'!E23+'31.'!E23 -> 0 | E23: =+C23+D23 -> 0 | F23: =+'1'!G23+'2'!G23+'3'!G23+'4'!G23+'5'!G23+'6'!G23+'7'!G23+'8'!G23+'9'!G23+'10'!G23+'11'!G23+'12'!G23+'13'!G23+'14'!G23+'15'!G23+'16'!G23+'17'!G23+'18'!G23+'19'!G23+'20'!G23+'21'!G23+'22'!G23+'23'!G23+'24'!G23+'25'!G23+'26'!G23+'27'!G23+'28'!G23+'29'!G23+'30'!G23+'31.'!G23 -> 0 | G23: =+'1'!H23+'2'!H23+'3'!H23+'4'!H23+'5'!H23+'6'!H23+'7'!H23+'8'!H23+'9'!H23+'10'!H23+'11'!H23+'12'!H23+'13'!H23+'14'!H23+'15'!H23+'16'!H23+'17'!H23+'18'!H23+'19'!H23+'20'!H23+'21'!H23+'22'!H23+'23'!H23+'24'!H23+'25'!H23+'26'!H23+'27'!H23+'28'!H23+'29'!H23+'30'!H23+'31.'!H23 -> 0 | H23: =+C23+D23-F23-G23-I23 -> 0 | I23: =+'1'!J23+'2'!J23+'3'!J23+'4'!J23+'5'!J23+'6'!J23+'7'!J23+'8'!J23+'9'!J23+'10'!J23+'11'!J23+'12'!J23+'13'!J23+'14'!J23+'15'!J23+'16'!J23+'17'!J23+'18'!J23+'19'!J23+'20'!J23+'21'!J23+'22'!J23+'23'!J23+'24'!J23+'25'!J23+'26'!J23+'27'!J23+'28'!J23+'29'!J23+'30'!J23+'31.'!J23 -> 0 | J23: 65 | K23: =+'1'!L23+'2'!L23+'3'!L23+'4'!L23+'5'!L23+'6'!L23+'7'!L23+'8'!L23+'9'!L23+'10'!L23+'11'!L23+'12'!L23+'13'!L23+'14'!L23+'15'!L23+'16'!L23+'17'!L23+'18'!L23+'19'!L23+'20'!L23+'21'!L23+'22'!L23+'23'!L23+'24'!L23+'25'!L23+'26'!L23+'27'!L23+'28'!L23+'29'!L23+'30'!L23+'31.'!L23 -> 0 | M23: 27.86 | N23: =+I23*M23 -> 0 | O23: 19 | P23: =+'19'!M287 -> 3610 | Q23: =+'19'!M292 -> 565 | R23: =+'19'!M290 -> 0 | S23: =+'19'!M288 -> 0 | T23: =+'19'!M291 -> 0 | U23: =+'19'!M289 -> 235 | V23: =+P23-Q23-R23-S23-T23-U23 -> 2810 | W23: =+'19'!M294 -> 2810 | X23: =+W23-V23 -> 0 | Y23: =+U23+W23+X23 -> 3045
A24: 20 | B24: ชิฟฟ่อน สอดไส้ (ก) 5 ชิ้น ครีมมะพร้าว | C24: =+ยกมา!D24 -> 6 | D24: =+'1'!E24+'2'!E24+'3'!E24+'4'!E24+'5'!E24+'6'!E24+'7'!E24+'8'!E24+'9'!E24+'10'!E24+'11'!E24+'12'!E24+'13'!E24+'14'!E24+'15'!E24+'16'!E24+'17'!E24+'18'!E24+'19'!E24+'20'!E24+'21'!E24+'22'!E24+'23'!E24+'24'!E24+'25'!E24+'26'!E24+'27'!E24+'28'!E24+'29'!E24+'30'!E24+'31.'!E24 -> 24 | E24: =+C24+D24 -> 30 | F24: =+'1'!G24+'2'!G24+'3'!G24+'4'!G24+'5'!G24+'6'!G24+'7'!G24+'8'!G24+'9'!G24+'10'!G24+'11'!G24+'12'!G24+'13'!G24+'14'!G24+'15'!G24+'16'!G24+'17'!G24+'18'!G24+'19'!G24+'20'!G24+'21'!G24+'22'!G24+'23'!G24+'24'!G24+'25'!G24+'26'!G24+'27'!G24+'28'!G24+'29'!G24+'30'!G24+'31.'!G24 -> 2 | G24: =+'1'!H24+'2'!H24+'3'!H24+'4'!H24+'5'!H24+'6'!H24+'7'!H24+'8'!H24+'9'!H24+'10'!H24+'11'!H24+'12'!H24+'13'!H24+'14'!H24+'15'!H24+'16'!H24+'17'!H24+'18'!H24+'19'!H24+'20'!H24+'21'!H24+'22'!H24+'23'!H24+'24'!H24+'25'!H24+'26'!H24+'27'!H24+'28'!H24+'29'!H24+'30'!H24+'31.'!H24 -> 0 | H24: =+C24+D24-F24-G24-I24 -> 5 | I24: =+'1'!J24+'2'!J24+'3'!J24+'4'!J24+'5'!J24+'6'!J24+'7'!J24+'8'!J24+'9'!J24+'10'!J24+'11'!J24+'12'!J24+'13'!J24+'14'!J24+'15'!J24+'16'!J24+'17'!J24+'18'!J24+'19'!J24+'20'!J24+'21'!J24+'22'!J24+'23'!J24+'24'!J24+'25'!J24+'26'!J24+'27'!J24+'28'!J24+'29'!J24+'30'!J24+'31.'!J24 -> 23 | J24: 85 | K24: =+'1'!L24+'2'!L24+'3'!L24+'4'!L24+'5'!L24+'6'!L24+'7'!L24+'8'!L24+'9'!L24+'10'!L24+'11'!L24+'12'!L24+'13'!L24+'14'!L24+'15'!L24+'16'!L24+'17'!L24+'18'!L24+'19'!L24+'20'!L24+'21'!L24+'22'!L24+'23'!L24+'24'!L24+'25'!L24+'26'!L24+'27'!L24+'28'!L24+'29'!L24+'30'!L24+'31.'!L24 -> 1955 | M24: 26.91 | N24: =+I24*M24 -> 618.93 | O24: 20 | P24: =+'20'!M287 -> 2935 | Q24: =+'20'!M292 -> 640 | R24: =+'20'!M290 -> 0 | S24: =+'20'!M288 -> 0 | T24: =+'20'!M291 -> 0 | U24: =+'20'!M289 -> 910 | V24: =+P24-Q24-R24-S24-T24-U24 -> 1385 | W24: =+'20'!M294 -> 1385 | X24: =+W24-V24 -> 0 | Y24: =+U24+W24+X24 -> 2295
A25: 21 | B25: ชิฟฟ่อนเค้กสอดไส้ รวมรส (6 ชิ้น) | C25: =+ยกมา!D25 -> 50 | D25: =+'1'!E25+'2'!E25+'3'!E25+'4'!E25+'5'!E25+'6'!E25+'7'!E25+'8'!E25+'9'!E25+'10'!E25+'11'!E25+'12'!E25+'13'!E25+'14'!E25+'15'!E25+'16'!E25+'17'!E25+'18'!E25+'19'!E25+'20'!E25+'21'!E25+'22'!E25+'23'!E25+'24'!E25+'25'!E25+'26'!E25+'27'!E25+'28'!E25+'29'!E25+'30'!E25+'31.'!E25 -> 148 | E25: =+C25+D25 -> 198 | F25: =+'1'!G25+'2'!G25+'3'!G25+'4'!G25+'5'!G25+'6'!G25+'7'!G25+'8'!G25+'9'!G25+'10'!G25+'11'!G25+'12'!G25+'13'!G25+'14'!G25+'15'!G25+'16'!G25+'17'!G25+'18'!G25+'19'!G25+'20'!G25+'21'!G25+'22'!G25+'23'!G25+'24'!G25+'25'!G25+'26'!G25+'27'!G25+'28'!G25+'29'!G25+'30'!G25+'31.'!G25 -> 0 | G25: =+'1'!H25+'2'!H25+'3'!H25+'4'!H25+'5'!H25+'6'!H25+'7'!H25+'8'!H25+'9'!H25+'10'!H25+'11'!H25+'12'!H25+'13'!H25+'14'!H25+'15'!H25+'16'!H25+'17'!H25+'18'!H25+'19'!H25+'20'!H25+'21'!H25+'22'!H25+'23'!H25+'24'!H25+'25'!H25+'26'!H25+'27'!H25+'28'!H25+'29'!H25+'30'!H25+'31.'!H25 -> 10 | H25: =+C25+D25-F25-G25-I25 -> 44 | I25: =+'1'!J25+'2'!J25+'3'!J25+'4'!J25+'5'!J25+'6'!J25+'7'!J25+'8'!J25+'9'!J25+'10'!J25+'11'!J25+'12'!J25+'13'!J25+'14'!J25+'15'!J25+'16'!J25+'17'!J25+'18'!J25+'19'!J25+'20'!J25+'21'!J25+'22'!J25+'23'!J25+'24'!J25+'25'!J25+'26'!J25+'27'!J25+'28'!J25+'29'!J25+'30'!J25+'31.'!J25 -> 144 | J25: 100 | K25: =+'1'!L25+'2'!L25+'3'!L25+'4'!L25+'5'!L25+'6'!L25+'7'!L25+'8'!L25+'9'!L25+'10'!L25+'11'!L25+'12'!L25+'13'!L25+'14'!L25+'15'!L25+'16'!L25+'17'!L25+'18'!L25+'19'!L25+'20'!L25+'21'!L25+'22'!L25+'23'!L25+'24'!L25+'25'!L25+'26'!L25+'27'!L25+'28'!L25+'29'!L25+'30'!L25+'31.'!L25 -> 14400 | M25: 24.8 | N25: =+I25*M25 -> 3571.2 | O25: 21 | P25: =+'21'!M287 -> 1745 | Q25: =+'21'!M292 -> 240 | R25: =+'21'!M290 -> 0 | S25: =+'21'!M288 -> 0 | T25: =+'21'!M291 -> 0 | U25: =+'21'!M289 -> 550 | V25: =+P25-Q25-R25-S25-T25-U25 -> 955 | W25: =+'21'!M294 -> 955 | X25: =+W25-V25 -> 0 | Y25: =+U25+W25+X25 -> 1505
A26: 22 | B26: ชิฟฟ่อนเค้กสอดไส้แยม รสส้ม (6 ชิ้น) | C26: =+ยกมา!D26 -> 0 | D26: =+'1'!E26+'2'!E26+'3'!E26+'4'!E26+'5'!E26+'6'!E26+'7'!E26+'8'!E26+'9'!E26+'10'!E26+'11'!E26+'12'!E26+'13'!E26+'14'!E26+'15'!E26+'16'!E26+'17'!E26+'18'!E26+'19'!E26+'20'!E26+'21'!E26+'22'!E26+'23'!E26+'24'!E26+'25'!E26+'26'!E26+'27'!E26+'28'!E26+'29'!E26+'30'!E26+'31.'!E26 -> 0 | E26: =+C26+D26 -> 0 | F26: =+'1'!G26+'2'!G26+'3'!G26+'4'!G26+'5'!G26+'6'!G26+'7'!G26+'8'!G26+'9'!G26+'10'!G26+'11'!G26+'12'!G26+'13'!G26+'14'!G26+'15'!G26+'16'!G26+'17'!G26+'18'!G26+'19'!G26+'20'!G26+'21'!G26+'22'!G26+'23'!G26+'24'!G26+'25'!G26+'26'!G26+'27'!G26+'28'!G26+'29'!G26+'30'!G26+'31.'!G26 -> 0 | G26: =+'1'!H26+'2'!H26+'3'!H26+'4'!H26+'5'!H26+'6'!H26+'7'!H26+'8'!H26+'9'!H26+'10'!H26+'11'!H26+'12'!H26+'13'!H26+'14'!H26+'15'!H26+'16'!H26+'17'!H26+'18'!H26+'19'!H26+'20'!H26+'21'!H26+'22'!H26+'23'!H26+'24'!H26+'25'!H26+'26'!H26+'27'!H26+'28'!H26+'29'!H26+'30'!H26+'31.'!H26 -> 0 | H26: =+C26+D26-F26-G26-I26 -> 0 | I26: =+'1'!J26+'2'!J26+'3'!J26+'4'!J26+'5'!J26+'6'!J26+'7'!J26+'8'!J26+'9'!J26+'10'!J26+'11'!J26+'12'!J26+'13'!J26+'14'!J26+'15'!J26+'16'!J26+'17'!J26+'18'!J26+'19'!J26+'20'!J26+'21'!J26+'22'!J26+'23'!J26+'24'!J26+'25'!J26+'26'!J26+'27'!J26+'28'!J26+'29'!J26+'30'!J26+'31.'!J26 -> 0 | J26: 100 | K26: =+'1'!L26+'2'!L26+'3'!L26+'4'!L26+'5'!L26+'6'!L26+'7'!L26+'8'!L26+'9'!L26+'10'!L26+'11'!L26+'12'!L26+'13'!L26+'14'!L26+'15'!L26+'16'!L26+'17'!L26+'18'!L26+'19'!L26+'20'!L26+'21'!L26+'22'!L26+'23'!L26+'24'!L26+'25'!L26+'26'!L26+'27'!L26+'28'!L26+'29'!L26+'30'!L26+'31.'!L26 -> 0 | M26: 23.71 | N26: =+I26*M26 -> 0 | O26: 22 | P26: =+'22'!M287 -> 815 | Q26: =+'22'!M292 -> 75 | R26: =+'22'!M290 -> 0 | S26: =+'22'!M288 -> 0 | T26: =+'22'!M291 -> 0 | U26: =+'22'!M289 -> 615 | V26: =+P26-Q26-R26-S26-T26-U26 -> 125 | W26: =+'22'!M294 -> 125 | X26: =+W26-V26 -> 0 | Y26: =+U26+W26+X26 -> 740
A27: 23 | B27: ชิฟฟ่อนเค้กหน้าฝอยทอง สอดไส้แยมส้ม (6 ชิ้น) | C27: =+ยกมา!D27 -> 34 | D27: =+'1'!E27+'2'!E27+'3'!E27+'4'!E27+'5'!E27+'6'!E27+'7'!E27+'8'!E27+'9'!E27+'10'!E27+'11'!E27+'12'!E27+'13'!E27+'14'!E27+'15'!E27+'16'!E27+'17'!E27+'18'!E27+'19'!E27+'20'!E27+'21'!E27+'22'!E27+'23'!E27+'24'!E27+'25'!E27+'26'!E27+'27'!E27+'28'!E27+'29'!E27+'30'!E27+'31.'!E27 -> 62 | E27: =+C27+D27 -> 96 | F27: =+'1'!G27+'2'!G27+'3'!G27+'4'!G27+'5'!G27+'6'!G27+'7'!G27+'8'!G27+'9'!G27+'10'!G27+'11'!G27+'12'!G27+'13'!G27+'14'!G27+'15'!G27+'16'!G27+'17'!G27+'18'!G27+'19'!G27+'20'!G27+'21'!G27+'22'!G27+'23'!G27+'24'!G27+'25'!G27+'26'!G27+'27'!G27+'28'!G27+'29'!G27+'30'!G27+'31.'!G27 -> 0 | G27: =+'1'!H27+'2'!H27+'3'!H27+'4'!H27+'5'!H27+'6'!H27+'7'!H27+'8'!H27+'9'!H27+'10'!H27+'11'!H27+'12'!H27+'13'!H27+'14'!H27+'15'!H27+'16'!H27+'17'!H27+'18'!H27+'19'!H27+'20'!H27+'21'!H27+'22'!H27+'23'!H27+'24'!H27+'25'!H27+'26'!H27+'27'!H27+'28'!H27+'29'!H27+'30'!H27+'31.'!H27 -> 0 | H27: =+C27+D27-F27-G27-I27 -> 25 | I27: =+'1'!J27+'2'!J27+'3'!J27+'4'!J27+'5'!J27+'6'!J27+'7'!J27+'8'!J27+'9'!J27+'10'!J27+'11'!J27+'12'!J27+'13'!J27+'14'!J27+'15'!J27+'16'!J27+'17'!J27+'18'!J27+'19'!J27+'20'!J27+'21'!J27+'22'!J27+'23'!J27+'24'!J27+'25'!J27+'26'!J27+'27'!J27+'28'!J27+'29'!J27+'30'!J27+'31.'!J27 -> 71 | J27: 100 | K27: =+'1'!L27+'2'!L27+'3'!L27+'4'!L27+'5'!L27+'6'!L27+'7'!L27+'8'!L27+'9'!L27+'10'!L27+'11'!L27+'12'!L27+'13'!L27+'14'!L27+'15'!L27+'16'!L27+'17'!L27+'18'!L27+'19'!L27+'20'!L27+'21'!L27+'22'!L27+'23'!L27+'24'!L27+'25'!L27+'26'!L27+'27'!L27+'28'!L27+'29'!L27+'30'!L27+'31.'!L27 -> 7100 | M27: 37.51 | N27: =+I27*M27 -> 2663.21 | O27: 23 | P27: =+'23'!M287 -> 5750 | Q27: =+'23'!M292 -> 2050 | R27: =+'23'!M290 -> 0 | S27: =+'23'!M288 -> 0 | T27: =+'23'!M291 -> 0 | U27: =+'23'!M289 -> 500 | V27: =+P27-Q27-R27-S27-T27-U27 -> 3200 | W27: =+'23'!M294 -> 3250 | X27: =+W27-V27 -> 50 | Y27: =+U27+W27+X27 -> 3800
A28: 24 | B28: ชิฟฟ่อนเค้กหน้าฝอยทองทูโทน สอดไส้แยมส้ม (6 ชิ้น) | C28: =+ยกมา!D28 -> 0 | D28: =+'1'!E28+'2'!E28+'3'!E28+'4'!E28+'5'!E28+'6'!E28+'7'!E28+'8'!E28+'9'!E28+'10'!E28+'11'!E28+'12'!E28+'13'!E28+'14'!E28+'15'!E28+'16'!E28+'17'!E28+'18'!E28+'19'!E28+'20'!E28+'21'!E28+'22'!E28+'23'!E28+'24'!E28+'25'!E28+'26'!E28+'27'!E28+'28'!E28+'29'!E28+'30'!E28+'31.'!E28 -> 0 | E28: =+C28+D28 -> 0 | F28: =+'1'!G28+'2'!G28+'3'!G28+'4'!G28+'5'!G28+'6'!G28+'7'!G28+'8'!G28+'9'!G28+'10'!G28+'11'!G28+'12'!G28+'13'!G28+'14'!G28+'15'!G28+'16'!G28+'17'!G28+'18'!G28+'19'!G28+'20'!G28+'21'!G28+'22'!G28+'23'!G28+'24'!G28+'25'!G28+'26'!G28+'27'!G28+'28'!G28+'29'!G28+'30'!G28+'31.'!G28 -> 0 | G28: =+'1'!H28+'2'!H28+'3'!H28+'4'!H28+'5'!H28+'6'!H28+'7'!H28+'8'!H28+'9'!H28+'10'!H28+'11'!H28+'12'!H28+'13'!H28+'14'!H28+'15'!H28+'16'!H28+'17'!H28+'18'!H28+'19'!H28+'20'!H28+'21'!H28+'22'!H28+'23'!H28+'24'!H28+'25'!H28+'26'!H28+'27'!H28+'28'!H28+'29'!H28+'30'!H28+'31.'!H28 -> 0 | H28: =+C28+D28-F28-G28-I28 -> 0 | I28: =+'1'!J28+'2'!J28+'3'!J28+'4'!J28+'5'!J28+'6'!J28+'7'!J28+'8'!J28+'9'!J28+'10'!J28+'11'!J28+'12'!J28+'13'!J28+'14'!J28+'15'!J28+'16'!J28+'17'!J28+'18'!J28+'19'!J28+'20'!J28+'21'!J28+'22'!J28+'23'!J28+'24'!J28+'25'!J28+'26'!J28+'27'!J28+'28'!J28+'29'!J28+'30'!J28+'31.'!J28 -> 0 | J28: 100 | K28: =+'1'!L28+'2'!L28+'3'!L28+'4'!L28+'5'!L28+'6'!L28+'7'!L28+'8'!L28+'9'!L28+'10'!L28+'11'!L28+'12'!L28+'13'!L28+'14'!L28+'15'!L28+'16'!L28+'17'!L28+'18'!L28+'19'!L28+'20'!L28+'21'!L28+'22'!L28+'23'!L28+'24'!L28+'25'!L28+'26'!L28+'27'!L28+'28'!L28+'29'!L28+'30'!L28+'31.'!L28 -> 0 | M28: 39.77 | N28: =+I28*M28 -> 0 | O28: 24 | P28: =+'24'!M287 -> 5485 | Q28: =+'24'!M292 -> 350 | R28: =+'24'!M290 -> 0 | S28: =+'24'!M288 -> 0 | T28: =+'24'!M291 -> 0 | U28: =+'24'!M289 -> 1745 | V28: =+P28-Q28-R28-S28-T28-U28 -> 3390 | W28: =+'24'!M294 -> 3390 | X28: =+W28-V28 -> 0 | Y28: =+U28+W28+X28 -> 5135
A29: 25 | B29: ชิฟฟ่อนเค้กสอดไส้ นมชมพูฮอกไกโด (6 ชิ้น) | C29: =+ยกมา!D29 -> 0 | D29: =+'1'!E29+'2'!E29+'3'!E29+'4'!E29+'5'!E29+'6'!E29+'7'!E29+'8'!E29+'9'!E29+'10'!E29+'11'!E29+'12'!E29+'13'!E29+'14'!E29+'15'!E29+'16'!E29+'17'!E29+'18'!E29+'19'!E29+'20'!E29+'21'!E29+'22'!E29+'23'!E29+'24'!E29+'25'!E29+'26'!E29+'27'!E29+'28'!E29+'29'!E29+'30'!E29+'31.'!E29 -> 0 | E29: =+C29+D29 -> 0 | F29: =+'1'!G29+'2'!G29+'3'!G29+'4'!G29+'5'!G29+'6'!G29+'7'!G29+'8'!G29+'9'!G29+'10'!G29+'11'!G29+'12'!G29+'13'!G29+'14'!G29+'15'!G29+'16'!G29+'17'!G29+'18'!G29+'19'!G29+'20'!G29+'21'!G29+'22'!G29+'23'!G29+'24'!G29+'25'!G29+'26'!G29+'27'!G29+'28'!G29+'29'!G29+'30'!G29+'31.'!G29 -> 0 | G29: =+'1'!H29+'2'!H29+'3'!H29+'4'!H29+'5'!H29+'6'!H29+'7'!H29+'8'!H29+'9'!H29+'10'!H29+'11'!H29+'12'!H29+'13'!H29+'14'!H29+'15'!H29+'16'!H29+'17'!H29+'18'!H29+'19'!H29+'20'!H29+'21'!H29+'22'!H29+'23'!H29+'24'!H29+'25'!H29+'26'!H29+'27'!H29+'28'!H29+'29'!H29+'30'!H29+'31.'!H29 -> 0 | H29: =+C29+D29-F29-G29-I29 -> 0 | I29: =+'1'!J29+'2'!J29+'3'!J29+'4'!J29+'5'!J29+'6'!J29+'7'!J29+'8'!J29+'9'!J29+'10'!J29+'11'!J29+'12'!J29+'13'!J29+'14'!J29+'15'!J29+'16'!J29+'17'!J29+'18'!J29+'19'!J29+'20'!J29+'21'!J29+'22'!J29+'23'!J29+'24'!J29+'25'!J29+'26'!J29+'27'!J29+'28'!J29+'29'!J29+'30'!J29+'31.'!J29 -> 0 | J29: 100 | K29: =+'1'!L29+'2'!L29+'3'!L29+'4'!L29+'5'!L29+'6'!L29+'7'!L29+'8'!L29+'9'!L29+'10'!L29+'11'!L29+'12'!L29+'13'!L29+'14'!L29+'15'!L29+'16'!L29+'17'!L29+'18'!L29+'19'!L29+'20'!L29+'21'!L29+'22'!L29+'23'!L29+'24'!L29+'25'!L29+'26'!L29+'27'!L29+'28'!L29+'29'!L29+'30'!L29+'31.'!L29 -> 0 | M29: 33.59 | N29: =+I29*M29 -> 0 | O29: 25 | P29: =+'25'!M287 -> 5330 | Q29: =+'25'!M292 -> 985 | R29: =+'25'!M290 -> 0 | S29: =+'25'!M288 -> 0 | T29: =+'25'!M291 -> 0 | U29: =+'25'!M289 -> 1160 | V29: =+P29-Q29-R29-S29-T29-U29 -> 3185 | W29: =+'25'!M294 -> 3185 | X29: =+W29-V29 -> 0 | Y29: =+U29+W29+X29 -> 4345
A30: 26 | B30: ชิฟฟ่อนเค้กสอดไส้แยม รสบลูเบอร์รี่ (6 ชิ้น) | C30: =+ยกมา!D30 -> 0 | D30: =+'1'!E30+'2'!E30+'3'!E30+'4'!E30+'5'!E30+'6'!E30+'7'!E30+'8'!E30+'9'!E30+'10'!E30+'11'!E30+'12'!E30+'13'!E30+'14'!E30+'15'!E30+'16'!E30+'17'!E30+'18'!E30+'19'!E30+'20'!E30+'21'!E30+'22'!E30+'23'!E30+'24'!E30+'25'!E30+'26'!E30+'27'!E30+'28'!E30+'29'!E30+'30'!E30+'31.'!E30 -> 0 | E30: =+C30+D30 -> 0 | F30: =+'1'!G30+'2'!G30+'3'!G30+'4'!G30+'5'!G30+'6'!G30+'7'!G30+'8'!G30+'9'!G30+'10'!G30+'11'!G30+'12'!G30+'13'!G30+'14'!G30+'15'!G30+'16'!G30+'17'!G30+'18'!G30+'19'!G30+'20'!G30+'21'!G30+'22'!G30+'23'!G30+'24'!G30+'25'!G30+'26'!G30+'27'!G30+'28'!G30+'29'!G30+'30'!G30+'31.'!G30 -> 0 | G30: =+'1'!H30+'2'!H30+'3'!H30+'4'!H30+'5'!H30+'6'!H30+'7'!H30+'8'!H30+'9'!H30+'10'!H30+'11'!H30+'12'!H30+'13'!H30+'14'!H30+'15'!H30+'16'!H30+'17'!H30+'18'!H30+'19'!H30+'20'!H30+'21'!H30+'22'!H30+'23'!H30+'24'!H30+'25'!H30+'26'!H30+'27'!H30+'28'!H30+'29'!H30+'30'!H30+'31.'!H30 -> 0 | H30: =+C30+D30-F30-G30-I30 -> 0 | I30: =+'1'!J30+'2'!J30+'3'!J30+'4'!J30+'5'!J30+'6'!J30+'7'!J30+'8'!J30+'9'!J30+'10'!J30+'11'!J30+'12'!J30+'13'!J30+'14'!J30+'15'!J30+'16'!J30+'17'!J30+'18'!J30+'19'!J30+'20'!J30+'21'!J30+'22'!J30+'23'!J30+'24'!J30+'25'!J30+'26'!J30+'27'!J30+'28'!J30+'29'!J30+'30'!J30+'31.'!J30 -> 0 | J30: 100 | K30: =+'1'!L30+'2'!L30+'3'!L30+'4'!L30+'5'!L30+'6'!L30+'7'!L30+'8'!L30+'9'!L30+'10'!L30+'11'!L30+'12'!L30+'13'!L30+'14'!L30+'15'!L30+'16'!L30+'17'!L30+'18'!L30+'19'!L30+'20'!L30+'21'!L30+'22'!L30+'23'!L30+'24'!L30+'25'!L30+'26'!L30+'27'!L30+'28'!L30+'29'!L30+'30'!L30+'31.'!L30 -> 0 | M30: 31.62 | N30: =+I30*M30 -> 0 | O30: 26 | P30: =+'26'!M287 -> 1350 | Q30: =+'26'!M292 -> 0 | R30: =+'26'!M290 -> 0 | S30: =+'26'!M288 -> 0 | T30: =+'26'!M291 -> 0 | U30: =+'26'!M289 -> 0 | V30: =+P30-Q30-R30-S30-T30-U30 -> 1350 | W30: =+'26'!M294 -> 1350 | X30: =+W30-V30 -> 0 | Y30: =+U30+W30+X30 -> 1350
A31: 27 | B31: ชิฟฟ่อนเค้กสอดไส้ ช็อคโกแลตนูเทลล่า (6 ชิ้น) | C31: =+ยกมา!D31 -> 0 | D31: =+'1'!E31+'2'!E31+'3'!E31+'4'!E31+'5'!E31+'6'!E31+'7'!E31+'8'!E31+'9'!E31+'10'!E31+'11'!E31+'12'!E31+'13'!E31+'14'!E31+'15'!E31+'16'!E31+'17'!E31+'18'!E31+'19'!E31+'20'!E31+'21'!E31+'22'!E31+'23'!E31+'24'!E31+'25'!E31+'26'!E31+'27'!E31+'28'!E31+'29'!E31+'30'!E31+'31.'!E31 -> 0 | E31: =+C31+D31 -> 0 | F31: =+'1'!G31+'2'!G31+'3'!G31+'4'!G31+'5'!G31+'6'!G31+'7'!G31+'8'!G31+'9'!G31+'10'!G31+'11'!G31+'12'!G31+'13'!G31+'14'!G31+'15'!G31+'16'!G31+'17'!G31+'18'!G31+'19'!G31+'20'!G31+'21'!G31+'22'!G31+'23'!G31+'24'!G31+'25'!G31+'26'!G31+'27'!G31+'28'!G31+'29'!G31+'30'!G31+'31.'!G31 -> 0 | G31: =+'1'!H31+'2'!H31+'3'!H31+'4'!H31+'5'!H31+'6'!H31+'7'!H31+'8'!H31+'9'!H31+'10'!H31+'11'!H31+'12'!H31+'13'!H31+'14'!H31+'15'!H31+'16'!H31+'17'!H31+'18'!H31+'19'!H31+'20'!H31+'21'!H31+'22'!H31+'23'!H31+'24'!H31+'25'!H31+'26'!H31+'27'!H31+'28'!H31+'29'!H31+'30'!H31+'31.'!H31 -> 0 | H31: =+C31+D31-F31-G31-I31 -> 0 | I31: =+'1'!J31+'2'!J31+'3'!J31+'4'!J31+'5'!J31+'6'!J31+'7'!J31+'8'!J31+'9'!J31+'10'!J31+'11'!J31+'12'!J31+'13'!J31+'14'!J31+'15'!J31+'16'!J31+'17'!J31+'18'!J31+'19'!J31+'20'!J31+'21'!J31+'22'!J31+'23'!J31+'24'!J31+'25'!J31+'26'!J31+'27'!J31+'28'!J31+'29'!J31+'30'!J31+'31.'!J31 -> 0 | J31: 100 | K31: =+'1'!L31+'2'!L31+'3'!L31+'4'!L31+'5'!L31+'6'!L31+'7'!L31+'8'!L31+'9'!L31+'10'!L31+'11'!L31+'12'!L31+'13'!L31+'14'!L31+'15'!L31+'16'!L31+'17'!L31+'18'!L31+'19'!L31+'20'!L31+'21'!L31+'22'!L31+'23'!L31+'24'!L31+'25'!L31+'26'!L31+'27'!L31+'28'!L31+'29'!L31+'30'!L31+'31.'!L31 -> 0 | M31: 33.96 | N31: =+I31*M31 -> 0 | O31: 27 | P31: =+'27'!M287 -> 3155 | Q31: =+'27'!M292 -> 140 | R31: =+'27'!M290 -> 0 | S31: =+'27'!M288 -> 0 | T31: =+'27'!M291 -> 0 | U31: =+'27'!M289 -> 900 | V31: =+P31-Q31-R31-S31-T31-U31 -> 2115 | W31: =+'27'!M294 -> 2115 | X31: =+W31-V31 -> 0 | Y31: =+U31+W31+X31 -> 3015
A32: 28 | B32: ชิฟฟ่อนเค้กสอดไส้ มะพร้าว (6 ชิ้น) | C32: =+ยกมา!D32 -> 27 | D32: =+'1'!E32+'2'!E32+'3'!E32+'4'!E32+'5'!E32+'6'!E32+'7'!E32+'8'!E32+'9'!E32+'10'!E32+'11'!E32+'12'!E32+'13'!E32+'14'!E32+'15'!E32+'16'!E32+'17'!E32+'18'!E32+'19'!E32+'20'!E32+'21'!E32+'22'!E32+'23'!E32+'24'!E32+'25'!E32+'26'!E32+'27'!E32+'28'!E32+'29'!E32+'30'!E32+'31.'!E32 -> 65 | E32: =+C32+D32 -> 92 | F32: =+'1'!G32+'2'!G32+'3'!G32+'4'!G32+'5'!G32+'6'!G32+'7'!G32+'8'!G32+'9'!G32+'10'!G32+'11'!G32+'12'!G32+'13'!G32+'14'!G32+'15'!G32+'16'!G32+'17'!G32+'18'!G32+'19'!G32+'20'!G32+'21'!G32+'22'!G32+'23'!G32+'24'!G32+'25'!G32+'26'!G32+'27'!G32+'28'!G32+'29'!G32+'30'!G32+'31.'!G32 -> 0 | G32: =+'1'!H32+'2'!H32+'3'!H32+'4'!H32+'5'!H32+'6'!H32+'7'!H32+'8'!H32+'9'!H32+'10'!H32+'11'!H32+'12'!H32+'13'!H32+'14'!H32+'15'!H32+'16'!H32+'17'!H32+'18'!H32+'19'!H32+'20'!H32+'21'!H32+'22'!H32+'23'!H32+'24'!H32+'25'!H32+'26'!H32+'27'!H32+'28'!H32+'29'!H32+'30'!H32+'31.'!H32 -> 0 | H32: =+C32+D32-F32-G32-I32 -> 24 | I32: =+'1'!J32+'2'!J32+'3'!J32+'4'!J32+'5'!J32+'6'!J32+'7'!J32+'8'!J32+'9'!J32+'10'!J32+'11'!J32+'12'!J32+'13'!J32+'14'!J32+'15'!J32+'16'!J32+'17'!J32+'18'!J32+'19'!J32+'20'!J32+'21'!J32+'22'!J32+'23'!J32+'24'!J32+'25'!J32+'26'!J32+'27'!J32+'28'!J32+'29'!J32+'30'!J32+'31.'!J32 -> 68 | J32: 100 | K32: =+'1'!L32+'2'!L32+'3'!L32+'4'!L32+'5'!L32+'6'!L32+'7'!L32+'8'!L32+'9'!L32+'10'!L32+'11'!L32+'12'!L32+'13'!L32+'14'!L32+'15'!L32+'16'!L32+'17'!L32+'18'!L32+'19'!L32+'20'!L32+'21'!L32+'22'!L32+'23'!L32+'24'!L32+'25'!L32+'26'!L32+'27'!L32+'28'!L32+'29'!L32+'30'!L32+'31.'!L32 -> 6800 | M32: 29.84 | N32: =+I32*M32 -> 2029.12 | O32: 28 | P32: =+'28'!M287 -> 2000 | Q32: =+'28'!M292 -> 310 | R32: =+'28'!M290 -> 0 | S32: =+'28'!M288 -> 0 | T32: =+'28'!M291 -> 0 | U32: =+'28'!M289 -> 305 | V32: =+P32-Q32-R32-S32-T32-U32 -> 1385 | W32: =+'28'!M294 -> 1385 | X32: =+W32-V32 -> 0 | Y32: =+U32+W32+X32 -> 1690
A33: 29 | C33: =+ยกมา!D33 -> 0 | D33: =+'1'!E33+'2'!E33+'3'!E33+'4'!E33+'5'!E33+'6'!E33+'7'!E33+'8'!E33+'9'!E33+'10'!E33+'11'!E33+'12'!E33+'13'!E33+'14'!E33+'15'!E33+'16'!E33+'17'!E33+'18'!E33+'19'!E33+'20'!E33+'21'!E33+'22'!E33+'23'!E33+'24'!E33+'25'!E33+'26'!E33+'27'!E33+'28'!E33+'29'!E33+'30'!E33+'31.'!E33 -> 0 | E33: =+C33+D33 -> 0 | F33: =+'1'!G33+'2'!G33+'3'!G33+'4'!G33+'5'!G33+'6'!G33+'7'!G33+'8'!G33+'9'!G33+'10'!G33+'11'!G33+'12'!G33+'13'!G33+'14'!G33+'15'!G33+'16'!G33+'17'!G33+'18'!G33+'19'!G33+'20'!G33+'21'!G33+'22'!G33+'23'!G33+'24'!G33+'25'!G33+'26'!G33+'27'!G33+'28'!G33+'29'!G33+'30'!G33+'31.'!G33 -> 0 | G33: =+'1'!H33+'2'!H33+'3'!H33+'4'!H33+'5'!H33+'6'!H33+'7'!H33+'8'!H33+'9'!H33+'10'!H33+'11'!H33+'12'!H33+'13'!H33+'14'!H33+'15'!H33+'16'!H33+'17'!H33+'18'!H33+'19'!H33+'20'!H33+'21'!H33+'22'!H33+'23'!H33+'24'!H33+'25'!H33+'26'!H33+'27'!H33+'28'!H33+'29'!H33+'30'!H33+'31.'!H33 -> 0 | H33: =+C33+D33-F33-G33-I33 -> 0 | I33: =+'1'!J33+'2'!J33+'3'!J33+'4'!J33+'5'!J33+'6'!J33+'7'!J33+'8'!J33+'9'!J33+'10'!J33+'11'!J33+'12'!J33+'13'!J33+'14'!J33+'15'!J33+'16'!J33+'17'!J33+'18'!J33+'19'!J33+'20'!J33+'21'!J33+'22'!J33+'23'!J33+'24'!J33+'25'!J33+'26'!J33+'27'!J33+'28'!J33+'29'!J33+'30'!J33+'31.'!J33 -> 0 | K33: =+'1'!L33+'2'!L33+'3'!L33+'4'!L33+'5'!L33+'6'!L33+'7'!L33+'8'!L33+'9'!L33+'10'!L33+'11'!L33+'12'!L33+'13'!L33+'14'!L33+'15'!L33+'16'!L33+'17'!L33+'18'!L33+'19'!L33+'20'!L33+'21'!L33+'22'!L33+'23'!L33+'24'!L33+'25'!L33+'26'!L33+'27'!L33+'28'!L33+'29'!L33+'30'!L33+'31.'!L33 -> 0 | N33: =+I33*M33 -> 0 | O33: 29 | P33: =+'29'!M287 -> 2775 | Q33: =+'29'!M292 -> 670 | R33: =+'29'!M290 -> 0 | S33: =+'29'!M288 -> 0 | T33: =+'29'!M291 -> 0 | U33: =+'29'!M289 -> 505 | V33: =+P33-Q33-R33-S33-T33-U33 -> 1600 | W33: =+'29'!M294 -> 1600 | X33: =+W33-V33 -> 0 | Y33: =+U33+W33+X33 -> 2105
A34: 30 | B34: ชิฟฟ่อนเค้กสอดไส้แยม รสสตรอว์เบอรี่ (6 ชิ้น) | C34: =+ยกมา!D34 -> 0 | D34: =+'1'!E34+'2'!E34+'3'!E34+'4'!E34+'5'!E34+'6'!E34+'7'!E34+'8'!E34+'9'!E34+'10'!E34+'11'!E34+'12'!E34+'13'!E34+'14'!E34+'15'!E34+'16'!E34+'17'!E34+'18'!E34+'19'!E34+'20'!E34+'21'!E34+'22'!E34+'23'!E34+'24'!E34+'25'!E34+'26'!E34+'27'!E34+'28'!E34+'29'!E34+'30'!E34+'31.'!E34 -> 0 | E34: =+C34+D34 -> 0 | F34: =+'1'!G34+'2'!G34+'3'!G34+'4'!G34+'5'!G34+'6'!G34+'7'!G34+'8'!G34+'9'!G34+'10'!G34+'11'!G34+'12'!G34+'13'!G34+'14'!G34+'15'!G34+'16'!G34+'17'!G34+'18'!G34+'19'!G34+'20'!G34+'21'!G34+'22'!G34+'23'!G34+'24'!G34+'25'!G34+'26'!G34+'27'!G34+'28'!G34+'29'!G34+'30'!G34+'31.'!G34 -> 0 | G34: =+'1'!H34+'2'!H34+'3'!H34+'4'!H34+'5'!H34+'6'!H34+'7'!H34+'8'!H34+'9'!H34+'10'!H34+'11'!H34+'12'!H34+'13'!H34+'14'!H34+'15'!H34+'16'!H34+'17'!H34+'18'!H34+'19'!H34+'20'!H34+'21'!H34+'22'!H34+'23'!H34+'24'!H34+'25'!H34+'26'!H34+'27'!H34+'28'!H34+'29'!H34+'30'!H34+'31.'!H34 -> 0 | H34: =+C34+D34-F34-G34-I34 -> 0 | I34: =+'1'!J34+'2'!J34+'3'!J34+'4'!J34+'5'!J34+'6'!J34+'7'!J34+'8'!J34+'9'!J34+'10'!J34+'11'!J34+'12'!J34+'13'!J34+'14'!J34+'15'!J34+'16'!J34+'17'!J34+'18'!J34+'19'!J34+'20'!J34+'21'!J34+'22'!J34+'23'!J34+'24'!J34+'25'!J34+'26'!J34+'27'!J34+'28'!J34+'29'!J34+'30'!J34+'31.'!J34 -> 0 | J34: 100 | K34: =+'1'!L34+'2'!L34+'3'!L34+'4'!L34+'5'!L34+'6'!L34+'7'!L34+'8'!L34+'9'!L34+'10'!L34+'11'!L34+'12'!L34+'13'!L34+'14'!L34+'15'!L34+'16'!L34+'17'!L34+'18'!L34+'19'!L34+'20'!L34+'21'!L34+'22'!L34+'23'!L34+'24'!L34+'25'!L34+'26'!L34+'27'!L34+'28'!L34+'29'!L34+'30'!L34+'31.'!L34 -> 0 | M34: 21.27 | N34: =+I34*M34 -> 0 | O34: 30 | P34: =+'30'!M287 -> 4110 | Q34: =+'30'!M292 -> 1645 | R34: =+'30'!M290 -> 0 | S34: =+'30'!M288 -> 0 | T34: =+'30'!M291 -> 0 | U34: =+'30'!M289 -> 920 | V34: =+P34-Q34-R34-S34-T34-U34 -> 1545 | W34: =+'30'!M294 -> 1545 | X34: =+W34-V34 -> 0 | Y34: =+U34+W34+X34 -> 2465
A35: 31 | B35: ชิฟฟ่อนรวมรส ยอดฮิต 8 ชิ้น | C35: =+ยกมา!D35 -> 23 | D35: =+'1'!E35+'2'!E35+'3'!E35+'4'!E35+'5'!E35+'6'!E35+'7'!E35+'8'!E35+'9'!E35+'10'!E35+'11'!E35+'12'!E35+'13'!E35+'14'!E35+'15'!E35+'16'!E35+'17'!E35+'18'!E35+'19'!E35+'20'!E35+'21'!E35+'22'!E35+'23'!E35+'24'!E35+'25'!E35+'26'!E35+'27'!E35+'28'!E35+'29'!E35+'30'!E35+'31.'!E35 -> 98 | E35: =+C35+D35 -> 121 | F35: =+'1'!G35+'2'!G35+'3'!G35+'4'!G35+'5'!G35+'6'!G35+'7'!G35+'8'!G35+'9'!G35+'10'!G35+'11'!G35+'12'!G35+'13'!G35+'14'!G35+'15'!G35+'16'!G35+'17'!G35+'18'!G35+'19'!G35+'20'!G35+'21'!G35+'22'!G35+'23'!G35+'24'!G35+'25'!G35+'26'!G35+'27'!G35+'28'!G35+'29'!G35+'30'!G35+'31.'!G35 -> 1 | G35: =+'1'!H35+'2'!H35+'3'!H35+'4'!H35+'5'!H35+'6'!H35+'7'!H35+'8'!H35+'9'!H35+'10'!H35+'11'!H35+'12'!H35+'13'!H35+'14'!H35+'15'!H35+'16'!H35+'17'!H35+'18'!H35+'19'!H35+'20'!H35+'21'!H35+'22'!H35+'23'!H35+'24'!H35+'25'!H35+'26'!H35+'27'!H35+'28'!H35+'29'!H35+'30'!H35+'31.'!H35 -> 10 | H35: =+C35+D35-F35-G35-I35 -> 26 | I35: =+'1'!J35+'2'!J35+'3'!J35+'4'!J35+'5'!J35+'6'!J35+'7'!J35+'8'!J35+'9'!J35+'10'!J35+'11'!J35+'12'!J35+'13'!J35+'14'!J35+'15'!J35+'16'!J35+'17'!J35+'18'!J35+'19'!J35+'20'!J35+'21'!J35+'22'!J35+'23'!J35+'24'!J35+'25'!J35+'26'!J35+'27'!J35+'28'!J35+'29'!J35+'30'!J35+'31.'!J35 -> 84 | J35: 100 | K35: =+'1'!L35+'2'!L35+'3'!L35+'4'!L35+'5'!L35+'6'!L35+'7'!L35+'8'!L35+'9'!L35+'10'!L35+'11'!L35+'12'!L35+'13'!L35+'14'!L35+'15'!L35+'16'!L35+'17'!L35+'18'!L35+'19'!L35+'20'!L35+'21'!L35+'22'!L35+'23'!L35+'24'!L35+'25'!L35+'26'!L35+'27'!L35+'28'!L35+'29'!L35+'30'!L35+'31.'!L35 -> 8400 | M35: 38.46 | N35: =+I35*M35 -> 3230.64 | O35: 31 | P35: =+'31.'!M287 -> 6545 | Q35: =+'31.'!M292 -> 485 | R35: =+'31.'!M290 -> 0 | S35: =+'31.'!M288 -> 0 | T35: =+'31.'!M291 -> 0 | U35: =+'31.'!M289 -> 2990 | V35: =+P35-Q35-R35-S35-T35-U35 -> 3070 | W35: =+'31.'!M294 -> 3070 | X35: =+W35-V35 -> 0 | Y35: =+U35+W35+X35 -> 6060
A36: 32 | B36: ชิฟฟ่อนเค้ก วรรณวนัช (สอดไส้รวมรส 8 ชิ้น) | C36: =+ยกมา!D36 -> 20 | D36: =+'1'!E36+'2'!E36+'3'!E36+'4'!E36+'5'!E36+'6'!E36+'7'!E36+'8'!E36+'9'!E36+'10'!E36+'11'!E36+'12'!E36+'13'!E36+'14'!E36+'15'!E36+'16'!E36+'17'!E36+'18'!E36+'19'!E36+'20'!E36+'21'!E36+'22'!E36+'23'!E36+'24'!E36+'25'!E36+'26'!E36+'27'!E36+'28'!E36+'29'!E36+'30'!E36+'31.'!E36 -> 55 | E36: =+C36+D36 -> 75 | F36: =+'1'!G36+'2'!G36+'3'!G36+'4'!G36+'5'!G36+'6'!G36+'7'!G36+'8'!G36+'9'!G36+'10'!G36+'11'!G36+'12'!G36+'13'!G36+'14'!G36+'15'!G36+'16'!G36+'17'!G36+'18'!G36+'19'!G36+'20'!G36+'21'!G36+'22'!G36+'23'!G36+'24'!G36+'25'!G36+'26'!G36+'27'!G36+'28'!G36+'29'!G36+'30'!G36+'31.'!G36 -> 9 | G36: =+'1'!H36+'2'!H36+'3'!H36+'4'!H36+'5'!H36+'6'!H36+'7'!H36+'8'!H36+'9'!H36+'10'!H36+'11'!H36+'12'!H36+'13'!H36+'14'!H36+'15'!H36+'16'!H36+'17'!H36+'18'!H36+'19'!H36+'20'!H36+'21'!H36+'22'!H36+'23'!H36+'24'!H36+'25'!H36+'26'!H36+'27'!H36+'28'!H36+'29'!H36+'30'!H36+'31.'!H36 -> 0 | H36: =+C36+D36-F36-G36-I36 -> 16 | I36: =+'1'!J36+'2'!J36+'3'!J36+'4'!J36+'5'!J36+'6'!J36+'7'!J36+'8'!J36+'9'!J36+'10'!J36+'11'!J36+'12'!J36+'13'!J36+'14'!J36+'15'!J36+'16'!J36+'17'!J36+'18'!J36+'19'!J36+'20'!J36+'21'!J36+'22'!J36+'23'!J36+'24'!J36+'25'!J36+'26'!J36+'27'!J36+'28'!J36+'29'!J36+'30'!J36+'31.'!J36 -> 50 | J36: 130 | K36: =+'1'!L36+'2'!L36+'3'!L36+'4'!L36+'5'!L36+'6'!L36+'7'!L36+'8'!L36+'9'!L36+'10'!L36+'11'!L36+'12'!L36+'13'!L36+'14'!L36+'15'!L36+'16'!L36+'17'!L36+'18'!L36+'19'!L36+'20'!L36+'21'!L36+'22'!L36+'23'!L36+'24'!L36+'25'!L36+'26'!L36+'27'!L36+'28'!L36+'29'!L36+'30'!L36+'31.'!L36 -> 6500 | M36: 43.68 | N36: =+I36*M36 -> 2184 | P36: =SUM(P5:P35) -> 128800 | Q36: =SUM(Q5:Q35) -> 21675 | R36: =SUM(R5:R35) -> 0 | S36: =SUM(S5:S35) -> 0 | T36: =SUM(T5:T35) -> 466 | U36: =SUM(U5:U35) -> 32730 | V36: =SUM(V5:V35) -> 73929 | W36: =SUM(W5:W35) -> 74004 | X36: =SUM(X5:X35) -> 75
A37: 33 | B37: ชิฟฟ่อนเค้กมะพร้าวสอดไส้ครีมมะพร้าวล้วน (8 ชิ้น) | C37: =+ยกมา!D37 -> 4 | D37: =+'1'!E37+'2'!E37+'3'!E37+'4'!E37+'5'!E37+'6'!E37+'7'!E37+'8'!E37+'9'!E37+'10'!E37+'11'!E37+'12'!E37+'13'!E37+'14'!E37+'15'!E37+'16'!E37+'17'!E37+'18'!E37+'19'!E37+'20'!E37+'21'!E37+'22'!E37+'23'!E37+'24'!E37+'25'!E37+'26'!E37+'27'!E37+'28'!E37+'29'!E37+'30'!E37+'31.'!E37 -> 49 | E37: =+C37+D37 -> 53 | F37: =+'1'!G37+'2'!G37+'3'!G37+'4'!G37+'5'!G37+'6'!G37+'7'!G37+'8'!G37+'9'!G37+'10'!G37+'11'!G37+'12'!G37+'13'!G37+'14'!G37+'15'!G37+'16'!G37+'17'!G37+'18'!G37+'19'!G37+'20'!G37+'21'!G37+'22'!G37+'23'!G37+'24'!G37+'25'!G37+'26'!G37+'27'!G37+'28'!G37+'29'!G37+'30'!G37+'31.'!G37 -> 3 | G37: =+'1'!H37+'2'!H37+'3'!H37+'4'!H37+'5'!H37+'6'!H37+'7'!H37+'8'!H37+'9'!H37+'10'!H37+'11'!H37+'12'!H37+'13'!H37+'14'!H37+'15'!H37+'16'!H37+'17'!H37+'18'!H37+'19'!H37+'20'!H37+'21'!H37+'22'!H37+'23'!H37+'24'!H37+'25'!H37+'26'!H37+'27'!H37+'28'!H37+'29'!H37+'30'!H37+'31.'!H37 -> 0 | H37: =+C37+D37-F37-G37-I37 -> 19 | I37: =+'1'!J37+'2'!J37+'3'!J37+'4'!J37+'5'!J37+'6'!J37+'7'!J37+'8'!J37+'9'!J37+'10'!J37+'11'!J37+'12'!J37+'13'!J37+'14'!J37+'15'!J37+'16'!J37+'17'!J37+'18'!J37+'19'!J37+'20'!J37+'21'!J37+'22'!J37+'23'!J37+'24'!J37+'25'!J37+'26'!J37+'27'!J37+'28'!J37+'29'!J37+'30'!J37+'31.'!J37 -> 31 | J37: 130 | K37: =+'1'!L37+'2'!L37+'3'!L37+'4'!L37+'5'!L37+'6'!L37+'7'!L37+'8'!L37+'9'!L37+'10'!L37+'11'!L37+'12'!L37+'13'!L37+'14'!L37+'15'!L37+'16'!L37+'17'!L37+'18'!L37+'19'!L37+'20'!L37+'21'!L37+'22'!L37+'23'!L37+'24'!L37+'25'!L37+'26'!L37+'27'!L37+'28'!L37+'29'!L37+'30'!L37+'31.'!L37 -> 4030 | M37: 35.05 | N37: =+I37*M37 -> 1086.55
A38: 34 | B38: ชิฟฟ่อนเค้กทูโทนใบเตยและมะพร้าวสอดไส้ครีม (8 ชิ้น) | C38: =+ยกมา!D38 -> 5 | D38: =+'1'!E38+'2'!E38+'3'!E38+'4'!E38+'5'!E38+'6'!E38+'7'!E38+'8'!E38+'9'!E38+'10'!E38+'11'!E38+'12'!E38+'13'!E38+'14'!E38+'15'!E38+'16'!E38+'17'!E38+'18'!E38+'19'!E38+'20'!E38+'21'!E38+'22'!E38+'23'!E38+'24'!E38+'25'!E38+'26'!E38+'27'!E38+'28'!E38+'29'!E38+'30'!E38+'31.'!E38 -> 44 | E38: =+C38+D38 -> 49 | F38: =+'1'!G38+'2'!G38+'3'!G38+'4'!G38+'5'!G38+'6'!G38+'7'!G38+'8'!G38+'9'!G38+'10'!G38+'11'!G38+'12'!G38+'13'!G38+'14'!G38+'15'!G38+'16'!G38+'17'!G38+'18'!G38+'19'!G38+'20'!G38+'21'!G38+'22'!G38+'23'!G38+'24'!G38+'25'!G38+'26'!G38+'27'!G38+'28'!G38+'29'!G38+'30'!G38+'31.'!G38 -> 4 | G38: =+'1'!H38+'2'!H38+'3'!H38+'4'!H38+'5'!H38+'6'!H38+'7'!H38+'8'!H38+'9'!H38+'10'!H38+'11'!H38+'12'!H38+'13'!H38+'14'!H38+'15'!H38+'16'!H38+'17'!H38+'18'!H38+'19'!H38+'20'!H38+'21'!H38+'22'!H38+'23'!H38+'24'!H38+'25'!H38+'26'!H38+'27'!H38+'28'!H38+'29'!H38+'30'!H38+'31.'!H38 -> 0 | H38: =+C38+D38-F38-G38-I38 -> 28 | I38: =+'1'!J38+'2'!J38+'3'!J38+'4'!J38+'5'!J38+'6'!J38+'7'!J38+'8'!J38+'9'!J38+'10'!J38+'11'!J38+'12'!J38+'13'!J38+'14'!J38+'15'!J38+'16'!J38+'17'!J38+'18'!J38+'19'!J38+'20'!J38+'21'!J38+'22'!J38+'23'!J38+'24'!J38+'25'!J38+'26'!J38+'27'!J38+'28'!J38+'29'!J38+'30'!J38+'31.'!J38 -> 17 | J38: 130 | K38: =+'1'!L38+'2'!L38+'3'!L38+'4'!L38+'5'!L38+'6'!L38+'7'!L38+'8'!L38+'9'!L38+'10'!L38+'11'!L38+'12'!L38+'13'!L38+'14'!L38+'15'!L38+'16'!L38+'17'!L38+'18'!L38+'19'!L38+'20'!L38+'21'!L38+'22'!L38+'23'!L38+'24'!L38+'25'!L38+'26'!L38+'27'!L38+'28'!L38+'29'!L38+'30'!L38+'31.'!L38 -> 2210 | M38: 34.26 | N38: =+I38*M38 -> 582.42
A39: 35 | B39: ชิฟฟ่อนครีมมะพร้าว 120 g. (ชิ้น) | C39: =+ยกมา!D39 -> 0 | D39: =+'1'!E39+'2'!E39+'3'!E39+'4'!E39+'5'!E39+'6'!E39+'7'!E39+'8'!E39+'9'!E39+'10'!E39+'11'!E39+'12'!E39+'13'!E39+'14'!E39+'15'!E39+'16'!E39+'17'!E39+'18'!E39+'19'!E39+'20'!E39+'21'!E39+'22'!E39+'23'!E39+'24'!E39+'25'!E39+'26'!E39+'27'!E39+'28'!E39+'29'!E39+'30'!E39+'31.'!E39 -> 0 | E39: =+C39+D39 -> 0 | F39: =+'1'!G39+'2'!G39+'3'!G39+'4'!G39+'5'!G39+'6'!G39+'7'!G39+'8'!G39+'9'!G39+'10'!G39+'11'!G39+'12'!G39+'13'!G39+'14'!G39+'15'!G39+'16'!G39+'17'!G39+'18'!G39+'19'!G39+'20'!G39+'21'!G39+'22'!G39+'23'!G39+'24'!G39+'25'!G39+'26'!G39+'27'!G39+'28'!G39+'29'!G39+'30'!G39+'31.'!G39 -> 0 | G39: =+'1'!H39+'2'!H39+'3'!H39+'4'!H39+'5'!H39+'6'!H39+'7'!H39+'8'!H39+'9'!H39+'10'!H39+'11'!H39+'12'!H39+'13'!H39+'14'!H39+'15'!H39+'16'!H39+'17'!H39+'18'!H39+'19'!H39+'20'!H39+'21'!H39+'22'!H39+'23'!H39+'24'!H39+'25'!H39+'26'!H39+'27'!H39+'28'!H39+'29'!H39+'30'!H39+'31.'!H39 -> 0 | H39: =+C39+D39-F39-G39-I39 -> 0 | I39: =+'1'!J39+'2'!J39+'3'!J39+'4'!J39+'5'!J39+'6'!J39+'7'!J39+'8'!J39+'9'!J39+'10'!J39+'11'!J39+'12'!J39+'13'!J39+'14'!J39+'15'!J39+'16'!J39+'17'!J39+'18'!J39+'19'!J39+'20'!J39+'21'!J39+'22'!J39+'23'!J39+'24'!J39+'25'!J39+'26'!J39+'27'!J39+'28'!J39+'29'!J39+'30'!J39+'31.'!J39 -> 0 | J39: 35 | K39: =+'1'!L39+'2'!L39+'3'!L39+'4'!L39+'5'!L39+'6'!L39+'7'!L39+'8'!L39+'9'!L39+'10'!L39+'11'!L39+'12'!L39+'13'!L39+'14'!L39+'15'!L39+'16'!L39+'17'!L39+'18'!L39+'19'!L39+'20'!L39+'21'!L39+'22'!L39+'23'!L39+'24'!L39+'25'!L39+'26'!L39+'27'!L39+'28'!L39+'29'!L39+'30'!L39+'31.'!L39 -> 0 | N39: =+I39*M39 -> 0
A40: 36 | B40: ชิฟฟอนหม้อแกง | C40: =+ยกมา!D40 -> 0 | D40: =+'1'!E40+'2'!E40+'3'!E40+'4'!E40+'5'!E40+'6'!E40+'7'!E40+'8'!E40+'9'!E40+'10'!E40+'11'!E40+'12'!E40+'13'!E40+'14'!E40+'15'!E40+'16'!E40+'17'!E40+'18'!E40+'19'!E40+'20'!E40+'21'!E40+'22'!E40+'23'!E40+'24'!E40+'25'!E40+'26'!E40+'27'!E40+'28'!E40+'29'!E40+'30'!E40+'31.'!E40 -> 0 | E40: =+C40+D40 -> 0 | F40: =+'1'!G40+'2'!G40+'3'!G40+'4'!G40+'5'!G40+'6'!G40+'7'!G40+'8'!G40+'9'!G40+'10'!G40+'11'!G40+'12'!G40+'13'!G40+'14'!G40+'15'!G40+'16'!G40+'17'!G40+'18'!G40+'19'!G40+'20'!G40+'21'!G40+'22'!G40+'23'!G40+'24'!G40+'25'!G40+'26'!G40+'27'!G40+'28'!G40+'29'!G40+'30'!G40+'31.'!G40 -> 0 | G40: =+'1'!H40+'2'!H40+'3'!H40+'4'!H40+'5'!H40+'6'!H40+'7'!H40+'8'!H40+'9'!H40+'10'!H40+'11'!H40+'12'!H40+'13'!H40+'14'!H40+'15'!H40+'16'!H40+'17'!H40+'18'!H40+'19'!H40+'20'!H40+'21'!H40+'22'!H40+'23'!H40+'24'!H40+'25'!H40+'26'!H40+'27'!H40+'28'!H40+'29'!H40+'30'!H40+'31.'!H40 -> 0 | H40: =+C40+D40-F40-G40-I40 -> 0 | I40: =+'1'!J40+'2'!J40+'3'!J40+'4'!J40+'5'!J40+'6'!J40+'7'!J40+'8'!J40+'9'!J40+'10'!J40+'11'!J40+'12'!J40+'13'!J40+'14'!J40+'15'!J40+'16'!J40+'17'!J40+'18'!J40+'19'!J40+'20'!J40+'21'!J40+'22'!J40+'23'!J40+'24'!J40+'25'!J40+'26'!J40+'27'!J40+'28'!J40+'29'!J40+'30'!J40+'31.'!J40 -> 0 | J40: 40 | K40: =+'1'!L40+'2'!L40+'3'!L40+'4'!L40+'5'!L40+'6'!L40+'7'!L40+'8'!L40+'9'!L40+'10'!L40+'11'!L40+'12'!L40+'13'!L40+'14'!L40+'15'!L40+'16'!L40+'17'!L40+'18'!L40+'19'!L40+'20'!L40+'21'!L40+'22'!L40+'23'!L40+'24'!L40+'25'!L40+'26'!L40+'27'!L40+'28'!L40+'29'!L40+'30'!L40+'31.'!L40 -> 0 | N40: =+I40*M40 -> 0
A41: 37 | B41: ครีมฮอร์น วนิลา | C41: =+ยกมา!D41 -> 3 | D41: =+'1'!E41+'2'!E41+'3'!E41+'4'!E41+'5'!E41+'6'!E41+'7'!E41+'8'!E41+'9'!E41+'10'!E41+'11'!E41+'12'!E41+'13'!E41+'14'!E41+'15'!E41+'16'!E41+'17'!E41+'18'!E41+'19'!E41+'20'!E41+'21'!E41+'22'!E41+'23'!E41+'24'!E41+'25'!E41+'26'!E41+'27'!E41+'28'!E41+'29'!E41+'30'!E41+'31.'!E41 -> 56 | E41: =+C41+D41 -> 59 | F41: =+'1'!G41+'2'!G41+'3'!G41+'4'!G41+'5'!G41+'6'!G41+'7'!G41+'8'!G41+'9'!G41+'10'!G41+'11'!G41+'12'!G41+'13'!G41+'14'!G41+'15'!G41+'16'!G41+'17'!G41+'18'!G41+'19'!G41+'20'!G41+'21'!G41+'22'!G41+'23'!G41+'24'!G41+'25'!G41+'26'!G41+'27'!G41+'28'!G41+'29'!G41+'30'!G41+'31.'!G41 -> 3 | G41: =+'1'!H41+'2'!H41+'3'!H41+'4'!H41+'5'!H41+'6'!H41+'7'!H41+'8'!H41+'9'!H41+'10'!H41+'11'!H41+'12'!H41+'13'!H41+'14'!H41+'15'!H41+'16'!H41+'17'!H41+'18'!H41+'19'!H41+'20'!H41+'21'!H41+'22'!H41+'23'!H41+'24'!H41+'25'!H41+'26'!H41+'27'!H41+'28'!H41+'29'!H41+'30'!H41+'31.'!H41 -> 0 | H41: =+C41+D41-F41-G41-I41 -> 16 | I41: =+'1'!J41+'2'!J41+'3'!J41+'4'!J41+'5'!J41+'6'!J41+'7'!J41+'8'!J41+'9'!J41+'10'!J41+'11'!J41+'12'!J41+'13'!J41+'14'!J41+'15'!J41+'16'!J41+'17'!J41+'18'!J41+'19'!J41+'20'!J41+'21'!J41+'22'!J41+'23'!J41+'24'!J41+'25'!J41+'26'!J41+'27'!J41+'28'!J41+'29'!J41+'30'!J41+'31.'!J41 -> 40 | J41: 50 | K41: =+'1'!L41+'2'!L41+'3'!L41+'4'!L41+'5'!L41+'6'!L41+'7'!L41+'8'!L41+'9'!L41+'10'!L41+'11'!L41+'12'!L41+'13'!L41+'14'!L41+'15'!L41+'16'!L41+'17'!L41+'18'!L41+'19'!L41+'20'!L41+'21'!L41+'22'!L41+'23'!L41+'24'!L41+'25'!L41+'26'!L41+'27'!L41+'28'!L41+'29'!L41+'30'!L41+'31.'!L41 -> 2000 | M41: 13.98 | N41: =+I41*M41 -> 559.2
A42: 38 | B42: ครีมฮอร์น ใบเตย | C42: =+ยกมา!D42 -> 7 | D42: =+'1'!E42+'2'!E42+'3'!E42+'4'!E42+'5'!E42+'6'!E42+'7'!E42+'8'!E42+'9'!E42+'10'!E42+'11'!E42+'12'!E42+'13'!E42+'14'!E42+'15'!E42+'16'!E42+'17'!E42+'18'!E42+'19'!E42+'20'!E42+'21'!E42+'22'!E42+'23'!E42+'24'!E42+'25'!E42+'26'!E42+'27'!E42+'28'!E42+'29'!E42+'30'!E42+'31.'!E42 -> 30 | E42: =+C42+D42 -> 37 | F42: =+'1'!G42+'2'!G42+'3'!G42+'4'!G42+'5'!G42+'6'!G42+'7'!G42+'8'!G42+'9'!G42+'10'!G42+'11'!G42+'12'!G42+'13'!G42+'14'!G42+'15'!G42+'16'!G42+'17'!G42+'18'!G42+'19'!G42+'20'!G42+'21'!G42+'22'!G42+'23'!G42+'24'!G42+'25'!G42+'26'!G42+'27'!G42+'28'!G42+'29'!G42+'30'!G42+'31.'!G42 -> 2 | G42: =+'1'!H42+'2'!H42+'3'!H42+'4'!H42+'5'!H42+'6'!H42+'7'!H42+'8'!H42+'9'!H42+'10'!H42+'11'!H42+'12'!H42+'13'!H42+'14'!H42+'15'!H42+'16'!H42+'17'!H42+'18'!H42+'19'!H42+'20'!H42+'21'!H42+'22'!H42+'23'!H42+'24'!H42+'25'!H42+'26'!H42+'27'!H42+'28'!H42+'29'!H42+'30'!H42+'31.'!H42 -> 0 | H42: =+C42+D42-F42-G42-I42 -> 3 | I42: =+'1'!J42+'2'!J42+'3'!J42+'4'!J42+'5'!J42+'6'!J42+'7'!J42+'8'!J42+'9'!J42+'10'!J42+'11'!J42+'12'!J42+'13'!J42+'14'!J42+'15'!J42+'16'!J42+'17'!J42+'18'!J42+'19'!J42+'20'!J42+'21'!J42+'22'!J42+'23'!J42+'24'!J42+'25'!J42+'26'!J42+'27'!J42+'28'!J42+'29'!J42+'30'!J42+'31.'!J42 -> 32 | J42: 50 | K42: =+'1'!L42+'2'!L42+'3'!L42+'4'!L42+'5'!L42+'6'!L42+'7'!L42+'8'!L42+'9'!L42+'10'!L42+'11'!L42+'12'!L42+'13'!L42+'14'!L42+'15'!L42+'16'!L42+'17'!L42+'18'!L42+'19'!L42+'20'!L42+'21'!L42+'22'!L42+'23'!L42+'24'!L42+'25'!L42+'26'!L42+'27'!L42+'28'!L42+'29'!L42+'30'!L42+'31.'!L42 -> 1600 | M42: 13.26 | N42: =+I42*M42 -> 424.32
A43: 39 | B43: ครีมฮอร์น ช็อคโกแลต | C43: =+ยกมา!D43 -> 5 | D43: =+'1'!E43+'2'!E43+'3'!E43+'4'!E43+'5'!E43+'6'!E43+'7'!E43+'8'!E43+'9'!E43+'10'!E43+'11'!E43+'12'!E43+'13'!E43+'14'!E43+'15'!E43+'16'!E43+'17'!E43+'18'!E43+'19'!E43+'20'!E43+'21'!E43+'22'!E43+'23'!E43+'24'!E43+'25'!E43+'26'!E43+'27'!E43+'28'!E43+'29'!E43+'30'!E43+'31.'!E43 -> 25 | E43: =+C43+D43 -> 30 | F43: =+'1'!G43+'2'!G43+'3'!G43+'4'!G43+'5'!G43+'6'!G43+'7'!G43+'8'!G43+'9'!G43+'10'!G43+'11'!G43+'12'!G43+'13'!G43+'14'!G43+'15'!G43+'16'!G43+'17'!G43+'18'!G43+'19'!G43+'20'!G43+'21'!G43+'22'!G43+'23'!G43+'24'!G43+'25'!G43+'26'!G43+'27'!G43+'28'!G43+'29'!G43+'30'!G43+'31.'!G43 -> 6 | G43: =+'1'!H43+'2'!H43+'3'!H43+'4'!H43+'5'!H43+'6'!H43+'7'!H43+'8'!H43+'9'!H43+'10'!H43+'11'!H43+'12'!H43+'13'!H43+'14'!H43+'15'!H43+'16'!H43+'17'!H43+'18'!H43+'19'!H43+'20'!H43+'21'!H43+'22'!H43+'23'!H43+'24'!H43+'25'!H43+'26'!H43+'27'!H43+'28'!H43+'29'!H43+'30'!H43+'31.'!H43 -> 0 | H43: =+C43+D43-F43-G43-I43 -> 7 | I43: =+'1'!J43+'2'!J43+'3'!J43+'4'!J43+'5'!J43+'6'!J43+'7'!J43+'8'!J43+'9'!J43+'10'!J43+'11'!J43+'12'!J43+'13'!J43+'14'!J43+'15'!J43+'16'!J43+'17'!J43+'18'!J43+'19'!J43+'20'!J43+'21'!J43+'22'!J43+'23'!J43+'24'!J43+'25'!J43+'26'!J43+'27'!J43+'28'!J43+'29'!J43+'30'!J43+'31.'!J43 -> 17 | J43: 50 | K43: =+'1'!L43+'2'!L43+'3'!L43+'4'!L43+'5'!L43+'6'!L43+'7'!L43+'8'!L43+'9'!L43+'10'!L43+'11'!L43+'12'!L43+'13'!L43+'14'!L43+'15'!L43+'16'!L43+'17'!L43+'18'!L43+'19'!L43+'20'!L43+'21'!L43+'22'!L43+'23'!L43+'24'!L43+'25'!L43+'26'!L43+'27'!L43+'28'!L43+'29'!L43+'30'!L43+'31.'!L43 -> 850 | N43: =+I43*M43 -> 0
A44: 40 | B44: ครีมฮอร์น ชาไทย (1 ชิ้น) | C44: =+ยกมา!D44 -> 0 | D44: =+'1'!E44+'2'!E44+'3'!E44+'4'!E44+'5'!E44+'6'!E44+'7'!E44+'8'!E44+'9'!E44+'10'!E44+'11'!E44+'12'!E44+'13'!E44+'14'!E44+'15'!E44+'16'!E44+'17'!E44+'18'!E44+'19'!E44+'20'!E44+'21'!E44+'22'!E44+'23'!E44+'24'!E44+'25'!E44+'26'!E44+'27'!E44+'28'!E44+'29'!E44+'30'!E44+'31.'!E44 -> 0 | E44: =+C44+D44 -> 0 | F44: =+'1'!G44+'2'!G44+'3'!G44+'4'!G44+'5'!G44+'6'!G44+'7'!G44+'8'!G44+'9'!G44+'10'!G44+'11'!G44+'12'!G44+'13'!G44+'14'!G44+'15'!G44+'16'!G44+'17'!G44+'18'!G44+'19'!G44+'20'!G44+'21'!G44+'22'!G44+'23'!G44+'24'!G44+'25'!G44+'26'!G44+'27'!G44+'28'!G44+'29'!G44+'30'!G44+'31.'!G44 -> 0 | G44: =+'1'!H44+'2'!H44+'3'!H44+'4'!H44+'5'!H44+'6'!H44+'7'!H44+'8'!H44+'9'!H44+'10'!H44+'11'!H44+'12'!H44+'13'!H44+'14'!H44+'15'!H44+'16'!H44+'17'!H44+'18'!H44+'19'!H44+'20'!H44+'21'!H44+'22'!H44+'23'!H44+'24'!H44+'25'!H44+'26'!H44+'27'!H44+'28'!H44+'29'!H44+'30'!H44+'31.'!H44 -> 0 | H44: =+C44+D44-F44-G44-I44 -> 0 | I44: =+'1'!J44+'2'!J44+'3'!J44+'4'!J44+'5'!J44+'6'!J44+'7'!J44+'8'!J44+'9'!J44+'10'!J44+'11'!J44+'12'!J44+'13'!J44+'14'!J44+'15'!J44+'16'!J44+'17'!J44+'18'!J44+'19'!J44+'20'!J44+'21'!J44+'22'!J44+'23'!J44+'24'!J44+'25'!J44+'26'!J44+'27'!J44+'28'!J44+'29'!J44+'30'!J44+'31.'!J44 -> 0 | J44: 25 | K44: =+'1'!L44+'2'!L44+'3'!L44+'4'!L44+'5'!L44+'6'!L44+'7'!L44+'8'!L44+'9'!L44+'10'!L44+'11'!L44+'12'!L44+'13'!L44+'14'!L44+'15'!L44+'16'!L44+'17'!L44+'18'!L44+'19'!L44+'20'!L44+'21'!L44+'22'!L44+'23'!L44+'24'!L44+'25'!L44+'26'!L44+'27'!L44+'28'!L44+'29'!L44+'30'!L44+'31.'!L44 -> 0 | N44: =+I44*M44 -> 0
A45: 41 | B45: ครีมฮอร์นใบเตยจัมโบ้ | C45: =+ยกมา!D45 -> 0 | D45: =+'1'!E45+'2'!E45+'3'!E45+'4'!E45+'5'!E45+'6'!E45+'7'!E45+'8'!E45+'9'!E45+'10'!E45+'11'!E45+'12'!E45+'13'!E45+'14'!E45+'15'!E45+'16'!E45+'17'!E45+'18'!E45+'19'!E45+'20'!E45+'21'!E45+'22'!E45+'23'!E45+'24'!E45+'25'!E45+'26'!E45+'27'!E45+'28'!E45+'29'!E45+'30'!E45+'31.'!E45 -> 30 | E45: =+C45+D45 -> 30 | F45: =+'1'!G45+'2'!G45+'3'!G45+'4'!G45+'5'!G45+'6'!G45+'7'!G45+'8'!G45+'9'!G45+'10'!G45+'11'!G45+'12'!G45+'13'!G45+'14'!G45+'15'!G45+'16'!G45+'17'!G45+'18'!G45+'19'!G45+'20'!G45+'21'!G45+'22'!G45+'23'!G45+'24'!G45+'25'!G45+'26'!G45+'27'!G45+'28'!G45+'29'!G45+'30'!G45+'31.'!G45 -> 12 | G45: =+'1'!H45+'2'!H45+'3'!H45+'4'!H45+'5'!H45+'6'!H45+'7'!H45+'8'!H45+'9'!H45+'10'!H45+'11'!H45+'12'!H45+'13'!H45+'14'!H45+'15'!H45+'16'!H45+'17'!H45+'18'!H45+'19'!H45+'20'!H45+'21'!H45+'22'!H45+'23'!H45+'24'!H45+'25'!H45+'26'!H45+'27'!H45+'28'!H45+'29'!H45+'30'!H45+'31.'!H45 -> 0 | H45: =+C45+D45-F45-G45-I45 -> 0 | I45: =+'1'!J45+'2'!J45+'3'!J45+'4'!J45+'5'!J45+'6'!J45+'7'!J45+'8'!J45+'9'!J45+'10'!J45+'11'!J45+'12'!J45+'13'!J45+'14'!J45+'15'!J45+'16'!J45+'17'!J45+'18'!J45+'19'!J45+'20'!J45+'21'!J45+'22'!J45+'23'!J45+'24'!J45+'25'!J45+'26'!J45+'27'!J45+'28'!J45+'29'!J45+'30'!J45+'31.'!J45 -> 18 | J45: 25 | K45: =+'1'!L45+'2'!L45+'3'!L45+'4'!L45+'5'!L45+'6'!L45+'7'!L45+'8'!L45+'9'!L45+'10'!L45+'11'!L45+'12'!L45+'13'!L45+'14'!L45+'15'!L45+'16'!L45+'17'!L45+'18'!L45+'19'!L45+'20'!L45+'21'!L45+'22'!L45+'23'!L45+'24'!L45+'25'!L45+'26'!L45+'27'!L45+'28'!L45+'29'!L45+'30'!L45+'31.'!L45 -> 450 | N45: =+I45*M45 -> 0
A46: 42 | B46: ครีมฮอร์นชาไทยจัมโบ้ | C46: =+ยกมา!D46 -> 0 | D46: =+'1'!E46+'2'!E46+'3'!E46+'4'!E46+'5'!E46+'6'!E46+'7'!E46+'8'!E46+'9'!E46+'10'!E46+'11'!E46+'12'!E46+'13'!E46+'14'!E46+'15'!E46+'16'!E46+'17'!E46+'18'!E46+'19'!E46+'20'!E46+'21'!E46+'22'!E46+'23'!E46+'24'!E46+'25'!E46+'26'!E46+'27'!E46+'28'!E46+'29'!E46+'30'!E46+'31.'!E46 -> 15 | E46: =+C46+D46 -> 15 | F46: =+'1'!G46+'2'!G46+'3'!G46+'4'!G46+'5'!G46+'6'!G46+'7'!G46+'8'!G46+'9'!G46+'10'!G46+'11'!G46+'12'!G46+'13'!G46+'14'!G46+'15'!G46+'16'!G46+'17'!G46+'18'!G46+'19'!G46+'20'!G46+'21'!G46+'22'!G46+'23'!G46+'24'!G46+'25'!G46+'26'!G46+'27'!G46+'28'!G46+'29'!G46+'30'!G46+'31.'!G46 -> 14 | G46: =+'1'!H46+'2'!H46+'3'!H46+'4'!H46+'5'!H46+'6'!H46+'7'!H46+'8'!H46+'9'!H46+'10'!H46+'11'!H46+'12'!H46+'13'!H46+'14'!H46+'15'!H46+'16'!H46+'17'!H46+'18'!H46+'19'!H46+'20'!H46+'21'!H46+'22'!H46+'23'!H46+'24'!H46+'25'!H46+'26'!H46+'27'!H46+'28'!H46+'29'!H46+'30'!H46+'31.'!H46 -> 0 | H46: =+C46+D46-F46-G46-I46 -> 0 | I46: =+'1'!J46+'2'!J46+'3'!J46+'4'!J46+'5'!J46+'6'!J46+'7'!J46+'8'!J46+'9'!J46+'10'!J46+'11'!J46+'12'!J46+'13'!J46+'14'!J46+'15'!J46+'16'!J46+'17'!J46+'18'!J46+'19'!J46+'20'!J46+'21'!J46+'22'!J46+'23'!J46+'24'!J46+'25'!J46+'26'!J46+'27'!J46+'28'!J46+'29'!J46+'30'!J46+'31.'!J46 -> 1 | J46: 25 | K46: =+'1'!L46+'2'!L46+'3'!L46+'4'!L46+'5'!L46+'6'!L46+'7'!L46+'8'!L46+'9'!L46+'10'!L46+'11'!L46+'12'!L46+'13'!L46+'14'!L46+'15'!L46+'16'!L46+'17'!L46+'18'!L46+'19'!L46+'20'!L46+'21'!L46+'22'!L46+'23'!L46+'24'!L46+'25'!L46+'26'!L46+'27'!L46+'28'!L46+'29'!L46+'30'!L46+'31.'!L46 -> 25 | N46: =+I46*M46 -> 0
A47: 43 | B47: ครีมฮอร์นวนิลาจัมโบ้ | C47: =+ยกมา!D47 -> 0 | D47: =+'1'!E47+'2'!E47+'3'!E47+'4'!E47+'5'!E47+'6'!E47+'7'!E47+'8'!E47+'9'!E47+'10'!E47+'11'!E47+'12'!E47+'13'!E47+'14'!E47+'15'!E47+'16'!E47+'17'!E47+'18'!E47+'19'!E47+'20'!E47+'21'!E47+'22'!E47+'23'!E47+'24'!E47+'25'!E47+'26'!E47+'27'!E47+'28'!E47+'29'!E47+'30'!E47+'31.'!E47 -> 0 | E47: =+C47+D47 -> 0 | F47: =+'1'!G47+'2'!G47+'3'!G47+'4'!G47+'5'!G47+'6'!G47+'7'!G47+'8'!G47+'9'!G47+'10'!G47+'11'!G47+'12'!G47+'13'!G47+'14'!G47+'15'!G47+'16'!G47+'17'!G47+'18'!G47+'19'!G47+'20'!G47+'21'!G47+'22'!G47+'23'!G47+'24'!G47+'25'!G47+'26'!G47+'27'!G47+'28'!G47+'29'!G47+'30'!G47+'31.'!G47 -> 0 | G47: =+'1'!H47+'2'!H47+'3'!H47+'4'!H47+'5'!H47+'6'!H47+'7'!H47+'8'!H47+'9'!H47+'10'!H47+'11'!H47+'12'!H47+'13'!H47+'14'!H47+'15'!H47+'16'!H47+'17'!H47+'18'!H47+'19'!H47+'20'!H47+'21'!H47+'22'!H47+'23'!H47+'24'!H47+'25'!H47+'26'!H47+'27'!H47+'28'!H47+'29'!H47+'30'!H47+'31.'!H47 -> 0 | H47: =+C47+D47-F47-G47-I47 -> 0 | I47: =+'1'!J47+'2'!J47+'3'!J47+'4'!J47+'5'!J47+'6'!J47+'7'!J47+'8'!J47+'9'!J47+'10'!J47+'11'!J47+'12'!J47+'13'!J47+'14'!J47+'15'!J47+'16'!J47+'17'!J47+'18'!J47+'19'!J47+'20'!J47+'21'!J47+'22'!J47+'23'!J47+'24'!J47+'25'!J47+'26'!J47+'27'!J47+'28'!J47+'29'!J47+'30'!J47+'31.'!J47 -> 0 | J47: 25 | K47: =+'1'!L47+'2'!L47+'3'!L47+'4'!L47+'5'!L47+'6'!L47+'7'!L47+'8'!L47+'9'!L47+'10'!L47+'11'!L47+'12'!L47+'13'!L47+'14'!L47+'15'!L47+'16'!L47+'17'!L47+'18'!L47+'19'!L47+'20'!L47+'21'!L47+'22'!L47+'23'!L47+'24'!L47+'25'!L47+'26'!L47+'27'!L47+'28'!L47+'29'!L47+'30'!L47+'31.'!L47 -> 0 | N47: =+I47*M47 -> 0
A48: 44 | B48: เบาหวิวมะพร้าว (แพค 100 g.) | C48: =+ยกมา!D48 -> 0 | D48: =+'1'!E48+'2'!E48+'3'!E48+'4'!E48+'5'!E48+'6'!E48+'7'!E48+'8'!E48+'9'!E48+'10'!E48+'11'!E48+'12'!E48+'13'!E48+'14'!E48+'15'!E48+'16'!E48+'17'!E48+'18'!E48+'19'!E48+'20'!E48+'21'!E48+'22'!E48+'23'!E48+'24'!E48+'25'!E48+'26'!E48+'27'!E48+'28'!E48+'29'!E48+'30'!E48+'31.'!E48 -> 0 | E48: =+C48+D48 -> 0 | F48: =+'1'!G48+'2'!G48+'3'!G48+'4'!G48+'5'!G48+'6'!G48+'7'!G48+'8'!G48+'9'!G48+'10'!G48+'11'!G48+'12'!G48+'13'!G48+'14'!G48+'15'!G48+'16'!G48+'17'!G48+'18'!G48+'19'!G48+'20'!G48+'21'!G48+'22'!G48+'23'!G48+'24'!G48+'25'!G48+'26'!G48+'27'!G48+'28'!G48+'29'!G48+'30'!G48+'31.'!G48 -> 0 | G48: =+'1'!H48+'2'!H48+'3'!H48+'4'!H48+'5'!H48+'6'!H48+'7'!H48+'8'!H48+'9'!H48+'10'!H48+'11'!H48+'12'!H48+'13'!H48+'14'!H48+'15'!H48+'16'!H48+'17'!H48+'18'!H48+'19'!H48+'20'!H48+'21'!H48+'22'!H48+'23'!H48+'24'!H48+'25'!H48+'26'!H48+'27'!H48+'28'!H48+'29'!H48+'30'!H48+'31.'!H48 -> 0 | H48: =+C48+D48-F48-G48-I48 -> 0 | I48: =+'1'!J48+'2'!J48+'3'!J48+'4'!J48+'5'!J48+'6'!J48+'7'!J48+'8'!J48+'9'!J48+'10'!J48+'11'!J48+'12'!J48+'13'!J48+'14'!J48+'15'!J48+'16'!J48+'17'!J48+'18'!J48+'19'!J48+'20'!J48+'21'!J48+'22'!J48+'23'!J48+'24'!J48+'25'!J48+'26'!J48+'27'!J48+'28'!J48+'29'!J48+'30'!J48+'31.'!J48 -> 0 | J48: 50 | K48: =+'1'!L48+'2'!L48+'3'!L48+'4'!L48+'5'!L48+'6'!L48+'7'!L48+'8'!L48+'9'!L48+'10'!L48+'11'!L48+'12'!L48+'13'!L48+'14'!L48+'15'!L48+'16'!L48+'17'!L48+'18'!L48+'19'!L48+'20'!L48+'21'!L48+'22'!L48+'23'!L48+'24'!L48+'25'!L48+'26'!L48+'27'!L48+'28'!L48+'29'!L48+'30'!L48+'31.'!L48 -> 0 | N48: =+I48*M48 -> 0
A49: 45 | B49: เบาหวิว (ล) ใหม่ รสกล้วยหอมมะพร้าวเผา | C49: =+ยกมา!D49 -> 4 | D49: =+'1'!E49+'2'!E49+'3'!E49+'4'!E49+'5'!E49+'6'!E49+'7'!E49+'8'!E49+'9'!E49+'10'!E49+'11'!E49+'12'!E49+'13'!E49+'14'!E49+'15'!E49+'16'!E49+'17'!E49+'18'!E49+'19'!E49+'20'!E49+'21'!E49+'22'!E49+'23'!E49+'24'!E49+'25'!E49+'26'!E49+'27'!E49+'28'!E49+'29'!E49+'30'!E49+'31.'!E49 -> 15 | E49: =+C49+D49 -> 19 | F49: =+'1'!G49+'2'!G49+'3'!G49+'4'!G49+'5'!G49+'6'!G49+'7'!G49+'8'!G49+'9'!G49+'10'!G49+'11'!G49+'12'!G49+'13'!G49+'14'!G49+'15'!G49+'16'!G49+'17'!G49+'18'!G49+'19'!G49+'20'!G49+'21'!G49+'22'!G49+'23'!G49+'24'!G49+'25'!G49+'26'!G49+'27'!G49+'28'!G49+'29'!G49+'30'!G49+'31.'!G49 -> 0 | G49: =+'1'!H49+'2'!H49+'3'!H49+'4'!H49+'5'!H49+'6'!H49+'7'!H49+'8'!H49+'9'!H49+'10'!H49+'11'!H49+'12'!H49+'13'!H49+'14'!H49+'15'!H49+'16'!H49+'17'!H49+'18'!H49+'19'!H49+'20'!H49+'21'!H49+'22'!H49+'23'!H49+'24'!H49+'25'!H49+'26'!H49+'27'!H49+'28'!H49+'29'!H49+'30'!H49+'31.'!H49 -> 0 | H49: =+C49+D49-F49-G49-I49 -> 3 | I49: =+'1'!J49+'2'!J49+'3'!J49+'4'!J49+'5'!J49+'6'!J49+'7'!J49+'8'!J49+'9'!J49+'10'!J49+'11'!J49+'12'!J49+'13'!J49+'14'!J49+'15'!J49+'16'!J49+'17'!J49+'18'!J49+'19'!J49+'20'!J49+'21'!J49+'22'!J49+'23'!J49+'24'!J49+'25'!J49+'26'!J49+'27'!J49+'28'!J49+'29'!J49+'30'!J49+'31.'!J49 -> 16 | J49: 50 | K49: =+'1'!L49+'2'!L49+'3'!L49+'4'!L49+'5'!L49+'6'!L49+'7'!L49+'8'!L49+'9'!L49+'10'!L49+'11'!L49+'12'!L49+'13'!L49+'14'!L49+'15'!L49+'16'!L49+'17'!L49+'18'!L49+'19'!L49+'20'!L49+'21'!L49+'22'!L49+'23'!L49+'24'!L49+'25'!L49+'26'!L49+'27'!L49+'28'!L49+'29'!L49+'30'!L49+'31.'!L49 -> 800 | M49: 25.21 | N49: =+I49*M49 -> 403.36
A50: 46 | B50: เบาหวิว (ล) ใหม่ เผือกมะพร้าว | C50: =+ยกมา!D50 -> 3 | D50: =+'1'!E50+'2'!E50+'3'!E50+'4'!E50+'5'!E50+'6'!E50+'7'!E50+'8'!E50+'9'!E50+'10'!E50+'11'!E50+'12'!E50+'13'!E50+'14'!E50+'15'!E50+'16'!E50+'17'!E50+'18'!E50+'19'!E50+'20'!E50+'21'!E50+'22'!E50+'23'!E50+'24'!E50+'25'!E50+'26'!E50+'27'!E50+'28'!E50+'29'!E50+'30'!E50+'31.'!E50 -> 6 | E50: =+C50+D50 -> 9 | F50: =+'1'!G50+'2'!G50+'3'!G50+'4'!G50+'5'!G50+'6'!G50+'7'!G50+'8'!G50+'9'!G50+'10'!G50+'11'!G50+'12'!G50+'13'!G50+'14'!G50+'15'!G50+'16'!G50+'17'!G50+'18'!G50+'19'!G50+'20'!G50+'21'!G50+'22'!G50+'23'!G50+'24'!G50+'25'!G50+'26'!G50+'27'!G50+'28'!G50+'29'!G50+'30'!G50+'31.'!G50 -> 1 | G50: =+'1'!H50+'2'!H50+'3'!H50+'4'!H50+'5'!H50+'6'!H50+'7'!H50+'8'!H50+'9'!H50+'10'!H50+'11'!H50+'12'!H50+'13'!H50+'14'!H50+'15'!H50+'16'!H50+'17'!H50+'18'!H50+'19'!H50+'20'!H50+'21'!H50+'22'!H50+'23'!H50+'24'!H50+'25'!H50+'26'!H50+'27'!H50+'28'!H50+'29'!H50+'30'!H50+'31.'!H50 -> 0 | H50: =+C50+D50-F50-G50-I50 -> 1 | I50: =+'1'!J50+'2'!J50+'3'!J50+'4'!J50+'5'!J50+'6'!J50+'7'!J50+'8'!J50+'9'!J50+'10'!J50+'11'!J50+'12'!J50+'13'!J50+'14'!J50+'15'!J50+'16'!J50+'17'!J50+'18'!J50+'19'!J50+'20'!J50+'21'!J50+'22'!J50+'23'!J50+'24'!J50+'25'!J50+'26'!J50+'27'!J50+'28'!J50+'29'!J50+'30'!J50+'31.'!J50 -> 7 | J50: 50 | K50: =+'1'!L50+'2'!L50+'3'!L50+'4'!L50+'5'!L50+'6'!L50+'7'!L50+'8'!L50+'9'!L50+'10'!L50+'11'!L50+'12'!L50+'13'!L50+'14'!L50+'15'!L50+'16'!L50+'17'!L50+'18'!L50+'19'!L50+'20'!L50+'21'!L50+'22'!L50+'23'!L50+'24'!L50+'25'!L50+'26'!L50+'27'!L50+'28'!L50+'29'!L50+'30'!L50+'31.'!L50 -> 350 | M50: 14.96 | N50: =+I50*M50 -> 104.72
A51: 47 | B51: เบาหวิว (ล) ใหม่ กาแฟ | C51: =+ยกมา!D51 -> 8 | D51: =+'1'!E51+'2'!E51+'3'!E51+'4'!E51+'5'!E51+'6'!E51+'7'!E51+'8'!E51+'9'!E51+'10'!E51+'11'!E51+'12'!E51+'13'!E51+'14'!E51+'15'!E51+'16'!E51+'17'!E51+'18'!E51+'19'!E51+'20'!E51+'21'!E51+'22'!E51+'23'!E51+'24'!E51+'25'!E51+'26'!E51+'27'!E51+'28'!E51+'29'!E51+'30'!E51+'31.'!E51 -> 13 | E51: =+C51+D51 -> 21 | F51: =+'1'!G51+'2'!G51+'3'!G51+'4'!G51+'5'!G51+'6'!G51+'7'!G51+'8'!G51+'9'!G51+'10'!G51+'11'!G51+'12'!G51+'13'!G51+'14'!G51+'15'!G51+'16'!G51+'17'!G51+'18'!G51+'19'!G51+'20'!G51+'21'!G51+'22'!G51+'23'!G51+'24'!G51+'25'!G51+'26'!G51+'27'!G51+'28'!G51+'29'!G51+'30'!G51+'31.'!G51 -> 3 | G51: =+'1'!H51+'2'!H51+'3'!H51+'4'!H51+'5'!H51+'6'!H51+'7'!H51+'8'!H51+'9'!H51+'10'!H51+'11'!H51+'12'!H51+'13'!H51+'14'!H51+'15'!H51+'16'!H51+'17'!H51+'18'!H51+'19'!H51+'20'!H51+'21'!H51+'22'!H51+'23'!H51+'24'!H51+'25'!H51+'26'!H51+'27'!H51+'28'!H51+'29'!H51+'30'!H51+'31.'!H51 -> 0 | H51: =+C51+D51-F51-G51-I51 -> 2 | I51: =+'1'!J51+'2'!J51+'3'!J51+'4'!J51+'5'!J51+'6'!J51+'7'!J51+'8'!J51+'9'!J51+'10'!J51+'11'!J51+'12'!J51+'13'!J51+'14'!J51+'15'!J51+'16'!J51+'17'!J51+'18'!J51+'19'!J51+'20'!J51+'21'!J51+'22'!J51+'23'!J51+'24'!J51+'25'!J51+'26'!J51+'27'!J51+'28'!J51+'29'!J51+'30'!J51+'31.'!J51 -> 16 | J51: 50 | K51: =+'1'!L51+'2'!L51+'3'!L51+'4'!L51+'5'!L51+'6'!L51+'7'!L51+'8'!L51+'9'!L51+'10'!L51+'11'!L51+'12'!L51+'13'!L51+'14'!L51+'15'!L51+'16'!L51+'17'!L51+'18'!L51+'19'!L51+'20'!L51+'21'!L51+'22'!L51+'23'!L51+'24'!L51+'25'!L51+'26'!L51+'27'!L51+'28'!L51+'29'!L51+'30'!L51+'31.'!L51 -> 800 | M51: 14.38 | N51: =+I51*M51 -> 230.08
A52: 48 | B52: เบาหวิว (ล) ใหม่ เนยนม | C52: =+ยกมา!D52 -> 9 | D52: =+'1'!E52+'2'!E52+'3'!E52+'4'!E52+'5'!E52+'6'!E52+'7'!E52+'8'!E52+'9'!E52+'10'!E52+'11'!E52+'12'!E52+'13'!E52+'14'!E52+'15'!E52+'16'!E52+'17'!E52+'18'!E52+'19'!E52+'20'!E52+'21'!E52+'22'!E52+'23'!E52+'24'!E52+'25'!E52+'26'!E52+'27'!E52+'28'!E52+'29'!E52+'30'!E52+'31.'!E52 -> 15 | E52: =+C52+D52 -> 24 | F52: =+'1'!G52+'2'!G52+'3'!G52+'4'!G52+'5'!G52+'6'!G52+'7'!G52+'8'!G52+'9'!G52+'10'!G52+'11'!G52+'12'!G52+'13'!G52+'14'!G52+'15'!G52+'16'!G52+'17'!G52+'18'!G52+'19'!G52+'20'!G52+'21'!G52+'22'!G52+'23'!G52+'24'!G52+'25'!G52+'26'!G52+'27'!G52+'28'!G52+'29'!G52+'30'!G52+'31.'!G52 -> 2 | G52: =+'1'!H52+'2'!H52+'3'!H52+'4'!H52+'5'!H52+'6'!H52+'7'!H52+'8'!H52+'9'!H52+'10'!H52+'11'!H52+'12'!H52+'13'!H52+'14'!H52+'15'!H52+'16'!H52+'17'!H52+'18'!H52+'19'!H52+'20'!H52+'21'!H52+'22'!H52+'23'!H52+'24'!H52+'25'!H52+'26'!H52+'27'!H52+'28'!H52+'29'!H52+'30'!H52+'31.'!H52 -> 0 | H52: =+C52+D52-F52-G52-I52 -> 3 | I52: =+'1'!J52+'2'!J52+'3'!J52+'4'!J52+'5'!J52+'6'!J52+'7'!J52+'8'!J52+'9'!J52+'10'!J52+'11'!J52+'12'!J52+'13'!J52+'14'!J52+'15'!J52+'16'!J52+'17'!J52+'18'!J52+'19'!J52+'20'!J52+'21'!J52+'22'!J52+'23'!J52+'24'!J52+'25'!J52+'26'!J52+'27'!J52+'28'!J52+'29'!J52+'30'!J52+'31.'!J52 -> 19 | J52: 50 | K52: =+'1'!L52+'2'!L52+'3'!L52+'4'!L52+'5'!L52+'6'!L52+'7'!L52+'8'!L52+'9'!L52+'10'!L52+'11'!L52+'12'!L52+'13'!L52+'14'!L52+'15'!L52+'16'!L52+'17'!L52+'18'!L52+'19'!L52+'20'!L52+'21'!L52+'22'!L52+'23'!L52+'24'!L52+'25'!L52+'26'!L52+'27'!L52+'28'!L52+'29'!L52+'30'!L52+'31.'!L52 -> 950 | M52: 18.51 | N52: =+I52*M52 -> 351.69
A53: 49 | B53: เบาหวิว (ล) ใหม่ ใบเตย | C53: =+ยกมา!D53 -> 0 | D53: =+'1'!E53+'2'!E53+'3'!E53+'4'!E53+'5'!E53+'6'!E53+'7'!E53+'8'!E53+'9'!E53+'10'!E53+'11'!E53+'12'!E53+'13'!E53+'14'!E53+'15'!E53+'16'!E53+'17'!E53+'18'!E53+'19'!E53+'20'!E53+'21'!E53+'22'!E53+'23'!E53+'24'!E53+'25'!E53+'26'!E53+'27'!E53+'28'!E53+'29'!E53+'30'!E53+'31.'!E53 -> 0 | E53: =+C53+D53 -> 0 | F53: =+'1'!G53+'2'!G53+'3'!G53+'4'!G53+'5'!G53+'6'!G53+'7'!G53+'8'!G53+'9'!G53+'10'!G53+'11'!G53+'12'!G53+'13'!G53+'14'!G53+'15'!G53+'16'!G53+'17'!G53+'18'!G53+'19'!G53+'20'!G53+'21'!G53+'22'!G53+'23'!G53+'24'!G53+'25'!G53+'26'!G53+'27'!G53+'28'!G53+'29'!G53+'30'!G53+'31.'!G53 -> 0 | G53: =+'1'!H53+'2'!H53+'3'!H53+'4'!H53+'5'!H53+'6'!H53+'7'!H53+'8'!H53+'9'!H53+'10'!H53+'11'!H53+'12'!H53+'13'!H53+'14'!H53+'15'!H53+'16'!H53+'17'!H53+'18'!H53+'19'!H53+'20'!H53+'21'!H53+'22'!H53+'23'!H53+'24'!H53+'25'!H53+'26'!H53+'27'!H53+'28'!H53+'29'!H53+'30'!H53+'31.'!H53 -> 0 | H53: =+C53+D53-F53-G53-I53 -> 0 | I53: =+'1'!J53+'2'!J53+'3'!J53+'4'!J53+'5'!J53+'6'!J53+'7'!J53+'8'!J53+'9'!J53+'10'!J53+'11'!J53+'12'!J53+'13'!J53+'14'!J53+'15'!J53+'16'!J53+'17'!J53+'18'!J53+'19'!J53+'20'!J53+'21'!J53+'22'!J53+'23'!J53+'24'!J53+'25'!J53+'26'!J53+'27'!J53+'28'!J53+'29'!J53+'30'!J53+'31.'!J53 -> 0 | J53: 50 | K53: =+'1'!L53+'2'!L53+'3'!L53+'4'!L53+'5'!L53+'6'!L53+'7'!L53+'8'!L53+'9'!L53+'10'!L53+'11'!L53+'12'!L53+'13'!L53+'14'!L53+'15'!L53+'16'!L53+'17'!L53+'18'!L53+'19'!L53+'20'!L53+'21'!L53+'22'!L53+'23'!L53+'24'!L53+'25'!L53+'26'!L53+'27'!L53+'28'!L53+'29'!L53+'30'!L53+'31.'!L53 -> 0 | M53: 18.36 | N53: =+I53*M53 -> 0
A54: 50 | B54: เบาหวิว (ล) ใหม่ มะพร้าว | C54: =+ยกมา!D54 -> 2 | D54: =+'1'!E54+'2'!E54+'3'!E54+'4'!E54+'5'!E54+'6'!E54+'7'!E54+'8'!E54+'9'!E54+'10'!E54+'11'!E54+'12'!E54+'13'!E54+'14'!E54+'15'!E54+'16'!E54+'17'!E54+'18'!E54+'19'!E54+'20'!E54+'21'!E54+'22'!E54+'23'!E54+'24'!E54+'25'!E54+'26'!E54+'27'!E54+'28'!E54+'29'!E54+'30'!E54+'31.'!E54 -> 23 | E54: =+C54+D54 -> 25 | F54: =+'1'!G54+'2'!G54+'3'!G54+'4'!G54+'5'!G54+'6'!G54+'7'!G54+'8'!G54+'9'!G54+'10'!G54+'11'!G54+'12'!G54+'13'!G54+'14'!G54+'15'!G54+'16'!G54+'17'!G54+'18'!G54+'19'!G54+'20'!G54+'21'!G54+'22'!G54+'23'!G54+'24'!G54+'25'!G54+'26'!G54+'27'!G54+'28'!G54+'29'!G54+'30'!G54+'31.'!G54 -> 0 | G54: =+'1'!H54+'2'!H54+'3'!H54+'4'!H54+'5'!H54+'6'!H54+'7'!H54+'8'!H54+'9'!H54+'10'!H54+'11'!H54+'12'!H54+'13'!H54+'14'!H54+'15'!H54+'16'!H54+'17'!H54+'18'!H54+'19'!H54+'20'!H54+'21'!H54+'22'!H54+'23'!H54+'24'!H54+'25'!H54+'26'!H54+'27'!H54+'28'!H54+'29'!H54+'30'!H54+'31.'!H54 -> 0 | H54: =+C54+D54-F54-G54-I54 -> 6 | I54: =+'1'!J54+'2'!J54+'3'!J54+'4'!J54+'5'!J54+'6'!J54+'7'!J54+'8'!J54+'9'!J54+'10'!J54+'11'!J54+'12'!J54+'13'!J54+'14'!J54+'15'!J54+'16'!J54+'17'!J54+'18'!J54+'19'!J54+'20'!J54+'21'!J54+'22'!J54+'23'!J54+'24'!J54+'25'!J54+'26'!J54+'27'!J54+'28'!J54+'29'!J54+'30'!J54+'31.'!J54 -> 19 | J54: 50 | K54: =+'1'!L54+'2'!L54+'3'!L54+'4'!L54+'5'!L54+'6'!L54+'7'!L54+'8'!L54+'9'!L54+'10'!L54+'11'!L54+'12'!L54+'13'!L54+'14'!L54+'15'!L54+'16'!L54+'17'!L54+'18'!L54+'19'!L54+'20'!L54+'21'!L54+'22'!L54+'23'!L54+'24'!L54+'25'!L54+'26'!L54+'27'!L54+'28'!L54+'29'!L54+'30'!L54+'31.'!L54 -> 950 | M54: 14.89 | N54: =+I54*M54 -> 282.91
A55: 51 | B55: เบาหวิว (ล) ใหม่ ฝอยทอง | C55: =+ยกมา!D55 -> 19 | D55: =+'1'!E55+'2'!E55+'3'!E55+'4'!E55+'5'!E55+'6'!E55+'7'!E55+'8'!E55+'9'!E55+'10'!E55+'11'!E55+'12'!E55+'13'!E55+'14'!E55+'15'!E55+'16'!E55+'17'!E55+'18'!E55+'19'!E55+'20'!E55+'21'!E55+'22'!E55+'23'!E55+'24'!E55+'25'!E55+'26'!E55+'27'!E55+'28'!E55+'29'!E55+'30'!E55+'31.'!E55 -> 34 | E55: =+C55+D55 -> 53 | F55: =+'1'!G55+'2'!G55+'3'!G55+'4'!G55+'5'!G55+'6'!G55+'7'!G55+'8'!G55+'9'!G55+'10'!G55+'11'!G55+'12'!G55+'13'!G55+'14'!G55+'15'!G55+'16'!G55+'17'!G55+'18'!G55+'19'!G55+'20'!G55+'21'!G55+'22'!G55+'23'!G55+'24'!G55+'25'!G55+'26'!G55+'27'!G55+'28'!G55+'29'!G55+'30'!G55+'31.'!G55 -> 0 | G55: =+'1'!H55+'2'!H55+'3'!H55+'4'!H55+'5'!H55+'6'!H55+'7'!H55+'8'!H55+'9'!H55+'10'!H55+'11'!H55+'12'!H55+'13'!H55+'14'!H55+'15'!H55+'16'!H55+'17'!H55+'18'!H55+'19'!H55+'20'!H55+'21'!H55+'22'!H55+'23'!H55+'24'!H55+'25'!H55+'26'!H55+'27'!H55+'28'!H55+'29'!H55+'30'!H55+'31.'!H55 -> 0 | H55: =+C55+D55-F55-G55-I55 -> 6 | I55: =+'1'!J55+'2'!J55+'3'!J55+'4'!J55+'5'!J55+'6'!J55+'7'!J55+'8'!J55+'9'!J55+'10'!J55+'11'!J55+'12'!J55+'13'!J55+'14'!J55+'15'!J55+'16'!J55+'17'!J55+'18'!J55+'19'!J55+'20'!J55+'21'!J55+'22'!J55+'23'!J55+'24'!J55+'25'!J55+'26'!J55+'27'!J55+'28'!J55+'29'!J55+'30'!J55+'31.'!J55 -> 47 | J55: 50 | K55: =+'1'!L55+'2'!L55+'3'!L55+'4'!L55+'5'!L55+'6'!L55+'7'!L55+'8'!L55+'9'!L55+'10'!L55+'11'!L55+'12'!L55+'13'!L55+'14'!L55+'15'!L55+'16'!L55+'17'!L55+'18'!L55+'19'!L55+'20'!L55+'21'!L55+'22'!L55+'23'!L55+'24'!L55+'25'!L55+'26'!L55+'27'!L55+'28'!L55+'29'!L55+'30'!L55+'31.'!L55 -> 2350 | M55: 14.23 | N55: =+I55*M55 -> 668.81
A56: 52 | B56: เบาหวิว (ล) ใหม่ ทุเรียน | C56: =+ยกมา!D56 -> 7 | D56: =+'1'!E56+'2'!E56+'3'!E56+'4'!E56+'5'!E56+'6'!E56+'7'!E56+'8'!E56+'9'!E56+'10'!E56+'11'!E56+'12'!E56+'13'!E56+'14'!E56+'15'!E56+'16'!E56+'17'!E56+'18'!E56+'19'!E56+'20'!E56+'21'!E56+'22'!E56+'23'!E56+'24'!E56+'25'!E56+'26'!E56+'27'!E56+'28'!E56+'29'!E56+'30'!E56+'31.'!E56 -> 3 | E56: =+C56+D56 -> 10 | F56: =+'1'!G56+'2'!G56+'3'!G56+'4'!G56+'5'!G56+'6'!G56+'7'!G56+'8'!G56+'9'!G56+'10'!G56+'11'!G56+'12'!G56+'13'!G56+'14'!G56+'15'!G56+'16'!G56+'17'!G56+'18'!G56+'19'!G56+'20'!G56+'21'!G56+'22'!G56+'23'!G56+'24'!G56+'25'!G56+'26'!G56+'27'!G56+'28'!G56+'29'!G56+'30'!G56+'31.'!G56 -> 0 | G56: =+'1'!H56+'2'!H56+'3'!H56+'4'!H56+'5'!H56+'6'!H56+'7'!H56+'8'!H56+'9'!H56+'10'!H56+'11'!H56+'12'!H56+'13'!H56+'14'!H56+'15'!H56+'16'!H56+'17'!H56+'18'!H56+'19'!H56+'20'!H56+'21'!H56+'22'!H56+'23'!H56+'24'!H56+'25'!H56+'26'!H56+'27'!H56+'28'!H56+'29'!H56+'30'!H56+'31.'!H56 -> 0 | H56: =+C56+D56-F56-G56-I56 -> 0 | I56: =+'1'!J56+'2'!J56+'3'!J56+'4'!J56+'5'!J56+'6'!J56+'7'!J56+'8'!J56+'9'!J56+'10'!J56+'11'!J56+'12'!J56+'13'!J56+'14'!J56+'15'!J56+'16'!J56+'17'!J56+'18'!J56+'19'!J56+'20'!J56+'21'!J56+'22'!J56+'23'!J56+'24'!J56+'25'!J56+'26'!J56+'27'!J56+'28'!J56+'29'!J56+'30'!J56+'31.'!J56 -> 10 | J56: 50 | K56: =+'1'!L56+'2'!L56+'3'!L56+'4'!L56+'5'!L56+'6'!L56+'7'!L56+'8'!L56+'9'!L56+'10'!L56+'11'!L56+'12'!L56+'13'!L56+'14'!L56+'15'!L56+'16'!L56+'17'!L56+'18'!L56+'19'!L56+'20'!L56+'21'!L56+'22'!L56+'23'!L56+'24'!L56+'25'!L56+'26'!L56+'27'!L56+'28'!L56+'29'!L56+'30'!L56+'31.'!L56 -> 500 | M56: 14.38 | N56: =+I56*M56 -> 143.8
A57: 53 | B57: เบาหวิว (ล) ใหม่ ลูกตาล | C57: =+ยกมา!D57 -> 11 | D57: =+'1'!E57+'2'!E57+'3'!E57+'4'!E57+'5'!E57+'6'!E57+'7'!E57+'8'!E57+'9'!E57+'10'!E57+'11'!E57+'12'!E57+'13'!E57+'14'!E57+'15'!E57+'16'!E57+'17'!E57+'18'!E57+'19'!E57+'20'!E57+'21'!E57+'22'!E57+'23'!E57+'24'!E57+'25'!E57+'26'!E57+'27'!E57+'28'!E57+'29'!E57+'30'!E57+'31.'!E57 -> 4 | E57: =+C57+D57 -> 15 | F57: =+'1'!G57+'2'!G57+'3'!G57+'4'!G57+'5'!G57+'6'!G57+'7'!G57+'8'!G57+'9'!G57+'10'!G57+'11'!G57+'12'!G57+'13'!G57+'14'!G57+'15'!G57+'16'!G57+'17'!G57+'18'!G57+'19'!G57+'20'!G57+'21'!G57+'22'!G57+'23'!G57+'24'!G57+'25'!G57+'26'!G57+'27'!G57+'28'!G57+'29'!G57+'30'!G57+'31.'!G57 -> 0 | G57: =+'1'!H57+'2'!H57+'3'!H57+'4'!H57+'5'!H57+'6'!H57+'7'!H57+'8'!H57+'9'!H57+'10'!H57+'11'!H57+'12'!H57+'13'!H57+'14'!H57+'15'!H57+'16'!H57+'17'!H57+'18'!H57+'19'!H57+'20'!H57+'21'!H57+'22'!H57+'23'!H57+'24'!H57+'25'!H57+'26'!H57+'27'!H57+'28'!H57+'29'!H57+'30'!H57+'31.'!H57 -> 0 | H57: =+C57+D57-F57-G57-I57 -> 0 | I57: =+'1'!J57+'2'!J57+'3'!J57+'4'!J57+'5'!J57+'6'!J57+'7'!J57+'8'!J57+'9'!J57+'10'!J57+'11'!J57+'12'!J57+'13'!J57+'14'!J57+'15'!J57+'16'!J57+'17'!J57+'18'!J57+'19'!J57+'20'!J57+'21'!J57+'22'!J57+'23'!J57+'24'!J57+'25'!J57+'26'!J57+'27'!J57+'28'!J57+'29'!J57+'30'!J57+'31.'!J57 -> 15 | J57: 50 | K57: =+'1'!L57+'2'!L57+'3'!L57+'4'!L57+'5'!L57+'6'!L57+'7'!L57+'8'!L57+'9'!L57+'10'!L57+'11'!L57+'12'!L57+'13'!L57+'14'!L57+'15'!L57+'16'!L57+'17'!L57+'18'!L57+'19'!L57+'20'!L57+'21'!L57+'22'!L57+'23'!L57+'24'!L57+'25'!L57+'26'!L57+'27'!L57+'28'!L57+'29'!L57+'30'!L57+'31.'!L57 -> 750 | M57: 14.65 | N57: =+I57*M57 -> 219.75
A58: 54 | B58: เบาหวิว (ญ) ใหม่ รสมะพร้าว | C58: =+ยกมา!D58 -> 3 | D58: =+'1'!E58+'2'!E58+'3'!E58+'4'!E58+'5'!E58+'6'!E58+'7'!E58+'8'!E58+'9'!E58+'10'!E58+'11'!E58+'12'!E58+'13'!E58+'14'!E58+'15'!E58+'16'!E58+'17'!E58+'18'!E58+'19'!E58+'20'!E58+'21'!E58+'22'!E58+'23'!E58+'24'!E58+'25'!E58+'26'!E58+'27'!E58+'28'!E58+'29'!E58+'30'!E58+'31.'!E58 -> 35 | E58: =+C58+D58 -> 38 | F58: =+'1'!G58+'2'!G58+'3'!G58+'4'!G58+'5'!G58+'6'!G58+'7'!G58+'8'!G58+'9'!G58+'10'!G58+'11'!G58+'12'!G58+'13'!G58+'14'!G58+'15'!G58+'16'!G58+'17'!G58+'18'!G58+'19'!G58+'20'!G58+'21'!G58+'22'!G58+'23'!G58+'24'!G58+'25'!G58+'26'!G58+'27'!G58+'28'!G58+'29'!G58+'30'!G58+'31.'!G58 -> 2 | G58: =+'1'!H58+'2'!H58+'3'!H58+'4'!H58+'5'!H58+'6'!H58+'7'!H58+'8'!H58+'9'!H58+'10'!H58+'11'!H58+'12'!H58+'13'!H58+'14'!H58+'15'!H58+'16'!H58+'17'!H58+'18'!H58+'19'!H58+'20'!H58+'21'!H58+'22'!H58+'23'!H58+'24'!H58+'25'!H58+'26'!H58+'27'!H58+'28'!H58+'29'!H58+'30'!H58+'31.'!H58 -> 0 | H58: =+C58+D58-F58-G58-I58 -> 13 | I58: =+'1'!J58+'2'!J58+'3'!J58+'4'!J58+'5'!J58+'6'!J58+'7'!J58+'8'!J58+'9'!J58+'10'!J58+'11'!J58+'12'!J58+'13'!J58+'14'!J58+'15'!J58+'16'!J58+'17'!J58+'18'!J58+'19'!J58+'20'!J58+'21'!J58+'22'!J58+'23'!J58+'24'!J58+'25'!J58+'26'!J58+'27'!J58+'28'!J58+'29'!J58+'30'!J58+'31.'!J58 -> 23 | J58: 120 | K58: =+'1'!L58+'2'!L58+'3'!L58+'4'!L58+'5'!L58+'6'!L58+'7'!L58+'8'!L58+'9'!L58+'10'!L58+'11'!L58+'12'!L58+'13'!L58+'14'!L58+'15'!L58+'16'!L58+'17'!L58+'18'!L58+'19'!L58+'20'!L58+'21'!L58+'22'!L58+'23'!L58+'24'!L58+'25'!L58+'26'!L58+'27'!L58+'28'!L58+'29'!L58+'30'!L58+'31.'!L58 -> 2760 | M58: 27.37 | N58: =+I58*M58 -> 629.51
A59: 55 | B59: เบาหวิว (ญ) ใหม่ รสกาแฟ | C59: =+ยกมา!D59 -> 10 | D59: =+'1'!E59+'2'!E59+'3'!E59+'4'!E59+'5'!E59+'6'!E59+'7'!E59+'8'!E59+'9'!E59+'10'!E59+'11'!E59+'12'!E59+'13'!E59+'14'!E59+'15'!E59+'16'!E59+'17'!E59+'18'!E59+'19'!E59+'20'!E59+'21'!E59+'22'!E59+'23'!E59+'24'!E59+'25'!E59+'26'!E59+'27'!E59+'28'!E59+'29'!E59+'30'!E59+'31.'!E59 -> 16 | E59: =+C59+D59 -> 26 | F59: =+'1'!G59+'2'!G59+'3'!G59+'4'!G59+'5'!G59+'6'!G59+'7'!G59+'8'!G59+'9'!G59+'10'!G59+'11'!G59+'12'!G59+'13'!G59+'14'!G59+'15'!G59+'16'!G59+'17'!G59+'18'!G59+'19'!G59+'20'!G59+'21'!G59+'22'!G59+'23'!G59+'24'!G59+'25'!G59+'26'!G59+'27'!G59+'28'!G59+'29'!G59+'30'!G59+'31.'!G59 -> 4 | G59: =+'1'!H59+'2'!H59+'3'!H59+'4'!H59+'5'!H59+'6'!H59+'7'!H59+'8'!H59+'9'!H59+'10'!H59+'11'!H59+'12'!H59+'13'!H59+'14'!H59+'15'!H59+'16'!H59+'17'!H59+'18'!H59+'19'!H59+'20'!H59+'21'!H59+'22'!H59+'23'!H59+'24'!H59+'25'!H59+'26'!H59+'27'!H59+'28'!H59+'29'!H59+'30'!H59+'31.'!H59 -> 0 | H59: =+C59+D59-F59-G59-I59 -> 6 | I59: =+'1'!J59+'2'!J59+'3'!J59+'4'!J59+'5'!J59+'6'!J59+'7'!J59+'8'!J59+'9'!J59+'10'!J59+'11'!J59+'12'!J59+'13'!J59+'14'!J59+'15'!J59+'16'!J59+'17'!J59+'18'!J59+'19'!J59+'20'!J59+'21'!J59+'22'!J59+'23'!J59+'24'!J59+'25'!J59+'26'!J59+'27'!J59+'28'!J59+'29'!J59+'30'!J59+'31.'!J59 -> 16 | J59: 120 | K59: =+'1'!L59+'2'!L59+'3'!L59+'4'!L59+'5'!L59+'6'!L59+'7'!L59+'8'!L59+'9'!L59+'10'!L59+'11'!L59+'12'!L59+'13'!L59+'14'!L59+'15'!L59+'16'!L59+'17'!L59+'18'!L59+'19'!L59+'20'!L59+'21'!L59+'22'!L59+'23'!L59+'24'!L59+'25'!L59+'26'!L59+'27'!L59+'28'!L59+'29'!L59+'30'!L59+'31.'!L59 -> 1920 | M59: 28.06 | N59: =+I59*M59 -> 448.96
A60: 56 | B60: เบาหวิว (ญ) ใหม่ รสเนยนม | C60: =+ยกมา!D60 -> 2 | D60: =+'1'!E60+'2'!E60+'3'!E60+'4'!E60+'5'!E60+'6'!E60+'7'!E60+'8'!E60+'9'!E60+'10'!E60+'11'!E60+'12'!E60+'13'!E60+'14'!E60+'15'!E60+'16'!E60+'17'!E60+'18'!E60+'19'!E60+'20'!E60+'21'!E60+'22'!E60+'23'!E60+'24'!E60+'25'!E60+'26'!E60+'27'!E60+'28'!E60+'29'!E60+'30'!E60+'31.'!E60 -> 25 | E60: =+C60+D60 -> 27 | F60: =+'1'!G60+'2'!G60+'3'!G60+'4'!G60+'5'!G60+'6'!G60+'7'!G60+'8'!G60+'9'!G60+'10'!G60+'11'!G60+'12'!G60+'13'!G60+'14'!G60+'15'!G60+'16'!G60+'17'!G60+'18'!G60+'19'!G60+'20'!G60+'21'!G60+'22'!G60+'23'!G60+'24'!G60+'25'!G60+'26'!G60+'27'!G60+'28'!G60+'29'!G60+'30'!G60+'31.'!G60 -> 1 | G60: =+'1'!H60+'2'!H60+'3'!H60+'4'!H60+'5'!H60+'6'!H60+'7'!H60+'8'!H60+'9'!H60+'10'!H60+'11'!H60+'12'!H60+'13'!H60+'14'!H60+'15'!H60+'16'!H60+'17'!H60+'18'!H60+'19'!H60+'20'!H60+'21'!H60+'22'!H60+'23'!H60+'24'!H60+'25'!H60+'26'!H60+'27'!H60+'28'!H60+'29'!H60+'30'!H60+'31.'!H60 -> 0 | H60: =+C60+D60-F60-G60-I60 -> 6 | I60: =+'1'!J60+'2'!J60+'3'!J60+'4'!J60+'5'!J60+'6'!J60+'7'!J60+'8'!J60+'9'!J60+'10'!J60+'11'!J60+'12'!J60+'13'!J60+'14'!J60+'15'!J60+'16'!J60+'17'!J60+'18'!J60+'19'!J60+'20'!J60+'21'!J60+'22'!J60+'23'!J60+'24'!J60+'25'!J60+'26'!J60+'27'!J60+'28'!J60+'29'!J60+'30'!J60+'31.'!J60 -> 20 | J60: 120 | K60: =+'1'!L60+'2'!L60+'3'!L60+'4'!L60+'5'!L60+'6'!L60+'7'!L60+'8'!L60+'9'!L60+'10'!L60+'11'!L60+'12'!L60+'13'!L60+'14'!L60+'15'!L60+'16'!L60+'17'!L60+'18'!L60+'19'!L60+'20'!L60+'21'!L60+'22'!L60+'23'!L60+'24'!L60+'25'!L60+'26'!L60+'27'!L60+'28'!L60+'29'!L60+'30'!L60+'31.'!L60 -> 2400 | M60: 29.96 | N60: =+I60*M60 -> 599.2
... A64: 60 | B64: เบาหวิว (ญ) ใหม่ รสเผือกมะพร้าวเผา | C64: =+ยกมา!D64 -> 3 | D64: =+'1'!E64+'2'!E64+'3'!E64+'4'!E64+'5'!E64+'6'!E64+'7'!E64+'8'!E64+'9'!E64+'10'!E64+'11'!E64+'12'!E64+'13'!E64+'14'!E64+'15'!E64+'16'!E64+'17'!E64+'18'!E64+'19'!E64+'20'!E64+'21'!E64+'22'!E64+'23'!E64+'24'!E64+'25'!E64+'26'!E64+'27'!E64+'28'!E64+'29'!E64+'30'!E64+'31.'!E64 -> 6 | E64: =+C64+D64 -> 9 | F64: =+'1'!G64+'2'!G64+'3'!G64+'4'!G64+'5'!G64+'6'!G64+'7'!G64+'8'!G64+'9'!G64+'10'!G64+'11'!G64+'12'!G64+'13'!G64+'14'!G64+'15'!G64+'16'!G64+'17'!G64+'18'!G64+'19'!G64+'20'!G64+'21'!G64+'22'!G64+'23'!G64+'24'!G64+'25'!G64+'26'!G64+'27'!G64+'28'!G64+'29'!G64+'30'!G64+'31.'!G64 -> 0 | G64: =+'1'!H64+'2'!H64+'3'!H64+'4'!H64+'5'!H64+'6'!H64+'7'!H64+'8'!H64+'9'!H64+'10'!H64+'11'!H64+'12'!H64+'13'!H64+'14'!H64+'15'!H64+'16'!H64+'17'!H64+'18'!H64+'19'!H64+'20'!H64+'21'!H64+'22'!H64+'23'!H64+'24'!H64+'25'!H64+'26'!H64+'27'!H64+'28'!H64+'29'!H64+'30'!H64+'31.'!H64 -> 0 | H64: =+C64+D64-F64-G64-I64 -> 3 | I64: =+'1'!J64+'2'!J64+'3'!J64+'4'!J64+'5'!J64+'6'!J64+'7'!J64+'8'!J64+'9'!J64+'10'!J64+'11'!J64+'12'!J64+'13'!J64+'14'!J64+'15'!J64+'16'!J64+'17'!J64+'18'!J64+'19'!J64+'20'!J64+'21'!J64+'22'!J64+'23'!J64+'24'!J64+'25'!J64+'26'!J64+'27'!J64+'28'!J64+'29'!J64+'30'!J64+'31.'!J64 -> 6 | J64: 120 | K64: =+'1'!L64+'2'!L64+'3'!L64+'4'!L64+'5'!L64+'6'!L64+'7'!L64+'8'!L64+'9'!L64+'10'!L64+'11'!L64+'12'!L64+'13'!L64+'14'!L64+'15'!L64+'16'!L64+'17'!L64+'18'!L64+'19'!L64+'20'!L64+'21'!L64+'22'!L64+'23'!L64+'24'!L64+'25'!L64+'26'!L64+'27'!L64+'28'!L64+'29'!L64+'30'!L64+'31.'!L64 -> 720 | M64: 29.28 | N64: =+I64*M64 -> 175.68
A65: 61 | B65: โบราณ 2 ชิ้น รวมรส | C65: =+ยกมา!D65 -> 0 | D65: =+'1'!E65+'2'!E65+'3'!E65+'4'!E65+'5'!E65+'6'!E65+'7'!E65+'8'!E65+'9'!E65+'10'!E65+'11'!E65+'12'!E65+'13'!E65+'14'!E65+'15'!E65+'16'!E65+'17'!E65+'18'!E65+'19'!E65+'20'!E65+'21'!E65+'22'!E65+'23'!E65+'24'!E65+'25'!E65+'26'!E65+'27'!E65+'28'!E65+'29'!E65+'30'!E65+'31.'!E65 -> 0 | E65: =+C65+D65 -> 0 | F65: =+'1'!G65+'2'!G65+'3'!G65+'4'!G65+'5'!G65+'6'!G65+'7'!G65+'8'!G65+'9'!G65+'10'!G65+'11'!G65+'12'!G65+'13'!G65+'14'!G65+'15'!G65+'16'!G65+'17'!G65+'18'!G65+'19'!G65+'20'!G65+'21'!G65+'22'!G65+'23'!G65+'24'!G65+'25'!G65+'26'!G65+'27'!G65+'28'!G65+'29'!G65+'30'!G65+'31.'!G65 -> 0 | G65: =+'1'!H65+'2'!H65+'3'!H65+'4'!H65+'5'!H65+'6'!H65+'7'!H65+'8'!H65+'9'!H65+'10'!H65+'11'!H65+'12'!H65+'13'!H65+'14'!H65+'15'!H65+'16'!H65+'17'!H65+'18'!H65+'19'!H65+'20'!H65+'21'!H65+'22'!H65+'23'!H65+'24'!H65+'25'!H65+'26'!H65+'27'!H65+'28'!H65+'29'!H65+'30'!H65+'31.'!H65 -> 0 | H65: =+C65+D65-F65-G65-I65 -> 0 | I65: =+'1'!J65+'2'!J65+'3'!J65+'4'!J65+'5'!J65+'6'!J65+'7'!J65+'8'!J65+'9'!J65+'10'!J65+'11'!J65+'12'!J65+'13'!J65+'14'!J65+'15'!J65+'16'!J65+'17'!J65+'18'!J65+'19'!J65+'20'!J65+'21'!J65+'22'!J65+'23'!J65+'24'!J65+'25'!J65+'26'!J65+'27'!J65+'28'!J65+'29'!J65+'30'!J65+'31.'!J65 -> 0 | J65: 30 | K65: =+'1'!L65+'2'!L65+'3'!L65+'4'!L65+'5'!L65+'6'!L65+'7'!L65+'8'!L65+'9'!L65+'10'!L65+'11'!L65+'12'!L65+'13'!L65+'14'!L65+'15'!L65+'16'!L65+'17'!L65+'18'!L65+'19'!L65+'20'!L65+'21'!L65+'22'!L65+'23'!L65+'24'!L65+'25'!L65+'26'!L65+'27'!L65+'28'!L65+'29'!L65+'30'!L65+'31.'!L65 -> 0 | N65: =+I65*M65 -> 0
A66: 62 | B66: โบราณครีม 2 ชิ้น วรรณวนัช | C66: =+ยกมา!D66 -> 0 | D66: =+'1'!E66+'2'!E66+'3'!E66+'4'!E66+'5'!E66+'6'!E66+'7'!E66+'8'!E66+'9'!E66+'10'!E66+'11'!E66+'12'!E66+'13'!E66+'14'!E66+'15'!E66+'16'!E66+'17'!E66+'18'!E66+'19'!E66+'20'!E66+'21'!E66+'22'!E66+'23'!E66+'24'!E66+'25'!E66+'26'!E66+'27'!E66+'28'!E66+'29'!E66+'30'!E66+'31.'!E66 -> 0 | E66: =+C66+D66 -> 0 | F66: =+'1'!G66+'2'!G66+'3'!G66+'4'!G66+'5'!G66+'6'!G66+'7'!G66+'8'!G66+'9'!G66+'10'!G66+'11'!G66+'12'!G66+'13'!G66+'14'!G66+'15'!G66+'16'!G66+'17'!G66+'18'!G66+'19'!G66+'20'!G66+'21'!G66+'22'!G66+'23'!G66+'24'!G66+'25'!G66+'26'!G66+'27'!G66+'28'!G66+'29'!G66+'30'!G66+'31.'!G66 -> 0 | G66: =+'1'!H66+'2'!H66+'3'!H66+'4'!H66+'5'!H66+'6'!H66+'7'!H66+'8'!H66+'9'!H66+'10'!H66+'11'!H66+'12'!H66+'13'!H66+'14'!H66+'15'!H66+'16'!H66+'17'!H66+'18'!H66+'19'!H66+'20'!H66+'21'!H66+'22'!H66+'23'!H66+'24'!H66+'25'!H66+'26'!H66+'27'!H66+'28'!H66+'29'!H66+'30'!H66+'31.'!H66 -> 0 | H66: =+C66+D66-F66-G66-I66 -> 0 | I66: =+'1'!J66+'2'!J66+'3'!J66+'4'!J66+'5'!J66+'6'!J66+'7'!J66+'8'!J66+'9'!J66+'10'!J66+'11'!J66+'12'!J66+'13'!J66+'14'!J66+'15'!J66+'16'!J66+'17'!J66+'18'!J66+'19'!J66+'20'!J66+'21'!J66+'22'!J66+'23'!J66+'24'!J66+'25'!J66+'26'!J66+'27'!J66+'28'!J66+'29'!J66+'30'!J66+'31.'!J66 -> 0 | J66: 30 | K66: =+'1'!L66+'2'!L66+'3'!L66+'4'!L66+'5'!L66+'6'!L66+'7'!L66+'8'!L66+'9'!L66+'10'!L66+'11'!L66+'12'!L66+'13'!L66+'14'!L66+'15'!L66+'16'!L66+'17'!L66+'18'!L66+'19'!L66+'20'!L66+'21'!L66+'22'!L66+'23'!L66+'24'!L66+'25'!L66+'26'!L66+'27'!L66+'28'!L66+'29'!L66+'30'!L66+'31.'!L66 -> 0 | M66: 12.71 | N66: =+I66*M66 -> 0
A67: 63 | B67: โบราณผลไม้ 2 ชิ้น วรรณวนัช | C67: =+ยกมา!D67 -> 0 | D67: =+'1'!E67+'2'!E67+'3'!E67+'4'!E67+'5'!E67+'6'!E67+'7'!E67+'8'!E67+'9'!E67+'10'!E67+'11'!E67+'12'!E67+'13'!E67+'14'!E67+'15'!E67+'16'!E67+'17'!E67+'18'!E67+'19'!E67+'20'!E67+'21'!E67+'22'!E67+'23'!E67+'24'!E67+'25'!E67+'26'!E67+'27'!E67+'28'!E67+'29'!E67+'30'!E67+'31.'!E67 -> 0 | E67: =+C67+D67 -> 0 | F67: =+'1'!G67+'2'!G67+'3'!G67+'4'!G67+'5'!G67+'6'!G67+'7'!G67+'8'!G67+'9'!G67+'10'!G67+'11'!G67+'12'!G67+'13'!G67+'14'!G67+'15'!G67+'16'!G67+'17'!G67+'18'!G67+'19'!G67+'20'!G67+'21'!G67+'22'!G67+'23'!G67+'24'!G67+'25'!G67+'26'!G67+'27'!G67+'28'!G67+'29'!G67+'30'!G67+'31.'!G67 -> 0 | G67: =+'1'!H67+'2'!H67+'3'!H67+'4'!H67+'5'!H67+'6'!H67+'7'!H67+'8'!H67+'9'!H67+'10'!H67+'11'!H67+'12'!H67+'13'!H67+'14'!H67+'15'!H67+'16'!H67+'17'!H67+'18'!H67+'19'!H67+'20'!H67+'21'!H67+'22'!H67+'23'!H67+'24'!H67+'25'!H67+'26'!H67+'27'!H67+'28'!H67+'29'!H67+'30'!H67+'31.'!H67 -> 0 | H67: =+C67+D67-F67-G67-I67 -> 0 | I67: =+'1'!J67+'2'!J67+'3'!J67+'4'!J67+'5'!J67+'6'!J67+'7'!J67+'8'!J67+'9'!J67+'10'!J67+'11'!J67+'12'!J67+'13'!J67+'14'!J67+'15'!J67+'16'!J67+'17'!J67+'18'!J67+'19'!J67+'20'!J67+'21'!J67+'22'!J67+'23'!J67+'24'!J67+'25'!J67+'26'!J67+'27'!J67+'28'!J67+'29'!J67+'30'!J67+'31.'!J67 -> 0 | J67: 30 | K67: =+'1'!L67+'2'!L67+'3'!L67+'4'!L67+'5'!L67+'6'!L67+'7'!L67+'8'!L67+'9'!L67+'10'!L67+'11'!L67+'12'!L67+'13'!L67+'14'!L67+'15'!L67+'16'!L67+'17'!L67+'18'!L67+'19'!L67+'20'!L67+'21'!L67+'22'!L67+'23'!L67+'24'!L67+'25'!L67+'26'!L67+'27'!L67+'28'!L67+'29'!L67+'30'!L67+'31.'!L67 -> 0 | M67: 17.99 | N67: =+I67*M67 -> 0
A68: 64 | B68: โบราณ 4 ชิ้น รวมรส | C68: =+ยกมา!D68 -> 0 | D68: =+'1'!E68+'2'!E68+'3'!E68+'4'!E68+'5'!E68+'6'!E68+'7'!E68+'8'!E68+'9'!E68+'10'!E68+'11'!E68+'12'!E68+'13'!E68+'14'!E68+'15'!E68+'16'!E68+'17'!E68+'18'!E68+'19'!E68+'20'!E68+'21'!E68+'22'!E68+'23'!E68+'24'!E68+'25'!E68+'26'!E68+'27'!E68+'28'!E68+'29'!E68+'30'!E68+'31.'!E68 -> 0 | E68: =+C68+D68 -> 0 | F68: =+'1'!G68+'2'!G68+'3'!G68+'4'!G68+'5'!G68+'6'!G68+'7'!G68+'8'!G68+'9'!G68+'10'!G68+'11'!G68+'12'!G68+'13'!G68+'14'!G68+'15'!G68+'16'!G68+'17'!G68+'18'!G68+'19'!G68+'20'!G68+'21'!G68+'22'!G68+'23'!G68+'24'!G68+'25'!G68+'26'!G68+'27'!G68+'28'!G68+'29'!G68+'30'!G68+'31.'!G68 -> 0 | G68: =+'1'!H68+'2'!H68+'3'!H68+'4'!H68+'5'!H68+'6'!H68+'7'!H68+'8'!H68+'9'!H68+'10'!H68+'11'!H68+'12'!H68+'13'!H68+'14'!H68+'15'!H68+'16'!H68+'17'!H68+'18'!H68+'19'!H68+'20'!H68+'21'!H68+'22'!H68+'23'!H68+'24'!H68+'25'!H68+'26'!H68+'27'!H68+'28'!H68+'29'!H68+'30'!H68+'31.'!H68 -> 0 | H68: =+C68+D68-F68-G68-I68 -> 0 | I68: =+'1'!J68+'2'!J68+'3'!J68+'4'!J68+'5'!J68+'6'!J68+'7'!J68+'8'!J68+'9'!J68+'10'!J68+'11'!J68+'12'!J68+'13'!J68+'14'!J68+'15'!J68+'16'!J68+'17'!J68+'18'!J68+'19'!J68+'20'!J68+'21'!J68+'22'!J68+'23'!J68+'24'!J68+'25'!J68+'26'!J68+'27'!J68+'28'!J68+'29'!J68+'30'!J68+'31.'!J68 -> 0 | J68: 50 | K68: =+'1'!L68+'2'!L68+'3'!L68+'4'!L68+'5'!L68+'6'!L68+'7'!L68+'8'!L68+'9'!L68+'10'!L68+'11'!L68+'12'!L68+'13'!L68+'14'!L68+'15'!L68+'16'!L68+'17'!L68+'18'!L68+'19'!L68+'20'!L68+'21'!L68+'22'!L68+'23'!L68+'24'!L68+'25'!L68+'26'!L68+'27'!L68+'28'!L68+'29'!L68+'30'!L68+'31.'!L68 -> 0 | N68: =+I68*M68 -> 0
A69: 65 | B69: โบราณครีม 4 ชิ้น วรรณวนัช | C69: =+ยกมา!D69 -> 0 | D69: =+'1'!E69+'2'!E69+'3'!E69+'4'!E69+'5'!E69+'6'!E69+'7'!E69+'8'!E69+'9'!E69+'10'!E69+'11'!E69+'12'!E69+'13'!E69+'14'!E69+'15'!E69+'16'!E69+'17'!E69+'18'!E69+'19'!E69+'20'!E69+'21'!E69+'22'!E69+'23'!E69+'24'!E69+'25'!E69+'26'!E69+'27'!E69+'28'!E69+'29'!E69+'30'!E69+'31.'!E69 -> 0 | E69: =+C69+D69 -> 0 | F69: =+'1'!G69+'2'!G69+'3'!G69+'4'!G69+'5'!G69+'6'!G69+'7'!G69+'8'!G69+'9'!G69+'10'!G69+'11'!G69+'12'!G69+'13'!G69+'14'!G69+'15'!G69+'16'!G69+'17'!G69+'18'!G69+'19'!G69+'20'!G69+'21'!G69+'22'!G69+'23'!G69+'24'!G69+'25'!G69+'26'!G69+'27'!G69+'28'!G69+'29'!G69+'30'!G69+'31.'!G69 -> 0 | G69: =+'1'!H69+'2'!H69+'3'!H69+'4'!H69+'5'!H69+'6'!H69+'7'!H69+'8'!H69+'9'!H69+'10'!H69+'11'!H69+'12'!H69+'13'!H69+'14'!H69+'15'!H69+'16'!H69+'17'!H69+'18'!H69+'19'!H69+'20'!H69+'21'!H69+'22'!H69+'23'!H69+'24'!H69+'25'!H69+'26'!H69+'27'!H69+'28'!H69+'29'!H69+'30'!H69+'31.'!H69 -> 0 | H69: =+C69+D69-F69-G69-I69 -> 0 | I69: =+'1'!J69+'2'!J69+'3'!J69+'4'!J69+'5'!J69+'6'!J69+'7'!J69+'8'!J69+'9'!J69+'10'!J69+'11'!J69+'12'!J69+'13'!J69+'14'!J69+'15'!J69+'16'!J69+'17'!J69+'18'!J69+'19'!J69+'20'!J69+'21'!J69+'22'!J69+'23'!J69+'24'!J69+'25'!J69+'26'!J69+'27'!J69+'28'!J69+'29'!J69+'30'!J69+'31.'!J69 -> 0 | J69: 50 | K69: =+'1'!L69+'2'!L69+'3'!L69+'4'!L69+'5'!L69+'6'!L69+'7'!L69+'8'!L69+'9'!L69+'10'!L69+'11'!L69+'12'!L69+'13'!L69+'14'!L69+'15'!L69+'16'!L69+'17'!L69+'18'!L69+'19'!L69+'20'!L69+'21'!L69+'22'!L69+'23'!L69+'24'!L69+'25'!L69+'26'!L69+'27'!L69+'28'!L69+'29'!L69+'30'!L69+'31.'!L69 -> 0 | N69: =+I69*M69 -> 0
A70: 66 | B70: โบราณผลไม้ 4 ชิ้น วรรณวนัช | C70: =+ยกมา!D70 -> 0 | D70: =+'1'!E70+'2'!E70+'3'!E70+'4'!E70+'5'!E70+'6'!E70+'7'!E70+'8'!E70+'9'!E70+'10'!E70+'11'!E70+'12'!E70+'13'!E70+'14'!E70+'15'!E70+'16'!E70+'17'!E70+'18'!E70+'19'!E70+'20'!E70+'21'!E70+'22'!E70+'23'!E70+'24'!E70+'25'!E70+'26'!E70+'27'!E70+'28'!E70+'29'!E70+'30'!E70+'31.'!E70 -> 0 | E70: =+C70+D70 -> 0 | F70: =+'1'!G70+'2'!G70+'3'!G70+'4'!G70+'5'!G70+'6'!G70+'7'!G70+'8'!G70+'9'!G70+'10'!G70+'11'!G70+'12'!G70+'13'!G70+'14'!G70+'15'!G70+'16'!G70+'17'!G70+'18'!G70+'19'!G70+'20'!G70+'21'!G70+'22'!G70+'23'!G70+'24'!G70+'25'!G70+'26'!G70+'27'!G70+'28'!G70+'29'!G70+'30'!G70+'31.'!G70 -> 0 | G70: =+'1'!H70+'2'!H70+'3'!H70+'4'!H70+'5'!H70+'6'!H70+'7'!H70+'8'!H70+'9'!H70+'10'!H70+'11'!H70+'12'!H70+'13'!H70+'14'!H70+'15'!H70+'16'!H70+'17'!H70+'18'!H70+'19'!H70+'20'!H70+'21'!H70+'22'!H70+'23'!H70+'24'!H70+'25'!H70+'26'!H70+'27'!H70+'28'!H70+'29'!H70+'30'!H70+'31.'!H70 -> 0 | H70: =+C70+D70-F70-G70-I70 -> 0 | I70: =+'1'!J70+'2'!J70+'3'!J70+'4'!J70+'5'!J70+'6'!J70+'7'!J70+'8'!J70+'9'!J70+'10'!J70+'11'!J70+'12'!J70+'13'!J70+'14'!J70+'15'!J70+'16'!J70+'17'!J70+'18'!J70+'19'!J70+'20'!J70+'21'!J70+'22'!J70+'23'!J70+'24'!J70+'25'!J70+'26'!J70+'27'!J70+'28'!J70+'29'!J70+'30'!J70+'31.'!J70 -> 0 | J70: 50 | K70: =+'1'!L70+'2'!L70+'3'!L70+'4'!L70+'5'!L70+'6'!L70+'7'!L70+'8'!L70+'9'!L70+'10'!L70+'11'!L70+'12'!L70+'13'!L70+'14'!L70+'15'!L70+'16'!L70+'17'!L70+'18'!L70+'19'!L70+'20'!L70+'21'!L70+'22'!L70+'23'!L70+'24'!L70+'25'!L70+'26'!L70+'27'!L70+'28'!L70+'29'!L70+'30'!L70+'31.'!L70 -> 0 | N70: =+I70*M70 -> 0
A71: 67 | B71: โบราณ 4 ชิ้น กล่องแดง | C71: =+ยกมา!D71 -> 0 | D71: =+'1'!E71+'2'!E71+'3'!E71+'4'!E71+'5'!E71+'6'!E71+'7'!E71+'8'!E71+'9'!E71+'10'!E71+'11'!E71+'12'!E71+'13'!E71+'14'!E71+'15'!E71+'16'!E71+'17'!E71+'18'!E71+'19'!E71+'20'!E71+'21'!E71+'22'!E71+'23'!E71+'24'!E71+'25'!E71+'26'!E71+'27'!E71+'28'!E71+'29'!E71+'30'!E71+'31.'!E71 -> 0 | E71: =+C71+D71 -> 0 | F71: =+'1'!G71+'2'!G71+'3'!G71+'4'!G71+'5'!G71+'6'!G71+'7'!G71+'8'!G71+'9'!G71+'10'!G71+'11'!G71+'12'!G71+'13'!G71+'14'!G71+'15'!G71+'16'!G71+'17'!G71+'18'!G71+'19'!G71+'20'!G71+'21'!G71+'22'!G71+'23'!G71+'24'!G71+'25'!G71+'26'!G71+'27'!G71+'28'!G71+'29'!G71+'30'!G71+'31.'!G71 -> 0 | G71: =+'1'!H71+'2'!H71+'3'!H71+'4'!H71+'5'!H71+'6'!H71+'7'!H71+'8'!H71+'9'!H71+'10'!H71+'11'!H71+'12'!H71+'13'!H71+'14'!H71+'15'!H71+'16'!H71+'17'!H71+'18'!H71+'19'!H71+'20'!H71+'21'!H71+'22'!H71+'23'!H71+'24'!H71+'25'!H71+'26'!H71+'27'!H71+'28'!H71+'29'!H71+'30'!H71+'31.'!H71 -> 0 | H71: =+C71+D71-F71-G71-I71 -> 0 | I71: =+'1'!J71+'2'!J71+'3'!J71+'4'!J71+'5'!J71+'6'!J71+'7'!J71+'8'!J71+'9'!J71+'10'!J71+'11'!J71+'12'!J71+'13'!J71+'14'!J71+'15'!J71+'16'!J71+'17'!J71+'18'!J71+'19'!J71+'20'!J71+'21'!J71+'22'!J71+'23'!J71+'24'!J71+'25'!J71+'26'!J71+'27'!J71+'28'!J71+'29'!J71+'30'!J71+'31.'!J71 -> 0 | J71: 50 | K71: =+'1'!L71+'2'!L71+'3'!L71+'4'!L71+'5'!L71+'6'!L71+'7'!L71+'8'!L71+'9'!L71+'10'!L71+'11'!L71+'12'!L71+'13'!L71+'14'!L71+'15'!L71+'16'!L71+'17'!L71+'18'!L71+'19'!L71+'20'!L71+'21'!L71+'22'!L71+'23'!L71+'24'!L71+'25'!L71+'26'!L71+'27'!L71+'28'!L71+'29'!L71+'30'!L71+'31.'!L71 -> 0 | N71: =+I71*M71 -> 0
A72: 68 | B72: โบราณ 4 ชิ้น คริสมาศ | C72: =+ยกมา!D72 -> 0 | D72: =+'1'!E72+'2'!E72+'3'!E72+'4'!E72+'5'!E72+'6'!E72+'7'!E72+'8'!E72+'9'!E72+'10'!E72+'11'!E72+'12'!E72+'13'!E72+'14'!E72+'15'!E72+'16'!E72+'17'!E72+'18'!E72+'19'!E72+'20'!E72+'21'!E72+'22'!E72+'23'!E72+'24'!E72+'25'!E72+'26'!E72+'27'!E72+'28'!E72+'29'!E72+'30'!E72+'31.'!E72 -> 0 | E72: =+C72+D72 -> 0 | F72: =+'1'!G72+'2'!G72+'3'!G72+'4'!G72+'5'!G72+'6'!G72+'7'!G72+'8'!G72+'9'!G72+'10'!G72+'11'!G72+'12'!G72+'13'!G72+'14'!G72+'15'!G72+'16'!G72+'17'!G72+'18'!G72+'19'!G72+'20'!G72+'21'!G72+'22'!G72+'23'!G72+'24'!G72+'25'!G72+'26'!G72+'27'!G72+'28'!G72+'29'!G72+'30'!G72+'31.'!G72 -> 0 | G72: =+'1'!H72+'2'!H72+'3'!H72+'4'!H72+'5'!H72+'6'!H72+'7'!H72+'8'!H72+'9'!H72+'10'!H72+'11'!H72+'12'!H72+'13'!H72+'14'!H72+'15'!H72+'16'!H72+'17'!H72+'18'!H72+'19'!H72+'20'!H72+'21'!H72+'22'!H72+'23'!H72+'24'!H72+'25'!H72+'26'!H72+'27'!H72+'28'!H72+'29'!H72+'30'!H72+'31.'!H72 -> 0 | H72: =+C72+D72-F72-G72-I72 -> 0 | I72: =+'1'!J72+'2'!J72+'3'!J72+'4'!J72+'5'!J72+'6'!J72+'7'!J72+'8'!J72+'9'!J72+'10'!J72+'11'!J72+'12'!J72+'13'!J72+'14'!J72+'15'!J72+'16'!J72+'17'!J72+'18'!J72+'19'!J72+'20'!J72+'21'!J72+'22'!J72+'23'!J72+'24'!J72+'25'!J72+'26'!J72+'27'!J72+'28'!J72+'29'!J72+'30'!J72+'31.'!J72 -> 0 | J72: 50 | K72: =+'1'!L72+'2'!L72+'3'!L72+'4'!L72+'5'!L72+'6'!L72+'7'!L72+'8'!L72+'9'!L72+'10'!L72+'11'!L72+'12'!L72+'13'!L72+'14'!L72+'15'!L72+'16'!L72+'17'!L72+'18'!L72+'19'!L72+'20'!L72+'21'!L72+'22'!L72+'23'!L72+'24'!L72+'25'!L72+'26'!L72+'27'!L72+'28'!L72+'29'!L72+'30'!L72+'31.'!L72 -> 0 | N72: =+I72*M72 -> 0
A73: 69 | B73: โบราณครีม 6 ชิ้น | C73: =+ยกมา!D73 -> 0 | D73: =+'1'!E73+'2'!E73+'3'!E73+'4'!E73+'5'!E73+'6'!E73+'7'!E73+'8'!E73+'9'!E73+'10'!E73+'11'!E73+'12'!E73+'13'!E73+'14'!E73+'15'!E73+'16'!E73+'17'!E73+'18'!E73+'19'!E73+'20'!E73+'21'!E73+'22'!E73+'23'!E73+'24'!E73+'25'!E73+'26'!E73+'27'!E73+'28'!E73+'29'!E73+'30'!E73+'31.'!E73 -> 0 | E73: =+C73+D73 -> 0 | F73: =+'1'!G73+'2'!G73+'3'!G73+'4'!G73+'5'!G73+'6'!G73+'7'!G73+'8'!G73+'9'!G73+'10'!G73+'11'!G73+'12'!G73+'13'!G73+'14'!G73+'15'!G73+'16'!G73+'17'!G73+'18'!G73+'19'!G73+'20'!G73+'21'!G73+'22'!G73+'23'!G73+'24'!G73+'25'!G73+'26'!G73+'27'!G73+'28'!G73+'29'!G73+'30'!G73+'31.'!G73 -> 0 | G73: =+'1'!H73+'2'!H73+'3'!H73+'4'!H73+'5'!H73+'6'!H73+'7'!H73+'8'!H73+'9'!H73+'10'!H73+'11'!H73+'12'!H73+'13'!H73+'14'!H73+'15'!H73+'16'!H73+'17'!H73+'18'!H73+'19'!H73+'20'!H73+'21'!H73+'22'!H73+'23'!H73+'24'!H73+'25'!H73+'26'!H73+'27'!H73+'28'!H73+'29'!H73+'30'!H73+'31.'!H73 -> 0 | H73: =+C73+D73-F73-G73-I73 -> 0 | I73: =+'1'!J73+'2'!J73+'3'!J73+'4'!J73+'5'!J73+'6'!J73+'7'!J73+'8'!J73+'9'!J73+'10'!J73+'11'!J73+'12'!J73+'13'!J73+'14'!J73+'15'!J73+'16'!J73+'17'!J73+'18'!J73+'19'!J73+'20'!J73+'21'!J73+'22'!J73+'23'!J73+'24'!J73+'25'!J73+'26'!J73+'27'!J73+'28'!J73+'29'!J73+'30'!J73+'31.'!J73 -> 0 | J73: 70 | K73: =+'1'!L73+'2'!L73+'3'!L73+'4'!L73+'5'!L73+'6'!L73+'7'!L73+'8'!L73+'9'!L73+'10'!L73+'11'!L73+'12'!L73+'13'!L73+'14'!L73+'15'!L73+'16'!L73+'17'!L73+'18'!L73+'19'!L73+'20'!L73+'21'!L73+'22'!L73+'23'!L73+'24'!L73+'25'!L73+'26'!L73+'27'!L73+'28'!L73+'29'!L73+'30'!L73+'31.'!L73 -> 0 | N73: =+I73*M73 -> 0
A74: 70 | B74: โบราณผลไม้ 6 ชิ้น | C74: =+ยกมา!D74 -> 0 | D74: =+'1'!E74+'2'!E74+'3'!E74+'4'!E74+'5'!E74+'6'!E74+'7'!E74+'8'!E74+'9'!E74+'10'!E74+'11'!E74+'12'!E74+'13'!E74+'14'!E74+'15'!E74+'16'!E74+'17'!E74+'18'!E74+'19'!E74+'20'!E74+'21'!E74+'22'!E74+'23'!E74+'24'!E74+'25'!E74+'26'!E74+'27'!E74+'28'!E74+'29'!E74+'30'!E74+'31.'!E74 -> 0 | E74: =+C74+D74 -> 0 | F74: =+'1'!G74+'2'!G74+'3'!G74+'4'!G74+'5'!G74+'6'!G74+'7'!G74+'8'!G74+'9'!G74+'10'!G74+'11'!G74+'12'!G74+'13'!G74+'14'!G74+'15'!G74+'16'!G74+'17'!G74+'18'!G74+'19'!G74+'20'!G74+'21'!G74+'22'!G74+'23'!G74+'24'!G74+'25'!G74+'26'!G74+'27'!G74+'28'!G74+'29'!G74+'30'!G74+'31.'!G74 -> 0 | G74: =+'1'!H74+'2'!H74+'3'!H74+'4'!H74+'5'!H74+'6'!H74+'7'!H74+'8'!H74+'9'!H74+'10'!H74+'11'!H74+'12'!H74+'13'!H74+'14'!H74+'15'!H74+'16'!H74+'17'!H74+'18'!H74+'19'!H74+'20'!H74+'21'!H74+'22'!H74+'23'!H74+'24'!H74+'25'!H74+'26'!H74+'27'!H74+'28'!H74+'29'!H74+'30'!H74+'31.'!H74 -> 0 | H74: =+C74+D74-F74-G74-I74 -> 0 | I74: =+'1'!J74+'2'!J74+'3'!J74+'4'!J74+'5'!J74+'6'!J74+'7'!J74+'8'!J74+'9'!J74+'10'!J74+'11'!J74+'12'!J74+'13'!J74+'14'!J74+'15'!J74+'16'!J74+'17'!J74+'18'!J74+'19'!J74+'20'!J74+'21'!J74+'22'!J74+'23'!J74+'24'!J74+'25'!J74+'26'!J74+'27'!J74+'28'!J74+'29'!J74+'30'!J74+'31.'!J74 -> 0 | J74: 80 | K74: =+'1'!L74+'2'!L74+'3'!L74+'4'!L74+'5'!L74+'6'!L74+'7'!L74+'8'!L74+'9'!L74+'10'!L74+'11'!L74+'12'!L74+'13'!L74+'14'!L74+'15'!L74+'16'!L74+'17'!L74+'18'!L74+'19'!L74+'20'!L74+'21'!L74+'22'!L74+'23'!L74+'24'!L74+'25'!L74+'26'!L74+'27'!L74+'28'!L74+'29'!L74+'30'!L74+'31.'!L74 -> 0 | N74: =+I74*M74 -> 0
A75: 71 | B75: โบราณ 12 ชิ้น รวมรส | C75: =+ยกมา!D75 -> 0 | D75: =+'1'!E75+'2'!E75+'3'!E75+'4'!E75+'5'!E75+'6'!E75+'7'!E75+'8'!E75+'9'!E75+'10'!E75+'11'!E75+'12'!E75+'13'!E75+'14'!E75+'15'!E75+'16'!E75+'17'!E75+'18'!E75+'19'!E75+'20'!E75+'21'!E75+'22'!E75+'23'!E75+'24'!E75+'25'!E75+'26'!E75+'27'!E75+'28'!E75+'29'!E75+'30'!E75+'31.'!E75 -> 0 | E75: =+C75+D75 -> 0 | F75: =+'1'!G75+'2'!G75+'3'!G75+'4'!G75+'5'!G75+'6'!G75+'7'!G75+'8'!G75+'9'!G75+'10'!G75+'11'!G75+'12'!G75+'13'!G75+'14'!G75+'15'!G75+'16'!G75+'17'!G75+'18'!G75+'19'!G75+'20'!G75+'21'!G75+'22'!G75+'23'!G75+'24'!G75+'25'!G75+'26'!G75+'27'!G75+'28'!G75+'29'!G75+'30'!G75+'31.'!G75 -> 0 | G75: =+'1'!H75+'2'!H75+'3'!H75+'4'!H75+'5'!H75+'6'!H75+'7'!H75+'8'!H75+'9'!H75+'10'!H75+'11'!H75+'12'!H75+'13'!H75+'14'!H75+'15'!H75+'16'!H75+'17'!H75+'18'!H75+'19'!H75+'20'!H75+'21'!H75+'22'!H75+'23'!H75+'24'!H75+'25'!H75+'26'!H75+'27'!H75+'28'!H75+'29'!H75+'30'!H75+'31.'!H75 -> 0 | H75: =+C75+D75-F75-G75-I75 -> 0 | I75: =+'1'!J75+'2'!J75+'3'!J75+'4'!J75+'5'!J75+'6'!J75+'7'!J75+'8'!J75+'9'!J75+'10'!J75+'11'!J75+'12'!J75+'13'!J75+'14'!J75+'15'!J75+'16'!J75+'17'!J75+'18'!J75+'19'!J75+'20'!J75+'21'!J75+'22'!J75+'23'!J75+'24'!J75+'25'!J75+'26'!J75+'27'!J75+'28'!J75+'29'!J75+'30'!J75+'31.'!J75 -> 0 | J75: 150 | K75: =+'1'!L75+'2'!L75+'3'!L75+'4'!L75+'5'!L75+'6'!L75+'7'!L75+'8'!L75+'9'!L75+'10'!L75+'11'!L75+'12'!L75+'13'!L75+'14'!L75+'15'!L75+'16'!L75+'17'!L75+'18'!L75+'19'!L75+'20'!L75+'21'!L75+'22'!L75+'23'!L75+'24'!L75+'25'!L75+'26'!L75+'27'!L75+'28'!L75+'29'!L75+'30'!L75+'31.'!L75 -> 0 | M75: 67.79 | N75: =+I75*M75 -> 0
A76: 72 | B76: โบราณ 12 ชิ้น ครีม | C76: =+ยกมา!D76 -> 0 | D76: =+'1'!E76+'2'!E76+'3'!E76+'4'!E76+'5'!E76+'6'!E76+'7'!E76+'8'!E76+'9'!E76+'10'!E76+'11'!E76+'12'!E76+'13'!E76+'14'!E76+'15'!E76+'16'!E76+'17'!E76+'18'!E76+'19'!E76+'20'!E76+'21'!E76+'22'!E76+'23'!E76+'24'!E76+'25'!E76+'26'!E76+'27'!E76+'28'!E76+'29'!E76+'30'!E76+'31.'!E76 -> 0 | E76: =+C76+D76 -> 0 | F76: =+'1'!G76+'2'!G76+'3'!G76+'4'!G76+'5'!G76+'6'!G76+'7'!G76+'8'!G76+'9'!G76+'10'!G76+'11'!G76+'12'!G76+'13'!G76+'14'!G76+'15'!G76+'16'!G76+'17'!G76+'18'!G76+'19'!G76+'20'!G76+'21'!G76+'22'!G76+'23'!G76+'24'!G76+'25'!G76+'26'!G76+'27'!G76+'28'!G76+'29'!G76+'30'!G76+'31.'!G76 -> 0 | G76: =+'1'!H76+'2'!H76+'3'!H76+'4'!H76+'5'!H76+'6'!H76+'7'!H76+'8'!H76+'9'!H76+'10'!H76+'11'!H76+'12'!H76+'13'!H76+'14'!H76+'15'!H76+'16'!H76+'17'!H76+'18'!H76+'19'!H76+'20'!H76+'21'!H76+'22'!H76+'23'!H76+'24'!H76+'25'!H76+'26'!H76+'27'!H76+'28'!H76+'29'!H76+'30'!H76+'31.'!H76 -> 0 | H76: =+C76+D76-F76-G76-I76 -> 0 | I76: =+'1'!J76+'2'!J76+'3'!J76+'4'!J76+'5'!J76+'6'!J76+'7'!J76+'8'!J76+'9'!J76+'10'!J76+'11'!J76+'12'!J76+'13'!J76+'14'!J76+'15'!J76+'16'!J76+'17'!J76+'18'!J76+'19'!J76+'20'!J76+'21'!J76+'22'!J76+'23'!J76+'24'!J76+'25'!J76+'26'!J76+'27'!J76+'28'!J76+'29'!J76+'30'!J76+'31.'!J76 -> 0 | J76: 150 | K76: =+'1'!L76+'2'!L76+'3'!L76+'4'!L76+'5'!L76+'6'!L76+'7'!L76+'8'!L76+'9'!L76+'10'!L76+'11'!L76+'12'!L76+'13'!L76+'14'!L76+'15'!L76+'16'!L76+'17'!L76+'18'!L76+'19'!L76+'20'!L76+'21'!L76+'22'!L76+'23'!L76+'24'!L76+'25'!L76+'26'!L76+'27'!L76+'28'!L76+'29'!L76+'30'!L76+'31.'!L76 -> 0 | M76: 68.37 | N76: =+I76*M76 -> 0
A77: 73 | B77: โบราณ 12 ชิ้น ผลไม้ | C77: =+ยกมา!D77 -> 0 | D77: =+'1'!E77+'2'!E77+'3'!E77+'4'!E77+'5'!E77+'6'!E77+'7'!E77+'8'!E77+'9'!E77+'10'!E77+'11'!E77+'12'!E77+'13'!E77+'14'!E77+'15'!E77+'16'!E77+'17'!E77+'18'!E77+'19'!E77+'20'!E77+'21'!E77+'22'!E77+'23'!E77+'24'!E77+'25'!E77+'26'!E77+'27'!E77+'28'!E77+'29'!E77+'30'!E77+'31.'!E77 -> 0 | E77: =+C77+D77 -> 0 | F77: =+'1'!G77+'2'!G77+'3'!G77+'4'!G77+'5'!G77+'6'!G77+'7'!G77+'8'!G77+'9'!G77+'10'!G77+'11'!G77+'12'!G77+'13'!G77+'14'!G77+'15'!G77+'16'!G77+'17'!G77+'18'!G77+'19'!G77+'20'!G77+'21'!G77+'22'!G77+'23'!G77+'24'!G77+'25'!G77+'26'!G77+'27'!G77+'28'!G77+'29'!G77+'30'!G77+'31.'!G77 -> 0 | G77: =+'1'!H77+'2'!H77+'3'!H77+'4'!H77+'5'!H77+'6'!H77+'7'!H77+'8'!H77+'9'!H77+'10'!H77+'11'!H77+'12'!H77+'13'!H77+'14'!H77+'15'!H77+'16'!H77+'17'!H77+'18'!H77+'19'!H77+'20'!H77+'21'!H77+'22'!H77+'23'!H77+'24'!H77+'25'!H77+'26'!H77+'27'!H77+'28'!H77+'29'!H77+'30'!H77+'31.'!H77 -> 0 | H77: =+C77+D77-F77-G77-I77 -> 0 | I77: =+'1'!J77+'2'!J77+'3'!J77+'4'!J77+'5'!J77+'6'!J77+'7'!J77+'8'!J77+'9'!J77+'10'!J77+'11'!J77+'12'!J77+'13'!J77+'14'!J77+'15'!J77+'16'!J77+'17'!J77+'18'!J77+'19'!J77+'20'!J77+'21'!J77+'22'!J77+'23'!J77+'24'!J77+'25'!J77+'26'!J77+'27'!J77+'28'!J77+'29'!J77+'30'!J77+'31.'!J77 -> 0 | J77: 150 | K77: =+'1'!L77+'2'!L77+'3'!L77+'4'!L77+'5'!L77+'6'!L77+'7'!L77+'8'!L77+'9'!L77+'10'!L77+'11'!L77+'12'!L77+'13'!L77+'14'!L77+'15'!L77+'16'!L77+'17'!L77+'18'!L77+'19'!L77+'20'!L77+'21'!L77+'22'!L77+'23'!L77+'24'!L77+'25'!L77+'26'!L77+'27'!L77+'28'!L77+'29'!L77+'30'!L77+'31.'!L77 -> 0 | M77: 67.17 | N77: =+I77*M77 -> 0
A78: 74 | B78: พายสับปะรด 1 กล่อง | C78: =+ยกมา!D78 -> 1 | D78: =+'1'!E78+'2'!E78+'3'!E78+'4'!E78+'5'!E78+'6'!E78+'7'!E78+'8'!E78+'9'!E78+'10'!E78+'11'!E78+'12'!E78+'13'!E78+'14'!E78+'15'!E78+'16'!E78+'17'!E78+'18'!E78+'19'!E78+'20'!E78+'21'!E78+'22'!E78+'23'!E78+'24'!E78+'25'!E78+'26'!E78+'27'!E78+'28'!E78+'29'!E78+'30'!E78+'31.'!E78 -> 15 | E78: =+C78+D78 -> 16 | F78: =+'1'!G78+'2'!G78+'3'!G78+'4'!G78+'5'!G78+'6'!G78+'7'!G78+'8'!G78+'9'!G78+'10'!G78+'11'!G78+'12'!G78+'13'!G78+'14'!G78+'15'!G78+'16'!G78+'17'!G78+'18'!G78+'19'!G78+'20'!G78+'21'!G78+'22'!G78+'23'!G78+'24'!G78+'25'!G78+'26'!G78+'27'!G78+'28'!G78+'29'!G78+'30'!G78+'31.'!G78 -> 0 | G78: =+'1'!H78+'2'!H78+'3'!H78+'4'!H78+'5'!H78+'6'!H78+'7'!H78+'8'!H78+'9'!H78+'10'!H78+'11'!H78+'12'!H78+'13'!H78+'14'!H78+'15'!H78+'16'!H78+'17'!H78+'18'!H78+'19'!H78+'20'!H78+'21'!H78+'22'!H78+'23'!H78+'24'!H78+'25'!H78+'26'!H78+'27'!H78+'28'!H78+'29'!H78+'30'!H78+'31.'!H78 -> 0 | H78: =+C78+D78-F78-G78-I78 -> 7 | I78: =+'1'!J78+'2'!J78+'3'!J78+'4'!J78+'5'!J78+'6'!J78+'7'!J78+'8'!J78+'9'!J78+'10'!J78+'11'!J78+'12'!J78+'13'!J78+'14'!J78+'15'!J78+'16'!J78+'17'!J78+'18'!J78+'19'!J78+'20'!J78+'21'!J78+'22'!J78+'23'!J78+'24'!J78+'25'!J78+'26'!J78+'27'!J78+'28'!J78+'29'!J78+'30'!J78+'31.'!J78 -> 9 | J78: 50 | K78: =+'1'!L78+'2'!L78+'3'!L78+'4'!L78+'5'!L78+'6'!L78+'7'!L78+'8'!L78+'9'!L78+'10'!L78+'11'!L78+'12'!L78+'13'!L78+'14'!L78+'15'!L78+'16'!L78+'17'!L78+'18'!L78+'19'!L78+'20'!L78+'21'!L78+'22'!L78+'23'!L78+'24'!L78+'25'!L78+'26'!L78+'27'!L78+'28'!L78+'29'!L78+'30'!L78+'31.'!L78 -> 450 | N78: =+I78*M78 -> 0
A79: 75 | B79: ลาวา (ล) (สีเหลืองล้วน) | C79: =+ยกมา!D79 -> 2 | D79: =+'1'!E79+'2'!E79+'3'!E79+'4'!E79+'5'!E79+'6'!E79+'7'!E79+'8'!E79+'9'!E79+'10'!E79+'11'!E79+'12'!E79+'13'!E79+'14'!E79+'15'!E79+'16'!E79+'17'!E79+'18'!E79+'19'!E79+'20'!E79+'21'!E79+'22'!E79+'23'!E79+'24'!E79+'25'!E79+'26'!E79+'27'!E79+'28'!E79+'29'!E79+'30'!E79+'31.'!E79 -> 10 | E79: =+C79+D79 -> 12 | F79: =+'1'!G79+'2'!G79+'3'!G79+'4'!G79+'5'!G79+'6'!G79+'7'!G79+'8'!G79+'9'!G79+'10'!G79+'11'!G79+'12'!G79+'13'!G79+'14'!G79+'15'!G79+'16'!G79+'17'!G79+'18'!G79+'19'!G79+'20'!G79+'21'!G79+'22'!G79+'23'!G79+'24'!G79+'25'!G79+'26'!G79+'27'!G79+'28'!G79+'29'!G79+'30'!G79+'31.'!G79 -> 0 | G79: =+'1'!H79+'2'!H79+'3'!H79+'4'!H79+'5'!H79+'6'!H79+'7'!H79+'8'!H79+'9'!H79+'10'!H79+'11'!H79+'12'!H79+'13'!H79+'14'!H79+'15'!H79+'16'!H79+'17'!H79+'18'!H79+'19'!H79+'20'!H79+'21'!H79+'22'!H79+'23'!H79+'24'!H79+'25'!H79+'26'!H79+'27'!H79+'28'!H79+'29'!H79+'30'!H79+'31.'!H79 -> 0 | H79: =+C79+D79-F79-G79-I79 -> 3 | I79: =+'1'!J79+'2'!J79+'3'!J79+'4'!J79+'5'!J79+'6'!J79+'7'!J79+'8'!J79+'9'!J79+'10'!J79+'11'!J79+'12'!J79+'13'!J79+'14'!J79+'15'!J79+'16'!J79+'17'!J79+'18'!J79+'19'!J79+'20'!J79+'21'!J79+'22'!J79+'23'!J79+'24'!J79+'25'!J79+'26'!J79+'27'!J79+'28'!J79+'29'!J79+'30'!J79+'31.'!J79 -> 9 | J79: 50 | K79: =+'1'!L79+'2'!L79+'3'!L79+'4'!L79+'5'!L79+'6'!L79+'7'!L79+'8'!L79+'9'!L79+'10'!L79+'11'!L79+'12'!L79+'13'!L79+'14'!L79+'15'!L79+'16'!L79+'17'!L79+'18'!L79+'19'!L79+'20'!L79+'21'!L79+'22'!L79+'23'!L79+'24'!L79+'25'!L79+'26'!L79+'27'!L79+'28'!L79+'29'!L79+'30'!L79+'31.'!L79 -> 450 | N79: =+I79*M79 -> 0
A80: 76 | B80: ลาวา (ญ) (สีเหลืองล้วน) | C80: =+ยกมา!D80 -> 0 | D80: =+'1'!E80+'2'!E80+'3'!E80+'4'!E80+'5'!E80+'6'!E80+'7'!E80+'8'!E80+'9'!E80+'10'!E80+'11'!E80+'12'!E80+'13'!E80+'14'!E80+'15'!E80+'16'!E80+'17'!E80+'18'!E80+'19'!E80+'20'!E80+'21'!E80+'22'!E80+'23'!E80+'24'!E80+'25'!E80+'26'!E80+'27'!E80+'28'!E80+'29'!E80+'30'!E80+'31.'!E80 -> 0 | E80: =+C80+D80 -> 0 | F80: =+'1'!G80+'2'!G80+'3'!G80+'4'!G80+'5'!G80+'6'!G80+'7'!G80+'8'!G80+'9'!G80+'10'!G80+'11'!G80+'12'!G80+'13'!G80+'14'!G80+'15'!G80+'16'!G80+'17'!G80+'18'!G80+'19'!G80+'20'!G80+'21'!G80+'22'!G80+'23'!G80+'24'!G80+'25'!G80+'26'!G80+'27'!G80+'28'!G80+'29'!G80+'30'!G80+'31.'!G80 -> 0 | G80: =+'1'!H80+'2'!H80+'3'!H80+'4'!H80+'5'!H80+'6'!H80+'7'!H80+'8'!H80+'9'!H80+'10'!H80+'11'!H80+'12'!H80+'13'!H80+'14'!H80+'15'!H80+'16'!H80+'17'!H80+'18'!H80+'19'!H80+'20'!H80+'21'!H80+'22'!H80+'23'!H80+'24'!H80+'25'!H80+'26'!H80+'27'!H80+'28'!H80+'29'!H80+'30'!H80+'31.'!H80 -> 0 | H80: =+C80+D80-F80-G80-I80 -> 0 | I80: =+'1'!J80+'2'!J80+'3'!J80+'4'!J80+'5'!J80+'6'!J80+'7'!J80+'8'!J80+'9'!J80+'10'!J80+'11'!J80+'12'!J80+'13'!J80+'14'!J80+'15'!J80+'16'!J80+'17'!J80+'18'!J80+'19'!J80+'20'!J80+'21'!J80+'22'!J80+'23'!J80+'24'!J80+'25'!J80+'26'!J80+'27'!J80+'28'!J80+'29'!J80+'30'!J80+'31.'!J80 -> 0 | J80: 120 | K80: =+'1'!L80+'2'!L80+'3'!L80+'4'!L80+'5'!L80+'6'!L80+'7'!L80+'8'!L80+'9'!L80+'10'!L80+'11'!L80+'12'!L80+'13'!L80+'14'!L80+'15'!L80+'16'!L80+'17'!L80+'18'!L80+'19'!L80+'20'!L80+'21'!L80+'22'!L80+'23'!L80+'24'!L80+'25'!L80+'26'!L80+'27'!L80+'28'!L80+'29'!L80+'30'!L80+'31.'!L80 -> 0 | N80: =+I80*M80 -> 0
A81: 77 | B81: ลาวา ทูโทน (ล) (สีเขียว + สีเหลือง) | C81: =+ยกมา!D81 -> 2 | D81: =+'1'!E81+'2'!E81+'3'!E81+'4'!E81+'5'!E81+'6'!E81+'7'!E81+'8'!E81+'9'!E81+'10'!E81+'11'!E81+'12'!E81+'13'!E81+'14'!E81+'15'!E81+'16'!E81+'17'!E81+'18'!E81+'19'!E81+'20'!E81+'21'!E81+'22'!E81+'23'!E81+'24'!E81+'25'!E81+'26'!E81+'27'!E81+'28'!E81+'29'!E81+'30'!E81+'31.'!E81 -> 10 | E81: =+C81+D81 -> 12 | F81: =+'1'!G81+'2'!G81+'3'!G81+'4'!G81+'5'!G81+'6'!G81+'7'!G81+'8'!G81+'9'!G81+'10'!G81+'11'!G81+'12'!G81+'13'!G81+'14'!G81+'15'!G81+'16'!G81+'17'!G81+'18'!G81+'19'!G81+'20'!G81+'21'!G81+'22'!G81+'23'!G81+'24'!G81+'25'!G81+'26'!G81+'27'!G81+'28'!G81+'29'!G81+'30'!G81+'31.'!G81 -> 0 | G81: =+'1'!H81+'2'!H81+'3'!H81+'4'!H81+'5'!H81+'6'!H81+'7'!H81+'8'!H81+'9'!H81+'10'!H81+'11'!H81+'12'!H81+'13'!H81+'14'!H81+'15'!H81+'16'!H81+'17'!H81+'18'!H81+'19'!H81+'20'!H81+'21'!H81+'22'!H81+'23'!H81+'24'!H81+'25'!H81+'26'!H81+'27'!H81+'28'!H81+'29'!H81+'30'!H81+'31.'!H81 -> 0 | H81: =+C81+D81-F81-G81-I81 -> 3 | I81: =+'1'!J81+'2'!J81+'3'!J81+'4'!J81+'5'!J81+'6'!J81+'7'!J81+'8'!J81+'9'!J81+'10'!J81+'11'!J81+'12'!J81+'13'!J81+'14'!J81+'15'!J81+'16'!J81+'17'!J81+'18'!J81+'19'!J81+'20'!J81+'21'!J81+'22'!J81+'23'!J81+'24'!J81+'25'!J81+'26'!J81+'27'!J81+'28'!J81+'29'!J81+'30'!J81+'31.'!J81 -> 9 | J81: 50 | K81: =+'1'!L81+'2'!L81+'3'!L81+'4'!L81+'5'!L81+'6'!L81+'7'!L81+'8'!L81+'9'!L81+'10'!L81+'11'!L81+'12'!L81+'13'!L81+'14'!L81+'15'!L81+'16'!L81+'17'!L81+'18'!L81+'19'!L81+'20'!L81+'21'!L81+'22'!L81+'23'!L81+'24'!L81+'25'!L81+'26'!L81+'27'!L81+'28'!L81+'29'!L81+'30'!L81+'31.'!L81 -> 450 | M81: 17.09 | N81: =+I81*M81 -> 153.81
A82: 78 | B82: ลาวา ทูโทน (ญ) (สีเขียว + สีเหลือง) | C82: =+ยกมา!D82 -> 0 | D82: =+'1'!E82+'2'!E82+'3'!E82+'4'!E82+'5'!E82+'6'!E82+'7'!E82+'8'!E82+'9'!E82+'10'!E82+'11'!E82+'12'!E82+'13'!E82+'14'!E82+'15'!E82+'16'!E82+'17'!E82+'18'!E82+'19'!E82+'20'!E82+'21'!E82+'22'!E82+'23'!E82+'24'!E82+'25'!E82+'26'!E82+'27'!E82+'28'!E82+'29'!E82+'30'!E82+'31.'!E82 -> 0 | E82: =+C82+D82 -> 0 | F82: =+'1'!G82+'2'!G82+'3'!G82+'4'!G82+'5'!G82+'6'!G82+'7'!G82+'8'!G82+'9'!G82+'10'!G82+'11'!G82+'12'!G82+'13'!G82+'14'!G82+'15'!G82+'16'!G82+'17'!G82+'18'!G82+'19'!G82+'20'!G82+'21'!G82+'22'!G82+'23'!G82+'24'!G82+'25'!G82+'26'!G82+'27'!G82+'28'!G82+'29'!G82+'30'!G82+'31.'!G82 -> 0 | G82: =+'1'!H82+'2'!H82+'3'!H82+'4'!H82+'5'!H82+'6'!H82+'7'!H82+'8'!H82+'9'!H82+'10'!H82+'11'!H82+'12'!H82+'13'!H82+'14'!H82+'15'!H82+'16'!H82+'17'!H82+'18'!H82+'19'!H82+'20'!H82+'21'!H82+'22'!H82+'23'!H82+'24'!H82+'25'!H82+'26'!H82+'27'!H82+'28'!H82+'29'!H82+'30'!H82+'31.'!H82 -> 0 | H82: =+C82+D82-F82-G82-I82 -> 0 | I82: =+'1'!J82+'2'!J82+'3'!J82+'4'!J82+'5'!J82+'6'!J82+'7'!J82+'8'!J82+'9'!J82+'10'!J82+'11'!J82+'12'!J82+'13'!J82+'14'!J82+'15'!J82+'16'!J82+'17'!J82+'18'!J82+'19'!J82+'20'!J82+'21'!J82+'22'!J82+'23'!J82+'24'!J82+'25'!J82+'26'!J82+'27'!J82+'28'!J82+'29'!J82+'30'!J82+'31.'!J82 -> 0 | J82: 120 | K82: =+'1'!L82+'2'!L82+'3'!L82+'4'!L82+'5'!L82+'6'!L82+'7'!L82+'8'!L82+'9'!L82+'10'!L82+'11'!L82+'12'!L82+'13'!L82+'14'!L82+'15'!L82+'16'!L82+'17'!L82+'18'!L82+'19'!L82+'20'!L82+'21'!L82+'22'!L82+'23'!L82+'24'!L82+'25'!L82+'26'!L82+'27'!L82+'28'!L82+'29'!L82+'30'!L82+'31.'!L82 -> 0 | N82: =+I82*M82 -> 0
A83: 79 | B83: เอแคลร์นมสด 8 ชิ้น | C83: =+ยกมา!D83 -> 3 | D83: =+'1'!E83+'2'!E83+'3'!E83+'4'!E83+'5'!E83+'6'!E83+'7'!E83+'8'!E83+'9'!E83+'10'!E83+'11'!E83+'12'!E83+'13'!E83+'14'!E83+'15'!E83+'16'!E83+'17'!E83+'18'!E83+'19'!E83+'20'!E83+'21'!E83+'22'!E83+'23'!E83+'24'!E83+'25'!E83+'26'!E83+'27'!E83+'28'!E83+'29'!E83+'30'!E83+'31.'!E83 -> 45 | E83: =+C83+D83 -> 48 | F83: =+'1'!G83+'2'!G83+'3'!G83+'4'!G83+'5'!G83+'6'!G83+'7'!G83+'8'!G83+'9'!G83+'10'!G83+'11'!G83+'12'!G83+'13'!G83+'14'!G83+'15'!G83+'16'!G83+'17'!G83+'18'!G83+'19'!G83+'20'!G83+'21'!G83+'22'!G83+'23'!G83+'24'!G83+'25'!G83+'26'!G83+'27'!G83+'28'!G83+'29'!G83+'30'!G83+'31.'!G83 -> 8 | G83: =+'1'!H83+'2'!H83+'3'!H83+'4'!H83+'5'!H83+'6'!H83+'7'!H83+'8'!H83+'9'!H83+'10'!H83+'11'!H83+'12'!H83+'13'!H83+'14'!H83+'15'!H83+'16'!H83+'17'!H83+'18'!H83+'19'!H83+'20'!H83+'21'!H83+'22'!H83+'23'!H83+'24'!H83+'25'!H83+'26'!H83+'27'!H83+'28'!H83+'29'!H83+'30'!H83+'31.'!H83 -> 0 | H83: =+C83+D83-F83-G83-I83 -> 4 | I83: =+'1'!J83+'2'!J83+'3'!J83+'4'!J83+'5'!J83+'6'!J83+'7'!J83+'8'!J83+'9'!J83+'10'!J83+'11'!J83+'12'!J83+'13'!J83+'14'!J83+'15'!J83+'16'!J83+'17'!J83+'18'!J83+'19'!J83+'20'!J83+'21'!J83+'22'!J83+'23'!J83+'24'!J83+'25'!J83+'26'!J83+'27'!J83+'28'!J83+'29'!J83+'30'!J83+'31.'!J83 -> 36 | J83: 50 | K83: =+'1'!L83+'2'!L83+'3'!L83+'4'!L83+'5'!L83+'6'!L83+'7'!L83+'8'!L83+'9'!L83+'10'!L83+'11'!L83+'12'!L83+'13'!L83+'14'!L83+'15'!L83+'16'!L83+'17'!L83+'18'!L83+'19'!L83+'20'!L83+'21'!L83+'22'!L83+'23'!L83+'24'!L83+'25'!L83+'26'!L83+'27'!L83+'28'!L83+'29'!L83+'30'!L83+'31.'!L83 -> 1800 | M83: 25.15 | N83: =+I83*M83 -> 905.4
A84: 80 | B84: เอแคร์คิทแคท | C84: =+ยกมา!D84 -> 0 | D84: =+'1'!E84+'2'!E84+'3'!E84+'4'!E84+'5'!E84+'6'!E84+'7'!E84+'8'!E84+'9'!E84+'10'!E84+'11'!E84+'12'!E84+'13'!E84+'14'!E84+'15'!E84+'16'!E84+'17'!E84+'18'!E84+'19'!E84+'20'!E84+'21'!E84+'22'!E84+'23'!E84+'24'!E84+'25'!E84+'26'!E84+'27'!E84+'28'!E84+'29'!E84+'30'!E84+'31.'!E84 -> 0 | E84: =+C84+D84 -> 0 | F84: =+'1'!G84+'2'!G84+'3'!G84+'4'!G84+'5'!G84+'6'!G84+'7'!G84+'8'!G84+'9'!G84+'10'!G84+'11'!G84+'12'!G84+'13'!G84+'14'!G84+'15'!G84+'16'!G84+'17'!G84+'18'!G84+'19'!G84+'20'!G84+'21'!G84+'22'!G84+'23'!G84+'24'!G84+'25'!G84+'26'!G84+'27'!G84+'28'!G84+'29'!G84+'30'!G84+'31.'!G84 -> 0 | G84: =+'1'!H84+'2'!H84+'3'!H84+'4'!H84+'5'!H84+'6'!H84+'7'!H84+'8'!H84+'9'!H84+'10'!H84+'11'!H84+'12'!H84+'13'!H84+'14'!H84+'15'!H84+'16'!H84+'17'!H84+'18'!H84+'19'!H84+'20'!H84+'21'!H84+'22'!H84+'23'!H84+'24'!H84+'25'!H84+'26'!H84+'27'!H84+'28'!H84+'29'!H84+'30'!H84+'31.'!H84 -> 0 | H84: =+C84+D84-F84-G84-I84 -> 0 | I84: =+'1'!J84+'2'!J84+'3'!J84+'4'!J84+'5'!J84+'6'!J84+'7'!J84+'8'!J84+'9'!J84+'10'!J84+'11'!J84+'12'!J84+'13'!J84+'14'!J84+'15'!J84+'16'!J84+'17'!J84+'18'!J84+'19'!J84+'20'!J84+'21'!J84+'22'!J84+'23'!J84+'24'!J84+'25'!J84+'26'!J84+'27'!J84+'28'!J84+'29'!J84+'30'!J84+'31.'!J84 -> 0 | J84: 45 | K84: =+'1'!L84+'2'!L84+'3'!L84+'4'!L84+'5'!L84+'6'!L84+'7'!L84+'8'!L84+'9'!L84+'10'!L84+'11'!L84+'12'!L84+'13'!L84+'14'!L84+'15'!L84+'16'!L84+'17'!L84+'18'!L84+'19'!L84+'20'!L84+'21'!L84+'22'!L84+'23'!L84+'24'!L84+'25'!L84+'26'!L84+'27'!L84+'28'!L84+'29'!L84+'30'!L84+'31.'!L84 -> 0 | N84: =+I84*M84 -> 0
A85: 81 | B85: เอแคลร์ไข่เค็ม 6 ชิ้น | C85: =+ยกมา!D85 -> 0 | D85: =+'1'!E85+'2'!E85+'3'!E85+'4'!E85+'5'!E85+'6'!E85+'7'!E85+'8'!E85+'9'!E85+'10'!E85+'11'!E85+'12'!E85+'13'!E85+'14'!E85+'15'!E85+'16'!E85+'17'!E85+'18'!E85+'19'!E85+'20'!E85+'21'!E85+'22'!E85+'23'!E85+'24'!E85+'25'!E85+'26'!E85+'27'!E85+'28'!E85+'29'!E85+'30'!E85+'31.'!E85 -> 0 | E85: =+C85+D85 -> 0 | F85: =+'1'!G85+'2'!G85+'3'!G85+'4'!G85+'5'!G85+'6'!G85+'7'!G85+'8'!G85+'9'!G85+'10'!G85+'11'!G85+'12'!G85+'13'!G85+'14'!G85+'15'!G85+'16'!G85+'17'!G85+'18'!G85+'19'!G85+'20'!G85+'21'!G85+'22'!G85+'23'!G85+'24'!G85+'25'!G85+'26'!G85+'27'!G85+'28'!G85+'29'!G85+'30'!G85+'31.'!G85 -> 0 | G85: =+'1'!H85+'2'!H85+'3'!H85+'4'!H85+'5'!H85+'6'!H85+'7'!H85+'8'!H85+'9'!H85+'10'!H85+'11'!H85+'12'!H85+'13'!H85+'14'!H85+'15'!H85+'16'!H85+'17'!H85+'18'!H85+'19'!H85+'20'!H85+'21'!H85+'22'!H85+'23'!H85+'24'!H85+'25'!H85+'26'!H85+'27'!H85+'28'!H85+'29'!H85+'30'!H85+'31.'!H85 -> 0 | H85: =+C85+D85-F85-G85-I85 -> 0 | I85: =+'1'!J85+'2'!J85+'3'!J85+'4'!J85+'5'!J85+'6'!J85+'7'!J85+'8'!J85+'9'!J85+'10'!J85+'11'!J85+'12'!J85+'13'!J85+'14'!J85+'15'!J85+'16'!J85+'17'!J85+'18'!J85+'19'!J85+'20'!J85+'21'!J85+'22'!J85+'23'!J85+'24'!J85+'25'!J85+'26'!J85+'27'!J85+'28'!J85+'29'!J85+'30'!J85+'31.'!J85 -> 0 | J85: 50 | K85: =+'1'!L85+'2'!L85+'3'!L85+'4'!L85+'5'!L85+'6'!L85+'7'!L85+'8'!L85+'9'!L85+'10'!L85+'11'!L85+'12'!L85+'13'!L85+'14'!L85+'15'!L85+'16'!L85+'17'!L85+'18'!L85+'19'!L85+'20'!L85+'21'!L85+'22'!L85+'23'!L85+'24'!L85+'25'!L85+'26'!L85+'27'!L85+'28'!L85+'29'!L85+'30'!L85+'31.'!L85 -> 0 | M85: 27.23 | N85: =+I85*M85 -> 0
A86: 82 | B86: เค้กช็อคโกแลตหน้านิ่ม | C86: =+ยกมา!D86 -> 0 | D86: =+'1'!E86+'2'!E86+'3'!E86+'4'!E86+'5'!E86+'6'!E86+'7'!E86+'8'!E86+'9'!E86+'10'!E86+'11'!E86+'12'!E86+'13'!E86+'14'!E86+'15'!E86+'16'!E86+'17'!E86+'18'!E86+'19'!E86+'20'!E86+'21'!E86+'22'!E86+'23'!E86+'24'!E86+'25'!E86+'26'!E86+'27'!E86+'28'!E86+'29'!E86+'30'!E86+'31.'!E86 -> 0 | E86: =+C86+D86 -> 0 | F86: =+'1'!G86+'2'!G86+'3'!G86+'4'!G86+'5'!G86+'6'!G86+'7'!G86+'8'!G86+'9'!G86+'10'!G86+'11'!G86+'12'!G86+'13'!G86+'14'!G86+'15'!G86+'16'!G86+'17'!G86+'18'!G86+'19'!G86+'20'!G86+'21'!G86+'22'!G86+'23'!G86+'24'!G86+'25'!G86+'26'!G86+'27'!G86+'28'!G86+'29'!G86+'30'!G86+'31.'!G86 -> 0 | G86: =+'1'!H86+'2'!H86+'3'!H86+'4'!H86+'5'!H86+'6'!H86+'7'!H86+'8'!H86+'9'!H86+'10'!H86+'11'!H86+'12'!H86+'13'!H86+'14'!H86+'15'!H86+'16'!H86+'17'!H86+'18'!H86+'19'!H86+'20'!H86+'21'!H86+'22'!H86+'23'!H86+'24'!H86+'25'!H86+'26'!H86+'27'!H86+'28'!H86+'29'!H86+'30'!H86+'31.'!H86 -> 0 | H86: =+C86+D86-F86-G86-I86 -> 0 | I86: =+'1'!J86+'2'!J86+'3'!J86+'4'!J86+'5'!J86+'6'!J86+'7'!J86+'8'!J86+'9'!J86+'10'!J86+'11'!J86+'12'!J86+'13'!J86+'14'!J86+'15'!J86+'16'!J86+'17'!J86+'18'!J86+'19'!J86+'20'!J86+'21'!J86+'22'!J86+'23'!J86+'24'!J86+'25'!J86+'26'!J86+'27'!J86+'28'!J86+'29'!J86+'30'!J86+'31.'!J86 -> 0 | J86: 55 | K86: =+'1'!L86+'2'!L86+'3'!L86+'4'!L86+'5'!L86+'6'!L86+'7'!L86+'8'!L86+'9'!L86+'10'!L86+'11'!L86+'12'!L86+'13'!L86+'14'!L86+'15'!L86+'16'!L86+'17'!L86+'18'!L86+'19'!L86+'20'!L86+'21'!L86+'22'!L86+'23'!L86+'24'!L86+'25'!L86+'26'!L86+'27'!L86+'28'!L86+'29'!L86+'30'!L86+'31.'!L86 -> 0 | M86: 14.35 | N86: =+I86*M86 -> 0
A87: 83 | B87: เค้กมะพร้าวหน้านิ่ม | C87: =+ยกมา!D87 -> 0 | D87: =+'1'!E87+'2'!E87+'3'!E87+'4'!E87+'5'!E87+'6'!E87+'7'!E87+'8'!E87+'9'!E87+'10'!E87+'11'!E87+'12'!E87+'13'!E87+'14'!E87+'15'!E87+'16'!E87+'17'!E87+'18'!E87+'19'!E87+'20'!E87+'21'!E87+'22'!E87+'23'!E87+'24'!E87+'25'!E87+'26'!E87+'27'!E87+'28'!E87+'29'!E87+'30'!E87+'31.'!E87 -> 0 | E87: =+C87+D87 -> 0 | F87: =+'1'!G87+'2'!G87+'3'!G87+'4'!G87+'5'!G87+'6'!G87+'7'!G87+'8'!G87+'9'!G87+'10'!G87+'11'!G87+'12'!G87+'13'!G87+'14'!G87+'15'!G87+'16'!G87+'17'!G87+'18'!G87+'19'!G87+'20'!G87+'21'!G87+'22'!G87+'23'!G87+'24'!G87+'25'!G87+'26'!G87+'27'!G87+'28'!G87+'29'!G87+'30'!G87+'31.'!G87 -> 0 | G87: =+'1'!H87+'2'!H87+'3'!H87+'4'!H87+'5'!H87+'6'!H87+'7'!H87+'8'!H87+'9'!H87+'10'!H87+'11'!H87+'12'!H87+'13'!H87+'14'!H87+'15'!H87+'16'!H87+'17'!H87+'18'!H87+'19'!H87+'20'!H87+'21'!H87+'22'!H87+'23'!H87+'24'!H87+'25'!H87+'26'!H87+'27'!H87+'28'!H87+'29'!H87+'30'!H87+'31.'!H87 -> 0 | H87: =+C87+D87-F87-G87-I87 -> 0 | I87: =+'1'!J87+'2'!J87+'3'!J87+'4'!J87+'5'!J87+'6'!J87+'7'!J87+'8'!J87+'9'!J87+'10'!J87+'11'!J87+'12'!J87+'13'!J87+'14'!J87+'15'!J87+'16'!J87+'17'!J87+'18'!J87+'19'!J87+'20'!J87+'21'!J87+'22'!J87+'23'!J87+'24'!J87+'25'!J87+'26'!J87+'27'!J87+'28'!J87+'29'!J87+'30'!J87+'31.'!J87 -> 0 | J87: 55 | K87: =+'1'!L87+'2'!L87+'3'!L87+'4'!L87+'5'!L87+'6'!L87+'7'!L87+'8'!L87+'9'!L87+'10'!L87+'11'!L87+'12'!L87+'13'!L87+'14'!L87+'15'!L87+'16'!L87+'17'!L87+'18'!L87+'19'!L87+'20'!L87+'21'!L87+'22'!L87+'23'!L87+'24'!L87+'25'!L87+'26'!L87+'27'!L87+'28'!L87+'29'!L87+'30'!L87+'31.'!L87 -> 0 | M87: 11.58 | N87: =+I87*M87 -> 0
A88: 84 | B88: เค้กเนยสดหน้านิ่ม | C88: =+ยกมา!D88 -> 0 | D88: =+'1'!E88+'2'!E88+'3'!E88+'4'!E88+'5'!E88+'6'!E88+'7'!E88+'8'!E88+'9'!E88+'10'!E88+'11'!E88+'12'!E88+'13'!E88+'14'!E88+'15'!E88+'16'!E88+'17'!E88+'18'!E88+'19'!E88+'20'!E88+'21'!E88+'22'!E88+'23'!E88+'24'!E88+'25'!E88+'26'!E88+'27'!E88+'28'!E88+'29'!E88+'30'!E88+'31.'!E88 -> 0 | E88: =+C88+D88 -> 0 | F88: =+'1'!G88+'2'!G88+'3'!G88+'4'!G88+'5'!G88+'6'!G88+'7'!G88+'8'!G88+'9'!G88+'10'!G88+'11'!G88+'12'!G88+'13'!G88+'14'!G88+'15'!G88+'16'!G88+'17'!G88+'18'!G88+'19'!G88+'20'!G88+'21'!G88+'22'!G88+'23'!G88+'24'!G88+'25'!G88+'26'!G88+'27'!G88+'28'!G88+'29'!G88+'30'!G88+'31.'!G88 -> 0 | G88: =+'1'!H88+'2'!H88+'3'!H88+'4'!H88+'5'!H88+'6'!H88+'7'!H88+'8'!H88+'9'!H88+'10'!H88+'11'!H88+'12'!H88+'13'!H88+'14'!H88+'15'!H88+'16'!H88+'17'!H88+'18'!H88+'19'!H88+'20'!H88+'21'!H88+'22'!H88+'23'!H88+'24'!H88+'25'!H88+'26'!H88+'27'!H88+'28'!H88+'29'!H88+'30'!H88+'31.'!H88 -> 0 | H88: =+C88+D88-F88-G88-I88 -> 0 | I88: =+'1'!J88+'2'!J88+'3'!J88+'4'!J88+'5'!J88+'6'!J88+'7'!J88+'8'!J88+'9'!J88+'10'!J88+'11'!J88+'12'!J88+'13'!J88+'14'!J88+'15'!J88+'16'!J88+'17'!J88+'18'!J88+'19'!J88+'20'!J88+'21'!J88+'22'!J88+'23'!J88+'24'!J88+'25'!J88+'26'!J88+'27'!J88+'28'!J88+'29'!J88+'30'!J88+'31.'!J88 -> 0 | J88: 55 | K88: =+'1'!L88+'2'!L88+'3'!L88+'4'!L88+'5'!L88+'6'!L88+'7'!L88+'8'!L88+'9'!L88+'10'!L88+'11'!L88+'12'!L88+'13'!L88+'14'!L88+'15'!L88+'16'!L88+'17'!L88+'18'!L88+'19'!L88+'20'!L88+'21'!L88+'22'!L88+'23'!L88+'24'!L88+'25'!L88+'26'!L88+'27'!L88+'28'!L88+'29'!L88+'30'!L88+'31.'!L88 -> 0 | M88: 16.12 | N88: =+I88*M88 -> 0
A89: 85 | B89: ซอฟท์เค้กฝอยทอง | C89: =+ยกมา!D89 -> 0 | D89: =+'1'!E89+'2'!E89+'3'!E89+'4'!E89+'5'!E89+'6'!E89+'7'!E89+'8'!E89+'9'!E89+'10'!E89+'11'!E89+'12'!E89+'13'!E89+'14'!E89+'15'!E89+'16'!E89+'17'!E89+'18'!E89+'19'!E89+'20'!E89+'21'!E89+'22'!E89+'23'!E89+'24'!E89+'25'!E89+'26'!E89+'27'!E89+'28'!E89+'29'!E89+'30'!E89+'31.'!E89 -> 0 | E89: =+C89+D89 -> 0 | F89: =+'1'!G89+'2'!G89+'3'!G89+'4'!G89+'5'!G89+'6'!G89+'7'!G89+'8'!G89+'9'!G89+'10'!G89+'11'!G89+'12'!G89+'13'!G89+'14'!G89+'15'!G89+'16'!G89+'17'!G89+'18'!G89+'19'!G89+'20'!G89+'21'!G89+'22'!G89+'23'!G89+'24'!G89+'25'!G89+'26'!G89+'27'!G89+'28'!G89+'29'!G89+'30'!G89+'31.'!G89 -> 0 | G89: =+'1'!H89+'2'!H89+'3'!H89+'4'!H89+'5'!H89+'6'!H89+'7'!H89+'8'!H89+'9'!H89+'10'!H89+'11'!H89+'12'!H89+'13'!H89+'14'!H89+'15'!H89+'16'!H89+'17'!H89+'18'!H89+'19'!H89+'20'!H89+'21'!H89+'22'!H89+'23'!H89+'24'!H89+'25'!H89+'26'!H89+'27'!H89+'28'!H89+'29'!H89+'30'!H89+'31.'!H89 -> 0 | H89: =+C89+D89-F89-G89-I89 -> 0 | I89: =+'1'!J89+'2'!J89+'3'!J89+'4'!J89+'5'!J89+'6'!J89+'7'!J89+'8'!J89+'9'!J89+'10'!J89+'11'!J89+'12'!J89+'13'!J89+'14'!J89+'15'!J89+'16'!J89+'17'!J89+'18'!J89+'19'!J89+'20'!J89+'21'!J89+'22'!J89+'23'!J89+'24'!J89+'25'!J89+'26'!J89+'27'!J89+'28'!J89+'29'!J89+'30'!J89+'31.'!J89 -> 0 | J89: 30 | K89: =+'1'!L89+'2'!L89+'3'!L89+'4'!L89+'5'!L89+'6'!L89+'7'!L89+'8'!L89+'9'!L89+'10'!L89+'11'!L89+'12'!L89+'13'!L89+'14'!L89+'15'!L89+'16'!L89+'17'!L89+'18'!L89+'19'!L89+'20'!L89+'21'!L89+'22'!L89+'23'!L89+'24'!L89+'25'!L89+'26'!L89+'27'!L89+'28'!L89+'29'!L89+'30'!L89+'31.'!L89 -> 0 | M89: 18.95 | N89: =+I89*M89 -> 0
A90: 86 | B90: ซอฟท์เค้กครีมสด | C90: =+ยกมา!D90 -> 0 | D90: =+'1'!E90+'2'!E90+'3'!E90+'4'!E90+'5'!E90+'6'!E90+'7'!E90+'8'!E90+'9'!E90+'10'!E90+'11'!E90+'12'!E90+'13'!E90+'14'!E90+'15'!E90+'16'!E90+'17'!E90+'18'!E90+'19'!E90+'20'!E90+'21'!E90+'22'!E90+'23'!E90+'24'!E90+'25'!E90+'26'!E90+'27'!E90+'28'!E90+'29'!E90+'30'!E90+'31.'!E90 -> 0 | E90: =+C90+D90 -> 0 | F90: =+'1'!G90+'2'!G90+'3'!G90+'4'!G90+'5'!G90+'6'!G90+'7'!G90+'8'!G90+'9'!G90+'10'!G90+'11'!G90+'12'!G90+'13'!G90+'14'!G90+'15'!G90+'16'!G90+'17'!G90+'18'!G90+'19'!G90+'20'!G90+'21'!G90+'22'!G90+'23'!G90+'24'!G90+'25'!G90+'26'!G90+'27'!G90+'28'!G90+'29'!G90+'30'!G90+'31.'!G90 -> 0 | G90: =+'1'!H90+'2'!H90+'3'!H90+'4'!H90+'5'!H90+'6'!H90+'7'!H90+'8'!H90+'9'!H90+'10'!H90+'11'!H90+'12'!H90+'13'!H90+'14'!H90+'15'!H90+'16'!H90+'17'!H90+'18'!H90+'19'!H90+'20'!H90+'21'!H90+'22'!H90+'23'!H90+'24'!H90+'25'!H90+'26'!H90+'27'!H90+'28'!H90+'29'!H90+'30'!H90+'31.'!H90 -> 0 | H90: =+C90+D90-F90-G90-I90 -> 0 | I90: =+'1'!J90+'2'!J90+'3'!J90+'4'!J90+'5'!J90+'6'!J90+'7'!J90+'8'!J90+'9'!J90+'10'!J90+'11'!J90+'12'!J90+'13'!J90+'14'!J90+'15'!J90+'16'!J90+'17'!J90+'18'!J90+'19'!J90+'20'!J90+'21'!J90+'22'!J90+'23'!J90+'24'!J90+'25'!J90+'26'!J90+'27'!J90+'28'!J90+'29'!J90+'30'!J90+'31.'!J90 -> 0 | J90: 30 | K90: =+'1'!L90+'2'!L90+'3'!L90+'4'!L90+'5'!L90+'6'!L90+'7'!L90+'8'!L90+'9'!L90+'10'!L90+'11'!L90+'12'!L90+'13'!L90+'14'!L90+'15'!L90+'16'!L90+'17'!L90+'18'!L90+'19'!L90+'20'!L90+'21'!L90+'22'!L90+'23'!L90+'24'!L90+'25'!L90+'26'!L90+'27'!L90+'28'!L90+'29'!L90+'30'!L90+'31.'!L90 -> 0 | N90: =+I90*M90 -> 0
A91: 87 | B91: เค้กโอรีโอ้ | C91: =+ยกมา!D91 -> 0 | D91: =+'1'!E91+'2'!E91+'3'!E91+'4'!E91+'5'!E91+'6'!E91+'7'!E91+'8'!E91+'9'!E91+'10'!E91+'11'!E91+'12'!E91+'13'!E91+'14'!E91+'15'!E91+'16'!E91+'17'!E91+'18'!E91+'19'!E91+'20'!E91+'21'!E91+'22'!E91+'23'!E91+'24'!E91+'25'!E91+'26'!E91+'27'!E91+'28'!E91+'29'!E91+'30'!E91+'31.'!E91 -> 0 | E91: =+C91+D91 -> 0 | F91: =+'1'!G91+'2'!G91+'3'!G91+'4'!G91+'5'!G91+'6'!G91+'7'!G91+'8'!G91+'9'!G91+'10'!G91+'11'!G91+'12'!G91+'13'!G91+'14'!G91+'15'!G91+'16'!G91+'17'!G91+'18'!G91+'19'!G91+'20'!G91+'21'!G91+'22'!G91+'23'!G91+'24'!G91+'25'!G91+'26'!G91+'27'!G91+'28'!G91+'29'!G91+'30'!G91+'31.'!G91 -> 0 | G91: =+'1'!H91+'2'!H91+'3'!H91+'4'!H91+'5'!H91+'6'!H91+'7'!H91+'8'!H91+'9'!H91+'10'!H91+'11'!H91+'12'!H91+'13'!H91+'14'!H91+'15'!H91+'16'!H91+'17'!H91+'18'!H91+'19'!H91+'20'!H91+'21'!H91+'22'!H91+'23'!H91+'24'!H91+'25'!H91+'26'!H91+'27'!H91+'28'!H91+'29'!H91+'30'!H91+'31.'!H91 -> 0 | H91: =+C91+D91-F91-G91-I91 -> 0 | I91: =+'1'!J91+'2'!J91+'3'!J91+'4'!J91+'5'!J91+'6'!J91+'7'!J91+'8'!J91+'9'!J91+'10'!J91+'11'!J91+'12'!J91+'13'!J91+'14'!J91+'15'!J91+'16'!J91+'17'!J91+'18'!J91+'19'!J91+'20'!J91+'21'!J91+'22'!J91+'23'!J91+'24'!J91+'25'!J91+'26'!J91+'27'!J91+'28'!J91+'29'!J91+'30'!J91+'31.'!J91 -> 0 | K91: =+'1'!L91+'2'!L91+'3'!L91+'4'!L91+'5'!L91+'6'!L91+'7'!L91+'8'!L91+'9'!L91+'10'!L91+'11'!L91+'12'!L91+'13'!L91+'14'!L91+'15'!L91+'16'!L91+'17'!L91+'18'!L91+'19'!L91+'20'!L91+'21'!L91+'22'!L91+'23'!L91+'24'!L91+'25'!L91+'26'!L91+'27'!L91+'28'!L91+'29'!L91+'30'!L91+'31.'!L91 -> 0 | N91: =+I91*M91 -> 0
A92: 88 | B92: เค้กมะพร้าวอ่อน | C92: =+ยกมา!D92 -> 0 | D92: =+'1'!E92+'2'!E92+'3'!E92+'4'!E92+'5'!E92+'6'!E92+'7'!E92+'8'!E92+'9'!E92+'10'!E92+'11'!E92+'12'!E92+'13'!E92+'14'!E92+'15'!E92+'16'!E92+'17'!E92+'18'!E92+'19'!E92+'20'!E92+'21'!E92+'22'!E92+'23'!E92+'24'!E92+'25'!E92+'26'!E92+'27'!E92+'28'!E92+'29'!E92+'30'!E92+'31.'!E92 -> 0 | E92: =+C92+D92 -> 0 | F92: =+'1'!G92+'2'!G92+'3'!G92+'4'!G92+'5'!G92+'6'!G92+'7'!G92+'8'!G92+'9'!G92+'10'!G92+'11'!G92+'12'!G92+'13'!G92+'14'!G92+'15'!G92+'16'!G92+'17'!G92+'18'!G92+'19'!G92+'20'!G92+'21'!G92+'22'!G92+'23'!G92+'24'!G92+'25'!G92+'26'!G92+'27'!G92+'28'!G92+'29'!G92+'30'!G92+'31.'!G92 -> 0 | G92: =+'1'!H92+'2'!H92+'3'!H92+'4'!H92+'5'!H92+'6'!H92+'7'!H92+'8'!H92+'9'!H92+'10'!H92+'11'!H92+'12'!H92+'13'!H92+'14'!H92+'15'!H92+'16'!H92+'17'!H92+'18'!H92+'19'!H92+'20'!H92+'21'!H92+'22'!H92+'23'!H92+'24'!H92+'25'!H92+'26'!H92+'27'!H92+'28'!H92+'29'!H92+'30'!H92+'31.'!H92 -> 0 | H92: =+C92+D92-F92-G92-I92 -> 0 | I92: =+'1'!J92+'2'!J92+'3'!J92+'4'!J92+'5'!J92+'6'!J92+'7'!J92+'8'!J92+'9'!J92+'10'!J92+'11'!J92+'12'!J92+'13'!J92+'14'!J92+'15'!J92+'16'!J92+'17'!J92+'18'!J92+'19'!J92+'20'!J92+'21'!J92+'22'!J92+'23'!J92+'24'!J92+'25'!J92+'26'!J92+'27'!J92+'28'!J92+'29'!J92+'30'!J92+'31.'!J92 -> 0 | K92: =+'1'!L92+'2'!L92+'3'!L92+'4'!L92+'5'!L92+'6'!L92+'7'!L92+'8'!L92+'9'!L92+'10'!L92+'11'!L92+'12'!L92+'13'!L92+'14'!L92+'15'!L92+'16'!L92+'17'!L92+'18'!L92+'19'!L92+'20'!L92+'21'!L92+'22'!L92+'23'!L92+'24'!L92+'25'!L92+'26'!L92+'27'!L92+'28'!L92+'29'!L92+'30'!L92+'31.'!L92 -> 0 | N92: =+I92*M92 -> 0
A93: 89 | B93: เค้กลอดช่อง | C93: =+ยกมา!D93 -> 0 | D93: =+'1'!E93+'2'!E93+'3'!E93+'4'!E93+'5'!E93+'6'!E93+'7'!E93+'8'!E93+'9'!E93+'10'!E93+'11'!E93+'12'!E93+'13'!E93+'14'!E93+'15'!E93+'16'!E93+'17'!E93+'18'!E93+'19'!E93+'20'!E93+'21'!E93+'22'!E93+'23'!E93+'24'!E93+'25'!E93+'26'!E93+'27'!E93+'28'!E93+'29'!E93+'30'!E93+'31.'!E93 -> 50 | E93: =+C93+D93 -> 50 | F93: =+'1'!G93+'2'!G93+'3'!G93+'4'!G93+'5'!G93+'6'!G93+'7'!G93+'8'!G93+'9'!G93+'10'!G93+'11'!G93+'12'!G93+'13'!G93+'14'!G93+'15'!G93+'16'!G93+'17'!G93+'18'!G93+'19'!G93+'20'!G93+'21'!G93+'22'!G93+'23'!G93+'24'!G93+'25'!G93+'26'!G93+'27'!G93+'28'!G93+'29'!G93+'30'!G93+'31.'!G93 -> 6 | G93: =+'1'!H93+'2'!H93+'3'!H93+'4'!H93+'5'!H93+'6'!H93+'7'!H93+'8'!H93+'9'!H93+'10'!H93+'11'!H93+'12'!H93+'13'!H93+'14'!H93+'15'!H93+'16'!H93+'17'!H93+'18'!H93+'19'!H93+'20'!H93+'21'!H93+'22'!H93+'23'!H93+'24'!H93+'25'!H93+'26'!H93+'27'!H93+'28'!H93+'29'!H93+'30'!H93+'31.'!H93 -> 0 | H93: =+C93+D93-F93-G93-I93 -> 9 | I93: =+'1'!J93+'2'!J93+'3'!J93+'4'!J93+'5'!J93+'6'!J93+'7'!J93+'8'!J93+'9'!J93+'10'!J93+'11'!J93+'12'!J93+'13'!J93+'14'!J93+'15'!J93+'16'!J93+'17'!J93+'18'!J93+'19'!J93+'20'!J93+'21'!J93+'22'!J93+'23'!J93+'24'!J93+'25'!J93+'26'!J93+'27'!J93+'28'!J93+'29'!J93+'30'!J93+'31.'!J93 -> 35 | J93: 35 | K93: =+'1'!L93+'2'!L93+'3'!L93+'4'!L93+'5'!L93+'6'!L93+'7'!L93+'8'!L93+'9'!L93+'10'!L93+'11'!L93+'12'!L93+'13'!L93+'14'!L93+'15'!L93+'16'!L93+'17'!L93+'18'!L93+'19'!L93+'20'!L93+'21'!L93+'22'!L93+'23'!L93+'24'!L93+'25'!L93+'26'!L93+'27'!L93+'28'!L93+'29'!L93+'30'!L93+'31.'!L93 -> 1225 | N93: =+I93*M93 -> 0
A94: 90 | B94: เค้กลอดช่อง กล่องกลม | C94: =+ยกมา!D94 -> 0 | D94: =+'1'!E94+'2'!E94+'3'!E94+'4'!E94+'5'!E94+'6'!E94+'7'!E94+'8'!E94+'9'!E94+'10'!E94+'11'!E94+'12'!E94+'13'!E94+'14'!E94+'15'!E94+'16'!E94+'17'!E94+'18'!E94+'19'!E94+'20'!E94+'21'!E94+'22'!E94+'23'!E94+'24'!E94+'25'!E94+'26'!E94+'27'!E94+'28'!E94+'29'!E94+'30'!E94+'31.'!E94 -> 0 | E94: =+C94+D94 -> 0 | F94: =+'1'!G94+'2'!G94+'3'!G94+'4'!G94+'5'!G94+'6'!G94+'7'!G94+'8'!G94+'9'!G94+'10'!G94+'11'!G94+'12'!G94+'13'!G94+'14'!G94+'15'!G94+'16'!G94+'17'!G94+'18'!G94+'19'!G94+'20'!G94+'21'!G94+'22'!G94+'23'!G94+'24'!G94+'25'!G94+'26'!G94+'27'!G94+'28'!G94+'29'!G94+'30'!G94+'31.'!G94 -> 0 | G94: =+'1'!H94+'2'!H94+'3'!H94+'4'!H94+'5'!H94+'6'!H94+'7'!H94+'8'!H94+'9'!H94+'10'!H94+'11'!H94+'12'!H94+'13'!H94+'14'!H94+'15'!H94+'16'!H94+'17'!H94+'18'!H94+'19'!H94+'20'!H94+'21'!H94+'22'!H94+'23'!H94+'24'!H94+'25'!H94+'26'!H94+'27'!H94+'28'!H94+'29'!H94+'30'!H94+'31.'!H94 -> 0 | H94: =+C94+D94-F94-G94-I94 -> 0 | I94: =+'1'!J94+'2'!J94+'3'!J94+'4'!J94+'5'!J94+'6'!J94+'7'!J94+'8'!J94+'9'!J94+'10'!J94+'11'!J94+'12'!J94+'13'!J94+'14'!J94+'15'!J94+'16'!J94+'17'!J94+'18'!J94+'19'!J94+'20'!J94+'21'!J94+'22'!J94+'23'!J94+'24'!J94+'25'!J94+'26'!J94+'27'!J94+'28'!J94+'29'!J94+'30'!J94+'31.'!J94 -> 0 | J94: 120 | K94: =+'1'!L94+'2'!L94+'3'!L94+'4'!L94+'5'!L94+'6'!L94+'7'!L94+'8'!L94+'9'!L94+'10'!L94+'11'!L94+'12'!L94+'13'!L94+'14'!L94+'15'!L94+'16'!L94+'17'!L94+'18'!L94+'19'!L94+'20'!L94+'21'!L94+'22'!L94+'23'!L94+'24'!L94+'25'!L94+'26'!L94+'27'!L94+'28'!L94+'29'!L94+'30'!L94+'31.'!L94 -> 0 | N94: =+I94*M94 -> 0
A95: 91 | B95: เค้กทุเรียน | C95: =+ยกมา!D95 -> 0 | D95: =+'1'!E95+'2'!E95+'3'!E95+'4'!E95+'5'!E95+'6'!E95+'7'!E95+'8'!E95+'9'!E95+'10'!E95+'11'!E95+'12'!E95+'13'!E95+'14'!E95+'15'!E95+'16'!E95+'17'!E95+'18'!E95+'19'!E95+'20'!E95+'21'!E95+'22'!E95+'23'!E95+'24'!E95+'25'!E95+'26'!E95+'27'!E95+'28'!E95+'29'!E95+'30'!E95+'31.'!E95 -> 0 | E95: =+C95+D95 -> 0 | F95: =+'1'!G95+'2'!G95+'3'!G95+'4'!G95+'5'!G95+'6'!G95+'7'!G95+'8'!G95+'9'!G95+'10'!G95+'11'!G95+'12'!G95+'13'!G95+'14'!G95+'15'!G95+'16'!G95+'17'!G95+'18'!G95+'19'!G95+'20'!G95+'21'!G95+'22'!G95+'23'!G95+'24'!G95+'25'!G95+'26'!G95+'27'!G95+'28'!G95+'29'!G95+'30'!G95+'31.'!G95 -> 0 | G95: =+'1'!H95+'2'!H95+'3'!H95+'4'!H95+'5'!H95+'6'!H95+'7'!H95+'8'!H95+'9'!H95+'10'!H95+'11'!H95+'12'!H95+'13'!H95+'14'!H95+'15'!H95+'16'!H95+'17'!H95+'18'!H95+'19'!H95+'20'!H95+'21'!H95+'22'!H95+'23'!H95+'24'!H95+'25'!H95+'26'!H95+'27'!H95+'28'!H95+'29'!H95+'30'!H95+'31.'!H95 -> 0 | H95: =+C95+D95-F95-G95-I95 -> 0 | I95: =+'1'!J95+'2'!J95+'3'!J95+'4'!J95+'5'!J95+'6'!J95+'7'!J95+'8'!J95+'9'!J95+'10'!J95+'11'!J95+'12'!J95+'13'!J95+'14'!J95+'15'!J95+'16'!J95+'17'!J95+'18'!J95+'19'!J95+'20'!J95+'21'!J95+'22'!J95+'23'!J95+'24'!J95+'25'!J95+'26'!J95+'27'!J95+'28'!J95+'29'!J95+'30'!J95+'31.'!J95 -> 0 | J95: 45 | K95: =+'1'!L95+'2'!L95+'3'!L95+'4'!L95+'5'!L95+'6'!L95+'7'!L95+'8'!L95+'9'!L95+'10'!L95+'11'!L95+'12'!L95+'13'!L95+'14'!L95+'15'!L95+'16'!L95+'17'!L95+'18'!L95+'19'!L95+'20'!L95+'21'!L95+'22'!L95+'23'!L95+'24'!L95+'25'!L95+'26'!L95+'27'!L95+'28'!L95+'29'!L95+'30'!L95+'31.'!L95 -> 0 | N95: =+I95*M95 -> 0
A96: 92 | B96: เค้กแยมโรลวรรณวนัช | C96: =+ยกมา!D96 -> 0 | D96: =+'1'!E96+'2'!E96+'3'!E96+'4'!E96+'5'!E96+'6'!E96+'7'!E96+'8'!E96+'9'!E96+'10'!E96+'11'!E96+'12'!E96+'13'!E96+'14'!E96+'15'!E96+'16'!E96+'17'!E96+'18'!E96+'19'!E96+'20'!E96+'21'!E96+'22'!E96+'23'!E96+'24'!E96+'25'!E96+'26'!E96+'27'!E96+'28'!E96+'29'!E96+'30'!E96+'31.'!E96 -> 0 | E96: =+C96+D96 -> 0 | F96: =+'1'!G96+'2'!G96+'3'!G96+'4'!G96+'5'!G96+'6'!G96+'7'!G96+'8'!G96+'9'!G96+'10'!G96+'11'!G96+'12'!G96+'13'!G96+'14'!G96+'15'!G96+'16'!G96+'17'!G96+'18'!G96+'19'!G96+'20'!G96+'21'!G96+'22'!G96+'23'!G96+'24'!G96+'25'!G96+'26'!G96+'27'!G96+'28'!G96+'29'!G96+'30'!G96+'31.'!G96 -> 0 | G96: =+'1'!H96+'2'!H96+'3'!H96+'4'!H96+'5'!H96+'6'!H96+'7'!H96+'8'!H96+'9'!H96+'10'!H96+'11'!H96+'12'!H96+'13'!H96+'14'!H96+'15'!H96+'16'!H96+'17'!H96+'18'!H96+'19'!H96+'20'!H96+'21'!H96+'22'!H96+'23'!H96+'24'!H96+'25'!H96+'26'!H96+'27'!H96+'28'!H96+'29'!H96+'30'!H96+'31.'!H96 -> 0 | H96: =+C96+D96-F96-G96-I96 -> 0 | I96: =+'1'!J96+'2'!J96+'3'!J96+'4'!J96+'5'!J96+'6'!J96+'7'!J96+'8'!J96+'9'!J96+'10'!J96+'11'!J96+'12'!J96+'13'!J96+'14'!J96+'15'!J96+'16'!J96+'17'!J96+'18'!J96+'19'!J96+'20'!J96+'21'!J96+'22'!J96+'23'!J96+'24'!J96+'25'!J96+'26'!J96+'27'!J96+'28'!J96+'29'!J96+'30'!J96+'31.'!J96 -> 0 | J96: 40 | K96: =+'1'!L96+'2'!L96+'3'!L96+'4'!L96+'5'!L96+'6'!L96+'7'!L96+'8'!L96+'9'!L96+'10'!L96+'11'!L96+'12'!L96+'13'!L96+'14'!L96+'15'!L96+'16'!L96+'17'!L96+'18'!L96+'19'!L96+'20'!L96+'21'!L96+'22'!L96+'23'!L96+'24'!L96+'25'!L96+'26'!L96+'27'!L96+'28'!L96+'29'!L96+'30'!L96+'31.'!L96 -> 0 | N96: =+I96*M96 -> 0
A97: 93 | B97: เค้กสามเหลี่ยมรสมะพร้าว | C97: =+ยกมา!D97 -> 0 | D97: =+'1'!E97+'2'!E97+'3'!E97+'4'!E97+'5'!E97+'6'!E97+'7'!E97+'8'!E97+'9'!E97+'10'!E97+'11'!E97+'12'!E97+'13'!E97+'14'!E97+'15'!E97+'16'!E97+'17'!E97+'18'!E97+'19'!E97+'20'!E97+'21'!E97+'22'!E97+'23'!E97+'24'!E97+'25'!E97+'26'!E97+'27'!E97+'28'!E97+'29'!E97+'30'!E97+'31.'!E97 -> 0 | E97: =+C97+D97 -> 0 | F97: =+'1'!G97+'2'!G97+'3'!G97+'4'!G97+'5'!G97+'6'!G97+'7'!G97+'8'!G97+'9'!G97+'10'!G97+'11'!G97+'12'!G97+'13'!G97+'14'!G97+'15'!G97+'16'!G97+'17'!G97+'18'!G97+'19'!G97+'20'!G97+'21'!G97+'22'!G97+'23'!G97+'24'!G97+'25'!G97+'26'!G97+'27'!G97+'28'!G97+'29'!G97+'30'!G97+'31.'!G97 -> 0 | G97: =+'1'!H97+'2'!H97+'3'!H97+'4'!H97+'5'!H97+'6'!H97+'7'!H97+'8'!H97+'9'!H97+'10'!H97+'11'!H97+'12'!H97+'13'!H97+'14'!H97+'15'!H97+'16'!H97+'17'!H97+'18'!H97+'19'!H97+'20'!H97+'21'!H97+'22'!H97+'23'!H97+'24'!H97+'25'!H97+'26'!H97+'27'!H97+'28'!H97+'29'!H97+'30'!H97+'31.'!H97 -> 0 | H97: =+C97+D97-F97-G97-I97 -> 0 | I97: =+'1'!J97+'2'!J97+'3'!J97+'4'!J97+'5'!J97+'6'!J97+'7'!J97+'8'!J97+'9'!J97+'10'!J97+'11'!J97+'12'!J97+'13'!J97+'14'!J97+'15'!J97+'16'!J97+'17'!J97+'18'!J97+'19'!J97+'20'!J97+'21'!J97+'22'!J97+'23'!J97+'24'!J97+'25'!J97+'26'!J97+'27'!J97+'28'!J97+'29'!J97+'30'!J97+'31.'!J97 -> 0 | J97: 35 | K97: =+'1'!L97+'2'!L97+'3'!L97+'4'!L97+'5'!L97+'6'!L97+'7'!L97+'8'!L97+'9'!L97+'10'!L97+'11'!L97+'12'!L97+'13'!L97+'14'!L97+'15'!L97+'16'!L97+'17'!L97+'18'!L97+'19'!L97+'20'!L97+'21'!L97+'22'!L97+'23'!L97+'24'!L97+'25'!L97+'26'!L97+'27'!L97+'28'!L97+'29'!L97+'30'!L97+'31.'!L97 -> 0 | N97: =+I97*M97 -> 0
A98: 94 | B98: เค้กสามเหลี่ยมรสสตรอเบอร์รี่ | C98: =+ยกมา!D98 -> 0 | D98: =+'1'!E98+'2'!E98+'3'!E98+'4'!E98+'5'!E98+'6'!E98+'7'!E98+'8'!E98+'9'!E98+'10'!E98+'11'!E98+'12'!E98+'13'!E98+'14'!E98+'15'!E98+'16'!E98+'17'!E98+'18'!E98+'19'!E98+'20'!E98+'21'!E98+'22'!E98+'23'!E98+'24'!E98+'25'!E98+'26'!E98+'27'!E98+'28'!E98+'29'!E98+'30'!E98+'31.'!E98 -> 0 | E98: =+C98+D98 -> 0 | F98: =+'1'!G98+'2'!G98+'3'!G98+'4'!G98+'5'!G98+'6'!G98+'7'!G98+'8'!G98+'9'!G98+'10'!G98+'11'!G98+'12'!G98+'13'!G98+'14'!G98+'15'!G98+'16'!G98+'17'!G98+'18'!G98+'19'!G98+'20'!G98+'21'!G98+'22'!G98+'23'!G98+'24'!G98+'25'!G98+'26'!G98+'27'!G98+'28'!G98+'29'!G98+'30'!G98+'31.'!G98 -> 0 | G98: =+'1'!H98+'2'!H98+'3'!H98+'4'!H98+'5'!H98+'6'!H98+'7'!H98+'8'!H98+'9'!H98+'10'!H98+'11'!H98+'12'!H98+'13'!H98+'14'!H98+'15'!H98+'16'!H98+'17'!H98+'18'!H98+'19'!H98+'20'!H98+'21'!H98+'22'!H98+'23'!H98+'24'!H98+'25'!H98+'26'!H98+'27'!H98+'28'!H98+'29'!H98+'30'!H98+'31.'!H98 -> 0 | H98: =+C98+D98-F98-G98-I98 -> 0 | I98: =+'1'!J98+'2'!J98+'3'!J98+'4'!J98+'5'!J98+'6'!J98+'7'!J98+'8'!J98+'9'!J98+'10'!J98+'11'!J98+'12'!J98+'13'!J98+'14'!J98+'15'!J98+'16'!J98+'17'!J98+'18'!J98+'19'!J98+'20'!J98+'21'!J98+'22'!J98+'23'!J98+'24'!J98+'25'!J98+'26'!J98+'27'!J98+'28'!J98+'29'!J98+'30'!J98+'31.'!J98 -> 0 | J98: 35 | K98: =+'1'!L98+'2'!L98+'3'!L98+'4'!L98+'5'!L98+'6'!L98+'7'!L98+'8'!L98+'9'!L98+'10'!L98+'11'!L98+'12'!L98+'13'!L98+'14'!L98+'15'!L98+'16'!L98+'17'!L98+'18'!L98+'19'!L98+'20'!L98+'21'!L98+'22'!L98+'23'!L98+'24'!L98+'25'!L98+'26'!L98+'27'!L98+'28'!L98+'29'!L98+'30'!L98+'31.'!L98 -> 0 | N98: =+I98*M98 -> 0
A99: 95 | B99: เค้กสามเหลี่ยมรสบลูเบอร์รี่ | C99: =+ยกมา!D99 -> 0 | D99: =+'1'!E99+'2'!E99+'3'!E99+'4'!E99+'5'!E99+'6'!E99+'7'!E99+'8'!E99+'9'!E99+'10'!E99+'11'!E99+'12'!E99+'13'!E99+'14'!E99+'15'!E99+'16'!E99+'17'!E99+'18'!E99+'19'!E99+'20'!E99+'21'!E99+'22'!E99+'23'!E99+'24'!E99+'25'!E99+'26'!E99+'27'!E99+'28'!E99+'29'!E99+'30'!E99+'31.'!E99 -> 0 | E99: =+C99+D99 -> 0 | F99: =+'1'!G99+'2'!G99+'3'!G99+'4'!G99+'5'!G99+'6'!G99+'7'!G99+'8'!G99+'9'!G99+'10'!G99+'11'!G99+'12'!G99+'13'!G99+'14'!G99+'15'!G99+'16'!G99+'17'!G99+'18'!G99+'19'!G99+'20'!G99+'21'!G99+'22'!G99+'23'!G99+'24'!G99+'25'!G99+'26'!G99+'27'!G99+'28'!G99+'29'!G99+'30'!G99+'31.'!G99 -> 0 | G99: =+'1'!H99+'2'!H99+'3'!H99+'4'!H99+'5'!H99+'6'!H99+'7'!H99+'8'!H99+'9'!H99+'10'!H99+'11'!H99+'12'!H99+'13'!H99+'14'!H99+'15'!H99+'16'!H99+'17'!H99+'18'!H99+'19'!H99+'20'!H99+'21'!H99+'22'!H99+'23'!H99+'24'!H99+'25'!H99+'26'!H99+'27'!H99+'28'!H99+'29'!H99+'30'!H99+'31.'!H99 -> 0 | H99: =+C99+D99-F99-G99-I99 -> 0 | I99: =+'1'!J99+'2'!J99+'3'!J99+'4'!J99+'5'!J99+'6'!J99+'7'!J99+'8'!J99+'9'!J99+'10'!J99+'11'!J99+'12'!J99+'13'!J99+'14'!J99+'15'!J99+'16'!J99+'17'!J99+'18'!J99+'19'!J99+'20'!J99+'21'!J99+'22'!J99+'23'!J99+'24'!J99+'25'!J99+'26'!J99+'27'!J99+'28'!J99+'29'!J99+'30'!J99+'31.'!J99 -> 0 | J99: 35 | K99: =+'1'!L99+'2'!L99+'3'!L99+'4'!L99+'5'!L99+'6'!L99+'7'!L99+'8'!L99+'9'!L99+'10'!L99+'11'!L99+'12'!L99+'13'!L99+'14'!L99+'15'!L99+'16'!L99+'17'!L99+'18'!L99+'19'!L99+'20'!L99+'21'!L99+'22'!L99+'23'!L99+'24'!L99+'25'!L99+'26'!L99+'27'!L99+'28'!L99+'29'!L99+'30'!L99+'31.'!L99 -> 0 | N99: =+I99*M99 -> 0
A100: 96 | B100: เค้กสามเหลี่ยมรสส้ม | C100: =+ยกมา!D100 -> 0 | D100: =+'1'!E100+'2'!E100+'3'!E100+'4'!E100+'5'!E100+'6'!E100+'7'!E100+'8'!E100+'9'!E100+'10'!E100+'11'!E100+'12'!E100+'13'!E100+'14'!E100+'15'!E100+'16'!E100+'17'!E100+'18'!E100+'19'!E100+'20'!E100+'21'!E100+'22'!E100+'23'!E100+'24'!E100+'25'!E100+'26'!E100+'27'!E100+'28'!E100+'29'!E100+'30'!E100+'31.'!E100 -> 0 | E100: =+C100+D100 -> 0 | F100: =+'1'!G100+'2'!G100+'3'!G100+'4'!G100+'5'!G100+'6'!G100+'7'!G100+'8'!G100+'9'!G100+'10'!G100+'11'!G100+'12'!G100+'13'!G100+'14'!G100+'15'!G100+'16'!G100+'17'!G100+'18'!G100+'19'!G100+'20'!G100+'21'!G100+'22'!G100+'23'!G100+'24'!G100+'25'!G100+'26'!G100+'27'!G100+'28'!G100+'29'!G100+'30'!G100+'31.'!G100 -> 0 | G100: =+'1'!H100+'2'!H100+'3'!H100+'4'!H100+'5'!H100+'6'!H100+'7'!H100+'8'!H100+'9'!H100+'10'!H100+'11'!H100+'12'!H100+'13'!H100+'14'!H100+'15'!H100+'16'!H100+'17'!H100+'18'!H100+'19'!H100+'20'!H100+'21'!H100+'22'!H100+'23'!H100+'24'!H100+'25'!H100+'26'!H100+'27'!H100+'28'!H100+'29'!H100+'30'!H100+'31.'!H100 -> 0 | H100: =+C100+D100-F100-G100-I100 -> 0 | I100: =+'1'!J100+'2'!J100+'3'!J100+'4'!J100+'5'!J100+'6'!J100+'7'!J100+'8'!J100+'9'!J100+'10'!J100+'11'!J100+'12'!J100+'13'!J100+'14'!J100+'15'!J100+'16'!J100+'17'!J100+'18'!J100+'19'!J100+'20'!J100+'21'!J100+'22'!J100+'23'!J100+'24'!J100+'25'!J100+'26'!J100+'27'!J100+'28'!J100+'29'!J100+'30'!J100+'31.'!J100 -> 0 | J100: 35 | K100: =+'1'!L100+'2'!L100+'3'!L100+'4'!L100+'5'!L100+'6'!L100+'7'!L100+'8'!L100+'9'!L100+'10'!L100+'11'!L100+'12'!L100+'13'!L100+'14'!L100+'15'!L100+'16'!L100+'17'!L100+'18'!L100+'19'!L100+'20'!L100+'21'!L100+'22'!L100+'23'!L100+'24'!L100+'25'!L100+'26'!L100+'27'!L100+'28'!L100+'29'!L100+'30'!L100+'31.'!L100 -> 0 | N100: =+I100*M100 -> 0
A101: 97 | B101: เค้กสามเหลี่ยมรสช็อกโกโอริโอ้ | C101: =+ยกมา!D101 -> 0 | D101: =+'1'!E101+'2'!E101+'3'!E101+'4'!E101+'5'!E101+'6'!E101+'7'!E101+'8'!E101+'9'!E101+'10'!E101+'11'!E101+'12'!E101+'13'!E101+'14'!E101+'15'!E101+'16'!E101+'17'!E101+'18'!E101+'19'!E101+'20'!E101+'21'!E101+'22'!E101+'23'!E101+'24'!E101+'25'!E101+'26'!E101+'27'!E101+'28'!E101+'29'!E101+'30'!E101+'31.'!E101 -> 0 | E101: =+C101+D101 -> 0 | F101: =+'1'!G101+'2'!G101+'3'!G101+'4'!G101+'5'!G101+'6'!G101+'7'!G101+'8'!G101+'9'!G101+'10'!G101+'11'!G101+'12'!G101+'13'!G101+'14'!G101+'15'!G101+'16'!G101+'17'!G101+'18'!G101+'19'!G101+'20'!G101+'21'!G101+'22'!G101+'23'!G101+'24'!G101+'25'!G101+'26'!G101+'27'!G101+'28'!G101+'29'!G101+'30'!G101+'31.'!G101 -> 0 | G101: =+'1'!H101+'2'!H101+'3'!H101+'4'!H101+'5'!H101+'6'!H101+'7'!H101+'8'!H101+'9'!H101+'10'!H101+'11'!H101+'12'!H101+'13'!H101+'14'!H101+'15'!H101+'16'!H101+'17'!H101+'18'!H101+'19'!H101+'20'!H101+'21'!H101+'22'!H101+'23'!H101+'24'!H101+'25'!H101+'26'!H101+'27'!H101+'28'!H101+'29'!H101+'30'!H101+'31.'!H101 -> 0 | H101: =+C101+D101-F101-G101-I101 -> 0 | I101: =+'1'!J101+'2'!J101+'3'!J101+'4'!J101+'5'!J101+'6'!J101+'7'!J101+'8'!J101+'9'!J101+'10'!J101+'11'!J101+'12'!J101+'13'!J101+'14'!J101+'15'!J101+'16'!J101+'17'!J101+'18'!J101+'19'!J101+'20'!J101+'21'!J101+'22'!J101+'23'!J101+'24'!J101+'25'!J101+'26'!J101+'27'!J101+'28'!J101+'29'!J101+'30'!J101+'31.'!J101 -> 0 | J101: 35 | K101: =+'1'!L101+'2'!L101+'3'!L101+'4'!L101+'5'!L101+'6'!L101+'7'!L101+'8'!L101+'9'!L101+'10'!L101+'11'!L101+'12'!L101+'13'!L101+'14'!L101+'15'!L101+'16'!L101+'17'!L101+'18'!L101+'19'!L101+'20'!L101+'21'!L101+'22'!L101+'23'!L101+'24'!L101+'25'!L101+'26'!L101+'27'!L101+'28'!L101+'29'!L101+'30'!L101+'31.'!L101 -> 0 | N101: =+I101*M101 -> 0
A102: 98 | B102: เค้กสามเหลี่ยมรสฝอยทองใบเตย | C102: =+ยกมา!D102 -> 0 | D102: =+'1'!E102+'2'!E102+'3'!E102+'4'!E102+'5'!E102+'6'!E102+'7'!E102+'8'!E102+'9'!E102+'10'!E102+'11'!E102+'12'!E102+'13'!E102+'14'!E102+'15'!E102+'16'!E102+'17'!E102+'18'!E102+'19'!E102+'20'!E102+'21'!E102+'22'!E102+'23'!E102+'24'!E102+'25'!E102+'26'!E102+'27'!E102+'28'!E102+'29'!E102+'30'!E102+'31.'!E102 -> 0 | E102: =+C102+D102 -> 0 | F102: =+'1'!G102+'2'!G102+'3'!G102+'4'!G102+'5'!G102+'6'!G102+'7'!G102+'8'!G102+'9'!G102+'10'!G102+'11'!G102+'12'!G102+'13'!G102+'14'!G102+'15'!G102+'16'!G102+'17'!G102+'18'!G102+'19'!G102+'20'!G102+'21'!G102+'22'!G102+'23'!G102+'24'!G102+'25'!G102+'26'!G102+'27'!G102+'28'!G102+'29'!G102+'30'!G102+'31.'!G102 -> 0 | G102: =+'1'!H102+'2'!H102+'3'!H102+'4'!H102+'5'!H102+'6'!H102+'7'!H102+'8'!H102+'9'!H102+'10'!H102+'11'!H102+'12'!H102+'13'!H102+'14'!H102+'15'!H102+'16'!H102+'17'!H102+'18'!H102+'19'!H102+'20'!H102+'21'!H102+'22'!H102+'23'!H102+'24'!H102+'25'!H102+'26'!H102+'27'!H102+'28'!H102+'29'!H102+'30'!H102+'31.'!H102 -> 0 | H102: =+C102+D102-F102-G102-I102 -> 0 | I102: =+'1'!J102+'2'!J102+'3'!J102+'4'!J102+'5'!J102+'6'!J102+'7'!J102+'8'!J102+'9'!J102+'10'!J102+'11'!J102+'12'!J102+'13'!J102+'14'!J102+'15'!J102+'16'!J102+'17'!J102+'18'!J102+'19'!J102+'20'!J102+'21'!J102+'22'!J102+'23'!J102+'24'!J102+'25'!J102+'26'!J102+'27'!J102+'28'!J102+'29'!J102+'30'!J102+'31.'!J102 -> 0 | J102: 35 | K102: =+'1'!L102+'2'!L102+'3'!L102+'4'!L102+'5'!L102+'6'!L102+'7'!L102+'8'!L102+'9'!L102+'10'!L102+'11'!L102+'12'!L102+'13'!L102+'14'!L102+'15'!L102+'16'!L102+'17'!L102+'18'!L102+'19'!L102+'20'!L102+'21'!L102+'22'!L102+'23'!L102+'24'!L102+'25'!L102+'26'!L102+'27'!L102+'28'!L102+'29'!L102+'30'!L102+'31.'!L102 -> 0 | N102: =+I102*M102 -> 0
A103: 99 | B103: เค้กวันเกิด 1/2 ปอนด์ | C103: =+ยกมา!D103 -> 0 | D103: =+'1'!E103+'2'!E103+'3'!E103+'4'!E103+'5'!E103+'6'!E103+'7'!E103+'8'!E103+'9'!E103+'10'!E103+'11'!E103+'12'!E103+'13'!E103+'14'!E103+'15'!E103+'16'!E103+'17'!E103+'18'!E103+'19'!E103+'20'!E103+'21'!E103+'22'!E103+'23'!E103+'24'!E103+'25'!E103+'26'!E103+'27'!E103+'28'!E103+'29'!E103+'30'!E103+'31.'!E103 -> 0 | E103: =+C103+D103 -> 0 | F103: =+'1'!G103+'2'!G103+'3'!G103+'4'!G103+'5'!G103+'6'!G103+'7'!G103+'8'!G103+'9'!G103+'10'!G103+'11'!G103+'12'!G103+'13'!G103+'14'!G103+'15'!G103+'16'!G103+'17'!G103+'18'!G103+'19'!G103+'20'!G103+'21'!G103+'22'!G103+'23'!G103+'24'!G103+'25'!G103+'26'!G103+'27'!G103+'28'!G103+'29'!G103+'30'!G103+'31.'!G103 -> 0 | G103: =+'1'!H103+'2'!H103+'3'!H103+'4'!H103+'5'!H103+'6'!H103+'7'!H103+'8'!H103+'9'!H103+'10'!H103+'11'!H103+'12'!H103+'13'!H103+'14'!H103+'15'!H103+'16'!H103+'17'!H103+'18'!H103+'19'!H103+'20'!H103+'21'!H103+'22'!H103+'23'!H103+'24'!H103+'25'!H103+'26'!H103+'27'!H103+'28'!H103+'29'!H103+'30'!H103+'31.'!H103 -> 0 | H103: =+C103+D103-F103-G103-I103 -> 0 | I103: =+'1'!J103+'2'!J103+'3'!J103+'4'!J103+'5'!J103+'6'!J103+'7'!J103+'8'!J103+'9'!J103+'10'!J103+'11'!J103+'12'!J103+'13'!J103+'14'!J103+'15'!J103+'16'!J103+'17'!J103+'18'!J103+'19'!J103+'20'!J103+'21'!J103+'22'!J103+'23'!J103+'24'!J103+'25'!J103+'26'!J103+'27'!J103+'28'!J103+'29'!J103+'30'!J103+'31.'!J103 -> 0 | J103: 120 | K103: =+'1'!L103+'2'!L103+'3'!L103+'4'!L103+'5'!L103+'6'!L103+'7'!L103+'8'!L103+'9'!L103+'10'!L103+'11'!L103+'12'!L103+'13'!L103+'14'!L103+'15'!L103+'16'!L103+'17'!L103+'18'!L103+'19'!L103+'20'!L103+'21'!L103+'22'!L103+'23'!L103+'24'!L103+'25'!L103+'26'!L103+'27'!L103+'28'!L103+'29'!L103+'30'!L103+'31.'!L103 -> 0 | N103: =+I103*M103 -> 0
A104: 100 | B104: เค้กวันเกิด 1 ปอนด์ | C104: =+ยกมา!D104 -> 0 | D104: =+'1'!E104+'2'!E104+'3'!E104+'4'!E104+'5'!E104+'6'!E104+'7'!E104+'8'!E104+'9'!E104+'10'!E104+'11'!E104+'12'!E104+'13'!E104+'14'!E104+'15'!E104+'16'!E104+'17'!E104+'18'!E104+'19'!E104+'20'!E104+'21'!E104+'22'!E104+'23'!E104+'24'!E104+'25'!E104+'26'!E104+'27'!E104+'28'!E104+'29'!E104+'30'!E104+'31.'!E104 -> 0 | E104: =+C104+D104 -> 0 | F104: =+'1'!G104+'2'!G104+'3'!G104+'4'!G104+'5'!G104+'6'!G104+'7'!G104+'8'!G104+'9'!G104+'10'!G104+'11'!G104+'12'!G104+'13'!G104+'14'!G104+'15'!G104+'16'!G104+'17'!G104+'18'!G104+'19'!G104+'20'!G104+'21'!G104+'22'!G104+'23'!G104+'24'!G104+'25'!G104+'26'!G104+'27'!G104+'28'!G104+'29'!G104+'30'!G104+'31.'!G104 -> 0 | G104: =+'1'!H104+'2'!H104+'3'!H104+'4'!H104+'5'!H104+'6'!H104+'7'!H104+'8'!H104+'9'!H104+'10'!H104+'11'!H104+'12'!H104+'13'!H104+'14'!H104+'15'!H104+'16'!H104+'17'!H104+'18'!H104+'19'!H104+'20'!H104+'21'!H104+'22'!H104+'23'!H104+'24'!H104+'25'!H104+'26'!H104+'27'!H104+'28'!H104+'29'!H104+'30'!H104+'31.'!H104 -> 0 | H104: =+C104+D104-F104-G104-I104 -> 0 | I104: =+'1'!J104+'2'!J104+'3'!J104+'4'!J104+'5'!J104+'6'!J104+'7'!J104+'8'!J104+'9'!J104+'10'!J104+'11'!J104+'12'!J104+'13'!J104+'14'!J104+'15'!J104+'16'!J104+'17'!J104+'18'!J104+'19'!J104+'20'!J104+'21'!J104+'22'!J104+'23'!J104+'24'!J104+'25'!J104+'26'!J104+'27'!J104+'28'!J104+'29'!J104+'30'!J104+'31.'!J104 -> 0 | J104: 250 | K104: =+'1'!L104+'2'!L104+'3'!L104+'4'!L104+'5'!L104+'6'!L104+'7'!L104+'8'!L104+'9'!L104+'10'!L104+'11'!L104+'12'!L104+'13'!L104+'14'!L104+'15'!L104+'16'!L104+'17'!L104+'18'!L104+'19'!L104+'20'!L104+'21'!L104+'22'!L104+'23'!L104+'24'!L104+'25'!L104+'26'!L104+'27'!L104+'28'!L104+'29'!L104+'30'!L104+'31.'!L104 -> 0 | N104: =+I104*M104 -> 0
...

Sheet ยกมา
A2: บูธ แก้วมณีกาญจน์ วันที่ 1-31 ส.ค. 67 | S2: สินค้า SALE
A3: ลำดับ | B3: รหัสสินค้า | C3: รายการ | D3: ยกมา | E3: รับ | F3: รวม | G3: เปลี่ยน/ | H3: โยกย้าย / ระบาย | I3: คงเหลือ | J3: รายการขาย | M3: หมายเหตุ | N3: ส่วนลด | P3: ราคาต้นทุน | Q3: ยอดรวมต้นทุนสินค้า | S3: ลำดับ | T3: รายการ | U3: ยกมา | V3: รับ | W3: รวม | X3: เปลี่ยน/ | Y3: คงเหลือ | Z3: รายการขาย | AC3: หมายเหตุ | AD3: ส่วนลด
G4: คืน/เสีย | J4: จำนวน | K4: @ | L4: เป็นเงิน | X4: คืน/เสีย | Z4: จำนวน | AA4: @ | AB4: เป็นเงิน
A5: 1 | B5: 8857125001328 | C5: ชิฟฟ่อนเค้กสอดไส้ รวมรส (4 ชิ้น) กล่องชมพู | D5: 10 | E5: 0 | F5: =D5+E5 -> 10 | G5: 0 | H5: 0 | I5: =+F5-G5-J5 -> 10 | K5: 50 | L5: =+K5*J5 -> 0 | M5: - | N5: 0 | O5: =SUM(L5-N5) -> 0 | P5: 19.58 | Q5: =+L5*P5 -> 0 | S5: 1 | U5: 0 | V5: 0 | W5: =U5+V5 -> 0 | X5: 0 | Y5: =W5-X5-Z5 -> 0 | Z5: 0 | AB5: =Z5*AA5 -> 0 | AC5: - | AD5: 0
A6: 2 | B6: 8857125001311 | C6: ชิฟฟ่อนเค้กสอดไส้ รวมรส (8 ชิ้น) กล่องชมพู | D6: 191 | E6: 0 | F6: =D6+E6 -> 191 | G6: 0 | H6: 0 | I6: =+F6-G6-J6 -> 191 | K6: 100 | L6: =+K6*J6 -> 0 | M6: - | N6: 0 | O6: =SUM(L6-N6) -> 0 | P6: 37.17 | Q6: =+L6*P6 -> 0 | S6: 2 | U6: 0 | V6: 0 | W6: =U6+V6 -> 0 | X6: 0 | Y6: =W6-X6-Z6 -> 0 | Z6: 0 | AB6: =Z6*AA6 -> 0 | AC6: - | AD6: 0
A7: 3 | C7: ชิฟฟ่อนเค้ก รสกาแฟ (4 ชิ้น) | E7: 0 | F7: =D7+E7 -> 0 | G7: 0 | H7: 0 | I7: =+F7-G7-J7 -> 0 | K7: 50 | L7: =+K7*J7 -> 0 | M7: - | N7: 0 | O7: =SUM(L7-N7) -> 0 | P7: 26.11 | Q7: =+L7*P7 -> 0 | S7: 3 | U7: 0 | V7: 0 | W7: =U7+V7 -> 0 | X7: 0 | Y7: =W7-X7-Z7 -> 0 | Z7: 0 | AB7: =Z7*AA7 -> 0 | AC7: - | AD7: 0
A8: 4 | C8: ชิฟฟ่อนเค้ก รสกาแฟ (8 ชิ้น) | E8: 0 | F8: =D8+E8 -> 0 | G8: 0 | H8: 0 | I8: =+F8-G8-J8 -> 0 | K8: 100 | L8: =+K8*J8 -> 0 | M8: - | N8: 0 | O8: =SUM(L8-N8) -> 0 | P8: 33.89 | Q8: =+L8*P8 -> 0 | S8: 4 | U8: 0 | V8: 0 | W8: =U8+V8 -> 0 | X8: 0 | Y8: =W8-X8-Z8 -> 0 | Z8: 0 | AB8: =Z8*AA8 -> 0 | AC8: - | AD8: 0
A9: 5 | C9: ชิฟฟ่อนเค้ก 1 ชิ้น | E9: 0 | F9: =D9+E9 -> 0 | G9: 0 | H9: 0 | I9: =+F9-G9-J9 -> 0 | K9: 10 | L9: =+K9*J9 -> 0 | M9: - | N9: 0 | O9: =SUM(L9-N9) -> 0 | Q9: =+L9*P9 -> 0 | S9: 5 | U9: 0 | V9: 0 | W9: =U9+V9 -> 0 | X9: 0 | Y9: =W9-X9-Z9 -> 0 | Z9: 0 | AB9: =Z9*AA9 -> 0 | AC9: - | AD9: 0
A10: 6 | B10: 8857125002264 | C10: ชิฟฟ่อนเค้กสอดไส้แยม 1 ชิ้น | E10: 0 | F10: =D10+E10 -> 0 | G10: 0 | H10: 0 | I10: =+F10-G10-J10 -> 0 | K10: 15 | L10: =+K10*J10 -> 0 | M10: - | N10: 0 | O10: =SUM(L10-N10) -> 0 | Q10: =+L10*P10 -> 0 | S10: 6 | U10: 0 | V10: 0 | W10: =U10+V10 -> 0 | X10: 0 | Y10: =W10-X10-Z10 -> 0 | Z10: 0 | AB10: =Z10*AA10 -> 0 | AC10: - | AD10: 0
A11: 7 | C11: ชิฟฟ่อนเค้กสอดไส้เนย รสมะพร้าว (2 ชิ้น) | E11: 0 | F11: =D11+E11 -> 0 | G11: 0 | H11: 0 | I11: =+F11-G11-J11 -> 0 | K11: 40 | L11: =+K11*J11 -> 0 | M11: - | N11: 0 | O11: =SUM(L11-N11) -> 0 | P11: 12.74 | Q11: =+L11*P11 -> 0 | S11: 7 | U11: 0 | V11: 0 | W11: =U11+V11 -> 0 | X11: 0 | Y11: =W11-X11-Z11 -> 0 | Z11: 0 | AB11: =Z11*AA11 -> 0 | AC11: - | AD11: 0
A12: 8 | C12: ชิฟฟ่อน (ญ) ห่อซีน | E12: 0 | F12: =D12+E12 -> 0 | G12: 0 | H12: 0 | I12: =+F12-G12-J12 -> 0 | K12: 100 | L12: =+K12*J12 -> 0 | M12: - | N12: 0 | O12: =SUM(L12-N12) -> 0 | Q12: =+L12*P12 -> 0 | S12: 8 | U12: 0 | V12: 0 | W12: =U12+V12 -> 0 | X12: 0 | Y12: =W12-X12-Z12 -> 0 | Z12: 0 | AB12: =Z12*AA12 -> 0 | AC12: - | AD12: 0
A13: 9 | B13: 8857125001830 | C13: ชิฟฟ่อนเค้กสอดไส้ รวมรส (3 ชิ้น) | D13: 20 | E13: 0 | F13: =D13+E13 -> 20 | G13: 0 | H13: 0 | I13: =+F13-G13-J13 -> 20 | K13: 50 | L13: =+K13*J13 -> 0 | M13: - | N13: 0 | O13: =SUM(L13-N13) -> 0 | P13: 11.38 | Q13: =+L13*P13 -> 0 | S13: 9 | U13: 0 | V13: 0 | W13: =U13+V13 -> 0 | X13: 0 | Y13: =W13-X13-Z13 -> 0 | Z13: 0 | AB13: =Z13*AA13 -> 0 | AC13: - | AD13: 0
A14: 10 | C14: ชิฟฟ่อนเค้กสอดไส้ เมล่อน (3 ชิ้น) | E14: 0 | F14: =D14+E14 -> 0 | G14: 0 | H14: 0 | I14: =+F14-G14-J14 -> 0 | K14: 50 | L14: =+K14*J14 -> 0 | M14: - | N14: 0 | O14: =SUM(L14-N14) -> 0 | Q14: =+L14*P14 -> 0 | S14: 10 | U14: 0 | V14: 0 | W14: =U14+V14 -> 0 | X14: 0 | Y14: =W14-X14-Z14 -> 0 | Z14: 0 | AB14: =Z14*AA14 -> 0 | AC14: - | AD14: 0
A15: 11 | B15: 8857125000055 | C15: ชิฟฟ่อนเค้กสอดไส้แยม รสบลูเบอร์รี่ (3 ชิ้น) | E15: 0 | F15: =D15+E15 -> 0 | G15: 0 | H15: 0 | I15: =+F15-G15-J15 -> 0 | K15: 50 | L15: =+K15*J15 -> 0 | M15: - | N15: 0 | O15: =SUM(L15-N15) -> 0 | P15: 17.32 | Q15: =+L15*P15 -> 0 | S15: 11 | U15: 0 | V15: 0 | W15: =U15+V15 -> 0 | X15: 0 | Y15: =W15-X15-Z15 -> 0 | Z15: 0 | AB15: =Z15*AA15 -> 0 | AC15: - | AD15: 0
A16: 12 | B16: 8857125000987 | C16: ชิฟฟ่อนเค้กสอดไส้แยม รสส้ม (3 ชิ้น) | D16: 5 | E16: 0 | F16: =D16+E16 -> 5 | G16: 0 | H16: 0 | I16: =+F16-G16-J16 -> 5 | K16: 50 | L16: =+K16*J16 -> 0 | M16: - | N16: 0 | O16: =SUM(L16-N16) -> 0 | P16: 16.92 | Q16: =+L16*P16 -> 0 | S16: 12 | U16: 0 | V16: 0 | W16: =U16+V16 -> 0 | X16: 0 | Y16: =W16-X16-Z16 -> 0 | Z16: 0 | AB16: =Z16*AA16 -> 0 | AC16: - | AD16: 0
A17: 13 | B17: 8857125000246 | C17: ชิฟฟ่อนเค้กหน้าฝอยทอง สอดไส้แยมส้ม (3 ชิ้น) | D17: 17 | E17: 0 | F17: =D17+E17 -> 17 | G17: 0 | H17: 0 | I17: =+F17-G17-J17 -> 17 | K17: 50 | L17: =+K17*J17 -> 0 | M17: - | N17: 0 | O17: =SUM(L17-N17) -> 0 | P17: 21.22 | Q17: =+L17*P17 -> 0 | S17: 13 | U17: 0 | V17: 0 | W17: =U17+V17 -> 0 | X17: 0 | Y17: =W17-X17-Z17 -> 0 | Z17: 0 | AB17: =Z17*AA17 -> 0 | AC17: - | AD17: 0
A18: 14 | C18: ชิฟฟ่อนเค้กหน้าฝอยทองทูโทน สอดไส้แยมส้ม (3 ชิ้น) | E18: 0 | F18: =D18+E18 -> 0 | G18: 0 | H18: 0 | I18: =+F18-G18-J18 -> 0 | K18: 50 | L18: =+K18*J18 -> 0 | M18: - | N18: 0 | O18: =SUM(L18-N18) -> 0 | Q18: =+L18*P18 -> 0 | S18: 14 | U18: 0 | V18: 0 | W18: =U18+V18 -> 0 | X18: 0 | Y18: =W18-X18-Z18 -> 0 | Z18: 0 | AB18: =Z18*AA18 -> 0 | AC18: - | AD18: 0
A19: 15 | B19: 8857125000024 | C19: ชิฟฟ่อนเค้กสอดไส้แยม รสสตรอว์เบอรี่ (3 ชิ้น) | E19: 0 | F19: =D19+E19 -> 0 | G19: 0 | H19: 0 | I19: =+F19-G19-J19 -> 0 | K19: 50 | L19: =+K19*J19 -> 0 | M19: - | N19: 0 | O19: =SUM(L19-N19) -> 0 | P19: 15.05 | Q19: =+L19*P19 -> 0 | S19: 15 | U19: 0 | V19: 0 | W19: =U19+V19 -> 0 | X19: 0 | Y19: =W19-X19-Z19 -> 0 | Z19: 0 | AB19: =Z19*AA19 -> 0 | AC19: - | AD19: 0
A20: 16 | B20: 8857125000086 | C20: ชิฟฟ่อนเค้กสอดไส้เนย รสมะพร้าว (3 ชิ้น) | D20: 1 | E20: 0 | F20: =D20+E20 -> 1 | G20: 0 | H20: 0 | I20: =+F20-G20-J20 -> 1 | K20: 50 | L20: =+K20*J20 -> 0 | M20: - | N20: 0 | O20: =SUM(L20-N20) -> 0 | P20: 16.7 | Q20: =+L20*P20 -> 0 | S20: 16 | U20: 0 | V20: 0 | W20: =U20+V20 -> 0 | X20: 0 | Y20: =W20-X20-Z20 -> 0 | Z20: 0 | AB20: =Z20*AA20 -> 0 | AC20: - | AD20: 0
A21: 17 | B21: 8857125000239 | C21: ชิฟฟ่อนเค้กสอดไส้ นมชมพูฮอกไกโด (3 ชิ้น) | E21: 0 | F21: =D21+E21 -> 0 | G21: 0 | H21: 0 | I21: =+F21-G21-J21 -> 0 | K21: 50 | L21: =+K21*J21 -> 0 | M21: - | N21: 0 | O21: =SUM(L21-N21) -> 0 | P21: 19.04 | Q21: =+L21*P21 -> 0 | S21: 17 | U21: 0 | V21: 0 | W21: =U21+V21 -> 0 | X21: 0 | Y21: =W21-X21-Z21 -> 0 | Z21: 0 | AB21: =Z21*AA21 -> 0 | AC21: - | AD21: 0
A22: 18 | C22: ชิฟฟ่อนเค้กสอดไส้ ช็อคโกแลตนูเทลล่า (3 ชิ้น) | E22: 0 | F22: =D22+E22 -> 0 | G22: 0 | H22: 0 | I22: =+F22-G22-J22 -> 0 | K22: 50 | L22: =+K22*J22 -> 0 | M22: - | N22: 0 | O22: =SUM(L22-N22) -> 0 | P22: 15.3 | Q22: =+L22*P22 -> 0 | S22: 18 | U22: 0 | V22: 0 | W22: =U22+V22 -> 0 | X22: 0 | Y22: =W22-X22-Z22 -> 0 | Z22: 0 | AB22: =Z22*AA22 -> 0 | AC22: - | AD22: 0
A23: 19 | B23: 8857125001816 | C23: ชิฟฟ่อน สอดไส้ (ล) 4 ชิ้น ครีมมะพร้าว | E23: 0 | F23: =D23+E23 -> 0 | G23: 0 | H23: 0 | I23: =+F23-G23-J23 -> 0 | K23: 65 | L23: =+K23*J23 -> 0 | M23: - | N23: 0 | O23: =SUM(L23-N23) -> 0 | P23: 27.86 | Q23: =+L23*P23 -> 0 | S23: 19 | U23: 0 | V23: 0 | W23: =U23+V23 -> 0 | X23: 0 | Y23: =W23-X23-Z23 -> 0 | Z23: 0 | AB23: =Z23*AA23 -> 0 | AC23: - | AD23: 0
A24: 20 | C24: ชิฟฟ่อน สอดไส้ (ก) 5 ชิ้น ครีมมะพร้าว | D24: 6 | E24: 0 | F24: =D24+E24 -> 6 | G24: 0 | H24: 0 | I24: =+F24-G24-J24 -> 6 | K24: 85 | L24: =+K24*J24 -> 0 | M24: - | N24: 0 | O24: =SUM(L24-N24) -> 0 | P24: 26.91 | Q24: =+L24*P24 -> 0 | S24: 20 | U24: 0 | V24: 0 | W24: =U24+V24 -> 0 | X24: 0 | Y24: =W24-X24-Z24 -> 0 | Z24: 0 | AB24: =Z24*AA24 -> 0 | AC24: - | AD24: 0
A25: 21 | B25: 8857125000956 | C25: ชิฟฟ่อนเค้กสอดไส้ รวมรส (6 ชิ้น) | D25: 50 | E25: 0 | F25: =D25+E25 -> 50 | G25: 0 | H25: 0 | I25: =+F25-G25-J25 -> 50 | K25: 100 | L25: =+K25*J25 -> 0 | M25: - | N25: 0 | O25: =SUM(L25-N25) -> 0 | P25: 24.8 | Q25: =+L25*P25 -> 0 | S25: 21 | U25: 0 | V25: 0 | W25: =U25+V25 -> 0 | X25: 0 | Y25: =W25-X25-Z25 -> 0 | Z25: 0 | AB25: =Z25*AA25 -> 0 | AC25: - | AD25: 0
A26: 22 | B26: 8857125000918 | C26: ชิฟฟ่อนเค้กสอดไส้แยม รสส้ม (6 ชิ้น) | E26: 0 | F26: =D26+E26 -> 0 | G26: 0 | H26: 0 | I26: =+F26-G26-J26 -> 0 | K26: 100 | L26: =+K26*J26 -> 0 | M26: - | N26: 0 | O26: =SUM(L26-N26) -> 0 | P26: 23.71 | Q26: =+L26*P26 -> 0 | S26: 22 | U26: 0 | V26: 0 | W26: =U26+V26 -> 0 | X26: 0 | Y26: =W26-X26-Z26 -> 0 | Z26: 0 | AB26: =Z26*AA26 -> 0 | AC26: - | AD26: 0
A27: 23 | B27: 8857125000970 | C27: ชิฟฟ่อนเค้กหน้าฝอยทอง สอดไส้แยมส้ม (6 ชิ้น) | D27: 34 | E27: 0 | F27: =D27+E27 -> 34 | G27: 0 | H27: 0 | I27: =+F27-G27-J27 -> 34 | K27: 100 | L27: =+K27*J27 -> 0 | M27: - | N27: 0 | O27: =SUM(L27-N27) -> 0 | P27: 37.51 | Q27: =+L27*P27 -> 0 | S27: 23 | U27: 0 | V27: 0 | W27: =U27+V27 -> 0 | X27: 0 | Y27: =W27-X27-Z27 -> 0 | Z27: 0 | AB27: =Z27*AA27 -> 0 | AC27: - | AD27: 0
A28: 24 | B28: 8857125003810 | C28: ชิฟฟ่อนเค้กหน้าฝอยทองทูโทน สอดไส้แยมส้ม (6 ชิ้น) | E28: 0 | F28: =D28+E28 -> 0 | G28: 0 | H28: 0 | I28: =+F28-G28-J28 -> 0 | K28: 100 | L28: =+K28*J28 -> 0 | M28: - | N28: 0 | O28: =SUM(L28-N28) -> 0 | P28: 39.77 | Q28: =+L28*P28 -> 0 | S28: 24 | U28: 0 | V28: 0 | W28: =U28+V28 -> 0 | X28: 0 | Y28: =W28-X28-Z28 -> 0 | Z28: 0 | AB28: =Z28*AA28 -> 0 | AC28: - | AD28: 0
A29: 25 | B29: 8857125000963 | C29: ชิฟฟ่อนเค้กสอดไส้ นมชมพูฮอกไกโด (6 ชิ้น) | E29: 0 | F29: =D29+E29 -> 0 | G29: 0 | H29: 0 | I29: =+F29-G29-J29 -> 0 | K29: 100 | L29: =+K29*J29 -> 0 | M29: - | N29: 0 | O29: =SUM(L29-N29) -> 0 | P29: 33.59 | Q29: =+L29*P29 -> 0 | S29: 25 | U29: 0 | V29: 0 | W29: =U29+V29 -> 0 | X29: 0 | Y29: =W29-X29-Z29 -> 0 | Z29: 0 | AB29: =Z29*AA29 -> 0 | AC29: - | AD29: 0
A30: 26 | B30: 8857125000932 | C30: ชิฟฟ่อนเค้กสอดไส้แยม รสบลูเบอร์รี่ (6 ชิ้น) | E30: 0 | F30: =D30+E30 -> 0 | G30: 0 | H30: 0 | I30: =+F30-G30-J30 -> 0 | K30: 100 | L30: =+K30*J30 -> 0 | M30: - | N30: 0 | O30: =SUM(L30-N30) -> 0 | P30: 31.62 | Q30: =+L30*P30 -> 0 | AD30: 0
A31: 27 | C31: ชิฟฟ่อนเค้กสอดไส้ ช็อคโกแลตนูเทลล่า (6 ชิ้น) | E31: 0 | F31: =D31+E31 -> 0 | G31: 0 | H31: 0 | I31: =+F31-G31-J31 -> 0 | K31: 100 | L31: =+K31*J31 -> 0 | M31: - | N31: 0 | O31: =SUM(L31-N31) -> 0 | P31: 33.96 | Q31: =+L31*P31 -> 0
A32: 28 | B32: 8857125000895 | C32: ชิฟฟ่อนเค้กสอดไส้ มะพร้าว (6 ชิ้น) | D32: 27 | E32: 0 | F32: =D32+E32 -> 27 | G32: 0 | H32: 0 | I32: =+F32-G32-J32 -> 27 | K32: 100 | L32: =+K32*J32 -> 0 | M32: - | N32: 0 | O32: =SUM(L32-N32) -> 0 | P32: 29.84 | Q32: =+L32*P32 -> 0 | T32: รวม | AB32: =SUM(AB5:AB29) -> 0
A33: 29 | C33: ชิฟฟ่อนเค้กหน้าฝอยทอง สอดไส้แยมส้ม (6 ชิ้น) | E33: 0 | F33: =D33+E33 -> 0 | G33: 0 | H33: 0 | I33: =+F33-G33-J33 -> 0 | K33: 100 | L33: =+K33*J33 -> 0 | M33: - | N33: 0 | O33: =SUM(L33-N33) -> 0 | Q33: =+L33*P33 -> 0
A34: 30 | B34: 8857125000901 | C34: ชิฟฟ่อนเค้กสอดไส้แยม รสสตรอว์เบอรี่ (6 ชิ้น) | E34: 0 | F34: =D34+E34 -> 0 | G34: 0 | H34: 0 | I34: =+F34-G34-J34 -> 0 | K34: 100 | L34: =+K34*J34 -> 0 | M34: - | N34: 0 | O34: =SUM(L34-N34) -> 0 | P34: 21.27 | Q34: =+L34*P34 -> 0
A35: 31 | B35: 8857125002127 | C35: ชิฟฟ่อนรวมรส ยอดฮิต 8 ชิ้น | D35: 23 | E35: 0 | F35: =D35+E35 -> 23 | G35: 0 | H35: 0 | I35: =+F35-G35-J35 -> 23 | K35: 100 | L35: =+K35*J35 -> 0 | M35: - | N35: 0 | O35: =SUM(L35-N35) -> 0 | P35: 38.46 | Q35: =+L35*P35 -> 0
A36: 32 | B36: 8857125000130 | C36: ชิฟฟ่อนเค้ก วรรณวนัช (สอดไส้รวมรส 8 ชิ้น) | D36: 20 | E36: 0 | F36: =D36+E36 -> 20 | G36: 0 | H36: 0 | I36: =+F36-G36-J36 -> 20 | K36: 130 | L36: =+K36*J36 -> 0 | M36: - | N36: 0 | O36: =SUM(L36-N36) -> 0 | P36: 43.68 | Q36: =+L36*P36 -> 0
A37: 33 | B37: 8857125003773 | C37: ชิฟฟ่อนเค้กมะพร้าวสอดไส้ครีมมะพร้าวล้วน (8 ชิ้น) | D37: 4 | E37: 0 | F37: =D37+E37 -> 4 | G37: 0 | H37: 0 | I37: =+F37-G37-J37 -> 4 | K37: 130 | L37: =+K37*J37 -> 0 | M37: - | N37: 0 | O37: =SUM(L37-N37) -> 0 | P37: 35.05 | Q37: =+L37*P37 -> 0
A38: 34 | B38: 8857125001397 | C38: ชิฟฟ่อนเค้กทูโทนใบเตยและมะพร้าวสอดไส้ครีม (8 ชิ้น) | D38: 5 | E38: 0 | F38: =D38+E38 -> 5 | G38: 0 | H38: 0 | I38: =+F38-G38-J38 -> 5 | K38: 130 | L38: =+K38*J38 -> 0 | M38: - | N38: 0 | O38: =SUM(L38-N38) -> 0 | P38: 34.26 | Q38: =+L38*P38 -> 0
