Workbook

Sheet สรุป 68
A1: สรุปยอดเคลมออเดอร์ขายออนไลน์ ปี 2568
A2: เดือน | B2: เคลม | D2: ยกเลิก ( CF เล่น) | F2: หมายเหตุ
B3: จำนวน | C3: ค่าขนส่ง | D3: จำนวน | E3: ยอดเงิน
A4: ม.ค. | B4: 47 | C4: =+'ม.ค. เคลม'!J1 -> 1131 | D4: 32 | E4: =+'ม.ค. ยกเลิก'!H76 -> 21495.77
A5: ก.พ. | B5: 12 | C5: =+'ก.พ. เคลม'!J1 -> 271 | D5: 22 | E5: =+'ก.พ. ยกเลิก'!H25 -> 5138.96
A6: มี.ค. | B6: 6 | C6: =+'มี.ค. เคลม'!J1 -> 270 | D6: 23 | E6: =+'มี.ค. ยกเลิก'!H108 -> 3778.71
A7: เม.ย. | B7: 9 | C7: =+'เม.ย. เคลม'!J1 -> 315 | D7: 15 | E7: =+'เม.ย. ยกเลิก'!H18 -> 2614.09
A8: พ.ค. | B8: 5 | C8: =+'พ.ค. เคลม'!J1 -> 225 | D8: 5 | E8: =+'พ.ค. ยกเลิก'!H8 -> 1007.48
A9: มิ.ย. | B9: 19 | C9: =+'มิ.ย. เคลม'!J1 -> 495 | D9: 17 | E9: =+'มิ.ย. ยกเลิก'!H20 -> 2537.15
A10: ก.ค. | B10: 20 | C10: =+'ก.ค. เคลม'!J1 -> 900 | D10: 5 | E10: =+'ก.ค. ยกเลิก'!H8 -> 579.6
A11: ส.ค. | B11: 10 | C11: =+'ส.ค. เคลม'!J1 -> 450 | D11: 5 | E11: =+'ส.ค. ยกเลิก'!H8 -> 630.4
A12: ก.ย. | B12: 8 | C12: =+'ก.ย. เคลม'!J1 -> 360 | D12: 1 | E12: =+'ก.ย. ยกเลิก'!H4 -> 83
A13: ต.ค. | B13: 3 | C13: =+'ต.ค. เคลม'!J1 -> 135 | D13: 0 | E13: =+'ต.ค. ยกเลิก'!H58 -> 0
A14: พ.ย. | B14: 3 | C14: =+'พ.ย. เคลม'!J1 -> 135 | D14: 0 | E14: =+'พ.ย. ยกเลิก'!H51 -> 0
A15: ธ.ค. | B15: 35 | C15: =+'ธ.ค. เคลม'!J1 -> 1575 | D15: 0 | E15: =+'ธ.ค. ยกเลิก'!H108 -> 0
A16: ยอดรวม | B16: =SUM(B4:B15) -> 177 | C16: =SUM(C4:C15) -> 6262 | D16: =SUM(D4:D15) -> 125 | E16: =SUM(E4:E15) -> 37865.16 | F16: บาท

Sheet สรุปสาเหตุเคลม
A1: สรุปสาเหตุการส่งเคลมจากแพลตฟอร์ม ปี 2568 | C1: Total | D1: ม.ค. | E1: ก.พ. | F1: มี.ค. | G1: เม.ย. | H1: พ.ค. | I1: มิ.ย. | J1: ก.ค. | K1: ส.ค. | L1: ก.ย. | M1: ต.ค. | N1: พ.ย. | O1: ธ.ค.
A2: สาเหตุส่งเคลม | B2: ผู้รับผิดชอบดูแล | C2: จำนวน | D2: จำนวนออเดอร์ | E2: จำนวนออเดอร์ | F2: จำนวนออเดอร์ | G2: จำนวนออเดอร์ | H2: จำนวนออเดอร์ | I2: จำนวนออเดอร์ | J2: จำนวนออเดอร์ | K2: จำนวนออเดอร์ | L2: จำนวนออเดอร์ | M2: จำนวนออเดอร์ | N2: จำนวนออเดอร์ | O2: จำนวนออเดอร์
A3: ของเคลม LAZADA เนื่องจากลูกค้าได้รับสินค้าไม่ครบ | B3: Packing | C3: =SUM(D3:O3) -> 13 | D3: =+'ม.ค. เคลม'!N3 -> 7 | E3: =+'ก.พ. เคลม'!N3 -> 4 | F3: =+'มี.ค. เคลม'!N3 -> 0 | G3: =+'เม.ย. เคลม'!N3 -> 1 | H3: =+'พ.ค. เคลม'!N3 -> 0 | I3: =+'มิ.ย. เคลม'!N3 -> 0 | J3: =+'ก.ค. เคลม'!O3 -> 0 | K3: =+'ส.ค. เคลม'!O3 -> 0 | L3: =+'ก.ย. เคลม'!O3 -> 0 | M3: =+'ต.ค. เคลม'!O3 -> 0 | N3: =+'พ.ย. เคลม'!O3 -> 0 | O3: =+'ธ.ค. เคลม'!O3 -> 1
A4: ของเคลม LAZADA เนื่องจากลูกค้าได้รับสินค้าผิดไม่ตรงตามที่สั่ง | B4: Packing / Online | C4: =SUM(D4:O4) -> 1 | D4: =+'ม.ค. เคลม'!N4 -> 1 | E4: =+'ก.พ. เคลม'!N4 -> 0 | F4: =+'มี.ค. เคลม'!N4 -> 0 | G4: =+'เม.ย. เคลม'!N4 -> 0 | H4: =+'พ.ค. เคลม'!N4 -> 0 | I4: =+'มิ.ย. เคลม'!N4 -> 0 | J4: =+'ก.ค. เคลม'!O4 -> 0 | K4: =+'ส.ค. เคลม'!O4 -> 0 | L4: =+'ก.ย. เคลม'!O4 -> 0 | M4: =+'ต.ค. เคลม'!O4 -> 0 | N4: =+'พ.ย. เคลม'!O4 -> 0 | O4: =+'ธ.ค. เคลม'!O4 -> 0
A5: ของเคลม LAZADA เนื่องจากลูกค้าไม่ได้รับสินค้า | B5: ขนส่ง | C5: =SUM(D5:O5) -> 1 | D5: =+'ม.ค. เคลม'!N5 -> 1 | E5: =+'ก.พ. เคลม'!N5 -> 0 | F5: =+'มี.ค. เคลม'!N5 -> 0 | G5: =+'เม.ย. เคลม'!N5 -> 0 | H5: =+'พ.ค. เคลม'!N5 -> 0 | I5: =+'มิ.ย. เคลม'!N5 -> 0 | J5: =+'ก.ค. เคลม'!O5 -> 0 | K5: =+'ส.ค. เคลม'!O5 -> 0 | L5: =+'ก.ย. เคลม'!O5 -> 0 | M5: =+'ต.ค. เคลม'!O5 -> 0 | N5: =+'พ.ย. เคลม'!O5 -> 0 | O5: =+'ธ.ค. เคลม'!O5 -> 0
A6: ของเคลม LAZADA เนื่องจากสินค้าเสียหายจากการขนส่ง | B6: ขนส่ง | C6: =SUM(D6:O6) -> 1 | D6: =+'ม.ค. เคลม'!N6 -> 1 | E6: =+'ก.พ. เคลม'!N6 -> 0 | F6: =+'มี.ค. เคลม'!N6 -> 0 | G6: =+'เม.ย. เคลม'!N6 -> 0 | H6: =+'พ.ค. เคลม'!N6 -> 0 | I6: =+'มิ.ย. เคลม'!N6 -> 0 | J6: =+'ก.ค. เคลม'!O6 -> 0 | K6: =+'ส.ค. เคลม'!O6 -> 0 | L6: =+'ก.ย. เคลม'!O6 -> 0 | M6: =+'ต.ค. เคลม'!O6 -> 0 | N6: =+'พ.ย. เคลม'!O6 -> 0 | O6: =+'ธ.ค. เคลม'!O6 -> 0
A7: ของเคลม LAZADA เนื่องจากสินค้าเน่าเสียก่อนวันหมดอายุที่แจ้งข้างกล่อง | B7: ฝ่ายผลิต | C7: =SUM(D7:O7) -> 9 | D7: =+'ม.ค. เคลม'!N7 -> 0 | E7: =+'ก.พ. เคลม'!N7 -> 3 | F7: =+'มี.ค. เคลม'!N7 -> 0 | G7: =+'เม.ย. เคลม'!N7 -> 1 | H7: =+'พ.ค. เคลม'!N7 -> 0 | I7: =+'มิ.ย. เคลม'!N7 -> 0 | J7: =+'ก.ค. เคลม'!O7 -> 2 | K7: =+'ส.ค. เคลม'!O7 -> 0 | L7: =+'ก.ย. เคลม'!O7 -> 3 | M7: =+'ต.ค. เคลม'!O7 -> 0 | N7: =+'พ.ย. เคลม'!O7 -> 0 | O7: =+'ธ.ค. เคลม'!O7 -> 0
A8: ของเคลม LAZADA เนื่องจากสินค้ามีรสชาติขม รสชาติ สีของขนม ผิดปกติ | B8: ฝ่ายผลิต | C8: =SUM(D8:O8) -> 9 | D8: =+'ม.ค. เคลม'!N8 -> 7 | E8: =+'ก.พ. เคลม'!N8 -> 0 | F8: =+'มี.ค. เคลม'!N8 -> 1 | G8: =+'เม.ย. เคลม'!N8 -> 0 | H8: =+'พ.ค. เคลม'!N8 -> 0 | I8: =+'มิ.ย. เคลม'!N8 -> 1 | J8: =+'ก.ค. เคลม'!O8 -> 0 | K8: =+'ส.ค. เคลม'!O8 -> 0 | L8: =+'ก.ย. เคลม'!O8 -> 0 | M8: =+'ต.ค. เคลม'!O8 -> 0 | N8: =+'พ.ย. เคลม'!O8 -> 0 | O8: =+'ธ.ค. เคลม'!O8 -> 0
A9: ของเคลม LAZADA เนื่องจากสินค้าไม่มี | B9: ฝ่ายผลิต | C9: =SUM(D9:O9) -> 1 | D9: =+'ม.ค. เคลม'!N9 -> 1 | E9: =+'ก.พ. เคลม'!N9 -> 0 | F9: =+'มี.ค. เคลม'!N9 -> 0 | G9: =+'เม.ย. เคลม'!N9 -> 0 | H9: =+'พ.ค. เคลม'!N9 -> 0 | I9: =+'มิ.ย. เคลม'!N9 -> 0 | J9: =+'ก.ค. เคลม'!O9 -> 0 | K9: =+'ส.ค. เคลม'!O9 -> 0 | L9: =+'ก.ย. เคลม'!O9 -> 0 | M9: =+'ต.ค. เคลม'!O9 -> 0 | N9: =+'พ.ย. เคลม'!O9 -> 0 | O9: =+'ธ.ค. เคลม'!O9 -> 0
A10: ของเคลม LAZADA ไม่ทราบเหตุผล | B10: Online | C10: =SUM(D10:O10) -> 0 | D10: =+'ม.ค. เคลม'!N10 -> 0 | E10: =+'ก.พ. เคลม'!N10 -> 0 | F10: =+'มี.ค. เคลม'!N10 -> 0 | G10: =+'เม.ย. เคลม'!N10 -> 0 | H10: =+'พ.ค. เคลม'!N10 -> 0 | I10: =+'มิ.ย. เคลม'!N10 -> 0 | J10: =+'ก.ค. เคลม'!O10 -> 0 | K10: =+'ส.ค. เคลม'!O10 -> 0 | L10: =+'ก.ย. เคลม'!O10 -> 0 | M10: =+'ต.ค. เคลม'!O10 -> 0 | N10: =+'พ.ย. เคลม'!O10 -> 0 | O10: =+'ธ.ค. เคลม'!O10 -> 0
A11: ของเคลม Shopee เนื่องจากลูกค้าได้รับสินค้าไม่ครบ | B11: Packing | C11: =SUM(D11:O11) -> 14 | D11: =+'ม.ค. เคลม'!N11 -> 7 | E11: =+'ก.พ. เคลม'!N11 -> 0 | F11: =+'มี.ค. เคลม'!N11 -> 0 | G11: =+'เม.ย. เคลม'!N11 -> 0 | H11: =+'พ.ค. เคลม'!N11 -> 0 | I11: =+'มิ.ย. เคลม'!N11 -> 0 | J11: =+'ก.ค. เคลม'!O11 -> 0 | K11: =+'ส.ค. เคลม'!O11 -> 1 | L11: =+'ก.ย. เคลม'!O11 -> 0 | M11: =+'ต.ค. เคลม'!O11 -> 0 | N11: =+'พ.ย. เคลม'!O11 -> 0 | O11: =+'ธ.ค. เคลม'!O11 -> 6
A12: ของเคลม Shopee เนื่องจากลูกค้าได้รับสินค้าผิดไม่ตรงตามที่สั่ง | B12: Packing / Online | C12: =SUM(D12:O12) -> 2 | D12: =+'ม.ค. เคลม'!N12 -> 0 | E12: =+'ก.พ. เคลม'!N12 -> 0 | F12: =+'มี.ค. เคลม'!N12 -> 0 | G12: =+'เม.ย. เคลม'!N12 -> 0 | H12: =+'พ.ค. เคลม'!N12 -> 0 | I12: =+'มิ.ย. เคลม'!N12 -> 0 | J12: =+'ก.ค. เคลม'!O12 -> 0 | K12: =+'ส.ค. เคลม'!O12 -> 2 | L12: =+'ก.ย. เคลม'!O12 -> 0 | M12: =+'ต.ค. เคลม'!O12 -> 0 | N12: =+'พ.ย. เคลม'!O12 -> 0 | O12: =+'ธ.ค. เคลม'!O12 -> 0
A13: ของเคลม Shopee เนื่องจากลูกค้าไม่ได้รับสินค้า | B13: ขนส่ง | C13: =SUM(D13:O13) -> 0 | D13: =+'ม.ค. เคลม'!N13 -> 0 | E13: =+'ก.พ. เคลม'!N13 -> 0 | F13: =+'มี.ค. เคลม'!N13 -> 0 | G13: =+'เม.ย. เคลม'!N13 -> 0 | H13: =+'พ.ค. เคลม'!N13 -> 0 | I13: =+'มิ.ย. เคลม'!N13 -> 0 | J13: =+'ก.ค. เคลม'!O13 -> 0 | K13: =+'ส.ค. เคลม'!O13 -> 0 | L13: =+'ก.ย. เคลม'!O13 -> 0 | M13: =+'ต.ค. เคลม'!O13 -> 0 | N13: =+'พ.ย. เคลม'!O13 -> 0 | O13: =+'ธ.ค. เคลม'!O13 -> 0
A14: ของเคลม Shopee เนื่องจากสินค้าเสียหายจากการขนส่ง | B14: ขนส่ง | C14: =SUM(D14:O14) -> 1 | D14: =+'ม.ค. เคลม'!N14 -> 0 | E14: =+'ก.พ. เคลม'!N14 -> 0 | F14: =+'มี.ค. เคลม'!N14 -> 0 | G14: =+'เม.ย. เคลม'!N14 -> 0 | H14: =+'พ.ค. เคลม'!N14 -> 0 | I14: =+'มิ.ย. เคลม'!N14 -> 1 | J14: =+'ก.ค. เคลม'!O14 -> 0 | K14: =+'ส.ค. เคลม'!O14 -> 0 | L14: =+'ก.ย. เคลม'!O14 -> 0 | M14: =+'ต.ค. เคลม'!O14 -> 0 | N14: =+'พ.ย. เคลม'!O14 -> 0 | O14: =+'ธ.ค. เคลม'!O14 -> 0
... A56: ไม่ทราบสาเหตุ | B56: Online | C56: =SUM(D56:O56) -> 0 | D56: =+'ม.ค. เคลม'!N56 -> 0 | E56: =+'ก.พ. เคลม'!N56 -> 0 | F56: =+'มี.ค. เคลม'!N56 -> 0 | G56: =+'เม.ย. เคลม'!N56 -> 0 | H56: =+'พ.ค. เคลม'!N56 -> 0 | I56: =+'มิ.ย. เคลม'!N56 -> 0 | J56: =+'ก.ค. เคลม'!O56 -> 0 | K56: =+'ส.ค. เคลม'!O56 -> 0 | L56: =+'ก.ย. เคลม'!O56 -> 0 | M56: =+'ต.ค. เคลม'!O56 -> 0 | N56: =+'พ.ย. เคลม'!O56 -> 0 | O56: =+'ธ.ค. เคลม'!O56 -> 0
C57: =SUM(C3:C56) -> 175 | D57: =SUM(D3:D56) -> 47 | E57: =SUM(E3:E56) -> 11 | F57: =SUM(F3:F56) -> 6 | G57: =SUM(G3:G56) -> 9 | H57: =SUM(H3:H56) -> 5 | I57: =SUM(I3:I56) -> 19 | J57: =SUM(J3:J56) -> 19 | ... O57: =SUM(O3:O56) -> 35

Sheet ธ.ค. เคลม
A1: สรุปรายการส่งของเคลมสินค้า เดือนธันวาคม 2568 | I1: รวมยอดเสียหายค่าขนส่งเพิ่มเติม | J1: =SUBTOTAL(9,J3:J83) -> 1575 | K1: บาท
A2: ลำดับ | B2: เลขที่ออเดอร์ | C2: ชื่อ | D2: ช่องทางติดต่อ | E2: ชื่อตามช่องทางติดต่อ | F2: ขนส่ง | G2: วันที่สร้าง | H2: ยอดขาย | I2: เลขพัสดุ | J2: ค่าขนส่ง | K2: หมายเหตุ | L2: หมายเหตุ | N2: รายการ | O2: จำนวนออเดอร์
A3: 1 | B3: GDO61 | C3: คุณบุศรา สรณ์กุลจำรูญ | D3: facebook | E3: QuiltyCat Fabcottage | F3: EMS | G3: 04/12/2025 15:17 | H3: 0 | I3: WB107015223TH | J3: 45 | K3: ของเคลม LAZADA เนื่องจากลูกค้าได้รับสินค้าไม่ครบ | N3: ของเคลม LAZADA เนื่องจากลูกค้าได้รับสินค้าไม่ครบ | O3: 1
A4: 2 | B4: GDO62 | C4: สุวิตรา หาญสระคู | D4: facebook | E4: 1410_th | F4: EMS | G4: 04/12/2025 15:23 | H4: 0 | I4: WB107015237TH | J4: 45 | K4: ของเคลม Tiktok เนื่องจากลูกค้าได้รับสินค้าไม่ครบ | N4: ของเคลม LAZADA เนื่องจากลูกค้าได้รับสินค้าผิดไม่ตรงตามที่สั่ง | O4: 0
A5: 3 | B5: GEJ59 | C5: ศิริพันธ์​ ดวงแก้ว | D5: facebook | F5: EMS | G5: 08/12/2025 15:59 | H5: 0 | I5: WB107300360TH | J5: 45 | K5: ของเคลม Shopee เนื่องจากลูกค้าได้รับสินค้าไม่ครบ | N5: ของเคลม LAZADA เนื่องจากลูกค้าไม่ได้รับสินค้า | O5: 0
A6: 4 | B6: GFG61 | C6: วรรณภา สิงห์หลอด | D6: facebook | F6: EMS | G6: 12/12/2025 09:05 | H6: 0 | I6: WB107736089TH | J6: 45 | K6: ของเคลม Tiktok เนื่องจากสินค้ามีรสชาติขม รสชาติ สีของขนม ผิดปกติ | N6: ของเคลม LAZADA เนื่องจากสินค้าเสียหายจากการขนส่ง | O6: 0
A7: 5 | B7: GFZ38 | C7: คุณพิจิกา | D7: facebook | E7: user74929219205 | F7: EMS | G7: 14/12/2025 09:29 | H7: 0 | I7: WB107899011TH | J7: 45 | K7: ของเคลม Tiktok เนื่องจากลูกค้าได้รับสินค้าไม่ครบ | N7: ของเคลม LAZADA เนื่องจากสินค้าเน่าเสียก่อนวันหมดอายุที่แจ้งข้างกล่อง | O7: 0
A8: 6 | B8: GGE36 | C8: K.เป้า | D8: facebook | F8: EMS | G8: 14/12/2025 17:22 | H8: 0 | I8: WB107898957TH | J8: 45 | K8: ของเคลม Shopee เนื่องจากลูกค้าได้รับสินค้าไม่ครบ | N8: ของเคลม LAZADA เนื่องจากสินค้ามีรสชาติขม รสชาติ สีของขนม ผิดปกติ | O8: 0
A9: 7 | B9: GGI95 | C9: ชนิชา อิ่มเจริญ | D9: facebook | F9: EMS | G9: 15/12/2025 08:41 | H9: 0 | I9: WB108036105TH | J9: 45 | K9: ของเคลม Tiktok เนื่องจากลูกค้าได้รับสินค้าไม่ครบ | N9: ของเคลม LAZADA เนื่องจากสินค้าไม่มี | O9: 0
A10: 8 | B10: GGY59 | C10: ณัฐกฤตา บุษรา | D10: facebook | F10: EMS | G10: 16/12/2025 13:41 | H10: 0 | I10: WB108143555TH | J10: 45 | K10: ของเคลม Shopee เนื่องจากลูกค้าได้รับสินค้าไม่ครบ | N10: ของเคลม LAZADA ไม่ทราบเหตุผล | O10: 0
A11: 9 | B11: GIH76 | C11: พัชรินทร์ นิ่มเจริญ | D11: facebook | F11: EMS | G11: 19/12/2025 16:54 | H11: 0 | I11: WB108515795TH | J11: 45 | K11: ของเคลม Tiktok เนื่องจากลูกค้าได้รับสินค้าไม่ครบ | N11: ของเคลม Shopee เนื่องจากลูกค้าได้รับสินค้าไม่ครบ | O11: 6
A12: 10 | B12: GKQ91 | C12: K.Yui S. | D12: facebook | F12: EMS | G12: 23/12/2025 16:03 | H12: 0 | I12: WB108958100TH | J12: 45 | K12: ของเคลม Shopee เนื่องจากลูกค้าได้รับสินค้าไม่ครบ | N12: ของเคลม Shopee เนื่องจากลูกค้าได้รับสินค้าผิดไม่ตรงตามที่สั่ง | O12: 0
A13: 11 | B13: GKR14 | C13: ศิรินยา โคตกำพี้ | D13: facebook | F13: EMS | G13: 23/12/2025 16:10 | H13: 0 | I13: WB108958095TH | J13: 45 | K13: ของเคลม Tiktok เนื่องจากลูกค้าได้รับสินค้าผิดไม่ตรงตามที่สั่ง | N13: ของเคลม Shopee เนื่องจากลูกค้าไม่ได้รับสินค้า | O13: 0
A14: 12 | B14: GKR35 | C14: คุณพัชรี พูนเพ็ชรประดับ | D14: facebook | F14: EMS | G14: 23/12/2025 16:18 | H14: 0 | I14: WB108958087TH | J14: 45 | K14: ของเคลม Tiktok เนื่องจากลูกค้าได้รับสินค้าไม่ครบ | N14: ของเคลม Shopee เนื่องจากสินค้าเสียหายจากการขนส่ง | O14: 0
A15: 13 | B15: GLS25 | C15: ยุพาวดี ภวังคานนท์ | D15: facebook | F15: EMS | G15: 25/12/2025 06:50 | H15: 0 | I15: WB109187610TH | J15: 45 | K15: ของเคลม Tiktok เนื่องจากลูกค้าได้รับสินค้าไม่ครบ | N15: ของเคลม Shopee เนื่องจากสินค้าเน่าเสียก่อนวันหมดอายุที่แจ้งข้างกล่อง | O15: 0
A16: 14 | B16: GLT43 | C16: ธัญลักษณ์ ศรีแก้ว | D16: facebook | F16: EMS | G16: 25/12/2025 08:04 | H16: 0 | I16: WB109188632TH | J16: 45 | K16: ของเคลม Shopee เนื่องจากลูกค้าได้รับสินค้าไม่ครบ | N16: ของเคลม Shopee เนื่องจากสินค้ามีรสชาติขม รสชาติ สีของขนม ผิดปกติ | O16: 0
A17: 15 | B17: GLU22 | C17: ทิพาพร ชูวงศ์วรพินิจ | D17: facebook | F17: EMS | G17: 25/12/2025 09:50 | H17: 0 | I17: WB109187597TH | J17: 45 | K17: ของเคลม Tiktok เนื่องจากลูกค้าได้รับสินค้าไม่ครบ | N17: ของเคลม Shopee เนื่องจากสินค้าไม่มี | O17: 0
A18: 16 | B18: GLY26 | C18: แพรว | D18: facebook | F18: EMS | G18: 25/12/2025 14:36 | H18: 0 | I18: WB109188663TH | J18: 45 | K18: ของเคลม Tiktok เนื่องจากลูกค้าได้รับสินค้าไม่ครบ | N18: ของเคลม Shopee ไม่ทราบเหตุผล | O18: 0
A19: 17 | B19: GMF89 | C19: อรรรณ ต้นบุญ | D19: facebook | F19: EMS | G19: 26/12/2025 11:29 | H19: 0 | I19: WB109318275TH | J19: 45 | K19: ของเคลม Tiktok เนื่องจากลูกค้าได้รับสินค้าไม่ครบ | N19: ของเคลม Line OA เนื่องจากลูกค้าได้รับสินค้าไม่ครบ | O19: 0
... A34: 32 | B34: GOD89 | C34: สุขุมา จันทร์สะอาด | D34: facebook | F34: EMS | G34: 31/12/2025 09:38 | H34: 0 | I34: TH130686DYH91D | J34: 45 | K34: ของเคลม Tiktok เนื่องจากลูกค้าได้รับสินค้าไม่ครบ | N34: ของเคลม Facebook , Facebook Live ไม่ทราบเหตุผล | O34: 0
A35: 33 | B35: GOD93 | C35: พิจิตรา จิตตสำเริง | D35: facebook | E35: พิจิตรา จิตตสำเริง | F35: EMS | G35: 31/12/2025 09:41 | H35: 0 | I35: TH014886DYH94B | J35: 45 | K35: ของเคลม ไปรษณีย์ เนื่องจากลูกค้าได้รับสินค้าไม่ครบ | N35: ของเคลม Tiktok เนื่องจากลูกค้าได้รับสินค้าไม่ครบ | O35: 24
A36: 34 | B36: GOD95 | C36: ปริสุทธา บ้านนาน่าดู | D36: facebook | E36: Parisudha Sudhamongkala | F36: EMS | G36: 31/12/2025 09:44 | H36: 0 | I36: TH540186DYH96K | J36: 45 | K36: ของเคลม ไปรษณีย์ เนื่องจากลูกค้าได้รับสินค้าไม่ครบ | N36: ของเคลม Tiktok เนื่องจากลูกค้าได้รับสินค้าผิดไม่ตรงตามที่สั่ง | O36: 1
A37: 35 | B37: GOF77 | C37: คุณนฤมล จีนแส | D37: facebook | F37: EMS | G37: 31/12/2025 15:06 | H37: 0 | I37: TH101086E0UR5D | J37: 45 | K37: ของเคลม Tiktok เนื่องจากลูกค้าได้รับสินค้าไม่ครบ | N37: ของเคลม Tiktok เนื่องจากลูกค้าไม่ได้รับสินค้า | O37: 0
N38: ของเคลม TikTok เนื่องจากสินค้าเสียหายจากการขนส่ง | O38: 0
N39: ของเคลม TikTok เนื่องจากสินค้าเน่าเสียก่อนวันหมดอายุที่แจ้งข้างกล่อง | O39: 0
N40: ของเคลม Tiktok เนื่องจากสินค้ามีรสชาติขม รสชาติ สีของขนม ผิดปกติ | O40: 1
N41: ของเคลม Tiktok เนื่องจากสินค้าไม่มี | O41: 0
N42: ของเคลม Tiktok ไม่ทราบเหตุผล | O42: 0
N43: ของเคลม ไปรษณีย์ เนื่องจากลูกค้าได้รับสินค้าไม่ครบ | O43: 2
N44: ของเคลม ไปรษณีย์ เนื่องจากลูกค้าได้รับสินค้าผิดไม่ตรงตามที่สั่ง | O44: 0
N45: ของเคลม ไปรษณีย์ เนื่องจากลูกค้าไม่ได้รับสินค้า | O45: 0
N46: ของเคลม ไปรษณีย์ เนื่องจากสินค้าเสียหายจากการขนส่ง | O46: 0
N47: ของเคลม ไปรษณีย์ เนื่องจากสินค้าเน่าเสียก่อนวันหมดอายุที่แจ้งข้างกล่อง | O47: 0
N48: ของเคลม ไปรษณีย์ เนื่องจากสินค้ามีรสชาติขม รสชาติ สีของขนม ผิดปกติ | O48: 0
N49: ของเคลม ไปรษณีย์ เนื่องจากสินค้าไม่มี | O49: 0
... N56: ไม่ทราบสาเหตุ | O56: 0
O57: =SUM(O3:O56) -> 35

Sheet ธ.ค. ยกเลิก
A1: สรุปรายการยกเลิกออเดอร์ ที่ออกเลขที่ออเดอร์แล้ว (เนื่องจากลูกค้าเอฟในไลฟ์สดแล้วไม่ยืนยันออเดอร์) เดือนธันวาคม 2568
A2: ลำดับ | B2: เลขที่ออเดอร์ | C2: ชื่อ | D2: ช่องทางติดต่อ | E2: ชื่อตามช่องทางติดต่อ | F2: ขนส่ง | G2: วันที่สร้าง | H2: ยอดขาย | I2: หมายเหตุ
A3: 1
A4: 2
A5: 3
A6: 4
A7: 5
A8: 6
A9: 7
A10: 8
A11: 9
A12: 10
A13: 11
A14: 12
... A35: 33
A36: 34 | L36: 5 | M36: 0 | N36: 949445234794894
A37: 35 | L37: 0 | M37: 0 | N37: 579761121031981675
A38: 36 | L38: 0 | M38: 0 | N38: 579761453882968867
A39: 37 | L39: 29 | M39: 0 | N39: 950045632510422
A40: 38 | L40: 6 | M40: 0 | N40: 579761867468146737
A41: 39 | L41: 0 | M41: 0 | N41: 579762010646481072
A42: 40 | L42: 38 | M42: 36 | N42: 241214SDTPK12R
A43: 41 | L43: 45 | M43: 0 | N43: 579763446067136880
A44: 42 | L44: 45 | M44: 0 | N44: 956892714996174
A45: 43 | L45: 29 | M45: 45 | N45: 241215T05XRKSE
A46: 44 | L46: 4 | M46: 0 | N46: 956871784485869
A47: 45 | L47: 5 | M47: 0 | N47: 958115746233162
... A100: 98 | L100: 48 | M100: 128 | N100: 241226SWBDGA0H
A101: 99
A102: 100
A103: 101
A104: 102
A105: 103
A106: 104
A107: 105

Sheet พ.ย. เคลม
A1: สรุปรายการส่งของเคลมสินค้า เดือนพฤศจิกายน 2568 | I1: รวมยอดเสียหายค่าขนส่งเพิ่มเติม | J1: =SUBTOTAL(9,J3:J100) -> 135 | K1: บาท
A2: ลำดับ | B2: เลขที่ออเดอร์ | C2: ชื่อ | D2: ช่องทางติดต่อ | E2: ชื่อตามช่องทางติดต่อ | F2: ขนส่ง | G2: วันที่สร้าง | H2: ยอดขาย | I2: เลขพัสดุ | J2: ค่าขนส่ง | K2: หมายเหตุ | L2: หมายเหตุ | N2: รายการ | O2: จำนวนออเดอร์
A3: 1 | B3: GAO64 | C3: รัตนา หลีอรัญ​ | D3: facebook | F3: EMS | G3: 08/11/2025 11:13 | H3: 08/11/2025 11:13 | I3: WB055194399TH | J3: 45 | K3: ของเคลม Tiktok เนื่องจากลูกค้าได้รับสินค้าไม่ครบ | N3: ของเคลม LAZADA เนื่องจากลูกค้าได้รับสินค้าไม่ครบ | O3: 0
A4: 2 | B4: GBB22 | C4: บริพัตร แวงวรรณ | D4: facebook | F4: EMS | G4: 12/11/2025 09:04 | H4: 12/11/2025 09:04 | I4: WB055638971TH | J4: 45 | K4: ของเคลม Tiktok เนื่องจากลูกค้าได้รับสินค้าไม่ครบ | N4: ของเคลม LAZADA เนื่องจากลูกค้าได้รับสินค้าผิดไม่ตรงตามที่สั่ง | O4: 0
A5: 3 | B5: GBB24 | C5: ธัญยธรณ์ | D5: facebook | F5: EMS | G5: 12/11/2025 09:07 | H5: 12/11/2025 09:07 | I5: WB055638985TH | J5: 45 | K5: ของเคลม Tiktok เนื่องจากลูกค้าได้รับสินค้าไม่ครบ | N5: ของเคลม LAZADA เนื่องจากลูกค้าไม่ได้รับสินค้า | O5: 0
A6: 4 | N6: ของเคลม LAZADA เนื่องจากสินค้าเสียหายจากการขนส่ง | O6: 0
A7: 5 | N7: ของเคลม LAZADA เนื่องจากสินค้าเน่าเสียก่อนวันหมดอายุที่แจ้งข้างกล่อง | O7: 0
A8: 6 | N8: ของเคลม LAZADA เนื่องจากสินค้ามีรสชาติขม รสชาติ สีของขนม ผิดปกติ | O8: 0
A9: 7 | N9: ของเคลม LAZADA เนื่องจากสินค้าไม่มี | O9: 0
A10: 8 | N10: ของเคลม LAZADA ไม่ทราบเหตุผล | O10: 0
A11: 9 | N11: ของเคลม Shopee เนื่องจากลูกค้าได้รับสินค้าไม่ครบ | O11: 0
A12: 10 | N12: ของเคลม Shopee เนื่องจากลูกค้าได้รับสินค้าผิดไม่ตรงตามที่สั่ง | O12: 0
A13: 11 | N13: ของเคลม Shopee เนื่องจากลูกค้าไม่ได้รับสินค้า | O13: 0
A14: 12 | N14: ของเคลม Shopee เนื่องจากสินค้าเสียหายจากการขนส่ง | O14: 0
A15: 13 | N15: ของเคลม Shopee เนื่องจากสินค้าเน่าเสียก่อนวันหมดอายุที่แจ้งข้างกล่อง | O15: 0
A16: 14 | N16: ของเคลม Shopee เนื่องจากสินค้ามีรสชาติขม รสชาติ สีของขนม ผิดปกติ | O16: 0
A17: 15 | N17: ของเคลม Shopee เนื่องจากสินค้าไม่มี | O17: 0
... A56: 54 | N56: ไม่ทราบสาเหตุ | O56: 0
A57: 55 | O57: =SUM(O3:O56) -> 3
A58: 56
A59: 57
A60: 58
A61: 59
A62: 60
A63: 61
A64: 62
A65: 63 | Y65: -
A66: 64 | Y66: -
A67: 65 | Y67: -
A68: 66
A69: 67
A70: 68
A71: 69
A72: 70
A73: 71
A74: 72
A75: 73
A76: 74 | Y76: -
A77: 75 | Y77: -
A78: 76 | Y78: -
A79: 77 | Y79: -
A80: 78 | Y80: -
A81: 79 | Y81: 909818280052305
A82: 80 | Y82: 909927229068620
A83: 81 | Y83: 910173202152305
A84: 82 | Y84: 910217849932292
A85: 83 | Y85: 910256024179950
A86: 84 | Y86: 916392963176220
A87: 85 | Y87: 916405363764070
... A95: 93 | Y95: -
A96: 94
A97: 95
A98: 96
A99: 97
A100: 98
A101: 99
A102: 100
A103: 101
A104: 102
A105: 103
A106: 104
A107: 105
... A148: 146

Sheet พ.ย. ยกเลิก
A1: สรุปรายการยกเลิกออเดอร์ ที่ออกเลขที่ออเดอร์แล้ว (เนื่องจากลูกค้าเอฟในไลฟ์สดแล้วไม่ยืนยันออเดอร์) เดือนพฤศจิกายน 2568
A2: ลำดับ | B2: เลขที่ออเดอร์ | C2: ชื่อ | D2: ช่องทางติดต่อ | E2: ชื่อตามช่องทางติดต่อ | F2: ขนส่ง | G2: วันที่สร้าง | H2: ยอดขาย | I2: หมายเหตุ
A3: 1
A4: 2
A5: 3
A6: 4
A7: 5
A8: 6
A9: 7
A10: 8
A11: 9
A12: 10
A13: 11
A14: 12
... A29: 27
A30: 28 | M30: 0 | N30: 900801206010597
A31: 29 | M31: 0 | N31: 906815728009721
A32: 30 | M32: 0 | N32: 579242639958051041
A33: 31 | M33: 0 | N33: 579242905526438911
A34: 32 | M34: 0 | N34: 579243224466492155
A35: 33 | M35: 0 | N35: 579243224846732027
A36: 34 | M36: 0 | N36: 579243248210118704
A37: 35 | M37: 0 | N37: 901053020741847
A38: 36
A39: 37
A40: 38
A41: 39
A42: 40
A43: 41
A44: 42
A45: 43
A46: 44
A47: 45
A48: 46
A49: 47
A50: 48
G51: ยอดรวม | H51: =SUM(H3:H50) -> 0 | I51: บาท

Sheet ต.ค. เคลม
A1: สรุปรายการส่งของเคลมสินค้า เดือนตุลาคม 2568 | I1: รวมยอดเสียหายค่าขนส่งเพิ่มเติม | J1: =SUBTOTAL(9,J3:J5) -> 135 | K1: บาท
A2: ลำดับ | B2: เลขที่ออเดอร์ | C2: ชื่อ | D2: ช่องทางติดต่อ | E2: ชื่อตามช่องทางติดต่อ | F2: ขนส่ง | G2: วันที่สร้าง | H2: ยอดขาย | I2: เลขพัสดุ | J2: ค่าขนส่ง | K2: หมายเหตุ | L2: หมายเหตุ | N2: รายการ | O2: จำนวนออเดอร์
A3: 1 | B3: FWP50 | C3: เกสร ฟักสกุล | D3: facebook | F3: EMS | G3: 02/10/2025 08:21 | H3: 0 | I3: WB010814469TH | J3: 45 | K3: ของเคลม Tiktok เนื่องจากลูกค้าได้รับสินค้าไม่ครบ | L3: เคลม tiktok หมายเลขคำสั่งซื้อ : 580486292627359126 | N3: ของเคลม LAZADA เนื่องจากลูกค้าได้รับสินค้าไม่ครบ | O3: 0
A4: 2 | B4: FWW99 | C4: นางสาวกุลิสรา ดาวกระจ่าง | D4: facebook | F4: EMS | G4: 04/10/2025 08:27 | H4: 0 | I4: WB011102725TH | J4: 45 | K4: ของเคลม Tiktok เนื่องจากลูกค้าได้รับสินค้าไม่ครบ | L4: **เคลมติ๊กต่อกคำสั่งซื้อ 580584770021000316 | N4: ของเคลม LAZADA เนื่องจากลูกค้าได้รับสินค้าผิดไม่ตรงตามที่สั่ง | O4: 0
A5: 3 | B5: FXF68 | C5: จันจิรา เทพนุกูล | D5: facebook | F5: EMS | G5: 06/10/2025 13:18 | H5: 0 | I5: WB011293716TH | J5: 45 | K5: ของเคลม Tiktok เนื่องจากลูกค้าได้รับสินค้าไม่ครบ | L5: *****เคลมติ๊กต่อกเลขออเดอร์: 580478328699586036 | N5: ของเคลม LAZADA เนื่องจากลูกค้าไม่ได้รับสินค้า | O5: 0
N6: ของเคลม LAZADA เนื่องจากสินค้าเสียหายจากการขนส่ง | O6: 0
N7: ของเคลม LAZADA เนื่องจากสินค้าเน่าเสียก่อนวันหมดอายุที่แจ้งข้างกล่อง | O7: 0
N8: ของเคลม LAZADA เนื่องจากสินค้ามีรสชาติขม รสชาติ สีของขนม ผิดปกติ | O8: 0
N9: ของเคลม LAZADA เนื่องจากสินค้าไม่มี | O9: 0
N10: ของเคลม LAZADA ไม่ทราบเหตุผล | O10: 0
N11: ของเคลม Shopee เนื่องจากลูกค้าได้รับสินค้าไม่ครบ | O11: 0
N12: ของเคลม Shopee เนื่องจากลูกค้าได้รับสินค้าผิดไม่ตรงตามที่สั่ง | O12: 0
N13: ของเคลม Shopee เนื่องจากลูกค้าไม่ได้รับสินค้า | O13: 0
N14: ของเคลม Shopee เนื่องจากสินค้าเสียหายจากการขนส่ง | O14: 0
N15: ของเคลม Shopee เนื่องจากสินค้าเน่าเสียก่อนวันหมดอายุที่แจ้งข้างกล่อง | O15: 0
N16: ของเคลม Shopee เนื่องจากสินค้ามีรสชาติขม รสชาติ สีของขนม ผิดปกติ | O16: 0
N17: ของเคลม Shopee เนื่องจากสินค้าไม่มี | O17: 0
... N56: ไม่ทราบสาเหตุ | O56: 0
O57: =SUM(O3:O56) -> 3
Y65: -
Y66: -
Y67: -
Y68: 915654159752305
Y69: -
Y70: -
Y71: -
Y72: -
Y73: -
Y74: 915772949752620
Y75: -
Y76: -
... Y95: -

Sheet ต.ค. ยกเลิก
A1: สรุปรายการยกเลิกออเดอร์ ที่ออกเลขที่ออเดอร์แล้ว (เนื่องจากลูกค้าเอฟในไลฟ์สดแล้วไม่ยืนยันออเดอร์) เดือนตุลาคม 2568
A2: ลำดับ | B2: เลขที่ออเดอร์ | C2: ชื่อ | D2: ช่องทางติดต่อ | E2: ชื่อตามช่องทางติดต่อ | F2: ขนส่ง | G2: วันที่สร้าง | H2: ยอดขาย | I2: หมายเหตุ
A3: 1
A4: 2
A5: 3
A6: 4
A7: 5
A8: 6
A9: 7
A10: 8
A11: 9
A12: 10
A13: 11
A14: 12
... A29: 27
A30: 28 | M30: 0 | N30: 900801206010597
A31: 29 | M31: 0 | N31: 906815728009721
A32: 30 | M32: 0 | N32: 579242639958051041
A33: 31 | M33: 0 | N33: 579242905526438911
A34: 32 | M34: 0 | N34: 579243224466492155
A35: 32 | M35: 0 | N35: 579243224846732027
A36: 32 | M36: 0 | N36: 579243248210118704
A37: 32 | M37: 0 | N37: 901053020741847
A38: 33
A39: 34
A40: 35
A41: 36
A42: 37
A43: 38
A44: 39
A45: 40
A46: 41
A47: 42
M54: 0 | N54: 901056403841847
M55: 0 | N55: 579244585222638440
M56: 112 | N56: 2408258PXV00HR
G58: ยอดรวม | H58: =SUM(H3:H57) -> 0 | I58: บาท

Sheet ก.ย. เคลม
A1: สรุปรายการส่งของเคลมสินค้า เดือนกันยายน 2568 | I1: รวมยอดเสียหายค่าขนส่งเพิ่มเติม | J1: =SUBTOTAL(9,J3:J10) -> 360 | K1: บาท
A2: ลำดับ | B2: เลขที่ออเดอร์ | C2: ชื่อ | D2: ช่องทางติดต่อ | E2: ชื่อตามช่องทางติดต่อ | F2: ขนส่ง | G2: วันที่สร้าง | H2: ยอดขาย | I2: เลขพัสดุ | J2: ค่าขนส่ง | K2: หมายเหตุ | L2: หมายเหตุ | N2: รายการ | O2: จำนวนออเดอร์
A3: 1 | B3: FTM90 | C3: กาญจณี พานนนท์ | D3: facebook | F3: EMS | G3: 06/09/2025 09:39 | H3: 0 | I3: JB341057895TH | J3: 45 | K3: ของเคลม TikTok เนื่องจากสินค้าเน่าเสียก่อนวันหมดอายุที่แจ้งข้างกล่อง | L3: เคลม tiktok หมายเลขคำสั่งซื้อ : 580100090685261487เนื่องจาก ขนมปังขึ้นราก่อนวันหมดอายุ | N3: ของเคลม LAZADA เนื่องจากลูกค้าได้รับสินค้าไม่ครบ | O3: 0
A4: 2 | B4: FTM92 | C4: น.ส.สุจินต์ นารอด | D4: facebook | F4: EMS | G4: 06/09/2025 09:40 | H4: 0 | I4: JB341057904TH | J4: 45 | K4: ของเคลม LAZADA เนื่องจากสินค้ามีรสชาติขม รสชาติ สีของขนม ผิดปกติ | L4: เคลม lazada หมายเลขคำสั่งซื้อ : 1040673311206033เนื่องจาก ขนมปังขึ้นราก่อนวันหมดอายุ | N4: ของเคลม LAZADA เนื่องจากลูกค้าได้รับสินค้าผิดไม่ตรงตามที่สั่ง | O4: 0
A5: 3 | B5: FTZ86 | C5: เรวัติ อินประสิทธิ์ | D5: facebook | F5: EMS | G5: 09/09/2025 13:48 | H5: 0 | I5: JB341395779TH | J5: 45 | K5: ของเคลม Shopee เนื่องจากสินค้าเน่าเสียก่อนวันหมดอายุที่แจ้งข้างกล่อง | L5: เคลม shopee หมายเลขคำสั่งซื้อ : 25092EGTDWU3Hเนื่องจาก ขึ้นราก่อนวันหมดอายุ | N5: ของเคลม LAZADA เนื่องจากลูกค้าไม่ได้รับสินค้า | O5: 0
A6: 4 | B6: FTZ95 | C6: สมถวิล. โป๊ะประนม | D6: facebook | F6: EMS | G6: 09/09/2025 14:11 | H6: 0 | I6: JB341395751TH | J6: 45 | K6: ของเคลม LAZADA เนื่องจากสินค้ามีรสชาติขม รสชาติ สีของขนม ผิดปกติ | L6: เคลม lazada1040668503644397,1034092490144397เนื่องจากขัึ้นราก่อนวันหมดอายุ | N6: ของเคลม LAZADA เนื่องจากสินค้าเสียหายจากการขนส่ง | O6: 0
A7: 5 | B7: FUA11 | C7: วัดถ้ำสหาย | D7: line_oa | E7: พุทโธ | F7: EMS | G7: 09/09/2025 14:44 | H7: 0 | I7: JB341395725TH | J7: 45 | K7: เคลมเนื่องจากส่งสินค้าผิด | L7: เคลมส่งของผิด | N7: ของเคลม LAZADA เนื่องจากสินค้าเน่าเสียก่อนวันหมดอายุที่แจ้งข้างกล่อง | O7: 3
A8: 6 | B8: FUC41 | C8: นางสาวศรวณีย์ ทุมโนน้อย | D8: facebook | F8: EMS | G8: 10/09/2025 13:29 | H8: 0 | I8: JB341511792TH | J8: 45 | K8: ของเคลม TikTok เนื่องจากสินค้าเน่าเสียก่อนวันหมดอายุที่แจ้งข้างกล่อง | L8: ช่องทางติ้กต่อก เลขออเดอร์ 580141956021584905**สินค้าขึ้นราก่อนวันหมดอายุ** | N8: ของเคลม LAZADA เนื่องจากสินค้ามีรสชาติขม รสชาติ สีของขนม ผิดปกติ | O8: 0
A9: 7 | B9: FUE71 | C9: ปริศนา โทแก้ว | D9: facebook | F9: EMS | G9: 11/09/2025 10:11 | H9: 0 | I9: JB341636038TH | J9: 45 | K9: ของเคลม LAZADA เนื่องจากสินค้ามีรสชาติขม รสชาติ สีของขนม ผิดปกติ | L9: เคลม lazada หมายเลขคำสั่งซื้อ : 1034801011400016เนื่องจากขึ้นราก่อนวันหมดอายุ | N9: ของเคลม LAZADA เนื่องจากสินค้าไม่มี | O9: 0
A10: 8 | B10: FVW11 | C10: พระวันชัย เฮงรวยบุญ | D10: facebook | F10: EMS | G10: 25/09/2025 11:59 | H10: 0 | I10: WB010444406TH | J10: 45 | K10: ของเคลม TikTok เนื่องจากสินค้าเน่าเสียก่อนวันหมดอายุที่แจ้งข้างกล่อง | L10: ***เคลมtiktokหมายเลขคำซื้อ 580453626340083661 | N10: ของเคลม LAZADA ไม่ทราบเหตุผล | O10: 0
N11: ของเคลม Shopee เนื่องจากลูกค้าได้รับสินค้าไม่ครบ | O11: 0
N12: ของเคลม Shopee เนื่องจากลูกค้าได้รับสินค้าผิดไม่ตรงตามที่สั่ง | O12: 0
N13: ของเคลม Shopee เนื่องจากลูกค้าไม่ได้รับสินค้า | O13: 0
N14: ของเคลม Shopee เนื่องจากสินค้าเสียหายจากการขนส่ง | O14: 0
N15: ของเคลม Shopee เนื่องจากสินค้าเน่าเสียก่อนวันหมดอายุที่แจ้งข้างกล่อง | O15: 1
N16: ของเคลม Shopee เนื่องจากสินค้ามีรสชาติขม รสชาติ สีของขนม ผิดปกติ | O16: 0
N17: ของเคลม Shopee เนื่องจากสินค้าไม่มี | O17: 0
N18: ของเคลม Shopee ไม่ทราบเหตุผล | O18: 0
N19: ของเคลม Line OA เนื่องจากลูกค้าได้รับสินค้าไม่ครบ | O19: 0
N20: ของเคลม Line OA เนื่องจากลูกค้าได้รับสินค้าผิดไม่ตรงตามที่สั่ง | O20: 0
N21: ของเคลม Line OA เนื่องจากลูกค้าไม่ได้รับสินค้า | O21: 0
N22: ของเคลม Line OA เนื่องจากสินค้าเสียหายจากการขนส่ง | O22: 0
... N56: ไม่ทราบสาเหตุ | O56: 0
O57: =SUM(O3:O56) -> 8
Z65: -
Z66: -
Z67: -
Z68: 915654159752305
Z69: -
Z70: -
Z71: -
Z72: -
Z73: -
Z74: 915772949752620
Z75: -
Z76: -
... Z95: -

Sheet ก.ย. ยกเลิก
A1: สรุปรายการยกเลิกออเดอร์ ที่ออกเลขที่ออเดอร์แล้ว (เนื่องจากลูกค้าเอฟในไลฟ์สดแล้วไม่ยืนยันออเดอร์) เดือนกันยายน 2568
A2: ลำดับ | B2: เลขที่ออเดอร์ | C2: ชื่อ | D2: ช่องทางติดต่อ | E2: ชื่อตามช่องทางติดต่อ | F2: ขนส่ง | G2: วันที่สร้าง | H2: ยอดขาย | I2: หมายเหตุ
A3: 1 | B3: FWH8 | C3: สุวรรณา ชินวงษเกตุ | D3: Lazada | F3: Kerry_dropoff | G3: 29/09/2025 15:10 | H3: 83 | I3: สรุปออเดอร์แล้ว ลูกค้ายกเลิก
G4: ยอดรวม | H4: 83 | I4: บาท
M30: 0 | N30: 900801206010597
M31: 0 | N31: 906815728009721
M32: 0 | N32: 579242639958051041
M33: 0 | N33: 579242905526438911
M34: 0 | N34: 579243224466492155
L35: 0 | M35: 579243224846732027
L36: 0 | M36: 579243248210118704

Sheet ส.ค. เคลม
A1: สรุปรายการส่งของเคลมสินค้า เดือนสิงหาคม 2568 | I1: รวมยอดเสียหายค่าขนส่งเพิ่มเติม | J1: =SUBTOTAL(9,J3:J12) -> 450 | K1: บาท
A2: ลำดับ | B2: เลขที่ออเดอร์ | C2: ชื่อ | D2: ช่องทางติดต่อ | E2: ชื่อตามช่องทางติดต่อ | F2: ขนส่ง | G2: วันที่สร้าง | H2: ยอดขาย | I2: เลขพัสดุ | J2: ค่าขนส่ง | K2: หมายเหตุ | L2: หมายเหตุ | N2: รายการ | O2: จำนวนออเดอร์
A3: 1 | B3: FQL85 | C3: ชนัญญา. คนึงเหตุ | D3: facebook | F3: EMS | G3: 01/08/2025 08:45 | H3: 0 | I3: JB294211029TH | J3: 45 | K3: ของเคลม ตัวแทนเส้น | L3: เคลม บิลเส้น ส่งของขาด | N3: ของเคลม LAZADA เนื่องจากลูกค้าได้รับสินค้าไม่ครบ | O3: 0
A4: 2 | B4: FQP57 | C4: ประทุม บูรณารมย์ | D4: facebook | F4: EMS | G4: 04/08/2025 08:53 | H4: 0 | I4: JB294683111TH | J4: 45 | K4: ของเคลม Tiktok เนื่องจากสินค้ามีรสชาติขม รสชาติ สีของขนม ผิดปกติ | L4: เคลม TIKTOK หมายเลขคำสั่งซื้อ : 579664450951546095เนื่องจากสินค้า ที่เป็นครีมฮอร์นของทางร้าน ผลิตไม่ทันจึงทำให้การจัดส่งออเดอร์ไม่ครบถ้วน จึงเคลมสินค้าตัวแื่นให้คุณลูกค้าแทน | N4: ของเคลม LAZADA เนื่องจากลูกค้าได้รับสินค้าผิดไม่ตรงตามที่สั่ง | O4: 0
A5: 3 | B5: FRA39 | C5: กิตติมา ฮวดวิเศษ | D5: facebook | F5: EMS | G5: 08/08/2025 14:12 | H5: 0 | I5: JB337938037TH | J5: 45 | K5: ของเคลม Shopee เนื่องจากสินค้าเน่าเสียก่อนวันหมดอายุที่แจ้งข้างกล่อง | L5: เคลม ช้อปปี้ เลขออเดอร์ 250729DB72FBYD**สินค้าขึ้นราก่อนหมดอายุ** | N5: ของเคลม LAZADA เนื่องจากลูกค้าไม่ได้รับสินค้า | O5: 0
A6: 4 | B6: FRH84 | C6: สุริตา หนูกลับ | D6: facebook | F6: EMS | G6: 13/08/2025 09:02 | H6: 0 | I6: JB338407769TH | J6: 45 | K6: ของเคลม Shopee เนื่องจากลูกค้าได้รับสินค้าผิดไม่ตรงตามที่สั่ง | L6: เคลม Shopee (1)50801N7QD5D1Sเนื่องจากสินค้าขึ้นราก่อนวันหมดอายุ 50804UEFHQCS2 เนื่องจากขนมปังมีกลิ่นเปรี้ยว ก่อนวันหมดอายุ | N6: ของเคลม LAZADA เนื่องจากสินค้าเสียหายจากการขนส่ง | O6: 0
A7: 5 | B7: FRI6 | C7: คุณสมชาย ฉาบเชย | D7: facebook | F7: EMS | G7: 13/08/2025 10:20 | H7: 0 | I7: JB338407786TH | J7: 45 | K7: ของเคลม Shopee เนื่องจากสินค้าเน่าเสียก่อนวันหมดอายุที่แจ้งข้างกล่อง | L7: เคลม LAZADA หมายเลขคำสั่งซื้อ : 103453793647678เนื่องจากขนมปังขึ้นราก่อนวันหมดอายุ | N7: ของเคลม LAZADA เนื่องจากสินค้าเน่าเสียก่อนวันหมดอายุที่แจ้งข้างกล่อง | O7: 0
A8: 6 | B8: FRP15 | C8: ปราณี ภาคสวรรค์ | D8: facebook | F8: EMS | G8: 17/08/2025 16:20 | H8: 0 | I8: JB338775556TH | J8: 45 | K8: ของเคลม ตัวแทนเส้น | L8: เคลมของเสีย ลูกค้าหน้าร้าน | N8: ของเคลม LAZADA เนื่องจากสินค้ามีรสชาติขม รสชาติ สีของขนม ผิดปกติ | O8: 0
A9: 7 | B9: FRR21 | C9: กนกลักษณ์ แจ้งกิจ | D9: facebook | F9: EMS | G9: 19/08/2025 08:42 | H9: 0 | I9: JB339022495TH | J9: 45 | K9: ของเคลม Shopee เนื่องจากสินค้าเน่าเสียก่อนวันหมดอายุที่แจ้งข้างกล่อง | L9: เคลม Shopee หมายเลขคำสั่งซื้อ : 250811FQPUKPDNขนมปังขึ้นราก่อนวันหมดอายุ | N9: ของเคลม LAZADA เนื่องจากสินค้าไม่มี | O9: 0
A10: 8 | B10: FRU19 | C10: กรแก้ว วิศวเวชเมธี | D10: facebook | F10: EMS | G10: 20/08/2025 11:48 | H10: 0 | I10: JB339141974TH | J10: 45 | K10: ของเคลม Shopee เนื่องจากลูกค้าได้รับสินค้าไม่ครบ | L10: เคลม Shopee หมายเลขคำสั่งซื้อ 25081848G1DMTC** ได้รับสินค้าไม่ครบ ** | N10: ของเคลม LAZADA ไม่ทราบเหตุผล | O10: 0
A11: 9 | B11: FSA52 | C11: พจนีย์ ชัยพานิช | D11: facebook | F11: EMS | G11: 22/08/2025 13:19 | H11: 0 | I11: JB339354740TH | J11: 45 | K11: ของเคลม Shopee เนื่องจากลูกค้าได้รับสินค้าผิดไม่ตรงตามที่สั่ง | L11: เคลม Shopee เลขออเดอร์ 250809AT2U5FGE** สินค้าในกล่องมีแค่ 2 รส ** | N11: ของเคลม Shopee เนื่องจากลูกค้าได้รับสินค้าไม่ครบ | O11: 1
A12: 10 | B12: FSJ72 | C12: เคลม TIKTOK | D12: facebook | F12: EMS | G12: 27/08/2025 08:36 | H12: 0 | I12: JB339921618TH | J12: 45 | K12: ของเคลม Tiktok เนื่องจากสินค้ามีรสชาติขม รสชาติ สีของขนม ผิดปกติ | L12: เคลม TIKTOK หมายเลขคำสั่งซื้อ : 580085332761216238เนื่องจากซีนไม่ดี ทำให้มดขึ้นในขนม | N12: ของเคลม Shopee เนื่องจากลูกค้าได้รับสินค้าผิดไม่ตรงตามที่สั่ง | O12: 2
N13: ของเคลม Shopee เนื่องจากลูกค้าไม่ได้รับสินค้า | O13: 0
N14: ของเคลม Shopee เนื่องจากสินค้าเสียหายจากการขนส่ง | O14: 0
N15: ของเคลม Shopee เนื่องจากสินค้าเน่าเสียก่อนวันหมดอายุที่แจ้งข้างกล่อง | O15: 3
N16: ของเคลม Shopee เนื่องจากสินค้ามีรสชาติขม รสชาติ สีของขนม ผิดปกติ | O16: 2
N17: ของเคลม Shopee เนื่องจากสินค้าไม่มี | O17: 0
N18: ของเคลม Shopee ไม่ทราบเหตุผล | O18: 0
N19: ของเคลม Line OA เนื่องจากลูกค้าได้รับสินค้าไม่ครบ | O19: 0
N20: ของเคลม Line OA เนื่องจากลูกค้าได้รับสินค้าผิดไม่ตรงตามที่สั่ง | O20: 0
N21: ของเคลม Line OA เนื่องจากลูกค้าไม่ได้รับสินค้า | O21: 0
N22: ของเคลม Line OA เนื่องจากสินค้าเสียหายจากการขนส่ง | O22: 0
N23: ของเคลม Line OA เนื่องจากสินค้าเน่าเสียก่อนวันหมดอายุที่แจ้งข้างกล่อง | O23: 0
N24: ของเคลม Line OA เนื่องจากสินค้ามีรสชาติขม รสชาติ สีของขนม ผิดปกติ | O24: 0
... N56: ไม่ทราบสาเหตุ | O56: 0
O57: =SUM(O3:O56) -> 10

Sheet ส.ค. ยกเลิก
A1: สรุปรายการยกเลิกออเดอร์ ที่ออกเลขที่ออเดอร์แล้ว (เนื่องจากลูกค้าเอฟในไลฟ์สดแล้วไม่ยืนยันออเดอร์) เดือนสิงหาคม 2568
A2: ลำดับ | B2: เลขที่ออเดอร์ | C2: ชื่อ | D2: ช่องทางติดต่อ | E2: ชื่อตามช่องทางติดต่อ | F2: ขนส่ง | G2: วันที่สร้าง | H2: ยอดขาย | I2: หมายเหตุ
A3: 1 | B3: FSS18 | C3: บังยูฮัน เลขที่ **, **********(อั้ม) | D3: Lazada | F3: Kerry_dropoff | G3: 30/08/2025 00:24 | H3: 261.8 | I3: สรุปออเดอร์แล้ว ลูกค้ายกเลิก
A4: 2 | B4: FSW19 | D4: Tiktok | E4: 7494202018835958588 | F4: Next-day delivery | G4: 31/08/2025 15:49 | H4: 100 | I4: สรุปออเดอร์แล้ว ลูกค้ายกเลิก
A5: 3 | B5: FSW39 | C5: นิรชร แสงรังสี | D5: Lazada | F5: Kerry_dropoff | G5: 31/08/2025 16:02 | H5: 68.6 | I5: สรุปออเดอร์แล้ว ลูกค้ายกเลิก
A6: 4 | B6: FSW78 | D6: Tiktok | E6: 7494027956654409254 | F6: Next-day delivery | G6: 31/08/2025 18:25 | H6: 100 | I6: สรุปออเดอร์แล้ว ลูกค้ายกเลิก
A7: 5 | B7: FSX16 | D7: Tiktok | E7: 7494037441075774952 | F7: Next-day delivery | G7: 31/08/2025 20:07 | H7: 100 | I7: สรุปออเดอร์แล้ว ลูกค้ายกเลิก
G8: ยอดรวม | H8: =SUM(H3:H7) -> 630.4 | I8: บาท
L30: 4 | M30: 0 | N30: 900801206010597
L31: 14 | M31: 0 | N31: 906815728009721
L32: 0 | M32: 0 | N32: 579242639958051041
L33: 45 | M33: 0 | N33: 579242905526438911
L34: 0 | M34: 0 | N34: 579243224466492155
L35: 29 | M35: 0 | N35: 579243224846732027
L36: 0 | M36: 0 | N36: 579243248210118704
L37: 5 | M37: 0 | N37: 901053020741847
L38: 5 | M38: 0 | N38: 901056403841847
L39: 0 | M39: 0 | N39: 579244585222638440
L40: 104 | M40: 112 | N40: 2408258PXV00HR

Sheet ก.ค. เคลม
A1: สรุปรายการส่งของเคลมสินค้า เดือนกรกฎาคม 2568 | I1: รวมยอดเสียหายค่าขนส่งเพิ่มเติม | J1: =SUBTOTAL(9,J3:J22) -> 900 | K1: บาท
A2: ลำดับ | B2: เลขที่ออเดอร์ | C2: ชื่อ | D2: ช่องทางติดต่อ | E2: ชื่อตามช่องทางติดต่อ | F2: ขนส่ง | G2: วันที่สร้าง | H2: ยอดขาย | I2: เลขพัสดุ | J2: ค่าขนส่ง | K2: หมายเหตุ | L2: หมายเหตุ | N2: รายการ | O2: จำนวนออเดอร์
A3: 1 | B3: FNQ87 | C3: ไพรัช ญาโนภาส | D3: facebook | E3: ลูกค้าเพื่อนคุณแม่ | F3: EMS | G3: 01/07/2025 08:56 | H3: 0 | I3: JB265877336TH | J3: 45 | K3: ของคุณแม่ส่งให้เพื่อน | N3: ของเคลม LAZADA เนื่องจากลูกค้าได้รับสินค้าไม่ครบ | O3: 0
A4: 2 | B4: FOP27 | C4: ธันยพร ประคำ | D4: facebook | F4: EMS | G4: 07/07/2025 11:18 | H4: 0 | I4: JB291765148TH | J4: 45 | K4: ของเคลม Tiktok เนื่องจากลูกค้าได้รับสินค้าไม่ครบ | N4: ของเคลม LAZADA เนื่องจากลูกค้าได้รับสินค้าผิดไม่ตรงตามที่สั่ง | O4: 0
A5: 3 | B5: FPG8 | C5: ธณัลฐิวรรธน์ | D5: facebook | F5: EMS | G5: 13/07/2025 08:31 | H5: 0 | I5: JB292321066TH | J5: 45 | K5: ของเคลม TikTok เนื่องจากสินค้าเน่าเสียก่อนวันหมดอายุที่แจ้งข้างกล่อง | N5: ของเคลม LAZADA เนื่องจากลูกค้าไม่ได้รับสินค้า | O5: 0
A6: 4 | B6: FPK30 | C6: ธนวรรณ เครือแป้น | D6: line_oa | E6: Tuck 91♾ | F6: EMS | G6: 14/07/2025 10:54 | H6: 0 | I6: JB292351385TH | J6: 45 | K6: ของเคลม ตัวแทนเส้น | N6: ของเคลม LAZADA เนื่องจากสินค้าเสียหายจากการขนส่ง | O6: 0
A7: 5 | B7: FPL94 | C7: น.ส.สุจินต์ นารอด | D7: facebook | F7: EMS | G7: 15/07/2025 08:51 | H7: 0 | I7: JB292555432TH | J7: 45 | K7: ของเคลม TikTok เนื่องจากสินค้าเน่าเสียก่อนวันหมดอายุที่แจ้งข้างกล่อง | N7: ของเคลม LAZADA เนื่องจากสินค้าเน่าเสียก่อนวันหมดอายุที่แจ้งข้างกล่อง | O7: 2
A8: 6 | B8: FPU1 | C8: วันเผด็จ อังคณา | D8: line_oa | E8: Sukanyar Angkana | F8: EMS | G8: 20/07/2025 11:50 | H8: 0 | I8: JB293031989TH | J8: 45 | K8: ของเคลม Tiktok เนื่องจากลูกค้าได้รับสินค้าไม่ครบ | N8: ของเคลม LAZADA เนื่องจากสินค้ามีรสชาติขม รสชาติ สีของขนม ผิดปกติ | O8: 0
A9: 7 | B9: FPU12 | C9: ปริศนา โทแก้ว | D9: facebook | F9: EMS | G9: 20/07/2025 13:33 | H9: 0 | I9: JB293031992TH | J9: 45 | K9: ของเคลม TikTok เนื่องจากสินค้าเน่าเสียก่อนวันหมดอายุที่แจ้งข้างกล่อง | N9: ของเคลม LAZADA เนื่องจากสินค้าไม่มี | O9: 0
A10: 8 | B10: FPU21 | C10: ยุพิน พันวา | D10: facebook | F10: EMS | G10: 20/07/2025 14:30 | H10: 0 | I10: JB293032009TH | J10: 45 | K10: ของเคลม Tiktok เนื่องจากลูกค้าได้รับสินค้าไม่ครบ | N10: ของเคลม LAZADA ไม่ทราบเหตุผล | O10: 0
A11: 9 | B11: FPU44 | C11: นิติญา | D11: facebook | F11: EMS | G11: 20/07/2025 15:43 | H11: 0 | I11: JB293031975TH | J11: 45 | K11: ของเคลม Tiktok เนื่องจากลูกค้าได้รับสินค้าไม่ครบ | N11: ของเคลม Shopee เนื่องจากลูกค้าได้รับสินค้าไม่ครบ | O11: 0
A12: 10 | B12: FPV33 | C12: นายพิศรุต เนตรคำ | D12: facebook | F12: EMS | G12: 21/07/2025 10:13 | H12: 0 | I12: JB293162247TH | J12: 45 | K12: ของเคลม Tiktok เนื่องจากลูกค้าได้รับสินค้าไม่ครบ | N12: ของเคลม Shopee เนื่องจากลูกค้าได้รับสินค้าผิดไม่ตรงตามที่สั่ง | O12: 0
A13: 11 | B13: FPV55 | C13: กรรณิการ์ ฉายเเก้ว | D13: facebook | F13: EMS | G13: 21/07/2025 13:31 | H13: 0 | I13: JB293162220TH | J13: 45 | K13: ของเคลม LAZADA เนื่องจากสินค้าเน่าเสียก่อนวันหมดอายุที่แจ้งข้างกล่อง | N13: ของเคลม Shopee เนื่องจากลูกค้าไม่ได้รับสินค้า | O13: 0
A14: 12 | B14: FPW55 | C14: สุวรรณา จอมทิพย์ | D14: facebook | F14: EMS | G14: 22/07/2025 08:48 | H14: 0 | I14: JB293265992TH | J14: 45 | K14: ของเคลม Tiktok เนื่องจากลูกค้าได้รับสินค้าไม่ครบ | N14: ของเคลม Shopee เนื่องจากสินค้าเสียหายจากการขนส่ง | O14: 0
A15: 13 | B15: FPW57 | C15: พิยดา ศิรินัย | D15: facebook | F15: EMS | G15: 22/07/2025 08:54 | H15: 0 | I15: JB293265989TH | J15: 45 | K15: ของเคลม Tiktok เนื่องจากลูกค้าได้รับสินค้าไม่ครบ | N15: ของเคลม Shopee เนื่องจากสินค้าเน่าเสียก่อนวันหมดอายุที่แจ้งข้างกล่อง | O15: 0
A16: 14 | B16: FPW60 | C16: K.เเบม | D16: facebook | F16: EMS | G16: 22/07/2025 08:57 | H16: 0 | I16: JB293265975TH | J16: 45 | K16: ของเคลม Tiktok เนื่องจากลูกค้าได้รับสินค้าไม่ครบ | N16: ของเคลม Shopee เนื่องจากสินค้ามีรสชาติขม รสชาติ สีของขนม ผิดปกติ | O16: 0
A17: 15 | B17: FPW62 | C17: นาย มงคล ประดิษฐจา | D17: facebook | F17: EMS | G17: 22/07/2025 08:58 | H17: 0 | I17: JB293265961TH | J17: 45 | K17: ของเคลม Tiktok เนื่องจากลูกค้าได้รับสินค้าไม่ครบ | N17: ของเคลม Shopee เนื่องจากสินค้าไม่มี | O17: 0
A18: 16 | B18: FPZ93 | C18: ไพรี | D18: facebook | F18: EMS | G18: 24/07/2025 08:24 | H18: 0 | I18: JB293486645TH | J18: 45 | K18: ของเคลม Tiktok เนื่องจากลูกค้าได้รับสินค้าไม่ครบ | N18: ของเคลม Shopee ไม่ทราบเหตุผล | O18: 0
A19: 17 | B19: FQC33 | C19: ครูบามิก พระปฏิภาณ จันทปัญโญ | D19: facebook | F19: EMS | G19: 25/07/2025 16:12 | H19: 0 | I19: JB293593397TH | J19: 45 | K19: ของเคลม Tiktok เนื่องจากลูกค้าได้รับสินค้าไม่ครบ | N19: ของเคลม Line OA เนื่องจากลูกค้าได้รับสินค้าไม่ครบ | O19: 0
A20: 18 | B20: FQC36 | C20: น.ส.อรอนงค์ ไชยศร | D20: line_oa | E20: W1750 | F20: EMS | G20: 25/07/2025 16:28 | H20: 0 | I20: JB293593383TH | J20: 45 | K20: เคลมลูกค้านัดรับ เส้น | N20: ของเคลม Line OA เนื่องจากลูกค้าได้รับสินค้าผิดไม่ตรงตามที่สั่ง | O20: 0
A21: 19 | B21: FQH58 | C21: คุณภรณ์พรรณ อิศรนาเวศ | D21: facebook | F21: EMS | G21: 29/07/2025 14:04 | H21: 0 | I21: JB293983698TH | J21: 45 | K21: ของเคลม Tiktok เนื่องจากลูกค้าได้รับสินค้าไม่ครบ | N21: ของเคลม Line OA เนื่องจากลูกค้าไม่ได้รับสินค้า | O21: 0
A22: 20 | B22: FQH59 | C22: น.ส.สุจินต์ นารอด | D22: facebook | F22: EMS | G22: 29/07/2025 14:05 | H22: 0 | I22: JB293983707TH | J22: 45 | K22: ของเคลม LAZADA เนื่องจากสินค้าเน่าเสียก่อนวันหมดอายุที่แจ้งข้างกล่อง | N22: ของเคลม Line OA เนื่องจากสินค้าเสียหายจากการขนส่ง | O22: 0
N23: ของเคลม Line OA เนื่องจากสินค้าเน่าเสียก่อนวันหมดอายุที่แจ้งข้างกล่อง | O23: 0
N24: ของเคลม Line OA เนื่องจากสินค้ามีรสชาติขม รสชาติ สีของขนม ผิดปกติ | O24: 0
N25: ของเคลม Line OA เนื่องจากสินค้าไม่มี | O25: 0
N26: ของเคลม Line OA ไม่ทราบเหตุผล | O26: 0
N27: ของเคลม Facebook , Facebook Live เนื่องจากลูกค้าได้รับสินค้าไม่ครบ | O27: 0
N28: ของเคลม Facebook , Facebook Live เนื่องจากลูกค้าได้รับสินค้าผิดไม่ตรงตามที่สั่ง | O28: 0
N29: ของเคลม Facebook , Facebook Live เนื่องจากลูกค้าไม่ได้รับสินค้า | O29: 0
N30: ของเคลม Facebook , Facebook Live เนื่องจากสินค้าเสียหายจากการขนส่ง | O30: 0
N31: ของเคลม Facebook , Facebook Live เนื่องจากสินค้าเน่าเสียก่อนวันหมดอายุที่แจ้งข้างกล่อง | O31: 0
N32: ของเคลม Facebook , Facebook Live เนื่องจากสินค้ามีรสชาติขม รสชาติ สีของขนม ผิดปกติ | O32: 0
N33: ของเคลม Facebook , Facebook Live เนื่องจากสินค้าไม่มี | O33: 0
N34: ของเคลม Facebook , Facebook Live ไม่ทราบเหตุผล | O34: 0
... N50: ของเคลม ไปรษณีย์ ไม่ทราบเหตุผล | O50: 0
N51: ของเคลม ตัวแทนเส้น | O51: 1 | U51: เนื่องจากของขาดไม่ครบ
N52: ของเคลม เนื่องจากสินค้ามีรสชาติไม่ปกติ (ขม) | O52: 0
N53: เคลมลูกค้านัดรับ เส้น | O53: 1 | T53: นื่องจากขนส่งซัพนอกไม่ได้ลงของให้ลูกค้า
N54: เคลมสินค้าเนื่องจากกล่องชำรุด เสียหาย | O54: 0
N55: เคลมเนื่องจากส่งสินค้าผิด | O55: 0
N56: ไม่ทราบสาเหตุ | O56: 0
O57: =SUM(O3:O56) -> 19

Sheet ก.ค. ยกเลิก
A1: สรุปรายการยกเลิกออเดอร์ ที่ออกเลขที่ออเดอร์แล้ว (เนื่องจากลูกค้าเอฟในไลฟ์สดแล้วไม่ยืนยันออเดอร์) เดือนกรกฎาคม 2568
A2: ลำดับ | B2: เลขที่ออเดอร์ | C2: ชื่อ | D2: ช่องทางติดต่อ | E2: ชื่อตามช่องทางติดต่อ | F2: ขนส่ง | G2: วันที่สร้าง | H2: ยอดขาย | I2: หมายเหตุ
A3: 1 | B3: FPL95 | C3: นิรชร แสงรังสี | D3: Lazada | F3: Kerry_dropoff | G3: 15/07/2025 08:52 | H3: 51.26 | I3: สรุปออเดอร์แล้ว ลูกค้ายกเลิก
A4: 2 | B4: FPL96 | C4: นิรชร แสงรังสี | D4: Lazada | F4: Kerry_dropoff | G4: 15/07/2025 08:53 | H4: 51.26 | I4: สรุปออเดอร์แล้ว ลูกค้ายกเลิก
A5: 3 | B5: FPL99 | C5: สุกัญญา พรหมณี | D5: Lazada | F5: Kerry_dropoff | G5: 15/07/2025 09:01 | H5: 137.33 | I5: สรุปออเดอร์แล้ว ลูกค้ายกเลิก
A6: 4 | B6: FPN28 | C6: เ******น | D6: Shopee | E6: ming_kewalin | G6: 15/07/2025 18:59 | H6: 100 | I6: สรุปออเดอร์แล้ว ลูกค้ายกเลิก
A7: 5 | B7: FQL59 | C7: นรัญ นรเศรษฐ์ | D7: Lazada | F7: Kerry_dropoff | G7: 31/07/2025 20:14 | H7: 239.75 | I7: สรุปออเดอร์แล้ว ลูกค้ายกเลิก
G8: ยอดรวม | H8: =SUM(H3:H7) -> 579.6 | I8: บาท

Sheet มิ.ย. เคลม
A1: สรุปรายการส่งของเคลมสินค้า เดือนมิถุนายน 2568 | I1: รวมยอดเสียหายค่าขนส่งเพิ่มเติม | J1: =SUBTOTAL(9,J3:J21) -> 495 | K1: บาท
A2: ลำดับ | B2: เลขที่ออเดอร์ | C2: ชื่อ | D2: ช่องทางติดต่อ | E2: ชื่อตามช่องทางติดต่อ | F2: ขนส่ง | G2: วันที่สร้าง | H2: ยอดขาย | I2: เลขพัสดุ | J2: ค่าขนส่ง | K2: หมายเหตุ | M2: รายการ | N2: จำนวนออเดอร์
A3: 1 | B3: FIT59 | C3: กิตติมา ฮวดวิเศษ | D3: facebook | F3: EMS | G3: 01/06/2025 12:33 | H3: 0 | I3: JB262860566TH | J3: 45 | K3: ของเคลม Shopee เนื่องจากสินค้ามีรสชาติขม รสชาติ สีของขนม ผิดปกติ | M3: ของเคลม LAZADA เนื่องจากลูกค้าได้รับสินค้าไม่ครบ | N3: 0
A4: 2 | B4: FIT57 | C4: จันทร์เพ็ญ เนตรวัน | D4: facebook | F4: EMS | G4: 01/06/2025 12:33 | H4: 0 | I4: JB262860570TH | J4: 45 | K4: ของเคลม Facebook , Facebook Live เนื่องจากสินค้าเสียหายจากการขนส่ง | M4: ของเคลม LAZADA เนื่องจากลูกค้าได้รับสินค้าผิดไม่ตรงตามที่สั่ง | N4: 0
A5: 3 | B5: FJG52 | C5: สมพร ปานสุข | D5: facebook | F5: EMS | G5: 04/06/2025 08:57 | H5: 0 | I5: JB263228758TH | J5: 45 | K5: ของเคลม Tiktok เนื่องจากสินค้ามีรสชาติขม รสชาติ สีของขนม ผิดปกติ | M5: ของเคลม LAZADA เนื่องจากลูกค้าไม่ได้รับสินค้า | N5: 0
A6: 4 | B6: FJG51 | C6: นายลภ คำวิเศษ | D6: facebook | F6: EMS | G6: 04/06/2025 08:57 | H6: 0 | I6: JB263228761TH | J6: 45 | K6: ของเคลม Tiktok เนื่องจากสินค้ามีรสชาติขม รสชาติ สีของขนม ผิดปกติ | M6: ของเคลม LAZADA เนื่องจากสินค้าเสียหายจากการขนส่ง | N6: 0
A7: 5 | B7: FJG75 | C7: สิราพร สุราฤทธิ์ | D7: facebook | F7: EMS | G7: 04/06/2025 09:52 | H7: 0 | I7: JB263231417TH | J7: 45 | K7: ของเคลม Tiktok เนื่องจากลูกค้าได้รับสินค้าไม่ครบ | M7: ของเคลม LAZADA เนื่องจากสินค้าเน่าเสียก่อนวันหมดอายุที่แจ้งข้างกล่อง | N7: 0
A8: 6 | B8: FJN49 | C8: K.หมวย ภัสสรา | D8: facebook | F8: EMS | G8: 05/06/2025 13:48 | H8: 0 | I8: JB263343869TH | J8: 45 | K8: ของเคลม Tiktok เนื่องจากลูกค้าได้รับสินค้าผิดไม่ตรงตามที่สั่ง | M8: ของเคลม LAZADA เนื่องจากสินค้ามีรสชาติขม รสชาติ สีของขนม ผิดปกติ | N8: 1
A9: 7 | B9: FJW6 | C9: น.ส.อรอนงค์ ไชยศร | D9: line_oa | E9: W1750 | F9: EMS | G9: 06/06/2025 18:35 | H9: 0 | I9: JB263451877TH | J9: 45 | K9: ของเคลม Line OA เนื่องจากลูกค้าได้รับสินค้าไม่ครบ | M9: ของเคลม LAZADA เนื่องจากสินค้าไม่มี | N9: 0
A10: 8 | B10: FJW22 | C10: กิตติมา | D10: facebook | F10: EMS | G10: 06/06/2025 19:08 | H10: 0 | I10: JB263451863TH | J10: 45 | K10: ของเคลม Shopee เนื่องจากสินค้ามีรสชาติขม รสชาติ สีของขนม ผิดปกติ | M10: ของเคลม LAZADA ไม่ทราบเหตุผล | N10: 0
A11: 9 | B11: FLI69 | C11: ศิริกฤติยา ศรีสุระ | D11: facebook | F11: EMS | G11: 15/06/2025 09:34 | H11: 0 | I11: JB264321391TH | J11: 45 | K11: ของเคลม Tiktok เนื่องจากลูกค้าได้รับสินค้าไม่ครบ | M11: ของเคลม Shopee เนื่องจากลูกค้าได้รับสินค้าไม่ครบ | N11: 0
A12: 10 | B12: FLJ49 | C12: K.ณัฐลภัส พาศประภัศร์ | D12: facebook | F12: EMS | G12: 15/06/2025 11:19 | H12: 0 | I12: JB264321357TH | J12: 45 | K12: ของเคลม Line OA เนื่องจากสินค้ามีรสชาติขม รสชาติ สีของขนม ผิดปกติ | M12: ของเคลม Shopee เนื่องจากลูกค้าได้รับสินค้าผิดไม่ตรงตามที่สั่ง | N12: 0
A13: 11 | B13: FLU96 | C13: เกศสิรินทร์ ออลทรี | D13: facebook | F13: EMS | G13: 19/06/2025 11:53 | H13: 0 | I13: JB264778487TH | J13: 45 | K13: ของเคลม Shopee เนื่องจากสินค้าเสียหายจากการขนส่ง | M13: ของเคลม Shopee เนื่องจากลูกค้าไม่ได้รับสินค้า | N13: 0
A14: 12 | B14: FLX23 | C14: ปนัดดา | D14: facebook | F14: EMS | G14: 20/06/2025 15:53 | H14: 0 | I14: JB264879097TH | J14: 45 | K14: ของเคลม Shopee เนื่องจากสินค้ามีรสชาติขม รสชาติ สีของขนม ผิดปกติ | M14: ของเคลม Shopee เนื่องจากสินค้าเสียหายจากการขนส่ง | N14: 1
A15: 13 | B15: FMD62 | C15: น.ส ชลดา โคลนกระโทก | D15: facebook | F15: EMS | G15: 22/06/2025 11:49 | H15: 0 | I15: JB265021861TH | J15: 45 | K15: ของเคลม TikTok เนื่องจากสินค้าเสียหายจากการขนส่ง | M15: ของเคลม Shopee เนื่องจากสินค้าเน่าเสียก่อนวันหมดอายุที่แจ้งข้างกล่อง | N15: 0
A16: 14 | B16: FMO50 | C16: วาสนา พรมสุพัฒน์ | D16: facebook | F16: EMS | G16: 24/06/2025 15:26 | H16: 0 | I16: JB265260668TH | J16: 45 | K16: ของเคลม Tiktok เนื่องจากสินค้ามีรสชาติขม รสชาติ สีของขนม ผิดปกติ | M16: ของเคลม Shopee เนื่องจากสินค้ามีรสชาติขม รสชาติ สีของขนม ผิดปกติ | N16: 5
A17: 15 | B17: FMX59 | C17: คุณรัตนา | D17: facebook | F17: EMS | G17: 26/06/2025 08:18 | H17: 0 | I17: JB265483268TH | J17: 45 | K17: ของเคลม LAZADA เนื่องจากสินค้ามีรสชาติขม รสชาติ สีของขนม ผิดปกติ | M17: ของเคลม Shopee เนื่องจากสินค้าไม่มี | N17: 0
A18: 16 | B18: FNB56 | C18: ชื่อผู้รับ ชมพู่ | D18: facebook | F18: EMS | G18: 27/06/2025 08:55 | H18: 0 | I18: JB265585899TH | J18: 45 | K18: ของเคลม Tiktok เนื่องจากสินค้ามีรสชาติขม รสชาติ สีของขนม ผิดปกติ | M18: ของเคลม Shopee ไม่ทราบเหตุผล | N18: 0
A19: 17 | B19: FNB62 | C19: กิตติมา ฮวดวิเศษ | D19: facebook | F19: EMS | G19: 27/06/2025 09:12 | H19: 0 | I19: JB265585885TH | J19: 45 | K19: ของเคลม Shopee เนื่องจากสินค้ามีรสชาติขม รสชาติ สีของขนม ผิดปกติ | M19: ของเคลม Line OA เนื่องจากลูกค้าได้รับสินค้าไม่ครบ | N19: 1
A20: 18 | B20: FNI2 | C20: หญิง | D20: facebook | F20: EMS | G20: 29/06/2025 09:26 | H20: ของเคลม | I20: JB265728782TH | J20: 45 | K20: ของเคลม Shopee เนื่องจากสินค้ามีรสชาติขม รสชาติ สีของขนม ผิดปกติ | M20: ของเคลม Line OA เนื่องจากลูกค้าได้รับสินค้าผิดไม่ตรงตามที่สั่ง | N20: 0
A21: 19 | B21: FNI4 | C21: พัชราภรณ์ ผ่องผา | D21: facebook | F21: EMS | G21: 29/06/2025 09:27 | H21: ของเคลม | I21: JB265728796TH | J21: 45 | K21: ของเคลม Tiktok เนื่องจากสินค้ามีรสชาติขม รสชาติ สีของขนม ผิดปกติ | M21: ของเคลม Line OA เนื่องจากลูกค้าไม่ได้รับสินค้า | N21: 0
M22: ของเคลม Line OA เนื่องจากสินค้าเสียหายจากการขนส่ง | N22: 0
M23: ของเคลม Line OA เนื่องจากสินค้าเน่าเสียก่อนวันหมดอายุที่แจ้งข้างกล่อง | N23: 0
M24: ของเคลม Line OA เนื่องจากสินค้ามีรสชาติขม รสชาติ สีของขนม ผิดปกติ | N24: 1
M25: ของเคลม Line OA เนื่องจากสินค้าไม่มี | N25: 0
M26: ของเคลม Line OA ไม่ทราบเหตุผล | N26: 0
M27: ของเคลม Facebook , Facebook Live เนื่องจากลูกค้าได้รับสินค้าไม่ครบ | N27: 0
M28: ของเคลม Facebook , Facebook Live เนื่องจากลูกค้าได้รับสินค้าผิดไม่ตรงตามที่สั่ง | N28: 0
M29: ของเคลม Facebook , Facebook Live เนื่องจากลูกค้าไม่ได้รับสินค้า | N29: 0
M30: ของเคลม Facebook , Facebook Live เนื่องจากสินค้าเสียหายจากการขนส่ง | N30: 1
M31: ของเคลม Facebook , Facebook Live เนื่องจากสินค้าเน่าเสียก่อนวันหมดอายุที่แจ้งข้างกล่อง | N31: 0
M32: ของเคลม Facebook , Facebook Live เนื่องจากสินค้ามีรสชาติขม รสชาติ สีของขนม ผิดปกติ | N32: 0
M33: ของเคลม Facebook , Facebook Live เนื่องจากสินค้าไม่มี | N33: 0
... M50: ของเคลม ไปรษณีย์ ไม่ทราบเหตุผล | N50: 0
M51: ของเคลม ตัวแทนเส้น | N51: 0 | T51: เนื่องจากของขาดไม่ครบ
M52: ของเคลม เนื่องจากสินค้ามีรสชาติไม่ปกติ (ขม) | N52: 0
M53: เคลมลูกค้านัดรับ เส้น | N53: 0 | S53: นื่องจากขนส่งซัพนอกไม่ได้ลงของให้ลูกค้า
M54: เคลมสินค้าเนื่องจากกล่องชำรุด เสียหาย | N54: 0
M55: เคลมเนื่องจากส่งสินค้าผิด | N55: 0
M56: ไม่ทราบสาเหตุ | N56: 0
N57: =SUM(N3:N56) -> 19

Sheet มิ.ย. ยกเลิก
A1: สรุปรายการยกเลิกออเดอร์ ที่ออกเลขที่ออเดอร์แล้ว (เนื่องจากลูกค้าเอฟในไลฟ์สดแล้วไม่ยืนยันออเดอร์) เดือนมิถุนายน 2568
A2: ลำดับ | B2: เลขที่ออเดอร์ | C2: ชื่อ | D2: ช่องทางติดต่อ | E2: ชื่อตามช่องทางติดต่อ | F2: ขนส่ง | G2: วันที่สร้าง | H2: ยอดขาย | I2: หมายเหตุ
A3: 1 | B3: FJW67 | C3: มณี การพันทา | D3: Lazada | F3: Kerry_dropoff | G3: 06/06/2025 21:07 | H3: 220 | I3: สรุปออเดอร์แล้ว ลูกค้ายกเลิก
A4: 2 | B4: FKG86 | C4: ปรียารัตน์ ปะวาทัง | D4: Lazada | F4: Kerry_dropoff | G4: 08/06/2025 19:19 | H4: 177.43 | I4: สรุปออเดอร์แล้ว ลูกค้ายกเลิก
A5: 3 | B5: FKH60 | C5: เจริญขวัญ วงศ์วาณิชวัฒนา | D5: Lazada | F5: Kerry_dropoff | G5: 08/06/2025 22:36 | H5: 138 | I5: สรุปออเดอร์แล้ว ลูกค้ายกเลิก
A6: 4 | B6: FKK0 | C6: ส***ตรา | D6: Tiktok | E6: 7493996043997971573 | F6: J&T Express | G6: 09/06/2025 15:13 | H6: 180 | I6: สรุปออเดอร์แล้ว ลูกค้ายกเลิก
A7: 5 | B7: FJW67 | C7: มณี การพันทา | D7: Lazada | F7: Kerry_dropoff | G7: 06/06/2025 21:07 | H7: 220 | I7: สรุปออเดอร์แล้ว ลูกค้ายกเลิก
A8: 6 | B8: FKG86 | C8: ปรียารัตน์ ปะวาทัง | D8: Lazada | F8: Kerry_dropoff | G8: 08/06/2025 19:19 | H8: 177.43 | I8: สรุปออเดอร์แล้ว ลูกค้ายกเลิก
A9: 7 | B9: FKH60 | C9: เจริญขวัญ วงศ์วาณิชวัฒนา | D9: Lazada | F9: Kerry_dropoff | G9: 08/06/2025 22:36 | H9: 138 | I9: สรุปออเดอร์แล้ว ลูกค้ายกเลิก
A10: 8 | B10: FKK0 | C10: ส***ตรา | D10: Tiktok | E10: 7493996043997971573 | F10: J&T Express | G10: 09/06/2025 15:13 | H10: 180 | I10: สรุปออเดอร์แล้ว ลูกค้ายกเลิก
A11: 9 | B11: FNE30 | C11: นิรชร แสงรังสี | D11: Lazada | F11: Kerry_dropoff | G11: 27/06/2025 22:05 | H11: 484.11 | I11: สรุปออเดอร์แล้ว ลูกค้ายกเลิก
A12: 10 | B12: FNO33 | C12: ณ***ัย ผ***ข | D12: Tiktok | E12: 7495218315741727131 | F12: J&T Express | G12: 30/06/2025 16:22 | H12: 100 | I12: สรุปออเดอร์แล้ว ลูกค้ายกเลิก
A13: 11 | B13: FNO51 | C13: ณ******​ | D13: Shopee | E13: yyw3pe_j_y | G13: 30/06/2025 17:24 | H13: 95 | I13: สรุปออเดอร์แล้ว ลูกค้ายกเลิก
A14: 12 | B14: FNO88 | C14: ปารมี แสงรังสี | D14: Lazada | F14: Kerry_dropoff | G14: 30/06/2025 19:38 | H14: 16.09 | I14: สรุปออเดอร์แล้ว ลูกค้ายกเลิก
A15: 13 | B15: FNP45 | C15: O***o | D15: Tiktok | E15: 7495641246274324650 | F15: J&T Express | G15: 30/06/2025 23:44 | H15: 100 | I15: สรุปออเดอร์แล้ว ลูกค้ายกเลิก
A16: 14 | B16: FNO33 | C16: ณ***ัย ผ***ข | D16: Tiktok | E16: 7495218315741727131 | F16: J&T Express | G16: 30/06/2025 16:22 | H16: 100 | I16: สรุปออเดอร์แล้ว ลูกค้ายกเลิก
A17: 15 | B17: FNO51 | C17: ณ******​ | D17: Shopee | E17: yyw3pe_j_y | G17: 30/06/2025 17:24 | H17: 95 | I17: สรุปออเดอร์แล้ว ลูกค้ายกเลิก
A18: 16 | B18: FNO88 | C18: ปารมี แสงรังสี | D18: Lazada | F18: Kerry_dropoff | G18: 30/06/2025 19:38 | H18: 16.09 | I18: สรุปออเดอร์แล้ว ลูกค้ายกเลิก
A19: 17 | B19: FNP45 | C19: O***o | D19: Tiktok | E19: 7495641246274324650 | F19: J&T Express | G19: 30/06/2025 23:44 | H19: 100 | I19: สรุปออเดอร์แล้ว ลูกค้ายกเลิก
G20: ยอดรวม | H20: =SUM(H3:H19) -> 2537.15 | I20: บาท

Sheet พ.ค. เคลม
A1: สรุปรายการส่งของเคลมสินค้า เดือนพฤษภาคม 2568 | I1: รวมยอดเสียหายค่าขนส่งเพิ่มเติม | J1: =SUBTOTAL(9,J3:J7) -> 225 | K1: บาท
A2: ลำดับ | B2: เลขที่ออเดอร์ | C2: ชื่อ | D2: ช่องทางติดต่อ | E2: ชื่อตามช่องทางติดต่อ | F2: ขนส่ง | G2: วันที่สร้าง | H2: ยอดขาย | I2: เลขพัสดุ | J2: ค่าขนส่ง | K2: หมายเหตุ | M2: รายการ | N2: จำนวนออเดอร์
A3: 1 | B3: FCZ58 | C3: มณีรัตน์ พะวังสุข | D3: facebook | F3: EMS | G3: 04/05/2025 10:29 | H3: 0 | I3: JB218744910TH | J3: 45 | K3: ของเคลม Tiktok เนื่องจากลูกค้าได้รับสินค้าไม่ครบ | M3: ของเคลม LAZADA เนื่องจากลูกค้าได้รับสินค้าไม่ครบ | N3: 0
A4: 2 | B4: FCZ59 | C4: k jin | D4: facebook | F4: EMS | G4: 04/05/2025 10:31 | H4: 0 | I4: JB218744906TH | J4: 45 | K4: ของเคลม Shopee เนื่องจากสินค้ามีรสชาติขม รสชาติ สีของขนม ผิดปกติ | M4: ของเคลม LAZADA เนื่องจากลูกค้าได้รับสินค้าผิดไม่ตรงตามที่สั่ง | N4: 0
A5: 3 | B5: FFT90 | C5: เบนซ์ | D5: facebook | F5: EMS | G5: 14/05/2025 14:19 | H5: 0 | I5: JB219862762TH | J5: 45 | K5: ของเคลม TikTok เนื่องจากสินค้าเสียหายจากการขนส่ง | M5: ของเคลม LAZADA เนื่องจากลูกค้าไม่ได้รับสินค้า | N5: 0
A6: 4 | B6: FGH50 | C6: ศิริขวัญ | D6: siriployly | E6: ติ๊กต๊อก | F6: EMS | G6: 18/05/2025 08:32 | H6: 0 | I6: JB261380492TH | J6: 45 | K6: ของเคลม TikTok เนื่องจากสินค้าเสียหายจากการขนส่ง | M6: ของเคลม LAZADA เนื่องจากสินค้าเสียหายจากการขนส่ง | N6: 0
A7: 5 | B7: FGR98 | C7: ณัฏฐนิช แก้วรุ่งเรือง | D7: facebook | F7: EMS | G7: 20/05/2025 08:38 | H7: 0 | I7: JB261633395TH | J7: 45 | K7: ของเคลม Facebook , Facebook Live เนื่องจากสินค้าเน่าเสียก่อนวันหมดอายุที่แจ้งข้างกล่อง | M7: ของเคลม LAZADA เนื่องจากสินค้าเน่าเสียก่อนวันหมดอายุที่แจ้งข้างกล่อง | N7: 0
M8: ของเคลม LAZADA เนื่องจากสินค้ามีรสชาติขม รสชาติ สีของขนม ผิดปกติ | N8: 0
M9: ของเคลม LAZADA เนื่องจากสินค้าไม่มี | N9: 0
M10: ของเคลม LAZADA ไม่ทราบเหตุผล | N10: 0
M11: ของเคลม Shopee เนื่องจากลูกค้าได้รับสินค้าไม่ครบ | N11: 0
M12: ของเคลม Shopee เนื่องจากลูกค้าได้รับสินค้าผิดไม่ตรงตามที่สั่ง | N12: 0
M13: ของเคลม Shopee เนื่องจากลูกค้าไม่ได้รับสินค้า | N13: 0
M14: ของเคลม Shopee เนื่องจากสินค้าเสียหายจากการขนส่ง | N14: 0
M15: ของเคลม Shopee เนื่องจากสินค้าเน่าเสียก่อนวันหมดอายุที่แจ้งข้างกล่อง | N15: 0
M16: ของเคลม Shopee เนื่องจากสินค้ามีรสชาติขม รสชาติ สีของขนม ผิดปกติ | N16: 1
M17: ของเคลม Shopee เนื่องจากสินค้าไม่มี | N17: 0
M18: ของเคลม Shopee ไม่ทราบเหตุผล | N18: 0
M19: ของเคลม Line OA เนื่องจากลูกค้าได้รับสินค้าไม่ครบ | N19: 0
... M50: ของเคลม ไปรษณีย์ ไม่ทราบเหตุผล | N50: 0
M51: ของเคลม ตัวแทนเส้น | N51: 0 | T51: เนื่องจากของขาดไม่ครบ
M52: ของเคลม เนื่องจากสินค้ามีรสชาติไม่ปกติ (ขม) | N52: 0
M53: เคลมลูกค้านัดรับ เส้น | N53: 0 | S53: นื่องจากขนส่งซัพนอกไม่ได้ลงของให้ลูกค้า
M54: เคลมสินค้าเนื่องจากกล่องชำรุด เสียหาย | N54: 0
M55: เคลมเนื่องจากส่งสินค้าผิด | N55: 0
M56: ไม่ทราบสาเหตุ | N56: 0
N57: =SUM(N3:N56) -> 5

Sheet พ.ค. ยกเลิก
A1: สรุปรายการยกเลิกออเดอร์ ที่ออกเลขที่ออเดอร์แล้ว (เนื่องจากลูกค้าเอฟในไลฟ์สดแล้วไม่ยืนยันออเดอร์) เดือนพฤษภาคม 2568
A2: ลำดับ | B2: เลขที่ออเดอร์ | C2: ชื่อ | D2: ช่องทางติดต่อ | E2: ชื่อตามช่องทางติดต่อ | F2: ขนส่ง | G2: วันที่สร้าง | H2: ยอดขาย | I2: หมายเหตุ
A3: 1 | B3: FFW23 | C3: ปารมี แสงรังสี | D3: Lazada | F3: Kerry_dropoff | G3: 15/05/2025 00:41 | H3: 176.4 | I3: สรุปออเดอร์แล้ว ลูกค้ายกเลิก
A4: 2 | B4: FGA36 | C4: ช******ม | D4: Shopee | E4: ninzchanin | G4: 15/05/2025 21:59 | H4: 250 | I4: สรุปออเดอร์แล้ว ลูกค้ายกเลิก
A5: 3 | B5: FIJ96 | C5: คนึง จันทนะวรรธนะ | D5: Lazada | F5: Kerry_dropoff | G5: 30/05/2025 20:39 | H5: 136.08 | I5: สรุปออเดอร์แล้ว ลูกค้ายกเลิก
A6: 4 | B6: FIN26 | C6: น** อ***ัย ว***เอี่ยม | D6: Tiktok | E6: 7494009402206422396 | F6: J&T Express | G6: 31/05/2025 18:06 | H6: 145 | I6: สรุปออเดอร์แล้ว ลูกค้ายกเลิก
A7: 5 | B7: FIN48 | C7: จ*** | D7: Tiktok | E7: 7494083611572537108 | F7: J&T Express | G7: 31/05/2025 20:07 | H7: 300 | I7: สรุปออเดอร์แล้ว ลูกค้ายกเลิก
G8: ยอดรวม | H8: =SUM(H3:H7) -> 1007.48 | I8: บาท

Sheet เม.ย. เคลม
A1: สรุปรายการส่งของเคลมสินค้า เดือนเมษายน 2568 | I1: รวมยอดเสียหายค่าขนส่งเพิ่มเติม | J1: =SUBTOTAL(9,J3:J11) -> 315 | K1: บาท
A2: ลำดับ | B2: เลขที่ออเดอร์ | C2: ชื่อ | D2: ช่องทางติดต่อ | E2: ชื่อตามช่องทางติดต่อ | F2: ขนส่ง | G2: วันที่สร้าง | H2: ยอดขาย | I2: เลขพัสดุ | J2: ค่าขนส่ง | K2: หมายเหตุ | M2: รายการ | N2: จำนวนออเดอร์
A3: 1 | B3: EXA33 | C3: เกษร | D3: facebook | F3: EMS | G3: 05/04/2025 11:59 | H3: 0 | I3: TH090372HBVF8F | J3: 45 | K3: ของเคลม LAZADA เนื่องจากลูกค้าได้รับสินค้าไม่ครบ | M3: ของเคลม LAZADA เนื่องจากลูกค้าได้รับสินค้าไม่ครบ | N3: 1
A4: 2 | B4: EXM16 | C4: Tikky | D4: facebook | F4: EMS | G4: 08/04/2025 15:25 | H4: 0 | I4: JB216173976TH | J4: 45 | K4: ของเคลม LAZADA เนื่องจากสินค้าเน่าเสียก่อนวันหมดอายุที่แจ้งข้างกล่อง | M4: ของเคลม LAZADA เนื่องจากลูกค้าได้รับสินค้าผิดไม่ตรงตามที่สั่ง | N4: 0
A5: 3 | B5: EZN28 | C5: อุษา กองตุ้น | D5: line_oa | E5: Nui😊MCMXCI | F5: EMS | G5: 14/04/2025 14:47 | H5: 0 | I5: TH410673KC5F2K | J5: 45 | K5: ของเคลม Line OA ไม่ทราบเหตุผล | M5: ของเคลม LAZADA เนื่องจากลูกค้าไม่ได้รับสินค้า | N5: 0
A6: 4 | B6: EZX25 | C6: Panthong Khunkaew | D6: facebook | E6: Panthong Khunkaew | F6: EMS | G6: 15/04/2025 17:02 | H6: 0 | I6: TH371073PBGM3H | J6: 45 | K6: ของเคลม Tiktok เนื่องจากลูกค้าได้รับสินค้าไม่ครบ | M6: ของเคลม LAZADA เนื่องจากสินค้าเสียหายจากการขนส่ง | N6: 0
A7: 5 | B7: EZZ91 | C7: พัชราภรณ์ ผ่องผา | D7: facebook | F7: EMS | G7: 16/04/2025 11:52 | H7: 0 | I7: JB216744775TH | J7: 45 | K7: ของเคลม Tiktok เนื่องจากสินค้ามีรสชาติขม รสชาติ สีของขนม ผิดปกติ | M7: ของเคลม LAZADA เนื่องจากสินค้าเน่าเสียก่อนวันหมดอายุที่แจ้งข้างกล่อง | N7: 1
A8: 6 | B8: FAD8 | C8: อภิญญา อู่อรุณ | D8: facebook | F8: EMS | G8: 17/04/2025 08:20 | H8: 0 | I8: JB216877140TH | J8: 45 | K8: ของเคลม Tiktok เนื่องจากสินค้ามีรสชาติขม รสชาติ สีของขนม ผิดปกติ | M8: ของเคลม LAZADA เนื่องจากสินค้ามีรสชาติขม รสชาติ สีของขนม ผิดปกติ | N8: 0
A9: 7 | B9: FBU87 | C9: สุริตา หนูกลับ | D9: facebook | F9: EMS | G9: 27/04/2025 10:14 | H9: 0 | I9: JB217891412TH | J9: 45 | K9: ของเคลม Shopee เนื่องจากสินค้ามีรสชาติขม รสชาติ สีของขนม ผิดปกติ | M9: ของเคลม LAZADA เนื่องจากสินค้าไม่มี | N9: 0
A10: 8 | B10: FCH96 | C10: อุไรพร คงดำรงสกุล | D10: facebook | F10: EMS | G10: 30/04/2025 10:48 | H10: 0 | I10: JB218325674TH | J10: 45 | K10: ของเคลม Shopee เนื่องจากสินค้ามีรสชาติขม รสชาติ สีของขนม ผิดปกติ | M10: ของเคลม LAZADA ไม่ทราบเหตุผล | N10: 0
A11: 9 | B11: FCL5 | C11: สุริตา หนูกลับ | D11: facebook | F11: EMS | G11: 30/04/2025 16:17 | H11: 0 | I11: JB218325705TH | J11: 45 | K11: ของเคลม Shopee เนื่องจากสินค้ามีรสชาติขม รสชาติ สีของขนม ผิดปกติ | M11: ของเคลม Shopee เนื่องจากลูกค้าได้รับสินค้าไม่ครบ | N11: 0
M12: ของเคลม Shopee เนื่องจากลูกค้าได้รับสินค้าผิดไม่ตรงตามที่สั่ง | N12: 0
M13: ของเคลม Shopee เนื่องจากลูกค้าไม่ได้รับสินค้า | N13: 0
M14: ของเคลม Shopee เนื่องจากสินค้าเสียหายจากการขนส่ง | N14: 0
M15: ของเคลม Shopee เนื่องจากสินค้าเน่าเสียก่อนวันหมดอายุที่แจ้งข้างกล่อง | N15: 0
M16: ของเคลม Shopee เนื่องจากสินค้ามีรสชาติขม รสชาติ สีของขนม ผิดปกติ | N16: 3
M17: ของเคลม Shopee เนื่องจากสินค้าไม่มี | N17: 0
M18: ของเคลม Shopee ไม่ทราบเหตุผล | N18: 0
M19: ของเคลม Line OA เนื่องจากลูกค้าได้รับสินค้าไม่ครบ | N19: 0
M20: ของเคลม Line OA เนื่องจากลูกค้าได้รับสินค้าผิดไม่ตรงตามที่สั่ง | N20: 0
M21: ของเคลม Line OA เนื่องจากลูกค้าไม่ได้รับสินค้า | N21: 0
M22: ของเคลม Line OA เนื่องจากสินค้าเสียหายจากการขนส่ง | N22: 0
M23: ของเคลม Line OA เนื่องจากสินค้าเน่าเสียก่อนวันหมดอายุที่แจ้งข้างกล่อง | N23: 0
... M56: ไม่ทราบสาเหตุ | N56: 0
N57: =SUM(N3:N56) -> 9

Sheet เม.ย. ยกเลิก
A1: สรุปรายการยกเลิกออเดอร์ ที่ออกเลขที่ออเดอร์แล้ว (เนื่องจากลูกค้าเอฟในไลฟ์สดแล้วไม่ยืนยันออเดอร์) เดือนเมษายน 2568
A2: ลำดับ | B2: เลขที่ออเดอร์ | C2: ชื่อ | D2: ช่องทางติดต่อ | E2: ชื่อตามช่องทางติดต่อ | F2: ขนส่ง | G2: วันที่สร้าง | H2: ยอดขาย | I2: หมายเหตุ
A3: 1 | B3: EWQ89 | C3: น***มกริช ก***ชา | D3: Tiktok | E3: 7494506645064288960 | F3: J&T Express | G3: 02/04/2025 16:18 | H3: 239 | I3: สรุปออเดอร์แล้ว ลูกค้ายกเลิก
A4: 2 | B4: EWQ90 | C4: น***มกริช ก***ชา | D4: Tiktok | E4: 7494506645064288960 | F4: J&T Express | G4: 02/04/2025 16:21 | H4: 200 | I4: สรุปออเดอร์แล้ว ลูกค้ายกเลิก
A5: 3 | B5: EWR3 | C5: W***ida K***it | D5: Tiktok | E5: 7494016996956407718 | F5: J&T Express | G5: 02/04/2025 17:00 | H5: 300 | I5: สรุปออเดอร์แล้ว ลูกค้ายกเลิก
A6: 4 | B6: EWR24 | C6: จ***รัตน์ แ***มงคล | D6: Tiktok | E6: 7494015518347527800 | F6: J&T Express | G6: 02/04/2025 18:12 | H6: 145 | I6: สรุปออเดอร์แล้ว ลูกค้ายกเลิก
A7: 5 | B7: EXH81 | C7: ก***ิพย์ ข***ริญ | D7: Tiktok | E7: 7494052008295368134 | F7: J&T Express | G7: 07/04/2025 13:47 | H7: 200 | I7: สรุปออเดอร์แล้ว ลูกค้ายกเลิก
A8: 6 | B8: EXI25 | C8: อ******ฐ | D8: Shopee | E8: birdadministation | G8: 07/04/2025 15:06 | H8: 81 | I8: สรุปออเดอร์แล้ว ลูกค้ายกเลิก
A9: 7 | B9: EXI47 | C9: น** ต***้าว ก***ิลาภ | D9: Tiktok | E9: 7494009310987715836 | F9: J&T Express | G9: 07/04/2025 15:38 | H9: 106 | I9: สรุปออเดอร์แล้ว ลูกค้ายกเลิก
A10: 8 | B10: EXJ42 | C10: พ***าภรณ์ ผ***ผา | D10: Tiktok | E10: 7494020776509277718 | F10: J&T Express | G10: 07/04/2025 21:29 | H10: 552 | I10: สรุปออเดอร์แล้ว ลูกค้ายกเลิก
A11: 9 | B11: FAQ5 | C11: ณ***ร ช***มวัน | D11: Tiktok | E11: 7495220980313000013 | F11: J&T Express | G11: 19/04/2025 23:07 | H11: 106 | I11: สรุปออเดอร์แล้ว ลูกค้ายกเลิก
A12: 10 | B12: FBX28 | C12: ศศิธร ควรพจน์ | D12: Lazada | F12: Kerry_dropoff | G12: 27/04/2025 21:21 | H12: 182.04 | I12: สรุปออเดอร์แล้ว ลูกค้ายกเลิก
A13: 11 | B13: FBY84 | C13: นิรชร แสงรังสี | D13: Lazada | F13: Kerry_dropoff | G13: 28/04/2025 12:53 | H13: 68.35 | I13: สรุปออเดอร์แล้ว ลูกค้ายกเลิก
A14: 12 | B14: FCB29 | C14: ปารมี แสงรังสี | D14: Lazada | F14: Kerry_dropoff | G14: 28/04/2025 21:35 | H14: 64.35 | I14: สรุปออเดอร์แล้ว ลูกค้ายกเลิก
A15: 13 | B15: FCB36 | C15: ส***พร | D15: Tiktok | E15: 7495644070774409577 | F15: J&T Express | G15: 28/04/2025 22:06 | H15: 106 | I15: สรุปออเดอร์แล้ว ลูกค้ายกเลิก
A16: 14 | B16: FCK96 | C16: อ*** | D16: Tiktok | E16: 7494516128334711381 | F16: J&T Express | G16: 30/04/2025 16:10 | H16: 200 | I16: สรุปออเดอร์แล้ว ลูกค้ายกเลิก
A17: 15 | B17: FCL83 | C17: ปารมี แสงรังสี | D17: Lazada | F17: Kerry_dropoff | G17: 30/04/2025 23:14 | H17: 64.35 | I17: สรุปออเดอร์แล้ว ลูกค้ายกเลิก
G18: ยอดรวม | H18: =SUM(H3:H17) -> 2614.09 | I18: บาท

Sheet มี.ค. เคลม
A1: สรุปรายการส่งของเคลมสินค้า เดือนมีนาคม 2567 | I1: รวมยอดเสียหายค่าขนส่งเพิ่มเติม | J1: =SUBTOTAL(9,J3:J31) -> 270 | K1: บาท
A2: ลำดับ | B2: เลขที่ออเดอร์ | C2: ชื่อ | D2: ช่องทางติดต่อ | E2: ชื่อตามช่องทางติดต่อ | F2: ขนส่ง | G2: วันที่สร้าง | H2: ยอดขาย | I2: เลขพัสดุ | J2: ค่าขนส่ง | K2: หมายเหตุ | M2: รายการ | N2: จำนวนออเดอร์
A3: 1 | B3: EVM98 | C3: ชื่อผู้รับ บรรเจิด ภู่ระหงษ์ | D3: facebook | F3: EMS | G3: 19/03/2025 13:43 | H3: 0 | I3: JB195432134TH | J3: 45 | K3: ของเคลม LAZADA เนื่องจากสินค้ามีรสชาติขม รสชาติ สีของขนม ผิดปกติ | M3: ของเคลม LAZADA เนื่องจากลูกค้าได้รับสินค้าไม่ครบ | N3: 0
A4: 2 | B4: EVY72 | C4: นภัสวรรณ | D4: line_oa | E4: AR.MUAY👰🏻 | F4: EMS | G4: 25/03/2025 13:20 | H4: 0 | I4: JB196112423TH | J4: 45 | K4: ของเคลม Tiktok เนื่องจากลูกค้าได้รับสินค้าไม่ครบ | M4: ของเคลม LAZADA เนื่องจากลูกค้าได้รับสินค้าผิดไม่ตรงตามที่สั่ง | N4: 0
A5: 3 | B5: EWA35 | C5: อุษณีย์ ผ่องคูณ | D5: line_oa | E5: สายชล | F5: EMS | G5: 26/03/2025 08:48 | H5: 0 | I5: JB196177971TH | J5: 45 | K5: ของเคลม Tiktok เนื่องจากลูกค้าได้รับสินค้าไม่ครบ | M5: ของเคลม LAZADA เนื่องจากลูกค้าไม่ได้รับสินค้า | N5: 0
A6: 4 | B6: EWC73 | C6: กรพินธ์ จำปาทอง | D6: facebook | F6: EMS | G6: 27/03/2025 14:29 | H6: 0 | I6: JB196324768TH | J6: 45 | K6: ของเคลม TikTok เนื่องจากสินค้าเสียหายจากการขนส่ง | M6: ของเคลม LAZADA เนื่องจากสินค้าเสียหายจากการขนส่ง | N6: 0
A7: 5 | B7: EWE4 | C7: ไพรินทร์ อาจกล้า | D7: facebook | F7: EMS | G7: 28/03/2025 10:02 | H7: 0 | I7: JB196468400TH | J7: 45 | K7: ของเคลม TikTok เนื่องจากสินค้าเสียหายจากการขนส่ง | M7: ของเคลม LAZADA เนื่องจากสินค้าเน่าเสียก่อนวันหมดอายุที่แจ้งข้างกล่อง | N7: 0
A8: 6 | B8: EWF77 | C8: Tikky | D8: facebook | F8: EMS | G8: 30/03/2025 08:22 | H8: 0 | I8: JB196632565TH | J8: 45 | K8: ของเคลม Tiktok เนื่องจากสินค้ามีรสชาติขม รสชาติ สีของขนม ผิดปกติ | M8: ของเคลม LAZADA เนื่องจากสินค้ามีรสชาติขม รสชาติ สีของขนม ผิดปกติ | N8: 1
M9: ของเคลม LAZADA เนื่องจากสินค้าไม่มี | N9: 0
M10: ของเคลม LAZADA ไม่ทราบเหตุผล | N10: 0
M11: ของเคลม Shopee เนื่องจากลูกค้าได้รับสินค้าไม่ครบ | N11: 0
M12: ของเคลม Shopee เนื่องจากลูกค้าได้รับสินค้าผิดไม่ตรงตามที่สั่ง | N12: 0
M13: ของเคลม Shopee เนื่องจากลูกค้าไม่ได้รับสินค้า | N13: 0
M14: ของเคลม Shopee เนื่องจากสินค้าเสียหายจากการขนส่ง | N14: 0
M15: ของเคลม Shopee เนื่องจากสินค้าเน่าเสียก่อนวันหมดอายุที่แจ้งข้างกล่อง | N15: 0
M16: ของเคลม Shopee เนื่องจากสินค้ามีรสชาติขม รสชาติ สีของขนม ผิดปกติ | N16: 0
M17: ของเคลม Shopee เนื่องจากสินค้าไม่มี | N17: 0
M18: ของเคลม Shopee ไม่ทราบเหตุผล | N18: 0
M19: ของเคลม Line OA เนื่องจากลูกค้าได้รับสินค้าไม่ครบ | N19: 0
M20: ของเคลม Line OA เนื่องจากลูกค้าได้รับสินค้าผิดไม่ตรงตามที่สั่ง | N20: 0
... M56: ไม่ทราบสาเหตุ | N56: 0
N57: =SUM(N3:N56) -> 6

Sheet มี.ค. ยกเลิก
A1: สรุปรายการยกเลิกออเดอร์ ที่ออกเลขที่ออเดอร์แล้ว (เนื่องจากลูกค้าเอฟในไลฟ์สดแล้วไม่ยืนยันออเดอร์) เดือนมีนาคม 2568
A2: ลำดับ | B2: เลขที่ออเดอร์ | C2: ชื่อ | D2: ช่องทางติดต่อ | E2: ชื่อตามช่องทางติดต่อ | F2: ขนส่ง | G2: วันที่สร้าง | H2: ยอดขาย | I2: หมายเหตุ
A3: 1 | B3: EUS82 | C3: เสาวคนธ์ สุวรรณไตยรัตน์ | D3: Lazada | F3: Kerry_dropoff | G3: 02/03/2025 23:53 | H3: 227.01 | I3: สรุปออเดอร์แล้ว ลูกค้ายกเลิก
A4: 2 | B4: EUT3 | C4: อ้อนนภา รันตนมูล | D4: Lazada | F4: Kerry_dropoff | G4: 03/03/2025 08:06 | H4: 164.7 | I4: สรุปออเดอร์แล้ว ลูกค้ายกเลิก
A5: 3 | B5: EUZ81 | C5: ค***นิตย์ แ***ก้ว | D5: Tiktok | E5: 7494061943258646029 | F5: J&T Express | G5: 09/03/2025 14:42 | H5: 280 | I5: สรุปออเดอร์แล้ว ลูกค้ายกเลิก
A6: 4 | B6: EUZ91 | C6: ค******ง | D6: Shopee | E6: 5hm6t5tnsn | G6: 09/03/2025 15:07 | H6: 81 | I6: สรุปออเดอร์แล้ว ลูกค้ายกเลิก
A7: 5 | B7: EVA12 | C7: ป***ศา เ***เลิศ | D7: Tiktok | E7: 7494515217763698848 | F7: J&T Express | G7: 09/03/2025 16:03 | H7: 380 | I7: สรุปออเดอร์แล้ว ลูกค้ายกเลิก
A8: 6 | B8: EVA34 | C8: ส******8 | D8: Shopee | E8: suwapha_2006 | G8: 09/03/2025 20:01 | H8: 72 | I8: สรุปออเดอร์แล้ว ลูกค้ายกเลิก
A9: 7 | B9: EVA42 | C9: ว******ล | D9: Shopee | E9: september.17 | G9: 09/03/2025 21:41 | H9: 270 | I9: สรุปออเดอร์แล้ว ลูกค้ายกเลิก
A10: 8 | B10: EVC35 | C10: ว***ญาณ์ ซ***สัตย์ | D10: Tiktok | E10: 7494032459158816239 | F10: J&T Express | G10: 11/03/2025 15:07 | H10: 210 | I10: สรุปออเดอร์แล้ว ลูกค้ายกเลิก
A11: 9 | B11: EVC37 | C11: ว***ญาณ์ ซ***สัตย์ | D11: Tiktok | E11: 7494032459158816239 | F11: J&T Express | G11: 11/03/2025 15:12 | H11: 210 | I11: สรุปออเดอร์แล้ว ลูกค้ายกเลิก
A12: 10 | B12: EVC47 | C12: ส***มล ไ*** | D12: Tiktok | E12: 7494004869135369576 | F12: J&T Express | G12: 11/03/2025 15:52 | H12: 90 | I12: สรุปออเดอร์แล้ว ลูกค้ายกเลิก
A13: 11 | B13: EVD45 | C13: อุดม ศิริสัตย์ | D13: Lazada | F13: Kerry_dropoff | G13: 12/03/2025 15:09 | H13: 67.5 | I13: สรุปออเดอร์แล้ว ลูกค้ายกเลิก
A14: 12 | B14: EVD60 | C14: ส*** ร***าธรรม | D14: Tiktok | E14: 7494055099669579395 | F14: J&T Express | G14: 12/03/2025 16:08 | H14: 100 | I14: สรุปออเดอร์แล้ว ลูกค้ายกเลิก
A15: 13 | B15: EVD84 | C15: สิริกุล บุนนาค | D15: Lazada | F15: Kerry_dropoff | G15: 12/03/2025 21:59 | H15: 66.75 | I15: สรุปออเดอร์แล้ว ลูกค้ายกเลิก
A16: 14 | B16: EVI2 | C16: ปารมี แสงรังสี | D16: Lazada | F16: Kerry_dropoff | G16: 16/03/2025 13:36 | H16: 119.35 | I16: สรุปออเดอร์แล้ว ลูกค้ายกเลิก
A17: 15 | B17: EVJ30 | C17: ปารมี แสงรังสี | D17: Lazada | F17: Kerry_dropoff | G17: 17/03/2025 08:50 | H17: 119.35 | I17: สรุปออเดอร์แล้ว ลูกค้ายกเลิก
A18: 16 | B18: EVJ29 | C18: ปารมี แสงรังสี | D18: Lazada | F18: Kerry_dropoff | G18: 17/03/2025 08:50 | H18: 119.35 | I18: สรุปออเดอร์แล้ว ลูกค้ายกเลิก
A19: 17 | B19: EVK47 | C19: ป***า ท***ำ | D19: Tiktok | E19: 7494740466278632039 | F19: J&T Express | G19: 17/03/2025 16:01 | H19: 300 | I19: สรุปออเดอร์แล้ว ลูกค้ายกเลิก
A20: 18 | B20: EVN82 | C20: อ***ี เ***้ำเที่ยง | D20: Tiktok | E20: 7494174727261489714 | F20: J&T Express | G20: 19/03/2025 21:03 | H20: 245 | I20: สรุปออเดอร์แล้ว ลูกค้ายกเลิก
A21: 19 | B21: EWF46 | C21: เจนจิลา ขุนพินิจ | D21: Lazada | F21: Kerry_dropoff | G21: 29/03/2025 20:01 | H21: 89.7 | I21: สรุปออเดอร์แล้ว ลูกค้ายกเลิก
A22: 20 | B22: EWI21 | C22: ว***พ็ญ เ***ไทย | D22: Tiktok | E22: 7495549266004641851 | F22: J&T Express | G22: 30/03/2025 15:55 | H22: 150 | I22: สรุปออเดอร์แล้ว ลูกค้ายกเลิก
A23: 21 | B23: EWI24 | C23: ธ***วุฒิ บ***พรม | D23: Tiktok | E23: 7494028166679594407 | F23: J&T Express | G23: 30/03/2025 15:56 | H23: 200 | I23: สรุปออเดอร์แล้ว ลูกค้ายกเลิก
A24: 22 | B24: EWJ15 | C24: ก***า ว***ศรีแก้ว | D24: Tiktok | E24: 7493992256395511476 | F24: J&T Express | G24: 31/03/2025 10:27 | H24: 106 | I24: สรุปออเดอร์แล้ว ลูกค้ายกเลิก
A25: 23 | B25: EWK48 | C25: จ******ศ | D25: Shopee | E25: jaruwan.poo | G25: 31/03/2025 23:34 | H25: 111 | I25: สรุปออเดอร์แล้ว ลูกค้ายกเลิก
G108: ยอดรวม | H108: =SUM(H3:H25) -> 3778.71 | I108: บาท

Sheet ก.พ. เคลม
A1: สรุปรายการส่งของเคลมสินค้า เดือนกุมภาพันธ์ 2567 | I1: รวมยอดเสียหายค่าขนส่งเพิ่มเติม | J1: =SUBTOTAL(9,J3:J81) -> 271 | K1: บาท
A2: ลำดับ | B2: เลขที่ออเดอร์ | C2: ชื่อ | D2: ช่องทางติดต่อ | E2: ชื่อตามช่องทางติดต่อ | F2: ขนส่ง | G2: วันที่สร้าง | H2: ยอดขาย | I2: เลขพัสดุ | J2: ค่าขนส่ง | K2: หมายเหตุ | M2: รายการ | N2: จำนวนออเดอร์
A3: 1 | B3: ETI39 | C3: ปวีณา ควรแย้ม | D3: line_oa | E3: ร้านมะพร้าวมั๊ย | F3: EMS | G3: 02/02/2025 13:48 | H3: 0 | I3: JB173480597TH | J3: =IFERROR(VLOOKUP(I3,'รายการส่งของ ก.พ.'!I:T,12,0),"0") -> 22 | K3: ของเคลม LAZADA เนื่องจากลูกค้าได้รับสินค้าไม่ครบ | M3: ของเคลม LAZADA เนื่องจากลูกค้าได้รับสินค้าไม่ครบ | N3: 4
A4: 2 | B4: ETJ18 | C4: รัตนา หลีอรัญ | D4: facebook | F4: EMS | G4: 03/02/2025 13:01 | H4: 0 | I4: JB173643012TH | J4: =IFERROR(VLOOKUP(I4,'รายการส่งของ ก.พ.'!I:T,12,0),"0") -> 17 | K4: ของเคลม LAZADA เนื่องจากสินค้าเน่าเสียก่อนวันหมดอายุที่แจ้งข้างกล่อง | M4: ของเคลม LAZADA เนื่องจากลูกค้าได้รับสินค้าผิดไม่ตรงตามที่สั่ง | N4: 0
A5: 3 | B5: ETJ44 | C5: ภัทรพร จันทรสิทธิผล | D5: facebook | F5: EMS | G5: 03/02/2025 16:18 | H5: 0 | I5: JB173643074TH | J5: =IFERROR(VLOOKUP(I5,'รายการส่งของ ก.พ.'!I:T,12,0),"0") -> 17 | K5: ของเคลม Tiktok เนื่องจากสินค้าไม่มี | M5: ของเคลม LAZADA เนื่องจากลูกค้าไม่ได้รับสินค้า | N5: 0
A6: 4 | B6: ETJ76 | C6: บุษบา | D6: facebook | F6: EMS | G6: 04/02/2025 13:47 | H6: 0 | I6: JB173800835TH | J6: =IFERROR(VLOOKUP(I6,'รายการส่งของ ก.พ.'!I:T,12,0),"0") -> 17 | K6: ของเคลม LAZADA เนื่องจากลูกค้าได้รับสินค้าไม่ครบ | M6: ของเคลม LAZADA เนื่องจากสินค้าเสียหายจากการขนส่ง | N6: 0
A7: 5 | B7: ETK47 | C7: นางสาวศิริกัญญา วิริยะเศรษฐ์กุล | D7: facebook | E7: KruBum Bim | F7: EMS | G7: 05/02/2025 14:27 | H7: 0 | I7: JB173937820TH | J7: =IFERROR(VLOOKUP(I7,'รายการส่งของ ก.พ.'!I:T,12,0),"0") -> 43 | K7: ของเคลม LAZADA เนื่องจากลูกค้าได้รับสินค้าไม่ครบ | M7: ของเคลม LAZADA เนื่องจากสินค้าเน่าเสียก่อนวันหมดอายุที่แจ้งข้างกล่อง | N7: 3
A8: 6 | B8: ETL54 | C8: กิตติมา ฮวดวิเศษ | D8: facebook | F8: EMS | G8: 06/02/2025 17:54 | H8: 0 | I8: JB174080216TH | J8: =IFERROR(VLOOKUP(I8,'รายการส่งของ ก.พ.'!I:T,12,0),"0") -> 33 | K8: ของเคลม LAZADA เนื่องจากสินค้าเน่าเสียก่อนวันหมดอายุที่แจ้งข้างกล่อง | M8: ของเคลม LAZADA เนื่องจากสินค้ามีรสชาติขม รสชาติ สีของขนม ผิดปกติ | N8: 0
A9: 7 | B9: ETR96 | C9: นางสาวจิรปรียา ทองสา | D9: facebook | F9: EMS | G9: 10/02/2025 19:36 | H9: 0 | I9: JB174576291TH | J9: =IFERROR(VLOOKUP(I9,'รายการส่งของ ก.พ.'!I:T,12,0),"0") -> 17 | K9: ของเคลม Tiktok เนื่องจากลูกค้าได้รับสินค้าไม่ครบ | M9: ของเคลม LAZADA เนื่องจากสินค้าไม่มี | N9: 0
A10: 8 | B10: ETV61 | C10: ปรีชา ศรีสุวรรณนิเวศ | D10: facebook | F10: EMS | G10: 13/02/2025 10:23 | H10: 0 | I10: JB174927639TH | J10: =IFERROR(VLOOKUP(I10,'รายการส่งของ ก.พ.'!I:T,12,0),"0") -> 17 | K10: ของเคลม LAZADA เนื่องจากลูกค้าได้รับสินค้าไม่ครบ | M10: ของเคลม LAZADA ไม่ทราบเหตุผล | N10: 0
A11: 9 | B11: ETX67 | C11: วราลี อรุณรุ่ง | D11: facebook | E11: Waralee Arunrung | F11: EMS | G11: 14/02/2025 16:17 | H11: 0 | I11: JB175084850TH | J11: =IFERROR(VLOOKUP(I11,'รายการส่งของ ก.พ.'!I:T,12,0),"0") -> 22 | K11: เคลมชิฟฟ่อนไม่มีไส้กล่องใหญ่ 3 กล่อง เนื่องจากคีย์ออเดอร์ผิดรายการ | M11: ของเคลม Shopee เนื่องจากลูกค้าได้รับสินค้าไม่ครบ | N11: 0
A12: 10 | B12: EUG37 | C12: น.ส.อรอนงค์ ไชยศร | D12: line_oa | E12: W1750 | F12: EMS | G12: 20/02/2025 16:36 | H12: 0 | I12: JB175756215TH | J12: =IFERROR(VLOOKUP(I12,'รายการส่งของ ก.พ.'!I:T,12,0),"0") -> 22 | K12: เคลมลูกค้านัดรับ เส้น | M12: ของเคลม Shopee เนื่องจากลูกค้าได้รับสินค้าผิดไม่ตรงตามที่สั่ง | N12: 0
A13: 11 | B13: EUG37 | C13: น.ส.อรอนงค์ ไชยศร | D13: line_oa | E13: W1750 | F13: EMS | G13: 20/02/2025 16:36 | H13: 0 | I13: JB175756215TH | J13: =IFERROR(VLOOKUP(I13,'รายการส่งของ ก.พ.'!I:T,12,0),"0") -> 22 | K13: เคลมลูกค้านัดรับ เส้น | M13: ของเคลม Shopee เนื่องจากลูกค้าไม่ได้รับสินค้า | N13: 0
A14: 12 | B14: EUP73 | C14: ธนิษฐา กันสุข | D14: facebook | F14: EMS | G14: 27/02/2025 16:58 | H14: 0 | I14: JB192890011TH | J14: 22 | K14: ของเคลม LAZADA เนื่องจากสินค้าเน่าเสียก่อนวันหมดอายุที่แจ้งข้างกล่อง | M14: ของเคลม Shopee เนื่องจากสินค้าเสียหายจากการขนส่ง | N14: 0
M15: ของเคลม Shopee เนื่องจากสินค้าเน่าเสียก่อนวันหมดอายุที่แจ้งข้างกล่อง | N15: 0
M16: ของเคลม Shopee เนื่องจากสินค้ามีรสชาติขม รสชาติ สีของขนม ผิดปกติ | N16: 0
M17: ของเคลม Shopee เนื่องจากสินค้าไม่มี | N17: 0
M18: ของเคลม Shopee ไม่ทราบเหตุผล | N18: 0
M19: ของเคลม Line OA เนื่องจากลูกค้าได้รับสินค้าไม่ครบ | N19: 0
M20: ของเคลม Line OA เนื่องจากลูกค้าได้รับสินค้าผิดไม่ตรงตามที่สั่ง | N20: 0
M21: ของเคลม Line OA เนื่องจากลูกค้าไม่ได้รับสินค้า | N21: 0
M22: ของเคลม Line OA เนื่องจากสินค้าเสียหายจากการขนส่ง | N22: 0
M23: ของเคลม Line OA เนื่องจากสินค้าเน่าเสียก่อนวันหมดอายุที่แจ้งข้างกล่อง | N23: 0
M24: ของเคลม Line OA เนื่องจากสินค้ามีรสชาติขม รสชาติ สีของขนม ผิดปกติ | N24: 0
M25: ของเคลม Line OA เนื่องจากสินค้าไม่มี | N25: 0
M26: ของเคลม Line OA ไม่ทราบเหตุผล | N26: 0
... M56: ไม่ทราบสาเหตุ | N56: 0
N57: =SUM(N3:N56) -> 11

Sheet ก.พ. ยกเลิก
A1: สรุปรายการยกเลิกออเดอร์ ที่ออกเลขที่ออเดอร์แล้ว (เนื่องจากลูกค้าเอฟในไลฟ์สดแล้วไม่ยืนยันออเดอร์) เดือนกุมภาพันธ์ 2568
A2: ลำดับ | B2: เลขที่ออเดอร์ | C2: ชื่อ | D2: ช่องทางติดต่อ | E2: ชื่อตามช่องทางติดต่อ | F2: ขนส่ง | G2: วันที่สร้าง | H2: ยอดขาย | I2: หมายเหตุ
A3: 1 | B3: ETT95 | C3: CJ Eureasia ธิดา ออ | D3: Lazada | F3: Kerry_dropoff | G3: 11/02/2025 16:24 | H3: 1279 | I3: สรุปออเดอร์แล้ว ลูกค้ายกเลิก
A4: 2 | B4: ETV79 | C4: น***บ ว***ชน | D4: Tiktok | E4: 7495798350227540130 | F4: J&T Express | G4: 13/02/2025 12:50 | H4: 275 | I4: สรุปออเดอร์แล้ว ลูกค้ายกเลิก
A5: 3 | B5: ETV96 | C5: น***่อน ป***าคิด | D5: Tiktok | E5: 7495209470596713355 | F5: J&T Express | G5: 13/02/2025 13:16 | H5: 90 | I5: สรุปออเดอร์แล้ว ลูกค้ายกเลิก
A6: 4 | B6: ETW21 | C6: เ***รินทร์. เ***กผ่อง | D6: Tiktok | E6: 7494732278057634661 | F6: J&T Express | G6: 13/02/2025 14:21 | H6: 106 | I6: สรุปออเดอร์แล้ว ลูกค้ายกเลิก
A7: 5 | B7: ETW41 | C7: อ******) | D7: Shopee | E7: myboy9654 | G7: 13/02/2025 15:58 | H7: 302 | I7: สรุปออเดอร์แล้ว ลูกค้ายกเลิก
A8: 6 | B8: ETY80 | C8: THOMAS | D8: Lazada | F8: Kerry_dropoff | G8: 15/02/2025 13:31 | H8: 104.03 | I8: สรุปออเดอร์แล้ว ลูกค้ายกเลิก
A9: 7 | B9: EUB3 | C9: นิรชร แสงรังสี | D9: Lazada | F9: Kerry_dropoff | G9: 16/02/2025 18:43 | H9: 131.27 | I9: สรุปออเดอร์แล้ว ลูกค้ายกเลิก
A10: 8 | B10: EUB4 | C10: นิรชร แสงรังสี | D10: Lazada | F10: Kerry_dropoff | G10: 16/02/2025 18:44 | H10: 138.07 | I10: สรุปออเดอร์แล้ว ลูกค้ายกเลิก
A11: 9 | B11: EUC76 | C11: น***บ ว***ชน | D11: Tiktok | E11: 7495798350227540130 | F11: J&T Express | G11: 18/02/2025 12:37 | H11: 319 | I11: สรุปออเดอร์แล้ว ลูกค้ายกเลิก
A12: 10 | B12: EUF92 | C12: น***บ ว***ชน | D12: Tiktok | E12: 7495798350227540130 | F12: J&T Express | G12: 20/02/2025 12:08 | H12: 220 | I12: สรุปออเดอร์แล้ว ลูกค้ายกเลิก
A13: 11 | B13: EUG15 | C13: สุนีย์ รัตนบุรี | D13: Lazada | F13: Kerry_dropoff | G13: 20/02/2025 14:26 | H13: 216 | I13: สรุปออเดอร์แล้ว ลูกค้ายกเลิก
A14: 12 | B14: EUG44 | C14: ศ***กิตติ์ ภ***โชติชัยกุล | D14: Tiktok | E14: 7495675721578678779 | F14: J&T Express | G14: 20/02/2025 17:04 | H14: 250 | I14: สรุปออเดอร์แล้ว ลูกค้ายกเลิก
A15: 13 | B15: EUG54 | C15: THOMAS | D15: Lazada | F15: Kerry_dropoff | G15: 20/02/2025 18:05 | H15: 106.62 | I15: สรุปออเดอร์แล้ว ลูกค้ายกเลิก
A16: 14 | B16: EUG71 | C16: แอนจ้า วางไว้เลย | D16: Lazada | F16: Kerry_dropoff | G16: 20/02/2025 20:26 | H16: 122.35 | I16: สรุปออเดอร์แล้ว ลูกค้ายกเลิก
A17: 15 | B17: EUG90 | C17: ปริศนา. โทแก้ว | D17: Lazada | F17: Kerry_dropoff | G17: 20/02/2025 22:10 | H17: 180.65 | I17: สรุปออเดอร์แล้ว ลูกค้ายกเลิก
A18: 16 | B18: EUG54 | C18: THOMAS | D18: Lazada | F18: Kerry_dropoff | G18: 20/02/2025 18:05 | H18: 106.62 | I18: สรุปออเดอร์แล้ว ลูกค้ายกเลิก
A19: 17 | B19: EUI91 | C19: นิรชร แสงรังสี | D19: Lazada | F19: Kerry_dropoff | G19: 22/02/2025 07:50 | H19: 122.35 | I19: สรุปออเดอร์แล้ว ลูกค้ายกเลิก
A20: 18 | B20: EUK93 | C20: ร***ิกร แ***งสกุล | D20: Tiktok | E20: 7495485767651264641 | F20: J&T Express | G20: 23/02/2025 15:18 | H20: 270 | I20: สรุปออเดอร์แล้ว ลูกค้ายกเลิก
A21: 19 | B21: EUK95 | C21: ช** ศ***าน | D21: Tiktok | E21: 7495745778885102531 | F21: J&T Express | G21: 23/02/2025 15:25 | H21: 152 | I21: สรุปออเดอร์แล้ว ลูกค้ายกเลิก
A22: 20 | B22: EUM23 | C22: ศ******ว | D22: Shopee | E22: ingsarittaya | G22: 24/02/2025 18:17 | H22: 110 | I22: สรุปออเดอร์แล้ว ลูกค้ายกเลิก
A23: 21 | B23: EUO49 | C23: ศ******) | D23: Shopee | E23: mama.vn_official | G23: 26/02/2025 12:44 | H23: 269 | I23: สรุปออเดอร์แล้ว ลูกค้ายกเลิก
A24: 22 | B24: EUO56 | C24: จ*า | D24: Shopee | E24: mama.vn_official | G24: 26/02/2025 12:52 | H24: 269 | I24: สรุปออเดอร์แล้ว ลูกค้ายกเลิก
G25: ยอดรวม | H25: =SUM(H3:H24) -> 5138.96 | I25: บาท

Sheet ม.ค. เคลม
A1: สรุปรายการส่งของเคลมสินค้า เดือนมกราคม 2568 | I1: รวมยอดเสียหายค่าขนส่งเพิ่มเติม | J1: =SUBTOTAL(9,J3:J100) -> 1131 | K1: บาท
A2: ลำดับ | B2: เลขที่ออเดอร์ | C2: ชื่อ | D2: ช่องทางติดต่อ | E2: ชื่อตามช่องทางติดต่อ | F2: ขนส่ง | G2: วันที่สร้าง | H2: ยอดขาย | I2: เลขพัสดุ | J2: ค่าใช้จ่ายส่งของ | K2: หมายเหตุ | M2: รายการ | N2: จำนวนออเดอร์
A3: 1 | B3: EPN82 | C3: ศิริชัย | D3: facebook | F3: EMS | G3: 02/01/2025 12:25 | H3: 0 | I3: JB130378805TH | J3: =VLOOKUP(I3,'รายการส่งของ ม.ค.'!I:T,12,0) -> 17 | K3: ของเคลม Shopee เนื่องจากสินค้าไม่มี | M3: ของเคลม LAZADA เนื่องจากลูกค้าได้รับสินค้าไม่ครบ | N3: 7
A4: 2 | B4: EPN84 | C4: อุไรรัตน์ วงษ์สนิท | D4: facebook | F4: EMS | G4: 02/01/2025 12:26 | H4: 0 | I4: JB130378828TH | J4: =IFERROR(VLOOKUP(I4,'รายการส่งของ ม.ค.'!I:T,12,0),"0") -> 22 | K4: ของเคลม LAZADA เนื่องจากลูกค้าได้รับสินค้าไม่ครบ | M4: ของเคลม LAZADA เนื่องจากลูกค้าได้รับสินค้าผิดไม่ตรงตามที่สั่ง | N4: 1
A5: 3 | B5: EPN83 | C5: ชื่อ.โยษิตา พรหมบวช | D5: facebook | F5: EMS | G5: 02/01/2025 12:26 | H5: 0 | I5: JB130378814TH | J5: =IFERROR(VLOOKUP(I5,'รายการส่งของ ม.ค.'!I:T,12,0),"0") -> 17 | K5: ของเคลม Shopee เนื่องจากลูกค้าได้รับสินค้าไม่ครบ | M5: ของเคลม LAZADA เนื่องจากลูกค้าไม่ได้รับสินค้า | N5: 1
A6: 4 | B6: EPN86 | C6: นางสาว ปภัสรา หนูแก้ว | D6: facebook | F6: EMS | G6: 02/01/2025 12:29 | H6: 0 | I6: JB130378831TH | J6: =IFERROR(VLOOKUP(I6,'รายการส่งของ ม.ค.'!I:T,12,0),"0") -> 37 | K6: ของเคลม Shopee เนื่องจากลูกค้าได้รับสินค้าไม่ครบ | M6: ของเคลม LAZADA เนื่องจากสินค้าเสียหายจากการขนส่ง | N6: 1
A7: 5 | B7: EPO58 | C7: ชื่อผู้รับ ศศิณา | D7: facebook | F7: EMS | G7: 02/01/2025 14:56 | H7: 0 | I7: JB130378845TH | J7: =IFERROR(VLOOKUP(I7,'รายการส่งของ ม.ค.'!I:T,12,0),"0") -> 22 | K7: ของเคลม LAZADA เนื่องจากสินค้ามีรสชาติขม รสชาติ สีของขนม ผิดปกติ | M7: ของเคลม LAZADA เนื่องจากสินค้าเน่าเสียก่อนวันหมดอายุที่แจ้งข้างกล่อง | N7: 0
A8: 6 | B8: EPP23 | C8: ร้านเอกะเจี๊ยบมือถือ | D8: facebook | F8: EMS | G8: 02/01/2025 17:02 | H8: 0 | I8: JB130378876TH | J8: =IFERROR(VLOOKUP(I8,'รายการส่งของ ม.ค.'!I:T,12,0),"0") -> 22 | K8: ของเคลม Shopee เนื่องจากสินค้าเน่าเสียก่อนวันหมดอายุที่แจ้งข้างกล่อง | M8: ของเคลม LAZADA เนื่องจากสินค้ามีรสชาติขม รสชาติ สีของขนม ผิดปกติ | N8: 7
A9: 7 | B9: EPV97 | C9: ธนาวุฒิ ไขแสง | D9: facebook | F9: EMS | G9: 03/01/2025 12:23 | H9: 0 | I9: JB130507522TH | J9: =IFERROR(VLOOKUP(I9,'รายการส่งของ ม.ค.'!I:T,12,0),"0") -> 17 | K9: ของเคลม Shopee เนื่องจากสินค้าไม่มี | M9: ของเคลม LAZADA เนื่องจากสินค้าไม่มี | N9: 1
A10: 8 | B10: EPV95 | C10: ปรียาภรณ์ สุริยา | D10: facebook | F10: EMS | G10: 03/01/2025 12:23 | H10: 0 | I10: JB130507536TH | J10: =IFERROR(VLOOKUP(I10,'รายการส่งของ ม.ค.'!I:T,12,0),"0") -> 17 | K10: ของเคลม Shopee เนื่องจากลูกค้าได้รับสินค้าไม่ครบ | M10: ของเคลม LAZADA ไม่ทราบเหตุผล | N10: 0
A11: 9 | B11: EPX91 | C11: นางงา วุฒิยา | D11: facebook | F11: EMS | G11: 03/01/2025 16:49 | H11: 0 | I11: JB130507482TH | J11: =IFERROR(VLOOKUP(I11,'รายการส่งของ ม.ค.'!I:T,12,0),"0") -> 22 | K11: ของเคลม LAZADA เนื่องจากสินค้าไม่มี | M11: ของเคลม Shopee เนื่องจากลูกค้าได้รับสินค้าไม่ครบ | N11: 7
A12: 10 | B12: EQF26 | C12: อ้น | D12: facebook | F12: EMS | G12: 05/01/2025 09:14 | H12: 0 | I12: JB130728400TH | J12: =IFERROR(VLOOKUP(I12,'รายการส่งของ ม.ค.'!I:T,12,0),"0") -> 17 | K12: ของเคลม Shopee เนื่องจากลูกค้าได้รับสินค้าไม่ครบ | M12: ของเคลม Shopee เนื่องจากลูกค้าได้รับสินค้าผิดไม่ตรงตามที่สั่ง | N12: 0
A13: 11 | B13: EQF28 | C13: น.ส.สิริพร วันจำลา | D13: facebook | F13: EMS | G13: 05/01/2025 09:15 | H13: 0 | I13: JB130728413TH | J13: =IFERROR(VLOOKUP(I13,'รายการส่งของ ม.ค.'!I:T,12,0),"0") -> 17 | K13: ของเคลม Shopee เนื่องจากสินค้าไม่มี | M13: ของเคลม Shopee เนื่องจากลูกค้าไม่ได้รับสินค้า | N13: 0
A14: 12 | B14: EQM19 | C14: วีระ ศรีราชยา | D14: facebook | F14: EMS | G14: 06/01/2025 13:45 | H14: 0 | I14: JB130889194TH | J14: =IFERROR(VLOOKUP(I14,'รายการส่งของ ม.ค.'!I:T,12,0),"0") -> 17 | K14: ของเคลม LAZADA เนื่องจากลูกค้าไม่ได้รับสินค้า | M14: ของเคลม Shopee เนื่องจากสินค้าเสียหายจากการขนส่ง | N14: 0
A15: 13 | B15: EQM22 | C15: กรรณิการ์ ไหมแก้ว | D15: facebook | F15: EMS | G15: 06/01/2025 13:49 | H15: 0 | I15: JB130889203TH | J15: =IFERROR(VLOOKUP(I15,'รายการส่งของ ม.ค.'!I:T,12,0),"0") -> 17 | K15: ของเคลม Shopee เนื่องจากสินค้าไม่มี | M15: ของเคลม Shopee เนื่องจากสินค้าเน่าเสียก่อนวันหมดอายุที่แจ้งข้างกล่อง | N15: 1
... A20: 18 | B20: ERN61 | C20: ญมาพรรณ วันไว | D20: facebook | F20: EMS | G20: 14/01/2025 17:15 | H20: 0 | I20: JB131937262TH | J20: =IFERROR(VLOOKUP(I20,'รายการส่งของ ม.ค.'!I:T,12,0),"0") -> 17 | K20: ของเคลม LAZADA เนื่องจากลูกค้าได้รับสินค้าไม่ครบ | M20: ของเคลม Line OA เนื่องจากลูกค้าได้รับสินค้าผิดไม่ตรงตามที่สั่ง | N20: 0
A21: 19 | B21: ERN90 | C21: สิริกาญจน์ ชาติชุติกำจร | D21: facebook | E21: Sirikarn Chartchutikumjorn | F21: EMS | G21: 14/01/2025 19:37 | H21: 0 | I21: JB131937259TH | J21: =IFERROR(VLOOKUP(I21,'รายการส่งของ ม.ค.'!I:T,12,0),"0") -> 32 | K21: ของเคลม LAZADA เนื่องจากสินค้ามีรสชาติขม รสชาติ สีของขนม ผิดปกติ | M21: ของเคลม Line OA เนื่องจากลูกค้าไม่ได้รับสินค้า | N21: 0
A22: 20 | B22: ERS11 | C22: วราลี อรุณรุ่ง | D22: facebook | F22: EMS | G22: 15/01/2025 16:37 | H22: 0 | I22: JB171332216TH | J22: =IFERROR(VLOOKUP(I22,'รายการส่งของ ม.ค.'!I:T,12,0),"0") -> 17 | K22: ของเคลม LAZADA เนื่องจากลูกค้าได้รับสินค้าไม่ครบ | M22: ของเคลม Line OA เนื่องจากสินค้าเสียหายจากการขนส่ง | N22: 0
A23: 21 | B23: ESC16 | C23: สำรวย สัตยภิรมณ์ | D23: line_oa | E23: ST30 คุณสำรวย | F23: EMS | G23: 18/01/2025 17:03 | H23: 0 | J23: =IFERROR(VLOOKUP(I23,'รายการส่งของ ม.ค.'!I:T,12,0),"0") -> 0 | K23: ของเคลม LAZADA เนื่องจากสินค้าเสียหายจากการขนส่ง | M23: ของเคลม Line OA เนื่องจากสินค้าเน่าเสียก่อนวันหมดอายุที่แจ้งข้างกล่อง | N23: 0
A24: 22 | B24: ERJ24 | C24: อธิติมา​ เมี้ยนชัยภูมิ | D24: facebook | F24: EMS | G24: 13/01/2025 09:10 | H24: 0 | I24: JB131632305TH | J24: =IFERROR(VLOOKUP(I24,'รายการส่งของ ม.ค.'!I:T,12,0),"0") -> 80 | K24: ของเคลม LAZADA เนื่องจากลูกค้าได้รับสินค้าไม่ครบ | M24: ของเคลม Line OA เนื่องจากสินค้ามีรสชาติขม รสชาติ สีของขนม ผิดปกติ | N24: 0
A25: 23 | B25: ERN61 | C25: ญมาพรรณ วันไว | D25: facebook | F25: EMS | G25: 14/01/2025 17:15 | H25: 0 | I25: JB131937262TH | J25: =IFERROR(VLOOKUP(I25,'รายการส่งของ ม.ค.'!I:T,12,0),"0") -> 17 | K25: ของเคลม LAZADA เนื่องจากลูกค้าได้รับสินค้าไม่ครบ | M25: ของเคลม Line OA เนื่องจากสินค้าไม่มี | N25: 0
A26: 24 | B26: ERN90 | C26: สิริกาญจน์ ชาติชุติกำจร | D26: facebook | E26: Sirikarn Chartchutikumjorn | F26: EMS | G26: 14/01/2025 19:37 | H26: 0 | I26: JB131937259TH | J26: =IFERROR(VLOOKUP(I26,'รายการส่งของ ม.ค.'!I:T,12,0),"0") -> 32 | K26: ของเคลม LAZADA เนื่องจากสินค้ามีรสชาติขม รสชาติ สีของขนม ผิดปกติ | M26: ของเคลม Line OA ไม่ทราบเหตุผล | N26: 0
A27: 25 | B27: ERS11 | C27: วราลี อรุณรุ่ง | D27: facebook | F27: EMS | G27: 15/01/2025 16:37 | H27: 0 | I27: JB171332216TH | J27: =IFERROR(VLOOKUP(I27,'รายการส่งของ ม.ค.'!I:T,12,0),"0") -> 17 | K27: ของเคลม LAZADA เนื่องจากสินค้ามีรสชาติขม รสชาติ สีของขนม ผิดปกติ | M27: ของเคลม Facebook , Facebook Live เนื่องจากลูกค้าได้รับสินค้าไม่ครบ | N27: 0
A28: 26 | B28: ESC16 | C28: สำรวย สัตยภิรมณ์ | D28: line_oa | E28: ST30 คุณสำรวย | F28: EMS | G28: 18/01/2025 17:03 | H28: 0 | I28: JB171719654TH | J28: =IFERROR(VLOOKUP(I28,'รายการส่งของ ม.ค.'!I:T,12,0),"0") -> 17 | K28: ของเคลม LAZADA เนื่องจากสินค้ามีรสชาติขม รสชาติ สีของขนม ผิดปกติ | M28: ของเคลม Facebook , Facebook Live เนื่องจากลูกค้าได้รับสินค้าผิดไม่ตรงตามที่สั่ง | N28: 0
A29: 27 | B29: ETC32 | C29: วิ ใจทิพย์ | D29: facebook | F29: EMS | G29: 23/01/2025 12:28 | H29: 0 | I29: JB172332645TH | J29: =IFERROR(VLOOKUP(I29,'รายการส่งของ ม.ค.'!I:T,12,0),"0") -> 17 | K29: ของเคลม Tiktok เนื่องจากลูกค้าได้รับสินค้าไม่ครบ | M29: ของเคลม Facebook , Facebook Live เนื่องจากลูกค้าไม่ได้รับสินค้า | N29: 0
A30: 28 | B30: ETD17 | C30: ชนัญชิดา จุลอ่อน | D30: facebook | F30: EMS | G30: 23/01/2025 15:55 | H30: 0 | I30: JB172332671TH | J30: =IFERROR(VLOOKUP(I30,'รายการส่งของ ม.ค.'!I:T,12,0),"0") -> 17 | K30: ของเคลม Shopee เนื่องจากลูกค้าได้รับสินค้าไม่ครบ | M30: ของเคลม Facebook , Facebook Live เนื่องจากสินค้าเสียหายจากการขนส่ง | N30: 0
A31: 29 | B31: ETD49 | C31: อีฟ | D31: facebook | F31: EMS | G31: 23/01/2025 17:32 | H31: 0 | I31: JB172332742TH | J31: =IFERROR(VLOOKUP(I31,'รายการส่งของ ม.ค.'!I:T,12,0),"0") -> 17 | K31: ของเคลม Tiktok เนื่องจากสินค้ามีรสชาติขม รสชาติ สีของขนม ผิดปกติ | M31: ของเคลม Facebook , Facebook Live เนื่องจากสินค้าเน่าเสียก่อนวันหมดอายุที่แจ้งข้างกล่อง | N31: 0
A32: 30 | B32: ETG65 | C32: พัชรี ปากท้าง | D32: facebook | F32: EMS | G32: 24/01/2025 17:49 | H32: 0 | I32: JB172458822TH | J32: =IFERROR(VLOOKUP(I32,'รายการส่งของ ม.ค.'!I:T,12,0),"0") -> 17 | K32: ของเคลม Tiktok เนื่องจากลูกค้าได้รับสินค้าไม่ครบ | M32: ของเคลม Facebook , Facebook Live เนื่องจากสินค้ามีรสชาติขม รสชาติ สีของขนม ผิดปกติ | N32: 0
A33: 31 | B33: ETH11 | C33: คุณสุธรรม | D33: facebook | E33: Suthump Lekhaphanrat | F33: EMS | G33: 25/01/2025 10:32 | H33: 0 | I33: TH45016RX85A8A | J33: =IFERROR(VLOOKUP(I33,'รายการส่งของ ม.ค.'!I:T,12,0),"0") -> 134 | K33: เคลมลูกค้านัดรับ เส้น | M33: ของเคลม Facebook , Facebook Live เนื่องจากสินค้าไม่มี | N33: 0
A34: 32 | B34: ETH32 | C34: โอภาส เที่ยงกระโทก | D34: facebook | F34: EMS | G34: 26/01/2025 09:34 | H34: 0 | I34: JB172586384TH | J34: =IFERROR(VLOOKUP(I34,'รายการส่งของ ม.ค.'!I:T,12,0),"0") -> 22 | K34: ของเคลม Tiktok เนื่องจากลูกค้าได้รับสินค้าไม่ครบ | M34: ของเคลม Facebook , Facebook Live ไม่ทราบเหตุผล | N34: 0
A35: 33 | B35: ETH33 | C35: ตุ๊กตา หมูบ้านเบททาง | D35: facebook | F35: EMS | G35: 26/01/2025 09:35 | H35: 0 | I35: JB172586398TH | J35: =IFERROR(VLOOKUP(I35,'รายการส่งของ ม.ค.'!I:T,12,0),"0") -> 17 | K35: ของเคลม Tiktok เนื่องจากลูกค้าได้รับสินค้าไม่ครบ | M35: ของเคลม Tiktok เนื่องจากลูกค้าได้รับสินค้าไม่ครบ | N35: 14
A36: 34 | B36: ETH34 | C36: นริศรา กุลแก้ว | D36: facebook | F36: EMS | G36: 26/01/2025 09:36 | H36: 0 | I36: JB172586407TH | J36: =IFERROR(VLOOKUP(I36,'รายการส่งของ ม.ค.'!I:T,12,0),"0") -> 17 | K36: ของเคลม Tiktok เนื่องจากลูกค้าได้รับสินค้าไม่ครบ | M36: ของเคลม Tiktok เนื่องจากลูกค้าได้รับสินค้าผิดไม่ตรงตามที่สั่ง | N36: 0
A37: 35 | B37: ETH35 | C37: สำรวย สัตยภิรมณ์ | D37: facebook | F37: EMS | G37: 26/01/2025 09:37 | H37: 0 | I37: JB172586415TH | J37: =IFERROR(VLOOKUP(I37,'รายการส่งของ ม.ค.'!I:T,12,0),"0") -> 22 | K37: ของเคลม Tiktok เนื่องจากลูกค้าได้รับสินค้าไม่ครบ | M37: ของเคลม Tiktok เนื่องจากลูกค้าไม่ได้รับสินค้า | N37: 0
A38: 36 | B38: ETH36 | C38: สำรวย สัตยภิรมณ์ | D38: facebook | F38: EMS | G38: 26/01/2025 09:38 | H38: 0 | I38: JB172586424TH | J38: =IFERROR(VLOOKUP(I38,'รายการส่งของ ม.ค.'!I:T,12,0),"0") -> 17 | K38: ของเคลม LAZADA เนื่องจากลูกค้าได้รับสินค้าไม่ครบ | M38: ของเคลม TikTok เนื่องจากสินค้าเสียหายจากการขนส่ง | N38: 0
A39: 37 | B39: ETH37 | C39: สำรวย สัตยภิรมณ์ | D39: facebook | F39: EMS | G39: 26/01/2025 09:40 | H39: 0 | I39: JB172586438TH | J39: =IFERROR(VLOOKUP(I39,'รายการส่งของ ม.ค.'!I:T,12,0),"0") -> 33 | K39: ของเคลม Tiktok เนื่องจากลูกค้าได้รับสินค้าไม่ครบ | M39: ของเคลม TikTok เนื่องจากสินค้าเน่าเสียก่อนวันหมดอายุที่แจ้งข้างกล่อง | N39: 0
A40: 38 | B40: ETH38 | C40: คุณ ฟ้าลดา | D40: facebook | F40: EMS | G40: 26/01/2025 09:42 | H40: 0 | I40: JB172590287TH | J40: =IFERROR(VLOOKUP(I40,'รายการส่งของ ม.ค.'!I:T,12,0),"0") -> 17 | K40: ของเคลม Tiktok เนื่องจากลูกค้าได้รับสินค้าไม่ครบ | M40: ของเคลม Tiktok เนื่องจากสินค้ามีรสชาติขม รสชาติ สีของขนม ผิดปกติ | N40: 1
A41: 39 | B41: ETH42 | C41: เฉลิมโชค | D41: facebook | F41: EMS | G41: 26/01/2025 11:06 | H41: 0 | I41: JB172586441TH | J41: =IFERROR(VLOOKUP(I41,'รายการส่งของ ม.ค.'!I:T,12,0),"0") -> 17 | K41: ของเคลม Shopee เนื่องจากลูกค้าได้รับสินค้าไม่ครบ | M41: ของเคลม Tiktok เนื่องจากสินค้าไม่มี | N41: 0
A42: 40 | B42: ETH48 | C42: กนกพร นันทะโย | D42: facebook | F42: EMS | G42: 26/01/2025 11:47 | H42: 0 | I42: JB172586455TH | J42: =IFERROR(VLOOKUP(I42,'รายการส่งของ ม.ค.'!I:T,12,0),"0") -> 17 | K42: ของเคลม Tiktok เนื่องจากลูกค้าได้รับสินค้าไม่ครบ | M42: ของเคลม Tiktok ไม่ทราบเหตุผล | N42: 0
A43: 41 | B43: ETH67 | C43: วัชรากร ผาสุข | D43: line_oa | E43: Giutar | F43: EMS | G43: 27/01/2025 11:25 | H43: 0 | I43: JB172741058TH | J43: =IFERROR(VLOOKUP(I43,'รายการส่งของ ม.ค.'!I:T,12,0),"0") -> 17 | K43: ของเคลม Tiktok เนื่องจากลูกค้าได้รับสินค้าไม่ครบ | M43: ของเคลม ไปรษณีย์ เนื่องจากลูกค้าได้รับสินค้าไม่ครบ | N43: 0
A44: 42 | B44: ETH69 | C44: จันทร์จิรา ผังดี | D44: facebook | F44: EMS | G44: 27/01/2025 11:30 | H44: 0 | I44: JB172741000TH | J44: =IFERROR(VLOOKUP(I44,'รายการส่งของ ม.ค.'!I:T,12,0),"0") -> 17 | K44: ของเคลม Tiktok เนื่องจากลูกค้าได้รับสินค้าไม่ครบ | M44: ของเคลม ไปรษณีย์ เนื่องจากลูกค้าได้รับสินค้าผิดไม่ตรงตามที่สั่ง | N44: 0
A45: 43 | B45: ETH68 | C45: ศิริรัตน์ | D45: other | E45: tanpracha1985 | F45: EMS | G45: 27/01/2025 11:30 | H45: 0 | I45: JB172741061TH | J45: =IFERROR(VLOOKUP(I45,'รายการส่งของ ม.ค.'!I:T,12,0),"0") -> 17 | K45: ของเคลม Tiktok เนื่องจากลูกค้าได้รับสินค้าไม่ครบ | M45: ของเคลม ไปรษณีย์ เนื่องจากลูกค้าไม่ได้รับสินค้า | N45: 0
A46: 44 | B46: ETH71 | C46: ชมพู่ | D46: facebook | F46: EMS | G46: 27/01/2025 11:33 | H46: 0 | I46: JB172741027TH | J46: =IFERROR(VLOOKUP(I46,'รายการส่งของ ม.ค.'!I:T,12,0),"0") -> 17 | K46: ของเคลม Shopee เนื่องจากลูกค้าได้รับสินค้าไม่ครบ | M46: ของเคลม ไปรษณีย์ เนื่องจากสินค้าเสียหายจากการขนส่ง | N46: 0
A47: 45 | B47: ETH70 | C47: จริยา &nbsp;หนูขวัญ | D47: line_oa | E47: 🌺. is..is. 🌾 | F47: EMS | G47: 27/01/2025 11:33 | H47: 0 | I47: JB172741013TH | J47: =IFERROR(VLOOKUP(I47,'รายการส่งของ ม.ค.'!I:T,12,0),"0") -> 17 | K47: ของเคลม Tiktok เนื่องจากลูกค้าได้รับสินค้าไม่ครบ | M47: ของเคลม ไปรษณีย์ เนื่องจากสินค้าเน่าเสียก่อนวันหมดอายุที่แจ้งข้างกล่อง | N47: 0
A48: 46 | B48: ETH72 | C48: สุวพร &nbsp;ศรีสุระ | D48: line_oa | E48: สุวพร | F48: EMS | G48: 27/01/2025 11:40 | H48: 0 | I48: JB172741035TH | J48: =IFERROR(VLOOKUP(I48,'รายการส่งของ ม.ค.'!I:T,12,0),"0") -> 22 | K48: ของเคลม LAZADA เนื่องจากลูกค้าได้รับสินค้าผิดไม่ตรงตามที่สั่ง | M48: ของเคลม ไปรษณีย์ เนื่องจากสินค้ามีรสชาติขม รสชาติ สีของขนม ผิดปกติ | N48: 0
A49: 47 | B49: ETH94 | C49: วนิศรา ลาภินี | D49: facebook | E49: wanis_pui | F49: EMS | G49: 28/01/2025 14:11 | H49: 0 | I49: JB172856594TH | J49: =IFERROR(VLOOKUP(I49,'รายการส่งของ ม.ค.'!I:T,12,0),"0") -> 17 | K49: ของเคลม Tiktok เนื่องจากลูกค้าได้รับสินค้าไม่ครบ | M49: ของเคลม ไปรษณีย์ เนื่องจากสินค้าไม่มี | N49: 0
M50: ของเคลม ไปรษณีย์ ไม่ทราบเหตุผล | N50: 0
M51: ของเคลม ตัวแทนเส้น | N51: 0
M52: ของเคลม เนื่องจากสินค้ามีรสชาติไม่ปกติ (ขม) | N52: 0
M53: เคลมลูกค้านัดรับ เส้น | N53: 1
M54: เคลมสินค้าเนื่องจากกล่องชำรุด เสียหาย | N54: 0
M55: เคลมเนื่องจากส่งสินค้าผิด | N55: 0
M56: ไม่ทราบสาเหตุ | N56: 0
N57: =SUM(N3:N56) -> 47

Sheet ม.ค. ยกเลิก
A1: สรุปรายการยกเลิกออเดอร์ ที่ออกเลขที่ออเดอร์แล้ว (เนื่องจากลูกค้าเอฟในไลฟ์สดแล้วไม่ยืนยันออเดอร์) เดือนมกราคม 2568
A2: ลำดับ | B2: เลขที่ออเดอร์ | C2: ชื่อ | D2: ช่องทางติดต่อ | E2: ชื่อตามช่องทางติดต่อ | F2: ขนส่ง | G2: วันที่สร้าง | H2: ยอดขาย | I2: หมายเหตุ
A3: 1 | B3: EQE11 | C3: fxngkhadichdaphkh | D3: Lazada | F3: Kerry_dropoff | G3: 04/01/2025 20:57 | H3: 10582 | I3: สรุปออเดอร์แล้ว ลูกค้ายกเลิก
A4: 2 | B4: EQE12 | C4: fxngkhadichdaphkh | D4: Lazada | F4: Kerry_dropoff | G4: 04/01/2025 20:58 | H4: 4000 | I4: สรุปออเดอร์แล้ว ลูกค้ายกเลิก
A5: 3 | B5: EQE11 | C5: fxngkhadichdaphkh | D5: Lazada | F5: Kerry_dropoff | G5: 04/01/2025 20:58 | H5: 432 | I5: สรุปออเดอร์แล้ว ลูกค้ายกเลิก
A6: 4 | B6: EQE13 | C6: fxngkhadichdaphkh | D6: Lazada | F6: Kerry_dropoff | G6: 04/01/2025 20:59 | H6: 1095 | I6: สรุปออเดอร์แล้ว ลูกค้ายกเลิก
A7: 5 | B7: EQI41 | C7: ร******ว | D7: Shopee | E7: gadeze | G7: 05/01/2025 20:01 | H7: 364 | I7: สรุปออเดอร์แล้ว ลูกค้ายกเลิก
A8: 6 | B8: EQI48 | C8: น***ารีย์ ห***ทศ | D8: Tiktok | E8: 7495484916569115197 | F8: J&T Express | G8: 05/01/2025 20:09 | H8: 200 | I8: สรุปออเดอร์แล้ว ลูกค้ายกเลิก
A9: 7 | B9: ERG39 | C9: ร***า | D9: Tiktok | E9: 7494029631995151389 | F9: J&T Express | G9: 12/01/2025 10:50 | H9: 200 | I9: สรุปออเดอร์แล้ว ลูกค้ายกเลิก
A10: 8 | B10: ERH19 | C10: ค******น | D10: Shopee | E10: d73hbz4i4x | G10: 12/01/2025 12:46 | H10: 285 | I10: สรุปออเดอร์แล้ว ลูกค้ายกเลิก
A11: 9 | B11: ERH68 | C11: อ******ข | D11: Shopee | E11: ubonean01 | G11: 12/01/2025 15:07 | H11: 50 | I11: สรุปออเดอร์แล้ว ลูกค้ายกเลิก
A12: 10 | B12: ERH94 | C12: เกรียงศักดิ์ อินทสิริ | D12: Lazada | F12: Kerry_dropoff | G12: 12/01/2025 16:08 | H12: 109.6 | I12: สรุปออเดอร์แล้ว ลูกค้ายกเลิก
A13: 11 | B13: ERI83 | C13: ประสาท ดิษฐกระจัน | D13: Lazada | F13: Kerry_dropoff | G13: 13/01/2025 00:49 | H13: 58.25 | I13: สรุปออเดอร์แล้ว ลูกค้ายกเลิก
A14: 12 | B14: ERJ89 | C14: น***มศรี เ***งตรี | D14: Tiktok | E14: 7494367731260426856 | F14: J&T Express | G14: 13/01/2025 10:53 | H14: 200 | I14: สรุปออเดอร์แล้ว ลูกค้ายกเลิก
A15: 13 | B15: ERL62 | C15: ก***ัตน์ เ***ญสุข | D15: Tiktok | E15: 7494851885728762441 | F15: J&T Express | G15: 13/01/2025 22:33 | H15: 100 | I15: สรุปออเดอร์แล้ว ลูกค้ายกเลิก
A16: 14 | B16: ERL68 | C16: ด***าว บ***รือง | D16: Tiktok | E16: 7494991326157506884 | F16: J&T Express | G16: 13/01/2025 23:14 | H16: 147 | I16: สรุปออเดอร์แล้ว ลูกค้ายกเลิก
A17: 15 | B17: ERR0 | C17: ศํกดิ์สิทธิ์ ศรีพิสุทธิ์ | D17: Lazada | F17: Kerry_dropoff | G17: 15/01/2025 14:27 | H17: 78.29 | I17: สรุปออเดอร์แล้ว ลูกค้ายกเลิก
A18: 16 | B18: ERS40 | C18: วรรณิภา ไพรวัลย์ | D18: Lazada | F18: Kerry_dropoff | G18: 15/01/2025 17:13 | H18: 230.04 | I18: สรุปออเดอร์แล้ว ลูกค้ายกเลิก
A19: 17 | B19: ERT5 | C19: นิรชร แสงรังสี | D19: Lazada | F19: Kerry_dropoff | G19: 15/01/2025 19:32 | H19: 129.27 | I19: สรุปออเดอร์แล้ว ลูกค้ายกเลิก
A20: 18 | B20: ERW28 | C20: นิรชร แสงรังสี | D20: Lazada | F20: Kerry_dropoff | G20: 16/01/2025 16:06 | H20: 131.27 | I20: สรุปออเดอร์แล้ว ลูกค้ายกเลิก
A21: 19 | B21: ERW31 | C21: ณ***านต์ เ***นดาว | D21: Tiktok | E21: 7493990737399809407 | F21: J&T Express | G21: 16/01/2025 16:22 | H21: 150 | I21: สรุปออเดอร์แล้ว ลูกค้ายกเลิก
A22: 20 | B22: ERW59 | C22: วันทนา แก้วเบี่ยง | D22: Lazada | F22: Kerry_dropoff | G22: 16/01/2025 18:26 | H22: 549.28 | I22: สรุปออเดอร์แล้ว ลูกค้ายกเลิก
A23: 21 | B23: ERW68 | C23: น***รัตน์ ผ***สูงเนิน | D23: Tiktok | E23: 7494637802483518051 | F23: J&T COD | G23: 16/01/2025 18:54 | H23: 200 | I23: สรุปออเดอร์แล้ว ลูกค้ายกเลิก
A24: 22 | B24: ERW83 | C24: สุภาภรณ์ สมบุญจร | D24: facebook | E24: Sharkpoo Kani | F24: EMS COD | G24: 16/01/2025 20:41 | H24: 480 | I24: สรุปออเดอร์แล้ว ลูกค้ายกเลิก
A25: 23 | B25: ERX1 | C25: สุชาดา พิณเขียว | D25: Lazada | F25: Kerry_dropoff | G25: 16/01/2025 22:27 | H25: 187.86 | I25: สรุปออเดอร์แล้ว ลูกค้ายกเลิก
A26: 24 | B26: ERX60 | C26: สายชลแจ่มแจ้ง | D26: Lazada | F26: Kerry_dropoff | G26: 17/01/2025 08:38 | H26: 80.91 | I26: สรุปออเดอร์แล้ว ลูกค้ายกเลิก
A27: 25 | B27: ESB26 | C27: ค******ง | D27: Shopee | E27: kaewsasitron | G27: 18/01/2025 10:37 | H27: 88 | I27: สรุปออเดอร์แล้ว ลูกค้ายกเลิก
A28: 26 | B28: ESZ15 | C28: ก***ิศ | D28: Tiktok | E28: 7495559666643536018 | F28: J&T Express | G28: 22/01/2025 14:30 | H28: 180 | I28: สรุปออเดอร์แล้ว ลูกค้ายกเลิก
A29: 27 | B29: ESZ51 | C29: ว***ิภา อ***วงษ์ | D29: Tiktok | E29: 7493990743222683538 | F29: J&T Express | G29: 22/01/2025 15:57 | H29: 319 | I29: สรุปออเดอร์แล้ว ลูกค้ายกเลิก
A30: 28 | B30: ESZ54 | C30: อ***กร แ***อน | D30: Tiktok | E30: 7493994345227715756 | F30: J&T Express | G30: 22/01/2025 16:02 | H30: 70 | I30: สรุปออเดอร์แล้ว ลูกค้ายกเลิก
A31: 29 | B31: ESZ73 | C31: W*****a | D31: Shopee | E31: wallaphap | G31: 22/01/2025 16:57 | H31: 232 | I31: สรุปออเดอร์แล้ว ลูกค้ายกเลิก
A32: 30 | B32: ETA32 | C32: R******s | D32: Shopee | E32: kikzy000 | G32: 22/01/2025 19:07 | H32: 226 | I32: สรุปออเดอร์แล้ว ลูกค้ายกเลิก
A33: 31 | B33: ETA68 | C33: น******น | D33: Shopee | E33: bf__9dm562 | G33: 22/01/2025 21:14 | H33: 235 | I33: สรุปออเดอร์แล้ว ลูกค้ายกเลิก
A34: 32 | B34: ETH45 | C34: แ***หมียว | D34: Tiktok | E34: 7494296472590518698 | F34: J&T Express | G34: 26/01/2025 11:32 | H34: 106 | I34: สรุปออเดอร์แล้ว ลูกค้ายกเลิก
G76: ยอดรวม | H76: =SUM(H3:H75) -> 21495.77 | I76: บาท

Sheet เรียกค่าขนส่ง
A2: เลขพัสดุ | B2: ค่าขนส่ง
A3: JB088837555TH | B3: =IFERROR(VLOOKUP(A3,#REF!,12,0),"0") -> 0
A4: JB088837564TH | B4: =IFERROR(VLOOKUP(A4,#REF!,12,0),"0") -> 0
A5: LEXPU0405163443 | B5: =IFERROR(VLOOKUP(A5,#REF!,12,0),"0") -> 0
A6: LEXPU0405215321 | B6: =IFERROR(VLOOKUP(A6,#REF!,12,0),"0") -> 0
A7: LEXDO0115601688 | B7: =IFERROR(VLOOKUP(A7,#REF!,12,0),"0") -> 0
A8: JB088985510TH | B8: =IFERROR(VLOOKUP(A8,#REF!,12,0),"0") -> 0
A9: LEXPU0406037110 | B9: =IFERROR(VLOOKUP(A9,#REF!,12,0),"0") -> 0
A10: LEXPU0405957380 | B10: =IFERROR(VLOOKUP(A10,#REF!,12,0),"0") -> 0
A11: TH660668HERD0A | B11: =IFERROR(VLOOKUP(A11,#REF!,12,0),"0") -> 0
A12: JB088985695TH | B12: =IFERROR(VLOOKUP(A12,#REF!,12,0),"0") -> 0
A13: JB088985775TH | B13: =IFERROR(VLOOKUP(A13,#REF!,12,0),"0") -> 0
A14: LBX024766762537572 | B14: =IFERROR(VLOOKUP(A14,#REF!,12,0),"0") -> 0
... A31: - | B31: =IFERROR(VLOOKUP(A31,#REF!,12,0),"0") -> 0
B32: =IFERROR(VLOOKUP(A32,#REF!,12,0),"0") -> 0
B33: =IFERROR(VLOOKUP(A33,#REF!,12,0),"0") -> 0
B34: =IFERROR(VLOOKUP(A34,#REF!,12,0),"0") -> 0
B35: =IFERROR(VLOOKUP(A35,#REF!,12,0),"0") -> 0
B36: =IFERROR(VLOOKUP(A36,#REF!,12,0),"0") -> 0
B37: =IFERROR(VLOOKUP(A37,#REF!,12,0),"0") -> 0
B38: =IFERROR(VLOOKUP(A38,#REF!,12,0),"0") -> 0
B39: =IFERROR(VLOOKUP(A39,#REF!,12,0),"0") -> 0
B40: =IFERROR(VLOOKUP(A40,#REF!,12,0),"0") -> 0
B41: =IFERROR(VLOOKUP(A41,#REF!,12,0),"0") -> 0
B42: =IFERROR(VLOOKUP(A42,#REF!,12,0),"0") -> 0
B43: =IFERROR(VLOOKUP(A43,#REF!,12,0),"0") -> 0
... B207: =IFERROR(VLOOKUP(A207,#REF!,12,0),"0") -> 0

Sheet รายการส่งของ พ.ย.
A1: ลำดับ | B1: วันที่ส่ง | C1: Email | D1: Tel | E1: ขนส่ง | F1: Team Name | G1: Team Percent COD Fee | H1: Page | I1: Tracking No. | J1: Consignee | K1: Phone number | L1: Address | M1: Item type | N1: Weight（kg) | O1: Demensions | P1: COD Amount | Q1: Total COD Fee | R1: COD VAT 7% | S1: Freight | T1: Total Charge
A2: 1 | B2: 243923 | C2: suckjakkure@hotmail.com | D2: 0642427575 | E2: เอกชน | F2: วรรณวนัชเบเกอรี่ | G2: 2 | H2: FACEBOOK | I2: JB117464195TH | J2: ผกานันท์ | K2: 0892177272 | L2: 188/5 ซอยอิสรภาพ 36 ถนน อิสรภาพ วัดอรุณ บางกอกใหญ่ กรุงเทพ 10600 | N2: 0.586 | O2: 0 | P2: 0 | Q2: 0 | R2: 0 | S2: 17 | T2: 17
A3: 2 | B3: 243923 | C3: suckjakkure@hotmail.com | D3: 0642427575 | E3: เอกชน | F3: วรรณวนัชเบเกอรี่ | G3: 2 | H3: FACEBOOK | I3: JB117464181TH | J3: พิชัย | K3: 0897413516 | L3: 899/203 ม.9 สินนครวิลล์ ถนน ประชาอุทิศ ในคลองบางปลากด พระสมุทรเจดีย์ สมุทรปราการ 10290 | N3: 0.636 | O3: 0 | P3: 0 | Q3: 0 | R3: 0 | S3: 17 | T3: 17
A4: 3 | B4: 243923 | C4: suckjakkure@hotmail.com | D4: 0642427575 | E4: เอกชน | F4: วรรณวนัชเบเกอรี่ | G4: 2 | H4: FACEBOOK | I4: JB117464178TH | J4: จริยา นิหมาน | K4: 0866978704 | L4: 109/1 ถนนพัทลุง บ่อยาง เมืองสงขลา สงขลา บ่อยาง เมืองสงขลา สงขลา 90000 | N4: 0.722 | O4: 0 | P4: 0 | Q4: 0 | R4: 0 | S4: 17 | T4: 17
A5: 4 | B5: 243923 | C5: suckjakkure@hotmail.com | D5: 0642427575 | E5: เอกชน | F5: วรรณวนัชเบเกอรี่ | G5: 2 | H5: FACEBOOK | I5: JB117464164TH | J5: ยงยุทธ บุญแจ้ง | K5: 0848268200 | L5: ด่านตรวจสัตว์ป่ามุกดาหาร บางทรายใหญ่ มุกดาหาร เมือง บางทรายใหญ่ เมืองมุกดาหาร มุกดาหาร 49000 | N5: 1.664 | O5: 0 | P5: 0 | Q5: 0 | R5: 0 | S5: 22 | T5: 22
A6: 5 | B6: 243923 | C6: suckjakkure@hotmail.com | D6: 0642427575 | E6: เอกชน | F6: วรรณวนัชเบเกอรี่ | G6: 2 | H6: FACEBOOK | I6: JB117464155TH | J6: อาณัติ | K6: 0812047312 | L6: หมู 37 หมู่ 1 ซอย รร.บ้านทอนเสียด ซอยหวยปราง บางพระเหนือ ละอุ่น ระนอง บางพระเหนือ ละอุ่น ระนอง 85130 | N6: 0.644 | O6: 0 | P6: 0 | Q6: 0 | R6: 0 | S6: 17 | T6: 17
A7: 6 | B7: 243923 | C7: suckjakkure@hotmail.com | D7: 0642427575 | E7: เอกชน | F7: วรรณวนัชเบเกอรี่ | G7: 2 | H7: FACEBOOK | I7: JB117464147TH | J7: คูรสมพงษ์ | K7: 0847789786 | L7: 34/22 หมู่บ้านนาวีเฮาส์ ซอยสุขุมวิท 10 สัตหีบ สัตหีบ ชลบุรี สัตหีบ สัตหีบ ชลบุรี 20180 | N7: 1.106 | O7: 0 | P7: 0 | Q7: 0 | R7: 0 | S7: 22 | T7: 22
A8: 7 | B8: 243923 | C8: suckjakkure@hotmail.com | D8: 0642427575 | E8: เอกชน | F8: วรรณวนัชเบเกอรี่ | G8: 2 | H8: FACEBOOK | I8: JB117464133TH | J8: ณัฐพร จิตสุวรรณทยา | K8: 0899282042 | L8: 57/73 ม.1 หมู่บ้าน โมดิวิลล่า ปิ่นเกล้า วงแหวน ศาลากลาง บางกรวย นนทบุรี ศาลากลาง บางกรวย นนทบุรี 11130 | N8: 3.242 | O8: 0 | P8: 0 | Q8: 0 | R8: 0 | S8: 43 | T8: 43
A9: 8 | B9: 243923 | C9: suckjakkure@hotmail.com | D9: 0642427575 | E9: เอกชน | F9: วรรณวนัชเบเกอรี่ | G9: 2 | H9: FACEBOOK | I9: JA088637130TH | J9: สุเทพ ธรรมจันทร์ | K9: 0935294563 | L9: 42/60 ม.9 หมู่บ้านอีโคเฮ้าส์ ถนนวงแหวนลำลูกกา บึงคำพร้อย ลำลูกกา ปทุมธานี บึงคำพร้อย ลำลูกกา ปทุมธานี 12150 | N9: 1.694 | O9: 130 | P9: 1.95 | Q9: 0.1365 | R9: 0 | S9: 22 | T9: 24.09
A10: 9 | B10: 243923 | C10: suckjakkure@hotmail.com | D10: 0642427575 | E10: เอกชน | F10: วรรณวนัชเบเกอรี่ | G10: 2 | H10: FACEBOOK | I10: JA088637126TH | J10: คุณจุ๋ม | K10: 0983585993 | L10: 238/1 ม.1 ถ.พนังชลประทาน หาดคำ เมืองหนองคาย หนองคาย หาดคำ เมืองหนองคาย หนองคาย 43000 | N10: 0.486 | O10: 129 | P10: 1.935 | Q10: 0.1355 | R10: 0 | S10: 17 | T10: 19.07
A11: 10 | B11: 243923 | C11: suckjakkure@hotmail.com | D11: 0642427575 | E11: เอกชน | F11: วรรณวนัชเบเกอรี่ | G11: 2 | H11: FACEBOOK | I11: JA088637112TH | J11: จารีย์ ไร่ใหญ่ | K11: 0936699342 | L11: 3 หมู่ 8 อ่าวนาง เมืองกระบี่ กระบี่ 81210 | N11: 0.714 | O11: 180 | P11: 2.7 | Q11: 0.189 | R11: 15 | S11: 32 | T11: 34.89
A12: 11 | B12: 243923 | C12: suckjakkure@hotmail.com | D12: 0642427575 | E12: เอกชน | F12: วรรณวนัชเบเกอรี่ | G12: 2 | H12: FACEBOOK | I12: JA088637109TH | J12: วีรยา ทรงดาวเรือง | K12: 0646319924 | L12: 15 เพชรเกษม88 บ้านหลังสีชมพูมีตู้น้ำดื่มหยอดเหรียญสีเขียวหน้าบ้าน บางแค บางแค กรุงเทพ 10160 | N12: 2.278 | O12: 280 | P12: 4.2 | Q12: 0.294 | R12: 0 | S12: 33 | T12: 37.49
A13: 12 | B13: 243923 | C13: suckjakkure@hotmail.com | D13: 0642427575 | E13: เอกชน | F13: วรรณวนัชเบเกอรี่ | G13: 2 | H13: FACEBOOK | I13: JA088637090TH | J13: รุ่งทิพย์ ภูบุตตะ | K13: 0885307472 | L13: 29/21 ม.4 ซอยประเสริฐ ถ.เลียบคลองบางไทร บางคูลัด บางบัวทอง นนทบุรี บางคูรัด บางบัวทอง นนทบุรี 11110 | N13: 2.502 | O13: 630 | P13: 9.45 | Q13: 0.6615 | R13: 0 | S13: 33 | T13: 43.11
... A161: 160 | B161: 243929 | C161: suckjakkure@hotmail.com | D161: 0642427575 | E161: เอกชน | F161: วรรณวนัชเบเกอรี่ | G161: 2 | H161: FACEBOOK | I161: JB118291536TH | J161: คุณวรัทยา เครือแตง ชั้น6 | K161: 0840570290 | L161: ntertek Industry and Certification Services Thailand L 1285/5 ถนนประชาชื่น วงศ์สว่าง บางซื่อ กรุงเทพ 10800 | N161: 0.058 | O161: 0 | P161: 0 | Q161: 0 | R161: 0 | S161: 17 | T161: 17
A162: 161 | B162: 243931 | C162: suckjakkure@hotmail.com | D162: 0642427575 | E162: ไปรษณีย์ไทย | F162: วรรณวนัชเบเกอรี่ | G162: 2 | H162: FACEBOOK | I162: TH03036C4KA31D | J162: บริษัท ไอแฮฟ จำกัด | K162: 0612878560 | L162: 73/193 ม.5 บางใหญ่ เสาธงหิน นนทบุรี Thailand | M162: Others | N162: 21.02 | O162: 38×️22×️26 | P162: 0 | Q162: 0 | R162: 0 | S162: 0 | T162: 249
A163: 162 | B163: 243931 | C163: suckjakkure@hotmail.com | D163: 0642427575 | E163: เอกชน | F163: วรรณวนัชเบเกอรี่ | G163: 2 | H163: FACEBOOK | I163: JA095095814TH | J163: กมลรัตน์ นิลเนตรานนท์ | K163: 0959647776 | L163: 48 ซ.บางนา-ตราด6สุดซอยประตูรั้วสีเขียว บางนาใต้ บางนา กรุงเทพ 10260 | N163: 0.706 | O163: 230 | P163: 3.45 | Q163: 0.2415 | R163: 0 | S163: 17 | T163: 20.69
A164: 163 | B164: 243931 | C164: suckjakkure@hotmail.com | D164: 0642427575 | E164: เอกชน | F164: วรรณวนัชเบเกอรี่ | G164: 2 | H164: FACEBOOK | I164: JA095095805TH | J164: คุณวันชัย เรืองเดช | K164: 0914143191 | L164: 33 หมู่ 8 บ้านแวงใหม่ หนองสูงใต้ หนองสูง มุกดาหาร 49160 | N164: 0.73 | O164: 230 | P164: 3.45 | Q164: 0.2415 | R164: 0 | S164: 17 | T164: 20.69
A165: 164 | B165: 243931 | C165: suckjakkure@hotmail.com | D165: 0642427575 | E165: เอกชน | F165: วรรณวนัชเบเกอรี่ | G165: 2 | H165: FACEBOOK | I165: JA095095791TH | J165: สุรีรัตน์ ส้มดี | K165: 0617356170 | L165: บริษัทสหพัฒน์นววิศวะอินดัสทรี้จำกัด 150 / 71 หมู่ 3 บางพลีใหญ่ บางพลี สมุทรปราการ 10540 | N165: 0.71 | O165: 180 | P165: 2.7 | Q165: 0.189 | R165: 0 | S165: 17 | T165: 19.89
A166: 165 | B166: 243931 | C166: suckjakkure@hotmail.com | D166: 0642427575 | E166: เอกชน | F166: วรรณวนัชเบเกอรี่ | G166: 2 | H166: FACEBOOK | I166: JA095095108TH | J166: ธนิดา โกลาวัลย์ | K166: 0813384995 | L166: 9 หมู่ 1 หนองปรง เขาย้อย เพชรบุรี 76140 | N166: 5.93 | O166: 730 | P166: 10.95 | Q166: 0.7665 | R166: 0 | S166: 70 | T166: 81.72
A167: 166 | B167: 243931 | C167: suckjakkure@hotmail.com | D167: 0642427575 | E167: เอกชน | F167: วรรณวนัชเบเกอรี่ | G167: 2 | H167: FACEBOOK | I167: JA095095085TH | J167: วา วา | K167: 0894143012 | L167: 898/220 หมู่บ้านชีวาโฮม ซ.ประชาอุทิศ 90 บ้านคลองสวน พระสมุทรเจดีย์ สมุทรปราการ บ้านคลองสวน พระสมุทรเจดีย์ สมุทรปราการ 10290 | N167: 4.336 | O167: 1130 | P167: 16.95 | Q167: 1.1865 | R167: 0 | S167: 53 | T167: 71.14
A168: 167 | B168: 243931 | C168: suckjakkure@hotmail.com | D168: 0642427575 | E168: เอกชน | F168: วรรณวนัชเบเกอรี่ | G168: 2 | H168: FACEBOOK | I168: JA095095068TH | J168: สายไหม | K168: 0822933306 | L168: ก่อมขุนทด 259/1หมู่2 บ้านหนองประดง ท่าหลวง ท่าหลวง ลพบุรี 15230 | N168: 2.34 | O168: 530 | P168: 7.95 | Q168: 0.5565 | R168: 0 | S168: 33 | T168: 41.51
A169: 168 | B169: 243931 | C169: suckjakkure@hotmail.com | D169: 0642427575 | E169: เอกชน | F169: วรรณวนัชเบเกอรี่ | G169: 2 | H169: FACEBOOK | I169: JA095095045TH | J169: สายสมร เขียวคำ | K169: 0885444348 | L169: 21/9 หมู่ 2 เจ็ดริ้ว บ้านแพ้ว สมุทรสาคร 74120 | N169: 0.72 | O169: 230 | P169: 3.45 | Q169: 0.2415 | R169: 0 | S169: 17 | T169: 20.69
A170: 169 | B170: 243931 | C170: suckjakkure@hotmail.com | D170: 0642427575 | E170: เอกชน | F170: วรรณวนัชเบเกอรี่ | G170: 2 | H170: FACEBOOK | I170: JA095095023TH | J170: คุณวาสนา สิงห์ทองดา | K170: 0879718466 | L170: 36 ม.4 วังตะเคียน กบินทร์บุรี ปราจีนบุรี 25110 | N170: 4.724 | O170: 1230 | P170: 18.45 | Q170: 1.2915 | R170: 0 | S170: 53 | T170: 72.74
A171: 170 | B171: 243931 | C171: suckjakkure@hotmail.com | D171: 0642427575 | E171: เอกชน | F171: วรรณวนัชเบเกอรี่ | G171: 2 | H171: FACEBOOK | I171: JA095095010TH | J171: ชาลิกา มณีวงศ์ | K171: 0983472999 | L171: 283/8 หมุ่3 ท่าประจะ ชะอวด นครศรีธรรมราช 80180 | N171: 1.658 | O171: 430 | P171: 6.45 | Q171: 0.4515 | R171: 0 | S171: 22 | T171: 28.9
A172: 171 | B172: 243931 | C172: suckjakkure@hotmail.com | D172: 0642427575 | E172: เอกชน | F172: วรรณวนัชเบเกอรี่ | G172: 2 | H172: FACEBOOK | I172: JB118475336TH | J172: เสาวรส จัดพล | K172: 0868990477 | L172: เลขที่187 ม.1 ดงกระทงยาม ศรีมหาโพธิ ปราจีนบุรี 25140 | N172: 2.088 | O172: 0 | P172: 0 | Q172: 0 | R172: 0 | S172: 33 | T172: 33
A173: 172 | B173: 243931 | C173: suckjakkure@hotmail.com | D173: 0642427575 | E173: เอกชน | F173: วรรณวนัชเบเกอรี่ | G173: 2 | H173: FACEBOOK | I173: JB118475319TH | J173: คุณยุพิน บุญมั่นแสนสุข | K173: 0897811749 | L173: 15/534หมู่ที่10ต.สําโรงเหนือ สำโรงเหนือ เมืองสมุทรปราการ สมุทรปราการ 10270 | N173: 0.84 | O173: 0 | P173: 0 | Q173: 0 | R173: 0 | S173: 17 | T173: 17
A174: 173 | B174: 243931 | C174: suckjakkure@hotmail.com | D174: 0642427575 | E174: เอกชน | F174: วรรณวนัชเบเกอรี่ | G174: 2 | H174: FACEBOOK | I174: JB118475305TH | J174: ปราณี ศิริสิน | K174: 0851113598 | L174: 318/2ซ.เจริญสุขถ.พระราม4 คลองเตย คลองเตย กรุงเทพ 10110 | N174: 0.718 | O174: 0 | P174: 0 | Q174: 0 | R174: 0 | S174: 17 | T174: 17
... A176: 175 | B176: 243931 | C176: suckjakkure@hotmail.com | D176: 0642427575 | E176: เอกชน | F176: วรรณวนัชเบเกอรี่ | G176: 2 | H176: FACEBOOK | I176: JB118476481TH | J176: บริษัท เจเอที โซลูชั่น จำกัด | K176: 0823723613 | L176: 30 ซอยนวมินทร์ 74 แยก 3-5 ถนนนวมินทร์ คันนายาว คันนายาว กรุงเทพ 10230 | N176: 0.028 | O176: 0 | P176: 0 | Q176: 0 | R176: 0 | S176: 17 | T176: 17
A177: 176
A178: 177
A179: 178
A180: 179
A181: 180
A182: 181
A183: 182
A184: 183
A185: 184
A186: 185
A187: 186
A188: 187
... A1772: 1771
A1773: 1772 | M1773: ยอดรวม | N1773: =SUM(N2:N1772) -> 304.934 | O1773: =SUM(O2:O1772) -> 29228 | P1773: =SUM(P2:P1772) -> 438.42 | Q1773: =SUM(Q2:Q1772) -> 30.6896 | R1773: =SUM(R2:R1772) -> 15 | S1773: =SUM(S2:S1772) -> 4582 | T1773: =SUM(T2:T1772) -> 5300.11 | U1773: บาท
A1774: 1773
A1775: 1774
A1776: 1775
A1777: 1776
A1778: 1777
A1779: 1778
A1780: 1779
A1781: 1780
A1782: 1781
A1783: 1782
A1784: 1783
A1785: 1784
... A1831: 1830

Sheet รายการส่งของ ม.ค.
A1: ลำดับ | B1: วันที่ส่ง | C1: Email | D1: Tel | E1: Team Name | F1: ขนส่ง | G1: Team Percent COD Fee | H1: Page | I1: Tracking No. | J1: Consignee | K1: Phone number | L1: Address | M1: Item type | N1: Weight（kg) | O1: Demensions | P1: COD Amount | Q1: Total COD Fee | R1: COD VAT 7% | S1: Freight | T1: Total Charge
A2: 1 | B2: 243984 | C2: suckjakkure@hotmail.com | D2: 0642427575 | E2: วรรณวนัชเบเกอรี่ | F2: ไปรษณีย์ไทย | G2: 2 | H2: FACEBOOK | I2: TH66066MX2UK0B | J2: นิตยา ธนะจินดา | K2: 0809606323 | L2: 92ม.8 คุระบุรี บางวัน พังงา Thailand | M2: Others | N2: 1.27 | O2: 26×️24×️26 | P2: 0 | Q2: 0 | R2: 0 | S2: 74 | T2: 74
A3: 2 | B3: 243984 | C3: suckjakkure@hotmail.com | D3: 0642427575 | E3: วรรณวนัชเบเกอรี่ | F3: ไปรษณีย์ไทย | G3: 2 | H3: FACEBOOK | I3: TH05096MX2UQ2F | J3: Suwannee Srisamai | K3: 0851545145 | L3: 4/4 หมู่7 ภาชี ไผ่ล้อม พระนครศรีอยุธยา Thailand | M3: Others | N3: 5.73 | O3: 49×️40×️29 | P3: 0 | Q3: 0 | R3: 0 | S3: 125 | T3: 125
A4: 3 | B4: 243984 | C4: suckjakkure@hotmail.com | D4: 0642427575 | E4: วรรณวนัชเบเกอรี่ | F4: ไปรษณีย์ไทย | G4: 2 | H4: FACEBOOK | I4: TH49036MX2VR7F | J4: น.ส.สิริยากร บุญเกิด | K4: 0932950508 | L4: 73 หมู่2 เกาะคา เกาะคา ลำปาง Thailand | M4: Others | N4: 3.86 | O4: 49×️25×️27 | P4: 930 | Q4: 18.6 | R4: 1.3 | S4: 100 | T4: 119.9
A5: 4 | B5: 243984 | C5: suckjakkure@hotmail.com | D5: 0642427575 | E5: วรรณวนัชเบเกอรี่ | F5: ไปรษณีย์ไทย | G5: 2 | H5: FACEBOOK | I5: TH31196MYNTM3E | J5: บุญหลาย บุญดิเรก | K5: 0629813937 | L5: 250ม.1 สิรินธร ฝางคำ อุบลราชธานี Thailand | M5: Others | N5: 3.53 | O5: 49×️25×️27 | P5: 0 | Q5: 0 | R5: 0 | S5: 100 | T5: 100
A6: 5 | B6: 243984 | C6: suckjakkure@hotmail.com | D6: 0642427575 | E6: วรรณวนัชเบเกอรี่ | F6: ไปรษณีย์ไทย | G6: 2 | H6: FACEBOOK | I6: TH15036MYNTQ2F | J6: กรองแก้ว พุ่มปรีชา | K6: 0841271015 | L6: 14/1 ม.3 นครชัยศรี ท่ากระชับ นครปฐม Thailand | M6: Others | N6: 3.48 | O6: 49×️25×️27 | P6: 780 | Q6: 15.6 | R6: 1.09 | S6: 66 | T6: 82.69
A7: 6 | B7: 243984 | C7: suckjakkure@hotmail.com | D7: 0642427575 | E7: วรรณวนัชเบเกอรี่ | F7: ไปรษณีย์ไทย | G7: 2 | H7: FACEBOOK | I7: TH04026MX2V86A3 | J7: สุวัฒนา รัตนกาล | K7: 0811235331 | L7: 69/57 พร-รพี10 ม.15 คลองหลวง คลองหนึ่ง ปทุมธานี Thailand | M7: Others | N7: 3.47 | O7: 49×️25×️28 | P7: 780 | Q7: 15.6 | R7: 1.09 | S7: 104 | T7: 120.69
A8: 7 | B8: 243984 | C8: suckjakkure@hotmail.com | D8: 0642427575 | E8: วรรณวนัชเบเกอรี่ | F8: ไปรษณีย์ไทย | G8: 2 | H8: FACEBOOK | I8: TH40016MYNTK5I | J8: คุณวะดี โกษาเกศ | K8: 0909763577 | L8: บ้านเลขที่ 98 หมู่ 9 บ.โพนสา ท่าบ่อ โพนสา หนองคาย Thailand | M8: Others | N8: 1.32 | O8: 26×️24×️26 | P8: 0 | Q8: 0 | R8: 0 | S8: 24 | T8: 24
A9: 8 | B9: 243984 | C9: suckjakkure@hotmail.com | D9: 0642427575 | E9: วรรณวนัชเบเกอรี่ | F9: ไปรษณีย์ไทย | G9: 2 | H9: FACEBOOK | I9: TH04016MX2V20G | J9: จารุวรรณ เกตกราย | K9: 0896685503 | L9: บ้านติดคลังโฟร์โมส 47/5 ม.1 เมืองปทุมธานี บางคูวัด ปทุมธานี Thailand | M9: Others | N9: 6.04 | O9: 50×️26×️30 | P9: 1130 | Q9: 22.6 | R9: 1.58 | S9: 117 | T9: 141.18
A10: 9 | B10: 243984 | C10: suckjakkure@hotmail.com | D10: 0642427575 | E10: วรรณวนัชเบเกอรี่ | F10: ไปรษณีย์ไทย | G10: 2 | H10: FACEBOOK | I10: TH60096MX2VQ6A | J10: พรรณราย น้อยเจริญ | K10: 0653713058 | L10: 2/4หมุ่9 ทุ่งเสลี่ยม บ้านใหม่ไชยมงคล สุโขทัย Thailand | M10: Others | N10: 5.53 | O10: 49×️40×️29 | P10: 1250 | Q10: 25 | R10: 1.75 | S10: 125 | T10: 151.75
A11: 10 | B11: 243984 | C11: suckjakkure@hotmail.com | D11: 0642427575 | E11: วรรณวนัชเบเกอรี่ | F11: ไปรษณีย์ไทย | G11: 2 | H11: FACEBOOK | I11: TH54076MX2VQ7B | J11: สุมิตรา รัตน์เรืองเดช | K11: 0899504271 | L11: 58 ม.4 แม่จัน จันจว้า เชียงราย Thailand | M11: Others | N11: 2.5 | O11: 49×️25×️27 | P11: 530 | Q11: 10.6 | R11: 0.74 | S11: 100 | T11: 111.34
A12: 11 | B12: 243984 | C12: suckjakkure@hotmail.com | D12: 0642427575 | E12: วรรณวนัชเบเกอรี่ | F12: ไปรษณีย์ไทย | G12: 2 | H12: FACEBOOK | I12: TH56106MX2U74B | J12: นางประจิณ นุชนุ่ม | K12: 0849403625 | L12: 86/5 ม.5 พยุหะคีรี เนินมะกอก นครสวรรค์ Thailand | M12: Others | N12: 3.1 | O12: 49×️25×️27 | P12: 0 | Q12: 0 | R12: 0 | S12: 100 | T12: 100
A13: 12 | B13: 243984 | C13: suckjakkure@hotmail.com | D13: 0642427575 | E13: วรรณวนัชเบเกอรี่ | F13: ไปรษณีย์ไทย | G13: 2 | H13: FACEBOOK | I13: TH03066MX2UE7B1 | J13: นางสวงค์ วังเขาแก้ว | K13: 0970356229 | L13: 14 ม.4 ปากเกร็ด บางตลาด นนทบุรี Thailand | M13: Others | N13: 2.15 | O13: 50×️26×️29 | P13: 0 | Q13: 0 | R13: 0 | S13: 104 | T13: 104
... A130: 129 | B130: 243985 | C130: suckjakkure@hotmail.com | D130: 0642427575 | E130: วรรณวนัชเบเกอรี่ | F130: ไปรษณีย์ไทย | G130: 2 | H130: FACEBOOK | I130: TH62056MX2V52C | J130: ปลัดเพลินจันทร์ เลิศวิทยากร | K130: 0859341974 | L130: 81/1 ม. 1 บางมูลนาก หอไกร พิจิตร Thailand | M130: Others | N130: 1.17 | O130: 26×️24×️17 | P130: 280 | Q130: 5.6 | R130: 0.39 | S130: 24 | T130: 29.99
A131: 130 | B131: 243987 | C131: suckjakkure@hotmail.com | D131: 0642427575 | E131: วรรณวนัชเบเกอรี่ | F131: เอกชน | G131: 2 | H131: FACEBOOK | I131: JA151507165TH | J131: ศรินญา ซาวคำเขต | K131: 0861914131 | L131: 105/2ม.7ต. ห้วยไคร้ แม่สาย เชียงราย 57220 | N131: 1.914 | O131: 520 | P131: 7.8 | Q131: 0.546 | R131: 0 | S131: 22 | T131: 30.35
A132: 131 | B132: 243987 | C132: suckjakkure@hotmail.com | D132: 0642427575 | E132: วรรณวนัชเบเกอรี่ | F132: เอกชน | G132: 2 | H132: FACEBOOK | I132: JA151506686TH | J132: สายชล พุกทอง | K132: 0869223919 | L132: 220 หมู่ 2 พิชัย เมืองลำปาง ลำปาง 52000 | N132: 1.096 | O132: 290 | P132: 4.35 | Q132: 0.3045 | R132: 0 | S132: 22 | T132: 26.65
A133: 132 | B133: 243987 | C133: suckjakkure@hotmail.com | D133: 0642427575 | E133: วรรณวนัชเบเกอรี่ | F133: เอกชน | G133: 2 | H133: FACEBOOK | I133: JA151314575TH | J133: คลอใจ | K133: 0862487129 | L133: 241 ม 12 โชคชัย โชคชัย นครราชสีมา 30190 | N133: 1.786 | O133: 430 | P133: 6.45 | Q133: 0.4515 | R133: 0 | S133: 22 | T133: 28.9
A134: 133 | B134: 243987 | C134: suckjakkure@hotmail.com | D134: 0642427575 | E134: วรรณวนัชเบเกอรี่ | F134: เอกชน | G134: 2 | H134: FACEBOOK | I134: JA151314567TH | J134: คลอใจ | K134: 0862487129 | L134: 241 ม 12 โชคชัย โชคชัย นครราชสีมา 30190 | N134: 2.214 | O134: 550 | P134: 8.25 | Q134: 0.5775 | R134: 0 | S134: 33 | T134: 41.83
A135: 134 | B135: 243987 | C135: suckjakkure@hotmail.com | D135: 0642427575 | E135: วรรณวนัชเบเกอรี่ | F135: เอกชน | G135: 2 | H135: FACEBOOK | I135: JA151314553TH | J135: กาญจนา ฐินขาว | K135: 0846191561 | L135: 116/3ถ.โกสีย์ ปากน้ำโพ เมืองนครสวรรค์ นครสวรรค์ 60000 | N135: 1.212 | O135: 280 | P135: 4.2 | Q135: 0.294 | R135: 0 | S135: 22 | T135: 26.49
A136: 135 | B136: 243987 | C136: suckjakkure@hotmail.com | D136: 0642427575 | E136: วรรณวนัชเบเกอรี่ | F136: เอกชน | G136: 2 | H136: FACEBOOK | I136: JA151314540TH | J136: นายเอกชัย พงษ์วิเศษ 1 | K136: 0807964438 | L136: ร้านปรางค์พันธุ์ไม้ หมู่ 1 พิมาย ปรางค์กู่ ศรีสะเกษ 33170 | N136: 16.995 | O136: 1020 | P136: 15.3 | Q136: 1.071 | R136: 0 | S136: 180 | T136: 196.37
A137: 136 | B137: 243987 | C137: suckjakkure@hotmail.com | D137: 0642427575 | E137: วรรณวนัชเบเกอรี่ | F137: เอกชน | G137: 2 | H137: FACEBOOK | I137: JB130257820TH | J137: ปราณี ศิริสิน | K137: 0851113598 | L137: 318/2ซ.เจริญสุขถ.พระราม4 คลองเตย คลองเตย กรุงเทพ 10110 | N137: 1.208 | O137: 0 | P137: 0 | Q137: 0 | R137: 0 | S137: 22 | T137: 22
A138: 137 | B138: 243987 | C138: suckjakkure@hotmail.com | D138: 0642427575 | E138: วรรณวนัชเบเกอรี่ | F138: เอกชน | G138: 2 | H138: FACEBOOK | I138: JA151314522TH | J138: บุญตา สกุลเย็น | K138: 0906384989 | L138: 9/94เวียงทอง3ซอย8 เชียงรากน้อย บางปะอิน อยุธยา เชียงรากน้อย บางปะอิน พระนครศรีอยุธยา 13180 | N138: 1.804 | O138: 430 | P138: 6.45 | Q138: 0.4515 | R138: 0 | S138: 22 | T138: 28.9
A139: 138 | B139: 243987 | C139: suckjakkure@hotmail.com | D139: 0642427575 | E139: วรรณวนัชเบเกอรี่ | F139: เอกชน | G139: 2 | H139: FACEBOOK | I139: JA151314519TH | J139: น.ส ศิริวรรณ จวรรณะ | K139: 0931943376 | L139: 27/1 ม.3 โป่งแดง เมืองตาก ตาก 63000 | N139: 1.092 | O139: 290 | P139: 4.35 | Q139: 0.3045 | R139: 0 | S139: 22 | T139: 26.65
A140: 139 | B140: 243987 | C140: suckjakkure@hotmail.com | D140: 0642427575 | E140: วรรณวนัชเบเกอรี่ | F140: เอกชน | G140: 2 | H140: FACEBOOK | I140: JB130257780TH | J140: สมฤทัย อินทร์โน | K140: 0892398526 | L140: ที่ทำการผู้ใหญ่บ้าน ม.1 219 ม.1ต.หนองโดน อ.ลำปลายมาศ จ.บุรีรัมย์ หนองโดน ลำปลายมาศ บุรีรัมย์ 31130 | N140: 2.464 | O140: 0 | P140: 0 | Q140: 0 | R140: 0 | S140: 33 | T140: 33
A141: 140 | B141: 243987 | C141: suckjakkure@hotmail.com | D141: 0642427575 | E141: วรรณวนัชเบเกอรี่ | F141: เอกชน | G141: 2 | H141: FACEBOOK | I141: JA151314505TH | J141: มาณี-เย็นภูเขา | K141: 0989322423 | L141: 124/2=หมู่6-ตนาเกลือ-อบางละมุง-จชลบุรี- นาเกลือ บางละมุง ชลบุรี 20150 | N141: 1.776 | O141: 430 | P141: 6.45 | Q141: 0.4515 | R141: 0 | S141: 22 | T141: 28.9
A142: 141 | B142: 243987 | C142: suckjakkure@hotmail.com | D142: 0642427575 | E142: วรรณวนัชเบเกอรี่ | F142: เอกชน | G142: 2 | H142: FACEBOOK | I142: JB130257762TH | J142: จันทร์ฉาย อิ่มประภากมล | K142: 0814214391 | L142: 9/49เงินสุขแมนชั่น518Aซอยชักพระ24 ถนนชักพระ ตลิ่งชัน ตลิ่งชัน กรุงเทพ 10170 | N142: 5.02 | O142: 0 | P142: 0 | Q142: 0 | R142: 0 | S142: 70 | T142: 70
... A565: 564 | B565: 244008 | C565: suckjakkure@hotmail.com | D565: 0642427575 | E565: วรรณวนัชเบเกอรี่ | F565: เอกชน | G565: 2 | H565: FACEBOOK | I565: JA158695335TH | J565: Nok Nongnuch | K565: 0927761571 | L565: 1/2 ม.5 บางตาหงาย บรรพตพิสัย นครสวรรค์ 60180 | N565: 1.274 | O565: 229 | P565: 3.435 | Q565: 0.2405 | R565: 0 | S565: 22 | T565: 25.68
A566: 565 | B566: 244009 | C566: suckjakkure@hotmail.com | D566: 0642427575 | E566: วรรณวนัชเบเกอรี่ | F566: ไปรษณีย์ไทย | G566: 2 | H566: FACEBOOK | I566: TH45016RX85A8A | J566: คุณสุธรรม | K566: 0818717454 | L566: ร้านถนอมรุ่งเรืองค้าข้าว 16/2 ถ.ทัศนปทุม เมืองนครพนม ในเมือง นครพนม Thailand | M566: Others | N566: 7.11 | O566: 50×️41×️31 | P566: 0 | Q566: 0 | R566: 0 | S566: 134 | T566: 134
A567: 566 | B567: 244009 | C567: suckjakkure@hotmail.com | D567: 0642427575 | E567: วรรณวนัชเบเกอรี่ | F567: เอกชน | G567: 2 | H567: FACEBOOK | I567: JB172332742TH | J567: อีฟ | K567: 0948913728 | L567: ร้านน้ำสีชมพู หน้าโรงเรียนหุบกะพง 71/1 หมู่8 เขาใหญ่ ชะอำ เพชรบุรี 76120 | N567: 0.244 | O567: 0 | P567: 0 | Q567: 0 | R567: 0 | S567: 17 | T567: 17
A568: 567 | B568: 244009 | C568: suckjakkure@hotmail.com | D568: 0642427575 | E568: วรรณวนัชเบเกอรี่ | F568: เอกชน | G568: 2 | H568: FACEBOOK | I568: JB172332725TH | J568: พิชชานันท์ | K568: 0648512692 | L568: ศูนย์ปฏิบัติธรรมแก่งตะวันแก้ว บ้านนาแกน้อย เลขที่56หมู่10 ป่งขาม หว้านใหญ่ มุกดาหาร 49150 | N568: 0.694 | O568: 0 | P568: 0 | Q568: 0 | R568: 0 | S568: 17 | T568: 17
A569: 568 | B569: 244009 | C569: suckjakkure@hotmail.com | D569: 0642427575 | E569: วรรณวนัชเบเกอรี่ | F569: เอกชน | G569: 2 | H569: FACEBOOK | I569: JB172332711TH | J569: สุจินตนา จันทร์แก้ว | K569: 0936466322 | L569: 3 หมู่ 6 ถ.ซุ่นหลีอุทิศ หินตก ร่อนพิบูลย์ นครศรีธรรมราช 80350 | N569: 1.232 | O569: 0 | P569: 0 | Q569: 0 | R569: 0 | S569: 22 | T569: 22
A570: 569 | B570: 244009 | C570: suckjakkure@hotmail.com | D570: 0642427575 | E570: วรรณวนัชเบเกอรี่ | F570: เอกชน | G570: 2 | H570: FACEBOOK | I570: JB172332708TH | J570: สุวรรณา จี้อุ่น | K570: 0988988162 | L570: 78/3 ม.5 เขาชะงุ้ม โพธาราม ราชบุรี 70120 | N570: 0.7 | O570: 0 | P570: 0 | Q570: 0 | R570: 0 | S570: 17 | T570: 17
A571: 570 | B571: 244009 | C571: suckjakkure@hotmail.com | D571: 0642427575 | E571: วรรณวนัชเบเกอรี่ | F571: เอกชน | G571: 2 | H571: FACEBOOK | I571: JB172332699TH | J571: มลิวัลย์ มาศรีนวล | K571: 0818345769 | L571: 158แยก118/6 ซอยเสนา42 ถนนเสนานิคม ลาดพร้าว ลาดพร้าว กรุงเทพ 10230 | N571: 1.146 | O571: 0 | P571: 0 | Q571: 0 | R571: 0 | S571: 22 | T571: 22
A572: 571 | B572: 244009 | C572: suckjakkure@hotmail.com | D572: 0642427575 | E572: วรรณวนัชเบเกอรี่ | F572: เอกชน | G572: 2 | H572: FACEBOOK | I572: JB172332685TH | J572: นางอมรรัตร์ เถื่อนเมือง | K572: 0657598474 | L572: 886/312 ซอย4 หมู่บ้านพาทิโอ ถนนหลวงแพ่ง ทับยาว ลาดกระบัง กรุงเทพ 10520 | N572: 1.248 | O572: 0 | P572: 0 | Q572: 0 | R572: 0 | S572: 22 | T572: 22
A573: 572 | B573: 244009 | C573: suckjakkure@hotmail.com | D573: 0642427575 | E573: วรรณวนัชเบเกอรี่ | F573: เอกชน | G573: 2 | H573: FACEBOOK | I573: JB172332671TH | J573: ชนัญชิดา จุลอ่อน | K573: 0986169256 | L573: 82 ม.6 บึงบา หนองเสือ ปทุมธานี 12170 | N573: 0.404 | O573: 0 | P573: 0 | Q573: 0 | R573: 0 | S573: 17 | T573: 17
A574: 573 | B574: 244009 | C574: suckjakkure@hotmail.com | D574: 0642427575 | E574: วรรณวนัชเบเกอรี่ | F574: เอกชน | G574: 2 | H574: FACEBOOK | I574: JB172332668TH | J574: เกวลิน ใจอารีย์ | K574: 0985021586 | L574: 20/4 ม.3 พระแท่น ท่ามะกา กาญจนบุรี 71130 | N574: 2.416 | O574: 0 | P574: 0 | Q574: 0 | R574: 0 | S574: 33 | T574: 33
A575: 574 | B575: 244009 | C575: suckjakkure@hotmail.com | D575: 0642427575 | E575: วรรณวนัชเบเกอรี่ | F575: เอกชน | G575: 2 | H575: FACEBOOK | I575: JB172332654TH | J575: สุพินดา | K575: 0624580592 | L575: 197 ม.1 นิคมคำสร้อย นิคมคำสร้อย มุกดาหาร 49130 | N575: 1.274 | O575: 0 | P575: 0 | Q575: 0 | R575: 0 | S575: 22 | T575: 22
A576: 575 | B576: 244009 | C576: suckjakkure@hotmail.com | D576: 0642427575 | E576: วรรณวนัชเบเกอรี่ | F576: เอกชน | G576: 2 | H576: FACEBOOK | I576: JA159041921TH | J576: Vanida Shasha | K576: 055442436 | L576: ร้านเซ่งหลี 1ถ.ชื่นฤดี ท่าอิฐ เมืองอุตรดิตถ์ อุตรดิตถ์ 53000 | N576: 1.82 | O576: 430 | P576: 6.45 | Q576: 0.4515 | R576: 0 | S576: 22 | T576: 28.9
A577: 576 | B577: 244009 | C577: suckjakkure@hotmail.com | D577: 0642427575 | E577: วรรณวนัชเบเกอรี่ | F577: เอกชน | G577: 2 | H577: FACEBOOK | I577: JB172332645TH | J577: วิ ใจทิพย์ | K577: 0988016592 | L577: คอนโดฌ็องเซลิเซ่, ติวานนท์ ศรีสมาน, เลขที่ 307/726, อาคาร D ชั้น 7 ปากเกร็ด ปากเกร็ด นนทบุรี 11120 | N577: 0.242 | O577: 0 | P577: 0 | Q577: 0 | R577: 0 | S577: 17 | T577: 17
A578: 577 | B578: 244009 | C578: suckjakkure@hotmail.com | D578: 0642427575 | E578: วรรณวนัชเบเกอรี่ | F578: เอกชน | G578: 2 | H578: FACEBOOK | I578: JB172332637TH | J578: อัครินทร์ ภัทรภาสินพรชัย | K578: 0815517068 | L578: บริษัท เมืองทองซอสเซจ จำกัด 16ซอยราษฎร์บูรณะ4 กนน ราษฎร์บูรณะ บางปะกอก ราษฎร์บูรณะ กรุงเทพ 10140 | N578: 4.196 | O578: 0 | P578: 0 | Q578: 0 | R578: 0 | S578: 53 | T578: 53
... A589: 588 | B589: 244011 | C589: suckjakkure@hotmail.com | D589: 0642427575 | E589: วรรณวนัชเบเกอรี่ | F589: เอกชน | G589: 2 | H589: FACEBOOK | I589: JB172507996TH | J589: คุณคมกริช ศรีสุวรรณ | K589: 0821482033 | L589: 28 ถนน รังษีเกษม ในเวียง เมืองน่าน น่าน 55000 | N589: 10.64 | O589: 0 | P589: 0 | Q589: 0 | R589: 0 | S589: 120 | T589: 120
A590: 589 | B590: 244012 | C590: suckjakkure@hotmail.com | D590: 0642427575 | E590: วรรณวนัชเบเกอรี่ | F590: เอกชน | G590: 2 | H590: FACEBOOK | I590: JB172586384TH | J590: โอภาส เที่ยงกระโทก | K590: 0844770667 | L590: 101 ม.8 ท่าจะหลุง โชคชัย นครราชสีมา 30190 | N590: 1.12 | O590: 0 | P590: 0 | Q590: 0 | R590: 0 | S590: 22 | T590: 22
A591: 590 | B591: 244012 | C591: suckjakkure@hotmail.com | D591: 0642427575 | E591: วรรณวนัชเบเกอรี่ | F591: เอกชน | G591: 2 | H591: FACEBOOK | I591: JB172586398TH | J591: ตุ๊กตา หมูบ้านเบททาง | K591: 0888816551 | L591: 168/145. กรุงเทพปทุม ม.1ถ ปทุมสายใน บางขะแยง เมืองปทุมธานี ปทุมธานี 12000 | N591: 0.644 | O591: 0 | P591: 0 | Q591: 0 | R591: 0 | S591: 17 | T591: 17
A592: 591 | B592: 244012 | C592: suckjakkure@hotmail.com | D592: 0642427575 | E592: วรรณวนัชเบเกอรี่ | F592: เอกชน | G592: 2 | H592: FACEBOOK | I592: JB172586407TH | J592: นริศรา กุลแก้ว | K592: 0806308464 | L592: 51/176ม.3 รั้วใหญ่ เมืองสุพรรณบุรี สุพรรณบุรี 72000 | N592: 0.636 | O592: 0 | P592: 0 | Q592: 0 | R592: 0 | S592: 17 | T592: 17
A593: 592 | B593: 244012 | C593: suckjakkure@hotmail.com | D593: 0642427575 | E593: วรรณวนัชเบเกอรี่ | F593: เอกชน | G593: 2 | H593: FACEBOOK | I593: JB172586415TH | J593: สำรวย สัตยภิรมณ์ | K593: 0894425738 | L593: 127/10 หมู่ 1 บ้านโพธิ์ บ้านโพธิ์ ฉะเชิงเทรา 24140 | N593: 1.864 | O593: 0 | P593: 0 | Q593: 0 | R593: 0 | S593: 22 | T593: 22
A594: 593 | B594: 244012 | C594: suckjakkure@hotmail.com | D594: 0642427575 | E594: วรรณวนัชเบเกอรี่ | F594: เอกชน | G594: 2 | H594: FACEBOOK | I594: JB172586424TH | J594: สำรวย สัตยภิรมณ์ | K594: 0894425738 | L594: 127/10 หมู่ 1 บ้านโพธิ์ บ้านโพธิ์ ฉะเชิงเทรา 24140 | N594: 0.9 | O594: 0 | P594: 0 | Q594: 0 | R594: 0 | S594: 17 | T594: 17
A595: 594 | B595: 244012 | C595: suckjakkure@hotmail.com | D595: 0642427575 | E595: วรรณวนัชเบเกอรี่ | F595: เอกชน | G595: 2 | H595: FACEBOOK | I595: JB172586438TH | J595: สำรวย สัตยภิรมณ์ | K595: 0894425738 | L595: 127/10 หมู่ 1 บ้านโพธิ์ บ้านโพธิ์ ฉะเชิงเทรา 24140 | N595: 2.73 | O595: 0 | P595: 0 | Q595: 0 | R595: 0 | S595: 33 | T595: 33
A596: 595 | B596: 244012 | C596: suckjakkure@hotmail.com | D596: 0642427575 | E596: วรรณวนัชเบเกอรี่ | F596: เอกชน | G596: 2 | H596: FACEBOOK | I596: JB172586441TH | J596: เฉลิมโชค | K596: 0818602390 | L596: 299/28 ซ.เคหะร่มเกล้า 33 คลองสองต้นนุ่น ลาดกระบัง กรุงเทพ 10520 | N596: 0.528 | O596: 0 | P596: 0 | Q596: 0 | R596: 0 | S596: 17 | T596: 17
A597: 596 | B597: 244012 | C597: suckjakkure@hotmail.com | D597: 0642427575 | E597: วรรณวนัชเบเกอรี่ | F597: เอกชน | G597: 2 | H597: FACEBOOK | I597: JB172586455TH | J597: กนกพร นันทะโย | K597: 0830177108 | L597: 79 ม.6 บ้านไร่งาม หมากหญ้า หนองวัวซอ อุดรธานี 41360 | N597: 0.79 | O597: 0 | P597: 0 | Q597: 0 | R597: 0 | S597: 17 | T597: 17
A598: 597 | B598: 244012 | C598: suckjakkure@hotmail.com | D598: 0642427575 | E598: วรรณวนัชเบเกอรี่ | F598: เอกชน | G598: 2 | H598: FACEBOOK | I598: JB172590287TH | J598: คุณฟ้าลดา | K598: 0887853546 | L598: 6/2 หมู่ 5 บ้านมาบประชัน โป่ง บางละมุง ชลบุรี 20150 | N598: 0.802 | O598: 0 | P598: 0 | Q598: 0 | R598: 0 | S598: 17 | T598: 17
A599: 598 | B599: 244012 | C599: suckjakkure@hotmail.com | D599: 0642427575 | E599: วรรณวนัชเบเกอรี่ | F599: เอกชน | G599: 2 | H599: FACEBOOK | I599: JB172716963TH | J599: บริษัท บาราบี บิวตี้ จำกัด | K599: 0632678699 | L599: 19/1 ซ.ประชาราษฎ์1 ตลาดขวัญ เมืองนนทบุรี นนทบุรี 11000 | N599: 0.164 | O599: 0 | P599: 0 | Q599: 0 | R599: 0 | S599: 17 | T599: 17
A600: 599 | B600: 244012 | C600: suckjakkure@hotmail.com | D600: 0642427575 | E600: วรรณวนัชเบเกอรี่ | F600: เอกชน | G600: 2 | H600: FACEBOOK | I600: JB172716985TH | J600: คุณปานทิพย์ เชียงทอง | K600: 0936299799 | L600: หมู่บ้านศิวาลัยเวลโกร 98/93 หมู่ที่3 พิมพา บางปะกง ฉะเชิงเทรา 24180 | N600: 0.26 | O600: 0 | P600: 0 | Q600: 0 | R600: 0 | S600: 17 | T600: 17
A601: 600 | B601: 244012 | C601: suckjakkure@hotmail.com | D601: 0642427575 | E601: วรรณวนัชเบเกอรี่ | F601: เอกชน | G601: 2 | H601: FACEBOOK | I601: JB172717005TH | J601: บมจ.สยาม เทคนิคคอนกรีต | K601: 038056311 | L601: 999 ม.5 หนองไผ่แก้ว บ้านบึง ชลบุรี 20220 | N601: 0.016 | O601: 0 | P601: 0 | Q601: 0 | R601: 0 | S601: 17 | T601: 17
... A612: 611 | B612: 244014 | C612: suckjakkure@hotmail.com | D612: 0642427575 | E612: วรรณวนัชเบเกอรี่ | F612: เอกชน | G612: 2 | H612: FACEBOOK | I612: JB172928543TH | J612: คุณอัจฉรา บุตรสาร | K612: 0949599796 | L612: 148/521 ซอยรามคำแหง 190 มีนบุรี มีนบุรี มีนบุรี มีนบุรี กรุงเทพ 10510 | N612: 0.158 | O612: 0 | P612: 0 | Q612: 0 | R612: 0 | S612: 17 | T612: 17

Sheet รายการส่งของ ก.พ.
A1: ลำดับ | B1: วันที่ส่ง | C1: Email | D1: Tel | E1: Team Name | F1: ขนส่ง | G1: Team Percent COD Fee | H1: Page | I1: Tracking No. | J1: Consignee | K1: Phone number | L1: Address | M1: Item type | N1: Weight（kg) | O1: Demensions | P1: COD Amount | Q1: Total COD Fee | R1: COD VAT 7% | S1: Freight | T1: Total Charge
A2: 1 | B2: 244019 | C2: suckjakkure@hotmail.com | D2: 0642427575 | E2: วรรณวนัชเบเกอรี่ | F2: เอกชน | G2: 2 | H2: FACEBOOK | I2: JB173385035TH | J2: บริษัท ดับเบิ้ลยู เค ออล จำกัด | K2: 0944831646 | L2: 14/116 อาคาร อี้ซี่ เน็ต ไทยแลนด์ ชั้นที่ 3 โขน A ม.7 ถ.เลี่ยงเมืองปากเกร็ด 40 ต.บางตลาด อ.ปากเกร็ด จ.นนทบุรี 11120 บางตลาด ปากเกร็ด นนทบุรี 11120 | N2: 0.012 | O2: 0 | P2: 0 | Q2: 0 | R2: 0 | S2: 17 | T2: 17
A3: 2 | B3: 244019 | C3: suckjakkure@hotmail.com | D3: 0642427575 | E3: วรรณวนัชเบเกอรี่ | F3: เอกชน | G3: 2 | H3: FACEBOOK | I3: JB173385049TH | J3: Attn คุณเจนนี่ Hp | K3: 0926728038 | L3: บริษัท ซี.เจ. เอ็กซ์เพรส กรุ๊ป จำกัด 393 อาคาร 393 สีลม ชัน 2, 4 และ 5 ถนนสีลม สีลม บางรัก กรุงเทพ 10500 | N3: 0.042 | O3: 0 | P3: 0 | Q3: 0 | R3: 0 | S3: 17 | T3: 17
A4: 3 | B4: 244019 | C4: suckjakkure@hotmail.com | D4: 0642427575 | E4: วรรณวนัชเบเกอรี่ | F4: เอกชน | G4: 2 | H4: FACEBOOK | I4: JB173385052TH | J4: บริษัท พี โอ พี เทิร์น จำกัด | K4: 0972480488 | L4: เลขที่ 8 ซอยประชาราษฎร์5 แยก 1/4 ตลาดขวัญ เมืองนนทบุรี นนทบุรี 11000 | N4: 0.316 | O4: 0 | P4: 0 | Q4: 0 | R4: 0 | S4: 17 | T4: 17
A5: 4 | B5: 244019 | C5: suckjakkure@hotmail.com | D5: 0642427575 | E5: วรรณวนัชเบเกอรี่ | F5: เอกชน | G5: 2 | H5: FACEBOOK | I5: JB173385066TH | J5: กู้ดติง | K5: 0990572535 | L5: 98/251 อิลีเมนท์คอนโด ตึก2 ซอยสุภาพงษ์3 แยก4 หนองบอน ประเวศ กรุงเทพ 10250 | N5: 0.18 | O5: 0 | P5: 0 | Q5: 0 | R5: 0 | S5: 17 | T5: 17
A6: 5 | B6: 244019 | C6: suckjakkure@hotmail.com | D6: 0642427575 | E6: วรรณวนัชเบเกอรี่ | F6: เอกชน | G6: 2 | H6: FACEBOOK | I6: JB173425352TH | J6: คุณนุ้ย แผนกบัญชี เอกสารวางบิล | K6: 034613074 | L6: บริษัท ศรีฟ้าโฟรเซนฟูดส์ จำกัด เลขที่ 208 - 209 หมู่ 3 วังขนาย ท่าม่วง กาญจนบุรี 71110 | N6: 0.202 | O6: 0 | P6: 0 | Q6: 0 | R6: 0 | S6: 17 | T6: 17
A7: 6 | B7: 244019 | C7: suckjakkure@hotmail.com | D7: 0642427575 | E7: วรรณวนัชเบเกอรี่ | F7: เอกชน | G7: 2 | H7: FACEBOOK | I7: JB173480606TH | J7: ผ่องศรี | K7: 0630592167 | L7: 188/162 หมู่ 4 พลา บ้านฉาง ระยอง 21130 | N7: 3.938 | O7: 0 | P7: 0 | Q7: 0 | R7: 0 | S7: 43 | T7: 43
A8: 7 | B8: 244019 | C8: suckjakkure@hotmail.com | D8: 0642427575 | E8: วรรณวนัชเบเกอรี่ | F8: เอกชน | G8: 2 | H8: FACEBOOK | I8: JB173480583TH | J8: ปัญญา ยศวิไล | K8: 0810810059 | L8: 86/72 เฉลิมสุขนิเวศน์6 รามอินทรา 13 แยก 8 อนุสาวรีย์ บางเขน กรุงเทพ 10220 | N8: 1.208 | O8: 0 | P8: 0 | Q8: 0 | R8: 0 | S8: 22 | T8: 22
A9: 8 | B9: 244019 | C9: suckjakkure@hotmail.com | D9: 0642427575 | E9: วรรณวนัชเบเกอรี่ | F9: เอกชน | G9: 2 | H9: FACEBOOK | I9: JB173480570TH | J9: คุณแม่สะอาด ธิรินทอง | K9: 0802826019 | L9: 5 หมู่ 17 ซอย 1 แม่ข้าวต้ม เมืองเชียงราย เชียงราย 57100 | N9: 1.224 | O9: 0 | P9: 0 | Q9: 0 | R9: 0 | S9: 22 | T9: 22
A10: 9 | B10: 244019 | C10: suckjakkure@hotmail.com | D10: 0642427575 | E10: วรรณวนัชเบเกอรี่ | F10: เอกชน | G10: 2 | H10: FACEBOOK | I10: JA163677246TH | J10: ปฏิญญา ตั้งอยู่เจริญ | K10: 0972566906 | L10: 386/6 หมู่ 10 เทศบาลซอย 7 อาเคเดีย 1 ทับสะแก ทับสะแก ประจวบคีรีขันธ์ 77130 | N10: 1.258 | O10: 252 | P10: 3.78 | Q10: 0.2646 | R10: 0 | S10: 22 | T10: 26.04
A11: 10 | B11: 244019 | C11: suckjakkure@hotmail.com | D11: 0642427575 | E11: วรรณวนัชเบเกอรี่ | F11: เอกชน | G11: 2 | H11: FACEBOOK | I11: JB173480518TH | J11: กนกวรรณ เจ๊กสืบแก้ว | K11: 0828800257 | L11: 155ม.3ต,ประดาง อ.วังเจ้า จ.ตาก ประดาง วังเจ้า ตาก 63180 | N11: 1.17 | O11: 0 | P11: 0 | Q11: 0 | R11: 0 | S11: 22 | T11: 22
A12: 11 | B12: 244019 | C12: suckjakkure@hotmail.com | D12: 0642427575 | E12: วรรณวนัชเบเกอรี่ | F12: เอกชน | G12: 2 | H12: FACEBOOK | I12: JB173480481TH | J12: พิเชษฐ์ ภุชงค์ประเวศ | K12: 0898057966 | L12: 150 ม.9 บ้านซำแฮด บรบือ บรบือ มหาสารคาม 44130 | N12: 1.134 | O12: 0 | P12: 0 | Q12: 0 | R12: 0 | S12: 22 | T12: 22
A13: 12 | B13: 244019 | C13: suckjakkure@hotmail.com | D13: 0642427575 | E13: วรรณวนัชเบเกอรี่ | F13: เอกชน | G13: 2 | H13: FACEBOOK | I13: JB173480464TH | J13: น.ส.สายทิพย์ แตงเอี่ยม | K13: 0982732356 | L13: 12 ถ.จรัญสนิทวงศ์75แยก6/1 บางอ้อ บางพลัด กรุงเทพ 10700 | N13: 1.18 | O13: 0 | P13: 0 | Q13: 0 | R13: 0 | S13: 22 | T13: 22
... A143: 142 | B143: 244023 | C143: suckjakkure@hotmail.com | D143: 0642427575 | E143: วรรณวนัชเบเกอรี่ | F143: เอกชน | G143: 2 | H143: FACEBOOK | I143: JB174156507TH | J143: คุณเจนนี่ | K143: 0926728038 | L143: บริษัทซี.เจ เอ็กซ์เพลส กรุ๊ป จำกัด 393 อาคาร 393 สีลม ชั้น 2,4 และ 5 ถนนสีลม สีลม บางรัก กรุงเทพ 10500 | N143: 0.048 | O143: 0 | P143: 0 | Q143: 0 | R143: 0 | S143: 17 | T143: 17
A144: 143 | B144: 244024 | C144: suckjakkure@hotmail.com | D144: 0642427575 | E144: วรรณวนัชเบเกอรี่ | F144: ไปรษณีย์ไทย | G144: 2 | H144: FACEBOOK | I144: TH02046UD75K4G | J144: คุณจริวัฒน์ กุลเจริญ | K144: 0959642989 | L144: ส่งที่ร้านกาแฟ Puzzle Cafe เลขที่4/8 หมู่2 ซอยสดเจริญ ถนนผูกมิตร พระประแดง สำโรงใต้ สมุทรปราการ Thailand | M144: Others | N144: 1.2 | O144: 25×️25×️30 | P144: 0 | Q144: 0 | R144: 0 | S144: 22 | T144: 22
A145: 144 | B145: 244024 | C145: suckjakkure@hotmail.com | D145: 0642427575 | E145: วรรณวนัชเบเกอรี่ | F145: เอกชน | G145: 2 | H145: FACEBOOK | I145: JB174080321TH | J145: Anchalee Sangsomboon | K145: 0818834075 | L145: 99/140 ม.5 สันทรายน้อย สันทราย เชียงใหม่ 50210 | N145: 1.248 | O145: 0 | P145: 0 | Q145: 0 | R145: 0 | S145: 22 | T145: 22
A146: 145 | B146: 244024 | C146: suckjakkure@hotmail.com | D146: 0642427575 | E146: วรรณวนัชเบเกอรี่ | F146: เอกชน | G146: 2 | H146: FACEBOOK | I146: JA165243993TH | J146: น.ส.สุพัตรา มากจันทร์ | K146: 0980507745 | L146: 222/4 ม.3 บางวัน คุระบุรี พังงา 82150 | N146: 0.616 | O146: 130 | P146: 1.95 | Q146: 0.1365 | R146: 0 | S146: 17 | T146: 19.09
A147: 146 | B147: 244024 | C147: suckjakkure@hotmail.com | D147: 0642427575 | E147: วรรณวนัชเบเกอรี่ | F147: เอกชน | G147: 2 | H147: FACEBOOK | I147: JB174170662TH | J147: กิม | K147: 0651076737 | L147: 905ม1ต.หนองนาคำ หนองนาคำ เมืองอุดรธานี อุดรธานี 41000 | N147: 1.264 | O147: 0 | P147: 0 | Q147: 0 | R147: 0 | S147: 22 | T147: 22
A148: 147 | B148: 244024 | C148: suckjakkure@hotmail.com | D148: 0642427575 | E148: วรรณวนัชเบเกอรี่ | F148: เอกชน | G148: 2 | H148: FACEBOOK | I148: JB174170659TH | J148: จิราภา | K148: 0625386253 | L148: 42ซ.โยธาเทพ ทะเลชุบศร เมืองลพบุรี ลพบุรี 15000 | N148: 0.666 | O148: 0 | P148: 0 | Q148: 0 | R148: 0 | S148: 17 | T148: 17
A149: 148 | B149: 244024 | C149: suckjakkure@hotmail.com | D149: 0642427575 | E149: วรรณวนัชเบเกอรี่ | F149: เอกชน | G149: 2 | H149: FACEBOOK | I149: JB174170645TH | J149: เป็ง โป่งเครือ | K149: 0800154644 | L149: 142 ม.3 เวียงมอก เถิน ลำปาง 52160 | N149: 0.678 | O149: 0 | P149: 0 | Q149: 0 | R149: 0 | S149: 17 | T149: 17
A150: 149 | B150: 244024 | C150: suckjakkure@hotmail.com | D150: 0642427575 | E150: วรรณวนัชเบเกอรี่ | F150: เอกชน | G150: 2 | H150: FACEBOOK | I150: JA165467130TH | J150: กัญญาดา สุขุมธรรมสถิต | K150: 0896547602 | L150: 226/6ถ.ศุภสารรังสรรค หาดใหญ่ หาดใหญ่ สงขลา 90110 | N150: 0.69 | O150: 130 | P150: 1.95 | Q150: 0.1365 | R150: 0 | S150: 17 | T150: 19.09
A151: 150 | B151: 244024 | C151: suckjakkure@hotmail.com | D151: 0642427575 | E151: วรรณวนัชเบเกอรี่ | F151: เอกชน | G151: 2 | H151: FACEBOOK | I151: JA165467126TH | J151: ต้อย | K151: 0922798035 | L151: 7/19 แฟลต ก 1 ชั้น 2 ซอยปลูกจิตต์ ถนนพระราม 4 ลุมพินี ปทุมวัน กรุงเทพ 10330 | N151: 0.684 | O151: 130 | P151: 1.95 | Q151: 0.1365 | R151: 0 | S151: 17 | T151: 19.09
A152: 151 | B152: 244024 | C152: suckjakkure@hotmail.com | D152: 0642427575 | E152: วรรณวนัชเบเกอรี่ | F152: เอกชน | G152: 2 | H152: FACEBOOK | I152: JB174170631TH | J152: สายชล | K152: 0615368198 | L152: 45หมู่5เกาะกูดรีสอร์ทต.เกาะกูดอ.เกาะกูดจ.ตราด เกาะกูด เกาะกูด ตราด 23000 | N152: 1.248 | O152: 0 | P152: 0 | Q152: 0 | R152: 0 | S152: 22 | T152: 22
A153: 152 | B153: 244024 | C153: suckjakkure@hotmail.com | D153: 0642427575 | E153: วรรณวนัชเบเกอรี่ | F153: เอกชน | G153: 2 | H153: FACEBOOK | I153: JB174170628TH | J153: ดีเจ.เสิด จอมชัชพงศ์ | K153: 0823285252 | L153: อโนราช สนง.สารพันบันเทิง สตูดิโอ / ศูนย์สุขภาพดีมีสุข 17/191 เอื้ออาทรรังสิต-คลองสองข้างวัดกล้าชอุ่ม ม.4โทร. / ️สะดวกรับของ / รับโทรศัพท์ 13.00-19.00 น. คลองสอง คลองหลวง ปทุมธานี 12120 | N153: 0.878 | O153: 0 | P153: 0 | Q153: 0 | R153: 0 | S153: 17 | T153: 17
A154: 153 | B154: 244024 | C154: suckjakkure@hotmail.com | D154: 0642427575 | E154: วรรณวนัชเบเกอรี่ | F154: เอกชน | G154: 2 | H154: FACEBOOK | I154: JB174170614TH | J154: วิชุดา ปาละนันท์ | K154: 0985638490 | L154: บ้านเลขที่ 9/41 หมู่บ้านการเด้นวิลล่า เดอะวอเตอร์ฟร้อน. หมู่10 ถ้าไม่มี ฝากรปภ.หมู่บ้านเซ็นรับแทนค่ะ ลาดสวาย ลำลูกกา ปทุมธานี 12150 | N154: 0.886 | O154: 0 | P154: 0 | Q154: 0 | R154: 0 | S154: 17 | T154: 17
A155: 154 | B155: 244024 | C155: suckjakkure@hotmail.com | D155: 0642427575 | E155: วรรณวนัชเบเกอรี่ | F155: เอกชน | G155: 2 | H155: FACEBOOK | I155: JA165467112TH | J155: สันทนา สองรุ่งชัยฤทธิ์ | K155: 0971235151 | L155: 435/1 สามเสนนอก ห้วยขวาง กรุงเทพ 10310 | N155: 0.662 | O155: 130 | P155: 1.95 | Q155: 0.1365 | R155: 0 | S155: 17 | T155: 19.09
A156: 155 | B156: 244024 | C156: suckjakkure@hotmail.com | D156: 0642427575 | E156: วรรณวนัชเบเกอรี่ | F156: เอกชน | G156: 2 | H156: FACEBOOK | I156: JA165467109TH | J156: สุรีย์พันธุ์ สุขสาธุ | K156: 0869745685 | L156: 100/38หมู่1 ซอย บางศรีเมือง เมืองนนทบุรี นนทบุรี 11000 | N156: 1.226 | O156: 230 | P156: 3.45 | Q156: 0.2415 | R156: 0 | S156: 22 | T156: 25.69
... A537: 536 | B537: 244037 | C537: suckjakkure@hotmail.com | D537: 0642427575 | E537: วรรณวนัชเบเกอรี่ | F537: เอกชน | G537: 2 | H537: FACEBOOK | I537: JB175784707TH | J537: ภาคภูมิ ทองพฤกษา | K537: 0956328795 | L537: ร้านอาหารสวีท ตรงข้ามโรงเรียน ญ.ว.﻿ 462 ถ.เพชรเกษม หาดใหญ่ หาดใหญ่ สงขลา 90110 | N537: 10.29 | O537: 0 | P537: 0 | Q537: 0 | R537: 0 | S537: 120 | T537: 120
A538: 537 | B538: 244038 | C538: suckjakkure@hotmail.com | D538: 0642427575 | E538: วรรณวนัชเบเกอรี่ | F538: เอกชน | G538: 2 | H538: FACEBOOK | I538: JA170191786TH | J538: ณัฐพร | K538: 0656589775 | L538: 949/7 ม.8 บ.แสงทองเวียงใต้ หลังแขกข้าวมันไก่ เวียงใต้ ปาย แม่ฮ่องสอน 58130 | N538: 0.654 | O538: 130 | P538: 1.95 | Q538: 0.1365 | R538: 15 | S538: 32 | T538: 34.09
A539: 538 | B539: 244038 | C539: suckjakkure@hotmail.com | D539: 0642427575 | E539: วรรณวนัชเบเกอรี่ | F539: เอกชน | G539: 2 | H539: FACEBOOK | I539: JB175871352TH | J539: คุณจักรวุฒิ บุญช่วยคุ้ม 1 | K539: 0656549481 | L539: 66 ถ.ไมตรีจิตต์ ป้อมปราบ ป้อมปราบศัตรูพ่าย กรุงเทพ 10100 | N539: 16.66 | O539: 0 | P539: 0 | Q539: 0 | R539: 0 | S539: 180 | T539: 180
A540: 539 | B540: 244038 | C540: suckjakkure@hotmail.com | D540: 0642427575 | E540: วรรณวนัชเบเกอรี่ | F540: เอกชน | G540: 2 | H540: FACEBOOK | I540: JB175871349TH | J540: คุณจักรวุฒิ บุญช่วยคุ้ม 2 | K540: 0656549481 | L540: 66 ถ.ไมตรีจิตต์ ป้อมปราบ ป้อมปราบศัตรูพ่าย กรุงเทพ 10100 | N540: 16.66 | O540: 0 | P540: 0 | Q540: 0 | R540: 0 | S540: 180 | T540: 180
A541: 540 | B541: 244038 | C541: suckjakkure@hotmail.com | D541: 0642427575 | E541: วรรณวนัชเบเกอรี่ | F541: เอกชน | G541: 2 | H541: FACEBOOK | I541: JB175871335TH | J541: คุณจักรวุฒิ บุญช่วยคุ้ม 3 | K541: 0656549481 | L541: 66 ถ.ไมตรีจิตต์ ป้อมปราบ ป้อมปราบศัตรูพ่าย กรุงเทพ 10100 | N541: 1.642 | O541: 0 | P541: 0 | Q541: 0 | R541: 0 | S541: 22 | T541: 22
A542: 541 | B542: 244038 | C542: suckjakkure@hotmail.com | D542: 0642427575 | E542: วรรณวนัชเบเกอรี่ | F542: เอกชน | G542: 2 | H542: FACEBOOK | I542: JA170191772TH | J542: ธมกร นาครินทร์ | K542: 0654893138 | L542: ร้านตัดผมธุบาเบอร์ 577/3 หมู่ 7 ถ.ศรีบุญลือ กำแพง อุทุมพรพิสัย ศรีสะเกษ 33120 | N542: 0.726 | O542: 189 | P542: 2.835 | Q542: 0.1985 | R542: 0 | S542: 17 | T542: 20.03
A543: 542 | B543: 244038 | C543: suckjakkure@hotmail.com | D543: 0642427575 | E543: วรรณวนัชเบเกอรี่ | F543: เอกชน | G543: 2 | H543: FACEBOOK | I543: JA170191769TH | J543: แน่งน้อย ราชปรีชา | K543: 0896448055 | L543: โรงเรียนวัดดงหมี เนินกุ่ม บางกระทุ่ม พิษณุโลก 65210 | N543: 0.666 | O543: 130 | P543: 1.95 | Q543: 0.1365 | R543: 0 | S543: 17 | T543: 19.09
A544: 543 | B544: 244038 | C544: suckjakkure@hotmail.com | D544: 0642427575 | E544: วรรณวนัชเบเกอรี่ | F544: เอกชน | G544: 2 | H544: FACEBOOK | I544: JB175871321TH | J544: ทิพย์วิมล ช้อยชด | K544: 0865152714 | L544: 1279/636 หมู่ 6 ซ.โนรี19 ท้ายบ้านใหม่ เมืองสมุทรปราการ สมุทรปราการ 10280 | N544: 1.212 | O544: 0 | P544: 0 | Q544: 0 | R544: 0 | S544: 22 | T544: 22
A545: 544 | B545: 244038 | C545: suckjakkure@hotmail.com | D545: 0642427575 | E545: วรรณวนัชเบเกอรี่ | F545: เอกชน | G545: 2 | H545: FACEBOOK | I545: JA170191755TH | J545: อรุณวรรณ หล้าจางวาง | K545: 0879858724 | L545: หมวดทางหลวงสังคม ต.ผาตั้ง อ.สังคม จ.หนองคาย ผาตั้ง สังคม หนองคาย 43160 | N545: 1.896 | O545: 330 | P545: 4.95 | Q545: 0.3465 | R545: 0 | S545: 22 | T545: 27.3
A546: 545 | B546: 244038 | C546: suckjakkure@hotmail.com | D546: 0642427575 | E546: วรรณวนัชเบเกอรี่ | F546: เอกชน | G546: 2 | H546: FACEBOOK | I546: JB175871318TH | J546: คุณสิริลักษณ์ ที่รักษ์ | K546: 0868975959 | L546: 34 30/196ถ.รามอินทรา35 อนุสาวรีย์ บางเขน กรุงเทพ 10220 | N546: 0.74 | O546: 0 | P546: 0 | Q546: 0 | R546: 0 | S546: 17 | T546: 17
A547: 546 | B547: 244038 | C547: suckjakkure@hotmail.com | D547: 0642427575 | E547: วรรณวนัชเบเกอรี่ | F547: เอกชน | G547: 2 | H547: FACEBOOK | I547: JA170191741TH | J547: Kติ๊ก | K547: 0831222932 | L547: บ.10/ซ,สังคมสงเคราะห์24 แขวง/ข/ลาดพร้าว ถ,ลาดพร้าว/ก,ท,ม/ ลาดพร้าว ลาดพร้าว กรุงเทพ 10230 | N547: 1.262 | O547: 209 | P547: 3.135 | Q547: 0.2195 | R547: 0 | S547: 22 | T547: 25.35
A548: 547 | B548: 244038 | C548: suckjakkure@hotmail.com | D548: 0642427575 | E548: วรรณวนัชเบเกอรี่ | F548: เอกชน | G548: 2 | H548: FACEBOOK | I548: JA170191738TH | J548: น้ำตาล | K548: 0822328358 | L548: 15/3 ม.8 ตาลเดี่ยว แก่งคอย สระบุรี 18110 | N548: 0.672 | O548: 130 | P548: 1.95 | Q548: 0.1365 | R548: 0 | S548: 17 | T548: 19.09
A549: 548 | B549: 244038 | C549: suckjakkure@hotmail.com | D549: 0642427575 | E549: วรรณวนัชเบเกอรี่ | F549: เอกชน | G549: 2 | H549: FACEBOOK | I549: JA170191724TH | J549: รินจง ขนุนแก้ว | K549: 0895540944 | L549: 463/1 ม. 3 ซ.ฟอกแลนด์ เวียง เชึยงใหม่ Thailand เวียง ฝาง เชียงใหม่ 50110 | N549: 0.664 | O549: 130 | P549: 1.95 | Q549: 0.1365 | R549: 0 | S549: 17 | T549: 19.09
... A638: 637 | B638: 244042 | C638: suckjakkure@hotmail.com | D638: 0642427575 | E638: วรรณวนัชเบเกอรี่ | F638: เอกชน | G638: 2 | H638: FACEBOOK | I638: JA176483601TH | J638: หทัยกานต์ | K638: 0970194152 | L638: 4/34 ซอยอิสรภาพ39 ถนนอิสรภาพ บ้านช่างหล่อ บางกอกน้อย กรุงเทพ 10700 | N638: 3.534 | O638: 885 | P638: 13.275 | Q638: 0.9293 | R638: 0 | S638: 43 | T638: 57.2
A639: 638
A640: 639
A641: 640
A642: 641
A643: 642
A644: 643
A645: 644
A646: 645
A647: 646
A648: 647
A649: 648
A650: 649
... A2003: 2002
M2004: ยอดรวม | N2004: =SUM(N2:N2003) -> 1062.619 | P2004: =SUM(P2:P2003) -> 995.115 | Q2004: =SUM(Q2:Q2003) -> 69.6602 | R2004: =SUM(R2:R2003) -> 165 | S2004: =SUM(S2:S2003) -> 17079 | T2004: =SUM(T2:T2003) -> 18143.97

Sheet แบบฟอร์ม
A1: รายการ | B1: จำนวนออเดอร์
A2: ของเคลม LAZADA เนื่องจากลูกค้าได้รับสินค้าไม่ครบ
A3: ของเคลม LAZADA เนื่องจากลูกค้าได้รับสินค้าผิดไม่ตรงตามที่สั่ง
A4: ของเคลม LAZADA เนื่องจากลูกค้าไม่ได้รับสินค้า
A5: ของเคลม LAZADA เนื่องจากสินค้าเสียหายจากการขนส่ง
A6: ของเคลม LAZADA เนื่องจากสินค้าเน่าเสียก่อนวันหมดอายุที่แจ้งข้างกล่อง
A7: ของเคลม LAZADA เนื่องจากสินค้ามีรสชาติขม รสชาติ สีของขนม ผิดปกติ
A8: ของเคลม LAZADA เนื่องจากสินค้าไม่มี
A9: ของเคลม LAZADA ไม่ทราบเหตุผล
A10: ของเคลม Shopee เนื่องจากลูกค้าได้รับสินค้าไม่ครบ
A11: ของเคลม Shopee เนื่องจากลูกค้าได้รับสินค้าผิดไม่ตรงตามที่สั่ง
A12: ของเคลม Shopee เนื่องจากลูกค้าไม่ได้รับสินค้า
A13: ของเคลม Shopee เนื่องจากสินค้าเสียหายจากการขนส่ง
... A55: ไม่ทราบสาเหตุ
B56: =SUM(B2:B55) -> 0
