Workbook

Sheet สรุป 67
A1: สรุปอดเคลมออเดอร์ขายออนไลน์ ปี 2567
A2: เดือน | B2: เคลม | D2: ยกเลิก ( CF เล่น) | F2: หมายเหตุ
B3: จำนวน | C3: ค่าขนส่ง | D3: จำนวน | E3: ยอดเงิน
A4: ม.ค. | B4: 95 | C4: =+'ม.ค. เคลม'!J100 -> 1979.82 | D4: 73 | E4: =+'ม.ค. ยกเลิก'!H76 -> 23769.81
A5: ก.พ. | B5: 27 | C5: =+'ก.พ. เคลม'!J33 -> 799 | D5: 119 | E5: =+'ก.พ. ยกเลิก'!H122 -> 29400.33
A6: มี.ค. | B6: 12 | C6: =+'มี.ค. เคลม'!J78 -> 223 | D6: 105 | E6: =+'มี.ค. ยกเลิก'!H108 -> 18848.37
A7: เม.ย. | B7: 66 | C7: =+'เม.ย. เคลม'!J122 -> 1718 | D7: 130 | E7: =+'เม.ย. ยกเลิก'!H132 -> 22556.21
A8: พ.ค. | B8: 211 | C8: =+'พ.ค. เคลม'!J269 -> 4531 | D8: 111 | E8: =+'พ.ค. ยกเลิก'!H115 -> 20426.8
A9: มิ.ย. | B9: 143 | C9: =+'มิ.ย. เคลม'!J221 -> 1950 | D9: 109 | E9: =+'มิ.ย. ยกเลิก'!H132 -> 31551.87
A10: ก.ค. | B10: 107 | C10: =+'ก.ค. เคลม'!J124 -> 2046.09 | D10: 72 | E10: =+'ก.ค. ยกเลิก'!H75 -> 17879.8
A11: ส.ค. | B11: 79 | C11: =+'ส.ค. เคลม'!J126 -> 1343 | D11: 39 | E11: =+'ส.ค. ยกเลิก'!H42 -> 7981.36
A12: ก.ย. | B12: 68 | C12: 1394 | D12: 34 | E12: =+'ก.ย. ยกเลิก'!H37 -> 5043.65
A13: ต.ค. | B13: 182 | C13: =+'ต.ค. เคลม'!J186 -> 2010 | D13: 42 | E13: =+'ต.ค. ยกเลิก'!H58 -> 7350.06
A14: พ.ย. | B14: 132 | C14: =+'พ.ย. เคลม'!J149 -> 2482 | D14: 48 | E14: =+'พ.ย. ยกเลิก'!H51 -> 8379.03
A15: ธ.ค. | B15: 52 | C15: =+'ธ.ค. เคลม'!J55 -> 2116 | D15: 105 | E15: =+'ธ.ค. ยกเลิก'!H108 -> 25984.06
A16: ยอดรวม | B16: =SUM(B4:B15) -> 1174 | C16: =SUM(C4:C15) -> 22591.91 | D16: =SUM(D4:D15) -> 987 | E16: =SUM(E4:E15) -> 219171.35 | F16: บาท

Sheet สรุปสาเหตุเคลม
A1: สรุปสาเหตุการส่งเคลมจากแพลตฟอร์ม ปี 2567 | C1: Total | D1: ม.ค. | E1: ก.พ. | F1: มี.ค. | G1: เม.ย. | H1: พ.ค. | I1: มิ.ย. | J1: ก.ค. | K1: ส.ค. | L1: ก.ย. | M1: ต.ค. | N1: พ.ย. | O1: ธ.ค.
A2: สาเหตุส่งเคลม | B2: ผู้รับผิดชอบดูแล | C2: จำนวน | D2: จำนวนออเดอร์ | E2: จำนวนออเดอร์ | F2: จำนวนออเดอร์ | G2: จำนวนออเดอร์ | H2: จำนวนออเดอร์ | I2: จำนวนออเดอร์ | J2: จำนวนออเดอร์ | K2: จำนวนออเดอร์ | L2: จำนวนออเดอร์ | M2: จำนวนออเดอร์ | N2: จำนวนออเดอร์ | O2: จำนวนออเดอร์
A3: ของเคลม LAZADA เนื่องจากลูกค้าได้รับสินค้าไม่ครบ | B3: Packing | C3: =SUM(D3:O3) -> 124 | D3: =+'ม.ค. เคลม'!N3 -> 41 | E3: =+'ก.พ. เคลม'!N3 -> 8 | F3: =+'มี.ค. เคลม'!N3 -> 1 | G3: =+'เม.ย. เคลม'!N3 -> 10 | H3: =+'พ.ค. เคลม'!N3 -> 18 | I3: =+'มิ.ย. เคลม'!N3 -> 17 | J3: =+'ก.ค. เคลม'!O3 -> 14 | K3: =+'ส.ค. เคลม'!O3 -> 3 | L3: =+'ก.ย. เคลม'!O3 -> 1 | M3: =+'ต.ค. เคลม'!O3 -> 2 | N3: =+'พ.ย. เคลม'!O3 -> 0 | O3: =+'ธ.ค. เคลม'!O3 -> 9
A4: ของเคลม LAZADA เนื่องจากลูกค้าได้รับสินค้าผิดไม่ตรงตามที่สั่ง | B4: Packing / Online | C4: =SUM(D4:O4) -> 8 | D4: =+'ม.ค. เคลม'!N4 -> 3 | E4: =+'ก.พ. เคลม'!N4 -> 0 | F4: =+'มี.ค. เคลม'!N4 -> 0 | G4: =+'เม.ย. เคลม'!N4 -> 2 | H4: =+'พ.ค. เคลม'!N4 -> 1 | I4: =+'มิ.ย. เคลม'!N4 -> 0 | J4: =+'ก.ค. เคลม'!O4 -> 1 | K4: =+'ส.ค. เคลม'!O4 -> 1 | L4: =+'ก.ย. เคลม'!O4 -> 0 | M4: =+'ต.ค. เคลม'!O4 -> 0 | N4: =+'พ.ย. เคลม'!O4 -> 0 | O4: =+'ธ.ค. เคลม'!O4 -> 0
A5: ของเคลม LAZADA เนื่องจากลูกค้าไม่ได้รับสินค้า | B5: ขนส่ง | C5: =SUM(D5:O5) -> 5 | D5: =+'ม.ค. เคลม'!N5 -> 4 | E5: =+'ก.พ. เคลม'!N5 -> 1 | F5: =+'มี.ค. เคลม'!N5 -> 0 | G5: =+'เม.ย. เคลม'!N5 -> 0 | H5: =+'พ.ค. เคลม'!N5 -> 0 | I5: =+'มิ.ย. เคลม'!N5 -> 0 | J5: =+'ก.ค. เคลม'!O5 -> 0 | K5: =+'ส.ค. เคลม'!O5 -> 0 | L5: =+'ก.ย. เคลม'!O5 -> 0 | M5: =+'ต.ค. เคลม'!O5 -> 0 | N5: =+'พ.ย. เคลม'!O5 -> 0 | O5: =+'ธ.ค. เคลม'!O5 -> 0
A6: ของเคลม LAZADA เนื่องจากสินค้าเสียหายจากการขนส่ง | B6: ขนส่ง | C6: =SUM(D6:O6) -> 10 | D6: =+'ม.ค. เคลม'!N6 -> 1 | E6: =+'ก.พ. เคลม'!N6 -> 0 | F6: =+'มี.ค. เคลม'!N6 -> 0 | G6: =+'เม.ย. เคลม'!N6 -> 2 | H6: =+'พ.ค. เคลม'!N6 -> 0 | I6: =+'มิ.ย. เคลม'!N6 -> 0 | J6: =+'ก.ค. เคลม'!O6 -> 2 | K6: =+'ส.ค. เคลม'!O6 -> 0 | L6: =+'ก.ย. เคลม'!O6 -> 4 | M6: =+'ต.ค. เคลม'!O6 -> 0 | N6: =+'พ.ย. เคลม'!O6 -> 1 | O6: =+'ธ.ค. เคลม'!O6 -> 0
A7: ของเคลม LAZADA เนื่องจากสินค้าเน่าเสียก่อนวันหมดอายุที่แจ้งข้างกล่อง | B7: ฝ่ายผลิต | C7: =SUM(D7:O7) -> 17 | D7: =+'ม.ค. เคลม'!N7 -> 1 | E7: =+'ก.พ. เคลม'!N7 -> 0 | F7: =+'มี.ค. เคลม'!N7 -> 0 | G7: =+'เม.ย. เคลม'!N7 -> 4 | H7: =+'พ.ค. เคลม'!N7 -> 1 | I7: =+'มิ.ย. เคลม'!N7 -> 2 | J7: =+'ก.ค. เคลม'!O7 -> 5 | K7: =+'ส.ค. เคลม'!O7 -> 4 | L7: =+'ก.ย. เคลม'!O7 -> 0 | M7: =+'ต.ค. เคลม'!O7 -> 0 | N7: =+'พ.ย. เคลม'!O7 -> 0 | O7: =+'ธ.ค. เคลม'!O7 -> 0
A8: ของเคลม LAZADA เนื่องจากสินค้ามีรสชาติขม รสชาติ สีของขนม ผิดปกติ | B8: ฝ่ายผลิต | C8: =SUM(D8:O8) -> 1 | D8: =+'ม.ค. เคลม'!N8 -> 0 | E8: =+'ก.พ. เคลม'!N8 -> 0 | F8: =+'มี.ค. เคลม'!N8 -> 0 | G8: =+'เม.ย. เคลม'!N8 -> 0 | H8: =+'พ.ค. เคลม'!N8 -> 0 | I8: =+'มิ.ย. เคลม'!N8 -> 0 | J8: =+'ก.ค. เคลม'!O8 -> 0 | K8: =+'ส.ค. เคลม'!O8 -> 0 | L8: =+'ก.ย. เคลม'!O8 -> 0 | M8: =+'ต.ค. เคลม'!O8 -> 1 | N8: =+'พ.ย. เคลม'!O8 -> 0 | O8: =+'ธ.ค. เคลม'!O8 -> 0
A9: ของเคลม LAZADA เนื่องจากสินค้าไม่มี | B9: ฝ่ายผลิต | C9: =SUM(D9:O9) -> 72 | D9: =+'ม.ค. เคลม'!N9 -> 0 | E9: =+'ก.พ. เคลม'!N9 -> 0 | F9: =+'มี.ค. เคลม'!N9 -> 0 | G9: =+'เม.ย. เคลม'!N9 -> 16 | H9: =+'พ.ค. เคลม'!N9 -> 20 | I9: =+'มิ.ย. เคลม'!N9 -> 22 | J9: =+'ก.ค. เคลม'!O9 -> 1 | K9: =+'ส.ค. เคลม'!O9 -> 0 | L9: =+'ก.ย. เคลม'!O9 -> 0 | M9: =+'ต.ค. เคลม'!O9 -> 0 | N9: =+'พ.ย. เคลม'!O9 -> 0 | O9: =+'ธ.ค. เคลม'!O9 -> 13
A10: ของเคลม LAZADA ไม่ทราบเหตุผล | B10: Online | C10: =SUM(D10:O10) -> 629 | D10: =+'ม.ค. เคลม'!N10 -> 0 | E10: =+'ก.พ. เคลม'!N10 -> 0 | F10: =+'มี.ค. เคลม'!N10 -> 61 | G10: =+'เม.ย. เคลม'!N10 -> 53 | H10: =+'พ.ค. เคลม'!N10 -> 57 | I10: =+'มิ.ย. เคลม'!N10 -> 75 | J10: =+'ก.ค. เคลม'!O10 -> 8 | K10: =+'ส.ค. เคลม'!O10 -> 44 | L10: =+'ก.ย. เคลม'!O10 -> 53 | M10: =+'ต.ค. เคลม'!O10 -> 143 | N10: =+'พ.ย. เคลม'!O10 -> 128 | O10: =+'ธ.ค. เคลม'!O10 -> 7
A11: ของเคลม Shopee เนื่องจากลูกค้าได้รับสินค้าไม่ครบ | B11: Packing | C11: =SUM(D11:O11) -> 74 | D11: =+'ม.ค. เคลม'!N11 -> 3 | E11: =+'ก.พ. เคลม'!N11 -> 3 | F11: =+'มี.ค. เคลม'!N11 -> 0 | G11: =+'เม.ย. เคลม'!N11 -> 3 | H11: =+'พ.ค. เคลม'!N11 -> 6 | I11: =+'มิ.ย. เคลม'!N11 -> 10 | J11: =+'ก.ค. เคลม'!O11 -> 2 | K11: =+'ส.ค. เคลม'!O11 -> 18 | L11: =+'ก.ย. เคลม'!O11 -> 22 | M11: =+'ต.ค. เคลม'!O11 -> 6 | N11: =+'พ.ย. เคลม'!O11 -> 1 | O11: =+'ธ.ค. เคลม'!O11 -> 0
A12: ของเคลม Shopee เนื่องจากลูกค้าได้รับสินค้าผิดไม่ตรงตามที่สั่ง | B12: Packing / Online | C12: =SUM(D12:O12) -> 7 | D12: =+'ม.ค. เคลม'!N12 -> 1 | E12: =+'ก.พ. เคลม'!N12 -> 2 | F12: =+'มี.ค. เคลม'!N12 -> 0 | G12: =+'เม.ย. เคลม'!N12 -> 0 | H12: =+'พ.ค. เคลม'!N12 -> 0 | I12: =+'มิ.ย. เคลม'!N12 -> 2 | J12: =+'ก.ค. เคลม'!O12 -> 0 | K12: =+'ส.ค. เคลม'!O12 -> 1 | L12: =+'ก.ย. เคลม'!O12 -> 1 | M12: =+'ต.ค. เคลม'!O12 -> 0 | N12: =+'พ.ย. เคลม'!O12 -> 0 | O12: =+'ธ.ค. เคลม'!O12 -> 0
A13: ของเคลม Shopee เนื่องจากลูกค้าไม่ได้รับสินค้า | B13: ขนส่ง | C13: =SUM(D13:O13) -> 0 | D13: =+'ม.ค. เคลม'!N13 -> 0 | E13: =+'ก.พ. เคลม'!N13 -> 0 | F13: =+'มี.ค. เคลม'!N13 -> 0 | G13: =+'เม.ย. เคลม'!N13 -> 0 | H13: =+'พ.ค. เคลม'!N13 -> 0 | I13: =+'มิ.ย. เคลม'!N13 -> 0 | J13: =+'ก.ค. เคลม'!O13 -> 0 | K13: =+'ส.ค. เคลม'!O13 -> 0 | L13: =+'ก.ย. เคลม'!O13 -> 0 | M13: =+'ต.ค. เคลม'!O13 -> 0 | N13: =+'พ.ย. เคลม'!O13 -> 0 | O13: =+'ธ.ค. เคลม'!O13 -> 0
A14: ของเคลม Shopee เนื่องจากสินค้าเสียหายจากการขนส่ง | B14: ขนส่ง | C14: =SUM(D14:O14) -> 7 | D14: =+'ม.ค. เคลม'!N14 -> 1 | E14: =+'ก.พ. เคลม'!N14 -> 0 | F14: =+'มี.ค. เคลม'!N14 -> 0 | G14: =+'เม.ย. เคลม'!N14 -> 0 | H14: =+'พ.ค. เคลม'!N14 -> 0 | I14: =+'มิ.ย. เคลม'!N14 -> 0 | J14: =+'ก.ค. เคลม'!O14 -> 1 | K14: =+'ส.ค. เคลม'!O14 -> 2 | L14: =+'ก.ย. เคลม'!O14 -> 2 | M14: =+'ต.ค. เคลม'!O14 -> 0 | N14: =+'พ.ย. เคลม'!O14 -> 0 | O14: =+'ธ.ค. เคลม'!O14 -> 1
... A56: ไม่ทราบสาเหตุ | B56: Online | C56: =SUM(D56:O56) -> 13 | D56: =+'ม.ค. เคลม'!N56 -> 1 | E56: =+'ก.พ. เคลม'!N56 -> 2 | F56: =+'มี.ค. เคลม'!N56 -> 1 | G56: =+'เม.ย. เคลม'!N56 -> 0 | H56: =+'พ.ค. เคลม'!N56 -> 0 | I56: =+'มิ.ย. เคลม'!N56 -> 5 | J56: =+'ก.ค. เคลม'!O56 -> 4 | K56: =+'ส.ค. เคลม'!O56 -> 0 | L56: =+'ก.ย. เคลม'!O56 -> 0 | M56: =+'ต.ค. เคลม'!O56 -> 0 | N56: =+'พ.ย. เคลม'!O56 -> 0 | O56: =+'ธ.ค. เคลม'!O56 -> 0
C57: =SUM(C3:C56) -> 1543 | D57: =SUM(D3:D56) -> 96 | E57: =SUM(E3:E56) -> 29 | F57: =SUM(F3:F56) -> 75 | G57: =SUM(G3:G56) -> 119 | H57: =SUM(H3:H56) -> 262 | I57: =SUM(I3:I56) -> 218 | J57: =SUM(J3:J56) -> 121 | ... O57: =SUM(O3:O56) -> 52
D59: ไล่กรอกสาเหตุใหม่ เนื่องจากเดิมทำผิด

Sheet ธ.ค. เคลม
A1: สรุปรายการส่งของเคลมสินค้า เดือนธันวาคม 2567
A2: ลำดับ | B2: เลขที่ออเดอร์ | C2: ชื่อ | D2: ช่องทางติดต่อ | E2: ชื่อตามช่องทางติดต่อ | F2: ขนส่ง | G2: วันที่สร้าง | H2: ยอดขาย | I2: เลขพัสดุ | J2: ค่าขนส่ง | K2: หมายเหตุ | L2: หมายเหตุ | N2: รายการ | O2: จำนวนออเดอร์
A3: 1 | B3: EIB17 | D3: Lazchoice | E3: Lazchoice | F3: EMS | G3: 02/12/2024 09:03 | H3: 0 | I3: LBX024766814365390 | J3: 17 | K3: ของเคลม LAZADA ไม่ทราบเหตุผล | N3: ของเคลม LAZADA เนื่องจากลูกค้าได้รับสินค้าไม่ครบ | O3: 9
A4: 2 | B4: EIB24 | D4: Lazchoice | E4: Lazchoice | F4: EMS | G4: 02/12/2024 09:10 | H4: 0 | I4: LBX024766814360806 | J4: 17 | K4: ของเคลม LAZADA ไม่ทราบเหตุผล | N4: ของเคลม LAZADA เนื่องจากลูกค้าได้รับสินค้าผิดไม่ตรงตามที่สั่ง
A5: 3 | B5: EIC26 | D5: Lazchoice | E5: Lazchoice | F5: EMS | G5: 02/12/2024 11:23 | H5: 0 | I5: LEXPU0428190984 | J5: 17 | K5: ของเคลม LAZADA ไม่ทราบเหตุผล | N5: ของเคลม LAZADA เนื่องจากลูกค้าไม่ได้รับสินค้า
A6: 4 | B6: EIE1 | D6: Lazchoice | E6: Lazchoice | F6: EMS | G6: 02/12/2024 15:36 | H6: 0 | I6: LEXPU0428266659 | J6: 17 | K6: ของเคลม LAZADA ไม่ทราบเหตุผล | N6: ของเคลม LAZADA เนื่องจากสินค้าเสียหายจากการขนส่ง
A7: 5 | B7: EIE29 | D7: Lazchoice | E7: Lazchoice | F7: EMS | G7: 02/12/2024 16:22 | H7: 0 | I7: LBX024766814640921 | J7: 17 | K7: ของเคลม LAZADA ไม่ทราบเหตุผล | N7: ของเคลม LAZADA เนื่องจากสินค้าเน่าเสียก่อนวันหมดอายุที่แจ้งข้างกล่อง
A8: 6 | B8: EIG68 | D8: Lazchoice | E8: Lazchoice | F8: EMS | G8: 03/12/2024 09:07 | H8: 0 | I8: LEXPU0428559974 | J8: 17 | K8: ของเคลม LAZADA ไม่ทราบเหตุผล | N8: ของเคลม LAZADA เนื่องจากสินค้ามีรสชาติขม รสชาติ สีของขนม ผิดปกติ
A9: 7 | B9: EIG83 | D9: Lazchoice | E9: Lazchoice | F9: EMS | G9: 03/12/2024 09:15 | H9: 0 | I9: LEXPU0428560150 | J9: 17 | K9: ของเคลม LAZADA ไม่ทราบเหตุผล | N9: ของเคลม LAZADA เนื่องจากสินค้าไม่มี | O9: 13
A10: 8 | B10: EIU88 | C10: สุธิดา แก้วนุ่น | D10: facebook | F10: EMS | G10: 06/12/2024 10:44 | H10: 0 | I10: JB122045315TH | J10: 17 | K10: ของเคลม LAZADA เนื่องจากลูกค้าได้รับสินค้าไม่ครบ | L10: ลาซาด้า เลขออเดอร์ 943823476764458**ได้ของไม่ครบเพราะใบออเดอร์สลับ** | N10: ของเคลม LAZADA ไม่ทราบเหตุผล | O10: 7
A11: 9 | B11: EJD52 | C11: ปริศนา โทแก้ว | D11: facebook | F11: EMS | G11: 08/12/2024 13:57 | H11: 0 | I11: JB127573067TH | J11: 45 | K11: ของเคลม Shopee เนื่องจากสินค้าเสียหายจากการขนส่ง | L11: เคลมช้อปปี้ 241203U44YKXAY**สินค้าบี้เสียหาย** | N11: ของเคลม Shopee เนื่องจากลูกค้าได้รับสินค้าไม่ครบ
A12: 10 | B12: EJJ3 | C12: คุณ กนกพร แดงกุล | D12: line_oa | E12: สายสุนีย์ สายวารี | F12: EMS | G12: 09/12/2024 19:14 | H12: 0 | I12: JB127721211TH | J12: 45 | K12: ของเคลม TikTok เนื่องจากสินค้าเสียหายจากการขนส่ง | L12: เคลมเนื่องสินค้าลูกค้าเสียหายลูกค้าตต | N12: ของเคลม Shopee เนื่องจากลูกค้าได้รับสินค้าผิดไม่ตรงตามที่สั่ง
A13: 11 | B13: EJN52 | C13: วิธวิทย์ | D13: facebook | E13: Wit-Witthawit Panichsuay | F13: EMS | G13: 10/12/2024 16:11 | H13: 0 | I13: JB127829479TH | J13: 45 | K13: ของเคลม Facebook , Facebook Live เนื่องจากลูกค้าได้รับสินค้าไม่ครบ | L13: เคลมเนื่องจากลูกค้าได้ของไม่ครบ EJH54 จากเฟสหลัก | N13: ของเคลม Shopee เนื่องจากลูกค้าไม่ได้รับสินค้า
A14: 12 | B14: EJU24 | C14: ขนิษฐา แก้วสกุล | D14: facebook | E14: Khanittha Kaewsakul | F14: EMS | G14: 11/12/2024 17:40 | H14: 0 | I14: JB127961415TH | J14: 45 | K14: ของเคลม Facebook , Facebook Live เนื่องจากลูกค้าได้รับสินค้าไม่ครบ | L14: เคลิมเนื่องจากลูกค้าได้ของไม่ครบ EJH21 | N14: ของเคลม Shopee เนื่องจากสินค้าเสียหายจากการขนส่ง | O14: 1
A15: 13 | B15: EKT72 | C15: ตรีสุคนธ์ ชูประสิทธิ์ | D15: facebook | E15: ตรีสุคนธ์ ชูประสิทธิ์ | F15: EMS | G15: 15/12/2024 14:01 | H15: 0 | I15: JB128388424TH | J15: 45 | K15: ของเคลม Facebook , Facebook Live เนื่องจากลูกค้าได้รับสินค้าไม่ครบ | L15: เคลมเนื่องจากสินค้าเสียหายEJY79 | N15: ของเคลม Shopee เนื่องจากสินค้าเน่าเสียก่อนวันหมดอายุที่แจ้งข้างกล่อง
A16: 14 | B16: EKT81 | C16: จิตตรา สาริกา | D16: facebook | E16: จิตตรา สาริกา | F16: EMS | G16: 15/12/2024 14:13 | H16: 0 | I16: JB128388469TH | J16: 45 | K16: ของเคลม Facebook , Facebook Live เนื่องจากลูกค้าได้รับสินค้าไม่ครบ | L16: ลูกค้าคุณวรรณที่โอนผิด | N16: ของเคลม Shopee เนื่องจากสินค้ามีรสชาติขม รสชาติ สีของขนม ผิดปกติ
A17: 15 | B17: EKT96 | C17: น.ส.อรอนงค์ ไชยศร ( | D17: line_oa | E17: W1750 | F17: EMS | G17: 15/12/2024 14:32 | H17: 0 | I17: JB128388509TH | J17: 45 | K17: ของเคลม Facebook , Facebook Live เนื่องจากลูกค้าได้รับสินค้าไม่ครบ | N17: ของเคลม Shopee เนื่องจากสินค้าไม่มี | O17: 4
A18: 16 | B18: ELA10 | C18: ปภัสสร | D18: line_oa | E18: aui | F18: EMS | G18: 16/12/2024 15:51 | H18: 0 | I18: JB128542168TH | J18: 45 | K18: ของเคลม Facebook , Facebook Live เนื่องจากลูกค้าได้รับสินค้าไม่ครบ | L18: **กล่องเปล่า** รสกาแฟ1 เนยนม1 ฝอยทอง1 กล้วยหอม1 &nbsp;ตาล1 | N18: ของเคลม Shopee ไม่ทราบเหตุผล
A19: 17 | B19: ELF30 | C19: นิศารัตน์ แซ่ลิ้ม | D19: facebook | E19: June Nisarat | F19: EMS | G19: 17/12/2024 16:27 | H19: 0 | I19: JB128681995TH | J19: 45 | K19: ของเคลม Facebook , Facebook Live เนื่องจากลูกค้าได้รับสินค้าไม่ครบ | L19: รสฝอยทองทั้งหมด18กล่อง | N19: ของเคลม Line OA เนื่องจากลูกค้าได้รับสินค้าไม่ครบ | O19: 1
A20: 18 | B20: ELG42 | C20: ขวัญลดา นพศิริ | D20: line_oa | E20: Eye | F20: EMS | G20: 17/12/2024 19:20 | H20: 0 | I20: JB128682103TH | J20: 45 | K20: ของเคลม Facebook , Facebook Live เนื่องจากลูกค้าได้รับสินค้าไม่ครบ | L20: ขอกล่องป่าวเปี๊ยะ450กรัม | N20: ของเคลม Line OA เนื่องจากลูกค้าได้รับสินค้าผิดไม่ตรงตามที่สั่ง
A21: 19 | B21: ELY0 | C21: นัฐฏิญา | D21: facebook | F21: EMS | G21: 19/12/2024 19:50 | H21: 0 | I21: JB128964166TH | J21: 45 | K21: ของเคลม Facebook , Facebook Live เนื่องจากสินค้าเสียหายจากการขนส่ง | L21: เคลมช้อปปี้ เลขออเดอร์ 24121748RDDEJV**กล่องบี้** | N21: ของเคลม Line OA เนื่องจากลูกค้าไม่ได้รับสินค้า
A22: 20 | B22: ENS14 | C22: อนุสรา เส็งประสิทธิ์ | D22: line_oa | E22: Anusara 59😊 | F22: EMS | G22: 24/12/2024 11:46 | H22: 0 | I22: JB129620215TH | J22: 45 | K22: ของเคลม Facebook , Facebook Live เนื่องจากสินค้าเสียหายจากการขนส่ง | L22: กล่องเปี๊ยะ 450กรัม 📌รบกวนห่อกล่องหนาๆ📌 📌ส่งของวันที่ 25/12/67 เท่านั้น‼️ เคลมกล่องบุบ | N22: ของเคลม Line OA เนื่องจากสินค้าเสียหายจากการขนส่ง
A23: 21 | B23: ENW49 | C23: คุณพรรณภัทร ช้างป่าดี | D23: facebook | F23: EMS | G23: 24/12/2024 16:25 | H23: 0 | I23: JB129620184TH | J23: 45 | K23: ของเคลม LAZADA เนื่องจากลูกค้าได้รับสินค้าไม่ครบ | L23: เคลม LAZADA ร้าน 9 เลขออเดอร์ : 952485091269800เนื่องจากคุณลูกค้าได้สินค้าไม่ครบค่ะ | N23: ของเคลม Line OA เนื่องจากสินค้าเน่าเสียก่อนวันหมดอายุที่แจ้งข้างกล่อง
A24: 22 | B24: EOB61 | C24: นายมนตรี บุตรเสือ | D24: facebook | F24: EMS | G24: 25/12/2024 11:07 | H24: 0 | I24: JB129763832TH | J24: 45 | K24: ของเคลม LAZADA เนื่องจากลูกค้าได้รับสินค้าไม่ครบ | L24: เคลม ลาซาด้า เลขออเดอร์ : 959083304567938เนื่องจากคุณลูกค้าได้สินค้าไม่ครบค่ะ | N24: ของเคลม Line OA เนื่องจากสินค้ามีรสชาติขม รสชาติ สีของขนม ผิดปกติ
A25: 23 | B25: EOC23 | C25: วรนัฐ สุขอ่อน | D25: facebook | E25: Surisa Ponpichai | F25: EMS | G25: 25/12/2024 14:51 | H25: 0 | I25: JB129763775TH | J25: 45 | K25: ของเคลม Facebook , Facebook Live เนื่องจากสินค้าเสียหายจากการขนส่ง | L25: เคลมเนื่องจากสินค้าเสียหาย EMX34 จากเพจ | N25: ของเคลม Line OA เนื่องจากสินค้าไม่มี
A26: 24 | B26: EOC42 | C26: น.ส.สุรัตนา ใสทา | D26: facebook | F26: EMS | G26: 25/12/2024 16:51 | H26: 0 | I26: JB129763789TH | J26: 45 | K26: ของเคลม LAZADA เนื่องจากลูกค้าได้รับสินค้าไม่ครบ | L26: เคลมลาซาด้า เลขออเดอร์ : 952641067988057เนื่องจากคุณลูกค้าได้สินค้าไม่ครบค่ะ | N26: ของเคลม Line OA ไม่ทราบเหตุผล
A27: 25 | B27: EOD76 | C27: นางธนันณัฏฐ์ พรหมอุปถัมถ์ | D27: facebook | F27: EMS | G27: 26/12/2024 12:28 | H27: 0 | I27: JB129847400TH | J27: 45 | K27: ของเคลม Facebook , Facebook Live เนื่องจากลูกค้าได้รับสินค้าไม่ครบ | L27: เคลม เพจตัวแทน ออเดอร์ ENA41 | N27: ของเคลม Facebook , Facebook Live เนื่องจากลูกค้าได้รับสินค้าไม่ครบ | O27: 10
A28: 26 | B28: EOD96 | C28: ธนิสร ภูหัตสวน | D28: line_oa | E28: waraporn &nbsp;Chiangmai | F28: EMS | G28: 26/12/2024 13:21 | H28: 0 | I28: JB129847413TH | J28: 45 | K28: ของเคลม Line OA เนื่องจากลูกค้าได้รับสินค้าไม่ครบ | L28: เคลมเนื่องจากลูกค้าได้ของไม่ครบ | N28: ของเคลม Facebook , Facebook Live เนื่องจากลูกค้าได้รับสินค้าผิดไม่ตรงตามที่สั่ง
A29: 27 | B29: EOE88 | C29: คุณกัลยา สุกสอาด | D29: facebook | F29: EMS | G29: 26/12/2024 17:11 | H29: 0 | I29: - | J29: 45 | K29: ของเคลม Facebook , Facebook Live เนื่องจากลูกค้าได้รับสินค้าไม่ครบ | L29: เคลม ลาซาด้า ออเดอร์ ENA28 | N29: ของเคลม Facebook , Facebook Live เนื่องจากลูกค้าไม่ได้รับสินค้า
A30: 28 | B30: EOE89 | C30: คุณสิรินาถ รูปสม | D30: facebook | F30: EMS | G30: 26/12/2024 17:12 | H30: 0 | I30: - | J30: 45 | K30: ของเคลม LAZADA เนื่องจากสินค้าไม่มี | L30: เคลม ลาซาด้า ออเดอร์ ENA37เนื่องจากสินค้ามีไม่เพียงพอในการจัดส่ง | N30: ของเคลม Facebook , Facebook Live เนื่องจากสินค้าเสียหายจากการขนส่ง | O30: 3
A31: 29 | B31: EOG7 | C31: คุณชนัญญา กู้เจริญศิริสุข | D31: facebook | F31: EMS | G31: 27/12/2024 13:50 | H31: 0 | I31: TH16016MRZJP6N | J31: 45 | K31: ของเคลม LAZADA เนื่องจากสินค้าไม่มี | L31: เคลม ลาซาด้า เลขออเดอร์ 959916735315253เนื่องจากมีสินค้าไม่เพียงพอตอนแพ็ก | N31: ของเคลม Facebook , Facebook Live เนื่องจากสินค้าเน่าเสียก่อนวันหมดอายุที่แจ้งข้างกล่อง
A32: 30 | B32: EOG8 | C32: ดิว | D32: facebook | F32: EMS | G32: 27/12/2024 13:51 | H32: 0 | I32: TH04016MRZJQ3G | J32: 45 | K32: ของเคลม Shopee เนื่องจากสินค้าไม่มี | L32: เคลมช็อปปี้ ส่งของไม่ครบของไม่มี241220ARHV7N1Q | N32: ของเคลม Facebook , Facebook Live เนื่องจากสินค้ามีรสชาติขม รสชาติ สีของขนม ผิดปกติ
A33: 31 | B33: EOG9 | C33: น.ส.ณัฐธยาน์ วิเศษชนธีร์ | D33: facebook | F33: EMS | G33: 27/12/2024 13:52 | H33: 0 | I33: TH33126MRZJR0C | J33: 45 | K33: ของเคลม TikTok เนื่องจากสินค้าเสียหายจากการขนส่ง | L33: เครมติ๊กต๊อก เลขออเดอร์ 579796915732056353เนื่องจากขนมปังเสียหาย | N33: ของเคลม Facebook , Facebook Live เนื่องจากสินค้าไม่มี
A34: 32 | B34: EOG10 | C34: คุณฉัตรสุดา พรมหาญ | D34: facebook | F34: EMS | G34: 27/12/2024 13:53 | H34: 0 | I34: TH63016MRZJS0A | J34: 45 | K34: ของเคลม LAZADA เนื่องจากสินค้าไม่มี | L34: เคลม ลาซาด้า เลขออเดอร์ : 953071818636262เนื่องจากไม่มีสินค้าเพียงพอตอนแพ็ก | N34: ของเคลม Facebook , Facebook Live ไม่ทราบเหตุผล | O34: 1
A35: 33 | B35: EOG11 | C35: ชื่อผู้รับ น.ส.จันทร์จิรา ไชยะมณี | D35: facebook | F35: EMS | G35: 27/12/2024 13:56 | H35: 0 | I35: TH04036MS1E32A1 | J35: 45 | K35: ของเคลม LAZADA เนื่องจากสินค้าไม่มี | L35: เคลมลาซาด้า ของไม่มีเลยส่งตาม 953313659709173 | N35: ของเคลม Tiktok เนื่องจากลูกค้าได้รับสินค้าไม่ครบ
A36: 34 | B36: EOG12 | C36: อรวรรณ หน่อทอง | D36: facebook | F36: EMS | G36: 27/12/2024 13:57 | H36: 0 | I36: TH09046MRZJT4B | J36: 45 | K36: ของเคลม Tiktok เนื่องจากสินค้าไม่มี | L36: เคลม TIKTOK ออเดอร์ EMI9เนื่องจากตอนแพ็กมีสินค้าไม่เพียงพอ | N36: ของเคลม Tiktok เนื่องจากลูกค้าได้รับสินค้าผิดไม่ตรงตามที่สั่ง
A37: 35 | B37: EOG31 | C37: สายพิณ พรหมศิริ | D37: facebook | E37: Saipin Promsiri | F37: EMS | G37: 27/12/2024 16:03 | H37: 0 | I37: TH24046MRZJU4J | J37: 45 | K37: ของเคลม Facebook , Facebook Live ไม่ทราบเหตุผล | N37: ของเคลม Tiktok เนื่องจากลูกค้าไม่ได้รับสินค้า
A38: 36 | B38: EOG46 | C38: คุณสุรัตน์ดา เสลี่ยงรังษี | D38: facebook | F38: EMS | G38: 27/12/2024 17:28 | H38: 0 | I38: TH15066MRZJZ6C | J38: 45 | K38: ของเคลม LAZADA เนื่องจากสินค้าไม่มี | L38: เคลม ลาซาด้า เลขออเดอร์ : 959952197586011(เนื่องจากตอนแพ็กมีสินค้าไม่เพียงพอ) | N38: ของเคลม TikTok เนื่องจากสินค้าเสียหายจากการขนส่ง | O38: 2
A39: 37 | B39: EOH93 | C39: วราพร ปังคานนท์ | D39: other | F39: EMS | G39: 28/12/2024 13:07 | H39: 0 | I39: TH63036MT8666A | J39: 45 | K39: ของเคลม LAZADA เนื่องจากสินค้าไม่มี | L39: เคลม ช็อปปี้ 241220BR199XA2(เนื่องจากตอนแพ็กมีสินค้าไม่เพียงพอ) | N39: ของเคลม TikTok เนื่องจากสินค้าเน่าเสียก่อนวันหมดอายุที่แจ้งข้างกล่อง
A40: 38 | B40: EOH94 | C40: คุณกิจ คุณประกิจ มีวงค์ | D40: facebook | F40: EMS | G40: 28/12/2024 13:08 | H40: 0 | I40: TH63106MT8671A | J40: 45 | K40: ของเคลม LAZADA เนื่องจากสินค้าไม่มี | L40: เคลม ลาซาด้า ออเดอร์ : 952491225916738 (เนื่องจากสินค้าที่แพ็กไม่เพียงพอ) | N40: ของเคลม Tiktok เนื่องจากสินค้ามีรสชาติขม รสชาติ สีของขนม ผิดปกติ
A41: 39 | B41: EOH96 | C41: นัฐพร สุขสมบัติ | D41: facebook | F41: EMS | G41: 28/12/2024 13:14 | H41: 0 | I41: TH15016MT8675K | J41: 45 | K41: ของเคลม LAZADA เนื่องจากสินค้าไม่มี | L41: เคลม ลาซาด้า ออเดอร์ : 953905041065414 (เนื่องจากสินค้าที่แพ็กไม่เพียงพอ) | N41: ของเคลม Tiktok เนื่องจากสินค้าไม่มี | O41: 1
A42: 40 | B42: EOH99 | C42: จูน | D42: facebook | F42: EMS | G42: 28/12/2024 13:15 | H42: 0 | I42: TH64096MT8682B | J42: 45 | K42: ของเคลม LAZADA เนื่องจากสินค้าไม่มี | L42: เคลม ลาซาด้า เลขออเดอร์ : 952926001972042 (เนื่องจากสินค้าที่แพ็กไม่เพียงพอ) | N42: ของเคลม Tiktok ไม่ทราบเหตุผล
A43: 41 | B43: EOM29 | C43: มิ้น | D43: facebook | F43: EMS | G43: 29/12/2024 10:22 | H43: 0 | I43: TH03056MX2U62B | J43: 45 | K43: ของเคลม LAZADA เนื่องจากลูกค้าได้รับสินค้าไม่ครบ | L43: เคลม ลาซาด้า ออเดอร์ 959726570524124**ชิฟฟ่อนยอดฮิต 1 กล่อง** | N43: ของเคลม ไปรษณีย์ เนื่องจากลูกค้าได้รับสินค้าไม่ครบ
A44: 42 | B44: EOM33 | C44: ตั๊ก วรกมล | D44: facebook | F44: EMS | G44: 29/12/2024 10:23 | H44: 0 | I44: TH46016MX2U71D | J44: 45 | K44: ของเคลม Shopee เนื่องจากสินค้าไม่มี | L44: เคลม ช็อปปี้ 241221D5F86CD5(เนื่องจากสินค้าที่แพ็กไม่เพียงพอ) | N44: ของเคลม ไปรษณีย์ เนื่องจากลูกค้าได้รับสินค้าผิดไม่ตรงตามที่สั่ง
A45: 43 | B45: EOM35 | C45: จอมทัพ | D45: facebook | F45: EMS | G45: 29/12/2024 10:24 | H45: 0 | I45: TH01116MX2UB1A | J45: 45 | K45: ของเคลม LAZADA เนื่องจากสินค้าไม่มี | L45: เคลมลาซาด้า เลขออเดอร์ : 959876164488791เนื่องจากสินค้าที่แพ็กไม่เพียงพอ) | N45: ของเคลม ไปรษณีย์ เนื่องจากลูกค้าไม่ได้รับสินค้า
A46: 44 | B46: EOM37 | C46: อชิรญา บุญเส็ง | D46: facebook | F46: EMS | G46: 29/12/2024 10:25 | H46: 0 | I46: TH05066MX2UB6F | J46: 45 | K46: ของเคลม Shopee เนื่องจากสินค้าไม่มี | L46: เคลม ช็อปปี้ 241222F9KNW2XBเนื่องจากสินค้าที่แพ็กไม่เพียงพอ | N46: ของเคลม ไปรษณีย์ เนื่องจากสินค้าเสียหายจากการขนส่ง
A47: 45 | B47: EOM38 | C47: สุชานาถ แสนอุด | D47: facebook | F47: EMS | G47: 29/12/2024 10:26 | H47: 0 | I47: TH41096MX2UE5F | J47: 45 | K47: ของเคลม Shopee เนื่องจากสินค้าไม่มี | L47: ช้อปปี้ เลขออเดอร์ 241221EA4CNBJ7**สินค้าหมด** | N47: ของเคลม ไปรษณีย์ เนื่องจากสินค้าเน่าเสียก่อนวันหมดอายุที่แจ้งข้างกล่อง
A48: 46 | B48: EON21 | C48: ชื่อผู้รับ พิมพ์ภัทรา ศักดิ์ศิธนากุล | D48: facebook | F48: EMS | G48: 29/12/2024 11:49 | H48: 0 | I48: TH14016MX2UT0P | J48: 45 | K48: ของเคลม LAZADA เนื่องจากสินค้าไม่มี | L48: เคลมลาซาด้า สินค้าไม่มี 959255375537417 | N48: ของเคลม ไปรษณีย์ เนื่องจากสินค้ามีรสชาติขม รสชาติ สีของขนม ผิดปกติ
A49: 47 | B49: EOS61 | C49: สาม นนทิยา | D49: facebook | E49: สาม นนทิยา | F49: EMS | G49: 30/12/2024 09:55 | H49: 0 | I49: TH64016N0YCD1C | J49: 45 | K49: ของเคลม LAZADA เนื่องจากลูกค้าได้รับสินค้าไม่ครบ | L49: เคลมเนื่องจากลูกค้าได้ของผิดไปแล้วตีกลับมาแล้ว | N49: ของเคลม ไปรษณีย์ เนื่องจากสินค้าไม่มี
A50: 48 | B50: EPC47 | C50: สุมาลี พินทอง | D50: facebook | F50: EMS | G50: 31/12/2024 16:40 | H50: 0 | I50: TH66036N2PRE2B | J50: 45 | K50: ของเคลม LAZADA เนื่องจากลูกค้าได้รับสินค้าไม่ครบ | L50: เคลมลาซาด้า เลขคำสั่งซื้อ : 959937306019069เคลมชิฟฟ่อนยอดฮิต 3 กล่อง | N50: ของเคลม ไปรษณีย์ ไม่ทราบเหตุผล
A51: 49 | B51: EPC49 | C51: ชื่อผู้รับ ณิฎา คำไอ่ | D51: facebook | F51: EMS | G51: 31/12/2024 16:41 | H51: 0 | I51: TH37106N2PRE3A | J51: 45 | K51: ของเคลม LAZADA เนื่องจากลูกค้าได้รับสินค้าไม่ครบ | L51: เคลมลาซาด้า ของไม่มี 959474569575999 | N51: ของเคลม ตัวแทนเส้น
A52: 50 | B52: EPC50 | C52: นวัตมน เทพนิมิตร | D52: facebook | F52: EMS | G52: 31/12/2024 16:42 | H52: 0 | I52: TH64206N2PRE4C | J52: 45 | K52: ของเคลม LAZADA เนื่องจากลูกค้าได้รับสินค้าไม่ครบ | L52: เคลม ลาซาด้า เลขคำสั่งซื้อ : 953388826250363เคลมชิฟฟ่อนยอดฮิต 1 กล่อง | N52: ของเคลม เนื่องจากสินค้ามีรสชาติไม่ปกติ (ขม)
A53: 51 | B53: EPC52 | C53: บัวบล ชัยวงศ์ | D53: facebook | F53: EMS | G53: 31/12/2024 16:43 | H53: 0 | I53: TH37126N2PRE6I | J53: 45 | K53: ของเคลม LAZADA เนื่องจากสินค้าไม่มี | L53: เคลม ลาซาด้า เลขคำสั่งซื้อ : 952644225075619(เนื่องจากสินค้าที่แพ็กไม่เพียงพอ) | N53: เคลมลูกค้านัดรับ เส้น
A54: 52 | B54: EPC55 | C54: เสาวนีย์ กะดิรัตน์ | D54: facebook | F54: EMS | G54: 31/12/2024 16:46 | H54: 0 | I54: TH73026N2PRE8A | J54: 45 | K54: ของเคลม LAZADA เนื่องจากสินค้าไม่มี | L54: เคลม ลาซาด้า เลขคำสั่งซื้อ : 952849866924553(เนื่องจากสินค้าที่แพ็กไม่เพียงพอ) | N54: เคลมสินค้าเนื่องจากกล่องชำรุด เสียหาย
I55: รวมยอดเสียหายค่าขนส่งเพิ่มเติม | J55: =SUM(J3:J54) -> 2116 | K55: บาท | N55: เคลมเนื่องจากส่งสินค้าผิด
N56: ไม่ทราบสาเหตุ
O57: =SUM(O3:O56) -> 52

Sheet ธ.ค. ยกเลิก
A1: สรุปรายการยกเลิกออเดอร์ ที่ออกเลขที่ออเดอร์แล้ว (เนื่องจากลูกค้าเอฟในไลฟ์สดแล้วไม่ยืนยันออเดอร์) เดือนธันวาคม 2567
A2: ลำดับ | B2: เลขที่ออเดอร์ | C2: ชื่อ | D2: ช่องทางติดต่อ | E2: ชื่อตามช่องทางติดต่อ | F2: ขนส่ง | G2: วันที่สร้าง | H2: ยอดขาย | I2: หมายเหตุ
A3: 1 | B3: EKE93 | D3: Facebook Live | E3: เต็ม เต็ม | F3: EMS | G3: 13/12/2024 10:47 | H3: 120
A4: 2 | B4: EJW11 | C4: ส******​ | D4: Shopee | E4: rat3141 | G4: 12/12/2024 00:36 | H4: 636
A5: 3 | B5: EKE93 | D5: Facebook Live | E5: เต็ม เต็ม | F5: EMS | G5: 13/12/2024 10:47 | H5: 120
A6: 4 | B6: EKE92 | C6: ลักษณวตี นามศรี | D6: Lazada | F6: Kerry_dropoff | G6: 13/12/2024 10:47 | H6: 154.8
A7: 5 | B7: EKO41 | C7: น***แทททู | D7: Tiktok | E7: 7494052928168232555 | F7: J&T Express | G7: 14/12/2024 11:36 | H7: 180
A8: 6 | B8: EKO97 | C8: k***ม | D8: Tiktok | E8: 7495529006722222883 | F8: J&T Express | G8: 14/12/2024 12:54 | H8: 150
A9: 7 | B9: EKP49 | C9: รัชนก เจริญผล | D9: Lazada | F9: Kerry_dropoff | G9: 14/12/2024 14:52 | H9: 478.4
A10: 8 | B10: EKP50 | C10: ป***ญาภรณ์ ศ***ันทร์ | D10: Tiktok | E10: 7494791606773385265 | F10: J&T Express | G10: 14/12/2024 14:54 | H10: 66
A11: 9 | B11: EKP86 | C11: ส***ตรา | D11: Tiktok | E11: 7494786027287906480 | F11: J&T Express | G11: 14/12/2024 15:40 | H11: 150
A12: 10 | B12: EKQ26 | C12: ร******M | D12: Shopee | E12: rattanaporn10684 | G12: 14/12/2024 18:10 | H12: 236
A13: 11 | B13: EKQ97 | C13: อ***อิ๋ง​ ป***ติ | D13: Tiktok | E13: 7495428167976782192 | F13: J&T Express | G13: 14/12/2024 21:38 | H13: 145
A14: 12 | B14: EKR33 | C14: CCM Mary | D14: Lazada | F14: Kerry_dropoff | G14: 14/12/2024 22:59 | H14: 140
A15: 13 | B15: EKR52 | C15: ศ******ี | D15: Shopee | E15: goodsupakarn | G15: 14/12/2024 23:39 | H15: 268
A16: 14 | B16: EKR53 | C16: ธิราวรรณ เหล่าทองสาร | D16: Lazada | F16: Kerry_dropoff | G16: 14/12/2024 23:40 | H16: 285.66
A17: 15 | B17: ELI36 | C17: มินตรา ศรีวิรัตน์ | D17: Lazada | F17: Kerry_dropoff | G17: 18/12/2024 05:41 | H17: 63.97
A18: 16 | B18: ELO10 | C18: konnit mee | D18: Lazada | F18: Kerry_dropoff | G18: 18/12/2024 20:04 | H18: 87.97
A19: 17 | B19: ELO27 | C19: อ******ว | D19: Shopee | E19: cs4n_2a2aa | G19: 18/12/2024 20:26 | H19: 456
A20: 18 | B20: ELO32 | C20: ฉ******ะ | D20: Shopee | E20: yju73f9hoa | G20: 18/12/2024 20:31 | H20: 114
A21: 19 | B21: ELO39 | C21: น******ว | D21: Shopee | E21: udorntit | G21: 18/12/2024 20:46 | H21: 181
A22: 20 | B22: ELO96 | C22: M***ah | D22: Tiktok | E22: 7494750478699104938 | F22: J&T Express | G22: 18/12/2024 22:49 | H22: 399
A23: 21 | B23: EMF16 | C23: 0863993214 | D23: Lazada | F23: Kerry_dropoff | G23: 20/12/2024 21:34 | H23: 571.21
A24: 22 | B24: EMF30 | C24: 0863993214 | D24: Lazada | F24: Kerry_dropoff | G24: 20/12/2024 21:39 | H24: 514.07
A25: 23 | B25: EMM17 | C25: ต***นซ์ เ***เซ | D25: Tiktok | E25: 7494370671035714267 | F25: J&T Express | G25: 21/12/2024 15:01 | H25: 200
A26: 24 | B26: EMM81 | C26: ช*** อ***พันธ์ | D26: Tiktok | E26: 7494051389371878760 | F26: J&T Express | G26: 21/12/2024 16:29 | H26: 200
A27: 25 | B27: EMN29 | C27: W******t | D27: Shopee | E27: waraporn_59 | G27: 21/12/2024 17:55 | H27: 224
A28: 26 | B28: EMN81 | C28: ก******ี | D28: Shopee | E28: fff37v9id0 | G28: 21/12/2024 18:58 | H28: 196
A29: 27 | B29: EMO33 | C29: น***า..แต้มทอง | D29: Tiktok | E29: 7494069101978027580 | F29: J&T Express | G29: 21/12/2024 19:43 | H29: 200
A30: 28 | B30: EMO68 | C30: นิรชร แสงรังสี | D30: Lazada | F30: Kerry_dropoff | G30: 21/12/2024 20:19 | H30: 151.33
A31: 29 | B31: EMO88 | C31: อ******ย | D31: Shopee | E31: smild_aw | G31: 21/12/2024 20:32 | H31: 320
A32: 30 | B32: EMO91 | C32: น******์ | D32: Shopee | E32: smild_aw | G32: 21/12/2024 20:38 | H32: 259
A33: 31 | B33: EMP72 | C33: เล็ก | D33: Lazada | F33: Kerry_dropoff | G33: 21/12/2024 22:57 | H33: 106.91
A34: 32 | B34: EMP85 | C34: จ***พงศ์ | D34: Tiktok | E34: 7494008725295170604 | F34: J&T Express | G34: 21/12/2024 23:27 | H34: 106
A35: 33 | B35: EMP96 | C35: ภ***วดี จ***เย็น | D35: Tiktok | E35: 7494006913694533046 | F35: J&T Express | G35: 21/12/2024 23:55 | H35: 129
A36: 34 | B36: EKE92 | C36: ลักษณวตี นามศรี | D36: Lazada | F36: Kerry_dropoff | G36: 13/12/2024 10:47 | H36: 154.8 | L36: 5 | M36: 0 | N36: 949445234794894
A37: 35 | B37: EKO41 | C37: น***แทททู | D37: Tiktok | E37: 7494052928168232555 | F37: J&T Express | G37: 14/12/2024 11:36 | H37: 180 | L37: 0 | M37: 0 | N37: 579761121031981675
A38: 36 | B38: EKO97 | C38: k***ม | D38: Tiktok | E38: 7495529006722222883 | F38: J&T Express | G38: 14/12/2024 12:54 | H38: 150 | L38: 0 | M38: 0 | N38: 579761453882968867
A39: 37 | B39: EKP49 | C39: รัชนก เจริญผล | D39: Lazada | F39: Kerry_dropoff | G39: 14/12/2024 14:52 | H39: 478.4 | L39: 29 | M39: 0 | N39: 950045632510422
A40: 38 | B40: EKP50 | C40: ป***ญาภรณ์ ศ***ันทร์ | D40: Tiktok | E40: 7494791606773385265 | F40: J&T Express | G40: 14/12/2024 14:54 | H40: 66 | L40: 6 | M40: 0 | N40: 579761867468146737
A41: 39 | B41: EKP86 | C41: ส***ตรา | D41: Tiktok | E41: 7494786027287906480 | F41: J&T Express | G41: 14/12/2024 15:40 | H41: 150 | L41: 0 | M41: 0 | N41: 579762010646481072
A42: 40 | B42: EKQ26 | C42: ร******M | D42: Shopee | E42: rattanaporn10684 | G42: 14/12/2024 18:10 | H42: 236 | L42: 38 | M42: 36 | N42: 241214SDTPK12R
A43: 41 | B43: EKQ97 | C43: อ***อิ๋ง​ ป***ติ | D43: Tiktok | E43: 7495428167976782192 | F43: J&T Express | G43: 14/12/2024 21:38 | H43: 145 | L43: 45 | M43: 0 | N43: 579763446067136880
A44: 42 | B44: EKR33 | C44: CCM Mary | D44: Lazada | F44: Kerry_dropoff | G44: 14/12/2024 22:59 | H44: 140 | L44: 45 | M44: 0 | N44: 956892714996174
A45: 43 | B45: EKR52 | C45: ศ******ี | D45: Shopee | E45: goodsupakarn | G45: 14/12/2024 23:39 | H45: 268 | L45: 29 | M45: 45 | N45: 241215T05XRKSE
A46: 44 | B46: EKR53 | C46: ธิราวรรณ เหล่าทองสาร | D46: Lazada | F46: Kerry_dropoff | G46: 14/12/2024 23:40 | H46: 285.66 | L46: 4 | M46: 0 | N46: 956871784485869
A47: 45 | B47: ELI36 | C47: มินตรา ศรีวิรัตน์ | D47: Lazada | F47: Kerry_dropoff | G47: 18/12/2024 05:41 | H47: 63.97 | L47: 5 | M47: 0 | N47: 958115746233162
A48: 46 | B48: ELO10 | C48: konnit mee | D48: Lazada | F48: Kerry_dropoff | G48: 18/12/2024 20:04 | H48: 87.97 | L48: 29 | M48: 0 | N48: 958421317656104
A49: 47 | B49: ELO27 | C49: อ******ว | D49: Shopee | E49: cs4n_2a2aa | G49: 18/12/2024 20:26 | H49: 456 | L49: 38 | M49: 59 | N49: 2412186KX20TFJ
A50: 48 | B50: ELO32 | C50: ฉ******ะ | D50: Shopee | E50: yju73f9hoa | G50: 18/12/2024 20:31 | H50: 114 | L50: 29 | M50: 22 | N50: 2412186M6X5KAE
A51: 49 | B51: ELO39 | C51: น******ว | D51: Shopee | E51: udorntit | G51: 18/12/2024 20:46 | H51: 181 | L51: 0 | M51: 32 | N51: 2412186N2WPAET
A52: 50 | B52: ELO96 | C52: M***ah | D52: Tiktok | E52: 7494750478699104938 | F52: J&T Express | G52: 18/12/2024 22:49 | H52: 399 | L52: 64 | M52: 0 | N52: 579778636276206250
A53: 51 | B53: EMF16 | C53: 0863993214 | D53: Lazada | F53: Kerry_dropoff | G53: 20/12/2024 21:34 | H53: 571.21 | L53: 64 | M53: 0 | N53: 959258318404286
A54: 52 | B54: EMF30 | C54: 0863993214 | D54: Lazada | F54: Kerry_dropoff | G54: 20/12/2024 21:39 | H54: 514.07 | L54: 5 | M54: 0 | N54: 959229196104286
A55: 53 | B55: EMM17 | C55: ต***นซ์ เ***เซ | D55: Tiktok | E55: 7494370671035714267 | F55: J&T Express | G55: 21/12/2024 15:01 | H55: 200 | L55: 0 | M55: 0 | N55: 579787387976321755
A56: 54 | B56: EMM81 | C56: ช*** อ***พันธ์ | D56: Tiktok | E56: 7494051389371878760 | F56: J&T Express | G56: 21/12/2024 16:29 | H56: 200 | L56: 0 | M56: 0 | N56: 579787635516279144
A57: 55 | B57: EMN29 | C57: W******t | D57: Shopee | E57: waraporn_59 | G57: 21/12/2024 17:55 | H57: 224 | L57: 29 | M57: 31 | N57: 241221DVVMAH6T
A58: 56 | B58: EMN81 | C58: ก******ี | D58: Shopee | E58: fff37v9id0 | G58: 21/12/2024 18:58 | H58: 196 | L58: 0 | M58: 31 | N58: 241221E0DUDD6C
A59: 57 | B59: EMO33 | C59: น***า..แต้มทอง | D59: Tiktok | E59: 7494069101978027580 | F59: J&T Express | G59: 21/12/2024 19:43 | H59: 200 | L59: 0 | M59: 0 | N59: 579788244851329596
A60: 58 | B60: EMO68 | C60: นิรชร แสงรังสี | D60: Lazada | F60: Kerry_dropoff | G60: 21/12/2024 20:19 | H60: 151.33 | L60: 5 | M60: 0 | N60: 959631122732247
A61: 59 | B61: EMO88 | C61: อ******ย | D61: Shopee | E61: smild_aw | G61: 21/12/2024 20:32 | H61: 320 | L61: 48 | M61: 45 | N61: 241221E5PJ423A
A62: 60 | B62: EMO91 | C62: น******์ | D62: Shopee | E62: smild_aw | G62: 21/12/2024 20:38 | H62: 259 | L62: 48 | M62: 35 | N62: 241221E60WY5MJ
A63: 61 | B63: EMP72 | C63: เล็ก | D63: Lazada | F63: Kerry_dropoff | G63: 21/12/2024 22:57 | H63: 106.91 | L63: 5 | M63: 0 | N63: 959668960768008
A64: 62 | B64: EMP85 | C64: จ***พงศ์ | D64: Tiktok | E64: 7494008725295170604 | F64: J&T Express | G64: 21/12/2024 23:27 | H64: 106 | L64: 6 | M64: 0 | N64: 579789159424297004
A65: 63 | B65: EMP96 | C65: ภ***วดี จ***เย็น | D65: Tiktok | E65: 7494006913694533046 | F65: J&T Express | G65: 21/12/2024 23:55 | H65: 129 | L65: 29 | M65: 0 | N65: 579789230014368182
A66: 64 | B66: EMW84 | C66: B***er | D66: Tiktok | E66: 7494794150441094118 | F66: J&T Express | G66: 22/12/2024 13:26 | H66: 330 | L66: 0 | M66: 0 | N66: 579790739252349926
A67: 65 | B67: EMX79 | C67: ส***ฐินี ส***สังข์ | D67: Tiktok | E67: 7494017520551954426 | F67: J&T Express | G67: 22/12/2024 14:00 | H67: 155 | L67: 0 | M67: 0 | N67: 579790851556740090
A68: 66 | B68: EMY95 | C68: น*** จ***รวรรณ ค***ล | D68: Tiktok | E68: 7494072217858770189 | F68: J&T Express | G68: 22/12/2024 15:11 | H68: 350 | L68: 0 | M68: 0 | N68: 579791095287220493
A69: 67 | B69: EMZ36 | C69: คุณอุษา ไทรสลุง | D69: facebook | E69: Chopetch Seethong | F69: EMS COD | G69: 22/12/2024 15:43 | H69: 1068 | L69: 35 | M69: 0 | N69: -
A70: 68 | B70: EMZ42 | C70: ณ******ฬ | D70: Shopee | E70: fem5555 | G70: 22/12/2024 15:47 | H70: 636 | L70: 48 | M70: 95 | N70: 241222G67TTMNN
A71: 69 | B71: EMZ69 | C71: ว******ง | D71: Shopee | E71: gc119oyeik | G71: 22/12/2024 16:14 | H71: 238 | L71: 38 | M71: 34 | N71: 241222G7QPCMWU
A72: 70 | B72: ENA81 | C72: พ******ว | D72: Shopee | E72: pitcha1610 | G72: 22/12/2024 18:33 | H72: 385 | L72: 38 | M72: 57 | N72: 241222GFGCTF3T
A73: 71 | B73: ENA95 | C73: น***าวลำปาง ศ***จ่ม | D73: Tiktok | E73: 7495505549732711138 | F73: J&T Express | G73: 22/12/2024 19:01 | H73: 210 | L73: 0 | M73: 0 | N73: 579791791012809442
A74: 72 | B74: ENB12 | C74: กมนวรรณ เฟื่องจันทร์ | D74: Lazada | F74: Kerry_dropoff | G74: 22/12/2024 19:18 | H74: 94.49 | L74: 5 | M74: 0 | N74: 959979310596790
A75: 73 | B75: ENB47 | C75: นิรชร แสงรังสี | D75: Lazada | F75: Kerry_dropoff | G75: 22/12/2024 20:02 | H75: 148.25 | L75: 5 | M75: 0 | N75: 953280602132247
A76: 74 | B76: ENB89 | C76: คุณมานัส เหรา | D76: Lazada | F76: Kerry_dropoff | G76: 22/12/2024 21:00 | H76: 581.31 | L76: 64 | M76: 0 | N76: 960008549604286
A77: 75 | B77: ENC69 | C77: พ******า | D77: Shopee | E77: panida40 | G77: 22/12/2024 23:09 | H77: 238 | L77: 38 | M77: 38 | N77: 241223GXX0G0R1
A78: 76 | B78: ENC82 | C78: ภ******ง | D78: Shopee | E78: pom300636 | G78: 22/12/2024 23:52 | H78: 276 | L78: 48 | M78: 43 | N78: 241223H19UMH7S
A79: 77 | B79: END3 | C79: นิรชร แสงรังสี | D79: Lazada | F79: Kerry_dropoff | G79: 23/12/2024 00:51 | H79: 144.81 | L79: 5 | M79: 0 | N79: 953345666032247
A80: 78 | B80: END2 | C80: นิรชร แสงรังสี | D80: Lazada | F80: Kerry_dropoff | G80: 23/12/2024 00:51 | H80: 137.55 | L80: 5 | M80: 0 | N80: 960057982932247
A81: 79 | B81: END33 | C81: วิชุดา สงเคราะห์ธรรม | D81: Lazada | F81: Kerry_dropoff | G81: 23/12/2024 03:26 | H81: 211.03 | L81: 45 | M81: 0 | N81: 960066374628944
A82: 80 | B82: ENE20 | C82: นัยนา มุ่งเจริญ | D82: Lazada | F82: Kerry_dropoff | G82: 23/12/2024 08:29 | H82: 108.35 | L82: 0 | M82: 0 | N82: 953410821340040
A83: 81 | B83: ENH26 | C83: บ***า ภ***องทอง | D83: Tiktok | E83: 7495620817870031056 | F83: J&T Express | G83: 23/12/2024 11:44 | H83: 255 | L83: 45 | M83: 0 | N83: 579794046270802128
A84: 82 | B84: ENH68 | C84: พ***์สินี ก***นด่านกลาง | D84: Tiktok | E84: 7494755831260940318 | F84: J&T Express | G84: 23/12/2024 12:13 | H84: 804 | L84: 104 | M84: 0 | N84: 579794195845187614
A85: 83 | B85: ENH94 | C85: ก******ล | D85: Shopee | E85: kanjanaboonampon | G85: 23/12/2024 12:20 | H85: 437 | L85: 48 | M85: 69 | N85: 241223JAXK0NST
A86: 84 | B86: ENI50 | C86: ค******น | D86: Shopee | E86: d73hbz4i4x | G86: 23/12/2024 12:50 | H86: 100 | L86: 0 | M86: 15 | N86: 241223JCSJ9PR8
A87: 85 | B87: ENI81 | C87: บ***ลิศ | D87: Tiktok | E87: 7494917552409774932 | F87: J&T Express | G87: 23/12/2024 13:07 | H87: 111 | L87: 6 | M87: 0 | N87: 579794406367857492
A88: 86 | B88: ENJ21 | C88: พรสุดา ชุ่มพระ | D88: facebook | E88: Pornsuda Chumpra | F88: EMS COD | G88: 23/12/2024 13:49 | H88: 535 | L88: 35 | M88: 0 | N88: -
A89: 87 | B89: ENJ33 | C89: ก***ะภา ช***ุวรรณ | D89: Tiktok | E89: 7494278229833648178 | F89: J&T Express | G89: 23/12/2024 13:55 | H89: 210 | L89: 0 | M89: 0 | N89: 579794554184960050
A90: 88 | B90: ENJ43 | C90: ธ******ย | D90: Shopee | E90: tanaphatphomnoi | G90: 23/12/2024 14:25 | H90: 50 | L90: 0 | M90: 8 | N90: 241223JHQJQC5K
A91: 89 | B91: ENK53 | C91: อรุโณทัย เกิดเชื้อ | D91: Lazada | F91: Kerry_dropoff | G91: 23/12/2024 16:01 | H91: 184.23 | L91: 45 | M91: 0 | N91: 953551095909516
A92: 90 | B92: ENK87 | C92: ป***ชาติ ผ*** | D92: Tiktok | E92: 7494018269229713255 | F92: J&T Express | G92: 23/12/2024 16:43 | H92: 200 | L92: 0 | M92: 0 | N92: 579795002986761063
A93: 91 | B93: ENM22 | C93: จ******์ | D93: Shopee | E93: jureeratjj | G93: 23/12/2024 18:46 | H93: 226 | L93: 29 | M93: 33 | N93: 241223K0PQVCNJ
A94: 92 | B94: ENN14 | C94: ณ******์ | D94: Shopee | E94: nattaponputtapong128 | G94: 23/12/2024 20:54 | H94: 107 | L94: 38 | M94: 12 | N94: 241223K7UEA5J6
A95: 93 | B95: ENN48 | C95: คุณมานัส เหรา | D95: Lazada | F95: Kerry_dropoff | G95: 23/12/2024 21:42 | H95: 431.61 | L95: 0 | M95: 0 | N95: 960414370004286
A96: 94 | B96: ENN59 | C96: ศ******ะ | D96: Shopee | E96: ize_berry | G96: 23/12/2024 21:52 | H96: 177 | L96: 0 | M96: 32 | N96: 241223KB3S6WHW
A97: 95 | B97: ENZ77 | C97: เจตริน จันจิตร | D97: Lazada | F97: Kerry_dropoff | G97: 25/12/2024 05:51 | H97: 283.27 | L97: 5 | M97: 0 | N97: 954188631479052
A98: 96 | B98: EOB59 | C98: ฮันนี่ | D98: Lazada | F98: Kerry_dropoff | G98: 25/12/2024 11:06 | H98: 137.55 | L98: 5 | M98: 0 | N98: 954287833440808
A99: 97 | B99: EOB77 | C99: สุมาลี. โกปิยะ | D99: Lazada | F99: Kerry_dropoff | G99: 25/12/2024 11:42 | H99: 63.97 | L99: 5 | M99: 0 | N99: 961004178533025
A100: 98 | B100: EOD81 | C100: ณ******ฬ | D100: Shopee | E100: fem5555 | G100: 26/12/2024 12:35 | H100: 836 | L100: 48 | M100: 128 | N100: 241226SWBDGA0H
...

Sheet พ.ย. เคลม
A1: สรุปรายการส่งของเคลมสินค้า เดือนพฤศจิกายน 2567
A2: ลำดับ | B2: เลขที่ออเดอร์ | C2: ชื่อ | D2: ช่องทางติดต่อ | E2: ชื่อตามช่องทางติดต่อ | F2: ขนส่ง | G2: วันที่สร้าง | H2: ยอดขาย | I2: เลขพัสดุ | J2: ค่าขนส่ง | K2: หมายเหตุ | L2: หมายเหตุ | N2: รายการ | O2: จำนวนออเดอร์
A3: 1 | B3: ECC27 | C3: คุณพรพิมล มะภู่ทอง | D3: phone | E3: Shopee (lekky.pornpimol) | F3: EMS | G3: 01/11/2024 14:37 | H3: 0 | I3: JB117850551TH | J3: 17 | K3: ของเคลม Facebook , Facebook Live ไม่ทราบเหตุผล | N3: ของเคลม LAZADA เนื่องจากลูกค้าได้รับสินค้าไม่ครบ
A4: 2 | B4: ECC38 | D4: Lazchoice | E4: Lazchoice | F4: EMS | G4: 01/11/2024 14:51 | H4: 0 | I4: LBX024766785558966 | J4: 17 | K4: ของเคลม LAZADA ไม่ทราบเหตุผล | N4: ของเคลม LAZADA เนื่องจากลูกค้าได้รับสินค้าผิดไม่ตรงตามที่สั่ง
A5: 3 | B5: ECC41 | D5: Lazchoice | E5: Lazchoice | F5: EMS | G5: 01/11/2024 14:53 | H5: 0 | I5: LBX024766785568325 | J5: 17 | K5: ของเคลม LAZADA ไม่ทราบเหตุผล | N5: ของเคลม LAZADA เนื่องจากลูกค้าไม่ได้รับสินค้า
A6: 4 | B6: ECC68 | C6: กรภัทร อรรถคีรี | D6: facebook | E6: เปาเปา อังเปา | F6: EMS | G6: 01/11/2024 15:28 | H6: 0 | I6: JB117850565TH | J6: 17 | K6: ของเคลม Facebook , Facebook Live ไม่ทราบเหตุผล | N6: ของเคลม LAZADA เนื่องจากสินค้าเสียหายจากการขนส่ง | O6: 1
A7: 5 | B7: ECG69 | D7: Lazchoice | E7: Lazchoice | F7: EMS | G7: 02/11/2024 08:02 | H7: 0 | I7: LBX024766786082134 | J7: 17 | K7: ของเคลม LAZADA ไม่ทราบเหตุผล | N7: ของเคลม LAZADA เนื่องจากสินค้าเน่าเสียก่อนวันหมดอายุที่แจ้งข้างกล่อง
A8: 6 | B8: ECG70 | D8: Lazchoice | E8: Lazchoice | F8: EMS | G8: 02/11/2024 08:05 | H8: 0 | I8: LBX024766786072890 | J8: 17 | K8: ของเคลม LAZADA ไม่ทราบเหตุผล | N8: ของเคลม LAZADA เนื่องจากสินค้ามีรสชาติขม รสชาติ สีของขนม ผิดปกติ
A9: 7 | B9: ECH58 | D9: Lazchoice | E9: Lazchoice | F9: EMS | G9: 02/11/2024 12:09 | H9: 0 | I9: LBX024766786069970 | J9: 17 | K9: ของเคลม LAZADA ไม่ทราบเหตุผล | N9: ของเคลม LAZADA เนื่องจากสินค้าไม่มี
A10: 8 | B10: ECH60 | D10: Lazchoice | E10: Lazchoice | F10: EMS | G10: 02/11/2024 12:11 | H10: 0 | I10: LBX024766786071906 | J10: 17 | K10: ของเคลม LAZADA ไม่ทราบเหตุผล | N10: ของเคลม LAZADA ไม่ทราบเหตุผล | O10: 128
A11: 9 | B11: ECI67 | C11: คุณจิตนา | D11: facebook | F11: EMS | G11: 02/11/2024 14:46 | H11: 0 | I11: JB118037803TH | J11: 17 | K11: ของเคลม Facebook , Facebook Live ไม่ทราบเหตุผล | N11: ของเคลม Shopee เนื่องจากลูกค้าได้รับสินค้าไม่ครบ | O11: 1
A12: 10 | B12: ECP59 | C12: สุวรรณา ดาราไกร | D12: line_oa | E12: ชื่อปัด | F12: EMS | G12: 03/11/2024 15:22 | H12: 0 | I12: JB118209962TH | J12: 17 | K12: ของเคลม Line OA ไม่ทราบเหตุผล | N12: ของเคลม Shopee เนื่องจากลูกค้าได้รับสินค้าผิดไม่ตรงตามที่สั่ง
A13: 11 | B13: ECV9 | D13: Lazchoice | E13: Lazchoice | F13: EMS | G13: 04/11/2024 14:53 | H13: 0 | I13: LBX024766787848959 | J13: 17 | K13: ของเคลม LAZADA ไม่ทราบเหตุผล | N13: ของเคลม Shopee เนื่องจากลูกค้าไม่ได้รับสินค้า
A14: 12 | B14: ECV12 | D14: Lazchoice | E14: Lazchoice | F14: EMS | G14: 04/11/2024 14:55 | H14: 0 | I14: LBX024766787855427 | J14: 17 | K14: ของเคลม LAZADA ไม่ทราบเหตุผล | N14: ของเคลม Shopee เนื่องจากสินค้าเสียหายจากการขนส่ง
A15: 13 | B15: ECV15 | D15: Lazchoice | E15: Lazchoice | F15: EMS | G15: 04/11/2024 14:59 | H15: 0 | I15: LBX024766787849884 | J15: 17 | K15: ของเคลม LAZADA ไม่ทราบเหตุผล | N15: ของเคลม Shopee เนื่องจากสินค้าเน่าเสียก่อนวันหมดอายุที่แจ้งข้างกล่อง
A16: 14 | B16: ECV18 | D16: Lazchoice | E16: Lazchoice | F16: EMS | G16: 04/11/2024 15:02 | H16: 0 | I16: LEXPU0415621302 | J16: 17 | K16: ของเคลม LAZADA ไม่ทราบเหตุผล | N16: ของเคลม Shopee เนื่องจากสินค้ามีรสชาติขม รสชาติ สีของขนม ผิดปกติ
A17: 15 | B17: ECV27 | D17: Lazchoice | E17: Lazchoice | F17: EMS | G17: 04/11/2024 15:07 | H17: 0 | I17: LEXPU0415621112 | J17: 17 | K17: ของเคลม LAZADA ไม่ทราบเหตุผล | N17: ของเคลม Shopee เนื่องจากสินค้าไม่มี
A18: 16 | B18: ECV38 | D18: Lazchoice | E18: Lazchoice | F18: EMS | G18: 04/11/2024 15:18 | H18: 0 | I18: LEXPU0415621859 | J18: 17 | K18: ของเคลม LAZADA ไม่ทราบเหตุผล | N18: ของเคลม Shopee ไม่ทราบเหตุผล
A19: 17 | B19: EDG3 | D19: Lazchoice | E19: Lazchoice | F19: EMS | G19: 06/11/2024 14:07 | H19: 0 | I19: - | J19: 17 | K19: ของเคลม LAZADA ไม่ทราบเหตุผล | N19: ของเคลม Line OA เนื่องจากลูกค้าได้รับสินค้าไม่ครบ
A20: 18 | B20: EDG55 | D20: Lazchoice | E20: Lazchoice | F20: EMS | G20: 06/11/2024 16:00 | H20: 0 | I20: - | J20: 17 | K20: ของเคลม LAZADA ไม่ทราบเหตุผล | N20: ของเคลม Line OA เนื่องจากลูกค้าได้รับสินค้าผิดไม่ตรงตามที่สั่ง
A21: 19 | B21: EDG3 | D21: Lazchoice | E21: Lazchoice | F21: EMS | G21: 06/11/2024 14:07 | H21: 0 | I21: - | J21: 17 | K21: ของเคลม LAZADA ไม่ทราบเหตุผล | N21: ของเคลม Line OA เนื่องจากลูกค้าไม่ได้รับสินค้า
A22: 20 | B22: EDG55 | D22: Lazchoice | E22: Lazchoice | F22: EMS | G22: 06/11/2024 16:00 | H22: 0 | I22: - | J22: 17 | K22: ของเคลม LAZADA ไม่ทราบเหตุผล | N22: ของเคลม Line OA เนื่องจากสินค้าเสียหายจากการขนส่ง | O22: 1
A23: 21 | B23: EDJ35 | D23: Lazchoice | E23: Lazchoice | F23: EMS | G23: 07/11/2024 06:53 | H23: 0 | I23: LEXPU0416606131 | J23: 17 | K23: ของเคลม LAZADA ไม่ทราบเหตุผล | N23: ของเคลม Line OA เนื่องจากสินค้าเน่าเสียก่อนวันหมดอายุที่แจ้งข้างกล่อง
A24: 22 | B24: EDJ36 | D24: Lazchoice | E24: Lazchoice | F24: EMS | G24: 07/11/2024 07:00 | H24: 0 | I24: LBX024766791952941 | J24: 17 | K24: ของเคลม LAZADA ไม่ทราบเหตุผล | N24: ของเคลม Line OA เนื่องจากสินค้ามีรสชาติขม รสชาติ สีของขนม ผิดปกติ
A25: 23 | B25: EDK44 | D25: Lazchoice | E25: Lazchoice | F25: EMS | G25: 07/11/2024 13:20 | H25: 0 | I25: LBX024766792210284 | J25: 17 | K25: ของเคลม LAZADA ไม่ทราบเหตุผล | N25: ของเคลม Line OA เนื่องจากสินค้าไม่มี
A26: 24 | B26: EDN22 | D26: Lazchoice | E26: Lazchoice | F26: EMS | G26: 08/11/2024 09:26 | H26: 0 | I26: LBX024766792865035 | J26: 17 | K26: ของเคลม LAZADA ไม่ทราบเหตุผล | N26: ของเคลม Line OA ไม่ทราบเหตุผล | O26: 2
A27: 25 | B27: EDN64 | D27: Lazchoice | E27: Lazchoice | F27: EMS | G27: 08/11/2024 12:19 | H27: 0 | I27: LBX024766792973126 | J27: 17 | K27: ของเคลม LAZADA ไม่ทราบเหตุผล | N27: ของเคลม Facebook , Facebook Live เนื่องจากลูกค้าได้รับสินค้าไม่ครบ
A28: 26 | B28: EDN66 | D28: Lazchoice | E28: Lazchoice | F28: EMS | G28: 08/11/2024 12:24 | H28: 0 | I28: LBX024766792967603 | J28: 17 | K28: ของเคลม LAZADA ไม่ทราบเหตุผล | N28: ของเคลม Facebook , Facebook Live เนื่องจากลูกค้าได้รับสินค้าผิดไม่ตรงตามที่สั่ง
A29: 27 | B29: EDX3 | C29: Lazchoice | D29: other | E29: Lazchoice | F29: EMS | G29: 10/11/2024 09:20 | H29: 0 | I29: LEXPU0418191982 | J29: 17 | K29: ของเคลม LAZADA ไม่ทราบเหตุผล | N29: ของเคลม Facebook , Facebook Live เนื่องจากลูกค้าไม่ได้รับสินค้า
A30: 28 | B30: EDX8 | C30: Lazchoice | D30: other | E30: Lazchoice | F30: EMS | G30: 10/11/2024 09:24 | H30: 0 | I30: LBX024766794737620 | J30: 17 | K30: ของเคลม LAZADA ไม่ทราบเหตุผล | N30: ของเคลม Facebook , Facebook Live เนื่องจากสินค้าเสียหายจากการขนส่ง
A31: 29 | B31: EDX13 | C31: Lazchoice | D31: other | E31: Lazchoice | F31: EMS | G31: 10/11/2024 09:27 | H31: 0 | I31: BSTPU041747995 | J31: 17 | K31: ของเคลม LAZADA ไม่ทราบเหตุผล | N31: ของเคลม Facebook , Facebook Live เนื่องจากสินค้าเน่าเสียก่อนวันหมดอายุที่แจ้งข้างกล่อง
A32: 30 | B32: EDX15 | C32: Lazchoice | D32: other | E32: Lazchoice | F32: EMS | G32: 10/11/2024 09:29 | H32: 0 | I32: 22775015199 | J32: 17 | K32: ของเคลม LAZADA ไม่ทราบเหตุผล | N32: ของเคลม Facebook , Facebook Live เนื่องจากสินค้ามีรสชาติขม รสชาติ สีของขนม ผิดปกติ
A33: 31 | B33: EDX16 | C33: Lazchoice | D33: other | E33: Lazchoice | F33: EMS | G33: 10/11/2024 09:30 | H33: 0 | I33: 22775015199 | J33: 17 | K33: ของเคลม LAZADA ไม่ทราบเหตุผล | N33: ของเคลม Facebook , Facebook Live เนื่องจากสินค้าไม่มี
A34: 32 | B34: EDX17 | C34: Lazchoice | D34: other | E34: Lazchoice | F34: EMS | G34: 10/11/2024 09:31 | H34: 0 | I34: LBX024766794733802 | J34: 17 | K34: ของเคลม LAZADA ไม่ทราบเหตุผล | N34: ของเคลม Facebook , Facebook Live ไม่ทราบเหตุผล | O34: 3
A35: 33 | B35: EDX19 | C35: Lazchoice | D35: other | E35: Lazchoice | F35: EMS | G35: 10/11/2024 09:33 | H35: 0 | I35: LBX024766794736667 | J35: 17 | K35: ของเคลม LAZADA ไม่ทราบเหตุผล | N35: ของเคลม Tiktok เนื่องจากลูกค้าได้รับสินค้าไม่ครบ | O35: 3
A36: 34 | B36: EDX22 | C36: Lazchoice | D36: other | E36: Lazchoice | F36: EMS | G36: 10/11/2024 09:34 | H36: 0 | I36: LBX024766794736665 | J36: 17 | K36: ของเคลม LAZADA ไม่ทราบเหตุผล | N36: ของเคลม Tiktok เนื่องจากลูกค้าได้รับสินค้าผิดไม่ตรงตามที่สั่ง
A37: 35 | B37: EDX27 | C37: Lazchoice | D37: other | E37: Lazchoice | F37: EMS | G37: 10/11/2024 09:36 | H37: 0 | I37: LBX024766794740344 | J37: 17 | K37: ของเคลม LAZADA ไม่ทราบเหตุผล | N37: ของเคลม Tiktok เนื่องจากลูกค้าไม่ได้รับสินค้า
A38: 36 | B38: EDX28 | D38: Lazchoice | E38: Lazchoice | F38: EMS | G38: 10/11/2024 09:37 | H38: 0 | I38: LEXPU0418221933 | J38: 17 | K38: ของเคลม LAZADA ไม่ทราบเหตุผล | N38: ของเคลม TikTok เนื่องจากสินค้าเสียหายจากการขนส่ง | O38: 3
A39: 37 | B39: EDX52 | C39: Lazchoice | D39: other | E39: Lazchoice | F39: EMS | G39: 10/11/2024 10:36 | H39: 0 | I39: LBX024766794733801 | J39: 17 | K39: ของเคลม LAZADA ไม่ทราบเหตุผล | N39: ของเคลม TikTok เนื่องจากสินค้าเน่าเสียก่อนวันหมดอายุที่แจ้งข้างกล่อง
A40: 38 | B40: EDX53 | C40: Lazchoice | D40: other | E40: Lazchoice | F40: EMS | G40: 10/11/2024 10:40 | H40: 0 | I40: LBX024766794732853 | J40: 17 | K40: ของเคลม LAZADA ไม่ทราบเหตุผล | N40: ของเคลม Tiktok เนื่องจากสินค้ามีรสชาติขม รสชาติ สีของขนม ผิดปกติ | O40: 4
A41: 39 | B41: EDX54 | C41: Lazchoice | D41: other | E41: Lazchoice | F41: EMS | G41: 10/11/2024 10:42 | H41: 0 | I41: LBX024766794742278 | J41: 17 | K41: ของเคลม LAZADA ไม่ทราบเหตุผล | N41: ของเคลม Tiktok เนื่องจากสินค้าไม่มี
A42: 40 | B42: EDX56 | C42: Lazchoice | D42: other | E42: Lazchoice | F42: EMS | G42: 10/11/2024 10:43 | H42: 0 | I42: LBX024766794736666 | J42: 17 | K42: ของเคลม LAZADA ไม่ทราบเหตุผล | N42: ของเคลม Tiktok ไม่ทราบเหตุผล
A43: 41 | B43: EEC95 | D43: Lazchoice | E43: Lazchoice | F43: EMS | G43: 11/11/2024 09:59 | H43: 0 | I43: LBX024766796392575 | J43: 17 | K43: ของเคลม LAZADA ไม่ทราบเหตุผล | N43: ของเคลม ไปรษณีย์ เนื่องจากลูกค้าได้รับสินค้าไม่ครบ
A44: 42 | B44: EED1 | D44: Lazchoice | E44: Lazchoice | F44: EMS | G44: 11/11/2024 10:03 | H44: 0 | I44: LEXPU0419123478 | J44: 17 | K44: ของเคลม LAZADA ไม่ทราบเหตุผล | N44: ของเคลม ไปรษณีย์ เนื่องจากลูกค้าได้รับสินค้าผิดไม่ตรงตามที่สั่ง
A45: 43 | B45: EED48 | D45: Lazchoice | E45: Lazchoice | F45: EMS | G45: 11/11/2024 10:19 | H45: 0 | I45: LBX024766796435837 | J45: 17 | K45: ของเคลม LAZADA ไม่ทราบเหตุผล | N45: ของเคลม ไปรษณีย์ เนื่องจากลูกค้าไม่ได้รับสินค้า
A46: 44 | B46: EEF73 | C46: อภิรพร บุญสุข | D46: facebook | E46: ติ๊กต๊อก | F46: EMS | G46: 11/11/2024 13:18 | H46: 0 | I46: JB118980252TH | J46: 17 | K46: ของเคลม LAZADA ไม่ทราบเหตุผล | N46: ของเคลม ไปรษณีย์ เนื่องจากสินค้าเสียหายจากการขนส่ง
A47: 45 | B47: EEH23 | D47: Lazchoice | E47: Lazchoice | F47: EMS | G47: 11/11/2024 15:20 | H47: 0 | I47: LBX024766796912490 | J47: 17 | K47: ของเคลม LAZADA ไม่ทราบเหตุผล | N47: ของเคลม ไปรษณีย์ เนื่องจากสินค้าเน่าเสียก่อนวันหมดอายุที่แจ้งข้างกล่อง
A48: 46 | B48: EEM95 | D48: Lazchoice | E48: Lazchoice | F48: EMS | G48: 12/11/2024 08:57 | H48: 0 | I48: BSTPU041763472 | J48: 17 | K48: ของเคลม LAZADA ไม่ทราบเหตุผล | N48: ของเคลม ไปรษณีย์ เนื่องจากสินค้ามีรสชาติขม รสชาติ สีของขนม ผิดปกติ
A49: 47 | B49: EEM98 | D49: Lazchoice | E49: Lazchoice | F49: EMS | G49: 12/11/2024 09:01 | H49: 0 | I49: LBX024766798055810 | J49: 17 | K49: ของเคลม LAZADA ไม่ทราบเหตุผล | N49: ของเคลม ไปรษณีย์ เนื่องจากสินค้าไม่มี
A50: 48 | B50: EEN2 | D50: Lazchoice | E50: Lazchoice | F50: EMS | G50: 12/11/2024 09:06 | H50: 0 | I50: LBX024766798064343 | J50: 17 | K50: ของเคลม LAZADA ไม่ทราบเหตุผล | N50: ของเคลม ไปรษณีย์ ไม่ทราบเหตุผล
A51: 49 | B51: EEN18 | D51: Lazchoice | E51: Lazchoice | F51: EMS | G51: 12/11/2024 09:50 | H51: 0 | I51: BSTPU041764046 | J51: 17 | K51: ของเคลม LAZADA ไม่ทราบเหตุผล | N51: ของเคลม ตัวแทนเส้น
A52: 50 | B52: EEN72 | C52: วรรณวิศา นะรา | D52: facebook | F52: EMS | G52: 12/11/2024 11:24 | H52: 0 | I52: JB119183674TH | J52: 17 | K52: ของเคลม LAZADA ไม่ทราบเหตุผล | N52: ของเคลม เนื่องจากสินค้ามีรสชาติไม่ปกติ (ขม)
A53: 51 | B53: EEN73 | C53: พรนิภา ศรีวรรณ์ | D53: facebook | F53: EMS | G53: 12/11/2024 11:25 | H53: 0 | I53: JB119183665TH | J53: 17 | K53: ของเคลม LAZADA ไม่ทราบเหตุผล | N53: เคลมลูกค้านัดรับ เส้น
A54: 52 | B54: EEW4 | C54: Lazchoice | D54: Lazchoice | E54: Lazchoice | F54: EMS | G54: 14/11/2024 09:56 | H54: 0 | I54: LEXPU0421099479 | J54: 17 | K54: ของเคลม LAZADA ไม่ทราบเหตุผล | N54: เคลมสินค้าเนื่องจากกล่องชำรุด เสียหาย
A55: 53 | B55: EEW6 | C55: Lazchoice | D55: Lazchoice | E55: Lazchoice | F55: EMS | G55: 14/11/2024 09:58 | H55: 0 | I55: LEXPU0421099626 | J55: 17 | K55: ของเคลม LAZADA ไม่ทราบเหตุผล | N55: เคลมเนื่องจากส่งสินค้าผิด
A56: 54 | B56: EEW8 | C56: Lazchoice | D56: Lazchoice | E56: Lazchoice | F56: EMS | G56: 14/11/2024 10:02 | H56: 0 | I56: LBX024766800196931 | J56: 17 | K56: ของเคลม LAZADA ไม่ทราบเหตุผล | N56: ไม่ทราบสาเหตุ
A57: 55 | B57: EEW9 | C57: Lazchoice | D57: Lazchoice | E57: Lazchoice | F57: EMS | G57: 14/11/2024 10:03 | H57: 0 | I57: LBX024766800205256 | J57: 17 | K57: ของเคลม LAZADA ไม่ทราบเหตุผล | O57: =SUM(O3:O56) -> 146
A58: 56 | B58: EEW10 | C58: Lazchoice | D58: other | E58: Lazchoice | F58: EMS | G58: 14/11/2024 10:04 | H58: 0 | I58: LBX024766800204296 | J58: 17 | K58: ของเคลม LAZADA ไม่ทราบเหตุผล
A59: 57 | B59: EEW12 | C59: Lazchoice | D59: Lazchoice | E59: Lazchoice | F59: EMS | G59: 14/11/2024 10:05 | H59: 0 | I59: LBX024766800286572 | J59: 17 | K59: ของเคลม LAZADA ไม่ทราบเหตุผล
A60: 58 | B60: EEW13 | D60: other | E60: Lazchoice | F60: EMS | G60: 14/11/2024 10:06 | H60: 0 | I60: LBX024766800208141 | J60: 17 | K60: ของเคลม LAZADA ไม่ทราบเหตุผล
A61: 59 | B61: EEW21 | D61: Lazchoice | E61: Lazchoice | F61: EMS | G61: 14/11/2024 11:15 | H61: 0 | I61: LBX024766800286572 | J61: 17 | K61: ของเคลม LAZADA ไม่ทราบเหตุผล
A62: 60 | B62: EEW49 | C62: คุณอ้อย | D62: facebook | F62: EMS | G62: 14/11/2024 13:56 | H62: 0 | I62: JB119421569TH | J62: 17 | K62: ของเคลม Shopee เนื่องจากลูกค้าได้รับสินค้าไม่ครบ | L62: เคลม ช้อปปี้ เลขออเดอร์ 2411110QTWBWBJ*** กล่องเสียหาย**
A63: 61 | B63: EEW82 | C63: พัชรี ฉิมปรีชาดา | D63: facebook | F63: EMS | G63: 14/11/2024 15:22 | H63: 0 | I63: JB119421586TH | J63: 17 | K63: ของเคลม TikTok เนื่องจากสินค้าเสียหายจากการขนส่ง | L63: เคลม Tiktok หมายเลขออเดอร์ : 579619868535262207 กล่องบี้แบน
A64: 62 | B64: EEW88 | D64: Lazchoice | E64: Lazchoice | F64: EMS | G64: 14/11/2024 15:33 | H64: 0 | I64: LBX024766800482437 | J64: 17 | K64: ของเคลม LAZADA ไม่ทราบเหตุผล
A65: 63 | B65: EEW92 | D65: Lazchoice | E65: Lazchoice | F65: EMS | G65: 14/11/2024 15:44 | H65: 0 | I65: LBX024766800488059 | J65: 17 | K65: ของเคลม LAZADA ไม่ทราบเหตุผล | Y65: -
A66: 64 | B66: EEX85 | C66: คุณณิชานาฏ ศรัทธากุล | D66: line_oa | E66: Raithai Shop.88 | F66: EMS | G66: 14/11/2024 19:55 | H66: 0 | I66: JB119421590TH | J66: 17 | K66: ของเคลม LAZADA ไม่ทราบเหตุผล | L66: เคลมเนื่องจากลูกค้าได้ของไม่ครบeee940kdจากช๊อปปี้ | Y66: -
A67: 65 | B67: EEZ60 | D67: Lazchoice | E67: Lazchoice | F67: EMS | G67: 15/11/2024 09:59 | H67: 0 | I67: BSTPU041782212 | J67: 17 | K67: ของเคลม LAZADA ไม่ทราบเหตุผล | Y67: -
A68: 66 | B68: EEZ62 | D68: Lazchoice | E68: Lazchoice | F68: EMS | G68: 15/11/2024 10:06 | H68: 0 | I68: LBX024766801136923 | J68: 17 | K68: ของเคลม LAZADA ไม่ทราบเหตุผล
A69: 67 | B69: EEZ65 | D69: Lazchoice | E69: Lazchoice | F69: EMS | G69: 15/11/2024 10:09 | H69: 0 | I69: LBX024766801138880 | J69: 17 | K69: ของเคลม LAZADA ไม่ทราบเหตุผล
A70: 68 | B70: EFA59 | C70: คุณจินตนา ทิพวัน | D70: facebook | F70: EMS | G70: 15/11/2024 14:28 | H70: 0 | I70: JB119528018TH | J70: 17 | K70: ของเคลม Tiktok เนื่องจากสินค้ามีรสชาติขม รสชาติ สีของขนม ผิดปกติ | L70: เคลมจาก Tiktok ชื่อบัญชี noo_muaylek หมายเลขคำสั่งซื้อ 579621250085456102 สินค้าเสีย
A71: 69 | B71: EFD20 | D71: Lazchoice | E71: Lazchoice | F71: EMS | G71: 16/11/2024 14:58 | H71: 0 | I71: LEXPU0421892297 | J71: 17 | K71: ของเคลม LAZADA ไม่ทราบเหตุผล
A72: 70 | B72: EFD28 | D72: Lazchoice | E72: Lazchoice | F72: EMS | G72: 16/11/2024 15:39 | H72: 0 | I72: LBX024766802201736 | J72: 17 | K72: ของเคลม LAZADA ไม่ทราบเหตุผล
A73: 71 | B73: EFD29 | D73: Lazchoice | E73: Lazchoice | F73: EMS | G73: 16/11/2024 15:46 | H73: 0 | I73: LBX024766802199809 | J73: 17 | K73: ของเคลม LAZADA ไม่ทราบเหตุผล
A74: 72 | B74: EFD34 | D74: Lazchoice | E74: Lazchoice | F74: EMS | G74: 16/11/2024 15:52 | H74: 0 | I74: LBX024766802209179 | J74: 17 | K74: ของเคลม LAZADA ไม่ทราบเหตุผล
A75: 73 | B75: EFF33 | C75: เอิร์น | D75: facebook | F75: EMS | G75: 17/11/2024 09:00 | H75: 0 | I75: JB119694514TH | J75: 17 | K75: ของเคลม Tiktok เนื่องจากสินค้ามีรสชาติขม รสชาติ สีของขนม ผิดปกติ | L75: เคลม Tiktok ชื่อ Tiktok : earn_4399 หมายเลขคำสั่งซื้อ : 579609193810659522 เผือกขม
A76: 74 | B76: EFI84 | D76: Lazchoice | E76: Lazchoice | F76: EMS | G76: 18/11/2024 11:12 | H76: 0 | I76: LEXPU0422496378 | J76: 17 | K76: ของเคลม LAZADA ไม่ทราบเหตุผล | Y76: -
A77: 75 | B77: EFI85 | D77: Lazchoice | E77: Lazchoice | F77: EMS | G77: 18/11/2024 11:14 | H77: 0 | I77: LEXPU0422496335 | J77: 17 | K77: ของเคลม LAZADA ไม่ทราบเหตุผล | Y77: -
A78: 76 | B78: EFI87 | D78: Lazchoice | E78: Lazchoice | F78: EMS | G78: 18/11/2024 11:18 | H78: 0 | I78: BSTPU041796936 | J78: 17 | K78: ของเคลม LAZADA ไม่ทราบเหตุผล | Y78: -
A79: 77 | B79: EFI93 | D79: Lazchoice | E79: Lazchoice | F79: EMS | G79: 18/11/2024 11:25 | H79: 0 | I79: LBX024766803553258 | J79: 17 | K79: ของเคลม LAZADA ไม่ทราบเหตุผล | Y79: -
A80: 78 | B80: EFI95 | D80: Lazchoice | E80: Lazchoice | F80: EMS | G80: 18/11/2024 11:28 | H80: 0 | I80: LBX024766803550400 | J80: 17 | K80: ของเคลม LAZADA ไม่ทราบเหตุผล | Y80: -
A81: 79 | B81: EFI96 | D81: Lazchoice | E81: Lazchoice | F81: EMS | G81: 18/11/2024 11:30 | H81: 0 | I81: LBX024766803549441 | J81: 17 | K81: ของเคลม LAZADA ไม่ทราบเหตุผล | Y81: 909818280052305
A82: 80 | B82: EFI97 | D82: Lazchoice | E82: Lazchoice | F82: EMS | G82: 18/11/2024 11:35 | H82: 0 | I82: LBX024766803555140 | J82: 17 | K82: ของเคลม LAZADA ไม่ทราบเหตุผล | Y82: 909927229068620
A83: 81 | B83: EFI98 | D83: Lazchoice | E83: Lazchoice | F83: EMS | G83: 18/11/2024 11:38 | H83: 0 | I83: LBX024766803551305 | J83: 17 | K83: ของเคลม LAZADA ไม่ทราบเหตุผล | Y83: 910173202152305
A84: 82 | B84: EFJ24 | D84: Lazchoice | E84: Lazchoice | F84: EMS | G84: 18/11/2024 12:51 | H84: 0 | I84: LEXPU0422631449 | J84: 17 | K84: ของเคลม LAZADA ไม่ทราบเหตุผล | Y84: 910217849932292
A85: 83 | B85: EFJ89 | D85: Lazchoice | E85: Lazchoice | F85: EMS | G85: 18/11/2024 14:40 | H85: 0 | I85: LBX024766803689431 | J85: 17 | K85: ของเคลม LAZADA ไม่ทราบเหตุผล | Y85: 910256024179950
A86: 84 | B86: EFM28 | C86: sett | D86: Lazada | F86: Kerry_dropoff | G86: 19/11/2024 02:23 | H86: 0 | I86: LEXDO0119423174 | J86: 17 | K86: ของเคลม LAZADA ไม่ทราบเหตุผล | Y86: 916392963176220
A87: 85 | B87: EFN31 | D87: Lazchoice | E87: Lazchoice | F87: EMS | G87: 19/11/2024 12:08 | H87: 0 | I87: LBX024766804430150 | J87: 17 | K87: ของเคลม LAZADA ไม่ทราบเหตุผล | Y87: 916405363764070
A88: 86 | B88: EFN32 | D88: Lazchoice | E88: Lazchoice | F88: EMS | G88: 19/11/2024 12:10 | H88: 0 | I88: LBX024766804421770 | J88: 17 | K88: ของเคลม LAZADA ไม่ทราบเหตุผล | Y88: 910240096528038
A89: 87 | B89: EFN34 | D89: Lazchoice | E89: Lazchoice | F89: EMS | G89: 19/11/2024 12:14 | H89: 0 | I89: LBX024766804424513 | J89: 17 | K89: ของเคลม LAZADA ไม่ทราบเหตุผล | Y89: 910256493016244
A90: 88 | B90: EFN36 | D90: Lazchoice | E90: Lazchoice | F90: EMS | G90: 19/11/2024 12:17 | H90: 0 | I90: LBX024766804422746 | J90: 17 | K90: ของเคลม LAZADA ไม่ทราบเหตุผล | Y90: 916449520284239
A91: 89 | B91: EFN38 | D91: Lazchoice | E91: Lazchoice | F91: EMS | G91: 19/11/2024 12:23 | H91: 0 | I91: LBX024766804420747 | J91: 17 | K91: ของเคลม LAZADA ไม่ทราบเหตุผล | Y91: -
A92: 90 | B92: EFO29 | D92: Lazchoice | E92: Lazchoice | F92: EMS | G92: 19/11/2024 17:34 | H92: 0 | I92: BSTPU041804353 | J92: 17 | K92: ของเคลม LAZADA ไม่ทราบเหตุผล | Y92: -
A93: 91 | B93: EFP82 | D93: Lazchoice | E93: Lazchoice | F93: EMS | G93: 20/11/2024 11:25 | H93: 0 | I93: LBX024766805251289 | J93: 17 | K93: ของเคลม LAZADA ไม่ทราบเหตุผล | Y93: -
A94: 92 | B94: EFP83 | D94: Lazchoice | E94: Lazchoice | F94: EMS | G94: 20/11/2024 11:28 | H94: 0 | I94: LBX024766805241923 | J94: 17 | K94: ของเคลม LAZADA ไม่ทราบเหตุผล | Y94: -
A95: 93 | B95: EFP85 | D95: Lazchoice | E95: Lazchoice | F95: EMS | G95: 20/11/2024 11:33 | H95: 0 | I95: LBX024766805250284 | J95: 17 | K95: ของเคลม LAZADA ไม่ทราบเหตุผล | Y95: -
A96: 94 | B96: EFQ29 | C96: กรรณิการ์ พวงมาลัย | D96: facebook | F96: EMS | G96: 20/11/2024 13:40 | H96: 0 | I96: JB120093843TH | J96: 17 | K96: ของเคลม LAZADA เนื่องจากสินค้าเสียหายจากการขนส่ง | L96: เคลม ลาซาด้า เลข 943805929436334**สินค้าเสียหาย**
A97: 95 | B97: EFR48 | C97: ศศิธร จุ้ยจินดา | D97: line_oa | E97: sasitorn | F97: EMS | G97: 20/11/2024 19:36 | H97: 0 | I97: JB120094755TH | J97: 17 | K97: ของเคลม LAZADA ไม่ทราบเหตุผล
A98: 96 | B98: EFU57 | D98: Lazchoice | E98: Lazchoice | F98: EMS | G98: 21/11/2024 11:39 | H98: 0 | I98: LEXPU0423792784 | J98: 17 | K98: ของเคลม LAZADA ไม่ทราบเหตุผล
A99: 97 | B99: EFV5 | D99: Lazchoice | E99: Lazchoice | F99: EMS | G99: 21/11/2024 11:52 | H99: 0 | I99: LBX024766806057534 | J99: 17 | K99: ของเคลม LAZADA ไม่ทราบเหตุผล
A100: 98 | B100: EGA41 | D100: Lazchoice | E100: Lazchoice | F100: EMS | G100: 21/11/2024 14:42 | H100: 0 | I100: BSTPU041813854 | J100: 17 | K100: ของเคลม LAZADA ไม่ทราบเหตุผล
...

Sheet พ.ย. ยกเลิก
A1: สรุปรายการยกเลิกออเดอร์ ที่ออกเลขที่ออเดอร์แล้ว (เนื่องจากลูกค้าเอฟในไลฟ์สดแล้วไม่ยืนยันออเดอร์) เดือนพฤศจิกายน 2567
A2: ลำดับ | B2: เลขที่ออเดอร์ | C2: ชื่อ | D2: ช่องทางติดต่อ | E2: ชื่อตามช่องทางติดต่อ | F2: ขนส่ง | G2: วันที่สร้าง | H2: ยอดขาย | I2: หมายเหตุ
A3: 1 | B3: EDE96 | C3: ส******์ | D3: Shopee | E3: fahsunisanopparat | G3: 06/11/2024 11:00 | H3: 206 | I3: สรุปออเดอร์แล้ว ลูกค้ายกเลิก
A4: 2 | B4: EDG50 | C4: K***ika k***khai | D4: Tiktok | E4: 7494830282744040169 | F4: J&T Express | G4: 06/11/2024 15:45 | H4: 200 | I4: สรุปออเดอร์แล้ว ลูกค้ายกเลิก
A5: 3 | B5: EDG61 | C5: ร***ขนมของฝาก | D5: Tiktok | E5: 7493994974073882577 | F5: J&T Express | G5: 06/11/2024 16:12 | H5: 245 | I5: สรุปออเดอร์แล้ว ลูกค้ายกเลิก
A6: 4 | B6: EDG73 | C6: พ******ง | D6: Shopee | E6: luckythong616 | G6: 06/11/2024 16:46 | H6: 135 | I6: สรุปออเดอร์แล้ว ลูกค้ายกเลิก
A7: 5 | B7: EDG92 | C7: จ***ามณี ค*** | D7: Tiktok | E7: 7495368184325965973 | F7: J&T Express | G7: 06/11/2024 17:20 | H7: 100 | I7: สรุปออเดอร์แล้ว ลูกค้ายกเลิก
A8: 6 | B8: EDI0 | C8: บ******์ | D8: Shopee | E8: kuntika_ice | G8: 06/11/2024 20:35 | H8: 228 | I8: สรุปออเดอร์แล้ว ลูกค้ายกเลิก
A9: 7 | B9: EDI37 | C9: น**า | D9: Shopee | E9: rmoe4h6owf | G9: 06/11/2024 21:59 | H9: 69 | I9: สรุปออเดอร์แล้ว ลูกค้ายกเลิก
A10: 8 | B10: EDI62 | C10: ณ***ล | D10: Tiktok | E10: 7494009311204837149 | F10: J&T Express | G10: 06/11/2024 22:45 | H10: 106 | I10: สรุปออเดอร์แล้ว ลูกค้ายกเลิก
A11: 9 | B11: EDI88 | C11: mulan /ซื้อให้จ่ะ | D11: Lazada | F11: Kerry_dropoff | G11: 06/11/2024 23:48 | H11: 90.56 | I11: สรุปออเดอร์แล้ว ลูกค้ายกเลิก
A12: 10 | B12: EDQ28 | C12: ปารมี แสงรังสี | D12: Lazada | F12: Kerry_dropoff | G12: 08/11/2024 21:12 | H12: 209.87 | I12: สรุปออเดอร์แล้ว ลูกค้ายกเลิก
A13: 11 | B13: EDS22 | C13: พรสุทธิ พื้นแสน | D13: Lazada | F13: Kerry_dropoff | G13: 09/11/2024 05:04 | H13: 230.82 | I13: สรุปออเดอร์แล้ว ลูกค้ายกเลิก
A14: 12 | B14: EDT24 | C14: ธ***วรรณ น***ะผาย | D14: Tiktok | E14: 7494551413219821782 | F14: J&T Express | G14: 09/11/2024 10:34 | H14: 145 | I14: สรุปออเดอร์แล้ว ลูกค้ายกเลิก
A15: 13 | B15: EDT82 | C15: พ******ล | D15: Shopee | E15: nana25458 | G15: 09/11/2024 12:55 | H15: 130 | I15: สรุปออเดอร์แล้ว ลูกค้ายกเลิก
A16: 14 | B16: EDU26 | C16: นางสาว ปวีณา ขุนเทพ | D16: Lazada | F16: Kerry_dropoff | G16: 09/11/2024 14:49 | H16: 59.8 | I16: สรุปออเดอร์แล้ว ลูกค้ายกเลิก
A17: 15 | B17: EDV44 | C17: ส***ภัทร ร***ติดดาวสมใจ | D17: Tiktok | E17: 7494045310378673816 | F17: J&T Express | G17: 09/11/2024 19:53 | H17: 229 | I17: สรุปออเดอร์แล้ว ลูกค้ายกเลิก
A18: 16 | B18: EDV70 | C18: อ***ร ส***ส | D18: Tiktok | E18: 7494010927431321189 | F18: J&T Express | G18: 09/11/2024 20:51 | H18: 200 | I18: สรุปออเดอร์แล้ว ลูกค้ายกเลิก
A19: 17 | B19: EDV78 | C19: ต* ท** | D19: Tiktok | E19: 7494078380477875798 | F19: J&T Express | G19: 09/11/2024 21:20 | H19: 400 | I19: สรุปออเดอร์แล้ว ลูกค้ายกเลิก
A20: 18 | B20: EEB36 | C20: จรรยวรรธน์ พิมายรัตน์ | D20: Lazada | F20: Kerry_dropoff | G20: 11/11/2024 01:45 | H20: 191.69 | I20: สรุปออเดอร์แล้ว ลูกค้ายกเลิก
A21: 19 | B21: EEJ27 | C21: ปารมี แสงรังสี | D21: Lazada | F21: Kerry_dropoff | G21: 11/11/2024 18:47 | H21: 44.95 | I21: สรุปออเดอร์แล้ว ลูกค้ายกเลิก
A22: 20 | B22: EEP97 | C22: ปารมี แสงรังสี | D22: Lazada | F22: Kerry_dropoff | G22: 12/11/2024 19:44 | H22: 44.95 | I22: สรุปออเดอร์แล้ว ลูกค้ายกเลิก
A23: 21 | B23: EEP95 | C23: ส***ดา ส***ง | D23: Tiktok | E23: 7495482028569299571 | F23: J&T Express | G23: 12/11/2024 19:44 | H23: 215 | I23: สรุปออเดอร์แล้ว ลูกค้ายกเลิก
A24: 22 | B24: EEQ55 | C24: จำลอง ประเสริฐ | D24: Lazada | F24: Kerry_dropoff | G24: 12/11/2024 21:26 | H24: 87.4 | I24: สรุปออเดอร์แล้ว ลูกค้ายกเลิก
A25: 23 | B25: EEQ56 | C25: จำลอง ประเสริฐ | D25: Lazada | F25: Kerry_dropoff | G25: 12/11/2024 21:27 | H25: 58.97 | I25: สรุปออเดอร์แล้ว ลูกค้ายกเลิก
A26: 24 | B26: EFC33 | C26: นรธีร์ | D26: Lazada | F26: Kerry_dropoff | G26: 16/11/2024 08:46 | H26: 386.97 | I26: สรุปออเดอร์แล้ว ลูกค้ายกเลิก
A27: 25 | B27: EFG32 | C27: รุจิรา ฤทธิเดช | D27: Lazada | F27: Kerry_dropoff | G27: 17/11/2024 13:42 | H27: 105.52 | I27: สรุปออเดอร์แล้ว ลูกค้ายกเลิก
A28: 26 | B28: EFH95 | C28: Charinee​ Sangthong | D28: Lazada | F28: Kerry_dropoff | G28: 17/11/2024 22:28 | H28: 124.41 | I28: สรุปออเดอร์แล้ว ลูกค้ายกเลิก
A29: 27 | B29: EFI12 | C29: น.ส.พิรญาณ์ วังคีรี | D29: Lazada | F29: Kerry_dropoff | G29: 17/11/2024 23:44 | H29: 85 | I29: สรุปออเดอร์แล้ว ลูกค้ายกเลิก
A30: 28 | B30: EFI18 | C30: pitak | D30: Lazada | F30: Kerry_dropoff | G30: 17/11/2024 23:58 | H30: 5 | I30: สรุปออเดอร์แล้ว ลูกค้ายกเลิก | M30: 0 | N30: 900801206010597
A31: 29 | B31: EFN48 | C31: สิริกร ใหญ่ผล | D31: Lazada | F31: Kerry_dropoff | G31: 19/11/2024 12:55 | H31: 222 | I31: สรุปออเดอร์แล้ว ลูกค้ายกเลิก | M31: 0 | N31: 906815728009721
A32: 30 | B32: EFO23 | C32: k*** v* | D32: Tiktok | E32: 7494961843965757548 | F32: J&T Express | G32: 19/11/2024 17:17 | H32: 106 | I32: สรุปออเดอร์แล้ว ลูกค้ายกเลิก | M32: 0 | N32: 579242639958051041
A33: 31 | B33: EFP19 | C33: ส******์ | D33: Shopee | E33: daowsopisda | G33: 19/11/2024 23:45 | H33: 62 | I33: สรุปออเดอร์แล้ว ลูกค้ายกเลิก | M33: 0 | N33: 579242905526438911
A34: 32 | B34: EGC49 | C34: ม******์ | D34: Shopee | E34: puengallday | G34: 21/11/2024 21:57 | H34: 226 | I34: สรุปออเดอร์แล้ว ลูกค้ายกเลิก | M34: 0 | N34: 579243224466492155
A35: 33 | B35: EGC54 | C35: Charinee​ Sangthong | D35: Lazada | F35: Kerry_dropoff | G35: 21/11/2024 22:32 | H35: 61.15 | I35: สรุปออเดอร์แล้ว ลูกค้ายกเลิก | M35: 0 | N35: 579243224846732027
A36: 34 | B36: EHR96 | C36: ณ******ฑ | D36: Shopee | E36: gaynutsiree | G36: 30/11/2024 23:33 | H36: 107 | I36: สรุปออเดอร์แล้ว ลูกค้ายกเลิก | M36: 0 | N36: 579243248210118704
A37: 35 | B37: EHR72 | C37: ន* វ***់ | D37: Tiktok | E37: 7495900767768972281 | F37: J&T Express | G37: 30/11/2024 21:02 | H37: 106 | I37: สรุปออเดอร์แล้ว ลูกค้ายกเลิก | M37: 0 | N37: 901053020741847
A38: 36 | B38: EHQ72 | C38: ว***า | D38: Tiktok | E38: 7494009825603913682 | F38: J&T Express | G38: 30/11/2024 15:45 | H38: 106 | I38: สรุปออเดอร์แล้ว ลูกค้ายกเลิก
A39: 37 | B39: EHP86 | C39: ก***พงศ์ แ***่อง | D39: Tiktok | E39: 7494344064601590181 | F39: J&T Express | G39: 30/11/2024 12:28 | H39: 157 | I39: สรุปออเดอร์แล้ว ลูกค้ายกเลิก
A40: 38 | B40: EHP84 | C40: จ***มาศ​ ไ***ันท์ | D40: Tiktok | E40: 7494026149808605012 | F40: J&T Express | G40: 30/11/2024 12:19 | H40: 200 | I40: สรุปออเดอร์แล้ว ลูกค้ายกเลิก
A41: 39 | B41: EHP81 | C41: น***องเมือง​ ไ***ันท์ | D41: Tiktok | E41: 7494026149808605012 | F41: J&T Express | G41: 30/11/2024 12:12 | H41: 200 | I41: สรุปออเดอร์แล้ว ลูกค้ายกเลิก
A42: 40 | B42: EHP74 | C42: ว******ย | D42: Shopee | E42: i.hereeex_55 | G42: 30/11/2024 11:57 | H42: 238 | I42: สรุปออเดอร์แล้ว ลูกค้ายกเลิก
A43: 41 | B43: EHP25 | D43: Facebook Live | E43: Jane Hathaithip | F43: EMS | G43: 30/11/2024 09:54 | H43: 820 | I43: สรุปออเดอร์แล้ว ลูกค้ายกเลิก
A44: 42 | B44: EHO99 | C44: สิริวรรณ เมืองนาค | D44: Lazada | F44: Kerry_dropoff | G44: 30/11/2024 08:22 | H44: 175.59 | I44: สรุปออเดอร์แล้ว ลูกค้ายกเลิก
A45: 43 | B45: EHO90 | C45: ก***ิศักดิ์ ม***ี | D45: Tiktok | E45: 7494022628330079893 | F45: J&T Express | G45: 30/11/2024 07:30 | H45: 211 | I45: สรุปออเดอร์แล้ว ลูกค้ายกเลิก
A46: 44 | B46: EHO67 | C46: ก******ก | D46: Shopee | E46: inkanlaya | G46: 30/11/2024 00:56 | H46: 84 | I46: สรุปออเดอร์แล้ว ลูกค้ายกเลิก
A47: 45 | B47: EHO31 | C47: นิรชร แสงรังสี | D47: Lazada | F47: Kerry_dropoff | G47: 29/11/2024 21:58 | H47: 133.76 | I47: สรุปออเดอร์แล้ว ลูกค้ายกเลิก
A48: 46 | B48: EHI19 | C48: นรธีร์ | D48: Lazada | F48: Kerry_dropoff | G48: 28/11/2024 18:05 | H48: 332.64 | I48: สรุปออเดอร์แล้ว ลูกค้ายกเลิก
A49: 47 | B49: EHI18 | C49: นรธีร์ | D49: Lazada | F49: Kerry_dropoff | G49: 28/11/2024 18:02 | H49: 348.07 | I49: สรุปออเดอร์แล้ว ลูกค้ายกเลิก
A50: 48 | B50: EHI17 | C50: นรธีร์ | D50: Lazada | F50: Kerry_dropoff | G50: 28/11/2024 17:58 | H50: 148.91 | I50: สรุปออเดอร์แล้ว ลูกค้ายกเลิก
G51: ยอดรวม | H51: =SUM(H3:H50) -> 8379.03 | I51: บาท

Sheet ต.ค. เคลม
A1: สรุปรายการส่งของเคลมสินค้า เดือนตุลาคม 2567
A2: ลำดับ | B2: เลขที่ออเดอร์ | C2: ชื่อ | D2: ช่องทางติดต่อ | E2: ชื่อตามช่องทางติดต่อ | F2: ขนส่ง | G2: วันที่สร้าง | H2: ยอดขาย | I2: เลขพัสดุ | J2: ค่าขนส่ง | K2: หมายเหตุ | L2: หมายเหตุ | N2: รายการ | O2: จำนวนออเดอร์
A3: 1 | B3: DVR2 | C3: นางสุจินดา ภักดีสอน | D3: facebook | F3: EMS | G3: 01/10/2024 12:19 | H3: 0 | I3: JB087059903TH | J3: 17 | K3: ของเคลม Shopee เนื่องจากสินค้ามีรสชาติขม รสชาติ สีของขนม ผิดปกติ | L3: ช้อปปี้ เลขออเดอร์ 240925V9KBTQR0**สินค้ามีสิ่งแปลกปลอม** | N3: ของเคลม LAZADA เนื่องจากลูกค้าได้รับสินค้าไม่ครบ | O3: 2
A4: 2 | B4: DVR3 | C4: Yanakorn | D4: facebook | F4: EMS | G4: 01/10/2024 12:20 | H4: 0 | I4: JB087059917TH | J4: 17 | K4: ของเคลม Shopee เนื่องจากสินค้ามีรสชาติขม รสชาติ สีของขนม ผิดปกติ | L4: ช้อปปี้ เลขออเดอร์ 240923QBHRGX5D**สินค้าเสีย** | N4: ของเคลม LAZADA เนื่องจากลูกค้าได้รับสินค้าผิดไม่ตรงตามที่สั่ง
A5: 3 | B5: DVS23 | C5: Lazchoice | D5: other | E5: Lazchoice | F5: EMS | G5: 01/10/2024 16:05 | H5: 0 | I5: LBX024766754493706 | J5: 17 | K5: ของเคลม LAZADA ไม่ทราบเหตุผล | N5: ของเคลม LAZADA เนื่องจากลูกค้าไม่ได้รับสินค้า
A6: 4 | B6: DVS32 | C6: Lazchoice | D6: Lazchoice | E6: Lazchoice | F6: EMS | G6: 01/10/2024 16:10 | H6: 0 | I6: LBX024766754491748 | J6: 17 | K6: ของเคลม LAZADA ไม่ทราบเหตุผล | N6: ของเคลม LAZADA เนื่องจากสินค้าเสียหายจากการขนส่ง
A7: 5 | B7: DVV88 | C7: เดียคู้ซ้าย กิตติชัย สิบ ซ.มิตรไมตรี แปด ทับ หนึ่ง | D7: Lazada | F7: Kerry_dropoff | G7: 02/10/2024 10:02 | H7: 0 | I7: LEXPU0402170619 | J7: 17 | K7: ของเคลม LAZADA ไม่ทราบเหตุผล | N7: ของเคลม LAZADA เนื่องจากสินค้าเน่าเสียก่อนวันหมดอายุที่แจ้งข้างกล่อง
A8: 6 | B8: DVW3 | C8: นายวีระศักดิ์ แตงมีแสง | D8: facebook | F8: EMS | G8: 02/10/2024 11:59 | H8: 0 | I8: JB087286091TH | J8: 17 | K8: ของเคลม LAZADA ไม่ทราบเหตุผล | L8: ช้อปปี้ เลขออเดอร์ 24092971CRH9WX**สินค้าเสีย** | N8: ของเคลม LAZADA เนื่องจากสินค้ามีรสชาติขม รสชาติ สีของขนม ผิดปกติ | O8: 1
A9: 7 | B9: DVW33 | C9: Lazchoice | D9: other | E9: Lazchoice | F9: EMS | G9: 02/10/2024 13:35 | H9: 0 | I9: LBX024766755184008 | J9: 17 | K9: ของเคลม LAZADA ไม่ทราบเหตุผล | N9: ของเคลม LAZADA เนื่องจากสินค้าไม่มี
A10: 8 | B10: DVW35 | C10: Lazchoice | D10: other | E10: Lazchoice | F10: EMS | G10: 02/10/2024 13:37 | H10: 0 | I10: LBX024766755184009 | J10: 17 | K10: ของเคลม LAZADA ไม่ทราบเหตุผล | N10: ของเคลม LAZADA ไม่ทราบเหตุผล | O10: =129+14 -> 143
A11: 9 | B11: DVW36 | C11: Lazchoice | D11: other | E11: Lazchoice | F11: EMS | G11: 02/10/2024 13:38 | H11: 0 | I11: LBX024766755172423 | J11: 17 | K11: ของเคลม LAZADA ไม่ทราบเหตุผล | N11: ของเคลม Shopee เนื่องจากลูกค้าได้รับสินค้าไม่ครบ | O11: 6
A12: 10 | B12: DVW40 | C12: Lazchoice | D12: other | E12: Lazchoice | F12: EMS | G12: 02/10/2024 13:40 | H12: 0 | I12: LBX024766755171390 | J12: 17 | K12: ของเคลม LAZADA ไม่ทราบเหตุผล | N12: ของเคลม Shopee เนื่องจากลูกค้าได้รับสินค้าผิดไม่ตรงตามที่สั่ง
A13: 11 | B13: DVZ41 | C13: คุณอชิระวิชญ์ เอกหิรัญนันทชัย | D13: Lazada | F13: Kerry_dropoff | G13: 03/10/2024 00:19 | H13: 0 | I13: LEXPU0402159467 | J13: 17 | K13: ของเคลม LAZADA ไม่ทราบเหตุผล | N13: ของเคลม Shopee เนื่องจากลูกค้าไม่ได้รับสินค้า
A14: 12 | B14: DVZ49 | C14: Yuni Mopa | D14: Lazada | F14: Kerry_dropoff | G14: 03/10/2024 02:03 | H14: 0 | I14: LEXDO0114902314 | J14: 17 | K14: ของเคลม LAZADA ไม่ทราบเหตุผล | N14: ของเคลม Shopee เนื่องจากสินค้าเสียหายจากการขนส่ง
A15: 13 | B15: DVZ68 | C15: พิษณุ พิทักษ์ | D15: facebook | F15: EMS | G15: 03/10/2024 08:11 | H15: 0 | I15: JB087286088TH | J15: 22 | K15: ของเคลม LAZADA ไม่ทราบเหตุผล | L15: ⭕ลูกค้าของคุณแม่ ส่งด่วนวันนี้⭕ | N15: ของเคลม Shopee เนื่องจากสินค้าเน่าเสียก่อนวันหมดอายุที่แจ้งข้างกล่อง
A16: 14 | B16: DWA12 | C16: Lazchoice | D16: facebook | E16: Lazchoice | F16: EMS | G16: 03/10/2024 11:41 | H16: 0 | I16: LEXDO0114910545 | J16: 17 | K16: ของเคลม LAZADA ไม่ทราบเหตุผล | N16: ของเคลม Shopee เนื่องจากสินค้ามีรสชาติขม รสชาติ สีของขนม ผิดปกติ | O16: 4
A17: 15 | B17: DWA15 | C17: Lazchoice | D17: facebook | E17: Lazchoice | F17: EMS | G17: 03/10/2024 11:42 | H17: 0 | I17: LBX024766756014435 | J17: 17 | K17: ของเคลม LAZADA ไม่ทราบเหตุผล | N17: ของเคลม Shopee เนื่องจากสินค้าไม่มี
A18: 16 | B18: DWA46 | C18: พจนี เกตุแก้ว | D18: line_oa | E18: noon | F18: EMS | G18: 03/10/2024 13:23 | H18: 0 | I18: JB087515832TH | J18: 17 | K18: ของเคลม LAZADA ไม่ทราบเหตุผล | L18: เคลมเนื่องจากสินค้าลูกค้าซีนแตก | N18: ของเคลม Shopee ไม่ทราบเหตุผล
A19: 17 | B19: DWD16 | C19: คุณกมลรัตน์ เส็งวงศ์ | D19: line | E19: Ann Kamonrat | F19: EMS | G19: 03/10/2024 22:57 | H19: 0 | I19: JB087758026TH | J19: 17 | K19: ของเคลม LAZADA ไม่ทราบเหตุผล | N19: ของเคลม Line OA เนื่องจากลูกค้าได้รับสินค้าไม่ครบ | O19: 4
A20: 18 | B20: DWD44 | C20: นุสรา เลาหพิบูลรัตนา | D20: Lazada | F20: Kerry_dropoff | G20: 04/10/2024 01:27 | H20: 0 | I20: LEXPU0402566384 | J20: 17 | K20: ของเคลม LAZADA ไม่ทราบเหตุผล | N20: ของเคลม Line OA เนื่องจากลูกค้าได้รับสินค้าผิดไม่ตรงตามที่สั่ง
A21: 19 | B21: DWD51 | C21: นุสรา | D21: Lazada | F21: Kerry_dropoff | G21: 04/10/2024 04:27 | H21: 0 | I21: LEXPU0402566834 | J21: 17 | K21: ของเคลม LAZADA ไม่ทราบเหตุผล | N21: ของเคลม Line OA เนื่องจากลูกค้าไม่ได้รับสินค้า
A22: 20 | B22: DWE3 | C22: คุณจิรัชญา นัยธนิช | D22: facebook | F22: EMS | G22: 04/10/2024 11:15 | H22: 0 | I22: JB087758043TH | J22: 17 | K22: ของเคลม Shopee เนื่องจากสินค้ามีรสชาติขม รสชาติ สีของขนม ผิดปกติ | L22: หมายเลขคำสั่งซื้อ 240907B9D7UB5P 📍เคลมช็อปปี้ เคลมเพราะตัวสินค้ายังไม่หมดอายุแต่มีรสชาติเปรี้ยวและบูดค่ะ | N22: ของเคลม Line OA เนื่องจากสินค้าเสียหายจากการขนส่ง | O22: 3
A23: 21 | B23: DWE4 | C23: รุ่งตะวัน กาญจนศิลป์ | D23: facebook | F23: EMS | G23: 04/10/2024 11:16 | H23: 0 | I23: JB087758065TH | J23: 17 | K23: ของเคลม Shopee เนื่องจากสินค้ามีรสชาติขม รสชาติ สีของขนม ผิดปกติ | L23: หมายเลขคำสั่งซื้อ 240817HF11XP81📍เคลมช็อปปี้ ขาดครีมฮอร์น | N23: ของเคลม Line OA เนื่องจากสินค้าเน่าเสียก่อนวันหมดอายุที่แจ้งข้างกล่อง
A24: 22 | B24: DWJ46 | C24: ศกวรรณ กฤตเวทิน | D24: facebook | E24: Aree Kongcompomg | F24: EMS | G24: 05/10/2024 14:23 | H24: 0 | I24: JB087946449TH | J24: 17 | K24: ของเคลม Facebook , Facebook Live เนื่องจากลูกค้าได้รับสินค้าไม่ครบ | L24: **เคลมของขาดส่ง | N24: ของเคลม Line OA เนื่องจากสินค้ามีรสชาติขม รสชาติ สีของขนม ผิดปกติ
A25: 23 | B25: DWM53 | C25: น.ส.อังคณา คุณเทียน | D25: line_oa | E25: NAJA | F25: EMS | G25: 06/10/2024 12:18 | H25: 0 | I25: JB088115765TH | J25: 17 | K25: ของเคลม Line OA เนื่องจากลูกค้าได้รับสินค้าไม่ครบ | L25: เคลมสินค้าสินค้าเสีย | N25: ของเคลม Line OA เนื่องจากสินค้าไม่มี
A26: 24 | B26: DWM74 | C26: นรินทร น้ำแก้ว | D26: line_oa | E26: ตุ้ยนุ้ยค่ะ | F26: EMS | G26: 06/10/2024 13:22 | H26: 0 | I26: JB088107018TH | J26: 17 | K26: ของเคลม Line OA เนื่องจากลูกค้าได้รับสินค้าไม่ครบ | L26: เคลมส่งของผิด | N26: ของเคลม Line OA ไม่ทราบเหตุผล
A27: 25 | B27: DWN34 | C27: คุณณิชานาฏ ศรัทธากุล | D27: facebook | F27: EMS | G27: 06/10/2024 15:34 | H27: 0 | I27: JB088106525TH | J27: 17 | K27: ของเคลม Shopee เนื่องจากลูกค้าได้รับสินค้าไม่ครบ | L27: เคลม ช็อปปี้241004KN5VGUNE ส่งสินค้าไม่ครบ | N27: ของเคลม Facebook , Facebook Live เนื่องจากลูกค้าได้รับสินค้าไม่ครบ | O27: 4
A28: 26 | B28: DWO95 | C28: อัจฉราภรณ์ สุขประเสริฐ | D28: LINE_OA | E28: สิทธิ์&แนน | F28: EMS | G28: 06/10/2024 22:53 | H28: 0 | I28: JB088105312TH | J28: 17 | K28: ของเคลม Line OA เนื่องจากสินค้าเสียหายจากการขนส่ง | L28: **สินค้าเคลมกล่องแตก** | N28: ของเคลม Facebook , Facebook Live เนื่องจากลูกค้าได้รับสินค้าผิดไม่ตรงตามที่สั่ง | O28: 5
A29: 27 | B29: DXA73 | C29: ศิรดา ทิ้งมิตรชั่ว | D29: line_oa | E29: lolxvip_CU | F29: EMS | G29: 09/10/2024 16:34 | H29: 0 | I29: JB088837555TH | J29: 17 | K29: ของเคลม Line OA เนื่องจากสินค้าเสียหายจากการขนส่ง | L29: เคลมเนื่องจากสินค้าเสียหาย | N29: ของเคลม Facebook , Facebook Live เนื่องจากลูกค้าไม่ได้รับสินค้า
A30: 28 | B30: DXA74 | C30: ธีรดา เนื้อมี | D30: line_oa | E30: Teerada | F30: EMS | G30: 09/10/2024 16:36 | H30: 0 | I30: JB088837564TH | J30: 17 | K30: ของเคลม Line OA เนื่องจากสินค้าเสียหายจากการขนส่ง | L30: เคลลมเนื่องจากสินค้าเสียหายเลขคำสั่งซื้อ 579428871394265686 | N30: ของเคลม Facebook , Facebook Live เนื่องจากสินค้าเสียหายจากการขนส่ง | O30: 1
A31: 29 | B31: DXD13 | C31: ปุ๊กปิ๊ก-SaiEaw | D31: Lazada | F31: Kerry_dropoff | G31: 09/10/2024 22:51 | H31: 0 | I31: LEXPU0405163443 | J31: 17 | K31: ของเคลม LAZADA ไม่ทราบเหตุผล | N31: ของเคลม Facebook , Facebook Live เนื่องจากสินค้าเน่าเสียก่อนวันหมดอายุที่แจ้งข้างกล่อง
A32: 30 | B32: DXD43 | C32: ปุ๊กปิ๊ก-SaiEaw | D32: Lazada | F32: Kerry_dropoff | G32: 09/10/2024 23:48 | H32: 0 | I32: LEXPU0405215321 | J32: 17 | K32: ของเคลม LAZADA ไม่ทราบเหตุผล | N32: ของเคลม Facebook , Facebook Live เนื่องจากสินค้ามีรสชาติขม รสชาติ สีของขนม ผิดปกติ
A33: 31 | B33: DXD98 | C33: อรจิรา | D33: Lazada | F33: Kerry_dropoff | G33: 10/10/2024 02:53 | H33: 0 | I33: LEXDO0115601688 | J33: 17 | K33: ของเคลม LAZADA ไม่ทราบเหตุผล | N33: ของเคลม Facebook , Facebook Live เนื่องจากสินค้าไม่มี
A34: 32 | B34: DXE89 | C34: ปิยะฉัตร มิเถาวัลย์ | D34: line | E34: ปิยะฉัตร มิเถาวัลย์ | F34: EMS | G34: 10/10/2024 09:07 | H34: 0 | I34: JB088985510TH | J34: 22 | K34: ของเคลม Tiktok เนื่องจากลูกค้าได้รับสินค้าไม่ครบ | L34: ***เคลมสินค้าขาดส่งจากติ๊กต๊อก ** | N34: ของเคลม Facebook , Facebook Live ไม่ทราบเหตุผล
A35: 33 | B35: DXE98 | C35: กาญจนา หลาบงาม | D35: Lazada | F35: Kerry_dropoff | G35: 10/10/2024 09:33 | H35: 0 | I35: LEXPU0406037110 | J35: 17 | K35: ของเคลม LAZADA ไม่ทราบเหตุผล | N35: ของเคลม Tiktok เนื่องจากลูกค้าได้รับสินค้าไม่ครบ | O35: 8
A36: 34 | B36: DXF1 | C36: กาญจนา หลาบงาม | D36: Lazada | F36: Kerry_dropoff | G36: 10/10/2024 09:36 | H36: 0 | I36: LEXPU0405957380 | J36: 17 | K36: ของเคลม LAZADA ไม่ทราบเหตุผล | N36: ของเคลม Tiktok เนื่องจากลูกค้าได้รับสินค้าผิดไม่ตรงตามที่สั่ง
A37: 35 | B37: DXF2 | C37: Third-Party-User | D37: Lazada | F37: Kerry_dropoff | G37: 10/10/2024 09:38 | H37: 0 | I37: TH660668HERD0A | J37: 17 | K37: ของเคลม LAZADA ไม่ทราบเหตุผล | N37: ของเคลม Tiktok เนื่องจากลูกค้าไม่ได้รับสินค้า
A38: 36 | B38: DXG60 | C38: คุณกิตติกา เปรินกุล | D38: facebook | E38: Kittika Peringul | F38: EMS | G38: 10/10/2024 12:45 | H38: 0 | I38: JB088985695TH | J38: 17 | K38: ของเคลม Facebook , Facebook Live เนื่องจากลูกค้าได้รับสินค้าไม่ครบ | L38: เคลมเนื่ิองจากลูกค้าได้ของไม่ครบ DQD62 | N38: ของเคลม TikTok เนื่องจากสินค้าเสียหายจากการขนส่ง
A39: 37 | B39: DXH11 | C39: สาวาลี เพียงชัยภูมิ | D39: facebook | E39: Sawalee Phangchaiyaphum | F39: EMS | G39: 10/10/2024 13:24 | H39: 0 | I39: JB088985775TH | J39: 17 | K39: ของเคลม Facebook , Facebook Live เนื่องจากลูกค้าได้รับสินค้าไม่ครบ | L39: เคลมเนื่องจากลูกค้าได้ของไม่ครบDWW91 | N39: ของเคลม TikTok เนื่องจากสินค้าเน่าเสียก่อนวันหมดอายุที่แจ้งข้างกล่อง
A40: 38 | B40: DXH55 | C40: Lazchoice | D40: other | E40: Lazchoice | F40: EMS | G40: 10/10/2024 14:14 | H40: 0 | I40: LBX024766762537572 | J40: 17 | K40: ของเคลม LAZADA ไม่ทราบเหตุผล | N40: ของเคลม Tiktok เนื่องจากสินค้ามีรสชาติขม รสชาติ สีของขนม ผิดปกติ
A41: 39 | B41: DXK87 | C41: Stcrwe Libyde | D41: Lazada | F41: Kerry_dropoff | G41: 11/10/2024 02:08 | H41: 0 | I41: LEXPU0406036438 | J41: 17 | K41: ของเคลม LAZADA ไม่ทราบเหตุผล | N41: ของเคลม Tiktok เนื่องจากสินค้าไม่มี
A42: 40 | B42: DXM89 | C42: ยุพา กุศล | D42: facebook | E42: อันย่า บีคิว บาร์บีคิว | F42: EMS | G42: 11/10/2024 14:06 | H42: 0 | I42: JB089109531TH | J42: 17 | K42: ของเคลม Facebook , Facebook Live เนื่องจากสินค้าเสียหายจากการขนส่ง | L42: เคลมเนื่องจากสินค้าซีนแตกDWZ72 | N42: ของเคลม Tiktok ไม่ทราบเหตุผล
A43: 41 | B43: DXN76 | D43: Lazchoice | E43: LAZCHOICE | F43: EMS | G43: 11/10/2024 16:45 | H43: 0 | I43: 22774663882 | J43: 17 | K43: ของเคลม LAZADA ไม่ทราบเหตุผล | N43: ของเคลม ไปรษณีย์ เนื่องจากลูกค้าได้รับสินค้าไม่ครบ | O43: 1
A44: 42 | B44: DXN78 | D44: Lazchoice | E44: LAZCHOICE | F44: EMS | G44: 11/10/2024 16:51 | H44: 0 | I44: LBX024766763945512 | J44: 17 | K44: ของเคลม LAZADA ไม่ทราบเหตุผล | N44: ของเคลม ไปรษณีย์ เนื่องจากลูกค้าได้รับสินค้าผิดไม่ตรงตามที่สั่ง
A45: 43 | B45: DXQ57 | C45: กาญจนา หลาบงาม | D45: Lazada | F45: Kerry_dropoff | G45: 12/10/2024 10:38 | H45: 0 | I45: LEXPU0406707836 | J45: 17 | K45: ของเคลม LAZADA ไม่ทราบเหตุผล | N45: ของเคลม ไปรษณีย์ เนื่องจากลูกค้าไม่ได้รับสินค้า
A46: 44 | B46: DXU49 | C46: กาญจนา หลาบงาม | D46: Lazada | F46: Kerry_dropoff | G46: 12/10/2024 18:02 | H46: 0 | I46: LEXPU0406705101 | J46: 17 | K46: ของเคลม LAZADA ไม่ทราบเหตุผล | N46: ของเคลม ไปรษณีย์ เนื่องจากสินค้าเสียหายจากการขนส่ง
A47: 45 | B47: DXV83 | C47: เอ็มหนห | D47: Lazada | F47: Kerry_dropoff | G47: 12/10/2024 21:22 | H47: 0 | I47: LEXPU0406705419 | J47: 17 | K47: ของเคลม LAZADA ไม่ทราบเหตุผล | N47: ของเคลม ไปรษณีย์ เนื่องจากสินค้าเน่าเสียก่อนวันหมดอายุที่แจ้งข้างกล่อง
A48: 46 | B48: DXV84 | C48: นงเยา | D48: Lazada | F48: Kerry_dropoff | G48: 12/10/2024 21:25 | H48: 0 | I48: TH140568TFQC4F | J48: 17 | K48: ของเคลม LAZADA ไม่ทราบเหตุผล | N48: ของเคลม ไปรษณีย์ เนื่องจากสินค้ามีรสชาติขม รสชาติ สีของขนม ผิดปกติ
A49: 47 | B49: DXX48 | C49: ศริมน หะพินรัมย์ (เจน) | D49: facebook | F49: EMS | G49: 13/10/2024 07:07 | H49: 0 | I49: JB089209336TH | J49: 17 | K49: ของเคลม Tiktok เนื่องจากลูกค้าได้รับสินค้าไม่ครบ | L49: เคลม Tiktok ออเดอร์ DWY7 ของไม่ึครบ | N49: ของเคลม ไปรษณีย์ เนื่องจากสินค้าไม่มี
A50: 48 | B50: DXX50 | C50: คุณสร้อย | D50: facebook | F50: EMS | G50: 13/10/2024 07:08 | H50: 0 | I50: - | J50: 17 | K50: ของเคลม LAZADA เนื่องจากสินค้ามีรสชาติขม รสชาติ สีของขนม ผิดปกติ | L50: (pin)เคลม LAZADA หมายเลขคำสั่งซื้อ 917777037776503ขนมปังขึ้นรา และชื้น | N50: ของเคลม ไปรษณีย์ ไม่ทราบเหตุผล
A51: 49 | B51: DXX52 | C51: นางสาวพรเพ็ญ มาศวรรณา | D51: facebook | F51: EMS | G51: 13/10/2024 07:09 | H51: 0 | I51: JB089209415TH | J51: 17 | K51: ของเคลม Shopee เนื่องจากลูกค้าได้รับสินค้าไม่ครบ | L51: เคลม Shopee หมายเลขคำสั่งซื้อ 241002GXH5GJEC | N51: ของเคลม ตัวแทนเส้น
A52: 50 | B52: DXX53 | C52: ชื่อ ปัฐกานต์ ม่วงมี | D52: facebook | F52: EMS | G52: 13/10/2024 07:10 | H52: 0 | I52: JB089209424TH | J52: 17 | K52: ของเคลม Shopee เนื่องจากลูกค้าได้รับสินค้าไม่ครบ | L52: เคลม ช้อปปี้ DXJ43 2410107JUMR8XG ของขาด | N52: ของเคลม เนื่องจากสินค้ามีรสชาติไม่ปกติ (ขม)
A53: 51 | B53: DYA60 | C53: ชื่อ ปัฐกานต์ ม่วงมี | D53: line_oa | E53: Pattakan | F53: EMS | G53: 13/10/2024 15:03 | H53: 0 | I53: JB089283725TH | J53: 17 | K53: ของเคลม Line OA เนื่องจากลูกค้าได้รับสินค้าไม่ครบ | L53: เคลมเนื่องจากลุกค้าได้ของไม่ครบ | N53: เคลมลูกค้านัดรับ เส้น
A54: 52 | B54: DYA85 | C54: นางสาวพรเพ็ญ มาศวรรณา | D54: line_oa | E54: bombam | F54: EMS | G54: 13/10/2024 15:24 | H54: 0 | I54: - | J54: 17 | K54: ของเคลม Line OA เนื่องจากลูกค้าได้รับสินค้าไม่ครบ | L54: เคลมเนื่องจากลูกค้าได้ของไม่ครบ | N54: เคลมสินค้าเนื่องจากกล่องชำรุด เสียหาย
A55: 53 | B55: DYC0 | C55: ชุติมา พลสงคราม | D55: facebook | F55: EMS | G55: 13/10/2024 16:32 | H55: 0 | I55: JB089283760TH | J55: 17 | K55: ของเคลม Facebook , Facebook Live เนื่องจากสินค้าเสียหายจากการขนส่ง | L55: เคลมสินค้ากล่องแตก โอเอ | N55: เคลมเนื่องจากส่งสินค้าผิด
A56: 54 | B56: DYE20 | C56: คุณอนิษา คงดำ | D56: line | E56: Jibani💕 | F56: EMS | G56: 13/10/2024 20:02 | H56: 0 | I56: - | J56: 17 | K56: ของเคลม Tiktok เนื่องจากลูกค้าได้รับสินค้าไม่ครบ | L56: ***เคลมสินค้าขาดส่งจากติ๊กต๊อก ** | N56: ไม่ทราบสาเหตุ
A57: 55 | B57: DYF37 | C57: กวินธิดา | D57: Lazada | F57: Kerry_dropoff | G57: 13/10/2024 22:27 | H57: 0 | I57: - | J57: 17 | K57: ของเคลม LAZADA ไม่ทราบเหตุผล | O57: =SUM(O3:O56) -> 182
A58: 56 | B58: DYF51 | C58: K******t | D58: Shopee | E58: thaninpat54 | F58: SPX Express | G58: 14/10/2024 00:07 | H58: 0 | I58: TH2473797161645 | J58: 17 | K58: ของเคลม LAZADA ไม่ทราบเหตุผล
A59: 57 | B59: DYF52 | C59: น******ศ | D59: Shopee | E59: napatsakornlaovaleard | F59: Flash Express | G59: 14/10/2024 03:34 | H59: 0 | I59: TH620168YBXG5A | J59: 17 | K59: ของเคลม LAZADA ไม่ทราบเหตุผล
A60: 58 | B60: DYF53 | C60: กวินธิดา | D60: Lazada | F60: Kerry_dropoff | G60: 14/10/2024 00:08 | H60: 0 | I60: LEXDO0115958653 | J60: 17 | K60: ของเคลม LAZADA ไม่ทราบเหตุผล
A61: 59 | B61: DYF55 | C61: ส***พร บ***งไร่ | D61: Tiktok | E61: 7494015673396855945 | F61: J&T COD | G61: 14/10/2024 00:22 | H61: 0 | I61: 752465795443 | J61: 17 | K61: ของเคลม LAZADA ไม่ทราบเหตุผล
A62: 60 | B62: DYF56 | C62: อรุโณทัย ศิรเตชวิวัฒน์ | D62: Lazada | F62: Kerry_dropoff | G62: 14/10/2024 00:23 | H62: 0 | I62: LEXPU0407133236 | J62: 17 | K62: ของเคลม LAZADA ไม่ทราบเหตุผล
A63: 61 | B63: DYF57 | C63: ป******ย | D63: Shopee | E63: punyaphat1991 | F63: Flash Express | G63: 14/10/2024 00:24 | H63: 0 | I63: TH16026947SG2I | J63: 17 | K63: ของเคลม LAZADA ไม่ทราบเหตุผล
A64: 62 | B64: DYF58 | C64: พ***าภรณ์ ผ*** | D64: Tiktok | E64: 7494020951140370005 | F64: J&T COD | G64: 14/10/2024 00:28 | H64: 0 | I64: 752479895451 | J64: 17 | K64: ของเคลม LAZADA ไม่ทราบเหตุผล
A65: 63 | B65: DYF59 | C65: ว***หม่. | D65: Tiktok | E65: 7495612517579065445 | F65: J&T COD | G65: 14/10/2024 00:29 | H65: 0 | I65: 752489280476 | J65: 17 | K65: ของเคลม LAZADA ไม่ทราบเหตุผล | Y65: -
A66: 64 | B66: DYF60 | C66: ปรียานุช ป่าธนู | D66: Lazada | F66: Kerry_dropoff | G66: 14/10/2024 00:34 | H66: 0 | I66: LEXPU0407133572 | J66: 17 | K66: ของเคลม LAZADA เนื่องจากลูกค้าได้รับสินค้าไม่ครบ | L66: ลซด เลขออเดอร์ 921465648477159**สินค้าส่งตามทีหลัง** | Y66: -
A67: 65 | B67: DYF61 | C67: น******ง | D67: Shopee | E67: 8gnsk9223o | F67: Flash Express | G67: 14/10/2024 01:24 | H67: 0 | I67: TH620168XV045F | J67: 17 | K67: ของเคลม LAZADA ไม่ทราบเหตุผล | Y67: -
A68: 66 | B68: DYF62 | C68: ส***ยะกาน | D68: Tiktok | E68: 7494819686426970119 | F68: J&T COD | G68: 14/10/2024 00:55 | H68: 0 | I68: 752492896466 | J68: 17 | K68: ของเคลม LAZADA ไม่ทราบเหตุผล | Y68: 915654159752305
A69: 67 | B69: DYF65 | C69: น***วัน ไ***ลย์ | D69: Tiktok | E69: 7495364159054580002 | F69: J&T COD | G69: 14/10/2024 01:18 | H69: 0 | I69: 752422494460 | J69: 17 | K69: ของเคลม LAZADA ไม่ทราบเหตุผล | Y69: -
A70: 68 | B70: DYF66 | C70: พ***ก ม***สอน | D70: Tiktok | E70: 7494033840357934656 | F70: Flash Express Thailand COD | G70: 14/10/2024 01:15 | H70: 0 | I70: THT0407179DJZ0Z | J70: 17 | K70: ของเคลม LAZADA ไม่ทราบเหตุผล | Y70: -
A71: 69 | B71: DYF67 | C71: ก******ี | D71: Shopee | E71: k.kan556 | F71: SPX Express | G71: 14/10/2024 01:28 | H71: 0 | I71: TH2418893502368 | J71: 17 | K71: ของเคลม LAZADA ไม่ทราบเหตุผล | Y71: -
A72: 70 | B72: DYF69 | C72: น***าวอลิสา ธ***ลัย | D72: Tiktok | E72: 7493992073534736073 | F72: J&T COD | G72: 14/10/2024 01:58 | H72: 0 | I72: 752442165425 | J72: 17 | K72: ของเคลม LAZADA ไม่ทราบเหตุผล | Y72: -
A73: 71 | B73: DYF70 | C73: ศ******์ | D73: Shopee | E73: sirinporn9952 | F73: SPX Express | G73: 14/10/2024 03:10 | H73: 0 | I73: TH241879827674Y | J73: 17 | K73: ของเคลม LAZADA ไม่ทราบเหตุผล | Y73: -
A74: 72 | B74: DYF71 | C74: ป***ุม ไ***ถื่อน | D74: Tiktok | E74: 7494051658267201310 | F74: J&T Express | G74: 14/10/2024 02:48 | H74: 0 | I74: 752467032472 | J74: 17 | K74: ของเคลม LAZADA ไม่ทราบเหตุผล | Y74: 915772949752620
A75: 73 | B75: DYF72 | C75: W******i | D75: Shopee | E75: wandee_srinuanyai | F75: Flash Express | G75: 14/10/2024 02:57 | H75: 0 | I75: TH670168Y4CF6D1 | J75: 17 | K75: ของเคลม LAZADA ไม่ทราบเหตุผล | Y75: -
A76: 74 | B76: DYF73 | C76: โ***ส ส***รุ | D76: Tiktok | E76: 7494008255191287168 | F76: J&T COD | G76: 14/10/2024 03:13 | H76: 0 | I76: 752478864406 | J76: 17 | K76: ของเคลม LAZADA เนื่องจากลูกค้าได้รับสินค้าไม่ครบ | L76: เคลม ออเดอร์ Lazada DYL99 | Y76: -
A77: 75 | B77: DYF75 | C77: ว*****น | D77: Shopee | E77: omg126 | F77: SPX Express | G77: 14/10/2024 03:40 | H77: 0 | I77: TH240465794046P | J77: 17 | K77: ของเคลม LAZADA ไม่ทราบเหตุผล | Y77: -
A78: 76 | B78: DYF76 | C78: น***ิริ | D78: Tiktok | E78: 7494998101394557540 | F78: J&T COD | G78: 14/10/2024 03:44 | H78: 0 | I78: 752430561422 | J78: 17 | K78: ของเคลม LAZADA ไม่ทราบเหตุผล | Y78: -
A79: 77 | B79: DYF77 | C79: ป***าณ ค*** | D79: Tiktok | E79: 7495900703222237430 | F79: J&T COD | G79: 14/10/2024 04:36 | H79: 0 | I79: 752409765413 | J79: 17 | K79: ของเคลม LAZADA ไม่ทราบเหตุผล | Y79: -
A80: 78 | B80: DYF78 | C80: น***สรา เ***ระยูร | D80: Tiktok | E80: 7494018285243565776 | F80: J&T COD | G80: 14/10/2024 05:09 | H80: 0 | I80: 752438567414 | J80: 17 | K80: ของเคลม LAZADA ไม่ทราบเหตุผล | Y80: -
A81: 79 | B81: DYF79 | C81: น******์ | D81: Shopee | E81: chonlapatchtimpotter | F81: SPX Express | G81: 14/10/2024 05:28 | H81: 0 | I81: TH244071056539C | J81: 17 | K81: ของเคลม Shopee เนื่องจากลูกค้าได้รับสินค้าไม่ครบ | L81: เคลมเนื่องจากลูกค้าำด้ของไม่ครบ | Y81: 909818280052305
A82: 80 | B82: DYF80 | C82: จ*** ค***ง | D82: Tiktok | E82: 7495108549478746773 | F82: Flash Express Thailand COD | G82: 14/10/2024 05:28 | H82: 0 | I82: THT27071799395Z | J82: 17 | K82: ของเคลม LAZADA ไม่ทราบเหตุผล | Y82: 909927229068620
A83: 81 | B83: DYF81 | C83: น******์ | D83: Shopee | E83: klittaporn | F83: SPX Express | G83: 14/10/2024 05:55 | H83: 0 | I83: TH244748841603E | J83: 17 | K83: ของเคลม LAZADA ไม่ทราบเหตุผล | Y83: 910173202152305
A84: 82 | B84: DYF82 | C84: อ***ิดา | D84: Tiktok | E84: 7494794064558852196 | F84: J&T COD | G84: 14/10/2024 06:05 | H84: 0 | I84: 752422294470 | J84: 17 | K84: ของเคลม LAZADA ไม่ทราบเหตุผล | Y84: 910217849932292
A85: 83 | B85: DYF83 | C85: น***ปาล์ม | D85: Tiktok | E85: 7494027976796178075 | F85: J&T Express | G85: 14/10/2024 06:10 | H85: 0 | I85: 752490538435 | J85: 17 | K85: ของเคลม LAZADA ไม่ทราบเหตุผล | Y85: 910256024179950
A86: 84 | B86: DYF84 | C86: ธ******ร | D86: Shopee | E86: naa_dumb | F86: SPX Express | G86: 14/10/2024 06:42 | H86: 0 | I86: TH245251261031I | J86: 17 | K86: ของเคลม LAZADA ไม่ทราบเหตุผล | Y86: 916392963176220
A87: 85 | B87: DYF85 | C87: ล***าวรรณ โ***กลาง | D87: Tiktok | E87: 7494056325683578722 | F87: J&T COD | G87: 14/10/2024 06:22 | H87: 0 | I87: 752444792470 | J87: 17 | K87: ของเคลม LAZADA ไม่ทราบเหตุผล | Y87: 916405363764070
A88: 86 | B88: DYF86 | C88: อ*** | D88: Tiktok | E88: 7495862694648186957 | F88: J&T COD | G88: 14/10/2024 06:35 | H88: 0 | I88: 752488239403 | J88: 17 | K88: ของเคลม LAZADA ไม่ทราบเหตุผล | Y88: 910240096528038
A89: 87 | B89: DYF87 | C89: จิรัชญา นัยธนิช | D89: Lazada | F89: Kerry_dropoff | G89: 14/10/2024 06:39 | H89: 0 | I89: TH600568YB039A | J89: 17 | K89: ของเคลม LAZADA ไม่ทราบเหตุผล | Y89: 910256493016244
A90: 88 | B90: DYF88 | C90: ล***่อแก่ | D90: Tiktok | E90: 7494033333725857578 | F90: J&T COD | G90: 14/10/2024 06:56 | H90: 0 | I90: 752415997465 | J90: 17 | K90: ของเคลม Tiktok เนื่องจากลูกค้าได้รับสินค้าไม่ครบ | L90: ****เคลม**** | Y90: 916449520284239
A91: 89 | B91: DYF89 | C91: พลอยวรินทร์ ผ่องใส | D91: Lazada | F91: Kerry_dropoff | G91: 14/10/2024 07:00 | H91: 0 | I91: KERDO0136201115 | J91: 17 | K91: ของเคลม Shopee เนื่องจากลูกค้าได้รับสินค้าไม่ครบ | L91: ช้อปปี้ เลขออเดอร์ 2410119TAWANYR**ส่งสินค้าตามทีหลัง** | Y91: -
A92: 90 | B92: DYF92 | C92: ป***า ค***ตลอด | D92: Tiktok | E92: 7494008927372215474 | F92: J&T COD | G92: 14/10/2024 07:27 | H92: 0 | I92: 752495494634 | J92: 17 | K92: ของเคลม Shopee เนื่องจากลูกค้าได้รับสินค้าไม่ครบ | L92: ช้อปปี้ เลขออเดอร์ 241015J8QTXH3M**สินค้าไม่ครบ** | Y92: -
A93: 91 | B93: DYF94 | C93: กวิน เกิดนวล | D93: Lazada | F93: Kerry_dropoff | G93: 14/10/2024 07:39 | H93: 0 | I93: LEXPU0407519106 | J93: 17 | K93: ของเคลม Tiktok เนื่องจากลูกค้าได้รับสินค้าไม่ครบ | L93: แจ้งเคลมจาก Tiktok DYU69 | Y93: -
A94: 92 | B94: DYF95 | C94: ก***ฒน์ แ***ดซา | D94: Tiktok | E94: 7494071269355783667 | F94: J&T COD | G94: 14/10/2024 07:46 | H94: 0 | I94: 752484096630 | J94: 17 | K94: ของเคลม Tiktok เนื่องจากลูกค้าได้รับสินค้าไม่ครบ | L94: เคลมdzj88 สินค้าแตก | Y94: -
A95: 93 | B95: DYF96 | C95: อรทัย ลาวงษ์ | D95: Lazada | F95: Kerry_dropoff | G95: 14/10/2024 07:54 | H95: 0 | I95: TH381269284R7A | J95: 17 | K95: ของเคลม LAZADA ไม่ทราบเหตุผล | Y95: -
A96: 94 | B96: DYF99 | C96: น***หน่า | D96: Tiktok | E96: 7494014854452184675 | F96: J&T COD | G96: 14/10/2024 08:14 | H96: 0 | I96: 752463295636 | J96: 17 | K96: ของเคลม LAZADA ไม่ทราบเหตุผล
A97: 95 | B97: DYG1 | C97: ส***ภรณ์ ฉ***นุ้ย | D97: Tiktok | E97: 7494016240311568335 | F97: J&T Express | G97: 14/10/2024 08:16 | H97: 0 | I97: 752419698660 | J97: 17 | K97: ของเคลม LAZADA ไม่ทราบเหตุผล
A98: 96 | B98: DYJ92 | D98: Lazchoice | E98: Lazchoice | F98: EMS | G98: 14/10/2024 15:24 | H98: 0 | I98: 22774988154 | J98: 17 | K98: ของเคลม LAZADA ไม่ทราบเหตุผล
A99: 97 | B99: DYJ99 | D99: Lazchoice | E99: Lazchoice | F99: EMS | G99: 14/10/2024 15:32 | H99: 0 | I99: LBX024766766502907 | J99: 17 | K99: ของเคลม LAZADA ไม่ทราบเหตุผล
A100: 98 | B100: DYK3 | D100: Lazchoice | E100: Lazchoice | F100: EMS | G100: 14/10/2024 15:35 | H100: 0 | I100: LBX024766766506705 | J100: 17 | K100: ของเคลม LAZADA ไม่ทราบเหตุผล
...

Sheet ต.ค. ยกเลิก
A1: สรุปรายการยกเลิกออเดอร์ ที่ออกเลขที่ออเดอร์แล้ว (เนื่องจากลูกค้าเอฟในไลฟ์สดแล้วไม่ยืนยันออเดอร์) เดือนตุลาคม 2567
A2: ลำดับ | B2: เลขที่ออเดอร์ | C2: ชื่อ | D2: ช่องทางติดต่อ | E2: ชื่อตามช่องทางติดต่อ | F2: ขนส่ง | G2: วันที่สร้าง | H2: ยอดขาย | I2: หมายเหตุ
A3: 1 | B3: DWM51 | C3: อ******์ | D3: Shopee | E3: mim_thi | G3: 06/10/2024 12:08 | H3: 22 | I3: สรุปออเดอร์แล้ว ลูกค้ายกเลิก
A4: 2 | B4: DWM87 | D4: Facebook Live | E4: Namrin Namrin | F4: EMS | G4: 06/10/2024 13:43 | H4: 120 | I4: สรุปออเดอร์แล้ว ลูกค้ายกเลิก
A5: 3 | B5: DWN36 | C5: ก***า โ***กราน | D5: Tiktok | E5: 7493994627956508228 | F5: J&T Express | G5: 06/10/2024 15:50 | H5: 106 | I5: สรุปออเดอร์แล้ว ลูกค้ายกเลิก
A6: 4 | B6: DWN44 | C6: ส***ตรี เ***งประยูร | D6: Tiktok | E6: 7493990576149136878 | F6: J&T Express | G6: 06/10/2024 16:24 | H6: 106 | I6: สรุปออเดอร์แล้ว ลูกค้ายกเลิก
A7: 5 | B7: DWO36 | C7: เบนซ์ (โทรหาก่อนนะคะ รบกวนด้วยค่ะ) | D7: Lazada | F7: Kerry_dropoff | G7: 06/10/2024 20:33 | H7: 102.5 | I7: สรุปออเดอร์แล้ว ลูกค้ายกเลิก
A8: 6 | B8: DWO54 | C8: น******น | D8: Shopee | E8: som1699 | G8: 06/10/2024 21:16 | H8: 230 | I8: สรุปออเดอร์แล้ว ลูกค้ายกเลิก
A9: 7 | B9: DWO61 | C9: จ******น | D9: Shopee | E9: puerd9l5vd | G9: 06/10/2024 21:21 | H9: 102 | I9: สรุปออเดอร์แล้ว ลูกค้ายกเลิก
A10: 8 | B10: DWW67 | C10: ส***ธนา ป***ทองคำ | D10: Tiktok | E10: 7494050329082499060 | F10: J&T Express | G10: 08/10/2024 20:38 | H10: 200 | I10: สรุปออเดอร์แล้ว ลูกค้ายกเลิก
A11: 9 | B11: DXZ15 | C11: ค***เบม | D11: Tiktok | E11: 7494020781218956580 | F11: J&T Express | G11: 13/10/2024 12:43 | H11: 106 | I11: สรุปออเดอร์แล้ว ลูกค้ายกเลิก
A12: 10 | B12: DXZ30 | C12: Plawan | D12: Lazada | F12: Kerry_dropoff | G12: 13/10/2024 13:05 | H12: 162.1 | I12: สรุปออเดอร์แล้ว ลูกค้ายกเลิก
A13: 11 | B13: DYA19 | C13: K เ***ล | D13: Tiktok | E13: 7495358982934727178 | F13: J&T Express | G13: 13/10/2024 14:18 | H13: 145 | I13: สรุปออเดอร์แล้ว ลูกค้ายกเลิก
A14: 12 | B14: DYA58 | C14: ว***ช ต***แก้ว | D14: Tiktok | E14: 7494660609183025848 | F14: J&T Express | G14: 13/10/2024 15:01 | H14: 106 | I14: สรุปออเดอร์แล้ว ลูกค้ายกเลิก
A15: 13 | B15: DYA90 | C15: supawanpearpear | D15: Lazada | F15: Kerry_dropoff | G15: 13/10/2024 15:25 | H15: 1074 | I15: สรุปออเดอร์แล้ว ลูกค้ายกเลิก
A16: 14 | B16: DYB56 | C16: อ***ยา ด***คกสูง | D16: Tiktok | E16: 7494007083455317750 | F16: J&T Express | G16: 13/10/2024 16:07 | H16: 106 | I16: สรุปออเดอร์แล้ว ลูกค้ายกเลิก
A17: 15 | B17: DYC91 | C17: ต***น | D17: Tiktok | E17: 7495880332428544057 | F17: J&T Express | G17: 13/10/2024 17:34 | H17: 145 | I17: สรุปออเดอร์แล้ว ลูกค้ายกเลิก
A18: 16 | B18: DYD15 | C18: อ***า | D18: Tiktok | E18: 7494036498816075387 | F18: J&T Express | G18: 13/10/2024 17:59 | H18: 106 | I18: สรุปออเดอร์แล้ว ลูกค้ายกเลิก
A19: 17 | B19: DYE20 | C19: คุณอนิษา คงดำ | D19: line | E19: Jibani💕 | F19: EMS | G19: 13/10/2024 20:02 | H19: 0 | I19: ***เคลมสินค้าขาดส่งจากติ๊กต๊อก **
A20: 18 | B20: DYE24 | C20: อ*** ส***สิงห์ | D20: Tiktok | E20: 7495064757439859221 | F20: J&T Express | G20: 13/10/2024 20:07 | H20: 100 | I20: สรุปออเดอร์แล้ว ลูกค้ายกเลิก
A21: 19 | B21: DYE33 | C21: เมรีญา ซอเซ็น | D21: facebook | E21: Meriya Sosen | F21: EMS COD | G21: 13/10/2024 20:21 | H21: 130 | I21: สรุปออเดอร์แล้ว ลูกค้ายกเลิก
A22: 20 | B22: DYF3 | C22: ก***นา เ***งอนันต์ | D22: Tiktok | E22: 7494787739012467638 | F22: J&T Express | G22: 13/10/2024 21:39 | H22: 106 | I22: สรุปออเดอร์แล้ว ลูกค้ายกเลิก
A23: 21 | B23: DYF44 | C23: น***ต | D23: Shopee | E23: rut9169 | G23: 13/10/2024 22:55 | H23: 60 | I23: สรุปออเดอร์แล้ว ลูกค้ายกเลิก
A24: 22 | B24: EAK34 | C24: ศ******น | D24: Shopee | E24: aoqkt65r5s | G24: 22/10/2024 18:14 | H24: 78 | I24: สรุปออเดอร์แล้ว ลูกค้ายกเลิก
A25: 23 | B25: EAK38 | C25: ป******ะ | D25: Shopee | E25: b33ejkilx7 | G25: 22/10/2024 18:27 | H25: 78 | I25: สรุปออเดอร์แล้ว ลูกค้ายกเลิก
A26: 24 | B26: EAK61 | C26: ก******้ | D26: Shopee | E26: kandapakky | G26: 22/10/2024 20:16 | H26: 214 | I26: สรุปออเดอร์แล้ว ลูกค้ายกเลิก
A27: 25 | B27: EAK64 | C27: ศ******น | D27: Shopee | E27: aoqkt65r5s | G27: 22/10/2024 20:21 | H27: 500 | I27: สรุปออเดอร์แล้ว ลูกค้ายกเลิก
A28: 26 | B28: EAK66 | C28: จ******ฐ | D28: Shopee | E28: thajorn | G28: 22/10/2024 20:23 | H28: 40 | I28: สรุปออเดอร์แล้ว ลูกค้ายกเลิก
A29: 27 | B29: EAK70 | C29: ธ***รณ เ***ร์กูล | D29: Tiktok | E29: 7494216766075079186 | F29: J&T Express | G29: 22/10/2024 20:47 | H29: 96 | I29: สรุปออเดอร์แล้ว ลูกค้ายกเลิก
A30: 28 | B30: EAK86 | C30: ท******ุ | D30: Shopee | E30: popier6104 | G30: 22/10/2024 22:15 | H30: 47 | I30: สรุปออเดอร์แล้ว ลูกค้ายกเลิก | M30: 0 | N30: 900801206010597
A31: 29 | B31: EAL93 | C31: ก******์ | D31: Shopee | E31: tarapark | G31: 23/10/2024 14:26 | H31: 319 | I31: สรุปออเดอร์แล้ว ลูกค้ายกเลิก | M31: 0 | N31: 906815728009721
A32: 30 | B32: EAM36 | C32: จ***้ | D32: Tiktok | E32: 7494052301448449476 | F32: J&T Express | G32: 23/10/2024 16:19 | H32: 100 | I32: สรุปออเดอร์แล้ว ลูกค้ายกเลิก | M32: 0 | N32: 579242639958051041
A33: 31 | B33: EAM77 | C33: ว***ิสาข์ อ***เหว่า | D33: Tiktok | E33: 7494035221167179571 | F33: J&T Express | G33: 23/10/2024 16:34 | H33: 106 | I33: สรุปออเดอร์แล้ว ลูกค้ายกเลิก | M33: 0 | N33: 579242905526438911
A34: 32 | B34: EAM98 | C34: ก******) | D34: Shopee | E34: kwangsk13 | G34: 23/10/2024 16:48 | H34: 245 | I34: สรุปออเดอร์แล้ว ลูกค้ายกเลิก | M34: 0 | N34: 579243224466492155
A35: 32 | B35: EAN60 | C35: ณ***ุดา ป***โปร่ง | D35: Tiktok | E35: 7494016060015871172 | F35: J&T Express | G35: 23/10/2024 17:58 | H35: 106 | I35: สรุปออเดอร์แล้ว ลูกค้ายกเลิก | M35: 0 | N35: 579243224846732027
A36: 32 | B36: EAO63 | C36: ส******์ | D36: Shopee | E36: sutharat.w | G36: 23/10/2024 21:25 | H36: 227 | I36: สรุปออเดอร์แล้ว ลูกค้ายกเลิก | M36: 0 | N36: 579243248210118704
A37: 32 | B37: EAO78 | C37: ก** | D37: Tiktok | E37: 7495883405345065251 | F37: J&T Express | G37: 23/10/2024 22:07 | H37: 125 | I37: สรุปออเดอร์แล้ว ลูกค้ายกเลิก | M37: 0 | N37: 901053020741847
A38: 33 | B38: EAZ20 | C38: อมรรัตน์ มะธิปะ | D38: Lazada | F38: Kerry_dropoff | G38: 26/10/2024 22:01 | H38: 57.38 | I38: สรุปออเดอร์แล้ว ลูกค้ายกเลิก
A39: 34 | B39: EBJ14 | C39: ด***นตร ส***ินดี | D39: Tiktok | E39: 7495478486544845528 | F39: J&T Express | G39: 28/10/2024 13:34 | H39: 189 | I39: สรุปออเดอร์แล้ว ลูกค้ายกเลิก
A40: 35 | B40: EBJ49 | C40: ป***ี แ***ฤาชัย ค***อ | D40: Tiktok | E40: 7494981886424156470 | F40: J&T Express | G40: 28/10/2024 14:32 | H40: 600 | I40: สรุปออเดอร์แล้ว ลูกค้ายกเลิก
A41: 36 | B41: EBK14 | C41: อาภาพร ปั่นครบุรี | D41: Lazada | F41: Kerry_dropoff | G41: 28/10/2024 16:39 | H41: 89.42 | I41: สรุปออเดอร์แล้ว ลูกค้ายกเลิก
A42: 37 | B42: EBK73 | C42: นางอังสุมารินทร์ ขุนสูงเนิน | D42: Lazada | F42: Kerry_dropoff | G42: 28/10/2024 19:06 | H42: 57.63 | I42: สรุปออเดอร์แล้ว ลูกค้ายกเลิก
A43: 38 | B43: EBK92 | C43: ด***รัตน์ ส***มทอง | D43: Tiktok | E43: 7494010993579426904 | F43: J&T Express | G43: 28/10/2024 19:50 | H43: 106 | I43: สรุปออเดอร์แล้ว ลูกค้ายกเลิก
A44: 39 | B44: EBK97 | C44: ลาวัลย์ ฤทธิ์นาค | D44: Lazada | F44: Kerry_dropoff | G44: 28/10/2024 19:58 | H44: 60.8 | I44: สรุปออเดอร์แล้ว ลูกค้ายกเลิก
A45: 40 | B45: EBL22 | C45: nipaporn | D45: Lazada | F45: Kerry_dropoff | G45: 28/10/2024 20:43 | H45: 323.23 | I45: สรุปออเดอร์แล้ว ลูกค้ายกเลิก
A46: 41 | B46: EBL39 | C46: ส***น์ ณ*** | D46: Tiktok | E46: 7494040326536463649 | F46: J&T Express | G46: 28/10/2024 21:03 | H46: 145 | I46: สรุปออเดอร์แล้ว ลูกค้ายกเลิก
A47: 42 | B47: EBL77 | C47: ว***รณ์ อ***เพ็ง | D47: Tiktok | E47: 7494788171432560646 | F47: J&T Express | G47: 28/10/2024 22:36 | H47: 106 | I47: สรุปออเดอร์แล้ว ลูกค้ายกเลิก
M54: 0 | N54: 901056403841847
M55: 0 | N55: 579244585222638440
M56: 112 | N56: 2408258PXV00HR
G58: ยอดรวม | H58: =SUM(H3:H57) -> 7350.06 | I58: บาท

Sheet ก.ย. เคลม
A1: สรุปรายการส่งของเคลมสินค้า เดือนกันยายน 2567
A2: ลำดับ | B2: เลขที่ออเดอร์ | C2: ชื่อ | D2: ช่องทางติดต่อ | E2: ชื่อตามช่องทางติดต่อ | F2: ขนส่ง | G2: วันที่สร้าง | H2: ยอดขาย | I2: เลขพัสดุ | J2: ค่าขนส่ง | K2: หมายเหตุ | L2: หมายเหตุ | N2: รายการ | O2: จำนวนออเดอร์
A3: 1 | B3: DPH82 | C3: พิไลวรรณ ทองจันทร์ | D3: facebook | F3: EMS | G3: 01/09/2024 10:39 | H3: 0 | I3: JB056318276TH | J3: 22 | K3: ของเคลม Tiktok เนื่องจากลูกค้าได้รับสินค้าไม่ครบ | L3: ‼️‼️เคลม ลูกค้า ตต. ของไม่ครบ‼️‼️ | N3: ของเคลม LAZADA เนื่องจากลูกค้าได้รับสินค้าไม่ครบ | O3: 1
A4: 2 | B4: DPH85 | C4: กรรณิกา หอมทอง | D4: facebook | F4: EMS | G4: 01/09/2024 10:40 | H4: 0 | I4: JB056318280TH | J4: 22 | K4: ของเคลม Tiktok เนื่องจากลูกค้าได้รับสินค้าไม่ครบ | L4: เคลมติ๊กต๊อก ส่งของไม่ครบ | N4: ของเคลม LAZADA เนื่องจากลูกค้าได้รับสินค้าผิดไม่ตรงตามที่สั่ง
A5: 3 | B5: DPJ92 | C5: ภาฝัน วันลักษณ์ | D5: facebook | F5: EMS | G5: 01/09/2024 14:40 | H5: 0 | I5: JB056318355TH | J5: 17 | K5: ของเคลม Tiktok เนื่องจากลูกค้าได้รับสินค้าไม่ครบ | L5: เคลมติ๊กต๊ิอก ส่งสินค้าไม่ครบ 579249743107688815 | N5: ของเคลม LAZADA เนื่องจากลูกค้าไม่ได้รับสินค้า
A6: 4 | B6: DPP55 | C6: เคลมติ๊กต๊อก | D6: facebook | F6: EMS | G6: 02/09/2024 13:25 | H6: 0 | I6: JB056599302TH | J6: 17 | K6: ของเคลม Tiktok เนื่องจากลูกค้าได้รับสินค้าไม่ครบ | L6: ติ๊กต่อกได้ของไม่ครบ | N6: ของเคลม LAZADA เนื่องจากสินค้าเสียหายจากการขนส่ง | O6: 4
A7: 5 | B7: DPP82 | C7: กนกรัตน์ | D7: facebook | F7: EMS | G7: 02/09/2024 14:03 | H7: 0 | I7: JB056599320TH | J7: 17 | K7: ของเคลม Tiktok เนื่องจากลูกค้าได้รับสินค้าไม่ครบ | L7: เคลมติ๊กต๊อก ส่งสินค้าไม่ครบ 579262315393419817 | N7: ของเคลม LAZADA เนื่องจากสินค้าเน่าเสียก่อนวันหมดอายุที่แจ้งข้างกล่อง
A8: 6 | B8: DPT27 | C8: สมฤดี สภาษิ | D8: facebook | F8: EMS | G8: 03/09/2024 11:46 | H8: 0 | I8: JB056833230TH | J8: 17 | K8: ของเคลม Tiktok เนื่องจากลูกค้าได้รับสินค้าไม่ครบ | L8: เคลมติ๊กต๊อก ส่งของไม่ครบ 579263387038419675 | N8: ของเคลม LAZADA เนื่องจากสินค้ามีรสชาติขม รสชาติ สีของขนม ผิดปกติ
A9: 7 | B9: DPT28 | C9: ศิริพร พรมเมือง | D9: facebook | F9: EMS | G9: 03/09/2024 11:47 | H9: 0 | I9: JB056833257TH | J9: 17 | K9: ของเคลม Tiktok เนื่องจากลูกค้าได้รับสินค้าไม่ครบ | L9: เคลมติ๊กต๊อก ส่งของไม่ครบ 579246232615094460 | N9: ของเคลม LAZADA เนื่องจากสินค้าไม่มี
A10: 8 | B10: DPX82 | C10: ติ๊ก | D10: Lazada | F10: Kerry_dropoff | G10: 04/09/2024 07:31 | H10: 0 | I10: KERDO0133780413 | J10: 30 | K10: ของเคลม LAZADA ไม่ทราบเหตุผล | N10: ของเคลม LAZADA ไม่ทราบเหตุผล | O10: =22+12+19 -> 53
A11: 9 | B11: DPZ71 | C11: ชื่อ แพร | D11: facebook | F11: EMS | G11: 04/09/2024 14:51 | H11: 0 | I11: JB057067129TH | J11: 17 | K11: ของเคลม Tiktok เนื่องจากลูกค้าได้รับสินค้าไม่ครบ | L11: เคลมติ๊กต๊อก ส่งของไม่ครบ 579268615820577770 | N11: ของเคลม Shopee เนื่องจากลูกค้าได้รับสินค้าไม่ครบ | O11: =19+3 -> 22
A12: 10 | B12: DQC12 | C12: เอมอร.พรมฟ้า | D12: other | E12: user5060010882756 | F12: EMS | G12: 05/09/2024 07:28 | H12: 0 | I12: JB057067217TH | J12: 17 | K12: ของเคลม Tiktok เนื่องจากลูกค้าได้รับสินค้าไม่ครบ | L12: เคลม ตต 579268602602686738 ได้รับของไม่ครบ | N12: ของเคลม Shopee เนื่องจากลูกค้าได้รับสินค้าผิดไม่ตรงตามที่สั่ง | O12: 1
A13: 11 | B13: DQD6 | C13: เอ็มหนวห | D13: Lazada | F13: Kerry_dropoff | G13: 05/09/2024 12:27 | H13: 0 | I13: LEXPU0390540584 | J13: 29 | K13: ของเคลม LAZADA ไม่ทราบเหตุผล | N13: ของเคลม Shopee เนื่องจากลูกค้าไม่ได้รับสินค้า
A14: 12 | B14: DQE71 | C14: เอ็มหนหส | D14: Lazada | F14: Kerry_dropoff | G14: 05/09/2024 15:48 | H14: 0 | I14: LEXPU0390541612 | J14: 29 | K14: ของเคลม LAZADA ไม่ทราบเหตุผล | N14: ของเคลม Shopee เนื่องจากสินค้าเสียหายจากการขนส่ง | O14: 2
A15: 13 | B15: DQG69 | C15: ปุ้ยย | D15: Lazada | F15: Kerry_dropoff | G15: 05/09/2024 22:26 | H15: 0 | I15: LEXPU0390541970 | J15: 45 | K15: ของเคลม LAZADA ไม่ทราบเหตุผล | N15: ของเคลม Shopee เนื่องจากสินค้าเน่าเสียก่อนวันหมดอายุที่แจ้งข้างกล่อง
A16: 14 | B16: DQI99 | C16: สมพร ศรีสมุทร | D16: facebook | E16: ดาวสนี่ ศรีสมุทร | F16: EMS | G16: 06/09/2024 14:03 | H16: 0 | I16: JB057793497TH | J16: 17 | K16: ของเคลม Facebook , Facebook Live เนื่องจากสินค้าเสียหายจากการขนส่ง | L16: เคลมเนื่องจากสินค้าเสียหายจากเฟสDPQ53 | N16: ของเคลม Shopee เนื่องจากสินค้ามีรสชาติขม รสชาติ สีของขนม ผิดปกติ | O16: 2
A17: 15 | B17: DQJ3 | C17: คุณอนงค์ วิริยกุล | D17: facebook | E17: Anong Viriyakul | F17: EMS | G17: 06/09/2024 14:09 | H17: 0 | I17: JB057793506TH | J17: 17 | K17: ของเคลม Facebook , Facebook Live เนื่องจากลูกค้าได้รับสินค้าไม่ครบ | L17: เคลมเนื่องจากลูกค้าได้ของไม่ครบจากเฟสDQB27 | N17: ของเคลม Shopee เนื่องจากสินค้าไม่มี
A18: 16 | B18: DQK4 | C18: เอ็มหนว | D18: Lazada | F18: Kerry_dropoff | G18: 06/09/2024 16:28 | H18: 0 | I18: LEXPU0390897315 | J18: 29 | K18: ของเคลม LAZADA ไม่ทราบเหตุผล | N18: ของเคลม Shopee ไม่ทราบเหตุผล
A19: 17 | B19: DQL20 | C19: เพียงนี้ บุ้งจาน | D19: Lazada | F19: Kerry_dropoff | G19: 06/09/2024 20:37 | H19: 0 | I19: LEXDO0112283491 | J19: 45 | K19: ของเคลม LAZADA ไม่ทราบเหตุผล | N19: ของเคลม Line OA เนื่องจากลูกค้าได้รับสินค้าไม่ครบ
A20: 18 | B20: DQP25 | C20: สุพิชญา | D20: Lazada | F20: Kerry_dropoff | G20: 07/09/2024 21:30 | H20: 0 | I20: LEXPU0391130502 | J20: 45 | K20: ของเคลม LAZADA ไม่ทราบเหตุผล | N20: ของเคลม Line OA เนื่องจากลูกค้าได้รับสินค้าผิดไม่ตรงตามที่สั่ง
A21: 19 | B21: DQP98 | C21: มีนา สายกระสุน | D21: facebook | F21: EMS | G21: 08/09/2024 07:23 | H21: 0 | I21: JB057664705TH | J21: 17 | K21: ของเคลม Tiktok เนื่องจากลูกค้าได้รับสินค้าไม่ครบ | L21: เคลม ตต ได้ของไม่ครบ | N21: ของเคลม Line OA เนื่องจากลูกค้าไม่ได้รับสินค้า
A22: 20 | B22: DQQ14 | C22: รพีพรรณ บัวคำ | D22: facebook | F22: EMS | G22: 08/09/2024 09:06 | H22: 0 | I22: JB057793510TH | J22: 17 | K22: ของเคลม ไปรษณีย์ เนื่องจากสินค้ามีรสชาติขม รสชาติ สีของขนม ผิดปกติ | L22: *** สินค้ามดขึ้น***เคลมปณ | N22: ของเคลม Line OA เนื่องจากสินค้าเสียหายจากการขนส่ง
A23: 21 | B23: DQR19 | C23: pipleeamkik | D23: Lazada | F23: Kerry_dropoff | G23: 08/09/2024 11:49 | H23: 0 | I23: LEXDO0112554312 | J23: 30 | K23: ของเคลม LAZADA ไม่ทราบเหตุผล | N23: ของเคลม Line OA เนื่องจากสินค้าเน่าเสียก่อนวันหมดอายุที่แจ้งข้างกล่อง
A24: 22 | B24: DQV57 | C24: เอ็มหนห | D24: Lazada | F24: Kerry_dropoff | G24: 08/09/2024 23:52 | H24: 0 | I24: LEXPU0392066755 | J24: 29 | K24: ของเคลม LAZADA ไม่ทราบเหตุผล | N24: ของเคลม Line OA เนื่องจากสินค้ามีรสชาติขม รสชาติ สีของขนม ผิดปกติ
A25: 23 | B25: DQW19 | C25: เอ็มหนหว | D25: Lazada | F25: Kerry_dropoff | G25: 09/09/2024 01:14 | H25: 0 | I25: LEXPU0392088815 | J25: 29 | K25: ของเคลม LAZADA ไม่ทราบเหตุผล | N25: ของเคลม Line OA เนื่องจากสินค้าไม่มี
A26: 24 | B26: DQZ42 | C26: อ้อมใจ บรรณาการบวร | D26: facebook | F26: EMS | G26: 09/09/2024 12:02 | H26: 0 | I26: JB058066460TH | J26: 17 | K26: ของเคลม Shopee เนื่องจากลูกค้าได้รับสินค้าไม่ครบ | L26: เคลมช็อปปี้ ส่งของไม่ครบ2409068WFV3XPD | N26: ของเคลม Line OA ไม่ทราบเหตุผล
A27: 25 | B27: DQZ44 | C27: สกุลนี สีใส | D27: facebook | F27: EMS | G27: 09/09/2024 12:03 | H27: 0 | I27: JB058066487TH | J27: 47 | K27: ของเคลม Tiktok เนื่องจากลูกค้าได้รับสินค้าไม่ครบ | L27: เคลมติ๊กต๊อก ส่งของไม่ครบ | N27: ของเคลม Facebook , Facebook Live เนื่องจากลูกค้าได้รับสินค้าไม่ครบ | O27: 4
A28: 26 | B28: DQZ47 | C28: ชื่อผู้รับ สันต์ฤทัย สิทธิโน | D28: facebook | F28: EMS | G28: 09/09/2024 12:04 | H28: 0 | I28: JB058066495TH | J28: 22 | K28: ของเคลม LAZADA เนื่องจากสินค้าเสียหายจากการขนส่ง | L28: เคลมลาซาด้า สิน้คาบี้แบน 911723390122352 | N28: ของเคลม Facebook , Facebook Live เนื่องจากลูกค้าได้รับสินค้าผิดไม่ตรงตามที่สั่ง
A29: 27 | B29: DRB43 | C29: คุณจารุพิชญา แสงภิบาล | D29: facebook | F29: EMS | G29: 09/09/2024 15:09 | H29: 0 | I29: JB058066601TH | J29: 17 | K29: ของเคลม Shopee เนื่องจากลูกค้าได้รับสินค้าไม่ครบ | L29: ช้อปปี้ เลขออเดอร์ 2409031BJBTKK6**ไม่ครบ** | N29: ของเคลม Facebook , Facebook Live เนื่องจากลูกค้าไม่ได้รับสินค้า
A30: 28 | B30: DRI61 | C30: อฐิติรัตน์ | D30: facebook | F30: EMS | G30: 10/09/2024 09:11 | H30: 0 | I30: JB058281640TH | J30: 17 | K30: ของเคลม TikTok เนื่องจากสินค้าเสียหายจากการขนส่ง | L30: เคลมตต ขนมกล่องแตก | N30: ของเคลม Facebook , Facebook Live เนื่องจากสินค้าเสียหายจากการขนส่ง | O30: 1
A31: 29 | B31: DRI63 | C31: จิรัฐยา เนื่องรุจิ | D31: facebook | F31: EMS | G31: 10/09/2024 09:12 | H31: 0 | I31: JB058281653TH | J31: 17 | K31: ของเคลม LAZADA เนื่องจากสินค้าเสียหายจากการขนส่ง | L31: ลาซาด้า เลขออเดอร์ 905712845072466**ขนมปังแบน** | N31: ของเคลม Facebook , Facebook Live เนื่องจากสินค้าเน่าเสียก่อนวันหมดอายุที่แจ้งข้างกล่อง
A32: 30 | B32: DRL75 | C32: อภิชญา สิทธิเศรษฐ | D32: facebook | F32: EMS | G32: 10/09/2024 16:50 | H32: 0 | I32: JB058281914TH | J32: 17 | K32: ของเคลม Shopee เนื่องจากสินค้าเสียหายจากการขนส่ง | L32: เคลมช็อปปี้ สินค้าบี้แบน 2409056NB5T98F | N32: ของเคลม Facebook , Facebook Live เนื่องจากสินค้ามีรสชาติขม รสชาติ สีของขนม ผิดปกติ
A33: 31 | B33: DRL76 | C33: สายสมร คำยางจ้อง | D33: facebook | F33: EMS | G33: 10/09/2024 16:51 | H33: 0 | I33: JB058281928TH | J33: 17 | K33: ของเคลม Tiktok เนื่องจากลูกค้าได้รับสินค้าไม่ครบ | L33: เคลมติ๊ก๖๊อก ส่งของไม่ครบ 579300030498442135 | N33: ของเคลม Facebook , Facebook Live เนื่องจากสินค้าไม่มี
A34: 32 | B34: DRL77 | C34: น.ส. พิยดา เทียนโคกกรวด | D34: facebook | F34: EMS | G34: 10/09/2024 16:52 | H34: 0 | I34: JB058281931TH | J34: 17 | K34: ของเคลม Tiktok เนื่องจากลูกค้าได้รับสินค้าไม่ครบ | L34: ❌❌❌แจ้งเคลม ตตแจ้ง : สินค้าไม่ครบ | N34: ของเคลม Facebook , Facebook Live ไม่ทราบเหตุผล
A35: 33 | B35: DRU60 | C35: เล็ก | D35: facebook | E35: Žêņïęr Łëķ | F35: EMS | G35: 11/09/2024 15:43 | H35: 0 | I35: JB083292321TH | J35: 17 | K35: ของเคลม ไปรษณีย์ เนื่องจากสินค้ามีรสชาติขม รสชาติ สีของขนม ผิดปกติ | L35: เคลมเนื่องสินค้ามีราขึ้น | N35: ของเคลม Tiktok เนื่องจากลูกค้าได้รับสินค้าไม่ครบ | O35: 20
A36: 34 | B36: DRV46 | C36: อ้อมใจ บรรณาการบวร | D36: facebook | F36: EMS | G36: 11/09/2024 16:49 | H36: 0 | I36: JB083292383TH | J36: 17 | K36: ของเคลม Shopee เนื่องจากลูกค้าได้รับสินค้าไม่ครบ | L36: เคลมช็อปปี้ ส่งของไม่ครบ 2409068WFV3XPD | N36: ของเคลม Tiktok เนื่องจากลูกค้าได้รับสินค้าผิดไม่ตรงตามที่สั่ง | O36: 3
A37: 35 | B37: DSC77 | C37: อรวรรณ เรืองนุกูล | D37: facebook | F37: EMS | G37: 12/09/2024 14:09 | H37: 0 | I37: JB083489071TH | J37: 17 | K37: ของเคลม Tiktok เนื่องจากลูกค้าได้รับสินค้าไม่ครบ | L37: 📍เคลม ตต ส่งของไม่ครบ | N37: ของเคลม Tiktok เนื่องจากลูกค้าไม่ได้รับสินค้า
A38: 36 | B38: DSC79 | C38: พัชราภรณ์ ผ่องผา | D38: facebook | F38: EMS | G38: 12/09/2024 14:10 | H38: 0 | I38: JB083489085TH | J38: 17 | K38: ของเคลม Tiktok เนื่องจากลูกค้าได้รับสินค้าไม่ครบ | L38: 📍เคลม ตต ส่งของไม่ครบ | N38: ของเคลม TikTok เนื่องจากสินค้าเสียหายจากการขนส่ง | O38: 4
A39: 37 | B39: DSE38 | C39: สุกานดา ยศปัญญา | D39: facebook | F39: EMS | G39: 12/09/2024 17:35 | H39: 0 | I39: JB083489235TH | J39: 17 | K39: ของเคลม Tiktok เนื่องจากลูกค้าได้รับสินค้าไม่ครบ | L39: ***เคลมตต สินค้าส่งผิด สั่งชิฟฟ่อน3กล่องแต่ส่ง ปังกรอบ3ถุง คนแพ็ค แพ็คผิด | N39: ของเคลม TikTok เนื่องจากสินค้าเน่าเสียก่อนวันหมดอายุที่แจ้งข้างกล่อง
A40: 38 | B40: DSG83 | C40: นุสรา เลาหพิบูลรัตนา | D40: Lazada | F40: Kerry_dropoff | G40: 13/09/2024 02:07 | H40: 0 | I40: LEXPU0394334883 | J40: 11 | K40: ของเคลม LAZADA ไม่ทราบเหตุผล | N40: ของเคลม Tiktok เนื่องจากสินค้ามีรสชาติขม รสชาติ สีของขนม ผิดปกติ | O40: 1
A41: 39 | B41: DSH71 | C41: ไอซ์ | D41: facebook | F41: EMS | G41: 13/09/2024 09:52 | H41: 0 | I41: JB083684708TH | J41: 17 | K41: ของเคลม Shopee เนื่องจากลูกค้าได้รับสินค้าไม่ครบ | L41: ช้อปปี้ เลขออเดอร์ 240901SQFNC17P**สินค้าไม่ครบ** | N41: ของเคลม Tiktok เนื่องจากสินค้าไม่มี
A42: 40 | B42: DSH72 | C42: เคลมช็อปปี้ | D42: facebook | F42: EMS | G42: 13/09/2024 09:53 | H42: 0 | I42: JB083684711TH | J42: 17 | K42: ของเคลม Shopee เนื่องจากลูกค้าได้รับสินค้าไม่ครบ | L42: ช้อปปี้ เลขออเดอร์240909G8XHXB4B**ของไม่ครบ** | N42: ของเคลม Tiktok ไม่ทราบเหตุผล
A43: 41 | B43: DSH73 | C43: พรเพ็ญ จีนทอง | D43: facebook | F43: EMS | G43: 13/09/2024 09:54 | H43: 0 | I43: JB083684725TH | J43: 17 | K43: ของเคลม Shopee เนื่องจากลูกค้าได้รับสินค้าไม่ครบ | L43: ช้อปปี้ เลขออเดอร์ 240910JJC1W3B4**สินค้าไม่ครบ** | N43: ของเคลม ไปรษณีย์ เนื่องจากลูกค้าได้รับสินค้าไม่ครบ
A44: 42 | B44: DSH74 | C44: ขวัญฤทัย รุ่งน้อย | D44: facebook | F44: EMS | G44: 13/09/2024 09:55 | H44: 0 | I44: JB083684739TH | J44: 17 | K44: ของเคลม Shopee เนื่องจากลูกค้าได้รับสินค้าไม่ครบ | L44: ช้อปปี้ เลขออเดอร์240909GDJ7D2DM**สินค้าไม่ครบ** | N44: ของเคลม ไปรษณีย์ เนื่องจากลูกค้าได้รับสินค้าผิดไม่ตรงตามที่สั่ง
A45: 43 | B45: DSI10 | C45: เจนจิรา เกตุวงศ์วิริยะ | D45: facebook | F45: EMS | G45: 13/09/2024 10:27 | H45: 0 | I45: JB083684742TH | J45: 17 | K45: ของเคลม Shopee เนื่องจากลูกค้าได้รับสินค้าผิดไม่ตรงตามที่สั่ง | L45: ช้อปปี้ เลขออเดอร์ 240909H1MC9DMU**ได้รับสินค้าผิด** | N45: ของเคลม ไปรษณีย์ เนื่องจากลูกค้าไม่ได้รับสินค้า
A46: 44 | B46: DSJ27 | C46: กัลยา บัวระภา | D46: Lazada | F46: Kerry_dropoff | G46: 13/09/2024 12:31 | H46: 0 | I46: LEXDO0113093421 | J46: 30 | K46: ของเคลม LAZADA ไม่ทราบเหตุผล | N46: ของเคลม ไปรษณีย์ เนื่องจากสินค้าเสียหายจากการขนส่ง
A47: 45 | B47: DSK3 | C47: คุณปราณี ปรานโศภิณ | D47: facebook | F47: EMS | G47: 13/09/2024 13:45 | H47: 0 | I47: JB083684875TH | J47: 17 | K47: ของเคลม Tiktok เนื่องจากลูกค้าได้รับสินค้าไม่ครบ | L47: 📍เคลม Tiktokเลขออเดอร์ 579322197442594833 ส่งของไม่ครบ | N47: ของเคลม ไปรษณีย์ เนื่องจากสินค้าเน่าเสียก่อนวันหมดอายุที่แจ้งข้างกล่อง
A48: 46 | B48: DSK4 | C48: เคลมติ๊กต๊อก | D48: facebook | F48: EMS | G48: 13/09/2024 13:47 | H48: 0 | I48: JB083684889TH | J48: 17 | K48: ของเคลม TikTok เนื่องจากสินค้าเสียหายจากการขนส่ง | L48: เคลมติ๊กต๊อก ส่งของผิด 579320963309930830 | N48: ของเคลม ไปรษณีย์ เนื่องจากสินค้ามีรสชาติขม รสชาติ สีของขนม ผิดปกติ | O48: 2
A49: 47 | B49: DSK6 | C49: ชุติมา แสงอรุณ | D49: facebook | F49: EMS | G49: 13/09/2024 13:48 | H49: 0 | I49: JB083684892TH | J49: 17 | K49: ของเคลม Shopee เนื่องจากลูกค้าได้รับสินค้าไม่ครบ | L49: ช้อปปี้ เลขออเดอร์ 240911NM1T2CCP**ได้ของไม่ครบ** | N49: ของเคลม ไปรษณีย์ เนื่องจากสินค้าไม่มี
A50: 48 | B50: DSK95 | C50: ลำดวน ภักดี | D50: facebook | F50: EMS | G50: 13/09/2024 15:20 | H50: 0 | I50: JB083684950TH | J50: 17 | K50: ของเคลม Shopee เนื่องจากลูกค้าได้รับสินค้าไม่ครบ | L50: ช้อปปี้ เลขออเดอร์ 240910JQGDBA6E**สินค้าไม่ครบ** | N50: ของเคลม ไปรษณีย์ ไม่ทราบเหตุผล
A51: 49 | B51: DSM60 | C51: เบญจวรรณ ภูมะลัย | D51: facebook | F51: EMS | G51: 13/09/2024 17:45 | H51: 0 | I51: JB083685014TH | J51: 17 | K51: ของเคลม Shopee เนื่องจากสินค้าเสียหายจากการขนส่ง | L51: เคลมช็อปปี้ สินค้าเสียหาย 240909GTV5BES8 | N51: ของเคลม ตัวแทนเส้น
A52: 50 | B52: DSM61 | C52: สุธาสินี ประดิษฐ์ธัญสกุล | D52: facebook | F52: EMS | G52: 13/09/2024 17:46 | H52: 0 | I52: JB083685031TH | J52: 17 | K52: ของเคลม TikTok เนื่องจากสินค้าเสียหายจากการขนส่ง | L52: เคลมติ๊กต๊อก สินค้าแตก 579312931347139243 | N52: ของเคลม เนื่องจากสินค้ามีรสชาติไม่ปกติ (ขม)
A53: 51 | B53: DSP6 | C53: นุสรา เลาหพิบูลรัตนา | D53: Lazada | F53: Kerry_dropoff | G53: 14/09/2024 02:02 | H53: 0 | I53: LEXPU0394682432 | J53: 29 | K53: ของเคลม LAZADA ไม่ทราบเหตุผล | N53: เคลมลูกค้านัดรับ เส้น
A54: 52 | B54: DSQ34 | C54: กัลยา บัวระภา | D54: Lazada | F54: Kerry_dropoff | G54: 14/09/2024 11:20 | H54: 0 | I54: LEXDO0113160244 | J54: 30 | K54: ของเคลม LAZADA ไม่ทราบเหตุผล | N54: เคลมสินค้าเนื่องจากกล่องชำรุด เสียหาย
A55: 53 | B55: DSV54 | C55: นุสรา เลาหพิบูลรัตนา | D55: Lazada | F55: Kerry_dropoff | G55: 15/09/2024 03:28 | H55: 0 | I55: LEXPU0394931436 | J55: 29 | K55: ของเคลม LAZADA ไม่ทราบเหตุผล | N55: เคลมเนื่องจากส่งสินค้าผิด
A56: 54 | B56: DSW17 | C56: มอนสเตอส | D56: Lazada | F56: Kerry_dropoff | G56: 15/09/2024 09:46 | H56: 0 | I56: LEXPU0395453022 | J56: 29 | K56: ของเคลม LAZADA ไม่ทราบเหตุผล | N56: ไม่ทราบสาเหตุ
A57: 55 | B57: DSW87 | C57: จุฑามาศ ธานีแก้ว | D57: Lazada | F57: Kerry_dropoff | G57: 15/09/2024 11:09 | H57: 0 | I57: LEXPU0395428516 | J57: 29 | K57: ของเคลม LAZADA ไม่ทราบเหตุผล | O57: =SUM(O3:O56) -> 120
A58: 56 | B58: DSX14 | C58: บิว | D58: Lazada | F58: Kerry_dropoff | G58: 15/09/2024 11:28 | H58: 0 | I58: TH260264UU3W6C | J58: 45 | K58: ของเคลม LAZADA ไม่ทราบเหตุผล
A59: 57 | B59: DSX36 | C59: ดรีม | D59: Lazada | F59: Kerry_dropoff | G59: 15/09/2024 11:53 | H59: 0 | I59: TH260264UVW76C | J59: 45 | K59: ของเคลม LAZADA ไม่ทราบเหตุผล
A60: 58 | B60: DSX60 | C60: วันดี | D60: Lazada | F60: Kerry_dropoff | G60: 15/09/2024 12:18 | H60: 0 | I60: KERDO0134465541 | J60: 45 | K60: ของเคลม LAZADA ไม่ทราบเหตุผล
A61: 59 | B61: DSX79 | C61: ใยวันดี้ดี | D61: Lazada | F61: Kerry_dropoff | G61: 15/09/2024 12:40 | H61: 0 | I61: KERPU0138608098 | J61: 45 | K61: ของเคลม LAZADA ไม่ทราบเหตุผล
A62: 60 | B62: DSY20 | C62: ขัตติย สุวรรพันธ์ | D62: Lazada | F62: Kerry_dropoff | G62: 15/09/2024 13:22 | H62: 0 | I62: LEXPU0395424291 | J62: 45 | K62: ของเคลม LAZADA ไม่ทราบเหตุผล
A63: 61 | B63: DTA15 | C63: รณชัย รอดยิ้ม | D63: facebook | F63: EMS | G63: 15/09/2024 16:50 | H63: 0 | I63: JB083999503TH | J63: 17 | K63: ของเคลม Shopee เนื่องจากลูกค้าได้รับสินค้าไม่ครบ | L63: เคลมช้อปปี้ ส่งของไม่ครบเลขออเดอร์ 240910HDX1C8AY
A64: 62 | B64: DTA18 | C64: คุณฐิตาภรณ์ บุตรพรม | D64: facebook | F64: EMS | G64: 15/09/2024 16:51 | H64: 0 | I64: JB083999525TH | J64: 17 | K64: ของเคลม Shopee เนื่องจากลูกค้าได้รับสินค้าไม่ครบ | L64: ช้อปปี้ เลขออเดอร์ 240909H0M5C0YF**สินค้าได้ผิด**
A65: 63 | B65: DTA17 | C65: ชื่อผู้รับ พัชรียา โสดาดวง | D65: facebook | F65: EMS | G65: 15/09/2024 16:51 | H65: 0 | J65: 45 | K65: ของเคลม LAZADA เนื่องจากสินค้าเสียหายจากการขนส่ง | L65: เคลมลาซาด้า สินค้าแบน 913265148020890 | Z65: -
A66: 64 | B66: DTA19 | C66: น.ส. มาริสา บุตรเสือ | D66: facebook | F66: EMS | G66: 15/09/2024 16:52 | H66: 0 | I66: JB083999548TH | J66: 17 | K66: ของเคลม Shopee เนื่องจากลูกค้าได้รับสินค้าไม่ครบ | L66: เคลมช็อปปี้ ส่งของไม่ครบ 240910KRT1UQHC | Z66: -
A67: 65 | B67: DTA21 | C67: สายรุ้ง ชมภู | D67: facebook | F67: EMS | G67: 15/09/2024 16:53 | H67: 0 | I67: JB083999450TH | J67: 17 | K67: ของเคลม Shopee เนื่องจากลูกค้าได้รับสินค้าไม่ครบ | L67: #ไม่ฝากไว้ข้างนอกเพราะของหายไม่มีใครรับผิดชอบเคลม ช็อปปี้ ส่งของไม่ครบ 240912PGPMWKH6 | Z67: -
A68: 66 | B68: DTD85 | C68: นานา | D68: Lazada | F68: Kerry_dropoff | G68: 16/09/2024 07:12 | H68: 0 | I68: LEXDO0113357294 | J68: 17 | K68: ของเคลม LAZADA ไม่ทราบเหตุผล | Z68: 915654159752305
A69: 67 | B69: DTE72 | C69: จ้ะเอ๋ | D69: Lazada | F69: Kerry_dropoff | G69: 16/09/2024 10:38 | H69: 0 | I69: LEXDO0113359879 | J69: 17 | K69: ของเคลม LAZADA ไม่ทราบเหตุผล | Z69: -
A70: 68 | B70: DTF34 | C70: สุจิตรา สวนปลิก | D70: facebook | F70: EMS | G70: 16/09/2024 12:17 | H70: 0 | I70: JB084199773TH | J70: 22 | K70: ของเคลม Tiktok เนื่องจากลูกค้าได้รับสินค้าผิดไม่ตรงตามที่สั่ง | L70: ตต เลขออเดอร์ 579322974157047913**สินค้าได้ผิด** | Z70: -
A71: 69 | B71: DTM8 | C71: ชญานิษฐ์ พรหมมณี | D71: facebook | F71: EMS | G71: 17/09/2024 17:13 | H71: 0 | I71: JB084388423TH | J71: 22 | K71: ของเคลม Tiktok เนื่องจากลูกค้าได้รับสินค้าผิดไม่ตรงตามที่สั่ง | L71: เคลมติ๊กต๊อก ส่งสินค้าสลับออเดอร์ 579311905903053477 | Z71: -
A72: 70 | B72: DTM41 | C72: ศุภมาส ปินปันคง | D72: facebook | F72: EMS | G72: 17/09/2024 19:14 | H72: 0 | I72: JB084388454TH | J72: 22 | K72: ของเคลม Shopee เนื่องจากลูกค้าได้รับสินค้าไม่ครบ | L72: ช้อปปี้ เลขออเดอร์ 240910JJPQ8FQJ**สินค้าไม่ครบ** | Z72: -
A73: 71 | B73: DTM46 | C73: นาย สงวน ดีใจ | D73: facebook | F73: EMS | G73: 17/09/2024 19:22 | H73: 0 | I73: JB084388468TH | J73: 47 | K73: ของเคลม Shopee เนื่องจากลูกค้าได้รับสินค้าไม่ครบ | L73: 📍SHOPEE หมายเลขคำสั่งซื้อ : 240915183C8XY3 ได้ของไม่ครบ | Z73: -
A74: 72 | B74: DTO30 | C74: กาญจนี | D74: facebook | E74: กาญจนี โนนโคกสุง | F74: EMS | G74: 18/09/2024 14:48 | H74: 0 | I74: JB084585556TH | J74: 17 | K74: ของเคลม Tiktok เนื่องจากลูกค้าได้รับสินค้าไม่ครบ | L74: เคลม เนื่องจากลูกค้าขาดครีมฮอร์นที่ไม่ได้คีย์ลงระบบ | Z74: 915772949752620
A75: 73 | B75: DTO37 | C75: ลัดดาพร วังคำ | D75: facebook | F75: EMS | G75: 18/09/2024 15:06 | H75: 0 | I75: JB084585595TH | J75: 37 | K75: ของเคลม Shopee เนื่องจากสินค้ามีรสชาติขม รสชาติ สีของขนม ผิดปกติ | L75: เคลมช็อปปี้ สินค้าพ่อง บวม 240909GDGYC4TY | Z75: -
A76: 74 | B76: DTO40 | C76: ชื่อผู้รับ ธนาธิป ห้ากระโทก | D76: facebook | F76: EMS | G76: 18/09/2024 15:07 | H76: 0 | I76: JB084585644TH | J76: 22 | K76: ของเคลม LAZADA เนื่องจากสินค้าเสียหายจากการขนส่ง | L76: เคลมลาซาด้า สินค้าบี้แบน 915447986448143 | Z76: -
A77: 75 | B77: DTO39 | C77: ร.ต.อ.หญิง ผจงพิศ ปียานนท์ชัยพร | D77: facebook | F77: EMS | G77: 18/09/2024 15:07 | H77: 0 | I77: JB084585627TH | J77: 17 | K77: ของเคลม LAZADA เนื่องจากลูกค้าได้รับสินค้าไม่ครบ | L77: เคลมลาซาด้า ส่งของไมา่ครบ 79708361520148 | Z77: -
A78: 76 | B78: DTP60 | C78: จุรีย์ | D78: facebook | F78: EMS | G78: 18/09/2024 20:13 | H78: 0 | I78: JB084585865TH | J78: 17 | K78: ของเคลม Tiktok เนื่องจากลูกค้าได้รับสินค้าไม่ครบ | L78: 📍📍เคลม TikTok | Z78: -
A79: 77 | B79: DTQ17 | C79: lieampaktakk | D79: Lazada | F79: Kerry_dropoff | G79: 19/09/2024 00:19 | H79: 0 | I79: LEXDO0113534735 | J79: 17 | K79: ของเคลม LAZADA ไม่ทราบเหตุผล | Z79: -
A80: 78 | B80: DTQ96 | C80: วรรณพร | D80: facebook | F80: EMS | G80: 19/09/2024 10:50 | H80: 0 | I80: JB084787479TH | J80: 22 | K80: ของเคลม Tiktok เนื่องจากลูกค้าได้รับสินค้าผิดไม่ตรงตามที่สั่ง | L80: เคลมของขาด tiktok 579340778788587921 | Z80: -
A81: 79 | B81: DTR39 | C81: ศศิธร ชุมสกุล (วาย) | D81: facebook | F81: EMS | G81: 19/09/2024 12:26 | H81: 0 | I81: JB084787482TH | J81: 17 | K81: ของเคลม Shopee เนื่องจากลูกค้าได้รับสินค้าไม่ครบ | L81: เคลมช็อปปี้ สินค้าไม่ครบ 2409163CGDMPET | Z81: 909818280052305
A82: 80 | B82: DTS57 | C82: ภู่กันทอง ธิวงษา | D82: facebook | F82: EMS | G82: 19/09/2024 15:55 | H82: 0 | I82: JB084787536TH | J82: 17 | K82: ของเคลม Tiktok เนื่องจากสินค้ามีรสชาติขม รสชาติ สีของขนม ผิดปกติ | L82: เคลมติ๊กต๊อก สินค้าเสีย 579340514465909467 | Z82: 909927229068620
A83: 81 | B83: DTU80 | C83: ธีรดนัยไพบูลย์ | D83: Lazada | F83: Kerry_dropoff | G83: 19/09/2024 19:50 | H83: 0 | I83: KERDO0134681462 | J83: 17 | K83: ของเคลม LAZADA ไม่ทราบเหตุผล | Z83: 910173202152305
A84: 82 | B84: DTU93 | C84: เปลียว พรหมทอง | D84: Lazada | F84: Kerry_dropoff | G84: 19/09/2024 19:58 | H84: 0 | I84: LEXPU0396847301 | J84: 17 | K84: ของเคลม LAZADA ไม่ทราบเหตุผล | Z84: 910217849932292
A85: 83 | B85: DTV89 | C85: จารุวรรณ จันทา | D85: Lazada | F85: Kerry_dropoff | G85: 20/09/2024 01:55 | H85: 0 | I85: LEXDO0113656401 | J85: 17 | K85: ของเคลม LAZADA ไม่ทราบเหตุผล | Z85: 910256024179950
A86: 84 | B86: DTV90 | C86: เอ็มหนหว | D86: Lazada | F86: Kerry_dropoff | G86: 20/09/2024 01:59 | H86: 0 | I86: LEXPU0396847470 | J86: 17 | K86: ของเคลม LAZADA ไม่ทราบเหตุผล | Z86: 916392963176220
A87: 85 | B87: DTX45 | C87: ชื่อ ประจบ ขำอิ่ม | D87: facebook | F87: EMS | G87: 20/09/2024 13:14 | H87: 0 | I87: JB084981659TH | J87: 25 | K87: ของเคลม Shopee เนื่องจากสินค้ามีรสชาติขม รสชาติ สีของขนม ผิดปกติ | L87: เคลมช็อปปี้ สินค้ามีจุดดำ 240909EXXTQHFS | Z87: 916405363764070
A88: 86 | B88: DTX46 | C88: รณชัย รอดยิ้ม | D88: facebook | F88: EMS | G88: 20/09/2024 13:16 | H88: 0 | I88: JB084981662TH | J88: 25 | K88: ของเคลม Shopee เนื่องจากลูกค้าได้รับสินค้าไม่ครบ | L88: เคลมช็อปปี้ ส่งของไม่ครบ 240910HDX1C8AY | Z88: 910240096528038
A89: 87 | B89: DTY97 | C89: โฟม | D89: facebook | E89: Fom Apinya | F89: EMS | G89: 20/09/2024 16:18 | H89: 0 | I89: JB084981680TH | J89: 45 | K89: ของเคลม Facebook , Facebook Live เนื่องจากลูกค้าได้รับสินค้าไม่ครบ | L89: เตลมเนื่องจากลูกค้าได้ของไม่ครบจากเฟสDTL92 | Z89: 910256493016244
A90: 88 | B90: DUC91 | C90: อภิชาติ ปัญญาวารินทร์ | D90: facebook | F90: EMS | G90: 20/09/2024 20:54 | H90: 0 | I90: JB084981733TH | J90: 25 | K90: ของเคลม Shopee เนื่องจากลูกค้าได้รับสินค้าไม่ครบ | L90: เคลมช็อปปี้ ส่งของไม่ครบ 24091895Y4H1VC | Z90: 916449520284239
A91: 89 | B91: DUG56 | C91: วศิน สุวรรณรัตน์ | D91: Lazada | F91: Kerry_dropoff | G91: 21/09/2024 15:21 | H91: 0 | I91: LEXPU0397435556 | J91: 17 | K91: ของเคลม LAZADA ไม่ทราบเหตุผล | Z91: -
A92: 90 | B92: DUJ53 | C92: มาริสา นันทิวัน | D92: Lazada | F92: Kerry_dropoff | G92: 22/09/2024 08:45 | H92: 0 | I92: LEXDO0113896253 | J92: 17 | K92: ของเคลม LAZADA ไม่ทราบเหตุผล | Z92: -
A93: 91 | B93: DUK1 | C93: น้ำฝน | D93: Lazada | F93: Kerry_dropoff | G93: 22/09/2024 11:28 | H93: 0 | I93: TH420965PX0Q8C | J93: 17 | K93: ของเคลม LAZADA ไม่ทราบเหตุผล | Z93: -
A94: 92 | B94: DUK9 | C94: ตะวัน เขียวลออ | D94: Lazada | F94: Kerry_dropoff | G94: 22/09/2024 11:49 | H94: 0 | I94: LEXPU0397891081 | J94: 17 | K94: ของเคลม LAZADA ไม่ทราบเหตุผล | Z94: -
A95: 93 | B95: DUL29 | C95: ดารารัตน์ พูนศรี | D95: facebook | F95: EMS | G95: 22/09/2024 14:33 | H95: 0 | I95: JB085260689TH | J95: 47 | K95: ของเคลม Tiktok เนื่องจากลูกค้าได้รับสินค้าไม่ครบ | L95: เคลมติ๊กต๊อก ส่งของไม่ครบ 579358598584174859 | Z95: -
A96: 94 | B96: DUN37 | C96: โอเวอพา | D96: Lazada | F96: Kerry_dropoff | G96: 22/09/2024 23:42 | H96: 0 | I96: LEXPU0397918616 | J96: 17 | K96: ของเคลม LAZADA ไม่ทราบเหตุผล
A97: 95 | B97: DUO91 | C97: ธวชิศริน ลีฬหคุณากร | D97: facebook | F97: EMS | G97: 23/09/2024 12:31 | H97: 0 | I97: - | J97: 25 | K97: ของเคลม Shopee เนื่องจากลูกค้าได้รับสินค้าไม่ครบ | L97: ช้อปปี้ เลขออเดอร์ 240912R1TMBQVQ**สินค้าไม่ครบ**
A98: 96 | B98: DUT86 | C98: คุณเอมอร | D98: PHONE | F98: EMS | G98: 24/09/2024 20:03 | H98: 0 | I98: JB085679382TH | J98: 17 | K98: ของเคลม LAZADA ไม่ทราบเหตุผล
A99: 97 | B99: DUT92 | C99: prasoet | D99: Lazada | F99: Kerry_dropoff | G99: 24/09/2024 20:20 | H99: 0 | I99: KERDO0134963590 | J99: 17 | K99: ของเคลม LAZADA ไม่ทราบเหตุผล
A100: 98 | B100: DUT95 | C100: Nadi | D100: Lazada | F100: Kerry_dropoff | G100: 24/09/2024 20:47 | H100: 0 | I100: LEXDO0114091511 | J100: 17 | K100: ของเคลม LAZADA ไม่ทราบเหตุผล
...

Sheet ก.ย. ยกเลิก
A1: สรุปรายการยกเลิกออเดอร์ ที่ออกเลขที่ออเดอร์แล้ว (เนื่องจากลูกค้าเอฟในไลฟ์สดแล้วไม่ยืนยันออเดอร์) เดือนกันยายน 2567
A2: ลำดับ | B2: เลขที่ออเดอร์ | C2: ชื่อ | D2: ช่องทางติดต่อ | E2: ชื่อตามช่องทางติดต่อ | F2: ขนส่ง | G2: วันที่สร้าง | H2: ยอดขาย | I2: หมายเหตุ
A3: 1 | B3: DPL40 | C3: สมพงษ์ ขุนคําดี | D3: Lazada | F3: Kerry_dropoff | G3: 01/09/2024 17:18 | H3: 100 | I3: สรุปออเดอร์แล้ว ลูกค้ายกเลิก
A4: 2 | B4: DRQ29 | C4: worakamol | D4: Lazada | F4: Kerry_dropoff | G4: 11/09/2024 11:03 | H4: 100.44 | I4: สรุปออเดอร์แล้ว ลูกค้ายกเลิก
A5: 3 | B5: DRR90 | C5: พ***ดา ส***้อย | D5: Tiktok | E5: 7494029626487964923 | F5: J&T Express | G5: 11/09/2024 12:55 | H5: 300 | I5: สรุปออเดอร์แล้ว ลูกค้ายกเลิก
A6: 4 | B6: DRW4 | C6: รจนา ศาลางาม พ่อทับทิม | D6: Lazada | F6: Kerry_dropoff | G6: 11/09/2024 17:27 | H6: 95.45 | I6: สรุปออเดอร์แล้ว ลูกค้ายกเลิก
A7: 5 | B7: DRW46 | C7: ป***ายมาศ ศ***งคราม | D7: Tiktok | E7: 7494555595860314558 | F7: J&T Express | G7: 11/09/2024 18:00 | H7: 129 | I7: สรุปออเดอร์แล้ว ลูกค้ายกเลิก
A8: 6 | B8: DRX87 | C8: ข***องเนียมทอง | D8: Tiktok | E8: 7494030352805692663 | F8: J&T Express | G8: 11/09/2024 19:47 | H8: 100 | I8: สรุปออเดอร์แล้ว ลูกค้ายกเลิก
A9: 7 | B9: DRY9 | C9: อรนุช เจริญก่อบุญมา | D9: Lazada | F9: Kerry_dropoff | G9: 11/09/2024 20:03 | H9: 86.37 | I9: สรุปออเดอร์แล้ว ลูกค้ายกเลิก
A10: 8 | B10: DRY24 | C10: S******. | D10: Shopee | E10: suwan.shop2 | G10: 11/09/2024 20:19 | H10: 466 | I10: สรุปออเดอร์แล้ว ลูกค้ายกเลิก
A11: 9 | B11: DRZ22 | C11: น***ต​ยา​ เ***ง​กลาง​ | D11: Tiktok | E11: 7493990339760457203 | F11: J&T Express | G11: 11/09/2024 22:29 | H11: 106 | I11: สรุปออเดอร์แล้ว ลูกค้ายกเลิก
A12: 10 | B12: DRZ49 | C12: Anas | D12: Lazada | F12: Kerry_dropoff | G12: 11/09/2024 23:07 | H12: 30.12 | I12: สรุปออเดอร์แล้ว ลูกค้ายกเลิก
A13: 11 | B13: DRZ53 | C13: คุณโกมล | D13: Lazada | F13: Kerry_dropoff | G13: 11/09/2024 23:21 | H13: 67.4 | I13: สรุปออเดอร์แล้ว ลูกค้ายกเลิก
A14: 12 | B14: DPL40 | C14: สมพงษ์ ขุนคําดี | D14: Lazada | F14: Kerry_dropoff | G14: 01/09/2024 17:18 | H14: 100 | I14: สรุปออเดอร์แล้ว ลูกค้ายกเลิก
A15: 13 | B15: DRQ29 | C15: worakamol | D15: Lazada | F15: Kerry_dropoff | G15: 11/09/2024 11:03 | H15: 100.44 | I15: สรุปออเดอร์แล้ว ลูกค้ายกเลิก
A16: 14 | B16: DRR90 | C16: พ***ดา ส***้อย | D16: Tiktok | E16: 7494029626487964923 | F16: J&T Express | G16: 11/09/2024 12:55 | H16: 300 | I16: สรุปออเดอร์แล้ว ลูกค้ายกเลิก
A17: 15 | B17: DRW4 | C17: รจนา ศาลางาม พ่อทับทิม | D17: Lazada | F17: Kerry_dropoff | G17: 11/09/2024 17:27 | H17: 95.45 | I17: สรุปออเดอร์แล้ว ลูกค้ายกเลิก
A18: 16 | B18: DRW46 | C18: ป***ายมาศ ศ***งคราม | D18: Tiktok | E18: 7494555595860314558 | F18: J&T Express | G18: 11/09/2024 18:00 | H18: 129 | I18: สรุปออเดอร์แล้ว ลูกค้ายกเลิก
A19: 17 | B19: DRX87 | C19: ข***องเนียมทอง | D19: Tiktok | E19: 7494030352805692663 | F19: J&T Express | G19: 11/09/2024 19:47 | H19: 100 | I19: สรุปออเดอร์แล้ว ลูกค้ายกเลิก
A20: 18 | B20: DRY9 | C20: อรนุช เจริญก่อบุญมา | D20: Lazada | F20: Kerry_dropoff | G20: 11/09/2024 20:03 | H20: 86.37 | I20: สรุปออเดอร์แล้ว ลูกค้ายกเลิก
A21: 19 | B21: DRY24 | C21: S******. | D21: Shopee | E21: suwan.shop2 | G21: 11/09/2024 20:19 | H21: 466 | I21: สรุปออเดอร์แล้ว ลูกค้ายกเลิก
A22: 20 | B22: DRZ22 | C22: น***ต​ยา​ เ***ง​กลาง​ | D22: Tiktok | E22: 7493990339760457203 | F22: J&T Express | G22: 11/09/2024 22:29 | H22: 106 | I22: สรุปออเดอร์แล้ว ลูกค้ายกเลิก
A23: 21 | B23: DRZ49 | C23: Anas | D23: Lazada | F23: Kerry_dropoff | G23: 11/09/2024 23:07 | H23: 30.12 | I23: สรุปออเดอร์แล้ว ลูกค้ายกเลิก
A24: 22 | B24: DRZ53 | C24: คุณโกมล | D24: Lazada | F24: Kerry_dropoff | G24: 11/09/2024 23:21 | H24: 67.4 | I24: สรุปออเดอร์แล้ว ลูกค้ายกเลิก
A25: 23 | B25: DTA76 | C25: Patcharida Bunmao | D25: Lazada | F25: Kerry_dropoff | G25: 15/09/2024 18:10 | H25: 136.63 | I25: สรุปออเดอร์แล้ว ลูกค้ายกเลิก
A26: 24 | B26: DUM56 | C26: R**g | D26: Shopee | E26: vpz2a1dzwj | G26: 22/09/2024 18:58 | H26: 190 | I26: สรุปออเดอร์แล้ว ลูกค้ายกเลิก
A27: 25 | B27: DUM57 | C27: ส******์ | D27: Shopee | E27: thanawatkrobphet | G27: 22/09/2024 19:01 | H27: 394 | I27: สรุปออเดอร์แล้ว ลูกค้ายกเลิก
A28: 26 | B28: DUM70 | C28: ป******ศ | D28: Shopee | E28: siripenthummapreecha | G28: 22/09/2024 19:20 | H28: 78 | I28: สรุปออเดอร์แล้ว ลูกค้ายกเลิก
A29: 27 | B29: DUM72 | C29: ว******์ | D29: Shopee | E29: qjdc4dj6u3 | G29: 22/09/2024 19:23 | H29: 100 | I29: สรุปออเดอร์แล้ว ลูกค้ายกเลิก
A30: 28 | B30: DUP26 | C30: จ******ย | D30: Shopee | E30: jay9plus | G30: 23/09/2024 13:58 | H30: 245 | I30: สรุปออเดอร์แล้ว ลูกค้ายกเลิก | M30: 0 | N30: 900801206010597
A31: 29 | B31: DUP32 | C31: เ****า | D31: Shopee | E31: mayteerawayuwatanasiri | G31: 23/09/2024 14:02 | H31: 245 | I31: สรุปออเดอร์แล้ว ลูกค้ายกเลิก | M31: 0 | N31: 906815728009721
A32: 30 | B32: DUP44 | C32: อ***รัตน์ ธ***ษา | D32: Tiktok | E32: 7494517142335883345 | F32: J&T Express | G32: 23/09/2024 14:25 | H32: 61 | I32: สรุปออเดอร์แล้ว ลูกค้ายกเลิก | M32: 0 | N32: 579242639958051041
A33: 31 | B33: DUQ42 | C33: ค***ัทร ท***าษี | D33: Tiktok | E33: 7493992253448947202 | F33: J&T Express | G33: 23/09/2024 17:22 | H33: 76 | I33: สรุปออเดอร์แล้ว ลูกค้ายกเลิก | M33: 0 | N33: 579242905526438911
A34: 32 | B34: DUQ97 | C34: แ***า | D34: Tiktok | E34: 7495636412737555405 | F34: J&T Express | G34: 23/09/2024 19:30 | H34: 106 | I34: สรุปออเดอร์แล้ว ลูกค้ายกเลิก | M34: 0 | N34: 579243224466492155
A35: 33 | B35: DVL86 | C35: รจนา ศาลางาม พ่อทับทิม | D35: Lazada | F35: Kerry_dropoff | G35: 29/09/2024 14:19 | H35: 155.46 | I35: สรุปออเดอร์แล้ว ลูกค้ายกเลิก | L35: 0 | M35: 579243224846732027
A36: 34 | B36: DVO94 | C36: พนารัตน์ศรีสวัสดิ์ | D36: Lazada | F36: Kerry_dropoff | G36: 30/09/2024 16:28 | H36: 95 | I36: สรุปออเดอร์แล้ว ลูกค้ายกเลิก | L36: 0 | M36: 579243248210118704
G37: ยอดรวม | H37: =SUM(H3:H36) -> 5043.65 | I37: บาท

Sheet ส.ค. เคลม
A1: สรุปรายการส่งของเคลมสินค้า เดือนสิงหาคม 2567
A2: ลำดับ | B2: เลขที่ออเดอร์ | C2: ชื่อ | D2: ช่องทางติดต่อ | E2: ชื่อตามช่องทางติดต่อ | F2: ขนส่ง | G2: วันที่สร้าง | H2: ยอดขาย | I2: เลขพัสดุ | J2: ค่าขนส่ง | K2: หมายเหตุ | L2: หมายเหตุ | N2: รายการ | O2: จำนวนออเดอร์
A3: 1 | B3: DKB21 | C3: จันทิมา มงคลณัฐพร | D3: facebook | F3: EMS | G3: 01/08/2024 11:26 | H3: 0 | I3: JB050511815TH | J3: 17 | K3: ของเคลม LAZADA เนื่องจากลูกค้าได้รับสินค้าไม่ครบ | L3: เคลมลาซาด้า เลขออเดอร์ 889928642832375**สินค้าไม่ครบ** | N3: ของเคลม LAZADA เนื่องจากลูกค้าได้รับสินค้าไม่ครบ | O3: 3
A4: 2 | B4: DKC4 | C4: อรจิรา | D4: Lazada | F4: Kerry_dropoff | G4: 01/08/2024 14:12 | H4: 0 | I4: LEXPU0376074561 | J4: 17 | K4: ของเคลม LAZADA ไม่ทราบเหตุผล | N4: ของเคลม LAZADA เนื่องจากลูกค้าได้รับสินค้าผิดไม่ตรงตามที่สั่ง | O4: 1
A5: 3 | B5: DKC34 | C5: นางวัชรี=ปรางปรา | D5: facebook | E5: วัชรี ปรางปรา | F5: EMS | G5: 01/08/2024 14:40 | H5: 0 | I5: JB050511948TH | J5: 17 | K5: ของเคลม Facebook , Facebook Live เนื่องจากลูกค้าได้รับสินค้าไม่ครบ | L5: เคลมเนื่องจากลูกค้าได้ของไม่ครบDJU92 | N5: ของเคลม LAZADA เนื่องจากลูกค้าไม่ได้รับสินค้า
A6: 4 | B6: DKD9 | C6: พ.ท.เฉลิมยศ เกิดผล | D6: facebook | E6: Chalermyos Kirdpol | F6: EMS | G6: 01/08/2024 17:18 | H6: 0 | I6: JB050885021TH | J6: 17 | K6: ของเคลม Facebook , Facebook Live เนื่องจากลูกค้าได้รับสินค้าไม่ครบ | L6: ลูกค้าได้ของไม่ครบ DJB63 | N6: ของเคลม LAZADA เนื่องจากสินค้าเสียหายจากการขนส่ง
A7: 5 | B7: DKG25 | C7: วรรณา ธูปหอม | D7: facebook | E7: Wanna Thophom | F7: EMS | G7: 02/08/2024 09:55 | H7: 0 | I7: JB050885018TH | J7: 17 | K7: ของเคลม Facebook , Facebook Live เนื่องจากสินค้าเน่าเสียก่อนวันหมดอายุที่แจ้งข้างกล่อง | L7: เคลมเนื่องจากสินค้ามีรสเปรี้ยวDJM89 | N7: ของเคลม LAZADA เนื่องจากสินค้าเน่าเสียก่อนวันหมดอายุที่แจ้งข้างกล่อง | O7: 4
A8: 6 | B8: DKG76 | C8: สุขนิรัญ. คำ่โพธิ์ | D8: facebook | E8: สนใจ(นาถ)💙 P Order💙 | F8: EMS | G8: 02/08/2024 11:33 | H8: 0 | I8: JB050564588TH | J8: 17 | K8: ของเคลม ตัวแทนเส้น | L8: เคลมของเส้น | N8: ของเคลม LAZADA เนื่องจากสินค้ามีรสชาติขม รสชาติ สีของขนม ผิดปกติ
A9: 7 | B9: DKI32 | C9: คุณอ้อย | D9: facebook | F9: EMS | G9: 02/08/2024 16:13 | H9: 0 | I9: JB050720827TH | J9: 17 | K9: ของเคลม Shopee เนื่องจากลูกค้าได้รับสินค้าไม่ครบ | L9: เคลมช้อปปี้ เลขออเดอร์ 2407300DSHWCY4**สินค้าขาด** | N9: ของเคลม LAZADA เนื่องจากสินค้าไม่มี
A10: 8 | B10: DKM31 | C10: มิ่ง เอง | D10: Lazada | F10: Kerry_dropoff | G10: 03/08/2024 14:49 | H10: 0 | I10: LEXPU0376715104 | J10: 17 | K10: ของเคลม LAZADA ไม่ทราบเหตุผล | N10: ของเคลม LAZADA ไม่ทราบเหตุผล | O10: =36+8 -> 44
A11: 9 | B11: DKM34 | C11: อำนวย | D11: Lazada | F11: Kerry_dropoff | G11: 03/08/2024 14:54 | H11: 0 | I11: LEXPU0376714624 | J11: 17 | K11: ของเคลม LAZADA ไม่ทราบเหตุผล | N11: ของเคลม Shopee เนื่องจากลูกค้าได้รับสินค้าไม่ครบ | O11: 18
A12: 10 | B12: DKM61 | C12: มนทกานต์ สุวรรณรอด | D12: Lazada | F12: Kerry_dropoff | G12: 03/08/2024 16:12 | H12: 0 | I12: TH27025YQHGQ5D | J12: 17 | K12: ของเคลม LAZADA ไม่ทราบเหตุผล | N12: ของเคลม Shopee เนื่องจากลูกค้าได้รับสินค้าผิดไม่ตรงตามที่สั่ง | O12: 1
A13: 11 | B13: DKN31 | C13: คุณยิ่งยง | D13: Lazada | F13: Kerry_dropoff | G13: 03/08/2024 19:57 | H13: 0 | I13: KERDO0131742837 | J13: 17 | K13: ของเคลม LAZADA ไม่ทราบเหตุผล | N13: ของเคลม Shopee เนื่องจากลูกค้าไม่ได้รับสินค้า
A14: 12 | B14: DKO47 | C14: ชนะชัย นะจ่ะ | D14: Lazada | F14: Kerry_dropoff | G14: 04/08/2024 07:25 | H14: 0 | I14: LEXPU0377217816 | J14: 17 | K14: ของเคลม LAZADA ไม่ทราบเหตุผล | N14: ของเคลม Shopee เนื่องจากสินค้าเสียหายจากการขนส่ง | O14: 2
A15: 13 | B15: DKO61 | C15: นายรังสรรค์ นิติสาขา | D15: facebook | F15: EMS | G15: 04/08/2024 08:34 | H15: 0 | I15: JB051045880TH | J15: 17 | K15: ของเคลม Shopee เนื่องจากลูกค้าได้รับสินค้าไม่ครบ | L15: เคลมช้อปปี้ เลขออเดอร์ 2407313F0RNMFQ**สินค้าไม่ครบ** | N15: ของเคลม Shopee เนื่องจากสินค้าเน่าเสียก่อนวันหมดอายุที่แจ้งข้างกล่อง | O15: 2
A16: 14 | B16: DKO71 | C16: พยอม สุทธะมาตร | D16: facebook | F16: EMS | G16: 04/08/2024 09:13 | H16: 0 | I16: JB051045893TH | J16: 17 | K16: ของเคลม Shopee เนื่องจากลูกค้าได้รับสินค้าไม่ครบ | L16: เคลมช้อปปี้ เลขออเดอร์ 240724EQ7D8TUD**สินค้าเสียหาย** | N16: ของเคลม Shopee เนื่องจากสินค้ามีรสชาติขม รสชาติ สีของขนม ผิดปกติ
A17: 15 | B17: DKP86 | C17: อรทัย ทองดอนเหมือน | D17: facebook | F17: EMS | G17: 04/08/2024 13:24 | H17: 0 | I17: JB051045730TH | J17: 17 | K17: ของเคลม ไปรษณีย์ เนื่องจากลูกค้าได้รับสินค้าไม่ครบ | L17: 📍📍📍เคลมปณ DJT14 | N17: ของเคลม Shopee เนื่องจากสินค้าไม่มี
A18: 16 | B18: DKQ28 | C18: กาญจนา โชติโหมด | D18: facebook | F18: EMS | G18: 04/08/2024 14:11 | H18: 0 | I18: JB051045669TH | J18: 17 | K18: ของเคลม Shopee เนื่องจากลูกค้าได้รับสินค้าไม่ครบ | L18: เคลมช้อปปี้ เลขออเดอร์ 2407300VQD2NSY**สินค้าไม่ครบ** | N18: ของเคลม Shopee ไม่ทราบเหตุผล
A19: 17 | B19: DKR47 | C19: ใหญ่ | D19: Lazada | F19: Kerry_dropoff | G19: 04/08/2024 18:26 | H19: 0 | I19: LEXPU0377218194 | J19: 17 | K19: ของเคลม LAZADA ไม่ทราบเหตุผล | N19: ของเคลม Line OA เนื่องจากลูกค้าได้รับสินค้าไม่ครบ | O19: 1
A20: 18 | B20: DKS76 | C20: คุณเด่น ชิตวร ศรีวงษา | D20: Lazada | F20: Kerry_dropoff | G20: 04/08/2024 22:58 | H20: 0 | I20: LEXPU0377305113 | J20: 17 | K20: ของเคลม LAZADA ไม่ทราบเหตุผล | N20: ของเคลม Line OA เนื่องจากลูกค้าได้รับสินค้าผิดไม่ตรงตามที่สั่ง
A21: 19 | B21: DKU63 | C21: พิศมัย ศรีสุวรรณวงศ์ | D21: facebook | E21: PitsaMai Srisuwanwong | F21: EMS | G21: 05/08/2024 13:07 | H21: 0 | I21: JB051385469TH | J21: 17 | K21: ของเคลม Facebook , Facebook Live เนื่องจากลูกค้าได้รับสินค้าไม่ครบ | L21: เคลมเนื่องจากลูกค้าได้ของไม่ครบDJN42 | N21: ของเคลม Line OA เนื่องจากลูกค้าไม่ได้รับสินค้า
A22: 20 | B22: DKV53 | C22: คุณ ปวีณา พรหมหิตาทร | D22: facebook | F22: EMS | G22: 05/08/2024 17:35 | H22: 0 | I22: JB051385367TH | J22: 17 | K22: ของเคลม LAZADA เนื่องจากสินค้าเน่าเสียก่อนวันหมดอายุที่แจ้งข้างกล่อง | L22: เคลมลาซาด้า เลขออเดอร์ 895944786429512**สินค้าเสีย** | N22: ของเคลม Line OA เนื่องจากสินค้าเสียหายจากการขนส่ง
A23: 21 | B23: DKV55 | C23: รุจิรา จินตกสิกรรม | D23: facebook | F23: EMS | G23: 05/08/2024 17:36 | H23: 0 | I23: JB051385375TH | J23: 17 | K23: ของเคลม Shopee เนื่องจากลูกค้าได้รับสินค้าไม่ครบ | L23: เคลมช้อปปี้ เลขออเดอร์ 240803B0PD88V2**สินค้าไม่ครบ** | N23: ของเคลม Line OA เนื่องจากสินค้าเน่าเสียก่อนวันหมดอายุที่แจ้งข้างกล่อง
A24: 22 | B24: DKV56 | C24: คุณณิชาภา ทองตัด | D24: facebook | F24: EMS | G24: 05/08/2024 17:37 | H24: 0 | I24: JB051385605TH | J24: 17 | K24: ของเคลม Shopee เนื่องจากลูกค้าได้รับสินค้าไม่ครบ | L24: เคลมช้อปปี้ เลขออเดอร์ 240724DQJFU59J**สินค้าไม่ครบ** | N24: ของเคลม Line OA เนื่องจากสินค้ามีรสชาติขม รสชาติ สีของขนม ผิดปกติ
A25: 23 | B25: DKX45 | C25: รังสิมา | D25: Lazada | F25: Kerry_dropoff | G25: 06/08/2024 10:09 | H25: 0 | I25: TH31065Z4YZ97I | J25: 17 | K25: ของเคลม LAZADA ไม่ทราบเหตุผล | N25: ของเคลม Line OA เนื่องจากสินค้าไม่มี
A26: 24 | B26: DLA3 | C26: ธนัฐศุภา สั่นสท้าน | D26: facebook | F26: EMS | G26: 06/08/2024 18:27 | H26: 0 | I26: JB051539077TH | J26: 17 | K26: ของเคลม Shopee เนื่องจากลูกค้าได้รับสินค้าไม่ครบ | L26: เคลมช้อปปี้ เลขออเดอร์ 2408028BNQE8TP**สินค้าเสียหาย** | N26: ของเคลม Line OA ไม่ทราบเหตุผล
A27: 25 | B27: DLE37 | C27: เอ็มกยกว | D27: Lazada | F27: Kerry_dropoff | G27: 07/08/2024 17:15 | H27: 0 | I27: LEXPU0378659527 | J27: 17 | K27: ของเคลม LAZADA ไม่ทราบเหตุผล | N27: ของเคลม Facebook , Facebook Live เนื่องจากลูกค้าได้รับสินค้าไม่ครบ | O27: 21
A28: 26 | B28: DLG28 | C28: mkhbg | D28: Lazada | F28: Kerry_dropoff | G28: 08/08/2024 00:42 | H28: 0 | I28: LEXDO0109367705 | J28: 17 | K28: ของเคลม LAZADA ไม่ทราบเหตุผล | N28: ของเคลม Facebook , Facebook Live เนื่องจากลูกค้าได้รับสินค้าผิดไม่ตรงตามที่สั่ง | O28: 1
A29: 27 | B29: DLG56 | C29: อะตอม | D29: Lazada | F29: Kerry_dropoff | G29: 08/08/2024 03:54 | H29: 0 | I29: KERDO0132023997 | J29: 17 | K29: ของเคลม LAZADA ไม่ทราบเหตุผล | N29: ของเคลม Facebook , Facebook Live เนื่องจากลูกค้าไม่ได้รับสินค้า
A30: 28 | B30: DLI72 | C30: นางสาว วราภรณ์ กิจเอื้อ | D30: facebook | F30: EMS | G30: 08/08/2024 12:08 | H30: 0 | I30: JB051976395TH | J30: 17 | K30: ของเคลม Tiktok เนื่องจากลูกค้าได้รับสินค้าไม่ครบ | L30: 📍เคลม ตต. ส่งของไม่ครบ579112469852162056 | N30: ของเคลม Facebook , Facebook Live เนื่องจากสินค้าเสียหายจากการขนส่ง
A31: 29 | B31: DLI73 | C31: คุณ รัชนี สาธุภาค | D31: facebook | F31: EMS | G31: 08/08/2024 12:09 | H31: 0 | I31: JB051976449TH | J31: 17 | K31: ของเคลม Tiktok เนื่องจากลูกค้าได้รับสินค้าไม่ครบ | L31: เคลมตต สินค้าไม่ครบ579159130967804914 | N31: ของเคลม Facebook , Facebook Live เนื่องจากสินค้าเน่าเสียก่อนวันหมดอายุที่แจ้งข้างกล่อง | O31: 1
A32: 30 | B32: DLK42 | C32: อัญชลี เที่ยงเทพ | D32: facebook | F32: EMS | G32: 08/08/2024 15:45 | H32: 0 | I32: JB051976293TH | J32: 17 | K32: ของเคลม LAZADA เนื่องจากสินค้าเน่าเสียก่อนวันหมดอายุที่แจ้งข้างกล่อง | L32: เคลมลาซาด้า สินค้าเสียหาย898795125363066 | N32: ของเคลม Facebook , Facebook Live เนื่องจากสินค้ามีรสชาติขม รสชาติ สีของขนม ผิดปกติ
A33: 31 | B33: DLK44 | C33: ร้านเอ็น.บี.มาร์ท | D33: facebook | F33: EMS | G33: 08/08/2024 15:46 | H33: 0 | I33: JB051976259TH | J33: 17 | K33: ของเคลม Shopee เนื่องจากสินค้าเน่าเสียก่อนวันหมดอายุที่แจ้งข้างกล่อง | L33: เคลมช็อปปี้ สินค้าเสียหาย 240805FS9B3TMY | N33: ของเคลม Facebook , Facebook Live เนื่องจากสินค้าไม่มี
A34: 32 | B34: DLN99 | C34: อรษา พาอยู่สุข | D34: facebook | E34: อรษา พาอยู่สุข | F34: EMS | G34: 09/08/2024 09:20 | H34: 0 | I34: JB052171663TH | J34: 17 | K34: ของเคลม Facebook , Facebook Live เนื่องจากลูกค้าได้รับสินค้าไม่ครบ | L34: เคลมเนื่องจากได้สินค้าไม่ครบDKX50จากเพจของฝาก | N34: ของเคลม Facebook , Facebook Live ไม่ทราบเหตุผล
A35: 33 | B35: DLX81 | C35: อัมพร ปัญญา | D35: facebook | F35: EMS | G35: 11/08/2024 15:13 | H35: 0 | I35: JB052436564TH | J35: 17 | K35: ของเคลม Shopee เนื่องจากลูกค้าได้รับสินค้าไม่ครบ | L35: เคลมช้อปปี้ สินค้าไม่ครบ 240808R3EB120W | N35: ของเคลม Tiktok เนื่องจากลูกค้าได้รับสินค้าไม่ครบ | O35: 20
A36: 34 | B36: DLX82 | C36: พิชามญ สุรินทร์ | D36: facebook | F36: EMS | G36: 11/08/2024 15:14 | H36: 0 | I36: JB052436578TH | J36: 17 | K36: ของเคลม TikTok เนื่องจากสินค้าเน่าเสียก่อนวันหมดอายุที่แจ้งข้างกล่อง | L36: เคลม ติ๊กต๊อกสินค้าเสียหาย เลขออเดอร์ 579165472225659152 | N36: ของเคลม Tiktok เนื่องจากลูกค้าได้รับสินค้าผิดไม่ตรงตามที่สั่ง
A37: 35 | B37: DLX87 | C37: คุณสุนิดา. | D37: facebook | E37: Nuping Pong | F37: EMS | G37: 11/08/2024 15:20 | H37: 0 | I37: JB052436595TH | J37: 17 | K37: ของเคลม Facebook , Facebook Live เนื่องจากลูกค้าได้รับสินค้าผิดไม่ตรงตามที่สั่ง | L37: เคลมสินค้าเนื่องจากได้ของผิดไป DKX53 | N37: ของเคลม Tiktok เนื่องจากลูกค้าไม่ได้รับสินค้า
A38: 36 | B38: DLX91 | C38: นายเอกรินทร์ จีระเสถียร | D38: facebook | F38: EMS | G38: 11/08/2024 15:24 | H38: 0 | I38: JB052436581TH | J38: 17 | K38: ของเคลม Tiktok เนื่องจากลูกค้าได้รับสินค้าไม่ครบ | L38: เคลมติ้กต่อก**สินค้าได้ไม่ครบ** | N38: ของเคลม TikTok เนื่องจากสินค้าเสียหายจากการขนส่ง
A39: 37 | B39: DLX90 | C39: อัญชลี เที่ยงเทพ | D39: facebook | F39: EMS | G39: 11/08/2024 15:24 | H39: 0 | I39: JB052436604TH | J39: 17 | K39: ของเคลม LAZADA เนื่องจากสินค้าเน่าเสียก่อนวันหมดอายุที่แจ้งข้างกล่อง | L39: เคลมลาซาด้า เลขออเดอร์ 894785448663066**สินค้าเสียหาย** | N39: ของเคลม TikTok เนื่องจากสินค้าเน่าเสียก่อนวันหมดอายุที่แจ้งข้างกล่อง | O39: 2
A40: 38 | B40: DLX92 | C40: นางสาวกรรณิการ์ สิงห์ตัน | D40: facebook | F40: EMS | G40: 11/08/2024 15:25 | H40: 0 | I40: TH48045ZTPXT6C | J40: 17 | K40: ของเคลม TikTok เนื่องจากสินค้าเน่าเสียก่อนวันหมดอายุที่แจ้งข้างกล่อง | L40: เคลมติ๊กต๊อก สินค้าเสีย 579170638332594374 | N40: ของเคลม Tiktok เนื่องจากสินค้ามีรสชาติขม รสชาติ สีของขนม ผิดปกติ
A41: 39 | B41: DLX93 | C41: กัลยา หารดี | D41: facebook | F41: EMS | G41: 11/08/2024 15:26 | H41: 0 | I41: JB052436621TH | J41: 17 | K41: ของเคลม Tiktok เนื่องจากลูกค้าได้รับสินค้าไม่ครบ | L41: เคลมติ๊กต๊อก ส่งของไม่ครบ 579173613011962864 | N41: ของเคลม Tiktok เนื่องจากสินค้าไม่มี
A42: 40 | B42: DLY26 | C42: นางสุนีย์ คำพารา | D42: facebook | E42: ศรารัตน์ คำพารา | F42: EMS | G42: 11/08/2024 15:46 | H42: 0 | I42: JB052436697TH | J42: 17 | K42: ของเคลม Facebook , Facebook Live เนื่องจากลูกค้าได้รับสินค้าไม่ครบ | L42: เคลมเนื่องจากลูกค้าได้ของไม่ครบ DLK26มาจกเฟส | N42: ของเคลม Tiktok ไม่ทราบเหตุผล
A43: 41 | B43: DLY51 | C43: คุณธิดาพรโยลัย | D43: facebook | E43: ธิดาพร โยลัย | F43: EMS | G43: 11/08/2024 16:10 | H43: 0 | I43: JB052436710TH | J43: 17 | K43: ของเคลม Facebook , Facebook Live เนื่องจากลูกค้าได้รับสินค้าไม่ครบ | L43: เคลมเนื่องจากลูกค้าได้ของไม่ครบDKZ54จากเฟส | N43: ของเคลม ไปรษณีย์ เนื่องจากลูกค้าได้รับสินค้าไม่ครบ | O43: 1
A44: 42 | B44: DLZ40 | C44: ปิยะนุช คำบุญเรือง ชิคชิค | D44: facebook | F44: EMS | G44: 11/08/2024 18:33 | H44: 0 | I44: JB052436286TH | J44: 17 | K44: ของเคลม LAZADA เนื่องจากลูกค้าได้รับสินค้าไม่ครบ | L44: เคลมลาซาด้า เลขออเดอร์ 8892004855560320**สินค้าได้ครบ** | N44: ของเคลม ไปรษณีย์ เนื่องจากลูกค้าได้รับสินค้าผิดไม่ตรงตามที่สั่ง
A45: 43 | B45: DLZ41 | C45: ดวงกมล ปานกลาง | D45: facebook | F45: EMS | G45: 11/08/2024 18:34 | H45: 0 | I45: JB052436290TH | J45: 17 | K45: ของเคลม Shopee เนื่องจากลูกค้าได้รับสินค้าไม่ครบ | L45: เคลมช้อปปี้ เลขออเดอร์ 240809TQ9M24VN**สินค้าไม่ครบ** | N45: ของเคลม ไปรษณีย์ เนื่องจากลูกค้าไม่ได้รับสินค้า
A46: 44 | B46: DMB66 | C46: ภัทรายุ ภู่ระหง | D46: facebook | F46: EMS | G46: 12/08/2024 12:37 | H46: 0 | I46: JB052629644TH | J46: 17 | K46: ของเคลม Shopee เนื่องจากลูกค้าได้รับสินค้าไม่ครบ | L46: เคลมช้อปปี้ เลขออเดอร์ 240810TSV9G0D0**สินค้าได้ไม่ครบ** | N46: ของเคลม ไปรษณีย์ เนื่องจากสินค้าเสียหายจากการขนส่ง
A47: 45 | B47: DMC94 | C47: นัยนา เมธาพาณิชย์ | D47: facebook | E47: Nana Methapanich | F47: EMS | G47: 12/08/2024 15:46 | H47: 0 | I47: - | J47: 17 | K47: ของเคลม Facebook , Facebook Live เนื่องจากลูกค้าได้รับสินค้าไม่ครบ | L47: เคลมเนื่องจากลูกค้าได้ของไม่ครบจากเฟสของฝากDLR4 | N47: ของเคลม ไปรษณีย์ เนื่องจากสินค้าเน่าเสียก่อนวันหมดอายุที่แจ้งข้างกล่อง
A48: 46 | B48: DMD4 | C48: เจตนิพิฐ ธารารักษ์สิริ | D48: facebook | E48: Jenit Ying Thararaksiri | F48: EMS | G48: 12/08/2024 15:55 | H48: 0 | I48: - | J48: 17 | K48: ของเคลม Facebook , Facebook Live เนื่องจากลูกค้าได้รับสินค้าไม่ครบ | L48: เคลมเนื่องจากลูกค้าได้องไม่ครบจากเฟสของฝาก DLM99 | N48: ของเคลม ไปรษณีย์ เนื่องจากสินค้ามีรสชาติขม รสชาติ สีของขนม ผิดปกติ
A49: 47 | B49: DME60 | C49: จินดา ศรีแก้ว | D49: Lazada | F49: Kerry_dropoff | G49: 12/08/2024 20:36 | H49: 0 | I49: 520003501227 | J49: 17 | K49: ของเคลม LAZADA ไม่ทราบเหตุผล | N49: ของเคลม ไปรษณีย์ เนื่องจากสินค้าไม่มี
A50: 48 | B50: DMF35 | C50: ชิตพล พงษ์ศิริ | D50: Lazada | F50: Kerry_dropoff | G50: 12/08/2024 23:51 | H50: 0 | I50: LEXPU0380946016 | J50: 17 | K50: ของเคลม LAZADA ไม่ทราบเหตุผล | N50: ของเคลม ไปรษณีย์ ไม่ทราบเหตุผล
A51: 49 | B51: DMG50 | C51: นายรังสรรค์ นิติสาขา | D51: facebook | F51: EMS | G51: 13/08/2024 12:51 | H51: 0 | I51: - | J51: 17 | K51: ของเคลม Shopee เนื่องจากลูกค้าได้รับสินค้าไม่ครบ | L51: เคลมช้อปปี้ เลขออเดอร์ 240803BH3C8JMS**ได้ของไม่ครบ** | N51: ของเคลม ตัวแทนเส้น | O51: 1
A52: 50 | B52: DMH9 | C52: อินธิราภรณ์ บัวเกตุ | D52: facebook | F52: EMS | G52: 13/08/2024 16:03 | H52: 0 | I52: - | J52: 17 | K52: ของเคลม Shopee เนื่องจากลูกค้าได้รับสินค้าไม่ครบ | L52: เคลม ช้อปปี้ เลขออเดอร์ 240809S5AX30BD**สินค้าไม่ครบ** | N52: ของเคลม เนื่องจากสินค้ามีรสชาติไม่ปกติ (ขม)
A53: 51 | B53: DMH10 | C53: กาญจนา ไกรอนันต์ทิพย์ | D53: facebook | F53: EMS | G53: 13/08/2024 16:04 | H53: 0 | I53: - | J53: 17 | K53: ของเคลม Tiktok เนื่องจากลูกค้าได้รับสินค้าไม่ครบ | L53: เคลมติ๊กต๊อก ส่งของไม่ครบ579187303608780852 | N53: เคลมลูกค้านัดรับ เส้น
A54: 52 | B54: DMJ25 | C54: คุณ ไพศาล แกล้วกล้า | D54: line_oa | E54: Burrito_anne | F54: EMS | G54: 14/08/2024 10:03 | H54: 0 | I54: JB053046945TH | J54: 17 | K54: ของเคลม Line OA เนื่องจากลูกค้าได้รับสินค้าไม่ครบ | L54: เคลม ลูกค้าตัวแทนเส้นอุบล รอบ 8/8/67 | N54: เคลมสินค้าเนื่องจากกล่องชำรุด เสียหาย
A55: 53 | B55: DMJ98 | C55: nhbgc | D55: Lazada | F55: Kerry_dropoff | G55: 14/08/2024 12:55 | H55: 0 | I55: LEXDO0110084867 | J55: 17 | K55: ของเคลม LAZADA ไม่ทราบเหตุผล | N55: เคลมเนื่องจากส่งสินค้าผิด
A56: 54 | B56: DML12 | C56: บ้านนิ้ง | D56: Lazada | F56: Kerry_dropoff | G56: 14/08/2024 17:12 | H56: 0 | I56: KERDO0132473741 | J56: 17 | K56: ของเคลม LAZADA ไม่ทราบเหตุผล | N56: ไม่ทราบสาเหตุ
A57: 55 | B57: DMM26 | C57: ต้น | D57: Lazada | F57: Kerry_dropoff | G57: 14/08/2024 20:54 | H57: 0 | I57: LEXDO0110083722 | J57: 17 | K57: ของเคลม LAZADA ไม่ทราบเหตุผล | O57: =SUM(O3:O56) -> 123
A58: 56 | B58: DMM54 | C58: อู๋ | D58: Lazada | F58: Kerry_dropoff | G58: 14/08/2024 23:14 | H58: 0 | I58: LEXDO0110083797 | J58: 17 | K58: ของเคลม LAZADA ไม่ทราบเหตุผล
A59: 57 | B59: DMN25 | C59: digitally | D59: Lazada | F59: Kerry_dropoff | G59: 15/08/2024 09:01 | H59: 0 | I59: LEXPU0382193070 | J59: 17 | K59: ของเคลม LAZADA ไม่ทราบเหตุผล
A60: 58 | B60: DMN26 | C60: แนน | D60: facebook | F60: EMS | G60: 15/08/2024 09:02 | H60: 0 | I60: JB053257754TH | J60: 17 | K60: ของเคลม Shopee เนื่องจากลูกค้าได้รับสินค้าไม่ครบ | L60: เคลมช็อปปี้ ส่งของไม่ครบ240803B65PSQGT
A61: 59 | B61: DMO39 | C61: ณิภัทธา เก่งเขตกรณ์ | D61: facebook | E61: น้องน้อง ตุ๊กตา | F61: EMS | G61: 15/08/2024 13:02 | H61: 0 | I61: JB053257533TH | J61: 17 | K61: ของเคลม Facebook , Facebook Live เนื่องจากลูกค้าได้รับสินค้าไม่ครบ | L61: เคลม DMG70 ส่งสินค้าไม่ครบ
A62: 60 | B62: DMP3 | C62: น.ส.ศดานันท์ สร้อยระย้า | D62: facebook | F62: EMS | G62: 15/08/2024 15:57 | H62: 0 | I62: JB053257652TH | J62: 17 | K62: ของเคลม Tiktok เนื่องจากลูกค้าได้รับสินค้าไม่ครบ | L62: เคลมติ๊กต๊อก ส่งของไม่ครบ579188370251483257
A63: 61 | B63: DMP9 | C63: ตองอรนันท์ | D63: Lazada | F63: Kerry_dropoff | G63: 15/08/2024 16:02 | H63: 0 | I63: TH302260DRB21O | J63: 17 | K63: ของเคลม LAZADA ไม่ทราบเหตุผล
A64: 62 | B64: DMQ49 | C64: นางสาว กนกอร กมลนคร | D64: Lazada | F64: Kerry_dropoff | G64: 15/08/2024 20:58 | H64: 0 | I64: LEXPU0382190343 | J64: 17 | K64: ของเคลม LAZADA ไม่ทราบเหตุผล
A65: 63 | B65: DMR28 | C65: อะตอม | D65: Lazada | F65: Kerry_dropoff | G65: 16/08/2024 07:31 | H65: 0 | I65: KERDO0132592377 | J65: 17 | K65: ของเคลม LAZADA ไม่ทราบเหตุผล
A66: 64 | B66: DMR99 | C66: คุณเสาวลักษณ์​ เสาศิลา | D66: facebook | E66: Maeng Saowaluk | F66: EMS | G66: 16/08/2024 13:00 | H66: 0 | I66: JB053432745TH | J66: 17 | K66: ของเคลม Facebook , Facebook Live เนื่องจากลูกค้าได้รับสินค้าไม่ครบ | L66: เคลมเนื่องจากลูกค้าได้ของไม่ครบจากเฟสบุ๊คDMK48
A67: 65 | B67: DMS13 | C67: วาสนา เอี่ยมผิว | D67: facebook | E67: วาสนา เอี่ยมผิว | F67: EMS | G67: 16/08/2024 14:00 | H67: 0 | I67: JB053432714TH | J67: 17 | K67: ของเคลม Facebook , Facebook Live เนื่องจากลูกค้าได้รับสินค้าไม่ครบ | L67: เคลมสินค้าเนื่องจากลูกค้าได้ของไม่ครบจากฟสDLU87
A68: 66 | B68: DMS24 | C68: คุณอ้อย | D68: facebook | F68: EMS | G68: 16/08/2024 14:43 | H68: 0 | I68: JB053432688TH | J68: 17 | K68: ของเคลม Shopee เนื่องจากสินค้าเสียหายจากการขนส่ง | L68: ช้อปปี้ เลขออเดอร์ 2408111PTY7MVW**กล่องเสียหาย**
A69: 67 | B69: DMS25 | C69: สุวรรณรัตน์ สุนทราลัย | D69: facebook | E69: สุวรรณรัตน์ สุนทราลัย | F69: EMS | G69: 16/08/2024 14:49 | H69: 0 | I69: JB053432691TH | J69: 17 | K69: ของเคลม Facebook , Facebook Live เนื่องจากลูกค้าได้รับสินค้าไม่ครบ | L69: เคลมเนื่องจากลูกค้าได้ของไม่ครบจากเฟสของฝากDMK29
A70: 68 | B70: DMT75 | C70: อ้อมพร อ้อม | D70: Lazada | F70: Kerry_dropoff | G70: 16/08/2024 21:53 | H70: 0 | I70: LEXDO0110250705 | J70: 17 | K70: ของเคลม LAZADA ไม่ทราบเหตุผล
A71: 69 | B71: DMU79 | C71: เสาวณีย์ นาคพินิจ | D71: facebook | E71: เสาวณีย์ นาคพินิจ | F71: EMS | G71: 17/08/2024 13:04 | H71: 0 | I71: JB053574301TH | J71: 17 | K71: ของเคลม Facebook , Facebook Live เนื่องจากลูกค้าได้รับสินค้าไม่ครบ | L71: เคลม ออเดอร์ DMJ74 ได้ของไม่ครบ
A72: 70 | B72: DMU89 | C72: นิ้งน้อง | D72: Lazada | F72: Kerry_dropoff | G72: 17/08/2024 13:29 | H72: 0 | I72: KERDO0132633904 | J72: 17 | K72: ของเคลม LAZADA ไม่ทราบเหตุผล
A73: 71 | B73: DMV38 | C73: ชลมารค มรายการ | D73: Lazada | F73: Kerry_dropoff | G73: 17/08/2024 18:44 | H73: 0 | I73: LEXDO0110317815 | J73: 17 | K73: ของเคลม LAZADA ไม่ทราบเหตุผล
A74: 72 | B74: DMV92 | C74: เนชฎา บุญนำเศรษจี | D74: facebook | E74: Nechada Boonnamsetti | F74: EMS | G74: 17/08/2024 21:52 | H74: 0 | I74: JB053574434TH | J74: 17 | K74: ของเคลม Facebook , Facebook Live เนื่องจากลูกค้าได้รับสินค้าไม่ครบ | L74: ***เคลมของไม่ครบ***
A75: 73 | B75: DMW37 | C75: สิริพร กรรณแก้ว | D75: facebook | F75: EMS | G75: 18/08/2024 07:17 | H75: 0 | I75: JB053574448TH | J75: 17 | K75: ของเคลม Shopee เนื่องจากสินค้าเสียหายจากการขนส่ง | L75: ช้อปปี้ เลขออเดอร์ 2408149EY00Y25**สินค้าเสียหาย**
A76: 74 | B76: DMW70 | C76: กอง | D76: Lazada | F76: Kerry_dropoff | G76: 18/08/2024 10:52 | H76: 0 | I76: 520003537412 | J76: 17 | K76: ของเคลม LAZADA ไม่ทราบเหตุผล
A77: 75 | B77: DMY73 | C77: ผู้รับ ร้านหลงภู-ผาสิงห์ | D77: facebook | F77: EMS | G77: 18/08/2024 15:51 | H77: 0 | I77: TH380360NWYH2A | J77: 17 | K77: ของเคลม Facebook , Facebook Live เนื่องจากลูกค้าได้รับสินค้าไม่ครบ | L77: ช้อปปี้ เลขออเดอร์ 240815AA9JK0UH**ลูกค้าได้ของไม่ครบ**
A78: 76 | B78: DMY82 | C78: วรรณา...เสร็จธุระ | D78: facebook | F78: EMS | G78: 18/08/2024 16:09 | H78: 0 | I78: JB053697835TH | J78: 17 | K78: ของเคลม Shopee เนื่องจากลูกค้าได้รับสินค้าผิดไม่ตรงตามที่สั่ง | L78: ช้อปปี้ เลขออเดอร์ 240816F0GGGW7Y**สินค้าส่งผิด**
A79: 77 | B79: DNB75 | C79: โสพิศ อินต๊ะ | D79: facebook | F79: EMS | G79: 19/08/2024 16:01 | H79: 0 | I79: JB053925351TH | J79: 17 | K79: ของเคลม Tiktok เนื่องจากลูกค้าได้รับสินค้าไม่ครบ | L79: เคลมติ๊กต๊อก ส่งของไม่ครบ579206962735515888
A80: 78 | B80: DND38 | C80: พี | D80: Lazada | F80: Kerry_dropoff | G80: 19/08/2024 20:48 | H80: 0 | I80: KERDO0132771093 | J80: 17 | K80: ของเคลม LAZADA ไม่ทราบเหตุผล
A81: 79 | B81: DND53 | C81: ปนัดดา ทอง | D81: Lazada | F81: Kerry_dropoff | G81: 19/08/2024 21:29 | H81: 0 | I81: TH640860X0NS6J | J81: 17 | K81: ของเคลม LAZADA ไม่ทราบเหตุผล
A82: 80 | B82: DNF33 | C82: หนึ่งหทัย พานุพันธ์ | D82: facebook | E82: หนึ่งหทัย พานุพันธ์ | F82: EMS | G82: 20/08/2024 14:41 | H82: 0 | I82: JB054124105TH | J82: 17 | K82: ของเคลม Facebook , Facebook Live เนื่องจากลูกค้าได้รับสินค้าไม่ครบ | L82: เคลมเนื่องจากลูกค้าได้ของไม่ครบ DMV93 จากเฟส
A83: 81 | B83: DNH51 | C83: นรภัทร | D83: Lazada | F83: Kerry_dropoff | G83: 21/08/2024 07:54 | H83: 0 | I83: LEXDO0110726084 | J83: 17 | K83: ของเคลม LAZADA ไม่ทราบเหตุผล
A84: 82 | B84: DNJ32 | C84: อัญชลี เที่ยงเทพ | D84: facebook | F84: EMS | G84: 21/08/2024 11:51 | H84: 0 | I84: JB054319530TH | J84: 17 | K84: ของเคลม LAZADA เนื่องจากสินค้าเน่าเสียก่อนวันหมดอายุที่แจ้งข้างกล่อง | L84: ลาซาด้า เลขออเดอร์ 903473742863066**สินค้าเสียหาย**
A85: 83 | B85: DNJ33 | C85: จงกลณี ตนาภิวัฒน์ | D85: facebook | F85: EMS | G85: 21/08/2024 11:52 | H85: 0 | I85: JB054319543TH | J85: 17 | K85: ของเคลม LAZADA เนื่องจากลูกค้าได้รับสินค้าผิดไม่ตรงตามที่สั่ง | L85: ลาซาด้า เลขออเดอร์ 897849633868716**สินค้าผิด**
A86: 84 | B86: DNJ57 | C86: วรวิทย์ ยี่เอ็ด | D86: Lazada | F86: Kerry_dropoff | G86: 21/08/2024 12:12 | H86: 0 | I86: KERDO0132909793 | J86: 17 | K86: ของเคลม LAZADA ไม่ทราบเหตุผล
A87: 85 | B87: DNJ91 | C87: อารีย์ ดีเกิดสุข | D87: facebook | E87: Tookaree Lalla | F87: EMS | G87: 21/08/2024 12:40 | H87: 0 | I87: JB054319472TH | J87: 17 | K87: ของเคลม Facebook , Facebook Live เนื่องจากลูกค้าได้รับสินค้าไม่ครบ | L87: ส่งของไม่ครบDMV68
A88: 86 | B88: DNK3 | C88: คุณปัญญาภรณ์ จันทร์กระจ่าง | D88: facebook | E88: Phanyaporn Jankrajang | F88: EMS | G88: 21/08/2024 12:53 | H88: 0 | I88: JB054319486TH | J88: 17 | K88: ของเคลม Facebook , Facebook Live เนื่องจากลูกค้าได้รับสินค้าไม่ครบ | L88: เคลมได้ของไม่ครบ
A89: 87 | B89: DNO24 | C89: กิดากร ไหมมาลา | D89: facebook | F89: EMS | G89: 21/08/2024 17:38 | H89: 0 | I89: JB054319398TH | J89: 17 | K89: ของเคลม Tiktok เนื่องจากลูกค้าได้รับสินค้าไม่ครบ | L89: 📍เคลมของไม่ครบ ติ๊กต๊อก
A90: 88 | B90: DNO25 | C90: อัษดาวัลญ์ เพชรไวกูณฐ์ | D90: facebook | F90: EMS | G90: 21/08/2024 17:39 | H90: 0 | I90: JB054319407TH | J90: 17 | K90: ของเคลม Shopee เนื่องจากลูกค้าได้รับสินค้าไม่ครบ | L90: ช้อปปี้ เลขออเดอร์ 240817HQKVR0CD**สินค้าไม่ครบ**
A91: 89 | B91: DNS3 | C91: อัมพร พิมพ์สวัสดิ์ | D91: facebook | F91: EMS | G91: 22/08/2024 11:06 | H91: 0 | I91: JB054500659TH | J91: 17 | K91: ของเคลม Shopee เนื่องจากลูกค้าได้รับสินค้าไม่ครบ | L91: เคลมช็อปปี้ ส่งของไม่ครบ 240818KF730XMA
A92: 90 | B92: DNU42 | C92: hauiopp | D92: Lazada | F92: Kerry_dropoff | G92: 22/08/2024 21:00 | H92: 0 | I92: LEXDO0110799017 | J92: 17 | K92: ของเคลม LAZADA ไม่ทราบเหตุผล
A93: 91 | B93: DNU68 | C93: มณิสรา ยุ่นเพ็ญ | D93: Lazada | F93: Kerry_dropoff | G93: 23/08/2024 00:08 | H93: 0 | I93: LEXDO0110798703 | J93: 17 | K93: ของเคลม LAZADA ไม่ทราบเหตุผล
A94: 92 | B94: DNY60 | C94: พิมพ์ภัส สะอาดเอี่ยม | D94: facebook | E94: เอ พิมพ์ลภัส | F94: EMS | G94: 23/08/2024 16:17 | H94: 0 | I94: JB054702090TH | J94: 17 | K94: ของเคลม Facebook , Facebook Live เนื่องจากลูกค้าได้รับสินค้าไม่ครบ | L94: เคลมเนื่องจากลุกค้าได้ของไม่ครบ DNE48 จากเฟสหลัก
A95: 93 | B95: DNZ90 | C95: ใหม่ | D95: Lazada | F95: Kerry_dropoff | G95: 24/08/2024 05:23 | H95: 0 | I95: KERDO0133023309 | J95: 17 | K95: ของเคลม LAZADA ไม่ทราบเหตุผล
A96: 94 | B96: DOA26 | C96: กอง | D96: Lazada | F96: Kerry_dropoff | G96: 24/08/2024 10:07 | H96: 0 | I96: KERDO0133075252 | J96: 17 | K96: ของเคลม LAZADA ไม่ทราบเหตุผล
A97: 95 | B97: DOA43 | C97: นัยนา เมธาพาณิชย์ | D97: facebook | E97: Nana Methapanich | F97: EMS | G97: 24/08/2024 10:57 | H97: 0 | I97: JB054833152TH | J97: 17 | K97: ของเคลม Facebook , Facebook Live เนื่องจากลูกค้าได้รับสินค้าไม่ครบ | L97: ***เคลมสินค้าขาดส่ง รอบส่งวันจันทร์**
A98: 96 | B98: DOA76 | C98: ชื่นจิตร โพธิ์สอน | D98: facebook | E98: Chuenjit Phoson | F98: EMS | G98: 24/08/2024 13:33 | H98: 0 | I98: JB054833118TH | J98: 17 | K98: ของเคลม Facebook , Facebook Live เนื่องจากลูกค้าได้รับสินค้าไม่ครบ | L98: ***เคลมของขาดส่ง
A99: 97 | B99: DOB2 | C99: weerawat | D99: Lazada | F99: Kerry_dropoff | G99: 24/08/2024 14:16 | H99: 0 | I99: LEXDO0110950040 | J99: 17 | K99: ของเคลม LAZADA ไม่ทราบเหตุผล
A100: 98 | B100: DOB50 | C100: mew | D100: Lazada | F100: Kerry_dropoff | G100: 24/08/2024 18:04 | H100: 0 | I100: LEXPU0385290535 | J100: 17 | K100: ของเคลม LAZADA ไม่ทราบเหตุผล
...

Sheet ส.ค. ยกเลิก
A1: สรุปรายการยกเลิกออเดอร์ ที่ออกเลขที่ออเดอร์แล้ว (เนื่องจากลูกค้าเอฟในไลฟ์สดแล้วไม่ยืนยันออเดอร์) เดือนสิงหาคม 2567
A2: ลำดับ | B2: เลขที่ออเดอร์ | C2: ชื่อ | D2: ช่องทางติดต่อ | E2: ชื่อตามช่องทางติดต่อ | F2: ขนส่ง | G2: วันที่สร้าง | H2: ยอดขาย | I2: หมายเหตุ
A3: 1 | B3: DKK34 | C3: คุณทิพย์ชนิษฐา มูลโต บ้านสวนธรรม | D3: Lazada | F3: Kerry_dropoff | G3: 02/08/2024 23:45 | H3: 263.9 | I3: สรุปออเดอร์แล้ว ลูกค้ายกเลิก
A4: 2 | B4: DLA18 | C4: ช******ย | D4: Shopee | E4: chayudapannoi | G4: 06/08/2024 19:04 | H4: 81 | I4: สรุปออเดอร์แล้ว ลูกค้ายกเลิก
A5: 3 | B5: DLA47 | C5: ศ******์ | D5: Shopee | E5: r3xw_5q2w3 | G5: 06/08/2024 19:58 | H5: 264 | I5: สรุปออเดอร์แล้ว ลูกค้ายกเลิก
A6: 4 | B6: DLA59 | C6: จ***วรรณ พ***ิพย์ | D6: Tiktok | E6: 7494013649908369221 | F6: J&T Express | G6: 06/08/2024 20:31 | H6: 420 | I6: สรุปออเดอร์แล้ว ลูกค้ายกเลิก
A7: 5 | B7: DLA71 | C7: ศ******์ | D7: Shopee | E7: aptoys99 | G7: 06/08/2024 20:55 | H7: 375 | I7: สรุปออเดอร์แล้ว ลูกค้ายกเลิก
A8: 6 | B8: DLA72 | C8: ณ******์ | D8: Shopee | E8: nattaya555999 | G8: 06/08/2024 20:57 | H8: 339 | I8: สรุปออเดอร์แล้ว ลูกค้ายกเลิก
A9: 7 | B9: DLB19 | C9: จ******ญ | D9: Shopee | E9: jutalin | G9: 06/08/2024 23:02 | H9: 82 | I9: สรุปออเดอร์แล้ว ลูกค้ายกเลิก
A10: 8 | B10: DLB64 | C10: น.ส.ฐิติมา อินทพงษ์ | D10: Lazada | F10: Kerry_dropoff | G10: 07/08/2024 07:45 | H10: 170.05 | I10: สรุปออเดอร์แล้ว ลูกค้ายกเลิก
A11: 9 | B11: DLF28 | C11: ปารมี แสงรังสี | D11: Lazada | F11: Kerry_dropoff | G11: 07/08/2024 20:27 | H11: 55.17 | I11: สรุปออเดอร์แล้ว ลูกค้ายกเลิก
A12: 10 | B12: DLF29 | C12: ปารมี แสงรังสี | D12: Lazada | F12: Kerry_dropoff | G12: 07/08/2024 20:28 | H12: 58.97 | I12: สรุปออเดอร์แล้ว ลูกค้ายกเลิก
A13: 11 | B13: DMG36 | C13: ศ***พร | D13: Tiktok | E13: 7494036656462267584 | F13: J&T Express | G13: 13/08/2024 12:12 | H13: 200 | I13: สรุปออเดอร์แล้ว ลูกค้ายกเลิก
A14: 12 | B14: DMG99 | C14: เ*****ว | D14: Shopee | E14: ma_meaw_pky | G14: 13/08/2024 15:21 | H14: 204 | I14: สรุปออเดอร์แล้ว ลูกค้ายกเลิก
A15: 13 | B15: DMH8 | C15: ร******ม | D15: Shopee | E15: kawaiizkoiiz | G15: 13/08/2024 16:00 | H15: 325 | I15: สรุปออเดอร์แล้ว ลูกค้ายกเลิก
A16: 14 | B16: DMH82 | C16: จ****่ | D16: Shopee | E16: 0l7d4rin2y | G16: 13/08/2024 20:24 | H16: 299 | I16: สรุปออเดอร์แล้ว ลูกค้ายกเลิก
A17: 15 | B17: DMH83 | C17: จ***ร์จิรา ร***งค์ | D17: Tiktok | E17: 7494290648346626638 | F17: J&T Express | G17: 13/08/2024 20:27 | H17: 106 | I17: สรุปออเดอร์แล้ว ลูกค้ายกเลิก
A18: 16 | B18: DMH97 | C18: น******์ | D18: Shopee | E18: supawan.v | G18: 13/08/2024 20:58 | H18: 145 | I18: สรุปออเดอร์แล้ว ลูกค้ายกเลิก
A19: 17 | B19: DMI30 | C19: ศ******์ | D19: Shopee | E19: r3xw_5q2w3 | G19: 13/08/2024 22:59 | H19: 245 | I19: สรุปออเดอร์แล้ว ลูกค้ายกเลิก
A20: 18 | B20: DMI63 | C20: สุนีย์ อวิรุทธิโยธิน | D20: Lazada | F20: Kerry_dropoff | G20: 14/08/2024 07:03 | H20: 71.24 | I20: สรุปออเดอร์แล้ว ลูกค้ายกเลิก
A21: 19 | B21: DMP93 | C21: ธ***นศ ก***ศกมล | D21: Tiktok | E21: 7494836712873232915 | F21: J&T Express | G21: 15/08/2024 18:26 | H21: 106 | I21: สรุปออเดอร์แล้ว ลูกค้ายกเลิก
A22: 20 | B22: DMQ61 | C22: ณัฐชา​ พุ่มพยงค์ | D22: Lazada | F22: Kerry_dropoff | G22: 15/08/2024 21:30 | H22: 358.46 | I22: สรุปออเดอร์แล้ว ลูกค้ายกเลิก
A23: 21 | B23: DMQ67 | C23: จ******ล | D23: Shopee | E23: jintapap | G23: 15/08/2024 21:40 | H23: 524 | I23: สรุปออเดอร์แล้ว ลูกค้ายกเลิก
A24: 22 | B24: DMQ91 | C24: ส***ภัทรญ์ ส***ยจักจั่น | D24: Tiktok | E24: 7495128963996223656 | F24: J&T Express | G24: 15/08/2024 23:20 | H24: 106 | I24: สรุปออเดอร์แล้ว ลูกค้ายกเลิก
A25: 23 | B25: DMW79 | C25: อลันสมิด เหมมันต์ | D25: Lazada | F25: Kerry_dropoff | G25: 18/08/2024 11:07 | H25: 69.37 | I25: สรุปออเดอร์แล้ว ลูกค้ายกเลิก
A26: 24 | B26: DMX15 | C26: กนกวรรณ ยอดเมือง | D26: Lazada | F26: Kerry_dropoff | G26: 18/08/2024 12:19 | H26: 120 | I26: สรุปออเดอร์แล้ว ลูกค้ายกเลิก
A27: 25 | B27: DMZ2 | C27: สุรเชษฐ สิงห์ขรณ์ | D27: Lazada | F27: Kerry_dropoff | G27: 18/08/2024 17:19 | H27: 125.06 | I27: สรุปออเดอร์แล้ว ลูกค้ายกเลิก
A28: 26 | B28: DMZ23 | C28: ส******์ | D28: Shopee | E28: sairong246 | G28: 18/08/2024 17:55 | H28: 187 | I28: สรุปออเดอร์แล้ว ลูกค้ายกเลิก
A29: 27 | B29: DMZ90 | C29: น******อ | D29: Shopee | E29: marisa_somsom | G29: 18/08/2024 21:59 | H29: 243 | I29: สรุปออเดอร์แล้ว ลูกค้ายกเลิก
A30: 28 | B30: DOC43 | C30: ณัฐชา​ พุ่มพยงค์ | D30: Lazada | F30: Kerry_dropoff | G30: 25/08/2024 00:20 | H30: 187.88 | I30: สรุปออเดอร์แล้ว ลูกค้ายกเลิก | L30: 4 | M30: 0 | N30: 900801206010597
A31: 29 | B31: DOC56 | C31: สุเพียบ รักษาพล PKOB | D31: Lazada | F31: Kerry_dropoff | G31: 25/08/2024 03:04 | H31: 142.72 | I31: สรุปออเดอร์แล้ว ลูกค้ายกเลิก | L31: 14 | M31: 0 | N31: 906815728009721
A32: 30 | B32: DOE31 | C32: ท* บ***ือ | D32: Tiktok | E32: 7494049624497358049 | F32: J&T Express | G32: 25/08/2024 13:12 | H32: 200 | I32: สรุปออเดอร์แล้ว ลูกค้ายกเลิก | L32: 0 | M32: 0 | N32: 579242639958051041
A33: 31 | B33: DOE54 | C33: ส***ย์ ส***ร | D33: Tiktok | E33: 7495105974963112959 | F33: J&T Express | G33: 25/08/2024 14:21 | H33: 145 | I33: สรุปออเดอร์แล้ว ลูกค้ายกเลิก | L33: 45 | M33: 0 | N33: 579242905526438911
A34: 32 | B34: DOE80 | C34: อ***ัทธ์ อ***น | D34: Tiktok | E34: 7495537501378087675 | F34: J&T Express | G34: 25/08/2024 15:45 | H34: 100 | I34: สรุปออเดอร์แล้ว ลูกค้ายกเลิก | L34: 0 | M34: 0 | N34: 579243224466492155
A35: 33 | B35: DOE81 | C35: อ***ัทธ์ อ***น | D35: Tiktok | E35: 7495537501378087675 | F35: J&T Express | G35: 25/08/2024 15:46 | H35: 129 | I35: สรุปออเดอร์แล้ว ลูกค้ายกเลิก | L35: 29 | M35: 0 | N35: 579243224846732027
A36: 34 | B36: DOE88 | C36: น** ส***พร ป***านันท์ | D36: Tiktok | E36: 7494012245943419952 | F36: J&T Express | G36: 25/08/2024 15:51 | H36: 100 | I36: สรุปออเดอร์แล้ว ลูกค้ายกเลิก | L36: 0 | M36: 0 | N36: 579243248210118704
A37: 35 | B37: DOE96 | C37: สิรินทิพ สุวรรณน้อย | D37: Lazada | F37: Kerry_dropoff | G37: 25/08/2024 15:59 | H37: 52.08 | I37: สรุปออเดอร์แล้ว ลูกค้ายกเลิก | L37: 5 | M37: 0 | N37: 901053020741847
A38: 36 | B38: DOE98 | C38: สิรินทิพ สุวรรณน้อย | D38: Lazada | F38: Kerry_dropoff | G38: 25/08/2024 16:01 | H38: 43.81 | I38: สรุปออเดอร์แล้ว ลูกค้ายกเลิก | L38: 5 | M38: 0 | N38: 901056403841847
A39: 37 | B39: DOG65 | C39: บ***พร | D39: Tiktok | E39: 7494642609717414760 | F39: J&T Express | G39: 25/08/2024 21:26 | H39: 200 | I39: สรุปออเดอร์แล้ว ลูกค้ายกเลิก | L39: 0 | M39: 0 | N39: 579244585222638440
A40: 38 | B40: DOH17 | C40: พ******) | D40: Shopee | E40: patcha_gift | G40: 25/08/2024 22:39 | H40: 785 | I40: สรุปออเดอร์แล้ว ลูกค้ายกเลิก | L40: 104 | M40: 112 | N40: 2408258PXV00HR
A41: 39 | B41: DPD77 | C41: สาคร นิจจำนงค์ | D41: Lazada | F41: Kerry_dropoff | G41: 31/08/2024 11:54 | H41: 352.65 | I41: สรุปออเดอร์แล้ว ลูกค้ายกเลิก
G42: ยอดรวม | H42: =SUM(H3:H41) -> 7981.36 | I42: บาท

Sheet ก.ค. เคลม
A1: สรุปรายการส่งของเคลมสินค้า เดือนกรกฎาคม 2567
A2: ลำดับ | B2: เลขที่ออเดอร์ | C2: ชื่อ | D2: ช่องทางติดต่อ | E2: ชื่อตามช่องทางติดต่อ | F2: ขนส่ง | G2: วันที่สร้าง | H2: ยอดขาย | I2: เลขพัสดุ | J2: ค่าขนส่ง | K2: หมายเหตุ | L2: หมายเหตุ | N2: รายการ | O2: จำนวนออเดอร์
A3: 1 | B3: DDI24 | C3: สุพรรณี ปุระพรม | D3: facebook | F3: EMS | G3: 01/07/2024 12:48 | H3: 29 | I3: JB006823915TH | J3: =IFERROR(VLOOKUP(I3,'รายการส่งของ ก.ค.'!I:T,12,0),"NO") -> 17 | K3: ของเคลม LAZADA เนื่องจากสินค้าเน่าเสียก่อนวันหมดอายุที่แจ้งข้างกล่อง | L3: เคลมลาซาด้า877108427879796**ครีมฮอร์นเสีย** | N3: ของเคลม LAZADA เนื่องจากลูกค้าได้รับสินค้าไม่ครบ | O3: =6+8 -> 14
A4: 2 | B4: DDI25 | C4: วันนิษา หนูปลอด | D4: facebook | F4: EMS | G4: 01/07/2024 12:49 | H4: 0 | I4: JB006823787TH | J4: =IFERROR(VLOOKUP(I4,'รายการส่งของ ก.ค.'!I:T,12,0),"NO") -> 32 | K4: ของเคลม LAZADA เนื่องจากลูกค้าได้รับสินค้าไม่ครบ | L4: เคลมลาซาด้า882016747055245**สินค้าไม่ครบ** | N4: ของเคลม LAZADA เนื่องจากลูกค้าได้รับสินค้าผิดไม่ตรงตามที่สั่ง | O4: 1
A5: 3 | B5: DDI26 | C5: สุชิราภรณ์ | D5: facebook | F5: EMS | G5: 01/07/2024 12:50 | H5: 0 | I5: JB006823795TH | J5: =IFERROR(VLOOKUP(I5,'รายการส่งของ ก.ค.'!I:T,12,0),"NO") -> 17 | K5: ของเคลม LAZADA เนื่องจากลูกค้าได้รับสินค้าไม่ครบ | L5: เคลมช้อปปี้24062638H2J3Y3**สินค้าไม่ครบ** | N5: ของเคลม LAZADA เนื่องจากลูกค้าไม่ได้รับสินค้า
A6: 4 | B6: DDQ18 | C6: สุดารัตน์ วารีรัตน์ | D6: facebook | E6: Sudarat Wongvisitchai | F6: EMS | G6: 02/07/2024 17:43 | H6: 0 | I6: JB007058124TH | J6: =IFERROR(VLOOKUP(I6,'รายการส่งของ ก.ค.'!I:T,12,0),"NO") -> 22 | K6: ของเคลม LAZADA เนื่องจากลูกค้าได้รับสินค้าไม่ครบ | L6: ของเคลม ไปรษณีย์ เนื่องจากลูกค้าได้รับสินค้าไม่ครบ | N6: ของเคลม LAZADA เนื่องจากสินค้าเสียหายจากการขนส่ง | O6: 2
A7: 5 | B7: DDT51 | C7: จันทนี นิติการุญ | D7: facebook | E7: Chanthanee Nitikarun | F7: EMS | G7: 03/07/2024 13:23 | H7: 0 | I7: JB007254755TH | J7: =IFERROR(VLOOKUP(I7,'รายการส่งของ ก.ค.'!I:T,12,0),"NO") -> 17 | K7: เคลมสินค้าเนื่องจากกล่องชำรุด เสียหาย | L7: เคลม facebook กล่องแตก DDE87 | N7: ของเคลม LAZADA เนื่องจากสินค้าเน่าเสียก่อนวันหมดอายุที่แจ้งข้างกล่อง | O7: 5
A8: 6 | B8: DDT56 | C8: ศกวรรณ กฤตเวทิน | D8: facebook | E8: Aree Kongcompomg | F8: EMS | G8: 03/07/2024 13:29 | H8: 0 | I8: JB007254747TH | J8: =IFERROR(VLOOKUP(I8,'รายการส่งของ ก.ค.'!I:T,12,0),"NO") -> 17 | K8: ของเคลม Facebook , Facebook Live เนื่องจากลูกค้าได้รับสินค้าไม่ครบ | L8: เคลม แพคตกหล่น DDB82 | N8: ของเคลม LAZADA เนื่องจากสินค้ามีรสชาติขม รสชาติ สีของขนม ผิดปกติ
A9: 7 | B9: DDY9 | C9: สุนีรัตน์ แสงสว่าง | D9: facebook | F9: EMS | G9: 04/07/2024 07:06 | H9: 0 | I9: JB007254733TH | J9: =IFERROR(VLOOKUP(I9,'รายการส่งของ ก.ค.'!I:T,12,0),"NO") -> 17 | K9: ของเคลม Facebook , Facebook Live เนื่องจากสินค้าเน่าเสียก่อนวันหมดอายุที่แจ้งข้างกล่อง | L9: ( ยกเว้นใบเตย )📌📌เคลม ส่งสินค้าใหม่ให้ลูกค้า578950156446894309 | N9: ของเคลม LAZADA เนื่องจากสินค้าไม่มี | O9: 1
A10: 8 | B10: DDY10 | C10: ชาลิดา สุขพิบูลย์ | D10: facebook | F10: EMS | G10: 04/07/2024 07:07 | H10: 0 | I10: JB007254716TH | J10: =IFERROR(VLOOKUP(I10,'รายการส่งของ ก.ค.'!I:T,12,0),"NO") -> 17 | K10: ของเคลม Tiktok เนื่องจากลูกค้าได้รับสินค้าไม่ครบ | L10: 📌📌เคลม ได้รับสินค้าไม่ครบ579011419908835719 ติ๊กต๊อก | N10: ของเคลม LAZADA ไม่ทราบเหตุผล | O10: 8
A11: 9 | B11: DER44 | C11: พัชรินทร์ รามยศ | D11: other | F11: EMS | G11: 06/07/2024 14:17 | H11: 0 | I11: JB007834945TH | J11: =IFERROR(VLOOKUP(I11,'รายการส่งของ ก.ค.'!I:T,12,0),"NO") -> 17 | K11: ของเคลม Tiktok เนื่องจากลูกค้าได้รับสินค้าไม่ครบ | L11: ของเคลม Tiktok เนื่องจากลูกค้าได้รับสินค้าไม่ครบ | N11: ของเคลม Shopee เนื่องจากลูกค้าได้รับสินค้าไม่ครบ | O11: 2
A12: 10 | B12: DER45 | C12: คุณวรรณา ศิลป์รุ่งธรรม | D12: other | F12: EMS | G12: 06/07/2024 14:19 | H12: 0 | I12: JB007834931TH | J12: =IFERROR(VLOOKUP(I12,'รายการส่งของ ก.ค.'!I:T,12,0),"NO") -> 17 | K12: ของเคลม Tiktok เนื่องจากลูกค้าได้รับสินค้าไม่ครบ | L12: ของเคลม Tiktok เนื่องจากลูกค้าได้รับสินค้าไม่ครบ | N12: ของเคลม Shopee เนื่องจากลูกค้าได้รับสินค้าผิดไม่ตรงตามที่สั่ง
A13: 11 | B13: DER48 | C13: คุณวรรณา ศิลป์รุ่งธรรม | D13: other | F13: EMS | G13: 06/07/2024 14:24 | H13: 0 | I13: JB008253076TH | J13: =IFERROR(VLOOKUP(I13,'รายการส่งของ ก.ค.'!I:T,12,0),"NO") -> 17 | K13: ของเคลม Tiktok เนื่องจากลูกค้าได้รับสินค้าไม่ครบ | L13: ของเคลม Tiktok เนื่องจากลูกค้าได้รับสินค้าไม่ครบ | N13: ของเคลม Shopee เนื่องจากลูกค้าไม่ได้รับสินค้า
A14: 12 | B14: DET74 | C14: กรรณรัตน์ | D14: facebook | F14: EMS | G14: 07/07/2024 07:13 | H14: 0 | I14: JB007834962TH | J14: =IFERROR(VLOOKUP(I14,'รายการส่งของ ก.ค.'!I:T,12,0),"NO") -> 17 | K14: เคลมสินค้าเนื่องจากกล่องชำรุด เสียหาย | L14: 📍📍เคลมสินค้า TikTok กล่องแตก579023050009905721 | N14: ของเคลม Shopee เนื่องจากสินค้าเสียหายจากการขนส่ง | O14: 1
A15: 13 | B15: DET76 | C15: แม่พิน ณ สกุล | D15: facebook | F15: EMS | G15: 07/07/2024 07:14 | H15: 0 | I15: JB007834959TH | J15: =IFERROR(VLOOKUP(I15,'รายการส่งของ ก.ค.'!I:T,12,0),"NO") -> 17 | K15: ของเคลม Tiktok เนื่องจากลูกค้าได้รับสินค้าไม่ครบ | L15: 📍📍เคลมสินค้าไม่ครบ TikTok579023447282583556 | N15: ของเคลม Shopee เนื่องจากสินค้าเน่าเสียก่อนวันหมดอายุที่แจ้งข้างกล่อง
A16: 14 | B16: DET77 | C16: สุพจพ์ กำมะชัยคำ | D16: facebook | F16: EMS | G16: 07/07/2024 07:16 | H16: 0 | I16: JB007834976TH | J16: =IFERROR(VLOOKUP(I16,'รายการส่งของ ก.ค.'!I:T,12,0),"NO") -> 17 | K16: ของเคลม Tiktok เนื่องจากลูกค้าได้รับสินค้าไม่ครบ | L16: 📍📍เคลมสินค้า ไม่รับของไม่ครบ+สินค้าเสียหาย T579019029476968677ikTok | N16: ของเคลม Shopee เนื่องจากสินค้ามีรสชาติขม รสชาติ สีของขนม ผิดปกติ
A17: 15 | B17: DEW99 | C17: วิมล ระลึก | D17: facebook | F17: EMS | G17: 07/07/2024 17:20 | H17: 0 | I17: JB007961538TH | J17: =IFERROR(VLOOKUP(I17,'รายการส่งของ ก.ค.'!I:T,12,0),"NO") -> 17 | K17: เคลมสินค้าเนื่องจากกล่องชำรุด เสียหาย | L17: เคลมจากติ๊กตอก579020299409329005 เนื่องจากสินค้ากล่องแตก | N17: ของเคลม Shopee เนื่องจากสินค้าไม่มี
A18: 16 | B18: DFA44 | C18: ชื่อ สุริวัสสา พงษ์ธันยพัต | D18: facebook | E18: Suriwassa Pongthanyapat | F18: EMS | G18: 08/07/2024 09:41 | H18: 0 | I18: JB008253093TH | J18: =IFERROR(VLOOKUP(I18,'รายการส่งของ ก.ค.'!I:T,12,0),"NO") -> 17 | K18: ของเคลม Facebook , Facebook Live เนื่องจากสินค้าเน่าเสียก่อนวันหมดอายุที่แจ้งข้างกล่อง | L18: เคลมเนื่องจากของเสีย DDB38 | N18: ของเคลม Shopee ไม่ทราบเหตุผล
A19: 17 | B19: DFB20 | C19: ศุภนิดา | D19: facebook | F19: EMS | G19: 08/07/2024 11:28 | H19: 0 | I19: JB008253116TH | J19: =IFERROR(VLOOKUP(I19,'รายการส่งของ ก.ค.'!I:T,12,0),"NO") -> 17 | K19: ของเคลม Tiktok เนื่องจากลูกค้าได้รับสินค้าไม่ครบ | L19: เคลมสินค้าจากติ๊กตอก579024525045369745 เนื่องจากได้สินค้าไม่ครบ | N19: ของเคลม Line OA เนื่องจากลูกค้าได้รับสินค้าไม่ครบ
A20: 18 | B20: DFH66 | C20: สุริวัสสา พงษ์ธันยพัต | D20: facebook | E20: Suriwassa Pongthanyapat | F20: EMS | G20: 09/07/2024 00:10 | H20: 0 | I20: JB008252844TH | J20: =IFERROR(VLOOKUP(I20,'รายการส่งของ ก.ค.'!I:T,12,0),"NO") -> 17 | K20: ของเคลม ไปรษณีย์ เนื่องจากสินค้าเน่าเสียก่อนวันหมดอายุที่แจ้งข้างกล่อง | L20: เคลมสิ้นค้าส่ง ปณ สินค้าเสียก่อนวันหมดอายุ | N20: ของเคลม Line OA เนื่องจากลูกค้าได้รับสินค้าผิดไม่ตรงตามที่สั่ง
A21: 19 | B21: DFI24 | C21: บังคับการบินน่าน | D21: facebook | F21: EMS | G21: 09/07/2024 07:42 | H21: 0 | I21: - | J21: 17 | K21: ของเคลม Tiktok เนื่องจากลูกค้าได้รับสินค้าไม่ครบ | L21: เคลมติ๊กต๊อก ส่งของไม่ครบ 579022641791469710 | N21: ของเคลม Line OA เนื่องจากลูกค้าไม่ได้รับสินค้า
A22: 20 | B22: DFI25 | C22: พรปวีณ์ พันธ์พูล | D22: facebook | F22: EMS | G22: 09/07/2024 07:43 | H22: 0 | I22: JB008252813TH | J22: =IFERROR(VLOOKUP(I22,'รายการส่งของ ก.ค.'!I:T,12,0),"NO") -> 17 | K22: ของเคลม Tiktok เนื่องจากลูกค้าได้รับสินค้าไม่ครบ | L22: เคลมติ๊กต๊อก สินค้าไม่ครบ579027689930328448 | N22: ของเคลม Line OA เนื่องจากสินค้าเสียหายจากการขนส่ง
A23: 21 | B23: DFI26 | C23: นิภาพร ศรีมัจฉา | D23: facebook | F23: EMS | G23: 09/07/2024 07:45 | H23: 0 | I23: JB008252827TH | J23: =IFERROR(VLOOKUP(I23,'รายการส่งของ ก.ค.'!I:T,12,0),"NO") -> 17 | K23: ของเคลม Tiktok เนื่องจากลูกค้าได้รับสินค้าไม่ครบ | L23: ❌❌เคลม ติ๊กต่อก็ ส่งของไม่ครบ | N23: ของเคลม Line OA เนื่องจากสินค้าเน่าเสียก่อนวันหมดอายุที่แจ้งข้างกล่อง
A24: 22 | B24: DFI29 | C24: วราภรณ์ เสนามาตย์ | D24: facebook | F24: EMS | G24: 09/07/2024 07:48 | H24: 0 | I24: JB008252835TH | J24: =IFERROR(VLOOKUP(I24,'รายการส่งของ ก.ค.'!I:T,12,0),"NO") -> 22 | K24: ของเคลม Tiktok เนื่องจากลูกค้าได้รับสินค้าไม่ครบ | L24: ***เคลมลูกค้าTIKTOK ร้านหลัก*** เลขออเดอร์ 579027415906355451*ส่งของไม่ครบ | N24: ของเคลม Line OA เนื่องจากสินค้ามีรสชาติขม รสชาติ สีของขนม ผิดปกติ
A25: 23 | B25: DFJ5 | C25: กาญจนา บัวแก้ว | D25: Lazada | F25: Kerry_dropoff | G25: 09/07/2024 10:34 | H25: 0 | I25: KERDO0130219875 | J25: 45 | K25: ของเคลม LAZADA ไม่ทราบเหตุผล | N25: ของเคลม Line OA เนื่องจากสินค้าไม่มี
A26: 24 | B26: DFJ73 | C26: คุณชุติมา บุญกระพือ | D26: facebook | E26: Tew Chutima | F26: EMS | G26: 09/07/2024 13:56 | H26: 0 | I26: JB008449078TH | J26: =IFERROR(VLOOKUP(I26,'รายการส่งของ ก.ค.'!I:T,12,0),"NO") -> 17 | K26: ไม่ทราบสาเหตุ | N26: ของเคลม Line OA ไม่ทราบเหตุผล
A27: 25 | B27: DFN54 | C27: บีลีฟ | D27: facebook | F27: EMS | G27: 10/07/2024 07:17 | H27: 0 | I27: JB008448815TH | J27: =IFERROR(VLOOKUP(I27,'รายการส่งของ ก.ค.'!I:T,12,0),"NO") -> 17 | K27: ของเคลม Tiktok เนื่องจากลูกค้าได้รับสินค้าไม่ครบ | L27: 579018532342041573❌❌เคลม ตต | N27: ของเคลม Facebook , Facebook Live เนื่องจากลูกค้าได้รับสินค้าไม่ครบ | O27: 9
A28: 26 | B28: DFN55 | C28: นางสาวพรทิพย์ มโนรัตน์ (นุ่น) | D28: facebook | F28: EMS | G28: 10/07/2024 07:18 | H28: 0 | I28: JB008448829TH | J28: =IFERROR(VLOOKUP(I28,'รายการส่งของ ก.ค.'!I:T,12,0),"NO") -> 17 | K28: ของเคลม Tiktok เนื่องจากลูกค้าได้รับสินค้าไม่ครบ | L28: ❌❌❌เคลม ตต ได้ของไม่ครบ579027454680206055 | N28: ของเคลม Facebook , Facebook Live เนื่องจากลูกค้าได้รับสินค้าผิดไม่ตรงตามที่สั่ง
A29: 27 | B29: DFN56 | C29: ประทุมพร ฤทธิ์มะหันต์ | D29: facebook | F29: EMS | G29: 10/07/2024 07:19 | H29: 0 | I29: JB008448832TH | J29: =IFERROR(VLOOKUP(I29,'รายการส่งของ ก.ค.'!I:T,12,0),"NO") -> 17 | K29: ของเคลม Tiktok เนื่องจากลูกค้าได้รับสินค้าไม่ครบ | L29: ❌❌เคลม ตต ของไม่ครบ579032189430630424 | N29: ของเคลม Facebook , Facebook Live เนื่องจากลูกค้าไม่ได้รับสินค้า
A30: 28 | B30: DFN57 | C30: ร้านน้ำหนาวผลไม้ | D30: facebook | F30: EMS | G30: 10/07/2024 07:20 | H30: 0 | I30: JB008449373TH | J30: =IFERROR(VLOOKUP(I30,'รายการส่งของ ก.ค.'!I:T,12,0),"NO") -> 47 | K30: ของเคลม Tiktok เนื่องจากลูกค้าได้รับสินค้าไม่ครบ | L30: ได้รับของไม่ครบ ตต579015936559712447 | N30: ของเคลม Facebook , Facebook Live เนื่องจากสินค้าเสียหายจากการขนส่ง
A31: 29 | B31: DFN59 | C31: มลฤดี | D31: facebook | F31: EMS | G31: 10/07/2024 07:21 | H31: 0 | I31: JB008448792TH | J31: =IFERROR(VLOOKUP(I31,'รายการส่งของ ก.ค.'!I:T,12,0),"NO") -> 17 | K31: ของเคลม Tiktok เนื่องจากลูกค้าได้รับสินค้าไม่ครบ | L31: เคลม ตต ได้ของไม่ครบ579027450317932562 | N31: ของเคลม Facebook , Facebook Live เนื่องจากสินค้าเน่าเสียก่อนวันหมดอายุที่แจ้งข้างกล่อง | O31: 2
A32: 30 | B32: DFN60 | C32: อิทธิพล ทองศรี | D32: facebook | F32: EMS | G32: 10/07/2024 07:23 | H32: 0 | I32: JB008448801TH | J32: =IFERROR(VLOOKUP(I32,'รายการส่งของ ก.ค.'!I:T,12,0),"NO") -> 17 | K32: ของเคลม Tiktok เนื่องจากลูกค้าได้รับสินค้าไม่ครบ | L32: เคลมติ้กต่อก เลขออเดอร์ 579027718764529849**สินค้าไม่ครบ** | N32: ของเคลม Facebook , Facebook Live เนื่องจากสินค้ามีรสชาติขม รสชาติ สีของขนม ผิดปกติ | O32: 1
A33: 31 | B33: DFR86 | C33: คุณบัณฑิต ภูศรี | D33: facebook | F33: EMS | G33: 10/07/2024 15:33 | H33: 0 | I33: JB008651325TH | J33: =IFERROR(VLOOKUP(I33,'รายการส่งของ ก.ค.'!I:T,12,0),"NO") -> 17 | K33: ของเคลม Tiktok เนื่องจากลูกค้าได้รับสินค้าไม่ครบ | L33: เคลมติ้กต่อก**สินค้าไม่ครบ** | N33: ของเคลม Facebook , Facebook Live เนื่องจากสินค้าไม่มี
A34: 32 | B34: DFR84 | C34: สุพรรณษา ยะหล่อม | D34: facebook | F34: EMS | G34: 10/07/2024 15:33 | H34: 0 | I34: jb008651311th | J34: =IFERROR(VLOOKUP(I34,'รายการส่งของ ก.ค.'!I:T,12,0),"NO") -> 17 | K34: ของเคลม Tiktok เนื่องจากลูกค้าได้รับสินค้าไม่ครบ | L34: เคลมสินค้าขึ้นราติกต๊อก | N34: ของเคลม Facebook , Facebook Live ไม่ทราบเหตุผล
A35: 33 | B35: DFT82 | C35: พิชชาภา | D35: Lazada | F35: Kerry_dropoff | G35: 10/07/2024 22:16 | H35: 0 | I35: KERDO0130264098 | J35: 45 | K35: ของเคลม LAZADA ไม่ทราบเหตุผล | N35: ของเคลม Tiktok เนื่องจากลูกค้าได้รับสินค้าไม่ครบ | O35: 61
A36: 34 | B36: DFU87 | C36: นางสาวปัถย์ ผลโยน(เอ้) | D36: facebook | F36: EMS | G36: 11/07/2024 07:34 | H36: 0 | I36: JB008651118TH | J36: =IFERROR(VLOOKUP(I36,'รายการส่งของ ก.ค.'!I:T,12,0),"NO") -> 17 | K36: ของเคลม Facebook , Facebook Live เนื่องจากลูกค้าได้รับสินค้าไม่ครบ | L36: 579019028639222014📍เคลม ได้รับของไม่ครบ | N36: ของเคลม Tiktok เนื่องจากลูกค้าได้รับสินค้าผิดไม่ตรงตามที่สั่ง | O36: 4
A37: 35 | B37: DFU88 | C37: ฐาปณี คำนวน มีน | D37: facebook | F37: EMS | G37: 11/07/2024 07:35 | H37: 0 | I37: jb008651095th | J37: =IFERROR(VLOOKUP(I37,'รายการส่งของ ก.ค.'!I:T,12,0),"NO") -> 17 | K37: ของเคลม เนื่องจากสินค้ามีรสชาติไม่ปกติ (ขม) | L37: 579030866172021022📍📍เคลม สินค้ามีมดขึ้น | N37: ของเคลม Tiktok เนื่องจากลูกค้าไม่ได้รับสินค้า
A38: 36 | B38: DFU89 | C38: พัชรี คชผล | D38: facebook | F38: EMS | G38: 11/07/2024 07:36 | H38: 0 | I38: JB008651121TH | J38: =IFERROR(VLOOKUP(I38,'รายการส่งของ ก.ค.'!I:T,12,0),"NO") -> 22 | K38: ของเคลม Tiktok เนื่องจากลูกค้าได้รับสินค้าไม่ครบ | L38: 579027789710330184📍เคลม ได้รับของไม่ครบ TIKTOK | N38: ของเคลม TikTok เนื่องจากสินค้าเสียหายจากการขนส่ง
A39: 37 | B39: DFV54 | C39: สุกัญญา ช่องประเสริฐ | D39: facebook | F39: EMS | G39: 11/07/2024 10:33 | H39: 0 | I39: JB008851882TH | J39: =IFERROR(VLOOKUP(I39,'รายการส่งของ ก.ค.'!I:T,12,0),"NO") -> 17 | K39: ของเคลม Tiktok เนื่องจากลูกค้าได้รับสินค้าไม่ครบ | L39: เคลมสินค้าจากในติ๊กตอก579038419132844273เนื่องจากสินค้าไม่ครบ | N39: ของเคลม TikTok เนื่องจากสินค้าเน่าเสียก่อนวันหมดอายุที่แจ้งข้างกล่อง
A40: 38 | B40: DFW24 | C40: นางสาว แคทริน แดงหาญ | D40: facebook | E40: แคทริน แดงหาญ | F40: EMS | G40: 11/07/2024 14:14 | H40: 0 | I40: JB008851750TH | J40: =IFERROR(VLOOKUP(I40,'รายการส่งของ ก.ค.'!I:T,12,0),"NO") -> 17 | K40: ของเคลม Facebook , Facebook Live เนื่องจากลูกค้าได้รับสินค้าไม่ครบ | L40: เคลิมสินค้าขาดส่ง เนื่องจากลูกค้าสั่งชิฟฟ่อน6กล่องแต่ได้ไป3กล่อ DFI42ง | N40: ของเคลม Tiktok เนื่องจากสินค้ามีรสชาติขม รสชาติ สีของขนม ผิดปกติ
A41: 39 | B41: DFY26 | C41: พิชชาภา | D41: Lazada | F41: Kerry_dropoff | G41: 11/07/2024 22:02 | H41: 0 | I41: KERDO0130330305 | J41: 45 | K41: ของเคลม LAZADA ไม่ทราบเหตุผล | N41: ของเคลม Tiktok เนื่องจากสินค้าไม่มี
A42: 40 | B42: DFZ1 | C42: ร้านชาไข่มุก(ข้างร้านเล็บเจลนุ่มนิ่ม) | D42: facebook | F42: EMS | G42: 12/07/2024 07:27 | H42: 0 | I42: JB008851975TH | J42: =IFERROR(VLOOKUP(I42,'รายการส่งของ ก.ค.'!I:T,12,0),"NO") -> 57 | K42: ของเคลม Tiktok เนื่องจากลูกค้าได้รับสินค้าไม่ครบ | L42: เคลมติกตอก **ของไม่ครบ** | N42: ของเคลม Tiktok ไม่ทราบเหตุผล
A43: 41 | B43: DFZ2 | C43: ศิริวรรณ | D43: facebook | F43: EMS | G43: 12/07/2024 07:28 | H43: 0 | I43: JB008851573TH | J43: =IFERROR(VLOOKUP(I43,'รายการส่งของ ก.ค.'!I:T,12,0),"NO") -> 17 | K43: ของเคลม LAZADA เนื่องจากลูกค้าได้รับสินค้าผิดไม่ตรงตามที่สั่ง | L43: เคลม ลาซาด้า เลขออเดอร์ 887347356056298**สินค้าผิด** | N43: ของเคลม ไปรษณีย์ เนื่องจากลูกค้าได้รับสินค้าไม่ครบ
A44: 42 | B44: DFZ3 | C44: ทัศนีย์ จันทร์บัว | D44: facebook | F44: EMS | G44: 12/07/2024 07:29 | H44: 0 | I44: JB008851587TH | J44: =IFERROR(VLOOKUP(I44,'รายการส่งของ ก.ค.'!I:T,12,0),"NO") -> 17 | K44: ของเคลม Tiktok เนื่องจากลูกค้าได้รับสินค้าไม่ครบ | L44: เคลมติกตอก **ของไม่ครบ** | N44: ของเคลม ไปรษณีย์ เนื่องจากลูกค้าได้รับสินค้าผิดไม่ตรงตามที่สั่ง
A45: 43 | B45: DGB14 | C45: วิโรจน์รัตน์ วิมลพัฒนา | D45: facebook | F45: EMS | G45: 12/07/2024 16:11 | H45: 0 | I45: JB009040191TH | J45: =IFERROR(VLOOKUP(I45,'รายการส่งของ ก.ค.'!I:T,12,0),"NO") -> 17 | K45: ของเคลม Tiktok เนื่องจากลูกค้าได้รับสินค้าไม่ครบ | L45: เนื่องจากสั่ง6กล่องได้3กล่องติ๊กต๊อก | N45: ของเคลม ไปรษณีย์ เนื่องจากลูกค้าไม่ได้รับสินค้า
A46: 44 | B46: DGB15 | C46: สายพิน ขวัญเกิด | D46: facebook | F46: EMS | G46: 12/07/2024 16:12 | H46: 0 | I46: JB009040143TH | J46: =IFERROR(VLOOKUP(I46,'รายการส่งของ ก.ค.'!I:T,12,0),"NO") -> 17 | K46: ของเคลม Tiktok เนื่องจากลูกค้าได้รับสินค้าไม่ครบ | L46: เคลมสินค้าขาดส่งติ๊กต๊อก | N46: ของเคลม ไปรษณีย์ เนื่องจากสินค้าเสียหายจากการขนส่ง | O46: 1
A47: 45 | B47: DGB17 | C47: เพ็ญรุ่ง นุชน้อย | D47: facebook | F47: EMS | G47: 12/07/2024 16:13 | H47: 0 | I47: JB009040165TH | J47: =IFERROR(VLOOKUP(I47,'รายการส่งของ ก.ค.'!I:T,12,0),"NO") -> 22 | K47: ของเคลม Shopee เนื่องจากลูกค้าได้รับสินค้าไม่ครบ | L47: เคลมช้อปปี้**สินค้าไม่ครบ**240704PDGU4MCH | N47: ของเคลม ไปรษณีย์ เนื่องจากสินค้าเน่าเสียก่อนวันหมดอายุที่แจ้งข้างกล่อง | O47: 1
A48: 46 | B48: DGB16 | C48: มณีมนท์ ทักขิณะ | D48: facebook | F48: EMS | G48: 12/07/2024 16:13 | H48: 0 | I48: JB009040157TH | J48: =IFERROR(VLOOKUP(I48,'รายการส่งของ ก.ค.'!I:T,12,0),"NO") -> 17 | K48: ของเคลม Tiktok เนื่องจากลูกค้าได้รับสินค้าไม่ครบ | L48: เคลมสินค้าได้ของไม่ครบติ๊กตีอก | N48: ของเคลม ไปรษณีย์ เนื่องจากสินค้ามีรสชาติขม รสชาติ สีของขนม ผิดปกติ
A49: 47 | B49: DGD31 | C49: พิชชาภา | D49: Lazada | F49: Kerry_dropoff | G49: 12/07/2024 23:11 | H49: 0 | I49: KERDO0130396150 | J49: 45 | K49: ของเคลม LAZADA ไม่ทราบเหตุผล | N49: ของเคลม ไปรษณีย์ เนื่องจากสินค้าไม่มี
A50: 48 | B50: DGJ73 | C50: กนกวรรณ แสงปาก | D50: facebook | F50: EMS | G50: 13/07/2024 14:53 | H50: 0 | I50: JB009209445TH | J50: =IFERROR(VLOOKUP(I50,'รายการส่งของ ก.ค.'!I:T,12,0),"NO") -> 17 | K50: ของเคลม Facebook , Facebook Live เนื่องจากลูกค้าได้รับสินค้าไม่ครบ | L50: เคลมจากเพจDFR75 เนื่องจากสินค้าไม่ครบ | N50: ของเคลม ไปรษณีย์ ไม่ทราบเหตุผล
A51: 49 | B51: DGP20 | C51: ทิพย์ประภา พระสุรัตน์ | D51: facebook | E51: pattypat1999 | F51: EMS | G51: 13/07/2024 20:56 | H51: 0 | I51: JB009221684TH | J51: =IFERROR(VLOOKUP(I51,'รายการส่งของ ก.ค.'!I:T,12,0),"NO") -> 17 | K51: ของเคลม Tiktok เนื่องจากลูกค้าได้รับสินค้าไม่ครบ | L51: เคลมtiktok | N51: ของเคลม ตัวแทนเส้น | U51: เนื่องจากของขาดไม่ครบ
A52: 50 | B52: DGU13 | C52: จุฬาลักษณ์ ตั้งรัตนาพิบูล | D52: facebook | F52: EMS | G52: 14/07/2024 07:48 | H52: 0 | I52: JB009230584TH | J52: =IFERROR(VLOOKUP(I52,'รายการส่งของ ก.ค.'!I:T,12,0),"NO") -> 32 | K52: ของเคลม LAZADA เนื่องจากสินค้าเน่าเสียก่อนวันหมดอายุที่แจ้งข้างกล่อง | L52: เคลมลาซาด้า เลขออเดอร์ 886994387667676**สินค้าเสีย** | N52: ของเคลม เนื่องจากสินค้ามีรสชาติไม่ปกติ (ขม) | O52: 1
A53: 51 | B53: DGU14 | C53: ศุภนิดา | D53: facebook | F53: EMS | G53: 14/07/2024 07:49 | H53: 0 | I53: JB009221715TH | J53: =IFERROR(VLOOKUP(I53,'รายการส่งของ ก.ค.'!I:T,12,0),"NO") -> 17 | K53: ของเคลม Tiktok เนื่องจากลูกค้าได้รับสินค้าไม่ครบ | L53: เคลมติกตอก**ได้ไม่ครบ** | N53: เคลมลูกค้านัดรับ เส้น | T53: นื่องจากขนส่งซัพนอกไม่ได้ลงของให้ลูกค้า
A54: 52 | B54: DGU16 | C54: พัชราภรณ์ ผ่องผา | D54: facebook | F54: EMS | G54: 14/07/2024 07:50 | H54: 0 | I54: JB009221707TH | J54: =IFERROR(VLOOKUP(I54,'รายการส่งของ ก.ค.'!I:T,12,0),"NO") -> 17 | K54: ของเคลม Tiktok เนื่องจากลูกค้าได้รับสินค้าผิดไม่ตรงตามที่สั่ง | L54: เคลมสินค้าขาดส่งลูกค้าติ๊กต๊อก | N54: เคลมสินค้าเนื่องจากกล่องชำรุด เสียหาย | O54: 3
A55: 53 | B55: DGU18 | C55: นางสาวสุดารัตน์ ชีวะ | D55: facebook | F55: EMS | G55: 14/07/2024 07:51 | H55: 0 | I55: JB009221741TH | J55: =IFERROR(VLOOKUP(I55,'รายการส่งของ ก.ค.'!I:T,12,0),"NO") -> 22 | K55: ของเคลม Tiktok เนื่องจากลูกค้าได้รับสินค้าผิดไม่ตรงตามที่สั่ง | L55: ❌❌เคลม ตต ได้ของผิด579025333122664862 | N55: เคลมเนื่องจากส่งสินค้าผิด
A56: 54 | B56: DGU20 | C56: เจนจิรา สุขสุวรรณ | D56: facebook | F56: EMS | G56: 14/07/2024 07:53 | H56: 0 | I56: JB009221738TH | J56: =IFERROR(VLOOKUP(I56,'รายการส่งของ ก.ค.'!I:T,12,0),"NO") -> 17 | K56: ของเคลม Tiktok เนื่องจากลูกค้าได้รับสินค้าผิดไม่ตรงตามที่สั่ง | L56: 📌📌เคลม ติ๊กต๊อก | N56: ไม่ทราบสาเหตุ | O56: 4
A57: 55 | B57: DGU21 | C57: อ้อน หอพักหลังร้านแหลกสเต๊ก | D57: facebook | F57: EMS | G57: 14/07/2024 07:55 | H57: 0 | I57: - | J57: 17 | K57: ของเคลม Tiktok เนื่องจากลูกค้าได้รับสินค้าไม่ครบ | L57: เคลมติกตอก**ของไม่ครบ** | O57: =SUM(O3:O56) -> 121
A58: 56 | B58: DGU22 | C58: คุณเบล | D58: facebook | F58: EMS | G58: 14/07/2024 07:56 | H58: 0 | I58: JB009221724TH | J58: =IFERROR(VLOOKUP(I58,'รายการส่งของ ก.ค.'!I:T,12,0),"NO") -> 17 | K58: ของเคลม Tiktok เนื่องจากลูกค้าได้รับสินค้าไม่ครบ | L58: ติ๊กต๊อกเคลมสินค้าได้ไม่ครบ
A59: 57 | B59: DGV0 | C59: อรพิน วันทอง | D59: facebook | E59: อรพิน วันทอง | F59: EMS | G59: 14/07/2024 13:04 | H59: 0 | I59: JB009324091TH | J59: =IFERROR(VLOOKUP(I59,'รายการส่งของ ก.ค.'!I:T,12,0),"NO") -> 17 | K59: เคลมสินค้าเนื่องจากกล่องชำรุด เสียหาย | L59: เคลิมเนื่องจากคนแพ๊คใส่กล่องDFV28
A60: 58 | B60: DGY63 | C60: มาริสา นันทิวัน | D60: Lazada | F60: Kerry_dropoff | G60: 14/07/2024 19:05 | H60: 0 | I60: LEXDO0107131444 | J60: 45 | K60: ของเคลม LAZADA ไม่ทราบเหตุผล
A61: 59 | B61: DHA28 | C61: ศรีสุดา ธรรมภักดี | D61: facebook | F61: EMS | G61: 15/07/2024 07:29 | H61: 0 | I61: JB009323860TH | J61: =IFERROR(VLOOKUP(I61,'รายการส่งของ ก.ค.'!I:T,12,0),"NO") -> 17 | K61: ของเคลม Tiktok เนื่องจากลูกค้าได้รับสินค้าไม่ครบ | L61: เคลมติ๊กต๊อก ส่งของไม่ครบ 579038423745137053
A62: 60 | B62: DHA27 | C62: ชื่อ จันทร์ จันทร์หนุน | D62: facebook | F62: EMS | G62: 15/07/2024 07:29 | H62: 0 | I62: JB009323935TH | J62: =IFERROR(VLOOKUP(I62,'รายการส่งของ ก.ค.'!I:T,12,0),"NO") -> 17 | K62: ของเคลม Tiktok เนื่องจากลูกค้าได้รับสินค้าไม่ครบ | L62: เคลมติ๊กต๊อก ส่งของไม่ครบ
A63: 61 | B63: DHA29 | C63: นายภูวดิษฐ์ วิชยอัชฌบูรณ์ | D63: facebook | F63: EMS | G63: 15/07/2024 07:30 | H63: 0 | I63: JB009323887TH | J63: =IFERROR(VLOOKUP(I63,'รายการส่งของ ก.ค.'!I:T,12,0),"NO") -> 22 | K63: ของเคลม LAZADA เนื่องจากลูกค้าได้รับสินค้าไม่ครบ | L63: คลมลาซาด้า ส่งของผิด และไม่ครบ 882289848577058
A64: 62 | B64: DHA30 | C64: กมลลักษณ์ วะราหะ | D64: facebook | F64: EMS | G64: 15/07/2024 07:31 | H64: 0 | I64: JB009323895TH | J64: =IFERROR(VLOOKUP(I64,'รายการส่งของ ก.ค.'!I:T,12,0),"NO") -> 17 | K64: ของเคลม LAZADA เนื่องจากลูกค้าได้รับสินค้าไม่ครบ | L64: เคลมลาซาด้า ส่งของไม่ครบ 881910862639680
A65: 63 | B65: DHA31 | C65: ชื่อผู้รับ จินดาหรา สุรเดโช | D65: facebook | F65: EMS | G65: 15/07/2024 07:32 | H65: 0 | I65: JB009323900TH | J65: =IFERROR(VLOOKUP(I65,'รายการส่งของ ก.ค.'!I:T,12,0),"NO") -> 17 | K65: ของเคลม LAZADA เนื่องจากลูกค้าได้รับสินค้าไม่ครบ | L65: เคลมลาซาด้า ส่งของไม่ครบ 887889948703487
A66: 64 | B66: DHA33 | C66: วิชุดา มั่นต่อ | D66: facebook | F66: EMS | G66: 15/07/2024 07:33 | H66: 0 | I66: JB009323808TH | J66: =IFERROR(VLOOKUP(I66,'รายการส่งของ ก.ค.'!I:T,12,0),"NO") -> 17 | K66: ของเคลม Tiktok เนื่องจากลูกค้าได้รับสินค้าไม่ครบ | L66: เคลมจติ๊กต๊อก ส่งของไม่ครบ 579049569046792977
A67: 65 | B67: DHA32 | C67: ธนวัฒน์ มะแม้น | D67: facebook | F67: EMS | G67: 15/07/2024 07:33 | H67: 0 | I67: JB009323799TH | J67: =IFERROR(VLOOKUP(I67,'รายการส่งของ ก.ค.'!I:T,12,0),"NO") -> 17 | K67: ของเคลม Shopee เนื่องจากลูกค้าได้รับสินค้าไม่ครบ | L67: เคลมช็อปปี้ ส่งของไม่ครบ 2407096V3Q7MWD
A68: 66 | B68: DHA34 | C68: อ้อน หอพักหลังร้านแหลกสเต๊ก | D68: facebook | F68: EMS | G68: 15/07/2024 07:34 | H68: 0 | I68: JB009323811TH | J68: =IFERROR(VLOOKUP(I68,'รายการส่งของ ก.ค.'!I:T,12,0),"NO") -> 17 | K68: ของเคลม Tiktok เนื่องจากลูกค้าได้รับสินค้าไม่ครบ | L68: เคลมติ๊กต๊อก ส่งของไม่ครบ 579053231162493329
A69: 67 | B69: DHA37 | C69: สิริญพิชยา ดอกสันเทียะ | D69: facebook | F69: EMS | G69: 15/07/2024 07:35 | H69: 0 | I69: JB009323842TH | J69: =IFERROR(VLOOKUP(I69,'รายการส่งของ ก.ค.'!I:T,12,0),"NO") -> 17 | K69: ของเคลม Tiktok เนื่องจากลูกค้าได้รับสินค้าไม่ครบ | L69: เคลมติ๊กต๊อก ส่งของไม่ครบ
A70: 68 | B70: DHA35 | C70: วนิดา ศรีนวล | D70: facebook | F70: EMS | G70: 15/07/2024 07:35 | H70: 0 | I70: JB009323825TH | J70: =IFERROR(VLOOKUP(I70,'รายการส่งของ ก.ค.'!I:T,12,0),"NO") -> 17 | K70: ของเคลม เนื่องจากสินค้ามีรสชาติไม่ปกติ (ขม) | L70: เคลมติ๊กต๊อก ขนมมีรสขม
A71: 69 | B71: DHA39 | C71: รัตนา หลีอรัญ | D71: facebook | F71: EMS | G71: 15/07/2024 07:37 | H71: 0 | I71: JB009323737TH | J71: =IFERROR(VLOOKUP(I71,'รายการส่งของ ก.ค.'!I:T,12,0),"NO") -> 17 | K71: ของเคลม LAZADA เนื่องจากสินค้าเสียหายจากการขนส่ง | L71: เคลมลาซาด้า สินค้ากล่องแตก 882325675256166
A72: 70 | B72: DHA40 | C72: จตุพล อินทร์ประสิทธิ์ | D72: facebook | F72: EMS | G72: 15/07/2024 07:39 | H72: 0 | I72: JB009323768TH | J72: =IFERROR(VLOOKUP(I72,'รายการส่งของ ก.ค.'!I:T,12,0),"NO") -> 17 | K72: ของเคลม LAZADA เนื่องจากสินค้าเสียหายจากการขนส่ง | L72: คละรส คลมติ๊กต๊อก ส่งของไม่ครบ 579057913873860811
... A75: 73 | B75: DHC86 | C75: ลานชา คาเฟ่ | D75: facebook | F75: EMS | G75: 15/07/2024 15:30 | H75: 0 | I75: JB009540538TH | J75: =IFERROR(VLOOKUP(I75,'รายการส่งของ ก.ค.'!I:T,12,0),"NO") -> 17 | K75: ของเคลม Tiktok เนื่องจากลูกค้าได้รับสินค้าไม่ครบ | L75: เคลมติ้กต่อก579058232354965866**สินค้าไม่ครบ**
A76: 74 | B76: DHG16 | C76: (แม่วิ) | D76: facebook | E76: วิ-วิภาดา ฉ่ำแสง | F76: EMS | G76: 15/07/2024 21:45 | H76: 0 | I76: JB009540351TH | J76: =IFERROR(VLOOKUP(I76,'รายการส่งของ ก.ค.'!I:T,12,0),"NO") -> 17 | K76: ของเคลม ไปรษณีย์ เนื่องจากสินค้าเสียหายจากการขนส่ง | L76: เคลม สินค้า ปณ เนื่องจากสินค้าเสียหาย
A77: 75 | B77: DHH97 | C77: อนุสรา ผิวมา | D77: Lazada | F77: Kerry_dropoff | G77: 16/07/2024 00:43 | H77: 0 | I77: KERDO0130580744 | J77: 45 | K77: ของเคลม LAZADA ไม่ทราบเหตุผล
A78: 76 | B78: DHI99 | C78: พรวรา กลีบมาลัย | D78: facebook | E78: พรวรา กลีบมาลัย | F78: EMS | G78: 16/07/2024 08:45 | H78: 0 | I78: JB009732935TH | J78: =IFERROR(VLOOKUP(I78,'รายการส่งของ ก.ค.'!I:T,12,0),"NO") -> 19.09 | K78: ไม่ทราบสาเหตุ
A79: 77 | B79: DHL95 | C79: แพรว ดวงฤทัย 0807728306 | D79: facebook | E79: Praeww Praeww | F79: EMS | G79: 16/07/2024 19:07 | H79: 0 | I79: JB009732745TH | J79: =IFERROR(VLOOKUP(I79,'รายการส่งของ ก.ค.'!I:T,12,0),"NO") -> 17 | K79: ของเคลม Facebook , Facebook Live เนื่องจากลูกค้าได้รับสินค้าไม่ครบ | L79: เคลมเนื่องสินค้าขาด3กล่องDGO17
A80: 78 | B80: DHM4 | C80: วัชรี กัลยาณบุตร | D80: facebook | E80: Dearn Wacharee Swangroj | F80: EMS | G80: 16/07/2024 19:53 | H80: 0 | I80: JB009924612TH | J80: =IFERROR(VLOOKUP(I80,'รายการส่งของ ก.ค.'!I:T,12,0),"NO") -> 17 | K80: ของเคลม Facebook , Facebook Live เนื่องจากลูกค้าได้รับสินค้าไม่ครบ | L80: เคลมสินค้าเนื่องจากสินค้าเสียจากซีเจ
A81: 79 | B81: DHO90 | C81: ธนัสถา แซ่ลี้ | D81: facebook | F81: EMS | G81: 17/07/2024 11:06 | H81: 0 | I81: JB009924586TH | J81: =IFERROR(VLOOKUP(I81,'รายการส่งของ ก.ค.'!I:T,12,0),"NO") -> 22 | K81: ของเคลม Tiktok เนื่องจากลูกค้าได้รับสินค้าไม่ครบ | L81: เคลมจากติ๊กตอก579060277733919102 เนื่องจากสินค้าไม่ครบ
A82: 80 | B82: DHR25 | C82: prasoet | D82: Lazada | F82: Kerry_dropoff | G82: 17/07/2024 20:13 | H82: 0 | I82: - | J82: 45 | K82: ของเคลม LAZADA ไม่ทราบเหตุผล
A83: 81 | B83: DHR48 | C83: ธิติมา ตันศิริ | D83: facebook | E83: คุณกุ๊ก | F83: EMS | G83: 17/07/2024 20:29 | H83: 0 | I83: JB010134259TH | J83: =IFERROR(VLOOKUP(I83,'รายการส่งของ ก.ค.'!I:T,12,0),"NO") -> 22 | K83: ไม่ทราบสาเหตุ | L83: ลูกค้า บัญชี
A84: 82 | B84: DHT3 | C84: เรวดี ศรีสงคราม | D84: facebook | F84: EMS | G84: 18/07/2024 07:15 | H84: 0 | I84: JB009924348TH | J84: =IFERROR(VLOOKUP(I84,'รายการส่งของ ก.ค.'!I:T,12,0),"NO") -> 17 | K84: ของเคลม LAZADA เนื่องจากสินค้าเน่าเสียก่อนวันหมดอายุที่แจ้งข้างกล่อง | L84: เคลมลาซาด้า เลขออเดอร์ 888127776976405**สินค้าเสีย**
A85: 83 | B85: DHT5 | C85: พรรณี ทองเปลว | D85: facebook | F85: EMS | G85: 18/07/2024 07:17 | H85: 0 | I85: JB009924351TH | J85: =IFERROR(VLOOKUP(I85,'รายการส่งของ ก.ค.'!I:T,12,0),"NO") -> 17 | K85: ของเคลม Facebook , Facebook Live เนื่องจากลูกค้าได้รับสินค้าไม่ครบ | L85: 📌📌เคลม ได้รับสินค้าไม่ครบ
A86: 84 | B86: DHT6 | C86: ธนัสถา แซ่ลี้ | D86: facebook | F86: EMS | G86: 18/07/2024 07:18 | H86: 0 | I86: JB009924277TH | J86: =IFERROR(VLOOKUP(I86,'รายการส่งของ ก.ค.'!I:T,12,0),"NO") -> 17 | K86: ของเคลม Tiktok เนื่องจากลูกค้าได้รับสินค้าไม่ครบ | L86: เคลมติ้กต่อก เลขออเดอร์ 579060277733919102**สินค้าไม่ครบ**
A87: 85 | B87: DHT8 | C87: ศันศนีย์ สังอยู่ | D87: facebook | F87: EMS | G87: 18/07/2024 07:32 | H87: 0 | I87: JB009924285TH | J87: =IFERROR(VLOOKUP(I87,'รายการส่งของ ก.ค.'!I:T,12,0),"NO") -> 17 | K87: ของเคลม Tiktok เนื่องจากลูกค้าได้รับสินค้าไม่ครบ | L87: เคลมติ๊กต๊อก ส่งของไม่ครบ
A88: 86 | B88: DHT9 | C88: ศรีวิภา​ สองห้อง | D88: facebook | F88: EMS | G88: 18/07/2024 07:34 | H88: 0 | I88: JB009924294TH | J88: =IFERROR(VLOOKUP(I88,'รายการส่งของ ก.ค.'!I:T,12,0),"NO") -> 17 | K88: ของเคลม Facebook , Facebook Live เนื่องจากลูกค้าได้รับสินค้าไม่ครบ | L88: DGU11 เคลมปณ
A89: 87 | B89: DHU93 | C89: ปัทมา จันทร์ศิริ | D89: facebook | E89: Patama Chansiri | F89: EMS | G89: 18/07/2024 12:18 | H89: 0 | I89: JB010134090TH | J89: =IFERROR(VLOOKUP(I89,'รายการส่งของ ก.ค.'!I:T,12,0),"NO") -> 17 | K89: ของเคลม Facebook , Facebook Live เนื่องจากลูกค้าได้รับสินค้าไม่ครบ | L89: เคลมจากออเดอร์DHM20
A90: 88 | B90: DHV79 | C90: จตุพล อินทร์ประสิทธิ์ | D90: facebook | F90: EMS | G90: 18/07/2024 15:58 | H90: 0 | I90: JB010131371TH | J90: =IFERROR(VLOOKUP(I90,'รายการส่งของ ก.ค.'!I:T,12,0),"NO") -> 17 | K90: ของเคลม Tiktok เนื่องจากลูกค้าได้รับสินค้าไม่ครบ | L90: เคลมติ้กต่อก เลขออเดอร์ 579057913873860811**สินค้าไม่ครบ**
A91: 89 | B91: DHV80 | C91: ทองปาน ศรีบุรินทร์ | D91: facebook | F91: EMS | G91: 18/07/2024 15:59 | H91: 0 | I91: JB010131385TH | J91: =IFERROR(VLOOKUP(I91,'รายการส่งของ ก.ค.'!I:T,12,0),"NO") -> 17 | K91: ของเคลม Tiktok เนื่องจากลูกค้าได้รับสินค้าไม่ครบ | L91: เคลมติกตอก เลขออเดอร์ 579032425410759261**สินค้าไม่ครบ**
A92: 90 | B92: DHV82 | C92: ปิยะนุช มูลอุดม | D92: facebook | F92: EMS | G92: 18/07/2024 16:01 | H92: 0 | I92: JB010131345TH | J92: =IFERROR(VLOOKUP(I92,'รายการส่งของ ก.ค.'!I:T,12,0),"NO") -> 17 | K92: ของเคลม Tiktok เนื่องจากลูกค้าได้รับสินค้าไม่ครบ | L92: เคลมติกตอก **กดคืนเงินแล้ว 500* เลขออเดอร์ 579065665386809647**สินค้าไม่ครบ**
A93: 91 | B93: DHV83 | C93: ชื่อผู้รับ สรัญญา สุวรรณ | D93: facebook | F93: EMS | G93: 18/07/2024 16:02 | H93: 0 | I93: JB010131354TH | J93: =IFERROR(VLOOKUP(I93,'รายการส่งของ ก.ค.'!I:T,12,0),"NO") -> 22 | K93: ของเคลม LAZADA เนื่องจากสินค้าเน่าเสียก่อนวันหมดอายุที่แจ้งข้างกล่อง | L93: เคลมลาซาด้า สินค้าเสีย 880663458700003
A94: 92 | B94: DHV90 | C94: ณัฐวดี ถึงรัตน์ | D94: facebook | F94: EMS | G94: 18/07/2024 16:34 | H94: 0 | I94: JB010134293TH | J94: =IFERROR(VLOOKUP(I94,'รายการส่งของ ก.ค.'!I:T,12,0),"NO") -> 22 | K94: ของเคลม Facebook , Facebook Live เนื่องจากลูกค้าได้รับสินค้าไม่ครบ | L94: กล่องเปล่า เบาหวิว รสเนยนม กับ ทุเรียน และ ลูกตาล อย่างละ 1 กล่อง
A95: 93 | B95: DHW78 | C95: เพ็ญรัตน์ เทียมเพ็ง | D95: facebook | F95: EMS | G95: 18/07/2024 19:27 | H95: 0 | I95: JB010305832TH | J95: =IFERROR(VLOOKUP(I95,'รายการส่งของ ก.ค.'!I:T,12,0),"NO") -> 17 | K95: ของเคลม Facebook , Facebook Live เนื่องจากลูกค้าได้รับสินค้าไม่ครบ | L95: 📌เคลมชิฟฟ่อนชมพูเล็ก 3 กล่อง
A96: 94 | B96: DHW84 | C96: สุกัญญา 0932680109 | D96: facebook | F96: EMS | G96: 18/07/2024 19:34 | H96: 0 | I96: JB010305846TH | J96: =IFERROR(VLOOKUP(I96,'รายการส่งของ ก.ค.'!I:T,12,0),"NO") -> 17 | K96: ของเคลม Facebook , Facebook Live เนื่องจากลูกค้าได้รับสินค้าไม่ครบ | L96: เคลมชิฟฟ่อนกล่องใหญ่ ชมพู 1 กล่อง
A97: 95 | B97: DHX53 | C97: จรรยา กาซอ | D97: facebook | F97: EMS | G97: 18/07/2024 22:51 | H97: 0 | I97: JB010131249TH | J97: =IFERROR(VLOOKUP(I97,'รายการส่งของ ก.ค.'!I:T,12,0),"NO") -> 17 | K97: ไม่ทราบสาเหตุ | L97: เคลม
A98: 96 | B98: DHX54 | C98: อจลญา | D98: facebook | F98: EMS | G98: 18/07/2024 22:52 | H98: 0 | I98: JB010131178TH | J98: =IFERROR(VLOOKUP(I98,'รายการส่งของ ก.ค.'!I:T,12,0),"NO") -> 17 | K98: ไม่ทราบสาเหตุ | L98: เคลม
A99: 97 | B99: DHY65 | C99: ลานชา คาเฟ่ | D99: facebook | F99: EMS | G99: 19/07/2024 12:30 | H99: 0 | I99: JB010305948TH | J99: =IFERROR(VLOOKUP(I99,'รายการส่งของ ก.ค.'!I:T,12,0),"NO") -> 17 | K99: ของเคลม Tiktok เนื่องจากลูกค้าได้รับสินค้าไม่ครบ | L99: เคลมติ๊กต๊อก ส่งของไม่ครบ
A100: 98 | B100: DHY66 | C100: นาย ชนินทร์ เพ็ชรเลี่ยม | D100: facebook | F100: EMS | G100: 19/07/2024 12:31 | H100: 0 | I100: JB010305951TH | J100: =IFERROR(VLOOKUP(I100,'รายการส่งของ ก.ค.'!I:T,12,0),"NO") -> 17 | K100: ของเคลม LAZADA เนื่องจากสินค้าเน่าเสียก่อนวันหมดอายุที่แจ้งข้างกล่อง | L100: เคลมลาซาด้า ออเดอร์ 886172367728045**สินค้าเสีย**
A101: 99 | B101: DHZ15 | C101: กนกพร โยธานันท์ | D101: facebook | F101: EMS | G101: 19/07/2024 16:10 | H101: 0 | I101: JB010306016TH | J101: =IFERROR(VLOOKUP(I101,'รายการส่งของ ก.ค.'!I:T,12,0),"NO") -> 22 | K101: ของเคลม Tiktok เนื่องจากลูกค้าได้รับสินค้าไม่ครบ | L101: เคลมติ๊กต๊อก ส่งของไม่ครบ
... A104: 102 | B104: DID37 | C104: รัชนี สาธุภาค | D104: facebook | F104: EMS | G104: 21/07/2024 07:38 | H104: 0 | I104: JB010532865TH | J104: =IFERROR(VLOOKUP(I104,'รายการส่งของ ก.ค.'!I:T,12,0),"NO") -> 57 | K104: ของเคลม Tiktok เนื่องจากลูกค้าได้รับสินค้าไม่ครบ | L104: เคลมสินค้าขาดส่งติ๊กต๊อก
...

Sheet ก.ค. ยกเลิก
A1: สรุปรายการยกเลิกออเดอร์ ที่ออกเลขที่ออเดอร์แล้ว (เนื่องจากลูกค้าเอฟในไลฟ์สดแล้วไม่ยืนยันออเดอร์) เดือนกรกฎาคม 2567
A2: ลำดับ | B2: เลขที่ออเดอร์ | C2: ชื่อ | D2: ช่องทางติดต่อ | E2: ชื่อตามช่องทางติดต่อ | F2: ขนส่ง | G2: วันที่สร้าง | H2: ยอดขาย | I2: หมายเหตุ
A3: 1 | B3: DFB8 | C3: ปารมี แสงรังสี | D3: Lazada | F3: Kerry_dropoff | G3: 08/07/2024 11:06 | H3: 174.19 | I3: สรุปออเดอร์แล้ว ลูกค้ายกเลิก
A4: 2 | B4: DFB76 | C4: คุณพันทิพา จันทมณีโชติ | D4: Lazada | F4: Kerry_dropoff | G4: 08/07/2024 13:00 | H4: 266.76 | I4: สรุปออเดอร์แล้ว ลูกค้ายกเลิก
A5: 3 | B5: DFF63 | C5: นิรชร แสงรังสี | D5: Lazada | F5: Kerry_dropoff | G5: 08/07/2024 19:43 | H5: 138.57 | I5: สรุปออเดอร์แล้ว ลูกค้ายกเลิก
A6: 4 | B6: DFF64 | C6: นิรชร แสงรังสี | D6: Lazada | F6: Kerry_dropoff | G6: 08/07/2024 19:48 | H6: 252.64 | I6: สรุปออเดอร์แล้ว ลูกค้ายกเลิก
A7: 5 | B7: DFG23 | C7: ฐิติรัตน์ ตั้งเหรียญทอง | D7: Lazada | F7: Kerry_dropoff | G7: 08/07/2024 21:12 | H7: 103.97 | I7: สรุปออเดอร์แล้ว ลูกค้ายกเลิก
A8: 6 | B8: DFI45 | C8: ค******์ | D8: Shopee | E8: baimai11 | G8: 09/07/2024 08:34 | H8: 199 | I8: สรุปออเดอร์แล้ว ลูกค้ายกเลิก
A9: 7 | B9: DFI71 | C9: กัณกนก จันต๊ะตึง | D9: Lazada | F9: Kerry_dropoff | G9: 09/07/2024 09:21 | H9: 71.12 | I9: สรุปออเดอร์แล้ว ลูกค้ายกเลิก
A10: 8 | B10: DFI84 | C10: ศ******​ | D10: Shopee | E10: onlyme_shop | G10: 09/07/2024 09:51 | H10: 263 | I10: สรุปออเดอร์แล้ว ลูกค้ายกเลิก
A11: 9 | B11: DFJ15 | C11: ป*** | D11: Tiktok | E11: 7494534878771448824 | F11: J&T Express | G11: 09/07/2024 11:06 | H11: 86 | I11: สรุปออเดอร์แล้ว ลูกค้ายกเลิก
A12: 10 | B12: DFJ14 | C12: ส******ม | D12: Shopee | E12: kitsana290839 | G12: 09/07/2024 11:06 | H12: 237 | I12: สรุปออเดอร์แล้ว ลูกค้ายกเลิก
A13: 11 | B13: DFJ54 | C13: ค******ร | D13: Shopee | E13: maypimin5347 | G13: 09/07/2024 13:05 | H13: 119 | I13: สรุปออเดอร์แล้ว ลูกค้ายกเลิก
A14: 12 | B14: DFK36 | D14: facebook | E14: หมวย ชัญญา | F14: EMS | G14: 09/07/2024 15:41 | H14: 320 | I14: สรุปออเดอร์แล้ว ลูกค้ายกเลิก
A15: 13 | B15: DFK42 | C15: คุณแม่ลดาพร. โสมาเกตุ | D15: facebook | E15: Pim Nok | F15: EMS | G15: 09/07/2024 15:48 | H15: 220 | I15: สรุปออเดอร์แล้ว ลูกค้ายกเลิก
A16: 14 | B16: DFK62 | C16: สมพร แพงปัอง | D16: Lazada | F16: Kerry_dropoff | G16: 09/07/2024 16:28 | H16: 120.46 | I16: สรุปออเดอร์แล้ว ลูกค้ายกเลิก
A17: 15 | B17: DFK74 | C17: สุณา ชาวสวนกล้วย | D17: Lazada | F17: Kerry_dropoff | G17: 09/07/2024 16:58 | H17: 2093.9 | I17: สรุปออเดอร์แล้ว ลูกค้ายกเลิก
A18: 16 | B18: DFK93 | C18: สุณา ชาวสวนกล้วย | D18: Lazada | F18: Kerry_dropoff | G18: 09/07/2024 17:27 | H18: 2070.4 | I18: สรุปออเดอร์แล้ว ลูกค้ายกเลิก
A19: 17 | B19: DFM64 | C19: ส***รษา น***คำลือ | D19: Tiktok | E19: 7494805897833908612 | F19: J&T Express | G19: 09/07/2024 21:40 | H19: 95 | I19: สรุปออเดอร์แล้ว ลูกค้ายกเลิก
