Workbook

Sheet สรุป
A2: สรุป บูธ ร้านลำ 3 วันที่ 1-31/01/2567
A3: ลำดับ | B3: รายการ | C3: ยกมา | D3: รับ | E3: รวม | F3: เปลี่ยน/ | G3: คงเหลือ | H3: รายการขาย | K3: หมายเหตุ | L3: วันที่ | M3: ยอดเงิน | N3: ส่วนลด | O3: สแกนใช้สิทธิ์ | P3: ค่าโอนเงิน | Q3: ค่าใช้จ่ายอื่นๆ | R3: โอนหน้าร้าน | S3: รับสุทธิ | T3: ยอดโอนเงิน | U3: โอนเกิน/โอนขาด
F4: คืน/เสีย | H4: จำนวน | I4: @ | J4: เป็นเงิน
A5: 1 | B5: ชิฟฟ่อน (ล) | C5: =+'วันที่ 1'!C5 -> 15 | D5: =+'วันที่ 1'!D5+'วันที่ 2'!D5+'วันที่ 3'!D5+'วันที่ 4'!D5+'วันที่ 5'!D5+'วันที่ 6'!D5+'วันที่ 7'!D5+'วันที่ 8'!D5+'วันที่ 9'!D5+'วันที่ 10'!D5+'วันที่ 11'!D5+'วันที่ 12'!D5+'วันที่ 13'!D5+'วันที่ 14'!D5+'วันที่ 15'!D5+'วันที่ 16'!D5+'วันที่ 17'!D5+'วันที่ 18'!D5+'วันที่ 19'!D5+'วันที่ 20'!D5+'วันที่ 21'!D5+'วันที่ 22'!D5+'วันที่ 23'!D5+'วันที่ 24'!D5+'วันที่ 25'!D5+'วันที่ 26'!D5+'วันที่ 27'!D5+'วันที่ 28'!D5+'วันที่ 29'!D5+'วันที่ 30'!D5+'วันที่ 31'!D5 -> 45 | E5: =+C5+D5 -> 60 | F5: =+'วันที่ 1'!F5+'วันที่ 2'!F5+'วันที่ 3'!F5+'วันที่ 4'!F5+'วันที่ 5'!F5+'วันที่ 6'!F5+'วันที่ 7'!F5+'วันที่ 8'!F5+'วันที่ 9'!F5+'วันที่ 10'!F5+'วันที่ 11'!F5+'วันที่ 12'!F5+'วันที่ 13'!F5+'วันที่ 14'!F5+'วันที่ 15'!F5+'วันที่ 16'!F5+'วันที่ 17'!F5+'วันที่ 18'!F5+'วันที่ 19'!F5+'วันที่ 20'!F5+'วันที่ 21'!F5+'วันที่ 22'!F5+'วันที่ 23'!F5+'วันที่ 24'!F5+'วันที่ 25'!F5+'วันที่ 26'!F5+'วันที่ 27'!F5+'วันที่ 28'!F5+'วันที่ 29'!F5+'วันที่ 30'!F5+'วันที่ 31'!F5 -> 0 | G5: =E5-F5-H5 -> 9 | H5: =+'วันที่ 1'!H5+'วันที่ 2'!H5+'วันที่ 3'!H5+'วันที่ 4'!H5+'วันที่ 5'!H5+'วันที่ 6'!H5+'วันที่ 7'!H5+'วันที่ 8'!H5+'วันที่ 9'!H5+'วันที่ 10'!H5+'วันที่ 11'!H5+'วันที่ 12'!H5+'วันที่ 13'!H5+'วันที่ 14'!H5+'วันที่ 15'!H5+'วันที่ 16'!H5+'วันที่ 17'!H5+'วันที่ 18'!H5+'วันที่ 19'!H5+'วันที่ 20'!H5+'วันที่ 21'!H5+'วันที่ 22'!H5+'วันที่ 23'!H5+'วันที่ 24'!H5+'วันที่ 25'!H5+'วันที่ 26'!H5+'วันที่ 27'!H5+'วันที่ 28'!H5+'วันที่ 29'!H5+'วันที่ 30'!H5+'วันที่ 31'!H5 -> 51 | I5: 50 | J5: =+'วันที่ 1'!J5+'วันที่ 2'!J5+'วันที่ 3'!J5+'วันที่ 4'!J5+'วันที่ 5'!J5+'วันที่ 6'!J5+'วันที่ 7'!J5+'วันที่ 8'!J5+'วันที่ 9'!J5+'วันที่ 10'!J5+'วันที่ 11'!J5+'วันที่ 12'!J5+'วันที่ 13'!J5+'วันที่ 14'!J5+'วันที่ 15'!J5+'วันที่ 16'!J5+'วันที่ 17'!J5+'วันที่ 18'!J5+'วันที่ 19'!J5+'วันที่ 20'!J5+'วันที่ 21'!J5+'วันที่ 22'!J5+'วันที่ 23'!J5+'วันที่ 24'!J5+'วันที่ 25'!J5+'วันที่ 26'!J5+'วันที่ 27'!J5+'วันที่ 28'!J5+'วันที่ 29'!J5+'วันที่ 30'!J5+'วันที่ 31'!J5 -> 2550 | L5: 1 | M5: =+'วันที่ 1'!K207 -> 2680 | N5: =+'วันที่ 1'!K212 -> 50 | O5: =+'วันที่ 1'!K210 -> 0 | P5: =+'วันที่ 1'!K208 -> 0 | Q5: =+'วันที่ 1'!K211 -> 0 | R5: =+'วันที่ 1'!K209 -> 650 | S5: =+M5-N5-P5-R5-Q5 -> 1980 | T5: =+'วันที่ 1'!K214 -> 1980 | U5: =+T5-S5 -> 0
A6: 2 | B6: ชิฟฟ่อน (ญ) | C6: =+'วันที่ 1'!C6 -> 16 | D6: =+'วันที่ 1'!D6+'วันที่ 2'!D6+'วันที่ 3'!D6+'วันที่ 4'!D6+'วันที่ 5'!D6+'วันที่ 6'!D6+'วันที่ 7'!D6+'วันที่ 8'!D6+'วันที่ 9'!D6+'วันที่ 10'!D6+'วันที่ 11'!D6+'วันที่ 12'!D6+'วันที่ 13'!D6+'วันที่ 14'!D6+'วันที่ 15'!D6+'วันที่ 16'!D6+'วันที่ 17'!D6+'วันที่ 18'!D6+'วันที่ 19'!D6+'วันที่ 20'!D6+'วันที่ 21'!D6+'วันที่ 22'!D6+'วันที่ 23'!D6+'วันที่ 24'!D6+'วันที่ 25'!D6+'วันที่ 26'!D6+'วันที่ 27'!D6+'วันที่ 28'!D6+'วันที่ 29'!D6+'วันที่ 30'!D6+'วันที่ 31'!D6 -> 75 | E6: =+C6+D6 -> 91 | F6: =+'วันที่ 1'!F6+'วันที่ 2'!F6+'วันที่ 3'!F6+'วันที่ 4'!F6+'วันที่ 5'!F6+'วันที่ 6'!F6+'วันที่ 7'!F6+'วันที่ 8'!F6+'วันที่ 9'!F6+'วันที่ 10'!F6+'วันที่ 11'!F6+'วันที่ 12'!F6+'วันที่ 13'!F6+'วันที่ 14'!F6+'วันที่ 15'!F6+'วันที่ 16'!F6+'วันที่ 17'!F6+'วันที่ 18'!F6+'วันที่ 19'!F6+'วันที่ 20'!F6+'วันที่ 21'!F6+'วันที่ 22'!F6+'วันที่ 23'!F6+'วันที่ 24'!F6+'วันที่ 25'!F6+'วันที่ 26'!F6+'วันที่ 27'!F6+'วันที่ 28'!F6+'วันที่ 29'!F6+'วันที่ 30'!F6+'วันที่ 31'!F6 -> 0 | G6: =E6-F6-H6 -> 22 | H6: =+'วันที่ 1'!H6+'วันที่ 2'!H6+'วันที่ 3'!H6+'วันที่ 4'!H6+'วันที่ 5'!H6+'วันที่ 6'!H6+'วันที่ 7'!H6+'วันที่ 8'!H6+'วันที่ 9'!H6+'วันที่ 10'!H6+'วันที่ 11'!H6+'วันที่ 12'!H6+'วันที่ 13'!H6+'วันที่ 14'!H6+'วันที่ 15'!H6+'วันที่ 16'!H6+'วันที่ 17'!H6+'วันที่ 18'!H6+'วันที่ 19'!H6+'วันที่ 20'!H6+'วันที่ 21'!H6+'วันที่ 22'!H6+'วันที่ 23'!H6+'วันที่ 24'!H6+'วันที่ 25'!H6+'วันที่ 26'!H6+'วันที่ 27'!H6+'วันที่ 28'!H6+'วันที่ 29'!H6+'วันที่ 30'!H6+'วันที่ 31'!H6 -> 69 | I6: 100 | J6: =+'วันที่ 1'!J6+'วันที่ 2'!J6+'วันที่ 3'!J6+'วันที่ 4'!J6+'วันที่ 5'!J6+'วันที่ 6'!J6+'วันที่ 7'!J6+'วันที่ 8'!J6+'วันที่ 9'!J6+'วันที่ 10'!J6+'วันที่ 11'!J6+'วันที่ 12'!J6+'วันที่ 13'!J6+'วันที่ 14'!J6+'วันที่ 15'!J6+'วันที่ 16'!J6+'วันที่ 17'!J6+'วันที่ 18'!J6+'วันที่ 19'!J6+'วันที่ 20'!J6+'วันที่ 21'!J6+'วันที่ 22'!J6+'วันที่ 23'!J6+'วันที่ 24'!J6+'วันที่ 25'!J6+'วันที่ 26'!J6+'วันที่ 27'!J6+'วันที่ 28'!J6+'วันที่ 29'!J6+'วันที่ 30'!J6+'วันที่ 31'!J6 -> 6900 | L6: 2 | M6: =+'วันที่ 2'!K207 -> 2250 | N6: =+'วันที่ 2'!K212 -> 0 | O6: =+'วันที่ 2'!K210 -> 0 | P6: =+'วันที่ 2'!K208 -> 0 | Q6: =+'วันที่ 2'!K211 -> 0 | R6: =+'วันที่ 2'!K209 -> 485 | S6: =+M6-N6-P6-R6-Q6 -> 1765 | T6: =+'วันที่ 2'!K214 -> 1765 | U6: =+T6-S6 -> 0
A7: 3 | B7: ชิฟฟ่อน (ล) กาแฟ | C7: =+'วันที่ 1'!C7 -> 0 | D7: =+'วันที่ 1'!D7+'วันที่ 2'!D7+'วันที่ 3'!D7+'วันที่ 4'!D7+'วันที่ 5'!D7+'วันที่ 6'!D7+'วันที่ 7'!D7+'วันที่ 8'!D7+'วันที่ 9'!D7+'วันที่ 10'!D7+'วันที่ 11'!D7+'วันที่ 12'!D7+'วันที่ 13'!D7+'วันที่ 14'!D7+'วันที่ 15'!D7+'วันที่ 16'!D7+'วันที่ 17'!D7+'วันที่ 18'!D7+'วันที่ 19'!D7+'วันที่ 20'!D7+'วันที่ 21'!D7+'วันที่ 22'!D7+'วันที่ 23'!D7+'วันที่ 24'!D7+'วันที่ 25'!D7+'วันที่ 26'!D7+'วันที่ 27'!D7+'วันที่ 28'!D7+'วันที่ 29'!D7+'วันที่ 30'!D7+'วันที่ 31'!D7 -> 0 | E7: =+C7+D7 -> 0 | F7: =+'วันที่ 1'!F7+'วันที่ 2'!F7+'วันที่ 3'!F7+'วันที่ 4'!F7+'วันที่ 5'!F7+'วันที่ 6'!F7+'วันที่ 7'!F7+'วันที่ 8'!F7+'วันที่ 9'!F7+'วันที่ 10'!F7+'วันที่ 11'!F7+'วันที่ 12'!F7+'วันที่ 13'!F7+'วันที่ 14'!F7+'วันที่ 15'!F7+'วันที่ 16'!F7+'วันที่ 17'!F7+'วันที่ 18'!F7+'วันที่ 19'!F7+'วันที่ 20'!F7+'วันที่ 21'!F7+'วันที่ 22'!F7+'วันที่ 23'!F7+'วันที่ 24'!F7+'วันที่ 25'!F7+'วันที่ 26'!F7+'วันที่ 27'!F7+'วันที่ 28'!F7+'วันที่ 29'!F7+'วันที่ 30'!F7+'วันที่ 31'!F7 -> 0 | G7: =E7-F7-H7 -> 0 | H7: =+'วันที่ 1'!H7+'วันที่ 2'!H7+'วันที่ 3'!H7+'วันที่ 4'!H7+'วันที่ 5'!H7+'วันที่ 6'!H7+'วันที่ 7'!H7+'วันที่ 8'!H7+'วันที่ 9'!H7+'วันที่ 10'!H7+'วันที่ 11'!H7+'วันที่ 12'!H7+'วันที่ 13'!H7+'วันที่ 14'!H7+'วันที่ 15'!H7+'วันที่ 16'!H7+'วันที่ 17'!H7+'วันที่ 18'!H7+'วันที่ 19'!H7+'วันที่ 20'!H7+'วันที่ 21'!H7+'วันที่ 22'!H7+'วันที่ 23'!H7+'วันที่ 24'!H7+'วันที่ 25'!H7+'วันที่ 26'!H7+'วันที่ 27'!H7+'วันที่ 28'!H7+'วันที่ 29'!H7+'วันที่ 30'!H7+'วันที่ 31'!H7 -> 0 | I7: 50 | J7: =+'วันที่ 1'!J7+'วันที่ 2'!J7+'วันที่ 3'!J7+'วันที่ 4'!J7+'วันที่ 5'!J7+'วันที่ 6'!J7+'วันที่ 7'!J7+'วันที่ 8'!J7+'วันที่ 9'!J7+'วันที่ 10'!J7+'วันที่ 11'!J7+'วันที่ 12'!J7+'วันที่ 13'!J7+'วันที่ 14'!J7+'วันที่ 15'!J7+'วันที่ 16'!J7+'วันที่ 17'!J7+'วันที่ 18'!J7+'วันที่ 19'!J7+'วันที่ 20'!J7+'วันที่ 21'!J7+'วันที่ 22'!J7+'วันที่ 23'!J7+'วันที่ 24'!J7+'วันที่ 25'!J7+'วันที่ 26'!J7+'วันที่ 27'!J7+'วันที่ 28'!J7+'วันที่ 29'!J7+'วันที่ 30'!J7+'วันที่ 31'!J7 -> 0 | L7: 3 | M7: =+'วันที่ 3'!K207 -> 2775 | N7: =+'วันที่ 3'!K212 -> 100 | O7: =+'วันที่ 3'!K210 -> 0 | P7: =+'วันที่ 3'!K208 -> 0 | Q7: =+'วันที่ 3'!K211 -> 0 | R7: =+'วันที่ 3'!K209 -> 0 | S7: =+M7-N7-P7-R7-Q7 -> 2675 | T7: =+'วันที่ 3'!K214 -> 2675 | U7: =+T7-S7 -> 0
A8: 4 | B8: ชิฟฟ่อน (ญ) กาแฟ | C8: =+'วันที่ 1'!C8 -> 0 | D8: =+'วันที่ 1'!D8+'วันที่ 2'!D8+'วันที่ 3'!D8+'วันที่ 4'!D8+'วันที่ 5'!D8+'วันที่ 6'!D8+'วันที่ 7'!D8+'วันที่ 8'!D8+'วันที่ 9'!D8+'วันที่ 10'!D8+'วันที่ 11'!D8+'วันที่ 12'!D8+'วันที่ 13'!D8+'วันที่ 14'!D8+'วันที่ 15'!D8+'วันที่ 16'!D8+'วันที่ 17'!D8+'วันที่ 18'!D8+'วันที่ 19'!D8+'วันที่ 20'!D8+'วันที่ 21'!D8+'วันที่ 22'!D8+'วันที่ 23'!D8+'วันที่ 24'!D8+'วันที่ 25'!D8+'วันที่ 26'!D8+'วันที่ 27'!D8+'วันที่ 28'!D8+'วันที่ 29'!D8+'วันที่ 30'!D8+'วันที่ 31'!D8 -> 0 | E8: =+C8+D8 -> 0 | F8: =+'วันที่ 1'!F8+'วันที่ 2'!F8+'วันที่ 3'!F8+'วันที่ 4'!F8+'วันที่ 5'!F8+'วันที่ 6'!F8+'วันที่ 7'!F8+'วันที่ 8'!F8+'วันที่ 9'!F8+'วันที่ 10'!F8+'วันที่ 11'!F8+'วันที่ 12'!F8+'วันที่ 13'!F8+'วันที่ 14'!F8+'วันที่ 15'!F8+'วันที่ 16'!F8+'วันที่ 17'!F8+'วันที่ 18'!F8+'วันที่ 19'!F8+'วันที่ 20'!F8+'วันที่ 21'!F8+'วันที่ 22'!F8+'วันที่ 23'!F8+'วันที่ 24'!F8+'วันที่ 25'!F8+'วันที่ 26'!F8+'วันที่ 27'!F8+'วันที่ 28'!F8+'วันที่ 29'!F8+'วันที่ 30'!F8+'วันที่ 31'!F8 -> 0 | G8: =E8-F8-H8 -> 0 | H8: =+'วันที่ 1'!H8+'วันที่ 2'!H8+'วันที่ 3'!H8+'วันที่ 4'!H8+'วันที่ 5'!H8+'วันที่ 6'!H8+'วันที่ 7'!H8+'วันที่ 8'!H8+'วันที่ 9'!H8+'วันที่ 10'!H8+'วันที่ 11'!H8+'วันที่ 12'!H8+'วันที่ 13'!H8+'วันที่ 14'!H8+'วันที่ 15'!H8+'วันที่ 16'!H8+'วันที่ 17'!H8+'วันที่ 18'!H8+'วันที่ 19'!H8+'วันที่ 20'!H8+'วันที่ 21'!H8+'วันที่ 22'!H8+'วันที่ 23'!H8+'วันที่ 24'!H8+'วันที่ 25'!H8+'วันที่ 26'!H8+'วันที่ 27'!H8+'วันที่ 28'!H8+'วันที่ 29'!H8+'วันที่ 30'!H8+'วันที่ 31'!H8 -> 0 | I8: 100 | J8: =+'วันที่ 1'!J8+'วันที่ 2'!J8+'วันที่ 3'!J8+'วันที่ 4'!J8+'วันที่ 5'!J8+'วันที่ 6'!J8+'วันที่ 7'!J8+'วันที่ 8'!J8+'วันที่ 9'!J8+'วันที่ 10'!J8+'วันที่ 11'!J8+'วันที่ 12'!J8+'วันที่ 13'!J8+'วันที่ 14'!J8+'วันที่ 15'!J8+'วันที่ 16'!J8+'วันที่ 17'!J8+'วันที่ 18'!J8+'วันที่ 19'!J8+'วันที่ 20'!J8+'วันที่ 21'!J8+'วันที่ 22'!J8+'วันที่ 23'!J8+'วันที่ 24'!J8+'วันที่ 25'!J8+'วันที่ 26'!J8+'วันที่ 27'!J8+'วันที่ 28'!J8+'วันที่ 29'!J8+'วันที่ 30'!J8+'วันที่ 31'!J8 -> 0 | L8: 4 | M8: =+'วันที่ 4'!K207 -> 6385 | N8: =+'วันที่ 4'!K212 -> 350 | O8: =+'วันที่ 4'!K210 -> 0 | P8: =+'วันที่ 4'!K208 -> 0 | Q8: =+'วันที่ 4'!K211 -> 0 | R8: =+'วันที่ 4'!K209 -> 0 | S8: =+M8-N8-P8-R8-Q8 -> 6035 | T8: =+'วันที่ 4'!K214 -> 6035 | U8: =+T8-S8 -> 0
A9: 5 | B9: ชิฟฟ่อนเค้ก 1 ชิ้น | C9: =+'วันที่ 1'!C9 -> 0 | D9: =+'วันที่ 1'!D9+'วันที่ 2'!D9+'วันที่ 3'!D9+'วันที่ 4'!D9+'วันที่ 5'!D9+'วันที่ 6'!D9+'วันที่ 7'!D9+'วันที่ 8'!D9+'วันที่ 9'!D9+'วันที่ 10'!D9+'วันที่ 11'!D9+'วันที่ 12'!D9+'วันที่ 13'!D9+'วันที่ 14'!D9+'วันที่ 15'!D9+'วันที่ 16'!D9+'วันที่ 17'!D9+'วันที่ 18'!D9+'วันที่ 19'!D9+'วันที่ 20'!D9+'วันที่ 21'!D9+'วันที่ 22'!D9+'วันที่ 23'!D9+'วันที่ 24'!D9+'วันที่ 25'!D9+'วันที่ 26'!D9+'วันที่ 27'!D9+'วันที่ 28'!D9+'วันที่ 29'!D9+'วันที่ 30'!D9+'วันที่ 31'!D9 -> 0 | E9: =+C9+D9 -> 0 | F9: =+'วันที่ 1'!F9+'วันที่ 2'!F9+'วันที่ 3'!F9+'วันที่ 4'!F9+'วันที่ 5'!F9+'วันที่ 6'!F9+'วันที่ 7'!F9+'วันที่ 8'!F9+'วันที่ 9'!F9+'วันที่ 10'!F9+'วันที่ 11'!F9+'วันที่ 12'!F9+'วันที่ 13'!F9+'วันที่ 14'!F9+'วันที่ 15'!F9+'วันที่ 16'!F9+'วันที่ 17'!F9+'วันที่ 18'!F9+'วันที่ 19'!F9+'วันที่ 20'!F9+'วันที่ 21'!F9+'วันที่ 22'!F9+'วันที่ 23'!F9+'วันที่ 24'!F9+'วันที่ 25'!F9+'วันที่ 26'!F9+'วันที่ 27'!F9+'วันที่ 28'!F9+'วันที่ 29'!F9+'วันที่ 30'!F9+'วันที่ 31'!F9 -> 0 | G9: =E9-F9-H9 -> 0 | H9: =+'วันที่ 1'!H9+'วันที่ 2'!H9+'วันที่ 3'!H9+'วันที่ 4'!H9+'วันที่ 5'!H9+'วันที่ 6'!H9+'วันที่ 7'!H9+'วันที่ 8'!H9+'วันที่ 9'!H9+'วันที่ 10'!H9+'วันที่ 11'!H9+'วันที่ 12'!H9+'วันที่ 13'!H9+'วันที่ 14'!H9+'วันที่ 15'!H9+'วันที่ 16'!H9+'วันที่ 17'!H9+'วันที่ 18'!H9+'วันที่ 19'!H9+'วันที่ 20'!H9+'วันที่ 21'!H9+'วันที่ 22'!H9+'วันที่ 23'!H9+'วันที่ 24'!H9+'วันที่ 25'!H9+'วันที่ 26'!H9+'วันที่ 27'!H9+'วันที่ 28'!H9+'วันที่ 29'!H9+'วันที่ 30'!H9+'วันที่ 31'!H9 -> 0 | I9: 10 | J9: =+'วันที่ 1'!J9+'วันที่ 2'!J9+'วันที่ 3'!J9+'วันที่ 4'!J9+'วันที่ 5'!J9+'วันที่ 6'!J9+'วันที่ 7'!J9+'วันที่ 8'!J9+'วันที่ 9'!J9+'วันที่ 10'!J9+'วันที่ 11'!J9+'วันที่ 12'!J9+'วันที่ 13'!J9+'วันที่ 14'!J9+'วันที่ 15'!J9+'วันที่ 16'!J9+'วันที่ 17'!J9+'วันที่ 18'!J9+'วันที่ 19'!J9+'วันที่ 20'!J9+'วันที่ 21'!J9+'วันที่ 22'!J9+'วันที่ 23'!J9+'วันที่ 24'!J9+'วันที่ 25'!J9+'วันที่ 26'!J9+'วันที่ 27'!J9+'วันที่ 28'!J9+'วันที่ 29'!J9+'วันที่ 30'!J9+'วันที่ 31'!J9 -> 0 | L9: 5 | M9: =+'วันที่ 5'!K207 -> 3300 | N9: =+'วันที่ 5'!K212 -> 50 | O9: =+'วันที่ 5'!K210 -> 0 | P9: =+'วันที่ 5'!K208 -> 0 | Q9: =+'วันที่ 5'!K211 -> 0 | R9: =+'วันที่ 5'!K209 -> 150 | S9: =+M9-N9-P9-R9-Q9 -> 3100 | T9: =+'วันที่ 5'!K214 -> 3100 | U9: =+T9-S9 -> 0
A10: 6 | B10: ชิฟฟ่อนเค้กสอดไส้แยม 1 ชิ้น | C10: =+'วันที่ 1'!C10 -> 0 | D10: =+'วันที่ 1'!D10+'วันที่ 2'!D10+'วันที่ 3'!D10+'วันที่ 4'!D10+'วันที่ 5'!D10+'วันที่ 6'!D10+'วันที่ 7'!D10+'วันที่ 8'!D10+'วันที่ 9'!D10+'วันที่ 10'!D10+'วันที่ 11'!D10+'วันที่ 12'!D10+'วันที่ 13'!D10+'วันที่ 14'!D10+'วันที่ 15'!D10+'วันที่ 16'!D10+'วันที่ 17'!D10+'วันที่ 18'!D10+'วันที่ 19'!D10+'วันที่ 20'!D10+'วันที่ 21'!D10+'วันที่ 22'!D10+'วันที่ 23'!D10+'วันที่ 24'!D10+'วันที่ 25'!D10+'วันที่ 26'!D10+'วันที่ 27'!D10+'วันที่ 28'!D10+'วันที่ 29'!D10+'วันที่ 30'!D10+'วันที่ 31'!D10 -> 0 | E10: =+C10+D10 -> 0 | F10: =+'วันที่ 1'!F10+'วันที่ 2'!F10+'วันที่ 3'!F10+'วันที่ 4'!F10+'วันที่ 5'!F10+'วันที่ 6'!F10+'วันที่ 7'!F10+'วันที่ 8'!F10+'วันที่ 9'!F10+'วันที่ 10'!F10+'วันที่ 11'!F10+'วันที่ 12'!F10+'วันที่ 13'!F10+'วันที่ 14'!F10+'วันที่ 15'!F10+'วันที่ 16'!F10+'วันที่ 17'!F10+'วันที่ 18'!F10+'วันที่ 19'!F10+'วันที่ 20'!F10+'วันที่ 21'!F10+'วันที่ 22'!F10+'วันที่ 23'!F10+'วันที่ 24'!F10+'วันที่ 25'!F10+'วันที่ 26'!F10+'วันที่ 27'!F10+'วันที่ 28'!F10+'วันที่ 29'!F10+'วันที่ 30'!F10+'วันที่ 31'!F10 -> 0 | G10: =E10-F10-H10 -> 0 | H10: =+'วันที่ 1'!H10+'วันที่ 2'!H10+'วันที่ 3'!H10+'วันที่ 4'!H10+'วันที่ 5'!H10+'วันที่ 6'!H10+'วันที่ 7'!H10+'วันที่ 8'!H10+'วันที่ 9'!H10+'วันที่ 10'!H10+'วันที่ 11'!H10+'วันที่ 12'!H10+'วันที่ 13'!H10+'วันที่ 14'!H10+'วันที่ 15'!H10+'วันที่ 16'!H10+'วันที่ 17'!H10+'วันที่ 18'!H10+'วันที่ 19'!H10+'วันที่ 20'!H10+'วันที่ 21'!H10+'วันที่ 22'!H10+'วันที่ 23'!H10+'วันที่ 24'!H10+'วันที่ 25'!H10+'วันที่ 26'!H10+'วันที่ 27'!H10+'วันที่ 28'!H10+'วันที่ 29'!H10+'วันที่ 30'!H10+'วันที่ 31'!H10 -> 0 | I10: 12 | J10: =+'วันที่ 1'!J10+'วันที่ 2'!J10+'วันที่ 3'!J10+'วันที่ 4'!J10+'วันที่ 5'!J10+'วันที่ 6'!J10+'วันที่ 7'!J10+'วันที่ 8'!J10+'วันที่ 9'!J10+'วันที่ 10'!J10+'วันที่ 11'!J10+'วันที่ 12'!J10+'วันที่ 13'!J10+'วันที่ 14'!J10+'วันที่ 15'!J10+'วันที่ 16'!J10+'วันที่ 17'!J10+'วันที่ 18'!J10+'วันที่ 19'!J10+'วันที่ 20'!J10+'วันที่ 21'!J10+'วันที่ 22'!J10+'วันที่ 23'!J10+'วันที่ 24'!J10+'วันที่ 25'!J10+'วันที่ 26'!J10+'วันที่ 27'!J10+'วันที่ 28'!J10+'วันที่ 29'!J10+'วันที่ 30'!J10+'วันที่ 31'!J10 -> 0 | L10: 6 | M10: =+'วันที่ 6'!K207 -> 3230 | N10: =+'วันที่ 6'!K212 -> 100 | O10: =+'วันที่ 6'!K210 -> 0 | P10: =+'วันที่ 6'!K208 -> 0 | Q10: =+'วันที่ 6'!K211 -> 0 | R10: =+'วันที่ 6'!K209 -> 200 | S10: =+M10-N10-P10-R10-Q10 -> 2930 | T10: =+'วันที่ 6'!K214 -> 2930 | U10: =+T10-S10 -> 0
A11: 7 | B11: ชิฟฟ่อน สอดไส้ (ล) 2 ชิ้น ครีมมะพร้าว | C11: =+'วันที่ 1'!C11 -> 0 | D11: =+'วันที่ 1'!D11+'วันที่ 2'!D11+'วันที่ 3'!D11+'วันที่ 4'!D11+'วันที่ 5'!D11+'วันที่ 6'!D11+'วันที่ 7'!D11+'วันที่ 8'!D11+'วันที่ 9'!D11+'วันที่ 10'!D11+'วันที่ 11'!D11+'วันที่ 12'!D11+'วันที่ 13'!D11+'วันที่ 14'!D11+'วันที่ 15'!D11+'วันที่ 16'!D11+'วันที่ 17'!D11+'วันที่ 18'!D11+'วันที่ 19'!D11+'วันที่ 20'!D11+'วันที่ 21'!D11+'วันที่ 22'!D11+'วันที่ 23'!D11+'วันที่ 24'!D11+'วันที่ 25'!D11+'วันที่ 26'!D11+'วันที่ 27'!D11+'วันที่ 28'!D11+'วันที่ 29'!D11+'วันที่ 30'!D11+'วันที่ 31'!D11 -> 0 | E11: =+C11+D11 -> 0 | F11: =+'วันที่ 1'!F11+'วันที่ 2'!F11+'วันที่ 3'!F11+'วันที่ 4'!F11+'วันที่ 5'!F11+'วันที่ 6'!F11+'วันที่ 7'!F11+'วันที่ 8'!F11+'วันที่ 9'!F11+'วันที่ 10'!F11+'วันที่ 11'!F11+'วันที่ 12'!F11+'วันที่ 13'!F11+'วันที่ 14'!F11+'วันที่ 15'!F11+'วันที่ 16'!F11+'วันที่ 17'!F11+'วันที่ 18'!F11+'วันที่ 19'!F11+'วันที่ 20'!F11+'วันที่ 21'!F11+'วันที่ 22'!F11+'วันที่ 23'!F11+'วันที่ 24'!F11+'วันที่ 25'!F11+'วันที่ 26'!F11+'วันที่ 27'!F11+'วันที่ 28'!F11+'วันที่ 29'!F11+'วันที่ 30'!F11+'วันที่ 31'!F11 -> 0 | G11: =E11-F11-H11 -> 0 | H11: =+'วันที่ 1'!H11+'วันที่ 2'!H11+'วันที่ 3'!H11+'วันที่ 4'!H11+'วันที่ 5'!H11+'วันที่ 6'!H11+'วันที่ 7'!H11+'วันที่ 8'!H11+'วันที่ 9'!H11+'วันที่ 10'!H11+'วันที่ 11'!H11+'วันที่ 12'!H11+'วันที่ 13'!H11+'วันที่ 14'!H11+'วันที่ 15'!H11+'วันที่ 16'!H11+'วันที่ 17'!H11+'วันที่ 18'!H11+'วันที่ 19'!H11+'วันที่ 20'!H11+'วันที่ 21'!H11+'วันที่ 22'!H11+'วันที่ 23'!H11+'วันที่ 24'!H11+'วันที่ 25'!H11+'วันที่ 26'!H11+'วันที่ 27'!H11+'วันที่ 28'!H11+'วันที่ 29'!H11+'วันที่ 30'!H11+'วันที่ 31'!H11 -> 0 | I11: 40 | J11: =+'วันที่ 1'!J11+'วันที่ 2'!J11+'วันที่ 3'!J11+'วันที่ 4'!J11+'วันที่ 5'!J11+'วันที่ 6'!J11+'วันที่ 7'!J11+'วันที่ 8'!J11+'วันที่ 9'!J11+'วันที่ 10'!J11+'วันที่ 11'!J11+'วันที่ 12'!J11+'วันที่ 13'!J11+'วันที่ 14'!J11+'วันที่ 15'!J11+'วันที่ 16'!J11+'วันที่ 17'!J11+'วันที่ 18'!J11+'วันที่ 19'!J11+'วันที่ 20'!J11+'วันที่ 21'!J11+'วันที่ 22'!J11+'วันที่ 23'!J11+'วันที่ 24'!J11+'วันที่ 25'!J11+'วันที่ 26'!J11+'วันที่ 27'!J11+'วันที่ 28'!J11+'วันที่ 29'!J11+'วันที่ 30'!J11+'วันที่ 31'!J11 -> 0 | L11: 7 | M11: =+'วันที่ 7'!K207 -> 2435 | N11: =+'วันที่ 7'!K212 -> 120 | O11: =+'วันที่ 7'!K210 -> 0 | P11: =+'วันที่ 7'!K208 -> 0 | Q11: =+'วันที่ 7'!K211 -> 0 | R11: =+'วันที่ 7'!K209 -> 0 | S11: =+M11-N11-P11-R11-Q11 -> 2315 | T11: =+'วันที่ 7'!K214 -> 2315 | U11: =+T11-S11 -> 0
A12: 8 | B12: ชิฟฟ่อน สอดไส้ (ล) 3 ชิ้น รวมรส | C12: =+'วันที่ 1'!C12 -> 12 | D12: =+'วันที่ 1'!D12+'วันที่ 2'!D12+'วันที่ 3'!D12+'วันที่ 4'!D12+'วันที่ 5'!D12+'วันที่ 6'!D12+'วันที่ 7'!D12+'วันที่ 8'!D12+'วันที่ 9'!D12+'วันที่ 10'!D12+'วันที่ 11'!D12+'วันที่ 12'!D12+'วันที่ 13'!D12+'วันที่ 14'!D12+'วันที่ 15'!D12+'วันที่ 16'!D12+'วันที่ 17'!D12+'วันที่ 18'!D12+'วันที่ 19'!D12+'วันที่ 20'!D12+'วันที่ 21'!D12+'วันที่ 22'!D12+'วันที่ 23'!D12+'วันที่ 24'!D12+'วันที่ 25'!D12+'วันที่ 26'!D12+'วันที่ 27'!D12+'วันที่ 28'!D12+'วันที่ 29'!D12+'วันที่ 30'!D12+'วันที่ 31'!D12 -> 40 | E12: =+C12+D12 -> 52 | F12: =+'วันที่ 1'!F12+'วันที่ 2'!F12+'วันที่ 3'!F12+'วันที่ 4'!F12+'วันที่ 5'!F12+'วันที่ 6'!F12+'วันที่ 7'!F12+'วันที่ 8'!F12+'วันที่ 9'!F12+'วันที่ 10'!F12+'วันที่ 11'!F12+'วันที่ 12'!F12+'วันที่ 13'!F12+'วันที่ 14'!F12+'วันที่ 15'!F12+'วันที่ 16'!F12+'วันที่ 17'!F12+'วันที่ 18'!F12+'วันที่ 19'!F12+'วันที่ 20'!F12+'วันที่ 21'!F12+'วันที่ 22'!F12+'วันที่ 23'!F12+'วันที่ 24'!F12+'วันที่ 25'!F12+'วันที่ 26'!F12+'วันที่ 27'!F12+'วันที่ 28'!F12+'วันที่ 29'!F12+'วันที่ 30'!F12+'วันที่ 31'!F12 -> 0 | G12: =E12-F12-H12 -> 7 | H12: =+'วันที่ 1'!H12+'วันที่ 2'!H12+'วันที่ 3'!H12+'วันที่ 4'!H12+'วันที่ 5'!H12+'วันที่ 6'!H12+'วันที่ 7'!H12+'วันที่ 8'!H12+'วันที่ 9'!H12+'วันที่ 10'!H12+'วันที่ 11'!H12+'วันที่ 12'!H12+'วันที่ 13'!H12+'วันที่ 14'!H12+'วันที่ 15'!H12+'วันที่ 16'!H12+'วันที่ 17'!H12+'วันที่ 18'!H12+'วันที่ 19'!H12+'วันที่ 20'!H12+'วันที่ 21'!H12+'วันที่ 22'!H12+'วันที่ 23'!H12+'วันที่ 24'!H12+'วันที่ 25'!H12+'วันที่ 26'!H12+'วันที่ 27'!H12+'วันที่ 28'!H12+'วันที่ 29'!H12+'วันที่ 30'!H12+'วันที่ 31'!H12 -> 45 | I12: 50 | J12: =+'วันที่ 1'!J12+'วันที่ 2'!J12+'วันที่ 3'!J12+'วันที่ 4'!J12+'วันที่ 5'!J12+'วันที่ 6'!J12+'วันที่ 7'!J12+'วันที่ 8'!J12+'วันที่ 9'!J12+'วันที่ 10'!J12+'วันที่ 11'!J12+'วันที่ 12'!J12+'วันที่ 13'!J12+'วันที่ 14'!J12+'วันที่ 15'!J12+'วันที่ 16'!J12+'วันที่ 17'!J12+'วันที่ 18'!J12+'วันที่ 19'!J12+'วันที่ 20'!J12+'วันที่ 21'!J12+'วันที่ 22'!J12+'วันที่ 23'!J12+'วันที่ 24'!J12+'วันที่ 25'!J12+'วันที่ 26'!J12+'วันที่ 27'!J12+'วันที่ 28'!J12+'วันที่ 29'!J12+'วันที่ 30'!J12+'วันที่ 31'!J12 -> 2250 | L12: 8 | M12: =+'วันที่ 8'!K207 -> 2555 | N12: =+'วันที่ 8'!K212 -> 50 | O12: =+'วันที่ 8'!K210 -> 0 | P12: =+'วันที่ 8'!K208 -> 0 | Q12: =+'วันที่ 8'!K211 -> 0 | R12: =+'วันที่ 8'!K209 -> 410 | S12: =+M12-N12-P12-R12-Q12 -> 2095 | T12: =+'วันที่ 8'!K214 -> 2095 | U12: =+T12-S12 -> 0
A13: 9 | B13: ชิฟฟ่อน สอดไส้ (ล) 3 ชิ้น เมล่อน | C13: =+'วันที่ 1'!C13 -> 0 | D13: =+'วันที่ 1'!D13+'วันที่ 2'!D13+'วันที่ 3'!D13+'วันที่ 4'!D13+'วันที่ 5'!D13+'วันที่ 6'!D13+'วันที่ 7'!D13+'วันที่ 8'!D13+'วันที่ 9'!D13+'วันที่ 10'!D13+'วันที่ 11'!D13+'วันที่ 12'!D13+'วันที่ 13'!D13+'วันที่ 14'!D13+'วันที่ 15'!D13+'วันที่ 16'!D13+'วันที่ 17'!D13+'วันที่ 18'!D13+'วันที่ 19'!D13+'วันที่ 20'!D13+'วันที่ 21'!D13+'วันที่ 22'!D13+'วันที่ 23'!D13+'วันที่ 24'!D13+'วันที่ 25'!D13+'วันที่ 26'!D13+'วันที่ 27'!D13+'วันที่ 28'!D13+'วันที่ 29'!D13+'วันที่ 30'!D13+'วันที่ 31'!D13 -> 0 | E13: =+C13+D13 -> 0 | F13: =+'วันที่ 1'!F13+'วันที่ 2'!F13+'วันที่ 3'!F13+'วันที่ 4'!F13+'วันที่ 5'!F13+'วันที่ 6'!F13+'วันที่ 7'!F13+'วันที่ 8'!F13+'วันที่ 9'!F13+'วันที่ 10'!F13+'วันที่ 11'!F13+'วันที่ 12'!F13+'วันที่ 13'!F13+'วันที่ 14'!F13+'วันที่ 15'!F13+'วันที่ 16'!F13+'วันที่ 17'!F13+'วันที่ 18'!F13+'วันที่ 19'!F13+'วันที่ 20'!F13+'วันที่ 21'!F13+'วันที่ 22'!F13+'วันที่ 23'!F13+'วันที่ 24'!F13+'วันที่ 25'!F13+'วันที่ 26'!F13+'วันที่ 27'!F13+'วันที่ 28'!F13+'วันที่ 29'!F13+'วันที่ 30'!F13+'วันที่ 31'!F13 -> 0 | G13: =E13-F13-H13 -> 0 | H13: =+'วันที่ 1'!H13+'วันที่ 2'!H13+'วันที่ 3'!H13+'วันที่ 4'!H13+'วันที่ 5'!H13+'วันที่ 6'!H13+'วันที่ 7'!H13+'วันที่ 8'!H13+'วันที่ 9'!H13+'วันที่ 10'!H13+'วันที่ 11'!H13+'วันที่ 12'!H13+'วันที่ 13'!H13+'วันที่ 14'!H13+'วันที่ 15'!H13+'วันที่ 16'!H13+'วันที่ 17'!H13+'วันที่ 18'!H13+'วันที่ 19'!H13+'วันที่ 20'!H13+'วันที่ 21'!H13+'วันที่ 22'!H13+'วันที่ 23'!H13+'วันที่ 24'!H13+'วันที่ 25'!H13+'วันที่ 26'!H13+'วันที่ 27'!H13+'วันที่ 28'!H13+'วันที่ 29'!H13+'วันที่ 30'!H13+'วันที่ 31'!H13 -> 0 | I13: 55 | J13: =+'วันที่ 1'!J13+'วันที่ 2'!J13+'วันที่ 3'!J13+'วันที่ 4'!J13+'วันที่ 5'!J13+'วันที่ 6'!J13+'วันที่ 7'!J13+'วันที่ 8'!J13+'วันที่ 9'!J13+'วันที่ 10'!J13+'วันที่ 11'!J13+'วันที่ 12'!J13+'วันที่ 13'!J13+'วันที่ 14'!J13+'วันที่ 15'!J13+'วันที่ 16'!J13+'วันที่ 17'!J13+'วันที่ 18'!J13+'วันที่ 19'!J13+'วันที่ 20'!J13+'วันที่ 21'!J13+'วันที่ 22'!J13+'วันที่ 23'!J13+'วันที่ 24'!J13+'วันที่ 25'!J13+'วันที่ 26'!J13+'วันที่ 27'!J13+'วันที่ 28'!J13+'วันที่ 29'!J13+'วันที่ 30'!J13+'วันที่ 31'!J13 -> 0 | L13: 9 | M13: =+'วันที่ 9'!K207 -> 1050 | N13: =+'วันที่ 9'!K212 -> 50 | O13: =+'วันที่ 9'!K210 -> 0 | P13: =+'วันที่ 9'!K208 -> 0 | Q13: =+'วันที่ 9'!K211 -> 0 | R13: =+'วันที่ 9'!K209 -> 100 | S13: =+M13-N13-P13-R13-Q13 -> 900 | T13: =+'วันที่ 9'!K214 -> 900 | U13: =+T13-S13 -> 0
A14: 10 | B14: ชิฟฟ่อน สอดไส้ (ล) 4 ชิ้น ครีมมะพร้าว | C14: =+'วันที่ 1'!C14 -> 0 | D14: =+'วันที่ 1'!D14+'วันที่ 2'!D14+'วันที่ 3'!D14+'วันที่ 4'!D14+'วันที่ 5'!D14+'วันที่ 6'!D14+'วันที่ 7'!D14+'วันที่ 8'!D14+'วันที่ 9'!D14+'วันที่ 10'!D14+'วันที่ 11'!D14+'วันที่ 12'!D14+'วันที่ 13'!D14+'วันที่ 14'!D14+'วันที่ 15'!D14+'วันที่ 16'!D14+'วันที่ 17'!D14+'วันที่ 18'!D14+'วันที่ 19'!D14+'วันที่ 20'!D14+'วันที่ 21'!D14+'วันที่ 22'!D14+'วันที่ 23'!D14+'วันที่ 24'!D14+'วันที่ 25'!D14+'วันที่ 26'!D14+'วันที่ 27'!D14+'วันที่ 28'!D14+'วันที่ 29'!D14+'วันที่ 30'!D14+'วันที่ 31'!D14 -> 10 | E14: =+C14+D14 -> 10 | F14: =+'วันที่ 1'!F14+'วันที่ 2'!F14+'วันที่ 3'!F14+'วันที่ 4'!F14+'วันที่ 5'!F14+'วันที่ 6'!F14+'วันที่ 7'!F14+'วันที่ 8'!F14+'วันที่ 9'!F14+'วันที่ 10'!F14+'วันที่ 11'!F14+'วันที่ 12'!F14+'วันที่ 13'!F14+'วันที่ 14'!F14+'วันที่ 15'!F14+'วันที่ 16'!F14+'วันที่ 17'!F14+'วันที่ 18'!F14+'วันที่ 19'!F14+'วันที่ 20'!F14+'วันที่ 21'!F14+'วันที่ 22'!F14+'วันที่ 23'!F14+'วันที่ 24'!F14+'วันที่ 25'!F14+'วันที่ 26'!F14+'วันที่ 27'!F14+'วันที่ 28'!F14+'วันที่ 29'!F14+'วันที่ 30'!F14+'วันที่ 31'!F14 -> 0 | G14: =E14-F14-H14 -> -1 | H14: =+'วันที่ 1'!H14+'วันที่ 2'!H14+'วันที่ 3'!H14+'วันที่ 4'!H14+'วันที่ 5'!H14+'วันที่ 6'!H14+'วันที่ 7'!H14+'วันที่ 8'!H14+'วันที่ 9'!H14+'วันที่ 10'!H14+'วันที่ 11'!H14+'วันที่ 12'!H14+'วันที่ 13'!H14+'วันที่ 14'!H14+'วันที่ 15'!H14+'วันที่ 16'!H14+'วันที่ 17'!H14+'วันที่ 18'!H14+'วันที่ 19'!H14+'วันที่ 20'!H14+'วันที่ 21'!H14+'วันที่ 22'!H14+'วันที่ 23'!H14+'วันที่ 24'!H14+'วันที่ 25'!H14+'วันที่ 26'!H14+'วันที่ 27'!H14+'วันที่ 28'!H14+'วันที่ 29'!H14+'วันที่ 30'!H14+'วันที่ 31'!H14 -> 11 | I14: 65 | J14: =+'วันที่ 1'!J14+'วันที่ 2'!J14+'วันที่ 3'!J14+'วันที่ 4'!J14+'วันที่ 5'!J14+'วันที่ 6'!J14+'วันที่ 7'!J14+'วันที่ 8'!J14+'วันที่ 9'!J14+'วันที่ 10'!J14+'วันที่ 11'!J14+'วันที่ 12'!J14+'วันที่ 13'!J14+'วันที่ 14'!J14+'วันที่ 15'!J14+'วันที่ 16'!J14+'วันที่ 17'!J14+'วันที่ 18'!J14+'วันที่ 19'!J14+'วันที่ 20'!J14+'วันที่ 21'!J14+'วันที่ 22'!J14+'วันที่ 23'!J14+'วันที่ 24'!J14+'วันที่ 25'!J14+'วันที่ 26'!J14+'วันที่ 27'!J14+'วันที่ 28'!J14+'วันที่ 29'!J14+'วันที่ 30'!J14+'วันที่ 31'!J14 -> 715 | L14: 10 | M14: =+'วันที่ 10'!K207 -> 4635 | N14: =+'วันที่ 10'!K212 -> 200 | O14: =+'วันที่ 10'!K210 -> 0 | P14: =+'วันที่ 10'!K208 -> 0 | Q14: =+'วันที่ 10'!K211 -> 0 | R14: =+'วันที่ 10'!K209 -> 630 | S14: =+M14-N14-P14-R14-Q14 -> 3805 | T14: =+'วันที่ 10'!K214 -> 3805 | U14: =+T14-S14 -> 0
A15: 11 | B15: ชิฟฟ่อน สอดไส้ (ล) 3 ชิ้น แยมส้ม | C15: =+'วันที่ 1'!C15 -> 4 | D15: =+'วันที่ 1'!D15+'วันที่ 2'!D15+'วันที่ 3'!D15+'วันที่ 4'!D15+'วันที่ 5'!D15+'วันที่ 6'!D15+'วันที่ 7'!D15+'วันที่ 8'!D15+'วันที่ 9'!D15+'วันที่ 10'!D15+'วันที่ 11'!D15+'วันที่ 12'!D15+'วันที่ 13'!D15+'วันที่ 14'!D15+'วันที่ 15'!D15+'วันที่ 16'!D15+'วันที่ 17'!D15+'วันที่ 18'!D15+'วันที่ 19'!D15+'วันที่ 20'!D15+'วันที่ 21'!D15+'วันที่ 22'!D15+'วันที่ 23'!D15+'วันที่ 24'!D15+'วันที่ 25'!D15+'วันที่ 26'!D15+'วันที่ 27'!D15+'วันที่ 28'!D15+'วันที่ 29'!D15+'วันที่ 30'!D15+'วันที่ 31'!D15 -> 11 | E15: =+C15+D15 -> 15 | F15: =+'วันที่ 1'!F15+'วันที่ 2'!F15+'วันที่ 3'!F15+'วันที่ 4'!F15+'วันที่ 5'!F15+'วันที่ 6'!F15+'วันที่ 7'!F15+'วันที่ 8'!F15+'วันที่ 9'!F15+'วันที่ 10'!F15+'วันที่ 11'!F15+'วันที่ 12'!F15+'วันที่ 13'!F15+'วันที่ 14'!F15+'วันที่ 15'!F15+'วันที่ 16'!F15+'วันที่ 17'!F15+'วันที่ 18'!F15+'วันที่ 19'!F15+'วันที่ 20'!F15+'วันที่ 21'!F15+'วันที่ 22'!F15+'วันที่ 23'!F15+'วันที่ 24'!F15+'วันที่ 25'!F15+'วันที่ 26'!F15+'วันที่ 27'!F15+'วันที่ 28'!F15+'วันที่ 29'!F15+'วันที่ 30'!F15+'วันที่ 31'!F15 -> 0 | G15: =E15-F15-H15 -> 5 | H15: =+'วันที่ 1'!H15+'วันที่ 2'!H15+'วันที่ 3'!H15+'วันที่ 4'!H15+'วันที่ 5'!H15+'วันที่ 6'!H15+'วันที่ 7'!H15+'วันที่ 8'!H15+'วันที่ 9'!H15+'วันที่ 10'!H15+'วันที่ 11'!H15+'วันที่ 12'!H15+'วันที่ 13'!H15+'วันที่ 14'!H15+'วันที่ 15'!H15+'วันที่ 16'!H15+'วันที่ 17'!H15+'วันที่ 18'!H15+'วันที่ 19'!H15+'วันที่ 20'!H15+'วันที่ 21'!H15+'วันที่ 22'!H15+'วันที่ 23'!H15+'วันที่ 24'!H15+'วันที่ 25'!H15+'วันที่ 26'!H15+'วันที่ 27'!H15+'วันที่ 28'!H15+'วันที่ 29'!H15+'วันที่ 30'!H15+'วันที่ 31'!H15 -> 10 | I15: 50 | J15: =+'วันที่ 1'!J15+'วันที่ 2'!J15+'วันที่ 3'!J15+'วันที่ 4'!J15+'วันที่ 5'!J15+'วันที่ 6'!J15+'วันที่ 7'!J15+'วันที่ 8'!J15+'วันที่ 9'!J15+'วันที่ 10'!J15+'วันที่ 11'!J15+'วันที่ 12'!J15+'วันที่ 13'!J15+'วันที่ 14'!J15+'วันที่ 15'!J15+'วันที่ 16'!J15+'วันที่ 17'!J15+'วันที่ 18'!J15+'วันที่ 19'!J15+'วันที่ 20'!J15+'วันที่ 21'!J15+'วันที่ 22'!J15+'วันที่ 23'!J15+'วันที่ 24'!J15+'วันที่ 25'!J15+'วันที่ 26'!J15+'วันที่ 27'!J15+'วันที่ 28'!J15+'วันที่ 29'!J15+'วันที่ 30'!J15+'วันที่ 31'!J15 -> 500 | L15: 11 | M15: =+'วันที่ 11'!K207 -> 8805 | N15: =+'วันที่ 11'!K212 -> 585 | O15: =+'วันที่ 11'!K210 -> 0 | P15: =+'วันที่ 11'!K208 -> 0 | Q15: =+'วันที่ 11'!K211 -> 0 | R15: =+'วันที่ 11'!K209 -> 885 | S15: =+M15-N15-P15-R15-Q15 -> 7335 | T15: =+'วันที่ 11'!K214 -> 7335 | U15: =+T15-S15 -> 0
A16: 12 | B16: ชิฟฟ่อน สอดไส้ (ล) 3 ชิ้น บลูเบอรี่ | C16: =+'วันที่ 1'!C16 -> 4 | D16: =+'วันที่ 1'!D16+'วันที่ 2'!D16+'วันที่ 3'!D16+'วันที่ 4'!D16+'วันที่ 5'!D16+'วันที่ 6'!D16+'วันที่ 7'!D16+'วันที่ 8'!D16+'วันที่ 9'!D16+'วันที่ 10'!D16+'วันที่ 11'!D16+'วันที่ 12'!D16+'วันที่ 13'!D16+'วันที่ 14'!D16+'วันที่ 15'!D16+'วันที่ 16'!D16+'วันที่ 17'!D16+'วันที่ 18'!D16+'วันที่ 19'!D16+'วันที่ 20'!D16+'วันที่ 21'!D16+'วันที่ 22'!D16+'วันที่ 23'!D16+'วันที่ 24'!D16+'วันที่ 25'!D16+'วันที่ 26'!D16+'วันที่ 27'!D16+'วันที่ 28'!D16+'วันที่ 29'!D16+'วันที่ 30'!D16+'วันที่ 31'!D16 -> 2 | E16: =+C16+D16 -> 6 | F16: =+'วันที่ 1'!F16+'วันที่ 2'!F16+'วันที่ 3'!F16+'วันที่ 4'!F16+'วันที่ 5'!F16+'วันที่ 6'!F16+'วันที่ 7'!F16+'วันที่ 8'!F16+'วันที่ 9'!F16+'วันที่ 10'!F16+'วันที่ 11'!F16+'วันที่ 12'!F16+'วันที่ 13'!F16+'วันที่ 14'!F16+'วันที่ 15'!F16+'วันที่ 16'!F16+'วันที่ 17'!F16+'วันที่ 18'!F16+'วันที่ 19'!F16+'วันที่ 20'!F16+'วันที่ 21'!F16+'วันที่ 22'!F16+'วันที่ 23'!F16+'วันที่ 24'!F16+'วันที่ 25'!F16+'วันที่ 26'!F16+'วันที่ 27'!F16+'วันที่ 28'!F16+'วันที่ 29'!F16+'วันที่ 30'!F16+'วันที่ 31'!F16 -> 1 | G16: =E16-F16-H16 -> 0 | H16: =+'วันที่ 1'!H16+'วันที่ 2'!H16+'วันที่ 3'!H16+'วันที่ 4'!H16+'วันที่ 5'!H16+'วันที่ 6'!H16+'วันที่ 7'!H16+'วันที่ 8'!H16+'วันที่ 9'!H16+'วันที่ 10'!H16+'วันที่ 11'!H16+'วันที่ 12'!H16+'วันที่ 13'!H16+'วันที่ 14'!H16+'วันที่ 15'!H16+'วันที่ 16'!H16+'วันที่ 17'!H16+'วันที่ 18'!H16+'วันที่ 19'!H16+'วันที่ 20'!H16+'วันที่ 21'!H16+'วันที่ 22'!H16+'วันที่ 23'!H16+'วันที่ 24'!H16+'วันที่ 25'!H16+'วันที่ 26'!H16+'วันที่ 27'!H16+'วันที่ 28'!H16+'วันที่ 29'!H16+'วันที่ 30'!H16+'วันที่ 31'!H16 -> 5 | I16: 50 | J16: =+'วันที่ 1'!J16+'วันที่ 2'!J16+'วันที่ 3'!J16+'วันที่ 4'!J16+'วันที่ 5'!J16+'วันที่ 6'!J16+'วันที่ 7'!J16+'วันที่ 8'!J16+'วันที่ 9'!J16+'วันที่ 10'!J16+'วันที่ 11'!J16+'วันที่ 12'!J16+'วันที่ 13'!J16+'วันที่ 14'!J16+'วันที่ 15'!J16+'วันที่ 16'!J16+'วันที่ 17'!J16+'วันที่ 18'!J16+'วันที่ 19'!J16+'วันที่ 20'!J16+'วันที่ 21'!J16+'วันที่ 22'!J16+'วันที่ 23'!J16+'วันที่ 24'!J16+'วันที่ 25'!J16+'วันที่ 26'!J16+'วันที่ 27'!J16+'วันที่ 28'!J16+'วันที่ 29'!J16+'วันที่ 30'!J16+'วันที่ 31'!J16 -> 250 | L16: 12 | M16: =+'วันที่ 12'!K207 -> 2850 | N16: =+'วันที่ 12'!K212 -> 100 | O16: =+'วันที่ 12'!K210 -> 0 | P16: =+'วันที่ 12'!K208 -> 0 | Q16: =+'วันที่ 12'!K211 -> 0 | R16: =+'วันที่ 12'!K209 -> 60 | S16: =+M16-N16-P16-R16-Q16 -> 2690 | T16: =+'วันที่ 12'!K214 -> 2690 | U16: =+T16-S16 -> 0
A17: 13 | B17: ชิฟฟ่อน สอดไส้ (ล) 3 ชิ้น ฝอยทอง | C17: =+'วันที่ 1'!C17 -> 0 | D17: =+'วันที่ 1'!D17+'วันที่ 2'!D17+'วันที่ 3'!D17+'วันที่ 4'!D17+'วันที่ 5'!D17+'วันที่ 6'!D17+'วันที่ 7'!D17+'วันที่ 8'!D17+'วันที่ 9'!D17+'วันที่ 10'!D17+'วันที่ 11'!D17+'วันที่ 12'!D17+'วันที่ 13'!D17+'วันที่ 14'!D17+'วันที่ 15'!D17+'วันที่ 16'!D17+'วันที่ 17'!D17+'วันที่ 18'!D17+'วันที่ 19'!D17+'วันที่ 20'!D17+'วันที่ 21'!D17+'วันที่ 22'!D17+'วันที่ 23'!D17+'วันที่ 24'!D17+'วันที่ 25'!D17+'วันที่ 26'!D17+'วันที่ 27'!D17+'วันที่ 28'!D17+'วันที่ 29'!D17+'วันที่ 30'!D17+'วันที่ 31'!D17 -> 11 | E17: =+C17+D17 -> 11 | F17: =+'วันที่ 1'!F17+'วันที่ 2'!F17+'วันที่ 3'!F17+'วันที่ 4'!F17+'วันที่ 5'!F17+'วันที่ 6'!F17+'วันที่ 7'!F17+'วันที่ 8'!F17+'วันที่ 9'!F17+'วันที่ 10'!F17+'วันที่ 11'!F17+'วันที่ 12'!F17+'วันที่ 13'!F17+'วันที่ 14'!F17+'วันที่ 15'!F17+'วันที่ 16'!F17+'วันที่ 17'!F17+'วันที่ 18'!F17+'วันที่ 19'!F17+'วันที่ 20'!F17+'วันที่ 21'!F17+'วันที่ 22'!F17+'วันที่ 23'!F17+'วันที่ 24'!F17+'วันที่ 25'!F17+'วันที่ 26'!F17+'วันที่ 27'!F17+'วันที่ 28'!F17+'วันที่ 29'!F17+'วันที่ 30'!F17+'วันที่ 31'!F17 -> 0 | G17: =E17-F17-H17 -> 4 | H17: =+'วันที่ 1'!H17+'วันที่ 2'!H17+'วันที่ 3'!H17+'วันที่ 4'!H17+'วันที่ 5'!H17+'วันที่ 6'!H17+'วันที่ 7'!H17+'วันที่ 8'!H17+'วันที่ 9'!H17+'วันที่ 10'!H17+'วันที่ 11'!H17+'วันที่ 12'!H17+'วันที่ 13'!H17+'วันที่ 14'!H17+'วันที่ 15'!H17+'วันที่ 16'!H17+'วันที่ 17'!H17+'วันที่ 18'!H17+'วันที่ 19'!H17+'วันที่ 20'!H17+'วันที่ 21'!H17+'วันที่ 22'!H17+'วันที่ 23'!H17+'วันที่ 24'!H17+'วันที่ 25'!H17+'วันที่ 26'!H17+'วันที่ 27'!H17+'วันที่ 28'!H17+'วันที่ 29'!H17+'วันที่ 30'!H17+'วันที่ 31'!H17 -> 7 | I17: 50 | J17: =+'วันที่ 1'!J17+'วันที่ 2'!J17+'วันที่ 3'!J17+'วันที่ 4'!J17+'วันที่ 5'!J17+'วันที่ 6'!J17+'วันที่ 7'!J17+'วันที่ 8'!J17+'วันที่ 9'!J17+'วันที่ 10'!J17+'วันที่ 11'!J17+'วันที่ 12'!J17+'วันที่ 13'!J17+'วันที่ 14'!J17+'วันที่ 15'!J17+'วันที่ 16'!J17+'วันที่ 17'!J17+'วันที่ 18'!J17+'วันที่ 19'!J17+'วันที่ 20'!J17+'วันที่ 21'!J17+'วันที่ 22'!J17+'วันที่ 23'!J17+'วันที่ 24'!J17+'วันที่ 25'!J17+'วันที่ 26'!J17+'วันที่ 27'!J17+'วันที่ 28'!J17+'วันที่ 29'!J17+'วันที่ 30'!J17+'วันที่ 31'!J17 -> 350 | L17: 13 | M17: =+'วันที่ 13'!K207 -> 2380 | N17: =+'วันที่ 13'!K212 -> 50 | O17: =+'วันที่ 13'!K210 -> 0 | P17: =+'วันที่ 13'!K208 -> 0 | Q17: =+'วันที่ 13'!K211 -> 0 | R17: =+'วันที่ 13'!K209 -> 250 | S17: =+M17-N17-P17-R17-Q17 -> 2080 | T17: =+'วันที่ 13'!K214 -> 2080 | U17: =+T17-S17 -> 0
A18: 14 | B18: ชิฟฟ่อน สอดไส้ (ล) 3 ชิ้น แยมสตรอเบอรี่ | C18: =+'วันที่ 1'!C18 -> 0 | D18: =+'วันที่ 1'!D18+'วันที่ 2'!D18+'วันที่ 3'!D18+'วันที่ 4'!D18+'วันที่ 5'!D18+'วันที่ 6'!D18+'วันที่ 7'!D18+'วันที่ 8'!D18+'วันที่ 9'!D18+'วันที่ 10'!D18+'วันที่ 11'!D18+'วันที่ 12'!D18+'วันที่ 13'!D18+'วันที่ 14'!D18+'วันที่ 15'!D18+'วันที่ 16'!D18+'วันที่ 17'!D18+'วันที่ 18'!D18+'วันที่ 19'!D18+'วันที่ 20'!D18+'วันที่ 21'!D18+'วันที่ 22'!D18+'วันที่ 23'!D18+'วันที่ 24'!D18+'วันที่ 25'!D18+'วันที่ 26'!D18+'วันที่ 27'!D18+'วันที่ 28'!D18+'วันที่ 29'!D18+'วันที่ 30'!D18+'วันที่ 31'!D18 -> 0 | E18: =+C18+D18 -> 0 | F18: =+'วันที่ 1'!F18+'วันที่ 2'!F18+'วันที่ 3'!F18+'วันที่ 4'!F18+'วันที่ 5'!F18+'วันที่ 6'!F18+'วันที่ 7'!F18+'วันที่ 8'!F18+'วันที่ 9'!F18+'วันที่ 10'!F18+'วันที่ 11'!F18+'วันที่ 12'!F18+'วันที่ 13'!F18+'วันที่ 14'!F18+'วันที่ 15'!F18+'วันที่ 16'!F18+'วันที่ 17'!F18+'วันที่ 18'!F18+'วันที่ 19'!F18+'วันที่ 20'!F18+'วันที่ 21'!F18+'วันที่ 22'!F18+'วันที่ 23'!F18+'วันที่ 24'!F18+'วันที่ 25'!F18+'วันที่ 26'!F18+'วันที่ 27'!F18+'วันที่ 28'!F18+'วันที่ 29'!F18+'วันที่ 30'!F18+'วันที่ 31'!F18 -> 0 | G18: =E18-F18-H18 -> 0 | H18: =+'วันที่ 1'!H18+'วันที่ 2'!H18+'วันที่ 3'!H18+'วันที่ 4'!H18+'วันที่ 5'!H18+'วันที่ 6'!H18+'วันที่ 7'!H18+'วันที่ 8'!H18+'วันที่ 9'!H18+'วันที่ 10'!H18+'วันที่ 11'!H18+'วันที่ 12'!H18+'วันที่ 13'!H18+'วันที่ 14'!H18+'วันที่ 15'!H18+'วันที่ 16'!H18+'วันที่ 17'!H18+'วันที่ 18'!H18+'วันที่ 19'!H18+'วันที่ 20'!H18+'วันที่ 21'!H18+'วันที่ 22'!H18+'วันที่ 23'!H18+'วันที่ 24'!H18+'วันที่ 25'!H18+'วันที่ 26'!H18+'วันที่ 27'!H18+'วันที่ 28'!H18+'วันที่ 29'!H18+'วันที่ 30'!H18+'วันที่ 31'!H18 -> 0 | I18: 50 | J18: =+'วันที่ 1'!J18+'วันที่ 2'!J18+'วันที่ 3'!J18+'วันที่ 4'!J18+'วันที่ 5'!J18+'วันที่ 6'!J18+'วันที่ 7'!J18+'วันที่ 8'!J18+'วันที่ 9'!J18+'วันที่ 10'!J18+'วันที่ 11'!J18+'วันที่ 12'!J18+'วันที่ 13'!J18+'วันที่ 14'!J18+'วันที่ 15'!J18+'วันที่ 16'!J18+'วันที่ 17'!J18+'วันที่ 18'!J18+'วันที่ 19'!J18+'วันที่ 20'!J18+'วันที่ 21'!J18+'วันที่ 22'!J18+'วันที่ 23'!J18+'วันที่ 24'!J18+'วันที่ 25'!J18+'วันที่ 26'!J18+'วันที่ 27'!J18+'วันที่ 28'!J18+'วันที่ 29'!J18+'วันที่ 30'!J18+'วันที่ 31'!J18 -> 0 | L18: 14 | M18: =+'วันที่ 14'!K207 -> 2090 | N18: =+'วันที่ 14'!K212 -> 50 | O18: =+'วันที่ 14'!K210 -> 0 | P18: =+'วันที่ 14'!K208 -> 0 | Q18: =+'วันที่ 14'!K211 -> 0 | R18: =+'วันที่ 14'!K209 -> 220 | S18: =+M18-N18-P18-R18-Q18 -> 1820 | T18: =+'วันที่ 14'!K214 -> 1820 | U18: =+T18-S18 -> 0
A19: 15 | B19: ชิฟฟ่อน สอดไส้ (ล) 3 ชิ้น เนยมพะร้าว | C19: =+'วันที่ 1'!C19 -> 9 | D19: =+'วันที่ 1'!D19+'วันที่ 2'!D19+'วันที่ 3'!D19+'วันที่ 4'!D19+'วันที่ 5'!D19+'วันที่ 6'!D19+'วันที่ 7'!D19+'วันที่ 8'!D19+'วันที่ 9'!D19+'วันที่ 10'!D19+'วันที่ 11'!D19+'วันที่ 12'!D19+'วันที่ 13'!D19+'วันที่ 14'!D19+'วันที่ 15'!D19+'วันที่ 16'!D19+'วันที่ 17'!D19+'วันที่ 18'!D19+'วันที่ 19'!D19+'วันที่ 20'!D19+'วันที่ 21'!D19+'วันที่ 22'!D19+'วันที่ 23'!D19+'วันที่ 24'!D19+'วันที่ 25'!D19+'วันที่ 26'!D19+'วันที่ 27'!D19+'วันที่ 28'!D19+'วันที่ 29'!D19+'วันที่ 30'!D19+'วันที่ 31'!D19 -> 30 | E19: =+C19+D19 -> 39 | F19: =+'วันที่ 1'!F19+'วันที่ 2'!F19+'วันที่ 3'!F19+'วันที่ 4'!F19+'วันที่ 5'!F19+'วันที่ 6'!F19+'วันที่ 7'!F19+'วันที่ 8'!F19+'วันที่ 9'!F19+'วันที่ 10'!F19+'วันที่ 11'!F19+'วันที่ 12'!F19+'วันที่ 13'!F19+'วันที่ 14'!F19+'วันที่ 15'!F19+'วันที่ 16'!F19+'วันที่ 17'!F19+'วันที่ 18'!F19+'วันที่ 19'!F19+'วันที่ 20'!F19+'วันที่ 21'!F19+'วันที่ 22'!F19+'วันที่ 23'!F19+'วันที่ 24'!F19+'วันที่ 25'!F19+'วันที่ 26'!F19+'วันที่ 27'!F19+'วันที่ 28'!F19+'วันที่ 29'!F19+'วันที่ 30'!F19+'วันที่ 31'!F19 -> 0 | G19: =E19-F19-H19 -> 14 | H19: =+'วันที่ 1'!H19+'วันที่ 2'!H19+'วันที่ 3'!H19+'วันที่ 4'!H19+'วันที่ 5'!H19+'วันที่ 6'!H19+'วันที่ 7'!H19+'วันที่ 8'!H19+'วันที่ 9'!H19+'วันที่ 10'!H19+'วันที่ 11'!H19+'วันที่ 12'!H19+'วันที่ 13'!H19+'วันที่ 14'!H19+'วันที่ 15'!H19+'วันที่ 16'!H19+'วันที่ 17'!H19+'วันที่ 18'!H19+'วันที่ 19'!H19+'วันที่ 20'!H19+'วันที่ 21'!H19+'วันที่ 22'!H19+'วันที่ 23'!H19+'วันที่ 24'!H19+'วันที่ 25'!H19+'วันที่ 26'!H19+'วันที่ 27'!H19+'วันที่ 28'!H19+'วันที่ 29'!H19+'วันที่ 30'!H19+'วันที่ 31'!H19 -> 25 | I19: 50 | J19: =+'วันที่ 1'!J19+'วันที่ 2'!J19+'วันที่ 3'!J19+'วันที่ 4'!J19+'วันที่ 5'!J19+'วันที่ 6'!J19+'วันที่ 7'!J19+'วันที่ 8'!J19+'วันที่ 9'!J19+'วันที่ 10'!J19+'วันที่ 11'!J19+'วันที่ 12'!J19+'วันที่ 13'!J19+'วันที่ 14'!J19+'วันที่ 15'!J19+'วันที่ 16'!J19+'วันที่ 17'!J19+'วันที่ 18'!J19+'วันที่ 19'!J19+'วันที่ 20'!J19+'วันที่ 21'!J19+'วันที่ 22'!J19+'วันที่ 23'!J19+'วันที่ 24'!J19+'วันที่ 25'!J19+'วันที่ 26'!J19+'วันที่ 27'!J19+'วันที่ 28'!J19+'วันที่ 29'!J19+'วันที่ 30'!J19+'วันที่ 31'!J19 -> 1250 | L19: 15 | M19: =+'วันที่ 15'!K207 -> 3745 | N19: =+'วันที่ 15'!K212 -> 150 | O19: =+'วันที่ 15'!K210 -> 0 | P19: =+'วันที่ 15'!K208 -> 0 | Q19: =+'วันที่ 15'!K211 -> 0 | R19: =+'วันที่ 15'!K209 -> 420 | S19: =+M19-N19-P19-R19-Q19 -> 3175 | T19: =+'วันที่ 15'!K214 -> 3175 | U19: =+T19-S19 -> 0
A20: 16 | B20: ชิฟฟ่อน สอดไส้ (ล) 3 ชิ้น นมชมพู | C20: =+'วันที่ 1'!C20 -> 0 | D20: =+'วันที่ 1'!D20+'วันที่ 2'!D20+'วันที่ 3'!D20+'วันที่ 4'!D20+'วันที่ 5'!D20+'วันที่ 6'!D20+'วันที่ 7'!D20+'วันที่ 8'!D20+'วันที่ 9'!D20+'วันที่ 10'!D20+'วันที่ 11'!D20+'วันที่ 12'!D20+'วันที่ 13'!D20+'วันที่ 14'!D20+'วันที่ 15'!D20+'วันที่ 16'!D20+'วันที่ 17'!D20+'วันที่ 18'!D20+'วันที่ 19'!D20+'วันที่ 20'!D20+'วันที่ 21'!D20+'วันที่ 22'!D20+'วันที่ 23'!D20+'วันที่ 24'!D20+'วันที่ 25'!D20+'วันที่ 26'!D20+'วันที่ 27'!D20+'วันที่ 28'!D20+'วันที่ 29'!D20+'วันที่ 30'!D20+'วันที่ 31'!D20 -> 0 | E20: =+C20+D20 -> 0 | F20: =+'วันที่ 1'!F20+'วันที่ 2'!F20+'วันที่ 3'!F20+'วันที่ 4'!F20+'วันที่ 5'!F20+'วันที่ 6'!F20+'วันที่ 7'!F20+'วันที่ 8'!F20+'วันที่ 9'!F20+'วันที่ 10'!F20+'วันที่ 11'!F20+'วันที่ 12'!F20+'วันที่ 13'!F20+'วันที่ 14'!F20+'วันที่ 15'!F20+'วันที่ 16'!F20+'วันที่ 17'!F20+'วันที่ 18'!F20+'วันที่ 19'!F20+'วันที่ 20'!F20+'วันที่ 21'!F20+'วันที่ 22'!F20+'วันที่ 23'!F20+'วันที่ 24'!F20+'วันที่ 25'!F20+'วันที่ 26'!F20+'วันที่ 27'!F20+'วันที่ 28'!F20+'วันที่ 29'!F20+'วันที่ 30'!F20+'วันที่ 31'!F20 -> 0 | G20: =E20-F20-H20 -> 0 | H20: =+'วันที่ 1'!H20+'วันที่ 2'!H20+'วันที่ 3'!H20+'วันที่ 4'!H20+'วันที่ 5'!H20+'วันที่ 6'!H20+'วันที่ 7'!H20+'วันที่ 8'!H20+'วันที่ 9'!H20+'วันที่ 10'!H20+'วันที่ 11'!H20+'วันที่ 12'!H20+'วันที่ 13'!H20+'วันที่ 14'!H20+'วันที่ 15'!H20+'วันที่ 16'!H20+'วันที่ 17'!H20+'วันที่ 18'!H20+'วันที่ 19'!H20+'วันที่ 20'!H20+'วันที่ 21'!H20+'วันที่ 22'!H20+'วันที่ 23'!H20+'วันที่ 24'!H20+'วันที่ 25'!H20+'วันที่ 26'!H20+'วันที่ 27'!H20+'วันที่ 28'!H20+'วันที่ 29'!H20+'วันที่ 30'!H20+'วันที่ 31'!H20 -> 0 | I20: 50 | J20: =+'วันที่ 1'!J20+'วันที่ 2'!J20+'วันที่ 3'!J20+'วันที่ 4'!J20+'วันที่ 5'!J20+'วันที่ 6'!J20+'วันที่ 7'!J20+'วันที่ 8'!J20+'วันที่ 9'!J20+'วันที่ 10'!J20+'วันที่ 11'!J20+'วันที่ 12'!J20+'วันที่ 13'!J20+'วันที่ 14'!J20+'วันที่ 15'!J20+'วันที่ 16'!J20+'วันที่ 17'!J20+'วันที่ 18'!J20+'วันที่ 19'!J20+'วันที่ 20'!J20+'วันที่ 21'!J20+'วันที่ 22'!J20+'วันที่ 23'!J20+'วันที่ 24'!J20+'วันที่ 25'!J20+'วันที่ 26'!J20+'วันที่ 27'!J20+'วันที่ 28'!J20+'วันที่ 29'!J20+'วันที่ 30'!J20+'วันที่ 31'!J20 -> 0 | L20: 16 | M20: =+'วันที่ 16'!K207 -> 0 | N20: =+'วันที่ 16'!K212 -> 0 | O20: =+'วันที่ 16'!K210 -> 0 | P20: =+'วันที่ 16'!K208 -> 0 | Q20: =+'วันที่ 16'!K211 -> 0 | R20: =+'วันที่ 16'!K209 -> 0 | S20: =+M20-N20-P20-R20-Q20 -> 0 | T20: =+'วันที่ 16'!K214 -> 0 | U20: =+T20-S20 -> 0
A21: 17 | B21: ชิฟฟ่อน สอดไส้ (ล) 3 ชิ้น ช็อคโกแลต | C21: =+'วันที่ 1'!C21 -> 0 | D21: =+'วันที่ 1'!D21+'วันที่ 2'!D21+'วันที่ 3'!D21+'วันที่ 4'!D21+'วันที่ 5'!D21+'วันที่ 6'!D21+'วันที่ 7'!D21+'วันที่ 8'!D21+'วันที่ 9'!D21+'วันที่ 10'!D21+'วันที่ 11'!D21+'วันที่ 12'!D21+'วันที่ 13'!D21+'วันที่ 14'!D21+'วันที่ 15'!D21+'วันที่ 16'!D21+'วันที่ 17'!D21+'วันที่ 18'!D21+'วันที่ 19'!D21+'วันที่ 20'!D21+'วันที่ 21'!D21+'วันที่ 22'!D21+'วันที่ 23'!D21+'วันที่ 24'!D21+'วันที่ 25'!D21+'วันที่ 26'!D21+'วันที่ 27'!D21+'วันที่ 28'!D21+'วันที่ 29'!D21+'วันที่ 30'!D21+'วันที่ 31'!D21 -> 0 | E21: =+C21+D21 -> 0 | F21: =+'วันที่ 1'!F21+'วันที่ 2'!F21+'วันที่ 3'!F21+'วันที่ 4'!F21+'วันที่ 5'!F21+'วันที่ 6'!F21+'วันที่ 7'!F21+'วันที่ 8'!F21+'วันที่ 9'!F21+'วันที่ 10'!F21+'วันที่ 11'!F21+'วันที่ 12'!F21+'วันที่ 13'!F21+'วันที่ 14'!F21+'วันที่ 15'!F21+'วันที่ 16'!F21+'วันที่ 17'!F21+'วันที่ 18'!F21+'วันที่ 19'!F21+'วันที่ 20'!F21+'วันที่ 21'!F21+'วันที่ 22'!F21+'วันที่ 23'!F21+'วันที่ 24'!F21+'วันที่ 25'!F21+'วันที่ 26'!F21+'วันที่ 27'!F21+'วันที่ 28'!F21+'วันที่ 29'!F21+'วันที่ 30'!F21+'วันที่ 31'!F21 -> 0 | G21: =E21-F21-H21 -> 0 | H21: =+'วันที่ 1'!H21+'วันที่ 2'!H21+'วันที่ 3'!H21+'วันที่ 4'!H21+'วันที่ 5'!H21+'วันที่ 6'!H21+'วันที่ 7'!H21+'วันที่ 8'!H21+'วันที่ 9'!H21+'วันที่ 10'!H21+'วันที่ 11'!H21+'วันที่ 12'!H21+'วันที่ 13'!H21+'วันที่ 14'!H21+'วันที่ 15'!H21+'วันที่ 16'!H21+'วันที่ 17'!H21+'วันที่ 18'!H21+'วันที่ 19'!H21+'วันที่ 20'!H21+'วันที่ 21'!H21+'วันที่ 22'!H21+'วันที่ 23'!H21+'วันที่ 24'!H21+'วันที่ 25'!H21+'วันที่ 26'!H21+'วันที่ 27'!H21+'วันที่ 28'!H21+'วันที่ 29'!H21+'วันที่ 30'!H21+'วันที่ 31'!H21 -> 0 | I21: 50 | J21: =+'วันที่ 1'!J21+'วันที่ 2'!J21+'วันที่ 3'!J21+'วันที่ 4'!J21+'วันที่ 5'!J21+'วันที่ 6'!J21+'วันที่ 7'!J21+'วันที่ 8'!J21+'วันที่ 9'!J21+'วันที่ 10'!J21+'วันที่ 11'!J21+'วันที่ 12'!J21+'วันที่ 13'!J21+'วันที่ 14'!J21+'วันที่ 15'!J21+'วันที่ 16'!J21+'วันที่ 17'!J21+'วันที่ 18'!J21+'วันที่ 19'!J21+'วันที่ 20'!J21+'วันที่ 21'!J21+'วันที่ 22'!J21+'วันที่ 23'!J21+'วันที่ 24'!J21+'วันที่ 25'!J21+'วันที่ 26'!J21+'วันที่ 27'!J21+'วันที่ 28'!J21+'วันที่ 29'!J21+'วันที่ 30'!J21+'วันที่ 31'!J21 -> 0 | L21: 17 | M21: =+'วันที่ 17'!K207 -> 0 | N21: =+'วันที่ 17'!K212 -> 0 | O21: =+'วันที่ 17'!K210 -> 0 | P21: =+'วันที่ 17'!K208 -> 0 | Q21: =+'วันที่ 17'!K211 -> 0 | R21: =+'วันที่ 17'!K209 -> 0 | S21: =+M21-N21-P21-R21-Q21 -> 0 | T21: =+'วันที่ 17'!K214 -> 0 | U21: =+T21-S21 -> 0
A22: 18 | B22: ชิฟฟ่อน สอดไส้ (ก) 5 ชิ้น | C22: =+'วันที่ 1'!C22 -> 0 | D22: =+'วันที่ 1'!D22+'วันที่ 2'!D22+'วันที่ 3'!D22+'วันที่ 4'!D22+'วันที่ 5'!D22+'วันที่ 6'!D22+'วันที่ 7'!D22+'วันที่ 8'!D22+'วันที่ 9'!D22+'วันที่ 10'!D22+'วันที่ 11'!D22+'วันที่ 12'!D22+'วันที่ 13'!D22+'วันที่ 14'!D22+'วันที่ 15'!D22+'วันที่ 16'!D22+'วันที่ 17'!D22+'วันที่ 18'!D22+'วันที่ 19'!D22+'วันที่ 20'!D22+'วันที่ 21'!D22+'วันที่ 22'!D22+'วันที่ 23'!D22+'วันที่ 24'!D22+'วันที่ 25'!D22+'วันที่ 26'!D22+'วันที่ 27'!D22+'วันที่ 28'!D22+'วันที่ 29'!D22+'วันที่ 30'!D22+'วันที่ 31'!D22 -> 0 | E22: =+C22+D22 -> 0 | F22: =+'วันที่ 1'!F22+'วันที่ 2'!F22+'วันที่ 3'!F22+'วันที่ 4'!F22+'วันที่ 5'!F22+'วันที่ 6'!F22+'วันที่ 7'!F22+'วันที่ 8'!F22+'วันที่ 9'!F22+'วันที่ 10'!F22+'วันที่ 11'!F22+'วันที่ 12'!F22+'วันที่ 13'!F22+'วันที่ 14'!F22+'วันที่ 15'!F22+'วันที่ 16'!F22+'วันที่ 17'!F22+'วันที่ 18'!F22+'วันที่ 19'!F22+'วันที่ 20'!F22+'วันที่ 21'!F22+'วันที่ 22'!F22+'วันที่ 23'!F22+'วันที่ 24'!F22+'วันที่ 25'!F22+'วันที่ 26'!F22+'วันที่ 27'!F22+'วันที่ 28'!F22+'วันที่ 29'!F22+'วันที่ 30'!F22+'วันที่ 31'!F22 -> 0 | G22: =E22-F22-H22 -> 0 | H22: =+'วันที่ 1'!H22+'วันที่ 2'!H22+'วันที่ 3'!H22+'วันที่ 4'!H22+'วันที่ 5'!H22+'วันที่ 6'!H22+'วันที่ 7'!H22+'วันที่ 8'!H22+'วันที่ 9'!H22+'วันที่ 10'!H22+'วันที่ 11'!H22+'วันที่ 12'!H22+'วันที่ 13'!H22+'วันที่ 14'!H22+'วันที่ 15'!H22+'วันที่ 16'!H22+'วันที่ 17'!H22+'วันที่ 18'!H22+'วันที่ 19'!H22+'วันที่ 20'!H22+'วันที่ 21'!H22+'วันที่ 22'!H22+'วันที่ 23'!H22+'วันที่ 24'!H22+'วันที่ 25'!H22+'วันที่ 26'!H22+'วันที่ 27'!H22+'วันที่ 28'!H22+'วันที่ 29'!H22+'วันที่ 30'!H22+'วันที่ 31'!H22 -> 0 | I22: 85 | J22: =+'วันที่ 1'!J22+'วันที่ 2'!J22+'วันที่ 3'!J22+'วันที่ 4'!J22+'วันที่ 5'!J22+'วันที่ 6'!J22+'วันที่ 7'!J22+'วันที่ 8'!J22+'วันที่ 9'!J22+'วันที่ 10'!J22+'วันที่ 11'!J22+'วันที่ 12'!J22+'วันที่ 13'!J22+'วันที่ 14'!J22+'วันที่ 15'!J22+'วันที่ 16'!J22+'วันที่ 17'!J22+'วันที่ 18'!J22+'วันที่ 19'!J22+'วันที่ 20'!J22+'วันที่ 21'!J22+'วันที่ 22'!J22+'วันที่ 23'!J22+'วันที่ 24'!J22+'วันที่ 25'!J22+'วันที่ 26'!J22+'วันที่ 27'!J22+'วันที่ 28'!J22+'วันที่ 29'!J22+'วันที่ 30'!J22+'วันที่ 31'!J22 -> 0 | L22: 18 | M22: =+'วันที่ 18'!K207 -> 0 | N22: =+'วันที่ 18'!K212 -> 0 | O22: =+'วันที่ 18'!K210 -> 0 | P22: =+'วันที่ 18'!K208 -> 0 | Q22: =+'วันที่ 18'!K211 -> 0 | R22: =+'วันที่ 18'!K209 -> 0 | S22: =+M22-N22-P22-R22-Q22 -> 0 | T22: =+'วันที่ 18'!K214 -> 0 | U22: =+T22-S22 -> 0
A23: 19 | B23: ชิฟฟ่อน สอดไส้ 6 ชิ้น รวมรส | C23: =+'วันที่ 1'!C23 -> 16 | D23: =+'วันที่ 1'!D23+'วันที่ 2'!D23+'วันที่ 3'!D23+'วันที่ 4'!D23+'วันที่ 5'!D23+'วันที่ 6'!D23+'วันที่ 7'!D23+'วันที่ 8'!D23+'วันที่ 9'!D23+'วันที่ 10'!D23+'วันที่ 11'!D23+'วันที่ 12'!D23+'วันที่ 13'!D23+'วันที่ 14'!D23+'วันที่ 15'!D23+'วันที่ 16'!D23+'วันที่ 17'!D23+'วันที่ 18'!D23+'วันที่ 19'!D23+'วันที่ 20'!D23+'วันที่ 21'!D23+'วันที่ 22'!D23+'วันที่ 23'!D23+'วันที่ 24'!D23+'วันที่ 25'!D23+'วันที่ 26'!D23+'วันที่ 27'!D23+'วันที่ 28'!D23+'วันที่ 29'!D23+'วันที่ 30'!D23+'วันที่ 31'!D23 -> 65 | E23: =+C23+D23 -> 81 | F23: =+'วันที่ 1'!F23+'วันที่ 2'!F23+'วันที่ 3'!F23+'วันที่ 4'!F23+'วันที่ 5'!F23+'วันที่ 6'!F23+'วันที่ 7'!F23+'วันที่ 8'!F23+'วันที่ 9'!F23+'วันที่ 10'!F23+'วันที่ 11'!F23+'วันที่ 12'!F23+'วันที่ 13'!F23+'วันที่ 14'!F23+'วันที่ 15'!F23+'วันที่ 16'!F23+'วันที่ 17'!F23+'วันที่ 18'!F23+'วันที่ 19'!F23+'วันที่ 20'!F23+'วันที่ 21'!F23+'วันที่ 22'!F23+'วันที่ 23'!F23+'วันที่ 24'!F23+'วันที่ 25'!F23+'วันที่ 26'!F23+'วันที่ 27'!F23+'วันที่ 28'!F23+'วันที่ 29'!F23+'วันที่ 30'!F23+'วันที่ 31'!F23 -> 15 | G23: =E23-F23-H23 -> 13 | H23: =+'วันที่ 1'!H23+'วันที่ 2'!H23+'วันที่ 3'!H23+'วันที่ 4'!H23+'วันที่ 5'!H23+'วันที่ 6'!H23+'วันที่ 7'!H23+'วันที่ 8'!H23+'วันที่ 9'!H23+'วันที่ 10'!H23+'วันที่ 11'!H23+'วันที่ 12'!H23+'วันที่ 13'!H23+'วันที่ 14'!H23+'วันที่ 15'!H23+'วันที่ 16'!H23+'วันที่ 17'!H23+'วันที่ 18'!H23+'วันที่ 19'!H23+'วันที่ 20'!H23+'วันที่ 21'!H23+'วันที่ 22'!H23+'วันที่ 23'!H23+'วันที่ 24'!H23+'วันที่ 25'!H23+'วันที่ 26'!H23+'วันที่ 27'!H23+'วันที่ 28'!H23+'วันที่ 29'!H23+'วันที่ 30'!H23+'วันที่ 31'!H23 -> 53 | I23: 100 | J23: =+'วันที่ 1'!J23+'วันที่ 2'!J23+'วันที่ 3'!J23+'วันที่ 4'!J23+'วันที่ 5'!J23+'วันที่ 6'!J23+'วันที่ 7'!J23+'วันที่ 8'!J23+'วันที่ 9'!J23+'วันที่ 10'!J23+'วันที่ 11'!J23+'วันที่ 12'!J23+'วันที่ 13'!J23+'วันที่ 14'!J23+'วันที่ 15'!J23+'วันที่ 16'!J23+'วันที่ 17'!J23+'วันที่ 18'!J23+'วันที่ 19'!J23+'วันที่ 20'!J23+'วันที่ 21'!J23+'วันที่ 22'!J23+'วันที่ 23'!J23+'วันที่ 24'!J23+'วันที่ 25'!J23+'วันที่ 26'!J23+'วันที่ 27'!J23+'วันที่ 28'!J23+'วันที่ 29'!J23+'วันที่ 30'!J23+'วันที่ 31'!J23 -> 5300 | L23: 19 | M23: =+'วันที่ 19'!K207 -> 0 | N23: =+'วันที่ 19'!K212 -> 0 | O23: =+'วันที่ 19'!K210 -> 0 | P23: =+'วันที่ 19'!K208 -> 0 | Q23: =+'วันที่ 19'!K211 -> 0 | R23: =+'วันที่ 19'!K209 -> 0 | S23: =+M23-N23-P23-R23-Q23 -> 0 | T23: =+'วันที่ 19'!K214 -> 0 | U23: =+T23-S23 -> 0
A24: 20 | B24: ชิฟฟ่อน สอดไส้ 6 ชิ้น ฝอยทอง | C24: =+'วันที่ 1'!C24 -> 0 | D24: =+'วันที่ 1'!D24+'วันที่ 2'!D24+'วันที่ 3'!D24+'วันที่ 4'!D24+'วันที่ 5'!D24+'วันที่ 6'!D24+'วันที่ 7'!D24+'วันที่ 8'!D24+'วันที่ 9'!D24+'วันที่ 10'!D24+'วันที่ 11'!D24+'วันที่ 12'!D24+'วันที่ 13'!D24+'วันที่ 14'!D24+'วันที่ 15'!D24+'วันที่ 16'!D24+'วันที่ 17'!D24+'วันที่ 18'!D24+'วันที่ 19'!D24+'วันที่ 20'!D24+'วันที่ 21'!D24+'วันที่ 22'!D24+'วันที่ 23'!D24+'วันที่ 24'!D24+'วันที่ 25'!D24+'วันที่ 26'!D24+'วันที่ 27'!D24+'วันที่ 28'!D24+'วันที่ 29'!D24+'วันที่ 30'!D24+'วันที่ 31'!D24 -> 0 | E24: =+C24+D24 -> 0 | F24: =+'วันที่ 1'!F24+'วันที่ 2'!F24+'วันที่ 3'!F24+'วันที่ 4'!F24+'วันที่ 5'!F24+'วันที่ 6'!F24+'วันที่ 7'!F24+'วันที่ 8'!F24+'วันที่ 9'!F24+'วันที่ 10'!F24+'วันที่ 11'!F24+'วันที่ 12'!F24+'วันที่ 13'!F24+'วันที่ 14'!F24+'วันที่ 15'!F24+'วันที่ 16'!F24+'วันที่ 17'!F24+'วันที่ 18'!F24+'วันที่ 19'!F24+'วันที่ 20'!F24+'วันที่ 21'!F24+'วันที่ 22'!F24+'วันที่ 23'!F24+'วันที่ 24'!F24+'วันที่ 25'!F24+'วันที่ 26'!F24+'วันที่ 27'!F24+'วันที่ 28'!F24+'วันที่ 29'!F24+'วันที่ 30'!F24+'วันที่ 31'!F24 -> 0 | G24: =E24-F24-H24 -> 0 | H24: =+'วันที่ 1'!H24+'วันที่ 2'!H24+'วันที่ 3'!H24+'วันที่ 4'!H24+'วันที่ 5'!H24+'วันที่ 6'!H24+'วันที่ 7'!H24+'วันที่ 8'!H24+'วันที่ 9'!H24+'วันที่ 10'!H24+'วันที่ 11'!H24+'วันที่ 12'!H24+'วันที่ 13'!H24+'วันที่ 14'!H24+'วันที่ 15'!H24+'วันที่ 16'!H24+'วันที่ 17'!H24+'วันที่ 18'!H24+'วันที่ 19'!H24+'วันที่ 20'!H24+'วันที่ 21'!H24+'วันที่ 22'!H24+'วันที่ 23'!H24+'วันที่ 24'!H24+'วันที่ 25'!H24+'วันที่ 26'!H24+'วันที่ 27'!H24+'วันที่ 28'!H24+'วันที่ 29'!H24+'วันที่ 30'!H24+'วันที่ 31'!H24 -> 0 | I24: 100 | J24: =+'วันที่ 1'!J24+'วันที่ 2'!J24+'วันที่ 3'!J24+'วันที่ 4'!J24+'วันที่ 5'!J24+'วันที่ 6'!J24+'วันที่ 7'!J24+'วันที่ 8'!J24+'วันที่ 9'!J24+'วันที่ 10'!J24+'วันที่ 11'!J24+'วันที่ 12'!J24+'วันที่ 13'!J24+'วันที่ 14'!J24+'วันที่ 15'!J24+'วันที่ 16'!J24+'วันที่ 17'!J24+'วันที่ 18'!J24+'วันที่ 19'!J24+'วันที่ 20'!J24+'วันที่ 21'!J24+'วันที่ 22'!J24+'วันที่ 23'!J24+'วันที่ 24'!J24+'วันที่ 25'!J24+'วันที่ 26'!J24+'วันที่ 27'!J24+'วันที่ 28'!J24+'วันที่ 29'!J24+'วันที่ 30'!J24+'วันที่ 31'!J24 -> 0 | L24: 20 | M24: =+'วันที่ 20'!K207 -> 0 | N24: =+'วันที่ 20'!K212 -> 0 | O24: =+'วันที่ 20'!K210 -> 0 | P24: =+'วันที่ 20'!K208 -> 0 | Q24: =+'วันที่ 20'!K211 -> 0 | R24: =+'วันที่ 20'!K209 -> 0 | S24: =+M24-N24-P24-R24-Q24 -> 0 | T24: =+'วันที่ 20'!K214 -> 0 | U24: =+T24-S24 -> 0
A25: 21 | B25: ชิฟฟ่อน สอดไส้ 6 ชิ้น ทูโทน | C25: =+'วันที่ 1'!C25 -> 0 | D25: =+'วันที่ 1'!D25+'วันที่ 2'!D25+'วันที่ 3'!D25+'วันที่ 4'!D25+'วันที่ 5'!D25+'วันที่ 6'!D25+'วันที่ 7'!D25+'วันที่ 8'!D25+'วันที่ 9'!D25+'วันที่ 10'!D25+'วันที่ 11'!D25+'วันที่ 12'!D25+'วันที่ 13'!D25+'วันที่ 14'!D25+'วันที่ 15'!D25+'วันที่ 16'!D25+'วันที่ 17'!D25+'วันที่ 18'!D25+'วันที่ 19'!D25+'วันที่ 20'!D25+'วันที่ 21'!D25+'วันที่ 22'!D25+'วันที่ 23'!D25+'วันที่ 24'!D25+'วันที่ 25'!D25+'วันที่ 26'!D25+'วันที่ 27'!D25+'วันที่ 28'!D25+'วันที่ 29'!D25+'วันที่ 30'!D25+'วันที่ 31'!D25 -> 0 | E25: =+C25+D25 -> 0 | F25: =+'วันที่ 1'!F25+'วันที่ 2'!F25+'วันที่ 3'!F25+'วันที่ 4'!F25+'วันที่ 5'!F25+'วันที่ 6'!F25+'วันที่ 7'!F25+'วันที่ 8'!F25+'วันที่ 9'!F25+'วันที่ 10'!F25+'วันที่ 11'!F25+'วันที่ 12'!F25+'วันที่ 13'!F25+'วันที่ 14'!F25+'วันที่ 15'!F25+'วันที่ 16'!F25+'วันที่ 17'!F25+'วันที่ 18'!F25+'วันที่ 19'!F25+'วันที่ 20'!F25+'วันที่ 21'!F25+'วันที่ 22'!F25+'วันที่ 23'!F25+'วันที่ 24'!F25+'วันที่ 25'!F25+'วันที่ 26'!F25+'วันที่ 27'!F25+'วันที่ 28'!F25+'วันที่ 29'!F25+'วันที่ 30'!F25+'วันที่ 31'!F25 -> 0 | G25: =E25-F25-H25 -> 0 | H25: =+'วันที่ 1'!H25+'วันที่ 2'!H25+'วันที่ 3'!H25+'วันที่ 4'!H25+'วันที่ 5'!H25+'วันที่ 6'!H25+'วันที่ 7'!H25+'วันที่ 8'!H25+'วันที่ 9'!H25+'วันที่ 10'!H25+'วันที่ 11'!H25+'วันที่ 12'!H25+'วันที่ 13'!H25+'วันที่ 14'!H25+'วันที่ 15'!H25+'วันที่ 16'!H25+'วันที่ 17'!H25+'วันที่ 18'!H25+'วันที่ 19'!H25+'วันที่ 20'!H25+'วันที่ 21'!H25+'วันที่ 22'!H25+'วันที่ 23'!H25+'วันที่ 24'!H25+'วันที่ 25'!H25+'วันที่ 26'!H25+'วันที่ 27'!H25+'วันที่ 28'!H25+'วันที่ 29'!H25+'วันที่ 30'!H25+'วันที่ 31'!H25 -> 0 | I25: 100 | J25: =+'วันที่ 1'!J25+'วันที่ 2'!J25+'วันที่ 3'!J25+'วันที่ 4'!J25+'วันที่ 5'!J25+'วันที่ 6'!J25+'วันที่ 7'!J25+'วันที่ 8'!J25+'วันที่ 9'!J25+'วันที่ 10'!J25+'วันที่ 11'!J25+'วันที่ 12'!J25+'วันที่ 13'!J25+'วันที่ 14'!J25+'วันที่ 15'!J25+'วันที่ 16'!J25+'วันที่ 17'!J25+'วันที่ 18'!J25+'วันที่ 19'!J25+'วันที่ 20'!J25+'วันที่ 21'!J25+'วันที่ 22'!J25+'วันที่ 23'!J25+'วันที่ 24'!J25+'วันที่ 25'!J25+'วันที่ 26'!J25+'วันที่ 27'!J25+'วันที่ 28'!J25+'วันที่ 29'!J25+'วันที่ 30'!J25+'วันที่ 31'!J25 -> 0 | L25: 21 | M25: =+'วันที่ 21'!K207 -> 0 | N25: =+'วันที่ 21'!K212 -> 0 | O25: =+'วันที่ 21'!K210 -> 0 | P25: =+'วันที่ 21'!K208 -> 0 | Q25: =+'วันที่ 21'!K211 -> 0 | R25: =+'วันที่ 21'!K209 -> 0 | S25: =+M25-N25-P25-R25-Q25 -> 0 | T25: =+'วันที่ 21'!K214 -> 0 | U25: =+T25-S25 -> 0
A26: 22 | B26: ชิฟฟ่อน สอดไส้ 6 ชิ้น นมชมพู | C26: =+'วันที่ 1'!C26 -> 0 | D26: =+'วันที่ 1'!D26+'วันที่ 2'!D26+'วันที่ 3'!D26+'วันที่ 4'!D26+'วันที่ 5'!D26+'วันที่ 6'!D26+'วันที่ 7'!D26+'วันที่ 8'!D26+'วันที่ 9'!D26+'วันที่ 10'!D26+'วันที่ 11'!D26+'วันที่ 12'!D26+'วันที่ 13'!D26+'วันที่ 14'!D26+'วันที่ 15'!D26+'วันที่ 16'!D26+'วันที่ 17'!D26+'วันที่ 18'!D26+'วันที่ 19'!D26+'วันที่ 20'!D26+'วันที่ 21'!D26+'วันที่ 22'!D26+'วันที่ 23'!D26+'วันที่ 24'!D26+'วันที่ 25'!D26+'วันที่ 26'!D26+'วันที่ 27'!D26+'วันที่ 28'!D26+'วันที่ 29'!D26+'วันที่ 30'!D26+'วันที่ 31'!D26 -> 0 | E26: =+C26+D26 -> 0 | F26: =+'วันที่ 1'!F26+'วันที่ 2'!F26+'วันที่ 3'!F26+'วันที่ 4'!F26+'วันที่ 5'!F26+'วันที่ 6'!F26+'วันที่ 7'!F26+'วันที่ 8'!F26+'วันที่ 9'!F26+'วันที่ 10'!F26+'วันที่ 11'!F26+'วันที่ 12'!F26+'วันที่ 13'!F26+'วันที่ 14'!F26+'วันที่ 15'!F26+'วันที่ 16'!F26+'วันที่ 17'!F26+'วันที่ 18'!F26+'วันที่ 19'!F26+'วันที่ 20'!F26+'วันที่ 21'!F26+'วันที่ 22'!F26+'วันที่ 23'!F26+'วันที่ 24'!F26+'วันที่ 25'!F26+'วันที่ 26'!F26+'วันที่ 27'!F26+'วันที่ 28'!F26+'วันที่ 29'!F26+'วันที่ 30'!F26+'วันที่ 31'!F26 -> 0 | G26: =E26-F26-H26 -> 0 | H26: =+'วันที่ 1'!H26+'วันที่ 2'!H26+'วันที่ 3'!H26+'วันที่ 4'!H26+'วันที่ 5'!H26+'วันที่ 6'!H26+'วันที่ 7'!H26+'วันที่ 8'!H26+'วันที่ 9'!H26+'วันที่ 10'!H26+'วันที่ 11'!H26+'วันที่ 12'!H26+'วันที่ 13'!H26+'วันที่ 14'!H26+'วันที่ 15'!H26+'วันที่ 16'!H26+'วันที่ 17'!H26+'วันที่ 18'!H26+'วันที่ 19'!H26+'วันที่ 20'!H26+'วันที่ 21'!H26+'วันที่ 22'!H26+'วันที่ 23'!H26+'วันที่ 24'!H26+'วันที่ 25'!H26+'วันที่ 26'!H26+'วันที่ 27'!H26+'วันที่ 28'!H26+'วันที่ 29'!H26+'วันที่ 30'!H26+'วันที่ 31'!H26 -> 0 | I26: 100 | J26: =+'วันที่ 1'!J26+'วันที่ 2'!J26+'วันที่ 3'!J26+'วันที่ 4'!J26+'วันที่ 5'!J26+'วันที่ 6'!J26+'วันที่ 7'!J26+'วันที่ 8'!J26+'วันที่ 9'!J26+'วันที่ 10'!J26+'วันที่ 11'!J26+'วันที่ 12'!J26+'วันที่ 13'!J26+'วันที่ 14'!J26+'วันที่ 15'!J26+'วันที่ 16'!J26+'วันที่ 17'!J26+'วันที่ 18'!J26+'วันที่ 19'!J26+'วันที่ 20'!J26+'วันที่ 21'!J26+'วันที่ 22'!J26+'วันที่ 23'!J26+'วันที่ 24'!J26+'วันที่ 25'!J26+'วันที่ 26'!J26+'วันที่ 27'!J26+'วันที่ 28'!J26+'วันที่ 29'!J26+'วันที่ 30'!J26+'วันที่ 31'!J26 -> 0 | L26: 22 | M26: =+'วันที่ 22'!K207 -> 0 | N26: =+'วันที่ 22'!K212 -> 0 | O26: =+'วันที่ 22'!K210 -> 0 | P26: =+'วันที่ 22'!K208 -> 0 | Q26: =+'วันที่ 22'!K211 -> 0 | R26: =+'วันที่ 22'!K209 -> 0 | S26: =+M26-N26-P26-R26-Q26 -> 0 | T26: =+'วันที่ 22'!K214 -> 0 | U26: =+T26-S26 -> 0
A27: 23 | B27: ชิฟฟ่อน สอดไส้ 6 ชิ้น บลูเบอรี่ | C27: =+'วันที่ 1'!C27 -> 0 | D27: =+'วันที่ 1'!D27+'วันที่ 2'!D27+'วันที่ 3'!D27+'วันที่ 4'!D27+'วันที่ 5'!D27+'วันที่ 6'!D27+'วันที่ 7'!D27+'วันที่ 8'!D27+'วันที่ 9'!D27+'วันที่ 10'!D27+'วันที่ 11'!D27+'วันที่ 12'!D27+'วันที่ 13'!D27+'วันที่ 14'!D27+'วันที่ 15'!D27+'วันที่ 16'!D27+'วันที่ 17'!D27+'วันที่ 18'!D27+'วันที่ 19'!D27+'วันที่ 20'!D27+'วันที่ 21'!D27+'วันที่ 22'!D27+'วันที่ 23'!D27+'วันที่ 24'!D27+'วันที่ 25'!D27+'วันที่ 26'!D27+'วันที่ 27'!D27+'วันที่ 28'!D27+'วันที่ 29'!D27+'วันที่ 30'!D27+'วันที่ 31'!D27 -> 0 | E27: =+C27+D27 -> 0 | F27: =+'วันที่ 1'!F27+'วันที่ 2'!F27+'วันที่ 3'!F27+'วันที่ 4'!F27+'วันที่ 5'!F27+'วันที่ 6'!F27+'วันที่ 7'!F27+'วันที่ 8'!F27+'วันที่ 9'!F27+'วันที่ 10'!F27+'วันที่ 11'!F27+'วันที่ 12'!F27+'วันที่ 13'!F27+'วันที่ 14'!F27+'วันที่ 15'!F27+'วันที่ 16'!F27+'วันที่ 17'!F27+'วันที่ 18'!F27+'วันที่ 19'!F27+'วันที่ 20'!F27+'วันที่ 21'!F27+'วันที่ 22'!F27+'วันที่ 23'!F27+'วันที่ 24'!F27+'วันที่ 25'!F27+'วันที่ 26'!F27+'วันที่ 27'!F27+'วันที่ 28'!F27+'วันที่ 29'!F27+'วันที่ 30'!F27+'วันที่ 31'!F27 -> 0 | G27: =E27-F27-H27 -> 0 | H27: =+'วันที่ 1'!H27+'วันที่ 2'!H27+'วันที่ 3'!H27+'วันที่ 4'!H27+'วันที่ 5'!H27+'วันที่ 6'!H27+'วันที่ 7'!H27+'วันที่ 8'!H27+'วันที่ 9'!H27+'วันที่ 10'!H27+'วันที่ 11'!H27+'วันที่ 12'!H27+'วันที่ 13'!H27+'วันที่ 14'!H27+'วันที่ 15'!H27+'วันที่ 16'!H27+'วันที่ 17'!H27+'วันที่ 18'!H27+'วันที่ 19'!H27+'วันที่ 20'!H27+'วันที่ 21'!H27+'วันที่ 22'!H27+'วันที่ 23'!H27+'วันที่ 24'!H27+'วันที่ 25'!H27+'วันที่ 26'!H27+'วันที่ 27'!H27+'วันที่ 28'!H27+'วันที่ 29'!H27+'วันที่ 30'!H27+'วันที่ 31'!H27 -> 0 | I27: 100 | J27: =+'วันที่ 1'!J27+'วันที่ 2'!J27+'วันที่ 3'!J27+'วันที่ 4'!J27+'วันที่ 5'!J27+'วันที่ 6'!J27+'วันที่ 7'!J27+'วันที่ 8'!J27+'วันที่ 9'!J27+'วันที่ 10'!J27+'วันที่ 11'!J27+'วันที่ 12'!J27+'วันที่ 13'!J27+'วันที่ 14'!J27+'วันที่ 15'!J27+'วันที่ 16'!J27+'วันที่ 17'!J27+'วันที่ 18'!J27+'วันที่ 19'!J27+'วันที่ 20'!J27+'วันที่ 21'!J27+'วันที่ 22'!J27+'วันที่ 23'!J27+'วันที่ 24'!J27+'วันที่ 25'!J27+'วันที่ 26'!J27+'วันที่ 27'!J27+'วันที่ 28'!J27+'วันที่ 29'!J27+'วันที่ 30'!J27+'วันที่ 31'!J27 -> 0 | L27: 23 | M27: =+'วันที่ 23'!K207 -> 0 | N27: =+'วันที่ 23'!K212 -> 0 | O27: =+'วันที่ 23'!K210 -> 0 | P27: =+'วันที่ 23'!K208 -> 0 | Q27: =+'วันที่ 23'!K211 -> 0 | R27: =+'วันที่ 23'!K209 -> 0 | S27: =+M27-N27-P27-R27-Q27 -> 0 | T27: =+'วันที่ 23'!K214 -> 0 | U27: =+T27-S27 -> 0
A28: 24 | B28: ชิฟฟ่อน สอดไส้ 6 ชิ้น ช็อคโกแลต | C28: =+'วันที่ 1'!C28 -> 0 | D28: =+'วันที่ 1'!D28+'วันที่ 2'!D28+'วันที่ 3'!D28+'วันที่ 4'!D28+'วันที่ 5'!D28+'วันที่ 6'!D28+'วันที่ 7'!D28+'วันที่ 8'!D28+'วันที่ 9'!D28+'วันที่ 10'!D28+'วันที่ 11'!D28+'วันที่ 12'!D28+'วันที่ 13'!D28+'วันที่ 14'!D28+'วันที่ 15'!D28+'วันที่ 16'!D28+'วันที่ 17'!D28+'วันที่ 18'!D28+'วันที่ 19'!D28+'วันที่ 20'!D28+'วันที่ 21'!D28+'วันที่ 22'!D28+'วันที่ 23'!D28+'วันที่ 24'!D28+'วันที่ 25'!D28+'วันที่ 26'!D28+'วันที่ 27'!D28+'วันที่ 28'!D28+'วันที่ 29'!D28+'วันที่ 30'!D28+'วันที่ 31'!D28 -> 0 | E28: =+C28+D28 -> 0 | F28: =+'วันที่ 1'!F28+'วันที่ 2'!F28+'วันที่ 3'!F28+'วันที่ 4'!F28+'วันที่ 5'!F28+'วันที่ 6'!F28+'วันที่ 7'!F28+'วันที่ 8'!F28+'วันที่ 9'!F28+'วันที่ 10'!F28+'วันที่ 11'!F28+'วันที่ 12'!F28+'วันที่ 13'!F28+'วันที่ 14'!F28+'วันที่ 15'!F28+'วันที่ 16'!F28+'วันที่ 17'!F28+'วันที่ 18'!F28+'วันที่ 19'!F28+'วันที่ 20'!F28+'วันที่ 21'!F28+'วันที่ 22'!F28+'วันที่ 23'!F28+'วันที่ 24'!F28+'วันที่ 25'!F28+'วันที่ 26'!F28+'วันที่ 27'!F28+'วันที่ 28'!F28+'วันที่ 29'!F28+'วันที่ 30'!F28+'วันที่ 31'!F28 -> 0 | G28: =E28-F28-H28 -> 0 | H28: =+'วันที่ 1'!H28+'วันที่ 2'!H28+'วันที่ 3'!H28+'วันที่ 4'!H28+'วันที่ 5'!H28+'วันที่ 6'!H28+'วันที่ 7'!H28+'วันที่ 8'!H28+'วันที่ 9'!H28+'วันที่ 10'!H28+'วันที่ 11'!H28+'วันที่ 12'!H28+'วันที่ 13'!H28+'วันที่ 14'!H28+'วันที่ 15'!H28+'วันที่ 16'!H28+'วันที่ 17'!H28+'วันที่ 18'!H28+'วันที่ 19'!H28+'วันที่ 20'!H28+'วันที่ 21'!H28+'วันที่ 22'!H28+'วันที่ 23'!H28+'วันที่ 24'!H28+'วันที่ 25'!H28+'วันที่ 26'!H28+'วันที่ 27'!H28+'วันที่ 28'!H28+'วันที่ 29'!H28+'วันที่ 30'!H28+'วันที่ 31'!H28 -> 0 | I28: 100 | J28: =+'วันที่ 1'!J28+'วันที่ 2'!J28+'วันที่ 3'!J28+'วันที่ 4'!J28+'วันที่ 5'!J28+'วันที่ 6'!J28+'วันที่ 7'!J28+'วันที่ 8'!J28+'วันที่ 9'!J28+'วันที่ 10'!J28+'วันที่ 11'!J28+'วันที่ 12'!J28+'วันที่ 13'!J28+'วันที่ 14'!J28+'วันที่ 15'!J28+'วันที่ 16'!J28+'วันที่ 17'!J28+'วันที่ 18'!J28+'วันที่ 19'!J28+'วันที่ 20'!J28+'วันที่ 21'!J28+'วันที่ 22'!J28+'วันที่ 23'!J28+'วันที่ 24'!J28+'วันที่ 25'!J28+'วันที่ 26'!J28+'วันที่ 27'!J28+'วันที่ 28'!J28+'วันที่ 29'!J28+'วันที่ 30'!J28+'วันที่ 31'!J28 -> 0 | L28: 24 | M28: =+'วันที่ 24'!K207 -> 0 | N28: =+'วันที่ 24'!K212 -> 0 | O28: =+'วันที่ 24'!K210 -> 0 | P28: =+'วันที่ 24'!K208 -> 0 | Q28: =+'วันที่ 24'!K211 -> 0 | R28: =+'วันที่ 24'!K209 -> 0 | S28: =+M28-N28-P28-R28-Q28 -> 0 | T28: =+'วันที่ 24'!K214 -> 0 | U28: =+T28-S28 -> 0
A29: 25 | B29: ชิฟฟ่อน สอดไส้ 6 ชิ้น มะพร้าว | C29: =+'วันที่ 1'!C29 -> 0 | D29: =+'วันที่ 1'!D29+'วันที่ 2'!D29+'วันที่ 3'!D29+'วันที่ 4'!D29+'วันที่ 5'!D29+'วันที่ 6'!D29+'วันที่ 7'!D29+'วันที่ 8'!D29+'วันที่ 9'!D29+'วันที่ 10'!D29+'วันที่ 11'!D29+'วันที่ 12'!D29+'วันที่ 13'!D29+'วันที่ 14'!D29+'วันที่ 15'!D29+'วันที่ 16'!D29+'วันที่ 17'!D29+'วันที่ 18'!D29+'วันที่ 19'!D29+'วันที่ 20'!D29+'วันที่ 21'!D29+'วันที่ 22'!D29+'วันที่ 23'!D29+'วันที่ 24'!D29+'วันที่ 25'!D29+'วันที่ 26'!D29+'วันที่ 27'!D29+'วันที่ 28'!D29+'วันที่ 29'!D29+'วันที่ 30'!D29+'วันที่ 31'!D29 -> 0 | E29: =+C29+D29 -> 0 | F29: =+'วันที่ 1'!F29+'วันที่ 2'!F29+'วันที่ 3'!F29+'วันที่ 4'!F29+'วันที่ 5'!F29+'วันที่ 6'!F29+'วันที่ 7'!F29+'วันที่ 8'!F29+'วันที่ 9'!F29+'วันที่ 10'!F29+'วันที่ 11'!F29+'วันที่ 12'!F29+'วันที่ 13'!F29+'วันที่ 14'!F29+'วันที่ 15'!F29+'วันที่ 16'!F29+'วันที่ 17'!F29+'วันที่ 18'!F29+'วันที่ 19'!F29+'วันที่ 20'!F29+'วันที่ 21'!F29+'วันที่ 22'!F29+'วันที่ 23'!F29+'วันที่ 24'!F29+'วันที่ 25'!F29+'วันที่ 26'!F29+'วันที่ 27'!F29+'วันที่ 28'!F29+'วันที่ 29'!F29+'วันที่ 30'!F29+'วันที่ 31'!F29 -> 0 | G29: =E29-F29-H29 -> 0 | H29: =+'วันที่ 1'!H29+'วันที่ 2'!H29+'วันที่ 3'!H29+'วันที่ 4'!H29+'วันที่ 5'!H29+'วันที่ 6'!H29+'วันที่ 7'!H29+'วันที่ 8'!H29+'วันที่ 9'!H29+'วันที่ 10'!H29+'วันที่ 11'!H29+'วันที่ 12'!H29+'วันที่ 13'!H29+'วันที่ 14'!H29+'วันที่ 15'!H29+'วันที่ 16'!H29+'วันที่ 17'!H29+'วันที่ 18'!H29+'วันที่ 19'!H29+'วันที่ 20'!H29+'วันที่ 21'!H29+'วันที่ 22'!H29+'วันที่ 23'!H29+'วันที่ 24'!H29+'วันที่ 25'!H29+'วันที่ 26'!H29+'วันที่ 27'!H29+'วันที่ 28'!H29+'วันที่ 29'!H29+'วันที่ 30'!H29+'วันที่ 31'!H29 -> 0 | I29: 100 | J29: =+'วันที่ 1'!J29+'วันที่ 2'!J29+'วันที่ 3'!J29+'วันที่ 4'!J29+'วันที่ 5'!J29+'วันที่ 6'!J29+'วันที่ 7'!J29+'วันที่ 8'!J29+'วันที่ 9'!J29+'วันที่ 10'!J29+'วันที่ 11'!J29+'วันที่ 12'!J29+'วันที่ 13'!J29+'วันที่ 14'!J29+'วันที่ 15'!J29+'วันที่ 16'!J29+'วันที่ 17'!J29+'วันที่ 18'!J29+'วันที่ 19'!J29+'วันที่ 20'!J29+'วันที่ 21'!J29+'วันที่ 22'!J29+'วันที่ 23'!J29+'วันที่ 24'!J29+'วันที่ 25'!J29+'วันที่ 26'!J29+'วันที่ 27'!J29+'วันที่ 28'!J29+'วันที่ 29'!J29+'วันที่ 30'!J29+'วันที่ 31'!J29 -> 0 | L29: 25 | M29: =+'วันที่ 25'!K207 -> 0 | N29: =+'วันที่ 25'!K212 -> 0 | O29: =+'วันที่ 25'!K210 -> 0 | P29: =+'วันที่ 25'!K208 -> 0 | Q29: =+'วันที่ 25'!K211 -> 0 | R29: =+'วันที่ 25'!K209 -> 0 | S29: =+M29-N29-P29-R29-Q29 -> 0 | T29: =+'วันที่ 25'!K214 -> 0 | U29: =+T29-S29 -> 0
A30: 26 | B30: ชิฟฟ่อน สอดไส้ 6 ชิ้น ส้ม | C30: =+'วันที่ 1'!C30 -> 0 | D30: =+'วันที่ 1'!D30+'วันที่ 2'!D30+'วันที่ 3'!D30+'วันที่ 4'!D30+'วันที่ 5'!D30+'วันที่ 6'!D30+'วันที่ 7'!D30+'วันที่ 8'!D30+'วันที่ 9'!D30+'วันที่ 10'!D30+'วันที่ 11'!D30+'วันที่ 12'!D30+'วันที่ 13'!D30+'วันที่ 14'!D30+'วันที่ 15'!D30+'วันที่ 16'!D30+'วันที่ 17'!D30+'วันที่ 18'!D30+'วันที่ 19'!D30+'วันที่ 20'!D30+'วันที่ 21'!D30+'วันที่ 22'!D30+'วันที่ 23'!D30+'วันที่ 24'!D30+'วันที่ 25'!D30+'วันที่ 26'!D30+'วันที่ 27'!D30+'วันที่ 28'!D30+'วันที่ 29'!D30+'วันที่ 30'!D30+'วันที่ 31'!D30 -> 0 | E30: =+C30+D30 -> 0 | F30: =+'วันที่ 1'!F30+'วันที่ 2'!F30+'วันที่ 3'!F30+'วันที่ 4'!F30+'วันที่ 5'!F30+'วันที่ 6'!F30+'วันที่ 7'!F30+'วันที่ 8'!F30+'วันที่ 9'!F30+'วันที่ 10'!F30+'วันที่ 11'!F30+'วันที่ 12'!F30+'วันที่ 13'!F30+'วันที่ 14'!F30+'วันที่ 15'!F30+'วันที่ 16'!F30+'วันที่ 17'!F30+'วันที่ 18'!F30+'วันที่ 19'!F30+'วันที่ 20'!F30+'วันที่ 21'!F30+'วันที่ 22'!F30+'วันที่ 23'!F30+'วันที่ 24'!F30+'วันที่ 25'!F30+'วันที่ 26'!F30+'วันที่ 27'!F30+'วันที่ 28'!F30+'วันที่ 29'!F30+'วันที่ 30'!F30+'วันที่ 31'!F30 -> 0 | G30: =E30-F30-H30 -> 0 | H30: =+'วันที่ 1'!H30+'วันที่ 2'!H30+'วันที่ 3'!H30+'วันที่ 4'!H30+'วันที่ 5'!H30+'วันที่ 6'!H30+'วันที่ 7'!H30+'วันที่ 8'!H30+'วันที่ 9'!H30+'วันที่ 10'!H30+'วันที่ 11'!H30+'วันที่ 12'!H30+'วันที่ 13'!H30+'วันที่ 14'!H30+'วันที่ 15'!H30+'วันที่ 16'!H30+'วันที่ 17'!H30+'วันที่ 18'!H30+'วันที่ 19'!H30+'วันที่ 20'!H30+'วันที่ 21'!H30+'วันที่ 22'!H30+'วันที่ 23'!H30+'วันที่ 24'!H30+'วันที่ 25'!H30+'วันที่ 26'!H30+'วันที่ 27'!H30+'วันที่ 28'!H30+'วันที่ 29'!H30+'วันที่ 30'!H30+'วันที่ 31'!H30 -> 0 | I30: 100 | J30: =+'วันที่ 1'!J30+'วันที่ 2'!J30+'วันที่ 3'!J30+'วันที่ 4'!J30+'วันที่ 5'!J30+'วันที่ 6'!J30+'วันที่ 7'!J30+'วันที่ 8'!J30+'วันที่ 9'!J30+'วันที่ 10'!J30+'วันที่ 11'!J30+'วันที่ 12'!J30+'วันที่ 13'!J30+'วันที่ 14'!J30+'วันที่ 15'!J30+'วันที่ 16'!J30+'วันที่ 17'!J30+'วันที่ 18'!J30+'วันที่ 19'!J30+'วันที่ 20'!J30+'วันที่ 21'!J30+'วันที่ 22'!J30+'วันที่ 23'!J30+'วันที่ 24'!J30+'วันที่ 25'!J30+'วันที่ 26'!J30+'วันที่ 27'!J30+'วันที่ 28'!J30+'วันที่ 29'!J30+'วันที่ 30'!J30+'วันที่ 31'!J30 -> 0 | L30: 26 | M30: =+'วันที่ 26'!K207 -> 0 | N30: =+'วันที่ 26'!K212 -> 0 | O30: =+'วันที่ 26'!K210 -> 0 | P30: =+'วันที่ 26'!K208 -> 0 | Q30: =+'วันที่ 26'!K211 -> 0 | R30: =+'วันที่ 26'!K209 -> 0 | S30: =+M30-N30-P30-R30-Q30 -> 0 | T30: =+'วันที่ 26'!K214 -> 0 | U30: =+T30-S30 -> 0
A31: 27 | B31: ชิฟฟ่อน สอดไส้ 6 ชิ้น สตรอเบอรี่ | C31: =+'วันที่ 1'!C31 -> 0 | D31: =+'วันที่ 1'!D31+'วันที่ 2'!D31+'วันที่ 3'!D31+'วันที่ 4'!D31+'วันที่ 5'!D31+'วันที่ 6'!D31+'วันที่ 7'!D31+'วันที่ 8'!D31+'วันที่ 9'!D31+'วันที่ 10'!D31+'วันที่ 11'!D31+'วันที่ 12'!D31+'วันที่ 13'!D31+'วันที่ 14'!D31+'วันที่ 15'!D31+'วันที่ 16'!D31+'วันที่ 17'!D31+'วันที่ 18'!D31+'วันที่ 19'!D31+'วันที่ 20'!D31+'วันที่ 21'!D31+'วันที่ 22'!D31+'วันที่ 23'!D31+'วันที่ 24'!D31+'วันที่ 25'!D31+'วันที่ 26'!D31+'วันที่ 27'!D31+'วันที่ 28'!D31+'วันที่ 29'!D31+'วันที่ 30'!D31+'วันที่ 31'!D31 -> 0 | E31: =+C31+D31 -> 0 | F31: =+'วันที่ 1'!F31+'วันที่ 2'!F31+'วันที่ 3'!F31+'วันที่ 4'!F31+'วันที่ 5'!F31+'วันที่ 6'!F31+'วันที่ 7'!F31+'วันที่ 8'!F31+'วันที่ 9'!F31+'วันที่ 10'!F31+'วันที่ 11'!F31+'วันที่ 12'!F31+'วันที่ 13'!F31+'วันที่ 14'!F31+'วันที่ 15'!F31+'วันที่ 16'!F31+'วันที่ 17'!F31+'วันที่ 18'!F31+'วันที่ 19'!F31+'วันที่ 20'!F31+'วันที่ 21'!F31+'วันที่ 22'!F31+'วันที่ 23'!F31+'วันที่ 24'!F31+'วันที่ 25'!F31+'วันที่ 26'!F31+'วันที่ 27'!F31+'วันที่ 28'!F31+'วันที่ 29'!F31+'วันที่ 30'!F31+'วันที่ 31'!F31 -> 0 | G31: =E31-F31-H31 -> 0 | H31: =+'วันที่ 1'!H31+'วันที่ 2'!H31+'วันที่ 3'!H31+'วันที่ 4'!H31+'วันที่ 5'!H31+'วันที่ 6'!H31+'วันที่ 7'!H31+'วันที่ 8'!H31+'วันที่ 9'!H31+'วันที่ 10'!H31+'วันที่ 11'!H31+'วันที่ 12'!H31+'วันที่ 13'!H31+'วันที่ 14'!H31+'วันที่ 15'!H31+'วันที่ 16'!H31+'วันที่ 17'!H31+'วันที่ 18'!H31+'วันที่ 19'!H31+'วันที่ 20'!H31+'วันที่ 21'!H31+'วันที่ 22'!H31+'วันที่ 23'!H31+'วันที่ 24'!H31+'วันที่ 25'!H31+'วันที่ 26'!H31+'วันที่ 27'!H31+'วันที่ 28'!H31+'วันที่ 29'!H31+'วันที่ 30'!H31+'วันที่ 31'!H31 -> 0 | I31: 100 | J31: =+'วันที่ 1'!J31+'วันที่ 2'!J31+'วันที่ 3'!J31+'วันที่ 4'!J31+'วันที่ 5'!J31+'วันที่ 6'!J31+'วันที่ 7'!J31+'วันที่ 8'!J31+'วันที่ 9'!J31+'วันที่ 10'!J31+'วันที่ 11'!J31+'วันที่ 12'!J31+'วันที่ 13'!J31+'วันที่ 14'!J31+'วันที่ 15'!J31+'วันที่ 16'!J31+'วันที่ 17'!J31+'วันที่ 18'!J31+'วันที่ 19'!J31+'วันที่ 20'!J31+'วันที่ 21'!J31+'วันที่ 22'!J31+'วันที่ 23'!J31+'วันที่ 24'!J31+'วันที่ 25'!J31+'วันที่ 26'!J31+'วันที่ 27'!J31+'วันที่ 28'!J31+'วันที่ 29'!J31+'วันที่ 30'!J31+'วันที่ 31'!J31 -> 0 | L31: 27 | M31: =+'วันที่ 27'!K207 -> 0 | N31: =+'วันที่ 27'!K212 -> 0 | O31: =+'วันที่ 27'!K210 -> 0 | P31: =+'วันที่ 27'!K208 -> 0 | Q31: =+'วันที่ 27'!K211 -> 0 | R31: =+'วันที่ 27'!K209 -> 0 | S31: =+M31-N31-P31-R31-Q31 -> 0 | T31: =+'วันที่ 27'!K214 -> 0 | U31: =+T31-S31 -> 0
A32: 28 | B32: ชิฟฟ่อน สอดไส้ (ญ) 8 ชิ้น ใบเตย | C32: =+'วันที่ 1'!C32 -> 0 | D32: =+'วันที่ 1'!D32+'วันที่ 2'!D32+'วันที่ 3'!D32+'วันที่ 4'!D32+'วันที่ 5'!D32+'วันที่ 6'!D32+'วันที่ 7'!D32+'วันที่ 8'!D32+'วันที่ 9'!D32+'วันที่ 10'!D32+'วันที่ 11'!D32+'วันที่ 12'!D32+'วันที่ 13'!D32+'วันที่ 14'!D32+'วันที่ 15'!D32+'วันที่ 16'!D32+'วันที่ 17'!D32+'วันที่ 18'!D32+'วันที่ 19'!D32+'วันที่ 20'!D32+'วันที่ 21'!D32+'วันที่ 22'!D32+'วันที่ 23'!D32+'วันที่ 24'!D32+'วันที่ 25'!D32+'วันที่ 26'!D32+'วันที่ 27'!D32+'วันที่ 28'!D32+'วันที่ 29'!D32+'วันที่ 30'!D32+'วันที่ 31'!D32 -> 0 | E32: =+C32+D32 -> 0 | F32: =+'วันที่ 1'!F32+'วันที่ 2'!F32+'วันที่ 3'!F32+'วันที่ 4'!F32+'วันที่ 5'!F32+'วันที่ 6'!F32+'วันที่ 7'!F32+'วันที่ 8'!F32+'วันที่ 9'!F32+'วันที่ 10'!F32+'วันที่ 11'!F32+'วันที่ 12'!F32+'วันที่ 13'!F32+'วันที่ 14'!F32+'วันที่ 15'!F32+'วันที่ 16'!F32+'วันที่ 17'!F32+'วันที่ 18'!F32+'วันที่ 19'!F32+'วันที่ 20'!F32+'วันที่ 21'!F32+'วันที่ 22'!F32+'วันที่ 23'!F32+'วันที่ 24'!F32+'วันที่ 25'!F32+'วันที่ 26'!F32+'วันที่ 27'!F32+'วันที่ 28'!F32+'วันที่ 29'!F32+'วันที่ 30'!F32+'วันที่ 31'!F32 -> 0 | G32: =E32-F32-H32 -> 0 | H32: =+'วันที่ 1'!H32+'วันที่ 2'!H32+'วันที่ 3'!H32+'วันที่ 4'!H32+'วันที่ 5'!H32+'วันที่ 6'!H32+'วันที่ 7'!H32+'วันที่ 8'!H32+'วันที่ 9'!H32+'วันที่ 10'!H32+'วันที่ 11'!H32+'วันที่ 12'!H32+'วันที่ 13'!H32+'วันที่ 14'!H32+'วันที่ 15'!H32+'วันที่ 16'!H32+'วันที่ 17'!H32+'วันที่ 18'!H32+'วันที่ 19'!H32+'วันที่ 20'!H32+'วันที่ 21'!H32+'วันที่ 22'!H32+'วันที่ 23'!H32+'วันที่ 24'!H32+'วันที่ 25'!H32+'วันที่ 26'!H32+'วันที่ 27'!H32+'วันที่ 28'!H32+'วันที่ 29'!H32+'วันที่ 30'!H32+'วันที่ 31'!H32 -> 0 | I32: 130 | J32: =+'วันที่ 1'!J32+'วันที่ 2'!J32+'วันที่ 3'!J32+'วันที่ 4'!J32+'วันที่ 5'!J32+'วันที่ 6'!J32+'วันที่ 7'!J32+'วันที่ 8'!J32+'วันที่ 9'!J32+'วันที่ 10'!J32+'วันที่ 11'!J32+'วันที่ 12'!J32+'วันที่ 13'!J32+'วันที่ 14'!J32+'วันที่ 15'!J32+'วันที่ 16'!J32+'วันที่ 17'!J32+'วันที่ 18'!J32+'วันที่ 19'!J32+'วันที่ 20'!J32+'วันที่ 21'!J32+'วันที่ 22'!J32+'วันที่ 23'!J32+'วันที่ 24'!J32+'วันที่ 25'!J32+'วันที่ 26'!J32+'วันที่ 27'!J32+'วันที่ 28'!J32+'วันที่ 29'!J32+'วันที่ 30'!J32+'วันที่ 31'!J32 -> 0 | L32: 28 | M32: =+'วันที่ 28'!K207 -> 0 | N32: =+'วันที่ 28'!K212 -> 0 | O32: =+'วันที่ 28'!K210 -> 0 | P32: =+'วันที่ 28'!K208 -> 0 | Q32: =+'วันที่ 28'!K211 -> 0 | R32: =+'วันที่ 28'!K209 -> 0 | S32: =+M32-N32-P32-R32-Q32 -> 0 | T32: =+'วันที่ 28'!K214 -> 0 | U32: =+T32-S32 -> 0
A33: 29 | B33: ชิฟฟ่อน สอดไส้ (ญ) 8 ชิ้น ทูโทนใบเตย | C33: =+'วันที่ 1'!C33 -> 0 | D33: =+'วันที่ 1'!D33+'วันที่ 2'!D33+'วันที่ 3'!D33+'วันที่ 4'!D33+'วันที่ 5'!D33+'วันที่ 6'!D33+'วันที่ 7'!D33+'วันที่ 8'!D33+'วันที่ 9'!D33+'วันที่ 10'!D33+'วันที่ 11'!D33+'วันที่ 12'!D33+'วันที่ 13'!D33+'วันที่ 14'!D33+'วันที่ 15'!D33+'วันที่ 16'!D33+'วันที่ 17'!D33+'วันที่ 18'!D33+'วันที่ 19'!D33+'วันที่ 20'!D33+'วันที่ 21'!D33+'วันที่ 22'!D33+'วันที่ 23'!D33+'วันที่ 24'!D33+'วันที่ 25'!D33+'วันที่ 26'!D33+'วันที่ 27'!D33+'วันที่ 28'!D33+'วันที่ 29'!D33+'วันที่ 30'!D33+'วันที่ 31'!D33 -> 0 | E33: =+C33+D33 -> 0 | F33: =+'วันที่ 1'!F33+'วันที่ 2'!F33+'วันที่ 3'!F33+'วันที่ 4'!F33+'วันที่ 5'!F33+'วันที่ 6'!F33+'วันที่ 7'!F33+'วันที่ 8'!F33+'วันที่ 9'!F33+'วันที่ 10'!F33+'วันที่ 11'!F33+'วันที่ 12'!F33+'วันที่ 13'!F33+'วันที่ 14'!F33+'วันที่ 15'!F33+'วันที่ 16'!F33+'วันที่ 17'!F33+'วันที่ 18'!F33+'วันที่ 19'!F33+'วันที่ 20'!F33+'วันที่ 21'!F33+'วันที่ 22'!F33+'วันที่ 23'!F33+'วันที่ 24'!F33+'วันที่ 25'!F33+'วันที่ 26'!F33+'วันที่ 27'!F33+'วันที่ 28'!F33+'วันที่ 29'!F33+'วันที่ 30'!F33+'วันที่ 31'!F33 -> 0 | G33: =E33-F33-H33 -> 0 | H33: =+'วันที่ 1'!H33+'วันที่ 2'!H33+'วันที่ 3'!H33+'วันที่ 4'!H33+'วันที่ 5'!H33+'วันที่ 6'!H33+'วันที่ 7'!H33+'วันที่ 8'!H33+'วันที่ 9'!H33+'วันที่ 10'!H33+'วันที่ 11'!H33+'วันที่ 12'!H33+'วันที่ 13'!H33+'วันที่ 14'!H33+'วันที่ 15'!H33+'วันที่ 16'!H33+'วันที่ 17'!H33+'วันที่ 18'!H33+'วันที่ 19'!H33+'วันที่ 20'!H33+'วันที่ 21'!H33+'วันที่ 22'!H33+'วันที่ 23'!H33+'วันที่ 24'!H33+'วันที่ 25'!H33+'วันที่ 26'!H33+'วันที่ 27'!H33+'วันที่ 28'!H33+'วันที่ 29'!H33+'วันที่ 30'!H33+'วันที่ 31'!H33 -> 0 | I33: 130 | J33: =+'วันที่ 1'!J33+'วันที่ 2'!J33+'วันที่ 3'!J33+'วันที่ 4'!J33+'วันที่ 5'!J33+'วันที่ 6'!J33+'วันที่ 7'!J33+'วันที่ 8'!J33+'วันที่ 9'!J33+'วันที่ 10'!J33+'วันที่ 11'!J33+'วันที่ 12'!J33+'วันที่ 13'!J33+'วันที่ 14'!J33+'วันที่ 15'!J33+'วันที่ 16'!J33+'วันที่ 17'!J33+'วันที่ 18'!J33+'วันที่ 19'!J33+'วันที่ 20'!J33+'วันที่ 21'!J33+'วันที่ 22'!J33+'วันที่ 23'!J33+'วันที่ 24'!J33+'วันที่ 25'!J33+'วันที่ 26'!J33+'วันที่ 27'!J33+'วันที่ 28'!J33+'วันที่ 29'!J33+'วันที่ 30'!J33+'วันที่ 31'!J33 -> 0 | L33: 29 | M33: =+'วันที่ 29'!K207 -> 0 | N33: =+'วันที่ 29'!K212 -> 0 | O33: =+'วันที่ 29'!K210 -> 0 | P33: =+'วันที่ 29'!K208 -> 0 | Q33: =+'วันที่ 29'!K211 -> 0 | R33: =+'วันที่ 29'!K209 -> 0 | S33: =+M33-N33-P33-R33-Q33 -> 0 | T33: =+'วันที่ 29'!K214 -> 0 | U33: =+T33-S33 -> 0
A34: 30 | B34: ชิฟฟ่อน สอดไส้ (ญ) 8 ชิ้น รวมรส | C34: =+'วันที่ 1'!C34 -> 3 | D34: =+'วันที่ 1'!D34+'วันที่ 2'!D34+'วันที่ 3'!D34+'วันที่ 4'!D34+'วันที่ 5'!D34+'วันที่ 6'!D34+'วันที่ 7'!D34+'วันที่ 8'!D34+'วันที่ 9'!D34+'วันที่ 10'!D34+'วันที่ 11'!D34+'วันที่ 12'!D34+'วันที่ 13'!D34+'วันที่ 14'!D34+'วันที่ 15'!D34+'วันที่ 16'!D34+'วันที่ 17'!D34+'วันที่ 18'!D34+'วันที่ 19'!D34+'วันที่ 20'!D34+'วันที่ 21'!D34+'วันที่ 22'!D34+'วันที่ 23'!D34+'วันที่ 24'!D34+'วันที่ 25'!D34+'วันที่ 26'!D34+'วันที่ 27'!D34+'วันที่ 28'!D34+'วันที่ 29'!D34+'วันที่ 30'!D34+'วันที่ 31'!D34 -> 16 | E34: =+C34+D34 -> 19 | F34: =+'วันที่ 1'!F34+'วันที่ 2'!F34+'วันที่ 3'!F34+'วันที่ 4'!F34+'วันที่ 5'!F34+'วันที่ 6'!F34+'วันที่ 7'!F34+'วันที่ 8'!F34+'วันที่ 9'!F34+'วันที่ 10'!F34+'วันที่ 11'!F34+'วันที่ 12'!F34+'วันที่ 13'!F34+'วันที่ 14'!F34+'วันที่ 15'!F34+'วันที่ 16'!F34+'วันที่ 17'!F34+'วันที่ 18'!F34+'วันที่ 19'!F34+'วันที่ 20'!F34+'วันที่ 21'!F34+'วันที่ 22'!F34+'วันที่ 23'!F34+'วันที่ 24'!F34+'วันที่ 25'!F34+'วันที่ 26'!F34+'วันที่ 27'!F34+'วันที่ 28'!F34+'วันที่ 29'!F34+'วันที่ 30'!F34+'วันที่ 31'!F34 -> 0 | G34: =E34-F34-H34 -> 0 | H34: =+'วันที่ 1'!H34+'วันที่ 2'!H34+'วันที่ 3'!H34+'วันที่ 4'!H34+'วันที่ 5'!H34+'วันที่ 6'!H34+'วันที่ 7'!H34+'วันที่ 8'!H34+'วันที่ 9'!H34+'วันที่ 10'!H34+'วันที่ 11'!H34+'วันที่ 12'!H34+'วันที่ 13'!H34+'วันที่ 14'!H34+'วันที่ 15'!H34+'วันที่ 16'!H34+'วันที่ 17'!H34+'วันที่ 18'!H34+'วันที่ 19'!H34+'วันที่ 20'!H34+'วันที่ 21'!H34+'วันที่ 22'!H34+'วันที่ 23'!H34+'วันที่ 24'!H34+'วันที่ 25'!H34+'วันที่ 26'!H34+'วันที่ 27'!H34+'วันที่ 28'!H34+'วันที่ 29'!H34+'วันที่ 30'!H34+'วันที่ 31'!H34 -> 19 | I34: 130 | J34: =+'วันที่ 1'!J34+'วันที่ 2'!J34+'วันที่ 3'!J34+'วันที่ 4'!J34+'วันที่ 5'!J34+'วันที่ 6'!J34+'วันที่ 7'!J34+'วันที่ 8'!J34+'วันที่ 9'!J34+'วันที่ 10'!J34+'วันที่ 11'!J34+'วันที่ 12'!J34+'วันที่ 13'!J34+'วันที่ 14'!J34+'วันที่ 15'!J34+'วันที่ 16'!J34+'วันที่ 17'!J34+'วันที่ 18'!J34+'วันที่ 19'!J34+'วันที่ 20'!J34+'วันที่ 21'!J34+'วันที่ 22'!J34+'วันที่ 23'!J34+'วันที่ 24'!J34+'วันที่ 25'!J34+'วันที่ 26'!J34+'วันที่ 27'!J34+'วันที่ 28'!J34+'วันที่ 29'!J34+'วันที่ 30'!J34+'วันที่ 31'!J34 -> 2470 | L34: 30 | M34: =+'วันที่ 30'!K207 -> 0 | N34: =+'วันที่ 30'!K212 -> 0 | O34: =+'วันที่ 30'!K210 -> 0 | P34: =+'วันที่ 30'!K208 -> 0 | Q34: =+'วันที่ 30'!K211 -> 0 | R34: =+'วันที่ 30'!K209 -> 0 | S34: =+M34-N34-P34-R34-Q34 -> 0 | T34: =+'วันที่ 30'!K214 -> 0 | U34: =+T34-S34 -> 0
A35: 31 | B35: ชิฟฟ่อน สอดไส้ (ญ) 8 ชิ้น มะพร้าว | C35: =+'วันที่ 1'!C35 -> 3 | D35: =+'วันที่ 1'!D35+'วันที่ 2'!D35+'วันที่ 3'!D35+'วันที่ 4'!D35+'วันที่ 5'!D35+'วันที่ 6'!D35+'วันที่ 7'!D35+'วันที่ 8'!D35+'วันที่ 9'!D35+'วันที่ 10'!D35+'วันที่ 11'!D35+'วันที่ 12'!D35+'วันที่ 13'!D35+'วันที่ 14'!D35+'วันที่ 15'!D35+'วันที่ 16'!D35+'วันที่ 17'!D35+'วันที่ 18'!D35+'วันที่ 19'!D35+'วันที่ 20'!D35+'วันที่ 21'!D35+'วันที่ 22'!D35+'วันที่ 23'!D35+'วันที่ 24'!D35+'วันที่ 25'!D35+'วันที่ 26'!D35+'วันที่ 27'!D35+'วันที่ 28'!D35+'วันที่ 29'!D35+'วันที่ 30'!D35+'วันที่ 31'!D35 -> 26 | E35: =+C35+D35 -> 29 | F35: =+'วันที่ 1'!F35+'วันที่ 2'!F35+'วันที่ 3'!F35+'วันที่ 4'!F35+'วันที่ 5'!F35+'วันที่ 6'!F35+'วันที่ 7'!F35+'วันที่ 8'!F35+'วันที่ 9'!F35+'วันที่ 10'!F35+'วันที่ 11'!F35+'วันที่ 12'!F35+'วันที่ 13'!F35+'วันที่ 14'!F35+'วันที่ 15'!F35+'วันที่ 16'!F35+'วันที่ 17'!F35+'วันที่ 18'!F35+'วันที่ 19'!F35+'วันที่ 20'!F35+'วันที่ 21'!F35+'วันที่ 22'!F35+'วันที่ 23'!F35+'วันที่ 24'!F35+'วันที่ 25'!F35+'วันที่ 26'!F35+'วันที่ 27'!F35+'วันที่ 28'!F35+'วันที่ 29'!F35+'วันที่ 30'!F35+'วันที่ 31'!F35 -> 0 | G35: =E35-F35-H35 -> 1 | H35: =+'วันที่ 1'!H35+'วันที่ 2'!H35+'วันที่ 3'!H35+'วันที่ 4'!H35+'วันที่ 5'!H35+'วันที่ 6'!H35+'วันที่ 7'!H35+'วันที่ 8'!H35+'วันที่ 9'!H35+'วันที่ 10'!H35+'วันที่ 11'!H35+'วันที่ 12'!H35+'วันที่ 13'!H35+'วันที่ 14'!H35+'วันที่ 15'!H35+'วันที่ 16'!H35+'วันที่ 17'!H35+'วันที่ 18'!H35+'วันที่ 19'!H35+'วันที่ 20'!H35+'วันที่ 21'!H35+'วันที่ 22'!H35+'วันที่ 23'!H35+'วันที่ 24'!H35+'วันที่ 25'!H35+'วันที่ 26'!H35+'วันที่ 27'!H35+'วันที่ 28'!H35+'วันที่ 29'!H35+'วันที่ 30'!H35+'วันที่ 31'!H35 -> 28 | I35: 130 | J35: =+'วันที่ 1'!J35+'วันที่ 2'!J35+'วันที่ 3'!J35+'วันที่ 4'!J35+'วันที่ 5'!J35+'วันที่ 6'!J35+'วันที่ 7'!J35+'วันที่ 8'!J35+'วันที่ 9'!J35+'วันที่ 10'!J35+'วันที่ 11'!J35+'วันที่ 12'!J35+'วันที่ 13'!J35+'วันที่ 14'!J35+'วันที่ 15'!J35+'วันที่ 16'!J35+'วันที่ 17'!J35+'วันที่ 18'!J35+'วันที่ 19'!J35+'วันที่ 20'!J35+'วันที่ 21'!J35+'วันที่ 22'!J35+'วันที่ 23'!J35+'วันที่ 24'!J35+'วันที่ 25'!J35+'วันที่ 26'!J35+'วันที่ 27'!J35+'วันที่ 28'!J35+'วันที่ 29'!J35+'วันที่ 30'!J35+'วันที่ 31'!J35 -> 3640 | L35: 31 | M35: =+'วันที่ 31'!K207 -> 0 | N35: =+'วันที่ 31'!K212 -> 0 | O35: =+'วันที่ 31'!K210 -> 0 | P35: =+'วันที่ 31'!K208 -> 0 | Q35: =+'วันที่ 31'!K211 -> 0 | R35: =+'วันที่ 31'!K209 -> 0 | S35: =+M35-N35-P35-R35-Q35 -> 0 | T35: =+'วันที่ 31'!K214 -> 0 | U35: =+T35-S35 -> 0
A36: 32 | B36: ชิฟฟ่อน 8 ชิ้น มะลิ | C36: =+'วันที่ 1'!C36 -> 0 | D36: =+'วันที่ 1'!D36+'วันที่ 2'!D36+'วันที่ 3'!D36+'วันที่ 4'!D36+'วันที่ 5'!D36+'วันที่ 6'!D36+'วันที่ 7'!D36+'วันที่ 8'!D36+'วันที่ 9'!D36+'วันที่ 10'!D36+'วันที่ 11'!D36+'วันที่ 12'!D36+'วันที่ 13'!D36+'วันที่ 14'!D36+'วันที่ 15'!D36+'วันที่ 16'!D36+'วันที่ 17'!D36+'วันที่ 18'!D36+'วันที่ 19'!D36+'วันที่ 20'!D36+'วันที่ 21'!D36+'วันที่ 22'!D36+'วันที่ 23'!D36+'วันที่ 24'!D36+'วันที่ 25'!D36+'วันที่ 26'!D36+'วันที่ 27'!D36+'วันที่ 28'!D36+'วันที่ 29'!D36+'วันที่ 30'!D36+'วันที่ 31'!D36 -> 0 | E36: =+C36+D36 -> 0 | F36: =+'วันที่ 1'!F36+'วันที่ 2'!F36+'วันที่ 3'!F36+'วันที่ 4'!F36+'วันที่ 5'!F36+'วันที่ 6'!F36+'วันที่ 7'!F36+'วันที่ 8'!F36+'วันที่ 9'!F36+'วันที่ 10'!F36+'วันที่ 11'!F36+'วันที่ 12'!F36+'วันที่ 13'!F36+'วันที่ 14'!F36+'วันที่ 15'!F36+'วันที่ 16'!F36+'วันที่ 17'!F36+'วันที่ 18'!F36+'วันที่ 19'!F36+'วันที่ 20'!F36+'วันที่ 21'!F36+'วันที่ 22'!F36+'วันที่ 23'!F36+'วันที่ 24'!F36+'วันที่ 25'!F36+'วันที่ 26'!F36+'วันที่ 27'!F36+'วันที่ 28'!F36+'วันที่ 29'!F36+'วันที่ 30'!F36+'วันที่ 31'!F36 -> 0 | G36: =E36-F36-H36 -> 0 | H36: =+'วันที่ 1'!H36+'วันที่ 2'!H36+'วันที่ 3'!H36+'วันที่ 4'!H36+'วันที่ 5'!H36+'วันที่ 6'!H36+'วันที่ 7'!H36+'วันที่ 8'!H36+'วันที่ 9'!H36+'วันที่ 10'!H36+'วันที่ 11'!H36+'วันที่ 12'!H36+'วันที่ 13'!H36+'วันที่ 14'!H36+'วันที่ 15'!H36+'วันที่ 16'!H36+'วันที่ 17'!H36+'วันที่ 18'!H36+'วันที่ 19'!H36+'วันที่ 20'!H36+'วันที่ 21'!H36+'วันที่ 22'!H36+'วันที่ 23'!H36+'วันที่ 24'!H36+'วันที่ 25'!H36+'วันที่ 26'!H36+'วันที่ 27'!H36+'วันที่ 28'!H36+'วันที่ 29'!H36+'วันที่ 30'!H36+'วันที่ 31'!H36 -> 0 | I36: 100 | J36: =+'วันที่ 1'!J36+'วันที่ 2'!J36+'วันที่ 3'!J36+'วันที่ 4'!J36+'วันที่ 5'!J36+'วันที่ 6'!J36+'วันที่ 7'!J36+'วันที่ 8'!J36+'วันที่ 9'!J36+'วันที่ 10'!J36+'วันที่ 11'!J36+'วันที่ 12'!J36+'วันที่ 13'!J36+'วันที่ 14'!J36+'วันที่ 15'!J36+'วันที่ 16'!J36+'วันที่ 17'!J36+'วันที่ 18'!J36+'วันที่ 19'!J36+'วันที่ 20'!J36+'วันที่ 21'!J36+'วันที่ 22'!J36+'วันที่ 23'!J36+'วันที่ 24'!J36+'วันที่ 25'!J36+'วันที่ 26'!J36+'วันที่ 27'!J36+'วันที่ 28'!J36+'วันที่ 29'!J36+'วันที่ 30'!J36+'วันที่ 31'!J36 -> 0 | L36: รวม | M36: =SUM(M5:M35) -> 51165 | N36: =SUM(N5:N35) -> 2005 | O36: =SUM(O5:O35) -> 0 | P36: =SUM(P5:P35) -> 0 | Q36: =SUM(Q5:Q35) -> 0 | R36: =SUM(R5:R35) -> 4460 | S36: =SUM(S5:S35) -> 44700 | T36: =SUM(T5:T35) -> 44700 | U36: =SUM(U5:U35) -> 0
A37: 33 | B37: ชิฟฟ่อนรวมรส ยอดฮิต 8 ชิ้น | C37: =+'วันที่ 1'!C37 -> 2 | D37: =+'วันที่ 1'!D37+'วันที่ 2'!D37+'วันที่ 3'!D37+'วันที่ 4'!D37+'วันที่ 5'!D37+'วันที่ 6'!D37+'วันที่ 7'!D37+'วันที่ 8'!D37+'วันที่ 9'!D37+'วันที่ 10'!D37+'วันที่ 11'!D37+'วันที่ 12'!D37+'วันที่ 13'!D37+'วันที่ 14'!D37+'วันที่ 15'!D37+'วันที่ 16'!D37+'วันที่ 17'!D37+'วันที่ 18'!D37+'วันที่ 19'!D37+'วันที่ 20'!D37+'วันที่ 21'!D37+'วันที่ 22'!D37+'วันที่ 23'!D37+'วันที่ 24'!D37+'วันที่ 25'!D37+'วันที่ 26'!D37+'วันที่ 27'!D37+'วันที่ 28'!D37+'วันที่ 29'!D37+'วันที่ 30'!D37+'วันที่ 31'!D37 -> 30 | E37: =+C37+D37 -> 32 | F37: =+'วันที่ 1'!F37+'วันที่ 2'!F37+'วันที่ 3'!F37+'วันที่ 4'!F37+'วันที่ 5'!F37+'วันที่ 6'!F37+'วันที่ 7'!F37+'วันที่ 8'!F37+'วันที่ 9'!F37+'วันที่ 10'!F37+'วันที่ 11'!F37+'วันที่ 12'!F37+'วันที่ 13'!F37+'วันที่ 14'!F37+'วันที่ 15'!F37+'วันที่ 16'!F37+'วันที่ 17'!F37+'วันที่ 18'!F37+'วันที่ 19'!F37+'วันที่ 20'!F37+'วันที่ 21'!F37+'วันที่ 22'!F37+'วันที่ 23'!F37+'วันที่ 24'!F37+'วันที่ 25'!F37+'วันที่ 26'!F37+'วันที่ 27'!F37+'วันที่ 28'!F37+'วันที่ 29'!F37+'วันที่ 30'!F37+'วันที่ 31'!F37 -> 0 | G37: =E37-F37-H37 -> 0 | H37: =+'วันที่ 1'!H37+'วันที่ 2'!H37+'วันที่ 3'!H37+'วันที่ 4'!H37+'วันที่ 5'!H37+'วันที่ 6'!H37+'วันที่ 7'!H37+'วันที่ 8'!H37+'วันที่ 9'!H37+'วันที่ 10'!H37+'วันที่ 11'!H37+'วันที่ 12'!H37+'วันที่ 13'!H37+'วันที่ 14'!H37+'วันที่ 15'!H37+'วันที่ 16'!H37+'วันที่ 17'!H37+'วันที่ 18'!H37+'วันที่ 19'!H37+'วันที่ 20'!H37+'วันที่ 21'!H37+'วันที่ 22'!H37+'วันที่ 23'!H37+'วันที่ 24'!H37+'วันที่ 25'!H37+'วันที่ 26'!H37+'วันที่ 27'!H37+'วันที่ 28'!H37+'วันที่ 29'!H37+'วันที่ 30'!H37+'วันที่ 31'!H37 -> 32 | I37: 100 | J37: =+'วันที่ 1'!J37+'วันที่ 2'!J37+'วันที่ 3'!J37+'วันที่ 4'!J37+'วันที่ 5'!J37+'วันที่ 6'!J37+'วันที่ 7'!J37+'วันที่ 8'!J37+'วันที่ 9'!J37+'วันที่ 10'!J37+'วันที่ 11'!J37+'วันที่ 12'!J37+'วันที่ 13'!J37+'วันที่ 14'!J37+'วันที่ 15'!J37+'วันที่ 16'!J37+'วันที่ 17'!J37+'วันที่ 18'!J37+'วันที่ 19'!J37+'วันที่ 20'!J37+'วันที่ 21'!J37+'วันที่ 22'!J37+'วันที่ 23'!J37+'วันที่ 24'!J37+'วันที่ 25'!J37+'วันที่ 26'!J37+'วันที่ 27'!J37+'วันที่ 28'!J37+'วันที่ 29'!J37+'วันที่ 30'!J37+'วันที่ 31'!J37 -> 3200
A38: 34 | B38: ครีมฮอร์น วนิลา | C38: =+'วันที่ 1'!C38 -> 0 | D38: =+'วันที่ 1'!D38+'วันที่ 2'!D38+'วันที่ 3'!D38+'วันที่ 4'!D38+'วันที่ 5'!D38+'วันที่ 6'!D38+'วันที่ 7'!D38+'วันที่ 8'!D38+'วันที่ 9'!D38+'วันที่ 10'!D38+'วันที่ 11'!D38+'วันที่ 12'!D38+'วันที่ 13'!D38+'วันที่ 14'!D38+'วันที่ 15'!D38+'วันที่ 16'!D38+'วันที่ 17'!D38+'วันที่ 18'!D38+'วันที่ 19'!D38+'วันที่ 20'!D38+'วันที่ 21'!D38+'วันที่ 22'!D38+'วันที่ 23'!D38+'วันที่ 24'!D38+'วันที่ 25'!D38+'วันที่ 26'!D38+'วันที่ 27'!D38+'วันที่ 28'!D38+'วันที่ 29'!D38+'วันที่ 30'!D38+'วันที่ 31'!D38 -> 12 | E38: =+C38+D38 -> 12 | F38: =+'วันที่ 1'!F38+'วันที่ 2'!F38+'วันที่ 3'!F38+'วันที่ 4'!F38+'วันที่ 5'!F38+'วันที่ 6'!F38+'วันที่ 7'!F38+'วันที่ 8'!F38+'วันที่ 9'!F38+'วันที่ 10'!F38+'วันที่ 11'!F38+'วันที่ 12'!F38+'วันที่ 13'!F38+'วันที่ 14'!F38+'วันที่ 15'!F38+'วันที่ 16'!F38+'วันที่ 17'!F38+'วันที่ 18'!F38+'วันที่ 19'!F38+'วันที่ 20'!F38+'วันที่ 21'!F38+'วันที่ 22'!F38+'วันที่ 23'!F38+'วันที่ 24'!F38+'วันที่ 25'!F38+'วันที่ 26'!F38+'วันที่ 27'!F38+'วันที่ 28'!F38+'วันที่ 29'!F38+'วันที่ 30'!F38+'วันที่ 31'!F38 -> 0 | G38: =E38-F38-H38 -> 3 | H38: =+'วันที่ 1'!H38+'วันที่ 2'!H38+'วันที่ 3'!H38+'วันที่ 4'!H38+'วันที่ 5'!H38+'วันที่ 6'!H38+'วันที่ 7'!H38+'วันที่ 8'!H38+'วันที่ 9'!H38+'วันที่ 10'!H38+'วันที่ 11'!H38+'วันที่ 12'!H38+'วันที่ 13'!H38+'วันที่ 14'!H38+'วันที่ 15'!H38+'วันที่ 16'!H38+'วันที่ 17'!H38+'วันที่ 18'!H38+'วันที่ 19'!H38+'วันที่ 20'!H38+'วันที่ 21'!H38+'วันที่ 22'!H38+'วันที่ 23'!H38+'วันที่ 24'!H38+'วันที่ 25'!H38+'วันที่ 26'!H38+'วันที่ 27'!H38+'วันที่ 28'!H38+'วันที่ 29'!H38+'วันที่ 30'!H38+'วันที่ 31'!H38 -> 9 | I38: 50 | J38: =+'วันที่ 1'!J38+'วันที่ 2'!J38+'วันที่ 3'!J38+'วันที่ 4'!J38+'วันที่ 5'!J38+'วันที่ 6'!J38+'วันที่ 7'!J38+'วันที่ 8'!J38+'วันที่ 9'!J38+'วันที่ 10'!J38+'วันที่ 11'!J38+'วันที่ 12'!J38+'วันที่ 13'!J38+'วันที่ 14'!J38+'วันที่ 15'!J38+'วันที่ 16'!J38+'วันที่ 17'!J38+'วันที่ 18'!J38+'วันที่ 19'!J38+'วันที่ 20'!J38+'วันที่ 21'!J38+'วันที่ 22'!J38+'วันที่ 23'!J38+'วันที่ 24'!J38+'วันที่ 25'!J38+'วันที่ 26'!J38+'วันที่ 27'!J38+'วันที่ 28'!J38+'วันที่ 29'!J38+'วันที่ 30'!J38+'วันที่ 31'!J38 -> 450
A39: 35 | B39: ครีมฮอร์น ใบเตย | C39: =+'วันที่ 1'!C39 -> 0 | D39: =+'วันที่ 1'!D39+'วันที่ 2'!D39+'วันที่ 3'!D39+'วันที่ 4'!D39+'วันที่ 5'!D39+'วันที่ 6'!D39+'วันที่ 7'!D39+'วันที่ 8'!D39+'วันที่ 9'!D39+'วันที่ 10'!D39+'วันที่ 11'!D39+'วันที่ 12'!D39+'วันที่ 13'!D39+'วันที่ 14'!D39+'วันที่ 15'!D39+'วันที่ 16'!D39+'วันที่ 17'!D39+'วันที่ 18'!D39+'วันที่ 19'!D39+'วันที่ 20'!D39+'วันที่ 21'!D39+'วันที่ 22'!D39+'วันที่ 23'!D39+'วันที่ 24'!D39+'วันที่ 25'!D39+'วันที่ 26'!D39+'วันที่ 27'!D39+'วันที่ 28'!D39+'วันที่ 29'!D39+'วันที่ 30'!D39+'วันที่ 31'!D39 -> 2 | E39: =+C39+D39 -> 2 | F39: =+'วันที่ 1'!F39+'วันที่ 2'!F39+'วันที่ 3'!F39+'วันที่ 4'!F39+'วันที่ 5'!F39+'วันที่ 6'!F39+'วันที่ 7'!F39+'วันที่ 8'!F39+'วันที่ 9'!F39+'วันที่ 10'!F39+'วันที่ 11'!F39+'วันที่ 12'!F39+'วันที่ 13'!F39+'วันที่ 14'!F39+'วันที่ 15'!F39+'วันที่ 16'!F39+'วันที่ 17'!F39+'วันที่ 18'!F39+'วันที่ 19'!F39+'วันที่ 20'!F39+'วันที่ 21'!F39+'วันที่ 22'!F39+'วันที่ 23'!F39+'วันที่ 24'!F39+'วันที่ 25'!F39+'วันที่ 26'!F39+'วันที่ 27'!F39+'วันที่ 28'!F39+'วันที่ 29'!F39+'วันที่ 30'!F39+'วันที่ 31'!F39 -> 0 | G39: =E39-F39-H39 -> 1 | H39: =+'วันที่ 1'!H39+'วันที่ 2'!H39+'วันที่ 3'!H39+'วันที่ 4'!H39+'วันที่ 5'!H39+'วันที่ 6'!H39+'วันที่ 7'!H39+'วันที่ 8'!H39+'วันที่ 9'!H39+'วันที่ 10'!H39+'วันที่ 11'!H39+'วันที่ 12'!H39+'วันที่ 13'!H39+'วันที่ 14'!H39+'วันที่ 15'!H39+'วันที่ 16'!H39+'วันที่ 17'!H39+'วันที่ 18'!H39+'วันที่ 19'!H39+'วันที่ 20'!H39+'วันที่ 21'!H39+'วันที่ 22'!H39+'วันที่ 23'!H39+'วันที่ 24'!H39+'วันที่ 25'!H39+'วันที่ 26'!H39+'วันที่ 27'!H39+'วันที่ 28'!H39+'วันที่ 29'!H39+'วันที่ 30'!H39+'วันที่ 31'!H39 -> 1 | I39: 50 | J39: =+'วันที่ 1'!J39+'วันที่ 2'!J39+'วันที่ 3'!J39+'วันที่ 4'!J39+'วันที่ 5'!J39+'วันที่ 6'!J39+'วันที่ 7'!J39+'วันที่ 8'!J39+'วันที่ 9'!J39+'วันที่ 10'!J39+'วันที่ 11'!J39+'วันที่ 12'!J39+'วันที่ 13'!J39+'วันที่ 14'!J39+'วันที่ 15'!J39+'วันที่ 16'!J39+'วันที่ 17'!J39+'วันที่ 18'!J39+'วันที่ 19'!J39+'วันที่ 20'!J39+'วันที่ 21'!J39+'วันที่ 22'!J39+'วันที่ 23'!J39+'วันที่ 24'!J39+'วันที่ 25'!J39+'วันที่ 26'!J39+'วันที่ 27'!J39+'วันที่ 28'!J39+'วันที่ 29'!J39+'วันที่ 30'!J39+'วันที่ 31'!J39 -> 50
A40: 36 | B40: ครีมฮอร์น ช็อคโกแลต | C40: =+'วันที่ 1'!C40 -> 0 | D40: =+'วันที่ 1'!D40+'วันที่ 2'!D40+'วันที่ 3'!D40+'วันที่ 4'!D40+'วันที่ 5'!D40+'วันที่ 6'!D40+'วันที่ 7'!D40+'วันที่ 8'!D40+'วันที่ 9'!D40+'วันที่ 10'!D40+'วันที่ 11'!D40+'วันที่ 12'!D40+'วันที่ 13'!D40+'วันที่ 14'!D40+'วันที่ 15'!D40+'วันที่ 16'!D40+'วันที่ 17'!D40+'วันที่ 18'!D40+'วันที่ 19'!D40+'วันที่ 20'!D40+'วันที่ 21'!D40+'วันที่ 22'!D40+'วันที่ 23'!D40+'วันที่ 24'!D40+'วันที่ 25'!D40+'วันที่ 26'!D40+'วันที่ 27'!D40+'วันที่ 28'!D40+'วันที่ 29'!D40+'วันที่ 30'!D40+'วันที่ 31'!D40 -> 7 | E40: =+C40+D40 -> 7 | F40: =+'วันที่ 1'!F40+'วันที่ 2'!F40+'วันที่ 3'!F40+'วันที่ 4'!F40+'วันที่ 5'!F40+'วันที่ 6'!F40+'วันที่ 7'!F40+'วันที่ 8'!F40+'วันที่ 9'!F40+'วันที่ 10'!F40+'วันที่ 11'!F40+'วันที่ 12'!F40+'วันที่ 13'!F40+'วันที่ 14'!F40+'วันที่ 15'!F40+'วันที่ 16'!F40+'วันที่ 17'!F40+'วันที่ 18'!F40+'วันที่ 19'!F40+'วันที่ 20'!F40+'วันที่ 21'!F40+'วันที่ 22'!F40+'วันที่ 23'!F40+'วันที่ 24'!F40+'วันที่ 25'!F40+'วันที่ 26'!F40+'วันที่ 27'!F40+'วันที่ 28'!F40+'วันที่ 29'!F40+'วันที่ 30'!F40+'วันที่ 31'!F40 -> 0 | G40: =E40-F40-H40 -> 3 | H40: =+'วันที่ 1'!H40+'วันที่ 2'!H40+'วันที่ 3'!H40+'วันที่ 4'!H40+'วันที่ 5'!H40+'วันที่ 6'!H40+'วันที่ 7'!H40+'วันที่ 8'!H40+'วันที่ 9'!H40+'วันที่ 10'!H40+'วันที่ 11'!H40+'วันที่ 12'!H40+'วันที่ 13'!H40+'วันที่ 14'!H40+'วันที่ 15'!H40+'วันที่ 16'!H40+'วันที่ 17'!H40+'วันที่ 18'!H40+'วันที่ 19'!H40+'วันที่ 20'!H40+'วันที่ 21'!H40+'วันที่ 22'!H40+'วันที่ 23'!H40+'วันที่ 24'!H40+'วันที่ 25'!H40+'วันที่ 26'!H40+'วันที่ 27'!H40+'วันที่ 28'!H40+'วันที่ 29'!H40+'วันที่ 30'!H40+'วันที่ 31'!H40 -> 4 | I40: 50 | J40: =+'วันที่ 1'!J40+'วันที่ 2'!J40+'วันที่ 3'!J40+'วันที่ 4'!J40+'วันที่ 5'!J40+'วันที่ 6'!J40+'วันที่ 7'!J40+'วันที่ 8'!J40+'วันที่ 9'!J40+'วันที่ 10'!J40+'วันที่ 11'!J40+'วันที่ 12'!J40+'วันที่ 13'!J40+'วันที่ 14'!J40+'วันที่ 15'!J40+'วันที่ 16'!J40+'วันที่ 17'!J40+'วันที่ 18'!J40+'วันที่ 19'!J40+'วันที่ 20'!J40+'วันที่ 21'!J40+'วันที่ 22'!J40+'วันที่ 23'!J40+'วันที่ 24'!J40+'วันที่ 25'!J40+'วันที่ 26'!J40+'วันที่ 27'!J40+'วันที่ 28'!J40+'วันที่ 29'!J40+'วันที่ 30'!J40+'วันที่ 31'!J40 -> 200
A41: 37 | B41: เบาหวิว (ล) ใหม่ รสกล้วยหอมมะพร้าวเผา | C41: =+'วันที่ 1'!C41 -> 7 | D41: =+'วันที่ 1'!D41+'วันที่ 2'!D41+'วันที่ 3'!D41+'วันที่ 4'!D41+'วันที่ 5'!D41+'วันที่ 6'!D41+'วันที่ 7'!D41+'วันที่ 8'!D41+'วันที่ 9'!D41+'วันที่ 10'!D41+'วันที่ 11'!D41+'วันที่ 12'!D41+'วันที่ 13'!D41+'วันที่ 14'!D41+'วันที่ 15'!D41+'วันที่ 16'!D41+'วันที่ 17'!D41+'วันที่ 18'!D41+'วันที่ 19'!D41+'วันที่ 20'!D41+'วันที่ 21'!D41+'วันที่ 22'!D41+'วันที่ 23'!D41+'วันที่ 24'!D41+'วันที่ 25'!D41+'วันที่ 26'!D41+'วันที่ 27'!D41+'วันที่ 28'!D41+'วันที่ 29'!D41+'วันที่ 30'!D41+'วันที่ 31'!D41 -> 10 | E41: =+C41+D41 -> 17 | F41: =+'วันที่ 1'!F41+'วันที่ 2'!F41+'วันที่ 3'!F41+'วันที่ 4'!F41+'วันที่ 5'!F41+'วันที่ 6'!F41+'วันที่ 7'!F41+'วันที่ 8'!F41+'วันที่ 9'!F41+'วันที่ 10'!F41+'วันที่ 11'!F41+'วันที่ 12'!F41+'วันที่ 13'!F41+'วันที่ 14'!F41+'วันที่ 15'!F41+'วันที่ 16'!F41+'วันที่ 17'!F41+'วันที่ 18'!F41+'วันที่ 19'!F41+'วันที่ 20'!F41+'วันที่ 21'!F41+'วันที่ 22'!F41+'วันที่ 23'!F41+'วันที่ 24'!F41+'วันที่ 25'!F41+'วันที่ 26'!F41+'วันที่ 27'!F41+'วันที่ 28'!F41+'วันที่ 29'!F41+'วันที่ 30'!F41+'วันที่ 31'!F41 -> 1 | G41: =E41-F41-H41 -> 4 | H41: =+'วันที่ 1'!H41+'วันที่ 2'!H41+'วันที่ 3'!H41+'วันที่ 4'!H41+'วันที่ 5'!H41+'วันที่ 6'!H41+'วันที่ 7'!H41+'วันที่ 8'!H41+'วันที่ 9'!H41+'วันที่ 10'!H41+'วันที่ 11'!H41+'วันที่ 12'!H41+'วันที่ 13'!H41+'วันที่ 14'!H41+'วันที่ 15'!H41+'วันที่ 16'!H41+'วันที่ 17'!H41+'วันที่ 18'!H41+'วันที่ 19'!H41+'วันที่ 20'!H41+'วันที่ 21'!H41+'วันที่ 22'!H41+'วันที่ 23'!H41+'วันที่ 24'!H41+'วันที่ 25'!H41+'วันที่ 26'!H41+'วันที่ 27'!H41+'วันที่ 28'!H41+'วันที่ 29'!H41+'วันที่ 30'!H41+'วันที่ 31'!H41 -> 12 | I41: 50 | J41: =+'วันที่ 1'!J41+'วันที่ 2'!J41+'วันที่ 3'!J41+'วันที่ 4'!J41+'วันที่ 5'!J41+'วันที่ 6'!J41+'วันที่ 7'!J41+'วันที่ 8'!J41+'วันที่ 9'!J41+'วันที่ 10'!J41+'วันที่ 11'!J41+'วันที่ 12'!J41+'วันที่ 13'!J41+'วันที่ 14'!J41+'วันที่ 15'!J41+'วันที่ 16'!J41+'วันที่ 17'!J41+'วันที่ 18'!J41+'วันที่ 19'!J41+'วันที่ 20'!J41+'วันที่ 21'!J41+'วันที่ 22'!J41+'วันที่ 23'!J41+'วันที่ 24'!J41+'วันที่ 25'!J41+'วันที่ 26'!J41+'วันที่ 27'!J41+'วันที่ 28'!J41+'วันที่ 29'!J41+'วันที่ 30'!J41+'วันที่ 31'!J41 -> 600
A42: 38 | B42: เบาหวิว (ล) ใหม่ เผือกมะพร้าว | C42: =+'วันที่ 1'!C42 -> 11 | D42: =+'วันที่ 1'!D42+'วันที่ 2'!D42+'วันที่ 3'!D42+'วันที่ 4'!D42+'วันที่ 5'!D42+'วันที่ 6'!D42+'วันที่ 7'!D42+'วันที่ 8'!D42+'วันที่ 9'!D42+'วันที่ 10'!D42+'วันที่ 11'!D42+'วันที่ 12'!D42+'วันที่ 13'!D42+'วันที่ 14'!D42+'วันที่ 15'!D42+'วันที่ 16'!D42+'วันที่ 17'!D42+'วันที่ 18'!D42+'วันที่ 19'!D42+'วันที่ 20'!D42+'วันที่ 21'!D42+'วันที่ 22'!D42+'วันที่ 23'!D42+'วันที่ 24'!D42+'วันที่ 25'!D42+'วันที่ 26'!D42+'วันที่ 27'!D42+'วันที่ 28'!D42+'วันที่ 29'!D42+'วันที่ 30'!D42+'วันที่ 31'!D42 -> 30 | E42: =+C42+D42 -> 41 | F42: =+'วันที่ 1'!F42+'วันที่ 2'!F42+'วันที่ 3'!F42+'วันที่ 4'!F42+'วันที่ 5'!F42+'วันที่ 6'!F42+'วันที่ 7'!F42+'วันที่ 8'!F42+'วันที่ 9'!F42+'วันที่ 10'!F42+'วันที่ 11'!F42+'วันที่ 12'!F42+'วันที่ 13'!F42+'วันที่ 14'!F42+'วันที่ 15'!F42+'วันที่ 16'!F42+'วันที่ 17'!F42+'วันที่ 18'!F42+'วันที่ 19'!F42+'วันที่ 20'!F42+'วันที่ 21'!F42+'วันที่ 22'!F42+'วันที่ 23'!F42+'วันที่ 24'!F42+'วันที่ 25'!F42+'วันที่ 26'!F42+'วันที่ 27'!F42+'วันที่ 28'!F42+'วันที่ 29'!F42+'วันที่ 30'!F42+'วันที่ 31'!F42 -> 9 | G42: =E42-F42-H42 -> 8 | H42: =+'วันที่ 1'!H42+'วันที่ 2'!H42+'วันที่ 3'!H42+'วันที่ 4'!H42+'วันที่ 5'!H42+'วันที่ 6'!H42+'วันที่ 7'!H42+'วันที่ 8'!H42+'วันที่ 9'!H42+'วันที่ 10'!H42+'วันที่ 11'!H42+'วันที่ 12'!H42+'วันที่ 13'!H42+'วันที่ 14'!H42+'วันที่ 15'!H42+'วันที่ 16'!H42+'วันที่ 17'!H42+'วันที่ 18'!H42+'วันที่ 19'!H42+'วันที่ 20'!H42+'วันที่ 21'!H42+'วันที่ 22'!H42+'วันที่ 23'!H42+'วันที่ 24'!H42+'วันที่ 25'!H42+'วันที่ 26'!H42+'วันที่ 27'!H42+'วันที่ 28'!H42+'วันที่ 29'!H42+'วันที่ 30'!H42+'วันที่ 31'!H42 -> 24 | I42: 50 | J42: =+'วันที่ 1'!J42+'วันที่ 2'!J42+'วันที่ 3'!J42+'วันที่ 4'!J42+'วันที่ 5'!J42+'วันที่ 6'!J42+'วันที่ 7'!J42+'วันที่ 8'!J42+'วันที่ 9'!J42+'วันที่ 10'!J42+'วันที่ 11'!J42+'วันที่ 12'!J42+'วันที่ 13'!J42+'วันที่ 14'!J42+'วันที่ 15'!J42+'วันที่ 16'!J42+'วันที่ 17'!J42+'วันที่ 18'!J42+'วันที่ 19'!J42+'วันที่ 20'!J42+'วันที่ 21'!J42+'วันที่ 22'!J42+'วันที่ 23'!J42+'วันที่ 24'!J42+'วันที่ 25'!J42+'วันที่ 26'!J42+'วันที่ 27'!J42+'วันที่ 28'!J42+'วันที่ 29'!J42+'วันที่ 30'!J42+'วันที่ 31'!J42 -> 1200
A43: 39 | B43: เบาหวิว (ล) ใหม่ กาแฟ | C43: =+'วันที่ 1'!C43 -> 5 | D43: =+'วันที่ 1'!D43+'วันที่ 2'!D43+'วันที่ 3'!D43+'วันที่ 4'!D43+'วันที่ 5'!D43+'วันที่ 6'!D43+'วันที่ 7'!D43+'วันที่ 8'!D43+'วันที่ 9'!D43+'วันที่ 10'!D43+'วันที่ 11'!D43+'วันที่ 12'!D43+'วันที่ 13'!D43+'วันที่ 14'!D43+'วันที่ 15'!D43+'วันที่ 16'!D43+'วันที่ 17'!D43+'วันที่ 18'!D43+'วันที่ 19'!D43+'วันที่ 20'!D43+'วันที่ 21'!D43+'วันที่ 22'!D43+'วันที่ 23'!D43+'วันที่ 24'!D43+'วันที่ 25'!D43+'วันที่ 26'!D43+'วันที่ 27'!D43+'วันที่ 28'!D43+'วันที่ 29'!D43+'วันที่ 30'!D43+'วันที่ 31'!D43 -> 10 | E43: =+C43+D43 -> 15 | F43: =+'วันที่ 1'!F43+'วันที่ 2'!F43+'วันที่ 3'!F43+'วันที่ 4'!F43+'วันที่ 5'!F43+'วันที่ 6'!F43+'วันที่ 7'!F43+'วันที่ 8'!F43+'วันที่ 9'!F43+'วันที่ 10'!F43+'วันที่ 11'!F43+'วันที่ 12'!F43+'วันที่ 13'!F43+'วันที่ 14'!F43+'วันที่ 15'!F43+'วันที่ 16'!F43+'วันที่ 17'!F43+'วันที่ 18'!F43+'วันที่ 19'!F43+'วันที่ 20'!F43+'วันที่ 21'!F43+'วันที่ 22'!F43+'วันที่ 23'!F43+'วันที่ 24'!F43+'วันที่ 25'!F43+'วันที่ 26'!F43+'วันที่ 27'!F43+'วันที่ 28'!F43+'วันที่ 29'!F43+'วันที่ 30'!F43+'วันที่ 31'!F43 -> 0 | G43: =E43-F43-H43 -> 7 | H43: =+'วันที่ 1'!H43+'วันที่ 2'!H43+'วันที่ 3'!H43+'วันที่ 4'!H43+'วันที่ 5'!H43+'วันที่ 6'!H43+'วันที่ 7'!H43+'วันที่ 8'!H43+'วันที่ 9'!H43+'วันที่ 10'!H43+'วันที่ 11'!H43+'วันที่ 12'!H43+'วันที่ 13'!H43+'วันที่ 14'!H43+'วันที่ 15'!H43+'วันที่ 16'!H43+'วันที่ 17'!H43+'วันที่ 18'!H43+'วันที่ 19'!H43+'วันที่ 20'!H43+'วันที่ 21'!H43+'วันที่ 22'!H43+'วันที่ 23'!H43+'วันที่ 24'!H43+'วันที่ 25'!H43+'วันที่ 26'!H43+'วันที่ 27'!H43+'วันที่ 28'!H43+'วันที่ 29'!H43+'วันที่ 30'!H43+'วันที่ 31'!H43 -> 8 | I43: 50 | J43: =+'วันที่ 1'!J43+'วันที่ 2'!J43+'วันที่ 3'!J43+'วันที่ 4'!J43+'วันที่ 5'!J43+'วันที่ 6'!J43+'วันที่ 7'!J43+'วันที่ 8'!J43+'วันที่ 9'!J43+'วันที่ 10'!J43+'วันที่ 11'!J43+'วันที่ 12'!J43+'วันที่ 13'!J43+'วันที่ 14'!J43+'วันที่ 15'!J43+'วันที่ 16'!J43+'วันที่ 17'!J43+'วันที่ 18'!J43+'วันที่ 19'!J43+'วันที่ 20'!J43+'วันที่ 21'!J43+'วันที่ 22'!J43+'วันที่ 23'!J43+'วันที่ 24'!J43+'วันที่ 25'!J43+'วันที่ 26'!J43+'วันที่ 27'!J43+'วันที่ 28'!J43+'วันที่ 29'!J43+'วันที่ 30'!J43+'วันที่ 31'!J43 -> 400
A44: 40 | B44: เบาหวิว (ล) ใหม่ เนยนม | C44: =+'วันที่ 1'!C44 -> 10 | D44: =+'วันที่ 1'!D44+'วันที่ 2'!D44+'วันที่ 3'!D44+'วันที่ 4'!D44+'วันที่ 5'!D44+'วันที่ 6'!D44+'วันที่ 7'!D44+'วันที่ 8'!D44+'วันที่ 9'!D44+'วันที่ 10'!D44+'วันที่ 11'!D44+'วันที่ 12'!D44+'วันที่ 13'!D44+'วันที่ 14'!D44+'วันที่ 15'!D44+'วันที่ 16'!D44+'วันที่ 17'!D44+'วันที่ 18'!D44+'วันที่ 19'!D44+'วันที่ 20'!D44+'วันที่ 21'!D44+'วันที่ 22'!D44+'วันที่ 23'!D44+'วันที่ 24'!D44+'วันที่ 25'!D44+'วันที่ 26'!D44+'วันที่ 27'!D44+'วันที่ 28'!D44+'วันที่ 29'!D44+'วันที่ 30'!D44+'วันที่ 31'!D44 -> 5 | E44: =+C44+D44 -> 15 | F44: =+'วันที่ 1'!F44+'วันที่ 2'!F44+'วันที่ 3'!F44+'วันที่ 4'!F44+'วันที่ 5'!F44+'วันที่ 6'!F44+'วันที่ 7'!F44+'วันที่ 8'!F44+'วันที่ 9'!F44+'วันที่ 10'!F44+'วันที่ 11'!F44+'วันที่ 12'!F44+'วันที่ 13'!F44+'วันที่ 14'!F44+'วันที่ 15'!F44+'วันที่ 16'!F44+'วันที่ 17'!F44+'วันที่ 18'!F44+'วันที่ 19'!F44+'วันที่ 20'!F44+'วันที่ 21'!F44+'วันที่ 22'!F44+'วันที่ 23'!F44+'วันที่ 24'!F44+'วันที่ 25'!F44+'วันที่ 26'!F44+'วันที่ 27'!F44+'วันที่ 28'!F44+'วันที่ 29'!F44+'วันที่ 30'!F44+'วันที่ 31'!F44 -> 0 | G44: =E44-F44-H44 -> 3 | H44: =+'วันที่ 1'!H44+'วันที่ 2'!H44+'วันที่ 3'!H44+'วันที่ 4'!H44+'วันที่ 5'!H44+'วันที่ 6'!H44+'วันที่ 7'!H44+'วันที่ 8'!H44+'วันที่ 9'!H44+'วันที่ 10'!H44+'วันที่ 11'!H44+'วันที่ 12'!H44+'วันที่ 13'!H44+'วันที่ 14'!H44+'วันที่ 15'!H44+'วันที่ 16'!H44+'วันที่ 17'!H44+'วันที่ 18'!H44+'วันที่ 19'!H44+'วันที่ 20'!H44+'วันที่ 21'!H44+'วันที่ 22'!H44+'วันที่ 23'!H44+'วันที่ 24'!H44+'วันที่ 25'!H44+'วันที่ 26'!H44+'วันที่ 27'!H44+'วันที่ 28'!H44+'วันที่ 29'!H44+'วันที่ 30'!H44+'วันที่ 31'!H44 -> 12 | I44: 50 | J44: =+'วันที่ 1'!J44+'วันที่ 2'!J44+'วันที่ 3'!J44+'วันที่ 4'!J44+'วันที่ 5'!J44+'วันที่ 6'!J44+'วันที่ 7'!J44+'วันที่ 8'!J44+'วันที่ 9'!J44+'วันที่ 10'!J44+'วันที่ 11'!J44+'วันที่ 12'!J44+'วันที่ 13'!J44+'วันที่ 14'!J44+'วันที่ 15'!J44+'วันที่ 16'!J44+'วันที่ 17'!J44+'วันที่ 18'!J44+'วันที่ 19'!J44+'วันที่ 20'!J44+'วันที่ 21'!J44+'วันที่ 22'!J44+'วันที่ 23'!J44+'วันที่ 24'!J44+'วันที่ 25'!J44+'วันที่ 26'!J44+'วันที่ 27'!J44+'วันที่ 28'!J44+'วันที่ 29'!J44+'วันที่ 30'!J44+'วันที่ 31'!J44 -> 600
A45: 41 | B45: เบาหวิว (ล) ใหม่ ใบเตย | C45: =+'วันที่ 1'!C45 -> 0 | D45: =+'วันที่ 1'!D45+'วันที่ 2'!D45+'วันที่ 3'!D45+'วันที่ 4'!D45+'วันที่ 5'!D45+'วันที่ 6'!D45+'วันที่ 7'!D45+'วันที่ 8'!D45+'วันที่ 9'!D45+'วันที่ 10'!D45+'วันที่ 11'!D45+'วันที่ 12'!D45+'วันที่ 13'!D45+'วันที่ 14'!D45+'วันที่ 15'!D45+'วันที่ 16'!D45+'วันที่ 17'!D45+'วันที่ 18'!D45+'วันที่ 19'!D45+'วันที่ 20'!D45+'วันที่ 21'!D45+'วันที่ 22'!D45+'วันที่ 23'!D45+'วันที่ 24'!D45+'วันที่ 25'!D45+'วันที่ 26'!D45+'วันที่ 27'!D45+'วันที่ 28'!D45+'วันที่ 29'!D45+'วันที่ 30'!D45+'วันที่ 31'!D45 -> 0 | E45: =+C45+D45 -> 0 | F45: =+'วันที่ 1'!F45+'วันที่ 2'!F45+'วันที่ 3'!F45+'วันที่ 4'!F45+'วันที่ 5'!F45+'วันที่ 6'!F45+'วันที่ 7'!F45+'วันที่ 8'!F45+'วันที่ 9'!F45+'วันที่ 10'!F45+'วันที่ 11'!F45+'วันที่ 12'!F45+'วันที่ 13'!F45+'วันที่ 14'!F45+'วันที่ 15'!F45+'วันที่ 16'!F45+'วันที่ 17'!F45+'วันที่ 18'!F45+'วันที่ 19'!F45+'วันที่ 20'!F45+'วันที่ 21'!F45+'วันที่ 22'!F45+'วันที่ 23'!F45+'วันที่ 24'!F45+'วันที่ 25'!F45+'วันที่ 26'!F45+'วันที่ 27'!F45+'วันที่ 28'!F45+'วันที่ 29'!F45+'วันที่ 30'!F45+'วันที่ 31'!F45 -> 0 | G45: =E45-F45-H45 -> 0 | H45: =+'วันที่ 1'!H45+'วันที่ 2'!H45+'วันที่ 3'!H45+'วันที่ 4'!H45+'วันที่ 5'!H45+'วันที่ 6'!H45+'วันที่ 7'!H45+'วันที่ 8'!H45+'วันที่ 9'!H45+'วันที่ 10'!H45+'วันที่ 11'!H45+'วันที่ 12'!H45+'วันที่ 13'!H45+'วันที่ 14'!H45+'วันที่ 15'!H45+'วันที่ 16'!H45+'วันที่ 17'!H45+'วันที่ 18'!H45+'วันที่ 19'!H45+'วันที่ 20'!H45+'วันที่ 21'!H45+'วันที่ 22'!H45+'วันที่ 23'!H45+'วันที่ 24'!H45+'วันที่ 25'!H45+'วันที่ 26'!H45+'วันที่ 27'!H45+'วันที่ 28'!H45+'วันที่ 29'!H45+'วันที่ 30'!H45+'วันที่ 31'!H45 -> 0 | I45: 50 | J45: =+'วันที่ 1'!J45+'วันที่ 2'!J45+'วันที่ 3'!J45+'วันที่ 4'!J45+'วันที่ 5'!J45+'วันที่ 6'!J45+'วันที่ 7'!J45+'วันที่ 8'!J45+'วันที่ 9'!J45+'วันที่ 10'!J45+'วันที่ 11'!J45+'วันที่ 12'!J45+'วันที่ 13'!J45+'วันที่ 14'!J45+'วันที่ 15'!J45+'วันที่ 16'!J45+'วันที่ 17'!J45+'วันที่ 18'!J45+'วันที่ 19'!J45+'วันที่ 20'!J45+'วันที่ 21'!J45+'วันที่ 22'!J45+'วันที่ 23'!J45+'วันที่ 24'!J45+'วันที่ 25'!J45+'วันที่ 26'!J45+'วันที่ 27'!J45+'วันที่ 28'!J45+'วันที่ 29'!J45+'วันที่ 30'!J45+'วันที่ 31'!J45 -> 0
A46: 42 | B46: เบาหวิว (ล) ใหม่ มะพร้าว | C46: =+'วันที่ 1'!C46 -> 2 | D46: =+'วันที่ 1'!D46+'วันที่ 2'!D46+'วันที่ 3'!D46+'วันที่ 4'!D46+'วันที่ 5'!D46+'วันที่ 6'!D46+'วันที่ 7'!D46+'วันที่ 8'!D46+'วันที่ 9'!D46+'วันที่ 10'!D46+'วันที่ 11'!D46+'วันที่ 12'!D46+'วันที่ 13'!D46+'วันที่ 14'!D46+'วันที่ 15'!D46+'วันที่ 16'!D46+'วันที่ 17'!D46+'วันที่ 18'!D46+'วันที่ 19'!D46+'วันที่ 20'!D46+'วันที่ 21'!D46+'วันที่ 22'!D46+'วันที่ 23'!D46+'วันที่ 24'!D46+'วันที่ 25'!D46+'วันที่ 26'!D46+'วันที่ 27'!D46+'วันที่ 28'!D46+'วันที่ 29'!D46+'วันที่ 30'!D46+'วันที่ 31'!D46 -> 30 | E46: =+C46+D46 -> 32 | F46: =+'วันที่ 1'!F46+'วันที่ 2'!F46+'วันที่ 3'!F46+'วันที่ 4'!F46+'วันที่ 5'!F46+'วันที่ 6'!F46+'วันที่ 7'!F46+'วันที่ 8'!F46+'วันที่ 9'!F46+'วันที่ 10'!F46+'วันที่ 11'!F46+'วันที่ 12'!F46+'วันที่ 13'!F46+'วันที่ 14'!F46+'วันที่ 15'!F46+'วันที่ 16'!F46+'วันที่ 17'!F46+'วันที่ 18'!F46+'วันที่ 19'!F46+'วันที่ 20'!F46+'วันที่ 21'!F46+'วันที่ 22'!F46+'วันที่ 23'!F46+'วันที่ 24'!F46+'วันที่ 25'!F46+'วันที่ 26'!F46+'วันที่ 27'!F46+'วันที่ 28'!F46+'วันที่ 29'!F46+'วันที่ 30'!F46+'วันที่ 31'!F46 -> 0 | G46: =E46-F46-H46 -> 14 | H46: =+'วันที่ 1'!H46+'วันที่ 2'!H46+'วันที่ 3'!H46+'วันที่ 4'!H46+'วันที่ 5'!H46+'วันที่ 6'!H46+'วันที่ 7'!H46+'วันที่ 8'!H46+'วันที่ 9'!H46+'วันที่ 10'!H46+'วันที่ 11'!H46+'วันที่ 12'!H46+'วันที่ 13'!H46+'วันที่ 14'!H46+'วันที่ 15'!H46+'วันที่ 16'!H46+'วันที่ 17'!H46+'วันที่ 18'!H46+'วันที่ 19'!H46+'วันที่ 20'!H46+'วันที่ 21'!H46+'วันที่ 22'!H46+'วันที่ 23'!H46+'วันที่ 24'!H46+'วันที่ 25'!H46+'วันที่ 26'!H46+'วันที่ 27'!H46+'วันที่ 28'!H46+'วันที่ 29'!H46+'วันที่ 30'!H46+'วันที่ 31'!H46 -> 18 | I46: 50 | J46: =+'วันที่ 1'!J46+'วันที่ 2'!J46+'วันที่ 3'!J46+'วันที่ 4'!J46+'วันที่ 5'!J46+'วันที่ 6'!J46+'วันที่ 7'!J46+'วันที่ 8'!J46+'วันที่ 9'!J46+'วันที่ 10'!J46+'วันที่ 11'!J46+'วันที่ 12'!J46+'วันที่ 13'!J46+'วันที่ 14'!J46+'วันที่ 15'!J46+'วันที่ 16'!J46+'วันที่ 17'!J46+'วันที่ 18'!J46+'วันที่ 19'!J46+'วันที่ 20'!J46+'วันที่ 21'!J46+'วันที่ 22'!J46+'วันที่ 23'!J46+'วันที่ 24'!J46+'วันที่ 25'!J46+'วันที่ 26'!J46+'วันที่ 27'!J46+'วันที่ 28'!J46+'วันที่ 29'!J46+'วันที่ 30'!J46+'วันที่ 31'!J46 -> 900
A47: 43 | B47: เบาหวิว (ล) ใหม่ ฝอยทอง | C47: =+'วันที่ 1'!C47 -> 11 | D47: =+'วันที่ 1'!D47+'วันที่ 2'!D47+'วันที่ 3'!D47+'วันที่ 4'!D47+'วันที่ 5'!D47+'วันที่ 6'!D47+'วันที่ 7'!D47+'วันที่ 8'!D47+'วันที่ 9'!D47+'วันที่ 10'!D47+'วันที่ 11'!D47+'วันที่ 12'!D47+'วันที่ 13'!D47+'วันที่ 14'!D47+'วันที่ 15'!D47+'วันที่ 16'!D47+'วันที่ 17'!D47+'วันที่ 18'!D47+'วันที่ 19'!D47+'วันที่ 20'!D47+'วันที่ 21'!D47+'วันที่ 22'!D47+'วันที่ 23'!D47+'วันที่ 24'!D47+'วันที่ 25'!D47+'วันที่ 26'!D47+'วันที่ 27'!D47+'วันที่ 28'!D47+'วันที่ 29'!D47+'วันที่ 30'!D47+'วันที่ 31'!D47 -> 40 | E47: =+C47+D47 -> 51 | F47: =+'วันที่ 1'!F47+'วันที่ 2'!F47+'วันที่ 3'!F47+'วันที่ 4'!F47+'วันที่ 5'!F47+'วันที่ 6'!F47+'วันที่ 7'!F47+'วันที่ 8'!F47+'วันที่ 9'!F47+'วันที่ 10'!F47+'วันที่ 11'!F47+'วันที่ 12'!F47+'วันที่ 13'!F47+'วันที่ 14'!F47+'วันที่ 15'!F47+'วันที่ 16'!F47+'วันที่ 17'!F47+'วันที่ 18'!F47+'วันที่ 19'!F47+'วันที่ 20'!F47+'วันที่ 21'!F47+'วันที่ 22'!F47+'วันที่ 23'!F47+'วันที่ 24'!F47+'วันที่ 25'!F47+'วันที่ 26'!F47+'วันที่ 27'!F47+'วันที่ 28'!F47+'วันที่ 29'!F47+'วันที่ 30'!F47+'วันที่ 31'!F47 -> 0 | G47: =E47-F47-H47 -> 3 | H47: =+'วันที่ 1'!H47+'วันที่ 2'!H47+'วันที่ 3'!H47+'วันที่ 4'!H47+'วันที่ 5'!H47+'วันที่ 6'!H47+'วันที่ 7'!H47+'วันที่ 8'!H47+'วันที่ 9'!H47+'วันที่ 10'!H47+'วันที่ 11'!H47+'วันที่ 12'!H47+'วันที่ 13'!H47+'วันที่ 14'!H47+'วันที่ 15'!H47+'วันที่ 16'!H47+'วันที่ 17'!H47+'วันที่ 18'!H47+'วันที่ 19'!H47+'วันที่ 20'!H47+'วันที่ 21'!H47+'วันที่ 22'!H47+'วันที่ 23'!H47+'วันที่ 24'!H47+'วันที่ 25'!H47+'วันที่ 26'!H47+'วันที่ 27'!H47+'วันที่ 28'!H47+'วันที่ 29'!H47+'วันที่ 30'!H47+'วันที่ 31'!H47 -> 48 | I47: 50 | J47: =+'วันที่ 1'!J47+'วันที่ 2'!J47+'วันที่ 3'!J47+'วันที่ 4'!J47+'วันที่ 5'!J47+'วันที่ 6'!J47+'วันที่ 7'!J47+'วันที่ 8'!J47+'วันที่ 9'!J47+'วันที่ 10'!J47+'วันที่ 11'!J47+'วันที่ 12'!J47+'วันที่ 13'!J47+'วันที่ 14'!J47+'วันที่ 15'!J47+'วันที่ 16'!J47+'วันที่ 17'!J47+'วันที่ 18'!J47+'วันที่ 19'!J47+'วันที่ 20'!J47+'วันที่ 21'!J47+'วันที่ 22'!J47+'วันที่ 23'!J47+'วันที่ 24'!J47+'วันที่ 25'!J47+'วันที่ 26'!J47+'วันที่ 27'!J47+'วันที่ 28'!J47+'วันที่ 29'!J47+'วันที่ 30'!J47+'วันที่ 31'!J47 -> 2400
A48: 44 | B48: เบาหวิว (ล) ใหม่ ทุเรียน | C48: =+'วันที่ 1'!C48 -> 5 | D48: =+'วันที่ 1'!D48+'วันที่ 2'!D48+'วันที่ 3'!D48+'วันที่ 4'!D48+'วันที่ 5'!D48+'วันที่ 6'!D48+'วันที่ 7'!D48+'วันที่ 8'!D48+'วันที่ 9'!D48+'วันที่ 10'!D48+'วันที่ 11'!D48+'วันที่ 12'!D48+'วันที่ 13'!D48+'วันที่ 14'!D48+'วันที่ 15'!D48+'วันที่ 16'!D48+'วันที่ 17'!D48+'วันที่ 18'!D48+'วันที่ 19'!D48+'วันที่ 20'!D48+'วันที่ 21'!D48+'วันที่ 22'!D48+'วันที่ 23'!D48+'วันที่ 24'!D48+'วันที่ 25'!D48+'วันที่ 26'!D48+'วันที่ 27'!D48+'วันที่ 28'!D48+'วันที่ 29'!D48+'วันที่ 30'!D48+'วันที่ 31'!D48 -> 5 | E48: =+C48+D48 -> 10 | F48: =+'วันที่ 1'!F48+'วันที่ 2'!F48+'วันที่ 3'!F48+'วันที่ 4'!F48+'วันที่ 5'!F48+'วันที่ 6'!F48+'วันที่ 7'!F48+'วันที่ 8'!F48+'วันที่ 9'!F48+'วันที่ 10'!F48+'วันที่ 11'!F48+'วันที่ 12'!F48+'วันที่ 13'!F48+'วันที่ 14'!F48+'วันที่ 15'!F48+'วันที่ 16'!F48+'วันที่ 17'!F48+'วันที่ 18'!F48+'วันที่ 19'!F48+'วันที่ 20'!F48+'วันที่ 21'!F48+'วันที่ 22'!F48+'วันที่ 23'!F48+'วันที่ 24'!F48+'วันที่ 25'!F48+'วันที่ 26'!F48+'วันที่ 27'!F48+'วันที่ 28'!F48+'วันที่ 29'!F48+'วันที่ 30'!F48+'วันที่ 31'!F48 -> 0 | G48: =E48-F48-H48 -> 3 | H48: =+'วันที่ 1'!H48+'วันที่ 2'!H48+'วันที่ 3'!H48+'วันที่ 4'!H48+'วันที่ 5'!H48+'วันที่ 6'!H48+'วันที่ 7'!H48+'วันที่ 8'!H48+'วันที่ 9'!H48+'วันที่ 10'!H48+'วันที่ 11'!H48+'วันที่ 12'!H48+'วันที่ 13'!H48+'วันที่ 14'!H48+'วันที่ 15'!H48+'วันที่ 16'!H48+'วันที่ 17'!H48+'วันที่ 18'!H48+'วันที่ 19'!H48+'วันที่ 20'!H48+'วันที่ 21'!H48+'วันที่ 22'!H48+'วันที่ 23'!H48+'วันที่ 24'!H48+'วันที่ 25'!H48+'วันที่ 26'!H48+'วันที่ 27'!H48+'วันที่ 28'!H48+'วันที่ 29'!H48+'วันที่ 30'!H48+'วันที่ 31'!H48 -> 7 | I48: 50 | J48: =+'วันที่ 1'!J48+'วันที่ 2'!J48+'วันที่ 3'!J48+'วันที่ 4'!J48+'วันที่ 5'!J48+'วันที่ 6'!J48+'วันที่ 7'!J48+'วันที่ 8'!J48+'วันที่ 9'!J48+'วันที่ 10'!J48+'วันที่ 11'!J48+'วันที่ 12'!J48+'วันที่ 13'!J48+'วันที่ 14'!J48+'วันที่ 15'!J48+'วันที่ 16'!J48+'วันที่ 17'!J48+'วันที่ 18'!J48+'วันที่ 19'!J48+'วันที่ 20'!J48+'วันที่ 21'!J48+'วันที่ 22'!J48+'วันที่ 23'!J48+'วันที่ 24'!J48+'วันที่ 25'!J48+'วันที่ 26'!J48+'วันที่ 27'!J48+'วันที่ 28'!J48+'วันที่ 29'!J48+'วันที่ 30'!J48+'วันที่ 31'!J48 -> 350
... A195: 191 | B195: ขนมปัง รวมไส้ | C195: =+'วันที่ 1'!C195 -> 0 | D195: =+'วันที่ 1'!D195+'วันที่ 2'!D195+'วันที่ 3'!D195+'วันที่ 4'!D195+'วันที่ 5'!D195+'วันที่ 6'!D195+'วันที่ 7'!D195+'วันที่ 8'!D195+'วันที่ 9'!D195+'วันที่ 10'!D195+'วันที่ 11'!D195+'วันที่ 12'!D195+'วันที่ 13'!D195+'วันที่ 14'!D195+'วันที่ 15'!D195+'วันที่ 16'!D195+'วันที่ 17'!D195+'วันที่ 18'!D195+'วันที่ 19'!D195+'วันที่ 20'!D195+'วันที่ 21'!D195+'วันที่ 22'!D195+'วันที่ 23'!D195+'วันที่ 24'!D195+'วันที่ 25'!D195+'วันที่ 26'!D195+'วันที่ 27'!D195+'วันที่ 28'!D195+'วันที่ 29'!D195+'วันที่ 30'!D195+'วันที่ 31'!D195 -> 15 | E195: =+C195+D195 -> 15 | F195: =+'วันที่ 1'!F195+'วันที่ 2'!F195+'วันที่ 3'!F195+'วันที่ 4'!F195+'วันที่ 5'!F195+'วันที่ 6'!F195+'วันที่ 7'!F195+'วันที่ 8'!F195+'วันที่ 9'!F195+'วันที่ 10'!F195+'วันที่ 11'!F195+'วันที่ 12'!F195+'วันที่ 13'!F195+'วันที่ 14'!F195+'วันที่ 15'!F195+'วันที่ 16'!F195+'วันที่ 17'!F195+'วันที่ 18'!F195+'วันที่ 19'!F195+'วันที่ 20'!F195+'วันที่ 21'!F195+'วันที่ 22'!F195+'วันที่ 23'!F195+'วันที่ 24'!F195+'วันที่ 25'!F195+'วันที่ 26'!F195+'วันที่ 27'!F195+'วันที่ 28'!F195+'วันที่ 29'!F195+'วันที่ 30'!F195+'วันที่ 31'!F195 -> 0 | G195: =E195-F195-H195 -> 11 | H195: =+'วันที่ 1'!H195+'วันที่ 2'!H195+'วันที่ 3'!H195+'วันที่ 4'!H195+'วันที่ 5'!H195+'วันที่ 6'!H195+'วันที่ 7'!H195+'วันที่ 8'!H195+'วันที่ 9'!H195+'วันที่ 10'!H195+'วันที่ 11'!H195+'วันที่ 12'!H195+'วันที่ 13'!H195+'วันที่ 14'!H195+'วันที่ 15'!H195+'วันที่ 16'!H195+'วันที่ 17'!H195+'วันที่ 18'!H195+'วันที่ 19'!H195+'วันที่ 20'!H195+'วันที่ 21'!H195+'วันที่ 22'!H195+'วันที่ 23'!H195+'วันที่ 24'!H195+'วันที่ 25'!H195+'วันที่ 26'!H195+'วันที่ 27'!H195+'วันที่ 28'!H195+'วันที่ 29'!H195+'วันที่ 30'!H195+'วันที่ 31'!H195 -> 4 | I195: 0 | J195: =+'วันที่ 1'!J195+'วันที่ 2'!J195+'วันที่ 3'!J195+'วันที่ 4'!J195+'วันที่ 5'!J195+'วันที่ 6'!J195+'วันที่ 7'!J195+'วันที่ 8'!J195+'วันที่ 9'!J195+'วันที่ 10'!J195+'วันที่ 11'!J195+'วันที่ 12'!J195+'วันที่ 13'!J195+'วันที่ 14'!J195+'วันที่ 15'!J195+'วันที่ 16'!J195+'วันที่ 17'!J195+'วันที่ 18'!J195+'วันที่ 19'!J195+'วันที่ 20'!J195+'วันที่ 21'!J195+'วันที่ 22'!J195+'วันที่ 23'!J195+'วันที่ 24'!J195+'วันที่ 25'!J195+'วันที่ 26'!J195+'วันที่ 27'!J195+'วันที่ 28'!J195+'วันที่ 29'!J195+'วันที่ 30'!J195+'วันที่ 31'!J195 -> 120
A196: 192 | C196: =+'วันที่ 1'!C196 -> 0 | D196: =+'วันที่ 1'!D196+'วันที่ 2'!D196+'วันที่ 3'!D196+'วันที่ 4'!D196+'วันที่ 5'!D196+'วันที่ 6'!D196+'วันที่ 7'!D196+'วันที่ 8'!D196+'วันที่ 9'!D196+'วันที่ 10'!D196+'วันที่ 11'!D196+'วันที่ 12'!D196+'วันที่ 13'!D196+'วันที่ 14'!D196+'วันที่ 15'!D196+'วันที่ 16'!D196+'วันที่ 17'!D196+'วันที่ 18'!D196+'วันที่ 19'!D196+'วันที่ 20'!D196+'วันที่ 21'!D196+'วันที่ 22'!D196+'วันที่ 23'!D196+'วันที่ 24'!D196+'วันที่ 25'!D196+'วันที่ 26'!D196+'วันที่ 27'!D196+'วันที่ 28'!D196+'วันที่ 29'!D196+'วันที่ 30'!D196+'วันที่ 31'!D196 -> 0 | E196: =+C196+D196 -> 0 | F196: =+'วันที่ 1'!F196+'วันที่ 2'!F196+'วันที่ 3'!F196+'วันที่ 4'!F196+'วันที่ 5'!F196+'วันที่ 6'!F196+'วันที่ 7'!F196+'วันที่ 8'!F196+'วันที่ 9'!F196+'วันที่ 10'!F196+'วันที่ 11'!F196+'วันที่ 12'!F196+'วันที่ 13'!F196+'วันที่ 14'!F196+'วันที่ 15'!F196+'วันที่ 16'!F196+'วันที่ 17'!F196+'วันที่ 18'!F196+'วันที่ 19'!F196+'วันที่ 20'!F196+'วันที่ 21'!F196+'วันที่ 22'!F196+'วันที่ 23'!F196+'วันที่ 24'!F196+'วันที่ 25'!F196+'วันที่ 26'!F196+'วันที่ 27'!F196+'วันที่ 28'!F196+'วันที่ 29'!F196+'วันที่ 30'!F196+'วันที่ 31'!F196 -> 0 | G196: =E196-F196-H196 -> 0 | H196: =+'วันที่ 1'!H196+'วันที่ 2'!H196+'วันที่ 3'!H196+'วันที่ 4'!H196+'วันที่ 5'!H196+'วันที่ 6'!H196+'วันที่ 7'!H196+'วันที่ 8'!H196+'วันที่ 9'!H196+'วันที่ 10'!H196+'วันที่ 11'!H196+'วันที่ 12'!H196+'วันที่ 13'!H196+'วันที่ 14'!H196+'วันที่ 15'!H196+'วันที่ 16'!H196+'วันที่ 17'!H196+'วันที่ 18'!H196+'วันที่ 19'!H196+'วันที่ 20'!H196+'วันที่ 21'!H196+'วันที่ 22'!H196+'วันที่ 23'!H196+'วันที่ 24'!H196+'วันที่ 25'!H196+'วันที่ 26'!H196+'วันที่ 27'!H196+'วันที่ 28'!H196+'วันที่ 29'!H196+'วันที่ 30'!H196+'วันที่ 31'!H196 -> 0 | I196: 0 | J196: =+'วันที่ 1'!J196+'วันที่ 2'!J196+'วันที่ 3'!J196+'วันที่ 4'!J196+'วันที่ 5'!J196+'วันที่ 6'!J196+'วันที่ 7'!J196+'วันที่ 8'!J196+'วันที่ 9'!J196+'วันที่ 10'!J196+'วันที่ 11'!J196+'วันที่ 12'!J196+'วันที่ 13'!J196+'วันที่ 14'!J196+'วันที่ 15'!J196+'วันที่ 16'!J196+'วันที่ 17'!J196+'วันที่ 18'!J196+'วันที่ 19'!J196+'วันที่ 20'!J196+'วันที่ 21'!J196+'วันที่ 22'!J196+'วันที่ 23'!J196+'วันที่ 24'!J196+'วันที่ 25'!J196+'วันที่ 26'!J196+'วันที่ 27'!J196+'วันที่ 28'!J196+'วันที่ 29'!J196+'วันที่ 30'!J196+'วันที่ 31'!J196 -> 0
A197: 193 | C197: =+'วันที่ 1'!C197 -> 0 | D197: =+'วันที่ 1'!D197+'วันที่ 2'!D197+'วันที่ 3'!D197+'วันที่ 4'!D197+'วันที่ 5'!D197+'วันที่ 6'!D197+'วันที่ 7'!D197+'วันที่ 8'!D197+'วันที่ 9'!D197+'วันที่ 10'!D197+'วันที่ 11'!D197+'วันที่ 12'!D197+'วันที่ 13'!D197+'วันที่ 14'!D197+'วันที่ 15'!D197+'วันที่ 16'!D197+'วันที่ 17'!D197+'วันที่ 18'!D197+'วันที่ 19'!D197+'วันที่ 20'!D197+'วันที่ 21'!D197+'วันที่ 22'!D197+'วันที่ 23'!D197+'วันที่ 24'!D197+'วันที่ 25'!D197+'วันที่ 26'!D197+'วันที่ 27'!D197+'วันที่ 28'!D197+'วันที่ 29'!D197+'วันที่ 30'!D197+'วันที่ 31'!D197 -> 0 | E197: =+C197+D197 -> 0 | F197: =+'วันที่ 1'!F197+'วันที่ 2'!F197+'วันที่ 3'!F197+'วันที่ 4'!F197+'วันที่ 5'!F197+'วันที่ 6'!F197+'วันที่ 7'!F197+'วันที่ 8'!F197+'วันที่ 9'!F197+'วันที่ 10'!F197+'วันที่ 11'!F197+'วันที่ 12'!F197+'วันที่ 13'!F197+'วันที่ 14'!F197+'วันที่ 15'!F197+'วันที่ 16'!F197+'วันที่ 17'!F197+'วันที่ 18'!F197+'วันที่ 19'!F197+'วันที่ 20'!F197+'วันที่ 21'!F197+'วันที่ 22'!F197+'วันที่ 23'!F197+'วันที่ 24'!F197+'วันที่ 25'!F197+'วันที่ 26'!F197+'วันที่ 27'!F197+'วันที่ 28'!F197+'วันที่ 29'!F197+'วันที่ 30'!F197+'วันที่ 31'!F197 -> 0 | G197: =E197-F197-H197 -> 0 | H197: =+'วันที่ 1'!H197+'วันที่ 2'!H197+'วันที่ 3'!H197+'วันที่ 4'!H197+'วันที่ 5'!H197+'วันที่ 6'!H197+'วันที่ 7'!H197+'วันที่ 8'!H197+'วันที่ 9'!H197+'วันที่ 10'!H197+'วันที่ 11'!H197+'วันที่ 12'!H197+'วันที่ 13'!H197+'วันที่ 14'!H197+'วันที่ 15'!H197+'วันที่ 16'!H197+'วันที่ 17'!H197+'วันที่ 18'!H197+'วันที่ 19'!H197+'วันที่ 20'!H197+'วันที่ 21'!H197+'วันที่ 22'!H197+'วันที่ 23'!H197+'วันที่ 24'!H197+'วันที่ 25'!H197+'วันที่ 26'!H197+'วันที่ 27'!H197+'วันที่ 28'!H197+'วันที่ 29'!H197+'วันที่ 30'!H197+'วันที่ 31'!H197 -> 0 | I197: 0 | J197: =+'วันที่ 1'!J197+'วันที่ 2'!J197+'วันที่ 3'!J197+'วันที่ 4'!J197+'วันที่ 5'!J197+'วันที่ 6'!J197+'วันที่ 7'!J197+'วันที่ 8'!J197+'วันที่ 9'!J197+'วันที่ 10'!J197+'วันที่ 11'!J197+'วันที่ 12'!J197+'วันที่ 13'!J197+'วันที่ 14'!J197+'วันที่ 15'!J197+'วันที่ 16'!J197+'วันที่ 17'!J197+'วันที่ 18'!J197+'วันที่ 19'!J197+'วันที่ 20'!J197+'วันที่ 21'!J197+'วันที่ 22'!J197+'วันที่ 23'!J197+'วันที่ 24'!J197+'วันที่ 25'!J197+'วันที่ 26'!J197+'วันที่ 27'!J197+'วันที่ 28'!J197+'วันที่ 29'!J197+'วันที่ 30'!J197+'วันที่ 31'!J197 -> 0
A198: 194 | C198: =+'วันที่ 1'!C198 -> 0 | D198: =+'วันที่ 1'!D198+'วันที่ 2'!D198+'วันที่ 3'!D198+'วันที่ 4'!D198+'วันที่ 5'!D198+'วันที่ 6'!D198+'วันที่ 7'!D198+'วันที่ 8'!D198+'วันที่ 9'!D198+'วันที่ 10'!D198+'วันที่ 11'!D198+'วันที่ 12'!D198+'วันที่ 13'!D198+'วันที่ 14'!D198+'วันที่ 15'!D198+'วันที่ 16'!D198+'วันที่ 17'!D198+'วันที่ 18'!D198+'วันที่ 19'!D198+'วันที่ 20'!D198+'วันที่ 21'!D198+'วันที่ 22'!D198+'วันที่ 23'!D198+'วันที่ 24'!D198+'วันที่ 25'!D198+'วันที่ 26'!D198+'วันที่ 27'!D198+'วันที่ 28'!D198+'วันที่ 29'!D198+'วันที่ 30'!D198+'วันที่ 31'!D198 -> 0 | E198: =+C198+D198 -> 0 | F198: =+'วันที่ 1'!F198+'วันที่ 2'!F198+'วันที่ 3'!F198+'วันที่ 4'!F198+'วันที่ 5'!F198+'วันที่ 6'!F198+'วันที่ 7'!F198+'วันที่ 8'!F198+'วันที่ 9'!F198+'วันที่ 10'!F198+'วันที่ 11'!F198+'วันที่ 12'!F198+'วันที่ 13'!F198+'วันที่ 14'!F198+'วันที่ 15'!F198+'วันที่ 16'!F198+'วันที่ 17'!F198+'วันที่ 18'!F198+'วันที่ 19'!F198+'วันที่ 20'!F198+'วันที่ 21'!F198+'วันที่ 22'!F198+'วันที่ 23'!F198+'วันที่ 24'!F198+'วันที่ 25'!F198+'วันที่ 26'!F198+'วันที่ 27'!F198+'วันที่ 28'!F198+'วันที่ 29'!F198+'วันที่ 30'!F198+'วันที่ 31'!F198 -> 0 | G198: =E198-F198-H198 -> 0 | H198: =+'วันที่ 1'!H198+'วันที่ 2'!H198+'วันที่ 3'!H198+'วันที่ 4'!H198+'วันที่ 5'!H198+'วันที่ 6'!H198+'วันที่ 7'!H198+'วันที่ 8'!H198+'วันที่ 9'!H198+'วันที่ 10'!H198+'วันที่ 11'!H198+'วันที่ 12'!H198+'วันที่ 13'!H198+'วันที่ 14'!H198+'วันที่ 15'!H198+'วันที่ 16'!H198+'วันที่ 17'!H198+'วันที่ 18'!H198+'วันที่ 19'!H198+'วันที่ 20'!H198+'วันที่ 21'!H198+'วันที่ 22'!H198+'วันที่ 23'!H198+'วันที่ 24'!H198+'วันที่ 25'!H198+'วันที่ 26'!H198+'วันที่ 27'!H198+'วันที่ 28'!H198+'วันที่ 29'!H198+'วันที่ 30'!H198+'วันที่ 31'!H198 -> 0 | I198: 0 | J198: =+'วันที่ 1'!J198+'วันที่ 2'!J198+'วันที่ 3'!J198+'วันที่ 4'!J198+'วันที่ 5'!J198+'วันที่ 6'!J198+'วันที่ 7'!J198+'วันที่ 8'!J198+'วันที่ 9'!J198+'วันที่ 10'!J198+'วันที่ 11'!J198+'วันที่ 12'!J198+'วันที่ 13'!J198+'วันที่ 14'!J198+'วันที่ 15'!J198+'วันที่ 16'!J198+'วันที่ 17'!J198+'วันที่ 18'!J198+'วันที่ 19'!J198+'วันที่ 20'!J198+'วันที่ 21'!J198+'วันที่ 22'!J198+'วันที่ 23'!J198+'วันที่ 24'!J198+'วันที่ 25'!J198+'วันที่ 26'!J198+'วันที่ 27'!J198+'วันที่ 28'!J198+'วันที่ 29'!J198+'วันที่ 30'!J198+'วันที่ 31'!J198 -> 0
A199: 195 | C199: =+'วันที่ 1'!C199 -> 0 | D199: =+'วันที่ 1'!D199+'วันที่ 2'!D199+'วันที่ 3'!D199+'วันที่ 4'!D199+'วันที่ 5'!D199+'วันที่ 6'!D199+'วันที่ 7'!D199+'วันที่ 8'!D199+'วันที่ 9'!D199+'วันที่ 10'!D199+'วันที่ 11'!D199+'วันที่ 12'!D199+'วันที่ 13'!D199+'วันที่ 14'!D199+'วันที่ 15'!D199+'วันที่ 16'!D199+'วันที่ 17'!D199+'วันที่ 18'!D199+'วันที่ 19'!D199+'วันที่ 20'!D199+'วันที่ 21'!D199+'วันที่ 22'!D199+'วันที่ 23'!D199+'วันที่ 24'!D199+'วันที่ 25'!D199+'วันที่ 26'!D199+'วันที่ 27'!D199+'วันที่ 28'!D199+'วันที่ 29'!D199+'วันที่ 30'!D199+'วันที่ 31'!D199 -> 0 | E199: =+C199+D199 -> 0 | F199: =+'วันที่ 1'!F199+'วันที่ 2'!F199+'วันที่ 3'!F199+'วันที่ 4'!F199+'วันที่ 5'!F199+'วันที่ 6'!F199+'วันที่ 7'!F199+'วันที่ 8'!F199+'วันที่ 9'!F199+'วันที่ 10'!F199+'วันที่ 11'!F199+'วันที่ 12'!F199+'วันที่ 13'!F199+'วันที่ 14'!F199+'วันที่ 15'!F199+'วันที่ 16'!F199+'วันที่ 17'!F199+'วันที่ 18'!F199+'วันที่ 19'!F199+'วันที่ 20'!F199+'วันที่ 21'!F199+'วันที่ 22'!F199+'วันที่ 23'!F199+'วันที่ 24'!F199+'วันที่ 25'!F199+'วันที่ 26'!F199+'วันที่ 27'!F199+'วันที่ 28'!F199+'วันที่ 29'!F199+'วันที่ 30'!F199+'วันที่ 31'!F199 -> 0 | G199: =E199-F199-H199 -> 0 | H199: =+'วันที่ 1'!H199+'วันที่ 2'!H199+'วันที่ 3'!H199+'วันที่ 4'!H199+'วันที่ 5'!H199+'วันที่ 6'!H199+'วันที่ 7'!H199+'วันที่ 8'!H199+'วันที่ 9'!H199+'วันที่ 10'!H199+'วันที่ 11'!H199+'วันที่ 12'!H199+'วันที่ 13'!H199+'วันที่ 14'!H199+'วันที่ 15'!H199+'วันที่ 16'!H199+'วันที่ 17'!H199+'วันที่ 18'!H199+'วันที่ 19'!H199+'วันที่ 20'!H199+'วันที่ 21'!H199+'วันที่ 22'!H199+'วันที่ 23'!H199+'วันที่ 24'!H199+'วันที่ 25'!H199+'วันที่ 26'!H199+'วันที่ 27'!H199+'วันที่ 28'!H199+'วันที่ 29'!H199+'วันที่ 30'!H199+'วันที่ 31'!H199 -> 0 | I199: 0 | J199: =+'วันที่ 1'!J199+'วันที่ 2'!J199+'วันที่ 3'!J199+'วันที่ 4'!J199+'วันที่ 5'!J199+'วันที่ 6'!J199+'วันที่ 7'!J199+'วันที่ 8'!J199+'วันที่ 9'!J199+'วันที่ 10'!J199+'วันที่ 11'!J199+'วันที่ 12'!J199+'วันที่ 13'!J199+'วันที่ 14'!J199+'วันที่ 15'!J199+'วันที่ 16'!J199+'วันที่ 17'!J199+'วันที่ 18'!J199+'วันที่ 19'!J199+'วันที่ 20'!J199+'วันที่ 21'!J199+'วันที่ 22'!J199+'วันที่ 23'!J199+'วันที่ 24'!J199+'วันที่ 25'!J199+'วันที่ 26'!J199+'วันที่ 27'!J199+'วันที่ 28'!J199+'วันที่ 29'!J199+'วันที่ 30'!J199+'วันที่ 31'!J199 -> 0
A200: 196 | C200: =+'วันที่ 1'!C200 -> 0 | D200: =+'วันที่ 1'!D200+'วันที่ 2'!D200+'วันที่ 3'!D200+'วันที่ 4'!D200+'วันที่ 5'!D200+'วันที่ 6'!D200+'วันที่ 7'!D200+'วันที่ 8'!D200+'วันที่ 9'!D200+'วันที่ 10'!D200+'วันที่ 11'!D200+'วันที่ 12'!D200+'วันที่ 13'!D200+'วันที่ 14'!D200+'วันที่ 15'!D200+'วันที่ 16'!D200+'วันที่ 17'!D200+'วันที่ 18'!D200+'วันที่ 19'!D200+'วันที่ 20'!D200+'วันที่ 21'!D200+'วันที่ 22'!D200+'วันที่ 23'!D200+'วันที่ 24'!D200+'วันที่ 25'!D200+'วันที่ 26'!D200+'วันที่ 27'!D200+'วันที่ 28'!D200+'วันที่ 29'!D200+'วันที่ 30'!D200+'วันที่ 31'!D200 -> 0 | E200: =+C200+D200 -> 0 | F200: =+'วันที่ 1'!F200+'วันที่ 2'!F200+'วันที่ 3'!F200+'วันที่ 4'!F200+'วันที่ 5'!F200+'วันที่ 6'!F200+'วันที่ 7'!F200+'วันที่ 8'!F200+'วันที่ 9'!F200+'วันที่ 10'!F200+'วันที่ 11'!F200+'วันที่ 12'!F200+'วันที่ 13'!F200+'วันที่ 14'!F200+'วันที่ 15'!F200+'วันที่ 16'!F200+'วันที่ 17'!F200+'วันที่ 18'!F200+'วันที่ 19'!F200+'วันที่ 20'!F200+'วันที่ 21'!F200+'วันที่ 22'!F200+'วันที่ 23'!F200+'วันที่ 24'!F200+'วันที่ 25'!F200+'วันที่ 26'!F200+'วันที่ 27'!F200+'วันที่ 28'!F200+'วันที่ 29'!F200+'วันที่ 30'!F200+'วันที่ 31'!F200 -> 0 | G200: =E200-F200-H200 -> 0 | H200: =+'วันที่ 1'!H200+'วันที่ 2'!H200+'วันที่ 3'!H200+'วันที่ 4'!H200+'วันที่ 5'!H200+'วันที่ 6'!H200+'วันที่ 7'!H200+'วันที่ 8'!H200+'วันที่ 9'!H200+'วันที่ 10'!H200+'วันที่ 11'!H200+'วันที่ 12'!H200+'วันที่ 13'!H200+'วันที่ 14'!H200+'วันที่ 15'!H200+'วันที่ 16'!H200+'วันที่ 17'!H200+'วันที่ 18'!H200+'วันที่ 19'!H200+'วันที่ 20'!H200+'วันที่ 21'!H200+'วันที่ 22'!H200+'วันที่ 23'!H200+'วันที่ 24'!H200+'วันที่ 25'!H200+'วันที่ 26'!H200+'วันที่ 27'!H200+'วันที่ 28'!H200+'วันที่ 29'!H200+'วันที่ 30'!H200+'วันที่ 31'!H200 -> 0 | I200: 0 | J200: =+'วันที่ 1'!J200+'วันที่ 2'!J200+'วันที่ 3'!J200+'วันที่ 4'!J200+'วันที่ 5'!J200+'วันที่ 6'!J200+'วันที่ 7'!J200+'วันที่ 8'!J200+'วันที่ 9'!J200+'วันที่ 10'!J200+'วันที่ 11'!J200+'วันที่ 12'!J200+'วันที่ 13'!J200+'วันที่ 14'!J200+'วันที่ 15'!J200+'วันที่ 16'!J200+'วันที่ 17'!J200+'วันที่ 18'!J200+'วันที่ 19'!J200+'วันที่ 20'!J200+'วันที่ 21'!J200+'วันที่ 22'!J200+'วันที่ 23'!J200+'วันที่ 24'!J200+'วันที่ 25'!J200+'วันที่ 26'!J200+'วันที่ 27'!J200+'วันที่ 28'!J200+'วันที่ 29'!J200+'วันที่ 30'!J200+'วันที่ 31'!J200 -> 0
A201: 197 | C201: =+'วันที่ 1'!C201 -> 0 | D201: =+'วันที่ 1'!D201+'วันที่ 2'!D201+'วันที่ 3'!D201+'วันที่ 4'!D201+'วันที่ 5'!D201+'วันที่ 6'!D201+'วันที่ 7'!D201+'วันที่ 8'!D201+'วันที่ 9'!D201+'วันที่ 10'!D201+'วันที่ 11'!D201+'วันที่ 12'!D201+'วันที่ 13'!D201+'วันที่ 14'!D201+'วันที่ 15'!D201+'วันที่ 16'!D201+'วันที่ 17'!D201+'วันที่ 18'!D201+'วันที่ 19'!D201+'วันที่ 20'!D201+'วันที่ 21'!D201+'วันที่ 22'!D201+'วันที่ 23'!D201+'วันที่ 24'!D201+'วันที่ 25'!D201+'วันที่ 26'!D201+'วันที่ 27'!D201+'วันที่ 28'!D201+'วันที่ 29'!D201+'วันที่ 30'!D201+'วันที่ 31'!D201 -> 0 | E201: =+C201+D201 -> 0 | F201: =+'วันที่ 1'!F201+'วันที่ 2'!F201+'วันที่ 3'!F201+'วันที่ 4'!F201+'วันที่ 5'!F201+'วันที่ 6'!F201+'วันที่ 7'!F201+'วันที่ 8'!F201+'วันที่ 9'!F201+'วันที่ 10'!F201+'วันที่ 11'!F201+'วันที่ 12'!F201+'วันที่ 13'!F201+'วันที่ 14'!F201+'วันที่ 15'!F201+'วันที่ 16'!F201+'วันที่ 17'!F201+'วันที่ 18'!F201+'วันที่ 19'!F201+'วันที่ 20'!F201+'วันที่ 21'!F201+'วันที่ 22'!F201+'วันที่ 23'!F201+'วันที่ 24'!F201+'วันที่ 25'!F201+'วันที่ 26'!F201+'วันที่ 27'!F201+'วันที่ 28'!F201+'วันที่ 29'!F201+'วันที่ 30'!F201+'วันที่ 31'!F201 -> 0 | G201: =E201-F201-H201 -> 0 | H201: =+'วันที่ 1'!H201+'วันที่ 2'!H201+'วันที่ 3'!H201+'วันที่ 4'!H201+'วันที่ 5'!H201+'วันที่ 6'!H201+'วันที่ 7'!H201+'วันที่ 8'!H201+'วันที่ 9'!H201+'วันที่ 10'!H201+'วันที่ 11'!H201+'วันที่ 12'!H201+'วันที่ 13'!H201+'วันที่ 14'!H201+'วันที่ 15'!H201+'วันที่ 16'!H201+'วันที่ 17'!H201+'วันที่ 18'!H201+'วันที่ 19'!H201+'วันที่ 20'!H201+'วันที่ 21'!H201+'วันที่ 22'!H201+'วันที่ 23'!H201+'วันที่ 24'!H201+'วันที่ 25'!H201+'วันที่ 26'!H201+'วันที่ 27'!H201+'วันที่ 28'!H201+'วันที่ 29'!H201+'วันที่ 30'!H201+'วันที่ 31'!H201 -> 0 | I201: 0 | J201: =+'วันที่ 1'!J201+'วันที่ 2'!J201+'วันที่ 3'!J201+'วันที่ 4'!J201+'วันที่ 5'!J201+'วันที่ 6'!J201+'วันที่ 7'!J201+'วันที่ 8'!J201+'วันที่ 9'!J201+'วันที่ 10'!J201+'วันที่ 11'!J201+'วันที่ 12'!J201+'วันที่ 13'!J201+'วันที่ 14'!J201+'วันที่ 15'!J201+'วันที่ 16'!J201+'วันที่ 17'!J201+'วันที่ 18'!J201+'วันที่ 19'!J201+'วันที่ 20'!J201+'วันที่ 21'!J201+'วันที่ 22'!J201+'วันที่ 23'!J201+'วันที่ 24'!J201+'วันที่ 25'!J201+'วันที่ 26'!J201+'วันที่ 27'!J201+'วันที่ 28'!J201+'วันที่ 29'!J201+'วันที่ 30'!J201+'วันที่ 31'!J201 -> 0
A202: 198 | C202: =+'วันที่ 1'!C202 -> 0 | D202: =+'วันที่ 1'!D202+'วันที่ 2'!D202+'วันที่ 3'!D202+'วันที่ 4'!D202+'วันที่ 5'!D202+'วันที่ 6'!D202+'วันที่ 7'!D202+'วันที่ 8'!D202+'วันที่ 9'!D202+'วันที่ 10'!D202+'วันที่ 11'!D202+'วันที่ 12'!D202+'วันที่ 13'!D202+'วันที่ 14'!D202+'วันที่ 15'!D202+'วันที่ 16'!D202+'วันที่ 17'!D202+'วันที่ 18'!D202+'วันที่ 19'!D202+'วันที่ 20'!D202+'วันที่ 21'!D202+'วันที่ 22'!D202+'วันที่ 23'!D202+'วันที่ 24'!D202+'วันที่ 25'!D202+'วันที่ 26'!D202+'วันที่ 27'!D202+'วันที่ 28'!D202+'วันที่ 29'!D202+'วันที่ 30'!D202+'วันที่ 31'!D202 -> 0 | E202: =+C202+D202 -> 0 | F202: =+'วันที่ 1'!F202+'วันที่ 2'!F202+'วันที่ 3'!F202+'วันที่ 4'!F202+'วันที่ 5'!F202+'วันที่ 6'!F202+'วันที่ 7'!F202+'วันที่ 8'!F202+'วันที่ 9'!F202+'วันที่ 10'!F202+'วันที่ 11'!F202+'วันที่ 12'!F202+'วันที่ 13'!F202+'วันที่ 14'!F202+'วันที่ 15'!F202+'วันที่ 16'!F202+'วันที่ 17'!F202+'วันที่ 18'!F202+'วันที่ 19'!F202+'วันที่ 20'!F202+'วันที่ 21'!F202+'วันที่ 22'!F202+'วันที่ 23'!F202+'วันที่ 24'!F202+'วันที่ 25'!F202+'วันที่ 26'!F202+'วันที่ 27'!F202+'วันที่ 28'!F202+'วันที่ 29'!F202+'วันที่ 30'!F202+'วันที่ 31'!F202 -> 0 | G202: =E202-F202-H202 -> 0 | H202: =+'วันที่ 1'!H202+'วันที่ 2'!H202+'วันที่ 3'!H202+'วันที่ 4'!H202+'วันที่ 5'!H202+'วันที่ 6'!H202+'วันที่ 7'!H202+'วันที่ 8'!H202+'วันที่ 9'!H202+'วันที่ 10'!H202+'วันที่ 11'!H202+'วันที่ 12'!H202+'วันที่ 13'!H202+'วันที่ 14'!H202+'วันที่ 15'!H202+'วันที่ 16'!H202+'วันที่ 17'!H202+'วันที่ 18'!H202+'วันที่ 19'!H202+'วันที่ 20'!H202+'วันที่ 21'!H202+'วันที่ 22'!H202+'วันที่ 23'!H202+'วันที่ 24'!H202+'วันที่ 25'!H202+'วันที่ 26'!H202+'วันที่ 27'!H202+'วันที่ 28'!H202+'วันที่ 29'!H202+'วันที่ 30'!H202+'วันที่ 31'!H202 -> 0 | I202: 0 | J202: =+'วันที่ 1'!J202+'วันที่ 2'!J202+'วันที่ 3'!J202+'วันที่ 4'!J202+'วันที่ 5'!J202+'วันที่ 6'!J202+'วันที่ 7'!J202+'วันที่ 8'!J202+'วันที่ 9'!J202+'วันที่ 10'!J202+'วันที่ 11'!J202+'วันที่ 12'!J202+'วันที่ 13'!J202+'วันที่ 14'!J202+'วันที่ 15'!J202+'วันที่ 16'!J202+'วันที่ 17'!J202+'วันที่ 18'!J202+'วันที่ 19'!J202+'วันที่ 20'!J202+'วันที่ 21'!J202+'วันที่ 22'!J202+'วันที่ 23'!J202+'วันที่ 24'!J202+'วันที่ 25'!J202+'วันที่ 26'!J202+'วันที่ 27'!J202+'วันที่ 28'!J202+'วันที่ 29'!J202+'วันที่ 30'!J202+'วันที่ 31'!J202 -> 0
A203: 199 | C203: =+'วันที่ 1'!C203 -> 0 | D203: =+'วันที่ 1'!D203+'วันที่ 2'!D203+'วันที่ 3'!D203+'วันที่ 4'!D203+'วันที่ 5'!D203+'วันที่ 6'!D203+'วันที่ 7'!D203+'วันที่ 8'!D203+'วันที่ 9'!D203+'วันที่ 10'!D203+'วันที่ 11'!D203+'วันที่ 12'!D203+'วันที่ 13'!D203+'วันที่ 14'!D203+'วันที่ 15'!D203+'วันที่ 16'!D203+'วันที่ 17'!D203+'วันที่ 18'!D203+'วันที่ 19'!D203+'วันที่ 20'!D203+'วันที่ 21'!D203+'วันที่ 22'!D203+'วันที่ 23'!D203+'วันที่ 24'!D203+'วันที่ 25'!D203+'วันที่ 26'!D203+'วันที่ 27'!D203+'วันที่ 28'!D203+'วันที่ 29'!D203+'วันที่ 30'!D203+'วันที่ 31'!D203 -> 0 | E203: =+C203+D203 -> 0 | F203: =+'วันที่ 1'!F203+'วันที่ 2'!F203+'วันที่ 3'!F203+'วันที่ 4'!F203+'วันที่ 5'!F203+'วันที่ 6'!F203+'วันที่ 7'!F203+'วันที่ 8'!F203+'วันที่ 9'!F203+'วันที่ 10'!F203+'วันที่ 11'!F203+'วันที่ 12'!F203+'วันที่ 13'!F203+'วันที่ 14'!F203+'วันที่ 15'!F203+'วันที่ 16'!F203+'วันที่ 17'!F203+'วันที่ 18'!F203+'วันที่ 19'!F203+'วันที่ 20'!F203+'วันที่ 21'!F203+'วันที่ 22'!F203+'วันที่ 23'!F203+'วันที่ 24'!F203+'วันที่ 25'!F203+'วันที่ 26'!F203+'วันที่ 27'!F203+'วันที่ 28'!F203+'วันที่ 29'!F203+'วันที่ 30'!F203+'วันที่ 31'!F203 -> 0 | G203: =E203-F203-H203 -> 0 | H203: =+'วันที่ 1'!H203+'วันที่ 2'!H203+'วันที่ 3'!H203+'วันที่ 4'!H203+'วันที่ 5'!H203+'วันที่ 6'!H203+'วันที่ 7'!H203+'วันที่ 8'!H203+'วันที่ 9'!H203+'วันที่ 10'!H203+'วันที่ 11'!H203+'วันที่ 12'!H203+'วันที่ 13'!H203+'วันที่ 14'!H203+'วันที่ 15'!H203+'วันที่ 16'!H203+'วันที่ 17'!H203+'วันที่ 18'!H203+'วันที่ 19'!H203+'วันที่ 20'!H203+'วันที่ 21'!H203+'วันที่ 22'!H203+'วันที่ 23'!H203+'วันที่ 24'!H203+'วันที่ 25'!H203+'วันที่ 26'!H203+'วันที่ 27'!H203+'วันที่ 28'!H203+'วันที่ 29'!H203+'วันที่ 30'!H203+'วันที่ 31'!H203 -> 0 | I203: 0 | J203: =+'วันที่ 1'!J203+'วันที่ 2'!J203+'วันที่ 3'!J203+'วันที่ 4'!J203+'วันที่ 5'!J203+'วันที่ 6'!J203+'วันที่ 7'!J203+'วันที่ 8'!J203+'วันที่ 9'!J203+'วันที่ 10'!J203+'วันที่ 11'!J203+'วันที่ 12'!J203+'วันที่ 13'!J203+'วันที่ 14'!J203+'วันที่ 15'!J203+'วันที่ 16'!J203+'วันที่ 17'!J203+'วันที่ 18'!J203+'วันที่ 19'!J203+'วันที่ 20'!J203+'วันที่ 21'!J203+'วันที่ 22'!J203+'วันที่ 23'!J203+'วันที่ 24'!J203+'วันที่ 25'!J203+'วันที่ 26'!J203+'วันที่ 27'!J203+'วันที่ 28'!J203+'วันที่ 29'!J203+'วันที่ 30'!J203+'วันที่ 31'!J203 -> 0
A204: 200 | C204: =+'วันที่ 1'!C204 -> 0 | D204: =+'วันที่ 1'!D204+'วันที่ 2'!D204+'วันที่ 3'!D204+'วันที่ 4'!D204+'วันที่ 5'!D204+'วันที่ 6'!D204+'วันที่ 7'!D204+'วันที่ 8'!D204+'วันที่ 9'!D204+'วันที่ 10'!D204+'วันที่ 11'!D204+'วันที่ 12'!D204+'วันที่ 13'!D204+'วันที่ 14'!D204+'วันที่ 15'!D204+'วันที่ 16'!D204+'วันที่ 17'!D204+'วันที่ 18'!D204+'วันที่ 19'!D204+'วันที่ 20'!D204+'วันที่ 21'!D204+'วันที่ 22'!D204+'วันที่ 23'!D204+'วันที่ 24'!D204+'วันที่ 25'!D204+'วันที่ 26'!D204+'วันที่ 27'!D204+'วันที่ 28'!D204+'วันที่ 29'!D204+'วันที่ 30'!D204+'วันที่ 31'!D204 -> 0 | E204: =+C204+D204 -> 0 | F204: =+'วันที่ 1'!F204+'วันที่ 2'!F204+'วันที่ 3'!F204+'วันที่ 4'!F204+'วันที่ 5'!F204+'วันที่ 6'!F204+'วันที่ 7'!F204+'วันที่ 8'!F204+'วันที่ 9'!F204+'วันที่ 10'!F204+'วันที่ 11'!F204+'วันที่ 12'!F204+'วันที่ 13'!F204+'วันที่ 14'!F204+'วันที่ 15'!F204+'วันที่ 16'!F204+'วันที่ 17'!F204+'วันที่ 18'!F204+'วันที่ 19'!F204+'วันที่ 20'!F204+'วันที่ 21'!F204+'วันที่ 22'!F204+'วันที่ 23'!F204+'วันที่ 24'!F204+'วันที่ 25'!F204+'วันที่ 26'!F204+'วันที่ 27'!F204+'วันที่ 28'!F204+'วันที่ 29'!F204+'วันที่ 30'!F204+'วันที่ 31'!F204 -> 0 | G204: =E204-F204-H204 -> 0 | H204: =+'วันที่ 1'!H204+'วันที่ 2'!H204+'วันที่ 3'!H204+'วันที่ 4'!H204+'วันที่ 5'!H204+'วันที่ 6'!H204+'วันที่ 7'!H204+'วันที่ 8'!H204+'วันที่ 9'!H204+'วันที่ 10'!H204+'วันที่ 11'!H204+'วันที่ 12'!H204+'วันที่ 13'!H204+'วันที่ 14'!H204+'วันที่ 15'!H204+'วันที่ 16'!H204+'วันที่ 17'!H204+'วันที่ 18'!H204+'วันที่ 19'!H204+'วันที่ 20'!H204+'วันที่ 21'!H204+'วันที่ 22'!H204+'วันที่ 23'!H204+'วันที่ 24'!H204+'วันที่ 25'!H204+'วันที่ 26'!H204+'วันที่ 27'!H204+'วันที่ 28'!H204+'วันที่ 29'!H204+'วันที่ 30'!H204+'วันที่ 31'!H204 -> 0 | I204: 0 | J204: =+'วันที่ 1'!J204+'วันที่ 2'!J204+'วันที่ 3'!J204+'วันที่ 4'!J204+'วันที่ 5'!J204+'วันที่ 6'!J204+'วันที่ 7'!J204+'วันที่ 8'!J204+'วันที่ 9'!J204+'วันที่ 10'!J204+'วันที่ 11'!J204+'วันที่ 12'!J204+'วันที่ 13'!J204+'วันที่ 14'!J204+'วันที่ 15'!J204+'วันที่ 16'!J204+'วันที่ 17'!J204+'วันที่ 18'!J204+'วันที่ 19'!J204+'วันที่ 20'!J204+'วันที่ 21'!J204+'วันที่ 22'!J204+'วันที่ 23'!J204+'วันที่ 24'!J204+'วันที่ 25'!J204+'วันที่ 26'!J204+'วันที่ 27'!J204+'วันที่ 28'!J204+'วันที่ 29'!J204+'วันที่ 30'!J204+'วันที่ 31'!J204 -> 0
A205: 201 | C205: =+'วันที่ 1'!C205 -> 0 | D205: =+'วันที่ 1'!D205+'วันที่ 2'!D205+'วันที่ 3'!D205+'วันที่ 4'!D205+'วันที่ 5'!D205+'วันที่ 6'!D205+'วันที่ 7'!D205+'วันที่ 8'!D205+'วันที่ 9'!D205+'วันที่ 10'!D205+'วันที่ 11'!D205+'วันที่ 12'!D205+'วันที่ 13'!D205+'วันที่ 14'!D205+'วันที่ 15'!D205+'วันที่ 16'!D205+'วันที่ 17'!D205+'วันที่ 18'!D205+'วันที่ 19'!D205+'วันที่ 20'!D205+'วันที่ 21'!D205+'วันที่ 22'!D205+'วันที่ 23'!D205+'วันที่ 24'!D205+'วันที่ 25'!D205+'วันที่ 26'!D205+'วันที่ 27'!D205+'วันที่ 28'!D205+'วันที่ 29'!D205+'วันที่ 30'!D205+'วันที่ 31'!D205 -> 0 | E205: =+C205+D205 -> 0 | F205: =+'วันที่ 1'!F205+'วันที่ 2'!F205+'วันที่ 3'!F205+'วันที่ 4'!F205+'วันที่ 5'!F205+'วันที่ 6'!F205+'วันที่ 7'!F205+'วันที่ 8'!F205+'วันที่ 9'!F205+'วันที่ 10'!F205+'วันที่ 11'!F205+'วันที่ 12'!F205+'วันที่ 13'!F205+'วันที่ 14'!F205+'วันที่ 15'!F205+'วันที่ 16'!F205+'วันที่ 17'!F205+'วันที่ 18'!F205+'วันที่ 19'!F205+'วันที่ 20'!F205+'วันที่ 21'!F205+'วันที่ 22'!F205+'วันที่ 23'!F205+'วันที่ 24'!F205+'วันที่ 25'!F205+'วันที่ 26'!F205+'วันที่ 27'!F205+'วันที่ 28'!F205+'วันที่ 29'!F205+'วันที่ 30'!F205+'วันที่ 31'!F205 -> 0 | G205: =E205-F205-H205 -> 0 | H205: =+'วันที่ 1'!H205+'วันที่ 2'!H205+'วันที่ 3'!H205+'วันที่ 4'!H205+'วันที่ 5'!H205+'วันที่ 6'!H205+'วันที่ 7'!H205+'วันที่ 8'!H205+'วันที่ 9'!H205+'วันที่ 10'!H205+'วันที่ 11'!H205+'วันที่ 12'!H205+'วันที่ 13'!H205+'วันที่ 14'!H205+'วันที่ 15'!H205+'วันที่ 16'!H205+'วันที่ 17'!H205+'วันที่ 18'!H205+'วันที่ 19'!H205+'วันที่ 20'!H205+'วันที่ 21'!H205+'วันที่ 22'!H205+'วันที่ 23'!H205+'วันที่ 24'!H205+'วันที่ 25'!H205+'วันที่ 26'!H205+'วันที่ 27'!H205+'วันที่ 28'!H205+'วันที่ 29'!H205+'วันที่ 30'!H205+'วันที่ 31'!H205 -> 0 | I205: 0 | J205: =+'วันที่ 1'!J205+'วันที่ 2'!J205+'วันที่ 3'!J205+'วันที่ 4'!J205+'วันที่ 5'!J205+'วันที่ 6'!J205+'วันที่ 7'!J205+'วันที่ 8'!J205+'วันที่ 9'!J205+'วันที่ 10'!J205+'วันที่ 11'!J205+'วันที่ 12'!J205+'วันที่ 13'!J205+'วันที่ 14'!J205+'วันที่ 15'!J205+'วันที่ 16'!J205+'วันที่ 17'!J205+'วันที่ 18'!J205+'วันที่ 19'!J205+'วันที่ 20'!J205+'วันที่ 21'!J205+'วันที่ 22'!J205+'วันที่ 23'!J205+'วันที่ 24'!J205+'วันที่ 25'!J205+'วันที่ 26'!J205+'วันที่ 27'!J205+'วันที่ 28'!J205+'วันที่ 29'!J205+'วันที่ 30'!J205+'วันที่ 31'!J205 -> 0
A206: 202 | C206: =+'วันที่ 1'!C206 -> 0 | D206: =+'วันที่ 1'!D206+'วันที่ 2'!D206+'วันที่ 3'!D206+'วันที่ 4'!D206+'วันที่ 5'!D206+'วันที่ 6'!D206+'วันที่ 7'!D206+'วันที่ 8'!D206+'วันที่ 9'!D206+'วันที่ 10'!D206+'วันที่ 11'!D206+'วันที่ 12'!D206+'วันที่ 13'!D206+'วันที่ 14'!D206+'วันที่ 15'!D206+'วันที่ 16'!D206+'วันที่ 17'!D206+'วันที่ 18'!D206+'วันที่ 19'!D206+'วันที่ 20'!D206+'วันที่ 21'!D206+'วันที่ 22'!D206+'วันที่ 23'!D206+'วันที่ 24'!D206+'วันที่ 25'!D206+'วันที่ 26'!D206+'วันที่ 27'!D206+'วันที่ 28'!D206+'วันที่ 29'!D206+'วันที่ 30'!D206+'วันที่ 31'!D206 -> 0 | E206: =+C206+D206 -> 0 | F206: =+'วันที่ 1'!F206+'วันที่ 2'!F206+'วันที่ 3'!F206+'วันที่ 4'!F206+'วันที่ 5'!F206+'วันที่ 6'!F206+'วันที่ 7'!F206+'วันที่ 8'!F206+'วันที่ 9'!F206+'วันที่ 10'!F206+'วันที่ 11'!F206+'วันที่ 12'!F206+'วันที่ 13'!F206+'วันที่ 14'!F206+'วันที่ 15'!F206+'วันที่ 16'!F206+'วันที่ 17'!F206+'วันที่ 18'!F206+'วันที่ 19'!F206+'วันที่ 20'!F206+'วันที่ 21'!F206+'วันที่ 22'!F206+'วันที่ 23'!F206+'วันที่ 24'!F206+'วันที่ 25'!F206+'วันที่ 26'!F206+'วันที่ 27'!F206+'วันที่ 28'!F206+'วันที่ 29'!F206+'วันที่ 30'!F206+'วันที่ 31'!F206 -> 0 | G206: =E206-F206-H206 -> #VALUE! | H206: =+'วันที่ 1'!H206+'วันที่ 2'!H206+'วันที่ 3'!H206+'วันที่ 4'!H206+'วันที่ 5'!H206+'วันที่ 6'!H206+'วันที่ 7'!H206+'วันที่ 8'!H206+'วันที่ 9'!H206+'วันที่ 10'!H206+'วันที่ 11'!H206+'วันที่ 12'!H206+'วันที่ 13'!H206+'วันที่ 14'!H206+'วันที่ 15'!H206+'วันที่ 16'!H206+'วันที่ 17'!H206+'วันที่ 18'!H206+'วันที่ 19'!H206+'วันที่ 20'!H206+'วันที่ 21'!H206+'วันที่ 22'!H206+'วันที่ 23'!H206+'วันที่ 24'!H206+'วันที่ 25'!H206+'วันที่ 26'!H206+'วันที่ 27'!H206+'วันที่ 28'!H206+'วันที่ 29'!H206+'วันที่ 30'!H206+'วันที่ 31'!H206 -> #VALUE! | I206: 0 | J206: =+'วันที่ 1'!J206+'วันที่ 2'!J206+'วันที่ 3'!J206+'วันที่ 4'!J206+'วันที่ 5'!J206+'วันที่ 6'!J206+'วันที่ 7'!J206+'วันที่ 8'!J206+'วันที่ 9'!J206+'วันที่ 10'!J206+'วันที่ 11'!J206+'วันที่ 12'!J206+'วันที่ 13'!J206+'วันที่ 14'!J206+'วันที่ 15'!J206+'วันที่ 16'!J206+'วันที่ 17'!J206+'วันที่ 18'!J206+'วันที่ 19'!J206+'วันที่ 20'!J206+'วันที่ 21'!J206+'วันที่ 22'!J206+'วันที่ 23'!J206+'วันที่ 24'!J206+'วันที่ 25'!J206+'วันที่ 26'!J206+'วันที่ 27'!J206+'วันที่ 28'!J206+'วันที่ 29'!J206+'วันที่ 30'!J206+'วันที่ 31'!J206 -> 0
A207: 203 | C207: =+'วันที่ 1'!C207 -> 0 | D207: =+'วันที่ 1'!D207+'วันที่ 2'!D207+'วันที่ 3'!D207+'วันที่ 4'!D207+'วันที่ 5'!D207+'วันที่ 6'!D207+'วันที่ 7'!D207+'วันที่ 8'!D207+'วันที่ 9'!D207+'วันที่ 10'!D207+'วันที่ 11'!D207+'วันที่ 12'!D207+'วันที่ 13'!D207+'วันที่ 14'!D207+'วันที่ 15'!D207+'วันที่ 16'!D207+'วันที่ 17'!D207+'วันที่ 18'!D207+'วันที่ 19'!D207+'วันที่ 20'!D207+'วันที่ 21'!D207+'วันที่ 22'!D207+'วันที่ 23'!D207+'วันที่ 24'!D207+'วันที่ 25'!D207+'วันที่ 26'!D207+'วันที่ 27'!D207+'วันที่ 28'!D207+'วันที่ 29'!D207+'วันที่ 30'!D207+'วันที่ 31'!D207 -> 0 | E207: =+C207+D207 -> 0 | F207: =+'วันที่ 1'!F207+'วันที่ 2'!F207+'วันที่ 3'!F207+'วันที่ 4'!F207+'วันที่ 5'!F207+'วันที่ 6'!F207+'วันที่ 7'!F207+'วันที่ 8'!F207+'วันที่ 9'!F207+'วันที่ 10'!F207+'วันที่ 11'!F207+'วันที่ 12'!F207+'วันที่ 13'!F207+'วันที่ 14'!F207+'วันที่ 15'!F207+'วันที่ 16'!F207+'วันที่ 17'!F207+'วันที่ 18'!F207+'วันที่ 19'!F207+'วันที่ 20'!F207+'วันที่ 21'!F207+'วันที่ 22'!F207+'วันที่ 23'!F207+'วันที่ 24'!F207+'วันที่ 25'!F207+'วันที่ 26'!F207+'วันที่ 27'!F207+'วันที่ 28'!F207+'วันที่ 29'!F207+'วันที่ 30'!F207+'วันที่ 31'!F207 -> 0 | G207: =E207-F207-H207 -> 0 | H207: =+'วันที่ 1'!H207+'วันที่ 2'!H207+'วันที่ 3'!H207+'วันที่ 4'!H207+'วันที่ 5'!H207+'วันที่ 6'!H207+'วันที่ 7'!H207+'วันที่ 8'!H207+'วันที่ 9'!H207+'วันที่ 10'!H207+'วันที่ 11'!H207+'วันที่ 12'!H207+'วันที่ 13'!H207+'วันที่ 14'!H207+'วันที่ 15'!H207+'วันที่ 16'!H207+'วันที่ 17'!H207+'วันที่ 18'!H207+'วันที่ 19'!H207+'วันที่ 20'!H207+'วันที่ 21'!H207+'วันที่ 22'!H207+'วันที่ 23'!H207+'วันที่ 24'!H207+'วันที่ 25'!H207+'วันที่ 26'!H207+'วันที่ 27'!H207+'วันที่ 28'!H207+'วันที่ 29'!H207+'วันที่ 30'!H207+'วันที่ 31'!H207 -> 0 | I207: 0 | J207: =+'วันที่ 1'!J207+'วันที่ 2'!J207+'วันที่ 3'!J207+'วันที่ 4'!J207+'วันที่ 5'!J207+'วันที่ 6'!J207+'วันที่ 7'!J207+'วันที่ 8'!J207+'วันที่ 9'!J207+'วันที่ 10'!J207+'วันที่ 11'!J207+'วันที่ 12'!J207+'วันที่ 13'!J207+'วันที่ 14'!J207+'วันที่ 15'!J207+'วันที่ 16'!J207+'วันที่ 17'!J207+'วันที่ 18'!J207+'วันที่ 19'!J207+'วันที่ 20'!J207+'วันที่ 21'!J207+'วันที่ 22'!J207+'วันที่ 23'!J207+'วันที่ 24'!J207+'วันที่ 25'!J207+'วันที่ 26'!J207+'วันที่ 27'!J207+'วันที่ 28'!J207+'วันที่ 29'!J207+'วันที่ 30'!J207+'วันที่ 31'!J207 -> 0
... A223: 219 | C223: =+'วันที่ 1'!C223 -> 0 | D223: =+'วันที่ 1'!D223+'วันที่ 2'!D223+'วันที่ 3'!D223+'วันที่ 4'!D223+'วันที่ 5'!D223+'วันที่ 6'!D223+'วันที่ 7'!D223+'วันที่ 8'!D223+'วันที่ 9'!D223+'วันที่ 10'!D223+'วันที่ 11'!D223+'วันที่ 12'!D223+'วันที่ 13'!D223+'วันที่ 14'!D223+'วันที่ 15'!D223+'วันที่ 16'!D223+'วันที่ 17'!D223+'วันที่ 18'!D223+'วันที่ 19'!D223+'วันที่ 20'!D223+'วันที่ 21'!D223+'วันที่ 22'!D223+'วันที่ 23'!D223+'วันที่ 24'!D223+'วันที่ 25'!D223+'วันที่ 26'!D223+'วันที่ 27'!D223+'วันที่ 28'!D223+'วันที่ 29'!D223+'วันที่ 30'!D223+'วันที่ 31'!D223 -> 0 | E223: =+C223+D223 -> 0 | F223: =+'วันที่ 1'!F223+'วันที่ 2'!F223+'วันที่ 3'!F223+'วันที่ 4'!F223+'วันที่ 5'!F223+'วันที่ 6'!F223+'วันที่ 7'!F223+'วันที่ 8'!F223+'วันที่ 9'!F223+'วันที่ 10'!F223+'วันที่ 11'!F223+'วันที่ 12'!F223+'วันที่ 13'!F223+'วันที่ 14'!F223+'วันที่ 15'!F223+'วันที่ 16'!F223+'วันที่ 17'!F223+'วันที่ 18'!F223+'วันที่ 19'!F223+'วันที่ 20'!F223+'วันที่ 21'!F223+'วันที่ 22'!F223+'วันที่ 23'!F223+'วันที่ 24'!F223+'วันที่ 25'!F223+'วันที่ 26'!F223+'วันที่ 27'!F223+'วันที่ 28'!F223+'วันที่ 29'!F223+'วันที่ 30'!F223+'วันที่ 31'!F223 -> 0 | G223: =E223-F223-H223 -> 0 | H223: =+'วันที่ 1'!H223+'วันที่ 2'!H223+'วันที่ 3'!H223+'วันที่ 4'!H223+'วันที่ 5'!H223+'วันที่ 6'!H223+'วันที่ 7'!H223+'วันที่ 8'!H223+'วันที่ 9'!H223+'วันที่ 10'!H223+'วันที่ 11'!H223+'วันที่ 12'!H223+'วันที่ 13'!H223+'วันที่ 14'!H223+'วันที่ 15'!H223+'วันที่ 16'!H223+'วันที่ 17'!H223+'วันที่ 18'!H223+'วันที่ 19'!H223+'วันที่ 20'!H223+'วันที่ 21'!H223+'วันที่ 22'!H223+'วันที่ 23'!H223+'วันที่ 24'!H223+'วันที่ 25'!H223+'วันที่ 26'!H223+'วันที่ 27'!H223+'วันที่ 28'!H223+'วันที่ 29'!H223+'วันที่ 30'!H223+'วันที่ 31'!H223 -> 0 | I223: 0 | J223: =+'วันที่ 1'!J223+'วันที่ 2'!J223+'วันที่ 3'!J223+'วันที่ 4'!J223+'วันที่ 5'!J223+'วันที่ 6'!J223+'วันที่ 7'!J223+'วันที่ 8'!J223+'วันที่ 9'!J223+'วันที่ 10'!J223+'วันที่ 11'!J223+'วันที่ 12'!J223+'วันที่ 13'!J223+'วันที่ 14'!J223+'วันที่ 15'!J223+'วันที่ 16'!J223+'วันที่ 17'!J223+'วันที่ 18'!J223+'วันที่ 19'!J223+'วันที่ 20'!J223+'วันที่ 21'!J223+'วันที่ 22'!J223+'วันที่ 23'!J223+'วันที่ 24'!J223+'วันที่ 25'!J223+'วันที่ 26'!J223+'วันที่ 27'!J223+'วันที่ 28'!J223+'วันที่ 29'!J223+'วันที่ 30'!J223+'วันที่ 31'!J223 -> 0
A224: 220 | D224: =+'วันที่ 1'!D224+'วันที่ 2'!D224+'วันที่ 3'!D224+'วันที่ 4'!D224+'วันที่ 5'!D224+'วันที่ 6'!D224+'วันที่ 7'!D224+'วันที่ 8'!D224+'วันที่ 9'!D224+'วันที่ 10'!D224+'วันที่ 11'!D224+'วันที่ 12'!D224+'วันที่ 13'!D224+'วันที่ 14'!D224+'วันที่ 15'!D224+'วันที่ 16'!D224+'วันที่ 17'!D224+'วันที่ 18'!D224+'วันที่ 19'!D224+'วันที่ 20'!D224+'วันที่ 21'!D224+'วันที่ 22'!D224+'วันที่ 23'!D224+'วันที่ 24'!D224+'วันที่ 25'!D224+'วันที่ 26'!D224+'วันที่ 27'!D224+'วันที่ 28'!D224+'วันที่ 29'!D224+'วันที่ 30'!D224+'วันที่ 31'!D224 -> 0 | E224: =+C224+D224 -> 0 | F224: =+'วันที่ 1'!F224+'วันที่ 2'!F224+'วันที่ 3'!F224+'วันที่ 4'!F224+'วันที่ 5'!F224+'วันที่ 6'!F224+'วันที่ 7'!F224+'วันที่ 8'!F224+'วันที่ 9'!F224+'วันที่ 10'!F224+'วันที่ 11'!F224+'วันที่ 12'!F224+'วันที่ 13'!F224+'วันที่ 14'!F224+'วันที่ 15'!F224+'วันที่ 16'!F224+'วันที่ 17'!F224+'วันที่ 18'!F224+'วันที่ 19'!F224+'วันที่ 20'!F224+'วันที่ 21'!F224+'วันที่ 22'!F224+'วันที่ 23'!F224+'วันที่ 24'!F224+'วันที่ 25'!F224+'วันที่ 26'!F224+'วันที่ 27'!F224+'วันที่ 28'!F224+'วันที่ 29'!F224+'วันที่ 30'!F224+'วันที่ 31'!F224 -> 0 | G224: =E224-F224-H224 -> 0 | H224: =+'วันที่ 1'!H224+'วันที่ 2'!H224+'วันที่ 3'!H224+'วันที่ 4'!H224+'วันที่ 5'!H224+'วันที่ 6'!H224+'วันที่ 7'!H224+'วันที่ 8'!H224+'วันที่ 9'!H224+'วันที่ 10'!H224+'วันที่ 11'!H224+'วันที่ 12'!H224+'วันที่ 13'!H224+'วันที่ 14'!H224+'วันที่ 15'!H224+'วันที่ 16'!H224+'วันที่ 17'!H224+'วันที่ 18'!H224+'วันที่ 19'!H224+'วันที่ 20'!H224+'วันที่ 21'!H224+'วันที่ 22'!H224+'วันที่ 23'!H224+'วันที่ 24'!H224+'วันที่ 25'!H224+'วันที่ 26'!H224+'วันที่ 27'!H224+'วันที่ 28'!H224+'วันที่ 29'!H224+'วันที่ 30'!H224+'วันที่ 31'!H224 -> 0 | I224: 0 | J224: =+'วันที่ 1'!J224+'วันที่ 2'!J224+'วันที่ 3'!J224+'วันที่ 4'!J224+'วันที่ 5'!J224+'วันที่ 6'!J224+'วันที่ 7'!J224+'วันที่ 8'!J224+'วันที่ 9'!J224+'วันที่ 10'!J224+'วันที่ 11'!J224+'วันที่ 12'!J224+'วันที่ 13'!J224+'วันที่ 14'!J224+'วันที่ 15'!J224+'วันที่ 16'!J224+'วันที่ 17'!J224+'วันที่ 18'!J224+'วันที่ 19'!J224+'วันที่ 20'!J224+'วันที่ 21'!J224+'วันที่ 22'!J224+'วันที่ 23'!J224+'วันที่ 24'!J224+'วันที่ 25'!J224+'วันที่ 26'!J224+'วันที่ 27'!J224+'วันที่ 28'!J224+'วันที่ 29'!J224+'วันที่ 30'!J224+'วันที่ 31'!J224 -> 0
A225: 233
A226: รายละเอียดการจ่ายค่า คอมมิสชั่น
A227: สรุปยอดรับ-จ่าย | C227: ค่าคอมมิสชั่น ร้านลำ 3 | E227: หักค่าใช้จ่ายอื่น | G227: ยอดรวมทั้งหมด | J227: =SUM(J5:J225) -> #VALUE! | K227: โอนหน้าร้าน
A228: ยอดขายหน้าร้าน | B228: =+J230 -> #VALUE! | C228: ยอดขายรวมทั้งหมด | D228: =+J227 -> #VALUE! | E228: ค่าโอนเงิน | F228: =SUM(P36) -> 0 | K228: =+R36 -> 4460
C229: หัก ส่วนลด | D229: =K230 -> 2005 | F229: 0 | G229: หัก สแกนใช้สิทธิ์ | J229: =-O36 -> 0 | K229: หัก ส่วนลด
A230: ส่วนลด | B230: =+D229 -> 2005 | E230: ค่าใช้จ่ายอื่น | F230: =+Q36 -> 0 | G230: ยอดขายไม่รวม สแกนสิทธิ์ | J230: =+J227-J228 -> #VALUE! | K230: =+N36 -> 2005
A231: ยอดขายสุทธิ | B231: =B228-B230 -> #VALUE! | C231: ยอดขายสุทธิ | D231: =+D228-D229 -> #VALUE! | E231: รวมหักอื่นๆ | F231: =SUM(F228:F230) -> 0 | G231: หัก ค่าใช้จ่ายอื่นๆ | J231: =F231 -> 0
C232: หัก ยอดขายขั้นต่ำ | D232: 100000 | G232: ต้องคงเหลือทั้งหมด | J232: =J230-J231-K228-K230 -> #VALUE!
C233: เหลือยอดคิดคอมมิสชั่น | D233: =D231-D232 -> #VALUE! | G233: ยอดที่รับจริง | J233: =+T36 -> 44700
C234: ค่าคอมมิสชั่น 4% | D234: 0 | G234: ขาด | J234: 0
G235: เกิน | J235: =+J233-J232 -> #VALUE!
F236: โอนเงินเข้าบัญชี ธนาคาร ไทยพาณิชย์ คุณภาณุวัชร วัฒนกิจรุ่งโรจน์

Sheet วันที่ 31.1
A2: บูธ ลำ 3 วันที่ 1-31/01/2567 | O2: สินค้า SALE
A3: ลำดับ | B3: รายการ | C3: ยกมา | D3: รับ | E3: รวม | F3: เปลี่ยน/ | G3: คงเหลือ | H3: รายการขาย | K3: หมายเหตุ | L3: ส่วนลด | O3: ลำดับ | P3: รายการ | Q3: ยกมา | R3: รับ | S3: รวม | T3: เปลี่ยน/ | U3: คงเหลือ | V3: รายการขาย | Y3: หมายเหตุ | Z3: ส่วนลด
F4: คืน/เสีย | H4: จำนวน | I4: @ | J4: เป็นเงิน | T4: คืน/เสีย | V4: จำนวน | W4: @ | X4: เป็นเงิน
A5: 1 | B5: ชิฟฟ่อน (ล) | C5: =+'[1]วันที่ 30'!G5 -> 1 | D5: 15 | E5: =C5+D5 -> 16 | F5: 0 | G5: =E5-F5-H5 -> 15 | H5: 1 | I5: 50 | J5: =+I5*H5 -> 50 | K5: - | L5: 0 | M5: =+J5-L5 -> 50 | O5: 1 | Q5: 0 | R5: 0 | S5: =Q5+R5 -> 0 | T5: 0 | U5: =S5-T5-V5 -> 0 | V5: 0 | X5: =+W5*V5 -> 0 | Y5: - | Z5: 0
A6: 2 | B6: ชิฟฟ่อน (ญ) | C6: =+'[1]วันที่ 30'!G6 -> 2 | D6: 15 | E6: =C6+D6 -> 17 | F6: 0 | G6: =E6-F6-H6 -> 16 | H6: 1 | I6: 100 | J6: =+I6*H6 -> 100 | K6: - | L6: 0 | M6: =+J6-L6 -> 100 | O6: 2 | Q6: 0 | R6: 0 | S6: =Q6+R6 -> 0 | T6: 0 | U6: =S6-T6-V6 -> 0 | V6: 0 | X6: =+W6*V6 -> 0 | Y6: - | Z6: 0
A7: 3 | B7: ชิฟฟ่อน (ล) กาแฟ | C7: =+'[1]วันที่ 30'!G7 -> 0 | D7: 0 | E7: =C7+D7 -> 0 | F7: 0 | G7: =E7-F7-H7 -> 0 | H7: 0 | I7: 50 | J7: =+I7*H7 -> 0 | K7: - | L7: 0 | M7: =+J7-L7 -> 0 | O7: 3 | Q7: 0 | R7: 0 | S7: =Q7+R7 -> 0 | T7: 0 | U7: =S7-T7-V7 -> 0 | V7: 0 | X7: =+W7*V7 -> 0 | Y7: - | Z7: 0
A8: 4 | B8: ชิฟฟ่อน (ญ) กาแฟ | C8: =+'[1]วันที่ 30'!G8 -> 0 | D8: 0 | E8: =C8+D8 -> 0 | F8: 0 | G8: =E8-F8-H8 -> 0 | H8: 0 | I8: 100 | J8: =+I8*H8 -> 0 | K8: - | L8: 0 | M8: =+J8-L8 -> 0 | O8: 4 | Q8: 0 | R8: 0 | S8: =Q8+R8 -> 0 | T8: 0 | U8: =S8-T8-V8 -> 0 | V8: 0 | X8: =+W8*V8 -> 0 | Y8: - | Z8: 0
A9: 5 | B9: ชิฟฟ่อนเค้ก 1 ชิ้น | C9: =+'[1]วันที่ 30'!G9 -> 0 | D9: 0 | E9: =C9+D9 -> 0 | F9: 0 | G9: =E9-F9-H9 -> 0 | H9: 0 | I9: 10 | J9: =+I9*H9 -> 0 | K9: - | L9: 0 | M9: =+J9-L9 -> 0 | O9: 5 | Q9: 0 | R9: 0 | S9: =Q9+R9 -> 0 | T9: 0 | U9: =S9-T9-V9 -> 0 | V9: 0 | X9: =+W9*V9 -> 0 | Y9: - | Z9: 0
A10: 6 | B10: ชิฟฟ่อนเค้กสอดไส้แยม 1 ชิ้น | C10: =+'[1]วันที่ 30'!G10 -> 0 | D10: 0 | E10: =C10+D10 -> 0 | F10: 0 | G10: =E10-F10-H10 -> 0 | H10: 0 | I10: 12 | J10: =+I10*H10 -> 0 | K10: - | L10: 0 | M10: =+J10-L10 -> 0 | O10: 6 | Q10: 0 | R10: 0 | S10: =Q10+R10 -> 0 | T10: 0 | U10: =S10-T10-V10 -> 0 | V10: 0 | X10: =+W10*V10 -> 0 | Y10: - | Z10: 0
A11: 7 | B11: ชิฟฟ่อน สอดไส้ (ล) 2 ชิ้น ครีมมะพร้าว | C11: =+'[1]วันที่ 30'!G11 -> 0 | D11: 0 | E11: =C11+D11 -> 0 | F11: 0 | G11: =E11-F11-H11 -> 0 | H11: 0 | I11: 40 | J11: =+I11*H11 -> 0 | K11: - | L11: 0 | M11: =+J11-L11 -> 0 | O11: 7 | Q11: 0 | R11: 0 | S11: =Q11+R11 -> 0 | T11: 0 | U11: =S11-T11-V11 -> 0 | V11: 0 | X11: =+W11*V11 -> 0 | Y11: - | Z11: 0
A12: 8 | B12: ชิฟฟ่อน สอดไส้ (ล) 3 ชิ้น รวมรส | C12: =+'[1]วันที่ 30'!G12 -> 5 | D12: 10 | E12: =C12+D12 -> 15 | F12: 0 | G12: =E12-F12-H12 -> 12 | H12: 3 | I12: 50 | J12: =+I12*H12 -> 150 | K12: แถม 1 | L12: 50 | M12: =+J12-L12 -> 100 | O12: 8 | Q12: 0 | R12: 0 | S12: =Q12+R12 -> 0 | T12: 0 | U12: =S12-T12-V12 -> 0 | V12: 0 | X12: =+W12*V12 -> 0 | Y12: - | Z12: 0
A13: 9 | B13: ชิฟฟ่อน สอดไส้ (ล) 3 ชิ้น เมล่อน | C13: =+'[1]วันที่ 30'!G13 -> 0 | D13: 0 | E13: =C13+D13 -> 0 | F13: 0 | G13: =E13-F13-H13 -> 0 | H13: 0 | I13: 55 | J13: =+I13*H13 -> 0 | K13: - | L13: 0 | M13: =+J13-L13 -> 0 | O13: 9 | Q13: 0 | R13: 0 | S13: =Q13+R13 -> 0 | T13: 0 | U13: =S13-T13-V13 -> 0 | V13: 0 | X13: =+W13*V13 -> 0 | Y13: - | Z13: 0
A14: 10 | B14: ชิฟฟ่อน สอดไส้ (ล) 4 ชิ้น ครีมมะพร้าว | C14: =+'[1]วันที่ 30'!G14 -> 0 | D14: 0 | E14: =C14+D14 -> 0 | F14: 0 | G14: =E14-F14-H14 -> 0 | H14: 0 | I14: 65 | J14: =+I14*H14 -> 0 | K14: - | L14: 0 | M14: =+J14-L14 -> 0 | O14: 10 | Q14: 0 | R14: 0 | S14: =Q14+R14 -> 0 | T14: 0 | U14: =S14-T14-V14 -> 0 | V14: 0 | X14: =+W14*V14 -> 0 | Y14: - | Z14: 0
A15: 11 | B15: ชิฟฟ่อน สอดไส้ (ล) 3 ชิ้น แยมส้ม | C15: =+'[1]วันที่ 30'!G15 -> 4 | D15: 0 | E15: =C15+D15 -> 4 | F15: 0 | G15: =E15-F15-H15 -> 4 | H15: 0 | I15: 50 | J15: =+I15*H15 -> 0 | K15: - | L15: 0 | M15: =+J15-L15 -> 0 | O15: 11 | Q15: 0 | R15: 0 | S15: =Q15+R15 -> 0 | T15: 0 | U15: =S15-T15-V15 -> 0 | V15: 0 | X15: =+W15*V15 -> 0 | Y15: - | Z15: 0
A16: 12 | B16: ชิฟฟ่อน สอดไส้ (ล) 3 ชิ้น บลูเบอรี่ | C16: =+'[1]วันที่ 30'!G16 -> 4 | D16: 0 | E16: =C16+D16 -> 4 | F16: 0 | G16: =E16-F16-H16 -> 4 | H16: 0 | I16: 50 | J16: =+I16*H16 -> 0 | K16: - | L16: 0 | M16: =+J16-L16 -> 0 | O16: 12 | Q16: 0 | R16: 0 | S16: =Q16+R16 -> 0 | T16: 0 | U16: =S16-T16-V16 -> 0 | V16: 0 | X16: =+W16*V16 -> 0 | Y16: - | Z16: 0
... A103: 99 | B103: ไดฟุกุ 8 ชิ้น | C103: =+'[1]วันที่ 30'!G103 -> 0 | D103: 0 | E103: =C103+D103 -> 0 | F103: 0 | G103: =E103-F103-H103 -> 0 | H103: 0 | I103: 100 | J103: =+I103*H103 -> 0 | K103: - | L103: 0 | M103: =+J103-L103 -> 0 | O103: 99 | Q103: 0 | R103: 0 | S103: =Q103+R103 -> 0 | T103: 0 | U103: =S103-T103-V103 -> 0 | V103: 0 | X103: =+W103*V103 -> 0 | Y103: - | Z103: 0
A104: 100 | B104: หมูทุบ | C104: =+'[1]วันที่ 30'!G104 -> 0 | D104: 0 | E104: =C104+D104 -> 0 | F104: 0 | G104: =E104-F104-H104 -> 0 | H104: 0 | I104: 100 | J104: =+I104*H104 -> 0 | K104: - | L104: 0 | M104: =+J104-L104 -> 0 | O104: 100 | Q104: 0 | R104: 0 | S104: =Q104+R104 -> 0 | T104: 0 | U104: =S104-T104-V104 -> 0 | V104: 0 | X104: =+W104*V104 -> 0 | Z104: 0
A105: 101 | B105: ดอกจอก | C105: =+'[1]วันที่ 30'!G105 -> 0 | D105: 0 | E105: =C105+D105 -> 0 | F105: 0 | G105: =E105-F105-H105 -> 0 | H105: 0 | I105: 30 | J105: =+I105*H105 -> 0 | K105: - | L105: 0 | M105: =+J105-L105 -> 0 | Z105: =SUM(Z5:Z104) -> 0
A106: 102 | B106: เทียน | C106: =+'[1]วันที่ 30'!G106 -> 0 | D106: 0 | E106: =C106+D106 -> 0 | F106: 0 | G106: =E106-F106-H106 -> 0 | H106: 0 | I106: 20 | J106: =+I106*H106 -> 0 | K106: - | L106: 0 | M106: =+J106-L106 -> 0
A107: 103 | B107: ขนมอาลัวแฟนซี | C107: =+'[1]วันที่ 30'!G107 -> 0 | D107: 0 | E107: =C107+D107 -> 0 | F107: 0 | G107: =E107-F107-H107 -> 0 | H107: 0 | I107: 100 | J107: =+I107*H107 -> 0 | K107: - | L107: 0 | M107: =+J107-L107 -> 0 | P107: รวม | X107: =SUM(X5:X104) -> 0
A108: 104 | B108: ชูนัทคุกกี้ | C108: =+'[1]วันที่ 30'!G108 -> 0 | D108: 0 | E108: =C108+D108 -> 0 | F108: 0 | G108: =E108-F108-H108 -> 0 | H108: 0 | I108: 80 | J108: =+I108*H108 -> 0 | K108: - | L108: 0 | M108: =+J108-L108 -> 0
A109: 105 | B109: วุ้นแฟนซี | C109: =+'[1]วันที่ 30'!G109 -> 0 | D109: 0 | E109: =C109+D109 -> 0 | F109: 0 | G109: =E109-F109-H109 -> 0 | H109: 0 | I109: 60 | J109: =+I109*H109 -> 0 | K109: - | L109: 0 | M109: =+J109-L109 -> 0
A110: 106 | B110: เค้กสามเหลี่ยม มะพร้าว | C110: =+'[1]วันที่ 30'!G110 -> 0 | D110: 0 | E110: =C110+D110 -> 0 | F110: 0 | G110: =E110-F110-H110 -> 0 | H110: 0 | I110: 35 | J110: =+I110*H110 -> 0 | K110: - | L110: 0 | M110: =+J110-L110 -> 0
A111: 107 | B111: เค้กสามเหลี่ยม สตอเบอรี่ | C111: =+'[1]วันที่ 30'!G111 -> 0 | D111: 0 | E111: =C111+D111 -> 0 | F111: 0 | G111: =E111-F111-H111 -> 0 | H111: 0 | I111: 35 | J111: =+I111*H111 -> 0 | K111: - | L111: 0 | M111: =+J111-L111 -> 0
A112: 108 | B112: เค้กสามเหลี่ยม บลูเบอรี่ | C112: =+'[1]วันที่ 30'!G112 -> 0 | D112: 0 | E112: =C112+D112 -> 0 | F112: 0 | G112: =E112-F112-H112 -> 0 | H112: 0 | I112: 35 | J112: =+I112*H112 -> 0 | K112: - | L112: 0 | M112: =+J112-L112 -> 0
A113: 109 | B113: เค้กสามเหลี่ยม รสส้ม | C113: =+'[1]วันที่ 30'!G113 -> 0 | D113: 0 | E113: =C113+D113 -> 0 | F113: 0 | G113: =E113-F113-H113 -> 0 | H113: 0 | I113: 35 | J113: =+I113*H113 -> 0 | K113: - | L113: 0 | M113: =+J113-L113 -> 0
A114: 110 | B114: เค้กสามเหลี่ยม รสช็อกโกโอริโอ้ | C114: =+'[1]วันที่ 30'!G114 -> 0 | D114: 0 | E114: =C114+D114 -> 0 | F114: 0 | G114: =E114-F114-H114 -> 0 | H114: 0 | I114: 35 | J114: =+I114*H114 -> 0 | K114: - | L114: 0 | M114: =+J114-L114 -> 0
A115: 111 | B115: สตอเบอร์รี่ครีมเค้ก | C115: =+'[1]วันที่ 30'!G115 -> 0 | D115: 0 | E115: =C115+D115 -> 0 | F115: 0 | G115: =E115-F115-H115 -> 0 | H115: 0 | I115: 50 | J115: =+I115*H115 -> 0 | K115: - | L115: 0 | M115: =+J115-L115 -> 0
A116: 112 | B116: บลูเบอร์รี่ครีมเค้ก | C116: =+'[1]วันที่ 30'!G116 -> 0 | D116: 0 | E116: =C116+D116 -> 0 | F116: 0 | G116: =E116-F116-H116 -> 0 | H116: 0 | I116: 50 | J116: =+I116*H116 -> 0 | K116: - | L116: 0 | M116: =+J116-L116 -> 0
A117: 113 | B117: เค้กส้ม | C117: =+'[1]วันที่ 30'!G117 -> 0 | D117: 0 | E117: =C117+D117 -> 0 | F117: 0 | G117: =E117-F117-H117 -> 0 | H117: 0 | I117: 50 | J117: =+I117*H117 -> 0 | K117: - | L117: 0 | M117: =+J117-L117 -> 0
A118: 114 | B118: วนิลาครีมเค้ก | C118: =+'[1]วันที่ 30'!G118 -> 0 | D118: 0 | E118: =C118+D118 -> 0 | F118: 0 | G118: =E118-F118-H118 -> 0 | H118: 0 | I118: 50 | J118: =+I118*H118 -> 0 | K118: - | L118: 0 | M118: =+J118-L118 -> 0
A119: 115 | B119: ใบเตยครีมเค้ก | C119: =+'[1]วันที่ 30'!G119 -> 0 | D119: 0 | E119: =C119+D119 -> 0 | F119: 0 | G119: =E119-F119-H119 -> 0 | H119: 0 | I119: 50 | J119: =+I119*H119 -> 0 | K119: - | L119: 0 | M119: =+J119-L119 -> 0
... A194: 190 | B194: เค้กโบราณคริสมาศ | C194: =+'[1]วันที่ 30'!G194 -> 0 | D194: 0 | E194: =C194+D194 -> 0 | F194: 0 | G194: =E194-F194-H194 -> 0 | H194: 0 | I194: 50 | J194: =+I194*H194 -> 0 | K194: - | L194: 0 | M194: =+J194-L194 -> 0
A195: 191 | C195: =+'[1]วันที่ 30'!G195 -> 0 | D195: 0 | E195: =C195+D195 -> 0 | F195: 0 | G195: =E195-F195-H195 -> 0 | H195: 0 | I195: 0 | J195: =+I195*H195 -> 0 | K195: - | L195: 0 | M195: =+J195-L195 -> 0
A196: 192 | C196: =+'[1]วันที่ 30'!G196 -> 0 | D196: 0 | E196: =C196+D196 -> 0 | F196: 0 | G196: =E196-F196-H196 -> 0 | H196: 0 | I196: 0 | J196: =+I196*H196 -> 0 | K196: - | L196: 0 | M196: =+J196-L196 -> 0
A197: 193 | C197: =+'[1]วันที่ 30'!G197 -> 0 | D197: 0 | E197: =C197+D197 -> 0 | F197: 0 | G197: =E197-F197-H197 -> 0 | H197: 0 | I197: 0 | J197: =+I197*H197 -> 0 | K197: - | L197: 0 | M197: =+J197-L197 -> 0
A198: 194 | C198: =+'[1]วันที่ 30'!G198 -> 0 | D198: 0 | E198: =C198+D198 -> 0 | F198: 0 | G198: =E198-F198-H198 -> 0 | H198: 0 | I198: 0 | J198: =+I198*H198 -> 0 | K198: - | L198: 0 | M198: =+J198-L198 -> 0
A199: 195 | C199: =+'[1]วันที่ 30'!G199 -> 0 | D199: 0 | E199: =C199+D199 -> 0 | F199: 0 | G199: =E199-F199-H199 -> 0 | H199: 0 | I199: 0 | J199: =+I199*H199 -> 0 | K199: - | L199: 0 | M199: =+J199-L199 -> 0
A200: 196 | C200: =+'[1]วันที่ 30'!G200 -> 0 | D200: 0 | E200: =C200+D200 -> 0 | F200: 0 | G200: =E200-F200-H200 -> 0 | H200: 0 | I200: 0 | J200: =+I200*H200 -> 0 | K200: - | L200: 0 | M200: =+J200-L200 -> 0
A201: 197 | C201: =+'[1]วันที่ 30'!G201 -> 0 | D201: 0 | E201: =C201+D201 -> 0 | F201: 0 | G201: =E201-F201-H201 -> 0 | H201: 0 | I201: 0 | J201: =+I201*H201 -> 0 | K201: - | L201: 0 | M201: =+J201-L201 -> 0
A202: 198 | C202: =+'[1]วันที่ 30'!G202 -> 0 | D202: 0 | E202: =C202+D202 -> 0 | F202: 0 | G202: =E202-F202-H202 -> 0 | H202: 0 | I202: 0 | J202: =+I202*H202 -> 0 | K202: - | L202: 0 | M202: =+J202-L202 -> 0
A203: 199 | C203: =+'[1]วันที่ 30'!G203 -> 0 | D203: 0 | E203: =C203+D203 -> 0 | F203: 0 | G203: =E203-F203-H203 -> 0 | H203: 0 | I203: 0 | J203: =+I203*H203 -> 0 | K203: - | L203: 0 | M203: =+J203-L203 -> 0
A204: 200 | C204: =+'[1]วันที่ 30'!G204 -> 0 | D204: 0 | E204: =C204+D204 -> 0 | F204: 0 | G204: =E204-F204-H204 -> 0 | H204: 0 | I204: 0 | J204: =+I204*H204 -> 0 | K204: - | L204: 0 | M204: =+J204-L204 -> 0
L205: 0 | M205: ส่วนลดสินค้า SALE
H206: ยอดขายสินค้า SALE | J206: =+X107 -> 0
I207: รวมทั้งหมด | K207: =SUM(J5:J206) -> 2455
I208: หัก ค่าโอนเงิน | K208: 0
I209: หัก โอนหน้าร้าน | K209: =SUM(L209:BO209) -> 230 | L209: 150 | M209: 80
I210: สแกนใช้สิทธิ์ | K210: 0
I211: หัก ค่าใช้จ่ายอื่นๆ | K211: 0
I212: หัก ส่วนลด | K212: =SUM(L5:L205) -> 230
I213: ต้องคงเหลือทั้งหมด | K213: =K207-K208-K209-K211-K212 -> 1995
I214: ยอดที่รับจริง | K214: 1995
I215: ขาด | K215: =+K214-K213 -> 0
I216: เกิน | K216: =+K214-K213 -> 0
J218: ยอดขายหักส่วนลด | K218: =+K207-K212+K215 -> 2225
J219: ยอดเงินสด | K219: =SUM(K208:K211) -> 230
J220: ยอดโอน | K220: =+K214 -> 1995

Sheet วันที่ 1
A2: บูธ ลำ 3 วันที่ 1-31/01/2567 | O2: สินค้า SALE
A3: ลำดับ | B3: รายการ | C3: ยกมา | D3: รับ | E3: รวม | F3: เปลี่ยน/ | G3: คงเหลือ | H3: รายการขาย | K3: หมายเหตุ | L3: ส่วนลด | O3: ลำดับ | P3: รายการ | Q3: ยกมา | R3: รับ | S3: รวม | T3: เปลี่ยน/ | U3: คงเหลือ | V3: รายการขาย | Y3: หมายเหตุ | Z3: ส่วนลด
F4: คืน/เสีย | H4: จำนวน | I4: @ | J4: เป็นเงิน | T4: คืน/เสีย | V4: จำนวน | W4: @ | X4: เป็นเงิน
A5: 1 | B5: ชิฟฟ่อน (ล) | C5: =+'วันที่ 31.1'!G5 -> 15 | D5: 0 | E5: =C5+D5 -> 15 | F5: 0 | G5: =E5-F5-H5 -> 12 | H5: 3 | I5: 50 | J5: =+I5*H5 -> 150 | K5: แถม 1 | L5: 50 | M5: =+J5-L5 -> 100 | O5: 1 | Q5: 0 | R5: 0 | S5: =Q5+R5 -> 0 | T5: 0 | U5: =S5-T5-V5 -> 0 | V5: 0 | X5: =+W5*V5 -> 0 | Y5: - | Z5: 0
A6: 2 | B6: ชิฟฟ่อน (ญ) | C6: =+'วันที่ 31.1'!G6 -> 16 | D6: 0 | E6: =C6+D6 -> 16 | F6: 0 | G6: =E6-F6-H6 -> 15 | H6: 1 | I6: 100 | J6: =+I6*H6 -> 100 | K6: - | L6: 0 | M6: =+J6-L6 -> 100 | O6: 2 | Q6: 0 | R6: 0 | S6: =Q6+R6 -> 0 | T6: 0 | U6: =S6-T6-V6 -> 0 | V6: 0 | X6: =+W6*V6 -> 0 | Y6: - | Z6: 0
A7: 3 | B7: ชิฟฟ่อน (ล) กาแฟ | C7: =+'วันที่ 31.1'!G7 -> 0 | D7: 0 | E7: =C7+D7 -> 0 | F7: 0 | G7: =E7-F7-H7 -> 0 | H7: 0 | I7: 50 | J7: =+I7*H7 -> 0 | K7: - | L7: 0 | M7: =+J7-L7 -> 0 | O7: 3 | Q7: 0 | R7: 0 | S7: =Q7+R7 -> 0 | T7: 0 | U7: =S7-T7-V7 -> 0 | V7: 0 | X7: =+W7*V7 -> 0 | Y7: - | Z7: 0
A8: 4 | B8: ชิฟฟ่อน (ญ) กาแฟ | C8: =+'วันที่ 31.1'!G8 -> 0 | D8: 0 | E8: =C8+D8 -> 0 | F8: 0 | G8: =E8-F8-H8 -> 0 | H8: 0 | I8: 100 | J8: =+I8*H8 -> 0 | K8: - | L8: 0 | M8: =+J8-L8 -> 0 | O8: 4 | Q8: 0 | R8: 0 | S8: =Q8+R8 -> 0 | T8: 0 | U8: =S8-T8-V8 -> 0 | V8: 0 | X8: =+W8*V8 -> 0 | Y8: - | Z8: 0
A9: 5 | B9: ชิฟฟ่อนเค้ก 1 ชิ้น | C9: =+'วันที่ 31.1'!G9 -> 0 | D9: 0 | E9: =C9+D9 -> 0 | F9: 0 | G9: =E9-F9-H9 -> 0 | H9: 0 | I9: 10 | J9: =+I9*H9 -> 0 | K9: - | L9: 0 | M9: =+J9-L9 -> 0 | O9: 5 | Q9: 0 | R9: 0 | S9: =Q9+R9 -> 0 | T9: 0 | U9: =S9-T9-V9 -> 0 | V9: 0 | X9: =+W9*V9 -> 0 | Y9: - | Z9: 0
A10: 6 | B10: ชิฟฟ่อนเค้กสอดไส้แยม 1 ชิ้น | C10: =+'วันที่ 31.1'!G10 -> 0 | D10: 0 | E10: =C10+D10 -> 0 | F10: 0 | G10: =E10-F10-H10 -> 0 | H10: 0 | I10: 12 | J10: =+I10*H10 -> 0 | K10: - | L10: 0 | M10: =+J10-L10 -> 0 | O10: 6 | Q10: 0 | R10: 0 | S10: =Q10+R10 -> 0 | T10: 0 | U10: =S10-T10-V10 -> 0 | V10: 0 | X10: =+W10*V10 -> 0 | Y10: - | Z10: 0
A11: 7 | B11: ชิฟฟ่อน สอดไส้ (ล) 2 ชิ้น ครีมมะพร้าว | C11: =+'วันที่ 31.1'!G11 -> 0 | D11: 0 | E11: =C11+D11 -> 0 | F11: 0 | G11: =E11-F11-H11 -> 0 | H11: 0 | I11: 40 | J11: =+I11*H11 -> 0 | K11: - | L11: 0 | M11: =+J11-L11 -> 0 | O11: 7 | Q11: 0 | R11: 0 | S11: =Q11+R11 -> 0 | T11: 0 | U11: =S11-T11-V11 -> 0 | V11: 0 | X11: =+W11*V11 -> 0 | Y11: - | Z11: 0
A12: 8 | B12: ชิฟฟ่อน สอดไส้ (ล) 3 ชิ้น รวมรส | C12: =+'วันที่ 31.1'!G12 -> 12 | D12: 0 | E12: =C12+D12 -> 12 | F12: 0 | G12: =E12-F12-H12 -> 9 | H12: 3 | I12: 50 | J12: =+I12*H12 -> 150 | K12: - | L12: 0 | M12: =+J12-L12 -> 150 | O12: 8 | Q12: 0 | R12: 0 | S12: =Q12+R12 -> 0 | T12: 0 | U12: =S12-T12-V12 -> 0 | V12: 0 | X12: =+W12*V12 -> 0 | Y12: - | Z12: 0
A13: 9 | B13: ชิฟฟ่อน สอดไส้ (ล) 3 ชิ้น เมล่อน | C13: =+'วันที่ 31.1'!G13 -> 0 | D13: 0 | E13: =C13+D13 -> 0 | F13: 0 | G13: =E13-F13-H13 -> 0 | H13: 0 | I13: 55 | J13: =+I13*H13 -> 0 | K13: - | L13: 0 | M13: =+J13-L13 -> 0 | O13: 9 | Q13: 0 | R13: 0 | S13: =Q13+R13 -> 0 | T13: 0 | U13: =S13-T13-V13 -> 0 | V13: 0 | X13: =+W13*V13 -> 0 | Y13: - | Z13: 0
A14: 10 | B14: ชิฟฟ่อน สอดไส้ (ล) 4 ชิ้น ครีมมะพร้าว | C14: =+'วันที่ 31.1'!G14 -> 0 | D14: 0 | E14: =C14+D14 -> 0 | F14: 0 | G14: =E14-F14-H14 -> 0 | H14: 0 | I14: 65 | J14: =+I14*H14 -> 0 | K14: - | L14: 0 | M14: =+J14-L14 -> 0 | O14: 10 | Q14: 0 | R14: 0 | S14: =Q14+R14 -> 0 | T14: 0 | U14: =S14-T14-V14 -> 0 | V14: 0 | X14: =+W14*V14 -> 0 | Y14: - | Z14: 0
A15: 11 | B15: ชิฟฟ่อน สอดไส้ (ล) 3 ชิ้น แยมส้ม | C15: =+'วันที่ 31.1'!G15 -> 4 | D15: 0 | E15: =C15+D15 -> 4 | F15: 0 | G15: =E15-F15-H15 -> 2 | H15: 2 | I15: 50 | J15: =+I15*H15 -> 100 | K15: - | L15: 0 | M15: =+J15-L15 -> 100 | O15: 11 | Q15: 0 | R15: 0 | S15: =Q15+R15 -> 0 | T15: 0 | U15: =S15-T15-V15 -> 0 | V15: 0 | X15: =+W15*V15 -> 0 | Y15: - | Z15: 0
A16: 12 | B16: ชิฟฟ่อน สอดไส้ (ล) 3 ชิ้น บลูเบอรี่ | C16: =+'วันที่ 31.1'!G16 -> 4 | D16: 0 | E16: =C16+D16 -> 4 | F16: 0 | G16: =E16-F16-H16 -> 3 | H16: 1 | I16: 50 | J16: =+I16*H16 -> 50 | K16: - | L16: 0 | M16: =+J16-L16 -> 50 | O16: 12 | Q16: 0 | R16: 0 | S16: =Q16+R16 -> 0 | T16: 0 | U16: =S16-T16-V16 -> 0 | V16: 0 | X16: =+W16*V16 -> 0 | Y16: - | Z16: 0
... A103: 99 | B103: ไดฟุกุ 8 ชิ้น | C103: =+'วันที่ 31.1'!G103 -> 0 | D103: 0 | E103: =C103+D103 -> 0 | F103: 0 | G103: =E103-F103-H103 -> 0 | H103: 0 | I103: 100 | J103: =+I103*H103 -> 0 | K103: - | L103: 0 | M103: =+J103-L103 -> 0 | O103: 99 | Q103: 0 | R103: 0 | S103: =Q103+R103 -> 0 | T103: 0 | U103: =S103-T103-V103 -> 0 | V103: 0 | X103: =+W103*V103 -> 0 | Y103: - | Z103: 0
A104: 100 | B104: หมูทุบ | C104: =+'วันที่ 31.1'!G104 -> 0 | D104: 0 | E104: =C104+D104 -> 0 | F104: 0 | G104: =E104-F104-H104 -> 0 | H104: 0 | I104: 100 | J104: =+I104*H104 -> 0 | K104: - | L104: 0 | M104: =+J104-L104 -> 0 | O104: 100 | Q104: 0 | R104: 0 | S104: =Q104+R104 -> 0 | T104: 0 | U104: =S104-T104-V104 -> 0 | V104: 0 | X104: =+W104*V104 -> 0 | Z104: 0
A105: 101 | B105: ดอกจอก | C105: =+'วันที่ 31.1'!G105 -> 0 | D105: 0 | E105: =C105+D105 -> 0 | F105: 0 | G105: =E105-F105-H105 -> 0 | H105: 0 | I105: 30 | J105: =+I105*H105 -> 0 | K105: - | L105: 0 | M105: =+J105-L105 -> 0 | Z105: =SUM(Z5:Z104) -> 0
A106: 102 | B106: เทียน | C106: =+'วันที่ 31.1'!G106 -> 0 | D106: 0 | E106: =C106+D106 -> 0 | F106: 0 | G106: =E106-F106-H106 -> 0 | H106: 0 | I106: 20 | J106: =+I106*H106 -> 0 | K106: - | L106: 0 | M106: =+J106-L106 -> 0
A107: 103 | B107: ขนมอาลัวแฟนซี | C107: =+'วันที่ 31.1'!G107 -> 0 | D107: 0 | E107: =C107+D107 -> 0 | F107: 0 | G107: =E107-F107-H107 -> 0 | H107: 0 | I107: 100 | J107: =+I107*H107 -> 0 | K107: - | L107: 0 | M107: =+J107-L107 -> 0 | P107: รวม | X107: =SUM(X5:X104) -> 0
A108: 104 | B108: ชูนัทคุกกี้ | C108: =+'วันที่ 31.1'!G108 -> 0 | D108: 0 | E108: =C108+D108 -> 0 | F108: 0 | G108: =E108-F108-H108 -> 0 | H108: 0 | I108: 80 | J108: =+I108*H108 -> 0 | K108: - | L108: 0 | M108: =+J108-L108 -> 0
A109: 105 | B109: วุ้นแฟนซี | C109: =+'วันที่ 31.1'!G109 -> 0 | D109: 0 | E109: =C109+D109 -> 0 | F109: 0 | G109: =E109-F109-H109 -> 0 | H109: 0 | I109: 60 | J109: =+I109*H109 -> 0 | K109: - | L109: 0 | M109: =+J109-L109 -> 0
A110: 106 | B110: เค้กสามเหลี่ยม มะพร้าว | C110: =+'วันที่ 31.1'!G110 -> 0 | D110: 0 | E110: =C110+D110 -> 0 | F110: 0 | G110: =E110-F110-H110 -> 0 | H110: 0 | I110: 35 | J110: =+I110*H110 -> 0 | K110: - | L110: 0 | M110: =+J110-L110 -> 0
A111: 107 | B111: เค้กสามเหลี่ยม สตอเบอรี่ | C111: =+'วันที่ 31.1'!G111 -> 0 | D111: 0 | E111: =C111+D111 -> 0 | F111: 0 | G111: =E111-F111-H111 -> 0 | H111: 0 | I111: 35 | J111: =+I111*H111 -> 0 | K111: - | L111: 0 | M111: =+J111-L111 -> 0
A112: 108 | B112: เค้กสามเหลี่ยม บลูเบอรี่ | C112: =+'วันที่ 31.1'!G112 -> 0 | D112: 0 | E112: =C112+D112 -> 0 | F112: 0 | G112: =E112-F112-H112 -> 0 | H112: 0 | I112: 35 | J112: =+I112*H112 -> 0 | K112: - | L112: 0 | M112: =+J112-L112 -> 0
A113: 109 | B113: เค้กสามเหลี่ยม รสส้ม | C113: =+'วันที่ 31.1'!G113 -> 0 | D113: 0 | E113: =C113+D113 -> 0 | F113: 0 | G113: =E113-F113-H113 -> 0 | H113: 0 | I113: 35 | J113: =+I113*H113 -> 0 | K113: - | L113: 0 | M113: =+J113-L113 -> 0
A114: 110 | B114: เค้กสามเหลี่ยม รสช็อกโกโอริโอ้ | C114: =+'วันที่ 31.1'!G114 -> 0 | D114: 0 | E114: =C114+D114 -> 0 | F114: 0 | G114: =E114-F114-H114 -> 0 | H114: 0 | I114: 35 | J114: =+I114*H114 -> 0 | K114: - | L114: 0 | M114: =+J114-L114 -> 0
A115: 111 | B115: สตอเบอร์รี่ครีมเค้ก | C115: =+'วันที่ 31.1'!G115 -> 0 | D115: 0 | E115: =C115+D115 -> 0 | F115: 0 | G115: =E115-F115-H115 -> 0 | H115: 0 | I115: 50 | J115: =+I115*H115 -> 0 | K115: - | L115: 0 | M115: =+J115-L115 -> 0
A116: 112 | B116: บลูเบอร์รี่ครีมเค้ก | C116: =+'วันที่ 31.1'!G116 -> 0 | D116: 0 | E116: =C116+D116 -> 0 | F116: 0 | G116: =E116-F116-H116 -> 0 | H116: 0 | I116: 50 | J116: =+I116*H116 -> 0 | K116: - | L116: 0 | M116: =+J116-L116 -> 0
A117: 113 | B117: เค้กส้ม | C117: =+'วันที่ 31.1'!G117 -> 0 | D117: 0 | E117: =C117+D117 -> 0 | F117: 0 | G117: =E117-F117-H117 -> 0 | H117: 0 | I117: 50 | J117: =+I117*H117 -> 0 | K117: - | L117: 0 | M117: =+J117-L117 -> 0
A118: 114 | B118: วนิลาครีมเค้ก | C118: =+'วันที่ 31.1'!G118 -> 0 | D118: 0 | E118: =C118+D118 -> 0 | F118: 0 | G118: =E118-F118-H118 -> 0 | H118: 0 | I118: 50 | J118: =+I118*H118 -> 0 | K118: - | L118: 0 | M118: =+J118-L118 -> 0
A119: 115 | B119: ใบเตยครีมเค้ก | C119: =+'วันที่ 31.1'!G119 -> 0 | D119: 0 | E119: =C119+D119 -> 0 | F119: 0 | G119: =E119-F119-H119 -> 0 | H119: 0 | I119: 50 | J119: =+I119*H119 -> 0 | K119: - | L119: 0 | M119: =+J119-L119 -> 0
... A194: 190 | B194: เค้กโบราณคริสมาศ | C194: =+'วันที่ 31.1'!G194 -> 0 | D194: 0 | E194: =C194+D194 -> 0 | F194: 0 | G194: =E194-F194-H194 -> 0 | H194: 0 | I194: 50 | J194: =+I194*H194 -> 0 | K194: - | L194: 0 | M194: =+J194-L194 -> 0
A195: 191 | C195: =+'วันที่ 31.1'!G195 -> 0 | D195: 0 | E195: =C195+D195 -> 0 | F195: 0 | G195: =E195-F195-H195 -> 0 | H195: 0 | I195: 0 | J195: =+I195*H195 -> 0 | K195: - | L195: 0 | M195: =+J195-L195 -> 0
A196: 192 | C196: =+'วันที่ 31.1'!G196 -> 0 | D196: 0 | E196: =C196+D196 -> 0 | F196: 0 | G196: =E196-F196-H196 -> 0 | H196: 0 | I196: 0 | J196: =+I196*H196 -> 0 | K196: - | L196: 0 | M196: =+J196-L196 -> 0
A197: 193 | C197: =+'วันที่ 31.1'!G197 -> 0 | D197: 0 | E197: =C197+D197 -> 0 | F197: 0 | G197: =E197-F197-H197 -> 0 | H197: 0 | I197: 0 | J197: =+I197*H197 -> 0 | K197: - | L197: 0 | M197: =+J197-L197 -> 0
A198: 194 | C198: =+'วันที่ 31.1'!G198 -> 0 | D198: 0 | E198: =C198+D198 -> 0 | F198: 0 | G198: =E198-F198-H198 -> 0 | H198: 0 | I198: 0 | J198: =+I198*H198 -> 0 | K198: - | L198: 0 | M198: =+J198-L198 -> 0
A199: 195 | C199: =+'วันที่ 31.1'!G199 -> 0 | D199: 0 | E199: =C199+D199 -> 0 | F199: 0 | G199: =E199-F199-H199 -> 0 | H199: 0 | I199: 0 | J199: =+I199*H199 -> 0 | K199: - | L199: 0 | M199: =+J199-L199 -> 0
A200: 196 | C200: =+'วันที่ 31.1'!G200 -> 0 | D200: 0 | E200: =C200+D200 -> 0 | F200: 0 | G200: =E200-F200-H200 -> 0 | H200: 0 | I200: 0 | J200: =+I200*H200 -> 0 | K200: - | L200: 0 | M200: =+J200-L200 -> 0
A201: 197 | C201: =+'วันที่ 31.1'!G201 -> 0 | D201: 0 | E201: =C201+D201 -> 0 | F201: 0 | G201: =E201-F201-H201 -> 0 | H201: 0 | I201: 0 | J201: =+I201*H201 -> 0 | K201: - | L201: 0 | M201: =+J201-L201 -> 0
A202: 198 | C202: =+'วันที่ 31.1'!G202 -> 0 | D202: 0 | E202: =C202+D202 -> 0 | F202: 0 | G202: =E202-F202-H202 -> 0 | H202: 0 | I202: 0 | J202: =+I202*H202 -> 0 | K202: - | L202: 0 | M202: =+J202-L202 -> 0
A203: 199 | C203: =+'วันที่ 31.1'!G203 -> 0 | D203: 0 | E203: =C203+D203 -> 0 | F203: 0 | G203: =E203-F203-H203 -> 0 | H203: 0 | I203: 0 | J203: =+I203*H203 -> 0 | K203: - | L203: 0 | M203: =+J203-L203 -> 0
A204: 200 | C204: =+'วันที่ 31.1'!G204 -> 0 | D204: 0 | E204: =C204+D204 -> 0 | F204: 0 | G204: =E204-F204-H204 -> 0 | H204: 0 | I204: 0 | J204: =+I204*H204 -> 0 | K204: - | L204: 0 | M204: =+J204-L204 -> 0
L205: 0 | M205: ส่วนลดสินค้า SALE
H206: ยอดขายสินค้า SALE | J206: =+X107 -> 0
I207: รวมทั้งหมด | K207: =SUM(J5:J206) -> 2680
I208: หัก ค่าโอนเงิน | K208: 0
I209: หัก โอนหน้าร้าน | K209: =SUM(L209:BO209) -> 650 | L209: 520 | M209: 130
I210: สแกนใช้สิทธิ์ | K210: 0
I211: หัก ค่าใช้จ่ายอื่นๆ | K211: 0
I212: หัก ส่วนลด | K212: =SUM(L5:L205) -> 50
I213: ต้องคงเหลือทั้งหมด | K213: =K207-K208-K209-K211-K212 -> 1980
I214: ยอดที่รับจริง | K214: 1980
I215: ขาด | K215: =+K214-K213 -> 0
I216: เกิน | K216: =+K214-K213 -> 0
J218: ยอดขายหักส่วนลด | K218: =+K207-K212+K215 -> 2630
J219: ยอดเงินสด | K219: =SUM(K208:K209) -> 650
J220: ยอดโอน | K220: =+K214 -> 1980

Sheet วันที่ 2
A2: บูธ ลำ 3 วันที่ 1-31/01/2567 | O2: สินค้า SALE
A3: ลำดับ | B3: รายการ | C3: ยกมา | D3: รับ | E3: รวม | F3: เปลี่ยน/ | G3: คงเหลือ | H3: รายการขาย | K3: หมายเหตุ | L3: ส่วนลด | O3: ลำดับ | P3: รายการ | Q3: ยกมา | R3: รับ | S3: รวม | T3: เปลี่ยน/ | U3: คงเหลือ | V3: รายการขาย | Y3: หมายเหตุ | Z3: ส่วนลด
F4: คืน/เสีย | H4: จำนวน | I4: @ | J4: เป็นเงิน | T4: คืน/เสีย | V4: จำนวน | W4: @ | X4: เป็นเงิน
A5: 1 | B5: ชิฟฟ่อน (ล) | C5: =+'วันที่ 1'!G5 -> 12 | D5: 10 | E5: =C5+D5 -> 22 | F5: 0 | G5: =E5-F5-H5 -> 21 | H5: 1 | I5: 50 | J5: =+I5*H5 -> 50 | K5: - | L5: 0 | M5: =+J5-L5 -> 50 | O5: 1 | Q5: 0 | R5: 0 | S5: =Q5+R5 -> 0 | T5: 0 | U5: =S5-T5-V5 -> 0 | V5: 0 | X5: =+W5*V5 -> 0 | Y5: - | Z5: 0
A6: 2 | B6: ชิฟฟ่อน (ญ) | C6: =+'วันที่ 1'!G6 -> 15 | D6: 15 | E6: =C6+D6 -> 30 | F6: 0 | G6: =E6-F6-H6 -> 25 | H6: 5 | I6: 100 | J6: =+I6*H6 -> 500 | K6: - | L6: 0 | M6: =+J6-L6 -> 500 | O6: 2 | Q6: 0 | R6: 0 | S6: =Q6+R6 -> 0 | T6: 0 | U6: =S6-T6-V6 -> 0 | V6: 0 | X6: =+W6*V6 -> 0 | Y6: - | Z6: 0
A7: 3 | B7: ชิฟฟ่อน (ล) กาแฟ | C7: =+'วันที่ 1'!G7 -> 0 | D7: 0 | E7: =C7+D7 -> 0 | F7: 0 | G7: =E7-F7-H7 -> 0 | H7: 0 | I7: 50 | J7: =+I7*H7 -> 0 | K7: - | L7: 0 | M7: =+J7-L7 -> 0 | O7: 3 | Q7: 0 | R7: 0 | S7: =Q7+R7 -> 0 | T7: 0 | U7: =S7-T7-V7 -> 0 | V7: 0 | X7: =+W7*V7 -> 0 | Y7: - | Z7: 0
A8: 4 | B8: ชิฟฟ่อน (ญ) กาแฟ | C8: =+'วันที่ 1'!G8 -> 0 | D8: 0 | E8: =C8+D8 -> 0 | F8: 0 | G8: =E8-F8-H8 -> 0 | H8: 0 | I8: 100 | J8: =+I8*H8 -> 0 | K8: - | L8: 0 | M8: =+J8-L8 -> 0 | O8: 4 | Q8: 0 | R8: 0 | S8: =Q8+R8 -> 0 | T8: 0 | U8: =S8-T8-V8 -> 0 | V8: 0 | X8: =+W8*V8 -> 0 | Y8: - | Z8: 0
A9: 5 | B9: ชิฟฟ่อนเค้ก 1 ชิ้น | C9: =+'วันที่ 1'!G9 -> 0 | D9: 0 | E9: =C9+D9 -> 0 | F9: 0 | G9: =E9-F9-H9 -> 0 | H9: 0 | I9: 10 | J9: =+I9*H9 -> 0 | K9: - | L9: 0 | M9: =+J9-L9 -> 0 | O9: 5 | Q9: 0 | R9: 0 | S9: =Q9+R9 -> 0 | T9: 0 | U9: =S9-T9-V9 -> 0 | V9: 0 | X9: =+W9*V9 -> 0 | Y9: - | Z9: 0
A10: 6 | B10: ชิฟฟ่อนเค้กสอดไส้แยม 1 ชิ้น | C10: =+'วันที่ 1'!G10 -> 0 | D10: 0 | E10: =C10+D10 -> 0 | F10: 0 | G10: =E10-F10-H10 -> 0 | H10: 0 | I10: 12 | J10: =+I10*H10 -> 0 | K10: - | L10: 0 | M10: =+J10-L10 -> 0 | O10: 6 | Q10: 0 | R10: 0 | S10: =Q10+R10 -> 0 | T10: 0 | U10: =S10-T10-V10 -> 0 | V10: 0 | X10: =+W10*V10 -> 0 | Y10: - | Z10: 0
A11: 7 | B11: ชิฟฟ่อน สอดไส้ (ล) 2 ชิ้น ครีมมะพร้าว | C11: =+'วันที่ 1'!G11 -> 0 | D11: 0 | E11: =C11+D11 -> 0 | F11: 0 | G11: =E11-F11-H11 -> 0 | H11: 0 | I11: 40 | J11: =+I11*H11 -> 0 | K11: - | L11: 0 | M11: =+J11-L11 -> 0 | O11: 7 | Q11: 0 | R11: 0 | S11: =Q11+R11 -> 0 | T11: 0 | U11: =S11-T11-V11 -> 0 | V11: 0 | X11: =+W11*V11 -> 0 | Y11: - | Z11: 0
A12: 8 | B12: ชิฟฟ่อน สอดไส้ (ล) 3 ชิ้น รวมรส | C12: =+'วันที่ 1'!G12 -> 9 | D12: 10 | E12: =C12+D12 -> 19 | F12: 0 | G12: =E12-F12-H12 -> 14 | H12: 5 | I12: 50 | J12: =+I12*H12 -> 250 | K12: - | L12: 0 | M12: =+J12-L12 -> 250 | O12: 8 | Q12: 0 | R12: 0 | S12: =Q12+R12 -> 0 | T12: 0 | U12: =S12-T12-V12 -> 0 | V12: 0 | X12: =+W12*V12 -> 0 | Y12: - | Z12: 0
A13: 9 | B13: ชิฟฟ่อน สอดไส้ (ล) 3 ชิ้น เมล่อน | C13: =+'วันที่ 1'!G13 -> 0 | D13: 0 | E13: =C13+D13 -> 0 | F13: 0 | G13: =E13-F13-H13 -> 0 | H13: 0 | I13: 55 | J13: =+I13*H13 -> 0 | K13: - | L13: 0 | M13: =+J13-L13 -> 0 | O13: 9 | Q13: 0 | R13: 0 | S13: =Q13+R13 -> 0 | T13: 0 | U13: =S13-T13-V13 -> 0 | V13: 0 | X13: =+W13*V13 -> 0 | Y13: - | Z13: 0
A14: 10 | B14: ชิฟฟ่อน สอดไส้ (ล) 4 ชิ้น ครีมมะพร้าว | C14: =+'วันที่ 1'!G14 -> 0 | D14: 5 | E14: =C14+D14 -> 5 | F14: 0 | G14: =E14-F14-H14 -> 5 | H14: 0 | I14: 65 | J14: =+I14*H14 -> 0 | K14: - | L14: 0 | M14: =+J14-L14 -> 0 | O14: 10 | Q14: 0 | R14: 0 | S14: =Q14+R14 -> 0 | T14: 0 | U14: =S14-T14-V14 -> 0 | V14: 0 | X14: =+W14*V14 -> 0 | Y14: - | Z14: 0
A15: 11 | B15: ชิฟฟ่อน สอดไส้ (ล) 3 ชิ้น แยมส้ม | C15: =+'วันที่ 1'!G15 -> 2 | D15: 2 | E15: =C15+D15 -> 4 | F15: 0 | G15: =E15-F15-H15 -> 4 | H15: 0 | I15: 50 | J15: =+I15*H15 -> 0 | K15: - | L15: 0 | M15: =+J15-L15 -> 0 | O15: 11 | Q15: 0 | R15: 0 | S15: =Q15+R15 -> 0 | T15: 0 | U15: =S15-T15-V15 -> 0 | V15: 0 | X15: =+W15*V15 -> 0 | Y15: - | Z15: 0
A16: 12 | B16: ชิฟฟ่อน สอดไส้ (ล) 3 ชิ้น บลูเบอรี่ | C16: =+'วันที่ 1'!G16 -> 3 | D16: 2 | E16: =C16+D16 -> 5 | F16: 0 | G16: =E16-F16-H16 -> 5 | H16: 0 | I16: 50 | J16: =+I16*H16 -> 0 | K16: - | L16: 0 | M16: =+J16-L16 -> 0 | O16: 12 | Q16: 0 | R16: 0 | S16: =Q16+R16 -> 0 | T16: 0 | U16: =S16-T16-V16 -> 0 | V16: 0 | X16: =+W16*V16 -> 0 | Y16: - | Z16: 0
... A103: 99 | B103: ไดฟุกุ 8 ชิ้น | C103: =+'วันที่ 1'!G103 -> 0 | D103: 0 | E103: =C103+D103 -> 0 | F103: 0 | G103: =E103-F103-H103 -> 0 | H103: 0 | I103: 100 | J103: =+I103*H103 -> 0 | K103: - | L103: 0 | M103: =+J103-L103 -> 0 | O103: 99 | Q103: 0 | R103: 0 | S103: =Q103+R103 -> 0 | T103: 0 | U103: =S103-T103-V103 -> 0 | V103: 0 | X103: =+W103*V103 -> 0 | Y103: - | Z103: 0
A104: 100 | B104: หมูทุบ | C104: =+'วันที่ 1'!G104 -> 0 | D104: 0 | E104: =C104+D104 -> 0 | F104: 0 | G104: =E104-F104-H104 -> 0 | H104: 0 | I104: 100 | J104: =+I104*H104 -> 0 | K104: - | L104: 0 | M104: =+J104-L104 -> 0 | O104: 100 | Q104: 0 | R104: 0 | S104: =Q104+R104 -> 0 | T104: 0 | U104: =S104-T104-V104 -> 0 | V104: 0 | X104: =+W104*V104 -> 0 | Z104: 0
A105: 101 | B105: ดอกจอก | C105: =+'วันที่ 1'!G105 -> 0 | D105: 0 | E105: =C105+D105 -> 0 | F105: 0 | G105: =E105-F105-H105 -> 0 | H105: 0 | I105: 30 | J105: =+I105*H105 -> 0 | K105: - | L105: 0 | M105: =+J105-L105 -> 0 | Z105: =SUM(Z5:Z104) -> 0
A106: 102 | B106: เทียน | C106: =+'วันที่ 1'!G106 -> 0 | D106: 0 | E106: =C106+D106 -> 0 | F106: 0 | G106: =E106-F106-H106 -> 0 | H106: 0 | I106: 20 | J106: =+I106*H106 -> 0 | K106: - | L106: 0 | M106: =+J106-L106 -> 0
A107: 103 | B107: ขนมอาลัวแฟนซี | C107: =+'วันที่ 1'!G107 -> 0 | D107: 0 | E107: =C107+D107 -> 0 | F107: 0 | G107: =E107-F107-H107 -> 0 | H107: 0 | I107: 100 | J107: =+I107*H107 -> 0 | K107: - | L107: 0 | M107: =+J107-L107 -> 0 | P107: รวม | X107: =SUM(X5:X104) -> 0
A108: 104 | B108: ชูนัทคุกกี้ | C108: =+'วันที่ 1'!G108 -> 0 | D108: 0 | E108: =C108+D108 -> 0 | F108: 0 | G108: =E108-F108-H108 -> 0 | H108: 0 | I108: 80 | J108: =+I108*H108 -> 0 | K108: - | L108: 0 | M108: =+J108-L108 -> 0
A109: 105 | B109: วุ้นแฟนซี | C109: =+'วันที่ 1'!G109 -> 0 | D109: 0 | E109: =C109+D109 -> 0 | F109: 0 | G109: =E109-F109-H109 -> 0 | H109: 0 | I109: 60 | J109: =+I109*H109 -> 0 | K109: - | L109: 0 | M109: =+J109-L109 -> 0
A110: 106 | B110: เค้กสามเหลี่ยม มะพร้าว | C110: =+'วันที่ 1'!G110 -> 0 | D110: 0 | E110: =C110+D110 -> 0 | F110: 0 | G110: =E110-F110-H110 -> 0 | H110: 0 | I110: 35 | J110: =+I110*H110 -> 0 | K110: - | L110: 0 | M110: =+J110-L110 -> 0
A111: 107 | B111: เค้กสามเหลี่ยม สตอเบอรี่ | C111: =+'วันที่ 1'!G111 -> 0 | D111: 0 | E111: =C111+D111 -> 0 | F111: 0 | G111: =E111-F111-H111 -> 0 | H111: 0 | I111: 35 | J111: =+I111*H111 -> 0 | K111: - | L111: 0 | M111: =+J111-L111 -> 0
A112: 108 | B112: เค้กสามเหลี่ยม บลูเบอรี่ | C112: =+'วันที่ 1'!G112 -> 0 | D112: 0 | E112: =C112+D112 -> 0 | F112: 0 | G112: =E112-F112-H112 -> 0 | H112: 0 | I112: 35 | J112: =+I112*H112 -> 0 | K112: - | L112: 0 | M112: =+J112-L112 -> 0
A113: 109 | B113: เค้กสามเหลี่ยม รสส้ม | C113: =+'วันที่ 1'!G113 -> 0 | D113: 0 | E113: =C113+D113 -> 0 | F113: 0 | G113: =E113-F113-H113 -> 0 | H113: 0 | I113: 35 | J113: =+I113*H113 -> 0 | K113: - | L113: 0 | M113: =+J113-L113 -> 0
A114: 110 | B114: เค้กสามเหลี่ยม รสช็อกโกโอริโอ้ | C114: =+'วันที่ 1'!G114 -> 0 | D114: 0 | E114: =C114+D114 -> 0 | F114: 0 | G114: =E114-F114-H114 -> 0 | H114: 0 | I114: 35 | J114: =+I114*H114 -> 0 | K114: - | L114: 0 | M114: =+J114-L114 -> 0
A115: 111 | B115: สตอเบอร์รี่ครีมเค้ก | C115: =+'วันที่ 1'!G115 -> 0 | D115: 0 | E115: =C115+D115 -> 0 | F115: 0 | G115: =E115-F115-H115 -> 0 | H115: 0 | I115: 50 | J115: =+I115*H115 -> 0 | K115: - | L115: 0 | M115: =+J115-L115 -> 0
A116: 112 | B116: บลูเบอร์รี่ครีมเค้ก | C116: =+'วันที่ 1'!G116 -> 0 | D116: 0 | E116: =C116+D116 -> 0 | F116: 0 | G116: =E116-F116-H116 -> 0 | H116: 0 | I116: 50 | J116: =+I116*H116 -> 0 | K116: - | L116: 0 | M116: =+J116-L116 -> 0
A117: 113 | B117: เค้กส้ม | C117: =+'วันที่ 1'!G117 -> 0 | D117: 0 | E117: =C117+D117 -> 0 | F117: 0 | G117: =E117-F117-H117 -> 0 | H117: 0 | I117: 50 | J117: =+I117*H117 -> 0 | K117: - | L117: 0 | M117: =+J117-L117 -> 0
A118: 114 | B118: วนิลาครีมเค้ก | C118: =+'วันที่ 1'!G118 -> 0 | D118: 0 | E118: =C118+D118 -> 0 | F118: 0 | G118: =E118-F118-H118 -> 0 | H118: 0 | I118: 50 | J118: =+I118*H118 -> 0 | K118: - | L118: 0 | M118: =+J118-L118 -> 0
A119: 115 | B119: ใบเตยครีมเค้ก | C119: =+'วันที่ 1'!G119 -> 0 | D119: 0 | E119: =C119+D119 -> 0 | F119: 0 | G119: =E119-F119-H119 -> 0 | H119: 0 | I119: 50 | J119: =+I119*H119 -> 0 | K119: - | L119: 0 | M119: =+J119-L119 -> 0
... A194: 190 | B194: เค้กโบราณคริสมาศ | C194: =+'วันที่ 1'!G194 -> 0 | D194: 0 | E194: =C194+D194 -> 0 | F194: 0 | G194: =E194-F194-H194 -> 0 | H194: 0 | I194: 50 | J194: =+I194*H194 -> 0 | K194: - | L194: 0 | M194: =+J194-L194 -> 0
A195: 191 | C195: =+'วันที่ 1'!G195 -> 0 | D195: 0 | E195: =C195+D195 -> 0 | F195: 0 | G195: =E195-F195-H195 -> 0 | H195: 0 | I195: 0 | J195: =+I195*H195 -> 0 | K195: - | L195: 0 | M195: =+J195-L195 -> 0
A196: 192 | C196: =+'วันที่ 1'!G196 -> 0 | D196: 0 | E196: =C196+D196 -> 0 | F196: 0 | G196: =E196-F196-H196 -> 0 | H196: 0 | I196: 0 | J196: =+I196*H196 -> 0 | K196: - | L196: 0 | M196: =+J196-L196 -> 0
A197: 193 | C197: =+'วันที่ 1'!G197 -> 0 | D197: 0 | E197: =C197+D197 -> 0 | F197: 0 | G197: =E197-F197-H197 -> 0 | H197: 0 | I197: 0 | J197: =+I197*H197 -> 0 | K197: - | L197: 0 | M197: =+J197-L197 -> 0
A198: 194 | C198: =+'วันที่ 1'!G198 -> 0 | D198: 0 | E198: =C198+D198 -> 0 | F198: 0 | G198: =E198-F198-H198 -> 0 | H198: 0 | I198: 0 | J198: =+I198*H198 -> 0 | K198: - | L198: 0 | M198: =+J198-L198 -> 0
A199: 195 | C199: =+'วันที่ 1'!G199 -> 0 | D199: 0 | E199: =C199+D199 -> 0 | F199: 0 | G199: =E199-F199-H199 -> 0 | H199: 0 | I199: 0 | J199: =+I199*H199 -> 0 | K199: - | L199: 0 | M199: =+J199-L199 -> 0
A200: 196 | C200: =+'วันที่ 1'!G200 -> 0 | D200: 0 | E200: =C200+D200 -> 0 | F200: 0 | G200: =E200-F200-H200 -> 0 | H200: 0 | I200: 0 | J200: =+I200*H200 -> 0 | K200: - | L200: 0 | M200: =+J200-L200 -> 0
A201: 197 | C201: =+'วันที่ 1'!G201 -> 0 | D201: 0 | E201: =C201+D201 -> 0 | F201: 0 | G201: =E201-F201-H201 -> 0 | H201: 0 | I201: 0 | J201: =+I201*H201 -> 0 | K201: - | L201: 0 | M201: =+J201-L201 -> 0
A202: 198 | C202: =+'วันที่ 1'!G202 -> 0 | D202: 0 | E202: =C202+D202 -> 0 | F202: 0 | G202: =E202-F202-H202 -> 0 | H202: 0 | I202: 0 | J202: =+I202*H202 -> 0 | K202: - | L202: 0 | M202: =+J202-L202 -> 0
A203: 199 | C203: =+'วันที่ 1'!G203 -> 0 | D203: 0 | E203: =C203+D203 -> 0 | F203: 0 | G203: =E203-F203-H203 -> 0 | H203: 0 | I203: 0 | J203: =+I203*H203 -> 0 | K203: - | L203: 0 | M203: =+J203-L203 -> 0
A204: 200 | C204: =+'วันที่ 1'!G204 -> 0 | D204: 0 | E204: =C204+D204 -> 0 | F204: 0 | G204: =E204-F204-H204 -> 0 | H204: 0 | I204: 0 | J204: =+I204*H204 -> 0 | K204: - | L204: 0 | M204: =+J204-L204 -> 0
L205: 0 | M205: ส่วนลดสินค้า SALE
H206: ยอดขายสินค้า SALE | J206: =+X107 -> 0
I207: รวมทั้งหมด | K207: =SUM(J5:J206) -> 2250
I208: หัก ค่าโอนเงิน | K208: 0
I209: หัก โอนหน้าร้าน | K209: =SUM(L209:BO209) -> 485 | L209: 85 | M209: 50 | N209: 150 | O209: 200
I210: สแกนใช้สิทธิ์ | K210: 0
I211: หัก ค่าใช้จ่ายอื่นๆ | K211: 0
I212: หัก ส่วนลด | K212: =SUM(L5:L205) -> 0
I213: ต้องคงเหลือทั้งหมด | K213: =K207-K208-K209-K211-K212 -> 1765
I214: ยอดที่รับจริง | K214: 1765
I215: ขาด | K215: =+K214-K213 -> 0
I216: เกิน | K216: =+K214-K213 -> 0
J218: ยอดขายหักส่วนลด | K218: =+K207-K212+K215 -> 2250
J219: ยอดเงินสด | K219: =SUM(K208:K209) -> 485
J220: ยอดโอน | K220: =+K214 -> 1765

Sheet วันที่ 3
A2: บูธ ลำ 3 วันที่ 1-31/01/2567 | O2: สินค้า SALE
A3: ลำดับ | B3: รายการ | C3: ยกมา | D3: รับ | E3: รวม | F3: เปลี่ยน/ | G3: คงเหลือ | H3: รายการขาย | K3: หมายเหตุ | L3: ส่วนลด | O3: ลำดับ | P3: รายการ | Q3: ยกมา | R3: รับ | S3: รวม | T3: เปลี่ยน/ | U3: คงเหลือ | V3: รายการขาย | Y3: หมายเหตุ | Z3: ส่วนลด
F4: คืน/เสีย | H4: จำนวน | I4: @ | J4: เป็นเงิน | T4: คืน/เสีย | V4: จำนวน | W4: @ | X4: เป็นเงิน
A5: 1 | B5: ชิฟฟ่อน (ล) | C5: =+'วันที่ 2'!G5 -> 21 | D5: 0 | E5: =C5+D5 -> 21 | F5: 0 | G5: =E5-F5-H5 -> 18 | H5: 3 | I5: 50 | J5: =+I5*H5 -> 150 | K5: แถม 1 | L5: 50 | M5: =+J5-L5 -> 100 | O5: 1 | Q5: 0 | R5: 0 | S5: =Q5+R5 -> 0 | T5: 0 | U5: =S5-T5-V5 -> 0 | V5: 0 | X5: =+W5*V5 -> 0 | Y5: - | Z5: 0
A6: 2 | B6: ชิฟฟ่อน (ญ) | C6: =+'วันที่ 2'!G6 -> 25 | D6: 0 | E6: =C6+D6 -> 25 | F6: 0 | G6: =E6-F6-H6 -> 22 | H6: 3 | I6: 100 | J6: =+I6*H6 -> 300 | K6: - | L6: 0 | M6: =+J6-L6 -> 300 | O6: 2 | Q6: 0 | R6: 0 | S6: =Q6+R6 -> 0 | T6: 0 | U6: =S6-T6-V6 -> 0 | V6: 0 | X6: =+W6*V6 -> 0 | Y6: - | Z6: 0
A7: 3 | B7: ชิฟฟ่อน (ล) กาแฟ | C7: =+'วันที่ 2'!G7 -> 0 | D7: 0 | E7: =C7+D7 -> 0 | F7: 0 | G7: =E7-F7-H7 -> 0 | H7: 0 | I7: 50 | J7: =+I7*H7 -> 0 | K7: - | L7: 0 | M7: =+J7-L7 -> 0 | O7: 3 | Q7: 0 | R7: 0 | S7: =Q7+R7 -> 0 | T7: 0 | U7: =S7-T7-V7 -> 0 | V7: 0 | X7: =+W7*V7 -> 0 | Y7: - | Z7: 0
A8: 4 | B8: ชิฟฟ่อน (ญ) กาแฟ | C8: =+'วันที่ 2'!G8 -> 0 | D8: 0 | E8: =C8+D8 -> 0 | F8: 0 | G8: =E8-F8-H8 -> 0 | H8: 0 | I8: 100 | J8: =+I8*H8 -> 0 | K8: - | L8: 0 | M8: =+J8-L8 -> 0 | O8: 4 | Q8: 0 | R8: 0 | S8: =Q8+R8 -> 0 | T8: 0 | U8: =S8-T8-V8 -> 0 | V8: 0 | X8: =+W8*V8 -> 0 | Y8: - | Z8: 0
A9: 5 | B9: ชิฟฟ่อนเค้ก 1 ชิ้น | C9: =+'วันที่ 2'!G9 -> 0 | D9: 0 | E9: =C9+D9 -> 0 | F9: 0 | G9: =E9-F9-H9 -> 0 | H9: 0 | I9: 10 | J9: =+I9*H9 -> 0 | K9: - | L9: 0 | M9: =+J9-L9 -> 0 | O9: 5 | Q9: 0 | R9: 0 | S9: =Q9+R9 -> 0 | T9: 0 | U9: =S9-T9-V9 -> 0 | V9: 0 | X9: =+W9*V9 -> 0 | Y9: - | Z9: 0
A10: 6 | B10: ชิฟฟ่อนเค้กสอดไส้แยม 1 ชิ้น | C10: =+'วันที่ 2'!G10 -> 0 | D10: 0 | E10: =C10+D10 -> 0 | F10: 0 | G10: =E10-F10-H10 -> 0 | H10: 0 | I10: 12 | J10: =+I10*H10 -> 0 | K10: - | L10: 0 | M10: =+J10-L10 -> 0 | O10: 6 | Q10: 0 | R10: 0 | S10: =Q10+R10 -> 0 | T10: 0 | U10: =S10-T10-V10 -> 0 | V10: 0 | X10: =+W10*V10 -> 0 | Y10: - | Z10: 0
A11: 7 | B11: ชิฟฟ่อน สอดไส้ (ล) 2 ชิ้น ครีมมะพร้าว | C11: =+'วันที่ 2'!G11 -> 0 | D11: 0 | E11: =C11+D11 -> 0 | F11: 0 | G11: =E11-F11-H11 -> 0 | H11: 0 | I11: 40 | J11: =+I11*H11 -> 0 | K11: - | L11: 0 | M11: =+J11-L11 -> 0 | O11: 7 | Q11: 0 | R11: 0 | S11: =Q11+R11 -> 0 | T11: 0 | U11: =S11-T11-V11 -> 0 | V11: 0 | X11: =+W11*V11 -> 0 | Y11: - | Z11: 0
A12: 8 | B12: ชิฟฟ่อน สอดไส้ (ล) 3 ชิ้น รวมรส | C12: =+'วันที่ 2'!G12 -> 14 | D12: 0 | E12: =C12+D12 -> 14 | F12: 0 | G12: =E12-F12-H12 -> 12 | H12: 2 | I12: 50 | J12: =+I12*H12 -> 100 | K12: - | L12: 0 | M12: =+J12-L12 -> 100 | O12: 8 | Q12: 0 | R12: 0 | S12: =Q12+R12 -> 0 | T12: 0 | U12: =S12-T12-V12 -> 0 | V12: 0 | X12: =+W12*V12 -> 0 | Y12: - | Z12: 0
A13: 9 | B13: ชิฟฟ่อน สอดไส้ (ล) 3 ชิ้น เมล่อน | C13: =+'วันที่ 2'!G13 -> 0 | D13: 0 | E13: =C13+D13 -> 0 | F13: 0 | G13: =E13-F13-H13 -> 0 | H13: 0 | I13: 55 | J13: =+I13*H13 -> 0 | K13: - | L13: 0 | M13: =+J13-L13 -> 0 | O13: 9 | Q13: 0 | R13: 0 | S13: =Q13+R13 -> 0 | T13: 0 | U13: =S13-T13-V13 -> 0 | V13: 0 | X13: =+W13*V13 -> 0 | Y13: - | Z13: 0
A14: 10 | B14: ชิฟฟ่อน สอดไส้ (ล) 4 ชิ้น ครีมมะพร้าว | C14: =+'วันที่ 2'!G14 -> 5 | D14: 0 | E14: =C14+D14 -> 5 | F14: 0 | G14: =E14-F14-H14 -> 5 | H14: 0 | I14: 65 | J14: =+I14*H14 -> 0 | K14: - | L14: 0 | M14: =+J14-L14 -> 0 | O14: 10 | Q14: 0 | R14: 0 | S14: =Q14+R14 -> 0 | T14: 0 | U14: =S14-T14-V14 -> 0 | V14: 0 | X14: =+W14*V14 -> 0 | Y14: - | Z14: 0
A15: 11 | B15: ชิฟฟ่อน สอดไส้ (ล) 3 ชิ้น แยมส้ม | C15: =+'วันที่ 2'!G15 -> 4 | D15: 0 | E15: =C15+D15 -> 4 | F15: 0 | G15: =E15-F15-H15 -> 3 | H15: 1 | I15: 50 | J15: =+I15*H15 -> 50 | K15: - | L15: 0 | M15: =+J15-L15 -> 50 | O15: 11 | Q15: 0 | R15: 0 | S15: =Q15+R15 -> 0 | T15: 0 | U15: =S15-T15-V15 -> 0 | V15: 0 | X15: =+W15*V15 -> 0 | Y15: - | Z15: 0
A16: 12 | B16: ชิฟฟ่อน สอดไส้ (ล) 3 ชิ้น บลูเบอรี่ | C16: =+'วันที่ 2'!G16 -> 5 | D16: 0 | E16: =C16+D16 -> 5 | F16: 0 | G16: =E16-F16-H16 -> 4 | H16: 1 | I16: 50 | J16: =+I16*H16 -> 50 | K16: - | L16: 0 | M16: =+J16-L16 -> 50 | O16: 12 | Q16: 0 | R16: 0 | S16: =Q16+R16 -> 0 | T16: 0 | U16: =S16-T16-V16 -> 0 | V16: 0 | X16: =+W16*V16 -> 0 | Y16: - | Z16: 0
... A103: 99 | B103: ไดฟุกุ 8 ชิ้น | C103: =+'วันที่ 2'!G103 -> 0 | D103: 0 | E103: =C103+D103 -> 0 | F103: 0 | G103: =E103-F103-H103 -> 0 | H103: 0 | I103: 100 | J103: =+I103*H103 -> 0 | K103: - | L103: 0 | M103: =+J103-L103 -> 0 | O103: 99 | Q103: 0 | R103: 0 | S103: =Q103+R103 -> 0 | T103: 0 | U103: =S103-T103-V103 -> 0 | V103: 0 | X103: =+W103*V103 -> 0 | Y103: - | Z103: 0
A104: 100 | B104: หมูทุบ | C104: =+'วันที่ 2'!G104 -> 0 | D104: 0 | E104: =C104+D104 -> 0 | F104: 0 | G104: =E104-F104-H104 -> 0 | H104: 0 | I104: 100 | J104: =+I104*H104 -> 0 | K104: - | L104: 0 | M104: =+J104-L104 -> 0 | O104: 100 | Q104: 0 | R104: 0 | S104: =Q104+R104 -> 0 | T104: 0 | U104: =S104-T104-V104 -> 0 | V104: 0 | X104: =+W104*V104 -> 0 | Z104: 0
A105: 101 | B105: ดอกจอก | C105: =+'วันที่ 2'!G105 -> 0 | D105: 0 | E105: =C105+D105 -> 0 | F105: 0 | G105: =E105-F105-H105 -> 0 | H105: 0 | I105: 30 | J105: =+I105*H105 -> 0 | K105: - | L105: 0 | M105: =+J105-L105 -> 0 | Z105: =SUM(Z5:Z104) -> 0
A106: 102 | B106: เทียน | C106: =+'วันที่ 2'!G106 -> 0 | D106: 0 | E106: =C106+D106 -> 0 | F106: 0 | G106: =E106-F106-H106 -> 0 | H106: 0 | I106: 20 | J106: =+I106*H106 -> 0 | K106: - | L106: 0 | M106: =+J106-L106 -> 0
A107: 103 | B107: ขนมอาลัวแฟนซี | C107: =+'วันที่ 2'!G107 -> 0 | D107: 0 | E107: =C107+D107 -> 0 | F107: 0 | G107: =E107-F107-H107 -> 0 | H107: 0 | I107: 100 | J107: =+I107*H107 -> 0 | K107: - | L107: 0 | M107: =+J107-L107 -> 0 | P107: รวม | X107: =SUM(X5:X104) -> 0
A108: 104 | B108: ชูนัทคุกกี้ | C108: =+'วันที่ 2'!G108 -> 0 | D108: 0 | E108: =C108+D108 -> 0 | F108: 0 | G108: =E108-F108-H108 -> 0 | H108: 0 | I108: 80 | J108: =+I108*H108 -> 0 | K108: - | L108: 0 | M108: =+J108-L108 -> 0
A109: 105 | B109: วุ้นแฟนซี | C109: =+'วันที่ 2'!G109 -> 0 | D109: 0 | E109: =C109+D109 -> 0 | F109: 0 | G109: =E109-F109-H109 -> 0 | H109: 0 | I109: 60 | J109: =+I109*H109 -> 0 | K109: - | L109: 0 | M109: =+J109-L109 -> 0
A110: 106 | B110: เค้กสามเหลี่ยม มะพร้าว | C110: =+'วันที่ 2'!G110 -> 0 | D110: 0 | E110: =C110+D110 -> 0 | F110: 0 | G110: =E110-F110-H110 -> 0 | H110: 0 | I110: 35 | J110: =+I110*H110 -> 0 | K110: - | L110: 0 | M110: =+J110-L110 -> 0
A111: 107 | B111: เค้กสามเหลี่ยม สตอเบอรี่ | C111: =+'วันที่ 2'!G111 -> 0 | D111: 0 | E111: =C111+D111 -> 0 | F111: 0 | G111: =E111-F111-H111 -> 0 | H111: 0 | I111: 35 | J111: =+I111*H111 -> 0 | K111: - | L111: 0 | M111: =+J111-L111 -> 0
A112: 108 | B112: เค้กสามเหลี่ยม บลูเบอรี่ | C112: =+'วันที่ 2'!G112 -> 0 | D112: 0 | E112: =C112+D112 -> 0 | F112: 0 | G112: =E112-F112-H112 -> 0 | H112: 0 | I112: 35 | J112: =+I112*H112 -> 0 | K112: - | L112: 0 | M112: =+J112-L112 -> 0
A113: 109 | B113: เค้กสามเหลี่ยม รสส้ม | C113: =+'วันที่ 2'!G113 -> 0 | D113: 0 | E113: =C113+D113 -> 0 | F113: 0 | G113: =E113-F113-H113 -> 0 | H113: 0 | I113: 35 | J113: =+I113*H113 -> 0 | K113: - | L113: 0 | M113: =+J113-L113 -> 0
A114: 110 | B114: เค้กสามเหลี่ยม รสช็อกโกโอริโอ้ | C114: =+'วันที่ 2'!G114 -> 0 | D114: 0 | E114: =C114+D114 -> 0 | F114: 0 | G114: =E114-F114-H114 -> 0 | H114: 0 | I114: 35 | J114: =+I114*H114 -> 0 | K114: - | L114: 0 | M114: =+J114-L114 -> 0
A115: 111 | B115: สตอเบอร์รี่ครีมเค้ก | C115: =+'วันที่ 2'!G115 -> 0 | D115: 0 | E115: =C115+D115 -> 0 | F115: 0 | G115: =E115-F115-H115 -> 0 | H115: 0 | I115: 50 | J115: =+I115*H115 -> 0 | K115: - | L115: 0 | M115: =+J115-L115 -> 0
A116: 112 | B116: บลูเบอร์รี่ครีมเค้ก | C116: =+'วันที่ 2'!G116 -> 0 | D116: 0 | E116: =C116+D116 -> 0 | F116: 0 | G116: =E116-F116-H116 -> 0 | H116: 0 | I116: 50 | J116: =+I116*H116 -> 0 | K116: - | L116: 0 | M116: =+J116-L116 -> 0
A117: 113 | B117: เค้กส้ม | C117: =+'วันที่ 2'!G117 -> 0 | D117: 0 | E117: =C117+D117 -> 0 | F117: 0 | G117: =E117-F117-H117 -> 0 | H117: 0 | I117: 50 | J117: =+I117*H117 -> 0 | K117: - | L117: 0 | M117: =+J117-L117 -> 0
A118: 114 | B118: วนิลาครีมเค้ก | C118: =+'วันที่ 2'!G118 -> 0 | D118: 0 | E118: =C118+D118 -> 0 | F118: 0 | G118: =E118-F118-H118 -> 0 | H118: 0 | I118: 50 | J118: =+I118*H118 -> 0 | K118: - | L118: 0 | M118: =+J118-L118 -> 0
A119: 115 | B119: ใบเตยครีมเค้ก | C119: =+'วันที่ 2'!G119 -> 0 | D119: 0 | E119: =C119+D119 -> 0 | F119: 0 | G119: =E119-F119-H119 -> 0 | H119: 0 | I119: 50 | J119: =+I119*H119 -> 0 | K119: - | L119: 0 | M119: =+J119-L119 -> 0
... A194: 190 | B194: เค้กโบราณคริสมาศ | C194: =+'วันที่ 2'!G194 -> 0 | D194: 0 | E194: =C194+D194 -> 0 | F194: 0 | G194: =E194-F194-H194 -> 0 | H194: 0 | I194: 50 | J194: =+I194*H194 -> 0 | K194: - | L194: 0 | M194: =+J194-L194 -> 0
A195: 191 | C195: =+'วันที่ 2'!G195 -> 0 | D195: 0 | E195: =C195+D195 -> 0 | F195: 0 | G195: =E195-F195-H195 -> 0 | H195: 0 | I195: 0 | J195: =+I195*H195 -> 0 | K195: - | L195: 0 | M195: =+J195-L195 -> 0
A196: 192 | C196: =+'วันที่ 2'!G196 -> 0 | D196: 0 | E196: =C196+D196 -> 0 | F196: 0 | G196: =E196-F196-H196 -> 0 | H196: 0 | I196: 0 | J196: =+I196*H196 -> 0 | K196: - | L196: 0 | M196: =+J196-L196 -> 0
A197: 193 | C197: =+'วันที่ 2'!G197 -> 0 | D197: 0 | E197: =C197+D197 -> 0 | F197: 0 | G197: =E197-F197-H197 -> 0 | H197: 0 | I197: 0 | J197: =+I197*H197 -> 0 | K197: - | L197: 0 | M197: =+J197-L197 -> 0
A198: 194 | C198: =+'วันที่ 2'!G198 -> 0 | D198: 0 | E198: =C198+D198 -> 0 | F198: 0 | G198: =E198-F198-H198 -> 0 | H198: 0 | I198: 0 | J198: =+I198*H198 -> 0 | K198: - | L198: 0 | M198: =+J198-L198 -> 0
A199: 195 | C199: =+'วันที่ 2'!G199 -> 0 | D199: 0 | E199: =C199+D199 -> 0 | F199: 0 | G199: =E199-F199-H199 -> 0 | H199: 0 | I199: 0 | J199: =+I199*H199 -> 0 | K199: - | L199: 0 | M199: =+J199-L199 -> 0
A200: 196 | C200: =+'วันที่ 2'!G200 -> 0 | D200: 0 | E200: =C200+D200 -> 0 | F200: 0 | G200: =E200-F200-H200 -> 0 | H200: 0 | I200: 0 | J200: =+I200*H200 -> 0 | K200: - | L200: 0 | M200: =+J200-L200 -> 0
A201: 197 | C201: =+'วันที่ 2'!G201 -> 0 | D201: 0 | E201: =C201+D201 -> 0 | F201: 0 | G201: =E201-F201-H201 -> 0 | H201: 0 | I201: 0 | J201: =+I201*H201 -> 0 | K201: - | L201: 0 | M201: =+J201-L201 -> 0
A202: 198 | C202: =+'วันที่ 2'!G202 -> 0 | D202: 0 | E202: =C202+D202 -> 0 | F202: 0 | G202: =E202-F202-H202 -> 0 | H202: 0 | I202: 0 | J202: =+I202*H202 -> 0 | K202: - | L202: 0 | M202: =+J202-L202 -> 0
A203: 199 | C203: =+'วันที่ 2'!G203 -> 0 | D203: 0 | E203: =C203+D203 -> 0 | F203: 0 | G203: =E203-F203-H203 -> 0 | H203: 0 | I203: 0 | J203: =+I203*H203 -> 0 | K203: - | L203: 0 | M203: =+J203-L203 -> 0
A204: 200 | C204: =+'วันที่ 2'!G204 -> 0 | D204: 0 | E204: =C204+D204 -> 0 | F204: 0 | G204: =E204-F204-H204 -> 0 | H204: 0 | I204: 0 | J204: =+I204*H204 -> 0 | K204: - | L204: 0 | M204: =+J204-L204 -> 0
L205: 0 | M205: ส่วนลดสินค้า SALE
H206: ยอดขายสินค้า SALE | J206: =+X107 -> 0
I207: รวมทั้งหมด | K207: =SUM(J5:J206) -> 2775
I208: หัก ค่าโอนเงิน | K208: 0
I209: หัก โอนหน้าร้าน | K209: =SUM(L209:BO209) -> 0
I210: สแกนใช้สิทธิ์ | K210: 0
I211: หัก ค่าใช้จ่ายอื่นๆ | K211: 0
I212: หัก ส่วนลด | K212: =SUM(L5:L205) -> 100
I213: ต้องคงเหลือทั้งหมด | K213: =K207-K208-K209-K211-K212 -> 2675
I214: ยอดที่รับจริง | K214: 2675
I215: ขาด | K215: =+K214-K213 -> 0
I216: เกิน | K216: =+K214-K213 -> 0
J218: ยอดขายหักส่วนลด | K218: =+K207-K212+K215 -> 2675
J219: ยอดเงินสด | K219: =SUM(K208:K211) -> 0
J220: ยอดโอน | K220: =+K214 -> 2675

Sheet วันที่ 4
A2: บูธ ลำ 3 วันที่ 1-31/01/2567 | O2: สินค้า SALE
A3: ลำดับ | B3: รายการ | C3: ยกมา | D3: รับ | E3: รวม | F3: เปลี่ยน/ | G3: คงเหลือ | H3: รายการขาย | K3: หมายเหตุ | L3: ส่วนลด | O3: ลำดับ | P3: รายการ | Q3: ยกมา | R3: รับ | S3: รวม | T3: เปลี่ยน/ | U3: คงเหลือ | V3: รายการขาย | Y3: หมายเหตุ | Z3: ส่วนลด
F4: คืน/เสีย | H4: จำนวน | I4: @ | J4: เป็นเงิน | T4: คืน/เสีย | V4: จำนวน | W4: @ | X4: เป็นเงิน
A5: 1 | B5: ชิฟฟ่อน (ล) | C5: =+'วันที่ 3'!G5 -> 18 | D5: 0 | E5: =C5+D5 -> 18 | F5: 0 | G5: =E5-F5-H5 -> 16 | H5: 2 | I5: 50 | J5: =+I5*H5 -> 100 | K5: แถม | L5: 100 | M5: =+J5-L5 -> 0 | O5: 1 | Q5: 0 | R5: 0 | S5: =Q5+R5 -> 0 | T5: 0 | U5: =S5-T5-V5 -> 0 | V5: 0 | X5: =+W5*V5 -> 0 | Y5: - | Z5: 0
A6: 2 | B6: ชิฟฟ่อน (ญ) | C6: =+'วันที่ 3'!G6 -> 22 | D6: 0 | E6: =C6+D6 -> 22 | F6: 0 | G6: =E6-F6-H6 -> 7 | H6: 15 | I6: 100 | J6: =+I6*H6 -> 1500 | K6: โปร 10 | L6: 100 | M6: =+J6-L6 -> 1400 | O6: 2 | Q6: 0 | R6: 0 | S6: =Q6+R6 -> 0 | T6: 0 | U6: =S6-T6-V6 -> 0 | V6: 0 | X6: =+W6*V6 -> 0 | Y6: - | Z6: 0
A7: 3 | B7: ชิฟฟ่อน (ล) กาแฟ | C7: =+'วันที่ 3'!G7 -> 0 | D7: 0 | E7: =C7+D7 -> 0 | F7: 0 | G7: =E7-F7-H7 -> 0 | H7: 0 | I7: 50 | J7: =+I7*H7 -> 0 | K7: - | L7: 0 | M7: =+J7-L7 -> 0 | O7: 3 | Q7: 0 | R7: 0 | S7: =Q7+R7 -> 0 | T7: 0 | U7: =S7-T7-V7 -> 0 | V7: 0 | X7: =+W7*V7 -> 0 | Y7: - | Z7: 0
A8: 4 | B8: ชิฟฟ่อน (ญ) กาแฟ | C8: =+'วันที่ 3'!G8 -> 0 | D8: 0 | E8: =C8+D8 -> 0 | F8: 0 | G8: =E8-F8-H8 -> 0 | H8: 0 | I8: 100 | J8: =+I8*H8 -> 0 | K8: - | L8: 0 | M8: =+J8-L8 -> 0 | O8: 4 | Q8: 0 | R8: 0 | S8: =Q8+R8 -> 0 | T8: 0 | U8: =S8-T8-V8 -> 0 | V8: 0 | X8: =+W8*V8 -> 0 | Y8: - | Z8: 0
A9: 5 | B9: ชิฟฟ่อนเค้ก 1 ชิ้น | C9: =+'วันที่ 3'!G9 -> 0 | D9: 0 | E9: =C9+D9 -> 0 | F9: 0 | G9: =E9-F9-H9 -> 0 | H9: 0 | I9: 10 | J9: =+I9*H9 -> 0 | K9: - | L9: 0 | M9: =+J9-L9 -> 0 | O9: 5 | Q9: 0 | R9: 0 | S9: =Q9+R9 -> 0 | T9: 0 | U9: =S9-T9-V9 -> 0 | V9: 0 | X9: =+W9*V9 -> 0 | Y9: - | Z9: 0
A10: 6 | B10: ชิฟฟ่อนเค้กสอดไส้แยม 1 ชิ้น | C10: =+'วันที่ 3'!G10 -> 0 | D10: 0 | E10: =C10+D10 -> 0 | F10: 0 | G10: =E10-F10-H10 -> 0 | H10: 0 | I10: 12 | J10: =+I10*H10 -> 0 | K10: - | L10: 0 | M10: =+J10-L10 -> 0 | O10: 6 | Q10: 0 | R10: 0 | S10: =Q10+R10 -> 0 | T10: 0 | U10: =S10-T10-V10 -> 0 | V10: 0 | X10: =+W10*V10 -> 0 | Y10: - | Z10: 0
A11: 7 | B11: ชิฟฟ่อน สอดไส้ (ล) 2 ชิ้น ครีมมะพร้าว | C11: =+'วันที่ 3'!G11 -> 0 | D11: 0 | E11: =C11+D11 -> 0 | F11: 0 | G11: =E11-F11-H11 -> 0 | H11: 0 | I11: 40 | J11: =+I11*H11 -> 0 | K11: - | L11: 0 | M11: =+J11-L11 -> 0 | O11: 7 | Q11: 0 | R11: 0 | S11: =Q11+R11 -> 0 | T11: 0 | U11: =S11-T11-V11 -> 0 | V11: 0 | X11: =+W11*V11 -> 0 | Y11: - | Z11: 0
A12: 8 | B12: ชิฟฟ่อน สอดไส้ (ล) 3 ชิ้น รวมรส | C12: =+'วันที่ 3'!G12 -> 12 | D12: 0 | E12: =C12+D12 -> 12 | F12: 0 | G12: =E12-F12-H12 -> 9 | H12: 3 | I12: 50 | J12: =+I12*H12 -> 150 | K12: แถม 1 | L12: 50 | M12: =+J12-L12 -> 100 | O12: 8 | Q12: 0 | R12: 0 | S12: =Q12+R12 -> 0 | T12: 0 | U12: =S12-T12-V12 -> 0 | V12: 0 | X12: =+W12*V12 -> 0 | Y12: - | Z12: 0
A13: 9 | B13: ชิฟฟ่อน สอดไส้ (ล) 3 ชิ้น เมล่อน | C13: =+'วันที่ 3'!G13 -> 0 | D13: 0 | E13: =C13+D13 -> 0 | F13: 0 | G13: =E13-F13-H13 -> 0 | H13: 0 | I13: 55 | J13: =+I13*H13 -> 0 | K13: - | L13: 0 | M13: =+J13-L13 -> 0 | O13: 9 | Q13: 0 | R13: 0 | S13: =Q13+R13 -> 0 | T13: 0 | U13: =S13-T13-V13 -> 0 | V13: 0 | X13: =+W13*V13 -> 0 | Y13: - | Z13: 0
A14: 10 | B14: ชิฟฟ่อน สอดไส้ (ล) 4 ชิ้น ครีมมะพร้าว | C14: =+'วันที่ 3'!G14 -> 5 | D14: 0 | E14: =C14+D14 -> 5 | F14: 0 | G14: =E14-F14-H14 -> 0 | H14: 5 | I14: 65 | J14: =+I14*H14 -> 325 | K14: - | L14: 0 | M14: =+J14-L14 -> 325 | O14: 10 | Q14: 0 | R14: 0 | S14: =Q14+R14 -> 0 | T14: 0 | U14: =S14-T14-V14 -> 0 | V14: 0 | X14: =+W14*V14 -> 0 | Y14: - | Z14: 0
A15: 11 | B15: ชิฟฟ่อน สอดไส้ (ล) 3 ชิ้น แยมส้ม | C15: =+'วันที่ 3'!G15 -> 3 | D15: 0 | E15: =C15+D15 -> 3 | F15: 0 | G15: =E15-F15-H15 -> 3 | H15: 0 | I15: 50 | J15: =+I15*H15 -> 0 | K15: - | L15: 0 | M15: =+J15-L15 -> 0 | O15: 11 | Q15: 0 | R15: 0 | S15: =Q15+R15 -> 0 | T15: 0 | U15: =S15-T15-V15 -> 0 | V15: 0 | X15: =+W15*V15 -> 0 | Y15: - | Z15: 0
A16: 12 | B16: ชิฟฟ่อน สอดไส้ (ล) 3 ชิ้น บลูเบอรี่ | C16: =+'วันที่ 3'!G16 -> 4 | D16: 0 | E16: =C16+D16 -> 4 | F16: 0 | G16: =E16-F16-H16 -> 2 | H16: 2 | I16: 50 | J16: =+I16*H16 -> 100 | K16: แถม 1 | L16: 50 | M16: =+J16-L16 -> 50 | O16: 12 | Q16: 0 | R16: 0 | S16: =Q16+R16 -> 0 | T16: 0 | U16: =S16-T16-V16 -> 0 | V16: 0 | X16: =+W16*V16 -> 0 | Y16: - | Z16: 0
... A103: 99 | B103: ไดฟุกุ 8 ชิ้น | C103: =+'วันที่ 3'!G103 -> 0 | D103: 0 | E103: =C103+D103 -> 0 | F103: 0 | G103: =E103-F103-H103 -> 0 | H103: 0 | I103: 100 | J103: =+I103*H103 -> 0 | K103: - | L103: 0 | M103: =+J103-L103 -> 0 | O103: 99 | Q103: 0 | R103: 0 | S103: =Q103+R103 -> 0 | T103: 0 | U103: =S103-T103-V103 -> 0 | V103: 0 | X103: =+W103*V103 -> 0 | Y103: - | Z103: 0
A104: 100 | B104: หมูทุบ | C104: =+'วันที่ 3'!G104 -> 0 | D104: 0 | E104: =C104+D104 -> 0 | F104: 0 | G104: =E104-F104-H104 -> 0 | H104: 0 | I104: 100 | J104: =+I104*H104 -> 0 | K104: - | L104: 0 | M104: =+J104-L104 -> 0 | O104: 100 | Q104: 0 | R104: 0 | S104: =Q104+R104 -> 0 | T104: 0 | U104: =S104-T104-V104 -> 0 | V104: 0 | X104: =+W104*V104 -> 0 | Z104: 0
A105: 101 | B105: ดอกจอก | C105: =+'วันที่ 3'!G105 -> 0 | D105: 0 | E105: =C105+D105 -> 0 | F105: 0 | G105: =E105-F105-H105 -> 0 | H105: 0 | I105: 30 | J105: =+I105*H105 -> 0 | K105: - | L105: 0 | M105: =+J105-L105 -> 0 | Z105: =SUM(Z5:Z104) -> 0
A106: 102 | B106: เทียน | C106: =+'วันที่ 3'!G106 -> 0 | D106: 0 | E106: =C106+D106 -> 0 | F106: 0 | G106: =E106-F106-H106 -> 0 | H106: 0 | I106: 20 | J106: =+I106*H106 -> 0 | K106: - | L106: 0 | M106: =+J106-L106 -> 0
A107: 103 | B107: ขนมอาลัวแฟนซี | C107: =+'วันที่ 3'!G107 -> 0 | D107: 0 | E107: =C107+D107 -> 0 | F107: 0 | G107: =E107-F107-H107 -> 0 | H107: 0 | I107: 100 | J107: =+I107*H107 -> 0 | K107: - | L107: 0 | M107: =+J107-L107 -> 0 | P107: รวม | X107: =SUM(X5:X104) -> 0
A108: 104 | B108: ชูนัทคุกกี้ | C108: =+'วันที่ 3'!G108 -> 0 | D108: 0 | E108: =C108+D108 -> 0 | F108: 0 | G108: =E108-F108-H108 -> 0 | H108: 0 | I108: 80 | J108: =+I108*H108 -> 0 | K108: - | L108: 0 | M108: =+J108-L108 -> 0
A109: 105 | B109: วุ้นแฟนซี | C109: =+'วันที่ 3'!G109 -> 0 | D109: 0 | E109: =C109+D109 -> 0 | F109: 0 | G109: =E109-F109-H109 -> 0 | H109: 0 | I109: 60 | J109: =+I109*H109 -> 0 | K109: - | L109: 0 | M109: =+J109-L109 -> 0
A110: 106 | B110: เค้กสามเหลี่ยม มะพร้าว | C110: =+'วันที่ 3'!G110 -> 0 | D110: 0 | E110: =C110+D110 -> 0 | F110: 0 | G110: =E110-F110-H110 -> 0 | H110: 0 | I110: 35 | J110: =+I110*H110 -> 0 | K110: - | L110: 0 | M110: =+J110-L110 -> 0
A111: 107 | B111: เค้กสามเหลี่ยม สตอเบอรี่ | C111: =+'วันที่ 3'!G111 -> 0 | D111: 0 | E111: =C111+D111 -> 0 | F111: 0 | G111: =E111-F111-H111 -> 0 | H111: 0 | I111: 35 | J111: =+I111*H111 -> 0 | K111: - | L111: 0 | M111: =+J111-L111 -> 0
A112: 108 | B112: เค้กสามเหลี่ยม บลูเบอรี่ | C112: =+'วันที่ 3'!G112 -> 0 | D112: 0 | E112: =C112+D112 -> 0 | F112: 0 | G112: =E112-F112-H112 -> 0 | H112: 0 | I112: 35 | J112: =+I112*H112 -> 0 | K112: - | L112: 0 | M112: =+J112-L112 -> 0
A113: 109 | B113: เค้กสามเหลี่ยม รสส้ม | C113: =+'วันที่ 3'!G113 -> 0 | D113: 0 | E113: =C113+D113 -> 0 | F113: 0 | G113: =E113-F113-H113 -> 0 | H113: 0 | I113: 35 | J113: =+I113*H113 -> 0 | K113: - | L113: 0 | M113: =+J113-L113 -> 0
A114: 110 | B114: เค้กสามเหลี่ยม รสช็อกโกโอริโอ้ | C114: =+'วันที่ 3'!G114 -> 0 | D114: 0 | E114: =C114+D114 -> 0 | F114: 0 | G114: =E114-F114-H114 -> 0 | H114: 0 | I114: 35 | J114: =+I114*H114 -> 0 | K114: - | L114: 0 | M114: =+J114-L114 -> 0
A115: 111 | B115: สตอเบอร์รี่ครีมเค้ก | C115: =+'วันที่ 3'!G115 -> 0 | D115: 0 | E115: =C115+D115 -> 0 | F115: 0 | G115: =E115-F115-H115 -> 0 | H115: 0 | I115: 50 | J115: =+I115*H115 -> 0 | K115: - | L115: 0 | M115: =+J115-L115 -> 0
A116: 112 | B116: บลูเบอร์รี่ครีมเค้ก | C116: =+'วันที่ 3'!G116 -> 0 | D116: 0 | E116: =C116+D116 -> 0 | F116: 0 | G116: =E116-F116-H116 -> 0 | H116: 0 | I116: 50 | J116: =+I116*H116 -> 0 | K116: - | L116: 0 | M116: =+J116-L116 -> 0
A117: 113 | B117: เค้กส้ม | C117: =+'วันที่ 3'!G117 -> 0 | D117: 0 | E117: =C117+D117 -> 0 | F117: 0 | G117: =E117-F117-H117 -> 0 | H117: 0 | I117: 50 | J117: =+I117*H117 -> 0 | K117: - | L117: 0 | M117: =+J117-L117 -> 0
A118: 114 | B118: วนิลาครีมเค้ก | C118: =+'วันที่ 3'!G118 -> 0 | D118: 0 | E118: =C118+D118 -> 0 | F118: 0 | G118: =E118-F118-H118 -> 0 | H118: 0 | I118: 50 | J118: =+I118*H118 -> 0 | K118: - | L118: 0 | M118: =+J118-L118 -> 0
A119: 115 | B119: ใบเตยครีมเค้ก | C119: =+'วันที่ 3'!G119 -> 0 | D119: 0 | E119: =C119+D119 -> 0 | F119: 0 | G119: =E119-F119-H119 -> 0 | H119: 0 | I119: 50 | J119: =+I119*H119 -> 0 | K119: - | L119: 0 | M119: =+J119-L119 -> 0
... A194: 190 | B194: เค้กโบราณคริสมาศ | C194: =+'วันที่ 3'!G194 -> 0 | D194: 0 | E194: =C194+D194 -> 0 | F194: 0 | G194: =E194-F194-H194 -> 0 | H194: 0 | I194: 50 | J194: =+I194*H194 -> 0 | K194: - | L194: 0 | M194: =+J194-L194 -> 0
A195: 191 | C195: =+'วันที่ 3'!G195 -> 0 | D195: 0 | E195: =C195+D195 -> 0 | F195: 0 | G195: =E195-F195-H195 -> 0 | H195: 0 | I195: 0 | J195: =+I195*H195 -> 0 | K195: - | L195: 0 | M195: =+J195-L195 -> 0
A196: 192 | C196: =+'วันที่ 3'!G196 -> 0 | D196: 0 | E196: =C196+D196 -> 0 | F196: 0 | G196: =E196-F196-H196 -> 0 | H196: 0 | I196: 0 | J196: =+I196*H196 -> 0 | K196: - | L196: 0 | M196: =+J196-L196 -> 0
A197: 193 | C197: =+'วันที่ 3'!G197 -> 0 | D197: 0 | E197: =C197+D197 -> 0 | F197: 0 | G197: =E197-F197-H197 -> 0 | H197: 0 | I197: 0 | J197: =+I197*H197 -> 0 | K197: - | L197: 0 | M197: =+J197-L197 -> 0
A198: 194 | C198: =+'วันที่ 3'!G198 -> 0 | D198: 0 | E198: =C198+D198 -> 0 | F198: 0 | G198: =E198-F198-H198 -> 0 | H198: 0 | I198: 0 | J198: =+I198*H198 -> 0 | K198: - | L198: 0 | M198: =+J198-L198 -> 0
A199: 195 | C199: =+'วันที่ 3'!G199 -> 0 | D199: 0 | E199: =C199+D199 -> 0 | F199: 0 | G199: =E199-F199-H199 -> 0 | H199: 0 | I199: 0 | J199: =+I199*H199 -> 0 | K199: - | L199: 0 | M199: =+J199-L199 -> 0
A200: 196 | C200: =+'วันที่ 3'!G200 -> 0 | D200: 0 | E200: =C200+D200 -> 0 | F200: 0 | G200: =E200-F200-H200 -> 0 | H200: 0 | I200: 0 | J200: =+I200*H200 -> 0 | K200: - | L200: 0 | M200: =+J200-L200 -> 0
A201: 197 | C201: =+'วันที่ 3'!G201 -> 0 | D201: 0 | E201: =C201+D201 -> 0 | F201: 0 | G201: =E201-F201-H201 -> 0 | H201: 0 | I201: 0 | J201: =+I201*H201 -> 0 | K201: - | L201: 0 | M201: =+J201-L201 -> 0
A202: 198 | C202: =+'วันที่ 3'!G202 -> 0 | D202: 0 | E202: =C202+D202 -> 0 | F202: 0 | G202: =E202-F202-H202 -> 0 | H202: 0 | I202: 0 | J202: =+I202*H202 -> 0 | K202: - | L202: 0 | M202: =+J202-L202 -> 0
A203: 199 | C203: =+'วันที่ 3'!G203 -> 0 | D203: 0 | E203: =C203+D203 -> 0 | F203: 0 | G203: =E203-F203-H203 -> 0 | H203: 0 | I203: 0 | J203: =+I203*H203 -> 0 | K203: - | L203: 0 | M203: =+J203-L203 -> 0
A204: 200 | C204: =+'วันที่ 3'!G204 -> 0 | D204: 0 | E204: =C204+D204 -> 0 | F204: 0 | G204: =E204-F204-H204 -> 0 | H204: 0 | I204: 0 | J204: =+I204*H204 -> 0 | K204: - | L204: 0 | M204: =+J204-L204 -> 0
L205: 0 | M205: ส่วนลดสินค้า SALE
H206: ยอดขายสินค้า SALE | J206: =+X107 -> 0
I207: รวมทั้งหมด | K207: =SUM(J5:J206) -> 6385
I208: หัก ค่าโอนเงิน | K208: 0
I209: หัก โอนหน้าร้าน | K209: =SUM(L209:BO209) -> 0
I210: สแกนใช้สิทธิ์ | K210: 0
I211: หัก ค่าใช้จ่ายอื่นๆ | K211: 0
I212: หัก ส่วนลด | K212: =SUM(L5:L205) -> 350
I213: ต้องคงเหลือทั้งหมด | K213: =K207-K208-K209-K211-K212 -> 6035
I214: ยอดที่รับจริง | K214: 6035
I215: ขาด | K215: =+K214-K213 -> 0
I216: เกิน | K216: =+K214-K213 -> 0
J218: ยอดขายหักส่วนลด | K218: =+K207-K212+K215 -> 6035
J219: ยอดเงินสด | K219: =SUM(K208:K211) -> 0
J220: ยอดโอน | K220: =+K214 -> 6035

Sheet วันที่ 5
A2: บูธ ลำ 3 วันที่ 1-31/01/2567 | O2: สินค้า SALE
A3: ลำดับ | B3: รายการ | C3: ยกมา | D3: รับ | E3: รวม | F3: เปลี่ยน/ | G3: คงเหลือ | H3: รายการขาย | K3: หมายเหตุ | L3: ส่วนลด | O3: ลำดับ | P3: รายการ | Q3: ยกมา | R3: รับ | S3: รวม | T3: เปลี่ยน/ | U3: คงเหลือ | V3: รายการขาย | Y3: หมายเหตุ | Z3: ส่วนลด
F4: คืน/เสีย | H4: จำนวน | I4: @ | J4: เป็นเงิน | T4: คืน/เสีย | V4: จำนวน | W4: @ | X4: เป็นเงิน
A5: 1 | B5: ชิฟฟ่อน (ล) | C5: =+'วันที่ 4'!G5 -> 16 | D5: 5 | E5: =C5+D5 -> 21 | F5: 0 | G5: =E5-F5-H5 -> 12 | H5: 9 | I5: 50 | J5: =+I5*H5 -> 450 | K5: - | L5: 0 | M5: =+J5-L5 -> 450 | O5: 1 | Q5: 0 | R5: 0 | S5: =Q5+R5 -> 0 | T5: 0 | U5: =S5-T5-V5 -> 0 | V5: 0 | X5: =+W5*V5 -> 0 | Y5: - | Z5: 0
A6: 2 | B6: ชิฟฟ่อน (ญ) | C6: =+'วันที่ 4'!G6 -> 7 | D6: 10 | E6: =C6+D6 -> 17 | F6: 0 | G6: =E6-F6-H6 -> 15 | H6: 2 | I6: 100 | J6: =+I6*H6 -> 200 | K6: - | L6: 0 | M6: =+J6-L6 -> 200 | O6: 2 | Q6: 0 | R6: 0 | S6: =Q6+R6 -> 0 | T6: 0 | U6: =S6-T6-V6 -> 0 | V6: 0 | X6: =+W6*V6 -> 0 | Y6: - | Z6: 0
A7: 3 | B7: ชิฟฟ่อน (ล) กาแฟ | C7: =+'วันที่ 4'!G7 -> 0 | D7: 0 | E7: =C7+D7 -> 0 | F7: 0 | G7: =E7-F7-H7 -> 0 | H7: 0 | I7: 50 | J7: =+I7*H7 -> 0 | K7: - | L7: 0 | M7: =+J7-L7 -> 0 | O7: 3 | Q7: 0 | R7: 0 | S7: =Q7+R7 -> 0 | T7: 0 | U7: =S7-T7-V7 -> 0 | V7: 0 | X7: =+W7*V7 -> 0 | Y7: - | Z7: 0
A8: 4 | B8: ชิฟฟ่อน (ญ) กาแฟ | C8: =+'วันที่ 4'!G8 -> 0 | D8: 0 | E8: =C8+D8 -> 0 | F8: 0 | G8: =E8-F8-H8 -> 0 | H8: 0 | I8: 100 | J8: =+I8*H8 -> 0 | K8: - | L8: 0 | M8: =+J8-L8 -> 0 | O8: 4 | Q8: 0 | R8: 0 | S8: =Q8+R8 -> 0 | T8: 0 | U8: =S8-T8-V8 -> 0 | V8: 0 | X8: =+W8*V8 -> 0 | Y8: - | Z8: 0
A9: 5 | B9: ชิฟฟ่อนเค้ก 1 ชิ้น | C9: =+'วันที่ 4'!G9 -> 0 | D9: 0 | E9: =C9+D9 -> 0 | F9: 0 | G9: =E9-F9-H9 -> 0 | H9: 0 | I9: 10 | J9: =+I9*H9 -> 0 | K9: - | L9: 0 | M9: =+J9-L9 -> 0 | O9: 5 | Q9: 0 | R9: 0 | S9: =Q9+R9 -> 0 | T9: 0 | U9: =S9-T9-V9 -> 0 | V9: 0 | X9: =+W9*V9 -> 0 | Y9: - | Z9: 0
A10: 6 | B10: ชิฟฟ่อนเค้กสอดไส้แยม 1 ชิ้น | C10: =+'วันที่ 4'!G10 -> 0 | D10: 0 | E10: =C10+D10 -> 0 | F10: 0 | G10: =E10-F10-H10 -> 0 | H10: 0 | I10: 12 | J10: =+I10*H10 -> 0 | K10: - | L10: 0 | M10: =+J10-L10 -> 0 | O10: 6 | Q10: 0 | R10: 0 | S10: =Q10+R10 -> 0 | T10: 0 | U10: =S10-T10-V10 -> 0 | V10: 0 | X10: =+W10*V10 -> 0 | Y10: - | Z10: 0
A11: 7 | B11: ชิฟฟ่อน สอดไส้ (ล) 2 ชิ้น ครีมมะพร้าว | C11: =+'วันที่ 4'!G11 -> 0 | D11: 0 | E11: =C11+D11 -> 0 | F11: 0 | G11: =E11-F11-H11 -> 0 | H11: 0 | I11: 40 | J11: =+I11*H11 -> 0 | K11: - | L11: 0 | M11: =+J11-L11 -> 0 | O11: 7 | Q11: 0 | R11: 0 | S11: =Q11+R11 -> 0 | T11: 0 | U11: =S11-T11-V11 -> 0 | V11: 0 | X11: =+W11*V11 -> 0 | Y11: - | Z11: 0
A12: 8 | B12: ชิฟฟ่อน สอดไส้ (ล) 3 ชิ้น รวมรส | C12: =+'วันที่ 4'!G12 -> 9 | D12: 5 | E12: =C12+D12 -> 14 | F12: 0 | G12: =E12-F12-H12 -> 12 | H12: 2 | I12: 50 | J12: =+I12*H12 -> 100 | K12: แถม 1 | L12: 50 | M12: =+J12-L12 -> 50 | O12: 8 | Q12: 0 | R12: 0 | S12: =Q12+R12 -> 0 | T12: 0 | U12: =S12-T12-V12 -> 0 | V12: 0 | X12: =+W12*V12 -> 0 | Y12: - | Z12: 0
A13: 9 | B13: ชิฟฟ่อน สอดไส้ (ล) 3 ชิ้น เมล่อน | C13: =+'วันที่ 4'!G13 -> 0 | D13: 0 | E13: =C13+D13 -> 0 | F13: 0 | G13: =E13-F13-H13 -> 0 | H13: 0 | I13: 55 | J13: =+I13*H13 -> 0 | K13: - | L13: 0 | M13: =+J13-L13 -> 0 | O13: 9 | Q13: 0 | R13: 0 | S13: =Q13+R13 -> 0 | T13: 0 | U13: =S13-T13-V13 -> 0 | V13: 0 | X13: =+W13*V13 -> 0 | Y13: - | Z13: 0
A14: 10 | B14: ชิฟฟ่อน สอดไส้ (ล) 4 ชิ้น ครีมมะพร้าว | C14: =+'วันที่ 4'!G14 -> 0 | D14: 0 | E14: =C14+D14 -> 0 | F14: 0 | G14: =E14-F14-H14 -> 0 | H14: 0 | I14: 65 | J14: =+I14*H14 -> 0 | K14: - | L14: 0 | M14: =+J14-L14 -> 0 | O14: 10 | Q14: 0 | R14: 0 | S14: =Q14+R14 -> 0 | T14: 0 | U14: =S14-T14-V14 -> 0 | V14: 0 | X14: =+W14*V14 -> 0 | Y14: - | Z14: 0
A15: 11 | B15: ชิฟฟ่อน สอดไส้ (ล) 3 ชิ้น แยมส้ม | C15: =+'วันที่ 4'!G15 -> 3 | D15: 2 | E15: =C15+D15 -> 5 | F15: 0 | G15: =E15-F15-H15 -> 2 | H15: 3 | I15: 50 | J15: =+I15*H15 -> 150 | K15: - | L15: 0 | M15: =+J15-L15 -> 150 | O15: 11 | Q15: 0 | R15: 0 | S15: =Q15+R15 -> 0 | T15: 0 | U15: =S15-T15-V15 -> 0 | V15: 0 | X15: =+W15*V15 -> 0 | Y15: - | Z15: 0
