Workbook

Sheet สรุป
A1: สรุปค่าขนส่งสินค้าออนไลน์ ปี 2569
A2: เดือน | B2: จำนวนที่ส่ง(ชิ้น) | C2: จำนวนที่ส่ง(ชิ้น) | D2: รวมยอด COD | E2: รวมยอด COD Fee 2% | F2: รวมค่า COD Fee VAT 7% | G2: รวมค่าพื้นที่เกาะ | H2: รวมค่าขนส่ง | I2: Total Charge
A3: มกราคม | B3: =+'รวมส่ง ม.ค.'!E34 -> 202 | C3: =+'รวมส่ง ม.ค.'!F34 -> 415 | D3: =+'รวมส่ง ม.ค.'!G34 -> 61977 | E3: =+'รวมส่ง ม.ค.'!H34 -> 955.01 | F3: =+'รวมส่ง ม.ค.'!I34 -> 66.86 | G3: =+'รวมส่ง ม.ค.'!J34 -> 35 | H3: =+'รวมส่ง ม.ค.'!K34 -> 11607 | I3: =+'รวมส่ง ม.ค.'!L34 -> 12628.87
A4: กุมภาพันธ์ | B4: =+'รวมส่ง ก.พ.'!E34 -> 309 | C4: =+'รวมส่ง ก.พ.'!F34 -> 534 | D4: =+'รวมส่ง ก.พ.'!G34 -> 91568 | E4: =+'รวมส่ง ก.พ.'!H34 -> 1401.22 | F4: =+'รวมส่ง ก.พ.'!I34 -> 98.11 | G4: =+'รวมส่ง ก.พ.'!J34 -> 340 | H4: =+'รวมส่ง ก.พ.'!K34 -> 15146 | I4: =+'รวมส่ง ก.พ.'!L34 -> 16645.33
A5: มีนาคม | B5: 312 | C5: 544 | D5: 69540 | E5: 1043.17 | F5: 73.04 | G5: 240 | H5: 12550 | I5: 13666.21
A6: เมษายน | B6: =+'รวมส่ง เม.ย.'!E33 -> 603 | C6: =+'รวมส่ง เม.ย.'!F33 -> 880 | D6: =+'รวมส่ง เม.ย.'!G33 -> 144319 | E6: =+'รวมส่ง เม.ย.'!H33 -> 2281.75 | F6: =+'รวมส่ง เม.ย.'!I33 -> 159.73 | G6: =+'รวมส่ง เม.ย.'!J33 -> 480 | H6: =+'รวมส่ง เม.ย.'!K33 -> 23024 | I6: =+'รวมส่ง เม.ย.'!L33 -> 25465.48
A7: พฤษภาคม | B7: =+'รวมส่ง พ.ค.'!E34 -> 505 | C7: =+'รวมส่ง พ.ค.'!F34 -> 758 | D7: =+'รวมส่ง พ.ค.'!G34 -> 116253 | E7: =+'รวมส่ง พ.ค.'!H34 -> 1743.86 | F7: =+'รวมส่ง พ.ค.'!I34 -> 122.09 | G7: =+'รวมส่ง พ.ค.'!J34 -> 360 | H7: =+'รวมส่ง พ.ค.'!K34 -> 16877 | I7: =+'รวมส่ง พ.ค.'!L34 -> 18742.95
A8: มิถุนายน | B8: =+'รวมส่ง มิ.ย.'!E32 -> 337 | C8: =+'รวมส่ง มิ.ย.'!F32 -> 453 | D8: =+'รวมส่ง มิ.ย.'!G32 -> 68689 | E8: =+'รวมส่ง มิ.ย.'!H32 -> 1030.4 | F8: =+'รวมส่ง มิ.ย.'!I32 -> 72.12 | G8: =+'รวมส่ง มิ.ย.'!J32 -> 420 | H8: =+'รวมส่ง มิ.ย.'!K32 -> 9780 | I8: =+'รวมส่ง มิ.ย.'!L32 -> 10882.52
A9: กรกฎาคม | I9: =+'รวมส่ง ม.ค.'!L40 -> 0
A10: สิงหาคม | I10: =+'รวมส่ง ม.ค.'!L41 -> 0
A11: กันยายน | I11: =+'รวมส่ง ม.ค.'!L42 -> 0
A12: ตุลาคม | I12: =+'รวมส่ง ม.ค.'!L43 -> 0
A13: พฤศจิกายน | I13: =+'รวมส่ง ม.ค.'!L44 -> 0
A14: ธันวาคม | I14: =+'รวมส่ง ม.ค.'!L45 -> 0
A15: ยอดรวม | B15: =SUM(B3:B14) -> 2268 | C15: =SUM(C3:C14) -> 3584 | D15: =SUM(D3:D14) -> 552346 | E15: =SUM(E3:E14) -> 8455.41 | F15: =SUM(F3:F14) -> 591.95 | G15: =SUM(G3:G14) -> 1875 | H15: =SUM(H3:H14) -> 88984 | I15: =SUM(I3:I14) -> 98031.36

Sheet รายการส่งของ ม.ค.
A1: ลำดับ | B1: วันที่ส่ง | C1: Email | D1: Tel | E1: Team Name | F1: ขนส่ง | G1: Team Percent COD Fee | H1: Page | I1: Tracking No. | J1: Consignee | K1: Phone number | L1: Address | M1: Item type | N1: Weight（kg) | O1: Demensions | P1: COD Amount | Q1: Total COD Fee | R1: COD VAT 7% | S1: Freight | T1: Total Charge
A2: 1 | B2: 244350 | C2: suckjakkure@hotmail.com | D2: 642427575 | E2: วรรณวนัชเบเกอรี่ | F2: เอกชน | G2: 2 | H2: FACEBOOK | I2: TH660586BUTY5D | J2: สมหวัง สิทธิพจน์ | K2: 874894970 | L2: 92 หมู่ ที่ 2 บ้านน้ำเค็ม ตะกั่วป่า บางม่วง พังงา Thailand | N2: 8 | O2: 5×️5×️8 | P2: 0 | Q2: 0 | R2: 0 | S2: 170 | T2: 170
A3: 2 | B3: 244350 | C3: suckjakkure@hotmail.com | D3: 642427575 | E3: วรรณวนัชเบเกอรี่ | F3: เอกชน | G3: 2 | H3: FACEBOOK | I3: TH130686DYH91D | J3: สุขุมา จันทร์สะอาด | K3: 927043962 | L3: 75 ม.16 บ่อพลอย หนองกุ่ม กาญจนบุรี Thailand | N3: 5 | O3: 5×️5×️8 | P3: 0 | Q3: 0 | R3: 0 | S3: 50 | T3: 50
A4: 3 | B4: 244350 | C4: suckjakkure@hotmail.com | D4: 642427575 | E4: วรรณวนัชเบเกอรี่ | F4: เอกชน | G4: 2 | H4: FACEBOOK | I4: TH050986BUTW9A | J4: นาย สวัสดิ์ วงษ์ภักดี | K4: 915951411 | L4: 27 หมู่ 4 ภาชี ภาชี พระนครศรีอยุธยา Thailand | N4: 10 | O4: 18×️5×️8 | P4: 0 | Q4: 0 | R4: 0 | S4: 100 | T4: 100
A5: 4 | B5: 244350 | C5: suckjakkure@hotmail.com | D5: 642427575 | E5: วรรณวนัชเบเกอรี่ | F5: เอกชน | G5: 2 | H5: FACEBOOK | I5: TH014786BUU22B | J5: บุญศรี ทองเสทื้อน | K5: 638266593 | L5: 68/13 ม.2 ซ.วาสนากุล สายไหม สายไหม กรุงเทพ Thailand | N5: 3.99 | O5: 5×️5×️8 | P5: 0 | Q5: 0 | R5: 0 | S5: 42 | T5: 42
A6: 5 | B6: 244350 | C6: suckjakkure@hotmail.com | D6: 642427575 | E6: วรรณวนัชเบเกอรี่ | F6: เอกชน | G6: 2 | H6: FACEBOOK | I6: TH130386BUU32J | J6: นาย อรญา คุ้มครอง | K6: 958244976 | L6: 13/15 ซอย1 ม 4 ท่าม่วง วังขนาย กาญจนบุรี Thailand | N6: 3 | O6: 8×️8×️10 | P6: 0 | Q6: 0 | R6: 0 | S6: 29 | T6: 29
A7: 6 | B7: 244350 | C7: suckjakkure@hotmail.com | D7: 642427575 | E7: วรรณวนัชเบเกอรี่ | F7: เอกชน | G7: 2 | H7: FACEBOOK | I7: TH260586DYHA8C | J7: นางสาว วาสนา ทูคำมี | K7: 988765466 | L7: บ้านเลขที่ 33 หมู่ 10 วัฒนานคร ผักขะ สระแก้ว Thailand | N7: 0.81 | O7: 26×️20×️15 | P7: 199 | Q7: 3.98 | R7: 0.28 | S7: 20 | T7: 24.26
A8: 7 | B8: 244350 | C8: suckjakkure@hotmail.com | D8: 642427575 | E8: วรรณวนัชเบเกอรี่ | F8: เอกชน | G8: 2 | H8: FACEBOOK | I8: TH610186BUTR9G | J8: คุณ วาสนา คุยดี | K8: 634736569 | L8: บ้านเลขที่ 21/65 ( บ้านเเทน คุณ สาขาบึงราชนก ) หมู่ ที่ 4 เมืองพิษณุโลก สมอแข พิษณุโลก Thailand | N8: 2.99 | O8: 5×️5×️8 | P8: 0 | Q8: 0 | R8: 0 | S8: 29 | T8: 29
A9: 8 | B9: 244350 | C9: suckjakkure@hotmail.com | D9: 642427575 | E9: วรรณวนัชเบเกอรี่ | F9: เอกชน | G9: 2 | H9: FACEBOOK | I9: TH520186BUTW6C | J9: ชีวรรณเทียมทินกฤต | K9: 955913464 | L9: 141/6 หมู่ ที่ 6 ซ 2 หมู่ บ้านมงคลนิมิต( แถวสนามบิน) เข้า ซอยเดอะชาลี เมืองน่าน ผาสิงห์ น่าน Thailand | N9: 2.99 | O9: 5×️5×️10 | P9: 199 | Q9: 3.98 | R9: 0.28 | S9: 29 | T9: 33.26
A10: 9 | B10: 244350 | C10: suckjakkure@hotmail.com | D10: 642427575 | E10: วรรณวนัชเบเกอรี่ | F10: เอกชน | G10: 2 | H10: FACEBOOK | I10: TH013986BUTX6E | J10: น้ำค้าง สิงห์ราช | K10: 844650086 | L10: 188 ถนนประชาทร ลาดกระบัง ซอย3 ลาดกระบัง ลาดกระบัง กรุงเทพ Thailand | N10: 2.99 | O10: 5×️5×️10 | P10: 399 | Q10: 7.98 | R10: 0.56 | S10: 27 | T10: 35.54
A11: 10 | B11: 244350 | C11: suckjakkure@hotmail.com | D11: 642427575 | E11: วรรณวนัชเบเกอรี่ | F11: เอกชน | G11: 2 | H11: FACEBOOK | I11: TH101186DYHB1F | J11: Jiranun Naksiri | K11: 942958686 | L11: 99 หมู่ 15 บ้านซับสุวรรณ, บ้านหลังสีเหลือง มวกเหล็ก ซับสนุ่น สระบุรี Thailand | N11: 2.99 | O11: 5×️5×️9 | P11: 399 | Q11: 7.98 | R11: 0.56 | S11: 29 | T11: 37.54
A12: 11 | B12: 244350 | C12: suckjakkure@hotmail.com | D12: 642427575 | E12: วรรณวนัชเบเกอรี่ | F12: เอกชน | G12: 2 | H12: FACEBOOK | I12: TH011786BUTR2A1 | J12: นันทนา สวัสดิ์ธนากุล | K12: 816355780 | L12: 622/235 หมู่ บ้านคาซ่าซิตี้ บางขุนเทียน ( หน้าปาก ซอยเทียนทะเล 24) ถนนบางขุนเทียน-ชายทะเล บางขุนเทียน ท่าข้าม กรุงเทพ Thailand | N12: 2.99 | O12: 5×️5×️8 | P12: 0 | Q12: 0 | R12: 0 | S12: 27 | T12: 27
A13: 12 | B13: 244350 | C13: suckjakkure@hotmail.com | D13: 642427575 | E13: วรรณวนัชเบเกอรี่ | F13: เอกชน | G13: 2 | H13: FACEBOOK | I13: TH410486E0UR9A | J13: รำพรรณ. ชาญวิรัตน์ | K13: 817698318 | L13: 218 หมู่ ที่ 2 กันทรวิชัย โคกพระ มหาสารคาม Thailand | N13: 5 | O13: 5×️5×️12 | P13: 399 | Q13: 7.98 | R13: 0.56 | S13: 50 | T13: 58.54
... A35: 34 | B35: 244350 | C35: suckjakkure@hotmail.com | D35: 642427575 | E35: วรรณวนัชเบเกอรี่ | F35: เอกชน | G35: 2 | H35: FACEBOOK | I35: TH010686BUTQ9C | J35: อุษณีษ์ สุทธิสารสุนทร | K35: 942900509 | L35: 99/329 บ้านกลางเมือง สาทร-ตากสิน 2 ถ.ราชพฤกษ์ จอมทอง บางค้อ กรุงเทพ Thailand | N35: 0.5 | O35: 15×️15×️25 | P35: 398 | Q35: 7.96 | R35: 0.56 | S35: 18 | T35: 26.52
A36: 35 | B36: 244350 | C36: suckjakkure@hotmail.com | D36: 642427575 | E36: วรรณวนัชเบเกอรี่ | F36: ปณ | G36: 2 | H36: FACEBOOK | I36: WA066796386TH | J36: อัจจิมา | K36: 999390053 | L36: 40 หมู่ 5 บ้านหนองจิก ดงลาน เมืองร้อยเอ็ด ร้อยเอ็ด 45000 | N36: 0.762 | O36: 199 | P36: 2.985 | Q36: 0.209 | R36: 0 | S36: 17 | T36: 20.19
A37: 36 | B37: 244350 | C37: suckjakkure@hotmail.com | D37: 642427575 | E37: วรรณวนัชเบเกอรี่ | F37: ปณ | G37: 2 | H37: FACEBOOK | I37: WA066796430TH | J37: วาสนา พุ่มจุ่น | K37: 846467470 | L37: 53 ม.4 ทองเอน อินทร์บุรี สิงห์บุรี 16110 | N37: 1.158 | O37: 299 | P37: 4.485 | Q37: 0.314 | R37: 0 | S37: 23 | T37: 27.8
A38: 37 | B38: 244350 | C38: suckjakkure@hotmail.com | D38: 642427575 | E38: วรรณวนัชเบเกอรี่ | F38: ปณ | G38: 2 | H38: FACEBOOK | I38: WB109584117TH | J38: ณัฐพร | K38: 621282168 | L38: 2/15 หมู่ 4 ซอยตะวันออก 50 คลองหก คลองหลวง ปทุมธานี 12120 | N38: 0.246 | O38: 0 | P38: 0 | Q38: 0 | R38: 0 | S38: 17 | T38: 17
A39: 38 | B39: 244350 | C39: suckjakkure@hotmail.com | D39: 642427575 | E39: วรรณวนัชเบเกอรี่ | F39: ปณ | G39: 2 | H39: FACEBOOK | I39: WB109584103TH | J39: คุณ สุภรณ์ ลิ้มอารีย์ | K39: 897115807 | L39: 143/40 บ้านเฮา ถ.ถีนานนท์ ตลาด เมืองมหาสารคาม มหาสารคาม 44000 | N39: 1.194 | O39: 0 | P39: 0 | Q39: 0 | R39: 0 | S39: 23 | T39: 23
A40: 39 | B40: 244350 | C40: suckjakkure@hotmail.com | D40: 642427575 | E40: วรรณวนัชเบเกอรี่ | F40: ปณ | G40: 2 | H40: FACEBOOK | I40: WB109584094TH | J40: อัญชิษฐา บุญไพโรจน์ | K40: 840706249 | L40: 50 ม.4 วังสะพุง วังสะพุง เลย 42130 | N40: 3.428 | O40: 0 | P40: 0 | Q40: 0 | R40: 0 | S40: 44 | T40: 44
A41: 40 | B41: 244350 | C41: suckjakkure@hotmail.com | D41: 642427575 | E41: วรรณวนัชเบเกอรี่ | F41: ปณ | G41: 2 | H41: FACEBOOK | I41: WB109584085TH | J41: จำลอง | K41: 895156196 | L41: 78 หมู่ 2 ( ร้านบ้านของฝาก) ไชยภูมิ ไชโย อ่างทอง 14140 | N41: 0.534 | O41: 0 | P41: 0 | Q41: 0 | R41: 0 | S41: 17 | T41: 17
A42: 41 | B42: 244350 | C42: suckjakkure@hotmail.com | D42: 642427575 | E42: วรรณวนัชเบเกอรี่ | F42: ปณ | G42: 2 | H42: FACEBOOK | I42: WB109584077TH | J42: วีริยา กงพลี | K42: 926018065 | L42: 40 หมู่ 1 บ้านหนองขา หนองขาม จักราช นครราชสีมา 30230 | N42: 0.514 | O42: 0 | P42: 0 | Q42: 0 | R42: 0 | S42: 17 | T42: 17
A43: 42 | B43: 244350 | C43: suckjakkure@hotmail.com | D43: 642427575 | E43: วรรณวนัชเบเกอรี่ | F43: ปณ | G43: 2 | H43: FACEBOOK | I43: WB109584063TH | J43: นัท | K43: 651135388 | L43: 395/1 หมู่ 11 เมืองปัก ปักธงชัย นครราชสีมา 30150 | N43: 1.104 | O43: 0 | P43: 0 | Q43: 0 | R43: 0 | S43: 23 | T43: 23
A44: 43 | B44: 244350 | C44: suckjakkure@hotmail.com | D44: 642427575 | E44: วรรณวนัชเบเกอรี่ | F44: ปณ | G44: 2 | H44: FACEBOOK | I44: WB109584050TH | J44: นาง สำรวย ชนะภัย | K44: 980014719 | L44: 27/1 ม.5 มะค่า โนนไทย นครราชสีมา 30220 | N44: 1.094 | O44: 0 | P44: 0 | Q44: 0 | R44: 0 | S44: 23 | T44: 23
A45: 44 | B45: 244350 | C45: suckjakkure@hotmail.com | D45: 642427575 | E45: วรรณวนัชเบเกอรี่ | F45: ปณ | G45: 2 | H45: FACEBOOK | I45: WB109584046TH | J45: อัจจิมา เอียดเกลี้ยง | K45: 931638485 | L45: 6 ถ.ศรีมาประสิทธิ์ ซ.2 ชะอวด ชะอวด นครศรีธรรมราช 80180 | N45: 0.496 | O45: 0 | P45: 0 | Q45: 0 | R45: 0 | S45: 17 | T45: 17
A46: 45 | B46: 244350 | C46: suckjakkure@hotmail.com | D46: 642427575 | E46: วรรณวนัชเบเกอรี่ | F46: ปณ | G46: 2 | H46: FACEBOOK | I46: WB109584032TH | J46: วีรวัฒน์ ทานอุดม | K46: 983395962 | L46: 176 ม.12 พวา แก่งหางแมว จันทบุรี 22160 | N46: 0.726 | O46: 0 | P46: 0 | Q46: 0 | R46: 0 | S46: 17 | T46: 17
A47: 46 | B47: 244350 | C47: suckjakkure@hotmail.com | D47: 642427575 | E47: วรรณวนัชเบเกอรี่ | F47: ปณ | G47: 2 | H47: FACEBOOK | I47: WB109584029TH | J47: วชิราภรณ์ | K47: 939567247 | L47: 349 หมู่ 4 ถนนสุขุมวิท แพรกษา เมืองสมุทรปราการ สมุทรปราการ 10280 | N47: 0.544 | O47: 0 | P47: 0 | Q47: 0 | R47: 0 | S47: 17 | T47: 17
... A110: 109 | B110: 244350 | C110: suckjakkure@hotmail.com | D110: 642427575 | E110: วรรณวนัชเบเกอรี่ | F110: ปณ | G110: 2 | H110: FACEBOOK | I110: WB109619213TH | J110: นภสร สถากุลเจริญ (ปาล์ม) | K110: 955939901 | L110: ส่วนปฏิบัติการร้านคาเพื่อเมชอนส่วนกลาง ( บค. บอธ. ) บริษัทปดท. น้ำมันและการค้าปลีก จำกัด ( มหาชน) สำนักงานักงานใหญ่ เลขที่ 555/2 ศูนย์เอนเนอร์ขี่คอมเพล็กซ์ อาคาร บี ชั้น 18 ถนนวิกาวคีรังสิต จตุจักร จตุจักร กรุงเทพ 10900 | N110: 0.494 | O110: 0 | P110: 0 | Q110: 0 | R110: 0 | S110: 17 | T110: 17
A111: 110 | B111: 244409 | C111: suckjakkure@hotmail.com | D111: 642427575 | E111: วรรณวนัชเบเกอรี่ | F111: เอกชน | G111: 2 | H111: FACEBOOK | I111: TH011786FMP39B1 | J111: นิศากานต์ นวลอนันต์ | K111: 997529148 | L111: 91/187 ซ.พระราม 2 ( 69) ถ.พระราม 2 บางขุนเทียน แสมดำ กรุงเทพ Thailand | N111: 1 | O111: 25×️17×️18 | P111: 0 | Q111: 0 | R111: 0 | S111: 18 | T111: 18
A112: 111 | B112: 244470 | C112: suckjakkure@hotmail.com | D112: 642427575 | E112: วรรณวนัชเบเกอรี่ | F112: ปณ | G112: 2 | H112: FACEBOOK | I112: WB129879800TH | J112: ปาวีณา หนูเซ่ง | K112: 924159816 | L112: 86 ม.1 ลำภูรา ห้วยยอด ตรัง 92190 | N112: 0.232 | O112: 0 | P112: 0 | Q112: 0 | R112: 0 | S112: 17 | T112: 17
A113: 112 | B113: 244470 | C113: suckjakkure@hotmail.com | D113: 642427575 | E113: วรรณวนัชเบเกอรี่ | F113: ปณ | G113: 2 | H113: FACEBOOK | I113: WA067364651TH | J113: ประสงค์ อภิวัฒน์ชาติ | K113: 816260641 | L113: 268 ซ.รัชดา 13 ดินแดง ดินแดง กรุงเทพ 10400 | N113: 1.296 | O113: 215 | P113: 3.225 | Q113: 0.2258 | R113: 0 | S113: 23 | T113: 26.45
A114: 113 | B114: 244470 | C114: suckjakkure@hotmail.com | D114: 642427575 | E114: วรรณวนัชเบเกอรี่ | F114: ปณ | G114: 2 | H114: FACEBOOK | I114: WA067364648TH | J114: เดือนเพ็ญ กรงเข็ม | K114: 972263309 | L114: 17/13 ม 6 ถนนขาด เมืองนครปฐม นครปฐม 73000 | N114: 2.468 | O114: 399 | P114: 5.985 | Q114: 0.419 | R114: 0 | S114: 34 | T114: 40.4
A115: 114 | B115: 244470 | C115: suckjakkure@hotmail.com | D115: 642427575 | E115: วรรณวนัชเบเกอรี่ | F115: ปณ | G115: 2 | H115: FACEBOOK | I115: WA067364634TH | J115: สมศรี แสนสุข | K115: 639979726 | L115: 20/5 ถ.ภูมิรักษ์ ท่าราบ เมืองเพชรบุรี เพชรบุรี 76000 | N115: 0.798 | O115: 199 | P115: 2.985 | Q115: 0.209 | R115: 0 | S115: 17 | T115: 20.19
A116: 115 | B116: 244470 | C116: suckjakkure@hotmail.com | D116: 642427575 | E116: วรรณวนัชเบเกอรี่ | F116: ปณ | G116: 2 | H116: FACEBOOK | I116: WB129879795TH | J116: เจ สิทธิศักดิ์ | K116: 990404228 | L116: 22/1-3 ห้อง เบอร์ 7 ม.6 โป่ง บางละมุง ชลบุรี 20150 | N116: 0.69 | O116: 0 | P116: 0 | Q116: 0 | R116: 0 | S116: 17 | T116: 17
A117: 116 | B117: 244470 | C117: suckjakkure@hotmail.com | D117: 642427575 | E117: วรรณวนัชเบเกอรี่ | F117: ปณ | G117: 2 | H117: FACEBOOK | I117: WB129879787TH | J117: ขวัญชัย สุวรรณ | K117: 960480586 | L117: 133 ม.6 สะอาดสมบูรณ์ เมืองร้อยเอ็ด ร้อยเอ็ด 45000 | N117: 0.696 | O117: 0 | P117: 0 | Q117: 0 | R117: 0 | S117: 17 | T117: 17
A118: 117 | B118: 244470 | C118: suckjakkure@hotmail.com | D118: 642427575 | E118: วรรณวนัชเบเกอรี่ | F118: ปณ | G118: 2 | H118: FACEBOOK | I118: WB129879773TH | J118: สกาวรัตน์ ศรีชาย | K118: 640089441 | L118: 125 ม.1 พิปูน พิปูน นครศรีธรรมราช 80270 | N118: 0.69 | O118: 0 | P118: 0 | Q118: 0 | R118: 0 | S118: 17 | T118: 17
A119: 118 | B119: 244470 | C119: suckjakkure@hotmail.com | D119: 642427575 | E119: วรรณวนัชเบเกอรี่ | F119: ปณ | G119: 2 | H119: FACEBOOK | I119: WB129879760TH | J119: K.FON (ร้านดอกไม้) | K119: 887847197 | L119: 39 ถ.รัตนอุทิศ หาดใหญ่ หาดใหญ่ สงขลา 90110 | N119: 4.258 | O119: 0 | P119: 0 | Q119: 0 | R119: 0 | S119: 54 | T119: 54
A120: 119 | B120: 244470 | C120: suckjakkure@hotmail.com | D120: 642427575 | E120: วรรณวนัชเบเกอรี่ | F120: ปณ | G120: 2 | H120: FACEBOOK | I120: WB129879756TH | J120: ยุพเนตร | K120: 871624991 | L120: 107 หมู่ 12 ปากช่อง จอมบึง ราชบุรี 70150 | N120: 0.856 | O120: 0 | P120: 0 | Q120: 0 | R120: 0 | S120: 17 | T120: 17
A121: 120 | B121: 244470 | C121: suckjakkure@hotmail.com | D121: 642427575 | E121: วรรณวนัชเบเกอรี่ | F121: ปณ | G121: 2 | H121: FACEBOOK | I121: WA067364625TH | J121: จิรัชยา ประเสริฐ | K121: 813055207 | L121: 574/2 หอพักครูเฮง ห้อง 1 ถนนสรรพสิทธิ์ ในเมือง เมืองอุบลราชธานี อุบลราชธานี 34000 | N121: 1.31 | O121: 215 | P121: 3.225 | Q121: 0.2258 | R121: 0 | S121: 23 | T121: 26.45
A122: 121 | B122: 244470 | C122: suckjakkure@hotmail.com | D122: 642427575 | E122: วรรณวนัชเบเกอรี่ | F122: ปณ | G122: 2 | H122: FACEBOOK | I122: WB129879742TH | J122: ครรชิต อยู่เสน | K122: 639434033 | L122: 41 สุขุมวิท 49/14 แยก 1 ซอยประเสริฐสิษฐ์ คลองตันเหนือ วัฒนา กรุงเทพ 10110 | N122: 0.702 | O122: 0 | P122: 0 | Q122: 0 | R122: 0 | S122: 17 | T122: 17
A123: 122 | B123: 244470 | C123: suckjakkure@hotmail.com | D123: 642427575 | E123: วรรณวนัชเบเกอรี่ | F123: ปณ | G123: 2 | H123: FACEBOOK | I123: WA067364617TH | J123: ปริสุทธา บ้านนาน่าดู | K123: 819935033 | L123: 291/3 หมู่ 3 ริมกก เมืองเชียงราย เชียงราย 57100 | N123: 3.666 | O123: 645 | P123: 9.675 | Q123: 0.6773 | R123: 0 | S123: 44 | T123: 54.35
... A178: 177 | B178: 244684 | C178: suckjakkure@hotmail.com | D178: 642427575 | E178: วรรณวนัชเบเกอรี่ | F178: ปณ | G178: 2 | H178: FACEBOOK | I178: WB130661946TH | J178: รสสุคนธ์ บุญชื่น | K178: 645841167 | L178: บ.คลองรวก ต.โป่งนก 52 ส่งร้านค้าบ้านปุ้ย โป่งนก เทพสถิต ชัยภูมิ 36230 | N178: 1.284 | O178: 0 | P178: 0 | Q178: 0 | R178: 0 | S178: 23 | T178: 23
A179: 178 | B179: 14/1/2569 | C179: suckjakkure@hotmail.com | D179: 642427575 | E179: วรรณวนัชเบเกอรี่ | F179: ปณ | G179: 2 | H179: FACEBOOK | I179: WB130740595TH | J179: พรนภา ศรีกระจ่าง | K179: 951259610 | L179: 5/1 ม.5 เจ้าเสด็จ เสนา พระนครศรีอยุธยา 13110 | N179: 1.81 | O179: 0 | P179: 0 | Q179: 0 | R179: 0 | S179: 23 | T179: 23
A180: 179 | B180: 14/1/2569 | C180: suckjakkure@hotmail.com | D180: 642427575 | E180: วรรณวนัชเบเกอรี่ | F180: ปณ | G180: 2 | H180: FACEBOOK | I180: WB130740604TH | J180: อุ้ม (พนิดา นิ่มโต) | K180: 979236235 | L180: 332 ซ.รัชดาภิเษก 36 แยก 19-4-2 ลาดยาว จตุจักร กรุงเทพ 10900 | N180: 2.338 | O180: 0 | P180: 0 | Q180: 0 | R180: 0 | S180: 34 | T180: 34
A181: 180 | B181: 14/1/2569 | C181: suckjakkure@hotmail.com | D181: 642427575 | E181: วรรณวนัชเบเกอรี่ | F181: ปณ | G181: 2 | H181: FACEBOOK | I181: WB130809165TH | J181: ทิศารัตน์ แจ้งสว่าง | K181: 815292181 | L181: 667/4 ซอย25 ถ.พิชัยฯ ปากเพรียว เมืองสระบุรี สระบุรี 18000 | N181: 1.778 | O181: 0 | P181: 0 | Q181: 0 | R181: 0 | S181: 23 | T181: 23
A182: 181 | B182: 14/1/2569 | C182: suckjakkure@hotmail.com | D182: 642427575 | E182: วรรณวนัชเบเกอรี่ | F182: ปณ | G182: 2 | H182: FACEBOOK | I182: WA078759845TH | J182: Orsiri Purananunak | K182: 930059865 | L182: 243/8 คอนโด Bcl ม.2 บางขะแยง เมืองปทุมธานี ปทุมธานี 12000 | N182: 1.172 | O182: 299 | P182: 4.485 | Q182: 0.314 | R182: 0 | S182: 23 | T182: 27.8
A183: 182 | B183: 14/1/2569 | C183: suckjakkure@hotmail.com | D183: 642427575 | E183: วรรณวนัชเบเกอรี่ | F183: ปณ | G183: 2 | H183: FACEBOOK | I183: WA078759831TH | J183: นาง กรรณิการ์ โชติพูล | K183: 811835009 | L183: โรงเรียนสามขาสว่างวิทย์ สามขา กุฉินารายณ์ กาฬสินธุ์ 46110 | N183: 1.29 | O183: 215 | P183: 3.225 | Q183: 0.2258 | R183: 0 | S183: 23 | T183: 26.45
A184: 183 | B184: 14/1/2569 | C184: suckjakkure@hotmail.com | D184: 642427575 | E184: วรรณวนัชเบเกอรี่ | F184: ปณ | G184: 2 | H184: FACEBOOK | I184: WB130809151TH | J184: อส.ทพ. นัฐพงษ์ ยิ่งเชิดงาม | K184: 801613308 | L184: กองร้อยทหารพรานที่ 4606 ม.8 บ้านไทยสุข ( วัดชนาราม) ลาโละ รือเสาะ นราธิวาส 96150 | N184: 0.634 | O184: 0 | P184: 0 | Q184: 0 | R184: 20 | S184: 37 | T184: 37
A185: 184 | B185: 14/1/2569 | C185: suckjakkure@hotmail.com | D185: 642427575 | E185: วรรณวนัชเบเกอรี่ | F185: ปณ | G185: 2 | H185: FACEBOOK | I185: WB130809148TH | J185: ประโยชน์ ยิ่งเชิดงาม | K185: 984305737 | L185: 98 หมู่ 7 บ้านกรวด บ้านกรวด บุรีรัมย์ 31180 | N185: 0.644 | O185: 0 | P185: 0 | Q185: 0 | R185: 0 | S185: 17 | T185: 17
A186: 185 | B186: 14/1/2569 | C186: suckjakkure@hotmail.com | D186: 642427575 | E186: วรรณวนัชเบเกอรี่ | F186: ปณ | G186: 2 | H186: FACEBOOK | I186: WB130809134TH | J186: แม่ทองลา ฟอกสันเทียะ | K186: 884682309 | L186: 36/1 หมู่ 10 หนองพลวง ประทาย นครราชสีมา 30180 | N186: 2.806 | O186: 0 | P186: 0 | Q186: 0 | R186: 0 | S186: 34 | T186: 34
A187: 186 | B187: 14/1/2569 | C187: suckjakkure@hotmail.com | D187: 642427575 | E187: วรรณวนัชเบเกอรี่ | F187: ปณ | G187: 2 | H187: FACEBOOK | I187: WA078759828TH | J187: นาย ภัคพล พิลึก | K187: 932408869 | L187: หมู่ บ้านทุ่งตัน บ้านเลขที่ 12/3 หมู่ 12 บ้านไร่ ลาดยาว นครสวรรค์ 60150 | N187: 1.08 | O187: 250 | P187: 3.75 | Q187: 0.2625 | R187: 0 | S187: 23 | T187: 27.01
A188: 187 | B188: 14/1/2569 | C188: suckjakkure@hotmail.com | D188: 642427575 | E188: วรรณวนัชเบเกอรี่ | F188: ปณ | G188: 2 | H188: FACEBOOK | I188: WA078759814TH | J188: วรานิษฐ์ มีสง่า | K188: 638966164 | L188: 105/1 ม.3 แสนตอ ขาณุวรลักษบุรี กำแพงเพชร 62130 | N188: 1.802 | O188: 380 | P188: 5.7 | Q188: 0.399 | R188: 0 | S188: 23 | T188: 29.1
A189: 188 | B189: 14/1/2569 | C189: suckjakkure@hotmail.com | D189: 642427575 | E189: วรรณวนัชเบเกอรี่ | F189: ปณ | G189: 2 | H189: FACEBOOK | I189: WA078759805TH | J189: พรทิพย์ | K189: 861014051 | L189: 5/23 หมู่ 7 บึงบา หนองเสือ ปทุมธานี 12170 | N189: 2.478 | O189: 399 | P189: 5.985 | Q189: 0.419 | R189: 0 | S189: 34 | T189: 40.4
A190: 189 | B190: 14/1/2569 | C190: suckjakkure@hotmail.com | D190: 642427575 | E190: วรรณวนัชเบเกอรี่ | F190: ปณ | G190: 2 | H190: FACEBOOK | I190: WA078759791TH | J190: สมประสงค์ รมยาคม | K190: 818797619 | L190: 165/2 ซอยข้างถังน้ำประปา ม.12 บ. ศาลเจ้า คลองม่วง ปากช่อง นครราชสีมา 30130 | N190: 1.304 | O190: 215 | P190: 3.225 | Q190: 0.2258 | R190: 0 | S190: 23 | T190: 26.45
... A416: 415 | B416: 31/1/2569 | C416: suckjakkure@hotmail.com | D416: 642427575 | E416: วรรณวนัชเบเกอรี่ | F416: ปณ | G416: 2 | H416: FACEBOOK | I416: WB132854799TH | J416: บริษัท เอิร์ล มอนเตสเซอร์ จำกัด | K416: 811103776 | L416: 4, 4/5 อาคาร เซ็นทรัล เวอร์ ชั้น 12 ห้อง เลขที่ 1208 ถนนราชดำริ ปทุมวัน ปทุมวัน กรุงเทพ 10330 | N416: 0.024 | O416: 0 | P416: 0 | Q416: 0 | R416: 0 | S416: 17 | T416: 17
A417: 416
A418: 417
A419: 418
A420: 419
A421: 420
A422: 421
A423: 422
A424: 423
A425: 424
A426: 425
A427: 426
A428: 427
... A430: 429

Sheet รวมส่ง ม.ค.
A1: วันที่ส่ง | B1: Email | C1: Tel | D1: ขนส่ง | E1: จำนวนพัสดุที่มี COD(ชิ้น) | F1: จำนวนที่ส่ง(ชิ้น) | G1: รวมยอด COD | H1: รวมยอด COD Fee 2% | I1: รวมค่า COD Fee VAT 7% | J1: รวมค่าพื้นที่เกาะ | K1: รวมค่าขนส่ง | L1: Total Charge
A2: 244350 | B2: suckjakkure@hotmail.com | C2: 642427575 | D2: เอกชน | E2: 15 | F2: 34 | G2: 5061 | H2: 101.22 | I2: 7.09 | J2: - | K2: 1758 | L2: 1866.31
A3: 244350 | B3: suckjakkure@hotmail.com | C3: 642427575 | D3: ปณ | E3: 50 | F3: 75 | G3: 13997 | H3: 209.96 | I3: 14.7 | J3: 15 | K3: 1746 | L3: 1970.66
A4: 244381 | B4: ไม่มียอดเก็บ COD
A5: 244409 | B5: suckjakkure@hotmail.com | C5: 642427575 | D5: ปณ | E5: 0 | F5: 1 | G5: 0 | H5: 0 | I5: 0 | J5: - | K5: 18 | L5: 18
A6: 244440 | B6: ไม่มียอดเก็บ COD
A7: 244470 | B7: suckjakkure@hotmail.com | C7: 642427575 | D7: ปณ | E7: 9 | F7: 17 | G7: 2801 | H7: 42.02 | I7: 2.94 | J7: 0 | K7: 417 | L7: 461.96
A8: 244501 | B8: ไม่มียอดเก็บ COD
A9: 244531 | B9: suckjakkure@hotmail.com | C9: 642427575 | D9: ปณ | E9: 6 | F9: 11 | G9: 1641 | H9: 24.62 | I9: 1.72 | J9: 0 | K9: 279 | L9: 305.34
A10: 244562 | B10: suckjakkure@hotmail.com | C10: 642427575 | D10: ปณ | E10: 0 | F10: 4 | G10: 0 | H10: 0 | I10: 0 | J10: 0 | K10: 80 | L10: 80
A11: 244593 | B11: suckjakkure@hotmail.com | C11: 642427575 | D11: ปณ | E11: 5 | F11: 6 | G11: 1807 | H11: 27.11 | I11: 1.9 | J11: 0 | K11: 192 | L11: 221.01
A12: 244623 | B12: suckjakkure@hotmail.com | C12: 642427575 | D12: ปณ | E12: 6 | F12: 15 | G12: 1842 | H12: 27.63 | I12: 1.93 | J12: 0 | K12: 420 | L12: 449.56
A13: 244654 | B13: suckjakkure@hotmail.com | C13: 642427575 | D13: ปณ | E13: 1 | F13: 6 | G13: 215 | H13: 3.23 | I13: 0.23 | J13: 0 | K13: 168 | L13: 171.46
A14: 244684 | B14: suckjakkure@hotmail.com | C14: 642427575 | D14: ปณ | E14: 3 | F14: 8 | G14: 1470 | H14: 22.05 | I14: 1.54 | J14: 0 | K14: 210 | L14: 233.59
A15: 13/1/2569 | B15: ไม่มียอดเก็บ COD
A16: 14/1/2569 | B16: suckjakkure@hotmail.com | C16: 642427575 | D16: ปณ | E16: 10 | F16: 21 | G16: 4958 | H16: 74.37 | I16: 5.21 | J16: 20 | K16: 1334 | L16: 1413.58
A17: 15/1/2569 | B17: suckjakkure@hotmail.com | C17: 642427575 | D17: ปณ | E17: 2 | F17: 18 | G17: 2045 | H17: 30.68 | I17: 2.15 | J17: 0 | K17: 488 | L17: 520.83
A18: 16/1/2569 | B18: suckjakkure@hotmail.com | C18: 642427575 | D18: ปณ | E18: 3 | F18: 4 | G18: 680 | H18: 10.2 | I18: 0.71 | J18: 0 | K18: 92 | L18: 102.91
A19: 17/1/2569 | B19: suckjakkure@hotmail.com | C19: 642427575 | D19: ปณ | E19: 5 | F19: 12 | G19: 1274 | H19: 19.11 | I19: 1.34 | J19: 0 | K19: 246 | L19: 266.45
A20: 18/1/2569 | B20: suckjakkure@hotmail.com | C20: 642427575 | D20: ปณ | E20: 2 | F20: 8 | G20: 639 | H20: 9.59 | I20: 0.67 | J20: 0 | K20: 178 | L20: 188.26
A21: 19/1/2569 | B21: suckjakkure@hotmail.com | C21: 642427575 | D21: ปณ | E21: 13 | F21: 18 | G21: 4394 | H21: 65.91 | I21: 4.61 | J21: 0 | K21: 556 | L21: 626.52
A22: 20/1/2569 | B22: ไม่มียอดเก็บ COD
A23: 21/1/2569 | B23: suckjakkure@hotmail.com | C23: 642427575 | D23: ปณ | E23: 6 | F23: 18 | G23: 1528 | H23: 22.92 | I23: 1.6 | J23: 0 | K23: 388 | L23: 412.52
A24: 22/1/2569 | B24: suckjakkure@hotmail.com | C24: 642427575 | D24: ปณ | E24: 7 | F24: 17 | G24: 1943 | H24: 29.15 | I24: 2.04 | J24: 0 | K24: 371 | L24: 402.19
A25: 23/1/2569 | B25: suckjakkure@hotmail.com | C25: 642427575 | D25: ปณ | E25: 2 | F25: 27 | G25: 698 | H25: 10.47 | I25: 0.73 | J25: 0 | K25: 500 | L25: 511.2
A26: 24/1/2569 | B26: suckjakkure@hotmail.com | C26: 642427575 | D26: ปณ | E26: 9 | F26: 11 | G26: 2103 | H26: 31.55 | I26: 2.21 | J26: 0 | K26: 258 | L26: 291.76
A27: 25/1/2569 | B27: suckjakkure@hotmail.com | C27: 642427575 | D27: ปณ | E27: 3 | F27: 9 | G27: 580 | H27: 8.7 | I27: 0.61 | J27: 0 | K27: 204 | L27: 213.31
A28: 26/1/2569 | B28: suckjakkure@hotmail.com | C28: 642427575 | D28: ปณ | E28: 7 | F28: 11 | G28: 1758 | H28: 26.37 | I28: 1.85 | J28: 0 | K28: 278 | L28: 306.22
A29: 27/1/2569 | B29: ไม่มียอดเก็บ COD
A30: 28/1/2569 | B30: suckjakkure@hotmail.com | C30: 642427575 | D30: ปณ | E30: 14 | F30: 18 | G30: 3857 | H30: 57.86 | I30: 4.05 | J30: 0 | K30: 430 | L30: 491.91
A31: 29/1/2569 | B31: suckjakkure@hotmail.com | C31: 642427575 | D31: ปณ | E31: 7 | F31: 17 | G31: 1960 | H31: 29.4 | I31: 2.06 | J31: 0 | K31: 337 | L31: 368.46
A32: 30/1/2569 | B32: suckjakkure@hotmail.com | C32: 642427575 | D32: ปณ | E32: 10 | F32: 13 | G32: 2654 | H32: 39.81 | I32: 2.79 | J32: 0 | K32: 299 | L32: 341.6
A33: 31/1/2569 | B33: suckjakkure@hotmail.com | C33: 642427575 | D33: ปณ | E33: 7 | F33: 16 | G33: 2072 | H33: 31.08 | I33: 2.18 | J33: 0 | K33: 360 | L33: 393.26
A34: ยอดรวม | E34: =SUM(E2:E33) -> 202 | F34: =SUM(F2:F33) -> 415 | G34: =SUM(G2:G33) -> 61977 | H34: =SUM(H2:H33) -> 955.01 | I34: =SUM(I2:I33) -> 66.86 | J34: =SUM(J2:J33) -> 35 | K34: =SUM(K2:K33) -> 11607 | L34: =SUM(L2:L33) -> 12628.87

Sheet  รายการส่งของ ก.พ.
A1: ลำดับ | B1: วันที่ส่ง | C1: Email | D1: Tel | E1: Team Name | F1: ขนส่ง | G1: Team Percent COD Fee | H1: Page | I1: Tracking No. | J1: Consignee | K1: Phone number | L1: Address | M1: Item type | N1: Weight（kg) | O1: Demensions | P1: COD Amount | Q1: Total COD Fee | R1: COD VAT 7% | S1: Freight | T1: Total Charge
A2: 1 | B2: 244351 | C2: suckjakkure@hotmail.com | D2: 642427575 | E2: วรรณวนัชเบเกอรี่ | F2: ปณ | G2: 2 | H2: FACEBOOK | I2: WA085178956TH | J2: เสรี-ช่วยชูกลิ่น | K2: 813642006 | L2: 51-ม-2 ยางหย่อง ท่ายาง เพชรบุรี 76130 | N2: 2.484 | O2: 399 | P2: 5.985 | Q2: 0.419 | R2: 0 | S2: 34 | T2: 40.4
A3: 2 | B3: 244351 | C3: suckjakkure@hotmail.com | D3: 642427575 | E3: วรรณวนัชเบเกอรี่ | F3: ปณ | G3: 2 | H3: FACEBOOK | I3: WA085178973TH | J3: ไอรีน ตะเภาพงศ์ | K3: 926355388 | L3: 66/1 ถนนเทศบาลเมืองปู่เจ้าสมิงพราย 11 สำโรงใต้ พระประแดง สมุทรปราการ 10130 | N3: 1.574 | O3: 299 | P3: 4.485 | Q3: 0.314 | R3: 0 | S3: 23 | T3: 27.8
A4: 3 | B4: 244351 | C4: suckjakkure@hotmail.com | D4: 642427575 | E4: วรรณวนัชเบเกอรี่ | F4: ปณ | G4: 2 | H4: FACEBOOK | I4: WA085178995TH | J4: กันยารัตน์ จิตรานุเคราะห์ | K4: 819380588 | L4: บจก. แอ๊ดวานซ์ โซลูชั่น อินเตอร์เนชั่นแนล 54/25 หมู่ 6 ถ.เลียบคลองเทพกาญจนา บางน้ำจืด เมืองสมุทรสาคร สมุทรสาคร 74000 | N4: 1.304 | O4: 215 | P4: 3.225 | Q4: 0.2258 | R4: 0 | S4: 23 | T4: 26.45
A5: 4 | B5: 244351 | C5: suckjakkure@hotmail.com | D5: 642427575 | E5: วรรณวนัชเบเกอรี่ | F5: ปณ | G5: 2 | H5: FACEBOOK | I5: WB132930331TH | J5: นาย เฉลิมพล ศรีทองจ้อย | K5: 945511807 | L5: 34 ม.15 เมืองใหม่ ศรีบุญเรือง หนองบัวลำภู 39180 | N5: 1.516 | O5: 0 | P5: 0 | Q5: 0 | R5: 0 | S5: 23 | T5: 23
A6: 5 | B6: 244351 | C6: suckjakkure@hotmail.com | D6: 642427575 | E6: วรรณวนัชเบเกอรี่ | F6: ปณ | G6: 2 | H6: FACEBOOK | I6: WB132930345TH | J6: ไอซ์ ไวกิ้ง | K6: 973459540 | L6: สวนสนุกในงาน เวทีกลางสะพานหิน ถนนภูเก็ต วิชิต เมืองภูเก็ต ภูเก็ต 83000 | N6: 1.71 | O6: 0 | P6: 0 | Q6: 0 | R6: 20 | S6: 43 | T6: 43
A7: 6 | B7: 244351 | C7: suckjakkure@hotmail.com | D7: 642427575 | E7: วรรณวนัชเบเกอรี่ | F7: ปณ | G7: 2 | H7: FACEBOOK | I7: WB132994155TH | J7: สำรวย สัตยภิรมณ์ | K7: 894425738 | L7: 127/10 หมู่ 1 บ้านโพธิ์ บ้านโพธิ์ ฉะเชิงเทรา 24140 | N7: 9 | O7: 0 | P7: 0 | Q7: 0 | R7: 0 | S7: 101 | T7: 101
A8: 7 | B8: 244351 | C8: suckjakkure@hotmail.com | D8: 642427575 | E8: วรรณวนัชเบเกอรี่ | F8: ปณ | G8: 2 | H8: FACEBOOK | I8: WB132999436TH | J8: คุณ ปัทมา | K8: 21465959 | L8: บม จ. บิ๊กซีซูเปอร์เซ็นเตอร์ ( สำนักงานใหญ่) ( ฝ่ายบัญชี อาคาร เบอร์ ลี่ยุคเกอร์ ( B) ชั้น 6) 88/9 ซอยสมานฉันท์-บาร์โบส พระโขนง คลองเตย กรุงเทพ 10110 | N8: 0.026 | O8: 0 | P8: 0 | Q8: 0 | R8: 0 | S8: 17 | T8: 17
A9: 8 | B9: 244351 | C9: suckjakkure@hotmail.com | D9: 642427575 | E9: วรรณวนัชเบเกอรี่ | F9: ปณ | G9: 2 | H9: FACEBOOK | I9: WB132999440TH | J9: คุณ เจนนี่ | K9: 926728038 | L9: บริษัทซี. เ จ. เอ็กซ์เพรส กรุ๊ป จำกัด 393 อาคาร 393 สีลม ชั้น 2, 4 และ 5 ถนนสีลม สีลม บางรัก กรุงเทพ 10500 | N9: 0.046 | O9: 0 | P9: 0 | Q9: 0 | R9: 0 | S9: 17 | T9: 17
A10: 9 | B10: 244351 | C10: suckjakkure@hotmail.com | D10: 642427575 | E10: วรรณวนัชเบเกอรี่ | F10: ปณ | G10: 2 | H10: FACEBOOK | I10: WB133006295TH | J10: คุณ นิกกี้ | K10: 929963891 | L10: คอน โด Whizdom the Forestia Petopia in เพทโท i ปีย เลขที่ 182/35 ก ม.7 ทางคู่ขนาน ถนนบางนา-ตราด บางแก้ว บางพลี สมุทรปราการ 10540 | N10: 0.03 | O10: 0 | P10: 0 | Q10: 0 | R10: 0 | S10: 17 | T10: 17
A11: 10 | B11: 244382 | C11: suckjakkure@hotmail.com | D11: 642427575 | E11: วรรณวนัชเบเกอรี่ | F11: ปณ | G11: 2 | H11: FACEBOOK | I11: WB133045926TH | J11: คุณ นรัตต์ธพร หมดจด | K11: 827653059 | L11: 193/44 หมู่ 4 เอื้ออาทร( วัดพระเงิน) อาคาร 44 ซอยวัดส้มเกลี้ยง ถนนกาญจนาภิเษก ปลายบาง บางกรวย นนทบุรี 11130 | N11: 1.338 | O11: 0 | P11: 0 | Q11: 0 | R11: 0 | S11: 23 | T11: 23
A12: 11 | B12: 244382 | C12: suckjakkure@hotmail.com | D12: 642427575 | E12: วรรณวนัชเบเกอรี่ | F12: ปณ | G12: 2 | H12: FACEBOOK | I12: WB133045930TH | J12: สุภาวดี | K12: 853715717 | L12: 95 ถ.บริพัตร ท่าราบ เมืองเพชรบุรี เพชรบุรี 76000 | N12: 1.038 | O12: 0 | P12: 0 | Q12: 0 | R12: 0 | S12: 23 | T12: 23
A13: 12 | B13: 244382 | C13: suckjakkure@hotmail.com | D13: 642427575 | E13: วรรณวนัชเบเกอรี่ | F13: ปณ | G13: 2 | H13: FACEBOOK | I13: WA085529649TH | J13: วาริน. คชเผือก | K13: 616133586 | L13: 1065/125 หนองกี่ กบินทร์บุรี ปราจีนบุรี 25110 | N13: 1.306 | O13: 215 | P13: 3.225 | Q13: 0.2258 | R13: 0 | S13: 23 | T13: 26.45
... A32: 31 | B32: 244441 | C32: suckjakkure@hotmail.com | D32: 642427575 | E32: วรรณวนัชเบเกอรี่ | F32: ปณ | G32: 2 | H32: FACEBOOK | I32: WA086251635TH | J32: เนาวรัตน่ จันทร่สมปอง | K32: 840046503 | L32: คาร์แคร์ โพไซดอน 207/56 ม.6 นาเกลือ บางละมุง ชลบุรี 20150 | N32: 1.302 | O32: 215 | P32: 3.225 | Q32: 0.2258 | R32: 20 | S32: 43 | T32: 46.45
A33: 32 | B33: 244471 | C33: suckjakkure@hotmail.com | D33: 642427575 | E33: วรรณวนัชเบเกอรี่ | F33: เอกชน | G33: 2 | H33: FACEBOOK | I33: TH012586JDE58D | J33: คุณ เจนนี่ | K33: 926728038 | L33: บริษัทซี. เ จ. เอ็กซ์เพรส กรุ๊ป จำกัด 393 อาคาร 393 สีลม ชั้น 2, 4 และ 5 ถนนสีลม สีลม บางรัก กรุงเทพ | N33: 0.08 | O33: 1x1x1 | P33: 0 | Q33: 0 | R33: 0 | S33: 18 | T33: 18
A34: 33 | B34: 244471 | C34: suckjakkure@hotmail.com | D34: 642427575 | E34: วรรณวนัชเบเกอรี่ | F34: เอกชน | G34: 2 | H34: FACEBOOK | I34: TH013486HCD96A1 | J34: คุณ อัจฉรา บุตรสาร | K34: 949599796 | L34: 148/521 ซอยรามคำแหง 190 มีนบุรี มีนบุรี กรุงเทพ | N34: 0.21 | O34: 1x1x1 | P34: 0 | Q34: 0 | R34: 0 | S34: 18 | T34: 18
A35: 34 | B35: 244471 | C35: suckjakkure@hotmail.com | D35: 642427575 | E35: วรรณวนัชเบเกอรี่ | F35: เอกชน | G35: 2 | H35: FACEBOOK | I35: TH013786FMP41C | J35: นาย ภิรมย์ กรมพามัย | K35: 805550135 | L35: 315 ถ.ราชวิถี ทุ่งพญาไท ราชเทวี กรุงเทพ | N35: 1.31 | O35: 24x24x17 | P35: 215 | Q35: 4.3 | R35: 0.3 | S35: 22 | T35: 26.6
A36: 35 | B36: 244471 | C36: suckjakkure@hotmail.com | D36: 642427575 | E36: วรรณวนัชเบเกอรี่ | F36: เอกชน | G36: 2 | H36: FACEBOOK | I36: TH040686FMP43C | J36: หทัยกร. ยอดแสง | K36: 639821598 | L36: 39/343 ม.ศุภลักษณ์ซิตี้ บึงคำพร้อย ลำลูกกา ปทุมธานี | N36: 2.34 | O36: 1x1x1 | P36: 399 | Q36: 7.98 | R36: 0.56 | S36: 27 | T36: 35.54
A37: 36 | B37: 244471 | C37: suckjakkure@hotmail.com | D37: 642427575 | E37: วรรณวนัชเบเกอรี่ | F37: เอกชน | G37: 2 | H37: FACEBOOK | I37: TH070186GZNQ4I | J37: พรนิภา | K37: 618263122 | L37: 11/7 ม.1 โคกตูม เมืองลพบุรี ลพบุรี | N37: 1.3 | O37: 1x1x1 | P37: 0 | Q37: 0 | R37: 0 | S37: 24 | T37: 24
A38: 37 | B38: 244471 | C38: suckjakkure@hotmail.com | D38: 642427575 | E38: วรรณวนัชเบเกอรี่ | F38: เอกชน | G38: 2 | H38: FACEBOOK | I38: TH110386HDMN1F | J38: นาย เพ็ญจันทร์ เอี่ยมสะอาด | K38: 636539803 | L38: 39 หมู่ 8 บางอ้อ บ้านนา นครนายก | N38: 2.44 | O38: 54x20x16 | P38: 199 | Q38: 3.98 | R38: 0.28 | S38: 29 | T38: 33.26
A39: 38 | B39: 244471 | C39: suckjakkure@hotmail.com | D39: 642427575 | E39: วรรณวนัชเบเกอรี่ | F39: เอกชน | G39: 2 | H39: FACEBOOK | I39: TH130386HCD90J | J39: คุณ นุ้ย แผนกบัญชี เอกสารวางบิล | K39: 34613074 | L39: บริษัทศรีฟ้าโฟรเซนฟูดส์ จำกัด 208-209 หมู่ 3 วังขนาย ท่าม่วง กาญจนบุรี | N39: 0.19 | O39: 1x1x1 | P39: 0 | Q39: 0 | R39: 0 | S39: 20 | T39: 20
A40: 39 | B40: 244471 | C40: suckjakkure@hotmail.com | D40: 642427575 | E40: วรรณวนัชเบเกอรี่ | F40: เอกชน | G40: 2 | H40: FACEBOOK | I40: TH220586GZNT1A | J40: ตามจิต สาวิไสย | K40: 956310450 | L40: 156/10 ม.1 มะขาม มะขาม จันทบุรี | N40: 1.3 | O40: 1x1x1 | P40: 215 | Q40: 4.3 | R40: 0.3 | S40: 24 | T40: 28.6
A41: 40 | B41: 244471 | C41: suckjakkure@hotmail.com | D41: 642427575 | E41: วรรณวนัชเบเกอรี่ | F41: เอกชน | G41: 2 | H41: FACEBOOK | I41: TH240386FMP33E | J41: สาลี่ หมื่นนรินทร์ | K41: 855202129 | L41: 44/2 ม.10 บึงน้ำรักษ์ บางน้ำเปรี้ยว ฉะเชิงเทรา | N41: 4.92 | O41: 46x20x27 | P41: 0 | Q41: 0 | R41: 0 | S41: 50 | T41: 50
A42: 41 | B42: 244471 | C42: suckjakkure@hotmail.com | D42: 642427575 | E42: วรรณวนัชเบเกอรี่ | F42: เอกชน | G42: 2 | H42: FACEBOOK | I42: TH240386GZNS7E | J42: นางสาว ศิริพร ผลโพธิ์ | K42: 996092164 | L42: 1/2 ม.6 บึงน้ำรักษ์ บางน้ำเปรี้ยว ฉะเชิงเทรา | N42: 1.2 | O42: 1x1x1 | P42: 0 | Q42: 0 | R42: 0 | S42: 24 | T42: 24
A43: 42 | B43: 244471 | C43: suckjakkure@hotmail.com | D43: 642427575 | E43: วรรณวนัชเบเกอรี่ | F43: เอกชน | G43: 2 | H43: FACEBOOK | I43: TH270286FMP35G | J43: ศรัญญา ชิดกระโทก | K43: 653792846 | L43: ( ร้านยายอึ่ง) 106 ม.6 อรพิมพ์ ครบุรี นครราชสีมา | N43: 1.3 | O43: 1x1x1 | P43: 0 | Q43: 0 | R43: 0 | S43: 24 | T43: 24
A44: 43 | B44: 244471 | C44: suckjakkure@hotmail.com | D44: 642427575 | E44: วรรณวนัชเบเกอรี่ | F44: เอกชน | G44: 2 | H44: FACEBOOK | I44: TH301286GZNR5B | J44: ดารารัตน์ ปาปะแพ | K44: 826597712 | L44: ( บ้านหัวเหล่า) 130 หมู่ 6 บก โนนคูณ ศรีสะเกษ | N44: 3.46 | O44: 1x1x1 | P44: 0 | Q44: 0 | R44: 0 | S44: 42 | T44: 42
... A47: 46 | B47: 244471 | C47: suckjakkure@hotmail.com | D47: 642427575 | E47: วรรณวนัชเบเกอรี่ | F47: เอกชน | G47: 2 | H47: FACEBOOK | I47: TH640386FMP37B | J47: สาริกา บูรณะพล | K47: 848402312 | L47: 105 หมู่ 5 ลานสกา ลานสกา นครศรีธรรมราช | N47: 1.02 | O47: 1x1x1 | P47: 0 | Q47: 0 | R47: 0 | S47: 24 | T47: 24
A48: 47 | B48: 244471 | C48: suckjakkure@hotmail.com | D48: 642427575 | E48: วรรณวนัชเบเกอรี่ | F48: ปณ | G48: 2 | H48: FACEBOOK | I48: WB133352232TH | J48: คุณ นุ้ย แผนกบัญชี เอกสารวางบิล | K48: 34613074 | L48: บริษัทศรีฟ้าโฟรเซนฟูดส์ จำกัด 208-209 หมู่ 3 วังขนาย ท่าม่วง กาญจนบุรี 71110 | N48: 0.084 | O48: 0 | P48: 0 | Q48: 0 | R48: 0 | S48: 17 | T48: 17
A49: 48 | B49: 244471 | C49: suckjakkure@hotmail.com | D49: 642427575 | E49: วรรณวนัชเบเกอรี่ | F49: ปณ | G49: 2 | H49: FACEBOOK | I49: WB133352246TH | J49: คุณ อัจฉรา บุตรสาร | K49: 949599796 | L49: 148/521 ซอยรามคำแหง 190 มีนบุรี มีนบุรี กรุงเทพ 10510 | N49: 0.132 | O49: 0 | P49: 0 | Q49: 0 | R49: 0 | S49: 17 | T49: 17
A50: 49 | B50: 244471 | C50: suckjakkure@hotmail.com | D50: 642427575 | E50: วรรณวนัชเบเกอรี่ | F50: ปณ | G50: 2 | H50: FACEBOOK | I50: WA088129795TH | J50: บุตรรินทร์ ต๊ะอ้าย | K50: 983706325 | L50: 69/1 ม.2 พบพระ พบพระ ตาก 63160 | N50: 1.312 | O50: 268 | P50: 4.02 | Q50: 0.2814 | R50: 0 | S50: 23 | T50: 27.3
A51: 50 | B51: 244471 | C51: suckjakkure@hotmail.com | D51: 642427575 | E51: วรรณวนัชเบเกอรี่ | F51: ปณ | G51: 2 | H51: FACEBOOK | I51: WA088129781TH | J51: กิตติภพ จินตนาถาวร | K51: 839422461 | L51: 6/26 หมู่ 3 ซอยบุญนำ พนานิคม นิคมพัฒนา ระยอง 21180 | N51: 2.478 | O51: 486 | P51: 7.29 | Q51: 0.5103 | R51: 0 | S51: 34 | T51: 41.8
A52: 51 | B52: 244471 | C52: suckjakkure@hotmail.com | D52: 642427575 | E52: วรรณวนัชเบเกอรี่ | F52: ปณ | G52: 2 | H52: FACEBOOK | I52: WB133406973TH | J52: ณัฏ | K52: 813424234 | L52: บ้าน 66/3 ถ.ขุมทอง-ต้อยติ่ง 1 ( แยก ลีลาวดี) ขุมทอง ลาดกระบัง กรุงเทพ 10520 | N52: 16.995 | O52: 0 | P52: 0 | Q52: 0 | R52: 0 | S52: 181 | T52: 181
A53: 52 | B53: 244471 | C53: suckjakkure@hotmail.com | D53: 642427575 | E53: วรรณวนัชเบเกอรี่ | F53: ปณ | G53: 2 | H53: FACEBOOK | I53: WA088129778TH | J53: นุชิตา ไสยกุล | K53: 949136200 | L53: 83 ม 12 นามน นามน กาฬสินธุ์ 46230 | N53: 3.118 | O53: 595 | P53: 8.925 | Q53: 0.6248 | R53: 0 | S53: 44 | T53: 53.55
A54: 53 | B54: 244471 | C54: suckjakkure@hotmail.com | D54: 642427575 | E54: วรรณวนัชเบเกอรี่ | F54: ปณ | G54: 2 | H54: FACEBOOK | I54: WB133406956TH | J54: สันติภาพ ปินตาติ๊บ | K54: 987608155 | L54: 127 ม.13. บ้านเด่น พิชัย เมืองลำปาง ลำปาง 52000 | N54: 2.46 | O54: 0 | P54: 0 | Q54: 0 | R54: 0 | S54: 34 | T54: 34
A55: 54 | B55: 244471 | C55: suckjakkure@hotmail.com | D55: 642427575 | E55: วรรณวนัชเบเกอรี่ | F55: ปณ | G55: 2 | H55: FACEBOOK | I55: WA088129764TH | J55: อ้อ | K55: 898995506 | L55: 21 ซอยพระราม 3/29 ถนนพระราม 3 บางโพงพาง ยานนาวา กรุงเทพ 10120 | N55: 1.932 | O55: 377 | P55: 5.655 | Q55: 0.3959 | R55: 0 | S55: 23 | T55: 29.05
A56: 55 | B56: 244471 | C56: suckjakkure@hotmail.com | D56: 642427575 | E56: วรรณวนัชเบเกอรี่ | F56: ปณ | G56: 2 | H56: FACEBOOK | I56: WB133406925TH | J56: สุภาพร กิจสัมพันธ์ | K56: 818752389 | L56: 2 ประชาอุทิศ 22 แยก 3 ราษฎร์บูรณะ ราษฎร์บูรณะ กรุงเทพ 10140 | N56: 2.476 | O56: 0 | P56: 0 | Q56: 0 | R56: 0 | S56: 34 | T56: 34
A57: 56 | B57: 244471 | C57: suckjakkure@hotmail.com | D57: 642427575 | E57: วรรณวนัชเบเกอรี่ | F57: ปณ | G57: 2 | H57: FACEBOOK | I57: WA088129755TH | J57: มลฤดี เลี้ยงพรพรรณ | K57: 943545392 | L57: 62 หมู่ 1 ถ.บ้านกล้วย-ไทรน้อย ไทรน้อย ไทรน้อย นนทบุรี 11150 | N57: 1.676 | O57: 394 | P57: 5.91 | Q57: 0.4137 | R57: 0 | S57: 23 | T57: 29.32
A58: 57 | B58: 244471 | C58: suckjakkure@hotmail.com | D58: 642427575 | E58: วรรณวนัชเบเกอรี่ | F58: ปณ | G58: 2 | H58: FACEBOOK | I58: WA088129733TH | J58: พวงทอง พงษ์พัฒนกิตติ | K58: 899553089 | L58: ร้านซีพีอรุโณทัย 27/3 ม.10 เมืองนะ เชียงดาว เชียงใหม่ 50170 | N58: 2.464 | O58: 486 | P58: 7.29 | Q58: 0.5103 | R58: 0 | S58: 34 | T58: 41.8
A59: 58 | B59: 244471 | C59: suckjakkure@hotmail.com | D59: 642427575 | E59: วรรณวนัชเบเกอรี่ | F59: ปณ | G59: 2 | H59: FACEBOOK | I59: WA088129720TH | J59: ชนะกานต์ คล้ายสมบูรณ์ | K59: 916629706 | L59: 67 ม.14 วังหมี วังน้ำเขียว นครราชสีมา 30370 | N59: 1.908 | O59: 377 | P59: 5.655 | Q59: 0.3959 | R59: 0 | S59: 23 | T59: 29.05
... A183: 182 | B183: 244685 | C183: suckjakkure@hotmail.com | D183: 642427575 | E183: วรรณวนัชเบเกอรี่ | F183: ปณ | G183: 2 | H183: FACEBOOK | I183: WB134415835TH | J183: ภิญญดา เดชธนาปกรณ์ | K183: 897553926 | L183: ( บจก. ทรัพย์แสงดาว ) 256 ม.3 ถ.ยันตรกิจโกศล ดู่ใต้ เมืองน่าน น่าน 55000 | N183: 7.34 | O183: 0 | P183: 0 | Q183: 0 | R183: 0 | S183: 91 | T183: 91
A184: 183 | B184: 13/2/2569 | C184: suckjakkure@hotmail.com | D184: 642427575 | E184: วรรณวนัชเบเกอรี่ | F184: ปณ | G184: 2 | H184: FACEBOOK | I184: WA090686284TH | J184: วราภรณ์ วิรัตกพันธ์ | K184: 819642566 | L184: บ้านเลขที่ 7-9 ซอยพระราม 3 ซอย78 ถนนพระราม 3 คลองเตย คลองเตย กรุงเทพ 10110 | N184: 1.322 | O184: 215 | P184: 3.225 | Q184: 0.2258 | R184: 0 | S184: 23 | T184: 26.45
A185: 184 | B185: 13/2/2569 | C185: suckjakkure@hotmail.com | D185: 642427575 | E185: วรรณวนัชเบเกอรี่ | F185: ปณ | G185: 2 | H185: FACEBOOK | I185: WA090686094TH | J185: มณี เจ้าประเสริฐ | K185: 802789654 | L185: 35 บ้านอรัญ ซอย3 อรัญประเทศ อรัญประเทศ สระแก้ว 27120 | N185: 2.506 | O185: 486 | P185: 7.29 | Q185: 0.5103 | R185: 0 | S185: 34 | T185: 41.8
A186: 185 | B186: 13/2/2569 | C186: suckjakkure@hotmail.com | D186: 642427575 | E186: วรรณวนัชเบเกอรี่ | F186: ปณ | G186: 2 | H186: FACEBOOK | I186: WA091075788TH | J186: เสรี-ช่วยชูกลิ่น | K186: 813642006 | L186: 51-ม-2 ยางหย่อง ท่ายาง เพชรบุรี 76130 | N186: 1.32 | O186: 215 | P186: 3.225 | Q186: 0.2258 | R186: 0 | S186: 23 | T186: 26.45
A187: 186 | B187: 13/2/2569 | C187: suckjakkure@hotmail.com | D187: 642427575 | E187: วรรณวนัชเบเกอรี่ | F187: ปณ | G187: 2 | H187: FACEBOOK | I187: WA091075774TH | J187: เยี่ยมศรี_กฤตสิน | K187: 848291979 | L187: 179 หมู่ 6 สระแก้ว หนองหงส์ บุรีรัมย์ 31240 | N187: 2.488 | O187: 430 | P187: 6.45 | Q187: 0.4515 | R187: 0 | S187: 34 | T187: 40.9
A188: 187 | B188: 13/2/2569 | C188: suckjakkure@hotmail.com | D188: 642427575 | E188: วรรณวนัชเบเกอรี่ | F188: ปณ | G188: 2 | H188: FACEBOOK | I188: WA091075765TH | J188: นาย พลศักดิ์. เผ่ากันทรากร | K188: 819994585 | L188: 15/32-33. ในเมือง เมืองบุรีรัมย์ บุรีรัมย์ 31000 | N188: 5.96 | O188: 1075 | P188: 16.125 | Q188: 1.1288 | R188: 0 | S188: 71 | T188: 88.25
A189: 188 | B189: 13/2/2569 | C189: suckjakkure@hotmail.com | D189: 642427575 | E189: วรรณวนัชเบเกอรี่ | F189: ปณ | G189: 2 | H189: FACEBOOK | I189: WA091075757TH | J189: ปณาลี ลิ้ภัยพาล | K189: 640698520 | L189: คอนโดบ้านสวนบางเขน อาคาร V. 2 ห้อง 27/9 ( ร้านทำผม ห้อง สีม่วง) ซ.พหลโยธิน 48 ( แยก 17/1) อนุสาวรีย์ บางเขน กรุงเทพ 10220 | N189: 1.304 | O189: 215 | P189: 3.225 | Q189: 0.2258 | R189: 0 | S189: 23 | T189: 26.45
A190: 189 | B190: 13/2/2569 | C190: suckjakkure@hotmail.com | D190: 642427575 | E190: วรรณวนัชเบเกอรี่ | F190: ปณ | G190: 2 | H190: FACEBOOK | I190: WA091075743TH | J190: ประกายทอง. แว่นแก้ว | K190: 636216306 | L190: 109 หมู่ 5 หนองเสือ สระทะเล พยุหะคีรี นครสวรรค์ 60130 | N190: 1.322 | O190: 215 | P190: 3.225 | Q190: 0.2258 | R190: 0 | S190: 23 | T190: 26.45
A191: 190 | B191: 13/2/2569 | C191: suckjakkure@hotmail.com | D191: 642427575 | E191: วรรณวนัชเบเกอรี่ | F191: ปณ | G191: 2 | H191: FACEBOOK | I191: WA091075730TH | J191: ฐิติวุฒิ งามจิตจรุง | K191: 945600523 | L191: 538/24 หมู่ บ้าน The Land Mark Residence รัชดา-ลาดพร้าว ถนนลาดพร้าว จันทรเกษม จตุจักร กรุงเทพ 10900 | N191: 1.33 | O191: 215 | P191: 3.225 | Q191: 0.2258 | R191: 0 | S191: 23 | T191: 26.45
A192: 191 | B192: 13/2/2569 | C192: suckjakkure@hotmail.com | D192: 642427575 | E192: วรรณวนัชเบเกอรี่ | F192: ปณ | G192: 2 | H192: FACEBOOK | I192: WB169558128TH | J192: นาย ไพศาล พงศ์พลูทอง | K192: 819236475 | L192: บ้านเลขที่ 77 หมู่ 2 บางขันแตก เมืองสมุทรสงคราม สมุทรสงคราม 75000 | N192: 2.498 | O192: 0 | P192: 0 | Q192: 0 | R192: 0 | S192: 34 | T192: 34
A193: 192 | B193: 13/2/2569 | C193: suckjakkure@hotmail.com | D193: 642427575 | E193: วรรณวนัชเบเกอรี่ | F193: ปณ | G193: 2 | H193: FACEBOOK | I193: WA091075726TH | J193: ชัยวัฒน์ เจียจารุโรจน์ | K193: 661676345 | L193: 187/16 ซ.สุขใจพัฒนา 4. หนองบัว เมืองอุดรธานี อุดรธานี 41000 | N193: 1.316 | O193: 215 | P193: 3.225 | Q193: 0.2258 | R193: 0 | S193: 23 | T193: 26.45
A194: 193 | B194: 13/2/2569 | C194: suckjakkure@hotmail.com | D194: 642427575 | E194: วรรณวนัชเบเกอรี่ | F194: ปณ | G194: 2 | H194: FACEBOOK | I194: WA091075709TH | J194: นันท์ณภัส นันทโชคชวพันธ์ | K194: 896542366 | L194: 241 ถ.สุขยางค์ เบตง เบตง ยะลา 95110 | N194: 2.5 | O194: 430 | P194: 6.45 | Q194: 0.4515 | R194: 20 | S194: 54 | T194: 60.9
A195: 194 | B195: 13/2/2569 | C195: suckjakkure@hotmail.com | D195: 642427575 | E195: วรรณวนัชเบเกอรี่ | F195: ปณ | G195: 2 | H195: FACEBOOK | I195: WA091075690TH | J195: ศรุตา ต๊ะรังษี | K195: 625214295 | L195: 3/1 ถนนพันศรโยธา รั้วใหญ่ เมืองสุพรรณบุรี สุพรรณบุรี 72000 | N195: 2.788 | O195: 658 | P195: 9.87 | Q195: 0.6909 | R195: 0 | S195: 34 | T195: 44.56
... A280: 279 | B280: 14/2/2569 | C280: suckjakkure@hotmail.com | D280: 642427575 | E280: วรรณวนัชเบเกอรี่ | F280: ปณ | G280: 2 | H280: FACEBOOK | I280: WB169720631TH | J280: ห้างหุ้นส่วนจำกัด ควิค เซ็ทอัพ เซอร์วิส ฝ้ายบัญชี | K280: 944831646 | L280: 45/219 หมู่ บ้านสิริภานต์ เดอะแกรนด์ ไพรเวท 2 หมู่ 8 เสาธงหิน บางใหญ่ นนทบุรี 11140 | N280: 0.01 | O280: 0 | P280: 0 | Q280: 0 | R280: 0 | S280: 17 | T280: 17
A281: 280 | B281: 15/2/2569 | C281: suckjakkure@hotmail.com | D281: 642427575 | E281: วรรณวนัชเบเกอรี่ | F281: เอกชน | G281: 2 | H281: FACEBOOK | I281: TH01518CD9V28B | J281: ศิวพลอย กุลจรัสพิมาน | K281: 936828965 | L281: 23-25 ซอย20 มิถุนา แยก 14 ถนนสุทธิสารวินิจฉัย ห้วยขวาง สามเสนนอก กรุงเทพ Thailand | N281: 2.55 | O281: 35×️22×️14 | P281: 430 | Q281: 8.6 | R281: 0.6 | S281: 27 | T281: 36.2
A282: 281 | B282: 15/2/2569 | C282: suckjakkure@hotmail.com | D282: 642427575 | E282: วรรณวนัชเบเกอรี่ | F282: เอกชน | G282: 2 | H282: FACEBOOK | I282: TH47158CD9UZ8G | J282: Moddang Munesane | K282: 817358890 | L282: 225/58 ม.13 ร้านสตางค์ กาดวันค่ำ กาดฝรั่งวิลเลจ หางดง บ้านแหวน เชียงใหม่ Thailand | N282: 2.55 | O282: 35×️22×️14 | P282: 486 | Q282: 9.72 | R282: 0.68 | S282: 29 | T282: 39.4
A283: 282 | B283: 15/2/2569 | C283: suckjakkure@hotmail.com | D283: 642427575 | E283: วรรณวนัชเบเกอรี่ | F283: เอกชน | G283: 2 | H283: FACEBOOK | I283: TH10038CD9V79E | J283: นฤพันธ์ อุไรลักษมี | K283: 813478482 | L283: 14/1 หมู่ 1 เพียงขวัญอพาร์ทเม้นท์ ถนนสุวรรณศร หนองแค โคกแย้ สระบุรี Thailand | N283: 1.37 | O283: 30×️20×️11 | P283: 215 | Q283: 4.3 | R283: 0.3 | S283: 24 | T283: 28.6
A284: 283 | B284: 15/2/2569 | C284: suckjakkure@hotmail.com | D284: 642427575 | E284: วรรณวนัชเบเกอรี่ | F284: เอกชน | G284: 2 | H284: FACEBOOK | I284: TH71118CD9V61M | J284: อ่อนศรี พรหมบุญแก้ว | K284: 828211400 | L284: 171 ม.7 หาดใหญ่ พะตง สงขลา Thailand | N284: 1.37 | O284: 30×️20×️11 | P284: 215 | Q284: 4.3 | R284: 0.3 | S284: 24 | T284: 28.6
A285: 284 | B285: 15/2/2569 | C285: suckjakkure@hotmail.com | D285: 642427575 | E285: วรรณวนัชเบเกอรี่ | F285: เอกชน | G285: 2 | H285: FACEBOOK | I285: TH57078CD9V52A | J285: ปุณณภา เบญจมาศ | K285: 864389455 | L285: 108 ม.6 ลานสัก ลานสัก อุทัยธานี Thailand | N285: 1.37 | O285: 30×️20×️11 | P285: 215 | Q285: 4.3 | R285: 0.3 | S285: 24 | T285: 28.6
A286: 285 | B286: 15/2/2569 | C286: suckjakkure@hotmail.com | D286: 642427575 | E286: วรรณวนัชเบเกอรี่ | F286: เอกชน | G286: 2 | H286: FACEBOOK | I286: TH47148CD9V71J | J286: กัญญาพัชร. นิลาด | K286: 941459538 | L286: 7/1. บ้านห้วยบง. ม.5. สันทราย แม่แฝกใหม่ เชียงใหม่ Thailand | N286: 1.37 | O286: 30×️20×️11 | P286: 215 | Q286: 4.3 | R286: 0.3 | S286: 24 | T286: 28.6
A287: 286 | B287: 15/2/2569 | C287: suckjakkure@hotmail.com | D287: 642427575 | E287: วรรณวนัชเบเกอรี่ | F287: เอกชน | G287: 2 | H287: FACEBOOK | I287: TH01258CD9V82D | J287: อฑิยา จิรานิรัชพรกุล | K287: 853534223 | L287: 124 โรงพยาบาลกรุงเทพคริสเตียน ถ.สีลม บางรัก สีลม กรุงเทพ Thailand | N287: 2.56 | O287: 35×️22×️14 | P287: 430 | Q287: 8.6 | R287: 0.6 | S287: 27 | T287: 36.2
A288: 287 | B288: 15/2/2569 | C288: suckjakkure@hotmail.com | D288: 642427575 | E288: วรรณวนัชเบเกอรี่ | F288: เอกชน | G288: 2 | H288: FACEBOOK | I288: TH20088CD9V38B | J288: ดวงตะวัน | K288: 637489829 | L288: 55/9 หมู่ 1 บ้านใบไม้ สัตหีบ นาจอมเทียน ชลบุรี Thailand | N288: 1.3 | O288: 28×️19×️15 | P288: 215 | Q288: 4.3 | R288: 0.3 | S288: 24 | T288: 28.6
A289: 288 | B289: 15/2/2569 | C289: suckjakkure@hotmail.com | D289: 642427575 | E289: วรรณวนัชเบเกอรี่ | F289: เอกชน | G289: 2 | H289: FACEBOOK | I289: TH61018CD9V33A0 | J289: คุณ วณิชยา อำไพ | K289: 913807812 | L289: ตรงกันข้ามสระว่ายน้ำ ร. ร. โรจ์น 78/156 ถ.ขุนพิเรนทรเทพ เมืองพิษณุโลก ในเมือง พิษณุโลก Thailand | N289: 1.37 | O289: 30×️20×️11 | P289: 215 | Q289: 4.3 | R289: 0.3 | S289: 24 | T289: 28.6
A290: 289 | B290: 15/2/2569 | C290: suckjakkure@hotmail.com | D290: 642427575 | E290: วรรณวนัชเบเกอรี่ | F290: เอกชน | G290: 2 | H290: FACEBOOK | I290: TH01208CD9V22A1 | J290: Chantra Kongthongluk | K290: 959186253 | L290: 102 ซ.บางแค 7 แยก 2 ถ.บางแค บางแค บางแค กรุงเทพ Thailand | N290: 1.37 | O290: 30×️20×️11 | P290: 215 | Q290: 4.3 | R290: 0.3 | S290: 22 | T290: 26.6
A291: 290 | B291: 15/2/2569 | C291: suckjakkure@hotmail.com | D291: 642427575 | E291: วรรณวนัชเบเกอรี่ | F291: เอกชน | G291: 2 | H291: FACEBOOK | I291: TH01058CD9V45B1 | J291: Narapat Datong | K291: 637532877 | L291: 37 บีบีอพาร์ทเม้น จตุจักร จอมพล กรุงเทพ Thailand | N291: 1.37 | O291: 30×️20×️11 | P291: 215 | Q291: 4.3 | R291: 0.3 | S291: 22 | T291: 26.6
A292: 291 | B292: 15/2/2569 | C292: suckjakkure@hotmail.com | D292: 642427575 | E292: วรรณวนัชเบเกอรี่ | F292: เอกชน | G292: 2 | H292: FACEBOOK | I292: TH18048CD9UX2A1 | J292: อมรรัตน์ กองแก้ว | K292: 899823170 | L292: 327/1 ถ.หนองแจง ชะอำ ชะอำ เพชรบุรี Thailand | N292: 1.37 | O292: 30×️20×️11 | P292: 215 | Q292: 4.3 | R292: 0.3 | S292: 24 | T292: 28.6
... A296: 295 | B296: 15/2/2569 | C296: suckjakkure@hotmail.com | D296: 642427575 | E296: วรรณวนัชเบเกอรี่ | F296: เอกชน | G296: 2 | H296: FACEBOOK | I296: TH33078CD9V15B | J296: วงษ์เดือน ใสสว่าง | K296: 838217977 | L296: 528 ม.17 บำเหน็จณรงค์ บ้านเพชร ชัยภูมิ Thailand | N296: 1.37 | O296: 30×️20×️11 | P296: 215 | Q296: 4.3 | R296: 0.3 | S296: 24 | T296: 28.6
A297: 296 | B297: 15/2/2569 | C297: suckjakkure@hotmail.com | D297: 642427575 | E297: วรรณวนัชเบเกอรี่ | F297: ปณ | G297: 2 | H297: FACEBOOK | I297: WA091441535TH | J297: เดือนเพ็ญ กรงเข็ม | K297: 972263309 | L297: 17/13 ม 6 ถนนขาด เมืองนครปฐม นครปฐม 73000 | N297: 2.466 | O297: 430 | P297: 6.45 | Q297: 0.4515 | R297: 0 | S297: 34 | T297: 40.9
A298: 297 | B298: 15/2/2569 | C298: suckjakkure@hotmail.com | D298: 642427575 | E298: วรรณวนัชเบเกอรี่ | F298: ปณ | G298: 2 | H298: FACEBOOK | I298: WA091441495TH | J298: สุกัญญา แสงขจรเกียรติ | K298: 897916935 | L298: 89/12 มบ. นิธิภูมิ ม.2 ถ.ปลายบาง มหาสวัสดิ์ บางกรวย นนทบุรี 11130 | N298: 1.316 | O298: 215 | P298: 3.225 | Q298: 0.2258 | R298: 0 | S298: 23 | T298: 26.45
A299: 298 | B299: 15/2/2569 | C299: suckjakkure@hotmail.com | D299: 642427575 | E299: วรรณวนัชเบเกอรี่ | F299: ปณ | G299: 2 | H299: FACEBOOK | I299: WA091441478TH | J299: ปิ่นมณี สัจจพงษ์ | K299: 819548995 | L299: 63 หมู่ ที่ 1 หัวขวาง โกสุมพิสัย มหาสารคาม 44140 | N299: 2.51 | O299: 430 | P299: 6.45 | Q299: 0.4515 | R299: 0 | S299: 34 | T299: 40.9
A300: 299 | B300: 15/2/2569 | C300: suckjakkure@hotmail.com | D300: 642427575 | E300: วรรณวนัชเบเกอรี่ | F300: ปณ | G300: 2 | H300: FACEBOOK | I300: WA091441420TH | J300: ประกายทิพย์ เรืองระยับ | K300: 804399078 | L300: บม จ. ยูนิคแก๊ส 10 หมู่ 11 พระแท่น ท่ามะกา กาญจนบุรี 71130 | N300: 4.872 | O300: 922 | P300: 13.83 | Q300: 0.9681 | R300: 0 | S300: 54 | T300: 68.8
A301: 300 | B301: 15/2/2569 | C301: suckjakkure@hotmail.com | D301: 642427575 | E301: วรรณวนัชเบเกอรี่ | F301: ปณ | G301: 2 | H301: FACEBOOK | I301: WB169696359TH | J301: วารุณี กิตติเมธาภรณ์ | K301: 818576771 | L301: 185/2 ม.11 หนองตาแต้ม ปราณบุรี ประจวบคีรีขันธ์ 77120 | N301: 1.302 | O301: 0 | P301: 0 | Q301: 0 | R301: 0 | S301: 23 | T301: 23
A302: 301 | B302: 15/2/2569 | C302: suckjakkure@hotmail.com | D302: 642427575 | E302: วรรณวนัชเบเกอรี่ | F302: ปณ | G302: 2 | H302: FACEBOOK | I302: WA091441331TH | J302: รุ่งทิวา ปู่เมือง | K302: 810157878 | L302: 146/1 หมู่ 4 แพงพวย ดำเนินสะดวก ราชบุรี 70130 | N302: 2.492 | O302: 430 | P302: 6.45 | Q302: 0.4515 | R302: 0 | S302: 34 | T302: 40.9
A303: 302 | B303: 15/2/2569 | C303: suckjakkure@hotmail.com | D303: 642427575 | E303: วรรณวนัชเบเกอรี่ | F303: ปณ | G303: 2 | H303: FACEBOOK | I303: WB169696345TH | J303: สุกัญญา คล้ายจินดา | K303: 956094846 | L303: 99 ม.7 ถ.ลบทะเล กาหลง เมืองสมุทรสาคร สมุทรสาคร 74000 | N303: 2.468 | O303: 0 | P303: 0 | Q303: 0 | R303: 0 | S303: 34 | T303: 34
A304: 303 | B304: 15/2/2569 | C304: suckjakkure@hotmail.com | D304: 642427575 | E304: วรรณวนัชเบเกอรี่ | F304: ปณ | G304: 2 | H304: FACEBOOK | I304: WB169696331TH | J304: เบียร์ | K304: 894583092 | L304: 27 ม.3 เกาะเต่า เกาะพะงัน สุราษฎร์ธานี 84360 | N304: 4.844 | O304: 0 | P304: 0 | Q304: 0 | R304: 20 | S304: 74 | T304: 74
A305: 304 | B305: 15/2/2569 | C305: suckjakkure@hotmail.com | D305: 642427575 | E305: วรรณวนัชเบเกอรี่ | F305: ปณ | G305: 2 | H305: FACEBOOK | I305: WA091441314TH | J305: ายสุพรหม กล่อมใจเสือ | K305: 932147171 | L305: 67 หมู่ 3 หมู่ บ้านสะลวงนอก สะลวง แม่ริม เชียงใหม่ 50330 | N305: 1.306 | O305: 215 | P305: 3.225 | Q305: 0.2258 | R305: 0 | S305: 23 | T305: 26.45
A306: 305 | B306: 15/2/2569 | C306: suckjakkure@hotmail.com | D306: 642427575 | E306: วรรณวนัชเบเกอรี่ | F306: ปณ | G306: 2 | H306: FACEBOOK | I306: WA091967431TH | J306: ภคพร พิมล | K306: 814295075 | L306: 44 ซ ท่าแฉลบ 4 ตลาด เมืองจันทบุรี จันทบุรี 22000 | N306: 1.288 | O306: 215 | P306: 3.225 | Q306: 0.2258 | R306: 0 | S306: 23 | T306: 26.45
A307: 306 | B307: 15/2/2569 | C307: suckjakkure@hotmail.com | D307: 642427575 | E307: วรรณวนัชเบเกอรี่ | F307: ปณ | G307: 2 | H307: FACEBOOK | I307: WA091967428TH | J307: น้ำใส ใจจริง | K307: 956843536 | L307: 165 ม.5 หนองหญ้าปล้อง หนองหญ้าปล้อง เพชรบุรี 76160 | N307: 1.294 | O307: 215 | P307: 3.225 | Q307: 0.2258 | R307: 0 | S307: 23 | T307: 26.45
A308: 307 | B308: 15/2/2569 | C308: suckjakkure@hotmail.com | D308: 642427575 | E308: วรรณวนัชเบเกอรี่ | F308: ปณ | G308: 2 | H308: FACEBOOK | I308: WA091967414TH | J308: สุรัตนา | K308: 949246255 | L308: 99/3 ม.1 บางตะบูน บ้านแหลม เพชรบุรี 76110 | N308: 1.298 | O308: 215 | P308: 3.225 | Q308: 0.2258 | R308: 0 | S308: 23 | T308: 26.45
... A445: 444 | B445: 21/2/2569 | C445: suckjakkure@hotmail.com | D445: 642427575 | E445: วรรณวนัชเบเกอรี่ | F445: ปณ | G445: 2 | H445: FACEBOOK | I445: WB170618583TH | J445: น.ส. รมย์ฤดี วชิรบัณทูร (เบลล์) | K445: 924635754 | L445: 137/5 ม.6 สระโบสถ์ สระโบสถ์ ลพบุรี 15240 | N445: 1.188 | O445: 0 | P445: 0 | Q445: 0 | R445: 0 | S445: 23 | T445: 23
A446: 445 | B446: 22/2/2569 | C446: suckjakkure@hotmail.com | D446: 642427575 | E446: วรรณวนัชเบเกอรี่ | F446: เอกชน | G446: 2 | H446: FACEBOOK | I446: TH20078D8D1N6C0 | J446: ยุพิน รักเกียรติ์ | K446: 809991938 | L446: อาคาร 4( คอนโด) ม.เกษตรศาสตร์ วิทยา เขต ศรีราชา เลขที่ 199 ม.6 ศรีราชา ทุ่งสุขลา ชลบุรี Thailand | M446: Others | N446: 1.36 | O446: 30×️20×️11 | P446: 0 | Q446: 0 | R446: 0 | S446: 24 | T446: 24
A447: 446 | B447: 22/2/2569 | C447: suckjakkure@hotmail.com | D447: 642427575 | E447: วรรณวนัชเบเกอรี่ | F447: เอกชน | G447: 2 | H447: FACEBOOK | I447: TH02058D8D1P5E0 | J447: Aoao S. Kanita | K447: 814540911 | L447: 479/290( ซอย2) มบ. ทรัพย์สมบูรณ์สุขเจริญ 2, พระสมุทรเจดีย์ ในคลองบางปลากด สมุทรปราการ Thailand | M447: Others | N447: 1.36 | O447: 30×️20×️11 | P447: 0 | Q447: 0 | R447: 0 | S447: 22 | T447: 22
A448: 447 | B448: 22/2/2569 | C448: suckjakkure@hotmail.com | D448: 642427575 | E448: วรรณวนัชเบเกอรี่ | F448: เอกชน | G448: 2 | H448: FACEBOOK | I448: TH07068D8D1M1Q | J448: สมพร | K448: 899031854 | L448: 147 หมู่ 5 บ้านหมี่ สายห้วยแก้ว ลพบุรี Thailand | M448: Others | N448: 1.84 | O448: 30×️20×️11 | P448: 0 | Q448: 0 | R448: 0 | S448: 24 | T448: 24
A449: 448 | B449: 22/2/2569 | C449: suckjakkure@hotmail.com | D449: 642427575 | E449: วรรณวนัชเบเกอรี่ | F449: เอกชน | G449: 2 | H449: FACEBOOK | I449: TH62018D8D1R6J | J449: นาย พิเชษฐ | K449: 850443508 | L449: 66 หมู่. 7. เมืองพิจิตร บ้านบุ่ง พิจิตร Thailand | M449: Others | N449: 1.36 | O449: 30×️20×️11 | P449: 215 | Q449: 4.3 | R449: 0.3 | S449: 24 | T449: 28.6
A450: 449 | B450: 22/2/2569 | C450: suckjakkure@hotmail.com | D450: 642427575 | E450: วรรณวนัชเบเกอรี่ | F450: เอกชน | G450: 2 | H450: FACEBOOK | I450: TH47138D8D1S4A | J450: Siriluk Supawiriyakit | K450: 815946317 | L450: 129/48 วรารมย์เจริญเมือง สันกำแพง สันกำแพง เชียงใหม่ Thailand | M450: Others | N450: 1.36 | O450: 30×️20×️11 | P450: 215 | Q450: 4.3 | R450: 0.3 | S450: 24 | T450: 28.6
A451: 450 | B451: 22/2/2569 | C451: suckjakkure@hotmail.com | D451: 642427575 | E451: วรรณวนัชเบเกอรี่ | F451: เอกชน | G451: 2 | H451: FACEBOOK | I451: TH46028D8D1T0A | J451: คุณ ทัศนาพร พรไชย | K451: 818885747 | L451: 192 ม.1 นิคมคำสร้อย นิคมคำสร้อย มุกดาหาร Thailand | M451: Others | N451: 1.96 | O451: 30×️20×️11 | P451: 377 | Q451: 7.54 | R451: 0.53 | S451: 24 | T451: 32.07
A452: 451 | B452: 22/2/2569 | C452: suckjakkure@hotmail.com | D452: 642427575 | E452: วรรณวนัชเบเกอรี่ | F452: ปณ | G452: 2 | H452: FACEBOOK | I452: WA094220949TH | J452: ธีร์รัฐ สุวรรณศิริรัฐ | K452: 813437905 | L452: 44 หมู่ 5 ราชคราม บางไทร พระนครศรีอยุธยา 13290 | N452: 1.298 | O452: 215 | P452: 3.225 | Q452: 0.2258 | R452: 0 | S452: 23 | T452: 26.45
A453: 452 | B453: 22/2/2569 | C453: suckjakkure@hotmail.com | D453: 642427575 | E453: วรรณวนัชเบเกอรี่ | F453: ปณ | G453: 2 | H453: FACEBOOK | I453: WA094220935TH | J453: สมศักดิ์ | K453: 814268498 | L453: 62/50 มบ. เดอะลอฟท์ แกเลอเรีย ม.9 ลาดสวาย ลำลูกกา ปทุมธานี 12150 | N453: 1.32 | O453: 215 | P453: 3.225 | Q453: 0.2258 | R453: 0 | S453: 23 | T453: 26.45
A454: 453 | B454: 22/2/2569 | C454: suckjakkure@hotmail.com | D454: 642427575 | E454: วรรณวนัชเบเกอรี่ | F454: ปณ | G454: 2 | H454: FACEBOOK | I454: WA094220921TH | J454: Wanee Teevakul | K454: 835581652 | L454: 706 ถนนเพชรเกษม พระประโทน เมืองนครปฐม นครปฐม 73000 | N454: 1.306 | O454: 215 | P454: 3.225 | Q454: 0.2258 | R454: 0 | S454: 23 | T454: 26.45
A455: 454 | B455: 22/2/2569 | C455: suckjakkure@hotmail.com | D455: 642427575 | E455: วรรณวนัชเบเกอรี่ | F455: ปณ | G455: 2 | H455: FACEBOOK | I455: WB170666270TH | J455: ประภา พยอมชื่น | K455: 979971566 | L455: 239 ม.6 ท่าทอง เมืองพิษณุโลก พิษณุโลก 65000 | N455: 1.306 | O455: 0 | P455: 0 | Q455: 0 | R455: 0 | S455: 23 | T455: 23
A456: 455 | B456: 22/2/2569 | C456: suckjakkure@hotmail.com | D456: 642427575 | E456: วรรณวนัชเบเกอรี่ | F456: ปณ | G456: 2 | H456: FACEBOOK | I456: WA094220918TH | J456: Thongbai Phadetpon | K456: 638582428 | L456: 561/6 หมู่ 8 ลำนารายณ์ ชัยบาดาล ลพบุรี 15130 | N456: 1.282 | O456: 215 | P456: 3.225 | Q456: 0.2258 | R456: 0 | S456: 23 | T456: 26.45
A457: 456 | B457: 22/2/2569 | C457: suckjakkure@hotmail.com | D457: 642427575 | E457: วรรณวนัชเบเกอรี่ | F457: ปณ | G457: 2 | H457: FACEBOOK | I457: WA094220895TH | J457: อาภาสิริ นิลถนอม | K457: 907955749 | L457: 136 ม.10 ดอนข่อย กำแพงแสน นครปฐม 73140 | N457: 1.32 | O457: 215 | P457: 3.225 | Q457: 0.2258 | R457: 0 | S457: 23 | T457: 26.45
A458: 457 | B458: 22/2/2569 | C458: suckjakkure@hotmail.com | D458: 642427575 | E458: วรรณวนัชเบเกอรี่ | F458: ปณ | G458: 2 | H458: FACEBOOK | I458: WA094220878TH | J458: ศิริรัตน์ ใหม่เอี่ยม | K458: 918099960 | L458: 195/18 ถนนสุขาภิบาล 5 ชอย 66 ออเงิน สายไหม กรุงเทพ 10220 | N458: 1.298 | O458: 215 | P458: 3.225 | Q458: 0.2258 | R458: 0 | S458: 23 | T458: 26.45
A459: 458 | B459: 22/2/2569 | C459: suckjakkure@hotmail.com | D459: 642427575 | E459: วรรณวนัชเบเกอรี่ | F459: ปณ | G459: 2 | H459: FACEBOOK | I459: WA094220855TH | J459: นาง กนกพร ลักขษร | K459: 807229436 | L459: 218/41 หมู่ บ้านสินธร หมู่ ที่ 2 นอกเมือง เมืองสุรินทร์ สุรินทร์ 32000 | N459: 1.298 | O459: 215 | P459: 3.225 | Q459: 0.2258 | R459: 0 | S459: 23 | T459: 26.45
A460: 459 | B460: 22/2/2569 | C460: suckjakkure@hotmail.com | D460: 642427575 | E460: วรรณวนัชเบเกอรี่ | F460: ปณ | G460: 2 | H460: FACEBOOK | I460: WA094220833TH | J460: เศกสรรค์ ชมภูนุกูลรัตน์ | K460: 910726041 | L460: ร้านราดหน้าหมูหมัก 465 ภูมินทร์ชอย 10 ถนนแม่ต๋ำสายใน แม่ต๋ำ เมืองพะเยา พะเยา 56000 | N460: 1.28 | O460: 215 | P460: 3.225 | Q460: 0.2258 | R460: 0 | S460: 23 | T460: 26.45
A461: 460 | B461: 23/2/2569 | C461: suckjakkure@hotmail.com | D461: 642427575 | E461: วรรณวนัชเบเกอรี่ | F461: ปณ | G461: 2 | H461: FACEBOOK | I461: WB170749059TH | J461: บริษัทซี. เ จ. เอ็กซ์เพรส กรุ๊ป จำกัด | K461: 926728038 | L461: 393 อาคาร 393 สีลม ชั้น 2, 4 และ 5 ถนนสีลม สีลม บางรัก กรุงเทพ 10500 | N461: 0.056 | O461: 0 | P461: 0 | Q461: 0 | R461: 0 | S461: 17 | T461: 17
A462: 461 | B462: 23/2/2569 | C462: suckjakkure@hotmail.com | D462: 642427575 | E462: วรรณวนัชเบเกอรี่ | F462: ปณ | G462: 2 | H462: FACEBOOK | I462: WB170749062TH | J462: คุณ Chanakam | K462: 22353146 | L462: บริษัทซี. เ จ. เอ็กซ์เพรส กรุ๊ป จำกัด 393 อาคาร 393 สีลม ชั้น 2, 4 และ 5 ถนนสีลม สีลม บางรัก กรุงเทพ 10500 | N462: 0.026 | O462: 0 | P462: 0 | Q462: 0 | R462: 0 | S462: 17 | T462: 17
A463: 462 | B463: 23/2/2569 | C463: suckjakkure@hotmail.com | D463: 642427575 | E463: วรรณวนัชเบเกอรี่ | F463: ปณ | G463: 2 | H463: FACEBOOK | I463: WB170749076TH | J463: คุณ ปัทมา | K463: 21465959 | L463: บม จ. บิ๊กซีซูเปอร์เซ็นเตอร์ ( สำนักงานใหญ่) ( ฝ้ายบัญชี อาคาร เบอร์ ลี่ยุคเกอร์ ( B) ชั้น 6) 88/9 ซอยสมานฉันท์-บาร์โบส พระโขนง คลองเตย กรุงเทพ 10110 | N463: 0.026 | O463: 0 | P463: 0 | Q463: 0 | R463: 0 | S463: 17 | T463: 17
... A535: 534 | B535: 28/2/2569 | C535: suckjakkure@hotmail.com | D535: 642427575 | E535: วรรณวนัชเบเกอรี่ | F535: ปณ | G535: 2 | H535: FACEBOOK | I535: WB171383368TH | J535: บริษัท นำเซา ฟู้ด สำนักงานใหญ่ | K535: 203087449 | L535: 185 อาคาร ธรรมเลิศ ชั้น 7 ถนนสุขุมวิล คลองเตยเหนือ วัฒนา กรุงเทพ 10110 | N535: 0.032 | O535: 0 | P535: 0 | Q535: 0 | R535: 0 | S535: 17 | T535: 17
A536: 535
A537: 536
...

Sheet รวมส่ง ก.พ.
A1: วันที่ส่ง | B1: Email | C1: Tel | D1: ขนส่ง | E1: จำนวนพัสดุที่มี COD(ชิ้น) | F1: จำนวนที่ส่ง(ชิ้น) | G1: รวมยอด COD | H1: รวมยอด COD Fee 2% | I1: รวมค่า COD Fee VAT 7% | J1: รวมค่าพื้นที่เกาะ | K1: รวมค่าขนส่ง | L1: Total Charge
A2: 244351 | B2: suckjakkure@hotmail.com | C2: 642427575 | D2: ปณ | E2: 3 | F2: 9 | G2: 913 | H2: 13.7 | I2: 0.96 | J2: 20 | K2: 298 | L2: 312.66
A3: 244382 | B3: suckjakkure@hotmail.com | C3: 642427575 | D3: ปณ | E3: 2 | F3: 4 | G3: 614 | H3: 9.21 | I3: 0.64 | J3: 0 | K3: 103 | L3: 112.85
A4: 244410 | B4: ไม่มียอดเก็บ COD
A5: 244441 | B5: suckjakkure@hotmail.com | C5: 642427575 | D5: ปณ | E5: 9 | F5: 18 | G5: 2851 | H5: 42.77 | I5: 2.99 | J5: 40 | K5: 492 | L5: 537.76
A6: 244471 | B6: suckjakkure@hotmail.com | C6: 642427575 | D6: เอกชน | E6: 5 | F6: 15 | G6: 1227 | H6: 24.54 | I6: 1.72 | J6: - | K6: 390 | L6: 416.26
A7: 244471 | B7: suckjakkure@hotmail.com | C7: 642427575 | D7: ปณ | E7: 12 | F7: 21 | G7: 4518 | H7: 67.77 | I7: 4.74 | J7: 0 | K7: 698 | L7: 770.51
A8: 244501 | B8: suckjakkure@hotmail.com | C8: 642427575 | D8: ปณ | E8: 15 | F8: 25 | G8: 5937 | H8: 89.06 | I8: 6.23 | J8: 0 | K8: 805 | L8: 900.29
A9: 244531 | B9: suckjakkure@hotmail.com | C9: 642427575 | D9: ปณ | E9: 5 | F9: 12 | G9: 1474 | H9: 22.11 | I9: 1.55 | J9: 0 | K9: 268 | L9: 291.66
A10: 244562 | B10: suckjakkure@hotmail.com | C10: 642427575 | D10: ปณ | E10: 9 | F10: 17 | G10: 3074 | H10: 46.11 | I10: 3.23 | J10: 20 | K10: 453 | L10: 502.34
A11: 244593 | B11: suckjakkure@hotmail.com | C11: 642427575 | D11: ปณ | E11: 4 | F11: 22 | G11: 1402 | H11: 21.03 | I11: 1.47 | J11: 0 | K11: 450 | L11: 472.5
A12: 244623 | B12: ไม่มียอดเก็บ COD
A13: 244654 | B13: suckjakkure@hotmail.com | C13: 642427575 | D13: ปณ | E13: 2 | F13: 4 | G13: 544 | H13: 8.16 | I13: 0.57 | J13: 0 | K13: 86 | L13: 94.73
A14: 244684 | B14: suckjakkure@hotmail.com | C14: 642427575 | D14: ปณ | E14: 19 | F14: 35 | G14: 6959 | H14: 104.39 | I14: 7.31 | J14: 0 | K14: 1234 | L14: 1345.7
A15: 13/1/2569 | B15: suckjakkure@hotmail.com | C15: 642427575 | D15: ปณ | E15: 28 | F15: 50 | G15: 10350 | H15: 155.25 | I15: 10.87 | J15: 100 | K15: 2123 | L15: 2289.12
A16: 14/1/2569 | B16: suckjakkure@hotmail.com | C16: 642427575 | D16: ปณ | E16: 19 | F16: 47 | G16: 5047 | H16: 75.71 | I16: 5.3 | J16: 0 | K16: 999 | L16: 1080.01
A17: 15/1/2569 | B17: suckjakkure@hotmail.com | C17: 642427575 | D17: เอกชน | E17: 13 | F17: 16 | G17: 3496 | H17: 69.92 | I17: 4.89 | J17: - | K17: 385 | L17: 459.81
A18: 15/2/2569 | B18: suckjakkure@hotmail.com | C18: 642427575 | D18: ปณ | E18: 42 | F18: 51 | G18: 13303 | H18: 199.55 | I18: 13.97 | J18: 60 | K18: 1614 | L18: 1827.52
A19: 16/2/2569 | B19: suckjakkure@hotmail.com | C19: 642427575 | D19: ปณ | E19: 13 | F19: 17 | G19: 3644 | H19: 54.66 | I19: 3.83 | J19: 0 | K19: 418 | L19: 476.49
A20: 17/2/2569 | B20: ไม่มียอดเก็บ COD
A21: 18/2/2569 | B21: ไม่มียอดเก็บ COD
A22: 19/2/2569 | B22: suckjakkure@hotmail.com | C22: 642427575 | D22: ปณ | E22: 27 | F22: 38 | G22: 7969 | H22: 119.54 | I22: 8.37 | J22: 40 | K22: 983 | L22: 1110.91
A23: 20/2/2569 | B23: suckjakkure@hotmail.com | C23: 642427575 | D23: ปณ | E23: 16 | F23: 23 | G23: 4301 | H23: 64.52 | I23: 4.52 | J23: 20 | K23: 602 | L23: 671.04
A24: 21/2/2569 | B24: suckjakkure@hotmail.com | C24: 642427575 | D24: ปณ | E24: 11 | F24: 20 | G24: 2463 | H24: 36.95 | I24: 2.59 | J24: 0 | K24: 541 | L24: 580.54
A25: 22/2/2569 | B25: suckjakkure@hotmail.com | C25: 642427575 | D25: เอกชน | E25: 3 | F25: 6 | G25: 807 | H25: 16.14 | I25: 1.13 | J25: - | K25: 142 | L25: 159.27
A26: 22/2/2569 | B26: suckjakkure@hotmail.com | C26: 642427575 | D26: ปณ | E26: 8 | F26: 9 | G26: 1720 | H26: 25.8 | I26: 1.81 | J26: 0 | K26: 207 | L26: 234.61
A27: 23/2/2569 | B27: suckjakkure@hotmail.com | C27: 642427575 | D27: ปณ | E27: 3 | F27: 11 | G27: 645 | H27: 9.68 | I27: 0.68 | J27: 0 | K27: 271 | L27: 281.36
A28: 24/2/2569 | B28: ไม่มียอดเก็บ COD
A29: 25/2/2569 | B29: suckjakkure@hotmail.com | C29: 642427575 | D29: ปณ | E29: 8 | F29: 11 | G29: 1720 | H29: 25.8 | I29: 1.81 | J29: 20 | K29: 425 | L29: 452.61
A30: 26/2/2569 | B30: suckjakkure@hotmail.com | C30: 642427575 | D30: ปณ | E30: 21 | F30: 35 | G30: 4262 | H30: 63.93 | I30: 4.48 | J30: 0 | K30: 755 | L30: 823.41
A31: 27/2/2569 | B31: suckjakkure@hotmail.com | C31: 642427575 | D31: ปณ | E31: 8 | F31: 13 | G31: 1618 | H31: 24.27 | I31: 1.7 | J31: 20 | K31: 301 | L31: 326.97
A32: 28/2/2569 | B32: suckjakkure@hotmail.com | C32: 642427575 | D32: ปณ | E32: 4 | F32: 5 | G32: 710 | H32: 10.65 | I32: 0.75 | J32: 0 | K32: 103 | L32: 114.4
A34: ยอดรวม | E34: =SUM(E2:E33) -> 309 | F34: =SUM(F2:F33) -> 534 | G34: =SUM(G2:G33) -> 91568 | H34: =SUM(H2:H33) -> 1401.22 | I34: =SUM(I2:I33) -> 98.11 | J34: =SUM(J2:J33) -> 340 | K34: =SUM(K2:K33) -> 15146 | L34: =SUM(L2:L33) -> 16645.33

Sheet รายการส่งของ มี.ค.
A1: ลำดับ | B1: วันที่ส่ง | C1: Email | D1: Tel | E1: Team Name | F1: ขนส่ง | G1: Team Percent COD Fee | H1: Page | I1: Tracking No. | J1: Consignee | K1: Phone number | L1: Address | M1: Item type | N1: Weight（kg) | O1: Demensions | P1: COD Amount | Q1: Total COD Fee | R1: COD VAT 7% | S1: Freight | T1: Total Charge
A2: 1 | B2: 244352 | C2: suckjakkure@hotmail.com | D2: 642427575 | E2: วรรณวนัชเบเกอรี่ | F2: ปณ | G2: 2 | H2: FACEBOOK | I2: WA096397780TH | J2: แพรวพรรณ มณีโชติ | K2: 658969109 | L2: 59 หมู่ 5 บางขนาก บางน้ำเปรี้ยว ฉะเชิงเทรา 24150 | N2: 0.75 | O2: 99 | P2: 1.485 | Q2: 0.104 | R2: 0 | S2: 17 | T2: 18.59
A3: 2 | B3: 244352 | C3: suckjakkure@hotmail.com | D3: 642427575 | E3: วรรณวนัชเบเกอรี่ | F3: ปณ | G3: 2 | H3: FACEBOOK | I3: WB171469506TH | J3: คุณ นักรบ | K3: 886255646 | L3: 999/22 หมู่บ้านโฮมมี่โฮม หมู่ 5 สุรนารีซอย1 ปรุใหญ่ เมืองนครราชสีมา นครราชสีมา 30000 | N3: 0.342 | O3: 0 | P3: 0 | Q3: 0 | R3: 0 | S3: 17 | T3: 17
A4: 3 | B4: 244352 | C4: suckjakkure@hotmail.com | D4: 642427575 | E4: วรรณวนัชเบเกอรี่ | F4: ปณ | G4: 2 | H4: FACEBOOK | I4: WA096397833TH | J4: อ้อ | K4: 898995506 | L4: 21 ซอยพระราม 3/29 ถนนพระราม 3 บางโพงพาง ยานนาวา กรุงเทพ 10120 | N4: 2.418 | O4: 430 | P4: 6.45 | Q4: 0.4515 | R4: 0 | S4: 34 | T4: 40.9
A5: 4 | B5: 244352 | C5: suckjakkure@hotmail.com | D5: 642427575 | E5: วรรณวนัชเบเกอรี่ | F5: ปณ | G5: 2 | H5: FACEBOOK | I5: WB171429802TH | J5: สุพันธ์ โฆษา | K5: 620089044 | L5: 24/141 หมู่ 3 ถนนสหกรณ์ บางหญ้าแพรก เมืองสมุทรสาคร สมุทรสาคร 74000 | N5: 1.852 | O5: 0 | P5: 0 | Q5: 0 | R5: 0 | S5: 23 | T5: 23
A6: 5 | B6: 244352 | C6: suckjakkure@hotmail.com | D6: 642427575 | E6: วรรณวนัชเบเกอรี่ | F6: ปณ | G6: 2 | H6: FACEBOOK | I6: WB171469510TH | J6: บริษัท รักษิ พี สเตเบิ้ล เวลธ์ จำกัด(สำนักงานใหญ่) | K6: 658875551 | L6: 124/208 ซอยมนตรีสุริยวงค์ 3 หน้าเมือง เมืองราชบุรี ราชบุรี 70000 | N6: 0.378 | O6: 0 | P6: 0 | Q6: 0 | R6: 0 | S6: 17 | T6: 17
A7: 6 | B7: 244352 | C7: suckjakkure@hotmail.com | D7: 642427575 | E7: วรรณวนัชเบเกอรี่ | F7: ปณ | G7: 2 | H7: FACEBOOK | I7: WB171482034TH | J7: คุณคนชล พนายุทธชัย | K7: 914131886 | L7: 102/122 หมู่ 2 ซอย9/2 หมู่บ้านศรีราชาพาร์ควิว สุรศักดิ์ ศรีราชา ชลบุรี 20110 | N7: 0.344 | O7: 0 | P7: 0 | Q7: 0 | R7: 0 | S7: 17 | T7: 17
A8: 7 | B8: 244352 | C8: suckjakkure@hotmail.com | D8: 642427575 | E8: วรรณวนัชเบเกอรี่ | F8: ปณ | G8: 2 | H8: FACEBOOK | I8: WB171429780TH | J8: คุณ พรรณี | K8: 832865027 | L8: 55/58 ซ.วัดโพธิ์วนาราม หมากแข้ง เมืองอุดรธานี อุดรธานี 41000 | N8: 2.418 | O8: 0 | P8: 0 | Q8: 0 | R8: 0 | S8: 34 | T8: 34
A9: 8 | B9: 244352 | C9: suckjakkure@hotmail.com | D9: 642427575 | E9: วรรณวนัชเบเกอรี่ | F9: ปณ | G9: 2 | H9: FACEBOOK | I9: WB171429793TH | J9: แจ๋วมณี ชานุชิต | K9: 897154471 | L9: 384/12 บึงโขงหลง บึงโขงหลง บึงกาฬ 38220 | N9: 16.995 | O9: 0 | P9: 0 | Q9: 0 | R9: 0 | S9: 181 | T9: 181
A10: 9 | B10: 244411 | C10: suckjakkure@hotmail.com | D10: 642427575 | E10: วรรณวนัชเบเกอรี่ | F10: ปณ | G10: 2 | H10: FACEBOOK | I10: WA096397691TH | J10: แสงดาว ละเมิด | K10: 849483928 | L10: 129 ม 7 บ้านขอ เมืองปาน ลำปาง 52240 | N10: 1.296 | O10: 215 | P10: 3.225 | Q10: 0.2258 | R10: 0 | S10: 23 | T10: 26.45
A11: 10 | B11: 244411 | C11: suckjakkure@hotmail.com | D11: 642427575 | E11: วรรณวนัชเบเกอรี่ | F11: ปณ | G11: 2 | H11: FACEBOOK | I11: WA096397714TH | J11: Nit Joเรณู.อยู่สบาย | K11: 959957358 | L11: 36/1 ม.7 ถ.ระแงะมรรคา 36 กรีนสกายค้าเหล็ก&รีไซเคิล ตันหยงมัส ระแงะ นราธิวาส 96130 | N11: 1.27 | O11: 215 | P11: 3.225 | Q11: 0.2258 | R11: 20 | S11: 43 | T11: 46.45
A12: 11 | B12: 244411 | C12: suckjakkure@hotmail.com | D12: 642427575 | E12: วรรณวนัชเบเกอรี่ | F12: ปณ | G12: 2 | H12: FACEBOOK | I12: WA096397731TH | J12: จิตติมา กุลกั้ง | K12: 910640843 | L12: 19 ม.4 บ้านคำกั้ง เหล่าใหญ่ กุฉินารายณ์ กาฬสินธุ์ 46110 | N12: 1.266 | O12: 198 | P12: 2.97 | Q12: 0.2079 | R12: 0 | S12: 23 | T12: 26.18
A13: 12 | B13: 244411 | C13: suckjakkure@hotmail.com | D13: 642427575 | E13: วรรณวนัชเบเกอรี่ | F13: ปณ | G13: 2 | H13: FACEBOOK | I13: WA096397745TH | J13: สุพรรษา ปิยะวงษ์ | K13: 930748806 | L13: ( หจก. ท่าทรายพนมศักดิ์ ราษีสินฯ) 3-3/1 ม.1 ถ.บริหาร เมืองคง ราษีไศล ศรีสะเกษ 33160 | N13: 1.282 | O13: 215 | P13: 3.225 | Q13: 0.2258 | R13: 0 | S13: 23 | T13: 26.45
... A137: 136 | B137: 244595 | C137: suckjakkure@hotmail.com | D137: 642427575 | E137: วรรณวนัชเบเกอรี่ | F137: ปณ | G137: 2 | H137: FACEBOOK | I137: WB172270835TH | J137: คุณ ปู | K137: 925922478 | L137: บริษัทเจี้ยนชา จำกัด เร 5/41 ถ.จรัสเมือง วังใหม่ ปทุมวัน กรุงเทพ 10330 | N137: 0.04 | O137: 0 | P137: 0 | Q137: 0 | R137: 0 | S137: 17 | T137: 17
A138: 137 | B138: 244595 | C138: suckjakkure@hotmail.com | D138: 642427575 | E138: วรรณวนัชเบเกอรี่ | F138: เอกชน | G138: 2 | H138: FACEBOOK | I138: TH01288F76R34B0 | J138: บริษัท กรีนวู้ด แคปปิตอล(ประเทศไทย) จำกัด | K138: 623105425 | L138: 6 ถนนกาญจนาภิเษก ประเวศ ประเวศ กรุงเทพ Thailand | N138: 0.1 | O138: 1×️1×️1 | P138: 0 | Q138: 0 | R138: 0 | S138: 18 | T138: 18
A139: 138 | B139: 244656 | C139: suckjakkure@hotmail.com | D139: 642427575 | E139: วรรณวนัชเบเกอรี่ | F139: ปณ | G139: 2 | H139: FACEBOOK | I139: WA105791459TH | J139: พิศเพลิน ปานนพภา | K139: 640213371 | L139: ใต้คอนโดบุญบัญชา อ่อนนุช 27 สวนหลวง สวนหลวง กรุงเทพ 10250 | N139: 1.298 | O139: 215 | P139: 3.225 | Q139: 0.2258 | R139: 0 | S139: 23 | T139: 26.45
A140: 139 | B140: 244656 | C140: suckjakkure@hotmail.com | D140: 642427575 | E140: วรรณวนัชเบเกอรี่ | F140: ปณ | G140: 2 | H140: FACEBOOK | I140: WA105791462TH | J140: Sukanya Srinako | K140: 971350064 | L140: เขต ห้ามล่าสัตว์ป่าชะอำ 246/1 ชะอำ ชะอำ เพชรบุรี 76120 | N140: 1.278 | O140: 215 | P140: 3.225 | Q140: 0.2258 | R140: 0 | S140: 23 | T140: 26.45
A141: 140 | B141: 244656 | C141: suckjakkure@hotmail.com | D141: 642427575 | E141: วรรณวนัชเบเกอรี่ | F141: ปณ | G141: 2 | H141: FACEBOOK | I141: WA105791476TH | J141: เพียงใจ แซ่ตั้ง | K141: 652692589 | L141: 80 ซอยสาธุ 34 ตรงข้าม แยก หนึ่ง ถนนสาธุประดิษฐ์ บางโพงพาง ยานนาวา กรุงเทพ 10120 | N141: 1.286 | O141: 215 | P141: 3.225 | Q141: 0.2258 | R141: 0 | S141: 23 | T141: 26.45
A142: 141 | B142: 244656 | C142: suckjakkure@hotmail.com | D142: 642427575 | E142: วรรณวนัชเบเกอรี่ | F142: ปณ | G142: 2 | H142: FACEBOOK | I142: WA105791493TH | J142: ธฤษณุ พิณอุดม | K142: 613953568 | L142: 999/195 ม.สราญสิริ ศีรษะจรเข้น้อย บางเสาธง สมุทรปราการ 10570 | N142: 1.278 | O142: 215 | P142: 3.225 | Q142: 0.2258 | R142: 0 | S142: 23 | T142: 26.45
A143: 142 | B143: 244656 | C143: suckjakkure@hotmail.com | D143: 642427575 | E143: วรรณวนัชเบเกอรี่ | F143: ปณ | G143: 2 | H143: FACEBOOK | I143: WA105791502TH | J143: นิภา พงษ์เจริญ | K143: 819326334 | L143: บ. ดีจี เอ็นจิเนียริ่ง จก. 14/4 ม.7 บางเตย สามโคก ปทุมธานี 12160 | N143: 1.29 | O143: 215 | P143: 3.225 | Q143: 0.2258 | R143: 0 | S143: 23 | T143: 26.45
A144: 143 | B144: 244656 | C144: suckjakkure@hotmail.com | D144: 642427575 | E144: วรรณวนัชเบเกอรี่ | F144: ปณ | G144: 2 | H144: FACEBOOK | I144: WA105791516TH | J144: พระอุบล วราสโภ | K144: 904441678 | L144: ที่พักสงฆ์ภูต่าง ม.10 บ่อเบี้ย บ้านโคก อุตรดิตถ์ 53180 | N144: 1.278 | O144: 215 | P144: 3.225 | Q144: 0.2258 | R144: 0 | S144: 23 | T144: 26.45
A145: 144 | B145: 244656 | C145: suckjakkure@hotmail.com | D145: 642427575 | E145: วรรณวนัชเบเกอรี่ | F145: ปณ | G145: 2 | H145: FACEBOOK | I145: WA105791520TH | J145: สันติชัย เหล่าปาทาน | K145: 964242557 | L145: 286/ข ม 2 ป่าโมก ป่าโมก อ่างทอง 14130 | N145: 1.284 | O145: 215 | P145: 3.225 | Q145: 0.2258 | R145: 0 | S145: 23 | T145: 26.45
A146: 145 | B146: 244656 | C146: suckjakkure@hotmail.com | D146: 642427575 | E146: วรรณวนัชเบเกอรี่ | F146: ปณ | G146: 2 | H146: FACEBOOK | I146: WA105791533TH | J146: วรนุช โคกแก้ว | K146: 910151140 | L146: ตลาดสดสาย 5 555 พุทธมนทลสาย 5 อ้อมน้อย กระทุ่มแบน สมุทรสาคร 74130 | N146: 1.286 | O146: 215 | P146: 3.225 | Q146: 0.2258 | R146: 0 | S146: 23 | T146: 26.45
A147: 146 | B147: 244656 | C147: suckjakkure@hotmail.com | D147: 642427575 | E147: วรรณวนัชเบเกอรี่ | F147: ปณ | G147: 2 | H147: FACEBOOK | I147: WA105791547TH | J147: ชาตรี วาสนารุ่เรือง | K147: 623298699 | L147: 90 ซอยแสนสุข แยก 2 ถนนพระราม 4 คลองตัน คลองเตย กรุงเทพ 10110 | N147: 1.296 | O147: 215 | P147: 3.225 | Q147: 0.2258 | R147: 0 | S147: 23 | T147: 26.45
A148: 147 | B148: 244656 | C148: suckjakkure@hotmail.com | D148: 642427575 | E148: วรรณวนัชเบเกอรี่ | F148: ปณ | G148: 2 | H148: FACEBOOK | I148: WA105791564TH | J148: ผ่องพรรณ สร้อยมุข | K148: 968989632 | L148: 24 ตรอกศรีบุญเรือง ( ซอยร้านขนมจีนหน้าวัดไพรสณฑ์) หล่มสัก หล่มสัก เพชรบูรณ์ 67110 | N148: 1.294 | O148: 215 | P148: 3.225 | Q148: 0.2258 | R148: 0 | S148: 23 | T148: 26.45
A149: 148 | B149: 244656 | C149: suckjakkure@hotmail.com | D149: 642427575 | E149: วรรณวนัชเบเกอรี่ | F149: ปณ | G149: 2 | H149: FACEBOOK | I149: WA105791578TH | J149: Waleerat Asavakittikun | K149: 891594704 | L149: 169/181 หมู่ บ้านมัณฑนา วงแหวน- อ่อนนุช 3 ถ.กาญจนาภิเษก ดอกไม้ ประเวศ กรุงเทพ 10250 | N149: 1.294 | O149: 215 | P149: 3.225 | Q149: 0.2258 | R149: 0 | S149: 23 | T149: 26.45
A150: 149 | B150: 244656 | C150: suckjakkure@hotmail.com | D150: 642427575 | E150: วรรณวนัชเบเกอรี่ | F150: ปณ | G150: 2 | H150: FACEBOOK | I150: WA105791581TH | J150: ยุพา นาเจริญ | K150: 839094338 | L150: 160/11 ชุมชน ซอยพัทลุง ลาดพร้าว 48 แยก 8-4 สามเสนนอก ห้วยขวาง กรุงเทพ 10310 | N150: 1.282 | O150: 215 | P150: 3.225 | Q150: 0.2258 | R150: 0 | S150: 23 | T150: 26.45
... A200: 199 | B200: 244686 | C200: suckjakkure@hotmail.com | D200: 642427575 | E200: วรรณวนัชเบเกอรี่ | F200: ปณ | G200: 2 | H200: FACEBOOK | I200: WB172701632TH | J200: บริษัท แกร็บแท็กซี่(ประเทศไทย)จำกัด(สำนักงานใหญ่) | K200: 20212530 | L200: เลขที่ 252 อาคาร เอสพีอี ชั้น 10 ถนนพหลโยธิน สามเสนใน พญาไท กรุงเทพ 10400 | N200: 0.032 | O200: 0 | P200: 0 | Q200: 0 | R200: 0 | S200: 17 | T200: 17
A201: 200 | B201: 13/3/2569 | C201: suckjakkure@hotmail.com | D201: 642427575 | E201: วรรณวนัชเบเกอรี่ | F201: ปณ | G201: 2 | H201: FACEBOOK | I201: WB172752546TH | J201: แพรวพรรณ. ฟักฉ่ำ | K201: 890857245 | L201: 44/1 ม 3. หันตะเภา วังน้อย พระนครศรีอยุธยา 13170 | N201: 1.27 | O201: 0 | P201: 0 | Q201: 0 | R201: 0 | S201: 23 | T201: 23
A202: 201 | B202: 13/3/2569 | C202: suckjakkure@hotmail.com | D202: 642427575 | E202: วรรณวนัชเบเกอรี่ | F202: ปณ | G202: 2 | H202: FACEBOOK | I202: WA106638828TH | J202: พิทักษ์ รักโข | K202: 897395087 | L202: 49 ม.4 นาทวี นาทวี สงขลา 90160 | N202: 1.274 | O202: 215 | P202: 3.225 | Q202: 0.2258 | R202: 0 | S202: 23 | T202: 26.45
A203: 202 | B203: 13/3/2569 | C203: suckjakkure@hotmail.com | D203: 642427575 | E203: วรรณวนัชเบเกอรี่ | F203: ปณ | G203: 2 | H203: FACEBOOK | I203: WA106638831TH | J203: ณัฐ | K203: 810192929 | L203: 319/47 ม.1 สนามชัย เมืองสุพรรณบุรี สุพรรณบุรี 72000 | N203: 1.276 | O203: 215 | P203: 3.225 | Q203: 0.2258 | R203: 0 | S203: 23 | T203: 26.45
A204: 203 | B204: 13/3/2569 | C204: suckjakkure@hotmail.com | D204: 642427575 | E204: วรรณวนัชเบเกอรี่ | F204: ปณ | G204: 2 | H204: FACEBOOK | I204: WA106638845TH | J204: อัญชุลี มัคคีธรรม | K204: 658831687 | L204: 234/205 หมู่ บ้านเทพารักษ์วิลล่า ( ซอย4 หลังสุดท้ายซ้ายมือ) เทพารักษ์ เมืองสมุทรปราการ สมุทรปราการ 10270 | N204: 1.816 | O204: 499 | P204: 7.485 | Q204: 0.524 | R204: 0 | S204: 23 | T204: 31.01
A205: 204 | B205: 13/3/2569 | C205: suckjakkure@hotmail.com | D205: 642427575 | E205: วรรณวนัชเบเกอรี่ | F205: ปณ | G205: 2 | H205: FACEBOOK | I205: WA106638814TH | J205: รัตติกาลแก้วดวงเล็ก | K205: 972194553 | L205: 58/96 นิมิตรใหม่ ซอย11 อินทาวิลล์ แยก 1 มีนบุรี มีนบุรี กรุงเทพ 10510 | N205: 1.8 | O205: 399 | P205: 5.985 | Q205: 0.419 | R205: 0 | S205: 23 | T205: 29.4
A206: 205 | B206: 13/3/2569 | C206: suckjakkure@hotmail.com | D206: 642427575 | E206: วรรณวนัชเบเกอรี่ | F206: ปณ | G206: 2 | H206: FACEBOOK | I206: WA106638859TH | J206: เสาวลักษณ์ ศิริแท้ | K206: 834637404 | L206: 46 หมู่ 16 บ้านทุ่งบอน บุ่งหวาย วารินชำราบ อุบลราชธานี 34310 | N206: 1.286 | O206: 215 | P206: 3.225 | Q206: 0.2258 | R206: 0 | S206: 23 | T206: 26.45
A207: 206 | B207: 13/3/2569 | C207: suckjakkure@hotmail.com | D207: 642427575 | E207: วรรณวนัชเบเกอรี่ | F207: ปณ | G207: 2 | H207: FACEBOOK | I207: WA106638862TH | J207: กาญจนา_วรวัฒนา | K207: 971912682 | L207: _102/6_1 ท่ากระชับ นครชัยศรี นครปฐม 73120 | N207: 1.276 | O207: 215 | P207: 3.225 | Q207: 0.2258 | R207: 0 | S207: 23 | T207: 26.45
A208: 207 | B208: 13/3/2569 | C208: suckjakkure@hotmail.com | D208: 642427575 | E208: วรรณวนัชเบเกอรี่ | F208: ปณ | G208: 2 | H208: FACEBOOK | I208: WA106639531TH | J208: Sorapat Chillananda | K208: 817024900 | L208: 89/277 ซอย13/4 หมู่ บ้านคาซ่าวิลล์ วัชรพล ถนนวัชรพล คลองถนน สายไหม กรุงเทพ 10220 | N208: 1.27 | O208: 215 | P208: 3.225 | Q208: 0.2258 | R208: 0 | S208: 23 | T208: 26.45
A209: 208 | B209: 13/3/2569 | C209: suckjakkure@hotmail.com | D209: 642427575 | E209: วรรณวนัชเบเกอรี่ | F209: ปณ | G209: 2 | H209: FACEBOOK | I209: WB172752550TH | J209: คุณ จรี ชูกิจการรุ่ง 2/2 | K209: 822984360 | L209: 121/2 หมู่ . 9. ซ.เกษตร 6 หนองลู สังขละบุรี กาญจนบุรี 71240 | N209: 7.19 | O209: 0 | P209: 0 | Q209: 0 | R209: 20 | S209: 111 | T209: 111
A210: 209 | B210: 13/3/2569 | C210: suckjakkure@hotmail.com | D210: 642427575 | E210: วรรณวนัชเบเกอรี่ | F210: ปณ | G210: 2 | H210: FACEBOOK | I210: WB172813333TH | J210: นาย ธนนิจ ยิ่งยงยุทธ | K210: 801631324 | L210: 37 ม.2 บุฤาษี เมืองสุรินทร์ สุรินทร์ 32000 | N210: 1.616 | O210: 0 | P210: 0 | Q210: 0 | R210: 0 | S210: 23 | T210: 23
A211: 210 | B211: 13/3/2569 | C211: suckjakkure@hotmail.com | D211: 642427575 | E211: วรรณวนัชเบเกอรี่ | F211: ปณ | G211: 2 | H211: FACEBOOK | I211: WA106638876TH | J211: เสมอเทพ เสมอตน | K211: 927823748 | L211: 100 ม.7 บ้านเสม็ด เชื้อเพลิง ปราสาท สุรินทร์ 32140 | N211: 1.274 | O211: 215 | P211: 3.225 | Q211: 0.2258 | R211: 0 | S211: 23 | T211: 26.45
A212: 211 | B212: 13/3/2569 | C212: suckjakkure@hotmail.com | D212: 642427575 | E212: วรรณวนัชเบเกอรี่ | F212: ปณ | G212: 2 | H212: FACEBOOK | I212: WB172752563TH | J212: คุณ จรี ชูกิจการรุ่ง 1/2 | K212: 822984360 | L212: 121/2 หมู่ . 9. ซ.เกษตร 6 หนองลู สังขละบุรี กาญจนบุรี 71240 | N212: 13.19 | O212: 0 | P212: 0 | Q212: 0 | R212: 20 | S212: 171 | T212: 171
... A545: 544 | B545: 30/3/2569 | C545: suckjakkure@hotmail.com | D545: 642427575 | E545: วรรณวนัชเบเกอรี่ | F545: ปณ | G545: 2 | H545: FACEBOOK | I545: WB214252150TH | J545: คุณ เจนนี่ | K545: 926728038 | L545: บริษัทซี. เ จ. เอ็กซ์เพรส กรุ๊ป จำกัด 393 อาคาร 393 สีลม ชั้น 2, 4 และ 5 ถนนสีลม สีลม บางรัก กรุงเทพ 10500 | N545: 0.032 | O545: 0 | P545: 0 | Q545: 0 | R545: 0 | S545: 17 | T545: 17
A546: 545
A547: 546
A548: 547
A549: 548
A550: 549
A551: 550
A552: 551
A553: 552
A554: 553
A555: 554
A556: 555
A557: 556
... A595: 594

Sheet  รวมส่ง มี.ค.
A1: วันที่ส่ง | B1: Email | C1: Tel | D1: ขนส่ง | E1: จำนวนพัสดุที่มี COD(ชิ้น) | F1: จำนวนที่ส่ง(ชิ้น) | G1: รวมยอด COD | H1: รวมยอด COD Fee 2% | I1: รวมค่า COD Fee VAT 7% | J1: รวมค่าพื้นที่เกาะ | K1: รวมค่าขนส่ง | L1: Total Charge
A2: 244350 | B2: suckjakkure@hotmail.com | C2: 642427575 | D2: ปณ | E2: 2 | F2: 8 | G2: 529 | H2: 7.94 | I2: 0.56 | J2: 0 | K2: 340 | L2: 348.5
A3: 244350
A4: 244381 | B4: ไม่มียอดเก็บ COD
A5: 244409 | B5: suckjakkure@hotmail.com | C5: 642427575 | D5: ปณ | E5: 9 | F5: 14 | G5: 1918 | H5: 28.77 | I5: 2.01 | J5: 20 | K5: 324 | L5: 354.78
A6: 244440 | B6: suckjakkure@hotmail.com | C6: 642427575 | D6: ปณ | E6: 40 | F6: 49 | G6: 9785 | H6: 146.78 | I6: 10.27 | J6: 20 | K6: 1195 | L6: 1352.05
A7: 244470 | B7: suckjakkure@hotmail.com | C7: 642427575 | D7: ปณ | E7: 5 | F7: 27 | G7: 1558 | H7: 23.37 | I7: 1.64 | J7: 0 | K7: 522 | L7: 547.01
A8: 244501 | B8: suckjakkure@hotmail.com | C8: 642427575 | D8: ปณ | E8: 3 | F8: 10 | G8: 645 | H8: 9.68 | I8: 0.68 | J8: 0 | K8: 200 | L8: 210.36
A9: 244531 | B9: suckjakkure@hotmail.com | C9: 642427575 | D9: ปณ | E9: 1 | F9: 9 | G9: 215 | H9: 3.23 | I9: 0.23 | J9: 0 | K9: 194 | L9: 197.46
A10: 244562 | B10: suckjakkure@hotmail.com | C10: 642427575 | D10: ปณ | E10: 7 | F10: 10 | G10: 1640 | H10: 24.6 | I10: 1.72 | J10: 0 | K10: 229 | L10: 255.32
A11: 244593 | B11: suckjakkure@hotmail.com | C11: 642427575 | D11: ปณ | E11: 7 | F11: 9 | G11: 1694 | H11: 25.41 | I11: 1.78 | J11: 20 | K11: 220 | L11: 247.19
A12: 244593 | B12: suckjakkure@hotmail.com | C12: 642427575 | D12: เอกชน | E12: 0 | F12: 1 | G12: 0 | H12: 0 | I12: 0 | J12: - | K12: 18 | L12: 18
A13: 244625 | B13: ไม่มียอดเก็บ COD
A14: 244656 | B14: suckjakkure@hotmail.com | C14: 642427575 | D14: ปณ | E14: 28 | F14: 37 | G14: 6169 | H14: 92.54 | I14: 6.48 | J14: 20 | K14: 892 | L14: 991.02
A15: 244686 | B15: suckjakkure@hotmail.com | C15: 642427575 | D15: ปณ | E15: 16 | F15: 25 | G15: 3839 | H15: 57.59 | I15: 4.03 | J15: 20 | K15: 624 | L15: 685.62
A16: 13/3/2569 | B16: suckjakkure@hotmail.com | C16: 642427575 | D16: ปณ | E16: 8 | F16: 12 | G16: 2188 | H16: 32.82 | I16: 2.3 | J16: 40 | K16: 512 | L16: 547.12
A17: 14/3/2569 | B17: suckjakkure@hotmail.com | C17: 642427575 | D17: ปณ | E17: 0 | F17: 4 | G17: 0 | H17: 0 | I17: 0 | J17: 0 | K17: 68 | L17: 68
A18: 15/3/2569 | B18: suckjakkure@hotmail.com | C18: 642427575 | D18: ปณ | E18: 8 | F18: 14 | G18: 2114 | H18: 31.71 | I18: 2.22 | J18: 60 | K18: 374 | L18: 407.93
A19: 16/3/2569 | B19: suckjakkure@hotmail.com | C19: 642427575 | D19: ปณ | E19: 9 | F19: 11 | G19: 1932 | H19: 28.98 | I19: 2.03 | J19: 0 | K19: 229 | L19: 260.01
A20: 17/3/2569 | B20: ไม่มียอดเก็บ COD
A21: 18/3/2569 | B21: suckjakkure@hotmail.com | C21: 642427575 | D21: ปณ | E21: 43 | F21: 77 | G21: 9970 | H21: 149.55 | I21: 10.47 | J21: 0 | K21: 1663 | L21: 1823.02
A22: 19/3/2569 | B22: suckjakkure@hotmail.com | C22: 642427575 | D22: ปณ | E22: 19 | F22: 29 | G22: 2968 | H22: 44.52 | I22: 3.12 | J22: 20 | K22: 561 | L22: 608.64
A23: 20/3/2569 | B23: suckjakkure@hotmail.com | C23: 642427575 | D23: ปณ | E23: 10 | F23: 15 | G23: 1831 | H23: 27.47 | I23: 1.92 | J23: 0 | K23: 279 | L23: 308.39
A24: 21/3/2569 | B24: suckjakkure@hotmail.com | C24: 642427575 | D24: ปณ | E24: 9 | F24: 19 | G24: 1821 | H24: 27.32 | I24: 1.91 | J24: 0 | K24: 557 | L24: 586.23
A25: 22/3/2569 | B25: suckjakkure@hotmail.com | C25: 642427575 | D25: ปณ | E25: 13 | F25: 31 | G25: 2345 | H25: 35.18 | I25: 2.46 | J25: 0 | K25: 574 | L25: 611.64
A26: 23/3/2569 | B26: suckjakkure@hotmail.com | C26: 642427575 | D26: ปณ | E26: 8 | F26: 10 | G26: 2135 | H26: 32.03 | I26: 2.24 | J26: 0 | K26: 239 | L26: 273.27
A27: 24/3/2569 | B27: ไม่มียอดเก็บ COD
A28: 25/3/2569 | B28: suckjakkure@hotmail.com | C28: 642427575 | D28: ปณ | E28: 6 | F28: 29 | G28: 929 | H28: 13.94 | I28: 0.98 | J28: 20 | K28: 537 | L28: 551.92
A29: 26/3/2569 | B29: suckjakkure@hotmail.com | C29: 642427575 | D29: ปณ | E29: 9 | F29: 18 | G29: 1924 | H29: 28.86 | I29: 2.02 | J29: 0 | K29: 336 | L29: 366.88
A30: 27/3/2569 | B30: suckjakkure@hotmail.com | C30: 642427575 | D30: ปณ | E30: 37 | F30: 47 | G30: 7997 | H30: 119.96 | I30: 8.4 | J30: 0 | K30: 1086 | L30: 1214.36
A31: 28/3/2569 | B31: suckjakkure@hotmail.com | C31: 642427575 | D31: ปณ | E31: 2 | F31: 8 | G31: 845 | H31: 12.68 | I31: 0.89 | J31: 0 | K31: 360 | L31: 373.57
A32: 29/3/2569 | B32: suckjakkure@hotmail.com | C32: 642427575 | D32: ปณ | E32: 7 | F32: 12 | G32: 1390 | H32: 20.85 | I32: 1.46 | J32: 0 | K32: 240 | L32: 262.31
A33: 30/3/2569 | B33: suckjakkure@hotmail.com | C33: 642427575 | D33: ปณ | E33: 6 | F33: 9 | G33: 1159 | H33: 17.39 | I33: 1.22 | J33: 0 | K33: 177 | L33: 195.61
A34: 31/3/2569 | B34: ไม่มียอดเก็บ COD
A35: ยอดรวม | E35: =SUM(E2:E34) -> 312 | F35: =SUM(F2:F34) -> 544 | G35: =SUM(G2:G34) -> 69540 | H35: =SUM(H2:H34) -> 1043.17 | I35: =SUM(I2:I34) -> 73.04 | J35: =SUM(J2:J34) -> 240 | K35: =SUM(K2:K34) -> 12550 | L35: =SUM(L2:L34) -> 13666.21

Sheet รายการส่งของ  เม.ย.
A1: ลำดับ | B1: วันที่ส่ง | C1: Email | D1: Tel | E1: Team Name | F1: ขนส่ง | G1: Team Percent COD Fee | H1: Page | I1: Tracking No. | J1: Consignee | K1: Phone number | L1: Address | M1: Item type | N1: Weight（kg) | O1: Demensions | P1: COD Amount | Q1: Total COD Fee | R1: COD VAT 7% | S1: Freight | T1: Total Charge
A2: 1 | B2: 244353 | C2: suckjakkure@hotmail.com | D2: 642427575 | E2: วรรณวนัชเบเกอรี่ | F2: ปณ | G2: 2 | H2: FACEBOOK | I2: WA111795106TH | J2: เยาวนารถบุญเพ็ง | K2: 812536120 | L2: 103/7 หมู่ที่ 2 โคกตูม เมืองลพบุรี ลพบุรี 15210 | N2: 0.834 | O2: 200 | P2: 3 | Q2: 0.21 | R2: 0 | S2: 17 | T2: 20.21
A3: 2 | B3: 244353 | C3: suckjakkure@hotmail.com | D3: 642427575 | E3: วรรณวนัชเบเกอรี่ | F3: ปณ | G3: 2 | H3: FACEBOOK | I3: WA111795145TH | J3: คุณ นราธิป อาภรณ์รัตน์ | K3: 934492999 | L3: ดลนราคอร์ส 16/5 ซอย1 ข ถนนทุ่งโฮเต็ล วัดเกต เมืองเชียงใหม่ เชียงใหม่ 50000 | N3: 0.84 | O3: 200 | P3: 3 | Q3: 0.21 | R3: 0 | S3: 17 | T3: 20.21
A4: 3 | B4: 244353 | C4: suckjakkure@hotmail.com | D4: 642427575 | E4: วรรณวนัชเบเกอรี่ | F4: ปณ | G4: 2 | H4: FACEBOOK | I4: WA111795171TH | J4: วรรณภา ธูปงาม | K4: 634438840 | L4: 201 ม 8 หนองบัวใต้ ศรีบุญเรือง หนองบัวลำภู 39180 | N4: 0.956 | O4: 199 | P4: 2.985 | Q4: 0.209 | R4: 0 | S4: 17 | T4: 20.19
A5: 4 | B5: 244353 | C5: suckjakkure@hotmail.com | D5: 642427575 | E5: วรรณวนัชเบเกอรี่ | F5: ปณ | G5: 2 | H5: FACEBOOK | I5: WA111795185TH | J5: อรอนงค์ นวลทอง | K5: 897195449 | L5: ร้านต้นกล้าพานิชย์ 222 ม.4 พระเหลา พนา อำนาจเจริญ 37180 | N5: 0.926 | O5: 199 | P5: 2.985 | Q5: 0.209 | R5: 0 | S5: 17 | T5: 20.19
A6: 5 | B6: 244353 | C6: suckjakkure@hotmail.com | D6: 642427575 | E6: วรรณวนัชเบเกอรี่ | F6: ปณ | G6: 2 | H6: FACEBOOK | I6: WA111795208TH | J6: วรรณี พวงสุข | K6: 849097527 | L6: 101 ม.1 เขาพระ เดิมบางนางบวช สุพรรณบุรี 72120 | N6: 1.24 | O6: 215 | P6: 3.225 | Q6: 0.2258 | R6: 0 | S6: 23 | T6: 26.45
A7: 6 | B7: 244353 | C7: suckjakkure@hotmail.com | D7: 642427575 | E7: วรรณวนัชเบเกอรี่ | F7: ปณ | G7: 2 | H7: FACEBOOK | I7: WA111795211TH | J7: พรเพ็ญ | K7: 634595994 | L7: 42/4-6 ซ.ศรีเวียง แม่สอด แม่สอด ตาก 63110 | N7: 0.884 | O7: 199 | P7: 2.985 | Q7: 0.209 | R7: 0 | S7: 17 | T7: 20.19
A8: 7 | B8: 244353 | C8: suckjakkure@hotmail.com | D8: 642427575 | E8: วรรณวนัชเบเกอรี่ | F8: ปณ | G8: 2 | H8: FACEBOOK | I8: WA111795225TH | J8: คุณไก่ | K8: 800586999 | L8: บ้านสบาย เลขที่ 2 ห้อแง 311 ซอยนาคนิวาส 53 ถนนนาคนิวาส ลาดพร้าว ลาดพร้าว กรุงเทพ 10230 | N8: 0.912 | O8: 199 | P8: 2.985 | Q8: 0.209 | R8: 0 | S8: 17 | T8: 20.19
A9: 8 | B9: 244353 | C9: suckjakkure@hotmail.com | D9: 642427575 | E9: วรรณวนัชเบเกอรี่ | F9: ปณ | G9: 2 | H9: FACEBOOK | I9: WA111795239TH | J9: คุณ อัมพาพันธ์ ปิ่นเสถียรเกส | K9: 806659145 | L9: 1/14 ซ ลาดพร้าว 101 ซ 42 แยก 6 หมู่ บ้านวาสินี คลองจั่น บางกะปิ กรุงเทพ 10240 | N9: 0.974 | O9: 199 | P9: 2.985 | Q9: 0.209 | R9: 0 | S9: 17 | T9: 20.19
A10: 9 | B10: 244353 | C10: suckjakkure@hotmail.com | D10: 642427575 | E10: วรรณวนัชเบเกอรี่ | F10: ปณ | G10: 2 | H10: FACEBOOK | I10: WA111795242TH | J10: น.ส วริศรา มุธเมธาฤทธิ์ | K10: 990839311 | L10: บ้านเลขที่ 116/29 หมู่ 6 ป่าคลอก ถลาง ภูเก็ต 83110 | N10: 0.956 | O10: 199 | P10: 2.985 | Q10: 0.209 | R10: 20 | S10: 37 | T10: 40.19
A11: 10 | B11: 244353 | C11: suckjakkure@hotmail.com | D11: 642427575 | E11: วรรณวนัชเบเกอรี่ | F11: ปณ | G11: 2 | H11: FACEBOOK | I11: WA111795256TH | J11: วรรณเพ็ญ แซ่โอ้ว | K11: 819899686 | L11: 63/2623 ม.เคหะธานี 4 ถ.ราษฎร์พัฒนา ราษฎร์พัฒนา สะพานสูง กรุงเทพ 10240 | N11: 0.932 | O11: 199 | P11: 2.985 | Q11: 0.209 | R11: 0 | S11: 17 | T11: 20.19
A12: 11 | B12: 244353 | C12: suckjakkure@hotmail.com | D12: 642427575 | E12: วรรณวนัชเบเกอรี่ | F12: ปณ | G12: 2 | H12: FACEBOOK | I12: WA111795273TH | J12: อนันต์ วงษ์คำ | K12: 818332694 | L12: 1092 ซ.อ่อนนุช 17 ถ.อ่อนนุช สวนหลวง สวนหลวง กรุงเทพ 10250 | N12: 1.686 | O12: 398 | P12: 5.97 | Q12: 0.4179 | R12: 0 | S12: 23 | T12: 29.39
A13: 12 | B13: 244353 | C13: suckjakkure@hotmail.com | D13: 642427575 | E13: วรรณวนัชเบเกอรี่ | F13: ปณ | G13: 2 | H13: FACEBOOK | I13: WA111795287TH | J13: กันญา จันทนโชติวงศ์ | K13: 892536208 | L13: 579/27 หมู่ 5 บารมีเฮ้าส์ อพาทเม้นท์ ซอยนาเกลือ 12 นาเกลือ บางละมุง ชลบุรี 20150 | N13: 0.952 | O13: 199 | P13: 2.985 | Q13: 0.209 | R13: 0 | S13: 17 | T13: 20.19
... A424: 423 | B424: 244657 | C424: suckjakkure@hotmail.com | D424: 642427575 | E424: วรรณวนัชเบเกอรี่ | F424: ปณ | G424: 2 | H424: FACEBOOK | I424: WB215652202TH | J424: วิไลวรรณ ปังสี | K424: 979796152 | L424: 262/1 ม.5 ( บ้านสีน้ำตาล -ติดร้าน ก่วยเตี๋ยวเรือถูกปาก) วังไคร้ ท่ายาง เพชรบุรี 76130 | N424: 1.078 | O424: 0 | P424: 0 | Q424: 0 | R424: 0 | S424: 23 | T424: 23
A425: 424 | B425: 244687 | C425: suckjakkure@hotmail.com | D425: 642427575 | E425: วรรณวนัชเบเกอรี่ | F425: เอกชน | G425: 2 | H425: FACEBOOK | I425: TH51088KGDVF5E | J425: Sa Kaweewon | K425: 828936016 | L425: 77/1 ม.2 หนองม่วงไข่ ตำหนักธรรม แพร่ Thailand | N425: 1.84 | O425: 31×️45×️21 | P425: 330 | Q425: 6.6 | R425: 0.46 | S425: 27 | T425: 34.06
A426: 425 | B426: 244687 | C426: suckjakkure@hotmail.com | D426: 642427575 | E426: วรรณวนัชเบเกอรี่ | F426: เอกชน | G426: 2 | H426: FACEBOOK | I426: TH19018KGDVH1A | J426: คุณยีนส์ครับ | K426: 967273688 | L426: 43/14 ถนนสุขสมบูรณ์ เมืองประจวบคีรีขันธ์ ประจวบคีรีขันธ์ ประจวบคีรีขันธ์ Thailand | N426: 3.46 | O426: 1×️1×️1 | P426: 0 | Q426: 0 | R426: 0 | S426: 45 | T426: 45
A427: 426 | B427: 244687 | C427: suckjakkure@hotmail.com | D427: 642427575 | E427: วรรณวนัชเบเกอรี่ | F427: เอกชน | G427: 2 | H427: FACEBOOK | I427: TH03038KGDVJ7C | J427: วาสนา โพธิ์ศรี | K427: 624255626 | L427: มบ. โฮมเพลสเดอะพารค์ 59/126 ซ.5 บางใหญ่ บางเลน นนทบุรี Thailand | N427: 1.2 | O427: 45×️35×️25 | P427: 270 | Q427: 5.4 | R427: 0.38 | S427: 107 | T427: 112.78
A428: 427 | B428: 244687 | C428: suckjakkure@hotmail.com | D428: 642427575 | E428: วรรณวนัชเบเกอรี่ | F428: เอกชน | G428: 2 | H428: FACEBOOK | I428: TH12018KGDVN9P | J428: จำปา ศูนย์กลาง | K428: 861714003 | L428: 25/20 หมู่ 1 เมืองราชบุรี เกาะพลับพลา ราชบุรี Thailand | N428: 1.2 | O428: 45×️35×️25 | P428: 270 | Q428: 5.4 | R428: 0.38 | S428: 103 | T428: 108.78
A429: 428 | B429: 244687 | C429: suckjakkure@hotmail.com | D429: 642427575 | E429: วรรณวนัชเบเกอรี่ | F429: เอกชน | G429: 2 | H429: FACEBOOK | I429: TH35028KGDVX9D | J429: คุณ ปิยะนุช ป้องคำ | K429: 822297460 | L429: 178/6 ม.6 บ. โนนป่าบาก โซ่พิสัย บัวตูม บึงกาฬ Thailand | N429: 1.89 | O429: 31×️45×️21 | P429: 330 | Q429: 6.6 | R429: 0.46 | S429: 27 | T429: 34.06
A430: 429 | B430: 244687 | C430: suckjakkure@hotmail.com | D430: 642427575 | E430: วรรณวนัชเบเกอรี่ | F430: เอกชน | G430: 2 | H430: FACEBOOK | I430: TH27218KGDVP2A | J430: นรินทร์ | K430: 909289796 | L430: 154 ม.1 บ้านคลองตาลอง ปากช่อง ปากช่อง นครราชสีมา Thailand | N430: 1.2 | O430: 45×️35×️25 | P430: 215 | Q430: 4.3 | R430: 0.3 | S430: 103 | T430: 107.6
A431: 430 | B431: 244687 | C431: suckjakkure@hotmail.com | D431: 642427575 | E431: วรรณวนัชเบเกอรี่ | F431: เอกชน | G431: 2 | H431: FACEBOOK | I431: TH01388KGDVK5A | J431: ปรานี | K431: 898950681 | L431: 264*32 ซ.สุขสวัส 15 ถ.สุขสวัส ราษฎร์บูรณะ บางปะกอก กรุงเทพ Thailand | N431: 1.89 | O431: 21×️45×️31 | P431: 330 | Q431: 6.6 | R431: 0.46 | S431: 25 | T431: 32.06
A432: 431 | B432: 244687 | C432: suckjakkure@hotmail.com | D432: 642427575 | E432: วรรณวนัชเบเกอรี่ | F432: เอกชน | G432: 2 | H432: FACEBOOK | I432: TH02068KGDVX6C | J432: รา้นนอ้งกาแฟสด | K432: 897862340 | L432: 16/2 ม 3 บางเสาธง ศีรษะจรเข้ใหญ่ สมุทรปราการ Thailand | N432: 1.2 | O432: 45×️35×️25 | P432: 270 | Q432: 5.4 | R432: 0.38 | S432: 107 | T432: 112.78
A433: 432 | B433: 244687 | C433: suckjakkure@hotmail.com | D433: 642427575 | E433: วรรณวนัชเบเกอรี่ | F433: เอกชน | G433: 2 | H433: FACEBOOK | I433: TH03068KGDVW5D0 | J433: นาง สมหมาย โพธิมาก | K433: 613892579 | L433: 18/605 หมู่ บ้านเปี่ยมสุข ซอย10 ปากเกร็ด บางพูด นนทบุรี Thailand | N433: 1.21 | O433: 25×️25×️17 | P433: 270 | Q433: 5.4 | R433: 0.38 | S433: 25 | T433: 30.78
A434: 433 | B434: 244687 | C434: suckjakkure@hotmail.com | D434: 642427575 | E434: วรรณวนัชเบเกอรี่ | F434: เอกชน | G434: 2 | H434: FACEBOOK | I434: TH21018KGDVY8N | J434: นางสาว ศุภมาศ ชีพจำเป็น | K434: 654014248 | L434: บ้านเลขที่ 25 ซ.เสริมสุวรรณ เมืองระยอง มาบตาพุด ระยอง Thailand | N434: 2.36 | O434: 31×️45×️21 | P434: 540 | Q434: 10.8 | R434: 0.76 | S434: 32 | T434: 43.56
A435: 434 | B435: 244687 | C435: suckjakkure@hotmail.com | D435: 642427575 | E435: วรรณวนัชเบเกอรี่ | F435: เอกชน | G435: 2 | H435: FACEBOOK | I435: TH71168KGDVX7C | J435: กาญจนา โพธิ์เย็น | K435: 621302215 | L435: 14/5 หมู่ 8 คลองหอยโข่ง โคกม่วง สงขลา Thailand | N435: 1.89 | O435: 31×️45×️21 | P435: 330 | Q435: 6.6 | R435: 0.46 | S435: 27 | T435: 34.06
A436: 435 | B436: 244687 | C436: suckjakkure@hotmail.com | D436: 642427575 | E436: วรรณวนัชเบเกอรี่ | F436: เอกชน | G436: 2 | H436: FACEBOOK | I436: TH44028KGDVN4D | J436: ณิชกานต์ วงศ์สกล | K436: 855607656 | L436: 66 หมู่ ที่ 1 บ้านนาดี กุสุมาลย์ โพธิไพศาล สกลนคร Thailand | N436: 1.2 | O436: 45×️35×️25 | P436: 215 | Q436: 4.3 | R436: 0.3 | S436: 103 | T436: 107.6
... A456: 455 | B456: 244687 | C456: suckjakkure@hotmail.com | D456: 642427575 | E456: วรรณวนัชเบเกอรี่ | F456: เอกชน | G456: 2 | H456: FACEBOOK | I456: TH54078KGDVF8D | J456: ร้านอ้อยการเกษตร | K456: 947061144 | L456: 205 หมู่ 14 แม่จัน ป่าซาง เชียงราย Thailand | N456: 1.2 | O456: 45×️35×️25 | P456: 220 | Q456: 4.4 | R456: 0.31 | S456: 103 | T456: 107.71
A457: 456 | B457: 244687 | C457: suckjakkure@hotmail.com | D457: 642427575 | E457: วรรณวนัชเบเกอรี่ | F457: ปณ | G457: 2 | H457: FACEBOOK | I457: WA120287380TH | J457: Nattawut Yangyuen | K457: 863286222 | L457: 109/2 ซอยรัชดาภิเษก 36 แยก 9-5 จันทรเกษม จตุจักร กรุงเทพ 10900 | N457: 1.218 | O457: 270 | P457: 4.05 | Q457: 0.2835 | R457: 0 | S457: 23 | T457: 27.33
A458: 457 | B458: 244687 | C458: suckjakkure@hotmail.com | D458: 642427575 | E458: วรรณวนัชเบเกอรี่ | F458: ปณ | G458: 2 | H458: FACEBOOK | I458: WB215768523TH | J458: คุณ บุญฤทธิ์ | K458: 865002868 | L458: 205/1 ถนนกำแพงเพชร 6 ดอนเมือง ดอนเมือง กรุงเทพ 10210 | N458: 1.088 | O458: 0 | P458: 0 | Q458: 0 | R458: 0 | S458: 23 | T458: 23
A459: 458 | B459: 244687 | C459: suckjakkure@hotmail.com | D459: 642427575 | E459: วรรณวนัชเบเกอรี่ | F459: ปณ | G459: 2 | H459: FACEBOOK | I459: WB215768537TH | J459: อรสา วารีอุดม | K459: 927821050 | L459: 52/6 หมู่ 1 นายายอาม นายายอาม จันทบุรี 22160 | N459: 1.074 | O459: 0 | P459: 0 | Q459: 0 | R459: 0 | S459: 23 | T459: 23
A460: 459 | B460: 244687 | C460: suckjakkure@hotmail.com | D460: 642427575 | E460: วรรณวนัชเบเกอรี่ | F460: ปณ | G460: 2 | H460: FACEBOOK | I460: WB215768554TH | J460: นาง มลฑา แดงชื่น | K460: 936586469 | L460: 37 ม.1 บ้านนา ศรีนครินทร์ พัทลุง 93000 | N460: 1.274 | O460: 0 | P460: 0 | Q460: 0 | R460: 0 | S460: 23 | T460: 23
A461: 460 | B461: 244687 | C461: suckjakkure@hotmail.com | D461: 642427575 | E461: วรรณวนัชเบเกอรี่ | F461: ปณ | G461: 2 | H461: FACEBOOK | I461: WB215768568TH | J461: ระวีพรรณ ขุมทอง | K461: 645201048 | L461: เลขที่ 33/4 หมู่ 3 บ้านเลือก โพธาราม ราชบุรี 70120 | N461: 1.036 | O461: 0 | P461: 0 | Q461: 0 | R461: 0 | S461: 23 | T461: 23
A462: 461 | B462: 244687 | C462: suckjakkure@hotmail.com | D462: 642427575 | E462: วรรณวนัชเบเกอรี่ | F462: ปณ | G462: 2 | H462: FACEBOOK | I462: WB215768571TH | J462: นาง หนูปั่น ชนะชัย | K462: 973399526 | L462: 104 หมู่ 2 บ้านหนองแสง ช่องสามหมอ แก้งคร้อ ชัยภูมิ 36150 | N462: 1.256 | O462: 0 | P462: 0 | Q462: 0 | R462: 0 | S462: 23 | T462: 23
A463: 462 | B463: 244687 | C463: suckjakkure@hotmail.com | D463: 642427575 | E463: วรรณวนัชเบเกอรี่ | F463: ปณ | G463: 2 | H463: FACEBOOK | I463: WB215769095TH | J463: ศุภนา ชัยยา | K463: 619541329 | L463: 444 เทศบาล ตำบล จัตุรัส ถ.สุจิตรา บ้านกอก จัตุรัส ชัยภูมิ 36130 | N463: 1.242 | O463: 0 | P463: 0 | Q463: 0 | R463: 0 | S463: 23 | T463: 23
A464: 463 | B464: 244687 | C464: suckjakkure@hotmail.com | D464: 642427575 | E464: วรรณวนัชเบเกอรี่ | F464: ปณ | G464: 2 | H464: FACEBOOK | I464: WB215822215TH | J464: สำนักงานสวัสดิการและคุ้มครองแรงงาน | K464: 34340067 | L464: ศาลากลาง จังหวัด นครปฐม ชั้น 1 ถนนศูนย์ราชการ ถนนขาด เมืองนครปฐม นครปฐม 73000 | N464: 0.064 | O464: 0 | P464: 0 | Q464: 0 | R464: 0 | S464: 17 | T464: 17
A465: 464 | B465: 244687 | C465: suckjakkure@hotmail.com | D465: 642427575 | E465: วรรณวนัชเบเกอรี่ | F465: ปณ | G465: 2 | H465: FACEBOOK | I465: WA120287331TH | J465: คุณ ดวงนภา นพรัตน์ | K465: 838145333 | L465: 19/200 ตรอกการเคหะแห่งชาติหลังที่ 19 ชั้น 4 ถนนนวมินทร์ คลองจั่น บางกะปิ กรุงเทพ 10240 | N465: 1.234 | O465: 270 | P465: 4.05 | Q465: 0.2835 | R465: 0 | S465: 23 | T465: 27.33
A466: 465 | B466: 244687 | C466: suckjakkure@hotmail.com | D466: 642427575 | E466: วรรณวนัชเบเกอรี่ | F466: ปณ | G466: 2 | H466: FACEBOOK | I466: WA120287359TH | J466: สมชาย ฤกษ์เสือ | K466: 923126239 | L466: 224 หมู่ 15 ( ร้านก๋วยเตี๋ยวหมูตุ๋น) บ้านคายนอก แม่นาวาง แม่อาย เชียงใหม่ 50280 | N466: 1.23 | O466: 270 | P466: 4.05 | Q466: 0.2835 | R466: 0 | S466: 23 | T466: 27.33
A467: 466 | B467: 244687 | C467: suckjakkure@hotmail.com | D467: 642427575 | E467: วรรณวนัชเบเกอรี่ | F467: ปณ | G467: 2 | H467: FACEBOOK | I467: WA120290769TH | J467: สุภาพรรณ แซ่อึ้ง | K467: 829182621 | L467: 129/80 ม.5 ถ.แพรกษา แพรกษา เมืองสมุทรปราการ สมุทรปราการ 10280 | N467: 1.214 | O467: 270 | P467: 4.05 | Q467: 0.2835 | R467: 0 | S467: 23 | T467: 27.33
A468: 467 | B468: 244687 | C468: suckjakkure@hotmail.com | D468: 642427575 | E468: วรรณวนัชเบเกอรี่ | F468: ปณ | G468: 2 | H468: FACEBOOK | I468: WB215768545TH | J468: อรพรรณ ภูมิณรงค์ | K468: 909715909 | L468: 27 เจริญกรุง 36 บางรัก บางรัก กรุงเทพ 10500 | N468: 1.036 | O468: 0 | P468: 0 | Q468: 0 | R468: 0 | S468: 23 | T468: 23
... A475: 474 | B475: 244687 | C475: suckjakkure@hotmail.com | D475: 642427575 | E475: วรรณวนัชเบเกอรี่ | F475: ปณ | G475: 2 | H475: FACEBOOK | I475: WA120287376TH | J475: ชูเกียรติ รัตนเสรีเกียรติ | K475: 816483139 | L475: 2007/132 ( หอพักรัตน) ซอยประชาสงเคราะห์ 38 ( ตลาดเกียรติทงชัย) ถนนประชาสงเคราะห์ รัชดาภิเษก ดินแดง กรุงเทพ 10400 | N475: 0.99 | O475: 220 | P475: 3.3 | Q475: 0.231 | R475: 0 | S475: 17 | T475: 20.53
A476: 475 | B476: 13/4/2569 | C476: suckjakkure@hotmail.com | D476: 642427575 | E476: วรรณวนัชเบเกอรี่ | F476: เอกชน | G476: 2 | H476: FACEBOOK | I476: TH05018KMH7F8E | J476: Soontaree Pongnusont | K476: 863516152 | L476: 10/6 หมู่ 1 พระนครศรีอยุธยา ท่าวาสุกรี พระนครศรีอยุธยา Thailand | N476: 1.21 | O476: 31×️45×️17 | P476: 270 | Q476: 5.4 | R476: 0.38 | S476: 27 | T476: 32.78
A477: 476 | B477: 13/4/2569 | C477: suckjakkure@hotmail.com | D477: 642427575 | E477: วรรณวนัชเบเกอรี่ | F477: เอกชน | G477: 2 | H477: FACEBOOK | I477: TH72058KM3QG8D | J477: เชอร์รีอินทรสุวรรณ | K477: 809722422 | L477: ส่งทีออฟฟิบังแดง. 396. ม.2. ละงู ปากน้ำ สตูล Thailand | N477: 1.21 | O477: 25×️25×️17 | P477: 270 | Q477: 5.4 | R477: 0.38 | S477: 27 | T477: 32.78
A478: 477 | B478: 13/4/2569 | C478: suckjakkure@hotmail.com | D478: 642427575 | E478: วรรณวนัชเบเกอรี่ | F478: เอกชน | G478: 2 | H478: FACEBOOK | I478: TH19048KMH7G4G | J478: วิรัช บุญนำศิริกิจ | K478: 816453363 | L478: 119 ม.1 ดอนสำราญ บางสะพาน แม่รำพึง ประจวบคีรีขันธ์ Thailand | N478: 1.21 | O478: 31×️45×️17 | P478: 0 | Q478: 0 | R478: 0 | S478: 27 | T478: 27
A479: 478 | B479: 13/4/2569 | C479: suckjakkure@hotmail.com | D479: 642427575 | E479: วรรณวนัชเบเกอรี่ | F479: เอกชน | G479: 2 | H479: FACEBOOK | I479: TH12048KM3QH1I | J479: รัชฎา เกษสถิต | K479: 991591914 | L479: 29/5 หมู่ 10 บ้านโป่ง นครชุมน์ ราชบุรี Thailand | N479: 1.21 | O479: 25×️25×️17 | P479: 220 | Q479: 4.4 | R479: 0.31 | S479: 27 | T479: 31.71
A480: 479 | B480: 13/4/2569 | C480: suckjakkure@hotmail.com | D480: 642427575 | E480: วรรณวนัชเบเกอรี่ | F480: เอกชน | G480: 2 | H480: FACEBOOK | I480: TH41048KMH7E9E | J480: ภัทราภรณ์เทพ | K480: 956674482 | L480: เทศบาล บ้านเลขที่ 49 หมู่ 20 บ้านหวายคำ กันทรวิชัย นาสีนวน มหาสารคาม Thailand | N480: 1.21 | O480: 31×️45×️17 | P480: 270 | Q480: 5.4 | R480: 0.38 | S480: 27 | T480: 32.78
A481: 480 | B481: 13/4/2569 | C481: suckjakkure@hotmail.com | D481: 642427575 | E481: วรรณวนัชเบเกอรี่ | F481: เอกชน | G481: 2 | H481: FACEBOOK | I481: TH20048KM3QM5D | J481: เอกชัย ใจคง | K481: 620605573 | L481: 88/1 หมุ่ 2 บางละมุง โป่ง ชลบุรี Thailand | N481: 1.13 | O481: 25×️20×️16 | P481: 270 | Q481: 5.4 | R481: 0.38 | S481: 27 | T481: 32.78
A482: 481 | B482: 13/4/2569 | C482: suckjakkure@hotmail.com | D482: 642427575 | E482: วรรณวนัชเบเกอรี่ | F482: เอกชน | G482: 2 | H482: FACEBOOK | I482: TH16018KMH7F4A1 | J482: นาวี บุญฤทธิ์ | K482: 818473678 | L482: 937/28 ถ.เศรฐกิจ 1 เมืองสมุทรสาคร มหาชัย สมุทรสาคร Thailand | N482: 1.21 | O482: 31×️45×️17 | P482: 300 | Q482: 6 | R482: 0.42 | S482: 27 | T482: 33.42
A483: 482 | B483: 13/4/2569 | C483: suckjakkure@hotmail.com | D483: 642427575 | E483: วรรณวนัชเบเกอรี่ | F483: เอกชน | G483: 2 | H483: FACEBOOK | I483: TH02048KM3QF7H | J483: พิมปพัชร์ เจาะล้ำลึก | K483: 951419546 | L483: 12/4 หมู่ 4 ถนนเพชรหึงษ์ ซอยเพชหึงษ์ 17 พระประแดง บางยอ สมุทรปราการ Thailand | N483: 1.21 | O483: 25×️25×️17 | P483: 270 | Q483: 5.4 | R483: 0.38 | S483: 25 | T483: 30.78
A484: 483 | B484: 13/4/2569 | C484: suckjakkure@hotmail.com | D484: 642427575 | E484: วรรณวนัชเบเกอรี่ | F484: เอกชน | G484: 2 | H484: FACEBOOK | I484: TH54018KM3QH2G | J484: พรทิพา | K484: 835645300 | L484: 524/2 ม.11 บ้านป่ากล้วยเหนือ ซ.5 เมืองเชียงราย สันทราย เชียงราย Thailand | N484: 1.21 | O484: 25×️25×️17 | P484: 270 | Q484: 5.4 | R484: 0.38 | S484: 27 | T484: 32.78
A485: 484 | B485: 13/4/2569 | C485: suckjakkure@hotmail.com | D485: 642427575 | E485: วรรณวนัชเบเกอรี่ | F485: เอกชน | G485: 2 | H485: FACEBOOK | I485: TH75018KM3QK2J | J485: ไพวรรณ แก้วทอง | K485: 862860641 | L485: 5/164 หมู่ ที่ 1 ถนนเจริญประดิษฐ์ เมืองปัตตานี รูสะมิแล ปัตตานี Thailand | N485: 1.21 | O485: 25×️25×️17 | P485: 270 | Q485: 5.4 | R485: 0.38 | S485: 77 | T485: 82.78
A486: 485 | B486: 13/4/2569 | C486: suckjakkure@hotmail.com | D486: 642427575 | E486: วรรณวนัชเบเกอรี่ | F486: เอกชน | G486: 2 | H486: FACEBOOK | I486: TH05168KM3QM0C | J486: อ้อยใจอริยพฤกษ์ | K486: 863918491 | L486: 17/1 ม 1 บ้านแพรก สำพะเนียง พระนครศรีอยุธยา Thailand | N486: 1.21 | O486: 25×️25×️17 | P486: 270 | Q486: 5.4 | R486: 0.38 | S486: 27 | T486: 32.78
A487: 486 | B487: 13/4/2569 | C487: suckjakkure@hotmail.com | D487: 642427575 | E487: วรรณวนัชเบเกอรี่ | F487: เอกชน | G487: 2 | H487: FACEBOOK | I487: TH21018KMH7E3N | J487: เดชา บำรุงหิรัญ | K487: 988592054 | L487: สถานีกำจัดมูลฝอย บ้านเนินพยอม เมืองระยอง มาบตาพุด ระยอง Thailand | N487: 1.81 | O487: 31×️45×️21 | P487: 270 | Q487: 5.4 | R487: 0.38 | S487: 27 | T487: 32.78
... A548: 547 | B548: 16/4/2569 | C548: suckjakkure@hotmail.com | D548: 642427575 | E548: วรรณวนัชเบเกอรี่ | F548: เอกชน | G548: 2 | H548: FACEBOOK | I548: TH01408KS78V1B2 | J548: ศจีมาศ พรหมเวช | K548: 891841147 | L548: 70 ถนนโชคชัย 4 ซอย56 ลาดพร้าว ลาดพร้าว กรุงเทพ Thailand | N548: 1.2 | O548: 43×️27×️20 | P548: 0 | Q548: 0 | R548: 0 | S548: 25 | T548: 25
A549: 548 | B549: 18/4/2569 | C549: suckjakkure@hotmail.com | D549: 642427575 | E549: วรรณวนัชเบเกอรี่ | F549: ปณ | G549: 2 | H549: FACEBOOK | I549: WA120995216TH | J549: ปริญญา มาลากุล | K549: 917542141 | L549: 222/80 ม.7 คลองสวนพลู พระนครศรีอยุธยา พระนครศรีอยุธยา 13000 | N549: 1.056 | O549: 220 | P549: 3.3 | Q549: 0.231 | R549: 0 | S549: 23 | T549: 26.53
A550: 549 | B550: 18/4/2569 | C550: suckjakkure@hotmail.com | D550: 642427575 | E550: วรรณวนัชเบเกอรี่ | F550: ปณ | G550: 2 | H550: FACEBOOK | I550: WA120995247TH | J550: นิภาพร | K550: 659370879 | L550: 9/11 หมู 13 ห้วยยาง ทับสะแก ประจวบคีรีขันธ์ 77130 | N550: 1.454 | O550: 270 | P550: 4.05 | Q550: 0.2835 | R550: 0 | S550: 23 | T550: 27.33
A551: 550 | B551: 18/4/2569 | C551: suckjakkure@hotmail.com | D551: 642427575 | E551: วรรณวนัชเบเกอรี่ | F551: ปณ | G551: 2 | H551: FACEBOOK | I551: WB216098215TH | J551: บริษัท เร็นโทคิล อินนิเชียล จำกัด | K551: 22908500 | L551: 160 ถนนวิภาวดีรังสิต รัชดาภิเษก ดินแดง กรุงเทพ 10400 | N551: 0.012 | O551: 0 | P551: 0 | Q551: 0 | R551: 0 | S551: 17 | T551: 17
A552: 551 | B552: 18/4/2569 | C552: suckjakkure@hotmail.com | D552: 642427575 | E552: วรรณวนัชเบเกอรี่ | F552: ปณ | G552: 2 | H552: FACEBOOK | I552: WB216098246TH | J552: ชญาภา | K552: 971913999 | L552: บริษัทเอส พี เอส ทรัพย์ไพศาล มอเตอร์ เซอร์วิส จำกัด 1078/18-19 ม.4 ท่าม่วง ท่าม่วง กาญจนบุรี 71110 | N552: 0.012 | O552: 0 | P552: 0 | Q552: 0 | R552: 0 | S552: 17 | T552: 17
A553: 552 | B553: 18/4/2569 | C553: suckjakkure@hotmail.com | D553: 642427575 | E553: วรรณวนัชเบเกอรี่ | F553: ปณ | G553: 2 | H553: FACEBOOK | I553: WA120995176TH | J553: รัตนา คำวงษ์ | K553: 949634871 | L553: 54 หมู่ 4 หนองเขียด ชุมแพ ขอนแก่น 40290 | N553: 1.462 | O553: 270 | P553: 4.05 | Q553: 0.2835 | R553: 0 | S553: 23 | T553: 27.33
A554: 553 | B554: 18/4/2569 | C554: suckjakkure@hotmail.com | D554: 642427575 | E554: วรรณวนัชเบเกอรี่ | F554: ปณ | G554: 2 | H554: FACEBOOK | I554: WA120995264TH | J554: คุณ ณวรัฎ อติรัตนา | K554: 832264959 | L554: สำนักงานป้องกันควบคุมโรคที่ 5 จังหวัด ราชบุรี หน้าเมือง เมืองราชบุรี ราชบุรี 70000 | N554: 1.308 | O554: 215 | P554: 3.225 | Q554: 0.2258 | R554: 0 | S554: 23 | T554: 26.45
A555: 554 | B555: 18/4/2569 | C555: suckjakkure@hotmail.com | D555: 642427575 | E555: วรรณวนัชเบเกอรี่ | F555: ปณ | G555: 2 | H555: FACEBOOK | I555: WB216034104TH | J555: นางสาว กานต์สิรี ครบุรี | K555: 819236824 | L555: 167/1 ซอยทหารบก ซอย2 พระปฐมเจดีย์ เมืองนครปฐม นครปฐม 73000 | N555: 1.428 | O555: 0 | P555: 0 | Q555: 0 | R555: 0 | S555: 23 | T555: 23
A556: 555 | B556: 18/4/2569 | C556: suckjakkure@hotmail.com | D556: 642427575 | E556: วรรณวนัชเบเกอรี่ | F556: ปณ | G556: 2 | H556: FACEBOOK | I556: WB216098189TH | J556: บริษัท ทูท็อป กรุ๊ป จำกัด | K556: 854996691 | L556: 59/394 ซ.บรมราชชนนี 101 ถ.บรมราชชนนี ศาลาธรรมสพน์ ทวีวัฒนา กรุงเทพ 10170 | N556: 0.012 | O556: 0 | P556: 0 | Q556: 0 | R556: 0 | S556: 17 | T556: 17
A557: 556 | B557: 18/4/2569 | C557: suckjakkure@hotmail.com | D557: 642427575 | E557: วรรณวนัชเบเกอรี่ | F557: ปณ | G557: 2 | H557: FACEBOOK | I557: WB216098250TH | J557: บริษัท เทสท์ เทค จำกัด สนญ | K557: 289342111 | L557: 30, 32 ซอยพระรามที่ 2 ซอย63 ถ.พระราม 2 แสมดำ บางขุนเทียน กรุงเทพ 10150 | N557: 0.012 | O557: 0 | P557: 0 | Q557: 0 | R557: 0 | S557: 17 | T557: 17
A558: 557 | B558: 18/4/2569 | C558: suckjakkure@hotmail.com | D558: 642427575 | E558: วรรณวนัชเบเกอรี่ | F558: ปณ | G558: 2 | H558: FACEBOOK | I558: WA120995159TH | J558: นาย จอง หวังฟังกลาง | K558: 815961594 | L558: บ้านไผ่ 14 หมู่ 8 กลางใหญ่ เขื่องใน อุบลราชธานี 34320 | N558: 1.454 | O558: 270 | P558: 4.05 | Q558: 0.2835 | R558: 0 | S558: 23 | T558: 27.33
A559: 558 | B559: 18/4/2569 | C559: suckjakkure@hotmail.com | D559: 642427575 | E559: วรรณวนัชเบเกอรี่ | F559: ปณ | G559: 2 | H559: FACEBOOK | I559: WA120995233TH | J559: คุณ อำนาจ กรุณามงคล | K559: 818190016 | L559: 50/33 หมู่ 6 เสาธงหิน บางใหญ่ นนทบุรี 11140 | N559: 1.914 | O559: 330 | P559: 4.95 | Q559: 0.3465 | R559: 0 | S559: 23 | T559: 28.3
A560: 559 | B560: 18/4/2569 | C560: suckjakkure@hotmail.com | D560: 642427575 | E560: วรรณวนัชเบเกอรี่ | F560: ปณ | G560: 2 | H560: FACEBOOK | I560: WA120995278TH | J560: นวรัตน์ นาขวัญ | K560: 899926363 | L560: 99 หมู่ 10 ภณารัตน์ปางริมกรณ์ แม่กรณ์ เมืองเชียงราย เชียงราย 57000 | N560: 1.442 | O560: 270 | P560: 4.05 | Q560: 0.2835 | R560: 0 | S560: 23 | T560: 27.33
... A881: 880 | B881: 30/4/2569 | C881: suckjakkure@hotmail.com | D881: 642427575 | E881: วรรณวนัชเบเกอรี่ | F881: ปณ | G881: 2 | H881: FACEBOOK | I881: WB217249557TH | J881: อารีรัตน์. สบายวรรณ์ | K881: 892385311 | L881: 14 หมู่ 7 บ้านแค ผักไห่ พระนครศรีอยุธยา 13120 | N881: 1.036 | O881: 0 | P881: 0 | Q881: 0 | R881: 0 | S881: 23 | T881: 23
A882: 881
A883: 882
A884: 883
A885: 884
A886: 885
A887: 886
A888: 887
A889: 888
A890: 889
A891: 890
A892: 891
A893: 892
... A969: 968

Sheet รวมส่ง เม.ย.
A1: วันที่ส่ง | B1: Email | C1: Tel | D1: ขนส่ง | E1: จำนวนพัสดุที่มี COD(ชิ้น) | F1: จำนวนที่ส่ง(ชิ้น) | G1: รวมยอด COD | H1: รวมยอด COD Fee 2% | I1: รวมค่า COD Fee VAT 7% | J1: รวมค่าพื้นที่เกาะ | K1: รวมค่าขนส่ง | L1: Total Charge
A2: 244440 | B2: suckjakkure@hotmail.com | C2: 642427575 | D2: ปณ | E2: 31 | F2: 41 | G2: 6284 | H2: 94.26 | I2: 6.6 | J2: 20 | K2: 806 | L2: 906.86
A3: 244441 | B3: suckjakkure@hotmail.com | C3: 642427575 | D3: ปณ | E3: 72 | F3: 98 | G3: 15644 | H3: 234.66 | I3: 16.43 | J3: 60 | K3: 2396 | L3: 2647.09
A4: 244442 | B4: suckjakkure@hotmail.com | C4: 642427575 | D4: ปณ | E4: 38 | F4: 48 | G4: 6946 | H4: 104.19 | I4: 7.29 | J4: 0 | K4: 916 | L4: 1027.48
A5: 244443 | B5: suckjakkure@hotmail.com | C5: 642427575 | D5: ปณ | E5: 27 | F5: 38 | G5: 5401 | H5: 81.02 | I5: 5.67 | J5: 0 | K5: 791 | L5: 877.69
A6: 244444 | B6: suckjakkure@hotmail.com | C6: 642427575 | D6: ปณ | E6: 23 | F6: 26 | G6: 3620 | H6: 54.3 | I6: 3.8 | J6: 20 | K6: 480 | L6: 538.1
A7: 244445 | B7: suckjakkure@hotmail.com | C7: 642427575 | D7: ปณ | E7: 18 | F7: 27 | G7: 3797 | H7: 56.96 | I7: 3.99 | J7: 40 | K7: 905 | L7: 965.95
A8: 244446 | B8: ไม่มียอดเก็บ COD
A9: 244447 | B9: suckjakkure@hotmail.com | C9: 642427575 | D9: ปณ | E9: 29 | F9: 35 | G9: 5779 | H9: 86.69 | I9: 6.07 | J9: 80 | K9: 747 | L9: 839.76
A10: 244448 | B10: suckjakkure@hotmail.com | C10: 642427575 | D10: ปณ | E10: 30 | F10: 45 | G10: 7396 | H10: 110.94 | I10: 7.77 | J10: 80 | K10: 1163 | L10: 1281.71
A11: 244449 | B11: suckjakkure@hotmail.com | C11: 642427575 | D11: ปณ | E11: 35 | F11: 46 | G11: 9870 | H11: 148.05 | I11: 10.36 | J11: 0 | K11: 1385 | L11: 1543.41
A12: 244450 | B12: suckjakkure@hotmail.com | C12: 642427575 | D12: ปณ | E12: 13 | F12: 19 | G12: 4307 | H12: 64.61 | I12: 4.52 | J12: 40 | K12: 516 | L12: 585.13
A13: 244451 | B13: suckjakkure@hotmail.com | C13: 642427575 | D13: เอกชน | E13: 27 | F13: 32 | G13: 8260 | H13: 165.2 | I13: 11.56 | J13: - | K13: 1986 | L13: 2162.76
A14: 244451 | B14: suckjakkure@hotmail.com | C14: 642427575 | D14: ปณ | E14: 11 | F14: 19 | G14: 2930 | H14: 43.95 | I14: 3.08 | J14: 0 | K14: 425 | L14: 472.03
A15: 244452 | B15: suckjakkure@hotmail.com | C15: 642427575 | D15: เอกชน | E15: 23 | F15: 28 | G15: 6090 | H15: 121.8 | I15: 8.53 | J15: - | K15: 872 | L15: 1002.33
A16: 244453 | B16: suckjakkure@hotmail.com | C16: 642427575 | D16: เอกชน | E16: 8 | F16: 10 | G16: 3505 | H16: 70.1 | I16: 4.91 | J16: - | K16: 570 | L16: 645.01
A17: 244454 | B17: suckjakkure@hotmail.com | C17: 642427575 | D17: เอกชน | E17: 13 | F17: 19 | G17: 3785 | H17: 75.7 | I17: 5.3 | J17: - | K17: 643 | L17: 724
A18: 244455 | B18: suckjakkure@hotmail.com | C18: 642427575 | D18: เอกชน | E18: 7 | F18: 16 | G18: 1745 | H18: 34.9 | I18: 2.44 | J18: - | K18: 614 | L18: 651.34
A19: 244456 | B19: ไม่มียอดเก็บ COD
A20: 244457 | B20: suckjakkure@hotmail.com | C20: 642427575 | D20: ปณ | E20: 18 | F20: 30 | G20: 5275 | H20: 79.13 | I20: 5.54 | J20: 20 | K20: 724 | L20: 808.67
A21: 244458 | B21: suckjakkure@hotmail.com | C21: 642427575 | D21: ปณ | E21: 5 | F21: 6 | G21: 1260 | H21: 18.9 | I21: 1.32 | J21: 0 | K21: 149 | L21: 169.22
A22: 244459 | B22: suckjakkure@hotmail.com | C22: 642427575 | D22: ปณ | E22: 5 | F22: 7 | G22: 1520 | H22: 22.8 | I22: 1.6 | J22: 0 | K22: 172 | L22: 196.4
A23: 244460 | B23: ไม่มียอดเก็บ COD
A24: 244461 | B24: suckjakkure@hotmail.com | C24: 642427575 | D24: ปณ | E24: 21 | F24: 38 | G24: 5400 | H24: 81 | I24: 5.67 | J24: 0 | K24: 789 | L24: 875.67
A25: 244462 | B25: suckjakkure@hotmail.com | C25: 642427575 | D25: ปณ | E25: 5 | F25: 15 | G25: 1470 | H25: 22.05 | I25: 1.54 | J25: 0 | K25: 506 | L25: 529.59
A26: 244463 | B26: suckjakkure@hotmail.com | C26: 642427575 | D26: ปณ | E26: 15 | F26: 45 | G26: 4130 | H26: 61.95 | I26: 4.34 | J26: 40 | K26: 1120 | L26: 1186.29
A27: 244464 | B27: suckjakkure@hotmail.com | C27: 642427575 | D27: ปณ | E27: 8 | F27: 25 | G27: 1945 | H27: 29.18 | I27: 2.04 | J27: 0 | K27: 548 | L27: 579.22
A28: 244465 | B28: suckjakkure@hotmail.com | C28: 642427575 | D28: ปณ | E28: 15 | F28: 20 | G28: 3955 | H28: 59.33 | I28: 4.15 | J28: 20 | K28: 500 | L28: 563.48
A29: 244466 | B29: suckjakkure@hotmail.com | C29: 642427575 | D29: ปณ | E29: 19 | F29: 20 | G29: 3895 | H29: 58.43 | I29: 4.09 | J29: 20 | K29: 432 | L29: 494.52
A30: 244467 | B30: ไม่มียอดเก็บ COD
A31: 244468 | B31: suckjakkure@hotmail.com | C31: 642427575 | D31: ปณ | E31: 35 | F31: 54 | G31: 8210 | H31: 123.15 | I31: 8.62 | J31: 40 | K31: 1253 | L31: 1384.77
A32: 244469 | B32: suckjakkure@hotmail.com | C32: 642427575 | D32: ปณ | E32: 52 | F32: 73 | G32: 11900 | H32: 178.5 | I32: 12.5 | J32: 0 | K32: 1616 | L32: 1807
A33: ยอดรวม | E33: =SUM(E2:E32) -> 603 | F33: =SUM(F2:F32) -> 880 | G33: =SUM(G2:G32) -> 144319 | H33: =SUM(H2:H32) -> 2281.75 | I33: =SUM(I2:I32) -> 159.73 | J33: =SUM(J2:J32) -> 480 | K33: =SUM(K2:K32) -> 23024 | L33: =SUM(L2:L32) -> 25465.48

Sheet รายการส่งของ พ.ค.
A1: ลำดับ | B1: วันที่ส่ง | C1: Email | D1: Tel | E1: Team Name | F1: ขนส่ง | G1: Team Percent COD Fee | H1: Page | I1: Tracking No. | J1: Consignee | K1: Phone number | L1: Address | M1: Item type | N1: Weight（kg) | O1: Demensions | P1: COD Amount | Q1: Total COD Fee | R1: COD VAT 7% | S1: Freight | T1: Total Charge
A2: 1 | B2: 244354 | C2: suckjakkure@hotmail.com | D2: 642427575 | E2: วรรณวนัชเบเกอรี่ | F2: ปณ | G2: 2 | H2: FACEBOOK | I2: WA124478291TH | J2: นภาดา บุญเกษมวัฒนะ | K2: 973096965 | L2: 6/196 Whizdom punnawithi station ซ.สุขุมวิท 64 แยก 4 บางจาก พระโขนง กรุงเทพ 10260 | N2: 1.272 | O2: 215 | P2: 3.225 | Q2: 0.2258 | R2: 0 | S2: 23 | T2: 26.45
A3: 2 | B3: 244354 | C3: suckjakkure@hotmail.com | D3: 642427575 | E3: วรรณวนัชเบเกอรี่ | F3: ปณ | G3: 2 | H3: FACEBOOK | I3: WA124478314TH | J3: พิมพ์มาดา ประสมพืช | K3: 656143343 | L3: 42 หมู่ 4 โนนเมือง นากลาง หนองบัวลำภู 39170 | N3: 0.82 | O3: 200 | P3: 3 | Q3: 0.21 | R3: 0 | S3: 17 | T3: 20.21
A4: 3 | B4: 244354 | C4: suckjakkure@hotmail.com | D4: 642427575 | E4: วรรณวนัชเบเกอรี่ | F4: ปณ | G4: 2 | H4: FACEBOOK | I4: WA124478328TH | J4: พีระยาภรณ์ บริบูรณ์ | K4: 819646665 | L4: 84//1 ม.8 บางละมุง บางละมุง ชลบุรี 20150 | N4: 1.13 | O4: 220 | P4: 3.3 | Q4: 0.231 | R4: 0 | S4: 23 | T4: 26.53
A5: 4 | B5: 244354 | C5: suckjakkure@hotmail.com | D5: 642427575 | E5: วรรณวนัชเบเกอรี่ | F5: ปณ | G5: 2 | H5: FACEBOOK | I5: WA124478331TH | J5: วนิดา รุจิรวณิช | K5: 892009853 | L5: 77 ถนนพัฒนาการ ซอย61 ประเวศ ประเวศ กรุงเทพ 10250 | N5: 1.138 | O5: 220 | P5: 3.3 | Q5: 0.231 | R5: 0 | S5: 23 | T5: 26.53
A6: 5 | B6: 244354 | C6: suckjakkure@hotmail.com | D6: 642427575 | E6: วรรณวนัชเบเกอรี่ | F6: ปณ | G6: 2 | H6: FACEBOOK | I6: WA124478345TH | J6: pratumsre Pratoomsri | K6: 819345416 | L6: 137 ถนนพุทธมณฑลสาย 2 ซอย10 ซอยเทพประทาน แยก แีกซ้ายมือ บางแคเหนือ บางแค กรุงเทพ 10160 | N6: 0.436 | O6: 100 | P6: 1.5 | Q6: 0.105 | R6: 0 | S6: 17 | T6: 18.61
A7: 6 | B7: 244354 | C7: suckjakkure@hotmail.com | D7: 642427575 | E7: วรรณวนัชเบเกอรี่ | F7: ปณ | G7: 2 | H7: FACEBOOK | I7: WA124478359TH | J7: นาย ชู สิมสุวรรณ | K7: 637304831 | L7: 72 ม.10 นากระแซง เดชอุดม อุบลราชธานี 34160 | N7: 1.298 | O7: 215 | P7: 3.225 | Q7: 0.2258 | R7: 0 | S7: 23 | T7: 26.45
A8: 7 | B8: 244354 | C8: suckjakkure@hotmail.com | D8: 642427575 | E8: วรรณวนัชเบเกอรี่ | F8: ปณ | G8: 2 | H8: FACEBOOK | I8: WA124478362TH | J8: สมควรอินมาลัย | K8: 867972867 | L8: 32/6. ม 6 นครชุม เมืองกำแพงเพชร กำแพงเพชร 62000 | N8: 1.282 | O8: 215 | P8: 3.225 | Q8: 0.2258 | R8: 0 | S8: 23 | T8: 26.45
A9: 8 | B9: 244354 | C9: suckjakkure@hotmail.com | D9: 642427575 | E9: วรรณวนัชเบเกอรี่ | F9: ปณ | G9: 2 | H9: FACEBOOK | I9: WA124478376TH | J9: สุรีย์ บัณฑะวงค์ | K9: 891214828 | L9: 23/102 ซอยเจ๊แดง เขาใหญ่ ชะอำ เพชรบุรี 76120 | N9: 0.446 | O9: 100 | P9: 1.5 | Q9: 0.105 | R9: 0 | S9: 17 | T9: 18.61
A10: 9 | B10: 244354 | C10: suckjakkure@hotmail.com | D10: 642427575 | E10: วรรณวนัชเบเกอรี่ | F10: ปณ | G10: 2 | H10: FACEBOOK | I10: WA124478380TH | J10: อุทุมพร โกศล | K10: 866282525 | L10: 64/10 งามวงศ์วาน 47 แยก 34 ทุ่งสองห้อง หลักสี่ กรุงเทพ 10210 | N10: 1.094 | O10: 220 | P10: 3.3 | Q10: 0.231 | R10: 0 | S10: 23 | T10: 26.53
A11: 10 | B11: 244354 | C11: suckjakkure@hotmail.com | D11: 642427575 | E11: วรรณวนัชเบเกอรี่ | F11: ปณ | G11: 2 | H11: FACEBOOK | I11: WA124478393TH | J11: นิลวดี สวัสดี | K11: 810029108 | L11: 27/7 หมู่ 10 ซอย24 ถนนพัทยาใต้ หนองปรือ บางละมุง ชลบุรี 20150 | N11: 1.11 | O11: 220 | P11: 3.3 | Q11: 0.231 | R11: 0 | S11: 23 | T11: 26.53
A12: 11 | B12: 244354 | C12: suckjakkure@hotmail.com | D12: 642427575 | E12: วรรณวนัชเบเกอรี่ | F12: ปณ | G12: 2 | H12: FACEBOOK | I12: WA124478402TH | J12: Ta Ta Ta Ta | K12: 979781754 | L12: 49 หมู่ 4 บ้านโคกคอน โคกคอน ท่าบ่อ หนองคาย 43110 | N12: 1.138 | O12: 220 | P12: 3.3 | Q12: 0.231 | R12: 0 | S12: 23 | T12: 26.53
A13: 12 | B13: 244354 | C13: suckjakkure@hotmail.com | D13: 642427575 | E13: วรรณวนัชเบเกอรี่ | F13: ปณ | G13: 2 | H13: FACEBOOK | I13: WA124478416TH | J13: นส.ฐานิต จิตจรัสแสง | K13: 869838915 | L13: 10/97 หมู่ 6 หมู่ บ้านสินธานี 1 ถนนนวมินทร์ ซอย93 นวมินทร์ บึงกุ่ม กรุงเทพ 10240 | N13: 1.272 | O13: 270 | P13: 4.05 | Q13: 0.2835 | R13: 0 | S13: 23 | T13: 27.33
... A306: 305 | B306: 244658 | C306: suckjakkure@hotmail.com | D306: 642427575 | E306: วรรณวนัชเบเกอรี่ | F306: ปณ | G306: 2 | H306: FACEBOOK | I306: WB251092770TH | J306: บุญฤทธิ์ | K306: 865002868 | L306: 205/1 ถนนกำแพงเพชร 6 ชุมชนสตีเหล็ก ดอนเมือง ดอนเมือง กรุงเทพ 10210 | N306: 1.258 | O306: 0 | P306: 0 | Q306: 0 | R306: 0 | S306: 23 | T306: 23
A307: 306 | B307: 13/5/2569 | C307: suckjakkure@hotmail.com | D307: 642427575 | E307: วรรณวนัชเบเกอรี่ | F307: ปณ | G307: 2 | H307: FACEBOOK | I307: WA137123527TH | J307: ชูเกียรติ รัตนเสรีเกียรติ | K307: 816483139 | L307: 2007/132 ( หอพักรัตน) ซอยประชาสงเคราะห์ 38 ( ตลาดเกียรติทงชัย) ถนนประชาสงเคราะห์ รัชดาภิเษก ดินแดง กรุงเทพ 10400 | N307: 1.834 | O307: 330 | P307: 4.95 | Q307: 0.3465 | R307: 0 | S307: 23 | T307: 28.3
A308: 307 | B308: 13/5/2569 | C308: suckjakkure@hotmail.com | D308: 642427575 | E308: วรรณวนัชเบเกอรี่ | F308: ปณ | G308: 2 | H308: FACEBOOK | I308: WA137123558TH | J308: ลักษมณ มั่นคง | K308: 613977384 | L308: 50 โพธิ์แก้ว 3 แยก 6/1 คลองจั่น บางกะปิ กรุงเทพ 10240 | N308: 1.1 | O308: 220 | P308: 3.3 | Q308: 0.231 | R308: 0 | S308: 23 | T308: 26.53
A309: 308 | B309: 13/5/2569 | C309: suckjakkure@hotmail.com | D309: 642427575 | E309: วรรณวนัชเบเกอรี่ | F309: ปณ | G309: 2 | H309: FACEBOOK | I309: WA137123561TH | J309: บุญส่ง-ทาฟู | K309: 809626102 | L309: 11 หมู่ . 4 แม่ตื่น อมก๋อย เชียงใหม่ 50310 | N309: 1.972 | O309: 330 | P309: 4.95 | Q309: 0.3465 | R309: 20 | S309: 43 | T309: 48.3
A310: 309 | B310: 13/5/2569 | C310: suckjakkure@hotmail.com | D310: 642427575 | E310: วรรณวนัชเบเกอรี่ | F310: ปณ | G310: 2 | H310: FACEBOOK | I310: WA137123575TH | J310: คุณ สมใจ ไทยธุระไพศาล | K310: 818348279 | L310: ร้านฐิติพานิช 1201/15-16 ถนนราชการรถไฟ เมืองเหนือ เมืองศรีสะเกษ ศรีสะเกษ 33000 | N310: 1.292 | O310: 215 | P310: 3.225 | Q310: 0.2258 | R310: 0 | S310: 23 | T310: 26.45
A311: 310 | B311: 13/5/2569 | C311: suckjakkure@hotmail.com | D311: 642427575 | E311: วรรณวนัชเบเกอรี่ | F311: ปณ | G311: 2 | H311: FACEBOOK | I311: WA137123589TH | J311: นางสาวปาลินี บุญส่ง | K311: 810104767 | L311: เทศบาล ตำบล มหาราช เลขที่ 999 หัวไผ่ มหาราช พระนครศรีอยุธยา 13150 | N311: 1.28 | O311: 215 | P311: 3.225 | Q311: 0.2258 | R311: 0 | S311: 23 | T311: 26.45
A312: 311 | B312: 13/5/2569 | C312: suckjakkure@hotmail.com | D312: 642427575 | E312: วรรณวนัชเบเกอรี่ | F312: ปณ | G312: 2 | H312: FACEBOOK | I312: WA137123601TH | J312: รุ่งเรือง แก้วดวงดี | K312: 892676308 | L312: 286 หมู่ 9 บ้านพร้าว นครไทย พิษณุโลก 65120 | N312: 0.85 | O312: 179 | P312: 2.685 | Q312: 0.188 | R312: 0 | S312: 17 | T312: 19.87
A313: 312 | B313: 13/5/2569 | C313: suckjakkure@hotmail.com | D313: 642427575 | E313: วรรณวนัชเบเกอรี่ | F313: ปณ | G313: 2 | H313: FACEBOOK | I313: WA137123632TH | J313: คุณ จอม | K313: 815584722 | L313: 95/118 ถ.วิภาวดีรังสิต ตลาดบางเขน หลักสี่ กรุงเทพ 10210 | N313: 0.87 | O313: 199 | P313: 2.985 | Q313: 0.209 | R313: 0 | S313: 17 | T313: 20.19
A314: 313 | B314: 13/5/2569 | C314: suckjakkure@hotmail.com | D314: 642427575 | E314: วรรณวนัชเบเกอรี่ | F314: ปณ | G314: 2 | H314: FACEBOOK | I314: WA137123646TH | J314: จุฑามณี เชี่ยวชาญ | K314: 939718775 | L314: 234 ม.1 แม่ท้อ เมืองตาก ตาก 63000 | N314: 0.886 | O314: 179 | P314: 2.685 | Q314: 0.188 | R314: 0 | S314: 17 | T314: 19.87
A315: 314 | B315: 13/5/2569 | C315: suckjakkure@hotmail.com | D315: 642427575 | E315: วรรณวนัชเบเกอรี่ | F315: ปณ | G315: 2 | H315: FACEBOOK | I315: WA137123650TH | J315: คุณ ขวัญจิตร เบญจโลหนันท์ | K315: 858807025 | L315: 1/3 ซ.พระบารมี 2 ถ.พระบารมี ป่าตอง กะทู้ ภูเก็ต 83150 | N315: 0.866 | O315: 199 | P315: 2.985 | Q315: 0.209 | R315: 20 | S315: 37 | T315: 40.19
A316: 315 | B316: 13/5/2569 | C316: suckjakkure@hotmail.com | D316: 642427575 | E316: วรรณวนัชเบเกอรี่ | F316: ปณ | G316: 2 | H316: FACEBOOK | I316: WA137123685TH | J316: มีนา,ครุฑหอม | K316: 624081428 | L316: มบการเคหะ 126/981 ปากเกร็ด ปากเกร็ด นนทบุรี 11120 | N316: 0.844 | O316: 199 | P316: 2.985 | Q316: 0.209 | R316: 0 | S316: 17 | T316: 20.19
A317: 316 | B317: 13/5/2569 | C317: suckjakkure@hotmail.com | D317: 642427575 | E317: วรรณวนัชเบเกอรี่ | F317: ปณ | G317: 2 | H317: FACEBOOK | I317: WA137123703TH | J317: คุณ ศรีสมร ศิริปัญจนะ | K317: 833051499 | L317: เลขที่ 22 หมู่ 2 โรงเรียนปัญจวิทย์ สำโรงใต้ พระประแดง สมุทรปราการ 10130 | N317: 0.862 | O317: 199 | P317: 2.985 | Q317: 0.209 | R317: 0 | S317: 17 | T317: 20.19
A318: 317 | B318: 13/5/2569 | C318: suckjakkure@hotmail.com | D318: 642427575 | E318: วรรณวนัชเบเกอรี่ | F318: ปณ | G318: 2 | H318: FACEBOOK | I318: WA137123717TH | J318: เกศวลี-ธัญญโกเศศสุข | K318: 646508284 | L318: 257/44 ถ.เดิมบาง ซ.7 มหาชัย เมืองสมุทรสาคร สมุทรสาคร 74000 | N318: 0.864 | O318: 199 | P318: 2.985 | Q318: 0.209 | R318: 0 | S318: 17 | T318: 20.19
... A759: 758 | B759: 30/5/2569 | C759: suckjakkure@hotmail.com | D759: 642427575 | E759: วรรณวนัชเบเกอรี่ | F759: ปณ | G759: 2 | H759: FACEBOOK | I759: WB253115116TH | J759: คุณ Chanakarn | K759: 22353146 | L759: บริษัทซี. เจ เอ็กซ์เพรส กรุ๊ป จำกัด 393 อาคาร 393 สีลม ชั้น 2, 4 และ ถนนสีลม สีลม บางรัก กรุงเทพ 10500 | N759: 0.036 | O759: 0 | P759: 0 | Q759: 0 | R759: 0 | S759: 17 | T759: 17
A760: 759
A761: 760
A762: 761
A763: 762
A764: 763
A765: 764
A766: 765
A767: 766
A768: 767
A769: 768
A770: 769
A771: 770
... A965: 964

Sheet รวมส่ง พ.ค.
A1: วันที่ส่ง | B1: Email | C1: Tel | D1: ขนส่ง | E1: จำนวนพัสดุที่มี COD(ชิ้น) | F1: จำนวนที่ส่ง(ชิ้น) | G1: รวมยอด COD | H1: รวมยอด COD Fee 2% | I1: รวมค่า COD Fee VAT 7% | J1: รวมค่าพื้นที่เกาะ | K1: รวมค่าขนส่ง | L1: Total Charge
A2: 244354 | B2: suckjakkure@hotmail.com | C2: 642427575 | D2: ปณ | E2: 18 | F2: 23 | G2: 3650 | H2: 54.75 | I2: 3.83 | J2: 0 | K2: 535 | L2: 593.58
A3: 244385 | B3: suckjakkure@hotmail.com | C3: 642427575 | D3: ปณ | E3: 20 | F3: 43 | G3: 4285 | H3: 64.28 | I3: 4.5 | J3: 20 | K3: 870 | L3: 938.78
A4: 244413 | B4: suckjakkure@hotmail.com | C4: 642427575 | D4: ปณ | E4: 9 | F4: 16 | G4: 2140 | H4: 32.1 | I4: 2.25 | J4: 20 | K4: 384 | L4: 418.35
A5: 244444 | B5: suckjakkure@hotmail.com | C5: 642427575 | D5: ปณ | E5: 8 | F5: 17 | G5: 2115 | H5: 31.73 | I5: 2.22 | J5: 0 | K5: 383 | L5: 416.95
A6: 244474 | B6: ไม่มียอดเก็บ COD
A7: 244505 | B7: suckjakkure@hotmail.com | C7: 642427575 | D7: ปณ | E7: 17 | F7: 55 | G7: 4040 | H7: 60.6 | I7: 4.24 | J7: 0 | K7: 1138 | L7: 1202.84
A8: 244535 | B8: suckjakkure@hotmail.com | C8: 642427575 | D8: ปณ | E8: 40 | F8: 50 | G8: 9064 | H8: 135.96 | I8: 9.52 | J8: 20 | K8: 1094 | L8: 1239.48
A9: 244566 | B9: suckjakkure@hotmail.com | C9: 642427575 | D9: ปณ | E9: 13 | F9: 24 | G9: 3208 | H9: 48.12 | I9: 3.37 | J9: 0 | K9: 552 | L9: 603.49
A10: 244597 | B10: suckjakkure@hotmail.com | C10: 642427575 | D10: ปณ | E10: 41 | F10: 51 | G10: 8261 | H10: 123.92 | I10: 8.67 | J10: 40 | K10: 1099 | L10: 1231.59
A11: 244627 | B11: suckjakkure@hotmail.com | C11: 642427575 | D11: ปณ | E11: 2 | F11: 7 | G11: 398 | H11: 5.97 | I11: 0.42 | J11: 0 | K11: 125 | L11: 131.39
A12: 244658 | B12: suckjakkure@hotmail.com | C12: 642427575 | D12: ปณ | E12: 15 | F12: 19 | G12: 2485 | H12: 37.28 | I12: 2.61 | J12: 0 | K12: 377 | L12: 416.89
A13: 244688 | B13: ไม่มียอดเก็บ COD
A14: 13/5/2569 | B14: suckjakkure@hotmail.com | C14: 642427575 | D14: ปณ | E14: 34 | F14: 43 | G14: 7530 | H14: 112.95 | I14: 7.91 | J14: 60 | K14: 971 | L14: 1091.86
A15: 14/5/2569 | B15: suckjakkure@hotmail.com | C15: 642427575 | D15: ปณ | E15: 23 | F15: 34 | G15: 4654 | H15: 69.81 | I15: 4.89 | J15: 20 | K15: 765 | L15: 839.7
A16: 15/5/2569 | B16: suckjakkure@hotmail.com | C16: 642427575 | D16: ปณ | E16: 21 | F16: 28 | G16: 5089 | H16: 76.34 | I16: 5.34 | J16: 0 | K16: 712 | L16: 793.68
A17: 16/5/2569 | B17: suckjakkure@hotmail.com | C17: 642427575 | D17: ปณ | E17: 23 | F17: 34 | G17: 5034 | H17: 75.51 | I17: 5.29 | J17: 40 | K17: 799 | L17: 879.8
A18: 17/5/2569 | B18: suckjakkure@hotmail.com | C18: 642427575 | D18: ปณ | E18: 29 | F18: 45 | G18: 8455 | H18: 126.83 | I18: 8.88 | J18: 20 | K18: 1024 | L18: 1159.71
A19: 18/5/2569 | B19: suckjakkure@hotmail.com | C19: 642427575 | D19: ปณ | E19: 16 | F19: 21 | G19: 3941 | H19: 59.12 | I19: 4.14 | J19: 0 | K19: 440 | L19: 503.26
A20: 19/5/2569 | B20: ไม่มียอดเก็บ COD
A21: 20/5/2569 | B21: suckjakkure@hotmail.com | C21: 642427575 | D21: ปณ | E21: 20 | F21: 25 | G21: 5040 | H21: 75.6 | I21: 5.29 | J21: 40 | K21: 618 | L21: 698.89
A22: 21/5/2569 | B22: suckjakkure@hotmail.com | C22: 642427575 | D22: ปณ | E22: 6 | F22: 11 | G22: 1456 | H22: 21.84 | I22: 1.53 | J22: 0 | K22: 205 | L22: 228.37
A23: 22/5/2569 | B23: suckjakkure@hotmail.com | C23: 642427575 | D23: ปณ | E23: 49 | F23: 58 | G23: 10901 | H23: 163.52 | I23: 11.45 | J23: 20 | K23: 1227 | L23: 1401.97
A24: 23/5/2569 | B24: suckjakkure@hotmail.com | C24: 642427575 | D24: ปณ | E24: 11 | F24: 25 | G24: 2777 | H24: 41.66 | I24: 2.92 | J24: 20 | K24: 532 | L24: 576.58
A25: 24/5/2569 | B25: suckjakkure@hotmail.com | C25: 642427575 | D25: ปณ | E25: 14 | F25: 19 | G25: 3360 | H25: 50.4 | I25: 3.53 | J25: 0 | K25: 389 | L25: 442.93
A26: 25/5/2569 | B26: suckjakkure@hotmail.com | C26: 642427575 | D26: ปณ | E26: 13 | F26: 25 | G26: 3429 | H26: 51.44 | I26: 3.6 | J26: 40 | K26: 728 | L26: 783.04
A27: 26/5/2569 | B27: ไม่มียอดเก็บ COD
A28: 27/5/2569 | B28: suckjakkure@hotmail.com | C28: 642427575 | D28: ปณ | E28: 31 | F28: 37 | G28: 7563 | H28: 113.45 | I28: 7.94 | J28: 0 | K28: 806 | L28: 927.39
A29: 28/5/2569 | B29: suckjakkure@hotmail.com | C29: 642427575 | D29: ปณ | E29: 9 | F29: 12 | G29: 1956 | H29: 29.34 | I29: 2.05 | J29: 0 | K29: 255 | L29: 286.39
A30: 29/5/2569 | B30: suckjakkure@hotmail.com | C30: 642427575 | D30: ปณ | E30: 18 | F30: 28 | G30: 4083 | H30: 61.25 | I30: 4.29 | J30: 0 | K30: 666 | L30: 731.54
A31: 30/5/2569 | B31: suckjakkure@hotmail.com | C31: 642427575 | D31: ปณ | E31: 5 | F31: 8 | G31: 1339 | H31: 20.09 | I31: 1.41 | J31: 0 | K31: 183 | L31: 204.5
A34: ยอดรวม | E34: =SUM(E2:E33) -> 505 | F34: =SUM(F2:F33) -> 758 | G34: =SUM(G2:G33) -> 116253 | H34: =SUM(H2:H33) -> 1743.86 | I34: =SUM(I2:I33) -> 122.09 | J34: =SUM(J2:J33) -> 360 | K34: =SUM(K2:K33) -> 16877 | L34: =SUM(L2:L33) -> 18742.95

Sheet รายการส่งของ มิ.ย.
A1: ลำดับ | B1: วันที่ส่ง | C1: Email | D1: Tel | E1: Team Name | F1: ขนส่ง | G1: Team Percent COD Fee | H1: Page | I1: Tracking No. | J1: Consignee | K1: Phone number | L1: Address | M1: Item type | N1: Weight（kg) | O1: Demensions | P1: COD Amount | Q1: Total COD Fee | R1: COD VAT 7% | S1: Freight | T1: Total Charge
A2: 1 | B2: 244355 | C2: suckjakkure@hotmail.com | D2: 642427575 | E2: วรรณวนัชเบเกอรี่ | F2: ปณ | G2: 2 | H2: FACEBOOK | I2: WA142304663TH | J2: หนุ่ม คลังเคอรี่บ่อนไก่ | K2: 942840705 | L2: 31/7 ม.6 บ่อผุด เกาะสมุย สุราษฎร์ธานี 84320 | N2: 0.976 | O2: 199 | P2: 2.985 | Q2: 0.209 | R2: 20 | S2: 37 | T2: 40.19
A3: 2 | B3: 244355 | C3: suckjakkure@hotmail.com | D3: 642427575 | E3: วรรณวนัชเบเกอรี่ | F3: ปณ | G3: 2 | H3: FACEBOOK | I3: WA142304677TH | J3: นงลักษณ์ เลี้ยงเชื้อ | K3: 944507308 | L3: หอพักหญิง ม.เจ้าพระยา 13/1 ม.6 หนองกรด เมืองนครสวรรค์ นครสวรรค์ 60240 | N3: 1.006 | O3: 199 | P3: 2.985 | Q3: 0.209 | R3: 0 | S3: 23 | T3: 26.19
A4: 3 | B4: 244355 | C4: suckjakkure@hotmail.com | D4: 642427575 | E4: วรรณวนัชเบเกอรี่ | F4: ปณ | G4: 2 | H4: FACEBOOK | I4: WA142304694TH | J4: เพลินจิต | K4: 988245446 | L4: 79/2 ม.4 ซึ้ง ขลุง จันทบุรี 22110 | N4: 1.296 | O4: 215 | P4: 3.225 | Q4: 0.2258 | R4: 0 | S4: 23 | T4: 26.45
A5: 4 | B5: 244355 | C5: suckjakkure@hotmail.com | D5: 642427575 | E5: วรรณวนัชเบเกอรี่ | F5: ปณ | G5: 2 | H5: FACEBOOK | I5: WB253341280TH | J5: คุณปัทมา | K5: 21465959 | L5: บม จ. บิ๊กซีซูเปอร์เซ็นเตอร์ ( สำนักงานใหญ่) ( ฝ่ายบัญชี อาคาร เบอร์ ลี่ยุคเกอร์ ( B) ชั้น 6) 88/9 ซอยสมานฉันท์-บาร์โบส พระโขนง คลองเตย กรุงเทพ 10110 | N5: 0.024 | O5: 0 | P5: 0 | Q5: 0 | R5: 0 | S5: 17 | T5: 17
A6: 5 | B6: 244355 | C6: suckjakkure@hotmail.com | D6: 642427575 | E6: วรรณวนัชเบเกอรี่ | F6: ปณ | G6: 2 | H6: FACEBOOK | I6: WB253341293TH | J6: คุณเจนนี่ | K6: 926728038 | L6: บริษัทซี. เ จ. เอ็กซ์เพรส กรุ๊ป จำกัด 393 อาคาร 393 สีลม ชั้น 2, 4 และ 5 ถนนสีลม สีลม บางรัก กรุงเทพ 10500 | N6: 0.032 | O6: 0 | P6: 0 | Q6: 0 | R6: 0 | S6: 17 | T6: 17
A7: 6 | B7: 244355 | C7: suckjakkure@hotmail.com | D7: 642427575 | E7: วรรณวนัชเบเกอรี่ | F7: ปณ | G7: 2 | H7: FACEBOOK | I7: WA142304615TH | J7: ร.อ. หญิง นิรชา สัตยารักษ์ | K7: 811358848 | L7: 302/44 ม.7 เขาพระงาม เมืองลพบุรี ลพบุรี 15160 | N7: 1.468 | O7: 350 | P7: 5.25 | Q7: 0.3675 | R7: 0 | S7: 23 | T7: 28.62
A8: 7 | B8: 244355 | C8: suckjakkure@hotmail.com | D8: 642427575 | E8: วรรณวนัชเบเกอรี่ | F8: ปณ | G8: 2 | H8: FACEBOOK | I8: WA142304629TH | J8: กัณกมล เรืองกิจ | K8: 802833433 | L8: 1/4 ซอยเพิ่มสิน 2 คลองถนน สายไหม กรุงเทพ 10220 | N8: 1.292 | O8: 215 | P8: 3.225 | Q8: 0.2258 | R8: 0 | S8: 23 | T8: 26.45
A9: 8 | B9: 244355 | C9: suckjakkure@hotmail.com | D9: 642427575 | E9: วรรณวนัชเบเกอรี่ | F9: ปณ | G9: 2 | H9: FACEBOOK | I9: WA142304632TH | J9: บุญจิรา ไกรวิทย์ | K9: 948204293 | L9: 199/164 ม.จินดารมณ์ 3 ปลวกแดง ปลวกแดง ระยอง 21140 | N9: 0.966 | O9: 199 | P9: 2.985 | Q9: 0.209 | R9: 0 | S9: 17 | T9: 20.19
A10: 9 | B10: 244355 | C10: suckjakkure@hotmail.com | D10: 642427575 | E10: วรรณวนัชเบเกอรี่ | F10: ปณ | G10: 2 | H10: FACEBOOK | I10: WA142304646TH | J10: คุณ แม่บุญเรือน ปานประเสริฐ | K10: 814382610 | L10: 42/4 วัดประดู่ อัมพวา สมุทรสงคราม 75110 | N10: 1.118 | O10: 270 | P10: 4.05 | Q10: 0.2835 | R10: 0 | S10: 23 | T10: 27.33
A11: 10 | B11: 244355 | C11: suckjakkure@hotmail.com | D11: 642427575 | E11: วรรณวนัชเบเกอรี่ | F11: ปณ | G11: 2 | H11: FACEBOOK | I11: WA142304650TH | J11: มานิดา อัศวางกูร | K11: 846464205 | L11: 3 ตรอกข้าวสาร ถนนพาดสาย สัมพันธวงศ์ สัมพันธวงศ์ กรุงเทพ 10100 | N11: 0.992 | O11: 199 | P11: 2.985 | Q11: 0.209 | R11: 0 | S11: 17 | T11: 20.19
A12: 11 | B12: 244355 | C12: suckjakkure@hotmail.com | D12: 642427575 | E12: วรรณวนัชเบเกอรี่ | F12: ปณ | G12: 2 | H12: FACEBOOK | I12: WA142304685TH | J12: Baan thai living | K12: 961265281 | L12: 414 ซ.สุขุมวิท 50 ถ.สุขุมวิท พระโขนง คลองเตย กรุงเทพ 10260 | N12: 1.028 | O12: 199 | P12: 2.985 | Q12: 0.209 | R12: 0 | S12: 23 | T12: 26.19
A13: 12 | B13: 244355 | C13: suckjakkure@hotmail.com | D13: 642427575 | E13: วรรณวนัชเบเกอรี่ | F13: ปณ | G13: 2 | H13: FACEBOOK | I13: WA142304703TH | J13: นพมาศ ทองวิบูลย์ | K13: 972355695 | L13: 3/56 ม.สวนราชา ถ.กรุงเทพกรีฑา 7 แยก 4 หัวหมาก บางกะปิ กรุงเทพ 10240 | N13: 0.988 | O13: 199 | P13: 2.985 | Q13: 0.209 | R13: 0 | S13: 17 | T13: 20.19
... A216: 215 | B216: 244689 | C216: suckjakkure@hotmail.com | D216: 642427575 | E216: วรรณวนัชเบเกอรี่ | F216: ปณ | G216: 2 | H216: FACEBOOK | I216: WB254464254TH | J216: สมพิศ น้ำกลั่น | K216: 852255186 | L216: 56/104 หมู่ บ้านร่มฟ้า ซอย7 หมู่ 5 สนามจันทร์ เมืองนครปฐม นครปฐม 73000 | N216: 1.108 | O216: 0 | P216: 0 | Q216: 0 | R216: 0 | S216: 23 | T216: 23
A217: 216 | B217: 13/6/2569 | C217: suckjakkure@hotmail.com | D217: 642427575 | E217: วรรณวนัชเบเกอรี่ | F217: ปณ | G217: 2 | H217: FACEBOOK | I217: WA145538089TH | J217: ภูมิสิทธิ์กางเทา | K217: 833510114 | L217: 96/4 ถนนเจริญสุข เมืองพล พล ขอนแก่น 40120 | N217: 0.984 | O217: 199 | P217: 2.985 | Q217: 0.209 | R217: 0 | S217: 17 | T217: 20.19
A218: 217 | B218: 13/6/2569 | C218: suckjakkure@hotmail.com | D218: 642427575 | E218: วรรณวนัชเบเกอรี่ | F218: ปณ | G218: 2 | H218: FACEBOOK | I218: WA145538092TH | J218: เบญจมาศ แสงเสริม | K218: 801089400 | L218: 13/1 ม.3 บ้านหว้า บางปะอิน พระนครศรีอยุธยา 13160 | N218: 1.29 | O218: 215 | P218: 3.225 | Q218: 0.2258 | R218: 0 | S218: 23 | T218: 26.45
A219: 218 | B219: 13/6/2569 | C219: suckjakkure@hotmail.com | D219: 642427575 | E219: วรรณวนัชเบเกอรี่ | F219: ปณ | G219: 2 | H219: FACEBOOK | I219: WA145538101TH | J219: พรภิมล วิริยะ | K219: 619353965 | L219: 191 ถนนราชดำเนิน 1 ร้านมือถือสี่ แยก วัดเสด็จ ในเมือง เมืองกำแพงเพชร กำแพงเพชร 62000 | N219: 1.294 | O219: 215 | P219: 3.225 | Q219: 0.2258 | R219: 0 | S219: 23 | T219: 26.45
A220: 219 | B220: 13/6/2569 | C220: suckjakkure@hotmail.com | D220: 642427575 | E220: วรรณวนัชเบเกอรี่ | F220: ปณ | G220: 2 | H220: FACEBOOK | I220: WA145538115TH | J220: นาย วิษณุ ศรีสวัสดิ์ | K220: 966562698 | L220: 65/3 ถ.สิทธิเดข กาฬสินธุ์ เมืองกาฬสินธุ์ กาฬสินธุ์ 46000 | N220: 1.288 | O220: 215 | P220: 3.225 | Q220: 0.2258 | R220: 0 | S220: 23 | T220: 26.45
A221: 220 | B221: 13/6/2569 | C221: suckjakkure@hotmail.com | D221: 642427575 | E221: วรรณวนัชเบเกอรี่ | F221: ปณ | G221: 2 | H221: FACEBOOK | I221: WA145538129TH | J221: คุณ วีรณัฏฐา เสฏฐสุนันท์ | K221: 990603210 | L221: 157/10 ม.1 บ่อผุด เกาะสมุย สุราษฎร์ธานี 84320 | N221: 1.284 | O221: 215 | P221: 3.225 | Q221: 0.2258 | R221: 20 | S221: 43 | T221: 46.45
A222: 221 | B222: 13/6/2569 | C222: suckjakkure@hotmail.com | D222: 642427575 | E222: วรรณวนัชเบเกอรี่ | F222: ปณ | G222: 2 | H222: FACEBOOK | I222: WA145538132TH | J222: กรรณิการ์ โญฐวรกุล | K222: 960800265 | L222: บ้านเลขที่ 497 หมู่ 7 ไทรโยค ไทรโยค กาญจนบุรี 71150 | N222: 1.304 | O222: 215 | P222: 3.225 | Q222: 0.2258 | R222: 0 | S222: 23 | T222: 26.45
A223: 222 | B223: 13/6/2569 | C223: suckjakkure@hotmail.com | D223: 642427575 | E223: วรรณวนัชเบเกอรี่ | F223: ปณ | G223: 2 | H223: FACEBOOK | I223: WA145538146TH | J223: พันวัสสา | K223: 971497992 | L223: 315 หมู่ 8 ร้านกาแฟสด บ้านโนนสวรรค์ ห้วยพิชัย ปากชม เลย 42150 | N223: 2.12 | O223: 440 | P223: 6.6 | Q223: 0.462 | R223: 0 | S223: 34 | T223: 41.06
A224: 223 | B224: 13/6/2569 | C224: suckjakkure@hotmail.com | D224: 642427575 | E224: วรรณวนัชเบเกอรี่ | F224: ปณ | G224: 2 | H224: FACEBOOK | I224: WA145538150TH | J224: กิตติ วิมไตรเมต | K224: 878079507 | L224: 62/42 บารานีพาร์ค ร่มเกล้า คลองสามประเวศ ลาดกระบัง กรุงเทพ 10520 | N224: 1.122 | O224: 220 | P224: 3.3 | Q224: 0.231 | R224: 0 | S224: 23 | T224: 26.53
A225: 224 | B225: 13/6/2569 | C225: suckjakkure@hotmail.com | D225: 642427575 | E225: วรรณวนัชเบเกอรี่ | F225: ปณ | G225: 2 | H225: FACEBOOK | I225: WA145538163TH | J225: วิไลวรรณ รอดชะพรหม | K225: 815687856 | L225: 430/54 หมู่ 7 แม่เหียะ เมืองเชียงใหม่ เชียงใหม่ 50100 | N225: 1.098 | O225: 220 | P225: 3.3 | Q225: 0.231 | R225: 0 | S225: 23 | T225: 26.53
A226: 225 | B226: 13/6/2569 | C226: suckjakkure@hotmail.com | D226: 642427575 | E226: วรรณวนัชเบเกอรี่ | F226: ปณ | G226: 2 | H226: FACEBOOK | I226: WA145538177TH | J226: ทองอยู่ ใยสำลี | K226: 899012622 | L226: สวนวิชาญพันธุ์ไม้ ม.12 โคกม่วง ภาชี พระนครศรีอยุธยา 13140 | N226: 0.946 | O226: 199 | P226: 2.985 | Q226: 0.209 | R226: 0 | S226: 17 | T226: 20.19
A227: 226 | B227: 13/6/2569 | C227: suckjakkure@hotmail.com | D227: 642427575 | E227: วรรณวนัชเบเกอรี่ | F227: ปณ | G227: 2 | H227: FACEBOOK | I227: WA145538185TH | J227: วันเพ็ญ อินทรัตน์ | K227: 801788570 | L227: สนามกีฬา 201 ม.6 คู้ยายหมี สนามชัยเขต ฉะเชิงเทรา 24160 | N227: 0.934 | O227: 199 | P227: 2.985 | Q227: 0.209 | R227: 0 | S227: 17 | T227: 20.19
A228: 227 | B228: 13/6/2569 | C228: suckjakkure@hotmail.com | D228: 642427575 | E228: วรรณวนัชเบเกอรี่ | F228: ปณ | G228: 2 | H228: FACEBOOK | I228: WA145538194TH | J228: สุรีย์ บัณฑะวงค์ | K228: 891214828 | L228: 23/102 ซอยเจ๊แดง เขาใหญ่ ชะอำ เพชรบุรี 76120 | N228: 0.496 | O228: 100 | P228: 1.5 | Q228: 0.105 | R228: 0 | S228: 17 | T228: 18.61
... A454: 453 | B454: 30/6/2569 | C454: suckjakkure@hotmail.com | D454: 642427575 | E454: วรรณวนัชเบเกอรี่ | F454: ปณ | G454: 2 | H454: FACEBOOK | I454: WA162030708TH | J454: เปิ้ล | K454: 956532755 | L454: 220 ซอยเพชรเกษม 53 บางแค บางแค กรุงเทพ 10160 | N454: 0.724 | O454: 260 | P454: 3.9 | Q454: 0.273 | R454: 0 | S454: 17 | T454: 21.17

Sheet รวมส่ง  มิ.ย.
A1: วันที่ส่ง | B1: Email | C1: Tel | D1: ขนส่ง | E1: จำนวนพัสดุที่มี COD(ชิ้น) | F1: จำนวนที่ส่ง(ชิ้น) | G1: รวมยอด COD | H1: รวมยอด COD Fee 2% | I1: รวมค่า COD Fee VAT 7% | J1: รวมค่าพื้นที่เกาะ | K1: รวมค่าขนส่ง | L1: Total Charge
A2: 244501 | B2: suckjakkure@hotmail.com | C2: 642427575 | D2: ปณ | E2: 10 | F2: 12 | G2: 2244 | H2: 33.66 | I2: 2.36 | J2: 20 | K2: 260 | L2: 296.02
A3: 244502 | B3: ไม่มียอดเก็บ COD
A4: 244503 | B4: ไม่มียอดเก็บ COD
A5: 244504 | B5: suckjakkure@hotmail.com | C5: 642427575 | D5: ปณ | E5: 24 | F5: 30 | G5: 4401 | H5: 66.02 | I5: 4.62 | J5: 20 | K5: 644 | L5: 714.64
A6: 244505 | B6: suckjakkure@hotmail.com | C6: 642427575 | D6: ปณ | E6: 11 | F6: 13 | G6: 2621 | H6: 39.32 | I6: 2.75 | J6: 0 | K6: 308 | L6: 350.07
A7: 244506 | B7: suckjakkure@hotmail.com | C7: 642427575 | D7: ปณ | E7: 25 | F7: 32 | G7: 5132 | H7: 76.98 | I7: 5.39 | J7: 40 | K7: 662 | L7: 744.37
A8: 244507 | B8: suckjakkure@hotmail.com | C8: 642427575 | D8: ปณ | E8: 35 | F8: 45 | G8: 6630 | H8: 99.45 | I8: 6.96 | J8: 40 | K8: 1130 | L8: 1236.41
A9: 244508 | B9: suckjakkure@hotmail.com | C9: 642427575 | D9: ปณ | E9: 6 | F9: 8 | G9: 1247 | H9: 18.71 | I9: 1.31 | J9: 0 | K9: 166 | L9: 186.02
A10: 244509 | B10: ไม่มียอดเก็บ COD
A11: 244510 | B11: suckjakkure@hotmail.com | C11: 642427575 | D11: ปณ | E11: 8 | F11: 9 | G11: 1458 | H11: 21.87 | I11: 1.53 | J11: 0 | K11: 171 | L11: 194.4
A12: 244511 | B12: suckjakkure@hotmail.com | C12: 642427575 | D12: ปณ | E12: 21 | F12: 41 | G12: 4432 | H12: 66.48 | I12: 4.65 | J12: 40 | K12: 809 | L12: 880.13
A13: 244512 | B13: suckjakkure@hotmail.com | C13: 642427575 | D13: ปณ | E13: 17 | F13: 25 | G13: 3129 | H13: 46.94 | I13: 3.29 | J13: 100 | K13: 549 | L13: 599.23
A14: 244513 | B14: suckjakkure@hotmail.com | C14: 642427575 | D14: ปณ | E14: 30 | F14: 38 | G14: 6381 | H14: 95.72 | I14: 6.7 | J14: 100 | K14: 865 | L14: 967.42
A15: 244514 | B15: ไม่มียอดเก็บ COD
A16: 244515 | B16: suckjakkure@hotmail.com | C16: 642427575 | D16: ปณ | E16: 5 | F16: 9 | G16: 913 | H16: 13.7 | I16: 0.96 | J16: 0 | K16: 165 | L16: 179.66
A17: 244516 | B17: ไม่มียอดเก็บ COD
A18: 244517 | B18: suckjakkure@hotmail.com | C18: 642427575 | D18: ปณ | E18: 33 | F18: 38 | G18: 6591 | H18: 98.87 | I18: 6.92 | J18: 0 | K18: 736 | L18: 841.79
A19: 244518 | B19: suckjakkure@hotmail.com | C19: 642427575 | D19: ปณ | E19: 17 | F19: 19 | G19: 3243 | H19: 48.65 | I19: 3.41 | J19: 20 | K19: 425 | L19: 477.06
A20: 244519 | B20: suckjakkure@hotmail.com | C20: 642427575 | D20: ปณ | E20: 17 | F20: 31 | G20: 4055 | H20: 60.83 | I20: 4.26 | J20: 40 | K20: 668 | L20: 733.09
A21: 244520 | B21: suckjakkure@hotmail.com | C21: 642427575 | D21: ปณ | E21: 4 | F21: 6 | G21: 614 | H21: 9.21 | I21: 0.64 | J21: 0 | K21: 131 | L21: 140.85
A22: 244521 | B22: suckjakkure@hotmail.com | C22: 642427575 | D22: ปณ | E22: 2 | F22: 2 | G22: 655 | H22: 9.83 | I22: 0.69 | J22: 0 | K22: 57 | L22: 67.52
A23: 244522 | B23: ไม่มียอดเก็บ COD
A24: 244523 | B24: suckjakkure@hotmail.com | C24: 642427575 | D24: ปณ | E24: 1 | F24: 4 | G24: 645 | H24: 9.68 | I24: 0.68 | J24: 0 | K24: 101 | L24: 111.36
A25: 244524 | B25: suckjakkure@hotmail.com | C25: 642427575 | D25: ปณ | E25: 29 | F25: 40 | G25: 6794 | H25: 101.91 | I25: 7.13 | J25: 0 | K25: 935 | L25: 1044.04
A26: 244525 | B26: suckjakkure@hotmail.com | C26: 642427575 | D26: ปณ | E26: 6 | F26: 11 | G26: 1257 | H26: 18.86 | I26: 1.32 | J26: 0 | K26: 217 | L26: 237.18
A27: 244526 | B27: suckjakkure@hotmail.com | C27: 642427575 | D27: ปณ | E27: 14 | F27: 16 | G27: 2842 | H27: 42.63 | I27: 2.98 | J27: 0 | K27: 343 | L27: 388.61
A28: 244527 | B28: suckjakkure@hotmail.com | C28: 642427575 | D28: ปณ | E28: 7 | F28: 8 | G28: 1446 | H28: 21.69 | I28: 1.52 | J28: 0 | K28: 154 | L28: 177.21
A29: 244528 | B29: suckjakkure@hotmail.com | C29: 642427575 | D29: ปณ | E29: 14 | F29: 15 | G29: 1699 | H29: 25.49 | I29: 1.78 | J29: 0 | K29: 267 | L29: 294.27
A30: 244529 | B30: ไม่มียอดเก็บ COD
A31: 244530 | B31: suckjakkure@hotmail.com | C31: 642427575 | D31: ปณ | E31: 1 | F31: 1 | G31: 260 | H31: 3.9 | I31: 0.27 | J31: 0 | K31: 17 | L31: 21.17
A32: ยอดรวม | E32: =SUM(E2:E31) -> 337 | F32: =SUM(F2:F31) -> 453 | G32: =SUM(G2:G31) -> 68689 | H32: =SUM(H2:H31) -> 1030.4 | I32: =SUM(I2:I31) -> 72.12 | J32: =SUM(J2:J31) -> 420 | K32: =SUM(K2:K31) -> 9780 | L32: =SUM(L2:L31) -> 10882.52

Sheet รายการส่งของ ก.ค.
A1: ลำดับ | B1: วันที่ส่ง | C1: Email | D1: Tel | E1: Team Name | F1: ขนส่ง | G1: Team Percent COD Fee | H1: Page | I1: Tracking No. | J1: Consignee | K1: Phone number | L1: Address | M1: Item type | N1: Weight（kg) | O1: Demensions | P1: COD Amount | Q1: Total COD Fee | R1: COD VAT 7% | S1: Freight | T1: Total Charge
A2: 1
A3: 2
A4: 3
A5: 4
A6: 5
A7: 6
A8: 7
A9: 8
A10: 9
A11: 10
A12: 11
A13: 12
... A430: 429

Sheet รวมส่ง  ก.ค.
A1: วันที่ส่ง | B1: Email | C1: Tel | D1: ขนส่ง | E1: จำนวนพัสดุที่มี COD(ชิ้น) | F1: จำนวนที่ส่ง(ชิ้น) | G1: รวมยอด COD | H1: รวมยอด COD Fee 2% | I1: รวมค่า COD Fee VAT 7% | J1: รวมค่าพื้นที่เกาะ | K1: รวมค่าขนส่ง | L1: Total Charge
A2: 244350
A3: 244350
A4: 244381
A5: 244409
A6: 244440
A7: 244470
A8: 244501
A9: 244531
A10: 244562
A11: 244593
A12: 244623
A13: 244654
A14: 244684
A15: 13/1/2569
A16: 14/1/2569
A17: 15/1/2569
A18: 16/1/2569
A19: 17/1/2569
A20: 18/1/2569
A21: 19/1/2569
A22: 20/1/2569
A23: 21/1/2569
A24: 22/1/2569
A25: 23/1/2569
A26: 24/1/2569
... A33: 31/1/2569
A34: ยอดรวม | E34: =SUM(E2:E33) -> 0 | F34: =SUM(F2:F33) -> 0 | G34: =SUM(G2:G33) -> 0 | H34: =SUM(H2:H33) -> 0 | I34: =SUM(I2:I33) -> 0 | J34: =SUM(J2:J33) -> 0 | K34: =SUM(K2:K33) -> 0 | L34: =SUM(L2:L33) -> 0

Sheet รายการส่งของ ส.ค.
A1: ลำดับ | B1: วันที่ส่ง | C1: Email | D1: Tel | E1: Team Name | F1: ขนส่ง | G1: Team Percent COD Fee | H1: Page | I1: Tracking No. | J1: Consignee | K1: Phone number | L1: Address | M1: Item type | N1: Weight（kg) | O1: Demensions | P1: COD Amount | Q1: Total COD Fee | R1: COD VAT 7% | S1: Freight | T1: Total Charge
A2: 1
A3: 2
A4: 3
A5: 4
A6: 5
A7: 6
A8: 7
A9: 8
A10: 9
A11: 10
A12: 11
A13: 12
... A430: 429

Sheet รวมส่ง  ส.ค.
A1: วันที่ส่ง | B1: Email | C1: Tel | D1: ขนส่ง | E1: จำนวนพัสดุที่มี COD(ชิ้น) | F1: จำนวนที่ส่ง(ชิ้น) | G1: รวมยอด COD | H1: รวมยอด COD Fee 2% | I1: รวมค่า COD Fee VAT 7% | J1: รวมค่าพื้นที่เกาะ | K1: รวมค่าขนส่ง | L1: Total Charge
A2: 244350
A3: 244350
A4: 244381
A5: 244409
A6: 244440
A7: 244470
A8: 244501
A9: 244531
A10: 244562
A11: 244593
A12: 244623
A13: 244654
A14: 244684
A15: 13/1/2569
A16: 14/1/2569
A17: 15/1/2569
A18: 16/1/2569
A19: 17/1/2569
A20: 18/1/2569
A21: 19/1/2569
A22: 20/1/2569
A23: 21/1/2569
A24: 22/1/2569
A25: 23/1/2569
A26: 24/1/2569
... A33: 31/1/2569
A34: ยอดรวม | E34: =SUM(E2:E33) -> 0 | F34: =SUM(F2:F33) -> 0 | G34: =SUM(G2:G33) -> 0 | H34: =SUM(H2:H33) -> 0 | I34: =SUM(I2:I33) -> 0 | J34: =SUM(J2:J33) -> 0 | K34: =SUM(K2:K33) -> 0 | L34: =SUM(L2:L33) -> 0

Sheet รายการส่งของ ก.ย.
A1: ลำดับ | B1: วันที่ส่ง | C1: Email | D1: Tel | E1: Team Name | F1: ขนส่ง | G1: Team Percent COD Fee | H1: Page | I1: Tracking No. | J1: Consignee | K1: Phone number | L1: Address | M1: Item type | N1: Weight（kg) | O1: Demensions | P1: COD Amount | Q1: Total COD Fee | R1: COD VAT 7% | S1: Freight | T1: Total Charge
A2: 1
A3: 2
A4: 3
A5: 4
A6: 5
A7: 6
A8: 7
A9: 8
A10: 9
A11: 10
A12: 11
A13: 12
... A430: 429

Sheet รวมส่ง  ก.ย.
A1: วันที่ส่ง | B1: Email | C1: Tel | D1: ขนส่ง | E1: จำนวนพัสดุที่มี COD(ชิ้น) | F1: จำนวนที่ส่ง(ชิ้น) | G1: รวมยอด COD | H1: รวมยอด COD Fee 2% | I1: รวมค่า COD Fee VAT 7% | J1: รวมค่าพื้นที่เกาะ | K1: รวมค่าขนส่ง | L1: Total Charge
A2: 244350
A3: 244350
A4: 244381
A5: 244409
A6: 244440
A7: 244470
A8: 244501
A9: 244531
A10: 244562
A11: 244593
A12: 244623
A13: 244654
A14: 244684
A15: 13/1/2569
A16: 14/1/2569
A17: 15/1/2569
A18: 16/1/2569
A19: 17/1/2569
A20: 18/1/2569
A21: 19/1/2569
A22: 20/1/2569
A23: 21/1/2569
A24: 22/1/2569
A25: 23/1/2569
A26: 24/1/2569
... A33: 31/1/2569
A34: ยอดรวม | E34: =SUM(E2:E33) -> 0 | F34: =SUM(F2:F33) -> 0 | G34: =SUM(G2:G33) -> 0 | H34: =SUM(H2:H33) -> 0 | I34: =SUM(I2:I33) -> 0 | J34: =SUM(J2:J33) -> 0 | K34: =SUM(K2:K33) -> 0 | L34: =SUM(L2:L33) -> 0

Sheet รายการส่งของ ต.ค.
A1: ลำดับ | B1: วันที่ส่ง | C1: Email | D1: Tel | E1: Team Name | F1: ขนส่ง | G1: Team Percent COD Fee | H1: Page | I1: Tracking No. | J1: Consignee | K1: Phone number | L1: Address | M1: Item type | N1: Weight（kg) | O1: Demensions | P1: COD Amount | Q1: Total COD Fee | R1: COD VAT 7% | S1: Freight | T1: Total Charge
A2: 1
A3: 2
A4: 3
A5: 4
A6: 5
A7: 6
A8: 7
A9: 8
A10: 9
A11: 10
A12: 11
A13: 12
... A430: 429

Sheet รวมส่ง  ต.ค.
A1: วันที่ส่ง | B1: Email | C1: Tel | D1: ขนส่ง | E1: จำนวนพัสดุที่มี COD(ชิ้น) | F1: จำนวนที่ส่ง(ชิ้น) | G1: รวมยอด COD | H1: รวมยอด COD Fee 2% | I1: รวมค่า COD Fee VAT 7% | J1: รวมค่าพื้นที่เกาะ | K1: รวมค่าขนส่ง | L1: Total Charge
A2: 244350
A3: 244350
A4: 244381
A5: 244409
A6: 244440
A7: 244470
A8: 244501
A9: 244531
A10: 244562
A11: 244593
A12: 244623
A13: 244654
A14: 244684
A15: 13/1/2569
A16: 14/1/2569
A17: 15/1/2569
A18: 16/1/2569
A19: 17/1/2569
A20: 18/1/2569
A21: 19/1/2569
A22: 20/1/2569
A23: 21/1/2569
A24: 22/1/2569
A25: 23/1/2569
A26: 24/1/2569
... A33: 31/1/2569
A34: ยอดรวม | E34: =SUM(E2:E33) -> 0 | F34: =SUM(F2:F33) -> 0 | G34: =SUM(G2:G33) -> 0 | H34: =SUM(H2:H33) -> 0 | I34: =SUM(I2:I33) -> 0 | J34: =SUM(J2:J33) -> 0 | K34: =SUM(K2:K33) -> 0 | L34: =SUM(L2:L33) -> 0

Sheet รายการส่งของ พ.ย.
A1: ลำดับ | B1: วันที่ส่ง | C1: Email | D1: Tel | E1: Team Name | F1: ขนส่ง | G1: Team Percent COD Fee | H1: Page | I1: Tracking No. | J1: Consignee | K1: Phone number | L1: Address | M1: Item type | N1: Weight（kg) | O1: Demensions | P1: COD Amount | Q1: Total COD Fee | R1: COD VAT 7% | S1: Freight | T1: Total Charge
A2: 1
A3: 2
A4: 3
A5: 4
A6: 5
A7: 6
A8: 7
A9: 8
A10: 9
A11: 10
A12: 11
A13: 12
... A430: 429

Sheet รวมส่ง  พ.ย.
A1: วันที่ส่ง | B1: Email | C1: Tel | D1: ขนส่ง | E1: จำนวนพัสดุที่มี COD(ชิ้น) | F1: จำนวนที่ส่ง(ชิ้น) | G1: รวมยอด COD | H1: รวมยอด COD Fee 2% | I1: รวมค่า COD Fee VAT 7% | J1: รวมค่าพื้นที่เกาะ | K1: รวมค่าขนส่ง | L1: Total Charge
A2: 244350
A3: 244350
A4: 244381
A5: 244409
A6: 244440
A7: 244470
A8: 244501
A9: 244531
A10: 244562
A11: 244593
A12: 244623
A13: 244654
A14: 244684
A15: 13/1/2569
A16: 14/1/2569
A17: 15/1/2569
A18: 16/1/2569
A19: 17/1/2569
A20: 18/1/2569
A21: 19/1/2569
A22: 20/1/2569
A23: 21/1/2569
A24: 22/1/2569
A25: 23/1/2569
A26: 24/1/2569
... A33: 31/1/2569
A34: ยอดรวม | E34: =SUM(E2:E33) -> 0 | F34: =SUM(F2:F33) -> 0 | G34: =SUM(G2:G33) -> 0 | H34: =SUM(H2:H33) -> 0 | I34: =SUM(I2:I33) -> 0 | J34: =SUM(J2:J33) -> 0 | K34: =SUM(K2:K33) -> 0 | L34: =SUM(L2:L33) -> 0

Sheet รายการส่งของ ธ.ค.
A1: ลำดับ | B1: วันที่ส่ง | C1: Email | D1: Tel | E1: Team Name | F1: ขนส่ง | G1: Team Percent COD Fee | H1: Page | I1: Tracking No. | J1: Consignee | K1: Phone number | L1: Address | M1: Item type | N1: Weight（kg) | O1: Demensions | P1: COD Amount | Q1: Total COD Fee | R1: COD VAT 7% | S1: Freight | T1: Total Charge
A2: 1
A3: 2
A4: 3
A5: 4
A6: 5
A7: 6
A8: 7
A9: 8
A10: 9
A11: 10
A12: 11
A13: 12
... A430: 429

Sheet รวมส่ง  ธ.ค.
A1: วันที่ส่ง | B1: Email | C1: Tel | D1: ขนส่ง | E1: จำนวนพัสดุที่มี COD(ชิ้น) | F1: จำนวนที่ส่ง(ชิ้น) | G1: รวมยอด COD | H1: รวมยอด COD Fee 2% | I1: รวมค่า COD Fee VAT 7% | J1: รวมค่าพื้นที่เกาะ | K1: รวมค่าขนส่ง | L1: Total Charge
A2: 244350
A3: 244350
A4: 244381
A5: 244409
A6: 244440
A7: 244470
A8: 244501
A9: 244531
A10: 244562
A11: 244593
A12: 244623
A13: 244654
A14: 244684
A15: 13/1/2569
A16: 14/1/2569
A17: 15/1/2569
A18: 16/1/2569
A19: 17/1/2569
A20: 18/1/2569
A21: 19/1/2569
A22: 20/1/2569
A23: 21/1/2569
A24: 22/1/2569
A25: 23/1/2569
A26: 24/1/2569
... A33: 31/1/2569
A34: ยอดรวม | E34: =SUM(E2:E33) -> 0 | F34: =SUM(F2:F33) -> 0 | G34: =SUM(G2:G33) -> 0 | H34: =SUM(H2:H33) -> 0 | I34: =SUM(I2:I33) -> 0 | J34: =SUM(J2:J33) -> 0 | K34: =SUM(K2:K33) -> 0 | L34: =SUM(L2:L33) -> 0
