Workbook

Sheet ม.ค. 69
A1: ข้อมูลเทียบกำไร - ขาดทุน ของบู๊ซ เดือน มกราคม 2569
A2: ลำดับ | B2: รหัส | C2: บูธ | D2: ยอดขาย | E2: ส่วนลด | F2: คงเหลือยอดขาย | G2: ค่าต้นทุนขนม | H2: คงเหลือกำไรหลังจากหักต้นทุน | I2: ค่าแรงพนักงานบู๊ช | J2: ค่าคอมพนักงานบู๊ซ | K2: ค่าคอม (พิเศษ)พนักงานบู๊ซ | L2: ค่าพนักงานรายเดือนที่เกี่ยวข้อง | M2: ค่าเช่า | N2: ค่าภาษีโรงเรือน | O2: ค่าน้ำประปา | P2: ค่าไฟ | Q2: ค่าธรรมเนียมโอนเงิน | R2: ค่าเน็ต | S2: ค่าโทรศัพท์ | T2: ค่าส่วนกลาง | U2: ค่าน้ำแข็ง | V2: ค่าขนมนอก | W2: ค่าป้าย | X2: ค่าขนส่งพนักงานรายเดือน | Y2: ค่าใช้จ่ายอื่น ๆ | Z2: คงเหลือกำไรหลังจากหักต้นทุน และ ค่าใช้จ่าย
A3: 1 | B3: 10204 | C3: คุณาวรรณ | D3: 200162 | E3: 39089 | F3: =+D3-E3 -> 161073 | G3: =+D3*0.5 -> 100081 | H3: =+F3-G3 -> 60992 | I3: =[1]รายชื่อพนักงานรายเดือน!G10 -> -12275.157 | J3: 2165 | K3: 600 | L3: =+[1]รายชื่อพนักงานรายเดือน!C9 -> 2413.8892 | M3: 5820 | N3: 0 | O3: 32 | P3: 4179.77 | Q3: 15 | R3: 0 | S3: 206.96 | T3: 0 | U3: 0 | V3: 0 | W3: 0 | X3: =+[1]รายชื่อพนักงานรายเดือน!K8 -> 230.76923 | Y3: 0 | Z3: =+H3-I3-J3-L3-M3-O3-P3-S3-T3-U3-V3-W3-X3-Y3-Q3-R3-K3-N3 -> 57603.768
A4: 2 | B4: 10205 | C4: หน้ามอ (ม.เกษตร) | D4: 175148 | E4: 20788 | F4: =+D4-E4 -> 154360 | G4: =+D4*0.5 -> 87574 | H4: =+F4-G4 -> 66786 | I4: =[1]รายชื่อพนักงานรายเดือน!G10 -> -12275.157 | J4: 2174.4 | K4: 500 | L4: =+[1]รายชื่อพนักงานรายเดือน!C9 -> 2413.8892 | M4: 0 | N4: 0 | O4: 40 | P4: 10591.28 | Q4: 0 | R4: 0 | S4: 206.96 | T4: 0 | U4: 100 | V4: 625 | W4: 0 | X4: =+[1]รายชื่อพนักงานรายเดือน!K8 -> 230.76923 | Y4: 336 | Z4: =+H4-I4-J4-L4-M4-O4-P4-S4-T4-U4-V4-W4-X4-Y4-Q4-R4-K4-N4 -> 61842.858
A5: 3 | B5: 10207 | C5: ลำพยา 3 (เก่า) | D5: 196750 | E5: 8765 | F5: =+D5-E5 -> 187985 | G5: =+D5*0.5 -> 98375 | H5: =+F5-G5 -> 89610 | I5: =[1]รายชื่อพนักงานรายเดือน!G10 -> -12275.157 | J5: 3519.4 | K5: 600 | L5: =+[1]รายชื่อพนักงานรายเดือน!C9 -> 2413.8892 | M5: 8100 | N5: 351 | O5: 0 | P5: 2915 | Q5: 0 | R5: 0 | S5: 206.96 | T5: 0 | U5: 0 | V5: 0 | W5: 0 | X5: =+[1]รายชื่อพนักงานรายเดือน!K8 -> 230.76923 | Y5: 0 | Z5: =+H5-I5-J5-L5-M5-O5-P5-S5-T5-U5-V5-W5-X5-Y5-Q5-R5-K5-N5 -> 83548.138
C6: รวม | D6: =SUM(D3:D5) -> 572060 | E6: =SUM(E3:E5) -> 68642 | F6: =SUM(F3:F5) -> 503418 | G6: =SUM(G3:G5) -> 286030 | H6: =SUM(H3:H5) -> 217388 | I6: =SUM(I3:I5) -> -36825.47 | J6: =SUM(J3:J5) -> 7858.8 | K6: =SUM(K3:K5) -> 1700 | ... Z6: =SUM(Z3:Z5) -> 202994.76 | AA6: บาท
C7: กำไร | D7: =+Z6 -> 202994.76 | I7: ยังไมได้ยอดพนักงานบูธ
C8: คิดเป็น % | D8: =+D7/D6 -> 0.35484873

Sheet ก.พ. 69
A1: ข้อมูลเทียบกำไร - ขาดทุน ของบู๊ซ เดือน กุมภาพันธ์ 2569
A2: ลำดับ | B2: รหัส | C2: บูธ | D2: ยอดขาย | E2: ส่วนลด | F2: คงเหลือยอดขาย | G2: ค่าต้นทุนขนม | H2: คงเหลือกำไรหลังจากหักต้นทุน | I2: ค่าแรงพนักงานบู๊ช | J2: ค่าคอมพนักงานบู๊ซ | K2: ค่าคอม (พิเศษ)พนักงานบู๊ซ | L2: ค่าพนักงานรายเดือนที่เกี่ยวข้อง | M2: ค่าเช่า | N2: ค่าภาษีโรงเรือน | O2: ค่าน้ำประปา | P2: ค่าไฟ | Q2: ค่าธรรมเนียมโอนเงิน | R2: ค่าเน็ต | S2: ค่าโทรศัพท์ | T2: ค่าส่วนกลาง | U2: ค่าน้ำแข็ง | V2: ค่าขนมนอก | W2: ค่าป้าย | X2: ค่าขนส่งพนักงานรายเดือน | Y2: ค่าใช้จ่ายอื่น ๆ | Z2: คงเหลือกำไรหลังจากหักต้นทุน และ ค่าใช้จ่าย
A3: 2 | B3: 10204 | C3: คุณาวรรณ | D3: 61210 | E3: 15365 | F3: =+D3-E3 -> 45845 | G3: =+D3*0.5 -> 30605 | H3: =+F3-G3 -> 15240 | I3: =[2]รายชื่อพนักงานรายเดือน!G10 -> -5113.49 | J3: 0 | K3: 0 | L3: =+[2]รายชื่อพนักงานรายเดือน!C9 -> 1247.2225 | M3: 5820 | N3: 0 | O3: 48 | P3: 4392.52 | Q3: 0 | R3: 0 | S3: 206.96 | T3: 0 | U3: 0 | V3: 0 | W3: 0 | X3: =+[2]รายชื่อพนักงานรายเดือน!K8 -> 230.76923 | Y3: 482 | Z3: =+H3-I3-J3-L3-M3-O3-P3-S3-T3-U3-V3-W3-X3-Y3-Q3-R3-K3-N3 -> 7926.0183
A4: 3 | B4: 10205 | C4: หน้ามอ (ม.เกษตร) | D4: 83036 | E4: 10853 | F4: =+D4-E4 -> 72183 | G4: =+D4*0.5 -> 41518 | H4: =+F4-G4 -> 30665 | I4: =[2]รายชื่อพนักงานรายเดือน!G10 -> -5113.49 | J4: 0 | K4: 0 | L4: =+[2]รายชื่อพนักงานรายเดือน!C9 -> 1247.2225 | M4: 0 | N4: 0 | O4: 40 | P4: 10310.83 | Q4: 0 | R4: 0 | S4: 206.96 | T4: 0 | U4: 100 | V4: 1110 | W4: 0 | X4: =+[2]รายชื่อพนักงานรายเดือน!K8 -> 230.76923 | Y4: 48 | Z4: =+H4-I4-J4-L4-M4-O4-P4-S4-T4-U4-V4-W4-X4-Y4-Q4-R4-K4-N4 -> 22484.708
A5: 4 | B5: 10207 | C5: ลำพยา 3 (เก่า) | D5: 119540 | E5: 10195 | F5: =+D5-E5 -> 109345 | G5: =+D5*0.5 -> 59770 | H5: =+F5-G5 -> 49575 | I5: =[2]รายชื่อพนักงานรายเดือน!G10 -> -5113.49 | J5: 373.8 | K5: 0 | L5: =+[2]รายชื่อพนักงานรายเดือน!C9 -> 1247.2225 | M5: 8100 | N5: 351 | O5: 0 | P5: 2334 | Q5: 0 | R5: 0 | S5: 206.96 | T5: 0 | U5: 0 | V5: 0 | W5: 0 | X5: =+[2]รายชื่อพนักงานรายเดือน!K8 -> 230.76923 | Y5: 0 | Z5: =+H5-I5-J5-L5-M5-O5-P5-S5-T5-U5-V5-W5-X5-Y5-Q5-R5-K5-N5 -> 41844.738
C6: รวม | D6: =SUM(D3:D5) -> 263786 | E6: =SUM(E3:E5) -> 36413 | F6: =SUM(F3:F5) -> 227373 | G6: =SUM(G3:G5) -> 131893 | H6: =SUM(H3:H5) -> 95480 | I6: =SUM(I3:I5) -> -15340.47 | J6: =SUM(J3:J5) -> 373.8 | K6: =SUM(K3:K5) -> 0 | ... Z6: =SUM(Z3:Z5) -> 72255.465 | AA6: บาท
C7: กำไร | D7: =+Z6 -> 72255.465 | I7: ยังไมได้ยอดพนักงานบูธ
C8: คิดเป็น % | D8: =+D7/D6 -> 0.27391698

Sheet มี.ค. 69
A1: ข้อมูลเทียบกำไร - ขาดทุน ของบู๊ซ เดือน มีนาคม 2569
A2: ลำดับ | B2: รหัส | C2: บูธ | D2: ยอดขาย | E2: ส่วนลด | F2: คงเหลือยอดขาย | G2: ค่าต้นทุนขนม | H2: คงเหลือกำไรหลังจากหักต้นทุน | I2: ค่าแรงพนักงานบู๊ช | J2: ค่าคอมพนักงานบู๊ซ | K2: ค่าคอม (พิเศษ)พนักงานบู๊ซ | L2: ค่าพนักงานรายเดือนที่เกี่ยวข้อง | M2: ค่าเช่า | N2: ค่าภาษีโรงเรือน | O2: ค่าน้ำประปา | P2: ค่าไฟ | Q2: ค่าธรรมเนียมโอนเงิน | R2: ค่าเน็ต | S2: ค่าโทรศัพท์ | T2: ค่าส่วนกลาง | U2: ค่าน้ำแข็ง | V2: ค่าขนมนอก | W2: ค่าป้าย | X2: ค่าขนส่งพนักงานรายเดือน | Y2: ค่าใช้จ่ายอื่น ๆ | Z2: คงเหลือกำไรหลังจากหักต้นทุน และ ค่าใช้จ่าย
A3: 2 | B3: 10204 | C3: คุณาวรรณ | D3: 61455 | E3: 14214 | F3: =+D3-E3 -> 47241 | G3: =+D3*0.5 -> 30727.5 | H3: =+F3-G3 -> 16513.5 | I3: =[2]รายชื่อพนักงานรายเดือน!G10 -> -5113.49 | J3: 0 | K3: 0 | L3: =+[2]รายชื่อพนักงานรายเดือน!C9 -> 1247.2225 | M3: 5820 | N3: 0 | O3: 41 | P3: 4136.26 | Q3: 0 | R3: 0 | S3: 206.96 | T3: 0 | U3: 0 | V3: 0 | W3: 0 | X3: =+[2]รายชื่อพนักงานรายเดือน!K8 -> 230.76923 | Y3: =56+120 -> 176 | Z3: =+H3-I3-J3-L3-M3-O3-P3-S3-T3-U3-V3-W3-X3-Y3-Q3-R3-K3-N3 -> 9768.7783
A4: 3 | B4: 10205 | C4: หน้ามอ (ม.เกษตร) | D4: 95114 | E4: 12978 | F4: =+D4-E4 -> 82136 | G4: =+D4*0.5 -> 47557 | H4: =+F4-G4 -> 34579 | I4: =[2]รายชื่อพนักงานรายเดือน!G10 -> -5113.49 | J4: 0 | K4: 100 | L4: =+[2]รายชื่อพนักงานรายเดือน!C9 -> 1247.2225 | M4: 0 | N4: 0 | O4: 55 | P4: 12394.82 | Q4: 0 | R4: 0 | S4: 206.96 | T4: 0 | U4: 50 | V4: 150 | W4: 0 | X4: =+[2]รายชื่อพนักงานรายเดือน!K8 -> 230.76923 | Y4: 153 | Z4: =+H4-I4-J4-L4-M4-O4-P4-S4-T4-U4-V4-W4-X4-Y4-Q4-R4-K4-N4 -> 25104.718
A5: 4 | B5: 10207 | C5: ลำพยา 3 (เก่า) | D5: 121235 | E5: 7615 | F5: =+D5-E5 -> 113620 | G5: =+D5*0.5 -> 60617.5 | H5: =+F5-G5 -> 53002.5 | I5: =[2]รายชื่อพนักงานรายเดือน!G10 -> -5113.49 | J5: 554.8 | K5: 100 | L5: =+[2]รายชื่อพนักงานรายเดือน!C9 -> 1247.2225 | M5: 8100 | N5: 351 | O5: 0 | P5: 2280 | Q5: 0 | R5: 0 | S5: 206.96 | T5: 0 | U5: 0 | V5: 0 | W5: 0 | X5: =+[2]รายชื่อพนักงานรายเดือน!K8 -> 230.76923 | Y5: 0 | Z5: =+H5-I5-J5-L5-M5-O5-P5-S5-T5-U5-V5-W5-X5-Y5-Q5-R5-K5-N5 -> 45045.238
C6: รวม | D6: =SUM(D3:D5) -> 277804 | E6: =SUM(E3:E5) -> 34807 | F6: =SUM(F3:F5) -> 242997 | G6: =SUM(G3:G5) -> 138902 | H6: =SUM(H3:H5) -> 104095 | I6: =SUM(I3:I5) -> -15340.47 | J6: =SUM(J3:J5) -> 554.8 | K6: =SUM(K3:K5) -> 200 | ... Z6: =SUM(Z3:Z5) -> 79918.735 | AA6: บาท
C7: กำไร | D7: =+Z6 -> 79918.735 | I7: ยังไมได้ยอดพนักงานบูธ
C8: คิดเป็น % | D8: =+D7/D6 -> 0.28768029

Sheet เม.ย.69
A1: ข้อมูลเทียบกำไร - ขาดทุน ของบู๊ซ เดือน เมษายน 2569
A2: ลำดับ | B2: รหัส | C2: บูธ | D2: ยอดขาย | E2: ส่วนลด | F2: คงเหลือยอดขาย | G2: ค่าต้นทุนขนม | H2: คงเหลือกำไรหลังจากหักต้นทุน | I2: ค่าแรงพนักงานบู๊ช | J2: ค่าคอมพนักงานบู๊ซ | K2: ค่าคอม (พิเศษ)พนักงานบู๊ซ | L2: ค่าพนักงานรายเดือนที่เกี่ยวข้อง | M2: ค่าเช่า | N2: ค่าภาษีโรงเรือน | O2: ค่าน้ำประปา | P2: ค่าไฟ | Q2: ค่าธรรมเนียมโอนเงิน | R2: ค่าเน็ต | S2: ค่าโทรศัพท์ | T2: ค่าส่วนกลาง | U2: ค่าน้ำแข็ง | V2: ค่าขนมนอก | W2: ค่าป้าย | X2: ค่าขนส่งพนักงานรายเดือน | Y2: ค่าใช้จ่ายอื่น ๆ | Z2: คงเหลือกำไรหลังจากหักต้นทุน และ ค่าใช้จ่าย
A3: 2 | B3: 10204 | C3: คุณาวรรณ | D3: 69832 | E3: 17927 | F3: =+D3-E3 -> 51905 | G3: =+D3*0.5 -> 34916 | H3: =+F3-G3 -> 16989 | I3: =[2]รายชื่อพนักงานรายเดือน!G10 -> -5113.49 | J3: 0 | K3: 100 | L3: =+[2]รายชื่อพนักงานรายเดือน!C9 -> 1247.2225 | M3: 5820 | N3: 0 | O3: 38 | P3: 3348.12 | Q3: 0 | R3: 0 | S3: 206.96 | T3: 0 | U3: 0 | V3: 0 | W3: 0 | X3: =+[2]รายชื่อพนักงานรายเดือน!K8 -> 230.76923 | Y3: 330 | Z3: =+H3-I3-J3-L3-M3-O3-P3-S3-T3-U3-V3-W3-X3-Y3-Q3-R3-K3-N3 -> 10781.418
A4: 3 | B4: 10205 | C4: หน้ามอ (ม.เกษตร) | D4: 64625 | E4: 10260 | F4: =+D4-E4 -> 54365 | G4: =+D4*0.5 -> 32312.5 | H4: =+F4-G4 -> 22052.5 | I4: =[2]รายชื่อพนักงานรายเดือน!G10 -> -5113.49 | J4: 0 | K4: 0 | L4: =+[2]รายชื่อพนักงานรายเดือน!C9 -> 1247.2225 | M4: 0 | N4: 0 | O4: 55 | P4: 12477.01 | Q4: 0 | R4: 0 | S4: 206.96 | T4: 0 | U4: 0 | V4: 660 | W4: 0 | X4: =+[2]รายชื่อพนักงานรายเดือน!K8 -> 230.76923 | Y4: 308 | Z4: =+H4-I4-J4-L4-M4-O4-P4-S4-T4-U4-V4-W4-X4-Y4-Q4-R4-K4-N4 -> 11981.028
A5: 4 | B5: 10207 | C5: ลำพยา 3 (เก่า) | D5: 114628 | E5: 8758 | F5: =+D5-E5 -> 105870 | G5: =+D5*0.5 -> 57314 | H5: =+F5-G5 -> 48556 | I5: =[2]รายชื่อพนักงานรายเดือน!G10 -> -5113.49 | J5: 234.8 | K5: 0 | L5: =+[2]รายชื่อพนักงานรายเดือน!C9 -> 1247.2225 | M5: 8100 | N5: 351 | O5: 0 | P5: 3156 | Q5: 0 | R5: 0 | S5: 206.96 | T5: 0 | U5: 0 | V5: 0 | W5: 0 | X5: =+[2]รายชื่อพนักงานรายเดือน!K8 -> 230.76923 | Y5: 0 | Z5: =+H5-I5-J5-L5-M5-O5-P5-S5-T5-U5-V5-W5-X5-Y5-Q5-R5-K5-N5 -> 40142.738
C6: รวม | D6: =SUM(D3:D5) -> 249085 | E6: =SUM(E3:E5) -> 36945 | F6: =SUM(F3:F5) -> 212140 | G6: =SUM(G3:G5) -> 124542.5 | H6: =SUM(H3:H5) -> 87597.5 | I6: =SUM(I3:I5) -> -15340.47 | J6: =SUM(J3:J5) -> 234.8 | K6: =SUM(K3:K5) -> 100 | ... Z6: =SUM(Z3:Z5) -> 62905.185 | AA6: บาท
C7: กำไร | D7: =+Z6 -> 62905.185
C8: คิดเป็น % | D8: =+D7/D6 -> 0.25254505

Sheet พ.ค. 69 
A1: ข้อมูลเทียบกำไร - ขาดทุน ของบู๊ซ เดือน พฤษภาคม 2569
A2: ลำดับ | B2: รหัส | C2: บูธ | D2: ยอดขาย | E2: ส่วนลด | F2: คงเหลือยอดขาย | G2: ค่าต้นทุนขนม | H2: คงเหลือกำไรหลังจากหักต้นทุน | I2: ค่าแรงพนักงานบู๊ช | J2: ค่าคอมพนักงานบู๊ซ | K2: ค่าคอม (พิเศษ)พนักงานบู๊ซ | L2: ค่าพนักงานรายเดือนที่เกี่ยวข้อง | M2: ค่าเช่า | N2: ค่าภาษีโรงเรือน | O2: ค่าน้ำประปา | P2: ค่าไฟ | Q2: ค่าธรรมเนียมโอนเงิน | R2: ค่าเน็ต | S2: ค่าโทรศัพท์ | T2: ค่าส่วนกลาง | U2: ค่าน้ำแข็ง | V2: ค่าขนมนอก | W2: ค่าป้าย | X2: ค่าขนส่งพนักงานรายเดือน | Y2: ค่าใช้จ่ายอื่น ๆ | Z2: คงเหลือกำไรหลังจากหักต้นทุน และ ค่าใช้จ่าย
A3: 2 | B3: 10204 | C3: คุณาวรรณ | D3: 78995 | E3: 24539 | F3: =+D3-E3 -> 54456 | G3: =+D3*0.5 -> 39497.5 | H3: =+F3-G3 -> 14958.5 | I3: =[2]รายชื่อพนักงานรายเดือน!G10 -> -5113.49 | J3: 0 | K3: 0 | L3: =+[2]รายชื่อพนักงานรายเดือน!C9 -> 1247.2225 | M3: 5820 | N3: 0 | O3: 38 | P3: 3659.41 | Q3: 0 | R3: 0 | S3: 206.96 | T3: 0 | U3: 0 | V3: 0 | W3: 0 | X3: =+[2]รายชื่อพนักงานรายเดือน!K8 -> 230.76923 | Y3: 185 | Z3: =+H3-I3-J3-L3-M3-O3-P3-S3-T3-U3-V3-W3-X3-Y3-Q3-R3-K3-N3 -> 8684.6283
A4: 3 | B4: 10205 | C4: หน้ามอ (ม.เกษตร) | D4: 83278 | E4: 11864 | F4: =+D4-E4 -> 71414 | G4: =+D4*0.5 -> 41639 | H4: =+F4-G4 -> 29775 | I4: =[2]รายชื่อพนักงานรายเดือน!G10 -> -5113.49 | J4: 0 | K4: 100 | L4: =+[2]รายชื่อพนักงานรายเดือน!C9 -> 1247.2225 | M4: 0 | N4: 0 | O4: 70 | P4: 12571.58 | Q4: 0 | R4: 0 | S4: 206.96 | T4: 0 | U4: 0 | V4: 360 | W4: 0 | X4: 230.77 | Y4: 308 | Z4: =+H4-I4-J4-L4-M4-O4-P4-S4-T4-U4-V4-W4-X4-Y4-Q4-R4-K4-N4 -> 19793.957
A5: 4 | B5: 10207 | C5: ลำพยา 3 (เก่า) | D5: 110865 | E5: 7920 | F5: =+D5-E5 -> 102945 | G5: =+D5*0.5 -> 55432.5 | H5: =+F5-G5 -> 47512.5 | I5: =[2]รายชื่อพนักงานรายเดือน!G10 -> -5113.49 | J5: 117.8 | K5: 0 | L5: =+[2]รายชื่อพนักงานรายเดือน!C9 -> 1247.2225 | M5: 8100 | N5: 351 | O5: 0 | P5: 2760 | Q5: 0 | R5: 0 | S5: 206.96 | T5: 0 | U5: 0 | V5: 0 | W5: 0 | X5: =+[2]รายชื่อพนักงานรายเดือน!K8 -> 230.76923 | Y5: 0 | Z5: =+H5-I5-J5-L5-M5-O5-P5-S5-T5-U5-V5-W5-X5-Y5-Q5-R5-K5-N5 -> 39612.238
C6: รวม | D6: =SUM(D3:D5) -> 273138 | E6: =SUM(E3:E5) -> 44323 | F6: =SUM(F3:F5) -> 228815 | G6: =SUM(G3:G5) -> 136569 | H6: =SUM(H3:H5) -> 92246 | I6: =SUM(I3:I5) -> -15340.47 | J6: =SUM(J3:J5) -> 117.8 | K6: =SUM(K3:K5) -> 100 | ... Z6: =SUM(Z3:Z5) -> 68090.824 | AA6: บาท
C7: กำไร | D7: =+Z6 -> 68090.824
C8: คิดเป็น % | D8: =+D7/D6 -> 0.24929092

Sheet มิ.ย. 69
A1: ข้อมูลเทียบกำไร - ขาดทุน ของบู๊ซ เดือน พฤษภาคม 2569
A2: ลำดับ | B2: รหัส | C2: บูธ | D2: ยอดขาย | E2: ส่วนลด | F2: คงเหลือยอดขาย | G2: ค่าต้นทุนขนม | H2: คงเหลือกำไรหลังจากหักต้นทุน | I2: ค่าแรงพนักงานบู๊ช | J2: ค่าคอมพนักงานบู๊ซ | K2: ค่าคอม (พิเศษ)พนักงานบู๊ซ | L2: ค่าพนักงานรายเดือนที่เกี่ยวข้อง | M2: ค่าเช่า | N2: ค่าภาษีโรงเรือน | O2: ค่าน้ำประปา | P2: ค่าไฟ | Q2: ค่าธรรมเนียมโอนเงิน | R2: ค่าเน็ต | S2: ค่าโทรศัพท์ | T2: ค่าส่วนกลาง | U2: ค่าน้ำแข็ง | V2: ค่าขนมนอก | W2: ค่าป้าย | X2: ค่าขนส่งพนักงานรายเดือน | Y2: ค่าใช้จ่ายอื่น ๆ | Z2: คงเหลือกำไรหลังจากหักต้นทุน และ ค่าใช้จ่าย
A3: 2 | B3: 10204 | C3: คุณาวรรณ | D3: 66189 | E3: 17919 | F3: =+D3-E3 -> 48270 | G3: =+D3*0.5 -> 33094.5 | H3: =+F3-G3 -> 15175.5 | I3: =[2]รายชื่อพนักงานรายเดือน!G10 -> -5113.49 | J3: 0 | K3: 0 | L3: =+[2]รายชื่อพนักงานรายเดือน!C9 -> 1247.2225 | M3: 5820 | N3: 0 | O3: 48 | P3: 3708 | Q3: 0 | R3: 0 | S3: 206.96 | T3: 0 | U3: 0 | V3: 0 | W3: 0 | X3: =+[2]รายชื่อพนักงานรายเดือน!K8 -> 230.76923 | Y3: 125 | Z3: =+H3-I3-J3-L3-M3-O3-P3-S3-T3-U3-V3-W3-X3-Y3-Q3-R3-K3-N3 -> 8903.0383
A4: 3 | B4: 10205 | C4: หน้ามอ (ม.เกษตร) | D4: 134409 | E4: 9666 | F4: =+D4-E4 -> 124743 | G4: =+D4*0.5 -> 67204.5 | H4: =+F4-G4 -> 57538.5 | I4: =[2]รายชื่อพนักงานรายเดือน!G10 -> -5113.49 | J4: 989.72 | K4: 200 | L4: =+[2]รายชื่อพนักงานรายเดือน!C9 -> 1247.2225 | M4: 0 | N4: 0 | O4: 55 | P4: 12370 | Q4: 0 | R4: 0 | S4: 206.96 | T4: 0 | U4: 50 | V4: 250 | W4: 0 | X4: 230.77 | Y4: 0 | Z4: =+H4-I4-J4-L4-M4-O4-P4-S4-T4-U4-V4-W4-X4-Y4-Q4-R4-K4-N4 -> 47052.317
A5: 4 | B5: 10207 | C5: ลำพยา 3 (เก่า) | D5: 63900 | E5: 5230 | F5: =+D5-E5 -> 58670 | G5: =+D5*0.5 -> 31950 | H5: =+F5-G5 -> 26720 | I5: =[2]รายชื่อพนักงานรายเดือน!G10 -> -5113.49 | J5: 0 | K5: 0 | L5: =+[2]รายชื่อพนักงานรายเดือน!C9 -> 1247.2225 | M5: 8100 | N5: 351 | O5: 0 | P5: 2388 | Q5: 0 | R5: 0 | S5: 206.96 | T5: 0 | U5: 0 | V5: 0 | W5: 0 | X5: =+[2]รายชื่อพนักงานรายเดือน!K8 -> 230.76923 | Y5: 20 | Z5: =+H5-I5-J5-L5-M5-O5-P5-S5-T5-U5-V5-W5-X5-Y5-Q5-R5-K5-N5 -> 19289.538
C6: รวม | D6: =SUM(D3:D5) -> 264498 | E6: =SUM(E3:E5) -> 32815 | F6: =SUM(F3:F5) -> 231683 | G6: =SUM(G3:G5) -> 132249 | H6: =SUM(H3:H5) -> 99434 | I6: =SUM(I3:I5) -> -15340.47 | J6: =SUM(J3:J5) -> 989.72 | K6: =SUM(K3:K5) -> 200 | ... Z6: =SUM(Z3:Z5) -> 75244.894 | AA6: บาท
C7: กำไร | D7: =+Z6 -> 75244.894
C8: คิดเป็น % | D8: =+D7/D6 -> 0.2844819
