Workbook

Sheet สรุป
A1: สรุปกำไร - ขาดทุน แผนกออนไลน์ ปี 2568
A2: เดือน | B2: เหลือกำไร | C2: กำไร % | D2: ยอดขาย | E2: ยอดยกเลิก | F2: ส่วนลดผู้ขาย | G2: ต้นทุนสินค้า | H2: ต้นทุนค่ากล่องพัสดุ | I2: ต้นทุนค่าบับเบิ้ล + เทปใส | J2: ต้นทุนค่าแรงพนักงานที่เกี่ยวข้อง | K2: ต้นทุนค่าใช้จ่ายแพลตฟอร์ม | L2: ต้นทุนค่าขนส่ง (COD) | M2: ต้นทุนค่ากระตุ้นยอดขาย (ยิง ADS) | N2: ต้นทุนค่าแคมเปญ | O2: ต้นทุนค่าจ้างอินฟลูเรนเซอร์ | P2: ต้นทุนเบิกสินค้าไลฟ์สด | Q2: ต้นทุน Outsource | R2: ค่าเบิกของจัดฉากไลฟ์สด | S2: ค่าโทรศัพท์ | T2: Total ค่าใช้จ่าย | U2: หักยอดเคลม + ตีกลับ + โอนเงินคืนลูกค้า
A3: พฤศจิกายน | B3: =+D3-T3-U3 -> 0 | C3: =+B3/D3 -> #DIV/0! | T3: =SUM(G3:S3) -> 0
A4: ธันวาคม | B4: =+D4-T4-U4 -> 0 | C4: =+B4/D4 -> #DIV/0! | T4: =SUM(G4:S4) -> 0
A5: มกราคม | B5: =+D5-E5-F5-T5-U5 -> -108356.24 | C5: =+B5/D5 -> -0.026993433 | D5: 4014170.4 | E5: 823743.63 | F5: 1101130 | G5: =+'ต้นทุน ปี 68'!D4 -> 1093315.8 | H5: =+'ต้นทุน ปี 68'!D5 -> 115477.4 | I5: =++'ต้นทุน ปี 68'!D6 -> 10393.16 | J5: =+'ต้นทุน ปี 68'!D7 -> 331113.89 | K5: =+'ต้นทุน ปี 68'!D8 -> 320400.64 | L5: =+'ต้นทุน ปี 68'!D9 -> 29133.42 | M5: 205840.92 | N5: 12000 | O5: =+'ต้นทุน ปี 68'!D12 -> 0 | P5: =+'ต้นทุน ปี 68'!D13 -> 10172.45 | Q5: =+'ต้นทุน ปี 68'!D14 -> 0 | R5: =+'ต้นทุน ปี 68'!D15 -> 0 | S5: =+'ต้นทุน ปี 68'!D16 -> 598 | T5: =SUM(G5:S5) -> 2128445.6 | U5: =+'[1]คำนวนต้นทุน(1-31)'!$G$8 -> 69207.4
A6: กุมภาพันธ์ | B6: =+D6-E6-F6-T6-U6 -> -274452.52 | C6: =+B6/D6 -> -0.29909956 | D6: 917595.86 | E6: 115733.91 | F6: 124038.48 | G6: =+'ต้นทุน ปี 68'!E4 -> 350398.32 | H6: =+'ต้นทุน ปี 68'!E5 -> 21340.1 | I6: =+'ต้นทุน ปี 68'!E6 -> 3807.9 | J6: =+'ต้นทุน ปี 68'!E7 -> 297383.76 | K6: =+'ต้นทุน ปี 68'!E8 -> 90298.77 | L6: =+'ต้นทุน ปี 68'!E9 -> 18121.84 | M6: =+'ต้นทุน ปี 68'!E10 -> 86017.79 | N6: =+'ต้นทุน ปี 68'!E11 -> 58458.34 | O6: =+'ต้นทุน ปี 68'!E12 -> 0 | P6: =+'ต้นทุน ปี 68'!E13 -> 10241.68 | Q6: =+'ต้นทุน ปี 68'!E14 -> 0 | R6: =+'ต้นทุน ปี 68'!E15 -> 0 | S6: =+'ต้นทุน ปี 68'!E16 -> 598 | T6: =SUM(G6:S6) -> 936666.5 | U6: =+[2]คำนวนต้นทุน!$G$12+[2]คำนวนต้นทุน!$G$13 -> 15609.49
A7: มีนาคม | B7: =+D7-E7-F7-T7-U7 -> -76593.5 | C7: =+B7/D7 -> -0.050029847 | D7: 1530956.1 | E7: 430792.89 | F7: 203124.93 | G7: =+'ต้นทุน ปี 68'!F4 -> 370992.27 | H7: =+'ต้นทุน ปี 68'!F5 -> 44799.2 | I7: =+'ต้นทุน ปี 68'!F6 -> 4193.66 | J7: =+'ต้นทุน ปี 68'!F7 -> 284736.14 | K7: =+'ต้นทุน ปี 68'!F8 -> 124023.27 | L7: =+'ต้นทุน ปี 68'!F9 -> 12916.52 | M7: =+'ต้นทุน ปี 68'!F10 -> 73410.07 | N7: =+'ต้นทุน ปี 68'!F11 -> 46669.39 | O7: =+'ต้นทุน ปี 68'!F12 -> 0 | P7: =+'ต้นทุน ปี 68'!F13 -> 3983.52 | Q7: =+'ต้นทุน ปี 68'!F14 -> 0 | R7: =+'ต้นทุน ปี 68'!F15 -> 1671 | S7: =+'ต้นทุน ปี 68'!F16 -> 598 | T7: =SUM(G7:S7) -> 967993.04 | U7: 5638.74
A8: เมษายน | B8: =+D8-E8-F8-T8-U8 -> 166032.98 | C8: =+B8/D8 -> 0.050420162 | D8: 3292987.7 | E8: 658597.55 | F8: 428088.4 | G8: 913065.91 | H8: 65962 | I8: 13703.66 | J8: 290000 | K8: 395158.53 | L8: 18469.35 | M8: 214437.16 | N8: 43326.35 | O8: 0 | P8: 271.3 | Q8: 69106.54 | R8: 0 | S8: 598 | T8: =SUM(G8:S8) -> 2024098.8 | U8: 16170
A9: พฤษภาคม | B9: =+D9-E9-F9-T9-U9 -> 0 | C9: =+B9/D9 -> #DIV/0! | D9: =+'ยอดขาย ปี 68'!B7 -> 0 | T9: =SUM(G9:S9) -> 0
A10: มิถุนายน | B10: =+D10-E10-F10-T10-U10 -> 0 | C10: =+B10/D10 -> #DIV/0! | D10: =+'ยอดขาย ปี 68'!B8 -> 0 | T10: =SUM(G10:S10) -> 0
A11: กรกฎาคม | B11: =+D11-E11-F11-T11-U11 -> 0 | C11: =+B11/D11 -> #DIV/0! | D11: =+'ยอดขาย ปี 68'!B9 -> 0 | T11: =SUM(G11:S11) -> 0
A12: สิงหาคม | B12: =+D12-E12-F12-T12-U12 -> 0 | C12: =+B12/D12 -> #DIV/0! | D12: =+'ยอดขาย ปี 68'!B10 -> 0 | T12: =SUM(G12:S12) -> 0
A13: กันยายน | B13: =+D13-E13-F13-T13-U13 -> 0 | C13: =+B13/D13 -> #DIV/0! | D13: =+'ยอดขาย ปี 68'!B11 -> 0 | T13: =SUM(G13:S13) -> 0
A14: ตุลาคม | B14: =+D14-E14-F14-T14-U14 -> 0 | C14: =+B14/D14 -> #DIV/0! | D14: =+'ยอดขาย ปี 68'!B12 -> 0 | T14: =SUM(G14:S14) -> 0
A15: พฤศจิกายน | B15: =+D15-E15-F15-T15-U15 -> 0 | C15: =+B15/D15 -> #DIV/0! | D15: =+'ยอดขาย ปี 68'!B13 -> 0 | T15: =SUM(G15:S15) -> 0
A16: ธันวาคม | B16: =+D16-E16-F16-T16-U16 -> 0 | C16: =+B16/D16 -> #DIV/0! | D16: =+'ยอดขาย ปี 68'!B14 -> 0 | T16: =SUM(G16:S16) -> 0
A17: Total | B17: =SUM(B3:B16) -> -293369.28 | C17: =+B17/D17 -> -0.030071546 | D17: =SUM(D3:D16) -> 9755710.1 | G17: =SUM(G3:G16) -> 2727772.2 | H17: =SUM(H3:H16) -> 247578.7 | I17: =SUM(I3:I16) -> 32098.38 | J17: =SUM(J3:J16) -> 1203233.8 | K17: =SUM(K3:K16) -> 929881.21 | L17: =SUM(L3:L16) -> 78641.13 | M17: =SUM(M3:M16) -> 579705.94 | N17: =SUM(N3:N16) -> 160454.08 | ... P17: =SUM(P3:P16) -> 24668.95 | S17: =SUM(S3:S16) -> 2392 | T17: =SUM(T3:T16) -> 6057204 | U17: =SUM(U3:U16) -> 106625.63

Sheet ยอดขาย ปี 68
A1: ยอดขายออนไลน์ปี 2568
A2: เดือน | B2: Total | C2: ลูกค้าออนไลน์ | D2: นัดรับเปิดบิล | E2: ไลน์แอดนัดรับ | F2: Shopee 1 | G2: Shopee 2 | H2: Lazada 1 | I2: Lazada 2 | J2: Lazada 3 | K2: Lazada 4 | L2: Lazada 5 | M2: Lazada 6 | N2: Lazada 7 | O2: Lazada 8 | P2: Lazada 9 | Q2: Lazada 10 | R2: Tiktok1 | S2: Tiktok2 | T2: Tiktok3 | U2: Tiktok4 | V2: Tiktok5
A3: มกราคม | B3: 2713783 | C3: 177831.4 | D3: 333473 | E3: 0 | F3: 272043 | G3: 84827 | H3: 88600.64 | I3: 1127.06 | J3: 62.65 | K3: 432.03 | L3: 54940.97 | M3: 5891.71 | N3: 706.6 | O3: 132.61 | P3: 92171.21 | Q3: 21705.86 | R3: 996398.86 | S3: 0 | T3: 0 | U3: 0 | V3: 583438.41
A4: กุมภาพันธ์ | B4: 768220.03 | C4: 172443 | D4: 196567.87 | E4: 0 | F4: 70978 | G4: 16668 | H4: 27447.97 | I4: 165.61 | J4: 0 | K4: 1248.38 | L4: 303.28 | M4: 3317.46 | N4: 317.93 | O4: 1124.62 | P4: 44912.05 | Q4: 3933.67 | R4: 52155.24 | S4: 0 | T4: 0 | U4: 0 | V4: 176636.95
A5: มีนาคม | B5: 796131.61 | C5: 109136 | D5: 242120 | E5: 0 | F5: 97020 | G5: 13788 | H5: 73401.91 | I5: 0 | J5: 0 | K5: 1596.7 | L5: 0 | M5: 5662.7 | N5: 0 | O5: 259.03 | P5: 27163.036 | Q5: 6295.37 | R5: 18845.98 | S5: 0 | T5: 0 | U5: 0 | V5: 200842.88
A6: เมษายน | B6: 1723910.5 | C6: 156696 | D6: 214385 | E6: 0 | F6: 158810 | G6: 25063 | H6: 61357.99 | I6: 0 | J6: 0 | K6: 4298.74 | L6: 0 | M6: 21651.79 | N6: 0 | O6: 0 | P6: 3090.6 | Q6: 2615.59 | R6: 224982.26 | S6: 0 | T6: 0 | U6: 0 | V6: 850959.56
A7: พฤษภาคม | B7: =SUM(C7:V7) -> 0 | S7: =+'[3]ปี 68'!$S$3 -> 0 | T7: =+'[3]ปี 68'!$T$3 -> 0 | U7: =+'[3]ปี 68'!$U$3 -> 0
A8: มิถุนายน | B8: =SUM(C8:V8) -> 0 | S8: =+'[3]ปี 68'!$S$3 -> 0 | T8: =+'[3]ปี 68'!$T$3 -> 0 | U8: =+'[3]ปี 68'!$U$3 -> 0
A9: กรกฎาคม | B9: =SUM(C9:V9) -> 0 | S9: =+'[3]ปี 68'!$S$3 -> 0 | T9: =+'[3]ปี 68'!$T$3 -> 0 | U9: =+'[3]ปี 68'!$U$3 -> 0
A10: สิงหาคม | B10: =SUM(C10:V10) -> 0 | S10: =+'[3]ปี 68'!$S$3 -> 0 | T10: =+'[3]ปี 68'!$T$3 -> 0 | U10: =+'[3]ปี 68'!$U$3 -> 0
A11: กันยายน | B11: =SUM(C11:V11) -> 0 | S11: =+'[3]ปี 68'!$S$3 -> 0 | T11: =+'[3]ปี 68'!$T$3 -> 0 | U11: =+'[3]ปี 68'!$U$3 -> 0
A12: ตุลาคม | B12: =SUM(C12:V12) -> 0 | S12: =+'[3]ปี 68'!$S$3 -> 0 | T12: =+'[3]ปี 68'!$T$3 -> 0 | U12: =+'[3]ปี 68'!$U$3 -> 0
A13: พฤศจิกายน | B13: =SUM(C13:V13) -> 0 | S13: =+'[3]ปี 68'!$S$3 -> 0 | T13: =+'[3]ปี 68'!$T$3 -> 0 | U13: =+'[3]ปี 68'!$U$3 -> 0
A14: ธันวาคม | B14: =SUM(C14:V14) -> 0 | S14: =+'[3]ปี 68'!$S$3 -> 0 | T14: =+'[3]ปี 68'!$T$3 -> 0 | U14: =+'[3]ปี 68'!$U$3 -> 0
A15: Total | B15: =SUM(B3:B14) -> 6002045.2 | C15: =SUM(C3:C14) -> 616106.4 | D15: =SUM(D3:D14) -> 986545.87 | E15: =SUM(E3:E14) -> 0 | F15: =SUM(F3:F14) -> 598851 | G15: =SUM(G3:G14) -> 140346 | H15: =SUM(H3:H14) -> 250808.51 | I15: =SUM(I3:I14) -> 1292.67 | ... V15: =SUM(V3:V14) -> 1811877.8

Sheet ต้นทุน ปี 68
A1: สรุปต้นทุน + ค่าใช้จ่าย แผนกขายออนไลน์ ปี 2568
A2: NO. | B2: รายการ | C2: Total | D2: เดือน
D3: ม.ค. | E3: ก.พ. | F3: มี.ค. | G3: เม.ย. | H3: พ.ค. | I3: มิ.ย. | J3: ก.ค. | K3: ส.ค. | L3: ก.ย. | M3: ต.ค. | N3: พ.ย. | O3: ธ.ค.
A4: 1 | B4: ต้นทุนสินค้า | C4: =SUM(D4:O4) -> 2727772.3 | D4: =+'[1]คำนวนต้นทุน(1-31)'!$C$3 -> 1093315.8 | E4: 350398.32 | F4: 370992.27 | G4: 913065.91
A5: 2 | B5: ต้นทุนค่ากล่องพัสดุ | C5: =SUM(D5:O5) -> 247578.7 | D5: =+'[1]คำนวนต้นทุน(1-31)'!$C$4 -> 115477.4 | E5: 21340.1 | F5: 44799.2 | G5: 65962
A6: 3 | B6: ต้นทุนค่าบับเบิ้ล + เทปใส | C6: =SUM(D6:O6) -> 32098.38 | D6: =+'[1]คำนวนต้นทุน(1-31)'!$C$5 -> 10393.16 | E6: 3807.9 | F6: 4193.66 | G6: 13703.66
A7: 4 | B7: ต้นทุนค่าแรงพนักงานที่เกี่ยวข้อง | C7: =SUM(D7:O7) -> 1203233.8 | D7: =+'[1]คำนวนต้นทุน(1-31)'!$C$6 -> 331113.89 | E7: 297383.76 | F7: 284736.14 | G7: 290000
A8: 5 | B8: ต้นทุนค่าใช้จ่ายแพลตฟอร์ม | C8: =SUM(D8:O8) -> 929881.21 | D8: =+'[1]คำนวนต้นทุน(1-31)'!$G$5 -> 320400.64 | E8: 90298.77 | F8: 124023.27 | G8: 395158.53
A9: 6 | B9: ต้นทุนค่าขนส่ง (COD) | C9: =SUM(D9:O9) -> 78641.13 | D9: =+'[1]คำนวนต้นทุน(1-31)'!$C$7 -> 29133.42 | E9: 18121.84 | F9: 12916.52 | G9: 18469.35
A10: 7 | B10: ต้นทุนค่ากระตุ้นยอดขาย (ยิง ADS) | C10: =SUM(D10:O10) -> 579705.94 | D10: =+'[1]คำนวนต้นทุน(1-31)'!$C$8 -> 205840.92 | E10: 86017.79 | F10: 73410.07 | G10: 214437.16
A11: 8 | B11: ต้นทุนค่าแคมเปญ | C11: =SUM(D11:O11) -> 160454.08 | D11: =+'[1]คำนวนต้นทุน(1-31)'!$C$9 -> 12000 | E11: 58458.34 | F11: 46669.39 | G11: 43326.35
A12: 9 | B12: ต้นทุนค่าจ้างอินฟลูเรนเซอร์ | C12: =SUM(D12:O12) -> 0 | D12: =+'[1]คำนวนต้นทุน(1-31)'!$C$10 -> 0 | E12: 0 | F12: 0 | G12: 0
A13: 10 | B13: ต้นทุนเบิกสินค้าไลฟ์สด | C13: =SUM(D13:O13) -> 24668.95 | D13: =+'[1]คำนวนต้นทุน(1-31)'!$C$11 -> 10172.45 | E13: 10241.68 | F13: 3983.52 | G13: 271.3
A14: 11 | B14: ต้นทุน Outsource | C14: =SUM(D14:O14) -> 69106.54 | D14: 0 | E14: 0 | F14: 0 | G14: 69106.54
A15: 12 | B15: ค่าเบิกของจัดฉากไลฟ์สด | C15: =SUM(D15:O15) -> 1671 | D15: 0 | E15: 0 | F15: 1671 | G15: 0
A16: 13 | B16: ค่าโทรศัพท์ | C16: =SUM(D16:O16) -> 2392 | D16: 598 | E16: 598 | F16: 598 | G16: 598
B17: Total | C17: =SUM(C4:C16) -> 6057204 | D17: =SUM(D4:D16) -> 2128445.6 | E17: =SUM(E4:E16) -> 936666.5 | F17: =SUM(F4:F16) -> 967993.04 | G17: =SUM(G4:G16) -> 2024098.8 | H17: =SUM(H4:H16) -> 0 | I17: =SUM(I4:I16) -> 0 | J17: =SUM(J4:J16) -> 0 | ... O17: =SUM(O4:O16) -> 0
