Workbook

Sheet ALL
A1: รายการขายสินค้าออนไลน์แยกจำนวนชิ้นรายวัน เดือนสิงหาคม 2568
D2: =SUBTOTAL(9,D5:D10474) -> 29446 | E2: =SUBTOTAL(9,E5:E10474) -> 0 | F2: =SUBTOTAL(9,F5:F10474) -> 484612.33 | G2: =SUBTOTAL(9,G5:G10474) -> 523 | H2: =SUBTOTAL(9,H5:H10474) -> 0 | I2: =SUBTOTAL(9,I5:I10474) -> 8601.44 | J2: =SUBTOTAL(9,J5:J10474) -> 432 | K2: =SUBTOTAL(9,K5:K10474) -> 0 | ... CX2: =SUBTOTAL(9,CX5:CX10474) -> 0
A3: รหัสสินค้า | B3: ชื่อสินค้า | C3: ราคาต้นทุน | D3: เดือนสิงหาคม | G3: 244197 | J3: 244198 | M3: 244199 | P3: 244200 | S3: 244201 | V3: 244202 | Y3: 244203 | AB3: 244204 | AE3: 244205 | AH3: 244206 | AK3: 244207 | AN3: 244208 | AQ3: 244209 | AT3: 244210 | AW3: 244211 | AZ3: 244212 | BC3: 244213 | BF3: 244214 | BI3: 244215 | BL3: 244216 | BO3: 244217 | BR3: 244218 | BU3: 244219 | BX3: 244220 | CA3: 244221 | CD3: 244222 | CG3: 244223 | CJ3: 244224 | CM3: 244225 | CP3: 244226 | CS3: 244227 | CV3: เซตวันที่ 1-31/08/2568
D4: จำนวน | E4: หน่วย | F4: ยอดต้นทุน/วัน | G4: จำนวน | H4: หน่วย | I4: ยอดต้นทุน/วัน | J4: จำนวน | K4: หน่วย | L4: ยอดต้นทุน/วัน | M4: จำนวน | N4: หน่วย | O4: ยอดต้นทุน/วัน | P4: จำนวน | Q4: หน่วย | R4: ยอดต้นทุน/วัน | S4: จำนวน | T4: หน่วย | U4: ยอดต้นทุน/วัน | V4: จำนวน | W4: หน่วย | X4: ยอดต้นทุน/วัน | Y4: จำนวน | Z4: หน่วย | AA4: ยอดต้นทุน/วัน | AB4: จำนวน | AC4: หน่วย | AD4: ยอดต้นทุน/วัน | AE4: จำนวน | AF4: หน่วย | AG4: ยอดต้นทุน/วัน | AH4: จำนวน | AI4: หน่วย | AJ4: ยอดต้นทุน/วัน | AK4: จำนวน | AL4: หน่วย | AM4: ยอดต้นทุน/วัน | AN4: จำนวน | AO4: หน่วย | AP4: ยอดต้นทุน/วัน | AQ4: จำนวน | AR4: หน่วย | AS4: ยอดต้นทุน/วัน | AT4: จำนวน | AU4: หน่วย | AV4: ยอดต้นทุน/วัน | AW4: จำนวน | AX4: หน่วย | AY4: ยอดต้นทุน/วัน | AZ4: จำนวน | BA4: หน่วย | BB4: ยอดต้นทุน/วัน | BC4: จำนวน | BD4: หน่วย | BE4: ยอดต้นทุน/วัน | BF4: จำนวน | BG4: หน่วย | BH4: ยอดต้นทุน/วัน | BI4: จำนวน | BJ4: หน่วย | BK4: ยอดต้นทุน/วัน | BL4: จำนวน | BM4: หน่วย | BN4: ยอดต้นทุน/วัน | BO4: จำนวน | BP4: หน่วย | BQ4: ยอดต้นทุน/วัน | BR4: จำนวน | BS4: หน่วย | BT4: ยอดต้นทุน/วัน | BU4: จำนวน | BV4: หน่วย | BW4: ยอดต้นทุน/วัน | BX4: จำนวน | BY4: หน่วย | BZ4: ยอดต้นทุน/วัน | CA4: จำนวน | CB4: หน่วย | CC4: ยอดต้นทุน/วัน | CD4: จำนวน | CE4: หน่วย | CF4: ยอดต้นทุน/วัน | CG4: จำนวน | CH4: หน่วย | CI4: ยอดต้นทุน/วัน | CJ4: จำนวน | CK4: หน่วย | CL4: ยอดต้นทุน/วัน | CM4: จำนวน | CN4: หน่วย | CO4: ยอดต้นทุน/วัน | CP4: จำนวน | CQ4: หน่วย | CR4: ยอดต้นทุน/วัน | CS4: จำนวน | CT4: หน่วย | CU4: ยอดต้นทุน/วัน | CV4: จำนวน | CW4: หน่วย | CX4: ยอดต้นทุน/วัน
A5: 0006 | B5: เค้กเบาหวิวเล็ก 1กล่องขนาด 100 กรัม (คละรส) | C5: 14.05 | D5: =+G5+J5+M5+P5+S5+V5+Y5+AB5+AE5+AH5+AK5+AN5+AQ5+AT5+AW5+AZ5+BC5+BF5+BI5+BL5+BO5+BR5+BU5+BX5+CA5+CD5+CG5+CJ5+CM5+CP5+CS5+CV5 -> 9795 | E5: กล่อง | F5: =+D5*C5 -> 137619.75 | G5: =IFERROR(VLOOKUP(A5,'1'!U:V,2,0),"0") -> 230 | H5: กล่อง | I5: =+G5*C5 -> 3231.5 | J5: =IFERROR(VLOOKUP(A5,'2'!U:V,2,0),"0") -> 131 | K5: กล่อง | L5: =+J5*C5 -> 1840.55 | M5: =IFERROR(VLOOKUP(A5,'3'!U:V,2,0),"0") -> 160 | N5: กล่อง | O5: =+M5*C5 -> 2248 | P5: =IFERROR(VLOOKUP(A5,'4'!U:V,2,0),"0") -> 160 | Q5: กล่อง | R5: =+P5*C5 -> 2248 | S5: =IFERROR(VLOOKUP(A5,'5'!U:V,2,0),"0") -> 196 | T5: กล่อง | U5: =+S5*C5 -> 2753.8 | V5: =IFERROR(VLOOKUP(A5,'6'!U:V,2,0),"0") -> 257 | W5: กล่อง | X5: =+V5*C5 -> 3610.85 | Y5: =IFERROR(VLOOKUP(A5,'7'!U:V,2,0),"0") -> 319 | Z5: กล่อง | AA5: =+Y5*C5 -> 4481.95 | AB5: =IFERROR(VLOOKUP(A5,'8'!U:V,2,0),"0") -> 323 | AC5: กล่อง | AD5: =+AB5*C5 -> 4538.15 | AE5: =IFERROR(VLOOKUP(A5,'9'!U:V,2,0),"0") -> 249 | AF5: กล่อง | AG5: =+AE5*C5 -> 3498.45 | AH5: =IFERROR(VLOOKUP(A5,'10'!U:V,2,0),"0") -> 393 | AI5: กล่อง | AJ5: =+AH5*C5 -> 5521.65 | AK5: =IFERROR(VLOOKUP(A5,'11'!U:V,2,0),"0") -> 367 | AL5: กล่อง | AM5: =+AK5*C5 -> 5156.35 | AN5: =IFERROR(VLOOKUP(A5,'12'!U:V,2,0),"0") -> 254 | AO5: กล่อง | AP5: =+AN5*C5 -> 3568.7 | AQ5: =IFERROR(VLOOKUP(A5,'13'!U:V,2,0),"0") -> 219 | AR5: กล่อง | AS5: =+AQ5*C5 -> 3076.95 | AT5: =IFERROR(VLOOKUP(A5,'14'!U:V,2,0),"0") -> 207 | AU5: กล่อง | AV5: =+AT5*C5 -> 2908.35 | AW5: =IFERROR(VLOOKUP(A5,'15'!U:V,2,0),"0") -> 270 | AX5: กล่อง | AY5: =+AW5*C5 -> 3793.5 | AZ5: =IFERROR(VLOOKUP(A5,'16'!U:V,2,0),"0") -> 357 | BA5: กล่อง | BB5: =+AZ5*C5 -> 5015.85 | BC5: =IFERROR(VLOOKUP(A5,'17'!U:V,2,0),"0") -> 339 | BD5: กล่อง | BE5: =+BC5*C5 -> 4762.95 | BF5: =IFERROR(VLOOKUP(A5,'18'!U:V,2,0),"0") -> 204 | BG5: กล่อง | BH5: =+BF5*C5 -> 2866.2 | BI5: =IFERROR(VLOOKUP(A5,'19'!U:V,2,0),"0") -> 417 | BJ5: กล่อง | BK5: =+BI5*C5 -> 5858.85 | BL5: =IFERROR(VLOOKUP(A5,'20'!U:V,2,0),"0") -> 433 | BM5: กล่อง | BN5: =+BL5*C5 -> 6083.65 | BO5: =IFERROR(VLOOKUP(A5,'21'!U:V,2,0),"0") -> 547 | BP5: กล่อง | BQ5: =+BO5*C5 -> 7685.35 | BR5: =IFERROR(VLOOKUP(A5,'22'!U:V,2,0),"0") -> 448 | BS5: กล่อง | BT5: =+BR5*C5 -> 6294.4 | BU5: =IFERROR(VLOOKUP(A5,'23'!U:V,2,0),"0") -> 363 | BV5: กล่อง | BW5: =+BU5*C5 -> 5100.15 | BX5: =IFERROR(VLOOKUP(A5,'24'!U:V,2,0),"0") -> 393 | BY5: กล่อง | BZ5: =+BX5*C5 -> 5521.65 | CA5: =IFERROR(VLOOKUP(A5,'25'!U:V,2,0),"0") -> 386 | CB5: กล่อง | CC5: =+CA5*C5 -> 5423.3 | CD5: =IFERROR(VLOOKUP(A5,'26'!U:V,2,0),"0") -> 325 | CE5: กล่อง | CF5: =+CD5*C5 -> 4566.25 | CG5: =IFERROR(VLOOKUP(A5,'27'!U:V,2,0),"0") -> 387 | CH5: กล่อง | CI5: =+CG5*C5 -> 5437.35 | CJ5: =IFERROR(VLOOKUP(A5,'28'!U:V,2,0),"0") -> 387 | CK5: กล่อง | CL5: =+CJ5*C5 -> 5437.35 | CM5: =IFERROR(VLOOKUP(A5,'29'!U:V,2,0),"0") -> 263 | CN5: กล่อง | CO5: =+CM5*C5 -> 3695.15 | CP5: =IFERROR(VLOOKUP(A5,'30'!U:V,2,0),"0") -> 303 | CQ5: กล่อง | CR5: =+CP5*C5 -> 4257.15 | CS5: =IFERROR(VLOOKUP(A5,'31'!U:V,2,0),"0") -> 508 | CT5: กล่อง | CU5: =+CS5*C5 -> 7137.4 | CV5: =IFERROR(VLOOKUP(A5,'เซต1-31'!V:W,2,0),"0") -> 0 | CW5: กล่อง | CX5: =+CV5*CO5 -> 0
A6: 1004055 | B6: ชิฟฟ่อน รวมรส 1กล่อง4ชิ้น | C6: 19.58 | D6: =+G6+J6+M6+P6+S6+V6+Y6+AB6+AE6+AH6+AK6+AN6+AQ6+AT6+AW6+AZ6+BC6+BF6+BI6+BL6+BO6+BR6+BU6+BX6+CA6+CD6+CG6+CJ6+CM6+CP6+CS6+CV6 -> 1356 | E6: กล่อง | F6: =+D6*C6 -> 26550.48 | G6: =IFERROR(VLOOKUP(A6,'1'!U:V,2,0),"0") -> 5 | H6: กล่อง | I6: =+G6*C6 -> 97.9 | J6: =IFERROR(VLOOKUP(A6,'2'!U:V,2,0),"0") -> 0 | K6: กล่อง | L6: =+J6*C6 -> 0 | M6: =IFERROR(VLOOKUP(A6,'3'!U:V,2,0),"0") -> 0 | N6: กล่อง | O6: =+M6*C6 -> 0 | P6: =IFERROR(VLOOKUP(A6,'4'!U:V,2,0),"0") -> 133 | Q6: กล่อง | R6: =+P6*C6 -> 2604.14 | S6: =IFERROR(VLOOKUP(A6,'5'!U:V,2,0),"0") -> 42 | T6: กล่อง | U6: =+S6*C6 -> 822.36 | V6: =IFERROR(VLOOKUP(A6,'6'!U:V,2,0),"0") -> 28 | W6: กล่อง | X6: =+V6*C6 -> 548.24 | Y6: =IFERROR(VLOOKUP(A6,'7'!U:V,2,0),"0") -> 53 | Z6: กล่อง | AA6: =+Y6*C6 -> 1037.74 | AB6: =IFERROR(VLOOKUP(A6,'8'!U:V,2,0),"0") -> 114 | AC6: กล่อง | AD6: =+AB6*C6 -> 2232.12 | AE6: =IFERROR(VLOOKUP(A6,'9'!U:V,2,0),"0") -> 9 | AF6: กล่อง | AG6: =+AE6*C6 -> 176.22 | AH6: =IFERROR(VLOOKUP(A6,'10'!U:V,2,0),"0") -> 30 | AI6: กล่อง | AJ6: =+AH6*C6 -> 587.4 | AK6: =IFERROR(VLOOKUP(A6,'11'!U:V,2,0),"0") -> 9 | AL6: กล่อง | AM6: =+AK6*C6 -> 176.22 | AN6: =IFERROR(VLOOKUP(A6,'12'!U:V,2,0),"0") -> 47 | AO6: กล่อง | AP6: =+AN6*C6 -> 920.26 | AQ6: =IFERROR(VLOOKUP(A6,'13'!U:V,2,0),"0") -> 24 | AR6: กล่อง | AS6: =+AQ6*C6 -> 469.92 | AT6: =IFERROR(VLOOKUP(A6,'14'!U:V,2,0),"0") -> 19 | AU6: กล่อง | AV6: =+AT6*C6 -> 372.02 | AW6: =IFERROR(VLOOKUP(A6,'15'!U:V,2,0),"0") -> 43 | AX6: กล่อง | AY6: =+AW6*C6 -> 841.94 | AZ6: =IFERROR(VLOOKUP(A6,'16'!U:V,2,0),"0") -> 51 | BA6: กล่อง | BB6: =+AZ6*C6 -> 998.58 | BC6: =IFERROR(VLOOKUP(A6,'17'!U:V,2,0),"0") -> 42 | BD6: กล่อง | BE6: =+BC6*C6 -> 822.36 | BF6: =IFERROR(VLOOKUP(A6,'18'!U:V,2,0),"0") -> 64 | BG6: กล่อง | BH6: =+BF6*C6 -> 1253.12 | BI6: =IFERROR(VLOOKUP(A6,'19'!U:V,2,0),"0") -> 46 | BJ6: กล่อง | BK6: =+BI6*C6 -> 900.68 | BL6: =IFERROR(VLOOKUP(A6,'20'!U:V,2,0),"0") -> 27 | BM6: กล่อง | BN6: =+BL6*C6 -> 528.66 | BO6: =IFERROR(VLOOKUP(A6,'21'!U:V,2,0),"0") -> 60 | BP6: กล่อง | BQ6: =+BO6*C6 -> 1174.8 | BR6: =IFERROR(VLOOKUP(A6,'22'!U:V,2,0),"0") -> 54 | BS6: กล่อง | BT6: =+BR6*C6 -> 1057.32 | BU6: =IFERROR(VLOOKUP(A6,'23'!U:V,2,0),"0") -> 10 | BV6: กล่อง | BW6: =+BU6*C6 -> 195.8 | BX6: =IFERROR(VLOOKUP(A6,'24'!U:V,2,0),"0") -> 24 | BY6: กล่อง | BZ6: =+BX6*C6 -> 469.92 | CA6: =IFERROR(VLOOKUP(A6,'25'!U:V,2,0),"0") -> 63 | CB6: กล่อง | CC6: =+CA6*C6 -> 1233.54 | CD6: =IFERROR(VLOOKUP(A6,'26'!U:V,2,0),"0") -> 88 | CE6: กล่อง | CF6: =+CD6*C6 -> 1723.04 | CG6: =IFERROR(VLOOKUP(A6,'27'!U:V,2,0),"0") -> 52 | CH6: กล่อง | CI6: =+CG6*C6 -> 1018.16 | CJ6: =IFERROR(VLOOKUP(A6,'28'!U:V,2,0),"0") -> 54 | CK6: กล่อง | CL6: =+CJ6*C6 -> 1057.32 | CM6: =IFERROR(VLOOKUP(A6,'29'!U:V,2,0),"0") -> 54 | CN6: กล่อง | CO6: =+CM6*C6 -> 1057.32 | CP6: =IFERROR(VLOOKUP(A6,'30'!U:V,2,0),"0") -> 57 | CQ6: กล่อง | CR6: =+CP6*C6 -> 1116.06 | CS6: =IFERROR(VLOOKUP(A6,'31'!U:V,2,0),"0") -> 54 | CT6: กล่อง | CU6: =+CS6*C6 -> 1057.32 | CV6: =IFERROR(VLOOKUP(A6,'เซต1-31'!V:W,2,0),"0") -> 0 | CW6: กล่อง | CX6: =+CV6*CO6 -> 0
A7: 1005761 | B7: ขนมปังกรอบคาราเมล(ถุง) | C7: 17.5 | D7: =+G7+J7+M7+P7+S7+V7+Y7+AB7+AE7+AH7+AK7+AN7+AQ7+AT7+AW7+AZ7+BC7+BF7+BI7+BL7+BO7+BR7+BU7+BX7+CA7+CD7+CG7+CJ7+CM7+CP7+CS7+CV7 -> 0 | E7: ถุง | F7: =+D7*C7 -> 0 | G7: =IFERROR(VLOOKUP(A7,'1'!U:V,2,0),"0") -> 0 | H7: ถุง | I7: =+G7*C7 -> 0 | J7: =IFERROR(VLOOKUP(A7,'2'!U:V,2,0),"0") -> 0 | K7: ถุง | L7: =+J7*C7 -> 0 | M7: =IFERROR(VLOOKUP(A7,'3'!U:V,2,0),"0") -> 0 | N7: ถุง | O7: =+M7*C7 -> 0 | P7: =IFERROR(VLOOKUP(A7,'4'!U:V,2,0),"0") -> 0 | Q7: ถุง | R7: =+P7*C7 -> 0 | S7: =IFERROR(VLOOKUP(A7,'5'!U:V,2,0),"0") -> 0 | T7: ถุง | U7: =+S7*C7 -> 0 | V7: =IFERROR(VLOOKUP(A7,'6'!U:V,2,0),"0") -> 0 | W7: ถุง | X7: =+V7*C7 -> 0 | Y7: =IFERROR(VLOOKUP(A7,'7'!U:V,2,0),"0") -> 0 | Z7: ถุง | AA7: =+Y7*C7 -> 0 | AB7: =IFERROR(VLOOKUP(A7,'8'!U:V,2,0),"0") -> 0 | AC7: ถุง | AD7: =+AB7*C7 -> 0 | AE7: =IFERROR(VLOOKUP(A7,'9'!U:V,2,0),"0") -> 0 | AF7: ถุง | AG7: =+AE7*C7 -> 0 | AH7: =IFERROR(VLOOKUP(A7,'10'!U:V,2,0),"0") -> 0 | AI7: ถุง | AJ7: =+AH7*C7 -> 0 | AK7: =IFERROR(VLOOKUP(A7,'11'!U:V,2,0),"0") -> 0 | AL7: ถุง | AM7: =+AK7*C7 -> 0 | AN7: =IFERROR(VLOOKUP(A7,'12'!U:V,2,0),"0") -> 0 | AO7: ถุง | AP7: =+AN7*C7 -> 0 | AQ7: =IFERROR(VLOOKUP(A7,'13'!U:V,2,0),"0") -> 0 | AR7: ถุง | AS7: =+AQ7*C7 -> 0 | AT7: =IFERROR(VLOOKUP(A7,'14'!U:V,2,0),"0") -> 0 | AU7: ถุง | AV7: =+AT7*C7 -> 0 | AW7: =IFERROR(VLOOKUP(A7,'15'!U:V,2,0),"0") -> 0 | AX7: ถุง | AY7: =+AW7*C7 -> 0 | AZ7: =IFERROR(VLOOKUP(A7,'16'!U:V,2,0),"0") -> 0 | BA7: ถุง | BB7: =+AZ7*C7 -> 0 | BC7: =IFERROR(VLOOKUP(A7,'17'!U:V,2,0),"0") -> 0 | BD7: ถุง | BE7: =+BC7*C7 -> 0 | BF7: =IFERROR(VLOOKUP(A7,'18'!U:V,2,0),"0") -> 0 | BG7: ถุง | BH7: =+BF7*C7 -> 0 | BI7: =IFERROR(VLOOKUP(A7,'19'!U:V,2,0),"0") -> 0 | BJ7: ถุง | BK7: =+BI7*C7 -> 0 | BL7: =IFERROR(VLOOKUP(A7,'20'!U:V,2,0),"0") -> 0 | BM7: ถุง | BN7: =+BL7*C7 -> 0 | BO7: =IFERROR(VLOOKUP(A7,'21'!U:V,2,0),"0") -> 0 | BP7: ถุง | BQ7: =+BO7*C7 -> 0 | BR7: =IFERROR(VLOOKUP(A7,'22'!U:V,2,0),"0") -> 0 | BS7: ถุง | BT7: =+BR7*C7 -> 0 | BU7: =IFERROR(VLOOKUP(A7,'23'!U:V,2,0),"0") -> 0 | BV7: ถุง | BW7: =+BU7*C7 -> 0 | BX7: =IFERROR(VLOOKUP(A7,'24'!U:V,2,0),"0") -> 0 | BY7: ถุง | BZ7: =+BX7*C7 -> 0 | CA7: =IFERROR(VLOOKUP(A7,'25'!U:V,2,0),"0") -> 0 | CB7: ถุง | CC7: =+CA7*C7 -> 0 | CD7: =IFERROR(VLOOKUP(A7,'26'!U:V,2,0),"0") -> 0 | CE7: ถุง | CF7: =+CD7*C7 -> 0 | CG7: =IFERROR(VLOOKUP(A7,'27'!U:V,2,0),"0") -> 0 | CH7: ถุง | CI7: =+CG7*C7 -> 0 | CJ7: =IFERROR(VLOOKUP(A7,'28'!U:V,2,0),"0") -> 0 | CK7: ถุง | CL7: =+CJ7*C7 -> 0 | CM7: =IFERROR(VLOOKUP(A7,'29'!U:V,2,0),"0") -> 0 | CN7: ถุง | CO7: =+CM7*C7 -> 0 | CP7: =IFERROR(VLOOKUP(A7,'30'!U:V,2,0),"0") -> 0 | CQ7: ถุง | CR7: =+CP7*C7 -> 0 | CS7: =IFERROR(VLOOKUP(A7,'31'!U:V,2,0),"0") -> 0 | CT7: ถุง | CU7: =+CS7*C7 -> 0 | CV7: =IFERROR(VLOOKUP(A7,'เซต1-31'!V:W,2,0),"0") -> 0 | CW7: ถุง | CX7: =+CV7*CO7 -> 0
A8: 1100001 | B8: ทาร์ตสับปะรดแบบชิ้น อร่อยนุ่ม (1 ชิ้น) | C8: 4.43 | D8: =+G8+J8+M8+P8+S8+V8+Y8+AB8+AE8+AH8+AK8+AN8+AQ8+AT8+AW8+AZ8+BC8+BF8+BI8+BL8+BO8+BR8+BU8+BX8+CA8+CD8+CG8+CJ8+CM8+CP8+CS8+CV8 -> 0 | E8: ชิ้น | F8: =+D8*C8 -> 0 | G8: =IFERROR(VLOOKUP(A8,'1'!U:V,2,0),"0") -> 0 | H8: ชิ้น | I8: =+G8*C8 -> 0 | J8: =IFERROR(VLOOKUP(A8,'2'!U:V,2,0),"0") -> 0 | K8: ชิ้น | L8: =+J8*C8 -> 0 | M8: =IFERROR(VLOOKUP(A8,'3'!U:V,2,0),"0") -> 0 | N8: ชิ้น | O8: =+M8*C8 -> 0 | P8: =IFERROR(VLOOKUP(A8,'4'!U:V,2,0),"0") -> 0 | Q8: ชิ้น | R8: =+P8*C8 -> 0 | S8: =IFERROR(VLOOKUP(A8,'5'!U:V,2,0),"0") -> 0 | T8: ชิ้น | U8: =+S8*C8 -> 0 | V8: =IFERROR(VLOOKUP(A8,'6'!U:V,2,0),"0") -> 0 | W8: ชิ้น | X8: =+V8*C8 -> 0 | Y8: =IFERROR(VLOOKUP(A8,'7'!U:V,2,0),"0") -> 0 | Z8: ชิ้น | AA8: =+Y8*C8 -> 0 | AB8: =IFERROR(VLOOKUP(A8,'8'!U:V,2,0),"0") -> 0 | AC8: ชิ้น | AD8: =+AB8*C8 -> 0 | AE8: =IFERROR(VLOOKUP(A8,'9'!U:V,2,0),"0") -> 0 | AF8: ชิ้น | AG8: =+AE8*C8 -> 0 | AH8: =IFERROR(VLOOKUP(A8,'10'!U:V,2,0),"0") -> 0 | AI8: ชิ้น | AJ8: =+AH8*C8 -> 0 | AK8: =IFERROR(VLOOKUP(A8,'11'!U:V,2,0),"0") -> 0 | AL8: ชิ้น | AM8: =+AK8*C8 -> 0 | AN8: =IFERROR(VLOOKUP(A8,'12'!U:V,2,0),"0") -> 0 | AO8: ชิ้น | AP8: =+AN8*C8 -> 0 | AQ8: =IFERROR(VLOOKUP(A8,'13'!U:V,2,0),"0") -> 0 | AR8: ชิ้น | AS8: =+AQ8*C8 -> 0 | AT8: =IFERROR(VLOOKUP(A8,'14'!U:V,2,0),"0") -> 0 | AU8: ชิ้น | AV8: =+AT8*C8 -> 0 | AW8: =IFERROR(VLOOKUP(A8,'15'!U:V,2,0),"0") -> 0 | AX8: ชิ้น | AY8: =+AW8*C8 -> 0 | AZ8: =IFERROR(VLOOKUP(A8,'16'!U:V,2,0),"0") -> 0 | BA8: ชิ้น | BB8: =+AZ8*C8 -> 0 | BC8: =IFERROR(VLOOKUP(A8,'17'!U:V,2,0),"0") -> 0 | BD8: ชิ้น | BE8: =+BC8*C8 -> 0 | BF8: =IFERROR(VLOOKUP(A8,'18'!U:V,2,0),"0") -> 0 | BG8: ชิ้น | BH8: =+BF8*C8 -> 0 | BI8: =IFERROR(VLOOKUP(A8,'19'!U:V,2,0),"0") -> 0 | BJ8: ชิ้น | BK8: =+BI8*C8 -> 0 | BL8: =IFERROR(VLOOKUP(A8,'20'!U:V,2,0),"0") -> 0 | BM8: ชิ้น | BN8: =+BL8*C8 -> 0 | BO8: =IFERROR(VLOOKUP(A8,'21'!U:V,2,0),"0") -> 0 | BP8: ชิ้น | BQ8: =+BO8*C8 -> 0 | BR8: =IFERROR(VLOOKUP(A8,'22'!U:V,2,0),"0") -> 0 | BS8: ชิ้น | BT8: =+BR8*C8 -> 0 | BU8: =IFERROR(VLOOKUP(A8,'23'!U:V,2,0),"0") -> 0 | BV8: ชิ้น | BW8: =+BU8*C8 -> 0 | BX8: =IFERROR(VLOOKUP(A8,'24'!U:V,2,0),"0") -> 0 | BY8: ชิ้น | BZ8: =+BX8*C8 -> 0 | CA8: =IFERROR(VLOOKUP(A8,'25'!U:V,2,0),"0") -> 0 | CB8: ชิ้น | CC8: =+CA8*C8 -> 0 | CD8: =IFERROR(VLOOKUP(A8,'26'!U:V,2,0),"0") -> 0 | CE8: ชิ้น | CF8: =+CD8*C8 -> 0 | CG8: =IFERROR(VLOOKUP(A8,'27'!U:V,2,0),"0") -> 0 | CH8: ชิ้น | CI8: =+CG8*C8 -> 0 | CJ8: =IFERROR(VLOOKUP(A8,'28'!U:V,2,0),"0") -> 0 | CK8: ชิ้น | CL8: =+CJ8*C8 -> 0 | CM8: =IFERROR(VLOOKUP(A8,'29'!U:V,2,0),"0") -> 0 | CN8: ชิ้น | CO8: =+CM8*C8 -> 0 | CP8: =IFERROR(VLOOKUP(A8,'30'!U:V,2,0),"0") -> 0 | CQ8: ชิ้น | CR8: =+CP8*C8 -> 0 | CS8: =IFERROR(VLOOKUP(A8,'31'!U:V,2,0),"0") -> 0 | CT8: ชิ้น | CU8: =+CS8*C8 -> 0 | CV8: =IFERROR(VLOOKUP(A8,'เซต1-31'!V:W,2,0),"0") -> 0 | CW8: ชิ้น | CX8: =+CV8*CO8 -> 0
A9: 1100002 | B9: ทาร์ตสับปะรด (ทาร์ตสับปะรดกล่อง 4 ชิ้น) | C9: 22.02 | D9: =+G9+J9+M9+P9+S9+V9+Y9+AB9+AE9+AH9+AK9+AN9+AQ9+AT9+AW9+AZ9+BC9+BF9+BI9+BL9+BO9+BR9+BU9+BX9+CA9+CD9+CG9+CJ9+CM9+CP9+CS9+CV9 -> 2 | E9: กล่อง | F9: =+D9*C9 -> 44.04 | G9: =IFERROR(VLOOKUP(A9,'1'!U:V,2,0),"0") -> 0 | H9: กล่อง | I9: =+G9*C9 -> 0 | J9: =IFERROR(VLOOKUP(A9,'2'!U:V,2,0),"0") -> 0 | K9: กล่อง | L9: =+J9*C9 -> 0 | M9: =IFERROR(VLOOKUP(A9,'3'!U:V,2,0),"0") -> 0 | N9: กล่อง | O9: =+M9*C9 -> 0 | P9: =IFERROR(VLOOKUP(A9,'4'!U:V,2,0),"0") -> 0 | Q9: กล่อง | R9: =+P9*C9 -> 0 | S9: =IFERROR(VLOOKUP(A9,'5'!U:V,2,0),"0") -> 0 | T9: กล่อง | U9: =+S9*C9 -> 0 | V9: =IFERROR(VLOOKUP(A9,'6'!U:V,2,0),"0") -> 0 | W9: กล่อง | X9: =+V9*C9 -> 0 | Y9: =IFERROR(VLOOKUP(A9,'7'!U:V,2,0),"0") -> 0 | Z9: กล่อง | AA9: =+Y9*C9 -> 0 | AB9: =IFERROR(VLOOKUP(A9,'8'!U:V,2,0),"0") -> 0 | AC9: กล่อง | AD9: =+AB9*C9 -> 0 | AE9: =IFERROR(VLOOKUP(A9,'9'!U:V,2,0),"0") -> 0 | AF9: กล่อง | AG9: =+AE9*C9 -> 0 | AH9: =IFERROR(VLOOKUP(A9,'10'!U:V,2,0),"0") -> 0 | AI9: กล่อง | AJ9: =+AH9*C9 -> 0 | AK9: =IFERROR(VLOOKUP(A9,'11'!U:V,2,0),"0") -> 0 | AL9: กล่อง | AM9: =+AK9*C9 -> 0 | AN9: =IFERROR(VLOOKUP(A9,'12'!U:V,2,0),"0") -> 0 | AO9: กล่อง | AP9: =+AN9*C9 -> 0 | AQ9: =IFERROR(VLOOKUP(A9,'13'!U:V,2,0),"0") -> 1 | AR9: กล่อง | AS9: =+AQ9*C9 -> 22.02 | AT9: =IFERROR(VLOOKUP(A9,'14'!U:V,2,0),"0") -> 0 | AU9: กล่อง | AV9: =+AT9*C9 -> 0 | AW9: =IFERROR(VLOOKUP(A9,'15'!U:V,2,0),"0") -> 0 | AX9: กล่อง | AY9: =+AW9*C9 -> 0 | AZ9: =IFERROR(VLOOKUP(A9,'16'!U:V,2,0),"0") -> 0 | BA9: กล่อง | BB9: =+AZ9*C9 -> 0 | BC9: =IFERROR(VLOOKUP(A9,'17'!U:V,2,0),"0") -> 0 | BD9: กล่อง | BE9: =+BC9*C9 -> 0 | BF9: =IFERROR(VLOOKUP(A9,'18'!U:V,2,0),"0") -> 0 | BG9: กล่อง | BH9: =+BF9*C9 -> 0 | BI9: =IFERROR(VLOOKUP(A9,'19'!U:V,2,0),"0") -> 0 | BJ9: กล่อง | BK9: =+BI9*C9 -> 0 | BL9: =IFERROR(VLOOKUP(A9,'20'!U:V,2,0),"0") -> 0 | BM9: กล่อง | BN9: =+BL9*C9 -> 0 | BO9: =IFERROR(VLOOKUP(A9,'21'!U:V,2,0),"0") -> 0 | BP9: กล่อง | BQ9: =+BO9*C9 -> 0 | BR9: =IFERROR(VLOOKUP(A9,'22'!U:V,2,0),"0") -> 0 | BS9: กล่อง | BT9: =+BR9*C9 -> 0 | BU9: =IFERROR(VLOOKUP(A9,'23'!U:V,2,0),"0") -> 0 | BV9: กล่อง | BW9: =+BU9*C9 -> 0 | BX9: =IFERROR(VLOOKUP(A9,'24'!U:V,2,0),"0") -> 0 | BY9: กล่อง | BZ9: =+BX9*C9 -> 0 | CA9: =IFERROR(VLOOKUP(A9,'25'!U:V,2,0),"0") -> 0 | CB9: กล่อง | CC9: =+CA9*C9 -> 0 | CD9: =IFERROR(VLOOKUP(A9,'26'!U:V,2,0),"0") -> 1 | CE9: กล่อง | CF9: =+CD9*C9 -> 22.02 | CG9: =IFERROR(VLOOKUP(A9,'27'!U:V,2,0),"0") -> 0 | CH9: กล่อง | CI9: =+CG9*C9 -> 0 | CJ9: =IFERROR(VLOOKUP(A9,'28'!U:V,2,0),"0") -> 0 | CK9: กล่อง | CL9: =+CJ9*C9 -> 0 | CM9: =IFERROR(VLOOKUP(A9,'29'!U:V,2,0),"0") -> 0 | CN9: กล่อง | CO9: =+CM9*C9 -> 0 | CP9: =IFERROR(VLOOKUP(A9,'30'!U:V,2,0),"0") -> 0 | CQ9: กล่อง | CR9: =+CP9*C9 -> 0 | CS9: =IFERROR(VLOOKUP(A9,'31'!U:V,2,0),"0") -> 0 | CT9: กล่อง | CU9: =+CS9*C9 -> 0 | CV9: =IFERROR(VLOOKUP(A9,'เซต1-31'!V:W,2,0),"0") -> 0 | CW9: กล่อง | CX9: =+CV9*CO9 -> 0
A10: 1100003 | B10: เมอแรงก์กระปุก (เก็บไว้ได้ 60 วัน) | C10: 11.91 | D10: =+G10+J10+M10+P10+S10+V10+Y10+AB10+AE10+AH10+AK10+AN10+AQ10+AT10+AW10+AZ10+BC10+BF10+BI10+BL10+BO10+BR10+BU10+BX10+CA10+CD10+CG10+CJ10+CM10+CP10+CS10+CV10 -> 0 | E10: กระปุก | F10: =+D10*C10 -> 0 | G10: =IFERROR(VLOOKUP(A10,'1'!U:V,2,0),"0") -> 0 | H10: กระปุก | I10: =+G10*C10 -> 0 | J10: =IFERROR(VLOOKUP(A10,'2'!U:V,2,0),"0") -> 0 | K10: กระปุก | L10: =+J10*C10 -> 0 | M10: =IFERROR(VLOOKUP(A10,'3'!U:V,2,0),"0") -> 0 | N10: กระปุก | O10: =+M10*C10 -> 0 | P10: =IFERROR(VLOOKUP(A10,'4'!U:V,2,0),"0") -> 0 | Q10: กระปุก | R10: =+P10*C10 -> 0 | S10: =IFERROR(VLOOKUP(A10,'5'!U:V,2,0),"0") -> 0 | T10: กระปุก | U10: =+S10*C10 -> 0 | V10: =IFERROR(VLOOKUP(A10,'6'!U:V,2,0),"0") -> 0 | W10: กระปุก | X10: =+V10*C10 -> 0 | Y10: =IFERROR(VLOOKUP(A10,'7'!U:V,2,0),"0") -> 0 | Z10: กระปุก | AA10: =+Y10*C10 -> 0 | AB10: =IFERROR(VLOOKUP(A10,'8'!U:V,2,0),"0") -> 0 | AC10: กระปุก | AD10: =+AB10*C10 -> 0 | AE10: =IFERROR(VLOOKUP(A10,'9'!U:V,2,0),"0") -> 0 | AF10: กระปุก | AG10: =+AE10*C10 -> 0 | AH10: =IFERROR(VLOOKUP(A10,'10'!U:V,2,0),"0") -> 0 | AI10: กระปุก | AJ10: =+AH10*C10 -> 0 | AK10: =IFERROR(VLOOKUP(A10,'11'!U:V,2,0),"0") -> 0 | AL10: กระปุก | AM10: =+AK10*C10 -> 0 | AN10: =IFERROR(VLOOKUP(A10,'12'!U:V,2,0),"0") -> 0 | AO10: กระปุก | AP10: =+AN10*C10 -> 0 | AQ10: =IFERROR(VLOOKUP(A10,'13'!U:V,2,0),"0") -> 0 | AR10: กระปุก | AS10: =+AQ10*C10 -> 0 | AT10: =IFERROR(VLOOKUP(A10,'14'!U:V,2,0),"0") -> 0 | AU10: กระปุก | AV10: =+AT10*C10 -> 0 | AW10: =IFERROR(VLOOKUP(A10,'15'!U:V,2,0),"0") -> 0 | AX10: กระปุก | AY10: =+AW10*C10 -> 0 | AZ10: =IFERROR(VLOOKUP(A10,'16'!U:V,2,0),"0") -> 0 | BA10: กระปุก | BB10: =+AZ10*C10 -> 0 | BC10: =IFERROR(VLOOKUP(A10,'17'!U:V,2,0),"0") -> 0 | BD10: กระปุก | BE10: =+BC10*C10 -> 0 | BF10: =IFERROR(VLOOKUP(A10,'18'!U:V,2,0),"0") -> 0 | BG10: กระปุก | BH10: =+BF10*C10 -> 0 | BI10: =IFERROR(VLOOKUP(A10,'19'!U:V,2,0),"0") -> 0 | BJ10: กระปุก | BK10: =+BI10*C10 -> 0 | BL10: =IFERROR(VLOOKUP(A10,'20'!U:V,2,0),"0") -> 0 | BM10: กระปุก | BN10: =+BL10*C10 -> 0 | BO10: =IFERROR(VLOOKUP(A10,'21'!U:V,2,0),"0") -> 0 | BP10: กระปุก | BQ10: =+BO10*C10 -> 0 | BR10: =IFERROR(VLOOKUP(A10,'22'!U:V,2,0),"0") -> 0 | BS10: กระปุก | BT10: =+BR10*C10 -> 0 | BU10: =IFERROR(VLOOKUP(A10,'23'!U:V,2,0),"0") -> 0 | BV10: กระปุก | BW10: =+BU10*C10 -> 0 | BX10: =IFERROR(VLOOKUP(A10,'24'!U:V,2,0),"0") -> 0 | BY10: กระปุก | BZ10: =+BX10*C10 -> 0 | CA10: =IFERROR(VLOOKUP(A10,'25'!U:V,2,0),"0") -> 0 | CB10: กระปุก | CC10: =+CA10*C10 -> 0 | CD10: =IFERROR(VLOOKUP(A10,'26'!U:V,2,0),"0") -> 0 | CE10: กระปุก | CF10: =+CD10*C10 -> 0 | CG10: =IFERROR(VLOOKUP(A10,'27'!U:V,2,0),"0") -> 0 | CH10: กระปุก | CI10: =+CG10*C10 -> 0 | CJ10: =IFERROR(VLOOKUP(A10,'28'!U:V,2,0),"0") -> 0 | CK10: กระปุก | CL10: =+CJ10*C10 -> 0 | CM10: =IFERROR(VLOOKUP(A10,'29'!U:V,2,0),"0") -> 0 | CN10: กระปุก | CO10: =+CM10*C10 -> 0 | CP10: =IFERROR(VLOOKUP(A10,'30'!U:V,2,0),"0") -> 0 | CQ10: กระปุก | CR10: =+CP10*C10 -> 0 | CS10: =IFERROR(VLOOKUP(A10,'31'!U:V,2,0),"0") -> 0 | CT10: กระปุก | CU10: =+CS10*C10 -> 0 | CV10: =IFERROR(VLOOKUP(A10,'เซต1-31'!V:W,2,0),"0") -> 0 | CW10: กระปุก | CX10: =+CV10*CO10 -> 0
A11: 1100004 | B11: เมอแรงค์ อัลม่อนเม็ดมะม่วงหิมพานต์ (ถุง) | C11: 13.03 | D11: =+G11+J11+M11+P11+S11+V11+Y11+AB11+AE11+AH11+AK11+AN11+AQ11+AT11+AW11+AZ11+BC11+BF11+BI11+BL11+BO11+BR11+BU11+BX11+CA11+CD11+CG11+CJ11+CM11+CP11+CS11+CV11 -> 0 | E11: ถุง | F11: =+D11*C11 -> 0 | G11: =IFERROR(VLOOKUP(A11,'1'!U:V,2,0),"0") -> 0 | H11: ถุง | I11: =+G11*C11 -> 0 | J11: =IFERROR(VLOOKUP(A11,'2'!U:V,2,0),"0") -> 0 | K11: ถุง | L11: =+J11*C11 -> 0 | M11: =IFERROR(VLOOKUP(A11,'3'!U:V,2,0),"0") -> 0 | N11: ถุง | O11: =+M11*C11 -> 0 | P11: =IFERROR(VLOOKUP(A11,'4'!U:V,2,0),"0") -> 0 | Q11: ถุง | R11: =+P11*C11 -> 0 | S11: =IFERROR(VLOOKUP(A11,'5'!U:V,2,0),"0") -> 0 | T11: ถุง | U11: =+S11*C11 -> 0 | V11: =IFERROR(VLOOKUP(A11,'6'!U:V,2,0),"0") -> 0 | W11: ถุง | X11: =+V11*C11 -> 0 | Y11: =IFERROR(VLOOKUP(A11,'7'!U:V,2,0),"0") -> 0 | Z11: ถุง | AA11: =+Y11*C11 -> 0 | AB11: =IFERROR(VLOOKUP(A11,'8'!U:V,2,0),"0") -> 0 | AC11: ถุง | AD11: =+AB11*C11 -> 0 | AE11: =IFERROR(VLOOKUP(A11,'9'!U:V,2,0),"0") -> 0 | AF11: ถุง | AG11: =+AE11*C11 -> 0 | AH11: =IFERROR(VLOOKUP(A11,'10'!U:V,2,0),"0") -> 0 | AI11: ถุง | AJ11: =+AH11*C11 -> 0 | AK11: =IFERROR(VLOOKUP(A11,'11'!U:V,2,0),"0") -> 0 | AL11: ถุง | AM11: =+AK11*C11 -> 0 | AN11: =IFERROR(VLOOKUP(A11,'12'!U:V,2,0),"0") -> 0 | AO11: ถุง | AP11: =+AN11*C11 -> 0 | AQ11: =IFERROR(VLOOKUP(A11,'13'!U:V,2,0),"0") -> 0 | AR11: ถุง | AS11: =+AQ11*C11 -> 0 | AT11: =IFERROR(VLOOKUP(A11,'14'!U:V,2,0),"0") -> 0 | AU11: ถุง | AV11: =+AT11*C11 -> 0 | AW11: =IFERROR(VLOOKUP(A11,'15'!U:V,2,0),"0") -> 0 | AX11: ถุง | AY11: =+AW11*C11 -> 0 | AZ11: =IFERROR(VLOOKUP(A11,'16'!U:V,2,0),"0") -> 0 | BA11: ถุง | BB11: =+AZ11*C11 -> 0 | BC11: =IFERROR(VLOOKUP(A11,'17'!U:V,2,0),"0") -> 0 | BD11: ถุง | BE11: =+BC11*C11 -> 0 | BF11: =IFERROR(VLOOKUP(A11,'18'!U:V,2,0),"0") -> 0 | BG11: ถุง | BH11: =+BF11*C11 -> 0 | BI11: =IFERROR(VLOOKUP(A11,'19'!U:V,2,0),"0") -> 0 | BJ11: ถุง | BK11: =+BI11*C11 -> 0 | BL11: =IFERROR(VLOOKUP(A11,'20'!U:V,2,0),"0") -> 0 | BM11: ถุง | BN11: =+BL11*C11 -> 0 | BO11: =IFERROR(VLOOKUP(A11,'21'!U:V,2,0),"0") -> 0 | BP11: ถุง | BQ11: =+BO11*C11 -> 0 | BR11: =IFERROR(VLOOKUP(A11,'22'!U:V,2,0),"0") -> 0 | BS11: ถุง | BT11: =+BR11*C11 -> 0 | BU11: =IFERROR(VLOOKUP(A11,'23'!U:V,2,0),"0") -> 0 | BV11: ถุง | BW11: =+BU11*C11 -> 0 | BX11: =IFERROR(VLOOKUP(A11,'24'!U:V,2,0),"0") -> 0 | BY11: ถุง | BZ11: =+BX11*C11 -> 0 | CA11: =IFERROR(VLOOKUP(A11,'25'!U:V,2,0),"0") -> 0 | CB11: ถุง | CC11: =+CA11*C11 -> 0 | CD11: =IFERROR(VLOOKUP(A11,'26'!U:V,2,0),"0") -> 0 | CE11: ถุง | CF11: =+CD11*C11 -> 0 | CG11: =IFERROR(VLOOKUP(A11,'27'!U:V,2,0),"0") -> 0 | CH11: ถุง | CI11: =+CG11*C11 -> 0 | CJ11: =IFERROR(VLOOKUP(A11,'28'!U:V,2,0),"0") -> 0 | CK11: ถุง | CL11: =+CJ11*C11 -> 0 | CM11: =IFERROR(VLOOKUP(A11,'29'!U:V,2,0),"0") -> 0 | CN11: ถุง | CO11: =+CM11*C11 -> 0 | CP11: =IFERROR(VLOOKUP(A11,'30'!U:V,2,0),"0") -> 0 | CQ11: ถุง | CR11: =+CP11*C11 -> 0 | CS11: =IFERROR(VLOOKUP(A11,'31'!U:V,2,0),"0") -> 0 | CT11: ถุง | CU11: =+CS11*C11 -> 0 | CV11: =IFERROR(VLOOKUP(A11,'เซต1-31'!V:W,2,0),"0") -> 0 | CW11: ถุง | CX11: =+CV11*CO11 -> 0
A12: 1111001 | B12: ชิฟฟอนไม่มีไส้เเบบเเยกชิ้น เลือกรสชาติได้ (คละรส) | C12: 4.33 | D12: =+G12+J12+M12+P12+S12+V12+Y12+AB12+AE12+AH12+AK12+AN12+AQ12+AT12+AW12+AZ12+BC12+BF12+BI12+BL12+BO12+BR12+BU12+BX12+CA12+CD12+CG12+CJ12+CM12+CP12+CS12+CV12 -> 2530 | E12: ชิ้น | F12: =+D12*C12 -> 10954.9 | G12: =IFERROR(VLOOKUP(A12,'1'!U:V,2,0),"0") -> 0 | H12: ชิ้น | I12: =+G12*C12 -> 0 | J12: =IFERROR(VLOOKUP(A12,'2'!U:V,2,0),"0") -> 150 | K12: ชิ้น | L12: =+J12*C12 -> 649.5 | M12: =IFERROR(VLOOKUP(A12,'3'!U:V,2,0),"0") -> 50 | N12: ชิ้น | O12: =+M12*C12 -> 216.5 | P12: =IFERROR(VLOOKUP(A12,'4'!U:V,2,0),"0") -> 0 | Q12: ชิ้น | R12: =+P12*C12 -> 0 | S12: =IFERROR(VLOOKUP(A12,'5'!U:V,2,0),"0") -> 0 | T12: ชิ้น | U12: =+S12*C12 -> 0 | V12: =IFERROR(VLOOKUP(A12,'6'!U:V,2,0),"0") -> 20 | W12: ชิ้น | X12: =+V12*C12 -> 86.6 | Y12: =IFERROR(VLOOKUP(A12,'7'!U:V,2,0),"0") -> 290 | Z12: ชิ้น | AA12: =+Y12*C12 -> 1255.7 | AB12: =IFERROR(VLOOKUP(A12,'8'!U:V,2,0),"0") -> 200 | AC12: ชิ้น | AD12: =+AB12*C12 -> 866 | AE12: =IFERROR(VLOOKUP(A12,'9'!U:V,2,0),"0") -> 90 | AF12: ชิ้น | AG12: =+AE12*C12 -> 389.7 | AH12: =IFERROR(VLOOKUP(A12,'10'!U:V,2,0),"0") -> 20 | AI12: ชิ้น | AJ12: =+AH12*C12 -> 86.6 | AK12: =IFERROR(VLOOKUP(A12,'11'!U:V,2,0),"0") -> 0 | AL12: ชิ้น | AM12: =+AK12*C12 -> 0 | AN12: =IFERROR(VLOOKUP(A12,'12'!U:V,2,0),"0") -> 0 | AO12: ชิ้น | AP12: =+AN12*C12 -> 0 | AQ12: =IFERROR(VLOOKUP(A12,'13'!U:V,2,0),"0") -> 120 | AR12: ชิ้น | AS12: =+AQ12*C12 -> 519.6 | AT12: =IFERROR(VLOOKUP(A12,'14'!U:V,2,0),"0") -> 50 | AU12: ชิ้น | AV12: =+AT12*C12 -> 216.5 | AW12: =IFERROR(VLOOKUP(A12,'15'!U:V,2,0),"0") -> 90 | AX12: ชิ้น | AY12: =+AW12*C12 -> 389.7 | AZ12: =IFERROR(VLOOKUP(A12,'16'!U:V,2,0),"0") -> 20 | BA12: ชิ้น | BB12: =+AZ12*C12 -> 86.6 | BC12: =IFERROR(VLOOKUP(A12,'17'!U:V,2,0),"0") -> 90 | BD12: ชิ้น | BE12: =+BC12*C12 -> 389.7 | BF12: =IFERROR(VLOOKUP(A12,'18'!U:V,2,0),"0") -> 120 | BG12: ชิ้น | BH12: =+BF12*C12 -> 519.6 | BI12: =IFERROR(VLOOKUP(A12,'19'!U:V,2,0),"0") -> 30 | BJ12: ชิ้น | BK12: =+BI12*C12 -> 129.9 | BL12: =IFERROR(VLOOKUP(A12,'20'!U:V,2,0),"0") -> 220 | BM12: ชิ้น | BN12: =+BL12*C12 -> 952.6 | BO12: =IFERROR(VLOOKUP(A12,'21'!U:V,2,0),"0") -> 70 | BP12: ชิ้น | BQ12: =+BO12*C12 -> 303.1 | BR12: =IFERROR(VLOOKUP(A12,'22'!U:V,2,0),"0") -> 20 | BS12: ชิ้น | BT12: =+BR12*C12 -> 86.6 | BU12: =IFERROR(VLOOKUP(A12,'23'!U:V,2,0),"0") -> 70 | BV12: ชิ้น | BW12: =+BU12*C12 -> 303.1 | BX12: =IFERROR(VLOOKUP(A12,'24'!U:V,2,0),"0") -> 30 | BY12: ชิ้น | BZ12: =+BX12*C12 -> 129.9 | CA12: =IFERROR(VLOOKUP(A12,'25'!U:V,2,0),"0") -> 170 | CB12: ชิ้น | CC12: =+CA12*C12 -> 736.1 | CD12: =IFERROR(VLOOKUP(A12,'26'!U:V,2,0),"0") -> 20 | CE12: ชิ้น | CF12: =+CD12*C12 -> 86.6 | CG12: =IFERROR(VLOOKUP(A12,'27'!U:V,2,0),"0") -> 190 | CH12: ชิ้น | CI12: =+CG12*C12 -> 822.7 | CJ12: =IFERROR(VLOOKUP(A12,'28'!U:V,2,0),"0") -> 200 | CK12: ชิ้น | CL12: =+CJ12*C12 -> 866 | CM12: =IFERROR(VLOOKUP(A12,'29'!U:V,2,0),"0") -> 70 | CN12: ชิ้น | CO12: =+CM12*C12 -> 303.1 | CP12: =IFERROR(VLOOKUP(A12,'30'!U:V,2,0),"0") -> 60 | CQ12: ชิ้น | CR12: =+CP12*C12 -> 259.8 | CS12: =IFERROR(VLOOKUP(A12,'31'!U:V,2,0),"0") -> 70 | CT12: ชิ้น | CU12: =+CS12*C12 -> 303.1 | CV12: =IFERROR(VLOOKUP(A12,'เซต1-31'!V:W,2,0),"0") -> 0 | CW12: ชิ้น | CX12: =+CV12*CO12 -> 0
A13: 1111002 | B13: ชิฟฟ่อนไม่มีไส้ แบบกล่อง8ชิ้น รวมรส | C13: 37.17 | D13: =+G13+J13+M13+P13+S13+V13+Y13+AB13+AE13+AH13+AK13+AN13+AQ13+AT13+AW13+AZ13+BC13+BF13+BI13+BL13+BO13+BR13+BU13+BX13+CA13+CD13+CG13+CJ13+CM13+CP13+CS13+CV13 -> 1819 | E13: กล่อง | F13: =+D13*C13 -> 67612.23 | G13: =IFERROR(VLOOKUP(A13,'1'!U:V,2,0),"0") -> 57 | H13: กล่อง | I13: =+G13*C13 -> 2118.69 | J13: =IFERROR(VLOOKUP(A13,'2'!U:V,2,0),"0") -> 21 | K13: กล่อง | L13: =+J13*C13 -> 780.57 | M13: =IFERROR(VLOOKUP(A13,'3'!U:V,2,0),"0") -> 60 | N13: กล่อง | O13: =+M13*C13 -> 2230.2 | P13: =IFERROR(VLOOKUP(A13,'4'!U:V,2,0),"0") -> 56 | Q13: กล่อง | R13: =+P13*C13 -> 2081.52 | S13: =IFERROR(VLOOKUP(A13,'5'!U:V,2,0),"0") -> 69 | T13: กล่อง | U13: =+S13*C13 -> 2564.73 | V13: =IFERROR(VLOOKUP(A13,'6'!U:V,2,0),"0") -> 103 | W13: กล่อง | X13: =+V13*C13 -> 3828.51 | Y13: =IFERROR(VLOOKUP(A13,'7'!U:V,2,0),"0") -> 47 | Z13: กล่อง | AA13: =+Y13*C13 -> 1746.99 | AB13: =IFERROR(VLOOKUP(A13,'8'!U:V,2,0),"0") -> 42 | AC13: กล่อง | AD13: =+AB13*C13 -> 1561.14 | AE13: =IFERROR(VLOOKUP(A13,'9'!U:V,2,0),"0") -> 72 | AF13: กล่อง | AG13: =+AE13*C13 -> 2676.24 | AH13: =IFERROR(VLOOKUP(A13,'10'!U:V,2,0),"0") -> 35 | AI13: กล่อง | AJ13: =+AH13*C13 -> 1300.95 | AK13: =IFERROR(VLOOKUP(A13,'11'!U:V,2,0),"0") -> 60 | AL13: กล่อง | AM13: =+AK13*C13 -> 2230.2 | AN13: =IFERROR(VLOOKUP(A13,'12'!U:V,2,0),"0") -> 29 | AO13: กล่อง | AP13: =+AN13*C13 -> 1077.93 | AQ13: =IFERROR(VLOOKUP(A13,'13'!U:V,2,0),"0") -> 57 | AR13: กล่อง | AS13: =+AQ13*C13 -> 2118.69 | AT13: =IFERROR(VLOOKUP(A13,'14'!U:V,2,0),"0") -> 56 | AU13: กล่อง | AV13: =+AT13*C13 -> 2081.52 | AW13: =IFERROR(VLOOKUP(A13,'15'!U:V,2,0),"0") -> 4 | AX13: กล่อง | AY13: =+AW13*C13 -> 148.68 | AZ13: =IFERROR(VLOOKUP(A13,'16'!U:V,2,0),"0") -> 32 | BA13: กล่อง | BB13: =+AZ13*C13 -> 1189.44 | BC13: =IFERROR(VLOOKUP(A13,'17'!U:V,2,0),"0") -> 56 | BD13: กล่อง | BE13: =+BC13*C13 -> 2081.52 | BF13: =IFERROR(VLOOKUP(A13,'18'!U:V,2,0),"0") -> 37 | BG13: กล่อง | BH13: =+BF13*C13 -> 1375.29 | BI13: =IFERROR(VLOOKUP(A13,'19'!U:V,2,0),"0") -> 92 | BJ13: กล่อง | BK13: =+BI13*C13 -> 3419.64 | BL13: =IFERROR(VLOOKUP(A13,'20'!U:V,2,0),"0") -> 67 | BM13: กล่อง | BN13: =+BL13*C13 -> 2490.39 | BO13: =IFERROR(VLOOKUP(A13,'21'!U:V,2,0),"0") -> 57 | BP13: กล่อง | BQ13: =+BO13*C13 -> 2118.69 | BR13: =IFERROR(VLOOKUP(A13,'22'!U:V,2,0),"0") -> 66 | BS13: กล่อง | BT13: =+BR13*C13 -> 2453.22 | BU13: =IFERROR(VLOOKUP(A13,'23'!U:V,2,0),"0") -> 33 | BV13: กล่อง | BW13: =+BU13*C13 -> 1226.61 | BX13: =IFERROR(VLOOKUP(A13,'24'!U:V,2,0),"0") -> 121 | BY13: กล่อง | BZ13: =+BX13*C13 -> 4497.57 | CA13: =IFERROR(VLOOKUP(A13,'25'!U:V,2,0),"0") -> 64 | CB13: กล่อง | CC13: =+CA13*C13 -> 2378.88 | CD13: =IFERROR(VLOOKUP(A13,'26'!U:V,2,0),"0") -> 83 | CE13: กล่อง | CF13: =+CD13*C13 -> 3085.11 | CG13: =IFERROR(VLOOKUP(A13,'27'!U:V,2,0),"0") -> 62 | CH13: กล่อง | CI13: =+CG13*C13 -> 2304.54 | CJ13: =IFERROR(VLOOKUP(A13,'28'!U:V,2,0),"0") -> 78 | CK13: กล่อง | CL13: =+CJ13*C13 -> 2899.26 | CM13: =IFERROR(VLOOKUP(A13,'29'!U:V,2,0),"0") -> 32 | CN13: กล่อง | CO13: =+CM13*C13 -> 1189.44 | CP13: =IFERROR(VLOOKUP(A13,'30'!U:V,2,0),"0") -> 99 | CQ13: กล่อง | CR13: =+CP13*C13 -> 3679.83 | CS13: =IFERROR(VLOOKUP(A13,'31'!U:V,2,0),"0") -> 72 | CT13: กล่อง | CU13: =+CS13*C13 -> 2676.24 | CV13: =IFERROR(VLOOKUP(A13,'เซต1-31'!V:W,2,0),"0") -> 0 | CW13: กล่อง | CX13: =+CV13*CO13 -> 0
A14: 1111002-A | B14: ชิฟฟ่อนไม่มีไส้ แบบกล่อง8ชิ้น รวมรส (รวมรส) | C14: 37.17 | D14: =+G14+J14+M14+P14+S14+V14+Y14+AB14+AE14+AH14+AK14+AN14+AQ14+AT14+AW14+AZ14+BC14+BF14+BI14+BL14+BO14+BR14+BU14+BX14+CA14+CD14+CG14+CJ14+CM14+CP14+CS14+CV14 -> 0 | E14: กล่อง | F14: =+D14*C14 -> 0 | G14: =IFERROR(VLOOKUP(A14,'1'!U:V,2,0),"0") -> 0 | H14: กล่อง | I14: =+G14*C14 -> 0 | J14: =IFERROR(VLOOKUP(A14,'2'!U:V,2,0),"0") -> 0 | K14: กล่อง | L14: =+J14*C14 -> 0 | M14: =IFERROR(VLOOKUP(A14,'3'!U:V,2,0),"0") -> 0 | N14: กล่อง | O14: =+M14*C14 -> 0 | P14: =IFERROR(VLOOKUP(A14,'4'!U:V,2,0),"0") -> 0 | Q14: กล่อง | R14: =+P14*C14 -> 0 | S14: =IFERROR(VLOOKUP(A14,'5'!U:V,2,0),"0") -> 0 | T14: กล่อง | U14: =+S14*C14 -> 0 | V14: =IFERROR(VLOOKUP(A14,'6'!U:V,2,0),"0") -> 0 | W14: กล่อง | X14: =+V14*C14 -> 0 | Y14: =IFERROR(VLOOKUP(A14,'7'!U:V,2,0),"0") -> 0 | Z14: กล่อง | AA14: =+Y14*C14 -> 0 | AB14: =IFERROR(VLOOKUP(A14,'8'!U:V,2,0),"0") -> 0 | AC14: กล่อง | AD14: =+AB14*C14 -> 0 | AE14: =IFERROR(VLOOKUP(A14,'9'!U:V,2,0),"0") -> 0 | AF14: กล่อง | AG14: =+AE14*C14 -> 0 | AH14: =IFERROR(VLOOKUP(A14,'10'!U:V,2,0),"0") -> 0 | AI14: กล่อง | AJ14: =+AH14*C14 -> 0 | AK14: =IFERROR(VLOOKUP(A14,'11'!U:V,2,0),"0") -> 0 | AL14: กล่อง | AM14: =+AK14*C14 -> 0 | AN14: =IFERROR(VLOOKUP(A14,'12'!U:V,2,0),"0") -> 0 | AO14: กล่อง | AP14: =+AN14*C14 -> 0 | AQ14: =IFERROR(VLOOKUP(A14,'13'!U:V,2,0),"0") -> 0 | AR14: กล่อง | AS14: =+AQ14*C14 -> 0 | AT14: =IFERROR(VLOOKUP(A14,'14'!U:V,2,0),"0") -> 0 | AU14: กล่อง | AV14: =+AT14*C14 -> 0 | AW14: =IFERROR(VLOOKUP(A14,'15'!U:V,2,0),"0") -> 0 | AX14: กล่อง | AY14: =+AW14*C14 -> 0 | AZ14: =IFERROR(VLOOKUP(A14,'16'!U:V,2,0),"0") -> 0 | BA14: กล่อง | BB14: =+AZ14*C14 -> 0 | BC14: =IFERROR(VLOOKUP(A14,'17'!U:V,2,0),"0") -> 0 | BD14: กล่อง | BE14: =+BC14*C14 -> 0 | BF14: =IFERROR(VLOOKUP(A14,'18'!U:V,2,0),"0") -> 0 | BG14: กล่อง | BH14: =+BF14*C14 -> 0 | BI14: =IFERROR(VLOOKUP(A14,'19'!U:V,2,0),"0") -> 0 | BJ14: กล่อง | BK14: =+BI14*C14 -> 0 | BL14: =IFERROR(VLOOKUP(A14,'20'!U:V,2,0),"0") -> 0 | BM14: กล่อง | BN14: =+BL14*C14 -> 0 | BO14: =IFERROR(VLOOKUP(A14,'21'!U:V,2,0),"0") -> 0 | BP14: กล่อง | BQ14: =+BO14*C14 -> 0 | BR14: =IFERROR(VLOOKUP(A14,'22'!U:V,2,0),"0") -> 0 | BS14: กล่อง | BT14: =+BR14*C14 -> 0 | BU14: =IFERROR(VLOOKUP(A14,'23'!U:V,2,0),"0") -> 0 | BV14: กล่อง | BW14: =+BU14*C14 -> 0 | BX14: =IFERROR(VLOOKUP(A14,'24'!U:V,2,0),"0") -> 0 | BY14: กล่อง | BZ14: =+BX14*C14 -> 0 | CA14: =IFERROR(VLOOKUP(A14,'25'!U:V,2,0),"0") -> 0 | CB14: กล่อง | CC14: =+CA14*C14 -> 0 | CD14: =IFERROR(VLOOKUP(A14,'26'!U:V,2,0),"0") -> 0 | CE14: กล่อง | CF14: =+CD14*C14 -> 0 | CG14: =IFERROR(VLOOKUP(A14,'27'!U:V,2,0),"0") -> 0 | CH14: กล่อง | CI14: =+CG14*C14 -> 0 | CJ14: =IFERROR(VLOOKUP(A14,'28'!U:V,2,0),"0") -> 0 | CK14: กล่อง | CL14: =+CJ14*C14 -> 0 | CM14: =IFERROR(VLOOKUP(A14,'29'!U:V,2,0),"0") -> 0 | CN14: กล่อง | CO14: =+CM14*C14 -> 0 | CP14: =IFERROR(VLOOKUP(A14,'30'!U:V,2,0),"0") -> 0 | CQ14: กล่อง | CR14: =+CP14*C14 -> 0 | CS14: =IFERROR(VLOOKUP(A14,'31'!U:V,2,0),"0") -> 0 | CT14: กล่อง | CU14: =+CS14*C14 -> 0 | CV14: =IFERROR(VLOOKUP(A14,'เซต1-31'!V:W,2,0),"0") -> 0 | CW14: กล่อง | CX14: =+CV14*CO14 -> 0
A15: 1111002-M | B15: ชิฟฟ่อนรวมรส แบบไม่มีไส้ 1 กล่องมี 8 ชิ้น เก็บได้ 20 วัน คละรสชาติให้ นุ่ม หอม อร่อย วรรณวนัช | C15: 37.17 | D15: =+G15+J15+M15+P15+S15+V15+Y15+AB15+AE15+AH15+AK15+AN15+AQ15+AT15+AW15+AZ15+BC15+BF15+BI15+BL15+BO15+BR15+BU15+BX15+CA15+CD15+CG15+CJ15+CM15+CP15+CS15+CV15 -> 0 | E15: กล่อง | F15: =+D15*C15 -> 0 | G15: =IFERROR(VLOOKUP(A15,'1'!U:V,2,0),"0") -> 0 | H15: กล่อง | I15: =+G15*C15 -> 0 | J15: =IFERROR(VLOOKUP(A15,'2'!U:V,2,0),"0") -> 0 | K15: กล่อง | L15: =+J15*C15 -> 0 | M15: =IFERROR(VLOOKUP(A15,'3'!U:V,2,0),"0") -> 0 | N15: กล่อง | O15: =+M15*C15 -> 0 | P15: =IFERROR(VLOOKUP(A15,'4'!U:V,2,0),"0") -> 0 | Q15: กล่อง | R15: =+P15*C15 -> 0 | S15: =IFERROR(VLOOKUP(A15,'5'!U:V,2,0),"0") -> 0 | T15: กล่อง | U15: =+S15*C15 -> 0 | V15: =IFERROR(VLOOKUP(A15,'6'!U:V,2,0),"0") -> 0 | W15: กล่อง | X15: =+V15*C15 -> 0 | Y15: =IFERROR(VLOOKUP(A15,'7'!U:V,2,0),"0") -> 0 | Z15: กล่อง | AA15: =+Y15*C15 -> 0 | AB15: =IFERROR(VLOOKUP(A15,'8'!U:V,2,0),"0") -> 0 | AC15: กล่อง | AD15: =+AB15*C15 -> 0 | AE15: =IFERROR(VLOOKUP(A15,'9'!U:V,2,0),"0") -> 0 | AF15: กล่อง | AG15: =+AE15*C15 -> 0 | AH15: =IFERROR(VLOOKUP(A15,'10'!U:V,2,0),"0") -> 0 | AI15: กล่อง | AJ15: =+AH15*C15 -> 0 | AK15: =IFERROR(VLOOKUP(A15,'11'!U:V,2,0),"0") -> 0 | AL15: กล่อง | AM15: =+AK15*C15 -> 0 | AN15: =IFERROR(VLOOKUP(A15,'12'!U:V,2,0),"0") -> 0 | AO15: กล่อง | AP15: =+AN15*C15 -> 0 | AQ15: =IFERROR(VLOOKUP(A15,'13'!U:V,2,0),"0") -> 0 | AR15: กล่อง | AS15: =+AQ15*C15 -> 0 | AT15: =IFERROR(VLOOKUP(A15,'14'!U:V,2,0),"0") -> 0 | AU15: กล่อง | AV15: =+AT15*C15 -> 0 | AW15: =IFERROR(VLOOKUP(A15,'15'!U:V,2,0),"0") -> 0 | AX15: กล่อง | AY15: =+AW15*C15 -> 0 | AZ15: =IFERROR(VLOOKUP(A15,'16'!U:V,2,0),"0") -> 0 | BA15: กล่อง | BB15: =+AZ15*C15 -> 0 | BC15: =IFERROR(VLOOKUP(A15,'17'!U:V,2,0),"0") -> 0 | BD15: กล่อง | BE15: =+BC15*C15 -> 0 | BF15: =IFERROR(VLOOKUP(A15,'18'!U:V,2,0),"0") -> 0 | BG15: กล่อง | BH15: =+BF15*C15 -> 0 | BI15: =IFERROR(VLOOKUP(A15,'19'!U:V,2,0),"0") -> 0 | BJ15: กล่อง | BK15: =+BI15*C15 -> 0 | BL15: =IFERROR(VLOOKUP(A15,'20'!U:V,2,0),"0") -> 0 | BM15: กล่อง | BN15: =+BL15*C15 -> 0 | BO15: =IFERROR(VLOOKUP(A15,'21'!U:V,2,0),"0") -> 0 | BP15: กล่อง | BQ15: =+BO15*C15 -> 0 | BR15: =IFERROR(VLOOKUP(A15,'22'!U:V,2,0),"0") -> 0 | BS15: กล่อง | BT15: =+BR15*C15 -> 0 | BU15: =IFERROR(VLOOKUP(A15,'23'!U:V,2,0),"0") -> 0 | BV15: กล่อง | BW15: =+BU15*C15 -> 0 | BX15: =IFERROR(VLOOKUP(A15,'24'!U:V,2,0),"0") -> 0 | BY15: กล่อง | BZ15: =+BX15*C15 -> 0 | CA15: =IFERROR(VLOOKUP(A15,'25'!U:V,2,0),"0") -> 0 | CB15: กล่อง | CC15: =+CA15*C15 -> 0 | CD15: =IFERROR(VLOOKUP(A15,'26'!U:V,2,0),"0") -> 0 | CE15: กล่อง | CF15: =+CD15*C15 -> 0 | CG15: =IFERROR(VLOOKUP(A15,'27'!U:V,2,0),"0") -> 0 | CH15: กล่อง | CI15: =+CG15*C15 -> 0 | CJ15: =IFERROR(VLOOKUP(A15,'28'!U:V,2,0),"0") -> 0 | CK15: กล่อง | CL15: =+CJ15*C15 -> 0 | CM15: =IFERROR(VLOOKUP(A15,'29'!U:V,2,0),"0") -> 0 | CN15: กล่อง | CO15: =+CM15*C15 -> 0 | CP15: =IFERROR(VLOOKUP(A15,'30'!U:V,2,0),"0") -> 0 | CQ15: กล่อง | CR15: =+CP15*C15 -> 0 | CS15: =IFERROR(VLOOKUP(A15,'31'!U:V,2,0),"0") -> 0 | CT15: กล่อง | CU15: =+CS15*C15 -> 0 | CV15: =IFERROR(VLOOKUP(A15,'เซต1-31'!V:W,2,0),"0") -> 0 | CW15: กล่อง | CX15: =+CV15*CO15 -> 0
A16: 1111008 | B16: ชิฟฟ่อน สอดไส้แยม ขนาด3 ชิ้น มีรสให้เลือก 7 รส (รวมรส) | C16: 11.38 | D16: =+G16+J16+M16+P16+S16+V16+Y16+AB16+AE16+AH16+AK16+AN16+AQ16+AT16+AW16+AZ16+BC16+BF16+BI16+BL16+BO16+BR16+BU16+BX16+CA16+CD16+CG16+CJ16+CM16+CP16+CS16+CV16 -> 1044 | E16: กล่อง | F16: =+D16*C16 -> 11880.72 | G16: =IFERROR(VLOOKUP(A16,'1'!U:V,2,0),"0") -> 27 | H16: กล่อง | I16: =+G16*C16 -> 307.26 | J16: =IFERROR(VLOOKUP(A16,'2'!U:V,2,0),"0") -> 3 | K16: กล่อง | L16: =+J16*C16 -> 34.14 | M16: =IFERROR(VLOOKUP(A16,'3'!U:V,2,0),"0") -> 12 | N16: กล่อง | O16: =+M16*C16 -> 136.56 | P16: =IFERROR(VLOOKUP(A16,'4'!U:V,2,0),"0") -> 39 | Q16: กล่อง | R16: =+P16*C16 -> 443.82 | S16: =IFERROR(VLOOKUP(A16,'5'!U:V,2,0),"0") -> 79 | T16: กล่อง | U16: =+S16*C16 -> 899.02 | V16: =IFERROR(VLOOKUP(A16,'6'!U:V,2,0),"0") -> 54 | W16: กล่อง | X16: =+V16*C16 -> 614.52 | Y16: =IFERROR(VLOOKUP(A16,'7'!U:V,2,0),"0") -> 66 | Z16: กล่อง | AA16: =+Y16*C16 -> 751.08 | AB16: =IFERROR(VLOOKUP(A16,'8'!U:V,2,0),"0") -> 18 | AC16: กล่อง | AD16: =+AB16*C16 -> 204.84 | AE16: =IFERROR(VLOOKUP(A16,'9'!U:V,2,0),"0") -> 3 | AF16: กล่อง | AG16: =+AE16*C16 -> 34.14 | AH16: =IFERROR(VLOOKUP(A16,'10'!U:V,2,0),"0") -> 32 | AI16: กล่อง | AJ16: =+AH16*C16 -> 364.16 | AK16: =IFERROR(VLOOKUP(A16,'11'!U:V,2,0),"0") -> 25 | AL16: กล่อง | AM16: =+AK16*C16 -> 284.5 | AN16: =IFERROR(VLOOKUP(A16,'12'!U:V,2,0),"0") -> 30 | AO16: กล่อง | AP16: =+AN16*C16 -> 341.4 | AQ16: =IFERROR(VLOOKUP(A16,'13'!U:V,2,0),"0") -> 24 | AR16: กล่อง | AS16: =+AQ16*C16 -> 273.12 | AT16: =IFERROR(VLOOKUP(A16,'14'!U:V,2,0),"0") -> 18 | AU16: กล่อง | AV16: =+AT16*C16 -> 204.84 | AW16: =IFERROR(VLOOKUP(A16,'15'!U:V,2,0),"0") -> 21 | AX16: กล่อง | AY16: =+AW16*C16 -> 238.98 | AZ16: =IFERROR(VLOOKUP(A16,'16'!U:V,2,0),"0") -> 66 | BA16: กล่อง | BB16: =+AZ16*C16 -> 751.08 | BC16: =IFERROR(VLOOKUP(A16,'17'!U:V,2,0),"0") -> 45 | BD16: กล่อง | BE16: =+BC16*C16 -> 512.1 | BF16: =IFERROR(VLOOKUP(A16,'18'!U:V,2,0),"0") -> 18 | BG16: กล่อง | BH16: =+BF16*C16 -> 204.84 | BI16: =IFERROR(VLOOKUP(A16,'19'!U:V,2,0),"0") -> 9 | BJ16: กล่อง | BK16: =+BI16*C16 -> 102.42 | BL16: =IFERROR(VLOOKUP(A16,'20'!U:V,2,0),"0") -> 42 | BM16: กล่อง | BN16: =+BL16*C16 -> 477.96 | BO16: =IFERROR(VLOOKUP(A16,'21'!U:V,2,0),"0") -> 33 | BP16: กล่อง | BQ16: =+BO16*C16 -> 375.54 | BR16: =IFERROR(VLOOKUP(A16,'22'!U:V,2,0),"0") -> 42 | BS16: กล่อง | BT16: =+BR16*C16 -> 477.96 | BU16: =IFERROR(VLOOKUP(A16,'23'!U:V,2,0),"0") -> 61 | BV16: กล่อง | BW16: =+BU16*C16 -> 694.18 | BX16: =IFERROR(VLOOKUP(A16,'24'!U:V,2,0),"0") -> 21 | BY16: กล่อง | BZ16: =+BX16*C16 -> 238.98 | CA16: =IFERROR(VLOOKUP(A16,'25'!U:V,2,0),"0") -> 25 | CB16: กล่อง | CC16: =+CA16*C16 -> 284.5 | CD16: =IFERROR(VLOOKUP(A16,'26'!U:V,2,0),"0") -> 36 | CE16: กล่อง | CF16: =+CD16*C16 -> 409.68 | CG16: =IFERROR(VLOOKUP(A16,'27'!U:V,2,0),"0") -> 52 | CH16: กล่อง | CI16: =+CG16*C16 -> 591.76 | CJ16: =IFERROR(VLOOKUP(A16,'28'!U:V,2,0),"0") -> 39 | CK16: กล่อง | CL16: =+CJ16*C16 -> 443.82 | CM16: =IFERROR(VLOOKUP(A16,'29'!U:V,2,0),"0") -> 24 | CN16: กล่อง | CO16: =+CM16*C16 -> 273.12 | CP16: =IFERROR(VLOOKUP(A16,'30'!U:V,2,0),"0") -> 29 | CQ16: กล่อง | CR16: =+CP16*C16 -> 330.02 | CS16: =IFERROR(VLOOKUP(A16,'31'!U:V,2,0),"0") -> 51 | CT16: กล่อง | CU16: =+CS16*C16 -> 580.38 | CV16: =IFERROR(VLOOKUP(A16,'เซต1-31'!V:W,2,0),"0") -> 0 | CW16: กล่อง | CX16: =+CV16*CO16 -> 0
... A110: ปกค1 | B110: ปังกรอบคาราเมล | C110: 17.5 | D110: =+G110+J110+M110+P110+S110+V110+Y110+AB110+AE110+AH110+AK110+AN110+AQ110+AT110+AW110+AZ110+BC110+BF110+BI110+BL110+BO110+BR110+BU110+BX110+CA110+CD110+CG110+CJ110+CM110+CP110+CS110+CV110 -> 0 | E110: ถุง | F110: =+D110*C110 -> 0 | G110: =IFERROR(VLOOKUP(A110,'1'!U:V,2,0),"0") -> 0 | H110: ถุง | I110: =+G110*C110 -> 0 | J110: =IFERROR(VLOOKUP(A110,'2'!U:V,2,0),"0") -> 0 | K110: ถุง | L110: =+J110*C110 -> 0 | M110: =IFERROR(VLOOKUP(A110,'3'!U:V,2,0),"0") -> 0 | N110: ถุง | O110: =+M110*C110 -> 0 | P110: =IFERROR(VLOOKUP(A110,'4'!U:V,2,0),"0") -> 0 | Q110: ถุง | R110: =+P110*C110 -> 0 | S110: =IFERROR(VLOOKUP(A110,'5'!U:V,2,0),"0") -> 0 | T110: ถุง | U110: =+S110*C110 -> 0 | V110: =IFERROR(VLOOKUP(A110,'6'!U:V,2,0),"0") -> 0 | W110: ถุง | X110: =+V110*C110 -> 0 | Y110: =IFERROR(VLOOKUP(A110,'7'!U:V,2,0),"0") -> 0 | Z110: ถุง | AA110: =+Y110*C110 -> 0 | AB110: =IFERROR(VLOOKUP(A110,'8'!U:V,2,0),"0") -> 0 | AC110: ถุง | AD110: =+AB110*C110 -> 0 | AE110: =IFERROR(VLOOKUP(A110,'9'!U:V,2,0),"0") -> 0 | AF110: ถุง | AG110: =+AE110*C110 -> 0 | AH110: =IFERROR(VLOOKUP(A110,'10'!U:V,2,0),"0") -> 0 | AI110: ถุง | AJ110: =+AH110*C110 -> 0 | AK110: =IFERROR(VLOOKUP(A110,'11'!U:V,2,0),"0") -> 0 | AL110: ถุง | AM110: =+AK110*C110 -> 0 | AN110: =IFERROR(VLOOKUP(A110,'12'!U:V,2,0),"0") -> 0 | AO110: ถุง | AP110: =+AN110*C110 -> 0 | AQ110: =IFERROR(VLOOKUP(A110,'13'!U:V,2,0),"0") -> 0 | AR110: ถุง | AS110: =+AQ110*C110 -> 0 | AT110: =IFERROR(VLOOKUP(A110,'14'!U:V,2,0),"0") -> 0 | AU110: ถุง | AV110: =+AT110*C110 -> 0 | AW110: =IFERROR(VLOOKUP(A110,'15'!U:V,2,0),"0") -> 0 | AX110: ถุง | AY110: =+AW110*C110 -> 0 | AZ110: =IFERROR(VLOOKUP(A110,'16'!U:V,2,0),"0") -> 0 | BA110: ถุง | BB110: =+AZ110*C110 -> 0 | BC110: =IFERROR(VLOOKUP(A110,'17'!U:V,2,0),"0") -> 0 | BD110: ถุง | BE110: =+BC110*C110 -> 0 | BF110: =IFERROR(VLOOKUP(A110,'18'!U:V,2,0),"0") -> 0 | BG110: ถุง | BH110: =+BF110*C110 -> 0 | BI110: =IFERROR(VLOOKUP(A110,'19'!U:V,2,0),"0") -> 0 | BJ110: ถุง | BK110: =+BI110*C110 -> 0 | BL110: =IFERROR(VLOOKUP(A110,'20'!U:V,2,0),"0") -> 0 | BM110: ถุง | BN110: =+BL110*C110 -> 0 | BO110: =IFERROR(VLOOKUP(A110,'21'!U:V,2,0),"0") -> 0 | BP110: ถุง | BQ110: =+BO110*C110 -> 0 | BR110: =IFERROR(VLOOKUP(A110,'22'!U:V,2,0),"0") -> 0 | BS110: ถุง | BT110: =+BR110*C110 -> 0 | BU110: =IFERROR(VLOOKUP(A110,'23'!U:V,2,0),"0") -> 0 | BV110: ถุง | BW110: =+BU110*C110 -> 0 | BX110: =IFERROR(VLOOKUP(A110,'24'!U:V,2,0),"0") -> 0 | BY110: ถุง | BZ110: =+BX110*C110 -> 0 | CA110: =IFERROR(VLOOKUP(A110,'25'!U:V,2,0),"0") -> 0 | CB110: ถุง | CC110: =+CA110*C110 -> 0 | CD110: =IFERROR(VLOOKUP(A110,'26'!U:V,2,0),"0") -> 0 | CE110: ถุง | CF110: =+CD110*C110 -> 0 | CG110: =IFERROR(VLOOKUP(A110,'27'!U:V,2,0),"0") -> 0 | CH110: ถุง | CI110: =+CG110*C110 -> 0 | CJ110: =IFERROR(VLOOKUP(A110,'28'!U:V,2,0),"0") -> 0 | CK110: ถุง | CL110: =+CJ110*C110 -> 0 | CM110: =IFERROR(VLOOKUP(A110,'29'!U:V,2,0),"0") -> 0 | CN110: ถุง | CO110: =+CM110*C110 -> 0 | CP110: =IFERROR(VLOOKUP(A110,'30'!U:V,2,0),"0") -> 0 | CQ110: ถุง | CR110: =+CP110*C110 -> 0 | CS110: =IFERROR(VLOOKUP(A110,'31'!U:V,2,0),"0") -> 0 | CT110: ถุง | CU110: =+CS110*C110 -> 0 | CV110: =IFERROR(VLOOKUP(A110,'เซต1-31'!V:W,2,0),"0") -> 0 | CW110: ถุง | CX110: =+CV110*CO110 -> 0
A111: เศษปัง | B111: เศษขนมปังปลา1กก. | C111: =7.5*1 -> 7.5 | D111: =+G111+J111+M111+P111+S111+V111+Y111+AB111+AE111+AH111+AK111+AN111+AQ111+AT111+AW111+AZ111+BC111+BF111+BI111+BL111+BO111+BR111+BU111+BX111+CA111+CD111+CG111+CJ111+CM111+CP111+CS111+CV111 -> 115 | E111: กิโลกรัม | F111: =+D111*C111 -> 862.5 | G111: =IFERROR(VLOOKUP(A111,'1'!U:V,2,0),"0") -> 17 | H111: กิโลกรัม | I111: =+G111*C111 -> 127.5 | J111: =IFERROR(VLOOKUP(A111,'2'!U:V,2,0),"0") -> 3 | K111: กิโลกรัม | L111: =+J111*C111 -> 22.5 | M111: =IFERROR(VLOOKUP(A111,'3'!U:V,2,0),"0") -> 0 | N111: กิโลกรัม | O111: =+M111*C111 -> 0 | P111: =IFERROR(VLOOKUP(A111,'4'!U:V,2,0),"0") -> 0 | Q111: กิโลกรัม | R111: =+P111*C111 -> 0 | S111: =IFERROR(VLOOKUP(A111,'5'!U:V,2,0),"0") -> 2 | T111: กิโลกรัม | U111: =+S111*C111 -> 15 | V111: =IFERROR(VLOOKUP(A111,'6'!U:V,2,0),"0") -> 0 | W111: กิโลกรัม | X111: =+V111*C111 -> 0 | Y111: =IFERROR(VLOOKUP(A111,'7'!U:V,2,0),"0") -> 0 | Z111: กิโลกรัม | AA111: =+Y111*C111 -> 0 | AB111: =IFERROR(VLOOKUP(A111,'8'!U:V,2,0),"0") -> 2 | AC111: กิโลกรัม | AD111: =+AB111*C111 -> 15 | AE111: =IFERROR(VLOOKUP(A111,'9'!U:V,2,0),"0") -> 3 | AF111: กิโลกรัม | AG111: =+AE111*C111 -> 22.5 | AH111: =IFERROR(VLOOKUP(A111,'10'!U:V,2,0),"0") -> 0 | AI111: กิโลกรัม | AJ111: =+AH111*C111 -> 0 | AK111: =IFERROR(VLOOKUP(A111,'11'!U:V,2,0),"0") -> 0 | AL111: กิโลกรัม | AM111: =+AK111*C111 -> 0 | AN111: =IFERROR(VLOOKUP(A111,'12'!U:V,2,0),"0") -> 0 | AO111: กิโลกรัม | AP111: =+AN111*C111 -> 0 | AQ111: =IFERROR(VLOOKUP(A111,'13'!U:V,2,0),"0") -> 8 | AR111: กิโลกรัม | AS111: =+AQ111*C111 -> 60 | AT111: =IFERROR(VLOOKUP(A111,'14'!U:V,2,0),"0") -> 2 | AU111: กิโลกรัม | AV111: =+AT111*C111 -> 15 | AW111: =IFERROR(VLOOKUP(A111,'15'!U:V,2,0),"0") -> 0 | AX111: กิโลกรัม | AY111: =+AW111*C111 -> 0 | AZ111: =IFERROR(VLOOKUP(A111,'16'!U:V,2,0),"0") -> 0 | BA111: กิโลกรัม | BB111: =+AZ111*C111 -> 0 | BC111: =IFERROR(VLOOKUP(A111,'17'!U:V,2,0),"0") -> 0 | BD111: กิโลกรัม | BE111: =+BC111*C111 -> 0 | BF111: =IFERROR(VLOOKUP(A111,'18'!U:V,2,0),"0") -> 3 | BG111: กิโลกรัม | BH111: =+BF111*C111 -> 22.5 | BI111: =IFERROR(VLOOKUP(A111,'19'!U:V,2,0),"0") -> 12 | BJ111: กิโลกรัม | BK111: =+BI111*C111 -> 90 | BL111: =IFERROR(VLOOKUP(A111,'20'!U:V,2,0),"0") -> 14 | BM111: กิโลกรัม | BN111: =+BL111*C111 -> 105 | BO111: =IFERROR(VLOOKUP(A111,'21'!U:V,2,0),"0") -> 4 | BP111: กิโลกรัม | BQ111: =+BO111*C111 -> 30 | BR111: =IFERROR(VLOOKUP(A111,'22'!U:V,2,0),"0") -> 6 | BS111: กิโลกรัม | BT111: =+BR111*C111 -> 45 | BU111: =IFERROR(VLOOKUP(A111,'23'!U:V,2,0),"0") -> 3 | BV111: กิโลกรัม | BW111: =+BU111*C111 -> 22.5 | BX111: =IFERROR(VLOOKUP(A111,'24'!U:V,2,0),"0") -> 5 | BY111: กิโลกรัม | BZ111: =+BX111*C111 -> 37.5 | CA111: =IFERROR(VLOOKUP(A111,'25'!U:V,2,0),"0") -> 2 | CB111: กิโลกรัม | CC111: =+CA111*C111 -> 15 | CD111: =IFERROR(VLOOKUP(A111,'26'!U:V,2,0),"0") -> 7 | CE111: กิโลกรัม | CF111: =+CD111*C111 -> 52.5 | CG111: =IFERROR(VLOOKUP(A111,'27'!U:V,2,0),"0") -> 14 | CH111: กิโลกรัม | CI111: =+CG111*C111 -> 105 | CJ111: =IFERROR(VLOOKUP(A111,'28'!U:V,2,0),"0") -> 6 | CK111: กิโลกรัม | CL111: =+CJ111*C111 -> 45 | CM111: =IFERROR(VLOOKUP(A111,'29'!U:V,2,0),"0") -> 0 | CN111: กิโลกรัม | CO111: =+CM111*C111 -> 0 | CP111: =IFERROR(VLOOKUP(A111,'30'!U:V,2,0),"0") -> 1 | CQ111: กิโลกรัม | CR111: =+CP111*C111 -> 7.5 | CS111: =IFERROR(VLOOKUP(A111,'31'!U:V,2,0),"0") -> 1 | CT111: กิโลกรัม | CU111: =+CS111*C111 -> 7.5 | CV111: =IFERROR(VLOOKUP(A111,'เซต1-31'!V:W,2,0),"0") -> 0 | CW111: กิโลกรัม | CX111: =+CV111*CO111 -> 0
A112: เศษปัง-1 | B112: เศษขนมปังปลา5กก. | C112: =7.5*5 -> 37.5 | D112: =+G112+J112+M112+P112+S112+V112+Y112+AB112+AE112+AH112+AK112+AN112+AQ112+AT112+AW112+AZ112+BC112+BF112+BI112+BL112+BO112+BR112+BU112+BX112+CA112+CD112+CG112+CJ112+CM112+CP112+CS112+CV112 -> 0 | E112: กิโลกรัม | F112: =+D112*C112 -> 0 | G112: =IFERROR(VLOOKUP(A112,'1'!U:V,2,0),"0") -> 0 | H112: กิโลกรัม | I112: =+G112*C112 -> 0 | J112: =IFERROR(VLOOKUP(A112,'2'!U:V,2,0),"0") -> 0 | K112: กิโลกรัม | L112: =+J112*C112 -> 0 | M112: =IFERROR(VLOOKUP(A112,'3'!U:V,2,0),"0") -> 0 | N112: กิโลกรัม | O112: =+M112*C112 -> 0 | P112: =IFERROR(VLOOKUP(A112,'4'!U:V,2,0),"0") -> 0 | Q112: กิโลกรัม | R112: =+P112*C112 -> 0 | S112: =IFERROR(VLOOKUP(A112,'5'!U:V,2,0),"0") -> 0 | T112: กิโลกรัม | U112: =+S112*C112 -> 0 | V112: =IFERROR(VLOOKUP(A112,'6'!U:V,2,0),"0") -> 0 | W112: กิโลกรัม | X112: =+V112*C112 -> 0 | Y112: =IFERROR(VLOOKUP(A112,'7'!U:V,2,0),"0") -> 0 | Z112: กิโลกรัม | AA112: =+Y112*C112 -> 0 | AB112: =IFERROR(VLOOKUP(A112,'8'!U:V,2,0),"0") -> 0 | AC112: กิโลกรัม | AD112: =+AB112*C112 -> 0 | AE112: =IFERROR(VLOOKUP(A112,'9'!U:V,2,0),"0") -> 0 | AF112: กิโลกรัม | AG112: =+AE112*C112 -> 0 | AH112: =IFERROR(VLOOKUP(A112,'10'!U:V,2,0),"0") -> 0 | AI112: กิโลกรัม | AJ112: =+AH112*C112 -> 0 | AK112: =IFERROR(VLOOKUP(A112,'11'!U:V,2,0),"0") -> 0 | AL112: กิโลกรัม | AM112: =+AK112*C112 -> 0 | AN112: =IFERROR(VLOOKUP(A112,'12'!U:V,2,0),"0") -> 0 | AO112: กิโลกรัม | AP112: =+AN112*C112 -> 0 | AQ112: =IFERROR(VLOOKUP(A112,'13'!U:V,2,0),"0") -> 0 | AR112: กิโลกรัม | AS112: =+AQ112*C112 -> 0 | AT112: =IFERROR(VLOOKUP(A112,'14'!U:V,2,0),"0") -> 0 | AU112: กิโลกรัม | AV112: =+AT112*C112 -> 0 | AW112: =IFERROR(VLOOKUP(A112,'15'!U:V,2,0),"0") -> 0 | AX112: กิโลกรัม | AY112: =+AW112*C112 -> 0 | AZ112: =IFERROR(VLOOKUP(A112,'16'!U:V,2,0),"0") -> 0 | BA112: กิโลกรัม | BB112: =+AZ112*C112 -> 0 | BC112: =IFERROR(VLOOKUP(A112,'17'!U:V,2,0),"0") -> 0 | BD112: กิโลกรัม | BE112: =+BC112*C112 -> 0 | BF112: =IFERROR(VLOOKUP(A112,'18'!U:V,2,0),"0") -> 0 | BG112: กิโลกรัม | BH112: =+BF112*C112 -> 0 | BI112: =IFERROR(VLOOKUP(A112,'19'!U:V,2,0),"0") -> 0 | BJ112: กิโลกรัม | BK112: =+BI112*C112 -> 0 | BL112: =IFERROR(VLOOKUP(A112,'20'!U:V,2,0),"0") -> 0 | BM112: กิโลกรัม | BN112: =+BL112*C112 -> 0 | BO112: =IFERROR(VLOOKUP(A112,'21'!U:V,2,0),"0") -> 0 | BP112: กิโลกรัม | BQ112: =+BO112*C112 -> 0 | BR112: =IFERROR(VLOOKUP(A112,'22'!U:V,2,0),"0") -> 0 | BS112: กิโลกรัม | BT112: =+BR112*C112 -> 0 | BU112: =IFERROR(VLOOKUP(A112,'23'!U:V,2,0),"0") -> 0 | BV112: กิโลกรัม | BW112: =+BU112*C112 -> 0 | BX112: =IFERROR(VLOOKUP(A112,'24'!U:V,2,0),"0") -> 0 | BY112: กิโลกรัม | BZ112: =+BX112*C112 -> 0 | CA112: =IFERROR(VLOOKUP(A112,'25'!U:V,2,0),"0") -> 0 | CB112: กิโลกรัม | CC112: =+CA112*C112 -> 0 | CD112: =IFERROR(VLOOKUP(A112,'26'!U:V,2,0),"0") -> 0 | CE112: กิโลกรัม | CF112: =+CD112*C112 -> 0 | CG112: =IFERROR(VLOOKUP(A112,'27'!U:V,2,0),"0") -> 0 | CH112: กิโลกรัม | CI112: =+CG112*C112 -> 0 | CJ112: =IFERROR(VLOOKUP(A112,'28'!U:V,2,0),"0") -> 0 | CK112: กิโลกรัม | CL112: =+CJ112*C112 -> 0 | CM112: =IFERROR(VLOOKUP(A112,'29'!U:V,2,0),"0") -> 0 | CN112: กิโลกรัม | CO112: =+CM112*C112 -> 0 | CP112: =IFERROR(VLOOKUP(A112,'30'!U:V,2,0),"0") -> 0 | CQ112: กิโลกรัม | CR112: =+CP112*C112 -> 0 | CS112: =IFERROR(VLOOKUP(A112,'31'!U:V,2,0),"0") -> 0 | CT112: กิโลกรัม | CU112: =+CS112*C112 -> 0 | CV112: =IFERROR(VLOOKUP(A112,'เซต1-31'!V:W,2,0),"0") -> 0 | CW112: กิโลกรัม | CX112: =+CV112*CO112 -> 0
A113: สอดไส้คละ 1ชิ้น | B113: ชิฟฟอนสอดไส้ เเบบเเยกชิ้น ชิฟฟ่อนเค้ก ชิฟฟ่อนคละรสชาติ (Default) | C113: 4.5 | D113: =+G113+J113+M113+P113+S113+V113+Y113+AB113+AE113+AH113+AK113+AN113+AQ113+AT113+AW113+AZ113+BC113+BF113+BI113+BL113+BO113+BR113+BU113+BX113+CA113+CD113+CG113+CJ113+CM113+CP113+CS113+CV113 -> 1 | E113: ชิ้น | F113: =+D113*C113 -> 4.5 | G113: =IFERROR(VLOOKUP(A113,'1'!U:V,2,0),"0") -> 0 | H113: ชิ้น | I113: =+G113*C113 -> 0 | J113: =IFERROR(VLOOKUP(A113,'2'!U:V,2,0),"0") -> 0 | K113: ชิ้น | L113: =+J113*C113 -> 0 | M113: =IFERROR(VLOOKUP(A113,'3'!U:V,2,0),"0") -> 0 | N113: ชิ้น | O113: =+M113*C113 -> 0 | P113: =IFERROR(VLOOKUP(A113,'4'!U:V,2,0),"0") -> 0 | Q113: ชิ้น | R113: =+P113*C113 -> 0 | S113: =IFERROR(VLOOKUP(A113,'5'!U:V,2,0),"0") -> 0 | T113: ชิ้น | U113: =+S113*C113 -> 0 | V113: =IFERROR(VLOOKUP(A113,'6'!U:V,2,0),"0") -> 0 | W113: ชิ้น | X113: =+V113*C113 -> 0 | Y113: =IFERROR(VLOOKUP(A113,'7'!U:V,2,0),"0") -> 0 | Z113: ชิ้น | AA113: =+Y113*C113 -> 0 | AB113: =IFERROR(VLOOKUP(A113,'8'!U:V,2,0),"0") -> 0 | AC113: ชิ้น | AD113: =+AB113*C113 -> 0 | AE113: =IFERROR(VLOOKUP(A113,'9'!U:V,2,0),"0") -> 0 | AF113: ชิ้น | AG113: =+AE113*C113 -> 0 | AH113: =IFERROR(VLOOKUP(A113,'10'!U:V,2,0),"0") -> 0 | AI113: ชิ้น | AJ113: =+AH113*C113 -> 0 | AK113: =IFERROR(VLOOKUP(A113,'11'!U:V,2,0),"0") -> 0 | AL113: ชิ้น | AM113: =+AK113*C113 -> 0 | AN113: =IFERROR(VLOOKUP(A113,'12'!U:V,2,0),"0") -> 0 | AO113: ชิ้น | AP113: =+AN113*C113 -> 0 | AQ113: =IFERROR(VLOOKUP(A113,'13'!U:V,2,0),"0") -> 0 | AR113: ชิ้น | AS113: =+AQ113*C113 -> 0 | AT113: =IFERROR(VLOOKUP(A113,'14'!U:V,2,0),"0") -> 0 | AU113: ชิ้น | AV113: =+AT113*C113 -> 0 | AW113: =IFERROR(VLOOKUP(A113,'15'!U:V,2,0),"0") -> 0 | AX113: ชิ้น | AY113: =+AW113*C113 -> 0 | AZ113: =IFERROR(VLOOKUP(A113,'16'!U:V,2,0),"0") -> 0 | BA113: ชิ้น | BB113: =+AZ113*C113 -> 0 | BC113: =IFERROR(VLOOKUP(A113,'17'!U:V,2,0),"0") -> 0 | BD113: ชิ้น | BE113: =+BC113*C113 -> 0 | BF113: =IFERROR(VLOOKUP(A113,'18'!U:V,2,0),"0") -> 0 | BG113: ชิ้น | BH113: =+BF113*C113 -> 0 | BI113: =IFERROR(VLOOKUP(A113,'19'!U:V,2,0),"0") -> 0 | BJ113: ชิ้น | BK113: =+BI113*C113 -> 0 | BL113: =IFERROR(VLOOKUP(A113,'20'!U:V,2,0),"0") -> 0 | BM113: ชิ้น | BN113: =+BL113*C113 -> 0 | BO113: =IFERROR(VLOOKUP(A113,'21'!U:V,2,0),"0") -> 0 | BP113: ชิ้น | BQ113: =+BO113*C113 -> 0 | BR113: =IFERROR(VLOOKUP(A113,'22'!U:V,2,0),"0") -> 0 | BS113: ชิ้น | BT113: =+BR113*C113 -> 0 | BU113: =IFERROR(VLOOKUP(A113,'23'!U:V,2,0),"0") -> 0 | BV113: ชิ้น | BW113: =+BU113*C113 -> 0 | BX113: =IFERROR(VLOOKUP(A113,'24'!U:V,2,0),"0") -> 0 | BY113: ชิ้น | BZ113: =+BX113*C113 -> 0 | CA113: =IFERROR(VLOOKUP(A113,'25'!U:V,2,0),"0") -> 0 | CB113: ชิ้น | CC113: =+CA113*C113 -> 0 | CD113: =IFERROR(VLOOKUP(A113,'26'!U:V,2,0),"0") -> 1 | CE113: ชิ้น | CF113: =+CD113*C113 -> 4.5 | CG113: =IFERROR(VLOOKUP(A113,'27'!U:V,2,0),"0") -> 0 | CH113: ชิ้น | CI113: =+CG113*C113 -> 0 | CJ113: =IFERROR(VLOOKUP(A113,'28'!U:V,2,0),"0") -> 0 | CK113: ชิ้น | CL113: =+CJ113*C113 -> 0 | CM113: =IFERROR(VLOOKUP(A113,'29'!U:V,2,0),"0") -> 0 | CN113: ชิ้น | CO113: =+CM113*C113 -> 0 | CP113: =IFERROR(VLOOKUP(A113,'30'!U:V,2,0),"0") -> 0 | CQ113: ชิ้น | CR113: =+CP113*C113 -> 0 | CS113: =IFERROR(VLOOKUP(A113,'31'!U:V,2,0),"0") -> 0 | CT113: ชิ้น | CU113: =+CS113*C113 -> 0 | CV113: =IFERROR(VLOOKUP(A113,'เซต1-31'!V:W,2,0),"0") -> 0 | CW113: ชิ้น | CX113: =+CV113*CO113 -> 0
A114: 1112010 | B114: เค้กเบาหวิว ใหญ่ 1 กล่องขนาด 300 กรัม (ฝอยทอง) | C114: 26.81 | D114: =+G114+J114+M114+P114+S114+V114+Y114+AB114+AE114+AH114+AK114+AN114+AQ114+AT114+AW114+AZ114+BC114+BF114+BI114+BL114+BO114+BR114+BU114+BX114+CA114+CD114+CG114+CJ114+CM114+CP114+CS114+CV114 -> 0 | E114: กล่อง | F114: =+D114*C114 -> 0 | G114: =IFERROR(VLOOKUP(A114,'1'!U:V,2,0),"0") -> 0 | H114: กล่อง | I114: =+G114*C114 -> 0 | J114: =IFERROR(VLOOKUP(A114,'2'!U:V,2,0),"0") -> 0 | K114: กล่อง | L114: =+J114*C114 -> 0 | M114: =IFERROR(VLOOKUP(A114,'3'!U:V,2,0),"0") -> 0 | N114: กล่อง | O114: =+M114*C114 -> 0 | P114: =IFERROR(VLOOKUP(A114,'4'!U:V,2,0),"0") -> 0 | Q114: กล่อง | R114: =+P114*C114 -> 0 | S114: =IFERROR(VLOOKUP(A114,'5'!U:V,2,0),"0") -> 0 | T114: กล่อง | U114: =+S114*C114 -> 0 | V114: =IFERROR(VLOOKUP(A114,'6'!U:V,2,0),"0") -> 0 | W114: กล่อง | X114: =+V114*C114 -> 0 | Y114: =IFERROR(VLOOKUP(A114,'7'!U:V,2,0),"0") -> 0 | Z114: กล่อง | AA114: =+Y114*C114 -> 0 | AB114: =IFERROR(VLOOKUP(A114,'8'!U:V,2,0),"0") -> 0 | AC114: กล่อง | AD114: =+AB114*C114 -> 0 | AE114: =IFERROR(VLOOKUP(A114,'9'!U:V,2,0),"0") -> 0 | AF114: กล่อง | AG114: =+AE114*C114 -> 0 | AH114: =IFERROR(VLOOKUP(A114,'10'!U:V,2,0),"0") -> 0 | AI114: กล่อง | AJ114: =+AH114*C114 -> 0 | AK114: =IFERROR(VLOOKUP(A114,'11'!U:V,2,0),"0") -> 0 | AL114: กล่อง | AM114: =+AK114*C114 -> 0 | AN114: =IFERROR(VLOOKUP(A114,'12'!U:V,2,0),"0") -> 0 | AO114: กล่อง | AP114: =+AN114*C114 -> 0 | AQ114: =IFERROR(VLOOKUP(A114,'13'!U:V,2,0),"0") -> 0 | AR114: กล่อง | AS114: =+AQ114*C114 -> 0 | AT114: =IFERROR(VLOOKUP(A114,'14'!U:V,2,0),"0") -> 0 | AU114: กล่อง | AV114: =+AT114*C114 -> 0 | AW114: =IFERROR(VLOOKUP(A114,'15'!U:V,2,0),"0") -> 0 | AX114: กล่อง | AY114: =+AW114*C114 -> 0 | AZ114: =IFERROR(VLOOKUP(A114,'16'!U:V,2,0),"0") -> 0 | BA114: กล่อง | BB114: =+AZ114*C114 -> 0 | BC114: =IFERROR(VLOOKUP(A114,'17'!U:V,2,0),"0") -> 0 | BD114: กล่อง | BE114: =+BC114*C114 -> 0 | BF114: =IFERROR(VLOOKUP(A114,'18'!U:V,2,0),"0") -> 0 | BG114: กล่อง | BH114: =+BF114*C114 -> 0 | BI114: =IFERROR(VLOOKUP(A114,'19'!U:V,2,0),"0") -> 0 | BJ114: กล่อง | BK114: =+BI114*C114 -> 0 | BL114: =IFERROR(VLOOKUP(A114,'20'!U:V,2,0),"0") -> 0 | BM114: กล่อง | BN114: =+BL114*C114 -> 0 | BO114: =IFERROR(VLOOKUP(A114,'21'!U:V,2,0),"0") -> 0 | BP114: กล่อง | BQ114: =+BO114*C114 -> 0 | BR114: =IFERROR(VLOOKUP(A114,'22'!U:V,2,0),"0") -> 0 | BS114: กล่อง | BT114: =+BR114*C114 -> 0 | BU114: =IFERROR(VLOOKUP(A114,'23'!U:V,2,0),"0") -> 0 | BV114: กล่อง | BW114: =+BU114*C114 -> 0 | BX114: =IFERROR(VLOOKUP(A114,'24'!U:V,2,0),"0") -> 0 | BY114: กล่อง | BZ114: =+BX114*C114 -> 0 | CA114: =IFERROR(VLOOKUP(A114,'25'!U:V,2,0),"0") -> 0 | CB114: กล่อง | CC114: =+CA114*C114 -> 0 | CD114: =IFERROR(VLOOKUP(A114,'26'!U:V,2,0),"0") -> 0 | CE114: กล่อง | CF114: =+CD114*C114 -> 0 | CG114: =IFERROR(VLOOKUP(A114,'27'!U:V,2,0),"0") -> 0 | CH114: กล่อง | CI114: =+CG114*C114 -> 0 | CJ114: =IFERROR(VLOOKUP(A114,'28'!U:V,2,0),"0") -> 0 | CK114: กล่อง | CL114: =+CJ114*C114 -> 0 | CM114: =IFERROR(VLOOKUP(A114,'29'!U:V,2,0),"0") -> 0 | CN114: กล่อง | CO114: =+CM114*C114 -> 0 | CP114: =IFERROR(VLOOKUP(A114,'30'!U:V,2,0),"0") -> 0 | CQ114: กล่อง | CR114: =+CP114*C114 -> 0 | CS114: =IFERROR(VLOOKUP(A114,'31'!U:V,2,0),"0") -> 0 | CT114: กล่อง | CU114: =+CS114*C114 -> 0 | CV114: =IFERROR(VLOOKUP(A114,'เซต1-31'!V:W,2,0),"0") -> 0 | CW114: กล่อง | CX114: =+CV114*CO114 -> 0
A115: 1004051 | B115: ปังสังขยา 6 ลูก | C115: 13.51 | D115: =+G115+J115+M115+P115+S115+V115+Y115+AB115+AE115+AH115+AK115+AN115+AQ115+AT115+AW115+AZ115+BC115+BF115+BI115+BL115+BO115+BR115+BU115+BX115+CA115+CD115+CG115+CJ115+CM115+CP115+CS115+CV115 -> 0 | E115: กล่อง | F115: =+D115*C115 -> 0 | G115: =IFERROR(VLOOKUP(A115,'1'!U:V,2,0),"0") -> 0 | H115: กล่อง | I115: =+G115*C115 -> 0 | J115: =IFERROR(VLOOKUP(A115,'2'!U:V,2,0),"0") -> 0 | K115: กล่อง | L115: =+J115*C115 -> 0 | M115: =IFERROR(VLOOKUP(A115,'3'!U:V,2,0),"0") -> 0 | N115: กล่อง | O115: =+M115*C115 -> 0 | P115: =IFERROR(VLOOKUP(A115,'4'!U:V,2,0),"0") -> 0 | Q115: กล่อง | R115: =+P115*C115 -> 0 | S115: =IFERROR(VLOOKUP(A115,'5'!U:V,2,0),"0") -> 0 | T115: กล่อง | U115: =+S115*C115 -> 0 | V115: =IFERROR(VLOOKUP(A115,'6'!U:V,2,0),"0") -> 0 | W115: กล่อง | X115: =+V115*C115 -> 0 | Y115: =IFERROR(VLOOKUP(A115,'7'!U:V,2,0),"0") -> 0 | Z115: กล่อง | AA115: =+Y115*C115 -> 0 | AB115: =IFERROR(VLOOKUP(A115,'8'!U:V,2,0),"0") -> 0 | AC115: กล่อง | AD115: =+AB115*C115 -> 0 | AE115: =IFERROR(VLOOKUP(A115,'9'!U:V,2,0),"0") -> 0 | AF115: กล่อง | AG115: =+AE115*C115 -> 0 | AH115: =IFERROR(VLOOKUP(A115,'10'!U:V,2,0),"0") -> 0 | AI115: กล่อง | AJ115: =+AH115*C115 -> 0 | AK115: =IFERROR(VLOOKUP(A115,'11'!U:V,2,0),"0") -> 0 | AL115: กล่อง | AM115: =+AK115*C115 -> 0 | AN115: =IFERROR(VLOOKUP(A115,'12'!U:V,2,0),"0") -> 0 | AO115: กล่อง | AP115: =+AN115*C115 -> 0 | AQ115: =IFERROR(VLOOKUP(A115,'13'!U:V,2,0),"0") -> 0 | AR115: กล่อง | AS115: =+AQ115*C115 -> 0 | AT115: =IFERROR(VLOOKUP(A115,'14'!U:V,2,0),"0") -> 0 | AU115: กล่อง | AV115: =+AT115*C115 -> 0 | AW115: =IFERROR(VLOOKUP(A115,'15'!U:V,2,0),"0") -> 0 | AX115: กล่อง | AY115: =+AW115*C115 -> 0 | AZ115: =IFERROR(VLOOKUP(A115,'16'!U:V,2,0),"0") -> 0 | BA115: กล่อง | BB115: =+AZ115*C115 -> 0 | BC115: =IFERROR(VLOOKUP(A115,'17'!U:V,2,0),"0") -> 0 | BD115: กล่อง | BE115: =+BC115*C115 -> 0 | BF115: =IFERROR(VLOOKUP(A115,'18'!U:V,2,0),"0") -> 0 | BG115: กล่อง | BH115: =+BF115*C115 -> 0 | BI115: =IFERROR(VLOOKUP(A115,'19'!U:V,2,0),"0") -> 0 | BJ115: กล่อง | BK115: =+BI115*C115 -> 0 | BL115: =IFERROR(VLOOKUP(A115,'20'!U:V,2,0),"0") -> 0 | BM115: กล่อง | BN115: =+BL115*C115 -> 0 | BO115: =IFERROR(VLOOKUP(A115,'21'!U:V,2,0),"0") -> 0 | BP115: กล่อง | BQ115: =+BO115*C115 -> 0 | BR115: =IFERROR(VLOOKUP(A115,'22'!U:V,2,0),"0") -> 0 | BS115: กล่อง | BT115: =+BR115*C115 -> 0 | BU115: =IFERROR(VLOOKUP(A115,'23'!U:V,2,0),"0") -> 0 | BV115: กล่อง | BW115: =+BU115*C115 -> 0 | BX115: =IFERROR(VLOOKUP(A115,'24'!U:V,2,0),"0") -> 0 | BY115: กล่อง | BZ115: =+BX115*C115 -> 0 | CA115: =IFERROR(VLOOKUP(A115,'25'!U:V,2,0),"0") -> 0 | CB115: กล่อง | CC115: =+CA115*C115 -> 0 | CD115: =IFERROR(VLOOKUP(A115,'26'!U:V,2,0),"0") -> 0 | CE115: กล่อง | CF115: =+CD115*C115 -> 0 | CG115: =IFERROR(VLOOKUP(A115,'27'!U:V,2,0),"0") -> 0 | CH115: กล่อง | CI115: =+CG115*C115 -> 0 | CJ115: =IFERROR(VLOOKUP(A115,'28'!U:V,2,0),"0") -> 0 | CK115: กล่อง | CL115: =+CJ115*C115 -> 0 | CM115: =IFERROR(VLOOKUP(A115,'29'!U:V,2,0),"0") -> 0 | CN115: กล่อง | CO115: =+CM115*C115 -> 0 | CP115: =IFERROR(VLOOKUP(A115,'30'!U:V,2,0),"0") -> 0 | CQ115: กล่อง | CR115: =+CP115*C115 -> 0 | CS115: =IFERROR(VLOOKUP(A115,'31'!U:V,2,0),"0") -> 0 | CT115: กล่อง | CU115: =+CS115*C115 -> 0 | CV115: =IFERROR(VLOOKUP(A115,'เซต1-31'!V:W,2,0),"0") -> 0 | CW115: กล่อง | CX115: =+CV115*CO115 -> 0
A116: 1111011 | B116: ชิฟฟ่อน สอดไส้แยม ขนาด3 ชิ้น มีรสให้เลือก 7 รส (นมชมพู) | C116: 11.38 | D116: =+G116+J116+M116+P116+S116+V116+Y116+AB116+AE116+AH116+AK116+AN116+AQ116+AT116+AW116+AZ116+BC116+BF116+BI116+BL116+BO116+BR116+BU116+BX116+CA116+CD116+CG116+CJ116+CM116+CP116+CS116+CV116 -> 0 | E116: กล่อง | F116: =+D116*C116 -> 0 | G116: =IFERROR(VLOOKUP(A116,'1'!U:V,2,0),"0") -> 0 | H116: กล่อง | I116: =+G116*C116 -> 0 | J116: =IFERROR(VLOOKUP(A116,'2'!U:V,2,0),"0") -> 0 | K116: กล่อง | L116: =+J116*C116 -> 0 | M116: =IFERROR(VLOOKUP(A116,'3'!U:V,2,0),"0") -> 0 | N116: กล่อง | O116: =+M116*C116 -> 0 | P116: =IFERROR(VLOOKUP(A116,'4'!U:V,2,0),"0") -> 0 | Q116: กล่อง | R116: =+P116*C116 -> 0 | S116: =IFERROR(VLOOKUP(A116,'5'!U:V,2,0),"0") -> 0 | T116: กล่อง | U116: =+S116*C116 -> 0 | V116: =IFERROR(VLOOKUP(A116,'6'!U:V,2,0),"0") -> 0 | W116: กล่อง | X116: =+V116*C116 -> 0 | Y116: =IFERROR(VLOOKUP(A116,'7'!U:V,2,0),"0") -> 0 | Z116: กล่อง | AA116: =+Y116*C116 -> 0 | AB116: =IFERROR(VLOOKUP(A116,'8'!U:V,2,0),"0") -> 0 | AC116: กล่อง | AD116: =+AB116*C116 -> 0 | AE116: =IFERROR(VLOOKUP(A116,'9'!U:V,2,0),"0") -> 0 | AF116: กล่อง | AG116: =+AE116*C116 -> 0 | AH116: =IFERROR(VLOOKUP(A116,'10'!U:V,2,0),"0") -> 0 | AI116: กล่อง | AJ116: =+AH116*C116 -> 0 | AK116: =IFERROR(VLOOKUP(A116,'11'!U:V,2,0),"0") -> 0 | AL116: กล่อง | AM116: =+AK116*C116 -> 0 | AN116: =IFERROR(VLOOKUP(A116,'12'!U:V,2,0),"0") -> 0 | AO116: กล่อง | AP116: =+AN116*C116 -> 0 | AQ116: =IFERROR(VLOOKUP(A116,'13'!U:V,2,0),"0") -> 0 | AR116: กล่อง | AS116: =+AQ116*C116 -> 0 | AT116: =IFERROR(VLOOKUP(A116,'14'!U:V,2,0),"0") -> 0 | AU116: กล่อง | AV116: =+AT116*C116 -> 0 | AW116: =IFERROR(VLOOKUP(A116,'15'!U:V,2,0),"0") -> 0 | AX116: กล่อง | AY116: =+AW116*C116 -> 0 | AZ116: =IFERROR(VLOOKUP(A116,'16'!U:V,2,0),"0") -> 0 | BA116: กล่อง | BB116: =+AZ116*C116 -> 0 | BC116: =IFERROR(VLOOKUP(A116,'17'!U:V,2,0),"0") -> 0 | BD116: กล่อง | BE116: =+BC116*C116 -> 0 | BF116: =IFERROR(VLOOKUP(A116,'18'!U:V,2,0),"0") -> 0 | BG116: กล่อง | BH116: =+BF116*C116 -> 0 | BI116: =IFERROR(VLOOKUP(A116,'19'!U:V,2,0),"0") -> 0 | BJ116: กล่อง | BK116: =+BI116*C116 -> 0 | BL116: =IFERROR(VLOOKUP(A116,'20'!U:V,2,0),"0") -> 0 | BM116: กล่อง | BN116: =+BL116*C116 -> 0 | BO116: =IFERROR(VLOOKUP(A116,'21'!U:V,2,0),"0") -> 0 | BP116: กล่อง | BQ116: =+BO116*C116 -> 0 | BR116: =IFERROR(VLOOKUP(A116,'22'!U:V,2,0),"0") -> 0 | BS116: กล่อง | BT116: =+BR116*C116 -> 0 | BU116: =IFERROR(VLOOKUP(A116,'23'!U:V,2,0),"0") -> 0 | BV116: กล่อง | BW116: =+BU116*C116 -> 0 | BX116: =IFERROR(VLOOKUP(A116,'24'!U:V,2,0),"0") -> 0 | BY116: กล่อง | BZ116: =+BX116*C116 -> 0 | CA116: =IFERROR(VLOOKUP(A116,'25'!U:V,2,0),"0") -> 0 | CB116: กล่อง | CC116: =+CA116*C116 -> 0 | CD116: =IFERROR(VLOOKUP(A116,'26'!U:V,2,0),"0") -> 0 | CE116: กล่อง | CF116: =+CD116*C116 -> 0 | CG116: =IFERROR(VLOOKUP(A116,'27'!U:V,2,0),"0") -> 0 | CH116: กล่อง | CI116: =+CG116*C116 -> 0 | CJ116: =IFERROR(VLOOKUP(A116,'28'!U:V,2,0),"0") -> 0 | CK116: กล่อง | CL116: =+CJ116*C116 -> 0 | CM116: =IFERROR(VLOOKUP(A116,'29'!U:V,2,0),"0") -> 0 | CN116: กล่อง | CO116: =+CM116*C116 -> 0 | CP116: =IFERROR(VLOOKUP(A116,'30'!U:V,2,0),"0") -> 0 | CQ116: กล่อง | CR116: =+CP116*C116 -> 0 | CS116: =IFERROR(VLOOKUP(A116,'31'!U:V,2,0),"0") -> 0 | CT116: กล่อง | CU116: =+CS116*C116 -> 0 | CV116: =IFERROR(VLOOKUP(A116,'เซต1-31'!V:W,2,0),"0") -> 0 | CW116: กล่อง | CX116: =+CV116*CO116 -> 0
A117: 1113170 | B117: ขนมเปี๊ยะ ไส้ทะลัก ขนาด 450 กรัม ไข่แดง 3 ใบ 3 รสให้เลือก (ถั่วฝอยทองไข่เค็ม 450 กรัม) | C117: 71.35 | D117: =+G117+J117+M117+P117+S117+V117+Y117+AB117+AE117+AH117+AK117+AN117+AQ117+AT117+AW117+AZ117+BC117+BF117+BI117+BL117+BO117+BR117+BU117+BX117+CA117+CD117+CG117+CJ117+CM117+CP117+CS117+CV117 -> 211 | E117: กล่อง | F117: =+D117*C117 -> 15054.85 | G117: =IFERROR(VLOOKUP(A117,'1'!U:V,2,0),"0") -> 0 | H117: กล่อง | I117: =+G117*C117 -> 0 | J117: =IFERROR(VLOOKUP(A117,'2'!U:V,2,0),"0") -> 0 | K117: กล่อง | L117: =+J117*C117 -> 0 | M117: =IFERROR(VLOOKUP(A117,'3'!U:V,2,0),"0") -> 0 | N117: กล่อง | O117: =+M117*C117 -> 0 | P117: =IFERROR(VLOOKUP(A117,'4'!U:V,2,0),"0") -> 15 | Q117: กล่อง | R117: =+P117*C117 -> 1070.25 | S117: =IFERROR(VLOOKUP(A117,'5'!U:V,2,0),"0") -> 0 | T117: กล่อง | U117: =+S117*C117 -> 0 | V117: =IFERROR(VLOOKUP(A117,'6'!U:V,2,0),"0") -> 33 | W117: กล่อง | X117: =+V117*C117 -> 2354.55 | Y117: =IFERROR(VLOOKUP(A117,'7'!U:V,2,0),"0") -> 11 | Z117: กล่อง | AA117: =+Y117*C117 -> 784.85 | AB117: =IFERROR(VLOOKUP(A117,'8'!U:V,2,0),"0") -> 10 | AC117: กล่อง | AD117: =+AB117*C117 -> 713.5 | AE117: =IFERROR(VLOOKUP(A117,'9'!U:V,2,0),"0") -> 5 | AF117: กล่อง | AG117: =+AE117*C117 -> 356.75 | AH117: =IFERROR(VLOOKUP(A117,'10'!U:V,2,0),"0") -> 1 | AI117: กล่อง | AJ117: =+AH117*C117 -> 71.35 | AK117: =IFERROR(VLOOKUP(A117,'11'!U:V,2,0),"0") -> 6 | AL117: กล่อง | AM117: =+AK117*C117 -> 428.1 | AN117: =IFERROR(VLOOKUP(A117,'12'!U:V,2,0),"0") -> 2 | AO117: กล่อง | AP117: =+AN117*C117 -> 142.7 | AQ117: =IFERROR(VLOOKUP(A117,'13'!U:V,2,0),"0") -> 4 | AR117: กล่อง | AS117: =+AQ117*C117 -> 285.4 | AT117: =IFERROR(VLOOKUP(A117,'14'!U:V,2,0),"0") -> 1 | AU117: กล่อง | AV117: =+AT117*C117 -> 71.35 | AW117: =IFERROR(VLOOKUP(A117,'15'!U:V,2,0),"0") -> 0 | AX117: กล่อง | AY117: =+AW117*C117 -> 0 | AZ117: =IFERROR(VLOOKUP(A117,'16'!U:V,2,0),"0") -> 0 | BA117: กล่อง | BB117: =+AZ117*C117 -> 0 | BC117: =IFERROR(VLOOKUP(A117,'17'!U:V,2,0),"0") -> 3 | BD117: กล่อง | BE117: =+BC117*C117 -> 214.05 | BF117: =IFERROR(VLOOKUP(A117,'18'!U:V,2,0),"0") -> 5 | BG117: กล่อง | BH117: =+BF117*C117 -> 356.75 | BI117: =IFERROR(VLOOKUP(A117,'19'!U:V,2,0),"0") -> 4 | BJ117: กล่อง | BK117: =+BI117*C117 -> 285.4 | BL117: =IFERROR(VLOOKUP(A117,'20'!U:V,2,0),"0") -> 16 | BM117: กล่อง | BN117: =+BL117*C117 -> 1141.6 | BO117: =IFERROR(VLOOKUP(A117,'21'!U:V,2,0),"0") -> 14 | BP117: กล่อง | BQ117: =+BO117*C117 -> 998.9 | BR117: =IFERROR(VLOOKUP(A117,'22'!U:V,2,0),"0") -> 8 | BS117: กล่อง | BT117: =+BR117*C117 -> 570.8 | BU117: =IFERROR(VLOOKUP(A117,'23'!U:V,2,0),"0") -> 4 | BV117: กล่อง | BW117: =+BU117*C117 -> 285.4 | BX117: =IFERROR(VLOOKUP(A117,'24'!U:V,2,0),"0") -> 16 | BY117: กล่อง | BZ117: =+BX117*C117 -> 1141.6 | CA117: =IFERROR(VLOOKUP(A117,'25'!U:V,2,0),"0") -> 2 | CB117: กล่อง | CC117: =+CA117*C117 -> 142.7 | CD117: =IFERROR(VLOOKUP(A117,'26'!U:V,2,0),"0") -> 5 | CE117: กล่อง | CF117: =+CD117*C117 -> 356.75 | CG117: =IFERROR(VLOOKUP(A117,'27'!U:V,2,0),"0") -> 5 | CH117: กล่อง | CI117: =+CG117*C117 -> 356.75 | CJ117: =IFERROR(VLOOKUP(A117,'28'!U:V,2,0),"0") -> 2 | CK117: กล่อง | CL117: =+CJ117*C117 -> 142.7 | CM117: =IFERROR(VLOOKUP(A117,'29'!U:V,2,0),"0") -> 1 | CN117: กล่อง | CO117: =+CM117*C117 -> 71.35 | CP117: =IFERROR(VLOOKUP(A117,'30'!U:V,2,0),"0") -> 7 | CQ117: กล่อง | CR117: =+CP117*C117 -> 499.45 | CS117: =IFERROR(VLOOKUP(A117,'31'!U:V,2,0),"0") -> 31 | CT117: กล่อง | CU117: =+CS117*C117 -> 2211.85 | CV117: =IFERROR(VLOOKUP(A117,'เซต1-31'!V:W,2,0),"0") -> 0 | CW117: กล่อง | CX117: =+CV117*CO117 -> 0
A118: 1113171 | B118: ขนมเปี๊ยะ ไส้ทะลัก ขนาด 450 กรัม ไข่แดง 3 ใบ 3 รสให้เลือก (ฟักถั่วไข่เค็ม 450 กรัม) | C118: 61.68 | D118: =+G118+J118+M118+P118+S118+V118+Y118+AB118+AE118+AH118+AK118+AN118+AQ118+AT118+AW118+AZ118+BC118+BF118+BI118+BL118+BO118+BR118+BU118+BX118+CA118+CD118+CG118+CJ118+CM118+CP118+CS118+CV118 -> 161 | E118: กล่อง | F118: =+D118*C118 -> 9930.48 | G118: =IFERROR(VLOOKUP(A118,'1'!U:V,2,0),"0") -> 0 | H118: กล่อง | I118: =+G118*C118 -> 0 | J118: =IFERROR(VLOOKUP(A118,'2'!U:V,2,0),"0") -> 1 | K118: กล่อง | L118: =+J118*C118 -> 61.68 | M118: =IFERROR(VLOOKUP(A118,'3'!U:V,2,0),"0") -> 0 | N118: กล่อง | O118: =+M118*C118 -> 0 | P118: =IFERROR(VLOOKUP(A118,'4'!U:V,2,0),"0") -> 9 | Q118: กล่อง | R118: =+P118*C118 -> 555.12 | S118: =IFERROR(VLOOKUP(A118,'5'!U:V,2,0),"0") -> 0 | T118: กล่อง | U118: =+S118*C118 -> 0 | V118: =IFERROR(VLOOKUP(A118,'6'!U:V,2,0),"0") -> 34 | W118: กล่อง | X118: =+V118*C118 -> 2097.12 | Y118: =IFERROR(VLOOKUP(A118,'7'!U:V,2,0),"0") -> 8 | Z118: กล่อง | AA118: =+Y118*C118 -> 493.44 | AB118: =IFERROR(VLOOKUP(A118,'8'!U:V,2,0),"0") -> 12 | AC118: กล่อง | AD118: =+AB118*C118 -> 740.16 | AE118: =IFERROR(VLOOKUP(A118,'9'!U:V,2,0),"0") -> 7 | AF118: กล่อง | AG118: =+AE118*C118 -> 431.76 | AH118: =IFERROR(VLOOKUP(A118,'10'!U:V,2,0),"0") -> 2 | AI118: กล่อง | AJ118: =+AH118*C118 -> 123.36 | AK118: =IFERROR(VLOOKUP(A118,'11'!U:V,2,0),"0") -> 2 | AL118: กล่อง | AM118: =+AK118*C118 -> 123.36 | AN118: =IFERROR(VLOOKUP(A118,'12'!U:V,2,0),"0") -> 0 | AO118: กล่อง | AP118: =+AN118*C118 -> 0 | AQ118: =IFERROR(VLOOKUP(A118,'13'!U:V,2,0),"0") -> 7 | AR118: กล่อง | AS118: =+AQ118*C118 -> 431.76 | AT118: =IFERROR(VLOOKUP(A118,'14'!U:V,2,0),"0") -> 0 | AU118: กล่อง | AV118: =+AT118*C118 -> 0 | AW118: =IFERROR(VLOOKUP(A118,'15'!U:V,2,0),"0") -> 0 | AX118: กล่อง | AY118: =+AW118*C118 -> 0 | AZ118: =IFERROR(VLOOKUP(A118,'16'!U:V,2,0),"0") -> 0 | BA118: กล่อง | BB118: =+AZ118*C118 -> 0 | BC118: =IFERROR(VLOOKUP(A118,'17'!U:V,2,0),"0") -> 5 | BD118: กล่อง | BE118: =+BC118*C118 -> 308.4 | BF118: =IFERROR(VLOOKUP(A118,'18'!U:V,2,0),"0") -> 1 | BG118: กล่อง | BH118: =+BF118*C118 -> 61.68 | BI118: =IFERROR(VLOOKUP(A118,'19'!U:V,2,0),"0") -> 4 | BJ118: กล่อง | BK118: =+BI118*C118 -> 246.72 | BL118: =IFERROR(VLOOKUP(A118,'20'!U:V,2,0),"0") -> 18 | BM118: กล่อง | BN118: =+BL118*C118 -> 1110.24 | BO118: =IFERROR(VLOOKUP(A118,'21'!U:V,2,0),"0") -> 13 | BP118: กล่อง | BQ118: =+BO118*C118 -> 801.84 | BR118: =IFERROR(VLOOKUP(A118,'22'!U:V,2,0),"0") -> 4 | BS118: กล่อง | BT118: =+BR118*C118 -> 246.72 | BU118: =IFERROR(VLOOKUP(A118,'23'!U:V,2,0),"0") -> 0 | BV118: กล่อง | BW118: =+BU118*C118 -> 0 | BX118: =IFERROR(VLOOKUP(A118,'24'!U:V,2,0),"0") -> 8 | BY118: กล่อง | BZ118: =+BX118*C118 -> 493.44 | CA118: =IFERROR(VLOOKUP(A118,'25'!U:V,2,0),"0") -> 2 | CB118: กล่อง | CC118: =+CA118*C118 -> 123.36 | CD118: =IFERROR(VLOOKUP(A118,'26'!U:V,2,0),"0") -> 3 | CE118: กล่อง | CF118: =+CD118*C118 -> 185.04 | CG118: =IFERROR(VLOOKUP(A118,'27'!U:V,2,0),"0") -> 5 | CH118: กล่อง | CI118: =+CG118*C118 -> 308.4 | CJ118: =IFERROR(VLOOKUP(A118,'28'!U:V,2,0),"0") -> 0 | CK118: กล่อง | CL118: =+CJ118*C118 -> 0 | CM118: =IFERROR(VLOOKUP(A118,'29'!U:V,2,0),"0") -> 0 | CN118: กล่อง | CO118: =+CM118*C118 -> 0 | CP118: =IFERROR(VLOOKUP(A118,'30'!U:V,2,0),"0") -> 5 | CQ118: กล่อง | CR118: =+CP118*C118 -> 308.4 | CS118: =IFERROR(VLOOKUP(A118,'31'!U:V,2,0),"0") -> 11 | CT118: กล่อง | CU118: =+CS118*C118 -> 678.48 | CV118: =IFERROR(VLOOKUP(A118,'เซต1-31'!V:W,2,0),"0") -> 0 | CW118: กล่อง | CX118: =+CV118*CO118 -> 0
A119: 1113172 | B119: ขนมเปี๊ยะ ไส้ทะลัก ขนาด 450 กรัม ไข่แดง 3 ใบ 3 รสให้เลือก (เผือกฝอยทองไข่เค็ม 450 กรัม) | C119: 70.06 | D119: =+G119+J119+M119+P119+S119+V119+Y119+AB119+AE119+AH119+AK119+AN119+AQ119+AT119+AW119+AZ119+BC119+BF119+BI119+BL119+BO119+BR119+BU119+BX119+CA119+CD119+CG119+CJ119+CM119+CP119+CS119+CV119 -> 0 | E119: กล่อง | F119: =+D119*C119 -> 0 | G119: =IFERROR(VLOOKUP(A119,'1'!U:V,2,0),"0") -> 0 | H119: กล่อง | I119: =+G119*C119 -> 0 | J119: =IFERROR(VLOOKUP(A119,'2'!U:V,2,0),"0") -> 0 | K119: กล่อง | L119: =+J119*C119 -> 0 | M119: =IFERROR(VLOOKUP(A119,'3'!U:V,2,0),"0") -> 0 | N119: กล่อง | O119: =+M119*C119 -> 0 | P119: =IFERROR(VLOOKUP(A119,'4'!U:V,2,0),"0") -> 0 | Q119: กล่อง | R119: =+P119*C119 -> 0 | S119: =IFERROR(VLOOKUP(A119,'5'!U:V,2,0),"0") -> 0 | T119: กล่อง | U119: =+S119*C119 -> 0 | V119: =IFERROR(VLOOKUP(A119,'6'!U:V,2,0),"0") -> 0 | W119: กล่อง | X119: =+V119*C119 -> 0 | Y119: =IFERROR(VLOOKUP(A119,'7'!U:V,2,0),"0") -> 0 | Z119: กล่อง | AA119: =+Y119*C119 -> 0 | AB119: =IFERROR(VLOOKUP(A119,'8'!U:V,2,0),"0") -> 0 | AC119: กล่อง | AD119: =+AB119*C119 -> 0 | AE119: =IFERROR(VLOOKUP(A119,'9'!U:V,2,0),"0") -> 0 | AF119: กล่อง | AG119: =+AE119*C119 -> 0 | AH119: =IFERROR(VLOOKUP(A119,'10'!U:V,2,0),"0") -> 0 | AI119: กล่อง | AJ119: =+AH119*C119 -> 0 | AK119: =IFERROR(VLOOKUP(A119,'11'!U:V,2,0),"0") -> 0 | AL119: กล่อง | AM119: =+AK119*C119 -> 0 | AN119: =IFERROR(VLOOKUP(A119,'12'!U:V,2,0),"0") -> 0 | AO119: กล่อง | AP119: =+AN119*C119 -> 0 | AQ119: =IFERROR(VLOOKUP(A119,'13'!U:V,2,0),"0") -> 0 | AR119: กล่อง | AS119: =+AQ119*C119 -> 0 | AT119: =IFERROR(VLOOKUP(A119,'14'!U:V,2,0),"0") -> 0 | AU119: กล่อง | AV119: =+AT119*C119 -> 0 | AW119: =IFERROR(VLOOKUP(A119,'15'!U:V,2,0),"0") -> 0 | AX119: กล่อง | AY119: =+AW119*C119 -> 0 | AZ119: =IFERROR(VLOOKUP(A119,'16'!U:V,2,0),"0") -> 0 | BA119: กล่อง | BB119: =+AZ119*C119 -> 0 | BC119: =IFERROR(VLOOKUP(A119,'17'!U:V,2,0),"0") -> 0 | BD119: กล่อง | BE119: =+BC119*C119 -> 0 | BF119: =IFERROR(VLOOKUP(A119,'18'!U:V,2,0),"0") -> 0 | BG119: กล่อง | BH119: =+BF119*C119 -> 0 | BI119: =IFERROR(VLOOKUP(A119,'19'!U:V,2,0),"0") -> 0 | BJ119: กล่อง | BK119: =+BI119*C119 -> 0 | BL119: =IFERROR(VLOOKUP(A119,'20'!U:V,2,0),"0") -> 0 | BM119: กล่อง | BN119: =+BL119*C119 -> 0 | BO119: =IFERROR(VLOOKUP(A119,'21'!U:V,2,0),"0") -> 0 | BP119: กล่อง | BQ119: =+BO119*C119 -> 0 | BR119: =IFERROR(VLOOKUP(A119,'22'!U:V,2,0),"0") -> 0 | BS119: กล่อง | BT119: =+BR119*C119 -> 0 | BU119: =IFERROR(VLOOKUP(A119,'23'!U:V,2,0),"0") -> 0 | BV119: กล่อง | BW119: =+BU119*C119 -> 0 | BX119: =IFERROR(VLOOKUP(A119,'24'!U:V,2,0),"0") -> 0 | BY119: กล่อง | BZ119: =+BX119*C119 -> 0 | CA119: =IFERROR(VLOOKUP(A119,'25'!U:V,2,0),"0") -> 0 | CB119: กล่อง | CC119: =+CA119*C119 -> 0 | CD119: =IFERROR(VLOOKUP(A119,'26'!U:V,2,0),"0") -> 0 | CE119: กล่อง | CF119: =+CD119*C119 -> 0 | CG119: =IFERROR(VLOOKUP(A119,'27'!U:V,2,0),"0") -> 0 | CH119: กล่อง | CI119: =+CG119*C119 -> 0 | CJ119: =IFERROR(VLOOKUP(A119,'28'!U:V,2,0),"0") -> 0 | CK119: กล่อง | CL119: =+CJ119*C119 -> 0 | CM119: =IFERROR(VLOOKUP(A119,'29'!U:V,2,0),"0") -> 0 | CN119: กล่อง | CO119: =+CM119*C119 -> 0 | CP119: =IFERROR(VLOOKUP(A119,'30'!U:V,2,0),"0") -> 0 | CQ119: กล่อง | CR119: =+CP119*C119 -> 0 | CS119: =IFERROR(VLOOKUP(A119,'31'!U:V,2,0),"0") -> 0 | CT119: กล่อง | CU119: =+CS119*C119 -> 0 | CV119: =IFERROR(VLOOKUP(A119,'เซต1-31'!V:W,2,0),"0") -> 0 | CW119: กล่อง | CX119: =+CV119*CO119 -> 0
A120: 1124021-A | B120: ขนมปังแถวหั่นสไลด์ 20แผ่น/แถว ของฝากวรรณวนัช | C120: 16.01 | D120: =+G120+J120+M120+P120+S120+V120+Y120+AB120+AE120+AH120+AK120+AN120+AQ120+AT120+AW120+AZ120+BC120+BF120+BI120+BL120+BO120+BR120+BU120+BX120+CA120+CD120+CG120+CJ120+CM120+CP120+CS120+CV120 -> 0 | E120: แถว | F120: =+D120*C120 -> 0 | G120: =IFERROR(VLOOKUP(A120,'1'!U:V,2,0),"0") -> 0 | H120: แถว | I120: =+G120*C120 -> 0 | J120: =IFERROR(VLOOKUP(A120,'2'!U:V,2,0),"0") -> 0 | K120: แถว | L120: =+J120*C120 -> 0 | M120: =IFERROR(VLOOKUP(A120,'3'!U:V,2,0),"0") -> 0 | N120: แถว | O120: =+M120*C120 -> 0 | P120: =IFERROR(VLOOKUP(A120,'4'!U:V,2,0),"0") -> 0 | Q120: แถว | R120: =+P120*C120 -> 0 | S120: =IFERROR(VLOOKUP(A120,'5'!U:V,2,0),"0") -> 0 | T120: แถว | U120: =+S120*C120 -> 0 | V120: =IFERROR(VLOOKUP(A120,'6'!U:V,2,0),"0") -> 0 | W120: แถว | X120: =+V120*C120 -> 0 | Y120: =IFERROR(VLOOKUP(A120,'7'!U:V,2,0),"0") -> 0 | Z120: แถว | AA120: =+Y120*C120 -> 0 | AB120: =IFERROR(VLOOKUP(A120,'8'!U:V,2,0),"0") -> 0 | AC120: แถว | AD120: =+AB120*C120 -> 0 | AE120: =IFERROR(VLOOKUP(A120,'9'!U:V,2,0),"0") -> 0 | AF120: แถว | AG120: =+AE120*C120 -> 0 | AH120: =IFERROR(VLOOKUP(A120,'10'!U:V,2,0),"0") -> 0 | AI120: แถว | AJ120: =+AH120*C120 -> 0 | AK120: =IFERROR(VLOOKUP(A120,'11'!U:V,2,0),"0") -> 0 | AL120: แถว | AM120: =+AK120*C120 -> 0 | AN120: =IFERROR(VLOOKUP(A120,'12'!U:V,2,0),"0") -> 0 | AO120: แถว | AP120: =+AN120*C120 -> 0 | AQ120: =IFERROR(VLOOKUP(A120,'13'!U:V,2,0),"0") -> 0 | AR120: แถว | AS120: =+AQ120*C120 -> 0 | AT120: =IFERROR(VLOOKUP(A120,'14'!U:V,2,0),"0") -> 0 | AU120: แถว | AV120: =+AT120*C120 -> 0 | AW120: =IFERROR(VLOOKUP(A120,'15'!U:V,2,0),"0") -> 0 | AX120: แถว | AY120: =+AW120*C120 -> 0 | AZ120: =IFERROR(VLOOKUP(A120,'16'!U:V,2,0),"0") -> 0 | BA120: แถว | BB120: =+AZ120*C120 -> 0 | BC120: =IFERROR(VLOOKUP(A120,'17'!U:V,2,0),"0") -> 0 | BD120: แถว | BE120: =+BC120*C120 -> 0 | BF120: =IFERROR(VLOOKUP(A120,'18'!U:V,2,0),"0") -> 0 | BG120: แถว | BH120: =+BF120*C120 -> 0 | BI120: =IFERROR(VLOOKUP(A120,'19'!U:V,2,0),"0") -> 0 | BJ120: แถว | BK120: =+BI120*C120 -> 0 | BL120: =IFERROR(VLOOKUP(A120,'20'!U:V,2,0),"0") -> 0 | BM120: แถว | BN120: =+BL120*C120 -> 0 | BO120: =IFERROR(VLOOKUP(A120,'21'!U:V,2,0),"0") -> 0 | BP120: แถว | BQ120: =+BO120*C120 -> 0 | BR120: =IFERROR(VLOOKUP(A120,'22'!U:V,2,0),"0") -> 0 | BS120: แถว | BT120: =+BR120*C120 -> 0 | BU120: =IFERROR(VLOOKUP(A120,'23'!U:V,2,0),"0") -> 0 | BV120: แถว | BW120: =+BU120*C120 -> 0 | BX120: =IFERROR(VLOOKUP(A120,'24'!U:V,2,0),"0") -> 0 | BY120: แถว | BZ120: =+BX120*C120 -> 0 | CA120: =IFERROR(VLOOKUP(A120,'25'!U:V,2,0),"0") -> 0 | CB120: แถว | CC120: =+CA120*C120 -> 0 | CD120: =IFERROR(VLOOKUP(A120,'26'!U:V,2,0),"0") -> 0 | CE120: แถว | CF120: =+CD120*C120 -> 0 | CG120: =IFERROR(VLOOKUP(A120,'27'!U:V,2,0),"0") -> 0 | CH120: แถว | CI120: =+CG120*C120 -> 0 | CJ120: =IFERROR(VLOOKUP(A120,'28'!U:V,2,0),"0") -> 0 | CK120: แถว | CL120: =+CJ120*C120 -> 0 | CM120: =IFERROR(VLOOKUP(A120,'29'!U:V,2,0),"0") -> 0 | CN120: แถว | CO120: =+CM120*C120 -> 0 | CP120: =IFERROR(VLOOKUP(A120,'30'!U:V,2,0),"0") -> 0 | CQ120: แถว | CR120: =+CP120*C120 -> 0 | CS120: =IFERROR(VLOOKUP(A120,'31'!U:V,2,0),"0") -> 0 | CT120: แถว | CU120: =+CS120*C120 -> 0 | CV120: =IFERROR(VLOOKUP(A120,'เซต1-31'!V:W,2,0),"0") -> 0 | CW120: แถว | CX120: =+CV120*CO120 -> 0
A121: คละรส 1กล่อง | B121: เค้กเบาหวิว ขนาด100กรัม คละรส จำนวน 1กล่อง | C121: 15.01 | D121: =+G121+J121+M121+P121+S121+V121+Y121+AB121+AE121+AH121+AK121+AN121+AQ121+AT121+AW121+AZ121+BC121+BF121+BI121+BL121+BO121+BR121+BU121+BX121+CA121+CD121+CG121+CJ121+CM121+CP121+CS121+CV121 -> 0 | E121: กล่อง | F121: =+D121*C121 -> 0 | G121: =IFERROR(VLOOKUP(A121,'1'!U:V,2,0),"0") -> 0 | H121: กล่อง | I121: =+G121*C121 -> 0 | J121: =IFERROR(VLOOKUP(A121,'2'!U:V,2,0),"0") -> 0 | K121: กล่อง | L121: =+J121*C121 -> 0 | M121: =IFERROR(VLOOKUP(A121,'3'!U:V,2,0),"0") -> 0 | N121: กล่อง | O121: =+M121*C121 -> 0 | P121: =IFERROR(VLOOKUP(A121,'4'!U:V,2,0),"0") -> 0 | Q121: กล่อง | R121: =+P121*C121 -> 0 | S121: =IFERROR(VLOOKUP(A121,'5'!U:V,2,0),"0") -> 0 | T121: กล่อง | U121: =+S121*C121 -> 0 | V121: =IFERROR(VLOOKUP(A121,'6'!U:V,2,0),"0") -> 0 | W121: กล่อง | X121: =+V121*C121 -> 0 | Y121: =IFERROR(VLOOKUP(A121,'7'!U:V,2,0),"0") -> 0 | Z121: กล่อง | AA121: =+Y121*C121 -> 0 | AB121: =IFERROR(VLOOKUP(A121,'8'!U:V,2,0),"0") -> 0 | AC121: กล่อง | AD121: =+AB121*C121 -> 0 | AE121: =IFERROR(VLOOKUP(A121,'9'!U:V,2,0),"0") -> 0 | AF121: กล่อง | AG121: =+AE121*C121 -> 0 | AH121: =IFERROR(VLOOKUP(A121,'10'!U:V,2,0),"0") -> 0 | AI121: กล่อง | AJ121: =+AH121*C121 -> 0 | AK121: =IFERROR(VLOOKUP(A121,'11'!U:V,2,0),"0") -> 0 | AL121: กล่อง | AM121: =+AK121*C121 -> 0 | AN121: =IFERROR(VLOOKUP(A121,'12'!U:V,2,0),"0") -> 0 | AO121: กล่อง | AP121: =+AN121*C121 -> 0 | AQ121: =IFERROR(VLOOKUP(A121,'13'!U:V,2,0),"0") -> 0 | AR121: กล่อง | AS121: =+AQ121*C121 -> 0 | AT121: =IFERROR(VLOOKUP(A121,'14'!U:V,2,0),"0") -> 0 | AU121: กล่อง | AV121: =+AT121*C121 -> 0 | AW121: =IFERROR(VLOOKUP(A121,'15'!U:V,2,0),"0") -> 0 | AX121: กล่อง | AY121: =+AW121*C121 -> 0 | AZ121: =IFERROR(VLOOKUP(A121,'16'!U:V,2,0),"0") -> 0 | BA121: กล่อง | BB121: =+AZ121*C121 -> 0 | BC121: =IFERROR(VLOOKUP(A121,'17'!U:V,2,0),"0") -> 0 | BD121: กล่อง | BE121: =+BC121*C121 -> 0 | BF121: =IFERROR(VLOOKUP(A121,'18'!U:V,2,0),"0") -> 0 | BG121: กล่อง | BH121: =+BF121*C121 -> 0 | BI121: =IFERROR(VLOOKUP(A121,'19'!U:V,2,0),"0") -> 0 | BJ121: กล่อง | BK121: =+BI121*C121 -> 0 | BL121: =IFERROR(VLOOKUP(A121,'20'!U:V,2,0),"0") -> 0 | BM121: กล่อง | BN121: =+BL121*C121 -> 0 | BO121: =IFERROR(VLOOKUP(A121,'21'!U:V,2,0),"0") -> 0 | BP121: กล่อง | BQ121: =+BO121*C121 -> 0 | BR121: =IFERROR(VLOOKUP(A121,'22'!U:V,2,0),"0") -> 0 | BS121: กล่อง | BT121: =+BR121*C121 -> 0 | BU121: =IFERROR(VLOOKUP(A121,'23'!U:V,2,0),"0") -> 0 | BV121: กล่อง | BW121: =+BU121*C121 -> 0 | BX121: =IFERROR(VLOOKUP(A121,'24'!U:V,2,0),"0") -> 0 | BY121: กล่อง | BZ121: =+BX121*C121 -> 0 | CA121: =IFERROR(VLOOKUP(A121,'25'!U:V,2,0),"0") -> 0 | CB121: กล่อง | CC121: =+CA121*C121 -> 0 | CD121: =IFERROR(VLOOKUP(A121,'26'!U:V,2,0),"0") -> 0 | CE121: กล่อง | CF121: =+CD121*C121 -> 0 | CG121: =IFERROR(VLOOKUP(A121,'27'!U:V,2,0),"0") -> 0 | CH121: กล่อง | CI121: =+CG121*C121 -> 0 | CJ121: =IFERROR(VLOOKUP(A121,'28'!U:V,2,0),"0") -> 0 | CK121: กล่อง | CL121: =+CJ121*C121 -> 0 | CM121: =IFERROR(VLOOKUP(A121,'29'!U:V,2,0),"0") -> 0 | CN121: กล่อง | CO121: =+CM121*C121 -> 0 | CP121: =IFERROR(VLOOKUP(A121,'30'!U:V,2,0),"0") -> 0 | CQ121: กล่อง | CR121: =+CP121*C121 -> 0 | CS121: =IFERROR(VLOOKUP(A121,'31'!U:V,2,0),"0") -> 0 | CT121: กล่อง | CU121: =+CS121*C121 -> 0 | CV121: =IFERROR(VLOOKUP(A121,'เซต1-31'!V:W,2,0),"0") -> 0 | CW121: กล่อง | CX121: =+CV121*CO121 -> 0
A122: บ3 | B122: เบาหวิว เล็ก3กล่อง3รส คละ (main) | C122: =15.01*3 -> 45.03 | D122: =+G122+J122+M122+P122+S122+V122+Y122+AB122+AE122+AH122+AK122+AN122+AQ122+AT122+AW122+AZ122+BC122+BF122+BI122+BL122+BO122+BR122+BU122+BX122+CA122+CD122+CG122+CJ122+CM122+CP122+CS122+CV122 -> 0 | E122: เซต | F122: =+D122*C122 -> 0 | G122: =IFERROR(VLOOKUP(A122,'1'!U:V,2,0),"0") -> 0 | H122: เซต | I122: =+G122*C122 -> 0 | J122: =IFERROR(VLOOKUP(A122,'2'!U:V,2,0),"0") -> 0 | K122: เซต | L122: =+J122*C122 -> 0 | M122: =IFERROR(VLOOKUP(A122,'3'!U:V,2,0),"0") -> 0 | N122: เซต | O122: =+M122*C122 -> 0 | P122: =IFERROR(VLOOKUP(A122,'4'!U:V,2,0),"0") -> 0 | Q122: เซต | R122: =+P122*C122 -> 0 | S122: =IFERROR(VLOOKUP(A122,'5'!U:V,2,0),"0") -> 0 | T122: เซต | U122: =+S122*C122 -> 0 | V122: =IFERROR(VLOOKUP(A122,'6'!U:V,2,0),"0") -> 0 | W122: เซต | X122: =+V122*C122 -> 0 | Y122: =IFERROR(VLOOKUP(A122,'7'!U:V,2,0),"0") -> 0 | Z122: เซต | AA122: =+Y122*C122 -> 0 | AB122: =IFERROR(VLOOKUP(A122,'8'!U:V,2,0),"0") -> 0 | AC122: เซต | AD122: =+AB122*C122 -> 0 | AE122: =IFERROR(VLOOKUP(A122,'9'!U:V,2,0),"0") -> 0 | AF122: เซต | AG122: =+AE122*C122 -> 0 | AH122: =IFERROR(VLOOKUP(A122,'10'!U:V,2,0),"0") -> 0 | AI122: เซต | AJ122: =+AH122*C122 -> 0 | AK122: =IFERROR(VLOOKUP(A122,'11'!U:V,2,0),"0") -> 0 | AL122: เซต | AM122: =+AK122*C122 -> 0 | AN122: =IFERROR(VLOOKUP(A122,'12'!U:V,2,0),"0") -> 0 | AO122: เซต | AP122: =+AN122*C122 -> 0 | AQ122: =IFERROR(VLOOKUP(A122,'13'!U:V,2,0),"0") -> 0 | AR122: เซต | AS122: =+AQ122*C122 -> 0 | AT122: =IFERROR(VLOOKUP(A122,'14'!U:V,2,0),"0") -> 0 | AU122: เซต | AV122: =+AT122*C122 -> 0 | AW122: =IFERROR(VLOOKUP(A122,'15'!U:V,2,0),"0") -> 0 | AX122: เซต | AY122: =+AW122*C122 -> 0 | AZ122: =IFERROR(VLOOKUP(A122,'16'!U:V,2,0),"0") -> 0 | BA122: เซต | BB122: =+AZ122*C122 -> 0 | BC122: =IFERROR(VLOOKUP(A122,'17'!U:V,2,0),"0") -> 0 | BD122: เซต | BE122: =+BC122*C122 -> 0 | BF122: =IFERROR(VLOOKUP(A122,'18'!U:V,2,0),"0") -> 0 | BG122: เซต | BH122: =+BF122*C122 -> 0 | BI122: =IFERROR(VLOOKUP(A122,'19'!U:V,2,0),"0") -> 0 | BJ122: เซต | BK122: =+BI122*C122 -> 0 | BL122: =IFERROR(VLOOKUP(A122,'20'!U:V,2,0),"0") -> 0 | BM122: เซต | BN122: =+BL122*C122 -> 0 | BO122: =IFERROR(VLOOKUP(A122,'21'!U:V,2,0),"0") -> 0 | BP122: เซต | BQ122: =+BO122*C122 -> 0 | BR122: =IFERROR(VLOOKUP(A122,'22'!U:V,2,0),"0") -> 0 | BS122: เซต | BT122: =+BR122*C122 -> 0 | BU122: =IFERROR(VLOOKUP(A122,'23'!U:V,2,0),"0") -> 0 | BV122: เซต | BW122: =+BU122*C122 -> 0 | BX122: =IFERROR(VLOOKUP(A122,'24'!U:V,2,0),"0") -> 0 | BY122: เซต | BZ122: =+BX122*C122 -> 0 | CA122: =IFERROR(VLOOKUP(A122,'25'!U:V,2,0),"0") -> 0 | CB122: เซต | CC122: =+CA122*C122 -> 0 | CD122: =IFERROR(VLOOKUP(A122,'26'!U:V,2,0),"0") -> 0 | CE122: เซต | CF122: =+CD122*C122 -> 0 | CG122: =IFERROR(VLOOKUP(A122,'27'!U:V,2,0),"0") -> 0 | CH122: เซต | CI122: =+CG122*C122 -> 0 | CJ122: =IFERROR(VLOOKUP(A122,'28'!U:V,2,0),"0") -> 0 | CK122: เซต | CL122: =+CJ122*C122 -> 0 | CM122: =IFERROR(VLOOKUP(A122,'29'!U:V,2,0),"0") -> 0 | CN122: เซต | CO122: =+CM122*C122 -> 0 | CP122: =IFERROR(VLOOKUP(A122,'30'!U:V,2,0),"0") -> 0 | CQ122: เซต | CR122: =+CP122*C122 -> 0 | CS122: =IFERROR(VLOOKUP(A122,'31'!U:V,2,0),"0") -> 0 | CT122: เซต | CU122: =+CS122*C122 -> 0 | CV122: =IFERROR(VLOOKUP(A122,'เซต1-31'!V:W,2,0),"0") -> 0 | CW122: เซต | CX122: =+CV122*CO122 -> 0
A123: ส100 | B123: ชิฟฟอนไส้แยมรวมรส 3 ชิ้น 3 กล่อง (main) | C123: =11.38*3 -> 34.14 | D123: =+G123+J123+M123+P123+S123+V123+Y123+AB123+AE123+AH123+AK123+AN123+AQ123+AT123+AW123+AZ123+BC123+BF123+BI123+BL123+BO123+BR123+BU123+BX123+CA123+CD123+CG123+CJ123+CM123+CP123+CS123+CV123 -> 0 | E123: เซต | F123: =+D123*C123 -> 0 | G123: =IFERROR(VLOOKUP(A123,'1'!U:V,2,0),"0") -> 0 | H123: เซต | I123: =+G123*C123 -> 0 | J123: =IFERROR(VLOOKUP(A123,'2'!U:V,2,0),"0") -> 0 | K123: เซต | L123: =+J123*C123 -> 0 | M123: =IFERROR(VLOOKUP(A123,'3'!U:V,2,0),"0") -> 0 | N123: เซต | O123: =+M123*C123 -> 0 | P123: =IFERROR(VLOOKUP(A123,'4'!U:V,2,0),"0") -> 0 | Q123: เซต | R123: =+P123*C123 -> 0 | S123: =IFERROR(VLOOKUP(A123,'5'!U:V,2,0),"0") -> 0 | T123: เซต | U123: =+S123*C123 -> 0 | V123: =IFERROR(VLOOKUP(A123,'6'!U:V,2,0),"0") -> 0 | W123: เซต | X123: =+V123*C123 -> 0 | Y123: =IFERROR(VLOOKUP(A123,'7'!U:V,2,0),"0") -> 0 | Z123: เซต | AA123: =+Y123*C123 -> 0 | AB123: =IFERROR(VLOOKUP(A123,'8'!U:V,2,0),"0") -> 0 | AC123: เซต | AD123: =+AB123*C123 -> 0 | AE123: =IFERROR(VLOOKUP(A123,'9'!U:V,2,0),"0") -> 0 | AF123: เซต | AG123: =+AE123*C123 -> 0 | AH123: =IFERROR(VLOOKUP(A123,'10'!U:V,2,0),"0") -> 0 | AI123: เซต | AJ123: =+AH123*C123 -> 0 | AK123: =IFERROR(VLOOKUP(A123,'11'!U:V,2,0),"0") -> 0 | AL123: เซต | AM123: =+AK123*C123 -> 0 | AN123: =IFERROR(VLOOKUP(A123,'12'!U:V,2,0),"0") -> 0 | AO123: เซต | AP123: =+AN123*C123 -> 0 | AQ123: =IFERROR(VLOOKUP(A123,'13'!U:V,2,0),"0") -> 0 | AR123: เซต | AS123: =+AQ123*C123 -> 0 | AT123: =IFERROR(VLOOKUP(A123,'14'!U:V,2,0),"0") -> 0 | AU123: เซต | AV123: =+AT123*C123 -> 0 | AW123: =IFERROR(VLOOKUP(A123,'15'!U:V,2,0),"0") -> 0 | AX123: เซต | AY123: =+AW123*C123 -> 0 | AZ123: =IFERROR(VLOOKUP(A123,'16'!U:V,2,0),"0") -> 0 | BA123: เซต | BB123: =+AZ123*C123 -> 0 | BC123: =IFERROR(VLOOKUP(A123,'17'!U:V,2,0),"0") -> 0 | BD123: เซต | BE123: =+BC123*C123 -> 0 | BF123: =IFERROR(VLOOKUP(A123,'18'!U:V,2,0),"0") -> 0 | BG123: เซต | BH123: =+BF123*C123 -> 0 | BI123: =IFERROR(VLOOKUP(A123,'19'!U:V,2,0),"0") -> 0 | BJ123: เซต | BK123: =+BI123*C123 -> 0 | BL123: =IFERROR(VLOOKUP(A123,'20'!U:V,2,0),"0") -> 0 | BM123: เซต | BN123: =+BL123*C123 -> 0 | BO123: =IFERROR(VLOOKUP(A123,'21'!U:V,2,0),"0") -> 0 | BP123: เซต | BQ123: =+BO123*C123 -> 0 | BR123: =IFERROR(VLOOKUP(A123,'22'!U:V,2,0),"0") -> 0 | BS123: เซต | BT123: =+BR123*C123 -> 0 | BU123: =IFERROR(VLOOKUP(A123,'23'!U:V,2,0),"0") -> 0 | BV123: เซต | BW123: =+BU123*C123 -> 0 | BX123: =IFERROR(VLOOKUP(A123,'24'!U:V,2,0),"0") -> 0 | BY123: เซต | BZ123: =+BX123*C123 -> 0 | CA123: =IFERROR(VLOOKUP(A123,'25'!U:V,2,0),"0") -> 0 | CB123: เซต | CC123: =+CA123*C123 -> 0 | CD123: =IFERROR(VLOOKUP(A123,'26'!U:V,2,0),"0") -> 0 | CE123: เซต | CF123: =+CD123*C123 -> 0 | CG123: =IFERROR(VLOOKUP(A123,'27'!U:V,2,0),"0") -> 0 | CH123: เซต | CI123: =+CG123*C123 -> 0 | CJ123: =IFERROR(VLOOKUP(A123,'28'!U:V,2,0),"0") -> 0 | CK123: เซต | CL123: =+CJ123*C123 -> 0 | CM123: =IFERROR(VLOOKUP(A123,'29'!U:V,2,0),"0") -> 0 | CN123: เซต | CO123: =+CM123*C123 -> 0 | CP123: =IFERROR(VLOOKUP(A123,'30'!U:V,2,0),"0") -> 0 | CQ123: เซต | CR123: =+CP123*C123 -> 0 | CS123: =IFERROR(VLOOKUP(A123,'31'!U:V,2,0),"0") -> 0 | CT123: เซต | CU123: =+CS123*C123 -> 0 | CV123: =IFERROR(VLOOKUP(A123,'เซต1-31'!V:W,2,0),"0") -> 0 | CW123: เซต | CX123: =+CV123*CO123 -> 0
A124: h003 | B124: ครีมฮอร์น วนิลา เตย ชอค (main) | C124: =12.68*3 -> 38.04 | D124: =+G124+J124+M124+P124+S124+V124+Y124+AB124+AE124+AH124+AK124+AN124+AQ124+AT124+AW124+AZ124+BC124+BF124+BI124+BL124+BO124+BR124+BU124+BX124+CA124+CD124+CG124+CJ124+CM124+CP124+CS124+CV124 -> 0 | E124: เซต | F124: =+D124*C124 -> 0 | G124: =IFERROR(VLOOKUP(A124,'1'!U:V,2,0),"0") -> 0 | H124: เซต | I124: =+G124*C124 -> 0 | J124: =IFERROR(VLOOKUP(A124,'2'!U:V,2,0),"0") -> 0 | K124: เซต | L124: =+J124*C124 -> 0 | M124: =IFERROR(VLOOKUP(A124,'3'!U:V,2,0),"0") -> 0 | N124: เซต | O124: =+M124*C124 -> 0 | P124: =IFERROR(VLOOKUP(A124,'4'!U:V,2,0),"0") -> 0 | Q124: เซต | R124: =+P124*C124 -> 0 | S124: =IFERROR(VLOOKUP(A124,'5'!U:V,2,0),"0") -> 0 | T124: เซต | U124: =+S124*C124 -> 0 | V124: =IFERROR(VLOOKUP(A124,'6'!U:V,2,0),"0") -> 0 | W124: เซต | X124: =+V124*C124 -> 0 | Y124: =IFERROR(VLOOKUP(A124,'7'!U:V,2,0),"0") -> 0 | Z124: เซต | AA124: =+Y124*C124 -> 0 | AB124: =IFERROR(VLOOKUP(A124,'8'!U:V,2,0),"0") -> 0 | AC124: เซต | AD124: =+AB124*C124 -> 0 | AE124: =IFERROR(VLOOKUP(A124,'9'!U:V,2,0),"0") -> 0 | AF124: เซต | AG124: =+AE124*C124 -> 0 | AH124: =IFERROR(VLOOKUP(A124,'10'!U:V,2,0),"0") -> 0 | AI124: เซต | AJ124: =+AH124*C124 -> 0 | AK124: =IFERROR(VLOOKUP(A124,'11'!U:V,2,0),"0") -> 0 | AL124: เซต | AM124: =+AK124*C124 -> 0 | AN124: =IFERROR(VLOOKUP(A124,'12'!U:V,2,0),"0") -> 0 | AO124: เซต | AP124: =+AN124*C124 -> 0 | AQ124: =IFERROR(VLOOKUP(A124,'13'!U:V,2,0),"0") -> 0 | AR124: เซต | AS124: =+AQ124*C124 -> 0 | AT124: =IFERROR(VLOOKUP(A124,'14'!U:V,2,0),"0") -> 0 | AU124: เซต | AV124: =+AT124*C124 -> 0 | AW124: =IFERROR(VLOOKUP(A124,'15'!U:V,2,0),"0") -> 0 | AX124: เซต | AY124: =+AW124*C124 -> 0 | AZ124: =IFERROR(VLOOKUP(A124,'16'!U:V,2,0),"0") -> 0 | BA124: เซต | BB124: =+AZ124*C124 -> 0 | BC124: =IFERROR(VLOOKUP(A124,'17'!U:V,2,0),"0") -> 0 | BD124: เซต | BE124: =+BC124*C124 -> 0 | BF124: =IFERROR(VLOOKUP(A124,'18'!U:V,2,0),"0") -> 0 | BG124: เซต | BH124: =+BF124*C124 -> 0 | BI124: =IFERROR(VLOOKUP(A124,'19'!U:V,2,0),"0") -> 0 | BJ124: เซต | BK124: =+BI124*C124 -> 0 | BL124: =IFERROR(VLOOKUP(A124,'20'!U:V,2,0),"0") -> 0 | BM124: เซต | BN124: =+BL124*C124 -> 0 | BO124: =IFERROR(VLOOKUP(A124,'21'!U:V,2,0),"0") -> 0 | BP124: เซต | BQ124: =+BO124*C124 -> 0 | BR124: =IFERROR(VLOOKUP(A124,'22'!U:V,2,0),"0") -> 0 | BS124: เซต | BT124: =+BR124*C124 -> 0 | BU124: =IFERROR(VLOOKUP(A124,'23'!U:V,2,0),"0") -> 0 | BV124: เซต | BW124: =+BU124*C124 -> 0 | BX124: =IFERROR(VLOOKUP(A124,'24'!U:V,2,0),"0") -> 0 | BY124: เซต | BZ124: =+BX124*C124 -> 0 | CA124: =IFERROR(VLOOKUP(A124,'25'!U:V,2,0),"0") -> 0 | CB124: เซต | CC124: =+CA124*C124 -> 0 | CD124: =IFERROR(VLOOKUP(A124,'26'!U:V,2,0),"0") -> 0 | CE124: เซต | CF124: =+CD124*C124 -> 0 | CG124: =IFERROR(VLOOKUP(A124,'27'!U:V,2,0),"0") -> 0 | CH124: เซต | CI124: =+CG124*C124 -> 0 | CJ124: =IFERROR(VLOOKUP(A124,'28'!U:V,2,0),"0") -> 0 | CK124: เซต | CL124: =+CJ124*C124 -> 0 | CM124: =IFERROR(VLOOKUP(A124,'29'!U:V,2,0),"0") -> 0 | CN124: เซต | CO124: =+CM124*C124 -> 0 | CP124: =IFERROR(VLOOKUP(A124,'30'!U:V,2,0),"0") -> 0 | CQ124: เซต | CR124: =+CP124*C124 -> 0 | CS124: =IFERROR(VLOOKUP(A124,'31'!U:V,2,0),"0") -> 0 | CT124: เซต | CU124: =+CS124*C124 -> 0 | CV124: =IFERROR(VLOOKUP(A124,'เซต1-31'!V:W,2,0),"0") -> 0 | CW124: เซต | CX124: =+CV124*CO124 -> 0
A125: ช100 | B125: ชิฟฟอนไม่มีไส้ 4 ชิ้น 3 กล่อง (main) | C125: =+C6*3 -> 58.74 | D125: =+G125+J125+M125+P125+S125+V125+Y125+AB125+AE125+AH125+AK125+AN125+AQ125+AT125+AW125+AZ125+BC125+BF125+BI125+BL125+BO125+BR125+BU125+BX125+CA125+CD125+CG125+CJ125+CM125+CP125+CS125+CV125 -> 0 | E125: เซต | F125: =+D125*C125 -> 0 | G125: =IFERROR(VLOOKUP(A125,'1'!U:V,2,0),"0") -> 0 | H125: เซต | I125: =+G125*C125 -> 0 | J125: =IFERROR(VLOOKUP(A125,'2'!U:V,2,0),"0") -> 0 | K125: เซต | L125: =+J125*C125 -> 0 | M125: =IFERROR(VLOOKUP(A125,'3'!U:V,2,0),"0") -> 0 | N125: เซต | O125: =+M125*C125 -> 0 | P125: =IFERROR(VLOOKUP(A125,'4'!U:V,2,0),"0") -> 0 | Q125: เซต | R125: =+P125*C125 -> 0 | S125: =IFERROR(VLOOKUP(A125,'5'!U:V,2,0),"0") -> 0 | T125: เซต | U125: =+S125*C125 -> 0 | V125: =IFERROR(VLOOKUP(A125,'6'!U:V,2,0),"0") -> 0 | W125: เซต | X125: =+V125*C125 -> 0 | Y125: =IFERROR(VLOOKUP(A125,'7'!U:V,2,0),"0") -> 0 | Z125: เซต | AA125: =+Y125*C125 -> 0 | AB125: =IFERROR(VLOOKUP(A125,'8'!U:V,2,0),"0") -> 0 | AC125: เซต | AD125: =+AB125*C125 -> 0 | AE125: =IFERROR(VLOOKUP(A125,'9'!U:V,2,0),"0") -> 0 | AF125: เซต | AG125: =+AE125*C125 -> 0 | AH125: =IFERROR(VLOOKUP(A125,'10'!U:V,2,0),"0") -> 0 | AI125: เซต | AJ125: =+AH125*C125 -> 0 | AK125: =IFERROR(VLOOKUP(A125,'11'!U:V,2,0),"0") -> 0 | AL125: เซต | AM125: =+AK125*C125 -> 0 | AN125: =IFERROR(VLOOKUP(A125,'12'!U:V,2,0),"0") -> 0 | AO125: เซต | AP125: =+AN125*C125 -> 0 | AQ125: =IFERROR(VLOOKUP(A125,'13'!U:V,2,0),"0") -> 0 | AR125: เซต | AS125: =+AQ125*C125 -> 0 | AT125: =IFERROR(VLOOKUP(A125,'14'!U:V,2,0),"0") -> 0 | AU125: เซต | AV125: =+AT125*C125 -> 0 | AW125: =IFERROR(VLOOKUP(A125,'15'!U:V,2,0),"0") -> 0 | AX125: เซต | AY125: =+AW125*C125 -> 0 | AZ125: =IFERROR(VLOOKUP(A125,'16'!U:V,2,0),"0") -> 0 | BA125: เซต | BB125: =+AZ125*C125 -> 0 | BC125: =IFERROR(VLOOKUP(A125,'17'!U:V,2,0),"0") -> 0 | BD125: เซต | BE125: =+BC125*C125 -> 0 | BF125: =IFERROR(VLOOKUP(A125,'18'!U:V,2,0),"0") -> 0 | BG125: เซต | BH125: =+BF125*C125 -> 0 | BI125: =IFERROR(VLOOKUP(A125,'19'!U:V,2,0),"0") -> 0 | BJ125: เซต | BK125: =+BI125*C125 -> 0 | BL125: =IFERROR(VLOOKUP(A125,'20'!U:V,2,0),"0") -> 0 | BM125: เซต | BN125: =+BL125*C125 -> 0 | BO125: =IFERROR(VLOOKUP(A125,'21'!U:V,2,0),"0") -> 0 | BP125: เซต | BQ125: =+BO125*C125 -> 0 | BR125: =IFERROR(VLOOKUP(A125,'22'!U:V,2,0),"0") -> 0 | BS125: เซต | BT125: =+BR125*C125 -> 0 | BU125: =IFERROR(VLOOKUP(A125,'23'!U:V,2,0),"0") -> 0 | BV125: เซต | BW125: =+BU125*C125 -> 0 | BX125: =IFERROR(VLOOKUP(A125,'24'!U:V,2,0),"0") -> 0 | BY125: เซต | BZ125: =+BX125*C125 -> 0 | CA125: =IFERROR(VLOOKUP(A125,'25'!U:V,2,0),"0") -> 0 | CB125: เซต | CC125: =+CA125*C125 -> 0 | CD125: =IFERROR(VLOOKUP(A125,'26'!U:V,2,0),"0") -> 0 | CE125: เซต | CF125: =+CD125*C125 -> 0 | CG125: =IFERROR(VLOOKUP(A125,'27'!U:V,2,0),"0") -> 0 | CH125: เซต | CI125: =+CG125*C125 -> 0 | CJ125: =IFERROR(VLOOKUP(A125,'28'!U:V,2,0),"0") -> 0 | CK125: เซต | CL125: =+CJ125*C125 -> 0 | CM125: =IFERROR(VLOOKUP(A125,'29'!U:V,2,0),"0") -> 0 | CN125: เซต | CO125: =+CM125*C125 -> 0 | CP125: =IFERROR(VLOOKUP(A125,'30'!U:V,2,0),"0") -> 0 | CQ125: เซต | CR125: =+CP125*C125 -> 0 | CS125: =IFERROR(VLOOKUP(A125,'31'!U:V,2,0),"0") -> 0 | CT125: เซต | CU125: =+CS125*C125 -> 0 | CV125: =IFERROR(VLOOKUP(A125,'เซต1-31'!V:W,2,0),"0") -> 0 | CW125: เซต | CX125: =+CV125*CO125 -> 0
A126: 1111084 | B126: ชิฟฟ่อนไม่มีไส้ แบบกล่อง8ชิ้น รวมรส (กาแฟล้วน) | C126: 33.89 | D126: =+G126+J126+M126+P126+S126+V126+Y126+AB126+AE126+AH126+AK126+AN126+AQ126+AT126+AW126+AZ126+BC126+BF126+BI126+BL126+BO126+BR126+BU126+BX126+CA126+CD126+CG126+CJ126+CM126+CP126+CS126+CV126 -> 0 | E126: กล่อง | F126: =+D126*C126 -> 0 | G126: =IFERROR(VLOOKUP(A126,'1'!U:V,2,0),"0") -> 0 | H126: กล่อง | I126: =+G126*C126 -> 0 | J126: =IFERROR(VLOOKUP(A126,'2'!U:V,2,0),"0") -> 0 | K126: กล่อง | L126: =+J126*C126 -> 0 | M126: =IFERROR(VLOOKUP(A126,'3'!U:V,2,0),"0") -> 0 | N126: กล่อง | O126: =+M126*C126 -> 0 | P126: =IFERROR(VLOOKUP(A126,'4'!U:V,2,0),"0") -> 0 | Q126: กล่อง | R126: =+P126*C126 -> 0 | S126: =IFERROR(VLOOKUP(A126,'5'!U:V,2,0),"0") -> 0 | T126: กล่อง | U126: =+S126*C126 -> 0 | V126: =IFERROR(VLOOKUP(A126,'6'!U:V,2,0),"0") -> 0 | W126: กล่อง | X126: =+V126*C126 -> 0 | Y126: =IFERROR(VLOOKUP(A126,'7'!U:V,2,0),"0") -> 0 | Z126: กล่อง | AA126: =+Y126*C126 -> 0 | AB126: =IFERROR(VLOOKUP(A126,'8'!U:V,2,0),"0") -> 0 | AC126: กล่อง | AD126: =+AB126*C126 -> 0 | AE126: =IFERROR(VLOOKUP(A126,'9'!U:V,2,0),"0") -> 0 | AF126: กล่อง | AG126: =+AE126*C126 -> 0 | AH126: =IFERROR(VLOOKUP(A126,'10'!U:V,2,0),"0") -> 0 | AI126: กล่อง | AJ126: =+AH126*C126 -> 0 | AK126: =IFERROR(VLOOKUP(A126,'11'!U:V,2,0),"0") -> 0 | AL126: กล่อง | AM126: =+AK126*C126 -> 0 | AN126: =IFERROR(VLOOKUP(A126,'12'!U:V,2,0),"0") -> 0 | AO126: กล่อง | AP126: =+AN126*C126 -> 0 | AQ126: =IFERROR(VLOOKUP(A126,'13'!U:V,2,0),"0") -> 0 | AR126: กล่อง | AS126: =+AQ126*C126 -> 0 | AT126: =IFERROR(VLOOKUP(A126,'14'!U:V,2,0),"0") -> 0 | AU126: กล่อง | AV126: =+AT126*C126 -> 0 | AW126: =IFERROR(VLOOKUP(A126,'15'!U:V,2,0),"0") -> 0 | AX126: กล่อง | AY126: =+AW126*C126 -> 0 | AZ126: =IFERROR(VLOOKUP(A126,'16'!U:V,2,0),"0") -> 0 | BA126: กล่อง | BB126: =+AZ126*C126 -> 0 | BC126: =IFERROR(VLOOKUP(A126,'17'!U:V,2,0),"0") -> 0 | BD126: กล่อง | BE126: =+BC126*C126 -> 0 | BF126: =IFERROR(VLOOKUP(A126,'18'!U:V,2,0),"0") -> 0 | BG126: กล่อง | BH126: =+BF126*C126 -> 0 | BI126: =IFERROR(VLOOKUP(A126,'19'!U:V,2,0),"0") -> 0 | BJ126: กล่อง | BK126: =+BI126*C126 -> 0 | BL126: =IFERROR(VLOOKUP(A126,'20'!U:V,2,0),"0") -> 0 | BM126: กล่อง | BN126: =+BL126*C126 -> 0 | BO126: =IFERROR(VLOOKUP(A126,'21'!U:V,2,0),"0") -> 0 | BP126: กล่อง | BQ126: =+BO126*C126 -> 0 | BR126: =IFERROR(VLOOKUP(A126,'22'!U:V,2,0),"0") -> 0 | BS126: กล่อง | BT126: =+BR126*C126 -> 0 | BU126: =IFERROR(VLOOKUP(A126,'23'!U:V,2,0),"0") -> 0 | BV126: กล่อง | BW126: =+BU126*C126 -> 0 | BX126: =IFERROR(VLOOKUP(A126,'24'!U:V,2,0),"0") -> 0 | BY126: กล่อง | BZ126: =+BX126*C126 -> 0 | CA126: =IFERROR(VLOOKUP(A126,'25'!U:V,2,0),"0") -> 0 | CB126: กล่อง | CC126: =+CA126*C126 -> 0 | CD126: =IFERROR(VLOOKUP(A126,'26'!U:V,2,0),"0") -> 0 | CE126: กล่อง | CF126: =+CD126*C126 -> 0 | CG126: =IFERROR(VLOOKUP(A126,'27'!U:V,2,0),"0") -> 0 | CH126: กล่อง | CI126: =+CG126*C126 -> 0 | CJ126: =IFERROR(VLOOKUP(A126,'28'!U:V,2,0),"0") -> 0 | CK126: กล่อง | CL126: =+CJ126*C126 -> 0 | CM126: =IFERROR(VLOOKUP(A126,'29'!U:V,2,0),"0") -> 0 | CN126: กล่อง | CO126: =+CM126*C126 -> 0 | CP126: =IFERROR(VLOOKUP(A126,'30'!U:V,2,0),"0") -> 0 | CQ126: กล่อง | CR126: =+CP126*C126 -> 0 | CS126: =IFERROR(VLOOKUP(A126,'31'!U:V,2,0),"0") -> 0 | CT126: กล่อง | CU126: =+CS126*C126 -> 0 | CV126: =IFERROR(VLOOKUP(A126,'เซต1-31'!V:W,2,0),"0") -> 0 | CW126: กล่อง | CX126: =+CV126*CO126 -> 0
A127: 1111024 | B127: ชิฟฟ่อน สอดไส้แยม ขนาด3 ชิ้น มีรสให้เลือก 7 รส (ส้ม) | C127: =11.38*3 -> 34.14 | D127: =+G127+J127+M127+P127+S127+V127+Y127+AB127+AE127+AH127+AK127+AN127+AQ127+AT127+AW127+AZ127+BC127+BF127+BI127+BL127+BO127+BR127+BU127+BX127+CA127+CD127+CG127+CJ127+CM127+CP127+CS127+CV127 -> 0 | E127: กล่อง | F127: =+D127*C127 -> 0 | G127: =IFERROR(VLOOKUP(A127,'1'!U:V,2,0),"0") -> 0 | H127: กล่อง | I127: =+G127*C127 -> 0 | J127: =IFERROR(VLOOKUP(A127,'2'!U:V,2,0),"0") -> 0 | K127: กล่อง | L127: =+J127*C127 -> 0 | M127: =IFERROR(VLOOKUP(A127,'3'!U:V,2,0),"0") -> 0 | N127: กล่อง | O127: =+M127*C127 -> 0 | P127: =IFERROR(VLOOKUP(A127,'4'!U:V,2,0),"0") -> 0 | Q127: กล่อง | R127: =+P127*C127 -> 0 | S127: =IFERROR(VLOOKUP(A127,'5'!U:V,2,0),"0") -> 0 | T127: กล่อง | U127: =+S127*C127 -> 0 | V127: =IFERROR(VLOOKUP(A127,'6'!U:V,2,0),"0") -> 0 | W127: กล่อง | X127: =+V127*C127 -> 0 | Y127: =IFERROR(VLOOKUP(A127,'7'!U:V,2,0),"0") -> 0 | Z127: กล่อง | AA127: =+Y127*C127 -> 0 | AB127: =IFERROR(VLOOKUP(A127,'8'!U:V,2,0),"0") -> 0 | AC127: กล่อง | AD127: =+AB127*C127 -> 0 | AE127: =IFERROR(VLOOKUP(A127,'9'!U:V,2,0),"0") -> 0 | AF127: กล่อง | AG127: =+AE127*C127 -> 0 | AH127: =IFERROR(VLOOKUP(A127,'10'!U:V,2,0),"0") -> 0 | AI127: กล่อง | AJ127: =+AH127*C127 -> 0 | AK127: =IFERROR(VLOOKUP(A127,'11'!U:V,2,0),"0") -> 0 | AL127: กล่อง | AM127: =+AK127*C127 -> 0 | AN127: =IFERROR(VLOOKUP(A127,'12'!U:V,2,0),"0") -> 0 | AO127: กล่อง | AP127: =+AN127*C127 -> 0 | AQ127: =IFERROR(VLOOKUP(A127,'13'!U:V,2,0),"0") -> 0 | AR127: กล่อง | AS127: =+AQ127*C127 -> 0 | AT127: =IFERROR(VLOOKUP(A127,'14'!U:V,2,0),"0") -> 0 | AU127: กล่อง | AV127: =+AT127*C127 -> 0 | AW127: =IFERROR(VLOOKUP(A127,'15'!U:V,2,0),"0") -> 0 | AX127: กล่อง | AY127: =+AW127*C127 -> 0 | AZ127: =IFERROR(VLOOKUP(A127,'16'!U:V,2,0),"0") -> 0 | BA127: กล่อง | BB127: =+AZ127*C127 -> 0 | BC127: =IFERROR(VLOOKUP(A127,'17'!U:V,2,0),"0") -> 0 | BD127: กล่อง | BE127: =+BC127*C127 -> 0 | BF127: =IFERROR(VLOOKUP(A127,'18'!U:V,2,0),"0") -> 0 | BG127: กล่อง | BH127: =+BF127*C127 -> 0 | BI127: =IFERROR(VLOOKUP(A127,'19'!U:V,2,0),"0") -> 0 | BJ127: กล่อง | BK127: =+BI127*C127 -> 0 | BL127: =IFERROR(VLOOKUP(A127,'20'!U:V,2,0),"0") -> 0 | BM127: กล่อง | BN127: =+BL127*C127 -> 0 | BO127: =IFERROR(VLOOKUP(A127,'21'!U:V,2,0),"0") -> 0 | BP127: กล่อง | BQ127: =+BO127*C127 -> 0 | BR127: =IFERROR(VLOOKUP(A127,'22'!U:V,2,0),"0") -> 0 | BS127: กล่อง | BT127: =+BR127*C127 -> 0 | BU127: =IFERROR(VLOOKUP(A127,'23'!U:V,2,0),"0") -> 0 | BV127: กล่อง | BW127: =+BU127*C127 -> 0 | BX127: =IFERROR(VLOOKUP(A127,'24'!U:V,2,0),"0") -> 0 | BY127: กล่อง | BZ127: =+BX127*C127 -> 0 | CA127: =IFERROR(VLOOKUP(A127,'25'!U:V,2,0),"0") -> 0 | CB127: กล่อง | CC127: =+CA127*C127 -> 0 | CD127: =IFERROR(VLOOKUP(A127,'26'!U:V,2,0),"0") -> 0 | CE127: กล่อง | CF127: =+CD127*C127 -> 0 | CG127: =IFERROR(VLOOKUP(A127,'27'!U:V,2,0),"0") -> 0 | CH127: กล่อง | CI127: =+CG127*C127 -> 0 | CJ127: =IFERROR(VLOOKUP(A127,'28'!U:V,2,0),"0") -> 0 | CK127: กล่อง | CL127: =+CJ127*C127 -> 0 | CM127: =IFERROR(VLOOKUP(A127,'29'!U:V,2,0),"0") -> 0 | CN127: กล่อง | CO127: =+CM127*C127 -> 0 | CP127: =IFERROR(VLOOKUP(A127,'30'!U:V,2,0),"0") -> 0 | CQ127: กล่อง | CR127: =+CP127*C127 -> 0 | CS127: =IFERROR(VLOOKUP(A127,'31'!U:V,2,0),"0") -> 0 | CT127: กล่อง | CU127: =+CS127*C127 -> 0 | CV127: =IFERROR(VLOOKUP(A127,'เซต1-31'!V:W,2,0),"0") -> 0 | CW127: กล่อง | CX127: =+CV127*CO127 -> 0
A128: 1111086 | B128: ชิฟฟ่อนไม่มีไส้ แบบกล่อง8ชิ้น รวมรส (มะพร้าวล้วน) | C128: 36.79 | D128: =+G128+J128+M128+P128+S128+V128+Y128+AB128+AE128+AH128+AK128+AN128+AQ128+AT128+AW128+AZ128+BC128+BF128+BI128+BL128+BO128+BR128+BU128+BX128+CA128+CD128+CG128+CJ128+CM128+CP128+CS128+CV128 -> 0 | E128: กล่อง | F128: =+D128*C128 -> 0 | G128: =IFERROR(VLOOKUP(A128,'1'!U:V,2,0),"0") -> 0 | H128: กล่อง | I128: =+G128*C128 -> 0 | J128: =IFERROR(VLOOKUP(A128,'2'!U:V,2,0),"0") -> 0 | K128: กล่อง | L128: =+J128*C128 -> 0 | M128: =IFERROR(VLOOKUP(A128,'3'!U:V,2,0),"0") -> 0 | N128: กล่อง | O128: =+M128*C128 -> 0 | P128: =IFERROR(VLOOKUP(A128,'4'!U:V,2,0),"0") -> 0 | Q128: กล่อง | R128: =+P128*C128 -> 0 | S128: =IFERROR(VLOOKUP(A128,'5'!U:V,2,0),"0") -> 0 | T128: กล่อง | U128: =+S128*C128 -> 0 | V128: =IFERROR(VLOOKUP(A128,'6'!U:V,2,0),"0") -> 0 | W128: กล่อง | X128: =+V128*C128 -> 0 | Y128: =IFERROR(VLOOKUP(A128,'7'!U:V,2,0),"0") -> 0 | Z128: กล่อง | AA128: =+Y128*C128 -> 0 | AB128: =IFERROR(VLOOKUP(A128,'8'!U:V,2,0),"0") -> 0 | AC128: กล่อง | AD128: =+AB128*C128 -> 0 | AE128: =IFERROR(VLOOKUP(A128,'9'!U:V,2,0),"0") -> 0 | AF128: กล่อง | AG128: =+AE128*C128 -> 0 | AH128: =IFERROR(VLOOKUP(A128,'10'!U:V,2,0),"0") -> 0 | AI128: กล่อง | AJ128: =+AH128*C128 -> 0 | AK128: =IFERROR(VLOOKUP(A128,'11'!U:V,2,0),"0") -> 0 | AL128: กล่อง | AM128: =+AK128*C128 -> 0 | AN128: =IFERROR(VLOOKUP(A128,'12'!U:V,2,0),"0") -> 0 | AO128: กล่อง | AP128: =+AN128*C128 -> 0 | AQ128: =IFERROR(VLOOKUP(A128,'13'!U:V,2,0),"0") -> 0 | AR128: กล่อง | AS128: =+AQ128*C128 -> 0 | AT128: =IFERROR(VLOOKUP(A128,'14'!U:V,2,0),"0") -> 0 | AU128: กล่อง | AV128: =+AT128*C128 -> 0 | AW128: =IFERROR(VLOOKUP(A128,'15'!U:V,2,0),"0") -> 0 | AX128: กล่อง | AY128: =+AW128*C128 -> 0 | AZ128: =IFERROR(VLOOKUP(A128,'16'!U:V,2,0),"0") -> 0 | BA128: กล่อง | BB128: =+AZ128*C128 -> 0 | BC128: =IFERROR(VLOOKUP(A128,'17'!U:V,2,0),"0") -> 0 | BD128: กล่อง | BE128: =+BC128*C128 -> 0 | BF128: =IFERROR(VLOOKUP(A128,'18'!U:V,2,0),"0") -> 0 | BG128: กล่อง | BH128: =+BF128*C128 -> 0 | BI128: =IFERROR(VLOOKUP(A128,'19'!U:V,2,0),"0") -> 0 | BJ128: กล่อง | BK128: =+BI128*C128 -> 0 | BL128: =IFERROR(VLOOKUP(A128,'20'!U:V,2,0),"0") -> 0 | BM128: กล่อง | BN128: =+BL128*C128 -> 0 | BO128: =IFERROR(VLOOKUP(A128,'21'!U:V,2,0),"0") -> 0 | BP128: กล่อง | BQ128: =+BO128*C128 -> 0 | BR128: =IFERROR(VLOOKUP(A128,'22'!U:V,2,0),"0") -> 0 | BS128: กล่อง | BT128: =+BR128*C128 -> 0 | BU128: =IFERROR(VLOOKUP(A128,'23'!U:V,2,0),"0") -> 0 | BV128: กล่อง | BW128: =+BU128*C128 -> 0 | BX128: =IFERROR(VLOOKUP(A128,'24'!U:V,2,0),"0") -> 0 | BY128: กล่อง | BZ128: =+BX128*C128 -> 0 | CA128: =IFERROR(VLOOKUP(A128,'25'!U:V,2,0),"0") -> 0 | CB128: กล่อง | CC128: =+CA128*C128 -> 0 | CD128: =IFERROR(VLOOKUP(A128,'26'!U:V,2,0),"0") -> 0 | CE128: กล่อง | CF128: =+CD128*C128 -> 0 | CG128: =IFERROR(VLOOKUP(A128,'27'!U:V,2,0),"0") -> 0 | CH128: กล่อง | CI128: =+CG128*C128 -> 0 | CJ128: =IFERROR(VLOOKUP(A128,'28'!U:V,2,0),"0") -> 0 | CK128: กล่อง | CL128: =+CJ128*C128 -> 0 | CM128: =IFERROR(VLOOKUP(A128,'29'!U:V,2,0),"0") -> 0 | CN128: กล่อง | CO128: =+CM128*C128 -> 0 | CP128: =IFERROR(VLOOKUP(A128,'30'!U:V,2,0),"0") -> 0 | CQ128: กล่อง | CR128: =+CP128*C128 -> 0 | CS128: =IFERROR(VLOOKUP(A128,'31'!U:V,2,0),"0") -> 0 | CT128: กล่อง | CU128: =+CS128*C128 -> 0 | CV128: =IFERROR(VLOOKUP(A128,'เซต1-31'!V:W,2,0),"0") -> 0 | CW128: กล่อง | CX128: =+CV128*CO128 -> 0
A129: 1100001-A | B129: วรรณวนัช ทาร์ตสับปะรดแบบชิ้น อร่อยนุ่ม | C129: 22.02 | D129: =+G129+J129+M129+P129+S129+V129+Y129+AB129+AE129+AH129+AK129+AN129+AQ129+AT129+AW129+AZ129+BC129+BF129+BI129+BL129+BO129+BR129+BU129+BX129+CA129+CD129+CG129+CJ129+CM129+CP129+CS129+CV129 -> 0 | E129: กล่อง | F129: =+D129*C129 -> 0 | G129: =IFERROR(VLOOKUP(A129,'1'!U:V,2,0),"0") -> 0 | H129: กล่อง | I129: =+G129*C129 -> 0 | J129: =IFERROR(VLOOKUP(A129,'2'!U:V,2,0),"0") -> 0 | K129: กล่อง | L129: =+J129*C129 -> 0 | M129: =IFERROR(VLOOKUP(A129,'3'!U:V,2,0),"0") -> 0 | N129: กล่อง | O129: =+M129*C129 -> 0 | P129: =IFERROR(VLOOKUP(A129,'4'!U:V,2,0),"0") -> 0 | Q129: กล่อง | R129: =+P129*C129 -> 0 | S129: =IFERROR(VLOOKUP(A129,'5'!U:V,2,0),"0") -> 0 | T129: กล่อง | U129: =+S129*C129 -> 0 | V129: =IFERROR(VLOOKUP(A129,'6'!U:V,2,0),"0") -> 0 | W129: กล่อง | X129: =+V129*C129 -> 0 | Y129: =IFERROR(VLOOKUP(A129,'7'!U:V,2,0),"0") -> 0 | Z129: กล่อง | AA129: =+Y129*C129 -> 0 | AB129: =IFERROR(VLOOKUP(A129,'8'!U:V,2,0),"0") -> 0 | AC129: กล่อง | AD129: =+AB129*C129 -> 0 | AE129: =IFERROR(VLOOKUP(A129,'9'!U:V,2,0),"0") -> 0 | AF129: กล่อง | AG129: =+AE129*C129 -> 0 | AH129: =IFERROR(VLOOKUP(A129,'10'!U:V,2,0),"0") -> 0 | AI129: กล่อง | AJ129: =+AH129*C129 -> 0 | AK129: =IFERROR(VLOOKUP(A129,'11'!U:V,2,0),"0") -> 0 | AL129: กล่อง | AM129: =+AK129*C129 -> 0 | AN129: =IFERROR(VLOOKUP(A129,'12'!U:V,2,0),"0") -> 0 | AO129: กล่อง | AP129: =+AN129*C129 -> 0 | AQ129: =IFERROR(VLOOKUP(A129,'13'!U:V,2,0),"0") -> 0 | AR129: กล่อง | AS129: =+AQ129*C129 -> 0 | AT129: =IFERROR(VLOOKUP(A129,'14'!U:V,2,0),"0") -> 0 | AU129: กล่อง | AV129: =+AT129*C129 -> 0 | AW129: =IFERROR(VLOOKUP(A129,'15'!U:V,2,0),"0") -> 0 | AX129: กล่อง | AY129: =+AW129*C129 -> 0 | AZ129: =IFERROR(VLOOKUP(A129,'16'!U:V,2,0),"0") -> 0 | BA129: กล่อง | BB129: =+AZ129*C129 -> 0 | BC129: =IFERROR(VLOOKUP(A129,'17'!U:V,2,0),"0") -> 0 | BD129: กล่อง | BE129: =+BC129*C129 -> 0 | BF129: =IFERROR(VLOOKUP(A129,'18'!U:V,2,0),"0") -> 0 | BG129: กล่อง | BH129: =+BF129*C129 -> 0 | BI129: =IFERROR(VLOOKUP(A129,'19'!U:V,2,0),"0") -> 0 | BJ129: กล่อง | BK129: =+BI129*C129 -> 0 | BL129: =IFERROR(VLOOKUP(A129,'20'!U:V,2,0),"0") -> 0 | BM129: กล่อง | BN129: =+BL129*C129 -> 0 | BO129: =IFERROR(VLOOKUP(A129,'21'!U:V,2,0),"0") -> 0 | BP129: กล่อง | BQ129: =+BO129*C129 -> 0 | BR129: =IFERROR(VLOOKUP(A129,'22'!U:V,2,0),"0") -> 0 | BS129: กล่อง | BT129: =+BR129*C129 -> 0 | BU129: =IFERROR(VLOOKUP(A129,'23'!U:V,2,0),"0") -> 0 | BV129: กล่อง | BW129: =+BU129*C129 -> 0 | BX129: =IFERROR(VLOOKUP(A129,'24'!U:V,2,0),"0") -> 0 | BY129: กล่อง | BZ129: =+BX129*C129 -> 0 | CA129: =IFERROR(VLOOKUP(A129,'25'!U:V,2,0),"0") -> 0 | CB129: กล่อง | CC129: =+CA129*C129 -> 0 | CD129: =IFERROR(VLOOKUP(A129,'26'!U:V,2,0),"0") -> 0 | CE129: กล่อง | CF129: =+CD129*C129 -> 0 | CG129: =IFERROR(VLOOKUP(A129,'27'!U:V,2,0),"0") -> 0 | CH129: กล่อง | CI129: =+CG129*C129 -> 0 | CJ129: =IFERROR(VLOOKUP(A129,'28'!U:V,2,0),"0") -> 0 | CK129: กล่อง | CL129: =+CJ129*C129 -> 0 | CM129: =IFERROR(VLOOKUP(A129,'29'!U:V,2,0),"0") -> 0 | CN129: กล่อง | CO129: =+CM129*C129 -> 0 | CP129: =IFERROR(VLOOKUP(A129,'30'!U:V,2,0),"0") -> 0 | CQ129: กล่อง | CR129: =+CP129*C129 -> 0 | CS129: =IFERROR(VLOOKUP(A129,'31'!U:V,2,0),"0") -> 0 | CT129: กล่อง | CU129: =+CS129*C129 -> 0 | CV129: =IFERROR(VLOOKUP(A129,'เซต1-31'!V:W,2,0),"0") -> 0 | CW129: กล่อง | CX129: =+CV129*CO129 -> 0
A130: 1111016 | B130: ชิฟฟ่อนสอดไส้ แยม 1กล่อง มี6ชิ้น (มะพร้าว) | C130: 24.8 | D130: =+G130+J130+M130+P130+S130+V130+Y130+AB130+AE130+AH130+AK130+AN130+AQ130+AT130+AW130+AZ130+BC130+BF130+BI130+BL130+BO130+BR130+BU130+BX130+CA130+CD130+CG130+CJ130+CM130+CP130+CS130+CV130 -> 0 | E130: กล่อง | F130: =+D130*C130 -> 0 | G130: =IFERROR(VLOOKUP(A130,'1'!U:V,2,0),"0") -> 0 | H130: กล่อง | I130: =+G130*C130 -> 0 | J130: =IFERROR(VLOOKUP(A130,'2'!U:V,2,0),"0") -> 0 | K130: กล่อง | L130: =+J130*C130 -> 0 | M130: =IFERROR(VLOOKUP(A130,'3'!U:V,2,0),"0") -> 0 | N130: กล่อง | O130: =+M130*C130 -> 0 | P130: =IFERROR(VLOOKUP(A130,'4'!U:V,2,0),"0") -> 0 | Q130: กล่อง | R130: =+P130*C130 -> 0 | S130: =IFERROR(VLOOKUP(A130,'5'!U:V,2,0),"0") -> 0 | T130: กล่อง | U130: =+S130*C130 -> 0 | V130: =IFERROR(VLOOKUP(A130,'6'!U:V,2,0),"0") -> 0 | W130: กล่อง | X130: =+V130*C130 -> 0 | Y130: =IFERROR(VLOOKUP(A130,'7'!U:V,2,0),"0") -> 0 | Z130: กล่อง | AA130: =+Y130*C130 -> 0 | AB130: =IFERROR(VLOOKUP(A130,'8'!U:V,2,0),"0") -> 0 | AC130: กล่อง | AD130: =+AB130*C130 -> 0 | AE130: =IFERROR(VLOOKUP(A130,'9'!U:V,2,0),"0") -> 0 | AF130: กล่อง | AG130: =+AE130*C130 -> 0 | AH130: =IFERROR(VLOOKUP(A130,'10'!U:V,2,0),"0") -> 0 | AI130: กล่อง | AJ130: =+AH130*C130 -> 0 | AK130: =IFERROR(VLOOKUP(A130,'11'!U:V,2,0),"0") -> 0 | AL130: กล่อง | AM130: =+AK130*C130 -> 0 | AN130: =IFERROR(VLOOKUP(A130,'12'!U:V,2,0),"0") -> 0 | AO130: กล่อง | AP130: =+AN130*C130 -> 0 | AQ130: =IFERROR(VLOOKUP(A130,'13'!U:V,2,0),"0") -> 0 | AR130: กล่อง | AS130: =+AQ130*C130 -> 0 | AT130: =IFERROR(VLOOKUP(A130,'14'!U:V,2,0),"0") -> 0 | AU130: กล่อง | AV130: =+AT130*C130 -> 0 | AW130: =IFERROR(VLOOKUP(A130,'15'!U:V,2,0),"0") -> 0 | AX130: กล่อง | AY130: =+AW130*C130 -> 0 | AZ130: =IFERROR(VLOOKUP(A130,'16'!U:V,2,0),"0") -> 0 | BA130: กล่อง | BB130: =+AZ130*C130 -> 0 | BC130: =IFERROR(VLOOKUP(A130,'17'!U:V,2,0),"0") -> 0 | BD130: กล่อง | BE130: =+BC130*C130 -> 0 | BF130: =IFERROR(VLOOKUP(A130,'18'!U:V,2,0),"0") -> 0 | BG130: กล่อง | BH130: =+BF130*C130 -> 0 | BI130: =IFERROR(VLOOKUP(A130,'19'!U:V,2,0),"0") -> 0 | BJ130: กล่อง | BK130: =+BI130*C130 -> 0 | BL130: =IFERROR(VLOOKUP(A130,'20'!U:V,2,0),"0") -> 0 | BM130: กล่อง | BN130: =+BL130*C130 -> 0 | BO130: =IFERROR(VLOOKUP(A130,'21'!U:V,2,0),"0") -> 0 | BP130: กล่อง | BQ130: =+BO130*C130 -> 0 | BR130: =IFERROR(VLOOKUP(A130,'22'!U:V,2,0),"0") -> 0 | BS130: กล่อง | BT130: =+BR130*C130 -> 0 | BU130: =IFERROR(VLOOKUP(A130,'23'!U:V,2,0),"0") -> 0 | BV130: กล่อง | BW130: =+BU130*C130 -> 0 | BX130: =IFERROR(VLOOKUP(A130,'24'!U:V,2,0),"0") -> 0 | BY130: กล่อง | BZ130: =+BX130*C130 -> 0 | CA130: =IFERROR(VLOOKUP(A130,'25'!U:V,2,0),"0") -> 0 | CB130: กล่อง | CC130: =+CA130*C130 -> 0 | CD130: =IFERROR(VLOOKUP(A130,'26'!U:V,2,0),"0") -> 0 | CE130: กล่อง | CF130: =+CD130*C130 -> 0 | CG130: =IFERROR(VLOOKUP(A130,'27'!U:V,2,0),"0") -> 0 | CH130: กล่อง | CI130: =+CG130*C130 -> 0 | CJ130: =IFERROR(VLOOKUP(A130,'28'!U:V,2,0),"0") -> 0 | CK130: กล่อง | CL130: =+CJ130*C130 -> 0 | CM130: =IFERROR(VLOOKUP(A130,'29'!U:V,2,0),"0") -> 0 | CN130: กล่อง | CO130: =+CM130*C130 -> 0 | CP130: =IFERROR(VLOOKUP(A130,'30'!U:V,2,0),"0") -> 0 | CQ130: กล่อง | CR130: =+CP130*C130 -> 0 | CS130: =IFERROR(VLOOKUP(A130,'31'!U:V,2,0),"0") -> 0 | CT130: กล่อง | CU130: =+CS130*C130 -> 0 | CV130: =IFERROR(VLOOKUP(A130,'เซต1-31'!V:W,2,0),"0") -> 0 | CW130: กล่อง | CX130: =+CV130*CO130 -> 0
A131: 1111060-A | B131: ชิฟฟอนไม่มีไส้ เเบบเเยกชิ้น ชิฟฟ่อนเค้ก เนื้อนุ่ม วรรณวนัช ตัวดังในtiktok (เก็บได้20วัน) | C131: 4.5 | D131: =+G131+J131+M131+P131+S131+V131+Y131+AB131+AE131+AH131+AK131+AN131+AQ131+AT131+AW131+AZ131+BC131+BF131+BI131+BL131+BO131+BR131+BU131+BX131+CA131+CD131+CG131+CJ131+CM131+CP131+CS131+CV131 -> 0 | E131: ชิ้น | F131: =+D131*C131 -> 0 | G131: =IFERROR(VLOOKUP(A131,'1'!U:V,2,0),"0") -> 0 | H131: กล่อง | I131: =+G131*C131 -> 0 | J131: =IFERROR(VLOOKUP(A131,'2'!U:V,2,0),"0") -> 0 | K131: กล่อง | L131: =+J131*C131 -> 0 | M131: =IFERROR(VLOOKUP(A131,'3'!U:V,2,0),"0") -> 0 | N131: กล่อง | O131: =+M131*C131 -> 0 | P131: =IFERROR(VLOOKUP(A131,'4'!U:V,2,0),"0") -> 0 | Q131: กล่อง | R131: =+P131*C131 -> 0 | S131: =IFERROR(VLOOKUP(A131,'5'!U:V,2,0),"0") -> 0 | T131: กล่อง | U131: =+S131*C131 -> 0 | V131: =IFERROR(VLOOKUP(A131,'6'!U:V,2,0),"0") -> 0 | W131: กล่อง | X131: =+V131*C131 -> 0 | Y131: =IFERROR(VLOOKUP(A131,'7'!U:V,2,0),"0") -> 0 | Z131: กล่อง | AA131: =+Y131*C131 -> 0 | AB131: =IFERROR(VLOOKUP(A131,'8'!U:V,2,0),"0") -> 0 | AC131: กล่อง | AD131: =+AB131*C131 -> 0 | AE131: =IFERROR(VLOOKUP(A131,'9'!U:V,2,0),"0") -> 0 | AF131: กล่อง | AG131: =+AE131*C131 -> 0 | AH131: =IFERROR(VLOOKUP(A131,'10'!U:V,2,0),"0") -> 0 | AI131: กล่อง | AJ131: =+AH131*C131 -> 0 | AK131: =IFERROR(VLOOKUP(A131,'11'!U:V,2,0),"0") -> 0 | AL131: กล่อง | AM131: =+AK131*C131 -> 0 | AN131: =IFERROR(VLOOKUP(A131,'12'!U:V,2,0),"0") -> 0 | AO131: กล่อง | AP131: =+AN131*C131 -> 0 | AQ131: =IFERROR(VLOOKUP(A131,'13'!U:V,2,0),"0") -> 0 | AR131: กล่อง | AS131: =+AQ131*C131 -> 0 | AT131: =IFERROR(VLOOKUP(A131,'14'!U:V,2,0),"0") -> 0 | AU131: กล่อง | AV131: =+AT131*C131 -> 0 | AW131: =IFERROR(VLOOKUP(A131,'15'!U:V,2,0),"0") -> 0 | AX131: กล่อง | AY131: =+AW131*C131 -> 0 | AZ131: =IFERROR(VLOOKUP(A131,'16'!U:V,2,0),"0") -> 0 | BA131: กล่อง | BB131: =+AZ131*C131 -> 0 | BC131: =IFERROR(VLOOKUP(A131,'17'!U:V,2,0),"0") -> 0 | BD131: กล่อง | BE131: =+BC131*C131 -> 0 | BF131: =IFERROR(VLOOKUP(A131,'18'!U:V,2,0),"0") -> 0 | BG131: กล่อง | BH131: =+BF131*C131 -> 0 | BI131: =IFERROR(VLOOKUP(A131,'19'!U:V,2,0),"0") -> 0 | BJ131: กล่อง | BK131: =+BI131*C131 -> 0 | BL131: =IFERROR(VLOOKUP(A131,'20'!U:V,2,0),"0") -> 0 | BM131: กล่อง | BN131: =+BL131*C131 -> 0 | BO131: =IFERROR(VLOOKUP(A131,'21'!U:V,2,0),"0") -> 0 | BP131: กล่อง | BQ131: =+BO131*C131 -> 0 | BR131: =IFERROR(VLOOKUP(A131,'22'!U:V,2,0),"0") -> 0 | BS131: กล่อง | BT131: =+BR131*C131 -> 0 | BU131: =IFERROR(VLOOKUP(A131,'23'!U:V,2,0),"0") -> 0 | BV131: กล่อง | BW131: =+BU131*C131 -> 0 | BX131: =IFERROR(VLOOKUP(A131,'24'!U:V,2,0),"0") -> 0 | BY131: กล่อง | BZ131: =+BX131*C131 -> 0 | CA131: =IFERROR(VLOOKUP(A131,'25'!U:V,2,0),"0") -> 0 | CB131: กล่อง | CC131: =+CA131*C131 -> 0 | CD131: =IFERROR(VLOOKUP(A131,'26'!U:V,2,0),"0") -> 0 | CE131: กล่อง | CF131: =+CD131*C131 -> 0 | CG131: =IFERROR(VLOOKUP(A131,'27'!U:V,2,0),"0") -> 0 | CH131: กล่อง | CI131: =+CG131*C131 -> 0 | CJ131: =IFERROR(VLOOKUP(A131,'28'!U:V,2,0),"0") -> 0 | CK131: กล่อง | CL131: =+CJ131*C131 -> 0 | CM131: =IFERROR(VLOOKUP(A131,'29'!U:V,2,0),"0") -> 0 | CN131: กล่อง | CO131: =+CM131*C131 -> 0 | CP131: =IFERROR(VLOOKUP(A131,'30'!U:V,2,0),"0") -> 0 | CQ131: กล่อง | CR131: =+CP131*C131 -> 0 | CS131: =IFERROR(VLOOKUP(A131,'31'!U:V,2,0),"0") -> 0 | CT131: กล่อง | CU131: =+CS131*C131 -> 0 | CV131: =IFERROR(VLOOKUP(A131,'เซต1-31'!V:W,2,0),"0") -> 0 | CW131: กล่อง | CX131: =+CV131*CO131 -> 0
A132: 1111065-A | B132: ชิฟฟอนไม่มีไส้ เเบบเเยกชิ้น ชิฟฟ่อนเค้ก เนื้อนุ่ม วรรณวนัช ตัวดังในtiktok (เก็บได้20วัน) | C132: 4.5 | D132: =+G132+J132+M132+P132+S132+V132+Y132+AB132+AE132+AH132+AK132+AN132+AQ132+AT132+AW132+AZ132+BC132+BF132+BI132+BL132+BO132+BR132+BU132+BX132+CA132+CD132+CG132+CJ132+CM132+CP132+CS132+CV132 -> 0 | E132: ชิ้น | F132: =+D132*C132 -> 0 | G132: =IFERROR(VLOOKUP(A132,'1'!U:V,2,0),"0") -> 0 | H132: กล่อง | I132: =+G132*C132 -> 0 | J132: =IFERROR(VLOOKUP(A132,'2'!U:V,2,0),"0") -> 0 | K132: กล่อง | L132: =+J132*C132 -> 0 | M132: =IFERROR(VLOOKUP(A132,'3'!U:V,2,0),"0") -> 0 | N132: กล่อง | O132: =+M132*C132 -> 0 | P132: =IFERROR(VLOOKUP(A132,'4'!U:V,2,0),"0") -> 0 | Q132: กล่อง | R132: =+P132*C132 -> 0 | S132: =IFERROR(VLOOKUP(A132,'5'!U:V,2,0),"0") -> 0 | T132: กล่อง | U132: =+S132*C132 -> 0 | V132: =IFERROR(VLOOKUP(A132,'6'!U:V,2,0),"0") -> 0 | W132: กล่อง | X132: =+V132*C132 -> 0 | Y132: =IFERROR(VLOOKUP(A132,'7'!U:V,2,0),"0") -> 0 | Z132: กล่อง | AA132: =+Y132*C132 -> 0 | AB132: =IFERROR(VLOOKUP(A132,'8'!U:V,2,0),"0") -> 0 | AC132: กล่อง | AD132: =+AB132*C132 -> 0 | AE132: =IFERROR(VLOOKUP(A132,'9'!U:V,2,0),"0") -> 0 | AF132: กล่อง | AG132: =+AE132*C132 -> 0 | AH132: =IFERROR(VLOOKUP(A132,'10'!U:V,2,0),"0") -> 0 | AI132: กล่อง | AJ132: =+AH132*C132 -> 0 | AK132: =IFERROR(VLOOKUP(A132,'11'!U:V,2,0),"0") -> 0 | AL132: กล่อง | AM132: =+AK132*C132 -> 0 | AN132: =IFERROR(VLOOKUP(A132,'12'!U:V,2,0),"0") -> 0 | AO132: กล่อง | AP132: =+AN132*C132 -> 0 | AQ132: =IFERROR(VLOOKUP(A132,'13'!U:V,2,0),"0") -> 0 | AR132: กล่อง | AS132: =+AQ132*C132 -> 0 | AT132: =IFERROR(VLOOKUP(A132,'14'!U:V,2,0),"0") -> 0 | AU132: กล่อง | AV132: =+AT132*C132 -> 0 | AW132: =IFERROR(VLOOKUP(A132,'15'!U:V,2,0),"0") -> 0 | AX132: กล่อง | AY132: =+AW132*C132 -> 0 | AZ132: =IFERROR(VLOOKUP(A132,'16'!U:V,2,0),"0") -> 0 | BA132: กล่อง | BB132: =+AZ132*C132 -> 0 | BC132: =IFERROR(VLOOKUP(A132,'17'!U:V,2,0),"0") -> 0 | BD132: กล่อง | BE132: =+BC132*C132 -> 0 | BF132: =IFERROR(VLOOKUP(A132,'18'!U:V,2,0),"0") -> 0 | BG132: กล่อง | BH132: =+BF132*C132 -> 0 | BI132: =IFERROR(VLOOKUP(A132,'19'!U:V,2,0),"0") -> 0 | BJ132: กล่อง | BK132: =+BI132*C132 -> 0 | BL132: =IFERROR(VLOOKUP(A132,'20'!U:V,2,0),"0") -> 0 | BM132: กล่อง | BN132: =+BL132*C132 -> 0 | BO132: =IFERROR(VLOOKUP(A132,'21'!U:V,2,0),"0") -> 0 | BP132: กล่อง | BQ132: =+BO132*C132 -> 0 | BR132: =IFERROR(VLOOKUP(A132,'22'!U:V,2,0),"0") -> 0 | BS132: กล่อง | BT132: =+BR132*C132 -> 0 | BU132: =IFERROR(VLOOKUP(A132,'23'!U:V,2,0),"0") -> 0 | BV132: กล่อง | BW132: =+BU132*C132 -> 0 | BX132: =IFERROR(VLOOKUP(A132,'24'!U:V,2,0),"0") -> 0 | BY132: กล่อง | BZ132: =+BX132*C132 -> 0 | CA132: =IFERROR(VLOOKUP(A132,'25'!U:V,2,0),"0") -> 0 | CB132: กล่อง | CC132: =+CA132*C132 -> 0 | CD132: =IFERROR(VLOOKUP(A132,'26'!U:V,2,0),"0") -> 0 | CE132: กล่อง | CF132: =+CD132*C132 -> 0 | CG132: =IFERROR(VLOOKUP(A132,'27'!U:V,2,0),"0") -> 0 | CH132: กล่อง | CI132: =+CG132*C132 -> 0 | CJ132: =IFERROR(VLOOKUP(A132,'28'!U:V,2,0),"0") -> 0 | CK132: กล่อง | CL132: =+CJ132*C132 -> 0 | CM132: =IFERROR(VLOOKUP(A132,'29'!U:V,2,0),"0") -> 0 | CN132: กล่อง | CO132: =+CM132*C132 -> 0 | CP132: =IFERROR(VLOOKUP(A132,'30'!U:V,2,0),"0") -> 0 | CQ132: กล่อง | CR132: =+CP132*C132 -> 0 | CS132: =IFERROR(VLOOKUP(A132,'31'!U:V,2,0),"0") -> 0 | CT132: กล่อง | CU132: =+CS132*C132 -> 0 | CV132: =IFERROR(VLOOKUP(A132,'เซต1-31'!V:W,2,0),"0") -> 0 | CW132: กล่อง | CX132: =+CV132*CO132 -> 0
A133: 1111071-A | B133: ชิฟฟอนไม่มีไส้ เเบบเเยกชิ้น ชิฟฟ่อนเค้ก เนื้อนุ่ม วรรณวนัช ตัวดังในtiktok (เก็บได้20วัน) | C133: 4.5 | D133: =+G133+J133+M133+P133+S133+V133+Y133+AB133+AE133+AH133+AK133+AN133+AQ133+AT133+AW133+AZ133+BC133+BF133+BI133+BL133+BO133+BR133+BU133+BX133+CA133+CD133+CG133+CJ133+CM133+CP133+CS133+CV133 -> 0 | E133: ชิ้น | F133: =+D133*C133 -> 0 | G133: =IFERROR(VLOOKUP(A133,'1'!U:V,2,0),"0") -> 0 | H133: กล่อง | I133: =+G133*C133 -> 0 | J133: =IFERROR(VLOOKUP(A133,'2'!U:V,2,0),"0") -> 0 | K133: กล่อง | L133: =+J133*C133 -> 0 | M133: =IFERROR(VLOOKUP(A133,'3'!U:V,2,0),"0") -> 0 | N133: กล่อง | O133: =+M133*C133 -> 0 | P133: =IFERROR(VLOOKUP(A133,'4'!U:V,2,0),"0") -> 0 | Q133: กล่อง | R133: =+P133*C133 -> 0 | S133: =IFERROR(VLOOKUP(A133,'5'!U:V,2,0),"0") -> 0 | T133: กล่อง | U133: =+S133*C133 -> 0 | V133: =IFERROR(VLOOKUP(A133,'6'!U:V,2,0),"0") -> 0 | W133: กล่อง | X133: =+V133*C133 -> 0 | Y133: =IFERROR(VLOOKUP(A133,'7'!U:V,2,0),"0") -> 0 | Z133: กล่อง | AA133: =+Y133*C133 -> 0 | AB133: =IFERROR(VLOOKUP(A133,'8'!U:V,2,0),"0") -> 0 | AC133: กล่อง | AD133: =+AB133*C133 -> 0 | AE133: =IFERROR(VLOOKUP(A133,'9'!U:V,2,0),"0") -> 0 | AF133: กล่อง | AG133: =+AE133*C133 -> 0 | AH133: =IFERROR(VLOOKUP(A133,'10'!U:V,2,0),"0") -> 0 | AI133: กล่อง | AJ133: =+AH133*C133 -> 0 | AK133: =IFERROR(VLOOKUP(A133,'11'!U:V,2,0),"0") -> 0 | AL133: กล่อง | AM133: =+AK133*C133 -> 0 | AN133: =IFERROR(VLOOKUP(A133,'12'!U:V,2,0),"0") -> 0 | AO133: กล่อง | AP133: =+AN133*C133 -> 0 | AQ133: =IFERROR(VLOOKUP(A133,'13'!U:V,2,0),"0") -> 0 | AR133: กล่อง | AS133: =+AQ133*C133 -> 0 | AT133: =IFERROR(VLOOKUP(A133,'14'!U:V,2,0),"0") -> 0 | AU133: กล่อง | AV133: =+AT133*C133 -> 0 | AW133: =IFERROR(VLOOKUP(A133,'15'!U:V,2,0),"0") -> 0 | AX133: กล่อง | AY133: =+AW133*C133 -> 0 | AZ133: =IFERROR(VLOOKUP(A133,'16'!U:V,2,0),"0") -> 0 | BA133: กล่อง | BB133: =+AZ133*C133 -> 0 | BC133: =IFERROR(VLOOKUP(A133,'17'!U:V,2,0),"0") -> 0 | BD133: กล่อง | BE133: =+BC133*C133 -> 0 | BF133: =IFERROR(VLOOKUP(A133,'18'!U:V,2,0),"0") -> 0 | BG133: กล่อง | BH133: =+BF133*C133 -> 0 | BI133: =IFERROR(VLOOKUP(A133,'19'!U:V,2,0),"0") -> 0 | BJ133: กล่อง | BK133: =+BI133*C133 -> 0 | BL133: =IFERROR(VLOOKUP(A133,'20'!U:V,2,0),"0") -> 0 | BM133: กล่อง | BN133: =+BL133*C133 -> 0 | BO133: =IFERROR(VLOOKUP(A133,'21'!U:V,2,0),"0") -> 0 | BP133: กล่อง | BQ133: =+BO133*C133 -> 0 | BR133: =IFERROR(VLOOKUP(A133,'22'!U:V,2,0),"0") -> 0 | BS133: กล่อง | BT133: =+BR133*C133 -> 0 | BU133: =IFERROR(VLOOKUP(A133,'23'!U:V,2,0),"0") -> 0 | BV133: กล่อง | BW133: =+BU133*C133 -> 0 | BX133: =IFERROR(VLOOKUP(A133,'24'!U:V,2,0),"0") -> 0 | BY133: กล่อง | BZ133: =+BX133*C133 -> 0 | CA133: =IFERROR(VLOOKUP(A133,'25'!U:V,2,0),"0") -> 0 | CB133: กล่อง | CC133: =+CA133*C133 -> 0 | CD133: =IFERROR(VLOOKUP(A133,'26'!U:V,2,0),"0") -> 0 | CE133: กล่อง | CF133: =+CD133*C133 -> 0 | CG133: =IFERROR(VLOOKUP(A133,'27'!U:V,2,0),"0") -> 0 | CH133: กล่อง | CI133: =+CG133*C133 -> 0 | CJ133: =IFERROR(VLOOKUP(A133,'28'!U:V,2,0),"0") -> 0 | CK133: กล่อง | CL133: =+CJ133*C133 -> 0 | CM133: =IFERROR(VLOOKUP(A133,'29'!U:V,2,0),"0") -> 0 | CN133: กล่อง | CO133: =+CM133*C133 -> 0 | CP133: =IFERROR(VLOOKUP(A133,'30'!U:V,2,0),"0") -> 0 | CQ133: กล่อง | CR133: =+CP133*C133 -> 0 | CS133: =IFERROR(VLOOKUP(A133,'31'!U:V,2,0),"0") -> 0 | CT133: กล่อง | CU133: =+CS133*C133 -> 0 | CV133: =IFERROR(VLOOKUP(A133,'เซต1-31'!V:W,2,0),"0") -> 0 | CW133: กล่อง | CX133: =+CV133*CO133 -> 0
A134: 1111074-A | B134: ชิฟฟ่อนสอดไส้ 1 ชิ้น ชิฟฟ่อนเค้ก เลือกรสชาติได้ | C134: 5.15 | D134: =+G134+J134+M134+P134+S134+V134+Y134+AB134+AE134+AH134+AK134+AN134+AQ134+AT134+AW134+AZ134+BC134+BF134+BI134+BL134+BO134+BR134+BU134+BX134+CA134+CD134+CG134+CJ134+CM134+CP134+CS134+CV134 -> 0 | E134: ชิ้น | F134: =+D134*C134 -> 0 | G134: =IFERROR(VLOOKUP(A134,'1'!U:V,2,0),"0") -> 0 | H134: กล่อง | I134: =+G134*C134 -> 0 | J134: =IFERROR(VLOOKUP(A134,'2'!U:V,2,0),"0") -> 0 | K134: กล่อง | L134: =+J134*C134 -> 0 | M134: =IFERROR(VLOOKUP(A134,'3'!U:V,2,0),"0") -> 0 | N134: กล่อง | O134: =+M134*C134 -> 0 | P134: =IFERROR(VLOOKUP(A134,'4'!U:V,2,0),"0") -> 0 | Q134: กล่อง | R134: =+P134*C134 -> 0 | S134: =IFERROR(VLOOKUP(A134,'5'!U:V,2,0),"0") -> 0 | T134: กล่อง | U134: =+S134*C134 -> 0 | V134: =IFERROR(VLOOKUP(A134,'6'!U:V,2,0),"0") -> 0 | W134: กล่อง | X134: =+V134*C134 -> 0 | Y134: =IFERROR(VLOOKUP(A134,'7'!U:V,2,0),"0") -> 0 | Z134: กล่อง | AA134: =+Y134*C134 -> 0 | AB134: =IFERROR(VLOOKUP(A134,'8'!U:V,2,0),"0") -> 0 | AC134: กล่อง | AD134: =+AB134*C134 -> 0 | AE134: =IFERROR(VLOOKUP(A134,'9'!U:V,2,0),"0") -> 0 | AF134: กล่อง | AG134: =+AE134*C134 -> 0 | AH134: =IFERROR(VLOOKUP(A134,'10'!U:V,2,0),"0") -> 0 | AI134: กล่อง | AJ134: =+AH134*C134 -> 0 | AK134: =IFERROR(VLOOKUP(A134,'11'!U:V,2,0),"0") -> 0 | AL134: กล่อง | AM134: =+AK134*C134 -> 0 | AN134: =IFERROR(VLOOKUP(A134,'12'!U:V,2,0),"0") -> 0 | AO134: กล่อง | AP134: =+AN134*C134 -> 0 | AQ134: =IFERROR(VLOOKUP(A134,'13'!U:V,2,0),"0") -> 0 | AR134: กล่อง | AS134: =+AQ134*C134 -> 0 | AT134: =IFERROR(VLOOKUP(A134,'14'!U:V,2,0),"0") -> 0 | AU134: กล่อง | AV134: =+AT134*C134 -> 0 | AW134: =IFERROR(VLOOKUP(A134,'15'!U:V,2,0),"0") -> 0 | AX134: กล่อง | AY134: =+AW134*C134 -> 0 | AZ134: =IFERROR(VLOOKUP(A134,'16'!U:V,2,0),"0") -> 0 | BA134: กล่อง | BB134: =+AZ134*C134 -> 0 | BC134: =IFERROR(VLOOKUP(A134,'17'!U:V,2,0),"0") -> 0 | BD134: กล่อง | BE134: =+BC134*C134 -> 0 | BF134: =IFERROR(VLOOKUP(A134,'18'!U:V,2,0),"0") -> 0 | BG134: กล่อง | BH134: =+BF134*C134 -> 0 | BI134: =IFERROR(VLOOKUP(A134,'19'!U:V,2,0),"0") -> 0 | BJ134: กล่อง | BK134: =+BI134*C134 -> 0 | BL134: =IFERROR(VLOOKUP(A134,'20'!U:V,2,0),"0") -> 0 | BM134: กล่อง | BN134: =+BL134*C134 -> 0 | BO134: =IFERROR(VLOOKUP(A134,'21'!U:V,2,0),"0") -> 0 | BP134: กล่อง | BQ134: =+BO134*C134 -> 0 | BR134: =IFERROR(VLOOKUP(A134,'22'!U:V,2,0),"0") -> 0 | BS134: กล่อง | BT134: =+BR134*C134 -> 0 | BU134: =IFERROR(VLOOKUP(A134,'23'!U:V,2,0),"0") -> 0 | BV134: กล่อง | BW134: =+BU134*C134 -> 0 | BX134: =IFERROR(VLOOKUP(A134,'24'!U:V,2,0),"0") -> 0 | BY134: กล่อง | BZ134: =+BX134*C134 -> 0 | CA134: =IFERROR(VLOOKUP(A134,'25'!U:V,2,0),"0") -> 0 | CB134: กล่อง | CC134: =+CA134*C134 -> 0 | CD134: =IFERROR(VLOOKUP(A134,'26'!U:V,2,0),"0") -> 0 | CE134: กล่อง | CF134: =+CD134*C134 -> 0 | CG134: =IFERROR(VLOOKUP(A134,'27'!U:V,2,0),"0") -> 0 | CH134: กล่อง | CI134: =+CG134*C134 -> 0 | CJ134: =IFERROR(VLOOKUP(A134,'28'!U:V,2,0),"0") -> 0 | CK134: กล่อง | CL134: =+CJ134*C134 -> 0 | CM134: =IFERROR(VLOOKUP(A134,'29'!U:V,2,0),"0") -> 0 | CN134: กล่อง | CO134: =+CM134*C134 -> 0 | CP134: =IFERROR(VLOOKUP(A134,'30'!U:V,2,0),"0") -> 0 | CQ134: กล่อง | CR134: =+CP134*C134 -> 0 | CS134: =IFERROR(VLOOKUP(A134,'31'!U:V,2,0),"0") -> 0 | CT134: กล่อง | CU134: =+CS134*C134 -> 0 | CV134: =IFERROR(VLOOKUP(A134,'เซต1-31'!V:W,2,0),"0") -> 0 | CW134: กล่อง | CX134: =+CV134*CO134 -> 0
A135: 1111075-A | B135: ชิฟฟ่อนสอดไส้ 1 ชิ้น ชิฟฟ่อนเค้ก เลือกรสชาติได้ | C135: 5.15 | D135: =+G135+J135+M135+P135+S135+V135+Y135+AB135+AE135+AH135+AK135+AN135+AQ135+AT135+AW135+AZ135+BC135+BF135+BI135+BL135+BO135+BR135+BU135+BX135+CA135+CD135+CG135+CJ135+CM135+CP135+CS135+CV135 -> 0 | E135: ชิ้น | F135: =+D135*C135 -> 0 | G135: =IFERROR(VLOOKUP(A135,'1'!U:V,2,0),"0") -> 0 | H135: กล่อง | I135: =+G135*C135 -> 0 | J135: =IFERROR(VLOOKUP(A135,'2'!U:V,2,0),"0") -> 0 | K135: กล่อง | L135: =+J135*C135 -> 0 | M135: =IFERROR(VLOOKUP(A135,'3'!U:V,2,0),"0") -> 0 | N135: กล่อง | O135: =+M135*C135 -> 0 | P135: =IFERROR(VLOOKUP(A135,'4'!U:V,2,0),"0") -> 0 | Q135: กล่อง | R135: =+P135*C135 -> 0 | S135: =IFERROR(VLOOKUP(A135,'5'!U:V,2,0),"0") -> 0 | T135: กล่อง | U135: =+S135*C135 -> 0 | V135: =IFERROR(VLOOKUP(A135,'6'!U:V,2,0),"0") -> 0 | W135: กล่อง | X135: =+V135*C135 -> 0 | Y135: =IFERROR(VLOOKUP(A135,'7'!U:V,2,0),"0") -> 0 | Z135: กล่อง | AA135: =+Y135*C135 -> 0 | AB135: =IFERROR(VLOOKUP(A135,'8'!U:V,2,0),"0") -> 0 | AC135: กล่อง | AD135: =+AB135*C135 -> 0 | AE135: =IFERROR(VLOOKUP(A135,'9'!U:V,2,0),"0") -> 0 | AF135: กล่อง | AG135: =+AE135*C135 -> 0 | AH135: =IFERROR(VLOOKUP(A135,'10'!U:V,2,0),"0") -> 0 | AI135: กล่อง | AJ135: =+AH135*C135 -> 0 | AK135: =IFERROR(VLOOKUP(A135,'11'!U:V,2,0),"0") -> 0 | AL135: กล่อง | AM135: =+AK135*C135 -> 0 | AN135: =IFERROR(VLOOKUP(A135,'12'!U:V,2,0),"0") -> 0 | AO135: กล่อง | AP135: =+AN135*C135 -> 0 | AQ135: =IFERROR(VLOOKUP(A135,'13'!U:V,2,0),"0") -> 0 | AR135: กล่อง | AS135: =+AQ135*C135 -> 0 | AT135: =IFERROR(VLOOKUP(A135,'14'!U:V,2,0),"0") -> 0 | AU135: กล่อง | AV135: =+AT135*C135 -> 0 | AW135: =IFERROR(VLOOKUP(A135,'15'!U:V,2,0),"0") -> 0 | AX135: กล่อง | AY135: =+AW135*C135 -> 0 | AZ135: =IFERROR(VLOOKUP(A135,'16'!U:V,2,0),"0") -> 0 | BA135: กล่อง | BB135: =+AZ135*C135 -> 0 | BC135: =IFERROR(VLOOKUP(A135,'17'!U:V,2,0),"0") -> 0 | BD135: กล่อง | BE135: =+BC135*C135 -> 0 | BF135: =IFERROR(VLOOKUP(A135,'18'!U:V,2,0),"0") -> 0 | BG135: กล่อง | BH135: =+BF135*C135 -> 0 | BI135: =IFERROR(VLOOKUP(A135,'19'!U:V,2,0),"0") -> 0 | BJ135: กล่อง | BK135: =+BI135*C135 -> 0 | BL135: =IFERROR(VLOOKUP(A135,'20'!U:V,2,0),"0") -> 0 | BM135: กล่อง | BN135: =+BL135*C135 -> 0 | BO135: =IFERROR(VLOOKUP(A135,'21'!U:V,2,0),"0") -> 0 | BP135: กล่อง | BQ135: =+BO135*C135 -> 0 | BR135: =IFERROR(VLOOKUP(A135,'22'!U:V,2,0),"0") -> 0 | BS135: กล่อง | BT135: =+BR135*C135 -> 0 | BU135: =IFERROR(VLOOKUP(A135,'23'!U:V,2,0),"0") -> 0 | BV135: กล่อง | BW135: =+BU135*C135 -> 0 | BX135: =IFERROR(VLOOKUP(A135,'24'!U:V,2,0),"0") -> 0 | BY135: กล่อง | BZ135: =+BX135*C135 -> 0 | CA135: =IFERROR(VLOOKUP(A135,'25'!U:V,2,0),"0") -> 0 | CB135: กล่อง | CC135: =+CA135*C135 -> 0 | CD135: =IFERROR(VLOOKUP(A135,'26'!U:V,2,0),"0") -> 0 | CE135: กล่อง | CF135: =+CD135*C135 -> 0 | CG135: =IFERROR(VLOOKUP(A135,'27'!U:V,2,0),"0") -> 0 | CH135: กล่อง | CI135: =+CG135*C135 -> 0 | CJ135: =IFERROR(VLOOKUP(A135,'28'!U:V,2,0),"0") -> 0 | CK135: กล่อง | CL135: =+CJ135*C135 -> 0 | CM135: =IFERROR(VLOOKUP(A135,'29'!U:V,2,0),"0") -> 0 | CN135: กล่อง | CO135: =+CM135*C135 -> 0 | CP135: =IFERROR(VLOOKUP(A135,'30'!U:V,2,0),"0") -> 0 | CQ135: กล่อง | CR135: =+CP135*C135 -> 0 | CS135: =IFERROR(VLOOKUP(A135,'31'!U:V,2,0),"0") -> 0 | CT135: กล่อง | CU135: =+CS135*C135 -> 0 | CV135: =IFERROR(VLOOKUP(A135,'เซต1-31'!V:W,2,0),"0") -> 0 | CW135: กล่อง | CX135: =+CV135*CO135 -> 0
A136: 1111076-A | B136: ชิฟฟ่อนสอดไส้ 1 ชิ้น ชิฟฟ่อนเค้ก เลือกรสชาติได้ | C136: 5.15 | D136: =+G136+J136+M136+P136+S136+V136+Y136+AB136+AE136+AH136+AK136+AN136+AQ136+AT136+AW136+AZ136+BC136+BF136+BI136+BL136+BO136+BR136+BU136+BX136+CA136+CD136+CG136+CJ136+CM136+CP136+CS136+CV136 -> 0 | E136: ชิ้น | F136: =+D136*C136 -> 0 | G136: =IFERROR(VLOOKUP(A136,'1'!U:V,2,0),"0") -> 0 | H136: กล่อง | I136: =+G136*C136 -> 0 | J136: =IFERROR(VLOOKUP(A136,'2'!U:V,2,0),"0") -> 0 | K136: กล่อง | L136: =+J136*C136 -> 0 | M136: =IFERROR(VLOOKUP(A136,'3'!U:V,2,0),"0") -> 0 | N136: กล่อง | O136: =+M136*C136 -> 0 | P136: =IFERROR(VLOOKUP(A136,'4'!U:V,2,0),"0") -> 0 | Q136: กล่อง | R136: =+P136*C136 -> 0 | S136: =IFERROR(VLOOKUP(A136,'5'!U:V,2,0),"0") -> 0 | T136: กล่อง | U136: =+S136*C136 -> 0 | V136: =IFERROR(VLOOKUP(A136,'6'!U:V,2,0),"0") -> 0 | W136: กล่อง | X136: =+V136*C136 -> 0 | Y136: =IFERROR(VLOOKUP(A136,'7'!U:V,2,0),"0") -> 0 | Z136: กล่อง | AA136: =+Y136*C136 -> 0 | AB136: =IFERROR(VLOOKUP(A136,'8'!U:V,2,0),"0") -> 0 | AC136: กล่อง | AD136: =+AB136*C136 -> 0 | AE136: =IFERROR(VLOOKUP(A136,'9'!U:V,2,0),"0") -> 0 | AF136: กล่อง | AG136: =+AE136*C136 -> 0 | AH136: =IFERROR(VLOOKUP(A136,'10'!U:V,2,0),"0") -> 0 | AI136: กล่อง | AJ136: =+AH136*C136 -> 0 | AK136: =IFERROR(VLOOKUP(A136,'11'!U:V,2,0),"0") -> 0 | AL136: กล่อง | AM136: =+AK136*C136 -> 0 | AN136: =IFERROR(VLOOKUP(A136,'12'!U:V,2,0),"0") -> 0 | AO136: กล่อง | AP136: =+AN136*C136 -> 0 | AQ136: =IFERROR(VLOOKUP(A136,'13'!U:V,2,0),"0") -> 0 | AR136: กล่อง | AS136: =+AQ136*C136 -> 0 | AT136: =IFERROR(VLOOKUP(A136,'14'!U:V,2,0),"0") -> 0 | AU136: กล่อง | AV136: =+AT136*C136 -> 0 | AW136: =IFERROR(VLOOKUP(A136,'15'!U:V,2,0),"0") -> 0 | AX136: กล่อง | AY136: =+AW136*C136 -> 0 | AZ136: =IFERROR(VLOOKUP(A136,'16'!U:V,2,0),"0") -> 0 | BA136: กล่อง | BB136: =+AZ136*C136 -> 0 | BC136: =IFERROR(VLOOKUP(A136,'17'!U:V,2,0),"0") -> 0 | BD136: กล่อง | BE136: =+BC136*C136 -> 0 | BF136: =IFERROR(VLOOKUP(A136,'18'!U:V,2,0),"0") -> 0 | BG136: กล่อง | BH136: =+BF136*C136 -> 0 | BI136: =IFERROR(VLOOKUP(A136,'19'!U:V,2,0),"0") -> 0 | BJ136: กล่อง | BK136: =+BI136*C136 -> 0 | BL136: =IFERROR(VLOOKUP(A136,'20'!U:V,2,0),"0") -> 0 | BM136: กล่อง | BN136: =+BL136*C136 -> 0 | BO136: =IFERROR(VLOOKUP(A136,'21'!U:V,2,0),"0") -> 0 | BP136: กล่อง | BQ136: =+BO136*C136 -> 0 | BR136: =IFERROR(VLOOKUP(A136,'22'!U:V,2,0),"0") -> 0 | BS136: กล่อง | BT136: =+BR136*C136 -> 0 | BU136: =IFERROR(VLOOKUP(A136,'23'!U:V,2,0),"0") -> 0 | BV136: กล่อง | BW136: =+BU136*C136 -> 0 | BX136: =IFERROR(VLOOKUP(A136,'24'!U:V,2,0),"0") -> 0 | BY136: กล่อง | BZ136: =+BX136*C136 -> 0 | CA136: =IFERROR(VLOOKUP(A136,'25'!U:V,2,0),"0") -> 0 | CB136: กล่อง | CC136: =+CA136*C136 -> 0 | CD136: =IFERROR(VLOOKUP(A136,'26'!U:V,2,0),"0") -> 0 | CE136: กล่อง | CF136: =+CD136*C136 -> 0 | CG136: =IFERROR(VLOOKUP(A136,'27'!U:V,2,0),"0") -> 0 | CH136: กล่อง | CI136: =+CG136*C136 -> 0 | CJ136: =IFERROR(VLOOKUP(A136,'28'!U:V,2,0),"0") -> 0 | CK136: กล่อง | CL136: =+CJ136*C136 -> 0 | CM136: =IFERROR(VLOOKUP(A136,'29'!U:V,2,0),"0") -> 0 | CN136: กล่อง | CO136: =+CM136*C136 -> 0 | CP136: =IFERROR(VLOOKUP(A136,'30'!U:V,2,0),"0") -> 0 | CQ136: กล่อง | CR136: =+CP136*C136 -> 0 | CS136: =IFERROR(VLOOKUP(A136,'31'!U:V,2,0),"0") -> 0 | CT136: กล่อง | CU136: =+CS136*C136 -> 0 | CV136: =IFERROR(VLOOKUP(A136,'เซต1-31'!V:W,2,0),"0") -> 0 | CW136: กล่อง | CX136: =+CV136*CO136 -> 0
A137: 1111078-A | B137: ชิฟฟ่อนสอดไส้ 1 ชิ้น ชิฟฟ่อนเค้ก เลือกรสชาติได้ | C137: 5.15 | D137: =+G137+J137+M137+P137+S137+V137+Y137+AB137+AE137+AH137+AK137+AN137+AQ137+AT137+AW137+AZ137+BC137+BF137+BI137+BL137+BO137+BR137+BU137+BX137+CA137+CD137+CG137+CJ137+CM137+CP137+CS137+CV137 -> 0 | E137: ชิ้น | F137: =+D137*C137 -> 0 | G137: =IFERROR(VLOOKUP(A137,'1'!U:V,2,0),"0") -> 0 | H137: กล่อง | I137: =+G137*C137 -> 0 | J137: =IFERROR(VLOOKUP(A137,'2'!U:V,2,0),"0") -> 0 | K137: กล่อง | L137: =+J137*C137 -> 0 | M137: =IFERROR(VLOOKUP(A137,'3'!U:V,2,0),"0") -> 0 | N137: กล่อง | O137: =+M137*C137 -> 0 | P137: =IFERROR(VLOOKUP(A137,'4'!U:V,2,0),"0") -> 0 | Q137: กล่อง | R137: =+P137*C137 -> 0 | S137: =IFERROR(VLOOKUP(A137,'5'!U:V,2,0),"0") -> 0 | T137: กล่อง | U137: =+S137*C137 -> 0 | V137: =IFERROR(VLOOKUP(A137,'6'!U:V,2,0),"0") -> 0 | W137: กล่อง | X137: =+V137*C137 -> 0 | Y137: =IFERROR(VLOOKUP(A137,'7'!U:V,2,0),"0") -> 0 | Z137: กล่อง | AA137: =+Y137*C137 -> 0 | AB137: =IFERROR(VLOOKUP(A137,'8'!U:V,2,0),"0") -> 0 | AC137: กล่อง | AD137: =+AB137*C137 -> 0 | AE137: =IFERROR(VLOOKUP(A137,'9'!U:V,2,0),"0") -> 0 | AF137: กล่อง | AG137: =+AE137*C137 -> 0 | AH137: =IFERROR(VLOOKUP(A137,'10'!U:V,2,0),"0") -> 0 | AI137: กล่อง | AJ137: =+AH137*C137 -> 0 | AK137: =IFERROR(VLOOKUP(A137,'11'!U:V,2,0),"0") -> 0 | AL137: กล่อง | AM137: =+AK137*C137 -> 0 | AN137: =IFERROR(VLOOKUP(A137,'12'!U:V,2,0),"0") -> 0 | AO137: กล่อง | AP137: =+AN137*C137 -> 0 | AQ137: =IFERROR(VLOOKUP(A137,'13'!U:V,2,0),"0") -> 0 | AR137: กล่อง | AS137: =+AQ137*C137 -> 0 | AT137: =IFERROR(VLOOKUP(A137,'14'!U:V,2,0),"0") -> 0 | AU137: กล่อง | AV137: =+AT137*C137 -> 0 | AW137: =IFERROR(VLOOKUP(A137,'15'!U:V,2,0),"0") -> 0 | AX137: กล่อง | AY137: =+AW137*C137 -> 0 | AZ137: =IFERROR(VLOOKUP(A137,'16'!U:V,2,0),"0") -> 0 | BA137: กล่อง | BB137: =+AZ137*C137 -> 0 | BC137: =IFERROR(VLOOKUP(A137,'17'!U:V,2,0),"0") -> 0 | BD137: กล่อง | BE137: =+BC137*C137 -> 0 | BF137: =IFERROR(VLOOKUP(A137,'18'!U:V,2,0),"0") -> 0 | BG137: กล่อง | BH137: =+BF137*C137 -> 0 | BI137: =IFERROR(VLOOKUP(A137,'19'!U:V,2,0),"0") -> 0 | BJ137: กล่อง | BK137: =+BI137*C137 -> 0 | BL137: =IFERROR(VLOOKUP(A137,'20'!U:V,2,0),"0") -> 0 | BM137: กล่อง | BN137: =+BL137*C137 -> 0 | BO137: =IFERROR(VLOOKUP(A137,'21'!U:V,2,0),"0") -> 0 | BP137: กล่อง | BQ137: =+BO137*C137 -> 0 | BR137: =IFERROR(VLOOKUP(A137,'22'!U:V,2,0),"0") -> 0 | BS137: กล่อง | BT137: =+BR137*C137 -> 0 | BU137: =IFERROR(VLOOKUP(A137,'23'!U:V,2,0),"0") -> 0 | BV137: กล่อง | BW137: =+BU137*C137 -> 0 | BX137: =IFERROR(VLOOKUP(A137,'24'!U:V,2,0),"0") -> 0 | BY137: กล่อง | BZ137: =+BX137*C137 -> 0 | CA137: =IFERROR(VLOOKUP(A137,'25'!U:V,2,0),"0") -> 0 | CB137: กล่อง | CC137: =+CA137*C137 -> 0 | CD137: =IFERROR(VLOOKUP(A137,'26'!U:V,2,0),"0") -> 0 | CE137: กล่อง | CF137: =+CD137*C137 -> 0 | CG137: =IFERROR(VLOOKUP(A137,'27'!U:V,2,0),"0") -> 0 | CH137: กล่อง | CI137: =+CG137*C137 -> 0 | CJ137: =IFERROR(VLOOKUP(A137,'28'!U:V,2,0),"0") -> 0 | CK137: กล่อง | CL137: =+CJ137*C137 -> 0 | CM137: =IFERROR(VLOOKUP(A137,'29'!U:V,2,0),"0") -> 0 | CN137: กล่อง | CO137: =+CM137*C137 -> 0 | CP137: =IFERROR(VLOOKUP(A137,'30'!U:V,2,0),"0") -> 0 | CQ137: กล่อง | CR137: =+CP137*C137 -> 0 | CS137: =IFERROR(VLOOKUP(A137,'31'!U:V,2,0),"0") -> 0 | CT137: กล่อง | CU137: =+CS137*C137 -> 0 | CV137: =IFERROR(VLOOKUP(A137,'เซต1-31'!V:W,2,0),"0") -> 0 | CW137: กล่อง | CX137: =+CV137*CO137 -> 0
A138: 1111079-A | B138: ชิฟฟ่อนสอดไส้ 1 ชิ้น ชิฟฟ่อนเค้ก เลือกรสชาติได้ | C138: 5.15 | D138: =+G138+J138+M138+P138+S138+V138+Y138+AB138+AE138+AH138+AK138+AN138+AQ138+AT138+AW138+AZ138+BC138+BF138+BI138+BL138+BO138+BR138+BU138+BX138+CA138+CD138+CG138+CJ138+CM138+CP138+CS138+CV138 -> 0 | E138: ชิ้น | F138: =+D138*C138 -> 0 | G138: =IFERROR(VLOOKUP(A138,'1'!U:V,2,0),"0") -> 0 | H138: กล่อง | I138: =+G138*C138 -> 0 | J138: =IFERROR(VLOOKUP(A138,'2'!U:V,2,0),"0") -> 0 | K138: กล่อง | L138: =+J138*C138 -> 0 | M138: =IFERROR(VLOOKUP(A138,'3'!U:V,2,0),"0") -> 0 | N138: กล่อง | O138: =+M138*C138 -> 0 | P138: =IFERROR(VLOOKUP(A138,'4'!U:V,2,0),"0") -> 0 | Q138: กล่อง | R138: =+P138*C138 -> 0 | S138: =IFERROR(VLOOKUP(A138,'5'!U:V,2,0),"0") -> 0 | T138: กล่อง | U138: =+S138*C138 -> 0 | V138: =IFERROR(VLOOKUP(A138,'6'!U:V,2,0),"0") -> 0 | W138: กล่อง | X138: =+V138*C138 -> 0 | Y138: =IFERROR(VLOOKUP(A138,'7'!U:V,2,0),"0") -> 0 | Z138: กล่อง | AA138: =+Y138*C138 -> 0 | AB138: =IFERROR(VLOOKUP(A138,'8'!U:V,2,0),"0") -> 0 | AC138: กล่อง | AD138: =+AB138*C138 -> 0 | AE138: =IFERROR(VLOOKUP(A138,'9'!U:V,2,0),"0") -> 0 | AF138: กล่อง | AG138: =+AE138*C138 -> 0 | AH138: =IFERROR(VLOOKUP(A138,'10'!U:V,2,0),"0") -> 0 | AI138: กล่อง | AJ138: =+AH138*C138 -> 0 | AK138: =IFERROR(VLOOKUP(A138,'11'!U:V,2,0),"0") -> 0 | AL138: กล่อง | AM138: =+AK138*C138 -> 0 | AN138: =IFERROR(VLOOKUP(A138,'12'!U:V,2,0),"0") -> 0 | AO138: กล่อง | AP138: =+AN138*C138 -> 0 | AQ138: =IFERROR(VLOOKUP(A138,'13'!U:V,2,0),"0") -> 0 | AR138: กล่อง | AS138: =+AQ138*C138 -> 0 | AT138: =IFERROR(VLOOKUP(A138,'14'!U:V,2,0),"0") -> 0 | AU138: กล่อง | AV138: =+AT138*C138 -> 0 | AW138: =IFERROR(VLOOKUP(A138,'15'!U:V,2,0),"0") -> 0 | AX138: กล่อง | AY138: =+AW138*C138 -> 0 | AZ138: =IFERROR(VLOOKUP(A138,'16'!U:V,2,0),"0") -> 0 | BA138: กล่อง | BB138: =+AZ138*C138 -> 0 | BC138: =IFERROR(VLOOKUP(A138,'17'!U:V,2,0),"0") -> 0 | BD138: กล่อง | BE138: =+BC138*C138 -> 0 | BF138: =IFERROR(VLOOKUP(A138,'18'!U:V,2,0),"0") -> 0 | BG138: กล่อง | BH138: =+BF138*C138 -> 0 | BI138: =IFERROR(VLOOKUP(A138,'19'!U:V,2,0),"0") -> 0 | BJ138: กล่อง | BK138: =+BI138*C138 -> 0 | BL138: =IFERROR(VLOOKUP(A138,'20'!U:V,2,0),"0") -> 0 | BM138: กล่อง | BN138: =+BL138*C138 -> 0 | BO138: =IFERROR(VLOOKUP(A138,'21'!U:V,2,0),"0") -> 0 | BP138: กล่อง | BQ138: =+BO138*C138 -> 0 | BR138: =IFERROR(VLOOKUP(A138,'22'!U:V,2,0),"0") -> 0 | BS138: กล่อง | BT138: =+BR138*C138 -> 0 | BU138: =IFERROR(VLOOKUP(A138,'23'!U:V,2,0),"0") -> 0 | BV138: กล่อง | BW138: =+BU138*C138 -> 0 | BX138: =IFERROR(VLOOKUP(A138,'24'!U:V,2,0),"0") -> 0 | BY138: กล่อง | BZ138: =+BX138*C138 -> 0 | CA138: =IFERROR(VLOOKUP(A138,'25'!U:V,2,0),"0") -> 0 | CB138: กล่อง | CC138: =+CA138*C138 -> 0 | CD138: =IFERROR(VLOOKUP(A138,'26'!U:V,2,0),"0") -> 0 | CE138: กล่อง | CF138: =+CD138*C138 -> 0 | CG138: =IFERROR(VLOOKUP(A138,'27'!U:V,2,0),"0") -> 0 | CH138: กล่อง | CI138: =+CG138*C138 -> 0 | CJ138: =IFERROR(VLOOKUP(A138,'28'!U:V,2,0),"0") -> 0 | CK138: กล่อง | CL138: =+CJ138*C138 -> 0 | CM138: =IFERROR(VLOOKUP(A138,'29'!U:V,2,0),"0") -> 0 | CN138: กล่อง | CO138: =+CM138*C138 -> 0 | CP138: =IFERROR(VLOOKUP(A138,'30'!U:V,2,0),"0") -> 0 | CQ138: กล่อง | CR138: =+CP138*C138 -> 0 | CS138: =IFERROR(VLOOKUP(A138,'31'!U:V,2,0),"0") -> 0 | CT138: กล่อง | CU138: =+CS138*C138 -> 0 | CV138: =IFERROR(VLOOKUP(A138,'เซต1-31'!V:W,2,0),"0") -> 0 | CW138: กล่อง | CX138: =+CV138*CO138 -> 0
A139: 1111080-A | B139: ชิฟฟ่อนสอดไส้ 1 ชิ้น ชิฟฟ่อนเค้ก เลือกรสชาติได้ | C139: 5.15 | D139: =+G139+J139+M139+P139+S139+V139+Y139+AB139+AE139+AH139+AK139+AN139+AQ139+AT139+AW139+AZ139+BC139+BF139+BI139+BL139+BO139+BR139+BU139+BX139+CA139+CD139+CG139+CJ139+CM139+CP139+CS139+CV139 -> 0 | E139: ชิ้น | F139: =+D139*C139 -> 0 | G139: =IFERROR(VLOOKUP(A139,'1'!U:V,2,0),"0") -> 0 | H139: กล่อง | I139: =+G139*C139 -> 0 | J139: =IFERROR(VLOOKUP(A139,'2'!U:V,2,0),"0") -> 0 | K139: กล่อง | L139: =+J139*C139 -> 0 | M139: =IFERROR(VLOOKUP(A139,'3'!U:V,2,0),"0") -> 0 | N139: กล่อง | O139: =+M139*C139 -> 0 | P139: =IFERROR(VLOOKUP(A139,'4'!U:V,2,0),"0") -> 0 | Q139: กล่อง | R139: =+P139*C139 -> 0 | S139: =IFERROR(VLOOKUP(A139,'5'!U:V,2,0),"0") -> 0 | T139: กล่อง | U139: =+S139*C139 -> 0 | V139: =IFERROR(VLOOKUP(A139,'6'!U:V,2,0),"0") -> 0 | W139: กล่อง | X139: =+V139*C139 -> 0 | Y139: =IFERROR(VLOOKUP(A139,'7'!U:V,2,0),"0") -> 0 | Z139: กล่อง | AA139: =+Y139*C139 -> 0 | AB139: =IFERROR(VLOOKUP(A139,'8'!U:V,2,0),"0") -> 0 | AC139: กล่อง | AD139: =+AB139*C139 -> 0 | AE139: =IFERROR(VLOOKUP(A139,'9'!U:V,2,0),"0") -> 0 | AF139: กล่อง | AG139: =+AE139*C139 -> 0 | AH139: =IFERROR(VLOOKUP(A139,'10'!U:V,2,0),"0") -> 0 | AI139: กล่อง | AJ139: =+AH139*C139 -> 0 | AK139: =IFERROR(VLOOKUP(A139,'11'!U:V,2,0),"0") -> 0 | AL139: กล่อง | AM139: =+AK139*C139 -> 0 | AN139: =IFERROR(VLOOKUP(A139,'12'!U:V,2,0),"0") -> 0 | AO139: กล่อง | AP139: =+AN139*C139 -> 0 | AQ139: =IFERROR(VLOOKUP(A139,'13'!U:V,2,0),"0") -> 0 | AR139: กล่อง | AS139: =+AQ139*C139 -> 0 | AT139: =IFERROR(VLOOKUP(A139,'14'!U:V,2,0),"0") -> 0 | AU139: กล่อง | AV139: =+AT139*C139 -> 0 | AW139: =IFERROR(VLOOKUP(A139,'15'!U:V,2,0),"0") -> 0 | AX139: กล่อง | AY139: =+AW139*C139 -> 0 | AZ139: =IFERROR(VLOOKUP(A139,'16'!U:V,2,0),"0") -> 0 | BA139: กล่อง | BB139: =+AZ139*C139 -> 0 | BC139: =IFERROR(VLOOKUP(A139,'17'!U:V,2,0),"0") -> 0 | BD139: กล่อง | BE139: =+BC139*C139 -> 0 | BF139: =IFERROR(VLOOKUP(A139,'18'!U:V,2,0),"0") -> 0 | BG139: กล่อง | BH139: =+BF139*C139 -> 0 | BI139: =IFERROR(VLOOKUP(A139,'19'!U:V,2,0),"0") -> 0 | BJ139: กล่อง | BK139: =+BI139*C139 -> 0 | BL139: =IFERROR(VLOOKUP(A139,'20'!U:V,2,0),"0") -> 0 | BM139: กล่อง | BN139: =+BL139*C139 -> 0 | BO139: =IFERROR(VLOOKUP(A139,'21'!U:V,2,0),"0") -> 0 | BP139: กล่อง | BQ139: =+BO139*C139 -> 0 | BR139: =IFERROR(VLOOKUP(A139,'22'!U:V,2,0),"0") -> 0 | BS139: กล่อง | BT139: =+BR139*C139 -> 0 | BU139: =IFERROR(VLOOKUP(A139,'23'!U:V,2,0),"0") -> 0 | BV139: กล่อง | BW139: =+BU139*C139 -> 0 | BX139: =IFERROR(VLOOKUP(A139,'24'!U:V,2,0),"0") -> 0 | BY139: กล่อง | BZ139: =+BX139*C139 -> 0 | CA139: =IFERROR(VLOOKUP(A139,'25'!U:V,2,0),"0") -> 0 | CB139: กล่อง | CC139: =+CA139*C139 -> 0 | CD139: =IFERROR(VLOOKUP(A139,'26'!U:V,2,0),"0") -> 0 | CE139: กล่อง | CF139: =+CD139*C139 -> 0 | CG139: =IFERROR(VLOOKUP(A139,'27'!U:V,2,0),"0") -> 0 | CH139: กล่อง | CI139: =+CG139*C139 -> 0 | CJ139: =IFERROR(VLOOKUP(A139,'28'!U:V,2,0),"0") -> 0 | CK139: กล่อง | CL139: =+CJ139*C139 -> 0 | CM139: =IFERROR(VLOOKUP(A139,'29'!U:V,2,0),"0") -> 0 | CN139: กล่อง | CO139: =+CM139*C139 -> 0 | CP139: =IFERROR(VLOOKUP(A139,'30'!U:V,2,0),"0") -> 0 | CQ139: กล่อง | CR139: =+CP139*C139 -> 0 | CS139: =IFERROR(VLOOKUP(A139,'31'!U:V,2,0),"0") -> 0 | CT139: กล่อง | CU139: =+CS139*C139 -> 0 | CV139: =IFERROR(VLOOKUP(A139,'เซต1-31'!V:W,2,0),"0") -> 0 | CW139: กล่อง | CX139: =+CV139*CO139 -> 0
... A160: 900005 | B160: กล่องขนมเปล่า (กล่องเปล่าชิฟไส้ ล) | C160: 6 | D160: =+G160+J160+M160+P160+S160+V160+Y160+AB160+AE160+AH160+AK160+AN160+AQ160+AT160+AW160+AZ160+BC160+BF160+BI160+BL160+BO160+BR160+BU160+BX160+CA160+CD160+CG160+CJ160+CM160+CP160+CS160+CV160 -> 0 | E160: กล่อง | F160: =+D160*C160 -> 0 | G160: =IFERROR(VLOOKUP(A160,'1'!U:V,2,0),"0") -> 0 | H160: กล่อง | I160: =+G160*C160 -> 0 | J160: =IFERROR(VLOOKUP(A160,'2'!U:V,2,0),"0") -> 0 | K160: กล่อง | L160: =+J160*C160 -> 0 | M160: =IFERROR(VLOOKUP(A160,'3'!U:V,2,0),"0") -> 0 | N160: กล่อง | O160: =+M160*C160 -> 0 | P160: =IFERROR(VLOOKUP(A160,'4'!U:V,2,0),"0") -> 0 | Q160: กล่อง | R160: =+P160*C160 -> 0 | S160: =IFERROR(VLOOKUP(A160,'5'!U:V,2,0),"0") -> 0 | T160: กล่อง | U160: =+S160*C160 -> 0 | V160: =IFERROR(VLOOKUP(A160,'6'!U:V,2,0),"0") -> 0 | W160: กล่อง | X160: =+V160*C160 -> 0 | Y160: =IFERROR(VLOOKUP(A160,'7'!U:V,2,0),"0") -> 0 | Z160: กล่อง | AA160: =+Y160*C160 -> 0 | AB160: =IFERROR(VLOOKUP(A160,'8'!U:V,2,0),"0") -> 0 | AC160: กล่อง | AD160: =+AB160*C160 -> 0 | AE160: =IFERROR(VLOOKUP(A160,'9'!U:V,2,0),"0") -> 0 | AF160: กล่อง | AG160: =+AE160*C160 -> 0 | AH160: =IFERROR(VLOOKUP(A160,'10'!U:V,2,0),"0") -> 0 | AI160: กล่อง | AJ160: =+AH160*C160 -> 0 | AK160: =IFERROR(VLOOKUP(A160,'11'!U:V,2,0),"0") -> 0 | AL160: กล่อง | AM160: =+AK160*C160 -> 0 | AN160: =IFERROR(VLOOKUP(A160,'12'!U:V,2,0),"0") -> 0 | AO160: กล่อง | AP160: =+AN160*C160 -> 0 | AQ160: =IFERROR(VLOOKUP(A160,'13'!U:V,2,0),"0") -> 0 | AR160: กล่อง | AS160: =+AQ160*C160 -> 0 | AT160: =IFERROR(VLOOKUP(A160,'14'!U:V,2,0),"0") -> 0 | AU160: กล่อง | AV160: =+AT160*C160 -> 0 | AW160: =IFERROR(VLOOKUP(A160,'15'!U:V,2,0),"0") -> 0 | AX160: กล่อง | AY160: =+AW160*C160 -> 0 | AZ160: =IFERROR(VLOOKUP(A160,'16'!U:V,2,0),"0") -> 0 | BA160: กล่อง | BB160: =+AZ160*C160 -> 0 | BC160: =IFERROR(VLOOKUP(A160,'17'!U:V,2,0),"0") -> 0 | BD160: กล่อง | BE160: =+BC160*C160 -> 0 | BF160: =IFERROR(VLOOKUP(A160,'18'!U:V,2,0),"0") -> 0 | BG160: กล่อง | BH160: =+BF160*C160 -> 0 | BI160: =IFERROR(VLOOKUP(A160,'19'!U:V,2,0),"0") -> 0 | BJ160: กล่อง | BK160: =+BI160*C160 -> 0 | BL160: =IFERROR(VLOOKUP(A160,'20'!U:V,2,0),"0") -> 0 | BM160: กล่อง | BN160: =+BL160*C160 -> 0 | BO160: =IFERROR(VLOOKUP(A160,'21'!U:V,2,0),"0") -> 0 | BP160: กล่อง | BQ160: =+BO160*C160 -> 0 | BR160: =IFERROR(VLOOKUP(A160,'22'!U:V,2,0),"0") -> 0 | BS160: กล่อง | BT160: =+BR160*C160 -> 0 | BU160: =IFERROR(VLOOKUP(A160,'23'!U:V,2,0),"0") -> 0 | BV160: กล่อง | BW160: =+BU160*C160 -> 0 | BX160: =IFERROR(VLOOKUP(A160,'24'!U:V,2,0),"0") -> 0 | BY160: กล่อง | BZ160: =+BX160*C160 -> 0 | CA160: =IFERROR(VLOOKUP(A160,'25'!U:V,2,0),"0") -> 0 | CB160: กล่อง | CC160: =+CA160*C160 -> 0 | CD160: =IFERROR(VLOOKUP(A160,'26'!U:V,2,0),"0") -> 0 | CE160: กล่อง | CF160: =+CD160*C160 -> 0 | CG160: =IFERROR(VLOOKUP(A160,'27'!U:V,2,0),"0") -> 0 | CH160: กล่อง | CI160: =+CG160*C160 -> 0 | CJ160: =IFERROR(VLOOKUP(A160,'28'!U:V,2,0),"0") -> 0 | CK160: กล่อง | CL160: =+CJ160*C160 -> 0 | CM160: =IFERROR(VLOOKUP(A160,'29'!U:V,2,0),"0") -> 0 | CN160: กล่อง | CO160: =+CM160*C160 -> 0 | CP160: =IFERROR(VLOOKUP(A160,'30'!U:V,2,0),"0") -> 0 | CQ160: กล่อง | CR160: =+CP160*C160 -> 0 | CS160: =IFERROR(VLOOKUP(A160,'31'!U:V,2,0),"0") -> 0 | CT160: กล่อง | CU160: =+CS160*C160 -> 0 | CV160: =IFERROR(VLOOKUP(A160,'เซต1-31'!V:W,2,0),"0") -> 0 | CW160: กล่อง | CX160: =+CV160*CO160 -> 0
A161: 1111091 | B161: ชิฟฟ่อนไม่มีไส้ แบบกล่อง8ชิ้น รวมรส (ใบเตยล้วน) | C161: 38.98 | D161: =+G161+J161+M161+P161+S161+V161+Y161+AB161+AE161+AH161+AK161+AN161+AQ161+AT161+AW161+AZ161+BC161+BF161+BI161+BL161+BO161+BR161+BU161+BX161+CA161+CD161+CG161+CJ161+CM161+CP161+CS161+CV161 -> 0 | E161: กล่อง | F161: =+D161*C161 -> 0 | G161: =IFERROR(VLOOKUP(A161,'1'!U:V,2,0),"0") -> 0 | H161: กล่อง | I161: =+G161*C161 -> 0 | J161: =IFERROR(VLOOKUP(A161,'2'!U:V,2,0),"0") -> 0 | K161: กล่อง | L161: =+J161*C161 -> 0 | M161: =IFERROR(VLOOKUP(A161,'3'!U:V,2,0),"0") -> 0 | N161: กล่อง | O161: =+M161*C161 -> 0 | P161: =IFERROR(VLOOKUP(A161,'4'!U:V,2,0),"0") -> 0 | Q161: กล่อง | R161: =+P161*C161 -> 0 | S161: =IFERROR(VLOOKUP(A161,'5'!U:V,2,0),"0") -> 0 | T161: กล่อง | U161: =+S161*C161 -> 0 | V161: =IFERROR(VLOOKUP(A161,'6'!U:V,2,0),"0") -> 0 | W161: กล่อง | X161: =+V161*C161 -> 0 | Y161: =IFERROR(VLOOKUP(A161,'7'!U:V,2,0),"0") -> 0 | Z161: กล่อง | AA161: =+Y161*C161 -> 0 | AB161: =IFERROR(VLOOKUP(A161,'8'!U:V,2,0),"0") -> 0 | AC161: กล่อง | AD161: =+AB161*C161 -> 0 | AE161: =IFERROR(VLOOKUP(A161,'9'!U:V,2,0),"0") -> 0 | AF161: กล่อง | AG161: =+AE161*C161 -> 0 | AH161: =IFERROR(VLOOKUP(A161,'10'!U:V,2,0),"0") -> 0 | AI161: กล่อง | AJ161: =+AH161*C161 -> 0 | AK161: =IFERROR(VLOOKUP(A161,'11'!U:V,2,0),"0") -> 0 | AL161: กล่อง | AM161: =+AK161*C161 -> 0 | AN161: =IFERROR(VLOOKUP(A161,'12'!U:V,2,0),"0") -> 0 | AO161: กล่อง | AP161: =+AN161*C161 -> 0 | AQ161: =IFERROR(VLOOKUP(A161,'13'!U:V,2,0),"0") -> 0 | AR161: กล่อง | AS161: =+AQ161*C161 -> 0 | AT161: =IFERROR(VLOOKUP(A161,'14'!U:V,2,0),"0") -> 0 | AU161: กล่อง | AV161: =+AT161*C161 -> 0 | AW161: =IFERROR(VLOOKUP(A161,'15'!U:V,2,0),"0") -> 0 | AX161: กล่อง | AY161: =+AW161*C161 -> 0 | AZ161: =IFERROR(VLOOKUP(A161,'16'!U:V,2,0),"0") -> 0 | BA161: กล่อง | BB161: =+AZ161*C161 -> 0 | BC161: =IFERROR(VLOOKUP(A161,'17'!U:V,2,0),"0") -> 0 | BD161: กล่อง | BE161: =+BC161*C161 -> 0 | BF161: =IFERROR(VLOOKUP(A161,'18'!U:V,2,0),"0") -> 0 | BG161: กล่อง | BH161: =+BF161*C161 -> 0 | BI161: =IFERROR(VLOOKUP(A161,'19'!U:V,2,0),"0") -> 0 | BJ161: กล่อง | BK161: =+BI161*C161 -> 0 | BL161: =IFERROR(VLOOKUP(A161,'20'!U:V,2,0),"0") -> 0 | BM161: กล่อง | BN161: =+BL161*C161 -> 0 | BO161: =IFERROR(VLOOKUP(A161,'21'!U:V,2,0),"0") -> 0 | BP161: กล่อง | BQ161: =+BO161*C161 -> 0 | BR161: =IFERROR(VLOOKUP(A161,'22'!U:V,2,0),"0") -> 0 | BS161: กล่อง | BT161: =+BR161*C161 -> 0 | BU161: =IFERROR(VLOOKUP(A161,'23'!U:V,2,0),"0") -> 0 | BV161: กล่อง | BW161: =+BU161*C161 -> 0 | BX161: =IFERROR(VLOOKUP(A161,'24'!U:V,2,0),"0") -> 0 | BY161: กล่อง | BZ161: =+BX161*C161 -> 0 | CA161: =IFERROR(VLOOKUP(A161,'25'!U:V,2,0),"0") -> 0 | CB161: กล่อง | CC161: =+CA161*C161 -> 0 | CD161: =IFERROR(VLOOKUP(A161,'26'!U:V,2,0),"0") -> 0 | CE161: กล่อง | CF161: =+CD161*C161 -> 0 | CG161: =IFERROR(VLOOKUP(A161,'27'!U:V,2,0),"0") -> 0 | CH161: กล่อง | CI161: =+CG161*C161 -> 0 | CJ161: =IFERROR(VLOOKUP(A161,'28'!U:V,2,0),"0") -> 0 | CK161: กล่อง | CL161: =+CJ161*C161 -> 0 | CM161: =IFERROR(VLOOKUP(A161,'29'!U:V,2,0),"0") -> 0 | CN161: กล่อง | CO161: =+CM161*C161 -> 0 | CP161: =IFERROR(VLOOKUP(A161,'30'!U:V,2,0),"0") -> 0 | CQ161: กล่อง | CR161: =+CP161*C161 -> 0 | CS161: =IFERROR(VLOOKUP(A161,'31'!U:V,2,0),"0") -> 0 | CT161: กล่อง | CU161: =+CS161*C161 -> 0 | CV161: =IFERROR(VLOOKUP(A161,'เซต1-31'!V:W,2,0),"0") -> 0 | CW161: กล่อง | CX161: =+CV161*CO161 -> 0
A162: บล10 | B162: เบาหวิว ล (เผือกมะพร้าว) (โปร 2 กล่อง แถม 1 กล่อง) | C162: =14.96*3 -> 44.88 | D162: =+G162+J162+M162+P162+S162+V162+Y162+AB162+AE162+AH162+AK162+AN162+AQ162+AT162+AW162+AZ162+BC162+BF162+BI162+BL162+BO162+BR162+BU162+BX162+CA162+CD162+CG162+CJ162+CM162+CP162+CS162+CV162 -> 0 | E162: กล่อง | F162: =+D162*C162 -> 0 | G162: =IFERROR(VLOOKUP(A162,'1'!U:V,2,0),"0") -> 0 | H162: กล่อง | I162: =+G162*C162 -> 0 | J162: =IFERROR(VLOOKUP(A162,'2'!U:V,2,0),"0") -> 0 | K162: กล่อง | L162: =+J162*C162 -> 0 | M162: =IFERROR(VLOOKUP(A162,'3'!U:V,2,0),"0") -> 0 | N162: กล่อง | O162: =+M162*C162 -> 0 | P162: =IFERROR(VLOOKUP(A162,'4'!U:V,2,0),"0") -> 0 | Q162: กล่อง | R162: =+P162*C162 -> 0 | S162: =IFERROR(VLOOKUP(A162,'5'!U:V,2,0),"0") -> 0 | T162: กล่อง | U162: =+S162*C162 -> 0 | V162: =IFERROR(VLOOKUP(A162,'6'!U:V,2,0),"0") -> 0 | W162: กล่อง | X162: =+V162*C162 -> 0 | Y162: =IFERROR(VLOOKUP(A162,'7'!U:V,2,0),"0") -> 0 | Z162: กล่อง | AA162: =+Y162*C162 -> 0 | AB162: =IFERROR(VLOOKUP(A162,'8'!U:V,2,0),"0") -> 0 | AC162: กล่อง | AD162: =+AB162*C162 -> 0 | AE162: =IFERROR(VLOOKUP(A162,'9'!U:V,2,0),"0") -> 0 | AF162: กล่อง | AG162: =+AE162*C162 -> 0 | AH162: =IFERROR(VLOOKUP(A162,'10'!U:V,2,0),"0") -> 0 | AI162: กล่อง | AJ162: =+AH162*C162 -> 0 | AK162: =IFERROR(VLOOKUP(A162,'11'!U:V,2,0),"0") -> 0 | AL162: กล่อง | AM162: =+AK162*C162 -> 0 | AN162: =IFERROR(VLOOKUP(A162,'12'!U:V,2,0),"0") -> 0 | AO162: กล่อง | AP162: =+AN162*C162 -> 0 | AQ162: =IFERROR(VLOOKUP(A162,'13'!U:V,2,0),"0") -> 0 | AR162: กล่อง | AS162: =+AQ162*C162 -> 0 | AT162: =IFERROR(VLOOKUP(A162,'14'!U:V,2,0),"0") -> 0 | AU162: กล่อง | AV162: =+AT162*C162 -> 0 | AW162: =IFERROR(VLOOKUP(A162,'15'!U:V,2,0),"0") -> 0 | AX162: กล่อง | AY162: =+AW162*C162 -> 0 | AZ162: =IFERROR(VLOOKUP(A162,'16'!U:V,2,0),"0") -> 0 | BA162: กล่อง | BB162: =+AZ162*C162 -> 0 | BC162: =IFERROR(VLOOKUP(A162,'17'!U:V,2,0),"0") -> 0 | BD162: กล่อง | BE162: =+BC162*C162 -> 0 | BF162: =IFERROR(VLOOKUP(A162,'18'!U:V,2,0),"0") -> 0 | BG162: กล่อง | BH162: =+BF162*C162 -> 0 | BI162: =IFERROR(VLOOKUP(A162,'19'!U:V,2,0),"0") -> 0 | BJ162: กล่อง | BK162: =+BI162*C162 -> 0 | BL162: =IFERROR(VLOOKUP(A162,'20'!U:V,2,0),"0") -> 0 | BM162: กล่อง | BN162: =+BL162*C162 -> 0 | BO162: =IFERROR(VLOOKUP(A162,'21'!U:V,2,0),"0") -> 0 | BP162: กล่อง | BQ162: =+BO162*C162 -> 0 | BR162: =IFERROR(VLOOKUP(A162,'22'!U:V,2,0),"0") -> 0 | BS162: กล่อง | BT162: =+BR162*C162 -> 0 | BU162: =IFERROR(VLOOKUP(A162,'23'!U:V,2,0),"0") -> 0 | BV162: กล่อง | BW162: =+BU162*C162 -> 0 | BX162: =IFERROR(VLOOKUP(A162,'24'!U:V,2,0),"0") -> 0 | BY162: กล่อง | BZ162: =+BX162*C162 -> 0 | CA162: =IFERROR(VLOOKUP(A162,'25'!U:V,2,0),"0") -> 0 | CB162: กล่อง | CC162: =+CA162*C162 -> 0 | CD162: =IFERROR(VLOOKUP(A162,'26'!U:V,2,0),"0") -> 0 | CE162: กล่อง | CF162: =+CD162*C162 -> 0 | CG162: =IFERROR(VLOOKUP(A162,'27'!U:V,2,0),"0") -> 0 | CH162: กล่อง | CI162: =+CG162*C162 -> 0 | CJ162: =IFERROR(VLOOKUP(A162,'28'!U:V,2,0),"0") -> 0 | CK162: กล่อง | CL162: =+CJ162*C162 -> 0 | CM162: =IFERROR(VLOOKUP(A162,'29'!U:V,2,0),"0") -> 0 | CN162: กล่อง | CO162: =+CM162*C162 -> 0 | CP162: =IFERROR(VLOOKUP(A162,'30'!U:V,2,0),"0") -> 0 | CQ162: กล่อง | CR162: =+CP162*C162 -> 0 | CS162: =IFERROR(VLOOKUP(A162,'31'!U:V,2,0),"0") -> 0 | CT162: กล่อง | CU162: =+CS162*C162 -> 0 | CV162: =IFERROR(VLOOKUP(A162,'เซต1-31'!V:W,2,0),"0") -> 0 | CW162: กล่อง | CX162: =+CV162*CO162 -> 0
A163: บล3 | B163: เบาหวิว ล (ฝอยทอง) (โปร 2 กล่อง แถม 1 กล่อง) | C163: =14.23*3 -> 42.69 | D163: =+G163+J163+M163+P163+S163+V163+Y163+AB163+AE163+AH163+AK163+AN163+AQ163+AT163+AW163+AZ163+BC163+BF163+BI163+BL163+BO163+BR163+BU163+BX163+CA163+CD163+CG163+CJ163+CM163+CP163+CS163+CV163 -> 0 | E163: กล่อง | F163: =+D163*C163 -> 0 | G163: =IFERROR(VLOOKUP(A163,'1'!U:V,2,0),"0") -> 0 | H163: กล่อง | I163: =+G163*C163 -> 0 | J163: =IFERROR(VLOOKUP(A163,'2'!U:V,2,0),"0") -> 0 | K163: กล่อง | L163: =+J163*C163 -> 0 | M163: =IFERROR(VLOOKUP(A163,'3'!U:V,2,0),"0") -> 0 | N163: กล่อง | O163: =+M163*C163 -> 0 | P163: =IFERROR(VLOOKUP(A163,'4'!U:V,2,0),"0") -> 0 | Q163: กล่อง | R163: =+P163*C163 -> 0 | S163: =IFERROR(VLOOKUP(A163,'5'!U:V,2,0),"0") -> 0 | T163: กล่อง | U163: =+S163*C163 -> 0 | V163: =IFERROR(VLOOKUP(A163,'6'!U:V,2,0),"0") -> 0 | W163: กล่อง | X163: =+V163*C163 -> 0 | Y163: =IFERROR(VLOOKUP(A163,'7'!U:V,2,0),"0") -> 0 | Z163: กล่อง | AA163: =+Y163*C163 -> 0 | AB163: =IFERROR(VLOOKUP(A163,'8'!U:V,2,0),"0") -> 0 | AC163: กล่อง | AD163: =+AB163*C163 -> 0 | AE163: =IFERROR(VLOOKUP(A163,'9'!U:V,2,0),"0") -> 0 | AF163: กล่อง | AG163: =+AE163*C163 -> 0 | AH163: =IFERROR(VLOOKUP(A163,'10'!U:V,2,0),"0") -> 0 | AI163: กล่อง | AJ163: =+AH163*C163 -> 0 | AK163: =IFERROR(VLOOKUP(A163,'11'!U:V,2,0),"0") -> 0 | AL163: กล่อง | AM163: =+AK163*C163 -> 0 | AN163: =IFERROR(VLOOKUP(A163,'12'!U:V,2,0),"0") -> 0 | AO163: กล่อง | AP163: =+AN163*C163 -> 0 | AQ163: =IFERROR(VLOOKUP(A163,'13'!U:V,2,0),"0") -> 0 | AR163: กล่อง | AS163: =+AQ163*C163 -> 0 | AT163: =IFERROR(VLOOKUP(A163,'14'!U:V,2,0),"0") -> 0 | AU163: กล่อง | AV163: =+AT163*C163 -> 0 | AW163: =IFERROR(VLOOKUP(A163,'15'!U:V,2,0),"0") -> 0 | AX163: กล่อง | AY163: =+AW163*C163 -> 0 | AZ163: =IFERROR(VLOOKUP(A163,'16'!U:V,2,0),"0") -> 0 | BA163: กล่อง | BB163: =+AZ163*C163 -> 0 | BC163: =IFERROR(VLOOKUP(A163,'17'!U:V,2,0),"0") -> 0 | BD163: กล่อง | BE163: =+BC163*C163 -> 0 | BF163: =IFERROR(VLOOKUP(A163,'18'!U:V,2,0),"0") -> 0 | BG163: กล่อง | BH163: =+BF163*C163 -> 0 | BI163: =IFERROR(VLOOKUP(A163,'19'!U:V,2,0),"0") -> 0 | BJ163: กล่อง | BK163: =+BI163*C163 -> 0 | BL163: =IFERROR(VLOOKUP(A163,'20'!U:V,2,0),"0") -> 0 | BM163: กล่อง | BN163: =+BL163*C163 -> 0 | BO163: =IFERROR(VLOOKUP(A163,'21'!U:V,2,0),"0") -> 0 | BP163: กล่อง | BQ163: =+BO163*C163 -> 0 | BR163: =IFERROR(VLOOKUP(A163,'22'!U:V,2,0),"0") -> 0 | BS163: กล่อง | BT163: =+BR163*C163 -> 0 | BU163: =IFERROR(VLOOKUP(A163,'23'!U:V,2,0),"0") -> 0 | BV163: กล่อง | BW163: =+BU163*C163 -> 0 | BX163: =IFERROR(VLOOKUP(A163,'24'!U:V,2,0),"0") -> 0 | BY163: กล่อง | BZ163: =+BX163*C163 -> 0 | CA163: =IFERROR(VLOOKUP(A163,'25'!U:V,2,0),"0") -> 0 | CB163: กล่อง | CC163: =+CA163*C163 -> 0 | CD163: =IFERROR(VLOOKUP(A163,'26'!U:V,2,0),"0") -> 0 | CE163: กล่อง | CF163: =+CD163*C163 -> 0 | CG163: =IFERROR(VLOOKUP(A163,'27'!U:V,2,0),"0") -> 0 | CH163: กล่อง | CI163: =+CG163*C163 -> 0 | CJ163: =IFERROR(VLOOKUP(A163,'28'!U:V,2,0),"0") -> 0 | CK163: กล่อง | CL163: =+CJ163*C163 -> 0 | CM163: =IFERROR(VLOOKUP(A163,'29'!U:V,2,0),"0") -> 0 | CN163: กล่อง | CO163: =+CM163*C163 -> 0 | CP163: =IFERROR(VLOOKUP(A163,'30'!U:V,2,0),"0") -> 0 | CQ163: กล่อง | CR163: =+CP163*C163 -> 0 | CS163: =IFERROR(VLOOKUP(A163,'31'!U:V,2,0),"0") -> 0 | CT163: กล่อง | CU163: =+CS163*C163 -> 0 | CV163: =IFERROR(VLOOKUP(A163,'เซต1-31'!V:W,2,0),"0") -> 0 | CW163: กล่อง | CX163: =+CV163*CO163 -> 0
A164: บล2 | B164: เบาหวิว ล (มะพร้าว) (โปร 2 กล่อง แถม 1 กล่อง) | C164: =14.89*3 -> 44.67 | D164: =+G164+J164+M164+P164+S164+V164+Y164+AB164+AE164+AH164+AK164+AN164+AQ164+AT164+AW164+AZ164+BC164+BF164+BI164+BL164+BO164+BR164+BU164+BX164+CA164+CD164+CG164+CJ164+CM164+CP164+CS164+CV164 -> 0 | E164: กล่อง | F164: =+D164*C164 -> 0 | G164: =IFERROR(VLOOKUP(A164,'1'!U:V,2,0),"0") -> 0 | H164: กล่อง | I164: =+G164*C164 -> 0 | J164: =IFERROR(VLOOKUP(A164,'2'!U:V,2,0),"0") -> 0 | K164: กล่อง | L164: =+J164*C164 -> 0 | M164: =IFERROR(VLOOKUP(A164,'3'!U:V,2,0),"0") -> 0 | N164: กล่อง | O164: =+M164*C164 -> 0 | P164: =IFERROR(VLOOKUP(A164,'4'!U:V,2,0),"0") -> 0 | Q164: กล่อง | R164: =+P164*C164 -> 0 | S164: =IFERROR(VLOOKUP(A164,'5'!U:V,2,0),"0") -> 0 | T164: กล่อง | U164: =+S164*C164 -> 0 | V164: =IFERROR(VLOOKUP(A164,'6'!U:V,2,0),"0") -> 0 | W164: กล่อง | X164: =+V164*C164 -> 0 | Y164: =IFERROR(VLOOKUP(A164,'7'!U:V,2,0),"0") -> 0 | Z164: กล่อง | AA164: =+Y164*C164 -> 0 | AB164: =IFERROR(VLOOKUP(A164,'8'!U:V,2,0),"0") -> 0 | AC164: กล่อง | AD164: =+AB164*C164 -> 0 | AE164: =IFERROR(VLOOKUP(A164,'9'!U:V,2,0),"0") -> 0 | AF164: กล่อง | AG164: =+AE164*C164 -> 0 | AH164: =IFERROR(VLOOKUP(A164,'10'!U:V,2,0),"0") -> 0 | AI164: กล่อง | AJ164: =+AH164*C164 -> 0 | AK164: =IFERROR(VLOOKUP(A164,'11'!U:V,2,0),"0") -> 0 | AL164: กล่อง | AM164: =+AK164*C164 -> 0 | AN164: =IFERROR(VLOOKUP(A164,'12'!U:V,2,0),"0") -> 0 | AO164: กล่อง | AP164: =+AN164*C164 -> 0 | AQ164: =IFERROR(VLOOKUP(A164,'13'!U:V,2,0),"0") -> 0 | AR164: กล่อง | AS164: =+AQ164*C164 -> 0 | AT164: =IFERROR(VLOOKUP(A164,'14'!U:V,2,0),"0") -> 0 | AU164: กล่อง | AV164: =+AT164*C164 -> 0 | AW164: =IFERROR(VLOOKUP(A164,'15'!U:V,2,0),"0") -> 0 | AX164: กล่อง | AY164: =+AW164*C164 -> 0 | AZ164: =IFERROR(VLOOKUP(A164,'16'!U:V,2,0),"0") -> 0 | BA164: กล่อง | BB164: =+AZ164*C164 -> 0 | BC164: =IFERROR(VLOOKUP(A164,'17'!U:V,2,0),"0") -> 0 | BD164: กล่อง | BE164: =+BC164*C164 -> 0 | BF164: =IFERROR(VLOOKUP(A164,'18'!U:V,2,0),"0") -> 0 | BG164: กล่อง | BH164: =+BF164*C164 -> 0 | BI164: =IFERROR(VLOOKUP(A164,'19'!U:V,2,0),"0") -> 0 | BJ164: กล่อง | BK164: =+BI164*C164 -> 0 | BL164: =IFERROR(VLOOKUP(A164,'20'!U:V,2,0),"0") -> 0 | BM164: กล่อง | BN164: =+BL164*C164 -> 0 | BO164: =IFERROR(VLOOKUP(A164,'21'!U:V,2,0),"0") -> 0 | BP164: กล่อง | BQ164: =+BO164*C164 -> 0 | BR164: =IFERROR(VLOOKUP(A164,'22'!U:V,2,0),"0") -> 0 | BS164: กล่อง | BT164: =+BR164*C164 -> 0 | BU164: =IFERROR(VLOOKUP(A164,'23'!U:V,2,0),"0") -> 0 | BV164: กล่อง | BW164: =+BU164*C164 -> 0 | BX164: =IFERROR(VLOOKUP(A164,'24'!U:V,2,0),"0") -> 0 | BY164: กล่อง | BZ164: =+BX164*C164 -> 0 | CA164: =IFERROR(VLOOKUP(A164,'25'!U:V,2,0),"0") -> 0 | CB164: กล่อง | CC164: =+CA164*C164 -> 0 | CD164: =IFERROR(VLOOKUP(A164,'26'!U:V,2,0),"0") -> 0 | CE164: กล่อง | CF164: =+CD164*C164 -> 0 | CG164: =IFERROR(VLOOKUP(A164,'27'!U:V,2,0),"0") -> 0 | CH164: กล่อง | CI164: =+CG164*C164 -> 0 | CJ164: =IFERROR(VLOOKUP(A164,'28'!U:V,2,0),"0") -> 0 | CK164: กล่อง | CL164: =+CJ164*C164 -> 0 | CM164: =IFERROR(VLOOKUP(A164,'29'!U:V,2,0),"0") -> 0 | CN164: กล่อง | CO164: =+CM164*C164 -> 0 | CP164: =IFERROR(VLOOKUP(A164,'30'!U:V,2,0),"0") -> 0 | CQ164: กล่อง | CR164: =+CP164*C164 -> 0 | CS164: =IFERROR(VLOOKUP(A164,'31'!U:V,2,0),"0") -> 0 | CT164: กล่อง | CU164: =+CS164*C164 -> 0 | CV164: =IFERROR(VLOOKUP(A164,'เซต1-31'!V:W,2,0),"0") -> 0 | CW164: กล่อง | CX164: =+CV164*CO164 -> 0
A165: 1112011-B | B165: เค้กเบาหวิวเล็ก 1กล่องขนาด 100 กรัม หอม นุ่ม สดใหม่ ของฝากปีใหม่ | C165: 14.96 | D165: =+G165+J165+M165+P165+S165+V165+Y165+AB165+AE165+AH165+AK165+AN165+AQ165+AT165+AW165+AZ165+BC165+BF165+BI165+BL165+BO165+BR165+BU165+BX165+CA165+CD165+CG165+CJ165+CM165+CP165+CS165+CV165 -> 0 | E165: กล่อง | F165: =+D165*C165 -> 0 | G165: =IFERROR(VLOOKUP(A165,'1'!U:V,2,0),"0") -> 0 | H165: กล่อง | I165: =+G165*C165 -> 0 | J165: =IFERROR(VLOOKUP(A165,'2'!U:V,2,0),"0") -> 0 | K165: กล่อง | L165: =+J165*C165 -> 0 | M165: =IFERROR(VLOOKUP(A165,'3'!U:V,2,0),"0") -> 0 | N165: กล่อง | O165: =+M165*C165 -> 0 | P165: =IFERROR(VLOOKUP(A165,'4'!U:V,2,0),"0") -> 0 | Q165: กล่อง | R165: =+P165*C165 -> 0 | S165: =IFERROR(VLOOKUP(A165,'5'!U:V,2,0),"0") -> 0 | T165: กล่อง | U165: =+S165*C165 -> 0 | V165: =IFERROR(VLOOKUP(A165,'6'!U:V,2,0),"0") -> 0 | W165: กล่อง | X165: =+V165*C165 -> 0 | Y165: =IFERROR(VLOOKUP(A165,'7'!U:V,2,0),"0") -> 0 | Z165: กล่อง | AA165: =+Y165*C165 -> 0 | AB165: =IFERROR(VLOOKUP(A165,'8'!U:V,2,0),"0") -> 0 | AC165: กล่อง | AD165: =+AB165*C165 -> 0 | AE165: =IFERROR(VLOOKUP(A165,'9'!U:V,2,0),"0") -> 0 | AF165: กล่อง | AG165: =+AE165*C165 -> 0 | AH165: =IFERROR(VLOOKUP(A165,'10'!U:V,2,0),"0") -> 0 | AI165: กล่อง | AJ165: =+AH165*C165 -> 0 | AK165: =IFERROR(VLOOKUP(A165,'11'!U:V,2,0),"0") -> 0 | AL165: กล่อง | AM165: =+AK165*C165 -> 0 | AN165: =IFERROR(VLOOKUP(A165,'12'!U:V,2,0),"0") -> 0 | AO165: กล่อง | AP165: =+AN165*C165 -> 0 | AQ165: =IFERROR(VLOOKUP(A165,'13'!U:V,2,0),"0") -> 0 | AR165: กล่อง | AS165: =+AQ165*C165 -> 0 | AT165: =IFERROR(VLOOKUP(A165,'14'!U:V,2,0),"0") -> 0 | AU165: กล่อง | AV165: =+AT165*C165 -> 0 | AW165: =IFERROR(VLOOKUP(A165,'15'!U:V,2,0),"0") -> 0 | AX165: กล่อง | AY165: =+AW165*C165 -> 0 | AZ165: =IFERROR(VLOOKUP(A165,'16'!U:V,2,0),"0") -> 0 | BA165: กล่อง | BB165: =+AZ165*C165 -> 0 | BC165: =IFERROR(VLOOKUP(A165,'17'!U:V,2,0),"0") -> 0 | BD165: กล่อง | BE165: =+BC165*C165 -> 0 | BF165: =IFERROR(VLOOKUP(A165,'18'!U:V,2,0),"0") -> 0 | BG165: กล่อง | BH165: =+BF165*C165 -> 0 | BI165: =IFERROR(VLOOKUP(A165,'19'!U:V,2,0),"0") -> 0 | BJ165: กล่อง | BK165: =+BI165*C165 -> 0 | BL165: =IFERROR(VLOOKUP(A165,'20'!U:V,2,0),"0") -> 0 | BM165: กล่อง | BN165: =+BL165*C165 -> 0 | BO165: =IFERROR(VLOOKUP(A165,'21'!U:V,2,0),"0") -> 0 | BP165: กล่อง | BQ165: =+BO165*C165 -> 0 | BR165: =IFERROR(VLOOKUP(A165,'22'!U:V,2,0),"0") -> 0 | BS165: กล่อง | BT165: =+BR165*C165 -> 0 | BU165: =IFERROR(VLOOKUP(A165,'23'!U:V,2,0),"0") -> 0 | BV165: กล่อง | BW165: =+BU165*C165 -> 0 | BX165: =IFERROR(VLOOKUP(A165,'24'!U:V,2,0),"0") -> 0 | BY165: กล่อง | BZ165: =+BX165*C165 -> 0 | CA165: =IFERROR(VLOOKUP(A165,'25'!U:V,2,0),"0") -> 0 | CB165: กล่อง | CC165: =+CA165*C165 -> 0 | CD165: =IFERROR(VLOOKUP(A165,'26'!U:V,2,0),"0") -> 0 | CE165: กล่อง | CF165: =+CD165*C165 -> 0 | CG165: =IFERROR(VLOOKUP(A165,'27'!U:V,2,0),"0") -> 0 | CH165: กล่อง | CI165: =+CG165*C165 -> 0 | CJ165: =IFERROR(VLOOKUP(A165,'28'!U:V,2,0),"0") -> 0 | CK165: กล่อง | CL165: =+CJ165*C165 -> 0 | CM165: =IFERROR(VLOOKUP(A165,'29'!U:V,2,0),"0") -> 0 | CN165: กล่อง | CO165: =+CM165*C165 -> 0 | CP165: =IFERROR(VLOOKUP(A165,'30'!U:V,2,0),"0") -> 0 | CQ165: กล่อง | CR165: =+CP165*C165 -> 0 | CS165: =IFERROR(VLOOKUP(A165,'31'!U:V,2,0),"0") -> 0 | CT165: กล่อง | CU165: =+CS165*C165 -> 0 | CV165: =IFERROR(VLOOKUP(A165,'เซต1-31'!V:W,2,0),"0") -> 0 | CW165: กล่อง | CX165: =+CV165*CO165 -> 0
A166: 1112009-B | B166: เบาหวิว 110 กรัม ของฝากวรรณวนัช เจ้าดัง ของฝากปีใหม่ (มะพร้าว) | C166: 14.89 | D166: =+G166+J166+M166+P166+S166+V166+Y166+AB166+AE166+AH166+AK166+AN166+AQ166+AT166+AW166+AZ166+BC166+BF166+BI166+BL166+BO166+BR166+BU166+BX166+CA166+CD166+CG166+CJ166+CM166+CP166+CS166+CV166 -> 0 | E166: กล่อง | F166: =+D166*C166 -> 0 | G166: =IFERROR(VLOOKUP(A166,'1'!U:V,2,0),"0") -> 0 | H166: กล่อง | I166: =+G166*C166 -> 0 | J166: =IFERROR(VLOOKUP(A166,'2'!U:V,2,0),"0") -> 0 | K166: กล่อง | L166: =+J166*C166 -> 0 | M166: =IFERROR(VLOOKUP(A166,'3'!U:V,2,0),"0") -> 0 | N166: กล่อง | O166: =+M166*C166 -> 0 | P166: =IFERROR(VLOOKUP(A166,'4'!U:V,2,0),"0") -> 0 | Q166: กล่อง | R166: =+P166*C166 -> 0 | S166: =IFERROR(VLOOKUP(A166,'5'!U:V,2,0),"0") -> 0 | T166: กล่อง | U166: =+S166*C166 -> 0 | V166: =IFERROR(VLOOKUP(A166,'6'!U:V,2,0),"0") -> 0 | W166: กล่อง | X166: =+V166*C166 -> 0 | Y166: =IFERROR(VLOOKUP(A166,'7'!U:V,2,0),"0") -> 0 | Z166: กล่อง | AA166: =+Y166*C166 -> 0 | AB166: =IFERROR(VLOOKUP(A166,'8'!U:V,2,0),"0") -> 0 | AC166: กล่อง | AD166: =+AB166*C166 -> 0 | AE166: =IFERROR(VLOOKUP(A166,'9'!U:V,2,0),"0") -> 0 | AF166: กล่อง | AG166: =+AE166*C166 -> 0 | AH166: =IFERROR(VLOOKUP(A166,'10'!U:V,2,0),"0") -> 0 | AI166: กล่อง | AJ166: =+AH166*C166 -> 0 | AK166: =IFERROR(VLOOKUP(A166,'11'!U:V,2,0),"0") -> 0 | AL166: กล่อง | AM166: =+AK166*C166 -> 0 | AN166: =IFERROR(VLOOKUP(A166,'12'!U:V,2,0),"0") -> 0 | AO166: กล่อง | AP166: =+AN166*C166 -> 0 | AQ166: =IFERROR(VLOOKUP(A166,'13'!U:V,2,0),"0") -> 0 | AR166: กล่อง | AS166: =+AQ166*C166 -> 0 | AT166: =IFERROR(VLOOKUP(A166,'14'!U:V,2,0),"0") -> 0 | AU166: กล่อง | AV166: =+AT166*C166 -> 0 | AW166: =IFERROR(VLOOKUP(A166,'15'!U:V,2,0),"0") -> 0 | AX166: กล่อง | AY166: =+AW166*C166 -> 0 | AZ166: =IFERROR(VLOOKUP(A166,'16'!U:V,2,0),"0") -> 0 | BA166: กล่อง | BB166: =+AZ166*C166 -> 0 | BC166: =IFERROR(VLOOKUP(A166,'17'!U:V,2,0),"0") -> 0 | BD166: กล่อง | BE166: =+BC166*C166 -> 0 | BF166: =IFERROR(VLOOKUP(A166,'18'!U:V,2,0),"0") -> 0 | BG166: กล่อง | BH166: =+BF166*C166 -> 0 | BI166: =IFERROR(VLOOKUP(A166,'19'!U:V,2,0),"0") -> 0 | BJ166: กล่อง | BK166: =+BI166*C166 -> 0 | BL166: =IFERROR(VLOOKUP(A166,'20'!U:V,2,0),"0") -> 0 | BM166: กล่อง | BN166: =+BL166*C166 -> 0 | BO166: =IFERROR(VLOOKUP(A166,'21'!U:V,2,0),"0") -> 0 | BP166: กล่อง | BQ166: =+BO166*C166 -> 0 | BR166: =IFERROR(VLOOKUP(A166,'22'!U:V,2,0),"0") -> 0 | BS166: กล่อง | BT166: =+BR166*C166 -> 0 | BU166: =IFERROR(VLOOKUP(A166,'23'!U:V,2,0),"0") -> 0 | BV166: กล่อง | BW166: =+BU166*C166 -> 0 | BX166: =IFERROR(VLOOKUP(A166,'24'!U:V,2,0),"0") -> 0 | BY166: กล่อง | BZ166: =+BX166*C166 -> 0 | CA166: =IFERROR(VLOOKUP(A166,'25'!U:V,2,0),"0") -> 0 | CB166: กล่อง | CC166: =+CA166*C166 -> 0 | CD166: =IFERROR(VLOOKUP(A166,'26'!U:V,2,0),"0") -> 0 | CE166: กล่อง | CF166: =+CD166*C166 -> 0 | CG166: =IFERROR(VLOOKUP(A166,'27'!U:V,2,0),"0") -> 0 | CH166: กล่อง | CI166: =+CG166*C166 -> 0 | CJ166: =IFERROR(VLOOKUP(A166,'28'!U:V,2,0),"0") -> 0 | CK166: กล่อง | CL166: =+CJ166*C166 -> 0 | CM166: =IFERROR(VLOOKUP(A166,'29'!U:V,2,0),"0") -> 0 | CN166: กล่อง | CO166: =+CM166*C166 -> 0 | CP166: =IFERROR(VLOOKUP(A166,'30'!U:V,2,0),"0") -> 0 | CQ166: กล่อง | CR166: =+CP166*C166 -> 0 | CS166: =IFERROR(VLOOKUP(A166,'31'!U:V,2,0),"0") -> 0 | CT166: กล่อง | CU166: =+CS166*C166 -> 0 | CV166: =IFERROR(VLOOKUP(A166,'เซต1-31'!V:W,2,0),"0") -> 0 | CW166: กล่อง | CX166: =+CV166*CO166 -> 0
A167: เปี๊ยะ 3รส | B167: วรรณวนัช ขนมเปี๊ยะ ไส้ทะลัก ฝอยทอง ไข่แดงเค็ม ขนาด 450กรัม จำนวน 3กล่อง รวมรส (ค่าเริ่มต้น) | C167: 205.42 | D167: =+G167+J167+M167+P167+S167+V167+Y167+AB167+AE167+AH167+AK167+AN167+AQ167+AT167+AW167+AZ167+BC167+BF167+BI167+BL167+BO167+BR167+BU167+BX167+CA167+CD167+CG167+CJ167+CM167+CP167+CS167+CV167 -> 0 | E167: กล่อง | F167: =+D167*C167 -> 0 | G167: =IFERROR(VLOOKUP(A167,'1'!U:V,2,0),"0") -> 0 | H167: กล่อง | I167: =+G167*C167 -> 0 | J167: =IFERROR(VLOOKUP(A167,'2'!U:V,2,0),"0") -> 0 | K167: กล่อง | L167: =+J167*C167 -> 0 | M167: =IFERROR(VLOOKUP(A167,'3'!U:V,2,0),"0") -> 0 | N167: กล่อง | O167: =+M167*C167 -> 0 | P167: =IFERROR(VLOOKUP(A167,'4'!U:V,2,0),"0") -> 0 | Q167: กล่อง | R167: =+P167*C167 -> 0 | S167: =IFERROR(VLOOKUP(A167,'5'!U:V,2,0),"0") -> 0 | T167: กล่อง | U167: =+S167*C167 -> 0 | V167: =IFERROR(VLOOKUP(A167,'6'!U:V,2,0),"0") -> 0 | W167: กล่อง | X167: =+V167*C167 -> 0 | Y167: =IFERROR(VLOOKUP(A167,'7'!U:V,2,0),"0") -> 0 | Z167: กล่อง | AA167: =+Y167*C167 -> 0 | AB167: =IFERROR(VLOOKUP(A167,'8'!U:V,2,0),"0") -> 0 | AC167: กล่อง | AD167: =+AB167*C167 -> 0 | AE167: =IFERROR(VLOOKUP(A167,'9'!U:V,2,0),"0") -> 0 | AF167: กล่อง | AG167: =+AE167*C167 -> 0 | AH167: =IFERROR(VLOOKUP(A167,'10'!U:V,2,0),"0") -> 0 | AI167: กล่อง | AJ167: =+AH167*C167 -> 0 | AK167: =IFERROR(VLOOKUP(A167,'11'!U:V,2,0),"0") -> 0 | AL167: กล่อง | AM167: =+AK167*C167 -> 0 | AN167: =IFERROR(VLOOKUP(A167,'12'!U:V,2,0),"0") -> 0 | AO167: กล่อง | AP167: =+AN167*C167 -> 0 | AQ167: =IFERROR(VLOOKUP(A167,'13'!U:V,2,0),"0") -> 0 | AR167: กล่อง | AS167: =+AQ167*C167 -> 0 | AT167: =IFERROR(VLOOKUP(A167,'14'!U:V,2,0),"0") -> 0 | AU167: กล่อง | AV167: =+AT167*C167 -> 0 | AW167: =IFERROR(VLOOKUP(A167,'15'!U:V,2,0),"0") -> 0 | AX167: กล่อง | AY167: =+AW167*C167 -> 0 | AZ167: =IFERROR(VLOOKUP(A167,'16'!U:V,2,0),"0") -> 0 | BA167: กล่อง | BB167: =+AZ167*C167 -> 0 | BC167: =IFERROR(VLOOKUP(A167,'17'!U:V,2,0),"0") -> 0 | BD167: กล่อง | BE167: =+BC167*C167 -> 0 | BF167: =IFERROR(VLOOKUP(A167,'18'!U:V,2,0),"0") -> 0 | BG167: กล่อง | BH167: =+BF167*C167 -> 0 | BI167: =IFERROR(VLOOKUP(A167,'19'!U:V,2,0),"0") -> 0 | BJ167: กล่อง | BK167: =+BI167*C167 -> 0 | BL167: =IFERROR(VLOOKUP(A167,'20'!U:V,2,0),"0") -> 0 | BM167: กล่อง | BN167: =+BL167*C167 -> 0 | BO167: =IFERROR(VLOOKUP(A167,'21'!U:V,2,0),"0") -> 0 | BP167: กล่อง | BQ167: =+BO167*C167 -> 0 | BR167: =IFERROR(VLOOKUP(A167,'22'!U:V,2,0),"0") -> 0 | BS167: กล่อง | BT167: =+BR167*C167 -> 0 | BU167: =IFERROR(VLOOKUP(A167,'23'!U:V,2,0),"0") -> 0 | BV167: กล่อง | BW167: =+BU167*C167 -> 0 | BX167: =IFERROR(VLOOKUP(A167,'24'!U:V,2,0),"0") -> 0 | BY167: กล่อง | BZ167: =+BX167*C167 -> 0 | CA167: =IFERROR(VLOOKUP(A167,'25'!U:V,2,0),"0") -> 0 | CB167: กล่อง | CC167: =+CA167*C167 -> 0 | CD167: =IFERROR(VLOOKUP(A167,'26'!U:V,2,0),"0") -> 0 | CE167: กล่อง | CF167: =+CD167*C167 -> 0 | CG167: =IFERROR(VLOOKUP(A167,'27'!U:V,2,0),"0") -> 0 | CH167: กล่อง | CI167: =+CG167*C167 -> 0 | CJ167: =IFERROR(VLOOKUP(A167,'28'!U:V,2,0),"0") -> 0 | CK167: กล่อง | CL167: =+CJ167*C167 -> 0 | CM167: =IFERROR(VLOOKUP(A167,'29'!U:V,2,0),"0") -> 0 | CN167: กล่อง | CO167: =+CM167*C167 -> 0 | CP167: =IFERROR(VLOOKUP(A167,'30'!U:V,2,0),"0") -> 0 | CQ167: กล่อง | CR167: =+CP167*C167 -> 0 | CS167: =IFERROR(VLOOKUP(A167,'31'!U:V,2,0),"0") -> 0 | CT167: กล่อง | CU167: =+CS167*C167 -> 0 | CV167: =IFERROR(VLOOKUP(A167,'เซต1-31'!V:W,2,0),"0") -> 0 | CW167: กล่อง | CX167: =+CV167*CO167 -> 0
A168: โปรสารทจีน | B168: เซ็ตขนมเปี๊ยะ ไส้ทะลัก ขนาด 450 กรัม รวมรส | C168: 205.42 | D168: =+G168+J168+M168+P168+S168+V168+Y168+AB168+AE168+AH168+AK168+AN168+AQ168+AT168+AW168+AZ168+BC168+BF168+BI168+BL168+BO168+BR168+BU168+BX168+CA168+CD168+CG168+CJ168+CM168+CP168+CS168+CV168 -> 0 | E168: เซต | F168: =+D168*C168 -> 0 | G168: =IFERROR(VLOOKUP(A168,'1'!U:V,2,0),"0") -> 0 | H168: เซต | I168: =+G168*C168 -> 0 | J168: =IFERROR(VLOOKUP(A168,'2'!U:V,2,0),"0") -> 0 | K168: เซต | L168: =+J168*C168 -> 0 | M168: =IFERROR(VLOOKUP(A168,'3'!U:V,2,0),"0") -> 0 | N168: เซต | O168: =+M168*C168 -> 0 | P168: =IFERROR(VLOOKUP(A168,'4'!U:V,2,0),"0") -> 0 | Q168: เซต | R168: =+P168*C168 -> 0 | S168: =IFERROR(VLOOKUP(A168,'5'!U:V,2,0),"0") -> 0 | T168: เซต | U168: =+S168*C168 -> 0 | V168: =IFERROR(VLOOKUP(A168,'6'!U:V,2,0),"0") -> 0 | W168: เซต | X168: =+V168*C168 -> 0 | Y168: =IFERROR(VLOOKUP(A168,'7'!U:V,2,0),"0") -> 0 | Z168: เซต | AA168: =+Y168*C168 -> 0 | AB168: =IFERROR(VLOOKUP(A168,'8'!U:V,2,0),"0") -> 0 | AC168: เซต | AD168: =+AB168*C168 -> 0 | AE168: =IFERROR(VLOOKUP(A168,'9'!U:V,2,0),"0") -> 0 | AF168: เซต | AG168: =+AE168*C168 -> 0 | AH168: =IFERROR(VLOOKUP(A168,'10'!U:V,2,0),"0") -> 0 | AI168: เซต | AJ168: =+AH168*C168 -> 0 | AK168: =IFERROR(VLOOKUP(A168,'11'!U:V,2,0),"0") -> 0 | AL168: เซต | AM168: =+AK168*C168 -> 0 | AN168: =IFERROR(VLOOKUP(A168,'12'!U:V,2,0),"0") -> 0 | AO168: เซต | AP168: =+AN168*C168 -> 0 | AQ168: =IFERROR(VLOOKUP(A168,'13'!U:V,2,0),"0") -> 0 | AR168: เซต | AS168: =+AQ168*C168 -> 0 | AT168: =IFERROR(VLOOKUP(A168,'14'!U:V,2,0),"0") -> 0 | AU168: เซต | AV168: =+AT168*C168 -> 0 | AW168: =IFERROR(VLOOKUP(A168,'15'!U:V,2,0),"0") -> 0 | AX168: เซต | AY168: =+AW168*C168 -> 0 | AZ168: =IFERROR(VLOOKUP(A168,'16'!U:V,2,0),"0") -> 0 | BA168: เซต | BB168: =+AZ168*C168 -> 0 | BC168: =IFERROR(VLOOKUP(A168,'17'!U:V,2,0),"0") -> 0 | BD168: เซต | BE168: =+BC168*C168 -> 0 | BF168: =IFERROR(VLOOKUP(A168,'18'!U:V,2,0),"0") -> 0 | BG168: เซต | BH168: =+BF168*C168 -> 0 | BI168: =IFERROR(VLOOKUP(A168,'19'!U:V,2,0),"0") -> 0 | BJ168: เซต | BK168: =+BI168*C168 -> 0 | BL168: =IFERROR(VLOOKUP(A168,'20'!U:V,2,0),"0") -> 0 | BM168: เซต | BN168: =+BL168*C168 -> 0 | BO168: =IFERROR(VLOOKUP(A168,'21'!U:V,2,0),"0") -> 0 | BP168: เซต | BQ168: =+BO168*C168 -> 0 | BR168: =IFERROR(VLOOKUP(A168,'22'!U:V,2,0),"0") -> 0 | BS168: เซต | BT168: =+BR168*C168 -> 0 | BU168: =IFERROR(VLOOKUP(A168,'23'!U:V,2,0),"0") -> 0 | BV168: เซต | BW168: =+BU168*C168 -> 0 | BX168: =IFERROR(VLOOKUP(A168,'24'!U:V,2,0),"0") -> 0 | BY168: เซต | BZ168: =+BX168*C168 -> 0 | CA168: =IFERROR(VLOOKUP(A168,'25'!U:V,2,0),"0") -> 0 | CB168: เซต | CC168: =+CA168*C168 -> 0 | CD168: =IFERROR(VLOOKUP(A168,'26'!U:V,2,0),"0") -> 0 | CE168: เซต | CF168: =+CD168*C168 -> 0 | CG168: =IFERROR(VLOOKUP(A168,'27'!U:V,2,0),"0") -> 0 | CH168: เซต | CI168: =+CG168*C168 -> 0 | CJ168: =IFERROR(VLOOKUP(A168,'28'!U:V,2,0),"0") -> 0 | CK168: เซต | CL168: =+CJ168*C168 -> 0 | CM168: =IFERROR(VLOOKUP(A168,'29'!U:V,2,0),"0") -> 0 | CN168: เซต | CO168: =+CM168*C168 -> 0 | CP168: =IFERROR(VLOOKUP(A168,'30'!U:V,2,0),"0") -> 0 | CQ168: เซต | CR168: =+CP168*C168 -> 0 | CS168: =IFERROR(VLOOKUP(A168,'31'!U:V,2,0),"0") -> 0 | CT168: เซต | CU168: =+CS168*C168 -> 0 | CV168: =IFERROR(VLOOKUP(A168,'เซต1-31'!V:W,2,0),"0") -> 0 | CW168: เซต | CX168: =+CV168*CO168 -> 0
A169: 1113221 | B169: ทิรามิสุ | C169: =18.85+0.01 -> 18.86 | D169: =+G169+J169+M169+P169+S169+V169+Y169+AB169+AE169+AH169+AK169+AN169+AQ169+AT169+AW169+AZ169+BC169+BF169+BI169+BL169+BO169+BR169+BU169+BX169+CA169+CD169+CG169+CJ169+CM169+CP169+CS169+CV169 -> 0 | E169: ชิ้น | F169: =+D169*C169 -> 0 | G169: =IFERROR(VLOOKUP(A169,'1'!U:V,2,0),"0") -> 0 | H169: ชิ้น | I169: =+G169*C169 -> 0 | J169: =IFERROR(VLOOKUP(A169,'2'!U:V,2,0),"0") -> 0 | K169: ชิ้น | L169: =+J169*C169 -> 0 | M169: =IFERROR(VLOOKUP(A169,'3'!U:V,2,0),"0") -> 0 | N169: ชิ้น | O169: =+M169*C169 -> 0 | P169: =IFERROR(VLOOKUP(A169,'4'!U:V,2,0),"0") -> 0 | Q169: ชิ้น | R169: =+P169*C169 -> 0 | S169: =IFERROR(VLOOKUP(A169,'5'!U:V,2,0),"0") -> 0 | T169: ชิ้น | U169: =+S169*C169 -> 0 | V169: =IFERROR(VLOOKUP(A169,'6'!U:V,2,0),"0") -> 0 | W169: ชิ้น | X169: =+V169*C169 -> 0 | Y169: =IFERROR(VLOOKUP(A169,'7'!U:V,2,0),"0") -> 0 | Z169: ชิ้น | AA169: =+Y169*C169 -> 0 | AB169: =IFERROR(VLOOKUP(A169,'8'!U:V,2,0),"0") -> 0 | AC169: ชิ้น | AD169: =+AB169*C169 -> 0 | AE169: =IFERROR(VLOOKUP(A169,'9'!U:V,2,0),"0") -> 0 | AF169: ชิ้น | AG169: =+AE169*C169 -> 0 | AH169: =IFERROR(VLOOKUP(A169,'10'!U:V,2,0),"0") -> 0 | AI169: ชิ้น | AJ169: =+AH169*C169 -> 0 | AK169: =IFERROR(VLOOKUP(A169,'11'!U:V,2,0),"0") -> 0 | AL169: ชิ้น | AM169: =+AK169*C169 -> 0 | AN169: =IFERROR(VLOOKUP(A169,'12'!U:V,2,0),"0") -> 0 | AO169: ชิ้น | AP169: =+AN169*C169 -> 0 | AQ169: =IFERROR(VLOOKUP(A169,'13'!U:V,2,0),"0") -> 0 | AR169: ชิ้น | AS169: =+AQ169*C169 -> 0 | AT169: =IFERROR(VLOOKUP(A169,'14'!U:V,2,0),"0") -> 0 | AU169: ชิ้น | AV169: =+AT169*C169 -> 0 | AW169: =IFERROR(VLOOKUP(A169,'15'!U:V,2,0),"0") -> 0 | AX169: ชิ้น | AY169: =+AW169*C169 -> 0 | AZ169: =IFERROR(VLOOKUP(A169,'16'!U:V,2,0),"0") -> 0 | BA169: ชิ้น | BB169: =+AZ169*C169 -> 0 | BC169: =IFERROR(VLOOKUP(A169,'17'!U:V,2,0),"0") -> 0 | BD169: ชิ้น | BE169: =+BC169*C169 -> 0 | BF169: =IFERROR(VLOOKUP(A169,'18'!U:V,2,0),"0") -> 0 | BG169: ชิ้น | BH169: =+BF169*C169 -> 0 | BI169: =IFERROR(VLOOKUP(A169,'19'!U:V,2,0),"0") -> 0 | BJ169: ชิ้น | BK169: =+BI169*C169 -> 0 | BL169: =IFERROR(VLOOKUP(A169,'20'!U:V,2,0),"0") -> 0 | BM169: ชิ้น | BN169: =+BL169*C169 -> 0 | BO169: =IFERROR(VLOOKUP(A169,'21'!U:V,2,0),"0") -> 0 | BP169: ชิ้น | BQ169: =+BO169*C169 -> 0 | BR169: =IFERROR(VLOOKUP(A169,'22'!U:V,2,0),"0") -> 0 | BS169: ชิ้น | BT169: =+BR169*C169 -> 0 | BU169: =IFERROR(VLOOKUP(A169,'23'!U:V,2,0),"0") -> 0 | BV169: ชิ้น | BW169: =+BU169*C169 -> 0 | BX169: =IFERROR(VLOOKUP(A169,'24'!U:V,2,0),"0") -> 0 | BY169: ชิ้น | BZ169: =+BX169*C169 -> 0 | CA169: =IFERROR(VLOOKUP(A169,'25'!U:V,2,0),"0") -> 0 | CB169: ชิ้น | CC169: =+CA169*C169 -> 0 | CD169: =IFERROR(VLOOKUP(A169,'26'!U:V,2,0),"0") -> 0 | CE169: ชิ้น | CF169: =+CD169*C169 -> 0 | CG169: =IFERROR(VLOOKUP(A169,'27'!U:V,2,0),"0") -> 0 | CH169: ชิ้น | CI169: =+CG169*C169 -> 0 | CJ169: =IFERROR(VLOOKUP(A169,'28'!U:V,2,0),"0") -> 0 | CK169: ชิ้น | CL169: =+CJ169*C169 -> 0 | CM169: =IFERROR(VLOOKUP(A169,'29'!U:V,2,0),"0") -> 0 | CN169: ชิ้น | CO169: =+CM169*C169 -> 0 | CP169: =IFERROR(VLOOKUP(A169,'30'!U:V,2,0),"0") -> 0 | CQ169: ชิ้น | CR169: =+CP169*C169 -> 0 | CS169: =IFERROR(VLOOKUP(A169,'31'!U:V,2,0),"0") -> 0 | CT169: ชิ้น | CU169: =+CS169*C169 -> 0 | CV169: =IFERROR(VLOOKUP(A169,'เซต1-31'!V:W,2,0),"0") -> 0 | CW169: ชิ้น | CX169: =+CV169*CO169 -> 0
A170: เศษปัง5โล | B170: เศษขนมปังปลา5กก. | C170: =15*5 -> 75 | D170: =+G170+J170+M170+P170+S170+V170+Y170+AB170+AE170+AH170+AK170+AN170+AQ170+AT170+AW170+AZ170+BC170+BF170+BI170+BL170+BO170+BR170+BU170+BX170+CA170+CD170+CG170+CJ170+CM170+CP170+CS170+CV170 -> 66 | E170: กิโลกรัม | F170: =+D170*C170 -> 4950 | G170: =IFERROR(VLOOKUP(A170,'1'!U:V,2,0),"0") -> 1 | H170: กิโลกรัม | I170: =+G170*C170 -> 75 | J170: =IFERROR(VLOOKUP(A170,'2'!U:V,2,0),"0") -> 0 | K170: กิโลกรัม | L170: =+J170*C170 -> 0 | M170: =IFERROR(VLOOKUP(A170,'3'!U:V,2,0),"0") -> 3 | N170: กิโลกรัม | O170: =+M170*C170 -> 225 | P170: =IFERROR(VLOOKUP(A170,'4'!U:V,2,0),"0") -> 3 | Q170: กิโลกรัม | R170: =+P170*C170 -> 225 | S170: =IFERROR(VLOOKUP(A170,'5'!U:V,2,0),"0") -> 3 | T170: กิโลกรัม | U170: =+S170*C170 -> 225 | V170: =IFERROR(VLOOKUP(A170,'6'!U:V,2,0),"0") -> 0 | W170: กิโลกรัม | X170: =+V170*C170 -> 0 | Y170: =IFERROR(VLOOKUP(A170,'7'!U:V,2,0),"0") -> 1 | Z170: กิโลกรัม | AA170: =+Y170*C170 -> 75 | AB170: =IFERROR(VLOOKUP(A170,'8'!U:V,2,0),"0") -> 0 | AC170: กิโลกรัม | AD170: =+AB170*C170 -> 0 | AE170: =IFERROR(VLOOKUP(A170,'9'!U:V,2,0),"0") -> 4 | AF170: กิโลกรัม | AG170: =+AE170*C170 -> 300 | AH170: =IFERROR(VLOOKUP(A170,'10'!U:V,2,0),"0") -> 3 | AI170: กิโลกรัม | AJ170: =+AH170*C170 -> 225 | AK170: =IFERROR(VLOOKUP(A170,'11'!U:V,2,0),"0") -> 0 | AL170: กิโลกรัม | AM170: =+AK170*C170 -> 0 | AN170: =IFERROR(VLOOKUP(A170,'12'!U:V,2,0),"0") -> 0 | AO170: กิโลกรัม | AP170: =+AN170*C170 -> 0 | AQ170: =IFERROR(VLOOKUP(A170,'13'!U:V,2,0),"0") -> 6 | AR170: กิโลกรัม | AS170: =+AQ170*C170 -> 450 | AT170: =IFERROR(VLOOKUP(A170,'14'!U:V,2,0),"0") -> 1 | AU170: กิโลกรัม | AV170: =+AT170*C170 -> 75 | AW170: =IFERROR(VLOOKUP(A170,'15'!U:V,2,0),"0") -> 2 | AX170: กิโลกรัม | AY170: =+AW170*C170 -> 150 | AZ170: =IFERROR(VLOOKUP(A170,'16'!U:V,2,0),"0") -> 0 | BA170: กิโลกรัม | BB170: =+AZ170*C170 -> 0 | BC170: =IFERROR(VLOOKUP(A170,'17'!U:V,2,0),"0") -> 1 | BD170: กิโลกรัม | BE170: =+BC170*C170 -> 75 | BF170: =IFERROR(VLOOKUP(A170,'18'!U:V,2,0),"0") -> 0 | BG170: กิโลกรัม | BH170: =+BF170*C170 -> 0 | BI170: =IFERROR(VLOOKUP(A170,'19'!U:V,2,0),"0") -> 0 | BJ170: กิโลกรัม | BK170: =+BI170*C170 -> 0 | BL170: =IFERROR(VLOOKUP(A170,'20'!U:V,2,0),"0") -> 8 | BM170: กิโลกรัม | BN170: =+BL170*C170 -> 600 | BO170: =IFERROR(VLOOKUP(A170,'21'!U:V,2,0),"0") -> 7 | BP170: กิโลกรัม | BQ170: =+BO170*C170 -> 525 | BR170: =IFERROR(VLOOKUP(A170,'22'!U:V,2,0),"0") -> 0 | BS170: กิโลกรัม | BT170: =+BR170*C170 -> 0 | BU170: =IFERROR(VLOOKUP(A170,'23'!U:V,2,0),"0") -> 1 | BV170: กิโลกรัม | BW170: =+BU170*C170 -> 75 | BX170: =IFERROR(VLOOKUP(A170,'24'!U:V,2,0),"0") -> 2 | BY170: กิโลกรัม | BZ170: =+BX170*C170 -> 150 | CA170: =IFERROR(VLOOKUP(A170,'25'!U:V,2,0),"0") -> 2 | CB170: กิโลกรัม | CC170: =+CA170*C170 -> 150 | CD170: =IFERROR(VLOOKUP(A170,'26'!U:V,2,0),"0") -> 4 | CE170: กิโลกรัม | CF170: =+CD170*C170 -> 300 | CG170: =IFERROR(VLOOKUP(A170,'27'!U:V,2,0),"0") -> 7 | CH170: กิโลกรัม | CI170: =+CG170*C170 -> 525 | CJ170: =IFERROR(VLOOKUP(A170,'28'!U:V,2,0),"0") -> 2 | CK170: กิโลกรัม | CL170: =+CJ170*C170 -> 150 | CM170: =IFERROR(VLOOKUP(A170,'29'!U:V,2,0),"0") -> 0 | CN170: กิโลกรัม | CO170: =+CM170*C170 -> 0 | CP170: =IFERROR(VLOOKUP(A170,'30'!U:V,2,0),"0") -> 2 | CQ170: กิโลกรัม | CR170: =+CP170*C170 -> 150 | CS170: =IFERROR(VLOOKUP(A170,'31'!U:V,2,0),"0") -> 3 | CT170: กิโลกรัม | CU170: =+CS170*C170 -> 225 | CV170: =IFERROR(VLOOKUP(A170,'เซต1-31'!V:W,2,0),"0") -> 0 | CW170: กิโลกรัม | CX170: =+CV170*CO170 -> 0
A171: 0005 | B171: วรรณวนัชเบเกอรี่ เค้กเบาหวิว ขนาด 300กรัม จำนวน 1กล่อง แบบคละรสชาติ สินค้ามีอายุเก็บได้ 20วัน | C171: 28.05 | D171: =+G171+J171+M171+P171+S171+V171+Y171+AB171+AE171+AH171+AK171+AN171+AQ171+AT171+AW171+AZ171+BC171+BF171+BI171+BL171+BO171+BR171+BU171+BX171+CA171+CD171+CG171+CJ171+CM171+CP171+CS171+CV171 -> 0 | E171: กล่อง | F171: =+D171*C171 -> 0 | G171: =IFERROR(VLOOKUP(A171,'1'!U:V,2,0),"0") -> 0 | H171: กล่อง | I171: =+G171*C171 -> 0 | J171: =IFERROR(VLOOKUP(A171,'2'!U:V,2,0),"0") -> 0 | K171: กล่อง | L171: =+J171*C171 -> 0 | M171: =IFERROR(VLOOKUP(A171,'3'!U:V,2,0),"0") -> 0 | N171: กล่อง | O171: =+M171*C171 -> 0 | P171: =IFERROR(VLOOKUP(A171,'4'!U:V,2,0),"0") -> 0 | Q171: กล่อง | R171: =+P171*C171 -> 0 | S171: =IFERROR(VLOOKUP(A171,'5'!U:V,2,0),"0") -> 0 | T171: กล่อง | U171: =+S171*C171 -> 0 | V171: =IFERROR(VLOOKUP(A171,'6'!U:V,2,0),"0") -> 0 | W171: กล่อง | X171: =+V171*C171 -> 0 | Y171: =IFERROR(VLOOKUP(A171,'7'!U:V,2,0),"0") -> 0 | Z171: กล่อง | AA171: =+Y171*C171 -> 0 | AB171: =IFERROR(VLOOKUP(A171,'8'!U:V,2,0),"0") -> 0 | AC171: กล่อง | AD171: =+AB171*C171 -> 0 | AE171: =IFERROR(VLOOKUP(A171,'9'!U:V,2,0),"0") -> 0 | AF171: กล่อง | AG171: =+AE171*C171 -> 0 | AH171: =IFERROR(VLOOKUP(A171,'10'!U:V,2,0),"0") -> 0 | AI171: กล่อง | AJ171: =+AH171*C171 -> 0 | AK171: =IFERROR(VLOOKUP(A171,'11'!U:V,2,0),"0") -> 0 | AL171: กล่อง | AM171: =+AK171*C171 -> 0 | AN171: =IFERROR(VLOOKUP(A171,'12'!U:V,2,0),"0") -> 0 | AO171: กล่อง | AP171: =+AN171*C171 -> 0 | AQ171: =IFERROR(VLOOKUP(A171,'13'!U:V,2,0),"0") -> 0 | AR171: กล่อง | AS171: =+AQ171*C171 -> 0 | AT171: =IFERROR(VLOOKUP(A171,'14'!U:V,2,0),"0") -> 0 | AU171: กล่อง | AV171: =+AT171*C171 -> 0 | AW171: =IFERROR(VLOOKUP(A171,'15'!U:V,2,0),"0") -> 0 | AX171: กล่อง | AY171: =+AW171*C171 -> 0 | AZ171: =IFERROR(VLOOKUP(A171,'16'!U:V,2,0),"0") -> 0 | BA171: กล่อง | BB171: =+AZ171*C171 -> 0 | BC171: =IFERROR(VLOOKUP(A171,'17'!U:V,2,0),"0") -> 0 | BD171: กล่อง | BE171: =+BC171*C171 -> 0 | BF171: =IFERROR(VLOOKUP(A171,'18'!U:V,2,0),"0") -> 0 | BG171: กล่อง | BH171: =+BF171*C171 -> 0 | BI171: =IFERROR(VLOOKUP(A171,'19'!U:V,2,0),"0") -> 0 | BJ171: กล่อง | BK171: =+BI171*C171 -> 0 | BL171: =IFERROR(VLOOKUP(A171,'20'!U:V,2,0),"0") -> 0 | BM171: กล่อง | BN171: =+BL171*C171 -> 0 | BO171: =IFERROR(VLOOKUP(A171,'21'!U:V,2,0),"0") -> 0 | BP171: กล่อง | BQ171: =+BO171*C171 -> 0 | BR171: =IFERROR(VLOOKUP(A171,'22'!U:V,2,0),"0") -> 0 | BS171: กล่อง | BT171: =+BR171*C171 -> 0 | BU171: =IFERROR(VLOOKUP(A171,'23'!U:V,2,0),"0") -> 0 | BV171: กล่อง | BW171: =+BU171*C171 -> 0 | BX171: =IFERROR(VLOOKUP(A171,'24'!U:V,2,0),"0") -> 0 | BY171: กล่อง | BZ171: =+BX171*C171 -> 0 | CA171: =IFERROR(VLOOKUP(A171,'25'!U:V,2,0),"0") -> 0 | CB171: กล่อง | CC171: =+CA171*C171 -> 0 | CD171: =IFERROR(VLOOKUP(A171,'26'!U:V,2,0),"0") -> 0 | CE171: กล่อง | CF171: =+CD171*C171 -> 0 | CG171: =IFERROR(VLOOKUP(A171,'27'!U:V,2,0),"0") -> 0 | CH171: กล่อง | CI171: =+CG171*C171 -> 0 | CJ171: =IFERROR(VLOOKUP(A171,'28'!U:V,2,0),"0") -> 0 | CK171: กล่อง | CL171: =+CJ171*C171 -> 0 | CM171: =IFERROR(VLOOKUP(A171,'29'!U:V,2,0),"0") -> 0 | CN171: กล่อง | CO171: =+CM171*C171 -> 0 | CP171: =IFERROR(VLOOKUP(A171,'30'!U:V,2,0),"0") -> 0 | CQ171: กล่อง | CR171: =+CP171*C171 -> 0 | CS171: =IFERROR(VLOOKUP(A171,'31'!U:V,2,0),"0") -> 0 | CT171: กล่อง | CU171: =+CS171*C171 -> 0 | CV171: =IFERROR(VLOOKUP(A171,'เซต1-31'!V:W,2,0),"0") -> 0 | CW171: กล่อง | CX171: =+CV171*CO171 -> 0
A172: 1112002 | B172: ชิฟฟ่อนไม่มีไส้ แบบกล่อง8ชิ้น รวมรส (รวมรส) | C172: 37.17 | D172: =+G172+J172+M172+P172+S172+V172+Y172+AB172+AE172+AH172+AK172+AN172+AQ172+AT172+AW172+AZ172+BC172+BF172+BI172+BL172+BO172+BR172+BU172+BX172+CA172+CD172+CG172+CJ172+CM172+CP172+CS172+CV172 -> 0 | E172: กล่อง | F172: =+D172*C172 -> 0 | G172: =IFERROR(VLOOKUP(A172,'1'!U:V,2,0),"0") -> 0 | H172: กล่อง | I172: =+G172*C172 -> 0 | J172: =IFERROR(VLOOKUP(A172,'2'!U:V,2,0),"0") -> 0 | K172: กล่อง | L172: =+J172*C172 -> 0 | M172: =IFERROR(VLOOKUP(A172,'3'!U:V,2,0),"0") -> 0 | N172: กล่อง | O172: =+M172*C172 -> 0 | P172: =IFERROR(VLOOKUP(A172,'4'!U:V,2,0),"0") -> 0 | Q172: กล่อง | R172: =+P172*C172 -> 0 | S172: =IFERROR(VLOOKUP(A172,'5'!U:V,2,0),"0") -> 0 | T172: กล่อง | U172: =+S172*C172 -> 0 | V172: =IFERROR(VLOOKUP(A172,'6'!U:V,2,0),"0") -> 0 | W172: กล่อง | X172: =+V172*C172 -> 0 | Y172: =IFERROR(VLOOKUP(A172,'7'!U:V,2,0),"0") -> 0 | Z172: กล่อง | AA172: =+Y172*C172 -> 0 | AB172: =IFERROR(VLOOKUP(A172,'8'!U:V,2,0),"0") -> 0 | AC172: กล่อง | AD172: =+AB172*C172 -> 0 | AE172: =IFERROR(VLOOKUP(A172,'9'!U:V,2,0),"0") -> 0 | AF172: กล่อง | AG172: =+AE172*C172 -> 0 | AH172: =IFERROR(VLOOKUP(A172,'10'!U:V,2,0),"0") -> 0 | AI172: กล่อง | AJ172: =+AH172*C172 -> 0 | AK172: =IFERROR(VLOOKUP(A172,'11'!U:V,2,0),"0") -> 0 | AL172: กล่อง | AM172: =+AK172*C172 -> 0 | AN172: =IFERROR(VLOOKUP(A172,'12'!U:V,2,0),"0") -> 0 | AO172: กล่อง | AP172: =+AN172*C172 -> 0 | AQ172: =IFERROR(VLOOKUP(A172,'13'!U:V,2,0),"0") -> 0 | AR172: กล่อง | AS172: =+AQ172*C172 -> 0 | AT172: =IFERROR(VLOOKUP(A172,'14'!U:V,2,0),"0") -> 0 | AU172: กล่อง | AV172: =+AT172*C172 -> 0 | AW172: =IFERROR(VLOOKUP(A172,'15'!U:V,2,0),"0") -> 0 | AX172: กล่อง | AY172: =+AW172*C172 -> 0 | AZ172: =IFERROR(VLOOKUP(A172,'16'!U:V,2,0),"0") -> 0 | BA172: กล่อง | BB172: =+AZ172*C172 -> 0 | BC172: =IFERROR(VLOOKUP(A172,'17'!U:V,2,0),"0") -> 0 | BD172: กล่อง | BE172: =+BC172*C172 -> 0 | BF172: =IFERROR(VLOOKUP(A172,'18'!U:V,2,0),"0") -> 0 | BG172: กล่อง | BH172: =+BF172*C172 -> 0 | BI172: =IFERROR(VLOOKUP(A172,'19'!U:V,2,0),"0") -> 0 | BJ172: กล่อง | BK172: =+BI172*C172 -> 0 | BL172: =IFERROR(VLOOKUP(A172,'20'!U:V,2,0),"0") -> 0 | BM172: กล่อง | BN172: =+BL172*C172 -> 0 | BO172: =IFERROR(VLOOKUP(A172,'21'!U:V,2,0),"0") -> 0 | BP172: กล่อง | BQ172: =+BO172*C172 -> 0 | BR172: =IFERROR(VLOOKUP(A172,'22'!U:V,2,0),"0") -> 0 | BS172: กล่อง | BT172: =+BR172*C172 -> 0 | BU172: =IFERROR(VLOOKUP(A172,'23'!U:V,2,0),"0") -> 0 | BV172: กล่อง | BW172: =+BU172*C172 -> 0 | BX172: =IFERROR(VLOOKUP(A172,'24'!U:V,2,0),"0") -> 0 | BY172: กล่อง | BZ172: =+BX172*C172 -> 0 | CA172: =IFERROR(VLOOKUP(A172,'25'!U:V,2,0),"0") -> 0 | CB172: กล่อง | CC172: =+CA172*C172 -> 0 | CD172: =IFERROR(VLOOKUP(A172,'26'!U:V,2,0),"0") -> 0 | CE172: กล่อง | CF172: =+CD172*C172 -> 0 | CG172: =IFERROR(VLOOKUP(A172,'27'!U:V,2,0),"0") -> 0 | CH172: กล่อง | CI172: =+CG172*C172 -> 0 | CJ172: =IFERROR(VLOOKUP(A172,'28'!U:V,2,0),"0") -> 0 | CK172: กล่อง | CL172: =+CJ172*C172 -> 0 | CM172: =IFERROR(VLOOKUP(A172,'29'!U:V,2,0),"0") -> 0 | CN172: กล่อง | CO172: =+CM172*C172 -> 0 | CP172: =IFERROR(VLOOKUP(A172,'30'!U:V,2,0),"0") -> 0 | CQ172: กล่อง | CR172: =+CP172*C172 -> 0 | CS172: =IFERROR(VLOOKUP(A172,'31'!U:V,2,0),"0") -> 0 | CT172: กล่อง | CU172: =+CS172*C172 -> 0 | CV172: =IFERROR(VLOOKUP(A172,'เซต1-31'!V:W,2,0),"0") -> 0 | CW172: กล่อง | CX172: =+CV172*CO172 -> 0
A173: 1112004 | B173: เค้กเบาหวิว ใหญ่ 1 กล่องขนาด 300 กรัม (เนยนม) | C173: 26.78 | D173: =+G173+J173+M173+P173+S173+V173+Y173+AB173+AE173+AH173+AK173+AN173+AQ173+AT173+AW173+AZ173+BC173+BF173+BI173+BL173+BO173+BR173+BU173+BX173+CA173+CD173+CG173+CJ173+CM173+CP173+CS173+CV173 -> 0 | E173: กล่อง | F173: =+D173*C173 -> 0 | G173: =IFERROR(VLOOKUP(A173,'1'!U:V,2,0),"0") -> 0 | H173: กล่อง | I173: =+G173*C173 -> 0 | J173: =IFERROR(VLOOKUP(A173,'2'!U:V,2,0),"0") -> 0 | K173: กล่อง | L173: =+J173*C173 -> 0 | M173: =IFERROR(VLOOKUP(A173,'3'!U:V,2,0),"0") -> 0 | N173: กล่อง | O173: =+M173*C173 -> 0 | P173: =IFERROR(VLOOKUP(A173,'4'!U:V,2,0),"0") -> 0 | Q173: กล่อง | R173: =+P173*C173 -> 0 | S173: =IFERROR(VLOOKUP(A173,'5'!U:V,2,0),"0") -> 0 | T173: กล่อง | U173: =+S173*C173 -> 0 | V173: =IFERROR(VLOOKUP(A173,'6'!U:V,2,0),"0") -> 0 | W173: กล่อง | X173: =+V173*C173 -> 0 | Y173: =IFERROR(VLOOKUP(A173,'7'!U:V,2,0),"0") -> 0 | Z173: กล่อง | AA173: =+Y173*C173 -> 0 | AB173: =IFERROR(VLOOKUP(A173,'8'!U:V,2,0),"0") -> 0 | AC173: กล่อง | AD173: =+AB173*C173 -> 0 | AE173: =IFERROR(VLOOKUP(A173,'9'!U:V,2,0),"0") -> 0 | AF173: กล่อง | AG173: =+AE173*C173 -> 0 | AH173: =IFERROR(VLOOKUP(A173,'10'!U:V,2,0),"0") -> 0 | AI173: กล่อง | AJ173: =+AH173*C173 -> 0 | AK173: =IFERROR(VLOOKUP(A173,'11'!U:V,2,0),"0") -> 0 | AL173: กล่อง | AM173: =+AK173*C173 -> 0 | AN173: =IFERROR(VLOOKUP(A173,'12'!U:V,2,0),"0") -> 0 | AO173: กล่อง | AP173: =+AN173*C173 -> 0 | AQ173: =IFERROR(VLOOKUP(A173,'13'!U:V,2,0),"0") -> 0 | AR173: กล่อง | AS173: =+AQ173*C173 -> 0 | AT173: =IFERROR(VLOOKUP(A173,'14'!U:V,2,0),"0") -> 0 | AU173: กล่อง | AV173: =+AT173*C173 -> 0 | AW173: =IFERROR(VLOOKUP(A173,'15'!U:V,2,0),"0") -> 0 | AX173: กล่อง | AY173: =+AW173*C173 -> 0 | AZ173: =IFERROR(VLOOKUP(A173,'16'!U:V,2,0),"0") -> 0 | BA173: กล่อง | BB173: =+AZ173*C173 -> 0 | BC173: =IFERROR(VLOOKUP(A173,'17'!U:V,2,0),"0") -> 0 | BD173: กล่อง | BE173: =+BC173*C173 -> 0 | BF173: =IFERROR(VLOOKUP(A173,'18'!U:V,2,0),"0") -> 0 | BG173: กล่อง | BH173: =+BF173*C173 -> 0 | BI173: =IFERROR(VLOOKUP(A173,'19'!U:V,2,0),"0") -> 0 | BJ173: กล่อง | BK173: =+BI173*C173 -> 0 | BL173: =IFERROR(VLOOKUP(A173,'20'!U:V,2,0),"0") -> 0 | BM173: กล่อง | BN173: =+BL173*C173 -> 0 | BO173: =IFERROR(VLOOKUP(A173,'21'!U:V,2,0),"0") -> 0 | BP173: กล่อง | BQ173: =+BO173*C173 -> 0 | BR173: =IFERROR(VLOOKUP(A173,'22'!U:V,2,0),"0") -> 0 | BS173: กล่อง | BT173: =+BR173*C173 -> 0 | BU173: =IFERROR(VLOOKUP(A173,'23'!U:V,2,0),"0") -> 0 | BV173: กล่อง | BW173: =+BU173*C173 -> 0 | BX173: =IFERROR(VLOOKUP(A173,'24'!U:V,2,0),"0") -> 0 | BY173: กล่อง | BZ173: =+BX173*C173 -> 0 | CA173: =IFERROR(VLOOKUP(A173,'25'!U:V,2,0),"0") -> 0 | CB173: กล่อง | CC173: =+CA173*C173 -> 0 | CD173: =IFERROR(VLOOKUP(A173,'26'!U:V,2,0),"0") -> 0 | CE173: กล่อง | CF173: =+CD173*C173 -> 0 | CG173: =IFERROR(VLOOKUP(A173,'27'!U:V,2,0),"0") -> 0 | CH173: กล่อง | CI173: =+CG173*C173 -> 0 | CJ173: =IFERROR(VLOOKUP(A173,'28'!U:V,2,0),"0") -> 0 | CK173: กล่อง | CL173: =+CJ173*C173 -> 0 | CM173: =IFERROR(VLOOKUP(A173,'29'!U:V,2,0),"0") -> 0 | CN173: กล่อง | CO173: =+CM173*C173 -> 0 | CP173: =IFERROR(VLOOKUP(A173,'30'!U:V,2,0),"0") -> 0 | CQ173: กล่อง | CR173: =+CP173*C173 -> 0 | CS173: =IFERROR(VLOOKUP(A173,'31'!U:V,2,0),"0") -> 0 | CT173: กล่อง | CU173: =+CS173*C173 -> 0 | CV173: =IFERROR(VLOOKUP(A173,'เซต1-31'!V:W,2,0),"0") -> 0 | CW173: กล่อง | CX173: =+CV173*CO173 -> 0
A174: 20052721 | B174: แซนวิชโบราณ 1 ชิ้น | C174: 12.48 | D174: =+G174+J174+M174+P174+S174+V174+Y174+AB174+AE174+AH174+AK174+AN174+AQ174+AT174+AW174+AZ174+BC174+BF174+BI174+BL174+BO174+BR174+BU174+BX174+CA174+CD174+CG174+CJ174+CM174+CP174+CS174+CV174 -> 70 | E174: ชิ้น | F174: =+D174*C174 -> 873.6 | G174: =IFERROR(VLOOKUP(A174,'1'!U:V,2,0),"0") -> 0 | H174: ชิ้น | I174: =+G174*C174 -> 0 | J174: =IFERROR(VLOOKUP(A174,'2'!U:V,2,0),"0") -> 0 | K174: ชิ้น | L174: =+J174*C174 -> 0 | M174: =IFERROR(VLOOKUP(A174,'3'!U:V,2,0),"0") -> 0 | N174: ชิ้น | O174: =+M174*C174 -> 0 | P174: =IFERROR(VLOOKUP(A174,'4'!U:V,2,0),"0") -> 0 | Q174: ชิ้น | R174: =+P174*C174 -> 0 | S174: =IFERROR(VLOOKUP(A174,'5'!U:V,2,0),"0") -> 0 | T174: ชิ้น | U174: =+S174*C174 -> 0 | V174: =IFERROR(VLOOKUP(A174,'6'!U:V,2,0),"0") -> 0 | W174: ชิ้น | X174: =+V174*C174 -> 0 | Y174: =IFERROR(VLOOKUP(A174,'7'!U:V,2,0),"0") -> 0 | Z174: ชิ้น | AA174: =+Y174*C174 -> 0 | AB174: =IFERROR(VLOOKUP(A174,'8'!U:V,2,0),"0") -> 0 | AC174: ชิ้น | AD174: =+AB174*C174 -> 0 | AE174: =IFERROR(VLOOKUP(A174,'9'!U:V,2,0),"0") -> 30 | AF174: ชิ้น | AG174: =+AE174*C174 -> 374.4 | AH174: =IFERROR(VLOOKUP(A174,'10'!U:V,2,0),"0") -> 0 | AI174: ชิ้น | AJ174: =+AH174*C174 -> 0 | AK174: =IFERROR(VLOOKUP(A174,'11'!U:V,2,0),"0") -> 0 | AL174: ชิ้น | AM174: =+AK174*C174 -> 0 | AN174: =IFERROR(VLOOKUP(A174,'12'!U:V,2,0),"0") -> 0 | AO174: ชิ้น | AP174: =+AN174*C174 -> 0 | AQ174: =IFERROR(VLOOKUP(A174,'13'!U:V,2,0),"0") -> 0 | AR174: ชิ้น | AS174: =+AQ174*C174 -> 0 | AT174: =IFERROR(VLOOKUP(A174,'14'!U:V,2,0),"0") -> 0 | AU174: ชิ้น | AV174: =+AT174*C174 -> 0 | AW174: =IFERROR(VLOOKUP(A174,'15'!U:V,2,0),"0") -> 0 | AX174: ชิ้น | AY174: =+AW174*C174 -> 0 | AZ174: =IFERROR(VLOOKUP(A174,'16'!U:V,2,0),"0") -> 0 | BA174: ชิ้น | BB174: =+AZ174*C174 -> 0 | BC174: =IFERROR(VLOOKUP(A174,'17'!U:V,2,0),"0") -> 0 | BD174: ชิ้น | BE174: =+BC174*C174 -> 0 | BF174: =IFERROR(VLOOKUP(A174,'18'!U:V,2,0),"0") -> 0 | BG174: ชิ้น | BH174: =+BF174*C174 -> 0 | BI174: =IFERROR(VLOOKUP(A174,'19'!U:V,2,0),"0") -> 0 | BJ174: ชิ้น | BK174: =+BI174*C174 -> 0 | BL174: =IFERROR(VLOOKUP(A174,'20'!U:V,2,0),"0") -> 0 | BM174: ชิ้น | BN174: =+BL174*C174 -> 0 | BO174: =IFERROR(VLOOKUP(A174,'21'!U:V,2,0),"0") -> 0 | BP174: ชิ้น | BQ174: =+BO174*C174 -> 0 | BR174: =IFERROR(VLOOKUP(A174,'22'!U:V,2,0),"0") -> 0 | BS174: ชิ้น | BT174: =+BR174*C174 -> 0 | BU174: =IFERROR(VLOOKUP(A174,'23'!U:V,2,0),"0") -> 0 | BV174: ชิ้น | BW174: =+BU174*C174 -> 0 | BX174: =IFERROR(VLOOKUP(A174,'24'!U:V,2,0),"0") -> 40 | BY174: ชิ้น | BZ174: =+BX174*C174 -> 499.2 | CA174: =IFERROR(VLOOKUP(A174,'25'!U:V,2,0),"0") -> 0 | CB174: ชิ้น | CC174: =+CA174*C174 -> 0 | CD174: =IFERROR(VLOOKUP(A174,'26'!U:V,2,0),"0") -> 0 | CE174: ชิ้น | CF174: =+CD174*C174 -> 0 | CG174: =IFERROR(VLOOKUP(A174,'27'!U:V,2,0),"0") -> 0 | CH174: ชิ้น | CI174: =+CG174*C174 -> 0 | CJ174: =IFERROR(VLOOKUP(A174,'28'!U:V,2,0),"0") -> 0 | CK174: ชิ้น | CL174: =+CJ174*C174 -> 0 | CM174: =IFERROR(VLOOKUP(A174,'29'!U:V,2,0),"0") -> 0 | CN174: ชิ้น | CO174: =+CM174*C174 -> 0 | CP174: =IFERROR(VLOOKUP(A174,'30'!U:V,2,0),"0") -> 0 | CQ174: ชิ้น | CR174: =+CP174*C174 -> 0 | CS174: =IFERROR(VLOOKUP(A174,'31'!U:V,2,0),"0") -> 0 | CT174: ชิ้น | CU174: =+CS174*C174 -> 0 | CV174: =IFERROR(VLOOKUP(A174,'เซต1-31'!V:W,2,0),"0") -> 0 | CW174: ชิ้น | CX174: =+CV174*CO174 -> 0
A175: 1112016 | B175: เค้กเบาหวิว ใหญ่ 1 กล่องขนาด 300 กรัม (ตาล) | C175: 28.88 | D175: =+G175+J175+M175+P175+S175+V175+Y175+AB175+AE175+AH175+AK175+AN175+AQ175+AT175+AW175+AZ175+BC175+BF175+BI175+BL175+BO175+BR175+BU175+BX175+CA175+CD175+CG175+CJ175+CM175+CP175+CS175+CV175 -> 0 | E175: กล่อง | F175: =+D175*C175 -> 0 | G175: =IFERROR(VLOOKUP(A175,'1'!U:V,2,0),"0") -> 0 | H175: กล่อง | I175: =+G175*C175 -> 0 | J175: =IFERROR(VLOOKUP(A175,'2'!U:V,2,0),"0") -> 0 | K175: กล่อง | L175: =+J175*C175 -> 0 | M175: =IFERROR(VLOOKUP(A175,'3'!U:V,2,0),"0") -> 0 | N175: กล่อง | O175: =+M175*C175 -> 0 | P175: =IFERROR(VLOOKUP(A175,'4'!U:V,2,0),"0") -> 0 | Q175: กล่อง | R175: =+P175*C175 -> 0 | S175: =IFERROR(VLOOKUP(A175,'5'!U:V,2,0),"0") -> 0 | T175: กล่อง | U175: =+S175*C175 -> 0 | V175: =IFERROR(VLOOKUP(A175,'6'!U:V,2,0),"0") -> 0 | W175: กล่อง | X175: =+V175*C175 -> 0 | Y175: =IFERROR(VLOOKUP(A175,'7'!U:V,2,0),"0") -> 0 | Z175: กล่อง | AA175: =+Y175*C175 -> 0 | AB175: =IFERROR(VLOOKUP(A175,'8'!U:V,2,0),"0") -> 0 | AC175: กล่อง | AD175: =+AB175*C175 -> 0 | AE175: =IFERROR(VLOOKUP(A175,'9'!U:V,2,0),"0") -> 0 | AF175: กล่อง | AG175: =+AE175*C175 -> 0 | AH175: =IFERROR(VLOOKUP(A175,'10'!U:V,2,0),"0") -> 0 | AI175: กล่อง | AJ175: =+AH175*C175 -> 0 | AK175: =IFERROR(VLOOKUP(A175,'11'!U:V,2,0),"0") -> 0 | AL175: กล่อง | AM175: =+AK175*C175 -> 0 | AN175: =IFERROR(VLOOKUP(A175,'12'!U:V,2,0),"0") -> 0 | AO175: กล่อง | AP175: =+AN175*C175 -> 0 | AQ175: =IFERROR(VLOOKUP(A175,'13'!U:V,2,0),"0") -> 0 | AR175: กล่อง | AS175: =+AQ175*C175 -> 0 | AT175: =IFERROR(VLOOKUP(A175,'14'!U:V,2,0),"0") -> 0 | AU175: กล่อง | AV175: =+AT175*C175 -> 0 | AW175: =IFERROR(VLOOKUP(A175,'15'!U:V,2,0),"0") -> 0 | AX175: กล่อง | AY175: =+AW175*C175 -> 0 | AZ175: =IFERROR(VLOOKUP(A175,'16'!U:V,2,0),"0") -> 0 | BA175: กล่อง | BB175: =+AZ175*C175 -> 0 | BC175: =IFERROR(VLOOKUP(A175,'17'!U:V,2,0),"0") -> 0 | BD175: กล่อง | BE175: =+BC175*C175 -> 0 | BF175: =IFERROR(VLOOKUP(A175,'18'!U:V,2,0),"0") -> 0 | BG175: กล่อง | BH175: =+BF175*C175 -> 0 | BI175: =IFERROR(VLOOKUP(A175,'19'!U:V,2,0),"0") -> 0 | BJ175: กล่อง | BK175: =+BI175*C175 -> 0 | BL175: =IFERROR(VLOOKUP(A175,'20'!U:V,2,0),"0") -> 0 | BM175: กล่อง | BN175: =+BL175*C175 -> 0 | BO175: =IFERROR(VLOOKUP(A175,'21'!U:V,2,0),"0") -> 0 | BP175: กล่อง | BQ175: =+BO175*C175 -> 0 | BR175: =IFERROR(VLOOKUP(A175,'22'!U:V,2,0),"0") -> 0 | BS175: กล่อง | BT175: =+BR175*C175 -> 0 | BU175: =IFERROR(VLOOKUP(A175,'23'!U:V,2,0),"0") -> 0 | BV175: กล่อง | BW175: =+BU175*C175 -> 0 | BX175: =IFERROR(VLOOKUP(A175,'24'!U:V,2,0),"0") -> 0 | BY175: กล่อง | BZ175: =+BX175*C175 -> 0 | CA175: =IFERROR(VLOOKUP(A175,'25'!U:V,2,0),"0") -> 0 | CB175: กล่อง | CC175: =+CA175*C175 -> 0 | CD175: =IFERROR(VLOOKUP(A175,'26'!U:V,2,0),"0") -> 0 | CE175: กล่อง | CF175: =+CD175*C175 -> 0 | CG175: =IFERROR(VLOOKUP(A175,'27'!U:V,2,0),"0") -> 0 | CH175: กล่อง | CI175: =+CG175*C175 -> 0 | CJ175: =IFERROR(VLOOKUP(A175,'28'!U:V,2,0),"0") -> 0 | CK175: กล่อง | CL175: =+CJ175*C175 -> 0 | CM175: =IFERROR(VLOOKUP(A175,'29'!U:V,2,0),"0") -> 0 | CN175: กล่อง | CO175: =+CM175*C175 -> 0 | CP175: =IFERROR(VLOOKUP(A175,'30'!U:V,2,0),"0") -> 0 | CQ175: กล่อง | CR175: =+CP175*C175 -> 0 | CS175: =IFERROR(VLOOKUP(A175,'31'!U:V,2,0),"0") -> 0 | CT175: กล่อง | CU175: =+CS175*C175 -> 0 | CV175: =IFERROR(VLOOKUP(A175,'เซต1-31'!V:W,2,0),"0") -> 0 | CW175: กล่อง | CX175: =+CV175*CO175 -> 0
A176: 900006 | B176: กล่องขนมเปล่า (กล่องเปล่าชิฟไส้ ญ) | C176: 0 | D176: =+G176+J176+M176+P176+S176+V176+Y176+AB176+AE176+AH176+AK176+AN176+AQ176+AT176+AW176+AZ176+BC176+BF176+BI176+BL176+BO176+BR176+BU176+BX176+CA176+CD176+CG176+CJ176+CM176+CP176+CS176+CV176 -> 0 | E176: กล่อง | F176: =+D176*C176 -> 0 | G176: =IFERROR(VLOOKUP(A176,'1'!U:V,2,0),"0") -> 0 | H176: กล่อง | I176: =+G176*C176 -> 0 | J176: =IFERROR(VLOOKUP(A176,'2'!U:V,2,0),"0") -> 0 | K176: กล่อง | L176: =+J176*C176 -> 0 | M176: =IFERROR(VLOOKUP(A176,'3'!U:V,2,0),"0") -> 0 | N176: กล่อง | O176: =+M176*C176 -> 0 | P176: =IFERROR(VLOOKUP(A176,'4'!U:V,2,0),"0") -> 0 | Q176: กล่อง | R176: =+P176*C176 -> 0 | S176: =IFERROR(VLOOKUP(A176,'5'!U:V,2,0),"0") -> 0 | T176: กล่อง | U176: =+S176*C176 -> 0 | V176: =IFERROR(VLOOKUP(A176,'6'!U:V,2,0),"0") -> 0 | W176: กล่อง | X176: =+V176*C176 -> 0 | Y176: =IFERROR(VLOOKUP(A176,'7'!U:V,2,0),"0") -> 0 | Z176: กล่อง | AA176: =+Y176*C176 -> 0 | AB176: =IFERROR(VLOOKUP(A176,'8'!U:V,2,0),"0") -> 0 | AC176: กล่อง | AD176: =+AB176*C176 -> 0 | AE176: =IFERROR(VLOOKUP(A176,'9'!U:V,2,0),"0") -> 0 | AF176: กล่อง | AG176: =+AE176*C176 -> 0 | AH176: =IFERROR(VLOOKUP(A176,'10'!U:V,2,0),"0") -> 0 | AI176: กล่อง | AJ176: =+AH176*C176 -> 0 | AK176: =IFERROR(VLOOKUP(A176,'11'!U:V,2,0),"0") -> 0 | AL176: กล่อง | AM176: =+AK176*C176 -> 0 | AN176: =IFERROR(VLOOKUP(A176,'12'!U:V,2,0),"0") -> 0 | AO176: กล่อง | AP176: =+AN176*C176 -> 0 | AQ176: =IFERROR(VLOOKUP(A176,'13'!U:V,2,0),"0") -> 0 | AR176: กล่อง | AS176: =+AQ176*C176 -> 0 | AT176: =IFERROR(VLOOKUP(A176,'14'!U:V,2,0),"0") -> 0 | AU176: กล่อง | AV176: =+AT176*C176 -> 0 | AW176: =IFERROR(VLOOKUP(A176,'15'!U:V,2,0),"0") -> 0 | AX176: กล่อง | AY176: =+AW176*C176 -> 0 | AZ176: =IFERROR(VLOOKUP(A176,'16'!U:V,2,0),"0") -> 0 | BA176: กล่อง | BB176: =+AZ176*C176 -> 0 | BC176: =IFERROR(VLOOKUP(A176,'17'!U:V,2,0),"0") -> 0 | BD176: กล่อง | BE176: =+BC176*C176 -> 0 | BF176: =IFERROR(VLOOKUP(A176,'18'!U:V,2,0),"0") -> 0 | BG176: กล่อง | BH176: =+BF176*C176 -> 0 | BI176: =IFERROR(VLOOKUP(A176,'19'!U:V,2,0),"0") -> 0 | BJ176: กล่อง | BK176: =+BI176*C176 -> 0 | BL176: =IFERROR(VLOOKUP(A176,'20'!U:V,2,0),"0") -> 0 | BM176: กล่อง | BN176: =+BL176*C176 -> 0 | BO176: =IFERROR(VLOOKUP(A176,'21'!U:V,2,0),"0") -> 0 | BP176: กล่อง | BQ176: =+BO176*C176 -> 0 | BR176: =IFERROR(VLOOKUP(A176,'22'!U:V,2,0),"0") -> 0 | BS176: กล่อง | BT176: =+BR176*C176 -> 0 | BU176: =IFERROR(VLOOKUP(A176,'23'!U:V,2,0),"0") -> 0 | BV176: กล่อง | BW176: =+BU176*C176 -> 0 | BX176: =IFERROR(VLOOKUP(A176,'24'!U:V,2,0),"0") -> 0 | BY176: กล่อง | BZ176: =+BX176*C176 -> 0 | CA176: =IFERROR(VLOOKUP(A176,'25'!U:V,2,0),"0") -> 0 | CB176: กล่อง | CC176: =+CA176*C176 -> 0 | CD176: =IFERROR(VLOOKUP(A176,'26'!U:V,2,0),"0") -> 0 | CE176: กล่อง | CF176: =+CD176*C176 -> 0 | CG176: =IFERROR(VLOOKUP(A176,'27'!U:V,2,0),"0") -> 0 | CH176: กล่อง | CI176: =+CG176*C176 -> 0 | CJ176: =IFERROR(VLOOKUP(A176,'28'!U:V,2,0),"0") -> 0 | CK176: กล่อง | CL176: =+CJ176*C176 -> 0 | CM176: =IFERROR(VLOOKUP(A176,'29'!U:V,2,0),"0") -> 0 | CN176: กล่อง | CO176: =+CM176*C176 -> 0 | CP176: =IFERROR(VLOOKUP(A176,'30'!U:V,2,0),"0") -> 0 | CQ176: กล่อง | CR176: =+CP176*C176 -> 0 | CS176: =IFERROR(VLOOKUP(A176,'31'!U:V,2,0),"0") -> 0 | CT176: กล่อง | CU176: =+CS176*C176 -> 0 | CV176: =IFERROR(VLOOKUP(A176,'เซต1-31'!V:W,2,0),"0") -> 0 | CW176: กล่อง | CX176: =+CV176*CO176 -> 0
