Workbook

Sheet All
A1: สรุปยอดเบิกวัสดุสิ้นเปลือง แผนกออนไลน์ ปี2568
A2: ลำดับ | B2: เดือน | C2: จำนวนชิ้น | D2: ยอด | E2: หมายเหตุ
A3: 1 | B3: มกราคม | C3: =+วัสดุสิ้นเปลือง!H1 -> 22206 | D3: =+วัสดุสิ้นเปลือง!I1 -> 125870.56
A4: 2 | B4: กุมภาพันธ์ | C4: =+วัสดุสิ้นเปลือง!J1 -> 2536 | D4: =+วัสดุสิ้นเปลือง!K1 -> 25148
A5: 3 | B5: มีนาคม | C5: =+วัสดุสิ้นเปลือง!L1 -> 5979 | D5: =+วัสดุสิ้นเปลือง!M1 -> 48992.86
A6: 4 | B6: เมษายน | C6: =+วัสดุสิ้นเปลือง!N1 -> 12994 | D6: =+วัสดุสิ้นเปลือง!O1 -> 79665.66
A7: 5 | B7: พฤษภาคม | C7: =+วัสดุสิ้นเปลือง!P1 -> 12211 | D7: =+วัสดุสิ้นเปลือง!Q1 -> 68258.04
A8: 6 | B8: มิถุนายน | C8: =+วัสดุสิ้นเปลือง!R1 -> 11840 | D8: =+วัสดุสิ้นเปลือง!S1 -> 70083.84
A9: 7 | B9: กรกฎาคม | C9: =+วัสดุสิ้นเปลือง!T1 -> 7093 | D9: =+วัสดุสิ้นเปลือง!U1 -> 45399.9
A10: 8 | B10: สิงหาคม | C10: =+วัสดุสิ้นเปลือง!V1 -> 8148 | D10: =+วัสดุสิ้นเปลือง!W1 -> 52353.64
A11: 9 | B11: กันยายน | C11: =+วัสดุสิ้นเปลือง!X1 -> 11127 | D11: =+วัสดุสิ้นเปลือง!Y1 -> 73574.38
A12: 10 | B12: ตุลาคม | C12: 55523.2 | D12: 11051.88
A13: 11 | B13: พฤศจิกายน | C13: =+วัสดุสิ้นเปลือง!AB1 -> 9597 | D13: =+วัสดุสิ้นเปลือง!AC1 -> 78809.66
A14: 12 | B14: ธันวาคม | C14: =+วัสดุสิ้นเปลือง!AD1 -> 26038 | D14: =+วัสดุสิ้นเปลือง!AE1 -> 176333.19
A15: ยอดรวม | C15: =SUM(C3:C14) -> 185292.2 | D15: =SUM(D3:D14) -> 855541.61 | E15: บาท

Sheet วัสดุสิ้นเปลือง
A1: รายการเบิกวัสดุสิ้นเปลือง แผนกออนไลน์ ปี 2568 | E1: =SUBTOTAL(9,E4:E1048576) -> 140238 | F1: =SUBTOTAL(9,F4:F1048576) -> 911104.81 | H1: =SUBTOTAL(9,H4:H1048576) -> 22206 | I1: =SUBTOTAL(9,I4:I1048576) -> 125870.56 | J1: =SUBTOTAL(9,J4:J1048576) -> 2536 | K1: =SUBTOTAL(9,K4:K1048576) -> 25148 | L1: =SUBTOTAL(9,L4:L1048576) -> 5979 | M1: =SUBTOTAL(9,M4:M1048576) -> 48992.86 | N1: =SUBTOTAL(9,N4:N1048576) -> 12994 | O1: =SUBTOTAL(9,O4:O1048576) -> 79665.66 | ... AE1: =SUBTOTAL(9,AE4:AE1048576) -> 176333.19
A2: รหัสสินค้า | B2: ชื่อสินค้า | C2: หน่วย | D2: DS | E2: Total | G2: ราคาต้นทุน | H2: 243984 | J2: 244015 | L2: 244044 | N2: 244075 | P2: 244105 | R2: 244136 | T2: 244166 | V2: 244197 | X2: 244228 | Z2: 244258 | AB2: 244289 | AD2: 244319
E3: ยอดเบิก | F3: เป็นเงิน | H3: ยอดเบิก | I3: เป็นเงิน | J3: ยอดเบิก | K3: เป็นเงิน | L3: ยอดเบิก | M3: เป็นเงิน | N3: ยอดเบิก | O3: เป็นเงิน | P3: ยอดเบิก | Q3: เป็นเงิน | R3: ยอดเบิก | S3: เป็นเงิน | T3: ยอดเบิก | U3: เป็นเงิน | V3: ยอดเบิก | W3: เป็นเงิน | X3: ยอดเบิก | Y3: เป็นเงิน | Z3: ยอดเบิก | AA3: เป็นเงิน | AB3: ยอดเบิก | AC3: เป็นเงิน | AD3: ยอดเบิก | AE3: เป็นเงิน
A4: 02-BB111 | B4: แผ่นรองขนมปังปอนค์ ขนาด113x113:247cm(กล่องใน) | C4: ใบ | E4: =+H4+J4+L4+N4+P4+R4+T4+V4+X4+Z4+AB4+AD4 -> 7520 | F4: =+E4*G4 -> 15792 | G4: 2.1 | H4: 4800 | I4: =+H4*G4 -> 10080 | J4: 0 | K4: =+J4*G4 -> 0 | L4: 0 | M4: =+L4*G4 -> 0 | O4: =+N4*G4 -> 0 | P4: 0 | Q4: =+P4*G4 -> 0 | R4: 700 | S4: =+R4*G4 -> 1470 | T4: 0 | U4: =+T4*G4 -> 0 | V4: 820 | W4: =+V4*G4 -> 1722 | X4: 800 | Y4: =+X4*G4 -> 1680 | Z4: 0 | AA4: =+Z4*G4 -> 0 | AB4: 0 | AC4: =+AB4*G4 -> 0 | AD4: 400 | AE4: =+AD4*G4 -> 840
A5: 02-BB110 | B5: กล่องขนมปังปอนด์ ขนาด 240x262x260 Cm. | C5: ใบ | E5: =+H5+J5+L5+N5+P5+R5+T5+V5+X5+Z5+AB5+AD5 -> 150 | F5: =+E5*G5 -> 900 | G5: 6 | H5: 0 | I5: =+H5*G5 -> 0 | J5: 0 | K5: =+J5*G5 -> 0 | L5: 0 | M5: =+L5*G5 -> 0 | O5: =+N5*G5 -> 0 | P5: 0 | Q5: =+P5*G5 -> 0 | R5: 100 | S5: =+R5*G5 -> 600 | T5: 0 | U5: =+T5*G5 -> 0 | V5: 50 | W5: =+V5*G5 -> 300 | X5: 0 | Y5: =+X5*G5 -> 0 | Z5: 0 | AA5: =+Z5*G5 -> 0 | AB5: 0 | AC5: =+AB5*G5 -> 0 | AE5: =+AD5*G5 -> 0
A6: 02-BB116 | B6: กล่อง Carton 52*52*36 ใส่ซิฟฟ้อน+ปังแถว | C6: ใบ | E6: =+H6+J6+L6+N6+P6+R6+T6+V6+X6+Z6+AB6+AD6 -> 1208 | F6: =+E6*G6 -> 18844.8 | G6: 15.6 | H6: 410 | I6: =+H6*G6 -> 6396 | J6: 0 | K6: =+J6*G6 -> 0 | L6: 0 | M6: =+L6*G6 -> 0 | O6: =+N6*G6 -> 0 | P6: 0 | Q6: =+P6*G6 -> 0 | R6: 100 | S6: =+R6*G6 -> 1560 | T6: 50 | U6: =+T6*G6 -> 780 | V6: 20 | W6: =+V6*G6 -> 312 | X6: 140 | Y6: =+X6*G6 -> 2184 | Z6: 0 | AA6: =+Z6*G6 -> 0 | AB6: 108 | AC6: =+AB6*G6 -> 1684.8 | AD6: 380 | AE6: =+AD6*G6 -> 5928
A7: 02-BB117 | B7: กล่อง Carton 25*50*28 ใส่ชิฟฟ้อน 20 | C7: ใบ | E7: =+H7+J7+L7+N7+P7+R7+T7+V7+X7+Z7+AB7+AD7 -> 15175 | F7: =+E7*G7 -> 132326 | G7: 8.72 | H7: 3040 | I7: =+H7*G7 -> 26508.8 | J7: 980 | K7: =+J7*G7 -> 8545.6 | L7: 2160 | M7: =+L7*G7 -> 18835.2 | O7: =+N7*G7 -> 0 | P7: 0 | Q7: =+P7*G7 -> 0 | S7: =+R7*G7 -> 0 | T7: 0 | U7: =+T7*G7 -> 0 | V7: 1470 | W7: =+V7*G7 -> 12818.4 | X7: 2315 | Y7: =+X7*G7 -> 20186.8 | Z7: 1560 | AA7: =+Z7*G7 -> 13603.2 | AB7: 1200 | AC7: =+AB7*G7 -> 10464 | AD7: 2450 | AE7: =+AD7*G7 -> 21364
A8: 02-BB28 | B8: กล่อง CARTON ทรง B | C8: ใบ | E8: =+H8+J8+L8+N8+P8+R8+T8+V8+X8+Z8+AB8+AD8 -> 3860 | F8: =+E8*G8 -> 11773 | G8: 3.05 | H8: 2600 | I8: =+H8*G8 -> 7930 | J8: 400 | K8: =+J8*G8 -> 1220 | L8: 0 | M8: =+L8*G8 -> 0 | O8: =+N8*G8 -> 0 | P8: 0 | Q8: =+P8*G8 -> 0 | S8: =+R8*G8 -> 0 | T8: 0 | U8: =+T8*G8 -> 0 | V8: 100 | W8: =+V8*G8 -> 305 | X8: 260 | Y8: =+X8*G8 -> 793 | Z8: 300 | AA8: =+Z8*G8 -> 915 | AB8: 100 | AC8: =+AB8*G8 -> 305 | AD8: 100 | AE8: =+AD8*G8 -> 305
A9: 02-BB31 | B9: กล่อง CARTON ทรงสูง | C9: ใบ | E9: =+H9+J9+L9+N9+P9+R9+T9+V9+X9+Z9+AB9+AD9 -> 20280 | F9: =+E9*G9 -> 113162.4 | G9: 5.58 | H9: 2570 | I9: =+H9*G9 -> 14340.6 | J9: 0 | K9: =+J9*G9 -> 0 | L9: 500 | M9: =+L9*G9 -> 2790 | N9: 1950 | O9: =+N9*G9 -> 10881 | P9: 1300 | Q9: =+P9*G9 -> 7254 | R9: 1200 | S9: =+R9*G9 -> 6696 | T9: 1000 | U9: =+T9*G9 -> 5580 | V9: 1500 | W9: =+V9*G9 -> 8370 | X9: 1500 | Y9: =+X9*G9 -> 8370 | Z9: 1500 | AA9: =+Z9*G9 -> 8370 | AB9: 1650 | AC9: =+AB9*G9 -> 9207 | AD9: 5610 | AE9: =+AD9*G9 -> 31303.8
A10: 02-BB32 | B10: กล่อง CARTON ทรงเตี้ย | C10: ใบ | E10: =+H10+J10+L10+N10+P10+R10+T10+V10+X10+Z10+AB10+AD10 -> 40160 | F10: =+E10*G10 -> 200800 | G10: 5 | H10: 4370 | I10: =+H10*G10 -> 21850 | J10: 300 | K10: =+J10*G10 -> 1500 | L10: 2350 | M10: =+L10*G10 -> 11750 | N10: 3560 | O10: =+N10*G10 -> 17800 | P10: 3480 | Q10: =+P10*G10 -> 17400 | R10: 3900 | S10: =+R10*G10 -> 19500 | T10: 2000 | U10: =+T10*G10 -> 10000 | V10: 2340 | W10: =+V10*G10 -> 11700 | X10: 2100 | Y10: =+X10*G10 -> 10500 | Z10: 2990 | AA10: =+Z10*G10 -> 14950 | AB10: 3010 | AC10: =+AB10*G10 -> 15050 | AD10: 9760 | AE10: =+AD10*G10 -> 48800
A11: 02-BB33 | B11: กล่อง CARTON ทรงยาว | C11: ใบ | E11: =+H11+J11+L11+N11+P11+R11+T11+V11+X11+Z11+AB11+AD11 -> 35380 | F11: =+E11*G11 -> 137982 | G11: 3.9 | H11: 3000 | I11: =+H11*G11 -> 11700 | J11: 0 | K11: =+J11*G11 -> 0 | L11: 0 | M11: =+L11*G11 -> 0 | N11: 5100 | O11: =+N11*G11 -> 19890 | P11: 7200 | Q11: =+P11*G11 -> 28080 | R11: 5000 | S11: =+R11*G11 -> 19500 | T11: 3100 | U11: =+T11*G11 -> 12090 | V11: 1300 | W11: =+V11*G11 -> 5070 | X11: 3300 | Y11: =+X11*G11 -> 12870 | Z11: 3700 | AA11: =+Z11*G11 -> 14430 | AB11: 1580 | AC11: =+AB11*G11 -> 6162 | AD11: 2100 | AE11: =+AD11*G11 -> 8190
A12: 02-BB64 | B12: กล่อง L (L) | C12: ใบ | E12: =+H12+J12+L12+N12+P12+R12+T12+V12+X12+Z12+AB12+AD12 -> 2870 | F12: =+E12*G12 -> 47355 | G12: 16.5 | H12: 700 | I12: =+H12*G12 -> 11550 | J12: 330 | K12: =+J12*G12 -> 5445 | L12: 370 | M12: =+L12*G12 -> 6105 | N12: 100 | O12: =+N12*G12 -> 1650 | P12: 0 | Q12: =+P12*G12 -> 0 | S12: =+R12*G12 -> 0 | T12: 100 | U12: =+T12*G12 -> 1650 | V12: 60 | W12: =+V12*G12 -> 990 | X12: 70 | Y12: =+X12*G12 -> 1155 | Z12: 140 | AA12: =+Z12*G12 -> 2310 | AB12: 720 | AC12: =+AB12*G12 -> 11880 | AD12: 280 | AE12: =+AD12*G12 -> 4620
A13: 1021401005-1 | B13: กล่องลูกฟูกไซร์ D | C13: ใบ | E13: =+H13+J13+L13+N13+P13+R13+T13+V13+X13+Z13+AB13+AD13 -> 1680 | F13: =+E13*G13 -> 11088 | G13: 6.6 | H13: 0 | I13: =+H13*G13 -> 0 | J13: 0 | K13: =+J13*G13 -> 0 | L13: 0 | M13: =+L13*G13 -> 0 | N13: 1400 | O13: =+N13*G13 -> 9240 | P13: 0 | Q13: =+P13*G13 -> 0 | S13: =+R13*G13 -> 0 | T13: 0 | U13: =+T13*G13 -> 0 | V13: 0 | W13: =+V13*G13 -> 0 | X13: 0 | Y13: =+X13*G13 -> 0 | Z13: 0 | AA13: =+Z13*G13 -> 0 | AB13: 0 | AC13: =+AB13*G13 -> 0 | AD13: 280 | AE13: =+AD13*G13 -> 1848
A14: 02-BB74 | B14: กล่องไปษณีย์ (F) | C14: ใบ | E14: =+H14+J14+L14+N14+P14+R14+T14+V14+X14+Z14+AB14+AD14 -> 6210 | F14: =+E14*G14 -> 61168.5 | G14: 9.85 | H14: 520 | I14: =+H14*G14 -> 5122 | J14: 470 | K14: =+J14*G14 -> 4629.5 | L14: 540 | M14: =+L14*G14 -> 5319 | N14: 660 | O14: =+N14*G14 -> 6501 | P14: 0 | Q14: =+P14*G14 -> 0 | R14: 640 | S14: =+R14*G14 -> 6304 | T14: 720 | U14: =+T14*G14 -> 7092 | V14: 360 | W14: =+V14*G14 -> 3546 | X14: 480 | Y14: =+X14*G14 -> 4728 | Z14: 100 | AA14: =+Z14*G14 -> 985 | AB14: 520 | AC14: =+AB14*G14 -> 5122 | AD14: 1200 | AE14: =+AD14*G14 -> 11820
A15: 1020501042 | B15: กล่องลัง เบอร์ 3 | C15: ใบ | E15: =+H15+J15+L15+N15+P15+R15+T15+V15+X15+Z15+AB15+AD15 -> 3000 | F15: =+E15*G15 -> 13200 | G15: 4.4 | I15: =+H15*G15 -> 0 | K15: =+J15*G15 -> 0 | M15: =+L15*G15 -> 0 | O15: =+N15*G15 -> 0 | Q15: =+P15*G15 -> 0 | S15: =+R15*G15 -> 0 | U15: =+T15*G15 -> 0 | W15: =+V15*G15 -> 0 | Y15: =+X15*G15 -> 0 | AA15: =+Z15*G15 -> 0 | AC15: =+AB15*G15 -> 0 | AD15: 3000 | AE15: =+AD15*G15 -> 13200
A16: 5-C-907 | B16: พลาสติกกันกระแทกขนาด 32.5 CM (ตัดเอง) | C16: ม้วน | E16: =+H16+J16+L16+N16+P16+R16+T16+V16+X16+Z16+AB16+AD16 -> 557 | F16: =+E16*G16 -> 41775 | G16: 75 | H16: 38 | I16: =+H16*G16 -> 2850 | J16: 0 | K16: =+J16*G16 -> 0 | L16: 16 | M16: =+L16*G16 -> 1200 | N16: 103 | O16: =+N16*G16 -> 7725 | P16: 116 | Q16: =+P16*G16 -> 8700 | R16: 72 | S16: =+R16*G16 -> 5400 | T16: 41 | U16: =+T16*G16 -> 3075 | V16: 24 | W16: =+V16*G16 -> 1800 | X16: 52 | Y16: =+X16*G16 -> 3900 | Z16: 48 | AA16: =+Z16*G16 -> 3600 | AB16: 15 | AC16: =+AB16*G16 -> 1125 | AD16: 32 | AE16: =+AD16*G16 -> 2400
A17: 5-C-027-1 | B17: พลาสติกกันกระแทกขนาด Air Bubber | C17: ม้วน | E17: =+H17+J17+L17+N17+P17+R17+T17+V17+X17+Z17+AB17+AD17 -> 15 | F17: =+E17*G17 -> 2733.6 | G17: 182.24 | H17: 0 | I17: =+H17*G17 -> 0 | J17: 0 | K17: =+J17*G17 -> 0 | L17: 0 | M17: =+L17*G17 -> 0 | N17: 0 | O17: =+N17*G17 -> 0 | P17: 0 | Q17: =+P17*G17 -> 0 | R17: 15 | S17: =+R17*G17 -> 2733.6 | T17: 0 | U17: =+T17*G17 -> 0 | V17: 0 | W17: =+V17*G17 -> 0 | X17: 0 | Y17: =+X17*G17 -> 0 | Z17: 0 | AA17: =+Z17*G17 -> 0 | AB17: 0 | AC17: =+AB17*G17 -> 0 | AE17: =+AD17*G17 -> 0
A18: 5-C-817 | B18: สติ๊กเกอร์ลาเบล 100*100*500 mm. | C18: ม้วน | E18: =+H18+J18+L18+N18+P18+R18+T18+V18+X18+Z18+AB18+AD18 -> 55 | F18: =+E18*G18 -> 3850 | G18: 70 | H18: 2 | I18: =+H18*G18 -> 140 | J18: 0 | K18: =+J18*G18 -> 0 | L18: 0 | M18: =+L18*G18 -> 0 | N18: 33 | O18: =+N18*G18 -> 2310 | P18: 0 | Q18: =+P18*G18 -> 0 | R18: 0 | S18: =+R18*G18 -> 0 | T18: 0 | U18: =+T18*G18 -> 0 | V18: 0 | W18: =+V18*G18 -> 0 | X18: 10 | Y18: =+X18*G18 -> 700 | Z18: 0 | AA18: =+Z18*G18 -> 0 | AB18: 0 | AC18: =+AB18*G18 -> 0 | AD18: 10 | AE18: =+AD18*G18 -> 700
A19: 5-C-541 | B19: สติ๊กเกอร์ลาเบล 100*150*500 mm. | C19: ม้วน | E19: =+H19+J19+L19+N19+P19+R19+T19+V19+X19+Z19+AB19+AD19 -> 295 | F19: =+E19*G19 -> 29500 | G19: 100 | H19: 48 | I19: =+H19*G19 -> 4800 | J19: 6 | K19: =+J19*G19 -> 600 | L19: 0 | M19: =+L19*G19 -> 0 | O19: =+N19*G19 -> 0 | P19: 33 | Q19: =+P19*G19 -> 3300 | R19: 21 | S19: =+R19*G19 -> 2100 | T19: 17 | U19: =+T19*G19 -> 1700 | V19: 12 | W19: =+V19*G19 -> 1200 | X19: 21 | Y19: =+X19*G19 -> 2100 | Z19: 17 | AA19: =+Z19*G19 -> 1700 | AB19: 53 | AC19: =+AB19*G19 -> 5300 | AD19: 67 | AE19: =+AD19*G19 -> 6700
A20: 5-S-015 | B20: สติ๊กเกอร์ลาเบล 90*50*500 mm. | C20: ม้วน | E20: =+H20+J20+L20+N20+P20+R20+T20+V20+X20+Z20+AB20+AD20 -> 612 | F20: =+E20*G20 -> 42607.44 | G20: 69.62 | H20: 18 | I20: =+H20*G20 -> 1253.16 | J20: 45 | K20: =+J20*G20 -> 3132.9 | L20: 43 | M20: =+L20*G20 -> 2993.66 | N20: 43 | O20: =+N20*G20 -> 2993.66 | P20: 42 | Q20: =+P20*G20 -> 2924.04 | R20: 52 | S20: =+R20*G20 -> 3620.24 | T20: 45 | U20: =+T20*G20 -> 3132.9 | V20: 52 | W20: =+V20*G20 -> 3620.24 | X20: 59 | Y20: =+X20*G20 -> 4107.58 | Z20: 74 | AA20: =+Z20*G20 -> 5151.88 | AB20: 53 | AC20: =+AB20*G20 -> 3689.86 | AD20: 86 | AE20: =+AD20*G20 -> 5987.32
A21: 5-SC-029 | B21: สติ๊กเกอร์วันที่ผลิต แถวละ 10 ม้วน | C21: ม้วน | E21: =+H21+J21+L21+N21+P21+R21+T21+V21+X21+Z21+AB21+AD21 -> 1143 | F21: =+E21*G21 -> 17145 | G21: 15 | H21: 90 | I21: =+H21*G21 -> 1350 | J21: 5 | K21: =+J21*G21 -> 75 | L21: 0 | M21: =+L21*G21 -> 0 | N21: 45 | O21: =+N21*G21 -> 675 | P21: 40 | Q21: =+P21*G21 -> 600 | R21: 40 | S21: =+R21*G21 -> 600 | T21: 20 | U21: =+T21*G21 -> 300 | V21: 40 | W21: =+V21*G21 -> 600 | X21: 20 | Y21: =+X21*G21 -> 300 | Z21: 40 | AA21: =+Z21*G21 -> 600 | AB21: 588 | AC21: =+AB21*G21 -> 8820 | AD21: 215 | AE21: =+AD21*G21 -> 3225
A22: 1023101040 | B22: สติ๊กเกอร์ลาเบล 40*60*700 mm. แบบกระดาษ (เครื่องชั่ง) | C22: ม้วน | E22: =+H22+J22+L22+N22+P22+R22+T22+V22+X22+Z22+AB22+AD22 -> 39 | F22: =+E22*G22 -> 3280.29 | G22: 84.11 | H22: 0 | I22: =+H22*E22 -> 0 | J22: 0 | K22: =+J22*G22 -> 0 | L22: 0 | M22: =+L22*I22 -> 0 | N22: 0 | O22: =+N22*K22 -> 0 | P22: 0 | Q22: =+P22*M22 -> 0 | R22: 0 | S22: =+R22*O22 -> 0 | T22: 0 | U22: =+T22*Q22 -> 0 | V22: 0 | W22: =+V22*S22 -> 0 | X22: 0 | Y22: =+X22*U22 -> 0 | Z22: 0 | AA22: =+Z22*W22 -> 0 | AB22: 0 | AC22: =+AB22*Y22 -> 0 | AD22: 39 | AE22: =+AD22*G22 -> 3280.29
A23: 1023101046 | B23: สติ๊กเกอร์ลาเบล 40*60*700 mm. แบบกันน้ำ (ลังละ 50 ม้วน) | C23: ม้วน | E23: =+H23+J23+L23+N23+P23+R23+T23+V23+X23+Z23+AB23+AD23 -> 23 | F23: =+E23*G23 -> 3331.78 | G23: 144.86 | H23: 0 | I23: =+H23*E23 -> 0 | J23: 0 | K23: =+J23*G23 -> 0 | L23: 0 | M23: =+L23*I23 -> 0 | N23: 0 | O23: =+N23*K23 -> 0 | P23: 0 | Q23: =+P23*M23 -> 0 | R23: 0 | S23: =+R23*O23 -> 0 | T23: 0 | U23: =+T23*Q23 -> 0 | V23: 0 | W23: =+V23*S23 -> 0 | X23: 0 | Y23: =+X23*U23 -> 0 | Z23: 0 | AA23: =+Z23*W23 -> 0 | AB23: 0 | AC23: =+AB23*Y23 -> 0 | AD23: 23 | AE23: =+AD23*G23 -> 3331.78
A24: 02-TAPE2-C | B24: เทปใส OPP 2"x1000 หลา ลังละ 6 ม้วน | C24: ม้วน | E24: =+H24+J24+L24+N24+P24+R24+T24+V24+X24+Z24+AB24+AD24 -> 6 | F24: =+E24*G24 -> 2490 | G24: 415 | H24: 0 | I24: =+H24*E24 -> 0 | J24: 0 | K24: =+J24*G24 -> 0 | L24: 0 | M24: =+L24*I24 -> 0 | N24: 0 | O24: =+N24*K24 -> 0 | P24: 0 | Q24: =+P24*M24 -> 0 | R24: 0 | S24: =+R24*O24 -> 0 | T24: 0 | U24: =+T24*Q24 -> 0 | V24: 0 | W24: =+V24*S24 -> 0 | X24: 0 | Y24: =+X24*U24 -> 0 | Z24: 0 | AA24: =+Z24*W24 -> 0 | AB24: 0 | AC24: =+AB24*Y24 -> 0 | AD24: 6 | AE24: =+AD24*G24 -> 2490
