Workbook

Sheet Month
A1: ลำดับ | B1: ทีมโทร | C1: บูธ | D1: online | E1: Modern Trade | F1: รหัส | G1: ชื่อสินค้า | H1: ลูกค้า | I1: ขนาดบรรจุ | N1: week 1 (วันที่ 4 - 10 ม.ค. 2569) | AI1: week 2 (วันที่ 11 - 17 ม.ค. 2569) | BD1: week 3 (วันที่ 18 - 24 ม.ค. 2569) | BY1: week 4 (วันที่ 25 - 31 ม.ค. 2569) | CT1: week 5 ()
I2: จำนวน(ชิ้น) | J2: หน่วย(กล่อง) | K2: วัน | N2: วันอาทิตย์ | Q2: วันจันทร์ | T2: วันอังคาร | W2: วันพุธ | Z2: วันพฤหัสบดี | AC2: วันศุกร์ | AF2: เสาร์ | AI2: วันอาทิตย์ | AL2: วันจันทร์ | AO2: วันอังคาร | AR2: วันพุธ | AU2: วันพฤหัสบดี | AX2: วันศุกร์ | BA2: เสาร์ | BD2: วันอาทิตย์ | BG2: วันจันทร์ | BJ2: วันอังคาร | BM2: วันพุธ | BP2: วันพฤหัสบดี | BS2: วันศุกร์ | BV2: เสาร์ | BY2: วันอาทิตย์ | CB2: วันจันทร์ | CE2: วันอังคาร | CH2: วันพุธ | CK2: วันพฤหัสบดี | CN2: วันศุกร์ | CQ2: เสาร์ | CT2: วันอาทิตย์ | CW2: วันจันทร์ | CZ2: วันอังคาร | DC2: วันพุธ | DF2: วันพฤหัสบดี | DI2: วันศุกร์ | DL2: เสาร์
N3: 4 | Q3: 5 | T3: 6 | W3: 7 | Z3: 8 | AC3: 9 | AF3: 10 | AI3: 11 | AL3: 12 | AO3: 13 | AR3: 14 | AU3: 15 | AX3: 16 | BA3: 17 | BD3: 18 | BG3: 19 | BJ3: 20 | BM3: 21 | BP3: 22 | BS3: 23 | BV3: 24 | BY3: 25 | CB3: 26 | CE3: 27 | CH3: 28 | CK3: 29 | CN3: 30 | CQ3: 31
K4: ติดป้าย Amezon | L4: ไม่ติดป้าย Amezon | M4: Non Logo | N4: ติดป้าย Amezon | O4: ไม่ติดป้าย Amezon | P4: Non Logo | Q4: ติดป้าย Amezon | R4: ไม่ติดป้าย Amezon | S4: Non Logo | T4: ติดป้าย Amezon | U4: ไม่ติดป้าย Amezon | V4: Non Logo | W4: ติดป้าย Amezon | X4: ไม่ติดป้าย Amezon | Y4: Non Logo | Z4: ติดป้าย Amezon | AA4: ไม่ติดป้าย Amezon | AB4: Non Logo | AC4: ติดป้าย Amezon | AD4: ไม่ติดป้าย Amezon | AE4: Non Logo | AF4: ติดป้าย Amezon | AG4: ไม่ติดป้าย Amezon | AH4: Non Logo | AI4: ติดป้าย Amezon | AJ4: ไม่ติดป้าย Amezon | AK4: Non Logo | AL4: ติดป้าย Amezon | AM4: ไม่ติดป้าย Amezon | AN4: Non Logo | AO4: ติดป้าย Amezon | AP4: ไม่ติดป้าย Amezon | AQ4: Non Logo | AR4: ติดป้าย Amezon | AS4: ไม่ติดป้าย Amezon | AT4: Non Logo | AU4: ติดป้าย Amezon | AV4: ไม่ติดป้าย Amezon | AW4: Non Logo | AX4: ติดป้าย Amezon | AY4: ไม่ติดป้าย Amezon | AZ4: Non Logo | BA4: ติดป้าย Amezon | BB4: ไม่ติดป้าย Amezon | BC4: Non Logo | BD4: ติดป้าย Amezon | BE4: ไม่ติดป้าย Amezon | BF4: Non Logo | BG4: ติดป้าย Amezon | BH4: ไม่ติดป้าย Amezon | BI4: Non Logo | BJ4: ติดป้าย Amezon | BK4: ไม่ติดป้าย Amezon | BL4: Non Logo | BM4: ติดป้าย Amezon | BN4: ไม่ติดป้าย Amezon | BO4: Non Logo | BP4: ติดป้าย Amezon | BQ4: ไม่ติดป้าย Amezon | BR4: Non Logo | BS4: ติดป้าย Amezon | BT4: ไม่ติดป้าย Amezon | BU4: Non Logo | BV4: ติดป้าย Amezon | BW4: ไม่ติดป้าย Amezon | BX4: Non Logo | BY4: ติดป้าย Amezon | BZ4: ไม่ติดป้าย Amezon | CA4: Non Logo | CB4: ติดป้าย Amezon | CC4: ไม่ติดป้าย Amezon | CD4: Non Logo | CE4: ติดป้าย Amezon | CF4: ไม่ติดป้าย Amezon | CG4: Non Logo | CH4: ติดป้าย Amezon | CI4: ไม่ติดป้าย Amezon | CJ4: Non Logo | CK4: ติดป้าย Amezon | CL4: ไม่ติดป้าย Amezon | CM4: Non Logo | CN4: ติดป้าย Amezon | CO4: ไม่ติดป้าย Amezon | CP4: Non Logo | CQ4: ติดป้าย Amezon | CR4: ไม่ติดป้าย Amezon | CS4: Non Logo | CT4: ติดป้าย Amezon | CU4: ไม่ติดป้าย Amezon | CV4: Non Logo | CW4: ติดป้าย Amezon | CX4: ไม่ติดป้าย Amezon | CY4: Non Logo | CZ4: ติดป้าย Amezon | DA4: ไม่ติดป้าย Amezon | DB4: Non Logo | DC4: ติดป้าย Amezon | DD4: ไม่ติดป้าย Amezon | DE4: Non Logo | DF4: ติดป้าย Amezon | DG4: ไม่ติดป้าย Amezon | DH4: Non Logo | DI4: ติดป้าย Amezon | DJ4: ไม่ติดป้าย Amezon | DK4: Non Logo | DL4: ติดป้าย Amezon | DM4: ไม่ติดป้าย Amezon | DN4: Non Logo
A5: 1 | F5: 1113036 | G5: ช็อกบอล | K5: =SUM(N5,Q5,T5,W5,Z5,AC5,AF5,AI5,AL5,AO5,AR5,AU5,AX5,BA5,BD5,BG5,BJ5,BM5,BP5,BS5,BV5,BY5,CB5,CE5,CH5,CK5,CN5,CQ5,CT5,CW5,CZ5,DC5,DF5,DI5,DL5) -> 0 | L5: =SUM(O5,R5,U5,X5,AA5,AD5,AG5,AJ5,AM5,AP5,AS5,AV5,AY5,BB5,BE5,BH5,BK5,BN5,BQ5,BT5,BW5,BZ5,CC5,CF5,CI5,CL5,CO5,CR5,CU5,CX5,DA5,DD5,DG5,DJ5,DM5) -> 0 | M5: =SUM(P5,S5,V5,Y5,AB5,AE5,AH5,AK5,AN5,AQ5,AT5,AW5,AZ5,BC5,BF5,BI5,BL5,BO5,BR5,BU5,BX5,CA5,CD5,CG5,CJ5,CM5,CP5,CS5,CV5,CY5,DB5,DE5,DH5,DK5,DN5) -> 0
A6: =A5+1 -> 2 | F6: 1111001 | G6: ชิฟฟ่อนเค้ก (1 ชิ้น) | K6: =SUM(N6,Q6,T6,W6,Z6,AC6,AF6,AI6,AL6,AO6,AR6,AU6,AX6,BA6,BD6,BG6,BJ6,BM6,BP6,BS6,BV6,BY6,CB6,CE6,CH6,CK6,CN6,CQ6,CT6,CW6,CZ6,DC6,DF6,DI6,DL6) -> 0 | L6: =SUM(O6,R6,U6,X6,AA6,AD6,AG6,AJ6,AM6,AP6,AS6,AV6,AY6,BB6,BE6,BH6,BK6,BN6,BQ6,BT6,BW6,BZ6,CC6,CF6,CI6,CL6,CO6,CR6,CU6,CX6,DA6,DD6,DG6,DJ6,DM6) -> 0 | M6: =SUM(P6,S6,V6,Y6,AB6,AE6,AH6,AK6,AN6,AQ6,AT6,AW6,AZ6,BC6,BF6,BI6,BL6,BO6,BR6,BU6,BX6,CA6,CD6,CG6,CJ6,CM6,CP6,CS6,CV6,CY6,DB6,DE6,DH6,DK6,DN6) -> 0
A7: =A6+1 -> 3 | F7: 1004055 | G7: ชิฟฟ่อนเค้ก วรรณวนัช (รวมรส 4 ชิ้น) | K7: =SUM(N7,Q7,T7,W7,Z7,AC7,AF7,AI7,AL7,AO7,AR7,AU7,AX7,BA7,BD7,BG7,BJ7,BM7,BP7,BS7,BV7,BY7,CB7,CE7,CH7,CK7,CN7,CQ7,CT7,CW7,CZ7,DC7,DF7,DI7,DL7) -> 0 | L7: =SUM(O7,R7,U7,X7,AA7,AD7,AG7,AJ7,AM7,AP7,AS7,AV7,AY7,BB7,BE7,BH7,BK7,BN7,BQ7,BT7,BW7,BZ7,CC7,CF7,CI7,CL7,CO7,CR7,CU7,CX7,DA7,DD7,DG7,DJ7,DM7) -> 0 | M7: =SUM(P7,S7,V7,Y7,AB7,AE7,AH7,AK7,AN7,AQ7,AT7,AW7,AZ7,BC7,BF7,BI7,BL7,BO7,BR7,BU7,BX7,CA7,CD7,CG7,CJ7,CM7,CP7,CS7,CV7,CY7,DB7,DE7,DH7,DK7,DN7) -> 0
A8: =A7+1 -> 4 | F8: 1111002 | G8: ชิฟฟ่อนเค้ก วรรณวนัช (รวมรส 8 ชิ้น) | K8: =SUM(N8,Q8,T8,W8,Z8,AC8,AF8,AI8,AL8,AO8,AR8,AU8,AX8,BA8,BD8,BG8,BJ8,BM8,BP8,BS8,BV8,BY8,CB8,CE8,CH8,CK8,CN8,CQ8,CT8,CW8,CZ8,DC8,DF8,DI8,DL8) -> 0 | L8: =SUM(O8,R8,U8,X8,AA8,AD8,AG8,AJ8,AM8,AP8,AS8,AV8,AY8,BB8,BE8,BH8,BK8,BN8,BQ8,BT8,BW8,BZ8,CC8,CF8,CI8,CL8,CO8,CR8,CU8,CX8,DA8,DD8,DG8,DJ8,DM8) -> 0 | M8: =SUM(P8,S8,V8,Y8,AB8,AE8,AH8,AK8,AN8,AQ8,AT8,AW8,AZ8,BC8,BF8,BI8,BL8,BO8,BR8,BU8,BX8,CA8,CD8,CG8,CJ8,CM8,CP8,CS8,CV8,CY8,DB8,DE8,DH8,DK8,DN8) -> 0
A9: =A8+1 -> 5 | F9: 1111055 | G9: วรรณวนัช ชิฟฟ่อนรวมรส 8 ชิ้น | K9: =SUM(N9,Q9,T9,W9,Z9,AC9,AF9,AI9,AL9,AO9,AR9,AU9,AX9,BA9,BD9,BG9,BJ9,BM9,BP9,BS9,BV9,BY9,CB9,CE9,CH9,CK9,CN9,CQ9,CT9,CW9,CZ9,DC9,DF9,DI9,DL9) -> 0 | L9: =SUM(O9,R9,U9,X9,AA9,AD9,AG9,AJ9,AM9,AP9,AS9,AV9,AY9,BB9,BE9,BH9,BK9,BN9,BQ9,BT9,BW9,BZ9,CC9,CF9,CI9,CL9,CO9,CR9,CU9,CX9,DA9,DD9,DG9,DJ9,DM9) -> 0 | M9: =SUM(P9,S9,V9,Y9,AB9,AE9,AH9,AK9,AN9,AQ9,AT9,AW9,AZ9,BC9,BF9,BI9,BL9,BO9,BR9,BU9,BX9,CA9,CD9,CG9,CJ9,CM9,CP9,CS9,CV9,CY9,DB9,DE9,DH9,DK9,DN9) -> 0
A10: =A9+1 -> 6 | F10: 1111030 | G10: ชิฟฟ่อนเค้ก รสกาแฟ (8 ชิ้น) | K10: =SUM(N10,Q10,T10,W10,Z10,AC10,AF10,AI10,AL10,AO10,AR10,AU10,AX10,BA10,BD10,BG10,BJ10,BM10,BP10,BS10,BV10,BY10,CB10,CE10,CH10,CK10,CN10,CQ10,CT10,CW10,CZ10,DC10,DF10,DI10,DL10) -> 0 | L10: =SUM(O10,R10,U10,X10,AA10,AD10,AG10,AJ10,AM10,AP10,AS10,AV10,AY10,BB10,BE10,BH10,BK10,BN10,BQ10,BT10,BW10,BZ10,CC10,CF10,CI10,CL10,CO10,CR10,CU10,CX10,DA10,DD10,DG10,DJ10,DM10) -> 0 | M10: =SUM(P10,S10,V10,Y10,AB10,AE10,AH10,AK10,AN10,AQ10,AT10,AW10,AZ10,BC10,BF10,BI10,BL10,BO10,BR10,BU10,BX10,CA10,CD10,CG10,CJ10,CM10,CP10,CS10,CV10,CY10,DB10,DE10,DH10,DK10,DN10) -> 0
A11: =A10+1 -> 7 | F11: 1111036 | G11: ชิฟฟอนเค้ก วรรณวนัช ห่อกระดาษ (รวมรส 4 ชิ้น) | K11: =SUM(N11,Q11,T11,W11,Z11,AC11,AF11,AI11,AL11,AO11,AR11,AU11,AX11,BA11,BD11,BG11,BJ11,BM11,BP11,BS11,BV11,BY11,CB11,CE11,CH11,CK11,CN11,CQ11,CT11,CW11,CZ11,DC11,DF11,DI11,DL11) -> 0 | L11: =SUM(O11,R11,U11,X11,AA11,AD11,AG11,AJ11,AM11,AP11,AS11,AV11,AY11,BB11,BE11,BH11,BK11,BN11,BQ11,BT11,BW11,BZ11,CC11,CF11,CI11,CL11,CO11,CR11,CU11,CX11,DA11,DD11,DG11,DJ11,DM11) -> 0 | M11: =SUM(P11,S11,V11,Y11,AB11,AE11,AH11,AK11,AN11,AQ11,AT11,AW11,AZ11,BC11,BF11,BI11,BL11,BO11,BR11,BU11,BX11,CA11,CD11,CG11,CJ11,CM11,CP11,CS11,CV11,CY11,DB11,DE11,DH11,DK11,DN11) -> 0
A12: =A11+1 -> 8 | F12: 1111037 | G12: ชิฟฟอนเค้ก วรรณวนัช ห่อกระดาษ (รวมรส 8 ชิ้น) | K12: =SUM(N12,Q12,T12,W12,Z12,AC12,AF12,AI12,AL12,AO12,AR12,AU12,AX12,BA12,BD12,BG12,BJ12,BM12,BP12,BS12,BV12,BY12,CB12,CE12,CH12,CK12,CN12,CQ12,CT12,CW12,CZ12,DC12,DF12,DI12,DL12) -> 0 | L12: =SUM(O12,R12,U12,X12,AA12,AD12,AG12,AJ12,AM12,AP12,AS12,AV12,AY12,BB12,BE12,BH12,BK12,BN12,BQ12,BT12,BW12,BZ12,CC12,CF12,CI12,CL12,CO12,CR12,CU12,CX12,DA12,DD12,DG12,DJ12,DM12) -> 0 | M12: =SUM(P12,S12,V12,Y12,AB12,AE12,AH12,AK12,AN12,AQ12,AT12,AW12,AZ12,BC12,BF12,BI12,BL12,BO12,BR12,BU12,BX12,CA12,CD12,CG12,CJ12,CM12,CP12,CS12,CV12,CY12,DB12,DE12,DH12,DK12,DN12) -> 0
A13: =A12+1 -> 9 | F13: 1111040 | G13: ชิฟฟอนเค้กวรรณวนัช ห่อซีน (รวมรส 4 ชิ้น) | K13: =SUM(N13,Q13,T13,W13,Z13,AC13,AF13,AI13,AL13,AO13,AR13,AU13,AX13,BA13,BD13,BG13,BJ13,BM13,BP13,BS13,BV13,BY13,CB13,CE13,CH13,CK13,CN13,CQ13,CT13,CW13,CZ13,DC13,DF13,DI13,DL13) -> 0 | L13: =SUM(O13,R13,U13,X13,AA13,AD13,AG13,AJ13,AM13,AP13,AS13,AV13,AY13,BB13,BE13,BH13,BK13,BN13,BQ13,BT13,BW13,BZ13,CC13,CF13,CI13,CL13,CO13,CR13,CU13,CX13,DA13,DD13,DG13,DJ13,DM13) -> 0 | M13: =SUM(P13,S13,V13,Y13,AB13,AE13,AH13,AK13,AN13,AQ13,AT13,AW13,AZ13,BC13,BF13,BI13,BL13,BO13,BR13,BU13,BX13,CA13,CD13,CG13,CJ13,CM13,CP13,CS13,CV13,CY13,DB13,DE13,DH13,DK13,DN13) -> 0
A14: =A13+1 -> 10 | F14: 1111039 | G14: ชิฟฟอนเค้ก วรรรณวนัช ห่อซีน (รวมรส 8 ชิ้น) | K14: =SUM(N14,Q14,T14,W14,Z14,AC14,AF14,AI14,AL14,AO14,AR14,AU14,AX14,BA14,BD14,BG14,BJ14,BM14,BP14,BS14,BV14,BY14,CB14,CE14,CH14,CK14,CN14,CQ14,CT14,CW14,CZ14,DC14,DF14,DI14,DL14) -> 0 | L14: =SUM(O14,R14,U14,X14,AA14,AD14,AG14,AJ14,AM14,AP14,AS14,AV14,AY14,BB14,BE14,BH14,BK14,BN14,BQ14,BT14,BW14,BZ14,CC14,CF14,CI14,CL14,CO14,CR14,CU14,CX14,DA14,DD14,DG14,DJ14,DM14) -> 0 | M14: =SUM(P14,S14,V14,Y14,AB14,AE14,AH14,AK14,AN14,AQ14,AT14,AW14,AZ14,BC14,BF14,BI14,BL14,BO14,BR14,BU14,BX14,CA14,CD14,CG14,CJ14,CM14,CP14,CS14,CV14,CY14,DB14,DE14,DH14,DK14,DN14) -> 0
A15: =A14+1 -> 11 | F15: 1111041 | G15: ชิฟฟอนเค้ก วรรณวนัช กาแฟล้วน(รวมรส 4 ชิ้น) | K15: =SUM(N15,Q15,T15,W15,Z15,AC15,AF15,AI15,AL15,AO15,AR15,AU15,AX15,BA15,BD15,BG15,BJ15,BM15,BP15,BS15,BV15,BY15,CB15,CE15,CH15,CK15,CN15,CQ15,CT15,CW15,CZ15,DC15,DF15,DI15,DL15) -> 0 | L15: =SUM(O15,R15,U15,X15,AA15,AD15,AG15,AJ15,AM15,AP15,AS15,AV15,AY15,BB15,BE15,BH15,BK15,BN15,BQ15,BT15,BW15,BZ15,CC15,CF15,CI15,CL15,CO15,CR15,CU15,CX15,DA15,DD15,DG15,DJ15,DM15) -> 0 | M15: =SUM(P15,S15,V15,Y15,AB15,AE15,AH15,AK15,AN15,AQ15,AT15,AW15,AZ15,BC15,BF15,BI15,BL15,BO15,BR15,BU15,BX15,CA15,CD15,CG15,CJ15,CM15,CP15,CS15,CV15,CY15,DB15,DE15,DH15,DK15,DN15) -> 0
A16: =A15+1 -> 12 | F16: 1111043 | G16: ชิฟฟอนรสมะลิ 8 ชิ้น ห่อ ซีน | K16: =SUM(N16,Q16,T16,W16,Z16,AC16,AF16,AI16,AL16,AO16,AR16,AU16,AX16,BA16,BD16,BG16,BJ16,BM16,BP16,BS16,BV16,BY16,CB16,CE16,CH16,CK16,CN16,CQ16,CT16,CW16,CZ16,DC16,DF16,DI16,DL16) -> 0 | L16: =SUM(O16,R16,U16,X16,AA16,AD16,AG16,AJ16,AM16,AP16,AS16,AV16,AY16,BB16,BE16,BH16,BK16,BN16,BQ16,BT16,BW16,BZ16,CC16,CF16,CI16,CL16,CO16,CR16,CU16,CX16,DA16,DD16,DG16,DJ16,DM16) -> 0 | M16: =SUM(P16,S16,V16,Y16,AB16,AE16,AH16,AK16,AN16,AQ16,AT16,AW16,AZ16,BC16,BF16,BI16,BL16,BO16,BR16,BU16,BX16,CA16,CD16,CG16,CJ16,CM16,CP16,CS16,CV16,CY16,DB16,DE16,DH16,DK16,DN16) -> 0
A17: =A16+1 -> 13 | F17: 1113091 | G17: (BC) ชิฟฟ่อนรวมรส 4 ชิ้น | K17: =SUM(N17,Q17,T17,W17,Z17,AC17,AF17,AI17,AL17,AO17,AR17,AU17,AX17,BA17,BD17,BG17,BJ17,BM17,BP17,BS17,BV17,BY17,CB17,CE17,CH17,CK17,CN17,CQ17,CT17,CW17,CZ17,DC17,DF17,DI17,DL17) -> 0 | L17: =SUM(O17,R17,U17,X17,AA17,AD17,AG17,AJ17,AM17,AP17,AS17,AV17,AY17,BB17,BE17,BH17,BK17,BN17,BQ17,BT17,BW17,BZ17,CC17,CF17,CI17,CL17,CO17,CR17,CU17,CX17,DA17,DD17,DG17,DJ17,DM17) -> 0 | M17: =SUM(P17,S17,V17,Y17,AB17,AE17,AH17,AK17,AN17,AQ17,AT17,AW17,AZ17,BC17,BF17,BI17,BL17,BO17,BR17,BU17,BX17,CA17,CD17,CG17,CJ17,CM17,CP17,CS17,CV17,CY17,DB17,DE17,DH17,DK17,DN17) -> 0
... A100: =A99+1 -> 96 | F100: 1113062 | G100: (MK) ชิฟฟ่อนหม้อแกง | K100: =SUM(N100,Q100,T100,W100,Z100,AC100,AF100,AI100,AL100,AO100,AR100,AU100,AX100,BA100,BD100,BG100,BJ100,BM100,BP100,BS100,BV100,BY100,CB100,CE100,CH100,CK100,CN100,CQ100,CT100,CW100,CZ100,DC100,DF100,DI100,DL100) -> 0 | L100: =SUM(O100,R100,U100,X100,AA100,AD100,AG100,AJ100,AM100,AP100,AS100,AV100,AY100,BB100,BE100,BH100,BK100,BN100,BQ100,BT100,BW100,BZ100,CC100,CF100,CI100,CL100,CO100,CR100,CU100,CX100,DA100,DD100,DG100,DJ100,DM100) -> 0 | M100: =SUM(P100,S100,V100,Y100,AB100,AE100,AH100,AK100,AN100,AQ100,AT100,AW100,AZ100,BC100,BF100,BI100,BL100,BO100,BR100,BU100,BX100,CA100,CD100,CG100,CJ100,CM100,CP100,CS100,CV100,CY100,DB100,DE100,DH100,DK100,DN100) -> 0
A101: =A100+1 -> 97 | F101: 1113085 | K101: =SUM(N101,Q101,T101,W101,Z101,AC101,AF101,AI101,AL101,AO101,AR101,AU101,AX101,BA101,BD101,BG101,BJ101,BM101,BP101,BS101,BV101,BY101,CB101,CE101,CH101,CK101,CN101,CQ101,CT101,CW101,CZ101,DC101,DF101,DI101,DL101) -> 0 | L101: =SUM(O101,R101,U101,X101,AA101,AD101,AG101,AJ101,AM101,AP101,AS101,AV101,AY101,BB101,BE101,BH101,BK101,BN101,BQ101,BT101,BW101,BZ101,CC101,CF101,CI101,CL101,CO101,CR101,CU101,CX101,DA101,DD101,DG101,DJ101,DM101) -> 0 | M101: =SUM(P101,S101,V101,Y101,AB101,AE101,AH101,AK101,AN101,AQ101,AT101,AW101,AZ101,BC101,BF101,BI101,BL101,BO101,BR101,BU101,BX101,CA101,CD101,CG101,CJ101,CM101,CP101,CS101,CV101,CY101,DB101,DE101,DH101,DK101,DN101) -> 0
A102: =A101+1 -> 98 | F102: 1004074 | K102: =SUM(N102,Q102,T102,W102,Z102,AC102,AF102,AI102,AL102,AO102,AR102,AU102,AX102,BA102,BD102,BG102,BJ102,BM102,BP102,BS102,BV102,BY102,CB102,CE102,CH102,CK102,CN102,CQ102,CT102,CW102,CZ102,DC102,DF102,DI102,DL102) -> 0 | L102: =SUM(O102,R102,U102,X102,AA102,AD102,AG102,AJ102,AM102,AP102,AS102,AV102,AY102,BB102,BE102,BH102,BK102,BN102,BQ102,BT102,BW102,BZ102,CC102,CF102,CI102,CL102,CO102,CR102,CU102,CX102,DA102,DD102,DG102,DJ102,DM102) -> 0 | M102: =SUM(P102,S102,V102,Y102,AB102,AE102,AH102,AK102,AN102,AQ102,AT102,AW102,AZ102,BC102,BF102,BI102,BL102,BO102,BR102,BU102,BX102,CA102,CD102,CG102,CJ102,CM102,CP102,CS102,CV102,CY102,DB102,DE102,DH102,DK102,DN102) -> 0
A103: =A102+1 -> 99 | F103: 20053053 | K103: =SUM(N103,Q103,T103,W103,Z103,AC103,AF103,AI103,AL103,AO103,AR103,AU103,AX103,BA103,BD103,BG103,BJ103,BM103,BP103,BS103,BV103,BY103,CB103,CE103,CH103,CK103,CN103,CQ103,CT103,CW103,CZ103,DC103,DF103,DI103,DL103) -> 0 | L103: =SUM(O103,R103,U103,X103,AA103,AD103,AG103,AJ103,AM103,AP103,AS103,AV103,AY103,BB103,BE103,BH103,BK103,BN103,BQ103,BT103,BW103,BZ103,CC103,CF103,CI103,CL103,CO103,CR103,CU103,CX103,DA103,DD103,DG103,DJ103,DM103) -> 0 | M103: =SUM(P103,S103,V103,Y103,AB103,AE103,AH103,AK103,AN103,AQ103,AT103,AW103,AZ103,BC103,BF103,BI103,BL103,BO103,BR103,BU103,BX103,CA103,CD103,CG103,CJ103,CM103,CP103,CS103,CV103,CY103,DB103,DE103,DH103,DK103,DN103) -> 0
A104: =A103+1 -> 100 | F104: 1113157 | G104: (BC) เค้กลอดช่อง 85 g. | K104: =SUM(N104,Q104,T104,W104,Z104,AC104,AF104,AI104,AL104,AO104,AR104,AU104,AX104,BA104,BD104,BG104,BJ104,BM104,BP104,BS104,BV104,BY104,CB104,CE104,CH104,CK104,CN104,CQ104,CT104,CW104,CZ104,DC104,DF104,DI104,DL104) -> 0 | L104: =SUM(O104,R104,U104,X104,AA104,AD104,AG104,AJ104,AM104,AP104,AS104,AV104,AY104,BB104,BE104,BH104,BK104,BN104,BQ104,BT104,BW104,BZ104,CC104,CF104,CI104,CL104,CO104,CR104,CU104,CX104,DA104,DD104,DG104,DJ104,DM104) -> 0 | M104: =SUM(P104,S104,V104,Y104,AB104,AE104,AH104,AK104,AN104,AQ104,AT104,AW104,AZ104,BC104,BF104,BI104,BL104,BO104,BR104,BU104,BX104,CA104,CD104,CG104,CJ104,CM104,CP104,CS104,CV104,CY104,DB104,DE104,DH104,DK104,DN104) -> 0
A105: =A104+1 -> 101 | F105: 1004064 | K105: =SUM(N105,Q105,T105,W105,Z105,AC105,AF105,AI105,AL105,AO105,AR105,AU105,AX105,BA105,BD105,BG105,BJ105,BM105,BP105,BS105,BV105,BY105,CB105,CE105,CH105,CK105,CN105,CQ105,CT105,CW105,CZ105,DC105,DF105,DI105,DL105) -> 0 | L105: =SUM(O105,R105,U105,X105,AA105,AD105,AG105,AJ105,AM105,AP105,AS105,AV105,AY105,BB105,BE105,BH105,BK105,BN105,BQ105,BT105,BW105,BZ105,CC105,CF105,CI105,CL105,CO105,CR105,CU105,CX105,DA105,DD105,DG105,DJ105,DM105) -> 0 | M105: =SUM(P105,S105,V105,Y105,AB105,AE105,AH105,AK105,AN105,AQ105,AT105,AW105,AZ105,BC105,BF105,BI105,BL105,BO105,BR105,BU105,BX105,CA105,CD105,CG105,CJ105,CM105,CP105,CS105,CV105,CY105,DB105,DE105,DH105,DK105,DN105) -> 0
A106: =A105+1 -> 102 | F106: 20052724 | K106: =SUM(N106,Q106,T106,W106,Z106,AC106,AF106,AI106,AL106,AO106,AR106,AU106,AX106,BA106,BD106,BG106,BJ106,BM106,BP106,BS106,BV106,BY106,CB106,CE106,CH106,CK106,CN106,CQ106,CT106,CW106,CZ106,DC106,DF106,DI106,DL106) -> 0 | L106: =SUM(O106,R106,U106,X106,AA106,AD106,AG106,AJ106,AM106,AP106,AS106,AV106,AY106,BB106,BE106,BH106,BK106,BN106,BQ106,BT106,BW106,BZ106,CC106,CF106,CI106,CL106,CO106,CR106,CU106,CX106,DA106,DD106,DG106,DJ106,DM106) -> 0 | M106: =SUM(P106,S106,V106,Y106,AB106,AE106,AH106,AK106,AN106,AQ106,AT106,AW106,AZ106,BC106,BF106,BI106,BL106,BO106,BR106,BU106,BX106,CA106,CD106,CG106,CJ106,CM106,CP106,CS106,CV106,CY106,DB106,DE106,DH106,DK106,DN106) -> 0
A107: =A106+1 -> 103 | F107: 1004072 | G107: เค้กโบราณ ครีม (2ชิ้น) | K107: =SUM(N107,Q107,T107,W107,Z107,AC107,AF107,AI107,AL107,AO107,AR107,AU107,AX107,BA107,BD107,BG107,BJ107,BM107,BP107,BS107,BV107,BY107,CB107,CE107,CH107,CK107,CN107,CQ107,CT107,CW107,CZ107,DC107,DF107,DI107,DL107) -> 0 | L107: =SUM(O107,R107,U107,X107,AA107,AD107,AG107,AJ107,AM107,AP107,AS107,AV107,AY107,BB107,BE107,BH107,BK107,BN107,BQ107,BT107,BW107,BZ107,CC107,CF107,CI107,CL107,CO107,CR107,CU107,CX107,DA107,DD107,DG107,DJ107,DM107) -> 0 | M107: =SUM(P107,S107,V107,Y107,AB107,AE107,AH107,AK107,AN107,AQ107,AT107,AW107,AZ107,BC107,BF107,BI107,BL107,BO107,BR107,BU107,BX107,CA107,CD107,CG107,CJ107,CM107,CP107,CS107,CV107,CY107,DB107,DE107,DH107,DK107,DN107) -> 0
A108: =A107+1 -> 104 | F108: 1004073 | G108: เค้กโบราณ ผลไม้ (2 ชิ้น) | K108: =SUM(N108,Q108,T108,W108,Z108,AC108,AF108,AI108,AL108,AO108,AR108,AU108,AX108,BA108,BD108,BG108,BJ108,BM108,BP108,BS108,BV108,BY108,CB108,CE108,CH108,CK108,CN108,CQ108,CT108,CW108,CZ108,DC108,DF108,DI108,DL108) -> 0 | L108: =SUM(O108,R108,U108,X108,AA108,AD108,AG108,AJ108,AM108,AP108,AS108,AV108,AY108,BB108,BE108,BH108,BK108,BN108,BQ108,BT108,BW108,BZ108,CC108,CF108,CI108,CL108,CO108,CR108,CU108,CX108,DA108,DD108,DG108,DJ108,DM108) -> 0 | M108: =SUM(P108,S108,V108,Y108,AB108,AE108,AH108,AK108,AN108,AQ108,AT108,AW108,AZ108,BC108,BF108,BI108,BL108,BO108,BR108,BU108,BX108,CA108,CD108,CG108,CJ108,CM108,CP108,CS108,CV108,CY108,DB108,DE108,DH108,DK108,DN108) -> 0
A109: =A108+1 -> 105 | F109: 1113006 | G109: เค้กโบราณ ครีม (4 ชิ้น) | K109: =SUM(N109,Q109,T109,W109,Z109,AC109,AF109,AI109,AL109,AO109,AR109,AU109,AX109,BA109,BD109,BG109,BJ109,BM109,BP109,BS109,BV109,BY109,CB109,CE109,CH109,CK109,CN109,CQ109,CT109,CW109,CZ109,DC109,DF109,DI109,DL109) -> 0 | L109: =SUM(O109,R109,U109,X109,AA109,AD109,AG109,AJ109,AM109,AP109,AS109,AV109,AY109,BB109,BE109,BH109,BK109,BN109,BQ109,BT109,BW109,BZ109,CC109,CF109,CI109,CL109,CO109,CR109,CU109,CX109,DA109,DD109,DG109,DJ109,DM109) -> 0 | M109: =SUM(P109,S109,V109,Y109,AB109,AE109,AH109,AK109,AN109,AQ109,AT109,AW109,AZ109,BC109,BF109,BI109,BL109,BO109,BR109,BU109,BX109,CA109,CD109,CG109,CJ109,CM109,CP109,CS109,CV109,CY109,DB109,DE109,DH109,DK109,DN109) -> 0
A110: =A109+1 -> 106 | F110: 1113007 | G110: เค้กโบราณ ผลไม้ (4 ชิ้น) | K110: =SUM(N110,Q110,T110,W110,Z110,AC110,AF110,AI110,AL110,AO110,AR110,AU110,AX110,BA110,BD110,BG110,BJ110,BM110,BP110,BS110,BV110,BY110,CB110,CE110,CH110,CK110,CN110,CQ110,CT110,CW110,CZ110,DC110,DF110,DI110,DL110) -> 0 | L110: =SUM(O110,R110,U110,X110,AA110,AD110,AG110,AJ110,AM110,AP110,AS110,AV110,AY110,BB110,BE110,BH110,BK110,BN110,BQ110,BT110,BW110,BZ110,CC110,CF110,CI110,CL110,CO110,CR110,CU110,CX110,DA110,DD110,DG110,DJ110,DM110) -> 0 | M110: =SUM(P110,S110,V110,Y110,AB110,AE110,AH110,AK110,AN110,AQ110,AT110,AW110,AZ110,BC110,BF110,BI110,BL110,BO110,BR110,BU110,BX110,CA110,CD110,CG110,CJ110,CM110,CP110,CS110,CV110,CY110,DB110,DE110,DH110,DK110,DN110) -> 0
A111: =A110+1 -> 107 | F111: 1113008 | G111: เค้กโบราณ รวมรส (4 ชิ้น) | K111: =SUM(N111,Q111,T111,W111,Z111,AC111,AF111,AI111,AL111,AO111,AR111,AU111,AX111,BA111,BD111,BG111,BJ111,BM111,BP111,BS111,BV111,BY111,CB111,CE111,CH111,CK111,CN111,CQ111,CT111,CW111,CZ111,DC111,DF111,DI111,DL111) -> 0 | L111: =SUM(O111,R111,U111,X111,AA111,AD111,AG111,AJ111,AM111,AP111,AS111,AV111,AY111,BB111,BE111,BH111,BK111,BN111,BQ111,BT111,BW111,BZ111,CC111,CF111,CI111,CL111,CO111,CR111,CU111,CX111,DA111,DD111,DG111,DJ111,DM111) -> 0 | M111: =SUM(P111,S111,V111,Y111,AB111,AE111,AH111,AK111,AN111,AQ111,AT111,AW111,AZ111,BC111,BF111,BI111,BL111,BO111,BR111,BU111,BX111,CA111,CD111,CG111,CJ111,CM111,CP111,CS111,CV111,CY111,DB111,DE111,DH111,DK111,DN111) -> 0
A112: =A111+1 -> 108 | F112: 1113107 | G112: โบราณใหญ่ 12 ชิ้น | K112: =SUM(N112,Q112,T112,W112,Z112,AC112,AF112,AI112,AL112,AO112,AR112,AU112,AX112,BA112,BD112,BG112,BJ112,BM112,BP112,BS112,BV112,BY112,CB112,CE112,CH112,CK112,CN112,CQ112,CT112,CW112,CZ112,DC112,DF112,DI112,DL112) -> 0 | L112: =SUM(O112,R112,U112,X112,AA112,AD112,AG112,AJ112,AM112,AP112,AS112,AV112,AY112,BB112,BE112,BH112,BK112,BN112,BQ112,BT112,BW112,BZ112,CC112,CF112,CI112,CL112,CO112,CR112,CU112,CX112,DA112,DD112,DG112,DJ112,DM112) -> 0 | M112: =SUM(P112,S112,V112,Y112,AB112,AE112,AH112,AK112,AN112,AQ112,AT112,AW112,AZ112,BC112,BF112,BI112,BL112,BO112,BR112,BU112,BX112,CA112,CD112,CG112,CJ112,CM112,CP112,CS112,CV112,CY112,DB112,DE112,DH112,DK112,DN112) -> 0
A113: =A112+1 -> 109 | F113: 1113120 | G113: โบราณใหญ่หน้าครีม (แผ่น) | K113: =SUM(N113,Q113,T113,W113,Z113,AC113,AF113,AI113,AL113,AO113,AR113,AU113,AX113,BA113,BD113,BG113,BJ113,BM113,BP113,BS113,BV113,BY113,CB113,CE113,CH113,CK113,CN113,CQ113,CT113,CW113,CZ113,DC113,DF113,DI113,DL113) -> 0 | L113: =SUM(O113,R113,U113,X113,AA113,AD113,AG113,AJ113,AM113,AP113,AS113,AV113,AY113,BB113,BE113,BH113,BK113,BN113,BQ113,BT113,BW113,BZ113,CC113,CF113,CI113,CL113,CO113,CR113,CU113,CX113,DA113,DD113,DG113,DJ113,DM113) -> 0 | M113: =SUM(P113,S113,V113,Y113,AB113,AE113,AH113,AK113,AN113,AQ113,AT113,AW113,AZ113,BC113,BF113,BI113,BL113,BO113,BR113,BU113,BX113,CA113,CD113,CG113,CJ113,CM113,CP113,CS113,CV113,CY113,DB113,DE113,DH113,DK113,DN113) -> 0
A114: =A113+1 -> 110 | F114: 1113092 | G114: (BC) เค้กโบราณ 4 ชิ้น | K114: =SUM(N114,Q114,T114,W114,Z114,AC114,AF114,AI114,AL114,AO114,AR114,AU114,AX114,BA114,BD114,BG114,BJ114,BM114,BP114,BS114,BV114,BY114,CB114,CE114,CH114,CK114,CN114,CQ114,CT114,CW114,CZ114,DC114,DF114,DI114,DL114) -> 0 | L114: =SUM(O114,R114,U114,X114,AA114,AD114,AG114,AJ114,AM114,AP114,AS114,AV114,AY114,BB114,BE114,BH114,BK114,BN114,BQ114,BT114,BW114,BZ114,CC114,CF114,CI114,CL114,CO114,CR114,CU114,CX114,DA114,DD114,DG114,DJ114,DM114) -> 0 | M114: =SUM(P114,S114,V114,Y114,AB114,AE114,AH114,AK114,AN114,AQ114,AT114,AW114,AZ114,BC114,BF114,BI114,BL114,BO114,BR114,BU114,BX114,CA114,CD114,CG114,CJ114,CM114,CP114,CS114,CV114,CY114,DB114,DE114,DH114,DK114,DN114) -> 0
A115: =A114+1 -> 111 | F115: 1113146 | G115: โบราณ 4 ชิ้น (กล่องแดง) | K115: =SUM(N115,Q115,T115,W115,Z115,AC115,AF115,AI115,AL115,AO115,AR115,AU115,AX115,BA115,BD115,BG115,BJ115,BM115,BP115,BS115,BV115,BY115,CB115,CE115,CH115,CK115,CN115,CQ115,CT115,CW115,CZ115,DC115,DF115,DI115,DL115) -> 0 | L115: =SUM(O115,R115,U115,X115,AA115,AD115,AG115,AJ115,AM115,AP115,AS115,AV115,AY115,BB115,BE115,BH115,BK115,BN115,BQ115,BT115,BW115,BZ115,CC115,CF115,CI115,CL115,CO115,CR115,CU115,CX115,DA115,DD115,DG115,DJ115,DM115) -> 0 | M115: =SUM(P115,S115,V115,Y115,AB115,AE115,AH115,AK115,AN115,AQ115,AT115,AW115,AZ115,BC115,BF115,BI115,BL115,BO115,BR115,BU115,BX115,CA115,CD115,CG115,CJ115,CM115,CP115,CS115,CV115,CY115,DB115,DE115,DH115,DK115,DN115) -> 0
A116: =A115+1 -> 112 | F116: 1113147 | G116: โบราณ 4 ชิ้น (กล่องแดง) แบบแผ่น | K116: =SUM(N116,Q116,T116,W116,Z116,AC116,AF116,AI116,AL116,AO116,AR116,AU116,AX116,BA116,BD116,BG116,BJ116,BM116,BP116,BS116,BV116,BY116,CB116,CE116,CH116,CK116,CN116,CQ116,CT116,CW116,CZ116,DC116,DF116,DI116,DL116) -> 0 | L116: =SUM(O116,R116,U116,X116,AA116,AD116,AG116,AJ116,AM116,AP116,AS116,AV116,AY116,BB116,BE116,BH116,BK116,BN116,BQ116,BT116,BW116,BZ116,CC116,CF116,CI116,CL116,CO116,CR116,CU116,CX116,DA116,DD116,DG116,DJ116,DM116) -> 0 | M116: =SUM(P116,S116,V116,Y116,AB116,AE116,AH116,AK116,AN116,AQ116,AT116,AW116,AZ116,BC116,BF116,BI116,BL116,BO116,BR116,BU116,BX116,CA116,CD116,CG116,CJ116,CM116,CP116,CS116,CV116,CY116,DB116,DE116,DH116,DK116,DN116) -> 0
A117: =A116+1 -> 113 | F117: 20036350 | G117: Wanwanach_เค้กโบราณ 200 g | K117: =SUM(N117,Q117,T117,W117,Z117,AC117,AF117,AI117,AL117,AO117,AR117,AU117,AX117,BA117,BD117,BG117,BJ117,BM117,BP117,BS117,BV117,BY117,CB117,CE117,CH117,CK117,CN117,CQ117,CT117,CW117,CZ117,DC117,DF117,DI117,DL117) -> 0 | L117: =SUM(O117,R117,U117,X117,AA117,AD117,AG117,AJ117,AM117,AP117,AS117,AV117,AY117,BB117,BE117,BH117,BK117,BN117,BQ117,BT117,BW117,BZ117,CC117,CF117,CI117,CL117,CO117,CR117,CU117,CX117,DA117,DD117,DG117,DJ117,DM117) -> 0 | M117: =SUM(P117,S117,V117,Y117,AB117,AE117,AH117,AK117,AN117,AQ117,AT117,AW117,AZ117,BC117,BF117,BI117,BL117,BO117,BR117,BU117,BX117,CA117,CD117,CG117,CJ117,CM117,CP117,CS117,CV117,CY117,DB117,DE117,DH117,DK117,DN117) -> 0
A118: =A117+1 -> 114 | F118: 1113162 | G118: เค้กโบราณครีม 12 ชิ้น | K118: =SUM(N118,Q118,T118,W118,Z118,AC118,AF118,AI118,AL118,AO118,AR118,AU118,AX118,BA118,BD118,BG118,BJ118,BM118,BP118,BS118,BV118,BY118,CB118,CE118,CH118,CK118,CN118,CQ118,CT118,CW118,CZ118,DC118,DF118,DI118,DL118) -> 0 | L118: =SUM(O118,R118,U118,X118,AA118,AD118,AG118,AJ118,AM118,AP118,AS118,AV118,AY118,BB118,BE118,BH118,BK118,BN118,BQ118,BT118,BW118,BZ118,CC118,CF118,CI118,CL118,CO118,CR118,CU118,CX118,DA118,DD118,DG118,DJ118,DM118) -> 0 | M118: =SUM(P118,S118,V118,Y118,AB118,AE118,AH118,AK118,AN118,AQ118,AT118,AW118,AZ118,BC118,BF118,BI118,BL118,BO118,BR118,BU118,BX118,CA118,CD118,CG118,CJ118,CM118,CP118,CS118,CV118,CY118,DB118,DE118,DH118,DK118,DN118) -> 0
... A135: =A134+1 -> 131 | F135: 1111408 | G135: เค้กวันเกิดสตอเบอรี่ 1 ปอนด์ | K135: =SUM(N135,Q135,T135,W135,Z135,AC135,AF135,AI135,AL135,AO135,AR135,AU135,AX135,BA135,BD135,BG135,BJ135,BM135,BP135,BS135,BV135,BY135,CB135,CE135,CH135,CK135,CN135,CQ135,CT135,CW135,CZ135,DC135,DF135,DI135,DL135) -> 0 | L135: =SUM(O135,R135,U135,X135,AA135,AD135,AG135,AJ135,AM135,AP135,AS135,AV135,AY135,BB135,BE135,BH135,BK135,BN135,BQ135,BT135,BW135,BZ135,CC135,CF135,CI135,CL135,CO135,CR135,CU135,CX135,DA135,DD135,DG135,DJ135,DM135) -> 0 | M135: =SUM(P135,S135,V135,Y135,AB135,AE135,AH135,AK135,AN135,AQ135,AT135,AW135,AZ135,BC135,BF135,BI135,BL135,BO135,BR135,BU135,BX135,CA135,CD135,CG135,CJ135,CM135,CP135,CS135,CV135,CY135,DB135,DE135,DH135,DK135,DN135) -> 0
A136: =A135+1 -> 132 | F136: 1111409 | G136: เค้กวันเกิดช็อกโกแลต 1/2 ปอนด์ | L136: =SUM(O136,R136,U136,X136,AA136,AD136,AG136,AJ136,AM136,AP136,AS136,AV136,AY136,BB136,BE136,BH136,BK136,BN136,BQ136,BT136,BW136,BZ136,CC136,CF136,CI136,CL136,CO136,CR136,CU136,CX136,DA136,DD136,DG136,DJ136,DM136) -> 0
A137: =A136+1 -> 133 | F137: 1111410 | G137: เค้กวันเกิดมะพร้าว 1/2 ปอนด์ | K137: =SUM(N137,Q137,T137,W137,Z137,AC137,AF137,AI137,AL137,AO137,AR137,AU137,AX137,BA137,BD137,BG137,BJ137,BM137,BP137,BS137,BV137,BY137,CB137,CE137,CH137,CK137,CN137,CQ137,CT137,CW137,CZ137,DC137,DF137,DI137,DL137) -> 0 | L137: =SUM(O137,R137,U137,X137,AA137,AD137,AG137,AJ137,AM137,AP137,AS137,AV137,AY137,BB137,BE137,BH137,BK137,BN137,BQ137,BT137,BW137,BZ137,CC137,CF137,CI137,CL137,CO137,CR137,CU137,CX137,DA137,DD137,DG137,DJ137,DM137) -> 0 | M137: =SUM(P137,S137,V137,Y137,AB137,AE137,AH137,AK137,AN137,AQ137,AT137,AW137,AZ137,BC137,BF137,BI137,BL137,BO137,BR137,BU137,BX137,CA137,CD137,CG137,CJ137,CM137,CP137,CS137,CV137,CY137,DB137,DE137,DH137,DK137,DN137) -> 0
A138: =A137+1 -> 134 | F138: 1111411 | G138: เค้กวันเกิดส้ม 1/2 ปอนด์ | K138: =SUM(N138,Q138,T138,W138,Z138,AC138,AF138,AI138,AL138,AO138,AR138,AU138,AX138,BA138,BD138,BG138,BJ138,BM138,BP138,BS138,BV138,BY138,CB138,CE138,CH138,CK138,CN138,CQ138,CT138,CW138,CZ138,DC138,DF138,DI138,DL138) -> 0 | L138: =SUM(O138,R138,U138,X138,AA138,AD138,AG138,AJ138,AM138,AP138,AS138,AV138,AY138,BB138,BE138,BH138,BK138,BN138,BQ138,BT138,BW138,BZ138,CC138,CF138,CI138,CL138,CO138,CR138,CU138,CX138,DA138,DD138,DG138,DJ138,DM138) -> 0 | M138: =SUM(P138,S138,V138,Y138,AB138,AE138,AH138,AK138,AN138,AQ138,AT138,AW138,AZ138,BC138,BF138,BI138,BL138,BO138,BR138,BU138,BX138,CA138,CD138,CG138,CJ138,CM138,CP138,CS138,CV138,CY138,DB138,DE138,DH138,DK138,DN138) -> 0
A139: =A138+1 -> 135 | F139: 1111412 | G139: เค้กวันเกิดสตอเบอรี่ 1/2 ปอนด์ | K139: =SUM(N139,Q139,T139,W139,Z139,AC139,AF139,AI139,AL139,AO139,AR139,AU139,AX139,BA139,BD139,BG139,BJ139,BM139,BP139,BS139,BV139,BY139,CB139,CE139,CH139,CK139,CN139,CQ139,CT139,CW139,CZ139,DC139,DF139,DI139,DL139) -> 0 | L139: =SUM(O139,R139,U139,X139,AA139,AD139,AG139,AJ139,AM139,AP139,AS139,AV139,AY139,BB139,BE139,BH139,BK139,BN139,BQ139,BT139,BW139,BZ139,CC139,CF139,CI139,CL139,CO139,CR139,CU139,CX139,DA139,DD139,DG139,DJ139,DM139) -> 0 | M139: =SUM(P139,S139,V139,Y139,AB139,AE139,AH139,AK139,AN139,AQ139,AT139,AW139,AZ139,BC139,BF139,BI139,BL139,BO139,BR139,BU139,BX139,CA139,CD139,CG139,CJ139,CM139,CP139,CS139,CV139,CY139,DB139,DE139,DH139,DK139,DN139) -> 0
A140: =A139+1 -> 136 | F140: 1004078 | G140: เครปโรลฝอยทอง (วานิลลา) | K140: =SUM(N140,Q140,T140,W140,Z140,AC140,AF140,AI140,AL140,AO140,AR140,AU140,AX140,BA140,BD140,BG140,BJ140,BM140,BP140,BS140,BV140,BY140,CB140,CE140,CH140,CK140,CN140,CQ140,CT140,CW140,CZ140,DC140,DF140,DI140,DL140) -> 0 | L140: =SUM(O140,R140,U140,X140,AA140,AD140,AG140,AJ140,AM140,AP140,AS140,AV140,AY140,BB140,BE140,BH140,BK140,BN140,BQ140,BT140,BW140,BZ140,CC140,CF140,CI140,CL140,CO140,CR140,CU140,CX140,DA140,DD140,DG140,DJ140,DM140) -> 0 | M140: =SUM(P140,S140,V140,Y140,AB140,AE140,AH140,AK140,AN140,AQ140,AT140,AW140,AZ140,BC140,BF140,BI140,BL140,BO140,BR140,BU140,BX140,CA140,CD140,CG140,CJ140,CM140,CP140,CS140,CV140,CY140,DB140,DE140,DH140,DK140,DN140) -> 0
A141: =A140+1 -> 137 | F141: 1005983 | G141: เครปโรลฝอยทอง (ใบเตย) วงกลม | K141: =SUM(N141,Q141,T141,W141,Z141,AC141,AF141,AI141,AL141,AO141,AR141,AU141,AX141,BA141,BD141,BG141,BJ141,BM141,BP141,BS141,BV141,BY141,CB141,CE141,CH141,CK141,CN141,CQ141,CT141,CW141,CZ141,DC141,DF141,DI141,DL141) -> 0 | L141: =SUM(O141,R141,U141,X141,AA141,AD141,AG141,AJ141,AM141,AP141,AS141,AV141,AY141,BB141,BE141,BH141,BK141,BN141,BQ141,BT141,BW141,BZ141,CC141,CF141,CI141,CL141,CO141,CR141,CU141,CX141,DA141,DD141,DG141,DJ141,DM141) -> 0 | M141: =SUM(P141,S141,V141,Y141,AB141,AE141,AH141,AK141,AN141,AQ141,AT141,AW141,AZ141,BC141,BF141,BI141,BL141,BO141,BR141,BU141,BX141,CA141,CD141,CG141,CJ141,CM141,CP141,CS141,CV141,CY141,DB141,DE141,DH141,DK141,DN141) -> 0
A142: =A141+1 -> 138 | F142: 1113090 | G142: (BC) เครปโรลใบเตย ท๊อปซีน | K142: =SUM(N142,Q142,T142,W142,Z142,AC142,AF142,AI142,AL142,AO142,AR142,AU142,AX142,BA142,BD142,BG142,BJ142,BM142,BP142,BS142,BV142,BY142,CB142,CE142,CH142,CK142,CN142,CQ142,CT142,CW142,CZ142,DC142,DF142,DI142,DL142) -> 0 | L142: =SUM(O142,R142,U142,X142,AA142,AD142,AG142,AJ142,AM142,AP142,AS142,AV142,AY142,BB142,BE142,BH142,BK142,BN142,BQ142,BT142,BW142,BZ142,CC142,CF142,CI142,CL142,CO142,CR142,CU142,CX142,DA142,DD142,DG142,DJ142,DM142) -> 0 | M142: =SUM(P142,S142,V142,Y142,AB142,AE142,AH142,AK142,AN142,AQ142,AT142,AW142,AZ142,BC142,BF142,BI142,BL142,BO142,BR142,BU142,BX142,CA142,CD142,CG142,CJ142,CM142,CP142,CS142,CV142,CY142,DB142,DE142,DH142,DK142,DN142) -> 0
A143: =A142+1 -> 139 | F143: 1004077 | G143: เอแคลร์ไข่เค็ม 6 ชิ้น | K143: =SUM(N143,Q143,T143,W143,Z143,AC143,AF143,AI143,AL143,AO143,AR143,AU143,AX143,BA143,BD143,BG143,BJ143,BM143,BP143,BS143,BV143,BY143,CB143,CE143,CH143,CK143,CN143,CQ143,CT143,CW143,CZ143,DC143,DF143,DI143,DL143) -> 0 | L143: =SUM(O143,R143,U143,X143,AA143,AD143,AG143,AJ143,AM143,AP143,AS143,AV143,AY143,BB143,BE143,BH143,BK143,BN143,BQ143,BT143,BW143,BZ143,CC143,CF143,CI143,CL143,CO143,CR143,CU143,CX143,DA143,DD143,DG143,DJ143,DM143) -> 0 | M143: =SUM(P143,S143,V143,Y143,AB143,AE143,AH143,AK143,AN143,AQ143,AT143,AW143,AZ143,BC143,BF143,BI143,BL143,BO143,BR143,BU143,BX143,CA143,CD143,CG143,CJ143,CM143,CP143,CS143,CV143,CY143,DB143,DE143,DH143,DK143,DN143) -> 0
A144: =A143+1 -> 140 | F144: 1004076 | G144: เอแคลร์นมสด (8 ชิ้น) | K144: =SUM(N144,Q144,T144,W144,Z144,AC144,AF144,AI144,AL144,AO144,AR144,AU144,AX144,BA144,BD144,BG144,BJ144,BM144,BP144,BS144,BV144,BY144,CB144,CE144,CH144,CK144,CN144,CQ144,CT144,CW144,CZ144,DC144,DF144,DI144,DL144) -> 0 | L144: =SUM(O144,R144,U144,X144,AA144,AD144,AG144,AJ144,AM144,AP144,AS144,AV144,AY144,BB144,BE144,BH144,BK144,BN144,BQ144,BT144,BW144,BZ144,CC144,CF144,CI144,CL144,CO144,CR144,CU144,CX144,DA144,DD144,DG144,DJ144,DM144) -> 0 | M144: =SUM(P144,S144,V144,Y144,AB144,AE144,AH144,AK144,AN144,AQ144,AT144,AW144,AZ144,BC144,BF144,BI144,BL144,BO144,BR144,BU144,BX144,CA144,CD144,CG144,CJ144,CM144,CP144,CS144,CV144,CY144,DB144,DE144,DH144,DK144,DN144) -> 0
A145: =A144+1 -> 141 | F145: 1113087 | G145: (BC) เอแคลร์ 6 ชิ้น | K145: =SUM(N145,Q145,T145,W145,Z145,AC145,AF145,AI145,AL145,AO145,AR145,AU145,AX145,BA145,BD145,BG145,BJ145,BM145,BP145,BS145,BV145,BY145,CB145,CE145,CH145,CK145,CN145,CQ145,CT145,CW145,CZ145,DC145,DF145,DI145,DL145) -> 0 | L145: =SUM(O145,R145,U145,X145,AA145,AD145,AG145,AJ145,AM145,AP145,AS145,AV145,AY145,BB145,BE145,BH145,BK145,BN145,BQ145,BT145,BW145,BZ145,CC145,CF145,CI145,CL145,CO145,CR145,CU145,CX145,DA145,DD145,DG145,DJ145,DM145) -> 0 | M145: =SUM(P145,S145,V145,Y145,AB145,AE145,AH145,AK145,AN145,AQ145,AT145,AW145,AZ145,BC145,BF145,BI145,BL145,BO145,BR145,BU145,BX145,CA145,CD145,CG145,CJ145,CM145,CP145,CS145,CV145,CY145,DB145,DE145,DH145,DK145,DN145) -> 0
A146: =A145+1 -> 142 | F146: 20039044 | G146: Wanwanach_เอแคลร์นมสด 125 g | K146: =SUM(N146,Q146,T146,W146,Z146,AC146,AF146,AI146,AL146,AO146,AR146,AU146,AX146,BA146,BD146,BG146,BJ146,BM146,BP146,BS146,BV146,BY146,CB146,CE146,CH146,CK146,CN146,CQ146,CT146,CW146,CZ146,DC146,DF146,DI146,DL146) -> 0 | L146: =SUM(O146,R146,U146,X146,AA146,AD146,AG146,AJ146,AM146,AP146,AS146,AV146,AY146,BB146,BE146,BH146,BK146,BN146,BQ146,BT146,BW146,BZ146,CC146,CF146,CI146,CL146,CO146,CR146,CU146,CX146,DA146,DD146,DG146,DJ146,DM146) -> 0 | M146: =SUM(P146,S146,V146,Y146,AB146,AE146,AH146,AK146,AN146,AQ146,AT146,AW146,AZ146,BC146,BF146,BI146,BL146,BO146,BR146,BU146,BX146,CA146,CD146,CG146,CJ146,CM146,CP146,CS146,CV146,CY146,DB146,DE146,DH146,DK146,DN146) -> 0
A147: =A146+1 -> 143 | F147: 1100011 | G147: ชุดขนมจัดเบรค (set C) | K147: =SUM(N147,Q147,T147,W147,Z147,AC147,AF147,AI147,AL147,AO147,AR147,AU147,AX147,BA147,BD147,BG147,BJ147,BM147,BP147,BS147,BV147,BY147,CB147,CE147,CH147,CK147,CN147,CQ147,CT147,CW147,CZ147,DC147,DF147,DI147,DL147) -> 0 | L147: =SUM(O147,R147,U147,X147,AA147,AD147,AG147,AJ147,AM147,AP147,AS147,AV147,AY147,BB147,BE147,BH147,BK147,BN147,BQ147,BT147,BW147,BZ147,CC147,CF147,CI147,CL147,CO147,CR147,CU147,CX147,DA147,DD147,DG147,DJ147,DM147) -> 0 | M147: =SUM(P147,S147,V147,Y147,AB147,AE147,AH147,AK147,AN147,AQ147,AT147,AW147,AZ147,BC147,BF147,BI147,BL147,BO147,BR147,BU147,BX147,CA147,CD147,CG147,CJ147,CM147,CP147,CS147,CV147,CY147,DB147,DE147,DH147,DK147,DN147) -> 0
A148: =A147+1 -> 144 | F148: 1100012 | G148: ชุดขนมจัดเบรค (set B) | K148: =SUM(N148,Q148,T148,W148,Z148,AC148,AF148,AI148,AL148,AO148,AR148,AU148,AX148,BA148,BD148,BG148,BJ148,BM148,BP148,BS148,BV148,BY148,CB148,CE148,CH148,CK148,CN148,CQ148,CT148,CW148,CZ148,DC148,DF148,DI148,DL148) -> 0 | L148: =SUM(O148,R148,U148,X148,AA148,AD148,AG148,AJ148,AM148,AP148,AS148,AV148,AY148,BB148,BE148,BH148,BK148,BN148,BQ148,BT148,BW148,BZ148,CC148,CF148,CI148,CL148,CO148,CR148,CU148,CX148,DA148,DD148,DG148,DJ148,DM148) -> 0 | M148: =SUM(P148,S148,V148,Y148,AB148,AE148,AH148,AK148,AN148,AQ148,AT148,AW148,AZ148,BC148,BF148,BI148,BL148,BO148,BR148,BU148,BX148,CA148,CD148,CG148,CJ148,CM148,CP148,CS148,CV148,CY148,DB148,DE148,DH148,DK148,DN148) -> 0
... A163: =A162+1 -> 159 | F163: 1005979 | G163: ใบเตย ครีมเค้ก (หน้าขาว) | K163: =SUM(N163,Q163,T163,W163,Z163,AC163,AF163,AI163,AL163,AO163,AR163,AU163,AX163,BA163,BD163,BG163,BJ163,BM163,BP163,BS163,BV163,BY163,CB163,CE163,CH163,CK163,CN163,CQ163,CT163,CW163,CZ163,DC163,DF163,DI163,DL163) -> 0 | L163: =SUM(O163,R163,U163,X163,AA163,AD163,AG163,AJ163,AM163,AP163,AS163,AV163,AY163,BB163,BE163,BH163,BK163,BN163,BQ163,BT163,BW163,BZ163,CC163,CF163,CI163,CL163,CO163,CR163,CU163,CX163,DA163,DD163,DG163,DJ163,DM163) -> 0 | M163: =SUM(P163,S163,V163,Y163,AB163,AE163,AH163,AK163,AN163,AQ163,AT163,AW163,AZ163,BC163,BF163,BI163,BL163,BO163,BR163,BU163,BX163,CA163,CD163,CG163,CJ163,CM163,CP163,CS163,CV163,CY163,DB163,DE163,DH163,DK163,DN163) -> 0
A164: =A163+1 -> 160 | F164: 1005977 | K164: =SUM(N164,Q164,T164,W164,Z164,AC164,AF164,AI164,AL164,AO164,AR164,AU164,AX164,BA164,BD164,BG164,BJ164,BM164,BP164,BS164,BV164,BY164,CB164,CE164,CH164,CK164,CN164,CQ164,CT164,CW164,CZ164,DC164,DF164,DI164,DL164) -> 0 | L164: =SUM(O164,R164,U164,X164,AA164,AD164,AG164,AJ164,AM164,AP164,AS164,AV164,AY164,BB164,BE164,BH164,BK164,BN164,BQ164,BT164,BW164,BZ164,CC164,CF164,CI164,CL164,CO164,CR164,CU164,CX164,DA164,DD164,DG164,DJ164,DM164) -> 0 | M164: =SUM(P164,S164,V164,Y164,AB164,AE164,AH164,AK164,AN164,AQ164,AT164,AW164,AZ164,BC164,BF164,BI164,BL164,BO164,BR164,BU164,BX164,CA164,CD164,CG164,CJ164,CM164,CP164,CS164,CV164,CY164,DB164,DE164,DH164,DK164,DN164) -> 0
A165: =A164+1 -> 161 | F165: 1113098 | G165: วุ้นชิฟฟ่อน (ฝอยทอง) WWN | K165: =SUM(N165,Q165,T165,W165,Z165,AC165,AF165,AI165,AL165,AO165,AR165,AU165,AX165,BA165,BD165,BG165,BJ165,BM165,BP165,BS165,BV165,BY165,CB165,CE165,CH165,CK165,CN165,CQ165,CT165,CW165,CZ165,DC165,DF165,DI165,DL165) -> 0 | L165: =SUM(O165,R165,U165,X165,AA165,AD165,AG165,AJ165,AM165,AP165,AS165,AV165,AY165,BB165,BE165,BH165,BK165,BN165,BQ165,BT165,BW165,BZ165,CC165,CF165,CI165,CL165,CO165,CR165,CU165,CX165,DA165,DD165,DG165,DJ165,DM165) -> 0 | M165: =SUM(P165,S165,V165,Y165,AB165,AE165,AH165,AK165,AN165,AQ165,AT165,AW165,AZ165,BC165,BF165,BI165,BL165,BO165,BR165,BU165,BX165,CA165,CD165,CG165,CJ165,CM165,CP165,CS165,CV165,CY165,DB165,DE165,DH165,DK165,DN165) -> 0
A166: =A165+1 -> 162 | F166: 1006002 | G166: เค้กวุ้นฝอยทอง | K166: =SUM(N166,Q166,T166,W166,Z166,AC166,AF166,AI166,AL166,AO166,AR166,AU166,AX166,BA166,BD166,BG166,BJ166,BM166,BP166,BS166,BV166,BY166,CB166,CE166,CH166,CK166,CN166,CQ166,CT166,CW166,CZ166,DC166,DF166,DI166,DL166) -> 0 | L166: =SUM(O166,R166,U166,X166,AA166,AD166,AG166,AJ166,AM166,AP166,AS166,AV166,AY166,BB166,BE166,BH166,BK166,BN166,BQ166,BT166,BW166,BZ166,CC166,CF166,CI166,CL166,CO166,CR166,CU166,CX166,DA166,DD166,DG166,DJ166,DM166) -> 0 | M166: =SUM(P166,S166,V166,Y166,AB166,AE166,AH166,AK166,AN166,AQ166,AT166,AW166,AZ166,BC166,BF166,BI166,BL166,BO166,BR166,BU166,BX166,CA166,CD166,CG166,CJ166,CM166,CP166,CS166,CV166,CY166,DB166,DE166,DH166,DK166,DN166) -> 0
A167: =A166+1 -> 163 | F167: 1100003 | G167: เมอร์แรงค์ (กระปุก) | K167: =SUM(N167,Q167,T167,W167,Z167,AC167,AF167,AI167,AL167,AO167,AR167,AU167,AX167,BA167,BD167,BG167,BJ167,BM167,BP167,BS167,BV167,BY167,CB167,CE167,CH167,CK167,CN167,CQ167,CT167,CW167,CZ167,DC167,DF167,DI167,DL167) -> 0 | L167: =SUM(O167,R167,U167,X167,AA167,AD167,AG167,AJ167,AM167,AP167,AS167,AV167,AY167,BB167,BE167,BH167,BK167,BN167,BQ167,BT167,BW167,BZ167,CC167,CF167,CI167,CL167,CO167,CR167,CU167,CX167,DA167,DD167,DG167,DJ167,DM167) -> 0 | M167: =SUM(P167,S167,V167,Y167,AB167,AE167,AH167,AK167,AN167,AQ167,AT167,AW167,AZ167,BC167,BF167,BI167,BL167,BO167,BR167,BU167,BX167,CA167,CD167,CG167,CJ167,CM167,CP167,CS167,CV167,CY167,DB167,DE167,DH167,DK167,DN167) -> 0
A168: =A167+1 -> 164 | F168: 1100004 | G168: เมอร์แรงค์ (แพ็ค 90 กรัม) | K168: =SUM(N168,Q168,T168,W168,Z168,AC168,AF168,AI168,AL168,AO168,AR168,AU168,AX168,BA168,BD168,BG168,BJ168,BM168,BP168,BS168,BV168,BY168,CB168,CE168,CH168,CK168,CN168,CQ168,CT168,CW168,CZ168,DC168,DF168,DI168,DL168) -> 0 | L168: =SUM(O168,R168,U168,X168,AA168,AD168,AG168,AJ168,AM168,AP168,AS168,AV168,AY168,BB168,BE168,BH168,BK168,BN168,BQ168,BT168,BW168,BZ168,CC168,CF168,CI168,CL168,CO168,CR168,CU168,CX168,DA168,DD168,DG168,DJ168,DM168) -> 0 | M168: =SUM(P168,S168,V168,Y168,AB168,AE168,AH168,AK168,AN168,AQ168,AT168,AW168,AZ168,BC168,BF168,BI168,BL168,BO168,BR168,BU168,BX168,CA168,CD168,CG168,CJ168,CM168,CP168,CS168,CV168,CY168,DB168,DE168,DH168,DK168,DN168) -> 0
A169: =A168+1 -> 165 | F169: 1004051 | G169: ขนมปังสังขยา 6 ชิ้น | K169: =SUM(N169,Q169,T169,W169,Z169,AC169,AF169,AI169,AL169,AO169,AR169,AU169,AX169,BA169,BD169,BG169,BJ169,BM169,BP169,BS169,BV169,BY169,CB169,CE169,CH169,CK169,CN169,CQ169,CT169,CW169,CZ169,DC169,DF169,DI169,DL169) -> 0 | L169: =SUM(O169,R169,U169,X169,AA169,AD169,AG169,AJ169,AM169,AP169,AS169,AV169,AY169,BB169,BE169,BH169,BK169,BN169,BQ169,BT169,BW169,BZ169,CC169,CF169,CI169,CL169,CO169,CR169,CU169,CX169,DA169,DD169,DG169,DJ169,DM169) -> 0 | M169: =SUM(P169,S169,V169,Y169,AB169,AE169,AH169,AK169,AN169,AQ169,AT169,AW169,AZ169,BC169,BF169,BI169,BL169,BO169,BR169,BU169,BX169,CA169,CD169,CG169,CJ169,CM169,CP169,CS169,CV169,CY169,DB169,DE169,DH169,DK169,DN169) -> 0
A170: =A169+1 -> 166 | F170: 1113089 | G170: (BC) ขนมปังสังขยา 6 ชิ้น | K170: =SUM(N170,Q170,T170,W170,Z170,AC170,AF170,AI170,AL170,AO170,AR170,AU170,AX170,BA170,BD170,BG170,BJ170,BM170,BP170,BS170,BV170,BY170,CB170,CE170,CH170,CK170,CN170,CQ170,CT170,CW170,CZ170,DC170,DF170,DI170,DL170) -> 0 | L170: =SUM(O170,R170,U170,X170,AA170,AD170,AG170,AJ170,AM170,AP170,AS170,AV170,AY170,BB170,BE170,BH170,BK170,BN170,BQ170,BT170,BW170,BZ170,CC170,CF170,CI170,CL170,CO170,CR170,CU170,CX170,DA170,DD170,DG170,DJ170,DM170) -> 0 | M170: =SUM(P170,S170,V170,Y170,AB170,AE170,AH170,AK170,AN170,AQ170,AT170,AW170,AZ170,BC170,BF170,BI170,BL170,BO170,BR170,BU170,BX170,CA170,CD170,CG170,CJ170,CM170,CP170,CS170,CV170,CY170,DB170,DE170,DH170,DK170,DN170) -> 0
A171: =A170+1 -> 167 | F171: 1113093 | G171: (BC) ขนมปังสังขยา 4 ชิ้น | K171: =SUM(N171,Q171,T171,W171,Z171,AC171,AF171,AI171,AL171,AO171,AR171,AU171,AX171,BA171,BD171,BG171,BJ171,BM171,BP171,BS171,BV171,BY171,CB171,CE171,CH171,CK171,CN171,CQ171,CT171,CW171,CZ171,DC171,DF171,DI171,DL171) -> 0 | L171: =SUM(O171,R171,U171,X171,AA171,AD171,AG171,AJ171,AM171,AP171,AS171,AV171,AY171,BB171,BE171,BH171,BK171,BN171,BQ171,BT171,BW171,BZ171,CC171,CF171,CI171,CL171,CO171,CR171,CU171,CX171,DA171,DD171,DG171,DJ171,DM171) -> 0 | M171: =SUM(P171,S171,V171,Y171,AB171,AE171,AH171,AK171,AN171,AQ171,AT171,AW171,AZ171,BC171,BF171,BI171,BL171,BO171,BR171,BU171,BX171,CA171,CD171,CG171,CJ171,CM171,CP171,CS171,CV171,CY171,DB171,DE171,DH171,DK171,DN171) -> 0
A172: =A171+1 -> 168 | F172: 20039963 | G172: Wanwanach_ปังสังขยาใบเตยนมสด 190 g | K172: =SUM(N172,Q172,T172,W172,Z172,AC172,AF172,AI172,AL172,AO172,AR172,AU172,AX172,BA172,BD172,BG172,BJ172,BM172,BP172,BS172,BV172,BY172,CB172,CE172,CH172,CK172,CN172,CQ172,CT172,CW172,CZ172,DC172,DF172,DI172,DL172) -> 0 | L172: =SUM(O172,R172,U172,X172,AA172,AD172,AG172,AJ172,AM172,AP172,AS172,AV172,AY172,BB172,BE172,BH172,BK172,BN172,BQ172,BT172,BW172,BZ172,CC172,CF172,CI172,CL172,CO172,CR172,CU172,CX172,DA172,DD172,DG172,DJ172,DM172) -> 0 | M172: =SUM(P172,S172,V172,Y172,AB172,AE172,AH172,AK172,AN172,AQ172,AT172,AW172,AZ172,BC172,BF172,BI172,BL172,BO172,BR172,BU172,BX172,CA172,CD172,CG172,CJ172,CM172,CP172,CS172,CV172,CY172,DB172,DE172,DH172,DK172,DN172) -> 0
A173: =A172+1 -> 169 | F173: 1004046 | G173: ขนมปังเนยนิ่ม 5 ชิ้น (ถุง) | K173: =SUM(N173,Q173,T173,W173,Z173,AC173,AF173,AI173,AL173,AO173,AR173,AU173,AX173,BA173,BD173,BG173,BJ173,BM173,BP173,BS173,BV173,BY173,CB173,CE173,CH173,CK173,CN173,CQ173,CT173,CW173,CZ173,DC173,DF173,DI173,DL173) -> 0 | L173: =SUM(O173,R173,U173,X173,AA173,AD173,AG173,AJ173,AM173,AP173,AS173,AV173,AY173,BB173,BE173,BH173,BK173,BN173,BQ173,BT173,BW173,BZ173,CC173,CF173,CI173,CL173,CO173,CR173,CU173,CX173,DA173,DD173,DG173,DJ173,DM173) -> 0 | M173: =SUM(P173,S173,V173,Y173,AB173,AE173,AH173,AK173,AN173,AQ173,AT173,AW173,AZ173,BC173,BF173,BI173,BL173,BO173,BR173,BU173,BX173,CA173,CD173,CG173,CJ173,CM173,CP173,CS173,CV173,CY173,DB173,DE173,DH173,DK173,DN173) -> 0
A174: =A173+1 -> 170 | F174: 1005982 | G174: ขนมปังเนยนิ่ม 3 ชิ้น | K174: =SUM(N174,Q174,T174,W174,Z174,AC174,AF174,AI174,AL174,AO174,AR174,AU174,AX174,BA174,BD174,BG174,BJ174,BM174,BP174,BS174,BV174,BY174,CB174,CE174,CH174,CK174,CN174,CQ174,CT174,CW174,CZ174,DC174,DF174,DI174,DL174) -> 0 | L174: =SUM(O174,R174,U174,X174,AA174,AD174,AG174,AJ174,AM174,AP174,AS174,AV174,AY174,BB174,BE174,BH174,BK174,BN174,BQ174,BT174,BW174,BZ174,CC174,CF174,CI174,CL174,CO174,CR174,CU174,CX174,DA174,DD174,DG174,DJ174,DM174) -> 0 | M174: =SUM(P174,S174,V174,Y174,AB174,AE174,AH174,AK174,AN174,AQ174,AT174,AW174,AZ174,BC174,BF174,BI174,BL174,BO174,BR174,BU174,BX174,CA174,CD174,CG174,CJ174,CM174,CP174,CS174,CV174,CY174,DB174,DE174,DH174,DK174,DN174) -> 0
A175: =A174+1 -> 171 | F175: 1113086 | G175: (BC) ขนมปังเนยนิ่ม 3 ชิ้น | K175: =SUM(N175,Q175,T175,W175,Z175,AC175,AF175,AI175,AL175,AO175,AR175,AU175,AX175,BA175,BD175,BG175,BJ175,BM175,BP175,BS175,BV175,BY175,CB175,CE175,CH175,CK175,CN175,CQ175,CT175,CW175,CZ175,DC175,DF175,DI175,DL175) -> 0 | L175: =SUM(O175,R175,U175,X175,AA175,AD175,AG175,AJ175,AM175,AP175,AS175,AV175,AY175,BB175,BE175,BH175,BK175,BN175,BQ175,BT175,BW175,BZ175,CC175,CF175,CI175,CL175,CO175,CR175,CU175,CX175,DA175,DD175,DG175,DJ175,DM175) -> 0 | M175: =SUM(P175,S175,V175,Y175,AB175,AE175,AH175,AK175,AN175,AQ175,AT175,AW175,AZ175,BC175,BF175,BI175,BL175,BO175,BR175,BU175,BX175,CA175,CD175,CG175,CJ175,CM175,CP175,CS175,CV175,CY175,DB175,DE175,DH175,DK175,DN175) -> 0
A176: =A175+1 -> 172 | F176: 1113084 | G176: (BC) ปังเนยนิ่ม 90 g 2 ชิ้น | K176: =SUM(N176,Q176,T176,W176,Z176,AC176,AF176,AI176,AL176,AO176,AR176,AU176,AX176,BA176,BD176,BG176,BJ176,BM176,BP176,BS176,BV176,BY176,CB176,CE176,CH176,CK176,CN176,CQ176,CT176,CW176,CZ176,DC176,DF176,DI176,DL176) -> 0 | L176: =SUM(O176,R176,U176,X176,AA176,AD176,AG176,AJ176,AM176,AP176,AS176,AV176,AY176,BB176,BE176,BH176,BK176,BN176,BQ176,BT176,BW176,BZ176,CC176,CF176,CI176,CL176,CO176,CR176,CU176,CX176,DA176,DD176,DG176,DJ176,DM176) -> 0 | M176: =SUM(P176,S176,V176,Y176,AB176,AE176,AH176,AK176,AN176,AQ176,AT176,AW176,AZ176,BC176,BF176,BI176,BL176,BO176,BR176,BU176,BX176,CA176,CD176,CG176,CJ176,CM176,CP176,CS176,CV176,CY176,DB176,DE176,DH176,DK176,DN176) -> 0
... A284: =A283+1 -> 280 | F284: 1007017 | G284: มัลเบอรี่ชีสพาย | K284: =SUM(N284,Q284,T284,W284,Z284,AC284,AF284,AI284,AL284,AO284,AR284,AU284,AX284,BA284,BD284,BG284,BJ284,BM284,BP284,BS284,BV284,BY284,CB284,CE284,CH284,CK284,CN284,CQ284,CT284,CW284,CZ284,DC284,DF284,DI284,DL284) -> 0 | L284: =SUM(O284,R284,U284,X284,AA284,AD284,AG284,AJ284,AM284,AP284,AS284,AV284,AY284,BB284,BE284,BH284,BK284,BN284,BQ284,BT284,BW284,BZ284,CC284,CF284,CI284,CL284,CO284,CR284,CU284,CX284,DA284,DD284,DG284,DJ284,DM284) -> 0 | M284: =SUM(P284,S284,V284,Y284,AB284,AE284,AH284,AK284,AN284,AQ284,AT284,AW284,AZ284,BC284,BF284,BI284,BL284,BO284,BR284,BU284,BX284,CA284,CD284,CG284,CJ284,CM284,CP284,CS284,CV284,CY284,DB284,DE284,DH284,DK284,DN284) -> 0
A285: =A284+1 -> 281 | F285: 1007016 | K285: =SUM(N285,Q285,T285,W285,Z285,AC285,AF285,AI285,AL285,AO285,AR285,AU285,AX285,BA285,BD285,BG285,BJ285,BM285,BP285,BS285,BV285,BY285,CB285,CE285,CH285,CK285,CN285,CQ285,CT285,CW285,CZ285,DC285,DF285,DI285,DL285) -> 0 | L285: =SUM(O285,R285,U285,X285,AA285,AD285,AG285,AJ285,AM285,AP285,AS285,AV285,AY285,BB285,BE285,BH285,BK285,BN285,BQ285,BT285,BW285,BZ285,CC285,CF285,CI285,CL285,CO285,CR285,CU285,CX285,DA285,DD285,DG285,DJ285,DM285) -> 0 | M285: =SUM(P285,S285,V285,Y285,AB285,AE285,AH285,AK285,AN285,AQ285,AT285,AW285,AZ285,BC285,BF285,BI285,BL285,BO285,BR285,BU285,BX285,CA285,CD285,CG285,CJ285,CM285,CP285,CS285,CV285,CY285,DB285,DE285,DH285,DK285,DN285) -> 0
A286: =A285+1 -> 282 | F286: 1007019 | G286: ชิฟฟ่อนสตรอเบอรี่นมสด | K286: =SUM(N286,Q286,T286,W286,Z286,AC286,AF286,AI286,AL286,AO286,AR286,AU286,AX286,BA286,BD286,BG286,BJ286,BM286,BP286,BS286,BV286,BY286,CB286,CE286,CH286,CK286,CN286,CQ286,CT286,CW286,CZ286,DC286,DF286,DI286,DL286) -> 0 | L286: =SUM(O286,R286,U286,X286,AA286,AD286,AG286,AJ286,AM286,AP286,AS286,AV286,AY286,BB286,BE286,BH286,BK286,BN286,BQ286,BT286,BW286,BZ286,CC286,CF286,CI286,CL286,CO286,CR286,CU286,CX286,DA286,DD286,DG286,DJ286,DM286) -> 0 | M286: =SUM(P286,S286,V286,Y286,AB286,AE286,AH286,AK286,AN286,AQ286,AT286,AW286,AZ286,BC286,BF286,BI286,BL286,BO286,BR286,BU286,BX286,CA286,CD286,CG286,CJ286,CM286,CP286,CS286,CV286,CY286,DB286,DE286,DH286,DK286,DN286) -> 0
A287: =A286+1 -> 283 | F287: 1006981 | G287: สังขยาใบเตยคัสตาร์ดเค้ก | K287: =SUM(N287,Q287,T287,W287,Z287,AC287,AF287,AI287,AL287,AO287,AR287,AU287,AX287,BA287,BD287,BG287,BJ287,BM287,BP287,BS287,BV287,BY287,CB287,CE287,CH287,CK287,CN287,CQ287,CT287,CW287,CZ287,DC287,DF287,DI287,DL287) -> 0 | L287: =SUM(O287,R287,U287,X287,AA287,AD287,AG287,AJ287,AM287,AP287,AS287,AV287,AY287,BB287,BE287,BH287,BK287,BN287,BQ287,BT287,BW287,BZ287,CC287,CF287,CI287,CL287,CO287,CR287,CU287,CX287,DA287,DD287,DG287,DJ287,DM287) -> 0 | M287: =SUM(P287,S287,V287,Y287,AB287,AE287,AH287,AK287,AN287,AQ287,AT287,AW287,AZ287,BC287,BF287,BI287,BL287,BO287,BR287,BU287,BX287,CA287,CD287,CG287,CJ287,CM287,CP287,CS287,CV287,CY287,DB287,DE287,DH287,DK287,DN287) -> 0
A288: =A287+1 -> 284 | F288: 1006979 | G288: คัพเค้กไส้คัสตาร์ด | K288: =SUM(N288,Q288,T288,W288,Z288,AC288,AF288,AI288,AL288,AO288,AR288,AU288,AX288,BA288,BD288,BG288,BJ288,BM288,BP288,BS288,BV288,BY288,CB288,CE288,CH288,CK288,CN288,CQ288,CT288,CW288,CZ288,DC288,DF288,DI288,DL288) -> 0 | L288: =SUM(O288,R288,U288,X288,AA288,AD288,AG288,AJ288,AM288,AP288,AS288,AV288,AY288,BB288,BE288,BH288,BK288,BN288,BQ288,BT288,BW288,BZ288,CC288,CF288,CI288,CL288,CO288,CR288,CU288,CX288,DA288,DD288,DG288,DJ288,DM288) -> 0 | M288: =SUM(P288,S288,V288,Y288,AB288,AE288,AH288,AK288,AN288,AQ288,AT288,AW288,AZ288,BC288,BF288,BI288,BL288,BO288,BR288,BU288,BX288,CA288,CD288,CG288,CJ288,CM288,CP288,CS288,CV288,CY288,DB288,DE288,DH288,DK288,DN288) -> 0
A289: =A288+1 -> 285 | F289: 1006984 | G289: ขนมปังไส้กรอกชีส | K289: =SUM(N289,Q289,T289,W289,Z289,AC289,AF289,AI289,AL289,AO289,AR289,AU289,AX289,BA289,BD289,BG289,BJ289,BM289,BP289,BS289,BV289,BY289,CB289,CE289,CH289,CK289,CN289,CQ289,CT289,CW289,CZ289,DC289,DF289,DI289,DL289) -> 0 | L289: =SUM(O289,R289,U289,X289,AA289,AD289,AG289,AJ289,AM289,AP289,AS289,AV289,AY289,BB289,BE289,BH289,BK289,BN289,BQ289,BT289,BW289,BZ289,CC289,CF289,CI289,CL289,CO289,CR289,CU289,CX289,DA289,DD289,DG289,DJ289,DM289) -> 0 | M289: =SUM(P289,S289,V289,Y289,AB289,AE289,AH289,AK289,AN289,AQ289,AT289,AW289,AZ289,BC289,BF289,BI289,BL289,BO289,BR289,BU289,BX289,CA289,CD289,CG289,CJ289,CM289,CP289,CS289,CV289,CY289,DB289,DE289,DH289,DK289,DN289) -> 0
A290: =A289+1 -> 286 | F290: 1007018 | G290: เค้กโรลมะพร้าวใบเตย | K290: =SUM(N290,Q290,T290,W290,Z290,AC290,AF290,AI290,AL290,AO290,AR290,AU290,AX290,BA290,BD290,BG290,BJ290,BM290,BP290,BS290,BV290,BY290,CB290,CE290,CH290,CK290,CN290,CQ290,CT290,CW290,CZ290,DC290,DF290,DI290,DL290) -> 0 | L290: =SUM(O290,R290,U290,X290,AA290,AD290,AG290,AJ290,AM290,AP290,AS290,AV290,AY290,BB290,BE290,BH290,BK290,BN290,BQ290,BT290,BW290,BZ290,CC290,CF290,CI290,CL290,CO290,CR290,CU290,CX290,DA290,DD290,DG290,DJ290,DM290) -> 0 | M290: =SUM(P290,S290,V290,Y290,AB290,AE290,AH290,AK290,AN290,AQ290,AT290,AW290,AZ290,BC290,BF290,BI290,BL290,BO290,BR290,BU290,BX290,CA290,CD290,CG290,CJ290,CM290,CP290,CS290,CV290,CY290,DB290,DE290,DH290,DK290,DN290) -> 0
A291: =A290+1 -> 287 | F291: 1006983 | G291: ชิฟฟ่อนมะพร้าวลาวา | K291: =SUM(N291,Q291,T291,W291,Z291,AC291,AF291,AI291,AL291,AO291,AR291,AU291,AX291,BA291,BD291,BG291,BJ291,BM291,BP291,BS291,BV291,BY291,CB291,CE291,CH291,CK291,CN291,CQ291,CT291,CW291,CZ291,DC291,DF291,DI291,DL291) -> 0 | L291: =SUM(O291,R291,U291,X291,AA291,AD291,AG291,AJ291,AM291,AP291,AS291,AV291,AY291,BB291,BE291,BH291,BK291,BN291,BQ291,BT291,BW291,BZ291,CC291,CF291,CI291,CL291,CO291,CR291,CU291,CX291,DA291,DD291,DG291,DJ291,DM291) -> 0 | M291: =SUM(P291,S291,V291,Y291,AB291,AE291,AH291,AK291,AN291,AQ291,AT291,AW291,AZ291,BC291,BF291,BI291,BL291,BO291,BR291,BU291,BX291,CA291,CD291,CG291,CJ291,CM291,CP291,CS291,CV291,CY291,DB291,DE291,DH291,DK291,DN291) -> 0
A292: =A291+1 -> 288 | F292: 1017342 | G292: DREAMY DELIGHT | K292: =SUM(N292,Q292,T292,W292,Z292,AC292,AF292,AI292,AL292,AO292,AR292,AU292,AX292,BA292,BD292,BG292,BJ292,BM292,BP292,BS292,BV292,BY292,CB292,CE292,CH292,CK292,CN292,CQ292,CT292,CW292,CZ292,DC292,DF292,DI292,DL292) -> 0 | L292: =SUM(O292,R292,U292,X292,AA292,AD292,AG292,AJ292,AM292,AP292,AS292,AV292,AY292,BB292,BE292,BH292,BK292,BN292,BQ292,BT292,BW292,BZ292,CC292,CF292,CI292,CL292,CO292,CR292,CU292,CX292,DA292,DD292,DG292,DJ292,DM292) -> 0 | M292: =SUM(P292,S292,V292,Y292,AB292,AE292,AH292,AK292,AN292,AQ292,AT292,AW292,AZ292,BC292,BF292,BI292,BL292,BO292,BR292,BU292,BX292,CA292,CD292,CG292,CJ292,CM292,CP292,CS292,CV292,CY292,DB292,DE292,DH292,DK292,DN292) -> 0
A293: =A292+1 -> 289 | F293: 1017343 | G293: SECRET GARDEN | K293: =SUM(N293,Q293,T293,W293,Z293,AC293,AF293,AI293,AL293,AO293,AR293,AU293,AX293,BA293,BD293,BG293,BJ293,BM293,BP293,BS293,BV293,BY293,CB293,CE293,CH293,CK293,CN293,CQ293,CT293,CW293,CZ293,DC293,DF293,DI293,DL293) -> 0 | L293: =SUM(O293,R293,U293,X293,AA293,AD293,AG293,AJ293,AM293,AP293,AS293,AV293,AY293,BB293,BE293,BH293,BK293,BN293,BQ293,BT293,BW293,BZ293,CC293,CF293,CI293,CL293,CO293,CR293,CU293,CX293,DA293,DD293,DG293,DJ293,DM293) -> 0 | M293: =SUM(P293,S293,V293,Y293,AB293,AE293,AH293,AK293,AN293,AQ293,AT293,AW293,AZ293,BC293,BF293,BI293,BL293,BO293,BR293,BU293,BX293,CA293,CD293,CG293,CJ293,CM293,CP293,CS293,CV293,CY293,DB293,DE293,DH293,DK293,DN293) -> 0
A294: =A293+1 -> 290 | F294: 1124026 | G294: ครีมฮอร์นจัมโบ้ วนิลา | K294: =SUM(N294,Q294,T294,W294,Z294,AC294,AF294,AI294,AL294,AO294,AR294,AU294,AX294,BA294,BD294,BG294,BJ294,BM294,BP294,BS294,BV294,BY294,CB294,CE294,CH294,CK294,CN294,CQ294,CT294,CW294,CZ294,DC294,DF294,DI294,DL294) -> 0 | L294: =SUM(O294,R294,U294,X294,AA294,AD294,AG294,AJ294,AM294,AP294,AS294,AV294,AY294,BB294,BE294,BH294,BK294,BN294,BQ294,BT294,BW294,BZ294,CC294,CF294,CI294,CL294,CO294,CR294,CU294,CX294,DA294,DD294,DG294,DJ294,DM294) -> 0 | M294: =SUM(P294,S294,V294,Y294,AB294,AE294,AH294,AK294,AN294,AQ294,AT294,AW294,AZ294,BC294,BF294,BI294,BL294,BO294,BR294,BU294,BX294,CA294,CD294,CG294,CJ294,CM294,CP294,CS294,CV294,CY294,DB294,DE294,DH294,DK294,DN294) -> 0
A295: =A294+1 -> 291 | F295: 1124027 | G295: ครีมฮอร์นจัมโบ้ ใบเตย | K295: =SUM(N295,Q295,T295,W295,Z295,AC295,AF295,AI295,AL295,AO295,AR295,AU295,AX295,BA295,BD295,BG295,BJ295,BM295,BP295,BS295,BV295,BY295,CB295,CE295,CH295,CK295,CN295,CQ295,CT295,CW295,CZ295,DC295,DF295,DI295,DL295) -> 0 | L295: =SUM(O295,R295,U295,X295,AA295,AD295,AG295,AJ295,AM295,AP295,AS295,AV295,AY295,BB295,BE295,BH295,BK295,BN295,BQ295,BT295,BW295,BZ295,CC295,CF295,CI295,CL295,CO295,CR295,CU295,CX295,DA295,DD295,DG295,DJ295,DM295) -> 0 | M295: =SUM(P295,S295,V295,Y295,AB295,AE295,AH295,AK295,AN295,AQ295,AT295,AW295,AZ295,BC295,BF295,BI295,BL295,BO295,BR295,BU295,BX295,CA295,CD295,CG295,CJ295,CM295,CP295,CS295,CV295,CY295,DB295,DE295,DH295,DK295,DN295) -> 0
A296: =A295+1 -> 292 | F296: 1124028 | G296: ครีมฮอร์นจัมโบ้ ชอคโกแลต | K296: =SUM(N296,Q296,T296,W296,Z296,AC296,AF296,AI296,AL296,AO296,AR296,AU296,AX296,BA296,BD296,BG296,BJ296,BM296,BP296,BS296,BV296,BY296,CB296,CE296,CH296,CK296,CN296,CQ296,CT296,CW296,CZ296,DC296,DF296,DI296,DL296) -> 0 | L296: =SUM(O296,R296,U296,X296,AA296,AD296,AG296,AJ296,AM296,AP296,AS296,AV296,AY296,BB296,BE296,BH296,BK296,BN296,BQ296,BT296,BW296,BZ296,CC296,CF296,CI296,CL296,CO296,CR296,CU296,CX296,DA296,DD296,DG296,DJ296,DM296) -> 0 | M296: =SUM(P296,S296,V296,Y296,AB296,AE296,AH296,AK296,AN296,AQ296,AT296,AW296,AZ296,BC296,BF296,BI296,BL296,BO296,BR296,BU296,BX296,CA296,CD296,CG296,CJ296,CM296,CP296,CS296,CV296,CY296,DB296,DE296,DH296,DK296,DN296) -> 0
A297: =A296+1 -> 293 | F297: 1124029 | G297: ครีมฮอร์นจัมโบ้ สตอเบอรี่ | K297: =SUM(N297,Q297,T297,W297,Z297,AC297,AF297,AI297,AL297,AO297,AR297,AU297,AX297,BA297,BD297,BG297,BJ297,BM297,BP297,BS297,BV297,BY297,CB297,CE297,CH297,CK297,CN297,CQ297,CT297,CW297,CZ297,DC297,DF297,DI297,DL297) -> 0 | L297: =SUM(O297,R297,U297,X297,AA297,AD297,AG297,AJ297,AM297,AP297,AS297,AV297,AY297,BB297,BE297,BH297,BK297,BN297,BQ297,BT297,BW297,BZ297,CC297,CF297,CI297,CL297,CO297,CR297,CU297,CX297,DA297,DD297,DG297,DJ297,DM297) -> 0 | M297: =SUM(P297,S297,V297,Y297,AB297,AE297,AH297,AK297,AN297,AQ297,AT297,AW297,AZ297,BC297,BF297,BI297,BL297,BO297,BR297,BU297,BX297,CA297,CD297,CG297,CJ297,CM297,CP297,CS297,CV297,CY297,DB297,DE297,DH297,DK297,DN297) -> 0
... A316: =A315+1 -> 312 | F316: 20055951 | G316: เค้กบัวลอยมะพร้าวอ่อน | K316: =SUM(N316,Q316,T316,W316,Z316,AC316,AF316,AI316,AL316,AO316,AR316,AU316,AX316,BA316,BD316,BG316,BJ316,BM316,BP316,BS316,BV316,BY316,CB316,CE316,CH316,CK316,CN316,CQ316,CT316,CW316,CZ316,DC316,DF316,DI316,DL316) -> 0 | L316: =SUM(O316,R316,U316,X316,AA316,AD316,AG316,AJ316,AM316,AP316,AS316,AV316,AY316,BB316,BE316,BH316,BK316,BN316,BQ316,BT316,BW316,BZ316,CC316,CF316,CI316,CL316,CO316,CR316,CU316,CX316,DA316,DD316,DG316,DJ316,DM316) -> 0 | M316: =SUM(P316,S316,V316,Y316,AB316,AE316,AH316,AK316,AN316,AQ316,AT316,AW316,AZ316,BC316,BF316,BI316,BL316,BO316,BR316,BU316,BX316,CA316,CD316,CG316,CJ316,CM316,CP316,CS316,CV316,CY316,DB316,DE316,DH316,DK316,DN316) -> 0
A317: =A316+1 -> 313 | G317: ครีมมะพร้าว | K317: =SUM(N317,Q317,T317,W317,Z317,AC317,AF317,AI317,AL317,AO317,AR317,AU317,AX317,BA317,BD317,BG317,BJ317,BM317,BP317,BS317,BV317,BY317,CB317,CE317,CH317,CK317,CN317,CQ317,CT317,CW317,CZ317,DC317,DF317,DI317,DL317) -> 0 | L317: =SUM(O317,R317,U317,X317,AA317,AD317,AG317,AJ317,AM317,AP317,AS317,AV317,AY317,BB317,BE317,BH317,BK317,BN317,BQ317,BT317,BW317,BZ317,CC317,CF317,CI317,CL317,CO317,CR317,CU317,CX317,DA317,DD317,DG317,DJ317,DM317) -> 0 | M317: =SUM(P317,S317,V317,Y317,AB317,AE317,AH317,AK317,AN317,AQ317,AT317,AW317,AZ317,BC317,BF317,BI317,BL317,BO317,BR317,BU317,BX317,CA317,CD317,CG317,CJ317,CM317,CP317,CS317,CV317,CY317,DB317,DE317,DH317,DK317,DN317) -> 0
A318: =A317+1 -> 314 | G318: แซนวิชแฮมไข่ | K318: =SUM(N318,Q318,T318,W318,Z318,AC318,AF318,AI318,AL318,AO318,AR318,AU318,AX318,BA318,BD318,BG318,BJ318,BM318,BP318,BS318,BV318,BY318,CB318,CE318,CH318,CK318,CN318,CQ318,CT318,CW318,CZ318,DC318,DF318,DI318,DL318) -> 0 | L318: =SUM(O318,R318,U318,X318,AA318,AD318,AG318,AJ318,AM318,AP318,AS318,AV318,AY318,BB318,BE318,BH318,BK318,BN318,BQ318,BT318,BW318,BZ318,CC318,CF318,CI318,CL318,CO318,CR318,CU318,CX318,DA318,DD318,DG318,DJ318,DM318) -> 0 | M318: =SUM(P318,S318,V318,Y318,AB318,AE318,AH318,AK318,AN318,AQ318,AT318,AW318,AZ318,BC318,BF318,BI318,BL318,BO318,BR318,BU318,BX318,CA318,CD318,CG318,CJ318,CM318,CP318,CS318,CV318,CY318,DB318,DE318,DH318,DK318,DN318) -> 0
A319: =A318+1 -> 315 | G319: เค้กตะโก้เผือกหอม | K319: =SUM(N319,Q319,T319,W319,Z319,AC319,AF319,AI319,AL319,AO319,AR319,AU319,AX319,BA319,BD319,BG319,BJ319,BM319,BP319,BS319,BV319,BY319,CB319,CE319,CH319,CK319,CN319,CQ319,CT319,CW319,CZ319,DC319,DF319,DI319,DL319) -> 0 | L319: =SUM(O319,R319,U319,X319,AA319,AD319,AG319,AJ319,AM319,AP319,AS319,AV319,AY319,BB319,BE319,BH319,BK319,BN319,BQ319,BT319,BW319,BZ319,CC319,CF319,CI319,CL319,CO319,CR319,CU319,CX319,DA319,DD319,DG319,DJ319,DM319) -> 0 | M319: =SUM(P319,S319,V319,Y319,AB319,AE319,AH319,AK319,AN319,AQ319,AT319,AW319,AZ319,BC319,BF319,BI319,BL319,BO319,BR319,BU319,BX319,CA319,CD319,CG319,CJ319,CM319,CP319,CS319,CV319,CY319,DB319,DE319,DH319,DK319,DN319) -> 0
A320: =A319+1 -> 316 | G320: ปังนุ่มชาไทย | K320: =SUM(N320,Q320,T320,W320,Z320,AC320,AF320,AI320,AL320,AO320,AR320,AU320,AX320,BA320,BD320,BG320,BJ320,BM320,BP320,BS320,BV320,BY320,CB320,CE320,CH320,CK320,CN320,CQ320,CT320,CW320,CZ320,DC320,DF320,DI320,DL320) -> 0 | L320: =SUM(O320,R320,U320,X320,AA320,AD320,AG320,AJ320,AM320,AP320,AS320,AV320,AY320,BB320,BE320,BH320,BK320,BN320,BQ320,BT320,BW320,BZ320,CC320,CF320,CI320,CL320,CO320,CR320,CU320,CX320,DA320,DD320,DG320,DJ320,DM320) -> 0 | M320: =SUM(P320,S320,V320,Y320,AB320,AE320,AH320,AK320,AN320,AQ320,AT320,AW320,AZ320,BC320,BF320,BI320,BL320,BO320,BR320,BU320,BX320,CA320,CD320,CG320,CJ320,CM320,CP320,CS320,CV320,CY320,DB320,DE320,DH320,DK320,DN320) -> 0
A321: =A320+1 -> 317 | G321: ปังนุ่มมะพร้าว | K321: =SUM(N321,Q321,T321,W321,Z321,AC321,AF321,AI321,AL321,AO321,AR321,AU321,AX321,BA321,BD321,BG321,BJ321,BM321,BP321,BS321,BV321,BY321,CB321,CE321,CH321,CK321,CN321,CQ321,CT321,CW321,CZ321,DC321,DF321,DI321,DL321) -> 0 | L321: =SUM(O321,R321,U321,X321,AA321,AD321,AG321,AJ321,AM321,AP321,AS321,AV321,AY321,BB321,BE321,BH321,BK321,BN321,BQ321,BT321,BW321,BZ321,CC321,CF321,CI321,CL321,CO321,CR321,CU321,CX321,DA321,DD321,DG321,DJ321,DM321) -> 0 | M321: =SUM(P321,S321,V321,Y321,AB321,AE321,AH321,AK321,AN321,AQ321,AT321,AW321,AZ321,BC321,BF321,BI321,BL321,BO321,BR321,BU321,BX321,CA321,CD321,CG321,CJ321,CM321,CP321,CS321,CV321,CY321,DB321,DE321,DH321,DK321,DN321) -> 0
A322: =A321+1 -> 318 | F322: 20057186 | G322: ทาร์ตมะพร้าว110g | K322: =SUM(N322,Q322,T322,W322,Z322,AC322,AF322,AI322,AL322,AO322,AR322,AU322,AX322,BA322,BD322,BG322,BJ322,BM322,BP322,BS322,BV322,BY322,CB322,CE322,CH322,CK322,CN322,CQ322,CT322,CW322,CZ322,DC322,DF322,DI322,DL322) -> 0 | L322: 0 | M322: =SUM(P322,S322,V322,Y322,AB322,AE322,AH322,AK322,AN322,AQ322,AT322,AW322,AZ322,BC322,BF322,BI322,BL322,BO322,BR322,BU322,BX322,CA322,CD322,CG322,CJ322,CM322,CP322,CS322,CV322,CY322,DB322,DE322,DH322,DK322,DN322) -> 0
A323: =A322+1 -> 319 | F323: 20057187 | G323: เค้กกล้วยหอมชีส | K323: =SUM(N323,Q323,T323,W323,Z323,AC323,AF323,AI323,AL323,AO323,AR323,AU323,AX323,BA323,BD323,BG323,BJ323,BM323,BP323,BS323,BV323,BY323,CB323,CE323,CH323,CK323,CN323,CQ323,CT323,CW323,CZ323,DC323,DF323,DI323,DL323) -> 0 | L323: =SUM(O323,R323,U323,X323,AA323,AD323,AG323,AJ323,AM323,AP323,AS323,AV323,AY323,BB323,BE323,BH323,BK323,BN323,BQ323,BT323,BW323,BZ323,CC323,CF323,CI323,CL323,CO323,CR323,CU323,CX323,DA323,DD323,DG323,DJ323,DM323) -> 0 | M323: =SUM(P323,S323,V323,Y323,AB323,AE323,AH323,AK323,AN323,AQ323,AT323,AW323,AZ323,BC323,BF323,BI323,BL323,BO323,BR323,BU323,BX323,CA323,CD323,CG323,CJ323,CM323,CP323,CS323,CV323,CY323,DB323,DE323,DH323,DK323,DN323) -> 0
A324: =A323+1 -> 320 | F324: 1100042 | G324: ช็อกโก้ปัง(6ชิ้น) | K324: =SUM(N324,Q324,T324,W324,Z324,AC324,AF324,AI324,AL324,AO324,AR324,AU324,AX324,BA324,BD324,BG324,BJ324,BM324,BP324,BS324,BV324,BY324,CB324,CE324,CH324,CK324,CN324,CQ324,CT324,CW324,CZ324,DC324,DF324,DI324,DL324) -> 0 | L324: =SUM(O324,R324,U324,X324,AA324,AD324,AG324,AJ324,AM324,AP324,AS324,AV324,AY324,BB324,BE324,BH324,BK324,BN324,BQ324,BT324,BW324,BZ324,CC324,CF324,CI324,CL324,CO324,CR324,CU324,CX324,DA324,DD324,DG324,DJ324,DM324) -> 0 | M324: =SUM(P324,S324,V324,Y324,AB324,AE324,AH324,AK324,AN324,AQ324,AT324,AW324,AZ324,BC324,BF324,BI324,BL324,BO324,BR324,BU324,BX324,CA324,CD324,CG324,CJ324,CM324,CP324,CS324,CV324,CY324,DB324,DE324,DH324,DK324,DN324) -> 0
A325: =A324+1 -> 321 | F325: 1100043 | G325: ชาไทยปัง(6ชิ้น) | K325: =SUM(N325,Q325,T325,W325,Z325,AC325,AF325,AI325,AL325,AO325,AR325,AU325,AX325,BA325,BD325,BG325,BJ325,BM325,BP325,BS325,BV325,BY325,CB325,CE325,CH325,CK325,CN325,CQ325,CT325,CW325,CZ325,DC325,DF325,DI325,DL325) -> 0 | L325: =SUM(O325,R325,U325,X325,AA325,AD325,AG325,AJ325,AM325,AP325,AS325,AV325,AY325,BB325,BE325,BH325,BK325,BN325,BQ325,BT325,BW325,BZ325,CC325,CF325,CI325,CL325,CO325,CR325,CU325,CX325,DA325,DD325,DG325,DJ325,DM325) -> 0 | M325: =SUM(P325,S325,V325,Y325,AB325,AE325,AH325,AK325,AN325,AQ325,AT325,AW325,AZ325,BC325,BF325,BI325,BL325,BO325,BR325,BU325,BX325,CA325,CD325,CG325,CJ325,CM325,CP325,CS325,CV325,CY325,DB325,DE325,DH325,DK325,DN325) -> 0
A326: =A325+1 -> 322 | F326: 20049130 | G326: วรรณวนัชแซนวิชแฮมชีส 95g | H326: CJ | L326: =SUM(O326,R326,U326,X326,AA326,AD326,AG326,AJ326,AM326,AP326,AS326,AV326,AY326,BB326,BE326,BH326,BK326,BN326,BQ326,BT326,BW326,BZ326,CC326,CF326,CI326,CL326,CO326,CR326,CU326,CX326,DA326,DD326,DG326,DJ326,DM326) -> 0
A327: =A326+1 -> 323 | F327: 20051101 | G327: วรรณวนแซนวิชปูอัดไข่กุ้ง 120g | H327: CJ | L327: =SUM(O327,R327,U327,X327,AA327,AD327,AG327,AJ327,AM327,AP327,AS327,AV327,AY327,BB327,BE327,BH327,BK327,BN327,BQ327,BT327,BW327,BZ327,CC327,CF327,CI327,CL327,CO327,CR327,CU327,CX327,DA327,DD327,DG327,DJ327,DM327) -> 0
A328: =A327+1 -> 324 | F328: 20059796 | G328: วรรรวนัชแซนวิชไก่หยองพริกเผา 80g | H328: CJ | L328: =SUM(O328,R328,U328,X328,AA328,AD328,AG328,AJ328,AM328,AP328,AS328,AV328,AY328,BB328,BE328,BH328,BK328,BN328,BQ328,BT328,BW328,BZ328,CC328,CF328,CI328,CL328,CO328,CR328,CU328,CX328,DA328,DD328,DG328,DJ328,DM328) -> 0
A329: =A328+1 -> 325 | F329: 20060974 | G329: วรรณวนัชปูอัดไข่กุ้งยำสาหร่าย 100g | H329: CJ | L329: =SUM(O329,R329,U329,X329,AA329,AD329,AG329,AJ329,AM329,AP329,AS329,AV329,AY329,BB329,BE329,BH329,BK329,BN329,BQ329,BT329,BW329,BZ329,CC329,CF329,CI329,CL329,CO329,CR329,CU329,CX329,DA329,DD329,DG329,DJ329,DM329) -> 0
J331: รายการทั้งหมด | L331: 325 | M331: รายการ | T331: รายการทั้งหมด | V331: 325 | W331: รายการ
J332: ส่วนต่าง | M332: รายการ | N332: =L332/L331*100 -> 0 | T332: ส่วนต่าง | W332: รายการ | X332: =V332/V331*100 -> 0 | Y332: %
J333: ไม่ FC มา | M333: รายการ | N333: =L333/L331*100 -> 0 | T333: ไม่ FC มา | W333: รายการ | X333: =V333/V331*100 -> 0 | Y333: %
J334: ยอด > FC | M334: รายการ | N334: =L334/L331*100 -> 0 | T334: ยอด > FC | W334: รายการ | X334: =V334/V331*100 -> 0 | Y334: %
J335: ยอด < FC | M335: รายการ | N335: =L335/L331*100 -> 0 | T335: ยอด < FC | W335: รายการ | X335: =V335/V331*100 -> 0 | Y335: %
J336: FC มา ไม่ขาย | M336: รายการ | N336: =L336/L331*100 -> 0 | T336: FC มา ไม่ขาย | W336: รายการ | X336: =V336/V331*100 -> 0 | Y336: %

Sheet Week 1
A1: ลำดับ | B1: ทีมโทร | C1: บูธ | D1: online | E1: Modern Trade | F1: รหัส | G1: ชื่อสินค้า | H1: ลูกค้า | I1: ขนาดบรรจุ | N1: week 1 (วันที่ 1-7 มี.ค. 2569)
I2: จำนวน(ชิ้น) | J2: หน่วย(กล่อง) | K2: วัน | N2: วันอาทิตย์ | R2: ยอดจริง | X2: วันจันทร์ | AB2: ยอดจริง | AH2: วันอังคาร | AL2: ยอดจริง | AR2: วันพุธ | AV2: ยอดจริง | BB2: วันพฤหัสบดี | BF2: ยอดจริง | BL2: วันศุกร์ | BP2: ยอดจริง | BV2: เสาร์ | BZ2: ยอดจริง
K3: วันที่ | N3: 4 | X3: 5 | AH3: 6 | AR3: 7 | BB3: 8 | BL3: 9 | BV3: 10
K4: ติดป้าย Amezon | L4: ไม่ติดป้าย Amezon | M4: Non Logo | N4: ติดป้าย Amezon | O4: ไม่ติดป้าย Amezon | P4: Non Logo | Q4: รวม | R4: ติดป้าย Amezon | S4: ไม่ติดป้าย Amezon | T4: Non Logo | U4: ติดป้าย Amezon | V4: ไม่ติดป้าย Amezon | W4: Non Logo | X4: ติดป้าย Amezon | Y4: ไม่ติดป้าย Amezon | Z4: Non Logo | AA4: รวม | AB4: ติดป้าย Amezon | AC4: ไม่ติดป้าย Amezon | AD4: Non Logo | AE4: ติดป้าย Amezon | AF4: ไม่ติดป้าย Amezon | AG4: Non Logo | AH4: ติดป้าย Amezon | AI4: ไม่ติดป้าย Amezon | AJ4: Non Logo | AK4: รวม | AL4: ติดป้าย Amezon | AM4: ไม่ติดป้าย Amezon | AN4: Non Logo | AO4: ติดป้าย Amezon | AP4: ไม่ติดป้าย Amezon | AQ4: Non Logo | AR4: ติดป้าย Amezon | AS4: ไม่ติดป้าย Amezon | AT4: Non Logo | AU4: รวม | AV4: ติดป้าย Amezon | AW4: ไม่ติดป้าย Amezon | AX4: Non Logo | AY4: ติดป้าย Amezon | AZ4: ไม่ติดป้าย Amezon | BA4: Non Logo | BB4: ติดป้าย Amezon | BC4: ไม่ติดป้าย Amezon | BD4: Non Logo | BE4: รวม | BF4: ติดป้าย Amezon | BG4: ไม่ติดป้าย Amezon | BH4: Non Logo | BI4: ติดป้าย Amezon | BJ4: ไม่ติดป้าย Amezon | BK4: Non Logo | BL4: ติดป้าย Amezon | BM4: ไม่ติดป้าย Amezon | BN4: Non Logo | BO4: รวม | BP4: ติดป้าย Amezon | BQ4: ไม่ติดป้าย Amezon | BR4: Non Logo | BS4: ติดป้าย Amezon | BT4: ไม่ติดป้าย Amezon | BU4: Non Logo | BV4: ติดป้าย Amezon | BW4: ไม่ติดป้าย Amezon | BX4: Non Logo | BY4: รวม | BZ4: ติดป้าย Amezon | CA4: ไม่ติดป้าย Amezon | CB4: Non Logo | CC4: ติดป้าย Amezon | CD4: ไม่ติดป้าย Amezon | CE4: Non Logo
A5: 1 | F5: 1113036 | G5: ช็อกบอล | H5: Aeon | K5: =SUM(N5,X5,AH5,AR5,BB5,BL5,BV5) -> 0 | L5: =SUM(O5,Y5,AI5,AS5,BC5,BM5,BW5) -> 0 | O5: 0 | Q5: =SUM(N5:P5) -> 0 | R5: =SUMIF('ยอดจริง Week 1'!A:A,'Week 1'!F5,'ยอดจริง Week 1'!C:C) -> 0 | S5: =SUMIF('ยอดจริง Week 1'!A:A,'Week 1'!F5,'ยอดจริง Week 1'!D:D) -> 0 | T5: =SUMIF('ยอดจริง Week 1'!A:A,'Week 1'!F5,'ยอดจริง Week 1'!E:E) -> 0 | U5: =N5-R5 -> 0 | V5: =O5-S5 -> 0 | W5: =P5-T5 -> 0 | Y5: 0 | AA5: =SUM(X5:Z5) -> 0 | AB5: =SUMIF('ยอดจริง Week 1'!H:H,'Week 1'!F5,'ยอดจริง Week 1'!J:J) -> 0 | AC5: =SUMIF('ยอดจริง Week 1'!H:H,'Week 1'!F5,'ยอดจริง Week 1'!K:K) -> 0 | AD5: =SUMIF('ยอดจริง Week 1'!H:H,'Week 1'!F5,'ยอดจริง Week 1'!L:L) -> 0 | AE5: =X5-AB5 -> 0 | AF5: =Y5-AC5 -> 0 | AG5: =Z5-AD5 -> 0 | AI5: 0 | AK5: =SUM(AH5:AJ5) -> 0 | AL5: =SUMIF('ยอดจริง Week 1'!O:O,'Week 1'!F5,'ยอดจริง Week 1'!Q:Q) -> 0 | AM5: =SUMIF('ยอดจริง Week 1'!O:O,'Week 1'!F5,'ยอดจริง Week 1'!R:R) -> 0 | AN5: =SUMIF('ยอดจริง Week 1'!O:O,'Week 1'!F5,'ยอดจริง Week 1'!S:S) -> 0 | AO5: =AH5-AL5 -> 0 | AP5: =AI5-AM5 -> 0 | AQ5: =AJ5-AN5 -> 0 | AS5: 0 | AU5: =SUM(AR5:AT5) -> 0 | AV5: =SUMIF('ยอดจริง Week 1'!V:V,'Week 1'!F5,'ยอดจริง Week 1'!X:X) -> 0 | AW5: =SUMIF('ยอดจริง Week 1'!V:V,'Week 1'!F5,'ยอดจริง Week 1'!Y:Y) -> 0 | AX5: =SUMIF('ยอดจริง Week 1'!V:V,'Week 1'!F5,'ยอดจริง Week 1'!Z:Z) -> 0 | AY5: =AR5-AV5 -> 0 | AZ5: =AS5-AW5 -> 0 | BA5: =AT5-AX5 -> 0 | BC5: 0 | BE5: =SUM(BB5:BD5) -> 0 | BF5: =SUMIF('ยอดจริง Week 1'!AC:AC,'Week 1'!F5,'ยอดจริง Week 1'!AE:AE) -> 0 | BG5: =SUMIF('ยอดจริง Week 1'!AC:AC,'Week 1'!F5,'ยอดจริง Week 1'!AF:AF) -> 0 | BH5: =SUMIF('ยอดจริง Week 1'!AC:AC,'Week 1'!F5,'ยอดจริง Week 1'!AG:AG) -> 0 | BI5: =BB5-BF5 -> 0 | BJ5: =BC5-BG5 -> 0 | BK5: =BD5-BH5 -> 0 | BM5: 0 | BO5: =SUM(BL5:BN5) -> 0 | BP5: =SUMIF('ยอดจริง Week 1'!AJ:AJ,'Week 1'!F5,'ยอดจริง Week 1'!AL:AL) -> 0 | BQ5: =SUMIF('ยอดจริง Week 1'!AJ:AJ,'Week 1'!F5,'ยอดจริง Week 1'!AM:AM) -> 0 | BR5: =SUMIF('ยอดจริง Week 1'!AJ:AJ,'Week 1'!F5,'ยอดจริง Week 1'!AN:AN) -> 0 | BS5: =BL5-BP5 -> 0 | BT5: =BM5-BQ5 -> 0 | BU5: =BN5-BR5 -> 0 | BW5: 0 | BY5: =SUM(BV5:BX5) -> 0 | BZ5: =SUMIF('ยอดจริง Week 1'!AQ:AQ,'Week 1'!F5,'ยอดจริง Week 1'!AS:AS) -> 0 | CA5: =SUMIF('ยอดจริง Week 1'!AQ:AQ,'Week 1'!F5,'ยอดจริง Week 1'!AT:AT) -> 0 | CB5: =SUMIF('ยอดจริง Week 1'!AQ:AQ,'Week 1'!F5,'ยอดจริง Week 1'!AU:AU) -> 0 | CC5: =BV5-BZ5 -> 0 | CD5: =BW5-CA5 -> 0 | CE5: =BX5-CB5 -> 0
A6: =A5+1 -> 2 | F6: 1111001 | G6: ชิฟฟ่อนเค้ก (1 ชิ้น) | H6: Aeon | K6: =SUM(N6,X6,AH6,AR6,BB6,BL6,BV6) -> 0 | L6: =SUM(O6,Y6,AI6,AS6,BC6,BM6,BW6) -> 0 | O6: 0 | Q6: =SUM(N6:P6) -> 0 | R6: =SUMIF('ยอดจริง Week 1'!A:A,'Week 1'!F6,'ยอดจริง Week 1'!C:C) -> 0 | S6: =SUMIF('ยอดจริง Week 1'!A:A,'Week 1'!F6,'ยอดจริง Week 1'!D:D) -> 0 | T6: =SUMIF('ยอดจริง Week 1'!A:A,'Week 1'!F6,'ยอดจริง Week 1'!E:E) -> 0 | U6: =N6-R6 -> 0 | V6: =O6-S6 -> 0 | W6: =P6-T6 -> 0 | Y6: 0 | AA6: =SUM(X6:Z6) -> 0 | AB6: =SUMIF('ยอดจริง Week 1'!H:H,'Week 1'!F6,'ยอดจริง Week 1'!J:J) -> 0 | AC6: =SUMIF('ยอดจริง Week 1'!H:H,'Week 1'!F6,'ยอดจริง Week 1'!K:K) -> 0 | AD6: =SUMIF('ยอดจริง Week 1'!H:H,'Week 1'!F6,'ยอดจริง Week 1'!L:L) -> 0 | AE6: =X6-AB6 -> 0 | AF6: =Y6-AC6 -> 0 | AG6: =Z6-AD6 -> 0 | AI6: 0 | AK6: =SUM(AH6:AJ6) -> 0 | AL6: =SUMIF('ยอดจริง Week 1'!O:O,'Week 1'!F6,'ยอดจริง Week 1'!Q:Q) -> 0 | AM6: =SUMIF('ยอดจริง Week 1'!O:O,'Week 1'!F6,'ยอดจริง Week 1'!R:R) -> 0 | AN6: =SUMIF('ยอดจริง Week 1'!O:O,'Week 1'!F6,'ยอดจริง Week 1'!S:S) -> 0 | AO6: =AH6-AL6 -> 0 | AP6: =AI6-AM6 -> 0 | AQ6: =AJ6-AN6 -> 0 | AS6: 0 | AU6: =SUM(AR6:AT6) -> 0 | AV6: =SUMIF('ยอดจริง Week 1'!V:V,'Week 1'!F6,'ยอดจริง Week 1'!X:X) -> 0 | AW6: =SUMIF('ยอดจริง Week 1'!V:V,'Week 1'!F6,'ยอดจริง Week 1'!Y:Y) -> 0 | AX6: =SUMIF('ยอดจริง Week 1'!V:V,'Week 1'!F6,'ยอดจริง Week 1'!Z:Z) -> 0 | AY6: =AR6-AV6 -> 0 | AZ6: =AS6-AW6 -> 0 | BA6: =AT6-AX6 -> 0 | BC6: 0 | BE6: =SUM(BB6:BD6) -> 0 | BF6: =SUMIF('ยอดจริง Week 1'!AC:AC,'Week 1'!F6,'ยอดจริง Week 1'!AE:AE) -> 0 | BG6: =SUMIF('ยอดจริง Week 1'!AC:AC,'Week 1'!F6,'ยอดจริง Week 1'!AF:AF) -> 0 | BH6: =SUMIF('ยอดจริง Week 1'!AC:AC,'Week 1'!F6,'ยอดจริง Week 1'!AG:AG) -> 0 | BI6: =BB6-BF6 -> 0 | BJ6: =BC6-BG6 -> 0 | BK6: =BD6-BH6 -> 0 | BM6: 0 | BO6: =SUM(BL6:BN6) -> 0 | BP6: =SUMIF('ยอดจริง Week 1'!AJ:AJ,'Week 1'!F6,'ยอดจริง Week 1'!AL:AL) -> 0 | BQ6: =SUMIF('ยอดจริง Week 1'!AJ:AJ,'Week 1'!F6,'ยอดจริง Week 1'!AM:AM) -> 0 | BR6: =SUMIF('ยอดจริง Week 1'!AJ:AJ,'Week 1'!F6,'ยอดจริง Week 1'!AN:AN) -> 0 | BS6: =BL6-BP6 -> 0 | BT6: =BM6-BQ6 -> 0 | BU6: =BN6-BR6 -> 0 | BW6: 0 | BY6: =SUM(BV6:BX6) -> 0 | BZ6: =SUMIF('ยอดจริง Week 1'!AQ:AQ,'Week 1'!F6,'ยอดจริง Week 1'!AS:AS) -> 0 | CA6: =SUMIF('ยอดจริง Week 1'!AQ:AQ,'Week 1'!F6,'ยอดจริง Week 1'!AT:AT) -> 0 | CB6: =SUMIF('ยอดจริง Week 1'!AQ:AQ,'Week 1'!F6,'ยอดจริง Week 1'!AU:AU) -> 0 | CC6: =BV6-BZ6 -> 0 | CD6: =BW6-CA6 -> 0 | CE6: =BX6-CB6 -> 0
A7: =A6+1 -> 3 | F7: 1004055 | G7: ชิฟฟ่อนเค้ก วรรณวนัช (รวมรส 4 ชิ้น) | K7: =SUM(N7,X7,AH7,AR7,BB7,BL7,BV7) -> 0 | L7: =SUM(O7,Y7,AI7,AS7,BC7,BM7,BW7) -> 50 | O7: 0 | Q7: =SUM(N7:P7) -> 0 | R7: =SUMIF('ยอดจริง Week 1'!A:A,'Week 1'!F7,'ยอดจริง Week 1'!C:C) -> 0 | S7: =SUMIF('ยอดจริง Week 1'!A:A,'Week 1'!F7,'ยอดจริง Week 1'!D:D) -> 0 | T7: =SUMIF('ยอดจริง Week 1'!A:A,'Week 1'!F7,'ยอดจริง Week 1'!E:E) -> 0 | U7: =N7-R7 -> 0 | V7: =O7-S7 -> 0 | W7: =P7-T7 -> 0 | Y7: 30 | AA7: =SUM(X7:Z7) -> 30 | AB7: =SUMIF('ยอดจริง Week 1'!H:H,'Week 1'!F7,'ยอดจริง Week 1'!J:J) -> 0 | AC7: =SUMIF('ยอดจริง Week 1'!H:H,'Week 1'!F7,'ยอดจริง Week 1'!K:K) -> 0 | AD7: =SUMIF('ยอดจริง Week 1'!H:H,'Week 1'!F7,'ยอดจริง Week 1'!L:L) -> 0 | AE7: =X7-AB7 -> 0 | AF7: =Y7-AC7 -> 30 | AG7: =Z7-AD7 -> 0 | AI7: 0 | AK7: =SUM(AH7:AJ7) -> 0 | AL7: =SUMIF('ยอดจริง Week 1'!O:O,'Week 1'!F7,'ยอดจริง Week 1'!Q:Q) -> 0 | AM7: =SUMIF('ยอดจริง Week 1'!O:O,'Week 1'!F7,'ยอดจริง Week 1'!R:R) -> 0 | AN7: =SUMIF('ยอดจริง Week 1'!O:O,'Week 1'!F7,'ยอดจริง Week 1'!S:S) -> 0 | AO7: =AH7-AL7 -> 0 | AP7: =AI7-AM7 -> 0 | AQ7: =AJ7-AN7 -> 0 | AS7: 0 | AU7: =SUM(AR7:AT7) -> 0 | AV7: =SUMIF('ยอดจริง Week 1'!V:V,'Week 1'!F7,'ยอดจริง Week 1'!X:X) -> 0 | AW7: =SUMIF('ยอดจริง Week 1'!V:V,'Week 1'!F7,'ยอดจริง Week 1'!Y:Y) -> 0 | AX7: =SUMIF('ยอดจริง Week 1'!V:V,'Week 1'!F7,'ยอดจริง Week 1'!Z:Z) -> 0 | AY7: =AR7-AV7 -> 0 | AZ7: =AS7-AW7 -> 0 | BA7: =AT7-AX7 -> 0 | BC7: 20 | BE7: =SUM(BB7:BD7) -> 20 | BF7: =SUMIF('ยอดจริง Week 1'!AC:AC,'Week 1'!F7,'ยอดจริง Week 1'!AE:AE) -> 0 | BG7: =SUMIF('ยอดจริง Week 1'!AC:AC,'Week 1'!F7,'ยอดจริง Week 1'!AF:AF) -> 0 | BH7: =SUMIF('ยอดจริง Week 1'!AC:AC,'Week 1'!F7,'ยอดจริง Week 1'!AG:AG) -> 0 | BI7: =BB7-BF7 -> 0 | BJ7: =BC7-BG7 -> 20 | BK7: =BD7-BH7 -> 0 | BM7: 0 | BO7: =SUM(BL7:BN7) -> 0 | BP7: =SUMIF('ยอดจริง Week 1'!AJ:AJ,'Week 1'!F7,'ยอดจริง Week 1'!AL:AL) -> 0 | BQ7: =SUMIF('ยอดจริง Week 1'!AJ:AJ,'Week 1'!F7,'ยอดจริง Week 1'!AM:AM) -> 0 | BR7: =SUMIF('ยอดจริง Week 1'!AJ:AJ,'Week 1'!F7,'ยอดจริง Week 1'!AN:AN) -> 0 | BS7: =BL7-BP7 -> 0 | BT7: =BM7-BQ7 -> 0 | BU7: =BN7-BR7 -> 0 | BW7: 0 | BY7: =SUM(BV7:BX7) -> 0 | BZ7: =SUMIF('ยอดจริง Week 1'!AQ:AQ,'Week 1'!F7,'ยอดจริง Week 1'!AS:AS) -> 0 | CA7: =SUMIF('ยอดจริง Week 1'!AQ:AQ,'Week 1'!F7,'ยอดจริง Week 1'!AT:AT) -> 0 | CB7: =SUMIF('ยอดจริง Week 1'!AQ:AQ,'Week 1'!F7,'ยอดจริง Week 1'!AU:AU) -> 0 | CC7: =BV7-BZ7 -> 0 | CD7: =BW7-CA7 -> 0 | CE7: =BX7-CB7 -> 0
A8: =A7+1 -> 4 | F8: 1111002 | G8: ชิฟฟ่อนเค้ก วรรณวนัช (รวมรส 8 ชิ้น) | H8: Lotus | K8: =SUM(N8,X8,AH8,AR8,BB8,BL8,BV8) -> 0 | L8: =SUM(O8,Y8,AI8,AS8,BC8,BM8,BW8) -> 110 | O8: 0 | Q8: =SUM(N8:P8) -> 0 | R8: =SUMIF('ยอดจริง Week 1'!A:A,'Week 1'!F8,'ยอดจริง Week 1'!C:C) -> 0 | S8: =SUMIF('ยอดจริง Week 1'!A:A,'Week 1'!F8,'ยอดจริง Week 1'!D:D) -> 0 | T8: =SUMIF('ยอดจริง Week 1'!A:A,'Week 1'!F8,'ยอดจริง Week 1'!E:E) -> 0 | U8: =N8-R8 -> 0 | V8: =O8-S8 -> 0 | W8: =P8-T8 -> 0 | Y8: 50 | AA8: =SUM(X8:Z8) -> 50 | AB8: =SUMIF('ยอดจริง Week 1'!H:H,'Week 1'!F8,'ยอดจริง Week 1'!J:J) -> 0 | AC8: =SUMIF('ยอดจริง Week 1'!H:H,'Week 1'!F8,'ยอดจริง Week 1'!K:K) -> 0 | AD8: =SUMIF('ยอดจริง Week 1'!H:H,'Week 1'!F8,'ยอดจริง Week 1'!L:L) -> 0 | AE8: =X8-AB8 -> 0 | AF8: =Y8-AC8 -> 50 | AG8: =Z8-AD8 -> 0 | AI8: 0 | AK8: =SUM(AH8:AJ8) -> 0 | AL8: =SUMIF('ยอดจริง Week 1'!O:O,'Week 1'!F8,'ยอดจริง Week 1'!Q:Q) -> 0 | AM8: =SUMIF('ยอดจริง Week 1'!O:O,'Week 1'!F8,'ยอดจริง Week 1'!R:R) -> 0 | AN8: =SUMIF('ยอดจริง Week 1'!O:O,'Week 1'!F8,'ยอดจริง Week 1'!S:S) -> 0 | AO8: =AH8-AL8 -> 0 | AP8: =AI8-AM8 -> 0 | AQ8: =AJ8-AN8 -> 0 | AS8: 0 | AU8: =SUM(AR8:AT8) -> 0 | AV8: =SUMIF('ยอดจริง Week 1'!V:V,'Week 1'!F8,'ยอดจริง Week 1'!X:X) -> 0 | AW8: =SUMIF('ยอดจริง Week 1'!V:V,'Week 1'!F8,'ยอดจริง Week 1'!Y:Y) -> 0 | AX8: =SUMIF('ยอดจริง Week 1'!V:V,'Week 1'!F8,'ยอดจริง Week 1'!Z:Z) -> 0 | AY8: =AR8-AV8 -> 0 | AZ8: =AS8-AW8 -> 0 | BA8: =AT8-AX8 -> 0 | BC8: 30 | BE8: =SUM(BB8:BD8) -> 30 | BF8: =SUMIF('ยอดจริง Week 1'!AC:AC,'Week 1'!F8,'ยอดจริง Week 1'!AE:AE) -> 0 | BG8: =SUMIF('ยอดจริง Week 1'!AC:AC,'Week 1'!F8,'ยอดจริง Week 1'!AF:AF) -> 0 | BH8: =SUMIF('ยอดจริง Week 1'!AC:AC,'Week 1'!F8,'ยอดจริง Week 1'!AG:AG) -> 0 | BI8: =BB8-BF8 -> 0 | BJ8: =BC8-BG8 -> 30 | BK8: =BD8-BH8 -> 0 | BM8: 30 | BO8: =SUM(BL8:BN8) -> 30 | BP8: =SUMIF('ยอดจริง Week 1'!AJ:AJ,'Week 1'!F8,'ยอดจริง Week 1'!AL:AL) -> 0 | BQ8: =SUMIF('ยอดจริง Week 1'!AJ:AJ,'Week 1'!F8,'ยอดจริง Week 1'!AM:AM) -> 0 | BR8: =SUMIF('ยอดจริง Week 1'!AJ:AJ,'Week 1'!F8,'ยอดจริง Week 1'!AN:AN) -> 0 | BS8: =BL8-BP8 -> 0 | BT8: =BM8-BQ8 -> 30 | BU8: =BN8-BR8 -> 0 | BW8: 0 | BY8: =SUM(BV8:BX8) -> 0 | BZ8: =SUMIF('ยอดจริง Week 1'!AQ:AQ,'Week 1'!F8,'ยอดจริง Week 1'!AS:AS) -> 0 | CA8: =SUMIF('ยอดจริง Week 1'!AQ:AQ,'Week 1'!F8,'ยอดจริง Week 1'!AT:AT) -> 0 | CB8: =SUMIF('ยอดจริง Week 1'!AQ:AQ,'Week 1'!F8,'ยอดจริง Week 1'!AU:AU) -> 0 | CC8: =BV8-BZ8 -> 0 | CD8: =BW8-CA8 -> 0 | CE8: =BX8-CB8 -> 0
A9: =A8+1 -> 5 | F9: 1111055 | G9: วรรณวนัช ชิฟฟ่อนรวมรส 8 ชิ้น | H9: Makro | K9: =SUM(N9,X9,AH9,AR9,BB9,BL9,BV9) -> 0 | L9: =SUM(O9,Y9,AI9,AS9,BC9,BM9,BW9) -> 0 | O9: 0 | Q9: =SUM(N9:P9) -> 0 | R9: =SUMIF('ยอดจริง Week 1'!A:A,'Week 1'!F9,'ยอดจริง Week 1'!C:C) -> 0 | S9: =SUMIF('ยอดจริง Week 1'!A:A,'Week 1'!F9,'ยอดจริง Week 1'!D:D) -> 0 | T9: =SUMIF('ยอดจริง Week 1'!A:A,'Week 1'!F9,'ยอดจริง Week 1'!E:E) -> 0 | U9: =N9-R9 -> 0 | V9: =O9-S9 -> 0 | W9: =P9-T9 -> 0 | Y9: 0 | AA9: =SUM(X9:Z9) -> 0 | AB9: =SUMIF('ยอดจริง Week 1'!H:H,'Week 1'!F9,'ยอดจริง Week 1'!J:J) -> 0 | AC9: =SUMIF('ยอดจริง Week 1'!H:H,'Week 1'!F9,'ยอดจริง Week 1'!K:K) -> 0 | AD9: =SUMIF('ยอดจริง Week 1'!H:H,'Week 1'!F9,'ยอดจริง Week 1'!L:L) -> 0 | AE9: =X9-AB9 -> 0 | AF9: =Y9-AC9 -> 0 | AG9: =Z9-AD9 -> 0 | AI9: 0 | AK9: =SUM(AH9:AJ9) -> 0 | AL9: =SUMIF('ยอดจริง Week 1'!O:O,'Week 1'!F9,'ยอดจริง Week 1'!Q:Q) -> 0 | AM9: =SUMIF('ยอดจริง Week 1'!O:O,'Week 1'!F9,'ยอดจริง Week 1'!R:R) -> 0 | AN9: =SUMIF('ยอดจริง Week 1'!O:O,'Week 1'!F9,'ยอดจริง Week 1'!S:S) -> 0 | AO9: =AH9-AL9 -> 0 | AP9: =AI9-AM9 -> 0 | AQ9: =AJ9-AN9 -> 0 | AS9: 0 | AU9: =SUM(AR9:AT9) -> 0 | AV9: =SUMIF('ยอดจริง Week 1'!V:V,'Week 1'!F9,'ยอดจริง Week 1'!X:X) -> 0 | AW9: =SUMIF('ยอดจริง Week 1'!V:V,'Week 1'!F9,'ยอดจริง Week 1'!Y:Y) -> 0 | AX9: =SUMIF('ยอดจริง Week 1'!V:V,'Week 1'!F9,'ยอดจริง Week 1'!Z:Z) -> 0 | AY9: =AR9-AV9 -> 0 | AZ9: =AS9-AW9 -> 0 | BA9: =AT9-AX9 -> 0 | BC9: 0 | BE9: =SUM(BB9:BD9) -> 0 | BF9: =SUMIF('ยอดจริง Week 1'!AC:AC,'Week 1'!F9,'ยอดจริง Week 1'!AE:AE) -> 0 | BG9: =SUMIF('ยอดจริง Week 1'!AC:AC,'Week 1'!F9,'ยอดจริง Week 1'!AF:AF) -> 0 | BH9: =SUMIF('ยอดจริง Week 1'!AC:AC,'Week 1'!F9,'ยอดจริง Week 1'!AG:AG) -> 0 | BI9: =BB9-BF9 -> 0 | BJ9: =BC9-BG9 -> 0 | BK9: =BD9-BH9 -> 0 | BM9: 0 | BO9: =SUM(BL9:BN9) -> 0 | BP9: =SUMIF('ยอดจริง Week 1'!AJ:AJ,'Week 1'!F9,'ยอดจริง Week 1'!AL:AL) -> 0 | BQ9: =SUMIF('ยอดจริง Week 1'!AJ:AJ,'Week 1'!F9,'ยอดจริง Week 1'!AM:AM) -> 0 | BR9: =SUMIF('ยอดจริง Week 1'!AJ:AJ,'Week 1'!F9,'ยอดจริง Week 1'!AN:AN) -> 0 | BS9: =BL9-BP9 -> 0 | BT9: =BM9-BQ9 -> 0 | BU9: =BN9-BR9 -> 0 | BW9: 0 | BY9: =SUM(BV9:BX9) -> 0 | BZ9: =SUMIF('ยอดจริง Week 1'!AQ:AQ,'Week 1'!F9,'ยอดจริง Week 1'!AS:AS) -> 0 | CA9: =SUMIF('ยอดจริง Week 1'!AQ:AQ,'Week 1'!F9,'ยอดจริง Week 1'!AT:AT) -> 0 | CB9: =SUMIF('ยอดจริง Week 1'!AQ:AQ,'Week 1'!F9,'ยอดจริง Week 1'!AU:AU) -> 0 | CC9: =BV9-BZ9 -> 0 | CD9: =BW9-CA9 -> 0 | CE9: =BX9-CB9 -> 0
A10: =A9+1 -> 6 | F10: 1111030 | G10: ชิฟฟ่อนเค้ก รสกาแฟ (8 ชิ้น) | K10: =SUM(N10,X10,AH10,AR10,BB10,BL10,BV10) -> 0 | L10: =SUM(O10,Y10,AI10,AS10,BC10,BM10,BW10) -> 0 | O10: 0 | Q10: =SUM(N10:P10) -> 0 | R10: =SUMIF('ยอดจริง Week 1'!A:A,'Week 1'!F10,'ยอดจริง Week 1'!C:C) -> 0 | S10: =SUMIF('ยอดจริง Week 1'!A:A,'Week 1'!F10,'ยอดจริง Week 1'!D:D) -> 0 | T10: =SUMIF('ยอดจริง Week 1'!A:A,'Week 1'!F10,'ยอดจริง Week 1'!E:E) -> 0 | U10: =N10-R10 -> 0 | V10: =O10-S10 -> 0 | W10: =P10-T10 -> 0 | Y10: 0 | AA10: =SUM(X10:Z10) -> 0 | AB10: =SUMIF('ยอดจริง Week 1'!H:H,'Week 1'!F10,'ยอดจริง Week 1'!J:J) -> 0 | AC10: =SUMIF('ยอดจริง Week 1'!H:H,'Week 1'!F10,'ยอดจริง Week 1'!K:K) -> 0 | AD10: =SUMIF('ยอดจริง Week 1'!H:H,'Week 1'!F10,'ยอดจริง Week 1'!L:L) -> 0 | AE10: =X10-AB10 -> 0 | AF10: =Y10-AC10 -> 0 | AG10: =Z10-AD10 -> 0 | AI10: 0 | AK10: =SUM(AH10:AJ10) -> 0 | AL10: =SUMIF('ยอดจริง Week 1'!O:O,'Week 1'!F10,'ยอดจริง Week 1'!Q:Q) -> 0 | AM10: =SUMIF('ยอดจริง Week 1'!O:O,'Week 1'!F10,'ยอดจริง Week 1'!R:R) -> 0 | AN10: =SUMIF('ยอดจริง Week 1'!O:O,'Week 1'!F10,'ยอดจริง Week 1'!S:S) -> 0 | AO10: =AH10-AL10 -> 0 | AP10: =AI10-AM10 -> 0 | AQ10: =AJ10-AN10 -> 0 | AS10: 0 | AU10: =SUM(AR10:AT10) -> 0 | AV10: =SUMIF('ยอดจริง Week 1'!V:V,'Week 1'!F10,'ยอดจริง Week 1'!X:X) -> 0 | AW10: =SUMIF('ยอดจริง Week 1'!V:V,'Week 1'!F10,'ยอดจริง Week 1'!Y:Y) -> 0 | AX10: =SUMIF('ยอดจริง Week 1'!V:V,'Week 1'!F10,'ยอดจริง Week 1'!Z:Z) -> 0 | AY10: =AR10-AV10 -> 0 | AZ10: =AS10-AW10 -> 0 | BA10: =AT10-AX10 -> 0 | BC10: 0 | BE10: =SUM(BB10:BD10) -> 0 | BF10: =SUMIF('ยอดจริง Week 1'!AC:AC,'Week 1'!F10,'ยอดจริง Week 1'!AE:AE) -> 0 | BG10: =SUMIF('ยอดจริง Week 1'!AC:AC,'Week 1'!F10,'ยอดจริง Week 1'!AF:AF) -> 0 | BH10: =SUMIF('ยอดจริง Week 1'!AC:AC,'Week 1'!F10,'ยอดจริง Week 1'!AG:AG) -> 0 | BI10: =BB10-BF10 -> 0 | BJ10: =BC10-BG10 -> 0 | BK10: =BD10-BH10 -> 0 | BM10: 0 | BO10: =SUM(BL10:BN10) -> 0 | BP10: =SUMIF('ยอดจริง Week 1'!AJ:AJ,'Week 1'!F10,'ยอดจริง Week 1'!AL:AL) -> 0 | BQ10: =SUMIF('ยอดจริง Week 1'!AJ:AJ,'Week 1'!F10,'ยอดจริง Week 1'!AM:AM) -> 0 | BR10: =SUMIF('ยอดจริง Week 1'!AJ:AJ,'Week 1'!F10,'ยอดจริง Week 1'!AN:AN) -> 0 | BS10: =BL10-BP10 -> 0 | BT10: =BM10-BQ10 -> 0 | BU10: =BN10-BR10 -> 0 | BW10: 0 | BY10: =SUM(BV10:BX10) -> 0 | BZ10: =SUMIF('ยอดจริง Week 1'!AQ:AQ,'Week 1'!F10,'ยอดจริง Week 1'!AS:AS) -> 0 | CA10: =SUMIF('ยอดจริง Week 1'!AQ:AQ,'Week 1'!F10,'ยอดจริง Week 1'!AT:AT) -> 0 | CB10: =SUMIF('ยอดจริง Week 1'!AQ:AQ,'Week 1'!F10,'ยอดจริง Week 1'!AU:AU) -> 0 | CC10: =BV10-BZ10 -> 0 | CD10: =BW10-CA10 -> 0 | CE10: =BX10-CB10 -> 0
A11: =A10+1 -> 7 | F11: 1111036 | G11: ชิฟฟอนเค้ก วรรณวนัช ห่อกระดาษ (รวมรส 4 ชิ้น) | K11: =SUM(N11,X11,AH11,AR11,BB11,BL11,BV11) -> 0 | L11: =SUM(O11,Y11,AI11,AS11,BC11,BM11,BW11) -> 0 | O11: 0 | Q11: =SUM(N11:P11) -> 0 | R11: =SUMIF('ยอดจริง Week 1'!A:A,'Week 1'!F11,'ยอดจริง Week 1'!C:C) -> 0 | S11: =SUMIF('ยอดจริง Week 1'!A:A,'Week 1'!F11,'ยอดจริง Week 1'!D:D) -> 0 | T11: =SUMIF('ยอดจริง Week 1'!A:A,'Week 1'!F11,'ยอดจริง Week 1'!E:E) -> 0 | U11: =N11-R11 -> 0 | V11: =O11-S11 -> 0 | W11: =P11-T11 -> 0 | Y11: 0 | AA11: =SUM(X11:Z11) -> 0 | AB11: =SUMIF('ยอดจริง Week 1'!H:H,'Week 1'!F11,'ยอดจริง Week 1'!J:J) -> 0 | AC11: =SUMIF('ยอดจริง Week 1'!H:H,'Week 1'!F11,'ยอดจริง Week 1'!K:K) -> 0 | AD11: =SUMIF('ยอดจริง Week 1'!H:H,'Week 1'!F11,'ยอดจริง Week 1'!L:L) -> 0 | AE11: =X11-AB11 -> 0 | AF11: =Y11-AC11 -> 0 | AG11: =Z11-AD11 -> 0 | AI11: 0 | AK11: =SUM(AH11:AJ11) -> 0 | AL11: =SUMIF('ยอดจริง Week 1'!O:O,'Week 1'!F11,'ยอดจริง Week 1'!Q:Q) -> 0 | AM11: =SUMIF('ยอดจริง Week 1'!O:O,'Week 1'!F11,'ยอดจริง Week 1'!R:R) -> 0 | AN11: =SUMIF('ยอดจริง Week 1'!O:O,'Week 1'!F11,'ยอดจริง Week 1'!S:S) -> 0 | AO11: =AH11-AL11 -> 0 | AP11: =AI11-AM11 -> 0 | AQ11: =AJ11-AN11 -> 0 | AS11: 0 | AU11: =SUM(AR11:AT11) -> 0 | AV11: =SUMIF('ยอดจริง Week 1'!V:V,'Week 1'!F11,'ยอดจริง Week 1'!X:X) -> 0 | AW11: =SUMIF('ยอดจริง Week 1'!V:V,'Week 1'!F11,'ยอดจริง Week 1'!Y:Y) -> 0 | AX11: =SUMIF('ยอดจริง Week 1'!V:V,'Week 1'!F11,'ยอดจริง Week 1'!Z:Z) -> 0 | AY11: =AR11-AV11 -> 0 | AZ11: =AS11-AW11 -> 0 | BA11: =AT11-AX11 -> 0 | BC11: 0 | BE11: =SUM(BB11:BD11) -> 0 | BF11: =SUMIF('ยอดจริง Week 1'!AC:AC,'Week 1'!F11,'ยอดจริง Week 1'!AE:AE) -> 0 | BG11: =SUMIF('ยอดจริง Week 1'!AC:AC,'Week 1'!F11,'ยอดจริง Week 1'!AF:AF) -> 0 | BH11: =SUMIF('ยอดจริง Week 1'!AC:AC,'Week 1'!F11,'ยอดจริง Week 1'!AG:AG) -> 0 | BI11: =BB11-BF11 -> 0 | BJ11: =BC11-BG11 -> 0 | BK11: =BD11-BH11 -> 0 | BM11: 0 | BO11: =SUM(BL11:BN11) -> 0 | BP11: =SUMIF('ยอดจริง Week 1'!AJ:AJ,'Week 1'!F11,'ยอดจริง Week 1'!AL:AL) -> 0 | BQ11: =SUMIF('ยอดจริง Week 1'!AJ:AJ,'Week 1'!F11,'ยอดจริง Week 1'!AM:AM) -> 0 | BR11: =SUMIF('ยอดจริง Week 1'!AJ:AJ,'Week 1'!F11,'ยอดจริง Week 1'!AN:AN) -> 0 | BS11: =BL11-BP11 -> 0 | BT11: =BM11-BQ11 -> 0 | BU11: =BN11-BR11 -> 0 | BW11: 0 | BY11: =SUM(BV11:BX11) -> 0 | BZ11: =SUMIF('ยอดจริง Week 1'!AQ:AQ,'Week 1'!F11,'ยอดจริง Week 1'!AS:AS) -> 0 | CA11: =SUMIF('ยอดจริง Week 1'!AQ:AQ,'Week 1'!F11,'ยอดจริง Week 1'!AT:AT) -> 0 | CB11: =SUMIF('ยอดจริง Week 1'!AQ:AQ,'Week 1'!F11,'ยอดจริง Week 1'!AU:AU) -> 0 | CC11: =BV11-BZ11 -> 0 | CD11: =BW11-CA11 -> 0 | CE11: =BX11-CB11 -> 0
A12: =A11+1 -> 8 | F12: 1111037 | G12: ชิฟฟอนเค้ก วรรณวนัช ห่อกระดาษ (รวมรส 8 ชิ้น) | K12: =SUM(N12,X12,AH12,AR12,BB12,BL12,BV12) -> 0 | L12: =SUM(O12,Y12,AI12,AS12,BC12,BM12,BW12) -> 0 | O12: 0 | Q12: =SUM(N12:P12) -> 0 | R12: =SUMIF('ยอดจริง Week 1'!A:A,'Week 1'!F12,'ยอดจริง Week 1'!C:C) -> 0 | S12: =SUMIF('ยอดจริง Week 1'!A:A,'Week 1'!F12,'ยอดจริง Week 1'!D:D) -> 0 | T12: =SUMIF('ยอดจริง Week 1'!A:A,'Week 1'!F12,'ยอดจริง Week 1'!E:E) -> 0 | U12: =N12-R12 -> 0 | V12: =O12-S12 -> 0 | W12: =P12-T12 -> 0 | Y12: 0 | AA12: =SUM(X12:Z12) -> 0 | AB12: =SUMIF('ยอดจริง Week 1'!H:H,'Week 1'!F12,'ยอดจริง Week 1'!J:J) -> 0 | AC12: =SUMIF('ยอดจริง Week 1'!H:H,'Week 1'!F12,'ยอดจริง Week 1'!K:K) -> 0 | AD12: =SUMIF('ยอดจริง Week 1'!H:H,'Week 1'!F12,'ยอดจริง Week 1'!L:L) -> 0 | AE12: =X12-AB12 -> 0 | AF12: =Y12-AC12 -> 0 | AG12: =Z12-AD12 -> 0 | AI12: 0 | AK12: =SUM(AH12:AJ12) -> 0 | AL12: =SUMIF('ยอดจริง Week 1'!O:O,'Week 1'!F12,'ยอดจริง Week 1'!Q:Q) -> 0 | AM12: =SUMIF('ยอดจริง Week 1'!O:O,'Week 1'!F12,'ยอดจริง Week 1'!R:R) -> 0 | AN12: =SUMIF('ยอดจริง Week 1'!O:O,'Week 1'!F12,'ยอดจริง Week 1'!S:S) -> 0 | AO12: =AH12-AL12 -> 0 | AP12: =AI12-AM12 -> 0 | AQ12: =AJ12-AN12 -> 0 | AS12: 0 | AU12: =SUM(AR12:AT12) -> 0 | AV12: =SUMIF('ยอดจริง Week 1'!V:V,'Week 1'!F12,'ยอดจริง Week 1'!X:X) -> 0 | AW12: =SUMIF('ยอดจริง Week 1'!V:V,'Week 1'!F12,'ยอดจริง Week 1'!Y:Y) -> 0 | AX12: =SUMIF('ยอดจริง Week 1'!V:V,'Week 1'!F12,'ยอดจริง Week 1'!Z:Z) -> 0 | AY12: =AR12-AV12 -> 0 | AZ12: =AS12-AW12 -> 0 | BA12: =AT12-AX12 -> 0 | BC12: 0 | BE12: =SUM(BB12:BD12) -> 0 | BF12: =SUMIF('ยอดจริง Week 1'!AC:AC,'Week 1'!F12,'ยอดจริง Week 1'!AE:AE) -> 0 | BG12: =SUMIF('ยอดจริง Week 1'!AC:AC,'Week 1'!F12,'ยอดจริง Week 1'!AF:AF) -> 0 | BH12: =SUMIF('ยอดจริง Week 1'!AC:AC,'Week 1'!F12,'ยอดจริง Week 1'!AG:AG) -> 0 | BI12: =BB12-BF12 -> 0 | BJ12: =BC12-BG12 -> 0 | BK12: =BD12-BH12 -> 0 | BM12: 0 | BO12: =SUM(BL12:BN12) -> 0 | BP12: =SUMIF('ยอดจริง Week 1'!AJ:AJ,'Week 1'!F12,'ยอดจริง Week 1'!AL:AL) -> 0 | BQ12: =SUMIF('ยอดจริง Week 1'!AJ:AJ,'Week 1'!F12,'ยอดจริง Week 1'!AM:AM) -> 0 | BR12: =SUMIF('ยอดจริง Week 1'!AJ:AJ,'Week 1'!F12,'ยอดจริง Week 1'!AN:AN) -> 0 | BS12: =BL12-BP12 -> 0 | BT12: =BM12-BQ12 -> 0 | BU12: =BN12-BR12 -> 0 | BW12: 0 | BY12: =SUM(BV12:BX12) -> 0 | BZ12: =SUMIF('ยอดจริง Week 1'!AQ:AQ,'Week 1'!F12,'ยอดจริง Week 1'!AS:AS) -> 0 | CA12: =SUMIF('ยอดจริง Week 1'!AQ:AQ,'Week 1'!F12,'ยอดจริง Week 1'!AT:AT) -> 0 | CB12: =SUMIF('ยอดจริง Week 1'!AQ:AQ,'Week 1'!F12,'ยอดจริง Week 1'!AU:AU) -> 0 | CC12: =BV12-BZ12 -> 0 | CD12: =BW12-CA12 -> 0 | CE12: =BX12-CB12 -> 0
A13: =A12+1 -> 9 | F13: 1111040 | G13: ชิฟฟอนเค้กวรรณวนัช ห่อซีน (รวมรส 4 ชิ้น) | K13: =SUM(N13,X13,AH13,AR13,BB13,BL13,BV13) -> 0 | L13: =SUM(O13,Y13,AI13,AS13,BC13,BM13,BW13) -> 0 | O13: 0 | Q13: =SUM(N13:P13) -> 0 | R13: =SUMIF('ยอดจริง Week 1'!A:A,'Week 1'!F13,'ยอดจริง Week 1'!C:C) -> 0 | S13: =SUMIF('ยอดจริง Week 1'!A:A,'Week 1'!F13,'ยอดจริง Week 1'!D:D) -> 0 | T13: =SUMIF('ยอดจริง Week 1'!A:A,'Week 1'!F13,'ยอดจริง Week 1'!E:E) -> 0 | U13: =N13-R13 -> 0 | V13: =O13-S13 -> 0 | W13: =P13-T13 -> 0 | Y13: 0 | AA13: =SUM(X13:Z13) -> 0 | AB13: =SUMIF('ยอดจริง Week 1'!H:H,'Week 1'!F13,'ยอดจริง Week 1'!J:J) -> 0 | AC13: =SUMIF('ยอดจริง Week 1'!H:H,'Week 1'!F13,'ยอดจริง Week 1'!K:K) -> 0 | AD13: =SUMIF('ยอดจริง Week 1'!H:H,'Week 1'!F13,'ยอดจริง Week 1'!L:L) -> 0 | AE13: =X13-AB13 -> 0 | AF13: =Y13-AC13 -> 0 | AG13: =Z13-AD13 -> 0 | AI13: 0 | AK13: =SUM(AH13:AJ13) -> 0 | AL13: =SUMIF('ยอดจริง Week 1'!O:O,'Week 1'!F13,'ยอดจริง Week 1'!Q:Q) -> 0 | AM13: =SUMIF('ยอดจริง Week 1'!O:O,'Week 1'!F13,'ยอดจริง Week 1'!R:R) -> 0 | AN13: =SUMIF('ยอดจริง Week 1'!O:O,'Week 1'!F13,'ยอดจริง Week 1'!S:S) -> 0 | AO13: =AH13-AL13 -> 0 | AP13: =AI13-AM13 -> 0 | AQ13: =AJ13-AN13 -> 0 | AS13: 0 | AU13: =SUM(AR13:AT13) -> 0 | AV13: =SUMIF('ยอดจริง Week 1'!V:V,'Week 1'!F13,'ยอดจริง Week 1'!X:X) -> 0 | AW13: =SUMIF('ยอดจริง Week 1'!V:V,'Week 1'!F13,'ยอดจริง Week 1'!Y:Y) -> 0 | AX13: =SUMIF('ยอดจริง Week 1'!V:V,'Week 1'!F13,'ยอดจริง Week 1'!Z:Z) -> 0 | AY13: =AR13-AV13 -> 0 | AZ13: =AS13-AW13 -> 0 | BA13: =AT13-AX13 -> 0 | BC13: 0 | BE13: =SUM(BB13:BD13) -> 0 | BF13: =SUMIF('ยอดจริง Week 1'!AC:AC,'Week 1'!F13,'ยอดจริง Week 1'!AE:AE) -> 0 | BG13: =SUMIF('ยอดจริง Week 1'!AC:AC,'Week 1'!F13,'ยอดจริง Week 1'!AF:AF) -> 0 | BH13: =SUMIF('ยอดจริง Week 1'!AC:AC,'Week 1'!F13,'ยอดจริง Week 1'!AG:AG) -> 0 | BI13: =BB13-BF13 -> 0 | BJ13: =BC13-BG13 -> 0 | BK13: =BD13-BH13 -> 0 | BM13: 0 | BO13: =SUM(BL13:BN13) -> 0 | BP13: =SUMIF('ยอดจริง Week 1'!AJ:AJ,'Week 1'!F13,'ยอดจริง Week 1'!AL:AL) -> 0 | BQ13: =SUMIF('ยอดจริง Week 1'!AJ:AJ,'Week 1'!F13,'ยอดจริง Week 1'!AM:AM) -> 0 | BR13: =SUMIF('ยอดจริง Week 1'!AJ:AJ,'Week 1'!F13,'ยอดจริง Week 1'!AN:AN) -> 0 | BS13: =BL13-BP13 -> 0 | BT13: =BM13-BQ13 -> 0 | BU13: =BN13-BR13 -> 0 | BW13: 0 | BY13: =SUM(BV13:BX13) -> 0 | BZ13: =SUMIF('ยอดจริง Week 1'!AQ:AQ,'Week 1'!F13,'ยอดจริง Week 1'!AS:AS) -> 0 | CA13: =SUMIF('ยอดจริง Week 1'!AQ:AQ,'Week 1'!F13,'ยอดจริง Week 1'!AT:AT) -> 0 | CB13: =SUMIF('ยอดจริง Week 1'!AQ:AQ,'Week 1'!F13,'ยอดจริง Week 1'!AU:AU) -> 0 | CC13: =BV13-BZ13 -> 0 | CD13: =BW13-CA13 -> 0 | CE13: =BX13-CB13 -> 0
A14: =A13+1 -> 10 | F14: 1111039 | G14: ชิฟฟอนเค้ก วรรรณวนัช ห่อซีน (รวมรส 8 ชิ้น) | K14: =SUM(N14,X14,AH14,AR14,BB14,BL14,BV14) -> 0 | L14: =SUM(O14,Y14,AI14,AS14,BC14,BM14,BW14) -> 0 | O14: 0 | Q14: =SUM(N14:P14) -> 0 | R14: =SUMIF('ยอดจริง Week 1'!A:A,'Week 1'!F14,'ยอดจริง Week 1'!C:C) -> 0 | S14: =SUMIF('ยอดจริง Week 1'!A:A,'Week 1'!F14,'ยอดจริง Week 1'!D:D) -> 0 | T14: =SUMIF('ยอดจริง Week 1'!A:A,'Week 1'!F14,'ยอดจริง Week 1'!E:E) -> 0 | U14: =N14-R14 -> 0 | V14: =O14-S14 -> 0 | W14: =P14-T14 -> 0 | Y14: 0 | AA14: =SUM(X14:Z14) -> 0 | AB14: =SUMIF('ยอดจริง Week 1'!H:H,'Week 1'!F14,'ยอดจริง Week 1'!J:J) -> 0 | AC14: =SUMIF('ยอดจริง Week 1'!H:H,'Week 1'!F14,'ยอดจริง Week 1'!K:K) -> 0 | AD14: =SUMIF('ยอดจริง Week 1'!H:H,'Week 1'!F14,'ยอดจริง Week 1'!L:L) -> 0 | AE14: =X14-AB14 -> 0 | AF14: =Y14-AC14 -> 0 | AG14: =Z14-AD14 -> 0 | AI14: 0 | AK14: =SUM(AH14:AJ14) -> 0 | AL14: =SUMIF('ยอดจริง Week 1'!O:O,'Week 1'!F14,'ยอดจริง Week 1'!Q:Q) -> 0 | AM14: =SUMIF('ยอดจริง Week 1'!O:O,'Week 1'!F14,'ยอดจริง Week 1'!R:R) -> 0 | AN14: =SUMIF('ยอดจริง Week 1'!O:O,'Week 1'!F14,'ยอดจริง Week 1'!S:S) -> 0 | AO14: =AH14-AL14 -> 0 | AP14: =AI14-AM14 -> 0 | AQ14: =AJ14-AN14 -> 0 | AS14: 0 | AU14: =SUM(AR14:AT14) -> 0 | AV14: =SUMIF('ยอดจริง Week 1'!V:V,'Week 1'!F14,'ยอดจริง Week 1'!X:X) -> 0 | AW14: =SUMIF('ยอดจริง Week 1'!V:V,'Week 1'!F14,'ยอดจริง Week 1'!Y:Y) -> 0 | AX14: =SUMIF('ยอดจริง Week 1'!V:V,'Week 1'!F14,'ยอดจริง Week 1'!Z:Z) -> 0 | AY14: =AR14-AV14 -> 0 | AZ14: =AS14-AW14 -> 0 | BA14: =AT14-AX14 -> 0 | BC14: 0 | BE14: =SUM(BB14:BD14) -> 0 | BF14: =SUMIF('ยอดจริง Week 1'!AC:AC,'Week 1'!F14,'ยอดจริง Week 1'!AE:AE) -> 0 | BG14: =SUMIF('ยอดจริง Week 1'!AC:AC,'Week 1'!F14,'ยอดจริง Week 1'!AF:AF) -> 0 | BH14: =SUMIF('ยอดจริง Week 1'!AC:AC,'Week 1'!F14,'ยอดจริง Week 1'!AG:AG) -> 0 | BI14: =BB14-BF14 -> 0 | BJ14: =BC14-BG14 -> 0 | BK14: =BD14-BH14 -> 0 | BM14: 0 | BO14: =SUM(BL14:BN14) -> 0 | BP14: =SUMIF('ยอดจริง Week 1'!AJ:AJ,'Week 1'!F14,'ยอดจริง Week 1'!AL:AL) -> 0 | BQ14: =SUMIF('ยอดจริง Week 1'!AJ:AJ,'Week 1'!F14,'ยอดจริง Week 1'!AM:AM) -> 0 | BR14: =SUMIF('ยอดจริง Week 1'!AJ:AJ,'Week 1'!F14,'ยอดจริง Week 1'!AN:AN) -> 0 | BS14: =BL14-BP14 -> 0 | BT14: =BM14-BQ14 -> 0 | BU14: =BN14-BR14 -> 0 | BW14: 0 | BY14: =SUM(BV14:BX14) -> 0 | BZ14: =SUMIF('ยอดจริง Week 1'!AQ:AQ,'Week 1'!F14,'ยอดจริง Week 1'!AS:AS) -> 0 | CA14: =SUMIF('ยอดจริง Week 1'!AQ:AQ,'Week 1'!F14,'ยอดจริง Week 1'!AT:AT) -> 0 | CB14: =SUMIF('ยอดจริง Week 1'!AQ:AQ,'Week 1'!F14,'ยอดจริง Week 1'!AU:AU) -> 0 | CC14: =BV14-BZ14 -> 0 | CD14: =BW14-CA14 -> 0 | CE14: =BX14-CB14 -> 0
A15: =A14+1 -> 11 | F15: 1111041 | G15: ชิฟฟอนเค้ก วรรณวนัช กาแฟล้วน(รวมรส 4 ชิ้น) | K15: =SUM(N15,X15,AH15,AR15,BB15,BL15,BV15) -> 0 | L15: =SUM(O15,Y15,AI15,AS15,BC15,BM15,BW15) -> 0 | O15: 0 | Q15: =SUM(N15:P15) -> 0 | R15: =SUMIF('ยอดจริง Week 1'!A:A,'Week 1'!F15,'ยอดจริง Week 1'!C:C) -> 0 | S15: =SUMIF('ยอดจริง Week 1'!A:A,'Week 1'!F15,'ยอดจริง Week 1'!D:D) -> 0 | T15: =SUMIF('ยอดจริง Week 1'!A:A,'Week 1'!F15,'ยอดจริง Week 1'!E:E) -> 0 | U15: =N15-R15 -> 0 | V15: =O15-S15 -> 0 | W15: =P15-T15 -> 0 | Y15: 0 | AA15: =SUM(X15:Z15) -> 0 | AB15: =SUMIF('ยอดจริง Week 1'!H:H,'Week 1'!F15,'ยอดจริง Week 1'!J:J) -> 0 | AC15: =SUMIF('ยอดจริง Week 1'!H:H,'Week 1'!F15,'ยอดจริง Week 1'!K:K) -> 0 | AD15: =SUMIF('ยอดจริง Week 1'!H:H,'Week 1'!F15,'ยอดจริง Week 1'!L:L) -> 0 | AE15: =X15-AB15 -> 0 | AF15: =Y15-AC15 -> 0 | AG15: =Z15-AD15 -> 0 | AI15: 0 | AK15: =SUM(AH15:AJ15) -> 0 | AL15: =SUMIF('ยอดจริง Week 1'!O:O,'Week 1'!F15,'ยอดจริง Week 1'!Q:Q) -> 0 | AM15: =SUMIF('ยอดจริง Week 1'!O:O,'Week 1'!F15,'ยอดจริง Week 1'!R:R) -> 0 | AN15: =SUMIF('ยอดจริง Week 1'!O:O,'Week 1'!F15,'ยอดจริง Week 1'!S:S) -> 0 | AO15: =AH15-AL15 -> 0 | AP15: =AI15-AM15 -> 0 | AQ15: =AJ15-AN15 -> 0 | AS15: 0 | AU15: =SUM(AR15:AT15) -> 0 | AV15: =SUMIF('ยอดจริง Week 1'!V:V,'Week 1'!F15,'ยอดจริง Week 1'!X:X) -> 0 | AW15: =SUMIF('ยอดจริง Week 1'!V:V,'Week 1'!F15,'ยอดจริง Week 1'!Y:Y) -> 0 | AX15: =SUMIF('ยอดจริง Week 1'!V:V,'Week 1'!F15,'ยอดจริง Week 1'!Z:Z) -> 0 | AY15: =AR15-AV15 -> 0 | AZ15: =AS15-AW15 -> 0 | BA15: =AT15-AX15 -> 0 | BC15: 0 | BE15: =SUM(BB15:BD15) -> 0 | BF15: =SUMIF('ยอดจริง Week 1'!AC:AC,'Week 1'!F15,'ยอดจริง Week 1'!AE:AE) -> 0 | BG15: =SUMIF('ยอดจริง Week 1'!AC:AC,'Week 1'!F15,'ยอดจริง Week 1'!AF:AF) -> 0 | BH15: =SUMIF('ยอดจริง Week 1'!AC:AC,'Week 1'!F15,'ยอดจริง Week 1'!AG:AG) -> 0 | BI15: =BB15-BF15 -> 0 | BJ15: =BC15-BG15 -> 0 | BK15: =BD15-BH15 -> 0 | BM15: 0 | BO15: =SUM(BL15:BN15) -> 0 | BP15: =SUMIF('ยอดจริง Week 1'!AJ:AJ,'Week 1'!F15,'ยอดจริง Week 1'!AL:AL) -> 0 | BQ15: =SUMIF('ยอดจริง Week 1'!AJ:AJ,'Week 1'!F15,'ยอดจริง Week 1'!AM:AM) -> 0 | BR15: =SUMIF('ยอดจริง Week 1'!AJ:AJ,'Week 1'!F15,'ยอดจริง Week 1'!AN:AN) -> 0 | BS15: =BL15-BP15 -> 0 | BT15: =BM15-BQ15 -> 0 | BU15: =BN15-BR15 -> 0 | BW15: 0 | BY15: =SUM(BV15:BX15) -> 0 | BZ15: =SUMIF('ยอดจริง Week 1'!AQ:AQ,'Week 1'!F15,'ยอดจริง Week 1'!AS:AS) -> 0 | CA15: =SUMIF('ยอดจริง Week 1'!AQ:AQ,'Week 1'!F15,'ยอดจริง Week 1'!AT:AT) -> 0 | CB15: =SUMIF('ยอดจริง Week 1'!AQ:AQ,'Week 1'!F15,'ยอดจริง Week 1'!AU:AU) -> 0 | CC15: =BV15-BZ15 -> 0 | CD15: =BW15-CA15 -> 0 | CE15: =BX15-CB15 -> 0
A16: =A15+1 -> 12 | F16: 1111043 | G16: ชิฟฟอนรสมะลิ 8 ชิ้น ห่อ ซีน | K16: =SUM(N16,X16,AH16,AR16,BB16,BL16,BV16) -> 0 | L16: =SUM(O16,Y16,AI16,AS16,BC16,BM16,BW16) -> 0 | O16: 0 | Q16: =SUM(N16:P16) -> 0 | R16: =SUMIF('ยอดจริง Week 1'!A:A,'Week 1'!F16,'ยอดจริง Week 1'!C:C) -> 0 | S16: =SUMIF('ยอดจริง Week 1'!A:A,'Week 1'!F16,'ยอดจริง Week 1'!D:D) -> 0 | T16: =SUMIF('ยอดจริง Week 1'!A:A,'Week 1'!F16,'ยอดจริง Week 1'!E:E) -> 0 | U16: =N16-R16 -> 0 | V16: =O16-S16 -> 0 | W16: =P16-T16 -> 0 | Y16: 0 | AA16: =SUM(X16:Z16) -> 0 | AB16: =SUMIF('ยอดจริง Week 1'!H:H,'Week 1'!F16,'ยอดจริง Week 1'!J:J) -> 0 | AC16: =SUMIF('ยอดจริง Week 1'!H:H,'Week 1'!F16,'ยอดจริง Week 1'!K:K) -> 0 | AD16: =SUMIF('ยอดจริง Week 1'!H:H,'Week 1'!F16,'ยอดจริง Week 1'!L:L) -> 0 | AE16: =X16-AB16 -> 0 | AF16: =Y16-AC16 -> 0 | AG16: =Z16-AD16 -> 0 | AI16: 0 | AK16: =SUM(AH16:AJ16) -> 0 | AL16: =SUMIF('ยอดจริง Week 1'!O:O,'Week 1'!F16,'ยอดจริง Week 1'!Q:Q) -> 0 | AM16: =SUMIF('ยอดจริง Week 1'!O:O,'Week 1'!F16,'ยอดจริง Week 1'!R:R) -> 0 | AN16: =SUMIF('ยอดจริง Week 1'!O:O,'Week 1'!F16,'ยอดจริง Week 1'!S:S) -> 0 | AO16: =AH16-AL16 -> 0 | AP16: =AI16-AM16 -> 0 | AQ16: =AJ16-AN16 -> 0 | AS16: 0 | AU16: =SUM(AR16:AT16) -> 0 | AV16: =SUMIF('ยอดจริง Week 1'!V:V,'Week 1'!F16,'ยอดจริง Week 1'!X:X) -> 0 | AW16: =SUMIF('ยอดจริง Week 1'!V:V,'Week 1'!F16,'ยอดจริง Week 1'!Y:Y) -> 0 | AX16: =SUMIF('ยอดจริง Week 1'!V:V,'Week 1'!F16,'ยอดจริง Week 1'!Z:Z) -> 0 | AY16: =AR16-AV16 -> 0 | AZ16: =AS16-AW16 -> 0 | BA16: =AT16-AX16 -> 0 | BC16: 0 | BE16: =SUM(BB16:BD16) -> 0 | BF16: =SUMIF('ยอดจริง Week 1'!AC:AC,'Week 1'!F16,'ยอดจริง Week 1'!AE:AE) -> 0 | BG16: =SUMIF('ยอดจริง Week 1'!AC:AC,'Week 1'!F16,'ยอดจริง Week 1'!AF:AF) -> 0 | BH16: =SUMIF('ยอดจริง Week 1'!AC:AC,'Week 1'!F16,'ยอดจริง Week 1'!AG:AG) -> 0 | BI16: =BB16-BF16 -> 0 | BJ16: =BC16-BG16 -> 0 | BK16: =BD16-BH16 -> 0 | BM16: 0 | BO16: =SUM(BL16:BN16) -> 0 | BP16: =SUMIF('ยอดจริง Week 1'!AJ:AJ,'Week 1'!F16,'ยอดจริง Week 1'!AL:AL) -> 0 | BQ16: =SUMIF('ยอดจริง Week 1'!AJ:AJ,'Week 1'!F16,'ยอดจริง Week 1'!AM:AM) -> 0 | BR16: =SUMIF('ยอดจริง Week 1'!AJ:AJ,'Week 1'!F16,'ยอดจริง Week 1'!AN:AN) -> 0 | BS16: =BL16-BP16 -> 0 | BT16: =BM16-BQ16 -> 0 | BU16: =BN16-BR16 -> 0 | BW16: 0 | BY16: =SUM(BV16:BX16) -> 0 | BZ16: =SUMIF('ยอดจริง Week 1'!AQ:AQ,'Week 1'!F16,'ยอดจริง Week 1'!AS:AS) -> 0 | CA16: =SUMIF('ยอดจริง Week 1'!AQ:AQ,'Week 1'!F16,'ยอดจริง Week 1'!AT:AT) -> 0 | CB16: =SUMIF('ยอดจริง Week 1'!AQ:AQ,'Week 1'!F16,'ยอดจริง Week 1'!AU:AU) -> 0 | CC16: =BV16-BZ16 -> 0 | CD16: =BW16-CA16 -> 0 | CE16: =BX16-CB16 -> 0
A17: =A16+1 -> 13 | F17: 1113091 | G17: (BC) ชิฟฟ่อนรวมรส 4 ชิ้น | H17: BC | K17: =SUM(N17,X17,AH17,AR17,BB17,BL17,BV17) -> 0 | L17: =SUM(O17,Y17,AI17,AS17,BC17,BM17,BW17) -> 0 | O17: 0 | Q17: =SUM(N17:P17) -> 0 | R17: =SUMIF('ยอดจริง Week 1'!A:A,'Week 1'!F17,'ยอดจริง Week 1'!C:C) -> 0 | S17: =SUMIF('ยอดจริง Week 1'!A:A,'Week 1'!F17,'ยอดจริง Week 1'!D:D) -> 0 | T17: =SUMIF('ยอดจริง Week 1'!A:A,'Week 1'!F17,'ยอดจริง Week 1'!E:E) -> 0 | U17: =N17-R17 -> 0 | V17: =O17-S17 -> 0 | W17: =P17-T17 -> 0 | Y17: 0 | AA17: =SUM(X17:Z17) -> 0 | AB17: =SUMIF('ยอดจริง Week 1'!H:H,'Week 1'!F17,'ยอดจริง Week 1'!J:J) -> 0 | AC17: =SUMIF('ยอดจริง Week 1'!H:H,'Week 1'!F17,'ยอดจริง Week 1'!K:K) -> 0 | AD17: =SUMIF('ยอดจริง Week 1'!H:H,'Week 1'!F17,'ยอดจริง Week 1'!L:L) -> 0 | AE17: =X17-AB17 -> 0 | AF17: =Y17-AC17 -> 0 | AG17: =Z17-AD17 -> 0 | AI17: 0 | AK17: =SUM(AH17:AJ17) -> 0 | AL17: =SUMIF('ยอดจริง Week 1'!O:O,'Week 1'!F17,'ยอดจริง Week 1'!Q:Q) -> 0 | AM17: =SUMIF('ยอดจริง Week 1'!O:O,'Week 1'!F17,'ยอดจริง Week 1'!R:R) -> 0 | AN17: =SUMIF('ยอดจริง Week 1'!O:O,'Week 1'!F17,'ยอดจริง Week 1'!S:S) -> 0 | AO17: =AH17-AL17 -> 0 | AP17: =AI17-AM17 -> 0 | AQ17: =AJ17-AN17 -> 0 | AS17: 0 | AU17: =SUM(AR17:AT17) -> 0 | AV17: =SUMIF('ยอดจริง Week 1'!V:V,'Week 1'!F17,'ยอดจริง Week 1'!X:X) -> 0 | AW17: =SUMIF('ยอดจริง Week 1'!V:V,'Week 1'!F17,'ยอดจริง Week 1'!Y:Y) -> 0 | AX17: =SUMIF('ยอดจริง Week 1'!V:V,'Week 1'!F17,'ยอดจริง Week 1'!Z:Z) -> 0 | AY17: =AR17-AV17 -> 0 | AZ17: =AS17-AW17 -> 0 | BA17: =AT17-AX17 -> 0 | BC17: 0 | BE17: =SUM(BB17:BD17) -> 0 | BF17: =SUMIF('ยอดจริง Week 1'!AC:AC,'Week 1'!F17,'ยอดจริง Week 1'!AE:AE) -> 0 | BG17: =SUMIF('ยอดจริง Week 1'!AC:AC,'Week 1'!F17,'ยอดจริง Week 1'!AF:AF) -> 0 | BH17: =SUMIF('ยอดจริง Week 1'!AC:AC,'Week 1'!F17,'ยอดจริง Week 1'!AG:AG) -> 0 | BI17: =BB17-BF17 -> 0 | BJ17: =BC17-BG17 -> 0 | BK17: =BD17-BH17 -> 0 | BM17: 0 | BO17: =SUM(BL17:BN17) -> 0 | BP17: =SUMIF('ยอดจริง Week 1'!AJ:AJ,'Week 1'!F17,'ยอดจริง Week 1'!AL:AL) -> 0 | BQ17: =SUMIF('ยอดจริง Week 1'!AJ:AJ,'Week 1'!F17,'ยอดจริง Week 1'!AM:AM) -> 0 | BR17: =SUMIF('ยอดจริง Week 1'!AJ:AJ,'Week 1'!F17,'ยอดจริง Week 1'!AN:AN) -> 0 | BS17: =BL17-BP17 -> 0 | BT17: =BM17-BQ17 -> 0 | BU17: =BN17-BR17 -> 0 | BW17: 0 | BY17: =SUM(BV17:BX17) -> 0 | BZ17: =SUMIF('ยอดจริง Week 1'!AQ:AQ,'Week 1'!F17,'ยอดจริง Week 1'!AS:AS) -> 0 | CA17: =SUMIF('ยอดจริง Week 1'!AQ:AQ,'Week 1'!F17,'ยอดจริง Week 1'!AT:AT) -> 0 | CB17: =SUMIF('ยอดจริง Week 1'!AQ:AQ,'Week 1'!F17,'ยอดจริง Week 1'!AU:AU) -> 0 | CC17: =BV17-BZ17 -> 0 | CD17: =BW17-CA17 -> 0 | CE17: =BX17-CB17 -> 0
A18: =A17+1 -> 14 | F18: 1113083 | G18: (BC) ชิฟฟ่อนฝอยทอง 1 ชิ้น ไม่มีไส้ | K18: =SUM(N18,X18,AH18,AR18,BB18,BL18,BV18) -> 0 | L18: =SUM(O18,Y18,AI18,AS18,BC18,BM18,BW18) -> 0 | O18: 0 | Q18: =SUM(N18:P18) -> 0 | R18: =SUMIF('ยอดจริง Week 1'!A:A,'Week 1'!F18,'ยอดจริง Week 1'!C:C) -> 0 | S18: =SUMIF('ยอดจริง Week 1'!A:A,'Week 1'!F18,'ยอดจริง Week 1'!D:D) -> 0 | T18: =SUMIF('ยอดจริง Week 1'!A:A,'Week 1'!F18,'ยอดจริง Week 1'!E:E) -> 0 | U18: =N18-R18 -> 0 | V18: =O18-S18 -> 0 | W18: =P18-T18 -> 0 | Y18: 0 | AA18: =SUM(X18:Z18) -> 0 | AB18: =SUMIF('ยอดจริง Week 1'!H:H,'Week 1'!F18,'ยอดจริง Week 1'!J:J) -> 0 | AC18: =SUMIF('ยอดจริง Week 1'!H:H,'Week 1'!F18,'ยอดจริง Week 1'!K:K) -> 0 | AD18: =SUMIF('ยอดจริง Week 1'!H:H,'Week 1'!F18,'ยอดจริง Week 1'!L:L) -> 0 | AE18: =X18-AB18 -> 0 | AF18: =Y18-AC18 -> 0 | AG18: =Z18-AD18 -> 0 | AI18: 0 | AK18: =SUM(AH18:AJ18) -> 0 | AL18: =SUMIF('ยอดจริง Week 1'!O:O,'Week 1'!F18,'ยอดจริง Week 1'!Q:Q) -> 0 | AM18: =SUMIF('ยอดจริง Week 1'!O:O,'Week 1'!F18,'ยอดจริง Week 1'!R:R) -> 0 | AN18: =SUMIF('ยอดจริง Week 1'!O:O,'Week 1'!F18,'ยอดจริง Week 1'!S:S) -> 0 | AO18: =AH18-AL18 -> 0 | AP18: =AI18-AM18 -> 0 | AQ18: =AJ18-AN18 -> 0 | AS18: 0 | AU18: =SUM(AR18:AT18) -> 0 | AV18: =SUMIF('ยอดจริง Week 1'!V:V,'Week 1'!F18,'ยอดจริง Week 1'!X:X) -> 0 | AW18: =SUMIF('ยอดจริง Week 1'!V:V,'Week 1'!F18,'ยอดจริง Week 1'!Y:Y) -> 0 | AX18: =SUMIF('ยอดจริง Week 1'!V:V,'Week 1'!F18,'ยอดจริง Week 1'!Z:Z) -> 0 | AY18: =AR18-AV18 -> 0 | AZ18: =AS18-AW18 -> 0 | BA18: =AT18-AX18 -> 0 | BC18: 0 | BE18: =SUM(BB18:BD18) -> 0 | BF18: =SUMIF('ยอดจริง Week 1'!AC:AC,'Week 1'!F18,'ยอดจริง Week 1'!AE:AE) -> 0 | BG18: =SUMIF('ยอดจริง Week 1'!AC:AC,'Week 1'!F18,'ยอดจริง Week 1'!AF:AF) -> 0 | BH18: =SUMIF('ยอดจริง Week 1'!AC:AC,'Week 1'!F18,'ยอดจริง Week 1'!AG:AG) -> 0 | BI18: =BB18-BF18 -> 0 | BJ18: =BC18-BG18 -> 0 | BK18: =BD18-BH18 -> 0 | BM18: 0 | BO18: =SUM(BL18:BN18) -> 0 | BP18: =SUMIF('ยอดจริง Week 1'!AJ:AJ,'Week 1'!F18,'ยอดจริง Week 1'!AL:AL) -> 0 | BQ18: =SUMIF('ยอดจริง Week 1'!AJ:AJ,'Week 1'!F18,'ยอดจริง Week 1'!AM:AM) -> 0 | BR18: =SUMIF('ยอดจริง Week 1'!AJ:AJ,'Week 1'!F18,'ยอดจริง Week 1'!AN:AN) -> 0 | BS18: =BL18-BP18 -> 0 | BT18: =BM18-BQ18 -> 0 | BU18: =BN18-BR18 -> 0 | BW18: 0 | BY18: =SUM(BV18:BX18) -> 0 | BZ18: =SUMIF('ยอดจริง Week 1'!AQ:AQ,'Week 1'!F18,'ยอดจริง Week 1'!AS:AS) -> 0 | CA18: =SUMIF('ยอดจริง Week 1'!AQ:AQ,'Week 1'!F18,'ยอดจริง Week 1'!AT:AT) -> 0 | CB18: =SUMIF('ยอดจริง Week 1'!AQ:AQ,'Week 1'!F18,'ยอดจริง Week 1'!AU:AU) -> 0 | CC18: =BV18-BZ18 -> 0 | CD18: =BW18-CA18 -> 0 | CE18: =BX18-CB18 -> 0
A19: =A18+1 -> 15 | F19: 1111057 | G19: ชิฟฟอนแยกชิ้น กาแฟ | K19: =SUM(N19,X19,AH19,AR19,BB19,BL19,BV19) -> 0 | L19: =SUM(O19,Y19,AI19,AS19,BC19,BM19,BW19) -> 0 | O19: 0 | Q19: =SUM(N19:P19) -> 0 | R19: =SUMIF('ยอดจริง Week 1'!A:A,'Week 1'!F19,'ยอดจริง Week 1'!C:C) -> 0 | S19: =SUMIF('ยอดจริง Week 1'!A:A,'Week 1'!F19,'ยอดจริง Week 1'!D:D) -> 0 | T19: =SUMIF('ยอดจริง Week 1'!A:A,'Week 1'!F19,'ยอดจริง Week 1'!E:E) -> 0 | U19: =N19-R19 -> 0 | V19: =O19-S19 -> 0 | W19: =P19-T19 -> 0 | Y19: 0 | AA19: =SUM(X19:Z19) -> 0 | AB19: =SUMIF('ยอดจริง Week 1'!H:H,'Week 1'!F19,'ยอดจริง Week 1'!J:J) -> 0 | AC19: =SUMIF('ยอดจริง Week 1'!H:H,'Week 1'!F19,'ยอดจริง Week 1'!K:K) -> 0 | AD19: =SUMIF('ยอดจริง Week 1'!H:H,'Week 1'!F19,'ยอดจริง Week 1'!L:L) -> 0 | AE19: =X19-AB19 -> 0 | AF19: =Y19-AC19 -> 0 | AG19: =Z19-AD19 -> 0 | AI19: 0 | AK19: =SUM(AH19:AJ19) -> 0 | AL19: =SUMIF('ยอดจริง Week 1'!O:O,'Week 1'!F19,'ยอดจริง Week 1'!Q:Q) -> 0 | AM19: =SUMIF('ยอดจริง Week 1'!O:O,'Week 1'!F19,'ยอดจริง Week 1'!R:R) -> 0 | AN19: =SUMIF('ยอดจริง Week 1'!O:O,'Week 1'!F19,'ยอดจริง Week 1'!S:S) -> 0 | AO19: =AH19-AL19 -> 0 | AP19: =AI19-AM19 -> 0 | AQ19: =AJ19-AN19 -> 0 | AS19: 0 | AU19: =SUM(AR19:AT19) -> 0 | AV19: =SUMIF('ยอดจริง Week 1'!V:V,'Week 1'!F19,'ยอดจริง Week 1'!X:X) -> 0 | AW19: =SUMIF('ยอดจริง Week 1'!V:V,'Week 1'!F19,'ยอดจริง Week 1'!Y:Y) -> 0 | AX19: =SUMIF('ยอดจริง Week 1'!V:V,'Week 1'!F19,'ยอดจริง Week 1'!Z:Z) -> 0 | AY19: =AR19-AV19 -> 0 | AZ19: =AS19-AW19 -> 0 | BA19: =AT19-AX19 -> 0 | BC19: 0 | BE19: =SUM(BB19:BD19) -> 0 | BF19: =SUMIF('ยอดจริง Week 1'!AC:AC,'Week 1'!F19,'ยอดจริง Week 1'!AE:AE) -> 0 | BG19: =SUMIF('ยอดจริง Week 1'!AC:AC,'Week 1'!F19,'ยอดจริง Week 1'!AF:AF) -> 0 | BH19: =SUMIF('ยอดจริง Week 1'!AC:AC,'Week 1'!F19,'ยอดจริง Week 1'!AG:AG) -> 0 | BI19: =BB19-BF19 -> 0 | BJ19: =BC19-BG19 -> 0 | BK19: =BD19-BH19 -> 0 | BM19: 0 | BO19: =SUM(BL19:BN19) -> 0 | BP19: =SUMIF('ยอดจริง Week 1'!AJ:AJ,'Week 1'!F19,'ยอดจริง Week 1'!AL:AL) -> 0 | BQ19: =SUMIF('ยอดจริง Week 1'!AJ:AJ,'Week 1'!F19,'ยอดจริง Week 1'!AM:AM) -> 0 | BR19: =SUMIF('ยอดจริง Week 1'!AJ:AJ,'Week 1'!F19,'ยอดจริง Week 1'!AN:AN) -> 0 | BS19: =BL19-BP19 -> 0 | BT19: =BM19-BQ19 -> 0 | BU19: =BN19-BR19 -> 0 | BW19: 0 | BY19: =SUM(BV19:BX19) -> 0 | BZ19: =SUMIF('ยอดจริง Week 1'!AQ:AQ,'Week 1'!F19,'ยอดจริง Week 1'!AS:AS) -> 0 | CA19: =SUMIF('ยอดจริง Week 1'!AQ:AQ,'Week 1'!F19,'ยอดจริง Week 1'!AT:AT) -> 0 | CB19: =SUMIF('ยอดจริง Week 1'!AQ:AQ,'Week 1'!F19,'ยอดจริง Week 1'!AU:AU) -> 0 | CC19: =BV19-BZ19 -> 0 | CD19: =BW19-CA19 -> 0 | CE19: =BX19-CB19 -> 0
A20: =A19+1 -> 16 | F20: 1111058 | G20: ชิฟฟอนแยกชิ้น ชาเขียว | K20: =SUM(N20,X20,AH20,AR20,BB20,BL20,BV20) -> 0 | L20: =SUM(O20,Y20,AI20,AS20,BC20,BM20,BW20) -> 0 | O20: 0 | Q20: =SUM(N20:P20) -> 0 | R20: =SUMIF('ยอดจริง Week 1'!A:A,'Week 1'!F20,'ยอดจริง Week 1'!C:C) -> 0 | S20: =SUMIF('ยอดจริง Week 1'!A:A,'Week 1'!F20,'ยอดจริง Week 1'!D:D) -> 0 | T20: =SUMIF('ยอดจริง Week 1'!A:A,'Week 1'!F20,'ยอดจริง Week 1'!E:E) -> 0 | U20: =N20-R20 -> 0 | V20: =O20-S20 -> 0 | W20: =P20-T20 -> 0 | Y20: 0 | AA20: =SUM(X20:Z20) -> 0 | AB20: =SUMIF('ยอดจริง Week 1'!H:H,'Week 1'!F20,'ยอดจริง Week 1'!J:J) -> 0 | AC20: =SUMIF('ยอดจริง Week 1'!H:H,'Week 1'!F20,'ยอดจริง Week 1'!K:K) -> 0 | AD20: =SUMIF('ยอดจริง Week 1'!H:H,'Week 1'!F20,'ยอดจริง Week 1'!L:L) -> 0 | AE20: =X20-AB20 -> 0 | AF20: =Y20-AC20 -> 0 | AG20: =Z20-AD20 -> 0 | AI20: 0 | AK20: =SUM(AH20:AJ20) -> 0 | AL20: =SUMIF('ยอดจริง Week 1'!O:O,'Week 1'!F20,'ยอดจริง Week 1'!Q:Q) -> 0 | AM20: =SUMIF('ยอดจริง Week 1'!O:O,'Week 1'!F20,'ยอดจริง Week 1'!R:R) -> 0 | AN20: =SUMIF('ยอดจริง Week 1'!O:O,'Week 1'!F20,'ยอดจริง Week 1'!S:S) -> 0 | AO20: =AH20-AL20 -> 0 | AP20: =AI20-AM20 -> 0 | AQ20: =AJ20-AN20 -> 0 | AS20: 0 | AU20: =SUM(AR20:AT20) -> 0 | AV20: =SUMIF('ยอดจริง Week 1'!V:V,'Week 1'!F20,'ยอดจริง Week 1'!X:X) -> 0 | AW20: =SUMIF('ยอดจริง Week 1'!V:V,'Week 1'!F20,'ยอดจริง Week 1'!Y:Y) -> 0 | AX20: =SUMIF('ยอดจริง Week 1'!V:V,'Week 1'!F20,'ยอดจริง Week 1'!Z:Z) -> 0 | AY20: =AR20-AV20 -> 0 | AZ20: =AS20-AW20 -> 0 | BA20: =AT20-AX20 -> 0 | BC20: 0 | BE20: =SUM(BB20:BD20) -> 0 | BF20: =SUMIF('ยอดจริง Week 1'!AC:AC,'Week 1'!F20,'ยอดจริง Week 1'!AE:AE) -> 0 | BG20: =SUMIF('ยอดจริง Week 1'!AC:AC,'Week 1'!F20,'ยอดจริง Week 1'!AF:AF) -> 0 | BH20: =SUMIF('ยอดจริง Week 1'!AC:AC,'Week 1'!F20,'ยอดจริง Week 1'!AG:AG) -> 0 | BI20: =BB20-BF20 -> 0 | BJ20: =BC20-BG20 -> 0 | BK20: =BD20-BH20 -> 0 | BM20: 0 | BO20: =SUM(BL20:BN20) -> 0 | BP20: =SUMIF('ยอดจริง Week 1'!AJ:AJ,'Week 1'!F20,'ยอดจริง Week 1'!AL:AL) -> 0 | BQ20: =SUMIF('ยอดจริง Week 1'!AJ:AJ,'Week 1'!F20,'ยอดจริง Week 1'!AM:AM) -> 0 | BR20: =SUMIF('ยอดจริง Week 1'!AJ:AJ,'Week 1'!F20,'ยอดจริง Week 1'!AN:AN) -> 0 | BS20: =BL20-BP20 -> 0 | BT20: =BM20-BQ20 -> 0 | BU20: =BN20-BR20 -> 0 | BW20: 0 | BY20: =SUM(BV20:BX20) -> 0 | BZ20: =SUMIF('ยอดจริง Week 1'!AQ:AQ,'Week 1'!F20,'ยอดจริง Week 1'!AS:AS) -> 0 | CA20: =SUMIF('ยอดจริง Week 1'!AQ:AQ,'Week 1'!F20,'ยอดจริง Week 1'!AT:AT) -> 0 | CB20: =SUMIF('ยอดจริง Week 1'!AQ:AQ,'Week 1'!F20,'ยอดจริง Week 1'!AU:AU) -> 0 | CC20: =BV20-BZ20 -> 0 | CD20: =BW20-CA20 -> 0 | CE20: =BX20-CB20 -> 0
A21: =A20+1 -> 17 | F21: 1111059 | G21: ชิฟฟอนแยกชิ้น ใบเตย | K21: =SUM(N21,X21,AH21,AR21,BB21,BL21,BV21) -> 0 | L21: =SUM(O21,Y21,AI21,AS21,BC21,BM21,BW21) -> 0 | O21: 0 | Q21: =SUM(N21:P21) -> 0 | R21: =SUMIF('ยอดจริง Week 1'!A:A,'Week 1'!F21,'ยอดจริง Week 1'!C:C) -> 0 | S21: =SUMIF('ยอดจริง Week 1'!A:A,'Week 1'!F21,'ยอดจริง Week 1'!D:D) -> 0 | T21: =SUMIF('ยอดจริง Week 1'!A:A,'Week 1'!F21,'ยอดจริง Week 1'!E:E) -> 0 | U21: =N21-R21 -> 0 | V21: =O21-S21 -> 0 | W21: =P21-T21 -> 0 | Y21: 0 | AA21: =SUM(X21:Z21) -> 0 | AB21: =SUMIF('ยอดจริง Week 1'!H:H,'Week 1'!F21,'ยอดจริง Week 1'!J:J) -> 0 | AC21: =SUMIF('ยอดจริง Week 1'!H:H,'Week 1'!F21,'ยอดจริง Week 1'!K:K) -> 0 | AD21: =SUMIF('ยอดจริง Week 1'!H:H,'Week 1'!F21,'ยอดจริง Week 1'!L:L) -> 0 | AE21: =X21-AB21 -> 0 | AF21: =Y21-AC21 -> 0 | AG21: =Z21-AD21 -> 0 | AI21: 0 | AK21: =SUM(AH21:AJ21) -> 0 | AL21: =SUMIF('ยอดจริง Week 1'!O:O,'Week 1'!F21,'ยอดจริง Week 1'!Q:Q) -> 0 | AM21: =SUMIF('ยอดจริง Week 1'!O:O,'Week 1'!F21,'ยอดจริง Week 1'!R:R) -> 0 | AN21: =SUMIF('ยอดจริง Week 1'!O:O,'Week 1'!F21,'ยอดจริง Week 1'!S:S) -> 0 | AO21: =AH21-AL21 -> 0 | AP21: =AI21-AM21 -> 0 | AQ21: =AJ21-AN21 -> 0 | AS21: 0 | AU21: =SUM(AR21:AT21) -> 0 | AV21: =SUMIF('ยอดจริง Week 1'!V:V,'Week 1'!F21,'ยอดจริง Week 1'!X:X) -> 0 | AW21: =SUMIF('ยอดจริง Week 1'!V:V,'Week 1'!F21,'ยอดจริง Week 1'!Y:Y) -> 0 | AX21: =SUMIF('ยอดจริง Week 1'!V:V,'Week 1'!F21,'ยอดจริง Week 1'!Z:Z) -> 0 | AY21: =AR21-AV21 -> 0 | AZ21: =AS21-AW21 -> 0 | BA21: =AT21-AX21 -> 0 | BC21: 0 | BE21: =SUM(BB21:BD21) -> 0 | BF21: =SUMIF('ยอดจริง Week 1'!AC:AC,'Week 1'!F21,'ยอดจริง Week 1'!AE:AE) -> 0 | BG21: =SUMIF('ยอดจริง Week 1'!AC:AC,'Week 1'!F21,'ยอดจริง Week 1'!AF:AF) -> 0 | BH21: =SUMIF('ยอดจริง Week 1'!AC:AC,'Week 1'!F21,'ยอดจริง Week 1'!AG:AG) -> 0 | BI21: =BB21-BF21 -> 0 | BJ21: =BC21-BG21 -> 0 | BK21: =BD21-BH21 -> 0 | BM21: 0 | BO21: =SUM(BL21:BN21) -> 0 | BP21: =SUMIF('ยอดจริง Week 1'!AJ:AJ,'Week 1'!F21,'ยอดจริง Week 1'!AL:AL) -> 0 | BQ21: =SUMIF('ยอดจริง Week 1'!AJ:AJ,'Week 1'!F21,'ยอดจริง Week 1'!AM:AM) -> 0 | BR21: =SUMIF('ยอดจริง Week 1'!AJ:AJ,'Week 1'!F21,'ยอดจริง Week 1'!AN:AN) -> 0 | BS21: =BL21-BP21 -> 0 | BT21: =BM21-BQ21 -> 0 | BU21: =BN21-BR21 -> 0 | BW21: 0 | BY21: =SUM(BV21:BX21) -> 0 | BZ21: =SUMIF('ยอดจริง Week 1'!AQ:AQ,'Week 1'!F21,'ยอดจริง Week 1'!AS:AS) -> 0 | CA21: =SUMIF('ยอดจริง Week 1'!AQ:AQ,'Week 1'!F21,'ยอดจริง Week 1'!AT:AT) -> 0 | CB21: =SUMIF('ยอดจริง Week 1'!AQ:AQ,'Week 1'!F21,'ยอดจริง Week 1'!AU:AU) -> 0 | CC21: =BV21-BZ21 -> 0 | CD21: =BW21-CA21 -> 0 | CE21: =BX21-CB21 -> 0
A22: =A21+1 -> 18 | F22: 1111060 | G22: ชิฟฟอนแยกชิ้น กล้วยหอม | K22: =SUM(N22,X22,AH22,AR22,BB22,BL22,BV22) -> 0 | L22: =SUM(O22,Y22,AI22,AS22,BC22,BM22,BW22) -> 0 | O22: 0 | Q22: =SUM(N22:P22) -> 0 | R22: =SUMIF('ยอดจริง Week 1'!A:A,'Week 1'!F22,'ยอดจริง Week 1'!C:C) -> 0 | S22: =SUMIF('ยอดจริง Week 1'!A:A,'Week 1'!F22,'ยอดจริง Week 1'!D:D) -> 0 | T22: =SUMIF('ยอดจริง Week 1'!A:A,'Week 1'!F22,'ยอดจริง Week 1'!E:E) -> 0 | U22: =N22-R22 -> 0 | V22: =O22-S22 -> 0 | W22: =P22-T22 -> 0 | Y22: 0 | AA22: =SUM(X22:Z22) -> 0 | AB22: =SUMIF('ยอดจริง Week 1'!H:H,'Week 1'!F22,'ยอดจริง Week 1'!J:J) -> 0 | AC22: =SUMIF('ยอดจริง Week 1'!H:H,'Week 1'!F22,'ยอดจริง Week 1'!K:K) -> 0 | AD22: =SUMIF('ยอดจริง Week 1'!H:H,'Week 1'!F22,'ยอดจริง Week 1'!L:L) -> 0 | AE22: =X22-AB22 -> 0 | AF22: =Y22-AC22 -> 0 | AG22: =Z22-AD22 -> 0 | AI22: 0 | AK22: =SUM(AH22:AJ22) -> 0 | AL22: =SUMIF('ยอดจริง Week 1'!O:O,'Week 1'!F22,'ยอดจริง Week 1'!Q:Q) -> 0 | AM22: =SUMIF('ยอดจริง Week 1'!O:O,'Week 1'!F22,'ยอดจริง Week 1'!R:R) -> 0 | AN22: =SUMIF('ยอดจริง Week 1'!O:O,'Week 1'!F22,'ยอดจริง Week 1'!S:S) -> 0 | AO22: =AH22-AL22 -> 0 | AP22: =AI22-AM22 -> 0 | AQ22: =AJ22-AN22 -> 0 | AS22: 0 | AU22: =SUM(AR22:AT22) -> 0 | AV22: =SUMIF('ยอดจริง Week 1'!V:V,'Week 1'!F22,'ยอดจริง Week 1'!X:X) -> 0 | AW22: =SUMIF('ยอดจริง Week 1'!V:V,'Week 1'!F22,'ยอดจริง Week 1'!Y:Y) -> 0 | AX22: =SUMIF('ยอดจริง Week 1'!V:V,'Week 1'!F22,'ยอดจริง Week 1'!Z:Z) -> 0 | AY22: =AR22-AV22 -> 0 | AZ22: =AS22-AW22 -> 0 | BA22: =AT22-AX22 -> 0 | BC22: 0 | BE22: =SUM(BB22:BD22) -> 0 | BF22: =SUMIF('ยอดจริง Week 1'!AC:AC,'Week 1'!F22,'ยอดจริง Week 1'!AE:AE) -> 0 | BG22: =SUMIF('ยอดจริง Week 1'!AC:AC,'Week 1'!F22,'ยอดจริง Week 1'!AF:AF) -> 0 | BH22: =SUMIF('ยอดจริง Week 1'!AC:AC,'Week 1'!F22,'ยอดจริง Week 1'!AG:AG) -> 0 | BI22: =BB22-BF22 -> 0 | BJ22: =BC22-BG22 -> 0 | BK22: =BD22-BH22 -> 0 | BM22: 0 | BO22: =SUM(BL22:BN22) -> 0 | BP22: =SUMIF('ยอดจริง Week 1'!AJ:AJ,'Week 1'!F22,'ยอดจริง Week 1'!AL:AL) -> 0 | BQ22: =SUMIF('ยอดจริง Week 1'!AJ:AJ,'Week 1'!F22,'ยอดจริง Week 1'!AM:AM) -> 0 | BR22: =SUMIF('ยอดจริง Week 1'!AJ:AJ,'Week 1'!F22,'ยอดจริง Week 1'!AN:AN) -> 0 | BS22: =BL22-BP22 -> 0 | BT22: =BM22-BQ22 -> 0 | BU22: =BN22-BR22 -> 0 | BW22: 0 | BY22: =SUM(BV22:BX22) -> 0 | BZ22: =SUMIF('ยอดจริง Week 1'!AQ:AQ,'Week 1'!F22,'ยอดจริง Week 1'!AS:AS) -> 0 | CA22: =SUMIF('ยอดจริง Week 1'!AQ:AQ,'Week 1'!F22,'ยอดจริง Week 1'!AT:AT) -> 0 | CB22: =SUMIF('ยอดจริง Week 1'!AQ:AQ,'Week 1'!F22,'ยอดจริง Week 1'!AU:AU) -> 0 | CC22: =BV22-BZ22 -> 0 | CD22: =BW22-CA22 -> 0 | CE22: =BX22-CB22 -> 0
A23: =A22+1 -> 19 | F23: 1111061 | G23: ชิฟฟอนแยกชิ้น ชาไทย | K23: =SUM(N23,X23,AH23,AR23,BB23,BL23,BV23) -> 0 | L23: =SUM(O23,Y23,AI23,AS23,BC23,BM23,BW23) -> 0 | O23: 0 | Q23: =SUM(N23:P23) -> 0 | R23: =SUMIF('ยอดจริง Week 1'!A:A,'Week 1'!F23,'ยอดจริง Week 1'!C:C) -> 0 | S23: =SUMIF('ยอดจริง Week 1'!A:A,'Week 1'!F23,'ยอดจริง Week 1'!D:D) -> 0 | T23: =SUMIF('ยอดจริง Week 1'!A:A,'Week 1'!F23,'ยอดจริง Week 1'!E:E) -> 0 | U23: =N23-R23 -> 0 | V23: =O23-S23 -> 0 | W23: =P23-T23 -> 0 | Y23: 0 | AA23: =SUM(X23:Z23) -> 0 | AB23: =SUMIF('ยอดจริง Week 1'!H:H,'Week 1'!F23,'ยอดจริง Week 1'!J:J) -> 0 | AC23: =SUMIF('ยอดจริง Week 1'!H:H,'Week 1'!F23,'ยอดจริง Week 1'!K:K) -> 0 | AD23: =SUMIF('ยอดจริง Week 1'!H:H,'Week 1'!F23,'ยอดจริง Week 1'!L:L) -> 0 | AE23: =X23-AB23 -> 0 | AF23: =Y23-AC23 -> 0 | AG23: =Z23-AD23 -> 0 | AI23: 0 | AK23: =SUM(AH23:AJ23) -> 0 | AL23: =SUMIF('ยอดจริง Week 1'!O:O,'Week 1'!F23,'ยอดจริง Week 1'!Q:Q) -> 0 | AM23: =SUMIF('ยอดจริง Week 1'!O:O,'Week 1'!F23,'ยอดจริง Week 1'!R:R) -> 0 | AN23: =SUMIF('ยอดจริง Week 1'!O:O,'Week 1'!F23,'ยอดจริง Week 1'!S:S) -> 0 | AO23: =AH23-AL23 -> 0 | AP23: =AI23-AM23 -> 0 | AQ23: =AJ23-AN23 -> 0 | AS23: 0 | AU23: =SUM(AR23:AT23) -> 0 | AV23: =SUMIF('ยอดจริง Week 1'!V:V,'Week 1'!F23,'ยอดจริง Week 1'!X:X) -> 0 | AW23: =SUMIF('ยอดจริง Week 1'!V:V,'Week 1'!F23,'ยอดจริง Week 1'!Y:Y) -> 0 | AX23: =SUMIF('ยอดจริง Week 1'!V:V,'Week 1'!F23,'ยอดจริง Week 1'!Z:Z) -> 0 | AY23: =AR23-AV23 -> 0 | AZ23: =AS23-AW23 -> 0 | BA23: =AT23-AX23 -> 0 | BC23: 0 | BE23: =SUM(BB23:BD23) -> 0 | BF23: =SUMIF('ยอดจริง Week 1'!AC:AC,'Week 1'!F23,'ยอดจริง Week 1'!AE:AE) -> 0 | BG23: =SUMIF('ยอดจริง Week 1'!AC:AC,'Week 1'!F23,'ยอดจริง Week 1'!AF:AF) -> 0 | BH23: =SUMIF('ยอดจริง Week 1'!AC:AC,'Week 1'!F23,'ยอดจริง Week 1'!AG:AG) -> 0 | BI23: =BB23-BF23 -> 0 | BJ23: =BC23-BG23 -> 0 | BK23: =BD23-BH23 -> 0 | BM23: 0 | BO23: =SUM(BL23:BN23) -> 0 | BP23: =SUMIF('ยอดจริง Week 1'!AJ:AJ,'Week 1'!F23,'ยอดจริง Week 1'!AL:AL) -> 0 | BQ23: =SUMIF('ยอดจริง Week 1'!AJ:AJ,'Week 1'!F23,'ยอดจริง Week 1'!AM:AM) -> 0 | BR23: =SUMIF('ยอดจริง Week 1'!AJ:AJ,'Week 1'!F23,'ยอดจริง Week 1'!AN:AN) -> 0 | BS23: =BL23-BP23 -> 0 | BT23: =BM23-BQ23 -> 0 | BU23: =BN23-BR23 -> 0 | BW23: 0 | BY23: =SUM(BV23:BX23) -> 0 | BZ23: =SUMIF('ยอดจริง Week 1'!AQ:AQ,'Week 1'!F23,'ยอดจริง Week 1'!AS:AS) -> 0 | CA23: =SUMIF('ยอดจริง Week 1'!AQ:AQ,'Week 1'!F23,'ยอดจริง Week 1'!AT:AT) -> 0 | CB23: =SUMIF('ยอดจริง Week 1'!AQ:AQ,'Week 1'!F23,'ยอดจริง Week 1'!AU:AU) -> 0 | CC23: =BV23-BZ23 -> 0 | CD23: =BW23-CA23 -> 0 | CE23: =BX23-CB23 -> 0
A24: =A23+1 -> 20 | F24: 1111062 | G24: ชิฟฟอนแยกชิ้น โกโก้ | K24: =SUM(N24,X24,AH24,AR24,BB24,BL24,BV24) -> 0 | L24: =SUM(O24,Y24,AI24,AS24,BC24,BM24,BW24) -> 0 | O24: 0 | Q24: =SUM(N24:P24) -> 0 | R24: =SUMIF('ยอดจริง Week 1'!A:A,'Week 1'!F24,'ยอดจริง Week 1'!C:C) -> 0 | S24: =SUMIF('ยอดจริง Week 1'!A:A,'Week 1'!F24,'ยอดจริง Week 1'!D:D) -> 0 | T24: =SUMIF('ยอดจริง Week 1'!A:A,'Week 1'!F24,'ยอดจริง Week 1'!E:E) -> 0 | U24: =N24-R24 -> 0 | V24: =O24-S24 -> 0 | W24: =P24-T24 -> 0 | Y24: 0 | AA24: =SUM(X24:Z24) -> 0 | AB24: =SUMIF('ยอดจริง Week 1'!H:H,'Week 1'!F24,'ยอดจริง Week 1'!J:J) -> 0 | AC24: =SUMIF('ยอดจริง Week 1'!H:H,'Week 1'!F24,'ยอดจริง Week 1'!K:K) -> 0 | AD24: =SUMIF('ยอดจริง Week 1'!H:H,'Week 1'!F24,'ยอดจริง Week 1'!L:L) -> 0 | AE24: =X24-AB24 -> 0 | AF24: =Y24-AC24 -> 0 | AG24: =Z24-AD24 -> 0 | AI24: 0 | AK24: =SUM(AH24:AJ24) -> 0 | AL24: =SUMIF('ยอดจริง Week 1'!O:O,'Week 1'!F24,'ยอดจริง Week 1'!Q:Q) -> 0 | AM24: =SUMIF('ยอดจริง Week 1'!O:O,'Week 1'!F24,'ยอดจริง Week 1'!R:R) -> 0 | AN24: =SUMIF('ยอดจริง Week 1'!O:O,'Week 1'!F24,'ยอดจริง Week 1'!S:S) -> 0 | AO24: =AH24-AL24 -> 0 | AP24: =AI24-AM24 -> 0 | AQ24: =AJ24-AN24 -> 0 | AS24: 0 | AU24: =SUM(AR24:AT24) -> 0 | AV24: =SUMIF('ยอดจริง Week 1'!V:V,'Week 1'!F24,'ยอดจริง Week 1'!X:X) -> 0 | AW24: =SUMIF('ยอดจริง Week 1'!V:V,'Week 1'!F24,'ยอดจริง Week 1'!Y:Y) -> 0 | AX24: =SUMIF('ยอดจริง Week 1'!V:V,'Week 1'!F24,'ยอดจริง Week 1'!Z:Z) -> 0 | AY24: =AR24-AV24 -> 0 | AZ24: =AS24-AW24 -> 0 | BA24: =AT24-AX24 -> 0 | BC24: 0 | BE24: =SUM(BB24:BD24) -> 0 | BF24: =SUMIF('ยอดจริง Week 1'!AC:AC,'Week 1'!F24,'ยอดจริง Week 1'!AE:AE) -> 0 | BG24: =SUMIF('ยอดจริง Week 1'!AC:AC,'Week 1'!F24,'ยอดจริง Week 1'!AF:AF) -> 0 | BH24: =SUMIF('ยอดจริง Week 1'!AC:AC,'Week 1'!F24,'ยอดจริง Week 1'!AG:AG) -> 0 | BI24: =BB24-BF24 -> 0 | BJ24: =BC24-BG24 -> 0 | BK24: =BD24-BH24 -> 0 | BM24: 0 | BO24: =SUM(BL24:BN24) -> 0 | BP24: =SUMIF('ยอดจริง Week 1'!AJ:AJ,'Week 1'!F24,'ยอดจริง Week 1'!AL:AL) -> 0 | BQ24: =SUMIF('ยอดจริง Week 1'!AJ:AJ,'Week 1'!F24,'ยอดจริง Week 1'!AM:AM) -> 0 | BR24: =SUMIF('ยอดจริง Week 1'!AJ:AJ,'Week 1'!F24,'ยอดจริง Week 1'!AN:AN) -> 0 | BS24: =BL24-BP24 -> 0 | BT24: =BM24-BQ24 -> 0 | BU24: =BN24-BR24 -> 0 | BW24: 0 | BY24: =SUM(BV24:BX24) -> 0 | BZ24: =SUMIF('ยอดจริง Week 1'!AQ:AQ,'Week 1'!F24,'ยอดจริง Week 1'!AS:AS) -> 0 | CA24: =SUMIF('ยอดจริง Week 1'!AQ:AQ,'Week 1'!F24,'ยอดจริง Week 1'!AT:AT) -> 0 | CB24: =SUMIF('ยอดจริง Week 1'!AQ:AQ,'Week 1'!F24,'ยอดจริง Week 1'!AU:AU) -> 0 | CC24: =BV24-BZ24 -> 0 | CD24: =BW24-CA24 -> 0 | CE24: =BX24-CB24 -> 0
A25: =A24+1 -> 21 | F25: 1111063 | G25: ชิฟฟอนแยกชิ้น ส้ม | K25: =SUM(N25,X25,AH25,AR25,BB25,BL25,BV25) -> 0 | L25: =SUM(O25,Y25,AI25,AS25,BC25,BM25,BW25) -> 0 | O25: 0 | Q25: =SUM(N25:P25) -> 0 | R25: =SUMIF('ยอดจริง Week 1'!A:A,'Week 1'!F25,'ยอดจริง Week 1'!C:C) -> 0 | S25: =SUMIF('ยอดจริง Week 1'!A:A,'Week 1'!F25,'ยอดจริง Week 1'!D:D) -> 0 | T25: =SUMIF('ยอดจริง Week 1'!A:A,'Week 1'!F25,'ยอดจริง Week 1'!E:E) -> 0 | U25: =N25-R25 -> 0 | V25: =O25-S25 -> 0 | W25: =P25-T25 -> 0 | Y25: 0 | AA25: =SUM(X25:Z25) -> 0 | AB25: =SUMIF('ยอดจริง Week 1'!H:H,'Week 1'!F25,'ยอดจริง Week 1'!J:J) -> 0 | AC25: =SUMIF('ยอดจริง Week 1'!H:H,'Week 1'!F25,'ยอดจริง Week 1'!K:K) -> 0 | AD25: =SUMIF('ยอดจริง Week 1'!H:H,'Week 1'!F25,'ยอดจริง Week 1'!L:L) -> 0 | AE25: =X25-AB25 -> 0 | AF25: =Y25-AC25 -> 0 | AG25: =Z25-AD25 -> 0 | AI25: 0 | AK25: =SUM(AH25:AJ25) -> 0 | AL25: =SUMIF('ยอดจริง Week 1'!O:O,'Week 1'!F25,'ยอดจริง Week 1'!Q:Q) -> 0 | AM25: =SUMIF('ยอดจริง Week 1'!O:O,'Week 1'!F25,'ยอดจริง Week 1'!R:R) -> 0 | AN25: =SUMIF('ยอดจริง Week 1'!O:O,'Week 1'!F25,'ยอดจริง Week 1'!S:S) -> 0 | AO25: =AH25-AL25 -> 0 | AP25: =AI25-AM25 -> 0 | AQ25: =AJ25-AN25 -> 0 | AS25: 0 | AU25: =SUM(AR25:AT25) -> 0 | AV25: =SUMIF('ยอดจริง Week 1'!V:V,'Week 1'!F25,'ยอดจริง Week 1'!X:X) -> 0 | AW25: =SUMIF('ยอดจริง Week 1'!V:V,'Week 1'!F25,'ยอดจริง Week 1'!Y:Y) -> 0 | AX25: =SUMIF('ยอดจริง Week 1'!V:V,'Week 1'!F25,'ยอดจริง Week 1'!Z:Z) -> 0 | AY25: =AR25-AV25 -> 0 | AZ25: =AS25-AW25 -> 0 | BA25: =AT25-AX25 -> 0 | BC25: 0 | BE25: =SUM(BB25:BD25) -> 0 | BF25: =SUMIF('ยอดจริง Week 1'!AC:AC,'Week 1'!F25,'ยอดจริง Week 1'!AE:AE) -> 0 | BG25: =SUMIF('ยอดจริง Week 1'!AC:AC,'Week 1'!F25,'ยอดจริง Week 1'!AF:AF) -> 0 | BH25: =SUMIF('ยอดจริง Week 1'!AC:AC,'Week 1'!F25,'ยอดจริง Week 1'!AG:AG) -> 0 | BI25: =BB25-BF25 -> 0 | BJ25: =BC25-BG25 -> 0 | BK25: =BD25-BH25 -> 0 | BM25: 0 | BO25: =SUM(BL25:BN25) -> 0 | BP25: =SUMIF('ยอดจริง Week 1'!AJ:AJ,'Week 1'!F25,'ยอดจริง Week 1'!AL:AL) -> 0 | BQ25: =SUMIF('ยอดจริง Week 1'!AJ:AJ,'Week 1'!F25,'ยอดจริง Week 1'!AM:AM) -> 0 | BR25: =SUMIF('ยอดจริง Week 1'!AJ:AJ,'Week 1'!F25,'ยอดจริง Week 1'!AN:AN) -> 0 | BS25: =BL25-BP25 -> 0 | BT25: =BM25-BQ25 -> 0 | BU25: =BN25-BR25 -> 0 | BW25: 0 | BY25: =SUM(BV25:BX25) -> 0 | BZ25: =SUMIF('ยอดจริง Week 1'!AQ:AQ,'Week 1'!F25,'ยอดจริง Week 1'!AS:AS) -> 0 | CA25: =SUMIF('ยอดจริง Week 1'!AQ:AQ,'Week 1'!F25,'ยอดจริง Week 1'!AT:AT) -> 0 | CB25: =SUMIF('ยอดจริง Week 1'!AQ:AQ,'Week 1'!F25,'ยอดจริง Week 1'!AU:AU) -> 0 | CC25: =BV25-BZ25 -> 0 | CD25: =BW25-CA25 -> 0 | CE25: =BX25-CB25 -> 0
A26: =A25+1 -> 22 | F26: 1111064 | G26: ชิฟฟอนแยกชิ้น เผือก | K26: =SUM(N26,X26,AH26,AR26,BB26,BL26,BV26) -> 0 | L26: =SUM(O26,Y26,AI26,AS26,BC26,BM26,BW26) -> 0 | O26: 0 | Q26: =SUM(N26:P26) -> 0 | R26: =SUMIF('ยอดจริง Week 1'!A:A,'Week 1'!F26,'ยอดจริง Week 1'!C:C) -> 0 | S26: =SUMIF('ยอดจริง Week 1'!A:A,'Week 1'!F26,'ยอดจริง Week 1'!D:D) -> 0 | T26: =SUMIF('ยอดจริง Week 1'!A:A,'Week 1'!F26,'ยอดจริง Week 1'!E:E) -> 0 | U26: =N26-R26 -> 0 | V26: =O26-S26 -> 0 | W26: =P26-T26 -> 0 | Y26: 0 | AA26: =SUM(X26:Z26) -> 0 | AB26: =SUMIF('ยอดจริง Week 1'!H:H,'Week 1'!F26,'ยอดจริง Week 1'!J:J) -> 0 | AC26: =SUMIF('ยอดจริง Week 1'!H:H,'Week 1'!F26,'ยอดจริง Week 1'!K:K) -> 0 | AD26: =SUMIF('ยอดจริง Week 1'!H:H,'Week 1'!F26,'ยอดจริง Week 1'!L:L) -> 0 | AE26: =X26-AB26 -> 0 | AF26: =Y26-AC26 -> 0 | AG26: =Z26-AD26 -> 0 | AI26: 0 | AK26: =SUM(AH26:AJ26) -> 0 | AL26: =SUMIF('ยอดจริง Week 1'!O:O,'Week 1'!F26,'ยอดจริง Week 1'!Q:Q) -> 0 | AM26: =SUMIF('ยอดจริง Week 1'!O:O,'Week 1'!F26,'ยอดจริง Week 1'!R:R) -> 0 | AN26: =SUMIF('ยอดจริง Week 1'!O:O,'Week 1'!F26,'ยอดจริง Week 1'!S:S) -> 0 | AO26: =AH26-AL26 -> 0 | AP26: =AI26-AM26 -> 0 | AQ26: =AJ26-AN26 -> 0 | AS26: 0 | AU26: =SUM(AR26:AT26) -> 0 | AV26: =SUMIF('ยอดจริง Week 1'!V:V,'Week 1'!F26,'ยอดจริง Week 1'!X:X) -> 0 | AW26: =SUMIF('ยอดจริง Week 1'!V:V,'Week 1'!F26,'ยอดจริง Week 1'!Y:Y) -> 0 | AX26: =SUMIF('ยอดจริง Week 1'!V:V,'Week 1'!F26,'ยอดจริง Week 1'!Z:Z) -> 0 | AY26: =AR26-AV26 -> 0 | AZ26: =AS26-AW26 -> 0 | BA26: =AT26-AX26 -> 0 | BC26: 0 | BE26: =SUM(BB26:BD26) -> 0 | BF26: =SUMIF('ยอดจริง Week 1'!AC:AC,'Week 1'!F26,'ยอดจริง Week 1'!AE:AE) -> 0 | BG26: =SUMIF('ยอดจริง Week 1'!AC:AC,'Week 1'!F26,'ยอดจริง Week 1'!AF:AF) -> 0 | BH26: =SUMIF('ยอดจริง Week 1'!AC:AC,'Week 1'!F26,'ยอดจริง Week 1'!AG:AG) -> 0 | BI26: =BB26-BF26 -> 0 | BJ26: =BC26-BG26 -> 0 | BK26: =BD26-BH26 -> 0 | BM26: 0 | BO26: =SUM(BL26:BN26) -> 0 | BP26: =SUMIF('ยอดจริง Week 1'!AJ:AJ,'Week 1'!F26,'ยอดจริง Week 1'!AL:AL) -> 0 | BQ26: =SUMIF('ยอดจริง Week 1'!AJ:AJ,'Week 1'!F26,'ยอดจริง Week 1'!AM:AM) -> 0 | BR26: =SUMIF('ยอดจริง Week 1'!AJ:AJ,'Week 1'!F26,'ยอดจริง Week 1'!AN:AN) -> 0 | BS26: =BL26-BP26 -> 0 | BT26: =BM26-BQ26 -> 0 | BU26: =BN26-BR26 -> 0 | BW26: 0 | BY26: =SUM(BV26:BX26) -> 0 | BZ26: =SUMIF('ยอดจริง Week 1'!AQ:AQ,'Week 1'!F26,'ยอดจริง Week 1'!AS:AS) -> 0 | CA26: =SUMIF('ยอดจริง Week 1'!AQ:AQ,'Week 1'!F26,'ยอดจริง Week 1'!AT:AT) -> 0 | CB26: =SUMIF('ยอดจริง Week 1'!AQ:AQ,'Week 1'!F26,'ยอดจริง Week 1'!AU:AU) -> 0 | CC26: =BV26-BZ26 -> 0 | CD26: =BW26-CA26 -> 0 | CE26: =BX26-CB26 -> 0
A27: =A26+1 -> 23 | F27: 1111065 | G27: ชิฟฟอนแยกชิ้น สับปะรด | K27: =SUM(N27,X27,AH27,AR27,BB27,BL27,BV27) -> 0 | L27: =SUM(O27,Y27,AI27,AS27,BC27,BM27,BW27) -> 0 | O27: 0 | Q27: =SUM(N27:P27) -> 0 | R27: =SUMIF('ยอดจริง Week 1'!A:A,'Week 1'!F27,'ยอดจริง Week 1'!C:C) -> 0 | S27: =SUMIF('ยอดจริง Week 1'!A:A,'Week 1'!F27,'ยอดจริง Week 1'!D:D) -> 0 | T27: =SUMIF('ยอดจริง Week 1'!A:A,'Week 1'!F27,'ยอดจริง Week 1'!E:E) -> 0 | U27: =N27-R27 -> 0 | V27: =O27-S27 -> 0 | W27: =P27-T27 -> 0 | Y27: 0 | AA27: =SUM(X27:Z27) -> 0 | AB27: =SUMIF('ยอดจริง Week 1'!H:H,'Week 1'!F27,'ยอดจริง Week 1'!J:J) -> 0 | AC27: =SUMIF('ยอดจริง Week 1'!H:H,'Week 1'!F27,'ยอดจริง Week 1'!K:K) -> 0 | AD27: =SUMIF('ยอดจริง Week 1'!H:H,'Week 1'!F27,'ยอดจริง Week 1'!L:L) -> 0 | AE27: =X27-AB27 -> 0 | AF27: =Y27-AC27 -> 0 | AG27: =Z27-AD27 -> 0 | AI27: 0 | AK27: =SUM(AH27:AJ27) -> 0 | AL27: =SUMIF('ยอดจริง Week 1'!O:O,'Week 1'!F27,'ยอดจริง Week 1'!Q:Q) -> 0 | AM27: =SUMIF('ยอดจริง Week 1'!O:O,'Week 1'!F27,'ยอดจริง Week 1'!R:R) -> 0 | AN27: =SUMIF('ยอดจริง Week 1'!O:O,'Week 1'!F27,'ยอดจริง Week 1'!S:S) -> 0 | AO27: =AH27-AL27 -> 0 | AP27: =AI27-AM27 -> 0 | AQ27: =AJ27-AN27 -> 0 | AS27: 0 | AU27: =SUM(AR27:AT27) -> 0 | AV27: =SUMIF('ยอดจริง Week 1'!V:V,'Week 1'!F27,'ยอดจริง Week 1'!X:X) -> 0 | AW27: =SUMIF('ยอดจริง Week 1'!V:V,'Week 1'!F27,'ยอดจริง Week 1'!Y:Y) -> 0 | AX27: =SUMIF('ยอดจริง Week 1'!V:V,'Week 1'!F27,'ยอดจริง Week 1'!Z:Z) -> 0 | AY27: =AR27-AV27 -> 0 | AZ27: =AS27-AW27 -> 0 | BA27: =AT27-AX27 -> 0 | BC27: 0 | BE27: =SUM(BB27:BD27) -> 0 | BF27: =SUMIF('ยอดจริง Week 1'!AC:AC,'Week 1'!F27,'ยอดจริง Week 1'!AE:AE) -> 0 | BG27: =SUMIF('ยอดจริง Week 1'!AC:AC,'Week 1'!F27,'ยอดจริง Week 1'!AF:AF) -> 0 | BH27: =SUMIF('ยอดจริง Week 1'!AC:AC,'Week 1'!F27,'ยอดจริง Week 1'!AG:AG) -> 0 | BI27: =BB27-BF27 -> 0 | BJ27: =BC27-BG27 -> 0 | BK27: =BD27-BH27 -> 0 | BM27: 0 | BO27: =SUM(BL27:BN27) -> 0 | BP27: =SUMIF('ยอดจริง Week 1'!AJ:AJ,'Week 1'!F27,'ยอดจริง Week 1'!AL:AL) -> 0 | BQ27: =SUMIF('ยอดจริง Week 1'!AJ:AJ,'Week 1'!F27,'ยอดจริง Week 1'!AM:AM) -> 0 | BR27: =SUMIF('ยอดจริง Week 1'!AJ:AJ,'Week 1'!F27,'ยอดจริง Week 1'!AN:AN) -> 0 | BS27: =BL27-BP27 -> 0 | BT27: =BM27-BQ27 -> 0 | BU27: =BN27-BR27 -> 0 | BW27: 0 | BY27: =SUM(BV27:BX27) -> 0 | BZ27: =SUMIF('ยอดจริง Week 1'!AQ:AQ,'Week 1'!F27,'ยอดจริง Week 1'!AS:AS) -> 0 | CA27: =SUMIF('ยอดจริง Week 1'!AQ:AQ,'Week 1'!F27,'ยอดจริง Week 1'!AT:AT) -> 0 | CB27: =SUMIF('ยอดจริง Week 1'!AQ:AQ,'Week 1'!F27,'ยอดจริง Week 1'!AU:AU) -> 0 | CC27: =BV27-BZ27 -> 0 | CD27: =BW27-CA27 -> 0 | CE27: =BX27-CB27 -> 0
A28: =A27+1 -> 24 | F28: 1111066 | G28: ชิฟฟอนแยกชิ้น สตอเบอรี่ | K28: =SUM(N28,X28,AH28,AR28,BB28,BL28,BV28) -> 0 | L28: =SUM(O28,Y28,AI28,AS28,BC28,BM28,BW28) -> 0 | O28: 0 | Q28: =SUM(N28:P28) -> 0 | R28: =SUMIF('ยอดจริง Week 1'!A:A,'Week 1'!F28,'ยอดจริง Week 1'!C:C) -> 0 | S28: =SUMIF('ยอดจริง Week 1'!A:A,'Week 1'!F28,'ยอดจริง Week 1'!D:D) -> 0 | T28: =SUMIF('ยอดจริง Week 1'!A:A,'Week 1'!F28,'ยอดจริง Week 1'!E:E) -> 0 | U28: =N28-R28 -> 0 | V28: =O28-S28 -> 0 | W28: =P28-T28 -> 0 | Y28: 0 | AA28: =SUM(X28:Z28) -> 0 | AB28: =SUMIF('ยอดจริง Week 1'!H:H,'Week 1'!F28,'ยอดจริง Week 1'!J:J) -> 0 | AC28: =SUMIF('ยอดจริง Week 1'!H:H,'Week 1'!F28,'ยอดจริง Week 1'!K:K) -> 0 | AD28: =SUMIF('ยอดจริง Week 1'!H:H,'Week 1'!F28,'ยอดจริง Week 1'!L:L) -> 0 | AE28: =X28-AB28 -> 0 | AF28: =Y28-AC28 -> 0 | AG28: =Z28-AD28 -> 0 | AI28: 0 | AK28: =SUM(AH28:AJ28) -> 0 | AL28: =SUMIF('ยอดจริง Week 1'!O:O,'Week 1'!F28,'ยอดจริง Week 1'!Q:Q) -> 0 | AM28: =SUMIF('ยอดจริง Week 1'!O:O,'Week 1'!F28,'ยอดจริง Week 1'!R:R) -> 0 | AN28: =SUMIF('ยอดจริง Week 1'!O:O,'Week 1'!F28,'ยอดจริง Week 1'!S:S) -> 0 | AO28: =AH28-AL28 -> 0 | AP28: =AI28-AM28 -> 0 | AQ28: =AJ28-AN28 -> 0 | AS28: 0 | AU28: =SUM(AR28:AT28) -> 0 | AV28: =SUMIF('ยอดจริง Week 1'!V:V,'Week 1'!F28,'ยอดจริง Week 1'!X:X) -> 0 | AW28: =SUMIF('ยอดจริง Week 1'!V:V,'Week 1'!F28,'ยอดจริง Week 1'!Y:Y) -> 0 | AX28: =SUMIF('ยอดจริง Week 1'!V:V,'Week 1'!F28,'ยอดจริง Week 1'!Z:Z) -> 0 | AY28: =AR28-AV28 -> 0 | AZ28: =AS28-AW28 -> 0 | BA28: =AT28-AX28 -> 0 | BC28: 0 | BE28: =SUM(BB28:BD28) -> 0 | BF28: =SUMIF('ยอดจริง Week 1'!AC:AC,'Week 1'!F28,'ยอดจริง Week 1'!AE:AE) -> 0 | BG28: =SUMIF('ยอดจริง Week 1'!AC:AC,'Week 1'!F28,'ยอดจริง Week 1'!AF:AF) -> 0 | BH28: =SUMIF('ยอดจริง Week 1'!AC:AC,'Week 1'!F28,'ยอดจริง Week 1'!AG:AG) -> 0 | BI28: =BB28-BF28 -> 0 | BJ28: =BC28-BG28 -> 0 | BK28: =BD28-BH28 -> 0 | BM28: 0 | BO28: =SUM(BL28:BN28) -> 0 | BP28: =SUMIF('ยอดจริง Week 1'!AJ:AJ,'Week 1'!F28,'ยอดจริง Week 1'!AL:AL) -> 0 | BQ28: =SUMIF('ยอดจริง Week 1'!AJ:AJ,'Week 1'!F28,'ยอดจริง Week 1'!AM:AM) -> 0 | BR28: =SUMIF('ยอดจริง Week 1'!AJ:AJ,'Week 1'!F28,'ยอดจริง Week 1'!AN:AN) -> 0 | BS28: =BL28-BP28 -> 0 | BT28: =BM28-BQ28 -> 0 | BU28: =BN28-BR28 -> 0 | BW28: 0 | BY28: =SUM(BV28:BX28) -> 0 | BZ28: =SUMIF('ยอดจริง Week 1'!AQ:AQ,'Week 1'!F28,'ยอดจริง Week 1'!AS:AS) -> 0 | CA28: =SUMIF('ยอดจริง Week 1'!AQ:AQ,'Week 1'!F28,'ยอดจริง Week 1'!AT:AT) -> 0 | CB28: =SUMIF('ยอดจริง Week 1'!AQ:AQ,'Week 1'!F28,'ยอดจริง Week 1'!AU:AU) -> 0 | CC28: =BV28-BZ28 -> 0 | CD28: =BW28-CA28 -> 0 | CE28: =BX28-CB28 -> 0
A29: =A28+1 -> 25 | F29: 1111067 | G29: ชิฟฟอนแยกชิ้น มะพร้าว | K29: =SUM(N29,X29,AH29,AR29,BB29,BL29,BV29) -> 0 | L29: =SUM(O29,Y29,AI29,AS29,BC29,BM29,BW29) -> 0 | O29: 0 | Q29: =SUM(N29:P29) -> 0 | R29: =SUMIF('ยอดจริง Week 1'!A:A,'Week 1'!F29,'ยอดจริง Week 1'!C:C) -> 0 | S29: =SUMIF('ยอดจริง Week 1'!A:A,'Week 1'!F29,'ยอดจริง Week 1'!D:D) -> 0 | T29: =SUMIF('ยอดจริง Week 1'!A:A,'Week 1'!F29,'ยอดจริง Week 1'!E:E) -> 0 | U29: =N29-R29 -> 0 | V29: =O29-S29 -> 0 | W29: =P29-T29 -> 0 | Y29: 0 | AA29: =SUM(X29:Z29) -> 0 | AB29: =SUMIF('ยอดจริง Week 1'!H:H,'Week 1'!F29,'ยอดจริง Week 1'!J:J) -> 0 | AC29: =SUMIF('ยอดจริง Week 1'!H:H,'Week 1'!F29,'ยอดจริง Week 1'!K:K) -> 0 | AD29: =SUMIF('ยอดจริง Week 1'!H:H,'Week 1'!F29,'ยอดจริง Week 1'!L:L) -> 0 | AE29: =X29-AB29 -> 0 | AF29: =Y29-AC29 -> 0 | AG29: =Z29-AD29 -> 0 | AI29: 0 | AK29: =SUM(AH29:AJ29) -> 0 | AL29: =SUMIF('ยอดจริง Week 1'!O:O,'Week 1'!F29,'ยอดจริง Week 1'!Q:Q) -> 0 | AM29: =SUMIF('ยอดจริง Week 1'!O:O,'Week 1'!F29,'ยอดจริง Week 1'!R:R) -> 0 | AN29: =SUMIF('ยอดจริง Week 1'!O:O,'Week 1'!F29,'ยอดจริง Week 1'!S:S) -> 0 | AO29: =AH29-AL29 -> 0 | AP29: =AI29-AM29 -> 0 | AQ29: =AJ29-AN29 -> 0 | AS29: 0 | AU29: =SUM(AR29:AT29) -> 0 | AV29: =SUMIF('ยอดจริง Week 1'!V:V,'Week 1'!F29,'ยอดจริง Week 1'!X:X) -> 0 | AW29: =SUMIF('ยอดจริง Week 1'!V:V,'Week 1'!F29,'ยอดจริง Week 1'!Y:Y) -> 0 | AX29: =SUMIF('ยอดจริง Week 1'!V:V,'Week 1'!F29,'ยอดจริง Week 1'!Z:Z) -> 0 | AY29: =AR29-AV29 -> 0 | AZ29: =AS29-AW29 -> 0 | BA29: =AT29-AX29 -> 0 | BC29: 0 | BE29: =SUM(BB29:BD29) -> 0 | BF29: =SUMIF('ยอดจริง Week 1'!AC:AC,'Week 1'!F29,'ยอดจริง Week 1'!AE:AE) -> 0 | BG29: =SUMIF('ยอดจริง Week 1'!AC:AC,'Week 1'!F29,'ยอดจริง Week 1'!AF:AF) -> 0 | BH29: =SUMIF('ยอดจริง Week 1'!AC:AC,'Week 1'!F29,'ยอดจริง Week 1'!AG:AG) -> 0 | BI29: =BB29-BF29 -> 0 | BJ29: =BC29-BG29 -> 0 | BK29: =BD29-BH29 -> 0 | BM29: 0 | BO29: =SUM(BL29:BN29) -> 0 | BP29: =SUMIF('ยอดจริง Week 1'!AJ:AJ,'Week 1'!F29,'ยอดจริง Week 1'!AL:AL) -> 0 | BQ29: =SUMIF('ยอดจริง Week 1'!AJ:AJ,'Week 1'!F29,'ยอดจริง Week 1'!AM:AM) -> 0 | BR29: =SUMIF('ยอดจริง Week 1'!AJ:AJ,'Week 1'!F29,'ยอดจริง Week 1'!AN:AN) -> 0 | BS29: =BL29-BP29 -> 0 | BT29: =BM29-BQ29 -> 0 | BU29: =BN29-BR29 -> 0 | BW29: 0 | BY29: =SUM(BV29:BX29) -> 0 | BZ29: =SUMIF('ยอดจริง Week 1'!AQ:AQ,'Week 1'!F29,'ยอดจริง Week 1'!AS:AS) -> 0 | CA29: =SUMIF('ยอดจริง Week 1'!AQ:AQ,'Week 1'!F29,'ยอดจริง Week 1'!AT:AT) -> 0 | CB29: =SUMIF('ยอดจริง Week 1'!AQ:AQ,'Week 1'!F29,'ยอดจริง Week 1'!AU:AU) -> 0 | CC29: =BV29-BZ29 -> 0 | CD29: =BW29-CA29 -> 0 | CE29: =BX29-CB29 -> 0
... A31: =A30+1 -> 27 | F31: 1111069 | G31: ชิฟฟอนแยกชิ้น บลูเบอรี่ | K31: =SUM(N31,X31,AH31,AR31,BB31,BL31,BV31) -> 0 | L31: =SUM(O31,Y31,AI31,AS31,BC31,BM31,BW31) -> 0 | O31: 0 | Q31: =SUM(N31:P31) -> 0 | R31: =SUMIF('ยอดจริง Week 1'!A:A,'Week 1'!F31,'ยอดจริง Week 1'!C:C) -> 0 | S31: =SUMIF('ยอดจริง Week 1'!A:A,'Week 1'!F31,'ยอดจริง Week 1'!D:D) -> 0 | T31: =SUMIF('ยอดจริง Week 1'!A:A,'Week 1'!F31,'ยอดจริง Week 1'!E:E) -> 0 | U31: =N31-R31 -> 0 | V31: =O31-S31 -> 0 | W31: =P31-T31 -> 0 | Y31: 0 | AA31: =SUM(X31:Z31) -> 0 | AB31: =SUMIF('ยอดจริง Week 1'!H:H,'Week 1'!F31,'ยอดจริง Week 1'!J:J) -> 0 | AC31: =SUMIF('ยอดจริง Week 1'!H:H,'Week 1'!F31,'ยอดจริง Week 1'!K:K) -> 0 | AD31: =SUMIF('ยอดจริง Week 1'!H:H,'Week 1'!F31,'ยอดจริง Week 1'!L:L) -> 0 | AE31: =X31-AB31 -> 0 | AF31: =Y31-AC31 -> 0 | AG31: =Z31-AD31 -> 0 | AI31: 0 | AK31: =SUM(AH31:AJ31) -> 0 | AL31: =SUMIF('ยอดจริง Week 1'!O:O,'Week 1'!F31,'ยอดจริง Week 1'!Q:Q) -> 0 | AM31: =SUMIF('ยอดจริง Week 1'!O:O,'Week 1'!F31,'ยอดจริง Week 1'!R:R) -> 0 | AN31: =SUMIF('ยอดจริง Week 1'!O:O,'Week 1'!F31,'ยอดจริง Week 1'!S:S) -> 0 | AO31: =AH31-AL31 -> 0 | AP31: =AI31-AM31 -> 0 | AQ31: =AJ31-AN31 -> 0 | AS31: 0 | AU31: =SUM(AR31:AT31) -> 0 | AV31: =SUMIF('ยอดจริง Week 1'!V:V,'Week 1'!F31,'ยอดจริง Week 1'!X:X) -> 0 | AW31: =SUMIF('ยอดจริง Week 1'!V:V,'Week 1'!F31,'ยอดจริง Week 1'!Y:Y) -> 0 | AX31: =SUMIF('ยอดจริง Week 1'!V:V,'Week 1'!F31,'ยอดจริง Week 1'!Z:Z) -> 0 | AY31: =AR31-AV31 -> 0 | AZ31: =AS31-AW31 -> 0 | BA31: =AT31-AX31 -> 0 | BC31: 0 | BE31: =SUM(BB31:BD31) -> 0 | BF31: =SUMIF('ยอดจริง Week 1'!AC:AC,'Week 1'!F31,'ยอดจริง Week 1'!AE:AE) -> 0 | BG31: =SUMIF('ยอดจริง Week 1'!AC:AC,'Week 1'!F31,'ยอดจริง Week 1'!AF:AF) -> 0 | BH31: =SUMIF('ยอดจริง Week 1'!AC:AC,'Week 1'!F31,'ยอดจริง Week 1'!AG:AG) -> 0 | BI31: =BB31-BF31 -> 0 | BJ31: =BC31-BG31 -> 0 | BK31: =BD31-BH31 -> 0 | BM31: 0 | BO31: =SUM(BL31:BN31) -> 0 | BP31: =SUMIF('ยอดจริง Week 1'!AJ:AJ,'Week 1'!F31,'ยอดจริง Week 1'!AL:AL) -> 0 | BQ31: =SUMIF('ยอดจริง Week 1'!AJ:AJ,'Week 1'!F31,'ยอดจริง Week 1'!AM:AM) -> 0 | BR31: =SUMIF('ยอดจริง Week 1'!AJ:AJ,'Week 1'!F31,'ยอดจริง Week 1'!AN:AN) -> 0 | BS31: =BL31-BP31 -> 0 | BT31: =BM31-BQ31 -> 0 | BU31: =BN31-BR31 -> 0 | BW31: 0 | BY31: =SUM(BV31:BX31) -> 0 | BZ31: =SUMIF('ยอดจริง Week 1'!AQ:AQ,'Week 1'!F31,'ยอดจริง Week 1'!AS:AS) -> 0 | CA31: =SUMIF('ยอดจริง Week 1'!AQ:AQ,'Week 1'!F31,'ยอดจริง Week 1'!AT:AT) -> 0 | CB31: =SUMIF('ยอดจริง Week 1'!AQ:AQ,'Week 1'!F31,'ยอดจริง Week 1'!AU:AU) -> 0 | CC31: =BV31-BZ31 -> 0 | CD31: =BW31-CA31 -> 0 | CE31: =BX31-CB31 -> 0
A32: =A31+1 -> 28 | F32: 1004061 | G32: ชิฟฟ่อนเค้ก สอดไส้ครีมมะพร้าว (2 ชิ้น) | H32: Aeon | K32: =SUM(N32,X32,AH32,AR32,BB32,BL32,BV32) -> 0 | L32: =SUM(O32,Y32,AI32,AS32,BC32,BM32,BW32) -> 0 | O32: 0 | Q32: =SUM(N32:P32) -> 0 | R32: =SUMIF('ยอดจริง Week 1'!A:A,'Week 1'!F32,'ยอดจริง Week 1'!C:C) -> 0 | S32: =SUMIF('ยอดจริง Week 1'!A:A,'Week 1'!F32,'ยอดจริง Week 1'!D:D) -> 0 | T32: =SUMIF('ยอดจริง Week 1'!A:A,'Week 1'!F32,'ยอดจริง Week 1'!E:E) -> 0 | U32: =N32-R32 -> 0 | V32: =O32-S32 -> 0 | W32: =P32-T32 -> 0 | Y32: 0 | AA32: =SUM(X32:Z32) -> 0 | AB32: =SUMIF('ยอดจริง Week 1'!H:H,'Week 1'!F32,'ยอดจริง Week 1'!J:J) -> 0 | AC32: =SUMIF('ยอดจริง Week 1'!H:H,'Week 1'!F32,'ยอดจริง Week 1'!K:K) -> 0 | AD32: =SUMIF('ยอดจริง Week 1'!H:H,'Week 1'!F32,'ยอดจริง Week 1'!L:L) -> 0 | AE32: =X32-AB32 -> 0 | AF32: =Y32-AC32 -> 0 | AG32: =Z32-AD32 -> 0 | AI32: 0 | AK32: =SUM(AH32:AJ32) -> 0 | AL32: =SUMIF('ยอดจริง Week 1'!O:O,'Week 1'!F32,'ยอดจริง Week 1'!Q:Q) -> 0 | AM32: =SUMIF('ยอดจริง Week 1'!O:O,'Week 1'!F32,'ยอดจริง Week 1'!R:R) -> 0 | AN32: =SUMIF('ยอดจริง Week 1'!O:O,'Week 1'!F32,'ยอดจริง Week 1'!S:S) -> 0 | AO32: =AH32-AL32 -> 0 | AP32: =AI32-AM32 -> 0 | AQ32: =AJ32-AN32 -> 0 | AS32: 0 | AU32: =SUM(AR32:AT32) -> 0 | AV32: =SUMIF('ยอดจริง Week 1'!V:V,'Week 1'!F32,'ยอดจริง Week 1'!X:X) -> 0 | AW32: =SUMIF('ยอดจริง Week 1'!V:V,'Week 1'!F32,'ยอดจริง Week 1'!Y:Y) -> 0 | AX32: =SUMIF('ยอดจริง Week 1'!V:V,'Week 1'!F32,'ยอดจริง Week 1'!Z:Z) -> 0 | AY32: =AR32-AV32 -> 0 | AZ32: =AS32-AW32 -> 0 | BA32: =AT32-AX32 -> 0 | BC32: 0 | BE32: =SUM(BB32:BD32) -> 0 | BF32: =SUMIF('ยอดจริง Week 1'!AC:AC,'Week 1'!F32,'ยอดจริง Week 1'!AE:AE) -> 0 | BG32: =SUMIF('ยอดจริง Week 1'!AC:AC,'Week 1'!F32,'ยอดจริง Week 1'!AF:AF) -> 0 | BH32: =SUMIF('ยอดจริง Week 1'!AC:AC,'Week 1'!F32,'ยอดจริง Week 1'!AG:AG) -> 0 | BI32: =BB32-BF32 -> 0 | BJ32: =BC32-BG32 -> 0 | BK32: =BD32-BH32 -> 0 | BM32: 0 | BO32: =SUM(BL32:BN32) -> 0 | BP32: =SUMIF('ยอดจริง Week 1'!AJ:AJ,'Week 1'!F32,'ยอดจริง Week 1'!AL:AL) -> 0 | BQ32: =SUMIF('ยอดจริง Week 1'!AJ:AJ,'Week 1'!F32,'ยอดจริง Week 1'!AM:AM) -> 0 | BR32: =SUMIF('ยอดจริง Week 1'!AJ:AJ,'Week 1'!F32,'ยอดจริง Week 1'!AN:AN) -> 0 | BS32: =BL32-BP32 -> 0 | BT32: =BM32-BQ32 -> 0 | BU32: =BN32-BR32 -> 0 | BW32: 0 | BY32: =SUM(BV32:BX32) -> 0 | BZ32: =SUMIF('ยอดจริง Week 1'!AQ:AQ,'Week 1'!F32,'ยอดจริง Week 1'!AS:AS) -> 0 | CA32: =SUMIF('ยอดจริง Week 1'!AQ:AQ,'Week 1'!F32,'ยอดจริง Week 1'!AT:AT) -> 0 | CB32: =SUMIF('ยอดจริง Week 1'!AQ:AQ,'Week 1'!F32,'ยอดจริง Week 1'!AU:AU) -> 0 | CC32: =BV32-BZ32 -> 0 | CD32: =BW32-CA32 -> 0 | CE32: =BX32-CB32 -> 0
A33: =A32+1 -> 29 | F33: 1111051 | G33: ชิฟฟ่อนเค้กสอดไส้ครีมมะพร้าว (2ชิ้น) มะพร้าวล้วน | K33: =SUM(N33,X33,AH33,AR33,BB33,BL33,BV33) -> 0 | L33: =SUM(O33,Y33,AI33,AS33,BC33,BM33,BW33) -> 0 | O33: 0 | Q33: =SUM(N33:P33) -> 0 | R33: =SUMIF('ยอดจริง Week 1'!A:A,'Week 1'!F33,'ยอดจริง Week 1'!C:C) -> 0 | S33: =SUMIF('ยอดจริง Week 1'!A:A,'Week 1'!F33,'ยอดจริง Week 1'!D:D) -> 0 | T33: =SUMIF('ยอดจริง Week 1'!A:A,'Week 1'!F33,'ยอดจริง Week 1'!E:E) -> 0 | U33: =N33-R33 -> 0 | V33: =O33-S33 -> 0 | W33: =P33-T33 -> 0 | Y33: 0 | AA33: =SUM(X33:Z33) -> 0 | AB33: =SUMIF('ยอดจริง Week 1'!H:H,'Week 1'!F33,'ยอดจริง Week 1'!J:J) -> 0 | AC33: =SUMIF('ยอดจริง Week 1'!H:H,'Week 1'!F33,'ยอดจริง Week 1'!K:K) -> 0 | AD33: =SUMIF('ยอดจริง Week 1'!H:H,'Week 1'!F33,'ยอดจริง Week 1'!L:L) -> 0 | AE33: =X33-AB33 -> 0 | AF33: =Y33-AC33 -> 0 | AG33: =Z33-AD33 -> 0 | AI33: 0 | AK33: =SUM(AH33:AJ33) -> 0 | AL33: =SUMIF('ยอดจริง Week 1'!O:O,'Week 1'!F33,'ยอดจริง Week 1'!Q:Q) -> 0 | AM33: =SUMIF('ยอดจริง Week 1'!O:O,'Week 1'!F33,'ยอดจริง Week 1'!R:R) -> 0 | AN33: =SUMIF('ยอดจริง Week 1'!O:O,'Week 1'!F33,'ยอดจริง Week 1'!S:S) -> 0 | AO33: =AH33-AL33 -> 0 | AP33: =AI33-AM33 -> 0 | AQ33: =AJ33-AN33 -> 0 | AS33: 0 | AU33: =SUM(AR33:AT33) -> 0 | AV33: =SUMIF('ยอดจริง Week 1'!V:V,'Week 1'!F33,'ยอดจริง Week 1'!X:X) -> 0 | AW33: =SUMIF('ยอดจริง Week 1'!V:V,'Week 1'!F33,'ยอดจริง Week 1'!Y:Y) -> 0 | AX33: =SUMIF('ยอดจริง Week 1'!V:V,'Week 1'!F33,'ยอดจริง Week 1'!Z:Z) -> 0 | AY33: =AR33-AV33 -> 0 | AZ33: =AS33-AW33 -> 0 | BA33: =AT33-AX33 -> 0 | BC33: 0 | BE33: =SUM(BB33:BD33) -> 0 | BF33: =SUMIF('ยอดจริง Week 1'!AC:AC,'Week 1'!F33,'ยอดจริง Week 1'!AE:AE) -> 0 | BG33: =SUMIF('ยอดจริง Week 1'!AC:AC,'Week 1'!F33,'ยอดจริง Week 1'!AF:AF) -> 0 | BH33: =SUMIF('ยอดจริง Week 1'!AC:AC,'Week 1'!F33,'ยอดจริง Week 1'!AG:AG) -> 0 | BI33: =BB33-BF33 -> 0 | BJ33: =BC33-BG33 -> 0 | BK33: =BD33-BH33 -> 0 | BM33: 0 | BO33: =SUM(BL33:BN33) -> 0 | BP33: =SUMIF('ยอดจริง Week 1'!AJ:AJ,'Week 1'!F33,'ยอดจริง Week 1'!AL:AL) -> 0 | BQ33: =SUMIF('ยอดจริง Week 1'!AJ:AJ,'Week 1'!F33,'ยอดจริง Week 1'!AM:AM) -> 0 | BR33: =SUMIF('ยอดจริง Week 1'!AJ:AJ,'Week 1'!F33,'ยอดจริง Week 1'!AN:AN) -> 0 | BS33: =BL33-BP33 -> 0 | BT33: =BM33-BQ33 -> 0 | BU33: =BN33-BR33 -> 0 | BW33: 0 | BY33: =SUM(BV33:BX33) -> 0 | BZ33: =SUMIF('ยอดจริง Week 1'!AQ:AQ,'Week 1'!F33,'ยอดจริง Week 1'!AS:AS) -> 0 | CA33: =SUMIF('ยอดจริง Week 1'!AQ:AQ,'Week 1'!F33,'ยอดจริง Week 1'!AT:AT) -> 0 | CB33: =SUMIF('ยอดจริง Week 1'!AQ:AQ,'Week 1'!F33,'ยอดจริง Week 1'!AU:AU) -> 0 | CC33: =BV33-BZ33 -> 0 | CD33: =BW33-CA33 -> 0 | CE33: =BX33-CB33 -> 0
A34: =A33+1 -> 30 | F34: 1111004 | G34: ชิฟฟ่อนเค้ก สอดไส้ครีมมะพร้าว (4 ชิ้น) | K34: =SUM(N34,X34,AH34,AR34,BB34,BL34,BV34) -> 0 | L34: =SUM(O34,Y34,AI34,AS34,BC34,BM34,BW34) -> 3 | O34: 0 | Q34: =SUM(N34:P34) -> 0 | R34: =SUMIF('ยอดจริง Week 1'!A:A,'Week 1'!F34,'ยอดจริง Week 1'!C:C) -> 0 | S34: =SUMIF('ยอดจริง Week 1'!A:A,'Week 1'!F34,'ยอดจริง Week 1'!D:D) -> 0 | T34: =SUMIF('ยอดจริง Week 1'!A:A,'Week 1'!F34,'ยอดจริง Week 1'!E:E) -> 0 | U34: =N34-R34 -> 0 | V34: =O34-S34 -> 0 | W34: =P34-T34 -> 0 | Y34: 0 | AA34: =SUM(X34:Z34) -> 0 | AB34: =SUMIF('ยอดจริง Week 1'!H:H,'Week 1'!F34,'ยอดจริง Week 1'!J:J) -> 0 | AC34: =SUMIF('ยอดจริง Week 1'!H:H,'Week 1'!F34,'ยอดจริง Week 1'!K:K) -> 0 | AD34: =SUMIF('ยอดจริง Week 1'!H:H,'Week 1'!F34,'ยอดจริง Week 1'!L:L) -> 0 | AE34: =X34-AB34 -> 0 | AF34: =Y34-AC34 -> 0 | AG34: =Z34-AD34 -> 0 | AI34: 0 | AK34: =SUM(AH34:AJ34) -> 0 | AL34: =SUMIF('ยอดจริง Week 1'!O:O,'Week 1'!F34,'ยอดจริง Week 1'!Q:Q) -> 0 | AM34: =SUMIF('ยอดจริง Week 1'!O:O,'Week 1'!F34,'ยอดจริง Week 1'!R:R) -> 0 | AN34: =SUMIF('ยอดจริง Week 1'!O:O,'Week 1'!F34,'ยอดจริง Week 1'!S:S) -> 0 | AO34: =AH34-AL34 -> 0 | AP34: =AI34-AM34 -> 0 | AQ34: =AJ34-AN34 -> 0 | AS34: 0 | AU34: =SUM(AR34:AT34) -> 0 | AV34: =SUMIF('ยอดจริง Week 1'!V:V,'Week 1'!F34,'ยอดจริง Week 1'!X:X) -> 0 | AW34: =SUMIF('ยอดจริง Week 1'!V:V,'Week 1'!F34,'ยอดจริง Week 1'!Y:Y) -> 0 | AX34: =SUMIF('ยอดจริง Week 1'!V:V,'Week 1'!F34,'ยอดจริง Week 1'!Z:Z) -> 0 | AY34: =AR34-AV34 -> 0 | AZ34: =AS34-AW34 -> 0 | BA34: =AT34-AX34 -> 0 | BC34: 3 | BE34: =SUM(BB34:BD34) -> 3 | BF34: =SUMIF('ยอดจริง Week 1'!AC:AC,'Week 1'!F34,'ยอดจริง Week 1'!AE:AE) -> 0 | BG34: =SUMIF('ยอดจริง Week 1'!AC:AC,'Week 1'!F34,'ยอดจริง Week 1'!AF:AF) -> 0 | BH34: =SUMIF('ยอดจริง Week 1'!AC:AC,'Week 1'!F34,'ยอดจริง Week 1'!AG:AG) -> 0 | BI34: =BB34-BF34 -> 0 | BJ34: =BC34-BG34 -> 3 | BK34: =BD34-BH34 -> 0 | BM34: 0 | BO34: =SUM(BL34:BN34) -> 0 | BP34: =SUMIF('ยอดจริง Week 1'!AJ:AJ,'Week 1'!F34,'ยอดจริง Week 1'!AL:AL) -> 0 | BQ34: =SUMIF('ยอดจริง Week 1'!AJ:AJ,'Week 1'!F34,'ยอดจริง Week 1'!AM:AM) -> 0 | BR34: =SUMIF('ยอดจริง Week 1'!AJ:AJ,'Week 1'!F34,'ยอดจริง Week 1'!AN:AN) -> 0 | BS34: =BL34-BP34 -> 0 | BT34: =BM34-BQ34 -> 0 | BU34: =BN34-BR34 -> 0 | BW34: 0 | BY34: =SUM(BV34:BX34) -> 0 | BZ34: =SUMIF('ยอดจริง Week 1'!AQ:AQ,'Week 1'!F34,'ยอดจริง Week 1'!AS:AS) -> 0 | CA34: =SUMIF('ยอดจริง Week 1'!AQ:AQ,'Week 1'!F34,'ยอดจริง Week 1'!AT:AT) -> 0 | CB34: =SUMIF('ยอดจริง Week 1'!AQ:AQ,'Week 1'!F34,'ยอดจริง Week 1'!AU:AU) -> 0 | CC34: =BV34-BZ34 -> 0 | CD34: =BW34-CA34 -> 0 | CE34: =BX34-CB34 -> 0
A35: =A34+1 -> 31 | F35: 1111048 | G35: ชิฟฟอนเค้กสอดไส้ครีมมะพร้าว+เตย (4ชิ้น) | K35: =SUM(N35,X35,AH35,AR35,BB35,BL35,BV35) -> 0 | L35: =SUM(O35,Y35,AI35,AS35,BC35,BM35,BW35) -> 0 | O35: 0 | Q35: =SUM(N35:P35) -> 0 | R35: =SUMIF('ยอดจริง Week 1'!A:A,'Week 1'!F35,'ยอดจริง Week 1'!C:C) -> 0 | S35: =SUMIF('ยอดจริง Week 1'!A:A,'Week 1'!F35,'ยอดจริง Week 1'!D:D) -> 0 | T35: =SUMIF('ยอดจริง Week 1'!A:A,'Week 1'!F35,'ยอดจริง Week 1'!E:E) -> 0 | U35: =N35-R35 -> 0 | V35: =O35-S35 -> 0 | W35: =P35-T35 -> 0 | Y35: 0 | AA35: =SUM(X35:Z35) -> 0 | AB35: =SUMIF('ยอดจริง Week 1'!H:H,'Week 1'!F35,'ยอดจริง Week 1'!J:J) -> 0 | AC35: =SUMIF('ยอดจริง Week 1'!H:H,'Week 1'!F35,'ยอดจริง Week 1'!K:K) -> 0 | AD35: =SUMIF('ยอดจริง Week 1'!H:H,'Week 1'!F35,'ยอดจริง Week 1'!L:L) -> 0 | AE35: =X35-AB35 -> 0 | AF35: =Y35-AC35 -> 0 | AG35: =Z35-AD35 -> 0 | AI35: 0 | AK35: =SUM(AH35:AJ35) -> 0 | AL35: =SUMIF('ยอดจริง Week 1'!O:O,'Week 1'!F35,'ยอดจริง Week 1'!Q:Q) -> 0 | AM35: =SUMIF('ยอดจริง Week 1'!O:O,'Week 1'!F35,'ยอดจริง Week 1'!R:R) -> 0 | AN35: =SUMIF('ยอดจริง Week 1'!O:O,'Week 1'!F35,'ยอดจริง Week 1'!S:S) -> 0 | AO35: =AH35-AL35 -> 0 | AP35: =AI35-AM35 -> 0 | AQ35: =AJ35-AN35 -> 0 | AS35: 0 | AU35: =SUM(AR35:AT35) -> 0 | AV35: =SUMIF('ยอดจริง Week 1'!V:V,'Week 1'!F35,'ยอดจริง Week 1'!X:X) -> 0 | AW35: =SUMIF('ยอดจริง Week 1'!V:V,'Week 1'!F35,'ยอดจริง Week 1'!Y:Y) -> 0 | AX35: =SUMIF('ยอดจริง Week 1'!V:V,'Week 1'!F35,'ยอดจริง Week 1'!Z:Z) -> 0 | AY35: =AR35-AV35 -> 0 | AZ35: =AS35-AW35 -> 0 | BA35: =AT35-AX35 -> 0 | BC35: 0 | BE35: =SUM(BB35:BD35) -> 0 | BF35: =SUMIF('ยอดจริง Week 1'!AC:AC,'Week 1'!F35,'ยอดจริง Week 1'!AE:AE) -> 0 | BG35: =SUMIF('ยอดจริง Week 1'!AC:AC,'Week 1'!F35,'ยอดจริง Week 1'!AF:AF) -> 0 | BH35: =SUMIF('ยอดจริง Week 1'!AC:AC,'Week 1'!F35,'ยอดจริง Week 1'!AG:AG) -> 0 | BI35: =BB35-BF35 -> 0 | BJ35: =BC35-BG35 -> 0 | BK35: =BD35-BH35 -> 0 | BM35: 0 | BO35: =SUM(BL35:BN35) -> 0 | BP35: =SUMIF('ยอดจริง Week 1'!AJ:AJ,'Week 1'!F35,'ยอดจริง Week 1'!AL:AL) -> 0 | BQ35: =SUMIF('ยอดจริง Week 1'!AJ:AJ,'Week 1'!F35,'ยอดจริง Week 1'!AM:AM) -> 0 | BR35: =SUMIF('ยอดจริง Week 1'!AJ:AJ,'Week 1'!F35,'ยอดจริง Week 1'!AN:AN) -> 0 | BS35: =BL35-BP35 -> 0 | BT35: =BM35-BQ35 -> 0 | BU35: =BN35-BR35 -> 0 | BW35: 0 | BY35: =SUM(BV35:BX35) -> 0 | BZ35: =SUMIF('ยอดจริง Week 1'!AQ:AQ,'Week 1'!F35,'ยอดจริง Week 1'!AS:AS) -> 0 | CA35: =SUMIF('ยอดจริง Week 1'!AQ:AQ,'Week 1'!F35,'ยอดจริง Week 1'!AT:AT) -> 0 | CB35: =SUMIF('ยอดจริง Week 1'!AQ:AQ,'Week 1'!F35,'ยอดจริง Week 1'!AU:AU) -> 0 | CC35: =BV35-BZ35 -> 0 | CD35: =BW35-CA35 -> 0 | CE35: =BX35-CB35 -> 0
A36: =A35+1 -> 32 | F36: 1111005 | G36: ชิฟฟ่อนเค้ก สอดไส้ครีมมะพร้าว (5 ชิ้น) | K36: =SUM(N36,X36,AH36,AR36,BB36,BL36,BV36) -> 0 | L36: =SUM(O36,Y36,AI36,AS36,BC36,BM36,BW36) -> 3 | O36: 0 | Q36: =SUM(N36:P36) -> 0 | R36: =SUMIF('ยอดจริง Week 1'!A:A,'Week 1'!F36,'ยอดจริง Week 1'!C:C) -> 0 | S36: =SUMIF('ยอดจริง Week 1'!A:A,'Week 1'!F36,'ยอดจริง Week 1'!D:D) -> 0 | T36: =SUMIF('ยอดจริง Week 1'!A:A,'Week 1'!F36,'ยอดจริง Week 1'!E:E) -> 0 | U36: =N36-R36 -> 0 | V36: =O36-S36 -> 0 | W36: =P36-T36 -> 0 | Y36: 0 | AA36: =SUM(X36:Z36) -> 0 | AB36: =SUMIF('ยอดจริง Week 1'!H:H,'Week 1'!F36,'ยอดจริง Week 1'!J:J) -> 0 | AC36: =SUMIF('ยอดจริง Week 1'!H:H,'Week 1'!F36,'ยอดจริง Week 1'!K:K) -> 0 | AD36: =SUMIF('ยอดจริง Week 1'!H:H,'Week 1'!F36,'ยอดจริง Week 1'!L:L) -> 0 | AE36: =X36-AB36 -> 0 | AF36: =Y36-AC36 -> 0 | AG36: =Z36-AD36 -> 0 | AI36: 0 | AK36: =SUM(AH36:AJ36) -> 0 | AL36: =SUMIF('ยอดจริง Week 1'!O:O,'Week 1'!F36,'ยอดจริง Week 1'!Q:Q) -> 0 | AM36: =SUMIF('ยอดจริง Week 1'!O:O,'Week 1'!F36,'ยอดจริง Week 1'!R:R) -> 0 | AN36: =SUMIF('ยอดจริง Week 1'!O:O,'Week 1'!F36,'ยอดจริง Week 1'!S:S) -> 0 | AO36: =AH36-AL36 -> 0 | AP36: =AI36-AM36 -> 0 | AQ36: =AJ36-AN36 -> 0 | AS36: 0 | AU36: =SUM(AR36:AT36) -> 0 | AV36: =SUMIF('ยอดจริง Week 1'!V:V,'Week 1'!F36,'ยอดจริง Week 1'!X:X) -> 0 | AW36: =SUMIF('ยอดจริง Week 1'!V:V,'Week 1'!F36,'ยอดจริง Week 1'!Y:Y) -> 0 | AX36: =SUMIF('ยอดจริง Week 1'!V:V,'Week 1'!F36,'ยอดจริง Week 1'!Z:Z) -> 0 | AY36: =AR36-AV36 -> 0 | AZ36: =AS36-AW36 -> 0 | BA36: =AT36-AX36 -> 0 | BC36: 3 | BE36: =SUM(BB36:BD36) -> 3 | BF36: =SUMIF('ยอดจริง Week 1'!AC:AC,'Week 1'!F36,'ยอดจริง Week 1'!AE:AE) -> 0 | BG36: =SUMIF('ยอดจริง Week 1'!AC:AC,'Week 1'!F36,'ยอดจริง Week 1'!AF:AF) -> 0 | BH36: =SUMIF('ยอดจริง Week 1'!AC:AC,'Week 1'!F36,'ยอดจริง Week 1'!AG:AG) -> 0 | BI36: =BB36-BF36 -> 0 | BJ36: =BC36-BG36 -> 3 | BK36: =BD36-BH36 -> 0 | BM36: 0 | BO36: =SUM(BL36:BN36) -> 0 | BP36: =SUMIF('ยอดจริง Week 1'!AJ:AJ,'Week 1'!F36,'ยอดจริง Week 1'!AL:AL) -> 0 | BQ36: =SUMIF('ยอดจริง Week 1'!AJ:AJ,'Week 1'!F36,'ยอดจริง Week 1'!AM:AM) -> 0 | BR36: =SUMIF('ยอดจริง Week 1'!AJ:AJ,'Week 1'!F36,'ยอดจริง Week 1'!AN:AN) -> 0 | BS36: =BL36-BP36 -> 0 | BT36: =BM36-BQ36 -> 0 | BU36: =BN36-BR36 -> 0 | BW36: 0 | BY36: =SUM(BV36:BX36) -> 0 | BZ36: =SUMIF('ยอดจริง Week 1'!AQ:AQ,'Week 1'!F36,'ยอดจริง Week 1'!AS:AS) -> 0 | CA36: =SUMIF('ยอดจริง Week 1'!AQ:AQ,'Week 1'!F36,'ยอดจริง Week 1'!AT:AT) -> 0 | CB36: =SUMIF('ยอดจริง Week 1'!AQ:AQ,'Week 1'!F36,'ยอดจริง Week 1'!AU:AU) -> 0 | CC36: =BV36-BZ36 -> 0 | CD36: =BW36-CA36 -> 0 | CE36: =BX36-CB36 -> 0
A37: =A36+1 -> 33 | F37: 1111047 | G37: ชิฟฟอนเค้กสอดไส้ครีมมะพร้าว+เตย (5ชิ้น) | K37: =SUM(N37,X37,AH37,AR37,BB37,BL37,BV37) -> 0 | L37: =SUM(O37,Y37,AI37,AS37,BC37,BM37,BW37) -> 0 | O37: 0 | Q37: =SUM(N37:P37) -> 0 | R37: =SUMIF('ยอดจริง Week 1'!A:A,'Week 1'!F37,'ยอดจริง Week 1'!C:C) -> 0 | S37: =SUMIF('ยอดจริง Week 1'!A:A,'Week 1'!F37,'ยอดจริง Week 1'!D:D) -> 0 | T37: =SUMIF('ยอดจริง Week 1'!A:A,'Week 1'!F37,'ยอดจริง Week 1'!E:E) -> 0 | U37: =N37-R37 -> 0 | V37: =O37-S37 -> 0 | W37: =P37-T37 -> 0 | Y37: 0 | AA37: =SUM(X37:Z37) -> 0 | AB37: =SUMIF('ยอดจริง Week 1'!H:H,'Week 1'!F37,'ยอดจริง Week 1'!J:J) -> 0 | AC37: =SUMIF('ยอดจริง Week 1'!H:H,'Week 1'!F37,'ยอดจริง Week 1'!K:K) -> 0 | AD37: =SUMIF('ยอดจริง Week 1'!H:H,'Week 1'!F37,'ยอดจริง Week 1'!L:L) -> 0 | AE37: =X37-AB37 -> 0 | AF37: =Y37-AC37 -> 0 | AG37: =Z37-AD37 -> 0 | AI37: 0 | AK37: =SUM(AH37:AJ37) -> 0 | AL37: =SUMIF('ยอดจริง Week 1'!O:O,'Week 1'!F37,'ยอดจริง Week 1'!Q:Q) -> 0 | AM37: =SUMIF('ยอดจริง Week 1'!O:O,'Week 1'!F37,'ยอดจริง Week 1'!R:R) -> 0 | AN37: =SUMIF('ยอดจริง Week 1'!O:O,'Week 1'!F37,'ยอดจริง Week 1'!S:S) -> 0 | AO37: =AH37-AL37 -> 0 | AP37: =AI37-AM37 -> 0 | AQ37: =AJ37-AN37 -> 0 | AS37: 0 | AU37: =SUM(AR37:AT37) -> 0 | AV37: =SUMIF('ยอดจริง Week 1'!V:V,'Week 1'!F37,'ยอดจริง Week 1'!X:X) -> 0 | AW37: =SUMIF('ยอดจริง Week 1'!V:V,'Week 1'!F37,'ยอดจริง Week 1'!Y:Y) -> 0 | AX37: =SUMIF('ยอดจริง Week 1'!V:V,'Week 1'!F37,'ยอดจริง Week 1'!Z:Z) -> 0 | AY37: =AR37-AV37 -> 0 | AZ37: =AS37-AW37 -> 0 | BA37: =AT37-AX37 -> 0 | BC37: 0 | BE37: =SUM(BB37:BD37) -> 0 | BF37: =SUMIF('ยอดจริง Week 1'!AC:AC,'Week 1'!F37,'ยอดจริง Week 1'!AE:AE) -> 0 | BG37: =SUMIF('ยอดจริง Week 1'!AC:AC,'Week 1'!F37,'ยอดจริง Week 1'!AF:AF) -> 0 | BH37: =SUMIF('ยอดจริง Week 1'!AC:AC,'Week 1'!F37,'ยอดจริง Week 1'!AG:AG) -> 0 | BI37: =BB37-BF37 -> 0 | BJ37: =BC37-BG37 -> 0 | BK37: =BD37-BH37 -> 0 | BM37: 0 | BO37: =SUM(BL37:BN37) -> 0 | BP37: =SUMIF('ยอดจริง Week 1'!AJ:AJ,'Week 1'!F37,'ยอดจริง Week 1'!AL:AL) -> 0 | BQ37: =SUMIF('ยอดจริง Week 1'!AJ:AJ,'Week 1'!F37,'ยอดจริง Week 1'!AM:AM) -> 0 | BR37: =SUMIF('ยอดจริง Week 1'!AJ:AJ,'Week 1'!F37,'ยอดจริง Week 1'!AN:AN) -> 0 | BS37: =BL37-BP37 -> 0 | BT37: =BM37-BQ37 -> 0 | BU37: =BN37-BR37 -> 0 | BW37: 0 | BY37: =SUM(BV37:BX37) -> 0 | BZ37: =SUMIF('ยอดจริง Week 1'!AQ:AQ,'Week 1'!F37,'ยอดจริง Week 1'!AS:AS) -> 0 | CA37: =SUMIF('ยอดจริง Week 1'!AQ:AQ,'Week 1'!F37,'ยอดจริง Week 1'!AT:AT) -> 0 | CB37: =SUMIF('ยอดจริง Week 1'!AQ:AQ,'Week 1'!F37,'ยอดจริง Week 1'!AU:AU) -> 0 | CC37: =BV37-BZ37 -> 0 | CD37: =BW37-CA37 -> 0 | CE37: =BX37-CB37 -> 0
A38: =A37+1 -> 34 | F38: 1111006 | G38: ชิฟฟ่อนเค้ก วรรณวนัช (สอดไส้รวมรส 8 ชิ้น) | K38: =SUM(N38,X38,AH38,AR38,BB38,BL38,BV38) -> 0 | L38: =SUM(O38,Y38,AI38,AS38,BC38,BM38,BW38) -> 5 | O38: 0 | Q38: =SUM(N38:P38) -> 0 | R38: =SUMIF('ยอดจริง Week 1'!A:A,'Week 1'!F38,'ยอดจริง Week 1'!C:C) -> 0 | S38: =SUMIF('ยอดจริง Week 1'!A:A,'Week 1'!F38,'ยอดจริง Week 1'!D:D) -> 0 | T38: =SUMIF('ยอดจริง Week 1'!A:A,'Week 1'!F38,'ยอดจริง Week 1'!E:E) -> 0 | U38: =N38-R38 -> 0 | V38: =O38-S38 -> 0 | W38: =P38-T38 -> 0 | Y38: 0 | AA38: =SUM(X38:Z38) -> 0 | AB38: =SUMIF('ยอดจริง Week 1'!H:H,'Week 1'!F38,'ยอดจริง Week 1'!J:J) -> 0 | AC38: =SUMIF('ยอดจริง Week 1'!H:H,'Week 1'!F38,'ยอดจริง Week 1'!K:K) -> 0 | AD38: =SUMIF('ยอดจริง Week 1'!H:H,'Week 1'!F38,'ยอดจริง Week 1'!L:L) -> 0 | AE38: =X38-AB38 -> 0 | AF38: =Y38-AC38 -> 0 | AG38: =Z38-AD38 -> 0 | AI38: 0 | AK38: =SUM(AH38:AJ38) -> 0 | AL38: =SUMIF('ยอดจริง Week 1'!O:O,'Week 1'!F38,'ยอดจริง Week 1'!Q:Q) -> 0 | AM38: =SUMIF('ยอดจริง Week 1'!O:O,'Week 1'!F38,'ยอดจริง Week 1'!R:R) -> 0 | AN38: =SUMIF('ยอดจริง Week 1'!O:O,'Week 1'!F38,'ยอดจริง Week 1'!S:S) -> 0 | AO38: =AH38-AL38 -> 0 | AP38: =AI38-AM38 -> 0 | AQ38: =AJ38-AN38 -> 0 | AS38: 0 | AU38: =SUM(AR38:AT38) -> 0 | AV38: =SUMIF('ยอดจริง Week 1'!V:V,'Week 1'!F38,'ยอดจริง Week 1'!X:X) -> 0 | AW38: =SUMIF('ยอดจริง Week 1'!V:V,'Week 1'!F38,'ยอดจริง Week 1'!Y:Y) -> 0 | AX38: =SUMIF('ยอดจริง Week 1'!V:V,'Week 1'!F38,'ยอดจริง Week 1'!Z:Z) -> 0 | AY38: =AR38-AV38 -> 0 | AZ38: =AS38-AW38 -> 0 | BA38: =AT38-AX38 -> 0 | BC38: 5 | BE38: =SUM(BB38:BD38) -> 5 | BF38: =SUMIF('ยอดจริง Week 1'!AC:AC,'Week 1'!F38,'ยอดจริง Week 1'!AE:AE) -> 0 | BG38: =SUMIF('ยอดจริง Week 1'!AC:AC,'Week 1'!F38,'ยอดจริง Week 1'!AF:AF) -> 0 | BH38: =SUMIF('ยอดจริง Week 1'!AC:AC,'Week 1'!F38,'ยอดจริง Week 1'!AG:AG) -> 0 | BI38: =BB38-BF38 -> 0 | BJ38: =BC38-BG38 -> 5 | BK38: =BD38-BH38 -> 0 | BM38: 0 | BO38: =SUM(BL38:BN38) -> 0 | BP38: =SUMIF('ยอดจริง Week 1'!AJ:AJ,'Week 1'!F38,'ยอดจริง Week 1'!AL:AL) -> 0 | BQ38: =SUMIF('ยอดจริง Week 1'!AJ:AJ,'Week 1'!F38,'ยอดจริง Week 1'!AM:AM) -> 0 | BR38: =SUMIF('ยอดจริง Week 1'!AJ:AJ,'Week 1'!F38,'ยอดจริง Week 1'!AN:AN) -> 0 | BS38: =BL38-BP38 -> 0 | BT38: =BM38-BQ38 -> 0 | BU38: =BN38-BR38 -> 0 | BW38: 0 | BY38: =SUM(BV38:BX38) -> 0 | BZ38: =SUMIF('ยอดจริง Week 1'!AQ:AQ,'Week 1'!F38,'ยอดจริง Week 1'!AS:AS) -> 0 | CA38: =SUMIF('ยอดจริง Week 1'!AQ:AQ,'Week 1'!F38,'ยอดจริง Week 1'!AT:AT) -> 0 | CB38: =SUMIF('ยอดจริง Week 1'!AQ:AQ,'Week 1'!F38,'ยอดจริง Week 1'!AU:AU) -> 0 | CC38: =BV38-BZ38 -> 0 | CD38: =BW38-CA38 -> 0 | CE38: =BX38-CB38 -> 0
A39: =A38+1 -> 35 | F39: 1111034 | G39: ชิฟฟ่อนเค้กใบเตยสอดไส้ครีมมะพร้าว (8 ชิ้น ) | K39: =SUM(N39,X39,AH39,AR39,BB39,BL39,BV39) -> 0 | L39: =SUM(O39,Y39,AI39,AS39,BC39,BM39,BW39) -> 0 | O39: 0 | Q39: =SUM(N39:P39) -> 0 | R39: =SUMIF('ยอดจริง Week 1'!A:A,'Week 1'!F39,'ยอดจริง Week 1'!C:C) -> 0 | S39: =SUMIF('ยอดจริง Week 1'!A:A,'Week 1'!F39,'ยอดจริง Week 1'!D:D) -> 0 | T39: =SUMIF('ยอดจริง Week 1'!A:A,'Week 1'!F39,'ยอดจริง Week 1'!E:E) -> 0 | U39: =N39-R39 -> 0 | V39: =O39-S39 -> 0 | W39: =P39-T39 -> 0 | Y39: 0 | AA39: =SUM(X39:Z39) -> 0 | AB39: =SUMIF('ยอดจริง Week 1'!H:H,'Week 1'!F39,'ยอดจริง Week 1'!J:J) -> 0 | AC39: =SUMIF('ยอดจริง Week 1'!H:H,'Week 1'!F39,'ยอดจริง Week 1'!K:K) -> 0 | AD39: =SUMIF('ยอดจริง Week 1'!H:H,'Week 1'!F39,'ยอดจริง Week 1'!L:L) -> 0 | AE39: =X39-AB39 -> 0 | AF39: =Y39-AC39 -> 0 | AG39: =Z39-AD39 -> 0 | AI39: 0 | AK39: =SUM(AH39:AJ39) -> 0 | AL39: =SUMIF('ยอดจริง Week 1'!O:O,'Week 1'!F39,'ยอดจริง Week 1'!Q:Q) -> 0 | AM39: =SUMIF('ยอดจริง Week 1'!O:O,'Week 1'!F39,'ยอดจริง Week 1'!R:R) -> 0 | AN39: =SUMIF('ยอดจริง Week 1'!O:O,'Week 1'!F39,'ยอดจริง Week 1'!S:S) -> 0 | AO39: =AH39-AL39 -> 0 | AP39: =AI39-AM39 -> 0 | AQ39: =AJ39-AN39 -> 0 | AS39: 0 | AU39: =SUM(AR39:AT39) -> 0 | AV39: =SUMIF('ยอดจริง Week 1'!V:V,'Week 1'!F39,'ยอดจริง Week 1'!X:X) -> 0 | AW39: =SUMIF('ยอดจริง Week 1'!V:V,'Week 1'!F39,'ยอดจริง Week 1'!Y:Y) -> 0 | AX39: =SUMIF('ยอดจริง Week 1'!V:V,'Week 1'!F39,'ยอดจริง Week 1'!Z:Z) -> 0 | AY39: =AR39-AV39 -> 0 | AZ39: =AS39-AW39 -> 0 | BA39: =AT39-AX39 -> 0 | BC39: 0 | BE39: =SUM(BB39:BD39) -> 0 | BF39: =SUMIF('ยอดจริง Week 1'!AC:AC,'Week 1'!F39,'ยอดจริง Week 1'!AE:AE) -> 0 | BG39: =SUMIF('ยอดจริง Week 1'!AC:AC,'Week 1'!F39,'ยอดจริง Week 1'!AF:AF) -> 0 | BH39: =SUMIF('ยอดจริง Week 1'!AC:AC,'Week 1'!F39,'ยอดจริง Week 1'!AG:AG) -> 0 | BI39: =BB39-BF39 -> 0 | BJ39: =BC39-BG39 -> 0 | BK39: =BD39-BH39 -> 0 | BM39: 0 | BO39: =SUM(BL39:BN39) -> 0 | BP39: =SUMIF('ยอดจริง Week 1'!AJ:AJ,'Week 1'!F39,'ยอดจริง Week 1'!AL:AL) -> 0 | BQ39: =SUMIF('ยอดจริง Week 1'!AJ:AJ,'Week 1'!F39,'ยอดจริง Week 1'!AM:AM) -> 0 | BR39: =SUMIF('ยอดจริง Week 1'!AJ:AJ,'Week 1'!F39,'ยอดจริง Week 1'!AN:AN) -> 0 | BS39: =BL39-BP39 -> 0 | BT39: =BM39-BQ39 -> 0 | BU39: =BN39-BR39 -> 0 | BW39: 0 | BY39: =SUM(BV39:BX39) -> 0 | BZ39: =SUMIF('ยอดจริง Week 1'!AQ:AQ,'Week 1'!F39,'ยอดจริง Week 1'!AS:AS) -> 0 | CA39: =SUMIF('ยอดจริง Week 1'!AQ:AQ,'Week 1'!F39,'ยอดจริง Week 1'!AT:AT) -> 0 | CB39: =SUMIF('ยอดจริง Week 1'!AQ:AQ,'Week 1'!F39,'ยอดจริง Week 1'!AU:AU) -> 0 | CC39: =BV39-BZ39 -> 0 | CD39: =BW39-CA39 -> 0 | CE39: =BX39-CB39 -> 0
A40: =A39+1 -> 36 | F40: 1111035 | G40: ชิฟฟ่อนเค้กมะพร้าวสอดไส้ครีมมะพร้าว (8 ชิ้น) | K40: =SUM(N40,X40,AH40,AR40,BB40,BL40,BV40) -> 0 | L40: =SUM(O40,Y40,AI40,AS40,BC40,BM40,BW40) -> 5 | O40: 0 | Q40: =SUM(N40:P40) -> 0 | R40: =SUMIF('ยอดจริง Week 1'!A:A,'Week 1'!F40,'ยอดจริง Week 1'!C:C) -> 0 | S40: =SUMIF('ยอดจริง Week 1'!A:A,'Week 1'!F40,'ยอดจริง Week 1'!D:D) -> 0 | T40: =SUMIF('ยอดจริง Week 1'!A:A,'Week 1'!F40,'ยอดจริง Week 1'!E:E) -> 0 | U40: =N40-R40 -> 0 | V40: =O40-S40 -> 0 | W40: =P40-T40 -> 0 | Y40: 0 | AA40: =SUM(X40:Z40) -> 0 | AB40: =SUMIF('ยอดจริง Week 1'!H:H,'Week 1'!F40,'ยอดจริง Week 1'!J:J) -> 0 | AC40: =SUMIF('ยอดจริง Week 1'!H:H,'Week 1'!F40,'ยอดจริง Week 1'!K:K) -> 0 | AD40: =SUMIF('ยอดจริง Week 1'!H:H,'Week 1'!F40,'ยอดจริง Week 1'!L:L) -> 0 | AE40: =X40-AB40 -> 0 | AF40: =Y40-AC40 -> 0 | AG40: =Z40-AD40 -> 0 | AI40: 0 | AK40: =SUM(AH40:AJ40) -> 0 | AL40: =SUMIF('ยอดจริง Week 1'!O:O,'Week 1'!F40,'ยอดจริง Week 1'!Q:Q) -> 0 | AM40: =SUMIF('ยอดจริง Week 1'!O:O,'Week 1'!F40,'ยอดจริง Week 1'!R:R) -> 0 | AN40: =SUMIF('ยอดจริง Week 1'!O:O,'Week 1'!F40,'ยอดจริง Week 1'!S:S) -> 0 | AO40: =AH40-AL40 -> 0 | AP40: =AI40-AM40 -> 0 | AQ40: =AJ40-AN40 -> 0 | AS40: 0 | AU40: =SUM(AR40:AT40) -> 0 | AV40: =SUMIF('ยอดจริง Week 1'!V:V,'Week 1'!F40,'ยอดจริง Week 1'!X:X) -> 0 | AW40: =SUMIF('ยอดจริง Week 1'!V:V,'Week 1'!F40,'ยอดจริง Week 1'!Y:Y) -> 0 | AX40: =SUMIF('ยอดจริง Week 1'!V:V,'Week 1'!F40,'ยอดจริง Week 1'!Z:Z) -> 0 | AY40: =AR40-AV40 -> 0 | AZ40: =AS40-AW40 -> 0 | BA40: =AT40-AX40 -> 0 | BC40: 5 | BE40: =SUM(BB40:BD40) -> 5 | BF40: =SUMIF('ยอดจริง Week 1'!AC:AC,'Week 1'!F40,'ยอดจริง Week 1'!AE:AE) -> 0 | BG40: =SUMIF('ยอดจริง Week 1'!AC:AC,'Week 1'!F40,'ยอดจริง Week 1'!AF:AF) -> 0 | BH40: =SUMIF('ยอดจริง Week 1'!AC:AC,'Week 1'!F40,'ยอดจริง Week 1'!AG:AG) -> 0 | BI40: =BB40-BF40 -> 0 | BJ40: =BC40-BG40 -> 5 | BK40: =BD40-BH40 -> 0 | BM40: 0 | BO40: =SUM(BL40:BN40) -> 0 | BP40: =SUMIF('ยอดจริง Week 1'!AJ:AJ,'Week 1'!F40,'ยอดจริง Week 1'!AL:AL) -> 0 | BQ40: =SUMIF('ยอดจริง Week 1'!AJ:AJ,'Week 1'!F40,'ยอดจริง Week 1'!AM:AM) -> 0 | BR40: =SUMIF('ยอดจริง Week 1'!AJ:AJ,'Week 1'!F40,'ยอดจริง Week 1'!AN:AN) -> 0 | BS40: =BL40-BP40 -> 0 | BT40: =BM40-BQ40 -> 0 | BU40: =BN40-BR40 -> 0 | BW40: 0 | BY40: =SUM(BV40:BX40) -> 0 | BZ40: =SUMIF('ยอดจริง Week 1'!AQ:AQ,'Week 1'!F40,'ยอดจริง Week 1'!AS:AS) -> 0 | CA40: =SUMIF('ยอดจริง Week 1'!AQ:AQ,'Week 1'!F40,'ยอดจริง Week 1'!AT:AT) -> 0 | CB40: =SUMIF('ยอดจริง Week 1'!AQ:AQ,'Week 1'!F40,'ยอดจริง Week 1'!AU:AU) -> 0 | CC40: =BV40-BZ40 -> 0 | CD40: =BW40-CA40 -> 0 | CE40: =BX40-CB40 -> 0
A41: =A40+1 -> 37 | F41: 1111031 | G41: ชิฟฟ่อนเค้กทูโทนใบเตยและมะพร้าวสอดไส้ครีม (8 ชิ้น) | K41: =SUM(N41,X41,AH41,AR41,BB41,BL41,BV41) -> 0 | L41: =SUM(O41,Y41,AI41,AS41,BC41,BM41,BW41) -> 0 | O41: 0 | Q41: =SUM(N41:P41) -> 0 | R41: =SUMIF('ยอดจริง Week 1'!A:A,'Week 1'!F41,'ยอดจริง Week 1'!C:C) -> 0 | S41: =SUMIF('ยอดจริง Week 1'!A:A,'Week 1'!F41,'ยอดจริง Week 1'!D:D) -> 0 | T41: =SUMIF('ยอดจริง Week 1'!A:A,'Week 1'!F41,'ยอดจริง Week 1'!E:E) -> 0 | U41: =N41-R41 -> 0 | V41: =O41-S41 -> 0 | W41: =P41-T41 -> 0 | Y41: 0 | AA41: =SUM(X41:Z41) -> 0 | AB41: =SUMIF('ยอดจริง Week 1'!H:H,'Week 1'!F41,'ยอดจริง Week 1'!J:J) -> 0 | AC41: =SUMIF('ยอดจริง Week 1'!H:H,'Week 1'!F41,'ยอดจริง Week 1'!K:K) -> 0 | AD41: =SUMIF('ยอดจริง Week 1'!H:H,'Week 1'!F41,'ยอดจริง Week 1'!L:L) -> 0 | AE41: =X41-AB41 -> 0 | AF41: =Y41-AC41 -> 0 | AG41: =Z41-AD41 -> 0 | AI41: 0 | AK41: =SUM(AH41:AJ41) -> 0 | AL41: =SUMIF('ยอดจริง Week 1'!O:O,'Week 1'!F41,'ยอดจริง Week 1'!Q:Q) -> 0 | AM41: =SUMIF('ยอดจริง Week 1'!O:O,'Week 1'!F41,'ยอดจริง Week 1'!R:R) -> 0 | AN41: =SUMIF('ยอดจริง Week 1'!O:O,'Week 1'!F41,'ยอดจริง Week 1'!S:S) -> 0 | AO41: =AH41-AL41 -> 0 | AP41: =AI41-AM41 -> 0 | AQ41: =AJ41-AN41 -> 0 | AS41: 0 | AU41: =SUM(AR41:AT41) -> 0 | AV41: =SUMIF('ยอดจริง Week 1'!V:V,'Week 1'!F41,'ยอดจริง Week 1'!X:X) -> 0 | AW41: =SUMIF('ยอดจริง Week 1'!V:V,'Week 1'!F41,'ยอดจริง Week 1'!Y:Y) -> 0 | AX41: =SUMIF('ยอดจริง Week 1'!V:V,'Week 1'!F41,'ยอดจริง Week 1'!Z:Z) -> 0 | AY41: =AR41-AV41 -> 0 | AZ41: =AS41-AW41 -> 0 | BA41: =AT41-AX41 -> 0 | BC41: 0 | BE41: =SUM(BB41:BD41) -> 0 | BF41: =SUMIF('ยอดจริง Week 1'!AC:AC,'Week 1'!F41,'ยอดจริง Week 1'!AE:AE) -> 0 | BG41: =SUMIF('ยอดจริง Week 1'!AC:AC,'Week 1'!F41,'ยอดจริง Week 1'!AF:AF) -> 0 | BH41: =SUMIF('ยอดจริง Week 1'!AC:AC,'Week 1'!F41,'ยอดจริง Week 1'!AG:AG) -> 0 | BI41: =BB41-BF41 -> 0 | BJ41: =BC41-BG41 -> 0 | BK41: =BD41-BH41 -> 0 | BM41: 0 | BO41: =SUM(BL41:BN41) -> 0 | BP41: =SUMIF('ยอดจริง Week 1'!AJ:AJ,'Week 1'!F41,'ยอดจริง Week 1'!AL:AL) -> 0 | BQ41: =SUMIF('ยอดจริง Week 1'!AJ:AJ,'Week 1'!F41,'ยอดจริง Week 1'!AM:AM) -> 0 | BR41: =SUMIF('ยอดจริง Week 1'!AJ:AJ,'Week 1'!F41,'ยอดจริง Week 1'!AN:AN) -> 0 | BS41: =BL41-BP41 -> 0 | BT41: =BM41-BQ41 -> 0 | BU41: =BN41-BR41 -> 0 | BW41: 0 | BY41: =SUM(BV41:BX41) -> 0 | BZ41: =SUMIF('ยอดจริง Week 1'!AQ:AQ,'Week 1'!F41,'ยอดจริง Week 1'!AS:AS) -> 0 | CA41: =SUMIF('ยอดจริง Week 1'!AQ:AQ,'Week 1'!F41,'ยอดจริง Week 1'!AT:AT) -> 0 | CB41: =SUMIF('ยอดจริง Week 1'!AQ:AQ,'Week 1'!F41,'ยอดจริง Week 1'!AU:AU) -> 0 | CC41: =BV41-BZ41 -> 0 | CD41: =BW41-CA41 -> 0 | CE41: =BX41-CB41 -> 0
A42: =A41+1 -> 38 | F42: 1111032 | G42: ชิฟฟ่อนเค้กสอดไส้ครีมมะพร้าว ส้มล้วน (8 ชิ้น) | K42: =SUM(N42,X42,AH42,AR42,BB42,BL42,BV42) -> 0 | L42: =SUM(O42,Y42,AI42,AS42,BC42,BM42,BW42) -> 0 | O42: 0 | Q42: =SUM(N42:P42) -> 0 | R42: =SUMIF('ยอดจริง Week 1'!A:A,'Week 1'!F42,'ยอดจริง Week 1'!C:C) -> 0 | S42: =SUMIF('ยอดจริง Week 1'!A:A,'Week 1'!F42,'ยอดจริง Week 1'!D:D) -> 0 | T42: =SUMIF('ยอดจริง Week 1'!A:A,'Week 1'!F42,'ยอดจริง Week 1'!E:E) -> 0 | U42: =N42-R42 -> 0 | V42: =O42-S42 -> 0 | W42: =P42-T42 -> 0 | Y42: 0 | AA42: =SUM(X42:Z42) -> 0 | AB42: =SUMIF('ยอดจริง Week 1'!H:H,'Week 1'!F42,'ยอดจริง Week 1'!J:J) -> 0 | AC42: =SUMIF('ยอดจริง Week 1'!H:H,'Week 1'!F42,'ยอดจริง Week 1'!K:K) -> 0 | AD42: =SUMIF('ยอดจริง Week 1'!H:H,'Week 1'!F42,'ยอดจริง Week 1'!L:L) -> 0 | AE42: =X42-AB42 -> 0 | AF42: =Y42-AC42 -> 0 | AG42: =Z42-AD42 -> 0 | AI42: 0 | AK42: =SUM(AH42:AJ42) -> 0 | AL42: =SUMIF('ยอดจริง Week 1'!O:O,'Week 1'!F42,'ยอดจริง Week 1'!Q:Q) -> 0 | AM42: =SUMIF('ยอดจริง Week 1'!O:O,'Week 1'!F42,'ยอดจริง Week 1'!R:R) -> 0 | AN42: =SUMIF('ยอดจริง Week 1'!O:O,'Week 1'!F42,'ยอดจริง Week 1'!S:S) -> 0 | AO42: =AH42-AL42 -> 0 | AP42: =AI42-AM42 -> 0 | AQ42: =AJ42-AN42 -> 0 | AS42: 0 | AU42: =SUM(AR42:AT42) -> 0 | AV42: =SUMIF('ยอดจริง Week 1'!V:V,'Week 1'!F42,'ยอดจริง Week 1'!X:X) -> 0 | AW42: =SUMIF('ยอดจริง Week 1'!V:V,'Week 1'!F42,'ยอดจริง Week 1'!Y:Y) -> 0 | AX42: =SUMIF('ยอดจริง Week 1'!V:V,'Week 1'!F42,'ยอดจริง Week 1'!Z:Z) -> 0 | AY42: =AR42-AV42 -> 0 | AZ42: =AS42-AW42 -> 0 | BA42: =AT42-AX42 -> 0 | BC42: 0 | BE42: =SUM(BB42:BD42) -> 0 | BF42: =SUMIF('ยอดจริง Week 1'!AC:AC,'Week 1'!F42,'ยอดจริง Week 1'!AE:AE) -> 0 | BG42: =SUMIF('ยอดจริง Week 1'!AC:AC,'Week 1'!F42,'ยอดจริง Week 1'!AF:AF) -> 0 | BH42: =SUMIF('ยอดจริง Week 1'!AC:AC,'Week 1'!F42,'ยอดจริง Week 1'!AG:AG) -> 0 | BI42: =BB42-BF42 -> 0 | BJ42: =BC42-BG42 -> 0 | BK42: =BD42-BH42 -> 0 | BM42: 0 | BO42: =SUM(BL42:BN42) -> 0 | BP42: =SUMIF('ยอดจริง Week 1'!AJ:AJ,'Week 1'!F42,'ยอดจริง Week 1'!AL:AL) -> 0 | BQ42: =SUMIF('ยอดจริง Week 1'!AJ:AJ,'Week 1'!F42,'ยอดจริง Week 1'!AM:AM) -> 0 | BR42: =SUMIF('ยอดจริง Week 1'!AJ:AJ,'Week 1'!F42,'ยอดจริง Week 1'!AN:AN) -> 0 | BS42: =BL42-BP42 -> 0 | BT42: =BM42-BQ42 -> 0 | BU42: =BN42-BR42 -> 0 | BW42: 0 | BY42: =SUM(BV42:BX42) -> 0 | BZ42: =SUMIF('ยอดจริง Week 1'!AQ:AQ,'Week 1'!F42,'ยอดจริง Week 1'!AS:AS) -> 0 | CA42: =SUMIF('ยอดจริง Week 1'!AQ:AQ,'Week 1'!F42,'ยอดจริง Week 1'!AT:AT) -> 0 | CB42: =SUMIF('ยอดจริง Week 1'!AQ:AQ,'Week 1'!F42,'ยอดจริง Week 1'!AU:AU) -> 0 | CC42: =BV42-BZ42 -> 0 | CD42: =BW42-CA42 -> 0 | CE42: =BX42-CB42 -> 0
A43: =A42+1 -> 39 | F43: 20040386 | G43: Wanwanach_ชิฟฟ่อนเค้กสอดไส้มะพร้านมสด 105 g | H43: CJ | K43: =SUM(N43,X43,AH43,AR43,BB43,BL43,BV43) -> 0 | L43: =SUM(O43,Y43,AI43,AS43,BC43,BM43,BW43) -> 0 | O43: 0 | Q43: =SUM(N43:P43) -> 0 | R43: =SUMIF('ยอดจริง Week 1'!A:A,'Week 1'!F43,'ยอดจริง Week 1'!C:C) -> 0 | S43: =SUMIF('ยอดจริง Week 1'!A:A,'Week 1'!F43,'ยอดจริง Week 1'!D:D) -> 0 | T43: =SUMIF('ยอดจริง Week 1'!A:A,'Week 1'!F43,'ยอดจริง Week 1'!E:E) -> 0 | U43: =N43-R43 -> 0 | V43: =O43-S43 -> 0 | W43: =P43-T43 -> 0 | Y43: 0 | AA43: =SUM(X43:Z43) -> 0 | AB43: =SUMIF('ยอดจริง Week 1'!H:H,'Week 1'!F43,'ยอดจริง Week 1'!J:J) -> 0 | AC43: =SUMIF('ยอดจริง Week 1'!H:H,'Week 1'!F43,'ยอดจริง Week 1'!K:K) -> 0 | AD43: =SUMIF('ยอดจริง Week 1'!H:H,'Week 1'!F43,'ยอดจริง Week 1'!L:L) -> 0 | AE43: =X43-AB43 -> 0 | AF43: =Y43-AC43 -> 0 | AG43: =Z43-AD43 -> 0 | AI43: 0 | AK43: =SUM(AH43:AJ43) -> 0 | AL43: =SUMIF('ยอดจริง Week 1'!O:O,'Week 1'!F43,'ยอดจริง Week 1'!Q:Q) -> 0 | AM43: =SUMIF('ยอดจริง Week 1'!O:O,'Week 1'!F43,'ยอดจริง Week 1'!R:R) -> 0 | AN43: =SUMIF('ยอดจริง Week 1'!O:O,'Week 1'!F43,'ยอดจริง Week 1'!S:S) -> 0 | AO43: =AH43-AL43 -> 0 | AP43: =AI43-AM43 -> 0 | AQ43: =AJ43-AN43 -> 0 | AS43: 0 | AU43: =SUM(AR43:AT43) -> 0 | AV43: =SUMIF('ยอดจริง Week 1'!V:V,'Week 1'!F43,'ยอดจริง Week 1'!X:X) -> 0 | AW43: =SUMIF('ยอดจริง Week 1'!V:V,'Week 1'!F43,'ยอดจริง Week 1'!Y:Y) -> 0 | AX43: =SUMIF('ยอดจริง Week 1'!V:V,'Week 1'!F43,'ยอดจริง Week 1'!Z:Z) -> 0 | AY43: =AR43-AV43 -> 0 | AZ43: =AS43-AW43 -> 0 | BA43: =AT43-AX43 -> 0 | BC43: 0 | BE43: =SUM(BB43:BD43) -> 0 | BF43: =SUMIF('ยอดจริง Week 1'!AC:AC,'Week 1'!F43,'ยอดจริง Week 1'!AE:AE) -> 0 | BG43: =SUMIF('ยอดจริง Week 1'!AC:AC,'Week 1'!F43,'ยอดจริง Week 1'!AF:AF) -> 0 | BH43: =SUMIF('ยอดจริง Week 1'!AC:AC,'Week 1'!F43,'ยอดจริง Week 1'!AG:AG) -> 0 | BI43: =BB43-BF43 -> 0 | BJ43: =BC43-BG43 -> 0 | BK43: =BD43-BH43 -> 0 | BM43: 0 | BO43: =SUM(BL43:BN43) -> 0 | BP43: =SUMIF('ยอดจริง Week 1'!AJ:AJ,'Week 1'!F43,'ยอดจริง Week 1'!AL:AL) -> 0 | BQ43: =SUMIF('ยอดจริง Week 1'!AJ:AJ,'Week 1'!F43,'ยอดจริง Week 1'!AM:AM) -> 0 | BR43: =SUMIF('ยอดจริง Week 1'!AJ:AJ,'Week 1'!F43,'ยอดจริง Week 1'!AN:AN) -> 0 | BS43: =BL43-BP43 -> 0 | BT43: =BM43-BQ43 -> 0 | BU43: =BN43-BR43 -> 0 | BW43: 0 | BY43: =SUM(BV43:BX43) -> 0 | BZ43: =SUMIF('ยอดจริง Week 1'!AQ:AQ,'Week 1'!F43,'ยอดจริง Week 1'!AS:AS) -> 0 | CA43: =SUMIF('ยอดจริง Week 1'!AQ:AQ,'Week 1'!F43,'ยอดจริง Week 1'!AT:AT) -> 0 | CB43: =SUMIF('ยอดจริง Week 1'!AQ:AQ,'Week 1'!F43,'ยอดจริง Week 1'!AU:AU) -> 0 | CC43: =BV43-BZ43 -> 0 | CD43: =BW43-CA43 -> 0 | CE43: =BX43-CB43 -> 0
A44: =A43+1 -> 40 | F44: 1111109 | G44: ชิฟฟ่อนเค้กสอดไส้ครีมมะพร้าวล้วน (5ชิ้น) | K44: =SUM(N44,X44,AH44,AR44,BB44,BL44,BV44) -> 0 | L44: =SUM(O44,Y44,AI44,AS44,BC44,BM44,BW44) -> 0 | O44: 0 | Q44: =SUM(N44:P44) -> 0 | R44: =SUMIF('ยอดจริง Week 1'!A:A,'Week 1'!F44,'ยอดจริง Week 1'!C:C) -> 0 | S44: =SUMIF('ยอดจริง Week 1'!A:A,'Week 1'!F44,'ยอดจริง Week 1'!D:D) -> 0 | T44: =SUMIF('ยอดจริง Week 1'!A:A,'Week 1'!F44,'ยอดจริง Week 1'!E:E) -> 0 | U44: =N44-R44 -> 0 | V44: =O44-S44 -> 0 | W44: =P44-T44 -> 0 | Y44: 0 | AA44: =SUM(X44:Z44) -> 0 | AB44: =SUMIF('ยอดจริง Week 1'!H:H,'Week 1'!F44,'ยอดจริง Week 1'!J:J) -> 0 | AC44: =SUMIF('ยอดจริง Week 1'!H:H,'Week 1'!F44,'ยอดจริง Week 1'!K:K) -> 0 | AD44: =SUMIF('ยอดจริง Week 1'!H:H,'Week 1'!F44,'ยอดจริง Week 1'!L:L) -> 0 | AE44: =X44-AB44 -> 0 | AF44: =Y44-AC44 -> 0 | AG44: =Z44-AD44 -> 0 | AI44: 0 | AK44: =SUM(AH44:AJ44) -> 0 | AL44: =SUMIF('ยอดจริง Week 1'!O:O,'Week 1'!F44,'ยอดจริง Week 1'!Q:Q) -> 0 | AM44: =SUMIF('ยอดจริง Week 1'!O:O,'Week 1'!F44,'ยอดจริง Week 1'!R:R) -> 0 | AN44: =SUMIF('ยอดจริง Week 1'!O:O,'Week 1'!F44,'ยอดจริง Week 1'!S:S) -> 0 | AO44: =AH44-AL44 -> 0 | AP44: =AI44-AM44 -> 0 | AQ44: =AJ44-AN44 -> 0 | AS44: 0 | AU44: =SUM(AR44:AT44) -> 0 | AV44: =SUMIF('ยอดจริง Week 1'!V:V,'Week 1'!F44,'ยอดจริง Week 1'!X:X) -> 0 | AW44: =SUMIF('ยอดจริง Week 1'!V:V,'Week 1'!F44,'ยอดจริง Week 1'!Y:Y) -> 0 | AX44: =SUMIF('ยอดจริง Week 1'!V:V,'Week 1'!F44,'ยอดจริง Week 1'!Z:Z) -> 0 | AY44: =AR44-AV44 -> 0 | AZ44: =AS44-AW44 -> 0 | BA44: =AT44-AX44 -> 0 | BC44: 0 | BE44: =SUM(BB44:BD44) -> 0 | BF44: =SUMIF('ยอดจริง Week 1'!AC:AC,'Week 1'!F44,'ยอดจริง Week 1'!AE:AE) -> 0 | BG44: =SUMIF('ยอดจริง Week 1'!AC:AC,'Week 1'!F44,'ยอดจริง Week 1'!AF:AF) -> 0 | BH44: =SUMIF('ยอดจริง Week 1'!AC:AC,'Week 1'!F44,'ยอดจริง Week 1'!AG:AG) -> 0 | BI44: =BB44-BF44 -> 0 | BJ44: =BC44-BG44 -> 0 | BK44: =BD44-BH44 -> 0 | BM44: 0 | BO44: =SUM(BL44:BN44) -> 0 | BP44: =SUMIF('ยอดจริง Week 1'!AJ:AJ,'Week 1'!F44,'ยอดจริง Week 1'!AL:AL) -> 0 | BQ44: =SUMIF('ยอดจริง Week 1'!AJ:AJ,'Week 1'!F44,'ยอดจริง Week 1'!AM:AM) -> 0 | BR44: =SUMIF('ยอดจริง Week 1'!AJ:AJ,'Week 1'!F44,'ยอดจริง Week 1'!AN:AN) -> 0 | BS44: =BL44-BP44 -> 0 | BT44: =BM44-BQ44 -> 0 | BU44: =BN44-BR44 -> 0 | BW44: 0 | BY44: =SUM(BV44:BX44) -> 0 | BZ44: =SUMIF('ยอดจริง Week 1'!AQ:AQ,'Week 1'!F44,'ยอดจริง Week 1'!AS:AS) -> 0 | CA44: =SUMIF('ยอดจริง Week 1'!AQ:AQ,'Week 1'!F44,'ยอดจริง Week 1'!AT:AT) -> 0 | CB44: =SUMIF('ยอดจริง Week 1'!AQ:AQ,'Week 1'!F44,'ยอดจริง Week 1'!AU:AU) -> 0 | CC44: =BV44-BZ44 -> 0 | CD44: =BW44-CA44 -> 0 | CE44: =BX44-CB44 -> 0
A45: =A44+1 -> 41 | F45: 1111110 | G45: ชิฟฟ่อนเค้กสอดไส้ครีมมะพร้าวล้วน (4 ชิ้น) | K45: =SUM(N45,X45,AH45,AR45,BB45,BL45,BV45) -> 0 | L45: =SUM(O45,Y45,AI45,AS45,BC45,BM45,BW45) -> 0 | O45: 0 | Q45: =SUM(N45:P45) -> 0 | R45: =SUMIF('ยอดจริง Week 1'!A:A,'Week 1'!F45,'ยอดจริง Week 1'!C:C) -> 0 | S45: =SUMIF('ยอดจริง Week 1'!A:A,'Week 1'!F45,'ยอดจริง Week 1'!D:D) -> 0 | T45: =SUMIF('ยอดจริง Week 1'!A:A,'Week 1'!F45,'ยอดจริง Week 1'!E:E) -> 0 | U45: =N45-R45 -> 0 | V45: =O45-S45 -> 0 | W45: =P45-T45 -> 0 | Y45: 0 | AA45: =SUM(X45:Z45) -> 0 | AB45: =SUMIF('ยอดจริง Week 1'!H:H,'Week 1'!F45,'ยอดจริง Week 1'!J:J) -> 0 | AC45: =SUMIF('ยอดจริง Week 1'!H:H,'Week 1'!F45,'ยอดจริง Week 1'!K:K) -> 0 | AD45: =SUMIF('ยอดจริง Week 1'!H:H,'Week 1'!F45,'ยอดจริง Week 1'!L:L) -> 0 | AE45: =X45-AB45 -> 0 | AF45: =Y45-AC45 -> 0 | AG45: =Z45-AD45 -> 0 | AI45: 0 | AK45: =SUM(AH45:AJ45) -> 0 | AL45: =SUMIF('ยอดจริง Week 1'!O:O,'Week 1'!F45,'ยอดจริง Week 1'!Q:Q) -> 0 | AM45: =SUMIF('ยอดจริง Week 1'!O:O,'Week 1'!F45,'ยอดจริง Week 1'!R:R) -> 0 | AN45: =SUMIF('ยอดจริง Week 1'!O:O,'Week 1'!F45,'ยอดจริง Week 1'!S:S) -> 0 | AO45: =AH45-AL45 -> 0 | AP45: =AI45-AM45 -> 0 | AQ45: =AJ45-AN45 -> 0 | AS45: 0 | AU45: =SUM(AR45:AT45) -> 0 | AV45: =SUMIF('ยอดจริง Week 1'!V:V,'Week 1'!F45,'ยอดจริง Week 1'!X:X) -> 0 | AW45: =SUMIF('ยอดจริง Week 1'!V:V,'Week 1'!F45,'ยอดจริง Week 1'!Y:Y) -> 0 | AX45: =SUMIF('ยอดจริง Week 1'!V:V,'Week 1'!F45,'ยอดจริง Week 1'!Z:Z) -> 0 | AY45: =AR45-AV45 -> 0 | AZ45: =AS45-AW45 -> 0 | BA45: =AT45-AX45 -> 0 | BC45: 0 | BE45: =SUM(BB45:BD45) -> 0 | BF45: =SUMIF('ยอดจริง Week 1'!AC:AC,'Week 1'!F45,'ยอดจริง Week 1'!AE:AE) -> 0 | BG45: =SUMIF('ยอดจริง Week 1'!AC:AC,'Week 1'!F45,'ยอดจริง Week 1'!AF:AF) -> 0 | BH45: =SUMIF('ยอดจริง Week 1'!AC:AC,'Week 1'!F45,'ยอดจริง Week 1'!AG:AG) -> 0 | BI45: =BB45-BF45 -> 0 | BJ45: =BC45-BG45 -> 0 | BK45: =BD45-BH45 -> 0 | BM45: 0 | BO45: =SUM(BL45:BN45) -> 0 | BP45: =SUMIF('ยอดจริง Week 1'!AJ:AJ,'Week 1'!F45,'ยอดจริง Week 1'!AL:AL) -> 0 | BQ45: =SUMIF('ยอดจริง Week 1'!AJ:AJ,'Week 1'!F45,'ยอดจริง Week 1'!AM:AM) -> 0 | BR45: =SUMIF('ยอดจริง Week 1'!AJ:AJ,'Week 1'!F45,'ยอดจริง Week 1'!AN:AN) -> 0 | BS45: =BL45-BP45 -> 0 | BT45: =BM45-BQ45 -> 0 | BU45: =BN45-BR45 -> 0 | BW45: 0 | BY45: =SUM(BV45:BX45) -> 0 | BZ45: =SUMIF('ยอดจริง Week 1'!AQ:AQ,'Week 1'!F45,'ยอดจริง Week 1'!AS:AS) -> 0 | CA45: =SUMIF('ยอดจริง Week 1'!AQ:AQ,'Week 1'!F45,'ยอดจริง Week 1'!AT:AT) -> 0 | CB45: =SUMIF('ยอดจริง Week 1'!AQ:AQ,'Week 1'!F45,'ยอดจริง Week 1'!AU:AU) -> 0 | CC45: =BV45-BZ45 -> 0 | CD45: =BW45-CA45 -> 0 | CE45: =BX45-CB45 -> 0
A46: =A45+1 -> 42 | F46: 1111010 | G46: ชิฟฟ่อนเค้กสอดไส้แยม (1 ชิ้น) | K46: =SUM(N46,X46,AH46,AR46,BB46,BL46,BV46) -> 0 | L46: =SUM(O46,Y46,AI46,AS46,BC46,BM46,BW46) -> 0 | O46: 0 | Q46: =SUM(N46:P46) -> 0 | R46: =SUMIF('ยอดจริง Week 1'!A:A,'Week 1'!F46,'ยอดจริง Week 1'!C:C) -> 0 | S46: =SUMIF('ยอดจริง Week 1'!A:A,'Week 1'!F46,'ยอดจริง Week 1'!D:D) -> 0 | T46: =SUMIF('ยอดจริง Week 1'!A:A,'Week 1'!F46,'ยอดจริง Week 1'!E:E) -> 0 | U46: =N46-R46 -> 0 | V46: =O46-S46 -> 0 | W46: =P46-T46 -> 0 | Y46: 0 | AA46: =SUM(X46:Z46) -> 0 | AB46: =SUMIF('ยอดจริง Week 1'!H:H,'Week 1'!F46,'ยอดจริง Week 1'!J:J) -> 0 | AC46: =SUMIF('ยอดจริง Week 1'!H:H,'Week 1'!F46,'ยอดจริง Week 1'!K:K) -> 0 | AD46: =SUMIF('ยอดจริง Week 1'!H:H,'Week 1'!F46,'ยอดจริง Week 1'!L:L) -> 0 | AE46: =X46-AB46 -> 0 | AF46: =Y46-AC46 -> 0 | AG46: =Z46-AD46 -> 0 | AI46: 0 | AK46: =SUM(AH46:AJ46) -> 0 | AL46: =SUMIF('ยอดจริง Week 1'!O:O,'Week 1'!F46,'ยอดจริง Week 1'!Q:Q) -> 0 | AM46: =SUMIF('ยอดจริง Week 1'!O:O,'Week 1'!F46,'ยอดจริง Week 1'!R:R) -> 0 | AN46: =SUMIF('ยอดจริง Week 1'!O:O,'Week 1'!F46,'ยอดจริง Week 1'!S:S) -> 0 | AO46: =AH46-AL46 -> 0 | AP46: =AI46-AM46 -> 0 | AQ46: =AJ46-AN46 -> 0 | AS46: 0 | AU46: =SUM(AR46:AT46) -> 0 | AV46: =SUMIF('ยอดจริง Week 1'!V:V,'Week 1'!F46,'ยอดจริง Week 1'!X:X) -> 0 | AW46: =SUMIF('ยอดจริง Week 1'!V:V,'Week 1'!F46,'ยอดจริง Week 1'!Y:Y) -> 0 | AX46: =SUMIF('ยอดจริง Week 1'!V:V,'Week 1'!F46,'ยอดจริง Week 1'!Z:Z) -> 0 | AY46: =AR46-AV46 -> 0 | AZ46: =AS46-AW46 -> 0 | BA46: =AT46-AX46 -> 0 | BC46: 0 | BE46: =SUM(BB46:BD46) -> 0 | BF46: =SUMIF('ยอดจริง Week 1'!AC:AC,'Week 1'!F46,'ยอดจริง Week 1'!AE:AE) -> 0 | BG46: =SUMIF('ยอดจริง Week 1'!AC:AC,'Week 1'!F46,'ยอดจริง Week 1'!AF:AF) -> 0 | BH46: =SUMIF('ยอดจริง Week 1'!AC:AC,'Week 1'!F46,'ยอดจริง Week 1'!AG:AG) -> 0 | BI46: =BB46-BF46 -> 0 | BJ46: =BC46-BG46 -> 0 | BK46: =BD46-BH46 -> 0 | BM46: 0 | BO46: =SUM(BL46:BN46) -> 0 | BP46: =SUMIF('ยอดจริง Week 1'!AJ:AJ,'Week 1'!F46,'ยอดจริง Week 1'!AL:AL) -> 0 | BQ46: =SUMIF('ยอดจริง Week 1'!AJ:AJ,'Week 1'!F46,'ยอดจริง Week 1'!AM:AM) -> 0 | BR46: =SUMIF('ยอดจริง Week 1'!AJ:AJ,'Week 1'!F46,'ยอดจริง Week 1'!AN:AN) -> 0 | BS46: =BL46-BP46 -> 0 | BT46: =BM46-BQ46 -> 0 | BU46: =BN46-BR46 -> 0 | BW46: 0 | BY46: =SUM(BV46:BX46) -> 0 | BZ46: =SUMIF('ยอดจริง Week 1'!AQ:AQ,'Week 1'!F46,'ยอดจริง Week 1'!AS:AS) -> 0 | CA46: =SUMIF('ยอดจริง Week 1'!AQ:AQ,'Week 1'!F46,'ยอดจริง Week 1'!AT:AT) -> 0 | CB46: =SUMIF('ยอดจริง Week 1'!AQ:AQ,'Week 1'!F46,'ยอดจริง Week 1'!AU:AU) -> 0 | CC46: =BV46-BZ46 -> 0 | CD46: =BW46-CA46 -> 0 | CE46: =BX46-CB46 -> 0
A47: =A46+1 -> 43 | F47: 1111008 | G47: ชิฟฟ่อนเค้ก สอดไส้ (รวมรส 3 ชิ้น) | K47: =SUM(N47,X47,AH47,AR47,BB47,BL47,BV47) -> 0 | L47: =SUM(O47,Y47,AI47,AS47,BC47,BM47,BW47) -> 5 | O47: 0 | Q47: =SUM(N47:P47) -> 0 | R47: =SUMIF('ยอดจริง Week 1'!A:A,'Week 1'!F47,'ยอดจริง Week 1'!C:C) -> 0 | S47: =SUMIF('ยอดจริง Week 1'!A:A,'Week 1'!F47,'ยอดจริง Week 1'!D:D) -> 0 | T47: =SUMIF('ยอดจริง Week 1'!A:A,'Week 1'!F47,'ยอดจริง Week 1'!E:E) -> 0 | U47: =N47-R47 -> 0 | V47: =O47-S47 -> 0 | W47: =P47-T47 -> 0 | Y47: 5 | AA47: =SUM(X47:Z47) -> 5 | AB47: =SUMIF('ยอดจริง Week 1'!H:H,'Week 1'!F47,'ยอดจริง Week 1'!J:J) -> 0 | AC47: =SUMIF('ยอดจริง Week 1'!H:H,'Week 1'!F47,'ยอดจริง Week 1'!K:K) -> 0 | AD47: =SUMIF('ยอดจริง Week 1'!H:H,'Week 1'!F47,'ยอดจริง Week 1'!L:L) -> 0 | AE47: =X47-AB47 -> 0 | AF47: =Y47-AC47 -> 5 | AG47: =Z47-AD47 -> 0 | AI47: 0 | AK47: =SUM(AH47:AJ47) -> 0 | AL47: =SUMIF('ยอดจริง Week 1'!O:O,'Week 1'!F47,'ยอดจริง Week 1'!Q:Q) -> 0 | AM47: =SUMIF('ยอดจริง Week 1'!O:O,'Week 1'!F47,'ยอดจริง Week 1'!R:R) -> 0 | AN47: =SUMIF('ยอดจริง Week 1'!O:O,'Week 1'!F47,'ยอดจริง Week 1'!S:S) -> 0 | AO47: =AH47-AL47 -> 0 | AP47: =AI47-AM47 -> 0 | AQ47: =AJ47-AN47 -> 0 | AS47: 0 | AU47: =SUM(AR47:AT47) -> 0 | AV47: =SUMIF('ยอดจริง Week 1'!V:V,'Week 1'!F47,'ยอดจริง Week 1'!X:X) -> 0 | AW47: =SUMIF('ยอดจริง Week 1'!V:V,'Week 1'!F47,'ยอดจริง Week 1'!Y:Y) -> 0 | AX47: =SUMIF('ยอดจริง Week 1'!V:V,'Week 1'!F47,'ยอดจริง Week 1'!Z:Z) -> 0 | AY47: =AR47-AV47 -> 0 | AZ47: =AS47-AW47 -> 0 | BA47: =AT47-AX47 -> 0 | BC47: 0 | BE47: =SUM(BB47:BD47) -> 0 | BF47: =SUMIF('ยอดจริง Week 1'!AC:AC,'Week 1'!F47,'ยอดจริง Week 1'!AE:AE) -> 0 | BG47: =SUMIF('ยอดจริง Week 1'!AC:AC,'Week 1'!F47,'ยอดจริง Week 1'!AF:AF) -> 0 | BH47: =SUMIF('ยอดจริง Week 1'!AC:AC,'Week 1'!F47,'ยอดจริง Week 1'!AG:AG) -> 0 | BI47: =BB47-BF47 -> 0 | BJ47: =BC47-BG47 -> 0 | BK47: =BD47-BH47 -> 0 | BM47: 0 | BO47: =SUM(BL47:BN47) -> 0 | BP47: =SUMIF('ยอดจริง Week 1'!AJ:AJ,'Week 1'!F47,'ยอดจริง Week 1'!AL:AL) -> 0 | BQ47: =SUMIF('ยอดจริง Week 1'!AJ:AJ,'Week 1'!F47,'ยอดจริง Week 1'!AM:AM) -> 0 | BR47: =SUMIF('ยอดจริง Week 1'!AJ:AJ,'Week 1'!F47,'ยอดจริง Week 1'!AN:AN) -> 0 | BS47: =BL47-BP47 -> 0 | BT47: =BM47-BQ47 -> 0 | BU47: =BN47-BR47 -> 0 | BW47: 0 | BY47: =SUM(BV47:BX47) -> 0 | BZ47: =SUMIF('ยอดจริง Week 1'!AQ:AQ,'Week 1'!F47,'ยอดจริง Week 1'!AS:AS) -> 0 | CA47: =SUMIF('ยอดจริง Week 1'!AQ:AQ,'Week 1'!F47,'ยอดจริง Week 1'!AT:AT) -> 0 | CB47: =SUMIF('ยอดจริง Week 1'!AQ:AQ,'Week 1'!F47,'ยอดจริง Week 1'!AU:AU) -> 0 | CC47: =BV47-BZ47 -> 0 | CD47: =BW47-CA47 -> 0 | CE47: =BX47-CB47 -> 0
A48: =A47+1 -> 44 | F48: 1111009 | G48: ชิฟฟ่อนเค้ก สอดไส้ (รวมรส 6 ชิ้น) | K48: =SUM(N48,X48,AH48,AR48,BB48,BL48,BV48) -> 0 | L48: =SUM(O48,Y48,AI48,AS48,BC48,BM48,BW48) -> 60 | O48: 0 | Q48: =SUM(N48:P48) -> 0 | R48: =SUMIF('ยอดจริง Week 1'!A:A,'Week 1'!F48,'ยอดจริง Week 1'!C:C) -> 0 | S48: =SUMIF('ยอดจริง Week 1'!A:A,'Week 1'!F48,'ยอดจริง Week 1'!D:D) -> 0 | T48: =SUMIF('ยอดจริง Week 1'!A:A,'Week 1'!F48,'ยอดจริง Week 1'!E:E) -> 0 | U48: =N48-R48 -> 0 | V48: =O48-S48 -> 0 | W48: =P48-T48 -> 0 | Y48: 20 | AA48: =SUM(X48:Z48) -> 20 | AB48: =SUMIF('ยอดจริง Week 1'!H:H,'Week 1'!F48,'ยอดจริง Week 1'!J:J) -> 0 | AC48: =SUMIF('ยอดจริง Week 1'!H:H,'Week 1'!F48,'ยอดจริง Week 1'!K:K) -> 0 | AD48: =SUMIF('ยอดจริง Week 1'!H:H,'Week 1'!F48,'ยอดจริง Week 1'!L:L) -> 0 | AE48: =X48-AB48 -> 0 | AF48: =Y48-AC48 -> 20 | AG48: =Z48-AD48 -> 0 | AI48: 0 | AK48: =SUM(AH48:AJ48) -> 0 | AL48: =SUMIF('ยอดจริง Week 1'!O:O,'Week 1'!F48,'ยอดจริง Week 1'!Q:Q) -> 0 | AM48: =SUMIF('ยอดจริง Week 1'!O:O,'Week 1'!F48,'ยอดจริง Week 1'!R:R) -> 0 | AN48: =SUMIF('ยอดจริง Week 1'!O:O,'Week 1'!F48,'ยอดจริง Week 1'!S:S) -> 0 | AO48: =AH48-AL48 -> 0 | AP48: =AI48-AM48 -> 0 | AQ48: =AJ48-AN48 -> 0 | AS48: 20 | AU48: =SUM(AR48:AT48) -> 20 | AV48: =SUMIF('ยอดจริง Week 1'!V:V,'Week 1'!F48,'ยอดจริง Week 1'!X:X) -> 0 | AW48: =SUMIF('ยอดจริง Week 1'!V:V,'Week 1'!F48,'ยอดจริง Week 1'!Y:Y) -> 0 | AX48: =SUMIF('ยอดจริง Week 1'!V:V,'Week 1'!F48,'ยอดจริง Week 1'!Z:Z) -> 0 | AY48: =AR48-AV48 -> 0 | AZ48: =AS48-AW48 -> 20 | BA48: =AT48-AX48 -> 0 | BC48: 0 | BE48: =SUM(BB48:BD48) -> 0 | BF48: =SUMIF('ยอดจริง Week 1'!AC:AC,'Week 1'!F48,'ยอดจริง Week 1'!AE:AE) -> 0 | BG48: =SUMIF('ยอดจริง Week 1'!AC:AC,'Week 1'!F48,'ยอดจริง Week 1'!AF:AF) -> 0 | BH48: =SUMIF('ยอดจริง Week 1'!AC:AC,'Week 1'!F48,'ยอดจริง Week 1'!AG:AG) -> 0 | BI48: =BB48-BF48 -> 0 | BJ48: =BC48-BG48 -> 0 | BK48: =BD48-BH48 -> 0 | BM48: 20 | BO48: =SUM(BL48:BN48) -> 20 | BP48: =SUMIF('ยอดจริง Week 1'!AJ:AJ,'Week 1'!F48,'ยอดจริง Week 1'!AL:AL) -> 0 | BQ48: =SUMIF('ยอดจริง Week 1'!AJ:AJ,'Week 1'!F48,'ยอดจริง Week 1'!AM:AM) -> 0 | BR48: =SUMIF('ยอดจริง Week 1'!AJ:AJ,'Week 1'!F48,'ยอดจริง Week 1'!AN:AN) -> 0 | BS48: =BL48-BP48 -> 0 | BT48: =BM48-BQ48 -> 20 | BU48: =BN48-BR48 -> 0 | BW48: 0 | BY48: =SUM(BV48:BX48) -> 0 | BZ48: =SUMIF('ยอดจริง Week 1'!AQ:AQ,'Week 1'!F48,'ยอดจริง Week 1'!AS:AS) -> 0 | CA48: =SUMIF('ยอดจริง Week 1'!AQ:AQ,'Week 1'!F48,'ยอดจริง Week 1'!AT:AT) -> 0 | CB48: =SUMIF('ยอดจริง Week 1'!AQ:AQ,'Week 1'!F48,'ยอดจริง Week 1'!AU:AU) -> 0 | CC48: =BV48-BZ48 -> 0 | CD48: =BW48-CA48 -> 0 | CE48: =BX48-CB48 -> 0
A49: =A48+1 -> 45 | F49: 1111012 | G49: ชิฟฟ่อนเค้กสอดไส้ นมชมพูฮอกไกโด (6 ชิ้น) | K49: =SUM(N49,X49,AH49,AR49,BB49,BL49,BV49) -> 0 | L49: =SUM(O49,Y49,AI49,AS49,BC49,BM49,BW49) -> 0 | O49: 0 | Q49: =SUM(N49:P49) -> 0 | R49: =SUMIF('ยอดจริง Week 1'!A:A,'Week 1'!F49,'ยอดจริง Week 1'!C:C) -> 0 | S49: =SUMIF('ยอดจริง Week 1'!A:A,'Week 1'!F49,'ยอดจริง Week 1'!D:D) -> 0 | T49: =SUMIF('ยอดจริง Week 1'!A:A,'Week 1'!F49,'ยอดจริง Week 1'!E:E) -> 0 | U49: =N49-R49 -> 0 | V49: =O49-S49 -> 0 | W49: =P49-T49 -> 0 | Y49: 0 | AA49: =SUM(X49:Z49) -> 0 | AB49: =SUMIF('ยอดจริง Week 1'!H:H,'Week 1'!F49,'ยอดจริง Week 1'!J:J) -> 0 | AC49: =SUMIF('ยอดจริง Week 1'!H:H,'Week 1'!F49,'ยอดจริง Week 1'!K:K) -> 0 | AD49: =SUMIF('ยอดจริง Week 1'!H:H,'Week 1'!F49,'ยอดจริง Week 1'!L:L) -> 0 | AE49: =X49-AB49 -> 0 | AF49: =Y49-AC49 -> 0 | AG49: =Z49-AD49 -> 0 | AI49: 0 | AK49: =SUM(AH49:AJ49) -> 0 | AL49: =SUMIF('ยอดจริง Week 1'!O:O,'Week 1'!F49,'ยอดจริง Week 1'!Q:Q) -> 0 | AM49: =SUMIF('ยอดจริง Week 1'!O:O,'Week 1'!F49,'ยอดจริง Week 1'!R:R) -> 0 | AN49: =SUMIF('ยอดจริง Week 1'!O:O,'Week 1'!F49,'ยอดจริง Week 1'!S:S) -> 0 | AO49: =AH49-AL49 -> 0 | AP49: =AI49-AM49 -> 0 | AQ49: =AJ49-AN49 -> 0 | AS49: 0 | AU49: =SUM(AR49:AT49) -> 0 | AV49: =SUMIF('ยอดจริง Week 1'!V:V,'Week 1'!F49,'ยอดจริง Week 1'!X:X) -> 0 | AW49: =SUMIF('ยอดจริง Week 1'!V:V,'Week 1'!F49,'ยอดจริง Week 1'!Y:Y) -> 0 | AX49: =SUMIF('ยอดจริง Week 1'!V:V,'Week 1'!F49,'ยอดจริง Week 1'!Z:Z) -> 0 | AY49: =AR49-AV49 -> 0 | AZ49: =AS49-AW49 -> 0 | BA49: =AT49-AX49 -> 0 | BC49: 0 | BE49: =SUM(BB49:BD49) -> 0 | BF49: =SUMIF('ยอดจริง Week 1'!AC:AC,'Week 1'!F49,'ยอดจริง Week 1'!AE:AE) -> 0 | BG49: =SUMIF('ยอดจริง Week 1'!AC:AC,'Week 1'!F49,'ยอดจริง Week 1'!AF:AF) -> 0 | BH49: =SUMIF('ยอดจริง Week 1'!AC:AC,'Week 1'!F49,'ยอดจริง Week 1'!AG:AG) -> 0 | BI49: =BB49-BF49 -> 0 | BJ49: =BC49-BG49 -> 0 | BK49: =BD49-BH49 -> 0 | BM49: 0 | BO49: =SUM(BL49:BN49) -> 0 | BP49: =SUMIF('ยอดจริง Week 1'!AJ:AJ,'Week 1'!F49,'ยอดจริง Week 1'!AL:AL) -> 0 | BQ49: =SUMIF('ยอดจริง Week 1'!AJ:AJ,'Week 1'!F49,'ยอดจริง Week 1'!AM:AM) -> 0 | BR49: =SUMIF('ยอดจริง Week 1'!AJ:AJ,'Week 1'!F49,'ยอดจริง Week 1'!AN:AN) -> 0 | BS49: =BL49-BP49 -> 0 | BT49: =BM49-BQ49 -> 0 | BU49: =BN49-BR49 -> 0 | BW49: 0 | BY49: =SUM(BV49:BX49) -> 0 | BZ49: =SUMIF('ยอดจริง Week 1'!AQ:AQ,'Week 1'!F49,'ยอดจริง Week 1'!AS:AS) -> 0 | CA49: =SUMIF('ยอดจริง Week 1'!AQ:AQ,'Week 1'!F49,'ยอดจริง Week 1'!AT:AT) -> 0 | CB49: =SUMIF('ยอดจริง Week 1'!AQ:AQ,'Week 1'!F49,'ยอดจริง Week 1'!AU:AU) -> 0 | CC49: =BV49-BZ49 -> 0 | CD49: =BW49-CA49 -> 0 | CE49: =BX49-CB49 -> 0
A50: =A49+1 -> 46 | F50: 1111014 | G50: ชิฟฟ่อนเค้กสอดไส้ ช็อคโกแลตนูเทลล่า (6 ชิ้น) | K50: =SUM(N50,X50,AH50,AR50,BB50,BL50,BV50) -> 0 | L50: =SUM(O50,Y50,AI50,AS50,BC50,BM50,BW50) -> 0 | O50: 0 | Q50: =SUM(N50:P50) -> 0 | R50: =SUMIF('ยอดจริง Week 1'!A:A,'Week 1'!F50,'ยอดจริง Week 1'!C:C) -> 0 | S50: =SUMIF('ยอดจริง Week 1'!A:A,'Week 1'!F50,'ยอดจริง Week 1'!D:D) -> 0 | T50: =SUMIF('ยอดจริง Week 1'!A:A,'Week 1'!F50,'ยอดจริง Week 1'!E:E) -> 0 | U50: =N50-R50 -> 0 | V50: =O50-S50 -> 0 | W50: =P50-T50 -> 0 | Y50: 0 | AA50: =SUM(X50:Z50) -> 0 | AB50: =SUMIF('ยอดจริง Week 1'!H:H,'Week 1'!F50,'ยอดจริง Week 1'!J:J) -> 0 | AC50: =SUMIF('ยอดจริง Week 1'!H:H,'Week 1'!F50,'ยอดจริง Week 1'!K:K) -> 0 | AD50: =SUMIF('ยอดจริง Week 1'!H:H,'Week 1'!F50,'ยอดจริง Week 1'!L:L) -> 0 | AE50: =X50-AB50 -> 0 | AF50: =Y50-AC50 -> 0 | AG50: =Z50-AD50 -> 0 | AI50: 0 | AK50: =SUM(AH50:AJ50) -> 0 | AL50: =SUMIF('ยอดจริง Week 1'!O:O,'Week 1'!F50,'ยอดจริง Week 1'!Q:Q) -> 0 | AM50: =SUMIF('ยอดจริง Week 1'!O:O,'Week 1'!F50,'ยอดจริง Week 1'!R:R) -> 0 | AN50: =SUMIF('ยอดจริง Week 1'!O:O,'Week 1'!F50,'ยอดจริง Week 1'!S:S) -> 0 | AO50: =AH50-AL50 -> 0 | AP50: =AI50-AM50 -> 0 | AQ50: =AJ50-AN50 -> 0 | AS50: 0 | AU50: =SUM(AR50:AT50) -> 0 | AV50: =SUMIF('ยอดจริง Week 1'!V:V,'Week 1'!F50,'ยอดจริง Week 1'!X:X) -> 0 | AW50: =SUMIF('ยอดจริง Week 1'!V:V,'Week 1'!F50,'ยอดจริง Week 1'!Y:Y) -> 0 | AX50: =SUMIF('ยอดจริง Week 1'!V:V,'Week 1'!F50,'ยอดจริง Week 1'!Z:Z) -> 0 | AY50: =AR50-AV50 -> 0 | AZ50: =AS50-AW50 -> 0 | BA50: =AT50-AX50 -> 0 | BC50: 0 | BE50: =SUM(BB50:BD50) -> 0 | BF50: =SUMIF('ยอดจริง Week 1'!AC:AC,'Week 1'!F50,'ยอดจริง Week 1'!AE:AE) -> 0 | BG50: =SUMIF('ยอดจริง Week 1'!AC:AC,'Week 1'!F50,'ยอดจริง Week 1'!AF:AF) -> 0 | BH50: =SUMIF('ยอดจริง Week 1'!AC:AC,'Week 1'!F50,'ยอดจริง Week 1'!AG:AG) -> 0 | BI50: =BB50-BF50 -> 0 | BJ50: =BC50-BG50 -> 0 | BK50: =BD50-BH50 -> 0 | BM50: 0 | BO50: =SUM(BL50:BN50) -> 0 | BP50: =SUMIF('ยอดจริง Week 1'!AJ:AJ,'Week 1'!F50,'ยอดจริง Week 1'!AL:AL) -> 0 | BQ50: =SUMIF('ยอดจริง Week 1'!AJ:AJ,'Week 1'!F50,'ยอดจริง Week 1'!AM:AM) -> 0 | BR50: =SUMIF('ยอดจริง Week 1'!AJ:AJ,'Week 1'!F50,'ยอดจริง Week 1'!AN:AN) -> 0 | BS50: =BL50-BP50 -> 0 | BT50: =BM50-BQ50 -> 0 | BU50: =BN50-BR50 -> 0 | BW50: 0 | BY50: =SUM(BV50:BX50) -> 0 | BZ50: =SUMIF('ยอดจริง Week 1'!AQ:AQ,'Week 1'!F50,'ยอดจริง Week 1'!AS:AS) -> 0 | CA50: =SUMIF('ยอดจริง Week 1'!AQ:AQ,'Week 1'!F50,'ยอดจริง Week 1'!AT:AT) -> 0 | CB50: =SUMIF('ยอดจริง Week 1'!AQ:AQ,'Week 1'!F50,'ยอดจริง Week 1'!AU:AU) -> 0 | CC50: =BV50-BZ50 -> 0 | CD50: =BW50-CA50 -> 0 | CE50: =BX50-CB50 -> 0
A51: =A50+1 -> 47 | F51: 1111015 | G51: ชิฟฟ่อนเค้กสอดไส้เนย รสมะพร้าว (3 ชิ้น) | K51: =SUM(N51,X51,AH51,AR51,BB51,BL51,BV51) -> 0 | L51: =SUM(O51,Y51,AI51,AS51,BC51,BM51,BW51) -> 0 | O51: 0 | Q51: =SUM(N51:P51) -> 0 | R51: =SUMIF('ยอดจริง Week 1'!A:A,'Week 1'!F51,'ยอดจริง Week 1'!C:C) -> 0 | S51: =SUMIF('ยอดจริง Week 1'!A:A,'Week 1'!F51,'ยอดจริง Week 1'!D:D) -> 0 | T51: =SUMIF('ยอดจริง Week 1'!A:A,'Week 1'!F51,'ยอดจริง Week 1'!E:E) -> 0 | U51: =N51-R51 -> 0 | V51: =O51-S51 -> 0 | W51: =P51-T51 -> 0 | Y51: 0 | AA51: =SUM(X51:Z51) -> 0 | AB51: =SUMIF('ยอดจริง Week 1'!H:H,'Week 1'!F51,'ยอดจริง Week 1'!J:J) -> 0 | AC51: =SUMIF('ยอดจริง Week 1'!H:H,'Week 1'!F51,'ยอดจริง Week 1'!K:K) -> 0 | AD51: =SUMIF('ยอดจริง Week 1'!H:H,'Week 1'!F51,'ยอดจริง Week 1'!L:L) -> 0 | AE51: =X51-AB51 -> 0 | AF51: =Y51-AC51 -> 0 | AG51: =Z51-AD51 -> 0 | AI51: 0 | AK51: =SUM(AH51:AJ51) -> 0 | AL51: =SUMIF('ยอดจริง Week 1'!O:O,'Week 1'!F51,'ยอดจริง Week 1'!Q:Q) -> 0 | AM51: =SUMIF('ยอดจริง Week 1'!O:O,'Week 1'!F51,'ยอดจริง Week 1'!R:R) -> 0 | AN51: =SUMIF('ยอดจริง Week 1'!O:O,'Week 1'!F51,'ยอดจริง Week 1'!S:S) -> 0 | AO51: =AH51-AL51 -> 0 | AP51: =AI51-AM51 -> 0 | AQ51: =AJ51-AN51 -> 0 | AS51: 0 | AU51: =SUM(AR51:AT51) -> 0 | AV51: =SUMIF('ยอดจริง Week 1'!V:V,'Week 1'!F51,'ยอดจริง Week 1'!X:X) -> 0 | AW51: =SUMIF('ยอดจริง Week 1'!V:V,'Week 1'!F51,'ยอดจริง Week 1'!Y:Y) -> 0 | AX51: =SUMIF('ยอดจริง Week 1'!V:V,'Week 1'!F51,'ยอดจริง Week 1'!Z:Z) -> 0 | AY51: =AR51-AV51 -> 0 | AZ51: =AS51-AW51 -> 0 | BA51: =AT51-AX51 -> 0 | BC51: 0 | BE51: =SUM(BB51:BD51) -> 0 | BF51: =SUMIF('ยอดจริง Week 1'!AC:AC,'Week 1'!F51,'ยอดจริง Week 1'!AE:AE) -> 0 | BG51: =SUMIF('ยอดจริง Week 1'!AC:AC,'Week 1'!F51,'ยอดจริง Week 1'!AF:AF) -> 0 | BH51: =SUMIF('ยอดจริง Week 1'!AC:AC,'Week 1'!F51,'ยอดจริง Week 1'!AG:AG) -> 0 | BI51: =BB51-BF51 -> 0 | BJ51: =BC51-BG51 -> 0 | BK51: =BD51-BH51 -> 0 | BM51: 0 | BO51: =SUM(BL51:BN51) -> 0 | BP51: =SUMIF('ยอดจริง Week 1'!AJ:AJ,'Week 1'!F51,'ยอดจริง Week 1'!AL:AL) -> 0 | BQ51: =SUMIF('ยอดจริง Week 1'!AJ:AJ,'Week 1'!F51,'ยอดจริง Week 1'!AM:AM) -> 0 | BR51: =SUMIF('ยอดจริง Week 1'!AJ:AJ,'Week 1'!F51,'ยอดจริง Week 1'!AN:AN) -> 0 | BS51: =BL51-BP51 -> 0 | BT51: =BM51-BQ51 -> 0 | BU51: =BN51-BR51 -> 0 | BW51: 0 | BY51: =SUM(BV51:BX51) -> 0 | BZ51: =SUMIF('ยอดจริง Week 1'!AQ:AQ,'Week 1'!F51,'ยอดจริง Week 1'!AS:AS) -> 0 | CA51: =SUMIF('ยอดจริง Week 1'!AQ:AQ,'Week 1'!F51,'ยอดจริง Week 1'!AT:AT) -> 0 | CB51: =SUMIF('ยอดจริง Week 1'!AQ:AQ,'Week 1'!F51,'ยอดจริง Week 1'!AU:AU) -> 0 | CC51: =BV51-BZ51 -> 0 | CD51: =BW51-CA51 -> 0 | CE51: =BX51-CB51 -> 0
A52: =A51+1 -> 48 | F52: 1005981 | G52: ชิฟฟอนสอดไส้เนย รสมะพร้าว (3 ชิ้น) | K52: =SUM(N52,X52,AH52,AR52,BB52,BL52,BV52) -> 0 | L52: =SUM(O52,Y52,AI52,AS52,BC52,BM52,BW52) -> 0 | O52: 0 | Q52: =SUM(N52:P52) -> 0 | R52: =SUMIF('ยอดจริง Week 1'!A:A,'Week 1'!F52,'ยอดจริง Week 1'!C:C) -> 0 | S52: =SUMIF('ยอดจริง Week 1'!A:A,'Week 1'!F52,'ยอดจริง Week 1'!D:D) -> 0 | T52: =SUMIF('ยอดจริง Week 1'!A:A,'Week 1'!F52,'ยอดจริง Week 1'!E:E) -> 0 | U52: =N52-R52 -> 0 | V52: =O52-S52 -> 0 | W52: =P52-T52 -> 0 | Y52: 0 | AA52: =SUM(X52:Z52) -> 0 | AB52: =SUMIF('ยอดจริง Week 1'!H:H,'Week 1'!F52,'ยอดจริง Week 1'!J:J) -> 0 | AC52: =SUMIF('ยอดจริง Week 1'!H:H,'Week 1'!F52,'ยอดจริง Week 1'!K:K) -> 0 | AD52: =SUMIF('ยอดจริง Week 1'!H:H,'Week 1'!F52,'ยอดจริง Week 1'!L:L) -> 0 | AE52: =X52-AB52 -> 0 | AF52: =Y52-AC52 -> 0 | AG52: =Z52-AD52 -> 0 | AI52: 0 | AK52: =SUM(AH52:AJ52) -> 0 | AL52: =SUMIF('ยอดจริง Week 1'!O:O,'Week 1'!F52,'ยอดจริง Week 1'!Q:Q) -> 0 | AM52: =SUMIF('ยอดจริง Week 1'!O:O,'Week 1'!F52,'ยอดจริง Week 1'!R:R) -> 0 | AN52: =SUMIF('ยอดจริง Week 1'!O:O,'Week 1'!F52,'ยอดจริง Week 1'!S:S) -> 0 | AO52: =AH52-AL52 -> 0 | AP52: =AI52-AM52 -> 0 | AQ52: =AJ52-AN52 -> 0 | AS52: 0 | AU52: =SUM(AR52:AT52) -> 0 | AV52: =SUMIF('ยอดจริง Week 1'!V:V,'Week 1'!F52,'ยอดจริง Week 1'!X:X) -> 0 | AW52: =SUMIF('ยอดจริง Week 1'!V:V,'Week 1'!F52,'ยอดจริง Week 1'!Y:Y) -> 0 | AX52: =SUMIF('ยอดจริง Week 1'!V:V,'Week 1'!F52,'ยอดจริง Week 1'!Z:Z) -> 0 | AY52: =AR52-AV52 -> 0 | AZ52: =AS52-AW52 -> 0 | BA52: =AT52-AX52 -> 0 | BC52: 0 | BE52: =SUM(BB52:BD52) -> 0 | BF52: =SUMIF('ยอดจริง Week 1'!AC:AC,'Week 1'!F52,'ยอดจริง Week 1'!AE:AE) -> 0 | BG52: =SUMIF('ยอดจริง Week 1'!AC:AC,'Week 1'!F52,'ยอดจริง Week 1'!AF:AF) -> 0 | BH52: =SUMIF('ยอดจริง Week 1'!AC:AC,'Week 1'!F52,'ยอดจริง Week 1'!AG:AG) -> 0 | BI52: =BB52-BF52 -> 0 | BJ52: =BC52-BG52 -> 0 | BK52: =BD52-BH52 -> 0 | BM52: 0 | BO52: =SUM(BL52:BN52) -> 0 | BP52: =SUMIF('ยอดจริง Week 1'!AJ:AJ,'Week 1'!F52,'ยอดจริง Week 1'!AL:AL) -> 0 | BQ52: =SUMIF('ยอดจริง Week 1'!AJ:AJ,'Week 1'!F52,'ยอดจริง Week 1'!AM:AM) -> 0 | BR52: =SUMIF('ยอดจริง Week 1'!AJ:AJ,'Week 1'!F52,'ยอดจริง Week 1'!AN:AN) -> 0 | BS52: =BL52-BP52 -> 0 | BT52: =BM52-BQ52 -> 0 | BU52: =BN52-BR52 -> 0 | BW52: 0 | BY52: =SUM(BV52:BX52) -> 0 | BZ52: =SUMIF('ยอดจริง Week 1'!AQ:AQ,'Week 1'!F52,'ยอดจริง Week 1'!AS:AS) -> 0 | CA52: =SUMIF('ยอดจริง Week 1'!AQ:AQ,'Week 1'!F52,'ยอดจริง Week 1'!AT:AT) -> 0 | CB52: =SUMIF('ยอดจริง Week 1'!AQ:AQ,'Week 1'!F52,'ยอดจริง Week 1'!AU:AU) -> 0 | CC52: =BV52-BZ52 -> 0 | CD52: =BW52-CA52 -> 0 | CE52: =BX52-CB52 -> 0
A53: =A52+1 -> 49 | F53: 1111016 | G53: ชิฟฟ่อนเค้กสอดไส้เนย รสมะพร้าว (6 ชิ้น) | K53: =SUM(N53,X53,AH53,AR53,BB53,BL53,BV53) -> 0 | L53: =SUM(O53,Y53,AI53,AS53,BC53,BM53,BW53) -> 10 | O53: 0 | Q53: =SUM(N53:P53) -> 0 | R53: =SUMIF('ยอดจริง Week 1'!A:A,'Week 1'!F53,'ยอดจริง Week 1'!C:C) -> 0 | S53: =SUMIF('ยอดจริง Week 1'!A:A,'Week 1'!F53,'ยอดจริง Week 1'!D:D) -> 0 | T53: =SUMIF('ยอดจริง Week 1'!A:A,'Week 1'!F53,'ยอดจริง Week 1'!E:E) -> 0 | U53: =N53-R53 -> 0 | V53: =O53-S53 -> 0 | W53: =P53-T53 -> 0 | Y53: 5 | AA53: =SUM(X53:Z53) -> 5 | AB53: =SUMIF('ยอดจริง Week 1'!H:H,'Week 1'!F53,'ยอดจริง Week 1'!J:J) -> 0 | AC53: =SUMIF('ยอดจริง Week 1'!H:H,'Week 1'!F53,'ยอดจริง Week 1'!K:K) -> 0 | AD53: =SUMIF('ยอดจริง Week 1'!H:H,'Week 1'!F53,'ยอดจริง Week 1'!L:L) -> 0 | AE53: =X53-AB53 -> 0 | AF53: =Y53-AC53 -> 5 | AG53: =Z53-AD53 -> 0 | AI53: 0 | AK53: =SUM(AH53:AJ53) -> 0 | AL53: =SUMIF('ยอดจริง Week 1'!O:O,'Week 1'!F53,'ยอดจริง Week 1'!Q:Q) -> 0 | AM53: =SUMIF('ยอดจริง Week 1'!O:O,'Week 1'!F53,'ยอดจริง Week 1'!R:R) -> 0 | AN53: =SUMIF('ยอดจริง Week 1'!O:O,'Week 1'!F53,'ยอดจริง Week 1'!S:S) -> 0 | AO53: =AH53-AL53 -> 0 | AP53: =AI53-AM53 -> 0 | AQ53: =AJ53-AN53 -> 0 | AS53: 0 | AU53: =SUM(AR53:AT53) -> 0 | AV53: =SUMIF('ยอดจริง Week 1'!V:V,'Week 1'!F53,'ยอดจริง Week 1'!X:X) -> 0 | AW53: =SUMIF('ยอดจริง Week 1'!V:V,'Week 1'!F53,'ยอดจริง Week 1'!Y:Y) -> 0 | AX53: =SUMIF('ยอดจริง Week 1'!V:V,'Week 1'!F53,'ยอดจริง Week 1'!Z:Z) -> 0 | AY53: =AR53-AV53 -> 0 | AZ53: =AS53-AW53 -> 0 | BA53: =AT53-AX53 -> 0 | BC53: 5 | BE53: =SUM(BB53:BD53) -> 5 | BF53: =SUMIF('ยอดจริง Week 1'!AC:AC,'Week 1'!F53,'ยอดจริง Week 1'!AE:AE) -> 0 | BG53: =SUMIF('ยอดจริง Week 1'!AC:AC,'Week 1'!F53,'ยอดจริง Week 1'!AF:AF) -> 0 | BH53: =SUMIF('ยอดจริง Week 1'!AC:AC,'Week 1'!F53,'ยอดจริง Week 1'!AG:AG) -> 0 | BI53: =BB53-BF53 -> 0 | BJ53: =BC53-BG53 -> 5 | BK53: =BD53-BH53 -> 0 | BM53: 0 | BO53: =SUM(BL53:BN53) -> 0 | BP53: =SUMIF('ยอดจริง Week 1'!AJ:AJ,'Week 1'!F53,'ยอดจริง Week 1'!AL:AL) -> 0 | BQ53: =SUMIF('ยอดจริง Week 1'!AJ:AJ,'Week 1'!F53,'ยอดจริง Week 1'!AM:AM) -> 0 | BR53: =SUMIF('ยอดจริง Week 1'!AJ:AJ,'Week 1'!F53,'ยอดจริง Week 1'!AN:AN) -> 0 | BS53: =BL53-BP53 -> 0 | BT53: =BM53-BQ53 -> 0 | BU53: =BN53-BR53 -> 0 | BW53: 0 | BY53: =SUM(BV53:BX53) -> 0 | BZ53: =SUMIF('ยอดจริง Week 1'!AQ:AQ,'Week 1'!F53,'ยอดจริง Week 1'!AS:AS) -> 0 | CA53: =SUMIF('ยอดจริง Week 1'!AQ:AQ,'Week 1'!F53,'ยอดจริง Week 1'!AT:AT) -> 0 | CB53: =SUMIF('ยอดจริง Week 1'!AQ:AQ,'Week 1'!F53,'ยอดจริง Week 1'!AU:AU) -> 0 | CC53: =BV53-BZ53 -> 0 | CD53: =BW53-CA53 -> 0 | CE53: =BX53-CB53 -> 0
A54: =A53+1 -> 50 | F54: 1111019 | G54: ชิฟฟ่อนเค้กหน้าฝอยทอง สอดไส้แยมส้ม (3 ชิ้น) | K54: =SUM(N54,X54,AH54,AR54,BB54,BL54,BV54) -> 0 | L54: =SUM(O54,Y54,AI54,AS54,BC54,BM54,BW54) -> 0 | O54: 0 | Q54: =SUM(N54:P54) -> 0 | R54: =SUMIF('ยอดจริง Week 1'!A:A,'Week 1'!F54,'ยอดจริง Week 1'!C:C) -> 0 | S54: =SUMIF('ยอดจริง Week 1'!A:A,'Week 1'!F54,'ยอดจริง Week 1'!D:D) -> 0 | T54: =SUMIF('ยอดจริง Week 1'!A:A,'Week 1'!F54,'ยอดจริง Week 1'!E:E) -> 0 | U54: =N54-R54 -> 0 | V54: =O54-S54 -> 0 | W54: =P54-T54 -> 0 | Y54: 0 | AA54: =SUM(X54:Z54) -> 0 | AB54: =SUMIF('ยอดจริง Week 1'!H:H,'Week 1'!F54,'ยอดจริง Week 1'!J:J) -> 0 | AC54: =SUMIF('ยอดจริง Week 1'!H:H,'Week 1'!F54,'ยอดจริง Week 1'!K:K) -> 0 | AD54: =SUMIF('ยอดจริง Week 1'!H:H,'Week 1'!F54,'ยอดจริง Week 1'!L:L) -> 0 | AE54: =X54-AB54 -> 0 | AF54: =Y54-AC54 -> 0 | AG54: =Z54-AD54 -> 0 | AI54: 0 | AK54: =SUM(AH54:AJ54) -> 0 | AL54: =SUMIF('ยอดจริง Week 1'!O:O,'Week 1'!F54,'ยอดจริง Week 1'!Q:Q) -> 0 | AM54: =SUMIF('ยอดจริง Week 1'!O:O,'Week 1'!F54,'ยอดจริง Week 1'!R:R) -> 0 | AN54: =SUMIF('ยอดจริง Week 1'!O:O,'Week 1'!F54,'ยอดจริง Week 1'!S:S) -> 0 | AO54: =AH54-AL54 -> 0 | AP54: =AI54-AM54 -> 0 | AQ54: =AJ54-AN54 -> 0 | AS54: 0 | AU54: =SUM(AR54:AT54) -> 0 | AV54: =SUMIF('ยอดจริง Week 1'!V:V,'Week 1'!F54,'ยอดจริง Week 1'!X:X) -> 0 | AW54: =SUMIF('ยอดจริง Week 1'!V:V,'Week 1'!F54,'ยอดจริง Week 1'!Y:Y) -> 0 | AX54: =SUMIF('ยอดจริง Week 1'!V:V,'Week 1'!F54,'ยอดจริง Week 1'!Z:Z) -> 0 | AY54: =AR54-AV54 -> 0 | AZ54: =AS54-AW54 -> 0 | BA54: =AT54-AX54 -> 0 | BC54: 0 | BE54: =SUM(BB54:BD54) -> 0 | BF54: =SUMIF('ยอดจริง Week 1'!AC:AC,'Week 1'!F54,'ยอดจริง Week 1'!AE:AE) -> 0 | BG54: =SUMIF('ยอดจริง Week 1'!AC:AC,'Week 1'!F54,'ยอดจริง Week 1'!AF:AF) -> 0 | BH54: =SUMIF('ยอดจริง Week 1'!AC:AC,'Week 1'!F54,'ยอดจริง Week 1'!AG:AG) -> 0 | BI54: =BB54-BF54 -> 0 | BJ54: =BC54-BG54 -> 0 | BK54: =BD54-BH54 -> 0 | BM54: 0 | BO54: =SUM(BL54:BN54) -> 0 | BP54: =SUMIF('ยอดจริง Week 1'!AJ:AJ,'Week 1'!F54,'ยอดจริง Week 1'!AL:AL) -> 0 | BQ54: =SUMIF('ยอดจริง Week 1'!AJ:AJ,'Week 1'!F54,'ยอดจริง Week 1'!AM:AM) -> 0 | BR54: =SUMIF('ยอดจริง Week 1'!AJ:AJ,'Week 1'!F54,'ยอดจริง Week 1'!AN:AN) -> 0 | BS54: =BL54-BP54 -> 0 | BT54: =BM54-BQ54 -> 0 | BU54: =BN54-BR54 -> 0 | BW54: 0 | BY54: =SUM(BV54:BX54) -> 0 | BZ54: =SUMIF('ยอดจริง Week 1'!AQ:AQ,'Week 1'!F54,'ยอดจริง Week 1'!AS:AS) -> 0 | CA54: =SUMIF('ยอดจริง Week 1'!AQ:AQ,'Week 1'!F54,'ยอดจริง Week 1'!AT:AT) -> 0 | CB54: =SUMIF('ยอดจริง Week 1'!AQ:AQ,'Week 1'!F54,'ยอดจริง Week 1'!AU:AU) -> 0 | CC54: =BV54-BZ54 -> 0 | CD54: =BW54-CA54 -> 0 | CE54: =BX54-CB54 -> 0
A55: =A54+1 -> 51 | F55: 1111020 | G55: ชิฟฟ่อนเค้กหน้าฝอยทอง สอดไส้แยมส้ม (6 ชิ้น) | K55: =SUM(N55,X55,AH55,AR55,BB55,BL55,BV55) -> 0 | L55: =SUM(O55,Y55,AI55,AS55,BC55,BM55,BW55) -> 0 | O55: 0 | Q55: =SUM(N55:P55) -> 0 | R55: =SUMIF('ยอดจริง Week 1'!A:A,'Week 1'!F55,'ยอดจริง Week 1'!C:C) -> 0 | S55: =SUMIF('ยอดจริง Week 1'!A:A,'Week 1'!F55,'ยอดจริง Week 1'!D:D) -> 0 | T55: =SUMIF('ยอดจริง Week 1'!A:A,'Week 1'!F55,'ยอดจริง Week 1'!E:E) -> 0 | U55: =N55-R55 -> 0 | V55: =O55-S55 -> 0 | W55: =P55-T55 -> 0 | Y55: 0 | AA55: =SUM(X55:Z55) -> 0 | AB55: =SUMIF('ยอดจริง Week 1'!H:H,'Week 1'!F55,'ยอดจริง Week 1'!J:J) -> 0 | AC55: =SUMIF('ยอดจริง Week 1'!H:H,'Week 1'!F55,'ยอดจริง Week 1'!K:K) -> 0 | AD55: =SUMIF('ยอดจริง Week 1'!H:H,'Week 1'!F55,'ยอดจริง Week 1'!L:L) -> 0 | AE55: =X55-AB55 -> 0 | AF55: =Y55-AC55 -> 0 | AG55: =Z55-AD55 -> 0 | AI55: 0 | AK55: =SUM(AH55:AJ55) -> 0 | AL55: =SUMIF('ยอดจริง Week 1'!O:O,'Week 1'!F55,'ยอดจริง Week 1'!Q:Q) -> 0 | AM55: =SUMIF('ยอดจริง Week 1'!O:O,'Week 1'!F55,'ยอดจริง Week 1'!R:R) -> 0 | AN55: =SUMIF('ยอดจริง Week 1'!O:O,'Week 1'!F55,'ยอดจริง Week 1'!S:S) -> 0 | AO55: =AH55-AL55 -> 0 | AP55: =AI55-AM55 -> 0 | AQ55: =AJ55-AN55 -> 0 | AS55: 0 | AU55: =SUM(AR55:AT55) -> 0 | AV55: =SUMIF('ยอดจริง Week 1'!V:V,'Week 1'!F55,'ยอดจริง Week 1'!X:X) -> 0 | AW55: =SUMIF('ยอดจริง Week 1'!V:V,'Week 1'!F55,'ยอดจริง Week 1'!Y:Y) -> 0 | AX55: =SUMIF('ยอดจริง Week 1'!V:V,'Week 1'!F55,'ยอดจริง Week 1'!Z:Z) -> 0 | AY55: =AR55-AV55 -> 0 | AZ55: =AS55-AW55 -> 0 | BA55: =AT55-AX55 -> 0 | BC55: 0 | BE55: =SUM(BB55:BD55) -> 0 | BF55: =SUMIF('ยอดจริง Week 1'!AC:AC,'Week 1'!F55,'ยอดจริง Week 1'!AE:AE) -> 0 | BG55: =SUMIF('ยอดจริง Week 1'!AC:AC,'Week 1'!F55,'ยอดจริง Week 1'!AF:AF) -> 0 | BH55: =SUMIF('ยอดจริง Week 1'!AC:AC,'Week 1'!F55,'ยอดจริง Week 1'!AG:AG) -> 0 | BI55: =BB55-BF55 -> 0 | BJ55: =BC55-BG55 -> 0 | BK55: =BD55-BH55 -> 0 | BM55: 0 | BO55: =SUM(BL55:BN55) -> 0 | BP55: =SUMIF('ยอดจริง Week 1'!AJ:AJ,'Week 1'!F55,'ยอดจริง Week 1'!AL:AL) -> 0 | BQ55: =SUMIF('ยอดจริง Week 1'!AJ:AJ,'Week 1'!F55,'ยอดจริง Week 1'!AM:AM) -> 0 | BR55: =SUMIF('ยอดจริง Week 1'!AJ:AJ,'Week 1'!F55,'ยอดจริง Week 1'!AN:AN) -> 0 | BS55: =BL55-BP55 -> 0 | BT55: =BM55-BQ55 -> 0 | BU55: =BN55-BR55 -> 0 | BW55: 0 | BY55: =SUM(BV55:BX55) -> 0 | BZ55: =SUMIF('ยอดจริง Week 1'!AQ:AQ,'Week 1'!F55,'ยอดจริง Week 1'!AS:AS) -> 0 | CA55: =SUMIF('ยอดจริง Week 1'!AQ:AQ,'Week 1'!F55,'ยอดจริง Week 1'!AT:AT) -> 0 | CB55: =SUMIF('ยอดจริง Week 1'!AQ:AQ,'Week 1'!F55,'ยอดจริง Week 1'!AU:AU) -> 0 | CC55: =BV55-BZ55 -> 0 | CD55: =BW55-CA55 -> 0 | CE55: =BX55-CB55 -> 0
... A61: =A60+1 -> 57 | F61: 1111025 | G61: ชิฟฟ่อนเค้กสอดไส้แยม รสส้ม (6 ชิ้น) | K61: =SUM(N61,X61,AH61,AR61,BB61,BL61,BV61) -> 0 | L61: =SUM(O61,Y61,AI61,AS61,BC61,BM61,BW61) -> 40 | O61: 0 | Q61: =SUM(N61:P61) -> 0 | R61: =SUMIF('ยอดจริง Week 1'!A:A,'Week 1'!F61,'ยอดจริง Week 1'!C:C) -> 0 | S61: =SUMIF('ยอดจริง Week 1'!A:A,'Week 1'!F61,'ยอดจริง Week 1'!D:D) -> 0 | T61: =SUMIF('ยอดจริง Week 1'!A:A,'Week 1'!F61,'ยอดจริง Week 1'!E:E) -> 0 | U61: =N61-R61 -> 0 | V61: =O61-S61 -> 0 | W61: =P61-T61 -> 0 | Y61: 20 | AA61: =SUM(X61:Z61) -> 20 | AB61: =SUMIF('ยอดจริง Week 1'!H:H,'Week 1'!F61,'ยอดจริง Week 1'!J:J) -> 0 | AC61: =SUMIF('ยอดจริง Week 1'!H:H,'Week 1'!F61,'ยอดจริง Week 1'!K:K) -> 0 | AD61: =SUMIF('ยอดจริง Week 1'!H:H,'Week 1'!F61,'ยอดจริง Week 1'!L:L) -> 0 | AE61: =X61-AB61 -> 0 | AF61: =Y61-AC61 -> 20 | AG61: =Z61-AD61 -> 0 | AI61: 0 | AK61: =SUM(AH61:AJ61) -> 0 | AL61: =SUMIF('ยอดจริง Week 1'!O:O,'Week 1'!F61,'ยอดจริง Week 1'!Q:Q) -> 0 | AM61: =SUMIF('ยอดจริง Week 1'!O:O,'Week 1'!F61,'ยอดจริง Week 1'!R:R) -> 0 | AN61: =SUMIF('ยอดจริง Week 1'!O:O,'Week 1'!F61,'ยอดจริง Week 1'!S:S) -> 0 | AO61: =AH61-AL61 -> 0 | AP61: =AI61-AM61 -> 0 | AQ61: =AJ61-AN61 -> 0 | AS61: 0 | AU61: =SUM(AR61:AT61) -> 0 | AV61: =SUMIF('ยอดจริง Week 1'!V:V,'Week 1'!F61,'ยอดจริง Week 1'!X:X) -> 0 | AW61: =SUMIF('ยอดจริง Week 1'!V:V,'Week 1'!F61,'ยอดจริง Week 1'!Y:Y) -> 0 | AX61: =SUMIF('ยอดจริง Week 1'!V:V,'Week 1'!F61,'ยอดจริง Week 1'!Z:Z) -> 0 | AY61: =AR61-AV61 -> 0 | AZ61: =AS61-AW61 -> 0 | BA61: =AT61-AX61 -> 0 | BC61: 20 | BE61: =SUM(BB61:BD61) -> 20 | BF61: =SUMIF('ยอดจริง Week 1'!AC:AC,'Week 1'!F61,'ยอดจริง Week 1'!AE:AE) -> 0 | BG61: =SUMIF('ยอดจริง Week 1'!AC:AC,'Week 1'!F61,'ยอดจริง Week 1'!AF:AF) -> 0 | BH61: =SUMIF('ยอดจริง Week 1'!AC:AC,'Week 1'!F61,'ยอดจริง Week 1'!AG:AG) -> 0 | BI61: =BB61-BF61 -> 0 | BJ61: =BC61-BG61 -> 20 | BK61: =BD61-BH61 -> 0 | BM61: 0 | BO61: =SUM(BL61:BN61) -> 0 | BP61: =SUMIF('ยอดจริง Week 1'!AJ:AJ,'Week 1'!F61,'ยอดจริง Week 1'!AL:AL) -> 0 | BQ61: =SUMIF('ยอดจริง Week 1'!AJ:AJ,'Week 1'!F61,'ยอดจริง Week 1'!AM:AM) -> 0 | BR61: =SUMIF('ยอดจริง Week 1'!AJ:AJ,'Week 1'!F61,'ยอดจริง Week 1'!AN:AN) -> 0 | BS61: =BL61-BP61 -> 0 | BT61: =BM61-BQ61 -> 0 | BU61: =BN61-BR61 -> 0 | BW61: 0 | BY61: =SUM(BV61:BX61) -> 0 | BZ61: =SUMIF('ยอดจริง Week 1'!AQ:AQ,'Week 1'!F61,'ยอดจริง Week 1'!AS:AS) -> 0 | CA61: =SUMIF('ยอดจริง Week 1'!AQ:AQ,'Week 1'!F61,'ยอดจริง Week 1'!AT:AT) -> 0 | CB61: =SUMIF('ยอดจริง Week 1'!AQ:AQ,'Week 1'!F61,'ยอดจริง Week 1'!AU:AU) -> 0 | CC61: =BV61-BZ61 -> 0 | CD61: =BW61-CA61 -> 0 | CE61: =BX61-CB61 -> 0
A62: =A61+1 -> 58 | F62: 1113081 | G62: (BC) ชิฟฟ่อนสอดไส้แยม 3 รสชาติ วนิลลา, เมล่อน, .ใบเตย | H62: BC | K62: =SUM(N62,X62,AH62,AR62,BB62,BL62,BV62) -> 0 | L62: =SUM(O62,Y62,AI62,AS62,BC62,BM62,BW62) -> 0 | O62: 0 | Q62: =SUM(N62:P62) -> 0 | R62: =SUMIF('ยอดจริง Week 1'!A:A,'Week 1'!F62,'ยอดจริง Week 1'!C:C) -> 0 | S62: =SUMIF('ยอดจริง Week 1'!A:A,'Week 1'!F62,'ยอดจริง Week 1'!D:D) -> 0 | T62: =SUMIF('ยอดจริง Week 1'!A:A,'Week 1'!F62,'ยอดจริง Week 1'!E:E) -> 0 | U62: =N62-R62 -> 0 | V62: =O62-S62 -> 0 | W62: =P62-T62 -> 0 | Y62: 0 | AA62: =SUM(X62:Z62) -> 0 | AB62: =SUMIF('ยอดจริง Week 1'!H:H,'Week 1'!F62,'ยอดจริง Week 1'!J:J) -> 0 | AC62: =SUMIF('ยอดจริง Week 1'!H:H,'Week 1'!F62,'ยอดจริง Week 1'!K:K) -> 0 | AD62: =SUMIF('ยอดจริง Week 1'!H:H,'Week 1'!F62,'ยอดจริง Week 1'!L:L) -> 0 | AE62: =X62-AB62 -> 0 | AF62: =Y62-AC62 -> 0 | AG62: =Z62-AD62 -> 0 | AI62: 0 | AK62: =SUM(AH62:AJ62) -> 0 | AL62: =SUMIF('ยอดจริง Week 1'!O:O,'Week 1'!F62,'ยอดจริง Week 1'!Q:Q) -> 0 | AM62: =SUMIF('ยอดจริง Week 1'!O:O,'Week 1'!F62,'ยอดจริง Week 1'!R:R) -> 0 | AN62: =SUMIF('ยอดจริง Week 1'!O:O,'Week 1'!F62,'ยอดจริง Week 1'!S:S) -> 0 | AO62: =AH62-AL62 -> 0 | AP62: =AI62-AM62 -> 0 | AQ62: =AJ62-AN62 -> 0 | AS62: 0 | AU62: =SUM(AR62:AT62) -> 0 | AV62: =SUMIF('ยอดจริง Week 1'!V:V,'Week 1'!F62,'ยอดจริง Week 1'!X:X) -> 0 | AW62: =SUMIF('ยอดจริง Week 1'!V:V,'Week 1'!F62,'ยอดจริง Week 1'!Y:Y) -> 0 | AX62: =SUMIF('ยอดจริง Week 1'!V:V,'Week 1'!F62,'ยอดจริง Week 1'!Z:Z) -> 0 | AY62: =AR62-AV62 -> 0 | AZ62: =AS62-AW62 -> 0 | BA62: =AT62-AX62 -> 0 | BC62: 0 | BE62: =SUM(BB62:BD62) -> 0 | BF62: =SUMIF('ยอดจริง Week 1'!AC:AC,'Week 1'!F62,'ยอดจริง Week 1'!AE:AE) -> 0 | BG62: =SUMIF('ยอดจริง Week 1'!AC:AC,'Week 1'!F62,'ยอดจริง Week 1'!AF:AF) -> 0 | BH62: =SUMIF('ยอดจริง Week 1'!AC:AC,'Week 1'!F62,'ยอดจริง Week 1'!AG:AG) -> 0 | BI62: =BB62-BF62 -> 0 | BJ62: =BC62-BG62 -> 0 | BK62: =BD62-BH62 -> 0 | BM62: 0 | BO62: =SUM(BL62:BN62) -> 0 | BP62: =SUMIF('ยอดจริง Week 1'!AJ:AJ,'Week 1'!F62,'ยอดจริง Week 1'!AL:AL) -> 0 | BQ62: =SUMIF('ยอดจริง Week 1'!AJ:AJ,'Week 1'!F62,'ยอดจริง Week 1'!AM:AM) -> 0 | BR62: =SUMIF('ยอดจริง Week 1'!AJ:AJ,'Week 1'!F62,'ยอดจริง Week 1'!AN:AN) -> 0 | BS62: =BL62-BP62 -> 0 | BT62: =BM62-BQ62 -> 0 | BU62: =BN62-BR62 -> 0 | BW62: 0 | BY62: =SUM(BV62:BX62) -> 0 | BZ62: =SUMIF('ยอดจริง Week 1'!AQ:AQ,'Week 1'!F62,'ยอดจริง Week 1'!AS:AS) -> 0 | CA62: =SUMIF('ยอดจริง Week 1'!AQ:AQ,'Week 1'!F62,'ยอดจริง Week 1'!AT:AT) -> 0 | CB62: =SUMIF('ยอดจริง Week 1'!AQ:AQ,'Week 1'!F62,'ยอดจริง Week 1'!AU:AU) -> 0 | CC62: =BV62-BZ62 -> 0 | CD62: =BW62-CA62 -> 0 | CE62: =BX62-CB62 -> 0
