Workbook

Sheet บ่าย
B1: ยอดจริง ออนไลน์ วันที่ - บ่าย
L2: ยอดรวมผลิต
L3: จำนวน
B4: รหัสสินค้า | C4: สินค้า | D4: ปณ | E4: ชอปปี้ | F4: ลาซาด้า | G4: ติ๊กตอก | H4: ติ๊กตอก 2 | I4: ติ๊กตอก3 | J4: ชอยส์ | K4: ยอดเส้น | L4: (กล่อง)
B6: ชิฟฟอนรวมรส
B7: 1111002 | C7: ชิฟฟอนรวมรส 8 ชิ้น | L7: =SUM(D7:K7) -> 0
C8: ชิฟฟอนแบบกล่องสุ่มอะไรก็ได้ที่มี | L8: =SUM(D8:K8) -> 0
B9: 1111084 | C9: ชิฟฟอน 8 ชิ้น กาแฟล้วน | L9: =SUM(D9:K9) -> 0
B10: 1111085 | C10: ชิฟฟอน 8 ชิ้น บลูเบอรี่ล้วน | L10: =SUM(D10:K10) -> 0
B11: 1111086 | C11: ชิฟฟอน 8 ชิ้น มะพร้าวล้วน | L11: =SUM(D11:K11) -> 0
B12: 1111087 | C12: ชิฟฟอน 8 ชิ้น สตอเบอรี่ล้วน | L12: =SUM(D12:K12) -> 0
B13: 1111088 | C13: ชิฟฟอน 8 ชิ้น ส้มล้วน | L13: =SUM(D13:K13) -> 0
B14: 1111089 | C14: ชิฟฟอน 8 ชิ้น เนยล้วน | L14: =SUM(D14:K14) -> 0
B15: 1111090 | C15: ชิฟฟอน 8 ชิ้น เผือกล้วน | L15: =SUM(D15:K15) -> 0
B16: 1111091 | C16: ชิฟฟอน 8 ชิ้น ใบเตยล้วน | L16: =SUM(D16:K16) -> 0
B17: 1111092 | C17: ชิฟฟอน 8 ชิ้น กล้วยหอม | L17: =SUM(D17:K17) -> 0
B18: 1111093 | C18: ชิฟฟอน 8 ชิ้น โกโก้ล้วน | L18: =SUM(D18:K18) -> 0
B19: 1111094 | C19: ชิฟฟอน 8 ชิ้น ชาไทยล้วน | L19: =SUM(D19:K19) -> 0
B20: 1111095 | C20: ชิฟฟอน 8 ชิ้น ชาเขียวล้วน | L20: =SUM(D20:K20) -> 0
... B66: 1111010 | C66: ชิฟฟอนไส้แยมแยกชิ้น คละรส | L66: =SUM(D66:K66) -> 0
C67: รวม | L67: =SUM(L7:L66) -> 0
B68: ชิฟฟอนไส้แยม 6 ชิ้น
B69: 1111009 | C69: ชิฟฟอนไส้แยมรวมรส 6 ชิ้น | L69: =SUM(D69:K69) -> 0
B70: 1111023 | C70: ชิฟฟอนไส้แยมรสสตอเบอร์รี่ล้วน 6 ชิ้น | L70: =SUM(D70:K70) -> 0
B71: 1111016 | C71: ชิฟฟอนไส้แยมรสมะพร้าวล้วน 6 ชิ้น | L71: =SUM(D71:K71) -> 0
B72: 1111014 | C72: ชิฟฟอนไส้แยมรสช็อกโกแลตนูเทลล่าล้วน 6 ชิ้น | L72: =SUM(D72:K72) -> 0
B73: 1111025 | C73: ชิฟฟอนไส้แยมรสส้มล้วน 6 ชิ้น | L73: =SUM(D73:K73) -> 0
B74: 1111018 | C74: ชิฟฟอนไส้แยมรสบลูเบอร์รี่ล้วน 6 ชิ้น | L74: =SUM(D74:K74) -> 0
B75: 1111012 | C75: ชิฟฟอนไส้แยมรสนมชมพูฮอกไกโดล้วน 6 ชิ้น | L75: =SUM(D75:K75) -> 0
B76: 1111020 | C76: ชิฟฟอนไส้แยมฝอยทองไส้ทะลัก 6 ชิ้น | L76: =SUM(D76:K76) -> 0
C77: รวม | L77: =SUM(L69:L76) -> 0
B78: ชิฟฟอนไส้แยม 3 ชิ้น
B79: 1111022 | C79: ชิฟฟอนไส้แยมรสสตอเบอร์รี่ล้วน 3 ชิ้น | L79: =SUM(D79:K79) -> 0
B80: 1111015 | C80: ชิฟฟอนไส้แยมรสมะพร้าวล้วน 3 ชิ้น | L80: =SUM(D80:K80) -> 0
B81: 1111013 | C81: ชิฟฟอนไส้แยมรสช็อกโกแลตนูเทลล่าล้วน 3 ชิ้น | L81: =SUM(D81:K81) -> 0
B82: 1111024 | C82: ชิฟฟอนไส้แยมรสส้มล้วน 3 ชิ้น | L82: =SUM(D82:K82) -> 0
B83: 1111017 | C83: ชิฟฟอนไส้แยมรสบลูเบอร์รี่ล้วน 3 ชิ้น | L83: =SUM(D83:K83) -> 0
B84: 1111011 | C84: ชิฟฟอนไส้แยมรสนมชมพูฮอกไกโดล้วน 3 ชิ้น | L84: =SUM(D84:K84) -> 0
B85: 1111019 | C85: ชิฟฟอนไส้แยมฝอยทองไส้ทะลัก 3 ชิ้น | L85: =SUM(D85:K85) -> 0
B86: 1113081 | C86: ชิฟฟอนไส้แยม วนิลา/ใบเตย/เมล่อน | L86: =SUM(D86:K86) -> 0
B87: 1111008 | C87: ชิฟฟอนไส้แยมรวมรส 3 ชิ้น | L87: =SUM(D87:K87) -> 0
C88: รวม | L88: =SUM(L79:L87) -> 0
B89: เบาหวิว ล 110 กรัม
B90: 1112009 | C90: มะพร้าว | L90: =SUM(D90:K90) -> 0
B91: 1112011 | C91: ฝอยทอง | L91: =SUM(D91:K91) -> 0
B92: 1112003 | C92: กาแฟ | L92: =SUM(D92:K92) -> 0
B93: 1112005 | C93: เนยนม | L93: =SUM(D93:K93) -> 0
B94: 1112007 | C94: ใบเตย | L94: =SUM(D94:K94) -> 0
B95: 1112019 | C95: ทุเรียน | L95: =SUM(D95:K95) -> 0
B96: 1112017 | C96: ตาลหอม | L96: =SUM(D96:K96) -> 0
B97: 1112015 | C97: กล้วยหอมมะพร้าวเผา | L97: =SUM(D97:K97) -> 0
B98: 1112013 | C98: เผือกมะพร้าวอ่อน | L98: =SUM(D98:K98) -> 0
B99: 1124043 | C99: เบาหวิว คละรส | L99: =SUM(D99:K99) -> 0
C100: รวม | L100: =SUM(L90:L99) -> 0
B101: เบาหวิว ญ 300 กรัม
B102: 1112008 | C102: มะพร้าว | L102: =SUM(D102:K102) -> 0
B103: 1112010 | C103: ฝอยทอง | L103: =SUM(D103:K103) -> 0
B104: 1112002 | C104: กาแฟ | L104: =SUM(D104:K104) -> 0
B105: 1112004 | C105: เนยนม | L105: =SUM(D105:K105) -> 0
B106: 1112006 | C106: ใบเตย | L106: =SUM(D106:K106) -> 0
B107: 1112018 | C107: ทุเรียน | L107: =SUM(D107:K107) -> 0
B108: 1112016 | C108: ตาลหอม | L108: =SUM(D108:K108) -> 0
B109: 1112014 | C109: กล้วยหอมมะพร้าวเผา | L109: =SUM(D109:K109) -> 0
B110: 1112012 | C110: เผือกมะพร้าวอ่อน | L110: =SUM(D110:K110) -> 0
C111: เบาหวิว คละรส | L111: =SUM(D111:K111) -> 0
C112: รวม | L112: =SUM(L102:L111) -> 0
B113: อื่นๆ
B114: 1113170 | C114: ขนมเปี๊ยะถั่วฝอยทองไข่เค็ม 450 กรัม | L114: =SUM(D114:K114) -> 0
B115: 1113171 | C115: ขนมเปี๊ยะฟักถั่วไข่เค็ม 450 กรัม | L115: =SUM(D115:K115) -> 0
B116: 1113172 | C116: ขนมเปี๊ยะเผือกฝอยทองไข่เค็ม 450 กรัม | L116: =SUM(D116:K116) -> 0
B117: 1113173 | C117: ขนมเปี๊ยะงาดำฝอยทองไข่เค็ม 450 กรัม | L117: =SUM(D117:K117) -> 0
B118: 1100003 | C118: เมอแรงค์ กระปุก | L118: =SUM(D118:K118) -> 0
B119: 1100001 | C119: พายสับปรด 1 ชิ้น | L119: =SUM(D119:K119) -> 0
B120: 1100002 | C120: พายสับปรด 1 กล่อง | L120: =SUM(D120:K120) -> 0
B121: 1200001 | C121: คอนเฟลค | L121: =SUM(D121:K121) -> 0
B122: 1005761 | C122: ปังกรอบคาราเมล(ถุง) | L122: =SUM(D122:K122) -> 0
B123: 1114501 | C123: ครีมฮอร์นไส้เนย วนิลา | L123: =SUM(D123:K123) -> 0
B124: 1114502 | C124: ครีมฮอร์นไส้เนย ใบเตย | L124: =SUM(D124:K124) -> 0
B125: 1114503 | C125: ครีมฮอร์นไส้เนย ชอค | L125: =SUM(D125:K125) -> 0
... B134: 1200092 | C134: ท็อฟฟี่ถั่ว 1 กิโล | L134: =SUM(D134:K134) -> 0
C135: เศษขนมปังปลา5กก. | L135: =SUM(D135:K135) -> 0
C136: เศษขนมปังปลา1กก. | L136: =SUM(D136:K136) -> 0
B137: 20052721 | C137: แซนวิชโบราณ | L137: =SUM(D137:K137) -> 0
B138: 1004046 | C138: ปังเนยนิ่ม ถุง | L138: =SUM(D138:K138) -> 0
C139: กล่องเบาหวิว ล | L139: =SUM(D139:K139) -> 0
C140: กล่องเปี๊ยะ ล | L140: =SUM(D140:K140) -> 0
B141: 20059548 | C141: มินิบันไก่หยองน้ำสลัด 110 กรัม | L141: =SUM(D141:K141) -> 0
B142: 20054646 | C142: ปังพิซซ่า | L142: =SUM(D142:K142) -> 0
B143: 1100044 | C143: หมี่กรอบโบราณ | L143: =SUM(D143:K143) -> 0
B144: 1100045 | C144: ชิฟฟ่อน 8 ชิ้น ขนุนล้วน | L144: =SUM(D144:K144) -> 0
B145: 20039042 | C145: ปังเนยนิ่ม 3 ชิ้น | L145: =SUM(D145:K145) -> 0
L146: =SUM(D146:K146) -> 0
L147: =SUM(D147:K147) -> 0
L148: =SUM(D148:K148) -> 0
L149: =SUM(D149:K149) -> 0
L150: =SUM(D150:K150) -> 0
L151: =SUM(D151:K151) -> 0
B153: …..................................................................................... | I153: ….....................................................................................
B154: ผู้จัดทำ | I154: ผู้รับทราบ

Sheet เย็น 
B1: ยอดจริง ออนไลน์ วันที่ - เย็น
L2: ยอดรวมผลิต
L3: จำนวน
B4: รหัสสินค้า | C4: สินค้า | D4: ปณ | E4: ชอปปี้ | F4: ลาซาด้า | G4: ติ๊กตอก | H4: ติ๊กตอก 2 | I4: ติ๊กตอก3 | J4: ชอยส์ | K4: ยอดเส้น | L4: (กล่อง)
B6: ชิฟฟอนรวมรส
B7: 1111002 | C7: ชิฟฟอนรวมรส 8 ชิ้น | L7: =SUM(D7:K7) -> 0
C8: ชิฟฟอนแบบกล่องสุ่มอะไรก็ได้ที่มี | L8: =SUM(D8:K8) -> 0
B9: 1111084 | C9: ชิฟฟอน 8 ชิ้น กาแฟล้วน | L9: =SUM(D9:K9) -> 0
B10: 1111085 | C10: ชิฟฟอน 8 ชิ้น บลูเบอรี่ล้วน | L10: =SUM(D10:K10) -> 0
B11: 1111086 | C11: ชิฟฟอน 8 ชิ้น มะพร้าวล้วน | L11: =SUM(D11:K11) -> 0
B12: 1111087 | C12: ชิฟฟอน 8 ชิ้น สตอเบอรี่ล้วน | L12: =SUM(D12:K12) -> 0
B13: 1111088 | C13: ชิฟฟอน 8 ชิ้น ส้มล้วน | L13: =SUM(D13:K13) -> 0
B14: 1111089 | C14: ชิฟฟอน 8 ชิ้น เนยล้วน | L14: =SUM(D14:K14) -> 0
B15: 1111090 | C15: ชิฟฟอน 8 ชิ้น เผือกล้วน | L15: =SUM(D15:K15) -> 0
B16: 1111091 | C16: ชิฟฟอน 8 ชิ้น ใบเตยล้วน | L16: =SUM(D16:K16) -> 0
B17: 1111092 | C17: ชิฟฟอน 8 ชิ้น กล้วยหอม | L17: =SUM(D17:K17) -> 0
B18: 1111093 | C18: ชิฟฟอน 8 ชิ้น โกโก้ล้วน | L18: =SUM(D18:K18) -> 0
B19: 1111094 | C19: ชิฟฟอน 8 ชิ้น ชาไทยล้วน | L19: =SUM(D19:K19) -> 0
B20: 1111095 | C20: ชิฟฟอน 8 ชิ้น ชาเขียวล้วน | L20: =SUM(D20:K20) -> 0
... B66: 1111010 | C66: ชิฟฟอนไส้แยมแยกชิ้น คละรส | L66: =SUM(D66:K66) -> 0
C67: รวม | L67: =SUM(L7:L66) -> 0
B68: ชิฟฟอนไส้แยม 6 ชิ้น
B69: 1111009 | C69: ชิฟฟอนไส้แยมรวมรส 6 ชิ้น | L69: =SUM(D69:K69) -> 0
B70: 1111023 | C70: ชิฟฟอนไส้แยมรสสตอเบอร์รี่ล้วน 6 ชิ้น | L70: =SUM(D70:K70) -> 0
B71: 1111016 | C71: ชิฟฟอนไส้แยมรสมะพร้าวล้วน 6 ชิ้น | L71: =SUM(D71:K71) -> 0
B72: 1111014 | C72: ชิฟฟอนไส้แยมรสช็อกโกแลตนูเทลล่าล้วน 6 ชิ้น | L72: =SUM(D72:K72) -> 0
B73: 1111025 | C73: ชิฟฟอนไส้แยมรสส้มล้วน 6 ชิ้น | L73: =SUM(D73:K73) -> 0
B74: 1111018 | C74: ชิฟฟอนไส้แยมรสบลูเบอร์รี่ล้วน 6 ชิ้น | L74: =SUM(D74:K74) -> 0
B75: 1111012 | C75: ชิฟฟอนไส้แยมรสนมชมพูฮอกไกโดล้วน 6 ชิ้น | L75: =SUM(D75:K75) -> 0
B76: 1111020 | C76: ชิฟฟอนไส้แยมฝอยทองไส้ทะลัก 6 ชิ้น | L76: =SUM(D76:K76) -> 0
C77: รวม | L77: =SUM(L69:L76) -> 0
B78: ชิฟฟอนไส้แยม 3 ชิ้น
B79: 1111022 | C79: ชิฟฟอนไส้แยมรสสตอเบอร์รี่ล้วน 3 ชิ้น | L79: =SUM(D79:K79) -> 0
B80: 1111015 | C80: ชิฟฟอนไส้แยมรสมะพร้าวล้วน 3 ชิ้น | L80: =SUM(D80:K80) -> 0
B81: 1111013 | C81: ชิฟฟอนไส้แยมรสช็อกโกแลตนูเทลล่าล้วน 3 ชิ้น | L81: =SUM(D81:K81) -> 0
B82: 1111024 | C82: ชิฟฟอนไส้แยมรสส้มล้วน 3 ชิ้น | L82: =SUM(D82:K82) -> 0
B83: 1111017 | C83: ชิฟฟอนไส้แยมรสบลูเบอร์รี่ล้วน 3 ชิ้น | L83: =SUM(D83:K83) -> 0
B84: 1111011 | C84: ชิฟฟอนไส้แยมรสนมชมพูฮอกไกโดล้วน 3 ชิ้น | L84: =SUM(D84:K84) -> 0
B85: 1111019 | C85: ชิฟฟอนไส้แยมฝอยทองไส้ทะลัก 3 ชิ้น | L85: =SUM(D85:K85) -> 0
B86: 1113081 | C86: ชิฟฟอนไส้แยม วนิลา/ใบเตย/เมล่อน | L86: =SUM(D86:K86) -> 0
B87: 1111008 | C87: ชิฟฟอนไส้แยมรวมรส 3 ชิ้น | L87: =SUM(D87:K87) -> 0
C88: รวม | L88: =SUM(L79:L87) -> 0
B89: เบาหวิว ล 110 กรัม
B90: 1112009 | C90: มะพร้าว | L90: =SUM(D90:K90) -> 0
B91: 1112011 | C91: ฝอยทอง | L91: =SUM(D91:K91) -> 0
B92: 1112003 | C92: กาแฟ | L92: =SUM(D92:K92) -> 0
B93: 1112005 | C93: เนยนม | L93: =SUM(D93:K93) -> 0
B94: 1112007 | C94: ใบเตย | L94: =SUM(D94:K94) -> 0
B95: 1112019 | C95: ทุเรียน | L95: =SUM(D95:K95) -> 0
B96: 1112017 | C96: ตาลหอม | L96: =SUM(D96:K96) -> 0
B97: 1112015 | C97: กล้วยหอมมะพร้าวเผา | L97: =SUM(D97:K97) -> 0
B98: 1112013 | C98: เผือกมะพร้าวอ่อน | L98: =SUM(D98:K98) -> 0
B99: 1124043 | C99: เบาหวิว คละรส | L99: =SUM(D99:K99) -> 0
C100: รวม | L100: =SUM(L90:L99) -> 0
B101: เบาหวิว ญ 300 กรัม
B102: 1112008 | C102: มะพร้าว | L102: =SUM(D102:K102) -> 0
B103: 1112010 | C103: ฝอยทอง | L103: =SUM(D103:K103) -> 0
B104: 1112002 | C104: กาแฟ | L104: =SUM(D104:K104) -> 0
B105: 1112004 | C105: เนยนม | L105: =SUM(D105:K105) -> 0
B106: 1112006 | C106: ใบเตย | L106: =SUM(D106:K106) -> 0
B107: 1112018 | C107: ทุเรียน | L107: =SUM(D107:K107) -> 0
B108: 1112016 | C108: ตาลหอม | L108: =SUM(D108:K108) -> 0
B109: 1112014 | C109: กล้วยหอมมะพร้าวเผา | L109: =SUM(D109:K109) -> 0
B110: 1112012 | C110: เผือกมะพร้าวอ่อน | L110: =SUM(D110:K110) -> 0
C111: เบาหวิว คละรส | L111: =SUM(D111:K111) -> 0
C112: รวม | L112: =SUM(L102:L111) -> 0
B113: อื่นๆ
B114: 1113170 | C114: ขนมเปี๊ยะถั่วฝอยทองไข่เค็ม 450 กรัม | L114: =SUM(D114:K114) -> 0
B115: 1113171 | C115: ขนมเปี๊ยะฟักถั่วไข่เค็ม 450 กรัม | L115: =SUM(D115:K115) -> 0
B116: 1113172 | C116: ขนมเปี๊ยะเผือกฝอยทองไข่เค็ม 450 กรัม | L116: =SUM(D116:K116) -> 0
B117: 1113173 | C117: ขนมเปี๊ยะงาดำฝอยทองไข่เค็ม 450 กรัม | L117: =SUM(D117:K117) -> 0
B118: 1100003 | C118: เมอแรงค์ กระปุก | L118: =SUM(D118:K118) -> 0
B119: 1100001 | C119: พายสับปรด 1 ชิ้น | L119: =SUM(D119:K119) -> 0
B120: 1100002 | C120: พายสับปรด 1 กล่อง | L120: =SUM(D120:K120) -> 0
B121: 1200001 | C121: คอนเฟลค | L121: =SUM(D121:K121) -> 0
B122: 1005761 | C122: ปังกรอบคาราเมล(ถุง) | L122: =SUM(D122:K122) -> 0
B123: 1114501 | C123: ครีมฮอร์นไส้เนย วนิลา | L123: =SUM(D123:K123) -> 0
B124: 1114502 | C124: ครีมฮอร์นไส้เนย ใบเตย | L124: =SUM(D124:K124) -> 0
B125: 1114503 | C125: ครีมฮอร์นไส้เนย ชอค | L125: =SUM(D125:K125) -> 0
... B134: 1200092 | C134: ท็อฟฟี่ถั่ว 1 กิโล | L134: =SUM(D134:K134) -> 0
C135: เศษขนมปังปลา5กก. | L135: =SUM(D135:K135) -> 0
C136: เศษขนมปังปลา1กก. | L136: =SUM(D136:K136) -> 0
B137: 20052721 | C137: แซนวิชโบราณ | L137: =SUM(D137:K137) -> 0
B138: 1004046 | C138: ปังเนยนิ่ม ถุง | L138: =SUM(D138:K138) -> 0
C139: กล่องเบาหวิว ล | L139: =SUM(D139:K139) -> 0
C140: กล่องเปี๊ยะ ล | L140: =SUM(D140:K140) -> 0
B141: 20059548 | C141: มินิบันไก่หยองน้ำสลัด 110 กรัม | L141: =SUM(D141:K141) -> 0
B142: 20054646 | C142: ปังพิซซ่า | L142: =SUM(D142:K142) -> 0
B143: 1100044 | C143: หมี่กรอบโบราณ | L143: =SUM(D143:K143) -> 0
B144: 1100045 | C144: ชิฟฟ่อน 8 ชิ้น ขนุนล้วน | L144: =SUM(D144:K144) -> 0
B145: 20039042 | C145: ปังเนยนิ่ม 3 ชิ้น | L145: =SUM(D145:K145) -> 0
L146: =SUM(D146:K146) -> 0
L147: =SUM(D147:K147) -> 0
L148: =SUM(D148:K148) -> 0
L149: =SUM(D149:K149) -> 0
L150: =SUM(D150:K150) -> 0
L151: =SUM(D151:K151) -> 0
B156: …..................................................................................... | I156: ….....................................................................................
B157: ผู้จัดทำ | I157: ผู้รับทราบ

Sheet 01.10.68
B1: ยอดจริง ออนไลน์ วันที่ 01/10/2568
B2: รหัสสินค้า | C2: สินค้า | D2: ปณ | G2: ชอปปี้ | J2: ลาซาด้า | M2: ติ๊กตอก | P2: ติ๊กตอก2 | S2: ติ๊กตอก3 | V2: ชอยส์ | Y2: ยอดเส้น | Z2: ยอดรวมผลิต(กล่อง) | AA2: ยอดForcast | AB2: ยอดStock | AC2: ยอดMemo | AD2: ยอดForcastวันพรุ่งนี้ | AE2: สินค้าที่ขายได้
D3: เช้า | E3: บ่าย | F3: รวม | G3: เช้า | H3: บ่าย | I3: รวม | J3: เช้า | K3: บ่าย | L3: รวม | M3: เช้า | N3: บ่าย | O3: รวม | P3: เช้า | Q3: บ่าย | R3: รวม | S3: เช้า | T3: บ่าย | U3: รวม | V3: เช้า | W3: บ่าย | X3: รวม
B4: 1004055 | C4: ชิฟฟ่อนเค้ก วรรณวนัช (รวมรส 4 ชิ้น) | D4: 4 | F4: =SUM(D4:E4) -> 4 | I4: =SUM(G4:H4) -> 0 | L4: =SUM(J4:K4) -> 0 | M4: 61 | O4: =SUM(M4:N4) -> 61 | P4: 69 | R4: =SUM(P4:Q4) -> 69 | U4: =SUM(S4:T4) -> 0 | X4: =SUM(V4:W4) -> 0 | Y4: 36 | Z4: =+F4+I4+L4+O4+R4+U4+X4+Y4 -> 170 | AA4: 91 | AB4: 54 | AC4: =+AA4+AB4-Z4 -> -25 | AD4: 50 | AE4: =AC4+AD4 -> 25
B5: 1111002 | C5: ชิฟฟ่อนเค้ก วรรณวนัช (รวมรส 8 ชิ้น) | D5: 6 | F5: =SUM(D5:E5) -> 6 | G5: 26 | I5: =SUM(G5:H5) -> 26 | J5: 13 | L5: =SUM(J5:K5) -> 13 | M5: 7 | O5: =SUM(M5:N5) -> 7 | P5: 12 | R5: =SUM(P5:Q5) -> 12 | U5: =SUM(S5:T5) -> 0 | X5: =SUM(V5:W5) -> 0 | Y5: 46 | Z5: =+F5+I5+L5+O5+R5+U5+X5+Y5 -> 110 | AA5: 150 | AB5: 9 | AC5: =+AA5+AB5-Z5 -> 49 | AD5: 100 | AE5: =AC5+AD5 -> 149
B6: 1111055 | C6: วรรณวนัช ชิฟฟ่อนรวมรส 8 ชิ้น | F6: =SUM(D6:E6) -> 0 | I6: =SUM(G6:H6) -> 0 | L6: =SUM(J6:K6) -> 0 | O6: =SUM(M6:N6) -> 0 | R6: =SUM(P6:Q6) -> 0 | U6: =SUM(S6:T6) -> 0 | X6: =SUM(V6:W6) -> 0 | Z6: =+F6+I6+L6+O6+R6+U6+X6+Y6 -> 0 | AC6: =+AA6+AB6-Z6 -> 0 | AE6: =AC6+AD6 -> 0
B7: 1111084 | C7: ชิฟฟ่อนเค้ก รสกาแฟ (8 ชิ้น) | F7: =SUM(D7:E7) -> 0 | I7: =SUM(G7:H7) -> 0 | L7: =SUM(J7:K7) -> 0 | O7: =SUM(M7:N7) -> 0 | R7: =SUM(P7:Q7) -> 0 | U7: =SUM(S7:T7) -> 0 | X7: =SUM(V7:W7) -> 0 | Z7: =+F7+I7+L7+O7+R7+U7+X7+Y7 -> 0 | AC7: =+AA7+AB7-Z7 -> 0 | AE7: =AC7+AD7 -> 0
B8: 1111043 | C8: ชิฟฟอนรสมะลิ 8 ชิ้น ห่อ ซีน | F8: =SUM(D8:E8) -> 0 | I8: =SUM(G8:H8) -> 0 | L8: =SUM(J8:K8) -> 0 | O8: =SUM(M8:N8) -> 0 | R8: =SUM(P8:Q8) -> 0 | U8: =SUM(S8:T8) -> 0 | X8: =SUM(V8:W8) -> 0 | Z8: =+F8+I8+L8+O8+R8+U8+X8+Y8 -> 0 | AC8: =+AA8+AB8-Z8 -> 0 | AE8: =AC8+AD8 -> 0
B9: 1111057 | C9: ชิฟฟอนแยกชิ้น กาแฟ | F9: =SUM(D9:E9) -> 0 | G9: 7 | I9: =SUM(G9:H9) -> 7 | L9: =SUM(J9:K9) -> 0 | O9: =SUM(M9:N9) -> 0 | R9: =SUM(P9:Q9) -> 0 | U9: =SUM(S9:T9) -> 0 | X9: =SUM(V9:W9) -> 0 | Z9: =+F9+I9+L9+O9+R9+U9+X9+Y9 -> 7 | AC9: =+AA9+AB9-Z9 -> -7 | AE9: =AC9+AD9 -> -7
B10: 1111058 | C10: ชิฟฟอนแยกชิ้น มะลิ | F10: =SUM(D10:E10) -> 0 | G10: 7 | I10: =SUM(G10:H10) -> 7 | L10: =SUM(J10:K10) -> 0 | O10: =SUM(M10:N10) -> 0 | R10: =SUM(P10:Q10) -> 0 | U10: =SUM(S10:T10) -> 0 | X10: =SUM(V10:W10) -> 0 | Z10: =+F10+I10+L10+O10+R10+U10+X10+Y10 -> 7 | AC10: =+AA10+AB10-Z10 -> -7 | AE10: =AC10+AD10 -> -7
B11: 1111059 | C11: ชิฟฟอนแยกชิ้น ใบเตย | F11: =SUM(D11:E11) -> 0 | G11: 7 | I11: =SUM(G11:H11) -> 7 | L11: =SUM(J11:K11) -> 0 | O11: =SUM(M11:N11) -> 0 | R11: =SUM(P11:Q11) -> 0 | U11: =SUM(S11:T11) -> 0 | X11: =SUM(V11:W11) -> 0 | Z11: =+F11+I11+L11+O11+R11+U11+X11+Y11 -> 7 | AC11: =+AA11+AB11-Z11 -> -7 | AE11: =AC11+AD11 -> -7
B12: 1111060 | C12: ชิฟฟอนแยกชิ้น กล้วยหอม | F12: =SUM(D12:E12) -> 0 | G12: 7 | I12: =SUM(G12:H12) -> 7 | L12: =SUM(J12:K12) -> 0 | O12: =SUM(M12:N12) -> 0 | R12: =SUM(P12:Q12) -> 0 | U12: =SUM(S12:T12) -> 0 | X12: =SUM(V12:W12) -> 0 | Z12: =+F12+I12+L12+O12+R12+U12+X12+Y12 -> 7 | AC12: =+AA12+AB12-Z12 -> -7 | AE12: =AC12+AD12 -> -7
B13: 1111061 | C13: ชิฟฟอนแยกชิ้น ชาไทย | F13: =SUM(D13:E13) -> 0 | G13: 7 | I13: =SUM(G13:H13) -> 7 | L13: =SUM(J13:K13) -> 0 | O13: =SUM(M13:N13) -> 0 | R13: =SUM(P13:Q13) -> 0 | U13: =SUM(S13:T13) -> 0 | X13: =SUM(V13:W13) -> 0 | Z13: =+F13+I13+L13+O13+R13+U13+X13+Y13 -> 7 | AC13: =+AA13+AB13-Z13 -> -7 | AE13: =AC13+AD13 -> -7
B14: 1111062 | C14: ชิฟฟอนแยกชิ้น โกโก้ | F14: =SUM(D14:E14) -> 0 | G14: 7 | I14: =SUM(G14:H14) -> 7 | L14: =SUM(J14:K14) -> 0 | O14: =SUM(M14:N14) -> 0 | R14: =SUM(P14:Q14) -> 0 | U14: =SUM(S14:T14) -> 0 | X14: =SUM(V14:W14) -> 0 | Z14: =+F14+I14+L14+O14+R14+U14+X14+Y14 -> 7 | AC14: =+AA14+AB14-Z14 -> -7 | AE14: =AC14+AD14 -> -7
B15: 1111063 | C15: ชิฟฟอนแยกชิ้น ส้ม | F15: =SUM(D15:E15) -> 0 | G15: 7 | I15: =SUM(G15:H15) -> 7 | L15: =SUM(J15:K15) -> 0 | O15: =SUM(M15:N15) -> 0 | R15: =SUM(P15:Q15) -> 0 | U15: =SUM(S15:T15) -> 0 | X15: =SUM(V15:W15) -> 0 | Z15: =+F15+I15+L15+O15+R15+U15+X15+Y15 -> 7 | AC15: =+AA15+AB15-Z15 -> -7 | AE15: =AC15+AD15 -> -7
B16: 1111064 | C16: ชิฟฟอนแยกชิ้น เผือก | F16: =SUM(D16:E16) -> 0 | G16: 7 | I16: =SUM(G16:H16) -> 7 | L16: =SUM(J16:K16) -> 0 | O16: =SUM(M16:N16) -> 0 | R16: =SUM(P16:Q16) -> 0 | U16: =SUM(S16:T16) -> 0 | X16: =SUM(V16:W16) -> 0 | Z16: =+F16+I16+L16+O16+R16+U16+X16+Y16 -> 7 | AC16: =+AA16+AB16-Z16 -> -7 | AE16: =AC16+AD16 -> -7
B17: 1111065 | C17: ชิฟฟอนแยกชิ้น สับปะรด | F17: =SUM(D17:E17) -> 0 | G17: 7 | I17: =SUM(G17:H17) -> 7 | L17: =SUM(J17:K17) -> 0 | O17: =SUM(M17:N17) -> 0 | R17: =SUM(P17:Q17) -> 0 | U17: =SUM(S17:T17) -> 0 | X17: =SUM(V17:W17) -> 0 | Z17: =+F17+I17+L17+O17+R17+U17+X17+Y17 -> 7 | AC17: =+AA17+AB17-Z17 -> -7 | AE17: =AC17+AD17 -> -7
B18: 1111066 | C18: ชิฟฟอนแยกชิ้น สตอเบอรี่ | F18: =SUM(D18:E18) -> 0 | G18: 7 | I18: =SUM(G18:H18) -> 7 | L18: =SUM(J18:K18) -> 0 | O18: =SUM(M18:N18) -> 0 | R18: =SUM(P18:Q18) -> 0 | U18: =SUM(S18:T18) -> 0 | X18: =SUM(V18:W18) -> 0 | Z18: =+F18+I18+L18+O18+R18+U18+X18+Y18 -> 7 | AC18: =+AA18+AB18-Z18 -> -7 | AE18: =AC18+AD18 -> -7
B19: 1111067 | C19: ชิฟฟอนแยกชิ้น มะพร้าว | F19: =SUM(D19:E19) -> 0 | G19: 7 | I19: =SUM(G19:H19) -> 7 | L19: =SUM(J19:K19) -> 0 | O19: =SUM(M19:N19) -> 0 | R19: =SUM(P19:Q19) -> 0 | U19: =SUM(S19:T19) -> 0 | X19: =SUM(V19:W19) -> 0 | Z19: =+F19+I19+L19+O19+R19+U19+X19+Y19 -> 7 | AC19: =+AA19+AB19-Z19 -> -7 | AE19: =AC19+AD19 -> -7
B20: 1111068 | C20: ชิฟฟอนแยกชิ้น เนย | F20: =SUM(D20:E20) -> 0 | G20: 7 | I20: =SUM(G20:H20) -> 7 | L20: =SUM(J20:K20) -> 0 | O20: =SUM(M20:N20) -> 0 | R20: =SUM(P20:Q20) -> 0 | U20: =SUM(S20:T20) -> 0 | X20: =SUM(V20:W20) -> 0 | Z20: =+F20+I20+L20+O20+R20+U20+X20+Y20 -> 7 | AC20: =+AA20+AB20-Z20 -> -7 | AE20: =AC20+AD20 -> -7
B21: 1111069 | C21: ชิฟฟอนแยกชิ้น บลูเบอรี่ | F21: =SUM(D21:E21) -> 0 | G21: 6 | I21: =SUM(G21:H21) -> 6 | L21: =SUM(J21:K21) -> 0 | O21: =SUM(M21:N21) -> 0 | R21: =SUM(P21:Q21) -> 0 | U21: =SUM(S21:T21) -> 0 | X21: =SUM(V21:W21) -> 0 | Z21: =+F21+I21+L21+O21+R21+U21+X21+Y21 -> 6 | AC21: =+AA21+AB21-Z21 -> -6 | AE21: =AC21+AD21 -> -6
B22: 1111070 | C22: ชิฟฟอนแยกชิ้น ทุเรียน | F22: =SUM(D22:E22) -> 0 | I22: =SUM(G22:H22) -> 0 | L22: =SUM(J22:K22) -> 0 | O22: =SUM(M22:N22) -> 0 | R22: =SUM(P22:Q22) -> 0 | U22: =SUM(S22:T22) -> 0 | X22: =SUM(V22:W22) -> 0 | Z22: =+F22+I22+L22+O22+R22+U22+X22+Y22 -> 0 | AC22: =+AA22+AB22-Z22 -> 0 | AE22: =AC22+AD22 -> 0
B23: 1111071 | C23: ชิฟฟอนแยกชิ้น ตาล | F23: =SUM(D23:E23) -> 0 | I23: =SUM(G23:H23) -> 0 | L23: =SUM(J23:K23) -> 0 | O23: =SUM(M23:N23) -> 0 | R23: =SUM(P23:Q23) -> 0 | U23: =SUM(S23:T23) -> 0 | X23: =SUM(V23:W23) -> 0 | Z23: =+F23+I23+L23+O23+R23+U23+X23+Y23 -> 0 | AC23: =+AA23+AB23-Z23 -> 0 | AE23: =AC23+AD23 -> 0
B24: 1111010 | C24: ชิฟฟ่อนเค้กสอดไส้แยม (1 ชิ้น) แยมสับปะรด | F24: =SUM(D24:E24) -> 0 | I24: =SUM(G24:H24) -> 0 | L24: =SUM(J24:K24) -> 0 | O24: =SUM(M24:N24) -> 0 | R24: =SUM(P24:Q24) -> 0 | U24: =SUM(S24:T24) -> 0 | X24: =SUM(V24:W24) -> 0 | Z24: =+F24+I24+L24+O24+R24+U24+X24+Y24 -> 0 | AC24: =+AA24+AB24-Z24 -> 0 | AE24: =AC24+AD24 -> 0
B25: 1111008 | C25: ชิฟฟ่อนเค้ก สอดไส้ (รวมรส 3 ชิ้น) | D25: 4 | F25: =SUM(D25:E25) -> 4 | I25: =SUM(G25:H25) -> 0 | J25: 3 | L25: =SUM(J25:K25) -> 3 | M25: 30 | O25: =SUM(M25:N25) -> 30 | P25: 12 | R25: =SUM(P25:Q25) -> 12 | U25: =SUM(S25:T25) -> 0 | X25: =SUM(V25:W25) -> 0 | Y25: 10 | Z25: =+F25+I25+L25+O25+R25+U25+X25+Y25 -> 59 | AA25: 60 | AC25: =+AA25+AB25-Z25 -> 1 | AD25: 50 | AE25: =AC25+AD25 -> 51
B26: 1111009 | C26: ชิฟฟ่อนเค้ก สอดไส้ (รวมรส 6 ชิ้น) | D26: 4 | F26: =SUM(D26:E26) -> 4 | G26: 3 | I26: =SUM(G26:H26) -> 3 | J26: 2 | L26: =SUM(J26:K26) -> 2 | M26: 1 | O26: =SUM(M26:N26) -> 1 | R26: =SUM(P26:Q26) -> 0 | U26: =SUM(S26:T26) -> 0 | X26: =SUM(V26:W26) -> 0 | Z26: =+F26+I26+L26+O26+R26+U26+X26+Y26 -> 10 | AA26: 20 | AC26: =+AA26+AB26-Z26 -> 10 | AD26: 20 | AE26: =AC26+AD26 -> 30
B27: 1111011 | C27: ชิฟฟ่อนเค้กสอดไส้ นมชมพูฮอกไกโด (3 ชิ้น) | F27: =SUM(D27:E27) -> 0 | I27: =SUM(G27:H27) -> 0 | L27: =SUM(J27:K27) -> 0 | O27: =SUM(M27:N27) -> 0 | R27: =SUM(P27:Q27) -> 0 | U27: =SUM(S27:T27) -> 0 | X27: =SUM(V27:W27) -> 0 | Z27: =+F27+I27+L27+O27+R27+U27+X27+Y27 -> 0 | AC27: =+AA27+AB27-Z27 -> 0 | AE27: =AC27+AD27 -> 0
B28: 1111012 | C28: ชิฟฟ่อนเค้กสอดไส้ นมชมพูฮอกไกโด (6 ชิ้น) | F28: =SUM(D28:E28) -> 0 | I28: =SUM(G28:H28) -> 0 | L28: =SUM(J28:K28) -> 0 | O28: =SUM(M28:N28) -> 0 | R28: =SUM(P28:Q28) -> 0 | U28: =SUM(S28:T28) -> 0 | X28: =SUM(V28:W28) -> 0 | Z28: =+F28+I28+L28+O28+R28+U28+X28+Y28 -> 0 | AC28: =+AA28+AB28-Z28 -> 0 | AE28: =AC28+AD28 -> 0
B29: 1111013 | C29: ชิฟฟ่อนเค้กสอดไส้ ช็อคโกแลตนูเทลล่า (3 ชิ้น) | F29: =SUM(D29:E29) -> 0 | I29: =SUM(G29:H29) -> 0 | L29: =SUM(J29:K29) -> 0 | O29: =SUM(M29:N29) -> 0 | R29: =SUM(P29:Q29) -> 0 | U29: =SUM(S29:T29) -> 0 | X29: =SUM(V29:W29) -> 0 | Z29: =+F29+I29+L29+O29+R29+U29+X29+Y29 -> 0 | AC29: =+AA29+AB29-Z29 -> 0 | AE29: =AC29+AD29 -> 0
B30: 1111014 | C30: ชิฟฟ่อนเค้กสอดไส้ ช็อคโกแลตนูเทลล่า (6 ชิ้น) | F30: =SUM(D30:E30) -> 0 | I30: =SUM(G30:H30) -> 0 | L30: =SUM(J30:K30) -> 0 | O30: =SUM(M30:N30) -> 0 | R30: =SUM(P30:Q30) -> 0 | U30: =SUM(S30:T30) -> 0 | X30: =SUM(V30:W30) -> 0 | Z30: =+F30+I30+L30+O30+R30+U30+X30+Y30 -> 0 | AC30: =+AA30+AB30-Z30 -> 0 | AE30: =AC30+AD30 -> 0
B31: 1111015 | C31: ชิฟฟ่อนเค้กสอดไส้เนย รสมะพร้าว (3 ชิ้น) | F31: =SUM(D31:E31) -> 0 | I31: =SUM(G31:H31) -> 0 | L31: =SUM(J31:K31) -> 0 | O31: =SUM(M31:N31) -> 0 | R31: =SUM(P31:Q31) -> 0 | U31: =SUM(S31:T31) -> 0 | X31: =SUM(V31:W31) -> 0 | Z31: =+F31+I31+L31+O31+R31+U31+X31+Y31 -> 0 | AC31: =+AA31+AB31-Z31 -> 0 | AE31: =AC31+AD31 -> 0
B32: 1111016 | C32: ชิฟฟ่อนเค้กสอดไส้เนย รสมะพร้าว (6 ชิ้น) | F32: =SUM(D32:E32) -> 0 | I32: =SUM(G32:H32) -> 0 | L32: =SUM(J32:K32) -> 0 | O32: =SUM(M32:N32) -> 0 | R32: =SUM(P32:Q32) -> 0 | U32: =SUM(S32:T32) -> 0 | X32: =SUM(V32:W32) -> 0 | Z32: =+F32+I32+L32+O32+R32+U32+X32+Y32 -> 0 | AC32: =+AA32+AB32-Z32 -> 0 | AE32: =AC32+AD32 -> 0
B33: 1111017 | C33: ชิฟฟ่อนเค้กสอดไส้แยม รสบลูเบอร์รี่ (3 ชิ้น) | F33: =SUM(D33:E33) -> 0 | I33: =SUM(G33:H33) -> 0 | L33: =SUM(J33:K33) -> 0 | O33: =SUM(M33:N33) -> 0 | R33: =SUM(P33:Q33) -> 0 | U33: =SUM(S33:T33) -> 0 | X33: =SUM(V33:W33) -> 0 | Z33: =+F33+I33+L33+O33+R33+U33+X33+Y33 -> 0 | AC33: =+AA33+AB33-Z33 -> 0 | AE33: =AC33+AD33 -> 0
B34: 1111018 | C34: ชิฟฟ่อนเค้กสอดไส้แยม รสบลูเบอร์รี่ (6 ชิ้น) | F34: =SUM(D34:E34) -> 0 | I34: =SUM(G34:H34) -> 0 | L34: =SUM(J34:K34) -> 0 | O34: =SUM(M34:N34) -> 0 | R34: =SUM(P34:Q34) -> 0 | U34: =SUM(S34:T34) -> 0 | X34: =SUM(V34:W34) -> 0 | Z34: =+F34+I34+L34+O34+R34+U34+X34+Y34 -> 0 | AC34: =+AA34+AB34-Z34 -> 0 | AE34: =AC34+AD34 -> 0
B35: 1111019 | C35: ชิฟฟ่อนเค้กหน้าฝอยทอง สอดไส้แยมส้ม (3 ชิ้น) | F35: =SUM(D35:E35) -> 0 | I35: =SUM(G35:H35) -> 0 | L35: =SUM(J35:K35) -> 0 | O35: =SUM(M35:N35) -> 0 | R35: =SUM(P35:Q35) -> 0 | U35: =SUM(S35:T35) -> 0 | X35: =SUM(V35:W35) -> 0 | Z35: =+F35+I35+L35+O35+R35+U35+X35+Y35 -> 0 | AC35: =+AA35+AB35-Z35 -> 0 | AE35: =AC35+AD35 -> 0
B36: 1111020 | C36: ชิฟฟ่อนเค้กหน้าฝอยทอง สอดไส้แยมส้ม (6 ชิ้น) | F36: =SUM(D36:E36) -> 0 | I36: =SUM(G36:H36) -> 0 | L36: =SUM(J36:K36) -> 0 | O36: =SUM(M36:N36) -> 0 | R36: =SUM(P36:Q36) -> 0 | U36: =SUM(S36:T36) -> 0 | X36: =SUM(V36:W36) -> 0 | Z36: =+F36+I36+L36+O36+R36+U36+X36+Y36 -> 0 | AC36: =+AA36+AB36-Z36 -> 0 | AE36: =AC36+AD36 -> 0
B37: 1111022 | C37: ชิฟฟ่อนเค้กสอดไส้แยม รสสตรอว์เบอร์รี (3 ชิ้น) | F37: =SUM(D37:E37) -> 0 | I37: =SUM(G37:H37) -> 0 | L37: =SUM(J37:K37) -> 0 | O37: =SUM(M37:N37) -> 0 | R37: =SUM(P37:Q37) -> 0 | U37: =SUM(S37:T37) -> 0 | X37: =SUM(V37:W37) -> 0 | Z37: =+F37+I37+L37+O37+R37+U37+X37+Y37 -> 0 | AC37: =+AA37+AB37-Z37 -> 0 | AE37: =AC37+AD37 -> 0
B38: 1111023 | C38: ชิฟฟ่อนเค้กสอดไส้แยม รสสตรอว์เบอร์รี (6 ชิ้น) | F38: =SUM(D38:E38) -> 0 | I38: =SUM(G38:H38) -> 0 | L38: =SUM(J38:K38) -> 0 | O38: =SUM(M38:N38) -> 0 | R38: =SUM(P38:Q38) -> 0 | U38: =SUM(S38:T38) -> 0 | X38: =SUM(V38:W38) -> 0 | Z38: =+F38+I38+L38+O38+R38+U38+X38+Y38 -> 0 | AC38: =+AA38+AB38-Z38 -> 0 | AE38: =AC38+AD38 -> 0
... B40: 1111025 | C40: ชิฟฟ่อนเค้กสอดไส้แยม รสส้ม (6 ชิ้น) | F40: =SUM(D40:E40) -> 0 | I40: =SUM(G40:H40) -> 0 | L40: =SUM(J40:K40) -> 0 | O40: =SUM(M40:N40) -> 0 | R40: =SUM(P40:Q40) -> 0 | U40: =SUM(S40:T40) -> 0 | X40: =SUM(V40:W40) -> 0 | Z40: =+F40+I40+L40+O40+R40+U40+X40+Y40 -> 0 | AC40: =+AA40+AB40-Z40 -> 0 | AE40: =AC40+AD40 -> 0
B41: 1111056 | C41: ชิฟฟอนรวมรสยอดฮิต 8 ชิ้น | F41: =SUM(D41:E41) -> 0 | G41: 6 | I41: =SUM(G41:H41) -> 6 | L41: =SUM(J41:K41) -> 0 | O41: =SUM(M41:N41) -> 0 | R41: =SUM(P41:Q41) -> 0 | U41: =SUM(S41:T41) -> 0 | X41: =SUM(V41:W41) -> 0 | Z41: =+F41+I41+L41+O41+R41+U41+X41+Y41 -> 6 | AB41: 14 | AC41: =+AA41+AB41-Z41 -> 8 | AD41: 10 | AE41: =AC41+AD41 -> 18
B42: 1111074 | C42: ชิฟฟอนไส้แยมแยกชิ้น มะพร้าว | F42: =SUM(D42:E42) -> 0 | G42: 7 | I42: =SUM(G42:H42) -> 7 | J42: 1 | L42: =SUM(J42:K42) -> 1 | O42: =SUM(M42:N42) -> 0 | R42: =SUM(P42:Q42) -> 0 | U42: =SUM(S42:T42) -> 0 | X42: =SUM(V42:W42) -> 0 | Z42: =+F42+I42+L42+O42+R42+U42+X42+Y42 -> 8 | AC42: =+AA42+AB42-Z42 -> -8 | AE42: =AC42+AD42 -> -8
B43: 1111075 | C43: ชิฟฟอนไส้แยมแยกชิ้น สตอเบอรี่ | F43: =SUM(D43:E43) -> 0 | G43: 7 | I43: =SUM(G43:H43) -> 7 | J43: 1 | L43: =SUM(J43:K43) -> 1 | O43: =SUM(M43:N43) -> 0 | R43: =SUM(P43:Q43) -> 0 | U43: =SUM(S43:T43) -> 0 | X43: =SUM(V43:W43) -> 0 | Z43: =+F43+I43+L43+O43+R43+U43+X43+Y43 -> 8 | AC43: =+AA43+AB43-Z43 -> -8 | AE43: =AC43+AD43 -> -8
B44: 1111076 | C44: ชิฟฟอนไส้แยมแยกชิ้น ส้ม | F44: =SUM(D44:E44) -> 0 | G44: 7 | I44: =SUM(G44:H44) -> 7 | J44: 1 | L44: =SUM(J44:K44) -> 1 | O44: =SUM(M44:N44) -> 0 | R44: =SUM(P44:Q44) -> 0 | U44: =SUM(S44:T44) -> 0 | X44: =SUM(V44:W44) -> 0 | Z44: =+F44+I44+L44+O44+R44+U44+X44+Y44 -> 8 | AC44: =+AA44+AB44-Z44 -> -8 | AE44: =AC44+AD44 -> -8
B45: 1111077 | C45: ชิฟฟอนไส้แยมแยกชิ้น บลูเบอรี่ | F45: =SUM(D45:E45) -> 0 | G45: 7 | I45: =SUM(G45:H45) -> 7 | J45: 1 | L45: =SUM(J45:K45) -> 1 | O45: =SUM(M45:N45) -> 0 | R45: =SUM(P45:Q45) -> 0 | U45: =SUM(S45:T45) -> 0 | X45: =SUM(V45:W45) -> 0 | Z45: =+F45+I45+L45+O45+R45+U45+X45+Y45 -> 8 | AC45: =+AA45+AB45-Z45 -> -8 | AE45: =AC45+AD45 -> -8
B46: 1111078 | C46: ชิฟฟอนไส้แยมแยกชิ้น นมชมพู | F46: =SUM(D46:E46) -> 0 | G46: 7 | I46: =SUM(G46:H46) -> 7 | J46: 1 | L46: =SUM(J46:K46) -> 1 | O46: =SUM(M46:N46) -> 0 | R46: =SUM(P46:Q46) -> 0 | U46: =SUM(S46:T46) -> 0 | X46: =SUM(V46:W46) -> 0 | Z46: =+F46+I46+L46+O46+R46+U46+X46+Y46 -> 8 | AC46: =+AA46+AB46-Z46 -> -8 | AE46: =AC46+AD46 -> -8
B47: 1111079 | C47: ชิฟฟอนไส้แยมแยกชิ้น ชอคโกแลต | F47: =SUM(D47:E47) -> 0 | G47: 7 | I47: =SUM(G47:H47) -> 7 | J47: 1 | L47: =SUM(J47:K47) -> 1 | O47: =SUM(M47:N47) -> 0 | R47: =SUM(P47:Q47) -> 0 | U47: =SUM(S47:T47) -> 0 | X47: =SUM(V47:W47) -> 0 | Z47: =+F47+I47+L47+O47+R47+U47+X47+Y47 -> 8 | AC47: =+AA47+AB47-Z47 -> -8 | AE47: =AC47+AD47 -> -8
B48: 1111080 | C48: ชิฟฟอนไส้แยมแยกชิ้น ฝอยทอง | F48: =SUM(D48:E48) -> 0 | G48: 7 | I48: =SUM(G48:H48) -> 7 | J48: 1 | L48: =SUM(J48:K48) -> 1 | O48: =SUM(M48:N48) -> 0 | R48: =SUM(P48:Q48) -> 0 | U48: =SUM(S48:T48) -> 0 | X48: =SUM(V48:W48) -> 0 | Z48: =+F48+I48+L48+O48+R48+U48+X48+Y48 -> 8 | AC48: =+AA48+AB48-Z48 -> -8 | AE48: =AC48+AD48 -> -8
B49: 1111081 | C49: ชิฟฟอนไส้แยมแยกชิ้น วนิลา | F49: =SUM(D49:E49) -> 0 | G49: 7 | I49: =SUM(G49:H49) -> 7 | J49: 1 | L49: =SUM(J49:K49) -> 1 | O49: =SUM(M49:N49) -> 0 | R49: =SUM(P49:Q49) -> 0 | U49: =SUM(S49:T49) -> 0 | X49: =SUM(V49:W49) -> 0 | Z49: =+F49+I49+L49+O49+R49+U49+X49+Y49 -> 8 | AC49: =+AA49+AB49-Z49 -> -8 | AE49: =AC49+AD49 -> -8
B50: 1111082 | C50: ชิฟฟอนไส้แยมแยกชิ้น ใบเตย | F50: =SUM(D50:E50) -> 0 | G50: 7 | I50: =SUM(G50:H50) -> 7 | J50: 1 | L50: =SUM(J50:K50) -> 1 | O50: =SUM(M50:N50) -> 0 | R50: =SUM(P50:Q50) -> 0 | U50: =SUM(S50:T50) -> 0 | X50: =SUM(V50:W50) -> 0 | Z50: =+F50+I50+L50+O50+R50+U50+X50+Y50 -> 8 | AC50: =+AA50+AB50-Z50 -> -8 | AE50: =AC50+AD50 -> -8
B51: 1111083 | C51: ชิฟฟอนไส้แยมแยกชิ้น เมล่อน | F51: =SUM(D51:E51) -> 0 | G51: 7 | I51: =SUM(G51:H51) -> 7 | J51: 1 | L51: =SUM(J51:K51) -> 1 | O51: =SUM(M51:N51) -> 0 | R51: =SUM(P51:Q51) -> 0 | U51: =SUM(S51:T51) -> 0 | X51: =SUM(V51:W51) -> 0 | Z51: =+F51+I51+L51+O51+R51+U51+X51+Y51 -> 8 | AC51: =+AA51+AB51-Z51 -> -8 | AE51: =AC51+AD51 -> -8
B52: 1112002 | C52: เค้กเบาหวิว รสกาแฟ (300 กรัม) | F52: =SUM(D52:E52) -> 0 | I52: =SUM(G52:H52) -> 0 | L52: =SUM(J52:K52) -> 0 | O52: =SUM(M52:N52) -> 0 | R52: =SUM(P52:Q52) -> 0 | U52: =SUM(S52:T52) -> 0 | X52: =SUM(V52:W52) -> 0 | Y52: 10 | Z52: =+F52+I52+L52+O52+R52+U52+X52+Y52 -> 10 | AA52: 10 | AC52: =+AA52+AB52-Z52 -> 0 | AE52: =AC52+AD52 -> 0
B53: 1112003 | C53: เค้กเบาหวิว รสกาแฟ (110 กรัม) | F53: =SUM(D53:E53) -> 0 | I53: =SUM(G53:H53) -> 0 | L53: =SUM(J53:K53) -> 0 | M53: 70 | O53: =SUM(M53:N53) -> 70 | P53: 12 | R53: =SUM(P53:Q53) -> 12 | U53: =SUM(S53:T53) -> 0 | X53: =SUM(V53:W53) -> 0 | Z53: =+F53+I53+L53+O53+R53+U53+X53+Y53 -> 82 | AA53: 65 | AB53: 24 | AC53: =+AA53+AB53-Z53 -> 7 | AD53: 65 | AE53: =AC53+AD53 -> 72
B54: 1112004 | C54: เค้กเบาหวิว รสเนยนม (300 กรัม) | F54: =SUM(D54:E54) -> 0 | I54: =SUM(G54:H54) -> 0 | L54: =SUM(J54:K54) -> 0 | O54: =SUM(M54:N54) -> 0 | R54: =SUM(P54:Q54) -> 0 | U54: =SUM(S54:T54) -> 0 | X54: =SUM(V54:W54) -> 0 | Y54: 50 | Z54: =+F54+I54+L54+O54+R54+U54+X54+Y54 -> 50 | AA54: 50 | AC54: =+AA54+AB54-Z54 -> 0 | AE54: =AC54+AD54 -> 0
B55: 1112005 | C55: เค้กเบาหวิว รสเนยนม (110 กรัม) | D55: 2 | F55: =SUM(D55:E55) -> 2 | I55: =SUM(G55:H55) -> 0 | L55: =SUM(J55:K55) -> 0 | M55: 70 | O55: =SUM(M55:N55) -> 70 | P55: 12 | R55: =SUM(P55:Q55) -> 12 | U55: =SUM(S55:T55) -> 0 | X55: =SUM(V55:W55) -> 0 | Z55: =+F55+I55+L55+O55+R55+U55+X55+Y55 -> 84 | AA55: 65 | AB55: 39 | AC55: =+AA55+AB55-Z55 -> 20 | AD55: 65 | AE55: =AC55+AD55 -> 85
B56: 1112008 | C56: เค้กเบาหวิว รสมะพร้าวน้ำหอม (300 กรัม) | F56: =SUM(D56:E56) -> 0 | I56: =SUM(G56:H56) -> 0 | L56: =SUM(J56:K56) -> 0 | O56: =SUM(M56:N56) -> 0 | R56: =SUM(P56:Q56) -> 0 | U56: =SUM(S56:T56) -> 0 | X56: =SUM(V56:W56) -> 0 | Y56: 20 | Z56: =+F56+I56+L56+O56+R56+U56+X56+Y56 -> 20 | AA56: 20 | AC56: =+AA56+AB56-Z56 -> 0 | AE56: =AC56+AD56 -> 0
B57: 1112009 | C57: เค้กเบาหวิว รสมะพร้าวน้ำหอม (110 กรัม) | F57: =SUM(D57:E57) -> 0 | G57: 1 | I57: =SUM(G57:H57) -> 1 | L57: =SUM(J57:K57) -> 0 | M57: 71 | O57: =SUM(M57:N57) -> 71 | P57: 27 | R57: =SUM(P57:Q57) -> 27 | U57: =SUM(S57:T57) -> 0 | X57: =SUM(V57:W57) -> 0 | Y57: 5 | Z57: =+F57+I57+L57+O57+R57+U57+X57+Y57 -> 104 | AA57: 99 | AB57: 34 | AC57: =+AA57+AB57-Z57 -> 29 | AD57: 65 | AE57: =AC57+AD57 -> 94
B58: 1112010 | C58: เค้กเบาหวิว หน้าฝอยทอง (300 กรัม) | F58: =SUM(D58:E58) -> 0 | I58: =SUM(G58:H58) -> 0 | L58: =SUM(J58:K58) -> 0 | O58: =SUM(M58:N58) -> 0 | R58: =SUM(P58:Q58) -> 0 | U58: =SUM(S58:T58) -> 0 | X58: =SUM(V58:W58) -> 0 | Y58: 30 | Z58: =+F58+I58+L58+O58+R58+U58+X58+Y58 -> 30 | AA58: 30 | AC58: =+AA58+AB58-Z58 -> 0 | AE58: =AC58+AD58 -> 0
B59: 1112011 | C59: เค้กเบาหวิว หน้าฝอยทอง (110 กรัม) | D59: 1 | F59: =SUM(D59:E59) -> 1 | I59: =SUM(G59:H59) -> 0 | J59: 4 | L59: =SUM(J59:K59) -> 4 | M59: 70 | O59: =SUM(M59:N59) -> 70 | P59: 12 | R59: =SUM(P59:Q59) -> 12 | U59: =SUM(S59:T59) -> 0 | X59: =SUM(V59:W59) -> 0 | Y59: 5 | Z59: =+F59+I59+L59+O59+R59+U59+X59+Y59 -> 92 | AA59: 76 | AB59: 37 | AC59: =+AA59+AB59-Z59 -> 21 | AD59: 65 | AE59: =AC59+AD59 -> 86
B60: 1112012 | C60: เค้กเบาหวิว รสเผือกหน้ามะพร้าวเผา (300 กรัม) | F60: =SUM(D60:E60) -> 0 | I60: =SUM(G60:H60) -> 0 | L60: =SUM(J60:K60) -> 0 | O60: =SUM(M60:N60) -> 0 | R60: =SUM(P60:Q60) -> 0 | U60: =SUM(S60:T60) -> 0 | X60: =SUM(V60:W60) -> 0 | Z60: =+F60+I60+L60+O60+R60+U60+X60+Y60 -> 0 | AC60: =+AA60+AB60-Z60 -> 0 | AE60: =AC60+AD60 -> 0
B61: 1112013 | C61: เค้กเบาหวิว รสเผือกหน้ามะพร้าวเผา (110 กรัม) | F61: =SUM(D61:E61) -> 0 | G61: 1 | I61: =SUM(G61:H61) -> 1 | L61: =SUM(J61:K61) -> 0 | M61: 70 | O61: =SUM(M61:N61) -> 70 | P61: 12 | R61: =SUM(P61:Q61) -> 12 | U61: =SUM(S61:T61) -> 0 | X61: =SUM(V61:W61) -> 0 | Y61: 5 | Z61: =+F61+I61+L61+O61+R61+U61+X61+Y61 -> 88 | AA61: 74 | AB61: 37 | AC61: =+AA61+AB61-Z61 -> 23 | AD61: 65 | AE61: =AC61+AD61 -> 88
B62: 1112014 | C62: เค้กเบาหวิว รสกล้วยหอมหน้ามะพร้าวเผา (300 กรัม) | F62: =SUM(D62:E62) -> 0 | I62: =SUM(G62:H62) -> 0 | L62: =SUM(J62:K62) -> 0 | O62: =SUM(M62:N62) -> 0 | R62: =SUM(P62:Q62) -> 0 | U62: =SUM(S62:T62) -> 0 | X62: =SUM(V62:W62) -> 0 | Z62: =+F62+I62+L62+O62+R62+U62+X62+Y62 -> 0 | AC62: =+AA62+AB62-Z62 -> 0 | AE62: =AC62+AD62 -> 0
B63: 1112015 | C63: เค้กเบาหวิว รสกล้วยหอมหน้ามะพร้าวเผา (110 กรัม) | D63: 1 | F63: =SUM(D63:E63) -> 1 | G63: 1 | I63: =SUM(G63:H63) -> 1 | L63: =SUM(J63:K63) -> 0 | M63: 70 | O63: =SUM(M63:N63) -> 70 | R63: =SUM(P63:Q63) -> 0 | U63: =SUM(S63:T63) -> 0 | X63: =SUM(V63:W63) -> 0 | Y63: 25 | Z63: =+F63+I63+L63+O63+R63+U63+X63+Y63 -> 97 | AA63: 91 | AB63: 44 | AC63: =+AA63+AB63-Z63 -> 38 | AD63: 65 | AE63: =AC63+AD63 -> 103
B64: 1112017 | C64: เค้กเบาหวิว รสตาลหอม (110 กรัม) | F64: =SUM(D64:E64) -> 0 | I64: =SUM(G64:H64) -> 0 | L64: =SUM(J64:K64) -> 0 | O64: =SUM(M64:N64) -> 0 | R64: =SUM(P64:Q64) -> 0 | U64: =SUM(S64:T64) -> 0 | X64: =SUM(V64:W64) -> 0 | Z64: =+F64+I64+L64+O64+R64+U64+X64+Y64 -> 0 | AC64: =+AA64+AB64-Z64 -> 0 | AE64: =AC64+AD64 -> 0
B65: 1100003 | C65: เมอร์แรงค์ (กระปุก) | F65: =SUM(D65:E65) -> 0 | I65: =SUM(G65:H65) -> 0 | L65: =SUM(J65:K65) -> 0 | O65: =SUM(M65:N65) -> 0 | R65: =SUM(P65:Q65) -> 0 | U65: =SUM(S65:T65) -> 0 | X65: =SUM(V65:W65) -> 0 | Z65: =+F65+I65+L65+O65+R65+U65+X65+Y65 -> 0 | AC65: =+AA65+AB65-Z65 -> 0 | AE65: =AC65+AD65 -> 0
B66: 20039042 | C66: ขนมปังเนยนิ่ม 3 ชิ้น | F66: =SUM(D66:E66) -> 0 | I66: =SUM(G66:H66) -> 0 | L66: =SUM(J66:K66) -> 0 | O66: =SUM(M66:N66) -> 0 | R66: =SUM(P66:Q66) -> 0 | U66: =SUM(S66:T66) -> 0 | X66: =SUM(V66:W66) -> 0 | Z66: =+F66+I66+L66+O66+R66+U66+X66+Y66 -> 0 | AC66: =+AA66+AB66-Z66 -> 0 | AE66: =AC66+AD66 -> 0
B67: 1114501 | C67: ครีมฮอร์นวนิลา เนยสด | F67: =SUM(D67:E67) -> 0 | G67: 6 | I67: =SUM(G67:H67) -> 6 | J67: 1 | L67: =SUM(J67:K67) -> 1 | M67: 154 | O67: =SUM(M67:N67) -> 154 | P67: 27 | R67: =SUM(P67:Q67) -> 27 | U67: =SUM(S67:T67) -> 0 | X67: =SUM(V67:W67) -> 0 | Z67: =+F67+I67+L67+O67+R67+U67+X67+Y67 -> 188 | AA67: 252 | AB67: 129 | AC67: =+AA67+AB67-Z67 -> 193 | AD67: 150 | AE67: =AC67+AD67 -> 343
B68: 1114502 | C68: ครีมฮอร์นใบเตย เนยสด | F68: =SUM(D68:E68) -> 0 | I68: =SUM(G68:H68) -> 0 | J68: 1 | L68: =SUM(J68:K68) -> 1 | M68: 142 | O68: =SUM(M68:N68) -> 142 | P68: 27 | R68: =SUM(P68:Q68) -> 27 | U68: =SUM(S68:T68) -> 0 | X68: =SUM(V68:W68) -> 0 | Z68: =+F68+I68+L68+O68+R68+U68+X68+Y68 -> 170 | AA68: 291 | AC68: =+AA68+AB68-Z68 -> 121 | AD68: 150 | AE68: =AC68+AD68 -> 271
B69: 1114503 | C69: ครีมฮอร์นช็อคโกแลต เนยสด | F69: =SUM(D69:E69) -> 0 | G69: 1 | I69: =SUM(G69:H69) -> 1 | J69: 1 | L69: =SUM(J69:K69) -> 1 | M69: 142 | O69: =SUM(M69:N69) -> 142 | P69: 27 | R69: =SUM(P69:Q69) -> 27 | U69: =SUM(S69:T69) -> 0 | X69: =SUM(V69:W69) -> 0 | Z69: =+F69+I69+L69+O69+R69+U69+X69+Y69 -> 171 | AA69: 309 | AB69: 13 | AC69: =+AA69+AB69-Z69 -> 151 | AD69: 150 | AE69: =AC69+AD69 -> 301
B70: 1124021 | C70: ขนมปังแถว 430 g | F70: =SUM(D70:E70) -> 0 | I70: =SUM(G70:H70) -> 0 | L70: =SUM(J70:K70) -> 0 | O70: =SUM(M70:N70) -> 0 | R70: =SUM(P70:Q70) -> 0 | U70: =SUM(S70:T70) -> 0 | X70: =SUM(V70:W70) -> 0 | Z70: =+F70+I70+L70+O70+R70+U70+X70+Y70 -> 0 | AC70: =+AA70+AB70-Z70 -> 0 | AE70: =AC70+AD70 -> 0
B71: 1005761 | C71: ขนมปังกรอบคาราเมล | F71: =SUM(D71:E71) -> 0 | I71: =SUM(G71:H71) -> 0 | L71: =SUM(J71:K71) -> 0 | O71: =SUM(M71:N71) -> 0 | R71: =SUM(P71:Q71) -> 0 | U71: =SUM(S71:T71) -> 0 | X71: =SUM(V71:W71) -> 0 | Z71: =+F71+I71+L71+O71+R71+U71+X71+Y71 -> 0 | AC71: =+AA71+AB71-Z71 -> 0 | AE71: =AC71+AD71 -> 0
B72: 1100001 | C72: พายสัปปะรด (1 ชิ้น) | F72: =SUM(D72:E72) -> 0 | I72: =SUM(G72:H72) -> 0 | L72: =SUM(J72:K72) -> 0 | O72: =SUM(M72:N72) -> 0 | R72: =SUM(P72:Q72) -> 0 | U72: =SUM(S72:T72) -> 0 | X72: =SUM(V72:W72) -> 0 | Y72: 50 | Z72: =+F72+I72+L72+O72+R72+U72+X72+Y72 -> 50 | AA72: 50 | AC72: =+AA72+AB72-Z72 -> 0 | AE72: =AC72+AD72 -> 0
B73: 1100002 | C73: พายสัปปะรด (1 กล่อง) | F73: =SUM(D73:E73) -> 0 | I73: =SUM(G73:H73) -> 0 | L73: =SUM(J73:K73) -> 0 | O73: =SUM(M73:N73) -> 0 | R73: =SUM(P73:Q73) -> 0 | U73: =SUM(S73:T73) -> 0 | X73: =SUM(V73:W73) -> 0 | Z73: =+F73+I73+L73+O73+R73+U73+X73+Y73 -> 0 | AC73: =+AA73+AB73-Z73 -> 0 | AE73: =AC73+AD73 -> 0
B74: 20052721 | C74: วรรณวนัชแซนวิซโบราณ 70g | F74: =SUM(D74:E74) -> 0 | I74: =SUM(G74:H74) -> 0 | L74: =SUM(J74:K74) -> 0 | O74: =SUM(M74:N74) -> 0 | R74: =SUM(P74:Q74) -> 0 | U74: =SUM(S74:T74) -> 0 | X74: =SUM(V74:W74) -> 0 | Y74: 15 | Z74: =+F74+I74+L74+O74+R74+U74+X74+Y74 -> 15 | AA74: 15 | AC74: =+AA74+AB74-Z74 -> 0 | AE74: =AC74+AD74 -> 0
B75: 1113170 | C75: ขนมเปี๊ยะถั่วฝอยทองไข่เค็ม 450 กรัม | D75: 12 | F75: =SUM(D75:E75) -> 12 | I75: =SUM(G75:H75) -> 0 | J75: 2 | L75: =SUM(J75:K75) -> 2 | M75: 1 | O75: =SUM(M75:N75) -> 1 | P75: 1 | R75: =SUM(P75:Q75) -> 1 | U75: =SUM(S75:T75) -> 0 | X75: =SUM(V75:W75) -> 0 | Z75: =+F75+I75+L75+O75+R75+U75+X75+Y75 -> 16 | AA75: 30 | AB75: 1 | AC75: =+AA75+AB75-Z75 -> 15 | AE75: =AC75+AD75 -> 15
B76: 1113171 | C76: ขนมเปี๊ยะฟักถั่วไข่เค็ม 450 กรัม | D76: 7 | F76: =SUM(D76:E76) -> 7 | I76: =SUM(G76:H76) -> 0 | J76: 2 | L76: =SUM(J76:K76) -> 2 | M76: 1 | O76: =SUM(M76:N76) -> 1 | R76: =SUM(P76:Q76) -> 0 | U76: =SUM(S76:T76) -> 0 | X76: =SUM(V76:W76) -> 0 | Z76: =+F76+I76+L76+O76+R76+U76+X76+Y76 -> 10 | AA76: 20 | AB76: 11 | AC76: =+AA76+AB76-Z76 -> 21 | AE76: =AC76+AD76 -> 21
B77: 1113172 | C77: ขนมเปี๊ยะเผือกฝอยทองไข่เค็ม 450 กรัม | D77: 7 | F77: =SUM(D77:E77) -> 7 | I77: =SUM(G77:H77) -> 0 | J77: 4 | L77: =SUM(J77:K77) -> 4 | M77: 1 | O77: =SUM(M77:N77) -> 1 | R77: =SUM(P77:Q77) -> 0 | U77: =SUM(S77:T77) -> 0 | X77: =SUM(V77:W77) -> 0 | Z77: =+F77+I77+L77+O77+R77+U77+X77+Y77 -> 12 | AA77: 20 | AC77: =+AA77+AB77-Z77 -> 8 | AE77: =AC77+AD77 -> 8
B78: 1113173 | C78: ขนมเปี๊ยะงาดำฝอยทองไข่เค็ม 450 กรัม | D78: 6 | F78: =SUM(D78:E78) -> 6 | I78: =SUM(G78:H78) -> 0 | J78: 2 | L78: =SUM(J78:K78) -> 2 | M78: 1 | O78: =SUM(M78:N78) -> 1 | R78: =SUM(P78:Q78) -> 0 | U78: =SUM(S78:T78) -> 0 | X78: =SUM(V78:W78) -> 0 | Z78: =+F78+I78+L78+O78+R78+U78+X78+Y78 -> 9 | AA78: 10 | AB78: 1 | AC78: =+AA78+AB78-Z78 -> 2 | AE78: =AC78+AD78 -> 2
B79: 1200001 | C79: คอร์นเฟล็ค | D79: 50 | F79: =SUM(D79:E79) -> 50 | I79: =SUM(G79:H79) -> 0 | L79: =SUM(J79:K79) -> 0 | O79: =SUM(M79:N79) -> 0 | R79: =SUM(P79:Q79) -> 0 | U79: =SUM(S79:T79) -> 0 | X79: =SUM(V79:W79) -> 0 | Y79: 5 | Z79: =+F79+I79+L79+O79+R79+U79+X79+Y79 -> 55 | AA79: 5 | AC79: =+AA79+AB79-Z79 -> -50 | AE79: =AC79+AD79 -> -50
B80: 1200002 | C80: ท๊อฟฟี่ถั่ว (กล่อง) | F80: =SUM(D80:E80) -> 0 | I80: =SUM(G80:H80) -> 0 | L80: =SUM(J80:K80) -> 0 | O80: =SUM(M80:N80) -> 0 | R80: =SUM(P80:Q80) -> 0 | U80: =SUM(S80:T80) -> 0 | X80: =SUM(V80:W80) -> 0 | Z80: =+F80+I80+L80+O80+R80+U80+X80+Y80 -> 0 | AB80: 7 | AC80: =+AA80+AB80-Z80 -> 7 | AE80: =AC80+AD80 -> 7
B81: 20054646 | C81: ปังพิซซ่า | F81: =SUM(D81:E81) -> 0 | I81: =SUM(G81:H81) -> 0 | L81: =SUM(J81:K81) -> 0 | O81: =SUM(M81:N81) -> 0 | R81: =SUM(P81:Q81) -> 0 | U81: =SUM(S81:T81) -> 0 | X81: =SUM(V81:W81) -> 0 | Y81: 10 | Z81: =+F81+I81+L81+O81+R81+U81+X81+Y81 -> 10 | AA81: 27 | AC81: =+AA81+AB81-Z81 -> 17 | AE81: =AC81+AD81 -> 17
B82: 300 | C82: เศษขนมปังปลา 5กก. | F82: =SUM(D82:E82) -> 0 | G82: 5 | I82: =SUM(G82:H82) -> 5 | L82: =SUM(J82:K82) -> 0 | O82: =SUM(M82:N82) -> 0 | R82: =SUM(P82:Q82) -> 0 | U82: =SUM(S82:T82) -> 0 | X82: =SUM(V82:W82) -> 0 | Z82: =+F82+I82+L82+O82+R82+U82+X82+Y82 -> 5 | AC82: =+AA82+AB82-Z82 -> -5 | AE82: =AC82+AD82 -> -5
B83: 200 | C83: เศษขนมปังปลา 1 กก. | F83: =SUM(D83:E83) -> 0 | G83: 9 | I83: =SUM(G83:H83) -> 9 | L83: =SUM(J83:K83) -> 0 | O83: =SUM(M83:N83) -> 0 | R83: =SUM(P83:Q83) -> 0 | U83: =SUM(S83:T83) -> 0 | X83: =SUM(V83:W83) -> 0 | Z83: =+F83+I83+L83+O83+R83+U83+X83+Y83 -> 9 | AC83: =+AA83+AB83-Z83 -> -9 | AE83: =AC83+AD83 -> -9
B84: 1111087 | C84: ชิฟฟอน 8 ชิ้น สตอเบอรี่ล้วน | F84: =SUM(D84:E84) -> 0 | I84: =SUM(G84:H84) -> 0 | L84: =SUM(J84:K84) -> 0 | O84: =SUM(M84:N84) -> 0 | R84: =SUM(P84:Q84) -> 0 | U84: =SUM(S84:T84) -> 0 | X84: =SUM(V84:W84) -> 0 | Z84: =+F84+I84+L84+O84+R84+U84+X84+Y84 -> 0 | AC84: =+AA84+AB84-Z84 -> 0 | AE84: =AC84+AD84 -> 0
C85: ชิฟฟอน 4 ชิ้น มะพร้าวล้วน | F85: =SUM(D85:E85) -> 0 | I85: =SUM(G85:H85) -> 0 | L85: =SUM(J85:K85) -> 0 | O85: =SUM(M85:N85) -> 0 | R85: =SUM(P85:Q85) -> 0 | U85: =SUM(S85:T85) -> 0 | X85: =SUM(V85:W85) -> 0 | Z85: =+F85+I85+L85+O85+R85+U85+X85+Y85 -> 0 | AC85: =+AA85+AB85-Z85 -> 0 | AE85: =AC85+AD85 -> 0
C86: ชิฟฟอน 4 ชิ้น กาแฟล้วน | F86: =SUM(D86:E86) -> 0 | I86: =SUM(G86:H86) -> 0 | L86: =SUM(J86:K86) -> 0 | O86: =SUM(M86:N86) -> 0 | R86: =SUM(P86:Q86) -> 0 | U86: =SUM(S86:T86) -> 0 | X86: =SUM(V86:W86) -> 0 | Z86: =+F86+I86+L86+O86+R86+U86+X86+Y86 -> 0 | AC86: =+AA86+AB86-Z86 -> 0 | AE86: =AC86+AD86 -> 0
C87: ชิฟฟอน 4 ชิ้น ชาเขียวล้วน | F87: =SUM(D87:E87) -> 0 | I87: =SUM(G87:H87) -> 0 | L87: =SUM(J87:K87) -> 0 | O87: =SUM(M87:N87) -> 0 | R87: =SUM(P87:Q87) -> 0 | U87: =SUM(S87:T87) -> 0 | X87: =SUM(V87:W87) -> 0 | Z87: =+F87+I87+L87+O87+R87+U87+X87+Y87 -> 0 | AC87: =+AA87+AB87-Z87 -> 0 | AE87: =AC87+AD87 -> 0
C88: ชิฟฟอน 4 ชิ้น ใบเตยล้วน | F88: =SUM(D88:E88) -> 0 | I88: =SUM(G88:H88) -> 0 | L88: =SUM(J88:K88) -> 0 | O88: =SUM(M88:N88) -> 0 | R88: =SUM(P88:Q88) -> 0 | U88: =SUM(S88:T88) -> 0 | X88: =SUM(V88:W88) -> 0 | Z88: =+F88+I88+L88+O88+R88+U88+X88+Y88 -> 0 | AC88: =+AA88+AB88-Z88 -> 0 | AE88: =AC88+AD88 -> 0
B89: 1111092 | C89: ชิฟฟอน 8 ชิ้น กล้วยหอม | F89: =SUM(D89:E89) -> 0 | I89: =SUM(G89:H89) -> 0 | L89: =SUM(J89:K89) -> 0 | O89: =SUM(M89:N89) -> 0 | R89: =SUM(P89:Q89) -> 0 | U89: =SUM(S89:T89) -> 0 | X89: =SUM(V89:W89) -> 0 | Z89: =+F89+I89+L89+O89+R89+U89+X89+Y89 -> 0 | AC89: =+AA89+AB89-Z89 -> 0 | AE89: =AC89+AD89 -> 0
B90: 1111093 | C90: ชิฟฟอน 8 ชิ้น โกโก้ล้วน | F90: =SUM(D90:E90) -> 0 | I90: =SUM(G90:H90) -> 0 | L90: =SUM(J90:K90) -> 0 | O90: =SUM(M90:N90) -> 0 | R90: =SUM(P90:Q90) -> 0 | U90: =SUM(S90:T90) -> 0 | X90: =SUM(V90:W90) -> 0 | Z90: =+F90+I90+L90+O90+R90+U90+X90+Y90 -> 0 | AC90: =+AA90+AB90-Z90 -> 0 | AE90: =AC90+AD90 -> 0
B91: 1111088 | C91: ชิฟฟอน 8 ชิ้น ส้มล้วน | F91: =SUM(D91:E91) -> 0 | I91: =SUM(G91:H91) -> 0 | L91: =SUM(J91:K91) -> 0 | O91: =SUM(M91:N91) -> 0 | R91: =SUM(P91:Q91) -> 0 | U91: =SUM(S91:T91) -> 0 | X91: =SUM(V91:W91) -> 0 | Z91: =+F91+I91+L91+O91+R91+U91+X91+Y91 -> 0 | AC91: =+AA91+AB91-Z91 -> 0 | AE91: =AC91+AD91 -> 0
B92: 1111089 | C92: ชิฟฟอน 8 ชิ้น เนยล้วน | F92: =SUM(D92:E92) -> 0 | I92: =SUM(G92:H92) -> 0 | L92: =SUM(J92:K92) -> 0 | O92: =SUM(M92:N92) -> 0 | R92: =SUM(P92:Q92) -> 0 | U92: =SUM(S92:T92) -> 0 | X92: =SUM(V92:W92) -> 0 | Z92: =+F92+I92+L92+O92+R92+U92+X92+Y92 -> 0 | AC92: =+AA92+AB92-Z92 -> 0 | AE92: =AC92+AD92 -> 0
B93: 1111094 | C93: ชิฟฟอน 8 ชิ้น ชาไทยล้วน | F93: =SUM(D93:E93) -> 0 | I93: =SUM(G93:H93) -> 0 | L93: =SUM(J93:K93) -> 0 | O93: =SUM(M93:N93) -> 0 | R93: =SUM(P93:Q93) -> 0 | U93: =SUM(S93:T93) -> 0 | X93: =SUM(V93:W93) -> 0 | Z93: =+F93+I93+L93+O93+R93+U93+X93+Y93 -> 0 | AC93: =+AA93+AB93-Z93 -> 0 | AE93: =AC93+AD93 -> 0
B94: 1111095 | C94: ชิฟฟอน 8 ชิ้น ชาเขียวล้วน | F94: =SUM(D94:E94) -> 0 | I94: =SUM(G94:H94) -> 0 | L94: =SUM(J94:K94) -> 0 | O94: =SUM(M94:N94) -> 0 | R94: =SUM(P94:Q94) -> 0 | U94: =SUM(S94:T94) -> 0 | X94: =SUM(V94:W94) -> 0 | Z94: =+F94+I94+L94+O94+R94+U94+X94+Y94 -> 0 | AC94: =+AA94+AB94-Z94 -> 0 | AE94: =AC94+AD94 -> 0
B95: 1111091 | C95: ชิฟฟอน 8 ชิ้น ใบเตยล้วน | F95: =SUM(D95:E95) -> 0 | I95: =SUM(G95:H95) -> 0 | L95: =SUM(J95:K95) -> 0 | O95: =SUM(M95:N95) -> 0 | R95: =SUM(P95:Q95) -> 0 | U95: =SUM(S95:T95) -> 0 | X95: =SUM(V95:W95) -> 0 | Z95: =+F95+I95+L95+O95+R95+U95+X95+Y95 -> 0 | AC95: =+AA95+AB95-Z95 -> 0 | AE95: =AC95+AD95 -> 0
B96: 1111086 | C96: ชิฟฟอน 8 ชิ้น มะพร้าวล้วน | F96: =SUM(D96:E96) -> 0 | I96: =SUM(G96:H96) -> 0 | L96: =SUM(J96:K96) -> 0 | O96: =SUM(M96:N96) -> 0 | R96: =SUM(P96:Q96) -> 0 | U96: =SUM(S96:T96) -> 0 | X96: =SUM(V96:W96) -> 0 | Z96: =+F96+I96+L96+O96+R96+U96+X96+Y96 -> 0 | AC96: =+AA96+AB96-Z96 -> 0 | AE96: =AC96+AD96 -> 0
B97: 20059548 | C97: มินบันไก่หยอง | F97: =SUM(D97:E97) -> 0 | I97: =SUM(G97:H97) -> 0 | L97: =SUM(J97:K97) -> 0 | O97: =SUM(M97:N97) -> 0 | R97: =SUM(P97:Q97) -> 0 | U97: =SUM(S97:T97) -> 0 | X97: =SUM(V97:W97) -> 0 | Z97: =+F97+I97+L97+O97+R97+U97+X97+Y97 -> 0 | AC97: =+AA97+AB97-Z97 -> 0 | AE97: =AC97+AD97 -> 0
B98: 1100044 | C98: หมี่กรอบโบราณ | F98: =SUM(D98:E98) -> 0 | I98: =SUM(G98:H98) -> 0 | L98: =SUM(J98:K98) -> 0 | O98: =SUM(M98:N98) -> 0 | R98: =SUM(P98:Q98) -> 0 | U98: =SUM(S98:T98) -> 0 | X98: =SUM(V98:W98) -> 0 | Z98: =+F98+I98+L98+O98+R98+U98+X98+Y98 -> 0 | AC98: =+AA98+AB98-Z98 -> 0 | AE98: =AC98+AD98 -> 0
B99: 1100045 | C99: ชิฟฟ่อนขนุน | F99: =SUM(D99:E99) -> 0 | I99: =SUM(G99:H99) -> 0 | L99: =SUM(J99:K99) -> 0 | O99: =SUM(M99:N99) -> 0 | R99: =SUM(P99:Q99) -> 0 | U99: =SUM(S99:T99) -> 0 | X99: =SUM(V99:W99) -> 0 | Z99: =+F99+I99+L99+O99+R99+U99+X99+Y99 -> 0 | AC99: =+AA99+AB99-Z99 -> 0 | AE99: =AC99+AD99 -> 0
B100: 1004062 | C100: เค้กลาวา ฝอยทองทูโทน (เล็ก) | F100: =SUM(D100:E100) -> 0 | I100: =SUM(G100:H100) -> 0 | L100: =SUM(J100:K100) -> 0 | O100: =SUM(M100:N100) -> 0 | R100: =SUM(P100:Q100) -> 0 | U100: =SUM(S100:T100) -> 0 | X100: =SUM(V100:W100) -> 0 | Y100: 13 | Z100: =+F100+I100+L100+O100+R100+U100+X100+Y100 -> 13 | AA100: 13 | AC100: =+AA100+AB100-Z100 -> 0 | AE100: =AC100+AD100 -> 0
B101: 1004051 | C101: ขนมปังสังขยา 6 ชิ้น | F101: =SUM(D101:E101) -> 0 | I101: =SUM(G101:H101) -> 0 | L101: =SUM(J101:K101) -> 0 | O101: =SUM(M101:N101) -> 0 | R101: =SUM(P101:Q101) -> 0 | U101: =SUM(S101:T101) -> 0 | X101: =SUM(V101:W101) -> 0 | Y101: 15 | Z101: =+F101+I101+L101+O101+R101+U101+X101+Y101 -> 15 | AA101: 15 | AC101: =+AA101+AB101-Z101 -> 0 | AE101: =AC101+AD101 -> 0
...

Sheet 02.10.68
B1: ยอดจริง ออนไลน์ วันที่ 02/10/2568
B2: รหัสสินค้า | C2: สินค้า | D2: ปณ | G2: ชอปปี้ | J2: ลาซาด้า | M2: ติ๊กตอก | P2: ติ๊กตอก2 | S2: ติ๊กตอก3 | V2: ชอยส์ | Y2: ยอดเส้น | Z2: ยอดรวมผลิต(กล่อง) | AA2: ยอดForcast | AB2: ยอดStock | AC2: ยอดMemo | AD2: ยอดForcastวันพรุ่งนี้ | AE2: สินค้าที่ขายได้
D3: เช้า | E3: บ่าย | F3: รวม | G3: เช้า | H3: บ่าย | I3: รวม | J3: เช้า | K3: บ่าย | L3: รวม | M3: เช้า | N3: บ่าย | O3: รวม | P3: เช้า | Q3: บ่าย | R3: รวม | S3: เช้า | T3: บ่าย | U3: รวม | V3: เช้า | W3: บ่าย | X3: รวม
B4: 1004055 | C4: ชิฟฟ่อนเค้ก วรรณวนัช (รวมรส 4 ชิ้น) | D4: 2 | F4: =SUM(D4:E4) -> 2 | I4: =SUM(G4:H4) -> 0 | L4: =SUM(J4:K4) -> 0 | M4: 78 | O4: =SUM(M4:N4) -> 78 | P4: 39 | R4: =SUM(P4:Q4) -> 39 | U4: =SUM(S4:T4) -> 0 | X4: =SUM(V4:W4) -> 0 | Z4: =+F4+I4+L4+O4+R4+U4+X4+Y4 -> 119 | AA4: 50 | AB4: 4 | AC4: =+AA4+AB4-Z4 -> -65 | AD4: 70 | AE4: =AC4+AD4 -> 5
B5: 1111002 | C5: ชิฟฟ่อนเค้ก วรรณวนัช (รวมรส 8 ชิ้น) | D5: 2 | F5: =SUM(D5:E5) -> 2 | G5: 34 | I5: =SUM(G5:H5) -> 34 | J5: 52 | L5: =SUM(J5:K5) -> 52 | M5: 9 | O5: =SUM(M5:N5) -> 9 | R5: =SUM(P5:Q5) -> 0 | U5: =SUM(S5:T5) -> 0 | X5: =SUM(V5:W5) -> 0 | Y5: 13 | Z5: =+F5+I5+L5+O5+R5+U5+X5+Y5 -> 110 | AA5: 110 | AB5: 30 | AC5: =+AA5+AB5-Z5 -> 30 | AD5: 120 | AE5: =AC5+AD5 -> 150
B6: 1111055 | C6: วรรณวนัช ชิฟฟ่อนรวมรส 8 ชิ้น | F6: =SUM(D6:E6) -> 0 | I6: =SUM(G6:H6) -> 0 | L6: =SUM(J6:K6) -> 0 | O6: =SUM(M6:N6) -> 0 | R6: =SUM(P6:Q6) -> 0 | U6: =SUM(S6:T6) -> 0 | X6: =SUM(V6:W6) -> 0 | Z6: =+F6+I6+L6+O6+R6+U6+X6+Y6 -> 0 | AC6: =+AA6+AB6-Z6 -> 0 | AE6: =AC6+AD6 -> 0
B7: 1111084 | C7: ชิฟฟ่อนเค้ก รสกาแฟ (8 ชิ้น) | F7: =SUM(D7:E7) -> 0 | I7: =SUM(G7:H7) -> 0 | L7: =SUM(J7:K7) -> 0 | O7: =SUM(M7:N7) -> 0 | R7: =SUM(P7:Q7) -> 0 | U7: =SUM(S7:T7) -> 0 | X7: =SUM(V7:W7) -> 0 | Z7: =+F7+I7+L7+O7+R7+U7+X7+Y7 -> 0 | AC7: =+AA7+AB7-Z7 -> 0 | AE7: =AC7+AD7 -> 0
B8: 1111043 | C8: ชิฟฟอนรสมะลิ 8 ชิ้น ห่อ ซีน | F8: =SUM(D8:E8) -> 0 | I8: =SUM(G8:H8) -> 0 | L8: =SUM(J8:K8) -> 0 | O8: =SUM(M8:N8) -> 0 | R8: =SUM(P8:Q8) -> 0 | U8: =SUM(S8:T8) -> 0 | X8: =SUM(V8:W8) -> 0 | Z8: =+F8+I8+L8+O8+R8+U8+X8+Y8 -> 0 | AC8: =+AA8+AB8-Z8 -> 0 | AE8: =AC8+AD8 -> 0
B9: 1111057 | C9: ชิฟฟอนแยกชิ้น กาแฟ | F9: =SUM(D9:E9) -> 0 | G9: 2 | I9: =SUM(G9:H9) -> 2 | L9: =SUM(J9:K9) -> 0 | O9: =SUM(M9:N9) -> 0 | R9: =SUM(P9:Q9) -> 0 | U9: =SUM(S9:T9) -> 0 | X9: =SUM(V9:W9) -> 0 | Z9: =+F9+I9+L9+O9+R9+U9+X9+Y9 -> 2 | AC9: =+AA9+AB9-Z9 -> -2 | AE9: =AC9+AD9 -> -2
B10: 1111058 | C10: ชิฟฟอนแยกชิ้น มะลิ | F10: =SUM(D10:E10) -> 0 | G10: 2 | I10: =SUM(G10:H10) -> 2 | L10: =SUM(J10:K10) -> 0 | O10: =SUM(M10:N10) -> 0 | R10: =SUM(P10:Q10) -> 0 | U10: =SUM(S10:T10) -> 0 | X10: =SUM(V10:W10) -> 0 | Z10: =+F10+I10+L10+O10+R10+U10+X10+Y10 -> 2 | AC10: =+AA10+AB10-Z10 -> -2 | AE10: =AC10+AD10 -> -2
B11: 1111059 | C11: ชิฟฟอนแยกชิ้น ใบเตย | F11: =SUM(D11:E11) -> 0 | G11: 2 | I11: =SUM(G11:H11) -> 2 | L11: =SUM(J11:K11) -> 0 | O11: =SUM(M11:N11) -> 0 | R11: =SUM(P11:Q11) -> 0 | U11: =SUM(S11:T11) -> 0 | X11: =SUM(V11:W11) -> 0 | Z11: =+F11+I11+L11+O11+R11+U11+X11+Y11 -> 2 | AC11: =+AA11+AB11-Z11 -> -2 | AE11: =AC11+AD11 -> -2
B12: 1111060 | C12: ชิฟฟอนแยกชิ้น กล้วยหอม | F12: =SUM(D12:E12) -> 0 | G12: 2 | I12: =SUM(G12:H12) -> 2 | L12: =SUM(J12:K12) -> 0 | O12: =SUM(M12:N12) -> 0 | R12: =SUM(P12:Q12) -> 0 | U12: =SUM(S12:T12) -> 0 | X12: =SUM(V12:W12) -> 0 | Z12: =+F12+I12+L12+O12+R12+U12+X12+Y12 -> 2 | AC12: =+AA12+AB12-Z12 -> -2 | AE12: =AC12+AD12 -> -2
B13: 1111061 | C13: ชิฟฟอนแยกชิ้น ชาไทย | F13: =SUM(D13:E13) -> 0 | G13: 2 | I13: =SUM(G13:H13) -> 2 | L13: =SUM(J13:K13) -> 0 | O13: =SUM(M13:N13) -> 0 | R13: =SUM(P13:Q13) -> 0 | U13: =SUM(S13:T13) -> 0 | X13: =SUM(V13:W13) -> 0 | Z13: =+F13+I13+L13+O13+R13+U13+X13+Y13 -> 2 | AC13: =+AA13+AB13-Z13 -> -2 | AE13: =AC13+AD13 -> -2
B14: 1111062 | C14: ชิฟฟอนแยกชิ้น โกโก้ | F14: =SUM(D14:E14) -> 0 | G14: 2 | I14: =SUM(G14:H14) -> 2 | L14: =SUM(J14:K14) -> 0 | O14: =SUM(M14:N14) -> 0 | R14: =SUM(P14:Q14) -> 0 | U14: =SUM(S14:T14) -> 0 | X14: =SUM(V14:W14) -> 0 | Z14: =+F14+I14+L14+O14+R14+U14+X14+Y14 -> 2 | AC14: =+AA14+AB14-Z14 -> -2 | AE14: =AC14+AD14 -> -2
B15: 1111063 | C15: ชิฟฟอนแยกชิ้น ส้ม | F15: =SUM(D15:E15) -> 0 | G15: 2 | I15: =SUM(G15:H15) -> 2 | L15: =SUM(J15:K15) -> 0 | O15: =SUM(M15:N15) -> 0 | R15: =SUM(P15:Q15) -> 0 | U15: =SUM(S15:T15) -> 0 | X15: =SUM(V15:W15) -> 0 | Z15: =+F15+I15+L15+O15+R15+U15+X15+Y15 -> 2 | AC15: =+AA15+AB15-Z15 -> -2 | AE15: =AC15+AD15 -> -2
B16: 1111064 | C16: ชิฟฟอนแยกชิ้น เผือก | F16: =SUM(D16:E16) -> 0 | G16: 1 | I16: =SUM(G16:H16) -> 1 | L16: =SUM(J16:K16) -> 0 | O16: =SUM(M16:N16) -> 0 | R16: =SUM(P16:Q16) -> 0 | U16: =SUM(S16:T16) -> 0 | X16: =SUM(V16:W16) -> 0 | Z16: =+F16+I16+L16+O16+R16+U16+X16+Y16 -> 1 | AC16: =+AA16+AB16-Z16 -> -1 | AE16: =AC16+AD16 -> -1
B17: 1111065 | C17: ชิฟฟอนแยกชิ้น สับปะรด | F17: =SUM(D17:E17) -> 0 | G17: 1 | I17: =SUM(G17:H17) -> 1 | L17: =SUM(J17:K17) -> 0 | O17: =SUM(M17:N17) -> 0 | R17: =SUM(P17:Q17) -> 0 | U17: =SUM(S17:T17) -> 0 | X17: =SUM(V17:W17) -> 0 | Z17: =+F17+I17+L17+O17+R17+U17+X17+Y17 -> 1 | AC17: =+AA17+AB17-Z17 -> -1 | AE17: =AC17+AD17 -> -1
B18: 1111066 | C18: ชิฟฟอนแยกชิ้น สตอเบอรี่ | F18: =SUM(D18:E18) -> 0 | G18: 1 | I18: =SUM(G18:H18) -> 1 | L18: =SUM(J18:K18) -> 0 | O18: =SUM(M18:N18) -> 0 | R18: =SUM(P18:Q18) -> 0 | U18: =SUM(S18:T18) -> 0 | X18: =SUM(V18:W18) -> 0 | Z18: =+F18+I18+L18+O18+R18+U18+X18+Y18 -> 1 | AC18: =+AA18+AB18-Z18 -> -1 | AE18: =AC18+AD18 -> -1
B19: 1111067 | C19: ชิฟฟอนแยกชิ้น มะพร้าว | F19: =SUM(D19:E19) -> 0 | G19: 1 | I19: =SUM(G19:H19) -> 1 | L19: =SUM(J19:K19) -> 0 | O19: =SUM(M19:N19) -> 0 | R19: =SUM(P19:Q19) -> 0 | U19: =SUM(S19:T19) -> 0 | X19: =SUM(V19:W19) -> 0 | Z19: =+F19+I19+L19+O19+R19+U19+X19+Y19 -> 1 | AC19: =+AA19+AB19-Z19 -> -1 | AE19: =AC19+AD19 -> -1
B20: 1111068 | C20: ชิฟฟอนแยกชิ้น เนย | F20: =SUM(D20:E20) -> 0 | G20: 1 | I20: =SUM(G20:H20) -> 1 | L20: =SUM(J20:K20) -> 0 | O20: =SUM(M20:N20) -> 0 | R20: =SUM(P20:Q20) -> 0 | U20: =SUM(S20:T20) -> 0 | X20: =SUM(V20:W20) -> 0 | Z20: =+F20+I20+L20+O20+R20+U20+X20+Y20 -> 1 | AC20: =+AA20+AB20-Z20 -> -1 | AE20: =AC20+AD20 -> -1
B21: 1111069 | C21: ชิฟฟอนแยกชิ้น บลูเบอรี่ | F21: =SUM(D21:E21) -> 0 | G21: 1 | I21: =SUM(G21:H21) -> 1 | L21: =SUM(J21:K21) -> 0 | O21: =SUM(M21:N21) -> 0 | R21: =SUM(P21:Q21) -> 0 | U21: =SUM(S21:T21) -> 0 | X21: =SUM(V21:W21) -> 0 | Z21: =+F21+I21+L21+O21+R21+U21+X21+Y21 -> 1 | AC21: =+AA21+AB21-Z21 -> -1 | AE21: =AC21+AD21 -> -1
B22: 1111070 | C22: ชิฟฟอนแยกชิ้น ทุเรียน | F22: =SUM(D22:E22) -> 0 | I22: =SUM(G22:H22) -> 0 | L22: =SUM(J22:K22) -> 0 | O22: =SUM(M22:N22) -> 0 | R22: =SUM(P22:Q22) -> 0 | U22: =SUM(S22:T22) -> 0 | X22: =SUM(V22:W22) -> 0 | Z22: =+F22+I22+L22+O22+R22+U22+X22+Y22 -> 0 | AC22: =+AA22+AB22-Z22 -> 0 | AE22: =AC22+AD22 -> 0
B23: 1111071 | C23: ชิฟฟอนแยกชิ้น ตาล | F23: =SUM(D23:E23) -> 0 | I23: =SUM(G23:H23) -> 0 | L23: =SUM(J23:K23) -> 0 | O23: =SUM(M23:N23) -> 0 | R23: =SUM(P23:Q23) -> 0 | U23: =SUM(S23:T23) -> 0 | X23: =SUM(V23:W23) -> 0 | Z23: =+F23+I23+L23+O23+R23+U23+X23+Y23 -> 0 | AC23: =+AA23+AB23-Z23 -> 0 | AE23: =AC23+AD23 -> 0
B24: 1111010 | C24: ชิฟฟ่อนเค้กสอดไส้แยม (1 ชิ้น) แยมสับปะรด | F24: =SUM(D24:E24) -> 0 | I24: =SUM(G24:H24) -> 0 | L24: =SUM(J24:K24) -> 0 | O24: =SUM(M24:N24) -> 0 | R24: =SUM(P24:Q24) -> 0 | U24: =SUM(S24:T24) -> 0 | X24: =SUM(V24:W24) -> 0 | Z24: =+F24+I24+L24+O24+R24+U24+X24+Y24 -> 0 | AC24: =+AA24+AB24-Z24 -> 0 | AE24: =AC24+AD24 -> 0
B25: 1111008 | C25: ชิฟฟ่อนเค้ก สอดไส้ (รวมรส 3 ชิ้น) | D25: 2 | F25: =SUM(D25:E25) -> 2 | G25: 16 | I25: =SUM(G25:H25) -> 16 | L25: =SUM(J25:K25) -> 0 | M25: 30 | O25: =SUM(M25:N25) -> 30 | R25: =SUM(P25:Q25) -> 0 | U25: =SUM(S25:T25) -> 0 | X25: =SUM(V25:W25) -> 0 | Y25: 3 | Z25: =+F25+I25+L25+O25+R25+U25+X25+Y25 -> 51 | AA25: 53 | AC25: =+AA25+AB25-Z25 -> 2 | AD25: 50 | AE25: =AC25+AD25 -> 52
B26: 1111009 | C26: ชิฟฟ่อนเค้ก สอดไส้ (รวมรส 6 ชิ้น) | D26: 2 | F26: =SUM(D26:E26) -> 2 | G26: 3 | I26: =SUM(G26:H26) -> 3 | J26: 4 | L26: =SUM(J26:K26) -> 4 | O26: =SUM(M26:N26) -> 0 | R26: =SUM(P26:Q26) -> 0 | U26: =SUM(S26:T26) -> 0 | X26: =SUM(V26:W26) -> 0 | Y26: 5 | Z26: =+F26+I26+L26+O26+R26+U26+X26+Y26 -> 14 | AA26: 25 | AB26: 1 | AC26: =+AA26+AB26-Z26 -> 12 | AD26: 30 | AE26: =AC26+AD26 -> 42
B27: 1111011 | C27: ชิฟฟ่อนเค้กสอดไส้ นมชมพูฮอกไกโด (3 ชิ้น) | F27: =SUM(D27:E27) -> 0 | I27: =SUM(G27:H27) -> 0 | L27: =SUM(J27:K27) -> 0 | O27: =SUM(M27:N27) -> 0 | R27: =SUM(P27:Q27) -> 0 | U27: =SUM(S27:T27) -> 0 | X27: =SUM(V27:W27) -> 0 | Z27: =+F27+I27+L27+O27+R27+U27+X27+Y27 -> 0 | AC27: =+AA27+AB27-Z27 -> 0 | AE27: =AC27+AD27 -> 0
B28: 1111012 | C28: ชิฟฟ่อนเค้กสอดไส้ นมชมพูฮอกไกโด (6 ชิ้น) | F28: =SUM(D28:E28) -> 0 | I28: =SUM(G28:H28) -> 0 | L28: =SUM(J28:K28) -> 0 | O28: =SUM(M28:N28) -> 0 | R28: =SUM(P28:Q28) -> 0 | U28: =SUM(S28:T28) -> 0 | X28: =SUM(V28:W28) -> 0 | Z28: =+F28+I28+L28+O28+R28+U28+X28+Y28 -> 0 | AC28: =+AA28+AB28-Z28 -> 0 | AE28: =AC28+AD28 -> 0
B29: 1111013 | C29: ชิฟฟ่อนเค้กสอดไส้ ช็อคโกแลตนูเทลล่า (3 ชิ้น) | F29: =SUM(D29:E29) -> 0 | I29: =SUM(G29:H29) -> 0 | L29: =SUM(J29:K29) -> 0 | O29: =SUM(M29:N29) -> 0 | R29: =SUM(P29:Q29) -> 0 | U29: =SUM(S29:T29) -> 0 | X29: =SUM(V29:W29) -> 0 | Z29: =+F29+I29+L29+O29+R29+U29+X29+Y29 -> 0 | AC29: =+AA29+AB29-Z29 -> 0 | AE29: =AC29+AD29 -> 0
B30: 1111014 | C30: ชิฟฟ่อนเค้กสอดไส้ ช็อคโกแลตนูเทลล่า (6 ชิ้น) | F30: =SUM(D30:E30) -> 0 | I30: =SUM(G30:H30) -> 0 | L30: =SUM(J30:K30) -> 0 | O30: =SUM(M30:N30) -> 0 | R30: =SUM(P30:Q30) -> 0 | U30: =SUM(S30:T30) -> 0 | X30: =SUM(V30:W30) -> 0 | Z30: =+F30+I30+L30+O30+R30+U30+X30+Y30 -> 0 | AC30: =+AA30+AB30-Z30 -> 0 | AE30: =AC30+AD30 -> 0
B31: 1111015 | C31: ชิฟฟ่อนเค้กสอดไส้เนย รสมะพร้าว (3 ชิ้น) | F31: =SUM(D31:E31) -> 0 | I31: =SUM(G31:H31) -> 0 | L31: =SUM(J31:K31) -> 0 | O31: =SUM(M31:N31) -> 0 | R31: =SUM(P31:Q31) -> 0 | U31: =SUM(S31:T31) -> 0 | X31: =SUM(V31:W31) -> 0 | Z31: =+F31+I31+L31+O31+R31+U31+X31+Y31 -> 0 | AC31: =+AA31+AB31-Z31 -> 0 | AE31: =AC31+AD31 -> 0
B32: 1111016 | C32: ชิฟฟ่อนเค้กสอดไส้เนย รสมะพร้าว (6 ชิ้น) | F32: =SUM(D32:E32) -> 0 | I32: =SUM(G32:H32) -> 0 | L32: =SUM(J32:K32) -> 0 | O32: =SUM(M32:N32) -> 0 | R32: =SUM(P32:Q32) -> 0 | U32: =SUM(S32:T32) -> 0 | X32: =SUM(V32:W32) -> 0 | Z32: =+F32+I32+L32+O32+R32+U32+X32+Y32 -> 0 | AC32: =+AA32+AB32-Z32 -> 0 | AE32: =AC32+AD32 -> 0
B33: 1111017 | C33: ชิฟฟ่อนเค้กสอดไส้แยม รสบลูเบอร์รี่ (3 ชิ้น) | F33: =SUM(D33:E33) -> 0 | I33: =SUM(G33:H33) -> 0 | L33: =SUM(J33:K33) -> 0 | O33: =SUM(M33:N33) -> 0 | R33: =SUM(P33:Q33) -> 0 | U33: =SUM(S33:T33) -> 0 | X33: =SUM(V33:W33) -> 0 | Z33: =+F33+I33+L33+O33+R33+U33+X33+Y33 -> 0 | AC33: =+AA33+AB33-Z33 -> 0 | AE33: =AC33+AD33 -> 0
B34: 1111018 | C34: ชิฟฟ่อนเค้กสอดไส้แยม รสบลูเบอร์รี่ (6 ชิ้น) | F34: =SUM(D34:E34) -> 0 | I34: =SUM(G34:H34) -> 0 | L34: =SUM(J34:K34) -> 0 | O34: =SUM(M34:N34) -> 0 | R34: =SUM(P34:Q34) -> 0 | U34: =SUM(S34:T34) -> 0 | X34: =SUM(V34:W34) -> 0 | Z34: =+F34+I34+L34+O34+R34+U34+X34+Y34 -> 0 | AC34: =+AA34+AB34-Z34 -> 0 | AE34: =AC34+AD34 -> 0
B35: 1111019 | C35: ชิฟฟ่อนเค้กหน้าฝอยทอง สอดไส้แยมส้ม (3 ชิ้น) | F35: =SUM(D35:E35) -> 0 | I35: =SUM(G35:H35) -> 0 | L35: =SUM(J35:K35) -> 0 | O35: =SUM(M35:N35) -> 0 | R35: =SUM(P35:Q35) -> 0 | U35: =SUM(S35:T35) -> 0 | X35: =SUM(V35:W35) -> 0 | Z35: =+F35+I35+L35+O35+R35+U35+X35+Y35 -> 0 | AC35: =+AA35+AB35-Z35 -> 0 | AE35: =AC35+AD35 -> 0
B36: 1111020 | C36: ชิฟฟ่อนเค้กหน้าฝอยทอง สอดไส้แยมส้ม (6 ชิ้น) | F36: =SUM(D36:E36) -> 0 | I36: =SUM(G36:H36) -> 0 | L36: =SUM(J36:K36) -> 0 | O36: =SUM(M36:N36) -> 0 | R36: =SUM(P36:Q36) -> 0 | U36: =SUM(S36:T36) -> 0 | X36: =SUM(V36:W36) -> 0 | Y36: 15 | Z36: =+F36+I36+L36+O36+R36+U36+X36+Y36 -> 15 | AA36: 15 | AC36: =+AA36+AB36-Z36 -> 0 | AE36: =AC36+AD36 -> 0
B37: 1111022 | C37: ชิฟฟ่อนเค้กสอดไส้แยม รสสตรอว์เบอร์รี (3 ชิ้น) | F37: =SUM(D37:E37) -> 0 | I37: =SUM(G37:H37) -> 0 | L37: =SUM(J37:K37) -> 0 | O37: =SUM(M37:N37) -> 0 | R37: =SUM(P37:Q37) -> 0 | U37: =SUM(S37:T37) -> 0 | X37: =SUM(V37:W37) -> 0 | Z37: =+F37+I37+L37+O37+R37+U37+X37+Y37 -> 0 | AC37: =+AA37+AB37-Z37 -> 0 | AE37: =AC37+AD37 -> 0
B38: 1111023 | C38: ชิฟฟ่อนเค้กสอดไส้แยม รสสตรอว์เบอร์รี (6 ชิ้น) | F38: =SUM(D38:E38) -> 0 | I38: =SUM(G38:H38) -> 0 | L38: =SUM(J38:K38) -> 0 | O38: =SUM(M38:N38) -> 0 | R38: =SUM(P38:Q38) -> 0 | U38: =SUM(S38:T38) -> 0 | X38: =SUM(V38:W38) -> 0 | Z38: =+F38+I38+L38+O38+R38+U38+X38+Y38 -> 0 | AC38: =+AA38+AB38-Z38 -> 0 | AE38: =AC38+AD38 -> 0
B39: 1111024 | C39: ชิฟฟ่อนเค้กสอดไส้แยม รสส้ม (3 ชิ้น) | F39: =SUM(D39:E39) -> 0 | I39: =SUM(G39:H39) -> 0 | L39: =SUM(J39:K39) -> 0 | O39: =SUM(M39:N39) -> 0 | R39: =SUM(P39:Q39) -> 0 | U39: =SUM(S39:T39) -> 0 | X39: =SUM(V39:W39) -> 0 | Z39: =+F39+I39+L39+O39+R39+U39+X39+Y39 -> 0 | AC39: =+AA39+AB39-Z39 -> 0 | AE39: =AC39+AD39 -> 0
B40: 1111025 | C40: ชิฟฟ่อนเค้กสอดไส้แยม รสส้ม (6 ชิ้น) | F40: =SUM(D40:E40) -> 0 | I40: =SUM(G40:H40) -> 0 | L40: =SUM(J40:K40) -> 0 | O40: =SUM(M40:N40) -> 0 | R40: =SUM(P40:Q40) -> 0 | U40: =SUM(S40:T40) -> 0 | X40: =SUM(V40:W40) -> 0 | Z40: =+F40+I40+L40+O40+R40+U40+X40+Y40 -> 0 | AC40: =+AA40+AB40-Z40 -> 0 | AE40: =AC40+AD40 -> 0
B41: 1111056 | C41: ชิฟฟอนรวมรสยอดฮิต 8 ชิ้น | F41: =SUM(D41:E41) -> 0 | G41: 4 | I41: =SUM(G41:H41) -> 4 | J41: 3 | L41: =SUM(J41:K41) -> 3 | O41: =SUM(M41:N41) -> 0 | R41: =SUM(P41:Q41) -> 0 | U41: =SUM(S41:T41) -> 0 | X41: =SUM(V41:W41) -> 0 | Z41: =+F41+I41+L41+O41+R41+U41+X41+Y41 -> 7 | AA41: 10 | AB41: 7 | AC41: =+AA41+AB41-Z41 -> 10 | AE41: =AC41+AD41 -> 10
B42: 1111074 | C42: ชิฟฟอนไส้แยมแยกชิ้น มะพร้าว | F42: =SUM(D42:E42) -> 0 | G42: 2 | I42: =SUM(G42:H42) -> 2 | J42: 1 | L42: =SUM(J42:K42) -> 1 | O42: =SUM(M42:N42) -> 0 | R42: =SUM(P42:Q42) -> 0 | U42: =SUM(S42:T42) -> 0 | X42: =SUM(V42:W42) -> 0 | Z42: =+F42+I42+L42+O42+R42+U42+X42+Y42 -> 3 | AC42: =+AA42+AB42-Z42 -> -3 | AE42: =AC42+AD42 -> -3
B43: 1111075 | C43: ชิฟฟอนไส้แยมแยกชิ้น สตอเบอรี่ | F43: =SUM(D43:E43) -> 0 | G43: 2 | I43: =SUM(G43:H43) -> 2 | J43: 1 | L43: =SUM(J43:K43) -> 1 | O43: =SUM(M43:N43) -> 0 | R43: =SUM(P43:Q43) -> 0 | U43: =SUM(S43:T43) -> 0 | X43: =SUM(V43:W43) -> 0 | Z43: =+F43+I43+L43+O43+R43+U43+X43+Y43 -> 3 | AC43: =+AA43+AB43-Z43 -> -3 | AE43: =AC43+AD43 -> -3
B44: 1111076 | C44: ชิฟฟอนไส้แยมแยกชิ้น ส้ม | F44: =SUM(D44:E44) -> 0 | G44: 2 | I44: =SUM(G44:H44) -> 2 | J44: 1 | L44: =SUM(J44:K44) -> 1 | O44: =SUM(M44:N44) -> 0 | R44: =SUM(P44:Q44) -> 0 | U44: =SUM(S44:T44) -> 0 | X44: =SUM(V44:W44) -> 0 | Z44: =+F44+I44+L44+O44+R44+U44+X44+Y44 -> 3 | AC44: =+AA44+AB44-Z44 -> -3 | AE44: =AC44+AD44 -> -3
B45: 1111077 | C45: ชิฟฟอนไส้แยมแยกชิ้น บลูเบอรี่ | F45: =SUM(D45:E45) -> 0 | G45: 2 | I45: =SUM(G45:H45) -> 2 | J45: 1 | L45: =SUM(J45:K45) -> 1 | O45: =SUM(M45:N45) -> 0 | R45: =SUM(P45:Q45) -> 0 | U45: =SUM(S45:T45) -> 0 | X45: =SUM(V45:W45) -> 0 | Z45: =+F45+I45+L45+O45+R45+U45+X45+Y45 -> 3 | AC45: =+AA45+AB45-Z45 -> -3 | AE45: =AC45+AD45 -> -3
B46: 1111078 | C46: ชิฟฟอนไส้แยมแยกชิ้น นมชมพู | F46: =SUM(D46:E46) -> 0 | G46: 2 | I46: =SUM(G46:H46) -> 2 | J46: 1 | L46: =SUM(J46:K46) -> 1 | O46: =SUM(M46:N46) -> 0 | R46: =SUM(P46:Q46) -> 0 | U46: =SUM(S46:T46) -> 0 | X46: =SUM(V46:W46) -> 0 | Z46: =+F46+I46+L46+O46+R46+U46+X46+Y46 -> 3 | AC46: =+AA46+AB46-Z46 -> -3 | AE46: =AC46+AD46 -> -3
B47: 1111079 | C47: ชิฟฟอนไส้แยมแยกชิ้น ชอคโกแลต | F47: =SUM(D47:E47) -> 0 | G47: 2 | I47: =SUM(G47:H47) -> 2 | J47: 1 | L47: =SUM(J47:K47) -> 1 | O47: =SUM(M47:N47) -> 0 | R47: =SUM(P47:Q47) -> 0 | U47: =SUM(S47:T47) -> 0 | X47: =SUM(V47:W47) -> 0 | Z47: =+F47+I47+L47+O47+R47+U47+X47+Y47 -> 3 | AC47: =+AA47+AB47-Z47 -> -3 | AE47: =AC47+AD47 -> -3
B48: 1111080 | C48: ชิฟฟอนไส้แยมแยกชิ้น ฝอยทอง | F48: =SUM(D48:E48) -> 0 | G48: 2 | I48: =SUM(G48:H48) -> 2 | J48: 1 | L48: =SUM(J48:K48) -> 1 | O48: =SUM(M48:N48) -> 0 | R48: =SUM(P48:Q48) -> 0 | U48: =SUM(S48:T48) -> 0 | X48: =SUM(V48:W48) -> 0 | Z48: =+F48+I48+L48+O48+R48+U48+X48+Y48 -> 3 | AC48: =+AA48+AB48-Z48 -> -3 | AE48: =AC48+AD48 -> -3
B49: 1111081 | C49: ชิฟฟอนไส้แยมแยกชิ้น วนิลา | F49: =SUM(D49:E49) -> 0 | G49: 2 | I49: =SUM(G49:H49) -> 2 | J49: 1 | L49: =SUM(J49:K49) -> 1 | O49: =SUM(M49:N49) -> 0 | R49: =SUM(P49:Q49) -> 0 | U49: =SUM(S49:T49) -> 0 | X49: =SUM(V49:W49) -> 0 | Z49: =+F49+I49+L49+O49+R49+U49+X49+Y49 -> 3 | AC49: =+AA49+AB49-Z49 -> -3 | AE49: =AC49+AD49 -> -3
B50: 1111082 | C50: ชิฟฟอนไส้แยมแยกชิ้น ใบเตย | F50: =SUM(D50:E50) -> 0 | G50: 2 | I50: =SUM(G50:H50) -> 2 | J50: 1 | L50: =SUM(J50:K50) -> 1 | O50: =SUM(M50:N50) -> 0 | R50: =SUM(P50:Q50) -> 0 | U50: =SUM(S50:T50) -> 0 | X50: =SUM(V50:W50) -> 0 | Z50: =+F50+I50+L50+O50+R50+U50+X50+Y50 -> 3 | AC50: =+AA50+AB50-Z50 -> -3 | AE50: =AC50+AD50 -> -3
B51: 1111083 | C51: ชิฟฟอนไส้แยมแยกชิ้น เมล่อน | F51: =SUM(D51:E51) -> 0 | G51: 2 | I51: =SUM(G51:H51) -> 2 | J51: 1 | L51: =SUM(J51:K51) -> 1 | O51: =SUM(M51:N51) -> 0 | R51: =SUM(P51:Q51) -> 0 | U51: =SUM(S51:T51) -> 0 | X51: =SUM(V51:W51) -> 0 | Z51: =+F51+I51+L51+O51+R51+U51+X51+Y51 -> 3 | AC51: =+AA51+AB51-Z51 -> -3 | AE51: =AC51+AD51 -> -3
B52: 1112002 | C52: เค้กเบาหวิว รสกาแฟ (300 กรัม) | F52: =SUM(D52:E52) -> 0 | I52: =SUM(G52:H52) -> 0 | L52: =SUM(J52:K52) -> 0 | O52: =SUM(M52:N52) -> 0 | R52: =SUM(P52:Q52) -> 0 | U52: =SUM(S52:T52) -> 0 | X52: =SUM(V52:W52) -> 0 | Z52: =+F52+I52+L52+O52+R52+U52+X52+Y52 -> 0 | AC52: =+AA52+AB52-Z52 -> 0 | AE52: =AC52+AD52 -> 0
B53: 1112003 | C53: เค้กเบาหวิว รสกาแฟ (110 กรัม) | F53: =SUM(D53:E53) -> 0 | G53: 1 | I53: =SUM(G53:H53) -> 1 | J53: 1 | L53: =SUM(J53:K53) -> 1 | M53: 40 | O53: =SUM(M53:N53) -> 40 | P53: 2 | R53: =SUM(P53:Q53) -> 2 | U53: =SUM(S53:T53) -> 0 | X53: =SUM(V53:W53) -> 0 | Y53: 5 | Z53: =+F53+I53+L53+O53+R53+U53+X53+Y53 -> 49 | AA53: 70 | AB53: 21 | AC53: =+AA53+AB53-Z53 -> 42 | AD53: 85 | AE53: =AC53+AD53 -> 127
B54: 1112004 | C54: เค้กเบาหวิว รสเนยนม (300 กรัม) | F54: =SUM(D54:E54) -> 0 | I54: =SUM(G54:H54) -> 0 | L54: =SUM(J54:K54) -> 0 | O54: =SUM(M54:N54) -> 0 | R54: =SUM(P54:Q54) -> 0 | U54: =SUM(S54:T54) -> 0 | X54: =SUM(V54:W54) -> 0 | Z54: =+F54+I54+L54+O54+R54+U54+X54+Y54 -> 0 | AC54: =+AA54+AB54-Z54 -> 0 | AE54: =AC54+AD54 -> 0
B55: 1112005 | C55: เค้กเบาหวิว รสเนยนม (110 กรัม) | F55: =SUM(D55:E55) -> 0 | G55: 1 | I55: =SUM(G55:H55) -> 1 | J55: 1 | L55: =SUM(J55:K55) -> 1 | M55: 40 | O55: =SUM(M55:N55) -> 40 | P55: 3 | R55: =SUM(P55:Q55) -> 3 | U55: =SUM(S55:T55) -> 0 | X55: =SUM(V55:W55) -> 0 | Z55: =+F55+I55+L55+O55+R55+U55+X55+Y55 -> 45 | AA55: 65 | AB55: 27 | AC55: =+AA55+AB55-Z55 -> 47 | AD55: 85 | AE55: =AC55+AD55 -> 132
B56: 1112008 | C56: เค้กเบาหวิว รสมะพร้าวน้ำหอม (300 กรัม) | F56: =SUM(D56:E56) -> 0 | I56: =SUM(G56:H56) -> 0 | L56: =SUM(J56:K56) -> 0 | O56: =SUM(M56:N56) -> 0 | R56: =SUM(P56:Q56) -> 0 | U56: =SUM(S56:T56) -> 0 | X56: =SUM(V56:W56) -> 0 | Z56: =+F56+I56+L56+O56+R56+U56+X56+Y56 -> 0 | AC56: =+AA56+AB56-Z56 -> 0 | AE56: =AC56+AD56 -> 0
B57: 1112009 | C57: เค้กเบาหวิว รสมะพร้าวน้ำหอม (110 กรัม) | F57: =SUM(D57:E57) -> 0 | G57: 2 | I57: =SUM(G57:H57) -> 2 | J57: 1 | L57: =SUM(J57:K57) -> 1 | M57: 51 | O57: =SUM(M57:N57) -> 51 | P57: 2 | R57: =SUM(P57:Q57) -> 2 | U57: =SUM(S57:T57) -> 0 | X57: =SUM(V57:W57) -> 0 | Y57: 10 | Z57: =+F57+I57+L57+O57+R57+U57+X57+Y57 -> 66 | AA57: 75 | AB57: 48 | AC57: =+AA57+AB57-Z57 -> 57 | AD57: 85 | AE57: =AC57+AD57 -> 142
B58: 1112010 | C58: เค้กเบาหวิว หน้าฝอยทอง (300 กรัม) | F58: =SUM(D58:E58) -> 0 | I58: =SUM(G58:H58) -> 0 | L58: =SUM(J58:K58) -> 0 | O58: =SUM(M58:N58) -> 0 | R58: =SUM(P58:Q58) -> 0 | U58: =SUM(S58:T58) -> 0 | X58: =SUM(V58:W58) -> 0 | Z58: =+F58+I58+L58+O58+R58+U58+X58+Y58 -> 0 | AC58: =+AA58+AB58-Z58 -> 0 | AE58: =AC58+AD58 -> 0
B59: 1112011 | C59: เค้กเบาหวิว หน้าฝอยทอง (110 กรัม) | F59: =SUM(D59:E59) -> 0 | G59: 1 | I59: =SUM(G59:H59) -> 1 | J59: 3 | L59: =SUM(J59:K59) -> 3 | M59: 40 | O59: =SUM(M59:N59) -> 40 | P59: 2 | R59: =SUM(P59:Q59) -> 2 | U59: =SUM(S59:T59) -> 0 | X59: =SUM(V59:W59) -> 0 | Y59: 7 | Z59: =+F59+I59+L59+O59+R59+U59+X59+Y59 -> 53 | AA59: 72 | AB59: 26 | AC59: =+AA59+AB59-Z59 -> 45 | AD59: 85 | AE59: =AC59+AD59 -> 130
B60: 1112012 | C60: เค้กเบาหวิว รสเผือกหน้ามะพร้าวเผา (300 กรัม) | F60: =SUM(D60:E60) -> 0 | I60: =SUM(G60:H60) -> 0 | L60: =SUM(J60:K60) -> 0 | O60: =SUM(M60:N60) -> 0 | R60: =SUM(P60:Q60) -> 0 | U60: =SUM(S60:T60) -> 0 | X60: =SUM(V60:W60) -> 0 | Z60: =+F60+I60+L60+O60+R60+U60+X60+Y60 -> 0 | AC60: =+AA60+AB60-Z60 -> 0 | AE60: =AC60+AD60 -> 0
B61: 1112013 | C61: เค้กเบาหวิว รสเผือกหน้ามะพร้าวเผา (110 กรัม) | F61: =SUM(D61:E61) -> 0 | G61: 2 | I61: =SUM(G61:H61) -> 2 | J61: 1 | L61: =SUM(J61:K61) -> 1 | M61: 40 | O61: =SUM(M61:N61) -> 40 | P61: 3 | R61: =SUM(P61:Q61) -> 3 | U61: =SUM(S61:T61) -> 0 | X61: =SUM(V61:W61) -> 0 | Y61: 7 | Z61: =+F61+I61+L61+O61+R61+U61+X61+Y61 -> 53 | AA61: 70 | AB61: 25 | AC61: =+AA61+AB61-Z61 -> 42 | AD61: 85 | AE61: =AC61+AD61 -> 127
B62: 1112014 | C62: เค้กเบาหวิว รสกล้วยหอมหน้ามะพร้าวเผา (300 กรัม) | F62: =SUM(D62:E62) -> 0 | I62: =SUM(G62:H62) -> 0 | L62: =SUM(J62:K62) -> 0 | O62: =SUM(M62:N62) -> 0 | R62: =SUM(P62:Q62) -> 0 | U62: =SUM(S62:T62) -> 0 | X62: =SUM(V62:W62) -> 0 | Z62: =+F62+I62+L62+O62+R62+U62+X62+Y62 -> 0 | AC62: =+AA62+AB62-Z62 -> 0 | AE62: =AC62+AD62 -> 0
B63: 1112015 | C63: เค้กเบาหวิว รสกล้วยหอมหน้ามะพร้าวเผา (110 กรัม) | F63: =SUM(D63:E63) -> 0 | G63: 2 | I63: =SUM(G63:H63) -> 2 | J63: 1 | L63: =SUM(J63:K63) -> 1 | M63: 40 | O63: =SUM(M63:N63) -> 40 | P63: 3 | R63: =SUM(P63:Q63) -> 3 | U63: =SUM(S63:T63) -> 0 | X63: =SUM(V63:W63) -> 0 | Z63: =+F63+I63+L63+O63+R63+U63+X63+Y63 -> 46 | AA63: 70 | AB63: 15 | AC63: =+AA63+AB63-Z63 -> 39 | AD63: 85 | AE63: =AC63+AD63 -> 124
B64: 1112017 | C64: เค้กเบาหวิว รสตาลหอม (110 กรัม) | F64: =SUM(D64:E64) -> 0 | I64: =SUM(G64:H64) -> 0 | L64: =SUM(J64:K64) -> 0 | O64: =SUM(M64:N64) -> 0 | R64: =SUM(P64:Q64) -> 0 | U64: =SUM(S64:T64) -> 0 | X64: =SUM(V64:W64) -> 0 | Z64: =+F64+I64+L64+O64+R64+U64+X64+Y64 -> 0 | AC64: =+AA64+AB64-Z64 -> 0 | AE64: =AC64+AD64 -> 0
B65: 1100003 | C65: เมอร์แรงค์ (กระปุก) | F65: =SUM(D65:E65) -> 0 | I65: =SUM(G65:H65) -> 0 | L65: =SUM(J65:K65) -> 0 | O65: =SUM(M65:N65) -> 0 | R65: =SUM(P65:Q65) -> 0 | U65: =SUM(S65:T65) -> 0 | X65: =SUM(V65:W65) -> 0 | Z65: =+F65+I65+L65+O65+R65+U65+X65+Y65 -> 0 | AC65: =+AA65+AB65-Z65 -> 0 | AE65: =AC65+AD65 -> 0
B66: 20039042 | C66: ขนมปังเนยนิ่ม 3 ชิ้น | F66: =SUM(D66:E66) -> 0 | I66: =SUM(G66:H66) -> 0 | L66: =SUM(J66:K66) -> 0 | O66: =SUM(M66:N66) -> 0 | R66: =SUM(P66:Q66) -> 0 | U66: =SUM(S66:T66) -> 0 | X66: =SUM(V66:W66) -> 0 | Z66: =+F66+I66+L66+O66+R66+U66+X66+Y66 -> 0 | AC66: =+AA66+AB66-Z66 -> 0 | AE66: =AC66+AD66 -> 0
B67: 1114501 | C67: ครีมฮอร์นวนิลา เนยสด | D67: 4 | F67: =SUM(D67:E67) -> 4 | G67: 8 | I67: =SUM(G67:H67) -> 8 | J67: 5 | L67: =SUM(J67:K67) -> 5 | M67: 156 | O67: =SUM(M67:N67) -> 156 | P67: 4 | R67: =SUM(P67:Q67) -> 4 | U67: =SUM(S67:T67) -> 0 | X67: =SUM(V67:W67) -> 0 | Z67: =+F67+I67+L67+O67+R67+U67+X67+Y67 -> 177 | AA67: 150 | AB67: 204 | AC67: =+AA67+AB67-Z67 -> 177 | AD67: 200 | AE67: =AC67+AD67 -> 377
B68: 1114502 | C68: ครีมฮอร์นใบเตย เนยสด | D68: 3 | F68: =SUM(D68:E68) -> 3 | G68: 2 | I68: =SUM(G68:H68) -> 2 | J68: 4 | L68: =SUM(J68:K68) -> 4 | M68: 156 | O68: =SUM(M68:N68) -> 156 | P68: 4 | R68: =SUM(P68:Q68) -> 4 | U68: =SUM(S68:T68) -> 0 | X68: =SUM(V68:W68) -> 0 | Z68: =+F68+I68+L68+O68+R68+U68+X68+Y68 -> 169 | AA68: 150 | AB68: 128 | AC68: =+AA68+AB68-Z68 -> 109 | AD68: 200 | AE68: =AC68+AD68 -> 309
B69: 1114503 | C69: ครีมฮอร์นช็อคโกแลต เนยสด | D69: 2 | F69: =SUM(D69:E69) -> 2 | G69: 3 | I69: =SUM(G69:H69) -> 3 | J69: 4 | L69: =SUM(J69:K69) -> 4 | M69: 156 | O69: =SUM(M69:N69) -> 156 | P69: 4 | R69: =SUM(P69:Q69) -> 4 | U69: =SUM(S69:T69) -> 0 | X69: =SUM(V69:W69) -> 0 | Z69: =+F69+I69+L69+O69+R69+U69+X69+Y69 -> 169 | AA69: 153 | AB69: 155 | AC69: =+AA69+AB69-Z69 -> 139 | AD69: 200 | AE69: =AC69+AD69 -> 339
B70: 1124021 | C70: ขนมปังแถว 430 g | F70: =SUM(D70:E70) -> 0 | G70: 2 | I70: =SUM(G70:H70) -> 2 | L70: =SUM(J70:K70) -> 0 | O70: =SUM(M70:N70) -> 0 | R70: =SUM(P70:Q70) -> 0 | U70: =SUM(S70:T70) -> 0 | X70: =SUM(V70:W70) -> 0 | Z70: =+F70+I70+L70+O70+R70+U70+X70+Y70 -> 2 | AC70: =+AA70+AB70-Z70 -> -2 | AE70: =AC70+AD70 -> -2
B71: 1005761 | C71: ขนมปังกรอบคาราเมล | F71: =SUM(D71:E71) -> 0 | I71: =SUM(G71:H71) -> 0 | L71: =SUM(J71:K71) -> 0 | O71: =SUM(M71:N71) -> 0 | R71: =SUM(P71:Q71) -> 0 | U71: =SUM(S71:T71) -> 0 | X71: =SUM(V71:W71) -> 0 | Z71: =+F71+I71+L71+O71+R71+U71+X71+Y71 -> 0 | AC71: =+AA71+AB71-Z71 -> 0 | AE71: =AC71+AD71 -> 0
B72: 1100001 | C72: พายสัปปะรด (1 ชิ้น) | F72: =SUM(D72:E72) -> 0 | I72: =SUM(G72:H72) -> 0 | L72: =SUM(J72:K72) -> 0 | O72: =SUM(M72:N72) -> 0 | R72: =SUM(P72:Q72) -> 0 | U72: =SUM(S72:T72) -> 0 | X72: =SUM(V72:W72) -> 0 | Z72: =+F72+I72+L72+O72+R72+U72+X72+Y72 -> 0 | AC72: =+AA72+AB72-Z72 -> 0 | AE72: =AC72+AD72 -> 0
B73: 1100002 | C73: พายสัปปะรด (1 กล่อง) | F73: =SUM(D73:E73) -> 0 | I73: =SUM(G73:H73) -> 0 | L73: =SUM(J73:K73) -> 0 | O73: =SUM(M73:N73) -> 0 | R73: =SUM(P73:Q73) -> 0 | U73: =SUM(S73:T73) -> 0 | X73: =SUM(V73:W73) -> 0 | Z73: =+F73+I73+L73+O73+R73+U73+X73+Y73 -> 0 | AC73: =+AA73+AB73-Z73 -> 0 | AE73: =AC73+AD73 -> 0
B74: 20052721 | C74: วรรณวนัชแซนวิซโบราณ 70g | F74: =SUM(D74:E74) -> 0 | I74: =SUM(G74:H74) -> 0 | L74: =SUM(J74:K74) -> 0 | O74: =SUM(M74:N74) -> 0 | R74: =SUM(P74:Q74) -> 0 | U74: =SUM(S74:T74) -> 0 | X74: =SUM(V74:W74) -> 0 | Z74: =+F74+I74+L74+O74+R74+U74+X74+Y74 -> 0 | AC74: =+AA74+AB74-Z74 -> 0 | AE74: =AC74+AD74 -> 0
B75: 1113170 | C75: ขนมเปี๊ยะถั่วฝอยทองไข่เค็ม 450 กรัม | D75: 7 | F75: =SUM(D75:E75) -> 7 | I75: =SUM(G75:H75) -> 0 | J75: 5 | L75: =SUM(J75:K75) -> 5 | M75: 1 | O75: =SUM(M75:N75) -> 1 | R75: =SUM(P75:Q75) -> 0 | U75: =SUM(S75:T75) -> 0 | X75: =SUM(V75:W75) -> 0 | Z75: =+F75+I75+L75+O75+R75+U75+X75+Y75 -> 13 | AB75: 16 | AC75: =+AA75+AB75-Z75 -> 3 | AD75: 10 | AE75: =AC75+AD75 -> 13
B76: 1113171 | C76: ขนมเปี๊ยะฟักถั่วไข่เค็ม 450 กรัม | D76: 5 | F76: =SUM(D76:E76) -> 5 | I76: =SUM(G76:H76) -> 0 | J76: 2 | L76: =SUM(J76:K76) -> 2 | O76: =SUM(M76:N76) -> 0 | R76: =SUM(P76:Q76) -> 0 | U76: =SUM(S76:T76) -> 0 | X76: =SUM(V76:W76) -> 0 | Z76: =+F76+I76+L76+O76+R76+U76+X76+Y76 -> 7 | AB76: 20 | AC76: =+AA76+AB76-Z76 -> 13 | AE76: =AC76+AD76 -> 13
B77: 1113172 | C77: ขนมเปี๊ยะเผือกฝอยทองไข่เค็ม 450 กรัม | D77: 9 | F77: =SUM(D77:E77) -> 9 | I77: =SUM(G77:H77) -> 0 | J77: 2 | L77: =SUM(J77:K77) -> 2 | O77: =SUM(M77:N77) -> 0 | R77: =SUM(P77:Q77) -> 0 | U77: =SUM(S77:T77) -> 0 | X77: =SUM(V77:W77) -> 0 | Z77: =+F77+I77+L77+O77+R77+U77+X77+Y77 -> 11 | AB77: 8 | AC77: =+AA77+AB77-Z77 -> -3 | AD77: 10 | AE77: =AC77+AD77 -> 7
B78: 1113173 | C78: ขนมเปี๊ยะงาดำฝอยทองไข่เค็ม 450 กรัม | D78: 3 | F78: =SUM(D78:E78) -> 3 | I78: =SUM(G78:H78) -> 0 | L78: =SUM(J78:K78) -> 0 | O78: =SUM(M78:N78) -> 0 | R78: =SUM(P78:Q78) -> 0 | U78: =SUM(S78:T78) -> 0 | X78: =SUM(V78:W78) -> 0 | Z78: =+F78+I78+L78+O78+R78+U78+X78+Y78 -> 3 | AB78: 2 | AC78: =+AA78+AB78-Z78 -> -1 | AD78: 10 | AE78: =AC78+AD78 -> 9
B79: 1200001 | C79: คอร์นเฟล็ค | F79: =SUM(D79:E79) -> 0 | I79: =SUM(G79:H79) -> 0 | L79: =SUM(J79:K79) -> 0 | O79: =SUM(M79:N79) -> 0 | R79: =SUM(P79:Q79) -> 0 | U79: =SUM(S79:T79) -> 0 | X79: =SUM(V79:W79) -> 0 | Z79: =+F79+I79+L79+O79+R79+U79+X79+Y79 -> 0 | AC79: =+AA79+AB79-Z79 -> 0 | AE79: =AC79+AD79 -> 0
B80: 1200002 | C80: ท๊อฟฟี่ถั่ว (กล่อง) | F80: =SUM(D80:E80) -> 0 | I80: =SUM(G80:H80) -> 0 | L80: =SUM(J80:K80) -> 0 | M80: 4 | O80: =SUM(M80:N80) -> 4 | R80: =SUM(P80:Q80) -> 0 | U80: =SUM(S80:T80) -> 0 | X80: =SUM(V80:W80) -> 0 | Z80: =+F80+I80+L80+O80+R80+U80+X80+Y80 -> 4 | AB80: 7 | AC80: =+AA80+AB80-Z80 -> 3 | AE80: =AC80+AD80 -> 3
B81: 20054646 | C81: ปังพิซซ่า | F81: =SUM(D81:E81) -> 0 | I81: =SUM(G81:H81) -> 0 | L81: =SUM(J81:K81) -> 0 | M81: 9 | O81: =SUM(M81:N81) -> 9 | R81: =SUM(P81:Q81) -> 0 | U81: =SUM(S81:T81) -> 0 | X81: =SUM(V81:W81) -> 0 | Z81: =+F81+I81+L81+O81+R81+U81+X81+Y81 -> 9 | AB81: 17 | AC81: =+AA81+AB81-Z81 -> 8 | AE81: =AC81+AD81 -> 8
B82: 300 | C82: เศษขนมปังปลา 5กก. | F82: =SUM(D82:E82) -> 0 | G82: 2 | I82: =SUM(G82:H82) -> 2 | L82: =SUM(J82:K82) -> 0 | O82: =SUM(M82:N82) -> 0 | R82: =SUM(P82:Q82) -> 0 | U82: =SUM(S82:T82) -> 0 | X82: =SUM(V82:W82) -> 0 | Z82: =+F82+I82+L82+O82+R82+U82+X82+Y82 -> 2 | AC82: =+AA82+AB82-Z82 -> -2 | AE82: =AC82+AD82 -> -2
B83: 200 | C83: เศษขนมปังปลา 1 กก. | F83: =SUM(D83:E83) -> 0 | G83: 5 | I83: =SUM(G83:H83) -> 5 | L83: =SUM(J83:K83) -> 0 | O83: =SUM(M83:N83) -> 0 | R83: =SUM(P83:Q83) -> 0 | U83: =SUM(S83:T83) -> 0 | X83: =SUM(V83:W83) -> 0 | Z83: =+F83+I83+L83+O83+R83+U83+X83+Y83 -> 5 | AC83: =+AA83+AB83-Z83 -> -5 | AE83: =AC83+AD83 -> -5
B84: 1111087 | C84: ชิฟฟอน 8 ชิ้น สตอเบอรี่ล้วน | F84: =SUM(D84:E84) -> 0 | I84: =SUM(G84:H84) -> 0 | L84: =SUM(J84:K84) -> 0 | O84: =SUM(M84:N84) -> 0 | R84: =SUM(P84:Q84) -> 0 | U84: =SUM(S84:T84) -> 0 | X84: =SUM(V84:W84) -> 0 | Z84: =+F84+I84+L84+O84+R84+U84+X84+Y84 -> 0 | AC84: =+AA84+AB84-Z84 -> 0 | AE84: =AC84+AD84 -> 0
C85: ชิฟฟอน 4 ชิ้น มะพร้าวล้วน | F85: =SUM(D85:E85) -> 0 | I85: =SUM(G85:H85) -> 0 | L85: =SUM(J85:K85) -> 0 | O85: =SUM(M85:N85) -> 0 | R85: =SUM(P85:Q85) -> 0 | U85: =SUM(S85:T85) -> 0 | X85: =SUM(V85:W85) -> 0 | Z85: =+F85+I85+L85+O85+R85+U85+X85+Y85 -> 0 | AC85: =+AA85+AB85-Z85 -> 0 | AE85: =AC85+AD85 -> 0
C86: ชิฟฟอน 4 ชิ้น กาแฟล้วน | F86: =SUM(D86:E86) -> 0 | I86: =SUM(G86:H86) -> 0 | L86: =SUM(J86:K86) -> 0 | O86: =SUM(M86:N86) -> 0 | R86: =SUM(P86:Q86) -> 0 | U86: =SUM(S86:T86) -> 0 | X86: =SUM(V86:W86) -> 0 | Z86: =+F86+I86+L86+O86+R86+U86+X86+Y86 -> 0 | AC86: =+AA86+AB86-Z86 -> 0 | AE86: =AC86+AD86 -> 0
C87: ชิฟฟอน 4 ชิ้น ชาเขียวล้วน | F87: =SUM(D87:E87) -> 0 | I87: =SUM(G87:H87) -> 0 | L87: =SUM(J87:K87) -> 0 | O87: =SUM(M87:N87) -> 0 | R87: =SUM(P87:Q87) -> 0 | U87: =SUM(S87:T87) -> 0 | X87: =SUM(V87:W87) -> 0 | Z87: =+F87+I87+L87+O87+R87+U87+X87+Y87 -> 0 | AC87: =+AA87+AB87-Z87 -> 0 | AE87: =AC87+AD87 -> 0
C88: ชิฟฟอน 4 ชิ้น ใบเตยล้วน | F88: =SUM(D88:E88) -> 0 | I88: =SUM(G88:H88) -> 0 | L88: =SUM(J88:K88) -> 0 | O88: =SUM(M88:N88) -> 0 | R88: =SUM(P88:Q88) -> 0 | U88: =SUM(S88:T88) -> 0 | X88: =SUM(V88:W88) -> 0 | Z88: =+F88+I88+L88+O88+R88+U88+X88+Y88 -> 0 | AC88: =+AA88+AB88-Z88 -> 0 | AE88: =AC88+AD88 -> 0
B89: 1111092 | C89: ชิฟฟอน 8 ชิ้น กล้วยหอม | F89: =SUM(D89:E89) -> 0 | I89: =SUM(G89:H89) -> 0 | L89: =SUM(J89:K89) -> 0 | O89: =SUM(M89:N89) -> 0 | R89: =SUM(P89:Q89) -> 0 | U89: =SUM(S89:T89) -> 0 | X89: =SUM(V89:W89) -> 0 | Z89: =+F89+I89+L89+O89+R89+U89+X89+Y89 -> 0 | AC89: =+AA89+AB89-Z89 -> 0 | AE89: =AC89+AD89 -> 0
B90: 1111093 | C90: ชิฟฟอน 8 ชิ้น โกโก้ล้วน | F90: =SUM(D90:E90) -> 0 | I90: =SUM(G90:H90) -> 0 | L90: =SUM(J90:K90) -> 0 | O90: =SUM(M90:N90) -> 0 | R90: =SUM(P90:Q90) -> 0 | U90: =SUM(S90:T90) -> 0 | X90: =SUM(V90:W90) -> 0 | Z90: =+F90+I90+L90+O90+R90+U90+X90+Y90 -> 0 | AC90: =+AA90+AB90-Z90 -> 0 | AE90: =AC90+AD90 -> 0
B91: 1111088 | C91: ชิฟฟอน 8 ชิ้น ส้มล้วน | F91: =SUM(D91:E91) -> 0 | I91: =SUM(G91:H91) -> 0 | L91: =SUM(J91:K91) -> 0 | O91: =SUM(M91:N91) -> 0 | R91: =SUM(P91:Q91) -> 0 | U91: =SUM(S91:T91) -> 0 | X91: =SUM(V91:W91) -> 0 | Z91: =+F91+I91+L91+O91+R91+U91+X91+Y91 -> 0 | AC91: =+AA91+AB91-Z91 -> 0 | AE91: =AC91+AD91 -> 0
B92: 1111089 | C92: ชิฟฟอน 8 ชิ้น เนยล้วน | F92: =SUM(D92:E92) -> 0 | I92: =SUM(G92:H92) -> 0 | L92: =SUM(J92:K92) -> 0 | O92: =SUM(M92:N92) -> 0 | R92: =SUM(P92:Q92) -> 0 | U92: =SUM(S92:T92) -> 0 | X92: =SUM(V92:W92) -> 0 | Z92: =+F92+I92+L92+O92+R92+U92+X92+Y92 -> 0 | AC92: =+AA92+AB92-Z92 -> 0 | AE92: =AC92+AD92 -> 0
B93: 1111094 | C93: ชิฟฟอน 8 ชิ้น ชาไทยล้วน | F93: =SUM(D93:E93) -> 0 | I93: =SUM(G93:H93) -> 0 | L93: =SUM(J93:K93) -> 0 | O93: =SUM(M93:N93) -> 0 | R93: =SUM(P93:Q93) -> 0 | U93: =SUM(S93:T93) -> 0 | X93: =SUM(V93:W93) -> 0 | Z93: =+F93+I93+L93+O93+R93+U93+X93+Y93 -> 0 | AC93: =+AA93+AB93-Z93 -> 0 | AE93: =AC93+AD93 -> 0
B94: 1111095 | C94: ชิฟฟอน 8 ชิ้น ชาเขียวล้วน | F94: =SUM(D94:E94) -> 0 | I94: =SUM(G94:H94) -> 0 | L94: =SUM(J94:K94) -> 0 | O94: =SUM(M94:N94) -> 0 | R94: =SUM(P94:Q94) -> 0 | U94: =SUM(S94:T94) -> 0 | X94: =SUM(V94:W94) -> 0 | Z94: =+F94+I94+L94+O94+R94+U94+X94+Y94 -> 0 | AC94: =+AA94+AB94-Z94 -> 0 | AE94: =AC94+AD94 -> 0
B95: 1111091 | C95: ชิฟฟอน 8 ชิ้น ใบเตยล้วน | F95: =SUM(D95:E95) -> 0 | I95: =SUM(G95:H95) -> 0 | L95: =SUM(J95:K95) -> 0 | O95: =SUM(M95:N95) -> 0 | R95: =SUM(P95:Q95) -> 0 | U95: =SUM(S95:T95) -> 0 | X95: =SUM(V95:W95) -> 0 | Z95: =+F95+I95+L95+O95+R95+U95+X95+Y95 -> 0 | AC95: =+AA95+AB95-Z95 -> 0 | AE95: =AC95+AD95 -> 0
B96: 1111086 | C96: ชิฟฟอน 8 ชิ้น มะพร้าวล้วน | F96: =SUM(D96:E96) -> 0 | I96: =SUM(G96:H96) -> 0 | L96: =SUM(J96:K96) -> 0 | O96: =SUM(M96:N96) -> 0 | R96: =SUM(P96:Q96) -> 0 | U96: =SUM(S96:T96) -> 0 | X96: =SUM(V96:W96) -> 0 | Z96: =+F96+I96+L96+O96+R96+U96+X96+Y96 -> 0 | AC96: =+AA96+AB96-Z96 -> 0 | AE96: =AC96+AD96 -> 0
B97: 20059548 | C97: มินบันไก่หยอง | F97: =SUM(D97:E97) -> 0 | I97: =SUM(G97:H97) -> 0 | L97: =SUM(J97:K97) -> 0 | O97: =SUM(M97:N97) -> 0 | R97: =SUM(P97:Q97) -> 0 | U97: =SUM(S97:T97) -> 0 | X97: =SUM(V97:W97) -> 0 | Z97: =+F97+I97+L97+O97+R97+U97+X97+Y97 -> 0 | AC97: =+AA97+AB97-Z97 -> 0 | AE97: =AC97+AD97 -> 0
B98: 1100044 | C98: หมี่กรอบโบราณ | F98: =SUM(D98:E98) -> 0 | I98: =SUM(G98:H98) -> 0 | L98: =SUM(J98:K98) -> 0 | O98: =SUM(M98:N98) -> 0 | R98: =SUM(P98:Q98) -> 0 | U98: =SUM(S98:T98) -> 0 | X98: =SUM(V98:W98) -> 0 | Z98: =+F98+I98+L98+O98+R98+U98+X98+Y98 -> 0 | AC98: =+AA98+AB98-Z98 -> 0 | AE98: =AC98+AD98 -> 0
B99: 1100045 | C99: ชิฟฟ่อนขนุน | F99: =SUM(D99:E99) -> 0 | I99: =SUM(G99:H99) -> 0 | L99: =SUM(J99:K99) -> 0 | O99: =SUM(M99:N99) -> 0 | R99: =SUM(P99:Q99) -> 0 | U99: =SUM(S99:T99) -> 0 | X99: =SUM(V99:W99) -> 0 | Z99: =+F99+I99+L99+O99+R99+U99+X99+Y99 -> 0 | AC99: =+AA99+AB99-Z99 -> 0 | AE99: =AC99+AD99 -> 0
B100: 1004062 | C100: เค้กลาวา ฝอยทองทูโทน (เล็ก) | F100: =SUM(D100:E100) -> 0 | I100: =SUM(G100:H100) -> 0 | L100: =SUM(J100:K100) -> 0 | O100: =SUM(M100:N100) -> 0 | R100: =SUM(P100:Q100) -> 0 | U100: =SUM(S100:T100) -> 0 | X100: =SUM(V100:W100) -> 0 | Y100: 5 | Z100: =+F100+I100+L100+O100+R100+U100+X100+Y100 -> 5 | AA100: 5 | AC100: =+AA100+AB100-Z100 -> 0 | AE100: =AC100+AD100 -> 0
...

Sheet 03.10.68
B1: ยอดจริง ออนไลน์ วันที่ 03/10/2568
B2: รหัสสินค้า | C2: สินค้า | D2: ปณ | G2: ชอปปี้ | J2: ลาซาด้า | M2: ติ๊กตอก | P2: ติ๊กตอก2 | S2: ติ๊กตอก3 | V2: ชอยส์ | Y2: ยอดเส้น | Z2: ยอดรวมผลิต(กล่อง) | AA2: ยอดForcast | AB2: ยอดStock | AC2: ยอดMemo | AD2: ยอดForcastวันพรุ่งนี้ | AE2: สินค้าที่ขายได้
D3: เช้า | E3: บ่าย | F3: รวม | G3: เช้า | H3: บ่าย | I3: รวม | J3: เช้า | K3: บ่าย | L3: รวม | M3: เช้า | N3: บ่าย | O3: รวม | P3: เช้า | Q3: บ่าย | R3: รวม | S3: เช้า | T3: บ่าย | U3: รวม | V3: เช้า | W3: บ่าย | X3: รวม
B4: 1004055 | C4: ชิฟฟ่อนเค้ก วรรณวนัช (รวมรส 4 ชิ้น) | D4: 1 | F4: =SUM(D4:E4) -> 1 | G4: 5 | I4: =SUM(G4:H4) -> 5 | L4: =SUM(J4:K4) -> 0 | M4: 18 | N4: 24 | O4: =SUM(M4:N4) -> 42 | R4: =SUM(P4:Q4) -> 0 | U4: =SUM(S4:T4) -> 0 | X4: =SUM(V4:W4) -> 0 | Y4: 5 | Z4: =+F4+I4+L4+O4+R4+U4+X4+Y4 -> 53 | AA4: 75 | AB4: 3 | AC4: =+AA4+AB4-Z4 -> 25 | AD4: 70 | AE4: =AC4+AD4 -> 95
B5: 1111002 | C5: ชิฟฟ่อนเค้ก วรรณวนัช (รวมรส 8 ชิ้น) | D5: 9 | F5: =SUM(D5:E5) -> 9 | G5: 25 | H5: 17 | I5: =SUM(G5:H5) -> 42 | J5: 31 | L5: =SUM(J5:K5) -> 31 | M5: 9 | N5: 3 | O5: =SUM(M5:N5) -> 12 | P5: 3 | R5: =SUM(P5:Q5) -> 3 | U5: =SUM(S5:T5) -> 0 | X5: =SUM(V5:W5) -> 0 | Y5: 3 | Z5: =+F5+I5+L5+O5+R5+U5+X5+Y5 -> 100 | AA5: 123 | AB5: 3 | AC5: =+AA5+AB5-Z5 -> 26 | AD5: 120 | AE5: =AC5+AD5 -> 146
B6: 1111055 | C6: วรรณวนัช ชิฟฟ่อนรวมรส 8 ชิ้น | F6: =SUM(D6:E6) -> 0 | I6: =SUM(G6:H6) -> 0 | L6: =SUM(J6:K6) -> 0 | O6: =SUM(M6:N6) -> 0 | R6: =SUM(P6:Q6) -> 0 | U6: =SUM(S6:T6) -> 0 | X6: =SUM(V6:W6) -> 0 | Z6: =+F6+I6+L6+O6+R6+U6+X6+Y6 -> 0 | AC6: =+AA6+AB6-Z6 -> 0 | AE6: =AC6+AD6 -> 0
B7: 1111084 | C7: ชิฟฟ่อนเค้ก รสกาแฟ (8 ชิ้น) | F7: =SUM(D7:E7) -> 0 | I7: =SUM(G7:H7) -> 0 | L7: =SUM(J7:K7) -> 0 | O7: =SUM(M7:N7) -> 0 | R7: =SUM(P7:Q7) -> 0 | U7: =SUM(S7:T7) -> 0 | X7: =SUM(V7:W7) -> 0 | Z7: =+F7+I7+L7+O7+R7+U7+X7+Y7 -> 0 | AC7: =+AA7+AB7-Z7 -> 0 | AE7: =AC7+AD7 -> 0
B8: 1111043 | C8: ชิฟฟอนรสมะลิ 8 ชิ้น ห่อ ซีน | F8: =SUM(D8:E8) -> 0 | I8: =SUM(G8:H8) -> 0 | L8: =SUM(J8:K8) -> 0 | O8: =SUM(M8:N8) -> 0 | R8: =SUM(P8:Q8) -> 0 | U8: =SUM(S8:T8) -> 0 | X8: =SUM(V8:W8) -> 0 | Z8: =+F8+I8+L8+O8+R8+U8+X8+Y8 -> 0 | AC8: =+AA8+AB8-Z8 -> 0 | AE8: =AC8+AD8 -> 0
B9: 1111057 | C9: ชิฟฟอนแยกชิ้น กาแฟ | F9: =SUM(D9:E9) -> 0 | G9: 2 | I9: =SUM(G9:H9) -> 2 | L9: =SUM(J9:K9) -> 0 | M9: 1 | O9: =SUM(M9:N9) -> 1 | R9: =SUM(P9:Q9) -> 0 | U9: =SUM(S9:T9) -> 0 | X9: =SUM(V9:W9) -> 0 | Z9: =+F9+I9+L9+O9+R9+U9+X9+Y9 -> 3 | AC9: =+AA9+AB9-Z9 -> -3 | AE9: =AC9+AD9 -> -3
B10: 1111058 | C10: ชิฟฟอนแยกชิ้น มะลิ | F10: =SUM(D10:E10) -> 0 | G10: 2 | I10: =SUM(G10:H10) -> 2 | L10: =SUM(J10:K10) -> 0 | M10: 1 | O10: =SUM(M10:N10) -> 1 | R10: =SUM(P10:Q10) -> 0 | U10: =SUM(S10:T10) -> 0 | X10: =SUM(V10:W10) -> 0 | Z10: =+F10+I10+L10+O10+R10+U10+X10+Y10 -> 3 | AC10: =+AA10+AB10-Z10 -> -3 | AE10: =AC10+AD10 -> -3
B11: 1111059 | C11: ชิฟฟอนแยกชิ้น ใบเตย | F11: =SUM(D11:E11) -> 0 | G11: 2 | I11: =SUM(G11:H11) -> 2 | L11: =SUM(J11:K11) -> 0 | M11: 1 | O11: =SUM(M11:N11) -> 1 | R11: =SUM(P11:Q11) -> 0 | U11: =SUM(S11:T11) -> 0 | X11: =SUM(V11:W11) -> 0 | Z11: =+F11+I11+L11+O11+R11+U11+X11+Y11 -> 3 | AC11: =+AA11+AB11-Z11 -> -3 | AE11: =AC11+AD11 -> -3
B12: 1111060 | C12: ชิฟฟอนแยกชิ้น กล้วยหอม | F12: =SUM(D12:E12) -> 0 | G12: 2 | I12: =SUM(G12:H12) -> 2 | L12: =SUM(J12:K12) -> 0 | M12: 1 | O12: =SUM(M12:N12) -> 1 | R12: =SUM(P12:Q12) -> 0 | U12: =SUM(S12:T12) -> 0 | X12: =SUM(V12:W12) -> 0 | Z12: =+F12+I12+L12+O12+R12+U12+X12+Y12 -> 3 | AC12: =+AA12+AB12-Z12 -> -3 | AE12: =AC12+AD12 -> -3
B13: 1111061 | C13: ชิฟฟอนแยกชิ้น ชาไทย | F13: =SUM(D13:E13) -> 0 | G13: 2 | I13: =SUM(G13:H13) -> 2 | L13: =SUM(J13:K13) -> 0 | M13: 1 | O13: =SUM(M13:N13) -> 1 | R13: =SUM(P13:Q13) -> 0 | U13: =SUM(S13:T13) -> 0 | X13: =SUM(V13:W13) -> 0 | Z13: =+F13+I13+L13+O13+R13+U13+X13+Y13 -> 3 | AC13: =+AA13+AB13-Z13 -> -3 | AE13: =AC13+AD13 -> -3
B14: 1111062 | C14: ชิฟฟอนแยกชิ้น โกโก้ | F14: =SUM(D14:E14) -> 0 | G14: 2 | I14: =SUM(G14:H14) -> 2 | L14: =SUM(J14:K14) -> 0 | M14: 1 | O14: =SUM(M14:N14) -> 1 | R14: =SUM(P14:Q14) -> 0 | U14: =SUM(S14:T14) -> 0 | X14: =SUM(V14:W14) -> 0 | Z14: =+F14+I14+L14+O14+R14+U14+X14+Y14 -> 3 | AC14: =+AA14+AB14-Z14 -> -3 | AE14: =AC14+AD14 -> -3
B15: 1111063 | C15: ชิฟฟอนแยกชิ้น ส้ม | F15: =SUM(D15:E15) -> 0 | G15: 2 | I15: =SUM(G15:H15) -> 2 | L15: =SUM(J15:K15) -> 0 | M15: 1 | O15: =SUM(M15:N15) -> 1 | R15: =SUM(P15:Q15) -> 0 | U15: =SUM(S15:T15) -> 0 | X15: =SUM(V15:W15) -> 0 | Z15: =+F15+I15+L15+O15+R15+U15+X15+Y15 -> 3 | AC15: =+AA15+AB15-Z15 -> -3 | AE15: =AC15+AD15 -> -3
B16: 1111064 | C16: ชิฟฟอนแยกชิ้น เผือก | F16: =SUM(D16:E16) -> 0 | G16: 1 | I16: =SUM(G16:H16) -> 1 | L16: =SUM(J16:K16) -> 0 | M16: 1 | O16: =SUM(M16:N16) -> 1 | R16: =SUM(P16:Q16) -> 0 | U16: =SUM(S16:T16) -> 0 | X16: =SUM(V16:W16) -> 0 | Z16: =+F16+I16+L16+O16+R16+U16+X16+Y16 -> 2 | AC16: =+AA16+AB16-Z16 -> -2 | AE16: =AC16+AD16 -> -2
B17: 1111065 | C17: ชิฟฟอนแยกชิ้น สับปะรด | F17: =SUM(D17:E17) -> 0 | G17: 1 | I17: =SUM(G17:H17) -> 1 | L17: =SUM(J17:K17) -> 0 | M17: 1 | O17: =SUM(M17:N17) -> 1 | R17: =SUM(P17:Q17) -> 0 | U17: =SUM(S17:T17) -> 0 | X17: =SUM(V17:W17) -> 0 | Z17: =+F17+I17+L17+O17+R17+U17+X17+Y17 -> 2 | AC17: =+AA17+AB17-Z17 -> -2 | AE17: =AC17+AD17 -> -2
B18: 1111066 | C18: ชิฟฟอนแยกชิ้น สตอเบอรี่ | F18: =SUM(D18:E18) -> 0 | G18: 1 | I18: =SUM(G18:H18) -> 1 | L18: =SUM(J18:K18) -> 0 | M18: 1 | O18: =SUM(M18:N18) -> 1 | R18: =SUM(P18:Q18) -> 0 | U18: =SUM(S18:T18) -> 0 | X18: =SUM(V18:W18) -> 0 | Z18: =+F18+I18+L18+O18+R18+U18+X18+Y18 -> 2 | AA18: 10 | AC18: =+AA18+AB18-Z18 -> 8 | AE18: =AC18+AD18 -> 8
B19: 1111067 | C19: ชิฟฟอนแยกชิ้น มะพร้าว | F19: =SUM(D19:E19) -> 0 | G19: 1 | I19: =SUM(G19:H19) -> 1 | L19: =SUM(J19:K19) -> 0 | O19: =SUM(M19:N19) -> 0 | R19: =SUM(P19:Q19) -> 0 | U19: =SUM(S19:T19) -> 0 | X19: =SUM(V19:W19) -> 0 | Z19: =+F19+I19+L19+O19+R19+U19+X19+Y19 -> 1 | AA19: 10 | AC19: =+AA19+AB19-Z19 -> 9 | AE19: =AC19+AD19 -> 9
B20: 1111068 | C20: ชิฟฟอนแยกชิ้น เนย | F20: =SUM(D20:E20) -> 0 | G20: 1 | I20: =SUM(G20:H20) -> 1 | L20: =SUM(J20:K20) -> 0 | O20: =SUM(M20:N20) -> 0 | R20: =SUM(P20:Q20) -> 0 | U20: =SUM(S20:T20) -> 0 | X20: =SUM(V20:W20) -> 0 | Z20: =+F20+I20+L20+O20+R20+U20+X20+Y20 -> 1 | AC20: =+AA20+AB20-Z20 -> -1 | AE20: =AC20+AD20 -> -1
B21: 1111069 | C21: ชิฟฟอนแยกชิ้น บลูเบอรี่ | F21: =SUM(D21:E21) -> 0 | G21: 1 | I21: =SUM(G21:H21) -> 1 | L21: =SUM(J21:K21) -> 0 | O21: =SUM(M21:N21) -> 0 | R21: =SUM(P21:Q21) -> 0 | U21: =SUM(S21:T21) -> 0 | X21: =SUM(V21:W21) -> 0 | Z21: =+F21+I21+L21+O21+R21+U21+X21+Y21 -> 1 | AC21: =+AA21+AB21-Z21 -> -1 | AE21: =AC21+AD21 -> -1
B22: 1111070 | C22: ชิฟฟอนแยกชิ้น ทุเรียน | F22: =SUM(D22:E22) -> 0 | I22: =SUM(G22:H22) -> 0 | L22: =SUM(J22:K22) -> 0 | O22: =SUM(M22:N22) -> 0 | R22: =SUM(P22:Q22) -> 0 | U22: =SUM(S22:T22) -> 0 | X22: =SUM(V22:W22) -> 0 | Z22: =+F22+I22+L22+O22+R22+U22+X22+Y22 -> 0 | AC22: =+AA22+AB22-Z22 -> 0 | AE22: =AC22+AD22 -> 0
B23: 1111071 | C23: ชิฟฟอนแยกชิ้น ตาล | F23: =SUM(D23:E23) -> 0 | I23: =SUM(G23:H23) -> 0 | L23: =SUM(J23:K23) -> 0 | O23: =SUM(M23:N23) -> 0 | R23: =SUM(P23:Q23) -> 0 | U23: =SUM(S23:T23) -> 0 | X23: =SUM(V23:W23) -> 0 | Z23: =+F23+I23+L23+O23+R23+U23+X23+Y23 -> 0 | AC23: =+AA23+AB23-Z23 -> 0 | AE23: =AC23+AD23 -> 0
B24: 1111010 | C24: ชิฟฟ่อนเค้กสอดไส้แยม (1 ชิ้น) แยมสับปะรด | F24: =SUM(D24:E24) -> 0 | I24: =SUM(G24:H24) -> 0 | L24: =SUM(J24:K24) -> 0 | O24: =SUM(M24:N24) -> 0 | R24: =SUM(P24:Q24) -> 0 | U24: =SUM(S24:T24) -> 0 | X24: =SUM(V24:W24) -> 0 | Z24: =+F24+I24+L24+O24+R24+U24+X24+Y24 -> 0 | AC24: =+AA24+AB24-Z24 -> 0 | AE24: =AC24+AD24 -> 0
B25: 1111008 | C25: ชิฟฟ่อนเค้ก สอดไส้ (รวมรส 3 ชิ้น) | D25: 1 | F25: =SUM(D25:E25) -> 1 | G25: 6 | I25: =SUM(G25:H25) -> 6 | L25: =SUM(J25:K25) -> 0 | M25: 21 | N25: 27 | O25: =SUM(M25:N25) -> 48 | P25: 3 | R25: =SUM(P25:Q25) -> 3 | U25: =SUM(S25:T25) -> 0 | X25: =SUM(V25:W25) -> 0 | Z25: =+F25+I25+L25+O25+R25+U25+X25+Y25 -> 58 | AA25: 50 | AB25: 2 | AC25: =+AA25+AB25-Z25 -> -6 | AD25: 50 | AE25: =AC25+AD25 -> 44
B26: 1111009 | C26: ชิฟฟ่อนเค้ก สอดไส้ (รวมรส 6 ชิ้น) | D26: 3 | F26: =SUM(D26:E26) -> 3 | G26: 8 | H26: 2 | I26: =SUM(G26:H26) -> 10 | J26: 7 | L26: =SUM(J26:K26) -> 7 | O26: =SUM(M26:N26) -> 0 | R26: =SUM(P26:Q26) -> 0 | U26: =SUM(S26:T26) -> 0 | X26: =SUM(V26:W26) -> 0 | Z26: =+F26+I26+L26+O26+R26+U26+X26+Y26 -> 20 | AA26: 30 | AB26: 8 | AC26: =+AA26+AB26-Z26 -> 18 | AD26: 30 | AE26: =AC26+AD26 -> 48
B27: 1111011 | C27: ชิฟฟ่อนเค้กสอดไส้ นมชมพูฮอกไกโด (3 ชิ้น) | F27: =SUM(D27:E27) -> 0 | I27: =SUM(G27:H27) -> 0 | L27: =SUM(J27:K27) -> 0 | O27: =SUM(M27:N27) -> 0 | R27: =SUM(P27:Q27) -> 0 | U27: =SUM(S27:T27) -> 0 | X27: =SUM(V27:W27) -> 0 | Z27: =+F27+I27+L27+O27+R27+U27+X27+Y27 -> 0 | AC27: =+AA27+AB27-Z27 -> 0 | AE27: =AC27+AD27 -> 0
B28: 1111012 | C28: ชิฟฟ่อนเค้กสอดไส้ นมชมพูฮอกไกโด (6 ชิ้น) | F28: =SUM(D28:E28) -> 0 | I28: =SUM(G28:H28) -> 0 | L28: =SUM(J28:K28) -> 0 | O28: =SUM(M28:N28) -> 0 | R28: =SUM(P28:Q28) -> 0 | U28: =SUM(S28:T28) -> 0 | X28: =SUM(V28:W28) -> 0 | Z28: =+F28+I28+L28+O28+R28+U28+X28+Y28 -> 0 | AC28: =+AA28+AB28-Z28 -> 0 | AE28: =AC28+AD28 -> 0
B29: 1111013 | C29: ชิฟฟ่อนเค้กสอดไส้ ช็อคโกแลตนูเทลล่า (3 ชิ้น) | F29: =SUM(D29:E29) -> 0 | I29: =SUM(G29:H29) -> 0 | L29: =SUM(J29:K29) -> 0 | O29: =SUM(M29:N29) -> 0 | R29: =SUM(P29:Q29) -> 0 | U29: =SUM(S29:T29) -> 0 | X29: =SUM(V29:W29) -> 0 | Z29: =+F29+I29+L29+O29+R29+U29+X29+Y29 -> 0 | AC29: =+AA29+AB29-Z29 -> 0 | AE29: =AC29+AD29 -> 0
B30: 1111014 | C30: ชิฟฟ่อนเค้กสอดไส้ ช็อคโกแลตนูเทลล่า (6 ชิ้น) | F30: =SUM(D30:E30) -> 0 | I30: =SUM(G30:H30) -> 0 | L30: =SUM(J30:K30) -> 0 | O30: =SUM(M30:N30) -> 0 | R30: =SUM(P30:Q30) -> 0 | U30: =SUM(S30:T30) -> 0 | X30: =SUM(V30:W30) -> 0 | Z30: =+F30+I30+L30+O30+R30+U30+X30+Y30 -> 0 | AC30: =+AA30+AB30-Z30 -> 0 | AE30: =AC30+AD30 -> 0
B31: 1111015 | C31: ชิฟฟ่อนเค้กสอดไส้เนย รสมะพร้าว (3 ชิ้น) | F31: =SUM(D31:E31) -> 0 | I31: =SUM(G31:H31) -> 0 | L31: =SUM(J31:K31) -> 0 | O31: =SUM(M31:N31) -> 0 | R31: =SUM(P31:Q31) -> 0 | U31: =SUM(S31:T31) -> 0 | X31: =SUM(V31:W31) -> 0 | Z31: =+F31+I31+L31+O31+R31+U31+X31+Y31 -> 0 | AC31: =+AA31+AB31-Z31 -> 0 | AE31: =AC31+AD31 -> 0
B32: 1111016 | C32: ชิฟฟ่อนเค้กสอดไส้เนย รสมะพร้าว (6 ชิ้น) | F32: =SUM(D32:E32) -> 0 | I32: =SUM(G32:H32) -> 0 | L32: =SUM(J32:K32) -> 0 | O32: =SUM(M32:N32) -> 0 | R32: =SUM(P32:Q32) -> 0 | U32: =SUM(S32:T32) -> 0 | X32: =SUM(V32:W32) -> 0 | Z32: =+F32+I32+L32+O32+R32+U32+X32+Y32 -> 0 | AC32: =+AA32+AB32-Z32 -> 0 | AE32: =AC32+AD32 -> 0
B33: 1111017 | C33: ชิฟฟ่อนเค้กสอดไส้แยม รสบลูเบอร์รี่ (3 ชิ้น) | F33: =SUM(D33:E33) -> 0 | I33: =SUM(G33:H33) -> 0 | L33: =SUM(J33:K33) -> 0 | O33: =SUM(M33:N33) -> 0 | R33: =SUM(P33:Q33) -> 0 | U33: =SUM(S33:T33) -> 0 | X33: =SUM(V33:W33) -> 0 | Z33: =+F33+I33+L33+O33+R33+U33+X33+Y33 -> 0 | AC33: =+AA33+AB33-Z33 -> 0 | AE33: =AC33+AD33 -> 0
B34: 1111018 | C34: ชิฟฟ่อนเค้กสอดไส้แยม รสบลูเบอร์รี่ (6 ชิ้น) | F34: =SUM(D34:E34) -> 0 | I34: =SUM(G34:H34) -> 0 | L34: =SUM(J34:K34) -> 0 | O34: =SUM(M34:N34) -> 0 | R34: =SUM(P34:Q34) -> 0 | U34: =SUM(S34:T34) -> 0 | X34: =SUM(V34:W34) -> 0 | Z34: =+F34+I34+L34+O34+R34+U34+X34+Y34 -> 0 | AC34: =+AA34+AB34-Z34 -> 0 | AE34: =AC34+AD34 -> 0
B35: 1111019 | C35: ชิฟฟ่อนเค้กหน้าฝอยทอง สอดไส้แยมส้ม (3 ชิ้น) | F35: =SUM(D35:E35) -> 0 | I35: =SUM(G35:H35) -> 0 | L35: =SUM(J35:K35) -> 0 | O35: =SUM(M35:N35) -> 0 | R35: =SUM(P35:Q35) -> 0 | U35: =SUM(S35:T35) -> 0 | X35: =SUM(V35:W35) -> 0 | Z35: =+F35+I35+L35+O35+R35+U35+X35+Y35 -> 0 | AC35: =+AA35+AB35-Z35 -> 0 | AE35: =AC35+AD35 -> 0
B36: 1111020 | C36: ชิฟฟ่อนเค้กหน้าฝอยทอง สอดไส้แยมส้ม (6 ชิ้น) | F36: =SUM(D36:E36) -> 0 | I36: =SUM(G36:H36) -> 0 | L36: =SUM(J36:K36) -> 0 | O36: =SUM(M36:N36) -> 0 | R36: =SUM(P36:Q36) -> 0 | U36: =SUM(S36:T36) -> 0 | X36: =SUM(V36:W36) -> 0 | Z36: =+F36+I36+L36+O36+R36+U36+X36+Y36 -> 0 | AC36: =+AA36+AB36-Z36 -> 0 | AE36: =AC36+AD36 -> 0
B37: 1111022 | C37: ชิฟฟ่อนเค้กสอดไส้แยม รสสตรอว์เบอร์รี (3 ชิ้น) | F37: =SUM(D37:E37) -> 0 | I37: =SUM(G37:H37) -> 0 | L37: =SUM(J37:K37) -> 0 | O37: =SUM(M37:N37) -> 0 | R37: =SUM(P37:Q37) -> 0 | U37: =SUM(S37:T37) -> 0 | X37: =SUM(V37:W37) -> 0 | Z37: =+F37+I37+L37+O37+R37+U37+X37+Y37 -> 0 | AC37: =+AA37+AB37-Z37 -> 0 | AE37: =AC37+AD37 -> 0
B38: 1111023 | C38: ชิฟฟ่อนเค้กสอดไส้แยม รสสตรอว์เบอร์รี (6 ชิ้น) | F38: =SUM(D38:E38) -> 0 | I38: =SUM(G38:H38) -> 0 | L38: =SUM(J38:K38) -> 0 | O38: =SUM(M38:N38) -> 0 | R38: =SUM(P38:Q38) -> 0 | U38: =SUM(S38:T38) -> 0 | X38: =SUM(V38:W38) -> 0 | Z38: =+F38+I38+L38+O38+R38+U38+X38+Y38 -> 0 | AC38: =+AA38+AB38-Z38 -> 0 | AE38: =AC38+AD38 -> 0
... B40: 1111025 | C40: ชิฟฟ่อนเค้กสอดไส้แยม รสส้ม (6 ชิ้น) | F40: =SUM(D40:E40) -> 0 | I40: =SUM(G40:H40) -> 0 | L40: =SUM(J40:K40) -> 0 | O40: =SUM(M40:N40) -> 0 | R40: =SUM(P40:Q40) -> 0 | U40: =SUM(S40:T40) -> 0 | X40: =SUM(V40:W40) -> 0 | Z40: =+F40+I40+L40+O40+R40+U40+X40+Y40 -> 0 | AC40: =+AA40+AB40-Z40 -> 0 | AE40: =AC40+AD40 -> 0
B41: 1111056 | C41: ชิฟฟอนรวมรสยอดฮิต 8 ชิ้น | D41: 2 | F41: =SUM(D41:E41) -> 2 | G41: 2 | H41: 1 | I41: =SUM(G41:H41) -> 3 | J41: 3 | L41: =SUM(J41:K41) -> 3 | O41: =SUM(M41:N41) -> 0 | R41: =SUM(P41:Q41) -> 0 | U41: =SUM(S41:T41) -> 0 | X41: =SUM(V41:W41) -> 0 | Z41: =+F41+I41+L41+O41+R41+U41+X41+Y41 -> 8 | AA41: 10 | AB41: 1 | AC41: =+AA41+AB41-Z41 -> 3 | AE41: =AC41+AD41 -> 3
B42: 1111074 | C42: ชิฟฟอนไส้แยมแยกชิ้น มะพร้าว | F42: =SUM(D42:E42) -> 0 | G42: 2 | H42: 8 | I42: =SUM(G42:H42) -> 10 | L42: =SUM(J42:K42) -> 0 | M42: 1 | O42: =SUM(M42:N42) -> 1 | R42: =SUM(P42:Q42) -> 0 | U42: =SUM(S42:T42) -> 0 | X42: =SUM(V42:W42) -> 0 | Z42: =+F42+I42+L42+O42+R42+U42+X42+Y42 -> 11 | AC42: =+AA42+AB42-Z42 -> -11 | AE42: =AC42+AD42 -> -11
B43: 1111075 | C43: ชิฟฟอนไส้แยมแยกชิ้น สตอเบอรี่ | F43: =SUM(D43:E43) -> 0 | G43: 2 | H43: 8 | I43: =SUM(G43:H43) -> 10 | L43: =SUM(J43:K43) -> 0 | M43: 1 | O43: =SUM(M43:N43) -> 1 | R43: =SUM(P43:Q43) -> 0 | U43: =SUM(S43:T43) -> 0 | X43: =SUM(V43:W43) -> 0 | Z43: =+F43+I43+L43+O43+R43+U43+X43+Y43 -> 11 | AC43: =+AA43+AB43-Z43 -> -11 | AE43: =AC43+AD43 -> -11
B44: 1111076 | C44: ชิฟฟอนไส้แยมแยกชิ้น ส้ม | F44: =SUM(D44:E44) -> 0 | G44: 2 | H44: 8 | I44: =SUM(G44:H44) -> 10 | L44: =SUM(J44:K44) -> 0 | M44: 1 | O44: =SUM(M44:N44) -> 1 | R44: =SUM(P44:Q44) -> 0 | U44: =SUM(S44:T44) -> 0 | X44: =SUM(V44:W44) -> 0 | Z44: =+F44+I44+L44+O44+R44+U44+X44+Y44 -> 11 | AC44: =+AA44+AB44-Z44 -> -11 | AE44: =AC44+AD44 -> -11
B45: 1111077 | C45: ชิฟฟอนไส้แยมแยกชิ้น บลูเบอรี่ | F45: =SUM(D45:E45) -> 0 | G45: 2 | H45: 8 | I45: =SUM(G45:H45) -> 10 | L45: =SUM(J45:K45) -> 0 | M45: 1 | O45: =SUM(M45:N45) -> 1 | R45: =SUM(P45:Q45) -> 0 | U45: =SUM(S45:T45) -> 0 | X45: =SUM(V45:W45) -> 0 | Z45: =+F45+I45+L45+O45+R45+U45+X45+Y45 -> 11 | AC45: =+AA45+AB45-Z45 -> -11 | AE45: =AC45+AD45 -> -11
B46: 1111078 | C46: ชิฟฟอนไส้แยมแยกชิ้น นมชมพู | F46: =SUM(D46:E46) -> 0 | G46: 2 | H46: 8 | I46: =SUM(G46:H46) -> 10 | L46: =SUM(J46:K46) -> 0 | M46: 1 | O46: =SUM(M46:N46) -> 1 | R46: =SUM(P46:Q46) -> 0 | U46: =SUM(S46:T46) -> 0 | X46: =SUM(V46:W46) -> 0 | Z46: =+F46+I46+L46+O46+R46+U46+X46+Y46 -> 11 | AC46: =+AA46+AB46-Z46 -> -11 | AE46: =AC46+AD46 -> -11
B47: 1111079 | C47: ชิฟฟอนไส้แยมแยกชิ้น ชอคโกแลต | F47: =SUM(D47:E47) -> 0 | G47: 2 | H47: 8 | I47: =SUM(G47:H47) -> 10 | L47: =SUM(J47:K47) -> 0 | M47: 1 | O47: =SUM(M47:N47) -> 1 | R47: =SUM(P47:Q47) -> 0 | U47: =SUM(S47:T47) -> 0 | X47: =SUM(V47:W47) -> 0 | Z47: =+F47+I47+L47+O47+R47+U47+X47+Y47 -> 11 | AC47: =+AA47+AB47-Z47 -> -11 | AE47: =AC47+AD47 -> -11
B48: 1111080 | C48: ชิฟฟอนไส้แยมแยกชิ้น ฝอยทอง | F48: =SUM(D48:E48) -> 0 | G48: 2 | H48: 8 | I48: =SUM(G48:H48) -> 10 | L48: =SUM(J48:K48) -> 0 | M48: 1 | O48: =SUM(M48:N48) -> 1 | R48: =SUM(P48:Q48) -> 0 | U48: =SUM(S48:T48) -> 0 | X48: =SUM(V48:W48) -> 0 | Z48: =+F48+I48+L48+O48+R48+U48+X48+Y48 -> 11 | AC48: =+AA48+AB48-Z48 -> -11 | AE48: =AC48+AD48 -> -11
B49: 1111081 | C49: ชิฟฟอนไส้แยมแยกชิ้น วนิลา | F49: =SUM(D49:E49) -> 0 | G49: 2 | H49: 8 | I49: =SUM(G49:H49) -> 10 | L49: =SUM(J49:K49) -> 0 | M49: 1 | O49: =SUM(M49:N49) -> 1 | R49: =SUM(P49:Q49) -> 0 | U49: =SUM(S49:T49) -> 0 | X49: =SUM(V49:W49) -> 0 | Z49: =+F49+I49+L49+O49+R49+U49+X49+Y49 -> 11 | AC49: =+AA49+AB49-Z49 -> -11 | AE49: =AC49+AD49 -> -11
B50: 1111082 | C50: ชิฟฟอนไส้แยมแยกชิ้น ใบเตย | F50: =SUM(D50:E50) -> 0 | G50: 2 | H50: 8 | I50: =SUM(G50:H50) -> 10 | L50: =SUM(J50:K50) -> 0 | M50: 1 | O50: =SUM(M50:N50) -> 1 | R50: =SUM(P50:Q50) -> 0 | U50: =SUM(S50:T50) -> 0 | X50: =SUM(V50:W50) -> 0 | Z50: =+F50+I50+L50+O50+R50+U50+X50+Y50 -> 11 | AC50: =+AA50+AB50-Z50 -> -11 | AE50: =AC50+AD50 -> -11
B51: 1111083 | C51: ชิฟฟอนไส้แยมแยกชิ้น เมล่อน | F51: =SUM(D51:E51) -> 0 | G51: 2 | H51: 8 | I51: =SUM(G51:H51) -> 10 | L51: =SUM(J51:K51) -> 0 | M51: 1 | O51: =SUM(M51:N51) -> 1 | R51: =SUM(P51:Q51) -> 0 | U51: =SUM(S51:T51) -> 0 | X51: =SUM(V51:W51) -> 0 | Z51: =+F51+I51+L51+O51+R51+U51+X51+Y51 -> 11 | AC51: =+AA51+AB51-Z51 -> -11 | AE51: =AC51+AD51 -> -11
B52: 1112002 | C52: เค้กเบาหวิว รสกาแฟ (300 กรัม) | F52: =SUM(D52:E52) -> 0 | I52: =SUM(G52:H52) -> 0 | L52: =SUM(J52:K52) -> 0 | O52: =SUM(M52:N52) -> 0 | R52: =SUM(P52:Q52) -> 0 | U52: =SUM(S52:T52) -> 0 | X52: =SUM(V52:W52) -> 0 | Z52: =+F52+I52+L52+O52+R52+U52+X52+Y52 -> 0 | AC52: =+AA52+AB52-Z52 -> 0 | AE52: =AC52+AD52 -> 0
B53: 1112003 | C53: เค้กเบาหวิว รสกาแฟ (110 กรัม) | D53: 1 | F53: =SUM(D53:E53) -> 1 | G53: 1 | H53: 1 | I53: =SUM(G53:H53) -> 2 | J53: 1 | L53: =SUM(J53:K53) -> 1 | M53: 41 | N53: 10 | O53: =SUM(M53:N53) -> 51 | P53: 9 | R53: =SUM(P53:Q53) -> 9 | U53: =SUM(S53:T53) -> 0 | X53: =SUM(V53:W53) -> 0 | Z53: =+F53+I53+L53+O53+R53+U53+X53+Y53 -> 64 | AA53: 85 | AB53: 47 | AC53: =+AA53+AB53-Z53 -> 68 | AD53: 85 | AE53: =AC53+AD53 -> 153
B54: 1112004 | C54: เค้กเบาหวิว รสเนยนม (300 กรัม) | F54: =SUM(D54:E54) -> 0 | I54: =SUM(G54:H54) -> 0 | L54: =SUM(J54:K54) -> 0 | O54: =SUM(M54:N54) -> 0 | R54: =SUM(P54:Q54) -> 0 | U54: =SUM(S54:T54) -> 0 | X54: =SUM(V54:W54) -> 0 | Z54: =+F54+I54+L54+O54+R54+U54+X54+Y54 -> 0 | AC54: =+AA54+AB54-Z54 -> 0 | AE54: =AC54+AD54 -> 0
B55: 1112005 | C55: เค้กเบาหวิว รสเนยนม (110 กรัม) | F55: =SUM(D55:E55) -> 0 | G55: 2 | I55: =SUM(G55:H55) -> 2 | J55: 1 | L55: =SUM(J55:K55) -> 1 | M55: 41 | N55: 10 | O55: =SUM(M55:N55) -> 51 | P55: 9 | R55: =SUM(P55:Q55) -> 9 | U55: =SUM(S55:T55) -> 0 | X55: =SUM(V55:W55) -> 0 | Z55: =+F55+I55+L55+O55+R55+U55+X55+Y55 -> 63 | AA55: 85 | AB55: 42 | AC55: =+AA55+AB55-Z55 -> 64 | AD55: 85 | AE55: =AC55+AD55 -> 149
B56: 1112008 | C56: เค้กเบาหวิว รสมะพร้าวน้ำหอม (300 กรัม) | F56: =SUM(D56:E56) -> 0 | I56: =SUM(G56:H56) -> 0 | L56: =SUM(J56:K56) -> 0 | O56: =SUM(M56:N56) -> 0 | R56: =SUM(P56:Q56) -> 0 | U56: =SUM(S56:T56) -> 0 | X56: =SUM(V56:W56) -> 0 | Z56: =+F56+I56+L56+O56+R56+U56+X56+Y56 -> 0 | AC56: =+AA56+AB56-Z56 -> 0 | AE56: =AC56+AD56 -> 0
B57: 1112009 | C57: เค้กเบาหวิว รสมะพร้าวน้ำหอม (110 กรัม) | D57: 3 | F57: =SUM(D57:E57) -> 3 | G57: 1 | H57: 1 | I57: =SUM(G57:H57) -> 2 | J57: 3 | L57: =SUM(J57:K57) -> 3 | M57: 40 | N57: 10 | O57: =SUM(M57:N57) -> 50 | P57: 9 | R57: =SUM(P57:Q57) -> 9 | U57: =SUM(S57:T57) -> 0 | X57: =SUM(V57:W57) -> 0 | Z57: =+F57+I57+L57+O57+R57+U57+X57+Y57 -> 67 | AA57: 126 | AB57: 12 | AC57: =+AA57+AB57-Z57 -> 71 | AD57: 85 | AE57: =AC57+AD57 -> 156
B58: 1112010 | C58: เค้กเบาหวิว หน้าฝอยทอง (300 กรัม) | F58: =SUM(D58:E58) -> 0 | I58: =SUM(G58:H58) -> 0 | L58: =SUM(J58:K58) -> 0 | O58: =SUM(M58:N58) -> 0 | R58: =SUM(P58:Q58) -> 0 | U58: =SUM(S58:T58) -> 0 | X58: =SUM(V58:W58) -> 0 | Z58: =+F58+I58+L58+O58+R58+U58+X58+Y58 -> 0 | AC58: =+AA58+AB58-Z58 -> 0 | AE58: =AC58+AD58 -> 0
B59: 1112011 | C59: เค้กเบาหวิว หน้าฝอยทอง (110 กรัม) | D59: 1 | F59: =SUM(D59:E59) -> 1 | G59: 1 | H59: 1 | I59: =SUM(G59:H59) -> 2 | J59: 3 | L59: =SUM(J59:K59) -> 3 | M59: 40 | N59: 10 | O59: =SUM(M59:N59) -> 50 | P59: 9 | R59: =SUM(P59:Q59) -> 9 | U59: =SUM(S59:T59) -> 0 | X59: =SUM(V59:W59) -> 0 | Z59: =+F59+I59+L59+O59+R59+U59+X59+Y59 -> 65 | AA59: 92 | AB59: 43 | AC59: =+AA59+AB59-Z59 -> 70 | AD59: 85 | AE59: =AC59+AD59 -> 155
B60: 1112012 | C60: เค้กเบาหวิว รสเผือกหน้ามะพร้าวเผา (300 กรัม) | F60: =SUM(D60:E60) -> 0 | I60: =SUM(G60:H60) -> 0 | L60: =SUM(J60:K60) -> 0 | O60: =SUM(M60:N60) -> 0 | R60: =SUM(P60:Q60) -> 0 | U60: =SUM(S60:T60) -> 0 | X60: =SUM(V60:W60) -> 0 | Z60: =+F60+I60+L60+O60+R60+U60+X60+Y60 -> 0 | AC60: =+AA60+AB60-Z60 -> 0 | AE60: =AC60+AD60 -> 0
B61: 1112013 | C61: เค้กเบาหวิว รสเผือกหน้ามะพร้าวเผา (110 กรัม) | D61: 1 | F61: =SUM(D61:E61) -> 1 | G61: 1 | H61: 1 | I61: =SUM(G61:H61) -> 2 | J61: 1 | L61: =SUM(J61:K61) -> 1 | M61: 41 | N61: 10 | O61: =SUM(M61:N61) -> 51 | P61: 9 | R61: =SUM(P61:Q61) -> 9 | U61: =SUM(S61:T61) -> 0 | X61: =SUM(V61:W61) -> 0 | Z61: =+F61+I61+L61+O61+R61+U61+X61+Y61 -> 64 | AA61: 85 | AB61: 48 | AC61: =+AA61+AB61-Z61 -> 69 | AD61: 85 | AE61: =AC61+AD61 -> 154
B62: 1112014 | C62: เค้กเบาหวิว รสกล้วยหอมหน้ามะพร้าวเผา (300 กรัม) | F62: =SUM(D62:E62) -> 0 | I62: =SUM(G62:H62) -> 0 | L62: =SUM(J62:K62) -> 0 | O62: =SUM(M62:N62) -> 0 | R62: =SUM(P62:Q62) -> 0 | U62: =SUM(S62:T62) -> 0 | X62: =SUM(V62:W62) -> 0 | Z62: =+F62+I62+L62+O62+R62+U62+X62+Y62 -> 0 | AC62: =+AA62+AB62-Z62 -> 0 | AE62: =AC62+AD62 -> 0
B63: 1112015 | C63: เค้กเบาหวิว รสกล้วยหอมหน้ามะพร้าวเผา (110 กรัม) | D63: 1 | F63: =SUM(D63:E63) -> 1 | G63: 1 | H63: 1 | I63: =SUM(G63:H63) -> 2 | J63: 1 | L63: =SUM(J63:K63) -> 1 | M63: 41 | N63: 10 | O63: =SUM(M63:N63) -> 51 | P63: 9 | R63: =SUM(P63:Q63) -> 9 | U63: =SUM(S63:T63) -> 0 | X63: =SUM(V63:W63) -> 0 | Z63: =+F63+I63+L63+O63+R63+U63+X63+Y63 -> 64 | AA63: 85 | AB63: 47 | AC63: =+AA63+AB63-Z63 -> 68 | AD63: 85 | AE63: =AC63+AD63 -> 153
B64: 1112017 | C64: เค้กเบาหวิว รสตาลหอม (110 กรัม) | F64: =SUM(D64:E64) -> 0 | I64: =SUM(G64:H64) -> 0 | L64: =SUM(J64:K64) -> 0 | O64: =SUM(M64:N64) -> 0 | R64: =SUM(P64:Q64) -> 0 | U64: =SUM(S64:T64) -> 0 | X64: =SUM(V64:W64) -> 0 | Z64: =+F64+I64+L64+O64+R64+U64+X64+Y64 -> 0 | AC64: =+AA64+AB64-Z64 -> 0 | AE64: =AC64+AD64 -> 0
B65: 1100003 | C65: เมอร์แรงค์ (กระปุก) | F65: =SUM(D65:E65) -> 0 | I65: =SUM(G65:H65) -> 0 | L65: =SUM(J65:K65) -> 0 | O65: =SUM(M65:N65) -> 0 | R65: =SUM(P65:Q65) -> 0 | U65: =SUM(S65:T65) -> 0 | X65: =SUM(V65:W65) -> 0 | Z65: =+F65+I65+L65+O65+R65+U65+X65+Y65 -> 0 | AC65: =+AA65+AB65-Z65 -> 0 | AE65: =AC65+AD65 -> 0
B66: 20039042 | C66: ขนมปังเนยนิ่ม 3 ชิ้น | F66: =SUM(D66:E66) -> 0 | I66: =SUM(G66:H66) -> 0 | L66: =SUM(J66:K66) -> 0 | O66: =SUM(M66:N66) -> 0 | R66: =SUM(P66:Q66) -> 0 | U66: =SUM(S66:T66) -> 0 | X66: =SUM(V66:W66) -> 0 | Z66: =+F66+I66+L66+O66+R66+U66+X66+Y66 -> 0 | AC66: =+AA66+AB66-Z66 -> 0 | AE66: =AC66+AD66 -> 0
B67: 1114501 | C67: ครีมฮอร์นวนิลา เนยสด | F67: =SUM(D67:E67) -> 0 | G67: 5 | H67: 4 | I67: =SUM(G67:H67) -> 9 | J67: 5 | L67: =SUM(J67:K67) -> 5 | M67: 181 | N67: 50 | O67: =SUM(M67:N67) -> 231 | P67: 34 | R67: =SUM(P67:Q67) -> 34 | U67: =SUM(S67:T67) -> 0 | X67: =SUM(V67:W67) -> 0 | Z67: =+F67+I67+L67+O67+R67+U67+X67+Y67 -> 279 | AA67: 200 | AB67: 179 | AC67: =+AA67+AB67-Z67 -> 100 | AD67: 200 | AE67: =AC67+AD67 -> 300
B68: 1114502 | C68: ครีมฮอร์นใบเตย เนยสด | F68: =SUM(D68:E68) -> 0 | G68: 1 | H68: 1 | I68: =SUM(G68:H68) -> 2 | J68: 8 | L68: =SUM(J68:K68) -> 8 | M68: 175 | N68: 47 | O68: =SUM(M68:N68) -> 222 | P68: 34 | R68: =SUM(P68:Q68) -> 34 | U68: =SUM(S68:T68) -> 0 | X68: =SUM(V68:W68) -> 0 | Z68: =+F68+I68+L68+O68+R68+U68+X68+Y68 -> 266 | AA68: 221 | AB68: 90 | AC68: =+AA68+AB68-Z68 -> 45 | AD68: 200 | AE68: =AC68+AD68 -> 245
B69: 1114503 | C69: ครีมฮอร์นช็อคโกแลต เนยสด | F69: =SUM(D69:E69) -> 0 | G69: 1 | H69: 1 | I69: =SUM(G69:H69) -> 2 | J69: 3 | L69: =SUM(J69:K69) -> 3 | M69: 175 | N69: 47 | O69: =SUM(M69:N69) -> 222 | P69: 34 | R69: =SUM(P69:Q69) -> 34 | U69: =SUM(S69:T69) -> 0 | X69: =SUM(V69:W69) -> 0 | Z69: =+F69+I69+L69+O69+R69+U69+X69+Y69 -> 261 | AA69: 200 | AB69: 141 | AC69: =+AA69+AB69-Z69 -> 80 | AD69: 200 | AE69: =AC69+AD69 -> 280
B70: 1124021 | C70: ขนมปังแถว 430 g | F70: =SUM(D70:E70) -> 0 | I70: =SUM(G70:H70) -> 0 | L70: =SUM(J70:K70) -> 0 | O70: =SUM(M70:N70) -> 0 | R70: =SUM(P70:Q70) -> 0 | U70: =SUM(S70:T70) -> 0 | X70: =SUM(V70:W70) -> 0 | Z70: =+F70+I70+L70+O70+R70+U70+X70+Y70 -> 0 | AC70: =+AA70+AB70-Z70 -> 0 | AE70: =AC70+AD70 -> 0
B71: 1005761 | C71: ขนมปังกรอบคาราเมล | F71: =SUM(D71:E71) -> 0 | I71: =SUM(G71:H71) -> 0 | L71: =SUM(J71:K71) -> 0 | O71: =SUM(M71:N71) -> 0 | R71: =SUM(P71:Q71) -> 0 | U71: =SUM(S71:T71) -> 0 | X71: =SUM(V71:W71) -> 0 | Z71: =+F71+I71+L71+O71+R71+U71+X71+Y71 -> 0 | AC71: =+AA71+AB71-Z71 -> 0 | AE71: =AC71+AD71 -> 0
B72: 1100001 | C72: พายสัปปะรด (1 ชิ้น) | F72: =SUM(D72:E72) -> 0 | I72: =SUM(G72:H72) -> 0 | L72: =SUM(J72:K72) -> 0 | O72: =SUM(M72:N72) -> 0 | R72: =SUM(P72:Q72) -> 0 | U72: =SUM(S72:T72) -> 0 | X72: =SUM(V72:W72) -> 0 | Z72: =+F72+I72+L72+O72+R72+U72+X72+Y72 -> 0 | AC72: =+AA72+AB72-Z72 -> 0 | AE72: =AC72+AD72 -> 0
B73: 1100002 | C73: พายสัปปะรด (1 กล่อง) | F73: =SUM(D73:E73) -> 0 | I73: =SUM(G73:H73) -> 0 | L73: =SUM(J73:K73) -> 0 | O73: =SUM(M73:N73) -> 0 | R73: =SUM(P73:Q73) -> 0 | U73: =SUM(S73:T73) -> 0 | X73: =SUM(V73:W73) -> 0 | Z73: =+F73+I73+L73+O73+R73+U73+X73+Y73 -> 0 | AC73: =+AA73+AB73-Z73 -> 0 | AE73: =AC73+AD73 -> 0
B74: 20052721 | C74: วรรณวนัชแซนวิซโบราณ 70g | F74: =SUM(D74:E74) -> 0 | I74: =SUM(G74:H74) -> 0 | L74: =SUM(J74:K74) -> 0 | O74: =SUM(M74:N74) -> 0 | R74: =SUM(P74:Q74) -> 0 | U74: =SUM(S74:T74) -> 0 | X74: =SUM(V74:W74) -> 0 | Y74: 10 | Z74: =+F74+I74+L74+O74+R74+U74+X74+Y74 -> 10 | AA74: 10 | AC74: =+AA74+AB74-Z74 -> 0 | AE74: =AC74+AD74 -> 0
B75: 1113170 | C75: ขนมเปี๊ยะถั่วฝอยทองไข่เค็ม 450 กรัม | D75: 5 | F75: =SUM(D75:E75) -> 5 | I75: =SUM(G75:H75) -> 0 | J75: 1 | L75: =SUM(J75:K75) -> 1 | M75: 1 | O75: =SUM(M75:N75) -> 1 | R75: =SUM(P75:Q75) -> 0 | U75: =SUM(S75:T75) -> 0 | X75: =SUM(V75:W75) -> 0 | Z75: =+F75+I75+L75+O75+R75+U75+X75+Y75 -> 7 | AA75: 10 | AB75: 4 | AC75: =+AA75+AB75-Z75 -> 7 | AE75: =AC75+AD75 -> 7
B76: 1113171 | C76: ขนมเปี๊ยะฟักถั่วไข่เค็ม 450 กรัม | D76: 6 | F76: =SUM(D76:E76) -> 6 | I76: =SUM(G76:H76) -> 0 | J76: 2 | L76: =SUM(J76:K76) -> 2 | M76: 1 | O76: =SUM(M76:N76) -> 1 | R76: =SUM(P76:Q76) -> 0 | U76: =SUM(S76:T76) -> 0 | X76: =SUM(V76:W76) -> 0 | Z76: =+F76+I76+L76+O76+R76+U76+X76+Y76 -> 9 | AB76: 13 | AC76: =+AA76+AB76-Z76 -> 4 | AE76: =AC76+AD76 -> 4
B77: 1113172 | C77: ขนมเปี๊ยะเผือกฝอยทองไข่เค็ม 450 กรัม | D77: 6 | F77: =SUM(D77:E77) -> 6 | I77: =SUM(G77:H77) -> 0 | J77: 2 | L77: =SUM(J77:K77) -> 2 | O77: =SUM(M77:N77) -> 0 | R77: =SUM(P77:Q77) -> 0 | U77: =SUM(S77:T77) -> 0 | X77: =SUM(V77:W77) -> 0 | Z77: =+F77+I77+L77+O77+R77+U77+X77+Y77 -> 8 | AA77: 10 | AC77: =+AA77+AB77-Z77 -> 2 | AE77: =AC77+AD77 -> 2
B78: 1113173 | C78: ขนมเปี๊ยะงาดำฝอยทองไข่เค็ม 450 กรัม | D78: 5 | F78: =SUM(D78:E78) -> 5 | I78: =SUM(G78:H78) -> 0 | J78: 2 | L78: =SUM(J78:K78) -> 2 | O78: =SUM(M78:N78) -> 0 | R78: =SUM(P78:Q78) -> 0 | U78: =SUM(S78:T78) -> 0 | X78: =SUM(V78:W78) -> 0 | Z78: =+F78+I78+L78+O78+R78+U78+X78+Y78 -> 7 | AA78: 10 | AB78: 1 | AC78: =+AA78+AB78-Z78 -> 4 | AE78: =AC78+AD78 -> 4
B79: 1200001 | C79: คอร์นเฟล็ค | F79: =SUM(D79:E79) -> 0 | I79: =SUM(G79:H79) -> 0 | L79: =SUM(J79:K79) -> 0 | O79: =SUM(M79:N79) -> 0 | R79: =SUM(P79:Q79) -> 0 | U79: =SUM(S79:T79) -> 0 | X79: =SUM(V79:W79) -> 0 | Z79: =+F79+I79+L79+O79+R79+U79+X79+Y79 -> 0 | AC79: =+AA79+AB79-Z79 -> 0 | AE79: =AC79+AD79 -> 0
B80: 1200002 | C80: ท๊อฟฟี่ถั่ว (กล่อง) | F80: =SUM(D80:E80) -> 0 | I80: =SUM(G80:H80) -> 0 | L80: =SUM(J80:K80) -> 0 | O80: =SUM(M80:N80) -> 0 | R80: =SUM(P80:Q80) -> 0 | U80: =SUM(S80:T80) -> 0 | X80: =SUM(V80:W80) -> 0 | Z80: =+F80+I80+L80+O80+R80+U80+X80+Y80 -> 0 | AB80: 3 | AC80: =+AA80+AB80-Z80 -> 3 | AE80: =AC80+AD80 -> 3
B81: 20054646 | C81: ปังพิซซ่า | F81: =SUM(D81:E81) -> 0 | I81: =SUM(G81:H81) -> 0 | L81: =SUM(J81:K81) -> 0 | M81: 6 | O81: =SUM(M81:N81) -> 6 | R81: =SUM(P81:Q81) -> 0 | U81: =SUM(S81:T81) -> 0 | X81: =SUM(V81:W81) -> 0 | Z81: =+F81+I81+L81+O81+R81+U81+X81+Y81 -> 6 | AB81: 8 | AC81: =+AA81+AB81-Z81 -> 2 | AE81: =AC81+AD81 -> 2
B82: 300 | C82: เศษขนมปังปลา 5กก. | F82: =SUM(D82:E82) -> 0 | I82: =SUM(G82:H82) -> 0 | L82: =SUM(J82:K82) -> 0 | O82: =SUM(M82:N82) -> 0 | R82: =SUM(P82:Q82) -> 0 | U82: =SUM(S82:T82) -> 0 | X82: =SUM(V82:W82) -> 0 | Z82: =+F82+I82+L82+O82+R82+U82+X82+Y82 -> 0 | AC82: =+AA82+AB82-Z82 -> 0 | AE82: =AC82+AD82 -> 0
B83: 200 | C83: เศษขนมปังปลา 1 กก. | F83: =SUM(D83:E83) -> 0 | G83: 7 | I83: =SUM(G83:H83) -> 7 | L83: =SUM(J83:K83) -> 0 | O83: =SUM(M83:N83) -> 0 | R83: =SUM(P83:Q83) -> 0 | U83: =SUM(S83:T83) -> 0 | X83: =SUM(V83:W83) -> 0 | Z83: =+F83+I83+L83+O83+R83+U83+X83+Y83 -> 7 | AC83: =+AA83+AB83-Z83 -> -7 | AE83: =AC83+AD83 -> -7
B84: 1111087 | C84: ชิฟฟอน 8 ชิ้น สตอเบอรี่ล้วน | F84: =SUM(D84:E84) -> 0 | I84: =SUM(G84:H84) -> 0 | L84: =SUM(J84:K84) -> 0 | O84: =SUM(M84:N84) -> 0 | R84: =SUM(P84:Q84) -> 0 | U84: =SUM(S84:T84) -> 0 | X84: =SUM(V84:W84) -> 0 | Z84: =+F84+I84+L84+O84+R84+U84+X84+Y84 -> 0 | AC84: =+AA84+AB84-Z84 -> 0 | AE84: =AC84+AD84 -> 0
C85: ชิฟฟอน 4 ชิ้น มะพร้าวล้วน | F85: =SUM(D85:E85) -> 0 | I85: =SUM(G85:H85) -> 0 | L85: =SUM(J85:K85) -> 0 | O85: =SUM(M85:N85) -> 0 | R85: =SUM(P85:Q85) -> 0 | U85: =SUM(S85:T85) -> 0 | X85: =SUM(V85:W85) -> 0 | Z85: =+F85+I85+L85+O85+R85+U85+X85+Y85 -> 0 | AC85: =+AA85+AB85-Z85 -> 0 | AE85: =AC85+AD85 -> 0
C86: ชิฟฟอน 4 ชิ้น กาแฟล้วน | F86: =SUM(D86:E86) -> 0 | I86: =SUM(G86:H86) -> 0 | L86: =SUM(J86:K86) -> 0 | O86: =SUM(M86:N86) -> 0 | R86: =SUM(P86:Q86) -> 0 | U86: =SUM(S86:T86) -> 0 | X86: =SUM(V86:W86) -> 0 | Z86: =+F86+I86+L86+O86+R86+U86+X86+Y86 -> 0 | AC86: =+AA86+AB86-Z86 -> 0 | AE86: =AC86+AD86 -> 0
C87: ชิฟฟอน 4 ชิ้น ชาเขียวล้วน | F87: =SUM(D87:E87) -> 0 | I87: =SUM(G87:H87) -> 0 | L87: =SUM(J87:K87) -> 0 | O87: =SUM(M87:N87) -> 0 | R87: =SUM(P87:Q87) -> 0 | U87: =SUM(S87:T87) -> 0 | X87: =SUM(V87:W87) -> 0 | Z87: =+F87+I87+L87+O87+R87+U87+X87+Y87 -> 0 | AC87: =+AA87+AB87-Z87 -> 0 | AE87: =AC87+AD87 -> 0
C88: ชิฟฟอน 4 ชิ้น ใบเตยล้วน | F88: =SUM(D88:E88) -> 0 | I88: =SUM(G88:H88) -> 0 | L88: =SUM(J88:K88) -> 0 | O88: =SUM(M88:N88) -> 0 | R88: =SUM(P88:Q88) -> 0 | U88: =SUM(S88:T88) -> 0 | X88: =SUM(V88:W88) -> 0 | Z88: =+F88+I88+L88+O88+R88+U88+X88+Y88 -> 0 | AC88: =+AA88+AB88-Z88 -> 0 | AE88: =AC88+AD88 -> 0
B89: 1111092 | C89: ชิฟฟอน 8 ชิ้น กล้วยหอม | F89: =SUM(D89:E89) -> 0 | I89: =SUM(G89:H89) -> 0 | L89: =SUM(J89:K89) -> 0 | O89: =SUM(M89:N89) -> 0 | R89: =SUM(P89:Q89) -> 0 | U89: =SUM(S89:T89) -> 0 | X89: =SUM(V89:W89) -> 0 | Z89: =+F89+I89+L89+O89+R89+U89+X89+Y89 -> 0 | AC89: =+AA89+AB89-Z89 -> 0 | AE89: =AC89+AD89 -> 0
B90: 1111093 | C90: ชิฟฟอน 8 ชิ้น โกโก้ล้วน | F90: =SUM(D90:E90) -> 0 | I90: =SUM(G90:H90) -> 0 | L90: =SUM(J90:K90) -> 0 | O90: =SUM(M90:N90) -> 0 | R90: =SUM(P90:Q90) -> 0 | U90: =SUM(S90:T90) -> 0 | X90: =SUM(V90:W90) -> 0 | Z90: =+F90+I90+L90+O90+R90+U90+X90+Y90 -> 0 | AC90: =+AA90+AB90-Z90 -> 0 | AE90: =AC90+AD90 -> 0
B91: 1111088 | C91: ชิฟฟอน 8 ชิ้น ส้มล้วน | F91: =SUM(D91:E91) -> 0 | I91: =SUM(G91:H91) -> 0 | L91: =SUM(J91:K91) -> 0 | O91: =SUM(M91:N91) -> 0 | R91: =SUM(P91:Q91) -> 0 | U91: =SUM(S91:T91) -> 0 | X91: =SUM(V91:W91) -> 0 | Z91: =+F91+I91+L91+O91+R91+U91+X91+Y91 -> 0 | AC91: =+AA91+AB91-Z91 -> 0 | AE91: =AC91+AD91 -> 0
B92: 1111089 | C92: ชิฟฟอน 8 ชิ้น เนยล้วน | F92: =SUM(D92:E92) -> 0 | I92: =SUM(G92:H92) -> 0 | L92: =SUM(J92:K92) -> 0 | O92: =SUM(M92:N92) -> 0 | R92: =SUM(P92:Q92) -> 0 | U92: =SUM(S92:T92) -> 0 | X92: =SUM(V92:W92) -> 0 | Z92: =+F92+I92+L92+O92+R92+U92+X92+Y92 -> 0 | AC92: =+AA92+AB92-Z92 -> 0 | AE92: =AC92+AD92 -> 0
B93: 1111094 | C93: ชิฟฟอน 8 ชิ้น ชาไทยล้วน | F93: =SUM(D93:E93) -> 0 | I93: =SUM(G93:H93) -> 0 | L93: =SUM(J93:K93) -> 0 | O93: =SUM(M93:N93) -> 0 | R93: =SUM(P93:Q93) -> 0 | U93: =SUM(S93:T93) -> 0 | X93: =SUM(V93:W93) -> 0 | Z93: =+F93+I93+L93+O93+R93+U93+X93+Y93 -> 0 | AC93: =+AA93+AB93-Z93 -> 0 | AE93: =AC93+AD93 -> 0
B94: 1111095 | C94: ชิฟฟอน 8 ชิ้น ชาเขียวล้วน | F94: =SUM(D94:E94) -> 0 | I94: =SUM(G94:H94) -> 0 | L94: =SUM(J94:K94) -> 0 | O94: =SUM(M94:N94) -> 0 | R94: =SUM(P94:Q94) -> 0 | U94: =SUM(S94:T94) -> 0 | X94: =SUM(V94:W94) -> 0 | Z94: =+F94+I94+L94+O94+R94+U94+X94+Y94 -> 0 | AC94: =+AA94+AB94-Z94 -> 0 | AE94: =AC94+AD94 -> 0
B95: 1111091 | C95: ชิฟฟอน 8 ชิ้น ใบเตยล้วน | F95: =SUM(D95:E95) -> 0 | I95: =SUM(G95:H95) -> 0 | L95: =SUM(J95:K95) -> 0 | O95: =SUM(M95:N95) -> 0 | R95: =SUM(P95:Q95) -> 0 | U95: =SUM(S95:T95) -> 0 | X95: =SUM(V95:W95) -> 0 | Z95: =+F95+I95+L95+O95+R95+U95+X95+Y95 -> 0 | AC95: =+AA95+AB95-Z95 -> 0 | AE95: =AC95+AD95 -> 0
B96: 1111086 | C96: ชิฟฟอน 8 ชิ้น มะพร้าวล้วน | F96: =SUM(D96:E96) -> 0 | I96: =SUM(G96:H96) -> 0 | L96: =SUM(J96:K96) -> 0 | O96: =SUM(M96:N96) -> 0 | R96: =SUM(P96:Q96) -> 0 | U96: =SUM(S96:T96) -> 0 | X96: =SUM(V96:W96) -> 0 | Z96: =+F96+I96+L96+O96+R96+U96+X96+Y96 -> 0 | AC96: =+AA96+AB96-Z96 -> 0 | AE96: =AC96+AD96 -> 0
B97: 20059548 | C97: มินบันไก่หยอง | F97: =SUM(D97:E97) -> 0 | I97: =SUM(G97:H97) -> 0 | L97: =SUM(J97:K97) -> 0 | O97: =SUM(M97:N97) -> 0 | R97: =SUM(P97:Q97) -> 0 | U97: =SUM(S97:T97) -> 0 | X97: =SUM(V97:W97) -> 0 | Z97: =+F97+I97+L97+O97+R97+U97+X97+Y97 -> 0 | AC97: =+AA97+AB97-Z97 -> 0 | AE97: =AC97+AD97 -> 0
B98: 1100044 | C98: หมี่กรอบโบราณ | F98: =SUM(D98:E98) -> 0 | I98: =SUM(G98:H98) -> 0 | L98: =SUM(J98:K98) -> 0 | O98: =SUM(M98:N98) -> 0 | R98: =SUM(P98:Q98) -> 0 | U98: =SUM(S98:T98) -> 0 | X98: =SUM(V98:W98) -> 0 | Z98: =+F98+I98+L98+O98+R98+U98+X98+Y98 -> 0 | AC98: =+AA98+AB98-Z98 -> 0 | AE98: =AC98+AD98 -> 0
B99: 1100045 | C99: ชิฟฟ่อนขนุน | F99: =SUM(D99:E99) -> 0 | I99: =SUM(G99:H99) -> 0 | L99: =SUM(J99:K99) -> 0 | O99: =SUM(M99:N99) -> 0 | R99: =SUM(P99:Q99) -> 0 | U99: =SUM(S99:T99) -> 0 | X99: =SUM(V99:W99) -> 0 | Z99: =+F99+I99+L99+O99+R99+U99+X99+Y99 -> 0 | AC99: =+AA99+AB99-Z99 -> 0 | AE99: =AC99+AD99 -> 0
B100: 1004062 | C100: เค้กลาวา ฝอยทองทูโทน (เล็ก) | F100: =SUM(D100:E100) -> 0 | I100: =SUM(G100:H100) -> 0 | L100: =SUM(J100:K100) -> 0 | O100: =SUM(M100:N100) -> 0 | R100: =SUM(P100:Q100) -> 0 | U100: =SUM(S100:T100) -> 0 | X100: =SUM(V100:W100) -> 0 | Z100: =+F100+I100+L100+O100+R100+U100+X100+Y100 -> 0 | AC100: =+AA100+AB100-Z100 -> 0 | AE100: =AC100+AD100 -> 0
B101: 1004051 | C101: ขนมปังสังขยา 6 ชิ้น | F101: =SUM(D101:E101) -> 0 | I101: =SUM(G101:H101) -> 0 | L101: =SUM(J101:K101) -> 0 | O101: =SUM(M101:N101) -> 0 | R101: =SUM(P101:Q101) -> 0 | U101: =SUM(S101:T101) -> 0 | X101: =SUM(V101:W101) -> 0 | Y101: 8 | Z101: =+F101+I101+L101+O101+R101+U101+X101+Y101 -> 8 | AA101: 8 | AC101: =+AA101+AB101-Z101 -> 0 | AE101: =AC101+AD101 -> 0
...

Sheet 04.10.68
B1: ยอดจริง ออนไลน์ วันที่ 04/10/2568
B2: รหัสสินค้า | C2: สินค้า | D2: ปณ | G2: ชอปปี้ | J2: ลาซาด้า | M2: ติ๊กตอก | P2: ติ๊กตอก2 | S2: ติ๊กตอก3 | V2: ชอยส์ | Y2: ยอดเส้น | Z2: ยอดรวมผลิต(กล่อง) | AA2: ยอดForcast | AB2: ยอดStock | AC2: ยอดMemo | AD2: ยอดForcastวันพรุ่งนี้ | AE2: สินค้าที่ขายได้
D3: เช้า | E3: บ่าย | F3: รวม | G3: เช้า | H3: บ่าย | I3: รวม | J3: เช้า | K3: บ่าย | L3: รวม | M3: เช้า | N3: บ่าย | O3: รวม | P3: เช้า | Q3: บ่าย | R3: รวม | S3: เช้า | T3: บ่าย | U3: รวม | V3: เช้า | W3: บ่าย | X3: รวม
B4: 1004055 | C4: ชิฟฟ่อนเค้ก วรรณวนัช (รวมรส 4 ชิ้น) | D4: 4 | F4: =SUM(D4:E4) -> 4 | I4: =SUM(G4:H4) -> 0 | J4: 3 | L4: =SUM(J4:K4) -> 3 | M4: 67 | N4: 36 | O4: =SUM(M4:N4) -> 103 | R4: =SUM(P4:Q4) -> 0 | U4: =SUM(S4:T4) -> 0 | X4: =SUM(V4:W4) -> 0 | Z4: =+F4+I4+L4+O4+R4+U4+X4+Y4 -> 110 | AA4: 70 | AB4: 24 | AC4: =+AA4+AB4-Z4 -> -16 | AD4: 90 | AE4: =AC4+AD4 -> 74
B5: 1111002 | C5: ชิฟฟ่อนเค้ก วรรณวนัช (รวมรส 8 ชิ้น) | D5: 4 | F5: =SUM(D5:E5) -> 4 | G5: 12 | H5: 5 | I5: =SUM(G5:H5) -> 17 | J5: 20 | L5: =SUM(J5:K5) -> 20 | M5: 7 | N5: 3 | O5: =SUM(M5:N5) -> 10 | R5: =SUM(P5:Q5) -> 0 | U5: =SUM(S5:T5) -> 0 | X5: =SUM(V5:W5) -> 0 | Z5: =+F5+I5+L5+O5+R5+U5+X5+Y5 -> 51 | AA5: 120 | AB5: 25 | AC5: =+AA5+AB5-Z5 -> 94 | AD5: 130 | AE5: =AC5+AD5 -> 224
B6: 1111055 | C6: วรรณวนัช ชิฟฟ่อนรวมรส 8 ชิ้น | F6: =SUM(D6:E6) -> 0 | I6: =SUM(G6:H6) -> 0 | L6: =SUM(J6:K6) -> 0 | O6: =SUM(M6:N6) -> 0 | R6: =SUM(P6:Q6) -> 0 | U6: =SUM(S6:T6) -> 0 | X6: =SUM(V6:W6) -> 0 | Z6: =+F6+I6+L6+O6+R6+U6+X6+Y6 -> 0 | AC6: =+AA6+AB6-Z6 -> 0 | AE6: =AC6+AD6 -> 0
B7: 1111084 | C7: ชิฟฟ่อนเค้ก รสกาแฟ (8 ชิ้น) | F7: =SUM(D7:E7) -> 0 | I7: =SUM(G7:H7) -> 0 | L7: =SUM(J7:K7) -> 0 | O7: =SUM(M7:N7) -> 0 | R7: =SUM(P7:Q7) -> 0 | U7: =SUM(S7:T7) -> 0 | X7: =SUM(V7:W7) -> 0 | Z7: =+F7+I7+L7+O7+R7+U7+X7+Y7 -> 0 | AC7: =+AA7+AB7-Z7 -> 0 | AE7: =AC7+AD7 -> 0
B8: 1111043 | C8: ชิฟฟอนรสมะลิ 8 ชิ้น ห่อ ซีน | F8: =SUM(D8:E8) -> 0 | I8: =SUM(G8:H8) -> 0 | L8: =SUM(J8:K8) -> 0 | O8: =SUM(M8:N8) -> 0 | R8: =SUM(P8:Q8) -> 0 | U8: =SUM(S8:T8) -> 0 | X8: =SUM(V8:W8) -> 0 | Z8: =+F8+I8+L8+O8+R8+U8+X8+Y8 -> 0 | AC8: =+AA8+AB8-Z8 -> 0 | AE8: =AC8+AD8 -> 0
B9: 1111057 | C9: ชิฟฟอนแยกชิ้น กาแฟ | F9: =SUM(D9:E9) -> 0 | G9: 2 | I9: =SUM(G9:H9) -> 2 | J9: 2 | L9: =SUM(J9:K9) -> 2 | O9: =SUM(M9:N9) -> 0 | R9: =SUM(P9:Q9) -> 0 | U9: =SUM(S9:T9) -> 0 | X9: =SUM(V9:W9) -> 0 | Z9: =+F9+I9+L9+O9+R9+U9+X9+Y9 -> 4 | AC9: =+AA9+AB9-Z9 -> -4 | AE9: =AC9+AD9 -> -4
B10: 1111058 | C10: ชิฟฟอนแยกชิ้น มะลิ | F10: =SUM(D10:E10) -> 0 | G10: 2 | I10: =SUM(G10:H10) -> 2 | J10: 2 | L10: =SUM(J10:K10) -> 2 | O10: =SUM(M10:N10) -> 0 | R10: =SUM(P10:Q10) -> 0 | U10: =SUM(S10:T10) -> 0 | X10: =SUM(V10:W10) -> 0 | Z10: =+F10+I10+L10+O10+R10+U10+X10+Y10 -> 4 | AC10: =+AA10+AB10-Z10 -> -4 | AE10: =AC10+AD10 -> -4
B11: 1111059 | C11: ชิฟฟอนแยกชิ้น ใบเตย | F11: =SUM(D11:E11) -> 0 | G11: 2 | I11: =SUM(G11:H11) -> 2 | J11: 2 | L11: =SUM(J11:K11) -> 2 | O11: =SUM(M11:N11) -> 0 | R11: =SUM(P11:Q11) -> 0 | U11: =SUM(S11:T11) -> 0 | X11: =SUM(V11:W11) -> 0 | Z11: =+F11+I11+L11+O11+R11+U11+X11+Y11 -> 4 | AC11: =+AA11+AB11-Z11 -> -4 | AE11: =AC11+AD11 -> -4
B12: 1111060 | C12: ชิฟฟอนแยกชิ้น กล้วยหอม | F12: =SUM(D12:E12) -> 0 | G12: 2 | I12: =SUM(G12:H12) -> 2 | J12: 2 | L12: =SUM(J12:K12) -> 2 | O12: =SUM(M12:N12) -> 0 | R12: =SUM(P12:Q12) -> 0 | U12: =SUM(S12:T12) -> 0 | X12: =SUM(V12:W12) -> 0 | Z12: =+F12+I12+L12+O12+R12+U12+X12+Y12 -> 4 | AC12: =+AA12+AB12-Z12 -> -4 | AE12: =AC12+AD12 -> -4
B13: 1111061 | C13: ชิฟฟอนแยกชิ้น ชาไทย | F13: =SUM(D13:E13) -> 0 | G13: 2 | I13: =SUM(G13:H13) -> 2 | J13: 2 | L13: =SUM(J13:K13) -> 2 | O13: =SUM(M13:N13) -> 0 | R13: =SUM(P13:Q13) -> 0 | U13: =SUM(S13:T13) -> 0 | X13: =SUM(V13:W13) -> 0 | Z13: =+F13+I13+L13+O13+R13+U13+X13+Y13 -> 4 | AC13: =+AA13+AB13-Z13 -> -4 | AE13: =AC13+AD13 -> -4
B14: 1111062 | C14: ชิฟฟอนแยกชิ้น โกโก้ | F14: =SUM(D14:E14) -> 0 | G14: 2 | I14: =SUM(G14:H14) -> 2 | J14: 2 | L14: =SUM(J14:K14) -> 2 | O14: =SUM(M14:N14) -> 0 | R14: =SUM(P14:Q14) -> 0 | U14: =SUM(S14:T14) -> 0 | X14: =SUM(V14:W14) -> 0 | Z14: =+F14+I14+L14+O14+R14+U14+X14+Y14 -> 4 | AC14: =+AA14+AB14-Z14 -> -4 | AE14: =AC14+AD14 -> -4
B15: 1111063 | C15: ชิฟฟอนแยกชิ้น ส้ม | F15: =SUM(D15:E15) -> 0 | G15: 2 | I15: =SUM(G15:H15) -> 2 | J15: 2 | L15: =SUM(J15:K15) -> 2 | O15: =SUM(M15:N15) -> 0 | R15: =SUM(P15:Q15) -> 0 | U15: =SUM(S15:T15) -> 0 | X15: =SUM(V15:W15) -> 0 | Z15: =+F15+I15+L15+O15+R15+U15+X15+Y15 -> 4 | AC15: =+AA15+AB15-Z15 -> -4 | AE15: =AC15+AD15 -> -4
B16: 1111064 | C16: ชิฟฟอนแยกชิ้น เผือก | F16: =SUM(D16:E16) -> 0 | G16: 1 | I16: =SUM(G16:H16) -> 1 | J16: 1 | L16: =SUM(J16:K16) -> 1 | O16: =SUM(M16:N16) -> 0 | R16: =SUM(P16:Q16) -> 0 | U16: =SUM(S16:T16) -> 0 | X16: =SUM(V16:W16) -> 0 | Z16: =+F16+I16+L16+O16+R16+U16+X16+Y16 -> 2 | AC16: =+AA16+AB16-Z16 -> -2 | AE16: =AC16+AD16 -> -2
B17: 1111065 | C17: ชิฟฟอนแยกชิ้น สับปะรด | F17: =SUM(D17:E17) -> 0 | G17: 1 | I17: =SUM(G17:H17) -> 1 | J17: 1 | L17: =SUM(J17:K17) -> 1 | O17: =SUM(M17:N17) -> 0 | R17: =SUM(P17:Q17) -> 0 | U17: =SUM(S17:T17) -> 0 | X17: =SUM(V17:W17) -> 0 | Z17: =+F17+I17+L17+O17+R17+U17+X17+Y17 -> 2 | AC17: =+AA17+AB17-Z17 -> -2 | AE17: =AC17+AD17 -> -2
B18: 1111066 | C18: ชิฟฟอนแยกชิ้น สตอเบอรี่ | F18: =SUM(D18:E18) -> 0 | G18: 1 | I18: =SUM(G18:H18) -> 1 | J18: 1 | L18: =SUM(J18:K18) -> 1 | O18: =SUM(M18:N18) -> 0 | R18: =SUM(P18:Q18) -> 0 | U18: =SUM(S18:T18) -> 0 | X18: =SUM(V18:W18) -> 0 | Z18: =+F18+I18+L18+O18+R18+U18+X18+Y18 -> 2 | AA18: 10 | AC18: =+AA18+AB18-Z18 -> 8 | AE18: =AC18+AD18 -> 8
B19: 1111067 | C19: ชิฟฟอนแยกชิ้น มะพร้าว | F19: =SUM(D19:E19) -> 0 | G19: 1 | I19: =SUM(G19:H19) -> 1 | J19: 1 | L19: =SUM(J19:K19) -> 1 | O19: =SUM(M19:N19) -> 0 | R19: =SUM(P19:Q19) -> 0 | U19: =SUM(S19:T19) -> 0 | X19: =SUM(V19:W19) -> 0 | Z19: =+F19+I19+L19+O19+R19+U19+X19+Y19 -> 2 | AA19: 10 | AC19: =+AA19+AB19-Z19 -> 8 | AE19: =AC19+AD19 -> 8
B20: 1111068 | C20: ชิฟฟอนแยกชิ้น เนย | F20: =SUM(D20:E20) -> 0 | G20: 1 | I20: =SUM(G20:H20) -> 1 | J20: 1 | L20: =SUM(J20:K20) -> 1 | O20: =SUM(M20:N20) -> 0 | R20: =SUM(P20:Q20) -> 0 | U20: =SUM(S20:T20) -> 0 | X20: =SUM(V20:W20) -> 0 | Z20: =+F20+I20+L20+O20+R20+U20+X20+Y20 -> 2 | AC20: =+AA20+AB20-Z20 -> -2 | AE20: =AC20+AD20 -> -2
B21: 1111069 | C21: ชิฟฟอนแยกชิ้น บลูเบอรี่ | F21: =SUM(D21:E21) -> 0 | G21: 1 | I21: =SUM(G21:H21) -> 1 | J21: 1 | L21: =SUM(J21:K21) -> 1 | O21: =SUM(M21:N21) -> 0 | R21: =SUM(P21:Q21) -> 0 | U21: =SUM(S21:T21) -> 0 | X21: =SUM(V21:W21) -> 0 | Z21: =+F21+I21+L21+O21+R21+U21+X21+Y21 -> 2 | AC21: =+AA21+AB21-Z21 -> -2 | AE21: =AC21+AD21 -> -2
B22: 1111070 | C22: ชิฟฟอนแยกชิ้น ทุเรียน | F22: =SUM(D22:E22) -> 0 | I22: =SUM(G22:H22) -> 0 | L22: =SUM(J22:K22) -> 0 | O22: =SUM(M22:N22) -> 0 | R22: =SUM(P22:Q22) -> 0 | U22: =SUM(S22:T22) -> 0 | X22: =SUM(V22:W22) -> 0 | Z22: =+F22+I22+L22+O22+R22+U22+X22+Y22 -> 0 | AC22: =+AA22+AB22-Z22 -> 0 | AE22: =AC22+AD22 -> 0
B23: 1111071 | C23: ชิฟฟอนแยกชิ้น ตาล | F23: =SUM(D23:E23) -> 0 | I23: =SUM(G23:H23) -> 0 | L23: =SUM(J23:K23) -> 0 | O23: =SUM(M23:N23) -> 0 | R23: =SUM(P23:Q23) -> 0 | U23: =SUM(S23:T23) -> 0 | X23: =SUM(V23:W23) -> 0 | Z23: =+F23+I23+L23+O23+R23+U23+X23+Y23 -> 0 | AC23: =+AA23+AB23-Z23 -> 0 | AE23: =AC23+AD23 -> 0
B24: 1111010 | C24: ชิฟฟ่อนเค้กสอดไส้แยม (1 ชิ้น) แยมสับปะรด | F24: =SUM(D24:E24) -> 0 | I24: =SUM(G24:H24) -> 0 | L24: =SUM(J24:K24) -> 0 | O24: =SUM(M24:N24) -> 0 | R24: =SUM(P24:Q24) -> 0 | U24: =SUM(S24:T24) -> 0 | X24: =SUM(V24:W24) -> 0 | Z24: =+F24+I24+L24+O24+R24+U24+X24+Y24 -> 0 | AC24: =+AA24+AB24-Z24 -> 0 | AE24: =AC24+AD24 -> 0
B25: 1111008 | C25: ชิฟฟ่อนเค้ก สอดไส้ (รวมรส 3 ชิ้น) | D25: 4 | F25: =SUM(D25:E25) -> 4 | G25: 6 | H25: 1 | I25: =SUM(G25:H25) -> 7 | J25: 3 | L25: =SUM(J25:K25) -> 3 | M25: 36 | N25: 18 | O25: =SUM(M25:N25) -> 54 | R25: =SUM(P25:Q25) -> 0 | U25: =SUM(S25:T25) -> 0 | X25: =SUM(V25:W25) -> 0 | Z25: =+F25+I25+L25+O25+R25+U25+X25+Y25 -> 68 | AA25: 50 | AC25: =+AA25+AB25-Z25 -> -18 | AD25: 70 | AE25: =AC25+AD25 -> 52
B26: 1111009 | C26: ชิฟฟ่อนเค้ก สอดไส้ (รวมรส 6 ชิ้น) | D26: 4 | F26: =SUM(D26:E26) -> 4 | H26: 3 | I26: =SUM(G26:H26) -> 3 | J26: 6 | L26: =SUM(J26:K26) -> 6 | N26: 3 | O26: =SUM(M26:N26) -> 3 | R26: =SUM(P26:Q26) -> 0 | U26: =SUM(S26:T26) -> 0 | X26: =SUM(V26:W26) -> 0 | Z26: =+F26+I26+L26+O26+R26+U26+X26+Y26 -> 16 | AA26: 30 | AC26: =+AA26+AB26-Z26 -> 14 | AD26: 50 | AE26: =AC26+AD26 -> 64
B27: 1111011 | C27: ชิฟฟ่อนเค้กสอดไส้ นมชมพูฮอกไกโด (3 ชิ้น) | F27: =SUM(D27:E27) -> 0 | I27: =SUM(G27:H27) -> 0 | L27: =SUM(J27:K27) -> 0 | O27: =SUM(M27:N27) -> 0 | R27: =SUM(P27:Q27) -> 0 | U27: =SUM(S27:T27) -> 0 | X27: =SUM(V27:W27) -> 0 | Z27: =+F27+I27+L27+O27+R27+U27+X27+Y27 -> 0 | AC27: =+AA27+AB27-Z27 -> 0 | AE27: =AC27+AD27 -> 0
B28: 1111012 | C28: ชิฟฟ่อนเค้กสอดไส้ นมชมพูฮอกไกโด (6 ชิ้น) | F28: =SUM(D28:E28) -> 0 | I28: =SUM(G28:H28) -> 0 | L28: =SUM(J28:K28) -> 0 | O28: =SUM(M28:N28) -> 0 | R28: =SUM(P28:Q28) -> 0 | U28: =SUM(S28:T28) -> 0 | X28: =SUM(V28:W28) -> 0 | Z28: =+F28+I28+L28+O28+R28+U28+X28+Y28 -> 0 | AC28: =+AA28+AB28-Z28 -> 0 | AE28: =AC28+AD28 -> 0
B29: 1111013 | C29: ชิฟฟ่อนเค้กสอดไส้ ช็อคโกแลตนูเทลล่า (3 ชิ้น) | F29: =SUM(D29:E29) -> 0 | I29: =SUM(G29:H29) -> 0 | L29: =SUM(J29:K29) -> 0 | O29: =SUM(M29:N29) -> 0 | R29: =SUM(P29:Q29) -> 0 | U29: =SUM(S29:T29) -> 0 | X29: =SUM(V29:W29) -> 0 | Z29: =+F29+I29+L29+O29+R29+U29+X29+Y29 -> 0 | AC29: =+AA29+AB29-Z29 -> 0 | AE29: =AC29+AD29 -> 0
B30: 1111014 | C30: ชิฟฟ่อนเค้กสอดไส้ ช็อคโกแลตนูเทลล่า (6 ชิ้น) | F30: =SUM(D30:E30) -> 0 | I30: =SUM(G30:H30) -> 0 | L30: =SUM(J30:K30) -> 0 | O30: =SUM(M30:N30) -> 0 | R30: =SUM(P30:Q30) -> 0 | U30: =SUM(S30:T30) -> 0 | X30: =SUM(V30:W30) -> 0 | Z30: =+F30+I30+L30+O30+R30+U30+X30+Y30 -> 0 | AC30: =+AA30+AB30-Z30 -> 0 | AE30: =AC30+AD30 -> 0
B31: 1111015 | C31: ชิฟฟ่อนเค้กสอดไส้เนย รสมะพร้าว (3 ชิ้น) | F31: =SUM(D31:E31) -> 0 | I31: =SUM(G31:H31) -> 0 | L31: =SUM(J31:K31) -> 0 | O31: =SUM(M31:N31) -> 0 | R31: =SUM(P31:Q31) -> 0 | U31: =SUM(S31:T31) -> 0 | X31: =SUM(V31:W31) -> 0 | Z31: =+F31+I31+L31+O31+R31+U31+X31+Y31 -> 0 | AC31: =+AA31+AB31-Z31 -> 0 | AE31: =AC31+AD31 -> 0
B32: 1111016 | C32: ชิฟฟ่อนเค้กสอดไส้เนย รสมะพร้าว (6 ชิ้น) | F32: =SUM(D32:E32) -> 0 | I32: =SUM(G32:H32) -> 0 | L32: =SUM(J32:K32) -> 0 | O32: =SUM(M32:N32) -> 0 | R32: =SUM(P32:Q32) -> 0 | U32: =SUM(S32:T32) -> 0 | X32: =SUM(V32:W32) -> 0 | Z32: =+F32+I32+L32+O32+R32+U32+X32+Y32 -> 0 | AC32: =+AA32+AB32-Z32 -> 0 | AE32: =AC32+AD32 -> 0
B33: 1111017 | C33: ชิฟฟ่อนเค้กสอดไส้แยม รสบลูเบอร์รี่ (3 ชิ้น) | F33: =SUM(D33:E33) -> 0 | I33: =SUM(G33:H33) -> 0 | L33: =SUM(J33:K33) -> 0 | O33: =SUM(M33:N33) -> 0 | R33: =SUM(P33:Q33) -> 0 | U33: =SUM(S33:T33) -> 0 | X33: =SUM(V33:W33) -> 0 | Z33: =+F33+I33+L33+O33+R33+U33+X33+Y33 -> 0 | AC33: =+AA33+AB33-Z33 -> 0 | AE33: =AC33+AD33 -> 0
B34: 1111018 | C34: ชิฟฟ่อนเค้กสอดไส้แยม รสบลูเบอร์รี่ (6 ชิ้น) | F34: =SUM(D34:E34) -> 0 | I34: =SUM(G34:H34) -> 0 | L34: =SUM(J34:K34) -> 0 | O34: =SUM(M34:N34) -> 0 | R34: =SUM(P34:Q34) -> 0 | U34: =SUM(S34:T34) -> 0 | X34: =SUM(V34:W34) -> 0 | Z34: =+F34+I34+L34+O34+R34+U34+X34+Y34 -> 0 | AC34: =+AA34+AB34-Z34 -> 0 | AE34: =AC34+AD34 -> 0
B35: 1111019 | C35: ชิฟฟ่อนเค้กหน้าฝอยทอง สอดไส้แยมส้ม (3 ชิ้น) | F35: =SUM(D35:E35) -> 0 | I35: =SUM(G35:H35) -> 0 | L35: =SUM(J35:K35) -> 0 | O35: =SUM(M35:N35) -> 0 | R35: =SUM(P35:Q35) -> 0 | U35: =SUM(S35:T35) -> 0 | X35: =SUM(V35:W35) -> 0 | Z35: =+F35+I35+L35+O35+R35+U35+X35+Y35 -> 0 | AC35: =+AA35+AB35-Z35 -> 0 | AE35: =AC35+AD35 -> 0
B36: 1111020 | C36: ชิฟฟ่อนเค้กหน้าฝอยทอง สอดไส้แยมส้ม (6 ชิ้น) | F36: =SUM(D36:E36) -> 0 | I36: =SUM(G36:H36) -> 0 | L36: =SUM(J36:K36) -> 0 | O36: =SUM(M36:N36) -> 0 | R36: =SUM(P36:Q36) -> 0 | U36: =SUM(S36:T36) -> 0 | X36: =SUM(V36:W36) -> 0 | Z36: =+F36+I36+L36+O36+R36+U36+X36+Y36 -> 0 | AC36: =+AA36+AB36-Z36 -> 0 | AE36: =AC36+AD36 -> 0
B37: 1111022 | C37: ชิฟฟ่อนเค้กสอดไส้แยม รสสตรอว์เบอร์รี (3 ชิ้น) | F37: =SUM(D37:E37) -> 0 | I37: =SUM(G37:H37) -> 0 | L37: =SUM(J37:K37) -> 0 | O37: =SUM(M37:N37) -> 0 | R37: =SUM(P37:Q37) -> 0 | U37: =SUM(S37:T37) -> 0 | X37: =SUM(V37:W37) -> 0 | Z37: =+F37+I37+L37+O37+R37+U37+X37+Y37 -> 0 | AC37: =+AA37+AB37-Z37 -> 0 | AE37: =AC37+AD37 -> 0
B38: 1111023 | C38: ชิฟฟ่อนเค้กสอดไส้แยม รสสตรอว์เบอร์รี (6 ชิ้น) | F38: =SUM(D38:E38) -> 0 | I38: =SUM(G38:H38) -> 0 | L38: =SUM(J38:K38) -> 0 | O38: =SUM(M38:N38) -> 0 | R38: =SUM(P38:Q38) -> 0 | U38: =SUM(S38:T38) -> 0 | X38: =SUM(V38:W38) -> 0 | Z38: =+F38+I38+L38+O38+R38+U38+X38+Y38 -> 0 | AC38: =+AA38+AB38-Z38 -> 0 | AE38: =AC38+AD38 -> 0
... B40: 1111025 | C40: ชิฟฟ่อนเค้กสอดไส้แยม รสส้ม (6 ชิ้น) | F40: =SUM(D40:E40) -> 0 | I40: =SUM(G40:H40) -> 0 | L40: =SUM(J40:K40) -> 0 | O40: =SUM(M40:N40) -> 0 | R40: =SUM(P40:Q40) -> 0 | U40: =SUM(S40:T40) -> 0 | X40: =SUM(V40:W40) -> 0 | Z40: =+F40+I40+L40+O40+R40+U40+X40+Y40 -> 0 | AC40: =+AA40+AB40-Z40 -> 0 | AE40: =AC40+AD40 -> 0
B41: 1111056 | C41: ชิฟฟอนรวมรสยอดฮิต 8 ชิ้น | F41: =SUM(D41:E41) -> 0 | H41: 3 | I41: =SUM(G41:H41) -> 3 | J41: 2 | L41: =SUM(J41:K41) -> 2 | O41: =SUM(M41:N41) -> 0 | R41: =SUM(P41:Q41) -> 0 | U41: =SUM(S41:T41) -> 0 | X41: =SUM(V41:W41) -> 0 | Z41: =+F41+I41+L41+O41+R41+U41+X41+Y41 -> 5 | AB41: 3 | AC41: =+AA41+AB41-Z41 -> -2 | AD41: 15 | AE41: =AC41+AD41 -> 13
B42: 1111074 | C42: ชิฟฟอนไส้แยมแยกชิ้น มะพร้าว | F42: =SUM(D42:E42) -> 0 | G42: 5 | H42: 2 | I42: =SUM(G42:H42) -> 7 | J42: 4 | L42: =SUM(J42:K42) -> 4 | M42: 1 | O42: =SUM(M42:N42) -> 1 | R42: =SUM(P42:Q42) -> 0 | U42: =SUM(S42:T42) -> 0 | X42: =SUM(V42:W42) -> 0 | Z42: =+F42+I42+L42+O42+R42+U42+X42+Y42 -> 12 | AC42: =+AA42+AB42-Z42 -> -12 | AE42: =AC42+AD42 -> -12
B43: 1111075 | C43: ชิฟฟอนไส้แยมแยกชิ้น สตอเบอรี่ | F43: =SUM(D43:E43) -> 0 | G43: 5 | H43: 2 | I43: =SUM(G43:H43) -> 7 | J43: 4 | L43: =SUM(J43:K43) -> 4 | M43: 1 | O43: =SUM(M43:N43) -> 1 | R43: =SUM(P43:Q43) -> 0 | U43: =SUM(S43:T43) -> 0 | X43: =SUM(V43:W43) -> 0 | Z43: =+F43+I43+L43+O43+R43+U43+X43+Y43 -> 12 | AC43: =+AA43+AB43-Z43 -> -12 | AE43: =AC43+AD43 -> -12
B44: 1111076 | C44: ชิฟฟอนไส้แยมแยกชิ้น ส้ม | F44: =SUM(D44:E44) -> 0 | G44: 5 | H44: 2 | I44: =SUM(G44:H44) -> 7 | J44: 4 | L44: =SUM(J44:K44) -> 4 | M44: 1 | O44: =SUM(M44:N44) -> 1 | R44: =SUM(P44:Q44) -> 0 | U44: =SUM(S44:T44) -> 0 | X44: =SUM(V44:W44) -> 0 | Z44: =+F44+I44+L44+O44+R44+U44+X44+Y44 -> 12 | AC44: =+AA44+AB44-Z44 -> -12 | AE44: =AC44+AD44 -> -12
B45: 1111077 | C45: ชิฟฟอนไส้แยมแยกชิ้น บลูเบอรี่ | F45: =SUM(D45:E45) -> 0 | G45: 5 | H45: 2 | I45: =SUM(G45:H45) -> 7 | J45: 4 | L45: =SUM(J45:K45) -> 4 | M45: 1 | O45: =SUM(M45:N45) -> 1 | R45: =SUM(P45:Q45) -> 0 | U45: =SUM(S45:T45) -> 0 | X45: =SUM(V45:W45) -> 0 | Z45: =+F45+I45+L45+O45+R45+U45+X45+Y45 -> 12 | AC45: =+AA45+AB45-Z45 -> -12 | AE45: =AC45+AD45 -> -12
B46: 1111078 | C46: ชิฟฟอนไส้แยมแยกชิ้น นมชมพู | F46: =SUM(D46:E46) -> 0 | G46: 5 | H46: 2 | I46: =SUM(G46:H46) -> 7 | J46: 4 | L46: =SUM(J46:K46) -> 4 | M46: 1 | O46: =SUM(M46:N46) -> 1 | R46: =SUM(P46:Q46) -> 0 | U46: =SUM(S46:T46) -> 0 | X46: =SUM(V46:W46) -> 0 | Z46: =+F46+I46+L46+O46+R46+U46+X46+Y46 -> 12 | AC46: =+AA46+AB46-Z46 -> -12 | AE46: =AC46+AD46 -> -12
B47: 1111079 | C47: ชิฟฟอนไส้แยมแยกชิ้น ชอคโกแลต | F47: =SUM(D47:E47) -> 0 | G47: 5 | H47: 2 | I47: =SUM(G47:H47) -> 7 | J47: 4 | L47: =SUM(J47:K47) -> 4 | M47: 1 | O47: =SUM(M47:N47) -> 1 | R47: =SUM(P47:Q47) -> 0 | U47: =SUM(S47:T47) -> 0 | X47: =SUM(V47:W47) -> 0 | Z47: =+F47+I47+L47+O47+R47+U47+X47+Y47 -> 12 | AC47: =+AA47+AB47-Z47 -> -12 | AE47: =AC47+AD47 -> -12
B48: 1111080 | C48: ชิฟฟอนไส้แยมแยกชิ้น ฝอยทอง | F48: =SUM(D48:E48) -> 0 | G48: 5 | H48: 2 | I48: =SUM(G48:H48) -> 7 | J48: 4 | L48: =SUM(J48:K48) -> 4 | M48: 1 | O48: =SUM(M48:N48) -> 1 | R48: =SUM(P48:Q48) -> 0 | U48: =SUM(S48:T48) -> 0 | X48: =SUM(V48:W48) -> 0 | Z48: =+F48+I48+L48+O48+R48+U48+X48+Y48 -> 12 | AC48: =+AA48+AB48-Z48 -> -12 | AE48: =AC48+AD48 -> -12
B49: 1111081 | C49: ชิฟฟอนไส้แยมแยกชิ้น วนิลา | F49: =SUM(D49:E49) -> 0 | G49: 5 | H49: 2 | I49: =SUM(G49:H49) -> 7 | J49: 4 | L49: =SUM(J49:K49) -> 4 | M49: 1 | O49: =SUM(M49:N49) -> 1 | R49: =SUM(P49:Q49) -> 0 | U49: =SUM(S49:T49) -> 0 | X49: =SUM(V49:W49) -> 0 | Z49: =+F49+I49+L49+O49+R49+U49+X49+Y49 -> 12 | AC49: =+AA49+AB49-Z49 -> -12 | AE49: =AC49+AD49 -> -12
B50: 1111082 | C50: ชิฟฟอนไส้แยมแยกชิ้น ใบเตย | F50: =SUM(D50:E50) -> 0 | G50: 5 | H50: 2 | I50: =SUM(G50:H50) -> 7 | J50: 4 | L50: =SUM(J50:K50) -> 4 | M50: 1 | O50: =SUM(M50:N50) -> 1 | R50: =SUM(P50:Q50) -> 0 | U50: =SUM(S50:T50) -> 0 | X50: =SUM(V50:W50) -> 0 | Z50: =+F50+I50+L50+O50+R50+U50+X50+Y50 -> 12 | AC50: =+AA50+AB50-Z50 -> -12 | AE50: =AC50+AD50 -> -12
B51: 1111083 | C51: ชิฟฟอนไส้แยมแยกชิ้น เมล่อน | F51: =SUM(D51:E51) -> 0 | G51: 5 | H51: 2 | I51: =SUM(G51:H51) -> 7 | J51: 4 | L51: =SUM(J51:K51) -> 4 | M51: 1 | O51: =SUM(M51:N51) -> 1 | R51: =SUM(P51:Q51) -> 0 | U51: =SUM(S51:T51) -> 0 | X51: =SUM(V51:W51) -> 0 | Z51: =+F51+I51+L51+O51+R51+U51+X51+Y51 -> 12 | AC51: =+AA51+AB51-Z51 -> -12 | AE51: =AC51+AD51 -> -12
B52: 1112002 | C52: เค้กเบาหวิว รสกาแฟ (300 กรัม) | F52: =SUM(D52:E52) -> 0 | I52: =SUM(G52:H52) -> 0 | L52: =SUM(J52:K52) -> 0 | O52: =SUM(M52:N52) -> 0 | R52: =SUM(P52:Q52) -> 0 | U52: =SUM(S52:T52) -> 0 | X52: =SUM(V52:W52) -> 0 | Z52: =+F52+I52+L52+O52+R52+U52+X52+Y52 -> 0 | AC52: =+AA52+AB52-Z52 -> 0 | AE52: =AC52+AD52 -> 0
B53: 1112003 | C53: เค้กเบาหวิว รสกาแฟ (110 กรัม) | F53: =SUM(D53:E53) -> 0 | G53: 1 | H53: 2 | I53: =SUM(G53:H53) -> 3 | J53: 1 | L53: =SUM(J53:K53) -> 1 | M53: 20 | N53: 20 | O53: =SUM(M53:N53) -> 40 | R53: =SUM(P53:Q53) -> 0 | U53: =SUM(S53:T53) -> 0 | X53: =SUM(V53:W53) -> 0 | Z53: =+F53+I53+L53+O53+R53+U53+X53+Y53 -> 44 | AA53: 85 | AB53: 35 | AC53: =+AA53+AB53-Z53 -> 76 | AD53: 65 | AE53: =AC53+AD53 -> 141
B54: 1112004 | C54: เค้กเบาหวิว รสเนยนม (300 กรัม) | F54: =SUM(D54:E54) -> 0 | I54: =SUM(G54:H54) -> 0 | L54: =SUM(J54:K54) -> 0 | O54: =SUM(M54:N54) -> 0 | R54: =SUM(P54:Q54) -> 0 | U54: =SUM(S54:T54) -> 0 | X54: =SUM(V54:W54) -> 0 | Z54: =+F54+I54+L54+O54+R54+U54+X54+Y54 -> 0 | AC54: =+AA54+AB54-Z54 -> 0 | AE54: =AC54+AD54 -> 0
B55: 1112005 | C55: เค้กเบาหวิว รสเนยนม (110 กรัม) | F55: =SUM(D55:E55) -> 0 | G55: 2 | H55: 1 | I55: =SUM(G55:H55) -> 3 | J55: 1 | L55: =SUM(J55:K55) -> 1 | M55: 41 | N55: 20 | O55: =SUM(M55:N55) -> 61 | R55: =SUM(P55:Q55) -> 0 | U55: =SUM(S55:T55) -> 0 | X55: =SUM(V55:W55) -> 0 | Z55: =+F55+I55+L55+O55+R55+U55+X55+Y55 -> 65 | AA55: 85 | AB55: 67 | AC55: =+AA55+AB55-Z55 -> 87 | AD55: 65 | AE55: =AC55+AD55 -> 152
B56: 1112008 | C56: เค้กเบาหวิว รสมะพร้าวน้ำหอม (300 กรัม) | F56: =SUM(D56:E56) -> 0 | I56: =SUM(G56:H56) -> 0 | L56: =SUM(J56:K56) -> 0 | O56: =SUM(M56:N56) -> 0 | R56: =SUM(P56:Q56) -> 0 | U56: =SUM(S56:T56) -> 0 | X56: =SUM(V56:W56) -> 0 | Z56: =+F56+I56+L56+O56+R56+U56+X56+Y56 -> 0 | AC56: =+AA56+AB56-Z56 -> 0 | AE56: =AC56+AD56 -> 0
B57: 1112009 | C57: เค้กเบาหวิว รสมะพร้าวน้ำหอม (110 กรัม) | F57: =SUM(D57:E57) -> 0 | G57: 1 | H57: 1 | I57: =SUM(G57:H57) -> 2 | J57: 6 | L57: =SUM(J57:K57) -> 6 | M57: 40 | N57: 20 | O57: =SUM(M57:N57) -> 60 | R57: =SUM(P57:Q57) -> 0 | U57: =SUM(S57:T57) -> 0 | X57: =SUM(V57:W57) -> 0 | Y57: 5 | Z57: =+F57+I57+L57+O57+R57+U57+X57+Y57 -> 73 | AA57: 85 | AB57: 69 | AC57: =+AA57+AB57-Z57 -> 81 | AD57: 65 | AE57: =AC57+AD57 -> 146
B58: 1112010 | C58: เค้กเบาหวิว หน้าฝอยทอง (300 กรัม) | F58: =SUM(D58:E58) -> 0 | I58: =SUM(G58:H58) -> 0 | L58: =SUM(J58:K58) -> 0 | O58: =SUM(M58:N58) -> 0 | R58: =SUM(P58:Q58) -> 0 | U58: =SUM(S58:T58) -> 0 | X58: =SUM(V58:W58) -> 0 | Z58: =+F58+I58+L58+O58+R58+U58+X58+Y58 -> 0 | AC58: =+AA58+AB58-Z58 -> 0 | AE58: =AC58+AD58 -> 0
B59: 1112011 | C59: เค้กเบาหวิว หน้าฝอยทอง (110 กรัม) | F59: =SUM(D59:E59) -> 0 | G59: 1 | H59: 1 | I59: =SUM(G59:H59) -> 2 | J59: 10 | L59: =SUM(J59:K59) -> 10 | M59: 40 | N59: 20 | O59: =SUM(M59:N59) -> 60 | R59: =SUM(P59:Q59) -> 0 | U59: =SUM(S59:T59) -> 0 | X59: =SUM(V59:W59) -> 0 | Z59: =+F59+I59+L59+O59+R59+U59+X59+Y59 -> 72 | AA59: 85 | AB59: 72 | AC59: =+AA59+AB59-Z59 -> 85 | AD59: 65 | AE59: =AC59+AD59 -> 150
B60: 1112012 | C60: เค้กเบาหวิว รสเผือกหน้ามะพร้าวเผา (300 กรัม) | F60: =SUM(D60:E60) -> 0 | I60: =SUM(G60:H60) -> 0 | L60: =SUM(J60:K60) -> 0 | O60: =SUM(M60:N60) -> 0 | R60: =SUM(P60:Q60) -> 0 | U60: =SUM(S60:T60) -> 0 | X60: =SUM(V60:W60) -> 0 | Z60: =+F60+I60+L60+O60+R60+U60+X60+Y60 -> 0 | AC60: =+AA60+AB60-Z60 -> 0 | AE60: =AC60+AD60 -> 0
B61: 1112013 | C61: เค้กเบาหวิว รสเผือกหน้ามะพร้าวเผา (110 กรัม) | F61: =SUM(D61:E61) -> 0 | G61: 2 | H61: 2 | I61: =SUM(G61:H61) -> 4 | J61: 3 | L61: =SUM(J61:K61) -> 3 | M61: 40 | N61: 20 | O61: =SUM(M61:N61) -> 60 | R61: =SUM(P61:Q61) -> 0 | U61: =SUM(S61:T61) -> 0 | X61: =SUM(V61:W61) -> 0 | Z61: =+F61+I61+L61+O61+R61+U61+X61+Y61 -> 67 | AA61: 85 | AB61: 68 | AC61: =+AA61+AB61-Z61 -> 86 | AD61: 65 | AE61: =AC61+AD61 -> 151
B62: 1112014 | C62: เค้กเบาหวิว รสกล้วยหอมหน้ามะพร้าวเผา (300 กรัม) | F62: =SUM(D62:E62) -> 0 | I62: =SUM(G62:H62) -> 0 | L62: =SUM(J62:K62) -> 0 | O62: =SUM(M62:N62) -> 0 | R62: =SUM(P62:Q62) -> 0 | U62: =SUM(S62:T62) -> 0 | X62: =SUM(V62:W62) -> 0 | Z62: =+F62+I62+L62+O62+R62+U62+X62+Y62 -> 0 | AC62: =+AA62+AB62-Z62 -> 0 | AE62: =AC62+AD62 -> 0
B63: 1112015 | C63: เค้กเบาหวิว รสกล้วยหอมหน้ามะพร้าวเผา (110 กรัม) | F63: =SUM(D63:E63) -> 0 | G63: 2 | H63: 1 | I63: =SUM(G63:H63) -> 3 | J63: 1 | L63: =SUM(J63:K63) -> 1 | M63: 41 | N63: 20 | O63: =SUM(M63:N63) -> 61 | R63: =SUM(P63:Q63) -> 0 | U63: =SUM(S63:T63) -> 0 | X63: =SUM(V63:W63) -> 0 | Z63: =+F63+I63+L63+O63+R63+U63+X63+Y63 -> 65 | AA63: 85 | AB63: 67 | AC63: =+AA63+AB63-Z63 -> 87 | AD63: 65 | AE63: =AC63+AD63 -> 152
B64: 1112017 | C64: เค้กเบาหวิว รสตาลหอม (110 กรัม) | F64: =SUM(D64:E64) -> 0 | I64: =SUM(G64:H64) -> 0 | L64: =SUM(J64:K64) -> 0 | O64: =SUM(M64:N64) -> 0 | R64: =SUM(P64:Q64) -> 0 | U64: =SUM(S64:T64) -> 0 | X64: =SUM(V64:W64) -> 0 | Z64: =+F64+I64+L64+O64+R64+U64+X64+Y64 -> 0 | AC64: =+AA64+AB64-Z64 -> 0 | AE64: =AC64+AD64 -> 0
B65: 1100003 | C65: เมอร์แรงค์ (กระปุก) | F65: =SUM(D65:E65) -> 0 | I65: =SUM(G65:H65) -> 0 | L65: =SUM(J65:K65) -> 0 | O65: =SUM(M65:N65) -> 0 | R65: =SUM(P65:Q65) -> 0 | U65: =SUM(S65:T65) -> 0 | X65: =SUM(V65:W65) -> 0 | Z65: =+F65+I65+L65+O65+R65+U65+X65+Y65 -> 0 | AC65: =+AA65+AB65-Z65 -> 0 | AE65: =AC65+AD65 -> 0
B66: 20039042 | C66: ขนมปังเนยนิ่ม 3 ชิ้น | F66: =SUM(D66:E66) -> 0 | I66: =SUM(G66:H66) -> 0 | L66: =SUM(J66:K66) -> 0 | O66: =SUM(M66:N66) -> 0 | R66: =SUM(P66:Q66) -> 0 | U66: =SUM(S66:T66) -> 0 | X66: =SUM(V66:W66) -> 0 | Z66: =+F66+I66+L66+O66+R66+U66+X66+Y66 -> 0 | AC66: =+AA66+AB66-Z66 -> 0 | AE66: =AC66+AD66 -> 0
B67: 1114501 | C67: ครีมฮอร์นวนิลา เนยสด | F67: =SUM(D67:E67) -> 0 | G67: 10 | H67: 2 | I67: =SUM(G67:H67) -> 12 | J67: 5 | L67: =SUM(J67:K67) -> 5 | M67: 176 | N67: 71 | O67: =SUM(M67:N67) -> 247 | R67: =SUM(P67:Q67) -> 0 | U67: =SUM(S67:T67) -> 0 | X67: =SUM(V67:W67) -> 0 | Z67: =+F67+I67+L67+O67+R67+U67+X67+Y67 -> 264 | AA67: 201 | AB67: 75 | AC67: =+AA67+AB67-Z67 -> 12 | AD67: 250 | AE67: =AC67+AD67 -> 262
B68: 1114502 | C68: ครีมฮอร์นใบเตย เนยสด | F68: =SUM(D68:E68) -> 0 | G68: 2 | H68: 2 | I68: =SUM(G68:H68) -> 4 | J68: 2 | L68: =SUM(J68:K68) -> 2 | M68: 173 | N68: 71 | O68: =SUM(M68:N68) -> 244 | R68: =SUM(P68:Q68) -> 0 | U68: =SUM(S68:T68) -> 0 | X68: =SUM(V68:W68) -> 0 | Z68: =+F68+I68+L68+O68+R68+U68+X68+Y68 -> 250 | AA68: 201 | AB68: 50 | AC68: =+AA68+AB68-Z68 -> 1 | AD68: 200 | AE68: =AC68+AD68 -> 201
B69: 1114503 | C69: ครีมฮอร์นช็อคโกแลต เนยสด | F69: =SUM(D69:E69) -> 0 | G69: 2 | H69: 2 | I69: =SUM(G69:H69) -> 4 | J69: 3 | L69: =SUM(J69:K69) -> 3 | M69: 173 | N69: 68 | O69: =SUM(M69:N69) -> 241 | R69: =SUM(P69:Q69) -> 0 | U69: =SUM(S69:T69) -> 0 | X69: =SUM(V69:W69) -> 0 | Z69: =+F69+I69+L69+O69+R69+U69+X69+Y69 -> 248 | AA69: 207 | AB69: 79 | AC69: =+AA69+AB69-Z69 -> 38 | AD69: 200 | AE69: =AC69+AD69 -> 238
B70: 1124021 | C70: ขนมปังแถว 430 g | F70: =SUM(D70:E70) -> 0 | I70: =SUM(G70:H70) -> 0 | L70: =SUM(J70:K70) -> 0 | O70: =SUM(M70:N70) -> 0 | R70: =SUM(P70:Q70) -> 0 | U70: =SUM(S70:T70) -> 0 | X70: =SUM(V70:W70) -> 0 | Z70: =+F70+I70+L70+O70+R70+U70+X70+Y70 -> 0 | AC70: =+AA70+AB70-Z70 -> 0 | AE70: =AC70+AD70 -> 0
B71: 1005761 | C71: ขนมปังกรอบคาราเมล | F71: =SUM(D71:E71) -> 0 | I71: =SUM(G71:H71) -> 0 | L71: =SUM(J71:K71) -> 0 | O71: =SUM(M71:N71) -> 0 | R71: =SUM(P71:Q71) -> 0 | U71: =SUM(S71:T71) -> 0 | X71: =SUM(V71:W71) -> 0 | Z71: =+F71+I71+L71+O71+R71+U71+X71+Y71 -> 0 | AC71: =+AA71+AB71-Z71 -> 0 | AE71: =AC71+AD71 -> 0
B72: 1100001 | C72: พายสัปปะรด (1 ชิ้น) | F72: =SUM(D72:E72) -> 0 | I72: =SUM(G72:H72) -> 0 | L72: =SUM(J72:K72) -> 0 | O72: =SUM(M72:N72) -> 0 | R72: =SUM(P72:Q72) -> 0 | U72: =SUM(S72:T72) -> 0 | X72: =SUM(V72:W72) -> 0 | Z72: =+F72+I72+L72+O72+R72+U72+X72+Y72 -> 0 | AC72: =+AA72+AB72-Z72 -> 0 | AE72: =AC72+AD72 -> 0
B73: 1100002 | C73: พายสัปปะรด (1 กล่อง) | F73: =SUM(D73:E73) -> 0 | I73: =SUM(G73:H73) -> 0 | L73: =SUM(J73:K73) -> 0 | O73: =SUM(M73:N73) -> 0 | R73: =SUM(P73:Q73) -> 0 | U73: =SUM(S73:T73) -> 0 | X73: =SUM(V73:W73) -> 0 | Z73: =+F73+I73+L73+O73+R73+U73+X73+Y73 -> 0 | AC73: =+AA73+AB73-Z73 -> 0 | AE73: =AC73+AD73 -> 0
B74: 20052721 | C74: วรรณวนัชแซนวิซโบราณ 70g | F74: =SUM(D74:E74) -> 0 | I74: =SUM(G74:H74) -> 0 | L74: =SUM(J74:K74) -> 0 | O74: =SUM(M74:N74) -> 0 | R74: =SUM(P74:Q74) -> 0 | U74: =SUM(S74:T74) -> 0 | X74: =SUM(V74:W74) -> 0 | Z74: =+F74+I74+L74+O74+R74+U74+X74+Y74 -> 0 | AC74: =+AA74+AB74-Z74 -> 0 | AE74: =AC74+AD74 -> 0
B75: 1113170 | C75: ขนมเปี๊ยะถั่วฝอยทองไข่เค็ม 450 กรัม | D75: 4 | F75: =SUM(D75:E75) -> 4 | I75: =SUM(G75:H75) -> 0 | L75: =SUM(J75:K75) -> 0 | M75: 1 | O75: =SUM(M75:N75) -> 1 | R75: =SUM(P75:Q75) -> 0 | U75: =SUM(S75:T75) -> 0 | X75: =SUM(V75:W75) -> 0 | Z75: =+F75+I75+L75+O75+R75+U75+X75+Y75 -> 5 | AB75: 5 | AC75: =+AA75+AB75-Z75 -> 0 | AD75: 30 | AE75: =AC75+AD75 -> 30
B76: 1113171 | C76: ขนมเปี๊ยะฟักถั่วไข่เค็ม 450 กรัม | D76: 2 | F76: =SUM(D76:E76) -> 2 | I76: =SUM(G76:H76) -> 0 | J76: 2 | L76: =SUM(J76:K76) -> 2 | O76: =SUM(M76:N76) -> 0 | R76: =SUM(P76:Q76) -> 0 | U76: =SUM(S76:T76) -> 0 | X76: =SUM(V76:W76) -> 0 | Z76: =+F76+I76+L76+O76+R76+U76+X76+Y76 -> 4 | AB76: 4 | AC76: =+AA76+AB76-Z76 -> 0 | AD76: 30 | AE76: =AC76+AD76 -> 30
B77: 1113172 | C77: ขนมเปี๊ยะเผือกฝอยทองไข่เค็ม 450 กรัม | F77: =SUM(D77:E77) -> 0 | I77: =SUM(G77:H77) -> 0 | L77: =SUM(J77:K77) -> 0 | O77: =SUM(M77:N77) -> 0 | R77: =SUM(P77:Q77) -> 0 | U77: =SUM(S77:T77) -> 0 | X77: =SUM(V77:W77) -> 0 | Z77: =+F77+I77+L77+O77+R77+U77+X77+Y77 -> 0 | AC77: =+AA77+AB77-Z77 -> 0 | AD77: 30 | AE77: =AC77+AD77 -> 30
B78: 1113173 | C78: ขนมเปี๊ยะงาดำฝอยทองไข่เค็ม 450 กรัม | D78: 2 | F78: =SUM(D78:E78) -> 2 | I78: =SUM(G78:H78) -> 0 | L78: =SUM(J78:K78) -> 0 | O78: =SUM(M78:N78) -> 0 | R78: =SUM(P78:Q78) -> 0 | U78: =SUM(S78:T78) -> 0 | X78: =SUM(V78:W78) -> 0 | Z78: =+F78+I78+L78+O78+R78+U78+X78+Y78 -> 2 | AB78: 2 | AC78: =+AA78+AB78-Z78 -> 0 | AD78: 20 | AE78: =AC78+AD78 -> 20
B79: 1200001 | C79: คอร์นเฟล็ค | D79: 50 | F79: =SUM(D79:E79) -> 50 | I79: =SUM(G79:H79) -> 0 | L79: =SUM(J79:K79) -> 0 | O79: =SUM(M79:N79) -> 0 | R79: =SUM(P79:Q79) -> 0 | U79: =SUM(S79:T79) -> 0 | X79: =SUM(V79:W79) -> 0 | Z79: =+F79+I79+L79+O79+R79+U79+X79+Y79 -> 50 | AA79: 50 | AC79: =+AA79+AB79-Z79 -> 0 | AE79: =AC79+AD79 -> 0
B80: 1200002 | C80: ท๊อฟฟี่ถั่ว (กล่อง) | F80: =SUM(D80:E80) -> 0 | I80: =SUM(G80:H80) -> 0 | L80: =SUM(J80:K80) -> 0 | O80: =SUM(M80:N80) -> 0 | R80: =SUM(P80:Q80) -> 0 | U80: =SUM(S80:T80) -> 0 | X80: =SUM(V80:W80) -> 0 | Z80: =+F80+I80+L80+O80+R80+U80+X80+Y80 -> 0 | AB80: 3 | AC80: =+AA80+AB80-Z80 -> 3 | AE80: =AC80+AD80 -> 3
B81: 20054646 | C81: ปังพิซซ่า | F81: =SUM(D81:E81) -> 0 | I81: =SUM(G81:H81) -> 0 | L81: =SUM(J81:K81) -> 0 | O81: =SUM(M81:N81) -> 0 | R81: =SUM(P81:Q81) -> 0 | U81: =SUM(S81:T81) -> 0 | X81: =SUM(V81:W81) -> 0 | Z81: =+F81+I81+L81+O81+R81+U81+X81+Y81 -> 0 | AB81: 2 | AC81: =+AA81+AB81-Z81 -> 2 | AE81: =AC81+AD81 -> 2
B82: 300 | C82: เศษขนมปังปลา 5กก. | F82: =SUM(D82:E82) -> 0 | I82: =SUM(G82:H82) -> 0 | J82: 6 | L82: =SUM(J82:K82) -> 6 | O82: =SUM(M82:N82) -> 0 | R82: =SUM(P82:Q82) -> 0 | U82: =SUM(S82:T82) -> 0 | X82: =SUM(V82:W82) -> 0 | Z82: =+F82+I82+L82+O82+R82+U82+X82+Y82 -> 6 | AC82: =+AA82+AB82-Z82 -> -6 | AE82: =AC82+AD82 -> -6
B83: 200 | C83: เศษขนมปังปลา 1 กก. | F83: =SUM(D83:E83) -> 0 | G83: 6 | I83: =SUM(G83:H83) -> 6 | L83: =SUM(J83:K83) -> 0 | O83: =SUM(M83:N83) -> 0 | R83: =SUM(P83:Q83) -> 0 | U83: =SUM(S83:T83) -> 0 | X83: =SUM(V83:W83) -> 0 | Z83: =+F83+I83+L83+O83+R83+U83+X83+Y83 -> 6 | AC83: =+AA83+AB83-Z83 -> -6 | AE83: =AC83+AD83 -> -6
B84: 1111087 | C84: ชิฟฟอน 8 ชิ้น สตอเบอรี่ล้วน | F84: =SUM(D84:E84) -> 0 | I84: =SUM(G84:H84) -> 0 | L84: =SUM(J84:K84) -> 0 | O84: =SUM(M84:N84) -> 0 | R84: =SUM(P84:Q84) -> 0 | U84: =SUM(S84:T84) -> 0 | X84: =SUM(V84:W84) -> 0 | Z84: =+F84+I84+L84+O84+R84+U84+X84+Y84 -> 0 | AC84: =+AA84+AB84-Z84 -> 0 | AE84: =AC84+AD84 -> 0
C85: ชิฟฟอน 4 ชิ้น มะพร้าวล้วน | F85: =SUM(D85:E85) -> 0 | I85: =SUM(G85:H85) -> 0 | L85: =SUM(J85:K85) -> 0 | O85: =SUM(M85:N85) -> 0 | R85: =SUM(P85:Q85) -> 0 | U85: =SUM(S85:T85) -> 0 | X85: =SUM(V85:W85) -> 0 | Z85: =+F85+I85+L85+O85+R85+U85+X85+Y85 -> 0 | AC85: =+AA85+AB85-Z85 -> 0 | AE85: =AC85+AD85 -> 0
C86: ชิฟฟอน 4 ชิ้น กาแฟล้วน | F86: =SUM(D86:E86) -> 0 | I86: =SUM(G86:H86) -> 0 | L86: =SUM(J86:K86) -> 0 | O86: =SUM(M86:N86) -> 0 | R86: =SUM(P86:Q86) -> 0 | U86: =SUM(S86:T86) -> 0 | X86: =SUM(V86:W86) -> 0 | Z86: =+F86+I86+L86+O86+R86+U86+X86+Y86 -> 0 | AC86: =+AA86+AB86-Z86 -> 0 | AE86: =AC86+AD86 -> 0
C87: ชิฟฟอน 4 ชิ้น ชาเขียวล้วน | F87: =SUM(D87:E87) -> 0 | I87: =SUM(G87:H87) -> 0 | L87: =SUM(J87:K87) -> 0 | O87: =SUM(M87:N87) -> 0 | R87: =SUM(P87:Q87) -> 0 | U87: =SUM(S87:T87) -> 0 | X87: =SUM(V87:W87) -> 0 | Z87: =+F87+I87+L87+O87+R87+U87+X87+Y87 -> 0 | AC87: =+AA87+AB87-Z87 -> 0 | AE87: =AC87+AD87 -> 0
C88: ชิฟฟอน 4 ชิ้น ใบเตยล้วน | F88: =SUM(D88:E88) -> 0 | I88: =SUM(G88:H88) -> 0 | L88: =SUM(J88:K88) -> 0 | O88: =SUM(M88:N88) -> 0 | R88: =SUM(P88:Q88) -> 0 | U88: =SUM(S88:T88) -> 0 | X88: =SUM(V88:W88) -> 0 | Z88: =+F88+I88+L88+O88+R88+U88+X88+Y88 -> 0 | AC88: =+AA88+AB88-Z88 -> 0 | AE88: =AC88+AD88 -> 0
B89: 1111092 | C89: ชิฟฟอน 8 ชิ้น กล้วยหอม | F89: =SUM(D89:E89) -> 0 | I89: =SUM(G89:H89) -> 0 | L89: =SUM(J89:K89) -> 0 | O89: =SUM(M89:N89) -> 0 | R89: =SUM(P89:Q89) -> 0 | U89: =SUM(S89:T89) -> 0 | X89: =SUM(V89:W89) -> 0 | Z89: =+F89+I89+L89+O89+R89+U89+X89+Y89 -> 0 | AC89: =+AA89+AB89-Z89 -> 0 | AE89: =AC89+AD89 -> 0
B90: 1111093 | C90: ชิฟฟอน 8 ชิ้น โกโก้ล้วน | F90: =SUM(D90:E90) -> 0 | I90: =SUM(G90:H90) -> 0 | L90: =SUM(J90:K90) -> 0 | O90: =SUM(M90:N90) -> 0 | R90: =SUM(P90:Q90) -> 0 | U90: =SUM(S90:T90) -> 0 | X90: =SUM(V90:W90) -> 0 | Z90: =+F90+I90+L90+O90+R90+U90+X90+Y90 -> 0 | AC90: =+AA90+AB90-Z90 -> 0 | AE90: =AC90+AD90 -> 0
B91: 1111088 | C91: ชิฟฟอน 8 ชิ้น ส้มล้วน | F91: =SUM(D91:E91) -> 0 | I91: =SUM(G91:H91) -> 0 | L91: =SUM(J91:K91) -> 0 | O91: =SUM(M91:N91) -> 0 | R91: =SUM(P91:Q91) -> 0 | U91: =SUM(S91:T91) -> 0 | X91: =SUM(V91:W91) -> 0 | Z91: =+F91+I91+L91+O91+R91+U91+X91+Y91 -> 0 | AC91: =+AA91+AB91-Z91 -> 0 | AE91: =AC91+AD91 -> 0
B92: 1111089 | C92: ชิฟฟอน 8 ชิ้น เนยล้วน | F92: =SUM(D92:E92) -> 0 | I92: =SUM(G92:H92) -> 0 | L92: =SUM(J92:K92) -> 0 | O92: =SUM(M92:N92) -> 0 | R92: =SUM(P92:Q92) -> 0 | U92: =SUM(S92:T92) -> 0 | X92: =SUM(V92:W92) -> 0 | Z92: =+F92+I92+L92+O92+R92+U92+X92+Y92 -> 0 | AC92: =+AA92+AB92-Z92 -> 0 | AE92: =AC92+AD92 -> 0
B93: 1111094 | C93: ชิฟฟอน 8 ชิ้น ชาไทยล้วน | F93: =SUM(D93:E93) -> 0 | I93: =SUM(G93:H93) -> 0 | L93: =SUM(J93:K93) -> 0 | O93: =SUM(M93:N93) -> 0 | R93: =SUM(P93:Q93) -> 0 | U93: =SUM(S93:T93) -> 0 | X93: =SUM(V93:W93) -> 0 | Z93: =+F93+I93+L93+O93+R93+U93+X93+Y93 -> 0 | AC93: =+AA93+AB93-Z93 -> 0 | AE93: =AC93+AD93 -> 0
B94: 1111095 | C94: ชิฟฟอน 8 ชิ้น ชาเขียวล้วน | F94: =SUM(D94:E94) -> 0 | I94: =SUM(G94:H94) -> 0 | L94: =SUM(J94:K94) -> 0 | O94: =SUM(M94:N94) -> 0 | R94: =SUM(P94:Q94) -> 0 | U94: =SUM(S94:T94) -> 0 | X94: =SUM(V94:W94) -> 0 | Z94: =+F94+I94+L94+O94+R94+U94+X94+Y94 -> 0 | AC94: =+AA94+AB94-Z94 -> 0 | AE94: =AC94+AD94 -> 0
B95: 1111091 | C95: ชิฟฟอน 8 ชิ้น ใบเตยล้วน | F95: =SUM(D95:E95) -> 0 | I95: =SUM(G95:H95) -> 0 | L95: =SUM(J95:K95) -> 0 | O95: =SUM(M95:N95) -> 0 | R95: =SUM(P95:Q95) -> 0 | U95: =SUM(S95:T95) -> 0 | X95: =SUM(V95:W95) -> 0 | Z95: =+F95+I95+L95+O95+R95+U95+X95+Y95 -> 0 | AC95: =+AA95+AB95-Z95 -> 0 | AE95: =AC95+AD95 -> 0
B96: 1111086 | C96: ชิฟฟอน 8 ชิ้น มะพร้าวล้วน | F96: =SUM(D96:E96) -> 0 | I96: =SUM(G96:H96) -> 0 | L96: =SUM(J96:K96) -> 0 | O96: =SUM(M96:N96) -> 0 | R96: =SUM(P96:Q96) -> 0 | U96: =SUM(S96:T96) -> 0 | X96: =SUM(V96:W96) -> 0 | Z96: =+F96+I96+L96+O96+R96+U96+X96+Y96 -> 0 | AC96: =+AA96+AB96-Z96 -> 0 | AE96: =AC96+AD96 -> 0
B97: 20059548 | C97: มินบันไก่หยอง | F97: =SUM(D97:E97) -> 0 | I97: =SUM(G97:H97) -> 0 | L97: =SUM(J97:K97) -> 0 | O97: =SUM(M97:N97) -> 0 | R97: =SUM(P97:Q97) -> 0 | U97: =SUM(S97:T97) -> 0 | X97: =SUM(V97:W97) -> 0 | Z97: =+F97+I97+L97+O97+R97+U97+X97+Y97 -> 0 | AC97: =+AA97+AB97-Z97 -> 0 | AE97: =AC97+AD97 -> 0
B98: 1100044 | C98: หมี่กรอบโบราณ | F98: =SUM(D98:E98) -> 0 | I98: =SUM(G98:H98) -> 0 | L98: =SUM(J98:K98) -> 0 | O98: =SUM(M98:N98) -> 0 | R98: =SUM(P98:Q98) -> 0 | U98: =SUM(S98:T98) -> 0 | X98: =SUM(V98:W98) -> 0 | Z98: =+F98+I98+L98+O98+R98+U98+X98+Y98 -> 0 | AC98: =+AA98+AB98-Z98 -> 0 | AE98: =AC98+AD98 -> 0
B99: 1100045 | C99: ชิฟฟ่อนขนุน | F99: =SUM(D99:E99) -> 0 | I99: =SUM(G99:H99) -> 0 | L99: =SUM(J99:K99) -> 0 | O99: =SUM(M99:N99) -> 0 | R99: =SUM(P99:Q99) -> 0 | U99: =SUM(S99:T99) -> 0 | X99: =SUM(V99:W99) -> 0 | Z99: =+F99+I99+L99+O99+R99+U99+X99+Y99 -> 0 | AC99: =+AA99+AB99-Z99 -> 0 | AE99: =AC99+AD99 -> 0
B100: 1004062 | C100: เค้กลาวา ฝอยทองทูโทน (เล็ก) | F100: =SUM(D100:E100) -> 0 | I100: =SUM(G100:H100) -> 0 | L100: =SUM(J100:K100) -> 0 | O100: =SUM(M100:N100) -> 0 | R100: =SUM(P100:Q100) -> 0 | U100: =SUM(S100:T100) -> 0 | X100: =SUM(V100:W100) -> 0 | Z100: =+F100+I100+L100+O100+R100+U100+X100+Y100 -> 0 | AC100: =+AA100+AB100-Z100 -> 0 | AE100: =AC100+AD100 -> 0
B101: 1004051 | C101: ขนมปังสังขยา 6 ชิ้น | F101: =SUM(D101:E101) -> 0 | I101: =SUM(G101:H101) -> 0 | L101: =SUM(J101:K101) -> 0 | O101: =SUM(M101:N101) -> 0 | R101: =SUM(P101:Q101) -> 0 | U101: =SUM(S101:T101) -> 0 | X101: =SUM(V101:W101) -> 0 | Y101: 10 | Z101: =+F101+I101+L101+O101+R101+U101+X101+Y101 -> 10 | AA101: 10 | AC101: =+AA101+AB101-Z101 -> 0 | AE101: =AC101+AD101 -> 0
...

Sheet 05.10.68
B1: ยอดจริง ออนไลน์ วันที่ 05/10/2568
B2: รหัสสินค้า | C2: สินค้า | D2: ปณ | G2: ชอปปี้ | J2: ลาซาด้า | M2: ติ๊กตอก | P2: ติ๊กตอก2 | S2: ติ๊กตอก3 | V2: ชอยส์ | Y2: ยอดเส้น | Z2: ยอดรวมผลิต(กล่อง) | AA2: ยอดForcast | AB2: ยอดStock | AC2: ยอดMemo | AD2: ยอดForcastวันพรุ่งนี้ | AE2: สินค้าที่ขายได้
D3: เช้า | E3: บ่าย | F3: รวม | G3: เช้า | H3: บ่าย | I3: รวม | J3: เช้า | K3: บ่าย | L3: รวม | M3: เช้า | N3: บ่าย | O3: รวม | P3: เช้า | Q3: บ่าย | R3: รวม | S3: เช้า | T3: บ่าย | U3: รวม | V3: เช้า | W3: บ่าย | X3: รวม
B4: 1004055 | C4: ชิฟฟ่อนเค้ก วรรณวนัช (รวมรส 4 ชิ้น) | D4: 4 | F4: =SUM(D4:E4) -> 4 | H4: 3 | I4: =SUM(G4:H4) -> 3 | L4: =SUM(J4:K4) -> 0 | M4: 35 | N4: 18 | O4: =SUM(M4:N4) -> 53 | R4: =SUM(P4:Q4) -> 0 | U4: =SUM(S4:T4) -> 0 | X4: =SUM(V4:W4) -> 0 | Y4: 15 | Z4: =+F4+I4+L4+O4+R4+U4+X4+Y4 -> 75 | AA4: 90 | AB4: 3 | AC4: =+AA4+AB4-Z4 -> 18 | AD4: 90 | AE4: =AC4+AD4 -> 108
B5: 1111002 | C5: ชิฟฟ่อนเค้ก วรรณวนัช (รวมรส 8 ชิ้น) | D5: 4 | F5: =SUM(D5:E5) -> 4 | G5: 9 | H5: 5 | I5: =SUM(G5:H5) -> 14 | J5: 16 | L5: =SUM(J5:K5) -> 16 | M5: 12 | N5: 3 | O5: =SUM(M5:N5) -> 15 | R5: =SUM(P5:Q5) -> 0 | U5: =SUM(S5:T5) -> 0 | X5: =SUM(V5:W5) -> 0 | Z5: =+F5+I5+L5+O5+R5+U5+X5+Y5 -> 49 | AA5: 145 | AB5: 83 | AC5: =+AA5+AB5-Z5 -> 179 | AD5: 130 | AE5: =AC5+AD5 -> 309
B6: 1111055 | C6: วรรณวนัช ชิฟฟ่อนรวมรส 8 ชิ้น | F6: =SUM(D6:E6) -> 0 | I6: =SUM(G6:H6) -> 0 | L6: =SUM(J6:K6) -> 0 | O6: =SUM(M6:N6) -> 0 | R6: =SUM(P6:Q6) -> 0 | U6: =SUM(S6:T6) -> 0 | X6: =SUM(V6:W6) -> 0 | Z6: =+F6+I6+L6+O6+R6+U6+X6+Y6 -> 0 | AC6: =+AA6+AB6-Z6 -> 0 | AE6: =AC6+AD6 -> 0
B7: 1111084 | C7: ชิฟฟ่อนเค้ก รสกาแฟ (8 ชิ้น) | F7: =SUM(D7:E7) -> 0 | I7: =SUM(G7:H7) -> 0 | L7: =SUM(J7:K7) -> 0 | O7: =SUM(M7:N7) -> 0 | R7: =SUM(P7:Q7) -> 0 | U7: =SUM(S7:T7) -> 0 | X7: =SUM(V7:W7) -> 0 | Z7: =+F7+I7+L7+O7+R7+U7+X7+Y7 -> 0 | AC7: =+AA7+AB7-Z7 -> 0 | AE7: =AC7+AD7 -> 0
B8: 1111043 | C8: ชิฟฟอนรสมะลิ 8 ชิ้น ห่อ ซีน | F8: =SUM(D8:E8) -> 0 | I8: =SUM(G8:H8) -> 0 | L8: =SUM(J8:K8) -> 0 | O8: =SUM(M8:N8) -> 0 | R8: =SUM(P8:Q8) -> 0 | U8: =SUM(S8:T8) -> 0 | X8: =SUM(V8:W8) -> 0 | Z8: =+F8+I8+L8+O8+R8+U8+X8+Y8 -> 0 | AC8: =+AA8+AB8-Z8 -> 0 | AE8: =AC8+AD8 -> 0
B9: 1111057 | C9: ชิฟฟอนแยกชิ้น กาแฟ | F9: =SUM(D9:E9) -> 0 | I9: =SUM(G9:H9) -> 0 | J9: 2 | L9: =SUM(J9:K9) -> 2 | M9: 1 | O9: =SUM(M9:N9) -> 1 | R9: =SUM(P9:Q9) -> 0 | U9: =SUM(S9:T9) -> 0 | X9: =SUM(V9:W9) -> 0 | Z9: =+F9+I9+L9+O9+R9+U9+X9+Y9 -> 3 | AC9: =+AA9+AB9-Z9 -> -3 | AE9: =AC9+AD9 -> -3
B10: 1111058 | C10: ชิฟฟอนแยกชิ้น มะลิ | F10: =SUM(D10:E10) -> 0 | I10: =SUM(G10:H10) -> 0 | J10: 2 | L10: =SUM(J10:K10) -> 2 | M10: 1 | O10: =SUM(M10:N10) -> 1 | R10: =SUM(P10:Q10) -> 0 | U10: =SUM(S10:T10) -> 0 | X10: =SUM(V10:W10) -> 0 | Z10: =+F10+I10+L10+O10+R10+U10+X10+Y10 -> 3 | AC10: =+AA10+AB10-Z10 -> -3 | AE10: =AC10+AD10 -> -3
B11: 1111059 | C11: ชิฟฟอนแยกชิ้น ใบเตย | F11: =SUM(D11:E11) -> 0 | I11: =SUM(G11:H11) -> 0 | J11: 2 | L11: =SUM(J11:K11) -> 2 | M11: 1 | O11: =SUM(M11:N11) -> 1 | R11: =SUM(P11:Q11) -> 0 | U11: =SUM(S11:T11) -> 0 | X11: =SUM(V11:W11) -> 0 | Z11: =+F11+I11+L11+O11+R11+U11+X11+Y11 -> 3 | AC11: =+AA11+AB11-Z11 -> -3 | AE11: =AC11+AD11 -> -3
B12: 1111060 | C12: ชิฟฟอนแยกชิ้น กล้วยหอม | F12: =SUM(D12:E12) -> 0 | I12: =SUM(G12:H12) -> 0 | J12: 2 | L12: =SUM(J12:K12) -> 2 | M12: 1 | O12: =SUM(M12:N12) -> 1 | R12: =SUM(P12:Q12) -> 0 | U12: =SUM(S12:T12) -> 0 | X12: =SUM(V12:W12) -> 0 | Z12: =+F12+I12+L12+O12+R12+U12+X12+Y12 -> 3 | AC12: =+AA12+AB12-Z12 -> -3 | AE12: =AC12+AD12 -> -3
B13: 1111061 | C13: ชิฟฟอนแยกชิ้น ชาไทย | F13: =SUM(D13:E13) -> 0 | I13: =SUM(G13:H13) -> 0 | J13: 2 | L13: =SUM(J13:K13) -> 2 | M13: 1 | O13: =SUM(M13:N13) -> 1 | R13: =SUM(P13:Q13) -> 0 | U13: =SUM(S13:T13) -> 0 | X13: =SUM(V13:W13) -> 0 | Z13: =+F13+I13+L13+O13+R13+U13+X13+Y13 -> 3 | AC13: =+AA13+AB13-Z13 -> -3 | AE13: =AC13+AD13 -> -3
B14: 1111062 | C14: ชิฟฟอนแยกชิ้น โกโก้ | F14: =SUM(D14:E14) -> 0 | I14: =SUM(G14:H14) -> 0 | J14: 2 | L14: =SUM(J14:K14) -> 2 | M14: 1 | O14: =SUM(M14:N14) -> 1 | R14: =SUM(P14:Q14) -> 0 | U14: =SUM(S14:T14) -> 0 | X14: =SUM(V14:W14) -> 0 | Z14: =+F14+I14+L14+O14+R14+U14+X14+Y14 -> 3 | AC14: =+AA14+AB14-Z14 -> -3 | AE14: =AC14+AD14 -> -3
B15: 1111063 | C15: ชิฟฟอนแยกชิ้น ส้ม | F15: =SUM(D15:E15) -> 0 | I15: =SUM(G15:H15) -> 0 | J15: 2 | L15: =SUM(J15:K15) -> 2 | M15: 1 | O15: =SUM(M15:N15) -> 1 | R15: =SUM(P15:Q15) -> 0 | U15: =SUM(S15:T15) -> 0 | X15: =SUM(V15:W15) -> 0 | Z15: =+F15+I15+L15+O15+R15+U15+X15+Y15 -> 3 | AC15: =+AA15+AB15-Z15 -> -3 | AE15: =AC15+AD15 -> -3
B16: 1111064 | C16: ชิฟฟอนแยกชิ้น เผือก | F16: =SUM(D16:E16) -> 0 | I16: =SUM(G16:H16) -> 0 | J16: 1 | L16: =SUM(J16:K16) -> 1 | M16: 1 | O16: =SUM(M16:N16) -> 1 | R16: =SUM(P16:Q16) -> 0 | U16: =SUM(S16:T16) -> 0 | X16: =SUM(V16:W16) -> 0 | Z16: =+F16+I16+L16+O16+R16+U16+X16+Y16 -> 2 | AC16: =+AA16+AB16-Z16 -> -2 | AE16: =AC16+AD16 -> -2
B17: 1111065 | C17: ชิฟฟอนแยกชิ้น สับปะรด | F17: =SUM(D17:E17) -> 0 | I17: =SUM(G17:H17) -> 0 | J17: 1 | L17: =SUM(J17:K17) -> 1 | M17: 1 | O17: =SUM(M17:N17) -> 1 | R17: =SUM(P17:Q17) -> 0 | U17: =SUM(S17:T17) -> 0 | X17: =SUM(V17:W17) -> 0 | Z17: =+F17+I17+L17+O17+R17+U17+X17+Y17 -> 2 | AC17: =+AA17+AB17-Z17 -> -2 | AE17: =AC17+AD17 -> -2
B18: 1111066 | C18: ชิฟฟอนแยกชิ้น สตอเบอรี่ | D18: 10 | F18: =SUM(D18:E18) -> 10 | I18: =SUM(G18:H18) -> 0 | J18: 1 | L18: =SUM(J18:K18) -> 1 | M18: 1 | O18: =SUM(M18:N18) -> 1 | R18: =SUM(P18:Q18) -> 0 | U18: =SUM(S18:T18) -> 0 | X18: =SUM(V18:W18) -> 0 | Z18: =+F18+I18+L18+O18+R18+U18+X18+Y18 -> 12 | AC18: =+AA18+AB18-Z18 -> -12 | AE18: =AC18+AD18 -> -12
B19: 1111067 | C19: ชิฟฟอนแยกชิ้น มะพร้าว | D19: 10 | F19: =SUM(D19:E19) -> 10 | I19: =SUM(G19:H19) -> 0 | J19: 1 | L19: =SUM(J19:K19) -> 1 | O19: =SUM(M19:N19) -> 0 | R19: =SUM(P19:Q19) -> 0 | U19: =SUM(S19:T19) -> 0 | X19: =SUM(V19:W19) -> 0 | Z19: =+F19+I19+L19+O19+R19+U19+X19+Y19 -> 11 | AC19: =+AA19+AB19-Z19 -> -11 | AE19: =AC19+AD19 -> -11
B20: 1111068 | C20: ชิฟฟอนแยกชิ้น เนย | F20: =SUM(D20:E20) -> 0 | I20: =SUM(G20:H20) -> 0 | J20: 1 | L20: =SUM(J20:K20) -> 1 | O20: =SUM(M20:N20) -> 0 | R20: =SUM(P20:Q20) -> 0 | U20: =SUM(S20:T20) -> 0 | X20: =SUM(V20:W20) -> 0 | Z20: =+F20+I20+L20+O20+R20+U20+X20+Y20 -> 1 | AC20: =+AA20+AB20-Z20 -> -1 | AE20: =AC20+AD20 -> -1
B21: 1111069 | C21: ชิฟฟอนแยกชิ้น บลูเบอรี่ | F21: =SUM(D21:E21) -> 0 | I21: =SUM(G21:H21) -> 0 | J21: 1 | L21: =SUM(J21:K21) -> 1 | O21: =SUM(M21:N21) -> 0 | R21: =SUM(P21:Q21) -> 0 | U21: =SUM(S21:T21) -> 0 | X21: =SUM(V21:W21) -> 0 | Z21: =+F21+I21+L21+O21+R21+U21+X21+Y21 -> 1 | AC21: =+AA21+AB21-Z21 -> -1 | AE21: =AC21+AD21 -> -1
B22: 1111070 | C22: ชิฟฟอนแยกชิ้น ทุเรียน | F22: =SUM(D22:E22) -> 0 | I22: =SUM(G22:H22) -> 0 | L22: =SUM(J22:K22) -> 0 | O22: =SUM(M22:N22) -> 0 | R22: =SUM(P22:Q22) -> 0 | U22: =SUM(S22:T22) -> 0 | X22: =SUM(V22:W22) -> 0 | Z22: =+F22+I22+L22+O22+R22+U22+X22+Y22 -> 0 | AC22: =+AA22+AB22-Z22 -> 0 | AE22: =AC22+AD22 -> 0
B23: 1111071 | C23: ชิฟฟอนแยกชิ้น ตาล | F23: =SUM(D23:E23) -> 0 | I23: =SUM(G23:H23) -> 0 | L23: =SUM(J23:K23) -> 0 | O23: =SUM(M23:N23) -> 0 | R23: =SUM(P23:Q23) -> 0 | U23: =SUM(S23:T23) -> 0 | X23: =SUM(V23:W23) -> 0 | Z23: =+F23+I23+L23+O23+R23+U23+X23+Y23 -> 0 | AC23: =+AA23+AB23-Z23 -> 0 | AE23: =AC23+AD23 -> 0
B24: 1111010 | C24: ชิฟฟ่อนเค้กสอดไส้แยม (1 ชิ้น) แยมสับปะรด | F24: =SUM(D24:E24) -> 0 | I24: =SUM(G24:H24) -> 0 | L24: =SUM(J24:K24) -> 0 | O24: =SUM(M24:N24) -> 0 | R24: =SUM(P24:Q24) -> 0 | U24: =SUM(S24:T24) -> 0 | X24: =SUM(V24:W24) -> 0 | Z24: =+F24+I24+L24+O24+R24+U24+X24+Y24 -> 0 | AC24: =+AA24+AB24-Z24 -> 0 | AE24: =AC24+AD24 -> 0
B25: 1111008 | C25: ชิฟฟ่อนเค้ก สอดไส้ (รวมรส 3 ชิ้น) | D25: 4 | F25: =SUM(D25:E25) -> 4 | G25: 3 | H25: 3 | I25: =SUM(G25:H25) -> 6 | L25: =SUM(J25:K25) -> 0 | M25: 37 | N25: 12 | O25: =SUM(M25:N25) -> 49 | R25: =SUM(P25:Q25) -> 0 | U25: =SUM(S25:T25) -> 0 | X25: =SUM(V25:W25) -> 0 | Z25: =+F25+I25+L25+O25+R25+U25+X25+Y25 -> 59 | AA25: 70 | AB25: 3 | AC25: =+AA25+AB25-Z25 -> 14 | AD25: 70 | AE25: =AC25+AD25 -> 84
B26: 1111009 | C26: ชิฟฟ่อนเค้ก สอดไส้ (รวมรส 6 ชิ้น) | D26: 4 | F26: =SUM(D26:E26) -> 4 | G26: 3 | I26: =SUM(G26:H26) -> 3 | L26: =SUM(J26:K26) -> 0 | M26: 3 | O26: =SUM(M26:N26) -> 3 | R26: =SUM(P26:Q26) -> 0 | U26: =SUM(S26:T26) -> 0 | X26: =SUM(V26:W26) -> 0 | Z26: =+F26+I26+L26+O26+R26+U26+X26+Y26 -> 10 | AA26: 50 | AC26: =+AA26+AB26-Z26 -> 40 | AD26: 50 | AE26: =AC26+AD26 -> 90
B27: 1111011 | C27: ชิฟฟ่อนเค้กสอดไส้ นมชมพูฮอกไกโด (3 ชิ้น) | F27: =SUM(D27:E27) -> 0 | I27: =SUM(G27:H27) -> 0 | L27: =SUM(J27:K27) -> 0 | O27: =SUM(M27:N27) -> 0 | R27: =SUM(P27:Q27) -> 0 | U27: =SUM(S27:T27) -> 0 | X27: =SUM(V27:W27) -> 0 | Z27: =+F27+I27+L27+O27+R27+U27+X27+Y27 -> 0 | AC27: =+AA27+AB27-Z27 -> 0 | AE27: =AC27+AD27 -> 0
B28: 1111012 | C28: ชิฟฟ่อนเค้กสอดไส้ นมชมพูฮอกไกโด (6 ชิ้น) | F28: =SUM(D28:E28) -> 0 | I28: =SUM(G28:H28) -> 0 | L28: =SUM(J28:K28) -> 0 | O28: =SUM(M28:N28) -> 0 | R28: =SUM(P28:Q28) -> 0 | U28: =SUM(S28:T28) -> 0 | X28: =SUM(V28:W28) -> 0 | Z28: =+F28+I28+L28+O28+R28+U28+X28+Y28 -> 0 | AC28: =+AA28+AB28-Z28 -> 0 | AE28: =AC28+AD28 -> 0
B29: 1111013 | C29: ชิฟฟ่อนเค้กสอดไส้ ช็อคโกแลตนูเทลล่า (3 ชิ้น) | F29: =SUM(D29:E29) -> 0 | I29: =SUM(G29:H29) -> 0 | L29: =SUM(J29:K29) -> 0 | O29: =SUM(M29:N29) -> 0 | R29: =SUM(P29:Q29) -> 0 | U29: =SUM(S29:T29) -> 0 | X29: =SUM(V29:W29) -> 0 | Z29: =+F29+I29+L29+O29+R29+U29+X29+Y29 -> 0 | AC29: =+AA29+AB29-Z29 -> 0 | AE29: =AC29+AD29 -> 0
B30: 1111014 | C30: ชิฟฟ่อนเค้กสอดไส้ ช็อคโกแลตนูเทลล่า (6 ชิ้น) | F30: =SUM(D30:E30) -> 0 | I30: =SUM(G30:H30) -> 0 | L30: =SUM(J30:K30) -> 0 | O30: =SUM(M30:N30) -> 0 | R30: =SUM(P30:Q30) -> 0 | U30: =SUM(S30:T30) -> 0 | X30: =SUM(V30:W30) -> 0 | Z30: =+F30+I30+L30+O30+R30+U30+X30+Y30 -> 0 | AC30: =+AA30+AB30-Z30 -> 0 | AE30: =AC30+AD30 -> 0
B31: 1111015 | C31: ชิฟฟ่อนเค้กสอดไส้เนย รสมะพร้าว (3 ชิ้น) | F31: =SUM(D31:E31) -> 0 | I31: =SUM(G31:H31) -> 0 | L31: =SUM(J31:K31) -> 0 | O31: =SUM(M31:N31) -> 0 | R31: =SUM(P31:Q31) -> 0 | U31: =SUM(S31:T31) -> 0 | X31: =SUM(V31:W31) -> 0 | Z31: =+F31+I31+L31+O31+R31+U31+X31+Y31 -> 0 | AC31: =+AA31+AB31-Z31 -> 0 | AE31: =AC31+AD31 -> 0
B32: 1111016 | C32: ชิฟฟ่อนเค้กสอดไส้เนย รสมะพร้าว (6 ชิ้น) | F32: =SUM(D32:E32) -> 0 | I32: =SUM(G32:H32) -> 0 | L32: =SUM(J32:K32) -> 0 | O32: =SUM(M32:N32) -> 0 | R32: =SUM(P32:Q32) -> 0 | U32: =SUM(S32:T32) -> 0 | X32: =SUM(V32:W32) -> 0 | Z32: =+F32+I32+L32+O32+R32+U32+X32+Y32 -> 0 | AC32: =+AA32+AB32-Z32 -> 0 | AE32: =AC32+AD32 -> 0
B33: 1111017 | C33: ชิฟฟ่อนเค้กสอดไส้แยม รสบลูเบอร์รี่ (3 ชิ้น) | F33: =SUM(D33:E33) -> 0 | I33: =SUM(G33:H33) -> 0 | L33: =SUM(J33:K33) -> 0 | O33: =SUM(M33:N33) -> 0 | R33: =SUM(P33:Q33) -> 0 | U33: =SUM(S33:T33) -> 0 | X33: =SUM(V33:W33) -> 0 | Z33: =+F33+I33+L33+O33+R33+U33+X33+Y33 -> 0 | AC33: =+AA33+AB33-Z33 -> 0 | AE33: =AC33+AD33 -> 0
B34: 1111018 | C34: ชิฟฟ่อนเค้กสอดไส้แยม รสบลูเบอร์รี่ (6 ชิ้น) | F34: =SUM(D34:E34) -> 0 | I34: =SUM(G34:H34) -> 0 | L34: =SUM(J34:K34) -> 0 | O34: =SUM(M34:N34) -> 0 | R34: =SUM(P34:Q34) -> 0 | U34: =SUM(S34:T34) -> 0 | X34: =SUM(V34:W34) -> 0 | Z34: =+F34+I34+L34+O34+R34+U34+X34+Y34 -> 0 | AC34: =+AA34+AB34-Z34 -> 0 | AE34: =AC34+AD34 -> 0
B35: 1111019 | C35: ชิฟฟ่อนเค้กหน้าฝอยทอง สอดไส้แยมส้ม (3 ชิ้น) | F35: =SUM(D35:E35) -> 0 | I35: =SUM(G35:H35) -> 0 | L35: =SUM(J35:K35) -> 0 | O35: =SUM(M35:N35) -> 0 | R35: =SUM(P35:Q35) -> 0 | U35: =SUM(S35:T35) -> 0 | X35: =SUM(V35:W35) -> 0 | Z35: =+F35+I35+L35+O35+R35+U35+X35+Y35 -> 0 | AC35: =+AA35+AB35-Z35 -> 0 | AE35: =AC35+AD35 -> 0
B36: 1111020 | C36: ชิฟฟ่อนเค้กหน้าฝอยทอง สอดไส้แยมส้ม (6 ชิ้น) | F36: =SUM(D36:E36) -> 0 | I36: =SUM(G36:H36) -> 0 | L36: =SUM(J36:K36) -> 0 | O36: =SUM(M36:N36) -> 0 | R36: =SUM(P36:Q36) -> 0 | U36: =SUM(S36:T36) -> 0 | X36: =SUM(V36:W36) -> 0 | Y36: 12 | Z36: =+F36+I36+L36+O36+R36+U36+X36+Y36 -> 12 | AA36: 12 | AC36: =+AA36+AB36-Z36 -> 0 | AE36: =AC36+AD36 -> 0
B37: 1111022 | C37: ชิฟฟ่อนเค้กสอดไส้แยม รสสตรอว์เบอร์รี (3 ชิ้น) | F37: =SUM(D37:E37) -> 0 | I37: =SUM(G37:H37) -> 0 | L37: =SUM(J37:K37) -> 0 | O37: =SUM(M37:N37) -> 0 | R37: =SUM(P37:Q37) -> 0 | U37: =SUM(S37:T37) -> 0 | X37: =SUM(V37:W37) -> 0 | Z37: =+F37+I37+L37+O37+R37+U37+X37+Y37 -> 0 | AC37: =+AA37+AB37-Z37 -> 0 | AE37: =AC37+AD37 -> 0
B38: 1111023 | C38: ชิฟฟ่อนเค้กสอดไส้แยม รสสตรอว์เบอร์รี (6 ชิ้น) | F38: =SUM(D38:E38) -> 0 | I38: =SUM(G38:H38) -> 0 | L38: =SUM(J38:K38) -> 0 | O38: =SUM(M38:N38) -> 0 | R38: =SUM(P38:Q38) -> 0 | U38: =SUM(S38:T38) -> 0 | X38: =SUM(V38:W38) -> 0 | Z38: =+F38+I38+L38+O38+R38+U38+X38+Y38 -> 0 | AC38: =+AA38+AB38-Z38 -> 0 | AE38: =AC38+AD38 -> 0
B39: 1111024 | C39: ชิฟฟ่อนเค้กสอดไส้แยม รสส้ม (3 ชิ้น) | F39: =SUM(D39:E39) -> 0 | I39: =SUM(G39:H39) -> 0 | L39: =SUM(J39:K39) -> 0 | O39: =SUM(M39:N39) -> 0 | R39: =SUM(P39:Q39) -> 0 | U39: =SUM(S39:T39) -> 0 | X39: =SUM(V39:W39) -> 0 | Z39: =+F39+I39+L39+O39+R39+U39+X39+Y39 -> 0 | AC39: =+AA39+AB39-Z39 -> 0 | AE39: =AC39+AD39 -> 0
B40: 1111025 | C40: ชิฟฟ่อนเค้กสอดไส้แยม รสส้ม (6 ชิ้น) | F40: =SUM(D40:E40) -> 0 | I40: =SUM(G40:H40) -> 0 | L40: =SUM(J40:K40) -> 0 | O40: =SUM(M40:N40) -> 0 | R40: =SUM(P40:Q40) -> 0 | U40: =SUM(S40:T40) -> 0 | X40: =SUM(V40:W40) -> 0 | Z40: =+F40+I40+L40+O40+R40+U40+X40+Y40 -> 0 | AC40: =+AA40+AB40-Z40 -> 0 | AE40: =AC40+AD40 -> 0
B41: 1111056 | C41: ชิฟฟอนรวมรสยอดฮิต 8 ชิ้น | F41: =SUM(D41:E41) -> 0 | G41: 3 | I41: =SUM(G41:H41) -> 3 | L41: =SUM(J41:K41) -> 0 | O41: =SUM(M41:N41) -> 0 | R41: =SUM(P41:Q41) -> 0 | U41: =SUM(S41:T41) -> 0 | X41: =SUM(V41:W41) -> 0 | Z41: =+F41+I41+L41+O41+R41+U41+X41+Y41 -> 3 | AA41: 15 | AC41: =+AA41+AB41-Z41 -> 12 | AD41: 10 | AE41: =AC41+AD41 -> 22
B42: 1111074 | C42: ชิฟฟอนไส้แยมแยกชิ้น มะพร้าว | F42: =SUM(D42:E42) -> 0 | G42: 1 | I42: =SUM(G42:H42) -> 1 | L42: =SUM(J42:K42) -> 0 | O42: =SUM(M42:N42) -> 0 | R42: =SUM(P42:Q42) -> 0 | U42: =SUM(S42:T42) -> 0 | X42: =SUM(V42:W42) -> 0 | Z42: =+F42+I42+L42+O42+R42+U42+X42+Y42 -> 1 | AC42: =+AA42+AB42-Z42 -> -1 | AE42: =AC42+AD42 -> -1
B43: 1111075 | C43: ชิฟฟอนไส้แยมแยกชิ้น สตอเบอรี่ | F43: =SUM(D43:E43) -> 0 | G43: 1 | I43: =SUM(G43:H43) -> 1 | L43: =SUM(J43:K43) -> 0 | O43: =SUM(M43:N43) -> 0 | R43: =SUM(P43:Q43) -> 0 | U43: =SUM(S43:T43) -> 0 | X43: =SUM(V43:W43) -> 0 | Z43: =+F43+I43+L43+O43+R43+U43+X43+Y43 -> 1 | AC43: =+AA43+AB43-Z43 -> -1 | AE43: =AC43+AD43 -> -1
B44: 1111076 | C44: ชิฟฟอนไส้แยมแยกชิ้น ส้ม | F44: =SUM(D44:E44) -> 0 | G44: 1 | I44: =SUM(G44:H44) -> 1 | L44: =SUM(J44:K44) -> 0 | O44: =SUM(M44:N44) -> 0 | R44: =SUM(P44:Q44) -> 0 | U44: =SUM(S44:T44) -> 0 | X44: =SUM(V44:W44) -> 0 | Z44: =+F44+I44+L44+O44+R44+U44+X44+Y44 -> 1 | AC44: =+AA44+AB44-Z44 -> -1 | AE44: =AC44+AD44 -> -1
B45: 1111077 | C45: ชิฟฟอนไส้แยมแยกชิ้น บลูเบอรี่ | F45: =SUM(D45:E45) -> 0 | G45: 1 | I45: =SUM(G45:H45) -> 1 | L45: =SUM(J45:K45) -> 0 | O45: =SUM(M45:N45) -> 0 | R45: =SUM(P45:Q45) -> 0 | U45: =SUM(S45:T45) -> 0 | X45: =SUM(V45:W45) -> 0 | Z45: =+F45+I45+L45+O45+R45+U45+X45+Y45 -> 1 | AC45: =+AA45+AB45-Z45 -> -1 | AE45: =AC45+AD45 -> -1
B46: 1111078 | C46: ชิฟฟอนไส้แยมแยกชิ้น นมชมพู | F46: =SUM(D46:E46) -> 0 | G46: 1 | I46: =SUM(G46:H46) -> 1 | L46: =SUM(J46:K46) -> 0 | O46: =SUM(M46:N46) -> 0 | R46: =SUM(P46:Q46) -> 0 | U46: =SUM(S46:T46) -> 0 | X46: =SUM(V46:W46) -> 0 | Z46: =+F46+I46+L46+O46+R46+U46+X46+Y46 -> 1 | AC46: =+AA46+AB46-Z46 -> -1 | AE46: =AC46+AD46 -> -1
B47: 1111079 | C47: ชิฟฟอนไส้แยมแยกชิ้น ชอคโกแลต | F47: =SUM(D47:E47) -> 0 | G47: 1 | I47: =SUM(G47:H47) -> 1 | L47: =SUM(J47:K47) -> 0 | O47: =SUM(M47:N47) -> 0 | R47: =SUM(P47:Q47) -> 0 | U47: =SUM(S47:T47) -> 0 | X47: =SUM(V47:W47) -> 0 | Z47: =+F47+I47+L47+O47+R47+U47+X47+Y47 -> 1 | AC47: =+AA47+AB47-Z47 -> -1 | AE47: =AC47+AD47 -> -1
B48: 1111080 | C48: ชิฟฟอนไส้แยมแยกชิ้น ฝอยทอง | F48: =SUM(D48:E48) -> 0 | G48: 1 | I48: =SUM(G48:H48) -> 1 | L48: =SUM(J48:K48) -> 0 | O48: =SUM(M48:N48) -> 0 | R48: =SUM(P48:Q48) -> 0 | U48: =SUM(S48:T48) -> 0 | X48: =SUM(V48:W48) -> 0 | Z48: =+F48+I48+L48+O48+R48+U48+X48+Y48 -> 1 | AC48: =+AA48+AB48-Z48 -> -1 | AE48: =AC48+AD48 -> -1
B49: 1111081 | C49: ชิฟฟอนไส้แยมแยกชิ้น วนิลา | F49: =SUM(D49:E49) -> 0 | G49: 1 | I49: =SUM(G49:H49) -> 1 | L49: =SUM(J49:K49) -> 0 | O49: =SUM(M49:N49) -> 0 | R49: =SUM(P49:Q49) -> 0 | U49: =SUM(S49:T49) -> 0 | X49: =SUM(V49:W49) -> 0 | Z49: =+F49+I49+L49+O49+R49+U49+X49+Y49 -> 1 | AC49: =+AA49+AB49-Z49 -> -1 | AE49: =AC49+AD49 -> -1
B50: 1111082 | C50: ชิฟฟอนไส้แยมแยกชิ้น ใบเตย | F50: =SUM(D50:E50) -> 0 | G50: 1 | I50: =SUM(G50:H50) -> 1 | L50: =SUM(J50:K50) -> 0 | O50: =SUM(M50:N50) -> 0 | R50: =SUM(P50:Q50) -> 0 | U50: =SUM(S50:T50) -> 0 | X50: =SUM(V50:W50) -> 0 | Z50: =+F50+I50+L50+O50+R50+U50+X50+Y50 -> 1 | AC50: =+AA50+AB50-Z50 -> -1 | AE50: =AC50+AD50 -> -1
B51: 1111083 | C51: ชิฟฟอนไส้แยมแยกชิ้น เมล่อน | F51: =SUM(D51:E51) -> 0 | G51: 1 | I51: =SUM(G51:H51) -> 1 | L51: =SUM(J51:K51) -> 0 | O51: =SUM(M51:N51) -> 0 | R51: =SUM(P51:Q51) -> 0 | U51: =SUM(S51:T51) -> 0 | X51: =SUM(V51:W51) -> 0 | Z51: =+F51+I51+L51+O51+R51+U51+X51+Y51 -> 1 | AC51: =+AA51+AB51-Z51 -> -1 | AE51: =AC51+AD51 -> -1
B52: 1112002 | C52: เค้กเบาหวิว รสกาแฟ (300 กรัม) | F52: =SUM(D52:E52) -> 0 | I52: =SUM(G52:H52) -> 0 | L52: =SUM(J52:K52) -> 0 | O52: =SUM(M52:N52) -> 0 | R52: =SUM(P52:Q52) -> 0 | U52: =SUM(S52:T52) -> 0 | X52: =SUM(V52:W52) -> 0 | Z52: =+F52+I52+L52+O52+R52+U52+X52+Y52 -> 0 | AC52: =+AA52+AB52-Z52 -> 0 | AE52: =AC52+AD52 -> 0
B53: 1112003 | C53: เค้กเบาหวิว รสกาแฟ (110 กรัม) | D53: 1 | F53: =SUM(D53:E53) -> 1 | I53: =SUM(G53:H53) -> 0 | J53: 1 | L53: =SUM(J53:K53) -> 1 | M53: 36 | N53: 14 | O53: =SUM(M53:N53) -> 50 | R53: =SUM(P53:Q53) -> 0 | U53: =SUM(S53:T53) -> 0 | X53: =SUM(V53:W53) -> 0 | Y53: 10 | Z53: =+F53+I53+L53+O53+R53+U53+X53+Y53 -> 62 | AA53: 75 | AB53: 91 | AC53: =+AA53+AB53-Z53 -> 104 | AD53: 65 | AE53: =AC53+AD53 -> 169
B54: 1112004 | C54: เค้กเบาหวิว รสเนยนม (300 กรัม) | F54: =SUM(D54:E54) -> 0 | I54: =SUM(G54:H54) -> 0 | L54: =SUM(J54:K54) -> 0 | O54: =SUM(M54:N54) -> 0 | R54: =SUM(P54:Q54) -> 0 | U54: =SUM(S54:T54) -> 0 | X54: =SUM(V54:W54) -> 0 | Z54: =+F54+I54+L54+O54+R54+U54+X54+Y54 -> 0 | AC54: =+AA54+AB54-Z54 -> 0 | AE54: =AC54+AD54 -> 0
B55: 1112005 | C55: เค้กเบาหวิว รสเนยนม (110 กรัม) | D55: 2 | F55: =SUM(D55:E55) -> 2 | I55: =SUM(G55:H55) -> 0 | J55: 1 | L55: =SUM(J55:K55) -> 1 | M55: 36 | N55: 14 | O55: =SUM(M55:N55) -> 50 | R55: =SUM(P55:Q55) -> 0 | U55: =SUM(S55:T55) -> 0 | X55: =SUM(V55:W55) -> 0 | Y55: 10 | Z55: =+F55+I55+L55+O55+R55+U55+X55+Y55 -> 63 | AA55: 75 | AB55: 89 | AC55: =+AA55+AB55-Z55 -> 101 | AD55: 65 | AE55: =AC55+AD55 -> 166
B56: 1112008 | C56: เค้กเบาหวิว รสมะพร้าวน้ำหอม (300 กรัม) | F56: =SUM(D56:E56) -> 0 | I56: =SUM(G56:H56) -> 0 | L56: =SUM(J56:K56) -> 0 | O56: =SUM(M56:N56) -> 0 | R56: =SUM(P56:Q56) -> 0 | U56: =SUM(S56:T56) -> 0 | X56: =SUM(V56:W56) -> 0 | Z56: =+F56+I56+L56+O56+R56+U56+X56+Y56 -> 0 | AC56: =+AA56+AB56-Z56 -> 0 | AE56: =AC56+AD56 -> 0
B57: 1112009 | C57: เค้กเบาหวิว รสมะพร้าวน้ำหอม (110 กรัม) | D57: 1 | F57: =SUM(D57:E57) -> 1 | I57: =SUM(G57:H57) -> 0 | J57: 1 | L57: =SUM(J57:K57) -> 1 | M57: 36 | N57: 14 | O57: =SUM(M57:N57) -> 50 | R57: =SUM(P57:Q57) -> 0 | U57: =SUM(S57:T57) -> 0 | X57: =SUM(V57:W57) -> 0 | Y57: 10 | Z57: =+F57+I57+L57+O57+R57+U57+X57+Y57 -> 62 | AA57: 75 | AB57: 88 | AC57: =+AA57+AB57-Z57 -> 101 | AD57: 65 | AE57: =AC57+AD57 -> 166
B58: 1112010 | C58: เค้กเบาหวิว หน้าฝอยทอง (300 กรัม) | F58: =SUM(D58:E58) -> 0 | I58: =SUM(G58:H58) -> 0 | L58: =SUM(J58:K58) -> 0 | O58: =SUM(M58:N58) -> 0 | R58: =SUM(P58:Q58) -> 0 | U58: =SUM(S58:T58) -> 0 | X58: =SUM(V58:W58) -> 0 | Z58: =+F58+I58+L58+O58+R58+U58+X58+Y58 -> 0 | AC58: =+AA58+AB58-Z58 -> 0 | AE58: =AC58+AD58 -> 0
B59: 1112011 | C59: เค้กเบาหวิว หน้าฝอยทอง (110 กรัม) | D59: 1 | F59: =SUM(D59:E59) -> 1 | I59: =SUM(G59:H59) -> 0 | J59: 11 | L59: =SUM(J59:K59) -> 11 | M59: 36 | N59: 14 | O59: =SUM(M59:N59) -> 50 | R59: =SUM(P59:Q59) -> 0 | U59: =SUM(S59:T59) -> 0 | X59: =SUM(V59:W59) -> 0 | Y59: 10 | Z59: =+F59+I59+L59+O59+R59+U59+X59+Y59 -> 72 | AA59: 75 | AB59: 89 | AC59: =+AA59+AB59-Z59 -> 92 | AD59: 65 | AE59: =AC59+AD59 -> 157
B60: 1112012 | C60: เค้กเบาหวิว รสเผือกหน้ามะพร้าวเผา (300 กรัม) | F60: =SUM(D60:E60) -> 0 | I60: =SUM(G60:H60) -> 0 | L60: =SUM(J60:K60) -> 0 | O60: =SUM(M60:N60) -> 0 | R60: =SUM(P60:Q60) -> 0 | U60: =SUM(S60:T60) -> 0 | X60: =SUM(V60:W60) -> 0 | Z60: =+F60+I60+L60+O60+R60+U60+X60+Y60 -> 0 | AC60: =+AA60+AB60-Z60 -> 0 | AE60: =AC60+AD60 -> 0
B61: 1112013 | C61: เค้กเบาหวิว รสเผือกหน้ามะพร้าวเผา (110 กรัม) | D61: 2 | F61: =SUM(D61:E61) -> 2 | I61: =SUM(G61:H61) -> 0 | J61: 9 | L61: =SUM(J61:K61) -> 9 | M61: 36 | N61: 14 | O61: =SUM(M61:N61) -> 50 | R61: =SUM(P61:Q61) -> 0 | U61: =SUM(S61:T61) -> 0 | X61: =SUM(V61:W61) -> 0 | Y61: 10 | Z61: =+F61+I61+L61+O61+R61+U61+X61+Y61 -> 71 | AA61: 75 | AB61: 90 | AC61: =+AA61+AB61-Z61 -> 94 | AD61: 65 | AE61: =AC61+AD61 -> 159
B62: 1112014 | C62: เค้กเบาหวิว รสกล้วยหอมหน้ามะพร้าวเผา (300 กรัม) | F62: =SUM(D62:E62) -> 0 | I62: =SUM(G62:H62) -> 0 | L62: =SUM(J62:K62) -> 0 | O62: =SUM(M62:N62) -> 0 | R62: =SUM(P62:Q62) -> 0 | U62: =SUM(S62:T62) -> 0 | X62: =SUM(V62:W62) -> 0 | Z62: =+F62+I62+L62+O62+R62+U62+X62+Y62 -> 0 | AC62: =+AA62+AB62-Z62 -> 0 | AE62: =AC62+AD62 -> 0
B63: 1112015 | C63: เค้กเบาหวิว รสกล้วยหอมหน้ามะพร้าวเผา (110 กรัม) | D63: 2 | F63: =SUM(D63:E63) -> 2 | I63: =SUM(G63:H63) -> 0 | J63: 1 | L63: =SUM(J63:K63) -> 1 | M63: 36 | N63: 14 | O63: =SUM(M63:N63) -> 50 | R63: =SUM(P63:Q63) -> 0 | U63: =SUM(S63:T63) -> 0 | X63: =SUM(V63:W63) -> 0 | Y63: 10 | Z63: =+F63+I63+L63+O63+R63+U63+X63+Y63 -> 63 | AA63: 75 | AB63: 92 | AC63: =+AA63+AB63-Z63 -> 104 | AD63: 65 | AE63: =AC63+AD63 -> 169
B64: 1112017 | C64: เค้กเบาหวิว รสตาลหอม (110 กรัม) | F64: =SUM(D64:E64) -> 0 | I64: =SUM(G64:H64) -> 0 | L64: =SUM(J64:K64) -> 0 | O64: =SUM(M64:N64) -> 0 | R64: =SUM(P64:Q64) -> 0 | U64: =SUM(S64:T64) -> 0 | X64: =SUM(V64:W64) -> 0 | Z64: =+F64+I64+L64+O64+R64+U64+X64+Y64 -> 0 | AC64: =+AA64+AB64-Z64 -> 0 | AE64: =AC64+AD64 -> 0
B65: 1100003 | C65: เมอร์แรงค์ (กระปุก) | F65: =SUM(D65:E65) -> 0 | I65: =SUM(G65:H65) -> 0 | L65: =SUM(J65:K65) -> 0 | O65: =SUM(M65:N65) -> 0 | R65: =SUM(P65:Q65) -> 0 | U65: =SUM(S65:T65) -> 0 | X65: =SUM(V65:W65) -> 0 | Z65: =+F65+I65+L65+O65+R65+U65+X65+Y65 -> 0 | AC65: =+AA65+AB65-Z65 -> 0 | AE65: =AC65+AD65 -> 0
B66: 20039042 | C66: ขนมปังเนยนิ่ม 3 ชิ้น | F66: =SUM(D66:E66) -> 0 | I66: =SUM(G66:H66) -> 0 | L66: =SUM(J66:K66) -> 0 | O66: =SUM(M66:N66) -> 0 | R66: =SUM(P66:Q66) -> 0 | U66: =SUM(S66:T66) -> 0 | X66: =SUM(V66:W66) -> 0 | Z66: =+F66+I66+L66+O66+R66+U66+X66+Y66 -> 0 | AC66: =+AA66+AB66-Z66 -> 0 | AE66: =AC66+AD66 -> 0
B67: 1114501 | C67: ครีมฮอร์นวนิลา เนยสด | D67: 1 | F67: =SUM(D67:E67) -> 1 | G67: 13 | I67: =SUM(G67:H67) -> 13 | J67: 5 | L67: =SUM(J67:K67) -> 5 | M67: 169 | N67: 58 | O67: =SUM(M67:N67) -> 227 | R67: =SUM(P67:Q67) -> 0 | U67: =SUM(S67:T67) -> 0 | X67: =SUM(V67:W67) -> 0 | Z67: =+F67+I67+L67+O67+R67+U67+X67+Y67 -> 246 | AA67: 252 | AB67: 42 | AC67: =+AA67+AB67-Z67 -> 48 | AD67: 250 | AE67: =AC67+AD67 -> 298
B68: 1114502 | C68: ครีมฮอร์นใบเตย เนยสด | D68: 1 | F68: =SUM(D68:E68) -> 1 | I68: =SUM(G68:H68) -> 0 | J68: 5 | L68: =SUM(J68:K68) -> 5 | M68: 172 | N68: 58 | O68: =SUM(M68:N68) -> 230 | R68: =SUM(P68:Q68) -> 0 | U68: =SUM(S68:T68) -> 0 | X68: =SUM(V68:W68) -> 0 | Z68: =+F68+I68+L68+O68+R68+U68+X68+Y68 -> 236 | AA68: 201 | AB68: 2 | AC68: =+AA68+AB68-Z68 -> -33 | AD68: 200 | AE68: =AC68+AD68 -> 167
B69: 1114503 | C69: ครีมฮอร์นช็อคโกแลต เนยสด | D69: 1 | F69: =SUM(D69:E69) -> 1 | I69: =SUM(G69:H69) -> 0 | J69: 4 | L69: =SUM(J69:K69) -> 4 | M69: 169 | N69: 58 | O69: =SUM(M69:N69) -> 227 | R69: =SUM(P69:Q69) -> 0 | U69: =SUM(S69:T69) -> 0 | X69: =SUM(V69:W69) -> 0 | Z69: =+F69+I69+L69+O69+R69+U69+X69+Y69 -> 232 | AA69: 210 | AB69: 30 | AC69: =+AA69+AB69-Z69 -> 8 | AD69: 200 | AE69: =AC69+AD69 -> 208
B70: 1124021 | C70: ขนมปังแถว 430 g | F70: =SUM(D70:E70) -> 0 | I70: =SUM(G70:H70) -> 0 | L70: =SUM(J70:K70) -> 0 | O70: =SUM(M70:N70) -> 0 | R70: =SUM(P70:Q70) -> 0 | U70: =SUM(S70:T70) -> 0 | X70: =SUM(V70:W70) -> 0 | Z70: =+F70+I70+L70+O70+R70+U70+X70+Y70 -> 0 | AC70: =+AA70+AB70-Z70 -> 0 | AE70: =AC70+AD70 -> 0
B71: 1005761 | C71: ขนมปังกรอบคาราเมล | F71: =SUM(D71:E71) -> 0 | I71: =SUM(G71:H71) -> 0 | L71: =SUM(J71:K71) -> 0 | O71: =SUM(M71:N71) -> 0 | R71: =SUM(P71:Q71) -> 0 | U71: =SUM(S71:T71) -> 0 | X71: =SUM(V71:W71) -> 0 | Z71: =+F71+I71+L71+O71+R71+U71+X71+Y71 -> 0 | AC71: =+AA71+AB71-Z71 -> 0 | AE71: =AC71+AD71 -> 0
B72: 1100001 | C72: พายสัปปะรด (1 ชิ้น) | F72: =SUM(D72:E72) -> 0 | I72: =SUM(G72:H72) -> 0 | L72: =SUM(J72:K72) -> 0 | O72: =SUM(M72:N72) -> 0 | R72: =SUM(P72:Q72) -> 0 | U72: =SUM(S72:T72) -> 0 | X72: =SUM(V72:W72) -> 0 | Z72: =+F72+I72+L72+O72+R72+U72+X72+Y72 -> 0 | AC72: =+AA72+AB72-Z72 -> 0 | AE72: =AC72+AD72 -> 0
B73: 1100002 | C73: พายสัปปะรด (1 กล่อง) | F73: =SUM(D73:E73) -> 0 | I73: =SUM(G73:H73) -> 0 | L73: =SUM(J73:K73) -> 0 | O73: =SUM(M73:N73) -> 0 | R73: =SUM(P73:Q73) -> 0 | U73: =SUM(S73:T73) -> 0 | X73: =SUM(V73:W73) -> 0 | Z73: =+F73+I73+L73+O73+R73+U73+X73+Y73 -> 0 | AC73: =+AA73+AB73-Z73 -> 0 | AE73: =AC73+AD73 -> 0
B74: 20052721 | C74: วรรณวนัชแซนวิซโบราณ 70g | F74: =SUM(D74:E74) -> 0 | I74: =SUM(G74:H74) -> 0 | L74: =SUM(J74:K74) -> 0 | O74: =SUM(M74:N74) -> 0 | R74: =SUM(P74:Q74) -> 0 | U74: =SUM(S74:T74) -> 0 | X74: =SUM(V74:W74) -> 0 | Z74: =+F74+I74+L74+O74+R74+U74+X74+Y74 -> 0 | AC74: =+AA74+AB74-Z74 -> 0 | AE74: =AC74+AD74 -> 0
B75: 1113170 | C75: ขนมเปี๊ยะถั่วฝอยทองไข่เค็ม 450 กรัม | D75: 7 | F75: =SUM(D75:E75) -> 7 | I75: =SUM(G75:H75) -> 0 | J75: 1 | L75: =SUM(J75:K75) -> 1 | M75: 2 | O75: =SUM(M75:N75) -> 2 | R75: =SUM(P75:Q75) -> 0 | U75: =SUM(S75:T75) -> 0 | X75: =SUM(V75:W75) -> 0 | Z75: =+F75+I75+L75+O75+R75+U75+X75+Y75 -> 10 | AA75: 30 | AC75: =+AA75+AB75-Z75 -> 20 | AE75: =AC75+AD75 -> 20
B76: 1113171 | C76: ขนมเปี๊ยะฟักถั่วไข่เค็ม 450 กรัม | D76: 3 | F76: =SUM(D76:E76) -> 3 | I76: =SUM(G76:H76) -> 0 | L76: =SUM(J76:K76) -> 0 | M76: 2 | O76: =SUM(M76:N76) -> 2 | R76: =SUM(P76:Q76) -> 0 | U76: =SUM(S76:T76) -> 0 | X76: =SUM(V76:W76) -> 0 | Z76: =+F76+I76+L76+O76+R76+U76+X76+Y76 -> 5 | AA76: 30 | AC76: =+AA76+AB76-Z76 -> 25 | AE76: =AC76+AD76 -> 25
B77: 1113172 | C77: ขนมเปี๊ยะเผือกฝอยทองไข่เค็ม 450 กรัม | D77: 5 | F77: =SUM(D77:E77) -> 5 | I77: =SUM(G77:H77) -> 0 | L77: =SUM(J77:K77) -> 0 | M77: 2 | O77: =SUM(M77:N77) -> 2 | R77: =SUM(P77:Q77) -> 0 | U77: =SUM(S77:T77) -> 0 | X77: =SUM(V77:W77) -> 0 | Z77: =+F77+I77+L77+O77+R77+U77+X77+Y77 -> 7 | AA77: 30 | AC77: =+AA77+AB77-Z77 -> 23 | AE77: =AC77+AD77 -> 23
B78: 1113173 | C78: ขนมเปี๊ยะงาดำฝอยทองไข่เค็ม 450 กรัม | D78: 4 | F78: =SUM(D78:E78) -> 4 | I78: =SUM(G78:H78) -> 0 | J78: 1 | L78: =SUM(J78:K78) -> 1 | M78: 2 | O78: =SUM(M78:N78) -> 2 | R78: =SUM(P78:Q78) -> 0 | U78: =SUM(S78:T78) -> 0 | X78: =SUM(V78:W78) -> 0 | Z78: =+F78+I78+L78+O78+R78+U78+X78+Y78 -> 7 | AA78: 20 | AC78: =+AA78+AB78-Z78 -> 13 | AE78: =AC78+AD78 -> 13
B79: 1200001 | C79: คอร์นเฟล็ค | F79: =SUM(D79:E79) -> 0 | I79: =SUM(G79:H79) -> 0 | L79: =SUM(J79:K79) -> 0 | O79: =SUM(M79:N79) -> 0 | R79: =SUM(P79:Q79) -> 0 | U79: =SUM(S79:T79) -> 0 | X79: =SUM(V79:W79) -> 0 | Z79: =+F79+I79+L79+O79+R79+U79+X79+Y79 -> 0 | AC79: =+AA79+AB79-Z79 -> 0 | AE79: =AC79+AD79 -> 0
B80: 1200002 | C80: ท๊อฟฟี่ถั่ว (กล่อง) | F80: =SUM(D80:E80) -> 0 | I80: =SUM(G80:H80) -> 0 | L80: =SUM(J80:K80) -> 0 | N80: 3 | O80: =SUM(M80:N80) -> 3 | R80: =SUM(P80:Q80) -> 0 | U80: =SUM(S80:T80) -> 0 | X80: =SUM(V80:W80) -> 0 | Z80: =+F80+I80+L80+O80+R80+U80+X80+Y80 -> 3 | AB80: 3 | AC80: =+AA80+AB80-Z80 -> 0 | AE80: =AC80+AD80 -> 0
B81: 20054646 | C81: ปังพิซซ่า | F81: =SUM(D81:E81) -> 0 | I81: =SUM(G81:H81) -> 0 | L81: =SUM(J81:K81) -> 0 | O81: =SUM(M81:N81) -> 0 | R81: =SUM(P81:Q81) -> 0 | U81: =SUM(S81:T81) -> 0 | X81: =SUM(V81:W81) -> 0 | Z81: =+F81+I81+L81+O81+R81+U81+X81+Y81 -> 0 | AB81: 2 | AC81: =+AA81+AB81-Z81 -> 2 | AE81: =AC81+AD81 -> 2
B82: 300 | C82: เศษขนมปังปลา 5กก. | F82: =SUM(D82:E82) -> 0 | G82: 1 | I82: =SUM(G82:H82) -> 1 | L82: =SUM(J82:K82) -> 0 | O82: =SUM(M82:N82) -> 0 | R82: =SUM(P82:Q82) -> 0 | U82: =SUM(S82:T82) -> 0 | X82: =SUM(V82:W82) -> 0 | Z82: =+F82+I82+L82+O82+R82+U82+X82+Y82 -> 1 | AC82: =+AA82+AB82-Z82 -> -1 | AE82: =AC82+AD82 -> -1
B83: 200 | C83: เศษขนมปังปลา 1 กก. | F83: =SUM(D83:E83) -> 0 | G83: 3 | H83: 3 | I83: =SUM(G83:H83) -> 6 | L83: =SUM(J83:K83) -> 0 | O83: =SUM(M83:N83) -> 0 | R83: =SUM(P83:Q83) -> 0 | U83: =SUM(S83:T83) -> 0 | X83: =SUM(V83:W83) -> 0 | Y83: 20 | Z83: =+F83+I83+L83+O83+R83+U83+X83+Y83 -> 26 | AC83: =+AA83+AB83-Z83 -> -26 | AE83: =AC83+AD83 -> -26
B84: 1111087 | C84: ชิฟฟอน 8 ชิ้น สตอเบอรี่ล้วน | F84: =SUM(D84:E84) -> 0 | I84: =SUM(G84:H84) -> 0 | L84: =SUM(J84:K84) -> 0 | O84: =SUM(M84:N84) -> 0 | R84: =SUM(P84:Q84) -> 0 | U84: =SUM(S84:T84) -> 0 | X84: =SUM(V84:W84) -> 0 | Z84: =+F84+I84+L84+O84+R84+U84+X84+Y84 -> 0 | AC84: =+AA84+AB84-Z84 -> 0 | AE84: =AC84+AD84 -> 0
C85: ชิฟฟอน 4 ชิ้น มะพร้าวล้วน | F85: =SUM(D85:E85) -> 0 | I85: =SUM(G85:H85) -> 0 | L85: =SUM(J85:K85) -> 0 | O85: =SUM(M85:N85) -> 0 | R85: =SUM(P85:Q85) -> 0 | U85: =SUM(S85:T85) -> 0 | X85: =SUM(V85:W85) -> 0 | Z85: =+F85+I85+L85+O85+R85+U85+X85+Y85 -> 0 | AC85: =+AA85+AB85-Z85 -> 0 | AE85: =AC85+AD85 -> 0
C86: ชิฟฟอน 4 ชิ้น กาแฟล้วน | F86: =SUM(D86:E86) -> 0 | I86: =SUM(G86:H86) -> 0 | L86: =SUM(J86:K86) -> 0 | O86: =SUM(M86:N86) -> 0 | R86: =SUM(P86:Q86) -> 0 | U86: =SUM(S86:T86) -> 0 | X86: =SUM(V86:W86) -> 0 | Z86: =+F86+I86+L86+O86+R86+U86+X86+Y86 -> 0 | AC86: =+AA86+AB86-Z86 -> 0 | AE86: =AC86+AD86 -> 0
C87: ชิฟฟอน 4 ชิ้น ชาเขียวล้วน | F87: =SUM(D87:E87) -> 0 | I87: =SUM(G87:H87) -> 0 | L87: =SUM(J87:K87) -> 0 | O87: =SUM(M87:N87) -> 0 | R87: =SUM(P87:Q87) -> 0 | U87: =SUM(S87:T87) -> 0 | X87: =SUM(V87:W87) -> 0 | Z87: =+F87+I87+L87+O87+R87+U87+X87+Y87 -> 0 | AC87: =+AA87+AB87-Z87 -> 0 | AE87: =AC87+AD87 -> 0
C88: ชิฟฟอน 4 ชิ้น ใบเตยล้วน | F88: =SUM(D88:E88) -> 0 | I88: =SUM(G88:H88) -> 0 | L88: =SUM(J88:K88) -> 0 | O88: =SUM(M88:N88) -> 0 | R88: =SUM(P88:Q88) -> 0 | U88: =SUM(S88:T88) -> 0 | X88: =SUM(V88:W88) -> 0 | Z88: =+F88+I88+L88+O88+R88+U88+X88+Y88 -> 0 | AC88: =+AA88+AB88-Z88 -> 0 | AE88: =AC88+AD88 -> 0
B89: 1111092 | C89: ชิฟฟอน 8 ชิ้น กล้วยหอม | F89: =SUM(D89:E89) -> 0 | I89: =SUM(G89:H89) -> 0 | L89: =SUM(J89:K89) -> 0 | O89: =SUM(M89:N89) -> 0 | R89: =SUM(P89:Q89) -> 0 | U89: =SUM(S89:T89) -> 0 | X89: =SUM(V89:W89) -> 0 | Z89: =+F89+I89+L89+O89+R89+U89+X89+Y89 -> 0 | AC89: =+AA89+AB89-Z89 -> 0 | AE89: =AC89+AD89 -> 0
B90: 1111093 | C90: ชิฟฟอน 8 ชิ้น โกโก้ล้วน | F90: =SUM(D90:E90) -> 0 | I90: =SUM(G90:H90) -> 0 | L90: =SUM(J90:K90) -> 0 | O90: =SUM(M90:N90) -> 0 | R90: =SUM(P90:Q90) -> 0 | U90: =SUM(S90:T90) -> 0 | X90: =SUM(V90:W90) -> 0 | Z90: =+F90+I90+L90+O90+R90+U90+X90+Y90 -> 0 | AC90: =+AA90+AB90-Z90 -> 0 | AE90: =AC90+AD90 -> 0
B91: 1111088 | C91: ชิฟฟอน 8 ชิ้น ส้มล้วน | F91: =SUM(D91:E91) -> 0 | I91: =SUM(G91:H91) -> 0 | L91: =SUM(J91:K91) -> 0 | O91: =SUM(M91:N91) -> 0 | R91: =SUM(P91:Q91) -> 0 | U91: =SUM(S91:T91) -> 0 | X91: =SUM(V91:W91) -> 0 | Z91: =+F91+I91+L91+O91+R91+U91+X91+Y91 -> 0 | AC91: =+AA91+AB91-Z91 -> 0 | AE91: =AC91+AD91 -> 0
B92: 1111089 | C92: ชิฟฟอน 8 ชิ้น เนยล้วน | F92: =SUM(D92:E92) -> 0 | I92: =SUM(G92:H92) -> 0 | L92: =SUM(J92:K92) -> 0 | O92: =SUM(M92:N92) -> 0 | R92: =SUM(P92:Q92) -> 0 | U92: =SUM(S92:T92) -> 0 | X92: =SUM(V92:W92) -> 0 | Z92: =+F92+I92+L92+O92+R92+U92+X92+Y92 -> 0 | AC92: =+AA92+AB92-Z92 -> 0 | AE92: =AC92+AD92 -> 0
B93: 1111094 | C93: ชิฟฟอน 8 ชิ้น ชาไทยล้วน | F93: =SUM(D93:E93) -> 0 | I93: =SUM(G93:H93) -> 0 | L93: =SUM(J93:K93) -> 0 | O93: =SUM(M93:N93) -> 0 | R93: =SUM(P93:Q93) -> 0 | U93: =SUM(S93:T93) -> 0 | X93: =SUM(V93:W93) -> 0 | Z93: =+F93+I93+L93+O93+R93+U93+X93+Y93 -> 0 | AC93: =+AA93+AB93-Z93 -> 0 | AE93: =AC93+AD93 -> 0
B94: 1111095 | C94: ชิฟฟอน 8 ชิ้น ชาเขียวล้วน | F94: =SUM(D94:E94) -> 0 | I94: =SUM(G94:H94) -> 0 | L94: =SUM(J94:K94) -> 0 | O94: =SUM(M94:N94) -> 0 | R94: =SUM(P94:Q94) -> 0 | U94: =SUM(S94:T94) -> 0 | X94: =SUM(V94:W94) -> 0 | Z94: =+F94+I94+L94+O94+R94+U94+X94+Y94 -> 0 | AC94: =+AA94+AB94-Z94 -> 0 | AE94: =AC94+AD94 -> 0
B95: 1111091 | C95: ชิฟฟอน 8 ชิ้น ใบเตยล้วน | F95: =SUM(D95:E95) -> 0 | I95: =SUM(G95:H95) -> 0 | L95: =SUM(J95:K95) -> 0 | O95: =SUM(M95:N95) -> 0 | R95: =SUM(P95:Q95) -> 0 | U95: =SUM(S95:T95) -> 0 | X95: =SUM(V95:W95) -> 0 | Z95: =+F95+I95+L95+O95+R95+U95+X95+Y95 -> 0 | AC95: =+AA95+AB95-Z95 -> 0 | AE95: =AC95+AD95 -> 0
B96: 1111086 | C96: ชิฟฟอน 8 ชิ้น มะพร้าวล้วน | F96: =SUM(D96:E96) -> 0 | I96: =SUM(G96:H96) -> 0 | L96: =SUM(J96:K96) -> 0 | O96: =SUM(M96:N96) -> 0 | R96: =SUM(P96:Q96) -> 0 | U96: =SUM(S96:T96) -> 0 | X96: =SUM(V96:W96) -> 0 | Z96: =+F96+I96+L96+O96+R96+U96+X96+Y96 -> 0 | AC96: =+AA96+AB96-Z96 -> 0 | AE96: =AC96+AD96 -> 0
B97: 20059548 | C97: มินบันไก่หยอง | F97: =SUM(D97:E97) -> 0 | I97: =SUM(G97:H97) -> 0 | L97: =SUM(J97:K97) -> 0 | O97: =SUM(M97:N97) -> 0 | R97: =SUM(P97:Q97) -> 0 | U97: =SUM(S97:T97) -> 0 | X97: =SUM(V97:W97) -> 0 | Z97: =+F97+I97+L97+O97+R97+U97+X97+Y97 -> 0 | AC97: =+AA97+AB97-Z97 -> 0 | AE97: =AC97+AD97 -> 0
B98: 1100044 | C98: หมี่กรอบโบราณ | F98: =SUM(D98:E98) -> 0 | I98: =SUM(G98:H98) -> 0 | L98: =SUM(J98:K98) -> 0 | O98: =SUM(M98:N98) -> 0 | R98: =SUM(P98:Q98) -> 0 | U98: =SUM(S98:T98) -> 0 | X98: =SUM(V98:W98) -> 0 | Z98: =+F98+I98+L98+O98+R98+U98+X98+Y98 -> 0 | AC98: =+AA98+AB98-Z98 -> 0 | AE98: =AC98+AD98 -> 0
B99: 1100045 | C99: ชิฟฟ่อนขนุน | F99: =SUM(D99:E99) -> 0 | I99: =SUM(G99:H99) -> 0 | L99: =SUM(J99:K99) -> 0 | O99: =SUM(M99:N99) -> 0 | R99: =SUM(P99:Q99) -> 0 | U99: =SUM(S99:T99) -> 0 | X99: =SUM(V99:W99) -> 0 | Z99: =+F99+I99+L99+O99+R99+U99+X99+Y99 -> 0 | AC99: =+AA99+AB99-Z99 -> 0 | AE99: =AC99+AD99 -> 0
B100: 1004062 | C100: เค้กลาวา ฝอยทองทูโทน (เล็ก) | F100: =SUM(D100:E100) -> 0 | I100: =SUM(G100:H100) -> 0 | L100: =SUM(J100:K100) -> 0 | O100: =SUM(M100:N100) -> 0 | R100: =SUM(P100:Q100) -> 0 | U100: =SUM(S100:T100) -> 0 | X100: =SUM(V100:W100) -> 0 | Y100: 5 | Z100: =+F100+I100+L100+O100+R100+U100+X100+Y100 -> 5 | AA100: 5 | AC100: =+AA100+AB100-Z100 -> 0 | AE100: =AC100+AD100 -> 0
...

Sheet 06.10.68
B1: ยอดจริง ออนไลน์ วันที่ 06/10/2568
B2: รหัสสินค้า | C2: สินค้า | D2: ปณ | G2: ชอปปี้ | J2: ลาซาด้า | M2: ติ๊กตอก | P2: ติ๊กตอก2 | S2: ติ๊กตอก3 | V2: ชอยส์ | Y2: ยอดเส้น | Z2: ยอดรวมผลิต(กล่อง) | AA2: ยอดForcast | AB2: ยอดStock | AC2: ยอดMemo | AD2: ยอดForcastวันพรุ่งนี้ | AE2: สินค้าที่ขายได้
D3: เช้า | E3: บ่าย | F3: รวม | G3: เช้า | H3: บ่าย | I3: รวม | J3: เช้า | K3: บ่าย | L3: รวม | M3: เช้า | N3: บ่าย | O3: รวม | P3: เช้า | Q3: บ่าย | R3: รวม | S3: เช้า | T3: บ่าย | U3: รวม | V3: เช้า | W3: บ่าย | X3: รวม
B4: 1004055 | C4: ชิฟฟ่อนเค้ก วรรณวนัช (รวมรส 4 ชิ้น) | D4: 1 | E4: 2 | F4: =SUM(D4:E4) -> 3 | H4: 3 | I4: =SUM(G4:H4) -> 3 | L4: =SUM(J4:K4) -> 0 | M4: 42 | N4: 21 | O4: =SUM(M4:N4) -> 63 | P4: 9 | R4: =SUM(P4:Q4) -> 9 | U4: =SUM(S4:T4) -> 0 | X4: =SUM(V4:W4) -> 0 | Z4: =+F4+I4+L4+O4+R4+U4+X4+Y4 -> 78 | AA4: 90 | AB4: 37 | AC4: =+AA4+AB4-Z4 -> 49 | AD4: 90 | AE4: =AC4+AD4 -> 139
B5: 1111002 | C5: ชิฟฟ่อนเค้ก วรรณวนัช (รวมรส 8 ชิ้น) | D5: 1 | E5: 2 | F5: =SUM(D5:E5) -> 3 | G5: 41 | H5: 8 | I5: =SUM(G5:H5) -> 49 | J5: 13 | K5: 7 | L5: =SUM(J5:K5) -> 20 | M5: 6 | N5: 16 | O5: =SUM(M5:N5) -> 22 | R5: =SUM(P5:Q5) -> 0 | U5: =SUM(S5:T5) -> 0 | X5: =SUM(V5:W5) -> 0 | Z5: =+F5+I5+L5+O5+R5+U5+X5+Y5 -> 94 | AA5: 130 | AB5: 181 | AC5: =+AA5+AB5-Z5 -> 217 | AD5: 130 | AE5: =AC5+AD5 -> 347
B6: 1111055 | C6: วรรณวนัช ชิฟฟ่อนรวมรส 8 ชิ้น | F6: =SUM(D6:E6) -> 0 | I6: =SUM(G6:H6) -> 0 | L6: =SUM(J6:K6) -> 0 | O6: =SUM(M6:N6) -> 0 | R6: =SUM(P6:Q6) -> 0 | U6: =SUM(S6:T6) -> 0 | X6: =SUM(V6:W6) -> 0 | Z6: =+F6+I6+L6+O6+R6+U6+X6+Y6 -> 0 | AC6: =+AA6+AB6-Z6 -> 0 | AE6: =AC6+AD6 -> 0
B7: 1111084 | C7: ชิฟฟ่อนเค้ก รสกาแฟ (8 ชิ้น) | F7: =SUM(D7:E7) -> 0 | I7: =SUM(G7:H7) -> 0 | L7: =SUM(J7:K7) -> 0 | O7: =SUM(M7:N7) -> 0 | R7: =SUM(P7:Q7) -> 0 | U7: =SUM(S7:T7) -> 0 | X7: =SUM(V7:W7) -> 0 | Z7: =+F7+I7+L7+O7+R7+U7+X7+Y7 -> 0 | AC7: =+AA7+AB7-Z7 -> 0 | AE7: =AC7+AD7 -> 0
B8: 1111043 | C8: ชิฟฟอนรสมะลิ 8 ชิ้น ห่อ ซีน | F8: =SUM(D8:E8) -> 0 | I8: =SUM(G8:H8) -> 0 | L8: =SUM(J8:K8) -> 0 | O8: =SUM(M8:N8) -> 0 | R8: =SUM(P8:Q8) -> 0 | U8: =SUM(S8:T8) -> 0 | X8: =SUM(V8:W8) -> 0 | Z8: =+F8+I8+L8+O8+R8+U8+X8+Y8 -> 0 | AC8: =+AA8+AB8-Z8 -> 0 | AE8: =AC8+AD8 -> 0
B9: 1111057 | C9: ชิฟฟอนแยกชิ้น กาแฟ | F9: =SUM(D9:E9) -> 0 | G9: 44 | H9: 36 | I9: =SUM(G9:H9) -> 80 | L9: =SUM(J9:K9) -> 0 | O9: =SUM(M9:N9) -> 0 | R9: =SUM(P9:Q9) -> 0 | U9: =SUM(S9:T9) -> 0 | X9: =SUM(V9:W9) -> 0 | Z9: =+F9+I9+L9+O9+R9+U9+X9+Y9 -> 80 | AC9: =+AA9+AB9-Z9 -> -80 | AE9: =AC9+AD9 -> -80
B10: 1111058 | C10: ชิฟฟอนแยกชิ้น มะลิ | F10: =SUM(D10:E10) -> 0 | I10: =SUM(G10:H10) -> 0 | L10: =SUM(J10:K10) -> 0 | O10: =SUM(M10:N10) -> 0 | R10: =SUM(P10:Q10) -> 0 | U10: =SUM(S10:T10) -> 0 | X10: =SUM(V10:W10) -> 0 | Z10: =+F10+I10+L10+O10+R10+U10+X10+Y10 -> 0 | AC10: =+AA10+AB10-Z10 -> 0 | AE10: =AC10+AD10 -> 0
B11: 1111059 | C11: ชิฟฟอนแยกชิ้น ใบเตย | F11: =SUM(D11:E11) -> 0 | G11: 44 | H11: 36 | I11: =SUM(G11:H11) -> 80 | L11: =SUM(J11:K11) -> 0 | O11: =SUM(M11:N11) -> 0 | R11: =SUM(P11:Q11) -> 0 | U11: =SUM(S11:T11) -> 0 | X11: =SUM(V11:W11) -> 0 | Z11: =+F11+I11+L11+O11+R11+U11+X11+Y11 -> 80 | AC11: =+AA11+AB11-Z11 -> -80 | AE11: =AC11+AD11 -> -80
B12: 1111060 | C12: ชิฟฟอนแยกชิ้น กล้วยหอม | F12: =SUM(D12:E12) -> 0 | G12: 44 | H12: 36 | I12: =SUM(G12:H12) -> 80 | L12: =SUM(J12:K12) -> 0 | O12: =SUM(M12:N12) -> 0 | R12: =SUM(P12:Q12) -> 0 | U12: =SUM(S12:T12) -> 0 | X12: =SUM(V12:W12) -> 0 | Z12: =+F12+I12+L12+O12+R12+U12+X12+Y12 -> 80 | AC12: =+AA12+AB12-Z12 -> -80 | AE12: =AC12+AD12 -> -80
B13: 1111061 | C13: ชิฟฟอนแยกชิ้น ชาไทย | F13: =SUM(D13:E13) -> 0 | G13: 44 | H13: 36 | I13: =SUM(G13:H13) -> 80 | L13: =SUM(J13:K13) -> 0 | O13: =SUM(M13:N13) -> 0 | R13: =SUM(P13:Q13) -> 0 | U13: =SUM(S13:T13) -> 0 | X13: =SUM(V13:W13) -> 0 | Z13: =+F13+I13+L13+O13+R13+U13+X13+Y13 -> 80 | AC13: =+AA13+AB13-Z13 -> -80 | AE13: =AC13+AD13 -> -80
B14: 1111062 | C14: ชิฟฟอนแยกชิ้น โกโก้ | F14: =SUM(D14:E14) -> 0 | G14: 44 | H14: 36 | I14: =SUM(G14:H14) -> 80 | L14: =SUM(J14:K14) -> 0 | O14: =SUM(M14:N14) -> 0 | R14: =SUM(P14:Q14) -> 0 | U14: =SUM(S14:T14) -> 0 | X14: =SUM(V14:W14) -> 0 | Z14: =+F14+I14+L14+O14+R14+U14+X14+Y14 -> 80 | AC14: =+AA14+AB14-Z14 -> -80 | AE14: =AC14+AD14 -> -80
B15: 1111063 | C15: ชิฟฟอนแยกชิ้น ส้ม | F15: =SUM(D15:E15) -> 0 | G15: 44 | H15: 36 | I15: =SUM(G15:H15) -> 80 | L15: =SUM(J15:K15) -> 0 | O15: =SUM(M15:N15) -> 0 | R15: =SUM(P15:Q15) -> 0 | U15: =SUM(S15:T15) -> 0 | X15: =SUM(V15:W15) -> 0 | Z15: =+F15+I15+L15+O15+R15+U15+X15+Y15 -> 80 | AC15: =+AA15+AB15-Z15 -> -80 | AE15: =AC15+AD15 -> -80
B16: 1111064 | C16: ชิฟฟอนแยกชิ้น เผือก | F16: =SUM(D16:E16) -> 0 | G16: 44 | H16: 36 | I16: =SUM(G16:H16) -> 80 | L16: =SUM(J16:K16) -> 0 | O16: =SUM(M16:N16) -> 0 | R16: =SUM(P16:Q16) -> 0 | U16: =SUM(S16:T16) -> 0 | X16: =SUM(V16:W16) -> 0 | Z16: =+F16+I16+L16+O16+R16+U16+X16+Y16 -> 80 | AC16: =+AA16+AB16-Z16 -> -80 | AE16: =AC16+AD16 -> -80
B17: 1111065 | C17: ชิฟฟอนแยกชิ้น สับปะรด | F17: =SUM(D17:E17) -> 0 | G17: 44 | H17: 36 | I17: =SUM(G17:H17) -> 80 | L17: =SUM(J17:K17) -> 0 | O17: =SUM(M17:N17) -> 0 | R17: =SUM(P17:Q17) -> 0 | U17: =SUM(S17:T17) -> 0 | X17: =SUM(V17:W17) -> 0 | Z17: =+F17+I17+L17+O17+R17+U17+X17+Y17 -> 80 | AC17: =+AA17+AB17-Z17 -> -80 | AE17: =AC17+AD17 -> -80
B18: 1111066 | C18: ชิฟฟอนแยกชิ้น สตอเบอรี่ | F18: =SUM(D18:E18) -> 0 | G18: 44 | H18: 36 | I18: =SUM(G18:H18) -> 80 | L18: =SUM(J18:K18) -> 0 | O18: =SUM(M18:N18) -> 0 | R18: =SUM(P18:Q18) -> 0 | U18: =SUM(S18:T18) -> 0 | X18: =SUM(V18:W18) -> 0 | Z18: =+F18+I18+L18+O18+R18+U18+X18+Y18 -> 80 | AC18: =+AA18+AB18-Z18 -> -80 | AE18: =AC18+AD18 -> -80
B19: 1111067 | C19: ชิฟฟอนแยกชิ้น มะพร้าว | F19: =SUM(D19:E19) -> 0 | G19: 44 | H19: 36 | I19: =SUM(G19:H19) -> 80 | L19: =SUM(J19:K19) -> 0 | O19: =SUM(M19:N19) -> 0 | R19: =SUM(P19:Q19) -> 0 | U19: =SUM(S19:T19) -> 0 | X19: =SUM(V19:W19) -> 0 | Z19: =+F19+I19+L19+O19+R19+U19+X19+Y19 -> 80 | AC19: =+AA19+AB19-Z19 -> -80 | AE19: =AC19+AD19 -> -80
B20: 1111068 | C20: ชิฟฟอนแยกชิ้น เนย | F20: =SUM(D20:E20) -> 0 | I20: =SUM(G20:H20) -> 0 | L20: =SUM(J20:K20) -> 0 | O20: =SUM(M20:N20) -> 0 | R20: =SUM(P20:Q20) -> 0 | U20: =SUM(S20:T20) -> 0 | X20: =SUM(V20:W20) -> 0 | Z20: =+F20+I20+L20+O20+R20+U20+X20+Y20 -> 0 | AC20: =+AA20+AB20-Z20 -> 0 | AE20: =AC20+AD20 -> 0
B21: 1111069 | C21: ชิฟฟอนแยกชิ้น บลูเบอรี่ | F21: =SUM(D21:E21) -> 0 | I21: =SUM(G21:H21) -> 0 | L21: =SUM(J21:K21) -> 0 | O21: =SUM(M21:N21) -> 0 | R21: =SUM(P21:Q21) -> 0 | U21: =SUM(S21:T21) -> 0 | X21: =SUM(V21:W21) -> 0 | Z21: =+F21+I21+L21+O21+R21+U21+X21+Y21 -> 0 | AC21: =+AA21+AB21-Z21 -> 0 | AE21: =AC21+AD21 -> 0
B22: 1111070 | C22: ชิฟฟอนแยกชิ้น ทุเรียน | F22: =SUM(D22:E22) -> 0 | I22: =SUM(G22:H22) -> 0 | L22: =SUM(J22:K22) -> 0 | O22: =SUM(M22:N22) -> 0 | R22: =SUM(P22:Q22) -> 0 | U22: =SUM(S22:T22) -> 0 | X22: =SUM(V22:W22) -> 0 | Z22: =+F22+I22+L22+O22+R22+U22+X22+Y22 -> 0 | AC22: =+AA22+AB22-Z22 -> 0 | AE22: =AC22+AD22 -> 0
B23: 1111071 | C23: ชิฟฟอนแยกชิ้น ตาล | F23: =SUM(D23:E23) -> 0 | I23: =SUM(G23:H23) -> 0 | L23: =SUM(J23:K23) -> 0 | O23: =SUM(M23:N23) -> 0 | R23: =SUM(P23:Q23) -> 0 | U23: =SUM(S23:T23) -> 0 | X23: =SUM(V23:W23) -> 0 | Z23: =+F23+I23+L23+O23+R23+U23+X23+Y23 -> 0 | AC23: =+AA23+AB23-Z23 -> 0 | AE23: =AC23+AD23 -> 0
B24: 1111010 | C24: ชิฟฟ่อนเค้กสอดไส้แยม (1 ชิ้น) แยมสับปะรด | F24: =SUM(D24:E24) -> 0 | I24: =SUM(G24:H24) -> 0 | L24: =SUM(J24:K24) -> 0 | O24: =SUM(M24:N24) -> 0 | R24: =SUM(P24:Q24) -> 0 | U24: =SUM(S24:T24) -> 0 | X24: =SUM(V24:W24) -> 0 | Z24: =+F24+I24+L24+O24+R24+U24+X24+Y24 -> 0 | AC24: =+AA24+AB24-Z24 -> 0 | AE24: =AC24+AD24 -> 0
B25: 1111008 | C25: ชิฟฟ่อนเค้ก สอดไส้ (รวมรส 3 ชิ้น) | D25: 1 | E25: 2 | F25: =SUM(D25:E25) -> 3 | G25: 4 | I25: =SUM(G25:H25) -> 4 | L25: =SUM(J25:K25) -> 0 | M25: 55 | N25: 60 | O25: =SUM(M25:N25) -> 115 | R25: =SUM(P25:Q25) -> 0 | U25: =SUM(S25:T25) -> 0 | X25: =SUM(V25:W25) -> 0 | Z25: =+F25+I25+L25+O25+R25+U25+X25+Y25 -> 122 | AA25: 70 | AB25: 1 | AC25: =+AA25+AB25-Z25 -> -51 | AD25: 70 | AE25: =AC25+AD25 -> 19
B26: 1111009 | C26: ชิฟฟ่อนเค้ก สอดไส้ (รวมรส 6 ชิ้น) | D26: 7 | E26: 1 | F26: =SUM(D26:E26) -> 8 | G26: 3 | H26: 1 | I26: =SUM(G26:H26) -> 4 | J26: 1 | L26: =SUM(J26:K26) -> 1 | O26: =SUM(M26:N26) -> 0 | R26: =SUM(P26:Q26) -> 0 | U26: =SUM(S26:T26) -> 0 | X26: =SUM(V26:W26) -> 0 | Z26: =+F26+I26+L26+O26+R26+U26+X26+Y26 -> 13 | AA26: 50 | AC26: =+AA26+AB26-Z26 -> 37 | AD26: 50 | AE26: =AC26+AD26 -> 87
B27: 1111011 | C27: ชิฟฟ่อนเค้กสอดไส้ นมชมพูฮอกไกโด (3 ชิ้น) | F27: =SUM(D27:E27) -> 0 | I27: =SUM(G27:H27) -> 0 | L27: =SUM(J27:K27) -> 0 | O27: =SUM(M27:N27) -> 0 | R27: =SUM(P27:Q27) -> 0 | U27: =SUM(S27:T27) -> 0 | X27: =SUM(V27:W27) -> 0 | Z27: =+F27+I27+L27+O27+R27+U27+X27+Y27 -> 0 | AC27: =+AA27+AB27-Z27 -> 0 | AE27: =AC27+AD27 -> 0
B28: 1111012 | C28: ชิฟฟ่อนเค้กสอดไส้ นมชมพูฮอกไกโด (6 ชิ้น) | F28: =SUM(D28:E28) -> 0 | I28: =SUM(G28:H28) -> 0 | L28: =SUM(J28:K28) -> 0 | O28: =SUM(M28:N28) -> 0 | R28: =SUM(P28:Q28) -> 0 | U28: =SUM(S28:T28) -> 0 | X28: =SUM(V28:W28) -> 0 | Z28: =+F28+I28+L28+O28+R28+U28+X28+Y28 -> 0 | AC28: =+AA28+AB28-Z28 -> 0 | AE28: =AC28+AD28 -> 0
B29: 1111013 | C29: ชิฟฟ่อนเค้กสอดไส้ ช็อคโกแลตนูเทลล่า (3 ชิ้น) | F29: =SUM(D29:E29) -> 0 | I29: =SUM(G29:H29) -> 0 | L29: =SUM(J29:K29) -> 0 | O29: =SUM(M29:N29) -> 0 | R29: =SUM(P29:Q29) -> 0 | U29: =SUM(S29:T29) -> 0 | X29: =SUM(V29:W29) -> 0 | Z29: =+F29+I29+L29+O29+R29+U29+X29+Y29 -> 0 | AC29: =+AA29+AB29-Z29 -> 0 | AE29: =AC29+AD29 -> 0
B30: 1111014 | C30: ชิฟฟ่อนเค้กสอดไส้ ช็อคโกแลตนูเทลล่า (6 ชิ้น) | F30: =SUM(D30:E30) -> 0 | I30: =SUM(G30:H30) -> 0 | L30: =SUM(J30:K30) -> 0 | O30: =SUM(M30:N30) -> 0 | R30: =SUM(P30:Q30) -> 0 | U30: =SUM(S30:T30) -> 0 | X30: =SUM(V30:W30) -> 0 | Z30: =+F30+I30+L30+O30+R30+U30+X30+Y30 -> 0 | AC30: =+AA30+AB30-Z30 -> 0 | AE30: =AC30+AD30 -> 0
B31: 1111015 | C31: ชิฟฟ่อนเค้กสอดไส้เนย รสมะพร้าว (3 ชิ้น) | F31: =SUM(D31:E31) -> 0 | I31: =SUM(G31:H31) -> 0 | L31: =SUM(J31:K31) -> 0 | O31: =SUM(M31:N31) -> 0 | R31: =SUM(P31:Q31) -> 0 | U31: =SUM(S31:T31) -> 0 | X31: =SUM(V31:W31) -> 0 | Z31: =+F31+I31+L31+O31+R31+U31+X31+Y31 -> 0 | AC31: =+AA31+AB31-Z31 -> 0 | AE31: =AC31+AD31 -> 0
B32: 1111016 | C32: ชิฟฟ่อนเค้กสอดไส้เนย รสมะพร้าว (6 ชิ้น) | F32: =SUM(D32:E32) -> 0 | I32: =SUM(G32:H32) -> 0 | L32: =SUM(J32:K32) -> 0 | O32: =SUM(M32:N32) -> 0 | R32: =SUM(P32:Q32) -> 0 | U32: =SUM(S32:T32) -> 0 | X32: =SUM(V32:W32) -> 0 | Z32: =+F32+I32+L32+O32+R32+U32+X32+Y32 -> 0 | AC32: =+AA32+AB32-Z32 -> 0 | AE32: =AC32+AD32 -> 0
B33: 1111017 | C33: ชิฟฟ่อนเค้กสอดไส้แยม รสบลูเบอร์รี่ (3 ชิ้น) | F33: =SUM(D33:E33) -> 0 | I33: =SUM(G33:H33) -> 0 | L33: =SUM(J33:K33) -> 0 | O33: =SUM(M33:N33) -> 0 | R33: =SUM(P33:Q33) -> 0 | U33: =SUM(S33:T33) -> 0 | X33: =SUM(V33:W33) -> 0 | Z33: =+F33+I33+L33+O33+R33+U33+X33+Y33 -> 0 | AC33: =+AA33+AB33-Z33 -> 0 | AE33: =AC33+AD33 -> 0
B34: 1111018 | C34: ชิฟฟ่อนเค้กสอดไส้แยม รสบลูเบอร์รี่ (6 ชิ้น) | F34: =SUM(D34:E34) -> 0 | I34: =SUM(G34:H34) -> 0 | L34: =SUM(J34:K34) -> 0 | O34: =SUM(M34:N34) -> 0 | R34: =SUM(P34:Q34) -> 0 | U34: =SUM(S34:T34) -> 0 | X34: =SUM(V34:W34) -> 0 | Z34: =+F34+I34+L34+O34+R34+U34+X34+Y34 -> 0 | AC34: =+AA34+AB34-Z34 -> 0 | AE34: =AC34+AD34 -> 0
B35: 1111019 | C35: ชิฟฟ่อนเค้กหน้าฝอยทอง สอดไส้แยมส้ม (3 ชิ้น) | F35: =SUM(D35:E35) -> 0 | I35: =SUM(G35:H35) -> 0 | L35: =SUM(J35:K35) -> 0 | O35: =SUM(M35:N35) -> 0 | R35: =SUM(P35:Q35) -> 0 | U35: =SUM(S35:T35) -> 0 | X35: =SUM(V35:W35) -> 0 | Z35: =+F35+I35+L35+O35+R35+U35+X35+Y35 -> 0 | AC35: =+AA35+AB35-Z35 -> 0 | AE35: =AC35+AD35 -> 0
B36: 1111020 | C36: ชิฟฟ่อนเค้กหน้าฝอยทอง สอดไส้แยมส้ม (6 ชิ้น) | F36: =SUM(D36:E36) -> 0 | I36: =SUM(G36:H36) -> 0 | L36: =SUM(J36:K36) -> 0 | O36: =SUM(M36:N36) -> 0 | R36: =SUM(P36:Q36) -> 0 | U36: =SUM(S36:T36) -> 0 | X36: =SUM(V36:W36) -> 0 | Y36: 12 | Z36: =+F36+I36+L36+O36+R36+U36+X36+Y36 -> 12 | AC36: =+AA36+AB36-Z36 -> -12 | AE36: =AC36+AD36 -> -12
B37: 1111022 | C37: ชิฟฟ่อนเค้กสอดไส้แยม รสสตรอว์เบอร์รี (3 ชิ้น) | F37: =SUM(D37:E37) -> 0 | I37: =SUM(G37:H37) -> 0 | L37: =SUM(J37:K37) -> 0 | O37: =SUM(M37:N37) -> 0 | R37: =SUM(P37:Q37) -> 0 | U37: =SUM(S37:T37) -> 0 | X37: =SUM(V37:W37) -> 0 | Z37: =+F37+I37+L37+O37+R37+U37+X37+Y37 -> 0 | AC37: =+AA37+AB37-Z37 -> 0 | AE37: =AC37+AD37 -> 0
B38: 1111023 | C38: ชิฟฟ่อนเค้กสอดไส้แยม รสสตรอว์เบอร์รี (6 ชิ้น) | F38: =SUM(D38:E38) -> 0 | I38: =SUM(G38:H38) -> 0 | L38: =SUM(J38:K38) -> 0 | O38: =SUM(M38:N38) -> 0 | R38: =SUM(P38:Q38) -> 0 | U38: =SUM(S38:T38) -> 0 | X38: =SUM(V38:W38) -> 0 | Z38: =+F38+I38+L38+O38+R38+U38+X38+Y38 -> 0 | AC38: =+AA38+AB38-Z38 -> 0 | AE38: =AC38+AD38 -> 0
B39: 1111024 | C39: ชิฟฟ่อนเค้กสอดไส้แยม รสส้ม (3 ชิ้น) | F39: =SUM(D39:E39) -> 0 | I39: =SUM(G39:H39) -> 0 | L39: =SUM(J39:K39) -> 0 | O39: =SUM(M39:N39) -> 0 | R39: =SUM(P39:Q39) -> 0 | U39: =SUM(S39:T39) -> 0 | X39: =SUM(V39:W39) -> 0 | Z39: =+F39+I39+L39+O39+R39+U39+X39+Y39 -> 0 | AC39: =+AA39+AB39-Z39 -> 0 | AE39: =AC39+AD39 -> 0
B40: 1111025 | C40: ชิฟฟ่อนเค้กสอดไส้แยม รสส้ม (6 ชิ้น) | F40: =SUM(D40:E40) -> 0 | I40: =SUM(G40:H40) -> 0 | L40: =SUM(J40:K40) -> 0 | O40: =SUM(M40:N40) -> 0 | R40: =SUM(P40:Q40) -> 0 | U40: =SUM(S40:T40) -> 0 | X40: =SUM(V40:W40) -> 0 | Z40: =+F40+I40+L40+O40+R40+U40+X40+Y40 -> 0 | AC40: =+AA40+AB40-Z40 -> 0 | AE40: =AC40+AD40 -> 0
B41: 1111056 | C41: ชิฟฟอนรวมรสยอดฮิต 8 ชิ้น | F41: =SUM(D41:E41) -> 0 | G41: 1 | H41: 4 | I41: =SUM(G41:H41) -> 5 | J41: 1 | L41: =SUM(J41:K41) -> 1 | O41: =SUM(M41:N41) -> 0 | R41: =SUM(P41:Q41) -> 0 | U41: =SUM(S41:T41) -> 0 | X41: =SUM(V41:W41) -> 0 | Z41: =+F41+I41+L41+O41+R41+U41+X41+Y41 -> 6 | AA41: 10 | AC41: =+AA41+AB41-Z41 -> 4 | AD41: 15 | AE41: =AC41+AD41 -> 19
B42: 1111074 | C42: ชิฟฟอนไส้แยมแยกชิ้น มะพร้าว | F42: =SUM(D42:E42) -> 0 | G42: 3 | H42: 5 | I42: =SUM(G42:H42) -> 8 | L42: =SUM(J42:K42) -> 0 | O42: =SUM(M42:N42) -> 0 | R42: =SUM(P42:Q42) -> 0 | U42: =SUM(S42:T42) -> 0 | X42: =SUM(V42:W42) -> 0 | Z42: =+F42+I42+L42+O42+R42+U42+X42+Y42 -> 8 | AC42: =+AA42+AB42-Z42 -> -8 | AE42: =AC42+AD42 -> -8
B43: 1111075 | C43: ชิฟฟอนไส้แยมแยกชิ้น สตอเบอรี่ | F43: =SUM(D43:E43) -> 0 | G43: 3 | H43: 5 | I43: =SUM(G43:H43) -> 8 | L43: =SUM(J43:K43) -> 0 | O43: =SUM(M43:N43) -> 0 | R43: =SUM(P43:Q43) -> 0 | U43: =SUM(S43:T43) -> 0 | X43: =SUM(V43:W43) -> 0 | Z43: =+F43+I43+L43+O43+R43+U43+X43+Y43 -> 8 | AC43: =+AA43+AB43-Z43 -> -8 | AE43: =AC43+AD43 -> -8
B44: 1111076 | C44: ชิฟฟอนไส้แยมแยกชิ้น ส้ม | F44: =SUM(D44:E44) -> 0 | G44: 3 | H44: 5 | I44: =SUM(G44:H44) -> 8 | L44: =SUM(J44:K44) -> 0 | O44: =SUM(M44:N44) -> 0 | R44: =SUM(P44:Q44) -> 0 | U44: =SUM(S44:T44) -> 0 | X44: =SUM(V44:W44) -> 0 | Z44: =+F44+I44+L44+O44+R44+U44+X44+Y44 -> 8 | AC44: =+AA44+AB44-Z44 -> -8 | AE44: =AC44+AD44 -> -8
B45: 1111077 | C45: ชิฟฟอนไส้แยมแยกชิ้น บลูเบอรี่ | F45: =SUM(D45:E45) -> 0 | G45: 3 | H45: 5 | I45: =SUM(G45:H45) -> 8 | L45: =SUM(J45:K45) -> 0 | O45: =SUM(M45:N45) -> 0 | R45: =SUM(P45:Q45) -> 0 | U45: =SUM(S45:T45) -> 0 | X45: =SUM(V45:W45) -> 0 | Z45: =+F45+I45+L45+O45+R45+U45+X45+Y45 -> 8 | AC45: =+AA45+AB45-Z45 -> -8 | AE45: =AC45+AD45 -> -8
B46: 1111078 | C46: ชิฟฟอนไส้แยมแยกชิ้น นมชมพู | F46: =SUM(D46:E46) -> 0 | G46: 3 | H46: 5 | I46: =SUM(G46:H46) -> 8 | L46: =SUM(J46:K46) -> 0 | O46: =SUM(M46:N46) -> 0 | R46: =SUM(P46:Q46) -> 0 | U46: =SUM(S46:T46) -> 0 | X46: =SUM(V46:W46) -> 0 | Z46: =+F46+I46+L46+O46+R46+U46+X46+Y46 -> 8 | AC46: =+AA46+AB46-Z46 -> -8 | AE46: =AC46+AD46 -> -8
B47: 1111079 | C47: ชิฟฟอนไส้แยมแยกชิ้น ชอคโกแลต | F47: =SUM(D47:E47) -> 0 | G47: 3 | H47: 5 | I47: =SUM(G47:H47) -> 8 | L47: =SUM(J47:K47) -> 0 | O47: =SUM(M47:N47) -> 0 | R47: =SUM(P47:Q47) -> 0 | U47: =SUM(S47:T47) -> 0 | X47: =SUM(V47:W47) -> 0 | Z47: =+F47+I47+L47+O47+R47+U47+X47+Y47 -> 8 | AC47: =+AA47+AB47-Z47 -> -8 | AE47: =AC47+AD47 -> -8
B48: 1111080 | C48: ชิฟฟอนไส้แยมแยกชิ้น ฝอยทอง | F48: =SUM(D48:E48) -> 0 | G48: 3 | H48: 5 | I48: =SUM(G48:H48) -> 8 | L48: =SUM(J48:K48) -> 0 | O48: =SUM(M48:N48) -> 0 | R48: =SUM(P48:Q48) -> 0 | U48: =SUM(S48:T48) -> 0 | X48: =SUM(V48:W48) -> 0 | Z48: =+F48+I48+L48+O48+R48+U48+X48+Y48 -> 8 | AC48: =+AA48+AB48-Z48 -> -8 | AE48: =AC48+AD48 -> -8
B49: 1111081 | C49: ชิฟฟอนไส้แยมแยกชิ้น วนิลา | F49: =SUM(D49:E49) -> 0 | G49: 3 | H49: 5 | I49: =SUM(G49:H49) -> 8 | L49: =SUM(J49:K49) -> 0 | O49: =SUM(M49:N49) -> 0 | R49: =SUM(P49:Q49) -> 0 | U49: =SUM(S49:T49) -> 0 | X49: =SUM(V49:W49) -> 0 | Z49: =+F49+I49+L49+O49+R49+U49+X49+Y49 -> 8 | AC49: =+AA49+AB49-Z49 -> -8 | AE49: =AC49+AD49 -> -8
B50: 1111082 | C50: ชิฟฟอนไส้แยมแยกชิ้น ใบเตย | F50: =SUM(D50:E50) -> 0 | G50: 3 | H50: 5 | I50: =SUM(G50:H50) -> 8 | L50: =SUM(J50:K50) -> 0 | O50: =SUM(M50:N50) -> 0 | R50: =SUM(P50:Q50) -> 0 | U50: =SUM(S50:T50) -> 0 | X50: =SUM(V50:W50) -> 0 | Z50: =+F50+I50+L50+O50+R50+U50+X50+Y50 -> 8 | AC50: =+AA50+AB50-Z50 -> -8 | AE50: =AC50+AD50 -> -8
