Workbook

Sheet รับ-จ่าย ประจำวัน
A1: รหัสสินค้าเก่า | B1: รหัสสินค้า | C1: ชื่อสินค้า | D1: หน่วย | E1: ราคา | F1: RJ | G1: LOT สินค้า | H1: ยอดยกมา | I1: วันที่รับเข้า 1 | J1: วันที่รับเข้า 2 | K1: วันที่รับเข้า 3 | L1: วันที่4 | M1: วันที่5 | N1: วันที่6 | O1: วันที่รับเข้า7 | P1: วันที่รับเข้า 8 | Q1: วันที่รับเข้า9 | R1: วันที่รับเข้า 10 | S1: วันที่รับเข้า 11 | T1: วันที่รับเข้า 12 | U1: วันที่รับเข้า 13 | V1: วันที่รับเข้า 14 | W1: วันที่รับเข้า 15 | X1: วันที่รับเข้า 16 | Y1: วันที่รับเข้า 17 | Z1: วันที่รับเข้า 18 | AA1: วันที่รับเข้า 19 | AB1: วันที่รับ 20 | AC1: วันที่ 21 | AD1: วันที่รับเข้า 22 | AE1: วันที่รับเข้า 23 | AF1: วันที่รับเข้า 24 | AG1: วันที่รับเข้า 25 | AH1: วันที่รับเข้า 26 | AI1: วันที่รับเข้า 27 | AJ1: วันที่รับเข้า 28 | AK1: วันที่รับเข้า 29 | AL1: วันที่รับเข้า 30 | AM1: วันที่รับเข้า 31 | AN1: ยอดรับเข้าสุทธิทั้งหมด | AO1: วันที่จ่ายออก 1 | AP1: วันที่จ่ายออก2 | AQ1: วันที่จ่ายออก3 | AR1: วันที่จ่ายออก 4 | AS1: วันที่จ่ายออก 5 | AT1: วันที่จ่ายออก6 | AU1: วันที่จ่ายออก7 | AV1: วันที่จ่ายออก 8 | AW1: วันที่จ่ายออก9 | AX1: วันที่จ่ายออก 10 | AY1: วันที่จ่ายออก 11 | AZ1: วันที่จ่ายออก12 | BA1: วันที่13 | BB1: วันที่14 | BC1: วันที่จ่ายออก 15 | BD1: วันที่จ่ายออก 16 | BE1: วันที่จ่ายออก 17 | BF1: วันที่จ่ายออก 18 | BG1: วันที่จ่ายออก 19 | BH1: วันที่จ่าย 20 | BI1: วันที่จ่าย 21 | BJ1: วันที่จ่ายออก 22 | BK1: วันที่จ่ายออก 23 | BL1: วันที่จ่ายออก 24 | BM1: วันที่จ่ายออก 25 | BN1: วันที่จ่ายออก 26 | BO1: วันที่จ่ายออก 27 | BP1: วันที่จ่ายออก 28 | BQ1: วันที่จ่ายออก 29 | BR1: วันที่จ่ายออก 30 | BS1: วันที่จ่ายออก 31 | BT1: ยอดจ่ายออกสุทธิทั้งหมดเดือน4 | BU1: ยอดจริงนับวันที่ 1 | BV1: คงเหลือสุทธิ | BW1: รอบส่งหลัง PO อนุมัติ | BX1: ยอดใช้/วัน | BY1: จำนวนวันเหลือใช้ | BZ1: วันที่สินค้าหมด | CA1: ของค้าง | CB1: ของค้าง | CC1: ของค้าง | CD1: ของค้าง | CE1: ของค้าง | CF1: ของค้าง | CG1: ของค้าง | CH1: ของค้าง | CI1: ของค้าง | CJ1: ของเข้า
A2: 02-BB03 | B2: 1020501001 | C2: กล่องเค้กเบาหวิวกล้วยมะพร้าวเผา 100g. New(1ห่อ*200ใบ) | D2: ใบ | E2: 0 | G2: - | H2: 5700 | AN2: =I2+J2+K2+L2+M2+N2+O2+P2+Q2+R2+S2+T2+U2+V2+W2+X2+Y2+Z2+AA2+AB2+AC2+AD2+AE2+AF2+AG2+AH2+AI2+AJ2+AK2+AL2+AM2 -> 0 | AO2: =SUMIF(เตรียมส่วนผสม!$C:$C,'รับ-จ่าย ประจำวัน'!$B2,เตรียมส่วนผสม!H:H)+SUMIF(กวนไส้!$C:$C,'รับ-จ่าย ประจำวัน'!$B2,กวนไส้!H:H)+SUMIF(ผลิต1!$C:$C,'รับ-จ่าย ประจำวัน'!$B2,ผลิต1!H:H)+SUMIF(ผลิต2!$C:$C,'รับ-จ่าย ประจำวัน'!$B2,ผลิต2!H:H)+SUMIF(เส้นแต่งหน้าขนมเค้ก!$C:$C,'รับ-จ่าย ประจำวัน'!$B2,เส้นแต่งหน้าขนมเค้ก!H:H)+SUMIF(แพ็ค!$C:$C,'รับ-จ่าย ประจำวัน'!$B2,แพ็ค!H:H)+SUMIF(ธุรการ!$C:$C,'รับ-จ่าย ประจำวัน'!$B2,ธุรการ!H:H)+SUMIF(เส้นแต่งหน้าขนมปัง!$C:$C,'รับ-จ่าย ประจำวัน'!$B2,เส้นแต่งหน้าขนมปัง!H:H)+SUMIF('วางแผนBC,CJ'!$C:$C,'รับ-จ่าย ประจำวัน'!$B2,'วางแผนBC,CJ'!H:H)+SUMIF(RD!$C:$C,'รับ-จ่าย ประจำวัน'!$B2,RD!H:H)+SUMIF('FG,ออนไล,คัดแยก'!$C:$C,'รับ-จ่าย ประจำวัน'!$B2,'FG,ออนไล,คัดแยก'!H:H) -> 0 | AP2: =SUMIF(เตรียมส่วนผสม!$C:$C,'รับ-จ่าย ประจำวัน'!$B2,เตรียมส่วนผสม!I:I)+SUMIF(กวนไส้!$C:$C,'รับ-จ่าย ประจำวัน'!$B2,กวนไส้!I:I)+SUMIF(ผลิต1!$C:$C,'รับ-จ่าย ประจำวัน'!$B2,ผลิต1!I:I)+SUMIF(ผลิต2!$C:$C,'รับ-จ่าย ประจำวัน'!$B2,ผลิต2!I:I)+SUMIF(เส้นแต่งหน้าขนมเค้ก!$C:$C,'รับ-จ่าย ประจำวัน'!$B2,เส้นแต่งหน้าขนมเค้ก!I:I)+SUMIF(แพ็ค!$C:$C,'รับ-จ่าย ประจำวัน'!$B2,แพ็ค!I:I)+SUMIF(ธุรการ!$C:$C,'รับ-จ่าย ประจำวัน'!$B2,ธุรการ!I:I)+SUMIF(เส้นแต่งหน้าขนมปัง!$C:$C,'รับ-จ่าย ประจำวัน'!$B2,เส้นแต่งหน้าขนมปัง!I:I)+SUMIF('วางแผนBC,CJ'!$C:$C,'รับ-จ่าย ประจำวัน'!$B2,'วางแผนBC,CJ'!I:I)+SUMIF(RD!$C:$C,'รับ-จ่าย ประจำวัน'!$B2,RD!I:I)+SUMIF('FG,ออนไล,คัดแยก'!$C:$C,'รับ-จ่าย ประจำวัน'!$B2,'FG,ออนไล,คัดแยก'!I:I) -> 200 | AQ2: =SUMIF(เตรียมส่วนผสม!$C:$C,'รับ-จ่าย ประจำวัน'!$B2,เตรียมส่วนผสม!J:J)+SUMIF(กวนไส้!$C:$C,'รับ-จ่าย ประจำวัน'!$B2,กวนไส้!J:J)+SUMIF(ผลิต1!$C:$C,'รับ-จ่าย ประจำวัน'!$B2,ผลิต1!J:J)+SUMIF(ผลิต2!$C:$C,'รับ-จ่าย ประจำวัน'!$B2,ผลิต2!J:J)+SUMIF(เส้นแต่งหน้าขนมเค้ก!$C:$C,'รับ-จ่าย ประจำวัน'!$B2,เส้นแต่งหน้าขนมเค้ก!J:J)+SUMIF(แพ็ค!$C:$C,'รับ-จ่าย ประจำวัน'!$B2,แพ็ค!J:J)+SUMIF(ธุรการ!$C:$C,'รับ-จ่าย ประจำวัน'!$B2,ธุรการ!J:J)+SUMIF(เส้นแต่งหน้าขนมปัง!$C:$C,'รับ-จ่าย ประจำวัน'!$B2,เส้นแต่งหน้าขนมปัง!J:J)+SUMIF('วางแผนBC,CJ'!$C:$C,'รับ-จ่าย ประจำวัน'!$B2,'วางแผนBC,CJ'!J:J)+SUMIF(RD!$C:$C,'รับ-จ่าย ประจำวัน'!$B2,RD!J:J)+SUMIF('FG,ออนไล,คัดแยก'!$C:$C,'รับ-จ่าย ประจำวัน'!$B2,'FG,ออนไล,คัดแยก'!J:J) -> 0 | AR2: =SUMIF(เตรียมส่วนผสม!$C:$C,'รับ-จ่าย ประจำวัน'!$B2,เตรียมส่วนผสม!K:K)+SUMIF(กวนไส้!$C:$C,'รับ-จ่าย ประจำวัน'!$B2,กวนไส้!K:K)+SUMIF(ผลิต1!$C:$C,'รับ-จ่าย ประจำวัน'!$B2,ผลิต1!K:K)+SUMIF(ผลิต2!$C:$C,'รับ-จ่าย ประจำวัน'!$B2,ผลิต2!K:K)+SUMIF(เส้นแต่งหน้าขนมเค้ก!$C:$C,'รับ-จ่าย ประจำวัน'!$B2,เส้นแต่งหน้าขนมเค้ก!K:K)+SUMIF(แพ็ค!$C:$C,'รับ-จ่าย ประจำวัน'!$B2,แพ็ค!K:K)+SUMIF(ธุรการ!$C:$C,'รับ-จ่าย ประจำวัน'!$B2,ธุรการ!K:K)+SUMIF(เส้นแต่งหน้าขนมปัง!$C:$C,'รับ-จ่าย ประจำวัน'!$B2,เส้นแต่งหน้าขนมปัง!K:K)+SUMIF('วางแผนBC,CJ'!$C:$C,'รับ-จ่าย ประจำวัน'!$B2,'วางแผนBC,CJ'!K:K)+SUMIF(RD!$C:$C,'รับ-จ่าย ประจำวัน'!$B2,RD!K:K)+SUMIF('FG,ออนไล,คัดแยก'!$C:$C,'รับ-จ่าย ประจำวัน'!$B2,'FG,ออนไล,คัดแยก'!K:K) -> 200 | AS2: =SUMIF(เตรียมส่วนผสม!$C:$C,'รับ-จ่าย ประจำวัน'!$B2,เตรียมส่วนผสม!L:L)+SUMIF(กวนไส้!$C:$C,'รับ-จ่าย ประจำวัน'!$B2,กวนไส้!L:L)+SUMIF(ผลิต1!$C:$C,'รับ-จ่าย ประจำวัน'!$B2,ผลิต1!L:L)+SUMIF(ผลิต2!$C:$C,'รับ-จ่าย ประจำวัน'!$B2,ผลิต2!L:L)+SUMIF(เส้นแต่งหน้าขนมเค้ก!$C:$C,'รับ-จ่าย ประจำวัน'!$B2,เส้นแต่งหน้าขนมเค้ก!L:L)+SUMIF(แพ็ค!$C:$C,'รับ-จ่าย ประจำวัน'!$B2,แพ็ค!L:L)+SUMIF(ธุรการ!$C:$C,'รับ-จ่าย ประจำวัน'!$B2,ธุรการ!L:L)+SUMIF(เส้นแต่งหน้าขนมปัง!$C:$C,'รับ-จ่าย ประจำวัน'!$B2,เส้นแต่งหน้าขนมปัง!L:L)+SUMIF('วางแผนBC,CJ'!$C:$C,'รับ-จ่าย ประจำวัน'!$B2,'วางแผนBC,CJ'!L:L)+SUMIF(RD!$C:$C,'รับ-จ่าย ประจำวัน'!$B2,RD!L:L)+SUMIF('FG,ออนไล,คัดแยก'!$C:$C,'รับ-จ่าย ประจำวัน'!$B2,'FG,ออนไล,คัดแยก'!L:L) -> 200 | AT2: =SUMIF(เตรียมส่วนผสม!$C:$C,'รับ-จ่าย ประจำวัน'!$B2,เตรียมส่วนผสม!M:M)+SUMIF(กวนไส้!$C:$C,'รับ-จ่าย ประจำวัน'!$B2,กวนไส้!M:M)+SUMIF(ผลิต1!$C:$C,'รับ-จ่าย ประจำวัน'!$B2,ผลิต1!M:M)+SUMIF(ผลิต2!$C:$C,'รับ-จ่าย ประจำวัน'!$B2,ผลิต2!M:M)+SUMIF(เส้นแต่งหน้าขนมเค้ก!$C:$C,'รับ-จ่าย ประจำวัน'!$B2,เส้นแต่งหน้าขนมเค้ก!M:M)+SUMIF(แพ็ค!$C:$C,'รับ-จ่าย ประจำวัน'!$B2,แพ็ค!M:M)+SUMIF(ธุรการ!$C:$C,'รับ-จ่าย ประจำวัน'!$B2,ธุรการ!M:M)+SUMIF(เส้นแต่งหน้าขนมปัง!$C:$C,'รับ-จ่าย ประจำวัน'!$B2,เส้นแต่งหน้าขนมปัง!M:M)+SUMIF('วางแผนBC,CJ'!$C:$C,'รับ-จ่าย ประจำวัน'!$B2,'วางแผนBC,CJ'!M:M)+SUMIF(RD!$C:$C,'รับ-จ่าย ประจำวัน'!$B2,RD!M:M)+SUMIF('FG,ออนไล,คัดแยก'!$C:$C,'รับ-จ่าย ประจำวัน'!$B2,'FG,ออนไล,คัดแยก'!M:M) -> 0 | AU2: =SUMIF(เตรียมส่วนผสม!$C:$C,'รับ-จ่าย ประจำวัน'!$B2,เตรียมส่วนผสม!N:N)+SUMIF(กวนไส้!$C:$C,'รับ-จ่าย ประจำวัน'!$B2,กวนไส้!N:N)+SUMIF(ผลิต1!$C:$C,'รับ-จ่าย ประจำวัน'!$B2,ผลิต1!N:N)+SUMIF(ผลิต2!$C:$C,'รับ-จ่าย ประจำวัน'!$B2,ผลิต2!N:N)+SUMIF(เส้นแต่งหน้าขนมเค้ก!$C:$C,'รับ-จ่าย ประจำวัน'!$B2,เส้นแต่งหน้าขนมเค้ก!N:N)+SUMIF(แพ็ค!$C:$C,'รับ-จ่าย ประจำวัน'!$B2,แพ็ค!N:N)+SUMIF(ธุรการ!$C:$C,'รับ-จ่าย ประจำวัน'!$B2,ธุรการ!N:N)+SUMIF(เส้นแต่งหน้าขนมปัง!$C:$C,'รับ-จ่าย ประจำวัน'!$B2,เส้นแต่งหน้าขนมปัง!N:N)+SUMIF('วางแผนBC,CJ'!$C:$C,'รับ-จ่าย ประจำวัน'!$B2,'วางแผนBC,CJ'!N:N)+SUMIF(RD!$C:$C,'รับ-จ่าย ประจำวัน'!$B2,RD!N:N)+SUMIF('FG,ออนไล,คัดแยก'!$C:$C,'รับ-จ่าย ประจำวัน'!$B2,'FG,ออนไล,คัดแยก'!N:N) -> 0 | AV2: =SUMIF(เตรียมส่วนผสม!$C:$C,'รับ-จ่าย ประจำวัน'!$B2,เตรียมส่วนผสม!O:O)+SUMIF(กวนไส้!$C:$C,'รับ-จ่าย ประจำวัน'!$B2,กวนไส้!O:O)+SUMIF(ผลิต1!$C:$C,'รับ-จ่าย ประจำวัน'!$B2,ผลิต1!O:O)+SUMIF(ผลิต2!$C:$C,'รับ-จ่าย ประจำวัน'!$B2,ผลิต2!O:O)+SUMIF(เส้นแต่งหน้าขนมเค้ก!$C:$C,'รับ-จ่าย ประจำวัน'!$B2,เส้นแต่งหน้าขนมเค้ก!O:O)+SUMIF(แพ็ค!$C:$C,'รับ-จ่าย ประจำวัน'!$B2,แพ็ค!O:O)+SUMIF(ธุรการ!$C:$C,'รับ-จ่าย ประจำวัน'!$B2,ธุรการ!O:O)+SUMIF(เส้นแต่งหน้าขนมปัง!$C:$C,'รับ-จ่าย ประจำวัน'!$B2,เส้นแต่งหน้าขนมปัง!O:O)+SUMIF('วางแผนBC,CJ'!$C:$C,'รับ-จ่าย ประจำวัน'!$B2,'วางแผนBC,CJ'!O:O)+SUMIF(RD!$C:$C,'รับ-จ่าย ประจำวัน'!$B2,RD!O:O)+SUMIF('FG,ออนไล,คัดแยก'!$C:$C,'รับ-จ่าย ประจำวัน'!$B2,'FG,ออนไล,คัดแยก'!O:O) -> 200 | AW2: =SUMIF(เตรียมส่วนผสม!$C:$C,'รับ-จ่าย ประจำวัน'!$B2,เตรียมส่วนผสม!P:P)+SUMIF(กวนไส้!$C:$C,'รับ-จ่าย ประจำวัน'!$B2,กวนไส้!P:P)+SUMIF(ผลิต1!$C:$C,'รับ-จ่าย ประจำวัน'!$B2,ผลิต1!P:P)+SUMIF(ผลิต2!$C:$C,'รับ-จ่าย ประจำวัน'!$B2,ผลิต2!P:P)+SUMIF(เส้นแต่งหน้าขนมเค้ก!$C:$C,'รับ-จ่าย ประจำวัน'!$B2,เส้นแต่งหน้าขนมเค้ก!P:P)+SUMIF(แพ็ค!$C:$C,'รับ-จ่าย ประจำวัน'!$B2,แพ็ค!P:P)+SUMIF(ธุรการ!$C:$C,'รับ-จ่าย ประจำวัน'!$B2,ธุรการ!P:P)+SUMIF(เส้นแต่งหน้าขนมปัง!$C:$C,'รับ-จ่าย ประจำวัน'!$B2,เส้นแต่งหน้าขนมปัง!P:P)+SUMIF('วางแผนBC,CJ'!$C:$C,'รับ-จ่าย ประจำวัน'!$B2,'วางแผนBC,CJ'!P:P)+SUMIF(RD!$C:$C,'รับ-จ่าย ประจำวัน'!$B2,RD!P:P)+SUMIF('FG,ออนไล,คัดแยก'!$C:$C,'รับ-จ่าย ประจำวัน'!$B2,'FG,ออนไล,คัดแยก'!P:P) -> 200 | AX2: =SUMIF(เตรียมส่วนผสม!$C:$C,'รับ-จ่าย ประจำวัน'!$B2,เตรียมส่วนผสม!Q:Q)+SUMIF(กวนไส้!$C:$C,'รับ-จ่าย ประจำวัน'!$B2,กวนไส้!Q:Q)+SUMIF(ผลิต1!$C:$C,'รับ-จ่าย ประจำวัน'!$B2,ผลิต1!Q:Q)+SUMIF(ผลิต2!$C:$C,'รับ-จ่าย ประจำวัน'!$B2,ผลิต2!Q:Q)+SUMIF(เส้นแต่งหน้าขนมเค้ก!$C:$C,'รับ-จ่าย ประจำวัน'!$B2,เส้นแต่งหน้าขนมเค้ก!Q:Q)+SUMIF(แพ็ค!$C:$C,'รับ-จ่าย ประจำวัน'!$B2,แพ็ค!Q:Q)+SUMIF(ธุรการ!$C:$C,'รับ-จ่าย ประจำวัน'!$B2,ธุรการ!Q:Q)+SUMIF(เส้นแต่งหน้าขนมปัง!$C:$C,'รับ-จ่าย ประจำวัน'!$B2,เส้นแต่งหน้าขนมปัง!Q:Q)+SUMIF('วางแผนBC,CJ'!$C:$C,'รับ-จ่าย ประจำวัน'!$B2,'วางแผนBC,CJ'!Q:Q)+SUMIF(RD!$C:$C,'รับ-จ่าย ประจำวัน'!$B2,RD!Q:Q)+SUMIF('FG,ออนไล,คัดแยก'!$C:$C,'รับ-จ่าย ประจำวัน'!$B2,'FG,ออนไล,คัดแยก'!Q:Q) -> 200 | AY2: =SUMIF(เตรียมส่วนผสม!$C:$C,'รับ-จ่าย ประจำวัน'!$B2,เตรียมส่วนผสม!R:R)+SUMIF(กวนไส้!$C:$C,'รับ-จ่าย ประจำวัน'!$B2,กวนไส้!R:R)+SUMIF(ผลิต1!$C:$C,'รับ-จ่าย ประจำวัน'!$B2,ผลิต1!R:R)+SUMIF(ผลิต2!$C:$C,'รับ-จ่าย ประจำวัน'!$B2,ผลิต2!R:R)+SUMIF(เส้นแต่งหน้าขนมเค้ก!$C:$C,'รับ-จ่าย ประจำวัน'!$B2,เส้นแต่งหน้าขนมเค้ก!R:R)+SUMIF(แพ็ค!$C:$C,'รับ-จ่าย ประจำวัน'!$B2,แพ็ค!R:R)+SUMIF(ธุรการ!$C:$C,'รับ-จ่าย ประจำวัน'!$B2,ธุรการ!R:R)+SUMIF(เส้นแต่งหน้าขนมปัง!$C:$C,'รับ-จ่าย ประจำวัน'!$B2,เส้นแต่งหน้าขนมปัง!R:R)+SUMIF('วางแผนBC,CJ'!$C:$C,'รับ-จ่าย ประจำวัน'!$B2,'วางแผนBC,CJ'!R:R)+SUMIF(RD!$C:$C,'รับ-จ่าย ประจำวัน'!$B2,RD!R:R)+SUMIF('FG,ออนไล,คัดแยก'!$C:$C,'รับ-จ่าย ประจำวัน'!$B2,'FG,ออนไล,คัดแยก'!R:R) -> 0 | AZ2: =SUMIF(เตรียมส่วนผสม!$C:$C,'รับ-จ่าย ประจำวัน'!$B2,เตรียมส่วนผสม!S:S)+SUMIF(กวนไส้!$C:$C,'รับ-จ่าย ประจำวัน'!$B2,กวนไส้!S:S)+SUMIF(ผลิต1!$C:$C,'รับ-จ่าย ประจำวัน'!$B2,ผลิต1!S:S)+SUMIF(ผลิต2!$C:$C,'รับ-จ่าย ประจำวัน'!$B2,ผลิต2!S:S)+SUMIF(เส้นแต่งหน้าขนมเค้ก!$C:$C,'รับ-จ่าย ประจำวัน'!$B2,เส้นแต่งหน้าขนมเค้ก!S:S)+SUMIF(แพ็ค!$C:$C,'รับ-จ่าย ประจำวัน'!$B2,แพ็ค!S:S)+SUMIF(ธุรการ!$C:$C,'รับ-จ่าย ประจำวัน'!$B2,ธุรการ!S:S)+SUMIF(เส้นแต่งหน้าขนมปัง!$C:$C,'รับ-จ่าย ประจำวัน'!$B2,เส้นแต่งหน้าขนมปัง!S:S)+SUMIF('วางแผนBC,CJ'!$C:$C,'รับ-จ่าย ประจำวัน'!$B2,'วางแผนBC,CJ'!S:S)+SUMIF(RD!$C:$C,'รับ-จ่าย ประจำวัน'!$B2,RD!S:S)+SUMIF('FG,ออนไล,คัดแยก'!$C:$C,'รับ-จ่าย ประจำวัน'!$B2,'FG,ออนไล,คัดแยก'!S:S) -> 200 | BA2: =SUMIF(เตรียมส่วนผสม!$C:$C,'รับ-จ่าย ประจำวัน'!$B2,เตรียมส่วนผสม!T:T)+SUMIF(กวนไส้!$C:$C,'รับ-จ่าย ประจำวัน'!$B2,กวนไส้!T:T)+SUMIF(ผลิต1!$C:$C,'รับ-จ่าย ประจำวัน'!$B2,ผลิต1!T:T)+SUMIF(ผลิต2!$C:$C,'รับ-จ่าย ประจำวัน'!$B2,ผลิต2!T:T)+SUMIF(เส้นแต่งหน้าขนมเค้ก!$C:$C,'รับ-จ่าย ประจำวัน'!$B2,เส้นแต่งหน้าขนมเค้ก!T:T)+SUMIF(แพ็ค!$C:$C,'รับ-จ่าย ประจำวัน'!$B2,แพ็ค!T:T)+SUMIF(ธุรการ!$C:$C,'รับ-จ่าย ประจำวัน'!$B2,ธุรการ!T:T)+SUMIF(เส้นแต่งหน้าขนมปัง!$C:$C,'รับ-จ่าย ประจำวัน'!$B2,เส้นแต่งหน้าขนมปัง!T:T)+SUMIF('วางแผนBC,CJ'!$C:$C,'รับ-จ่าย ประจำวัน'!$B2,'วางแผนBC,CJ'!T:T)+SUMIF(RD!$C:$C,'รับ-จ่าย ประจำวัน'!$B2,RD!T:T)+SUMIF('FG,ออนไล,คัดแยก'!$C:$C,'รับ-จ่าย ประจำวัน'!$B2,'FG,ออนไล,คัดแยก'!T:T) -> 0 | BB2: =SUMIF(เตรียมส่วนผสม!$C:$C,'รับ-จ่าย ประจำวัน'!$B2,เตรียมส่วนผสม!U:U)+SUMIF(กวนไส้!$C:$C,'รับ-จ่าย ประจำวัน'!$B2,กวนไส้!U:U)+SUMIF(ผลิต1!$C:$C,'รับ-จ่าย ประจำวัน'!$B2,ผลิต1!U:U)+SUMIF(ผลิต2!$C:$C,'รับ-จ่าย ประจำวัน'!$B2,ผลิต2!U:U)+SUMIF(เส้นแต่งหน้าขนมเค้ก!$C:$C,'รับ-จ่าย ประจำวัน'!$B2,เส้นแต่งหน้าขนมเค้ก!U:U)+SUMIF(แพ็ค!$C:$C,'รับ-จ่าย ประจำวัน'!$B2,แพ็ค!U:U)+SUMIF(ธุรการ!$C:$C,'รับ-จ่าย ประจำวัน'!$B2,ธุรการ!U:U)+SUMIF(เส้นแต่งหน้าขนมปัง!$C:$C,'รับ-จ่าย ประจำวัน'!$B2,เส้นแต่งหน้าขนมปัง!U:U)+SUMIF('วางแผนBC,CJ'!$C:$C,'รับ-จ่าย ประจำวัน'!$B2,'วางแผนBC,CJ'!U:U)+SUMIF(RD!$C:$C,'รับ-จ่าย ประจำวัน'!$B2,RD!U:U)+SUMIF('FG,ออนไล,คัดแยก'!$C:$C,'รับ-จ่าย ประจำวัน'!$B2,'FG,ออนไล,คัดแยก'!U:U) -> 0 | BC2: =SUMIF(เตรียมส่วนผสม!$C:$C,'รับ-จ่าย ประจำวัน'!$B2,เตรียมส่วนผสม!V:V)+SUMIF(กวนไส้!$C:$C,'รับ-จ่าย ประจำวัน'!$B2,กวนไส้!V:V)+SUMIF(ผลิต1!$C:$C,'รับ-จ่าย ประจำวัน'!$B2,ผลิต1!V:V)+SUMIF(ผลิต2!$C:$C,'รับ-จ่าย ประจำวัน'!$B2,ผลิต2!V:V)+SUMIF(เส้นแต่งหน้าขนมเค้ก!$C:$C,'รับ-จ่าย ประจำวัน'!$B2,เส้นแต่งหน้าขนมเค้ก!V:V)+SUMIF(แพ็ค!$C:$C,'รับ-จ่าย ประจำวัน'!$B2,แพ็ค!V:V)+SUMIF(ธุรการ!$C:$C,'รับ-จ่าย ประจำวัน'!$B2,ธุรการ!V:V)+SUMIF(เส้นแต่งหน้าขนมปัง!$C:$C,'รับ-จ่าย ประจำวัน'!$B2,เส้นแต่งหน้าขนมปัง!V:V)+SUMIF('วางแผนBC,CJ'!$C:$C,'รับ-จ่าย ประจำวัน'!$B2,'วางแผนBC,CJ'!V:V)+SUMIF(RD!$C:$C,'รับ-จ่าย ประจำวัน'!$B2,RD!V:V)+SUMIF('FG,ออนไล,คัดแยก'!$C:$C,'รับ-จ่าย ประจำวัน'!$B2,'FG,ออนไล,คัดแยก'!V:V) -> 0 | BD2: =SUMIF(เตรียมส่วนผสม!$C:$C,'รับ-จ่าย ประจำวัน'!$B2,เตรียมส่วนผสม!W:W)+SUMIF(กวนไส้!$C:$C,'รับ-จ่าย ประจำวัน'!$B2,กวนไส้!W:W)+SUMIF(ผลิต1!$C:$C,'รับ-จ่าย ประจำวัน'!$B2,ผลิต1!W:W)+SUMIF(ผลิต2!$C:$C,'รับ-จ่าย ประจำวัน'!$B2,ผลิต2!W:W)+SUMIF(เส้นแต่งหน้าขนมเค้ก!$C:$C,'รับ-จ่าย ประจำวัน'!$B2,เส้นแต่งหน้าขนมเค้ก!W:W)+SUMIF(แพ็ค!$C:$C,'รับ-จ่าย ประจำวัน'!$B2,แพ็ค!W:W)+SUMIF(ธุรการ!$C:$C,'รับ-จ่าย ประจำวัน'!$B2,ธุรการ!W:W)+SUMIF(เส้นแต่งหน้าขนมปัง!$C:$C,'รับ-จ่าย ประจำวัน'!$B2,เส้นแต่งหน้าขนมปัง!W:W)+SUMIF('วางแผนBC,CJ'!$C:$C,'รับ-จ่าย ประจำวัน'!$B2,'วางแผนBC,CJ'!W:W)+SUMIF(RD!$C:$C,'รับ-จ่าย ประจำวัน'!$B2,RD!W:W)+SUMIF('FG,ออนไล,คัดแยก'!$C:$C,'รับ-จ่าย ประจำวัน'!$B2,'FG,ออนไล,คัดแยก'!W:W) -> 0 | BE2: =SUMIF(เตรียมส่วนผสม!$C:$C,'รับ-จ่าย ประจำวัน'!$B2,เตรียมส่วนผสม!X:X)+SUMIF(กวนไส้!$C:$C,'รับ-จ่าย ประจำวัน'!$B2,กวนไส้!X:X)+SUMIF(ผลิต1!$C:$C,'รับ-จ่าย ประจำวัน'!$B2,ผลิต1!X:X)+SUMIF(ผลิต2!$C:$C,'รับ-จ่าย ประจำวัน'!$B2,ผลิต2!X:X)+SUMIF(เส้นแต่งหน้าขนมเค้ก!$C:$C,'รับ-จ่าย ประจำวัน'!$B2,เส้นแต่งหน้าขนมเค้ก!X:X)+SUMIF(แพ็ค!$C:$C,'รับ-จ่าย ประจำวัน'!$B2,แพ็ค!X:X)+SUMIF(ธุรการ!$C:$C,'รับ-จ่าย ประจำวัน'!$B2,ธุรการ!X:X)+SUMIF(เส้นแต่งหน้าขนมปัง!$C:$C,'รับ-จ่าย ประจำวัน'!$B2,เส้นแต่งหน้าขนมปัง!X:X)+SUMIF('วางแผนBC,CJ'!$C:$C,'รับ-จ่าย ประจำวัน'!$B2,'วางแผนBC,CJ'!X:X)+SUMIF(RD!$C:$C,'รับ-จ่าย ประจำวัน'!$B2,RD!X:X)+SUMIF('FG,ออนไล,คัดแยก'!$C:$C,'รับ-จ่าย ประจำวัน'!$B2,'FG,ออนไล,คัดแยก'!X:X) -> 0 | BF2: =SUMIF(เตรียมส่วนผสม!$C:$C,'รับ-จ่าย ประจำวัน'!$B2,เตรียมส่วนผสม!Y:Y)+SUMIF(กวนไส้!$C:$C,'รับ-จ่าย ประจำวัน'!$B2,กวนไส้!Y:Y)+SUMIF(ผลิต1!$C:$C,'รับ-จ่าย ประจำวัน'!$B2,ผลิต1!Y:Y)+SUMIF(ผลิต2!$C:$C,'รับ-จ่าย ประจำวัน'!$B2,ผลิต2!Y:Y)+SUMIF(เส้นแต่งหน้าขนมเค้ก!$C:$C,'รับ-จ่าย ประจำวัน'!$B2,เส้นแต่งหน้าขนมเค้ก!Y:Y)+SUMIF(แพ็ค!$C:$C,'รับ-จ่าย ประจำวัน'!$B2,แพ็ค!Y:Y)+SUMIF(ธุรการ!$C:$C,'รับ-จ่าย ประจำวัน'!$B2,ธุรการ!Y:Y)+SUMIF(เส้นแต่งหน้าขนมปัง!$C:$C,'รับ-จ่าย ประจำวัน'!$B2,เส้นแต่งหน้าขนมปัง!Y:Y)+SUMIF('วางแผนBC,CJ'!$C:$C,'รับ-จ่าย ประจำวัน'!$B2,'วางแผนBC,CJ'!Y:Y)+SUMIF(RD!$C:$C,'รับ-จ่าย ประจำวัน'!$B2,RD!Y:Y)+SUMIF('FG,ออนไล,คัดแยก'!$C:$C,'รับ-จ่าย ประจำวัน'!$B2,'FG,ออนไล,คัดแยก'!Y:Y) -> 200 | BG2: =SUMIF(เตรียมส่วนผสม!$C:$C,'รับ-จ่าย ประจำวัน'!$B2,เตรียมส่วนผสม!Z:Z)+SUMIF(กวนไส้!$C:$C,'รับ-จ่าย ประจำวัน'!$B2,กวนไส้!Z:Z)+SUMIF(ผลิต1!$C:$C,'รับ-จ่าย ประจำวัน'!$B2,ผลิต1!Z:Z)+SUMIF(ผลิต2!$C:$C,'รับ-จ่าย ประจำวัน'!$B2,ผลิต2!Z:Z)+SUMIF(เส้นแต่งหน้าขนมเค้ก!$C:$C,'รับ-จ่าย ประจำวัน'!$B2,เส้นแต่งหน้าขนมเค้ก!Z:Z)+SUMIF(แพ็ค!$C:$C,'รับ-จ่าย ประจำวัน'!$B2,แพ็ค!Z:Z)+SUMIF(ธุรการ!$C:$C,'รับ-จ่าย ประจำวัน'!$B2,ธุรการ!Z:Z)+SUMIF(เส้นแต่งหน้าขนมปัง!$C:$C,'รับ-จ่าย ประจำวัน'!$B2,เส้นแต่งหน้าขนมปัง!Z:Z)+SUMIF('วางแผนBC,CJ'!$C:$C,'รับ-จ่าย ประจำวัน'!$B2,'วางแผนBC,CJ'!Z:Z)+SUMIF(RD!$C:$C,'รับ-จ่าย ประจำวัน'!$B2,RD!Z:Z)+SUMIF('FG,ออนไล,คัดแยก'!$C:$C,'รับ-จ่าย ประจำวัน'!$B2,'FG,ออนไล,คัดแยก'!Z:Z) -> 0 | BH2: =SUMIF(เตรียมส่วนผสม!$C:$C,'รับ-จ่าย ประจำวัน'!$B2,เตรียมส่วนผสม!AA:AA)+SUMIF(กวนไส้!$C:$C,'รับ-จ่าย ประจำวัน'!$B2,กวนไส้!AA:AA)+SUMIF(ผลิต1!$C:$C,'รับ-จ่าย ประจำวัน'!$B2,ผลิต1!AA:AA)+SUMIF(ผลิต2!$C:$C,'รับ-จ่าย ประจำวัน'!$B2,ผลิต2!AA:AA)+SUMIF(เส้นแต่งหน้าขนมเค้ก!$C:$C,'รับ-จ่าย ประจำวัน'!$B2,เส้นแต่งหน้าขนมเค้ก!AA:AA)+SUMIF(แพ็ค!$C:$C,'รับ-จ่าย ประจำวัน'!$B2,แพ็ค!AA:AA)+SUMIF(ธุรการ!$C:$C,'รับ-จ่าย ประจำวัน'!$B2,ธุรการ!AA:AA)+SUMIF(เส้นแต่งหน้าขนมปัง!$C:$C,'รับ-จ่าย ประจำวัน'!$B2,เส้นแต่งหน้าขนมปัง!AA:AA)+SUMIF('วางแผนBC,CJ'!$C:$C,'รับ-จ่าย ประจำวัน'!$B2,'วางแผนBC,CJ'!AA:AA)+SUMIF(RD!$C:$C,'รับ-จ่าย ประจำวัน'!$B2,RD!AA:AA)+SUMIF('FG,ออนไล,คัดแยก'!$C:$C,'รับ-จ่าย ประจำวัน'!$B2,'FG,ออนไล,คัดแยก'!AA:AA) -> 0 | BI2: =SUMIF(เตรียมส่วนผสม!$C:$C,'รับ-จ่าย ประจำวัน'!$B2,เตรียมส่วนผสม!AB:AB)+SUMIF(กวนไส้!$C:$C,'รับ-จ่าย ประจำวัน'!$B2,กวนไส้!AB:AB)+SUMIF(ผลิต1!$C:$C,'รับ-จ่าย ประจำวัน'!$B2,ผลิต1!AB:AB)+SUMIF(ผลิต2!$C:$C,'รับ-จ่าย ประจำวัน'!$B2,ผลิต2!AB:AB)+SUMIF(เส้นแต่งหน้าขนมเค้ก!$C:$C,'รับ-จ่าย ประจำวัน'!$B2,เส้นแต่งหน้าขนมเค้ก!AB:AB)+SUMIF(แพ็ค!$C:$C,'รับ-จ่าย ประจำวัน'!$B2,แพ็ค!AB:AB)+SUMIF(ธุรการ!$C:$C,'รับ-จ่าย ประจำวัน'!$B2,ธุรการ!AB:AB)+SUMIF(เส้นแต่งหน้าขนมปัง!$C:$C,'รับ-จ่าย ประจำวัน'!$B2,เส้นแต่งหน้าขนมปัง!AB:AB)+SUMIF('วางแผนBC,CJ'!$C:$C,'รับ-จ่าย ประจำวัน'!$B2,'วางแผนBC,CJ'!AB:AB)+SUMIF(RD!$C:$C,'รับ-จ่าย ประจำวัน'!$B2,RD!AB:AB)+SUMIF('FG,ออนไล,คัดแยก'!$C:$C,'รับ-จ่าย ประจำวัน'!$B2,'FG,ออนไล,คัดแยก'!AB:AB) -> 0 | BJ2: =SUMIF(เตรียมส่วนผสม!$C:$C,'รับ-จ่าย ประจำวัน'!$B2,เตรียมส่วนผสม!AC:AC)+SUMIF(กวนไส้!$C:$C,'รับ-จ่าย ประจำวัน'!$B2,กวนไส้!AC:AC)+SUMIF(ผลิต1!$C:$C,'รับ-จ่าย ประจำวัน'!$B2,ผลิต1!AC:AC)+SUMIF(ผลิต2!$C:$C,'รับ-จ่าย ประจำวัน'!$B2,ผลิต2!AC:AC)+SUMIF(เส้นแต่งหน้าขนมเค้ก!$C:$C,'รับ-จ่าย ประจำวัน'!$B2,เส้นแต่งหน้าขนมเค้ก!AC:AC)+SUMIF(แพ็ค!$C:$C,'รับ-จ่าย ประจำวัน'!$B2,แพ็ค!AC:AC)+SUMIF(ธุรการ!$C:$C,'รับ-จ่าย ประจำวัน'!$B2,ธุรการ!AC:AC)+SUMIF(เส้นแต่งหน้าขนมปัง!$C:$C,'รับ-จ่าย ประจำวัน'!$B2,เส้นแต่งหน้าขนมปัง!AC:AC)+SUMIF('วางแผนBC,CJ'!$C:$C,'รับ-จ่าย ประจำวัน'!$B2,'วางแผนBC,CJ'!AC:AC)+SUMIF(RD!$C:$C,'รับ-จ่าย ประจำวัน'!$B2,RD!AC:AC)+SUMIF('FG,ออนไล,คัดแยก'!$C:$C,'รับ-จ่าย ประจำวัน'!$B2,'FG,ออนไล,คัดแยก'!AC:AC) -> 200 | BK2: =SUMIF(เตรียมส่วนผสม!$C:$C,'รับ-จ่าย ประจำวัน'!$B2,เตรียมส่วนผสม!AD:AD)+SUMIF(กวนไส้!$C:$C,'รับ-จ่าย ประจำวัน'!$B2,กวนไส้!AD:AD)+SUMIF(ผลิต1!$C:$C,'รับ-จ่าย ประจำวัน'!$B2,ผลิต1!AD:AD)+SUMIF(ผลิต2!$C:$C,'รับ-จ่าย ประจำวัน'!$B2,ผลิต2!AD:AD)+SUMIF(เส้นแต่งหน้าขนมเค้ก!$C:$C,'รับ-จ่าย ประจำวัน'!$B2,เส้นแต่งหน้าขนมเค้ก!AD:AD)+SUMIF(แพ็ค!$C:$C,'รับ-จ่าย ประจำวัน'!$B2,แพ็ค!AD:AD)+SUMIF(ธุรการ!$C:$C,'รับ-จ่าย ประจำวัน'!$B2,ธุรการ!AD:AD)+SUMIF(เส้นแต่งหน้าขนมปัง!$C:$C,'รับ-จ่าย ประจำวัน'!$B2,เส้นแต่งหน้าขนมปัง!AD:AD)+SUMIF('วางแผนBC,CJ'!$C:$C,'รับ-จ่าย ประจำวัน'!$B2,'วางแผนBC,CJ'!AD:AD)+SUMIF(RD!$C:$C,'รับ-จ่าย ประจำวัน'!$B2,RD!AD:AD)+SUMIF('FG,ออนไล,คัดแยก'!$C:$C,'รับ-จ่าย ประจำวัน'!$B2,'FG,ออนไล,คัดแยก'!AD:AD) -> 0 | BL2: =SUMIF(เตรียมส่วนผสม!$C:$C,'รับ-จ่าย ประจำวัน'!$B2,เตรียมส่วนผสม!AE:AE)+SUMIF(กวนไส้!$C:$C,'รับ-จ่าย ประจำวัน'!$B2,กวนไส้!AE:AE)+SUMIF(ผลิต1!$C:$C,'รับ-จ่าย ประจำวัน'!$B2,ผลิต1!AE:AE)+SUMIF(ผลิต2!$C:$C,'รับ-จ่าย ประจำวัน'!$B2,ผลิต2!AE:AE)+SUMIF(เส้นแต่งหน้าขนมเค้ก!$C:$C,'รับ-จ่าย ประจำวัน'!$B2,เส้นแต่งหน้าขนมเค้ก!AE:AE)+SUMIF(แพ็ค!$C:$C,'รับ-จ่าย ประจำวัน'!$B2,แพ็ค!AE:AE)+SUMIF(ธุรการ!$C:$C,'รับ-จ่าย ประจำวัน'!$B2,ธุรการ!AE:AE)+SUMIF(เส้นแต่งหน้าขนมปัง!$C:$C,'รับ-จ่าย ประจำวัน'!$B2,เส้นแต่งหน้าขนมปัง!AE:AE)+SUMIF('วางแผนBC,CJ'!$C:$C,'รับ-จ่าย ประจำวัน'!$B2,'วางแผนBC,CJ'!AE:AE)+SUMIF(RD!$C:$C,'รับ-จ่าย ประจำวัน'!$B2,RD!AE:AE)+SUMIF('FG,ออนไล,คัดแยก'!$C:$C,'รับ-จ่าย ประจำวัน'!$B2,'FG,ออนไล,คัดแยก'!AE:AE) -> 0 | BM2: =SUMIF(เตรียมส่วนผสม!$C:$C,'รับ-จ่าย ประจำวัน'!$B2,เตรียมส่วนผสม!AF:AF)+SUMIF(กวนไส้!$C:$C,'รับ-จ่าย ประจำวัน'!$B2,กวนไส้!AF:AF)+SUMIF(ผลิต1!$C:$C,'รับ-จ่าย ประจำวัน'!$B2,ผลิต1!AF:AF)+SUMIF(ผลิต2!$C:$C,'รับ-จ่าย ประจำวัน'!$B2,ผลิต2!AF:AF)+SUMIF(เส้นแต่งหน้าขนมเค้ก!$C:$C,'รับ-จ่าย ประจำวัน'!$B2,เส้นแต่งหน้าขนมเค้ก!AF:AF)+SUMIF(แพ็ค!$C:$C,'รับ-จ่าย ประจำวัน'!$B2,แพ็ค!AF:AF)+SUMIF(ธุรการ!$C:$C,'รับ-จ่าย ประจำวัน'!$B2,ธุรการ!AF:AF)+SUMIF(เส้นแต่งหน้าขนมปัง!$C:$C,'รับ-จ่าย ประจำวัน'!$B2,เส้นแต่งหน้าขนมปัง!AF:AF)+SUMIF('วางแผนBC,CJ'!$C:$C,'รับ-จ่าย ประจำวัน'!$B2,'วางแผนBC,CJ'!AF:AF)+SUMIF(RD!$C:$C,'รับ-จ่าย ประจำวัน'!$B2,RD!AF:AF)+SUMIF('FG,ออนไล,คัดแยก'!$C:$C,'รับ-จ่าย ประจำวัน'!$B2,'FG,ออนไล,คัดแยก'!AF:AF) -> 200 | BN2: =SUMIF(เตรียมส่วนผสม!$C:$C,'รับ-จ่าย ประจำวัน'!$B2,เตรียมส่วนผสม!AG:AG)+SUMIF(กวนไส้!$C:$C,'รับ-จ่าย ประจำวัน'!$B2,กวนไส้!AG:AG)+SUMIF(ผลิต1!$C:$C,'รับ-จ่าย ประจำวัน'!$B2,ผลิต1!AG:AG)+SUMIF(ผลิต2!$C:$C,'รับ-จ่าย ประจำวัน'!$B2,ผลิต2!AG:AG)+SUMIF(เส้นแต่งหน้าขนมเค้ก!$C:$C,'รับ-จ่าย ประจำวัน'!$B2,เส้นแต่งหน้าขนมเค้ก!AG:AG)+SUMIF(แพ็ค!$C:$C,'รับ-จ่าย ประจำวัน'!$B2,แพ็ค!AG:AG)+SUMIF(ธุรการ!$C:$C,'รับ-จ่าย ประจำวัน'!$B2,ธุรการ!AG:AG)+SUMIF(เส้นแต่งหน้าขนมปัง!$C:$C,'รับ-จ่าย ประจำวัน'!$B2,เส้นแต่งหน้าขนมปัง!AG:AG)+SUMIF('วางแผนBC,CJ'!$C:$C,'รับ-จ่าย ประจำวัน'!$B2,'วางแผนBC,CJ'!AG:AG)+SUMIF(RD!$C:$C,'รับ-จ่าย ประจำวัน'!$B2,RD!AG:AG)+SUMIF('FG,ออนไล,คัดแยก'!$C:$C,'รับ-จ่าย ประจำวัน'!$B2,'FG,ออนไล,คัดแยก'!AG:AG) -> 0 | BO2: =SUMIF(เตรียมส่วนผสม!$C:$C,'รับ-จ่าย ประจำวัน'!$B2,เตรียมส่วนผสม!AH:AH)+SUMIF(กวนไส้!$C:$C,'รับ-จ่าย ประจำวัน'!$B2,กวนไส้!AH:AH)+SUMIF(ผลิต1!$C:$C,'รับ-จ่าย ประจำวัน'!$B2,ผลิต1!AH:AH)+SUMIF(ผลิต2!$C:$C,'รับ-จ่าย ประจำวัน'!$B2,ผลิต2!AH:AH)+SUMIF(เส้นแต่งหน้าขนมเค้ก!$C:$C,'รับ-จ่าย ประจำวัน'!$B2,เส้นแต่งหน้าขนมเค้ก!AH:AH)+SUMIF(แพ็ค!$C:$C,'รับ-จ่าย ประจำวัน'!$B2,แพ็ค!AH:AH)+SUMIF(ธุรการ!$C:$C,'รับ-จ่าย ประจำวัน'!$B2,ธุรการ!AH:AH)+SUMIF(เส้นแต่งหน้าขนมปัง!$C:$C,'รับ-จ่าย ประจำวัน'!$B2,เส้นแต่งหน้าขนมปัง!AH:AH)+SUMIF('วางแผนBC,CJ'!$C:$C,'รับ-จ่าย ประจำวัน'!$B2,'วางแผนBC,CJ'!AH:AH)+SUMIF(RD!$C:$C,'รับ-จ่าย ประจำวัน'!$B2,RD!AH:AH)+SUMIF('FG,ออนไล,คัดแยก'!$C:$C,'รับ-จ่าย ประจำวัน'!$B2,'FG,ออนไล,คัดแยก'!AH:AH) -> 0 | BP2: =SUMIF(เตรียมส่วนผสม!$C:$C,'รับ-จ่าย ประจำวัน'!$B2,เตรียมส่วนผสม!AI:AI)+SUMIF(กวนไส้!$C:$C,'รับ-จ่าย ประจำวัน'!$B2,กวนไส้!AI:AI)+SUMIF(ผลิต1!$C:$C,'รับ-จ่าย ประจำวัน'!$B2,ผลิต1!AI:AI)+SUMIF(ผลิต2!$C:$C,'รับ-จ่าย ประจำวัน'!$B2,ผลิต2!AI:AI)+SUMIF(เส้นแต่งหน้าขนมเค้ก!$C:$C,'รับ-จ่าย ประจำวัน'!$B2,เส้นแต่งหน้าขนมเค้ก!AI:AI)+SUMIF(แพ็ค!$C:$C,'รับ-จ่าย ประจำวัน'!$B2,แพ็ค!AI:AI)+SUMIF(ธุรการ!$C:$C,'รับ-จ่าย ประจำวัน'!$B2,ธุรการ!AI:AI)+SUMIF(เส้นแต่งหน้าขนมปัง!$C:$C,'รับ-จ่าย ประจำวัน'!$B2,เส้นแต่งหน้าขนมปัง!AI:AI)+SUMIF('วางแผนBC,CJ'!$C:$C,'รับ-จ่าย ประจำวัน'!$B2,'วางแผนBC,CJ'!AI:AI)+SUMIF(RD!$C:$C,'รับ-จ่าย ประจำวัน'!$B2,RD!AI:AI)+SUMIF('FG,ออนไล,คัดแยก'!$C:$C,'รับ-จ่าย ประจำวัน'!$B2,'FG,ออนไล,คัดแยก'!AI:AI) -> 200 | BQ2: =SUMIF(เตรียมส่วนผสม!$C:$C,'รับ-จ่าย ประจำวัน'!$B2,เตรียมส่วนผสม!AJ:AJ)+SUMIF(กวนไส้!$C:$C,'รับ-จ่าย ประจำวัน'!$B2,กวนไส้!AJ:AJ)+SUMIF(ผลิต1!$C:$C,'รับ-จ่าย ประจำวัน'!$B2,ผลิต1!AJ:AJ)+SUMIF(ผลิต2!$C:$C,'รับ-จ่าย ประจำวัน'!$B2,ผลิต2!AJ:AJ)+SUMIF(เส้นแต่งหน้าขนมเค้ก!$C:$C,'รับ-จ่าย ประจำวัน'!$B2,เส้นแต่งหน้าขนมเค้ก!AJ:AJ)+SUMIF(แพ็ค!$C:$C,'รับ-จ่าย ประจำวัน'!$B2,แพ็ค!AJ:AJ)+SUMIF(ธุรการ!$C:$C,'รับ-จ่าย ประจำวัน'!$B2,ธุรการ!AJ:AJ)+SUMIF(เส้นแต่งหน้าขนมปัง!$C:$C,'รับ-จ่าย ประจำวัน'!$B2,เส้นแต่งหน้าขนมปัง!AJ:AJ)+SUMIF('วางแผนBC,CJ'!$C:$C,'รับ-จ่าย ประจำวัน'!$B2,'วางแผนBC,CJ'!AJ:AJ)+SUMIF(RD!$C:$C,'รับ-จ่าย ประจำวัน'!$B2,RD!AJ:AJ)+SUMIF('FG,ออนไล,คัดแยก'!$C:$C,'รับ-จ่าย ประจำวัน'!$B2,'FG,ออนไล,คัดแยก'!AJ:AJ) -> 0 | BR2: =SUMIF(เตรียมส่วนผสม!$C:$C,'รับ-จ่าย ประจำวัน'!$B2,เตรียมส่วนผสม!AK:AK)+SUMIF(กวนไส้!$C:$C,'รับ-จ่าย ประจำวัน'!$B2,กวนไส้!AK:AK)+SUMIF(ผลิต1!$C:$C,'รับ-จ่าย ประจำวัน'!$B2,ผลิต1!AK:AK)+SUMIF(ผลิต2!$C:$C,'รับ-จ่าย ประจำวัน'!$B2,ผลิต2!AK:AK)+SUMIF(เส้นแต่งหน้าขนมเค้ก!$C:$C,'รับ-จ่าย ประจำวัน'!$B2,เส้นแต่งหน้าขนมเค้ก!AK:AK)+SUMIF(แพ็ค!$C:$C,'รับ-จ่าย ประจำวัน'!$B2,แพ็ค!AK:AK)+SUMIF(ธุรการ!$C:$C,'รับ-จ่าย ประจำวัน'!$B2,ธุรการ!AK:AK)+SUMIF(เส้นแต่งหน้าขนมปัง!$C:$C,'รับ-จ่าย ประจำวัน'!$B2,เส้นแต่งหน้าขนมปัง!AK:AK)+SUMIF('วางแผนBC,CJ'!$C:$C,'รับ-จ่าย ประจำวัน'!$B2,'วางแผนBC,CJ'!AK:AK)+SUMIF(RD!$C:$C,'รับ-จ่าย ประจำวัน'!$B2,RD!AK:AK)+SUMIF('FG,ออนไล,คัดแยก'!$C:$C,'รับ-จ่าย ประจำวัน'!$B2,'FG,ออนไล,คัดแยก'!AK:AK) -> 0 | BS2: =SUMIF(เตรียมส่วนผสม!$C:$C,'รับ-จ่าย ประจำวัน'!$B2,เตรียมส่วนผสม!AL:AL)+SUMIF(กวนไส้!$C:$C,'รับ-จ่าย ประจำวัน'!$B2,กวนไส้!AL:AL)+SUMIF(ผลิต1!$C:$C,'รับ-จ่าย ประจำวัน'!$B2,ผลิต1!AL:AL)+SUMIF(ผลิต2!$C:$C,'รับ-จ่าย ประจำวัน'!$B2,ผลิต2!AL:AL)+SUMIF(เส้นแต่งหน้าขนมเค้ก!$C:$C,'รับ-จ่าย ประจำวัน'!$B2,เส้นแต่งหน้าขนมเค้ก!AL:AL)+SUMIF(แพ็ค!$C:$C,'รับ-จ่าย ประจำวัน'!$B2,แพ็ค!AL:AL)+SUMIF(ธุรการ!$C:$C,'รับ-จ่าย ประจำวัน'!$B2,ธุรการ!AL:AL)+SUMIF(เส้นแต่งหน้าขนมปัง!$C:$C,'รับ-จ่าย ประจำวัน'!$B2,เส้นแต่งหน้าขนมปัง!AL:AL)+SUMIF('วางแผนBC,CJ'!$C:$C,'รับ-จ่าย ประจำวัน'!$B2,'วางแผนBC,CJ'!AL:AL)+SUMIF(RD!$C:$C,'รับ-จ่าย ประจำวัน'!$B2,RD!AL:AL)+SUMIF('FG,ออนไล,คัดแยก'!$C:$C,'รับ-จ่าย ประจำวัน'!$B2,'FG,ออนไล,คัดแยก'!AL:AL) -> 0 | BT2: =AO2+AP2+AQ2+AR2+AS2+AT2+AU2+AV2+AW2+AX2+AY2+AZ2+BA2+BB2+BC2+BD2+BE2+BF2+BG2+BH2+BI2+BJ2+BK2+BL2+BM2+BN2+BO2+BP2+BQ2+BR2+BS2 -> 2200 | BU2: 2525 | BV2: =H2+AN2-BT2 -> 3500 | BW2: 30 | BX2: =BT2/30 -> 73.333333 | BY2: =BV2/BX2 -> 47.727273 | BZ2: =+TODAY()+BY2 -> 46250.727 | CK2: =+BV2-BU2 -> 975
A3: 02-BB05 | B3: 1020501002 | C3: กล่องเค้กเบาหวิวรสกาแฟ 100g New(1ห่อ*200ใบ) รหัสไหม่ | D3: ใบ | H3: 7000 | AN3: =I3+J3+K3+L3+M3+N3+O3+P3+Q3+R3+S3+T3+U3+V3+W3+X3+Y3+Z3+AA3+AB3+AC3+AD3+AE3+AF3+AG3+AH3+AI3+AJ3+AK3+AL3+AM3 -> 0 | AO3: =SUMIF(เตรียมส่วนผสม!$C:$C,'รับ-จ่าย ประจำวัน'!$B3,เตรียมส่วนผสม!H:H)+SUMIF(กวนไส้!$C:$C,'รับ-จ่าย ประจำวัน'!$B3,กวนไส้!H:H)+SUMIF(ผลิต1!$C:$C,'รับ-จ่าย ประจำวัน'!$B3,ผลิต1!H:H)+SUMIF(ผลิต2!$C:$C,'รับ-จ่าย ประจำวัน'!$B3,ผลิต2!H:H)+SUMIF(เส้นแต่งหน้าขนมเค้ก!$C:$C,'รับ-จ่าย ประจำวัน'!$B3,เส้นแต่งหน้าขนมเค้ก!H:H)+SUMIF(แพ็ค!$C:$C,'รับ-จ่าย ประจำวัน'!$B3,แพ็ค!H:H)+SUMIF(ธุรการ!$C:$C,'รับ-จ่าย ประจำวัน'!$B3,ธุรการ!H:H)+SUMIF(เส้นแต่งหน้าขนมปัง!$C:$C,'รับ-จ่าย ประจำวัน'!$B3,เส้นแต่งหน้าขนมปัง!H:H)+SUMIF('วางแผนBC,CJ'!$C:$C,'รับ-จ่าย ประจำวัน'!$B3,'วางแผนBC,CJ'!H:H)+SUMIF(RD!$C:$C,'รับ-จ่าย ประจำวัน'!$B3,RD!H:H)+SUMIF('FG,ออนไล,คัดแยก'!$C:$C,'รับ-จ่าย ประจำวัน'!$B3,'FG,ออนไล,คัดแยก'!H:H) -> 0 | AP3: =SUMIF(เตรียมส่วนผสม!$C:$C,'รับ-จ่าย ประจำวัน'!$B3,เตรียมส่วนผสม!I:I)+SUMIF(กวนไส้!$C:$C,'รับ-จ่าย ประจำวัน'!$B3,กวนไส้!I:I)+SUMIF(ผลิต1!$C:$C,'รับ-จ่าย ประจำวัน'!$B3,ผลิต1!I:I)+SUMIF(ผลิต2!$C:$C,'รับ-จ่าย ประจำวัน'!$B3,ผลิต2!I:I)+SUMIF(เส้นแต่งหน้าขนมเค้ก!$C:$C,'รับ-จ่าย ประจำวัน'!$B3,เส้นแต่งหน้าขนมเค้ก!I:I)+SUMIF(แพ็ค!$C:$C,'รับ-จ่าย ประจำวัน'!$B3,แพ็ค!I:I)+SUMIF(ธุรการ!$C:$C,'รับ-จ่าย ประจำวัน'!$B3,ธุรการ!I:I)+SUMIF(เส้นแต่งหน้าขนมปัง!$C:$C,'รับ-จ่าย ประจำวัน'!$B3,เส้นแต่งหน้าขนมปัง!I:I)+SUMIF('วางแผนBC,CJ'!$C:$C,'รับ-จ่าย ประจำวัน'!$B3,'วางแผนBC,CJ'!I:I)+SUMIF(RD!$C:$C,'รับ-จ่าย ประจำวัน'!$B3,RD!I:I)+SUMIF('FG,ออนไล,คัดแยก'!$C:$C,'รับ-จ่าย ประจำวัน'!$B3,'FG,ออนไล,คัดแยก'!I:I) -> 200 | AQ3: =SUMIF(เตรียมส่วนผสม!$C:$C,'รับ-จ่าย ประจำวัน'!$B3,เตรียมส่วนผสม!J:J)+SUMIF(กวนไส้!$C:$C,'รับ-จ่าย ประจำวัน'!$B3,กวนไส้!J:J)+SUMIF(ผลิต1!$C:$C,'รับ-จ่าย ประจำวัน'!$B3,ผลิต1!J:J)+SUMIF(ผลิต2!$C:$C,'รับ-จ่าย ประจำวัน'!$B3,ผลิต2!J:J)+SUMIF(เส้นแต่งหน้าขนมเค้ก!$C:$C,'รับ-จ่าย ประจำวัน'!$B3,เส้นแต่งหน้าขนมเค้ก!J:J)+SUMIF(แพ็ค!$C:$C,'รับ-จ่าย ประจำวัน'!$B3,แพ็ค!J:J)+SUMIF(ธุรการ!$C:$C,'รับ-จ่าย ประจำวัน'!$B3,ธุรการ!J:J)+SUMIF(เส้นแต่งหน้าขนมปัง!$C:$C,'รับ-จ่าย ประจำวัน'!$B3,เส้นแต่งหน้าขนมปัง!J:J)+SUMIF('วางแผนBC,CJ'!$C:$C,'รับ-จ่าย ประจำวัน'!$B3,'วางแผนBC,CJ'!J:J)+SUMIF(RD!$C:$C,'รับ-จ่าย ประจำวัน'!$B3,RD!J:J)+SUMIF('FG,ออนไล,คัดแยก'!$C:$C,'รับ-จ่าย ประจำวัน'!$B3,'FG,ออนไล,คัดแยก'!J:J) -> 0 | AR3: =SUMIF(เตรียมส่วนผสม!$C:$C,'รับ-จ่าย ประจำวัน'!$B3,เตรียมส่วนผสม!K:K)+SUMIF(กวนไส้!$C:$C,'รับ-จ่าย ประจำวัน'!$B3,กวนไส้!K:K)+SUMIF(ผลิต1!$C:$C,'รับ-จ่าย ประจำวัน'!$B3,ผลิต1!K:K)+SUMIF(ผลิต2!$C:$C,'รับ-จ่าย ประจำวัน'!$B3,ผลิต2!K:K)+SUMIF(เส้นแต่งหน้าขนมเค้ก!$C:$C,'รับ-จ่าย ประจำวัน'!$B3,เส้นแต่งหน้าขนมเค้ก!K:K)+SUMIF(แพ็ค!$C:$C,'รับ-จ่าย ประจำวัน'!$B3,แพ็ค!K:K)+SUMIF(ธุรการ!$C:$C,'รับ-จ่าย ประจำวัน'!$B3,ธุรการ!K:K)+SUMIF(เส้นแต่งหน้าขนมปัง!$C:$C,'รับ-จ่าย ประจำวัน'!$B3,เส้นแต่งหน้าขนมปัง!K:K)+SUMIF('วางแผนBC,CJ'!$C:$C,'รับ-จ่าย ประจำวัน'!$B3,'วางแผนBC,CJ'!K:K)+SUMIF(RD!$C:$C,'รับ-จ่าย ประจำวัน'!$B3,RD!K:K)+SUMIF('FG,ออนไล,คัดแยก'!$C:$C,'รับ-จ่าย ประจำวัน'!$B3,'FG,ออนไล,คัดแยก'!K:K) -> 0 | AS3: =SUMIF(เตรียมส่วนผสม!$C:$C,'รับ-จ่าย ประจำวัน'!$B3,เตรียมส่วนผสม!L:L)+SUMIF(กวนไส้!$C:$C,'รับ-จ่าย ประจำวัน'!$B3,กวนไส้!L:L)+SUMIF(ผลิต1!$C:$C,'รับ-จ่าย ประจำวัน'!$B3,ผลิต1!L:L)+SUMIF(ผลิต2!$C:$C,'รับ-จ่าย ประจำวัน'!$B3,ผลิต2!L:L)+SUMIF(เส้นแต่งหน้าขนมเค้ก!$C:$C,'รับ-จ่าย ประจำวัน'!$B3,เส้นแต่งหน้าขนมเค้ก!L:L)+SUMIF(แพ็ค!$C:$C,'รับ-จ่าย ประจำวัน'!$B3,แพ็ค!L:L)+SUMIF(ธุรการ!$C:$C,'รับ-จ่าย ประจำวัน'!$B3,ธุรการ!L:L)+SUMIF(เส้นแต่งหน้าขนมปัง!$C:$C,'รับ-จ่าย ประจำวัน'!$B3,เส้นแต่งหน้าขนมปัง!L:L)+SUMIF('วางแผนBC,CJ'!$C:$C,'รับ-จ่าย ประจำวัน'!$B3,'วางแผนBC,CJ'!L:L)+SUMIF(RD!$C:$C,'รับ-จ่าย ประจำวัน'!$B3,RD!L:L)+SUMIF('FG,ออนไล,คัดแยก'!$C:$C,'รับ-จ่าย ประจำวัน'!$B3,'FG,ออนไล,คัดแยก'!L:L) -> 200 | AT3: =SUMIF(เตรียมส่วนผสม!$C:$C,'รับ-จ่าย ประจำวัน'!$B3,เตรียมส่วนผสม!M:M)+SUMIF(กวนไส้!$C:$C,'รับ-จ่าย ประจำวัน'!$B3,กวนไส้!M:M)+SUMIF(ผลิต1!$C:$C,'รับ-จ่าย ประจำวัน'!$B3,ผลิต1!M:M)+SUMIF(ผลิต2!$C:$C,'รับ-จ่าย ประจำวัน'!$B3,ผลิต2!M:M)+SUMIF(เส้นแต่งหน้าขนมเค้ก!$C:$C,'รับ-จ่าย ประจำวัน'!$B3,เส้นแต่งหน้าขนมเค้ก!M:M)+SUMIF(แพ็ค!$C:$C,'รับ-จ่าย ประจำวัน'!$B3,แพ็ค!M:M)+SUMIF(ธุรการ!$C:$C,'รับ-จ่าย ประจำวัน'!$B3,ธุรการ!M:M)+SUMIF(เส้นแต่งหน้าขนมปัง!$C:$C,'รับ-จ่าย ประจำวัน'!$B3,เส้นแต่งหน้าขนมปัง!M:M)+SUMIF('วางแผนBC,CJ'!$C:$C,'รับ-จ่าย ประจำวัน'!$B3,'วางแผนBC,CJ'!M:M)+SUMIF(RD!$C:$C,'รับ-จ่าย ประจำวัน'!$B3,RD!M:M)+SUMIF('FG,ออนไล,คัดแยก'!$C:$C,'รับ-จ่าย ประจำวัน'!$B3,'FG,ออนไล,คัดแยก'!M:M) -> 0 | AU3: =SUMIF(เตรียมส่วนผสม!$C:$C,'รับ-จ่าย ประจำวัน'!$B3,เตรียมส่วนผสม!N:N)+SUMIF(กวนไส้!$C:$C,'รับ-จ่าย ประจำวัน'!$B3,กวนไส้!N:N)+SUMIF(ผลิต1!$C:$C,'รับ-จ่าย ประจำวัน'!$B3,ผลิต1!N:N)+SUMIF(ผลิต2!$C:$C,'รับ-จ่าย ประจำวัน'!$B3,ผลิต2!N:N)+SUMIF(เส้นแต่งหน้าขนมเค้ก!$C:$C,'รับ-จ่าย ประจำวัน'!$B3,เส้นแต่งหน้าขนมเค้ก!N:N)+SUMIF(แพ็ค!$C:$C,'รับ-จ่าย ประจำวัน'!$B3,แพ็ค!N:N)+SUMIF(ธุรการ!$C:$C,'รับ-จ่าย ประจำวัน'!$B3,ธุรการ!N:N)+SUMIF(เส้นแต่งหน้าขนมปัง!$C:$C,'รับ-จ่าย ประจำวัน'!$B3,เส้นแต่งหน้าขนมปัง!N:N)+SUMIF('วางแผนBC,CJ'!$C:$C,'รับ-จ่าย ประจำวัน'!$B3,'วางแผนBC,CJ'!N:N)+SUMIF(RD!$C:$C,'รับ-จ่าย ประจำวัน'!$B3,RD!N:N)+SUMIF('FG,ออนไล,คัดแยก'!$C:$C,'รับ-จ่าย ประจำวัน'!$B3,'FG,ออนไล,คัดแยก'!N:N) -> 200 | AV3: =SUMIF(เตรียมส่วนผสม!$C:$C,'รับ-จ่าย ประจำวัน'!$B3,เตรียมส่วนผสม!O:O)+SUMIF(กวนไส้!$C:$C,'รับ-จ่าย ประจำวัน'!$B3,กวนไส้!O:O)+SUMIF(ผลิต1!$C:$C,'รับ-จ่าย ประจำวัน'!$B3,ผลิต1!O:O)+SUMIF(ผลิต2!$C:$C,'รับ-จ่าย ประจำวัน'!$B3,ผลิต2!O:O)+SUMIF(เส้นแต่งหน้าขนมเค้ก!$C:$C,'รับ-จ่าย ประจำวัน'!$B3,เส้นแต่งหน้าขนมเค้ก!O:O)+SUMIF(แพ็ค!$C:$C,'รับ-จ่าย ประจำวัน'!$B3,แพ็ค!O:O)+SUMIF(ธุรการ!$C:$C,'รับ-จ่าย ประจำวัน'!$B3,ธุรการ!O:O)+SUMIF(เส้นแต่งหน้าขนมปัง!$C:$C,'รับ-จ่าย ประจำวัน'!$B3,เส้นแต่งหน้าขนมปัง!O:O)+SUMIF('วางแผนBC,CJ'!$C:$C,'รับ-จ่าย ประจำวัน'!$B3,'วางแผนBC,CJ'!O:O)+SUMIF(RD!$C:$C,'รับ-จ่าย ประจำวัน'!$B3,RD!O:O)+SUMIF('FG,ออนไล,คัดแยก'!$C:$C,'รับ-จ่าย ประจำวัน'!$B3,'FG,ออนไล,คัดแยก'!O:O) -> 0 | AW3: =SUMIF(เตรียมส่วนผสม!$C:$C,'รับ-จ่าย ประจำวัน'!$B3,เตรียมส่วนผสม!P:P)+SUMIF(กวนไส้!$C:$C,'รับ-จ่าย ประจำวัน'!$B3,กวนไส้!P:P)+SUMIF(ผลิต1!$C:$C,'รับ-จ่าย ประจำวัน'!$B3,ผลิต1!P:P)+SUMIF(ผลิต2!$C:$C,'รับ-จ่าย ประจำวัน'!$B3,ผลิต2!P:P)+SUMIF(เส้นแต่งหน้าขนมเค้ก!$C:$C,'รับ-จ่าย ประจำวัน'!$B3,เส้นแต่งหน้าขนมเค้ก!P:P)+SUMIF(แพ็ค!$C:$C,'รับ-จ่าย ประจำวัน'!$B3,แพ็ค!P:P)+SUMIF(ธุรการ!$C:$C,'รับ-จ่าย ประจำวัน'!$B3,ธุรการ!P:P)+SUMIF(เส้นแต่งหน้าขนมปัง!$C:$C,'รับ-จ่าย ประจำวัน'!$B3,เส้นแต่งหน้าขนมปัง!P:P)+SUMIF('วางแผนBC,CJ'!$C:$C,'รับ-จ่าย ประจำวัน'!$B3,'วางแผนBC,CJ'!P:P)+SUMIF(RD!$C:$C,'รับ-จ่าย ประจำวัน'!$B3,RD!P:P)+SUMIF('FG,ออนไล,คัดแยก'!$C:$C,'รับ-จ่าย ประจำวัน'!$B3,'FG,ออนไล,คัดแยก'!P:P) -> 200 | AX3: =SUMIF(เตรียมส่วนผสม!$C:$C,'รับ-จ่าย ประจำวัน'!$B3,เตรียมส่วนผสม!Q:Q)+SUMIF(กวนไส้!$C:$C,'รับ-จ่าย ประจำวัน'!$B3,กวนไส้!Q:Q)+SUMIF(ผลิต1!$C:$C,'รับ-จ่าย ประจำวัน'!$B3,ผลิต1!Q:Q)+SUMIF(ผลิต2!$C:$C,'รับ-จ่าย ประจำวัน'!$B3,ผลิต2!Q:Q)+SUMIF(เส้นแต่งหน้าขนมเค้ก!$C:$C,'รับ-จ่าย ประจำวัน'!$B3,เส้นแต่งหน้าขนมเค้ก!Q:Q)+SUMIF(แพ็ค!$C:$C,'รับ-จ่าย ประจำวัน'!$B3,แพ็ค!Q:Q)+SUMIF(ธุรการ!$C:$C,'รับ-จ่าย ประจำวัน'!$B3,ธุรการ!Q:Q)+SUMIF(เส้นแต่งหน้าขนมปัง!$C:$C,'รับ-จ่าย ประจำวัน'!$B3,เส้นแต่งหน้าขนมปัง!Q:Q)+SUMIF('วางแผนBC,CJ'!$C:$C,'รับ-จ่าย ประจำวัน'!$B3,'วางแผนBC,CJ'!Q:Q)+SUMIF(RD!$C:$C,'รับ-จ่าย ประจำวัน'!$B3,RD!Q:Q)+SUMIF('FG,ออนไล,คัดแยก'!$C:$C,'รับ-จ่าย ประจำวัน'!$B3,'FG,ออนไล,คัดแยก'!Q:Q) -> 0 | AY3: =SUMIF(เตรียมส่วนผสม!$C:$C,'รับ-จ่าย ประจำวัน'!$B3,เตรียมส่วนผสม!R:R)+SUMIF(กวนไส้!$C:$C,'รับ-จ่าย ประจำวัน'!$B3,กวนไส้!R:R)+SUMIF(ผลิต1!$C:$C,'รับ-จ่าย ประจำวัน'!$B3,ผลิต1!R:R)+SUMIF(ผลิต2!$C:$C,'รับ-จ่าย ประจำวัน'!$B3,ผลิต2!R:R)+SUMIF(เส้นแต่งหน้าขนมเค้ก!$C:$C,'รับ-จ่าย ประจำวัน'!$B3,เส้นแต่งหน้าขนมเค้ก!R:R)+SUMIF(แพ็ค!$C:$C,'รับ-จ่าย ประจำวัน'!$B3,แพ็ค!R:R)+SUMIF(ธุรการ!$C:$C,'รับ-จ่าย ประจำวัน'!$B3,ธุรการ!R:R)+SUMIF(เส้นแต่งหน้าขนมปัง!$C:$C,'รับ-จ่าย ประจำวัน'!$B3,เส้นแต่งหน้าขนมปัง!R:R)+SUMIF('วางแผนBC,CJ'!$C:$C,'รับ-จ่าย ประจำวัน'!$B3,'วางแผนBC,CJ'!R:R)+SUMIF(RD!$C:$C,'รับ-จ่าย ประจำวัน'!$B3,RD!R:R)+SUMIF('FG,ออนไล,คัดแยก'!$C:$C,'รับ-จ่าย ประจำวัน'!$B3,'FG,ออนไล,คัดแยก'!R:R) -> 0 | AZ3: =SUMIF(เตรียมส่วนผสม!$C:$C,'รับ-จ่าย ประจำวัน'!$B3,เตรียมส่วนผสม!S:S)+SUMIF(กวนไส้!$C:$C,'รับ-จ่าย ประจำวัน'!$B3,กวนไส้!S:S)+SUMIF(ผลิต1!$C:$C,'รับ-จ่าย ประจำวัน'!$B3,ผลิต1!S:S)+SUMIF(ผลิต2!$C:$C,'รับ-จ่าย ประจำวัน'!$B3,ผลิต2!S:S)+SUMIF(เส้นแต่งหน้าขนมเค้ก!$C:$C,'รับ-จ่าย ประจำวัน'!$B3,เส้นแต่งหน้าขนมเค้ก!S:S)+SUMIF(แพ็ค!$C:$C,'รับ-จ่าย ประจำวัน'!$B3,แพ็ค!S:S)+SUMIF(ธุรการ!$C:$C,'รับ-จ่าย ประจำวัน'!$B3,ธุรการ!S:S)+SUMIF(เส้นแต่งหน้าขนมปัง!$C:$C,'รับ-จ่าย ประจำวัน'!$B3,เส้นแต่งหน้าขนมปัง!S:S)+SUMIF('วางแผนBC,CJ'!$C:$C,'รับ-จ่าย ประจำวัน'!$B3,'วางแผนBC,CJ'!S:S)+SUMIF(RD!$C:$C,'รับ-จ่าย ประจำวัน'!$B3,RD!S:S)+SUMIF('FG,ออนไล,คัดแยก'!$C:$C,'รับ-จ่าย ประจำวัน'!$B3,'FG,ออนไล,คัดแยก'!S:S) -> 200 | BA3: =SUMIF(เตรียมส่วนผสม!$C:$C,'รับ-จ่าย ประจำวัน'!$B3,เตรียมส่วนผสม!T:T)+SUMIF(กวนไส้!$C:$C,'รับ-จ่าย ประจำวัน'!$B3,กวนไส้!T:T)+SUMIF(ผลิต1!$C:$C,'รับ-จ่าย ประจำวัน'!$B3,ผลิต1!T:T)+SUMIF(ผลิต2!$C:$C,'รับ-จ่าย ประจำวัน'!$B3,ผลิต2!T:T)+SUMIF(เส้นแต่งหน้าขนมเค้ก!$C:$C,'รับ-จ่าย ประจำวัน'!$B3,เส้นแต่งหน้าขนมเค้ก!T:T)+SUMIF(แพ็ค!$C:$C,'รับ-จ่าย ประจำวัน'!$B3,แพ็ค!T:T)+SUMIF(ธุรการ!$C:$C,'รับ-จ่าย ประจำวัน'!$B3,ธุรการ!T:T)+SUMIF(เส้นแต่งหน้าขนมปัง!$C:$C,'รับ-จ่าย ประจำวัน'!$B3,เส้นแต่งหน้าขนมปัง!T:T)+SUMIF('วางแผนBC,CJ'!$C:$C,'รับ-จ่าย ประจำวัน'!$B3,'วางแผนBC,CJ'!T:T)+SUMIF(RD!$C:$C,'รับ-จ่าย ประจำวัน'!$B3,RD!T:T)+SUMIF('FG,ออนไล,คัดแยก'!$C:$C,'รับ-จ่าย ประจำวัน'!$B3,'FG,ออนไล,คัดแยก'!T:T) -> 0 | BB3: =SUMIF(เตรียมส่วนผสม!$C:$C,'รับ-จ่าย ประจำวัน'!$B3,เตรียมส่วนผสม!U:U)+SUMIF(กวนไส้!$C:$C,'รับ-จ่าย ประจำวัน'!$B3,กวนไส้!U:U)+SUMIF(ผลิต1!$C:$C,'รับ-จ่าย ประจำวัน'!$B3,ผลิต1!U:U)+SUMIF(ผลิต2!$C:$C,'รับ-จ่าย ประจำวัน'!$B3,ผลิต2!U:U)+SUMIF(เส้นแต่งหน้าขนมเค้ก!$C:$C,'รับ-จ่าย ประจำวัน'!$B3,เส้นแต่งหน้าขนมเค้ก!U:U)+SUMIF(แพ็ค!$C:$C,'รับ-จ่าย ประจำวัน'!$B3,แพ็ค!U:U)+SUMIF(ธุรการ!$C:$C,'รับ-จ่าย ประจำวัน'!$B3,ธุรการ!U:U)+SUMIF(เส้นแต่งหน้าขนมปัง!$C:$C,'รับ-จ่าย ประจำวัน'!$B3,เส้นแต่งหน้าขนมปัง!U:U)+SUMIF('วางแผนBC,CJ'!$C:$C,'รับ-จ่าย ประจำวัน'!$B3,'วางแผนBC,CJ'!U:U)+SUMIF(RD!$C:$C,'รับ-จ่าย ประจำวัน'!$B3,RD!U:U)+SUMIF('FG,ออนไล,คัดแยก'!$C:$C,'รับ-จ่าย ประจำวัน'!$B3,'FG,ออนไล,คัดแยก'!U:U) -> 0 | BC3: =SUMIF(เตรียมส่วนผสม!$C:$C,'รับ-จ่าย ประจำวัน'!$B3,เตรียมส่วนผสม!V:V)+SUMIF(กวนไส้!$C:$C,'รับ-จ่าย ประจำวัน'!$B3,กวนไส้!V:V)+SUMIF(ผลิต1!$C:$C,'รับ-จ่าย ประจำวัน'!$B3,ผลิต1!V:V)+SUMIF(ผลิต2!$C:$C,'รับ-จ่าย ประจำวัน'!$B3,ผลิต2!V:V)+SUMIF(เส้นแต่งหน้าขนมเค้ก!$C:$C,'รับ-จ่าย ประจำวัน'!$B3,เส้นแต่งหน้าขนมเค้ก!V:V)+SUMIF(แพ็ค!$C:$C,'รับ-จ่าย ประจำวัน'!$B3,แพ็ค!V:V)+SUMIF(ธุรการ!$C:$C,'รับ-จ่าย ประจำวัน'!$B3,ธุรการ!V:V)+SUMIF(เส้นแต่งหน้าขนมปัง!$C:$C,'รับ-จ่าย ประจำวัน'!$B3,เส้นแต่งหน้าขนมปัง!V:V)+SUMIF('วางแผนBC,CJ'!$C:$C,'รับ-จ่าย ประจำวัน'!$B3,'วางแผนBC,CJ'!V:V)+SUMIF(RD!$C:$C,'รับ-จ่าย ประจำวัน'!$B3,RD!V:V)+SUMIF('FG,ออนไล,คัดแยก'!$C:$C,'รับ-จ่าย ประจำวัน'!$B3,'FG,ออนไล,คัดแยก'!V:V) -> 0 | BD3: =SUMIF(เตรียมส่วนผสม!$C:$C,'รับ-จ่าย ประจำวัน'!$B3,เตรียมส่วนผสม!W:W)+SUMIF(กวนไส้!$C:$C,'รับ-จ่าย ประจำวัน'!$B3,กวนไส้!W:W)+SUMIF(ผลิต1!$C:$C,'รับ-จ่าย ประจำวัน'!$B3,ผลิต1!W:W)+SUMIF(ผลิต2!$C:$C,'รับ-จ่าย ประจำวัน'!$B3,ผลิต2!W:W)+SUMIF(เส้นแต่งหน้าขนมเค้ก!$C:$C,'รับ-จ่าย ประจำวัน'!$B3,เส้นแต่งหน้าขนมเค้ก!W:W)+SUMIF(แพ็ค!$C:$C,'รับ-จ่าย ประจำวัน'!$B3,แพ็ค!W:W)+SUMIF(ธุรการ!$C:$C,'รับ-จ่าย ประจำวัน'!$B3,ธุรการ!W:W)+SUMIF(เส้นแต่งหน้าขนมปัง!$C:$C,'รับ-จ่าย ประจำวัน'!$B3,เส้นแต่งหน้าขนมปัง!W:W)+SUMIF('วางแผนBC,CJ'!$C:$C,'รับ-จ่าย ประจำวัน'!$B3,'วางแผนBC,CJ'!W:W)+SUMIF(RD!$C:$C,'รับ-จ่าย ประจำวัน'!$B3,RD!W:W)+SUMIF('FG,ออนไล,คัดแยก'!$C:$C,'รับ-จ่าย ประจำวัน'!$B3,'FG,ออนไล,คัดแยก'!W:W) -> 0 | BE3: =SUMIF(เตรียมส่วนผสม!$C:$C,'รับ-จ่าย ประจำวัน'!$B3,เตรียมส่วนผสม!X:X)+SUMIF(กวนไส้!$C:$C,'รับ-จ่าย ประจำวัน'!$B3,กวนไส้!X:X)+SUMIF(ผลิต1!$C:$C,'รับ-จ่าย ประจำวัน'!$B3,ผลิต1!X:X)+SUMIF(ผลิต2!$C:$C,'รับ-จ่าย ประจำวัน'!$B3,ผลิต2!X:X)+SUMIF(เส้นแต่งหน้าขนมเค้ก!$C:$C,'รับ-จ่าย ประจำวัน'!$B3,เส้นแต่งหน้าขนมเค้ก!X:X)+SUMIF(แพ็ค!$C:$C,'รับ-จ่าย ประจำวัน'!$B3,แพ็ค!X:X)+SUMIF(ธุรการ!$C:$C,'รับ-จ่าย ประจำวัน'!$B3,ธุรการ!X:X)+SUMIF(เส้นแต่งหน้าขนมปัง!$C:$C,'รับ-จ่าย ประจำวัน'!$B3,เส้นแต่งหน้าขนมปัง!X:X)+SUMIF('วางแผนBC,CJ'!$C:$C,'รับ-จ่าย ประจำวัน'!$B3,'วางแผนBC,CJ'!X:X)+SUMIF(RD!$C:$C,'รับ-จ่าย ประจำวัน'!$B3,RD!X:X)+SUMIF('FG,ออนไล,คัดแยก'!$C:$C,'รับ-จ่าย ประจำวัน'!$B3,'FG,ออนไล,คัดแยก'!X:X) -> 0 | BF3: =SUMIF(เตรียมส่วนผสม!$C:$C,'รับ-จ่าย ประจำวัน'!$B3,เตรียมส่วนผสม!Y:Y)+SUMIF(กวนไส้!$C:$C,'รับ-จ่าย ประจำวัน'!$B3,กวนไส้!Y:Y)+SUMIF(ผลิต1!$C:$C,'รับ-จ่าย ประจำวัน'!$B3,ผลิต1!Y:Y)+SUMIF(ผลิต2!$C:$C,'รับ-จ่าย ประจำวัน'!$B3,ผลิต2!Y:Y)+SUMIF(เส้นแต่งหน้าขนมเค้ก!$C:$C,'รับ-จ่าย ประจำวัน'!$B3,เส้นแต่งหน้าขนมเค้ก!Y:Y)+SUMIF(แพ็ค!$C:$C,'รับ-จ่าย ประจำวัน'!$B3,แพ็ค!Y:Y)+SUMIF(ธุรการ!$C:$C,'รับ-จ่าย ประจำวัน'!$B3,ธุรการ!Y:Y)+SUMIF(เส้นแต่งหน้าขนมปัง!$C:$C,'รับ-จ่าย ประจำวัน'!$B3,เส้นแต่งหน้าขนมปัง!Y:Y)+SUMIF('วางแผนBC,CJ'!$C:$C,'รับ-จ่าย ประจำวัน'!$B3,'วางแผนBC,CJ'!Y:Y)+SUMIF(RD!$C:$C,'รับ-จ่าย ประจำวัน'!$B3,RD!Y:Y)+SUMIF('FG,ออนไล,คัดแยก'!$C:$C,'รับ-จ่าย ประจำวัน'!$B3,'FG,ออนไล,คัดแยก'!Y:Y) -> 0 | BG3: =SUMIF(เตรียมส่วนผสม!$C:$C,'รับ-จ่าย ประจำวัน'!$B3,เตรียมส่วนผสม!Z:Z)+SUMIF(กวนไส้!$C:$C,'รับ-จ่าย ประจำวัน'!$B3,กวนไส้!Z:Z)+SUMIF(ผลิต1!$C:$C,'รับ-จ่าย ประจำวัน'!$B3,ผลิต1!Z:Z)+SUMIF(ผลิต2!$C:$C,'รับ-จ่าย ประจำวัน'!$B3,ผลิต2!Z:Z)+SUMIF(เส้นแต่งหน้าขนมเค้ก!$C:$C,'รับ-จ่าย ประจำวัน'!$B3,เส้นแต่งหน้าขนมเค้ก!Z:Z)+SUMIF(แพ็ค!$C:$C,'รับ-จ่าย ประจำวัน'!$B3,แพ็ค!Z:Z)+SUMIF(ธุรการ!$C:$C,'รับ-จ่าย ประจำวัน'!$B3,ธุรการ!Z:Z)+SUMIF(เส้นแต่งหน้าขนมปัง!$C:$C,'รับ-จ่าย ประจำวัน'!$B3,เส้นแต่งหน้าขนมปัง!Z:Z)+SUMIF('วางแผนBC,CJ'!$C:$C,'รับ-จ่าย ประจำวัน'!$B3,'วางแผนBC,CJ'!Z:Z)+SUMIF(RD!$C:$C,'รับ-จ่าย ประจำวัน'!$B3,RD!Z:Z)+SUMIF('FG,ออนไล,คัดแยก'!$C:$C,'รับ-จ่าย ประจำวัน'!$B3,'FG,ออนไล,คัดแยก'!Z:Z) -> 0 | BH3: =SUMIF(เตรียมส่วนผสม!$C:$C,'รับ-จ่าย ประจำวัน'!$B3,เตรียมส่วนผสม!AA:AA)+SUMIF(กวนไส้!$C:$C,'รับ-จ่าย ประจำวัน'!$B3,กวนไส้!AA:AA)+SUMIF(ผลิต1!$C:$C,'รับ-จ่าย ประจำวัน'!$B3,ผลิต1!AA:AA)+SUMIF(ผลิต2!$C:$C,'รับ-จ่าย ประจำวัน'!$B3,ผลิต2!AA:AA)+SUMIF(เส้นแต่งหน้าขนมเค้ก!$C:$C,'รับ-จ่าย ประจำวัน'!$B3,เส้นแต่งหน้าขนมเค้ก!AA:AA)+SUMIF(แพ็ค!$C:$C,'รับ-จ่าย ประจำวัน'!$B3,แพ็ค!AA:AA)+SUMIF(ธุรการ!$C:$C,'รับ-จ่าย ประจำวัน'!$B3,ธุรการ!AA:AA)+SUMIF(เส้นแต่งหน้าขนมปัง!$C:$C,'รับ-จ่าย ประจำวัน'!$B3,เส้นแต่งหน้าขนมปัง!AA:AA)+SUMIF('วางแผนBC,CJ'!$C:$C,'รับ-จ่าย ประจำวัน'!$B3,'วางแผนBC,CJ'!AA:AA)+SUMIF(RD!$C:$C,'รับ-จ่าย ประจำวัน'!$B3,RD!AA:AA)+SUMIF('FG,ออนไล,คัดแยก'!$C:$C,'รับ-จ่าย ประจำวัน'!$B3,'FG,ออนไล,คัดแยก'!AA:AA) -> 0 | BI3: =SUMIF(เตรียมส่วนผสม!$C:$C,'รับ-จ่าย ประจำวัน'!$B3,เตรียมส่วนผสม!AB:AB)+SUMIF(กวนไส้!$C:$C,'รับ-จ่าย ประจำวัน'!$B3,กวนไส้!AB:AB)+SUMIF(ผลิต1!$C:$C,'รับ-จ่าย ประจำวัน'!$B3,ผลิต1!AB:AB)+SUMIF(ผลิต2!$C:$C,'รับ-จ่าย ประจำวัน'!$B3,ผลิต2!AB:AB)+SUMIF(เส้นแต่งหน้าขนมเค้ก!$C:$C,'รับ-จ่าย ประจำวัน'!$B3,เส้นแต่งหน้าขนมเค้ก!AB:AB)+SUMIF(แพ็ค!$C:$C,'รับ-จ่าย ประจำวัน'!$B3,แพ็ค!AB:AB)+SUMIF(ธุรการ!$C:$C,'รับ-จ่าย ประจำวัน'!$B3,ธุรการ!AB:AB)+SUMIF(เส้นแต่งหน้าขนมปัง!$C:$C,'รับ-จ่าย ประจำวัน'!$B3,เส้นแต่งหน้าขนมปัง!AB:AB)+SUMIF('วางแผนBC,CJ'!$C:$C,'รับ-จ่าย ประจำวัน'!$B3,'วางแผนBC,CJ'!AB:AB)+SUMIF(RD!$C:$C,'รับ-จ่าย ประจำวัน'!$B3,RD!AB:AB)+SUMIF('FG,ออนไล,คัดแยก'!$C:$C,'รับ-จ่าย ประจำวัน'!$B3,'FG,ออนไล,คัดแยก'!AB:AB) -> 200 | BJ3: =SUMIF(เตรียมส่วนผสม!$C:$C,'รับ-จ่าย ประจำวัน'!$B3,เตรียมส่วนผสม!AC:AC)+SUMIF(กวนไส้!$C:$C,'รับ-จ่าย ประจำวัน'!$B3,กวนไส้!AC:AC)+SUMIF(ผลิต1!$C:$C,'รับ-จ่าย ประจำวัน'!$B3,ผลิต1!AC:AC)+SUMIF(ผลิต2!$C:$C,'รับ-จ่าย ประจำวัน'!$B3,ผลิต2!AC:AC)+SUMIF(เส้นแต่งหน้าขนมเค้ก!$C:$C,'รับ-จ่าย ประจำวัน'!$B3,เส้นแต่งหน้าขนมเค้ก!AC:AC)+SUMIF(แพ็ค!$C:$C,'รับ-จ่าย ประจำวัน'!$B3,แพ็ค!AC:AC)+SUMIF(ธุรการ!$C:$C,'รับ-จ่าย ประจำวัน'!$B3,ธุรการ!AC:AC)+SUMIF(เส้นแต่งหน้าขนมปัง!$C:$C,'รับ-จ่าย ประจำวัน'!$B3,เส้นแต่งหน้าขนมปัง!AC:AC)+SUMIF('วางแผนBC,CJ'!$C:$C,'รับ-จ่าย ประจำวัน'!$B3,'วางแผนBC,CJ'!AC:AC)+SUMIF(RD!$C:$C,'รับ-จ่าย ประจำวัน'!$B3,RD!AC:AC)+SUMIF('FG,ออนไล,คัดแยก'!$C:$C,'รับ-จ่าย ประจำวัน'!$B3,'FG,ออนไล,คัดแยก'!AC:AC) -> 0 | BK3: =SUMIF(เตรียมส่วนผสม!$C:$C,'รับ-จ่าย ประจำวัน'!$B3,เตรียมส่วนผสม!AD:AD)+SUMIF(กวนไส้!$C:$C,'รับ-จ่าย ประจำวัน'!$B3,กวนไส้!AD:AD)+SUMIF(ผลิต1!$C:$C,'รับ-จ่าย ประจำวัน'!$B3,ผลิต1!AD:AD)+SUMIF(ผลิต2!$C:$C,'รับ-จ่าย ประจำวัน'!$B3,ผลิต2!AD:AD)+SUMIF(เส้นแต่งหน้าขนมเค้ก!$C:$C,'รับ-จ่าย ประจำวัน'!$B3,เส้นแต่งหน้าขนมเค้ก!AD:AD)+SUMIF(แพ็ค!$C:$C,'รับ-จ่าย ประจำวัน'!$B3,แพ็ค!AD:AD)+SUMIF(ธุรการ!$C:$C,'รับ-จ่าย ประจำวัน'!$B3,ธุรการ!AD:AD)+SUMIF(เส้นแต่งหน้าขนมปัง!$C:$C,'รับ-จ่าย ประจำวัน'!$B3,เส้นแต่งหน้าขนมปัง!AD:AD)+SUMIF('วางแผนBC,CJ'!$C:$C,'รับ-จ่าย ประจำวัน'!$B3,'วางแผนBC,CJ'!AD:AD)+SUMIF(RD!$C:$C,'รับ-จ่าย ประจำวัน'!$B3,RD!AD:AD)+SUMIF('FG,ออนไล,คัดแยก'!$C:$C,'รับ-จ่าย ประจำวัน'!$B3,'FG,ออนไล,คัดแยก'!AD:AD) -> 0 | BL3: =SUMIF(เตรียมส่วนผสม!$C:$C,'รับ-จ่าย ประจำวัน'!$B3,เตรียมส่วนผสม!AE:AE)+SUMIF(กวนไส้!$C:$C,'รับ-จ่าย ประจำวัน'!$B3,กวนไส้!AE:AE)+SUMIF(ผลิต1!$C:$C,'รับ-จ่าย ประจำวัน'!$B3,ผลิต1!AE:AE)+SUMIF(ผลิต2!$C:$C,'รับ-จ่าย ประจำวัน'!$B3,ผลิต2!AE:AE)+SUMIF(เส้นแต่งหน้าขนมเค้ก!$C:$C,'รับ-จ่าย ประจำวัน'!$B3,เส้นแต่งหน้าขนมเค้ก!AE:AE)+SUMIF(แพ็ค!$C:$C,'รับ-จ่าย ประจำวัน'!$B3,แพ็ค!AE:AE)+SUMIF(ธุรการ!$C:$C,'รับ-จ่าย ประจำวัน'!$B3,ธุรการ!AE:AE)+SUMIF(เส้นแต่งหน้าขนมปัง!$C:$C,'รับ-จ่าย ประจำวัน'!$B3,เส้นแต่งหน้าขนมปัง!AE:AE)+SUMIF('วางแผนBC,CJ'!$C:$C,'รับ-จ่าย ประจำวัน'!$B3,'วางแผนBC,CJ'!AE:AE)+SUMIF(RD!$C:$C,'รับ-จ่าย ประจำวัน'!$B3,RD!AE:AE)+SUMIF('FG,ออนไล,คัดแยก'!$C:$C,'รับ-จ่าย ประจำวัน'!$B3,'FG,ออนไล,คัดแยก'!AE:AE) -> 200 | BM3: =SUMIF(เตรียมส่วนผสม!$C:$C,'รับ-จ่าย ประจำวัน'!$B3,เตรียมส่วนผสม!AF:AF)+SUMIF(กวนไส้!$C:$C,'รับ-จ่าย ประจำวัน'!$B3,กวนไส้!AF:AF)+SUMIF(ผลิต1!$C:$C,'รับ-จ่าย ประจำวัน'!$B3,ผลิต1!AF:AF)+SUMIF(ผลิต2!$C:$C,'รับ-จ่าย ประจำวัน'!$B3,ผลิต2!AF:AF)+SUMIF(เส้นแต่งหน้าขนมเค้ก!$C:$C,'รับ-จ่าย ประจำวัน'!$B3,เส้นแต่งหน้าขนมเค้ก!AF:AF)+SUMIF(แพ็ค!$C:$C,'รับ-จ่าย ประจำวัน'!$B3,แพ็ค!AF:AF)+SUMIF(ธุรการ!$C:$C,'รับ-จ่าย ประจำวัน'!$B3,ธุรการ!AF:AF)+SUMIF(เส้นแต่งหน้าขนมปัง!$C:$C,'รับ-จ่าย ประจำวัน'!$B3,เส้นแต่งหน้าขนมปัง!AF:AF)+SUMIF('วางแผนBC,CJ'!$C:$C,'รับ-จ่าย ประจำวัน'!$B3,'วางแผนBC,CJ'!AF:AF)+SUMIF(RD!$C:$C,'รับ-จ่าย ประจำวัน'!$B3,RD!AF:AF)+SUMIF('FG,ออนไล,คัดแยก'!$C:$C,'รับ-จ่าย ประจำวัน'!$B3,'FG,ออนไล,คัดแยก'!AF:AF) -> 0 | BN3: =SUMIF(เตรียมส่วนผสม!$C:$C,'รับ-จ่าย ประจำวัน'!$B3,เตรียมส่วนผสม!AG:AG)+SUMIF(กวนไส้!$C:$C,'รับ-จ่าย ประจำวัน'!$B3,กวนไส้!AG:AG)+SUMIF(ผลิต1!$C:$C,'รับ-จ่าย ประจำวัน'!$B3,ผลิต1!AG:AG)+SUMIF(ผลิต2!$C:$C,'รับ-จ่าย ประจำวัน'!$B3,ผลิต2!AG:AG)+SUMIF(เส้นแต่งหน้าขนมเค้ก!$C:$C,'รับ-จ่าย ประจำวัน'!$B3,เส้นแต่งหน้าขนมเค้ก!AG:AG)+SUMIF(แพ็ค!$C:$C,'รับ-จ่าย ประจำวัน'!$B3,แพ็ค!AG:AG)+SUMIF(ธุรการ!$C:$C,'รับ-จ่าย ประจำวัน'!$B3,ธุรการ!AG:AG)+SUMIF(เส้นแต่งหน้าขนมปัง!$C:$C,'รับ-จ่าย ประจำวัน'!$B3,เส้นแต่งหน้าขนมปัง!AG:AG)+SUMIF('วางแผนBC,CJ'!$C:$C,'รับ-จ่าย ประจำวัน'!$B3,'วางแผนBC,CJ'!AG:AG)+SUMIF(RD!$C:$C,'รับ-จ่าย ประจำวัน'!$B3,RD!AG:AG)+SUMIF('FG,ออนไล,คัดแยก'!$C:$C,'รับ-จ่าย ประจำวัน'!$B3,'FG,ออนไล,คัดแยก'!AG:AG) -> 0 | BO3: =SUMIF(เตรียมส่วนผสม!$C:$C,'รับ-จ่าย ประจำวัน'!$B3,เตรียมส่วนผสม!AH:AH)+SUMIF(กวนไส้!$C:$C,'รับ-จ่าย ประจำวัน'!$B3,กวนไส้!AH:AH)+SUMIF(ผลิต1!$C:$C,'รับ-จ่าย ประจำวัน'!$B3,ผลิต1!AH:AH)+SUMIF(ผลิต2!$C:$C,'รับ-จ่าย ประจำวัน'!$B3,ผลิต2!AH:AH)+SUMIF(เส้นแต่งหน้าขนมเค้ก!$C:$C,'รับ-จ่าย ประจำวัน'!$B3,เส้นแต่งหน้าขนมเค้ก!AH:AH)+SUMIF(แพ็ค!$C:$C,'รับ-จ่าย ประจำวัน'!$B3,แพ็ค!AH:AH)+SUMIF(ธุรการ!$C:$C,'รับ-จ่าย ประจำวัน'!$B3,ธุรการ!AH:AH)+SUMIF(เส้นแต่งหน้าขนมปัง!$C:$C,'รับ-จ่าย ประจำวัน'!$B3,เส้นแต่งหน้าขนมปัง!AH:AH)+SUMIF('วางแผนBC,CJ'!$C:$C,'รับ-จ่าย ประจำวัน'!$B3,'วางแผนBC,CJ'!AH:AH)+SUMIF(RD!$C:$C,'รับ-จ่าย ประจำวัน'!$B3,RD!AH:AH)+SUMIF('FG,ออนไล,คัดแยก'!$C:$C,'รับ-จ่าย ประจำวัน'!$B3,'FG,ออนไล,คัดแยก'!AH:AH) -> 0 | BP3: =SUMIF(เตรียมส่วนผสม!$C:$C,'รับ-จ่าย ประจำวัน'!$B3,เตรียมส่วนผสม!AI:AI)+SUMIF(กวนไส้!$C:$C,'รับ-จ่าย ประจำวัน'!$B3,กวนไส้!AI:AI)+SUMIF(ผลิต1!$C:$C,'รับ-จ่าย ประจำวัน'!$B3,ผลิต1!AI:AI)+SUMIF(ผลิต2!$C:$C,'รับ-จ่าย ประจำวัน'!$B3,ผลิต2!AI:AI)+SUMIF(เส้นแต่งหน้าขนมเค้ก!$C:$C,'รับ-จ่าย ประจำวัน'!$B3,เส้นแต่งหน้าขนมเค้ก!AI:AI)+SUMIF(แพ็ค!$C:$C,'รับ-จ่าย ประจำวัน'!$B3,แพ็ค!AI:AI)+SUMIF(ธุรการ!$C:$C,'รับ-จ่าย ประจำวัน'!$B3,ธุรการ!AI:AI)+SUMIF(เส้นแต่งหน้าขนมปัง!$C:$C,'รับ-จ่าย ประจำวัน'!$B3,เส้นแต่งหน้าขนมปัง!AI:AI)+SUMIF('วางแผนBC,CJ'!$C:$C,'รับ-จ่าย ประจำวัน'!$B3,'วางแผนBC,CJ'!AI:AI)+SUMIF(RD!$C:$C,'รับ-จ่าย ประจำวัน'!$B3,RD!AI:AI)+SUMIF('FG,ออนไล,คัดแยก'!$C:$C,'รับ-จ่าย ประจำวัน'!$B3,'FG,ออนไล,คัดแยก'!AI:AI) -> 0 | BQ3: =SUMIF(เตรียมส่วนผสม!$C:$C,'รับ-จ่าย ประจำวัน'!$B3,เตรียมส่วนผสม!AJ:AJ)+SUMIF(กวนไส้!$C:$C,'รับ-จ่าย ประจำวัน'!$B3,กวนไส้!AJ:AJ)+SUMIF(ผลิต1!$C:$C,'รับ-จ่าย ประจำวัน'!$B3,ผลิต1!AJ:AJ)+SUMIF(ผลิต2!$C:$C,'รับ-จ่าย ประจำวัน'!$B3,ผลิต2!AJ:AJ)+SUMIF(เส้นแต่งหน้าขนมเค้ก!$C:$C,'รับ-จ่าย ประจำวัน'!$B3,เส้นแต่งหน้าขนมเค้ก!AJ:AJ)+SUMIF(แพ็ค!$C:$C,'รับ-จ่าย ประจำวัน'!$B3,แพ็ค!AJ:AJ)+SUMIF(ธุรการ!$C:$C,'รับ-จ่าย ประจำวัน'!$B3,ธุรการ!AJ:AJ)+SUMIF(เส้นแต่งหน้าขนมปัง!$C:$C,'รับ-จ่าย ประจำวัน'!$B3,เส้นแต่งหน้าขนมปัง!AJ:AJ)+SUMIF('วางแผนBC,CJ'!$C:$C,'รับ-จ่าย ประจำวัน'!$B3,'วางแผนBC,CJ'!AJ:AJ)+SUMIF(RD!$C:$C,'รับ-จ่าย ประจำวัน'!$B3,RD!AJ:AJ)+SUMIF('FG,ออนไล,คัดแยก'!$C:$C,'รับ-จ่าย ประจำวัน'!$B3,'FG,ออนไล,คัดแยก'!AJ:AJ) -> 0 | BR3: =SUMIF(เตรียมส่วนผสม!$C:$C,'รับ-จ่าย ประจำวัน'!$B3,เตรียมส่วนผสม!AK:AK)+SUMIF(กวนไส้!$C:$C,'รับ-จ่าย ประจำวัน'!$B3,กวนไส้!AK:AK)+SUMIF(ผลิต1!$C:$C,'รับ-จ่าย ประจำวัน'!$B3,ผลิต1!AK:AK)+SUMIF(ผลิต2!$C:$C,'รับ-จ่าย ประจำวัน'!$B3,ผลิต2!AK:AK)+SUMIF(เส้นแต่งหน้าขนมเค้ก!$C:$C,'รับ-จ่าย ประจำวัน'!$B3,เส้นแต่งหน้าขนมเค้ก!AK:AK)+SUMIF(แพ็ค!$C:$C,'รับ-จ่าย ประจำวัน'!$B3,แพ็ค!AK:AK)+SUMIF(ธุรการ!$C:$C,'รับ-จ่าย ประจำวัน'!$B3,ธุรการ!AK:AK)+SUMIF(เส้นแต่งหน้าขนมปัง!$C:$C,'รับ-จ่าย ประจำวัน'!$B3,เส้นแต่งหน้าขนมปัง!AK:AK)+SUMIF('วางแผนBC,CJ'!$C:$C,'รับ-จ่าย ประจำวัน'!$B3,'วางแผนBC,CJ'!AK:AK)+SUMIF(RD!$C:$C,'รับ-จ่าย ประจำวัน'!$B3,RD!AK:AK)+SUMIF('FG,ออนไล,คัดแยก'!$C:$C,'รับ-จ่าย ประจำวัน'!$B3,'FG,ออนไล,คัดแยก'!AK:AK) -> 0 | BS3: =SUMIF(เตรียมส่วนผสม!$C:$C,'รับ-จ่าย ประจำวัน'!$B3,เตรียมส่วนผสม!AL:AL)+SUMIF(กวนไส้!$C:$C,'รับ-จ่าย ประจำวัน'!$B3,กวนไส้!AL:AL)+SUMIF(ผลิต1!$C:$C,'รับ-จ่าย ประจำวัน'!$B3,ผลิต1!AL:AL)+SUMIF(ผลิต2!$C:$C,'รับ-จ่าย ประจำวัน'!$B3,ผลิต2!AL:AL)+SUMIF(เส้นแต่งหน้าขนมเค้ก!$C:$C,'รับ-จ่าย ประจำวัน'!$B3,เส้นแต่งหน้าขนมเค้ก!AL:AL)+SUMIF(แพ็ค!$C:$C,'รับ-จ่าย ประจำวัน'!$B3,แพ็ค!AL:AL)+SUMIF(ธุรการ!$C:$C,'รับ-จ่าย ประจำวัน'!$B3,ธุรการ!AL:AL)+SUMIF(เส้นแต่งหน้าขนมปัง!$C:$C,'รับ-จ่าย ประจำวัน'!$B3,เส้นแต่งหน้าขนมปัง!AL:AL)+SUMIF('วางแผนBC,CJ'!$C:$C,'รับ-จ่าย ประจำวัน'!$B3,'วางแผนBC,CJ'!AL:AL)+SUMIF(RD!$C:$C,'รับ-จ่าย ประจำวัน'!$B3,RD!AL:AL)+SUMIF('FG,ออนไล,คัดแยก'!$C:$C,'รับ-จ่าย ประจำวัน'!$B3,'FG,ออนไล,คัดแยก'!AL:AL) -> 0 | BT3: =AO3+AP3+AQ3+AR3+AS3+AT3+AU3+AV3+AW3+AX3+AY3+AZ3+BA3+BB3+BC3+BD3+BE3+BF3+BG3+BH3+BI3+BJ3+BK3+BL3+BM3+BN3+BO3+BP3+BQ3+BR3+BS3 -> 1400 | BV3: =H3+AN3-BT3 -> 5600 | BW3: 30 | BX3: =BT3/30 -> 46.666667 | BY3: =BV3/BX3 -> 120 | BZ3: =+TODAY()+BY3 -> 46323 | CK3: =+BV3-BU3 -> 5600
A4: 02-BB07 | B4: 1024301001 | C4: กล่องเค้กเบาหวิวรสกาแฟ 300g. New(1ห่อ*200ใบ) | D4: ใบ | E4: 0 | G4: - | H4: 1300 | AN4: =I4+J4+K4+L4+M4+N4+O4+P4+Q4+R4+S4+T4+U4+V4+W4+X4+Y4+Z4+AA4+AB4+AC4+AD4+AE4+AF4+AG4+AH4+AI4+AJ4+AK4+AL4+AM4 -> 0 | AO4: =SUMIF(เตรียมส่วนผสม!$C:$C,'รับ-จ่าย ประจำวัน'!$B4,เตรียมส่วนผสม!H:H)+SUMIF(กวนไส้!$C:$C,'รับ-จ่าย ประจำวัน'!$B4,กวนไส้!H:H)+SUMIF(ผลิต1!$C:$C,'รับ-จ่าย ประจำวัน'!$B4,ผลิต1!H:H)+SUMIF(ผลิต2!$C:$C,'รับ-จ่าย ประจำวัน'!$B4,ผลิต2!H:H)+SUMIF(เส้นแต่งหน้าขนมเค้ก!$C:$C,'รับ-จ่าย ประจำวัน'!$B4,เส้นแต่งหน้าขนมเค้ก!H:H)+SUMIF(แพ็ค!$C:$C,'รับ-จ่าย ประจำวัน'!$B4,แพ็ค!H:H)+SUMIF(ธุรการ!$C:$C,'รับ-จ่าย ประจำวัน'!$B4,ธุรการ!H:H)+SUMIF(เส้นแต่งหน้าขนมปัง!$C:$C,'รับ-จ่าย ประจำวัน'!$B4,เส้นแต่งหน้าขนมปัง!H:H)+SUMIF('วางแผนBC,CJ'!$C:$C,'รับ-จ่าย ประจำวัน'!$B4,'วางแผนBC,CJ'!H:H)+SUMIF(RD!$C:$C,'รับ-จ่าย ประจำวัน'!$B4,RD!H:H)+SUMIF('FG,ออนไล,คัดแยก'!$C:$C,'รับ-จ่าย ประจำวัน'!$B4,'FG,ออนไล,คัดแยก'!H:H) -> 0 | AP4: =SUMIF(เตรียมส่วนผสม!$C:$C,'รับ-จ่าย ประจำวัน'!$B4,เตรียมส่วนผสม!I:I)+SUMIF(กวนไส้!$C:$C,'รับ-จ่าย ประจำวัน'!$B4,กวนไส้!I:I)+SUMIF(ผลิต1!$C:$C,'รับ-จ่าย ประจำวัน'!$B4,ผลิต1!I:I)+SUMIF(ผลิต2!$C:$C,'รับ-จ่าย ประจำวัน'!$B4,ผลิต2!I:I)+SUMIF(เส้นแต่งหน้าขนมเค้ก!$C:$C,'รับ-จ่าย ประจำวัน'!$B4,เส้นแต่งหน้าขนมเค้ก!I:I)+SUMIF(แพ็ค!$C:$C,'รับ-จ่าย ประจำวัน'!$B4,แพ็ค!I:I)+SUMIF(ธุรการ!$C:$C,'รับ-จ่าย ประจำวัน'!$B4,ธุรการ!I:I)+SUMIF(เส้นแต่งหน้าขนมปัง!$C:$C,'รับ-จ่าย ประจำวัน'!$B4,เส้นแต่งหน้าขนมปัง!I:I)+SUMIF('วางแผนBC,CJ'!$C:$C,'รับ-จ่าย ประจำวัน'!$B4,'วางแผนBC,CJ'!I:I)+SUMIF(RD!$C:$C,'รับ-จ่าย ประจำวัน'!$B4,RD!I:I)+SUMIF('FG,ออนไล,คัดแยก'!$C:$C,'รับ-จ่าย ประจำวัน'!$B4,'FG,ออนไล,คัดแยก'!I:I) -> 0 | AQ4: =SUMIF(เตรียมส่วนผสม!$C:$C,'รับ-จ่าย ประจำวัน'!$B4,เตรียมส่วนผสม!J:J)+SUMIF(กวนไส้!$C:$C,'รับ-จ่าย ประจำวัน'!$B4,กวนไส้!J:J)+SUMIF(ผลิต1!$C:$C,'รับ-จ่าย ประจำวัน'!$B4,ผลิต1!J:J)+SUMIF(ผลิต2!$C:$C,'รับ-จ่าย ประจำวัน'!$B4,ผลิต2!J:J)+SUMIF(เส้นแต่งหน้าขนมเค้ก!$C:$C,'รับ-จ่าย ประจำวัน'!$B4,เส้นแต่งหน้าขนมเค้ก!J:J)+SUMIF(แพ็ค!$C:$C,'รับ-จ่าย ประจำวัน'!$B4,แพ็ค!J:J)+SUMIF(ธุรการ!$C:$C,'รับ-จ่าย ประจำวัน'!$B4,ธุรการ!J:J)+SUMIF(เส้นแต่งหน้าขนมปัง!$C:$C,'รับ-จ่าย ประจำวัน'!$B4,เส้นแต่งหน้าขนมปัง!J:J)+SUMIF('วางแผนBC,CJ'!$C:$C,'รับ-จ่าย ประจำวัน'!$B4,'วางแผนBC,CJ'!J:J)+SUMIF(RD!$C:$C,'รับ-จ่าย ประจำวัน'!$B4,RD!J:J)+SUMIF('FG,ออนไล,คัดแยก'!$C:$C,'รับ-จ่าย ประจำวัน'!$B4,'FG,ออนไล,คัดแยก'!J:J) -> 0 | AR4: =SUMIF(เตรียมส่วนผสม!$C:$C,'รับ-จ่าย ประจำวัน'!$B4,เตรียมส่วนผสม!K:K)+SUMIF(กวนไส้!$C:$C,'รับ-จ่าย ประจำวัน'!$B4,กวนไส้!K:K)+SUMIF(ผลิต1!$C:$C,'รับ-จ่าย ประจำวัน'!$B4,ผลิต1!K:K)+SUMIF(ผลิต2!$C:$C,'รับ-จ่าย ประจำวัน'!$B4,ผลิต2!K:K)+SUMIF(เส้นแต่งหน้าขนมเค้ก!$C:$C,'รับ-จ่าย ประจำวัน'!$B4,เส้นแต่งหน้าขนมเค้ก!K:K)+SUMIF(แพ็ค!$C:$C,'รับ-จ่าย ประจำวัน'!$B4,แพ็ค!K:K)+SUMIF(ธุรการ!$C:$C,'รับ-จ่าย ประจำวัน'!$B4,ธุรการ!K:K)+SUMIF(เส้นแต่งหน้าขนมปัง!$C:$C,'รับ-จ่าย ประจำวัน'!$B4,เส้นแต่งหน้าขนมปัง!K:K)+SUMIF('วางแผนBC,CJ'!$C:$C,'รับ-จ่าย ประจำวัน'!$B4,'วางแผนBC,CJ'!K:K)+SUMIF(RD!$C:$C,'รับ-จ่าย ประจำวัน'!$B4,RD!K:K)+SUMIF('FG,ออนไล,คัดแยก'!$C:$C,'รับ-จ่าย ประจำวัน'!$B4,'FG,ออนไล,คัดแยก'!K:K) -> 0 | AS4: =SUMIF(เตรียมส่วนผสม!$C:$C,'รับ-จ่าย ประจำวัน'!$B4,เตรียมส่วนผสม!L:L)+SUMIF(กวนไส้!$C:$C,'รับ-จ่าย ประจำวัน'!$B4,กวนไส้!L:L)+SUMIF(ผลิต1!$C:$C,'รับ-จ่าย ประจำวัน'!$B4,ผลิต1!L:L)+SUMIF(ผลิต2!$C:$C,'รับ-จ่าย ประจำวัน'!$B4,ผลิต2!L:L)+SUMIF(เส้นแต่งหน้าขนมเค้ก!$C:$C,'รับ-จ่าย ประจำวัน'!$B4,เส้นแต่งหน้าขนมเค้ก!L:L)+SUMIF(แพ็ค!$C:$C,'รับ-จ่าย ประจำวัน'!$B4,แพ็ค!L:L)+SUMIF(ธุรการ!$C:$C,'รับ-จ่าย ประจำวัน'!$B4,ธุรการ!L:L)+SUMIF(เส้นแต่งหน้าขนมปัง!$C:$C,'รับ-จ่าย ประจำวัน'!$B4,เส้นแต่งหน้าขนมปัง!L:L)+SUMIF('วางแผนBC,CJ'!$C:$C,'รับ-จ่าย ประจำวัน'!$B4,'วางแผนBC,CJ'!L:L)+SUMIF(RD!$C:$C,'รับ-จ่าย ประจำวัน'!$B4,RD!L:L)+SUMIF('FG,ออนไล,คัดแยก'!$C:$C,'รับ-จ่าย ประจำวัน'!$B4,'FG,ออนไล,คัดแยก'!L:L) -> 0 | AT4: =SUMIF(เตรียมส่วนผสม!$C:$C,'รับ-จ่าย ประจำวัน'!$B4,เตรียมส่วนผสม!M:M)+SUMIF(กวนไส้!$C:$C,'รับ-จ่าย ประจำวัน'!$B4,กวนไส้!M:M)+SUMIF(ผลิต1!$C:$C,'รับ-จ่าย ประจำวัน'!$B4,ผลิต1!M:M)+SUMIF(ผลิต2!$C:$C,'รับ-จ่าย ประจำวัน'!$B4,ผลิต2!M:M)+SUMIF(เส้นแต่งหน้าขนมเค้ก!$C:$C,'รับ-จ่าย ประจำวัน'!$B4,เส้นแต่งหน้าขนมเค้ก!M:M)+SUMIF(แพ็ค!$C:$C,'รับ-จ่าย ประจำวัน'!$B4,แพ็ค!M:M)+SUMIF(ธุรการ!$C:$C,'รับ-จ่าย ประจำวัน'!$B4,ธุรการ!M:M)+SUMIF(เส้นแต่งหน้าขนมปัง!$C:$C,'รับ-จ่าย ประจำวัน'!$B4,เส้นแต่งหน้าขนมปัง!M:M)+SUMIF('วางแผนBC,CJ'!$C:$C,'รับ-จ่าย ประจำวัน'!$B4,'วางแผนBC,CJ'!M:M)+SUMIF(RD!$C:$C,'รับ-จ่าย ประจำวัน'!$B4,RD!M:M)+SUMIF('FG,ออนไล,คัดแยก'!$C:$C,'รับ-จ่าย ประจำวัน'!$B4,'FG,ออนไล,คัดแยก'!M:M) -> 0 | AU4: =SUMIF(เตรียมส่วนผสม!$C:$C,'รับ-จ่าย ประจำวัน'!$B4,เตรียมส่วนผสม!N:N)+SUMIF(กวนไส้!$C:$C,'รับ-จ่าย ประจำวัน'!$B4,กวนไส้!N:N)+SUMIF(ผลิต1!$C:$C,'รับ-จ่าย ประจำวัน'!$B4,ผลิต1!N:N)+SUMIF(ผลิต2!$C:$C,'รับ-จ่าย ประจำวัน'!$B4,ผลิต2!N:N)+SUMIF(เส้นแต่งหน้าขนมเค้ก!$C:$C,'รับ-จ่าย ประจำวัน'!$B4,เส้นแต่งหน้าขนมเค้ก!N:N)+SUMIF(แพ็ค!$C:$C,'รับ-จ่าย ประจำวัน'!$B4,แพ็ค!N:N)+SUMIF(ธุรการ!$C:$C,'รับ-จ่าย ประจำวัน'!$B4,ธุรการ!N:N)+SUMIF(เส้นแต่งหน้าขนมปัง!$C:$C,'รับ-จ่าย ประจำวัน'!$B4,เส้นแต่งหน้าขนมปัง!N:N)+SUMIF('วางแผนBC,CJ'!$C:$C,'รับ-จ่าย ประจำวัน'!$B4,'วางแผนBC,CJ'!N:N)+SUMIF(RD!$C:$C,'รับ-จ่าย ประจำวัน'!$B4,RD!N:N)+SUMIF('FG,ออนไล,คัดแยก'!$C:$C,'รับ-จ่าย ประจำวัน'!$B4,'FG,ออนไล,คัดแยก'!N:N) -> 0 | AV4: =SUMIF(เตรียมส่วนผสม!$C:$C,'รับ-จ่าย ประจำวัน'!$B4,เตรียมส่วนผสม!O:O)+SUMIF(กวนไส้!$C:$C,'รับ-จ่าย ประจำวัน'!$B4,กวนไส้!O:O)+SUMIF(ผลิต1!$C:$C,'รับ-จ่าย ประจำวัน'!$B4,ผลิต1!O:O)+SUMIF(ผลิต2!$C:$C,'รับ-จ่าย ประจำวัน'!$B4,ผลิต2!O:O)+SUMIF(เส้นแต่งหน้าขนมเค้ก!$C:$C,'รับ-จ่าย ประจำวัน'!$B4,เส้นแต่งหน้าขนมเค้ก!O:O)+SUMIF(แพ็ค!$C:$C,'รับ-จ่าย ประจำวัน'!$B4,แพ็ค!O:O)+SUMIF(ธุรการ!$C:$C,'รับ-จ่าย ประจำวัน'!$B4,ธุรการ!O:O)+SUMIF(เส้นแต่งหน้าขนมปัง!$C:$C,'รับ-จ่าย ประจำวัน'!$B4,เส้นแต่งหน้าขนมปัง!O:O)+SUMIF('วางแผนBC,CJ'!$C:$C,'รับ-จ่าย ประจำวัน'!$B4,'วางแผนBC,CJ'!O:O)+SUMIF(RD!$C:$C,'รับ-จ่าย ประจำวัน'!$B4,RD!O:O)+SUMIF('FG,ออนไล,คัดแยก'!$C:$C,'รับ-จ่าย ประจำวัน'!$B4,'FG,ออนไล,คัดแยก'!O:O) -> 0 | AW4: =SUMIF(เตรียมส่วนผสม!$C:$C,'รับ-จ่าย ประจำวัน'!$B4,เตรียมส่วนผสม!P:P)+SUMIF(กวนไส้!$C:$C,'รับ-จ่าย ประจำวัน'!$B4,กวนไส้!P:P)+SUMIF(ผลิต1!$C:$C,'รับ-จ่าย ประจำวัน'!$B4,ผลิต1!P:P)+SUMIF(ผลิต2!$C:$C,'รับ-จ่าย ประจำวัน'!$B4,ผลิต2!P:P)+SUMIF(เส้นแต่งหน้าขนมเค้ก!$C:$C,'รับ-จ่าย ประจำวัน'!$B4,เส้นแต่งหน้าขนมเค้ก!P:P)+SUMIF(แพ็ค!$C:$C,'รับ-จ่าย ประจำวัน'!$B4,แพ็ค!P:P)+SUMIF(ธุรการ!$C:$C,'รับ-จ่าย ประจำวัน'!$B4,ธุรการ!P:P)+SUMIF(เส้นแต่งหน้าขนมปัง!$C:$C,'รับ-จ่าย ประจำวัน'!$B4,เส้นแต่งหน้าขนมปัง!P:P)+SUMIF('วางแผนBC,CJ'!$C:$C,'รับ-จ่าย ประจำวัน'!$B4,'วางแผนBC,CJ'!P:P)+SUMIF(RD!$C:$C,'รับ-จ่าย ประจำวัน'!$B4,RD!P:P)+SUMIF('FG,ออนไล,คัดแยก'!$C:$C,'รับ-จ่าย ประจำวัน'!$B4,'FG,ออนไล,คัดแยก'!P:P) -> 0 | AX4: =SUMIF(เตรียมส่วนผสม!$C:$C,'รับ-จ่าย ประจำวัน'!$B4,เตรียมส่วนผสม!Q:Q)+SUMIF(กวนไส้!$C:$C,'รับ-จ่าย ประจำวัน'!$B4,กวนไส้!Q:Q)+SUMIF(ผลิต1!$C:$C,'รับ-จ่าย ประจำวัน'!$B4,ผลิต1!Q:Q)+SUMIF(ผลิต2!$C:$C,'รับ-จ่าย ประจำวัน'!$B4,ผลิต2!Q:Q)+SUMIF(เส้นแต่งหน้าขนมเค้ก!$C:$C,'รับ-จ่าย ประจำวัน'!$B4,เส้นแต่งหน้าขนมเค้ก!Q:Q)+SUMIF(แพ็ค!$C:$C,'รับ-จ่าย ประจำวัน'!$B4,แพ็ค!Q:Q)+SUMIF(ธุรการ!$C:$C,'รับ-จ่าย ประจำวัน'!$B4,ธุรการ!Q:Q)+SUMIF(เส้นแต่งหน้าขนมปัง!$C:$C,'รับ-จ่าย ประจำวัน'!$B4,เส้นแต่งหน้าขนมปัง!Q:Q)+SUMIF('วางแผนBC,CJ'!$C:$C,'รับ-จ่าย ประจำวัน'!$B4,'วางแผนBC,CJ'!Q:Q)+SUMIF(RD!$C:$C,'รับ-จ่าย ประจำวัน'!$B4,RD!Q:Q)+SUMIF('FG,ออนไล,คัดแยก'!$C:$C,'รับ-จ่าย ประจำวัน'!$B4,'FG,ออนไล,คัดแยก'!Q:Q) -> 0 | AY4: =SUMIF(เตรียมส่วนผสม!$C:$C,'รับ-จ่าย ประจำวัน'!$B4,เตรียมส่วนผสม!R:R)+SUMIF(กวนไส้!$C:$C,'รับ-จ่าย ประจำวัน'!$B4,กวนไส้!R:R)+SUMIF(ผลิต1!$C:$C,'รับ-จ่าย ประจำวัน'!$B4,ผลิต1!R:R)+SUMIF(ผลิต2!$C:$C,'รับ-จ่าย ประจำวัน'!$B4,ผลิต2!R:R)+SUMIF(เส้นแต่งหน้าขนมเค้ก!$C:$C,'รับ-จ่าย ประจำวัน'!$B4,เส้นแต่งหน้าขนมเค้ก!R:R)+SUMIF(แพ็ค!$C:$C,'รับ-จ่าย ประจำวัน'!$B4,แพ็ค!R:R)+SUMIF(ธุรการ!$C:$C,'รับ-จ่าย ประจำวัน'!$B4,ธุรการ!R:R)+SUMIF(เส้นแต่งหน้าขนมปัง!$C:$C,'รับ-จ่าย ประจำวัน'!$B4,เส้นแต่งหน้าขนมปัง!R:R)+SUMIF('วางแผนBC,CJ'!$C:$C,'รับ-จ่าย ประจำวัน'!$B4,'วางแผนBC,CJ'!R:R)+SUMIF(RD!$C:$C,'รับ-จ่าย ประจำวัน'!$B4,RD!R:R)+SUMIF('FG,ออนไล,คัดแยก'!$C:$C,'รับ-จ่าย ประจำวัน'!$B4,'FG,ออนไล,คัดแยก'!R:R) -> 0 | AZ4: =SUMIF(เตรียมส่วนผสม!$C:$C,'รับ-จ่าย ประจำวัน'!$B4,เตรียมส่วนผสม!S:S)+SUMIF(กวนไส้!$C:$C,'รับ-จ่าย ประจำวัน'!$B4,กวนไส้!S:S)+SUMIF(ผลิต1!$C:$C,'รับ-จ่าย ประจำวัน'!$B4,ผลิต1!S:S)+SUMIF(ผลิต2!$C:$C,'รับ-จ่าย ประจำวัน'!$B4,ผลิต2!S:S)+SUMIF(เส้นแต่งหน้าขนมเค้ก!$C:$C,'รับ-จ่าย ประจำวัน'!$B4,เส้นแต่งหน้าขนมเค้ก!S:S)+SUMIF(แพ็ค!$C:$C,'รับ-จ่าย ประจำวัน'!$B4,แพ็ค!S:S)+SUMIF(ธุรการ!$C:$C,'รับ-จ่าย ประจำวัน'!$B4,ธุรการ!S:S)+SUMIF(เส้นแต่งหน้าขนมปัง!$C:$C,'รับ-จ่าย ประจำวัน'!$B4,เส้นแต่งหน้าขนมปัง!S:S)+SUMIF('วางแผนBC,CJ'!$C:$C,'รับ-จ่าย ประจำวัน'!$B4,'วางแผนBC,CJ'!S:S)+SUMIF(RD!$C:$C,'รับ-จ่าย ประจำวัน'!$B4,RD!S:S)+SUMIF('FG,ออนไล,คัดแยก'!$C:$C,'รับ-จ่าย ประจำวัน'!$B4,'FG,ออนไล,คัดแยก'!S:S) -> 0 | BA4: =SUMIF(เตรียมส่วนผสม!$C:$C,'รับ-จ่าย ประจำวัน'!$B4,เตรียมส่วนผสม!T:T)+SUMIF(กวนไส้!$C:$C,'รับ-จ่าย ประจำวัน'!$B4,กวนไส้!T:T)+SUMIF(ผลิต1!$C:$C,'รับ-จ่าย ประจำวัน'!$B4,ผลิต1!T:T)+SUMIF(ผลิต2!$C:$C,'รับ-จ่าย ประจำวัน'!$B4,ผลิต2!T:T)+SUMIF(เส้นแต่งหน้าขนมเค้ก!$C:$C,'รับ-จ่าย ประจำวัน'!$B4,เส้นแต่งหน้าขนมเค้ก!T:T)+SUMIF(แพ็ค!$C:$C,'รับ-จ่าย ประจำวัน'!$B4,แพ็ค!T:T)+SUMIF(ธุรการ!$C:$C,'รับ-จ่าย ประจำวัน'!$B4,ธุรการ!T:T)+SUMIF(เส้นแต่งหน้าขนมปัง!$C:$C,'รับ-จ่าย ประจำวัน'!$B4,เส้นแต่งหน้าขนมปัง!T:T)+SUMIF('วางแผนBC,CJ'!$C:$C,'รับ-จ่าย ประจำวัน'!$B4,'วางแผนBC,CJ'!T:T)+SUMIF(RD!$C:$C,'รับ-จ่าย ประจำวัน'!$B4,RD!T:T)+SUMIF('FG,ออนไล,คัดแยก'!$C:$C,'รับ-จ่าย ประจำวัน'!$B4,'FG,ออนไล,คัดแยก'!T:T) -> 0 | BB4: =SUMIF(เตรียมส่วนผสม!$C:$C,'รับ-จ่าย ประจำวัน'!$B4,เตรียมส่วนผสม!U:U)+SUMIF(กวนไส้!$C:$C,'รับ-จ่าย ประจำวัน'!$B4,กวนไส้!U:U)+SUMIF(ผลิต1!$C:$C,'รับ-จ่าย ประจำวัน'!$B4,ผลิต1!U:U)+SUMIF(ผลิต2!$C:$C,'รับ-จ่าย ประจำวัน'!$B4,ผลิต2!U:U)+SUMIF(เส้นแต่งหน้าขนมเค้ก!$C:$C,'รับ-จ่าย ประจำวัน'!$B4,เส้นแต่งหน้าขนมเค้ก!U:U)+SUMIF(แพ็ค!$C:$C,'รับ-จ่าย ประจำวัน'!$B4,แพ็ค!U:U)+SUMIF(ธุรการ!$C:$C,'รับ-จ่าย ประจำวัน'!$B4,ธุรการ!U:U)+SUMIF(เส้นแต่งหน้าขนมปัง!$C:$C,'รับ-จ่าย ประจำวัน'!$B4,เส้นแต่งหน้าขนมปัง!U:U)+SUMIF('วางแผนBC,CJ'!$C:$C,'รับ-จ่าย ประจำวัน'!$B4,'วางแผนBC,CJ'!U:U)+SUMIF(RD!$C:$C,'รับ-จ่าย ประจำวัน'!$B4,RD!U:U)+SUMIF('FG,ออนไล,คัดแยก'!$C:$C,'รับ-จ่าย ประจำวัน'!$B4,'FG,ออนไล,คัดแยก'!U:U) -> 0 | BC4: =SUMIF(เตรียมส่วนผสม!$C:$C,'รับ-จ่าย ประจำวัน'!$B4,เตรียมส่วนผสม!V:V)+SUMIF(กวนไส้!$C:$C,'รับ-จ่าย ประจำวัน'!$B4,กวนไส้!V:V)+SUMIF(ผลิต1!$C:$C,'รับ-จ่าย ประจำวัน'!$B4,ผลิต1!V:V)+SUMIF(ผลิต2!$C:$C,'รับ-จ่าย ประจำวัน'!$B4,ผลิต2!V:V)+SUMIF(เส้นแต่งหน้าขนมเค้ก!$C:$C,'รับ-จ่าย ประจำวัน'!$B4,เส้นแต่งหน้าขนมเค้ก!V:V)+SUMIF(แพ็ค!$C:$C,'รับ-จ่าย ประจำวัน'!$B4,แพ็ค!V:V)+SUMIF(ธุรการ!$C:$C,'รับ-จ่าย ประจำวัน'!$B4,ธุรการ!V:V)+SUMIF(เส้นแต่งหน้าขนมปัง!$C:$C,'รับ-จ่าย ประจำวัน'!$B4,เส้นแต่งหน้าขนมปัง!V:V)+SUMIF('วางแผนBC,CJ'!$C:$C,'รับ-จ่าย ประจำวัน'!$B4,'วางแผนBC,CJ'!V:V)+SUMIF(RD!$C:$C,'รับ-จ่าย ประจำวัน'!$B4,RD!V:V)+SUMIF('FG,ออนไล,คัดแยก'!$C:$C,'รับ-จ่าย ประจำวัน'!$B4,'FG,ออนไล,คัดแยก'!V:V) -> 0 | BD4: =SUMIF(เตรียมส่วนผสม!$C:$C,'รับ-จ่าย ประจำวัน'!$B4,เตรียมส่วนผสม!W:W)+SUMIF(กวนไส้!$C:$C,'รับ-จ่าย ประจำวัน'!$B4,กวนไส้!W:W)+SUMIF(ผลิต1!$C:$C,'รับ-จ่าย ประจำวัน'!$B4,ผลิต1!W:W)+SUMIF(ผลิต2!$C:$C,'รับ-จ่าย ประจำวัน'!$B4,ผลิต2!W:W)+SUMIF(เส้นแต่งหน้าขนมเค้ก!$C:$C,'รับ-จ่าย ประจำวัน'!$B4,เส้นแต่งหน้าขนมเค้ก!W:W)+SUMIF(แพ็ค!$C:$C,'รับ-จ่าย ประจำวัน'!$B4,แพ็ค!W:W)+SUMIF(ธุรการ!$C:$C,'รับ-จ่าย ประจำวัน'!$B4,ธุรการ!W:W)+SUMIF(เส้นแต่งหน้าขนมปัง!$C:$C,'รับ-จ่าย ประจำวัน'!$B4,เส้นแต่งหน้าขนมปัง!W:W)+SUMIF('วางแผนBC,CJ'!$C:$C,'รับ-จ่าย ประจำวัน'!$B4,'วางแผนBC,CJ'!W:W)+SUMIF(RD!$C:$C,'รับ-จ่าย ประจำวัน'!$B4,RD!W:W)+SUMIF('FG,ออนไล,คัดแยก'!$C:$C,'รับ-จ่าย ประจำวัน'!$B4,'FG,ออนไล,คัดแยก'!W:W) -> 0 | BE4: =SUMIF(เตรียมส่วนผสม!$C:$C,'รับ-จ่าย ประจำวัน'!$B4,เตรียมส่วนผสม!X:X)+SUMIF(กวนไส้!$C:$C,'รับ-จ่าย ประจำวัน'!$B4,กวนไส้!X:X)+SUMIF(ผลิต1!$C:$C,'รับ-จ่าย ประจำวัน'!$B4,ผลิต1!X:X)+SUMIF(ผลิต2!$C:$C,'รับ-จ่าย ประจำวัน'!$B4,ผลิต2!X:X)+SUMIF(เส้นแต่งหน้าขนมเค้ก!$C:$C,'รับ-จ่าย ประจำวัน'!$B4,เส้นแต่งหน้าขนมเค้ก!X:X)+SUMIF(แพ็ค!$C:$C,'รับ-จ่าย ประจำวัน'!$B4,แพ็ค!X:X)+SUMIF(ธุรการ!$C:$C,'รับ-จ่าย ประจำวัน'!$B4,ธุรการ!X:X)+SUMIF(เส้นแต่งหน้าขนมปัง!$C:$C,'รับ-จ่าย ประจำวัน'!$B4,เส้นแต่งหน้าขนมปัง!X:X)+SUMIF('วางแผนBC,CJ'!$C:$C,'รับ-จ่าย ประจำวัน'!$B4,'วางแผนBC,CJ'!X:X)+SUMIF(RD!$C:$C,'รับ-จ่าย ประจำวัน'!$B4,RD!X:X)+SUMIF('FG,ออนไล,คัดแยก'!$C:$C,'รับ-จ่าย ประจำวัน'!$B4,'FG,ออนไล,คัดแยก'!X:X) -> 0 | BF4: =SUMIF(เตรียมส่วนผสม!$C:$C,'รับ-จ่าย ประจำวัน'!$B4,เตรียมส่วนผสม!Y:Y)+SUMIF(กวนไส้!$C:$C,'รับ-จ่าย ประจำวัน'!$B4,กวนไส้!Y:Y)+SUMIF(ผลิต1!$C:$C,'รับ-จ่าย ประจำวัน'!$B4,ผลิต1!Y:Y)+SUMIF(ผลิต2!$C:$C,'รับ-จ่าย ประจำวัน'!$B4,ผลิต2!Y:Y)+SUMIF(เส้นแต่งหน้าขนมเค้ก!$C:$C,'รับ-จ่าย ประจำวัน'!$B4,เส้นแต่งหน้าขนมเค้ก!Y:Y)+SUMIF(แพ็ค!$C:$C,'รับ-จ่าย ประจำวัน'!$B4,แพ็ค!Y:Y)+SUMIF(ธุรการ!$C:$C,'รับ-จ่าย ประจำวัน'!$B4,ธุรการ!Y:Y)+SUMIF(เส้นแต่งหน้าขนมปัง!$C:$C,'รับ-จ่าย ประจำวัน'!$B4,เส้นแต่งหน้าขนมปัง!Y:Y)+SUMIF('วางแผนBC,CJ'!$C:$C,'รับ-จ่าย ประจำวัน'!$B4,'วางแผนBC,CJ'!Y:Y)+SUMIF(RD!$C:$C,'รับ-จ่าย ประจำวัน'!$B4,RD!Y:Y)+SUMIF('FG,ออนไล,คัดแยก'!$C:$C,'รับ-จ่าย ประจำวัน'!$B4,'FG,ออนไล,คัดแยก'!Y:Y) -> 0 | BG4: =SUMIF(เตรียมส่วนผสม!$C:$C,'รับ-จ่าย ประจำวัน'!$B4,เตรียมส่วนผสม!Z:Z)+SUMIF(กวนไส้!$C:$C,'รับ-จ่าย ประจำวัน'!$B4,กวนไส้!Z:Z)+SUMIF(ผลิต1!$C:$C,'รับ-จ่าย ประจำวัน'!$B4,ผลิต1!Z:Z)+SUMIF(ผลิต2!$C:$C,'รับ-จ่าย ประจำวัน'!$B4,ผลิต2!Z:Z)+SUMIF(เส้นแต่งหน้าขนมเค้ก!$C:$C,'รับ-จ่าย ประจำวัน'!$B4,เส้นแต่งหน้าขนมเค้ก!Z:Z)+SUMIF(แพ็ค!$C:$C,'รับ-จ่าย ประจำวัน'!$B4,แพ็ค!Z:Z)+SUMIF(ธุรการ!$C:$C,'รับ-จ่าย ประจำวัน'!$B4,ธุรการ!Z:Z)+SUMIF(เส้นแต่งหน้าขนมปัง!$C:$C,'รับ-จ่าย ประจำวัน'!$B4,เส้นแต่งหน้าขนมปัง!Z:Z)+SUMIF('วางแผนBC,CJ'!$C:$C,'รับ-จ่าย ประจำวัน'!$B4,'วางแผนBC,CJ'!Z:Z)+SUMIF(RD!$C:$C,'รับ-จ่าย ประจำวัน'!$B4,RD!Z:Z)+SUMIF('FG,ออนไล,คัดแยก'!$C:$C,'รับ-จ่าย ประจำวัน'!$B4,'FG,ออนไล,คัดแยก'!Z:Z) -> 0 | BH4: =SUMIF(เตรียมส่วนผสม!$C:$C,'รับ-จ่าย ประจำวัน'!$B4,เตรียมส่วนผสม!AA:AA)+SUMIF(กวนไส้!$C:$C,'รับ-จ่าย ประจำวัน'!$B4,กวนไส้!AA:AA)+SUMIF(ผลิต1!$C:$C,'รับ-จ่าย ประจำวัน'!$B4,ผลิต1!AA:AA)+SUMIF(ผลิต2!$C:$C,'รับ-จ่าย ประจำวัน'!$B4,ผลิต2!AA:AA)+SUMIF(เส้นแต่งหน้าขนมเค้ก!$C:$C,'รับ-จ่าย ประจำวัน'!$B4,เส้นแต่งหน้าขนมเค้ก!AA:AA)+SUMIF(แพ็ค!$C:$C,'รับ-จ่าย ประจำวัน'!$B4,แพ็ค!AA:AA)+SUMIF(ธุรการ!$C:$C,'รับ-จ่าย ประจำวัน'!$B4,ธุรการ!AA:AA)+SUMIF(เส้นแต่งหน้าขนมปัง!$C:$C,'รับ-จ่าย ประจำวัน'!$B4,เส้นแต่งหน้าขนมปัง!AA:AA)+SUMIF('วางแผนBC,CJ'!$C:$C,'รับ-จ่าย ประจำวัน'!$B4,'วางแผนBC,CJ'!AA:AA)+SUMIF(RD!$C:$C,'รับ-จ่าย ประจำวัน'!$B4,RD!AA:AA)+SUMIF('FG,ออนไล,คัดแยก'!$C:$C,'รับ-จ่าย ประจำวัน'!$B4,'FG,ออนไล,คัดแยก'!AA:AA) -> 0 | BI4: =SUMIF(เตรียมส่วนผสม!$C:$C,'รับ-จ่าย ประจำวัน'!$B4,เตรียมส่วนผสม!AB:AB)+SUMIF(กวนไส้!$C:$C,'รับ-จ่าย ประจำวัน'!$B4,กวนไส้!AB:AB)+SUMIF(ผลิต1!$C:$C,'รับ-จ่าย ประจำวัน'!$B4,ผลิต1!AB:AB)+SUMIF(ผลิต2!$C:$C,'รับ-จ่าย ประจำวัน'!$B4,ผลิต2!AB:AB)+SUMIF(เส้นแต่งหน้าขนมเค้ก!$C:$C,'รับ-จ่าย ประจำวัน'!$B4,เส้นแต่งหน้าขนมเค้ก!AB:AB)+SUMIF(แพ็ค!$C:$C,'รับ-จ่าย ประจำวัน'!$B4,แพ็ค!AB:AB)+SUMIF(ธุรการ!$C:$C,'รับ-จ่าย ประจำวัน'!$B4,ธุรการ!AB:AB)+SUMIF(เส้นแต่งหน้าขนมปัง!$C:$C,'รับ-จ่าย ประจำวัน'!$B4,เส้นแต่งหน้าขนมปัง!AB:AB)+SUMIF('วางแผนBC,CJ'!$C:$C,'รับ-จ่าย ประจำวัน'!$B4,'วางแผนBC,CJ'!AB:AB)+SUMIF(RD!$C:$C,'รับ-จ่าย ประจำวัน'!$B4,RD!AB:AB)+SUMIF('FG,ออนไล,คัดแยก'!$C:$C,'รับ-จ่าย ประจำวัน'!$B4,'FG,ออนไล,คัดแยก'!AB:AB) -> 0 | BJ4: =SUMIF(เตรียมส่วนผสม!$C:$C,'รับ-จ่าย ประจำวัน'!$B4,เตรียมส่วนผสม!AC:AC)+SUMIF(กวนไส้!$C:$C,'รับ-จ่าย ประจำวัน'!$B4,กวนไส้!AC:AC)+SUMIF(ผลิต1!$C:$C,'รับ-จ่าย ประจำวัน'!$B4,ผลิต1!AC:AC)+SUMIF(ผลิต2!$C:$C,'รับ-จ่าย ประจำวัน'!$B4,ผลิต2!AC:AC)+SUMIF(เส้นแต่งหน้าขนมเค้ก!$C:$C,'รับ-จ่าย ประจำวัน'!$B4,เส้นแต่งหน้าขนมเค้ก!AC:AC)+SUMIF(แพ็ค!$C:$C,'รับ-จ่าย ประจำวัน'!$B4,แพ็ค!AC:AC)+SUMIF(ธุรการ!$C:$C,'รับ-จ่าย ประจำวัน'!$B4,ธุรการ!AC:AC)+SUMIF(เส้นแต่งหน้าขนมปัง!$C:$C,'รับ-จ่าย ประจำวัน'!$B4,เส้นแต่งหน้าขนมปัง!AC:AC)+SUMIF('วางแผนBC,CJ'!$C:$C,'รับ-จ่าย ประจำวัน'!$B4,'วางแผนBC,CJ'!AC:AC)+SUMIF(RD!$C:$C,'รับ-จ่าย ประจำวัน'!$B4,RD!AC:AC)+SUMIF('FG,ออนไล,คัดแยก'!$C:$C,'รับ-จ่าย ประจำวัน'!$B4,'FG,ออนไล,คัดแยก'!AC:AC) -> 0 | BK4: =SUMIF(เตรียมส่วนผสม!$C:$C,'รับ-จ่าย ประจำวัน'!$B4,เตรียมส่วนผสม!AD:AD)+SUMIF(กวนไส้!$C:$C,'รับ-จ่าย ประจำวัน'!$B4,กวนไส้!AD:AD)+SUMIF(ผลิต1!$C:$C,'รับ-จ่าย ประจำวัน'!$B4,ผลิต1!AD:AD)+SUMIF(ผลิต2!$C:$C,'รับ-จ่าย ประจำวัน'!$B4,ผลิต2!AD:AD)+SUMIF(เส้นแต่งหน้าขนมเค้ก!$C:$C,'รับ-จ่าย ประจำวัน'!$B4,เส้นแต่งหน้าขนมเค้ก!AD:AD)+SUMIF(แพ็ค!$C:$C,'รับ-จ่าย ประจำวัน'!$B4,แพ็ค!AD:AD)+SUMIF(ธุรการ!$C:$C,'รับ-จ่าย ประจำวัน'!$B4,ธุรการ!AD:AD)+SUMIF(เส้นแต่งหน้าขนมปัง!$C:$C,'รับ-จ่าย ประจำวัน'!$B4,เส้นแต่งหน้าขนมปัง!AD:AD)+SUMIF('วางแผนBC,CJ'!$C:$C,'รับ-จ่าย ประจำวัน'!$B4,'วางแผนBC,CJ'!AD:AD)+SUMIF(RD!$C:$C,'รับ-จ่าย ประจำวัน'!$B4,RD!AD:AD)+SUMIF('FG,ออนไล,คัดแยก'!$C:$C,'รับ-จ่าย ประจำวัน'!$B4,'FG,ออนไล,คัดแยก'!AD:AD) -> 0 | BL4: =SUMIF(เตรียมส่วนผสม!$C:$C,'รับ-จ่าย ประจำวัน'!$B4,เตรียมส่วนผสม!AE:AE)+SUMIF(กวนไส้!$C:$C,'รับ-จ่าย ประจำวัน'!$B4,กวนไส้!AE:AE)+SUMIF(ผลิต1!$C:$C,'รับ-จ่าย ประจำวัน'!$B4,ผลิต1!AE:AE)+SUMIF(ผลิต2!$C:$C,'รับ-จ่าย ประจำวัน'!$B4,ผลิต2!AE:AE)+SUMIF(เส้นแต่งหน้าขนมเค้ก!$C:$C,'รับ-จ่าย ประจำวัน'!$B4,เส้นแต่งหน้าขนมเค้ก!AE:AE)+SUMIF(แพ็ค!$C:$C,'รับ-จ่าย ประจำวัน'!$B4,แพ็ค!AE:AE)+SUMIF(ธุรการ!$C:$C,'รับ-จ่าย ประจำวัน'!$B4,ธุรการ!AE:AE)+SUMIF(เส้นแต่งหน้าขนมปัง!$C:$C,'รับ-จ่าย ประจำวัน'!$B4,เส้นแต่งหน้าขนมปัง!AE:AE)+SUMIF('วางแผนBC,CJ'!$C:$C,'รับ-จ่าย ประจำวัน'!$B4,'วางแผนBC,CJ'!AE:AE)+SUMIF(RD!$C:$C,'รับ-จ่าย ประจำวัน'!$B4,RD!AE:AE)+SUMIF('FG,ออนไล,คัดแยก'!$C:$C,'รับ-จ่าย ประจำวัน'!$B4,'FG,ออนไล,คัดแยก'!AE:AE) -> 0 | BM4: =SUMIF(เตรียมส่วนผสม!$C:$C,'รับ-จ่าย ประจำวัน'!$B4,เตรียมส่วนผสม!AF:AF)+SUMIF(กวนไส้!$C:$C,'รับ-จ่าย ประจำวัน'!$B4,กวนไส้!AF:AF)+SUMIF(ผลิต1!$C:$C,'รับ-จ่าย ประจำวัน'!$B4,ผลิต1!AF:AF)+SUMIF(ผลิต2!$C:$C,'รับ-จ่าย ประจำวัน'!$B4,ผลิต2!AF:AF)+SUMIF(เส้นแต่งหน้าขนมเค้ก!$C:$C,'รับ-จ่าย ประจำวัน'!$B4,เส้นแต่งหน้าขนมเค้ก!AF:AF)+SUMIF(แพ็ค!$C:$C,'รับ-จ่าย ประจำวัน'!$B4,แพ็ค!AF:AF)+SUMIF(ธุรการ!$C:$C,'รับ-จ่าย ประจำวัน'!$B4,ธุรการ!AF:AF)+SUMIF(เส้นแต่งหน้าขนมปัง!$C:$C,'รับ-จ่าย ประจำวัน'!$B4,เส้นแต่งหน้าขนมปัง!AF:AF)+SUMIF('วางแผนBC,CJ'!$C:$C,'รับ-จ่าย ประจำวัน'!$B4,'วางแผนBC,CJ'!AF:AF)+SUMIF(RD!$C:$C,'รับ-จ่าย ประจำวัน'!$B4,RD!AF:AF)+SUMIF('FG,ออนไล,คัดแยก'!$C:$C,'รับ-จ่าย ประจำวัน'!$B4,'FG,ออนไล,คัดแยก'!AF:AF) -> 0 | BN4: =SUMIF(เตรียมส่วนผสม!$C:$C,'รับ-จ่าย ประจำวัน'!$B4,เตรียมส่วนผสม!AG:AG)+SUMIF(กวนไส้!$C:$C,'รับ-จ่าย ประจำวัน'!$B4,กวนไส้!AG:AG)+SUMIF(ผลิต1!$C:$C,'รับ-จ่าย ประจำวัน'!$B4,ผลิต1!AG:AG)+SUMIF(ผลิต2!$C:$C,'รับ-จ่าย ประจำวัน'!$B4,ผลิต2!AG:AG)+SUMIF(เส้นแต่งหน้าขนมเค้ก!$C:$C,'รับ-จ่าย ประจำวัน'!$B4,เส้นแต่งหน้าขนมเค้ก!AG:AG)+SUMIF(แพ็ค!$C:$C,'รับ-จ่าย ประจำวัน'!$B4,แพ็ค!AG:AG)+SUMIF(ธุรการ!$C:$C,'รับ-จ่าย ประจำวัน'!$B4,ธุรการ!AG:AG)+SUMIF(เส้นแต่งหน้าขนมปัง!$C:$C,'รับ-จ่าย ประจำวัน'!$B4,เส้นแต่งหน้าขนมปัง!AG:AG)+SUMIF('วางแผนBC,CJ'!$C:$C,'รับ-จ่าย ประจำวัน'!$B4,'วางแผนBC,CJ'!AG:AG)+SUMIF(RD!$C:$C,'รับ-จ่าย ประจำวัน'!$B4,RD!AG:AG)+SUMIF('FG,ออนไล,คัดแยก'!$C:$C,'รับ-จ่าย ประจำวัน'!$B4,'FG,ออนไล,คัดแยก'!AG:AG) -> 0 | BO4: =SUMIF(เตรียมส่วนผสม!$C:$C,'รับ-จ่าย ประจำวัน'!$B4,เตรียมส่วนผสม!AH:AH)+SUMIF(กวนไส้!$C:$C,'รับ-จ่าย ประจำวัน'!$B4,กวนไส้!AH:AH)+SUMIF(ผลิต1!$C:$C,'รับ-จ่าย ประจำวัน'!$B4,ผลิต1!AH:AH)+SUMIF(ผลิต2!$C:$C,'รับ-จ่าย ประจำวัน'!$B4,ผลิต2!AH:AH)+SUMIF(เส้นแต่งหน้าขนมเค้ก!$C:$C,'รับ-จ่าย ประจำวัน'!$B4,เส้นแต่งหน้าขนมเค้ก!AH:AH)+SUMIF(แพ็ค!$C:$C,'รับ-จ่าย ประจำวัน'!$B4,แพ็ค!AH:AH)+SUMIF(ธุรการ!$C:$C,'รับ-จ่าย ประจำวัน'!$B4,ธุรการ!AH:AH)+SUMIF(เส้นแต่งหน้าขนมปัง!$C:$C,'รับ-จ่าย ประจำวัน'!$B4,เส้นแต่งหน้าขนมปัง!AH:AH)+SUMIF('วางแผนBC,CJ'!$C:$C,'รับ-จ่าย ประจำวัน'!$B4,'วางแผนBC,CJ'!AH:AH)+SUMIF(RD!$C:$C,'รับ-จ่าย ประจำวัน'!$B4,RD!AH:AH)+SUMIF('FG,ออนไล,คัดแยก'!$C:$C,'รับ-จ่าย ประจำวัน'!$B4,'FG,ออนไล,คัดแยก'!AH:AH) -> 0 | BP4: =SUMIF(เตรียมส่วนผสม!$C:$C,'รับ-จ่าย ประจำวัน'!$B4,เตรียมส่วนผสม!AI:AI)+SUMIF(กวนไส้!$C:$C,'รับ-จ่าย ประจำวัน'!$B4,กวนไส้!AI:AI)+SUMIF(ผลิต1!$C:$C,'รับ-จ่าย ประจำวัน'!$B4,ผลิต1!AI:AI)+SUMIF(ผลิต2!$C:$C,'รับ-จ่าย ประจำวัน'!$B4,ผลิต2!AI:AI)+SUMIF(เส้นแต่งหน้าขนมเค้ก!$C:$C,'รับ-จ่าย ประจำวัน'!$B4,เส้นแต่งหน้าขนมเค้ก!AI:AI)+SUMIF(แพ็ค!$C:$C,'รับ-จ่าย ประจำวัน'!$B4,แพ็ค!AI:AI)+SUMIF(ธุรการ!$C:$C,'รับ-จ่าย ประจำวัน'!$B4,ธุรการ!AI:AI)+SUMIF(เส้นแต่งหน้าขนมปัง!$C:$C,'รับ-จ่าย ประจำวัน'!$B4,เส้นแต่งหน้าขนมปัง!AI:AI)+SUMIF('วางแผนBC,CJ'!$C:$C,'รับ-จ่าย ประจำวัน'!$B4,'วางแผนBC,CJ'!AI:AI)+SUMIF(RD!$C:$C,'รับ-จ่าย ประจำวัน'!$B4,RD!AI:AI)+SUMIF('FG,ออนไล,คัดแยก'!$C:$C,'รับ-จ่าย ประจำวัน'!$B4,'FG,ออนไล,คัดแยก'!AI:AI) -> 0 | BQ4: =SUMIF(เตรียมส่วนผสม!$C:$C,'รับ-จ่าย ประจำวัน'!$B4,เตรียมส่วนผสม!AJ:AJ)+SUMIF(กวนไส้!$C:$C,'รับ-จ่าย ประจำวัน'!$B4,กวนไส้!AJ:AJ)+SUMIF(ผลิต1!$C:$C,'รับ-จ่าย ประจำวัน'!$B4,ผลิต1!AJ:AJ)+SUMIF(ผลิต2!$C:$C,'รับ-จ่าย ประจำวัน'!$B4,ผลิต2!AJ:AJ)+SUMIF(เส้นแต่งหน้าขนมเค้ก!$C:$C,'รับ-จ่าย ประจำวัน'!$B4,เส้นแต่งหน้าขนมเค้ก!AJ:AJ)+SUMIF(แพ็ค!$C:$C,'รับ-จ่าย ประจำวัน'!$B4,แพ็ค!AJ:AJ)+SUMIF(ธุรการ!$C:$C,'รับ-จ่าย ประจำวัน'!$B4,ธุรการ!AJ:AJ)+SUMIF(เส้นแต่งหน้าขนมปัง!$C:$C,'รับ-จ่าย ประจำวัน'!$B4,เส้นแต่งหน้าขนมปัง!AJ:AJ)+SUMIF('วางแผนBC,CJ'!$C:$C,'รับ-จ่าย ประจำวัน'!$B4,'วางแผนBC,CJ'!AJ:AJ)+SUMIF(RD!$C:$C,'รับ-จ่าย ประจำวัน'!$B4,RD!AJ:AJ)+SUMIF('FG,ออนไล,คัดแยก'!$C:$C,'รับ-จ่าย ประจำวัน'!$B4,'FG,ออนไล,คัดแยก'!AJ:AJ) -> 0 | BR4: =SUMIF(เตรียมส่วนผสม!$C:$C,'รับ-จ่าย ประจำวัน'!$B4,เตรียมส่วนผสม!AK:AK)+SUMIF(กวนไส้!$C:$C,'รับ-จ่าย ประจำวัน'!$B4,กวนไส้!AK:AK)+SUMIF(ผลิต1!$C:$C,'รับ-จ่าย ประจำวัน'!$B4,ผลิต1!AK:AK)+SUMIF(ผลิต2!$C:$C,'รับ-จ่าย ประจำวัน'!$B4,ผลิต2!AK:AK)+SUMIF(เส้นแต่งหน้าขนมเค้ก!$C:$C,'รับ-จ่าย ประจำวัน'!$B4,เส้นแต่งหน้าขนมเค้ก!AK:AK)+SUMIF(แพ็ค!$C:$C,'รับ-จ่าย ประจำวัน'!$B4,แพ็ค!AK:AK)+SUMIF(ธุรการ!$C:$C,'รับ-จ่าย ประจำวัน'!$B4,ธุรการ!AK:AK)+SUMIF(เส้นแต่งหน้าขนมปัง!$C:$C,'รับ-จ่าย ประจำวัน'!$B4,เส้นแต่งหน้าขนมปัง!AK:AK)+SUMIF('วางแผนBC,CJ'!$C:$C,'รับ-จ่าย ประจำวัน'!$B4,'วางแผนBC,CJ'!AK:AK)+SUMIF(RD!$C:$C,'รับ-จ่าย ประจำวัน'!$B4,RD!AK:AK)+SUMIF('FG,ออนไล,คัดแยก'!$C:$C,'รับ-จ่าย ประจำวัน'!$B4,'FG,ออนไล,คัดแยก'!AK:AK) -> 0 | BS4: =SUMIF(เตรียมส่วนผสม!$C:$C,'รับ-จ่าย ประจำวัน'!$B4,เตรียมส่วนผสม!AL:AL)+SUMIF(กวนไส้!$C:$C,'รับ-จ่าย ประจำวัน'!$B4,กวนไส้!AL:AL)+SUMIF(ผลิต1!$C:$C,'รับ-จ่าย ประจำวัน'!$B4,ผลิต1!AL:AL)+SUMIF(ผลิต2!$C:$C,'รับ-จ่าย ประจำวัน'!$B4,ผลิต2!AL:AL)+SUMIF(เส้นแต่งหน้าขนมเค้ก!$C:$C,'รับ-จ่าย ประจำวัน'!$B4,เส้นแต่งหน้าขนมเค้ก!AL:AL)+SUMIF(แพ็ค!$C:$C,'รับ-จ่าย ประจำวัน'!$B4,แพ็ค!AL:AL)+SUMIF(ธุรการ!$C:$C,'รับ-จ่าย ประจำวัน'!$B4,ธุรการ!AL:AL)+SUMIF(เส้นแต่งหน้าขนมปัง!$C:$C,'รับ-จ่าย ประจำวัน'!$B4,เส้นแต่งหน้าขนมปัง!AL:AL)+SUMIF('วางแผนBC,CJ'!$C:$C,'รับ-จ่าย ประจำวัน'!$B4,'วางแผนBC,CJ'!AL:AL)+SUMIF(RD!$C:$C,'รับ-จ่าย ประจำวัน'!$B4,RD!AL:AL)+SUMIF('FG,ออนไล,คัดแยก'!$C:$C,'รับ-จ่าย ประจำวัน'!$B4,'FG,ออนไล,คัดแยก'!AL:AL) -> 0 | BT4: =AO4+AP4+AQ4+AR4+AS4+AT4+AU4+AV4+AW4+AX4+AY4+AZ4+BA4+BB4+BC4+BD4+BE4+BF4+BG4+BH4+BI4+BJ4+BK4+BL4+BM4+BN4+BO4+BP4+BQ4+BR4+BS4 -> 0 | BU4: 2800 | BV4: =H4+AN4-BT4 -> 1300 | BW4: 30 | BX4: =BT4/24 -> 0 | BY4: =BV4/BX4 -> #DIV/0! | BZ4: =+TODAY()+BY4 -> #DIV/0! | CK4: =+BV4-BU4 -> -1500
A5: 02-BB09 | B5: 1020501003 | C5: กล่องเค้กเบาหวิวรสเนยนม 110g. New(1ห่อ*300ใบ) รหัสไหม่ | D5: ใบ | H5: 10100 | AN5: =I5+J5+K5+L5+M5+N5+O5+P5+Q5+R5+S5+T5+U5+V5+W5+X5+Y5+Z5+AA5+AB5+AC5+AD5+AE5+AF5+AG5+AH5+AI5+AJ5+AK5+AL5+AM5 -> 0 | AO5: =SUMIF(เตรียมส่วนผสม!$C:$C,'รับ-จ่าย ประจำวัน'!$B5,เตรียมส่วนผสม!H:H)+SUMIF(กวนไส้!$C:$C,'รับ-จ่าย ประจำวัน'!$B5,กวนไส้!H:H)+SUMIF(ผลิต1!$C:$C,'รับ-จ่าย ประจำวัน'!$B5,ผลิต1!H:H)+SUMIF(ผลิต2!$C:$C,'รับ-จ่าย ประจำวัน'!$B5,ผลิต2!H:H)+SUMIF(เส้นแต่งหน้าขนมเค้ก!$C:$C,'รับ-จ่าย ประจำวัน'!$B5,เส้นแต่งหน้าขนมเค้ก!H:H)+SUMIF(แพ็ค!$C:$C,'รับ-จ่าย ประจำวัน'!$B5,แพ็ค!H:H)+SUMIF(ธุรการ!$C:$C,'รับ-จ่าย ประจำวัน'!$B5,ธุรการ!H:H)+SUMIF(เส้นแต่งหน้าขนมปัง!$C:$C,'รับ-จ่าย ประจำวัน'!$B5,เส้นแต่งหน้าขนมปัง!H:H)+SUMIF('วางแผนBC,CJ'!$C:$C,'รับ-จ่าย ประจำวัน'!$B5,'วางแผนBC,CJ'!H:H)+SUMIF(RD!$C:$C,'รับ-จ่าย ประจำวัน'!$B5,RD!H:H)+SUMIF('FG,ออนไล,คัดแยก'!$C:$C,'รับ-จ่าย ประจำวัน'!$B5,'FG,ออนไล,คัดแยก'!H:H) -> 0 | AP5: =SUMIF(เตรียมส่วนผสม!$C:$C,'รับ-จ่าย ประจำวัน'!$B5,เตรียมส่วนผสม!I:I)+SUMIF(กวนไส้!$C:$C,'รับ-จ่าย ประจำวัน'!$B5,กวนไส้!I:I)+SUMIF(ผลิต1!$C:$C,'รับ-จ่าย ประจำวัน'!$B5,ผลิต1!I:I)+SUMIF(ผลิต2!$C:$C,'รับ-จ่าย ประจำวัน'!$B5,ผลิต2!I:I)+SUMIF(เส้นแต่งหน้าขนมเค้ก!$C:$C,'รับ-จ่าย ประจำวัน'!$B5,เส้นแต่งหน้าขนมเค้ก!I:I)+SUMIF(แพ็ค!$C:$C,'รับ-จ่าย ประจำวัน'!$B5,แพ็ค!I:I)+SUMIF(ธุรการ!$C:$C,'รับ-จ่าย ประจำวัน'!$B5,ธุรการ!I:I)+SUMIF(เส้นแต่งหน้าขนมปัง!$C:$C,'รับ-จ่าย ประจำวัน'!$B5,เส้นแต่งหน้าขนมปัง!I:I)+SUMIF('วางแผนBC,CJ'!$C:$C,'รับ-จ่าย ประจำวัน'!$B5,'วางแผนBC,CJ'!I:I)+SUMIF(RD!$C:$C,'รับ-จ่าย ประจำวัน'!$B5,RD!I:I)+SUMIF('FG,ออนไล,คัดแยก'!$C:$C,'รับ-จ่าย ประจำวัน'!$B5,'FG,ออนไล,คัดแยก'!I:I) -> 200 | AQ5: =SUMIF(เตรียมส่วนผสม!$C:$C,'รับ-จ่าย ประจำวัน'!$B5,เตรียมส่วนผสม!J:J)+SUMIF(กวนไส้!$C:$C,'รับ-จ่าย ประจำวัน'!$B5,กวนไส้!J:J)+SUMIF(ผลิต1!$C:$C,'รับ-จ่าย ประจำวัน'!$B5,ผลิต1!J:J)+SUMIF(ผลิต2!$C:$C,'รับ-จ่าย ประจำวัน'!$B5,ผลิต2!J:J)+SUMIF(เส้นแต่งหน้าขนมเค้ก!$C:$C,'รับ-จ่าย ประจำวัน'!$B5,เส้นแต่งหน้าขนมเค้ก!J:J)+SUMIF(แพ็ค!$C:$C,'รับ-จ่าย ประจำวัน'!$B5,แพ็ค!J:J)+SUMIF(ธุรการ!$C:$C,'รับ-จ่าย ประจำวัน'!$B5,ธุรการ!J:J)+SUMIF(เส้นแต่งหน้าขนมปัง!$C:$C,'รับ-จ่าย ประจำวัน'!$B5,เส้นแต่งหน้าขนมปัง!J:J)+SUMIF('วางแผนBC,CJ'!$C:$C,'รับ-จ่าย ประจำวัน'!$B5,'วางแผนBC,CJ'!J:J)+SUMIF(RD!$C:$C,'รับ-จ่าย ประจำวัน'!$B5,RD!J:J)+SUMIF('FG,ออนไล,คัดแยก'!$C:$C,'รับ-จ่าย ประจำวัน'!$B5,'FG,ออนไล,คัดแยก'!J:J) -> 0 | AR5: =SUMIF(เตรียมส่วนผสม!$C:$C,'รับ-จ่าย ประจำวัน'!$B5,เตรียมส่วนผสม!K:K)+SUMIF(กวนไส้!$C:$C,'รับ-จ่าย ประจำวัน'!$B5,กวนไส้!K:K)+SUMIF(ผลิต1!$C:$C,'รับ-จ่าย ประจำวัน'!$B5,ผลิต1!K:K)+SUMIF(ผลิต2!$C:$C,'รับ-จ่าย ประจำวัน'!$B5,ผลิต2!K:K)+SUMIF(เส้นแต่งหน้าขนมเค้ก!$C:$C,'รับ-จ่าย ประจำวัน'!$B5,เส้นแต่งหน้าขนมเค้ก!K:K)+SUMIF(แพ็ค!$C:$C,'รับ-จ่าย ประจำวัน'!$B5,แพ็ค!K:K)+SUMIF(ธุรการ!$C:$C,'รับ-จ่าย ประจำวัน'!$B5,ธุรการ!K:K)+SUMIF(เส้นแต่งหน้าขนมปัง!$C:$C,'รับ-จ่าย ประจำวัน'!$B5,เส้นแต่งหน้าขนมปัง!K:K)+SUMIF('วางแผนBC,CJ'!$C:$C,'รับ-จ่าย ประจำวัน'!$B5,'วางแผนBC,CJ'!K:K)+SUMIF(RD!$C:$C,'รับ-จ่าย ประจำวัน'!$B5,RD!K:K)+SUMIF('FG,ออนไล,คัดแยก'!$C:$C,'รับ-จ่าย ประจำวัน'!$B5,'FG,ออนไล,คัดแยก'!K:K) -> 200 | AS5: =SUMIF(เตรียมส่วนผสม!$C:$C,'รับ-จ่าย ประจำวัน'!$B5,เตรียมส่วนผสม!L:L)+SUMIF(กวนไส้!$C:$C,'รับ-จ่าย ประจำวัน'!$B5,กวนไส้!L:L)+SUMIF(ผลิต1!$C:$C,'รับ-จ่าย ประจำวัน'!$B5,ผลิต1!L:L)+SUMIF(ผลิต2!$C:$C,'รับ-จ่าย ประจำวัน'!$B5,ผลิต2!L:L)+SUMIF(เส้นแต่งหน้าขนมเค้ก!$C:$C,'รับ-จ่าย ประจำวัน'!$B5,เส้นแต่งหน้าขนมเค้ก!L:L)+SUMIF(แพ็ค!$C:$C,'รับ-จ่าย ประจำวัน'!$B5,แพ็ค!L:L)+SUMIF(ธุรการ!$C:$C,'รับ-จ่าย ประจำวัน'!$B5,ธุรการ!L:L)+SUMIF(เส้นแต่งหน้าขนมปัง!$C:$C,'รับ-จ่าย ประจำวัน'!$B5,เส้นแต่งหน้าขนมปัง!L:L)+SUMIF('วางแผนBC,CJ'!$C:$C,'รับ-จ่าย ประจำวัน'!$B5,'วางแผนBC,CJ'!L:L)+SUMIF(RD!$C:$C,'รับ-จ่าย ประจำวัน'!$B5,RD!L:L)+SUMIF('FG,ออนไล,คัดแยก'!$C:$C,'รับ-จ่าย ประจำวัน'!$B5,'FG,ออนไล,คัดแยก'!L:L) -> 0 | AT5: =SUMIF(เตรียมส่วนผสม!$C:$C,'รับ-จ่าย ประจำวัน'!$B5,เตรียมส่วนผสม!M:M)+SUMIF(กวนไส้!$C:$C,'รับ-จ่าย ประจำวัน'!$B5,กวนไส้!M:M)+SUMIF(ผลิต1!$C:$C,'รับ-จ่าย ประจำวัน'!$B5,ผลิต1!M:M)+SUMIF(ผลิต2!$C:$C,'รับ-จ่าย ประจำวัน'!$B5,ผลิต2!M:M)+SUMIF(เส้นแต่งหน้าขนมเค้ก!$C:$C,'รับ-จ่าย ประจำวัน'!$B5,เส้นแต่งหน้าขนมเค้ก!M:M)+SUMIF(แพ็ค!$C:$C,'รับ-จ่าย ประจำวัน'!$B5,แพ็ค!M:M)+SUMIF(ธุรการ!$C:$C,'รับ-จ่าย ประจำวัน'!$B5,ธุรการ!M:M)+SUMIF(เส้นแต่งหน้าขนมปัง!$C:$C,'รับ-จ่าย ประจำวัน'!$B5,เส้นแต่งหน้าขนมปัง!M:M)+SUMIF('วางแผนBC,CJ'!$C:$C,'รับ-จ่าย ประจำวัน'!$B5,'วางแผนBC,CJ'!M:M)+SUMIF(RD!$C:$C,'รับ-จ่าย ประจำวัน'!$B5,RD!M:M)+SUMIF('FG,ออนไล,คัดแยก'!$C:$C,'รับ-จ่าย ประจำวัน'!$B5,'FG,ออนไล,คัดแยก'!M:M) -> 0 | AU5: =SUMIF(เตรียมส่วนผสม!$C:$C,'รับ-จ่าย ประจำวัน'!$B5,เตรียมส่วนผสม!N:N)+SUMIF(กวนไส้!$C:$C,'รับ-จ่าย ประจำวัน'!$B5,กวนไส้!N:N)+SUMIF(ผลิต1!$C:$C,'รับ-จ่าย ประจำวัน'!$B5,ผลิต1!N:N)+SUMIF(ผลิต2!$C:$C,'รับ-จ่าย ประจำวัน'!$B5,ผลิต2!N:N)+SUMIF(เส้นแต่งหน้าขนมเค้ก!$C:$C,'รับ-จ่าย ประจำวัน'!$B5,เส้นแต่งหน้าขนมเค้ก!N:N)+SUMIF(แพ็ค!$C:$C,'รับ-จ่าย ประจำวัน'!$B5,แพ็ค!N:N)+SUMIF(ธุรการ!$C:$C,'รับ-จ่าย ประจำวัน'!$B5,ธุรการ!N:N)+SUMIF(เส้นแต่งหน้าขนมปัง!$C:$C,'รับ-จ่าย ประจำวัน'!$B5,เส้นแต่งหน้าขนมปัง!N:N)+SUMIF('วางแผนBC,CJ'!$C:$C,'รับ-จ่าย ประจำวัน'!$B5,'วางแผนBC,CJ'!N:N)+SUMIF(RD!$C:$C,'รับ-จ่าย ประจำวัน'!$B5,RD!N:N)+SUMIF('FG,ออนไล,คัดแยก'!$C:$C,'รับ-จ่าย ประจำวัน'!$B5,'FG,ออนไล,คัดแยก'!N:N) -> 200 | AV5: =SUMIF(เตรียมส่วนผสม!$C:$C,'รับ-จ่าย ประจำวัน'!$B5,เตรียมส่วนผสม!O:O)+SUMIF(กวนไส้!$C:$C,'รับ-จ่าย ประจำวัน'!$B5,กวนไส้!O:O)+SUMIF(ผลิต1!$C:$C,'รับ-จ่าย ประจำวัน'!$B5,ผลิต1!O:O)+SUMIF(ผลิต2!$C:$C,'รับ-จ่าย ประจำวัน'!$B5,ผลิต2!O:O)+SUMIF(เส้นแต่งหน้าขนมเค้ก!$C:$C,'รับ-จ่าย ประจำวัน'!$B5,เส้นแต่งหน้าขนมเค้ก!O:O)+SUMIF(แพ็ค!$C:$C,'รับ-จ่าย ประจำวัน'!$B5,แพ็ค!O:O)+SUMIF(ธุรการ!$C:$C,'รับ-จ่าย ประจำวัน'!$B5,ธุรการ!O:O)+SUMIF(เส้นแต่งหน้าขนมปัง!$C:$C,'รับ-จ่าย ประจำวัน'!$B5,เส้นแต่งหน้าขนมปัง!O:O)+SUMIF('วางแผนBC,CJ'!$C:$C,'รับ-จ่าย ประจำวัน'!$B5,'วางแผนBC,CJ'!O:O)+SUMIF(RD!$C:$C,'รับ-จ่าย ประจำวัน'!$B5,RD!O:O)+SUMIF('FG,ออนไล,คัดแยก'!$C:$C,'รับ-จ่าย ประจำวัน'!$B5,'FG,ออนไล,คัดแยก'!O:O) -> 200 | AW5: =SUMIF(เตรียมส่วนผสม!$C:$C,'รับ-จ่าย ประจำวัน'!$B5,เตรียมส่วนผสม!P:P)+SUMIF(กวนไส้!$C:$C,'รับ-จ่าย ประจำวัน'!$B5,กวนไส้!P:P)+SUMIF(ผลิต1!$C:$C,'รับ-จ่าย ประจำวัน'!$B5,ผลิต1!P:P)+SUMIF(ผลิต2!$C:$C,'รับ-จ่าย ประจำวัน'!$B5,ผลิต2!P:P)+SUMIF(เส้นแต่งหน้าขนมเค้ก!$C:$C,'รับ-จ่าย ประจำวัน'!$B5,เส้นแต่งหน้าขนมเค้ก!P:P)+SUMIF(แพ็ค!$C:$C,'รับ-จ่าย ประจำวัน'!$B5,แพ็ค!P:P)+SUMIF(ธุรการ!$C:$C,'รับ-จ่าย ประจำวัน'!$B5,ธุรการ!P:P)+SUMIF(เส้นแต่งหน้าขนมปัง!$C:$C,'รับ-จ่าย ประจำวัน'!$B5,เส้นแต่งหน้าขนมปัง!P:P)+SUMIF('วางแผนBC,CJ'!$C:$C,'รับ-จ่าย ประจำวัน'!$B5,'วางแผนBC,CJ'!P:P)+SUMIF(RD!$C:$C,'รับ-จ่าย ประจำวัน'!$B5,RD!P:P)+SUMIF('FG,ออนไล,คัดแยก'!$C:$C,'รับ-จ่าย ประจำวัน'!$B5,'FG,ออนไล,คัดแยก'!P:P) -> 0 | AX5: =SUMIF(เตรียมส่วนผสม!$C:$C,'รับ-จ่าย ประจำวัน'!$B5,เตรียมส่วนผสม!Q:Q)+SUMIF(กวนไส้!$C:$C,'รับ-จ่าย ประจำวัน'!$B5,กวนไส้!Q:Q)+SUMIF(ผลิต1!$C:$C,'รับ-จ่าย ประจำวัน'!$B5,ผลิต1!Q:Q)+SUMIF(ผลิต2!$C:$C,'รับ-จ่าย ประจำวัน'!$B5,ผลิต2!Q:Q)+SUMIF(เส้นแต่งหน้าขนมเค้ก!$C:$C,'รับ-จ่าย ประจำวัน'!$B5,เส้นแต่งหน้าขนมเค้ก!Q:Q)+SUMIF(แพ็ค!$C:$C,'รับ-จ่าย ประจำวัน'!$B5,แพ็ค!Q:Q)+SUMIF(ธุรการ!$C:$C,'รับ-จ่าย ประจำวัน'!$B5,ธุรการ!Q:Q)+SUMIF(เส้นแต่งหน้าขนมปัง!$C:$C,'รับ-จ่าย ประจำวัน'!$B5,เส้นแต่งหน้าขนมปัง!Q:Q)+SUMIF('วางแผนBC,CJ'!$C:$C,'รับ-จ่าย ประจำวัน'!$B5,'วางแผนBC,CJ'!Q:Q)+SUMIF(RD!$C:$C,'รับ-จ่าย ประจำวัน'!$B5,RD!Q:Q)+SUMIF('FG,ออนไล,คัดแยก'!$C:$C,'รับ-จ่าย ประจำวัน'!$B5,'FG,ออนไล,คัดแยก'!Q:Q) -> 200 | AY5: =SUMIF(เตรียมส่วนผสม!$C:$C,'รับ-จ่าย ประจำวัน'!$B5,เตรียมส่วนผสม!R:R)+SUMIF(กวนไส้!$C:$C,'รับ-จ่าย ประจำวัน'!$B5,กวนไส้!R:R)+SUMIF(ผลิต1!$C:$C,'รับ-จ่าย ประจำวัน'!$B5,ผลิต1!R:R)+SUMIF(ผลิต2!$C:$C,'รับ-จ่าย ประจำวัน'!$B5,ผลิต2!R:R)+SUMIF(เส้นแต่งหน้าขนมเค้ก!$C:$C,'รับ-จ่าย ประจำวัน'!$B5,เส้นแต่งหน้าขนมเค้ก!R:R)+SUMIF(แพ็ค!$C:$C,'รับ-จ่าย ประจำวัน'!$B5,แพ็ค!R:R)+SUMIF(ธุรการ!$C:$C,'รับ-จ่าย ประจำวัน'!$B5,ธุรการ!R:R)+SUMIF(เส้นแต่งหน้าขนมปัง!$C:$C,'รับ-จ่าย ประจำวัน'!$B5,เส้นแต่งหน้าขนมปัง!R:R)+SUMIF('วางแผนBC,CJ'!$C:$C,'รับ-จ่าย ประจำวัน'!$B5,'วางแผนBC,CJ'!R:R)+SUMIF(RD!$C:$C,'รับ-จ่าย ประจำวัน'!$B5,RD!R:R)+SUMIF('FG,ออนไล,คัดแยก'!$C:$C,'รับ-จ่าย ประจำวัน'!$B5,'FG,ออนไล,คัดแยก'!R:R) -> 0 | AZ5: =SUMIF(เตรียมส่วนผสม!$C:$C,'รับ-จ่าย ประจำวัน'!$B5,เตรียมส่วนผสม!S:S)+SUMIF(กวนไส้!$C:$C,'รับ-จ่าย ประจำวัน'!$B5,กวนไส้!S:S)+SUMIF(ผลิต1!$C:$C,'รับ-จ่าย ประจำวัน'!$B5,ผลิต1!S:S)+SUMIF(ผลิต2!$C:$C,'รับ-จ่าย ประจำวัน'!$B5,ผลิต2!S:S)+SUMIF(เส้นแต่งหน้าขนมเค้ก!$C:$C,'รับ-จ่าย ประจำวัน'!$B5,เส้นแต่งหน้าขนมเค้ก!S:S)+SUMIF(แพ็ค!$C:$C,'รับ-จ่าย ประจำวัน'!$B5,แพ็ค!S:S)+SUMIF(ธุรการ!$C:$C,'รับ-จ่าย ประจำวัน'!$B5,ธุรการ!S:S)+SUMIF(เส้นแต่งหน้าขนมปัง!$C:$C,'รับ-จ่าย ประจำวัน'!$B5,เส้นแต่งหน้าขนมปัง!S:S)+SUMIF('วางแผนBC,CJ'!$C:$C,'รับ-จ่าย ประจำวัน'!$B5,'วางแผนBC,CJ'!S:S)+SUMIF(RD!$C:$C,'รับ-จ่าย ประจำวัน'!$B5,RD!S:S)+SUMIF('FG,ออนไล,คัดแยก'!$C:$C,'รับ-จ่าย ประจำวัน'!$B5,'FG,ออนไล,คัดแยก'!S:S) -> 200 | BA5: =SUMIF(เตรียมส่วนผสม!$C:$C,'รับ-จ่าย ประจำวัน'!$B5,เตรียมส่วนผสม!T:T)+SUMIF(กวนไส้!$C:$C,'รับ-จ่าย ประจำวัน'!$B5,กวนไส้!T:T)+SUMIF(ผลิต1!$C:$C,'รับ-จ่าย ประจำวัน'!$B5,ผลิต1!T:T)+SUMIF(ผลิต2!$C:$C,'รับ-จ่าย ประจำวัน'!$B5,ผลิต2!T:T)+SUMIF(เส้นแต่งหน้าขนมเค้ก!$C:$C,'รับ-จ่าย ประจำวัน'!$B5,เส้นแต่งหน้าขนมเค้ก!T:T)+SUMIF(แพ็ค!$C:$C,'รับ-จ่าย ประจำวัน'!$B5,แพ็ค!T:T)+SUMIF(ธุรการ!$C:$C,'รับ-จ่าย ประจำวัน'!$B5,ธุรการ!T:T)+SUMIF(เส้นแต่งหน้าขนมปัง!$C:$C,'รับ-จ่าย ประจำวัน'!$B5,เส้นแต่งหน้าขนมปัง!T:T)+SUMIF('วางแผนBC,CJ'!$C:$C,'รับ-จ่าย ประจำวัน'!$B5,'วางแผนBC,CJ'!T:T)+SUMIF(RD!$C:$C,'รับ-จ่าย ประจำวัน'!$B5,RD!T:T)+SUMIF('FG,ออนไล,คัดแยก'!$C:$C,'รับ-จ่าย ประจำวัน'!$B5,'FG,ออนไล,คัดแยก'!T:T) -> 0 | BB5: =SUMIF(เตรียมส่วนผสม!$C:$C,'รับ-จ่าย ประจำวัน'!$B5,เตรียมส่วนผสม!U:U)+SUMIF(กวนไส้!$C:$C,'รับ-จ่าย ประจำวัน'!$B5,กวนไส้!U:U)+SUMIF(ผลิต1!$C:$C,'รับ-จ่าย ประจำวัน'!$B5,ผลิต1!U:U)+SUMIF(ผลิต2!$C:$C,'รับ-จ่าย ประจำวัน'!$B5,ผลิต2!U:U)+SUMIF(เส้นแต่งหน้าขนมเค้ก!$C:$C,'รับ-จ่าย ประจำวัน'!$B5,เส้นแต่งหน้าขนมเค้ก!U:U)+SUMIF(แพ็ค!$C:$C,'รับ-จ่าย ประจำวัน'!$B5,แพ็ค!U:U)+SUMIF(ธุรการ!$C:$C,'รับ-จ่าย ประจำวัน'!$B5,ธุรการ!U:U)+SUMIF(เส้นแต่งหน้าขนมปัง!$C:$C,'รับ-จ่าย ประจำวัน'!$B5,เส้นแต่งหน้าขนมปัง!U:U)+SUMIF('วางแผนBC,CJ'!$C:$C,'รับ-จ่าย ประจำวัน'!$B5,'วางแผนBC,CJ'!U:U)+SUMIF(RD!$C:$C,'รับ-จ่าย ประจำวัน'!$B5,RD!U:U)+SUMIF('FG,ออนไล,คัดแยก'!$C:$C,'รับ-จ่าย ประจำวัน'!$B5,'FG,ออนไล,คัดแยก'!U:U) -> 0 | BC5: =SUMIF(เตรียมส่วนผสม!$C:$C,'รับ-จ่าย ประจำวัน'!$B5,เตรียมส่วนผสม!V:V)+SUMIF(กวนไส้!$C:$C,'รับ-จ่าย ประจำวัน'!$B5,กวนไส้!V:V)+SUMIF(ผลิต1!$C:$C,'รับ-จ่าย ประจำวัน'!$B5,ผลิต1!V:V)+SUMIF(ผลิต2!$C:$C,'รับ-จ่าย ประจำวัน'!$B5,ผลิต2!V:V)+SUMIF(เส้นแต่งหน้าขนมเค้ก!$C:$C,'รับ-จ่าย ประจำวัน'!$B5,เส้นแต่งหน้าขนมเค้ก!V:V)+SUMIF(แพ็ค!$C:$C,'รับ-จ่าย ประจำวัน'!$B5,แพ็ค!V:V)+SUMIF(ธุรการ!$C:$C,'รับ-จ่าย ประจำวัน'!$B5,ธุรการ!V:V)+SUMIF(เส้นแต่งหน้าขนมปัง!$C:$C,'รับ-จ่าย ประจำวัน'!$B5,เส้นแต่งหน้าขนมปัง!V:V)+SUMIF('วางแผนBC,CJ'!$C:$C,'รับ-จ่าย ประจำวัน'!$B5,'วางแผนBC,CJ'!V:V)+SUMIF(RD!$C:$C,'รับ-จ่าย ประจำวัน'!$B5,RD!V:V)+SUMIF('FG,ออนไล,คัดแยก'!$C:$C,'รับ-จ่าย ประจำวัน'!$B5,'FG,ออนไล,คัดแยก'!V:V) -> 0 | BD5: =SUMIF(เตรียมส่วนผสม!$C:$C,'รับ-จ่าย ประจำวัน'!$B5,เตรียมส่วนผสม!W:W)+SUMIF(กวนไส้!$C:$C,'รับ-จ่าย ประจำวัน'!$B5,กวนไส้!W:W)+SUMIF(ผลิต1!$C:$C,'รับ-จ่าย ประจำวัน'!$B5,ผลิต1!W:W)+SUMIF(ผลิต2!$C:$C,'รับ-จ่าย ประจำวัน'!$B5,ผลิต2!W:W)+SUMIF(เส้นแต่งหน้าขนมเค้ก!$C:$C,'รับ-จ่าย ประจำวัน'!$B5,เส้นแต่งหน้าขนมเค้ก!W:W)+SUMIF(แพ็ค!$C:$C,'รับ-จ่าย ประจำวัน'!$B5,แพ็ค!W:W)+SUMIF(ธุรการ!$C:$C,'รับ-จ่าย ประจำวัน'!$B5,ธุรการ!W:W)+SUMIF(เส้นแต่งหน้าขนมปัง!$C:$C,'รับ-จ่าย ประจำวัน'!$B5,เส้นแต่งหน้าขนมปัง!W:W)+SUMIF('วางแผนBC,CJ'!$C:$C,'รับ-จ่าย ประจำวัน'!$B5,'วางแผนBC,CJ'!W:W)+SUMIF(RD!$C:$C,'รับ-จ่าย ประจำวัน'!$B5,RD!W:W)+SUMIF('FG,ออนไล,คัดแยก'!$C:$C,'รับ-จ่าย ประจำวัน'!$B5,'FG,ออนไล,คัดแยก'!W:W) -> 200 | BE5: =SUMIF(เตรียมส่วนผสม!$C:$C,'รับ-จ่าย ประจำวัน'!$B5,เตรียมส่วนผสม!X:X)+SUMIF(กวนไส้!$C:$C,'รับ-จ่าย ประจำวัน'!$B5,กวนไส้!X:X)+SUMIF(ผลิต1!$C:$C,'รับ-จ่าย ประจำวัน'!$B5,ผลิต1!X:X)+SUMIF(ผลิต2!$C:$C,'รับ-จ่าย ประจำวัน'!$B5,ผลิต2!X:X)+SUMIF(เส้นแต่งหน้าขนมเค้ก!$C:$C,'รับ-จ่าย ประจำวัน'!$B5,เส้นแต่งหน้าขนมเค้ก!X:X)+SUMIF(แพ็ค!$C:$C,'รับ-จ่าย ประจำวัน'!$B5,แพ็ค!X:X)+SUMIF(ธุรการ!$C:$C,'รับ-จ่าย ประจำวัน'!$B5,ธุรการ!X:X)+SUMIF(เส้นแต่งหน้าขนมปัง!$C:$C,'รับ-จ่าย ประจำวัน'!$B5,เส้นแต่งหน้าขนมปัง!X:X)+SUMIF('วางแผนBC,CJ'!$C:$C,'รับ-จ่าย ประจำวัน'!$B5,'วางแผนBC,CJ'!X:X)+SUMIF(RD!$C:$C,'รับ-จ่าย ประจำวัน'!$B5,RD!X:X)+SUMIF('FG,ออนไล,คัดแยก'!$C:$C,'รับ-จ่าย ประจำวัน'!$B5,'FG,ออนไล,คัดแยก'!X:X) -> 0 | BF5: =SUMIF(เตรียมส่วนผสม!$C:$C,'รับ-จ่าย ประจำวัน'!$B5,เตรียมส่วนผสม!Y:Y)+SUMIF(กวนไส้!$C:$C,'รับ-จ่าย ประจำวัน'!$B5,กวนไส้!Y:Y)+SUMIF(ผลิต1!$C:$C,'รับ-จ่าย ประจำวัน'!$B5,ผลิต1!Y:Y)+SUMIF(ผลิต2!$C:$C,'รับ-จ่าย ประจำวัน'!$B5,ผลิต2!Y:Y)+SUMIF(เส้นแต่งหน้าขนมเค้ก!$C:$C,'รับ-จ่าย ประจำวัน'!$B5,เส้นแต่งหน้าขนมเค้ก!Y:Y)+SUMIF(แพ็ค!$C:$C,'รับ-จ่าย ประจำวัน'!$B5,แพ็ค!Y:Y)+SUMIF(ธุรการ!$C:$C,'รับ-จ่าย ประจำวัน'!$B5,ธุรการ!Y:Y)+SUMIF(เส้นแต่งหน้าขนมปัง!$C:$C,'รับ-จ่าย ประจำวัน'!$B5,เส้นแต่งหน้าขนมปัง!Y:Y)+SUMIF('วางแผนBC,CJ'!$C:$C,'รับ-จ่าย ประจำวัน'!$B5,'วางแผนBC,CJ'!Y:Y)+SUMIF(RD!$C:$C,'รับ-จ่าย ประจำวัน'!$B5,RD!Y:Y)+SUMIF('FG,ออนไล,คัดแยก'!$C:$C,'รับ-จ่าย ประจำวัน'!$B5,'FG,ออนไล,คัดแยก'!Y:Y) -> 0 | BG5: =SUMIF(เตรียมส่วนผสม!$C:$C,'รับ-จ่าย ประจำวัน'!$B5,เตรียมส่วนผสม!Z:Z)+SUMIF(กวนไส้!$C:$C,'รับ-จ่าย ประจำวัน'!$B5,กวนไส้!Z:Z)+SUMIF(ผลิต1!$C:$C,'รับ-จ่าย ประจำวัน'!$B5,ผลิต1!Z:Z)+SUMIF(ผลิต2!$C:$C,'รับ-จ่าย ประจำวัน'!$B5,ผลิต2!Z:Z)+SUMIF(เส้นแต่งหน้าขนมเค้ก!$C:$C,'รับ-จ่าย ประจำวัน'!$B5,เส้นแต่งหน้าขนมเค้ก!Z:Z)+SUMIF(แพ็ค!$C:$C,'รับ-จ่าย ประจำวัน'!$B5,แพ็ค!Z:Z)+SUMIF(ธุรการ!$C:$C,'รับ-จ่าย ประจำวัน'!$B5,ธุรการ!Z:Z)+SUMIF(เส้นแต่งหน้าขนมปัง!$C:$C,'รับ-จ่าย ประจำวัน'!$B5,เส้นแต่งหน้าขนมปัง!Z:Z)+SUMIF('วางแผนBC,CJ'!$C:$C,'รับ-จ่าย ประจำวัน'!$B5,'วางแผนBC,CJ'!Z:Z)+SUMIF(RD!$C:$C,'รับ-จ่าย ประจำวัน'!$B5,RD!Z:Z)+SUMIF('FG,ออนไล,คัดแยก'!$C:$C,'รับ-จ่าย ประจำวัน'!$B5,'FG,ออนไล,คัดแยก'!Z:Z) -> 0 | BH5: =SUMIF(เตรียมส่วนผสม!$C:$C,'รับ-จ่าย ประจำวัน'!$B5,เตรียมส่วนผสม!AA:AA)+SUMIF(กวนไส้!$C:$C,'รับ-จ่าย ประจำวัน'!$B5,กวนไส้!AA:AA)+SUMIF(ผลิต1!$C:$C,'รับ-จ่าย ประจำวัน'!$B5,ผลิต1!AA:AA)+SUMIF(ผลิต2!$C:$C,'รับ-จ่าย ประจำวัน'!$B5,ผลิต2!AA:AA)+SUMIF(เส้นแต่งหน้าขนมเค้ก!$C:$C,'รับ-จ่าย ประจำวัน'!$B5,เส้นแต่งหน้าขนมเค้ก!AA:AA)+SUMIF(แพ็ค!$C:$C,'รับ-จ่าย ประจำวัน'!$B5,แพ็ค!AA:AA)+SUMIF(ธุรการ!$C:$C,'รับ-จ่าย ประจำวัน'!$B5,ธุรการ!AA:AA)+SUMIF(เส้นแต่งหน้าขนมปัง!$C:$C,'รับ-จ่าย ประจำวัน'!$B5,เส้นแต่งหน้าขนมปัง!AA:AA)+SUMIF('วางแผนBC,CJ'!$C:$C,'รับ-จ่าย ประจำวัน'!$B5,'วางแผนBC,CJ'!AA:AA)+SUMIF(RD!$C:$C,'รับ-จ่าย ประจำวัน'!$B5,RD!AA:AA)+SUMIF('FG,ออนไล,คัดแยก'!$C:$C,'รับ-จ่าย ประจำวัน'!$B5,'FG,ออนไล,คัดแยก'!AA:AA) -> 0 | BI5: =SUMIF(เตรียมส่วนผสม!$C:$C,'รับ-จ่าย ประจำวัน'!$B5,เตรียมส่วนผสม!AB:AB)+SUMIF(กวนไส้!$C:$C,'รับ-จ่าย ประจำวัน'!$B5,กวนไส้!AB:AB)+SUMIF(ผลิต1!$C:$C,'รับ-จ่าย ประจำวัน'!$B5,ผลิต1!AB:AB)+SUMIF(ผลิต2!$C:$C,'รับ-จ่าย ประจำวัน'!$B5,ผลิต2!AB:AB)+SUMIF(เส้นแต่งหน้าขนมเค้ก!$C:$C,'รับ-จ่าย ประจำวัน'!$B5,เส้นแต่งหน้าขนมเค้ก!AB:AB)+SUMIF(แพ็ค!$C:$C,'รับ-จ่าย ประจำวัน'!$B5,แพ็ค!AB:AB)+SUMIF(ธุรการ!$C:$C,'รับ-จ่าย ประจำวัน'!$B5,ธุรการ!AB:AB)+SUMIF(เส้นแต่งหน้าขนมปัง!$C:$C,'รับ-จ่าย ประจำวัน'!$B5,เส้นแต่งหน้าขนมปัง!AB:AB)+SUMIF('วางแผนBC,CJ'!$C:$C,'รับ-จ่าย ประจำวัน'!$B5,'วางแผนBC,CJ'!AB:AB)+SUMIF(RD!$C:$C,'รับ-จ่าย ประจำวัน'!$B5,RD!AB:AB)+SUMIF('FG,ออนไล,คัดแยก'!$C:$C,'รับ-จ่าย ประจำวัน'!$B5,'FG,ออนไล,คัดแยก'!AB:AB) -> 0 | BJ5: =SUMIF(เตรียมส่วนผสม!$C:$C,'รับ-จ่าย ประจำวัน'!$B5,เตรียมส่วนผสม!AC:AC)+SUMIF(กวนไส้!$C:$C,'รับ-จ่าย ประจำวัน'!$B5,กวนไส้!AC:AC)+SUMIF(ผลิต1!$C:$C,'รับ-จ่าย ประจำวัน'!$B5,ผลิต1!AC:AC)+SUMIF(ผลิต2!$C:$C,'รับ-จ่าย ประจำวัน'!$B5,ผลิต2!AC:AC)+SUMIF(เส้นแต่งหน้าขนมเค้ก!$C:$C,'รับ-จ่าย ประจำวัน'!$B5,เส้นแต่งหน้าขนมเค้ก!AC:AC)+SUMIF(แพ็ค!$C:$C,'รับ-จ่าย ประจำวัน'!$B5,แพ็ค!AC:AC)+SUMIF(ธุรการ!$C:$C,'รับ-จ่าย ประจำวัน'!$B5,ธุรการ!AC:AC)+SUMIF(เส้นแต่งหน้าขนมปัง!$C:$C,'รับ-จ่าย ประจำวัน'!$B5,เส้นแต่งหน้าขนมปัง!AC:AC)+SUMIF('วางแผนBC,CJ'!$C:$C,'รับ-จ่าย ประจำวัน'!$B5,'วางแผนBC,CJ'!AC:AC)+SUMIF(RD!$C:$C,'รับ-จ่าย ประจำวัน'!$B5,RD!AC:AC)+SUMIF('FG,ออนไล,คัดแยก'!$C:$C,'รับ-จ่าย ประจำวัน'!$B5,'FG,ออนไล,คัดแยก'!AC:AC) -> 200 | BK5: =SUMIF(เตรียมส่วนผสม!$C:$C,'รับ-จ่าย ประจำวัน'!$B5,เตรียมส่วนผสม!AD:AD)+SUMIF(กวนไส้!$C:$C,'รับ-จ่าย ประจำวัน'!$B5,กวนไส้!AD:AD)+SUMIF(ผลิต1!$C:$C,'รับ-จ่าย ประจำวัน'!$B5,ผลิต1!AD:AD)+SUMIF(ผลิต2!$C:$C,'รับ-จ่าย ประจำวัน'!$B5,ผลิต2!AD:AD)+SUMIF(เส้นแต่งหน้าขนมเค้ก!$C:$C,'รับ-จ่าย ประจำวัน'!$B5,เส้นแต่งหน้าขนมเค้ก!AD:AD)+SUMIF(แพ็ค!$C:$C,'รับ-จ่าย ประจำวัน'!$B5,แพ็ค!AD:AD)+SUMIF(ธุรการ!$C:$C,'รับ-จ่าย ประจำวัน'!$B5,ธุรการ!AD:AD)+SUMIF(เส้นแต่งหน้าขนมปัง!$C:$C,'รับ-จ่าย ประจำวัน'!$B5,เส้นแต่งหน้าขนมปัง!AD:AD)+SUMIF('วางแผนBC,CJ'!$C:$C,'รับ-จ่าย ประจำวัน'!$B5,'วางแผนBC,CJ'!AD:AD)+SUMIF(RD!$C:$C,'รับ-จ่าย ประจำวัน'!$B5,RD!AD:AD)+SUMIF('FG,ออนไล,คัดแยก'!$C:$C,'รับ-จ่าย ประจำวัน'!$B5,'FG,ออนไล,คัดแยก'!AD:AD) -> 300 | BL5: =SUMIF(เตรียมส่วนผสม!$C:$C,'รับ-จ่าย ประจำวัน'!$B5,เตรียมส่วนผสม!AE:AE)+SUMIF(กวนไส้!$C:$C,'รับ-จ่าย ประจำวัน'!$B5,กวนไส้!AE:AE)+SUMIF(ผลิต1!$C:$C,'รับ-จ่าย ประจำวัน'!$B5,ผลิต1!AE:AE)+SUMIF(ผลิต2!$C:$C,'รับ-จ่าย ประจำวัน'!$B5,ผลิต2!AE:AE)+SUMIF(เส้นแต่งหน้าขนมเค้ก!$C:$C,'รับ-จ่าย ประจำวัน'!$B5,เส้นแต่งหน้าขนมเค้ก!AE:AE)+SUMIF(แพ็ค!$C:$C,'รับ-จ่าย ประจำวัน'!$B5,แพ็ค!AE:AE)+SUMIF(ธุรการ!$C:$C,'รับ-จ่าย ประจำวัน'!$B5,ธุรการ!AE:AE)+SUMIF(เส้นแต่งหน้าขนมปัง!$C:$C,'รับ-จ่าย ประจำวัน'!$B5,เส้นแต่งหน้าขนมปัง!AE:AE)+SUMIF('วางแผนBC,CJ'!$C:$C,'รับ-จ่าย ประจำวัน'!$B5,'วางแผนBC,CJ'!AE:AE)+SUMIF(RD!$C:$C,'รับ-จ่าย ประจำวัน'!$B5,RD!AE:AE)+SUMIF('FG,ออนไล,คัดแยก'!$C:$C,'รับ-จ่าย ประจำวัน'!$B5,'FG,ออนไล,คัดแยก'!AE:AE) -> 0 | BM5: =SUMIF(เตรียมส่วนผสม!$C:$C,'รับ-จ่าย ประจำวัน'!$B5,เตรียมส่วนผสม!AF:AF)+SUMIF(กวนไส้!$C:$C,'รับ-จ่าย ประจำวัน'!$B5,กวนไส้!AF:AF)+SUMIF(ผลิต1!$C:$C,'รับ-จ่าย ประจำวัน'!$B5,ผลิต1!AF:AF)+SUMIF(ผลิต2!$C:$C,'รับ-จ่าย ประจำวัน'!$B5,ผลิต2!AF:AF)+SUMIF(เส้นแต่งหน้าขนมเค้ก!$C:$C,'รับ-จ่าย ประจำวัน'!$B5,เส้นแต่งหน้าขนมเค้ก!AF:AF)+SUMIF(แพ็ค!$C:$C,'รับ-จ่าย ประจำวัน'!$B5,แพ็ค!AF:AF)+SUMIF(ธุรการ!$C:$C,'รับ-จ่าย ประจำวัน'!$B5,ธุรการ!AF:AF)+SUMIF(เส้นแต่งหน้าขนมปัง!$C:$C,'รับ-จ่าย ประจำวัน'!$B5,เส้นแต่งหน้าขนมปัง!AF:AF)+SUMIF('วางแผนBC,CJ'!$C:$C,'รับ-จ่าย ประจำวัน'!$B5,'วางแผนBC,CJ'!AF:AF)+SUMIF(RD!$C:$C,'รับ-จ่าย ประจำวัน'!$B5,RD!AF:AF)+SUMIF('FG,ออนไล,คัดแยก'!$C:$C,'รับ-จ่าย ประจำวัน'!$B5,'FG,ออนไล,คัดแยก'!AF:AF) -> 0 | BN5: =SUMIF(เตรียมส่วนผสม!$C:$C,'รับ-จ่าย ประจำวัน'!$B5,เตรียมส่วนผสม!AG:AG)+SUMIF(กวนไส้!$C:$C,'รับ-จ่าย ประจำวัน'!$B5,กวนไส้!AG:AG)+SUMIF(ผลิต1!$C:$C,'รับ-จ่าย ประจำวัน'!$B5,ผลิต1!AG:AG)+SUMIF(ผลิต2!$C:$C,'รับ-จ่าย ประจำวัน'!$B5,ผลิต2!AG:AG)+SUMIF(เส้นแต่งหน้าขนมเค้ก!$C:$C,'รับ-จ่าย ประจำวัน'!$B5,เส้นแต่งหน้าขนมเค้ก!AG:AG)+SUMIF(แพ็ค!$C:$C,'รับ-จ่าย ประจำวัน'!$B5,แพ็ค!AG:AG)+SUMIF(ธุรการ!$C:$C,'รับ-จ่าย ประจำวัน'!$B5,ธุรการ!AG:AG)+SUMIF(เส้นแต่งหน้าขนมปัง!$C:$C,'รับ-จ่าย ประจำวัน'!$B5,เส้นแต่งหน้าขนมปัง!AG:AG)+SUMIF('วางแผนBC,CJ'!$C:$C,'รับ-จ่าย ประจำวัน'!$B5,'วางแผนBC,CJ'!AG:AG)+SUMIF(RD!$C:$C,'รับ-จ่าย ประจำวัน'!$B5,RD!AG:AG)+SUMIF('FG,ออนไล,คัดแยก'!$C:$C,'รับ-จ่าย ประจำวัน'!$B5,'FG,ออนไล,คัดแยก'!AG:AG) -> 200 | BO5: =SUMIF(เตรียมส่วนผสม!$C:$C,'รับ-จ่าย ประจำวัน'!$B5,เตรียมส่วนผสม!AH:AH)+SUMIF(กวนไส้!$C:$C,'รับ-จ่าย ประจำวัน'!$B5,กวนไส้!AH:AH)+SUMIF(ผลิต1!$C:$C,'รับ-จ่าย ประจำวัน'!$B5,ผลิต1!AH:AH)+SUMIF(ผลิต2!$C:$C,'รับ-จ่าย ประจำวัน'!$B5,ผลิต2!AH:AH)+SUMIF(เส้นแต่งหน้าขนมเค้ก!$C:$C,'รับ-จ่าย ประจำวัน'!$B5,เส้นแต่งหน้าขนมเค้ก!AH:AH)+SUMIF(แพ็ค!$C:$C,'รับ-จ่าย ประจำวัน'!$B5,แพ็ค!AH:AH)+SUMIF(ธุรการ!$C:$C,'รับ-จ่าย ประจำวัน'!$B5,ธุรการ!AH:AH)+SUMIF(เส้นแต่งหน้าขนมปัง!$C:$C,'รับ-จ่าย ประจำวัน'!$B5,เส้นแต่งหน้าขนมปัง!AH:AH)+SUMIF('วางแผนBC,CJ'!$C:$C,'รับ-จ่าย ประจำวัน'!$B5,'วางแผนBC,CJ'!AH:AH)+SUMIF(RD!$C:$C,'รับ-จ่าย ประจำวัน'!$B5,RD!AH:AH)+SUMIF('FG,ออนไล,คัดแยก'!$C:$C,'รับ-จ่าย ประจำวัน'!$B5,'FG,ออนไล,คัดแยก'!AH:AH) -> 0 | BP5: =SUMIF(เตรียมส่วนผสม!$C:$C,'รับ-จ่าย ประจำวัน'!$B5,เตรียมส่วนผสม!AI:AI)+SUMIF(กวนไส้!$C:$C,'รับ-จ่าย ประจำวัน'!$B5,กวนไส้!AI:AI)+SUMIF(ผลิต1!$C:$C,'รับ-จ่าย ประจำวัน'!$B5,ผลิต1!AI:AI)+SUMIF(ผลิต2!$C:$C,'รับ-จ่าย ประจำวัน'!$B5,ผลิต2!AI:AI)+SUMIF(เส้นแต่งหน้าขนมเค้ก!$C:$C,'รับ-จ่าย ประจำวัน'!$B5,เส้นแต่งหน้าขนมเค้ก!AI:AI)+SUMIF(แพ็ค!$C:$C,'รับ-จ่าย ประจำวัน'!$B5,แพ็ค!AI:AI)+SUMIF(ธุรการ!$C:$C,'รับ-จ่าย ประจำวัน'!$B5,ธุรการ!AI:AI)+SUMIF(เส้นแต่งหน้าขนมปัง!$C:$C,'รับ-จ่าย ประจำวัน'!$B5,เส้นแต่งหน้าขนมปัง!AI:AI)+SUMIF('วางแผนBC,CJ'!$C:$C,'รับ-จ่าย ประจำวัน'!$B5,'วางแผนBC,CJ'!AI:AI)+SUMIF(RD!$C:$C,'รับ-จ่าย ประจำวัน'!$B5,RD!AI:AI)+SUMIF('FG,ออนไล,คัดแยก'!$C:$C,'รับ-จ่าย ประจำวัน'!$B5,'FG,ออนไล,คัดแยก'!AI:AI) -> 0 | BQ5: =SUMIF(เตรียมส่วนผสม!$C:$C,'รับ-จ่าย ประจำวัน'!$B5,เตรียมส่วนผสม!AJ:AJ)+SUMIF(กวนไส้!$C:$C,'รับ-จ่าย ประจำวัน'!$B5,กวนไส้!AJ:AJ)+SUMIF(ผลิต1!$C:$C,'รับ-จ่าย ประจำวัน'!$B5,ผลิต1!AJ:AJ)+SUMIF(ผลิต2!$C:$C,'รับ-จ่าย ประจำวัน'!$B5,ผลิต2!AJ:AJ)+SUMIF(เส้นแต่งหน้าขนมเค้ก!$C:$C,'รับ-จ่าย ประจำวัน'!$B5,เส้นแต่งหน้าขนมเค้ก!AJ:AJ)+SUMIF(แพ็ค!$C:$C,'รับ-จ่าย ประจำวัน'!$B5,แพ็ค!AJ:AJ)+SUMIF(ธุรการ!$C:$C,'รับ-จ่าย ประจำวัน'!$B5,ธุรการ!AJ:AJ)+SUMIF(เส้นแต่งหน้าขนมปัง!$C:$C,'รับ-จ่าย ประจำวัน'!$B5,เส้นแต่งหน้าขนมปัง!AJ:AJ)+SUMIF('วางแผนBC,CJ'!$C:$C,'รับ-จ่าย ประจำวัน'!$B5,'วางแผนBC,CJ'!AJ:AJ)+SUMIF(RD!$C:$C,'รับ-จ่าย ประจำวัน'!$B5,RD!AJ:AJ)+SUMIF('FG,ออนไล,คัดแยก'!$C:$C,'รับ-จ่าย ประจำวัน'!$B5,'FG,ออนไล,คัดแยก'!AJ:AJ) -> 0 | BR5: =SUMIF(เตรียมส่วนผสม!$C:$C,'รับ-จ่าย ประจำวัน'!$B5,เตรียมส่วนผสม!AK:AK)+SUMIF(กวนไส้!$C:$C,'รับ-จ่าย ประจำวัน'!$B5,กวนไส้!AK:AK)+SUMIF(ผลิต1!$C:$C,'รับ-จ่าย ประจำวัน'!$B5,ผลิต1!AK:AK)+SUMIF(ผลิต2!$C:$C,'รับ-จ่าย ประจำวัน'!$B5,ผลิต2!AK:AK)+SUMIF(เส้นแต่งหน้าขนมเค้ก!$C:$C,'รับ-จ่าย ประจำวัน'!$B5,เส้นแต่งหน้าขนมเค้ก!AK:AK)+SUMIF(แพ็ค!$C:$C,'รับ-จ่าย ประจำวัน'!$B5,แพ็ค!AK:AK)+SUMIF(ธุรการ!$C:$C,'รับ-จ่าย ประจำวัน'!$B5,ธุรการ!AK:AK)+SUMIF(เส้นแต่งหน้าขนมปัง!$C:$C,'รับ-จ่าย ประจำวัน'!$B5,เส้นแต่งหน้าขนมปัง!AK:AK)+SUMIF('วางแผนBC,CJ'!$C:$C,'รับ-จ่าย ประจำวัน'!$B5,'วางแผนBC,CJ'!AK:AK)+SUMIF(RD!$C:$C,'รับ-จ่าย ประจำวัน'!$B5,RD!AK:AK)+SUMIF('FG,ออนไล,คัดแยก'!$C:$C,'รับ-จ่าย ประจำวัน'!$B5,'FG,ออนไล,คัดแยก'!AK:AK) -> 0 | BS5: =SUMIF(เตรียมส่วนผสม!$C:$C,'รับ-จ่าย ประจำวัน'!$B5,เตรียมส่วนผสม!AL:AL)+SUMIF(กวนไส้!$C:$C,'รับ-จ่าย ประจำวัน'!$B5,กวนไส้!AL:AL)+SUMIF(ผลิต1!$C:$C,'รับ-จ่าย ประจำวัน'!$B5,ผลิต1!AL:AL)+SUMIF(ผลิต2!$C:$C,'รับ-จ่าย ประจำวัน'!$B5,ผลิต2!AL:AL)+SUMIF(เส้นแต่งหน้าขนมเค้ก!$C:$C,'รับ-จ่าย ประจำวัน'!$B5,เส้นแต่งหน้าขนมเค้ก!AL:AL)+SUMIF(แพ็ค!$C:$C,'รับ-จ่าย ประจำวัน'!$B5,แพ็ค!AL:AL)+SUMIF(ธุรการ!$C:$C,'รับ-จ่าย ประจำวัน'!$B5,ธุรการ!AL:AL)+SUMIF(เส้นแต่งหน้าขนมปัง!$C:$C,'รับ-จ่าย ประจำวัน'!$B5,เส้นแต่งหน้าขนมปัง!AL:AL)+SUMIF('วางแผนBC,CJ'!$C:$C,'รับ-จ่าย ประจำวัน'!$B5,'วางแผนBC,CJ'!AL:AL)+SUMIF(RD!$C:$C,'รับ-จ่าย ประจำวัน'!$B5,RD!AL:AL)+SUMIF('FG,ออนไล,คัดแยก'!$C:$C,'รับ-จ่าย ประจำวัน'!$B5,'FG,ออนไล,คัดแยก'!AL:AL) -> 0 | BT5: =AO5+AP5+AQ5+AR5+AS5+AT5+AU5+AV5+AW5+AX5+AY5+AZ5+BA5+BB5+BC5+BD5+BE5+BF5+BG5+BH5+BI5+BJ5+BK5+BL5+BM5+BN5+BO5+BP5+BQ5+BR5+BS5 -> 2100 | BV5: =H5+AN5-BT5 -> 8000 | BW5: 30 | BX5: =BT5/30 -> 70 | BY5: =BV5/BX5 -> 114.28571 | BZ5: =+TODAY()+BY5 -> 46317.286 | CK5: =+BV5-BU5 -> 8000
A6: 02-BB11 | B6: 1020501004 | C6: กล่องเค้กเบาหวิวรสเนยนม 300g. New(1ห่อ*200ใบ) | D6: ใบ | E6: 0 | H6: 1200 | AN6: =I6+J6+K6+L6+M6+N6+O6+P6+Q6+R6+S6+T6+U6+V6+W6+X6+Y6+Z6+AA6+AB6+AC6+AD6+AE6+AF6+AG6+AH6+AI6+AJ6+AK6+AL6+AM6 -> 0 | AO6: =SUMIF(เตรียมส่วนผสม!$C:$C,'รับ-จ่าย ประจำวัน'!$B6,เตรียมส่วนผสม!H:H)+SUMIF(กวนไส้!$C:$C,'รับ-จ่าย ประจำวัน'!$B6,กวนไส้!H:H)+SUMIF(ผลิต1!$C:$C,'รับ-จ่าย ประจำวัน'!$B6,ผลิต1!H:H)+SUMIF(ผลิต2!$C:$C,'รับ-จ่าย ประจำวัน'!$B6,ผลิต2!H:H)+SUMIF(เส้นแต่งหน้าขนมเค้ก!$C:$C,'รับ-จ่าย ประจำวัน'!$B6,เส้นแต่งหน้าขนมเค้ก!H:H)+SUMIF(แพ็ค!$C:$C,'รับ-จ่าย ประจำวัน'!$B6,แพ็ค!H:H)+SUMIF(ธุรการ!$C:$C,'รับ-จ่าย ประจำวัน'!$B6,ธุรการ!H:H)+SUMIF(เส้นแต่งหน้าขนมปัง!$C:$C,'รับ-จ่าย ประจำวัน'!$B6,เส้นแต่งหน้าขนมปัง!H:H)+SUMIF('วางแผนBC,CJ'!$C:$C,'รับ-จ่าย ประจำวัน'!$B6,'วางแผนBC,CJ'!H:H)+SUMIF(RD!$C:$C,'รับ-จ่าย ประจำวัน'!$B6,RD!H:H)+SUMIF('FG,ออนไล,คัดแยก'!$C:$C,'รับ-จ่าย ประจำวัน'!$B6,'FG,ออนไล,คัดแยก'!H:H) -> 0 | AP6: =SUMIF(เตรียมส่วนผสม!$C:$C,'รับ-จ่าย ประจำวัน'!$B6,เตรียมส่วนผสม!I:I)+SUMIF(กวนไส้!$C:$C,'รับ-จ่าย ประจำวัน'!$B6,กวนไส้!I:I)+SUMIF(ผลิต1!$C:$C,'รับ-จ่าย ประจำวัน'!$B6,ผลิต1!I:I)+SUMIF(ผลิต2!$C:$C,'รับ-จ่าย ประจำวัน'!$B6,ผลิต2!I:I)+SUMIF(เส้นแต่งหน้าขนมเค้ก!$C:$C,'รับ-จ่าย ประจำวัน'!$B6,เส้นแต่งหน้าขนมเค้ก!I:I)+SUMIF(แพ็ค!$C:$C,'รับ-จ่าย ประจำวัน'!$B6,แพ็ค!I:I)+SUMIF(ธุรการ!$C:$C,'รับ-จ่าย ประจำวัน'!$B6,ธุรการ!I:I)+SUMIF(เส้นแต่งหน้าขนมปัง!$C:$C,'รับ-จ่าย ประจำวัน'!$B6,เส้นแต่งหน้าขนมปัง!I:I)+SUMIF('วางแผนBC,CJ'!$C:$C,'รับ-จ่าย ประจำวัน'!$B6,'วางแผนBC,CJ'!I:I)+SUMIF(RD!$C:$C,'รับ-จ่าย ประจำวัน'!$B6,RD!I:I)+SUMIF('FG,ออนไล,คัดแยก'!$C:$C,'รับ-จ่าย ประจำวัน'!$B6,'FG,ออนไล,คัดแยก'!I:I) -> 200 | AQ6: =SUMIF(เตรียมส่วนผสม!$C:$C,'รับ-จ่าย ประจำวัน'!$B6,เตรียมส่วนผสม!J:J)+SUMIF(กวนไส้!$C:$C,'รับ-จ่าย ประจำวัน'!$B6,กวนไส้!J:J)+SUMIF(ผลิต1!$C:$C,'รับ-จ่าย ประจำวัน'!$B6,ผลิต1!J:J)+SUMIF(ผลิต2!$C:$C,'รับ-จ่าย ประจำวัน'!$B6,ผลิต2!J:J)+SUMIF(เส้นแต่งหน้าขนมเค้ก!$C:$C,'รับ-จ่าย ประจำวัน'!$B6,เส้นแต่งหน้าขนมเค้ก!J:J)+SUMIF(แพ็ค!$C:$C,'รับ-จ่าย ประจำวัน'!$B6,แพ็ค!J:J)+SUMIF(ธุรการ!$C:$C,'รับ-จ่าย ประจำวัน'!$B6,ธุรการ!J:J)+SUMIF(เส้นแต่งหน้าขนมปัง!$C:$C,'รับ-จ่าย ประจำวัน'!$B6,เส้นแต่งหน้าขนมปัง!J:J)+SUMIF('วางแผนBC,CJ'!$C:$C,'รับ-จ่าย ประจำวัน'!$B6,'วางแผนBC,CJ'!J:J)+SUMIF(RD!$C:$C,'รับ-จ่าย ประจำวัน'!$B6,RD!J:J)+SUMIF('FG,ออนไล,คัดแยก'!$C:$C,'รับ-จ่าย ประจำวัน'!$B6,'FG,ออนไล,คัดแยก'!J:J) -> 0 | AR6: =SUMIF(เตรียมส่วนผสม!$C:$C,'รับ-จ่าย ประจำวัน'!$B6,เตรียมส่วนผสม!K:K)+SUMIF(กวนไส้!$C:$C,'รับ-จ่าย ประจำวัน'!$B6,กวนไส้!K:K)+SUMIF(ผลิต1!$C:$C,'รับ-จ่าย ประจำวัน'!$B6,ผลิต1!K:K)+SUMIF(ผลิต2!$C:$C,'รับ-จ่าย ประจำวัน'!$B6,ผลิต2!K:K)+SUMIF(เส้นแต่งหน้าขนมเค้ก!$C:$C,'รับ-จ่าย ประจำวัน'!$B6,เส้นแต่งหน้าขนมเค้ก!K:K)+SUMIF(แพ็ค!$C:$C,'รับ-จ่าย ประจำวัน'!$B6,แพ็ค!K:K)+SUMIF(ธุรการ!$C:$C,'รับ-จ่าย ประจำวัน'!$B6,ธุรการ!K:K)+SUMIF(เส้นแต่งหน้าขนมปัง!$C:$C,'รับ-จ่าย ประจำวัน'!$B6,เส้นแต่งหน้าขนมปัง!K:K)+SUMIF('วางแผนBC,CJ'!$C:$C,'รับ-จ่าย ประจำวัน'!$B6,'วางแผนBC,CJ'!K:K)+SUMIF(RD!$C:$C,'รับ-จ่าย ประจำวัน'!$B6,RD!K:K)+SUMIF('FG,ออนไล,คัดแยก'!$C:$C,'รับ-จ่าย ประจำวัน'!$B6,'FG,ออนไล,คัดแยก'!K:K) -> 0 | AS6: =SUMIF(เตรียมส่วนผสม!$C:$C,'รับ-จ่าย ประจำวัน'!$B6,เตรียมส่วนผสม!L:L)+SUMIF(กวนไส้!$C:$C,'รับ-จ่าย ประจำวัน'!$B6,กวนไส้!L:L)+SUMIF(ผลิต1!$C:$C,'รับ-จ่าย ประจำวัน'!$B6,ผลิต1!L:L)+SUMIF(ผลิต2!$C:$C,'รับ-จ่าย ประจำวัน'!$B6,ผลิต2!L:L)+SUMIF(เส้นแต่งหน้าขนมเค้ก!$C:$C,'รับ-จ่าย ประจำวัน'!$B6,เส้นแต่งหน้าขนมเค้ก!L:L)+SUMIF(แพ็ค!$C:$C,'รับ-จ่าย ประจำวัน'!$B6,แพ็ค!L:L)+SUMIF(ธุรการ!$C:$C,'รับ-จ่าย ประจำวัน'!$B6,ธุรการ!L:L)+SUMIF(เส้นแต่งหน้าขนมปัง!$C:$C,'รับ-จ่าย ประจำวัน'!$B6,เส้นแต่งหน้าขนมปัง!L:L)+SUMIF('วางแผนBC,CJ'!$C:$C,'รับ-จ่าย ประจำวัน'!$B6,'วางแผนBC,CJ'!L:L)+SUMIF(RD!$C:$C,'รับ-จ่าย ประจำวัน'!$B6,RD!L:L)+SUMIF('FG,ออนไล,คัดแยก'!$C:$C,'รับ-จ่าย ประจำวัน'!$B6,'FG,ออนไล,คัดแยก'!L:L) -> 0 | AT6: =SUMIF(เตรียมส่วนผสม!$C:$C,'รับ-จ่าย ประจำวัน'!$B6,เตรียมส่วนผสม!M:M)+SUMIF(กวนไส้!$C:$C,'รับ-จ่าย ประจำวัน'!$B6,กวนไส้!M:M)+SUMIF(ผลิต1!$C:$C,'รับ-จ่าย ประจำวัน'!$B6,ผลิต1!M:M)+SUMIF(ผลิต2!$C:$C,'รับ-จ่าย ประจำวัน'!$B6,ผลิต2!M:M)+SUMIF(เส้นแต่งหน้าขนมเค้ก!$C:$C,'รับ-จ่าย ประจำวัน'!$B6,เส้นแต่งหน้าขนมเค้ก!M:M)+SUMIF(แพ็ค!$C:$C,'รับ-จ่าย ประจำวัน'!$B6,แพ็ค!M:M)+SUMIF(ธุรการ!$C:$C,'รับ-จ่าย ประจำวัน'!$B6,ธุรการ!M:M)+SUMIF(เส้นแต่งหน้าขนมปัง!$C:$C,'รับ-จ่าย ประจำวัน'!$B6,เส้นแต่งหน้าขนมปัง!M:M)+SUMIF('วางแผนBC,CJ'!$C:$C,'รับ-จ่าย ประจำวัน'!$B6,'วางแผนBC,CJ'!M:M)+SUMIF(RD!$C:$C,'รับ-จ่าย ประจำวัน'!$B6,RD!M:M)+SUMIF('FG,ออนไล,คัดแยก'!$C:$C,'รับ-จ่าย ประจำวัน'!$B6,'FG,ออนไล,คัดแยก'!M:M) -> 0 | AU6: =SUMIF(เตรียมส่วนผสม!$C:$C,'รับ-จ่าย ประจำวัน'!$B6,เตรียมส่วนผสม!N:N)+SUMIF(กวนไส้!$C:$C,'รับ-จ่าย ประจำวัน'!$B6,กวนไส้!N:N)+SUMIF(ผลิต1!$C:$C,'รับ-จ่าย ประจำวัน'!$B6,ผลิต1!N:N)+SUMIF(ผลิต2!$C:$C,'รับ-จ่าย ประจำวัน'!$B6,ผลิต2!N:N)+SUMIF(เส้นแต่งหน้าขนมเค้ก!$C:$C,'รับ-จ่าย ประจำวัน'!$B6,เส้นแต่งหน้าขนมเค้ก!N:N)+SUMIF(แพ็ค!$C:$C,'รับ-จ่าย ประจำวัน'!$B6,แพ็ค!N:N)+SUMIF(ธุรการ!$C:$C,'รับ-จ่าย ประจำวัน'!$B6,ธุรการ!N:N)+SUMIF(เส้นแต่งหน้าขนมปัง!$C:$C,'รับ-จ่าย ประจำวัน'!$B6,เส้นแต่งหน้าขนมปัง!N:N)+SUMIF('วางแผนBC,CJ'!$C:$C,'รับ-จ่าย ประจำวัน'!$B6,'วางแผนBC,CJ'!N:N)+SUMIF(RD!$C:$C,'รับ-จ่าย ประจำวัน'!$B6,RD!N:N)+SUMIF('FG,ออนไล,คัดแยก'!$C:$C,'รับ-จ่าย ประจำวัน'!$B6,'FG,ออนไล,คัดแยก'!N:N) -> 0 | AV6: =SUMIF(เตรียมส่วนผสม!$C:$C,'รับ-จ่าย ประจำวัน'!$B6,เตรียมส่วนผสม!O:O)+SUMIF(กวนไส้!$C:$C,'รับ-จ่าย ประจำวัน'!$B6,กวนไส้!O:O)+SUMIF(ผลิต1!$C:$C,'รับ-จ่าย ประจำวัน'!$B6,ผลิต1!O:O)+SUMIF(ผลิต2!$C:$C,'รับ-จ่าย ประจำวัน'!$B6,ผลิต2!O:O)+SUMIF(เส้นแต่งหน้าขนมเค้ก!$C:$C,'รับ-จ่าย ประจำวัน'!$B6,เส้นแต่งหน้าขนมเค้ก!O:O)+SUMIF(แพ็ค!$C:$C,'รับ-จ่าย ประจำวัน'!$B6,แพ็ค!O:O)+SUMIF(ธุรการ!$C:$C,'รับ-จ่าย ประจำวัน'!$B6,ธุรการ!O:O)+SUMIF(เส้นแต่งหน้าขนมปัง!$C:$C,'รับ-จ่าย ประจำวัน'!$B6,เส้นแต่งหน้าขนมปัง!O:O)+SUMIF('วางแผนBC,CJ'!$C:$C,'รับ-จ่าย ประจำวัน'!$B6,'วางแผนBC,CJ'!O:O)+SUMIF(RD!$C:$C,'รับ-จ่าย ประจำวัน'!$B6,RD!O:O)+SUMIF('FG,ออนไล,คัดแยก'!$C:$C,'รับ-จ่าย ประจำวัน'!$B6,'FG,ออนไล,คัดแยก'!O:O) -> 0 | AW6: =SUMIF(เตรียมส่วนผสม!$C:$C,'รับ-จ่าย ประจำวัน'!$B6,เตรียมส่วนผสม!P:P)+SUMIF(กวนไส้!$C:$C,'รับ-จ่าย ประจำวัน'!$B6,กวนไส้!P:P)+SUMIF(ผลิต1!$C:$C,'รับ-จ่าย ประจำวัน'!$B6,ผลิต1!P:P)+SUMIF(ผลิต2!$C:$C,'รับ-จ่าย ประจำวัน'!$B6,ผลิต2!P:P)+SUMIF(เส้นแต่งหน้าขนมเค้ก!$C:$C,'รับ-จ่าย ประจำวัน'!$B6,เส้นแต่งหน้าขนมเค้ก!P:P)+SUMIF(แพ็ค!$C:$C,'รับ-จ่าย ประจำวัน'!$B6,แพ็ค!P:P)+SUMIF(ธุรการ!$C:$C,'รับ-จ่าย ประจำวัน'!$B6,ธุรการ!P:P)+SUMIF(เส้นแต่งหน้าขนมปัง!$C:$C,'รับ-จ่าย ประจำวัน'!$B6,เส้นแต่งหน้าขนมปัง!P:P)+SUMIF('วางแผนBC,CJ'!$C:$C,'รับ-จ่าย ประจำวัน'!$B6,'วางแผนBC,CJ'!P:P)+SUMIF(RD!$C:$C,'รับ-จ่าย ประจำวัน'!$B6,RD!P:P)+SUMIF('FG,ออนไล,คัดแยก'!$C:$C,'รับ-จ่าย ประจำวัน'!$B6,'FG,ออนไล,คัดแยก'!P:P) -> 0 | AX6: =SUMIF(เตรียมส่วนผสม!$C:$C,'รับ-จ่าย ประจำวัน'!$B6,เตรียมส่วนผสม!Q:Q)+SUMIF(กวนไส้!$C:$C,'รับ-จ่าย ประจำวัน'!$B6,กวนไส้!Q:Q)+SUMIF(ผลิต1!$C:$C,'รับ-จ่าย ประจำวัน'!$B6,ผลิต1!Q:Q)+SUMIF(ผลิต2!$C:$C,'รับ-จ่าย ประจำวัน'!$B6,ผลิต2!Q:Q)+SUMIF(เส้นแต่งหน้าขนมเค้ก!$C:$C,'รับ-จ่าย ประจำวัน'!$B6,เส้นแต่งหน้าขนมเค้ก!Q:Q)+SUMIF(แพ็ค!$C:$C,'รับ-จ่าย ประจำวัน'!$B6,แพ็ค!Q:Q)+SUMIF(ธุรการ!$C:$C,'รับ-จ่าย ประจำวัน'!$B6,ธุรการ!Q:Q)+SUMIF(เส้นแต่งหน้าขนมปัง!$C:$C,'รับ-จ่าย ประจำวัน'!$B6,เส้นแต่งหน้าขนมปัง!Q:Q)+SUMIF('วางแผนBC,CJ'!$C:$C,'รับ-จ่าย ประจำวัน'!$B6,'วางแผนBC,CJ'!Q:Q)+SUMIF(RD!$C:$C,'รับ-จ่าย ประจำวัน'!$B6,RD!Q:Q)+SUMIF('FG,ออนไล,คัดแยก'!$C:$C,'รับ-จ่าย ประจำวัน'!$B6,'FG,ออนไล,คัดแยก'!Q:Q) -> 0 | AY6: =SUMIF(เตรียมส่วนผสม!$C:$C,'รับ-จ่าย ประจำวัน'!$B6,เตรียมส่วนผสม!R:R)+SUMIF(กวนไส้!$C:$C,'รับ-จ่าย ประจำวัน'!$B6,กวนไส้!R:R)+SUMIF(ผลิต1!$C:$C,'รับ-จ่าย ประจำวัน'!$B6,ผลิต1!R:R)+SUMIF(ผลิต2!$C:$C,'รับ-จ่าย ประจำวัน'!$B6,ผลิต2!R:R)+SUMIF(เส้นแต่งหน้าขนมเค้ก!$C:$C,'รับ-จ่าย ประจำวัน'!$B6,เส้นแต่งหน้าขนมเค้ก!R:R)+SUMIF(แพ็ค!$C:$C,'รับ-จ่าย ประจำวัน'!$B6,แพ็ค!R:R)+SUMIF(ธุรการ!$C:$C,'รับ-จ่าย ประจำวัน'!$B6,ธุรการ!R:R)+SUMIF(เส้นแต่งหน้าขนมปัง!$C:$C,'รับ-จ่าย ประจำวัน'!$B6,เส้นแต่งหน้าขนมปัง!R:R)+SUMIF('วางแผนBC,CJ'!$C:$C,'รับ-จ่าย ประจำวัน'!$B6,'วางแผนBC,CJ'!R:R)+SUMIF(RD!$C:$C,'รับ-จ่าย ประจำวัน'!$B6,RD!R:R)+SUMIF('FG,ออนไล,คัดแยก'!$C:$C,'รับ-จ่าย ประจำวัน'!$B6,'FG,ออนไล,คัดแยก'!R:R) -> 0 | AZ6: =SUMIF(เตรียมส่วนผสม!$C:$C,'รับ-จ่าย ประจำวัน'!$B6,เตรียมส่วนผสม!S:S)+SUMIF(กวนไส้!$C:$C,'รับ-จ่าย ประจำวัน'!$B6,กวนไส้!S:S)+SUMIF(ผลิต1!$C:$C,'รับ-จ่าย ประจำวัน'!$B6,ผลิต1!S:S)+SUMIF(ผลิต2!$C:$C,'รับ-จ่าย ประจำวัน'!$B6,ผลิต2!S:S)+SUMIF(เส้นแต่งหน้าขนมเค้ก!$C:$C,'รับ-จ่าย ประจำวัน'!$B6,เส้นแต่งหน้าขนมเค้ก!S:S)+SUMIF(แพ็ค!$C:$C,'รับ-จ่าย ประจำวัน'!$B6,แพ็ค!S:S)+SUMIF(ธุรการ!$C:$C,'รับ-จ่าย ประจำวัน'!$B6,ธุรการ!S:S)+SUMIF(เส้นแต่งหน้าขนมปัง!$C:$C,'รับ-จ่าย ประจำวัน'!$B6,เส้นแต่งหน้าขนมปัง!S:S)+SUMIF('วางแผนBC,CJ'!$C:$C,'รับ-จ่าย ประจำวัน'!$B6,'วางแผนBC,CJ'!S:S)+SUMIF(RD!$C:$C,'รับ-จ่าย ประจำวัน'!$B6,RD!S:S)+SUMIF('FG,ออนไล,คัดแยก'!$C:$C,'รับ-จ่าย ประจำวัน'!$B6,'FG,ออนไล,คัดแยก'!S:S) -> 0 | BA6: =SUMIF(เตรียมส่วนผสม!$C:$C,'รับ-จ่าย ประจำวัน'!$B6,เตรียมส่วนผสม!T:T)+SUMIF(กวนไส้!$C:$C,'รับ-จ่าย ประจำวัน'!$B6,กวนไส้!T:T)+SUMIF(ผลิต1!$C:$C,'รับ-จ่าย ประจำวัน'!$B6,ผลิต1!T:T)+SUMIF(ผลิต2!$C:$C,'รับ-จ่าย ประจำวัน'!$B6,ผลิต2!T:T)+SUMIF(เส้นแต่งหน้าขนมเค้ก!$C:$C,'รับ-จ่าย ประจำวัน'!$B6,เส้นแต่งหน้าขนมเค้ก!T:T)+SUMIF(แพ็ค!$C:$C,'รับ-จ่าย ประจำวัน'!$B6,แพ็ค!T:T)+SUMIF(ธุรการ!$C:$C,'รับ-จ่าย ประจำวัน'!$B6,ธุรการ!T:T)+SUMIF(เส้นแต่งหน้าขนมปัง!$C:$C,'รับ-จ่าย ประจำวัน'!$B6,เส้นแต่งหน้าขนมปัง!T:T)+SUMIF('วางแผนBC,CJ'!$C:$C,'รับ-จ่าย ประจำวัน'!$B6,'วางแผนBC,CJ'!T:T)+SUMIF(RD!$C:$C,'รับ-จ่าย ประจำวัน'!$B6,RD!T:T)+SUMIF('FG,ออนไล,คัดแยก'!$C:$C,'รับ-จ่าย ประจำวัน'!$B6,'FG,ออนไล,คัดแยก'!T:T) -> 0 | BB6: =SUMIF(เตรียมส่วนผสม!$C:$C,'รับ-จ่าย ประจำวัน'!$B6,เตรียมส่วนผสม!U:U)+SUMIF(กวนไส้!$C:$C,'รับ-จ่าย ประจำวัน'!$B6,กวนไส้!U:U)+SUMIF(ผลิต1!$C:$C,'รับ-จ่าย ประจำวัน'!$B6,ผลิต1!U:U)+SUMIF(ผลิต2!$C:$C,'รับ-จ่าย ประจำวัน'!$B6,ผลิต2!U:U)+SUMIF(เส้นแต่งหน้าขนมเค้ก!$C:$C,'รับ-จ่าย ประจำวัน'!$B6,เส้นแต่งหน้าขนมเค้ก!U:U)+SUMIF(แพ็ค!$C:$C,'รับ-จ่าย ประจำวัน'!$B6,แพ็ค!U:U)+SUMIF(ธุรการ!$C:$C,'รับ-จ่าย ประจำวัน'!$B6,ธุรการ!U:U)+SUMIF(เส้นแต่งหน้าขนมปัง!$C:$C,'รับ-จ่าย ประจำวัน'!$B6,เส้นแต่งหน้าขนมปัง!U:U)+SUMIF('วางแผนBC,CJ'!$C:$C,'รับ-จ่าย ประจำวัน'!$B6,'วางแผนBC,CJ'!U:U)+SUMIF(RD!$C:$C,'รับ-จ่าย ประจำวัน'!$B6,RD!U:U)+SUMIF('FG,ออนไล,คัดแยก'!$C:$C,'รับ-จ่าย ประจำวัน'!$B6,'FG,ออนไล,คัดแยก'!U:U) -> 0 | BC6: =SUMIF(เตรียมส่วนผสม!$C:$C,'รับ-จ่าย ประจำวัน'!$B6,เตรียมส่วนผสม!V:V)+SUMIF(กวนไส้!$C:$C,'รับ-จ่าย ประจำวัน'!$B6,กวนไส้!V:V)+SUMIF(ผลิต1!$C:$C,'รับ-จ่าย ประจำวัน'!$B6,ผลิต1!V:V)+SUMIF(ผลิต2!$C:$C,'รับ-จ่าย ประจำวัน'!$B6,ผลิต2!V:V)+SUMIF(เส้นแต่งหน้าขนมเค้ก!$C:$C,'รับ-จ่าย ประจำวัน'!$B6,เส้นแต่งหน้าขนมเค้ก!V:V)+SUMIF(แพ็ค!$C:$C,'รับ-จ่าย ประจำวัน'!$B6,แพ็ค!V:V)+SUMIF(ธุรการ!$C:$C,'รับ-จ่าย ประจำวัน'!$B6,ธุรการ!V:V)+SUMIF(เส้นแต่งหน้าขนมปัง!$C:$C,'รับ-จ่าย ประจำวัน'!$B6,เส้นแต่งหน้าขนมปัง!V:V)+SUMIF('วางแผนBC,CJ'!$C:$C,'รับ-จ่าย ประจำวัน'!$B6,'วางแผนBC,CJ'!V:V)+SUMIF(RD!$C:$C,'รับ-จ่าย ประจำวัน'!$B6,RD!V:V)+SUMIF('FG,ออนไล,คัดแยก'!$C:$C,'รับ-จ่าย ประจำวัน'!$B6,'FG,ออนไล,คัดแยก'!V:V) -> 0 | BD6: =SUMIF(เตรียมส่วนผสม!$C:$C,'รับ-จ่าย ประจำวัน'!$B6,เตรียมส่วนผสม!W:W)+SUMIF(กวนไส้!$C:$C,'รับ-จ่าย ประจำวัน'!$B6,กวนไส้!W:W)+SUMIF(ผลิต1!$C:$C,'รับ-จ่าย ประจำวัน'!$B6,ผลิต1!W:W)+SUMIF(ผลิต2!$C:$C,'รับ-จ่าย ประจำวัน'!$B6,ผลิต2!W:W)+SUMIF(เส้นแต่งหน้าขนมเค้ก!$C:$C,'รับ-จ่าย ประจำวัน'!$B6,เส้นแต่งหน้าขนมเค้ก!W:W)+SUMIF(แพ็ค!$C:$C,'รับ-จ่าย ประจำวัน'!$B6,แพ็ค!W:W)+SUMIF(ธุรการ!$C:$C,'รับ-จ่าย ประจำวัน'!$B6,ธุรการ!W:W)+SUMIF(เส้นแต่งหน้าขนมปัง!$C:$C,'รับ-จ่าย ประจำวัน'!$B6,เส้นแต่งหน้าขนมปัง!W:W)+SUMIF('วางแผนBC,CJ'!$C:$C,'รับ-จ่าย ประจำวัน'!$B6,'วางแผนBC,CJ'!W:W)+SUMIF(RD!$C:$C,'รับ-จ่าย ประจำวัน'!$B6,RD!W:W)+SUMIF('FG,ออนไล,คัดแยก'!$C:$C,'รับ-จ่าย ประจำวัน'!$B6,'FG,ออนไล,คัดแยก'!W:W) -> 0 | BE6: =SUMIF(เตรียมส่วนผสม!$C:$C,'รับ-จ่าย ประจำวัน'!$B6,เตรียมส่วนผสม!X:X)+SUMIF(กวนไส้!$C:$C,'รับ-จ่าย ประจำวัน'!$B6,กวนไส้!X:X)+SUMIF(ผลิต1!$C:$C,'รับ-จ่าย ประจำวัน'!$B6,ผลิต1!X:X)+SUMIF(ผลิต2!$C:$C,'รับ-จ่าย ประจำวัน'!$B6,ผลิต2!X:X)+SUMIF(เส้นแต่งหน้าขนมเค้ก!$C:$C,'รับ-จ่าย ประจำวัน'!$B6,เส้นแต่งหน้าขนมเค้ก!X:X)+SUMIF(แพ็ค!$C:$C,'รับ-จ่าย ประจำวัน'!$B6,แพ็ค!X:X)+SUMIF(ธุรการ!$C:$C,'รับ-จ่าย ประจำวัน'!$B6,ธุรการ!X:X)+SUMIF(เส้นแต่งหน้าขนมปัง!$C:$C,'รับ-จ่าย ประจำวัน'!$B6,เส้นแต่งหน้าขนมปัง!X:X)+SUMIF('วางแผนBC,CJ'!$C:$C,'รับ-จ่าย ประจำวัน'!$B6,'วางแผนBC,CJ'!X:X)+SUMIF(RD!$C:$C,'รับ-จ่าย ประจำวัน'!$B6,RD!X:X)+SUMIF('FG,ออนไล,คัดแยก'!$C:$C,'รับ-จ่าย ประจำวัน'!$B6,'FG,ออนไล,คัดแยก'!X:X) -> 0 | BF6: =SUMIF(เตรียมส่วนผสม!$C:$C,'รับ-จ่าย ประจำวัน'!$B6,เตรียมส่วนผสม!Y:Y)+SUMIF(กวนไส้!$C:$C,'รับ-จ่าย ประจำวัน'!$B6,กวนไส้!Y:Y)+SUMIF(ผลิต1!$C:$C,'รับ-จ่าย ประจำวัน'!$B6,ผลิต1!Y:Y)+SUMIF(ผลิต2!$C:$C,'รับ-จ่าย ประจำวัน'!$B6,ผลิต2!Y:Y)+SUMIF(เส้นแต่งหน้าขนมเค้ก!$C:$C,'รับ-จ่าย ประจำวัน'!$B6,เส้นแต่งหน้าขนมเค้ก!Y:Y)+SUMIF(แพ็ค!$C:$C,'รับ-จ่าย ประจำวัน'!$B6,แพ็ค!Y:Y)+SUMIF(ธุรการ!$C:$C,'รับ-จ่าย ประจำวัน'!$B6,ธุรการ!Y:Y)+SUMIF(เส้นแต่งหน้าขนมปัง!$C:$C,'รับ-จ่าย ประจำวัน'!$B6,เส้นแต่งหน้าขนมปัง!Y:Y)+SUMIF('วางแผนBC,CJ'!$C:$C,'รับ-จ่าย ประจำวัน'!$B6,'วางแผนBC,CJ'!Y:Y)+SUMIF(RD!$C:$C,'รับ-จ่าย ประจำวัน'!$B6,RD!Y:Y)+SUMIF('FG,ออนไล,คัดแยก'!$C:$C,'รับ-จ่าย ประจำวัน'!$B6,'FG,ออนไล,คัดแยก'!Y:Y) -> 0 | BG6: =SUMIF(เตรียมส่วนผสม!$C:$C,'รับ-จ่าย ประจำวัน'!$B6,เตรียมส่วนผสม!Z:Z)+SUMIF(กวนไส้!$C:$C,'รับ-จ่าย ประจำวัน'!$B6,กวนไส้!Z:Z)+SUMIF(ผลิต1!$C:$C,'รับ-จ่าย ประจำวัน'!$B6,ผลิต1!Z:Z)+SUMIF(ผลิต2!$C:$C,'รับ-จ่าย ประจำวัน'!$B6,ผลิต2!Z:Z)+SUMIF(เส้นแต่งหน้าขนมเค้ก!$C:$C,'รับ-จ่าย ประจำวัน'!$B6,เส้นแต่งหน้าขนมเค้ก!Z:Z)+SUMIF(แพ็ค!$C:$C,'รับ-จ่าย ประจำวัน'!$B6,แพ็ค!Z:Z)+SUMIF(ธุรการ!$C:$C,'รับ-จ่าย ประจำวัน'!$B6,ธุรการ!Z:Z)+SUMIF(เส้นแต่งหน้าขนมปัง!$C:$C,'รับ-จ่าย ประจำวัน'!$B6,เส้นแต่งหน้าขนมปัง!Z:Z)+SUMIF('วางแผนBC,CJ'!$C:$C,'รับ-จ่าย ประจำวัน'!$B6,'วางแผนBC,CJ'!Z:Z)+SUMIF(RD!$C:$C,'รับ-จ่าย ประจำวัน'!$B6,RD!Z:Z)+SUMIF('FG,ออนไล,คัดแยก'!$C:$C,'รับ-จ่าย ประจำวัน'!$B6,'FG,ออนไล,คัดแยก'!Z:Z) -> 0 | BH6: =SUMIF(เตรียมส่วนผสม!$C:$C,'รับ-จ่าย ประจำวัน'!$B6,เตรียมส่วนผสม!AA:AA)+SUMIF(กวนไส้!$C:$C,'รับ-จ่าย ประจำวัน'!$B6,กวนไส้!AA:AA)+SUMIF(ผลิต1!$C:$C,'รับ-จ่าย ประจำวัน'!$B6,ผลิต1!AA:AA)+SUMIF(ผลิต2!$C:$C,'รับ-จ่าย ประจำวัน'!$B6,ผลิต2!AA:AA)+SUMIF(เส้นแต่งหน้าขนมเค้ก!$C:$C,'รับ-จ่าย ประจำวัน'!$B6,เส้นแต่งหน้าขนมเค้ก!AA:AA)+SUMIF(แพ็ค!$C:$C,'รับ-จ่าย ประจำวัน'!$B6,แพ็ค!AA:AA)+SUMIF(ธุรการ!$C:$C,'รับ-จ่าย ประจำวัน'!$B6,ธุรการ!AA:AA)+SUMIF(เส้นแต่งหน้าขนมปัง!$C:$C,'รับ-จ่าย ประจำวัน'!$B6,เส้นแต่งหน้าขนมปัง!AA:AA)+SUMIF('วางแผนBC,CJ'!$C:$C,'รับ-จ่าย ประจำวัน'!$B6,'วางแผนBC,CJ'!AA:AA)+SUMIF(RD!$C:$C,'รับ-จ่าย ประจำวัน'!$B6,RD!AA:AA)+SUMIF('FG,ออนไล,คัดแยก'!$C:$C,'รับ-จ่าย ประจำวัน'!$B6,'FG,ออนไล,คัดแยก'!AA:AA) -> 0 | BI6: =SUMIF(เตรียมส่วนผสม!$C:$C,'รับ-จ่าย ประจำวัน'!$B6,เตรียมส่วนผสม!AB:AB)+SUMIF(กวนไส้!$C:$C,'รับ-จ่าย ประจำวัน'!$B6,กวนไส้!AB:AB)+SUMIF(ผลิต1!$C:$C,'รับ-จ่าย ประจำวัน'!$B6,ผลิต1!AB:AB)+SUMIF(ผลิต2!$C:$C,'รับ-จ่าย ประจำวัน'!$B6,ผลิต2!AB:AB)+SUMIF(เส้นแต่งหน้าขนมเค้ก!$C:$C,'รับ-จ่าย ประจำวัน'!$B6,เส้นแต่งหน้าขนมเค้ก!AB:AB)+SUMIF(แพ็ค!$C:$C,'รับ-จ่าย ประจำวัน'!$B6,แพ็ค!AB:AB)+SUMIF(ธุรการ!$C:$C,'รับ-จ่าย ประจำวัน'!$B6,ธุรการ!AB:AB)+SUMIF(เส้นแต่งหน้าขนมปัง!$C:$C,'รับ-จ่าย ประจำวัน'!$B6,เส้นแต่งหน้าขนมปัง!AB:AB)+SUMIF('วางแผนBC,CJ'!$C:$C,'รับ-จ่าย ประจำวัน'!$B6,'วางแผนBC,CJ'!AB:AB)+SUMIF(RD!$C:$C,'รับ-จ่าย ประจำวัน'!$B6,RD!AB:AB)+SUMIF('FG,ออนไล,คัดแยก'!$C:$C,'รับ-จ่าย ประจำวัน'!$B6,'FG,ออนไล,คัดแยก'!AB:AB) -> 0 | BJ6: =SUMIF(เตรียมส่วนผสม!$C:$C,'รับ-จ่าย ประจำวัน'!$B6,เตรียมส่วนผสม!AC:AC)+SUMIF(กวนไส้!$C:$C,'รับ-จ่าย ประจำวัน'!$B6,กวนไส้!AC:AC)+SUMIF(ผลิต1!$C:$C,'รับ-จ่าย ประจำวัน'!$B6,ผลิต1!AC:AC)+SUMIF(ผลิต2!$C:$C,'รับ-จ่าย ประจำวัน'!$B6,ผลิต2!AC:AC)+SUMIF(เส้นแต่งหน้าขนมเค้ก!$C:$C,'รับ-จ่าย ประจำวัน'!$B6,เส้นแต่งหน้าขนมเค้ก!AC:AC)+SUMIF(แพ็ค!$C:$C,'รับ-จ่าย ประจำวัน'!$B6,แพ็ค!AC:AC)+SUMIF(ธุรการ!$C:$C,'รับ-จ่าย ประจำวัน'!$B6,ธุรการ!AC:AC)+SUMIF(เส้นแต่งหน้าขนมปัง!$C:$C,'รับ-จ่าย ประจำวัน'!$B6,เส้นแต่งหน้าขนมปัง!AC:AC)+SUMIF('วางแผนBC,CJ'!$C:$C,'รับ-จ่าย ประจำวัน'!$B6,'วางแผนBC,CJ'!AC:AC)+SUMIF(RD!$C:$C,'รับ-จ่าย ประจำวัน'!$B6,RD!AC:AC)+SUMIF('FG,ออนไล,คัดแยก'!$C:$C,'รับ-จ่าย ประจำวัน'!$B6,'FG,ออนไล,คัดแยก'!AC:AC) -> 0 | BK6: =SUMIF(เตรียมส่วนผสม!$C:$C,'รับ-จ่าย ประจำวัน'!$B6,เตรียมส่วนผสม!AD:AD)+SUMIF(กวนไส้!$C:$C,'รับ-จ่าย ประจำวัน'!$B6,กวนไส้!AD:AD)+SUMIF(ผลิต1!$C:$C,'รับ-จ่าย ประจำวัน'!$B6,ผลิต1!AD:AD)+SUMIF(ผลิต2!$C:$C,'รับ-จ่าย ประจำวัน'!$B6,ผลิต2!AD:AD)+SUMIF(เส้นแต่งหน้าขนมเค้ก!$C:$C,'รับ-จ่าย ประจำวัน'!$B6,เส้นแต่งหน้าขนมเค้ก!AD:AD)+SUMIF(แพ็ค!$C:$C,'รับ-จ่าย ประจำวัน'!$B6,แพ็ค!AD:AD)+SUMIF(ธุรการ!$C:$C,'รับ-จ่าย ประจำวัน'!$B6,ธุรการ!AD:AD)+SUMIF(เส้นแต่งหน้าขนมปัง!$C:$C,'รับ-จ่าย ประจำวัน'!$B6,เส้นแต่งหน้าขนมปัง!AD:AD)+SUMIF('วางแผนBC,CJ'!$C:$C,'รับ-จ่าย ประจำวัน'!$B6,'วางแผนBC,CJ'!AD:AD)+SUMIF(RD!$C:$C,'รับ-จ่าย ประจำวัน'!$B6,RD!AD:AD)+SUMIF('FG,ออนไล,คัดแยก'!$C:$C,'รับ-จ่าย ประจำวัน'!$B6,'FG,ออนไล,คัดแยก'!AD:AD) -> 200 | BL6: =SUMIF(เตรียมส่วนผสม!$C:$C,'รับ-จ่าย ประจำวัน'!$B6,เตรียมส่วนผสม!AE:AE)+SUMIF(กวนไส้!$C:$C,'รับ-จ่าย ประจำวัน'!$B6,กวนไส้!AE:AE)+SUMIF(ผลิต1!$C:$C,'รับ-จ่าย ประจำวัน'!$B6,ผลิต1!AE:AE)+SUMIF(ผลิต2!$C:$C,'รับ-จ่าย ประจำวัน'!$B6,ผลิต2!AE:AE)+SUMIF(เส้นแต่งหน้าขนมเค้ก!$C:$C,'รับ-จ่าย ประจำวัน'!$B6,เส้นแต่งหน้าขนมเค้ก!AE:AE)+SUMIF(แพ็ค!$C:$C,'รับ-จ่าย ประจำวัน'!$B6,แพ็ค!AE:AE)+SUMIF(ธุรการ!$C:$C,'รับ-จ่าย ประจำวัน'!$B6,ธุรการ!AE:AE)+SUMIF(เส้นแต่งหน้าขนมปัง!$C:$C,'รับ-จ่าย ประจำวัน'!$B6,เส้นแต่งหน้าขนมปัง!AE:AE)+SUMIF('วางแผนBC,CJ'!$C:$C,'รับ-จ่าย ประจำวัน'!$B6,'วางแผนBC,CJ'!AE:AE)+SUMIF(RD!$C:$C,'รับ-จ่าย ประจำวัน'!$B6,RD!AE:AE)+SUMIF('FG,ออนไล,คัดแยก'!$C:$C,'รับ-จ่าย ประจำวัน'!$B6,'FG,ออนไล,คัดแยก'!AE:AE) -> 0 | BM6: =SUMIF(เตรียมส่วนผสม!$C:$C,'รับ-จ่าย ประจำวัน'!$B6,เตรียมส่วนผสม!AF:AF)+SUMIF(กวนไส้!$C:$C,'รับ-จ่าย ประจำวัน'!$B6,กวนไส้!AF:AF)+SUMIF(ผลิต1!$C:$C,'รับ-จ่าย ประจำวัน'!$B6,ผลิต1!AF:AF)+SUMIF(ผลิต2!$C:$C,'รับ-จ่าย ประจำวัน'!$B6,ผลิต2!AF:AF)+SUMIF(เส้นแต่งหน้าขนมเค้ก!$C:$C,'รับ-จ่าย ประจำวัน'!$B6,เส้นแต่งหน้าขนมเค้ก!AF:AF)+SUMIF(แพ็ค!$C:$C,'รับ-จ่าย ประจำวัน'!$B6,แพ็ค!AF:AF)+SUMIF(ธุรการ!$C:$C,'รับ-จ่าย ประจำวัน'!$B6,ธุรการ!AF:AF)+SUMIF(เส้นแต่งหน้าขนมปัง!$C:$C,'รับ-จ่าย ประจำวัน'!$B6,เส้นแต่งหน้าขนมปัง!AF:AF)+SUMIF('วางแผนBC,CJ'!$C:$C,'รับ-จ่าย ประจำวัน'!$B6,'วางแผนBC,CJ'!AF:AF)+SUMIF(RD!$C:$C,'รับ-จ่าย ประจำวัน'!$B6,RD!AF:AF)+SUMIF('FG,ออนไล,คัดแยก'!$C:$C,'รับ-จ่าย ประจำวัน'!$B6,'FG,ออนไล,คัดแยก'!AF:AF) -> 0 | BN6: =SUMIF(เตรียมส่วนผสม!$C:$C,'รับ-จ่าย ประจำวัน'!$B6,เตรียมส่วนผสม!AG:AG)+SUMIF(กวนไส้!$C:$C,'รับ-จ่าย ประจำวัน'!$B6,กวนไส้!AG:AG)+SUMIF(ผลิต1!$C:$C,'รับ-จ่าย ประจำวัน'!$B6,ผลิต1!AG:AG)+SUMIF(ผลิต2!$C:$C,'รับ-จ่าย ประจำวัน'!$B6,ผลิต2!AG:AG)+SUMIF(เส้นแต่งหน้าขนมเค้ก!$C:$C,'รับ-จ่าย ประจำวัน'!$B6,เส้นแต่งหน้าขนมเค้ก!AG:AG)+SUMIF(แพ็ค!$C:$C,'รับ-จ่าย ประจำวัน'!$B6,แพ็ค!AG:AG)+SUMIF(ธุรการ!$C:$C,'รับ-จ่าย ประจำวัน'!$B6,ธุรการ!AG:AG)+SUMIF(เส้นแต่งหน้าขนมปัง!$C:$C,'รับ-จ่าย ประจำวัน'!$B6,เส้นแต่งหน้าขนมปัง!AG:AG)+SUMIF('วางแผนBC,CJ'!$C:$C,'รับ-จ่าย ประจำวัน'!$B6,'วางแผนBC,CJ'!AG:AG)+SUMIF(RD!$C:$C,'รับ-จ่าย ประจำวัน'!$B6,RD!AG:AG)+SUMIF('FG,ออนไล,คัดแยก'!$C:$C,'รับ-จ่าย ประจำวัน'!$B6,'FG,ออนไล,คัดแยก'!AG:AG) -> 0 | BO6: =SUMIF(เตรียมส่วนผสม!$C:$C,'รับ-จ่าย ประจำวัน'!$B6,เตรียมส่วนผสม!AH:AH)+SUMIF(กวนไส้!$C:$C,'รับ-จ่าย ประจำวัน'!$B6,กวนไส้!AH:AH)+SUMIF(ผลิต1!$C:$C,'รับ-จ่าย ประจำวัน'!$B6,ผลิต1!AH:AH)+SUMIF(ผลิต2!$C:$C,'รับ-จ่าย ประจำวัน'!$B6,ผลิต2!AH:AH)+SUMIF(เส้นแต่งหน้าขนมเค้ก!$C:$C,'รับ-จ่าย ประจำวัน'!$B6,เส้นแต่งหน้าขนมเค้ก!AH:AH)+SUMIF(แพ็ค!$C:$C,'รับ-จ่าย ประจำวัน'!$B6,แพ็ค!AH:AH)+SUMIF(ธุรการ!$C:$C,'รับ-จ่าย ประจำวัน'!$B6,ธุรการ!AH:AH)+SUMIF(เส้นแต่งหน้าขนมปัง!$C:$C,'รับ-จ่าย ประจำวัน'!$B6,เส้นแต่งหน้าขนมปัง!AH:AH)+SUMIF('วางแผนBC,CJ'!$C:$C,'รับ-จ่าย ประจำวัน'!$B6,'วางแผนBC,CJ'!AH:AH)+SUMIF(RD!$C:$C,'รับ-จ่าย ประจำวัน'!$B6,RD!AH:AH)+SUMIF('FG,ออนไล,คัดแยก'!$C:$C,'รับ-จ่าย ประจำวัน'!$B6,'FG,ออนไล,คัดแยก'!AH:AH) -> 0 | BP6: =SUMIF(เตรียมส่วนผสม!$C:$C,'รับ-จ่าย ประจำวัน'!$B6,เตรียมส่วนผสม!AI:AI)+SUMIF(กวนไส้!$C:$C,'รับ-จ่าย ประจำวัน'!$B6,กวนไส้!AI:AI)+SUMIF(ผลิต1!$C:$C,'รับ-จ่าย ประจำวัน'!$B6,ผลิต1!AI:AI)+SUMIF(ผลิต2!$C:$C,'รับ-จ่าย ประจำวัน'!$B6,ผลิต2!AI:AI)+SUMIF(เส้นแต่งหน้าขนมเค้ก!$C:$C,'รับ-จ่าย ประจำวัน'!$B6,เส้นแต่งหน้าขนมเค้ก!AI:AI)+SUMIF(แพ็ค!$C:$C,'รับ-จ่าย ประจำวัน'!$B6,แพ็ค!AI:AI)+SUMIF(ธุรการ!$C:$C,'รับ-จ่าย ประจำวัน'!$B6,ธุรการ!AI:AI)+SUMIF(เส้นแต่งหน้าขนมปัง!$C:$C,'รับ-จ่าย ประจำวัน'!$B6,เส้นแต่งหน้าขนมปัง!AI:AI)+SUMIF('วางแผนBC,CJ'!$C:$C,'รับ-จ่าย ประจำวัน'!$B6,'วางแผนBC,CJ'!AI:AI)+SUMIF(RD!$C:$C,'รับ-จ่าย ประจำวัน'!$B6,RD!AI:AI)+SUMIF('FG,ออนไล,คัดแยก'!$C:$C,'รับ-จ่าย ประจำวัน'!$B6,'FG,ออนไล,คัดแยก'!AI:AI) -> 0 | BQ6: =SUMIF(เตรียมส่วนผสม!$C:$C,'รับ-จ่าย ประจำวัน'!$B6,เตรียมส่วนผสม!AJ:AJ)+SUMIF(กวนไส้!$C:$C,'รับ-จ่าย ประจำวัน'!$B6,กวนไส้!AJ:AJ)+SUMIF(ผลิต1!$C:$C,'รับ-จ่าย ประจำวัน'!$B6,ผลิต1!AJ:AJ)+SUMIF(ผลิต2!$C:$C,'รับ-จ่าย ประจำวัน'!$B6,ผลิต2!AJ:AJ)+SUMIF(เส้นแต่งหน้าขนมเค้ก!$C:$C,'รับ-จ่าย ประจำวัน'!$B6,เส้นแต่งหน้าขนมเค้ก!AJ:AJ)+SUMIF(แพ็ค!$C:$C,'รับ-จ่าย ประจำวัน'!$B6,แพ็ค!AJ:AJ)+SUMIF(ธุรการ!$C:$C,'รับ-จ่าย ประจำวัน'!$B6,ธุรการ!AJ:AJ)+SUMIF(เส้นแต่งหน้าขนมปัง!$C:$C,'รับ-จ่าย ประจำวัน'!$B6,เส้นแต่งหน้าขนมปัง!AJ:AJ)+SUMIF('วางแผนBC,CJ'!$C:$C,'รับ-จ่าย ประจำวัน'!$B6,'วางแผนBC,CJ'!AJ:AJ)+SUMIF(RD!$C:$C,'รับ-จ่าย ประจำวัน'!$B6,RD!AJ:AJ)+SUMIF('FG,ออนไล,คัดแยก'!$C:$C,'รับ-จ่าย ประจำวัน'!$B6,'FG,ออนไล,คัดแยก'!AJ:AJ) -> 0 | BR6: =SUMIF(เตรียมส่วนผสม!$C:$C,'รับ-จ่าย ประจำวัน'!$B6,เตรียมส่วนผสม!AK:AK)+SUMIF(กวนไส้!$C:$C,'รับ-จ่าย ประจำวัน'!$B6,กวนไส้!AK:AK)+SUMIF(ผลิต1!$C:$C,'รับ-จ่าย ประจำวัน'!$B6,ผลิต1!AK:AK)+SUMIF(ผลิต2!$C:$C,'รับ-จ่าย ประจำวัน'!$B6,ผลิต2!AK:AK)+SUMIF(เส้นแต่งหน้าขนมเค้ก!$C:$C,'รับ-จ่าย ประจำวัน'!$B6,เส้นแต่งหน้าขนมเค้ก!AK:AK)+SUMIF(แพ็ค!$C:$C,'รับ-จ่าย ประจำวัน'!$B6,แพ็ค!AK:AK)+SUMIF(ธุรการ!$C:$C,'รับ-จ่าย ประจำวัน'!$B6,ธุรการ!AK:AK)+SUMIF(เส้นแต่งหน้าขนมปัง!$C:$C,'รับ-จ่าย ประจำวัน'!$B6,เส้นแต่งหน้าขนมปัง!AK:AK)+SUMIF('วางแผนBC,CJ'!$C:$C,'รับ-จ่าย ประจำวัน'!$B6,'วางแผนBC,CJ'!AK:AK)+SUMIF(RD!$C:$C,'รับ-จ่าย ประจำวัน'!$B6,RD!AK:AK)+SUMIF('FG,ออนไล,คัดแยก'!$C:$C,'รับ-จ่าย ประจำวัน'!$B6,'FG,ออนไล,คัดแยก'!AK:AK) -> 0 | BS6: =SUMIF(เตรียมส่วนผสม!$C:$C,'รับ-จ่าย ประจำวัน'!$B6,เตรียมส่วนผสม!AL:AL)+SUMIF(กวนไส้!$C:$C,'รับ-จ่าย ประจำวัน'!$B6,กวนไส้!AL:AL)+SUMIF(ผลิต1!$C:$C,'รับ-จ่าย ประจำวัน'!$B6,ผลิต1!AL:AL)+SUMIF(ผลิต2!$C:$C,'รับ-จ่าย ประจำวัน'!$B6,ผลิต2!AL:AL)+SUMIF(เส้นแต่งหน้าขนมเค้ก!$C:$C,'รับ-จ่าย ประจำวัน'!$B6,เส้นแต่งหน้าขนมเค้ก!AL:AL)+SUMIF(แพ็ค!$C:$C,'รับ-จ่าย ประจำวัน'!$B6,แพ็ค!AL:AL)+SUMIF(ธุรการ!$C:$C,'รับ-จ่าย ประจำวัน'!$B6,ธุรการ!AL:AL)+SUMIF(เส้นแต่งหน้าขนมปัง!$C:$C,'รับ-จ่าย ประจำวัน'!$B6,เส้นแต่งหน้าขนมปัง!AL:AL)+SUMIF('วางแผนBC,CJ'!$C:$C,'รับ-จ่าย ประจำวัน'!$B6,'วางแผนBC,CJ'!AL:AL)+SUMIF(RD!$C:$C,'รับ-จ่าย ประจำวัน'!$B6,RD!AL:AL)+SUMIF('FG,ออนไล,คัดแยก'!$C:$C,'รับ-จ่าย ประจำวัน'!$B6,'FG,ออนไล,คัดแยก'!AL:AL) -> 0 | BT6: =AO6+AP6+AQ6+AR6+AS6+AT6+AU6+AV6+AW6+AX6+AY6+AZ6+BA6+BB6+BC6+BD6+BE6+BF6+BG6+BH6+BI6+BJ6+BK6+BL6+BM6+BN6+BO6+BP6+BQ6+BR6+BS6 -> 400 | BV6: =H6+AN6-BT6 -> 800 | BW6: 30 | BX6: =BT6/30 -> 13.333333 | BY6: =BV6/BX6 -> 60 | BZ6: =+TODAY()+BY6 -> 46263 | CK6: =+BV6-BU6 -> 800
B7: 02-BB111 | C7: แผ่นรองขนมปังปอนด์ ขนาด113x113x247cm(กล่องใน) | D7: ใบ | E7: 0 | H7: 0 | AN7: =I7+J7+K7+L7+M7+N7+O7+P7+Q7+R7+S7+T7+U7+V7+W7+X7+Y7+Z7+AA7+AB7+AC7+AD7+AE7+AF7+AG7+AH7+AI7+AJ7+AK7+AL7+AM7 -> 0 | AO7: =SUMIF(เตรียมส่วนผสม!$C:$C,'รับ-จ่าย ประจำวัน'!$B7,เตรียมส่วนผสม!H:H)+SUMIF(กวนไส้!$C:$C,'รับ-จ่าย ประจำวัน'!$B7,กวนไส้!H:H)+SUMIF(ผลิต1!$C:$C,'รับ-จ่าย ประจำวัน'!$B7,ผลิต1!H:H)+SUMIF(ผลิต2!$C:$C,'รับ-จ่าย ประจำวัน'!$B7,ผลิต2!H:H)+SUMIF(เส้นแต่งหน้าขนมเค้ก!$C:$C,'รับ-จ่าย ประจำวัน'!$B7,เส้นแต่งหน้าขนมเค้ก!H:H)+SUMIF(แพ็ค!$C:$C,'รับ-จ่าย ประจำวัน'!$B7,แพ็ค!H:H)+SUMIF(ธุรการ!$C:$C,'รับ-จ่าย ประจำวัน'!$B7,ธุรการ!H:H)+SUMIF(เส้นแต่งหน้าขนมปัง!$C:$C,'รับ-จ่าย ประจำวัน'!$B7,เส้นแต่งหน้าขนมปัง!H:H)+SUMIF('วางแผนBC,CJ'!$C:$C,'รับ-จ่าย ประจำวัน'!$B7,'วางแผนBC,CJ'!H:H)+SUMIF(RD!$C:$C,'รับ-จ่าย ประจำวัน'!$B7,RD!H:H)+SUMIF('FG,ออนไล,คัดแยก'!$C:$C,'รับ-จ่าย ประจำวัน'!$B7,'FG,ออนไล,คัดแยก'!H:H) -> 0 | AP7: =SUMIF(เตรียมส่วนผสม!$C:$C,'รับ-จ่าย ประจำวัน'!$B7,เตรียมส่วนผสม!I:I)+SUMIF(กวนไส้!$C:$C,'รับ-จ่าย ประจำวัน'!$B7,กวนไส้!I:I)+SUMIF(ผลิต1!$C:$C,'รับ-จ่าย ประจำวัน'!$B7,ผลิต1!I:I)+SUMIF(ผลิต2!$C:$C,'รับ-จ่าย ประจำวัน'!$B7,ผลิต2!I:I)+SUMIF(เส้นแต่งหน้าขนมเค้ก!$C:$C,'รับ-จ่าย ประจำวัน'!$B7,เส้นแต่งหน้าขนมเค้ก!I:I)+SUMIF(แพ็ค!$C:$C,'รับ-จ่าย ประจำวัน'!$B7,แพ็ค!I:I)+SUMIF(ธุรการ!$C:$C,'รับ-จ่าย ประจำวัน'!$B7,ธุรการ!I:I)+SUMIF(เส้นแต่งหน้าขนมปัง!$C:$C,'รับ-จ่าย ประจำวัน'!$B7,เส้นแต่งหน้าขนมปัง!I:I)+SUMIF('วางแผนBC,CJ'!$C:$C,'รับ-จ่าย ประจำวัน'!$B7,'วางแผนBC,CJ'!I:I)+SUMIF(RD!$C:$C,'รับ-จ่าย ประจำวัน'!$B7,RD!I:I)+SUMIF('FG,ออนไล,คัดแยก'!$C:$C,'รับ-จ่าย ประจำวัน'!$B7,'FG,ออนไล,คัดแยก'!I:I) -> 0 | AQ7: =SUMIF(เตรียมส่วนผสม!$C:$C,'รับ-จ่าย ประจำวัน'!$B7,เตรียมส่วนผสม!J:J)+SUMIF(กวนไส้!$C:$C,'รับ-จ่าย ประจำวัน'!$B7,กวนไส้!J:J)+SUMIF(ผลิต1!$C:$C,'รับ-จ่าย ประจำวัน'!$B7,ผลิต1!J:J)+SUMIF(ผลิต2!$C:$C,'รับ-จ่าย ประจำวัน'!$B7,ผลิต2!J:J)+SUMIF(เส้นแต่งหน้าขนมเค้ก!$C:$C,'รับ-จ่าย ประจำวัน'!$B7,เส้นแต่งหน้าขนมเค้ก!J:J)+SUMIF(แพ็ค!$C:$C,'รับ-จ่าย ประจำวัน'!$B7,แพ็ค!J:J)+SUMIF(ธุรการ!$C:$C,'รับ-จ่าย ประจำวัน'!$B7,ธุรการ!J:J)+SUMIF(เส้นแต่งหน้าขนมปัง!$C:$C,'รับ-จ่าย ประจำวัน'!$B7,เส้นแต่งหน้าขนมปัง!J:J)+SUMIF('วางแผนBC,CJ'!$C:$C,'รับ-จ่าย ประจำวัน'!$B7,'วางแผนBC,CJ'!J:J)+SUMIF(RD!$C:$C,'รับ-จ่าย ประจำวัน'!$B7,RD!J:J)+SUMIF('FG,ออนไล,คัดแยก'!$C:$C,'รับ-จ่าย ประจำวัน'!$B7,'FG,ออนไล,คัดแยก'!J:J) -> 0 | AR7: =SUMIF(เตรียมส่วนผสม!$C:$C,'รับ-จ่าย ประจำวัน'!$B7,เตรียมส่วนผสม!K:K)+SUMIF(กวนไส้!$C:$C,'รับ-จ่าย ประจำวัน'!$B7,กวนไส้!K:K)+SUMIF(ผลิต1!$C:$C,'รับ-จ่าย ประจำวัน'!$B7,ผลิต1!K:K)+SUMIF(ผลิต2!$C:$C,'รับ-จ่าย ประจำวัน'!$B7,ผลิต2!K:K)+SUMIF(เส้นแต่งหน้าขนมเค้ก!$C:$C,'รับ-จ่าย ประจำวัน'!$B7,เส้นแต่งหน้าขนมเค้ก!K:K)+SUMIF(แพ็ค!$C:$C,'รับ-จ่าย ประจำวัน'!$B7,แพ็ค!K:K)+SUMIF(ธุรการ!$C:$C,'รับ-จ่าย ประจำวัน'!$B7,ธุรการ!K:K)+SUMIF(เส้นแต่งหน้าขนมปัง!$C:$C,'รับ-จ่าย ประจำวัน'!$B7,เส้นแต่งหน้าขนมปัง!K:K)+SUMIF('วางแผนBC,CJ'!$C:$C,'รับ-จ่าย ประจำวัน'!$B7,'วางแผนBC,CJ'!K:K)+SUMIF(RD!$C:$C,'รับ-จ่าย ประจำวัน'!$B7,RD!K:K)+SUMIF('FG,ออนไล,คัดแยก'!$C:$C,'รับ-จ่าย ประจำวัน'!$B7,'FG,ออนไล,คัดแยก'!K:K) -> 0 | AS7: =SUMIF(เตรียมส่วนผสม!$C:$C,'รับ-จ่าย ประจำวัน'!$B7,เตรียมส่วนผสม!L:L)+SUMIF(กวนไส้!$C:$C,'รับ-จ่าย ประจำวัน'!$B7,กวนไส้!L:L)+SUMIF(ผลิต1!$C:$C,'รับ-จ่าย ประจำวัน'!$B7,ผลิต1!L:L)+SUMIF(ผลิต2!$C:$C,'รับ-จ่าย ประจำวัน'!$B7,ผลิต2!L:L)+SUMIF(เส้นแต่งหน้าขนมเค้ก!$C:$C,'รับ-จ่าย ประจำวัน'!$B7,เส้นแต่งหน้าขนมเค้ก!L:L)+SUMIF(แพ็ค!$C:$C,'รับ-จ่าย ประจำวัน'!$B7,แพ็ค!L:L)+SUMIF(ธุรการ!$C:$C,'รับ-จ่าย ประจำวัน'!$B7,ธุรการ!L:L)+SUMIF(เส้นแต่งหน้าขนมปัง!$C:$C,'รับ-จ่าย ประจำวัน'!$B7,เส้นแต่งหน้าขนมปัง!L:L)+SUMIF('วางแผนBC,CJ'!$C:$C,'รับ-จ่าย ประจำวัน'!$B7,'วางแผนBC,CJ'!L:L)+SUMIF(RD!$C:$C,'รับ-จ่าย ประจำวัน'!$B7,RD!L:L)+SUMIF('FG,ออนไล,คัดแยก'!$C:$C,'รับ-จ่าย ประจำวัน'!$B7,'FG,ออนไล,คัดแยก'!L:L) -> 0 | AT7: =SUMIF(เตรียมส่วนผสม!$C:$C,'รับ-จ่าย ประจำวัน'!$B7,เตรียมส่วนผสม!M:M)+SUMIF(กวนไส้!$C:$C,'รับ-จ่าย ประจำวัน'!$B7,กวนไส้!M:M)+SUMIF(ผลิต1!$C:$C,'รับ-จ่าย ประจำวัน'!$B7,ผลิต1!M:M)+SUMIF(ผลิต2!$C:$C,'รับ-จ่าย ประจำวัน'!$B7,ผลิต2!M:M)+SUMIF(เส้นแต่งหน้าขนมเค้ก!$C:$C,'รับ-จ่าย ประจำวัน'!$B7,เส้นแต่งหน้าขนมเค้ก!M:M)+SUMIF(แพ็ค!$C:$C,'รับ-จ่าย ประจำวัน'!$B7,แพ็ค!M:M)+SUMIF(ธุรการ!$C:$C,'รับ-จ่าย ประจำวัน'!$B7,ธุรการ!M:M)+SUMIF(เส้นแต่งหน้าขนมปัง!$C:$C,'รับ-จ่าย ประจำวัน'!$B7,เส้นแต่งหน้าขนมปัง!M:M)+SUMIF('วางแผนBC,CJ'!$C:$C,'รับ-จ่าย ประจำวัน'!$B7,'วางแผนBC,CJ'!M:M)+SUMIF(RD!$C:$C,'รับ-จ่าย ประจำวัน'!$B7,RD!M:M)+SUMIF('FG,ออนไล,คัดแยก'!$C:$C,'รับ-จ่าย ประจำวัน'!$B7,'FG,ออนไล,คัดแยก'!M:M) -> 0 | AU7: =SUMIF(เตรียมส่วนผสม!$C:$C,'รับ-จ่าย ประจำวัน'!$B7,เตรียมส่วนผสม!N:N)+SUMIF(กวนไส้!$C:$C,'รับ-จ่าย ประจำวัน'!$B7,กวนไส้!N:N)+SUMIF(ผลิต1!$C:$C,'รับ-จ่าย ประจำวัน'!$B7,ผลิต1!N:N)+SUMIF(ผลิต2!$C:$C,'รับ-จ่าย ประจำวัน'!$B7,ผลิต2!N:N)+SUMIF(เส้นแต่งหน้าขนมเค้ก!$C:$C,'รับ-จ่าย ประจำวัน'!$B7,เส้นแต่งหน้าขนมเค้ก!N:N)+SUMIF(แพ็ค!$C:$C,'รับ-จ่าย ประจำวัน'!$B7,แพ็ค!N:N)+SUMIF(ธุรการ!$C:$C,'รับ-จ่าย ประจำวัน'!$B7,ธุรการ!N:N)+SUMIF(เส้นแต่งหน้าขนมปัง!$C:$C,'รับ-จ่าย ประจำวัน'!$B7,เส้นแต่งหน้าขนมปัง!N:N)+SUMIF('วางแผนBC,CJ'!$C:$C,'รับ-จ่าย ประจำวัน'!$B7,'วางแผนBC,CJ'!N:N)+SUMIF(RD!$C:$C,'รับ-จ่าย ประจำวัน'!$B7,RD!N:N)+SUMIF('FG,ออนไล,คัดแยก'!$C:$C,'รับ-จ่าย ประจำวัน'!$B7,'FG,ออนไล,คัดแยก'!N:N) -> 0 | AV7: =SUMIF(เตรียมส่วนผสม!$C:$C,'รับ-จ่าย ประจำวัน'!$B7,เตรียมส่วนผสม!O:O)+SUMIF(กวนไส้!$C:$C,'รับ-จ่าย ประจำวัน'!$B7,กวนไส้!O:O)+SUMIF(ผลิต1!$C:$C,'รับ-จ่าย ประจำวัน'!$B7,ผลิต1!O:O)+SUMIF(ผลิต2!$C:$C,'รับ-จ่าย ประจำวัน'!$B7,ผลิต2!O:O)+SUMIF(เส้นแต่งหน้าขนมเค้ก!$C:$C,'รับ-จ่าย ประจำวัน'!$B7,เส้นแต่งหน้าขนมเค้ก!O:O)+SUMIF(แพ็ค!$C:$C,'รับ-จ่าย ประจำวัน'!$B7,แพ็ค!O:O)+SUMIF(ธุรการ!$C:$C,'รับ-จ่าย ประจำวัน'!$B7,ธุรการ!O:O)+SUMIF(เส้นแต่งหน้าขนมปัง!$C:$C,'รับ-จ่าย ประจำวัน'!$B7,เส้นแต่งหน้าขนมปัง!O:O)+SUMIF('วางแผนBC,CJ'!$C:$C,'รับ-จ่าย ประจำวัน'!$B7,'วางแผนBC,CJ'!O:O)+SUMIF(RD!$C:$C,'รับ-จ่าย ประจำวัน'!$B7,RD!O:O)+SUMIF('FG,ออนไล,คัดแยก'!$C:$C,'รับ-จ่าย ประจำวัน'!$B7,'FG,ออนไล,คัดแยก'!O:O) -> 0 | AW7: =SUMIF(เตรียมส่วนผสม!$C:$C,'รับ-จ่าย ประจำวัน'!$B7,เตรียมส่วนผสม!P:P)+SUMIF(กวนไส้!$C:$C,'รับ-จ่าย ประจำวัน'!$B7,กวนไส้!P:P)+SUMIF(ผลิต1!$C:$C,'รับ-จ่าย ประจำวัน'!$B7,ผลิต1!P:P)+SUMIF(ผลิต2!$C:$C,'รับ-จ่าย ประจำวัน'!$B7,ผลิต2!P:P)+SUMIF(เส้นแต่งหน้าขนมเค้ก!$C:$C,'รับ-จ่าย ประจำวัน'!$B7,เส้นแต่งหน้าขนมเค้ก!P:P)+SUMIF(แพ็ค!$C:$C,'รับ-จ่าย ประจำวัน'!$B7,แพ็ค!P:P)+SUMIF(ธุรการ!$C:$C,'รับ-จ่าย ประจำวัน'!$B7,ธุรการ!P:P)+SUMIF(เส้นแต่งหน้าขนมปัง!$C:$C,'รับ-จ่าย ประจำวัน'!$B7,เส้นแต่งหน้าขนมปัง!P:P)+SUMIF('วางแผนBC,CJ'!$C:$C,'รับ-จ่าย ประจำวัน'!$B7,'วางแผนBC,CJ'!P:P)+SUMIF(RD!$C:$C,'รับ-จ่าย ประจำวัน'!$B7,RD!P:P)+SUMIF('FG,ออนไล,คัดแยก'!$C:$C,'รับ-จ่าย ประจำวัน'!$B7,'FG,ออนไล,คัดแยก'!P:P) -> 0 | AX7: =SUMIF(เตรียมส่วนผสม!$C:$C,'รับ-จ่าย ประจำวัน'!$B7,เตรียมส่วนผสม!Q:Q)+SUMIF(กวนไส้!$C:$C,'รับ-จ่าย ประจำวัน'!$B7,กวนไส้!Q:Q)+SUMIF(ผลิต1!$C:$C,'รับ-จ่าย ประจำวัน'!$B7,ผลิต1!Q:Q)+SUMIF(ผลิต2!$C:$C,'รับ-จ่าย ประจำวัน'!$B7,ผลิต2!Q:Q)+SUMIF(เส้นแต่งหน้าขนมเค้ก!$C:$C,'รับ-จ่าย ประจำวัน'!$B7,เส้นแต่งหน้าขนมเค้ก!Q:Q)+SUMIF(แพ็ค!$C:$C,'รับ-จ่าย ประจำวัน'!$B7,แพ็ค!Q:Q)+SUMIF(ธุรการ!$C:$C,'รับ-จ่าย ประจำวัน'!$B7,ธุรการ!Q:Q)+SUMIF(เส้นแต่งหน้าขนมปัง!$C:$C,'รับ-จ่าย ประจำวัน'!$B7,เส้นแต่งหน้าขนมปัง!Q:Q)+SUMIF('วางแผนBC,CJ'!$C:$C,'รับ-จ่าย ประจำวัน'!$B7,'วางแผนBC,CJ'!Q:Q)+SUMIF(RD!$C:$C,'รับ-จ่าย ประจำวัน'!$B7,RD!Q:Q)+SUMIF('FG,ออนไล,คัดแยก'!$C:$C,'รับ-จ่าย ประจำวัน'!$B7,'FG,ออนไล,คัดแยก'!Q:Q) -> 0 | AY7: =SUMIF(เตรียมส่วนผสม!$C:$C,'รับ-จ่าย ประจำวัน'!$B7,เตรียมส่วนผสม!R:R)+SUMIF(กวนไส้!$C:$C,'รับ-จ่าย ประจำวัน'!$B7,กวนไส้!R:R)+SUMIF(ผลิต1!$C:$C,'รับ-จ่าย ประจำวัน'!$B7,ผลิต1!R:R)+SUMIF(ผลิต2!$C:$C,'รับ-จ่าย ประจำวัน'!$B7,ผลิต2!R:R)+SUMIF(เส้นแต่งหน้าขนมเค้ก!$C:$C,'รับ-จ่าย ประจำวัน'!$B7,เส้นแต่งหน้าขนมเค้ก!R:R)+SUMIF(แพ็ค!$C:$C,'รับ-จ่าย ประจำวัน'!$B7,แพ็ค!R:R)+SUMIF(ธุรการ!$C:$C,'รับ-จ่าย ประจำวัน'!$B7,ธุรการ!R:R)+SUMIF(เส้นแต่งหน้าขนมปัง!$C:$C,'รับ-จ่าย ประจำวัน'!$B7,เส้นแต่งหน้าขนมปัง!R:R)+SUMIF('วางแผนBC,CJ'!$C:$C,'รับ-จ่าย ประจำวัน'!$B7,'วางแผนBC,CJ'!R:R)+SUMIF(RD!$C:$C,'รับ-จ่าย ประจำวัน'!$B7,RD!R:R)+SUMIF('FG,ออนไล,คัดแยก'!$C:$C,'รับ-จ่าย ประจำวัน'!$B7,'FG,ออนไล,คัดแยก'!R:R) -> 0 | AZ7: =SUMIF(เตรียมส่วนผสม!$C:$C,'รับ-จ่าย ประจำวัน'!$B7,เตรียมส่วนผสม!S:S)+SUMIF(กวนไส้!$C:$C,'รับ-จ่าย ประจำวัน'!$B7,กวนไส้!S:S)+SUMIF(ผลิต1!$C:$C,'รับ-จ่าย ประจำวัน'!$B7,ผลิต1!S:S)+SUMIF(ผลิต2!$C:$C,'รับ-จ่าย ประจำวัน'!$B7,ผลิต2!S:S)+SUMIF(เส้นแต่งหน้าขนมเค้ก!$C:$C,'รับ-จ่าย ประจำวัน'!$B7,เส้นแต่งหน้าขนมเค้ก!S:S)+SUMIF(แพ็ค!$C:$C,'รับ-จ่าย ประจำวัน'!$B7,แพ็ค!S:S)+SUMIF(ธุรการ!$C:$C,'รับ-จ่าย ประจำวัน'!$B7,ธุรการ!S:S)+SUMIF(เส้นแต่งหน้าขนมปัง!$C:$C,'รับ-จ่าย ประจำวัน'!$B7,เส้นแต่งหน้าขนมปัง!S:S)+SUMIF('วางแผนBC,CJ'!$C:$C,'รับ-จ่าย ประจำวัน'!$B7,'วางแผนBC,CJ'!S:S)+SUMIF(RD!$C:$C,'รับ-จ่าย ประจำวัน'!$B7,RD!S:S)+SUMIF('FG,ออนไล,คัดแยก'!$C:$C,'รับ-จ่าย ประจำวัน'!$B7,'FG,ออนไล,คัดแยก'!S:S) -> 0 | BA7: =SUMIF(เตรียมส่วนผสม!$C:$C,'รับ-จ่าย ประจำวัน'!$B7,เตรียมส่วนผสม!T:T)+SUMIF(กวนไส้!$C:$C,'รับ-จ่าย ประจำวัน'!$B7,กวนไส้!T:T)+SUMIF(ผลิต1!$C:$C,'รับ-จ่าย ประจำวัน'!$B7,ผลิต1!T:T)+SUMIF(ผลิต2!$C:$C,'รับ-จ่าย ประจำวัน'!$B7,ผลิต2!T:T)+SUMIF(เส้นแต่งหน้าขนมเค้ก!$C:$C,'รับ-จ่าย ประจำวัน'!$B7,เส้นแต่งหน้าขนมเค้ก!T:T)+SUMIF(แพ็ค!$C:$C,'รับ-จ่าย ประจำวัน'!$B7,แพ็ค!T:T)+SUMIF(ธุรการ!$C:$C,'รับ-จ่าย ประจำวัน'!$B7,ธุรการ!T:T)+SUMIF(เส้นแต่งหน้าขนมปัง!$C:$C,'รับ-จ่าย ประจำวัน'!$B7,เส้นแต่งหน้าขนมปัง!T:T)+SUMIF('วางแผนBC,CJ'!$C:$C,'รับ-จ่าย ประจำวัน'!$B7,'วางแผนBC,CJ'!T:T)+SUMIF(RD!$C:$C,'รับ-จ่าย ประจำวัน'!$B7,RD!T:T)+SUMIF('FG,ออนไล,คัดแยก'!$C:$C,'รับ-จ่าย ประจำวัน'!$B7,'FG,ออนไล,คัดแยก'!T:T) -> 0 | BB7: =SUMIF(เตรียมส่วนผสม!$C:$C,'รับ-จ่าย ประจำวัน'!$B7,เตรียมส่วนผสม!U:U)+SUMIF(กวนไส้!$C:$C,'รับ-จ่าย ประจำวัน'!$B7,กวนไส้!U:U)+SUMIF(ผลิต1!$C:$C,'รับ-จ่าย ประจำวัน'!$B7,ผลิต1!U:U)+SUMIF(ผลิต2!$C:$C,'รับ-จ่าย ประจำวัน'!$B7,ผลิต2!U:U)+SUMIF(เส้นแต่งหน้าขนมเค้ก!$C:$C,'รับ-จ่าย ประจำวัน'!$B7,เส้นแต่งหน้าขนมเค้ก!U:U)+SUMIF(แพ็ค!$C:$C,'รับ-จ่าย ประจำวัน'!$B7,แพ็ค!U:U)+SUMIF(ธุรการ!$C:$C,'รับ-จ่าย ประจำวัน'!$B7,ธุรการ!U:U)+SUMIF(เส้นแต่งหน้าขนมปัง!$C:$C,'รับ-จ่าย ประจำวัน'!$B7,เส้นแต่งหน้าขนมปัง!U:U)+SUMIF('วางแผนBC,CJ'!$C:$C,'รับ-จ่าย ประจำวัน'!$B7,'วางแผนBC,CJ'!U:U)+SUMIF(RD!$C:$C,'รับ-จ่าย ประจำวัน'!$B7,RD!U:U)+SUMIF('FG,ออนไล,คัดแยก'!$C:$C,'รับ-จ่าย ประจำวัน'!$B7,'FG,ออนไล,คัดแยก'!U:U) -> 0 | BC7: =SUMIF(เตรียมส่วนผสม!$C:$C,'รับ-จ่าย ประจำวัน'!$B7,เตรียมส่วนผสม!V:V)+SUMIF(กวนไส้!$C:$C,'รับ-จ่าย ประจำวัน'!$B7,กวนไส้!V:V)+SUMIF(ผลิต1!$C:$C,'รับ-จ่าย ประจำวัน'!$B7,ผลิต1!V:V)+SUMIF(ผลิต2!$C:$C,'รับ-จ่าย ประจำวัน'!$B7,ผลิต2!V:V)+SUMIF(เส้นแต่งหน้าขนมเค้ก!$C:$C,'รับ-จ่าย ประจำวัน'!$B7,เส้นแต่งหน้าขนมเค้ก!V:V)+SUMIF(แพ็ค!$C:$C,'รับ-จ่าย ประจำวัน'!$B7,แพ็ค!V:V)+SUMIF(ธุรการ!$C:$C,'รับ-จ่าย ประจำวัน'!$B7,ธุรการ!V:V)+SUMIF(เส้นแต่งหน้าขนมปัง!$C:$C,'รับ-จ่าย ประจำวัน'!$B7,เส้นแต่งหน้าขนมปัง!V:V)+SUMIF('วางแผนBC,CJ'!$C:$C,'รับ-จ่าย ประจำวัน'!$B7,'วางแผนBC,CJ'!V:V)+SUMIF(RD!$C:$C,'รับ-จ่าย ประจำวัน'!$B7,RD!V:V)+SUMIF('FG,ออนไล,คัดแยก'!$C:$C,'รับ-จ่าย ประจำวัน'!$B7,'FG,ออนไล,คัดแยก'!V:V) -> 0 | BD7: =SUMIF(เตรียมส่วนผสม!$C:$C,'รับ-จ่าย ประจำวัน'!$B7,เตรียมส่วนผสม!W:W)+SUMIF(กวนไส้!$C:$C,'รับ-จ่าย ประจำวัน'!$B7,กวนไส้!W:W)+SUMIF(ผลิต1!$C:$C,'รับ-จ่าย ประจำวัน'!$B7,ผลิต1!W:W)+SUMIF(ผลิต2!$C:$C,'รับ-จ่าย ประจำวัน'!$B7,ผลิต2!W:W)+SUMIF(เส้นแต่งหน้าขนมเค้ก!$C:$C,'รับ-จ่าย ประจำวัน'!$B7,เส้นแต่งหน้าขนมเค้ก!W:W)+SUMIF(แพ็ค!$C:$C,'รับ-จ่าย ประจำวัน'!$B7,แพ็ค!W:W)+SUMIF(ธุรการ!$C:$C,'รับ-จ่าย ประจำวัน'!$B7,ธุรการ!W:W)+SUMIF(เส้นแต่งหน้าขนมปัง!$C:$C,'รับ-จ่าย ประจำวัน'!$B7,เส้นแต่งหน้าขนมปัง!W:W)+SUMIF('วางแผนBC,CJ'!$C:$C,'รับ-จ่าย ประจำวัน'!$B7,'วางแผนBC,CJ'!W:W)+SUMIF(RD!$C:$C,'รับ-จ่าย ประจำวัน'!$B7,RD!W:W)+SUMIF('FG,ออนไล,คัดแยก'!$C:$C,'รับ-จ่าย ประจำวัน'!$B7,'FG,ออนไล,คัดแยก'!W:W) -> 0 | BE7: =SUMIF(เตรียมส่วนผสม!$C:$C,'รับ-จ่าย ประจำวัน'!$B7,เตรียมส่วนผสม!X:X)+SUMIF(กวนไส้!$C:$C,'รับ-จ่าย ประจำวัน'!$B7,กวนไส้!X:X)+SUMIF(ผลิต1!$C:$C,'รับ-จ่าย ประจำวัน'!$B7,ผลิต1!X:X)+SUMIF(ผลิต2!$C:$C,'รับ-จ่าย ประจำวัน'!$B7,ผลิต2!X:X)+SUMIF(เส้นแต่งหน้าขนมเค้ก!$C:$C,'รับ-จ่าย ประจำวัน'!$B7,เส้นแต่งหน้าขนมเค้ก!X:X)+SUMIF(แพ็ค!$C:$C,'รับ-จ่าย ประจำวัน'!$B7,แพ็ค!X:X)+SUMIF(ธุรการ!$C:$C,'รับ-จ่าย ประจำวัน'!$B7,ธุรการ!X:X)+SUMIF(เส้นแต่งหน้าขนมปัง!$C:$C,'รับ-จ่าย ประจำวัน'!$B7,เส้นแต่งหน้าขนมปัง!X:X)+SUMIF('วางแผนBC,CJ'!$C:$C,'รับ-จ่าย ประจำวัน'!$B7,'วางแผนBC,CJ'!X:X)+SUMIF(RD!$C:$C,'รับ-จ่าย ประจำวัน'!$B7,RD!X:X)+SUMIF('FG,ออนไล,คัดแยก'!$C:$C,'รับ-จ่าย ประจำวัน'!$B7,'FG,ออนไล,คัดแยก'!X:X) -> 0 | BF7: =SUMIF(เตรียมส่วนผสม!$C:$C,'รับ-จ่าย ประจำวัน'!$B7,เตรียมส่วนผสม!Y:Y)+SUMIF(กวนไส้!$C:$C,'รับ-จ่าย ประจำวัน'!$B7,กวนไส้!Y:Y)+SUMIF(ผลิต1!$C:$C,'รับ-จ่าย ประจำวัน'!$B7,ผลิต1!Y:Y)+SUMIF(ผลิต2!$C:$C,'รับ-จ่าย ประจำวัน'!$B7,ผลิต2!Y:Y)+SUMIF(เส้นแต่งหน้าขนมเค้ก!$C:$C,'รับ-จ่าย ประจำวัน'!$B7,เส้นแต่งหน้าขนมเค้ก!Y:Y)+SUMIF(แพ็ค!$C:$C,'รับ-จ่าย ประจำวัน'!$B7,แพ็ค!Y:Y)+SUMIF(ธุรการ!$C:$C,'รับ-จ่าย ประจำวัน'!$B7,ธุรการ!Y:Y)+SUMIF(เส้นแต่งหน้าขนมปัง!$C:$C,'รับ-จ่าย ประจำวัน'!$B7,เส้นแต่งหน้าขนมปัง!Y:Y)+SUMIF('วางแผนBC,CJ'!$C:$C,'รับ-จ่าย ประจำวัน'!$B7,'วางแผนBC,CJ'!Y:Y)+SUMIF(RD!$C:$C,'รับ-จ่าย ประจำวัน'!$B7,RD!Y:Y)+SUMIF('FG,ออนไล,คัดแยก'!$C:$C,'รับ-จ่าย ประจำวัน'!$B7,'FG,ออนไล,คัดแยก'!Y:Y) -> 0 | BG7: =SUMIF(เตรียมส่วนผสม!$C:$C,'รับ-จ่าย ประจำวัน'!$B7,เตรียมส่วนผสม!Z:Z)+SUMIF(กวนไส้!$C:$C,'รับ-จ่าย ประจำวัน'!$B7,กวนไส้!Z:Z)+SUMIF(ผลิต1!$C:$C,'รับ-จ่าย ประจำวัน'!$B7,ผลิต1!Z:Z)+SUMIF(ผลิต2!$C:$C,'รับ-จ่าย ประจำวัน'!$B7,ผลิต2!Z:Z)+SUMIF(เส้นแต่งหน้าขนมเค้ก!$C:$C,'รับ-จ่าย ประจำวัน'!$B7,เส้นแต่งหน้าขนมเค้ก!Z:Z)+SUMIF(แพ็ค!$C:$C,'รับ-จ่าย ประจำวัน'!$B7,แพ็ค!Z:Z)+SUMIF(ธุรการ!$C:$C,'รับ-จ่าย ประจำวัน'!$B7,ธุรการ!Z:Z)+SUMIF(เส้นแต่งหน้าขนมปัง!$C:$C,'รับ-จ่าย ประจำวัน'!$B7,เส้นแต่งหน้าขนมปัง!Z:Z)+SUMIF('วางแผนBC,CJ'!$C:$C,'รับ-จ่าย ประจำวัน'!$B7,'วางแผนBC,CJ'!Z:Z)+SUMIF(RD!$C:$C,'รับ-จ่าย ประจำวัน'!$B7,RD!Z:Z)+SUMIF('FG,ออนไล,คัดแยก'!$C:$C,'รับ-จ่าย ประจำวัน'!$B7,'FG,ออนไล,คัดแยก'!Z:Z) -> 0 | BH7: =SUMIF(เตรียมส่วนผสม!$C:$C,'รับ-จ่าย ประจำวัน'!$B7,เตรียมส่วนผสม!AA:AA)+SUMIF(กวนไส้!$C:$C,'รับ-จ่าย ประจำวัน'!$B7,กวนไส้!AA:AA)+SUMIF(ผลิต1!$C:$C,'รับ-จ่าย ประจำวัน'!$B7,ผลิต1!AA:AA)+SUMIF(ผลิต2!$C:$C,'รับ-จ่าย ประจำวัน'!$B7,ผลิต2!AA:AA)+SUMIF(เส้นแต่งหน้าขนมเค้ก!$C:$C,'รับ-จ่าย ประจำวัน'!$B7,เส้นแต่งหน้าขนมเค้ก!AA:AA)+SUMIF(แพ็ค!$C:$C,'รับ-จ่าย ประจำวัน'!$B7,แพ็ค!AA:AA)+SUMIF(ธุรการ!$C:$C,'รับ-จ่าย ประจำวัน'!$B7,ธุรการ!AA:AA)+SUMIF(เส้นแต่งหน้าขนมปัง!$C:$C,'รับ-จ่าย ประจำวัน'!$B7,เส้นแต่งหน้าขนมปัง!AA:AA)+SUMIF('วางแผนBC,CJ'!$C:$C,'รับ-จ่าย ประจำวัน'!$B7,'วางแผนBC,CJ'!AA:AA)+SUMIF(RD!$C:$C,'รับ-จ่าย ประจำวัน'!$B7,RD!AA:AA)+SUMIF('FG,ออนไล,คัดแยก'!$C:$C,'รับ-จ่าย ประจำวัน'!$B7,'FG,ออนไล,คัดแยก'!AA:AA) -> 0 | BI7: =SUMIF(เตรียมส่วนผสม!$C:$C,'รับ-จ่าย ประจำวัน'!$B7,เตรียมส่วนผสม!AB:AB)+SUMIF(กวนไส้!$C:$C,'รับ-จ่าย ประจำวัน'!$B7,กวนไส้!AB:AB)+SUMIF(ผลิต1!$C:$C,'รับ-จ่าย ประจำวัน'!$B7,ผลิต1!AB:AB)+SUMIF(ผลิต2!$C:$C,'รับ-จ่าย ประจำวัน'!$B7,ผลิต2!AB:AB)+SUMIF(เส้นแต่งหน้าขนมเค้ก!$C:$C,'รับ-จ่าย ประจำวัน'!$B7,เส้นแต่งหน้าขนมเค้ก!AB:AB)+SUMIF(แพ็ค!$C:$C,'รับ-จ่าย ประจำวัน'!$B7,แพ็ค!AB:AB)+SUMIF(ธุรการ!$C:$C,'รับ-จ่าย ประจำวัน'!$B7,ธุรการ!AB:AB)+SUMIF(เส้นแต่งหน้าขนมปัง!$C:$C,'รับ-จ่าย ประจำวัน'!$B7,เส้นแต่งหน้าขนมปัง!AB:AB)+SUMIF('วางแผนBC,CJ'!$C:$C,'รับ-จ่าย ประจำวัน'!$B7,'วางแผนBC,CJ'!AB:AB)+SUMIF(RD!$C:$C,'รับ-จ่าย ประจำวัน'!$B7,RD!AB:AB)+SUMIF('FG,ออนไล,คัดแยก'!$C:$C,'รับ-จ่าย ประจำวัน'!$B7,'FG,ออนไล,คัดแยก'!AB:AB) -> 0 | BJ7: =SUMIF(เตรียมส่วนผสม!$C:$C,'รับ-จ่าย ประจำวัน'!$B7,เตรียมส่วนผสม!AC:AC)+SUMIF(กวนไส้!$C:$C,'รับ-จ่าย ประจำวัน'!$B7,กวนไส้!AC:AC)+SUMIF(ผลิต1!$C:$C,'รับ-จ่าย ประจำวัน'!$B7,ผลิต1!AC:AC)+SUMIF(ผลิต2!$C:$C,'รับ-จ่าย ประจำวัน'!$B7,ผลิต2!AC:AC)+SUMIF(เส้นแต่งหน้าขนมเค้ก!$C:$C,'รับ-จ่าย ประจำวัน'!$B7,เส้นแต่งหน้าขนมเค้ก!AC:AC)+SUMIF(แพ็ค!$C:$C,'รับ-จ่าย ประจำวัน'!$B7,แพ็ค!AC:AC)+SUMIF(ธุรการ!$C:$C,'รับ-จ่าย ประจำวัน'!$B7,ธุรการ!AC:AC)+SUMIF(เส้นแต่งหน้าขนมปัง!$C:$C,'รับ-จ่าย ประจำวัน'!$B7,เส้นแต่งหน้าขนมปัง!AC:AC)+SUMIF('วางแผนBC,CJ'!$C:$C,'รับ-จ่าย ประจำวัน'!$B7,'วางแผนBC,CJ'!AC:AC)+SUMIF(RD!$C:$C,'รับ-จ่าย ประจำวัน'!$B7,RD!AC:AC)+SUMIF('FG,ออนไล,คัดแยก'!$C:$C,'รับ-จ่าย ประจำวัน'!$B7,'FG,ออนไล,คัดแยก'!AC:AC) -> 0 | BK7: =SUMIF(เตรียมส่วนผสม!$C:$C,'รับ-จ่าย ประจำวัน'!$B7,เตรียมส่วนผสม!AD:AD)+SUMIF(กวนไส้!$C:$C,'รับ-จ่าย ประจำวัน'!$B7,กวนไส้!AD:AD)+SUMIF(ผลิต1!$C:$C,'รับ-จ่าย ประจำวัน'!$B7,ผลิต1!AD:AD)+SUMIF(ผลิต2!$C:$C,'รับ-จ่าย ประจำวัน'!$B7,ผลิต2!AD:AD)+SUMIF(เส้นแต่งหน้าขนมเค้ก!$C:$C,'รับ-จ่าย ประจำวัน'!$B7,เส้นแต่งหน้าขนมเค้ก!AD:AD)+SUMIF(แพ็ค!$C:$C,'รับ-จ่าย ประจำวัน'!$B7,แพ็ค!AD:AD)+SUMIF(ธุรการ!$C:$C,'รับ-จ่าย ประจำวัน'!$B7,ธุรการ!AD:AD)+SUMIF(เส้นแต่งหน้าขนมปัง!$C:$C,'รับ-จ่าย ประจำวัน'!$B7,เส้นแต่งหน้าขนมปัง!AD:AD)+SUMIF('วางแผนBC,CJ'!$C:$C,'รับ-จ่าย ประจำวัน'!$B7,'วางแผนBC,CJ'!AD:AD)+SUMIF(RD!$C:$C,'รับ-จ่าย ประจำวัน'!$B7,RD!AD:AD)+SUMIF('FG,ออนไล,คัดแยก'!$C:$C,'รับ-จ่าย ประจำวัน'!$B7,'FG,ออนไล,คัดแยก'!AD:AD) -> 0 | BL7: =SUMIF(เตรียมส่วนผสม!$C:$C,'รับ-จ่าย ประจำวัน'!$B7,เตรียมส่วนผสม!AE:AE)+SUMIF(กวนไส้!$C:$C,'รับ-จ่าย ประจำวัน'!$B7,กวนไส้!AE:AE)+SUMIF(ผลิต1!$C:$C,'รับ-จ่าย ประจำวัน'!$B7,ผลิต1!AE:AE)+SUMIF(ผลิต2!$C:$C,'รับ-จ่าย ประจำวัน'!$B7,ผลิต2!AE:AE)+SUMIF(เส้นแต่งหน้าขนมเค้ก!$C:$C,'รับ-จ่าย ประจำวัน'!$B7,เส้นแต่งหน้าขนมเค้ก!AE:AE)+SUMIF(แพ็ค!$C:$C,'รับ-จ่าย ประจำวัน'!$B7,แพ็ค!AE:AE)+SUMIF(ธุรการ!$C:$C,'รับ-จ่าย ประจำวัน'!$B7,ธุรการ!AE:AE)+SUMIF(เส้นแต่งหน้าขนมปัง!$C:$C,'รับ-จ่าย ประจำวัน'!$B7,เส้นแต่งหน้าขนมปัง!AE:AE)+SUMIF('วางแผนBC,CJ'!$C:$C,'รับ-จ่าย ประจำวัน'!$B7,'วางแผนBC,CJ'!AE:AE)+SUMIF(RD!$C:$C,'รับ-จ่าย ประจำวัน'!$B7,RD!AE:AE)+SUMIF('FG,ออนไล,คัดแยก'!$C:$C,'รับ-จ่าย ประจำวัน'!$B7,'FG,ออนไล,คัดแยก'!AE:AE) -> 0 | BM7: =SUMIF(เตรียมส่วนผสม!$C:$C,'รับ-จ่าย ประจำวัน'!$B7,เตรียมส่วนผสม!AF:AF)+SUMIF(กวนไส้!$C:$C,'รับ-จ่าย ประจำวัน'!$B7,กวนไส้!AF:AF)+SUMIF(ผลิต1!$C:$C,'รับ-จ่าย ประจำวัน'!$B7,ผลิต1!AF:AF)+SUMIF(ผลิต2!$C:$C,'รับ-จ่าย ประจำวัน'!$B7,ผลิต2!AF:AF)+SUMIF(เส้นแต่งหน้าขนมเค้ก!$C:$C,'รับ-จ่าย ประจำวัน'!$B7,เส้นแต่งหน้าขนมเค้ก!AF:AF)+SUMIF(แพ็ค!$C:$C,'รับ-จ่าย ประจำวัน'!$B7,แพ็ค!AF:AF)+SUMIF(ธุรการ!$C:$C,'รับ-จ่าย ประจำวัน'!$B7,ธุรการ!AF:AF)+SUMIF(เส้นแต่งหน้าขนมปัง!$C:$C,'รับ-จ่าย ประจำวัน'!$B7,เส้นแต่งหน้าขนมปัง!AF:AF)+SUMIF('วางแผนBC,CJ'!$C:$C,'รับ-จ่าย ประจำวัน'!$B7,'วางแผนBC,CJ'!AF:AF)+SUMIF(RD!$C:$C,'รับ-จ่าย ประจำวัน'!$B7,RD!AF:AF)+SUMIF('FG,ออนไล,คัดแยก'!$C:$C,'รับ-จ่าย ประจำวัน'!$B7,'FG,ออนไล,คัดแยก'!AF:AF) -> 0 | BN7: =SUMIF(เตรียมส่วนผสม!$C:$C,'รับ-จ่าย ประจำวัน'!$B7,เตรียมส่วนผสม!AG:AG)+SUMIF(กวนไส้!$C:$C,'รับ-จ่าย ประจำวัน'!$B7,กวนไส้!AG:AG)+SUMIF(ผลิต1!$C:$C,'รับ-จ่าย ประจำวัน'!$B7,ผลิต1!AG:AG)+SUMIF(ผลิต2!$C:$C,'รับ-จ่าย ประจำวัน'!$B7,ผลิต2!AG:AG)+SUMIF(เส้นแต่งหน้าขนมเค้ก!$C:$C,'รับ-จ่าย ประจำวัน'!$B7,เส้นแต่งหน้าขนมเค้ก!AG:AG)+SUMIF(แพ็ค!$C:$C,'รับ-จ่าย ประจำวัน'!$B7,แพ็ค!AG:AG)+SUMIF(ธุรการ!$C:$C,'รับ-จ่าย ประจำวัน'!$B7,ธุรการ!AG:AG)+SUMIF(เส้นแต่งหน้าขนมปัง!$C:$C,'รับ-จ่าย ประจำวัน'!$B7,เส้นแต่งหน้าขนมปัง!AG:AG)+SUMIF('วางแผนBC,CJ'!$C:$C,'รับ-จ่าย ประจำวัน'!$B7,'วางแผนBC,CJ'!AG:AG)+SUMIF(RD!$C:$C,'รับ-จ่าย ประจำวัน'!$B7,RD!AG:AG)+SUMIF('FG,ออนไล,คัดแยก'!$C:$C,'รับ-จ่าย ประจำวัน'!$B7,'FG,ออนไล,คัดแยก'!AG:AG) -> 0 | BO7: =SUMIF(เตรียมส่วนผสม!$C:$C,'รับ-จ่าย ประจำวัน'!$B7,เตรียมส่วนผสม!AH:AH)+SUMIF(กวนไส้!$C:$C,'รับ-จ่าย ประจำวัน'!$B7,กวนไส้!AH:AH)+SUMIF(ผลิต1!$C:$C,'รับ-จ่าย ประจำวัน'!$B7,ผลิต1!AH:AH)+SUMIF(ผลิต2!$C:$C,'รับ-จ่าย ประจำวัน'!$B7,ผลิต2!AH:AH)+SUMIF(เส้นแต่งหน้าขนมเค้ก!$C:$C,'รับ-จ่าย ประจำวัน'!$B7,เส้นแต่งหน้าขนมเค้ก!AH:AH)+SUMIF(แพ็ค!$C:$C,'รับ-จ่าย ประจำวัน'!$B7,แพ็ค!AH:AH)+SUMIF(ธุรการ!$C:$C,'รับ-จ่าย ประจำวัน'!$B7,ธุรการ!AH:AH)+SUMIF(เส้นแต่งหน้าขนมปัง!$C:$C,'รับ-จ่าย ประจำวัน'!$B7,เส้นแต่งหน้าขนมปัง!AH:AH)+SUMIF('วางแผนBC,CJ'!$C:$C,'รับ-จ่าย ประจำวัน'!$B7,'วางแผนBC,CJ'!AH:AH)+SUMIF(RD!$C:$C,'รับ-จ่าย ประจำวัน'!$B7,RD!AH:AH)+SUMIF('FG,ออนไล,คัดแยก'!$C:$C,'รับ-จ่าย ประจำวัน'!$B7,'FG,ออนไล,คัดแยก'!AH:AH) -> 0 | BP7: =SUMIF(เตรียมส่วนผสม!$C:$C,'รับ-จ่าย ประจำวัน'!$B7,เตรียมส่วนผสม!AI:AI)+SUMIF(กวนไส้!$C:$C,'รับ-จ่าย ประจำวัน'!$B7,กวนไส้!AI:AI)+SUMIF(ผลิต1!$C:$C,'รับ-จ่าย ประจำวัน'!$B7,ผลิต1!AI:AI)+SUMIF(ผลิต2!$C:$C,'รับ-จ่าย ประจำวัน'!$B7,ผลิต2!AI:AI)+SUMIF(เส้นแต่งหน้าขนมเค้ก!$C:$C,'รับ-จ่าย ประจำวัน'!$B7,เส้นแต่งหน้าขนมเค้ก!AI:AI)+SUMIF(แพ็ค!$C:$C,'รับ-จ่าย ประจำวัน'!$B7,แพ็ค!AI:AI)+SUMIF(ธุรการ!$C:$C,'รับ-จ่าย ประจำวัน'!$B7,ธุรการ!AI:AI)+SUMIF(เส้นแต่งหน้าขนมปัง!$C:$C,'รับ-จ่าย ประจำวัน'!$B7,เส้นแต่งหน้าขนมปัง!AI:AI)+SUMIF('วางแผนBC,CJ'!$C:$C,'รับ-จ่าย ประจำวัน'!$B7,'วางแผนBC,CJ'!AI:AI)+SUMIF(RD!$C:$C,'รับ-จ่าย ประจำวัน'!$B7,RD!AI:AI)+SUMIF('FG,ออนไล,คัดแยก'!$C:$C,'รับ-จ่าย ประจำวัน'!$B7,'FG,ออนไล,คัดแยก'!AI:AI) -> 0 | BQ7: =SUMIF(เตรียมส่วนผสม!$C:$C,'รับ-จ่าย ประจำวัน'!$B7,เตรียมส่วนผสม!AJ:AJ)+SUMIF(กวนไส้!$C:$C,'รับ-จ่าย ประจำวัน'!$B7,กวนไส้!AJ:AJ)+SUMIF(ผลิต1!$C:$C,'รับ-จ่าย ประจำวัน'!$B7,ผลิต1!AJ:AJ)+SUMIF(ผลิต2!$C:$C,'รับ-จ่าย ประจำวัน'!$B7,ผลิต2!AJ:AJ)+SUMIF(เส้นแต่งหน้าขนมเค้ก!$C:$C,'รับ-จ่าย ประจำวัน'!$B7,เส้นแต่งหน้าขนมเค้ก!AJ:AJ)+SUMIF(แพ็ค!$C:$C,'รับ-จ่าย ประจำวัน'!$B7,แพ็ค!AJ:AJ)+SUMIF(ธุรการ!$C:$C,'รับ-จ่าย ประจำวัน'!$B7,ธุรการ!AJ:AJ)+SUMIF(เส้นแต่งหน้าขนมปัง!$C:$C,'รับ-จ่าย ประจำวัน'!$B7,เส้นแต่งหน้าขนมปัง!AJ:AJ)+SUMIF('วางแผนBC,CJ'!$C:$C,'รับ-จ่าย ประจำวัน'!$B7,'วางแผนBC,CJ'!AJ:AJ)+SUMIF(RD!$C:$C,'รับ-จ่าย ประจำวัน'!$B7,RD!AJ:AJ)+SUMIF('FG,ออนไล,คัดแยก'!$C:$C,'รับ-จ่าย ประจำวัน'!$B7,'FG,ออนไล,คัดแยก'!AJ:AJ) -> 0 | BR7: =SUMIF(เตรียมส่วนผสม!$C:$C,'รับ-จ่าย ประจำวัน'!$B7,เตรียมส่วนผสม!AK:AK)+SUMIF(กวนไส้!$C:$C,'รับ-จ่าย ประจำวัน'!$B7,กวนไส้!AK:AK)+SUMIF(ผลิต1!$C:$C,'รับ-จ่าย ประจำวัน'!$B7,ผลิต1!AK:AK)+SUMIF(ผลิต2!$C:$C,'รับ-จ่าย ประจำวัน'!$B7,ผลิต2!AK:AK)+SUMIF(เส้นแต่งหน้าขนมเค้ก!$C:$C,'รับ-จ่าย ประจำวัน'!$B7,เส้นแต่งหน้าขนมเค้ก!AK:AK)+SUMIF(แพ็ค!$C:$C,'รับ-จ่าย ประจำวัน'!$B7,แพ็ค!AK:AK)+SUMIF(ธุรการ!$C:$C,'รับ-จ่าย ประจำวัน'!$B7,ธุรการ!AK:AK)+SUMIF(เส้นแต่งหน้าขนมปัง!$C:$C,'รับ-จ่าย ประจำวัน'!$B7,เส้นแต่งหน้าขนมปัง!AK:AK)+SUMIF('วางแผนBC,CJ'!$C:$C,'รับ-จ่าย ประจำวัน'!$B7,'วางแผนBC,CJ'!AK:AK)+SUMIF(RD!$C:$C,'รับ-จ่าย ประจำวัน'!$B7,RD!AK:AK)+SUMIF('FG,ออนไล,คัดแยก'!$C:$C,'รับ-จ่าย ประจำวัน'!$B7,'FG,ออนไล,คัดแยก'!AK:AK) -> 0 | BS7: =SUMIF(เตรียมส่วนผสม!$C:$C,'รับ-จ่าย ประจำวัน'!$B7,เตรียมส่วนผสม!AL:AL)+SUMIF(กวนไส้!$C:$C,'รับ-จ่าย ประจำวัน'!$B7,กวนไส้!AL:AL)+SUMIF(ผลิต1!$C:$C,'รับ-จ่าย ประจำวัน'!$B7,ผลิต1!AL:AL)+SUMIF(ผลิต2!$C:$C,'รับ-จ่าย ประจำวัน'!$B7,ผลิต2!AL:AL)+SUMIF(เส้นแต่งหน้าขนมเค้ก!$C:$C,'รับ-จ่าย ประจำวัน'!$B7,เส้นแต่งหน้าขนมเค้ก!AL:AL)+SUMIF(แพ็ค!$C:$C,'รับ-จ่าย ประจำวัน'!$B7,แพ็ค!AL:AL)+SUMIF(ธุรการ!$C:$C,'รับ-จ่าย ประจำวัน'!$B7,ธุรการ!AL:AL)+SUMIF(เส้นแต่งหน้าขนมปัง!$C:$C,'รับ-จ่าย ประจำวัน'!$B7,เส้นแต่งหน้าขนมปัง!AL:AL)+SUMIF('วางแผนBC,CJ'!$C:$C,'รับ-จ่าย ประจำวัน'!$B7,'วางแผนBC,CJ'!AL:AL)+SUMIF(RD!$C:$C,'รับ-จ่าย ประจำวัน'!$B7,RD!AL:AL)+SUMIF('FG,ออนไล,คัดแยก'!$C:$C,'รับ-จ่าย ประจำวัน'!$B7,'FG,ออนไล,คัดแยก'!AL:AL) -> 0 | BT7: =AO7+AP7+AQ7+AR7+AS7+AT7+AU7+AV7+AW7+AX7+AY7+AZ7+BA7+BB7+BC7+BD7+BE7+BF7+BG7+BH7+BI7+BJ7+BK7+BL7+BM7+BN7+BO7+BP7+BQ7+BR7+BS7 -> 0 | BV7: =H7+AN7-BT7 -> 0 | BW7: 30 | BX7: =BT7/24 -> 0 | BY7: =BV7/BX7 -> #DIV/0! | BZ7: =+TODAY()+BY7 -> #DIV/0! | CK7: =+BV7-BU7 -> 0
A8: 02-BB112 | B8: 1020501005 | C8: กล่องเค้ก 1 ปอนด์ | D8: ใบ | H8: 500 | AN8: =I8+J8+K8+L8+M8+N8+O8+P8+Q8+R8+S8+T8+U8+V8+W8+X8+Y8+Z8+AA8+AB8+AC8+AD8+AE8+AF8+AG8+AH8+AI8+AJ8+AK8+AL8+AM8 -> 0 | AO8: =SUMIF(เตรียมส่วนผสม!$C:$C,'รับ-จ่าย ประจำวัน'!$B8,เตรียมส่วนผสม!H:H)+SUMIF(กวนไส้!$C:$C,'รับ-จ่าย ประจำวัน'!$B8,กวนไส้!H:H)+SUMIF(ผลิต1!$C:$C,'รับ-จ่าย ประจำวัน'!$B8,ผลิต1!H:H)+SUMIF(ผลิต2!$C:$C,'รับ-จ่าย ประจำวัน'!$B8,ผลิต2!H:H)+SUMIF(เส้นแต่งหน้าขนมเค้ก!$C:$C,'รับ-จ่าย ประจำวัน'!$B8,เส้นแต่งหน้าขนมเค้ก!H:H)+SUMIF(แพ็ค!$C:$C,'รับ-จ่าย ประจำวัน'!$B8,แพ็ค!H:H)+SUMIF(ธุรการ!$C:$C,'รับ-จ่าย ประจำวัน'!$B8,ธุรการ!H:H)+SUMIF(เส้นแต่งหน้าขนมปัง!$C:$C,'รับ-จ่าย ประจำวัน'!$B8,เส้นแต่งหน้าขนมปัง!H:H)+SUMIF('วางแผนBC,CJ'!$C:$C,'รับ-จ่าย ประจำวัน'!$B8,'วางแผนBC,CJ'!H:H)+SUMIF(RD!$C:$C,'รับ-จ่าย ประจำวัน'!$B8,RD!H:H)+SUMIF('FG,ออนไล,คัดแยก'!$C:$C,'รับ-จ่าย ประจำวัน'!$B8,'FG,ออนไล,คัดแยก'!H:H) -> 0 | AP8: =SUMIF(เตรียมส่วนผสม!$C:$C,'รับ-จ่าย ประจำวัน'!$B8,เตรียมส่วนผสม!I:I)+SUMIF(กวนไส้!$C:$C,'รับ-จ่าย ประจำวัน'!$B8,กวนไส้!I:I)+SUMIF(ผลิต1!$C:$C,'รับ-จ่าย ประจำวัน'!$B8,ผลิต1!I:I)+SUMIF(ผลิต2!$C:$C,'รับ-จ่าย ประจำวัน'!$B8,ผลิต2!I:I)+SUMIF(เส้นแต่งหน้าขนมเค้ก!$C:$C,'รับ-จ่าย ประจำวัน'!$B8,เส้นแต่งหน้าขนมเค้ก!I:I)+SUMIF(แพ็ค!$C:$C,'รับ-จ่าย ประจำวัน'!$B8,แพ็ค!I:I)+SUMIF(ธุรการ!$C:$C,'รับ-จ่าย ประจำวัน'!$B8,ธุรการ!I:I)+SUMIF(เส้นแต่งหน้าขนมปัง!$C:$C,'รับ-จ่าย ประจำวัน'!$B8,เส้นแต่งหน้าขนมปัง!I:I)+SUMIF('วางแผนBC,CJ'!$C:$C,'รับ-จ่าย ประจำวัน'!$B8,'วางแผนBC,CJ'!I:I)+SUMIF(RD!$C:$C,'รับ-จ่าย ประจำวัน'!$B8,RD!I:I)+SUMIF('FG,ออนไล,คัดแยก'!$C:$C,'รับ-จ่าย ประจำวัน'!$B8,'FG,ออนไล,คัดแยก'!I:I) -> 0 | AQ8: =SUMIF(เตรียมส่วนผสม!$C:$C,'รับ-จ่าย ประจำวัน'!$B8,เตรียมส่วนผสม!J:J)+SUMIF(กวนไส้!$C:$C,'รับ-จ่าย ประจำวัน'!$B8,กวนไส้!J:J)+SUMIF(ผลิต1!$C:$C,'รับ-จ่าย ประจำวัน'!$B8,ผลิต1!J:J)+SUMIF(ผลิต2!$C:$C,'รับ-จ่าย ประจำวัน'!$B8,ผลิต2!J:J)+SUMIF(เส้นแต่งหน้าขนมเค้ก!$C:$C,'รับ-จ่าย ประจำวัน'!$B8,เส้นแต่งหน้าขนมเค้ก!J:J)+SUMIF(แพ็ค!$C:$C,'รับ-จ่าย ประจำวัน'!$B8,แพ็ค!J:J)+SUMIF(ธุรการ!$C:$C,'รับ-จ่าย ประจำวัน'!$B8,ธุรการ!J:J)+SUMIF(เส้นแต่งหน้าขนมปัง!$C:$C,'รับ-จ่าย ประจำวัน'!$B8,เส้นแต่งหน้าขนมปัง!J:J)+SUMIF('วางแผนBC,CJ'!$C:$C,'รับ-จ่าย ประจำวัน'!$B8,'วางแผนBC,CJ'!J:J)+SUMIF(RD!$C:$C,'รับ-จ่าย ประจำวัน'!$B8,RD!J:J)+SUMIF('FG,ออนไล,คัดแยก'!$C:$C,'รับ-จ่าย ประจำวัน'!$B8,'FG,ออนไล,คัดแยก'!J:J) -> 0 | AR8: =SUMIF(เตรียมส่วนผสม!$C:$C,'รับ-จ่าย ประจำวัน'!$B8,เตรียมส่วนผสม!K:K)+SUMIF(กวนไส้!$C:$C,'รับ-จ่าย ประจำวัน'!$B8,กวนไส้!K:K)+SUMIF(ผลิต1!$C:$C,'รับ-จ่าย ประจำวัน'!$B8,ผลิต1!K:K)+SUMIF(ผลิต2!$C:$C,'รับ-จ่าย ประจำวัน'!$B8,ผลิต2!K:K)+SUMIF(เส้นแต่งหน้าขนมเค้ก!$C:$C,'รับ-จ่าย ประจำวัน'!$B8,เส้นแต่งหน้าขนมเค้ก!K:K)+SUMIF(แพ็ค!$C:$C,'รับ-จ่าย ประจำวัน'!$B8,แพ็ค!K:K)+SUMIF(ธุรการ!$C:$C,'รับ-จ่าย ประจำวัน'!$B8,ธุรการ!K:K)+SUMIF(เส้นแต่งหน้าขนมปัง!$C:$C,'รับ-จ่าย ประจำวัน'!$B8,เส้นแต่งหน้าขนมปัง!K:K)+SUMIF('วางแผนBC,CJ'!$C:$C,'รับ-จ่าย ประจำวัน'!$B8,'วางแผนBC,CJ'!K:K)+SUMIF(RD!$C:$C,'รับ-จ่าย ประจำวัน'!$B8,RD!K:K)+SUMIF('FG,ออนไล,คัดแยก'!$C:$C,'รับ-จ่าย ประจำวัน'!$B8,'FG,ออนไล,คัดแยก'!K:K) -> 0 | AS8: =SUMIF(เตรียมส่วนผสม!$C:$C,'รับ-จ่าย ประจำวัน'!$B8,เตรียมส่วนผสม!L:L)+SUMIF(กวนไส้!$C:$C,'รับ-จ่าย ประจำวัน'!$B8,กวนไส้!L:L)+SUMIF(ผลิต1!$C:$C,'รับ-จ่าย ประจำวัน'!$B8,ผลิต1!L:L)+SUMIF(ผลิต2!$C:$C,'รับ-จ่าย ประจำวัน'!$B8,ผลิต2!L:L)+SUMIF(เส้นแต่งหน้าขนมเค้ก!$C:$C,'รับ-จ่าย ประจำวัน'!$B8,เส้นแต่งหน้าขนมเค้ก!L:L)+SUMIF(แพ็ค!$C:$C,'รับ-จ่าย ประจำวัน'!$B8,แพ็ค!L:L)+SUMIF(ธุรการ!$C:$C,'รับ-จ่าย ประจำวัน'!$B8,ธุรการ!L:L)+SUMIF(เส้นแต่งหน้าขนมปัง!$C:$C,'รับ-จ่าย ประจำวัน'!$B8,เส้นแต่งหน้าขนมปัง!L:L)+SUMIF('วางแผนBC,CJ'!$C:$C,'รับ-จ่าย ประจำวัน'!$B8,'วางแผนBC,CJ'!L:L)+SUMIF(RD!$C:$C,'รับ-จ่าย ประจำวัน'!$B8,RD!L:L)+SUMIF('FG,ออนไล,คัดแยก'!$C:$C,'รับ-จ่าย ประจำวัน'!$B8,'FG,ออนไล,คัดแยก'!L:L) -> 0 | AT8: =SUMIF(เตรียมส่วนผสม!$C:$C,'รับ-จ่าย ประจำวัน'!$B8,เตรียมส่วนผสม!M:M)+SUMIF(กวนไส้!$C:$C,'รับ-จ่าย ประจำวัน'!$B8,กวนไส้!M:M)+SUMIF(ผลิต1!$C:$C,'รับ-จ่าย ประจำวัน'!$B8,ผลิต1!M:M)+SUMIF(ผลิต2!$C:$C,'รับ-จ่าย ประจำวัน'!$B8,ผลิต2!M:M)+SUMIF(เส้นแต่งหน้าขนมเค้ก!$C:$C,'รับ-จ่าย ประจำวัน'!$B8,เส้นแต่งหน้าขนมเค้ก!M:M)+SUMIF(แพ็ค!$C:$C,'รับ-จ่าย ประจำวัน'!$B8,แพ็ค!M:M)+SUMIF(ธุรการ!$C:$C,'รับ-จ่าย ประจำวัน'!$B8,ธุรการ!M:M)+SUMIF(เส้นแต่งหน้าขนมปัง!$C:$C,'รับ-จ่าย ประจำวัน'!$B8,เส้นแต่งหน้าขนมปัง!M:M)+SUMIF('วางแผนBC,CJ'!$C:$C,'รับ-จ่าย ประจำวัน'!$B8,'วางแผนBC,CJ'!M:M)+SUMIF(RD!$C:$C,'รับ-จ่าย ประจำวัน'!$B8,RD!M:M)+SUMIF('FG,ออนไล,คัดแยก'!$C:$C,'รับ-จ่าย ประจำวัน'!$B8,'FG,ออนไล,คัดแยก'!M:M) -> 0 | AU8: =SUMIF(เตรียมส่วนผสม!$C:$C,'รับ-จ่าย ประจำวัน'!$B8,เตรียมส่วนผสม!N:N)+SUMIF(กวนไส้!$C:$C,'รับ-จ่าย ประจำวัน'!$B8,กวนไส้!N:N)+SUMIF(ผลิต1!$C:$C,'รับ-จ่าย ประจำวัน'!$B8,ผลิต1!N:N)+SUMIF(ผลิต2!$C:$C,'รับ-จ่าย ประจำวัน'!$B8,ผลิต2!N:N)+SUMIF(เส้นแต่งหน้าขนมเค้ก!$C:$C,'รับ-จ่าย ประจำวัน'!$B8,เส้นแต่งหน้าขนมเค้ก!N:N)+SUMIF(แพ็ค!$C:$C,'รับ-จ่าย ประจำวัน'!$B8,แพ็ค!N:N)+SUMIF(ธุรการ!$C:$C,'รับ-จ่าย ประจำวัน'!$B8,ธุรการ!N:N)+SUMIF(เส้นแต่งหน้าขนมปัง!$C:$C,'รับ-จ่าย ประจำวัน'!$B8,เส้นแต่งหน้าขนมปัง!N:N)+SUMIF('วางแผนBC,CJ'!$C:$C,'รับ-จ่าย ประจำวัน'!$B8,'วางแผนBC,CJ'!N:N)+SUMIF(RD!$C:$C,'รับ-จ่าย ประจำวัน'!$B8,RD!N:N)+SUMIF('FG,ออนไล,คัดแยก'!$C:$C,'รับ-จ่าย ประจำวัน'!$B8,'FG,ออนไล,คัดแยก'!N:N) -> 0 | AV8: =SUMIF(เตรียมส่วนผสม!$C:$C,'รับ-จ่าย ประจำวัน'!$B8,เตรียมส่วนผสม!O:O)+SUMIF(กวนไส้!$C:$C,'รับ-จ่าย ประจำวัน'!$B8,กวนไส้!O:O)+SUMIF(ผลิต1!$C:$C,'รับ-จ่าย ประจำวัน'!$B8,ผลิต1!O:O)+SUMIF(ผลิต2!$C:$C,'รับ-จ่าย ประจำวัน'!$B8,ผลิต2!O:O)+SUMIF(เส้นแต่งหน้าขนมเค้ก!$C:$C,'รับ-จ่าย ประจำวัน'!$B8,เส้นแต่งหน้าขนมเค้ก!O:O)+SUMIF(แพ็ค!$C:$C,'รับ-จ่าย ประจำวัน'!$B8,แพ็ค!O:O)+SUMIF(ธุรการ!$C:$C,'รับ-จ่าย ประจำวัน'!$B8,ธุรการ!O:O)+SUMIF(เส้นแต่งหน้าขนมปัง!$C:$C,'รับ-จ่าย ประจำวัน'!$B8,เส้นแต่งหน้าขนมปัง!O:O)+SUMIF('วางแผนBC,CJ'!$C:$C,'รับ-จ่าย ประจำวัน'!$B8,'วางแผนBC,CJ'!O:O)+SUMIF(RD!$C:$C,'รับ-จ่าย ประจำวัน'!$B8,RD!O:O)+SUMIF('FG,ออนไล,คัดแยก'!$C:$C,'รับ-จ่าย ประจำวัน'!$B8,'FG,ออนไล,คัดแยก'!O:O) -> 0 | AW8: =SUMIF(เตรียมส่วนผสม!$C:$C,'รับ-จ่าย ประจำวัน'!$B8,เตรียมส่วนผสม!P:P)+SUMIF(กวนไส้!$C:$C,'รับ-จ่าย ประจำวัน'!$B8,กวนไส้!P:P)+SUMIF(ผลิต1!$C:$C,'รับ-จ่าย ประจำวัน'!$B8,ผลิต1!P:P)+SUMIF(ผลิต2!$C:$C,'รับ-จ่าย ประจำวัน'!$B8,ผลิต2!P:P)+SUMIF(เส้นแต่งหน้าขนมเค้ก!$C:$C,'รับ-จ่าย ประจำวัน'!$B8,เส้นแต่งหน้าขนมเค้ก!P:P)+SUMIF(แพ็ค!$C:$C,'รับ-จ่าย ประจำวัน'!$B8,แพ็ค!P:P)+SUMIF(ธุรการ!$C:$C,'รับ-จ่าย ประจำวัน'!$B8,ธุรการ!P:P)+SUMIF(เส้นแต่งหน้าขนมปัง!$C:$C,'รับ-จ่าย ประจำวัน'!$B8,เส้นแต่งหน้าขนมปัง!P:P)+SUMIF('วางแผนBC,CJ'!$C:$C,'รับ-จ่าย ประจำวัน'!$B8,'วางแผนBC,CJ'!P:P)+SUMIF(RD!$C:$C,'รับ-จ่าย ประจำวัน'!$B8,RD!P:P)+SUMIF('FG,ออนไล,คัดแยก'!$C:$C,'รับ-จ่าย ประจำวัน'!$B8,'FG,ออนไล,คัดแยก'!P:P) -> 0 | AX8: =SUMIF(เตรียมส่วนผสม!$C:$C,'รับ-จ่าย ประจำวัน'!$B8,เตรียมส่วนผสม!Q:Q)+SUMIF(กวนไส้!$C:$C,'รับ-จ่าย ประจำวัน'!$B8,กวนไส้!Q:Q)+SUMIF(ผลิต1!$C:$C,'รับ-จ่าย ประจำวัน'!$B8,ผลิต1!Q:Q)+SUMIF(ผลิต2!$C:$C,'รับ-จ่าย ประจำวัน'!$B8,ผลิต2!Q:Q)+SUMIF(เส้นแต่งหน้าขนมเค้ก!$C:$C,'รับ-จ่าย ประจำวัน'!$B8,เส้นแต่งหน้าขนมเค้ก!Q:Q)+SUMIF(แพ็ค!$C:$C,'รับ-จ่าย ประจำวัน'!$B8,แพ็ค!Q:Q)+SUMIF(ธุรการ!$C:$C,'รับ-จ่าย ประจำวัน'!$B8,ธุรการ!Q:Q)+SUMIF(เส้นแต่งหน้าขนมปัง!$C:$C,'รับ-จ่าย ประจำวัน'!$B8,เส้นแต่งหน้าขนมปัง!Q:Q)+SUMIF('วางแผนBC,CJ'!$C:$C,'รับ-จ่าย ประจำวัน'!$B8,'วางแผนBC,CJ'!Q:Q)+SUMIF(RD!$C:$C,'รับ-จ่าย ประจำวัน'!$B8,RD!Q:Q)+SUMIF('FG,ออนไล,คัดแยก'!$C:$C,'รับ-จ่าย ประจำวัน'!$B8,'FG,ออนไล,คัดแยก'!Q:Q) -> 0 | AY8: =SUMIF(เตรียมส่วนผสม!$C:$C,'รับ-จ่าย ประจำวัน'!$B8,เตรียมส่วนผสม!R:R)+SUMIF(กวนไส้!$C:$C,'รับ-จ่าย ประจำวัน'!$B8,กวนไส้!R:R)+SUMIF(ผลิต1!$C:$C,'รับ-จ่าย ประจำวัน'!$B8,ผลิต1!R:R)+SUMIF(ผลิต2!$C:$C,'รับ-จ่าย ประจำวัน'!$B8,ผลิต2!R:R)+SUMIF(เส้นแต่งหน้าขนมเค้ก!$C:$C,'รับ-จ่าย ประจำวัน'!$B8,เส้นแต่งหน้าขนมเค้ก!R:R)+SUMIF(แพ็ค!$C:$C,'รับ-จ่าย ประจำวัน'!$B8,แพ็ค!R:R)+SUMIF(ธุรการ!$C:$C,'รับ-จ่าย ประจำวัน'!$B8,ธุรการ!R:R)+SUMIF(เส้นแต่งหน้าขนมปัง!$C:$C,'รับ-จ่าย ประจำวัน'!$B8,เส้นแต่งหน้าขนมปัง!R:R)+SUMIF('วางแผนBC,CJ'!$C:$C,'รับ-จ่าย ประจำวัน'!$B8,'วางแผนBC,CJ'!R:R)+SUMIF(RD!$C:$C,'รับ-จ่าย ประจำวัน'!$B8,RD!R:R)+SUMIF('FG,ออนไล,คัดแยก'!$C:$C,'รับ-จ่าย ประจำวัน'!$B8,'FG,ออนไล,คัดแยก'!R:R) -> 0 | AZ8: =SUMIF(เตรียมส่วนผสม!$C:$C,'รับ-จ่าย ประจำวัน'!$B8,เตรียมส่วนผสม!S:S)+SUMIF(กวนไส้!$C:$C,'รับ-จ่าย ประจำวัน'!$B8,กวนไส้!S:S)+SUMIF(ผลิต1!$C:$C,'รับ-จ่าย ประจำวัน'!$B8,ผลิต1!S:S)+SUMIF(ผลิต2!$C:$C,'รับ-จ่าย ประจำวัน'!$B8,ผลิต2!S:S)+SUMIF(เส้นแต่งหน้าขนมเค้ก!$C:$C,'รับ-จ่าย ประจำวัน'!$B8,เส้นแต่งหน้าขนมเค้ก!S:S)+SUMIF(แพ็ค!$C:$C,'รับ-จ่าย ประจำวัน'!$B8,แพ็ค!S:S)+SUMIF(ธุรการ!$C:$C,'รับ-จ่าย ประจำวัน'!$B8,ธุรการ!S:S)+SUMIF(เส้นแต่งหน้าขนมปัง!$C:$C,'รับ-จ่าย ประจำวัน'!$B8,เส้นแต่งหน้าขนมปัง!S:S)+SUMIF('วางแผนBC,CJ'!$C:$C,'รับ-จ่าย ประจำวัน'!$B8,'วางแผนBC,CJ'!S:S)+SUMIF(RD!$C:$C,'รับ-จ่าย ประจำวัน'!$B8,RD!S:S)+SUMIF('FG,ออนไล,คัดแยก'!$C:$C,'รับ-จ่าย ประจำวัน'!$B8,'FG,ออนไล,คัดแยก'!S:S) -> 0 | BA8: =SUMIF(เตรียมส่วนผสม!$C:$C,'รับ-จ่าย ประจำวัน'!$B8,เตรียมส่วนผสม!T:T)+SUMIF(กวนไส้!$C:$C,'รับ-จ่าย ประจำวัน'!$B8,กวนไส้!T:T)+SUMIF(ผลิต1!$C:$C,'รับ-จ่าย ประจำวัน'!$B8,ผลิต1!T:T)+SUMIF(ผลิต2!$C:$C,'รับ-จ่าย ประจำวัน'!$B8,ผลิต2!T:T)+SUMIF(เส้นแต่งหน้าขนมเค้ก!$C:$C,'รับ-จ่าย ประจำวัน'!$B8,เส้นแต่งหน้าขนมเค้ก!T:T)+SUMIF(แพ็ค!$C:$C,'รับ-จ่าย ประจำวัน'!$B8,แพ็ค!T:T)+SUMIF(ธุรการ!$C:$C,'รับ-จ่าย ประจำวัน'!$B8,ธุรการ!T:T)+SUMIF(เส้นแต่งหน้าขนมปัง!$C:$C,'รับ-จ่าย ประจำวัน'!$B8,เส้นแต่งหน้าขนมปัง!T:T)+SUMIF('วางแผนBC,CJ'!$C:$C,'รับ-จ่าย ประจำวัน'!$B8,'วางแผนBC,CJ'!T:T)+SUMIF(RD!$C:$C,'รับ-จ่าย ประจำวัน'!$B8,RD!T:T)+SUMIF('FG,ออนไล,คัดแยก'!$C:$C,'รับ-จ่าย ประจำวัน'!$B8,'FG,ออนไล,คัดแยก'!T:T) -> 0 | BB8: =SUMIF(เตรียมส่วนผสม!$C:$C,'รับ-จ่าย ประจำวัน'!$B8,เตรียมส่วนผสม!U:U)+SUMIF(กวนไส้!$C:$C,'รับ-จ่าย ประจำวัน'!$B8,กวนไส้!U:U)+SUMIF(ผลิต1!$C:$C,'รับ-จ่าย ประจำวัน'!$B8,ผลิต1!U:U)+SUMIF(ผลิต2!$C:$C,'รับ-จ่าย ประจำวัน'!$B8,ผลิต2!U:U)+SUMIF(เส้นแต่งหน้าขนมเค้ก!$C:$C,'รับ-จ่าย ประจำวัน'!$B8,เส้นแต่งหน้าขนมเค้ก!U:U)+SUMIF(แพ็ค!$C:$C,'รับ-จ่าย ประจำวัน'!$B8,แพ็ค!U:U)+SUMIF(ธุรการ!$C:$C,'รับ-จ่าย ประจำวัน'!$B8,ธุรการ!U:U)+SUMIF(เส้นแต่งหน้าขนมปัง!$C:$C,'รับ-จ่าย ประจำวัน'!$B8,เส้นแต่งหน้าขนมปัง!U:U)+SUMIF('วางแผนBC,CJ'!$C:$C,'รับ-จ่าย ประจำวัน'!$B8,'วางแผนBC,CJ'!U:U)+SUMIF(RD!$C:$C,'รับ-จ่าย ประจำวัน'!$B8,RD!U:U)+SUMIF('FG,ออนไล,คัดแยก'!$C:$C,'รับ-จ่าย ประจำวัน'!$B8,'FG,ออนไล,คัดแยก'!U:U) -> 0 | BC8: =SUMIF(เตรียมส่วนผสม!$C:$C,'รับ-จ่าย ประจำวัน'!$B8,เตรียมส่วนผสม!V:V)+SUMIF(กวนไส้!$C:$C,'รับ-จ่าย ประจำวัน'!$B8,กวนไส้!V:V)+SUMIF(ผลิต1!$C:$C,'รับ-จ่าย ประจำวัน'!$B8,ผลิต1!V:V)+SUMIF(ผลิต2!$C:$C,'รับ-จ่าย ประจำวัน'!$B8,ผลิต2!V:V)+SUMIF(เส้นแต่งหน้าขนมเค้ก!$C:$C,'รับ-จ่าย ประจำวัน'!$B8,เส้นแต่งหน้าขนมเค้ก!V:V)+SUMIF(แพ็ค!$C:$C,'รับ-จ่าย ประจำวัน'!$B8,แพ็ค!V:V)+SUMIF(ธุรการ!$C:$C,'รับ-จ่าย ประจำวัน'!$B8,ธุรการ!V:V)+SUMIF(เส้นแต่งหน้าขนมปัง!$C:$C,'รับ-จ่าย ประจำวัน'!$B8,เส้นแต่งหน้าขนมปัง!V:V)+SUMIF('วางแผนBC,CJ'!$C:$C,'รับ-จ่าย ประจำวัน'!$B8,'วางแผนBC,CJ'!V:V)+SUMIF(RD!$C:$C,'รับ-จ่าย ประจำวัน'!$B8,RD!V:V)+SUMIF('FG,ออนไล,คัดแยก'!$C:$C,'รับ-จ่าย ประจำวัน'!$B8,'FG,ออนไล,คัดแยก'!V:V) -> 0 | BD8: =SUMIF(เตรียมส่วนผสม!$C:$C,'รับ-จ่าย ประจำวัน'!$B8,เตรียมส่วนผสม!W:W)+SUMIF(กวนไส้!$C:$C,'รับ-จ่าย ประจำวัน'!$B8,กวนไส้!W:W)+SUMIF(ผลิต1!$C:$C,'รับ-จ่าย ประจำวัน'!$B8,ผลิต1!W:W)+SUMIF(ผลิต2!$C:$C,'รับ-จ่าย ประจำวัน'!$B8,ผลิต2!W:W)+SUMIF(เส้นแต่งหน้าขนมเค้ก!$C:$C,'รับ-จ่าย ประจำวัน'!$B8,เส้นแต่งหน้าขนมเค้ก!W:W)+SUMIF(แพ็ค!$C:$C,'รับ-จ่าย ประจำวัน'!$B8,แพ็ค!W:W)+SUMIF(ธุรการ!$C:$C,'รับ-จ่าย ประจำวัน'!$B8,ธุรการ!W:W)+SUMIF(เส้นแต่งหน้าขนมปัง!$C:$C,'รับ-จ่าย ประจำวัน'!$B8,เส้นแต่งหน้าขนมปัง!W:W)+SUMIF('วางแผนBC,CJ'!$C:$C,'รับ-จ่าย ประจำวัน'!$B8,'วางแผนBC,CJ'!W:W)+SUMIF(RD!$C:$C,'รับ-จ่าย ประจำวัน'!$B8,RD!W:W)+SUMIF('FG,ออนไล,คัดแยก'!$C:$C,'รับ-จ่าย ประจำวัน'!$B8,'FG,ออนไล,คัดแยก'!W:W) -> 100 | BE8: =SUMIF(เตรียมส่วนผสม!$C:$C,'รับ-จ่าย ประจำวัน'!$B8,เตรียมส่วนผสม!X:X)+SUMIF(กวนไส้!$C:$C,'รับ-จ่าย ประจำวัน'!$B8,กวนไส้!X:X)+SUMIF(ผลิต1!$C:$C,'รับ-จ่าย ประจำวัน'!$B8,ผลิต1!X:X)+SUMIF(ผลิต2!$C:$C,'รับ-จ่าย ประจำวัน'!$B8,ผลิต2!X:X)+SUMIF(เส้นแต่งหน้าขนมเค้ก!$C:$C,'รับ-จ่าย ประจำวัน'!$B8,เส้นแต่งหน้าขนมเค้ก!X:X)+SUMIF(แพ็ค!$C:$C,'รับ-จ่าย ประจำวัน'!$B8,แพ็ค!X:X)+SUMIF(ธุรการ!$C:$C,'รับ-จ่าย ประจำวัน'!$B8,ธุรการ!X:X)+SUMIF(เส้นแต่งหน้าขนมปัง!$C:$C,'รับ-จ่าย ประจำวัน'!$B8,เส้นแต่งหน้าขนมปัง!X:X)+SUMIF('วางแผนBC,CJ'!$C:$C,'รับ-จ่าย ประจำวัน'!$B8,'วางแผนBC,CJ'!X:X)+SUMIF(RD!$C:$C,'รับ-จ่าย ประจำวัน'!$B8,RD!X:X)+SUMIF('FG,ออนไล,คัดแยก'!$C:$C,'รับ-จ่าย ประจำวัน'!$B8,'FG,ออนไล,คัดแยก'!X:X) -> 0 | BF8: =SUMIF(เตรียมส่วนผสม!$C:$C,'รับ-จ่าย ประจำวัน'!$B8,เตรียมส่วนผสม!Y:Y)+SUMIF(กวนไส้!$C:$C,'รับ-จ่าย ประจำวัน'!$B8,กวนไส้!Y:Y)+SUMIF(ผลิต1!$C:$C,'รับ-จ่าย ประจำวัน'!$B8,ผลิต1!Y:Y)+SUMIF(ผลิต2!$C:$C,'รับ-จ่าย ประจำวัน'!$B8,ผลิต2!Y:Y)+SUMIF(เส้นแต่งหน้าขนมเค้ก!$C:$C,'รับ-จ่าย ประจำวัน'!$B8,เส้นแต่งหน้าขนมเค้ก!Y:Y)+SUMIF(แพ็ค!$C:$C,'รับ-จ่าย ประจำวัน'!$B8,แพ็ค!Y:Y)+SUMIF(ธุรการ!$C:$C,'รับ-จ่าย ประจำวัน'!$B8,ธุรการ!Y:Y)+SUMIF(เส้นแต่งหน้าขนมปัง!$C:$C,'รับ-จ่าย ประจำวัน'!$B8,เส้นแต่งหน้าขนมปัง!Y:Y)+SUMIF('วางแผนBC,CJ'!$C:$C,'รับ-จ่าย ประจำวัน'!$B8,'วางแผนBC,CJ'!Y:Y)+SUMIF(RD!$C:$C,'รับ-จ่าย ประจำวัน'!$B8,RD!Y:Y)+SUMIF('FG,ออนไล,คัดแยก'!$C:$C,'รับ-จ่าย ประจำวัน'!$B8,'FG,ออนไล,คัดแยก'!Y:Y) -> 0 | BG8: =SUMIF(เตรียมส่วนผสม!$C:$C,'รับ-จ่าย ประจำวัน'!$B8,เตรียมส่วนผสม!Z:Z)+SUMIF(กวนไส้!$C:$C,'รับ-จ่าย ประจำวัน'!$B8,กวนไส้!Z:Z)+SUMIF(ผลิต1!$C:$C,'รับ-จ่าย ประจำวัน'!$B8,ผลิต1!Z:Z)+SUMIF(ผลิต2!$C:$C,'รับ-จ่าย ประจำวัน'!$B8,ผลิต2!Z:Z)+SUMIF(เส้นแต่งหน้าขนมเค้ก!$C:$C,'รับ-จ่าย ประจำวัน'!$B8,เส้นแต่งหน้าขนมเค้ก!Z:Z)+SUMIF(แพ็ค!$C:$C,'รับ-จ่าย ประจำวัน'!$B8,แพ็ค!Z:Z)+SUMIF(ธุรการ!$C:$C,'รับ-จ่าย ประจำวัน'!$B8,ธุรการ!Z:Z)+SUMIF(เส้นแต่งหน้าขนมปัง!$C:$C,'รับ-จ่าย ประจำวัน'!$B8,เส้นแต่งหน้าขนมปัง!Z:Z)+SUMIF('วางแผนBC,CJ'!$C:$C,'รับ-จ่าย ประจำวัน'!$B8,'วางแผนBC,CJ'!Z:Z)+SUMIF(RD!$C:$C,'รับ-จ่าย ประจำวัน'!$B8,RD!Z:Z)+SUMIF('FG,ออนไล,คัดแยก'!$C:$C,'รับ-จ่าย ประจำวัน'!$B8,'FG,ออนไล,คัดแยก'!Z:Z) -> 0 | BH8: =SUMIF(เตรียมส่วนผสม!$C:$C,'รับ-จ่าย ประจำวัน'!$B8,เตรียมส่วนผสม!AA:AA)+SUMIF(กวนไส้!$C:$C,'รับ-จ่าย ประจำวัน'!$B8,กวนไส้!AA:AA)+SUMIF(ผลิต1!$C:$C,'รับ-จ่าย ประจำวัน'!$B8,ผลิต1!AA:AA)+SUMIF(ผลิต2!$C:$C,'รับ-จ่าย ประจำวัน'!$B8,ผลิต2!AA:AA)+SUMIF(เส้นแต่งหน้าขนมเค้ก!$C:$C,'รับ-จ่าย ประจำวัน'!$B8,เส้นแต่งหน้าขนมเค้ก!AA:AA)+SUMIF(แพ็ค!$C:$C,'รับ-จ่าย ประจำวัน'!$B8,แพ็ค!AA:AA)+SUMIF(ธุรการ!$C:$C,'รับ-จ่าย ประจำวัน'!$B8,ธุรการ!AA:AA)+SUMIF(เส้นแต่งหน้าขนมปัง!$C:$C,'รับ-จ่าย ประจำวัน'!$B8,เส้นแต่งหน้าขนมปัง!AA:AA)+SUMIF('วางแผนBC,CJ'!$C:$C,'รับ-จ่าย ประจำวัน'!$B8,'วางแผนBC,CJ'!AA:AA)+SUMIF(RD!$C:$C,'รับ-จ่าย ประจำวัน'!$B8,RD!AA:AA)+SUMIF('FG,ออนไล,คัดแยก'!$C:$C,'รับ-จ่าย ประจำวัน'!$B8,'FG,ออนไล,คัดแยก'!AA:AA) -> 0 | BI8: =SUMIF(เตรียมส่วนผสม!$C:$C,'รับ-จ่าย ประจำวัน'!$B8,เตรียมส่วนผสม!AB:AB)+SUMIF(กวนไส้!$C:$C,'รับ-จ่าย ประจำวัน'!$B8,กวนไส้!AB:AB)+SUMIF(ผลิต1!$C:$C,'รับ-จ่าย ประจำวัน'!$B8,ผลิต1!AB:AB)+SUMIF(ผลิต2!$C:$C,'รับ-จ่าย ประจำวัน'!$B8,ผลิต2!AB:AB)+SUMIF(เส้นแต่งหน้าขนมเค้ก!$C:$C,'รับ-จ่าย ประจำวัน'!$B8,เส้นแต่งหน้าขนมเค้ก!AB:AB)+SUMIF(แพ็ค!$C:$C,'รับ-จ่าย ประจำวัน'!$B8,แพ็ค!AB:AB)+SUMIF(ธุรการ!$C:$C,'รับ-จ่าย ประจำวัน'!$B8,ธุรการ!AB:AB)+SUMIF(เส้นแต่งหน้าขนมปัง!$C:$C,'รับ-จ่าย ประจำวัน'!$B8,เส้นแต่งหน้าขนมปัง!AB:AB)+SUMIF('วางแผนBC,CJ'!$C:$C,'รับ-จ่าย ประจำวัน'!$B8,'วางแผนBC,CJ'!AB:AB)+SUMIF(RD!$C:$C,'รับ-จ่าย ประจำวัน'!$B8,RD!AB:AB)+SUMIF('FG,ออนไล,คัดแยก'!$C:$C,'รับ-จ่าย ประจำวัน'!$B8,'FG,ออนไล,คัดแยก'!AB:AB) -> 0 | BJ8: =SUMIF(เตรียมส่วนผสม!$C:$C,'รับ-จ่าย ประจำวัน'!$B8,เตรียมส่วนผสม!AC:AC)+SUMIF(กวนไส้!$C:$C,'รับ-จ่าย ประจำวัน'!$B8,กวนไส้!AC:AC)+SUMIF(ผลิต1!$C:$C,'รับ-จ่าย ประจำวัน'!$B8,ผลิต1!AC:AC)+SUMIF(ผลิต2!$C:$C,'รับ-จ่าย ประจำวัน'!$B8,ผลิต2!AC:AC)+SUMIF(เส้นแต่งหน้าขนมเค้ก!$C:$C,'รับ-จ่าย ประจำวัน'!$B8,เส้นแต่งหน้าขนมเค้ก!AC:AC)+SUMIF(แพ็ค!$C:$C,'รับ-จ่าย ประจำวัน'!$B8,แพ็ค!AC:AC)+SUMIF(ธุรการ!$C:$C,'รับ-จ่าย ประจำวัน'!$B8,ธุรการ!AC:AC)+SUMIF(เส้นแต่งหน้าขนมปัง!$C:$C,'รับ-จ่าย ประจำวัน'!$B8,เส้นแต่งหน้าขนมปัง!AC:AC)+SUMIF('วางแผนBC,CJ'!$C:$C,'รับ-จ่าย ประจำวัน'!$B8,'วางแผนBC,CJ'!AC:AC)+SUMIF(RD!$C:$C,'รับ-จ่าย ประจำวัน'!$B8,RD!AC:AC)+SUMIF('FG,ออนไล,คัดแยก'!$C:$C,'รับ-จ่าย ประจำวัน'!$B8,'FG,ออนไล,คัดแยก'!AC:AC) -> 0 | BK8: =SUMIF(เตรียมส่วนผสม!$C:$C,'รับ-จ่าย ประจำวัน'!$B8,เตรียมส่วนผสม!AD:AD)+SUMIF(กวนไส้!$C:$C,'รับ-จ่าย ประจำวัน'!$B8,กวนไส้!AD:AD)+SUMIF(ผลิต1!$C:$C,'รับ-จ่าย ประจำวัน'!$B8,ผลิต1!AD:AD)+SUMIF(ผลิต2!$C:$C,'รับ-จ่าย ประจำวัน'!$B8,ผลิต2!AD:AD)+SUMIF(เส้นแต่งหน้าขนมเค้ก!$C:$C,'รับ-จ่าย ประจำวัน'!$B8,เส้นแต่งหน้าขนมเค้ก!AD:AD)+SUMIF(แพ็ค!$C:$C,'รับ-จ่าย ประจำวัน'!$B8,แพ็ค!AD:AD)+SUMIF(ธุรการ!$C:$C,'รับ-จ่าย ประจำวัน'!$B8,ธุรการ!AD:AD)+SUMIF(เส้นแต่งหน้าขนมปัง!$C:$C,'รับ-จ่าย ประจำวัน'!$B8,เส้นแต่งหน้าขนมปัง!AD:AD)+SUMIF('วางแผนBC,CJ'!$C:$C,'รับ-จ่าย ประจำวัน'!$B8,'วางแผนBC,CJ'!AD:AD)+SUMIF(RD!$C:$C,'รับ-จ่าย ประจำวัน'!$B8,RD!AD:AD)+SUMIF('FG,ออนไล,คัดแยก'!$C:$C,'รับ-จ่าย ประจำวัน'!$B8,'FG,ออนไล,คัดแยก'!AD:AD) -> 0 | BL8: =SUMIF(เตรียมส่วนผสม!$C:$C,'รับ-จ่าย ประจำวัน'!$B8,เตรียมส่วนผสม!AE:AE)+SUMIF(กวนไส้!$C:$C,'รับ-จ่าย ประจำวัน'!$B8,กวนไส้!AE:AE)+SUMIF(ผลิต1!$C:$C,'รับ-จ่าย ประจำวัน'!$B8,ผลิต1!AE:AE)+SUMIF(ผลิต2!$C:$C,'รับ-จ่าย ประจำวัน'!$B8,ผลิต2!AE:AE)+SUMIF(เส้นแต่งหน้าขนมเค้ก!$C:$C,'รับ-จ่าย ประจำวัน'!$B8,เส้นแต่งหน้าขนมเค้ก!AE:AE)+SUMIF(แพ็ค!$C:$C,'รับ-จ่าย ประจำวัน'!$B8,แพ็ค!AE:AE)+SUMIF(ธุรการ!$C:$C,'รับ-จ่าย ประจำวัน'!$B8,ธุรการ!AE:AE)+SUMIF(เส้นแต่งหน้าขนมปัง!$C:$C,'รับ-จ่าย ประจำวัน'!$B8,เส้นแต่งหน้าขนมปัง!AE:AE)+SUMIF('วางแผนBC,CJ'!$C:$C,'รับ-จ่าย ประจำวัน'!$B8,'วางแผนBC,CJ'!AE:AE)+SUMIF(RD!$C:$C,'รับ-จ่าย ประจำวัน'!$B8,RD!AE:AE)+SUMIF('FG,ออนไล,คัดแยก'!$C:$C,'รับ-จ่าย ประจำวัน'!$B8,'FG,ออนไล,คัดแยก'!AE:AE) -> 0 | BM8: =SUMIF(เตรียมส่วนผสม!$C:$C,'รับ-จ่าย ประจำวัน'!$B8,เตรียมส่วนผสม!AF:AF)+SUMIF(กวนไส้!$C:$C,'รับ-จ่าย ประจำวัน'!$B8,กวนไส้!AF:AF)+SUMIF(ผลิต1!$C:$C,'รับ-จ่าย ประจำวัน'!$B8,ผลิต1!AF:AF)+SUMIF(ผลิต2!$C:$C,'รับ-จ่าย ประจำวัน'!$B8,ผลิต2!AF:AF)+SUMIF(เส้นแต่งหน้าขนมเค้ก!$C:$C,'รับ-จ่าย ประจำวัน'!$B8,เส้นแต่งหน้าขนมเค้ก!AF:AF)+SUMIF(แพ็ค!$C:$C,'รับ-จ่าย ประจำวัน'!$B8,แพ็ค!AF:AF)+SUMIF(ธุรการ!$C:$C,'รับ-จ่าย ประจำวัน'!$B8,ธุรการ!AF:AF)+SUMIF(เส้นแต่งหน้าขนมปัง!$C:$C,'รับ-จ่าย ประจำวัน'!$B8,เส้นแต่งหน้าขนมปัง!AF:AF)+SUMIF('วางแผนBC,CJ'!$C:$C,'รับ-จ่าย ประจำวัน'!$B8,'วางแผนBC,CJ'!AF:AF)+SUMIF(RD!$C:$C,'รับ-จ่าย ประจำวัน'!$B8,RD!AF:AF)+SUMIF('FG,ออนไล,คัดแยก'!$C:$C,'รับ-จ่าย ประจำวัน'!$B8,'FG,ออนไล,คัดแยก'!AF:AF) -> 0 | BN8: =SUMIF(เตรียมส่วนผสม!$C:$C,'รับ-จ่าย ประจำวัน'!$B8,เตรียมส่วนผสม!AG:AG)+SUMIF(กวนไส้!$C:$C,'รับ-จ่าย ประจำวัน'!$B8,กวนไส้!AG:AG)+SUMIF(ผลิต1!$C:$C,'รับ-จ่าย ประจำวัน'!$B8,ผลิต1!AG:AG)+SUMIF(ผลิต2!$C:$C,'รับ-จ่าย ประจำวัน'!$B8,ผลิต2!AG:AG)+SUMIF(เส้นแต่งหน้าขนมเค้ก!$C:$C,'รับ-จ่าย ประจำวัน'!$B8,เส้นแต่งหน้าขนมเค้ก!AG:AG)+SUMIF(แพ็ค!$C:$C,'รับ-จ่าย ประจำวัน'!$B8,แพ็ค!AG:AG)+SUMIF(ธุรการ!$C:$C,'รับ-จ่าย ประจำวัน'!$B8,ธุรการ!AG:AG)+SUMIF(เส้นแต่งหน้าขนมปัง!$C:$C,'รับ-จ่าย ประจำวัน'!$B8,เส้นแต่งหน้าขนมปัง!AG:AG)+SUMIF('วางแผนBC,CJ'!$C:$C,'รับ-จ่าย ประจำวัน'!$B8,'วางแผนBC,CJ'!AG:AG)+SUMIF(RD!$C:$C,'รับ-จ่าย ประจำวัน'!$B8,RD!AG:AG)+SUMIF('FG,ออนไล,คัดแยก'!$C:$C,'รับ-จ่าย ประจำวัน'!$B8,'FG,ออนไล,คัดแยก'!AG:AG) -> 0 | BO8: =SUMIF(เตรียมส่วนผสม!$C:$C,'รับ-จ่าย ประจำวัน'!$B8,เตรียมส่วนผสม!AH:AH)+SUMIF(กวนไส้!$C:$C,'รับ-จ่าย ประจำวัน'!$B8,กวนไส้!AH:AH)+SUMIF(ผลิต1!$C:$C,'รับ-จ่าย ประจำวัน'!$B8,ผลิต1!AH:AH)+SUMIF(ผลิต2!$C:$C,'รับ-จ่าย ประจำวัน'!$B8,ผลิต2!AH:AH)+SUMIF(เส้นแต่งหน้าขนมเค้ก!$C:$C,'รับ-จ่าย ประจำวัน'!$B8,เส้นแต่งหน้าขนมเค้ก!AH:AH)+SUMIF(แพ็ค!$C:$C,'รับ-จ่าย ประจำวัน'!$B8,แพ็ค!AH:AH)+SUMIF(ธุรการ!$C:$C,'รับ-จ่าย ประจำวัน'!$B8,ธุรการ!AH:AH)+SUMIF(เส้นแต่งหน้าขนมปัง!$C:$C,'รับ-จ่าย ประจำวัน'!$B8,เส้นแต่งหน้าขนมปัง!AH:AH)+SUMIF('วางแผนBC,CJ'!$C:$C,'รับ-จ่าย ประจำวัน'!$B8,'วางแผนBC,CJ'!AH:AH)+SUMIF(RD!$C:$C,'รับ-จ่าย ประจำวัน'!$B8,RD!AH:AH)+SUMIF('FG,ออนไล,คัดแยก'!$C:$C,'รับ-จ่าย ประจำวัน'!$B8,'FG,ออนไล,คัดแยก'!AH:AH) -> 0 | BP8: =SUMIF(เตรียมส่วนผสม!$C:$C,'รับ-จ่าย ประจำวัน'!$B8,เตรียมส่วนผสม!AI:AI)+SUMIF(กวนไส้!$C:$C,'รับ-จ่าย ประจำวัน'!$B8,กวนไส้!AI:AI)+SUMIF(ผลิต1!$C:$C,'รับ-จ่าย ประจำวัน'!$B8,ผลิต1!AI:AI)+SUMIF(ผลิต2!$C:$C,'รับ-จ่าย ประจำวัน'!$B8,ผลิต2!AI:AI)+SUMIF(เส้นแต่งหน้าขนมเค้ก!$C:$C,'รับ-จ่าย ประจำวัน'!$B8,เส้นแต่งหน้าขนมเค้ก!AI:AI)+SUMIF(แพ็ค!$C:$C,'รับ-จ่าย ประจำวัน'!$B8,แพ็ค!AI:AI)+SUMIF(ธุรการ!$C:$C,'รับ-จ่าย ประจำวัน'!$B8,ธุรการ!AI:AI)+SUMIF(เส้นแต่งหน้าขนมปัง!$C:$C,'รับ-จ่าย ประจำวัน'!$B8,เส้นแต่งหน้าขนมปัง!AI:AI)+SUMIF('วางแผนBC,CJ'!$C:$C,'รับ-จ่าย ประจำวัน'!$B8,'วางแผนBC,CJ'!AI:AI)+SUMIF(RD!$C:$C,'รับ-จ่าย ประจำวัน'!$B8,RD!AI:AI)+SUMIF('FG,ออนไล,คัดแยก'!$C:$C,'รับ-จ่าย ประจำวัน'!$B8,'FG,ออนไล,คัดแยก'!AI:AI) -> 0 | BQ8: =SUMIF(เตรียมส่วนผสม!$C:$C,'รับ-จ่าย ประจำวัน'!$B8,เตรียมส่วนผสม!AJ:AJ)+SUMIF(กวนไส้!$C:$C,'รับ-จ่าย ประจำวัน'!$B8,กวนไส้!AJ:AJ)+SUMIF(ผลิต1!$C:$C,'รับ-จ่าย ประจำวัน'!$B8,ผลิต1!AJ:AJ)+SUMIF(ผลิต2!$C:$C,'รับ-จ่าย ประจำวัน'!$B8,ผลิต2!AJ:AJ)+SUMIF(เส้นแต่งหน้าขนมเค้ก!$C:$C,'รับ-จ่าย ประจำวัน'!$B8,เส้นแต่งหน้าขนมเค้ก!AJ:AJ)+SUMIF(แพ็ค!$C:$C,'รับ-จ่าย ประจำวัน'!$B8,แพ็ค!AJ:AJ)+SUMIF(ธุรการ!$C:$C,'รับ-จ่าย ประจำวัน'!$B8,ธุรการ!AJ:AJ)+SUMIF(เส้นแต่งหน้าขนมปัง!$C:$C,'รับ-จ่าย ประจำวัน'!$B8,เส้นแต่งหน้าขนมปัง!AJ:AJ)+SUMIF('วางแผนBC,CJ'!$C:$C,'รับ-จ่าย ประจำวัน'!$B8,'วางแผนBC,CJ'!AJ:AJ)+SUMIF(RD!$C:$C,'รับ-จ่าย ประจำวัน'!$B8,RD!AJ:AJ)+SUMIF('FG,ออนไล,คัดแยก'!$C:$C,'รับ-จ่าย ประจำวัน'!$B8,'FG,ออนไล,คัดแยก'!AJ:AJ) -> 0 | BR8: =SUMIF(เตรียมส่วนผสม!$C:$C,'รับ-จ่าย ประจำวัน'!$B8,เตรียมส่วนผสม!AK:AK)+SUMIF(กวนไส้!$C:$C,'รับ-จ่าย ประจำวัน'!$B8,กวนไส้!AK:AK)+SUMIF(ผลิต1!$C:$C,'รับ-จ่าย ประจำวัน'!$B8,ผลิต1!AK:AK)+SUMIF(ผลิต2!$C:$C,'รับ-จ่าย ประจำวัน'!$B8,ผลิต2!AK:AK)+SUMIF(เส้นแต่งหน้าขนมเค้ก!$C:$C,'รับ-จ่าย ประจำวัน'!$B8,เส้นแต่งหน้าขนมเค้ก!AK:AK)+SUMIF(แพ็ค!$C:$C,'รับ-จ่าย ประจำวัน'!$B8,แพ็ค!AK:AK)+SUMIF(ธุรการ!$C:$C,'รับ-จ่าย ประจำวัน'!$B8,ธุรการ!AK:AK)+SUMIF(เส้นแต่งหน้าขนมปัง!$C:$C,'รับ-จ่าย ประจำวัน'!$B8,เส้นแต่งหน้าขนมปัง!AK:AK)+SUMIF('วางแผนBC,CJ'!$C:$C,'รับ-จ่าย ประจำวัน'!$B8,'วางแผนBC,CJ'!AK:AK)+SUMIF(RD!$C:$C,'รับ-จ่าย ประจำวัน'!$B8,RD!AK:AK)+SUMIF('FG,ออนไล,คัดแยก'!$C:$C,'รับ-จ่าย ประจำวัน'!$B8,'FG,ออนไล,คัดแยก'!AK:AK) -> 0 | BS8: =SUMIF(เตรียมส่วนผสม!$C:$C,'รับ-จ่าย ประจำวัน'!$B8,เตรียมส่วนผสม!AL:AL)+SUMIF(กวนไส้!$C:$C,'รับ-จ่าย ประจำวัน'!$B8,กวนไส้!AL:AL)+SUMIF(ผลิต1!$C:$C,'รับ-จ่าย ประจำวัน'!$B8,ผลิต1!AL:AL)+SUMIF(ผลิต2!$C:$C,'รับ-จ่าย ประจำวัน'!$B8,ผลิต2!AL:AL)+SUMIF(เส้นแต่งหน้าขนมเค้ก!$C:$C,'รับ-จ่าย ประจำวัน'!$B8,เส้นแต่งหน้าขนมเค้ก!AL:AL)+SUMIF(แพ็ค!$C:$C,'รับ-จ่าย ประจำวัน'!$B8,แพ็ค!AL:AL)+SUMIF(ธุรการ!$C:$C,'รับ-จ่าย ประจำวัน'!$B8,ธุรการ!AL:AL)+SUMIF(เส้นแต่งหน้าขนมปัง!$C:$C,'รับ-จ่าย ประจำวัน'!$B8,เส้นแต่งหน้าขนมปัง!AL:AL)+SUMIF('วางแผนBC,CJ'!$C:$C,'รับ-จ่าย ประจำวัน'!$B8,'วางแผนBC,CJ'!AL:AL)+SUMIF(RD!$C:$C,'รับ-จ่าย ประจำวัน'!$B8,RD!AL:AL)+SUMIF('FG,ออนไล,คัดแยก'!$C:$C,'รับ-จ่าย ประจำวัน'!$B8,'FG,ออนไล,คัดแยก'!AL:AL) -> 0 | BT8: =AO8+AP8+AQ8+AR8+AS8+AT8+AU8+AV8+AW8+AX8+AY8+AZ8+BA8+BB8+BC8+BD8+BE8+BF8+BG8+BH8+BI8+BJ8+BK8+BL8+BM8+BN8+BO8+BP8+BQ8+BR8+BS8 -> 100 | BV8: =H8+AN8-BT8 -> 400 | BW8: 25 | BX8: =BT8/30 -> 3.3333333 | BY8: =BV8/BX8 -> 120 | BZ8: =+TODAY()+BY8 -> 46323 | CK8: =+BV8-BU8 -> 400
B9: 1020701005 | C9: ฐานรองเค้ก 1 ปอนด์ | D9: ใบ | E9: 0 | H9: 360 | AN9: =I9+J9+K9+L9+M9+N9+O9+P9+Q9+R9+S9+T9+U9+V9+W9+X9+Y9+Z9+AA9+AB9+AC9+AD9+AE9+AF9+AG9+AH9+AI9+AJ9+AK9+AL9+AM9 -> 0 | AO9: =SUMIF(เตรียมส่วนผสม!$C:$C,'รับ-จ่าย ประจำวัน'!$B9,เตรียมส่วนผสม!H:H)+SUMIF(กวนไส้!$C:$C,'รับ-จ่าย ประจำวัน'!$B9,กวนไส้!H:H)+SUMIF(ผลิต1!$C:$C,'รับ-จ่าย ประจำวัน'!$B9,ผลิต1!H:H)+SUMIF(ผลิต2!$C:$C,'รับ-จ่าย ประจำวัน'!$B9,ผลิต2!H:H)+SUMIF(เส้นแต่งหน้าขนมเค้ก!$C:$C,'รับ-จ่าย ประจำวัน'!$B9,เส้นแต่งหน้าขนมเค้ก!H:H)+SUMIF(แพ็ค!$C:$C,'รับ-จ่าย ประจำวัน'!$B9,แพ็ค!H:H)+SUMIF(ธุรการ!$C:$C,'รับ-จ่าย ประจำวัน'!$B9,ธุรการ!H:H)+SUMIF(เส้นแต่งหน้าขนมปัง!$C:$C,'รับ-จ่าย ประจำวัน'!$B9,เส้นแต่งหน้าขนมปัง!H:H)+SUMIF('วางแผนBC,CJ'!$C:$C,'รับ-จ่าย ประจำวัน'!$B9,'วางแผนBC,CJ'!H:H)+SUMIF(RD!$C:$C,'รับ-จ่าย ประจำวัน'!$B9,RD!H:H)+SUMIF('FG,ออนไล,คัดแยก'!$C:$C,'รับ-จ่าย ประจำวัน'!$B9,'FG,ออนไล,คัดแยก'!H:H) -> 0 | AP9: =SUMIF(เตรียมส่วนผสม!$C:$C,'รับ-จ่าย ประจำวัน'!$B9,เตรียมส่วนผสม!I:I)+SUMIF(กวนไส้!$C:$C,'รับ-จ่าย ประจำวัน'!$B9,กวนไส้!I:I)+SUMIF(ผลิต1!$C:$C,'รับ-จ่าย ประจำวัน'!$B9,ผลิต1!I:I)+SUMIF(ผลิต2!$C:$C,'รับ-จ่าย ประจำวัน'!$B9,ผลิต2!I:I)+SUMIF(เส้นแต่งหน้าขนมเค้ก!$C:$C,'รับ-จ่าย ประจำวัน'!$B9,เส้นแต่งหน้าขนมเค้ก!I:I)+SUMIF(แพ็ค!$C:$C,'รับ-จ่าย ประจำวัน'!$B9,แพ็ค!I:I)+SUMIF(ธุรการ!$C:$C,'รับ-จ่าย ประจำวัน'!$B9,ธุรการ!I:I)+SUMIF(เส้นแต่งหน้าขนมปัง!$C:$C,'รับ-จ่าย ประจำวัน'!$B9,เส้นแต่งหน้าขนมปัง!I:I)+SUMIF('วางแผนBC,CJ'!$C:$C,'รับ-จ่าย ประจำวัน'!$B9,'วางแผนBC,CJ'!I:I)+SUMIF(RD!$C:$C,'รับ-จ่าย ประจำวัน'!$B9,RD!I:I)+SUMIF('FG,ออนไล,คัดแยก'!$C:$C,'รับ-จ่าย ประจำวัน'!$B9,'FG,ออนไล,คัดแยก'!I:I) -> 0 | AQ9: =SUMIF(เตรียมส่วนผสม!$C:$C,'รับ-จ่าย ประจำวัน'!$B9,เตรียมส่วนผสม!J:J)+SUMIF(กวนไส้!$C:$C,'รับ-จ่าย ประจำวัน'!$B9,กวนไส้!J:J)+SUMIF(ผลิต1!$C:$C,'รับ-จ่าย ประจำวัน'!$B9,ผลิต1!J:J)+SUMIF(ผลิต2!$C:$C,'รับ-จ่าย ประจำวัน'!$B9,ผลิต2!J:J)+SUMIF(เส้นแต่งหน้าขนมเค้ก!$C:$C,'รับ-จ่าย ประจำวัน'!$B9,เส้นแต่งหน้าขนมเค้ก!J:J)+SUMIF(แพ็ค!$C:$C,'รับ-จ่าย ประจำวัน'!$B9,แพ็ค!J:J)+SUMIF(ธุรการ!$C:$C,'รับ-จ่าย ประจำวัน'!$B9,ธุรการ!J:J)+SUMIF(เส้นแต่งหน้าขนมปัง!$C:$C,'รับ-จ่าย ประจำวัน'!$B9,เส้นแต่งหน้าขนมปัง!J:J)+SUMIF('วางแผนBC,CJ'!$C:$C,'รับ-จ่าย ประจำวัน'!$B9,'วางแผนBC,CJ'!J:J)+SUMIF(RD!$C:$C,'รับ-จ่าย ประจำวัน'!$B9,RD!J:J)+SUMIF('FG,ออนไล,คัดแยก'!$C:$C,'รับ-จ่าย ประจำวัน'!$B9,'FG,ออนไล,คัดแยก'!J:J) -> 0 | AR9: =SUMIF(เตรียมส่วนผสม!$C:$C,'รับ-จ่าย ประจำวัน'!$B9,เตรียมส่วนผสม!K:K)+SUMIF(กวนไส้!$C:$C,'รับ-จ่าย ประจำวัน'!$B9,กวนไส้!K:K)+SUMIF(ผลิต1!$C:$C,'รับ-จ่าย ประจำวัน'!$B9,ผลิต1!K:K)+SUMIF(ผลิต2!$C:$C,'รับ-จ่าย ประจำวัน'!$B9,ผลิต2!K:K)+SUMIF(เส้นแต่งหน้าขนมเค้ก!$C:$C,'รับ-จ่าย ประจำวัน'!$B9,เส้นแต่งหน้าขนมเค้ก!K:K)+SUMIF(แพ็ค!$C:$C,'รับ-จ่าย ประจำวัน'!$B9,แพ็ค!K:K)+SUMIF(ธุรการ!$C:$C,'รับ-จ่าย ประจำวัน'!$B9,ธุรการ!K:K)+SUMIF(เส้นแต่งหน้าขนมปัง!$C:$C,'รับ-จ่าย ประจำวัน'!$B9,เส้นแต่งหน้าขนมปัง!K:K)+SUMIF('วางแผนBC,CJ'!$C:$C,'รับ-จ่าย ประจำวัน'!$B9,'วางแผนBC,CJ'!K:K)+SUMIF(RD!$C:$C,'รับ-จ่าย ประจำวัน'!$B9,RD!K:K)+SUMIF('FG,ออนไล,คัดแยก'!$C:$C,'รับ-จ่าย ประจำวัน'!$B9,'FG,ออนไล,คัดแยก'!K:K) -> 0 | AS9: =SUMIF(เตรียมส่วนผสม!$C:$C,'รับ-จ่าย ประจำวัน'!$B9,เตรียมส่วนผสม!L:L)+SUMIF(กวนไส้!$C:$C,'รับ-จ่าย ประจำวัน'!$B9,กวนไส้!L:L)+SUMIF(ผลิต1!$C:$C,'รับ-จ่าย ประจำวัน'!$B9,ผลิต1!L:L)+SUMIF(ผลิต2!$C:$C,'รับ-จ่าย ประจำวัน'!$B9,ผลิต2!L:L)+SUMIF(เส้นแต่งหน้าขนมเค้ก!$C:$C,'รับ-จ่าย ประจำวัน'!$B9,เส้นแต่งหน้าขนมเค้ก!L:L)+SUMIF(แพ็ค!$C:$C,'รับ-จ่าย ประจำวัน'!$B9,แพ็ค!L:L)+SUMIF(ธุรการ!$C:$C,'รับ-จ่าย ประจำวัน'!$B9,ธุรการ!L:L)+SUMIF(เส้นแต่งหน้าขนมปัง!$C:$C,'รับ-จ่าย ประจำวัน'!$B9,เส้นแต่งหน้าขนมปัง!L:L)+SUMIF('วางแผนBC,CJ'!$C:$C,'รับ-จ่าย ประจำวัน'!$B9,'วางแผนBC,CJ'!L:L)+SUMIF(RD!$C:$C,'รับ-จ่าย ประจำวัน'!$B9,RD!L:L)+SUMIF('FG,ออนไล,คัดแยก'!$C:$C,'รับ-จ่าย ประจำวัน'!$B9,'FG,ออนไล,คัดแยก'!L:L) -> 0 | AT9: =SUMIF(เตรียมส่วนผสม!$C:$C,'รับ-จ่าย ประจำวัน'!$B9,เตรียมส่วนผสม!M:M)+SUMIF(กวนไส้!$C:$C,'รับ-จ่าย ประจำวัน'!$B9,กวนไส้!M:M)+SUMIF(ผลิต1!$C:$C,'รับ-จ่าย ประจำวัน'!$B9,ผลิต1!M:M)+SUMIF(ผลิต2!$C:$C,'รับ-จ่าย ประจำวัน'!$B9,ผลิต2!M:M)+SUMIF(เส้นแต่งหน้าขนมเค้ก!$C:$C,'รับ-จ่าย ประจำวัน'!$B9,เส้นแต่งหน้าขนมเค้ก!M:M)+SUMIF(แพ็ค!$C:$C,'รับ-จ่าย ประจำวัน'!$B9,แพ็ค!M:M)+SUMIF(ธุรการ!$C:$C,'รับ-จ่าย ประจำวัน'!$B9,ธุรการ!M:M)+SUMIF(เส้นแต่งหน้าขนมปัง!$C:$C,'รับ-จ่าย ประจำวัน'!$B9,เส้นแต่งหน้าขนมปัง!M:M)+SUMIF('วางแผนBC,CJ'!$C:$C,'รับ-จ่าย ประจำวัน'!$B9,'วางแผนBC,CJ'!M:M)+SUMIF(RD!$C:$C,'รับ-จ่าย ประจำวัน'!$B9,RD!M:M)+SUMIF('FG,ออนไล,คัดแยก'!$C:$C,'รับ-จ่าย ประจำวัน'!$B9,'FG,ออนไล,คัดแยก'!M:M) -> 0 | AU9: =SUMIF(เตรียมส่วนผสม!$C:$C,'รับ-จ่าย ประจำวัน'!$B9,เตรียมส่วนผสม!N:N)+SUMIF(กวนไส้!$C:$C,'รับ-จ่าย ประจำวัน'!$B9,กวนไส้!N:N)+SUMIF(ผลิต1!$C:$C,'รับ-จ่าย ประจำวัน'!$B9,ผลิต1!N:N)+SUMIF(ผลิต2!$C:$C,'รับ-จ่าย ประจำวัน'!$B9,ผลิต2!N:N)+SUMIF(เส้นแต่งหน้าขนมเค้ก!$C:$C,'รับ-จ่าย ประจำวัน'!$B9,เส้นแต่งหน้าขนมเค้ก!N:N)+SUMIF(แพ็ค!$C:$C,'รับ-จ่าย ประจำวัน'!$B9,แพ็ค!N:N)+SUMIF(ธุรการ!$C:$C,'รับ-จ่าย ประจำวัน'!$B9,ธุรการ!N:N)+SUMIF(เส้นแต่งหน้าขนมปัง!$C:$C,'รับ-จ่าย ประจำวัน'!$B9,เส้นแต่งหน้าขนมปัง!N:N)+SUMIF('วางแผนBC,CJ'!$C:$C,'รับ-จ่าย ประจำวัน'!$B9,'วางแผนBC,CJ'!N:N)+SUMIF(RD!$C:$C,'รับ-จ่าย ประจำวัน'!$B9,RD!N:N)+SUMIF('FG,ออนไล,คัดแยก'!$C:$C,'รับ-จ่าย ประจำวัน'!$B9,'FG,ออนไล,คัดแยก'!N:N) -> 0 | AV9: =SUMIF(เตรียมส่วนผสม!$C:$C,'รับ-จ่าย ประจำวัน'!$B9,เตรียมส่วนผสม!O:O)+SUMIF(กวนไส้!$C:$C,'รับ-จ่าย ประจำวัน'!$B9,กวนไส้!O:O)+SUMIF(ผลิต1!$C:$C,'รับ-จ่าย ประจำวัน'!$B9,ผลิต1!O:O)+SUMIF(ผลิต2!$C:$C,'รับ-จ่าย ประจำวัน'!$B9,ผลิต2!O:O)+SUMIF(เส้นแต่งหน้าขนมเค้ก!$C:$C,'รับ-จ่าย ประจำวัน'!$B9,เส้นแต่งหน้าขนมเค้ก!O:O)+SUMIF(แพ็ค!$C:$C,'รับ-จ่าย ประจำวัน'!$B9,แพ็ค!O:O)+SUMIF(ธุรการ!$C:$C,'รับ-จ่าย ประจำวัน'!$B9,ธุรการ!O:O)+SUMIF(เส้นแต่งหน้าขนมปัง!$C:$C,'รับ-จ่าย ประจำวัน'!$B9,เส้นแต่งหน้าขนมปัง!O:O)+SUMIF('วางแผนBC,CJ'!$C:$C,'รับ-จ่าย ประจำวัน'!$B9,'วางแผนBC,CJ'!O:O)+SUMIF(RD!$C:$C,'รับ-จ่าย ประจำวัน'!$B9,RD!O:O)+SUMIF('FG,ออนไล,คัดแยก'!$C:$C,'รับ-จ่าย ประจำวัน'!$B9,'FG,ออนไล,คัดแยก'!O:O) -> 0 | AW9: =SUMIF(เตรียมส่วนผสม!$C:$C,'รับ-จ่าย ประจำวัน'!$B9,เตรียมส่วนผสม!P:P)+SUMIF(กวนไส้!$C:$C,'รับ-จ่าย ประจำวัน'!$B9,กวนไส้!P:P)+SUMIF(ผลิต1!$C:$C,'รับ-จ่าย ประจำวัน'!$B9,ผลิต1!P:P)+SUMIF(ผลิต2!$C:$C,'รับ-จ่าย ประจำวัน'!$B9,ผลิต2!P:P)+SUMIF(เส้นแต่งหน้าขนมเค้ก!$C:$C,'รับ-จ่าย ประจำวัน'!$B9,เส้นแต่งหน้าขนมเค้ก!P:P)+SUMIF(แพ็ค!$C:$C,'รับ-จ่าย ประจำวัน'!$B9,แพ็ค!P:P)+SUMIF(ธุรการ!$C:$C,'รับ-จ่าย ประจำวัน'!$B9,ธุรการ!P:P)+SUMIF(เส้นแต่งหน้าขนมปัง!$C:$C,'รับ-จ่าย ประจำวัน'!$B9,เส้นแต่งหน้าขนมปัง!P:P)+SUMIF('วางแผนBC,CJ'!$C:$C,'รับ-จ่าย ประจำวัน'!$B9,'วางแผนBC,CJ'!P:P)+SUMIF(RD!$C:$C,'รับ-จ่าย ประจำวัน'!$B9,RD!P:P)+SUMIF('FG,ออนไล,คัดแยก'!$C:$C,'รับ-จ่าย ประจำวัน'!$B9,'FG,ออนไล,คัดแยก'!P:P) -> 0 | AX9: =SUMIF(เตรียมส่วนผสม!$C:$C,'รับ-จ่าย ประจำวัน'!$B9,เตรียมส่วนผสม!Q:Q)+SUMIF(กวนไส้!$C:$C,'รับ-จ่าย ประจำวัน'!$B9,กวนไส้!Q:Q)+SUMIF(ผลิต1!$C:$C,'รับ-จ่าย ประจำวัน'!$B9,ผลิต1!Q:Q)+SUMIF(ผลิต2!$C:$C,'รับ-จ่าย ประจำวัน'!$B9,ผลิต2!Q:Q)+SUMIF(เส้นแต่งหน้าขนมเค้ก!$C:$C,'รับ-จ่าย ประจำวัน'!$B9,เส้นแต่งหน้าขนมเค้ก!Q:Q)+SUMIF(แพ็ค!$C:$C,'รับ-จ่าย ประจำวัน'!$B9,แพ็ค!Q:Q)+SUMIF(ธุรการ!$C:$C,'รับ-จ่าย ประจำวัน'!$B9,ธุรการ!Q:Q)+SUMIF(เส้นแต่งหน้าขนมปัง!$C:$C,'รับ-จ่าย ประจำวัน'!$B9,เส้นแต่งหน้าขนมปัง!Q:Q)+SUMIF('วางแผนBC,CJ'!$C:$C,'รับ-จ่าย ประจำวัน'!$B9,'วางแผนBC,CJ'!Q:Q)+SUMIF(RD!$C:$C,'รับ-จ่าย ประจำวัน'!$B9,RD!Q:Q)+SUMIF('FG,ออนไล,คัดแยก'!$C:$C,'รับ-จ่าย ประจำวัน'!$B9,'FG,ออนไล,คัดแยก'!Q:Q) -> 0 | AY9: =SUMIF(เตรียมส่วนผสม!$C:$C,'รับ-จ่าย ประจำวัน'!$B9,เตรียมส่วนผสม!R:R)+SUMIF(กวนไส้!$C:$C,'รับ-จ่าย ประจำวัน'!$B9,กวนไส้!R:R)+SUMIF(ผลิต1!$C:$C,'รับ-จ่าย ประจำวัน'!$B9,ผลิต1!R:R)+SUMIF(ผลิต2!$C:$C,'รับ-จ่าย ประจำวัน'!$B9,ผลิต2!R:R)+SUMIF(เส้นแต่งหน้าขนมเค้ก!$C:$C,'รับ-จ่าย ประจำวัน'!$B9,เส้นแต่งหน้าขนมเค้ก!R:R)+SUMIF(แพ็ค!$C:$C,'รับ-จ่าย ประจำวัน'!$B9,แพ็ค!R:R)+SUMIF(ธุรการ!$C:$C,'รับ-จ่าย ประจำวัน'!$B9,ธุรการ!R:R)+SUMIF(เส้นแต่งหน้าขนมปัง!$C:$C,'รับ-จ่าย ประจำวัน'!$B9,เส้นแต่งหน้าขนมปัง!R:R)+SUMIF('วางแผนBC,CJ'!$C:$C,'รับ-จ่าย ประจำวัน'!$B9,'วางแผนBC,CJ'!R:R)+SUMIF(RD!$C:$C,'รับ-จ่าย ประจำวัน'!$B9,RD!R:R)+SUMIF('FG,ออนไล,คัดแยก'!$C:$C,'รับ-จ่าย ประจำวัน'!$B9,'FG,ออนไล,คัดแยก'!R:R) -> 0 | AZ9: =SUMIF(เตรียมส่วนผสม!$C:$C,'รับ-จ่าย ประจำวัน'!$B9,เตรียมส่วนผสม!S:S)+SUMIF(กวนไส้!$C:$C,'รับ-จ่าย ประจำวัน'!$B9,กวนไส้!S:S)+SUMIF(ผลิต1!$C:$C,'รับ-จ่าย ประจำวัน'!$B9,ผลิต1!S:S)+SUMIF(ผลิต2!$C:$C,'รับ-จ่าย ประจำวัน'!$B9,ผลิต2!S:S)+SUMIF(เส้นแต่งหน้าขนมเค้ก!$C:$C,'รับ-จ่าย ประจำวัน'!$B9,เส้นแต่งหน้าขนมเค้ก!S:S)+SUMIF(แพ็ค!$C:$C,'รับ-จ่าย ประจำวัน'!$B9,แพ็ค!S:S)+SUMIF(ธุรการ!$C:$C,'รับ-จ่าย ประจำวัน'!$B9,ธุรการ!S:S)+SUMIF(เส้นแต่งหน้าขนมปัง!$C:$C,'รับ-จ่าย ประจำวัน'!$B9,เส้นแต่งหน้าขนมปัง!S:S)+SUMIF('วางแผนBC,CJ'!$C:$C,'รับ-จ่าย ประจำวัน'!$B9,'วางแผนBC,CJ'!S:S)+SUMIF(RD!$C:$C,'รับ-จ่าย ประจำวัน'!$B9,RD!S:S)+SUMIF('FG,ออนไล,คัดแยก'!$C:$C,'รับ-จ่าย ประจำวัน'!$B9,'FG,ออนไล,คัดแยก'!S:S) -> 0 | BA9: =SUMIF(เตรียมส่วนผสม!$C:$C,'รับ-จ่าย ประจำวัน'!$B9,เตรียมส่วนผสม!T:T)+SUMIF(กวนไส้!$C:$C,'รับ-จ่าย ประจำวัน'!$B9,กวนไส้!T:T)+SUMIF(ผลิต1!$C:$C,'รับ-จ่าย ประจำวัน'!$B9,ผลิต1!T:T)+SUMIF(ผลิต2!$C:$C,'รับ-จ่าย ประจำวัน'!$B9,ผลิต2!T:T)+SUMIF(เส้นแต่งหน้าขนมเค้ก!$C:$C,'รับ-จ่าย ประจำวัน'!$B9,เส้นแต่งหน้าขนมเค้ก!T:T)+SUMIF(แพ็ค!$C:$C,'รับ-จ่าย ประจำวัน'!$B9,แพ็ค!T:T)+SUMIF(ธุรการ!$C:$C,'รับ-จ่าย ประจำวัน'!$B9,ธุรการ!T:T)+SUMIF(เส้นแต่งหน้าขนมปัง!$C:$C,'รับ-จ่าย ประจำวัน'!$B9,เส้นแต่งหน้าขนมปัง!T:T)+SUMIF('วางแผนBC,CJ'!$C:$C,'รับ-จ่าย ประจำวัน'!$B9,'วางแผนBC,CJ'!T:T)+SUMIF(RD!$C:$C,'รับ-จ่าย ประจำวัน'!$B9,RD!T:T)+SUMIF('FG,ออนไล,คัดแยก'!$C:$C,'รับ-จ่าย ประจำวัน'!$B9,'FG,ออนไล,คัดแยก'!T:T) -> 0 | BB9: =SUMIF(เตรียมส่วนผสม!$C:$C,'รับ-จ่าย ประจำวัน'!$B9,เตรียมส่วนผสม!U:U)+SUMIF(กวนไส้!$C:$C,'รับ-จ่าย ประจำวัน'!$B9,กวนไส้!U:U)+SUMIF(ผลิต1!$C:$C,'รับ-จ่าย ประจำวัน'!$B9,ผลิต1!U:U)+SUMIF(ผลิต2!$C:$C,'รับ-จ่าย ประจำวัน'!$B9,ผลิต2!U:U)+SUMIF(เส้นแต่งหน้าขนมเค้ก!$C:$C,'รับ-จ่าย ประจำวัน'!$B9,เส้นแต่งหน้าขนมเค้ก!U:U)+SUMIF(แพ็ค!$C:$C,'รับ-จ่าย ประจำวัน'!$B9,แพ็ค!U:U)+SUMIF(ธุรการ!$C:$C,'รับ-จ่าย ประจำวัน'!$B9,ธุรการ!U:U)+SUMIF(เส้นแต่งหน้าขนมปัง!$C:$C,'รับ-จ่าย ประจำวัน'!$B9,เส้นแต่งหน้าขนมปัง!U:U)+SUMIF('วางแผนBC,CJ'!$C:$C,'รับ-จ่าย ประจำวัน'!$B9,'วางแผนBC,CJ'!U:U)+SUMIF(RD!$C:$C,'รับ-จ่าย ประจำวัน'!$B9,RD!U:U)+SUMIF('FG,ออนไล,คัดแยก'!$C:$C,'รับ-จ่าย ประจำวัน'!$B9,'FG,ออนไล,คัดแยก'!U:U) -> 0 | BC9: =SUMIF(เตรียมส่วนผสม!$C:$C,'รับ-จ่าย ประจำวัน'!$B9,เตรียมส่วนผสม!V:V)+SUMIF(กวนไส้!$C:$C,'รับ-จ่าย ประจำวัน'!$B9,กวนไส้!V:V)+SUMIF(ผลิต1!$C:$C,'รับ-จ่าย ประจำวัน'!$B9,ผลิต1!V:V)+SUMIF(ผลิต2!$C:$C,'รับ-จ่าย ประจำวัน'!$B9,ผลิต2!V:V)+SUMIF(เส้นแต่งหน้าขนมเค้ก!$C:$C,'รับ-จ่าย ประจำวัน'!$B9,เส้นแต่งหน้าขนมเค้ก!V:V)+SUMIF(แพ็ค!$C:$C,'รับ-จ่าย ประจำวัน'!$B9,แพ็ค!V:V)+SUMIF(ธุรการ!$C:$C,'รับ-จ่าย ประจำวัน'!$B9,ธุรการ!V:V)+SUMIF(เส้นแต่งหน้าขนมปัง!$C:$C,'รับ-จ่าย ประจำวัน'!$B9,เส้นแต่งหน้าขนมปัง!V:V)+SUMIF('วางแผนBC,CJ'!$C:$C,'รับ-จ่าย ประจำวัน'!$B9,'วางแผนBC,CJ'!V:V)+SUMIF(RD!$C:$C,'รับ-จ่าย ประจำวัน'!$B9,RD!V:V)+SUMIF('FG,ออนไล,คัดแยก'!$C:$C,'รับ-จ่าย ประจำวัน'!$B9,'FG,ออนไล,คัดแยก'!V:V) -> 0 | BD9: =SUMIF(เตรียมส่วนผสม!$C:$C,'รับ-จ่าย ประจำวัน'!$B9,เตรียมส่วนผสม!W:W)+SUMIF(กวนไส้!$C:$C,'รับ-จ่าย ประจำวัน'!$B9,กวนไส้!W:W)+SUMIF(ผลิต1!$C:$C,'รับ-จ่าย ประจำวัน'!$B9,ผลิต1!W:W)+SUMIF(ผลิต2!$C:$C,'รับ-จ่าย ประจำวัน'!$B9,ผลิต2!W:W)+SUMIF(เส้นแต่งหน้าขนมเค้ก!$C:$C,'รับ-จ่าย ประจำวัน'!$B9,เส้นแต่งหน้าขนมเค้ก!W:W)+SUMIF(แพ็ค!$C:$C,'รับ-จ่าย ประจำวัน'!$B9,แพ็ค!W:W)+SUMIF(ธุรการ!$C:$C,'รับ-จ่าย ประจำวัน'!$B9,ธุรการ!W:W)+SUMIF(เส้นแต่งหน้าขนมปัง!$C:$C,'รับ-จ่าย ประจำวัน'!$B9,เส้นแต่งหน้าขนมปัง!W:W)+SUMIF('วางแผนBC,CJ'!$C:$C,'รับ-จ่าย ประจำวัน'!$B9,'วางแผนBC,CJ'!W:W)+SUMIF(RD!$C:$C,'รับ-จ่าย ประจำวัน'!$B9,RD!W:W)+SUMIF('FG,ออนไล,คัดแยก'!$C:$C,'รับ-จ่าย ประจำวัน'!$B9,'FG,ออนไล,คัดแยก'!W:W) -> 100 | BE9: =SUMIF(เตรียมส่วนผสม!$C:$C,'รับ-จ่าย ประจำวัน'!$B9,เตรียมส่วนผสม!X:X)+SUMIF(กวนไส้!$C:$C,'รับ-จ่าย ประจำวัน'!$B9,กวนไส้!X:X)+SUMIF(ผลิต1!$C:$C,'รับ-จ่าย ประจำวัน'!$B9,ผลิต1!X:X)+SUMIF(ผลิต2!$C:$C,'รับ-จ่าย ประจำวัน'!$B9,ผลิต2!X:X)+SUMIF(เส้นแต่งหน้าขนมเค้ก!$C:$C,'รับ-จ่าย ประจำวัน'!$B9,เส้นแต่งหน้าขนมเค้ก!X:X)+SUMIF(แพ็ค!$C:$C,'รับ-จ่าย ประจำวัน'!$B9,แพ็ค!X:X)+SUMIF(ธุรการ!$C:$C,'รับ-จ่าย ประจำวัน'!$B9,ธุรการ!X:X)+SUMIF(เส้นแต่งหน้าขนมปัง!$C:$C,'รับ-จ่าย ประจำวัน'!$B9,เส้นแต่งหน้าขนมปัง!X:X)+SUMIF('วางแผนBC,CJ'!$C:$C,'รับ-จ่าย ประจำวัน'!$B9,'วางแผนBC,CJ'!X:X)+SUMIF(RD!$C:$C,'รับ-จ่าย ประจำวัน'!$B9,RD!X:X)+SUMIF('FG,ออนไล,คัดแยก'!$C:$C,'รับ-จ่าย ประจำวัน'!$B9,'FG,ออนไล,คัดแยก'!X:X) -> 0 | BF9: =SUMIF(เตรียมส่วนผสม!$C:$C,'รับ-จ่าย ประจำวัน'!$B9,เตรียมส่วนผสม!Y:Y)+SUMIF(กวนไส้!$C:$C,'รับ-จ่าย ประจำวัน'!$B9,กวนไส้!Y:Y)+SUMIF(ผลิต1!$C:$C,'รับ-จ่าย ประจำวัน'!$B9,ผลิต1!Y:Y)+SUMIF(ผลิต2!$C:$C,'รับ-จ่าย ประจำวัน'!$B9,ผลิต2!Y:Y)+SUMIF(เส้นแต่งหน้าขนมเค้ก!$C:$C,'รับ-จ่าย ประจำวัน'!$B9,เส้นแต่งหน้าขนมเค้ก!Y:Y)+SUMIF(แพ็ค!$C:$C,'รับ-จ่าย ประจำวัน'!$B9,แพ็ค!Y:Y)+SUMIF(ธุรการ!$C:$C,'รับ-จ่าย ประจำวัน'!$B9,ธุรการ!Y:Y)+SUMIF(เส้นแต่งหน้าขนมปัง!$C:$C,'รับ-จ่าย ประจำวัน'!$B9,เส้นแต่งหน้าขนมปัง!Y:Y)+SUMIF('วางแผนBC,CJ'!$C:$C,'รับ-จ่าย ประจำวัน'!$B9,'วางแผนBC,CJ'!Y:Y)+SUMIF(RD!$C:$C,'รับ-จ่าย ประจำวัน'!$B9,RD!Y:Y)+SUMIF('FG,ออนไล,คัดแยก'!$C:$C,'รับ-จ่าย ประจำวัน'!$B9,'FG,ออนไล,คัดแยก'!Y:Y) -> 0 | BG9: =SUMIF(เตรียมส่วนผสม!$C:$C,'รับ-จ่าย ประจำวัน'!$B9,เตรียมส่วนผสม!Z:Z)+SUMIF(กวนไส้!$C:$C,'รับ-จ่าย ประจำวัน'!$B9,กวนไส้!Z:Z)+SUMIF(ผลิต1!$C:$C,'รับ-จ่าย ประจำวัน'!$B9,ผลิต1!Z:Z)+SUMIF(ผลิต2!$C:$C,'รับ-จ่าย ประจำวัน'!$B9,ผลิต2!Z:Z)+SUMIF(เส้นแต่งหน้าขนมเค้ก!$C:$C,'รับ-จ่าย ประจำวัน'!$B9,เส้นแต่งหน้าขนมเค้ก!Z:Z)+SUMIF(แพ็ค!$C:$C,'รับ-จ่าย ประจำวัน'!$B9,แพ็ค!Z:Z)+SUMIF(ธุรการ!$C:$C,'รับ-จ่าย ประจำวัน'!$B9,ธุรการ!Z:Z)+SUMIF(เส้นแต่งหน้าขนมปัง!$C:$C,'รับ-จ่าย ประจำวัน'!$B9,เส้นแต่งหน้าขนมปัง!Z:Z)+SUMIF('วางแผนBC,CJ'!$C:$C,'รับ-จ่าย ประจำวัน'!$B9,'วางแผนBC,CJ'!Z:Z)+SUMIF(RD!$C:$C,'รับ-จ่าย ประจำวัน'!$B9,RD!Z:Z)+SUMIF('FG,ออนไล,คัดแยก'!$C:$C,'รับ-จ่าย ประจำวัน'!$B9,'FG,ออนไล,คัดแยก'!Z:Z) -> 0 | BH9: =SUMIF(เตรียมส่วนผสม!$C:$C,'รับ-จ่าย ประจำวัน'!$B9,เตรียมส่วนผสม!AA:AA)+SUMIF(กวนไส้!$C:$C,'รับ-จ่าย ประจำวัน'!$B9,กวนไส้!AA:AA)+SUMIF(ผลิต1!$C:$C,'รับ-จ่าย ประจำวัน'!$B9,ผลิต1!AA:AA)+SUMIF(ผลิต2!$C:$C,'รับ-จ่าย ประจำวัน'!$B9,ผลิต2!AA:AA)+SUMIF(เส้นแต่งหน้าขนมเค้ก!$C:$C,'รับ-จ่าย ประจำวัน'!$B9,เส้นแต่งหน้าขนมเค้ก!AA:AA)+SUMIF(แพ็ค!$C:$C,'รับ-จ่าย ประจำวัน'!$B9,แพ็ค!AA:AA)+SUMIF(ธุรการ!$C:$C,'รับ-จ่าย ประจำวัน'!$B9,ธุรการ!AA:AA)+SUMIF(เส้นแต่งหน้าขนมปัง!$C:$C,'รับ-จ่าย ประจำวัน'!$B9,เส้นแต่งหน้าขนมปัง!AA:AA)+SUMIF('วางแผนBC,CJ'!$C:$C,'รับ-จ่าย ประจำวัน'!$B9,'วางแผนBC,CJ'!AA:AA)+SUMIF(RD!$C:$C,'รับ-จ่าย ประจำวัน'!$B9,RD!AA:AA)+SUMIF('FG,ออนไล,คัดแยก'!$C:$C,'รับ-จ่าย ประจำวัน'!$B9,'FG,ออนไล,คัดแยก'!AA:AA) -> 0 | BI9: =SUMIF(เตรียมส่วนผสม!$C:$C,'รับ-จ่าย ประจำวัน'!$B9,เตรียมส่วนผสม!AB:AB)+SUMIF(กวนไส้!$C:$C,'รับ-จ่าย ประจำวัน'!$B9,กวนไส้!AB:AB)+SUMIF(ผลิต1!$C:$C,'รับ-จ่าย ประจำวัน'!$B9,ผลิต1!AB:AB)+SUMIF(ผลิต2!$C:$C,'รับ-จ่าย ประจำวัน'!$B9,ผลิต2!AB:AB)+SUMIF(เส้นแต่งหน้าขนมเค้ก!$C:$C,'รับ-จ่าย ประจำวัน'!$B9,เส้นแต่งหน้าขนมเค้ก!AB:AB)+SUMIF(แพ็ค!$C:$C,'รับ-จ่าย ประจำวัน'!$B9,แพ็ค!AB:AB)+SUMIF(ธุรการ!$C:$C,'รับ-จ่าย ประจำวัน'!$B9,ธุรการ!AB:AB)+SUMIF(เส้นแต่งหน้าขนมปัง!$C:$C,'รับ-จ่าย ประจำวัน'!$B9,เส้นแต่งหน้าขนมปัง!AB:AB)+SUMIF('วางแผนBC,CJ'!$C:$C,'รับ-จ่าย ประจำวัน'!$B9,'วางแผนBC,CJ'!AB:AB)+SUMIF(RD!$C:$C,'รับ-จ่าย ประจำวัน'!$B9,RD!AB:AB)+SUMIF('FG,ออนไล,คัดแยก'!$C:$C,'รับ-จ่าย ประจำวัน'!$B9,'FG,ออนไล,คัดแยก'!AB:AB) -> 0 | BJ9: =SUMIF(เตรียมส่วนผสม!$C:$C,'รับ-จ่าย ประจำวัน'!$B9,เตรียมส่วนผสม!AC:AC)+SUMIF(กวนไส้!$C:$C,'รับ-จ่าย ประจำวัน'!$B9,กวนไส้!AC:AC)+SUMIF(ผลิต1!$C:$C,'รับ-จ่าย ประจำวัน'!$B9,ผลิต1!AC:AC)+SUMIF(ผลิต2!$C:$C,'รับ-จ่าย ประจำวัน'!$B9,ผลิต2!AC:AC)+SUMIF(เส้นแต่งหน้าขนมเค้ก!$C:$C,'รับ-จ่าย ประจำวัน'!$B9,เส้นแต่งหน้าขนมเค้ก!AC:AC)+SUMIF(แพ็ค!$C:$C,'รับ-จ่าย ประจำวัน'!$B9,แพ็ค!AC:AC)+SUMIF(ธุรการ!$C:$C,'รับ-จ่าย ประจำวัน'!$B9,ธุรการ!AC:AC)+SUMIF(เส้นแต่งหน้าขนมปัง!$C:$C,'รับ-จ่าย ประจำวัน'!$B9,เส้นแต่งหน้าขนมปัง!AC:AC)+SUMIF('วางแผนBC,CJ'!$C:$C,'รับ-จ่าย ประจำวัน'!$B9,'วางแผนBC,CJ'!AC:AC)+SUMIF(RD!$C:$C,'รับ-จ่าย ประจำวัน'!$B9,RD!AC:AC)+SUMIF('FG,ออนไล,คัดแยก'!$C:$C,'รับ-จ่าย ประจำวัน'!$B9,'FG,ออนไล,คัดแยก'!AC:AC) -> 0 | BK9: =SUMIF(เตรียมส่วนผสม!$C:$C,'รับ-จ่าย ประจำวัน'!$B9,เตรียมส่วนผสม!AD:AD)+SUMIF(กวนไส้!$C:$C,'รับ-จ่าย ประจำวัน'!$B9,กวนไส้!AD:AD)+SUMIF(ผลิต1!$C:$C,'รับ-จ่าย ประจำวัน'!$B9,ผลิต1!AD:AD)+SUMIF(ผลิต2!$C:$C,'รับ-จ่าย ประจำวัน'!$B9,ผลิต2!AD:AD)+SUMIF(เส้นแต่งหน้าขนมเค้ก!$C:$C,'รับ-จ่าย ประจำวัน'!$B9,เส้นแต่งหน้าขนมเค้ก!AD:AD)+SUMIF(แพ็ค!$C:$C,'รับ-จ่าย ประจำวัน'!$B9,แพ็ค!AD:AD)+SUMIF(ธุรการ!$C:$C,'รับ-จ่าย ประจำวัน'!$B9,ธุรการ!AD:AD)+SUMIF(เส้นแต่งหน้าขนมปัง!$C:$C,'รับ-จ่าย ประจำวัน'!$B9,เส้นแต่งหน้าขนมปัง!AD:AD)+SUMIF('วางแผนBC,CJ'!$C:$C,'รับ-จ่าย ประจำวัน'!$B9,'วางแผนBC,CJ'!AD:AD)+SUMIF(RD!$C:$C,'รับ-จ่าย ประจำวัน'!$B9,RD!AD:AD)+SUMIF('FG,ออนไล,คัดแยก'!$C:$C,'รับ-จ่าย ประจำวัน'!$B9,'FG,ออนไล,คัดแยก'!AD:AD) -> 0 | BL9: =SUMIF(เตรียมส่วนผสม!$C:$C,'รับ-จ่าย ประจำวัน'!$B9,เตรียมส่วนผสม!AE:AE)+SUMIF(กวนไส้!$C:$C,'รับ-จ่าย ประจำวัน'!$B9,กวนไส้!AE:AE)+SUMIF(ผลิต1!$C:$C,'รับ-จ่าย ประจำวัน'!$B9,ผลิต1!AE:AE)+SUMIF(ผลิต2!$C:$C,'รับ-จ่าย ประจำวัน'!$B9,ผลิต2!AE:AE)+SUMIF(เส้นแต่งหน้าขนมเค้ก!$C:$C,'รับ-จ่าย ประจำวัน'!$B9,เส้นแต่งหน้าขนมเค้ก!AE:AE)+SUMIF(แพ็ค!$C:$C,'รับ-จ่าย ประจำวัน'!$B9,แพ็ค!AE:AE)+SUMIF(ธุรการ!$C:$C,'รับ-จ่าย ประจำวัน'!$B9,ธุรการ!AE:AE)+SUMIF(เส้นแต่งหน้าขนมปัง!$C:$C,'รับ-จ่าย ประจำวัน'!$B9,เส้นแต่งหน้าขนมปัง!AE:AE)+SUMIF('วางแผนBC,CJ'!$C:$C,'รับ-จ่าย ประจำวัน'!$B9,'วางแผนBC,CJ'!AE:AE)+SUMIF(RD!$C:$C,'รับ-จ่าย ประจำวัน'!$B9,RD!AE:AE)+SUMIF('FG,ออนไล,คัดแยก'!$C:$C,'รับ-จ่าย ประจำวัน'!$B9,'FG,ออนไล,คัดแยก'!AE:AE) -> 0 | BM9: =SUMIF(เตรียมส่วนผสม!$C:$C,'รับ-จ่าย ประจำวัน'!$B9,เตรียมส่วนผสม!AF:AF)+SUMIF(กวนไส้!$C:$C,'รับ-จ่าย ประจำวัน'!$B9,กวนไส้!AF:AF)+SUMIF(ผลิต1!$C:$C,'รับ-จ่าย ประจำวัน'!$B9,ผลิต1!AF:AF)+SUMIF(ผลิต2!$C:$C,'รับ-จ่าย ประจำวัน'!$B9,ผลิต2!AF:AF)+SUMIF(เส้นแต่งหน้าขนมเค้ก!$C:$C,'รับ-จ่าย ประจำวัน'!$B9,เส้นแต่งหน้าขนมเค้ก!AF:AF)+SUMIF(แพ็ค!$C:$C,'รับ-จ่าย ประจำวัน'!$B9,แพ็ค!AF:AF)+SUMIF(ธุรการ!$C:$C,'รับ-จ่าย ประจำวัน'!$B9,ธุรการ!AF:AF)+SUMIF(เส้นแต่งหน้าขนมปัง!$C:$C,'รับ-จ่าย ประจำวัน'!$B9,เส้นแต่งหน้าขนมปัง!AF:AF)+SUMIF('วางแผนBC,CJ'!$C:$C,'รับ-จ่าย ประจำวัน'!$B9,'วางแผนBC,CJ'!AF:AF)+SUMIF(RD!$C:$C,'รับ-จ่าย ประจำวัน'!$B9,RD!AF:AF)+SUMIF('FG,ออนไล,คัดแยก'!$C:$C,'รับ-จ่าย ประจำวัน'!$B9,'FG,ออนไล,คัดแยก'!AF:AF) -> 0 | BN9: =SUMIF(เตรียมส่วนผสม!$C:$C,'รับ-จ่าย ประจำวัน'!$B9,เตรียมส่วนผสม!AG:AG)+SUMIF(กวนไส้!$C:$C,'รับ-จ่าย ประจำวัน'!$B9,กวนไส้!AG:AG)+SUMIF(ผลิต1!$C:$C,'รับ-จ่าย ประจำวัน'!$B9,ผลิต1!AG:AG)+SUMIF(ผลิต2!$C:$C,'รับ-จ่าย ประจำวัน'!$B9,ผลิต2!AG:AG)+SUMIF(เส้นแต่งหน้าขนมเค้ก!$C:$C,'รับ-จ่าย ประจำวัน'!$B9,เส้นแต่งหน้าขนมเค้ก!AG:AG)+SUMIF(แพ็ค!$C:$C,'รับ-จ่าย ประจำวัน'!$B9,แพ็ค!AG:AG)+SUMIF(ธุรการ!$C:$C,'รับ-จ่าย ประจำวัน'!$B9,ธุรการ!AG:AG)+SUMIF(เส้นแต่งหน้าขนมปัง!$C:$C,'รับ-จ่าย ประจำวัน'!$B9,เส้นแต่งหน้าขนมปัง!AG:AG)+SUMIF('วางแผนBC,CJ'!$C:$C,'รับ-จ่าย ประจำวัน'!$B9,'วางแผนBC,CJ'!AG:AG)+SUMIF(RD!$C:$C,'รับ-จ่าย ประจำวัน'!$B9,RD!AG:AG)+SUMIF('FG,ออนไล,คัดแยก'!$C:$C,'รับ-จ่าย ประจำวัน'!$B9,'FG,ออนไล,คัดแยก'!AG:AG) -> 0 | BO9: =SUMIF(เตรียมส่วนผสม!$C:$C,'รับ-จ่าย ประจำวัน'!$B9,เตรียมส่วนผสม!AH:AH)+SUMIF(กวนไส้!$C:$C,'รับ-จ่าย ประจำวัน'!$B9,กวนไส้!AH:AH)+SUMIF(ผลิต1!$C:$C,'รับ-จ่าย ประจำวัน'!$B9,ผลิต1!AH:AH)+SUMIF(ผลิต2!$C:$C,'รับ-จ่าย ประจำวัน'!$B9,ผลิต2!AH:AH)+SUMIF(เส้นแต่งหน้าขนมเค้ก!$C:$C,'รับ-จ่าย ประจำวัน'!$B9,เส้นแต่งหน้าขนมเค้ก!AH:AH)+SUMIF(แพ็ค!$C:$C,'รับ-จ่าย ประจำวัน'!$B9,แพ็ค!AH:AH)+SUMIF(ธุรการ!$C:$C,'รับ-จ่าย ประจำวัน'!$B9,ธุรการ!AH:AH)+SUMIF(เส้นแต่งหน้าขนมปัง!$C:$C,'รับ-จ่าย ประจำวัน'!$B9,เส้นแต่งหน้าขนมปัง!AH:AH)+SUMIF('วางแผนBC,CJ'!$C:$C,'รับ-จ่าย ประจำวัน'!$B9,'วางแผนBC,CJ'!AH:AH)+SUMIF(RD!$C:$C,'รับ-จ่าย ประจำวัน'!$B9,RD!AH:AH)+SUMIF('FG,ออนไล,คัดแยก'!$C:$C,'รับ-จ่าย ประจำวัน'!$B9,'FG,ออนไล,คัดแยก'!AH:AH) -> 0 | BP9: =SUMIF(เตรียมส่วนผสม!$C:$C,'รับ-จ่าย ประจำวัน'!$B9,เตรียมส่วนผสม!AI:AI)+SUMIF(กวนไส้!$C:$C,'รับ-จ่าย ประจำวัน'!$B9,กวนไส้!AI:AI)+SUMIF(ผลิต1!$C:$C,'รับ-จ่าย ประจำวัน'!$B9,ผลิต1!AI:AI)+SUMIF(ผลิต2!$C:$C,'รับ-จ่าย ประจำวัน'!$B9,ผลิต2!AI:AI)+SUMIF(เส้นแต่งหน้าขนมเค้ก!$C:$C,'รับ-จ่าย ประจำวัน'!$B9,เส้นแต่งหน้าขนมเค้ก!AI:AI)+SUMIF(แพ็ค!$C:$C,'รับ-จ่าย ประจำวัน'!$B9,แพ็ค!AI:AI)+SUMIF(ธุรการ!$C:$C,'รับ-จ่าย ประจำวัน'!$B9,ธุรการ!AI:AI)+SUMIF(เส้นแต่งหน้าขนมปัง!$C:$C,'รับ-จ่าย ประจำวัน'!$B9,เส้นแต่งหน้าขนมปัง!AI:AI)+SUMIF('วางแผนBC,CJ'!$C:$C,'รับ-จ่าย ประจำวัน'!$B9,'วางแผนBC,CJ'!AI:AI)+SUMIF(RD!$C:$C,'รับ-จ่าย ประจำวัน'!$B9,RD!AI:AI)+SUMIF('FG,ออนไล,คัดแยก'!$C:$C,'รับ-จ่าย ประจำวัน'!$B9,'FG,ออนไล,คัดแยก'!AI:AI) -> 0 | BQ9: =SUMIF(เตรียมส่วนผสม!$C:$C,'รับ-จ่าย ประจำวัน'!$B9,เตรียมส่วนผสม!AJ:AJ)+SUMIF(กวนไส้!$C:$C,'รับ-จ่าย ประจำวัน'!$B9,กวนไส้!AJ:AJ)+SUMIF(ผลิต1!$C:$C,'รับ-จ่าย ประจำวัน'!$B9,ผลิต1!AJ:AJ)+SUMIF(ผลิต2!$C:$C,'รับ-จ่าย ประจำวัน'!$B9,ผลิต2!AJ:AJ)+SUMIF(เส้นแต่งหน้าขนมเค้ก!$C:$C,'รับ-จ่าย ประจำวัน'!$B9,เส้นแต่งหน้าขนมเค้ก!AJ:AJ)+SUMIF(แพ็ค!$C:$C,'รับ-จ่าย ประจำวัน'!$B9,แพ็ค!AJ:AJ)+SUMIF(ธุรการ!$C:$C,'รับ-จ่าย ประจำวัน'!$B9,ธุรการ!AJ:AJ)+SUMIF(เส้นแต่งหน้าขนมปัง!$C:$C,'รับ-จ่าย ประจำวัน'!$B9,เส้นแต่งหน้าขนมปัง!AJ:AJ)+SUMIF('วางแผนBC,CJ'!$C:$C,'รับ-จ่าย ประจำวัน'!$B9,'วางแผนBC,CJ'!AJ:AJ)+SUMIF(RD!$C:$C,'รับ-จ่าย ประจำวัน'!$B9,RD!AJ:AJ)+SUMIF('FG,ออนไล,คัดแยก'!$C:$C,'รับ-จ่าย ประจำวัน'!$B9,'FG,ออนไล,คัดแยก'!AJ:AJ) -> 0 | BR9: =SUMIF(เตรียมส่วนผสม!$C:$C,'รับ-จ่าย ประจำวัน'!$B9,เตรียมส่วนผสม!AK:AK)+SUMIF(กวนไส้!$C:$C,'รับ-จ่าย ประจำวัน'!$B9,กวนไส้!AK:AK)+SUMIF(ผลิต1!$C:$C,'รับ-จ่าย ประจำวัน'!$B9,ผลิต1!AK:AK)+SUMIF(ผลิต2!$C:$C,'รับ-จ่าย ประจำวัน'!$B9,ผลิต2!AK:AK)+SUMIF(เส้นแต่งหน้าขนมเค้ก!$C:$C,'รับ-จ่าย ประจำวัน'!$B9,เส้นแต่งหน้าขนมเค้ก!AK:AK)+SUMIF(แพ็ค!$C:$C,'รับ-จ่าย ประจำวัน'!$B9,แพ็ค!AK:AK)+SUMIF(ธุรการ!$C:$C,'รับ-จ่าย ประจำวัน'!$B9,ธุรการ!AK:AK)+SUMIF(เส้นแต่งหน้าขนมปัง!$C:$C,'รับ-จ่าย ประจำวัน'!$B9,เส้นแต่งหน้าขนมปัง!AK:AK)+SUMIF('วางแผนBC,CJ'!$C:$C,'รับ-จ่าย ประจำวัน'!$B9,'วางแผนBC,CJ'!AK:AK)+SUMIF(RD!$C:$C,'รับ-จ่าย ประจำวัน'!$B9,RD!AK:AK)+SUMIF('FG,ออนไล,คัดแยก'!$C:$C,'รับ-จ่าย ประจำวัน'!$B9,'FG,ออนไล,คัดแยก'!AK:AK) -> 0 | BS9: =SUMIF(เตรียมส่วนผสม!$C:$C,'รับ-จ่าย ประจำวัน'!$B9,เตรียมส่วนผสม!AL:AL)+SUMIF(กวนไส้!$C:$C,'รับ-จ่าย ประจำวัน'!$B9,กวนไส้!AL:AL)+SUMIF(ผลิต1!$C:$C,'รับ-จ่าย ประจำวัน'!$B9,ผลิต1!AL:AL)+SUMIF(ผลิต2!$C:$C,'รับ-จ่าย ประจำวัน'!$B9,ผลิต2!AL:AL)+SUMIF(เส้นแต่งหน้าขนมเค้ก!$C:$C,'รับ-จ่าย ประจำวัน'!$B9,เส้นแต่งหน้าขนมเค้ก!AL:AL)+SUMIF(แพ็ค!$C:$C,'รับ-จ่าย ประจำวัน'!$B9,แพ็ค!AL:AL)+SUMIF(ธุรการ!$C:$C,'รับ-จ่าย ประจำวัน'!$B9,ธุรการ!AL:AL)+SUMIF(เส้นแต่งหน้าขนมปัง!$C:$C,'รับ-จ่าย ประจำวัน'!$B9,เส้นแต่งหน้าขนมปัง!AL:AL)+SUMIF('วางแผนBC,CJ'!$C:$C,'รับ-จ่าย ประจำวัน'!$B9,'วางแผนBC,CJ'!AL:AL)+SUMIF(RD!$C:$C,'รับ-จ่าย ประจำวัน'!$B9,RD!AL:AL)+SUMIF('FG,ออนไล,คัดแยก'!$C:$C,'รับ-จ่าย ประจำวัน'!$B9,'FG,ออนไล,คัดแยก'!AL:AL) -> 0 | BT9: =AO9+AP9+AQ9+AR9+AS9+AT9+AU9+AV9+AW9+AX9+AY9+AZ9+BA9+BB9+BC9+BD9+BE9+BF9+BG9+BH9+BI9+BJ9+BK9+BL9+BM9+BN9+BO9+BP9+BQ9+BR9+BS9 -> 100 | BV9: =H9+AN9-BT9 -> 260 | BW9: 25 | BX9: =BT9/30 -> 3.3333333 | BY9: =BV9/BX9 -> 78 | BZ9: =+TODAY()+BY9 -> 46281 | CK9: =+BV9-BU9 -> 260
