Workbook

Sheet ค่าใช้จ่าย
A1: สรุปค่าใช้จ่าย บูธ หน้ามอ วันที่ 1-31 ก.ค. 67
A2: วันที่ | B2: รายการค่าใช้จ่าย | C2: ยอดค่าใช้จ่าย | D2: หมายเหตุ
A3: 243803 | B3: บิลวุ้น | C3: 80 | D3: ของที่วางบิลวันที่ 27/06/2567 จ่ายเงินแล้ว บิลอยู่ที่ต้นปาล์ม
A4: 243805 | B4: บิลน้ำชง | C4: 600 | D4: จ่ายเงินแล้ว บิลอยู่ที่ต้นปาล์ม
A5: 243805 | B5: ค่าน้ำแข็ง | C5: 50 | D5: จ่ายเงินแล้ว บิลอยู่ที่ต้นปาล์ม
A6: 243806 | B6: ค่าน้ำแข็ง | C6: 50 | D6: จ่ายเงินแล้ว บิลอยู่ที่ต้นปาล์ม
A7: 243807 | B7: บิลน้ำชง | C7: 300 | D7: จ่ายเงินแล้ว บิลอยู่ที่ต้นปาล์ม
A8: 243807 | B8: ค่าน้ำแข็ง | C8: 50 | D8: จ่ายเงินแล้ว บิลอยู่ที่ต้นปาล์ม
A9: 243809 | B9: บิลน้ำชง | C9: =30*15 -> 450 | D9: จ่ายเงินแล้ว บิลอยู่ที่ต้นปาล์ม
A10: 243809 | B10: ค่าน้ำแข็ง | C10: 50 | D10: จ่ายเงินแล้ว บิลอยู่ที่ต้นปาล์ม
A11: 243811 | B11: บิลวุ้น | C11: 90 | D11: ของที่วางบิลวันที่ 04/07/2567 จ่ายเงินแล้ว บิลอยู่ที่ต้นปาล์ม
A12: 243811 | B12: ค่าน้ำแข็ง | C12: 50 | D12: จ่ายเงินแล้ว บิลอยู่ที่ต้นปาล์ม
A13: 243813 | B13: ค่าน้ำแข็ง | C13: 50 | D13: จ่ายเงินแล้ว บิลอยู่ที่ต้นปาล์ม
A14: 243815 | B14: ค่าน้ำแข็ง | C14: 50 | D14: จ่ายเงินแล้ว บิลอยู่ที่ต้นปาล์ม
A15: 243817 | B15: ค่าน้ำแข็ง | C15: 50 | D15: จ่ายเงินแล้ว รอบิล
A16: 243817 | B16: บิลวุ้น | C16: 120 | D16: ของที่วางบิลวันที่ 12/07/2567 จ่ายเงินแล้ว บิลอยู่ที่ต้นปาล์ม
A17: 243819 | B17: ค่าน้ำแข็ง | C17: 50 | D17: จ่ายเงินแล้ว รอบิล
A18: 243821 | B18: ค่าน้ำแข็ง | C18: 50 | D18: จ่ายเงินแล้ว รอบิล
A19: 243823 | B19: ค่าน้ำแข็ง | C19: 50 | D19: จ่ายเงินแล้ว รอบิล
A20: 243823 | B20: ค่าขยะ | C20: 30 | D20: ได้บิลแล้ว จ่ายเงินแล้ว บิลอยู่ที่ต้นปาล์ม
A21: 243823 | B21: ค่าน้ำ | C21: 150 | D21: ได้บิลแล้ว จ่ายเงินแล้ว บิลอยู่ที่ต้นปาล์ม
... A25: 243829 | B25: ค่าน้ำแข็ง | C25: 50 | D25: จ่ายเงินแล้ว รอบิล
B31: ยอดรวมค่าใช้จ่าย | C31: =SUM(C3:C30) -> 2515 | D31: บาท

Sheet รายการส่วนลด
A1: สรุปส่วนลดสินค้า บูธ ........................ วันที่ .........................
A2: วันที่ | B2: รายการสินค้า | C2: จำนวน | D2: ยอดส่วนลด | E2: หมายเหตุ
B25: ยอดรวมส่วนลด | C25: =SUM(C14:C24) -> 0 | D25: =SUM(D14:D24) -> 0 | E25: บาท

Sheet รายการคืนสินค้า
A1: สรุปรายการคืนสินค้า บูธ ........................ วันที่ .........................
A2: วันที่ | B2: รายการสินค้า | C2: จำนวนคืนสินค้า | D2: ยอดเงิน | E2: หมายเหตุ
B25: ยอดรวมคืนสินค้า | C25: =SUM(C14:C24) -> 0 | D25: =SUM(D14:D24) -> 0 | E25: บาท

Sheet สรุป
A2: สรุป บูธ หน้ามอ วันที่ 1-31 ก.ค. 67 | L2: หน้ามอ | N2: 262 | O2: 260 | P2: 258 | Q2: 261 | R2: 259 | T2: 264
A3: ลำดับ | B3: รายการ | C3: ยกมา | D3: รับ | E3: รวม | F3: เปลี่ยน/ | G3: คงเหลือ | H3: รายการขาย | K3: หมายเหตุ | L3: วันที่ | M3: ยอดเงิน | N3: ส่วนลด | O3: สแกนใช้สิทธิ์ | P3: ค่าโอนเงิน | Q3: ค่าใช้จ่ายอื่นๆ | R3: โอนหน้าร้าน | S3: รับสุทธิ | T3: ยอดโอนเงิน | U3: โอนเกิน/โอนขาด
F4: คืน/เสีย | H4: จำนวน | I4: @ | J4: เป็นเงิน
A5: 1 | B5: ชิฟฟ่อน (ล) 4 ชิ้น (กล่อมชมพู) | C5: =+ยกมา!C13 -> 0 | D5: =+'1'!D5+'2'!D5+'3'!D5+'4'!D5+'5'!D5+'6'!D5+'7'!D5+'8'!D5+'9'!D5+'10'!D5+'11'!D5+'12'!D5+'13'!D5+'14'!D5+'15'!D5+'16'!D5+'17'!D5+'18'!D5+'19'!D5+'20'!D5+'21'!D5+'22'!D5+'23'!D5+'24'!D5+'25'!D5+'26'!D5+'27'!D5+'28'!D5+'29'!D5+'30'!D5+'31.'!D5 -> 150 | E5: =+C5+D5 -> 150 | F5: =+'1'!F5+'2'!F5+'3'!F5+'4'!F5+'5'!F5+'6'!F5+'7'!F5+'8'!F5+'9'!F5+'10'!F5+'11'!F5+'12'!F5+'13'!F5+'14'!F5+'15'!F5+'16'!F5+'17'!F5+'18'!F5+'19'!F5+'20'!F5+'21'!F5+'22'!F5+'23'!F5+'24'!F5+'25'!F5+'26'!F5+'27'!F5+'28'!F5+'29'!F5+'30'!F5+'31.'!F5 -> 0 | G5: =C5+D5-F5-H5 -> 65 | H5: =+'1'!H5+'2'!H5+'3'!H5+'4'!H5+'5'!H5+'6'!H5+'7'!H5+'8'!H5+'9'!H5+'10'!H5+'11'!H5+'12'!H5+'13'!H5+'14'!H5+'15'!H5+'16'!H5+'17'!H5+'18'!H5+'19'!H5+'20'!H5+'21'!H5+'22'!H5+'23'!H5+'24'!H5+'25'!H5+'26'!H5+'27'!H5+'28'!H5+'29'!H5+'30'!H5+'31.'!H5 -> 85 | I5: 50 | J5: =+'1'!J5+'2'!J5+'3'!J5+'4'!J5+'5'!J5+'6'!J5+'7'!J5+'8'!J5+'9'!J5+'10'!J5+'11'!J5+'12'!J5+'13'!J5+'14'!J5+'15'!J5+'16'!J5+'17'!J5+'18'!J5+'19'!J5+'20'!J5+'21'!J5+'22'!J5+'23'!J5+'24'!J5+'25'!J5+'26'!J5+'27'!J5+'28'!J5+'29'!J5+'30'!J5+'31.'!J5 -> 4250 | L5: 1 | M5: =+'1'!K257 -> 2425 | N5: =+'1'!K262 -> 0 | O5: =+'1'!K260 -> 0 | P5: =+'1'!K258 -> 0 | Q5: =+'1'!K261 -> 0 | R5: =+'1'!K259 -> 1490 | S5: =+M5-N5-O5-P5-Q5-R5 -> 935 | T5: =+'1'!K264 -> 955 | U5: =+T5-S5 -> 20 | V5: ลูกค้าโอนเกิน 20
A6: 2 | B6: ชิฟฟ่อน (ญ) 8 ชิ้น (กล่องชมพู) | C6: =+ยกมา!C22 -> 3 | D6: =+'1'!D6+'2'!D6+'3'!D6+'4'!D6+'5'!D6+'6'!D6+'7'!D6+'8'!D6+'9'!D6+'10'!D6+'11'!D6+'12'!D6+'13'!D6+'14'!D6+'15'!D6+'16'!D6+'17'!D6+'18'!D6+'19'!D6+'20'!D6+'21'!D6+'22'!D6+'23'!D6+'24'!D6+'25'!D6+'26'!D6+'27'!D6+'28'!D6+'29'!D6+'30'!D6+'31.'!D6 -> 245 | E6: =+C6+D6 -> 248 | F6: =+'1'!F6+'2'!F6+'3'!F6+'4'!F6+'5'!F6+'6'!F6+'7'!F6+'8'!F6+'9'!F6+'10'!F6+'11'!F6+'12'!F6+'13'!F6+'14'!F6+'15'!F6+'16'!F6+'17'!F6+'18'!F6+'19'!F6+'20'!F6+'21'!F6+'22'!F6+'23'!F6+'24'!F6+'25'!F6+'26'!F6+'27'!F6+'28'!F6+'29'!F6+'30'!F6+'31.'!F6 -> 15 | G6: =C6+D6-F6-H6 -> 66 | H6: =+'1'!H6+'2'!H6+'3'!H6+'4'!H6+'5'!H6+'6'!H6+'7'!H6+'8'!H6+'9'!H6+'10'!H6+'11'!H6+'12'!H6+'13'!H6+'14'!H6+'15'!H6+'16'!H6+'17'!H6+'18'!H6+'19'!H6+'20'!H6+'21'!H6+'22'!H6+'23'!H6+'24'!H6+'25'!H6+'26'!H6+'27'!H6+'28'!H6+'29'!H6+'30'!H6+'31.'!H6 -> 167 | I6: 100 | J6: =+'1'!J6+'2'!J6+'3'!J6+'4'!J6+'5'!J6+'6'!J6+'7'!J6+'8'!J6+'9'!J6+'10'!J6+'11'!J6+'12'!J6+'13'!J6+'14'!J6+'15'!J6+'16'!J6+'17'!J6+'18'!J6+'19'!J6+'20'!J6+'21'!J6+'22'!J6+'23'!J6+'24'!J6+'25'!J6+'26'!J6+'27'!J6+'28'!J6+'29'!J6+'30'!J6+'31.'!J6 -> 16700 | L6: 2 | M6: =+'2'!K257 -> 1445 | N6: =+'2'!K262 -> 105 | O6: =+'2'!K260 -> 0 | P6: =+'2'!K258 -> 0 | Q6: =+'2'!K261 -> 0 | R6: =+'2'!K259 -> 490 | S6: =+M6-N6-O6-P6-Q6-R6 -> 850 | T6: =+'2'!K264 -> 850 | U6: =+T6-S6 -> 0 | V6: คิดราคาครีมฮอร์นชาไทยผิดไป กล่องละ 20 บาท จำนวน 5 กล่อง เงินขาด 100
A7: 3 | B7: ชิฟฟ่อน (ล) กาแฟ | C7: =+ยกมา!C14 -> 0 | D7: =+'1'!D7+'2'!D7+'3'!D7+'4'!D7+'5'!D7+'6'!D7+'7'!D7+'8'!D7+'9'!D7+'10'!D7+'11'!D7+'12'!D7+'13'!D7+'14'!D7+'15'!D7+'16'!D7+'17'!D7+'18'!D7+'19'!D7+'20'!D7+'21'!D7+'22'!D7+'23'!D7+'24'!D7+'25'!D7+'26'!D7+'27'!D7+'28'!D7+'29'!D7+'30'!D7+'31.'!D7 -> 0 | E7: =+C7+D7 -> 0 | F7: =+'1'!F7+'2'!F7+'3'!F7+'4'!F7+'5'!F7+'6'!F7+'7'!F7+'8'!F7+'9'!F7+'10'!F7+'11'!F7+'12'!F7+'13'!F7+'14'!F7+'15'!F7+'16'!F7+'17'!F7+'18'!F7+'19'!F7+'20'!F7+'21'!F7+'22'!F7+'23'!F7+'24'!F7+'25'!F7+'26'!F7+'27'!F7+'28'!F7+'29'!F7+'30'!F7+'31.'!F7 -> 0 | G7: =C7+D7-F7-H7 -> 0 | H7: =+'1'!H7+'2'!H7+'3'!H7+'4'!H7+'5'!H7+'6'!H7+'7'!H7+'8'!H7+'9'!H7+'10'!H7+'11'!H7+'12'!H7+'13'!H7+'14'!H7+'15'!H7+'16'!H7+'17'!H7+'18'!H7+'19'!H7+'20'!H7+'21'!H7+'22'!H7+'23'!H7+'24'!H7+'25'!H7+'26'!H7+'27'!H7+'28'!H7+'29'!H7+'30'!H7+'31.'!H7 -> 0 | I7: 50 | J7: =+'1'!J7+'2'!J7+'3'!J7+'4'!J7+'5'!J7+'6'!J7+'7'!J7+'8'!J7+'9'!J7+'10'!J7+'11'!J7+'12'!J7+'13'!J7+'14'!J7+'15'!J7+'16'!J7+'17'!J7+'18'!J7+'19'!J7+'20'!J7+'21'!J7+'22'!J7+'23'!J7+'24'!J7+'25'!J7+'26'!J7+'27'!J7+'28'!J7+'29'!J7+'30'!J7+'31.'!J7 -> 0 | L7: 3 | M7: =+'3'!K257 -> 1825 | N7: =+'3'!K262 -> 487 | O7: =+'3'!K260 -> 0 | P7: =+'3'!K258 -> 0 | Q7: =+'3'!K261 -> 0 | R7: =+'3'!K259 -> 435 | S7: =+M7-N7-O7-P7-Q7-R7 -> 903 | T7: =+'3'!K264 -> 903 | U7: =+T7-S7 -> 0
A8: 4 | B8: ชิฟฟ่อน (ญ) กาแฟ | C8: =+ยกมา!C15 -> 0 | D8: =+'1'!D8+'2'!D8+'3'!D8+'4'!D8+'5'!D8+'6'!D8+'7'!D8+'8'!D8+'9'!D8+'10'!D8+'11'!D8+'12'!D8+'13'!D8+'14'!D8+'15'!D8+'16'!D8+'17'!D8+'18'!D8+'19'!D8+'20'!D8+'21'!D8+'22'!D8+'23'!D8+'24'!D8+'25'!D8+'26'!D8+'27'!D8+'28'!D8+'29'!D8+'30'!D8+'31.'!D8 -> 3 | E8: =+C8+D8 -> 3 | F8: =+'1'!F8+'2'!F8+'3'!F8+'4'!F8+'5'!F8+'6'!F8+'7'!F8+'8'!F8+'9'!F8+'10'!F8+'11'!F8+'12'!F8+'13'!F8+'14'!F8+'15'!F8+'16'!F8+'17'!F8+'18'!F8+'19'!F8+'20'!F8+'21'!F8+'22'!F8+'23'!F8+'24'!F8+'25'!F8+'26'!F8+'27'!F8+'28'!F8+'29'!F8+'30'!F8+'31.'!F8 -> 0 | G8: =C8+D8-F8-H8 -> 2 | H8: =+'1'!H8+'2'!H8+'3'!H8+'4'!H8+'5'!H8+'6'!H8+'7'!H8+'8'!H8+'9'!H8+'10'!H8+'11'!H8+'12'!H8+'13'!H8+'14'!H8+'15'!H8+'16'!H8+'17'!H8+'18'!H8+'19'!H8+'20'!H8+'21'!H8+'22'!H8+'23'!H8+'24'!H8+'25'!H8+'26'!H8+'27'!H8+'28'!H8+'29'!H8+'30'!H8+'31.'!H8 -> 1 | I8: 100 | J8: =+'1'!J8+'2'!J8+'3'!J8+'4'!J8+'5'!J8+'6'!J8+'7'!J8+'8'!J8+'9'!J8+'10'!J8+'11'!J8+'12'!J8+'13'!J8+'14'!J8+'15'!J8+'16'!J8+'17'!J8+'18'!J8+'19'!J8+'20'!J8+'21'!J8+'22'!J8+'23'!J8+'24'!J8+'25'!J8+'26'!J8+'27'!J8+'28'!J8+'29'!J8+'30'!J8+'31.'!J8 -> 100 | L8: 4 | M8: =+'4'!K257 -> 5490 | N8: =+'4'!K262 -> 674 | O8: =+'4'!K260 -> 0 | P8: =+'4'!K258 -> 0 | Q8: =+'4'!K261 -> 80 | R8: =+'4'!K259 -> 2911 | S8: =+M8-N8-O8-P8-Q8-R8 -> 1825 | T8: =+'4'!K264 -> 1895 | U8: =+T8-S8 -> 70
A9: 5 | B9: ชิฟฟ่อนเค้ก 1 ชิ้น | C9: =+ยกมา!C16 -> 0 | D9: =+'1'!D9+'2'!D9+'3'!D9+'4'!D9+'5'!D9+'6'!D9+'7'!D9+'8'!D9+'9'!D9+'10'!D9+'11'!D9+'12'!D9+'13'!D9+'14'!D9+'15'!D9+'16'!D9+'17'!D9+'18'!D9+'19'!D9+'20'!D9+'21'!D9+'22'!D9+'23'!D9+'24'!D9+'25'!D9+'26'!D9+'27'!D9+'28'!D9+'29'!D9+'30'!D9+'31.'!D9 -> 0 | E9: =+C9+D9 -> 0 | F9: =+'1'!F9+'2'!F9+'3'!F9+'4'!F9+'5'!F9+'6'!F9+'7'!F9+'8'!F9+'9'!F9+'10'!F9+'11'!F9+'12'!F9+'13'!F9+'14'!F9+'15'!F9+'16'!F9+'17'!F9+'18'!F9+'19'!F9+'20'!F9+'21'!F9+'22'!F9+'23'!F9+'24'!F9+'25'!F9+'26'!F9+'27'!F9+'28'!F9+'29'!F9+'30'!F9+'31.'!F9 -> 0 | G9: =C9+D9-F9-H9 -> 0 | H9: =+'1'!H9+'2'!H9+'3'!H9+'4'!H9+'5'!H9+'6'!H9+'7'!H9+'8'!H9+'9'!H9+'10'!H9+'11'!H9+'12'!H9+'13'!H9+'14'!H9+'15'!H9+'16'!H9+'17'!H9+'18'!H9+'19'!H9+'20'!H9+'21'!H9+'22'!H9+'23'!H9+'24'!H9+'25'!H9+'26'!H9+'27'!H9+'28'!H9+'29'!H9+'30'!H9+'31.'!H9 -> 0 | I9: 12 | J9: =+'1'!J9+'2'!J9+'3'!J9+'4'!J9+'5'!J9+'6'!J9+'7'!J9+'8'!J9+'9'!J9+'10'!J9+'11'!J9+'12'!J9+'13'!J9+'14'!J9+'15'!J9+'16'!J9+'17'!J9+'18'!J9+'19'!J9+'20'!J9+'21'!J9+'22'!J9+'23'!J9+'24'!J9+'25'!J9+'26'!J9+'27'!J9+'28'!J9+'29'!J9+'30'!J9+'31.'!J9 -> 0 | L9: 5 | M9: =+'5'!K257 -> 3515 | N9: =+'5'!K262 -> 567 | O9: =+'5'!K260 -> 0 | P9: =+'5'!K258 -> 0 | Q9: =+'5'!K261 -> 0 | R9: =+'5'!K259 -> 1355 | S9: =+M9-N9-O9-P9-Q9-R9 -> 1593 | T9: =+'5'!K264 -> 1593 | U9: =+T9-S9 -> 0
A10: 6 | B10: ชิฟฟ่อนเค้กสอดไส้แยม 1 ชิ้น | C10: =+ยกมา!C17 -> 0 | D10: =+'1'!D10+'2'!D10+'3'!D10+'4'!D10+'5'!D10+'6'!D10+'7'!D10+'8'!D10+'9'!D10+'10'!D10+'11'!D10+'12'!D10+'13'!D10+'14'!D10+'15'!D10+'16'!D10+'17'!D10+'18'!D10+'19'!D10+'20'!D10+'21'!D10+'22'!D10+'23'!D10+'24'!D10+'25'!D10+'26'!D10+'27'!D10+'28'!D10+'29'!D10+'30'!D10+'31.'!D10 -> 0 | E10: =+C10+D10 -> 0 | F10: =+'1'!F10+'2'!F10+'3'!F10+'4'!F10+'5'!F10+'6'!F10+'7'!F10+'8'!F10+'9'!F10+'10'!F10+'11'!F10+'12'!F10+'13'!F10+'14'!F10+'15'!F10+'16'!F10+'17'!F10+'18'!F10+'19'!F10+'20'!F10+'21'!F10+'22'!F10+'23'!F10+'24'!F10+'25'!F10+'26'!F10+'27'!F10+'28'!F10+'29'!F10+'30'!F10+'31.'!F10 -> 0 | G10: =C10+D10-F10-H10 -> 0 | H10: =+'1'!H10+'2'!H10+'3'!H10+'4'!H10+'5'!H10+'6'!H10+'7'!H10+'8'!H10+'9'!H10+'10'!H10+'11'!H10+'12'!H10+'13'!H10+'14'!H10+'15'!H10+'16'!H10+'17'!H10+'18'!H10+'19'!H10+'20'!H10+'21'!H10+'22'!H10+'23'!H10+'24'!H10+'25'!H10+'26'!H10+'27'!H10+'28'!H10+'29'!H10+'30'!H10+'31.'!H10 -> 0 | I10: 15 | J10: =+'1'!J10+'2'!J10+'3'!J10+'4'!J10+'5'!J10+'6'!J10+'7'!J10+'8'!J10+'9'!J10+'10'!J10+'11'!J10+'12'!J10+'13'!J10+'14'!J10+'15'!J10+'16'!J10+'17'!J10+'18'!J10+'19'!J10+'20'!J10+'21'!J10+'22'!J10+'23'!J10+'24'!J10+'25'!J10+'26'!J10+'27'!J10+'28'!J10+'29'!J10+'30'!J10+'31.'!J10 -> 0 | L10: 6 | M10: =+'6'!K257 -> 2330 | N10: =+'6'!K262 -> 397 | O10: =+'6'!K260 -> 0 | P10: =+'6'!K258 -> 0 | Q10: =+'6'!K261 -> 650 | R10: =+'6'!K259 -> 1595 | S10: =+M10-N10-O10-P10-Q10-R10 -> -312 | T10: =+'6'!K264 -> 237 | U10: =+T10-S10 -> 549
A11: 7 | B11: ชิฟฟ่อน สอดไส้ (ล) 2 ชิ้น ครีมมะพร้าว | C11: =+ยกมา!C18 -> 2 | D11: =+'1'!D11+'2'!D11+'3'!D11+'4'!D11+'5'!D11+'6'!D11+'7'!D11+'8'!D11+'9'!D11+'10'!D11+'11'!D11+'12'!D11+'13'!D11+'14'!D11+'15'!D11+'16'!D11+'17'!D11+'18'!D11+'19'!D11+'20'!D11+'21'!D11+'22'!D11+'23'!D11+'24'!D11+'25'!D11+'26'!D11+'27'!D11+'28'!D11+'29'!D11+'30'!D11+'31.'!D11 -> 0 | E11: =+C11+D11 -> 2 | F11: =+'1'!F11+'2'!F11+'3'!F11+'4'!F11+'5'!F11+'6'!F11+'7'!F11+'8'!F11+'9'!F11+'10'!F11+'11'!F11+'12'!F11+'13'!F11+'14'!F11+'15'!F11+'16'!F11+'17'!F11+'18'!F11+'19'!F11+'20'!F11+'21'!F11+'22'!F11+'23'!F11+'24'!F11+'25'!F11+'26'!F11+'27'!F11+'28'!F11+'29'!F11+'30'!F11+'31.'!F11 -> 0 | G11: =C11+D11-F11-H11 -> 2 | H11: =+'1'!H11+'2'!H11+'3'!H11+'4'!H11+'5'!H11+'6'!H11+'7'!H11+'8'!H11+'9'!H11+'10'!H11+'11'!H11+'12'!H11+'13'!H11+'14'!H11+'15'!H11+'16'!H11+'17'!H11+'18'!H11+'19'!H11+'20'!H11+'21'!H11+'22'!H11+'23'!H11+'24'!H11+'25'!H11+'26'!H11+'27'!H11+'28'!H11+'29'!H11+'30'!H11+'31.'!H11 -> 0 | I11: 50 | J11: =+'1'!J11+'2'!J11+'3'!J11+'4'!J11+'5'!J11+'6'!J11+'7'!J11+'8'!J11+'9'!J11+'10'!J11+'11'!J11+'12'!J11+'13'!J11+'14'!J11+'15'!J11+'16'!J11+'17'!J11+'18'!J11+'19'!J11+'20'!J11+'21'!J11+'22'!J11+'23'!J11+'24'!J11+'25'!J11+'26'!J11+'27'!J11+'28'!J11+'29'!J11+'30'!J11+'31.'!J11 -> 0 | L11: 7 | M11: =+'7'!K257 -> 7380 | N11: =+'7'!K262 -> 645 | O11: =+'7'!K260 -> 0 | P11: =+'7'!K258 -> 0 | Q11: =+'7'!K261 -> 50 | R11: =+'7'!K259 -> 2335 | S11: =+M11-N11-O11-P11-Q11-R11 -> 4350 | T11: =+'7'!K264 -> 4249 | U11: =+T11-S11 -> -101
A12: 8 | B12: ชิฟฟ่อน สอดไส้ (ล) 3 ชิ้น รวมรส | C12: =+ยกมา!C19 -> 0 | D12: =+'1'!D12+'2'!D12+'3'!D12+'4'!D12+'5'!D12+'6'!D12+'7'!D12+'8'!D12+'9'!D12+'10'!D12+'11'!D12+'12'!D12+'13'!D12+'14'!D12+'15'!D12+'16'!D12+'17'!D12+'18'!D12+'19'!D12+'20'!D12+'21'!D12+'22'!D12+'23'!D12+'24'!D12+'25'!D12+'26'!D12+'27'!D12+'28'!D12+'29'!D12+'30'!D12+'31.'!D12 -> 133 | E12: =+C12+D12 -> 133 | F12: =+'1'!F12+'2'!F12+'3'!F12+'4'!F12+'5'!F12+'6'!F12+'7'!F12+'8'!F12+'9'!F12+'10'!F12+'11'!F12+'12'!F12+'13'!F12+'14'!F12+'15'!F12+'16'!F12+'17'!F12+'18'!F12+'19'!F12+'20'!F12+'21'!F12+'22'!F12+'23'!F12+'24'!F12+'25'!F12+'26'!F12+'27'!F12+'28'!F12+'29'!F12+'30'!F12+'31.'!F12 -> 33 | G12: =C12+D12-F12-H12 -> 40 | H12: =+'1'!H12+'2'!H12+'3'!H12+'4'!H12+'5'!H12+'6'!H12+'7'!H12+'8'!H12+'9'!H12+'10'!H12+'11'!H12+'12'!H12+'13'!H12+'14'!H12+'15'!H12+'16'!H12+'17'!H12+'18'!H12+'19'!H12+'20'!H12+'21'!H12+'22'!H12+'23'!H12+'24'!H12+'25'!H12+'26'!H12+'27'!H12+'28'!H12+'29'!H12+'30'!H12+'31.'!H12 -> 60 | I12: 50 | J12: =+'1'!J12+'2'!J12+'3'!J12+'4'!J12+'5'!J12+'6'!J12+'7'!J12+'8'!J12+'9'!J12+'10'!J12+'11'!J12+'12'!J12+'13'!J12+'14'!J12+'15'!J12+'16'!J12+'17'!J12+'18'!J12+'19'!J12+'20'!J12+'21'!J12+'22'!J12+'23'!J12+'24'!J12+'25'!J12+'26'!J12+'27'!J12+'28'!J12+'29'!J12+'30'!J12+'31.'!J12 -> 3000 | L12: 8 | M12: =+'8'!K257 -> 5660 | N12: =+'8'!K262 -> 1094.5 | O12: =+'8'!K260 -> 0 | P12: =+'8'!K258 -> 0 | Q12: =+'8'!K261 -> 350 | R12: =+'8'!K259 -> 3625 | S12: =+M12-N12-O12-P12-Q12-R12 -> 590.5 | T12: =+'8'!K264 -> 810 | U12: =+T12-S12 -> 219.5
A13: 9 | B13: ชิฟฟ่อน สอดไส้ (ล) 3 ชิ้น กาแฟ | C13: =+ยกมา!C20 -> 0 | D13: =+'1'!D13+'2'!D13+'3'!D13+'4'!D13+'5'!D13+'6'!D13+'7'!D13+'8'!D13+'9'!D13+'10'!D13+'11'!D13+'12'!D13+'13'!D13+'14'!D13+'15'!D13+'16'!D13+'17'!D13+'18'!D13+'19'!D13+'20'!D13+'21'!D13+'22'!D13+'23'!D13+'24'!D13+'25'!D13+'26'!D13+'27'!D13+'28'!D13+'29'!D13+'30'!D13+'31.'!D13 -> 0 | E13: =+C13+D13 -> 0 | F13: =+'1'!F13+'2'!F13+'3'!F13+'4'!F13+'5'!F13+'6'!F13+'7'!F13+'8'!F13+'9'!F13+'10'!F13+'11'!F13+'12'!F13+'13'!F13+'14'!F13+'15'!F13+'16'!F13+'17'!F13+'18'!F13+'19'!F13+'20'!F13+'21'!F13+'22'!F13+'23'!F13+'24'!F13+'25'!F13+'26'!F13+'27'!F13+'28'!F13+'29'!F13+'30'!F13+'31.'!F13 -> 0 | G13: =C13+D13-F13-H13 -> 0 | H13: =+'1'!H13+'2'!H13+'3'!H13+'4'!H13+'5'!H13+'6'!H13+'7'!H13+'8'!H13+'9'!H13+'10'!H13+'11'!H13+'12'!H13+'13'!H13+'14'!H13+'15'!H13+'16'!H13+'17'!H13+'18'!H13+'19'!H13+'20'!H13+'21'!H13+'22'!H13+'23'!H13+'24'!H13+'25'!H13+'26'!H13+'27'!H13+'28'!H13+'29'!H13+'30'!H13+'31.'!H13 -> 0 | I13: 50 | J13: =+'1'!J13+'2'!J13+'3'!J13+'4'!J13+'5'!J13+'6'!J13+'7'!J13+'8'!J13+'9'!J13+'10'!J13+'11'!J13+'12'!J13+'13'!J13+'14'!J13+'15'!J13+'16'!J13+'17'!J13+'18'!J13+'19'!J13+'20'!J13+'21'!J13+'22'!J13+'23'!J13+'24'!J13+'25'!J13+'26'!J13+'27'!J13+'28'!J13+'29'!J13+'30'!J13+'31.'!J13 -> 0 | L13: 9 | M13: =+'9'!K257 -> 7015 | N13: =+'9'!K262 -> 935 | O13: =+'9'!K260 -> 0 | P13: =+'9'!K258 -> 0 | Q13: =+'9'!K261 -> 460 | R13: =+'9'!K259 -> 3135 | S13: =+M13-N13-O13-P13-Q13-R13 -> 2485 | T13: =+'9'!K264 -> 2340 | U13: =+T13-S13 -> -145
A14: 10 | B14: ชิฟฟ่อน สอดไส้ (ล) 3 ชิ้น แยมส้ม (ฝอยทอง) | C14: =+ยกมา!C24 -> 0 | D14: =+'1'!D14+'2'!D14+'3'!D14+'4'!D14+'5'!D14+'6'!D14+'7'!D14+'8'!D14+'9'!D14+'10'!D14+'11'!D14+'12'!D14+'13'!D14+'14'!D14+'15'!D14+'16'!D14+'17'!D14+'18'!D14+'19'!D14+'20'!D14+'21'!D14+'22'!D14+'23'!D14+'24'!D14+'25'!D14+'26'!D14+'27'!D14+'28'!D14+'29'!D14+'30'!D14+'31.'!D14 -> 3 | E14: =+C14+D14 -> 3 | F14: =+'1'!F14+'2'!F14+'3'!F14+'4'!F14+'5'!F14+'6'!F14+'7'!F14+'8'!F14+'9'!F14+'10'!F14+'11'!F14+'12'!F14+'13'!F14+'14'!F14+'15'!F14+'16'!F14+'17'!F14+'18'!F14+'19'!F14+'20'!F14+'21'!F14+'22'!F14+'23'!F14+'24'!F14+'25'!F14+'26'!F14+'27'!F14+'28'!F14+'29'!F14+'30'!F14+'31.'!F14 -> 0 | G14: =C14+D14-F14-H14 -> 0 | H14: =+'1'!H14+'2'!H14+'3'!H14+'4'!H14+'5'!H14+'6'!H14+'7'!H14+'8'!H14+'9'!H14+'10'!H14+'11'!H14+'12'!H14+'13'!H14+'14'!H14+'15'!H14+'16'!H14+'17'!H14+'18'!H14+'19'!H14+'20'!H14+'21'!H14+'22'!H14+'23'!H14+'24'!H14+'25'!H14+'26'!H14+'27'!H14+'28'!H14+'29'!H14+'30'!H14+'31.'!H14 -> 3 | I14: 50 | J14: =+'1'!J14+'2'!J14+'3'!J14+'4'!J14+'5'!J14+'6'!J14+'7'!J14+'8'!J14+'9'!J14+'10'!J14+'11'!J14+'12'!J14+'13'!J14+'14'!J14+'15'!J14+'16'!J14+'17'!J14+'18'!J14+'19'!J14+'20'!J14+'21'!J14+'22'!J14+'23'!J14+'24'!J14+'25'!J14+'26'!J14+'27'!J14+'28'!J14+'29'!J14+'30'!J14+'31.'!J14 -> 150 | L14: 10 | M14: =+'10'!K257 -> 3565 | N14: =+'10'!K262 -> 380 | O14: =+'10'!K260 -> 0 | P14: =+'10'!K258 -> 0 | Q14: =+'10'!K261 -> 500 | R14: =+'10'!K259 -> 2560 | S14: =+M14-N14-O14-P14-Q14-R14 -> 125 | T14: =+'10'!K264 -> 115 | U14: =+T14-S14 -> -10
A15: 11 | B15: ชิฟฟ่อน สอดไส้ (ล) 3 ชิ้น บลูเบอรี่ | C15: =+ยกมา!C25 -> 0 | D15: =+'1'!D15+'2'!D15+'3'!D15+'4'!D15+'5'!D15+'6'!D15+'7'!D15+'8'!D15+'9'!D15+'10'!D15+'11'!D15+'12'!D15+'13'!D15+'14'!D15+'15'!D15+'16'!D15+'17'!D15+'18'!D15+'19'!D15+'20'!D15+'21'!D15+'22'!D15+'23'!D15+'24'!D15+'25'!D15+'26'!D15+'27'!D15+'28'!D15+'29'!D15+'30'!D15+'31.'!D15 -> 0 | E15: =+C15+D15 -> 0 | F15: =+'1'!F15+'2'!F15+'3'!F15+'4'!F15+'5'!F15+'6'!F15+'7'!F15+'8'!F15+'9'!F15+'10'!F15+'11'!F15+'12'!F15+'13'!F15+'14'!F15+'15'!F15+'16'!F15+'17'!F15+'18'!F15+'19'!F15+'20'!F15+'21'!F15+'22'!F15+'23'!F15+'24'!F15+'25'!F15+'26'!F15+'27'!F15+'28'!F15+'29'!F15+'30'!F15+'31.'!F15 -> 0 | G15: =C15+D15-F15-H15 -> 0 | H15: =+'1'!H15+'2'!H15+'3'!H15+'4'!H15+'5'!H15+'6'!H15+'7'!H15+'8'!H15+'9'!H15+'10'!H15+'11'!H15+'12'!H15+'13'!H15+'14'!H15+'15'!H15+'16'!H15+'17'!H15+'18'!H15+'19'!H15+'20'!H15+'21'!H15+'22'!H15+'23'!H15+'24'!H15+'25'!H15+'26'!H15+'27'!H15+'28'!H15+'29'!H15+'30'!H15+'31.'!H15 -> 0 | I15: 50 | J15: =+'1'!J15+'2'!J15+'3'!J15+'4'!J15+'5'!J15+'6'!J15+'7'!J15+'8'!J15+'9'!J15+'10'!J15+'11'!J15+'12'!J15+'13'!J15+'14'!J15+'15'!J15+'16'!J15+'17'!J15+'18'!J15+'19'!J15+'20'!J15+'21'!J15+'22'!J15+'23'!J15+'24'!J15+'25'!J15+'26'!J15+'27'!J15+'28'!J15+'29'!J15+'30'!J15+'31.'!J15 -> 0 | L15: 11 | M15: =+'11'!K257 -> 6935 | N15: =+'11'!K262 -> 1280 | O15: =+'11'!K260 -> 0 | P15: =+'11'!K258 -> 0 | Q15: =+'11'!K261 -> 0 | R15: =+'11'!K259 -> 3773 | S15: =+M15-N15-O15-P15-Q15-R15 -> 1882 | T15: =+'11'!K264 -> 1882 | U15: =+T15-S15 -> 0
A16: 12 | B16: ชิฟฟ่อน สอดไส้ (ล) 3 ชิ้น ฝอยทอง | C16: =+ยกมา!C26 -> 0 | D16: =+'1'!D16+'2'!D16+'3'!D16+'4'!D16+'5'!D16+'6'!D16+'7'!D16+'8'!D16+'9'!D16+'10'!D16+'11'!D16+'12'!D16+'13'!D16+'14'!D16+'15'!D16+'16'!D16+'17'!D16+'18'!D16+'19'!D16+'20'!D16+'21'!D16+'22'!D16+'23'!D16+'24'!D16+'25'!D16+'26'!D16+'27'!D16+'28'!D16+'29'!D16+'30'!D16+'31.'!D16 -> 4 | E16: =+C16+D16 -> 4 | F16: =+'1'!F16+'2'!F16+'3'!F16+'4'!F16+'5'!F16+'6'!F16+'7'!F16+'8'!F16+'9'!F16+'10'!F16+'11'!F16+'12'!F16+'13'!F16+'14'!F16+'15'!F16+'16'!F16+'17'!F16+'18'!F16+'19'!F16+'20'!F16+'21'!F16+'22'!F16+'23'!F16+'24'!F16+'25'!F16+'26'!F16+'27'!F16+'28'!F16+'29'!F16+'30'!F16+'31.'!F16 -> 0 | G16: =C16+D16-F16-H16 -> 2 | H16: =+'1'!H16+'2'!H16+'3'!H16+'4'!H16+'5'!H16+'6'!H16+'7'!H16+'8'!H16+'9'!H16+'10'!H16+'11'!H16+'12'!H16+'13'!H16+'14'!H16+'15'!H16+'16'!H16+'17'!H16+'18'!H16+'19'!H16+'20'!H16+'21'!H16+'22'!H16+'23'!H16+'24'!H16+'25'!H16+'26'!H16+'27'!H16+'28'!H16+'29'!H16+'30'!H16+'31.'!H16 -> 2 | I16: 50 | J16: =+'1'!J16+'2'!J16+'3'!J16+'4'!J16+'5'!J16+'6'!J16+'7'!J16+'8'!J16+'9'!J16+'10'!J16+'11'!J16+'12'!J16+'13'!J16+'14'!J16+'15'!J16+'16'!J16+'17'!J16+'18'!J16+'19'!J16+'20'!J16+'21'!J16+'22'!J16+'23'!J16+'24'!J16+'25'!J16+'26'!J16+'27'!J16+'28'!J16+'29'!J16+'30'!J16+'31.'!J16 -> 100 | L16: 12 | M16: =+'12'!K257 -> 5455 | N16: =+'12'!K262 -> 1265 | O16: =+'12'!K260 -> 0 | P16: =+'12'!K258 -> 0 | Q16: =+'12'!K261 -> 140 | R16: =+'12'!K259 -> 2660 | S16: =+M16-N16-O16-P16-Q16-R16 -> 1390 | T16: =+'12'!K264 -> 1390 | U16: =+T16-S16 -> 0
A17: 13 | B17: ชิฟฟ่อน สอดไส้ (ล) 3 ชิ้น แยมสตรอเบอรี่ | C17: =+ยกมา!C27 -> 2 | D17: =+'1'!D17+'2'!D17+'3'!D17+'4'!D17+'5'!D17+'6'!D17+'7'!D17+'8'!D17+'9'!D17+'10'!D17+'11'!D17+'12'!D17+'13'!D17+'14'!D17+'15'!D17+'16'!D17+'17'!D17+'18'!D17+'19'!D17+'20'!D17+'21'!D17+'22'!D17+'23'!D17+'24'!D17+'25'!D17+'26'!D17+'27'!D17+'28'!D17+'29'!D17+'30'!D17+'31.'!D17 -> 0 | E17: =+C17+D17 -> 2 | F17: =+'1'!F17+'2'!F17+'3'!F17+'4'!F17+'5'!F17+'6'!F17+'7'!F17+'8'!F17+'9'!F17+'10'!F17+'11'!F17+'12'!F17+'13'!F17+'14'!F17+'15'!F17+'16'!F17+'17'!F17+'18'!F17+'19'!F17+'20'!F17+'21'!F17+'22'!F17+'23'!F17+'24'!F17+'25'!F17+'26'!F17+'27'!F17+'28'!F17+'29'!F17+'30'!F17+'31.'!F17 -> 0 | G17: =C17+D17-F17-H17 -> 2 | H17: =+'1'!H17+'2'!H17+'3'!H17+'4'!H17+'5'!H17+'6'!H17+'7'!H17+'8'!H17+'9'!H17+'10'!H17+'11'!H17+'12'!H17+'13'!H17+'14'!H17+'15'!H17+'16'!H17+'17'!H17+'18'!H17+'19'!H17+'20'!H17+'21'!H17+'22'!H17+'23'!H17+'24'!H17+'25'!H17+'26'!H17+'27'!H17+'28'!H17+'29'!H17+'30'!H17+'31.'!H17 -> 0 | I17: 50 | J17: =+'1'!J17+'2'!J17+'3'!J17+'4'!J17+'5'!J17+'6'!J17+'7'!J17+'8'!J17+'9'!J17+'10'!J17+'11'!J17+'12'!J17+'13'!J17+'14'!J17+'15'!J17+'16'!J17+'17'!J17+'18'!J17+'19'!J17+'20'!J17+'21'!J17+'22'!J17+'23'!J17+'24'!J17+'25'!J17+'26'!J17+'27'!J17+'28'!J17+'29'!J17+'30'!J17+'31.'!J17 -> 0 | L17: 13 | M17: =+'13'!K257 -> 4475 | N17: =+'13'!K262 -> 332 | O17: =+'13'!K260 -> 0 | P17: =+'13'!K258 -> 0 | Q17: =+'13'!K261 -> 0 | R17: =+'13'!K259 -> 2268 | S17: =+M17-N17-O17-P17-Q17-R17 -> 1875 | T17: =+'13'!K264 -> 1875 | U17: =+T17-S17 -> 0
A18: 14 | B18: ชิฟฟ่อน สอดไส้ (ล) 3 ชิ้น เนยมพะร้าว | C18: =+ยกมา!C28 -> 0 | D18: =+'1'!D18+'2'!D18+'3'!D18+'4'!D18+'5'!D18+'6'!D18+'7'!D18+'8'!D18+'9'!D18+'10'!D18+'11'!D18+'12'!D18+'13'!D18+'14'!D18+'15'!D18+'16'!D18+'17'!D18+'18'!D18+'19'!D18+'20'!D18+'21'!D18+'22'!D18+'23'!D18+'24'!D18+'25'!D18+'26'!D18+'27'!D18+'28'!D18+'29'!D18+'30'!D18+'31.'!D18 -> 18 | E18: =+C18+D18 -> 18 | F18: =+'1'!F18+'2'!F18+'3'!F18+'4'!F18+'5'!F18+'6'!F18+'7'!F18+'8'!F18+'9'!F18+'10'!F18+'11'!F18+'12'!F18+'13'!F18+'14'!F18+'15'!F18+'16'!F18+'17'!F18+'18'!F18+'19'!F18+'20'!F18+'21'!F18+'22'!F18+'23'!F18+'24'!F18+'25'!F18+'26'!F18+'27'!F18+'28'!F18+'29'!F18+'30'!F18+'31.'!F18 -> 0 | G18: =C18+D18-F18-H18 -> 0 | H18: =+'1'!H18+'2'!H18+'3'!H18+'4'!H18+'5'!H18+'6'!H18+'7'!H18+'8'!H18+'9'!H18+'10'!H18+'11'!H18+'12'!H18+'13'!H18+'14'!H18+'15'!H18+'16'!H18+'17'!H18+'18'!H18+'19'!H18+'20'!H18+'21'!H18+'22'!H18+'23'!H18+'24'!H18+'25'!H18+'26'!H18+'27'!H18+'28'!H18+'29'!H18+'30'!H18+'31.'!H18 -> 18 | I18: 50 | J18: =+'1'!J18+'2'!J18+'3'!J18+'4'!J18+'5'!J18+'6'!J18+'7'!J18+'8'!J18+'9'!J18+'10'!J18+'11'!J18+'12'!J18+'13'!J18+'14'!J18+'15'!J18+'16'!J18+'17'!J18+'18'!J18+'19'!J18+'20'!J18+'21'!J18+'22'!J18+'23'!J18+'24'!J18+'25'!J18+'26'!J18+'27'!J18+'28'!J18+'29'!J18+'30'!J18+'31.'!J18 -> 900 | L18: 14 | M18: =+'14'!K257 -> 3400 | N18: =+'14'!K262 -> 275 | O18: =+'14'!K260 -> 0 | P18: =+'14'!K258 -> 0 | Q18: =+'14'!K261 -> 50 | R18: =+'14'!K259 -> 1890 | S18: =+M18-N18-O18-P18-Q18-R18 -> 1185 | T18: =+'14'!K264 -> 1185 | U18: =+T18-S18 -> 0
A19: 15 | B19: ชิฟฟ่อน สอดไส้ (ล) 3 ชิ้น นมชมพู | C19: =+ยกมา!C29 -> 0 | D19: =+'1'!D19+'2'!D19+'3'!D19+'4'!D19+'5'!D19+'6'!D19+'7'!D19+'8'!D19+'9'!D19+'10'!D19+'11'!D19+'12'!D19+'13'!D19+'14'!D19+'15'!D19+'16'!D19+'17'!D19+'18'!D19+'19'!D19+'20'!D19+'21'!D19+'22'!D19+'23'!D19+'24'!D19+'25'!D19+'26'!D19+'27'!D19+'28'!D19+'29'!D19+'30'!D19+'31.'!D19 -> 0 | E19: =+C19+D19 -> 0 | F19: =+'1'!F19+'2'!F19+'3'!F19+'4'!F19+'5'!F19+'6'!F19+'7'!F19+'8'!F19+'9'!F19+'10'!F19+'11'!F19+'12'!F19+'13'!F19+'14'!F19+'15'!F19+'16'!F19+'17'!F19+'18'!F19+'19'!F19+'20'!F19+'21'!F19+'22'!F19+'23'!F19+'24'!F19+'25'!F19+'26'!F19+'27'!F19+'28'!F19+'29'!F19+'30'!F19+'31.'!F19 -> 0 | G19: =C19+D19-F19-H19 -> 0 | H19: =+'1'!H19+'2'!H19+'3'!H19+'4'!H19+'5'!H19+'6'!H19+'7'!H19+'8'!H19+'9'!H19+'10'!H19+'11'!H19+'12'!H19+'13'!H19+'14'!H19+'15'!H19+'16'!H19+'17'!H19+'18'!H19+'19'!H19+'20'!H19+'21'!H19+'22'!H19+'23'!H19+'24'!H19+'25'!H19+'26'!H19+'27'!H19+'28'!H19+'29'!H19+'30'!H19+'31.'!H19 -> 0 | I19: 50 | J19: =+'1'!J19+'2'!J19+'3'!J19+'4'!J19+'5'!J19+'6'!J19+'7'!J19+'8'!J19+'9'!J19+'10'!J19+'11'!J19+'12'!J19+'13'!J19+'14'!J19+'15'!J19+'16'!J19+'17'!J19+'18'!J19+'19'!J19+'20'!J19+'21'!J19+'22'!J19+'23'!J19+'24'!J19+'25'!J19+'26'!J19+'27'!J19+'28'!J19+'29'!J19+'30'!J19+'31.'!J19 -> 0 | L19: 15 | M19: =+'15'!K257 -> 4145 | N19: =+'15'!K262 -> 385 | O19: =+'15'!K260 -> 0 | P19: =+'15'!K258 -> 0 | Q19: =+'15'!K261 -> 0 | R19: =+'15'!K259 -> 2410 | S19: =+M19-N19-O19-P19-Q19-R19 -> 1350 | T19: =+'15'!K264 -> 1350 | U19: =+T19-S19 -> 0
A20: 16 | B20: ชิฟฟ่อน สอดไส้ (ล) 3 ชิ้น ช็อคโกแลต | C20: =+ยกมา!C30 -> 1 | D20: =+'1'!D20+'2'!D20+'3'!D20+'4'!D20+'5'!D20+'6'!D20+'7'!D20+'8'!D20+'9'!D20+'10'!D20+'11'!D20+'12'!D20+'13'!D20+'14'!D20+'15'!D20+'16'!D20+'17'!D20+'18'!D20+'19'!D20+'20'!D20+'21'!D20+'22'!D20+'23'!D20+'24'!D20+'25'!D20+'26'!D20+'27'!D20+'28'!D20+'29'!D20+'30'!D20+'31.'!D20 -> 0 | E20: =+C20+D20 -> 1 | F20: =+'1'!F20+'2'!F20+'3'!F20+'4'!F20+'5'!F20+'6'!F20+'7'!F20+'8'!F20+'9'!F20+'10'!F20+'11'!F20+'12'!F20+'13'!F20+'14'!F20+'15'!F20+'16'!F20+'17'!F20+'18'!F20+'19'!F20+'20'!F20+'21'!F20+'22'!F20+'23'!F20+'24'!F20+'25'!F20+'26'!F20+'27'!F20+'28'!F20+'29'!F20+'30'!F20+'31.'!F20 -> 0 | G20: =C20+D20-F20-H20 -> 1 | H20: =+'1'!H20+'2'!H20+'3'!H20+'4'!H20+'5'!H20+'6'!H20+'7'!H20+'8'!H20+'9'!H20+'10'!H20+'11'!H20+'12'!H20+'13'!H20+'14'!H20+'15'!H20+'16'!H20+'17'!H20+'18'!H20+'19'!H20+'20'!H20+'21'!H20+'22'!H20+'23'!H20+'24'!H20+'25'!H20+'26'!H20+'27'!H20+'28'!H20+'29'!H20+'30'!H20+'31.'!H20 -> 0 | I20: 50 | J20: =+'1'!J20+'2'!J20+'3'!J20+'4'!J20+'5'!J20+'6'!J20+'7'!J20+'8'!J20+'9'!J20+'10'!J20+'11'!J20+'12'!J20+'13'!J20+'14'!J20+'15'!J20+'16'!J20+'17'!J20+'18'!J20+'19'!J20+'20'!J20+'21'!J20+'22'!J20+'23'!J20+'24'!J20+'25'!J20+'26'!J20+'27'!J20+'28'!J20+'29'!J20+'30'!J20+'31.'!J20 -> 0 | L20: 16 | M20: =+'16'!K257 -> 3070 | N20: =+'16'!K262 -> 535 | O20: =+'16'!K260 -> 0 | P20: =+'16'!K258 -> 0 | Q20: =+'16'!K261 -> 50 | R20: =+'16'!K259 -> 1390 | S20: =+M20-N20-O20-P20-Q20-R20 -> 1095 | T20: =+'16'!K264 -> 1095 | U20: =+T20-S20 -> 0
A21: 17 | B21: ชิฟฟ่อน สอดไส้ (ล) 4 ชิ้น กาแฟ | C21: =+ยกมา!C130 -> 0 | D21: =+'1'!D21+'2'!D21+'3'!D21+'4'!D21+'5'!D21+'6'!D21+'7'!D21+'8'!D21+'9'!D21+'10'!D21+'11'!D21+'12'!D21+'13'!D21+'14'!D21+'15'!D21+'16'!D21+'17'!D21+'18'!D21+'19'!D21+'20'!D21+'21'!D21+'22'!D21+'23'!D21+'24'!D21+'25'!D21+'26'!D21+'27'!D21+'28'!D21+'29'!D21+'30'!D21+'31.'!D21 -> 0 | E21: =+C21+D21 -> 0 | F21: =+'1'!F21+'2'!F21+'3'!F21+'4'!F21+'5'!F21+'6'!F21+'7'!F21+'8'!F21+'9'!F21+'10'!F21+'11'!F21+'12'!F21+'13'!F21+'14'!F21+'15'!F21+'16'!F21+'17'!F21+'18'!F21+'19'!F21+'20'!F21+'21'!F21+'22'!F21+'23'!F21+'24'!F21+'25'!F21+'26'!F21+'27'!F21+'28'!F21+'29'!F21+'30'!F21+'31.'!F21 -> 0 | G21: =C21+D21-F21-H21 -> 0 | H21: =+'1'!H21+'2'!H21+'3'!H21+'4'!H21+'5'!H21+'6'!H21+'7'!H21+'8'!H21+'9'!H21+'10'!H21+'11'!H21+'12'!H21+'13'!H21+'14'!H21+'15'!H21+'16'!H21+'17'!H21+'18'!H21+'19'!H21+'20'!H21+'21'!H21+'22'!H21+'23'!H21+'24'!H21+'25'!H21+'26'!H21+'27'!H21+'28'!H21+'29'!H21+'30'!H21+'31.'!H21 -> 0 | I21: 60 | J21: =+'1'!J21+'2'!J21+'3'!J21+'4'!J21+'5'!J21+'6'!J21+'7'!J21+'8'!J21+'9'!J21+'10'!J21+'11'!J21+'12'!J21+'13'!J21+'14'!J21+'15'!J21+'16'!J21+'17'!J21+'18'!J21+'19'!J21+'20'!J21+'21'!J21+'22'!J21+'23'!J21+'24'!J21+'25'!J21+'26'!J21+'27'!J21+'28'!J21+'29'!J21+'30'!J21+'31.'!J21 -> 0 | L21: 17 | M21: =+'17'!K257 -> 4435 | N21: =+'17'!K262 -> 495 | O21: =+'17'!K260 -> 0 | P21: =+'17'!K258 -> 0 | Q21: =+'17'!K261 -> 0 | R21: =+'17'!K259 -> 2110 | S21: =+M21-N21-O21-P21-Q21-R21 -> 1830 | T21: =+'17'!K264 -> 1830 | U21: =+T21-S21 -> 0
A22: 18 | B22: ชิฟฟ่อน สอดไส้ (ล) 4 ชิ้น ครีมมะพร้าว | C22: =+ยกมา!C23 -> 0 | D22: =+'1'!D22+'2'!D22+'3'!D22+'4'!D22+'5'!D22+'6'!D22+'7'!D22+'8'!D22+'9'!D22+'10'!D22+'11'!D22+'12'!D22+'13'!D22+'14'!D22+'15'!D22+'16'!D22+'17'!D22+'18'!D22+'19'!D22+'20'!D22+'21'!D22+'22'!D22+'23'!D22+'24'!D22+'25'!D22+'26'!D22+'27'!D22+'28'!D22+'29'!D22+'30'!D22+'31.'!D22 -> 15 | E22: =+C22+D22 -> 15 | F22: =+'1'!F22+'2'!F22+'3'!F22+'4'!F22+'5'!F22+'6'!F22+'7'!F22+'8'!F22+'9'!F22+'10'!F22+'11'!F22+'12'!F22+'13'!F22+'14'!F22+'15'!F22+'16'!F22+'17'!F22+'18'!F22+'19'!F22+'20'!F22+'21'!F22+'22'!F22+'23'!F22+'24'!F22+'25'!F22+'26'!F22+'27'!F22+'28'!F22+'29'!F22+'30'!F22+'31.'!F22 -> 0 | G22: =C22+D22-F22-H22 -> -1 | H22: =+'1'!H22+'2'!H22+'3'!H22+'4'!H22+'5'!H22+'6'!H22+'7'!H22+'8'!H22+'9'!H22+'10'!H22+'11'!H22+'12'!H22+'13'!H22+'14'!H22+'15'!H22+'16'!H22+'17'!H22+'18'!H22+'19'!H22+'20'!H22+'21'!H22+'22'!H22+'23'!H22+'24'!H22+'25'!H22+'26'!H22+'27'!H22+'28'!H22+'29'!H22+'30'!H22+'31.'!H22 -> 16 | I22: 65 | J22: =+'1'!J22+'2'!J22+'3'!J22+'4'!J22+'5'!J22+'6'!J22+'7'!J22+'8'!J22+'9'!J22+'10'!J22+'11'!J22+'12'!J22+'13'!J22+'14'!J22+'15'!J22+'16'!J22+'17'!J22+'18'!J22+'19'!J22+'20'!J22+'21'!J22+'22'!J22+'23'!J22+'24'!J22+'25'!J22+'26'!J22+'27'!J22+'28'!J22+'29'!J22+'30'!J22+'31.'!J22 -> 1040 | L22: 18 | M22: =+'18'!K257 -> 5360 | N22: =+'18'!K262 -> 960 | O22: =+'18'!K260 -> 0 | P22: =+'18'!K258 -> 0 | Q22: =+'18'!K261 -> 170 | R22: =+'18'!K259 -> 2040 | S22: =+M22-N22-O22-P22-Q22-R22 -> 2190 | T22: =+'18'!K264 -> 2190 | U22: =+T22-S22 -> 0
A23: 19 | B23: ชิฟฟ่อน สอดไส้ (ก) 5 ชิ้น | C23: =+ยกมา!C31 -> 0 | D23: =+'1'!D23+'2'!D23+'3'!D23+'4'!D23+'5'!D23+'6'!D23+'7'!D23+'8'!D23+'9'!D23+'10'!D23+'11'!D23+'12'!D23+'13'!D23+'14'!D23+'15'!D23+'16'!D23+'17'!D23+'18'!D23+'19'!D23+'20'!D23+'21'!D23+'22'!D23+'23'!D23+'24'!D23+'25'!D23+'26'!D23+'27'!D23+'28'!D23+'29'!D23+'30'!D23+'31.'!D23 -> 6 | E23: =+C23+D23 -> 6 | F23: =+'1'!F23+'2'!F23+'3'!F23+'4'!F23+'5'!F23+'6'!F23+'7'!F23+'8'!F23+'9'!F23+'10'!F23+'11'!F23+'12'!F23+'13'!F23+'14'!F23+'15'!F23+'16'!F23+'17'!F23+'18'!F23+'19'!F23+'20'!F23+'21'!F23+'22'!F23+'23'!F23+'24'!F23+'25'!F23+'26'!F23+'27'!F23+'28'!F23+'29'!F23+'30'!F23+'31.'!F23 -> 0 | G23: =C23+D23-F23-H23 -> 1 | H23: =+'1'!H23+'2'!H23+'3'!H23+'4'!H23+'5'!H23+'6'!H23+'7'!H23+'8'!H23+'9'!H23+'10'!H23+'11'!H23+'12'!H23+'13'!H23+'14'!H23+'15'!H23+'16'!H23+'17'!H23+'18'!H23+'19'!H23+'20'!H23+'21'!H23+'22'!H23+'23'!H23+'24'!H23+'25'!H23+'26'!H23+'27'!H23+'28'!H23+'29'!H23+'30'!H23+'31.'!H23 -> 5 | I23: 85 | J23: =+'1'!J23+'2'!J23+'3'!J23+'4'!J23+'5'!J23+'6'!J23+'7'!J23+'8'!J23+'9'!J23+'10'!J23+'11'!J23+'12'!J23+'13'!J23+'14'!J23+'15'!J23+'16'!J23+'17'!J23+'18'!J23+'19'!J23+'20'!J23+'21'!J23+'22'!J23+'23'!J23+'24'!J23+'25'!J23+'26'!J23+'27'!J23+'28'!J23+'29'!J23+'30'!J23+'31.'!J23 -> 425 | L23: 19 | M23: =+'19'!K257 -> 6535 | N23: =+'19'!K262 -> 1450 | O23: =+'19'!K260 -> 0 | P23: =+'19'!K258 -> 0 | Q23: =+'19'!K261 -> 0 | R23: =+'19'!K259 -> 3975 | S23: =+M23-N23-O23-P23-Q23-R23 -> 1110 | T23: =+'19'!K264 -> 1110 | U23: =+T23-S23 -> 0
A24: 20 | B24: ชิฟฟ่อน สอดไส้ 6 ชิ้น รวมรส | C24: =+ยกมา!C32 -> 0 | D24: =+'1'!D24+'2'!D24+'3'!D24+'4'!D24+'5'!D24+'6'!D24+'7'!D24+'8'!D24+'9'!D24+'10'!D24+'11'!D24+'12'!D24+'13'!D24+'14'!D24+'15'!D24+'16'!D24+'17'!D24+'18'!D24+'19'!D24+'20'!D24+'21'!D24+'22'!D24+'23'!D24+'24'!D24+'25'!D24+'26'!D24+'27'!D24+'28'!D24+'29'!D24+'30'!D24+'31.'!D24 -> 149 | E24: =+C24+D24 -> 149 | F24: =+'1'!F24+'2'!F24+'3'!F24+'4'!F24+'5'!F24+'6'!F24+'7'!F24+'8'!F24+'9'!F24+'10'!F24+'11'!F24+'12'!F24+'13'!F24+'14'!F24+'15'!F24+'16'!F24+'17'!F24+'18'!F24+'19'!F24+'20'!F24+'21'!F24+'22'!F24+'23'!F24+'24'!F24+'25'!F24+'26'!F24+'27'!F24+'28'!F24+'29'!F24+'30'!F24+'31.'!F24 -> 12 | G24: =C24+D24-F24-H24 -> 48 | H24: =+'1'!H24+'2'!H24+'3'!H24+'4'!H24+'5'!H24+'6'!H24+'7'!H24+'8'!H24+'9'!H24+'10'!H24+'11'!H24+'12'!H24+'13'!H24+'14'!H24+'15'!H24+'16'!H24+'17'!H24+'18'!H24+'19'!H24+'20'!H24+'21'!H24+'22'!H24+'23'!H24+'24'!H24+'25'!H24+'26'!H24+'27'!H24+'28'!H24+'29'!H24+'30'!H24+'31.'!H24 -> 89 | I24: 100 | J24: =+'1'!J24+'2'!J24+'3'!J24+'4'!J24+'5'!J24+'6'!J24+'7'!J24+'8'!J24+'9'!J24+'10'!J24+'11'!J24+'12'!J24+'13'!J24+'14'!J24+'15'!J24+'16'!J24+'17'!J24+'18'!J24+'19'!J24+'20'!J24+'21'!J24+'22'!J24+'23'!J24+'24'!J24+'25'!J24+'26'!J24+'27'!J24+'28'!J24+'29'!J24+'30'!J24+'31.'!J24 -> 8900 | L24: 20 | M24: =+'20'!K257 -> 4955 | N24: =+'20'!K262 -> 995 | O24: =+'20'!K260 -> 0 | P24: =+'20'!K258 -> 0 | Q24: =+'20'!K261 -> 50 | R24: =+'20'!K259 -> 3030 | S24: =+M24-N24-O24-P24-Q24-R24 -> 880 | T24: =+'20'!K264 -> 880 | U24: =+T24-S24 -> 0
A25: 21 | B25: ชิฟฟ่อน สอดไส้ 6 ชิ้น ฝอยทอง | C25: =+ยกมา!C37 -> 0 | D25: =+'1'!D25+'2'!D25+'3'!D25+'4'!D25+'5'!D25+'6'!D25+'7'!D25+'8'!D25+'9'!D25+'10'!D25+'11'!D25+'12'!D25+'13'!D25+'14'!D25+'15'!D25+'16'!D25+'17'!D25+'18'!D25+'19'!D25+'20'!D25+'21'!D25+'22'!D25+'23'!D25+'24'!D25+'25'!D25+'26'!D25+'27'!D25+'28'!D25+'29'!D25+'30'!D25+'31.'!D25 -> 12 | E25: =+C25+D25 -> 12 | F25: =+'1'!F25+'2'!F25+'3'!F25+'4'!F25+'5'!F25+'6'!F25+'7'!F25+'8'!F25+'9'!F25+'10'!F25+'11'!F25+'12'!F25+'13'!F25+'14'!F25+'15'!F25+'16'!F25+'17'!F25+'18'!F25+'19'!F25+'20'!F25+'21'!F25+'22'!F25+'23'!F25+'24'!F25+'25'!F25+'26'!F25+'27'!F25+'28'!F25+'29'!F25+'30'!F25+'31.'!F25 -> 0 | G25: =C25+D25-F25-H25 -> 4 | H25: =+'1'!H25+'2'!H25+'3'!H25+'4'!H25+'5'!H25+'6'!H25+'7'!H25+'8'!H25+'9'!H25+'10'!H25+'11'!H25+'12'!H25+'13'!H25+'14'!H25+'15'!H25+'16'!H25+'17'!H25+'18'!H25+'19'!H25+'20'!H25+'21'!H25+'22'!H25+'23'!H25+'24'!H25+'25'!H25+'26'!H25+'27'!H25+'28'!H25+'29'!H25+'30'!H25+'31.'!H25 -> 8 | I25: 100 | J25: =+'1'!J25+'2'!J25+'3'!J25+'4'!J25+'5'!J25+'6'!J25+'7'!J25+'8'!J25+'9'!J25+'10'!J25+'11'!J25+'12'!J25+'13'!J25+'14'!J25+'15'!J25+'16'!J25+'17'!J25+'18'!J25+'19'!J25+'20'!J25+'21'!J25+'22'!J25+'23'!J25+'24'!J25+'25'!J25+'26'!J25+'27'!J25+'28'!J25+'29'!J25+'30'!J25+'31.'!J25 -> 800 | L25: 21 | M25: =+'21'!K257 -> 3295 | N25: =+'21'!K262 -> 995 | O25: =+'21'!K260 -> 0 | P25: =+'21'!K258 -> 0 | Q25: =+'21'!K261 -> 0 | R25: =+'21'!K259 -> 355 | S25: =+M25-N25-O25-P25-Q25-R25 -> 1945 | T25: =+'21'!K264 -> 1945 | U25: =+T25-S25 -> 0
A26: 22 | B26: ชิฟฟ่อน สอดไส้ 6 ชิ้น ทูโทน | C26: =+ยกมา!C38 -> 1 | D26: =+'1'!D26+'2'!D26+'3'!D26+'4'!D26+'5'!D26+'6'!D26+'7'!D26+'8'!D26+'9'!D26+'10'!D26+'11'!D26+'12'!D26+'13'!D26+'14'!D26+'15'!D26+'16'!D26+'17'!D26+'18'!D26+'19'!D26+'20'!D26+'21'!D26+'22'!D26+'23'!D26+'24'!D26+'25'!D26+'26'!D26+'27'!D26+'28'!D26+'29'!D26+'30'!D26+'31.'!D26 -> 0 | E26: =+C26+D26 -> 1 | F26: =+'1'!F26+'2'!F26+'3'!F26+'4'!F26+'5'!F26+'6'!F26+'7'!F26+'8'!F26+'9'!F26+'10'!F26+'11'!F26+'12'!F26+'13'!F26+'14'!F26+'15'!F26+'16'!F26+'17'!F26+'18'!F26+'19'!F26+'20'!F26+'21'!F26+'22'!F26+'23'!F26+'24'!F26+'25'!F26+'26'!F26+'27'!F26+'28'!F26+'29'!F26+'30'!F26+'31.'!F26 -> 0 | G26: =C26+D26-F26-H26 -> 1 | H26: =+'1'!H26+'2'!H26+'3'!H26+'4'!H26+'5'!H26+'6'!H26+'7'!H26+'8'!H26+'9'!H26+'10'!H26+'11'!H26+'12'!H26+'13'!H26+'14'!H26+'15'!H26+'16'!H26+'17'!H26+'18'!H26+'19'!H26+'20'!H26+'21'!H26+'22'!H26+'23'!H26+'24'!H26+'25'!H26+'26'!H26+'27'!H26+'28'!H26+'29'!H26+'30'!H26+'31.'!H26 -> 0 | I26: 100 | J26: =+'1'!J26+'2'!J26+'3'!J26+'4'!J26+'5'!J26+'6'!J26+'7'!J26+'8'!J26+'9'!J26+'10'!J26+'11'!J26+'12'!J26+'13'!J26+'14'!J26+'15'!J26+'16'!J26+'17'!J26+'18'!J26+'19'!J26+'20'!J26+'21'!J26+'22'!J26+'23'!J26+'24'!J26+'25'!J26+'26'!J26+'27'!J26+'28'!J26+'29'!J26+'30'!J26+'31.'!J26 -> 0 | L26: 22 | M26: =+'22'!K257 -> 6945 | N26: =+'22'!K262 -> 1620 | O26: =+'22'!K260 -> 0 | P26: =+'22'!K258 -> 0 | Q26: =+'22'!K261 -> 50 | R26: =+'22'!K259 -> 2920 | S26: =+M26-N26-O26-P26-Q26-R26 -> 2355 | T26: =+'22'!K264 -> 2335 | U26: =+T26-S26 -> -20
A27: 23 | B27: ชิฟฟ่อน สอดไส้ 6 ชิ้น นมชมพู | C27: 1 | D27: =+'1'!D27+'2'!D27+'3'!D27+'4'!D27+'5'!D27+'6'!D27+'7'!D27+'8'!D27+'9'!D27+'10'!D27+'11'!D27+'12'!D27+'13'!D27+'14'!D27+'15'!D27+'16'!D27+'17'!D27+'18'!D27+'19'!D27+'20'!D27+'21'!D27+'22'!D27+'23'!D27+'24'!D27+'25'!D27+'26'!D27+'27'!D27+'28'!D27+'29'!D27+'30'!D27+'31.'!D27 -> 10 | E27: =+C27+D27 -> 11 | F27: =+'1'!F27+'2'!F27+'3'!F27+'4'!F27+'5'!F27+'6'!F27+'7'!F27+'8'!F27+'9'!F27+'10'!F27+'11'!F27+'12'!F27+'13'!F27+'14'!F27+'15'!F27+'16'!F27+'17'!F27+'18'!F27+'19'!F27+'20'!F27+'21'!F27+'22'!F27+'23'!F27+'24'!F27+'25'!F27+'26'!F27+'27'!F27+'28'!F27+'29'!F27+'30'!F27+'31.'!F27 -> 0 | G27: =C27+D27-F27-H27 -> 0 | H27: =+'1'!H27+'2'!H27+'3'!H27+'4'!H27+'5'!H27+'6'!H27+'7'!H27+'8'!H27+'9'!H27+'10'!H27+'11'!H27+'12'!H27+'13'!H27+'14'!H27+'15'!H27+'16'!H27+'17'!H27+'18'!H27+'19'!H27+'20'!H27+'21'!H27+'22'!H27+'23'!H27+'24'!H27+'25'!H27+'26'!H27+'27'!H27+'28'!H27+'29'!H27+'30'!H27+'31.'!H27 -> 11 | I27: 100 | J27: =+'1'!J27+'2'!J27+'3'!J27+'4'!J27+'5'!J27+'6'!J27+'7'!J27+'8'!J27+'9'!J27+'10'!J27+'11'!J27+'12'!J27+'13'!J27+'14'!J27+'15'!J27+'16'!J27+'17'!J27+'18'!J27+'19'!J27+'20'!J27+'21'!J27+'22'!J27+'23'!J27+'24'!J27+'25'!J27+'26'!J27+'27'!J27+'28'!J27+'29'!J27+'30'!J27+'31.'!J27 -> 1100 | L27: 23 | M27: =+'23'!K257 -> 2100 | N27: =+'23'!K262 -> 485 | O27: =+'23'!K260 -> 0 | P27: =+'23'!K258 -> 0 | Q27: =+'23'!K261 -> 50 | R27: =+'23'!K259 -> 1430 | S27: =+M27-N27-O27-P27-Q27-R27 -> 135 | T27: =+'23'!K264 -> 185 | U27: =+T27-S27 -> 50
A28: 24 | B28: ชิฟฟ่อน สอดไส้ 6 ชิ้น บลูเบอรี่ | C28: =+ยกมา!C36 -> 3 | D28: =+'1'!D28+'2'!D28+'3'!D28+'4'!D28+'5'!D28+'6'!D28+'7'!D28+'8'!D28+'9'!D28+'10'!D28+'11'!D28+'12'!D28+'13'!D28+'14'!D28+'15'!D28+'16'!D28+'17'!D28+'18'!D28+'19'!D28+'20'!D28+'21'!D28+'22'!D28+'23'!D28+'24'!D28+'25'!D28+'26'!D28+'27'!D28+'28'!D28+'29'!D28+'30'!D28+'31.'!D28 -> 0 | E28: =+C28+D28 -> 3 | F28: =+'1'!F28+'2'!F28+'3'!F28+'4'!F28+'5'!F28+'6'!F28+'7'!F28+'8'!F28+'9'!F28+'10'!F28+'11'!F28+'12'!F28+'13'!F28+'14'!F28+'15'!F28+'16'!F28+'17'!F28+'18'!F28+'19'!F28+'20'!F28+'21'!F28+'22'!F28+'23'!F28+'24'!F28+'25'!F28+'26'!F28+'27'!F28+'28'!F28+'29'!F28+'30'!F28+'31.'!F28 -> 0 | G28: =C28+D28-F28-H28 -> 3 | H28: =+'1'!H28+'2'!H28+'3'!H28+'4'!H28+'5'!H28+'6'!H28+'7'!H28+'8'!H28+'9'!H28+'10'!H28+'11'!H28+'12'!H28+'13'!H28+'14'!H28+'15'!H28+'16'!H28+'17'!H28+'18'!H28+'19'!H28+'20'!H28+'21'!H28+'22'!H28+'23'!H28+'24'!H28+'25'!H28+'26'!H28+'27'!H28+'28'!H28+'29'!H28+'30'!H28+'31.'!H28 -> 0 | I28: 100 | J28: =+'1'!J28+'2'!J28+'3'!J28+'4'!J28+'5'!J28+'6'!J28+'7'!J28+'8'!J28+'9'!J28+'10'!J28+'11'!J28+'12'!J28+'13'!J28+'14'!J28+'15'!J28+'16'!J28+'17'!J28+'18'!J28+'19'!J28+'20'!J28+'21'!J28+'22'!J28+'23'!J28+'24'!J28+'25'!J28+'26'!J28+'27'!J28+'28'!J28+'29'!J28+'30'!J28+'31.'!J28 -> 0 | L28: 24 | M28: =+'24'!K257 -> 2900 | N28: =+'24'!K262 -> 1120 | O28: =+'24'!K260 -> 0 | P28: =+'24'!K258 -> 0 | Q28: =+'24'!K261 -> 230 | R28: =+'24'!K259 -> 1310 | S28: =+M28-N28-O28-P28-Q28-R28 -> 240 | T28: =+'24'!K264 -> 240 | U28: =+T28-S28 -> 0
A29: 25 | B29: ชิฟฟ่อน สอดไส้ 6 ชิ้น ช็อคโกแลต | C29: =+ยกมา!C33 -> 0 | D29: =+'1'!D29+'2'!D29+'3'!D29+'4'!D29+'5'!D29+'6'!D29+'7'!D29+'8'!D29+'9'!D29+'10'!D29+'11'!D29+'12'!D29+'13'!D29+'14'!D29+'15'!D29+'16'!D29+'17'!D29+'18'!D29+'19'!D29+'20'!D29+'21'!D29+'22'!D29+'23'!D29+'24'!D29+'25'!D29+'26'!D29+'27'!D29+'28'!D29+'29'!D29+'30'!D29+'31.'!D29 -> 0 | E29: =+C29+D29 -> 0 | F29: =+'1'!F29+'2'!F29+'3'!F29+'4'!F29+'5'!F29+'6'!F29+'7'!F29+'8'!F29+'9'!F29+'10'!F29+'11'!F29+'12'!F29+'13'!F29+'14'!F29+'15'!F29+'16'!F29+'17'!F29+'18'!F29+'19'!F29+'20'!F29+'21'!F29+'22'!F29+'23'!F29+'24'!F29+'25'!F29+'26'!F29+'27'!F29+'28'!F29+'29'!F29+'30'!F29+'31.'!F29 -> 0 | G29: =C29+D29-F29-H29 -> 0 | H29: =+'1'!H29+'2'!H29+'3'!H29+'4'!H29+'5'!H29+'6'!H29+'7'!H29+'8'!H29+'9'!H29+'10'!H29+'11'!H29+'12'!H29+'13'!H29+'14'!H29+'15'!H29+'16'!H29+'17'!H29+'18'!H29+'19'!H29+'20'!H29+'21'!H29+'22'!H29+'23'!H29+'24'!H29+'25'!H29+'26'!H29+'27'!H29+'28'!H29+'29'!H29+'30'!H29+'31.'!H29 -> 0 | I29: 100 | J29: =+'1'!J29+'2'!J29+'3'!J29+'4'!J29+'5'!J29+'6'!J29+'7'!J29+'8'!J29+'9'!J29+'10'!J29+'11'!J29+'12'!J29+'13'!J29+'14'!J29+'15'!J29+'16'!J29+'17'!J29+'18'!J29+'19'!J29+'20'!J29+'21'!J29+'22'!J29+'23'!J29+'24'!J29+'25'!J29+'26'!J29+'27'!J29+'28'!J29+'29'!J29+'30'!J29+'31.'!J29 -> 0 | L29: 25 | M29: =+'25'!K257 -> 7730 | N29: =+'25'!K262 -> 2665 | O29: =+'25'!K260 -> 0 | P29: =+'25'!K258 -> 0 | Q29: =+'25'!K261 -> 30 | R29: =+'25'!K259 -> 2420 | S29: =+M29-N29-O29-P29-Q29-R29 -> 2615 | T29: =+'25'!K264 -> 2615 | U29: =+T29-S29 -> 0
A30: 26 | B30: ชิฟฟ่อน สอดไส้ 6 ชิ้น มะพร้าว | C30: =+ยกมา!C34 -> 11 | D30: =+'1'!D30+'2'!D30+'3'!D30+'4'!D30+'5'!D30+'6'!D30+'7'!D30+'8'!D30+'9'!D30+'10'!D30+'11'!D30+'12'!D30+'13'!D30+'14'!D30+'15'!D30+'16'!D30+'17'!D30+'18'!D30+'19'!D30+'20'!D30+'21'!D30+'22'!D30+'23'!D30+'24'!D30+'25'!D30+'26'!D30+'27'!D30+'28'!D30+'29'!D30+'30'!D30+'31.'!D30 -> 13 | E30: =+C30+D30 -> 24 | F30: =+'1'!F30+'2'!F30+'3'!F30+'4'!F30+'5'!F30+'6'!F30+'7'!F30+'8'!F30+'9'!F30+'10'!F30+'11'!F30+'12'!F30+'13'!F30+'14'!F30+'15'!F30+'16'!F30+'17'!F30+'18'!F30+'19'!F30+'20'!F30+'21'!F30+'22'!F30+'23'!F30+'24'!F30+'25'!F30+'26'!F30+'27'!F30+'28'!F30+'29'!F30+'30'!F30+'31.'!F30 -> 0 | G30: =C30+D30-F30-H30 -> 13 | H30: =+'1'!H30+'2'!H30+'3'!H30+'4'!H30+'5'!H30+'6'!H30+'7'!H30+'8'!H30+'9'!H30+'10'!H30+'11'!H30+'12'!H30+'13'!H30+'14'!H30+'15'!H30+'16'!H30+'17'!H30+'18'!H30+'19'!H30+'20'!H30+'21'!H30+'22'!H30+'23'!H30+'24'!H30+'25'!H30+'26'!H30+'27'!H30+'28'!H30+'29'!H30+'30'!H30+'31.'!H30 -> 11 | I30: 100 | J30: =+'1'!J30+'2'!J30+'3'!J30+'4'!J30+'5'!J30+'6'!J30+'7'!J30+'8'!J30+'9'!J30+'10'!J30+'11'!J30+'12'!J30+'13'!J30+'14'!J30+'15'!J30+'16'!J30+'17'!J30+'18'!J30+'19'!J30+'20'!J30+'21'!J30+'22'!J30+'23'!J30+'24'!J30+'25'!J30+'26'!J30+'27'!J30+'28'!J30+'29'!J30+'30'!J30+'31.'!J30 -> 1100 | L30: 26 | M30: =+'26'!K257 -> 4160 | N30: =+'26'!K262 -> 895 | O30: =+'26'!K260 -> 0 | P30: =+'26'!K258 -> 0 | Q30: =+'26'!K261 -> 65 | R30: =+'26'!K259 -> 1270 | S30: =+M30-N30-O30-P30-Q30-R30 -> 1930 | T30: =+'26'!K264 -> 1930 | U30: =+T30-S30 -> 0
A31: 27 | B31: ชิฟฟ่อน สอดไส้ 6 ชิ้น ส้ม | C31: =+ยกมา!C40 -> 1 | D31: =+'1'!D31+'2'!D31+'3'!D31+'4'!D31+'5'!D31+'6'!D31+'7'!D31+'8'!D31+'9'!D31+'10'!D31+'11'!D31+'12'!D31+'13'!D31+'14'!D31+'15'!D31+'16'!D31+'17'!D31+'18'!D31+'19'!D31+'20'!D31+'21'!D31+'22'!D31+'23'!D31+'24'!D31+'25'!D31+'26'!D31+'27'!D31+'28'!D31+'29'!D31+'30'!D31+'31.'!D31 -> 3 | E31: =+C31+D31 -> 4 | F31: =+'1'!F31+'2'!F31+'3'!F31+'4'!F31+'5'!F31+'6'!F31+'7'!F31+'8'!F31+'9'!F31+'10'!F31+'11'!F31+'12'!F31+'13'!F31+'14'!F31+'15'!F31+'16'!F31+'17'!F31+'18'!F31+'19'!F31+'20'!F31+'21'!F31+'22'!F31+'23'!F31+'24'!F31+'25'!F31+'26'!F31+'27'!F31+'28'!F31+'29'!F31+'30'!F31+'31.'!F31 -> 0 | G31: =C31+D31-F31-H31 -> 1 | H31: =+'1'!H31+'2'!H31+'3'!H31+'4'!H31+'5'!H31+'6'!H31+'7'!H31+'8'!H31+'9'!H31+'10'!H31+'11'!H31+'12'!H31+'13'!H31+'14'!H31+'15'!H31+'16'!H31+'17'!H31+'18'!H31+'19'!H31+'20'!H31+'21'!H31+'22'!H31+'23'!H31+'24'!H31+'25'!H31+'26'!H31+'27'!H31+'28'!H31+'29'!H31+'30'!H31+'31.'!H31 -> 3 | I31: 100 | J31: =+'1'!J31+'2'!J31+'3'!J31+'4'!J31+'5'!J31+'6'!J31+'7'!J31+'8'!J31+'9'!J31+'10'!J31+'11'!J31+'12'!J31+'13'!J31+'14'!J31+'15'!J31+'16'!J31+'17'!J31+'18'!J31+'19'!J31+'20'!J31+'21'!J31+'22'!J31+'23'!J31+'24'!J31+'25'!J31+'26'!J31+'27'!J31+'28'!J31+'29'!J31+'30'!J31+'31.'!J31 -> 300 | L31: 27 | M31: =+'27'!K257 -> 4610 | N31: =+'27'!K262 -> 1090 | O31: =+'27'!K260 -> 0 | P31: =+'27'!K258 -> 0 | Q31: =+'27'!K261 -> 0 | R31: =+'27'!K259 -> 1620 | S31: =+M31-N31-O31-P31-Q31-R31 -> 1900 | T31: =+'27'!K264 -> 1900 | U31: =+T31-S31 -> 0
A32: 28 | B32: ชิฟฟ่อนครีมมะพร้าว 120 g. (ชิ้น) | C32: =+ยกมา!C41 -> 4 | D32: =+'1'!D32+'2'!D32+'3'!D32+'4'!D32+'5'!D32+'6'!D32+'7'!D32+'8'!D32+'9'!D32+'10'!D32+'11'!D32+'12'!D32+'13'!D32+'14'!D32+'15'!D32+'16'!D32+'17'!D32+'18'!D32+'19'!D32+'20'!D32+'21'!D32+'22'!D32+'23'!D32+'24'!D32+'25'!D32+'26'!D32+'27'!D32+'28'!D32+'29'!D32+'30'!D32+'31.'!D32 -> 7 | E32: =+C32+D32 -> 11 | F32: =+'1'!F32+'2'!F32+'3'!F32+'4'!F32+'5'!F32+'6'!F32+'7'!F32+'8'!F32+'9'!F32+'10'!F32+'11'!F32+'12'!F32+'13'!F32+'14'!F32+'15'!F32+'16'!F32+'17'!F32+'18'!F32+'19'!F32+'20'!F32+'21'!F32+'22'!F32+'23'!F32+'24'!F32+'25'!F32+'26'!F32+'27'!F32+'28'!F32+'29'!F32+'30'!F32+'31.'!F32 -> 0 | G32: =C32+D32-F32-H32 -> 11 | H32: =+'1'!H32+'2'!H32+'3'!H32+'4'!H32+'5'!H32+'6'!H32+'7'!H32+'8'!H32+'9'!H32+'10'!H32+'11'!H32+'12'!H32+'13'!H32+'14'!H32+'15'!H32+'16'!H32+'17'!H32+'18'!H32+'19'!H32+'20'!H32+'21'!H32+'22'!H32+'23'!H32+'24'!H32+'25'!H32+'26'!H32+'27'!H32+'28'!H32+'29'!H32+'30'!H32+'31.'!H32 -> 0 | I32: 35 | J32: =+'1'!J32+'2'!J32+'3'!J32+'4'!J32+'5'!J32+'6'!J32+'7'!J32+'8'!J32+'9'!J32+'10'!J32+'11'!J32+'12'!J32+'13'!J32+'14'!J32+'15'!J32+'16'!J32+'17'!J32+'18'!J32+'19'!J32+'20'!J32+'21'!J32+'22'!J32+'23'!J32+'24'!J32+'25'!J32+'26'!J32+'27'!J32+'28'!J32+'29'!J32+'30'!J32+'31.'!J32 -> 0 | L32: 28 | M32: =+'28'!K257 -> 3970 | N32: =+'28'!K262 -> 1225 | O32: =+'28'!K260 -> 0 | P32: =+'28'!K258 -> 0 | Q32: =+'28'!K261 -> 50 | R32: =+'28'!K259 -> 605 | S32: =+M32-N32-O32-P32-Q32-R32 -> 2090 | T32: =+'28'!K264 -> 2090 | U32: =+T32-S32 -> 0
A33: 29 | B33: ชิฟฟ่อน 8 ชิ้น มะลิ | C33: =+ยกมา!C50 -> 3 | D33: =+'1'!D33+'2'!D33+'3'!D33+'4'!D33+'5'!D33+'6'!D33+'7'!D33+'8'!D33+'9'!D33+'10'!D33+'11'!D33+'12'!D33+'13'!D33+'14'!D33+'15'!D33+'16'!D33+'17'!D33+'18'!D33+'19'!D33+'20'!D33+'21'!D33+'22'!D33+'23'!D33+'24'!D33+'25'!D33+'26'!D33+'27'!D33+'28'!D33+'29'!D33+'30'!D33+'31.'!D33 -> 0 | E33: =+C33+D33 -> 3 | F33: =+'1'!F33+'2'!F33+'3'!F33+'4'!F33+'5'!F33+'6'!F33+'7'!F33+'8'!F33+'9'!F33+'10'!F33+'11'!F33+'12'!F33+'13'!F33+'14'!F33+'15'!F33+'16'!F33+'17'!F33+'18'!F33+'19'!F33+'20'!F33+'21'!F33+'22'!F33+'23'!F33+'24'!F33+'25'!F33+'26'!F33+'27'!F33+'28'!F33+'29'!F33+'30'!F33+'31.'!F33 -> 0 | G33: =C33+D33-F33-H33 -> 3 | H33: =+'1'!H33+'2'!H33+'3'!H33+'4'!H33+'5'!H33+'6'!H33+'7'!H33+'8'!H33+'9'!H33+'10'!H33+'11'!H33+'12'!H33+'13'!H33+'14'!H33+'15'!H33+'16'!H33+'17'!H33+'18'!H33+'19'!H33+'20'!H33+'21'!H33+'22'!H33+'23'!H33+'24'!H33+'25'!H33+'26'!H33+'27'!H33+'28'!H33+'29'!H33+'30'!H33+'31.'!H33 -> 0 | I33: 100 | J33: =+'1'!J33+'2'!J33+'3'!J33+'4'!J33+'5'!J33+'6'!J33+'7'!J33+'8'!J33+'9'!J33+'10'!J33+'11'!J33+'12'!J33+'13'!J33+'14'!J33+'15'!J33+'16'!J33+'17'!J33+'18'!J33+'19'!J33+'20'!J33+'21'!J33+'22'!J33+'23'!J33+'24'!J33+'25'!J33+'26'!J33+'27'!J33+'28'!J33+'29'!J33+'30'!J33+'31.'!J33 -> 0 | L33: 29 | M33: =+'29'!K257 -> 5100 | N33: =+'29'!K262 -> 640 | O33: =+'29'!K260 -> 0 | P33: =+'29'!K258 -> 0 | Q33: =+'29'!K261 -> 0 | R33: =+'29'!K259 -> 1995 | S33: =+M33-N33-O33-P33-Q33-R33 -> 2465 | T33: =+'29'!K264 -> 2465 | U33: =+T33-S33 -> 0
A34: 30 | B34: ชิฟฟ่อนรวมรส ยอดฮิต 8 ชิ้น | C34: =+ยกมา!C51 -> 0 | D34: =+'1'!D34+'2'!D34+'3'!D34+'4'!D34+'5'!D34+'6'!D34+'7'!D34+'8'!D34+'9'!D34+'10'!D34+'11'!D34+'12'!D34+'13'!D34+'14'!D34+'15'!D34+'16'!D34+'17'!D34+'18'!D34+'19'!D34+'20'!D34+'21'!D34+'22'!D34+'23'!D34+'24'!D34+'25'!D34+'26'!D34+'27'!D34+'28'!D34+'29'!D34+'30'!D34+'31.'!D34 -> 151 | E34: =+C34+D34 -> 151 | F34: =+'1'!F34+'2'!F34+'3'!F34+'4'!F34+'5'!F34+'6'!F34+'7'!F34+'8'!F34+'9'!F34+'10'!F34+'11'!F34+'12'!F34+'13'!F34+'14'!F34+'15'!F34+'16'!F34+'17'!F34+'18'!F34+'19'!F34+'20'!F34+'21'!F34+'22'!F34+'23'!F34+'24'!F34+'25'!F34+'26'!F34+'27'!F34+'28'!F34+'29'!F34+'30'!F34+'31.'!F34 -> 12 | G34: =C34+D34-F34-H34 -> 37 | H34: =+'1'!H34+'2'!H34+'3'!H34+'4'!H34+'5'!H34+'6'!H34+'7'!H34+'8'!H34+'9'!H34+'10'!H34+'11'!H34+'12'!H34+'13'!H34+'14'!H34+'15'!H34+'16'!H34+'17'!H34+'18'!H34+'19'!H34+'20'!H34+'21'!H34+'22'!H34+'23'!H34+'24'!H34+'25'!H34+'26'!H34+'27'!H34+'28'!H34+'29'!H34+'30'!H34+'31.'!H34 -> 102 | I34: 100 | J34: =+'1'!J34+'2'!J34+'3'!J34+'4'!J34+'5'!J34+'6'!J34+'7'!J34+'8'!J34+'9'!J34+'10'!J34+'11'!J34+'12'!J34+'13'!J34+'14'!J34+'15'!J34+'16'!J34+'17'!J34+'18'!J34+'19'!J34+'20'!J34+'21'!J34+'22'!J34+'23'!J34+'24'!J34+'25'!J34+'26'!J34+'27'!J34+'28'!J34+'29'!J34+'30'!J34+'31.'!J34 -> 10200 | L34: 30 | M34: =+'30'!K257 -> 2345 | N34: =+'30'!K262 -> 705 | O34: =+'30'!K260 -> 0 | P34: =+'30'!K258 -> 0 | Q34: =+'30'!K261 -> 50 | R34: =+'30'!K259 -> 895 | S34: =+M34-N34-O34-P34-Q34-R34 -> 695 | T34: =+'30'!K264 -> 695 | U34: =+T34-S34 -> 0
A35: 31 | B35: ชิฟฟ่อน สอดไส้ (ญ) 8 ชิ้น รวมรส | C35: =+ยกมา!C48 -> 2 | D35: =+'1'!D35+'2'!D35+'3'!D35+'4'!D35+'5'!D35+'6'!D35+'7'!D35+'8'!D35+'9'!D35+'10'!D35+'11'!D35+'12'!D35+'13'!D35+'14'!D35+'15'!D35+'16'!D35+'17'!D35+'18'!D35+'19'!D35+'20'!D35+'21'!D35+'22'!D35+'23'!D35+'24'!D35+'25'!D35+'26'!D35+'27'!D35+'28'!D35+'29'!D35+'30'!D35+'31.'!D35 -> 55 | E35: =+C35+D35 -> 57 | F35: =+'1'!F35+'2'!F35+'3'!F35+'4'!F35+'5'!F35+'6'!F35+'7'!F35+'8'!F35+'9'!F35+'10'!F35+'11'!F35+'12'!F35+'13'!F35+'14'!F35+'15'!F35+'16'!F35+'17'!F35+'18'!F35+'19'!F35+'20'!F35+'21'!F35+'22'!F35+'23'!F35+'24'!F35+'25'!F35+'26'!F35+'27'!F35+'28'!F35+'29'!F35+'30'!F35+'31.'!F35 -> 1 | G35: =C35+D35-F35-H35 -> 21 | H35: =+'1'!H35+'2'!H35+'3'!H35+'4'!H35+'5'!H35+'6'!H35+'7'!H35+'8'!H35+'9'!H35+'10'!H35+'11'!H35+'12'!H35+'13'!H35+'14'!H35+'15'!H35+'16'!H35+'17'!H35+'18'!H35+'19'!H35+'20'!H35+'21'!H35+'22'!H35+'23'!H35+'24'!H35+'25'!H35+'26'!H35+'27'!H35+'28'!H35+'29'!H35+'30'!H35+'31.'!H35 -> 35 | I35: 130 | J35: =+'1'!J35+'2'!J35+'3'!J35+'4'!J35+'5'!J35+'6'!J35+'7'!J35+'8'!J35+'9'!J35+'10'!J35+'11'!J35+'12'!J35+'13'!J35+'14'!J35+'15'!J35+'16'!J35+'17'!J35+'18'!J35+'19'!J35+'20'!J35+'21'!J35+'22'!J35+'23'!J35+'24'!J35+'25'!J35+'26'!J35+'27'!J35+'28'!J35+'29'!J35+'30'!J35+'31.'!J35 -> 4550 | L35: 31 | M35: =+'31.'!K257 -> 905 | N35: =+'31.'!K262 -> 50 | O35: =+'31.'!K260 -> 0 | P35: =+'31.'!K258 -> 0 | Q35: =+'31.'!K261 -> 0 | R35: =+'31.'!K259 -> 60 | S35: =+M35-N35-O35-P35-Q35-R35 -> 795 | T35: =+'31.'!K264 -> 795 | U35: =+T35-S35 -> 0
A36: 32 | B36: ชิฟฟ่อน สอดไส้ (ญ) 8 ชิ้น มะพร้าว | C36: 3 | D36: =+'1'!D36+'2'!D36+'3'!D36+'4'!D36+'5'!D36+'6'!D36+'7'!D36+'8'!D36+'9'!D36+'10'!D36+'11'!D36+'12'!D36+'13'!D36+'14'!D36+'15'!D36+'16'!D36+'17'!D36+'18'!D36+'19'!D36+'20'!D36+'21'!D36+'22'!D36+'23'!D36+'24'!D36+'25'!D36+'26'!D36+'27'!D36+'28'!D36+'29'!D36+'30'!D36+'31.'!D36 -> 15 | E36: =+C36+D36 -> 18 | F36: =+'1'!F36+'2'!F36+'3'!F36+'4'!F36+'5'!F36+'6'!F36+'7'!F36+'8'!F36+'9'!F36+'10'!F36+'11'!F36+'12'!F36+'13'!F36+'14'!F36+'15'!F36+'16'!F36+'17'!F36+'18'!F36+'19'!F36+'20'!F36+'21'!F36+'22'!F36+'23'!F36+'24'!F36+'25'!F36+'26'!F36+'27'!F36+'28'!F36+'29'!F36+'30'!F36+'31.'!F36 -> 2 | G36: =C36+D36-F36-H36 -> 0 | H36: =+'1'!H36+'2'!H36+'3'!H36+'4'!H36+'5'!H36+'6'!H36+'7'!H36+'8'!H36+'9'!H36+'10'!H36+'11'!H36+'12'!H36+'13'!H36+'14'!H36+'15'!H36+'16'!H36+'17'!H36+'18'!H36+'19'!H36+'20'!H36+'21'!H36+'22'!H36+'23'!H36+'24'!H36+'25'!H36+'26'!H36+'27'!H36+'28'!H36+'29'!H36+'30'!H36+'31.'!H36 -> 16 | I36: 130 | J36: =+'1'!J36+'2'!J36+'3'!J36+'4'!J36+'5'!J36+'6'!J36+'7'!J36+'8'!J36+'9'!J36+'10'!J36+'11'!J36+'12'!J36+'13'!J36+'14'!J36+'15'!J36+'16'!J36+'17'!J36+'18'!J36+'19'!J36+'20'!J36+'21'!J36+'22'!J36+'23'!J36+'24'!J36+'25'!J36+'26'!J36+'27'!J36+'28'!J36+'29'!J36+'30'!J36+'31.'!J36 -> 2080 | L36: รวม | M36: =SUM(M5:M35) -> 133475 | N36: =SUM(N5:N35) -> 24746.5 | O36: =SUM(O5:O35) -> 0 | P36: =SUM(P5:P35) -> 0 | Q36: =SUM(Q5:Q35) -> 3075 | R36: =SUM(R5:R35) -> 60357 | S36: =SUM(S5:S35) -> 45296.5 | T36: =SUM(T5:T35) -> 45929 | U36: =SUM(U5:U35) -> 632.5
A37: 33 | B37: ชิฟฟ่อน สอดไส้ (ญ) 8 ชิ้น ใบเตย | C37: =+ยกมา!C42 -> 4 | D37: =+'1'!D37+'2'!D37+'3'!D37+'4'!D37+'5'!D37+'6'!D37+'7'!D37+'8'!D37+'9'!D37+'10'!D37+'11'!D37+'12'!D37+'13'!D37+'14'!D37+'15'!D37+'16'!D37+'17'!D37+'18'!D37+'19'!D37+'20'!D37+'21'!D37+'22'!D37+'23'!D37+'24'!D37+'25'!D37+'26'!D37+'27'!D37+'28'!D37+'29'!D37+'30'!D37+'31.'!D37 -> 10 | E37: =+C37+D37 -> 14 | F37: =+'1'!F37+'2'!F37+'3'!F37+'4'!F37+'5'!F37+'6'!F37+'7'!F37+'8'!F37+'9'!F37+'10'!F37+'11'!F37+'12'!F37+'13'!F37+'14'!F37+'15'!F37+'16'!F37+'17'!F37+'18'!F37+'19'!F37+'20'!F37+'21'!F37+'22'!F37+'23'!F37+'24'!F37+'25'!F37+'26'!F37+'27'!F37+'28'!F37+'29'!F37+'30'!F37+'31.'!F37 -> 5 | G37: =C37+D37-F37-H37 -> 4 | H37: =+'1'!H37+'2'!H37+'3'!H37+'4'!H37+'5'!H37+'6'!H37+'7'!H37+'8'!H37+'9'!H37+'10'!H37+'11'!H37+'12'!H37+'13'!H37+'14'!H37+'15'!H37+'16'!H37+'17'!H37+'18'!H37+'19'!H37+'20'!H37+'21'!H37+'22'!H37+'23'!H37+'24'!H37+'25'!H37+'26'!H37+'27'!H37+'28'!H37+'29'!H37+'30'!H37+'31.'!H37 -> 5 | I37: 130 | J37: =+'1'!J37+'2'!J37+'3'!J37+'4'!J37+'5'!J37+'6'!J37+'7'!J37+'8'!J37+'9'!J37+'10'!J37+'11'!J37+'12'!J37+'13'!J37+'14'!J37+'15'!J37+'16'!J37+'17'!J37+'18'!J37+'19'!J37+'20'!J37+'21'!J37+'22'!J37+'23'!J37+'24'!J37+'25'!J37+'26'!J37+'27'!J37+'28'!J37+'29'!J37+'30'!J37+'31.'!J37 -> 650
A38: 34 | B38: ชิฟฟ่อน สอดไส้ (ญ) 8 ชิ้น ทูโทนใบเตย | C38: =+ยกมา!C47 -> 2 | D38: =+'1'!D38+'2'!D38+'3'!D38+'4'!D38+'5'!D38+'6'!D38+'7'!D38+'8'!D38+'9'!D38+'10'!D38+'11'!D38+'12'!D38+'13'!D38+'14'!D38+'15'!D38+'16'!D38+'17'!D38+'18'!D38+'19'!D38+'20'!D38+'21'!D38+'22'!D38+'23'!D38+'24'!D38+'25'!D38+'26'!D38+'27'!D38+'28'!D38+'29'!D38+'30'!D38+'31.'!D38 -> 15 | E38: =+C38+D38 -> 17 | F38: =+'1'!F38+'2'!F38+'3'!F38+'4'!F38+'5'!F38+'6'!F38+'7'!F38+'8'!F38+'9'!F38+'10'!F38+'11'!F38+'12'!F38+'13'!F38+'14'!F38+'15'!F38+'16'!F38+'17'!F38+'18'!F38+'19'!F38+'20'!F38+'21'!F38+'22'!F38+'23'!F38+'24'!F38+'25'!F38+'26'!F38+'27'!F38+'28'!F38+'29'!F38+'30'!F38+'31.'!F38 -> 6 | G38: =C38+D38-F38-H38 -> 2 | H38: =+'1'!H38+'2'!H38+'3'!H38+'4'!H38+'5'!H38+'6'!H38+'7'!H38+'8'!H38+'9'!H38+'10'!H38+'11'!H38+'12'!H38+'13'!H38+'14'!H38+'15'!H38+'16'!H38+'17'!H38+'18'!H38+'19'!H38+'20'!H38+'21'!H38+'22'!H38+'23'!H38+'24'!H38+'25'!H38+'26'!H38+'27'!H38+'28'!H38+'29'!H38+'30'!H38+'31.'!H38 -> 9 | I38: 130 | J38: =+'1'!J38+'2'!J38+'3'!J38+'4'!J38+'5'!J38+'6'!J38+'7'!J38+'8'!J38+'9'!J38+'10'!J38+'11'!J38+'12'!J38+'13'!J38+'14'!J38+'15'!J38+'16'!J38+'17'!J38+'18'!J38+'19'!J38+'20'!J38+'21'!J38+'22'!J38+'23'!J38+'24'!J38+'25'!J38+'26'!J38+'27'!J38+'28'!J38+'29'!J38+'30'!J38+'31.'!J38 -> 1170
A39: 35 | B39: ชิฟฟอนหม้อแกง | C39: =+ยกมา!C121 -> 0 | D39: =+'1'!D39+'2'!D39+'3'!D39+'4'!D39+'5'!D39+'6'!D39+'7'!D39+'8'!D39+'9'!D39+'10'!D39+'11'!D39+'12'!D39+'13'!D39+'14'!D39+'15'!D39+'16'!D39+'17'!D39+'18'!D39+'19'!D39+'20'!D39+'21'!D39+'22'!D39+'23'!D39+'24'!D39+'25'!D39+'26'!D39+'27'!D39+'28'!D39+'29'!D39+'30'!D39+'31.'!D39 -> 0 | E39: =+C39+D39 -> 0 | F39: =+'1'!F39+'2'!F39+'3'!F39+'4'!F39+'5'!F39+'6'!F39+'7'!F39+'8'!F39+'9'!F39+'10'!F39+'11'!F39+'12'!F39+'13'!F39+'14'!F39+'15'!F39+'16'!F39+'17'!F39+'18'!F39+'19'!F39+'20'!F39+'21'!F39+'22'!F39+'23'!F39+'24'!F39+'25'!F39+'26'!F39+'27'!F39+'28'!F39+'29'!F39+'30'!F39+'31.'!F39 -> 0 | G39: =C39+D39-F39-H39 -> 0 | H39: =+'1'!H39+'2'!H39+'3'!H39+'4'!H39+'5'!H39+'6'!H39+'7'!H39+'8'!H39+'9'!H39+'10'!H39+'11'!H39+'12'!H39+'13'!H39+'14'!H39+'15'!H39+'16'!H39+'17'!H39+'18'!H39+'19'!H39+'20'!H39+'21'!H39+'22'!H39+'23'!H39+'24'!H39+'25'!H39+'26'!H39+'27'!H39+'28'!H39+'29'!H39+'30'!H39+'31.'!H39 -> 0 | I39: 40 | J39: =+'1'!J39+'2'!J39+'3'!J39+'4'!J39+'5'!J39+'6'!J39+'7'!J39+'8'!J39+'9'!J39+'10'!J39+'11'!J39+'12'!J39+'13'!J39+'14'!J39+'15'!J39+'16'!J39+'17'!J39+'18'!J39+'19'!J39+'20'!J39+'21'!J39+'22'!J39+'23'!J39+'24'!J39+'25'!J39+'26'!J39+'27'!J39+'28'!J39+'29'!J39+'30'!J39+'31.'!J39 -> 0
A40: 36 | B40: ครีมฮอร์น วนิลา | C40: =+ยกมา!C52 -> 6 | D40: =+'1'!D40+'2'!D40+'3'!D40+'4'!D40+'5'!D40+'6'!D40+'7'!D40+'8'!D40+'9'!D40+'10'!D40+'11'!D40+'12'!D40+'13'!D40+'14'!D40+'15'!D40+'16'!D40+'17'!D40+'18'!D40+'19'!D40+'20'!D40+'21'!D40+'22'!D40+'23'!D40+'24'!D40+'25'!D40+'26'!D40+'27'!D40+'28'!D40+'29'!D40+'30'!D40+'31.'!D40 -> 49 | E40: =+C40+D40 -> 55 | F40: =+'1'!F40+'2'!F40+'3'!F40+'4'!F40+'5'!F40+'6'!F40+'7'!F40+'8'!F40+'9'!F40+'10'!F40+'11'!F40+'12'!F40+'13'!F40+'14'!F40+'15'!F40+'16'!F40+'17'!F40+'18'!F40+'19'!F40+'20'!F40+'21'!F40+'22'!F40+'23'!F40+'24'!F40+'25'!F40+'26'!F40+'27'!F40+'28'!F40+'29'!F40+'30'!F40+'31.'!F40 -> 1 | G40: =C40+D40-F40-H40 -> 15 | H40: =+'1'!H40+'2'!H40+'3'!H40+'4'!H40+'5'!H40+'6'!H40+'7'!H40+'8'!H40+'9'!H40+'10'!H40+'11'!H40+'12'!H40+'13'!H40+'14'!H40+'15'!H40+'16'!H40+'17'!H40+'18'!H40+'19'!H40+'20'!H40+'21'!H40+'22'!H40+'23'!H40+'24'!H40+'25'!H40+'26'!H40+'27'!H40+'28'!H40+'29'!H40+'30'!H40+'31.'!H40 -> 39 | I40: 50 | J40: =+'1'!J40+'2'!J40+'3'!J40+'4'!J40+'5'!J40+'6'!J40+'7'!J40+'8'!J40+'9'!J40+'10'!J40+'11'!J40+'12'!J40+'13'!J40+'14'!J40+'15'!J40+'16'!J40+'17'!J40+'18'!J40+'19'!J40+'20'!J40+'21'!J40+'22'!J40+'23'!J40+'24'!J40+'25'!J40+'26'!J40+'27'!J40+'28'!J40+'29'!J40+'30'!J40+'31.'!J40 -> 1950
A41: 37 | B41: ครีมฮอร์น ใบเตย | C41: =+ยกมา!C53 -> 12 | D41: =+'1'!D41+'2'!D41+'3'!D41+'4'!D41+'5'!D41+'6'!D41+'7'!D41+'8'!D41+'9'!D41+'10'!D41+'11'!D41+'12'!D41+'13'!D41+'14'!D41+'15'!D41+'16'!D41+'17'!D41+'18'!D41+'19'!D41+'20'!D41+'21'!D41+'22'!D41+'23'!D41+'24'!D41+'25'!D41+'26'!D41+'27'!D41+'28'!D41+'29'!D41+'30'!D41+'31.'!D41 -> 43 | E41: =+C41+D41 -> 55 | F41: =+'1'!F41+'2'!F41+'3'!F41+'4'!F41+'5'!F41+'6'!F41+'7'!F41+'8'!F41+'9'!F41+'10'!F41+'11'!F41+'12'!F41+'13'!F41+'14'!F41+'15'!F41+'16'!F41+'17'!F41+'18'!F41+'19'!F41+'20'!F41+'21'!F41+'22'!F41+'23'!F41+'24'!F41+'25'!F41+'26'!F41+'27'!F41+'28'!F41+'29'!F41+'30'!F41+'31.'!F41 -> 1 | G41: =C41+D41-F41-H41 -> 21 | H41: =+'1'!H41+'2'!H41+'3'!H41+'4'!H41+'5'!H41+'6'!H41+'7'!H41+'8'!H41+'9'!H41+'10'!H41+'11'!H41+'12'!H41+'13'!H41+'14'!H41+'15'!H41+'16'!H41+'17'!H41+'18'!H41+'19'!H41+'20'!H41+'21'!H41+'22'!H41+'23'!H41+'24'!H41+'25'!H41+'26'!H41+'27'!H41+'28'!H41+'29'!H41+'30'!H41+'31.'!H41 -> 33 | I41: 50 | J41: =+'1'!J41+'2'!J41+'3'!J41+'4'!J41+'5'!J41+'6'!J41+'7'!J41+'8'!J41+'9'!J41+'10'!J41+'11'!J41+'12'!J41+'13'!J41+'14'!J41+'15'!J41+'16'!J41+'17'!J41+'18'!J41+'19'!J41+'20'!J41+'21'!J41+'22'!J41+'23'!J41+'24'!J41+'25'!J41+'26'!J41+'27'!J41+'28'!J41+'29'!J41+'30'!J41+'31.'!J41 -> 1650
A42: 38 | B42: ครีมฮอร์น ช็อคโกแลต | C42: =+ยกมา!C54 -> 6 | D42: =+'1'!D42+'2'!D42+'3'!D42+'4'!D42+'5'!D42+'6'!D42+'7'!D42+'8'!D42+'9'!D42+'10'!D42+'11'!D42+'12'!D42+'13'!D42+'14'!D42+'15'!D42+'16'!D42+'17'!D42+'18'!D42+'19'!D42+'20'!D42+'21'!D42+'22'!D42+'23'!D42+'24'!D42+'25'!D42+'26'!D42+'27'!D42+'28'!D42+'29'!D42+'30'!D42+'31.'!D42 -> 26 | E42: =+C42+D42 -> 32 | F42: =+'1'!F42+'2'!F42+'3'!F42+'4'!F42+'5'!F42+'6'!F42+'7'!F42+'8'!F42+'9'!F42+'10'!F42+'11'!F42+'12'!F42+'13'!F42+'14'!F42+'15'!F42+'16'!F42+'17'!F42+'18'!F42+'19'!F42+'20'!F42+'21'!F42+'22'!F42+'23'!F42+'24'!F42+'25'!F42+'26'!F42+'27'!F42+'28'!F42+'29'!F42+'30'!F42+'31.'!F42 -> 0 | G42: =C42+D42-F42-H42 -> 7 | H42: =+'1'!H42+'2'!H42+'3'!H42+'4'!H42+'5'!H42+'6'!H42+'7'!H42+'8'!H42+'9'!H42+'10'!H42+'11'!H42+'12'!H42+'13'!H42+'14'!H42+'15'!H42+'16'!H42+'17'!H42+'18'!H42+'19'!H42+'20'!H42+'21'!H42+'22'!H42+'23'!H42+'24'!H42+'25'!H42+'26'!H42+'27'!H42+'28'!H42+'29'!H42+'30'!H42+'31.'!H42 -> 25 | I42: 50 | J42: =+'1'!J42+'2'!J42+'3'!J42+'4'!J42+'5'!J42+'6'!J42+'7'!J42+'8'!J42+'9'!J42+'10'!J42+'11'!J42+'12'!J42+'13'!J42+'14'!J42+'15'!J42+'16'!J42+'17'!J42+'18'!J42+'19'!J42+'20'!J42+'21'!J42+'22'!J42+'23'!J42+'24'!J42+'25'!J42+'26'!J42+'27'!J42+'28'!J42+'29'!J42+'30'!J42+'31.'!J42 -> 1250
A43: 39 | B43: ครีมฮอร์นชาไทย | C43: 10 | D43: =+'1'!D43+'2'!D43+'3'!D43+'4'!D43+'5'!D43+'6'!D43+'7'!D43+'8'!D43+'9'!D43+'10'!D43+'11'!D43+'12'!D43+'13'!D43+'14'!D43+'15'!D43+'16'!D43+'17'!D43+'18'!D43+'19'!D43+'20'!D43+'21'!D43+'22'!D43+'23'!D43+'24'!D43+'25'!D43+'26'!D43+'27'!D43+'28'!D43+'29'!D43+'30'!D43+'31.'!D43 -> 0 | E43: =+C43+D43 -> 10 | F43: =+'1'!F43+'2'!F43+'3'!F43+'4'!F43+'5'!F43+'6'!F43+'7'!F43+'8'!F43+'9'!F43+'10'!F43+'11'!F43+'12'!F43+'13'!F43+'14'!F43+'15'!F43+'16'!F43+'17'!F43+'18'!F43+'19'!F43+'20'!F43+'21'!F43+'22'!F43+'23'!F43+'24'!F43+'25'!F43+'26'!F43+'27'!F43+'28'!F43+'29'!F43+'30'!F43+'31.'!F43 -> 0 | G43: =C43+D43-F43-H43 -> 0 | H43: =+'1'!H43+'2'!H43+'3'!H43+'4'!H43+'5'!H43+'6'!H43+'7'!H43+'8'!H43+'9'!H43+'10'!H43+'11'!H43+'12'!H43+'13'!H43+'14'!H43+'15'!H43+'16'!H43+'17'!H43+'18'!H43+'19'!H43+'20'!H43+'21'!H43+'22'!H43+'23'!H43+'24'!H43+'25'!H43+'26'!H43+'27'!H43+'28'!H43+'29'!H43+'30'!H43+'31.'!H43 -> 10 | I43: 25 | J43: =+'1'!J43+'2'!J43+'3'!J43+'4'!J43+'5'!J43+'6'!J43+'7'!J43+'8'!J43+'9'!J43+'10'!J43+'11'!J43+'12'!J43+'13'!J43+'14'!J43+'15'!J43+'16'!J43+'17'!J43+'18'!J43+'19'!J43+'20'!J43+'21'!J43+'22'!J43+'23'!J43+'24'!J43+'25'!J43+'26'!J43+'27'!J43+'28'!J43+'29'!J43+'30'!J43+'31.'!J43 -> 250
A44: 40 | B44: ครีมฮอร์นฝอยทอง วนิลา | C44: =+ยกมา!C68 -> 0 | D44: =+'1'!D44+'2'!D44+'3'!D44+'4'!D44+'5'!D44+'6'!D44+'7'!D44+'8'!D44+'9'!D44+'10'!D44+'11'!D44+'12'!D44+'13'!D44+'14'!D44+'15'!D44+'16'!D44+'17'!D44+'18'!D44+'19'!D44+'20'!D44+'21'!D44+'22'!D44+'23'!D44+'24'!D44+'25'!D44+'26'!D44+'27'!D44+'28'!D44+'29'!D44+'30'!D44+'31.'!D44 -> 0 | E44: =+C44+D44 -> 0 | F44: =+'1'!F44+'2'!F44+'3'!F44+'4'!F44+'5'!F44+'6'!F44+'7'!F44+'8'!F44+'9'!F44+'10'!F44+'11'!F44+'12'!F44+'13'!F44+'14'!F44+'15'!F44+'16'!F44+'17'!F44+'18'!F44+'19'!F44+'20'!F44+'21'!F44+'22'!F44+'23'!F44+'24'!F44+'25'!F44+'26'!F44+'27'!F44+'28'!F44+'29'!F44+'30'!F44+'31.'!F44 -> 0 | G44: =C44+D44-F44-H44 -> 0 | H44: =+'1'!H44+'2'!H44+'3'!H44+'4'!H44+'5'!H44+'6'!H44+'7'!H44+'8'!H44+'9'!H44+'10'!H44+'11'!H44+'12'!H44+'13'!H44+'14'!H44+'15'!H44+'16'!H44+'17'!H44+'18'!H44+'19'!H44+'20'!H44+'21'!H44+'22'!H44+'23'!H44+'24'!H44+'25'!H44+'26'!H44+'27'!H44+'28'!H44+'29'!H44+'30'!H44+'31.'!H44 -> 0 | I44: 65 | J44: =+'1'!J44+'2'!J44+'3'!J44+'4'!J44+'5'!J44+'6'!J44+'7'!J44+'8'!J44+'9'!J44+'10'!J44+'11'!J44+'12'!J44+'13'!J44+'14'!J44+'15'!J44+'16'!J44+'17'!J44+'18'!J44+'19'!J44+'20'!J44+'21'!J44+'22'!J44+'23'!J44+'24'!J44+'25'!J44+'26'!J44+'27'!J44+'28'!J44+'29'!J44+'30'!J44+'31.'!J44 -> 0
A45: 41 | B45: ครีมฮอร์นฝอยทอง ใบเตย | C45: =+ยกมา!C162 -> 0 | D45: =+'1'!D45+'2'!D45+'3'!D45+'4'!D45+'5'!D45+'6'!D45+'7'!D45+'8'!D45+'9'!D45+'10'!D45+'11'!D45+'12'!D45+'13'!D45+'14'!D45+'15'!D45+'16'!D45+'17'!D45+'18'!D45+'19'!D45+'20'!D45+'21'!D45+'22'!D45+'23'!D45+'24'!D45+'25'!D45+'26'!D45+'27'!D45+'28'!D45+'29'!D45+'30'!D45+'31.'!D45 -> 0 | E45: =+C45+D45 -> 0 | F45: =+'1'!F45+'2'!F45+'3'!F45+'4'!F45+'5'!F45+'6'!F45+'7'!F45+'8'!F45+'9'!F45+'10'!F45+'11'!F45+'12'!F45+'13'!F45+'14'!F45+'15'!F45+'16'!F45+'17'!F45+'18'!F45+'19'!F45+'20'!F45+'21'!F45+'22'!F45+'23'!F45+'24'!F45+'25'!F45+'26'!F45+'27'!F45+'28'!F45+'29'!F45+'30'!F45+'31.'!F45 -> 0 | G45: =C45+D45-F45-H45 -> 0 | H45: =+'1'!H45+'2'!H45+'3'!H45+'4'!H45+'5'!H45+'6'!H45+'7'!H45+'8'!H45+'9'!H45+'10'!H45+'11'!H45+'12'!H45+'13'!H45+'14'!H45+'15'!H45+'16'!H45+'17'!H45+'18'!H45+'19'!H45+'20'!H45+'21'!H45+'22'!H45+'23'!H45+'24'!H45+'25'!H45+'26'!H45+'27'!H45+'28'!H45+'29'!H45+'30'!H45+'31.'!H45 -> 0 | I45: 65 | J45: =+'1'!J45+'2'!J45+'3'!J45+'4'!J45+'5'!J45+'6'!J45+'7'!J45+'8'!J45+'9'!J45+'10'!J45+'11'!J45+'12'!J45+'13'!J45+'14'!J45+'15'!J45+'16'!J45+'17'!J45+'18'!J45+'19'!J45+'20'!J45+'21'!J45+'22'!J45+'23'!J45+'24'!J45+'25'!J45+'26'!J45+'27'!J45+'28'!J45+'29'!J45+'30'!J45+'31.'!J45 -> 0
A46: 42 | B46: เบาหวิวมะพร้าว (100g) | C46: =+ยกมา!C157 -> 3 | D46: =+'1'!D46+'2'!D46+'3'!D46+'4'!D46+'5'!D46+'6'!D46+'7'!D46+'8'!D46+'9'!D46+'10'!D46+'11'!D46+'12'!D46+'13'!D46+'14'!D46+'15'!D46+'16'!D46+'17'!D46+'18'!D46+'19'!D46+'20'!D46+'21'!D46+'22'!D46+'23'!D46+'24'!D46+'25'!D46+'26'!D46+'27'!D46+'28'!D46+'29'!D46+'30'!D46+'31.'!D46 -> 0 | E46: =+C46+D46 -> 3 | F46: =+'1'!F46+'2'!F46+'3'!F46+'4'!F46+'5'!F46+'6'!F46+'7'!F46+'8'!F46+'9'!F46+'10'!F46+'11'!F46+'12'!F46+'13'!F46+'14'!F46+'15'!F46+'16'!F46+'17'!F46+'18'!F46+'19'!F46+'20'!F46+'21'!F46+'22'!F46+'23'!F46+'24'!F46+'25'!F46+'26'!F46+'27'!F46+'28'!F46+'29'!F46+'30'!F46+'31.'!F46 -> 0 | G46: =C46+D46-F46-H46 -> 3 | H46: =+'1'!H46+'2'!H46+'3'!H46+'4'!H46+'5'!H46+'6'!H46+'7'!H46+'8'!H46+'9'!H46+'10'!H46+'11'!H46+'12'!H46+'13'!H46+'14'!H46+'15'!H46+'16'!H46+'17'!H46+'18'!H46+'19'!H46+'20'!H46+'21'!H46+'22'!H46+'23'!H46+'24'!H46+'25'!H46+'26'!H46+'27'!H46+'28'!H46+'29'!H46+'30'!H46+'31.'!H46 -> 0 | I46: 35 | J46: =+'1'!J46+'2'!J46+'3'!J46+'4'!J46+'5'!J46+'6'!J46+'7'!J46+'8'!J46+'9'!J46+'10'!J46+'11'!J46+'12'!J46+'13'!J46+'14'!J46+'15'!J46+'16'!J46+'17'!J46+'18'!J46+'19'!J46+'20'!J46+'21'!J46+'22'!J46+'23'!J46+'24'!J46+'25'!J46+'26'!J46+'27'!J46+'28'!J46+'29'!J46+'30'!J46+'31.'!J46 -> 0
A47: 43 | B47: เบาหวิว (ล) ใหม่ รสกล้วยหอมมะพร้าวเผา | C47: =+ยกมา!C55 -> 3 | D47: =+'1'!D47+'2'!D47+'3'!D47+'4'!D47+'5'!D47+'6'!D47+'7'!D47+'8'!D47+'9'!D47+'10'!D47+'11'!D47+'12'!D47+'13'!D47+'14'!D47+'15'!D47+'16'!D47+'17'!D47+'18'!D47+'19'!D47+'20'!D47+'21'!D47+'22'!D47+'23'!D47+'24'!D47+'25'!D47+'26'!D47+'27'!D47+'28'!D47+'29'!D47+'30'!D47+'31.'!D47 -> 12 | E47: =+C47+D47 -> 15 | F47: =+'1'!F47+'2'!F47+'3'!F47+'4'!F47+'5'!F47+'6'!F47+'7'!F47+'8'!F47+'9'!F47+'10'!F47+'11'!F47+'12'!F47+'13'!F47+'14'!F47+'15'!F47+'16'!F47+'17'!F47+'18'!F47+'19'!F47+'20'!F47+'21'!F47+'22'!F47+'23'!F47+'24'!F47+'25'!F47+'26'!F47+'27'!F47+'28'!F47+'29'!F47+'30'!F47+'31.'!F47 -> 0 | G47: =C47+D47-F47-H47 -> 6 | H47: =+'1'!H47+'2'!H47+'3'!H47+'4'!H47+'5'!H47+'6'!H47+'7'!H47+'8'!H47+'9'!H47+'10'!H47+'11'!H47+'12'!H47+'13'!H47+'14'!H47+'15'!H47+'16'!H47+'17'!H47+'18'!H47+'19'!H47+'20'!H47+'21'!H47+'22'!H47+'23'!H47+'24'!H47+'25'!H47+'26'!H47+'27'!H47+'28'!H47+'29'!H47+'30'!H47+'31.'!H47 -> 9 | I47: 50 | J47: =+'1'!J47+'2'!J47+'3'!J47+'4'!J47+'5'!J47+'6'!J47+'7'!J47+'8'!J47+'9'!J47+'10'!J47+'11'!J47+'12'!J47+'13'!J47+'14'!J47+'15'!J47+'16'!J47+'17'!J47+'18'!J47+'19'!J47+'20'!J47+'21'!J47+'22'!J47+'23'!J47+'24'!J47+'25'!J47+'26'!J47+'27'!J47+'28'!J47+'29'!J47+'30'!J47+'31.'!J47 -> 450
A48: 44 | B48: เบาหวิว (ล) ใหม่ เผือกมะพร้าว | C48: =+ยกมา!C56 -> 0 | D48: =+'1'!D48+'2'!D48+'3'!D48+'4'!D48+'5'!D48+'6'!D48+'7'!D48+'8'!D48+'9'!D48+'10'!D48+'11'!D48+'12'!D48+'13'!D48+'14'!D48+'15'!D48+'16'!D48+'17'!D48+'18'!D48+'19'!D48+'20'!D48+'21'!D48+'22'!D48+'23'!D48+'24'!D48+'25'!D48+'26'!D48+'27'!D48+'28'!D48+'29'!D48+'30'!D48+'31.'!D48 -> 6 | E48: =+C48+D48 -> 6 | F48: =+'1'!F48+'2'!F48+'3'!F48+'4'!F48+'5'!F48+'6'!F48+'7'!F48+'8'!F48+'9'!F48+'10'!F48+'11'!F48+'12'!F48+'13'!F48+'14'!F48+'15'!F48+'16'!F48+'17'!F48+'18'!F48+'19'!F48+'20'!F48+'21'!F48+'22'!F48+'23'!F48+'24'!F48+'25'!F48+'26'!F48+'27'!F48+'28'!F48+'29'!F48+'30'!F48+'31.'!F48 -> 0 | G48: =C48+D48-F48-H48 -> 2 | H48: =+'1'!H48+'2'!H48+'3'!H48+'4'!H48+'5'!H48+'6'!H48+'7'!H48+'8'!H48+'9'!H48+'10'!H48+'11'!H48+'12'!H48+'13'!H48+'14'!H48+'15'!H48+'16'!H48+'17'!H48+'18'!H48+'19'!H48+'20'!H48+'21'!H48+'22'!H48+'23'!H48+'24'!H48+'25'!H48+'26'!H48+'27'!H48+'28'!H48+'29'!H48+'30'!H48+'31.'!H48 -> 4 | I48: 50 | J48: =+'1'!J48+'2'!J48+'3'!J48+'4'!J48+'5'!J48+'6'!J48+'7'!J48+'8'!J48+'9'!J48+'10'!J48+'11'!J48+'12'!J48+'13'!J48+'14'!J48+'15'!J48+'16'!J48+'17'!J48+'18'!J48+'19'!J48+'20'!J48+'21'!J48+'22'!J48+'23'!J48+'24'!J48+'25'!J48+'26'!J48+'27'!J48+'28'!J48+'29'!J48+'30'!J48+'31.'!J48 -> 200
A49: 45 | B49: เบาหวิว (ล) ใหม่ กาแฟ | C49: =+ยกมา!C57 -> 5 | D49: =+'1'!D49+'2'!D49+'3'!D49+'4'!D49+'5'!D49+'6'!D49+'7'!D49+'8'!D49+'9'!D49+'10'!D49+'11'!D49+'12'!D49+'13'!D49+'14'!D49+'15'!D49+'16'!D49+'17'!D49+'18'!D49+'19'!D49+'20'!D49+'21'!D49+'22'!D49+'23'!D49+'24'!D49+'25'!D49+'26'!D49+'27'!D49+'28'!D49+'29'!D49+'30'!D49+'31.'!D49 -> 0 | E49: =+C49+D49 -> 5 | F49: =+'1'!F49+'2'!F49+'3'!F49+'4'!F49+'5'!F49+'6'!F49+'7'!F49+'8'!F49+'9'!F49+'10'!F49+'11'!F49+'12'!F49+'13'!F49+'14'!F49+'15'!F49+'16'!F49+'17'!F49+'18'!F49+'19'!F49+'20'!F49+'21'!F49+'22'!F49+'23'!F49+'24'!F49+'25'!F49+'26'!F49+'27'!F49+'28'!F49+'29'!F49+'30'!F49+'31.'!F49 -> 1 | G49: =C49+D49-F49-H49 -> 4 | H49: =+'1'!H49+'2'!H49+'3'!H49+'4'!H49+'5'!H49+'6'!H49+'7'!H49+'8'!H49+'9'!H49+'10'!H49+'11'!H49+'12'!H49+'13'!H49+'14'!H49+'15'!H49+'16'!H49+'17'!H49+'18'!H49+'19'!H49+'20'!H49+'21'!H49+'22'!H49+'23'!H49+'24'!H49+'25'!H49+'26'!H49+'27'!H49+'28'!H49+'29'!H49+'30'!H49+'31.'!H49 -> 0 | I49: 50 | J49: =+'1'!J49+'2'!J49+'3'!J49+'4'!J49+'5'!J49+'6'!J49+'7'!J49+'8'!J49+'9'!J49+'10'!J49+'11'!J49+'12'!J49+'13'!J49+'14'!J49+'15'!J49+'16'!J49+'17'!J49+'18'!J49+'19'!J49+'20'!J49+'21'!J49+'22'!J49+'23'!J49+'24'!J49+'25'!J49+'26'!J49+'27'!J49+'28'!J49+'29'!J49+'30'!J49+'31.'!J49 -> 0
A50: 46 | B50: เบาหวิว (ล) ใหม่ เนยนม | C50: 2 | D50: =+'1'!D50+'2'!D50+'3'!D50+'4'!D50+'5'!D50+'6'!D50+'7'!D50+'8'!D50+'9'!D50+'10'!D50+'11'!D50+'12'!D50+'13'!D50+'14'!D50+'15'!D50+'16'!D50+'17'!D50+'18'!D50+'19'!D50+'20'!D50+'21'!D50+'22'!D50+'23'!D50+'24'!D50+'25'!D50+'26'!D50+'27'!D50+'28'!D50+'29'!D50+'30'!D50+'31.'!D50 -> 10 | E50: =+C50+D50 -> 12 | F50: =+'1'!F50+'2'!F50+'3'!F50+'4'!F50+'5'!F50+'6'!F50+'7'!F50+'8'!F50+'9'!F50+'10'!F50+'11'!F50+'12'!F50+'13'!F50+'14'!F50+'15'!F50+'16'!F50+'17'!F50+'18'!F50+'19'!F50+'20'!F50+'21'!F50+'22'!F50+'23'!F50+'24'!F50+'25'!F50+'26'!F50+'27'!F50+'28'!F50+'29'!F50+'30'!F50+'31.'!F50 -> 6 | G50: =C50+D50-F50-H50 -> 0 | H50: =+'1'!H50+'2'!H50+'3'!H50+'4'!H50+'5'!H50+'6'!H50+'7'!H50+'8'!H50+'9'!H50+'10'!H50+'11'!H50+'12'!H50+'13'!H50+'14'!H50+'15'!H50+'16'!H50+'17'!H50+'18'!H50+'19'!H50+'20'!H50+'21'!H50+'22'!H50+'23'!H50+'24'!H50+'25'!H50+'26'!H50+'27'!H50+'28'!H50+'29'!H50+'30'!H50+'31.'!H50 -> 6 | I50: 50 | J50: =+'1'!J50+'2'!J50+'3'!J50+'4'!J50+'5'!J50+'6'!J50+'7'!J50+'8'!J50+'9'!J50+'10'!J50+'11'!J50+'12'!J50+'13'!J50+'14'!J50+'15'!J50+'16'!J50+'17'!J50+'18'!J50+'19'!J50+'20'!J50+'21'!J50+'22'!J50+'23'!J50+'24'!J50+'25'!J50+'26'!J50+'27'!J50+'28'!J50+'29'!J50+'30'!J50+'31.'!J50 -> 300
A51: 47 | B51: เบาหวิว (ล) ใหม่ ใบเตย | C51: =+ยกมา!C59 -> 0 | D51: =+'1'!D51+'2'!D51+'3'!D51+'4'!D51+'5'!D51+'6'!D51+'7'!D51+'8'!D51+'9'!D51+'10'!D51+'11'!D51+'12'!D51+'13'!D51+'14'!D51+'15'!D51+'16'!D51+'17'!D51+'18'!D51+'19'!D51+'20'!D51+'21'!D51+'22'!D51+'23'!D51+'24'!D51+'25'!D51+'26'!D51+'27'!D51+'28'!D51+'29'!D51+'30'!D51+'31.'!D51 -> 0 | E51: =+C51+D51 -> 0 | F51: =+'1'!F51+'2'!F51+'3'!F51+'4'!F51+'5'!F51+'6'!F51+'7'!F51+'8'!F51+'9'!F51+'10'!F51+'11'!F51+'12'!F51+'13'!F51+'14'!F51+'15'!F51+'16'!F51+'17'!F51+'18'!F51+'19'!F51+'20'!F51+'21'!F51+'22'!F51+'23'!F51+'24'!F51+'25'!F51+'26'!F51+'27'!F51+'28'!F51+'29'!F51+'30'!F51+'31.'!F51 -> 0 | G51: =C51+D51-F51-H51 -> 0 | H51: =+'1'!H51+'2'!H51+'3'!H51+'4'!H51+'5'!H51+'6'!H51+'7'!H51+'8'!H51+'9'!H51+'10'!H51+'11'!H51+'12'!H51+'13'!H51+'14'!H51+'15'!H51+'16'!H51+'17'!H51+'18'!H51+'19'!H51+'20'!H51+'21'!H51+'22'!H51+'23'!H51+'24'!H51+'25'!H51+'26'!H51+'27'!H51+'28'!H51+'29'!H51+'30'!H51+'31.'!H51 -> 0 | I51: 50 | J51: =+'1'!J51+'2'!J51+'3'!J51+'4'!J51+'5'!J51+'6'!J51+'7'!J51+'8'!J51+'9'!J51+'10'!J51+'11'!J51+'12'!J51+'13'!J51+'14'!J51+'15'!J51+'16'!J51+'17'!J51+'18'!J51+'19'!J51+'20'!J51+'21'!J51+'22'!J51+'23'!J51+'24'!J51+'25'!J51+'26'!J51+'27'!J51+'28'!J51+'29'!J51+'30'!J51+'31.'!J51 -> 0
A52: 48 | B52: เบาหวิว (ล) ใหม่ มะพร้าว | C52: =+ยกมา!C60 -> 0 | D52: =+'1'!D52+'2'!D52+'3'!D52+'4'!D52+'5'!D52+'6'!D52+'7'!D52+'8'!D52+'9'!D52+'10'!D52+'11'!D52+'12'!D52+'13'!D52+'14'!D52+'15'!D52+'16'!D52+'17'!D52+'18'!D52+'19'!D52+'20'!D52+'21'!D52+'22'!D52+'23'!D52+'24'!D52+'25'!D52+'26'!D52+'27'!D52+'28'!D52+'29'!D52+'30'!D52+'31.'!D52 -> 10 | E52: =+C52+D52 -> 10 | F52: =+'1'!F52+'2'!F52+'3'!F52+'4'!F52+'5'!F52+'6'!F52+'7'!F52+'8'!F52+'9'!F52+'10'!F52+'11'!F52+'12'!F52+'13'!F52+'14'!F52+'15'!F52+'16'!F52+'17'!F52+'18'!F52+'19'!F52+'20'!F52+'21'!F52+'22'!F52+'23'!F52+'24'!F52+'25'!F52+'26'!F52+'27'!F52+'28'!F52+'29'!F52+'30'!F52+'31.'!F52 -> 0 | G52: =C52+D52-F52-H52 -> 3 | H52: =+'1'!H52+'2'!H52+'3'!H52+'4'!H52+'5'!H52+'6'!H52+'7'!H52+'8'!H52+'9'!H52+'10'!H52+'11'!H52+'12'!H52+'13'!H52+'14'!H52+'15'!H52+'16'!H52+'17'!H52+'18'!H52+'19'!H52+'20'!H52+'21'!H52+'22'!H52+'23'!H52+'24'!H52+'25'!H52+'26'!H52+'27'!H52+'28'!H52+'29'!H52+'30'!H52+'31.'!H52 -> 7 | I52: 50 | J52: =+'1'!J52+'2'!J52+'3'!J52+'4'!J52+'5'!J52+'6'!J52+'7'!J52+'8'!J52+'9'!J52+'10'!J52+'11'!J52+'12'!J52+'13'!J52+'14'!J52+'15'!J52+'16'!J52+'17'!J52+'18'!J52+'19'!J52+'20'!J52+'21'!J52+'22'!J52+'23'!J52+'24'!J52+'25'!J52+'26'!J52+'27'!J52+'28'!J52+'29'!J52+'30'!J52+'31.'!J52 -> 350
A53: 49 | B53: เบาหวิว (ล) ใหม่ ฝอยทอง | C53: 8 | D53: =+'1'!D53+'2'!D53+'3'!D53+'4'!D53+'5'!D53+'6'!D53+'7'!D53+'8'!D53+'9'!D53+'10'!D53+'11'!D53+'12'!D53+'13'!D53+'14'!D53+'15'!D53+'16'!D53+'17'!D53+'18'!D53+'19'!D53+'20'!D53+'21'!D53+'22'!D53+'23'!D53+'24'!D53+'25'!D53+'26'!D53+'27'!D53+'28'!D53+'29'!D53+'30'!D53+'31.'!D53 -> 20 | E53: =+C53+D53 -> 28 | F53: =+'1'!F53+'2'!F53+'3'!F53+'4'!F53+'5'!F53+'6'!F53+'7'!F53+'8'!F53+'9'!F53+'10'!F53+'11'!F53+'12'!F53+'13'!F53+'14'!F53+'15'!F53+'16'!F53+'17'!F53+'18'!F53+'19'!F53+'20'!F53+'21'!F53+'22'!F53+'23'!F53+'24'!F53+'25'!F53+'26'!F53+'27'!F53+'28'!F53+'29'!F53+'30'!F53+'31.'!F53 -> 2 | G53: =C53+D53-F53-H53 -> 0 | H53: =+'1'!H53+'2'!H53+'3'!H53+'4'!H53+'5'!H53+'6'!H53+'7'!H53+'8'!H53+'9'!H53+'10'!H53+'11'!H53+'12'!H53+'13'!H53+'14'!H53+'15'!H53+'16'!H53+'17'!H53+'18'!H53+'19'!H53+'20'!H53+'21'!H53+'22'!H53+'23'!H53+'24'!H53+'25'!H53+'26'!H53+'27'!H53+'28'!H53+'29'!H53+'30'!H53+'31.'!H53 -> 26 | I53: 50 | J53: =+'1'!J53+'2'!J53+'3'!J53+'4'!J53+'5'!J53+'6'!J53+'7'!J53+'8'!J53+'9'!J53+'10'!J53+'11'!J53+'12'!J53+'13'!J53+'14'!J53+'15'!J53+'16'!J53+'17'!J53+'18'!J53+'19'!J53+'20'!J53+'21'!J53+'22'!J53+'23'!J53+'24'!J53+'25'!J53+'26'!J53+'27'!J53+'28'!J53+'29'!J53+'30'!J53+'31.'!J53 -> 1300
A54: 50 | B54: เบาหวิว (ล) ใหม่ ทุเรียน | C54: 3 | D54: =+'1'!D54+'2'!D54+'3'!D54+'4'!D54+'5'!D54+'6'!D54+'7'!D54+'8'!D54+'9'!D54+'10'!D54+'11'!D54+'12'!D54+'13'!D54+'14'!D54+'15'!D54+'16'!D54+'17'!D54+'18'!D54+'19'!D54+'20'!D54+'21'!D54+'22'!D54+'23'!D54+'24'!D54+'25'!D54+'26'!D54+'27'!D54+'28'!D54+'29'!D54+'30'!D54+'31.'!D54 -> 3 | E54: =+C54+D54 -> 6 | F54: =+'1'!F54+'2'!F54+'3'!F54+'4'!F54+'5'!F54+'6'!F54+'7'!F54+'8'!F54+'9'!F54+'10'!F54+'11'!F54+'12'!F54+'13'!F54+'14'!F54+'15'!F54+'16'!F54+'17'!F54+'18'!F54+'19'!F54+'20'!F54+'21'!F54+'22'!F54+'23'!F54+'24'!F54+'25'!F54+'26'!F54+'27'!F54+'28'!F54+'29'!F54+'30'!F54+'31.'!F54 -> 2 | G54: =C54+D54-F54-H54 -> 0 | H54: =+'1'!H54+'2'!H54+'3'!H54+'4'!H54+'5'!H54+'6'!H54+'7'!H54+'8'!H54+'9'!H54+'10'!H54+'11'!H54+'12'!H54+'13'!H54+'14'!H54+'15'!H54+'16'!H54+'17'!H54+'18'!H54+'19'!H54+'20'!H54+'21'!H54+'22'!H54+'23'!H54+'24'!H54+'25'!H54+'26'!H54+'27'!H54+'28'!H54+'29'!H54+'30'!H54+'31.'!H54 -> 4 | I54: 50 | J54: =+'1'!J54+'2'!J54+'3'!J54+'4'!J54+'5'!J54+'6'!J54+'7'!J54+'8'!J54+'9'!J54+'10'!J54+'11'!J54+'12'!J54+'13'!J54+'14'!J54+'15'!J54+'16'!J54+'17'!J54+'18'!J54+'19'!J54+'20'!J54+'21'!J54+'22'!J54+'23'!J54+'24'!J54+'25'!J54+'26'!J54+'27'!J54+'28'!J54+'29'!J54+'30'!J54+'31.'!J54 -> 200
A55: 51 | B55: เบาหวิว (ล) ใหม่ ลูกตาล | C55: =+ยกมา!C63 -> 6 | D55: =+'1'!D55+'2'!D55+'3'!D55+'4'!D55+'5'!D55+'6'!D55+'7'!D55+'8'!D55+'9'!D55+'10'!D55+'11'!D55+'12'!D55+'13'!D55+'14'!D55+'15'!D55+'16'!D55+'17'!D55+'18'!D55+'19'!D55+'20'!D55+'21'!D55+'22'!D55+'23'!D55+'24'!D55+'25'!D55+'26'!D55+'27'!D55+'28'!D55+'29'!D55+'30'!D55+'31.'!D55 -> 24 | E55: =+C55+D55 -> 30 | F55: =+'1'!F55+'2'!F55+'3'!F55+'4'!F55+'5'!F55+'6'!F55+'7'!F55+'8'!F55+'9'!F55+'10'!F55+'11'!F55+'12'!F55+'13'!F55+'14'!F55+'15'!F55+'16'!F55+'17'!F55+'18'!F55+'19'!F55+'20'!F55+'21'!F55+'22'!F55+'23'!F55+'24'!F55+'25'!F55+'26'!F55+'27'!F55+'28'!F55+'29'!F55+'30'!F55+'31.'!F55 -> 0 | G55: =C55+D55-F55-H55 -> 12 | H55: =+'1'!H55+'2'!H55+'3'!H55+'4'!H55+'5'!H55+'6'!H55+'7'!H55+'8'!H55+'9'!H55+'10'!H55+'11'!H55+'12'!H55+'13'!H55+'14'!H55+'15'!H55+'16'!H55+'17'!H55+'18'!H55+'19'!H55+'20'!H55+'21'!H55+'22'!H55+'23'!H55+'24'!H55+'25'!H55+'26'!H55+'27'!H55+'28'!H55+'29'!H55+'30'!H55+'31.'!H55 -> 18 | I55: 50 | J55: =+'1'!J55+'2'!J55+'3'!J55+'4'!J55+'5'!J55+'6'!J55+'7'!J55+'8'!J55+'9'!J55+'10'!J55+'11'!J55+'12'!J55+'13'!J55+'14'!J55+'15'!J55+'16'!J55+'17'!J55+'18'!J55+'19'!J55+'20'!J55+'21'!J55+'22'!J55+'23'!J55+'24'!J55+'25'!J55+'26'!J55+'27'!J55+'28'!J55+'29'!J55+'30'!J55+'31.'!J55 -> 850
A56: 52 | B56: เบาหวิว (ญ) ใหม่ รสมะพร้าว | C56: =+ยกมา!C64 -> 0 | D56: =+'1'!D56+'2'!D56+'3'!D56+'4'!D56+'5'!D56+'6'!D56+'7'!D56+'8'!D56+'9'!D56+'10'!D56+'11'!D56+'12'!D56+'13'!D56+'14'!D56+'15'!D56+'16'!D56+'17'!D56+'18'!D56+'19'!D56+'20'!D56+'21'!D56+'22'!D56+'23'!D56+'24'!D56+'25'!D56+'26'!D56+'27'!D56+'28'!D56+'29'!D56+'30'!D56+'31.'!D56 -> 12 | E56: =+C56+D56 -> 12 | F56: =+'1'!F56+'2'!F56+'3'!F56+'4'!F56+'5'!F56+'6'!F56+'7'!F56+'8'!F56+'9'!F56+'10'!F56+'11'!F56+'12'!F56+'13'!F56+'14'!F56+'15'!F56+'16'!F56+'17'!F56+'18'!F56+'19'!F56+'20'!F56+'21'!F56+'22'!F56+'23'!F56+'24'!F56+'25'!F56+'26'!F56+'27'!F56+'28'!F56+'29'!F56+'30'!F56+'31.'!F56 -> 0 | G56: =C56+D56-F56-H56 -> 5 | H56: =+'1'!H56+'2'!H56+'3'!H56+'4'!H56+'5'!H56+'6'!H56+'7'!H56+'8'!H56+'9'!H56+'10'!H56+'11'!H56+'12'!H56+'13'!H56+'14'!H56+'15'!H56+'16'!H56+'17'!H56+'18'!H56+'19'!H56+'20'!H56+'21'!H56+'22'!H56+'23'!H56+'24'!H56+'25'!H56+'26'!H56+'27'!H56+'28'!H56+'29'!H56+'30'!H56+'31.'!H56 -> 7 | I56: 120 | J56: =+'1'!J56+'2'!J56+'3'!J56+'4'!J56+'5'!J56+'6'!J56+'7'!J56+'8'!J56+'9'!J56+'10'!J56+'11'!J56+'12'!J56+'13'!J56+'14'!J56+'15'!J56+'16'!J56+'17'!J56+'18'!J56+'19'!J56+'20'!J56+'21'!J56+'22'!J56+'23'!J56+'24'!J56+'25'!J56+'26'!J56+'27'!J56+'28'!J56+'29'!J56+'30'!J56+'31.'!J56 -> 840
A57: 53 | B57: เบาหวิว (ญ) ใหม่ รสกาแฟ | C57: 3 | D57: =+'1'!D57+'2'!D57+'3'!D57+'4'!D57+'5'!D57+'6'!D57+'7'!D57+'8'!D57+'9'!D57+'10'!D57+'11'!D57+'12'!D57+'13'!D57+'14'!D57+'15'!D57+'16'!D57+'17'!D57+'18'!D57+'19'!D57+'20'!D57+'21'!D57+'22'!D57+'23'!D57+'24'!D57+'25'!D57+'26'!D57+'27'!D57+'28'!D57+'29'!D57+'30'!D57+'31.'!D57 -> 4 | E57: =+C57+D57 -> 7 | F57: =+'1'!F57+'2'!F57+'3'!F57+'4'!F57+'5'!F57+'6'!F57+'7'!F57+'8'!F57+'9'!F57+'10'!F57+'11'!F57+'12'!F57+'13'!F57+'14'!F57+'15'!F57+'16'!F57+'17'!F57+'18'!F57+'19'!F57+'20'!F57+'21'!F57+'22'!F57+'23'!F57+'24'!F57+'25'!F57+'26'!F57+'27'!F57+'28'!F57+'29'!F57+'30'!F57+'31.'!F57 -> 1 | G57: =C57+D57-F57-H57 -> 0 | H57: =+'1'!H57+'2'!H57+'3'!H57+'4'!H57+'5'!H57+'6'!H57+'7'!H57+'8'!H57+'9'!H57+'10'!H57+'11'!H57+'12'!H57+'13'!H57+'14'!H57+'15'!H57+'16'!H57+'17'!H57+'18'!H57+'19'!H57+'20'!H57+'21'!H57+'22'!H57+'23'!H57+'24'!H57+'25'!H57+'26'!H57+'27'!H57+'28'!H57+'29'!H57+'30'!H57+'31.'!H57 -> 6 | I57: 120 | J57: =+'1'!J57+'2'!J57+'3'!J57+'4'!J57+'5'!J57+'6'!J57+'7'!J57+'8'!J57+'9'!J57+'10'!J57+'11'!J57+'12'!J57+'13'!J57+'14'!J57+'15'!J57+'16'!J57+'17'!J57+'18'!J57+'19'!J57+'20'!J57+'21'!J57+'22'!J57+'23'!J57+'24'!J57+'25'!J57+'26'!J57+'27'!J57+'28'!J57+'29'!J57+'30'!J57+'31.'!J57 -> 720
A58: 54 | B58: เบาหวิว (ญ) ใหม่ รสเนยนม | C58: =+ยกมา!C71 -> 0 | D58: =+'1'!D58+'2'!D58+'3'!D58+'4'!D58+'5'!D58+'6'!D58+'7'!D58+'8'!D58+'9'!D58+'10'!D58+'11'!D58+'12'!D58+'13'!D58+'14'!D58+'15'!D58+'16'!D58+'17'!D58+'18'!D58+'19'!D58+'20'!D58+'21'!D58+'22'!D58+'23'!D58+'24'!D58+'25'!D58+'26'!D58+'27'!D58+'28'!D58+'29'!D58+'30'!D58+'31.'!D58 -> 0 | E58: =+C58+D58 -> 0 | F58: =+'1'!F58+'2'!F58+'3'!F58+'4'!F58+'5'!F58+'6'!F58+'7'!F58+'8'!F58+'9'!F58+'10'!F58+'11'!F58+'12'!F58+'13'!F58+'14'!F58+'15'!F58+'16'!F58+'17'!F58+'18'!F58+'19'!F58+'20'!F58+'21'!F58+'22'!F58+'23'!F58+'24'!F58+'25'!F58+'26'!F58+'27'!F58+'28'!F58+'29'!F58+'30'!F58+'31.'!F58 -> 0 | G58: =C58+D58-F58-H58 -> 0 | H58: =+'1'!H58+'2'!H58+'3'!H58+'4'!H58+'5'!H58+'6'!H58+'7'!H58+'8'!H58+'9'!H58+'10'!H58+'11'!H58+'12'!H58+'13'!H58+'14'!H58+'15'!H58+'16'!H58+'17'!H58+'18'!H58+'19'!H58+'20'!H58+'21'!H58+'22'!H58+'23'!H58+'24'!H58+'25'!H58+'26'!H58+'27'!H58+'28'!H58+'29'!H58+'30'!H58+'31.'!H58 -> 0 | I58: 120 | J58: =+'1'!J58+'2'!J58+'3'!J58+'4'!J58+'5'!J58+'6'!J58+'7'!J58+'8'!J58+'9'!J58+'10'!J58+'11'!J58+'12'!J58+'13'!J58+'14'!J58+'15'!J58+'16'!J58+'17'!J58+'18'!J58+'19'!J58+'20'!J58+'21'!J58+'22'!J58+'23'!J58+'24'!J58+'25'!J58+'26'!J58+'27'!J58+'28'!J58+'29'!J58+'30'!J58+'31.'!J58 -> 0
A59: 55 | B59: เบาหวิว (ญ) ใหม่ รสใบเตย | C59: =+ยกมา!C65 -> 4 | D59: =+'1'!D59+'2'!D59+'3'!D59+'4'!D59+'5'!D59+'6'!D59+'7'!D59+'8'!D59+'9'!D59+'10'!D59+'11'!D59+'12'!D59+'13'!D59+'14'!D59+'15'!D59+'16'!D59+'17'!D59+'18'!D59+'19'!D59+'20'!D59+'21'!D59+'22'!D59+'23'!D59+'24'!D59+'25'!D59+'26'!D59+'27'!D59+'28'!D59+'29'!D59+'30'!D59+'31.'!D59 -> 0 | E59: =+C59+D59 -> 4 | F59: =+'1'!F59+'2'!F59+'3'!F59+'4'!F59+'5'!F59+'6'!F59+'7'!F59+'8'!F59+'9'!F59+'10'!F59+'11'!F59+'12'!F59+'13'!F59+'14'!F59+'15'!F59+'16'!F59+'17'!F59+'18'!F59+'19'!F59+'20'!F59+'21'!F59+'22'!F59+'23'!F59+'24'!F59+'25'!F59+'26'!F59+'27'!F59+'28'!F59+'29'!F59+'30'!F59+'31.'!F59 -> 0 | G59: =C59+D59-F59-H59 -> 4 | H59: =+'1'!H59+'2'!H59+'3'!H59+'4'!H59+'5'!H59+'6'!H59+'7'!H59+'8'!H59+'9'!H59+'10'!H59+'11'!H59+'12'!H59+'13'!H59+'14'!H59+'15'!H59+'16'!H59+'17'!H59+'18'!H59+'19'!H59+'20'!H59+'21'!H59+'22'!H59+'23'!H59+'24'!H59+'25'!H59+'26'!H59+'27'!H59+'28'!H59+'29'!H59+'30'!H59+'31.'!H59 -> 0 | I59: 120 | J59: =+'1'!J59+'2'!J59+'3'!J59+'4'!J59+'5'!J59+'6'!J59+'7'!J59+'8'!J59+'9'!J59+'10'!J59+'11'!J59+'12'!J59+'13'!J59+'14'!J59+'15'!J59+'16'!J59+'17'!J59+'18'!J59+'19'!J59+'20'!J59+'21'!J59+'22'!J59+'23'!J59+'24'!J59+'25'!J59+'26'!J59+'27'!J59+'28'!J59+'29'!J59+'30'!J59+'31.'!J59 -> 0
A60: 56 | B60: เบาหวิว (ญ) ใหม่ รสกล้วยหอมมะพร้าวเผา | C60: =+ยกมา!C66 -> 6 | D60: =+'1'!D60+'2'!D60+'3'!D60+'4'!D60+'5'!D60+'6'!D60+'7'!D60+'8'!D60+'9'!D60+'10'!D60+'11'!D60+'12'!D60+'13'!D60+'14'!D60+'15'!D60+'16'!D60+'17'!D60+'18'!D60+'19'!D60+'20'!D60+'21'!D60+'22'!D60+'23'!D60+'24'!D60+'25'!D60+'26'!D60+'27'!D60+'28'!D60+'29'!D60+'30'!D60+'31.'!D60 -> 5 | E60: =+C60+D60 -> 11 | F60: =+'1'!F60+'2'!F60+'3'!F60+'4'!F60+'5'!F60+'6'!F60+'7'!F60+'8'!F60+'9'!F60+'10'!F60+'11'!F60+'12'!F60+'13'!F60+'14'!F60+'15'!F60+'16'!F60+'17'!F60+'18'!F60+'19'!F60+'20'!F60+'21'!F60+'22'!F60+'23'!F60+'24'!F60+'25'!F60+'26'!F60+'27'!F60+'28'!F60+'29'!F60+'30'!F60+'31.'!F60 -> 0 | G60: =C60+D60-F60-H60 -> 11 | H60: =+'1'!H60+'2'!H60+'3'!H60+'4'!H60+'5'!H60+'6'!H60+'7'!H60+'8'!H60+'9'!H60+'10'!H60+'11'!H60+'12'!H60+'13'!H60+'14'!H60+'15'!H60+'16'!H60+'17'!H60+'18'!H60+'19'!H60+'20'!H60+'21'!H60+'22'!H60+'23'!H60+'24'!H60+'25'!H60+'26'!H60+'27'!H60+'28'!H60+'29'!H60+'30'!H60+'31.'!H60 -> 0 | I60: 120 | J60: =+'1'!J60+'2'!J60+'3'!J60+'4'!J60+'5'!J60+'6'!J60+'7'!J60+'8'!J60+'9'!J60+'10'!J60+'11'!J60+'12'!J60+'13'!J60+'14'!J60+'15'!J60+'16'!J60+'17'!J60+'18'!J60+'19'!J60+'20'!J60+'21'!J60+'22'!J60+'23'!J60+'24'!J60+'25'!J60+'26'!J60+'27'!J60+'28'!J60+'29'!J60+'30'!J60+'31.'!J60 -> 0
A61: 57 | B61: เบาหวิว (ญ) ใหม่ รสฝอยทอง | C61: =+ยกมา!C67 -> 7 | D61: =+'1'!D61+'2'!D61+'3'!D61+'4'!D61+'5'!D61+'6'!D61+'7'!D61+'8'!D61+'9'!D61+'10'!D61+'11'!D61+'12'!D61+'13'!D61+'14'!D61+'15'!D61+'16'!D61+'17'!D61+'18'!D61+'19'!D61+'20'!D61+'21'!D61+'22'!D61+'23'!D61+'24'!D61+'25'!D61+'26'!D61+'27'!D61+'28'!D61+'29'!D61+'30'!D61+'31.'!D61 -> 21 | E61: =+C61+D61 -> 28 | F61: =+'1'!F61+'2'!F61+'3'!F61+'4'!F61+'5'!F61+'6'!F61+'7'!F61+'8'!F61+'9'!F61+'10'!F61+'11'!F61+'12'!F61+'13'!F61+'14'!F61+'15'!F61+'16'!F61+'17'!F61+'18'!F61+'19'!F61+'20'!F61+'21'!F61+'22'!F61+'23'!F61+'24'!F61+'25'!F61+'26'!F61+'27'!F61+'28'!F61+'29'!F61+'30'!F61+'31.'!F61 -> 0 | G61: =C61+D61-F61-H61 -> 24 | H61: =+'1'!H61+'2'!H61+'3'!H61+'4'!H61+'5'!H61+'6'!H61+'7'!H61+'8'!H61+'9'!H61+'10'!H61+'11'!H61+'12'!H61+'13'!H61+'14'!H61+'15'!H61+'16'!H61+'17'!H61+'18'!H61+'19'!H61+'20'!H61+'21'!H61+'22'!H61+'23'!H61+'24'!H61+'25'!H61+'26'!H61+'27'!H61+'28'!H61+'29'!H61+'30'!H61+'31.'!H61 -> 4 | I61: 120 | J61: =+'1'!J61+'2'!J61+'3'!J61+'4'!J61+'5'!J61+'6'!J61+'7'!J61+'8'!J61+'9'!J61+'10'!J61+'11'!J61+'12'!J61+'13'!J61+'14'!J61+'15'!J61+'16'!J61+'17'!J61+'18'!J61+'19'!J61+'20'!J61+'21'!J61+'22'!J61+'23'!J61+'24'!J61+'25'!J61+'26'!J61+'27'!J61+'28'!J61+'29'!J61+'30'!J61+'31.'!J61 -> 480
A62: 58 | B62: เบาหวิว (ญ) ใหม่ รสทุเรียน | C62: =+ยกมา!C75 -> 0 | D62: =+'1'!D62+'2'!D62+'3'!D62+'4'!D62+'5'!D62+'6'!D62+'7'!D62+'8'!D62+'9'!D62+'10'!D62+'11'!D62+'12'!D62+'13'!D62+'14'!D62+'15'!D62+'16'!D62+'17'!D62+'18'!D62+'19'!D62+'20'!D62+'21'!D62+'22'!D62+'23'!D62+'24'!D62+'25'!D62+'26'!D62+'27'!D62+'28'!D62+'29'!D62+'30'!D62+'31.'!D62 -> 0 | E62: =+C62+D62 -> 0 | F62: =+'1'!F62+'2'!F62+'3'!F62+'4'!F62+'5'!F62+'6'!F62+'7'!F62+'8'!F62+'9'!F62+'10'!F62+'11'!F62+'12'!F62+'13'!F62+'14'!F62+'15'!F62+'16'!F62+'17'!F62+'18'!F62+'19'!F62+'20'!F62+'21'!F62+'22'!F62+'23'!F62+'24'!F62+'25'!F62+'26'!F62+'27'!F62+'28'!F62+'29'!F62+'30'!F62+'31.'!F62 -> 0 | G62: =C62+D62-F62-H62 -> 0 | H62: =+'1'!H62+'2'!H62+'3'!H62+'4'!H62+'5'!H62+'6'!H62+'7'!H62+'8'!H62+'9'!H62+'10'!H62+'11'!H62+'12'!H62+'13'!H62+'14'!H62+'15'!H62+'16'!H62+'17'!H62+'18'!H62+'19'!H62+'20'!H62+'21'!H62+'22'!H62+'23'!H62+'24'!H62+'25'!H62+'26'!H62+'27'!H62+'28'!H62+'29'!H62+'30'!H62+'31.'!H62 -> 0 | I62: 120 | J62: =+'1'!J62+'2'!J62+'3'!J62+'4'!J62+'5'!J62+'6'!J62+'7'!J62+'8'!J62+'9'!J62+'10'!J62+'11'!J62+'12'!J62+'13'!J62+'14'!J62+'15'!J62+'16'!J62+'17'!J62+'18'!J62+'19'!J62+'20'!J62+'21'!J62+'22'!J62+'23'!J62+'24'!J62+'25'!J62+'26'!J62+'27'!J62+'28'!J62+'29'!J62+'30'!J62+'31.'!J62 -> 0
A63: 59 | B63: เบาหวิว (ญ) ใหม่ รสเผือกมะพร้าว | C63: 10 | D63: =+'1'!D63+'2'!D63+'3'!D63+'4'!D63+'5'!D63+'6'!D63+'7'!D63+'8'!D63+'9'!D63+'10'!D63+'11'!D63+'12'!D63+'13'!D63+'14'!D63+'15'!D63+'16'!D63+'17'!D63+'18'!D63+'19'!D63+'20'!D63+'21'!D63+'22'!D63+'23'!D63+'24'!D63+'25'!D63+'26'!D63+'27'!D63+'28'!D63+'29'!D63+'30'!D63+'31.'!D63 -> 5 | E63: =+C63+D63 -> 15 | F63: =+'1'!F63+'2'!F63+'3'!F63+'4'!F63+'5'!F63+'6'!F63+'7'!F63+'8'!F63+'9'!F63+'10'!F63+'11'!F63+'12'!F63+'13'!F63+'14'!F63+'15'!F63+'16'!F63+'17'!F63+'18'!F63+'19'!F63+'20'!F63+'21'!F63+'22'!F63+'23'!F63+'24'!F63+'25'!F63+'26'!F63+'27'!F63+'28'!F63+'29'!F63+'30'!F63+'31.'!F63 -> 6 | G63: =C63+D63-F63-H63 -> 0 | H63: =+'1'!H63+'2'!H63+'3'!H63+'4'!H63+'5'!H63+'6'!H63+'7'!H63+'8'!H63+'9'!H63+'10'!H63+'11'!H63+'12'!H63+'13'!H63+'14'!H63+'15'!H63+'16'!H63+'17'!H63+'18'!H63+'19'!H63+'20'!H63+'21'!H63+'22'!H63+'23'!H63+'24'!H63+'25'!H63+'26'!H63+'27'!H63+'28'!H63+'29'!H63+'30'!H63+'31.'!H63 -> 9 | I63: 120 | J63: =+'1'!J63+'2'!J63+'3'!J63+'4'!J63+'5'!J63+'6'!J63+'7'!J63+'8'!J63+'9'!J63+'10'!J63+'11'!J63+'12'!J63+'13'!J63+'14'!J63+'15'!J63+'16'!J63+'17'!J63+'18'!J63+'19'!J63+'20'!J63+'21'!J63+'22'!J63+'23'!J63+'24'!J63+'25'!J63+'26'!J63+'27'!J63+'28'!J63+'29'!J63+'30'!J63+'31.'!J63 -> 1080
A64: 60 | B64: เบาหวิว (ญ) ใหม่ รสลูกตาล | C64: =+ยกมา!C77 -> 18 | D64: =+'1'!D64+'2'!D64+'3'!D64+'4'!D64+'5'!D64+'6'!D64+'7'!D64+'8'!D64+'9'!D64+'10'!D64+'11'!D64+'12'!D64+'13'!D64+'14'!D64+'15'!D64+'16'!D64+'17'!D64+'18'!D64+'19'!D64+'20'!D64+'21'!D64+'22'!D64+'23'!D64+'24'!D64+'25'!D64+'26'!D64+'27'!D64+'28'!D64+'29'!D64+'30'!D64+'31.'!D64 -> 0 | E64: =+C64+D64 -> 18 | F64: =+'1'!F64+'2'!F64+'3'!F64+'4'!F64+'5'!F64+'6'!F64+'7'!F64+'8'!F64+'9'!F64+'10'!F64+'11'!F64+'12'!F64+'13'!F64+'14'!F64+'15'!F64+'16'!F64+'17'!F64+'18'!F64+'19'!F64+'20'!F64+'21'!F64+'22'!F64+'23'!F64+'24'!F64+'25'!F64+'26'!F64+'27'!F64+'28'!F64+'29'!F64+'30'!F64+'31.'!F64 -> 0 | G64: =C64+D64-F64-H64 -> 18 | H64: =+'1'!H64+'2'!H64+'3'!H64+'4'!H64+'5'!H64+'6'!H64+'7'!H64+'8'!H64+'9'!H64+'10'!H64+'11'!H64+'12'!H64+'13'!H64+'14'!H64+'15'!H64+'16'!H64+'17'!H64+'18'!H64+'19'!H64+'20'!H64+'21'!H64+'22'!H64+'23'!H64+'24'!H64+'25'!H64+'26'!H64+'27'!H64+'28'!H64+'29'!H64+'30'!H64+'31.'!H64 -> 0 | I64: 120 | J64: =+'1'!J64+'2'!J64+'3'!J64+'4'!J64+'5'!J64+'6'!J64+'7'!J64+'8'!J64+'9'!J64+'10'!J64+'11'!J64+'12'!J64+'13'!J64+'14'!J64+'15'!J64+'16'!J64+'17'!J64+'18'!J64+'19'!J64+'20'!J64+'21'!J64+'22'!J64+'23'!J64+'24'!J64+'25'!J64+'26'!J64+'27'!J64+'28'!J64+'29'!J64+'30'!J64+'31.'!J64 -> 0
A65: 61 | B65: โบราณ 4 ชิ้น รวมรส | C65: 2 | D65: =+'1'!D65+'2'!D65+'3'!D65+'4'!D65+'5'!D65+'6'!D65+'7'!D65+'8'!D65+'9'!D65+'10'!D65+'11'!D65+'12'!D65+'13'!D65+'14'!D65+'15'!D65+'16'!D65+'17'!D65+'18'!D65+'19'!D65+'20'!D65+'21'!D65+'22'!D65+'23'!D65+'24'!D65+'25'!D65+'26'!D65+'27'!D65+'28'!D65+'29'!D65+'30'!D65+'31.'!D65 -> 16 | E65: =+C65+D65 -> 18 | F65: =+'1'!F65+'2'!F65+'3'!F65+'4'!F65+'5'!F65+'6'!F65+'7'!F65+'8'!F65+'9'!F65+'10'!F65+'11'!F65+'12'!F65+'13'!F65+'14'!F65+'15'!F65+'16'!F65+'17'!F65+'18'!F65+'19'!F65+'20'!F65+'21'!F65+'22'!F65+'23'!F65+'24'!F65+'25'!F65+'26'!F65+'27'!F65+'28'!F65+'29'!F65+'30'!F65+'31.'!F65 -> 2 | G65: =C65+D65-F65-H65 -> 0 | H65: =+'1'!H65+'2'!H65+'3'!H65+'4'!H65+'5'!H65+'6'!H65+'7'!H65+'8'!H65+'9'!H65+'10'!H65+'11'!H65+'12'!H65+'13'!H65+'14'!H65+'15'!H65+'16'!H65+'17'!H65+'18'!H65+'19'!H65+'20'!H65+'21'!H65+'22'!H65+'23'!H65+'24'!H65+'25'!H65+'26'!H65+'27'!H65+'28'!H65+'29'!H65+'30'!H65+'31.'!H65 -> 16 | I65: 50 | J65: =+'1'!J65+'2'!J65+'3'!J65+'4'!J65+'5'!J65+'6'!J65+'7'!J65+'8'!J65+'9'!J65+'10'!J65+'11'!J65+'12'!J65+'13'!J65+'14'!J65+'15'!J65+'16'!J65+'17'!J65+'18'!J65+'19'!J65+'20'!J65+'21'!J65+'22'!J65+'23'!J65+'24'!J65+'25'!J65+'26'!J65+'27'!J65+'28'!J65+'29'!J65+'30'!J65+'31.'!J65 -> 800
A66: 62 | B66: โบราณครีม 4 ชิ้น วรรณวนัช | C66: 5 | D66: =+'1'!D66+'2'!D66+'3'!D66+'4'!D66+'5'!D66+'6'!D66+'7'!D66+'8'!D66+'9'!D66+'10'!D66+'11'!D66+'12'!D66+'13'!D66+'14'!D66+'15'!D66+'16'!D66+'17'!D66+'18'!D66+'19'!D66+'20'!D66+'21'!D66+'22'!D66+'23'!D66+'24'!D66+'25'!D66+'26'!D66+'27'!D66+'28'!D66+'29'!D66+'30'!D66+'31.'!D66 -> 16 | E66: =+C66+D66 -> 21 | F66: =+'1'!F66+'2'!F66+'3'!F66+'4'!F66+'5'!F66+'6'!F66+'7'!F66+'8'!F66+'9'!F66+'10'!F66+'11'!F66+'12'!F66+'13'!F66+'14'!F66+'15'!F66+'16'!F66+'17'!F66+'18'!F66+'19'!F66+'20'!F66+'21'!F66+'22'!F66+'23'!F66+'24'!F66+'25'!F66+'26'!F66+'27'!F66+'28'!F66+'29'!F66+'30'!F66+'31.'!F66 -> 0 | G66: =C66+D66-F66-H66 -> 0 | H66: =+'1'!H66+'2'!H66+'3'!H66+'4'!H66+'5'!H66+'6'!H66+'7'!H66+'8'!H66+'9'!H66+'10'!H66+'11'!H66+'12'!H66+'13'!H66+'14'!H66+'15'!H66+'16'!H66+'17'!H66+'18'!H66+'19'!H66+'20'!H66+'21'!H66+'22'!H66+'23'!H66+'24'!H66+'25'!H66+'26'!H66+'27'!H66+'28'!H66+'29'!H66+'30'!H66+'31.'!H66 -> 21 | I66: 50 | J66: =+'1'!J66+'2'!J66+'3'!J66+'4'!J66+'5'!J66+'6'!J66+'7'!J66+'8'!J66+'9'!J66+'10'!J66+'11'!J66+'12'!J66+'13'!J66+'14'!J66+'15'!J66+'16'!J66+'17'!J66+'18'!J66+'19'!J66+'20'!J66+'21'!J66+'22'!J66+'23'!J66+'24'!J66+'25'!J66+'26'!J66+'27'!J66+'28'!J66+'29'!J66+'30'!J66+'31.'!J66 -> 1050
A67: 63 | B67: โบราณผลไม้ 4 ชิ้น วรรณวนัช | C67: 3 | D67: =+'1'!D67+'2'!D67+'3'!D67+'4'!D67+'5'!D67+'6'!D67+'7'!D67+'8'!D67+'9'!D67+'10'!D67+'11'!D67+'12'!D67+'13'!D67+'14'!D67+'15'!D67+'16'!D67+'17'!D67+'18'!D67+'19'!D67+'20'!D67+'21'!D67+'22'!D67+'23'!D67+'24'!D67+'25'!D67+'26'!D67+'27'!D67+'28'!D67+'29'!D67+'30'!D67+'31.'!D67 -> 19 | E67: =+C67+D67 -> 22 | F67: =+'1'!F67+'2'!F67+'3'!F67+'4'!F67+'5'!F67+'6'!F67+'7'!F67+'8'!F67+'9'!F67+'10'!F67+'11'!F67+'12'!F67+'13'!F67+'14'!F67+'15'!F67+'16'!F67+'17'!F67+'18'!F67+'19'!F67+'20'!F67+'21'!F67+'22'!F67+'23'!F67+'24'!F67+'25'!F67+'26'!F67+'27'!F67+'28'!F67+'29'!F67+'30'!F67+'31.'!F67 -> 2 | G67: =C67+D67-F67-H67 -> 0 | H67: =+'1'!H67+'2'!H67+'3'!H67+'4'!H67+'5'!H67+'6'!H67+'7'!H67+'8'!H67+'9'!H67+'10'!H67+'11'!H67+'12'!H67+'13'!H67+'14'!H67+'15'!H67+'16'!H67+'17'!H67+'18'!H67+'19'!H67+'20'!H67+'21'!H67+'22'!H67+'23'!H67+'24'!H67+'25'!H67+'26'!H67+'27'!H67+'28'!H67+'29'!H67+'30'!H67+'31.'!H67 -> 20 | I67: 50 | J67: =+'1'!J67+'2'!J67+'3'!J67+'4'!J67+'5'!J67+'6'!J67+'7'!J67+'8'!J67+'9'!J67+'10'!J67+'11'!J67+'12'!J67+'13'!J67+'14'!J67+'15'!J67+'16'!J67+'17'!J67+'18'!J67+'19'!J67+'20'!J67+'21'!J67+'22'!J67+'23'!J67+'24'!J67+'25'!J67+'26'!J67+'27'!J67+'28'!J67+'29'!J67+'30'!J67+'31.'!J67 -> 1000
A68: 64 | B68: โบราณ 4 ชิ้น คริสมาศ | C68: =+ยกมา!C213 -> 0 | D68: =+'1'!D68+'2'!D68+'3'!D68+'4'!D68+'5'!D68+'6'!D68+'7'!D68+'8'!D68+'9'!D68+'10'!D68+'11'!D68+'12'!D68+'13'!D68+'14'!D68+'15'!D68+'16'!D68+'17'!D68+'18'!D68+'19'!D68+'20'!D68+'21'!D68+'22'!D68+'23'!D68+'24'!D68+'25'!D68+'26'!D68+'27'!D68+'28'!D68+'29'!D68+'30'!D68+'31.'!D68 -> 0 | E68: =+C68+D68 -> 0 | F68: =+'1'!F68+'2'!F68+'3'!F68+'4'!F68+'5'!F68+'6'!F68+'7'!F68+'8'!F68+'9'!F68+'10'!F68+'11'!F68+'12'!F68+'13'!F68+'14'!F68+'15'!F68+'16'!F68+'17'!F68+'18'!F68+'19'!F68+'20'!F68+'21'!F68+'22'!F68+'23'!F68+'24'!F68+'25'!F68+'26'!F68+'27'!F68+'28'!F68+'29'!F68+'30'!F68+'31.'!F68 -> 0 | G68: =C68+D68-F68-H68 -> 0 | H68: =+'1'!H68+'2'!H68+'3'!H68+'4'!H68+'5'!H68+'6'!H68+'7'!H68+'8'!H68+'9'!H68+'10'!H68+'11'!H68+'12'!H68+'13'!H68+'14'!H68+'15'!H68+'16'!H68+'17'!H68+'18'!H68+'19'!H68+'20'!H68+'21'!H68+'22'!H68+'23'!H68+'24'!H68+'25'!H68+'26'!H68+'27'!H68+'28'!H68+'29'!H68+'30'!H68+'31.'!H68 -> 0 | I68: 60 | J68: =+'1'!J68+'2'!J68+'3'!J68+'4'!J68+'5'!J68+'6'!J68+'7'!J68+'8'!J68+'9'!J68+'10'!J68+'11'!J68+'12'!J68+'13'!J68+'14'!J68+'15'!J68+'16'!J68+'17'!J68+'18'!J68+'19'!J68+'20'!J68+'21'!J68+'22'!J68+'23'!J68+'24'!J68+'25'!J68+'26'!J68+'27'!J68+'28'!J68+'29'!J68+'30'!J68+'31.'!J68 -> 0
A69: 65 | B69: โบราณ 4 ชิ้น กล่องแดง (แบบกลม) | C69: =+ยกมา!C238 -> 0 | D69: =+'1'!D69+'2'!D69+'3'!D69+'4'!D69+'5'!D69+'6'!D69+'7'!D69+'8'!D69+'9'!D69+'10'!D69+'11'!D69+'12'!D69+'13'!D69+'14'!D69+'15'!D69+'16'!D69+'17'!D69+'18'!D69+'19'!D69+'20'!D69+'21'!D69+'22'!D69+'23'!D69+'24'!D69+'25'!D69+'26'!D69+'27'!D69+'28'!D69+'29'!D69+'30'!D69+'31.'!D69 -> 0 | E69: =+C69+D69 -> 0 | F69: =+'1'!F69+'2'!F69+'3'!F69+'4'!F69+'5'!F69+'6'!F69+'7'!F69+'8'!F69+'9'!F69+'10'!F69+'11'!F69+'12'!F69+'13'!F69+'14'!F69+'15'!F69+'16'!F69+'17'!F69+'18'!F69+'19'!F69+'20'!F69+'21'!F69+'22'!F69+'23'!F69+'24'!F69+'25'!F69+'26'!F69+'27'!F69+'28'!F69+'29'!F69+'30'!F69+'31.'!F69 -> 0 | G69: =C69+D69-F69-H69 -> 0 | H69: =+'1'!H69+'2'!H69+'3'!H69+'4'!H69+'5'!H69+'6'!H69+'7'!H69+'8'!H69+'9'!H69+'10'!H69+'11'!H69+'12'!H69+'13'!H69+'14'!H69+'15'!H69+'16'!H69+'17'!H69+'18'!H69+'19'!H69+'20'!H69+'21'!H69+'22'!H69+'23'!H69+'24'!H69+'25'!H69+'26'!H69+'27'!H69+'28'!H69+'29'!H69+'30'!H69+'31.'!H69 -> 0 | I69: 30 | J69: =+'1'!J69+'2'!J69+'3'!J69+'4'!J69+'5'!J69+'6'!J69+'7'!J69+'8'!J69+'9'!J69+'10'!J69+'11'!J69+'12'!J69+'13'!J69+'14'!J69+'15'!J69+'16'!J69+'17'!J69+'18'!J69+'19'!J69+'20'!J69+'21'!J69+'22'!J69+'23'!J69+'24'!J69+'25'!J69+'26'!J69+'27'!J69+'28'!J69+'29'!J69+'30'!J69+'31.'!J69 -> 0
A70: 66 | B70: โบราณครีม 6 ชิ้น | C70: =+ยกมา!C137 -> 0 | D70: =+'1'!D70+'2'!D70+'3'!D70+'4'!D70+'5'!D70+'6'!D70+'7'!D70+'8'!D70+'9'!D70+'10'!D70+'11'!D70+'12'!D70+'13'!D70+'14'!D70+'15'!D70+'16'!D70+'17'!D70+'18'!D70+'19'!D70+'20'!D70+'21'!D70+'22'!D70+'23'!D70+'24'!D70+'25'!D70+'26'!D70+'27'!D70+'28'!D70+'29'!D70+'30'!D70+'31.'!D70 -> 0 | E70: =+C70+D70 -> 0 | F70: =+'1'!F70+'2'!F70+'3'!F70+'4'!F70+'5'!F70+'6'!F70+'7'!F70+'8'!F70+'9'!F70+'10'!F70+'11'!F70+'12'!F70+'13'!F70+'14'!F70+'15'!F70+'16'!F70+'17'!F70+'18'!F70+'19'!F70+'20'!F70+'21'!F70+'22'!F70+'23'!F70+'24'!F70+'25'!F70+'26'!F70+'27'!F70+'28'!F70+'29'!F70+'30'!F70+'31.'!F70 -> 0 | G70: =C70+D70-F70-H70 -> 0 | H70: =+'1'!H70+'2'!H70+'3'!H70+'4'!H70+'5'!H70+'6'!H70+'7'!H70+'8'!H70+'9'!H70+'10'!H70+'11'!H70+'12'!H70+'13'!H70+'14'!H70+'15'!H70+'16'!H70+'17'!H70+'18'!H70+'19'!H70+'20'!H70+'21'!H70+'22'!H70+'23'!H70+'24'!H70+'25'!H70+'26'!H70+'27'!H70+'28'!H70+'29'!H70+'30'!H70+'31.'!H70 -> 0 | I70: 70 | J70: =+'1'!J70+'2'!J70+'3'!J70+'4'!J70+'5'!J70+'6'!J70+'7'!J70+'8'!J70+'9'!J70+'10'!J70+'11'!J70+'12'!J70+'13'!J70+'14'!J70+'15'!J70+'16'!J70+'17'!J70+'18'!J70+'19'!J70+'20'!J70+'21'!J70+'22'!J70+'23'!J70+'24'!J70+'25'!J70+'26'!J70+'27'!J70+'28'!J70+'29'!J70+'30'!J70+'31.'!J70 -> 0
A71: 67 | B71: โบราณผลไม้ 6 ชิ้น | C71: =+ยกมา!C138 -> 0 | D71: =+'1'!D71+'2'!D71+'3'!D71+'4'!D71+'5'!D71+'6'!D71+'7'!D71+'8'!D71+'9'!D71+'10'!D71+'11'!D71+'12'!D71+'13'!D71+'14'!D71+'15'!D71+'16'!D71+'17'!D71+'18'!D71+'19'!D71+'20'!D71+'21'!D71+'22'!D71+'23'!D71+'24'!D71+'25'!D71+'26'!D71+'27'!D71+'28'!D71+'29'!D71+'30'!D71+'31.'!D71 -> 0 | E71: =+C71+D71 -> 0 | F71: =+'1'!F71+'2'!F71+'3'!F71+'4'!F71+'5'!F71+'6'!F71+'7'!F71+'8'!F71+'9'!F71+'10'!F71+'11'!F71+'12'!F71+'13'!F71+'14'!F71+'15'!F71+'16'!F71+'17'!F71+'18'!F71+'19'!F71+'20'!F71+'21'!F71+'22'!F71+'23'!F71+'24'!F71+'25'!F71+'26'!F71+'27'!F71+'28'!F71+'29'!F71+'30'!F71+'31.'!F71 -> 0 | G71: =C71+D71-F71-H71 -> 0 | H71: =+'1'!H71+'2'!H71+'3'!H71+'4'!H71+'5'!H71+'6'!H71+'7'!H71+'8'!H71+'9'!H71+'10'!H71+'11'!H71+'12'!H71+'13'!H71+'14'!H71+'15'!H71+'16'!H71+'17'!H71+'18'!H71+'19'!H71+'20'!H71+'21'!H71+'22'!H71+'23'!H71+'24'!H71+'25'!H71+'26'!H71+'27'!H71+'28'!H71+'29'!H71+'30'!H71+'31.'!H71 -> 0 | I71: 80 | J71: =+'1'!J71+'2'!J71+'3'!J71+'4'!J71+'5'!J71+'6'!J71+'7'!J71+'8'!J71+'9'!J71+'10'!J71+'11'!J71+'12'!J71+'13'!J71+'14'!J71+'15'!J71+'16'!J71+'17'!J71+'18'!J71+'19'!J71+'20'!J71+'21'!J71+'22'!J71+'23'!J71+'24'!J71+'25'!J71+'26'!J71+'27'!J71+'28'!J71+'29'!J71+'30'!J71+'31.'!J71 -> 0
A72: 68 | B72: โบราณ 12 ชิ้น รวมรส | C72: =+ยกมา!C163 -> 0 | D72: =+'1'!D72+'2'!D72+'3'!D72+'4'!D72+'5'!D72+'6'!D72+'7'!D72+'8'!D72+'9'!D72+'10'!D72+'11'!D72+'12'!D72+'13'!D72+'14'!D72+'15'!D72+'16'!D72+'17'!D72+'18'!D72+'19'!D72+'20'!D72+'21'!D72+'22'!D72+'23'!D72+'24'!D72+'25'!D72+'26'!D72+'27'!D72+'28'!D72+'29'!D72+'30'!D72+'31.'!D72 -> 0 | E72: =+C72+D72 -> 0 | F72: =+'1'!F72+'2'!F72+'3'!F72+'4'!F72+'5'!F72+'6'!F72+'7'!F72+'8'!F72+'9'!F72+'10'!F72+'11'!F72+'12'!F72+'13'!F72+'14'!F72+'15'!F72+'16'!F72+'17'!F72+'18'!F72+'19'!F72+'20'!F72+'21'!F72+'22'!F72+'23'!F72+'24'!F72+'25'!F72+'26'!F72+'27'!F72+'28'!F72+'29'!F72+'30'!F72+'31.'!F72 -> 0 | G72: =C72+D72-F72-H72 -> 0 | H72: =+'1'!H72+'2'!H72+'3'!H72+'4'!H72+'5'!H72+'6'!H72+'7'!H72+'8'!H72+'9'!H72+'10'!H72+'11'!H72+'12'!H72+'13'!H72+'14'!H72+'15'!H72+'16'!H72+'17'!H72+'18'!H72+'19'!H72+'20'!H72+'21'!H72+'22'!H72+'23'!H72+'24'!H72+'25'!H72+'26'!H72+'27'!H72+'28'!H72+'29'!H72+'30'!H72+'31.'!H72 -> 0 | I72: 150 | J72: =+'1'!J72+'2'!J72+'3'!J72+'4'!J72+'5'!J72+'6'!J72+'7'!J72+'8'!J72+'9'!J72+'10'!J72+'11'!J72+'12'!J72+'13'!J72+'14'!J72+'15'!J72+'16'!J72+'17'!J72+'18'!J72+'19'!J72+'20'!J72+'21'!J72+'22'!J72+'23'!J72+'24'!J72+'25'!J72+'26'!J72+'27'!J72+'28'!J72+'29'!J72+'30'!J72+'31.'!J72 -> 0
A73: 69 | B73: โบราณ 12 ชิ้น ครีม | C73: =+ยกมา!C164 -> 0 | D73: =+'1'!D73+'2'!D73+'3'!D73+'4'!D73+'5'!D73+'6'!D73+'7'!D73+'8'!D73+'9'!D73+'10'!D73+'11'!D73+'12'!D73+'13'!D73+'14'!D73+'15'!D73+'16'!D73+'17'!D73+'18'!D73+'19'!D73+'20'!D73+'21'!D73+'22'!D73+'23'!D73+'24'!D73+'25'!D73+'26'!D73+'27'!D73+'28'!D73+'29'!D73+'30'!D73+'31.'!D73 -> 0 | E73: =+C73+D73 -> 0 | F73: =+'1'!F73+'2'!F73+'3'!F73+'4'!F73+'5'!F73+'6'!F73+'7'!F73+'8'!F73+'9'!F73+'10'!F73+'11'!F73+'12'!F73+'13'!F73+'14'!F73+'15'!F73+'16'!F73+'17'!F73+'18'!F73+'19'!F73+'20'!F73+'21'!F73+'22'!F73+'23'!F73+'24'!F73+'25'!F73+'26'!F73+'27'!F73+'28'!F73+'29'!F73+'30'!F73+'31.'!F73 -> 0 | G73: =C73+D73-F73-H73 -> 0 | H73: =+'1'!H73+'2'!H73+'3'!H73+'4'!H73+'5'!H73+'6'!H73+'7'!H73+'8'!H73+'9'!H73+'10'!H73+'11'!H73+'12'!H73+'13'!H73+'14'!H73+'15'!H73+'16'!H73+'17'!H73+'18'!H73+'19'!H73+'20'!H73+'21'!H73+'22'!H73+'23'!H73+'24'!H73+'25'!H73+'26'!H73+'27'!H73+'28'!H73+'29'!H73+'30'!H73+'31.'!H73 -> 0 | I73: 150 | J73: =+'1'!J73+'2'!J73+'3'!J73+'4'!J73+'5'!J73+'6'!J73+'7'!J73+'8'!J73+'9'!J73+'10'!J73+'11'!J73+'12'!J73+'13'!J73+'14'!J73+'15'!J73+'16'!J73+'17'!J73+'18'!J73+'19'!J73+'20'!J73+'21'!J73+'22'!J73+'23'!J73+'24'!J73+'25'!J73+'26'!J73+'27'!J73+'28'!J73+'29'!J73+'30'!J73+'31.'!J73 -> 0
A74: 70 | B74: โบราณ 12 ชิ้น ผลไม้ | C74: =+ยกมา!C165 -> 0 | D74: =+'1'!D74+'2'!D74+'3'!D74+'4'!D74+'5'!D74+'6'!D74+'7'!D74+'8'!D74+'9'!D74+'10'!D74+'11'!D74+'12'!D74+'13'!D74+'14'!D74+'15'!D74+'16'!D74+'17'!D74+'18'!D74+'19'!D74+'20'!D74+'21'!D74+'22'!D74+'23'!D74+'24'!D74+'25'!D74+'26'!D74+'27'!D74+'28'!D74+'29'!D74+'30'!D74+'31.'!D74 -> 0 | E74: =+C74+D74 -> 0 | F74: =+'1'!F74+'2'!F74+'3'!F74+'4'!F74+'5'!F74+'6'!F74+'7'!F74+'8'!F74+'9'!F74+'10'!F74+'11'!F74+'12'!F74+'13'!F74+'14'!F74+'15'!F74+'16'!F74+'17'!F74+'18'!F74+'19'!F74+'20'!F74+'21'!F74+'22'!F74+'23'!F74+'24'!F74+'25'!F74+'26'!F74+'27'!F74+'28'!F74+'29'!F74+'30'!F74+'31.'!F74 -> 0 | G74: =C74+D74-F74-H74 -> 0 | H74: =+'1'!H74+'2'!H74+'3'!H74+'4'!H74+'5'!H74+'6'!H74+'7'!H74+'8'!H74+'9'!H74+'10'!H74+'11'!H74+'12'!H74+'13'!H74+'14'!H74+'15'!H74+'16'!H74+'17'!H74+'18'!H74+'19'!H74+'20'!H74+'21'!H74+'22'!H74+'23'!H74+'24'!H74+'25'!H74+'26'!H74+'27'!H74+'28'!H74+'29'!H74+'30'!H74+'31.'!H74 -> 0 | I74: 150 | J74: =+'1'!J74+'2'!J74+'3'!J74+'4'!J74+'5'!J74+'6'!J74+'7'!J74+'8'!J74+'9'!J74+'10'!J74+'11'!J74+'12'!J74+'13'!J74+'14'!J74+'15'!J74+'16'!J74+'17'!J74+'18'!J74+'19'!J74+'20'!J74+'21'!J74+'22'!J74+'23'!J74+'24'!J74+'25'!J74+'26'!J74+'27'!J74+'28'!J74+'29'!J74+'30'!J74+'31.'!J74 -> 0
A75: 71 | B75: เค้กโบราณ ครีม 2 ชิ้น | C75: =+ยกมา!C142 -> 0 | D75: =+'1'!D75+'2'!D75+'3'!D75+'4'!D75+'5'!D75+'6'!D75+'7'!D75+'8'!D75+'9'!D75+'10'!D75+'11'!D75+'12'!D75+'13'!D75+'14'!D75+'15'!D75+'16'!D75+'17'!D75+'18'!D75+'19'!D75+'20'!D75+'21'!D75+'22'!D75+'23'!D75+'24'!D75+'25'!D75+'26'!D75+'27'!D75+'28'!D75+'29'!D75+'30'!D75+'31.'!D75 -> 0 | E75: =+C75+D75 -> 0 | F75: =+'1'!F75+'2'!F75+'3'!F75+'4'!F75+'5'!F75+'6'!F75+'7'!F75+'8'!F75+'9'!F75+'10'!F75+'11'!F75+'12'!F75+'13'!F75+'14'!F75+'15'!F75+'16'!F75+'17'!F75+'18'!F75+'19'!F75+'20'!F75+'21'!F75+'22'!F75+'23'!F75+'24'!F75+'25'!F75+'26'!F75+'27'!F75+'28'!F75+'29'!F75+'30'!F75+'31.'!F75 -> 0 | G75: =C75+D75-F75-H75 -> 0 | H75: =+'1'!H75+'2'!H75+'3'!H75+'4'!H75+'5'!H75+'6'!H75+'7'!H75+'8'!H75+'9'!H75+'10'!H75+'11'!H75+'12'!H75+'13'!H75+'14'!H75+'15'!H75+'16'!H75+'17'!H75+'18'!H75+'19'!H75+'20'!H75+'21'!H75+'22'!H75+'23'!H75+'24'!H75+'25'!H75+'26'!H75+'27'!H75+'28'!H75+'29'!H75+'30'!H75+'31.'!H75 -> 0 | I75: 30 | J75: =+'1'!J75+'2'!J75+'3'!J75+'4'!J75+'5'!J75+'6'!J75+'7'!J75+'8'!J75+'9'!J75+'10'!J75+'11'!J75+'12'!J75+'13'!J75+'14'!J75+'15'!J75+'16'!J75+'17'!J75+'18'!J75+'19'!J75+'20'!J75+'21'!J75+'22'!J75+'23'!J75+'24'!J75+'25'!J75+'26'!J75+'27'!J75+'28'!J75+'29'!J75+'30'!J75+'31.'!J75 -> 0
A76: 72 | B76: เค้กโบราณ ผลไม้ 2 ชิ้น | C76: =+ยกมา!C183 -> 2 | D76: =+'1'!D76+'2'!D76+'3'!D76+'4'!D76+'5'!D76+'6'!D76+'7'!D76+'8'!D76+'9'!D76+'10'!D76+'11'!D76+'12'!D76+'13'!D76+'14'!D76+'15'!D76+'16'!D76+'17'!D76+'18'!D76+'19'!D76+'20'!D76+'21'!D76+'22'!D76+'23'!D76+'24'!D76+'25'!D76+'26'!D76+'27'!D76+'28'!D76+'29'!D76+'30'!D76+'31.'!D76 -> 0 | E76: =+C76+D76 -> 2 | F76: =+'1'!F76+'2'!F76+'3'!F76+'4'!F76+'5'!F76+'6'!F76+'7'!F76+'8'!F76+'9'!F76+'10'!F76+'11'!F76+'12'!F76+'13'!F76+'14'!F76+'15'!F76+'16'!F76+'17'!F76+'18'!F76+'19'!F76+'20'!F76+'21'!F76+'22'!F76+'23'!F76+'24'!F76+'25'!F76+'26'!F76+'27'!F76+'28'!F76+'29'!F76+'30'!F76+'31.'!F76 -> 0 | G76: =C76+D76-F76-H76 -> 2 | H76: =+'1'!H76+'2'!H76+'3'!H76+'4'!H76+'5'!H76+'6'!H76+'7'!H76+'8'!H76+'9'!H76+'10'!H76+'11'!H76+'12'!H76+'13'!H76+'14'!H76+'15'!H76+'16'!H76+'17'!H76+'18'!H76+'19'!H76+'20'!H76+'21'!H76+'22'!H76+'23'!H76+'24'!H76+'25'!H76+'26'!H76+'27'!H76+'28'!H76+'29'!H76+'30'!H76+'31.'!H76 -> 0 | I76: 30 | J76: =+'1'!J76+'2'!J76+'3'!J76+'4'!J76+'5'!J76+'6'!J76+'7'!J76+'8'!J76+'9'!J76+'10'!J76+'11'!J76+'12'!J76+'13'!J76+'14'!J76+'15'!J76+'16'!J76+'17'!J76+'18'!J76+'19'!J76+'20'!J76+'21'!J76+'22'!J76+'23'!J76+'24'!J76+'25'!J76+'26'!J76+'27'!J76+'28'!J76+'29'!J76+'30'!J76+'31.'!J76 -> 0
A77: 73 | B77: พายสับปะรด 1 กล่อง | C77: 7 | D77: =+'1'!D77+'2'!D77+'3'!D77+'4'!D77+'5'!D77+'6'!D77+'7'!D77+'8'!D77+'9'!D77+'10'!D77+'11'!D77+'12'!D77+'13'!D77+'14'!D77+'15'!D77+'16'!D77+'17'!D77+'18'!D77+'19'!D77+'20'!D77+'21'!D77+'22'!D77+'23'!D77+'24'!D77+'25'!D77+'26'!D77+'27'!D77+'28'!D77+'29'!D77+'30'!D77+'31.'!D77 -> 35 | E77: =+C77+D77 -> 42 | F77: =+'1'!F77+'2'!F77+'3'!F77+'4'!F77+'5'!F77+'6'!F77+'7'!F77+'8'!F77+'9'!F77+'10'!F77+'11'!F77+'12'!F77+'13'!F77+'14'!F77+'15'!F77+'16'!F77+'17'!F77+'18'!F77+'19'!F77+'20'!F77+'21'!F77+'22'!F77+'23'!F77+'24'!F77+'25'!F77+'26'!F77+'27'!F77+'28'!F77+'29'!F77+'30'!F77+'31.'!F77 -> 0 | G77: =C77+D77-F77-H77 -> 0 | H77: =+'1'!H77+'2'!H77+'3'!H77+'4'!H77+'5'!H77+'6'!H77+'7'!H77+'8'!H77+'9'!H77+'10'!H77+'11'!H77+'12'!H77+'13'!H77+'14'!H77+'15'!H77+'16'!H77+'17'!H77+'18'!H77+'19'!H77+'20'!H77+'21'!H77+'22'!H77+'23'!H77+'24'!H77+'25'!H77+'26'!H77+'27'!H77+'28'!H77+'29'!H77+'30'!H77+'31.'!H77 -> 42 | I77: 50 | J77: =+'1'!J77+'2'!J77+'3'!J77+'4'!J77+'5'!J77+'6'!J77+'7'!J77+'8'!J77+'9'!J77+'10'!J77+'11'!J77+'12'!J77+'13'!J77+'14'!J77+'15'!J77+'16'!J77+'17'!J77+'18'!J77+'19'!J77+'20'!J77+'21'!J77+'22'!J77+'23'!J77+'24'!J77+'25'!J77+'26'!J77+'27'!J77+'28'!J77+'29'!J77+'30'!J77+'31.'!J77 -> 2100
A78: 74 | B78: ลาวา ทูโทน (ล) | C78: =+ยกมา!C106 -> 0 | D78: =+'1'!D78+'2'!D78+'3'!D78+'4'!D78+'5'!D78+'6'!D78+'7'!D78+'8'!D78+'9'!D78+'10'!D78+'11'!D78+'12'!D78+'13'!D78+'14'!D78+'15'!D78+'16'!D78+'17'!D78+'18'!D78+'19'!D78+'20'!D78+'21'!D78+'22'!D78+'23'!D78+'24'!D78+'25'!D78+'26'!D78+'27'!D78+'28'!D78+'29'!D78+'30'!D78+'31.'!D78 -> 22 | E78: =+C78+D78 -> 22 | F78: =+'1'!F78+'2'!F78+'3'!F78+'4'!F78+'5'!F78+'6'!F78+'7'!F78+'8'!F78+'9'!F78+'10'!F78+'11'!F78+'12'!F78+'13'!F78+'14'!F78+'15'!F78+'16'!F78+'17'!F78+'18'!F78+'19'!F78+'20'!F78+'21'!F78+'22'!F78+'23'!F78+'24'!F78+'25'!F78+'26'!F78+'27'!F78+'28'!F78+'29'!F78+'30'!F78+'31.'!F78 -> 1 | G78: =C78+D78-F78-H78 -> 1 | H78: =+'1'!H78+'2'!H78+'3'!H78+'4'!H78+'5'!H78+'6'!H78+'7'!H78+'8'!H78+'9'!H78+'10'!H78+'11'!H78+'12'!H78+'13'!H78+'14'!H78+'15'!H78+'16'!H78+'17'!H78+'18'!H78+'19'!H78+'20'!H78+'21'!H78+'22'!H78+'23'!H78+'24'!H78+'25'!H78+'26'!H78+'27'!H78+'28'!H78+'29'!H78+'30'!H78+'31.'!H78 -> 20 | I78: 50 | J78: =+'1'!J78+'2'!J78+'3'!J78+'4'!J78+'5'!J78+'6'!J78+'7'!J78+'8'!J78+'9'!J78+'10'!J78+'11'!J78+'12'!J78+'13'!J78+'14'!J78+'15'!J78+'16'!J78+'17'!J78+'18'!J78+'19'!J78+'20'!J78+'21'!J78+'22'!J78+'23'!J78+'24'!J78+'25'!J78+'26'!J78+'27'!J78+'28'!J78+'29'!J78+'30'!J78+'31.'!J78 -> 1000
A79: 75 | B79: ลาวา ทูโทน (ญ) | C79: =+ยกมา!C107 -> 6 | D79: =+'1'!D79+'2'!D79+'3'!D79+'4'!D79+'5'!D79+'6'!D79+'7'!D79+'8'!D79+'9'!D79+'10'!D79+'11'!D79+'12'!D79+'13'!D79+'14'!D79+'15'!D79+'16'!D79+'17'!D79+'18'!D79+'19'!D79+'20'!D79+'21'!D79+'22'!D79+'23'!D79+'24'!D79+'25'!D79+'26'!D79+'27'!D79+'28'!D79+'29'!D79+'30'!D79+'31.'!D79 -> 7 | E79: =+C79+D79 -> 13 | F79: =+'1'!F79+'2'!F79+'3'!F79+'4'!F79+'5'!F79+'6'!F79+'7'!F79+'8'!F79+'9'!F79+'10'!F79+'11'!F79+'12'!F79+'13'!F79+'14'!F79+'15'!F79+'16'!F79+'17'!F79+'18'!F79+'19'!F79+'20'!F79+'21'!F79+'22'!F79+'23'!F79+'24'!F79+'25'!F79+'26'!F79+'27'!F79+'28'!F79+'29'!F79+'30'!F79+'31.'!F79 -> 0 | G79: =C79+D79-F79-H79 -> 6 | H79: =+'1'!H79+'2'!H79+'3'!H79+'4'!H79+'5'!H79+'6'!H79+'7'!H79+'8'!H79+'9'!H79+'10'!H79+'11'!H79+'12'!H79+'13'!H79+'14'!H79+'15'!H79+'16'!H79+'17'!H79+'18'!H79+'19'!H79+'20'!H79+'21'!H79+'22'!H79+'23'!H79+'24'!H79+'25'!H79+'26'!H79+'27'!H79+'28'!H79+'29'!H79+'30'!H79+'31.'!H79 -> 7 | I79: 120 | J79: =+'1'!J79+'2'!J79+'3'!J79+'4'!J79+'5'!J79+'6'!J79+'7'!J79+'8'!J79+'9'!J79+'10'!J79+'11'!J79+'12'!J79+'13'!J79+'14'!J79+'15'!J79+'16'!J79+'17'!J79+'18'!J79+'19'!J79+'20'!J79+'21'!J79+'22'!J79+'23'!J79+'24'!J79+'25'!J79+'26'!J79+'27'!J79+'28'!J79+'29'!J79+'30'!J79+'31.'!J79 -> 840
A80: 76 | B80: ลาวา ฝอยทอง ทูโทน ญ | C80: =+ยกมา!C254 -> 0 | D80: =+'1'!D80+'2'!D80+'3'!D80+'4'!D80+'5'!D80+'6'!D80+'7'!D80+'8'!D80+'9'!D80+'10'!D80+'11'!D80+'12'!D80+'13'!D80+'14'!D80+'15'!D80+'16'!D80+'17'!D80+'18'!D80+'19'!D80+'20'!D80+'21'!D80+'22'!D80+'23'!D80+'24'!D80+'25'!D80+'26'!D80+'27'!D80+'28'!D80+'29'!D80+'30'!D80+'31.'!D80 -> 4 | E80: =+C80+D80 -> 4 | F80: =+'1'!F80+'2'!F80+'3'!F80+'4'!F80+'5'!F80+'6'!F80+'7'!F80+'8'!F80+'9'!F80+'10'!F80+'11'!F80+'12'!F80+'13'!F80+'14'!F80+'15'!F80+'16'!F80+'17'!F80+'18'!F80+'19'!F80+'20'!F80+'21'!F80+'22'!F80+'23'!F80+'24'!F80+'25'!F80+'26'!F80+'27'!F80+'28'!F80+'29'!F80+'30'!F80+'31.'!F80 -> 0 | G80: =C80+D80-F80-H80 -> 1 | H80: =+'1'!H80+'2'!H80+'3'!H80+'4'!H80+'5'!H80+'6'!H80+'7'!H80+'8'!H80+'9'!H80+'10'!H80+'11'!H80+'12'!H80+'13'!H80+'14'!H80+'15'!H80+'16'!H80+'17'!H80+'18'!H80+'19'!H80+'20'!H80+'21'!H80+'22'!H80+'23'!H80+'24'!H80+'25'!H80+'26'!H80+'27'!H80+'28'!H80+'29'!H80+'30'!H80+'31.'!H80 -> 3 | I80: 120 | J80: =+'1'!J80+'2'!J80+'3'!J80+'4'!J80+'5'!J80+'6'!J80+'7'!J80+'8'!J80+'9'!J80+'10'!J80+'11'!J80+'12'!J80+'13'!J80+'14'!J80+'15'!J80+'16'!J80+'17'!J80+'18'!J80+'19'!J80+'20'!J80+'21'!J80+'22'!J80+'23'!J80+'24'!J80+'25'!J80+'26'!J80+'27'!J80+'28'!J80+'29'!J80+'30'!J80+'31.'!J80 -> 360
A81: 77 | B81: เอแคลร์ | C81: =+ยกมา!C108 -> 6 | D81: =+'1'!D81+'2'!D81+'3'!D81+'4'!D81+'5'!D81+'6'!D81+'7'!D81+'8'!D81+'9'!D81+'10'!D81+'11'!D81+'12'!D81+'13'!D81+'14'!D81+'15'!D81+'16'!D81+'17'!D81+'18'!D81+'19'!D81+'20'!D81+'21'!D81+'22'!D81+'23'!D81+'24'!D81+'25'!D81+'26'!D81+'27'!D81+'28'!D81+'29'!D81+'30'!D81+'31.'!D81 -> 48 | E81: =+C81+D81 -> 54 | F81: =+'1'!F81+'2'!F81+'3'!F81+'4'!F81+'5'!F81+'6'!F81+'7'!F81+'8'!F81+'9'!F81+'10'!F81+'11'!F81+'12'!F81+'13'!F81+'14'!F81+'15'!F81+'16'!F81+'17'!F81+'18'!F81+'19'!F81+'20'!F81+'21'!F81+'22'!F81+'23'!F81+'24'!F81+'25'!F81+'26'!F81+'27'!F81+'28'!F81+'29'!F81+'30'!F81+'31.'!F81 -> 7 | G81: =C81+D81-F81-H81 -> 14 | H81: =+'1'!H81+'2'!H81+'3'!H81+'4'!H81+'5'!H81+'6'!H81+'7'!H81+'8'!H81+'9'!H81+'10'!H81+'11'!H81+'12'!H81+'13'!H81+'14'!H81+'15'!H81+'16'!H81+'17'!H81+'18'!H81+'19'!H81+'20'!H81+'21'!H81+'22'!H81+'23'!H81+'24'!H81+'25'!H81+'26'!H81+'27'!H81+'28'!H81+'29'!H81+'30'!H81+'31.'!H81 -> 33 | I81: 50 | J81: =+'1'!J81+'2'!J81+'3'!J81+'4'!J81+'5'!J81+'6'!J81+'7'!J81+'8'!J81+'9'!J81+'10'!J81+'11'!J81+'12'!J81+'13'!J81+'14'!J81+'15'!J81+'16'!J81+'17'!J81+'18'!J81+'19'!J81+'20'!J81+'21'!J81+'22'!J81+'23'!J81+'24'!J81+'25'!J81+'26'!J81+'27'!J81+'28'!J81+'29'!J81+'30'!J81+'31.'!J81 -> 1650
A82: 78 | B82: เอแคลร์ไข่เค็ม 6 ชิ้น | C82: =+ยกมา!C109 -> 10 | D82: =+'1'!D82+'2'!D82+'3'!D82+'4'!D82+'5'!D82+'6'!D82+'7'!D82+'8'!D82+'9'!D82+'10'!D82+'11'!D82+'12'!D82+'13'!D82+'14'!D82+'15'!D82+'16'!D82+'17'!D82+'18'!D82+'19'!D82+'20'!D82+'21'!D82+'22'!D82+'23'!D82+'24'!D82+'25'!D82+'26'!D82+'27'!D82+'28'!D82+'29'!D82+'30'!D82+'31.'!D82 -> 0 | E82: =+C82+D82 -> 10 | F82: =+'1'!F82+'2'!F82+'3'!F82+'4'!F82+'5'!F82+'6'!F82+'7'!F82+'8'!F82+'9'!F82+'10'!F82+'11'!F82+'12'!F82+'13'!F82+'14'!F82+'15'!F82+'16'!F82+'17'!F82+'18'!F82+'19'!F82+'20'!F82+'21'!F82+'22'!F82+'23'!F82+'24'!F82+'25'!F82+'26'!F82+'27'!F82+'28'!F82+'29'!F82+'30'!F82+'31.'!F82 -> 0 | G82: =C82+D82-F82-H82 -> 10 | H82: =+'1'!H82+'2'!H82+'3'!H82+'4'!H82+'5'!H82+'6'!H82+'7'!H82+'8'!H82+'9'!H82+'10'!H82+'11'!H82+'12'!H82+'13'!H82+'14'!H82+'15'!H82+'16'!H82+'17'!H82+'18'!H82+'19'!H82+'20'!H82+'21'!H82+'22'!H82+'23'!H82+'24'!H82+'25'!H82+'26'!H82+'27'!H82+'28'!H82+'29'!H82+'30'!H82+'31.'!H82 -> 0 | I82: 50 | J82: =+'1'!J82+'2'!J82+'3'!J82+'4'!J82+'5'!J82+'6'!J82+'7'!J82+'8'!J82+'9'!J82+'10'!J82+'11'!J82+'12'!J82+'13'!J82+'14'!J82+'15'!J82+'16'!J82+'17'!J82+'18'!J82+'19'!J82+'20'!J82+'21'!J82+'22'!J82+'23'!J82+'24'!J82+'25'!J82+'26'!J82+'27'!J82+'28'!J82+'29'!J82+'30'!J82+'31.'!J82 -> 0
A83: 79 | B83: เอแครล์คิทแคท | C83: 2 | D83: =+'1'!D83+'2'!D83+'3'!D83+'4'!D83+'5'!D83+'6'!D83+'7'!D83+'8'!D83+'9'!D83+'10'!D83+'11'!D83+'12'!D83+'13'!D83+'14'!D83+'15'!D83+'16'!D83+'17'!D83+'18'!D83+'19'!D83+'20'!D83+'21'!D83+'22'!D83+'23'!D83+'24'!D83+'25'!D83+'26'!D83+'27'!D83+'28'!D83+'29'!D83+'30'!D83+'31.'!D83 -> 20 | E83: =+C83+D83 -> 22 | F83: =+'1'!F83+'2'!F83+'3'!F83+'4'!F83+'5'!F83+'6'!F83+'7'!F83+'8'!F83+'9'!F83+'10'!F83+'11'!F83+'12'!F83+'13'!F83+'14'!F83+'15'!F83+'16'!F83+'17'!F83+'18'!F83+'19'!F83+'20'!F83+'21'!F83+'22'!F83+'23'!F83+'24'!F83+'25'!F83+'26'!F83+'27'!F83+'28'!F83+'29'!F83+'30'!F83+'31.'!F83 -> 6 | G83: =C83+D83-F83-H83 -> 0 | H83: =+'1'!H83+'2'!H83+'3'!H83+'4'!H83+'5'!H83+'6'!H83+'7'!H83+'8'!H83+'9'!H83+'10'!H83+'11'!H83+'12'!H83+'13'!H83+'14'!H83+'15'!H83+'16'!H83+'17'!H83+'18'!H83+'19'!H83+'20'!H83+'21'!H83+'22'!H83+'23'!H83+'24'!H83+'25'!H83+'26'!H83+'27'!H83+'28'!H83+'29'!H83+'30'!H83+'31.'!H83 -> 16 | I83: 45 | J83: =+'1'!J83+'2'!J83+'3'!J83+'4'!J83+'5'!J83+'6'!J83+'7'!J83+'8'!J83+'9'!J83+'10'!J83+'11'!J83+'12'!J83+'13'!J83+'14'!J83+'15'!J83+'16'!J83+'17'!J83+'18'!J83+'19'!J83+'20'!J83+'21'!J83+'22'!J83+'23'!J83+'24'!J83+'25'!J83+'26'!J83+'27'!J83+'28'!J83+'29'!J83+'30'!J83+'31.'!J83 -> 720
A84: 80 | B84: เค้กช็อคหน้านิ่ม | C84: =+ยกมา!C110 -> 4 | D84: =+'1'!D84+'2'!D84+'3'!D84+'4'!D84+'5'!D84+'6'!D84+'7'!D84+'8'!D84+'9'!D84+'10'!D84+'11'!D84+'12'!D84+'13'!D84+'14'!D84+'15'!D84+'16'!D84+'17'!D84+'18'!D84+'19'!D84+'20'!D84+'21'!D84+'22'!D84+'23'!D84+'24'!D84+'25'!D84+'26'!D84+'27'!D84+'28'!D84+'29'!D84+'30'!D84+'31.'!D84 -> 36 | E84: =+C84+D84 -> 40 | F84: =+'1'!F84+'2'!F84+'3'!F84+'4'!F84+'5'!F84+'6'!F84+'7'!F84+'8'!F84+'9'!F84+'10'!F84+'11'!F84+'12'!F84+'13'!F84+'14'!F84+'15'!F84+'16'!F84+'17'!F84+'18'!F84+'19'!F84+'20'!F84+'21'!F84+'22'!F84+'23'!F84+'24'!F84+'25'!F84+'26'!F84+'27'!F84+'28'!F84+'29'!F84+'30'!F84+'31.'!F84 -> 10 | G84: =C84+D84-F84-H84 -> 1 | H84: =+'1'!H84+'2'!H84+'3'!H84+'4'!H84+'5'!H84+'6'!H84+'7'!H84+'8'!H84+'9'!H84+'10'!H84+'11'!H84+'12'!H84+'13'!H84+'14'!H84+'15'!H84+'16'!H84+'17'!H84+'18'!H84+'19'!H84+'20'!H84+'21'!H84+'22'!H84+'23'!H84+'24'!H84+'25'!H84+'26'!H84+'27'!H84+'28'!H84+'29'!H84+'30'!H84+'31.'!H84 -> 29 | I84: 55 | J84: =+'1'!J84+'2'!J84+'3'!J84+'4'!J84+'5'!J84+'6'!J84+'7'!J84+'8'!J84+'9'!J84+'10'!J84+'11'!J84+'12'!J84+'13'!J84+'14'!J84+'15'!J84+'16'!J84+'17'!J84+'18'!J84+'19'!J84+'20'!J84+'21'!J84+'22'!J84+'23'!J84+'24'!J84+'25'!J84+'26'!J84+'27'!J84+'28'!J84+'29'!J84+'30'!J84+'31.'!J84 -> 1595
A85: 81 | B85: เค้กมะพร้าวหน้านิ่ม | C85: 2 | D85: =+'1'!D85+'2'!D85+'3'!D85+'4'!D85+'5'!D85+'6'!D85+'7'!D85+'8'!D85+'9'!D85+'10'!D85+'11'!D85+'12'!D85+'13'!D85+'14'!D85+'15'!D85+'16'!D85+'17'!D85+'18'!D85+'19'!D85+'20'!D85+'21'!D85+'22'!D85+'23'!D85+'24'!D85+'25'!D85+'26'!D85+'27'!D85+'28'!D85+'29'!D85+'30'!D85+'31.'!D85 -> 34 | E85: =+C85+D85 -> 36 | F85: =+'1'!F85+'2'!F85+'3'!F85+'4'!F85+'5'!F85+'6'!F85+'7'!F85+'8'!F85+'9'!F85+'10'!F85+'11'!F85+'12'!F85+'13'!F85+'14'!F85+'15'!F85+'16'!F85+'17'!F85+'18'!F85+'19'!F85+'20'!F85+'21'!F85+'22'!F85+'23'!F85+'24'!F85+'25'!F85+'26'!F85+'27'!F85+'28'!F85+'29'!F85+'30'!F85+'31.'!F85 -> 10 | G85: =C85+D85-F85-H85 -> 0 | H85: =+'1'!H85+'2'!H85+'3'!H85+'4'!H85+'5'!H85+'6'!H85+'7'!H85+'8'!H85+'9'!H85+'10'!H85+'11'!H85+'12'!H85+'13'!H85+'14'!H85+'15'!H85+'16'!H85+'17'!H85+'18'!H85+'19'!H85+'20'!H85+'21'!H85+'22'!H85+'23'!H85+'24'!H85+'25'!H85+'26'!H85+'27'!H85+'28'!H85+'29'!H85+'30'!H85+'31.'!H85 -> 26 | I85: 55 | J85: =+'1'!J85+'2'!J85+'3'!J85+'4'!J85+'5'!J85+'6'!J85+'7'!J85+'8'!J85+'9'!J85+'10'!J85+'11'!J85+'12'!J85+'13'!J85+'14'!J85+'15'!J85+'16'!J85+'17'!J85+'18'!J85+'19'!J85+'20'!J85+'21'!J85+'22'!J85+'23'!J85+'24'!J85+'25'!J85+'26'!J85+'27'!J85+'28'!J85+'29'!J85+'30'!J85+'31.'!J85 -> 1430
A86: 82 | B86: เค้กเนยสดหน้านิ่ม | C86: =+ยกมา!C112 -> 0 | D86: =+'1'!D86+'2'!D86+'3'!D86+'4'!D86+'5'!D86+'6'!D86+'7'!D86+'8'!D86+'9'!D86+'10'!D86+'11'!D86+'12'!D86+'13'!D86+'14'!D86+'15'!D86+'16'!D86+'17'!D86+'18'!D86+'19'!D86+'20'!D86+'21'!D86+'22'!D86+'23'!D86+'24'!D86+'25'!D86+'26'!D86+'27'!D86+'28'!D86+'29'!D86+'30'!D86+'31.'!D86 -> 0 | E86: =+C86+D86 -> 0 | F86: =+'1'!F86+'2'!F86+'3'!F86+'4'!F86+'5'!F86+'6'!F86+'7'!F86+'8'!F86+'9'!F86+'10'!F86+'11'!F86+'12'!F86+'13'!F86+'14'!F86+'15'!F86+'16'!F86+'17'!F86+'18'!F86+'19'!F86+'20'!F86+'21'!F86+'22'!F86+'23'!F86+'24'!F86+'25'!F86+'26'!F86+'27'!F86+'28'!F86+'29'!F86+'30'!F86+'31.'!F86 -> 0 | G86: =C86+D86-F86-H86 -> 0 | H86: =+'1'!H86+'2'!H86+'3'!H86+'4'!H86+'5'!H86+'6'!H86+'7'!H86+'8'!H86+'9'!H86+'10'!H86+'11'!H86+'12'!H86+'13'!H86+'14'!H86+'15'!H86+'16'!H86+'17'!H86+'18'!H86+'19'!H86+'20'!H86+'21'!H86+'22'!H86+'23'!H86+'24'!H86+'25'!H86+'26'!H86+'27'!H86+'28'!H86+'29'!H86+'30'!H86+'31.'!H86 -> 0 | I86: 55 | J86: =+'1'!J86+'2'!J86+'3'!J86+'4'!J86+'5'!J86+'6'!J86+'7'!J86+'8'!J86+'9'!J86+'10'!J86+'11'!J86+'12'!J86+'13'!J86+'14'!J86+'15'!J86+'16'!J86+'17'!J86+'18'!J86+'19'!J86+'20'!J86+'21'!J86+'22'!J86+'23'!J86+'24'!J86+'25'!J86+'26'!J86+'27'!J86+'28'!J86+'29'!J86+'30'!J86+'31.'!J86 -> 0
A87: 83 | B87: เค้กส้มหน้านิ่ม | C87: =+ยกมา!C98 -> 7 | D87: =+'1'!D87+'2'!D87+'3'!D87+'4'!D87+'5'!D87+'6'!D87+'7'!D87+'8'!D87+'9'!D87+'10'!D87+'11'!D87+'12'!D87+'13'!D87+'14'!D87+'15'!D87+'16'!D87+'17'!D87+'18'!D87+'19'!D87+'20'!D87+'21'!D87+'22'!D87+'23'!D87+'24'!D87+'25'!D87+'26'!D87+'27'!D87+'28'!D87+'29'!D87+'30'!D87+'31.'!D87 -> 0 | E87: =+C87+D87 -> 7 | F87: =+'1'!F87+'2'!F87+'3'!F87+'4'!F87+'5'!F87+'6'!F87+'7'!F87+'8'!F87+'9'!F87+'10'!F87+'11'!F87+'12'!F87+'13'!F87+'14'!F87+'15'!F87+'16'!F87+'17'!F87+'18'!F87+'19'!F87+'20'!F87+'21'!F87+'22'!F87+'23'!F87+'24'!F87+'25'!F87+'26'!F87+'27'!F87+'28'!F87+'29'!F87+'30'!F87+'31.'!F87 -> 0 | G87: =C87+D87-F87-H87 -> 7 | H87: =+'1'!H87+'2'!H87+'3'!H87+'4'!H87+'5'!H87+'6'!H87+'7'!H87+'8'!H87+'9'!H87+'10'!H87+'11'!H87+'12'!H87+'13'!H87+'14'!H87+'15'!H87+'16'!H87+'17'!H87+'18'!H87+'19'!H87+'20'!H87+'21'!H87+'22'!H87+'23'!H87+'24'!H87+'25'!H87+'26'!H87+'27'!H87+'28'!H87+'29'!H87+'30'!H87+'31.'!H87 -> 0 | I87: 55 | J87: =+'1'!J87+'2'!J87+'3'!J87+'4'!J87+'5'!J87+'6'!J87+'7'!J87+'8'!J87+'9'!J87+'10'!J87+'11'!J87+'12'!J87+'13'!J87+'14'!J87+'15'!J87+'16'!J87+'17'!J87+'18'!J87+'19'!J87+'20'!J87+'21'!J87+'22'!J87+'23'!J87+'24'!J87+'25'!J87+'26'!J87+'27'!J87+'28'!J87+'29'!J87+'30'!J87+'31.'!J87 -> 0
A88: 84 | B88: เค้กลอดช่อง | C88: =+ยกมา!C43 -> 10 | D88: =+'1'!D88+'2'!D88+'3'!D88+'4'!D88+'5'!D88+'6'!D88+'7'!D88+'8'!D88+'9'!D88+'10'!D88+'11'!D88+'12'!D88+'13'!D88+'14'!D88+'15'!D88+'16'!D88+'17'!D88+'18'!D88+'19'!D88+'20'!D88+'21'!D88+'22'!D88+'23'!D88+'24'!D88+'25'!D88+'26'!D88+'27'!D88+'28'!D88+'29'!D88+'30'!D88+'31.'!D88 -> 160 | E88: =+C88+D88 -> 170 | F88: =+'1'!F88+'2'!F88+'3'!F88+'4'!F88+'5'!F88+'6'!F88+'7'!F88+'8'!F88+'9'!F88+'10'!F88+'11'!F88+'12'!F88+'13'!F88+'14'!F88+'15'!F88+'16'!F88+'17'!F88+'18'!F88+'19'!F88+'20'!F88+'21'!F88+'22'!F88+'23'!F88+'24'!F88+'25'!F88+'26'!F88+'27'!F88+'28'!F88+'29'!F88+'30'!F88+'31.'!F88 -> 13 | G88: =C88+D88-F88-H88 -> 15 | H88: =+'1'!H88+'2'!H88+'3'!H88+'4'!H88+'5'!H88+'6'!H88+'7'!H88+'8'!H88+'9'!H88+'10'!H88+'11'!H88+'12'!H88+'13'!H88+'14'!H88+'15'!H88+'16'!H88+'17'!H88+'18'!H88+'19'!H88+'20'!H88+'21'!H88+'22'!H88+'23'!H88+'24'!H88+'25'!H88+'26'!H88+'27'!H88+'28'!H88+'29'!H88+'30'!H88+'31.'!H88 -> 142 | I88: 35 | J88: =+'1'!J88+'2'!J88+'3'!J88+'4'!J88+'5'!J88+'6'!J88+'7'!J88+'8'!J88+'9'!J88+'10'!J88+'11'!J88+'12'!J88+'13'!J88+'14'!J88+'15'!J88+'16'!J88+'17'!J88+'18'!J88+'19'!J88+'20'!J88+'21'!J88+'22'!J88+'23'!J88+'24'!J88+'25'!J88+'26'!J88+'27'!J88+'28'!J88+'29'!J88+'30'!J88+'31.'!J88 -> 4970
A89: 85 | B89: เค้กลอดช่องกล่องกลม | C89: 3 | D89: =+'1'!D89+'2'!D89+'3'!D89+'4'!D89+'5'!D89+'6'!D89+'7'!D89+'8'!D89+'9'!D89+'10'!D89+'11'!D89+'12'!D89+'13'!D89+'14'!D89+'15'!D89+'16'!D89+'17'!D89+'18'!D89+'19'!D89+'20'!D89+'21'!D89+'22'!D89+'23'!D89+'24'!D89+'25'!D89+'26'!D89+'27'!D89+'28'!D89+'29'!D89+'30'!D89+'31.'!D89 -> 8 | E89: =+C89+D89 -> 11 | F89: =+'1'!F89+'2'!F89+'3'!F89+'4'!F89+'5'!F89+'6'!F89+'7'!F89+'8'!F89+'9'!F89+'10'!F89+'11'!F89+'12'!F89+'13'!F89+'14'!F89+'15'!F89+'16'!F89+'17'!F89+'18'!F89+'19'!F89+'20'!F89+'21'!F89+'22'!F89+'23'!F89+'24'!F89+'25'!F89+'26'!F89+'27'!F89+'28'!F89+'29'!F89+'30'!F89+'31.'!F89 -> 1 | G89: =C89+D89-F89-H89 -> 0 | H89: =+'1'!H89+'2'!H89+'3'!H89+'4'!H89+'5'!H89+'6'!H89+'7'!H89+'8'!H89+'9'!H89+'10'!H89+'11'!H89+'12'!H89+'13'!H89+'14'!H89+'15'!H89+'16'!H89+'17'!H89+'18'!H89+'19'!H89+'20'!H89+'21'!H89+'22'!H89+'23'!H89+'24'!H89+'25'!H89+'26'!H89+'27'!H89+'28'!H89+'29'!H89+'30'!H89+'31.'!H89 -> 10 | I89: 120 | J89: =+'1'!J89+'2'!J89+'3'!J89+'4'!J89+'5'!J89+'6'!J89+'7'!J89+'8'!J89+'9'!J89+'10'!J89+'11'!J89+'12'!J89+'13'!J89+'14'!J89+'15'!J89+'16'!J89+'17'!J89+'18'!J89+'19'!J89+'20'!J89+'21'!J89+'22'!J89+'23'!J89+'24'!J89+'25'!J89+'26'!J89+'27'!J89+'28'!J89+'29'!J89+'30'!J89+'31.'!J89 -> 1200
A90: 86 | B90: เค้กแยมโรลวรรณวนัช | C90: =+ยกมา!C97 -> 0 | D90: =+'1'!D90+'2'!D90+'3'!D90+'4'!D90+'5'!D90+'6'!D90+'7'!D90+'8'!D90+'9'!D90+'10'!D90+'11'!D90+'12'!D90+'13'!D90+'14'!D90+'15'!D90+'16'!D90+'17'!D90+'18'!D90+'19'!D90+'20'!D90+'21'!D90+'22'!D90+'23'!D90+'24'!D90+'25'!D90+'26'!D90+'27'!D90+'28'!D90+'29'!D90+'30'!D90+'31.'!D90 -> 0 | E90: =+C90+D90 -> 0 | F90: =+'1'!F90+'2'!F90+'3'!F90+'4'!F90+'5'!F90+'6'!F90+'7'!F90+'8'!F90+'9'!F90+'10'!F90+'11'!F90+'12'!F90+'13'!F90+'14'!F90+'15'!F90+'16'!F90+'17'!F90+'18'!F90+'19'!F90+'20'!F90+'21'!F90+'22'!F90+'23'!F90+'24'!F90+'25'!F90+'26'!F90+'27'!F90+'28'!F90+'29'!F90+'30'!F90+'31.'!F90 -> 0 | G90: =C90+D90-F90-H90 -> 0 | H90: =+'1'!H90+'2'!H90+'3'!H90+'4'!H90+'5'!H90+'6'!H90+'7'!H90+'8'!H90+'9'!H90+'10'!H90+'11'!H90+'12'!H90+'13'!H90+'14'!H90+'15'!H90+'16'!H90+'17'!H90+'18'!H90+'19'!H90+'20'!H90+'21'!H90+'22'!H90+'23'!H90+'24'!H90+'25'!H90+'26'!H90+'27'!H90+'28'!H90+'29'!H90+'30'!H90+'31.'!H90 -> 0 | I90: 40 | J90: =+'1'!J90+'2'!J90+'3'!J90+'4'!J90+'5'!J90+'6'!J90+'7'!J90+'8'!J90+'9'!J90+'10'!J90+'11'!J90+'12'!J90+'13'!J90+'14'!J90+'15'!J90+'16'!J90+'17'!J90+'18'!J90+'19'!J90+'20'!J90+'21'!J90+'22'!J90+'23'!J90+'24'!J90+'25'!J90+'26'!J90+'27'!J90+'28'!J90+'29'!J90+'30'!J90+'31.'!J90 -> 0
A91: 87 | B91: เค้กสามเหลี่ยม มะพร้าว | C91: =+ยกมา!C117 -> 0 | D91: =+'1'!D91+'2'!D91+'3'!D91+'4'!D91+'5'!D91+'6'!D91+'7'!D91+'8'!D91+'9'!D91+'10'!D91+'11'!D91+'12'!D91+'13'!D91+'14'!D91+'15'!D91+'16'!D91+'17'!D91+'18'!D91+'19'!D91+'20'!D91+'21'!D91+'22'!D91+'23'!D91+'24'!D91+'25'!D91+'26'!D91+'27'!D91+'28'!D91+'29'!D91+'30'!D91+'31.'!D91 -> 0 | E91: =+C91+D91 -> 0 | F91: =+'1'!F91+'2'!F91+'3'!F91+'4'!F91+'5'!F91+'6'!F91+'7'!F91+'8'!F91+'9'!F91+'10'!F91+'11'!F91+'12'!F91+'13'!F91+'14'!F91+'15'!F91+'16'!F91+'17'!F91+'18'!F91+'19'!F91+'20'!F91+'21'!F91+'22'!F91+'23'!F91+'24'!F91+'25'!F91+'26'!F91+'27'!F91+'28'!F91+'29'!F91+'30'!F91+'31.'!F91 -> 0 | G91: =C91+D91-F91-H91 -> 0 | H91: =+'1'!H91+'2'!H91+'3'!H91+'4'!H91+'5'!H91+'6'!H91+'7'!H91+'8'!H91+'9'!H91+'10'!H91+'11'!H91+'12'!H91+'13'!H91+'14'!H91+'15'!H91+'16'!H91+'17'!H91+'18'!H91+'19'!H91+'20'!H91+'21'!H91+'22'!H91+'23'!H91+'24'!H91+'25'!H91+'26'!H91+'27'!H91+'28'!H91+'29'!H91+'30'!H91+'31.'!H91 -> 0 | I91: 35 | J91: =+'1'!J91+'2'!J91+'3'!J91+'4'!J91+'5'!J91+'6'!J91+'7'!J91+'8'!J91+'9'!J91+'10'!J91+'11'!J91+'12'!J91+'13'!J91+'14'!J91+'15'!J91+'16'!J91+'17'!J91+'18'!J91+'19'!J91+'20'!J91+'21'!J91+'22'!J91+'23'!J91+'24'!J91+'25'!J91+'26'!J91+'27'!J91+'28'!J91+'29'!J91+'30'!J91+'31.'!J91 -> 0
A92: 88 | B92: เค้กสามเหลี่ยม สตอเบอรี่ | C92: =+ยกมา!C118 -> 0 | D92: =+'1'!D92+'2'!D92+'3'!D92+'4'!D92+'5'!D92+'6'!D92+'7'!D92+'8'!D92+'9'!D92+'10'!D92+'11'!D92+'12'!D92+'13'!D92+'14'!D92+'15'!D92+'16'!D92+'17'!D92+'18'!D92+'19'!D92+'20'!D92+'21'!D92+'22'!D92+'23'!D92+'24'!D92+'25'!D92+'26'!D92+'27'!D92+'28'!D92+'29'!D92+'30'!D92+'31.'!D92 -> 0 | E92: =+C92+D92 -> 0 | F92: =+'1'!F92+'2'!F92+'3'!F92+'4'!F92+'5'!F92+'6'!F92+'7'!F92+'8'!F92+'9'!F92+'10'!F92+'11'!F92+'12'!F92+'13'!F92+'14'!F92+'15'!F92+'16'!F92+'17'!F92+'18'!F92+'19'!F92+'20'!F92+'21'!F92+'22'!F92+'23'!F92+'24'!F92+'25'!F92+'26'!F92+'27'!F92+'28'!F92+'29'!F92+'30'!F92+'31.'!F92 -> 0 | G92: =C92+D92-F92-H92 -> 0 | H92: =+'1'!H92+'2'!H92+'3'!H92+'4'!H92+'5'!H92+'6'!H92+'7'!H92+'8'!H92+'9'!H92+'10'!H92+'11'!H92+'12'!H92+'13'!H92+'14'!H92+'15'!H92+'16'!H92+'17'!H92+'18'!H92+'19'!H92+'20'!H92+'21'!H92+'22'!H92+'23'!H92+'24'!H92+'25'!H92+'26'!H92+'27'!H92+'28'!H92+'29'!H92+'30'!H92+'31.'!H92 -> 0 | I92: 35 | J92: =+'1'!J92+'2'!J92+'3'!J92+'4'!J92+'5'!J92+'6'!J92+'7'!J92+'8'!J92+'9'!J92+'10'!J92+'11'!J92+'12'!J92+'13'!J92+'14'!J92+'15'!J92+'16'!J92+'17'!J92+'18'!J92+'19'!J92+'20'!J92+'21'!J92+'22'!J92+'23'!J92+'24'!J92+'25'!J92+'26'!J92+'27'!J92+'28'!J92+'29'!J92+'30'!J92+'31.'!J92 -> 0
A93: 89 | B93: เค้กสามเหลี่ยม บลูเบอรี่ | C93: =+ยกมา!C119 -> 0 | D93: =+'1'!D93+'2'!D93+'3'!D93+'4'!D93+'5'!D93+'6'!D93+'7'!D93+'8'!D93+'9'!D93+'10'!D93+'11'!D93+'12'!D93+'13'!D93+'14'!D93+'15'!D93+'16'!D93+'17'!D93+'18'!D93+'19'!D93+'20'!D93+'21'!D93+'22'!D93+'23'!D93+'24'!D93+'25'!D93+'26'!D93+'27'!D93+'28'!D93+'29'!D93+'30'!D93+'31.'!D93 -> 0 | E93: =+C93+D93 -> 0 | F93: =+'1'!F93+'2'!F93+'3'!F93+'4'!F93+'5'!F93+'6'!F93+'7'!F93+'8'!F93+'9'!F93+'10'!F93+'11'!F93+'12'!F93+'13'!F93+'14'!F93+'15'!F93+'16'!F93+'17'!F93+'18'!F93+'19'!F93+'20'!F93+'21'!F93+'22'!F93+'23'!F93+'24'!F93+'25'!F93+'26'!F93+'27'!F93+'28'!F93+'29'!F93+'30'!F93+'31.'!F93 -> 0 | G93: =C93+D93-F93-H93 -> 0 | H93: =+'1'!H93+'2'!H93+'3'!H93+'4'!H93+'5'!H93+'6'!H93+'7'!H93+'8'!H93+'9'!H93+'10'!H93+'11'!H93+'12'!H93+'13'!H93+'14'!H93+'15'!H93+'16'!H93+'17'!H93+'18'!H93+'19'!H93+'20'!H93+'21'!H93+'22'!H93+'23'!H93+'24'!H93+'25'!H93+'26'!H93+'27'!H93+'28'!H93+'29'!H93+'30'!H93+'31.'!H93 -> 0 | I93: 35 | J93: =+'1'!J93+'2'!J93+'3'!J93+'4'!J93+'5'!J93+'6'!J93+'7'!J93+'8'!J93+'9'!J93+'10'!J93+'11'!J93+'12'!J93+'13'!J93+'14'!J93+'15'!J93+'16'!J93+'17'!J93+'18'!J93+'19'!J93+'20'!J93+'21'!J93+'22'!J93+'23'!J93+'24'!J93+'25'!J93+'26'!J93+'27'!J93+'28'!J93+'29'!J93+'30'!J93+'31.'!J93 -> 0
A94: 90 | B94: เค้กสามเหลี่ยม รสส้ม | C94: =+ยกมา!C126 -> 0 | D94: =+'1'!D94+'2'!D94+'3'!D94+'4'!D94+'5'!D94+'6'!D94+'7'!D94+'8'!D94+'9'!D94+'10'!D94+'11'!D94+'12'!D94+'13'!D94+'14'!D94+'15'!D94+'16'!D94+'17'!D94+'18'!D94+'19'!D94+'20'!D94+'21'!D94+'22'!D94+'23'!D94+'24'!D94+'25'!D94+'26'!D94+'27'!D94+'28'!D94+'29'!D94+'30'!D94+'31.'!D94 -> 0 | E94: =+C94+D94 -> 0 | F94: =+'1'!F94+'2'!F94+'3'!F94+'4'!F94+'5'!F94+'6'!F94+'7'!F94+'8'!F94+'9'!F94+'10'!F94+'11'!F94+'12'!F94+'13'!F94+'14'!F94+'15'!F94+'16'!F94+'17'!F94+'18'!F94+'19'!F94+'20'!F94+'21'!F94+'22'!F94+'23'!F94+'24'!F94+'25'!F94+'26'!F94+'27'!F94+'28'!F94+'29'!F94+'30'!F94+'31.'!F94 -> 0 | G94: =C94+D94-F94-H94 -> 0 | H94: =+'1'!H94+'2'!H94+'3'!H94+'4'!H94+'5'!H94+'6'!H94+'7'!H94+'8'!H94+'9'!H94+'10'!H94+'11'!H94+'12'!H94+'13'!H94+'14'!H94+'15'!H94+'16'!H94+'17'!H94+'18'!H94+'19'!H94+'20'!H94+'21'!H94+'22'!H94+'23'!H94+'24'!H94+'25'!H94+'26'!H94+'27'!H94+'28'!H94+'29'!H94+'30'!H94+'31.'!H94 -> 0 | I94: 35 | J94: =+'1'!J94+'2'!J94+'3'!J94+'4'!J94+'5'!J94+'6'!J94+'7'!J94+'8'!J94+'9'!J94+'10'!J94+'11'!J94+'12'!J94+'13'!J94+'14'!J94+'15'!J94+'16'!J94+'17'!J94+'18'!J94+'19'!J94+'20'!J94+'21'!J94+'22'!J94+'23'!J94+'24'!J94+'25'!J94+'26'!J94+'27'!J94+'28'!J94+'29'!J94+'30'!J94+'31.'!J94 -> 0
A95: 91 | B95: เค้กสามเหลี่ยม รสช็อกโกโอริโอ้ | C95: =+ยกมา!C148 -> 0 | D95: =+'1'!D95+'2'!D95+'3'!D95+'4'!D95+'5'!D95+'6'!D95+'7'!D95+'8'!D95+'9'!D95+'10'!D95+'11'!D95+'12'!D95+'13'!D95+'14'!D95+'15'!D95+'16'!D95+'17'!D95+'18'!D95+'19'!D95+'20'!D95+'21'!D95+'22'!D95+'23'!D95+'24'!D95+'25'!D95+'26'!D95+'27'!D95+'28'!D95+'29'!D95+'30'!D95+'31.'!D95 -> 0 | E95: =+C95+D95 -> 0 | F95: =+'1'!F95+'2'!F95+'3'!F95+'4'!F95+'5'!F95+'6'!F95+'7'!F95+'8'!F95+'9'!F95+'10'!F95+'11'!F95+'12'!F95+'13'!F95+'14'!F95+'15'!F95+'16'!F95+'17'!F95+'18'!F95+'19'!F95+'20'!F95+'21'!F95+'22'!F95+'23'!F95+'24'!F95+'25'!F95+'26'!F95+'27'!F95+'28'!F95+'29'!F95+'30'!F95+'31.'!F95 -> 0 | G95: =C95+D95-F95-H95 -> 0 | H95: =+'1'!H95+'2'!H95+'3'!H95+'4'!H95+'5'!H95+'6'!H95+'7'!H95+'8'!H95+'9'!H95+'10'!H95+'11'!H95+'12'!H95+'13'!H95+'14'!H95+'15'!H95+'16'!H95+'17'!H95+'18'!H95+'19'!H95+'20'!H95+'21'!H95+'22'!H95+'23'!H95+'24'!H95+'25'!H95+'26'!H95+'27'!H95+'28'!H95+'29'!H95+'30'!H95+'31.'!H95 -> 0 | I95: 35 | J95: =+'1'!J95+'2'!J95+'3'!J95+'4'!J95+'5'!J95+'6'!J95+'7'!J95+'8'!J95+'9'!J95+'10'!J95+'11'!J95+'12'!J95+'13'!J95+'14'!J95+'15'!J95+'16'!J95+'17'!J95+'18'!J95+'19'!J95+'20'!J95+'21'!J95+'22'!J95+'23'!J95+'24'!J95+'25'!J95+'26'!J95+'27'!J95+'28'!J95+'29'!J95+'30'!J95+'31.'!J95 -> 0
A96: 92 | B96: เค้กสามเหลี่ยม รสฝอยทองใบเตย | C96: =+ยกมา!C231 -> 0 | D96: =+'1'!D96+'2'!D96+'3'!D96+'4'!D96+'5'!D96+'6'!D96+'7'!D96+'8'!D96+'9'!D96+'10'!D96+'11'!D96+'12'!D96+'13'!D96+'14'!D96+'15'!D96+'16'!D96+'17'!D96+'18'!D96+'19'!D96+'20'!D96+'21'!D96+'22'!D96+'23'!D96+'24'!D96+'25'!D96+'26'!D96+'27'!D96+'28'!D96+'29'!D96+'30'!D96+'31.'!D96 -> 5 | E96: =+C96+D96 -> 5 | F96: =+'1'!F96+'2'!F96+'3'!F96+'4'!F96+'5'!F96+'6'!F96+'7'!F96+'8'!F96+'9'!F96+'10'!F96+'11'!F96+'12'!F96+'13'!F96+'14'!F96+'15'!F96+'16'!F96+'17'!F96+'18'!F96+'19'!F96+'20'!F96+'21'!F96+'22'!F96+'23'!F96+'24'!F96+'25'!F96+'26'!F96+'27'!F96+'28'!F96+'29'!F96+'30'!F96+'31.'!F96 -> 0 | G96: =C96+D96-F96-H96 -> 0 | H96: =+'1'!H96+'2'!H96+'3'!H96+'4'!H96+'5'!H96+'6'!H96+'7'!H96+'8'!H96+'9'!H96+'10'!H96+'11'!H96+'12'!H96+'13'!H96+'14'!H96+'15'!H96+'16'!H96+'17'!H96+'18'!H96+'19'!H96+'20'!H96+'21'!H96+'22'!H96+'23'!H96+'24'!H96+'25'!H96+'26'!H96+'27'!H96+'28'!H96+'29'!H96+'30'!H96+'31.'!H96 -> 5 | I96: 60 | J96: =+'1'!J96+'2'!J96+'3'!J96+'4'!J96+'5'!J96+'6'!J96+'7'!J96+'8'!J96+'9'!J96+'10'!J96+'11'!J96+'12'!J96+'13'!J96+'14'!J96+'15'!J96+'16'!J96+'17'!J96+'18'!J96+'19'!J96+'20'!J96+'21'!J96+'22'!J96+'23'!J96+'24'!J96+'25'!J96+'26'!J96+'27'!J96+'28'!J96+'29'!J96+'30'!J96+'31.'!J96 -> 300
A97: 93 | B97: เค้กสามเหลี่ยม รสส้ม | C97: =+ยกมา!C159 -> 0 | D97: =+'1'!D97+'2'!D97+'3'!D97+'4'!D97+'5'!D97+'6'!D97+'7'!D97+'8'!D97+'9'!D97+'10'!D97+'11'!D97+'12'!D97+'13'!D97+'14'!D97+'15'!D97+'16'!D97+'17'!D97+'18'!D97+'19'!D97+'20'!D97+'21'!D97+'22'!D97+'23'!D97+'24'!D97+'25'!D97+'26'!D97+'27'!D97+'28'!D97+'29'!D97+'30'!D97+'31.'!D97 -> 7 | E97: =+C97+D97 -> 7 | F97: =+'1'!F97+'2'!F97+'3'!F97+'4'!F97+'5'!F97+'6'!F97+'7'!F97+'8'!F97+'9'!F97+'10'!F97+'11'!F97+'12'!F97+'13'!F97+'14'!F97+'15'!F97+'16'!F97+'17'!F97+'18'!F97+'19'!F97+'20'!F97+'21'!F97+'22'!F97+'23'!F97+'24'!F97+'25'!F97+'26'!F97+'27'!F97+'28'!F97+'29'!F97+'30'!F97+'31.'!F97 -> 0 | G97: =C97+D97-F97-H97 -> 1 | H97: =+'1'!H97+'2'!H97+'3'!H97+'4'!H97+'5'!H97+'6'!H97+'7'!H97+'8'!H97+'9'!H97+'10'!H97+'11'!H97+'12'!H97+'13'!H97+'14'!H97+'15'!H97+'16'!H97+'17'!H97+'18'!H97+'19'!H97+'20'!H97+'21'!H97+'22'!H97+'23'!H97+'24'!H97+'25'!H97+'26'!H97+'27'!H97+'28'!H97+'29'!H97+'30'!H97+'31.'!H97 -> 6 | I97: 60 | J97: =+'1'!J97+'2'!J97+'3'!J97+'4'!J97+'5'!J97+'6'!J97+'7'!J97+'8'!J97+'9'!J97+'10'!J97+'11'!J97+'12'!J97+'13'!J97+'14'!J97+'15'!J97+'16'!J97+'17'!J97+'18'!J97+'19'!J97+'20'!J97+'21'!J97+'22'!J97+'23'!J97+'24'!J97+'25'!J97+'26'!J97+'27'!J97+'28'!J97+'29'!J97+'30'!J97+'31.'!J97 -> 360
A98: 94 | B98: เค้กมะพร้าว 1/2 ปอนด์ | C98: 5 | D98: =+'1'!D98+'2'!D98+'3'!D98+'4'!D98+'5'!D98+'6'!D98+'7'!D98+'8'!D98+'9'!D98+'10'!D98+'11'!D98+'12'!D98+'13'!D98+'14'!D98+'15'!D98+'16'!D98+'17'!D98+'18'!D98+'19'!D98+'20'!D98+'21'!D98+'22'!D98+'23'!D98+'24'!D98+'25'!D98+'26'!D98+'27'!D98+'28'!D98+'29'!D98+'30'!D98+'31.'!D98 -> 55 | E98: =+C98+D98 -> 60 | F98: =+'1'!F98+'2'!F98+'3'!F98+'4'!F98+'5'!F98+'6'!F98+'7'!F98+'8'!F98+'9'!F98+'10'!F98+'11'!F98+'12'!F98+'13'!F98+'14'!F98+'15'!F98+'16'!F98+'17'!F98+'18'!F98+'19'!F98+'20'!F98+'21'!F98+'22'!F98+'23'!F98+'24'!F98+'25'!F98+'26'!F98+'27'!F98+'28'!F98+'29'!F98+'30'!F98+'31.'!F98 -> 0 | G98: =C98+D98-F98-H98 -> 0 | H98: =+'1'!H98+'2'!H98+'3'!H98+'4'!H98+'5'!H98+'6'!H98+'7'!H98+'8'!H98+'9'!H98+'10'!H98+'11'!H98+'12'!H98+'13'!H98+'14'!H98+'15'!H98+'16'!H98+'17'!H98+'18'!H98+'19'!H98+'20'!H98+'21'!H98+'22'!H98+'23'!H98+'24'!H98+'25'!H98+'26'!H98+'27'!H98+'28'!H98+'29'!H98+'30'!H98+'31.'!H98 -> 60 | I98: 120 | J98: =+'1'!J98+'2'!J98+'3'!J98+'4'!J98+'5'!J98+'6'!J98+'7'!J98+'8'!J98+'9'!J98+'10'!J98+'11'!J98+'12'!J98+'13'!J98+'14'!J98+'15'!J98+'16'!J98+'17'!J98+'18'!J98+'19'!J98+'20'!J98+'21'!J98+'22'!J98+'23'!J98+'24'!J98+'25'!J98+'26'!J98+'27'!J98+'28'!J98+'29'!J98+'30'!J98+'31.'!J98 -> 7200
A99: 95 | B99: เค้กมะพร้าว 1 ปอนด์ | C99: =+ยกมา!C174 -> 3 | D99: =+'1'!D99+'2'!D99+'3'!D99+'4'!D99+'5'!D99+'6'!D99+'7'!D99+'8'!D99+'9'!D99+'10'!D99+'11'!D99+'12'!D99+'13'!D99+'14'!D99+'15'!D99+'16'!D99+'17'!D99+'18'!D99+'19'!D99+'20'!D99+'21'!D99+'22'!D99+'23'!D99+'24'!D99+'25'!D99+'26'!D99+'27'!D99+'28'!D99+'29'!D99+'30'!D99+'31.'!D99 -> 29 | E99: =+C99+D99 -> 32 | F99: =+'1'!F99+'2'!F99+'3'!F99+'4'!F99+'5'!F99+'6'!F99+'7'!F99+'8'!F99+'9'!F99+'10'!F99+'11'!F99+'12'!F99+'13'!F99+'14'!F99+'15'!F99+'16'!F99+'17'!F99+'18'!F99+'19'!F99+'20'!F99+'21'!F99+'22'!F99+'23'!F99+'24'!F99+'25'!F99+'26'!F99+'27'!F99+'28'!F99+'29'!F99+'30'!F99+'31.'!F99 -> 8 | G99: =C99+D99-F99-H99 -> 4 | H99: =+'1'!H99+'2'!H99+'3'!H99+'4'!H99+'5'!H99+'6'!H99+'7'!H99+'8'!H99+'9'!H99+'10'!H99+'11'!H99+'12'!H99+'13'!H99+'14'!H99+'15'!H99+'16'!H99+'17'!H99+'18'!H99+'19'!H99+'20'!H99+'21'!H99+'22'!H99+'23'!H99+'24'!H99+'25'!H99+'26'!H99+'27'!H99+'28'!H99+'29'!H99+'30'!H99+'31.'!H99 -> 20 | I99: 250 | J99: =+'1'!J99+'2'!J99+'3'!J99+'4'!J99+'5'!J99+'6'!J99+'7'!J99+'8'!J99+'9'!J99+'10'!J99+'11'!J99+'12'!J99+'13'!J99+'14'!J99+'15'!J99+'16'!J99+'17'!J99+'18'!J99+'19'!J99+'20'!J99+'21'!J99+'22'!J99+'23'!J99+'24'!J99+'25'!J99+'26'!J99+'27'!J99+'28'!J99+'29'!J99+'30'!J99+'31.'!J99 -> 5000
A100: 96 | B100: เค้กสตรอว์เบอร์รี่ 1/2 ปอนด์ | C100: =+ยกมา!C134 -> 4 | D100: =+'1'!D100+'2'!D100+'3'!D100+'4'!D100+'5'!D100+'6'!D100+'7'!D100+'8'!D100+'9'!D100+'10'!D100+'11'!D100+'12'!D100+'13'!D100+'14'!D100+'15'!D100+'16'!D100+'17'!D100+'18'!D100+'19'!D100+'20'!D100+'21'!D100+'22'!D100+'23'!D100+'24'!D100+'25'!D100+'26'!D100+'27'!D100+'28'!D100+'29'!D100+'30'!D100+'31.'!D100 -> 0 | E100: =+C100+D100 -> 4 | F100: =+'1'!F100+'2'!F100+'3'!F100+'4'!F100+'5'!F100+'6'!F100+'7'!F100+'8'!F100+'9'!F100+'10'!F100+'11'!F100+'12'!F100+'13'!F100+'14'!F100+'15'!F100+'16'!F100+'17'!F100+'18'!F100+'19'!F100+'20'!F100+'21'!F100+'22'!F100+'23'!F100+'24'!F100+'25'!F100+'26'!F100+'27'!F100+'28'!F100+'29'!F100+'30'!F100+'31.'!F100 -> 0 | G100: =C100+D100-F100-H100 -> 4 | H100: =+'1'!H100+'2'!H100+'3'!H100+'4'!H100+'5'!H100+'6'!H100+'7'!H100+'8'!H100+'9'!H100+'10'!H100+'11'!H100+'12'!H100+'13'!H100+'14'!H100+'15'!H100+'16'!H100+'17'!H100+'18'!H100+'19'!H100+'20'!H100+'21'!H100+'22'!H100+'23'!H100+'24'!H100+'25'!H100+'26'!H100+'27'!H100+'28'!H100+'29'!H100+'30'!H100+'31.'!H100 -> 0 | I100: 120 | J100: =+'1'!J100+'2'!J100+'3'!J100+'4'!J100+'5'!J100+'6'!J100+'7'!J100+'8'!J100+'9'!J100+'10'!J100+'11'!J100+'12'!J100+'13'!J100+'14'!J100+'15'!J100+'16'!J100+'17'!J100+'18'!J100+'19'!J100+'20'!J100+'21'!J100+'22'!J100+'23'!J100+'24'!J100+'25'!J100+'26'!J100+'27'!J100+'28'!J100+'29'!J100+'30'!J100+'31.'!J100 -> 0
A101: 97 | B101: เค้กโอริโอ้ 1/2 ปอนด์ | C101: =+ยกมา!C135 -> 0 | D101: =+'1'!D101+'2'!D101+'3'!D101+'4'!D101+'5'!D101+'6'!D101+'7'!D101+'8'!D101+'9'!D101+'10'!D101+'11'!D101+'12'!D101+'13'!D101+'14'!D101+'15'!D101+'16'!D101+'17'!D101+'18'!D101+'19'!D101+'20'!D101+'21'!D101+'22'!D101+'23'!D101+'24'!D101+'25'!D101+'26'!D101+'27'!D101+'28'!D101+'29'!D101+'30'!D101+'31.'!D101 -> 0 | E101: =+C101+D101 -> 0 | F101: =+'1'!F101+'2'!F101+'3'!F101+'4'!F101+'5'!F101+'6'!F101+'7'!F101+'8'!F101+'9'!F101+'10'!F101+'11'!F101+'12'!F101+'13'!F101+'14'!F101+'15'!F101+'16'!F101+'17'!F101+'18'!F101+'19'!F101+'20'!F101+'21'!F101+'22'!F101+'23'!F101+'24'!F101+'25'!F101+'26'!F101+'27'!F101+'28'!F101+'29'!F101+'30'!F101+'31.'!F101 -> 0 | G101: =C101+D101-F101-H101 -> 0 | H101: =+'1'!H101+'2'!H101+'3'!H101+'4'!H101+'5'!H101+'6'!H101+'7'!H101+'8'!H101+'9'!H101+'10'!H101+'11'!H101+'12'!H101+'13'!H101+'14'!H101+'15'!H101+'16'!H101+'17'!H101+'18'!H101+'19'!H101+'20'!H101+'21'!H101+'22'!H101+'23'!H101+'24'!H101+'25'!H101+'26'!H101+'27'!H101+'28'!H101+'29'!H101+'30'!H101+'31.'!H101 -> 0 | I101: 120 | J101: =+'1'!J101+'2'!J101+'3'!J101+'4'!J101+'5'!J101+'6'!J101+'7'!J101+'8'!J101+'9'!J101+'10'!J101+'11'!J101+'12'!J101+'13'!J101+'14'!J101+'15'!J101+'16'!J101+'17'!J101+'18'!J101+'19'!J101+'20'!J101+'21'!J101+'22'!J101+'23'!J101+'24'!J101+'25'!J101+'26'!J101+'27'!J101+'28'!J101+'29'!J101+'30'!J101+'31.'!J101 -> 0
...

Sheet ยกมา
A2: บูธ หน้ามอ (ม.เกษตร) วันที่ 1-31 ก.ค. 67 | O2: สินค้า SALE
A3: ลำดับ | B3: รายการ | C3: ยกมา | D3: รับ | E3: รวม | F3: เปลี่ยน/ | G3: คงเหลือ | H3: รายการขาย | K3: หมายเหตุ | L3: ส่วนลด | O3: ลำดับ | P3: รายการ | Q3: ยกมา | R3: รับ | S3: รวม | T3: เปลี่ยน/ | U3: คงเหลือ | V3: รายการขาย | Y3: หมายเหตุ | Z3: ส่วนลด
F4: คืน/เสีย | H4: จำนวน | I4: @ | J4: เป็นเงิน | T4: คืน/เสีย | V4: จำนวน | W4: @ | X4: เป็นเงิน
A5: 1 | B5: ชิฟฟ่อน (ล) 4 ชิ้น (กล่อมชมพู) | C5: 13 | D5: 0 | E5: =C5+D5 -> 13 | F5: 0 | G5: =+E5-F5-H5 -> 13 | I5: 50 | J5: =+I5*H5 -> 0 | K5: - | L5: 0 | M5: =SUM(J5-L5) -> 0 | O5: 1 | Q5: 0 | R5: 0 | S5: =Q5+R5 -> 0 | T5: 0 | U5: =S5-T5-V5 -> 0 | V5: 0 | X5: =V5*W5 -> 0 | Y5: - | Z5: 0
A6: 2 | B6: ชิฟฟ่อน (ญ) 8 ชิ้น (กล่องชมพู) | C6: 6 | D6: 0 | E6: =C6+D6 -> 6 | F6: 0 | G6: =+E6-F6-H6 -> 6 | I6: 100 | J6: =+I6*H6 -> 0 | K6: - | L6: 0 | M6: =SUM(J6-L6) -> 0 | O6: 2 | Q6: 0 | R6: 0 | S6: =Q6+R6 -> 0 | T6: 0 | U6: =S6-T6-V6 -> 0 | V6: 0 | X6: =V6*W6 -> 0 | Y6: - | Z6: 0
A7: 3 | B7: ชิฟฟ่อน (ล) กาแฟ | D7: 0 | E7: =C7+D7 -> 0 | F7: 0 | G7: =+E7-F7-H7 -> 0 | I7: 50 | J7: =+I7*H7 -> 0 | K7: - | L7: 0 | M7: =SUM(J7-L7) -> 0 | O7: 3 | Q7: 0 | R7: 0 | S7: =Q7+R7 -> 0 | T7: 0 | U7: =S7-T7-V7 -> 0 | V7: 0 | X7: =V7*W7 -> 0 | Y7: - | Z7: 0
A8: 4 | B8: ชิฟฟ่อน (ญ) กาแฟ | D8: 0 | E8: =C8+D8 -> 0 | F8: 0 | G8: =+E8-F8-H8 -> 0 | I8: 100 | J8: =+I8*H8 -> 0 | K8: - | L8: 0 | M8: =SUM(J8-L8) -> 0 | O8: 4 | Q8: 0 | R8: 0 | S8: =Q8+R8 -> 0 | T8: 0 | U8: =S8-T8-V8 -> 0 | V8: 0 | X8: =V8*W8 -> 0 | Y8: - | Z8: 0
A9: 5 | B9: ชิฟฟ่อนเค้ก 1 ชิ้น | D9: 0 | E9: =C9+D9 -> 0 | F9: 0 | G9: =+E9-F9-H9 -> 0 | I9: 12 | J9: =+I9*H9 -> 0 | K9: - | L9: 0 | M9: =SUM(J9-L9) -> 0 | O9: 5 | Q9: 0 | R9: 0 | S9: =Q9+R9 -> 0 | T9: 0 | U9: =S9-T9-V9 -> 0 | V9: 0 | X9: =V9*W9 -> 0 | Y9: - | Z9: 0
A10: 6 | B10: ชิฟฟ่อนเค้กสอดไส้แยม 1 ชิ้น | D10: 0 | E10: =C10+D10 -> 0 | F10: 0 | G10: =+E10-F10-H10 -> 0 | I10: 15 | J10: =+I10*H10 -> 0 | K10: - | L10: 0 | M10: =SUM(J10-L10) -> 0 | O10: 6 | Q10: 0 | R10: 0 | S10: =Q10+R10 -> 0 | T10: 0 | U10: =S10-T10-V10 -> 0 | V10: 0 | X10: =V10*W10 -> 0 | Y10: - | Z10: 0
A11: 7 | B11: ชิฟฟ่อน สอดไส้ (ล) 2 ชิ้น ครีมมะพร้าว | D11: 0 | E11: =C11+D11 -> 0 | F11: 0 | G11: =+E11-F11-H11 -> 0 | I11: 50 | J11: =+I11*H11 -> 0 | K11: - | L11: 0 | M11: =SUM(J11-L11) -> 0 | O11: 7 | Q11: 0 | R11: 0 | S11: =Q11+R11 -> 0 | T11: 0 | U11: =S11-T11-V11 -> 0 | V11: 0 | X11: =V11*W11 -> 0 | Y11: - | Z11: 0
A12: 8 | B12: ชิฟฟ่อน สอดไส้ (ล) 3 ชิ้น รวมรส | D12: 0 | E12: =C12+D12 -> 0 | F12: 0 | G12: =+E12-F12-H12 -> 0 | I12: 50 | J12: =+I12*H12 -> 0 | K12: - | L12: 0 | M12: =SUM(J12-L12) -> 0 | O12: 8 | Q12: 0 | R12: 0 | S12: =Q12+R12 -> 0 | T12: 0 | U12: =S12-T12-V12 -> 0 | V12: 0 | X12: =V12*W12 -> 0 | Y12: - | Z12: 0
A13: 9 | B13: ชิฟฟ่อน สอดไส้ (ล) 3 ชิ้น กาแฟ | D13: 0 | E13: =C13+D13 -> 0 | F13: 0 | G13: =+E13-F13-H13 -> 0 | I13: 50 | J13: =+I13*H13 -> 0 | K13: - | L13: 0 | M13: =SUM(J13-L13) -> 0 | O13: 9 | Q13: 0 | R13: 0 | S13: =Q13+R13 -> 0 | T13: 0 | U13: =S13-T13-V13 -> 0 | V13: 0 | X13: =V13*W13 -> 0 | Y13: - | Z13: 0
A14: 10 | B14: ชิฟฟ่อน สอดไส้ (ล) 3 ชิ้น แยมส้ม (ฝอยทอง) | D14: 0 | E14: =C14+D14 -> 0 | F14: 0 | G14: =+E14-F14-H14 -> 0 | I14: 50 | J14: =+I14*H14 -> 0 | K14: - | L14: 0 | M14: =SUM(J14-L14) -> 0 | O14: 11 | Q14: 0 | R14: 0 | S14: =Q14+R14 -> 0 | T14: 0 | U14: =S14-T14-V14 -> 0 | V14: 0 | X14: =V14*W14 -> 0 | Y14: - | Z14: 0
A15: 11 | B15: ชิฟฟ่อน สอดไส้ (ล) 3 ชิ้น บลูเบอรี่ | D15: 0 | E15: =C15+D15 -> 0 | F15: 0 | G15: =+E15-F15-H15 -> 0 | I15: 50 | J15: =+I15*H15 -> 0 | K15: - | L15: 0 | M15: =SUM(J15-L15) -> 0 | O15: 12 | Q15: 0 | R15: 0 | S15: =Q15+R15 -> 0 | T15: 0 | U15: =S15-T15-V15 -> 0 | V15: 0 | X15: =V15*W15 -> 0 | Y15: - | Z15: 0
A16: 12 | B16: ชิฟฟ่อน สอดไส้ (ล) 3 ชิ้น ฝอยทอง | D16: 0 | E16: =C16+D16 -> 0 | F16: 0 | G16: =+E16-F16-H16 -> 0 | I16: 50 | J16: =+I16*H16 -> 0 | K16: - | L16: 0 | M16: =SUM(J16-L16) -> 0 | O16: 13 | Q16: 0 | R16: 0 | S16: =Q16+R16 -> 0 | T16: 0 | U16: =S16-T16-V16 -> 0 | V16: 0 | X16: =V16*W16 -> 0 | Y16: - | Z16: 0
A17: 13 | B17: ชิฟฟ่อน สอดไส้ (ล) 3 ชิ้น แยมสตรอเบอรี่ | D17: 0 | E17: =C17+D17 -> 0 | F17: 0 | G17: =+E17-F17-H17 -> 0 | I17: 50 | J17: =+I17*H17 -> 0 | K17: - | L17: 0 | M17: =SUM(J17-L17) -> 0 | O17: 14 | Q17: 0 | R17: 0 | S17: =Q17+R17 -> 0 | T17: 0 | U17: =S17-T17-V17 -> 0 | V17: 0 | X17: =V17*W17 -> 0 | Y17: - | Z17: 0
A18: 14 | B18: ชิฟฟ่อน สอดไส้ (ล) 3 ชิ้น เนยมพะร้าว | C18: 2 | D18: 0 | E18: =C18+D18 -> 2 | F18: 0 | G18: =+E18-F18-H18 -> 2 | I18: 50 | J18: =+I18*H18 -> 0 | K18: - | L18: 0 | M18: =SUM(J18-L18) -> 0 | O18: 15 | Q18: 0 | R18: 0 | S18: =Q18+R18 -> 0 | T18: 0 | U18: =S18-T18-V18 -> 0 | V18: 0 | X18: =V18*W18 -> 0 | Y18: - | Z18: 0
A19: 15 | B19: ชิฟฟ่อน สอดไส้ (ล) 3 ชิ้น นมชมพู | D19: 0 | E19: =C19+D19 -> 0 | F19: 0 | G19: =+E19-F19-H19 -> 0 | I19: 50 | J19: =+I19*H19 -> 0 | K19: - | L19: 0 | M19: =SUM(J19-L19) -> 0 | O19: 16 | Q19: 0 | R19: 0 | S19: =Q19+R19 -> 0 | T19: 0 | U19: =S19-T19-V19 -> 0 | V19: 0 | X19: =V19*W19 -> 0 | Y19: - | Z19: 0
A20: 16 | B20: ชิฟฟ่อน สอดไส้ (ล) 3 ชิ้น ช็อคโกแลต | D20: 0 | E20: =C20+D20 -> 0 | F20: 0 | G20: =+E20-F20-H20 -> 0 | I20: 50 | J20: =+I20*H20 -> 0 | K20: - | L20: 0 | M20: =SUM(J20-L20) -> 0 | O20: 17 | Q20: 0 | R20: 0 | S20: =Q20+R20 -> 0 | T20: 0 | U20: =S20-T20-V20 -> 0 | V20: 0 | X20: =V20*W20 -> 0 | Y20: - | Z20: 0
A21: 17 | B21: ชิฟฟ่อน สอดไส้ (ล) 4 ชิ้น กาแฟ | D21: 0 | E21: =C21+D21 -> 0 | F21: 0 | G21: =+E21-F21-H21 -> 0 | I21: 60 | J21: =+I21*H21 -> 0 | K21: - | L21: 0 | M21: =SUM(J21-L21) -> 0
A22: 18 | B22: ชิฟฟ่อน สอดไส้ (ล) 4 ชิ้น ครีมมะพร้าว | C22: 3 | D22: 0 | E22: =C22+D22 -> 3 | F22: 0 | G22: =+E22-F22-H22 -> 3 | I22: 65 | J22: =+I22*H22 -> 0 | K22: - | L22: 0 | M22: =SUM(J22-L22) -> 0 | O22: 10 | Q22: 0 | R22: 0 | S22: =Q22+R22 -> 0 | T22: 0 | U22: =S22-T22-V22 -> 0 | V22: 0 | X22: =V22*W22 -> 0 | Y22: - | Z22: 0
A23: 19 | B23: ชิฟฟ่อน สอดไส้ (ก) 5 ชิ้น | D23: 0 | E23: =C23+D23 -> 0 | F23: 0 | G23: =+E23-F23-H23 -> 0 | I23: 85 | J23: =+I23*H23 -> 0 | K23: - | L23: 0 | M23: =SUM(J23-L23) -> 0 | O23: 18 | Q23: 0 | R23: 0 | S23: =Q23+R23 -> 0 | T23: 0 | U23: =S23-T23-V23 -> 0 | V23: 0 | X23: =V23*W23 -> 0 | Y23: - | Z23: 0
A24: 20 | B24: ชิฟฟ่อน สอดไส้ 6 ชิ้น รวมรส | D24: 0 | E24: =C24+D24 -> 0 | F24: 0 | G24: =+E24-F24-H24 -> 0 | I24: 100 | J24: =+I24*H24 -> 0 | K24: - | L24: 0 | M24: =SUM(J24-L24) -> 0 | O24: 19 | Q24: 0 | R24: 0 | S24: =Q24+R24 -> 0 | T24: 0 | U24: =S24-T24-V24 -> 0 | V24: 0 | X24: =V24*W24 -> 0 | Y24: - | Z24: 0
A25: 21 | B25: ชิฟฟ่อน สอดไส้ 6 ชิ้น ฝอยทอง | D25: 0 | E25: =C25+D25 -> 0 | F25: 0 | G25: =+E25-F25-H25 -> 0 | I25: 100 | J25: =+I25*H25 -> 0 | K25: - | L25: 0 | M25: =SUM(J25-L25) -> 0 | O25: 20 | Q25: 0 | R25: 0 | S25: =Q25+R25 -> 0 | T25: 0 | U25: =S25-T25-V25 -> 0 | V25: 0 | X25: =V25*W25 -> 0 | Y25: - | Z25: 0
A26: 22 | B26: ชิฟฟ่อน สอดไส้ 6 ชิ้น ทูโทน | D26: 0 | E26: =C26+D26 -> 0 | F26: 0 | G26: =+E26-F26-H26 -> 0 | I26: 100 | J26: =+I26*H26 -> 0 | K26: - | L26: 0 | M26: =SUM(J26-L26) -> 0 | O26: 21 | Q26: 0 | R26: 0 | S26: =Q26+R26 -> 0 | T26: 0 | U26: =S26-T26-V26 -> 0 | V26: 0 | X26: =V26*W26 -> 0 | Y26: - | Z26: 0
A27: 23 | B27: ชิฟฟ่อน สอดไส้ 6 ชิ้น นมชมพู | C27: 2 | D27: 0 | E27: =C27+D27 -> 2 | F27: 0 | G27: =+E27-F27-H27 -> 2 | I27: 100 | J27: =+I27*H27 -> 0 | K27: - | L27: 0 | M27: =SUM(J27-L27) -> 0 | O27: 22 | Q27: 0 | R27: 0 | S27: =Q27+R27 -> 0 | T27: 0 | U27: =S27-T27-V27 -> 0 | V27: 0 | X27: =V27*W27 -> 0 | Y27: - | Z27: 0
A28: 24 | B28: ชิฟฟ่อน สอดไส้ 6 ชิ้น บลูเบอรี่ | D28: 0 | E28: =C28+D28 -> 0 | F28: 0 | G28: =+E28-F28-H28 -> 0 | I28: 100 | J28: =+I28*H28 -> 0 | K28: - | L28: 0 | M28: =SUM(J28-L28) -> 0 | O28: 23 | Q28: 0 | R28: 0 | S28: =Q28+R28 -> 0 | T28: 0 | U28: =S28-T28-V28 -> 0 | V28: 0 | X28: =V28*W28 -> 0 | Y28: - | Z28: 0
A29: 25 | B29: ชิฟฟ่อน สอดไส้ 6 ชิ้น ช็อคโกแลต | D29: 0 | E29: =C29+D29 -> 0 | F29: 0 | G29: =+E29-F29-H29 -> 0 | I29: 100 | J29: =+I29*H29 -> 0 | K29: - | L29: 0 | M29: =SUM(J29-L29) -> 0 | O29: 24 | Q29: 0 | R29: 0 | S29: =Q29+R29 -> 0 | T29: 0 | U29: =S29-T29-V29 -> 0 | V29: 0 | X29: =V29*W29 -> 0 | Y29: - | Z29: 0
A30: 26 | B30: ชิฟฟ่อน สอดไส้ 6 ชิ้น มะพร้าว | C30: 1 | D30: 0 | E30: =C30+D30 -> 1 | F30: 0 | G30: =+E30-F30-H30 -> 1 | I30: 100 | J30: =+I30*H30 -> 0 | K30: - | L30: 0 | M30: =SUM(J30-L30) -> 0 | O30: 25 | Q30: 0 | R30: 0 | S30: =Q30+R30 -> 0 | T30: 0 | U30: =S30-T30-V30 -> 0 | V30: 0 | X30: =V30*W30 -> 0 | Y30: - | Z30: 0
A31: 27 | B31: ชิฟฟ่อน สอดไส้ 6 ชิ้น ส้ม | D31: 0 | E31: =C31+D31 -> 0 | F31: 0 | G31: =+E31-F31-H31 -> 0 | I31: 100 | J31: =+I31*H31 -> 0 | K31: - | L31: 0 | M31: =SUM(J31-L31) -> 0 | Z31: 0
A32: 28 | B32: ชิฟฟ่อนครีมมะพร้าว 120 g. (ชิ้น) | D32: 0 | E32: =C32+D32 -> 0 | F32: 0 | G32: =+E32-F32-H32 -> 0 | I32: 35 | J32: =+I32*H32 -> 0 | K32: - | L32: 0 | M32: =SUM(J32-L32) -> 0
A33: 29 | B33: ชิฟฟ่อน 8 ชิ้น มะลิ | D33: 0 | E33: =C33+D33 -> 0 | F33: 0 | G33: =+E33-F33-H33 -> 0 | I33: 100 | J33: =+I33*H33 -> 0 | K33: - | L33: 0 | M33: =SUM(J33-L33) -> 0
A34: 30 | B34: ชิฟฟ่อนรวมรส ยอดฮิต 8 ชิ้น | C34: 11 | D34: 0 | E34: =C34+D34 -> 11 | F34: 0 | G34: =+E34-F34-H34 -> 11 | I34: 100 | J34: =+I34*H34 -> 0 | K34: - | L34: 0 | M34: =SUM(J34-L34) -> 0
A35: 31 | B35: ชิฟฟ่อน สอดไส้ (ญ) 8 ชิ้น รวมรส | D35: 0 | E35: =C35+D35 -> 0 | F35: 0 | G35: =+E35-F35-H35 -> 0 | I35: 130 | J35: =+I35*H35 -> 0 | K35: - | L35: 0 | M35: =SUM(J35-L35) -> 0
A36: 32 | B36: ชิฟฟ่อน สอดไส้ (ญ) 8 ชิ้น มะพร้าว | C36: 3 | D36: 0 | E36: =C36+D36 -> 3 | F36: 0 | G36: =+E36-F36-H36 -> 3 | I36: 130 | J36: =+I36*H36 -> 0 | K36: - | L36: 0 | M36: =SUM(J36-L36) -> 0
A37: 33 | B37: ชิฟฟ่อน สอดไส้ (ญ) 8 ชิ้น ใบเตย | D37: 0 | E37: =C37+D37 -> 0 | F37: 0 | G37: =+E37-F37-H37 -> 0 | I37: 130 | J37: =+I37*H37 -> 0 | K37: - | L37: 0 | M37: =SUM(J37-L37) -> 0 | P37: รวม | X37: =SUM(X5:X30) -> 0
A38: 34 | B38: ชิฟฟ่อน สอดไส้ (ญ) 8 ชิ้น ทูโทนใบเตย | C38: 1 | D38: 0 | E38: =C38+D38 -> 1 | F38: 0 | G38: =+E38-F38-H38 -> 1 | I38: 130 | J38: =+I38*H38 -> 0 | K38: - | L38: 0 | M38: =SUM(J38-L38) -> 0
A39: 35 | B39: ชิฟฟอนหม้อแกง | D39: 0 | E39: =C39+D39 -> 0 | F39: 0 | G39: =+E39-F39-H39 -> 0 | I39: 40 | J39: =+I39*H39 -> 0 | K39: - | L39: 0 | M39: =SUM(J39-L39) -> 0
A40: 36 | B40: ครีมฮอร์น วนิลา | C40: 1 | D40: 0 | E40: =C40+D40 -> 1 | F40: 0 | G40: =+E40-F40-H40 -> 1 | I40: 50 | J40: =+I40*H40 -> 0 | K40: - | L40: 0 | M40: =SUM(J40-L40) -> 0
A41: 37 | B41: ครีมฮอร์น ใบเตย | C41: 4 | D41: 0 | E41: =C41+D41 -> 4 | F41: 0 | G41: =+E41-F41-H41 -> 4 | I41: 50 | J41: =+I41*H41 -> 0 | K41: - | L41: 0 | M41: =SUM(J41-L41) -> 0
A42: 38 | B42: ครีมฮอร์น ช็อคโกแลต | C42: 4 | D42: 0 | E42: =C42+D42 -> 4 | F42: 0 | G42: =+E42-F42-H42 -> 4 | I42: 50 | J42: =+I42*H42 -> 0 | K42: - | L42: 0 | M42: =SUM(J42-L42) -> 0
A43: 39 | B43: ครีมฮอร์นชาไทย | C43: 10 | D43: 0 | E43: =C43+D43 -> 10 | F43: 0 | G43: =+E43-F43-H43 -> 10 | I43: 25 | J43: =+I43*H43 -> 0 | K43: - | L43: 0 | M43: =SUM(J43-L43) -> 0
A44: 40 | B44: ครีมฮอร์นฝอยทอง วนิลา | D44: 0 | E44: =C44+D44 -> 0 | F44: 0 | G44: =+E44-F44-H44 -> 0 | I44: 65 | J44: =+I44*H44 -> 0 | K44: - | L44: 0 | M44: =SUM(J44-L44) -> 0
A45: 41 | B45: ครีมฮอร์นฝอยทอง ใบเตย | D45: 0 | E45: =C45+D45 -> 0 | F45: 0 | G45: =+E45-F45-H45 -> 0 | I45: 65 | J45: =+I45*H45 -> 0 | K45: - | L45: 0 | M45: =SUM(J45-L45) -> 0
A46: 42 | B46: เบาหวิวมะพร้าว (100g) | D46: 0 | E46: =C46+D46 -> 0 | F46: 0 | G46: =+E46-F46-H46 -> 0 | I46: 35 | J46: =+I46*H46 -> 0 | K46: - | L46: 0 | M46: =SUM(J46-L46) -> 0
A47: 43 | B47: เบาหวิว (ล) ใหม่ รสกล้วยหอมมะพร้าวเผา | C47: 2 | D47: 0 | E47: =C47+D47 -> 2 | F47: 0 | G47: =+E47-F47-H47 -> 2 | I47: 50 | J47: =+I47*H47 -> 0 | K47: - | L47: 0 | M47: =SUM(J47-L47) -> 0
A48: 44 | B48: เบาหวิว (ล) ใหม่ เผือกมะพร้าว | C48: 2 | D48: 0 | E48: =C48+D48 -> 2 | F48: 0 | G48: =+E48-F48-H48 -> 2 | I48: 50 | J48: =+I48*H48 -> 0 | K48: - | L48: 0 | M48: =SUM(J48-L48) -> 0
A49: 45 | B49: เบาหวิว (ล) ใหม่ กาแฟ | D49: 0 | E49: =C49+D49 -> 0 | F49: 0 | G49: =+E49-F49-H49 -> 0 | I49: 50 | J49: =+I49*H49 -> 0 | K49: - | L49: 0 | M49: =SUM(J49-L49) -> 0
A50: 46 | B50: เบาหวิว (ล) ใหม่ เนยนม | C50: 3 | D50: 0 | E50: =C50+D50 -> 3 | F50: 0 | G50: =+E50-F50-H50 -> 3 | I50: 50 | J50: =+I50*H50 -> 0 | K50: - | L50: 0 | M50: =SUM(J50-L50) -> 0
A51: 47 | B51: เบาหวิว (ล) ใหม่ ใบเตย | D51: 0 | E51: =C51+D51 -> 0 | F51: 0 | G51: =+E51-F51-H51 -> 0 | I51: 50 | J51: =+I51*H51 -> 0 | K51: - | L51: 0 | M51: =SUM(J51-L51) -> 0
A52: 48 | B52: เบาหวิว (ล) ใหม่ มะพร้าว | C52: 6 | D52: 0 | E52: =C52+D52 -> 6 | F52: 0 | G52: =+E52-F52-H52 -> 6 | I52: 50 | J52: =+I52*H52 -> 0 | K52: - | L52: 0 | M52: =SUM(J52-L52) -> 0
A53: 49 | B53: เบาหวิว (ล) ใหม่ ฝอยทอง | C53: 12 | D53: 0 | E53: =C53+D53 -> 12 | F53: 0 | G53: =+E53-F53-H53 -> 12 | I53: 50 | J53: =+I53*H53 -> 0 | K53: - | L53: 0 | M53: =SUM(J53-L53) -> 0
A54: 50 | B54: เบาหวิว (ล) ใหม่ ทุเรียน | C54: 6 | D54: 0 | E54: =C54+D54 -> 6 | F54: 0 | G54: =+E54-F54-H54 -> 6 | I54: 50 | J54: =+I54*H54 -> 0 | K54: - | L54: 0 | M54: =SUM(J54-L54) -> 0
A55: 51 | B55: เบาหวิว (ล) ใหม่ ลูกตาล | C55: 3 | D55: 0 | E55: =C55+D55 -> 3 | F55: 0 | G55: =+E55-F55-H55 -> 3 | I55: 50 | J55: =+I55*H55 -> 0 | K55: - | L55: 0 | M55: =SUM(J55-L55) -> 0
A56: 52 | B56: เบาหวิว (ญ) ใหม่ รสมะพร้าว | D56: 0 | E56: =C56+D56 -> 0 | F56: 0 | G56: =+E56-F56-H56 -> 0 | I56: 120 | J56: =+I56*H56 -> 0 | K56: - | L56: 0 | M56: =SUM(J56-L56) -> 0
A57: 53 | B57: เบาหวิว (ญ) ใหม่ รสกาแฟ | C57: 5 | D57: 0 | E57: =C57+D57 -> 5 | F57: 0 | G57: =+E57-F57-H57 -> 5 | I57: 120 | J57: =+I57*H57 -> 0 | K57: - | L57: 0 | M57: =SUM(J57-L57) -> 0
A58: 54 | B58: เบาหวิว (ญ) ใหม่ รสเนยนม | D58: 0 | E58: =C58+D58 -> 0 | F58: 0 | G58: =+E58-F58-H58 -> 0 | I58: 120 | J58: =+I58*H58 -> 0 | K58: - | L58: 0 | M58: =SUM(J58-L58) -> 0
A59: 55 | B59: เบาหวิว (ญ) ใหม่ รสใบเตย | D59: 0 | E59: =C59+D59 -> 0 | F59: 0 | G59: =+E59-F59-H59 -> 0 | I59: 120 | J59: =+I59*H59 -> 0 | K59: - | L59: 0 | M59: =SUM(J59-L59) -> 0
A60: 56 | B60: เบาหวิว (ญ) ใหม่ รสกล้วยหอมมะพร้าวเผา | D60: 0 | E60: =C60+D60 -> 0 | F60: 0 | G60: =+E60-F60-H60 -> 0 | I60: 120 | J60: =+I60*H60 -> 0 | K60: - | L60: 0 | M60: =SUM(J60-L60) -> 0
A61: 57 | B61: เบาหวิว (ญ) ใหม่ รสฝอยทอง | D61: 0 | E61: =C61+D61 -> 0 | F61: 0 | G61: =+E61-F61-H61 -> 0 | I61: 120 | J61: =+I61*H61 -> 0 | K61: - | L61: 0 | M61: =SUM(J61-L61) -> 0
A62: 58 | B62: เบาหวิว (ญ) ใหม่ รสทุเรียน | D62: 0 | E62: =C62+D62 -> 0 | F62: 0 | G62: =+E62-F62-H62 -> 0 | I62: 120 | J62: =+I62*H62 -> 0 | K62: - | L62: 0 | M62: =SUM(J62-L62) -> 0
A63: 59 | B63: เบาหวิว (ญ) ใหม่ รสเผือกมะพร้าว | C63: 6 | D63: 0 | E63: =C63+D63 -> 6 | F63: 0 | G63: =+E63-F63-H63 -> 6 | I63: 120 | J63: =+I63*H63 -> 0 | K63: - | L63: 0 | M63: =SUM(J63-L63) -> 0
A64: 60 | B64: เบาหวิว (ญ) ใหม่ รสลูกตาล | D64: 0 | E64: =C64+D64 -> 0 | F64: 0 | G64: =+E64-F64-H64 -> 0 | I64: 120 | J64: =+I64*H64 -> 0 | K64: - | L64: 0 | M64: =SUM(J64-L64) -> 0
A65: 61 | B65: โบราณ 4 ชิ้น รวมรส | C65: 4 | D65: 0 | E65: =C65+D65 -> 4 | F65: 0 | G65: =+E65-F65-H65 -> 4 | I65: 50 | J65: =+I65*H65 -> 0 | K65: - | L65: 0 | M65: =SUM(J65-L65) -> 0
A66: 62 | B66: โบราณครีม 4 ชิ้น วรรณวนัช | C66: 6 | D66: 0 | E66: =C66+D66 -> 6 | F66: 0 | G66: =+E66-F66-H66 -> 6 | I66: 50 | J66: =+I66*H66 -> 0 | K66: - | L66: 0 | M66: =SUM(J66-L66) -> 0
A67: 63 | B67: โบราณผลไม้ 4 ชิ้น วรรณวนัช | C67: 7 | D67: 0 | E67: =C67+D67 -> 7 | F67: 0 | G67: =+E67-F67-H67 -> 7 | I67: 50 | J67: =+I67*H67 -> 0 | K67: - | L67: 0 | M67: =SUM(J67-L67) -> 0
A68: 64 | B68: โบราณ 4 ชิ้น คริสมาศ | D68: 0 | E68: =C68+D68 -> 0 | F68: 0 | G68: =+E68-F68-H68 -> 0 | I68: 60 | J68: =+I68*H68 -> 0 | K68: - | L68: 0 | M68: =SUM(J68-L68) -> 0
A69: 65 | B69: โบราณ 4 ชิ้น กล่องแดง (แบบกลม) | D69: 0 | E69: =C69+D69 -> 0 | F69: 0 | G69: =+E69-F69-H69 -> 0 | I69: 30 | J69: =+I69*H69 -> 0 | K69: - | L69: 0 | M69: =SUM(J69-L69) -> 0
A70: 66 | B70: โบราณครีม 6 ชิ้น | D70: 0 | E70: =C70+D70 -> 0 | F70: 0 | G70: =+E70-F70-H70 -> 0 | I70: 70 | J70: =+I70*H70 -> 0 | K70: - | L70: 0 | M70: =SUM(J70-L70) -> 0
A71: 67 | B71: โบราณผลไม้ 6 ชิ้น | D71: 0 | E71: =C71+D71 -> 0 | F71: 0 | G71: =+E71-F71-H71 -> 0 | I71: 80 | J71: =+I71*H71 -> 0 | K71: - | L71: 0 | M71: =SUM(J71-L71) -> 0
A72: 68 | B72: โบราณ 12 ชิ้น รวมรส | D72: 0 | E72: =C72+D72 -> 0 | F72: 0 | G72: =+E72-F72-H72 -> 0 | I72: 150 | J72: =+I72*H72 -> 0 | K72: - | L72: 0 | M72: =SUM(J72-L72) -> 0
A73: 69 | B73: โบราณ 12 ชิ้น ครีม | D73: 0 | E73: =C73+D73 -> 0 | F73: 0 | G73: =+E73-F73-H73 -> 0 | I73: 150 | J73: =+I73*H73 -> 0 | K73: - | L73: 0 | M73: =SUM(J73-L73) -> 0
A74: 70 | B74: โบราณ 12 ชิ้น ผลไม้ | D74: 0 | E74: =C74+D74 -> 0 | F74: 0 | G74: =+E74-F74-H74 -> 0 | I74: 150 | J74: =+I74*H74 -> 0 | K74: - | L74: 0 | M74: =SUM(J74-L74) -> 0
A75: 71 | B75: เค้กโบราณ ครีม 2 ชิ้น | D75: 0 | E75: =C75+D75 -> 0 | F75: 0 | G75: =+E75-F75-H75 -> 0 | I75: 30 | J75: =+I75*H75 -> 0 | K75: - | L75: 0 | M75: =SUM(J75-L75) -> 0
A76: 72 | B76: เค้กโบราณ ผลไม้ 2 ชิ้น | D76: 0 | E76: =C76+D76 -> 0 | F76: 0 | G76: =+E76-F76-H76 -> 0 | I76: 30 | J76: =+I76*H76 -> 0 | K76: - | L76: 0 | M76: =SUM(J76-L76) -> 0
A77: 73 | B77: พายสับปะรด 1 กล่อง | C77: 18 | D77: 0 | E77: =C77+D77 -> 18 | F77: 0 | G77: =+E77-F77-H77 -> 18 | I77: 50 | J77: =+I77*H77 -> 0 | K77: - | L77: 0 | M77: =SUM(J77-L77) -> 0
A78: 74 | B78: ลาวา ทูโทน (ล) | C78: 3 | D78: 0 | E78: =C78+D78 -> 3 | F78: 0 | G78: =+E78-F78-H78 -> 3 | I78: 50 | J78: =+I78*H78 -> 0 | K78: - | L78: 0 | M78: =SUM(J78-L78) -> 0
A79: 75 | B79: ลาวา ทูโทน (ญ) | D79: 0 | E79: =C79+D79 -> 0 | F79: 0 | G79: =+E79-F79-H79 -> 0 | I79: 120 | J79: =+I79*H79 -> 0 | K79: - | L79: 0 | M79: =SUM(J79-L79) -> 0
A80: 76 | B80: ลาวา ฝอยทอง ทูโทน ญ | D80: 0 | E80: =C80+D80 -> 0 | F80: 0 | G80: =+E80-F80-H80 -> 0 | I80: 120 | J80: =+I80*H80 -> 0 | K80: - | L80: 0 | M80: =SUM(J80-L80) -> 0
A81: 77 | B81: เอแคลร์ | C81: 1 | D81: 0 | E81: =C81+D81 -> 1 | F81: 0 | G81: =+E81-F81-H81 -> 1 | I81: 50 | J81: =+I81*H81 -> 0 | K81: - | L81: 0 | M81: =SUM(J81-L81) -> 0
A82: 78 | B82: เอแคลร์ไข่เค็ม 6 ชิ้น | C82: 0 | D82: 0 | E82: =C82+D82 -> 0 | F82: 0 | G82: =+E82-F82-H82 -> 0 | I82: 50 | J82: =+I82*H82 -> 0 | K82: - | L82: 0 | M82: =SUM(J82-L82) -> 0
A83: 79 | B83: เอแครล์คิทแคท | D83: 0 | E83: =C83+D83 -> 0 | F83: 0 | G83: =+E83-F83-H83 -> 0 | I83: 45 | J83: =+I83*H83 -> 0 | K83: - | L83: 0 | M83: =SUM(J83-L83) -> 0
A84: 80 | B84: เค้กช็อคหน้านิ่ม | C84: 7 | D84: 0 | E84: =C84+D84 -> 7 | F84: 0 | G84: =+E84-F84-H84 -> 7 | I84: 55 | J84: =+I84*H84 -> 0 | K84: - | L84: 0 | M84: =SUM(J84-L84) -> 0
A85: 81 | B85: เค้กมะพร้าวหน้านิ่ม | C85: 5 | D85: 0 | E85: =C85+D85 -> 5 | F85: 0 | G85: =+E85-F85-H85 -> 5 | I85: 55 | J85: =+I85*H85 -> 0 | K85: - | L85: 0 | M85: =SUM(J85-L85) -> 0
A86: 82 | B86: เค้กเนยสดหน้านิ่ม | D86: 0 | E86: =C86+D86 -> 0 | F86: 0 | G86: =+E86-F86-H86 -> 0 | I86: 55 | J86: =+I86*H86 -> 0 | K86: - | L86: 0 | M86: =SUM(J86-L86) -> 0
A87: 83 | B87: เค้กส้มหน้านิ่ม | D87: 0 | E87: =C87+D87 -> 0 | F87: 0 | G87: =+E87-F87-H87 -> 0 | I87: 55 | J87: =+I87*H87 -> 0 | K87: - | L87: 0 | M87: =SUM(J87-L87) -> 0
A88: 84 | B88: เค้กลอดช่อง | C88: 14 | D88: 0 | E88: =C88+D88 -> 14 | F88: 0 | G88: =+E88-F88-H88 -> 14 | I88: 35 | J88: =+I88*H88 -> 0 | K88: - | L88: 0 | M88: =SUM(J88-L88) -> 0
A89: 85 | B89: เค้กลอดช่องกล่องกลม | D89: 0 | E89: =C89+D89 -> 0 | F89: 0 | G89: =+E89-F89-H89 -> 0 | I89: 120 | J89: =+I89*H89 -> 0 | K89: - | L89: 0 | M89: =SUM(J89-L89) -> 0
A90: 86 | B90: เค้กแยมโรลวรรณวนัช | D90: 0 | E90: =C90+D90 -> 0 | F90: 0 | G90: =+E90-F90-H90 -> 0 | I90: 40 | J90: =+I90*H90 -> 0 | K90: - | L90: 0 | M90: =SUM(J90-L90) -> 0
A91: 87 | B91: เค้กสามเหลี่ยม มะพร้าว | D91: 0 | E91: =C91+D91 -> 0 | F91: 0 | G91: =+E91-F91-H91 -> 0 | I91: 35 | J91: =+I91*H91 -> 0 | K91: - | L91: 0 | M91: =SUM(J91-L91) -> 0
A92: 88 | B92: เค้กสามเหลี่ยม สตอเบอรี่ | D92: 0 | E92: =C92+D92 -> 0 | F92: 0 | G92: =+E92-F92-H92 -> 0 | I92: 35 | J92: =+I92*H92 -> 0 | K92: - | L92: 0 | M92: =SUM(J92-L92) -> 0
A93: 89 | B93: เค้กสามเหลี่ยม บลูเบอรี่ | D93: 0 | E93: =C93+D93 -> 0 | F93: 0 | G93: =+E93-F93-H93 -> 0 | I93: 35 | J93: =+I93*H93 -> 0 | K93: - | L93: 0 | M93: =SUM(J93-L93) -> 0
A94: 90 | B94: เค้กสามเหลี่ยม รสส้ม | D94: 0 | E94: =C94+D94 -> 0 | F94: 0 | G94: =+E94-F94-H94 -> 0 | I94: 35 | J94: =+I94*H94 -> 0 | K94: - | L94: 0 | M94: =SUM(J94-L94) -> 0
A95: 91 | B95: เค้กสามเหลี่ยม รสช็อกโกโอริโอ้ | D95: 0 | E95: =C95+D95 -> 0 | F95: 0 | G95: =+E95-F95-H95 -> 0 | I95: 35 | J95: =+I95*H95 -> 0 | K95: - | L95: 0 | M95: =SUM(J95-L95) -> 0
A96: 92 | B96: เค้กสามเหลี่ยม รสฝอยทองใบเตย | D96: 0 | E96: =C96+D96 -> 0 | F96: 0 | G96: =+E96-F96-H96 -> 0 | I96: 60 | J96: =+I96*H96 -> 0 | K96: - | M96: =SUM(J96-L96) -> 0
A97: 93 | B97: เค้กสามเหลี่ยม รสส้ม | D97: 0 | E97: =C97+D97 -> 0 | F97: 0 | G97: =+E97-F97-H97 -> 0 | I97: 60 | J97: =+I97*H97 -> 0 | K97: - | L97: 0 | M97: =SUM(J97-L97) -> 0
A98: 94 | B98: เค้กมะพร้าว 1/2 ปอนด์ | C98: 7 | D98: 0 | E98: =C98+D98 -> 7 | F98: 0 | G98: =+E98-F98-H98 -> 7 | I98: 120 | J98: =+I98*H98 -> 0 | K98: - | L98: 0 | M98: =SUM(J98-L98) -> 0
A99: 95 | B99: เค้กมะพร้าว 1 ปอนด์ | D99: 0 | E99: =C99+D99 -> 0 | F99: 0 | G99: =+E99-F99-H99 -> 0 | I99: 250 | J99: =+I99*H99 -> 0 | K99: - | L99: 0 | M99: =SUM(J99-L99) -> 0
A100: 96 | B100: เค้กสตรอว์เบอร์รี่ 1/2 ปอนด์ | D100: 0 | E100: =C100+D100 -> 0 | F100: 0 | G100: =+E100-F100-H100 -> 0 | I100: 120 | J100: =+I100*H100 -> 0 | K100: - | L100: 0 | M100: =SUM(J100-L100) -> 0
A101: 97 | B101: เค้กโอริโอ้ 1/2 ปอนด์ | D101: 0 | E101: =C101+D101 -> 0 | F101: 0 | G101: =+E101-F101-H101 -> 0 | I101: 120 | J101: =+I101*H101 -> 0 | K101: - | L101: 0 | M101: =SUM(J101-L101) -> 0
...

Sheet 1
A2: บูธ หน้ามอ (ม.เกษตร) วันที่ 1-31 ก.ค. 67 | O2: สินค้า SALE
A3: ลำดับ | B3: รายการ | C3: ยกมา | D3: รับ | E3: รวม | F3: เปลี่ยน/ | G3: คงเหลือ | H3: รายการขาย | K3: หมายเหตุ | L3: ส่วนลด | O3: ลำดับ | P3: รายการ | Q3: ยกมา | R3: รับ | S3: รวม | T3: เปลี่ยน/ | U3: คงเหลือ | V3: รายการขาย | Y3: หมายเหตุ | Z3: ส่วนลด
F4: คืน/เสีย | H4: จำนวน | I4: @ | J4: เป็นเงิน | T4: คืน/เสีย | V4: จำนวน | W4: @ | X4: เป็นเงิน
A5: 1 | B5: ชิฟฟ่อน (ล) 4 ชิ้น (กล่อมชมพู) | C5: =+ยกมา!G5 -> 13 | D5: 0 | E5: =C5+D5 -> 13 | F5: 0 | G5: =+E5-F5-H5 -> 13 | I5: 50 | J5: =+I5*H5 -> 0 | K5: - | L5: 0 | M5: =SUM(J5-L5) -> 0 | O5: 1 | Q5: 0 | R5: 0 | S5: =Q5+R5 -> 0 | T5: 0 | U5: =S5-T5-V5 -> 0 | V5: 0 | X5: =V5*W5 -> 0 | Y5: - | Z5: 0
A6: 2 | B6: ชิฟฟ่อน (ญ) 8 ชิ้น (กล่องชมพู) | C6: =+ยกมา!G6 -> 6 | D6: 0 | E6: =C6+D6 -> 6 | F6: 0 | G6: =+E6-F6-H6 -> 4 | H6: 2 | I6: 100 | J6: =+I6*H6 -> 200 | K6: - | L6: 0 | M6: =SUM(J6-L6) -> 200 | O6: 2 | Q6: 0 | R6: 0 | S6: =Q6+R6 -> 0 | T6: 0 | U6: =S6-T6-V6 -> 0 | V6: 0 | X6: =V6*W6 -> 0 | Y6: - | Z6: 0
A7: 3 | B7: ชิฟฟ่อน (ล) กาแฟ | C7: =+ยกมา!G7 -> 0 | D7: 0 | E7: =C7+D7 -> 0 | F7: 0 | G7: =+E7-F7-H7 -> 0 | I7: 50 | J7: =+I7*H7 -> 0 | K7: - | L7: 0 | M7: =SUM(J7-L7) -> 0 | O7: 3 | Q7: 0 | R7: 0 | S7: =Q7+R7 -> 0 | T7: 0 | U7: =S7-T7-V7 -> 0 | V7: 0 | X7: =V7*W7 -> 0 | Y7: - | Z7: 0
A8: 4 | B8: ชิฟฟ่อน (ญ) กาแฟ | C8: =+ยกมา!G8 -> 0 | D8: 0 | E8: =C8+D8 -> 0 | F8: 0 | G8: =+E8-F8-H8 -> 0 | I8: 100 | J8: =+I8*H8 -> 0 | K8: - | L8: 0 | M8: =SUM(J8-L8) -> 0 | O8: 4 | Q8: 0 | R8: 0 | S8: =Q8+R8 -> 0 | T8: 0 | U8: =S8-T8-V8 -> 0 | V8: 0 | X8: =V8*W8 -> 0 | Y8: - | Z8: 0
A9: 5 | B9: ชิฟฟ่อนเค้ก 1 ชิ้น | C9: =+ยกมา!G9 -> 0 | D9: 0 | E9: =C9+D9 -> 0 | F9: 0 | G9: =+E9-F9-H9 -> 0 | I9: 12 | J9: =+I9*H9 -> 0 | K9: - | L9: 0 | M9: =SUM(J9-L9) -> 0 | O9: 5 | Q9: 0 | R9: 0 | S9: =Q9+R9 -> 0 | T9: 0 | U9: =S9-T9-V9 -> 0 | V9: 0 | X9: =V9*W9 -> 0 | Y9: - | Z9: 0
A10: 6 | B10: ชิฟฟ่อนเค้กสอดไส้แยม 1 ชิ้น | C10: =+ยกมา!G10 -> 0 | D10: 0 | E10: =C10+D10 -> 0 | F10: 0 | G10: =+E10-F10-H10 -> 0 | I10: 15 | J10: =+I10*H10 -> 0 | K10: - | L10: 0 | M10: =SUM(J10-L10) -> 0 | O10: 6 | Q10: 0 | R10: 0 | S10: =Q10+R10 -> 0 | T10: 0 | U10: =S10-T10-V10 -> 0 | V10: 0 | X10: =V10*W10 -> 0 | Y10: - | Z10: 0
A11: 7 | B11: ชิฟฟ่อน สอดไส้ (ล) 2 ชิ้น ครีมมะพร้าว | C11: =+ยกมา!G11 -> 0 | D11: 0 | E11: =C11+D11 -> 0 | F11: 0 | G11: =+E11-F11-H11 -> 0 | I11: 50 | J11: =+I11*H11 -> 0 | K11: - | L11: 0 | M11: =SUM(J11-L11) -> 0 | O11: 7 | Q11: 0 | R11: 0 | S11: =Q11+R11 -> 0 | T11: 0 | U11: =S11-T11-V11 -> 0 | V11: 0 | X11: =V11*W11 -> 0 | Y11: - | Z11: 0
A12: 8 | B12: ชิฟฟ่อน สอดไส้ (ล) 3 ชิ้น รวมรส | C12: =+ยกมา!G12 -> 0 | D12: 10 | E12: =C12+D12 -> 10 | F12: 0 | G12: =+E12-F12-H12 -> 10 | I12: 50 | J12: =+I12*H12 -> 0 | K12: - | L12: 0 | M12: =SUM(J12-L12) -> 0 | O12: 8 | Q12: 0 | R12: 0 | S12: =Q12+R12 -> 0 | T12: 0 | U12: =S12-T12-V12 -> 0 | V12: 0 | X12: =V12*W12 -> 0 | Y12: - | Z12: 0
A13: 9 | B13: ชิฟฟ่อน สอดไส้ (ล) 3 ชิ้น กาแฟ | C13: =+ยกมา!G13 -> 0 | D13: 0 | E13: =C13+D13 -> 0 | F13: 0 | G13: =+E13-F13-H13 -> 0 | I13: 50 | J13: =+I13*H13 -> 0 | K13: - | L13: 0 | M13: =SUM(J13-L13) -> 0 | O13: 9 | Q13: 0 | R13: 0 | S13: =Q13+R13 -> 0 | T13: 0 | U13: =S13-T13-V13 -> 0 | V13: 0 | X13: =V13*W13 -> 0 | Y13: - | Z13: 0
A14: 10 | B14: ชิฟฟ่อน สอดไส้ (ล) 3 ชิ้น แยมส้ม (ฝอยทอง) | C14: =+ยกมา!G14 -> 0 | D14: 0 | E14: =C14+D14 -> 0 | F14: 0 | G14: =+E14-F14-H14 -> 0 | I14: 50 | J14: =+I14*H14 -> 0 | K14: - | L14: 0 | M14: =SUM(J14-L14) -> 0 | O14: 11
A15: 11 | B15: ชิฟฟ่อน สอดไส้ (ล) 3 ชิ้น บลูเบอรี่ | C15: =+ยกมา!G15 -> 0 | D15: 0 | E15: =C15+D15 -> 0 | F15: 0 | G15: =+E15-F15-H15 -> 0 | I15: 50 | J15: =+I15*H15 -> 0 | K15: - | L15: 0 | M15: =SUM(J15-L15) -> 0 | O15: 12
A16: 12 | B16: ชิฟฟ่อน สอดไส้ (ล) 3 ชิ้น ฝอยทอง | C16: =+ยกมา!G16 -> 0 | D16: 0 | E16: =C16+D16 -> 0 | F16: 0 | G16: =+E16-F16-H16 -> 0 | I16: 50 | J16: =+I16*H16 -> 0 | K16: - | L16: 0 | M16: =SUM(J16-L16) -> 0 | O16: 13
A17: 13 | B17: ชิฟฟ่อน สอดไส้ (ล) 3 ชิ้น แยมสตรอเบอรี่ | C17: =+ยกมา!G17 -> 0 | D17: 0 | E17: =C17+D17 -> 0 | F17: 0 | G17: =+E17-F17-H17 -> 0 | I17: 50 | J17: =+I17*H17 -> 0 | K17: - | L17: 0 | M17: =SUM(J17-L17) -> 0 | O17: 14
A18: 14 | B18: ชิฟฟ่อน สอดไส้ (ล) 3 ชิ้น เนยมพะร้าว | C18: =+ยกมา!G18 -> 2 | D18: 0 | E18: =C18+D18 -> 2 | F18: 0 | G18: =+E18-F18-H18 -> 2 | I18: 50 | J18: =+I18*H18 -> 0 | K18: - | L18: 0 | M18: =SUM(J18-L18) -> 0 | O18: 15
A19: 15 | B19: ชิฟฟ่อน สอดไส้ (ล) 3 ชิ้น นมชมพู | C19: =+ยกมา!G19 -> 0 | D19: 0 | E19: =C19+D19 -> 0 | F19: 0 | G19: =+E19-F19-H19 -> 0 | I19: 50 | J19: =+I19*H19 -> 0 | K19: - | L19: 0 | M19: =SUM(J19-L19) -> 0 | O19: 16
A20: 16 | B20: ชิฟฟ่อน สอดไส้ (ล) 3 ชิ้น ช็อคโกแลต | C20: =+ยกมา!G20 -> 0 | D20: 0 | E20: =C20+D20 -> 0 | F20: 0 | G20: =+E20-F20-H20 -> 0 | I20: 50 | J20: =+I20*H20 -> 0 | K20: - | L20: 0 | M20: =SUM(J20-L20) -> 0 | O20: 17
A21: 17 | B21: ชิฟฟ่อน สอดไส้ (ล) 4 ชิ้น กาแฟ | C21: =+ยกมา!G21 -> 0 | D21: 0 | E21: =C21+D21 -> 0 | F21: 0 | G21: =+E21-F21-H21 -> 0 | I21: 60 | J21: =+I21*H21 -> 0 | K21: - | L21: 0 | M21: =SUM(J21-L21) -> 0
A22: 18 | B22: ชิฟฟ่อน สอดไส้ (ล) 4 ชิ้น ครีมมะพร้าว | C22: =+ยกมา!G22 -> 3 | D22: 0 | E22: =C22+D22 -> 3 | F22: 0 | G22: =+E22-F22-H22 -> 3 | I22: 65 | J22: =+I22*H22 -> 0 | K22: - | L22: 0 | M22: =SUM(J22-L22) -> 0 | O22: 10 | Q22: 0 | R22: 0 | S22: =Q22+R22 -> 0 | T22: 0 | U22: =S22-T22-V22 -> 0 | V22: 0 | X22: =V22*W22 -> 0 | Y22: - | Z22: 0
A23: 19 | B23: ชิฟฟ่อน สอดไส้ (ก) 5 ชิ้น | C23: =+ยกมา!G23 -> 0 | D23: 0 | E23: =C23+D23 -> 0 | F23: 0 | G23: =+E23-F23-H23 -> 0 | I23: 85 | J23: =+I23*H23 -> 0 | K23: - | L23: 0 | M23: =SUM(J23-L23) -> 0 | O23: 18
A24: 20 | B24: ชิฟฟ่อน สอดไส้ 6 ชิ้น รวมรส | C24: =+ยกมา!G24 -> 0 | D24: 15 | E24: =C24+D24 -> 15 | F24: 0 | G24: =+E24-F24-H24 -> 15 | I24: 100 | J24: =+I24*H24 -> 0 | K24: - | L24: 0 | M24: =SUM(J24-L24) -> 0 | O24: 19
A25: 21 | B25: ชิฟฟ่อน สอดไส้ 6 ชิ้น ฝอยทอง | C25: =+ยกมา!G25 -> 0 | D25: 0 | E25: =C25+D25 -> 0 | F25: 0 | G25: =+E25-F25-H25 -> 0 | I25: 100 | J25: =+I25*H25 -> 0 | K25: - | L25: 0 | M25: =SUM(J25-L25) -> 0 | O25: 20
A26: 22 | B26: ชิฟฟ่อน สอดไส้ 6 ชิ้น ทูโทน | C26: =+ยกมา!G26 -> 0 | D26: 0 | E26: =C26+D26 -> 0 | F26: 0 | G26: =+E26-F26-H26 -> 0 | I26: 100 | J26: =+I26*H26 -> 0 | K26: - | L26: 0 | M26: =SUM(J26-L26) -> 0 | O26: 21
A27: 23 | B27: ชิฟฟ่อน สอดไส้ 6 ชิ้น นมชมพู | C27: =+ยกมา!G27 -> 2 | D27: 0 | E27: =C27+D27 -> 2 | F27: 0 | G27: =+E27-F27-H27 -> 2 | I27: 100 | J27: =+I27*H27 -> 0 | K27: - | L27: 0 | M27: =SUM(J27-L27) -> 0 | O27: 22
A28: 24 | B28: ชิฟฟ่อน สอดไส้ 6 ชิ้น บลูเบอรี่ | C28: =+ยกมา!G28 -> 0 | D28: 0 | E28: =C28+D28 -> 0 | F28: 0 | G28: =+E28-F28-H28 -> 0 | I28: 100 | J28: =+I28*H28 -> 0 | K28: - | L28: 0 | M28: =SUM(J28-L28) -> 0 | O28: 23
A29: 25 | B29: ชิฟฟ่อน สอดไส้ 6 ชิ้น ช็อคโกแลต | C29: =+ยกมา!G29 -> 0 | D29: 0 | E29: =C29+D29 -> 0 | F29: 0 | G29: =+E29-F29-H29 -> 0 | I29: 100 | J29: =+I29*H29 -> 0 | K29: - | L29: 0 | M29: =SUM(J29-L29) -> 0 | O29: 24
A30: 26 | B30: ชิฟฟ่อน สอดไส้ 6 ชิ้น มะพร้าว | C30: =+ยกมา!G30 -> 1 | D30: 0 | E30: =C30+D30 -> 1 | F30: 0 | G30: =+E30-F30-H30 -> 1 | I30: 100 | J30: =+I30*H30 -> 0 | K30: - | L30: 0 | M30: =SUM(J30-L30) -> 0 | O30: 25
A31: 27 | B31: ชิฟฟ่อน สอดไส้ 6 ชิ้น ส้ม | C31: =+ยกมา!G31 -> 0 | D31: 0 | E31: =C31+D31 -> 0 | F31: 0 | G31: =+E31-F31-H31 -> 0 | I31: 100 | J31: =+I31*H31 -> 0 | K31: - | L31: 0 | M31: =SUM(J31-L31) -> 0 | Z31: 0
A32: 28 | B32: ชิฟฟ่อนครีมมะพร้าว 120 g. (ชิ้น) | C32: =+ยกมา!G32 -> 0 | D32: 0 | E32: =C32+D32 -> 0 | F32: 0 | G32: =+E32-F32-H32 -> 0 | I32: 35 | J32: =+I32*H32 -> 0 | K32: - | L32: 0 | M32: =SUM(J32-L32) -> 0
A33: 29 | B33: ชิฟฟ่อน 8 ชิ้น มะลิ | C33: =+ยกมา!G33 -> 0 | D33: 0 | E33: =C33+D33 -> 0 | F33: 0 | G33: =+E33-F33-H33 -> 0 | I33: 100 | J33: =+I33*H33 -> 0 | K33: - | L33: 0 | M33: =SUM(J33-L33) -> 0
A34: 30 | B34: ชิฟฟ่อนรวมรส ยอดฮิต 8 ชิ้น | C34: =+ยกมา!G34 -> 11 | D34: 0 | E34: =C34+D34 -> 11 | F34: 0 | G34: =+E34-F34-H34 -> 8 | H34: 3 | I34: 100 | J34: =+I34*H34 -> 300 | K34: - | L34: 0 | M34: =SUM(J34-L34) -> 300
A35: 31 | B35: ชิฟฟ่อน สอดไส้ (ญ) 8 ชิ้น รวมรส | C35: =+ยกมา!G35 -> 0 | D35: 0 | E35: =C35+D35 -> 0 | F35: 0 | G35: =+E35-F35-H35 -> 0 | I35: 130 | J35: =+I35*H35 -> 0 | K35: - | L35: 0 | M35: =SUM(J35-L35) -> 0
A36: 32 | B36: ชิฟฟ่อน สอดไส้ (ญ) 8 ชิ้น มะพร้าว | C36: =+ยกมา!G36 -> 3 | D36: 0 | E36: =C36+D36 -> 3 | F36: 0 | G36: =+E36-F36-H36 -> 2 | H36: 1 | I36: 130 | J36: =+I36*H36 -> 130 | K36: - | L36: 0 | M36: =SUM(J36-L36) -> 130
A37: 33 | B37: ชิฟฟ่อน สอดไส้ (ญ) 8 ชิ้น ใบเตย | C37: =+ยกมา!G37 -> 0 | D37: 0 | E37: =C37+D37 -> 0 | F37: 0 | G37: =+E37-F37-H37 -> 0 | I37: 130 | J37: =+I37*H37 -> 0 | K37: - | L37: 0 | M37: =SUM(J37-L37) -> 0 | P37: รวม | X37: =SUM(X5:X30) -> 0
A38: 34 | B38: ชิฟฟ่อน สอดไส้ (ญ) 8 ชิ้น ทูโทนใบเตย | C38: =+ยกมา!G38 -> 1 | D38: 0 | E38: =C38+D38 -> 1 | F38: 0 | G38: =+E38-F38-H38 -> 1 | I38: 130 | J38: =+I38*H38 -> 0 | K38: - | L38: 0 | M38: =SUM(J38-L38) -> 0
A39: 35 | B39: ชิฟฟอนหม้อแกง | C39: =+ยกมา!G39 -> 0 | D39: 0 | E39: =C39+D39 -> 0 | F39: 0 | G39: =+E39-F39-H39 -> 0 | I39: 40 | J39: =+I39*H39 -> 0 | K39: - | L39: 0 | M39: =SUM(J39-L39) -> 0
A40: 36 | B40: ครีมฮอร์น วนิลา | C40: =+ยกมา!G40 -> 1 | D40: 0 | E40: =C40+D40 -> 1 | F40: 0 | G40: =+E40-F40-H40 -> 1 | I40: 50 | J40: =+I40*H40 -> 0 | K40: - | L40: 0 | M40: =SUM(J40-L40) -> 0
A41: 37 | B41: ครีมฮอร์น ใบเตย | C41: =+ยกมา!G41 -> 4 | D41: 0 | E41: =C41+D41 -> 4 | F41: 0 | G41: =+E41-F41-H41 -> 3 | H41: 1 | I41: 50 | J41: =+I41*H41 -> 50 | K41: - | L41: 0 | M41: =SUM(J41-L41) -> 50
A42: 38 | B42: ครีมฮอร์น ช็อคโกแลต | C42: =+ยกมา!G42 -> 4 | D42: 0 | E42: =C42+D42 -> 4 | F42: 0 | G42: =+E42-F42-H42 -> 4 | I42: 50 | J42: =+I42*H42 -> 0 | K42: - | L42: 0 | M42: =SUM(J42-L42) -> 0
A43: 39 | B43: ครีมฮอร์นชาไทย | C43: =+ยกมา!G43 -> 10 | D43: 0 | E43: =C43+D43 -> 10 | F43: 0 | G43: =+E43-F43-H43 -> 10 | I43: 25 | J43: =+I43*H43 -> 0 | K43: - | L43: 0 | M43: =SUM(J43-L43) -> 0
A44: 40 | B44: ครีมฮอร์นฝอยทอง วนิลา | C44: =+ยกมา!G44 -> 0 | D44: 0 | E44: =C44+D44 -> 0 | F44: 0 | G44: =+E44-F44-H44 -> 0 | I44: 65 | J44: =+I44*H44 -> 0 | K44: - | L44: 0 | M44: =SUM(J44-L44) -> 0
A45: 41 | B45: ครีมฮอร์นฝอยทอง ใบเตย | C45: =+ยกมา!G45 -> 0 | D45: 0 | E45: =C45+D45 -> 0 | F45: 0 | G45: =+E45-F45-H45 -> 0 | I45: 65 | J45: =+I45*H45 -> 0 | K45: - | L45: 0 | M45: =SUM(J45-L45) -> 0
A46: 42 | B46: เบาหวิวมะพร้าว (100g) | C46: =+ยกมา!G46 -> 0 | D46: 0 | E46: =C46+D46 -> 0 | F46: 0 | G46: =+E46-F46-H46 -> 0 | I46: 35 | J46: =+I46*H46 -> 0 | K46: - | L46: 0 | M46: =SUM(J46-L46) -> 0
A47: 43 | B47: เบาหวิว (ล) ใหม่ รสกล้วยหอมมะพร้าวเผา | C47: =+ยกมา!G47 -> 2 | D47: 0 | E47: =C47+D47 -> 2 | F47: 0 | G47: =+E47-F47-H47 -> 1 | H47: 1 | I47: 50 | J47: =+I47*H47 -> 50 | K47: - | L47: 0 | M47: =SUM(J47-L47) -> 50
A48: 44 | B48: เบาหวิว (ล) ใหม่ เผือกมะพร้าว | C48: =+ยกมา!G48 -> 2 | D48: 0 | E48: =C48+D48 -> 2 | F48: 0 | G48: =+E48-F48-H48 -> 1 | H48: 1 | I48: 50 | J48: =+I48*H48 -> 50 | K48: - | L48: 0 | M48: =SUM(J48-L48) -> 50
A49: 45 | B49: เบาหวิว (ล) ใหม่ กาแฟ | C49: =+ยกมา!G49 -> 0 | D49: 0 | E49: =C49+D49 -> 0 | F49: 0 | G49: =+E49-F49-H49 -> 0 | I49: 50 | J49: =+I49*H49 -> 0 | K49: - | L49: 0 | M49: =SUM(J49-L49) -> 0
A50: 46 | B50: เบาหวิว (ล) ใหม่ เนยนม | C50: =+ยกมา!G50 -> 3 | D50: 5 | E50: =C50+D50 -> 8 | F50: 0 | G50: =+E50-F50-H50 -> 7 | H50: 1 | I50: 50 | J50: =+I50*H50 -> 50 | K50: - | L50: 0 | M50: =SUM(J50-L50) -> 50
A51: 47 | B51: เบาหวิว (ล) ใหม่ ใบเตย | C51: =+ยกมา!G51 -> 0 | D51: 0 | E51: =C51+D51 -> 0 | F51: 0 | G51: =+E51-F51-H51 -> 0 | I51: 50 | J51: =+I51*H51 -> 0 | K51: - | L51: 0 | M51: =SUM(J51-L51) -> 0
A52: 48 | B52: เบาหวิว (ล) ใหม่ มะพร้าว | C52: =+ยกมา!G52 -> 6 | D52: 0 | E52: =C52+D52 -> 6 | F52: 0 | G52: =+E52-F52-H52 -> 5 | H52: 1 | I52: 50 | J52: =+I52*H52 -> 50 | K52: - | L52: 0 | M52: =SUM(J52-L52) -> 50
A53: 49 | B53: เบาหวิว (ล) ใหม่ ฝอยทอง | C53: =+ยกมา!G53 -> 12 | D53: 0 | E53: =C53+D53 -> 12 | F53: 0 | G53: =+E53-F53-H53 -> 11 | H53: 1 | I53: 50 | J53: =+I53*H53 -> 50 | K53: - | L53: 0 | M53: =SUM(J53-L53) -> 50
A54: 50 | B54: เบาหวิว (ล) ใหม่ ทุเรียน | C54: =+ยกมา!G54 -> 6 | D54: 0 | E54: =C54+D54 -> 6 | F54: 0 | G54: =+E54-F54-H54 -> 6 | I54: 50 | J54: =+I54*H54 -> 0 | K54: - | L54: 0 | M54: =SUM(J54-L54) -> 0
A55: 51 | B55: เบาหวิว (ล) ใหม่ ลูกตาล | C55: =+ยกมา!G55 -> 3 | D55: 0 | E55: =C55+D55 -> 3 | F55: 0 | G55: =+E55-F55-H55 -> 3 | I55: 50 | J55: =+I55*H55 -> 0 | K55: - | L55: 0 | M55: =SUM(J55-L55) -> 0
A56: 52 | B56: เบาหวิว (ญ) ใหม่ รสมะพร้าว | C56: =+ยกมา!G56 -> 0 | D56: 0 | E56: =C56+D56 -> 0 | F56: 0 | G56: =+E56-F56-H56 -> 0 | I56: 120 | J56: =+I56*H56 -> 0 | K56: - | L56: 0 | M56: =SUM(J56-L56) -> 0
A57: 53 | B57: เบาหวิว (ญ) ใหม่ รสกาแฟ | C57: =+ยกมา!G57 -> 5 | D57: 0 | E57: =C57+D57 -> 5 | F57: 0 | G57: =+E57-F57-H57 -> 5 | I57: 120 | J57: =+I57*H57 -> 0 | K57: - | L57: 0 | M57: =SUM(J57-L57) -> 0
A58: 54 | B58: เบาหวิว (ญ) ใหม่ รสเนยนม | C58: =+ยกมา!G58 -> 0 | D58: 0 | E58: =C58+D58 -> 0 | F58: 0 | G58: =+E58-F58-H58 -> 0 | I58: 120 | J58: =+I58*H58 -> 0 | K58: - | L58: 0 | M58: =SUM(J58-L58) -> 0
A59: 55 | B59: เบาหวิว (ญ) ใหม่ รสใบเตย | C59: =+ยกมา!G59 -> 0 | D59: 0 | E59: =C59+D59 -> 0 | F59: 0 | G59: =+E59-F59-H59 -> 0 | I59: 120 | J59: =+I59*H59 -> 0 | K59: - | L59: 0 | M59: =SUM(J59-L59) -> 0
A60: 56 | B60: เบาหวิว (ญ) ใหม่ รสกล้วยหอมมะพร้าวเผา | C60: =+ยกมา!G60 -> 0 | D60: 0 | E60: =C60+D60 -> 0 | F60: 0 | G60: =+E60-F60-H60 -> 0 | I60: 120 | J60: =+I60*H60 -> 0 | K60: - | L60: 0 | M60: =SUM(J60-L60) -> 0
A61: 57 | B61: เบาหวิว (ญ) ใหม่ รสฝอยทอง | C61: =+ยกมา!G61 -> 0 | D61: 0 | E61: =C61+D61 -> 0 | F61: 0 | G61: =+E61-F61-H61 -> 0 | I61: 120 | J61: =+I61*H61 -> 0 | K61: - | L61: 0 | M61: =SUM(J61-L61) -> 0
A62: 58 | B62: เบาหวิว (ญ) ใหม่ รสทุเรียน | C62: =+ยกมา!G62 -> 0 | D62: 0 | E62: =C62+D62 -> 0 | F62: 0 | G62: =+E62-F62-H62 -> 0 | I62: 120 | J62: =+I62*H62 -> 0 | K62: - | L62: 0 | M62: =SUM(J62-L62) -> 0
A63: 59 | B63: เบาหวิว (ญ) ใหม่ รสเผือกมะพร้าว | C63: =+ยกมา!G63 -> 6 | D63: 0 | E63: =C63+D63 -> 6 | F63: 0 | G63: =+E63-F63-H63 -> 6 | I63: 120 | J63: =+I63*H63 -> 0 | K63: - | L63: 0 | M63: =SUM(J63-L63) -> 0
A64: 60 | B64: เบาหวิว (ญ) ใหม่ รสลูกตาล | C64: =+ยกมา!G64 -> 0 | D64: 0 | E64: =C64+D64 -> 0 | F64: 0 | G64: =+E64-F64-H64 -> 0 | I64: 120 | J64: =+I64*H64 -> 0 | K64: - | L64: 0 | M64: =SUM(J64-L64) -> 0
A65: 61 | B65: โบราณ 4 ชิ้น รวมรส | C65: =+ยกมา!G65 -> 4 | D65: 0 | E65: =C65+D65 -> 4 | F65: 0 | G65: =+E65-F65-H65 -> 4 | I65: 50 | J65: =+I65*H65 -> 0 | K65: - | L65: 0 | M65: =SUM(J65-L65) -> 0
... A77: 73 | B77: พายสับปะรด 1 กล่อง | C77: =+ยกมา!G77 -> 18 | D77: 0 | E77: =C77+D77 -> 18 | F77: 0 | G77: =+E77-F77-H77 -> 18 | I77: 50 | J77: =+I77*H77 -> 0 | K77: - | L77: 0 | M77: =SUM(J77-L77) -> 0
A78: 74 | B78: ลาวา ทูโทน (ล) | C78: =+ยกมา!G78 -> 3 | D78: 0 | E78: =C78+D78 -> 3 | F78: 0 | G78: =+E78-F78-H78 -> 1 | H78: 2 | I78: 50 | J78: =+I78*H78 -> 100 | K78: - | L78: 0 | M78: =SUM(J78-L78) -> 100
A79: 75 | B79: ลาวา ทูโทน (ญ) | C79: =+ยกมา!G79 -> 0 | D79: 0 | E79: =C79+D79 -> 0 | F79: 0 | G79: =+E79-F79-H79 -> 0 | I79: 120 | J79: =+I79*H79 -> 0 | K79: - | L79: 0 | M79: =SUM(J79-L79) -> 0
A80: 76 | B80: ลาวา ฝอยทอง ทูโทน ญ | C80: =+ยกมา!G80 -> 0 | D80: 0 | E80: =C80+D80 -> 0 | F80: 0 | G80: =+E80-F80-H80 -> 0 | I80: 120 | J80: =+I80*H80 -> 0 | K80: - | L80: 0 | M80: =SUM(J80-L80) -> 0
A81: 77 | B81: เอแคลร์ | C81: =+ยกมา!G81 -> 1 | D81: 0 | E81: =C81+D81 -> 1 | F81: 0 | G81: =+E81-F81-H81 -> 0 | H81: 1 | I81: 50 | J81: =+I81*H81 -> 50 | K81: - | L81: 0 | M81: =SUM(J81-L81) -> 50
A82: 78 | B82: เอแคลร์ไข่เค็ม 6 ชิ้น | C82: =+ยกมา!G82 -> 0 | D82: 0 | E82: =C82+D82 -> 0 | F82: 0 | G82: =+E82-F82-H82 -> 0 | I82: 50 | J82: =+I82*H82 -> 0 | K82: - | L82: 0 | M82: =SUM(J82-L82) -> 0
A83: 79 | B83: เอแครล์คิทแคท | C83: =+ยกมา!G83 -> 0 | D83: 5 | E83: =C83+D83 -> 5 | F83: 0 | G83: =+E83-F83-H83 -> 5 | I83: 45 | J83: =+I83*H83 -> 0 | K83: - | L83: 0 | M83: =SUM(J83-L83) -> 0
A84: 80 | B84: เค้กช็อคหน้านิ่ม | C84: =+ยกมา!G84 -> 7 | D84: 0 | E84: =C84+D84 -> 7 | F84: 0 | G84: =+E84-F84-H84 -> 5 | H84: 2 | I84: 55 | J84: =+I84*H84 -> 110 | K84: - | L84: 0 | M84: =SUM(J84-L84) -> 110
A85: 81 | B85: เค้กมะพร้าวหน้านิ่ม | C85: =+ยกมา!G85 -> 5 | D85: 0 | E85: =C85+D85 -> 5 | F85: 0 | G85: =+E85-F85-H85 -> 5 | I85: 55 | J85: =+I85*H85 -> 0 | K85: - | L85: 0 | M85: =SUM(J85-L85) -> 0
A86: 82 | B86: เค้กเนยสดหน้านิ่ม | C86: =+ยกมา!G86 -> 0 | D86: 0 | E86: =C86+D86 -> 0 | F86: 0 | G86: =+E86-F86-H86 -> 0 | I86: 55 | J86: =+I86*H86 -> 0 | K86: - | L86: 0 | M86: =SUM(J86-L86) -> 0
A87: 83 | B87: เค้กส้มหน้านิ่ม | C87: =+ยกมา!G87 -> 0 | D87: 0 | E87: =C87+D87 -> 0 | F87: 0 | G87: =+E87-F87-H87 -> 0 | I87: 55 | J87: =+I87*H87 -> 0 | K87: - | L87: 0 | M87: =SUM(J87-L87) -> 0
A88: 84 | B88: เค้กลอดช่อง | C88: =+ยกมา!G88 -> 14 | D88: 20 | E88: =C88+D88 -> 34 | F88: 0 | G88: =+E88-F88-H88 -> 29 | H88: 5 | I88: 35 | J88: =+I88*H88 -> 175 | K88: - | L88: 0 | M88: =SUM(J88-L88) -> 175
A89: 85 | B89: เค้กลอดช่องกล่องกลม | C89: =+ยกมา!G89 -> 0 | D89: 0 | E89: =C89+D89 -> 0 | F89: 0 | G89: =+E89-F89-H89 -> 0 | I89: 120 | J89: =+I89*H89 -> 0 | K89: - | L89: 0 | M89: =SUM(J89-L89) -> 0
A90: 86 | B90: เค้กแยมโรลวรรณวนัช | C90: =+ยกมา!G90 -> 0 | D90: 0 | E90: =C90+D90 -> 0 | F90: 0 | G90: =+E90-F90-H90 -> 0 | I90: 40 | J90: =+I90*H90 -> 0 | K90: - | L90: 0 | M90: =SUM(J90-L90) -> 0
A91: 87 | B91: เค้กสามเหลี่ยม มะพร้าว | C91: =+ยกมา!G91 -> 0 | D91: 0 | E91: =C91+D91 -> 0 | F91: 0 | G91: =+E91-F91-H91 -> 0 | I91: 35 | J91: =+I91*H91 -> 0 | K91: - | L91: 0 | M91: =SUM(J91-L91) -> 0
A92: 88 | B92: เค้กสามเหลี่ยม สตอเบอรี่ | C92: =+ยกมา!G92 -> 0 | D92: 0 | E92: =C92+D92 -> 0 | F92: 0 | G92: =+E92-F92-H92 -> 0 | I92: 35 | J92: =+I92*H92 -> 0 | K92: - | L92: 0 | M92: =SUM(J92-L92) -> 0
A93: 89 | B93: เค้กสามเหลี่ยม บลูเบอรี่ | C93: =+ยกมา!G93 -> 0 | D93: 0 | E93: =C93+D93 -> 0 | F93: 0 | G93: =+E93-F93-H93 -> 0 | I93: 35 | J93: =+I93*H93 -> 0 | K93: - | L93: 0 | M93: =SUM(J93-L93) -> 0
A94: 90 | B94: เค้กสามเหลี่ยม รสส้ม | C94: =+ยกมา!G94 -> 0 | D94: 0 | E94: =C94+D94 -> 0 | F94: 0 | G94: =+E94-F94-H94 -> 0 | I94: 35 | J94: =+I94*H94 -> 0 | K94: - | L94: 0 | M94: =SUM(J94-L94) -> 0
A95: 91 | B95: เค้กสามเหลี่ยม รสช็อกโกโอริโอ้ | C95: =+ยกมา!G95 -> 0 | D95: 0 | E95: =C95+D95 -> 0 | F95: 0 | G95: =+E95-F95-H95 -> 0 | I95: 35 | J95: =+I95*H95 -> 0 | K95: - | L95: 0 | M95: =SUM(J95-L95) -> 0
A96: 92 | B96: เค้กสามเหลี่ยม รสฝอยทองใบเตย | C96: =+ยกมา!G96 -> 0 | D96: 0 | E96: =C96+D96 -> 0 | F96: 0 | G96: =+E96-F96-H96 -> 0 | I96: 60 | J96: =+I96*H96 -> 0 | K96: - | M96: =SUM(J96-L96) -> 0
A97: 93 | B97: เค้กสามเหลี่ยม รสส้ม | C97: =+ยกมา!G97 -> 0 | D97: 0 | E97: =C97+D97 -> 0 | F97: 0 | G97: =+E97-F97-H97 -> 0 | I97: 60 | J97: =+I97*H97 -> 0 | K97: - | L97: 0 | M97: =SUM(J97-L97) -> 0
A98: 94 | B98: เค้กมะพร้าว 1/2 ปอนด์ | C98: =+ยกมา!G98 -> 7 | D98: 0 | E98: =C98+D98 -> 7 | F98: 0 | G98: =+E98-F98-H98 -> 5 | H98: 2 | I98: 120 | J98: =+I98*H98 -> 240 | K98: - | L98: 0 | M98: =SUM(J98-L98) -> 240
A99: 95 | B99: เค้กมะพร้าว 1 ปอนด์ | C99: =+ยกมา!G99 -> 0 | D99: 6 | E99: =C99+D99 -> 6 | F99: 0 | G99: =+E99-F99-H99 -> 4 | H99: 2 | I99: 250 | J99: =+I99*H99 -> 500 | K99: - | L99: 0 | M99: =SUM(J99-L99) -> 500
A100: 96 | B100: เค้กสตรอว์เบอร์รี่ 1/2 ปอนด์ | C100: =+ยกมา!G100 -> 0 | D100: 0 | E100: =C100+D100 -> 0 | F100: 0 | G100: =+E100-F100-H100 -> 0 | I100: 120 | J100: =+I100*H100 -> 0 | K100: - | L100: 0 | M100: =SUM(J100-L100) -> 0
A101: 97 | B101: เค้กโอริโอ้ 1/2 ปอนด์ | C101: =+ยกมา!G101 -> 0 | D101: 0 | E101: =C101+D101 -> 0 | F101: 0 | G101: =+E101-F101-H101 -> 0 | I101: 120 | J101: =+I101*H101 -> 0 | K101: - | L101: 0 | M101: =SUM(J101-L101) -> 0
A102: 98 | B102: เค้กส้ม 1/2 ปอนด์ | C102: =+ยกมา!G102 -> 0 | D102: 0 | E102: =C102+D102 -> 0 | F102: 0 | G102: =+E102-F102-H102 -> 0 | I102: 120 | J102: =+I102*H102 -> 0 | K102: - | L102: 0 | M102: =SUM(J102-L102) -> 0
A103: 99 | B103: เค้กส้ม | C103: =+ยกมา!G103 -> 0 | D103: 0 | E103: =C103+D103 -> 0 | F103: 0 | G103: =+E103-F103-H103 -> 0 | I103: 50 | J103: =+I103*H103 -> 0 | K103: - | L103: 0 | M103: =SUM(J103-L103) -> 0
A104: 100 | B104: ซอฟท์เค้กฝอยทอง (ระบาย) | C104: =+ยกมา!G104 -> 0 | D104: 0 | E104: =C104+D104 -> 0 | F104: 0 | G104: =+E104-F104-H104 -> 0 | I104: 30 | J104: =+I104*H104 -> 0 | K104: - | L104: 0 | M104: =SUM(J104-L104) -> 0
A105: 101 | B105: ซอฟท์เค้กครีมสด (ระบาย) | C105: =+ยกมา!G105 -> 0 | D105: 0 | E105: =C105+D105 -> 0 | F105: 0 | G105: =+E105-F105-H105 -> 0 | I105: 30 | J105: =+I105*H105 -> 0 | K105: - | L105: 0 | M105: =SUM(J105-L105) -> 0
A106: 102 | B106: ท๊อฟฟี่ กระเช้า | C106: =+ยกมา!G106 -> 0 | D106: 0 | E106: =C106+D106 -> 0 | F106: 0 | G106: =+E106-F106-H106 -> 0 | I106: 100 | J106: =+I106*H106 -> 0 | K106: - | L106: 0 | M106: =SUM(J106-L106) -> 0
A107: 103 | B107: ท๊อฟฟี่ กล่อง | C107: =+ยกมา!G107 -> 6 | D107: 0 | E107: =C107+D107 -> 6 | F107: 0 | G107: =+E107-F107-H107 -> 6 | I107: 55 | J107: =+I107*H107 -> 0 | K107: - | L107: 0 | M107: =SUM(J107-L107) -> 0
A108: 104 | B108: คอนเฟลก | C108: =+ยกมา!G108 -> 6 | D108: 0 | E108: =C108+D108 -> 6 | F108: 0 | G108: =+E108-F108-H108 -> 6 | I108: 60 | J108: =+I108*H108 -> 0 | K108: - | L108: 0 | M108: =SUM(J108-L108) -> 0
A109: 105 | B109: เมอร์แรง | C109: =+ยกมา!G109 -> 10 | D109: 0 | E109: =C109+D109 -> 10 | F109: 0 | G109: =+E109-F109-H109 -> 10 | I109: 100 | J109: =+I109*H109 -> 0 | K109: - | L109: 0 | M109: =SUM(J109-L109) -> 0
A110: 106 | B110: เมอร์แรง กระปุก | C110: =+ยกมา!G110 -> 4 | D110: 0 | E110: =C110+D110 -> 4 | F110: 0 | G110: =+E110-F110-H110 -> 4 | I110: 55 | J110: =+I110*H110 -> 0 | K110: - | L110: 0 | M110: =SUM(J110-L110) -> 0
A111: 107 | B111: เครปโรลฝอยทอง วนิลา | C111: =+ยกมา!G111 -> 0 | D111: 0 | E111: =C111+D111 -> 0 | F111: 0 | G111: =+E111-F111-H111 -> 0 | I111: 50 | J111: =+I111*H111 -> 0 | K111: - | L111: 0 | M111: =SUM(J111-L111) -> 0
... A124: 120 | B124: เรดเวลเว็ทวูปปี้พาย | C124: =+ยกมา!G124 -> 0 | D124: 0 | E124: =C124+D124 -> 0 | F124: 0 | G124: =+E124-F124-H124 -> 0 | I124: 60 | J124: =+I124*H124 -> 0 | K124: - | L124: 0 | M124: =SUM(J124-L124) -> 0
...

Sheet 2
A2: บูธ หน้ามอ (ม.เกษตร) วันที่ 1-31 ก.ค. 67 | O2: สินค้า SALE
A3: ลำดับ | B3: รายการ | C3: ยกมา | D3: รับ | E3: รวม | F3: เปลี่ยน/ | G3: คงเหลือ | H3: รายการขาย | K3: หมายเหตุ | L3: ส่วนลด | O3: ลำดับ | P3: รายการ | Q3: ยกมา | R3: รับ | S3: รวม | T3: เปลี่ยน/ | U3: คงเหลือ | V3: รายการขาย | Y3: หมายเหตุ | Z3: ส่วนลด
F4: คืน/เสีย | H4: จำนวน | I4: @ | J4: เป็นเงิน | T4: คืน/เสีย | V4: จำนวน | W4: @ | X4: เป็นเงิน
A5: 1 | B5: ชิฟฟ่อน (ล) 4 ชิ้น (กล่อมชมพู) | C5: =+'1'!G5 -> 13 | D5: 0 | E5: =C5+D5 -> 13 | F5: 0 | G5: =+E5-F5-H5 -> 13 | I5: 50 | J5: =+I5*H5 -> 0 | K5: - | L5: 0 | M5: =SUM(J5-L5) -> 0 | O5: 1 | Q5: 0 | R5: 0 | S5: =Q5+R5 -> 0 | T5: 0 | U5: =S5-T5-V5 -> 0 | V5: 0 | X5: =V5*W5 -> 0 | Y5: - | Z5: 0
A6: 2 | B6: ชิฟฟ่อน (ญ) 8 ชิ้น (กล่องชมพู) | C6: =+'1'!G6 -> 4 | D6: 15 | E6: =C6+D6 -> 19 | F6: 0 | G6: =+E6-F6-H6 -> 18 | H6: 1 | I6: 100 | J6: =+I6*H6 -> 100 | K6: - | L6: 0 | M6: =SUM(J6-L6) -> 100 | O6: 2 | Q6: 0 | R6: 0 | S6: =Q6+R6 -> 0 | T6: 0 | U6: =S6-T6-V6 -> 0 | V6: 0 | X6: =V6*W6 -> 0 | Y6: - | Z6: 0
A7: 3 | B7: ชิฟฟ่อน (ล) กาแฟ | C7: =+'1'!G7 -> 0 | D7: 0 | E7: =C7+D7 -> 0 | F7: 0 | G7: =+E7-F7-H7 -> 0 | I7: 50 | J7: =+I7*H7 -> 0 | K7: - | L7: 0 | M7: =SUM(J7-L7) -> 0 | O7: 3 | Q7: 0 | R7: 0 | S7: =Q7+R7 -> 0 | T7: 0 | U7: =S7-T7-V7 -> 0 | V7: 0 | X7: =V7*W7 -> 0 | Y7: - | Z7: 0
A8: 4 | B8: ชิฟฟ่อน (ญ) กาแฟ | C8: =+'1'!G8 -> 0 | D8: 0 | E8: =C8+D8 -> 0 | F8: 0 | G8: =+E8-F8-H8 -> 0 | I8: 100 | J8: =+I8*H8 -> 0 | K8: - | L8: 0 | M8: =SUM(J8-L8) -> 0 | O8: 4 | Q8: 0 | R8: 0 | S8: =Q8+R8 -> 0 | T8: 0 | U8: =S8-T8-V8 -> 0 | V8: 0 | X8: =V8*W8 -> 0 | Y8: - | Z8: 0
A9: 5 | B9: ชิฟฟ่อนเค้ก 1 ชิ้น | C9: =+'1'!G9 -> 0 | D9: 0 | E9: =C9+D9 -> 0 | F9: 0 | G9: =+E9-F9-H9 -> 0 | I9: 12 | J9: =+I9*H9 -> 0 | K9: - | L9: 0 | M9: =SUM(J9-L9) -> 0 | O9: 5 | Q9: 0 | R9: 0 | S9: =Q9+R9 -> 0 | T9: 0 | U9: =S9-T9-V9 -> 0 | V9: 0 | X9: =V9*W9 -> 0 | Y9: - | Z9: 0
A10: 6 | B10: ชิฟฟ่อนเค้กสอดไส้แยม 1 ชิ้น | C10: =+'1'!G10 -> 0 | D10: 0 | E10: =C10+D10 -> 0 | F10: 0 | G10: =+E10-F10-H10 -> 0 | I10: 15 | J10: =+I10*H10 -> 0 | K10: - | L10: 0 | M10: =SUM(J10-L10) -> 0 | O10: 6 | Q10: 0 | R10: 0 | S10: =Q10+R10 -> 0 | T10: 0 | U10: =S10-T10-V10 -> 0 | V10: 0 | X10: =V10*W10 -> 0 | Y10: - | Z10: 0
A11: 7 | B11: ชิฟฟ่อน สอดไส้ (ล) 2 ชิ้น ครีมมะพร้าว | C11: =+'1'!G11 -> 0 | D11: 0 | E11: =C11+D11 -> 0 | F11: 0 | G11: =+E11-F11-H11 -> 0 | I11: 50 | J11: =+I11*H11 -> 0 | K11: - | L11: 0 | M11: =SUM(J11-L11) -> 0 | O11: 7 | Q11: 0 | R11: 0 | S11: =Q11+R11 -> 0 | T11: 0 | U11: =S11-T11-V11 -> 0 | V11: 0 | X11: =V11*W11 -> 0 | Y11: - | Z11: 0
A12: 8 | B12: ชิฟฟ่อน สอดไส้ (ล) 3 ชิ้น รวมรส | C12: =+'1'!G12 -> 10 | D12: 0 | E12: =C12+D12 -> 10 | F12: 0 | G12: =+E12-F12-H12 -> 10 | I12: 50 | J12: =+I12*H12 -> 0 | K12: - | L12: 0 | M12: =SUM(J12-L12) -> 0 | O12: 8 | Q12: 0 | R12: 0 | S12: =Q12+R12 -> 0 | T12: 0 | U12: =S12-T12-V12 -> 0 | V12: 0 | X12: =V12*W12 -> 0 | Y12: - | Z12: 0
A13: 9 | B13: ชิฟฟ่อน สอดไส้ (ล) 3 ชิ้น กาแฟ | C13: =+'1'!G13 -> 0 | D13: 0 | E13: =C13+D13 -> 0 | F13: 0 | G13: =+E13-F13-H13 -> 0 | I13: 50 | J13: =+I13*H13 -> 0 | K13: - | L13: 0 | M13: =SUM(J13-L13) -> 0 | O13: 9 | Q13: 0 | R13: 0 | S13: =Q13+R13 -> 0 | T13: 0 | U13: =S13-T13-V13 -> 0 | V13: 0 | X13: =V13*W13 -> 0 | Y13: - | Z13: 0
A14: 10 | B14: ชิฟฟ่อน สอดไส้ (ล) 3 ชิ้น แยมส้ม (ฝอยทอง) | C14: =+'1'!G14 -> 0 | D14: 0 | E14: =C14+D14 -> 0 | F14: 0 | G14: =+E14-F14-H14 -> 0 | I14: 50 | J14: =+I14*H14 -> 0 | K14: - | L14: 0 | M14: =SUM(J14-L14) -> 0 | O14: 11
A15: 11 | B15: ชิฟฟ่อน สอดไส้ (ล) 3 ชิ้น บลูเบอรี่ | C15: =+'1'!G15 -> 0 | D15: 0 | E15: =C15+D15 -> 0 | F15: 0 | G15: =+E15-F15-H15 -> 0 | I15: 50 | J15: =+I15*H15 -> 0 | K15: - | L15: 0 | M15: =SUM(J15-L15) -> 0 | O15: 12
A16: 12 | B16: ชิฟฟ่อน สอดไส้ (ล) 3 ชิ้น ฝอยทอง | C16: =+'1'!G16 -> 0 | D16: 0 | E16: =C16+D16 -> 0 | F16: 0 | G16: =+E16-F16-H16 -> 0 | I16: 50 | J16: =+I16*H16 -> 0 | K16: - | L16: 0 | M16: =SUM(J16-L16) -> 0 | O16: 13
A17: 13 | B17: ชิฟฟ่อน สอดไส้ (ล) 3 ชิ้น แยมสตรอเบอรี่ | C17: =+'1'!G17 -> 0 | D17: 0 | E17: =C17+D17 -> 0 | F17: 0 | G17: =+E17-F17-H17 -> 0 | I17: 50 | J17: =+I17*H17 -> 0 | K17: - | L17: 0 | M17: =SUM(J17-L17) -> 0 | O17: 14
A18: 14 | B18: ชิฟฟ่อน สอดไส้ (ล) 3 ชิ้น เนยมพะร้าว | C18: =+'1'!G18 -> 2 | D18: 0 | E18: =C18+D18 -> 2 | F18: 0 | G18: =+E18-F18-H18 -> 2 | I18: 50 | J18: =+I18*H18 -> 0 | K18: - | L18: 0 | M18: =SUM(J18-L18) -> 0 | O18: 15
A19: 15 | B19: ชิฟฟ่อน สอดไส้ (ล) 3 ชิ้น นมชมพู | C19: =+'1'!G19 -> 0 | D19: 0 | E19: =C19+D19 -> 0 | F19: 0 | G19: =+E19-F19-H19 -> 0 | I19: 50 | J19: =+I19*H19 -> 0 | K19: - | L19: 0 | M19: =SUM(J19-L19) -> 0 | O19: 16
A20: 16 | B20: ชิฟฟ่อน สอดไส้ (ล) 3 ชิ้น ช็อคโกแลต | C20: =+'1'!G20 -> 0 | D20: 0 | E20: =C20+D20 -> 0 | F20: 0 | G20: =+E20-F20-H20 -> 0 | I20: 50 | J20: =+I20*H20 -> 0 | K20: - | L20: 0 | M20: =SUM(J20-L20) -> 0 | O20: 17
A21: 17 | B21: ชิฟฟ่อน สอดไส้ (ล) 4 ชิ้น กาแฟ | C21: =+'1'!G21 -> 0 | D21: 0 | E21: =C21+D21 -> 0 | F21: 0 | G21: =+E21-F21-H21 -> 0 | I21: 60 | J21: =+I21*H21 -> 0 | K21: - | L21: 0 | M21: =SUM(J21-L21) -> 0
A22: 18 | B22: ชิฟฟ่อน สอดไส้ (ล) 4 ชิ้น ครีมมะพร้าว | C22: =+'1'!G22 -> 3 | D22: 0 | E22: =C22+D22 -> 3 | F22: 0 | G22: =+E22-F22-H22 -> 3 | I22: 65 | J22: =+I22*H22 -> 0 | K22: - | L22: 0 | M22: =SUM(J22-L22) -> 0 | O22: 10 | Q22: 0 | R22: 0 | S22: =Q22+R22 -> 0 | T22: 0 | U22: =S22-T22-V22 -> 0 | V22: 0 | X22: =V22*W22 -> 0 | Y22: - | Z22: 0
A23: 19 | B23: ชิฟฟ่อน สอดไส้ (ก) 5 ชิ้น | C23: =+'1'!G23 -> 0 | D23: 0 | E23: =C23+D23 -> 0 | F23: 0 | G23: =+E23-F23-H23 -> 0 | I23: 85 | J23: =+I23*H23 -> 0 | K23: - | L23: 0 | M23: =SUM(J23-L23) -> 0 | O23: 18
A24: 20 | B24: ชิฟฟ่อน สอดไส้ 6 ชิ้น รวมรส | C24: =+'1'!G24 -> 15 | D24: 3 | E24: =C24+D24 -> 18 | F24: 0 | G24: =+E24-F24-H24 -> 18 | I24: 100 | J24: =+I24*H24 -> 0 | K24: - | L24: 0 | M24: =SUM(J24-L24) -> 0 | O24: 19
A25: 21 | B25: ชิฟฟ่อน สอดไส้ 6 ชิ้น ฝอยทอง | C25: =+'1'!G25 -> 0 | D25: 0 | E25: =C25+D25 -> 0 | F25: 0 | G25: =+E25-F25-H25 -> 0 | I25: 100 | J25: =+I25*H25 -> 0 | K25: - | L25: 0 | M25: =SUM(J25-L25) -> 0 | O25: 20
A26: 22 | B26: ชิฟฟ่อน สอดไส้ 6 ชิ้น ทูโทน | C26: =+'1'!G26 -> 0 | D26: 0 | E26: =C26+D26 -> 0 | F26: 0 | G26: =+E26-F26-H26 -> 0 | I26: 100 | J26: =+I26*H26 -> 0 | K26: - | L26: 0 | M26: =SUM(J26-L26) -> 0 | O26: 21
A27: 23 | B27: ชิฟฟ่อน สอดไส้ 6 ชิ้น นมชมพู | C27: =+'1'!G27 -> 2 | D27: 2 | E27: =C27+D27 -> 4 | F27: 0 | G27: =+E27-F27-H27 -> 3 | H27: 1 | I27: 100 | J27: =+I27*H27 -> 100 | K27: ลด 50 % | L27: 50 | M27: =SUM(J27-L27) -> 50 | O27: 22
A28: 24 | B28: ชิฟฟ่อน สอดไส้ 6 ชิ้น บลูเบอรี่ | C28: =+'1'!G28 -> 0 | D28: 0 | E28: =C28+D28 -> 0 | F28: 0 | G28: =+E28-F28-H28 -> 0 | I28: 100 | J28: =+I28*H28 -> 0 | K28: - | L28: 0 | M28: =SUM(J28-L28) -> 0 | O28: 23
A29: 25 | B29: ชิฟฟ่อน สอดไส้ 6 ชิ้น ช็อคโกแลต | C29: =+'1'!G29 -> 0 | D29: 0 | E29: =C29+D29 -> 0 | F29: 0 | G29: =+E29-F29-H29 -> 0 | I29: 100 | J29: =+I29*H29 -> 0 | K29: - | L29: 0 | M29: =SUM(J29-L29) -> 0 | O29: 24
A30: 26 | B30: ชิฟฟ่อน สอดไส้ 6 ชิ้น มะพร้าว | C30: =+'1'!G30 -> 1 | D30: 0 | E30: =C30+D30 -> 1 | F30: 0 | G30: =+E30-F30-H30 -> 1 | I30: 100 | J30: =+I30*H30 -> 0 | K30: - | L30: 0 | M30: =SUM(J30-L30) -> 0 | O30: 25
A31: 27 | B31: ชิฟฟ่อน สอดไส้ 6 ชิ้น ส้ม | C31: =+'1'!G31 -> 0 | D31: 0 | E31: =C31+D31 -> 0 | F31: 0 | G31: =+E31-F31-H31 -> 0 | I31: 100 | J31: =+I31*H31 -> 0 | K31: - | L31: 0 | M31: =SUM(J31-L31) -> 0 | Z31: 0
A32: 28 | B32: ชิฟฟ่อนครีมมะพร้าว 120 g. (ชิ้น) | C32: =+'1'!G32 -> 0 | D32: 0 | E32: =C32+D32 -> 0 | F32: 0 | G32: =+E32-F32-H32 -> 0 | I32: 35 | J32: =+I32*H32 -> 0 | K32: - | L32: 0 | M32: =SUM(J32-L32) -> 0
A33: 29 | B33: ชิฟฟ่อน 8 ชิ้น มะลิ | C33: =+'1'!G33 -> 0 | D33: 0 | E33: =C33+D33 -> 0 | F33: 0 | G33: =+E33-F33-H33 -> 0 | I33: 100 | J33: =+I33*H33 -> 0 | K33: - | L33: 0 | M33: =SUM(J33-L33) -> 0
A34: 30 | B34: ชิฟฟ่อนรวมรส ยอดฮิต 8 ชิ้น | C34: =+'1'!G34 -> 8 | D34: 0 | E34: =C34+D34 -> 8 | F34: 0 | G34: =+E34-F34-H34 -> 8 | I34: 100 | J34: =+I34*H34 -> 0 | K34: - | L34: 0 | M34: =SUM(J34-L34) -> 0
A35: 31 | B35: ชิฟฟ่อน สอดไส้ (ญ) 8 ชิ้น รวมรส | C35: =+'1'!G35 -> 0 | D35: 0 | E35: =C35+D35 -> 0 | F35: 0 | G35: =+E35-F35-H35 -> 0 | I35: 130 | J35: =+I35*H35 -> 0 | K35: - | L35: 0 | M35: =SUM(J35-L35) -> 0
A36: 32 | B36: ชิฟฟ่อน สอดไส้ (ญ) 8 ชิ้น มะพร้าว | C36: =+'1'!G36 -> 2 | D36: 0 | E36: =C36+D36 -> 2 | F36: 0 | G36: =+E36-F36-H36 -> 0 | H36: 2 | I36: 130 | J36: =+I36*H36 -> 260 | K36: - | L36: 0 | M36: =SUM(J36-L36) -> 260
A37: 33 | B37: ชิฟฟ่อน สอดไส้ (ญ) 8 ชิ้น ใบเตย | C37: =+'1'!G37 -> 0 | D37: 0 | E37: =C37+D37 -> 0 | F37: 0 | G37: =+E37-F37-H37 -> 0 | I37: 130 | J37: =+I37*H37 -> 0 | K37: - | L37: 0 | M37: =SUM(J37-L37) -> 0 | P37: รวม | X37: =SUM(X5:X30) -> 0
A38: 34 | B38: ชิฟฟ่อน สอดไส้ (ญ) 8 ชิ้น ทูโทนใบเตย | C38: =+'1'!G38 -> 1 | D38: 0 | E38: =C38+D38 -> 1 | F38: 0 | G38: =+E38-F38-H38 -> 1 | I38: 130 | J38: =+I38*H38 -> 0 | K38: - | L38: 0 | M38: =SUM(J38-L38) -> 0
A39: 35 | B39: ชิฟฟอนหม้อแกง | C39: =+'1'!G39 -> 0 | D39: 0 | E39: =C39+D39 -> 0 | F39: 0 | G39: =+E39-F39-H39 -> 0 | I39: 40 | J39: =+I39*H39 -> 0 | K39: - | L39: 0 | M39: =SUM(J39-L39) -> 0
A40: 36 | B40: ครีมฮอร์น วนิลา | C40: =+'1'!G40 -> 1 | D40: 3 | E40: =C40+D40 -> 4 | F40: 0 | G40: =+E40-F40-H40 -> 3 | H40: 1 | I40: 50 | J40: =+I40*H40 -> 50 | K40: - | L40: 0 | M40: =SUM(J40-L40) -> 50
A41: 37 | B41: ครีมฮอร์น ใบเตย | C41: =+'1'!G41 -> 3 | D41: 0 | E41: =C41+D41 -> 3 | F41: 0 | G41: =+E41-F41-H41 -> 3 | I41: 50 | J41: =+I41*H41 -> 0 | K41: - | L41: 0 | M41: =SUM(J41-L41) -> 0
A42: 38 | B42: ครีมฮอร์น ช็อคโกแลต | C42: =+'1'!G42 -> 4 | D42: 0 | E42: =C42+D42 -> 4 | F42: 0 | G42: =+E42-F42-H42 -> 4 | I42: 50 | J42: =+I42*H42 -> 0 | K42: - | L42: 0 | M42: =SUM(J42-L42) -> 0
A43: 39 | B43: ครีมฮอร์นชาไทย | C43: =+'1'!G43 -> 10 | D43: 0 | E43: =C43+D43 -> 10 | F43: 0 | G43: =+E43-F43-H43 -> 5 | H43: 5 | I43: 25 | J43: =+I43*H43 -> 125 | K43: - | L43: 0 | M43: =SUM(J43-L43) -> 125
A44: 40 | B44: ครีมฮอร์นฝอยทอง วนิลา | C44: =+'1'!G44 -> 0 | D44: 0 | E44: =C44+D44 -> 0 | F44: 0 | G44: =+E44-F44-H44 -> 0 | I44: 65 | J44: =+I44*H44 -> 0 | K44: - | L44: 0 | M44: =SUM(J44-L44) -> 0
A45: 41 | B45: ครีมฮอร์นฝอยทอง ใบเตย | C45: =+'1'!G45 -> 0 | D45: 0 | E45: =C45+D45 -> 0 | F45: 0 | G45: =+E45-F45-H45 -> 0 | I45: 65 | J45: =+I45*H45 -> 0 | K45: - | L45: 0 | M45: =SUM(J45-L45) -> 0
A46: 42 | B46: เบาหวิวมะพร้าว (100g) | C46: =+'1'!G46 -> 0 | D46: 0 | E46: =C46+D46 -> 0 | F46: 0 | G46: =+E46-F46-H46 -> 0 | I46: 35 | J46: =+I46*H46 -> 0 | K46: - | L46: 0 | M46: =SUM(J46-L46) -> 0
A47: 43 | B47: เบาหวิว (ล) ใหม่ รสกล้วยหอมมะพร้าวเผา | C47: =+'1'!G47 -> 1 | D47: 0 | E47: =C47+D47 -> 1 | F47: 0 | G47: =+E47-F47-H47 -> 1 | I47: 50 | J47: =+I47*H47 -> 0 | K47: - | L47: 0 | M47: =SUM(J47-L47) -> 0
A48: 44 | B48: เบาหวิว (ล) ใหม่ เผือกมะพร้าว | C48: =+'1'!G48 -> 1 | D48: 0 | E48: =C48+D48 -> 1 | F48: 0 | G48: =+E48-F48-H48 -> 1 | I48: 50 | J48: =+I48*H48 -> 0 | K48: - | L48: 0 | M48: =SUM(J48-L48) -> 0
A49: 45 | B49: เบาหวิว (ล) ใหม่ กาแฟ | C49: =+'1'!G49 -> 0 | D49: 0 | E49: =C49+D49 -> 0 | F49: 0 | G49: =+E49-F49-H49 -> 0 | I49: 50 | J49: =+I49*H49 -> 0 | K49: - | L49: 0 | M49: =SUM(J49-L49) -> 0
A50: 46 | B50: เบาหวิว (ล) ใหม่ เนยนม | C50: =+'1'!G50 -> 7 | D50: 0 | E50: =C50+D50 -> 7 | F50: 0 | G50: =+E50-F50-H50 -> 7 | I50: 50 | J50: =+I50*H50 -> 0 | K50: - | L50: 0 | M50: =SUM(J50-L50) -> 0
A51: 47 | B51: เบาหวิว (ล) ใหม่ ใบเตย | C51: =+'1'!G51 -> 0 | D51: 0 | E51: =C51+D51 -> 0 | F51: 0 | G51: =+E51-F51-H51 -> 0 | I51: 50 | J51: =+I51*H51 -> 0 | K51: - | L51: 0 | M51: =SUM(J51-L51) -> 0
A52: 48 | B52: เบาหวิว (ล) ใหม่ มะพร้าว | C52: =+'1'!G52 -> 5 | D52: 0 | E52: =C52+D52 -> 5 | F52: 0 | G52: =+E52-F52-H52 -> 5 | I52: 50 | J52: =+I52*H52 -> 0 | K52: - | L52: 0 | M52: =SUM(J52-L52) -> 0
A53: 49 | B53: เบาหวิว (ล) ใหม่ ฝอยทอง | C53: =+'1'!G53 -> 11 | D53: 0 | E53: =C53+D53 -> 11 | F53: 0 | G53: =+E53-F53-H53 -> 11 | I53: 50 | J53: =+I53*H53 -> 0 | K53: - | L53: 0 | M53: =SUM(J53-L53) -> 0
A54: 50 | B54: เบาหวิว (ล) ใหม่ ทุเรียน | C54: =+'1'!G54 -> 6 | D54: 0 | E54: =C54+D54 -> 6 | F54: 0 | G54: =+E54-F54-H54 -> 6 | I54: 50 | J54: =+I54*H54 -> 0 | K54: - | L54: 0 | M54: =SUM(J54-L54) -> 0
A55: 51 | B55: เบาหวิว (ล) ใหม่ ลูกตาล | C55: =+'1'!G55 -> 3 | D55: 0 | E55: =C55+D55 -> 3 | F55: 0 | G55: =+E55-F55-H55 -> 3 | I55: 50 | J55: =+I55*H55 -> 0 | K55: - | L55: 0 | M55: =SUM(J55-L55) -> 0
... A64: 60 | B64: เบาหวิว (ญ) ใหม่ รสลูกตาล | C64: =+'1'!G64 -> 0 | D64: 0 | E64: =C64+D64 -> 0 | F64: 0 | G64: =+E64-F64-H64 -> 0 | I64: 120 | J64: =+I64*H64 -> 0 | K64: - | L64: 0 | M64: =SUM(J64-L64) -> 0
A65: 61 | B65: โบราณ 4 ชิ้น รวมรส | C65: =+'1'!G65 -> 4 | D65: 0 | E65: =C65+D65 -> 4 | F65: 0 | G65: =+E65-F65-H65 -> 3 | H65: 1 | I65: 50 | J65: =+I65*H65 -> 50 | K65: - | L65: 0 | M65: =SUM(J65-L65) -> 50
A66: 62 | B66: โบราณครีม 4 ชิ้น วรรณวนัช | C66: =+'1'!G66 -> 6 | D66: 0 | E66: =C66+D66 -> 6 | F66: 0 | G66: =+E66-F66-H66 -> 6 | I66: 50 | J66: =+I66*H66 -> 0 | K66: - | L66: 0 | M66: =SUM(J66-L66) -> 0
A67: 63 | B67: โบราณผลไม้ 4 ชิ้น วรรณวนัช | C67: =+'1'!G67 -> 7 | D67: 0 | E67: =C67+D67 -> 7 | F67: 0 | G67: =+E67-F67-H67 -> 6 | H67: 1 | I67: 50 | J67: =+I67*H67 -> 50 | K67: - | L67: 0 | M67: =SUM(J67-L67) -> 50
A68: 64 | B68: โบราณ 4 ชิ้น คริสมาศ | C68: =+'1'!G68 -> 0 | D68: 0 | E68: =C68+D68 -> 0 | F68: 0 | G68: =+E68-F68-H68 -> 0 | I68: 60 | J68: =+I68*H68 -> 0 | K68: - | L68: 0 | M68: =SUM(J68-L68) -> 0
A69: 65 | B69: โบราณ 4 ชิ้น กล่องแดง (แบบกลม) | C69: =+'1'!G69 -> 0 | D69: 0 | E69: =C69+D69 -> 0 | F69: 0 | G69: =+E69-F69-H69 -> 0 | I69: 30 | J69: =+I69*H69 -> 0 | K69: - | L69: 0 | M69: =SUM(J69-L69) -> 0
A70: 66 | B70: โบราณครีม 6 ชิ้น | C70: =+'1'!G70 -> 0 | D70: 0 | E70: =C70+D70 -> 0 | F70: 0 | G70: =+E70-F70-H70 -> 0 | I70: 70 | J70: =+I70*H70 -> 0 | K70: - | L70: 0 | M70: =SUM(J70-L70) -> 0
A71: 67 | B71: โบราณผลไม้ 6 ชิ้น | C71: =+'1'!G71 -> 0 | D71: 0 | E71: =C71+D71 -> 0 | F71: 0 | G71: =+E71-F71-H71 -> 0 | I71: 80 | J71: =+I71*H71 -> 0 | K71: - | L71: 0 | M71: =SUM(J71-L71) -> 0
A72: 68 | B72: โบราณ 12 ชิ้น รวมรส | C72: =+'1'!G72 -> 0 | D72: 0 | E72: =C72+D72 -> 0 | F72: 0 | G72: =+E72-F72-H72 -> 0 | I72: 150 | J72: =+I72*H72 -> 0 | K72: - | L72: 0 | M72: =SUM(J72-L72) -> 0
A73: 69 | B73: โบราณ 12 ชิ้น ครีม | C73: =+'1'!G73 -> 0 | D73: 0 | E73: =C73+D73 -> 0 | F73: 0 | G73: =+E73-F73-H73 -> 0 | I73: 150 | J73: =+I73*H73 -> 0 | K73: - | L73: 0 | M73: =SUM(J73-L73) -> 0
A74: 70 | B74: โบราณ 12 ชิ้น ผลไม้ | C74: =+'1'!G74 -> 0 | D74: 0 | E74: =C74+D74 -> 0 | F74: 0 | G74: =+E74-F74-H74 -> 0 | I74: 150 | J74: =+I74*H74 -> 0 | K74: - | L74: 0 | M74: =SUM(J74-L74) -> 0
A75: 71 | B75: เค้กโบราณ ครีม 2 ชิ้น | C75: =+'1'!G75 -> 0 | D75: 0 | E75: =C75+D75 -> 0 | F75: 0 | G75: =+E75-F75-H75 -> 0 | I75: 30 | J75: =+I75*H75 -> 0 | K75: - | L75: 0 | M75: =SUM(J75-L75) -> 0
A76: 72 | B76: เค้กโบราณ ผลไม้ 2 ชิ้น | C76: =+'1'!G76 -> 0 | D76: 0 | E76: =C76+D76 -> 0 | F76: 0 | G76: =+E76-F76-H76 -> 0 | I76: 30 | J76: =+I76*H76 -> 0 | K76: - | L76: 0 | M76: =SUM(J76-L76) -> 0
A77: 73 | B77: พายสับปะรด 1 กล่อง | C77: =+'1'!G77 -> 18 | D77: 0 | E77: =C77+D77 -> 18 | F77: 0 | G77: =+E77-F77-H77 -> 17 | H77: 1 | I77: 50 | J77: =+I77*H77 -> 50 | K77: เคลมให้ลูกค้า | L77: 50 | M77: =SUM(J77-L77) -> 0
A78: 74 | B78: ลาวา ทูโทน (ล) | C78: =+'1'!G78 -> 1 | D78: 0 | E78: =C78+D78 -> 1 | F78: 0 | G78: =+E78-F78-H78 -> 1 | I78: 50 | J78: =+I78*H78 -> 0 | K78: - | L78: 0 | M78: =SUM(J78-L78) -> 0
A79: 75 | B79: ลาวา ทูโทน (ญ) | C79: =+'1'!G79 -> 0 | D79: 0 | E79: =C79+D79 -> 0 | F79: 0 | G79: =+E79-F79-H79 -> 0 | I79: 120 | J79: =+I79*H79 -> 0 | K79: - | L79: 0 | M79: =SUM(J79-L79) -> 0
A80: 76 | B80: ลาวา ฝอยทอง ทูโทน ญ | C80: =+'1'!G80 -> 0 | D80: 0 | E80: =C80+D80 -> 0 | F80: 0 | G80: =+E80-F80-H80 -> 0 | I80: 120 | J80: =+I80*H80 -> 0 | K80: - | L80: 0 | M80: =SUM(J80-L80) -> 0
A81: 77 | B81: เอแคลร์ | C81: =+'1'!G81 -> 0 | D81: 1 | E81: =C81+D81 -> 1 | F81: 0 | G81: =+E81-F81-H81 -> 0 | H81: 1 | I81: 50 | J81: =+I81*H81 -> 50 | K81: - | L81: 0 | M81: =SUM(J81-L81) -> 50
A82: 78 | B82: เอแคลร์ไข่เค็ม 6 ชิ้น | C82: =+'1'!G82 -> 0 | D82: 0 | E82: =C82+D82 -> 0 | F82: 0 | G82: =+E82-F82-H82 -> 0 | I82: 50 | J82: =+I82*H82 -> 0 | K82: - | L82: 0 | M82: =SUM(J82-L82) -> 0
A83: 79 | B83: เอแครล์คิทแคท | C83: =+'1'!G83 -> 5 | D83: 0 | E83: =C83+D83 -> 5 | F83: 0 | G83: =+E83-F83-H83 -> 5 | I83: 45 | J83: =+I83*H83 -> 0 | K83: - | L83: 0 | M83: =SUM(J83-L83) -> 0
A84: 80 | B84: เค้กช็อคหน้านิ่ม | C84: =+'1'!G84 -> 5 | D84: 0 | E84: =C84+D84 -> 5 | F84: 0 | G84: =+E84-F84-H84 -> 5 | I84: 55 | J84: =+I84*H84 -> 0 | K84: - | L84: 0 | M84: =SUM(J84-L84) -> 0
A85: 81 | B85: เค้กมะพร้าวหน้านิ่ม | C85: =+'1'!G85 -> 5 | D85: 0 | E85: =C85+D85 -> 5 | F85: 0 | G85: =+E85-F85-H85 -> 5 | I85: 55 | J85: =+I85*H85 -> 0 | K85: - | L85: 0 | M85: =SUM(J85-L85) -> 0
A86: 82 | B86: เค้กเนยสดหน้านิ่ม | C86: =+'1'!G86 -> 0 | D86: 0 | E86: =C86+D86 -> 0 | F86: 0 | G86: =+E86-F86-H86 -> 0 | I86: 55 | J86: =+I86*H86 -> 0 | K86: - | L86: 0 | M86: =SUM(J86-L86) -> 0
A87: 83 | B87: เค้กส้มหน้านิ่ม | C87: =+'1'!G87 -> 0 | D87: 0 | E87: =C87+D87 -> 0 | F87: 0 | G87: =+E87-F87-H87 -> 0 | I87: 55 | J87: =+I87*H87 -> 0 | K87: - | L87: 0 | M87: =SUM(J87-L87) -> 0
A88: 84 | B88: เค้กลอดช่อง | C88: =+'1'!G88 -> 29 | D88: 0 | E88: =C88+D88 -> 29 | F88: 0 | G88: =+E88-F88-H88 -> 29 | I88: 35 | J88: =+I88*H88 -> 0 | K88: - | L88: 0 | M88: =SUM(J88-L88) -> 0
A89: 85 | B89: เค้กลอดช่องกล่องกลม | C89: =+'1'!G89 -> 0 | D89: 0 | E89: =C89+D89 -> 0 | F89: 0 | G89: =+E89-F89-H89 -> 0 | I89: 120 | J89: =+I89*H89 -> 0 | K89: - | L89: 0 | M89: =SUM(J89-L89) -> 0
A90: 86 | B90: เค้กแยมโรลวรรณวนัช | C90: =+'1'!G90 -> 0 | D90: 0 | E90: =C90+D90 -> 0 | F90: 0 | G90: =+E90-F90-H90 -> 0 | I90: 40 | J90: =+I90*H90 -> 0 | K90: - | L90: 0 | M90: =SUM(J90-L90) -> 0
A91: 87 | B91: เค้กสามเหลี่ยม มะพร้าว | C91: =+'1'!G91 -> 0 | D91: 0 | E91: =C91+D91 -> 0 | F91: 0 | G91: =+E91-F91-H91 -> 0 | I91: 35 | J91: =+I91*H91 -> 0 | K91: - | L91: 0 | M91: =SUM(J91-L91) -> 0
A92: 88 | B92: เค้กสามเหลี่ยม สตอเบอรี่ | C92: =+'1'!G92 -> 0 | D92: 0 | E92: =C92+D92 -> 0 | F92: 0 | G92: =+E92-F92-H92 -> 0 | I92: 35 | J92: =+I92*H92 -> 0 | K92: - | L92: 0 | M92: =SUM(J92-L92) -> 0
A93: 89 | B93: เค้กสามเหลี่ยม บลูเบอรี่ | C93: =+'1'!G93 -> 0 | D93: 0 | E93: =C93+D93 -> 0 | F93: 0 | G93: =+E93-F93-H93 -> 0 | I93: 35 | J93: =+I93*H93 -> 0 | K93: - | L93: 0 | M93: =SUM(J93-L93) -> 0
... A95: 91 | B95: เค้กสามเหลี่ยม รสช็อกโกโอริโอ้ | C95: =+'1'!G95 -> 0 | D95: 0 | E95: =C95+D95 -> 0 | F95: 0 | G95: =+E95-F95-H95 -> 0 | I95: 35 | J95: =+I95*H95 -> 0 | K95: - | L95: 0 | M95: =SUM(J95-L95) -> 0
A96: 92 | B96: เค้กสามเหลี่ยม รสฝอยทองใบเตย | C96: =+'1'!G96 -> 0 | D96: 5 | E96: =C96+D96 -> 5 | F96: 0 | G96: =+E96-F96-H96 -> 5 | I96: 60 | J96: =+I96*H96 -> 0 | K96: - | M96: =SUM(J96-L96) -> 0
A97: 93 | B97: เค้กสามเหลี่ยม รสส้ม | C97: =+'1'!G97 -> 0 | D97: 7 | E97: =C97+D97 -> 7 | F97: 0 | G97: =+E97-F97-H97 -> 7 | I97: 60 | J97: =+I97*H97 -> 0 | K97: - | L97: 0 | M97: =SUM(J97-L97) -> 0
A98: 94 | B98: เค้กมะพร้าว 1/2 ปอนด์ | C98: =+'1'!G98 -> 5 | D98: 0 | E98: =C98+D98 -> 5 | F98: 0 | G98: =+E98-F98-H98 -> 3 | H98: 2 | I98: 120 | J98: =+I98*H98 -> 240 | K98: - | L98: 0 | M98: =SUM(J98-L98) -> 240
A99: 95 | B99: เค้กมะพร้าว 1 ปอนด์ | C99: =+'1'!G99 -> 4 | D99: 0 | E99: =C99+D99 -> 4 | F99: 0 | G99: =+E99-F99-H99 -> 4 | I99: 250 | J99: =+I99*H99 -> 0 | K99: - | L99: 0 | M99: =SUM(J99-L99) -> 0
A100: 96 | B100: เค้กสตรอว์เบอร์รี่ 1/2 ปอนด์ | C100: =+'1'!G100 -> 0 | D100: 0 | E100: =C100+D100 -> 0 | F100: 0 | G100: =+E100-F100-H100 -> 0 | I100: 120 | J100: =+I100*H100 -> 0 | K100: - | L100: 0 | M100: =SUM(J100-L100) -> 0
A101: 97 | B101: เค้กโอริโอ้ 1/2 ปอนด์ | C101: =+'1'!G101 -> 0 | D101: 0 | E101: =C101+D101 -> 0 | F101: 0 | G101: =+E101-F101-H101 -> 0 | I101: 120 | J101: =+I101*H101 -> 0 | K101: - | L101: 0 | M101: =SUM(J101-L101) -> 0
A102: 98 | B102: เค้กส้ม 1/2 ปอนด์ | C102: =+'1'!G102 -> 0 | D102: 0 | E102: =C102+D102 -> 0 | F102: 0 | G102: =+E102-F102-H102 -> 0 | I102: 120 | J102: =+I102*H102 -> 0 | K102: - | L102: 0 | M102: =SUM(J102-L102) -> 0
A103: 99 | B103: เค้กส้ม | C103: =+'1'!G103 -> 0 | D103: 0 | E103: =C103+D103 -> 0 | F103: 0 | G103: =+E103-F103-H103 -> 0 | I103: 50 | J103: =+I103*H103 -> 0 | K103: - | L103: 0 | M103: =SUM(J103-L103) -> 0
A104: 100 | B104: ซอฟท์เค้กฝอยทอง (ระบาย) | C104: =+'1'!G104 -> 0 | D104: 0 | E104: =C104+D104 -> 0 | F104: 0 | G104: =+E104-F104-H104 -> 0 | I104: 30 | J104: =+I104*H104 -> 0 | K104: - | L104: 0 | M104: =SUM(J104-L104) -> 0
A105: 101 | B105: ซอฟท์เค้กครีมสด (ระบาย) | C105: =+'1'!G105 -> 0 | D105: 0 | E105: =C105+D105 -> 0 | F105: 0 | G105: =+E105-F105-H105 -> 0 | I105: 30 | J105: =+I105*H105 -> 0 | K105: - | L105: 0 | M105: =SUM(J105-L105) -> 0
A106: 102 | B106: ท๊อฟฟี่ กระเช้า | C106: =+'1'!G106 -> 0 | D106: 0 | E106: =C106+D106 -> 0 | F106: 0 | G106: =+E106-F106-H106 -> 0 | I106: 100 | J106: =+I106*H106 -> 0 | K106: - | L106: 0 | M106: =SUM(J106-L106) -> 0
A107: 103 | B107: ท๊อฟฟี่ กล่อง | C107: =+'1'!G107 -> 6 | D107: 0 | E107: =C107+D107 -> 6 | F107: 0 | G107: =+E107-F107-H107 -> 4 | H107: 2 | I107: 55 | J107: =+I107*H107 -> 110 | K107: - | L107: 0 | M107: =SUM(J107-L107) -> 110
A108: 104 | B108: คอนเฟลก | C108: =+'1'!G108 -> 6 | D108: 0 | E108: =C108+D108 -> 6 | F108: 0 | G108: =+E108-F108-H108 -> 5 | H108: 1 | I108: 60 | J108: =+I108*H108 -> 60 | K108: - | L108: 0 | M108: =SUM(J108-L108) -> 60
A109: 105 | B109: เมอร์แรง | C109: =+'1'!G109 -> 10 | D109: 0 | E109: =C109+D109 -> 10 | F109: 0 | G109: =+E109-F109-H109 -> 10 | I109: 100 | J109: =+I109*H109 -> 0 | K109: - | L109: 0 | M109: =SUM(J109-L109) -> 0
A110: 106 | B110: เมอร์แรง กระปุก | C110: =+'1'!G110 -> 4 | D110: 0 | E110: =C110+D110 -> 4 | F110: 0 | G110: =+E110-F110-H110 -> 4 | I110: 55 | J110: =+I110*H110 -> 0 | K110: - | L110: 0 | M110: =SUM(J110-L110) -> 0
...

Sheet 3
A2: บูธ หน้ามอ (ม.เกษตร) วันที่ 1-31 ก.ค. 67 | O2: สินค้า SALE
A3: ลำดับ | B3: รายการ | C3: ยกมา | D3: รับ | E3: รวม | F3: เปลี่ยน/ | G3: คงเหลือ | H3: รายการขาย | K3: หมายเหตุ | L3: ส่วนลด | O3: ลำดับ | P3: รายการ | Q3: ยกมา | R3: รับ | S3: รวม | T3: เปลี่ยน/ | U3: คงเหลือ | V3: รายการขาย | Y3: หมายเหตุ | Z3: ส่วนลด
F4: คืน/เสีย | H4: จำนวน | I4: @ | J4: เป็นเงิน | T4: คืน/เสีย | V4: จำนวน | W4: @ | X4: เป็นเงิน
A5: 1 | B5: ชิฟฟ่อน (ล) 4 ชิ้น (กล่อมชมพู) | C5: =+'2'!G5 -> 13 | D5: 0 | E5: =C5+D5 -> 13 | F5: 0 | G5: =+E5-F5-H5 -> 13 | I5: 50 | J5: =+I5*H5 -> 0 | K5: - | L5: 0 | M5: =SUM(J5-L5) -> 0 | O5: 1 | Q5: 0 | R5: 0 | S5: =Q5+R5 -> 0 | T5: 0 | U5: =S5-T5-V5 -> 0 | V5: 0 | X5: =V5*W5 -> 0 | Y5: - | Z5: 0
A6: 2 | B6: ชิฟฟ่อน (ญ) 8 ชิ้น (กล่องชมพู) | C6: =+'2'!G6 -> 18 | D6: 0 | E6: =C6+D6 -> 18 | F6: 0 | G6: =+E6-F6-H6 -> 15 | H6: 3 | I6: 100 | J6: =+I6*H6 -> 300 | K6: - | L6: 0 | M6: =SUM(J6-L6) -> 300 | O6: 2 | Q6: 0 | R6: 0 | S6: =Q6+R6 -> 0 | T6: 0 | U6: =S6-T6-V6 -> 0 | V6: 0 | X6: =V6*W6 -> 0 | Y6: - | Z6: 0
A7: 3 | B7: ชิฟฟ่อน (ล) กาแฟ | C7: =+'2'!G7 -> 0 | D7: 0 | E7: =C7+D7 -> 0 | F7: 0 | G7: =+E7-F7-H7 -> 0 | I7: 50 | J7: =+I7*H7 -> 0 | K7: - | L7: 0 | M7: =SUM(J7-L7) -> 0 | O7: 3 | Q7: 0 | R7: 0 | S7: =Q7+R7 -> 0 | T7: 0 | U7: =S7-T7-V7 -> 0 | V7: 0 | X7: =V7*W7 -> 0 | Y7: - | Z7: 0
