Workbook

Sheet เย็น  
B1: ยอดจริง ออนไลน์ วันที่ 21/11/2567 - บ่าย
K2: ยอดรวมผลิต
K3: จำนวน
B4: รหัสสินค้า | C4: สินค้า | D4: ปณ | E4: ชอปปี้ | F4: ลาซาด้า | G4: ติ๊กตอก | H4: ติ๊กตอก2 | I4: ติ๊กตอก3 | J4: ชอยส์ | K4: (กล่อง)
B6: ชิฟฟอนรวมรส
B7: 1111002 | C7: ชิฟฟอนรวมรส 8 ชิ้น | K7: =SUM(D7:J7) -> 0
B8: 1111043 | C8: ชิฟฟอน 8 ชิ้น มะลิ | K8: =SUM(D8:J8) -> 0
B9: 1111056 | C9: ชิฟฟอน 8 ชิ้น รวมรสยอดฮิต | K9: =SUM(D9:J9) -> 0
B10: 1004055 | C10: ชิฟฟอนรวมรส 4 ชิ้น | K10: =SUM(D10:J10) -> 0
B11: 1111057 | C11: ชิฟฟอนแยกชิ้น กาแฟ | K11: =SUM(D11:J11) -> 0
B12: 1111058 | C12: ชิฟฟอนแยกชิ้น ชาเขียว | K12: =SUM(D12:J12) -> 0
B13: 1111059 | C13: ชิฟฟอนแยกชิ้น ใบเตย | K13: =SUM(D13:J13) -> 0
B14: 1111060 | C14: ชิฟฟอนแยกชิ้น กล้วยหอม | K14: =SUM(D14:J14) -> 0
B15: 1111061 | C15: ชิฟฟอนแยกชิ้น ชาไทย | K15: =SUM(D15:J15) -> 0
B16: 1111062 | C16: ชิฟฟอนแยกชิ้น โกโก้ | K16: =SUM(D16:J16) -> 0
B17: 1111063 | C17: ชิฟฟอนแยกชิ้น ส้ม | K17: =SUM(D17:J17) -> 0
B18: 1111064 | C18: ชิฟฟอนแยกชิ้น เผือก | K18: =SUM(D18:J18) -> 0
... B37: 1111010 | C37: ชิฟฟอนไส้แยมแยกชิ้น คละรส | K37: =SUM(D37:J37) -> 0
C38: รวม | K38: =SUM(D38:I38) -> 0
B39: ชิฟฟอนไส้แยม 6 ชิ้น
B40: 1111009 | C40: ชิฟฟอนไส้แยมรวมรส 6 ชิ้น | K40: =SUM(D40:J40) -> 0
B41: ชิฟฟอนไส้แยม 3 ชิ้น
B42: 1111008 | C42: ชิฟฟอนไส้แยมรวมรส 3 ชิ้น | K42: =SUM(D42:J42) -> 0
B43: เบาหวิว ล 110 กรัม
B44: 1112009 | C44: มะพร้าว | K44: =SUM(D44:J44) -> 0
B45: 1112011 | C45: ฝอยทอง | K45: =SUM(D45:J45) -> 0
B46: 1112003 | C46: กาแฟ | K46: =SUM(D46:J46) -> 0
B47: 1112005 | C47: เนยนม | K47: =SUM(D47:J47) -> 0
B48: 1112007 | C48: ใบเตย | K48: =SUM(D48:J48) -> 0
B49: 1112019 | C49: ทุเรียน | K49: =SUM(D49:J49) -> 0
B50: 1112017 | C50: ตาลหอม | K50: =SUM(D50:J50) -> 0
B51: 1112015 | C51: กล้วยหอมมะพร้าวเผา | K51: =SUM(D51:J51) -> 0
B52: 1112013 | C52: เผือกมะพร้าวอ่อน | K52: =SUM(D52:J52) -> 0
B53: 1124043 | C53: เบาหวิว คละรส | K53: =SUM(D53:J53) -> 0
C54: รวม
B55: อื่นๆ
B56: 1100003 | C56: เมอแรงค์ กระปุก | K56: =SUM(D56:J56) -> 0
B57: 1100001 | C57: พายสับปรด 1 ชิ้น | K57: =SUM(D57:J57) -> 0
B58: 1100002 | C58: พายสับปรด 1 กล่อง | K58: =SUM(D58:J58) -> 0
B59: 1200001 | C59: คอนเฟลค | K59: =SUM(D59:J59) -> 0
B60: 1005761 | C60: ปังกรอบคาราเมล(ถุง) | K60: =SUM(D60:J60) -> 0
B61: 1114501 | C61: ครีมฮอร์นไส้เนย วนิลา | K61: =SUM(D61:J61) -> 0
B62: 1114502 | C62: ครีมฮอร์นไส้เนย ใบเตย | K62: =SUM(D62:J62) -> 0
B63: 1114503 | C63: ครีมฮอร์นไส้เนย ชอค | K63: =SUM(D63:J63) -> 0
B64: 1124021 | C64: ขนมปังหั่นสไลด์ | K64: =SUM(D64:J64) -> 0
B65: 1113084 | C65: ปังเนยนิ่ม กล่อง 2 ชิ้น | K65: =SUM(D65:J65) -> 0
B66: 900003 | C66: กล่องเปล่าชิฟอน ล | K66: =SUM(D66:J66) -> 0
B67: 900004 | C67: กล่องเปล่าชิฟอน ญ | K67: =SUM(D67:J67) -> 0
... B72: 1200092 | C72: ท็อฟฟี่ถั่ว 1 กิโล | K72: =SUM(D72:J72) -> 0
C73: เศษขนมปังปลา5กก. | K73: =SUM(D73:J73) -> 0
C74: เศษขนมปังปลา1กก. | K74: =SUM(D74:J74) -> 0
C75: กล่องทาร์ตสับปะรด | K75: =SUM(D75:J75) -> 0
D77: =SUM(D7:D37,D42,D44:D53,D56:D75) -> 0 | E77: =SUM(E7:E37,E42,E44:E53,E56:E75) -> 0 | F77: =SUM(F7:F37,F42,F44:F53,F56:F75) -> 0 | G77: =SUM(G7:G37,G42,G44:G53,G56:G75) -> 0 | H77: =SUM(H7:H37,H42,H44:H53,H56:H75) -> 0 | I77: =SUM(I7:I37,I42,I44:I53,I56:I75) -> 0 | J77: =SUM(J7:J37,J42,J44:J53,J56:J75) -> 0 | K77: =SUM(K7:K37,K42,K44:K53,K56:K75) -> 0
B79: …..................................................................................... | I79: ….....................................................................................
B80: ผู้จัดทำ | I80: ผู้รับทราบ

Sheet เช้า
B1: ยอดจริง ออนไลน์ วันที่ 21/11/2567 - เช้า
K2: ยอดรวมผลิต
K3: จำนวน
B4: รหัสสินค้า | C4: สินค้า | D4: ปณ | E4: ชอปปี้ | F4: ลาซาด้า | G4: ติ๊กตอก | H4: ติ๊กตอก2 | I4: ติ๊กตอก3 | J4: ชอยส์ | K4: (กล่อง)
B6: ชิฟฟอนรวมรส
B7: 1111002 | C7: ชิฟฟอนรวมรส 8 ชิ้น | E7: 9 | F7: 48 | K7: =SUM(D7:J7) -> 57
B8: 1111043 | C8: ชิฟฟอน 8 ชิ้น มะลิ | K8: =SUM(D8:J8) -> 0
B9: 1111056 | C9: ชิฟฟอน 8 ชิ้น รวมรสยอดฮิต | E9: 7 | F9: 6 | G9: 1 | K9: =SUM(D9:J9) -> 14
B10: 1004055 | C10: ชิฟฟอนรวมรส 4 ชิ้น | E10: 7 | G10: 52 | K10: =SUM(D10:J10) -> 59
B11: 1111057 | C11: ชิฟฟอนแยกชิ้น กาแฟ | G11: 6 | K11: =SUM(D11:J11) -> 6
B12: 1111058 | C12: ชิฟฟอนแยกชิ้น ชาเขียว | G12: 6 | K12: =SUM(D12:J12) -> 6
B13: 1111059 | C13: ชิฟฟอนแยกชิ้น ใบเตย | G13: 6 | K13: =SUM(D13:J13) -> 6
B14: 1111060 | C14: ชิฟฟอนแยกชิ้น กล้วยหอม | G14: 4 | K14: =SUM(D14:J14) -> 4
B15: 1111061 | C15: ชิฟฟอนแยกชิ้น ชาไทย | G15: 3 | K15: =SUM(D15:J15) -> 3
B16: 1111062 | C16: ชิฟฟอนแยกชิ้น โกโก้ | G16: 1 | K16: =SUM(D16:J16) -> 1
B17: 1111063 | C17: ชิฟฟอนแยกชิ้น ส้ม | G17: 5 | K17: =SUM(D17:J17) -> 5
B18: 1111064 | C18: ชิฟฟอนแยกชิ้น เผือก | G18: 3 | K18: =SUM(D18:J18) -> 3
B19: 1111065 | C19: ชิฟฟอนแยกชิ้น สับปะรด | G19: 3 | K19: =SUM(D19:J19) -> 3
B20: 1111066 | C20: ชิฟฟอนแยกชิ้น สตอเบอรี่ | G20: 4 | K20: =SUM(D20:J20) -> 4
B21: 1111067 | C21: ชิฟฟอนแยกชิ้น มะพร้าว | G21: 4 | K21: =SUM(D21:J21) -> 4
B22: 1111068 | C22: ชิฟฟอนแยกชิ้น เนย | G22: 4 | K22: =SUM(D22:J22) -> 4
B23: 1111069 | C23: ชิฟฟอนแยกชิ้น บลูเบอรี่ | G23: 4 | K23: =SUM(D23:J23) -> 4
B24: 1111070 | C24: ชิฟฟอนแยกชิ้น ทุเรียน | K24: =SUM(D24:J24) -> 0
B25: 1111071 | C25: ชิฟฟอนแยกชิ้น ตาล | K25: =SUM(D25:J25) -> 0
B26: 1111001 | C26: ชิฟฟอนแยกชิ้น คละรส | K26: =SUM(D26:J26) -> 0
B27: 1111074 | C27: ชิฟฟอนไส้แยมแยกชิ้น มะพร้าว | G27: 3 | K27: =SUM(D27:J27) -> 3
B28: 1111075 | C28: ชิฟฟอนไส้แยมแยกชิ้น สตอเบอรี่ | G28: 3 | K28: =SUM(D28:J28) -> 3
B29: 1111076 | C29: ชิฟฟอนไส้แยมแยกชิ้น ส้ม | G29: 3 | K29: =SUM(D29:J29) -> 3
B30: 1111077 | C30: ชิฟฟอนไส้แยมแยกชิ้น บลูเบอรี่ | E30: 1 | G30: 3 | K30: =SUM(D30:J30) -> 4
B31: 1111078 | C31: ชิฟฟอนไส้แยมแยกชิ้น นมชมพู | E31: 1 | G31: 3 | K31: =SUM(D31:J31) -> 4
B32: 1111079 | C32: ชิฟฟอนไส้แยมแยกชิ้น ชอคโกแลต | E32: 1 | G32: 3 | K32: =SUM(D32:J32) -> 4
B33: 1111080 | C33: ชิฟฟอนไส้แยมแยกชิ้น ฝอยทอง | G33: 3 | K33: =SUM(D33:J33) -> 3
B34: 1111081 | C34: ชิฟฟอนไส้แยมแยกชิ้น วนิลา | G34: 2 | K34: =SUM(D34:J34) -> 2
B35: 1111082 | C35: ชิฟฟอนไส้แยมแยกชิ้น ใบเตย | G35: 2 | K35: =SUM(D35:J35) -> 2
B36: 1111083 | C36: ชิฟฟอนไส้แยมแยกชิ้น เมล่อน | G36: 2 | K36: =SUM(D36:J36) -> 2
B37: 1111010 | C37: ชิฟฟอนไส้แยมแยกชิ้น คละรส | K37: =SUM(D37:J37) -> 0
C38: รวม | K38: =SUM(D38:I38) -> 0
B39: ชิฟฟอนไส้แยม 6 ชิ้น
B40: 1111009 | C40: ชิฟฟอนไส้แยมรวมรส 6 ชิ้น | F40: 8 | G40: 3 | K40: =SUM(D40:J40) -> 11
B41: ชิฟฟอนไส้แยม 3 ชิ้น
B42: 1111008 | C42: ชิฟฟอนไส้แยมรวมรส 3 ชิ้น | D42: 9 | G42: 44 | K42: =SUM(D42:J42) -> 53
B43: เบาหวิว ล 110 กรัม
B44: 1112009 | C44: มะพร้าว | D44: 1 | E44: 7 | F44: 16 | G44: 24 | K44: =SUM(D44:J44) -> 48
B45: 1112011 | C45: ฝอยทอง | D45: 6 | E45: 8 | F45: 11 | G45: 24 | K45: =SUM(D45:J45) -> 49
B46: 1112003 | C46: กาแฟ | D46: 2 | K46: =SUM(D46:J46) -> 2
B47: 1112005 | C47: เนยนม | D47: 5 | K47: =SUM(D47:J47) -> 5
B48: 1112007 | C48: ใบเตย | K48: =SUM(D48:J48) -> 0
B49: 1112019 | C49: ทุเรียน | K49: =SUM(D49:J49) -> 0
B50: 1112017 | C50: ตาลหอม | D50: 1 | K50: =SUM(D50:J50) -> 1
B51: 1112015 | C51: กล้วยหอมมะพร้าวเผา | K51: =SUM(D51:J51) -> 0
B52: 1112013 | C52: เผือกมะพร้าวอ่อน | D52: 3 | E52: 6 | F52: 7 | G52: 24 | K52: =SUM(D52:J52) -> 40
B53: 1124043 | C53: เบาหวิว คละรส | K53: =SUM(D53:J53) -> 0
C54: รวม
B55: อื่นๆ
B56: 1100003 | C56: เมอแรงค์ กระปุก | D56: 2 | E56: 1 | K56: =SUM(D56:J56) -> 3
B57: 1100001 | C57: พายสับปรด 1 ชิ้น | E57: 1 | G57: 1 | K57: =SUM(D57:J57) -> 2
B58: 1100002 | C58: พายสับปรด 1 กล่อง | E58: 1 | K58: =SUM(D58:J58) -> 1
B59: 1200001 | C59: คอนเฟลค | E59: 1 | K59: =SUM(D59:J59) -> 1
B60: 1005761 | C60: ปังกรอบคาราเมล(ถุง) | K60: =SUM(D60:J60) -> 0
B61: 1114501 | C61: ครีมฮอร์นไส้เนย วนิลา | E61: 8 | F61: 5 | G61: 191 | K61: =SUM(D61:J61) -> 204
B62: 1114502 | C62: ครีมฮอร์นไส้เนย ใบเตย | E62: 3 | F62: 4 | G62: 190 | K62: =SUM(D62:J62) -> 197
B63: 1114503 | C63: ครีมฮอร์นไส้เนย ชอค | E63: 2 | F63: 4 | G63: 188 | K63: =SUM(D63:J63) -> 194
B64: 1124021 | C64: ขนมปังหั่นสไลด์ | D64: 2 | E64: 36 | F64: 25 | G64: 66 | K64: =SUM(D64:J64) -> 129
B65: 1113084 | C65: ปังเนยนิ่ม กล่อง 2 ชิ้น | K65: =SUM(D65:J65) -> 0
B66: 900003 | C66: กล่องเปล่าชิฟอน ล | K66: =SUM(D66:J66) -> 0
B67: 900004 | C67: กล่องเปล่าชิฟอน ญ | K67: =SUM(D67:J67) -> 0
B68: 1200002 | C68: ทอฟฟี่ถั่ว กล่อง | K68: =SUM(D68:J68) -> 0
B69: 1200003 | C69: ทอฟฟี่ถั่ว กระเช้า | K69: =SUM(D69:J69) -> 0
B70: 1200004 | C70: ทอฟฟี่ถั่ว กระปุก | K70: =SUM(D70:J70) -> 0
B71: 1200093 | C71: ท็อฟฟี่ถั่ว ครึ่งกิโล | K71: =SUM(D71:J71) -> 0
B72: 1200092 | C72: ท็อฟฟี่ถั่ว 1 กิโล | K72: =SUM(D72:J72) -> 0
C73: เศษขนมปังปลา5กก. | J73: 2 | K73: =SUM(D73:J73) -> 2
C74: เศษขนมปังปลา1กก. | E74: 12 | J74: 1 | K74: =SUM(D74:J74) -> 13
C75: กล่องทาร์ตสับปะรด | K75: =SUM(D75:J75) -> 0
D77: =SUM(D56:D74,D44:D53,D42,D40,D7:D36) -> 31 | E77: =SUM(E56:E74,E44:E53,E42,E40,E7:E36) -> 112 | F77: =SUM(F56:F74,F44:F53,F42,F40,F7:F36) -> 134 | G77: =SUM(G56:G74,G44:G53,G42,G40,G7:G36) -> 888 | H77: =SUM(H56:H74,H44:H53,H42,H40,H7:H36) -> 0 | I77: =SUM(I56:I74,I44:I53,I42,I40,I7:I36) -> 0 | J77: =SUM(J56:J74,J44:J53,J42,J40,J7:J36) -> 3 | K77: =SUM(K56:K74,K44:K53,K42,K40,K7:K36) -> 1168
B79: …..................................................................................... | I79: ….....................................................................................
B80: ผู้จัดทำ | I80: ผู้รับทราบ

Sheet บ่าย
B1: ยอดจริง ออนไลน์ วันที่ 21/11/2567 - บ่าย
K2: ยอดรวมผลิต
K3: จำนวน
B4: รหัสสินค้า | C4: สินค้า | D4: ปณ | E4: ชอปปี้ | F4: ลาซาด้า | G4: ติ๊กตอก | H4: ติ๊กตอก2 | I4: ติ๊กตอก3 | J4: ชอยส์ | K4: (กล่อง)
B6: ชิฟฟอนรวมรส
B7: 1111002 | C7: ชิฟฟอนรวมรส 8 ชิ้น | E7: 10 | F7: 18 | K7: =SUM(D7:J7) -> 28
B8: 1111043 | C8: ชิฟฟอน 8 ชิ้น มะลิ | K8: =SUM(D8:J8) -> 0
B9: 1111056 | C9: ชิฟฟอน 8 ชิ้น รวมรสยอดฮิต | F9: 3 | G9: 1 | H9: 1 | K9: =SUM(D9:J9) -> 5
B10: 1004055 | C10: ชิฟฟอนรวมรส 4 ชิ้น | G10: 9 | H10: 6 | I10: 3 | K10: =SUM(D10:J10) -> 18
B11: 1111057 | C11: ชิฟฟอนแยกชิ้น กาแฟ | G11: 2 | I11: 1 | J11: 1 | K11: =SUM(D11:J11) -> 4
B12: 1111058 | C12: ชิฟฟอนแยกชิ้น ชาเขียว | G12: 2 | J12: 1 | K12: =SUM(D12:J12) -> 3
B13: 1111059 | C13: ชิฟฟอนแยกชิ้น ใบเตย | G13: 2 | J13: 1 | K13: =SUM(D13:J13) -> 3
B14: 1111060 | C14: ชิฟฟอนแยกชิ้น กล้วยหอม | G14: 2 | K14: =SUM(D14:J14) -> 2
B15: 1111061 | C15: ชิฟฟอนแยกชิ้น ชาไทย | K15: =SUM(D15:J15) -> 0
B16: 1111062 | C16: ชิฟฟอนแยกชิ้น โกโก้ | K16: =SUM(D16:J16) -> 0
B17: 1111063 | C17: ชิฟฟอนแยกชิ้น ส้ม | G17: 2 | K17: =SUM(D17:J17) -> 2
B18: 1111064 | C18: ชิฟฟอนแยกชิ้น เผือก | K18: =SUM(D18:J18) -> 0
B19: 1111065 | C19: ชิฟฟอนแยกชิ้น สับปะรด | G19: 2 | K19: =SUM(D19:J19) -> 2
B20: 1111066 | C20: ชิฟฟอนแยกชิ้น สตอเบอรี่ | G20: 2 | K20: =SUM(D20:J20) -> 2
B21: 1111067 | C21: ชิฟฟอนแยกชิ้น มะพร้าว | G21: 2 | K21: =SUM(D21:J21) -> 2
B22: 1111068 | C22: ชิฟฟอนแยกชิ้น เนย | G22: 2 | K22: =SUM(D22:J22) -> 2
B23: 1111069 | C23: ชิฟฟอนแยกชิ้น บลูเบอรี่ | G23: 2 | K23: =SUM(D23:J23) -> 2
B24: 1111070 | C24: ชิฟฟอนแยกชิ้น ทุเรียน | K24: =SUM(D24:J24) -> 0
B25: 1111071 | C25: ชิฟฟอนแยกชิ้น ตาล | K25: =SUM(D25:J25) -> 0
B26: 1111001 | C26: ชิฟฟอนแยกชิ้น คละรส | K26: =SUM(D26:J26) -> 0
B27: 1111074 | C27: ชิฟฟอนไส้แยมแยกชิ้น มะพร้าว | G27: 1 | I27: 1 | K27: =SUM(D27:J27) -> 2
B28: 1111075 | C28: ชิฟฟอนไส้แยมแยกชิ้น สตอเบอรี่ | G28: 1 | I28: 1 | K28: =SUM(D28:J28) -> 2
B29: 1111076 | C29: ชิฟฟอนไส้แยมแยกชิ้น ส้ม | G29: 1 | I29: 1 | K29: =SUM(D29:J29) -> 2
B30: 1111077 | C30: ชิฟฟอนไส้แยมแยกชิ้น บลูเบอรี่ | G30: 1 | I30: 1 | K30: =SUM(D30:J30) -> 2
B31: 1111078 | C31: ชิฟฟอนไส้แยมแยกชิ้น นมชมพู | G31: 1 | K31: =SUM(D31:J31) -> 1
B32: 1111079 | C32: ชิฟฟอนไส้แยมแยกชิ้น ชอคโกแลต | G32: 1 | K32: =SUM(D32:J32) -> 1
B33: 1111080 | C33: ชิฟฟอนไส้แยมแยกชิ้น ฝอยทอง | K33: =SUM(D33:J33) -> 0
B34: 1111081 | C34: ชิฟฟอนไส้แยมแยกชิ้น วนิลา | K34: =SUM(D34:J34) -> 0
B35: 1111082 | C35: ชิฟฟอนไส้แยมแยกชิ้น ใบเตย | K35: =SUM(D35:J35) -> 0
B36: 1111083 | C36: ชิฟฟอนไส้แยมแยกชิ้น เมล่อน | K36: =SUM(D36:J36) -> 0
B37: 1111010 | C37: ชิฟฟอนไส้แยมแยกชิ้น คละรส | K37: =SUM(D37:J37) -> 0
C38: รวม | K38: =SUM(D38:I38) -> 0
B39: ชิฟฟอนไส้แยม 6 ชิ้น
B40: 1111009 | C40: ชิฟฟอนไส้แยมรวมรส 6 ชิ้น | F40: 2 | G40: 2 | K40: =SUM(D40:J40) -> 4
B41: ชิฟฟอนไส้แยม 3 ชิ้น
B42: 1111008 | C42: ชิฟฟอนไส้แยมรวมรส 3 ชิ้น | K42: =SUM(D42:J42) -> 0
B43: 1111017 | C43: ชิฟฟอนไส้แยมบลูเบอรี่ 3 ชิ้น
B44: 1111019 | C44: ชิฟฟอนไส้แยมฝอยทอง 3 ชิ้น
B45: 1111022 | C45: ชิฟฟอนไส้แยมสตอเบอรี่ 3 ชิ้น | G45: 18 | H45: 18
B46: เบาหวิว ล 110 กรัม
B47: 1112009 | C47: มะพร้าว | E47: 1 | F47: 1 | G47: 9 | H47: 5 | I47: 3 | K47: =SUM(D47:J47) -> 19
B48: 1112011 | C48: ฝอยทอง | E48: 1 | F48: 9 | G48: 9 | H48: 5 | I48: 3 | K48: =SUM(D48:J48) -> 27
B49: 1112003 | C49: กาแฟ | K49: =SUM(D49:J49) -> 0
B50: 1112005 | C50: เนยนม | K50: =SUM(D50:J50) -> 0
B51: 1112007 | C51: ใบเตย | K51: =SUM(D51:J51) -> 0
B52: 1112019 | C52: ทุเรียน | K52: =SUM(D52:J52) -> 0
B53: 1112017 | C53: ตาลหอม | K53: =SUM(D53:J53) -> 0
B54: 1112015 | C54: กล้วยหอมมะพร้าวเผา | K54: =SUM(D54:J54) -> 0
B55: 1112013 | C55: เผือกมะพร้าวอ่อน | E55: 1 | F55: 1 | G55: 9 | H55: 5 | I55: 3 | K55: =SUM(D55:J55) -> 19
B56: 1124043 | C56: เบาหวิว คละรส | K56: =SUM(D56:J56) -> 0
C57: รวม
B58: อื่นๆ
B59: 1100003 | C59: เมอแรงค์ กระปุก | E59: 1 | K59: =SUM(D59:J59) -> 1
B60: 1100001 | C60: พายสับปรด 1 ชิ้น | K60: =SUM(D60:J60) -> 0
B61: 1100002 | C61: พายสับปรด 1 กล่อง | G61: 2 | H61: 3 | K61: =SUM(D61:J61) -> 5
B62: 1200001 | C62: คอนเฟลค | K62: =SUM(D62:J62) -> 0
B63: 1005761 | C63: ปังกรอบคาราเมล(ถุง) | F63: 3 | K63: =SUM(D63:J63) -> 3
B64: 1114501 | C64: ครีมฮอร์นไส้เนย วนิลา | E64: 2 | G64: 213 | H64: 211 | I64: 113 | K64: =SUM(D64:J64) -> 539
B65: 1114502 | C65: ครีมฮอร์นไส้เนย ใบเตย | G65: 213 | H65: 211 | I65: 113 | K65: =SUM(D65:J65) -> 537
B66: 1114503 | C66: ครีมฮอร์นไส้เนย ชอค | E66: 2 | F66: 2 | G66: 213 | H66: 211 | I66: 113 | K66: =SUM(D66:J66) -> 541
B67: 1124021 | C67: ขนมปังหั่นสไลด์ | E67: 18 | F67: 25 | G67: 12 | I67: 8 | K67: =SUM(D67:J67) -> 63
B68: 1113084 | C68: ปังเนยนิ่ม กล่อง 2 ชิ้น | K68: =SUM(D68:J68) -> 0
B69: 900003 | C69: กล่องเปล่าชิฟอน ล | K69: =SUM(D69:J69) -> 0
B70: 900004 | C70: กล่องเปล่าชิฟอน ญ | K70: =SUM(D70:J70) -> 0
B71: 1200002 | C71: ทอฟฟี่ถั่ว กล่อง | K71: =SUM(D71:J71) -> 0
B72: 1200003 | C72: ทอฟฟี่ถั่ว กระเช้า | K72: =SUM(D72:J72) -> 0
B73: 1200004 | C73: ทอฟฟี่ถั่ว กระปุก | K73: =SUM(D73:J73) -> 0
B74: 1200093 | C74: ท็อฟฟี่ถั่ว ครึ่งกิโล | K74: =SUM(D74:J74) -> 0
B75: 1200092 | C75: ท็อฟฟี่ถั่ว 1 กิโล | K75: =SUM(D75:J75) -> 0
C76: เศษขนมปังปลา5กก. | K76: =SUM(D76:J76) -> 0
C77: เศษขนมปังปลา1กก. | E77: 4 | J77: 1 | K77: =SUM(D77:J77) -> 5
C78: กล่องทาร์ตสับปะรด | K78: =SUM(D78:J78) -> 0
D80: =SUM(D7:D36,D40,D42,D47:D55,D59:D78) -> 0 | E80: =SUM(E7:E36,E40,E42,E47:E55,E59:E78) -> 40 | F80: =SUM(F7:F36,F40,F42,F47:F55,F59:F78) -> 64 | G80: =SUM(G7:G36,G40,G42,G47:G55,G59:G78) -> 718 | H80: =SUM(H7:H36,H40,H42,H47:H55,H59:H78) -> 658 | I80: =SUM(I7:I36,I40,I42,I47:I55,I59:I78) -> 364 | J80: =SUM(J7:J36,J40,J42,J47:J55,J59:J78) -> 4 | K80: =SUM(K7:K36,K40,K42,K47:K55,K59:K78) -> 1848
B82: …..................................................................................... | I82: ….....................................................................................
B83: ผู้จัดทำ | I83: ผู้รับทราบ

Sheet รวม
B1: ยอดจริง ออนไลน์ วันที่ 21/11/2567 - รวม
K2: ยอดรวมผลิต | L2: ยอดสตอค | M2: ยอดฟอแคส | N2: รับเกิน | O2: ยังไม่ได้รับเข้า | P2: รวม
K3: จำนวน | R3: รับเข้าอาทิตย์ | S3: รับเข้าจันทร์ | T3: รวม
B4: รหัสสินค้า | C4: สินค้า | D4: ปณ | E4: ชอปปี้ | F4: ลาซาด้า | G4: ติ๊กตอก | H4: ติ๊กตอก2 | I4: ติ๊กตอก3 | J4: ชอยส์ | K4: (กล่อง)
B6: ชิฟฟอนรวมรส | W6: รหัสสินค้า | X6: ชื่อสินค้า | Y6: จำนวนที่ต้องการเบรค
B7: 1111002 | C7: ชิฟฟอนรวมรส 8 ชิ้น | D7: =เช้า!D7+'เย็น '!D7+บ่าย!D7 -> 0 | E7: =เช้า!E7+'เย็น '!E7+บ่าย!E7 -> 19 | F7: =เช้า!F7+'เย็น '!F7+บ่าย!F7 -> 66 | G7: =เช้า!G7+'เย็น '!G7+บ่าย!G7 -> 0 | H7: =เช้า!H7+'เย็น '!H7+บ่าย!H7 -> 0 | I7: =เช้า!I7+'เย็น '!I7+บ่าย!I7 -> 0 | J7: =เช้า!J7+'เย็น '!J7+บ่าย!J7 -> 0 | K7: =SUM(D7:J7) -> 85 | P7: =(L7+M7+N7+O7)-K7 -> -85 | R7: 250 | S7: 250 | T7: =S7+R7+P7 -> 415 | W7: 1111002 | X7: ชิฟฟอนรวมรส 8 ชิ้น | Y7: 250
B8: 1111043 | C8: ชิฟฟอน 8 ชิ้น มะลิ | D8: =เช้า!D8+'เย็น '!D8+บ่าย!D8 -> 0 | E8: =เช้า!E8+'เย็น '!E8+บ่าย!E8 -> 0 | F8: =เช้า!F8+'เย็น '!F8+บ่าย!F8 -> 0 | G8: =เช้า!G8+'เย็น '!G8+บ่าย!G8 -> 0 | H8: =เช้า!H8+'เย็น '!H8+บ่าย!H8 -> 0 | I8: =เช้า!I8+'เย็น '!I8+บ่าย!I8 -> 0 | J8: =เช้า!J8+'เย็น '!J8+บ่าย!J8 -> 0 | K8: =SUM(D8:J8) -> 0 | P8: =(L8+M8+N8+O8)-K8 -> 0 | T8: =S8+R8+P8 -> 0 | W8: 1111043 | X8: ชิฟฟอน 8 ชิ้น มะลิ
B9: 1111056 | C9: ชิฟฟอน 8 ชิ้น รวมรสยอดฮิต | D9: =เช้า!D9+'เย็น '!D9+บ่าย!D9 -> 0 | E9: =เช้า!E9+'เย็น '!E9+บ่าย!E9 -> 7 | F9: =เช้า!F9+'เย็น '!F9+บ่าย!F9 -> 9 | G9: =เช้า!G9+'เย็น '!G9+บ่าย!G9 -> 2 | H9: =เช้า!H9+'เย็น '!H9+บ่าย!H9 -> 1 | I9: =เช้า!I9+'เย็น '!I9+บ่าย!I9 -> 0 | J9: =เช้า!J9+'เย็น '!J9+บ่าย!J9 -> 0 | K9: =SUM(D9:J9) -> 19 | P9: =(L9+M9+N9+O9)-K9 -> -19 | R9: 10 | T9: =S9+R9+P9 -> -9 | W9: 1004055 | X9: ชิฟฟอนรวมรส 4 ชิ้น | Y9: 250
B10: 1004055 | C10: ชิฟฟอนรวมรส 4 ชิ้น | D10: =เช้า!D10+'เย็น '!D10+บ่าย!D10 -> 0 | E10: =เช้า!E10+'เย็น '!E10+บ่าย!E10 -> 7 | F10: =เช้า!F10+'เย็น '!F10+บ่าย!F10 -> 0 | G10: =เช้า!G10+'เย็น '!G10+บ่าย!G10 -> 61 | H10: =เช้า!H10+'เย็น '!H10+บ่าย!H10 -> 6 | I10: =เช้า!I10+'เย็น '!I10+บ่าย!I10 -> 3 | J10: =เช้า!J10+'เย็น '!J10+บ่าย!J10 -> 0 | K10: =SUM(D10:J10) -> 77 | P10: =(L10+M10+N10+O10)-K10 -> -77 | R10: 250 | S10: 250 | T10: =S10+R10+P10 -> 423 | W10: 1111057 | X10: ชิฟฟอนแยกชิ้น กาแฟ | Y10: 50
B11: 1111057 | C11: ชิฟฟอนแยกชิ้น กาแฟ | D11: =เช้า!D11+'เย็น '!D11+บ่าย!D11 -> 0 | E11: =เช้า!E11+'เย็น '!E11+บ่าย!E11 -> 0 | F11: =เช้า!F11+'เย็น '!F11+บ่าย!F11 -> 0 | G11: =เช้า!G11+'เย็น '!G11+บ่าย!G11 -> 8 | H11: =เช้า!H11+'เย็น '!H11+บ่าย!H11 -> 0 | I11: =เช้า!I11+'เย็น '!I11+บ่าย!I11 -> 1 | J11: =เช้า!J11+'เย็น '!J11+บ่าย!J11 -> 1 | K11: =SUM(D11:J11) -> 10 | P11: =(L11+M11+N11+O11)-K11 -> -10 | S11: 50 | T11: =S11+R11+P11 -> 40 | W11: 1111058 | X11: ชิฟฟอนแยกชิ้น ชาเขียว | Y11: 50
B12: 1111058 | C12: ชิฟฟอนแยกชิ้น ชาเขียว | D12: =เช้า!D12+'เย็น '!D12+บ่าย!D12 -> 0 | E12: =เช้า!E12+'เย็น '!E12+บ่าย!E12 -> 0 | F12: =เช้า!F12+'เย็น '!F12+บ่าย!F12 -> 0 | G12: =เช้า!G12+'เย็น '!G12+บ่าย!G12 -> 8 | H12: =เช้า!H12+'เย็น '!H12+บ่าย!H12 -> 0 | I12: =เช้า!I12+'เย็น '!I12+บ่าย!I12 -> 0 | J12: =เช้า!J12+'เย็น '!J12+บ่าย!J12 -> 1 | K12: =SUM(D12:J12) -> 9 | P12: =(L12+M12+N12+O12)-K12 -> -9 | S12: 50 | T12: =S12+R12+P12 -> 41 | W12: 1111059 | X12: ชิฟฟอนแยกชิ้น ใบเตย | Y12: 50
B13: 1111059 | C13: ชิฟฟอนแยกชิ้น ใบเตย | D13: =เช้า!D13+'เย็น '!D13+บ่าย!D13 -> 0 | E13: =เช้า!E13+'เย็น '!E13+บ่าย!E13 -> 0 | F13: =เช้า!F13+'เย็น '!F13+บ่าย!F13 -> 0 | G13: =เช้า!G13+'เย็น '!G13+บ่าย!G13 -> 8 | H13: =เช้า!H13+'เย็น '!H13+บ่าย!H13 -> 0 | I13: =เช้า!I13+'เย็น '!I13+บ่าย!I13 -> 0 | J13: =เช้า!J13+'เย็น '!J13+บ่าย!J13 -> 1 | K13: =SUM(D13:J13) -> 9 | P13: =(L13+M13+N13+O13)-K13 -> -9 | S13: 50 | T13: =S13+R13+P13 -> 41 | W13: 1111060 | X13: ชิฟฟอนแยกชิ้น กล้วยหอม | Y13: 50
B14: 1111060 | C14: ชิฟฟอนแยกชิ้น กล้วยหอม | D14: =เช้า!D14+'เย็น '!D14+บ่าย!D14 -> 0 | E14: =เช้า!E14+'เย็น '!E14+บ่าย!E14 -> 0 | F14: =เช้า!F14+'เย็น '!F14+บ่าย!F14 -> 0 | G14: =เช้า!G14+'เย็น '!G14+บ่าย!G14 -> 6 | H14: =เช้า!H14+'เย็น '!H14+บ่าย!H14 -> 0 | I14: =เช้า!I14+'เย็น '!I14+บ่าย!I14 -> 0 | J14: =เช้า!J14+'เย็น '!J14+บ่าย!J14 -> 0 | K14: =SUM(D14:J14) -> 6 | P14: =(L14+M14+N14+O14)-K14 -> -6 | S14: 50 | T14: =S14+R14+P14 -> 44 | W14: 1111061 | X14: ชิฟฟอนแยกชิ้น ชาไทย | Y14: 50
B15: 1111061 | C15: ชิฟฟอนแยกชิ้น ชาไทย | D15: =เช้า!D15+'เย็น '!D15+บ่าย!D15 -> 0 | E15: =เช้า!E15+'เย็น '!E15+บ่าย!E15 -> 0 | F15: =เช้า!F15+'เย็น '!F15+บ่าย!F15 -> 0 | G15: =เช้า!G15+'เย็น '!G15+บ่าย!G15 -> 3 | H15: =เช้า!H15+'เย็น '!H15+บ่าย!H15 -> 0 | I15: =เช้า!I15+'เย็น '!I15+บ่าย!I15 -> 0 | J15: =เช้า!J15+'เย็น '!J15+บ่าย!J15 -> 0 | K15: =SUM(D15:J15) -> 3 | P15: =(L15+M15+N15+O15)-K15 -> -3 | S15: 50 | T15: =S15+R15+P15 -> 47 | W15: 1111062 | X15: ชิฟฟอนแยกชิ้น โกโก้ | Y15: 50
B16: 1111062 | C16: ชิฟฟอนแยกชิ้น โกโก้ | D16: =เช้า!D16+'เย็น '!D16+บ่าย!D16 -> 0 | E16: =เช้า!E16+'เย็น '!E16+บ่าย!E16 -> 0 | F16: =เช้า!F16+'เย็น '!F16+บ่าย!F16 -> 0 | G16: =เช้า!G16+'เย็น '!G16+บ่าย!G16 -> 1 | H16: =เช้า!H16+'เย็น '!H16+บ่าย!H16 -> 0 | I16: =เช้า!I16+'เย็น '!I16+บ่าย!I16 -> 0 | J16: =เช้า!J16+'เย็น '!J16+บ่าย!J16 -> 0 | K16: =SUM(D16:J16) -> 1 | P16: =(L16+M16+N16+O16)-K16 -> -1 | S16: 50 | T16: =S16+R16+P16 -> 49 | W16: 1111063 | X16: ชิฟฟอนแยกชิ้น ส้ม | Y16: 50
B17: 1111063 | C17: ชิฟฟอนแยกชิ้น ส้ม | D17: =เช้า!D17+'เย็น '!D17+บ่าย!D17 -> 0 | E17: =เช้า!E17+'เย็น '!E17+บ่าย!E17 -> 0 | F17: =เช้า!F17+'เย็น '!F17+บ่าย!F17 -> 0 | G17: =เช้า!G17+'เย็น '!G17+บ่าย!G17 -> 7 | H17: =เช้า!H17+'เย็น '!H17+บ่าย!H17 -> 0 | I17: =เช้า!I17+'เย็น '!I17+บ่าย!I17 -> 0 | J17: =เช้า!J17+'เย็น '!J17+บ่าย!J17 -> 0 | K17: =SUM(D17:J17) -> 7 | P17: =(L17+M17+N17+O17)-K17 -> -7 | S17: 50 | T17: =S17+R17+P17 -> 43 | W17: 1111064 | X17: ชิฟฟอนแยกชิ้น เผือก | Y17: 50
B18: 1111064 | C18: ชิฟฟอนแยกชิ้น เผือก | D18: =เช้า!D18+'เย็น '!D18+บ่าย!D18 -> 0 | E18: =เช้า!E18+'เย็น '!E18+บ่าย!E18 -> 0 | F18: =เช้า!F18+'เย็น '!F18+บ่าย!F18 -> 0 | G18: =เช้า!G18+'เย็น '!G18+บ่าย!G18 -> 3 | H18: =เช้า!H18+'เย็น '!H18+บ่าย!H18 -> 0 | I18: =เช้า!I18+'เย็น '!I18+บ่าย!I18 -> 0 | J18: =เช้า!J18+'เย็น '!J18+บ่าย!J18 -> 0 | K18: =SUM(D18:J18) -> 3 | P18: =(L18+M18+N18+O18)-K18 -> -3 | S18: 50 | T18: =S18+R18+P18 -> 47 | W18: 1111065 | X18: ชิฟฟอนแยกชิ้น สับปะรด | Y18: 50
B19: 1111065 | C19: ชิฟฟอนแยกชิ้น สับปะรด | D19: =เช้า!D19+'เย็น '!D19+บ่าย!D19 -> 0 | E19: =เช้า!E19+'เย็น '!E19+บ่าย!E19 -> 0 | F19: =เช้า!F19+'เย็น '!F19+บ่าย!F19 -> 0 | G19: =เช้า!G19+'เย็น '!G19+บ่าย!G19 -> 5 | H19: =เช้า!H19+'เย็น '!H19+บ่าย!H19 -> 0 | I19: =เช้า!I19+'เย็น '!I19+บ่าย!I19 -> 0 | J19: =เช้า!J19+'เย็น '!J19+บ่าย!J19 -> 0 | K19: =SUM(D19:J19) -> 5 | P19: =(L19+M19+N19+O19)-K19 -> -5 | S19: 50 | T19: =S19+R19+P19 -> 45 | W19: 1111066 | X19: ชิฟฟอนแยกชิ้น สตอเบอรี่ | Y19: 50
B20: 1111066 | C20: ชิฟฟอนแยกชิ้น สตอเบอรี่ | D20: =เช้า!D20+'เย็น '!D20+บ่าย!D20 -> 0 | E20: =เช้า!E20+'เย็น '!E20+บ่าย!E20 -> 0 | F20: =เช้า!F20+'เย็น '!F20+บ่าย!F20 -> 0 | G20: =เช้า!G20+'เย็น '!G20+บ่าย!G20 -> 6 | H20: =เช้า!H20+'เย็น '!H20+บ่าย!H20 -> 0 | I20: =เช้า!I20+'เย็น '!I20+บ่าย!I20 -> 0 | J20: =เช้า!J20+'เย็น '!J20+บ่าย!J20 -> 0 | K20: =SUM(D20:J20) -> 6 | P20: =(L20+M20+N20+O20)-K20 -> -6 | S20: 50 | T20: =S20+R20+P20 -> 44 | W20: 1111067 | X20: ชิฟฟอนแยกชิ้น มะพร้าว | Y20: 50
B21: 1111067 | C21: ชิฟฟอนแยกชิ้น มะพร้าว | D21: =เช้า!D21+'เย็น '!D21+บ่าย!D21 -> 0 | E21: =เช้า!E21+'เย็น '!E21+บ่าย!E21 -> 0 | F21: =เช้า!F21+'เย็น '!F21+บ่าย!F21 -> 0 | G21: =เช้า!G21+'เย็น '!G21+บ่าย!G21 -> 6 | H21: =เช้า!H21+'เย็น '!H21+บ่าย!H21 -> 0 | I21: =เช้า!I21+'เย็น '!I21+บ่าย!I21 -> 0 | J21: =เช้า!J21+'เย็น '!J21+บ่าย!J21 -> 0 | K21: =SUM(D21:J21) -> 6 | P21: =(L21+M21+N21+O21)-K21 -> -6 | S21: 50 | T21: =S21+R21+P21 -> 44 | W21: 1111068 | X21: ชิฟฟอนแยกชิ้น เนย | Y21: 50
B22: 1111068 | C22: ชิฟฟอนแยกชิ้น เนย | D22: =เช้า!D22+'เย็น '!D22+บ่าย!D22 -> 0 | E22: =เช้า!E22+'เย็น '!E22+บ่าย!E22 -> 0 | F22: =เช้า!F22+'เย็น '!F22+บ่าย!F22 -> 0 | G22: =เช้า!G22+'เย็น '!G22+บ่าย!G22 -> 6 | H22: =เช้า!H22+'เย็น '!H22+บ่าย!H22 -> 0 | I22: =เช้า!I22+'เย็น '!I22+บ่าย!I22 -> 0 | J22: =เช้า!J22+'เย็น '!J22+บ่าย!J22 -> 0 | K22: =SUM(D22:J22) -> 6 | P22: =(L22+M22+N22+O22)-K22 -> -6 | S22: 50 | T22: =S22+R22+P22 -> 44 | W22: 1111069 | X22: ชิฟฟอนแยกชิ้น บลูเบอรี่ | Y22: 50
... B25: 1111071 | C25: ชิฟฟอนแยกชิ้น ตาล | D25: =เช้า!D25+'เย็น '!D25+บ่าย!D25 -> 0 | E25: =เช้า!E25+'เย็น '!E25+บ่าย!E25 -> 0 | F25: =เช้า!F25+'เย็น '!F25+บ่าย!F25 -> 0 | G25: =เช้า!G25+'เย็น '!G25+บ่าย!G25 -> 0 | H25: =เช้า!H25+'เย็น '!H25+บ่าย!H25 -> 0 | I25: =เช้า!I25+'เย็น '!I25+บ่าย!I25 -> 0 | J25: =เช้า!J25+'เย็น '!J25+บ่าย!J25 -> 0 | K25: =SUM(D25:J25) -> 0 | P25: =(L25+M25+N25+O25)-K25 -> 0 | S25: 50 | T25: =S25+R25+P25 -> 50 | W25: 1111074 | X25: ชิฟฟอนไส้แยมแยกชิ้น มะพร้าว | Y25: 40
B26: 1111001 | C26: ชิฟฟอนแยกชิ้น คละรส | D26: =เช้า!D26+'เย็น '!D26+บ่าย!D26 -> 0 | E26: =เช้า!E26+'เย็น '!E26+บ่าย!E26 -> 0 | F26: =เช้า!F26+'เย็น '!F26+บ่าย!F26 -> 0 | G26: =เช้า!G26+'เย็น '!G26+บ่าย!G26 -> 0 | H26: =เช้า!H26+'เย็น '!H26+บ่าย!H26 -> 0 | I26: =เช้า!I26+'เย็น '!I26+บ่าย!I26 -> 0 | J26: =เช้า!J26+'เย็น '!J26+บ่าย!J26 -> 0 | K26: =SUM(D26:J26) -> 0 | P26: =(L26+M26+N26+O26)-K26 -> 0 | T26: =S26+R26+P26 -> 0 | W26: 1111075 | X26: ชิฟฟอนไส้แยมแยกชิ้น สตอเบอรี่ | Y26: 40
B27: 1111074 | C27: ชิฟฟอนไส้แยมแยกชิ้น มะพร้าว | D27: =เช้า!D27+'เย็น '!D27+บ่าย!D27 -> 0 | E27: =เช้า!E27+'เย็น '!E27+บ่าย!E27 -> 0 | F27: =เช้า!F27+'เย็น '!F27+บ่าย!F27 -> 0 | G27: =เช้า!G27+'เย็น '!G27+บ่าย!G27 -> 4 | H27: =เช้า!H27+'เย็น '!H27+บ่าย!H27 -> 0 | I27: =เช้า!I27+'เย็น '!I27+บ่าย!I27 -> 1 | J27: =เช้า!J27+'เย็น '!J27+บ่าย!J27 -> 0 | K27: =SUM(D27:J27) -> 5 | P27: =(L27+M27+N27+O27)-K27 -> -5 | S27: 40 | T27: =S27+R27+P27 -> 35 | W27: 1111076 | X27: ชิฟฟอนไส้แยมแยกชิ้น ส้ม | Y27: 40
B28: 1111075 | C28: ชิฟฟอนไส้แยมแยกชิ้น สตอเบอรี่ | D28: =เช้า!D28+'เย็น '!D28+บ่าย!D28 -> 0 | E28: =เช้า!E28+'เย็น '!E28+บ่าย!E28 -> 0 | F28: =เช้า!F28+'เย็น '!F28+บ่าย!F28 -> 0 | G28: =เช้า!G28+'เย็น '!G28+บ่าย!G28 -> 4 | H28: =เช้า!H28+'เย็น '!H28+บ่าย!H28 -> 0 | I28: =เช้า!I28+'เย็น '!I28+บ่าย!I28 -> 1 | J28: =เช้า!J28+'เย็น '!J28+บ่าย!J28 -> 0 | K28: =SUM(D28:J28) -> 5 | P28: =(L28+M28+N28+O28)-K28 -> -5 | S28: 40 | T28: =S28+R28+P28 -> 35 | W28: 1111077 | X28: ชิฟฟอนไส้แยมแยกชิ้น บลูเบอรี่ | Y28: 40
B29: 1111076 | C29: ชิฟฟอนไส้แยมแยกชิ้น ส้ม | D29: =เช้า!D29+'เย็น '!D29+บ่าย!D29 -> 0 | E29: =เช้า!E29+'เย็น '!E29+บ่าย!E29 -> 0 | F29: =เช้า!F29+'เย็น '!F29+บ่าย!F29 -> 0 | G29: =เช้า!G29+'เย็น '!G29+บ่าย!G29 -> 4 | H29: =เช้า!H29+'เย็น '!H29+บ่าย!H29 -> 0 | I29: =เช้า!I29+'เย็น '!I29+บ่าย!I29 -> 1 | J29: =เช้า!J29+'เย็น '!J29+บ่าย!J29 -> 0 | K29: =SUM(D29:J29) -> 5 | P29: =(L29+M29+N29+O29)-K29 -> -5 | S29: 40 | T29: =S29+R29+P29 -> 35 | W29: 1111078 | X29: ชิฟฟอนไส้แยมแยกชิ้น นมชมพู | Y29: 40
B30: 1111077 | C30: ชิฟฟอนไส้แยมแยกชิ้น บลูเบอรี่ | D30: =เช้า!D30+'เย็น '!D30+บ่าย!D30 -> 0 | E30: =เช้า!E30+'เย็น '!E30+บ่าย!E30 -> 1 | F30: =เช้า!F30+'เย็น '!F30+บ่าย!F30 -> 0 | G30: =เช้า!G30+'เย็น '!G30+บ่าย!G30 -> 4 | H30: =เช้า!H30+'เย็น '!H30+บ่าย!H30 -> 0 | I30: =เช้า!I30+'เย็น '!I30+บ่าย!I30 -> 1 | J30: =เช้า!J30+'เย็น '!J30+บ่าย!J30 -> 0 | K30: =SUM(D30:J30) -> 6 | P30: =(L30+M30+N30+O30)-K30 -> -6 | S30: 40 | T30: =S30+R30+P30 -> 34 | W30: 1111079 | X30: ชิฟฟอนไส้แยมแยกชิ้น ชอคโกแลต | Y30: 40
B31: 1111078 | C31: ชิฟฟอนไส้แยมแยกชิ้น นมชมพู | D31: =เช้า!D31+'เย็น '!D31+บ่าย!D31 -> 0 | E31: =เช้า!E31+'เย็น '!E31+บ่าย!E31 -> 1 | F31: =เช้า!F31+'เย็น '!F31+บ่าย!F31 -> 0 | G31: =เช้า!G31+'เย็น '!G31+บ่าย!G31 -> 4 | H31: =เช้า!H31+'เย็น '!H31+บ่าย!H31 -> 0 | I31: =เช้า!I31+'เย็น '!I31+บ่าย!I31 -> 0 | J31: =เช้า!J31+'เย็น '!J31+บ่าย!J31 -> 0 | K31: =SUM(D31:J31) -> 5 | P31: =(L31+M31+N31+O31)-K31 -> -5 | S31: 40 | T31: =S31+R31+P31 -> 35 | W31: 1111080 | X31: ชิฟฟอนไส้แยมแยกชิ้น ฝอยทอง | Y31: 40
B32: 1111079 | C32: ชิฟฟอนไส้แยมแยกชิ้น ชอคโกแลต | D32: =เช้า!D32+'เย็น '!D32+บ่าย!D32 -> 0 | E32: =เช้า!E32+'เย็น '!E32+บ่าย!E32 -> 1 | F32: =เช้า!F32+'เย็น '!F32+บ่าย!F32 -> 0 | G32: =เช้า!G32+'เย็น '!G32+บ่าย!G32 -> 4 | H32: =เช้า!H32+'เย็น '!H32+บ่าย!H32 -> 0 | I32: =เช้า!I32+'เย็น '!I32+บ่าย!I32 -> 0 | J32: =เช้า!J32+'เย็น '!J32+บ่าย!J32 -> 0 | K32: =SUM(D32:J32) -> 5 | P32: =(L32+M32+N32+O32)-K32 -> -5 | S32: 40 | T32: =S32+R32+P32 -> 35 | W32: 1111081 | X32: ชิฟฟอนไส้แยมแยกชิ้น วนิลา | Y32: 40
B33: 1111080 | C33: ชิฟฟอนไส้แยมแยกชิ้น ฝอยทอง | D33: =เช้า!D33+'เย็น '!D33+บ่าย!D33 -> 0 | E33: =เช้า!E33+'เย็น '!E33+บ่าย!E33 -> 0 | F33: =เช้า!F33+'เย็น '!F33+บ่าย!F33 -> 0 | G33: =เช้า!G33+'เย็น '!G33+บ่าย!G33 -> 3 | H33: =เช้า!H33+'เย็น '!H33+บ่าย!H33 -> 0 | I33: =เช้า!I33+'เย็น '!I33+บ่าย!I33 -> 0 | J33: =เช้า!J33+'เย็น '!J33+บ่าย!J33 -> 0 | K33: =SUM(D33:J33) -> 3 | P33: =(L33+M33+N33+O33)-K33 -> -3 | S33: 40 | T33: =S33+R33+P33 -> 37 | W33: 1111082 | X33: ชิฟฟอนไส้แยมแยกชิ้น ใบเตย | Y33: 40
B34: 1111081 | C34: ชิฟฟอนไส้แยมแยกชิ้น วนิลา | D34: =เช้า!D34+'เย็น '!D34+บ่าย!D34 -> 0 | E34: =เช้า!E34+'เย็น '!E34+บ่าย!E34 -> 0 | F34: =เช้า!F34+'เย็น '!F34+บ่าย!F34 -> 0 | G34: =เช้า!G34+'เย็น '!G34+บ่าย!G34 -> 2 | H34: =เช้า!H34+'เย็น '!H34+บ่าย!H34 -> 0 | I34: =เช้า!I34+'เย็น '!I34+บ่าย!I34 -> 0 | J34: =เช้า!J34+'เย็น '!J34+บ่าย!J34 -> 0 | K34: =SUM(D34:J34) -> 2 | P34: =(L34+M34+N34+O34)-K34 -> -2 | S34: 40 | T34: =S34+R34+P34 -> 38 | W34: 1111083 | X34: ชิฟฟอนไส้แยมแยกชิ้น เมล่อน | Y34: 40
B35: 1111082 | C35: ชิฟฟอนไส้แยมแยกชิ้น ใบเตย | D35: =เช้า!D35+'เย็น '!D35+บ่าย!D35 -> 0 | E35: =เช้า!E35+'เย็น '!E35+บ่าย!E35 -> 0 | F35: =เช้า!F35+'เย็น '!F35+บ่าย!F35 -> 0 | G35: =เช้า!G35+'เย็น '!G35+บ่าย!G35 -> 2 | H35: =เช้า!H35+'เย็น '!H35+บ่าย!H35 -> 0 | I35: =เช้า!I35+'เย็น '!I35+บ่าย!I35 -> 0 | J35: =เช้า!J35+'เย็น '!J35+บ่าย!J35 -> 0 | K35: =SUM(D35:J35) -> 2 | P35: =(L35+M35+N35+O35)-K35 -> -2 | S35: 40 | T35: =S35+R35+P35 -> 38 | W35: 1111009 | X35: ชิฟฟอนไส้แยมรวมรส 6 ชิ้น | Y35: 20
B36: 1111083 | C36: ชิฟฟอนไส้แยมแยกชิ้น เมล่อน | D36: =เช้า!D36+'เย็น '!D36+บ่าย!D36 -> 0 | E36: =เช้า!E36+'เย็น '!E36+บ่าย!E36 -> 0 | F36: =เช้า!F36+'เย็น '!F36+บ่าย!F36 -> 0 | G36: =เช้า!G36+'เย็น '!G36+บ่าย!G36 -> 2 | H36: =เช้า!H36+'เย็น '!H36+บ่าย!H36 -> 0 | I36: =เช้า!I36+'เย็น '!I36+บ่าย!I36 -> 0 | J36: =เช้า!J36+'เย็น '!J36+บ่าย!J36 -> 0 | K36: =SUM(D36:J36) -> 2 | P36: =(L36+M36+N36+O36)-K36 -> -2 | S36: 40 | T36: =S36+R36+P36 -> 38 | W36: 1111008 | X36: ชิฟฟอนไส้แยมรวมรส 3 ชิ้น | Y36: 250
B37: 1111010 | C37: ชิฟฟอนไส้แยมแยกชิ้น คละรส | D37: =เช้า!D37+'เย็น '!D37+บ่าย!D37 -> 0 | E37: =เช้า!E37+'เย็น '!E37+บ่าย!E37 -> 0 | F37: =เช้า!F37+'เย็น '!F37+บ่าย!F37 -> 0 | G37: =เช้า!G37+'เย็น '!G37+บ่าย!G37 -> 0 | H37: =เช้า!H37+'เย็น '!H37+บ่าย!H37 -> 0 | I37: =เช้า!I37+'เย็น '!I37+บ่าย!I37 -> 0 | J37: =เช้า!J37+'เย็น '!J37+บ่าย!J37 -> 0 | K37: =SUM(D37:J37) -> 0 | P37: =(L37+M37+N37+O37)-K37 -> 0 | T37: =S37+R37+P37 -> 0
C38: รวม | D38: =เช้า!D38+'เย็น '!D38+บ่าย!D38 -> 0 | E38: =เช้า!E38+'เย็น '!E38+บ่าย!E38 -> 0 | F38: =เช้า!F38+'เย็น '!F38+บ่าย!F38 -> 0 | G38: =เช้า!G38+'เย็น '!G38+บ่าย!G38 -> 0 | H38: =เช้า!H38+'เย็น '!H38+บ่าย!H38 -> 0 | I38: =เช้า!I38+'เย็น '!I38+บ่าย!I38 -> 0 | J38: =เช้า!J38+'เย็น '!J38+บ่าย!J38 -> 0 | K38: =SUM(D38:J38) -> 0 | P38: =(L38+M38+N38+O38)-K38 -> 0 | T38: =S38+R38+P38 -> 0 | W38: 1114501 | X38: ครีมฮอร์นไส้เนย วนิลา | Y38: 400
B39: ชิฟฟอนไส้แยม 6 ชิ้น | T39: =S39+R39+P39 -> 0 | W39: 1114503 | X39: ครีมฮอร์นไส้เนย ชอค | Y39: 400
B40: 1111009 | C40: ชิฟฟอนไส้แยมรวมรส 6 ชิ้น | D40: =เช้า!D40+'เย็น '!D40+บ่าย!D40 -> 0 | E40: =เช้า!E40+'เย็น '!E40+บ่าย!E40 -> 0 | F40: =เช้า!F40+'เย็น '!F40+บ่าย!F40 -> 10 | G40: =เช้า!G40+'เย็น '!G40+บ่าย!G40 -> 5 | H40: =เช้า!H40+'เย็น '!H40+บ่าย!H40 -> 0 | I40: =เช้า!I40+'เย็น '!I40+บ่าย!I40 -> 0 | J40: =เช้า!J40+'เย็น '!J40+บ่าย!J40 -> 0 | K40: =SUM(D40:J40) -> 15 | P40: =(L40+M40+N40+O40)-K40 -> -15 | S40: 20 | T40: =S40+R40+P40 -> 5 | W40: 1124021 | X40: ขนมปังหั่นสไลด์ | Y40: 400
B41: ชิฟฟอนไส้แยม 3 ชิ้น | T41: =S41+R41+P41 -> 0
B42: 1111008 | C42: ชิฟฟอนไส้แยมรวมรส 3 ชิ้น | D42: =เช้า!D42+'เย็น '!D42+บ่าย!D42 -> 9 | E42: =เช้า!E42+'เย็น '!E42+บ่าย!E42 -> 0 | F42: =เช้า!F42+'เย็น '!F42+บ่าย!F42 -> 0 | G42: =เช้า!G42+'เย็น '!G42+บ่าย!G42 -> 44 | H42: =เช้า!H42+'เย็น '!H42+บ่าย!H42 -> 0 | I42: =เช้า!I42+'เย็น '!I42+บ่าย!I42 -> 0 | J42: =เช้า!J42+'เย็น '!J42+บ่าย!J42 -> 0 | K42: =SUM(D42:J42) -> 53 | P42: =(L42+M42+N42+O42)-K42 -> -53 | S42: 250 | T42: =S42+R42+P42 -> 197
B43: เบาหวิว ล 110 กรัม | T43: =S43+R43+P43 -> 0
B44: 1112009 | C44: มะพร้าว | D44: =เช้า!D44+'เย็น '!D44+บ่าย!D47 -> 1 | E44: =เช้า!E44+'เย็น '!E44+บ่าย!E47 -> 8 | F44: =เช้า!F44+'เย็น '!F44+บ่าย!F47 -> 17 | G44: =เช้า!G44+'เย็น '!G44+บ่าย!G47 -> 33 | H44: =เช้า!H44+'เย็น '!H44+บ่าย!H47 -> 5 | I44: =เช้า!I44+'เย็น '!I44+บ่าย!I47 -> 3 | J44: =เช้า!J44+'เย็น '!J44+บ่าย!J47 -> 0 | K44: =SUM(D44:J44) -> 67 | L44: 283 | M44: 110 | P44: =(L44+M44+N44+O44)-K44 -> 326 | R44: 100 | T44: =S44+R44+P44 -> 426
B45: 1112011 | C45: ฝอยทอง | D45: =เช้า!D45+'เย็น '!D45+บ่าย!D48 -> 6 | E45: =เช้า!E45+'เย็น '!E45+บ่าย!E48 -> 9 | F45: =เช้า!F45+'เย็น '!F45+บ่าย!F48 -> 20 | G45: =เช้า!G45+'เย็น '!G45+บ่าย!G48 -> 33 | H45: =เช้า!H45+'เย็น '!H45+บ่าย!H48 -> 5 | I45: =เช้า!I45+'เย็น '!I45+บ่าย!I48 -> 3 | J45: =เช้า!J45+'เย็น '!J45+บ่าย!J48 -> 0 | K45: =SUM(D45:J45) -> 76 | L45: 50 | M45: 110 | P45: =(L45+M45+N45+O45)-K45 -> 84 | R45: 100 | T45: =S45+R45+P45 -> 184
B46: 1112003 | C46: กาแฟ | D46: =เช้า!D46+'เย็น '!D46+บ่าย!D49 -> 2 | E46: =เช้า!E46+'เย็น '!E46+บ่าย!E49 -> 0 | F46: =เช้า!F46+'เย็น '!F46+บ่าย!F49 -> 0 | G46: =เช้า!G46+'เย็น '!G46+บ่าย!G49 -> 0 | H46: =เช้า!H46+'เย็น '!H46+บ่าย!H49 -> 0 | I46: =เช้า!I46+'เย็น '!I46+บ่าย!I49 -> 0 | J46: =เช้า!J46+'เย็น '!J46+บ่าย!J49 -> 0 | K46: =SUM(D46:J46) -> 2 | P46: =(L46+M46+N46+O46)-K46 -> -2 | R46: 20 | T46: =S46+R46+P46 -> 18
B47: 1112005 | C47: เนยนม | D47: =เช้า!D47+'เย็น '!D47+บ่าย!D50 -> 5 | E47: =เช้า!E47+'เย็น '!E47+บ่าย!E50 -> 0 | F47: =เช้า!F47+'เย็น '!F47+บ่าย!F50 -> 0 | G47: =เช้า!G47+'เย็น '!G47+บ่าย!G50 -> 0 | H47: =เช้า!H47+'เย็น '!H47+บ่าย!H50 -> 0 | I47: =เช้า!I47+'เย็น '!I47+บ่าย!I50 -> 0 | J47: =เช้า!J47+'เย็น '!J47+บ่าย!J50 -> 0 | K47: =SUM(D47:J47) -> 5 | P47: =(L47+M47+N47+O47)-K47 -> -5 | R47: 20 | T47: =S47+R47+P47 -> 15
B48: 1112007 | C48: ใบเตย | D48: =เช้า!D48+'เย็น '!D48+บ่าย!D51 -> 0 | E48: =เช้า!E48+'เย็น '!E48+บ่าย!E51 -> 0 | F48: =เช้า!F48+'เย็น '!F48+บ่าย!F51 -> 0 | G48: =เช้า!G48+'เย็น '!G48+บ่าย!G51 -> 0 | H48: =เช้า!H48+'เย็น '!H48+บ่าย!H51 -> 0 | I48: =เช้า!I48+'เย็น '!I48+บ่าย!I51 -> 0 | J48: =เช้า!J48+'เย็น '!J48+บ่าย!J51 -> 0 | K48: =SUM(D48:J48) -> 0 | P48: =(L48+M48+N48+O48)-K48 -> 0 | T48: =S48+R48+P48 -> 0
B49: 1112019 | C49: ทุเรียน | D49: =เช้า!D49+'เย็น '!D49+บ่าย!D52 -> 0 | E49: =เช้า!E49+'เย็น '!E49+บ่าย!E52 -> 0 | F49: =เช้า!F49+'เย็น '!F49+บ่าย!F52 -> 0 | G49: =เช้า!G49+'เย็น '!G49+บ่าย!G52 -> 0 | H49: =เช้า!H49+'เย็น '!H49+บ่าย!H52 -> 0 | I49: =เช้า!I49+'เย็น '!I49+บ่าย!I52 -> 0 | J49: =เช้า!J49+'เย็น '!J49+บ่าย!J52 -> 0 | K49: =SUM(D49:J49) -> 0 | P49: =(L49+M49+N49+O49)-K49 -> 0 | T49: =S49+R49+P49 -> 0
B50: 1112017 | C50: ตาลหอม | D50: =เช้า!D50+'เย็น '!D50+บ่าย!D53 -> 1 | E50: =เช้า!E50+'เย็น '!E50+บ่าย!E53 -> 0 | F50: =เช้า!F50+'เย็น '!F50+บ่าย!F53 -> 0 | G50: =เช้า!G50+'เย็น '!G50+บ่าย!G53 -> 0 | H50: =เช้า!H50+'เย็น '!H50+บ่าย!H53 -> 0 | I50: =เช้า!I50+'เย็น '!I50+บ่าย!I53 -> 0 | J50: =เช้า!J50+'เย็น '!J50+บ่าย!J53 -> 0 | K50: =SUM(D50:J50) -> 1 | P50: =(L50+M50+N50+O50)-K50 -> -1 | R50: 20 | T50: =S50+R50+P50 -> 19
B51: 1112015 | C51: กล้วยหอมมะพร้าวเผา | D51: =เช้า!D51+'เย็น '!D51+บ่าย!D54 -> 0 | E51: =เช้า!E51+'เย็น '!E51+บ่าย!E54 -> 0 | F51: =เช้า!F51+'เย็น '!F51+บ่าย!F54 -> 0 | G51: =เช้า!G51+'เย็น '!G51+บ่าย!G54 -> 0 | H51: =เช้า!H51+'เย็น '!H51+บ่าย!H54 -> 0 | I51: =เช้า!I51+'เย็น '!I51+บ่าย!I54 -> 0 | J51: =เช้า!J51+'เย็น '!J51+บ่าย!J54 -> 0 | K51: =SUM(D51:J51) -> 0 | P51: =(L51+M51+N51+O51)-K51 -> 0 | R51: 20 | T51: =S51+R51+P51 -> 20
B52: 1112013 | C52: เผือกมะพร้าวอ่อน | D52: =เช้า!D52+'เย็น '!D52+บ่าย!D55 -> 3 | E52: =เช้า!E52+'เย็น '!E52+บ่าย!E55 -> 7 | F52: =เช้า!F52+'เย็น '!F52+บ่าย!F55 -> 8 | G52: =เช้า!G52+'เย็น '!G52+บ่าย!G55 -> 33 | H52: =เช้า!H52+'เย็น '!H52+บ่าย!H55 -> 5 | I52: =เช้า!I52+'เย็น '!I52+บ่าย!I55 -> 3 | J52: =เช้า!J52+'เย็น '!J52+บ่าย!J55 -> 0 | K52: =SUM(D52:J52) -> 59 | L52: 223 | M52: 110 | P52: =(L52+M52+N52+O52)-K52 -> 274 | R52: 100 | T52: =S52+R52+P52 -> 374
B53: 1124043 | C53: เบาหวิว คละรส | D53: =เช้า!D53+'เย็น '!D53+บ่าย!D56 -> 0 | E53: =เช้า!E53+'เย็น '!E53+บ่าย!E56 -> 0 | F53: =เช้า!F53+'เย็น '!F53+บ่าย!F56 -> 0 | G53: =เช้า!G53+'เย็น '!G53+บ่าย!G56 -> 0 | H53: =เช้า!H53+'เย็น '!H53+บ่าย!H56 -> 0 | I53: =เช้า!I53+'เย็น '!I53+บ่าย!I56 -> 0 | J53: =เช้า!J53+'เย็น '!J53+บ่าย!J56 -> 0 | K53: =SUM(D53:J53) -> 0 | P53: =(L53+M53+N53+O53)-K53 -> 0 | T53: =S53+R53+P53 -> 0
C54: รวม | K54: =SUM(D54:J54) -> 0 | P54: =SUM(P44:P53) -> 676 | T54: =S54+R54+P54 -> 676
B55: อื่นๆ | T55: =S55+R55+P55 -> 0
B56: 1100003 | C56: เมอแรงค์ กระปุก | D56: =เช้า!D56+'เย็น '!D56+บ่าย!D59 -> 2 | E56: =เช้า!E56+'เย็น '!E56+บ่าย!E59 -> 2 | F56: =เช้า!F56+'เย็น '!F56+บ่าย!F59 -> 0 | G56: =เช้า!G56+'เย็น '!G56+บ่าย!G59 -> 0 | H56: =เช้า!H56+'เย็น '!H56+บ่าย!H59 -> 0 | I56: =เช้า!I56+'เย็น '!I56+บ่าย!I59 -> 0 | J56: =เช้า!J56+'เย็น '!J56+บ่าย!J59 -> 0 | K56: =SUM(D56:J56) -> 4 | P56: =(L56+M56+N56+O56)-K56 -> -4 | T56: =S56+R56+P56 -> -4
B57: 1100001 | C57: พายสับปรด 1 ชิ้น | D57: =เช้า!D57+'เย็น '!D57+บ่าย!D60 -> 0 | E57: =เช้า!E57+'เย็น '!E57+บ่าย!E60 -> 1 | F57: =เช้า!F57+'เย็น '!F57+บ่าย!F60 -> 0 | G57: =เช้า!G57+'เย็น '!G57+บ่าย!G60 -> 1 | H57: =เช้า!H57+'เย็น '!H57+บ่าย!H60 -> 0 | I57: =เช้า!I57+'เย็น '!I57+บ่าย!I60 -> 0 | J57: =เช้า!J57+'เย็น '!J57+บ่าย!J60 -> 0 | K57: =SUM(D57:J57) -> 2 | P57: =(L57+M57+N57+O57)-K57 -> -2 | T57: =S57+R57+P57 -> -2
B58: 1100002 | C58: พายสับปรด 1 กล่อง | D58: =เช้า!D58+'เย็น '!D58+บ่าย!D61 -> 0 | E58: =เช้า!E58+'เย็น '!E58+บ่าย!E61 -> 1 | F58: =เช้า!F58+'เย็น '!F58+บ่าย!F61 -> 0 | G58: =เช้า!G58+'เย็น '!G58+บ่าย!G61 -> 2 | H58: =เช้า!H58+'เย็น '!H58+บ่าย!H61 -> 3 | I58: =เช้า!I58+'เย็น '!I58+บ่าย!I61 -> 0 | J58: =เช้า!J58+'เย็น '!J58+บ่าย!J61 -> 0 | K58: =SUM(D58:J58) -> 6 | P58: =(L58+M58+N58+O58)-K58 -> -6 | T58: =S58+R58+P58 -> -6
B59: 1200001 | C59: คอนเฟลค | D59: =เช้า!D59+'เย็น '!D59+บ่าย!D62 -> 0 | E59: =เช้า!E59+'เย็น '!E59+บ่าย!E62 -> 1 | F59: =เช้า!F59+'เย็น '!F59+บ่าย!F62 -> 0 | G59: =เช้า!G59+'เย็น '!G59+บ่าย!G62 -> 0 | H59: =เช้า!H59+'เย็น '!H59+บ่าย!H62 -> 0 | I59: =เช้า!I59+'เย็น '!I59+บ่าย!I62 -> 0 | J59: =เช้า!J59+'เย็น '!J59+บ่าย!J62 -> 0 | K59: =SUM(D59:J59) -> 1 | P59: =(L59+M59+N59+O59)-K59 -> -1 | T59: =S59+R59+P59 -> -1
B60: 1005761 | C60: ปังกรอบคาราเมล(ถุง) | D60: =เช้า!D60+'เย็น '!D60+บ่าย!D63 -> 0 | E60: =เช้า!E60+'เย็น '!E60+บ่าย!E63 -> 0 | F60: =เช้า!F60+'เย็น '!F60+บ่าย!F63 -> 3 | G60: =เช้า!G60+'เย็น '!G60+บ่าย!G63 -> 0 | H60: =เช้า!H60+'เย็น '!H60+บ่าย!H63 -> 0 | I60: =เช้า!I60+'เย็น '!I60+บ่าย!I63 -> 0 | J60: =เช้า!J60+'เย็น '!J60+บ่าย!J63 -> 0 | K60: =SUM(D60:J60) -> 3 | P60: =(L60+M60+N60+O60)-K60 -> -3 | T60: =S60+R60+P60 -> -3
B61: 1114501 | C61: ครีมฮอร์นไส้เนย วนิลา | D61: =เช้า!D61+'เย็น '!D61+บ่าย!D64 -> 0 | E61: =เช้า!E61+'เย็น '!E61+บ่าย!E64 -> 10 | F61: =เช้า!F61+'เย็น '!F61+บ่าย!F64 -> 5 | G61: =เช้า!G61+'เย็น '!G61+บ่าย!G64 -> 404 | H61: =เช้า!H61+'เย็น '!H61+บ่าย!H64 -> 211 | I61: =เช้า!I61+'เย็น '!I61+บ่าย!I64 -> 113 | J61: =เช้า!J61+'เย็น '!J61+บ่าย!J64 -> 0 | K61: =SUM(D61:J61) -> 743 | P61: =(L61+M61+N61+O61)-K61 -> -743 | T61: =S61+R61+P61 -> -743
B62: 1114502 | C62: ครีมฮอร์นไส้เนย ใบเตย | D62: =เช้า!D62+'เย็น '!D62+บ่าย!D65 -> 0 | E62: =เช้า!E62+'เย็น '!E62+บ่าย!E65 -> 3 | F62: =เช้า!F62+'เย็น '!F62+บ่าย!F65 -> 4 | G62: =เช้า!G62+'เย็น '!G62+บ่าย!G65 -> 403 | H62: =เช้า!H62+'เย็น '!H62+บ่าย!H65 -> 211 | I62: =เช้า!I62+'เย็น '!I62+บ่าย!I65 -> 113 | J62: =เช้า!J62+'เย็น '!J62+บ่าย!J65 -> 0 | K62: =SUM(D62:J62) -> 734 | P62: =(L62+M62+N62+O62)-K62 -> -734 | S62: 400 | T62: =S62+R62+P62 -> -334
B63: 1114503 | C63: ครีมฮอร์นไส้เนย ชอค | D63: =เช้า!D63+'เย็น '!D63+บ่าย!D66 -> 0 | E63: =เช้า!E63+'เย็น '!E63+บ่าย!E66 -> 4 | F63: =เช้า!F63+'เย็น '!F63+บ่าย!F66 -> 6 | G63: =เช้า!G63+'เย็น '!G63+บ่าย!G66 -> 401 | H63: =เช้า!H63+'เย็น '!H63+บ่าย!H66 -> 211 | I63: =เช้า!I63+'เย็น '!I63+บ่าย!I66 -> 113 | J63: =เช้า!J63+'เย็น '!J63+บ่าย!J66 -> 0 | K63: =SUM(D63:J63) -> 735 | P63: =(L63+M63+N63+O63)-K63 -> -735 | T63: =S63+R63+P63 -> -735
B64: 1124021 | C64: ขนมปังหั่นสไลด์ | D64: =เช้า!D64+'เย็น '!D64+บ่าย!D67 -> 2 | E64: =เช้า!E64+'เย็น '!E64+บ่าย!E67 -> 54 | F64: =เช้า!F64+'เย็น '!F64+บ่าย!F67 -> 50 | G64: =เช้า!G64+'เย็น '!G64+บ่าย!G67 -> 78 | H64: =เช้า!H64+'เย็น '!H64+บ่าย!H67 -> 0 | I64: =เช้า!I64+'เย็น '!I64+บ่าย!I67 -> 8 | J64: =เช้า!J64+'เย็น '!J64+บ่าย!J67 -> 0 | K64: =SUM(D64:J64) -> 192 | P64: =(L64+M64+N64+O64)-K64 -> -192 | R64: 400 | T64: =S64+R64+P64 -> 208
B65: 1113084 | C65: ปังเนยนิ่ม กล่อง 2 ชิ้น | D65: =เช้า!D65+'เย็น '!D65+บ่าย!D68 -> 0 | E65: =เช้า!E65+'เย็น '!E65+บ่าย!E68 -> 0 | F65: =เช้า!F65+'เย็น '!F65+บ่าย!F68 -> 0 | G65: =เช้า!G65+'เย็น '!G65+บ่าย!G68 -> 0 | H65: =เช้า!H65+'เย็น '!H65+บ่าย!H68 -> 0 | I65: =เช้า!I65+'เย็น '!I65+บ่าย!I68 -> 0 | J65: =เช้า!J65+'เย็น '!J65+บ่าย!J68 -> 0 | K65: =SUM(D65:J65) -> 0 | P65: =(L65+M65+N65+O65)-K65 -> 0 | T65: =S65+R65+P65 -> 0
B66: 900003 | C66: กล่องเปล่าชิฟอน ล | D66: =เช้า!D66+'เย็น '!D66+บ่าย!D69 -> 0 | E66: =เช้า!E66+'เย็น '!E66+บ่าย!E69 -> 0 | F66: =เช้า!F66+'เย็น '!F66+บ่าย!F69 -> 0 | G66: =เช้า!G66+'เย็น '!G66+บ่าย!G69 -> 0 | H66: =เช้า!H66+'เย็น '!H66+บ่าย!H69 -> 0 | I66: =เช้า!I66+'เย็น '!I66+บ่าย!I69 -> 0 | J66: =เช้า!J66+'เย็น '!J66+บ่าย!J69 -> 0 | K66: =SUM(D66:J66) -> 0 | P66: =(L66+M66+N66+O66)-K66 -> 0 | T66: =S66+R66+P66 -> 0
B67: 900004 | C67: กล่องเปล่าชิฟอน ญ | D67: =เช้า!D67+'เย็น '!D67+บ่าย!D70 -> 0 | E67: =เช้า!E67+'เย็น '!E67+บ่าย!E70 -> 0 | F67: =เช้า!F67+'เย็น '!F67+บ่าย!F70 -> 0 | G67: =เช้า!G67+'เย็น '!G67+บ่าย!G70 -> 0 | H67: =เช้า!H67+'เย็น '!H67+บ่าย!H70 -> 0 | I67: =เช้า!I67+'เย็น '!I67+บ่าย!I70 -> 0 | J67: =เช้า!J67+'เย็น '!J67+บ่าย!J70 -> 0 | K67: =SUM(D67:J67) -> 0 | P67: =(L67+M67+N67+O67)-K67 -> 0 | T67: =S67+R67+P67 -> 0
B68: 1200002 | C68: ทอฟฟี่ถั่ว กล่อง | D68: =เช้า!D68+'เย็น '!D68+บ่าย!D71 -> 0 | E68: =เช้า!E68+'เย็น '!E68+บ่าย!E71 -> 0 | F68: =เช้า!F68+'เย็น '!F68+บ่าย!F71 -> 0 | G68: =เช้า!G68+'เย็น '!G68+บ่าย!G71 -> 0 | H68: =เช้า!H68+'เย็น '!H68+บ่าย!H71 -> 0 | I68: =เช้า!I68+'เย็น '!I68+บ่าย!I71 -> 0 | J68: =เช้า!J68+'เย็น '!J68+บ่าย!J71 -> 0 | K68: =SUM(D68:J68) -> 0 | P68: =(L68+M68+N68+O68)-K68 -> 0 | T68: =S68+R68+P68 -> 0
B69: 1200003 | C69: ทอฟฟี่ถั่ว กระเช้า | D69: =เช้า!D69+'เย็น '!D69+บ่าย!D72 -> 0 | E69: =เช้า!E69+'เย็น '!E69+บ่าย!E72 -> 0 | F69: =เช้า!F69+'เย็น '!F69+บ่าย!F72 -> 0 | G69: =เช้า!G69+'เย็น '!G69+บ่าย!G72 -> 0 | H69: =เช้า!H69+'เย็น '!H69+บ่าย!H72 -> 0 | I69: =เช้า!I69+'เย็น '!I69+บ่าย!I72 -> 0 | J69: =เช้า!J69+'เย็น '!J69+บ่าย!J72 -> 0 | K69: =SUM(D69:J69) -> 0 | P69: =(L69+M69+N69+O69)-K69 -> 0 | T69: =S69+R69+P69 -> 0
B70: 1200004 | C70: ทอฟฟี่ถั่ว กระปุก | D70: =เช้า!D70+'เย็น '!D70+บ่าย!D73 -> 0 | E70: =เช้า!E70+'เย็น '!E70+บ่าย!E73 -> 0 | F70: =เช้า!F70+'เย็น '!F70+บ่าย!F73 -> 0 | G70: =เช้า!G70+'เย็น '!G70+บ่าย!G73 -> 0 | H70: =เช้า!H70+'เย็น '!H70+บ่าย!H73 -> 0 | I70: =เช้า!I70+'เย็น '!I70+บ่าย!I73 -> 0 | J70: =เช้า!J70+'เย็น '!J70+บ่าย!J73 -> 0 | K70: =SUM(D70:J70) -> 0 | P70: =(L70+M70+N70+O70)-K70 -> 0 | T70: =S70+R70+P70 -> 0
B71: 1200093 | C71: ท็อฟฟี่ถั่ว ครึ่งกิโล | D71: =เช้า!D71+'เย็น '!D71+บ่าย!D74 -> 0 | E71: =เช้า!E71+'เย็น '!E71+บ่าย!E74 -> 0 | F71: =เช้า!F71+'เย็น '!F71+บ่าย!F74 -> 0 | G71: =เช้า!G71+'เย็น '!G71+บ่าย!G74 -> 0 | H71: =เช้า!H71+'เย็น '!H71+บ่าย!H74 -> 0 | I71: =เช้า!I71+'เย็น '!I71+บ่าย!I74 -> 0 | J71: =เช้า!J71+'เย็น '!J71+บ่าย!J74 -> 0 | K71: =SUM(D71:J71) -> 0 | P71: =(L71+M71+N71+O71)-K71 -> 0 | T71: =S71+R71+P71 -> 0
B72: 1200092 | C72: ท็อฟฟี่ถั่ว 1 กิโล | D72: =เช้า!D72+'เย็น '!D72+บ่าย!D75 -> 0 | E72: =เช้า!E72+'เย็น '!E72+บ่าย!E75 -> 0 | F72: =เช้า!F72+'เย็น '!F72+บ่าย!F75 -> 0 | G72: =เช้า!G72+'เย็น '!G72+บ่าย!G75 -> 0 | H72: =เช้า!H72+'เย็น '!H72+บ่าย!H75 -> 0 | I72: =เช้า!I72+'เย็น '!I72+บ่าย!I75 -> 0 | J72: =เช้า!J72+'เย็น '!J72+บ่าย!J75 -> 0 | K72: =SUM(D72:J72) -> 0 | P72: =(L72+M72+N72+O72)-K72 -> 0 | T72: =S72+R72+P72 -> 0
C73: เศษขนมปังปลา5กก. | D73: =เช้า!D73+'เย็น '!D73+บ่าย!D76 -> 0 | E73: =เช้า!E73+'เย็น '!E73+บ่าย!E76 -> 0 | F73: =เช้า!F73+'เย็น '!F73+บ่าย!F76 -> 0 | G73: =เช้า!G73+'เย็น '!G73+บ่าย!G76 -> 0 | H73: =เช้า!H73+'เย็น '!H73+บ่าย!H76 -> 0 | I73: =เช้า!I73+'เย็น '!I73+บ่าย!I76 -> 0 | J73: =เช้า!J73+'เย็น '!J73+บ่าย!J76 -> 2 | K73: =SUM(D73:J73) -> 2 | P73: =(L73+M73+N73+O73)-K73 -> -2 | T73: =S73+R73+P73 -> -2
C74: เศษขนมปังปลา1กก. | D74: =เช้า!D74+'เย็น '!D74+บ่าย!D77 -> 0 | E74: =เช้า!E74+'เย็น '!E74+บ่าย!E77 -> 16 | F74: =เช้า!F74+'เย็น '!F74+บ่าย!F77 -> 0 | G74: =เช้า!G74+'เย็น '!G74+บ่าย!G77 -> 0 | H74: =เช้า!H74+'เย็น '!H74+บ่าย!H77 -> 0 | I74: =เช้า!I74+'เย็น '!I74+บ่าย!I77 -> 0 | J74: =เช้า!J74+'เย็น '!J74+บ่าย!J77 -> 2 | K74: =SUM(D74:J74) -> 18 | P74: =(L74+M74+N74+O74)-K74 -> -18 | T74: =S74+R74+P74 -> -18
B75: 20052721 | C75: แซนวิชโบราณ | D75: =เช้า!D75+'เย็น '!D75+บ่าย!D78 -> 0 | E75: =เช้า!E75+'เย็น '!E75+บ่าย!E78 -> 0 | F75: =เช้า!F75+'เย็น '!F75+บ่าย!F78 -> 0 | G75: =เช้า!G75+'เย็น '!G75+บ่าย!G78 -> 0 | H75: =เช้า!H75+'เย็น '!H75+บ่าย!H78 -> 0 | I75: =เช้า!I75+'เย็น '!I75+บ่าย!I78 -> 0 | J75: =เช้า!J75+'เย็น '!J75+บ่าย!J78 -> 0 | K75: =SUM(D75:J75) -> 0 | P75: =(L75+M75+N75+O75)-K75 -> 0
D76: =SUM(D7:D38,D40:D40,D42,D44:D53,D56:D75) -> 31 | E76: =SUM(E7:E38,E40:E40,E42,E44:E53,E56:E75) -> 152 | F76: =SUM(F7:F38,F40:F40,F42,F44:F53,F56:F75) -> 198 | G76: =SUM(G7:G38,G40:G40,G42,G44:G53,G56:G75) -> 1606 | H76: =SUM(H7:H38,H40:H40,H42,H44:H53,H56:H75) -> 658 | I76: =SUM(I7:I38,I40:I40,I42,I44:I53,I56:I75) -> 364 | J76: =SUM(J7:J38,J40:J40,J42,J44:J53,J56:J75) -> 7 | K76: =SUM(K7:K38,K40:K40,K42,K44:K53,K56:K75) -> 3016 | L76: =SUM(L56:L75,L44:L52,L42:L42,L40:L40,L7:L37) -> 556 | M76: =SUM(M56:M75,M44:M52,M42:M42,M40:M40,M7:M37) -> 330 | N76: =SUM(N56:N75,N44:N52,N42:N42,N40:N40,N7:N37) -> 0 | O76: =SUM(O56:O75,O44:O52,O42:O42,O40:O40,O7:O37) -> 0 | P76: =SUM(P56:P75,P44:P52,P42:P42,P40:P40,P7:P37) -> -2130
B80: …..................................................................................... | I80: ….....................................................................................
B81: ผู้จัดทำ | I81: ผู้รับทราบ
