Workbook

Sheet เย็น  
B1: ยอดจริง ออนไลน์ วันที่ 20/11/2567 - เย็น
K2: ยอดรวมผลิต
K3: จำนวน
B4: รหัสสินค้า | C4: สินค้า | D4: ปณ | E4: ชอปปี้ | F4: ลาซาด้า | G4: ติ๊กตอก | H4: ติ๊กตอก2 | I4: ติ๊กตอก3 | J4: ชอยส์ | K4: (กล่อง)
B6: ชิฟฟอนรวมรส
B7: 1111002 | C7: ชิฟฟอนรวมรส 8 ชิ้น | E7: 5 | F7: 8 | K7: =SUM(D7:J7) -> 13
B8: 1111043 | C8: ชิฟฟอน 8 ชิ้น มะลิ | K8: =SUM(D8:J8) -> 0
B9: 1111056 | C9: ชิฟฟอน 8 ชิ้น รวมรสยอดฮิต | F9: 1 | K9: =SUM(D9:J9) -> 1
B10: 1004055 | C10: ชิฟฟอนรวมรส 4 ชิ้น | G10: 15 | K10: =SUM(D10:J10) -> 15
B11: 1111057 | C11: ชิฟฟอนแยกชิ้น กาแฟ | K11: =SUM(D11:J11) -> 0
B12: 1111058 | C12: ชิฟฟอนแยกชิ้น ชาเขียว | K12: =SUM(D12:J12) -> 0
B13: 1111059 | C13: ชิฟฟอนแยกชิ้น ใบเตย | K13: =SUM(D13:J13) -> 0
B14: 1111060 | C14: ชิฟฟอนแยกชิ้น กล้วยหอม | K14: =SUM(D14:J14) -> 0
B15: 1111061 | C15: ชิฟฟอนแยกชิ้น ชาไทย | K15: =SUM(D15:J15) -> 0
B16: 1111062 | C16: ชิฟฟอนแยกชิ้น โกโก้ | K16: =SUM(D16:J16) -> 0
B17: 1111063 | C17: ชิฟฟอนแยกชิ้น ส้ม | K17: =SUM(D17:J17) -> 0
B18: 1111064 | C18: ชิฟฟอนแยกชิ้น เผือก | K18: =SUM(D18:J18) -> 0
B19: 1111065 | C19: ชิฟฟอนแยกชิ้น สับปะรด | K19: =SUM(D19:J19) -> 0
B20: 1111066 | C20: ชิฟฟอนแยกชิ้น สตอเบอรี่ | K20: =SUM(D20:J20) -> 0
B21: 1111067 | C21: ชิฟฟอนแยกชิ้น มะพร้าว | K21: =SUM(D21:J21) -> 0
B22: 1111068 | C22: ชิฟฟอนแยกชิ้น เนย | K22: =SUM(D22:J22) -> 0
... B26: 1111001 | C26: ชิฟฟอนแยกชิ้น คละรส | K26: =SUM(D26:J26) -> 0
B27: 1111074 | C27: ชิฟฟอนไส้แยมแยกชิ้น มะพร้าว | G27: 1 | K27: =SUM(D27:J27) -> 1
B28: 1111075 | C28: ชิฟฟอนไส้แยมแยกชิ้น สตอเบอรี่ | G28: 1 | K28: =SUM(D28:J28) -> 1
B29: 1111076 | C29: ชิฟฟอนไส้แยมแยกชิ้น ส้ม | G29: 1 | K29: =SUM(D29:J29) -> 1
B30: 1111077 | C30: ชิฟฟอนไส้แยมแยกชิ้น บลูเบอรี่ | G30: 1 | K30: =SUM(D30:J30) -> 1
B31: 1111078 | C31: ชิฟฟอนไส้แยมแยกชิ้น นมชมพู | G31: 1 | K31: =SUM(D31:J31) -> 1
B32: 1111079 | C32: ชิฟฟอนไส้แยมแยกชิ้น ชอคโกแลต | K32: =SUM(D32:J32) -> 0
B33: 1111080 | C33: ชิฟฟอนไส้แยมแยกชิ้น ฝอยทอง | K33: =SUM(D33:J33) -> 0
B34: 1111081 | C34: ชิฟฟอนไส้แยมแยกชิ้น วนิลา | K34: =SUM(D34:J34) -> 0
B35: 1111082 | C35: ชิฟฟอนไส้แยมแยกชิ้น ใบเตย | K35: =SUM(D35:J35) -> 0
B36: 1111083 | C36: ชิฟฟอนไส้แยมแยกชิ้น เมล่อน | K36: =SUM(D36:J36) -> 0
B37: 1111010 | C37: ชิฟฟอนไส้แยมแยกชิ้น คละรส | K37: =SUM(D37:J37) -> 0
C38: รวม | K38: =SUM(D38:I38) -> 0
B39: ชิฟฟอนไส้แยม 6 ชิ้น
B40: 1111009 | C40: ชิฟฟอนไส้แยมรวมรส 6 ชิ้น | F40: 2 | K40: =SUM(D40:J40) -> 2
B42: ชิฟฟอนไส้แยม 3 ชิ้น
B43: 1111008 | C43: ชิฟฟอนไส้แยมรวมรส 3 ชิ้น | G43: 30 | K43: =SUM(D43:J43) -> 30
B44: เบาหวิว ล 110 กรัม
B45: 1112009 | C45: มะพร้าว | E45: 2 | F45: 2 | G45: 25 | K45: =SUM(D45:J45) -> 29
B46: 1112011 | C46: ฝอยทอง | E46: 2 | F46: 3 | G46: 25 | K46: =SUM(D46:J46) -> 30
B47: 1112003 | C47: กาแฟ | K47: =SUM(D47:J47) -> 0
B48: 1112005 | C48: เนยนม | K48: =SUM(D48:J48) -> 0
B49: 1112007 | C49: ใบเตย | K49: =SUM(D49:J49) -> 0
B50: 1112019 | C50: ทุเรียน | K50: =SUM(D50:J50) -> 0
B51: 1112017 | C51: ตาลหอม | K51: =SUM(D51:J51) -> 0
B52: 1112015 | C52: กล้วยหอมมะพร้าวเผา | K52: =SUM(D52:J52) -> 0
B53: 1112013 | C53: เผือกมะพร้าวอ่อน | E53: 2 | F53: 2 | G53: 25 | K53: =SUM(D53:J53) -> 29
B54: 1124043 | C54: เบาหวิว คละรส | K54: =SUM(D54:J54) -> 0
C55: รวม
B56: อื่นๆ
B57: 1100003 | C57: เมอแรงค์ กระปุก | K57: =SUM(D57:J57) -> 0
B58: 1100001 | C58: พายสับปรด 1 ชิ้น | K58: =SUM(D58:J58) -> 0
B59: 1100002 | C59: พายสับปรด 1 กล่อง | G59: 2 | K59: =SUM(D59:J59) -> 2
B60: 1200001 | C60: คอนเฟลค | K60: =SUM(D60:J60) -> 0
B61: 1005761 | C61: ปังกรอบคาราเมล(ถุง) | K61: =SUM(D61:J61) -> 0
B62: 1114501 | C62: ครีมฮอร์นไส้เนย วนิลา | E62: 3 | F62: 1 | G62: 79 | K62: =SUM(D62:J62) -> 83
B63: 1114502 | C63: ครีมฮอร์นไส้เนย ใบเตย | E63: 1 | F63: 1 | G63: 79 | K63: =SUM(D63:J63) -> 81
B64: 1114503 | C64: ครีมฮอร์นไส้เนย ชอค | E64: 2 | F64: 1 | G64: 79 | K64: =SUM(D64:J64) -> 82
B65: 1124021 | C65: ขนมปังหั่นสไลด์ | E65: 8 | F65: 6 | G65: 20 | K65: =SUM(D65:J65) -> 34
B66: 1113084 | C66: ปังเนยนิ่ม กล่อง 2 ชิ้น | K66: =SUM(D66:J66) -> 0
B67: 900003 | C67: กล่องเปล่าชิฟอน ล | K67: =SUM(D67:J67) -> 0
B68: 900004 | C68: กล่องเปล่าชิฟอน ญ | K68: =SUM(D68:J68) -> 0
B69: 1200002 | C69: ทอฟฟี่ถั่ว กล่อง | E69: 2 | K69: =SUM(D69:J69) -> 2
B70: 1200003 | C70: ทอฟฟี่ถั่ว กระเช้า | K70: =SUM(D70:J70) -> 0
B71: 1200004 | C71: ทอฟฟี่ถั่ว กระปุก | K71: =SUM(D71:J71) -> 0
B72: 1200093 | C72: ท็อฟฟี่ถั่ว ครึ่งกิโล | K72: =SUM(D72:J72) -> 0
B73: 1200092 | C73: ท็อฟฟี่ถั่ว 1 กิโล | K73: =SUM(D73:J73) -> 0
C74: เศษขนมปังปลา5กก. | K74: =SUM(D74:J74) -> 0
C75: เศษขนมปังปลา1กก. | K75: =SUM(D75:J75) -> 0
C76: กล่องทาร์ตสับปะรด | K76: =SUM(D76:J76) -> 0
D78: =SUM(D7:D37,D43,D45:D54,D57:D76) -> 0 | E78: =SUM(E7:E37,E43,E45:E54,E57:E76) -> 27 | F78: =SUM(F7:F37,F43,F45:F54,F57:F76) -> 25 | G78: =SUM(G7:G37,G43,G45:G54,G57:G76) -> 384 | H78: =SUM(H7:H37,H43,H45:H54,H57:H76) -> 0 | I78: =SUM(I7:I37,I43,I45:I54,I57:I76) -> 0 | J78: =SUM(J7:J37,J43,J45:J54,J57:J76) -> 0 | K78: =SUM(K7:K37,K43,K45:K54,K57:K76) -> 436
B80: …..................................................................................... | I80: ….....................................................................................
B81: ผู้จัดทำ | I81: ผู้รับทราบ

Sheet บ่าย
B1: ยอดจริง ออนไลน์ วันที่ 16/11/2567 - เย็น
K2: ยอดรวมผลิต
K3: จำนวน
B4: รหัสสินค้า | C4: สินค้า | D4: ปณ | E4: ชอปปี้ | F4: ลาซาด้า | G4: ติ๊กตอก | H4: ติ๊กตอก2 | I4: ติ๊กตอก3 | J4: ชอยส์ | K4: (กล่อง)
B6: ชิฟฟอนรวมรส
B7: 1111002 | C7: ชิฟฟอนรวมรส 8 ชิ้น | K7: =SUM(D7:J7) -> 0
B8: 1111043 | C8: ชิฟฟอน 8 ชิ้น มะลิ | K8: =SUM(D8:J8) -> 0
B9: 1111056 | C9: ชิฟฟอน 8 ชิ้น รวมรสยอดฮิต | K9: =SUM(D9:J9) -> 0
B10: 1004055 | C10: ชิฟฟอนรวมรส 4 ชิ้น | K10: =SUM(D10:J10) -> 0
B11: 1111057 | C11: ชิฟฟอนแยกชิ้น กาแฟ | K11: =SUM(D11:J11) -> 0
B12: 1111058 | C12: ชิฟฟอนแยกชิ้น ชาเขียว | K12: =SUM(D12:J12) -> 0
B13: 1111059 | C13: ชิฟฟอนแยกชิ้น ใบเตย | K13: =SUM(D13:J13) -> 0
B14: 1111060 | C14: ชิฟฟอนแยกชิ้น กล้วยหอม | K14: =SUM(D14:J14) -> 0
B15: 1111061 | C15: ชิฟฟอนแยกชิ้น ชาไทย | K15: =SUM(D15:J15) -> 0
B16: 1111062 | C16: ชิฟฟอนแยกชิ้น โกโก้ | K16: =SUM(D16:J16) -> 0
B17: 1111063 | C17: ชิฟฟอนแยกชิ้น ส้ม | K17: =SUM(D17:J17) -> 0
B18: 1111064 | C18: ชิฟฟอนแยกชิ้น เผือก | K18: =SUM(D18:J18) -> 0
... B37: 1111010 | C37: ชิฟฟอนไส้แยมแยกชิ้น คละรส | K37: =SUM(D37:J37) -> 0
C38: รวม | K38: =SUM(D38:I38) -> 0
B39: ชิฟฟอนไส้แยม 6 ชิ้น
B40: 1111009 | C40: ชิฟฟอนไส้แยมรวมรส 6 ชิ้น | K40: =SUM(D40:J40) -> 0
B41: ชิฟฟอนไส้แยม 3 ชิ้น
B42: 1111008 | C42: ชิฟฟอนไส้แยมรวมรส 3 ชิ้น | K42: =SUM(D42:J42) -> 0
B43: 1111017 | C43: ชิฟฟอนไส้แยมบลูเบอรี่ 3 ชิ้น
B44: 1111019 | C44: ชิฟฟอนไส้แยมฝอยทอง 3 ชิ้น
B45: 1111022 | C45: ชิฟฟอนไส้แยมสตอเบอรี่ 3 ชิ้น
B46: เบาหวิว ล 110 กรัม
B47: 1112009 | C47: มะพร้าว | K47: =SUM(D47:J47) -> 0
B48: 1112011 | C48: ฝอยทอง | K48: =SUM(D48:J48) -> 0
B49: 1112003 | C49: กาแฟ | K49: =SUM(D49:J49) -> 0
B50: 1112005 | C50: เนยนม | K50: =SUM(D50:J50) -> 0
B51: 1112007 | C51: ใบเตย | K51: =SUM(D51:J51) -> 0
B52: 1112019 | C52: ทุเรียน | K52: =SUM(D52:J52) -> 0
B53: 1112017 | C53: ตาลหอม | K53: =SUM(D53:J53) -> 0
B54: 1112015 | C54: กล้วยหอมมะพร้าวเผา | K54: =SUM(D54:J54) -> 0
B55: 1112013 | C55: เผือกมะพร้าวอ่อน | K55: =SUM(D55:J55) -> 0
B56: 1124043 | C56: เบาหวิว คละรส | K56: =SUM(D56:J56) -> 0
C57: รวม
B58: อื่นๆ
B59: 1100003 | C59: เมอแรงค์ กระปุก | K59: =SUM(D59:J59) -> 0
B60: 1100001 | C60: พายสับปรด 1 ชิ้น | K60: =SUM(D60:J60) -> 0
B61: 1100002 | C61: พายสับปรด 1 กล่อง | K61: =SUM(D61:J61) -> 0
B62: 1200001 | C62: คอนเฟลค | K62: =SUM(D62:J62) -> 0
B63: 1005761 | C63: ปังกรอบคาราเมล(ถุง) | K63: =SUM(D63:J63) -> 0
B64: 1114501 | C64: ครีมฮอร์นไส้เนย วนิลา | K64: =SUM(D64:J64) -> 0
B65: 1114502 | C65: ครีมฮอร์นไส้เนย ใบเตย | K65: =SUM(D65:J65) -> 0
B66: 1114503 | C66: ครีมฮอร์นไส้เนย ชอค | K66: =SUM(D66:J66) -> 0
B67: 1124021 | C67: ขนมปังหั่นสไลด์ | K67: =SUM(D67:J67) -> 0
B68: 1113084 | C68: ปังเนยนิ่ม กล่อง 2 ชิ้น | K68: =SUM(D68:J68) -> 0
B69: 900003 | C69: กล่องเปล่าชิฟอน ล | K69: =SUM(D69:J69) -> 0
B70: 900004 | C70: กล่องเปล่าชิฟอน ญ | K70: =SUM(D70:J70) -> 0
... B75: 1200092 | C75: ท็อฟฟี่ถั่ว 1 กิโล | K75: =SUM(D75:J75) -> 0
C76: เศษขนมปังปลา5กก. | K76: =SUM(D76:J76) -> 0
C77: เศษขนมปังปลา1กก. | K77: =SUM(D77:J77) -> 0
C78: กล่องทาร์ตสับปะรด | K78: =SUM(D78:J78) -> 0
D80: =SUM(D7:D36,D40,D42,D47:D55,D59:D78) -> 0 | E80: =SUM(E7:E36,E40,E42,E47:E55,E59:E78) -> 0 | F80: =SUM(F7:F36,F40,F42,F47:F55,F59:F78) -> 0 | G80: =SUM(G7:G36,G40,G42,G47:G55,G59:G78) -> 0 | H80: =SUM(H7:H36,H40,H42,H47:H55,H59:H78) -> 0 | I80: =SUM(I7:I36,I40,I42,I47:I55,I59:I78) -> 0 | J80: =SUM(J7:J36,J40,J42,J47:J55,J59:J78) -> 0 | K80: =SUM(K7:K36,K40,K42,K47:K55,K59:K78) -> 0
B82: …..................................................................................... | I82: ….....................................................................................
B83: ผู้จัดทำ | I83: ผู้รับทราบ

Sheet เช้า
B1: ยอดจริง ออนไลน์ วันที่ 20/11/2567 - เช้า
K2: ยอดรวมผลิต
K3: จำนวน
B4: รหัสสินค้า | C4: สินค้า | D4: ปณ | E4: ชอปปี้ | F4: ลาซาด้า | G4: ติ๊กตอก | H4: ติ๊กตอก2 | I4: ติ๊กตอก3 | J4: ชอยส์ | K4: (กล่อง)
B6: ชิฟฟอนรวมรส
B7: 1111002 | C7: ชิฟฟอนรวมรส 8 ชิ้น | D7: 3 | E7: 54 | F7: 7 | K7: =SUM(D7:J7) -> 64
B8: 1111043 | C8: ชิฟฟอน 8 ชิ้น มะลิ | K8: =SUM(D8:J8) -> 0
B9: 1111056 | C9: ชิฟฟอน 8 ชิ้น รวมรสยอดฮิต | E9: 1 | F9: 15 | K9: =SUM(D9:J9) -> 16
B10: 1004055 | C10: ชิฟฟอนรวมรส 4 ชิ้น | E10: 1 | F10: 1 | G10: 18 | K10: =SUM(D10:J10) -> 20
B11: 1111057 | C11: ชิฟฟอนแยกชิ้น กาแฟ | G11: 1 | K11: =SUM(D11:J11) -> 1
B12: 1111058 | C12: ชิฟฟอนแยกชิ้น ชาเขียว | K12: =SUM(D12:J12) -> 0
B13: 1111059 | C13: ชิฟฟอนแยกชิ้น ใบเตย | K13: =SUM(D13:J13) -> 0
B14: 1111060 | C14: ชิฟฟอนแยกชิ้น กล้วยหอม | K14: =SUM(D14:J14) -> 0
B15: 1111061 | C15: ชิฟฟอนแยกชิ้น ชาไทย | K15: =SUM(D15:J15) -> 0
B16: 1111062 | C16: ชิฟฟอนแยกชิ้น โกโก้ | K16: =SUM(D16:J16) -> 0
B17: 1111063 | C17: ชิฟฟอนแยกชิ้น ส้ม | K17: =SUM(D17:J17) -> 0
B18: 1111064 | C18: ชิฟฟอนแยกชิ้น เผือก | K18: =SUM(D18:J18) -> 0
B19: 1111065 | C19: ชิฟฟอนแยกชิ้น สับปะรด | K19: =SUM(D19:J19) -> 0
B20: 1111066 | C20: ชิฟฟอนแยกชิ้น สตอเบอรี่ | K20: =SUM(D20:J20) -> 0
B21: 1111067 | C21: ชิฟฟอนแยกชิ้น มะพร้าว | K21: =SUM(D21:J21) -> 0
B22: 1111068 | C22: ชิฟฟอนแยกชิ้น เนย | K22: =SUM(D22:J22) -> 0
B23: 1111069 | C23: ชิฟฟอนแยกชิ้น บลูเบอรี่ | K23: =SUM(D23:J23) -> 0
... B26: 1111001 | C26: ชิฟฟอนแยกชิ้น คละรส | K26: =SUM(D26:J26) -> 0
B27: 1111074 | C27: ชิฟฟอนไส้แยมแยกชิ้น มะพร้าว | D27: 5 | E27: 2 | K27: =SUM(D27:J27) -> 7
B28: 1111075 | C28: ชิฟฟอนไส้แยมแยกชิ้น สตอเบอรี่ | D28: 5 | E28: 2 | K28: =SUM(D28:J28) -> 7
B29: 1111076 | C29: ชิฟฟอนไส้แยมแยกชิ้น ส้ม | D29: 5 | E29: 2 | K29: =SUM(D29:J29) -> 7
B30: 1111077 | C30: ชิฟฟอนไส้แยมแยกชิ้น บลูเบอรี่ | D30: 5 | E30: 2 | K30: =SUM(D30:J30) -> 7
B31: 1111078 | C31: ชิฟฟอนไส้แยมแยกชิ้น นมชมพู | D31: 5 | E31: 2 | K31: =SUM(D31:J31) -> 7
B32: 1111079 | C32: ชิฟฟอนไส้แยมแยกชิ้น ชอคโกแลต | D32: 5 | E32: 2 | K32: =SUM(D32:J32) -> 7
B33: 1111080 | C33: ชิฟฟอนไส้แยมแยกชิ้น ฝอยทอง | D33: 5 | E33: 2 | K33: =SUM(D33:J33) -> 7
B34: 1111081 | C34: ชิฟฟอนไส้แยมแยกชิ้น วนิลา | D34: 5 | E34: 2 | K34: =SUM(D34:J34) -> 7
B35: 1111082 | C35: ชิฟฟอนไส้แยมแยกชิ้น ใบเตย | D35: 5 | E35: 2 | K35: =SUM(D35:J35) -> 7
B36: 1111083 | C36: ชิฟฟอนไส้แยมแยกชิ้น เมล่อน | D36: 5 | E36: 2 | K36: =SUM(D36:J36) -> 7
B37: 1111010 | C37: ชิฟฟอนไส้แยมแยกชิ้น คละรส | K37: =SUM(D37:J37) -> 0
C38: รวม | K38: =SUM(D38:I38) -> 0
B39: ชิฟฟอนไส้แยม 6 ชิ้น
B40: 1111009 | C40: ชิฟฟอนไส้แยมรวมรส 6 ชิ้น | E40: 1 | F40: 6 | K40: =SUM(D40:J40) -> 7
B41: 1111020 | C41: ชิฟฟอนไส้แยมฝอยทอง 6 ชิ้น | D41: 1 | K41: =SUM(D41:J41) -> 1
B42: ชิฟฟอนไส้แยม 3 ชิ้น
B43: 1111008 | C43: ชิฟฟอนไส้แยมรวมรส 3 ชิ้น | G43: 31 | K43: =SUM(D43:J43) -> 31
B44: เบาหวิว ล 110 กรัม
B45: 1112009 | C45: มะพร้าว | D45: 7 | E45: 6 | F45: 3 | G45: 12 | K45: =SUM(D45:J45) -> 28
B46: 1112011 | C46: ฝอยทอง | D46: 8 | E46: 10 | F46: 3 | G46: 11 | K46: =SUM(D46:J46) -> 32
B47: 1112003 | C47: กาแฟ | K47: =SUM(D47:J47) -> 0
B48: 1112005 | C48: เนยนม | D48: 1 | K48: =SUM(D48:J48) -> 1
B49: 1112007 | C49: ใบเตย | K49: =SUM(D49:J49) -> 0
B50: 1112019 | C50: ทุเรียน | K50: =SUM(D50:J50) -> 0
B51: 1112017 | C51: ตาลหอม | D51: 1 | K51: =SUM(D51:J51) -> 1
B52: 1112015 | C52: กล้วยหอมมะพร้าวเผา | D52: 2 | K52: =SUM(D52:J52) -> 2
B53: 1112013 | C53: เผือกมะพร้าวอ่อน | D53: 5 | E53: 5 | F53: 3 | G53: 11 | K53: =SUM(D53:J53) -> 24
B54: 1124043 | C54: เบาหวิว คละรส | K54: =SUM(D54:J54) -> 0
C55: รวม
B56: อื่นๆ
B57: 1100003 | C57: เมอแรงค์ กระปุก | E57: 1 | K57: =SUM(D57:J57) -> 1
B58: 1100001 | C58: พายสับปรด 1 ชิ้น | K58: =SUM(D58:J58) -> 0
B59: 1100002 | C59: พายสับปรด 1 กล่อง | D59: 2 | E59: 3 | K59: =SUM(D59:J59) -> 5
B60: 1200001 | C60: คอนเฟลค | K60: =SUM(D60:J60) -> 0
B61: 1005761 | C61: ปังกรอบคาราเมล(ถุง) | E61: 2 | K61: =SUM(D61:J61) -> 2
B62: 1114501 | C62: ครีมฮอร์นไส้เนย วนิลา | E62: 6 | F62: 14 | G62: 20 | K62: =SUM(D62:J62) -> 40
B63: 1114502 | C63: ครีมฮอร์นไส้เนย ใบเตย | F63: 2 | G63: 19 | K63: =SUM(D63:J63) -> 21
B64: 1114503 | C64: ครีมฮอร์นไส้เนย ชอค | E64: 2 | F64: 11 | G64: 19 | K64: =SUM(D64:J64) -> 32
B65: 1124021 | C65: ขนมปังหั่นสไลด์ | D65: 3 | F65: 6 | G65: 34 | K65: =SUM(D65:J65) -> 43
B66: 1113084 | C66: ปังเนยนิ่ม กล่อง 2 ชิ้น | K66: =SUM(D66:J66) -> 0
B67: 900003 | C67: กล่องเปล่าชิฟอน ล | K67: =SUM(D67:J67) -> 0
B68: 900004 | C68: กล่องเปล่าชิฟอน ญ | K68: =SUM(D68:J68) -> 0
B69: 1200002 | C69: ทอฟฟี่ถั่ว กล่อง | K69: =SUM(D69:J69) -> 0
B70: 1200003 | C70: ทอฟฟี่ถั่ว กระเช้า | K70: =SUM(D70:J70) -> 0
B71: 1200004 | C71: ทอฟฟี่ถั่ว กระปุก | K71: =SUM(D71:J71) -> 0
B72: 1200093 | C72: ท็อฟฟี่ถั่ว ครึ่งกิโล | K72: =SUM(D72:J72) -> 0
B73: 1200092 | C73: ท็อฟฟี่ถั่ว 1 กิโล | K73: =SUM(D73:J73) -> 0
C74: เศษขนมปังปลา5กก. | K74: =SUM(D74:J74) -> 0
C75: เศษขนมปังปลา1กก. | E75: 1 | J75: 3 | K75: =SUM(D75:J75) -> 4
C76: กล่องทาร์ตสับปะรด | K76: =SUM(D76:J76) -> 0
D78: =SUM(D7:D36,D40,D43,,D45:D54,D57:D75) -> 82 | E78: =SUM(E7:E36,E40,E43,,E45:E54,E57:E75) -> 113 | F78: =SUM(F7:F36,F40,F43,,F45:F54,F57:F75) -> 71 | G78: =SUM(G7:G36,G40,G43,,G45:G54,G57:G75) -> 176 | H78: =SUM(H7:H36,H40,H43,,H45:H54,H57:H75) -> 0 | I78: =SUM(I7:I36,I40,I43,,I45:I54,I57:I75) -> 0 | J78: =SUM(J7:J36,J40,J43,,J45:J54,J57:J75) -> 3 | K78: =SUM(K7:K36,K40,K43,,K45:K54,K57:K75) -> 445
B80: …..................................................................................... | I80: ….....................................................................................
B81: ผู้จัดทำ | I81: ผู้รับทราบ

Sheet บ่าย 
B1: ยอดจริง ออนไลน์ วันที่ 20/11/2567 - บ่าย
K2: ยอดรวมผลิต
K3: จำนวน
B4: รหัสสินค้า | C4: สินค้า | D4: ปณ | E4: ชอปปี้ | F4: ลาซาด้า | G4: ติ๊กตอก | H4: ติ๊กตอก2 | I4: ติ๊กตอก3 | J4: ชอยส์ | K4: (กล่อง)
B6: ชิฟฟอนรวมรส
B7: 1111002 | C7: ชิฟฟอนรวมรส 8 ชิ้น | D7: 10 | E7: 10 | F7: 1 | K7: =SUM(D7:J7) -> 21
B8: 1111043 | C8: ชิฟฟอน 8 ชิ้น มะลิ | K8: =SUM(D8:J8) -> 0
B9: 1111056 | C9: ชิฟฟอน 8 ชิ้น รวมรสยอดฮิต | D9: 10 | F9: 4 | G9: 1 | K9: =SUM(D9:J9) -> 15
B10: 1004055 | C10: ชิฟฟอนรวมรส 4 ชิ้น | G10: 3 | K10: =SUM(D10:J10) -> 3
B11: 1111057 | C11: ชิฟฟอนแยกชิ้น กาแฟ | G11: 15 | K11: =SUM(D11:J11) -> 15
B12: 1111058 | C12: ชิฟฟอนแยกชิ้น ชาเขียว | G12: 11 | K12: =SUM(D12:J12) -> 11
B13: 1111059 | C13: ชิฟฟอนแยกชิ้น ใบเตย | G13: 14 | K13: =SUM(D13:J13) -> 14
B14: 1111060 | C14: ชิฟฟอนแยกชิ้น กล้วยหอม | G14: 2 | K14: =SUM(D14:J14) -> 2
B15: 1111061 | C15: ชิฟฟอนแยกชิ้น ชาไทย | G15: 7 | K15: =SUM(D15:J15) -> 7
B16: 1111062 | C16: ชิฟฟอนแยกชิ้น โกโก้ | G16: 3 | K16: =SUM(D16:J16) -> 3
B17: 1111063 | C17: ชิฟฟอนแยกชิ้น ส้ม | G17: 9 | K17: =SUM(D17:J17) -> 9
B18: 1111064 | C18: ชิฟฟอนแยกชิ้น เผือก | G18: 8 | K18: =SUM(D18:J18) -> 8
B19: 1111065 | C19: ชิฟฟอนแยกชิ้น สับปะรด | G19: 2 | K19: =SUM(D19:J19) -> 2
B20: 1111066 | C20: ชิฟฟอนแยกชิ้น สตอเบอรี่ | G20: 9 | K20: =SUM(D20:J20) -> 9
B21: 1111067 | C21: ชิฟฟอนแยกชิ้น มะพร้าว | G21: 14 | K21: =SUM(D21:J21) -> 14
... B23: 1111069 | C23: ชิฟฟอนแยกชิ้น บลูเบอรี่ | G23: 9 | K23: =SUM(D23:J23) -> 9
B24: 1111070 | C24: ชิฟฟอนแยกชิ้น ทุเรียน | K24: =SUM(D24:J24) -> 0
B25: 1111071 | C25: ชิฟฟอนแยกชิ้น ตาล | K25: =SUM(D25:J25) -> 0
B26: 1111001 | C26: ชิฟฟอนแยกชิ้น คละรส | K26: =SUM(D26:J26) -> 0
B27: 1111074 | C27: ชิฟฟอนไส้แยมแยกชิ้น มะพร้าว | G27: 9 | K27: =SUM(D27:J27) -> 9
B28: 1111075 | C28: ชิฟฟอนไส้แยมแยกชิ้น สตอเบอรี่ | G28: 9 | K28: =SUM(D28:J28) -> 9
B29: 1111076 | C29: ชิฟฟอนไส้แยมแยกชิ้น ส้ม | G29: 8 | K29: =SUM(D29:J29) -> 8
B30: 1111077 | C30: ชิฟฟอนไส้แยมแยกชิ้น บลูเบอรี่ | G30: 8 | K30: =SUM(D30:J30) -> 8
B31: 1111078 | C31: ชิฟฟอนไส้แยมแยกชิ้น นมชมพู | G31: 8 | K31: =SUM(D31:J31) -> 8
B32: 1111079 | C32: ชิฟฟอนไส้แยมแยกชิ้น ชอคโกแลต | G32: 8 | K32: =SUM(D32:J32) -> 8
B33: 1111080 | C33: ชิฟฟอนไส้แยมแยกชิ้น ฝอยทอง | G33: 8 | K33: =SUM(D33:J33) -> 8
B34: 1111081 | C34: ชิฟฟอนไส้แยมแยกชิ้น วนิลา | G34: 8 | K34: =SUM(D34:J34) -> 8
B35: 1111082 | C35: ชิฟฟอนไส้แยมแยกชิ้น ใบเตย | G35: 8 | K35: =SUM(D35:J35) -> 8
B36: 1111083 | C36: ชิฟฟอนไส้แยมแยกชิ้น เมล่อน | G36: 8 | K36: =SUM(D36:J36) -> 8
B37: 1111010 | C37: ชิฟฟอนไส้แยมแยกชิ้น คละรส | K37: =SUM(D37:J37) -> 0
C38: รวม | K38: =SUM(D38:I38) -> 0
B39: ชิฟฟอนไส้แยม 6 ชิ้น
B40: 1111009 | C40: ชิฟฟอนไส้แยมรวมรส 6 ชิ้น | F40: 1 | K40: =SUM(D40:J40) -> 1
B41: 1111020 | C41: ชิฟฟอนไส้แยมฝอยทอง 6 ชิ้น | K41: =SUM(D41:J41) -> 0
B42: ชิฟฟอนไส้แยม 3 ชิ้น
B43: 1111008 | C43: ชิฟฟอนไส้แยมรวมรส 3 ชิ้น | G43: 15 | K43: =SUM(D43:J43) -> 15
B44: เบาหวิว ล 110 กรัม
B45: 1112009 | C45: มะพร้าว | E45: 1 | G45: 9 | K45: =SUM(D45:J45) -> 10
B46: 1112011 | C46: ฝอยทอง | D46: 10 | E46: 2 | F46: 9 | G46: 8 | K46: =SUM(D46:J46) -> 29
B47: 1112003 | C47: กาแฟ | K47: =SUM(D47:J47) -> 0
B48: 1112005 | C48: เนยนม | K48: =SUM(D48:J48) -> 0
B49: 1112007 | C49: ใบเตย | K49: =SUM(D49:J49) -> 0
B50: 1112019 | C50: ทุเรียน | K50: =SUM(D50:J50) -> 0
B51: 1112017 | C51: ตาลหอม | K51: =SUM(D51:J51) -> 0
B52: 1112015 | C52: กล้วยหอมมะพร้าวเผา | K52: =SUM(D52:J52) -> 0
B53: 1112013 | C53: เผือกมะพร้าวอ่อน | F53: 2 | G53: 8 | K53: =SUM(D53:J53) -> 10
B54: 1124043 | C54: เบาหวิว คละรส | K54: =SUM(D54:J54) -> 0
C55: รวม
B56: อื่นๆ
B57: 1100003 | C57: เมอแรงค์ กระปุก | K57: =SUM(D57:J57) -> 0
B58: 1100001 | C58: พายสับปรด 1 ชิ้น | K58: =SUM(D58:J58) -> 0
B59: 1100002 | C59: พายสับปรด 1 กล่อง | K59: =SUM(D59:J59) -> 0
B60: 1200001 | C60: คอนเฟลค | K60: =SUM(D60:J60) -> 0
B61: 1005761 | C61: ปังกรอบคาราเมล(ถุง) | K61: =SUM(D61:J61) -> 0
B62: 1114501 | C62: ครีมฮอร์นไส้เนย วนิลา | E62: 6 | G62: 34 | K62: =SUM(D62:J62) -> 40
B63: 1114502 | C63: ครีมฮอร์นไส้เนย ใบเตย | E63: 1 | G63: 34 | K63: =SUM(D63:J63) -> 35
B64: 1114503 | C64: ครีมฮอร์นไส้เนย ชอค | E64: 1 | G64: 34 | K64: =SUM(D64:J64) -> 35
B65: 1124021 | C65: ขนมปังหั่นสไลด์ | E65: 6 | F65: 30 | G65: 4 | K65: =SUM(D65:J65) -> 40
B66: 1113084 | C66: ปังเนยนิ่ม กล่อง 2 ชิ้น | K66: =SUM(D66:J66) -> 0
B67: 900003 | C67: กล่องเปล่าชิฟอน ล | K67: =SUM(D67:J67) -> 0
B68: 900004 | C68: กล่องเปล่าชิฟอน ญ | K68: =SUM(D68:J68) -> 0
B69: 1200002 | C69: ทอฟฟี่ถั่ว กล่อง | K69: =SUM(D69:J69) -> 0
B70: 1200003 | C70: ทอฟฟี่ถั่ว กระเช้า | K70: =SUM(D70:J70) -> 0
B71: 1200004 | C71: ทอฟฟี่ถั่ว กระปุก | K71: =SUM(D71:J71) -> 0
B72: 1200093 | C72: ท็อฟฟี่ถั่ว ครึ่งกิโล | K72: =SUM(D72:J72) -> 0
B73: 1200092 | C73: ท็อฟฟี่ถั่ว 1 กิโล | K73: =SUM(D73:J73) -> 0
C74: เศษขนมปังปลา5กก. | K74: =SUM(D74:J74) -> 0
C75: เศษขนมปังปลา1กก. | E75: 6 | K75: =SUM(D75:J75) -> 6
C76: กล่องทาร์ตสับปะรด | K76: =SUM(D76:J76) -> 0
D78: =SUM(D7:D36,D40,D43,,D45:D54,D57:D75) -> 30 | E78: =SUM(E7:E36,E40,E43,,E45:E54,E57:E75) -> 33 | F78: =SUM(F7:F36,F40,F43,,F45:F54,F57:F75) -> 47 | G78: =SUM(G7:G36,G40,G43,,G45:G54,G57:G75) -> 347 | H78: =SUM(H7:H36,H40,H43,,H45:H54,H57:H75) -> 0 | I78: =SUM(I7:I36,I40,I43,,I45:I54,I57:I75) -> 0 | J78: =SUM(J7:J36,J40,J43,,J45:J54,J57:J75) -> 0 | K78: =SUM(K7:K36,K40,K43,,K45:K54,K57:K75) -> 457
B80: …..................................................................................... | I80: ….....................................................................................
B81: ผู้จัดทำ | I81: ผู้รับทราบ

Sheet รวม
B1: ยอดจริง ออนไลน์ วันที่ 20/11/2567 - รวม
K2: ยอดรวมผลิต | L2: ยอดสตอค | M2: ยอดฟอแคส | N2: รับเกิน | O2: ยังไม่ได้รับเข้า | P2: รวม
K3: จำนวน | R3: รับเข้าอาทิตย์ | S3: รับเข้าจันทร์ | T3: รวม
B4: รหัสสินค้า | C4: สินค้า | D4: ปณ | E4: ชอปปี้ | F4: ลาซาด้า | G4: ติ๊กตอก | H4: ติ๊กตอก2 | I4: ติ๊กตอก3 | J4: ชอยส์ | K4: (กล่อง)
B6: ชิฟฟอนรวมรส | W6: รหัสสินค้า | X6: ชื่อสินค้า | Y6: จำนวนที่ต้องการเบรค
B7: 1111002 | C7: ชิฟฟอนรวมรส 8 ชิ้น | D7: ='เย็น '!D7+เช้า!D7+'บ่าย '!D7 -> 13 | E7: ='เย็น '!E7+เช้า!E7+'บ่าย '!E7 -> 69 | F7: ='เย็น '!F7+เช้า!F7+'บ่าย '!F7 -> 16 | G7: ='เย็น '!G7+เช้า!G7+'บ่าย '!G7 -> 0 | H7: ='เย็น '!H7+เช้า!H7+'บ่าย '!H7 -> 0 | I7: ='เย็น '!I7+เช้า!I7+'บ่าย '!I7 -> 0 | J7: ='เย็น '!J7+เช้า!J7+'บ่าย '!J7 -> 0 | K7: =SUM(D7:J7) -> 98 | P7: =(L7+M7+N7+O7)-K7 -> -98 | R7: 250 | S7: 250 | T7: =S7+R7+P7 -> 402 | W7: 1111002 | X7: ชิฟฟอนรวมรส 8 ชิ้น | Y7: 250
B8: 1111043 | C8: ชิฟฟอน 8 ชิ้น มะลิ | D8: ='เย็น '!D8+เช้า!D8+'บ่าย '!D8 -> 0 | E8: ='เย็น '!E8+เช้า!E8+'บ่าย '!E8 -> 0 | F8: ='เย็น '!F8+เช้า!F8+'บ่าย '!F8 -> 0 | G8: ='เย็น '!G8+เช้า!G8+'บ่าย '!G8 -> 0 | H8: ='เย็น '!H8+เช้า!H8+'บ่าย '!H8 -> 0 | I8: ='เย็น '!I8+เช้า!I8+'บ่าย '!I8 -> 0 | J8: ='เย็น '!J8+เช้า!J8+'บ่าย '!J8 -> 0 | K8: =SUM(D8:J8) -> 0 | P8: =(L8+M8+N8+O8)-K8 -> 0 | T8: =S8+R8+P8 -> 0 | W8: 1111043 | X8: ชิฟฟอน 8 ชิ้น มะลิ
B9: 1111056 | C9: ชิฟฟอน 8 ชิ้น รวมรสยอดฮิต | D9: ='เย็น '!D9+เช้า!D9+'บ่าย '!D9 -> 10 | E9: ='เย็น '!E9+เช้า!E9+'บ่าย '!E9 -> 1 | F9: ='เย็น '!F9+เช้า!F9+'บ่าย '!F9 -> 20 | G9: ='เย็น '!G9+เช้า!G9+'บ่าย '!G9 -> 1 | H9: ='เย็น '!H9+เช้า!H9+'บ่าย '!H9 -> 0 | I9: ='เย็น '!I9+เช้า!I9+'บ่าย '!I9 -> 0 | J9: ='เย็น '!J9+เช้า!J9+'บ่าย '!J9 -> 0 | K9: =SUM(D9:J9) -> 32 | P9: =(L9+M9+N9+O9)-K9 -> -32 | R9: 10 | T9: =S9+R9+P9 -> -22 | W9: 1004055 | X9: ชิฟฟอนรวมรส 4 ชิ้น | Y9: 250
B10: 1004055 | C10: ชิฟฟอนรวมรส 4 ชิ้น | D10: ='เย็น '!D10+เช้า!D10+'บ่าย '!D10 -> 0 | E10: ='เย็น '!E10+เช้า!E10+'บ่าย '!E10 -> 1 | F10: ='เย็น '!F10+เช้า!F10+'บ่าย '!F10 -> 1 | G10: ='เย็น '!G10+เช้า!G10+'บ่าย '!G10 -> 36 | H10: ='เย็น '!H10+เช้า!H10+'บ่าย '!H10 -> 0 | I10: ='เย็น '!I10+เช้า!I10+'บ่าย '!I10 -> 0 | J10: ='เย็น '!J10+เช้า!J10+'บ่าย '!J10 -> 0 | K10: =SUM(D10:J10) -> 38 | P10: =(L10+M10+N10+O10)-K10 -> -38 | R10: 250 | S10: 250 | T10: =S10+R10+P10 -> 462 | W10: 1111057 | X10: ชิฟฟอนแยกชิ้น กาแฟ | Y10: 50
B11: 1111057 | C11: ชิฟฟอนแยกชิ้น กาแฟ | D11: ='เย็น '!D11+เช้า!D11+'บ่าย '!D11 -> 0 | E11: ='เย็น '!E11+เช้า!E11+'บ่าย '!E11 -> 0 | F11: ='เย็น '!F11+เช้า!F11+'บ่าย '!F11 -> 0 | G11: ='เย็น '!G11+เช้า!G11+'บ่าย '!G11 -> 16 | H11: ='เย็น '!H11+เช้า!H11+'บ่าย '!H11 -> 0 | I11: ='เย็น '!I11+เช้า!I11+'บ่าย '!I11 -> 0 | J11: ='เย็น '!J11+เช้า!J11+'บ่าย '!J11 -> 0 | K11: =SUM(D11:J11) -> 16 | P11: =(L11+M11+N11+O11)-K11 -> -16 | S11: 50 | T11: =S11+R11+P11 -> 34 | W11: 1111058 | X11: ชิฟฟอนแยกชิ้น ชาเขียว | Y11: 50
B12: 1111058 | C12: ชิฟฟอนแยกชิ้น ชาเขียว | D12: ='เย็น '!D12+เช้า!D12+'บ่าย '!D12 -> 0 | E12: ='เย็น '!E12+เช้า!E12+'บ่าย '!E12 -> 0 | F12: ='เย็น '!F12+เช้า!F12+'บ่าย '!F12 -> 0 | G12: ='เย็น '!G12+เช้า!G12+'บ่าย '!G12 -> 11 | H12: ='เย็น '!H12+เช้า!H12+'บ่าย '!H12 -> 0 | I12: ='เย็น '!I12+เช้า!I12+'บ่าย '!I12 -> 0 | J12: ='เย็น '!J12+เช้า!J12+'บ่าย '!J12 -> 0 | K12: =SUM(D12:J12) -> 11 | P12: =(L12+M12+N12+O12)-K12 -> -11 | S12: 50 | T12: =S12+R12+P12 -> 39 | W12: 1111059 | X12: ชิฟฟอนแยกชิ้น ใบเตย | Y12: 50
B13: 1111059 | C13: ชิฟฟอนแยกชิ้น ใบเตย | D13: ='เย็น '!D13+เช้า!D13+'บ่าย '!D13 -> 0 | E13: ='เย็น '!E13+เช้า!E13+'บ่าย '!E13 -> 0 | F13: ='เย็น '!F13+เช้า!F13+'บ่าย '!F13 -> 0 | G13: ='เย็น '!G13+เช้า!G13+'บ่าย '!G13 -> 14 | H13: ='เย็น '!H13+เช้า!H13+'บ่าย '!H13 -> 0 | I13: ='เย็น '!I13+เช้า!I13+'บ่าย '!I13 -> 0 | J13: ='เย็น '!J13+เช้า!J13+'บ่าย '!J13 -> 0 | K13: =SUM(D13:J13) -> 14 | P13: =(L13+M13+N13+O13)-K13 -> -14 | S13: 50 | T13: =S13+R13+P13 -> 36 | W13: 1111060 | X13: ชิฟฟอนแยกชิ้น กล้วยหอม | Y13: 50
B14: 1111060 | C14: ชิฟฟอนแยกชิ้น กล้วยหอม | D14: ='เย็น '!D14+เช้า!D14+'บ่าย '!D14 -> 0 | E14: ='เย็น '!E14+เช้า!E14+'บ่าย '!E14 -> 0 | F14: ='เย็น '!F14+เช้า!F14+'บ่าย '!F14 -> 0 | G14: ='เย็น '!G14+เช้า!G14+'บ่าย '!G14 -> 2 | H14: ='เย็น '!H14+เช้า!H14+'บ่าย '!H14 -> 0 | I14: ='เย็น '!I14+เช้า!I14+'บ่าย '!I14 -> 0 | J14: ='เย็น '!J14+เช้า!J14+'บ่าย '!J14 -> 0 | K14: =SUM(D14:J14) -> 2 | P14: =(L14+M14+N14+O14)-K14 -> -2 | S14: 50 | T14: =S14+R14+P14 -> 48 | W14: 1111061 | X14: ชิฟฟอนแยกชิ้น ชาไทย | Y14: 50
B15: 1111061 | C15: ชิฟฟอนแยกชิ้น ชาไทย | D15: ='เย็น '!D15+เช้า!D15+'บ่าย '!D15 -> 0 | E15: ='เย็น '!E15+เช้า!E15+'บ่าย '!E15 -> 0 | F15: ='เย็น '!F15+เช้า!F15+'บ่าย '!F15 -> 0 | G15: ='เย็น '!G15+เช้า!G15+'บ่าย '!G15 -> 7 | H15: ='เย็น '!H15+เช้า!H15+'บ่าย '!H15 -> 0 | I15: ='เย็น '!I15+เช้า!I15+'บ่าย '!I15 -> 0 | J15: ='เย็น '!J15+เช้า!J15+'บ่าย '!J15 -> 0 | K15: =SUM(D15:J15) -> 7 | P15: =(L15+M15+N15+O15)-K15 -> -7 | S15: 50 | T15: =S15+R15+P15 -> 43 | W15: 1111062 | X15: ชิฟฟอนแยกชิ้น โกโก้ | Y15: 50
B16: 1111062 | C16: ชิฟฟอนแยกชิ้น โกโก้ | D16: ='เย็น '!D16+เช้า!D16+'บ่าย '!D16 -> 0 | E16: ='เย็น '!E16+เช้า!E16+'บ่าย '!E16 -> 0 | F16: ='เย็น '!F16+เช้า!F16+'บ่าย '!F16 -> 0 | G16: ='เย็น '!G16+เช้า!G16+'บ่าย '!G16 -> 3 | H16: ='เย็น '!H16+เช้า!H16+'บ่าย '!H16 -> 0 | I16: ='เย็น '!I16+เช้า!I16+'บ่าย '!I16 -> 0 | J16: ='เย็น '!J16+เช้า!J16+'บ่าย '!J16 -> 0 | K16: =SUM(D16:J16) -> 3 | P16: =(L16+M16+N16+O16)-K16 -> -3 | S16: 50 | T16: =S16+R16+P16 -> 47 | W16: 1111063 | X16: ชิฟฟอนแยกชิ้น ส้ม | Y16: 50
B17: 1111063 | C17: ชิฟฟอนแยกชิ้น ส้ม | D17: ='เย็น '!D17+เช้า!D17+'บ่าย '!D17 -> 0 | E17: ='เย็น '!E17+เช้า!E17+'บ่าย '!E17 -> 0 | F17: ='เย็น '!F17+เช้า!F17+'บ่าย '!F17 -> 0 | G17: ='เย็น '!G17+เช้า!G17+'บ่าย '!G17 -> 9 | H17: ='เย็น '!H17+เช้า!H17+'บ่าย '!H17 -> 0 | I17: ='เย็น '!I17+เช้า!I17+'บ่าย '!I17 -> 0 | J17: ='เย็น '!J17+เช้า!J17+'บ่าย '!J17 -> 0 | K17: =SUM(D17:J17) -> 9 | P17: =(L17+M17+N17+O17)-K17 -> -9 | S17: 50 | T17: =S17+R17+P17 -> 41 | W17: 1111064 | X17: ชิฟฟอนแยกชิ้น เผือก | Y17: 50
B18: 1111064 | C18: ชิฟฟอนแยกชิ้น เผือก | D18: ='เย็น '!D18+เช้า!D18+'บ่าย '!D18 -> 0 | E18: ='เย็น '!E18+เช้า!E18+'บ่าย '!E18 -> 0 | F18: ='เย็น '!F18+เช้า!F18+'บ่าย '!F18 -> 0 | G18: ='เย็น '!G18+เช้า!G18+'บ่าย '!G18 -> 8 | H18: ='เย็น '!H18+เช้า!H18+'บ่าย '!H18 -> 0 | I18: ='เย็น '!I18+เช้า!I18+'บ่าย '!I18 -> 0 | J18: ='เย็น '!J18+เช้า!J18+'บ่าย '!J18 -> 0 | K18: =SUM(D18:J18) -> 8 | P18: =(L18+M18+N18+O18)-K18 -> -8 | S18: 50 | T18: =S18+R18+P18 -> 42 | W18: 1111065 | X18: ชิฟฟอนแยกชิ้น สับปะรด | Y18: 50
B19: 1111065 | C19: ชิฟฟอนแยกชิ้น สับปะรด | D19: ='เย็น '!D19+เช้า!D19+'บ่าย '!D19 -> 0 | E19: ='เย็น '!E19+เช้า!E19+'บ่าย '!E19 -> 0 | F19: ='เย็น '!F19+เช้า!F19+'บ่าย '!F19 -> 0 | G19: ='เย็น '!G19+เช้า!G19+'บ่าย '!G19 -> 2 | H19: ='เย็น '!H19+เช้า!H19+'บ่าย '!H19 -> 0 | I19: ='เย็น '!I19+เช้า!I19+'บ่าย '!I19 -> 0 | J19: ='เย็น '!J19+เช้า!J19+'บ่าย '!J19 -> 0 | K19: =SUM(D19:J19) -> 2 | P19: =(L19+M19+N19+O19)-K19 -> -2 | S19: 50 | T19: =S19+R19+P19 -> 48 | W19: 1111066 | X19: ชิฟฟอนแยกชิ้น สตอเบอรี่ | Y19: 50
B20: 1111066 | C20: ชิฟฟอนแยกชิ้น สตอเบอรี่ | D20: ='เย็น '!D20+เช้า!D20+'บ่าย '!D20 -> 0 | E20: ='เย็น '!E20+เช้า!E20+'บ่าย '!E20 -> 0 | F20: ='เย็น '!F20+เช้า!F20+'บ่าย '!F20 -> 0 | G20: ='เย็น '!G20+เช้า!G20+'บ่าย '!G20 -> 9 | H20: ='เย็น '!H20+เช้า!H20+'บ่าย '!H20 -> 0 | I20: ='เย็น '!I20+เช้า!I20+'บ่าย '!I20 -> 0 | J20: ='เย็น '!J20+เช้า!J20+'บ่าย '!J20 -> 0 | K20: =SUM(D20:J20) -> 9 | P20: =(L20+M20+N20+O20)-K20 -> -9 | S20: 50 | T20: =S20+R20+P20 -> 41 | W20: 1111067 | X20: ชิฟฟอนแยกชิ้น มะพร้าว | Y20: 50
B21: 1111067 | C21: ชิฟฟอนแยกชิ้น มะพร้าว | D21: ='เย็น '!D21+เช้า!D21+'บ่าย '!D21 -> 0 | E21: ='เย็น '!E21+เช้า!E21+'บ่าย '!E21 -> 0 | F21: ='เย็น '!F21+เช้า!F21+'บ่าย '!F21 -> 0 | G21: ='เย็น '!G21+เช้า!G21+'บ่าย '!G21 -> 14 | H21: ='เย็น '!H21+เช้า!H21+'บ่าย '!H21 -> 0 | I21: ='เย็น '!I21+เช้า!I21+'บ่าย '!I21 -> 0 | J21: ='เย็น '!J21+เช้า!J21+'บ่าย '!J21 -> 0 | K21: =SUM(D21:J21) -> 14 | P21: =(L21+M21+N21+O21)-K21 -> -14 | S21: 50 | T21: =S21+R21+P21 -> 36 | W21: 1111068 | X21: ชิฟฟอนแยกชิ้น เนย | Y21: 50
B22: 1111068 | C22: ชิฟฟอนแยกชิ้น เนย | D22: ='เย็น '!D22+เช้า!D22+'บ่าย '!D22 -> 0 | E22: ='เย็น '!E22+เช้า!E22+'บ่าย '!E22 -> 0 | F22: ='เย็น '!F22+เช้า!F22+'บ่าย '!F22 -> 0 | G22: ='เย็น '!G22+เช้า!G22+'บ่าย '!G22 -> 12 | H22: ='เย็น '!H22+เช้า!H22+'บ่าย '!H22 -> 0 | I22: ='เย็น '!I22+เช้า!I22+'บ่าย '!I22 -> 0 | J22: ='เย็น '!J22+เช้า!J22+'บ่าย '!J22 -> 0 | K22: =SUM(D22:J22) -> 12 | P22: =(L22+M22+N22+O22)-K22 -> -12 | S22: 50 | T22: =S22+R22+P22 -> 38 | W22: 1111069 | X22: ชิฟฟอนแยกชิ้น บลูเบอรี่ | Y22: 50
... B25: 1111071 | C25: ชิฟฟอนแยกชิ้น ตาล | D25: ='เย็น '!D25+เช้า!D25+'บ่าย '!D25 -> 0 | E25: ='เย็น '!E25+เช้า!E25+'บ่าย '!E25 -> 0 | F25: ='เย็น '!F25+เช้า!F25+'บ่าย '!F25 -> 0 | G25: ='เย็น '!G25+เช้า!G25+'บ่าย '!G25 -> 0 | H25: ='เย็น '!H25+เช้า!H25+'บ่าย '!H25 -> 0 | I25: ='เย็น '!I25+เช้า!I25+'บ่าย '!I25 -> 0 | J25: ='เย็น '!J25+เช้า!J25+'บ่าย '!J25 -> 0 | K25: =SUM(D25:J25) -> 0 | P25: =(L25+M25+N25+O25)-K25 -> 0 | S25: 50 | T25: =S25+R25+P25 -> 50 | W25: 1111074 | X25: ชิฟฟอนไส้แยมแยกชิ้น มะพร้าว | Y25: 40
B26: 1111001 | C26: ชิฟฟอนแยกชิ้น คละรส | D26: ='เย็น '!D26+เช้า!D26+'บ่าย '!D26 -> 0 | E26: ='เย็น '!E26+เช้า!E26+'บ่าย '!E26 -> 0 | F26: ='เย็น '!F26+เช้า!F26+'บ่าย '!F26 -> 0 | G26: ='เย็น '!G26+เช้า!G26+'บ่าย '!G26 -> 0 | H26: ='เย็น '!H26+เช้า!H26+'บ่าย '!H26 -> 0 | I26: ='เย็น '!I26+เช้า!I26+'บ่าย '!I26 -> 0 | J26: ='เย็น '!J26+เช้า!J26+'บ่าย '!J26 -> 0 | K26: =SUM(D26:J26) -> 0 | P26: =(L26+M26+N26+O26)-K26 -> 0 | T26: =S26+R26+P26 -> 0 | W26: 1111075 | X26: ชิฟฟอนไส้แยมแยกชิ้น สตอเบอรี่ | Y26: 40
B27: 1111074 | C27: ชิฟฟอนไส้แยมแยกชิ้น มะพร้าว | D27: ='เย็น '!D27+เช้า!D27+'บ่าย '!D27 -> 5 | E27: ='เย็น '!E27+เช้า!E27+'บ่าย '!E27 -> 2 | F27: ='เย็น '!F27+เช้า!F27+'บ่าย '!F27 -> 0 | G27: ='เย็น '!G27+เช้า!G27+'บ่าย '!G27 -> 10 | H27: ='เย็น '!H27+เช้า!H27+'บ่าย '!H27 -> 0 | I27: ='เย็น '!I27+เช้า!I27+'บ่าย '!I27 -> 0 | J27: ='เย็น '!J27+เช้า!J27+'บ่าย '!J27 -> 0 | K27: =SUM(D27:J27) -> 17 | P27: =(L27+M27+N27+O27)-K27 -> -17 | S27: 40 | T27: =S27+R27+P27 -> 23 | W27: 1111076 | X27: ชิฟฟอนไส้แยมแยกชิ้น ส้ม | Y27: 40
B28: 1111075 | C28: ชิฟฟอนไส้แยมแยกชิ้น สตอเบอรี่ | D28: ='เย็น '!D28+เช้า!D28+'บ่าย '!D28 -> 5 | E28: ='เย็น '!E28+เช้า!E28+'บ่าย '!E28 -> 2 | F28: ='เย็น '!F28+เช้า!F28+'บ่าย '!F28 -> 0 | G28: ='เย็น '!G28+เช้า!G28+'บ่าย '!G28 -> 10 | H28: ='เย็น '!H28+เช้า!H28+'บ่าย '!H28 -> 0 | I28: ='เย็น '!I28+เช้า!I28+'บ่าย '!I28 -> 0 | J28: ='เย็น '!J28+เช้า!J28+'บ่าย '!J28 -> 0 | K28: =SUM(D28:J28) -> 17 | P28: =(L28+M28+N28+O28)-K28 -> -17 | S28: 40 | T28: =S28+R28+P28 -> 23 | W28: 1111077 | X28: ชิฟฟอนไส้แยมแยกชิ้น บลูเบอรี่ | Y28: 40
B29: 1111076 | C29: ชิฟฟอนไส้แยมแยกชิ้น ส้ม | D29: ='เย็น '!D29+เช้า!D29+'บ่าย '!D29 -> 5 | E29: ='เย็น '!E29+เช้า!E29+'บ่าย '!E29 -> 2 | F29: ='เย็น '!F29+เช้า!F29+'บ่าย '!F29 -> 0 | G29: ='เย็น '!G29+เช้า!G29+'บ่าย '!G29 -> 9 | H29: ='เย็น '!H29+เช้า!H29+'บ่าย '!H29 -> 0 | I29: ='เย็น '!I29+เช้า!I29+'บ่าย '!I29 -> 0 | J29: ='เย็น '!J29+เช้า!J29+'บ่าย '!J29 -> 0 | K29: =SUM(D29:J29) -> 16 | P29: =(L29+M29+N29+O29)-K29 -> -16 | S29: 40 | T29: =S29+R29+P29 -> 24 | W29: 1111078 | X29: ชิฟฟอนไส้แยมแยกชิ้น นมชมพู | Y29: 40
B30: 1111077 | C30: ชิฟฟอนไส้แยมแยกชิ้น บลูเบอรี่ | D30: ='เย็น '!D30+เช้า!D30+'บ่าย '!D30 -> 5 | E30: ='เย็น '!E30+เช้า!E30+'บ่าย '!E30 -> 2 | F30: ='เย็น '!F30+เช้า!F30+'บ่าย '!F30 -> 0 | G30: ='เย็น '!G30+เช้า!G30+'บ่าย '!G30 -> 9 | H30: ='เย็น '!H30+เช้า!H30+'บ่าย '!H30 -> 0 | I30: ='เย็น '!I30+เช้า!I30+'บ่าย '!I30 -> 0 | J30: ='เย็น '!J30+เช้า!J30+'บ่าย '!J30 -> 0 | K30: =SUM(D30:J30) -> 16 | P30: =(L30+M30+N30+O30)-K30 -> -16 | S30: 40 | T30: =S30+R30+P30 -> 24 | W30: 1111079 | X30: ชิฟฟอนไส้แยมแยกชิ้น ชอคโกแลต | Y30: 40
B31: 1111078 | C31: ชิฟฟอนไส้แยมแยกชิ้น นมชมพู | D31: ='เย็น '!D31+เช้า!D31+'บ่าย '!D31 -> 5 | E31: ='เย็น '!E31+เช้า!E31+'บ่าย '!E31 -> 2 | F31: ='เย็น '!F31+เช้า!F31+'บ่าย '!F31 -> 0 | G31: ='เย็น '!G31+เช้า!G31+'บ่าย '!G31 -> 9 | H31: ='เย็น '!H31+เช้า!H31+'บ่าย '!H31 -> 0 | I31: ='เย็น '!I31+เช้า!I31+'บ่าย '!I31 -> 0 | J31: ='เย็น '!J31+เช้า!J31+'บ่าย '!J31 -> 0 | K31: =SUM(D31:J31) -> 16 | P31: =(L31+M31+N31+O31)-K31 -> -16 | S31: 40 | T31: =S31+R31+P31 -> 24 | W31: 1111080 | X31: ชิฟฟอนไส้แยมแยกชิ้น ฝอยทอง | Y31: 40
B32: 1111079 | C32: ชิฟฟอนไส้แยมแยกชิ้น ชอคโกแลต | D32: ='เย็น '!D32+เช้า!D32+'บ่าย '!D32 -> 5 | E32: ='เย็น '!E32+เช้า!E32+'บ่าย '!E32 -> 2 | F32: ='เย็น '!F32+เช้า!F32+'บ่าย '!F32 -> 0 | G32: ='เย็น '!G32+เช้า!G32+'บ่าย '!G32 -> 8 | H32: ='เย็น '!H32+เช้า!H32+'บ่าย '!H32 -> 0 | I32: ='เย็น '!I32+เช้า!I32+'บ่าย '!I32 -> 0 | J32: ='เย็น '!J32+เช้า!J32+'บ่าย '!J32 -> 0 | K32: =SUM(D32:J32) -> 15 | P32: =(L32+M32+N32+O32)-K32 -> -15 | S32: 40 | T32: =S32+R32+P32 -> 25 | W32: 1111081 | X32: ชิฟฟอนไส้แยมแยกชิ้น วนิลา | Y32: 40
B33: 1111080 | C33: ชิฟฟอนไส้แยมแยกชิ้น ฝอยทอง | D33: ='เย็น '!D33+เช้า!D33+'บ่าย '!D33 -> 5 | E33: ='เย็น '!E33+เช้า!E33+'บ่าย '!E33 -> 2 | F33: ='เย็น '!F33+เช้า!F33+'บ่าย '!F33 -> 0 | G33: ='เย็น '!G33+เช้า!G33+'บ่าย '!G33 -> 8 | H33: ='เย็น '!H33+เช้า!H33+'บ่าย '!H33 -> 0 | I33: ='เย็น '!I33+เช้า!I33+'บ่าย '!I33 -> 0 | J33: ='เย็น '!J33+เช้า!J33+'บ่าย '!J33 -> 0 | K33: =SUM(D33:J33) -> 15 | P33: =(L33+M33+N33+O33)-K33 -> -15 | S33: 40 | T33: =S33+R33+P33 -> 25 | W33: 1111082 | X33: ชิฟฟอนไส้แยมแยกชิ้น ใบเตย | Y33: 40
B34: 1111081 | C34: ชิฟฟอนไส้แยมแยกชิ้น วนิลา | D34: ='เย็น '!D34+เช้า!D34+'บ่าย '!D34 -> 5 | E34: ='เย็น '!E34+เช้า!E34+'บ่าย '!E34 -> 2 | F34: ='เย็น '!F34+เช้า!F34+'บ่าย '!F34 -> 0 | G34: ='เย็น '!G34+เช้า!G34+'บ่าย '!G34 -> 8 | H34: ='เย็น '!H34+เช้า!H34+'บ่าย '!H34 -> 0 | I34: ='เย็น '!I34+เช้า!I34+'บ่าย '!I34 -> 0 | J34: ='เย็น '!J34+เช้า!J34+'บ่าย '!J34 -> 0 | K34: =SUM(D34:J34) -> 15 | P34: =(L34+M34+N34+O34)-K34 -> -15 | S34: 40 | T34: =S34+R34+P34 -> 25 | W34: 1111083 | X34: ชิฟฟอนไส้แยมแยกชิ้น เมล่อน | Y34: 40
B35: 1111082 | C35: ชิฟฟอนไส้แยมแยกชิ้น ใบเตย | D35: ='เย็น '!D35+เช้า!D35+'บ่าย '!D35 -> 5 | E35: ='เย็น '!E35+เช้า!E35+'บ่าย '!E35 -> 2 | F35: ='เย็น '!F35+เช้า!F35+'บ่าย '!F35 -> 0 | G35: ='เย็น '!G35+เช้า!G35+'บ่าย '!G35 -> 8 | H35: ='เย็น '!H35+เช้า!H35+'บ่าย '!H35 -> 0 | I35: ='เย็น '!I35+เช้า!I35+'บ่าย '!I35 -> 0 | J35: ='เย็น '!J35+เช้า!J35+'บ่าย '!J35 -> 0 | K35: =SUM(D35:J35) -> 15 | P35: =(L35+M35+N35+O35)-K35 -> -15 | S35: 40 | T35: =S35+R35+P35 -> 25 | W35: 1111009 | X35: ชิฟฟอนไส้แยมรวมรส 6 ชิ้น | Y35: 20
B36: 1111083 | C36: ชิฟฟอนไส้แยมแยกชิ้น เมล่อน | D36: ='เย็น '!D36+เช้า!D36+'บ่าย '!D36 -> 5 | E36: ='เย็น '!E36+เช้า!E36+'บ่าย '!E36 -> 2 | F36: ='เย็น '!F36+เช้า!F36+'บ่าย '!F36 -> 0 | G36: ='เย็น '!G36+เช้า!G36+'บ่าย '!G36 -> 8 | H36: ='เย็น '!H36+เช้า!H36+'บ่าย '!H36 -> 0 | I36: ='เย็น '!I36+เช้า!I36+'บ่าย '!I36 -> 0 | J36: ='เย็น '!J36+เช้า!J36+'บ่าย '!J36 -> 0 | K36: =SUM(D36:J36) -> 15 | P36: =(L36+M36+N36+O36)-K36 -> -15 | S36: 40 | T36: =S36+R36+P36 -> 25 | W36: 1111008 | X36: ชิฟฟอนไส้แยมรวมรส 3 ชิ้น | Y36: 250
B37: 1111010 | C37: ชิฟฟอนไส้แยมแยกชิ้น คละรส | D37: ='เย็น '!D37+เช้า!D37+'บ่าย '!D37 -> 0 | E37: ='เย็น '!E37+เช้า!E37+'บ่าย '!E37 -> 0 | F37: ='เย็น '!F37+เช้า!F37+'บ่าย '!F37 -> 0 | G37: ='เย็น '!G37+เช้า!G37+'บ่าย '!G37 -> 0 | H37: ='เย็น '!H37+เช้า!H37+'บ่าย '!H37 -> 0 | I37: ='เย็น '!I37+เช้า!I37+'บ่าย '!I37 -> 0 | J37: ='เย็น '!J37+เช้า!J37+'บ่าย '!J37 -> 0 | K37: =SUM(D37:J37) -> 0 | P37: =(L37+M37+N37+O37)-K37 -> 0 | T37: =S37+R37+P37 -> 0
C38: รวม | D38: =เช้า!D38+'เย็น '!D38+บ่าย!D38 -> 0 | E38: =เช้า!E38+'เย็น '!E38+บ่าย!E38 -> 0 | F38: =เช้า!F38+'เย็น '!F38+บ่าย!F38 -> 0 | G38: =เช้า!G38+'เย็น '!G38+บ่าย!G38 -> 0 | H38: =เช้า!H38+'เย็น '!H38+บ่าย!H38 -> 0 | I38: =เช้า!I38+'เย็น '!I38+บ่าย!I38 -> 0 | J38: =เช้า!J38+'เย็น '!J38+บ่าย!J38 -> 0 | K38: =SUM(D38:J38) -> 0 | P38: =(L38+M38+N38+O38)-K38 -> 0 | T38: =S38+R38+P38 -> 0 | W38: 1114501 | X38: ครีมฮอร์นไส้เนย วนิลา | Y38: 400
B39: ชิฟฟอนไส้แยม 6 ชิ้น | T39: =S39+R39+P39 -> 0 | W39: 1114503 | X39: ครีมฮอร์นไส้เนย ชอค | Y39: 400
B40: 1111009 | C40: ชิฟฟอนไส้แยมรวมรส 6 ชิ้น | D40: ='เย็น '!D40+เช้า!D40+'บ่าย '!D40 -> 0 | E40: ='เย็น '!E40+เช้า!E40+'บ่าย '!E40 -> 1 | F40: ='เย็น '!F40+เช้า!F40+'บ่าย '!F40 -> 9 | G40: ='เย็น '!G40+เช้า!G40+'บ่าย '!G40 -> 0 | H40: ='เย็น '!H40+เช้า!H40+'บ่าย '!H40 -> 0 | I40: ='เย็น '!I40+เช้า!I40+'บ่าย '!I40 -> 0 | J40: ='เย็น '!J40+เช้า!J40+'บ่าย '!J40 -> 0 | K40: =SUM(D40:J40) -> 10 | P40: =(L40+M40+N40+O40)-K40 -> -10 | S40: 20 | T40: =S40+R40+P40 -> 10 | W40: 1124021 | X40: ขนมปังหั่นสไลด์ | Y40: 400
B41: 1111020 | C41: ชิฟฟอนไส้แยมฝอยทอง 6 ชิ้น | D41: ='เย็น '!D41+เช้า!D41+'บ่าย '!D41 -> 1 | E41: ='เย็น '!E41+เช้า!E41+'บ่าย '!E41 -> 0 | F41: ='เย็น '!F41+เช้า!F41+'บ่าย '!F41 -> 0 | G41: ='เย็น '!G41+เช้า!G41+'บ่าย '!G41 -> 0 | H41: ='เย็น '!H41+เช้า!H41+'บ่าย '!H41 -> 0 | I41: ='เย็น '!I41+เช้า!I41+'บ่าย '!I41 -> 0 | J41: ='เย็น '!J41+เช้า!J41+'บ่าย '!J41 -> 0 | K41: =SUM(D41:J41) -> 1
B42: ชิฟฟอนไส้แยม 3 ชิ้น | T42: =S42+R42+P42 -> 0
B43: 1111008 | C43: ชิฟฟอนไส้แยมรวมรส 3 ชิ้น | D43: ='เย็น '!D43+เช้า!D43+'บ่าย '!D43 -> 0 | E43: ='เย็น '!E43+เช้า!E43+'บ่าย '!E43 -> 0 | F43: ='เย็น '!F43+เช้า!F43+'บ่าย '!F43 -> 0 | G43: ='เย็น '!G43+เช้า!G43+'บ่าย '!G43 -> 76 | H43: ='เย็น '!H43+เช้า!H43+'บ่าย '!H43 -> 0 | I43: ='เย็น '!I43+เช้า!I43+'บ่าย '!I43 -> 0 | J43: ='เย็น '!J43+เช้า!J43+'บ่าย '!J43 -> 0 | K43: =SUM(D43:J43) -> 76 | P43: =(L43+M43+N43+O43)-K43 -> -76 | S43: 250 | T43: =S43+R43+P43 -> 174
B44: เบาหวิว ล 110 กรัม | T44: =S44+R44+P44 -> 0
B45: 1112009 | C45: มะพร้าว | D45: ='เย็น '!D45+เช้า!D45+'บ่าย '!D45 -> 7 | E45: ='เย็น '!E45+เช้า!E45+'บ่าย '!E45 -> 9 | F45: ='เย็น '!F45+เช้า!F45+'บ่าย '!F45 -> 5 | G45: ='เย็น '!G45+เช้า!G45+'บ่าย '!G45 -> 46 | H45: ='เย็น '!H45+เช้า!H45+'บ่าย '!H45 -> 0 | I45: ='เย็น '!I45+เช้า!I45+'บ่าย '!I45 -> 0 | J45: ='เย็น '!J45+เช้า!J45+'บ่าย '!J45 -> 0 | K45: =SUM(D45:J45) -> 67 | P45: =(L45+M45+N45+O45)-K45 -> -67 | R45: 100 | T45: =S45+R45+P45 -> 33
B46: 1112011 | C46: ฝอยทอง | D46: ='เย็น '!D46+เช้า!D46+'บ่าย '!D46 -> 18 | E46: ='เย็น '!E46+เช้า!E46+'บ่าย '!E46 -> 14 | F46: ='เย็น '!F46+เช้า!F46+'บ่าย '!F46 -> 15 | G46: ='เย็น '!G46+เช้า!G46+'บ่าย '!G46 -> 44 | H46: ='เย็น '!H46+เช้า!H46+'บ่าย '!H46 -> 0 | I46: ='เย็น '!I46+เช้า!I46+'บ่าย '!I46 -> 0 | J46: ='เย็น '!J46+เช้า!J46+'บ่าย '!J46 -> 0 | K46: =SUM(D46:J46) -> 91 | P46: =(L46+M46+N46+O46)-K46 -> -91 | R46: 100 | T46: =S46+R46+P46 -> 9
B47: 1112003 | C47: กาแฟ | D47: ='เย็น '!D47+เช้า!D47+'บ่าย '!D47 -> 0 | E47: ='เย็น '!E47+เช้า!E47+'บ่าย '!E47 -> 0 | F47: ='เย็น '!F47+เช้า!F47+'บ่าย '!F47 -> 0 | G47: ='เย็น '!G47+เช้า!G47+'บ่าย '!G47 -> 0 | H47: ='เย็น '!H47+เช้า!H47+'บ่าย '!H47 -> 0 | I47: ='เย็น '!I47+เช้า!I47+'บ่าย '!I47 -> 0 | J47: ='เย็น '!J47+เช้า!J47+'บ่าย '!J47 -> 0 | K47: =SUM(D47:J47) -> 0 | P47: =(L47+M47+N47+O47)-K47 -> 0 | R47: 20 | T47: =S47+R47+P47 -> 20
B48: 1112005 | C48: เนยนม | D48: ='เย็น '!D48+เช้า!D48+'บ่าย '!D48 -> 1 | E48: ='เย็น '!E48+เช้า!E48+'บ่าย '!E48 -> 0 | F48: ='เย็น '!F48+เช้า!F48+'บ่าย '!F48 -> 0 | G48: ='เย็น '!G48+เช้า!G48+'บ่าย '!G48 -> 0 | H48: ='เย็น '!H48+เช้า!H48+'บ่าย '!H48 -> 0 | I48: ='เย็น '!I48+เช้า!I48+'บ่าย '!I48 -> 0 | J48: ='เย็น '!J48+เช้า!J48+'บ่าย '!J48 -> 0 | K48: =SUM(D48:J48) -> 1 | P48: =(L48+M48+N48+O48)-K48 -> -1 | R48: 20 | T48: =S48+R48+P48 -> 19
B49: 1112007 | C49: ใบเตย | D49: ='เย็น '!D49+เช้า!D49+'บ่าย '!D49 -> 0 | E49: ='เย็น '!E49+เช้า!E49+'บ่าย '!E49 -> 0 | F49: ='เย็น '!F49+เช้า!F49+'บ่าย '!F49 -> 0 | G49: ='เย็น '!G49+เช้า!G49+'บ่าย '!G49 -> 0 | H49: ='เย็น '!H49+เช้า!H49+'บ่าย '!H49 -> 0 | I49: ='เย็น '!I49+เช้า!I49+'บ่าย '!I49 -> 0 | J49: ='เย็น '!J49+เช้า!J49+'บ่าย '!J49 -> 0 | K49: =SUM(D49:J49) -> 0 | P49: =(L49+M49+N49+O49)-K49 -> 0 | T49: =S49+R49+P49 -> 0
B50: 1112019 | C50: ทุเรียน | D50: ='เย็น '!D50+เช้า!D50+'บ่าย '!D50 -> 0 | E50: ='เย็น '!E50+เช้า!E50+'บ่าย '!E50 -> 0 | F50: ='เย็น '!F50+เช้า!F50+'บ่าย '!F50 -> 0 | G50: ='เย็น '!G50+เช้า!G50+'บ่าย '!G50 -> 0 | H50: ='เย็น '!H50+เช้า!H50+'บ่าย '!H50 -> 0 | I50: ='เย็น '!I50+เช้า!I50+'บ่าย '!I50 -> 0 | J50: ='เย็น '!J50+เช้า!J50+'บ่าย '!J50 -> 0 | K50: =SUM(D50:J50) -> 0 | P50: =(L50+M50+N50+O50)-K50 -> 0 | T50: =S50+R50+P50 -> 0
B51: 1112017 | C51: ตาลหอม | D51: ='เย็น '!D51+เช้า!D51+'บ่าย '!D51 -> 1 | E51: ='เย็น '!E51+เช้า!E51+'บ่าย '!E51 -> 0 | F51: ='เย็น '!F51+เช้า!F51+'บ่าย '!F51 -> 0 | G51: ='เย็น '!G51+เช้า!G51+'บ่าย '!G51 -> 0 | H51: ='เย็น '!H51+เช้า!H51+'บ่าย '!H51 -> 0 | I51: ='เย็น '!I51+เช้า!I51+'บ่าย '!I51 -> 0 | J51: ='เย็น '!J51+เช้า!J51+'บ่าย '!J51 -> 0 | K51: =SUM(D51:J51) -> 1 | P51: =(L51+M51+N51+O51)-K51 -> -1 | R51: 20 | T51: =S51+R51+P51 -> 19
B52: 1112015 | C52: กล้วยหอมมะพร้าวเผา | D52: ='เย็น '!D52+เช้า!D52+'บ่าย '!D52 -> 2 | E52: ='เย็น '!E52+เช้า!E52+'บ่าย '!E52 -> 0 | F52: ='เย็น '!F52+เช้า!F52+'บ่าย '!F52 -> 0 | G52: ='เย็น '!G52+เช้า!G52+'บ่าย '!G52 -> 0 | H52: ='เย็น '!H52+เช้า!H52+'บ่าย '!H52 -> 0 | I52: ='เย็น '!I52+เช้า!I52+'บ่าย '!I52 -> 0 | J52: ='เย็น '!J52+เช้า!J52+'บ่าย '!J52 -> 0 | K52: =SUM(D52:J52) -> 2 | P52: =(L52+M52+N52+O52)-K52 -> -2 | R52: 20 | T52: =S52+R52+P52 -> 18
B53: 1112013 | C53: เผือกมะพร้าวอ่อน | D53: ='เย็น '!D53+เช้า!D53+'บ่าย '!D53 -> 5 | E53: ='เย็น '!E53+เช้า!E53+'บ่าย '!E53 -> 7 | F53: ='เย็น '!F53+เช้า!F53+'บ่าย '!F53 -> 7 | G53: ='เย็น '!G53+เช้า!G53+'บ่าย '!G53 -> 44 | H53: ='เย็น '!H53+เช้า!H53+'บ่าย '!H53 -> 0 | I53: ='เย็น '!I53+เช้า!I53+'บ่าย '!I53 -> 0 | J53: ='เย็น '!J53+เช้า!J53+'บ่าย '!J53 -> 0 | K53: =SUM(D53:J53) -> 63 | P53: =(L53+M53+N53+O53)-K53 -> -63 | R53: 100 | T53: =S53+R53+P53 -> 37
B54: 1124043 | C54: เบาหวิว คละรส | D54: =เช้า!D54+'เย็น '!D54+บ่าย!D56 -> 0 | E54: =เช้า!E54+'เย็น '!E54+บ่าย!E56 -> 0 | F54: =เช้า!F54+'เย็น '!F54+บ่าย!F56 -> 0 | G54: =เช้า!G54+'เย็น '!G54+บ่าย!G56 -> 0 | H54: =เช้า!H54+'เย็น '!H54+บ่าย!H56 -> 0 | I54: =เช้า!I54+'เย็น '!I54+บ่าย!I56 -> 0 | J54: =เช้า!J54+'เย็น '!J54+บ่าย!J56 -> 0 | K54: =SUM(D54:J54) -> 0 | P54: =(L54+M54+N54+O54)-K54 -> 0 | T54: =S54+R54+P54 -> 0
C55: รวม | K55: =SUM(D55:J55) -> 0 | P55: =SUM(P45:P54) -> -225 | T55: =S55+R55+P55 -> -225
B56: อื่นๆ | T56: =S56+R56+P56 -> 0
B57: 1100003 | C57: เมอแรงค์ กระปุก | D57: ='เย็น '!D57+เช้า!D57+'บ่าย '!D57 -> 0 | E57: ='เย็น '!E57+เช้า!E57+'บ่าย '!E57 -> 1 | F57: ='เย็น '!F57+เช้า!F57+'บ่าย '!F57 -> 0 | G57: ='เย็น '!G57+เช้า!G57+'บ่าย '!G57 -> 0 | H57: ='เย็น '!H57+เช้า!H57+'บ่าย '!H57 -> 0 | I57: ='เย็น '!I57+เช้า!I57+'บ่าย '!I57 -> 0 | J57: ='เย็น '!J57+เช้า!J57+'บ่าย '!J57 -> 0 | K57: =SUM(D57:J57) -> 1 | P57: =(L57+M57+N57+O57)-K57 -> -1 | T57: =S57+R57+P57 -> -1
B58: 1100001 | C58: พายสับปรด 1 ชิ้น | D58: ='เย็น '!D58+เช้า!D58+'บ่าย '!D58 -> 0 | E58: ='เย็น '!E58+เช้า!E58+'บ่าย '!E58 -> 0 | F58: ='เย็น '!F58+เช้า!F58+'บ่าย '!F58 -> 0 | G58: ='เย็น '!G58+เช้า!G58+'บ่าย '!G58 -> 0 | H58: ='เย็น '!H58+เช้า!H58+'บ่าย '!H58 -> 0 | I58: ='เย็น '!I58+เช้า!I58+'บ่าย '!I58 -> 0 | J58: ='เย็น '!J58+เช้า!J58+'บ่าย '!J58 -> 0 | K58: =SUM(D58:J58) -> 0 | P58: =(L58+M58+N58+O58)-K58 -> 0 | T58: =S58+R58+P58 -> 0
B59: 1100002 | C59: พายสับปรด 1 กล่อง | D59: ='เย็น '!D59+เช้า!D59+'บ่าย '!D59 -> 2 | E59: ='เย็น '!E59+เช้า!E59+'บ่าย '!E59 -> 3 | F59: ='เย็น '!F59+เช้า!F59+'บ่าย '!F59 -> 0 | G59: ='เย็น '!G59+เช้า!G59+'บ่าย '!G59 -> 2 | H59: ='เย็น '!H59+เช้า!H59+'บ่าย '!H59 -> 0 | I59: ='เย็น '!I59+เช้า!I59+'บ่าย '!I59 -> 0 | J59: ='เย็น '!J59+เช้า!J59+'บ่าย '!J59 -> 0 | K59: =SUM(D59:J59) -> 7 | P59: =(L59+M59+N59+O59)-K59 -> -7 | T59: =S59+R59+P59 -> -7
B60: 1200001 | C60: คอนเฟลค | D60: ='เย็น '!D60+เช้า!D60+'บ่าย '!D60 -> 0 | E60: ='เย็น '!E60+เช้า!E60+'บ่าย '!E60 -> 0 | F60: ='เย็น '!F60+เช้า!F60+'บ่าย '!F60 -> 0 | G60: ='เย็น '!G60+เช้า!G60+'บ่าย '!G60 -> 0 | H60: ='เย็น '!H60+เช้า!H60+'บ่าย '!H60 -> 0 | I60: ='เย็น '!I60+เช้า!I60+'บ่าย '!I60 -> 0 | J60: ='เย็น '!J60+เช้า!J60+'บ่าย '!J60 -> 0 | K60: =SUM(D60:J60) -> 0 | P60: =(L60+M60+N60+O60)-K60 -> 0 | T60: =S60+R60+P60 -> 0
B61: 1005761 | C61: ปังกรอบคาราเมล(ถุง) | D61: ='เย็น '!D61+เช้า!D61+'บ่าย '!D61 -> 0 | E61: ='เย็น '!E61+เช้า!E61+'บ่าย '!E61 -> 2 | F61: ='เย็น '!F61+เช้า!F61+'บ่าย '!F61 -> 0 | G61: ='เย็น '!G61+เช้า!G61+'บ่าย '!G61 -> 0 | H61: ='เย็น '!H61+เช้า!H61+'บ่าย '!H61 -> 0 | I61: ='เย็น '!I61+เช้า!I61+'บ่าย '!I61 -> 0 | J61: ='เย็น '!J61+เช้า!J61+'บ่าย '!J61 -> 0 | K61: =SUM(D61:J61) -> 2 | P61: =(L61+M61+N61+O61)-K61 -> -2 | T61: =S61+R61+P61 -> -2
B62: 1114501 | C62: ครีมฮอร์นไส้เนย วนิลา | D62: ='เย็น '!D62+เช้า!D62+'บ่าย '!D62 -> 0 | E62: ='เย็น '!E62+เช้า!E62+'บ่าย '!E62 -> 15 | F62: ='เย็น '!F62+เช้า!F62+'บ่าย '!F62 -> 15 | G62: ='เย็น '!G62+เช้า!G62+'บ่าย '!G62 -> 133 | H62: ='เย็น '!H62+เช้า!H62+'บ่าย '!H62 -> 0 | I62: ='เย็น '!I62+เช้า!I62+'บ่าย '!I62 -> 0 | J62: ='เย็น '!J62+เช้า!J62+'บ่าย '!J62 -> 0 | K62: =SUM(D62:J62) -> 163 | P62: =(L62+M62+N62+O62)-K62 -> -163 | T62: =S62+R62+P62 -> -163
B63: 1114502 | C63: ครีมฮอร์นไส้เนย ใบเตย | D63: ='เย็น '!D63+เช้า!D63+'บ่าย '!D63 -> 0 | E63: ='เย็น '!E63+เช้า!E63+'บ่าย '!E63 -> 2 | F63: ='เย็น '!F63+เช้า!F63+'บ่าย '!F63 -> 3 | G63: ='เย็น '!G63+เช้า!G63+'บ่าย '!G63 -> 132 | H63: ='เย็น '!H63+เช้า!H63+'บ่าย '!H63 -> 0 | I63: ='เย็น '!I63+เช้า!I63+'บ่าย '!I63 -> 0 | J63: ='เย็น '!J63+เช้า!J63+'บ่าย '!J63 -> 0 | K63: =SUM(D63:J63) -> 137 | P63: =(L63+M63+N63+O63)-K63 -> -137 | S63: 400 | T63: =S63+R63+P63 -> 263
B64: 1114503 | C64: ครีมฮอร์นไส้เนย ชอค | D64: ='เย็น '!D64+เช้า!D64+'บ่าย '!D64 -> 0 | E64: ='เย็น '!E64+เช้า!E64+'บ่าย '!E64 -> 5 | F64: ='เย็น '!F64+เช้า!F64+'บ่าย '!F64 -> 12 | G64: ='เย็น '!G64+เช้า!G64+'บ่าย '!G64 -> 132 | H64: ='เย็น '!H64+เช้า!H64+'บ่าย '!H64 -> 0 | I64: ='เย็น '!I64+เช้า!I64+'บ่าย '!I64 -> 0 | J64: ='เย็น '!J64+เช้า!J64+'บ่าย '!J64 -> 0 | K64: =SUM(D64:J64) -> 149 | P64: =(L64+M64+N64+O64)-K64 -> -149 | T64: =S64+R64+P64 -> -149
B65: 1124021 | C65: ขนมปังหั่นสไลด์ | D65: ='เย็น '!D65+เช้า!D65+'บ่าย '!D65 -> 3 | E65: ='เย็น '!E65+เช้า!E65+'บ่าย '!E65 -> 14 | F65: ='เย็น '!F65+เช้า!F65+'บ่าย '!F65 -> 42 | G65: ='เย็น '!G65+เช้า!G65+'บ่าย '!G65 -> 58 | H65: ='เย็น '!H65+เช้า!H65+'บ่าย '!H65 -> 0 | I65: ='เย็น '!I65+เช้า!I65+'บ่าย '!I65 -> 0 | J65: ='เย็น '!J65+เช้า!J65+'บ่าย '!J65 -> 0 | K65: =SUM(D65:J65) -> 117 | P65: =(L65+M65+N65+O65)-K65 -> -117 | R65: 400 | T65: =S65+R65+P65 -> 283
B66: 1113084 | C66: ปังเนยนิ่ม กล่อง 2 ชิ้น | D66: ='เย็น '!D66+เช้า!D66+'บ่าย '!D66 -> 0 | E66: ='เย็น '!E66+เช้า!E66+'บ่าย '!E66 -> 0 | F66: ='เย็น '!F66+เช้า!F66+'บ่าย '!F66 -> 0 | G66: ='เย็น '!G66+เช้า!G66+'บ่าย '!G66 -> 0 | H66: ='เย็น '!H66+เช้า!H66+'บ่าย '!H66 -> 0 | I66: ='เย็น '!I66+เช้า!I66+'บ่าย '!I66 -> 0 | J66: ='เย็น '!J66+เช้า!J66+'บ่าย '!J66 -> 0 | K66: =SUM(D66:J66) -> 0 | P66: =(L66+M66+N66+O66)-K66 -> 0 | T66: =S66+R66+P66 -> 0
B67: 900003 | C67: กล่องเปล่าชิฟอน ล | D67: ='เย็น '!D67+เช้า!D67+'บ่าย '!D67 -> 0 | E67: ='เย็น '!E67+เช้า!E67+'บ่าย '!E67 -> 0 | F67: ='เย็น '!F67+เช้า!F67+'บ่าย '!F67 -> 0 | G67: ='เย็น '!G67+เช้า!G67+'บ่าย '!G67 -> 0 | H67: ='เย็น '!H67+เช้า!H67+'บ่าย '!H67 -> 0 | I67: ='เย็น '!I67+เช้า!I67+'บ่าย '!I67 -> 0 | J67: ='เย็น '!J67+เช้า!J67+'บ่าย '!J67 -> 0 | K67: =SUM(D67:J67) -> 0 | P67: =(L67+M67+N67+O67)-K67 -> 0 | T67: =S67+R67+P67 -> 0
B68: 900004 | C68: กล่องเปล่าชิฟอน ญ | D68: ='เย็น '!D68+เช้า!D68+'บ่าย '!D68 -> 0 | E68: ='เย็น '!E68+เช้า!E68+'บ่าย '!E68 -> 0 | F68: ='เย็น '!F68+เช้า!F68+'บ่าย '!F68 -> 0 | G68: ='เย็น '!G68+เช้า!G68+'บ่าย '!G68 -> 0 | H68: ='เย็น '!H68+เช้า!H68+'บ่าย '!H68 -> 0 | I68: ='เย็น '!I68+เช้า!I68+'บ่าย '!I68 -> 0 | J68: ='เย็น '!J68+เช้า!J68+'บ่าย '!J68 -> 0 | K68: =SUM(D68:J68) -> 0 | P68: =(L68+M68+N68+O68)-K68 -> 0 | T68: =S68+R68+P68 -> 0
B69: 1200002 | C69: ทอฟฟี่ถั่ว กล่อง | D69: ='เย็น '!D69+เช้า!D69+'บ่าย '!D69 -> 0 | E69: ='เย็น '!E69+เช้า!E69+'บ่าย '!E69 -> 2 | F69: ='เย็น '!F69+เช้า!F69+'บ่าย '!F69 -> 0 | G69: ='เย็น '!G69+เช้า!G69+'บ่าย '!G69 -> 0 | H69: ='เย็น '!H69+เช้า!H69+'บ่าย '!H69 -> 0 | I69: ='เย็น '!I69+เช้า!I69+'บ่าย '!I69 -> 0 | J69: ='เย็น '!J69+เช้า!J69+'บ่าย '!J69 -> 0 | K69: =SUM(D69:J69) -> 2 | P69: =(L69+M69+N69+O69)-K69 -> -2 | T69: =S69+R69+P69 -> -2
B70: 1200003 | C70: ทอฟฟี่ถั่ว กระเช้า | D70: ='เย็น '!D70+เช้า!D70+'บ่าย '!D70 -> 0 | E70: ='เย็น '!E70+เช้า!E70+'บ่าย '!E70 -> 0 | F70: ='เย็น '!F70+เช้า!F70+'บ่าย '!F70 -> 0 | G70: ='เย็น '!G70+เช้า!G70+'บ่าย '!G70 -> 0 | H70: ='เย็น '!H70+เช้า!H70+'บ่าย '!H70 -> 0 | I70: ='เย็น '!I70+เช้า!I70+'บ่าย '!I70 -> 0 | J70: ='เย็น '!J70+เช้า!J70+'บ่าย '!J70 -> 0 | K70: =SUM(D70:J70) -> 0 | P70: =(L70+M70+N70+O70)-K70 -> 0 | T70: =S70+R70+P70 -> 0
B71: 1200004 | C71: ทอฟฟี่ถั่ว กระปุก | D71: ='เย็น '!D71+เช้า!D71+'บ่าย '!D71 -> 0 | E71: ='เย็น '!E71+เช้า!E71+'บ่าย '!E71 -> 0 | F71: ='เย็น '!F71+เช้า!F71+'บ่าย '!F71 -> 0 | G71: ='เย็น '!G71+เช้า!G71+'บ่าย '!G71 -> 0 | H71: ='เย็น '!H71+เช้า!H71+'บ่าย '!H71 -> 0 | I71: ='เย็น '!I71+เช้า!I71+'บ่าย '!I71 -> 0 | J71: ='เย็น '!J71+เช้า!J71+'บ่าย '!J71 -> 0 | K71: =SUM(D71:J71) -> 0 | P71: =(L71+M71+N71+O71)-K71 -> 0 | T71: =S71+R71+P71 -> 0
B72: 1200093 | C72: ท็อฟฟี่ถั่ว ครึ่งกิโล | D72: ='เย็น '!D72+เช้า!D72+'บ่าย '!D72 -> 0 | E72: ='เย็น '!E72+เช้า!E72+'บ่าย '!E72 -> 0 | F72: ='เย็น '!F72+เช้า!F72+'บ่าย '!F72 -> 0 | G72: ='เย็น '!G72+เช้า!G72+'บ่าย '!G72 -> 0 | H72: ='เย็น '!H72+เช้า!H72+'บ่าย '!H72 -> 0 | I72: ='เย็น '!I72+เช้า!I72+'บ่าย '!I72 -> 0 | J72: ='เย็น '!J72+เช้า!J72+'บ่าย '!J72 -> 0 | K72: =SUM(D72:J72) -> 0 | P72: =(L72+M72+N72+O72)-K72 -> 0 | T72: =S72+R72+P72 -> 0
B73: 1200092 | C73: ท็อฟฟี่ถั่ว 1 กิโล | D73: ='เย็น '!D73+เช้า!D73+'บ่าย '!D73 -> 0 | E73: ='เย็น '!E73+เช้า!E73+'บ่าย '!E73 -> 0 | F73: ='เย็น '!F73+เช้า!F73+'บ่าย '!F73 -> 0 | G73: ='เย็น '!G73+เช้า!G73+'บ่าย '!G73 -> 0 | H73: ='เย็น '!H73+เช้า!H73+'บ่าย '!H73 -> 0 | I73: ='เย็น '!I73+เช้า!I73+'บ่าย '!I73 -> 0 | J73: ='เย็น '!J73+เช้า!J73+'บ่าย '!J73 -> 0 | K73: =SUM(D73:J73) -> 0 | P73: =(L73+M73+N73+O73)-K73 -> 0 | T73: =S73+R73+P73 -> 0
C74: เศษขนมปังปลา5กก. | D74: ='เย็น '!D74+เช้า!D74+'บ่าย '!D74 -> 0 | E74: ='เย็น '!E74+เช้า!E74+'บ่าย '!E74 -> 0 | F74: ='เย็น '!F74+เช้า!F74+'บ่าย '!F74 -> 0 | G74: ='เย็น '!G74+เช้า!G74+'บ่าย '!G74 -> 0 | H74: ='เย็น '!H74+เช้า!H74+'บ่าย '!H74 -> 0 | I74: ='เย็น '!I74+เช้า!I74+'บ่าย '!I74 -> 0 | J74: ='เย็น '!J74+เช้า!J74+'บ่าย '!J74 -> 0 | K74: =SUM(D74:J74) -> 0 | P74: =(L74+M74+N74+O74)-K74 -> 0 | T74: =S74+R74+P74 -> 0
C75: เศษขนมปังปลา1กก. | D75: ='เย็น '!D75+เช้า!D75+'บ่าย '!D75 -> 0 | E75: ='เย็น '!E75+เช้า!E75+'บ่าย '!E75 -> 7 | F75: ='เย็น '!F75+เช้า!F75+'บ่าย '!F75 -> 0 | G75: ='เย็น '!G75+เช้า!G75+'บ่าย '!G75 -> 0 | H75: ='เย็น '!H75+เช้า!H75+'บ่าย '!H75 -> 0 | I75: ='เย็น '!I75+เช้า!I75+'บ่าย '!I75 -> 0 | J75: ='เย็น '!J75+เช้า!J75+'บ่าย '!J75 -> 3 | K75: =SUM(D75:J75) -> 10 | P75: =(L75+M75+N75+O75)-K75 -> -10 | T75: =S75+R75+P75 -> -10
B76: 20052721 | C76: แซนวิชโบราณ | D76: =เช้า!D76+'เย็น '!D76+บ่าย!D78 -> 0 | E76: =เช้า!E76+'เย็น '!E76+บ่าย!E78 -> 0 | F76: =เช้า!F76+'เย็น '!F76+บ่าย!F78 -> 0 | G76: =เช้า!G76+'เย็น '!G76+บ่าย!G78 -> 0 | H76: =เช้า!H76+'เย็น '!H76+บ่าย!H78 -> 0 | I76: =เช้า!I76+'เย็น '!I76+บ่าย!I78 -> 0 | J76: =เช้า!J76+'เย็น '!J76+บ่าย!J78 -> 0 | K76: =SUM(D76:J76) -> 0 | P76: =(L76+M76+N76+O76)-K76 -> 0
D77: =SUM(D7:D38,D40:D41,D43,D45:D54,D57:D76) -> 113 | E77: =SUM(E7:E38,E40:E41,E43,E45:E54,E57:E76) -> 173 | F77: =SUM(F7:F38,F40:F41,F43,F45:F54,F57:F76) -> 145 | G77: =SUM(G7:G38,G40:G41,G43,G45:G54,G57:G76) -> 907 | H77: =SUM(H7:H38,H40:H41,H43,H45:H54,H57:H76) -> 0 | I77: =SUM(I7:I38,I40:I41,I43,I45:I54,I57:I76) -> 0 | J77: =SUM(J7:J38,J40:J41,J43,J45:J54,J57:J76) -> 3 | K77: =SUM(K7:K38,K40:K41,K43,K45:K54,K57:K76) -> 1341 | L77: =SUM(L57:L76,L45:L53,L43:L43,L40:L40,L7:L37) -> 0 | M77: =SUM(M57:M76,M45:M53,M43:M43,M40:M40,M7:M37) -> 0 | N77: =SUM(N57:N76,N45:N53,N43:N43,N40:N40,N7:N37) -> 0 | O77: =SUM(O57:O76,O45:O53,O43:O43,O40:O40,O7:O37) -> 0 | P77: =SUM(P57:P76,P45:P53,P43:P43,P40:P40,P7:P37) -> -1340
B81: …..................................................................................... | I81: ….....................................................................................
B82: ผู้จัดทำ | I82: ผู้รับทราบ
