Workbook

Sheet เย็น 162
B1: ยอดจริง ออนไลน์ วันที่ 1/11/2567 - เย็น
K2: ยอดรวมผลิต
K3: จำนวน
B4: รหัสสินค้า | C4: สินค้า | D4: ปณ | E4: ชอปปี้ | F4: ลาซาด้า | G4: ติ๊กตอก | H4: ติ๊กตอก2 | I4: ติ๊กตอก3 | J4: ชอยส์ | K4: (กล่อง)
B6: ชิฟฟอนรวมรส
B7: 1111002 | C7: ชิฟฟอนรวมรส 8 ชิ้น | E7: 6 | F7: 132 | K7: =SUM(D7:J7) -> 138
C8: ชิฟฟอนแบบกล่องสุ่มอะไรก็ได้ที่มี | K8: =SUM(D8:J8) -> 0
B9: 1111084 | C9: ชิฟฟอน 8 ชิ้น กาแฟล้วน | K9: =SUM(D9:J9) -> 0
B10: 1111085 | C10: ชิฟฟอน 8 ชิ้น บลูเบอรี่ล้วน | K10: =SUM(D10:J10) -> 0
B11: 1111086 | C11: ชิฟฟอน 8 ชิ้น มะพร้าวล้วน | K11: =SUM(D11:J11) -> 0
B12: 1111087 | C12: ชิฟฟอน 8 ชิ้น สตอเบอรี่ล้วน | K12: =SUM(D12:J12) -> 0
B13: 1111088 | C13: ชิฟฟอน 8 ชิ้น ส้มล้วน | K13: =SUM(D13:J13) -> 0
B14: 1111089 | C14: ชิฟฟอน 8 ชิ้น เนยล้วน | K14: =SUM(D14:J14) -> 0
B15: 1111090 | C15: ชิฟฟอน 8 ชิ้น เผือกล้วน | K15: =SUM(D15:J15) -> 0
B16: 1111091 | C16: ชิฟฟอน 8 ชิ้น ใบเตยล้วน | K16: =SUM(D16:J16) -> 0
B17: 1111092 | C17: ชิฟฟอน 8 ชิ้น กล้วยหอม | K17: =SUM(D17:J17) -> 0
B18: 1111093 | C18: ชิฟฟอน 8 ชิ้น โกโก้ล้วน | K18: =SUM(D18:J18) -> 0
B19: 1111094 | C19: ชิฟฟอน 8 ชิ้น ชาไทยล้วน | K19: =SUM(D19:J19) -> 0
B20: 1111095 | C20: ชิฟฟอน 8 ชิ้น ชาเขียวล้วน | K20: =SUM(D20:J20) -> 0
... B24: 1111043 | C24: ชิฟฟอน 8 ชิ้น มะลิ | K24: =SUM(D24:J24) -> 0
B25: 1111056 | C25: ชิฟฟอน 8 ชิ้น รวมรสยอดฮิต | E25: 3 | F25: 10 | K25: =SUM(D25:J25) -> 13
B26: 1004055 | C26: ชิฟฟอนรวมรส 4 ชิ้น | E26: 3 | G26: 39 | K26: =SUM(D26:J26) -> 42
B27: 1004055 | C27: ชิฟฟอน 4 ชิ้น โกโก้ล้วน | K27: =SUM(D27:J27) -> 0
B28: 1004055 | C28: ชิฟฟอน 4 ชิ้น มะพร้าวล้วน | K28: =SUM(D28:J28) -> 0
B29: 1004055 | C29: ชิฟฟอน 4 ชิ้น เนยล้วน | K29: =SUM(D29:J29) -> 0
B30: 1004055 | C30: ชิฟฟอน 4 ชิ้น กาแฟล้วน | K30: =SUM(D30:J30) -> 0
B31: 1004055 | C31: ชิฟฟอน 4 ชิ้น ใบเตยล้วน | K31: =SUM(D31:J31) -> 0
B32: 1004055 | C32: ชิฟฟอน 4 ชิ้น บลูเบอร์รี่ล้วน | K32: =SUM(D32:J32) -> 0
B33: 1004055 | C33: ชิฟฟอน 4 ชิ้น ส้มล้วน | K33: =SUM(D33:J33) -> 0
B34: 1004055 | C34: ชิฟฟอน 4 ชิ้น เผือกล้วน | K34: =SUM(D34:J34) -> 0
B35: 1004055 | C35: ชิฟฟอน 4 ชิ้น สตอเบอรี่ล้วน | K35: =SUM(D35:J35) -> 0
B36: 1004055 | C36: ชิฟฟอน 4 ชิ้น กล้วยหอมล้วน | K36: =SUM(D36:J36) -> 0
B37: 1004055 | C37: ชิฟฟอน 4 ชิ้น ชาเขียวล้วน | K37: =SUM(D37:J37) -> 0
B38: 1004055 | C38: ชิฟฟอน 4 ชิ้น ชาไทยล้วน | K38: =SUM(D38:J38) -> 0
B39: 1004055 | C39: ชิฟฟอน 4 ชิ้น สับปะรดล้วน | K39: =SUM(D39:J39) -> 0
B40: 1111057 | C40: ชิฟฟอนแยกชิ้น กาแฟ | E40: 8 | K40: =SUM(D40:J40) -> 8
B41: 1111058 | C41: ชิฟฟอนแยกชิ้น ชาเขียว | E41: 4 | K41: =SUM(D41:J41) -> 4
B42: 1111059 | C42: ชิฟฟอนแยกชิ้น ใบเตย | E42: 8 | K42: =SUM(D42:J42) -> 8
B43: 1111060 | C43: ชิฟฟอนแยกชิ้น กล้วยหอม | K43: =SUM(D43:J43) -> 0
B44: 1111061 | C44: ชิฟฟอนแยกชิ้น ชาไทย | E44: 2 | K44: =SUM(D44:J44) -> 2
B45: 1111062 | C45: ชิฟฟอนแยกชิ้น โกโก้ | E45: 2 | K45: =SUM(D45:J45) -> 2
B46: 1111063 | C46: ชิฟฟอนแยกชิ้น ส้ม | E46: 3 | K46: =SUM(D46:J46) -> 3
B47: 1111064 | C47: ชิฟฟอนแยกชิ้น เผือก | E47: 3 | K47: =SUM(D47:J47) -> 3
B48: 1111065 | C48: ชิฟฟอนแยกชิ้น สับปะรด | K48: =SUM(D48:J48) -> 0
B49: 1111066 | C49: ชิฟฟอนแยกชิ้น สตอเบอรี่ | E49: 3 | K49: =SUM(D49:J49) -> 3
B50: 1111067 | C50: ชิฟฟอนแยกชิ้น มะพร้าว | E50: 8 | K50: =SUM(D50:J50) -> 8
B51: 1111068 | C51: ชิฟฟอนแยกชิ้น เนย | E51: 6 | K51: =SUM(D51:J51) -> 6
B52: 1111069 | C52: ชิฟฟอนแยกชิ้น บลูเบอรี่ | E52: 3 | K52: =SUM(D52:J52) -> 3
B53: 1111070 | C53: ชิฟฟอนแยกชิ้น ทุเรียน | K53: =SUM(D53:J53) -> 0
B54: 1111071 | C54: ชิฟฟอนแยกชิ้น ตาล | K54: =SUM(D54:J54) -> 0
B55: 1111001 | C55: ชิฟฟอนแยกชิ้น คละรส | K55: =SUM(D55:J55) -> 0
B56: 1111074 | C56: ชิฟฟอนไส้แยมแยกชิ้น มะพร้าว | F56: 1 | G56: 51 | K56: =SUM(D56:J56) -> 52
B57: 1111075 | C57: ชิฟฟอนไส้แยมแยกชิ้น สตอเบอรี่ | F57: 1 | G57: 51 | K57: =SUM(D57:J57) -> 52
B58: 1111076 | C58: ชิฟฟอนไส้แยมแยกชิ้น ส้ม | F58: 1 | G58: 51 | K58: =SUM(D58:J58) -> 52
B59: 1111077 | C59: ชิฟฟอนไส้แยมแยกชิ้น บลูเบอรี่ | F59: 1 | G59: 51 | K59: =SUM(D59:J59) -> 52
B60: 1111078 | C60: ชิฟฟอนไส้แยมแยกชิ้น นมชมพู | F60: 1 | G60: 51 | K60: =SUM(D60:J60) -> 52
B61: 1111079 | C61: ชิฟฟอนไส้แยมแยกชิ้น ชอคโกแลต | F61: 1 | G61: 50 | K61: =SUM(D61:J61) -> 51
B62: 1111080 | C62: ชิฟฟอนไส้แยมแยกชิ้น ฝอยทอง | F62: 1 | G62: 44 | K62: =SUM(D62:J62) -> 45
B63: 1111081 | C63: ชิฟฟอนไส้แยมแยกชิ้น วนิลา | F63: 1 | G63: 44 | K63: =SUM(D63:J63) -> 45
B64: 1111082 | C64: ชิฟฟอนไส้แยมแยกชิ้น ใบเตย | F64: 1 | G64: 44 | K64: =SUM(D64:J64) -> 45
B65: 1111083 | C65: ชิฟฟอนไส้แยมแยกชิ้น เมล่อน | F65: 1 | G65: 44 | K65: =SUM(D65:J65) -> 45
B66: 1111010 | C66: ชิฟฟอนไส้แยมแยกชิ้น คละรส | K66: =SUM(D66:J66) -> 0
C67: รวม | K67: =SUM(D67:I67) -> 0
B68: ชิฟฟอนไส้แยม 6 ชิ้น
B69: 1111009 | C69: ชิฟฟอนไส้แยมรวมรส 6 ชิ้น | E69: 2 | F69: 4 | G69: 3 | K69: =SUM(D69:J69) -> 9
B70: 1111023 | C70: ชิฟฟอนไส้แยมรสสตอเบอร์รี่ล้วน 6 ชิ้น | K70: =SUM(D70:J70) -> 0
B71: 1111016 | C71: ชิฟฟอนไส้แยมรสมะพร้าวล้วน 6 ชิ้น | K71: =SUM(D71:J71) -> 0
B72: 1111014 | C72: ชิฟฟอนไส้แยมรสช็อกโกแลตนูเทลล่าล้วน 6 ชิ้น | K72: =SUM(D72:J72) -> 0
B73: 1111025 | C73: ชิฟฟอนไส้แยมรสส้มล้วน 6 ชิ้น | K73: =SUM(D73:J73) -> 0
B74: 1111018 | C74: ชิฟฟอนไส้แยมรสบลูเบอร์รี่ล้วน 6 ชิ้น | K74: =SUM(D74:J74) -> 0
B75: 1111012 | C75: ชิฟฟอนไส้แยมรสนมชมพูฮอกไกโดล้วน 6 ชิ้น | K75: =SUM(D75:J75) -> 0
B76: 1111020 | C76: ชิฟฟอนไส้แยมฝอยทองไส้ทะลัก 6 ชิ้น | K76: =SUM(D76:J76) -> 0
C77: รวม
B78: ชิฟฟอนไส้แยม 3 ชิ้น
B79: 1111022 | C79: ชิฟฟอนไส้แยมรสสตอเบอร์รี่ล้วน 3 ชิ้น | K79: =SUM(D79:J79) -> 0
B80: 1111015 | C80: ชิฟฟอนไส้แยมรสมะพร้าวล้วน 3 ชิ้น | K80: =SUM(D80:J80) -> 0
B81: 1111013 | C81: ชิฟฟอนไส้แยมรสช็อกโกแลตนูเทลล่าล้วน 3 ชิ้น | K81: =SUM(D81:J81) -> 0
B82: 1111024 | C82: ชิฟฟอนไส้แยมรสส้มล้วน 3 ชิ้น | K82: =SUM(D82:J82) -> 0
B83: 1111017 | C83: ชิฟฟอนไส้แยมรสบลูเบอร์รี่ล้วน 3 ชิ้น | K83: =SUM(D83:J83) -> 0
B84: 1111011 | C84: ชิฟฟอนไส้แยมรสนมชมพูฮอกไกโดล้วน 3 ชิ้น | K84: =SUM(D84:J84) -> 0
B85: 1111019 | C85: ชิฟฟอนไส้แยมฝอยทองไส้ทะลัก 3 ชิ้น | K85: =SUM(D85:J85) -> 0
B86: 1113081 | C86: ชิฟฟอนไส้แยม วนิลา/ใบเตย/เมล่อน | K86: =SUM(D86:J86) -> 0
B87: 1111008 | C87: ชิฟฟอนไส้แยมรวมรส 3 ชิ้น | E87: 9 | G87: 57 | K87: =SUM(D87:J87) -> 66
C88: รวม
B89: เบาหวิว ล 110 กรัม
B90: 1112009 | C90: มะพร้าว | E90: 10 | F90: 3 | G90: 28 | K90: =SUM(D90:J90) -> 41
B91: 1112011 | C91: ฝอยทอง | E91: 9 | F91: 9 | G91: 28 | K91: =SUM(D91:J91) -> 46
B92: 1112003 | C92: กาแฟ | G92: 22 | K92: =SUM(D92:J92) -> 22
B93: 1112005 | C93: เนยนม | G93: 22 | K93: =SUM(D93:J93) -> 22
B94: 1112007 | C94: ใบเตย | K94: =SUM(D94:J94) -> 0
B95: 1112019 | C95: ทุเรียน | K95: =SUM(D95:J95) -> 0
B96: 1112017 | C96: ตาลหอม | K96: =SUM(D96:J96) -> 0
B97: 1112015 | C97: กล้วยหอมมะพร้าวเผา | G97: 22 | K97: =SUM(D97:J97) -> 22
B98: 1112013 | C98: เผือกมะพร้าวอ่อน | E98: 10 | F98: 6 | G98: 28 | K98: =SUM(D98:J98) -> 44
B99: 1124043 | C99: เบาหวิว คละรส | K99: =SUM(D99:J99) -> 0
C100: รวม
B101: เบาหวิว ญ 300 กรัม
B102: 1112008 | C102: มะพร้าว | K102: =SUM(D102:H102) -> 0
B103: 1112010 | C103: ฝอยทอง | K103: =SUM(D103:H103) -> 0
B104: 1112002 | C104: กาแฟ | K104: =SUM(D104:H104) -> 0
...

Sheet เช้า 208
B1: ยอดจริง ออนไลน์ วันที่ 1/11/2567 - เช้า
K2: ยอดรวมผลิต
K3: จำนวน
B4: รหัสสินค้า | C4: สินค้า | D4: ปณ | E4: ชอปปี้ | F4: ลาซาด้า | G4: ติ๊กตอก | H4: ติ๊กตอก2 | I4: ติ๊กตอก3 | J4: ชอยส์ | K4: (กล่อง)
B6: ชิฟฟอนรวมรส
B7: 1111002 | C7: ชิฟฟอนรวมรส 8 ชิ้น | D7: 9 | E7: 18 | F7: 35 | G7: 1 | K7: =SUM(D7:J7) -> 63
C8: ชิฟฟอนแบบกล่องสุ่มอะไรก็ได้ที่มี | K8: =SUM(D8:J8) -> 0
B9: 1111084 | C9: ชิฟฟอน 8 ชิ้น กาแฟล้วน | K9: =SUM(D9:J9) -> 0
B10: 1111085 | C10: ชิฟฟอน 8 ชิ้น บลูเบอรี่ล้วน | K10: =SUM(D10:J10) -> 0
B11: 1111086 | C11: ชิฟฟอน 8 ชิ้น มะพร้าวล้วน | K11: =SUM(D11:J11) -> 0
B12: 1111087 | C12: ชิฟฟอน 8 ชิ้น สตอเบอรี่ล้วน | K12: =SUM(D12:J12) -> 0
B13: 1111088 | C13: ชิฟฟอน 8 ชิ้น ส้มล้วน | K13: =SUM(D13:J13) -> 0
B14: 1111089 | C14: ชิฟฟอน 8 ชิ้น เนยล้วน | K14: =SUM(D14:J14) -> 0
B15: 1111090 | C15: ชิฟฟอน 8 ชิ้น เผือกล้วน | K15: =SUM(D15:J15) -> 0
B16: 1111091 | C16: ชิฟฟอน 8 ชิ้น ใบเตยล้วน | K16: =SUM(D16:J16) -> 0
B17: 1111092 | C17: ชิฟฟอน 8 ชิ้น กล้วยหอม | K17: =SUM(D17:J17) -> 0
B18: 1111093 | C18: ชิฟฟอน 8 ชิ้น โกโก้ล้วน | K18: =SUM(D18:J18) -> 0
B19: 1111094 | C19: ชิฟฟอน 8 ชิ้น ชาไทยล้วน | K19: =SUM(D19:J19) -> 0
B20: 1111095 | C20: ชิฟฟอน 8 ชิ้น ชาเขียวล้วน | K20: =SUM(D20:J20) -> 0
... B24: 1111043 | C24: ชิฟฟอน 8 ชิ้น มะลิ | K24: =SUM(D24:J24) -> 0
B25: 1111056 | C25: ชิฟฟอน 8 ชิ้น รวมรสยอดฮิต | D25: 7 | F25: 1 | G25: 3 | K25: =SUM(D25:J25) -> 11
B26: 1004055 | C26: ชิฟฟอนรวมรส 4 ชิ้น | D26: 1 | E26: 3 | F26: 4 | G26: 30 | K26: =SUM(D26:J26) -> 38
B27: 1004055 | C27: ชิฟฟอน 4 ชิ้น โกโก้ล้วน | K27: =SUM(D27:J27) -> 0
B28: 1004055 | C28: ชิฟฟอน 4 ชิ้น มะพร้าวล้วน | K28: =SUM(D28:J28) -> 0
B29: 1004055 | C29: ชิฟฟอน 4 ชิ้น เนยล้วน | K29: =SUM(D29:J29) -> 0
B30: 1004055 | C30: ชิฟฟอน 4 ชิ้น กาแฟล้วน | K30: =SUM(D30:J30) -> 0
B31: 1004055 | C31: ชิฟฟอน 4 ชิ้น ใบเตยล้วน | K31: =SUM(D31:J31) -> 0
B32: 1004055 | C32: ชิฟฟอน 4 ชิ้น บลูเบอร์รี่ล้วน | K32: =SUM(D32:J32) -> 0
B33: 1004055 | C33: ชิฟฟอน 4 ชิ้น ส้มล้วน | K33: =SUM(D33:J33) -> 0
B34: 1004055 | C34: ชิฟฟอน 4 ชิ้น เผือกล้วน | K34: =SUM(D34:J34) -> 0
B35: 1004055 | C35: ชิฟฟอน 4 ชิ้น สตอเบอรี่ล้วน | K35: =SUM(D35:J35) -> 0
B36: 1004055 | C36: ชิฟฟอน 4 ชิ้น กล้วยหอมล้วน | K36: =SUM(D36:J36) -> 0
B37: 1004055 | C37: ชิฟฟอน 4 ชิ้น ชาเขียวล้วน | K37: =SUM(D37:J37) -> 0
B38: 1004055 | C38: ชิฟฟอน 4 ชิ้น ชาไทยล้วน | K38: =SUM(D38:J38) -> 0
B39: 1004055 | C39: ชิฟฟอน 4 ชิ้น สับปะรดล้วน | K39: =SUM(D39:J39) -> 0
B40: 1111057 | C40: ชิฟฟอนแยกชิ้น กาแฟ | D40: 17 | E40: 2 | G40: 3 | J40: 1 | K40: =SUM(D40:J40) -> 23
B41: 1111058 | C41: ชิฟฟอนแยกชิ้น ชาเขียว | D41: 17 | E41: 2 | K41: =SUM(D41:J41) -> 19
B42: 1111059 | C42: ชิฟฟอนแยกชิ้น ใบเตย | D42: 17 | E42: 2 | G42: 60 | K42: =SUM(D42:J42) -> 79
B43: 1111060 | C43: ชิฟฟอนแยกชิ้น กล้วยหอม | D43: 17 | E43: 2 | K43: =SUM(D43:J43) -> 19
B44: 1111061 | C44: ชิฟฟอนแยกชิ้น ชาไทย | D44: 17 | E44: 2 | K44: =SUM(D44:J44) -> 19
B45: 1111062 | C45: ชิฟฟอนแยกชิ้น โกโก้ | D45: 17 | E45: 2 | K45: =SUM(D45:J45) -> 19
B46: 1111063 | C46: ชิฟฟอนแยกชิ้น ส้ม | D46: 17 | E46: 2 | K46: =SUM(D46:J46) -> 19
B47: 1111064 | C47: ชิฟฟอนแยกชิ้น เผือก | D47: 17 | E47: 2 | K47: =SUM(D47:J47) -> 19
B48: 1111065 | C48: ชิฟฟอนแยกชิ้น สับปะรด | D48: 17 | E48: 2 | K48: =SUM(D48:J48) -> 19
B49: 1111066 | C49: ชิฟฟอนแยกชิ้น สตอเบอรี่ | D49: 17 | E49: 2 | K49: =SUM(D49:J49) -> 19
B50: 1111067 | C50: ชิฟฟอนแยกชิ้น มะพร้าว | D50: 16 | E50: 2 | G50: 60 | K50: =SUM(D50:J50) -> 78
B51: 1111068 | C51: ชิฟฟอนแยกชิ้น เนย | D51: 16 | E51: 2 | K51: =SUM(D51:J51) -> 18
B52: 1111069 | C52: ชิฟฟอนแยกชิ้น บลูเบอรี่ | D52: 16 | E52: 2 | K52: =SUM(D52:J52) -> 18
B53: 1111070 | C53: ชิฟฟอนแยกชิ้น ทุเรียน | D53: 16 | E53: 2 | K53: =SUM(D53:J53) -> 18
B54: 1111071 | C54: ชิฟฟอนแยกชิ้น ตาล | D54: 16 | E54: 2 | K54: =SUM(D54:J54) -> 18
B55: 1111001 | C55: ชิฟฟอนแยกชิ้น คละรส | D55: 16 | K55: =SUM(D55:J55) -> 16
B56: 1111074 | C56: ชิฟฟอนไส้แยมแยกชิ้น มะพร้าว | D56: 2 | G56: 2 | K56: =SUM(D56:J56) -> 4
B57: 1111075 | C57: ชิฟฟอนไส้แยมแยกชิ้น สตอเบอรี่ | D57: 2 | K57: =SUM(D57:J57) -> 2
B58: 1111076 | C58: ชิฟฟอนไส้แยมแยกชิ้น ส้ม | D58: 2 | K58: =SUM(D58:J58) -> 2
B59: 1111077 | C59: ชิฟฟอนไส้แยมแยกชิ้น บลูเบอรี่ | D59: 2 | K59: =SUM(D59:J59) -> 2
B60: 1111078 | C60: ชิฟฟอนไส้แยมแยกชิ้น นมชมพู | D60: 2 | K60: =SUM(D60:J60) -> 2
B61: 1111079 | C61: ชิฟฟอนไส้แยมแยกชิ้น ชอคโกแลต | D61: 1 | K61: =SUM(D61:J61) -> 1
B62: 1111080 | C62: ชิฟฟอนไส้แยมแยกชิ้น ฝอยทอง | D62: 1 | K62: =SUM(D62:J62) -> 1
B63: 1111081 | C63: ชิฟฟอนไส้แยมแยกชิ้น วนิลา | D63: 1 | K63: =SUM(D63:J63) -> 1
B64: 1111082 | C64: ชิฟฟอนไส้แยมแยกชิ้น ใบเตย | D64: 1 | K64: =SUM(D64:J64) -> 1
B65: 1111083 | C65: ชิฟฟอนไส้แยมแยกชิ้น เมล่อน | D65: 1 | K65: =SUM(D65:J65) -> 1
B66: 1111010 | C66: ชิฟฟอนไส้แยมแยกชิ้น คละรส | K66: =SUM(D66:J66) -> 0
C67: รวม | K67: =SUM(D67:I67) -> 0
B68: ชิฟฟอนไส้แยม 6 ชิ้น
B69: 1111009 | C69: ชิฟฟอนไส้แยมรวมรส 6 ชิ้น | D69: 7 | F69: 1 | G69: 4 | J69: 1 | K69: =SUM(D69:J69) -> 13
B70: 1111023 | C70: ชิฟฟอนไส้แยมรสสตอเบอร์รี่ล้วน 6 ชิ้น | K70: =SUM(D70:J70) -> 0
B71: 1111016 | C71: ชิฟฟอนไส้แยมรสมะพร้าวล้วน 6 ชิ้น | K71: =SUM(D71:J71) -> 0
B72: 1111014 | C72: ชิฟฟอนไส้แยมรสช็อกโกแลตนูเทลล่าล้วน 6 ชิ้น | K72: =SUM(D72:J72) -> 0
B73: 1111025 | C73: ชิฟฟอนไส้แยมรสส้มล้วน 6 ชิ้น | K73: =SUM(D73:J73) -> 0
B74: 1111018 | C74: ชิฟฟอนไส้แยมรสบลูเบอร์รี่ล้วน 6 ชิ้น | K74: =SUM(D74:J74) -> 0
B75: 1111012 | C75: ชิฟฟอนไส้แยมรสนมชมพูฮอกไกโดล้วน 6 ชิ้น | K75: =SUM(D75:J75) -> 0
B76: 1111020 | C76: ชิฟฟอนไส้แยมฝอยทองไส้ทะลัก 6 ชิ้น | K76: =SUM(D76:J76) -> 0
C77: รวม
B78: ชิฟฟอนไส้แยม 3 ชิ้น
B79: 1111022 | C79: ชิฟฟอนไส้แยมรสสตอเบอร์รี่ล้วน 3 ชิ้น | K79: =SUM(D79:J79) -> 0
B80: 1111015 | C80: ชิฟฟอนไส้แยมรสมะพร้าวล้วน 3 ชิ้น | K80: =SUM(D80:J80) -> 0
B81: 1111013 | C81: ชิฟฟอนไส้แยมรสช็อกโกแลตนูเทลล่าล้วน 3 ชิ้น | K81: =SUM(D81:J81) -> 0
B82: 1111024 | C82: ชิฟฟอนไส้แยมรสส้มล้วน 3 ชิ้น | K82: =SUM(D82:J82) -> 0
B83: 1111017 | C83: ชิฟฟอนไส้แยมรสบลูเบอร์รี่ล้วน 3 ชิ้น | K83: =SUM(D83:J83) -> 0
B84: 1111011 | C84: ชิฟฟอนไส้แยมรสนมชมพูฮอกไกโดล้วน 3 ชิ้น | K84: =SUM(D84:J84) -> 0
B85: 1111019 | C85: ชิฟฟอนไส้แยมฝอยทองไส้ทะลัก 3 ชิ้น | K85: =SUM(D85:J85) -> 0
B86: 1113081 | C86: ชิฟฟอนไส้แยม วนิลา/ใบเตย/เมล่อน | K86: =SUM(D86:J86) -> 0
B87: 1111008 | C87: ชิฟฟอนไส้แยมรวมรส 3 ชิ้น | D87: 15 | E87: 3 | G87: 39 | K87: =SUM(D87:J87) -> 57
C88: รวม
B89: เบาหวิว ล 110 กรัม
B90: 1112009 | C90: มะพร้าว | D90: 13 | E90: 21 | F90: 2 | G90: 26 | J90: 1 | K90: =SUM(D90:J90) -> 63
B91: 1112011 | C91: ฝอยทอง | D91: 14 | E91: 21 | F91: 3 | G91: 26 | K91: =SUM(D91:J91) -> 64
B92: 1112003 | C92: กาแฟ | D92: 4 | G92: 19 | K92: =SUM(D92:J92) -> 23
B93: 1112005 | C93: เนยนม | D93: 4 | G93: 18 | K93: =SUM(D93:J93) -> 22
B94: 1112007 | C94: ใบเตย | K94: =SUM(D94:J94) -> 0
B95: 1112019 | C95: ทุเรียน | K95: =SUM(D95:J95) -> 0
B96: 1112017 | C96: ตาลหอม | D96: 1 | K96: =SUM(D96:J96) -> 1
B97: 1112015 | C97: กล้วยหอมมะพร้าวเผา | D97: 3 | G97: 18 | K97: =SUM(D97:J97) -> 21
B98: 1112013 | C98: เผือกมะพร้าวอ่อน | D98: 10 | E98: 21 | F98: 3 | G98: 26 | K98: =SUM(D98:J98) -> 60
B99: 1124043 | C99: เบาหวิว คละรส | K99: =SUM(D99:J99) -> 0
C100: รวม
B101: เบาหวิว ญ 300 กรัม
B102: 1112008 | C102: มะพร้าว | K102: =SUM(D102:H102) -> 0
B103: 1112010 | C103: ฝอยทอง | K103: =SUM(D103:H103) -> 0
B104: 1112002 | C104: กาแฟ | K104: =SUM(D104:H104) -> 0
...

Sheet รวม
B1: ยอดจริง ออนไลน์ วันที่ 1/11/2567 - รวม
K2: ยอดรวมผลิต | L2: ยอดสตอค | M2: ยอดฟอแคส | N2: รับเกิน | O2: ยังไม่ได้รับเข้า | P2: รวม
K3: จำนวน
B4: รหัสสินค้า | C4: สินค้า | D4: ปณ | E4: ชอปปี้ | F4: ลาซาด้า | G4: ติ๊กตอก | H4: ติ๊กตอก2 | I4: ติ๊กตอก3 | J4: ชอยส์ | K4: (กล่อง)
B6: ชิฟฟอนรวมรส
B7: 1111002 | C7: ชิฟฟอนรวมรส 8 ชิ้น | D7: ='เย็น 162'!D7+'เช้า 208'!D7 -> 9 | E7: ='เย็น 162'!E7+'เช้า 208'!E7 -> 24 | F7: ='เย็น 162'!F7+'เช้า 208'!F7 -> 167 | G7: ='เย็น 162'!G7+'เช้า 208'!G7 -> 1 | H7: ='เย็น 162'!H7+'เช้า 208'!H7 -> 0 | I7: ='เย็น 162'!I7+'เช้า 208'!I7 -> 0 | J7: ='เย็น 162'!J7+'เช้า 208'!J7 -> 0 | K7: =SUM(D7:J7) -> 201 | P7: =(L7+M7+N7+O7)-K7 -> -201 | T7: 35 | U7: 100 | V7: 65
C8: ชิฟฟอนแบบกล่องสุ่มอะไรก็ได้ที่มี | D8: ='เย็น 162'!D8+'เช้า 208'!D8 -> 0 | E8: ='เย็น 162'!E8+'เช้า 208'!E8 -> 0 | F8: ='เย็น 162'!F8+'เช้า 208'!F8 -> 0 | G8: ='เย็น 162'!G8+'เช้า 208'!G8 -> 0 | H8: ='เย็น 162'!H8+'เช้า 208'!H8 -> 0 | I8: ='เย็น 162'!I8+'เช้า 208'!I8 -> 0 | J8: ='เย็น 162'!J8+'เช้า 208'!J8 -> 0 | K8: =SUM(D8:J8) -> 0 | P8: =(L8+M8+N8+O8)-K8 -> 0
B9: 1111084 | C9: ชิฟฟอน 8 ชิ้น กาแฟล้วน | D9: ='เย็น 162'!D9+'เช้า 208'!D9 -> 0 | E9: ='เย็น 162'!E9+'เช้า 208'!E9 -> 0 | F9: ='เย็น 162'!F9+'เช้า 208'!F9 -> 0 | G9: ='เย็น 162'!G9+'เช้า 208'!G9 -> 0 | H9: ='เย็น 162'!H9+'เช้า 208'!H9 -> 0 | I9: ='เย็น 162'!I9+'เช้า 208'!I9 -> 0 | J9: ='เย็น 162'!J9+'เช้า 208'!J9 -> 0 | K9: =SUM(D9:J9) -> 0 | P9: =(L9+M9+N9+O9)-K9 -> 0
B10: 1111085 | C10: ชิฟฟอน 8 ชิ้น บลูเบอรี่ล้วน | D10: ='เย็น 162'!D10+'เช้า 208'!D10 -> 0 | E10: ='เย็น 162'!E10+'เช้า 208'!E10 -> 0 | F10: ='เย็น 162'!F10+'เช้า 208'!F10 -> 0 | G10: ='เย็น 162'!G10+'เช้า 208'!G10 -> 0 | H10: ='เย็น 162'!H10+'เช้า 208'!H10 -> 0 | I10: ='เย็น 162'!I10+'เช้า 208'!I10 -> 0 | J10: ='เย็น 162'!J10+'เช้า 208'!J10 -> 0 | K10: =SUM(D10:J10) -> 0 | P10: =(L10+M10+N10+O10)-K10 -> 0
B11: 1111086 | C11: ชิฟฟอน 8 ชิ้น มะพร้าวล้วน | D11: ='เย็น 162'!D11+'เช้า 208'!D11 -> 0 | E11: ='เย็น 162'!E11+'เช้า 208'!E11 -> 0 | F11: ='เย็น 162'!F11+'เช้า 208'!F11 -> 0 | G11: ='เย็น 162'!G11+'เช้า 208'!G11 -> 0 | H11: ='เย็น 162'!H11+'เช้า 208'!H11 -> 0 | I11: ='เย็น 162'!I11+'เช้า 208'!I11 -> 0 | J11: ='เย็น 162'!J11+'เช้า 208'!J11 -> 0 | K11: =SUM(D11:J11) -> 0 | P11: =(L11+M11+N11+O11)-K11 -> 0
B12: 1111087 | C12: ชิฟฟอน 8 ชิ้น สตอเบอรี่ล้วน | D12: ='เย็น 162'!D12+'เช้า 208'!D12 -> 0 | E12: ='เย็น 162'!E12+'เช้า 208'!E12 -> 0 | F12: ='เย็น 162'!F12+'เช้า 208'!F12 -> 0 | G12: ='เย็น 162'!G12+'เช้า 208'!G12 -> 0 | H12: ='เย็น 162'!H12+'เช้า 208'!H12 -> 0 | I12: ='เย็น 162'!I12+'เช้า 208'!I12 -> 0 | J12: ='เย็น 162'!J12+'เช้า 208'!J12 -> 0 | K12: =SUM(D12:J12) -> 0 | P12: =(L12+M12+N12+O12)-K12 -> 0
B13: 1111088 | C13: ชิฟฟอน 8 ชิ้น ส้มล้วน | D13: ='เย็น 162'!D13+'เช้า 208'!D13 -> 0 | E13: ='เย็น 162'!E13+'เช้า 208'!E13 -> 0 | F13: ='เย็น 162'!F13+'เช้า 208'!F13 -> 0 | G13: ='เย็น 162'!G13+'เช้า 208'!G13 -> 0 | H13: ='เย็น 162'!H13+'เช้า 208'!H13 -> 0 | I13: ='เย็น 162'!I13+'เช้า 208'!I13 -> 0 | J13: ='เย็น 162'!J13+'เช้า 208'!J13 -> 0 | K13: =SUM(D13:J13) -> 0 | P13: =(L13+M13+N13+O13)-K13 -> 0
B14: 1111089 | C14: ชิฟฟอน 8 ชิ้น เนยล้วน | D14: ='เย็น 162'!D14+'เช้า 208'!D14 -> 0 | E14: ='เย็น 162'!E14+'เช้า 208'!E14 -> 0 | F14: ='เย็น 162'!F14+'เช้า 208'!F14 -> 0 | G14: ='เย็น 162'!G14+'เช้า 208'!G14 -> 0 | H14: ='เย็น 162'!H14+'เช้า 208'!H14 -> 0 | I14: ='เย็น 162'!I14+'เช้า 208'!I14 -> 0 | J14: ='เย็น 162'!J14+'เช้า 208'!J14 -> 0 | K14: =SUM(D14:J14) -> 0 | P14: =(L14+M14+N14+O14)-K14 -> 0
B15: 1111090 | C15: ชิฟฟอน 8 ชิ้น เผือกล้วน | D15: ='เย็น 162'!D15+'เช้า 208'!D15 -> 0 | E15: ='เย็น 162'!E15+'เช้า 208'!E15 -> 0 | F15: ='เย็น 162'!F15+'เช้า 208'!F15 -> 0 | G15: ='เย็น 162'!G15+'เช้า 208'!G15 -> 0 | H15: ='เย็น 162'!H15+'เช้า 208'!H15 -> 0 | I15: ='เย็น 162'!I15+'เช้า 208'!I15 -> 0 | J15: ='เย็น 162'!J15+'เช้า 208'!J15 -> 0 | K15: =SUM(D15:J15) -> 0 | P15: =(L15+M15+N15+O15)-K15 -> 0
B16: 1111091 | C16: ชิฟฟอน 8 ชิ้น ใบเตยล้วน | D16: ='เย็น 162'!D16+'เช้า 208'!D16 -> 0 | E16: ='เย็น 162'!E16+'เช้า 208'!E16 -> 0 | F16: ='เย็น 162'!F16+'เช้า 208'!F16 -> 0 | G16: ='เย็น 162'!G16+'เช้า 208'!G16 -> 0 | H16: ='เย็น 162'!H16+'เช้า 208'!H16 -> 0 | I16: ='เย็น 162'!I16+'เช้า 208'!I16 -> 0 | J16: ='เย็น 162'!J16+'เช้า 208'!J16 -> 0 | K16: =SUM(D16:J16) -> 0 | P16: =(L16+M16+N16+O16)-K16 -> 0
B17: 1111092 | C17: ชิฟฟอน 8 ชิ้น กล้วยหอม | D17: ='เย็น 162'!D17+'เช้า 208'!D17 -> 0 | E17: ='เย็น 162'!E17+'เช้า 208'!E17 -> 0 | F17: ='เย็น 162'!F17+'เช้า 208'!F17 -> 0 | G17: ='เย็น 162'!G17+'เช้า 208'!G17 -> 0 | H17: ='เย็น 162'!H17+'เช้า 208'!H17 -> 0 | I17: ='เย็น 162'!I17+'เช้า 208'!I17 -> 0 | J17: ='เย็น 162'!J17+'เช้า 208'!J17 -> 0 | K17: =SUM(D17:J17) -> 0 | P17: =(L17+M17+N17+O17)-K17 -> 0
B18: 1111093 | C18: ชิฟฟอน 8 ชิ้น โกโก้ล้วน | D18: ='เย็น 162'!D18+'เช้า 208'!D18 -> 0 | E18: ='เย็น 162'!E18+'เช้า 208'!E18 -> 0 | F18: ='เย็น 162'!F18+'เช้า 208'!F18 -> 0 | G18: ='เย็น 162'!G18+'เช้า 208'!G18 -> 0 | H18: ='เย็น 162'!H18+'เช้า 208'!H18 -> 0 | I18: ='เย็น 162'!I18+'เช้า 208'!I18 -> 0 | J18: ='เย็น 162'!J18+'เช้า 208'!J18 -> 0 | K18: =SUM(D18:J18) -> 0 | P18: =(L18+M18+N18+O18)-K18 -> 0
B19: 1111094 | C19: ชิฟฟอน 8 ชิ้น ชาไทยล้วน | D19: ='เย็น 162'!D19+'เช้า 208'!D19 -> 0 | E19: ='เย็น 162'!E19+'เช้า 208'!E19 -> 0 | F19: ='เย็น 162'!F19+'เช้า 208'!F19 -> 0 | G19: ='เย็น 162'!G19+'เช้า 208'!G19 -> 0 | H19: ='เย็น 162'!H19+'เช้า 208'!H19 -> 0 | I19: ='เย็น 162'!I19+'เช้า 208'!I19 -> 0 | J19: ='เย็น 162'!J19+'เช้า 208'!J19 -> 0 | K19: =SUM(D19:J19) -> 0 | P19: =(L19+M19+N19+O19)-K19 -> 0
B20: 1111095 | C20: ชิฟฟอน 8 ชิ้น ชาเขียวล้วน | D20: ='เย็น 162'!D20+'เช้า 208'!D20 -> 0 | E20: ='เย็น 162'!E20+'เช้า 208'!E20 -> 0 | F20: ='เย็น 162'!F20+'เช้า 208'!F20 -> 0 | G20: ='เย็น 162'!G20+'เช้า 208'!G20 -> 0 | H20: ='เย็น 162'!H20+'เช้า 208'!H20 -> 0 | I20: ='เย็น 162'!I20+'เช้า 208'!I20 -> 0 | J20: ='เย็น 162'!J20+'เช้า 208'!J20 -> 0 | K20: =SUM(D20:J20) -> 0 | P20: =(L20+M20+N20+O20)-K20 -> 0
... B25: 1111056 | C25: ชิฟฟอน 8 ชิ้น รวมรสยอดฮิต | D25: ='เย็น 162'!D25+'เช้า 208'!D25 -> 7 | E25: ='เย็น 162'!E25+'เช้า 208'!E25 -> 3 | F25: ='เย็น 162'!F25+'เช้า 208'!F25 -> 11 | G25: ='เย็น 162'!G25+'เช้า 208'!G25 -> 3 | H25: ='เย็น 162'!H25+'เช้า 208'!H25 -> 0 | I25: ='เย็น 162'!I25+'เช้า 208'!I25 -> 0 | J25: ='เย็น 162'!J25+'เช้า 208'!J25 -> 0 | K25: =SUM(D25:J25) -> 24 | P25: =(L25+M25+N25+O25)-K25 -> -24
B26: 1004055 | C26: ชิฟฟอนรวมรส 4 ชิ้น | D26: ='เย็น 162'!D26+'เช้า 208'!D26 -> 1 | E26: ='เย็น 162'!E26+'เช้า 208'!E26 -> 6 | F26: ='เย็น 162'!F26+'เช้า 208'!F26 -> 4 | G26: ='เย็น 162'!G26+'เช้า 208'!G26 -> 69 | H26: ='เย็น 162'!H26+'เช้า 208'!H26 -> 0 | I26: ='เย็น 162'!I26+'เช้า 208'!I26 -> 0 | J26: ='เย็น 162'!J26+'เช้า 208'!J26 -> 0 | K26: =SUM(D26:J26) -> 80 | P26: =(L26+M26+N26+O26)-K26 -> -80 | U26: 156 | V26: 200 | W26: =U26+V26-56 -> 300
B27: 1004055 | C27: ชิฟฟอน 4 ชิ้น โกโก้ล้วน | D27: ='เย็น 162'!D27+'เช้า 208'!D27 -> 0 | E27: ='เย็น 162'!E27+'เช้า 208'!E27 -> 0 | F27: ='เย็น 162'!F27+'เช้า 208'!F27 -> 0 | G27: ='เย็น 162'!G27+'เช้า 208'!G27 -> 0 | H27: ='เย็น 162'!H27+'เช้า 208'!H27 -> 0 | I27: ='เย็น 162'!I27+'เช้า 208'!I27 -> 0 | J27: ='เย็น 162'!J27+'เช้า 208'!J27 -> 0 | K27: =SUM(D27:J27) -> 0 | P27: =(L27+M27+N27+O27)-K27 -> 0
B28: 1004055 | C28: ชิฟฟอน 4 ชิ้น มะพร้าวล้วน | D28: ='เย็น 162'!D28+'เช้า 208'!D28 -> 0 | E28: ='เย็น 162'!E28+'เช้า 208'!E28 -> 0 | F28: ='เย็น 162'!F28+'เช้า 208'!F28 -> 0 | G28: ='เย็น 162'!G28+'เช้า 208'!G28 -> 0 | H28: ='เย็น 162'!H28+'เช้า 208'!H28 -> 0 | I28: ='เย็น 162'!I28+'เช้า 208'!I28 -> 0 | J28: ='เย็น 162'!J28+'เช้า 208'!J28 -> 0 | K28: =SUM(D28:J28) -> 0 | P28: =(L28+M28+N28+O28)-K28 -> 0
B29: 1004055 | C29: ชิฟฟอน 4 ชิ้น เนยล้วน | D29: ='เย็น 162'!D29+'เช้า 208'!D29 -> 0 | E29: ='เย็น 162'!E29+'เช้า 208'!E29 -> 0 | F29: ='เย็น 162'!F29+'เช้า 208'!F29 -> 0 | G29: ='เย็น 162'!G29+'เช้า 208'!G29 -> 0 | H29: ='เย็น 162'!H29+'เช้า 208'!H29 -> 0 | I29: ='เย็น 162'!I29+'เช้า 208'!I29 -> 0 | J29: ='เย็น 162'!J29+'เช้า 208'!J29 -> 0 | K29: =SUM(D29:J29) -> 0 | P29: =(L29+M29+N29+O29)-K29 -> 0
B30: 1004055 | C30: ชิฟฟอน 4 ชิ้น กาแฟล้วน | D30: ='เย็น 162'!D30+'เช้า 208'!D30 -> 0 | E30: ='เย็น 162'!E30+'เช้า 208'!E30 -> 0 | F30: ='เย็น 162'!F30+'เช้า 208'!F30 -> 0 | G30: ='เย็น 162'!G30+'เช้า 208'!G30 -> 0 | H30: ='เย็น 162'!H30+'เช้า 208'!H30 -> 0 | I30: ='เย็น 162'!I30+'เช้า 208'!I30 -> 0 | J30: ='เย็น 162'!J30+'เช้า 208'!J30 -> 0 | K30: =SUM(D30:J30) -> 0 | P30: =(L30+M30+N30+O30)-K30 -> 0
B31: 1004055 | C31: ชิฟฟอน 4 ชิ้น ใบเตยล้วน | D31: ='เย็น 162'!D31+'เช้า 208'!D31 -> 0 | E31: ='เย็น 162'!E31+'เช้า 208'!E31 -> 0 | F31: ='เย็น 162'!F31+'เช้า 208'!F31 -> 0 | G31: ='เย็น 162'!G31+'เช้า 208'!G31 -> 0 | H31: ='เย็น 162'!H31+'เช้า 208'!H31 -> 0 | I31: ='เย็น 162'!I31+'เช้า 208'!I31 -> 0 | J31: ='เย็น 162'!J31+'เช้า 208'!J31 -> 0 | K31: =SUM(D31:J31) -> 0 | P31: =(L31+M31+N31+O31)-K31 -> 0
B32: 1004055 | C32: ชิฟฟอน 4 ชิ้น บลูเบอร์รี่ล้วน | D32: ='เย็น 162'!D32+'เช้า 208'!D32 -> 0 | E32: ='เย็น 162'!E32+'เช้า 208'!E32 -> 0 | F32: ='เย็น 162'!F32+'เช้า 208'!F32 -> 0 | G32: ='เย็น 162'!G32+'เช้า 208'!G32 -> 0 | H32: ='เย็น 162'!H32+'เช้า 208'!H32 -> 0 | I32: ='เย็น 162'!I32+'เช้า 208'!I32 -> 0 | J32: ='เย็น 162'!J32+'เช้า 208'!J32 -> 0 | K32: =SUM(D32:J32) -> 0 | P32: =(L32+M32+N32+O32)-K32 -> 0
B33: 1004055 | C33: ชิฟฟอน 4 ชิ้น ส้มล้วน | D33: ='เย็น 162'!D33+'เช้า 208'!D33 -> 0 | E33: ='เย็น 162'!E33+'เช้า 208'!E33 -> 0 | F33: ='เย็น 162'!F33+'เช้า 208'!F33 -> 0 | G33: ='เย็น 162'!G33+'เช้า 208'!G33 -> 0 | H33: ='เย็น 162'!H33+'เช้า 208'!H33 -> 0 | I33: ='เย็น 162'!I33+'เช้า 208'!I33 -> 0 | J33: ='เย็น 162'!J33+'เช้า 208'!J33 -> 0 | K33: =SUM(D33:J33) -> 0 | P33: =(L33+M33+N33+O33)-K33 -> 0
B34: 1004055 | C34: ชิฟฟอน 4 ชิ้น เผือกล้วน | D34: ='เย็น 162'!D34+'เช้า 208'!D34 -> 0 | E34: ='เย็น 162'!E34+'เช้า 208'!E34 -> 0 | F34: ='เย็น 162'!F34+'เช้า 208'!F34 -> 0 | G34: ='เย็น 162'!G34+'เช้า 208'!G34 -> 0 | H34: ='เย็น 162'!H34+'เช้า 208'!H34 -> 0 | I34: ='เย็น 162'!I34+'เช้า 208'!I34 -> 0 | J34: ='เย็น 162'!J34+'เช้า 208'!J34 -> 0 | K34: =SUM(D34:J34) -> 0 | P34: =(L34+M34+N34+O34)-K34 -> 0
B35: 1004055 | C35: ชิฟฟอน 4 ชิ้น สตอเบอรี่ล้วน | D35: ='เย็น 162'!D35+'เช้า 208'!D35 -> 0 | E35: ='เย็น 162'!E35+'เช้า 208'!E35 -> 0 | F35: ='เย็น 162'!F35+'เช้า 208'!F35 -> 0 | G35: ='เย็น 162'!G35+'เช้า 208'!G35 -> 0 | H35: ='เย็น 162'!H35+'เช้า 208'!H35 -> 0 | I35: ='เย็น 162'!I35+'เช้า 208'!I35 -> 0 | J35: ='เย็น 162'!J35+'เช้า 208'!J35 -> 0 | K35: =SUM(D35:J35) -> 0 | P35: =(L35+M35+N35+O35)-K35 -> 0
B36: 1004055 | C36: ชิฟฟอน 4 ชิ้น กล้วยหอมล้วน | D36: ='เย็น 162'!D36+'เช้า 208'!D36 -> 0 | E36: ='เย็น 162'!E36+'เช้า 208'!E36 -> 0 | F36: ='เย็น 162'!F36+'เช้า 208'!F36 -> 0 | G36: ='เย็น 162'!G36+'เช้า 208'!G36 -> 0 | H36: ='เย็น 162'!H36+'เช้า 208'!H36 -> 0 | I36: ='เย็น 162'!I36+'เช้า 208'!I36 -> 0 | J36: ='เย็น 162'!J36+'เช้า 208'!J36 -> 0 | K36: =SUM(D36:J36) -> 0 | P36: =(L36+M36+N36+O36)-K36 -> 0
B37: 1004055 | C37: ชิฟฟอน 4 ชิ้น ชาเขียวล้วน | D37: ='เย็น 162'!D37+'เช้า 208'!D37 -> 0 | E37: ='เย็น 162'!E37+'เช้า 208'!E37 -> 0 | F37: ='เย็น 162'!F37+'เช้า 208'!F37 -> 0 | G37: ='เย็น 162'!G37+'เช้า 208'!G37 -> 0 | H37: ='เย็น 162'!H37+'เช้า 208'!H37 -> 0 | I37: ='เย็น 162'!I37+'เช้า 208'!I37 -> 0 | J37: ='เย็น 162'!J37+'เช้า 208'!J37 -> 0 | K37: =SUM(D37:J37) -> 0 | P37: =(L37+M37+N37+O37)-K37 -> 0
B38: 1004055 | C38: ชิฟฟอน 4 ชิ้น ชาไทยล้วน | D38: ='เย็น 162'!D38+'เช้า 208'!D38 -> 0 | E38: ='เย็น 162'!E38+'เช้า 208'!E38 -> 0 | F38: ='เย็น 162'!F38+'เช้า 208'!F38 -> 0 | G38: ='เย็น 162'!G38+'เช้า 208'!G38 -> 0 | H38: ='เย็น 162'!H38+'เช้า 208'!H38 -> 0 | I38: ='เย็น 162'!I38+'เช้า 208'!I38 -> 0 | J38: ='เย็น 162'!J38+'เช้า 208'!J38 -> 0 | K38: =SUM(D38:J38) -> 0 | P38: =(L38+M38+N38+O38)-K38 -> 0
... B54: 1111071 | C54: ชิฟฟอนแยกชิ้น ตาล | D54: ='เย็น 162'!D54+'เช้า 208'!D54 -> 16 | E54: ='เย็น 162'!E54+'เช้า 208'!E54 -> 2 | F54: ='เย็น 162'!F54+'เช้า 208'!F54 -> 0 | G54: ='เย็น 162'!G54+'เช้า 208'!G54 -> 0 | H54: ='เย็น 162'!H54+'เช้า 208'!H54 -> 0 | I54: ='เย็น 162'!I54+'เช้า 208'!I54 -> 0 | J54: ='เย็น 162'!J54+'เช้า 208'!J54 -> 0 | K54: =SUM(D54:J54) -> 18 | P54: =(L54+M54+N54+O54)-K54 -> -18
B55: 1111001 | C55: ชิฟฟอนแยกชิ้น คละรส | E55: ='เย็น 162'!E55+'เช้า 208'!E55 -> 0 | F55: ='เย็น 162'!F55+'เช้า 208'!F55 -> 0 | G55: ='เย็น 162'!G55+'เช้า 208'!G55 -> 0 | H55: ='เย็น 162'!H55+'เช้า 208'!H55 -> 0 | I55: ='เย็น 162'!I55+'เช้า 208'!I55 -> 0 | J55: ='เย็น 162'!J55+'เช้า 208'!J55 -> 0 | K55: =SUM(D55:J55) -> 0 | P55: =(L55+M55+N55+O55)-K55 -> 0
B56: 1111074 | C56: ชิฟฟอนไส้แยมแยกชิ้น มะพร้าว | D56: ='เย็น 162'!D56+'เช้า 208'!D56 -> 2 | E56: ='เย็น 162'!E56+'เช้า 208'!E56 -> 0 | F56: ='เย็น 162'!F56+'เช้า 208'!F56 -> 1 | G56: ='เย็น 162'!G56+'เช้า 208'!G56 -> 53 | H56: ='เย็น 162'!H56+'เช้า 208'!H56 -> 0 | I56: ='เย็น 162'!I56+'เช้า 208'!I56 -> 0 | J56: ='เย็น 162'!J56+'เช้า 208'!J56 -> 0 | K56: =SUM(D56:J56) -> 56 | P56: =(L56+M56+N56+O56)-K56 -> -56
B57: 1111075 | C57: ชิฟฟอนไส้แยมแยกชิ้น สตอเบอรี่ | D57: ='เย็น 162'!D57+'เช้า 208'!D57 -> 2 | E57: ='เย็น 162'!E57+'เช้า 208'!E57 -> 0 | F57: ='เย็น 162'!F57+'เช้า 208'!F57 -> 1 | G57: ='เย็น 162'!G57+'เช้า 208'!G57 -> 51 | H57: ='เย็น 162'!H57+'เช้า 208'!H57 -> 0 | I57: ='เย็น 162'!I57+'เช้า 208'!I57 -> 0 | J57: ='เย็น 162'!J57+'เช้า 208'!J57 -> 0 | K57: =SUM(D57:J57) -> 54 | P57: =(L57+M57+N57+O57)-K57 -> -54
B58: 1111076 | C58: ชิฟฟอนไส้แยมแยกชิ้น ส้ม | D58: ='เย็น 162'!D58+'เช้า 208'!D58 -> 2 | E58: ='เย็น 162'!E58+'เช้า 208'!E58 -> 0 | F58: ='เย็น 162'!F58+'เช้า 208'!F58 -> 1 | G58: ='เย็น 162'!G58+'เช้า 208'!G58 -> 51 | H58: ='เย็น 162'!H58+'เช้า 208'!H58 -> 0 | I58: ='เย็น 162'!I58+'เช้า 208'!I58 -> 0 | J58: ='เย็น 162'!J58+'เช้า 208'!J58 -> 0 | K58: =SUM(D58:J58) -> 54 | P58: =(L58+M58+N58+O58)-K58 -> -54
B59: 1111077 | C59: ชิฟฟอนไส้แยมแยกชิ้น บลูเบอรี่ | D59: ='เย็น 162'!D59+'เช้า 208'!D59 -> 2 | E59: ='เย็น 162'!E59+'เช้า 208'!E59 -> 0 | F59: ='เย็น 162'!F59+'เช้า 208'!F59 -> 1 | G59: ='เย็น 162'!G59+'เช้า 208'!G59 -> 51 | H59: ='เย็น 162'!H59+'เช้า 208'!H59 -> 0 | I59: ='เย็น 162'!I59+'เช้า 208'!I59 -> 0 | J59: ='เย็น 162'!J59+'เช้า 208'!J59 -> 0 | K59: =SUM(D59:J59) -> 54 | P59: =(L59+M59+N59+O59)-K59 -> -54
B60: 1111078 | C60: ชิฟฟอนไส้แยมแยกชิ้น นมชมพู | D60: ='เย็น 162'!D60+'เช้า 208'!D60 -> 2 | E60: ='เย็น 162'!E60+'เช้า 208'!E60 -> 0 | F60: ='เย็น 162'!F60+'เช้า 208'!F60 -> 1 | G60: ='เย็น 162'!G60+'เช้า 208'!G60 -> 51 | H60: ='เย็น 162'!H60+'เช้า 208'!H60 -> 0 | I60: ='เย็น 162'!I60+'เช้า 208'!I60 -> 0 | J60: ='เย็น 162'!J60+'เช้า 208'!J60 -> 0 | K60: =SUM(D60:J60) -> 54 | P60: =(L60+M60+N60+O60)-K60 -> -54
B61: 1111079 | C61: ชิฟฟอนไส้แยมแยกชิ้น ชอคโกแลต | D61: ='เย็น 162'!D61+'เช้า 208'!D61 -> 1 | E61: ='เย็น 162'!E61+'เช้า 208'!E61 -> 0 | F61: ='เย็น 162'!F61+'เช้า 208'!F61 -> 1 | G61: ='เย็น 162'!G61+'เช้า 208'!G61 -> 50 | H61: ='เย็น 162'!H61+'เช้า 208'!H61 -> 0 | I61: ='เย็น 162'!I61+'เช้า 208'!I61 -> 0 | J61: ='เย็น 162'!J61+'เช้า 208'!J61 -> 0 | K61: =SUM(D61:J61) -> 52 | P61: =(L61+M61+N61+O61)-K61 -> -52
B62: 1111080 | C62: ชิฟฟอนไส้แยมแยกชิ้น ฝอยทอง | D62: ='เย็น 162'!D62+'เช้า 208'!D62 -> 1 | E62: ='เย็น 162'!E62+'เช้า 208'!E62 -> 0 | F62: ='เย็น 162'!F62+'เช้า 208'!F62 -> 1 | G62: ='เย็น 162'!G62+'เช้า 208'!G62 -> 44 | H62: ='เย็น 162'!H62+'เช้า 208'!H62 -> 0 | I62: ='เย็น 162'!I62+'เช้า 208'!I62 -> 0 | J62: ='เย็น 162'!J62+'เช้า 208'!J62 -> 0 | K62: =SUM(D62:J62) -> 46 | P62: =(L62+M62+N62+O62)-K62 -> -46
B63: 1111081 | C63: ชิฟฟอนไส้แยมแยกชิ้น วนิลา | D63: ='เย็น 162'!D63+'เช้า 208'!D63 -> 1 | E63: ='เย็น 162'!E63+'เช้า 208'!E63 -> 0 | F63: ='เย็น 162'!F63+'เช้า 208'!F63 -> 1 | G63: ='เย็น 162'!G63+'เช้า 208'!G63 -> 44 | H63: ='เย็น 162'!H63+'เช้า 208'!H63 -> 0 | I63: ='เย็น 162'!I63+'เช้า 208'!I63 -> 0 | J63: ='เย็น 162'!J63+'เช้า 208'!J63 -> 0 | K63: =SUM(D63:J63) -> 46 | P63: =(L63+M63+N63+O63)-K63 -> -46
B64: 1111082 | C64: ชิฟฟอนไส้แยมแยกชิ้น ใบเตย | D64: ='เย็น 162'!D64+'เช้า 208'!D64 -> 1 | E64: ='เย็น 162'!E64+'เช้า 208'!E64 -> 0 | F64: ='เย็น 162'!F64+'เช้า 208'!F64 -> 1 | G64: ='เย็น 162'!G64+'เช้า 208'!G64 -> 44 | H64: ='เย็น 162'!H64+'เช้า 208'!H64 -> 0 | I64: ='เย็น 162'!I64+'เช้า 208'!I64 -> 0 | J64: ='เย็น 162'!J64+'เช้า 208'!J64 -> 0 | K64: =SUM(D64:J64) -> 46 | P64: =(L64+M64+N64+O64)-K64 -> -46
B65: 1111083 | C65: ชิฟฟอนไส้แยมแยกชิ้น เมล่อน | D65: ='เย็น 162'!D65+'เช้า 208'!D65 -> 1 | E65: ='เย็น 162'!E65+'เช้า 208'!E65 -> 0 | F65: ='เย็น 162'!F65+'เช้า 208'!F65 -> 1 | G65: ='เย็น 162'!G65+'เช้า 208'!G65 -> 44 | H65: ='เย็น 162'!H65+'เช้า 208'!H65 -> 0 | I65: ='เย็น 162'!I65+'เช้า 208'!I65 -> 0 | J65: ='เย็น 162'!J65+'เช้า 208'!J65 -> 0 | K65: =SUM(D65:J65) -> 46 | P65: =(L65+M65+N65+O65)-K65 -> -46
B66: 1111010 | C66: ชิฟฟอนไส้แยมแยกชิ้น คละรส | D66: ='เย็น 162'!D66+'เช้า 208'!D66 -> 0 | E66: ='เย็น 162'!E66+'เช้า 208'!E66 -> 0 | F66: ='เย็น 162'!F66+'เช้า 208'!F66 -> 0 | G66: ='เย็น 162'!G66+'เช้า 208'!G66 -> 0 | H66: ='เย็น 162'!H66+'เช้า 208'!H66 -> 0 | I66: ='เย็น 162'!I66+'เช้า 208'!I66 -> 0 | J66: ='เย็น 162'!J66+'เช้า 208'!J66 -> 0 | K66: =SUM(D66:J66) -> 0 | P66: =(L66+M66+N66+O66)-K66 -> 0
C67: รวม | K67: =SUM(D67:J67) -> 0 | P67: =(L67+M67+N67+O67)-K67 -> 0
B68: ชิฟฟอนไส้แยม 6 ชิ้น
B69: 1111009 | C69: ชิฟฟอนไส้แยมรวมรส 6 ชิ้น | D69: ='เย็น 162'!D69+'เช้า 208'!D69 -> 7 | E69: ='เย็น 162'!E69+'เช้า 208'!E69 -> 2 | F69: ='เย็น 162'!F69+'เช้า 208'!F69 -> 5 | G69: ='เย็น 162'!G69+'เช้า 208'!G69 -> 7 | H69: ='เย็น 162'!H69+'เช้า 208'!H69 -> 0 | I69: ='เย็น 162'!I69+'เช้า 208'!I69 -> 0 | J69: ='เย็น 162'!J69+'เช้า 208'!J69 -> 1 | K69: =SUM(D69:J69) -> 22 | P69: =(L69+M69+N69+O69)-K69 -> -22 | T69: 4 | U69: 100 | V69: =SUM(T69:U69) -> 104
B70: 1111023 | C70: ชิฟฟอนไส้แยมรสสตอเบอร์รี่ล้วน 6 ชิ้น | D70: ='เย็น 162'!D70+'เช้า 208'!D70 -> 0 | E70: ='เย็น 162'!E70+'เช้า 208'!E70 -> 0 | F70: ='เย็น 162'!F70+'เช้า 208'!F70 -> 0 | G70: ='เย็น 162'!G70+'เช้า 208'!G70 -> 0 | H70: ='เย็น 162'!H70+'เช้า 208'!H70 -> 0 | I70: ='เย็น 162'!I70+'เช้า 208'!I70 -> 0 | J70: ='เย็น 162'!J70+'เช้า 208'!J70 -> 0 | K70: =SUM(D70:J70) -> 0 | P70: =(L70+M70+N70+O70)-K70 -> 0
B71: 1111016 | C71: ชิฟฟอนไส้แยมรสมะพร้าวล้วน 6 ชิ้น | D71: ='เย็น 162'!D71+'เช้า 208'!D71 -> 0 | E71: ='เย็น 162'!E71+'เช้า 208'!E71 -> 0 | F71: ='เย็น 162'!F71+'เช้า 208'!F71 -> 0 | G71: ='เย็น 162'!G71+'เช้า 208'!G71 -> 0 | H71: ='เย็น 162'!H71+'เช้า 208'!H71 -> 0 | I71: ='เย็น 162'!I71+'เช้า 208'!I71 -> 0 | J71: ='เย็น 162'!J71+'เช้า 208'!J71 -> 0 | K71: =SUM(D71:J71) -> 0 | P71: =(L71+M71+N71+O71)-K71 -> 0
B72: 1111014 | C72: ชิฟฟอนไส้แยมรสช็อกโกแลตนูเทลล่าล้วน 6 ชิ้น | D72: ='เย็น 162'!D72+'เช้า 208'!D72 -> 0 | E72: ='เย็น 162'!E72+'เช้า 208'!E72 -> 0 | F72: ='เย็น 162'!F72+'เช้า 208'!F72 -> 0 | G72: ='เย็น 162'!G72+'เช้า 208'!G72 -> 0 | H72: ='เย็น 162'!H72+'เช้า 208'!H72 -> 0 | I72: ='เย็น 162'!I72+'เช้า 208'!I72 -> 0 | J72: ='เย็น 162'!J72+'เช้า 208'!J72 -> 0 | K72: =SUM(D72:J72) -> 0 | P72: =(L72+M72+N72+O72)-K72 -> 0
B73: 1111025 | C73: ชิฟฟอนไส้แยมรสส้มล้วน 6 ชิ้น | D73: ='เย็น 162'!D73+'เช้า 208'!D73 -> 0 | E73: ='เย็น 162'!E73+'เช้า 208'!E73 -> 0 | F73: ='เย็น 162'!F73+'เช้า 208'!F73 -> 0 | G73: ='เย็น 162'!G73+'เช้า 208'!G73 -> 0 | H73: ='เย็น 162'!H73+'เช้า 208'!H73 -> 0 | I73: ='เย็น 162'!I73+'เช้า 208'!I73 -> 0 | J73: ='เย็น 162'!J73+'เช้า 208'!J73 -> 0 | K73: =SUM(D73:J73) -> 0 | P73: =(L73+M73+N73+O73)-K73 -> 0
B74: 1111018 | C74: ชิฟฟอนไส้แยมรสบลูเบอร์รี่ล้วน 6 ชิ้น | D74: ='เย็น 162'!D74+'เช้า 208'!D74 -> 0 | E74: ='เย็น 162'!E74+'เช้า 208'!E74 -> 0 | F74: ='เย็น 162'!F74+'เช้า 208'!F74 -> 0 | G74: ='เย็น 162'!G74+'เช้า 208'!G74 -> 0 | H74: ='เย็น 162'!H74+'เช้า 208'!H74 -> 0 | I74: ='เย็น 162'!I74+'เช้า 208'!I74 -> 0 | J74: ='เย็น 162'!J74+'เช้า 208'!J74 -> 0 | K74: =SUM(D74:J74) -> 0 | P74: =(L74+M74+N74+O74)-K74 -> 0
B75: 1111012 | C75: ชิฟฟอนไส้แยมรสนมชมพูฮอกไกโดล้วน 6 ชิ้น | D75: ='เย็น 162'!D75+'เช้า 208'!D75 -> 0 | E75: ='เย็น 162'!E75+'เช้า 208'!E75 -> 0 | F75: ='เย็น 162'!F75+'เช้า 208'!F75 -> 0 | G75: ='เย็น 162'!G75+'เช้า 208'!G75 -> 0 | H75: ='เย็น 162'!H75+'เช้า 208'!H75 -> 0 | I75: ='เย็น 162'!I75+'เช้า 208'!I75 -> 0 | J75: ='เย็น 162'!J75+'เช้า 208'!J75 -> 0 | K75: =SUM(D75:J75) -> 0 | P75: =(L75+M75+N75+O75)-K75 -> 0
B76: 1111020 | C76: ชิฟฟอนไส้แยมฝอยทองไส้ทะลัก 6 ชิ้น | D76: ='เย็น 162'!D76+'เช้า 208'!D76 -> 0 | E76: ='เย็น 162'!E76+'เช้า 208'!E76 -> 0 | F76: ='เย็น 162'!F76+'เช้า 208'!F76 -> 0 | G76: ='เย็น 162'!G76+'เช้า 208'!G76 -> 0 | H76: ='เย็น 162'!H76+'เช้า 208'!H76 -> 0 | I76: ='เย็น 162'!I76+'เช้า 208'!I76 -> 0 | J76: ='เย็น 162'!J76+'เช้า 208'!J76 -> 0 | K76: =SUM(D76:J76) -> 0 | P76: =(L76+M76+N76+O76)-K76 -> 0
C77: รวม | D77: ='เย็น 162'!D77+'เช้า 208'!D77 -> 0 | E77: ='เย็น 162'!E77+'เช้า 208'!E77 -> 0 | F77: ='เย็น 162'!F77+'เช้า 208'!F77 -> 0 | G77: ='เย็น 162'!G77+'เช้า 208'!G77 -> 0 | H77: ='เย็น 162'!H77+'เช้า 208'!H77 -> 0 | I77: ='เย็น 162'!I77+'เช้า 208'!I77 -> 0 | J77: ='เย็น 162'!J77+'เช้า 208'!J77 -> 0 | P77: =(L77+M77+N77+O77)-K77 -> 0
B78: ชิฟฟอนไส้แยม 3 ชิ้น
B79: 1111022 | C79: ชิฟฟอนไส้แยมรสสตอเบอร์รี่ล้วน 3 ชิ้น | D79: ='เย็น 162'!D79+'เช้า 208'!D79 -> 0 | E79: ='เย็น 162'!E79+'เช้า 208'!E79 -> 0 | F79: ='เย็น 162'!F79+'เช้า 208'!F79 -> 0 | G79: ='เย็น 162'!G79+'เช้า 208'!G79 -> 0 | H79: ='เย็น 162'!H79+'เช้า 208'!H79 -> 0 | I79: ='เย็น 162'!I79+'เช้า 208'!I79 -> 0 | J79: ='เย็น 162'!J79+'เช้า 208'!J79 -> 0 | K79: =SUM(D79:J79) -> 0 | P79: =(L79+M79+N79+O79)-K79 -> 0
B80: 1111015 | C80: ชิฟฟอนไส้แยมรสมะพร้าวล้วน 3 ชิ้น | D80: ='เย็น 162'!D80+'เช้า 208'!D80 -> 0 | E80: ='เย็น 162'!E80+'เช้า 208'!E80 -> 0 | F80: ='เย็น 162'!F80+'เช้า 208'!F80 -> 0 | G80: ='เย็น 162'!G80+'เช้า 208'!G80 -> 0 | H80: ='เย็น 162'!H80+'เช้า 208'!H80 -> 0 | I80: ='เย็น 162'!I80+'เช้า 208'!I80 -> 0 | J80: ='เย็น 162'!J80+'เช้า 208'!J80 -> 0 | K80: =SUM(D80:J80) -> 0 | P80: =(L80+M80+N80+O80)-K80 -> 0
B81: 1111013 | C81: ชิฟฟอนไส้แยมรสช็อกโกแลตนูเทลล่าล้วน 3 ชิ้น | D81: ='เย็น 162'!D81+'เช้า 208'!D81 -> 0 | E81: ='เย็น 162'!E81+'เช้า 208'!E81 -> 0 | F81: ='เย็น 162'!F81+'เช้า 208'!F81 -> 0 | G81: ='เย็น 162'!G81+'เช้า 208'!G81 -> 0 | H81: ='เย็น 162'!H81+'เช้า 208'!H81 -> 0 | I81: ='เย็น 162'!I81+'เช้า 208'!I81 -> 0 | J81: ='เย็น 162'!J81+'เช้า 208'!J81 -> 0 | K81: =SUM(D81:J81) -> 0 | P81: =(L81+M81+N81+O81)-K81 -> 0
B82: 1111024 | C82: ชิฟฟอนไส้แยมรสส้มล้วน 3 ชิ้น | D82: ='เย็น 162'!D82+'เช้า 208'!D82 -> 0 | E82: ='เย็น 162'!E82+'เช้า 208'!E82 -> 0 | F82: ='เย็น 162'!F82+'เช้า 208'!F82 -> 0 | G82: ='เย็น 162'!G82+'เช้า 208'!G82 -> 0 | H82: ='เย็น 162'!H82+'เช้า 208'!H82 -> 0 | I82: ='เย็น 162'!I82+'เช้า 208'!I82 -> 0 | J82: ='เย็น 162'!J82+'เช้า 208'!J82 -> 0 | K82: =SUM(D82:J82) -> 0 | P82: =(L82+M82+N82+O82)-K82 -> 0
B83: 1111017 | C83: ชิฟฟอนไส้แยมรสบลูเบอร์รี่ล้วน 3 ชิ้น | D83: ='เย็น 162'!D83+'เช้า 208'!D83 -> 0 | E83: ='เย็น 162'!E83+'เช้า 208'!E83 -> 0 | F83: ='เย็น 162'!F83+'เช้า 208'!F83 -> 0 | G83: ='เย็น 162'!G83+'เช้า 208'!G83 -> 0 | H83: ='เย็น 162'!H83+'เช้า 208'!H83 -> 0 | I83: ='เย็น 162'!I83+'เช้า 208'!I83 -> 0 | J83: ='เย็น 162'!J83+'เช้า 208'!J83 -> 0 | K83: =SUM(D83:J83) -> 0 | P83: =(L83+M83+N83+O83)-K83 -> 0
B84: 1111011 | C84: ชิฟฟอนไส้แยมรสนมชมพูฮอกไกโดล้วน 3 ชิ้น | D84: ='เย็น 162'!D84+'เช้า 208'!D84 -> 0 | E84: ='เย็น 162'!E84+'เช้า 208'!E84 -> 0 | F84: ='เย็น 162'!F84+'เช้า 208'!F84 -> 0 | G84: ='เย็น 162'!G84+'เช้า 208'!G84 -> 0 | H84: ='เย็น 162'!H84+'เช้า 208'!H84 -> 0 | I84: ='เย็น 162'!I84+'เช้า 208'!I84 -> 0 | J84: ='เย็น 162'!J84+'เช้า 208'!J84 -> 0 | K84: =SUM(D84:J84) -> 0 | P84: =(L84+M84+N84+O84)-K84 -> 0
B85: 1111019 | C85: ชิฟฟอนไส้แยมฝอยทองไส้ทะลัก 3 ชิ้น | D85: ='เย็น 162'!D85+'เช้า 208'!D85 -> 0 | E85: ='เย็น 162'!E85+'เช้า 208'!E85 -> 0 | F85: ='เย็น 162'!F85+'เช้า 208'!F85 -> 0 | G85: ='เย็น 162'!G85+'เช้า 208'!G85 -> 0 | H85: ='เย็น 162'!H85+'เช้า 208'!H85 -> 0 | I85: ='เย็น 162'!I85+'เช้า 208'!I85 -> 0 | J85: ='เย็น 162'!J85+'เช้า 208'!J85 -> 0 | K85: =SUM(D85:J85) -> 0 | P85: =(L85+M85+N85+O85)-K85 -> 0
B86: 1113081 | C86: ชิฟฟอนไส้แยม วนิลา/ใบเตย/เมล่อน | D86: ='เย็น 162'!D86+'เช้า 208'!D86 -> 0 | E86: ='เย็น 162'!E86+'เช้า 208'!E86 -> 0 | F86: ='เย็น 162'!F86+'เช้า 208'!F86 -> 0 | G86: ='เย็น 162'!G86+'เช้า 208'!G86 -> 0 | H86: ='เย็น 162'!H86+'เช้า 208'!H86 -> 0 | I86: ='เย็น 162'!I86+'เช้า 208'!I86 -> 0 | J86: ='เย็น 162'!J86+'เช้า 208'!J86 -> 0 | K86: =SUM(D86:J86) -> 0 | P86: =(L86+M86+N86+O86)-K86 -> 0
B87: 1111008 | C87: ชิฟฟอนไส้แยมรวมรส 3 ชิ้น | D87: ='เย็น 162'!D87+'เช้า 208'!D87 -> 15 | E87: ='เย็น 162'!E87+'เช้า 208'!E87 -> 12 | F87: ='เย็น 162'!F87+'เช้า 208'!F87 -> 0 | G87: ='เย็น 162'!G87+'เช้า 208'!G87 -> 96 | H87: ='เย็น 162'!H87+'เช้า 208'!H87 -> 0 | I87: ='เย็น 162'!I87+'เช้า 208'!I87 -> 0 | J87: ='เย็น 162'!J87+'เช้า 208'!J87 -> 0 | K87: =SUM(D87:J87) -> 123 | P87: =(L87+M87+N87+O87)-K87 -> -123 | T87: 357 | U87: 200 | V87: =SUM(T87:U87) -> 557
C88: รวม | K88: =SUM(D88:J88) -> 0 | P88: =(L88+M88+N88+O88)-K88 -> 0
B89: เบาหวิว ล 110 กรัม
B90: 1112009 | C90: มะพร้าว | D90: ='เย็น 162'!D90+'เช้า 208'!D90 -> 13 | E90: ='เย็น 162'!E90+'เช้า 208'!E90 -> 31 | F90: ='เย็น 162'!F90+'เช้า 208'!F90 -> 5 | G90: ='เย็น 162'!G90+'เช้า 208'!G90 -> 54 | H90: ='เย็น 162'!H90+'เช้า 208'!H90 -> 0 | I90: ='เย็น 162'!I90+'เช้า 208'!I90 -> 0 | J90: ='เย็น 162'!J90+'เช้า 208'!J90 -> 1 | K90: =SUM(D90:J90) -> 104 | P90: =(L90+M90+N90+O90)-K90 -> -104 | T90: 138 | U90: 120 | V90: =SUM(T90:U90) -> 258 | W90: 19 | X90: =V90-W90 -> 239
B91: 1112011 | C91: ฝอยทอง | D91: ='เย็น 162'!D91+'เช้า 208'!D91 -> 14 | E91: ='เย็น 162'!E91+'เช้า 208'!E91 -> 30 | F91: ='เย็น 162'!F91+'เช้า 208'!F91 -> 12 | G91: ='เย็น 162'!G91+'เช้า 208'!G91 -> 54 | H91: ='เย็น 162'!H91+'เช้า 208'!H91 -> 0 | I91: ='เย็น 162'!I91+'เช้า 208'!I91 -> 0 | J91: ='เย็น 162'!J91+'เช้า 208'!J91 -> 0 | K91: =SUM(D91:J91) -> 110 | P91: =(L91+M91+N91+O91)-K91 -> -110 | T91: 195 | U91: 160 | V91: =SUM(T91:U91) -> 355 | W91: 19 | X91: =V91-W91 -> 336
B92: 1112003 | C92: กาแฟ | D92: ='เย็น 162'!D92+'เช้า 208'!D92 -> 4 | E92: ='เย็น 162'!E92+'เช้า 208'!E92 -> 0 | F92: ='เย็น 162'!F92+'เช้า 208'!F92 -> 0 | G92: ='เย็น 162'!G92+'เช้า 208'!G92 -> 41 | H92: ='เย็น 162'!H92+'เช้า 208'!H92 -> 0 | I92: ='เย็น 162'!I92+'เช้า 208'!I92 -> 0 | J92: ='เย็น 162'!J92+'เช้า 208'!J92 -> 0 | K92: =SUM(D92:J92) -> 45 | P92: =(L92+M92+N92+O92)-K92 -> -45 | T92: 12 | U92: 40 | V92: =SUM(T92:U92) -> 52 | W92: 8 | X92: =V92-W92 -> 44
B93: 1112005 | C93: เนยนม | D93: ='เย็น 162'!D93+'เช้า 208'!D93 -> 4 | E93: ='เย็น 162'!E93+'เช้า 208'!E93 -> 0 | F93: ='เย็น 162'!F93+'เช้า 208'!F93 -> 0 | G93: ='เย็น 162'!G93+'เช้า 208'!G93 -> 40 | H93: ='เย็น 162'!H93+'เช้า 208'!H93 -> 0 | I93: ='เย็น 162'!I93+'เช้า 208'!I93 -> 0 | J93: ='เย็น 162'!J93+'เช้า 208'!J93 -> 0 | K93: =SUM(D93:J93) -> 44 | P93: =(L93+M93+N93+O93)-K93 -> -44 | T93: -3 | U93: 40 | V93: =SUM(T93:U93) -> 37 | W93: 8 | X93: =V93-W93 -> 29
B94: 1112007 | C94: ใบเตย | D94: ='เย็น 162'!D94+'เช้า 208'!D94 -> 0 | E94: ='เย็น 162'!E94+'เช้า 208'!E94 -> 0 | F94: ='เย็น 162'!F94+'เช้า 208'!F94 -> 0 | G94: ='เย็น 162'!G94+'เช้า 208'!G94 -> 0 | H94: ='เย็น 162'!H94+'เช้า 208'!H94 -> 0 | I94: ='เย็น 162'!I94+'เช้า 208'!I94 -> 0 | J94: ='เย็น 162'!J94+'เช้า 208'!J94 -> 0 | K94: =SUM(D94:J94) -> 0 | P94: =(L94+M94+N94+O94)-K94 -> 0 | V94: =SUM(T94:U94) -> 0 | X94: =V94-W94 -> 0
B95: 1112019 | C95: ทุเรียน | D95: ='เย็น 162'!D95+'เช้า 208'!D95 -> 0 | E95: ='เย็น 162'!E95+'เช้า 208'!E95 -> 0 | F95: ='เย็น 162'!F95+'เช้า 208'!F95 -> 0 | G95: ='เย็น 162'!G95+'เช้า 208'!G95 -> 0 | H95: ='เย็น 162'!H95+'เช้า 208'!H95 -> 0 | I95: ='เย็น 162'!I95+'เช้า 208'!I95 -> 0 | J95: ='เย็น 162'!J95+'เช้า 208'!J95 -> 0 | K95: =SUM(D95:J95) -> 0 | P95: =(L95+M95+N95+O95)-K95 -> 0 | V95: =SUM(T95:U95) -> 0 | X95: =V95-W95 -> 0
B96: 1112017 | C96: ตาลหอม | D96: ='เย็น 162'!D96+'เช้า 208'!D96 -> 1 | E96: ='เย็น 162'!E96+'เช้า 208'!E96 -> 0 | F96: ='เย็น 162'!F96+'เช้า 208'!F96 -> 0 | G96: ='เย็น 162'!G96+'เช้า 208'!G96 -> 0 | H96: ='เย็น 162'!H96+'เช้า 208'!H96 -> 0 | I96: ='เย็น 162'!I96+'เช้า 208'!I96 -> 0 | J96: ='เย็น 162'!J96+'เช้า 208'!J96 -> 0 | K96: =SUM(D96:J96) -> 1 | P96: =(L96+M96+N96+O96)-K96 -> -1 | T96: 91 | U96: 40 | V96: =SUM(T96:U96) -> 131 | X96: =V96-W96 -> 131
B97: 1112015 | C97: กล้วยหอมมะพร้าวเผา | D97: ='เย็น 162'!D97+'เช้า 208'!D97 -> 3 | E97: ='เย็น 162'!E97+'เช้า 208'!E97 -> 0 | F97: ='เย็น 162'!F97+'เช้า 208'!F97 -> 0 | G97: ='เย็น 162'!G97+'เช้า 208'!G97 -> 40 | H97: ='เย็น 162'!H97+'เช้า 208'!H97 -> 0 | I97: ='เย็น 162'!I97+'เช้า 208'!I97 -> 0 | J97: ='เย็น 162'!J97+'เช้า 208'!J97 -> 0 | K97: =SUM(D97:J97) -> 43 | P97: =(L97+M97+N97+O97)-K97 -> -43 | T97: 1 | U97: 40 | V97: =SUM(T97:U97) -> 41 | W97: 8 | X97: =V97-W97 -> 33
B98: 1112013 | C98: เผือกมะพร้าวอ่อน | D98: ='เย็น 162'!D98+'เช้า 208'!D98 -> 10 | E98: ='เย็น 162'!E98+'เช้า 208'!E98 -> 31 | F98: ='เย็น 162'!F98+'เช้า 208'!F98 -> 9 | G98: ='เย็น 162'!G98+'เช้า 208'!G98 -> 54 | H98: ='เย็น 162'!H98+'เช้า 208'!H98 -> 0 | I98: ='เย็น 162'!I98+'เช้า 208'!I98 -> 0 | J98: ='เย็น 162'!J98+'เช้า 208'!J98 -> 0 | K98: =SUM(D98:J98) -> 104 | P98: =(L98+M98+N98+O98)-K98 -> -104 | T98: 274 | U98: 120 | V98: =SUM(T98:U98) -> 394 | W98: 19 | X98: =V98-W98 -> 375
B99: 1124043 | C99: เบาหวิว คละรส | D99: ='เย็น 162'!D99+'เช้า 208'!D99 -> 0 | E99: ='เย็น 162'!E99+'เช้า 208'!E99 -> 0 | F99: ='เย็น 162'!F99+'เช้า 208'!F99 -> 0 | G99: ='เย็น 162'!G99+'เช้า 208'!G99 -> 0 | H99: ='เย็น 162'!H99+'เช้า 208'!H99 -> 0 | I99: ='เย็น 162'!I99+'เช้า 208'!I99 -> 0 | J99: ='เย็น 162'!J99+'เช้า 208'!J99 -> 0 | K99: =SUM(D99:J99) -> 0 | P99: =(L99+M99+N99+O99)-K99 -> 0
C100: รวม | K100: =SUM(K90:K99) -> 451 | P100: =SUM(P90:P99) -> -451
B101: เบาหวิว ญ 300 กรัม
B102: 1112008 | C102: มะพร้าว | D102: ='เช้า 208'!D102+'เย็น 162'!D102 -> 0 | E102: ='เช้า 208'!E102+'เย็น 162'!E102 -> 0 | F102: ='เช้า 208'!F102+'เย็น 162'!F102 -> 0 | G102: ='เช้า 208'!G102+'เย็น 162'!G102 -> 0 | H102: ='เช้า 208'!H102+'เย็น 162'!H102 -> 0 | I102: ='เช้า 208'!I102+'เย็น 162'!I102 -> 0 | J102: ='เช้า 208'!J102+'เย็น 162'!J102 -> 0 | K102: =SUM(D102:J102) -> 0 | P102: =(L102+M102+N102+O102)-K102 -> 0
B103: 1112010 | C103: ฝอยทอง | D103: ='เช้า 208'!D103+'เย็น 162'!D103 -> 0 | E103: ='เช้า 208'!E103+'เย็น 162'!E103 -> 0 | F103: ='เช้า 208'!F103+'เย็น 162'!F103 -> 0 | G103: ='เช้า 208'!G103+'เย็น 162'!G103 -> 0 | H103: ='เช้า 208'!H103+'เย็น 162'!H103 -> 0 | I103: ='เช้า 208'!I103+'เย็น 162'!I103 -> 0 | J103: ='เช้า 208'!J103+'เย็น 162'!J103 -> 0 | K103: =SUM(D103:J103) -> 0 | P103: =(L103+M103+N103+O103)-K103 -> 0
B104: 1112002 | C104: กาแฟ | D104: ='เช้า 208'!D104+'เย็น 162'!D104 -> 0 | E104: ='เช้า 208'!E104+'เย็น 162'!E104 -> 0 | F104: ='เช้า 208'!F104+'เย็น 162'!F104 -> 0 | G104: ='เช้า 208'!G104+'เย็น 162'!G104 -> 0 | H104: ='เช้า 208'!H104+'เย็น 162'!H104 -> 0 | I104: ='เช้า 208'!I104+'เย็น 162'!I104 -> 0 | J104: ='เช้า 208'!J104+'เย็น 162'!J104 -> 0 | K104: =SUM(D104:J104) -> 0 | P104: =(L104+M104+N104+O104)-K104 -> 0
B105: 1112004 | C105: เนยนม | D105: ='เช้า 208'!D105+'เย็น 162'!D105 -> 0 | E105: ='เช้า 208'!E105+'เย็น 162'!E105 -> 0 | F105: ='เช้า 208'!F105+'เย็น 162'!F105 -> 0 | G105: ='เช้า 208'!G105+'เย็น 162'!G105 -> 0 | H105: ='เช้า 208'!H105+'เย็น 162'!H105 -> 0 | I105: ='เช้า 208'!I105+'เย็น 162'!I105 -> 0 | J105: ='เช้า 208'!J105+'เย็น 162'!J105 -> 0 | K105: =SUM(D105:J105) -> 0 | P105: =(L105+M105+N105+O105)-K105 -> 0
B106: 1112006 | C106: ใบเตย | D106: ='เช้า 208'!D106+'เย็น 162'!D106 -> 0 | E106: ='เช้า 208'!E106+'เย็น 162'!E106 -> 0 | F106: ='เช้า 208'!F106+'เย็น 162'!F106 -> 0 | G106: ='เช้า 208'!G106+'เย็น 162'!G106 -> 0 | H106: ='เช้า 208'!H106+'เย็น 162'!H106 -> 0 | I106: ='เช้า 208'!I106+'เย็น 162'!I106 -> 0 | J106: ='เช้า 208'!J106+'เย็น 162'!J106 -> 0 | K106: =SUM(D106:J106) -> 0 | P106: =(L106+M106+N106+O106)-K106 -> 0
B107: 1112018 | C107: ทุเรียน | D107: ='เช้า 208'!D107+'เย็น 162'!D107 -> 0 | E107: ='เช้า 208'!E107+'เย็น 162'!E107 -> 0 | F107: ='เช้า 208'!F107+'เย็น 162'!F107 -> 0 | G107: ='เช้า 208'!G107+'เย็น 162'!G107 -> 0 | H107: ='เช้า 208'!H107+'เย็น 162'!H107 -> 0 | I107: ='เช้า 208'!I107+'เย็น 162'!I107 -> 0 | J107: ='เช้า 208'!J107+'เย็น 162'!J107 -> 0 | K107: =SUM(D107:J107) -> 0 | P107: =(L107+M107+N107+O107)-K107 -> 0
B108: 1112016 | C108: ตาลหอม | D108: ='เช้า 208'!D108+'เย็น 162'!D108 -> 0 | E108: ='เช้า 208'!E108+'เย็น 162'!E108 -> 0 | F108: ='เช้า 208'!F108+'เย็น 162'!F108 -> 0 | G108: ='เช้า 208'!G108+'เย็น 162'!G108 -> 0 | H108: ='เช้า 208'!H108+'เย็น 162'!H108 -> 0 | I108: ='เช้า 208'!I108+'เย็น 162'!I108 -> 0 | J108: ='เช้า 208'!J108+'เย็น 162'!J108 -> 0 | K108: =SUM(D108:J108) -> 0 | P108: =(L108+M108+N108+O108)-K108 -> 0
B109: 1112014 | C109: กล้วยหอมมะพร้าวเผา | D109: ='เช้า 208'!D109+'เย็น 162'!D109 -> 0 | E109: ='เช้า 208'!E109+'เย็น 162'!E109 -> 0 | F109: ='เช้า 208'!F109+'เย็น 162'!F109 -> 0 | G109: ='เช้า 208'!G109+'เย็น 162'!G109 -> 0 | H109: ='เช้า 208'!H109+'เย็น 162'!H109 -> 0 | I109: ='เช้า 208'!I109+'เย็น 162'!I109 -> 0 | J109: ='เช้า 208'!J109+'เย็น 162'!J109 -> 0 | K109: =SUM(D109:J109) -> 0 | P109: =(L109+M109+N109+O109)-K109 -> 0
B110: 1112012 | C110: เผือกมะพร้าวอ่อน | D110: ='เช้า 208'!D110+'เย็น 162'!D110 -> 0 | E110: ='เช้า 208'!E110+'เย็น 162'!E110 -> 0 | F110: ='เช้า 208'!F110+'เย็น 162'!F110 -> 0 | G110: ='เช้า 208'!G110+'เย็น 162'!G110 -> 0 | H110: ='เช้า 208'!H110+'เย็น 162'!H110 -> 0 | I110: ='เช้า 208'!I110+'เย็น 162'!I110 -> 0 | J110: ='เช้า 208'!J110+'เย็น 162'!J110 -> 0 | K110: =SUM(D110:J110) -> 0 | P110: =(L110+M110+N110+O110)-K110 -> 0
C111: เบาหวิว คละรส | D111: ='เช้า 208'!D111+'เย็น 162'!D111 -> 0 | E111: ='เช้า 208'!E111+'เย็น 162'!E111 -> 0 | F111: ='เช้า 208'!F111+'เย็น 162'!F111 -> 0 | G111: ='เช้า 208'!G111+'เย็น 162'!G111 -> 0 | H111: ='เช้า 208'!H111+'เย็น 162'!H111 -> 0 | I111: ='เช้า 208'!I111+'เย็น 162'!I111 -> 0 | J111: ='เช้า 208'!J111+'เย็น 162'!J111 -> 0 | K111: =SUM(D111:J111) -> 0 | P111: =(L111+M111+N111+O111)-K111 -> 0
C112: รวม | K112: =SUM(D112:J112) -> 0 | P112: =(L112+M112+N112+O112)-K112 -> 0
B113: อื่นๆ
B114: 1113170 | C114: ขนมเปี๊ยะถั่วฝอยทองไข่เค็ม 450 กรัม | D114: ='เย็น 162'!D114+'เช้า 208'!D114 -> 0 | E114: ='เย็น 162'!E114+'เช้า 208'!E114 -> 0 | F114: ='เย็น 162'!F114+'เช้า 208'!F114 -> 0 | G114: ='เย็น 162'!G114+'เช้า 208'!G114 -> 4 | H114: ='เย็น 162'!H114+'เช้า 208'!H114 -> 0 | I114: ='เย็น 162'!I114+'เช้า 208'!I114 -> 0 | J114: ='เย็น 162'!J114+'เช้า 208'!J114 -> 0 | K114: =SUM(D114:J114) -> 4 | P114: =(L114+M114+N114+O114)-K114 -> -4
B115: 1113171 | C115: ขนมเปี๊ยะฟักถั่วไข่เค็ม 450 กรัม | D115: ='เย็น 162'!D115+'เช้า 208'!D115 -> 0 | E115: ='เย็น 162'!E115+'เช้า 208'!E115 -> 0 | F115: ='เย็น 162'!F115+'เช้า 208'!F115 -> 0 | G115: ='เย็น 162'!G115+'เช้า 208'!G115 -> 0 | H115: ='เย็น 162'!H115+'เช้า 208'!H115 -> 0 | I115: ='เย็น 162'!I115+'เช้า 208'!I115 -> 0 | J115: ='เย็น 162'!J115+'เช้า 208'!J115 -> 0 | K115: =SUM(D115:J115) -> 0 | P115: =(L115+M115+N115+O115)-K115 -> 0
B116: 1113172 | C116: ขนมเปี๊ยะเผือกฝอยทองไข่เค็ม 450 กรัม | D116: ='เย็น 162'!D116+'เช้า 208'!D116 -> 0 | E116: ='เย็น 162'!E116+'เช้า 208'!E116 -> 0 | F116: ='เย็น 162'!F116+'เช้า 208'!F116 -> 0 | G116: ='เย็น 162'!G116+'เช้า 208'!G116 -> 0 | H116: ='เย็น 162'!H116+'เช้า 208'!H116 -> 0 | I116: ='เย็น 162'!I116+'เช้า 208'!I116 -> 0 | J116: ='เย็น 162'!J116+'เช้า 208'!J116 -> 0 | K116: =SUM(D116:J116) -> 0 | P116: =(L116+M116+N116+O116)-K116 -> 0
B117: 1113173 | C117: ขนมเปี๊ยะงาดำฝอยทองไข่เค็ม 450 กรัม | D117: ='เย็น 162'!D117+'เช้า 208'!D117 -> 0 | E117: ='เย็น 162'!E117+'เช้า 208'!E117 -> 0 | F117: ='เย็น 162'!F117+'เช้า 208'!F117 -> 0 | G117: ='เย็น 162'!G117+'เช้า 208'!G117 -> 0 | H117: ='เย็น 162'!H117+'เช้า 208'!H117 -> 0 | I117: ='เย็น 162'!I117+'เช้า 208'!I117 -> 0 | J117: ='เย็น 162'!J117+'เช้า 208'!J117 -> 0 | K117: =SUM(D117:J117) -> 0 | P117: =(L117+M117+N117+O117)-K117 -> 0
B118: 1100003 | C118: เมอแรงค์ กระปุก | D118: ='เย็น 162'!D118+'เช้า 208'!D118 -> 0 | E118: ='เย็น 162'!E118+'เช้า 208'!E118 -> 2 | F118: ='เย็น 162'!F118+'เช้า 208'!F118 -> 2 | G118: ='เย็น 162'!G118+'เช้า 208'!G118 -> 0 | H118: ='เย็น 162'!H118+'เช้า 208'!H118 -> 0 | I118: ='เย็น 162'!I118+'เช้า 208'!I118 -> 0 | J118: ='เย็น 162'!J118+'เช้า 208'!J118 -> 1 | K118: =SUM(D118:J118) -> 5 | P118: =(L118+M118+N118+O118)-K118 -> -5
B119: 1100001 | C119: พายสับปรด 1 ชิ้น | D119: ='เย็น 162'!D119+'เช้า 208'!D119 -> 0 | E119: ='เย็น 162'!E119+'เช้า 208'!E119 -> 0 | F119: ='เย็น 162'!F119+'เช้า 208'!F119 -> 0 | G119: ='เย็น 162'!G119+'เช้า 208'!G119 -> 0 | H119: ='เย็น 162'!H119+'เช้า 208'!H119 -> 0 | I119: ='เย็น 162'!I119+'เช้า 208'!I119 -> 0 | J119: ='เย็น 162'!J119+'เช้า 208'!J119 -> 4 | K119: =SUM(D119:J119) -> 4 | P119: =(L119+M119+N119+O119)-K119 -> -4
B120: 1100002 | C120: พายสับปรด 1 กล่อง | D120: ='เย็น 162'!D120+'เช้า 208'!D120 -> 0 | E120: ='เย็น 162'!E120+'เช้า 208'!E120 -> 3 | F120: ='เย็น 162'!F120+'เช้า 208'!F120 -> 0 | G120: ='เย็น 162'!G120+'เช้า 208'!G120 -> 1 | H120: ='เย็น 162'!H120+'เช้า 208'!H120 -> 0 | I120: ='เย็น 162'!I120+'เช้า 208'!I120 -> 0 | J120: ='เย็น 162'!J120+'เช้า 208'!J120 -> 0 | K120: =SUM(D120:J120) -> 4 | P120: =(L120+M120+N120+O120)-K120 -> -4
...
