Workbook

Sheet เย็น
B1: ยอดจริง ออนไลน์ วันที่ 5/11/2567 - เย็น
K2: ยอดรวมผลิต
K3: จำนวน
B4: รหัสสินค้า | C4: สินค้า | D4: ปณ | E4: ชอปปี้ | F4: ลาซาด้า | G4: ติ๊กตอก | H4: ติ๊กตอก2 | I4: ติ๊กตอก3 | J4: ชอยส์ | K4: (กล่อง)
B6: ชิฟฟอนรวมรส
B7: 1111002 | C7: ชิฟฟอนรวมรส 8 ชิ้น | K7: =SUM(D7:J7) -> 0
C8: ชิฟฟอนแบบกล่องสุ่มอะไรก็ได้ที่มี | K8: =SUM(D8:J8) -> 0
B9: 1111084 | C9: ชิฟฟอน 8 ชิ้น กาแฟล้วน | K9: =SUM(D9:J9) -> 0
B10: 1111085 | C10: ชิฟฟอน 8 ชิ้น บลูเบอรี่ล้วน | K10: =SUM(D10:J10) -> 0
B11: 1111086 | C11: ชิฟฟอน 8 ชิ้น มะพร้าวล้วน | K11: =SUM(D11:J11) -> 0
B12: 1111087 | C12: ชิฟฟอน 8 ชิ้น สตอเบอรี่ล้วน | K12: =SUM(D12:J12) -> 0
B13: 1111088 | C13: ชิฟฟอน 8 ชิ้น ส้มล้วน | K13: =SUM(D13:J13) -> 0
B14: 1111089 | C14: ชิฟฟอน 8 ชิ้น เนยล้วน | K14: =SUM(D14:J14) -> 0
B15: 1111090 | C15: ชิฟฟอน 8 ชิ้น เผือกล้วน | K15: =SUM(D15:J15) -> 0
B16: 1111091 | C16: ชิฟฟอน 8 ชิ้น ใบเตยล้วน | K16: =SUM(D16:J16) -> 0
B17: 1111092 | C17: ชิฟฟอน 8 ชิ้น กล้วยหอม | K17: =SUM(D17:J17) -> 0
B18: 1111093 | C18: ชิฟฟอน 8 ชิ้น โกโก้ล้วน | K18: =SUM(D18:J18) -> 0
B19: 1111094 | C19: ชิฟฟอน 8 ชิ้น ชาไทยล้วน | K19: =SUM(D19:J19) -> 0
B20: 1111095 | C20: ชิฟฟอน 8 ชิ้น ชาเขียวล้วน | K20: =SUM(D20:J20) -> 0
... B66: 1111010 | C66: ชิฟฟอนไส้แยมแยกชิ้น คละรส | K66: =SUM(D66:J66) -> 0
C67: รวม | K67: =SUM(D67:I67) -> 0
B68: ชิฟฟอนไส้แยม 6 ชิ้น
B69: 1111009 | C69: ชิฟฟอนไส้แยมรวมรส 6 ชิ้น | K69: =SUM(D69:J69) -> 0
B70: 1111023 | C70: ชิฟฟอนไส้แยมรสสตอเบอร์รี่ล้วน 6 ชิ้น | K70: =SUM(D70:J70) -> 0
B71: 1111016 | C71: ชิฟฟอนไส้แยมรสมะพร้าวล้วน 6 ชิ้น | K71: =SUM(D71:J71) -> 0
B72: 1111014 | C72: ชิฟฟอนไส้แยมรสช็อกโกแลตนูเทลล่าล้วน 6 ชิ้น | K72: =SUM(D72:J72) -> 0
B73: 1111025 | C73: ชิฟฟอนไส้แยมรสส้มล้วน 6 ชิ้น | K73: =SUM(D73:J73) -> 0
B74: 1111018 | C74: ชิฟฟอนไส้แยมรสบลูเบอร์รี่ล้วน 6 ชิ้น | K74: =SUM(D74:J74) -> 0
B75: 1111012 | C75: ชิฟฟอนไส้แยมรสนมชมพูฮอกไกโดล้วน 6 ชิ้น | K75: =SUM(D75:J75) -> 0
B76: 1111020 | C76: ชิฟฟอนไส้แยมฝอยทองไส้ทะลัก 6 ชิ้น | K76: =SUM(D76:J76) -> 0
C77: รวม
B78: ชิฟฟอนไส้แยม 3 ชิ้น
B79: 1111022 | C79: ชิฟฟอนไส้แยมรสสตอเบอร์รี่ล้วน 3 ชิ้น | K79: =SUM(D79:J79) -> 0
B80: 1111015 | C80: ชิฟฟอนไส้แยมรสมะพร้าวล้วน 3 ชิ้น | K80: =SUM(D80:J80) -> 0
B81: 1111013 | C81: ชิฟฟอนไส้แยมรสช็อกโกแลตนูเทลล่าล้วน 3 ชิ้น | K81: =SUM(D81:J81) -> 0
B82: 1111024 | C82: ชิฟฟอนไส้แยมรสส้มล้วน 3 ชิ้น | K82: =SUM(D82:J82) -> 0
B83: 1111017 | C83: ชิฟฟอนไส้แยมรสบลูเบอร์รี่ล้วน 3 ชิ้น | K83: =SUM(D83:J83) -> 0
B84: 1111011 | C84: ชิฟฟอนไส้แยมรสนมชมพูฮอกไกโดล้วน 3 ชิ้น | K84: =SUM(D84:J84) -> 0
B85: 1111019 | C85: ชิฟฟอนไส้แยมฝอยทองไส้ทะลัก 3 ชิ้น | K85: =SUM(D85:J85) -> 0
B86: 1113081 | C86: ชิฟฟอนไส้แยม วนิลา/ใบเตย/เมล่อน | K86: =SUM(D86:J86) -> 0
B87: 1111008 | C87: ชิฟฟอนไส้แยมรวมรส 3 ชิ้น | K87: =SUM(D87:J87) -> 0
C88: รวม
B89: เบาหวิว ล 110 กรัม
B90: 1112009 | C90: มะพร้าว | K90: =SUM(D90:J90) -> 0
B91: 1112011 | C91: ฝอยทอง | K91: =SUM(D91:J91) -> 0
B92: 1112003 | C92: กาแฟ | K92: =SUM(D92:J92) -> 0
B93: 1112005 | C93: เนยนม | K93: =SUM(D93:J93) -> 0
B94: 1112007 | C94: ใบเตย | K94: =SUM(D94:J94) -> 0
B95: 1112019 | C95: ทุเรียน | K95: =SUM(D95:J95) -> 0
B96: 1112017 | C96: ตาลหอม | K96: =SUM(D96:J96) -> 0
B97: 1112015 | C97: กล้วยหอมมะพร้าวเผา | K97: =SUM(D97:J97) -> 0
B98: 1112013 | C98: เผือกมะพร้าวอ่อน | K98: =SUM(D98:J98) -> 0
B99: 1124043 | C99: เบาหวิว คละรส | K99: =SUM(D99:J99) -> 0
C100: รวม
B101: เบาหวิว ญ 300 กรัม
B102: 1112008 | C102: มะพร้าว | K102: =SUM(D102:H102) -> 0
B103: 1112010 | C103: ฝอยทอง | K103: =SUM(D103:H103) -> 0
B104: 1112002 | C104: กาแฟ | K104: =SUM(D104:H104) -> 0
B105: 1112004 | C105: เนยนม | K105: =SUM(D105:H105) -> 0
B106: 1112006 | C106: ใบเตย | K106: =SUM(D106:H106) -> 0
B107: 1112018 | C107: ทุเรียน | K107: =SUM(D107:H107) -> 0
B108: 1112016 | C108: ตาลหอม | K108: =SUM(D108:H108) -> 0
B109: 1112014 | C109: กล้วยหอมมะพร้าวเผา | K109: =SUM(D109:H109) -> 0
B110: 1112012 | C110: เผือกมะพร้าวอ่อน | K110: =SUM(D110:H110) -> 0
C111: เบาหวิว คละรส | K111: =SUM(D111:H111) -> 0
C112: รวม | K112: =SUM(K102:K110) -> 0
B113: อื่นๆ
B114: 1113170 | C114: ขนมเปี๊ยะถั่วฝอยทองไข่เค็ม 450 กรัม | K114: =SUM(D114:J114) -> 0
B115: 1113171 | C115: ขนมเปี๊ยะฟักถั่วไข่เค็ม 450 กรัม | K115: =SUM(D115:J115) -> 0
B116: 1113172 | C116: ขนมเปี๊ยะเผือกฝอยทองไข่เค็ม 450 กรัม | K116: =SUM(D116:J116) -> 0
B117: 1113173 | C117: ขนมเปี๊ยะงาดำฝอยทองไข่เค็ม 450 กรัม | K117: =SUM(D117:J117) -> 0
B118: 1100003 | C118: เมอแรงค์ กระปุก | K118: =SUM(D118:J118) -> 0
B119: 1100001 | C119: พายสับปรด 1 ชิ้น | K119: =SUM(D119:J119) -> 0
B120: 1100002 | C120: พายสับปรด 1 กล่อง | K120: =SUM(D120:J120) -> 0
B121: 1200001 | C121: คอนเฟลค | K121: =SUM(D121:J121) -> 0
B122: 1005761 | C122: ปังกรอบคาราเมล(ถุง) | K122: =SUM(D122:J122) -> 0
B123: 1114501 | C123: ครีมฮอร์นไส้เนย วนิลา | K123: =SUM(D123:J123) -> 0
B124: 1114502 | C124: ครีมฮอร์นไส้เนย ใบเตย | K124: =SUM(D124:J124) -> 0
B125: 1114503 | C125: ครีมฮอร์นไส้เนย ชอค | K125: =SUM(D125:J125) -> 0
... B134: 1200092 | C134: ท็อฟฟี่ถั่ว 1 กิโล | K134: =SUM(D134:J134) -> 0
C135: เศษขนมปังปลา5กก. | K135: =SUM(D135:J135) -> 0
C136: เศษขนมปังปลา1กก. | K136: =SUM(D136:J136) -> 0
B137: 20052721 | C137: แซนวิชโบราณ | K137: =SUM(D137:J137) -> 0
D139: =SUM(D114:D137,D102:D111,D90:D99,D79:D87,D69:D76,D7:D66) -> 0 | E139: =SUM(E114:E137,E102:E111,E90:E99,E79:E87,E69:E76,E7:E66) -> 0 | F139: =SUM(F114:F137,F102:F111,F90:F99,F79:F87,F69:F76,F7:F66) -> 0 | G139: =SUM(G114:G137,G102:G111,G90:G99,G79:G87,G69:G76,G7:G66) -> 0 | H139: =SUM(H114:H137,H102:H111,H90:H99,H79:H87,H69:H76,H7:H66) -> 0 | I139: =SUM(I114:I137,I102:I111,I90:I99,I79:I87,I69:I76,I7:I66) -> 0 | K139: =SUM(K114:K137,K102:K111,K90:K99,K79:K87,K69:K76,K7:K66) -> 0
B141: …..................................................................................... | I141: ….....................................................................................
B142: ผู้จัดทำ | I142: ผู้รับทราบ

Sheet เช้า
B1: ยอดจริง ออนไลน์ วันที่ 5/11/2567 - เช้า
K2: ยอดรวมผลิต
K3: จำนวน
B4: รหัสสินค้า | C4: สินค้า | D4: ปณ | E4: ชอปปี้ | F4: ลาซาด้า | G4: ติ๊กตอก | H4: ติ๊กตอก2 | I4: ติ๊กตอก3 | J4: ชอยส์ | K4: (กล่อง)
B6: ชิฟฟอนรวมรส
B7: 1111002 | C7: ชิฟฟอนรวมรส 8 ชิ้น | D7: 1 | E7: 73 | F7: 187 | G7: 7 | K7: =SUM(D7:J7) -> 268
C8: ชิฟฟอนแบบกล่องสุ่มอะไรก็ได้ที่มี | K8: =SUM(D8:J8) -> 0
B9: 1111084 | C9: ชิฟฟอน 8 ชิ้น กาแฟล้วน | K9: =SUM(D9:J9) -> 0
B10: 1111085 | C10: ชิฟฟอน 8 ชิ้น บลูเบอรี่ล้วน | K10: =SUM(D10:J10) -> 0
B11: 1111086 | C11: ชิฟฟอน 8 ชิ้น มะพร้าวล้วน | K11: =SUM(D11:J11) -> 0
B12: 1111087 | C12: ชิฟฟอน 8 ชิ้น สตอเบอรี่ล้วน | K12: =SUM(D12:J12) -> 0
B13: 1111088 | C13: ชิฟฟอน 8 ชิ้น ส้มล้วน | K13: =SUM(D13:J13) -> 0
B14: 1111089 | C14: ชิฟฟอน 8 ชิ้น เนยล้วน | K14: =SUM(D14:J14) -> 0
B15: 1111090 | C15: ชิฟฟอน 8 ชิ้น เผือกล้วน | K15: =SUM(D15:J15) -> 0
B16: 1111091 | C16: ชิฟฟอน 8 ชิ้น ใบเตยล้วน | K16: =SUM(D16:J16) -> 0
B17: 1111092 | C17: ชิฟฟอน 8 ชิ้น กล้วยหอม | K17: =SUM(D17:J17) -> 0
B18: 1111093 | C18: ชิฟฟอน 8 ชิ้น โกโก้ล้วน | K18: =SUM(D18:J18) -> 0
B19: 1111094 | C19: ชิฟฟอน 8 ชิ้น ชาไทยล้วน | K19: =SUM(D19:J19) -> 0
B20: 1111095 | C20: ชิฟฟอน 8 ชิ้น ชาเขียวล้วน | K20: =SUM(D20:J20) -> 0
... B24: 1111043 | C24: ชิฟฟอน 8 ชิ้น มะลิ | K24: =SUM(D24:J24) -> 0
B25: 1111056 | C25: ชิฟฟอน 8 ชิ้น รวมรสยอดฮิต | E25: 7 | F25: 9 | G25: 1 | H25: 1 | K25: =SUM(D25:J25) -> 18
B26: 1004055 | C26: ชิฟฟอนรวมรส 4 ชิ้น | D26: 4 | E26: 3 | G26: 98 | H26: 84 | K26: =SUM(D26:J26) -> 189
B27: 1004055 | C27: ชิฟฟอน 4 ชิ้น โกโก้ล้วน | K27: =SUM(D27:J27) -> 0
B28: 1004055 | C28: ชิฟฟอน 4 ชิ้น มะพร้าวล้วน | K28: =SUM(D28:J28) -> 0
B29: 1004055 | C29: ชิฟฟอน 4 ชิ้น เนยล้วน | K29: =SUM(D29:J29) -> 0
B30: 1004055 | C30: ชิฟฟอน 4 ชิ้น กาแฟล้วน | K30: =SUM(D30:J30) -> 0
B31: 1004055 | C31: ชิฟฟอน 4 ชิ้น ใบเตยล้วน | K31: =SUM(D31:J31) -> 0
B32: 1004055 | C32: ชิฟฟอน 4 ชิ้น บลูเบอร์รี่ล้วน | K32: =SUM(D32:J32) -> 0
B33: 1004055 | C33: ชิฟฟอน 4 ชิ้น ส้มล้วน | K33: =SUM(D33:J33) -> 0
B34: 1004055 | C34: ชิฟฟอน 4 ชิ้น เผือกล้วน | K34: =SUM(D34:J34) -> 0
B35: 1004055 | C35: ชิฟฟอน 4 ชิ้น สตอเบอรี่ล้วน | K35: =SUM(D35:J35) -> 0
B36: 1004055 | C36: ชิฟฟอน 4 ชิ้น กล้วยหอมล้วน | K36: =SUM(D36:J36) -> 0
B37: 1004055 | C37: ชิฟฟอน 4 ชิ้น ชาเขียวล้วน | K37: =SUM(D37:J37) -> 0
B38: 1004055 | C38: ชิฟฟอน 4 ชิ้น ชาไทยล้วน | K38: =SUM(D38:J38) -> 0
B39: 1004055 | C39: ชิฟฟอน 4 ชิ้น สับปะรดล้วน | K39: =SUM(D39:J39) -> 0
B40: 1111057 | C40: ชิฟฟอนแยกชิ้น กาแฟ | D40: 30 | E40: 22 | F40: 7 | G40: 3 | J40: 2 | K40: =SUM(D40:J40) -> 64
B41: 1111058 | C41: ชิฟฟอนแยกชิ้น ชาเขียว | D41: 30 | E41: 13 | G41: 3 | K41: =SUM(D41:J41) -> 46
B42: 1111059 | C42: ชิฟฟอนแยกชิ้น ใบเตย | D42: 30 | E42: 13 | F42: 7 | G42: 3 | K42: =SUM(D42:J42) -> 53
B43: 1111060 | C43: ชิฟฟอนแยกชิ้น กล้วยหอม | D43: 30 | E43: 2 | G43: 1 | K43: =SUM(D43:J43) -> 33
B44: 1111061 | C44: ชิฟฟอนแยกชิ้น ชาไทย | D44: 30 | E44: 13 | F44: 7 | G44: 3 | K44: =SUM(D44:J44) -> 53
B45: 1111062 | C45: ชิฟฟอนแยกชิ้น โกโก้ | D45: 30 | E45: 11 | F45: 7 | G45: 1 | K45: =SUM(D45:J45) -> 49
B46: 1111063 | C46: ชิฟฟอนแยกชิ้น ส้ม | D46: 30 | E46: 15 | F46: 7 | G46: 2 | K46: =SUM(D46:J46) -> 54
B47: 1111064 | C47: ชิฟฟอนแยกชิ้น เผือก | D47: 30 | E47: 15 | F47: 7 | G47: 2 | K47: =SUM(D47:J47) -> 54
B48: 1111065 | C48: ชิฟฟอนแยกชิ้น สับปะรด | D48: 30 | E48: 10 | G48: 5 | K48: =SUM(D48:J48) -> 45
B49: 1111066 | C49: ชิฟฟอนแยกชิ้น สตอเบอรี่ | D49: 30 | E49: 15 | F49: 7 | G49: 2 | K49: =SUM(D49:J49) -> 54
B50: 1111067 | C50: ชิฟฟอนแยกชิ้น มะพร้าว | D50: 30 | E50: 25 | F50: 7 | G50: 2 | K50: =SUM(D50:J50) -> 64
B51: 1111068 | C51: ชิฟฟอนแยกชิ้น เนย | D51: 30 | E51: 17 | F51: 7 | G51: 2 | K51: =SUM(D51:J51) -> 56
B52: 1111069 | C52: ชิฟฟอนแยกชิ้น บลูเบอรี่ | D52: 30 | E52: 15 | F52: 7 | G52: 2 | K52: =SUM(D52:J52) -> 54
B53: 1111070 | C53: ชิฟฟอนแยกชิ้น ทุเรียน | D53: 30 | E53: 2 | K53: =SUM(D53:J53) -> 32
B54: 1111071 | C54: ชิฟฟอนแยกชิ้น ตาล | D54: 30 | E54: 2 | K54: =SUM(D54:J54) -> 32
B55: 1111001 | C55: ชิฟฟอนแยกชิ้น คละรส | K55: =SUM(D55:J55) -> 0
B56: 1111074 | C56: ชิฟฟอนไส้แยมแยกชิ้น มะพร้าว | D56: 10 | E56: 28 | F56: 2 | G56: 3 | H56: 3 | K56: =SUM(D56:J56) -> 46
B57: 1111075 | C57: ชิฟฟอนไส้แยมแยกชิ้น สตอเบอรี่ | D57: 10 | E57: 28 | F57: 2 | G57: 3 | H57: 3 | K57: =SUM(D57:J57) -> 46
B58: 1111076 | C58: ชิฟฟอนไส้แยมแยกชิ้น ส้ม | D58: 10 | E58: 28 | F58: 2 | G58: 3 | H58: 3 | K58: =SUM(D58:J58) -> 46
B59: 1111077 | C59: ชิฟฟอนไส้แยมแยกชิ้น บลูเบอรี่ | D59: 10 | E59: 28 | F59: 2 | G59: 3 | H59: 3 | K59: =SUM(D59:J59) -> 46
B60: 1111078 | C60: ชิฟฟอนไส้แยมแยกชิ้น นมชมพู | D60: 10 | E60: 28 | F60: 2 | G60: 3 | H60: 3 | K60: =SUM(D60:J60) -> 46
B61: 1111079 | C61: ชิฟฟอนไส้แยมแยกชิ้น ชอคโกแลต | D61: 10 | E61: 28 | F61: 2 | G61: 2 | H61: 2 | K61: =SUM(D61:J61) -> 44
B62: 1111080 | C62: ชิฟฟอนไส้แยมแยกชิ้น ฝอยทอง | D62: 10 | E62: 28 | F62: 2 | G62: 2 | H62: 2 | K62: =SUM(D62:J62) -> 44
B63: 1111081 | C63: ชิฟฟอนไส้แยมแยกชิ้น วนิลา | D63: 10 | E63: 18 | F63: 2 | G63: 2 | H63: 2 | K63: =SUM(D63:J63) -> 34
B64: 1111082 | C64: ชิฟฟอนไส้แยมแยกชิ้น ใบเตย | D64: 10 | E64: 28 | F64: 2 | G64: 2 | H64: 2 | K64: =SUM(D64:J64) -> 44
B65: 1111083 | C65: ชิฟฟอนไส้แยมแยกชิ้น เมล่อน | D65: 10 | E65: 18 | F65: 2 | G65: 2 | H65: 2 | K65: =SUM(D65:J65) -> 34
B66: 1111010 | C66: ชิฟฟอนไส้แยมแยกชิ้น คละรส | K66: =SUM(D66:J66) -> 0
C67: รวม | K67: =SUM(D67:I67) -> 0
B68: ชิฟฟอนไส้แยม 6 ชิ้น
B69: 1111009 | C69: ชิฟฟอนไส้แยมรวมรส 6 ชิ้น | F69: 4 | G69: 2 | J69: 2 | K69: =SUM(D69:J69) -> 8
B70: 1111023 | C70: ชิฟฟอนไส้แยมรสสตอเบอร์รี่ล้วน 6 ชิ้น | K70: =SUM(D70:J70) -> 0
B71: 1111016 | C71: ชิฟฟอนไส้แยมรสมะพร้าวล้วน 6 ชิ้น | K71: =SUM(D71:J71) -> 0
B72: 1111014 | C72: ชิฟฟอนไส้แยมรสช็อกโกแลตนูเทลล่าล้วน 6 ชิ้น | K72: =SUM(D72:J72) -> 0
B73: 1111025 | C73: ชิฟฟอนไส้แยมรสส้มล้วน 6 ชิ้น | K73: =SUM(D73:J73) -> 0
B74: 1111018 | C74: ชิฟฟอนไส้แยมรสบลูเบอร์รี่ล้วน 6 ชิ้น | K74: =SUM(D74:J74) -> 0
B75: 1111012 | C75: ชิฟฟอนไส้แยมรสนมชมพูฮอกไกโดล้วน 6 ชิ้น | K75: =SUM(D75:J75) -> 0
B76: 1111020 | C76: ชิฟฟอนไส้แยมฝอยทองไส้ทะลัก 6 ชิ้น | K76: =SUM(D76:J76) -> 0
C77: รวม
B78: ชิฟฟอนไส้แยม 3 ชิ้น
B79: 1111022 | C79: ชิฟฟอนไส้แยมรสสตอเบอร์รี่ล้วน 3 ชิ้น | E79: 1 | K79: =SUM(D79:J79) -> 1
B80: 1111015 | C80: ชิฟฟอนไส้แยมรสมะพร้าวล้วน 3 ชิ้น | K80: =SUM(D80:J80) -> 0
B81: 1111013 | C81: ชิฟฟอนไส้แยมรสช็อกโกแลตนูเทลล่าล้วน 3 ชิ้น | K81: =SUM(D81:J81) -> 0
B82: 1111024 | C82: ชิฟฟอนไส้แยมรสส้มล้วน 3 ชิ้น | K82: =SUM(D82:J82) -> 0
B83: 1111017 | C83: ชิฟฟอนไส้แยมรสบลูเบอร์รี่ล้วน 3 ชิ้น | K83: =SUM(D83:J83) -> 0
B84: 1111011 | C84: ชิฟฟอนไส้แยมรสนมชมพูฮอกไกโดล้วน 3 ชิ้น | K84: =SUM(D84:J84) -> 0
B85: 1111019 | C85: ชิฟฟอนไส้แยมฝอยทองไส้ทะลัก 3 ชิ้น | K85: =SUM(D85:J85) -> 0
B86: 1113081 | C86: ชิฟฟอนไส้แยม วนิลา/ใบเตย/เมล่อน | K86: =SUM(D86:J86) -> 0
B87: 1111008 | C87: ชิฟฟอนไส้แยมรวมรส 3 ชิ้น | D87: 6 | E87: 12 | G87: 113 | H87: 129 | K87: =SUM(D87:J87) -> 260
C88: รวม
B89: เบาหวิว ล 110 กรัม
B90: 1112009 | C90: มะพร้าว | D90: 11 | E90: 8 | F90: 15 | G90: 38 | H90: 35 | J90: 1 | K90: =SUM(D90:J90) -> 108
B91: 1112011 | C91: ฝอยทอง | D91: 13 | E91: 9 | F91: 37 | G91: 63 | H91: 60 | K91: =SUM(D91:J91) -> 182
B92: 1112003 | C92: กาแฟ | D92: 1 | K92: =SUM(D92:J92) -> 1
B93: 1112005 | C93: เนยนม | D93: 5 | K93: =SUM(D93:J93) -> 5
B94: 1112007 | C94: ใบเตย | K94: =SUM(D94:J94) -> 0
B95: 1112019 | C95: ทุเรียน | K95: =SUM(D95:J95) -> 0
B96: 1112017 | C96: ตาลหอม | D96: 1 | F96: 2 | G96: 25 | H96: 25 | K96: =SUM(D96:J96) -> 53
B97: 1112015 | C97: กล้วยหอมมะพร้าวเผา | K97: =SUM(D97:J97) -> 0
B98: 1112013 | C98: เผือกมะพร้าวอ่อน | D98: 11 | E98: 8 | F98: 15 | G98: 61 | H98: 60 | J98: 2 | K98: =SUM(D98:J98) -> 157
B99: 1124043 | C99: เบาหวิว คละรส | K99: =SUM(D99:J99) -> 0
C100: รวม
B101: เบาหวิว ญ 300 กรัม
B102: 1112008 | C102: มะพร้าว | K102: =SUM(D102:H102) -> 0
B103: 1112010 | C103: ฝอยทอง | K103: =SUM(D103:H103) -> 0
B104: 1112002 | C104: กาแฟ | K104: =SUM(D104:H104) -> 0
...

Sheet รวม
B1: ยอดจริง ออนไลน์ วันที่ 5/11/2567 - รวม
K2: ยอดรวมผลิต | L2: ยอดสตอค | M2: ยอดฟอแคส | N2: รับเกิน | O2: ยังไม่ได้รับเข้า | P2: รวม
K3: จำนวน
B4: รหัสสินค้า | C4: สินค้า | D4: ปณ | E4: ชอปปี้ | F4: ลาซาด้า | G4: ติ๊กตอก | H4: ติ๊กตอก2 | I4: ติ๊กตอก3 | J4: ชอยส์ | K4: (กล่อง)
B6: ชิฟฟอนรวมรส
B7: 1111002 | C7: ชิฟฟอนรวมรส 8 ชิ้น | D7: =เย็น!D7+เช้า!D7 -> 1 | E7: =เย็น!E7+เช้า!E7 -> 73 | F7: =เย็น!F7+เช้า!F7 -> 187 | G7: =เย็น!G7+เช้า!G7 -> 7 | H7: =เย็น!H7+เช้า!H7 -> 0 | I7: =เย็น!I7+เช้า!I7 -> 0 | J7: =เย็น!J7+เช้า!J7 -> 0 | K7: =SUM(D7:J7) -> 268 | L7: 30 | M7: 200 | P7: =(L7+M7+N7+O7)-K7 -> -38
C8: ชิฟฟอนแบบกล่องสุ่มอะไรก็ได้ที่มี | D8: =เย็น!D8+เช้า!D8 -> 0 | E8: =เย็น!E8+เช้า!E8 -> 0 | F8: =เย็น!F8+เช้า!F8 -> 0 | G8: =เย็น!G8+เช้า!G8 -> 0 | H8: =เย็น!H8+เช้า!H8 -> 0 | I8: =เย็น!I8+เช้า!I8 -> 0 | J8: =เย็น!J8+เช้า!J8 -> 0 | K8: =SUM(D8:J8) -> 0 | P8: =(L8+M8+N8+O8)-K8 -> 0
B9: 1111084 | C9: ชิฟฟอน 8 ชิ้น กาแฟล้วน | D9: =เย็น!D9+เช้า!D9 -> 0 | E9: =เย็น!E9+เช้า!E9 -> 0 | F9: =เย็น!F9+เช้า!F9 -> 0 | G9: =เย็น!G9+เช้า!G9 -> 0 | H9: =เย็น!H9+เช้า!H9 -> 0 | I9: =เย็น!I9+เช้า!I9 -> 0 | J9: =เย็น!J9+เช้า!J9 -> 0 | K9: =SUM(D9:J9) -> 0 | P9: =(L9+M9+N9+O9)-K9 -> 0
B10: 1111085 | C10: ชิฟฟอน 8 ชิ้น บลูเบอรี่ล้วน | D10: =เย็น!D10+เช้า!D10 -> 0 | E10: =เย็น!E10+เช้า!E10 -> 0 | F10: =เย็น!F10+เช้า!F10 -> 0 | G10: =เย็น!G10+เช้า!G10 -> 0 | H10: =เย็น!H10+เช้า!H10 -> 0 | I10: =เย็น!I10+เช้า!I10 -> 0 | J10: =เย็น!J10+เช้า!J10 -> 0 | K10: =SUM(D10:J10) -> 0 | P10: =(L10+M10+N10+O10)-K10 -> 0
B11: 1111086 | C11: ชิฟฟอน 8 ชิ้น มะพร้าวล้วน | D11: =เย็น!D11+เช้า!D11 -> 0 | E11: =เย็น!E11+เช้า!E11 -> 0 | F11: =เย็น!F11+เช้า!F11 -> 0 | G11: =เย็น!G11+เช้า!G11 -> 0 | H11: =เย็น!H11+เช้า!H11 -> 0 | I11: =เย็น!I11+เช้า!I11 -> 0 | J11: =เย็น!J11+เช้า!J11 -> 0 | K11: =SUM(D11:J11) -> 0 | P11: =(L11+M11+N11+O11)-K11 -> 0
B12: 1111087 | C12: ชิฟฟอน 8 ชิ้น สตอเบอรี่ล้วน | D12: =เย็น!D12+เช้า!D12 -> 0 | E12: =เย็น!E12+เช้า!E12 -> 0 | F12: =เย็น!F12+เช้า!F12 -> 0 | G12: =เย็น!G12+เช้า!G12 -> 0 | H12: =เย็น!H12+เช้า!H12 -> 0 | I12: =เย็น!I12+เช้า!I12 -> 0 | J12: =เย็น!J12+เช้า!J12 -> 0 | K12: =SUM(D12:J12) -> 0 | P12: =(L12+M12+N12+O12)-K12 -> 0
B13: 1111088 | C13: ชิฟฟอน 8 ชิ้น ส้มล้วน | D13: =เย็น!D13+เช้า!D13 -> 0 | E13: =เย็น!E13+เช้า!E13 -> 0 | F13: =เย็น!F13+เช้า!F13 -> 0 | G13: =เย็น!G13+เช้า!G13 -> 0 | H13: =เย็น!H13+เช้า!H13 -> 0 | I13: =เย็น!I13+เช้า!I13 -> 0 | J13: =เย็น!J13+เช้า!J13 -> 0 | K13: =SUM(D13:J13) -> 0 | P13: =(L13+M13+N13+O13)-K13 -> 0
B14: 1111089 | C14: ชิฟฟอน 8 ชิ้น เนยล้วน | D14: =เย็น!D14+เช้า!D14 -> 0 | E14: =เย็น!E14+เช้า!E14 -> 0 | F14: =เย็น!F14+เช้า!F14 -> 0 | G14: =เย็น!G14+เช้า!G14 -> 0 | H14: =เย็น!H14+เช้า!H14 -> 0 | I14: =เย็น!I14+เช้า!I14 -> 0 | J14: =เย็น!J14+เช้า!J14 -> 0 | K14: =SUM(D14:J14) -> 0 | P14: =(L14+M14+N14+O14)-K14 -> 0
B15: 1111090 | C15: ชิฟฟอน 8 ชิ้น เผือกล้วน | D15: =เย็น!D15+เช้า!D15 -> 0 | E15: =เย็น!E15+เช้า!E15 -> 0 | F15: =เย็น!F15+เช้า!F15 -> 0 | G15: =เย็น!G15+เช้า!G15 -> 0 | H15: =เย็น!H15+เช้า!H15 -> 0 | I15: =เย็น!I15+เช้า!I15 -> 0 | J15: =เย็น!J15+เช้า!J15 -> 0 | K15: =SUM(D15:J15) -> 0 | P15: =(L15+M15+N15+O15)-K15 -> 0
B16: 1111091 | C16: ชิฟฟอน 8 ชิ้น ใบเตยล้วน | D16: =เย็น!D16+เช้า!D16 -> 0 | E16: =เย็น!E16+เช้า!E16 -> 0 | F16: =เย็น!F16+เช้า!F16 -> 0 | G16: =เย็น!G16+เช้า!G16 -> 0 | H16: =เย็น!H16+เช้า!H16 -> 0 | I16: =เย็น!I16+เช้า!I16 -> 0 | J16: =เย็น!J16+เช้า!J16 -> 0 | K16: =SUM(D16:J16) -> 0 | P16: =(L16+M16+N16+O16)-K16 -> 0
B17: 1111092 | C17: ชิฟฟอน 8 ชิ้น กล้วยหอม | D17: =เย็น!D17+เช้า!D17 -> 0 | E17: =เย็น!E17+เช้า!E17 -> 0 | F17: =เย็น!F17+เช้า!F17 -> 0 | G17: =เย็น!G17+เช้า!G17 -> 0 | H17: =เย็น!H17+เช้า!H17 -> 0 | I17: =เย็น!I17+เช้า!I17 -> 0 | J17: =เย็น!J17+เช้า!J17 -> 0 | K17: =SUM(D17:J17) -> 0 | P17: =(L17+M17+N17+O17)-K17 -> 0
B18: 1111093 | C18: ชิฟฟอน 8 ชิ้น โกโก้ล้วน | D18: =เย็น!D18+เช้า!D18 -> 0 | E18: =เย็น!E18+เช้า!E18 -> 0 | F18: =เย็น!F18+เช้า!F18 -> 0 | G18: =เย็น!G18+เช้า!G18 -> 0 | H18: =เย็น!H18+เช้า!H18 -> 0 | I18: =เย็น!I18+เช้า!I18 -> 0 | J18: =เย็น!J18+เช้า!J18 -> 0 | K18: =SUM(D18:J18) -> 0 | P18: =(L18+M18+N18+O18)-K18 -> 0
B19: 1111094 | C19: ชิฟฟอน 8 ชิ้น ชาไทยล้วน | D19: =เย็น!D19+เช้า!D19 -> 0 | E19: =เย็น!E19+เช้า!E19 -> 0 | F19: =เย็น!F19+เช้า!F19 -> 0 | G19: =เย็น!G19+เช้า!G19 -> 0 | H19: =เย็น!H19+เช้า!H19 -> 0 | I19: =เย็น!I19+เช้า!I19 -> 0 | J19: =เย็น!J19+เช้า!J19 -> 0 | K19: =SUM(D19:J19) -> 0 | P19: =(L19+M19+N19+O19)-K19 -> 0
B20: 1111095 | C20: ชิฟฟอน 8 ชิ้น ชาเขียวล้วน | D20: =เย็น!D20+เช้า!D20 -> 0 | E20: =เย็น!E20+เช้า!E20 -> 0 | F20: =เย็น!F20+เช้า!F20 -> 0 | G20: =เย็น!G20+เช้า!G20 -> 0 | H20: =เย็น!H20+เช้า!H20 -> 0 | I20: =เย็น!I20+เช้า!I20 -> 0 | J20: =เย็น!J20+เช้า!J20 -> 0 | K20: =SUM(D20:J20) -> 0 | P20: =(L20+M20+N20+O20)-K20 -> 0
... B24: 1111043 | C24: ชิฟฟอน 8 ชิ้น มะลิ | D24: =เย็น!D24+เช้า!D24 -> 0 | E24: =เย็น!E24+เช้า!E24 -> 0 | F24: =เย็น!F24+เช้า!F24 -> 0 | G24: =เย็น!G24+เช้า!G24 -> 0 | H24: =เย็น!H24+เช้า!H24 -> 0 | I24: =เย็น!I24+เช้า!I24 -> 0 | J24: =เย็น!J24+เช้า!J24 -> 0 | K24: =SUM(D24:J24) -> 0 | P24: =(L24+M24+N24+O24)-K24 -> 0
B25: 1111056 | C25: ชิฟฟอน 8 ชิ้น รวมรสยอดฮิต | D25: =เย็น!D25+เช้า!D25 -> 0 | E25: =เย็น!E25+เช้า!E25 -> 7 | F25: =เย็น!F25+เช้า!F25 -> 9 | G25: =เย็น!G25+เช้า!G25 -> 1 | H25: =เย็น!H25+เช้า!H25 -> 1 | I25: =เย็น!I25+เช้า!I25 -> 0 | J25: =เย็น!J25+เช้า!J25 -> 0 | K25: =SUM(D25:J25) -> 18 | L25: 10 | M25: 15 | P25: =(L25+M25+N25+O25)-K25 -> 7
B26: 1004055 | C26: ชิฟฟอนรวมรส 4 ชิ้น | D26: =เย็น!D26+เช้า!D26 -> 4 | E26: =เย็น!E26+เช้า!E26 -> 3 | F26: =เย็น!F26+เช้า!F26 -> 0 | G26: =เย็น!G26+เช้า!G26 -> 98 | H26: =เย็น!H26+เช้า!H26 -> 84 | I26: =เย็น!I26+เช้า!I26 -> 0 | J26: =เย็น!J26+เช้า!J26 -> 0 | K26: =SUM(D26:J26) -> 189 | M26: 100 | P26: =(L26+M26+N26+O26)-K26 -> -89
B27: 1004055 | C27: ชิฟฟอน 4 ชิ้น โกโก้ล้วน | D27: =เย็น!D27+เช้า!D27 -> 0 | E27: =เย็น!E27+เช้า!E27 -> 0 | F27: =เย็น!F27+เช้า!F27 -> 0 | G27: =เย็น!G27+เช้า!G27 -> 0 | H27: =เย็น!H27+เช้า!H27 -> 0 | I27: =เย็น!I27+เช้า!I27 -> 0 | J27: =เย็น!J27+เช้า!J27 -> 0 | K27: =SUM(D27:J27) -> 0 | P27: =(L27+M27+N27+O27)-K27 -> 0
B28: 1004055 | C28: ชิฟฟอน 4 ชิ้น มะพร้าวล้วน | D28: =เย็น!D28+เช้า!D28 -> 0 | E28: =เย็น!E28+เช้า!E28 -> 0 | F28: =เย็น!F28+เช้า!F28 -> 0 | G28: =เย็น!G28+เช้า!G28 -> 0 | H28: =เย็น!H28+เช้า!H28 -> 0 | I28: =เย็น!I28+เช้า!I28 -> 0 | J28: =เย็น!J28+เช้า!J28 -> 0 | K28: =SUM(D28:J28) -> 0 | P28: =(L28+M28+N28+O28)-K28 -> 0
B29: 1004055 | C29: ชิฟฟอน 4 ชิ้น เนยล้วน | D29: =เย็น!D29+เช้า!D29 -> 0 | E29: =เย็น!E29+เช้า!E29 -> 0 | F29: =เย็น!F29+เช้า!F29 -> 0 | G29: =เย็น!G29+เช้า!G29 -> 0 | H29: =เย็น!H29+เช้า!H29 -> 0 | I29: =เย็น!I29+เช้า!I29 -> 0 | J29: =เย็น!J29+เช้า!J29 -> 0 | K29: =SUM(D29:J29) -> 0 | P29: =(L29+M29+N29+O29)-K29 -> 0
B30: 1004055 | C30: ชิฟฟอน 4 ชิ้น กาแฟล้วน | D30: =เย็น!D30+เช้า!D30 -> 0 | E30: =เย็น!E30+เช้า!E30 -> 0 | F30: =เย็น!F30+เช้า!F30 -> 0 | G30: =เย็น!G30+เช้า!G30 -> 0 | H30: =เย็น!H30+เช้า!H30 -> 0 | I30: =เย็น!I30+เช้า!I30 -> 0 | J30: =เย็น!J30+เช้า!J30 -> 0 | K30: =SUM(D30:J30) -> 0 | P30: =(L30+M30+N30+O30)-K30 -> 0
B31: 1004055 | C31: ชิฟฟอน 4 ชิ้น ใบเตยล้วน | D31: =เย็น!D31+เช้า!D31 -> 0 | E31: =เย็น!E31+เช้า!E31 -> 0 | F31: =เย็น!F31+เช้า!F31 -> 0 | G31: =เย็น!G31+เช้า!G31 -> 0 | H31: =เย็น!H31+เช้า!H31 -> 0 | I31: =เย็น!I31+เช้า!I31 -> 0 | J31: =เย็น!J31+เช้า!J31 -> 0 | K31: =SUM(D31:J31) -> 0 | P31: =(L31+M31+N31+O31)-K31 -> 0
B32: 1004055 | C32: ชิฟฟอน 4 ชิ้น บลูเบอร์รี่ล้วน | D32: =เย็น!D32+เช้า!D32 -> 0 | E32: =เย็น!E32+เช้า!E32 -> 0 | F32: =เย็น!F32+เช้า!F32 -> 0 | G32: =เย็น!G32+เช้า!G32 -> 0 | H32: =เย็น!H32+เช้า!H32 -> 0 | I32: =เย็น!I32+เช้า!I32 -> 0 | J32: =เย็น!J32+เช้า!J32 -> 0 | K32: =SUM(D32:J32) -> 0 | P32: =(L32+M32+N32+O32)-K32 -> 0
B33: 1004055 | C33: ชิฟฟอน 4 ชิ้น ส้มล้วน | D33: =เย็น!D33+เช้า!D33 -> 0 | E33: =เย็น!E33+เช้า!E33 -> 0 | F33: =เย็น!F33+เช้า!F33 -> 0 | G33: =เย็น!G33+เช้า!G33 -> 0 | H33: =เย็น!H33+เช้า!H33 -> 0 | I33: =เย็น!I33+เช้า!I33 -> 0 | J33: =เย็น!J33+เช้า!J33 -> 0 | K33: =SUM(D33:J33) -> 0 | P33: =(L33+M33+N33+O33)-K33 -> 0
B34: 1004055 | C34: ชิฟฟอน 4 ชิ้น เผือกล้วน | D34: =เย็น!D34+เช้า!D34 -> 0 | E34: =เย็น!E34+เช้า!E34 -> 0 | F34: =เย็น!F34+เช้า!F34 -> 0 | G34: =เย็น!G34+เช้า!G34 -> 0 | H34: =เย็น!H34+เช้า!H34 -> 0 | I34: =เย็น!I34+เช้า!I34 -> 0 | J34: =เย็น!J34+เช้า!J34 -> 0 | K34: =SUM(D34:J34) -> 0 | P34: =(L34+M34+N34+O34)-K34 -> 0
B35: 1004055 | C35: ชิฟฟอน 4 ชิ้น สตอเบอรี่ล้วน | D35: =เย็น!D35+เช้า!D35 -> 0 | E35: =เย็น!E35+เช้า!E35 -> 0 | F35: =เย็น!F35+เช้า!F35 -> 0 | G35: =เย็น!G35+เช้า!G35 -> 0 | H35: =เย็น!H35+เช้า!H35 -> 0 | I35: =เย็น!I35+เช้า!I35 -> 0 | J35: =เย็น!J35+เช้า!J35 -> 0 | K35: =SUM(D35:J35) -> 0 | P35: =(L35+M35+N35+O35)-K35 -> 0
B36: 1004055 | C36: ชิฟฟอน 4 ชิ้น กล้วยหอมล้วน | D36: =เย็น!D36+เช้า!D36 -> 0 | E36: =เย็น!E36+เช้า!E36 -> 0 | F36: =เย็น!F36+เช้า!F36 -> 0 | G36: =เย็น!G36+เช้า!G36 -> 0 | H36: =เย็น!H36+เช้า!H36 -> 0 | I36: =เย็น!I36+เช้า!I36 -> 0 | J36: =เย็น!J36+เช้า!J36 -> 0 | K36: =SUM(D36:J36) -> 0 | P36: =(L36+M36+N36+O36)-K36 -> 0
B37: 1004055 | C37: ชิฟฟอน 4 ชิ้น ชาเขียวล้วน | D37: =เย็น!D37+เช้า!D37 -> 0 | E37: =เย็น!E37+เช้า!E37 -> 0 | F37: =เย็น!F37+เช้า!F37 -> 0 | G37: =เย็น!G37+เช้า!G37 -> 0 | H37: =เย็น!H37+เช้า!H37 -> 0 | I37: =เย็น!I37+เช้า!I37 -> 0 | J37: =เย็น!J37+เช้า!J37 -> 0 | K37: =SUM(D37:J37) -> 0 | P37: =(L37+M37+N37+O37)-K37 -> 0
B38: 1004055 | C38: ชิฟฟอน 4 ชิ้น ชาไทยล้วน | D38: =เย็น!D38+เช้า!D38 -> 0 | E38: =เย็น!E38+เช้า!E38 -> 0 | F38: =เย็น!F38+เช้า!F38 -> 0 | G38: =เย็น!G38+เช้า!G38 -> 0 | H38: =เย็น!H38+เช้า!H38 -> 0 | I38: =เย็น!I38+เช้า!I38 -> 0 | J38: =เย็น!J38+เช้า!J38 -> 0 | K38: =SUM(D38:J38) -> 0 | P38: =(L38+M38+N38+O38)-K38 -> 0
B39: 1004055 | C39: ชิฟฟอน 4 ชิ้น สับปะรดล้วน | D39: =เย็น!D39+เช้า!D39 -> 0 | E39: =เย็น!E39+เช้า!E39 -> 0 | F39: =เย็น!F39+เช้า!F39 -> 0 | G39: =เย็น!G39+เช้า!G39 -> 0 | H39: =เย็น!H39+เช้า!H39 -> 0 | I39: =เย็น!I39+เช้า!I39 -> 0 | J39: =เย็น!J39+เช้า!J39 -> 0 | K39: =SUM(D39:J39) -> 0 | P39: =(L39+M39+N39+O39)-K39 -> 0
B40: 1111057 | C40: ชิฟฟอนแยกชิ้น กาแฟ | D40: =เย็น!D40+เช้า!D40 -> 30 | E40: =เย็น!E40+เช้า!E40 -> 22 | F40: =เย็น!F40+เช้า!F40 -> 7 | G40: =เย็น!G40+เช้า!G40 -> 3 | H40: =เย็น!H40+เช้า!H40 -> 0 | I40: =เย็น!I40+เช้า!I40 -> 0 | J40: =เย็น!J40+เช้า!J40 -> 2 | K40: =SUM(D40:J40) -> 64 | M40: 10 | P40: =(L40+M40+N40+O40)-K40 -> -54
B41: 1111058 | C41: ชิฟฟอนแยกชิ้น ชาเขียว | D41: =เย็น!D41+เช้า!D41 -> 30 | E41: =เย็น!E41+เช้า!E41 -> 13 | F41: =เย็น!F41+เช้า!F41 -> 0 | G41: =เย็น!G41+เช้า!G41 -> 3 | H41: =เย็น!H41+เช้า!H41 -> 0 | I41: =เย็น!I41+เช้า!I41 -> 0 | J41: =เย็น!J41+เช้า!J41 -> 0 | K41: =SUM(D41:J41) -> 46 | M41: 10 | P41: =(L41+M41+N41+O41)-K41 -> -36
B42: 1111059 | C42: ชิฟฟอนแยกชิ้น ใบเตย | D42: =เย็น!D42+เช้า!D42 -> 30 | E42: =เย็น!E42+เช้า!E42 -> 13 | F42: =เย็น!F42+เช้า!F42 -> 7 | G42: =เย็น!G42+เช้า!G42 -> 3 | H42: =เย็น!H42+เช้า!H42 -> 0 | I42: =เย็น!I42+เช้า!I42 -> 0 | J42: =เย็น!J42+เช้า!J42 -> 0 | K42: =SUM(D42:J42) -> 53 | M42: 10 | P42: =(L42+M42+N42+O42)-K42 -> -43
B43: 1111060 | C43: ชิฟฟอนแยกชิ้น กล้วยหอม | D43: =เย็น!D43+เช้า!D43 -> 30 | E43: =เย็น!E43+เช้า!E43 -> 2 | F43: =เย็น!F43+เช้า!F43 -> 0 | G43: =เย็น!G43+เช้า!G43 -> 1 | H43: =เย็น!H43+เช้า!H43 -> 0 | I43: =เย็น!I43+เช้า!I43 -> 0 | J43: =เย็น!J43+เช้า!J43 -> 0 | K43: =SUM(D43:J43) -> 33 | M43: 10 | P43: =(L43+M43+N43+O43)-K43 -> -23
B44: 1111061 | C44: ชิฟฟอนแยกชิ้น ชาไทย | D44: =เย็น!D44+เช้า!D44 -> 30 | E44: =เย็น!E44+เช้า!E44 -> 13 | F44: =เย็น!F44+เช้า!F44 -> 7 | G44: =เย็น!G44+เช้า!G44 -> 3 | H44: =เย็น!H44+เช้า!H44 -> 0 | I44: =เย็น!I44+เช้า!I44 -> 0 | J44: =เย็น!J44+เช้า!J44 -> 0 | K44: =SUM(D44:J44) -> 53 | M44: 10 | P44: =(L44+M44+N44+O44)-K44 -> -43
B45: 1111062 | C45: ชิฟฟอนแยกชิ้น โกโก้ | D45: =เย็น!D45+เช้า!D45 -> 30 | E45: =เย็น!E45+เช้า!E45 -> 11 | F45: =เย็น!F45+เช้า!F45 -> 7 | G45: =เย็น!G45+เช้า!G45 -> 1 | H45: =เย็น!H45+เช้า!H45 -> 0 | I45: =เย็น!I45+เช้า!I45 -> 0 | J45: =เย็น!J45+เช้า!J45 -> 0 | K45: =SUM(D45:J45) -> 49 | M45: 10 | P45: =(L45+M45+N45+O45)-K45 -> -39
B46: 1111063 | C46: ชิฟฟอนแยกชิ้น ส้ม | D46: =เย็น!D46+เช้า!D46 -> 30 | E46: =เย็น!E46+เช้า!E46 -> 15 | F46: =เย็น!F46+เช้า!F46 -> 7 | G46: =เย็น!G46+เช้า!G46 -> 2 | H46: =เย็น!H46+เช้า!H46 -> 0 | I46: =เย็น!I46+เช้า!I46 -> 0 | J46: =เย็น!J46+เช้า!J46 -> 0 | K46: =SUM(D46:J46) -> 54 | M46: 10 | P46: =(L46+M46+N46+O46)-K46 -> -44
B47: 1111064 | C47: ชิฟฟอนแยกชิ้น เผือก | D47: =เย็น!D47+เช้า!D47 -> 30 | E47: =เย็น!E47+เช้า!E47 -> 15 | F47: =เย็น!F47+เช้า!F47 -> 7 | G47: =เย็น!G47+เช้า!G47 -> 2 | H47: =เย็น!H47+เช้า!H47 -> 0 | I47: =เย็น!I47+เช้า!I47 -> 0 | J47: =เย็น!J47+เช้า!J47 -> 0 | K47: =SUM(D47:J47) -> 54 | M47: 10 | P47: =(L47+M47+N47+O47)-K47 -> -44
B48: 1111065 | C48: ชิฟฟอนแยกชิ้น สับปะรด | D48: =เย็น!D48+เช้า!D48 -> 30 | E48: =เย็น!E48+เช้า!E48 -> 10 | F48: =เย็น!F48+เช้า!F48 -> 0 | G48: =เย็น!G48+เช้า!G48 -> 5 | H48: =เย็น!H48+เช้า!H48 -> 0 | I48: =เย็น!I48+เช้า!I48 -> 0 | J48: =เย็น!J48+เช้า!J48 -> 0 | K48: =SUM(D48:J48) -> 45 | M48: 10 | P48: =(L48+M48+N48+O48)-K48 -> -35
B49: 1111066 | C49: ชิฟฟอนแยกชิ้น สตอเบอรี่ | D49: =เย็น!D49+เช้า!D49 -> 30 | E49: =เย็น!E49+เช้า!E49 -> 15 | F49: =เย็น!F49+เช้า!F49 -> 7 | G49: =เย็น!G49+เช้า!G49 -> 2 | H49: =เย็น!H49+เช้า!H49 -> 0 | I49: =เย็น!I49+เช้า!I49 -> 0 | J49: =เย็น!J49+เช้า!J49 -> 0 | K49: =SUM(D49:J49) -> 54 | M49: 10 | P49: =(L49+M49+N49+O49)-K49 -> -44
B50: 1111067 | C50: ชิฟฟอนแยกชิ้น มะพร้าว | D50: =เย็น!D50+เช้า!D50 -> 30 | E50: =เย็น!E50+เช้า!E50 -> 25 | F50: =เย็น!F50+เช้า!F50 -> 7 | G50: =เย็น!G50+เช้า!G50 -> 2 | H50: =เย็น!H50+เช้า!H50 -> 0 | I50: =เย็น!I50+เช้า!I50 -> 0 | J50: =เย็น!J50+เช้า!J50 -> 0 | K50: =SUM(D50:J50) -> 64 | M50: 10 | P50: =(L50+M50+N50+O50)-K50 -> -54
B51: 1111068 | C51: ชิฟฟอนแยกชิ้น เนย | D51: =เย็น!D51+เช้า!D51 -> 30 | E51: =เย็น!E51+เช้า!E51 -> 17 | F51: =เย็น!F51+เช้า!F51 -> 7 | G51: =เย็น!G51+เช้า!G51 -> 2 | H51: =เย็น!H51+เช้า!H51 -> 0 | I51: =เย็น!I51+เช้า!I51 -> 0 | J51: =เย็น!J51+เช้า!J51 -> 0 | K51: =SUM(D51:J51) -> 56 | M51: 10 | P51: =(L51+M51+N51+O51)-K51 -> -46
B52: 1111069 | C52: ชิฟฟอนแยกชิ้น บลูเบอรี่ | D52: =เย็น!D52+เช้า!D52 -> 30 | E52: =เย็น!E52+เช้า!E52 -> 15 | F52: =เย็น!F52+เช้า!F52 -> 7 | G52: =เย็น!G52+เช้า!G52 -> 2 | H52: =เย็น!H52+เช้า!H52 -> 0 | I52: =เย็น!I52+เช้า!I52 -> 0 | J52: =เย็น!J52+เช้า!J52 -> 0 | K52: =SUM(D52:J52) -> 54 | M52: 10 | P52: =(L52+M52+N52+O52)-K52 -> -44
B53: 1111070 | C53: ชิฟฟอนแยกชิ้น ทุเรียน | D53: =เย็น!D53+เช้า!D53 -> 30 | E53: =เย็น!E53+เช้า!E53 -> 2 | F53: =เย็น!F53+เช้า!F53 -> 0 | G53: =เย็น!G53+เช้า!G53 -> 0 | H53: =เย็น!H53+เช้า!H53 -> 0 | I53: =เย็น!I53+เช้า!I53 -> 0 | J53: =เย็น!J53+เช้า!J53 -> 0 | K53: =SUM(D53:J53) -> 32 | P53: =(L53+M53+N53+O53)-K53 -> -32
B54: 1111071 | C54: ชิฟฟอนแยกชิ้น ตาล | D54: =เย็น!D54+เช้า!D54 -> 30 | E54: =เย็น!E54+เช้า!E54 -> 2 | F54: =เย็น!F54+เช้า!F54 -> 0 | G54: =เย็น!G54+เช้า!G54 -> 0 | H54: =เย็น!H54+เช้า!H54 -> 0 | I54: =เย็น!I54+เช้า!I54 -> 0 | J54: =เย็น!J54+เช้า!J54 -> 0 | K54: =SUM(D54:J54) -> 32 | P54: =(L54+M54+N54+O54)-K54 -> -32
B55: 1111001 | C55: ชิฟฟอนแยกชิ้น คละรส | E55: =เย็น!E55+เช้า!E55 -> 0 | F55: =เย็น!F55+เช้า!F55 -> 0 | G55: =เย็น!G55+เช้า!G55 -> 0 | H55: =เย็น!H55+เช้า!H55 -> 0 | I55: =เย็น!I55+เช้า!I55 -> 0 | J55: =เย็น!J55+เช้า!J55 -> 0 | K55: =SUM(D55:J55) -> 0 | P55: =(L55+M55+N55+O55)-K55 -> 0
B56: 1111074 | C56: ชิฟฟอนไส้แยมแยกชิ้น มะพร้าว | D56: =เย็น!D56+เช้า!D56 -> 10 | E56: =เย็น!E56+เช้า!E56 -> 28 | F56: =เย็น!F56+เช้า!F56 -> 2 | G56: =เย็น!G56+เช้า!G56 -> 3 | H56: =เย็น!H56+เช้า!H56 -> 3 | I56: =เย็น!I56+เช้า!I56 -> 0 | J56: =เย็น!J56+เช้า!J56 -> 0 | K56: =SUM(D56:J56) -> 46 | M56: 10 | P56: =(L56+M56+N56+O56)-K56 -> -36
B57: 1111075 | C57: ชิฟฟอนไส้แยมแยกชิ้น สตอเบอรี่ | D57: =เย็น!D57+เช้า!D57 -> 10 | E57: =เย็น!E57+เช้า!E57 -> 28 | F57: =เย็น!F57+เช้า!F57 -> 2 | G57: =เย็น!G57+เช้า!G57 -> 3 | H57: =เย็น!H57+เช้า!H57 -> 3 | I57: =เย็น!I57+เช้า!I57 -> 0 | J57: =เย็น!J57+เช้า!J57 -> 0 | K57: =SUM(D57:J57) -> 46 | M57: 10 | P57: =(L57+M57+N57+O57)-K57 -> -36
B58: 1111076 | C58: ชิฟฟอนไส้แยมแยกชิ้น ส้ม | D58: =เย็น!D58+เช้า!D58 -> 10 | E58: =เย็น!E58+เช้า!E58 -> 28 | F58: =เย็น!F58+เช้า!F58 -> 2 | G58: =เย็น!G58+เช้า!G58 -> 3 | H58: =เย็น!H58+เช้า!H58 -> 3 | I58: =เย็น!I58+เช้า!I58 -> 0 | J58: =เย็น!J58+เช้า!J58 -> 0 | K58: =SUM(D58:J58) -> 46 | M58: 10 | P58: =(L58+M58+N58+O58)-K58 -> -36
B59: 1111077 | C59: ชิฟฟอนไส้แยมแยกชิ้น บลูเบอรี่ | D59: =เย็น!D59+เช้า!D59 -> 10 | E59: =เย็น!E59+เช้า!E59 -> 28 | F59: =เย็น!F59+เช้า!F59 -> 2 | G59: =เย็น!G59+เช้า!G59 -> 3 | H59: =เย็น!H59+เช้า!H59 -> 3 | I59: =เย็น!I59+เช้า!I59 -> 0 | J59: =เย็น!J59+เช้า!J59 -> 0 | K59: =SUM(D59:J59) -> 46 | M59: 10 | P59: =(L59+M59+N59+O59)-K59 -> -36
B60: 1111078 | C60: ชิฟฟอนไส้แยมแยกชิ้น นมชมพู | D60: =เย็น!D60+เช้า!D60 -> 10 | E60: =เย็น!E60+เช้า!E60 -> 28 | F60: =เย็น!F60+เช้า!F60 -> 2 | G60: =เย็น!G60+เช้า!G60 -> 3 | H60: =เย็น!H60+เช้า!H60 -> 3 | I60: =เย็น!I60+เช้า!I60 -> 0 | J60: =เย็น!J60+เช้า!J60 -> 0 | K60: =SUM(D60:J60) -> 46 | M60: 10 | P60: =(L60+M60+N60+O60)-K60 -> -36
B61: 1111079 | C61: ชิฟฟอนไส้แยมแยกชิ้น ชอคโกแลต | D61: =เย็น!D61+เช้า!D61 -> 10 | E61: =เย็น!E61+เช้า!E61 -> 28 | F61: =เย็น!F61+เช้า!F61 -> 2 | G61: =เย็น!G61+เช้า!G61 -> 2 | H61: =เย็น!H61+เช้า!H61 -> 2 | I61: =เย็น!I61+เช้า!I61 -> 0 | J61: =เย็น!J61+เช้า!J61 -> 0 | K61: =SUM(D61:J61) -> 44 | M61: 10 | P61: =(L61+M61+N61+O61)-K61 -> -34
B62: 1111080 | C62: ชิฟฟอนไส้แยมแยกชิ้น ฝอยทอง | D62: =เย็น!D62+เช้า!D62 -> 10 | E62: =เย็น!E62+เช้า!E62 -> 28 | F62: =เย็น!F62+เช้า!F62 -> 2 | G62: =เย็น!G62+เช้า!G62 -> 2 | H62: =เย็น!H62+เช้า!H62 -> 2 | I62: =เย็น!I62+เช้า!I62 -> 0 | J62: =เย็น!J62+เช้า!J62 -> 0 | K62: =SUM(D62:J62) -> 44 | M62: 10 | P62: =(L62+M62+N62+O62)-K62 -> -34
B63: 1111081 | C63: ชิฟฟอนไส้แยมแยกชิ้น วนิลา | D63: =เย็น!D63+เช้า!D63 -> 10 | E63: =เย็น!E63+เช้า!E63 -> 18 | F63: =เย็น!F63+เช้า!F63 -> 2 | G63: =เย็น!G63+เช้า!G63 -> 2 | H63: =เย็น!H63+เช้า!H63 -> 2 | I63: =เย็น!I63+เช้า!I63 -> 0 | J63: =เย็น!J63+เช้า!J63 -> 0 | K63: =SUM(D63:J63) -> 34 | M63: 10 | P63: =(L63+M63+N63+O63)-K63 -> -24
B64: 1111082 | C64: ชิฟฟอนไส้แยมแยกชิ้น ใบเตย | D64: =เย็น!D64+เช้า!D64 -> 10 | E64: =เย็น!E64+เช้า!E64 -> 28 | F64: =เย็น!F64+เช้า!F64 -> 2 | G64: =เย็น!G64+เช้า!G64 -> 2 | H64: =เย็น!H64+เช้า!H64 -> 2 | I64: =เย็น!I64+เช้า!I64 -> 0 | J64: =เย็น!J64+เช้า!J64 -> 0 | K64: =SUM(D64:J64) -> 44 | M64: 10 | P64: =(L64+M64+N64+O64)-K64 -> -34
B65: 1111083 | C65: ชิฟฟอนไส้แยมแยกชิ้น เมล่อน | D65: =เย็น!D65+เช้า!D65 -> 10 | E65: =เย็น!E65+เช้า!E65 -> 18 | F65: =เย็น!F65+เช้า!F65 -> 2 | G65: =เย็น!G65+เช้า!G65 -> 2 | H65: =เย็น!H65+เช้า!H65 -> 2 | I65: =เย็น!I65+เช้า!I65 -> 0 | J65: =เย็น!J65+เช้า!J65 -> 0 | K65: =SUM(D65:J65) -> 34 | M65: 10 | P65: =(L65+M65+N65+O65)-K65 -> -24
B66: 1111010 | C66: ชิฟฟอนไส้แยมแยกชิ้น คละรส | D66: =เย็น!D66+เช้า!D66 -> 0 | E66: =เย็น!E66+เช้า!E66 -> 0 | F66: =เย็น!F66+เช้า!F66 -> 0 | G66: =เย็น!G66+เช้า!G66 -> 0 | H66: =เย็น!H66+เช้า!H66 -> 0 | I66: =เย็น!I66+เช้า!I66 -> 0 | J66: =เย็น!J66+เช้า!J66 -> 0 | K66: =SUM(D66:J66) -> 0 | P66: =(L66+M66+N66+O66)-K66 -> 0
C67: รวม | K67: =SUM(D67:J67) -> 0 | P67: =(L67+M67+N67+O67)-K67 -> 0
B68: ชิฟฟอนไส้แยม 6 ชิ้น
B69: 1111009 | C69: ชิฟฟอนไส้แยมรวมรส 6 ชิ้น | D69: =เย็น!D69+เช้า!D69 -> 0 | E69: =เย็น!E69+เช้า!E69 -> 0 | F69: =เย็น!F69+เช้า!F69 -> 4 | G69: =เย็น!G69+เช้า!G69 -> 2 | H69: =เย็น!H69+เช้า!H69 -> 0 | I69: =เย็น!I69+เช้า!I69 -> 0 | J69: =เย็น!J69+เช้า!J69 -> 2 | K69: =SUM(D69:J69) -> 8 | L69: 2 | M69: 20 | P69: =(L69+M69+N69+O69)-K69 -> 14
B70: 1111023 | C70: ชิฟฟอนไส้แยมรสสตอเบอร์รี่ล้วน 6 ชิ้น | D70: =เย็น!D70+เช้า!D70 -> 0 | E70: =เย็น!E70+เช้า!E70 -> 0 | F70: =เย็น!F70+เช้า!F70 -> 0 | G70: =เย็น!G70+เช้า!G70 -> 0 | H70: =เย็น!H70+เช้า!H70 -> 0 | I70: =เย็น!I70+เช้า!I70 -> 0 | J70: =เย็น!J70+เช้า!J70 -> 0 | K70: =SUM(D70:J70) -> 0 | P70: =(L70+M70+N70+O70)-K70 -> 0
B71: 1111016 | C71: ชิฟฟอนไส้แยมรสมะพร้าวล้วน 6 ชิ้น | D71: =เย็น!D71+เช้า!D71 -> 0 | E71: =เย็น!E71+เช้า!E71 -> 0 | F71: =เย็น!F71+เช้า!F71 -> 0 | G71: =เย็น!G71+เช้า!G71 -> 0 | H71: =เย็น!H71+เช้า!H71 -> 0 | I71: =เย็น!I71+เช้า!I71 -> 0 | J71: =เย็น!J71+เช้า!J71 -> 0 | K71: =SUM(D71:J71) -> 0 | P71: =(L71+M71+N71+O71)-K71 -> 0
B72: 1111014 | C72: ชิฟฟอนไส้แยมรสช็อกโกแลตนูเทลล่าล้วน 6 ชิ้น | D72: =เย็น!D72+เช้า!D72 -> 0 | E72: =เย็น!E72+เช้า!E72 -> 0 | F72: =เย็น!F72+เช้า!F72 -> 0 | G72: =เย็น!G72+เช้า!G72 -> 0 | H72: =เย็น!H72+เช้า!H72 -> 0 | I72: =เย็น!I72+เช้า!I72 -> 0 | J72: =เย็น!J72+เช้า!J72 -> 0 | K72: =SUM(D72:J72) -> 0 | P72: =(L72+M72+N72+O72)-K72 -> 0
B73: 1111025 | C73: ชิฟฟอนไส้แยมรสส้มล้วน 6 ชิ้น | D73: =เย็น!D73+เช้า!D73 -> 0 | E73: =เย็น!E73+เช้า!E73 -> 0 | F73: =เย็น!F73+เช้า!F73 -> 0 | G73: =เย็น!G73+เช้า!G73 -> 0 | H73: =เย็น!H73+เช้า!H73 -> 0 | I73: =เย็น!I73+เช้า!I73 -> 0 | J73: =เย็น!J73+เช้า!J73 -> 0 | K73: =SUM(D73:J73) -> 0 | P73: =(L73+M73+N73+O73)-K73 -> 0
B74: 1111018 | C74: ชิฟฟอนไส้แยมรสบลูเบอร์รี่ล้วน 6 ชิ้น | D74: =เย็น!D74+เช้า!D74 -> 0 | E74: =เย็น!E74+เช้า!E74 -> 0 | F74: =เย็น!F74+เช้า!F74 -> 0 | G74: =เย็น!G74+เช้า!G74 -> 0 | H74: =เย็น!H74+เช้า!H74 -> 0 | I74: =เย็น!I74+เช้า!I74 -> 0 | J74: =เย็น!J74+เช้า!J74 -> 0 | K74: =SUM(D74:J74) -> 0 | P74: =(L74+M74+N74+O74)-K74 -> 0
B75: 1111012 | C75: ชิฟฟอนไส้แยมรสนมชมพูฮอกไกโดล้วน 6 ชิ้น | D75: =เย็น!D75+เช้า!D75 -> 0 | E75: =เย็น!E75+เช้า!E75 -> 0 | F75: =เย็น!F75+เช้า!F75 -> 0 | G75: =เย็น!G75+เช้า!G75 -> 0 | H75: =เย็น!H75+เช้า!H75 -> 0 | I75: =เย็น!I75+เช้า!I75 -> 0 | J75: =เย็น!J75+เช้า!J75 -> 0 | K75: =SUM(D75:J75) -> 0 | P75: =(L75+M75+N75+O75)-K75 -> 0
B76: 1111020 | C76: ชิฟฟอนไส้แยมฝอยทองไส้ทะลัก 6 ชิ้น | D76: =เย็น!D76+เช้า!D76 -> 0 | E76: =เย็น!E76+เช้า!E76 -> 0 | F76: =เย็น!F76+เช้า!F76 -> 0 | G76: =เย็น!G76+เช้า!G76 -> 0 | H76: =เย็น!H76+เช้า!H76 -> 0 | I76: =เย็น!I76+เช้า!I76 -> 0 | J76: =เย็น!J76+เช้า!J76 -> 0 | K76: =SUM(D76:J76) -> 0 | P76: =(L76+M76+N76+O76)-K76 -> 0
C77: รวม | D77: =เย็น!D77+เช้า!D77 -> 0 | E77: =เย็น!E77+เช้า!E77 -> 0 | F77: =เย็น!F77+เช้า!F77 -> 0 | G77: =เย็น!G77+เช้า!G77 -> 0 | H77: =เย็น!H77+เช้า!H77 -> 0 | I77: =เย็น!I77+เช้า!I77 -> 0 | J77: =เย็น!J77+เช้า!J77 -> 0 | P77: =(L77+M77+N77+O77)-K77 -> 0
B78: ชิฟฟอนไส้แยม 3 ชิ้น
B79: 1111022 | C79: ชิฟฟอนไส้แยมรสสตอเบอร์รี่ล้วน 3 ชิ้น | D79: =เย็น!D79+เช้า!D79 -> 0 | E79: =เย็น!E79+เช้า!E79 -> 1 | F79: =เย็น!F79+เช้า!F79 -> 0 | G79: =เย็น!G79+เช้า!G79 -> 0 | H79: =เย็น!H79+เช้า!H79 -> 0 | I79: =เย็น!I79+เช้า!I79 -> 0 | J79: =เย็น!J79+เช้า!J79 -> 0 | K79: =SUM(D79:J79) -> 1 | P79: =(L79+M79+N79+O79)-K79 -> -1
B80: 1111015 | C80: ชิฟฟอนไส้แยมรสมะพร้าวล้วน 3 ชิ้น | D80: =เย็น!D80+เช้า!D80 -> 0 | E80: =เย็น!E80+เช้า!E80 -> 0 | F80: =เย็น!F80+เช้า!F80 -> 0 | G80: =เย็น!G80+เช้า!G80 -> 0 | H80: =เย็น!H80+เช้า!H80 -> 0 | I80: =เย็น!I80+เช้า!I80 -> 0 | J80: =เย็น!J80+เช้า!J80 -> 0 | K80: =SUM(D80:J80) -> 0 | P80: =(L80+M80+N80+O80)-K80 -> 0
B81: 1111013 | C81: ชิฟฟอนไส้แยมรสช็อกโกแลตนูเทลล่าล้วน 3 ชิ้น | D81: =เย็น!D81+เช้า!D81 -> 0 | E81: =เย็น!E81+เช้า!E81 -> 0 | F81: =เย็น!F81+เช้า!F81 -> 0 | G81: =เย็น!G81+เช้า!G81 -> 0 | H81: =เย็น!H81+เช้า!H81 -> 0 | I81: =เย็น!I81+เช้า!I81 -> 0 | J81: =เย็น!J81+เช้า!J81 -> 0 | K81: =SUM(D81:J81) -> 0 | P81: =(L81+M81+N81+O81)-K81 -> 0
B82: 1111024 | C82: ชิฟฟอนไส้แยมรสส้มล้วน 3 ชิ้น | D82: =เย็น!D82+เช้า!D82 -> 0 | E82: =เย็น!E82+เช้า!E82 -> 0 | F82: =เย็น!F82+เช้า!F82 -> 0 | G82: =เย็น!G82+เช้า!G82 -> 0 | H82: =เย็น!H82+เช้า!H82 -> 0 | I82: =เย็น!I82+เช้า!I82 -> 0 | J82: =เย็น!J82+เช้า!J82 -> 0 | K82: =SUM(D82:J82) -> 0 | P82: =(L82+M82+N82+O82)-K82 -> 0
B83: 1111017 | C83: ชิฟฟอนไส้แยมรสบลูเบอร์รี่ล้วน 3 ชิ้น | D83: =เย็น!D83+เช้า!D83 -> 0 | E83: =เย็น!E83+เช้า!E83 -> 0 | F83: =เย็น!F83+เช้า!F83 -> 0 | G83: =เย็น!G83+เช้า!G83 -> 0 | H83: =เย็น!H83+เช้า!H83 -> 0 | I83: =เย็น!I83+เช้า!I83 -> 0 | J83: =เย็น!J83+เช้า!J83 -> 0 | K83: =SUM(D83:J83) -> 0 | P83: =(L83+M83+N83+O83)-K83 -> 0
B84: 1111011 | C84: ชิฟฟอนไส้แยมรสนมชมพูฮอกไกโดล้วน 3 ชิ้น | D84: =เย็น!D84+เช้า!D84 -> 0 | E84: =เย็น!E84+เช้า!E84 -> 0 | F84: =เย็น!F84+เช้า!F84 -> 0 | G84: =เย็น!G84+เช้า!G84 -> 0 | H84: =เย็น!H84+เช้า!H84 -> 0 | I84: =เย็น!I84+เช้า!I84 -> 0 | J84: =เย็น!J84+เช้า!J84 -> 0 | K84: =SUM(D84:J84) -> 0 | P84: =(L84+M84+N84+O84)-K84 -> 0
B85: 1111019 | C85: ชิฟฟอนไส้แยมฝอยทองไส้ทะลัก 3 ชิ้น | D85: =เย็น!D85+เช้า!D85 -> 0 | E85: =เย็น!E85+เช้า!E85 -> 0 | F85: =เย็น!F85+เช้า!F85 -> 0 | G85: =เย็น!G85+เช้า!G85 -> 0 | H85: =เย็น!H85+เช้า!H85 -> 0 | I85: =เย็น!I85+เช้า!I85 -> 0 | J85: =เย็น!J85+เช้า!J85 -> 0 | K85: =SUM(D85:J85) -> 0 | P85: =(L85+M85+N85+O85)-K85 -> 0
B86: 1113081 | C86: ชิฟฟอนไส้แยม วนิลา/ใบเตย/เมล่อน | D86: =เย็น!D86+เช้า!D86 -> 0 | E86: =เย็น!E86+เช้า!E86 -> 0 | F86: =เย็น!F86+เช้า!F86 -> 0 | G86: =เย็น!G86+เช้า!G86 -> 0 | H86: =เย็น!H86+เช้า!H86 -> 0 | I86: =เย็น!I86+เช้า!I86 -> 0 | J86: =เย็น!J86+เช้า!J86 -> 0 | K86: =SUM(D86:J86) -> 0 | P86: =(L86+M86+N86+O86)-K86 -> 0
B87: 1111008 | C87: ชิฟฟอนไส้แยมรวมรส 3 ชิ้น | D87: =เย็น!D87+เช้า!D87 -> 6 | E87: =เย็น!E87+เช้า!E87 -> 12 | F87: =เย็น!F87+เช้า!F87 -> 0 | G87: =เย็น!G87+เช้า!G87 -> 113 | H87: =เย็น!H87+เช้า!H87 -> 129 | I87: =เย็น!I87+เช้า!I87 -> 0 | J87: =เย็น!J87+เช้า!J87 -> 0 | K87: =SUM(D87:J87) -> 260 | L87: 139 | M87: 100 | P87: =(L87+M87+N87+O87)-K87 -> -21
C88: รวม | K88: =SUM(D88:J88) -> 0 | P88: =(L88+M88+N88+O88)-K88 -> 0
B89: เบาหวิว ล 110 กรัม
B90: 1112009 | C90: มะพร้าว | D90: =เย็น!D90+เช้า!D90 -> 11 | E90: =เย็น!E90+เช้า!E90 -> 8 | F90: =เย็น!F90+เช้า!F90 -> 15 | G90: =เย็น!G90+เช้า!G90 -> 38 | H90: =เย็น!H90+เช้า!H90 -> 35 | I90: =เย็น!I90+เช้า!I90 -> 0 | J90: =เย็น!J90+เช้า!J90 -> 1 | K90: =SUM(D90:J90) -> 108 | L90: 1 | M90: 50 | P90: =(L90+M90+N90+O90)-K90 -> -57
B91: 1112011 | C91: ฝอยทอง | D91: =เย็น!D91+เช้า!D91 -> 13 | E91: =เย็น!E91+เช้า!E91 -> 9 | F91: =เย็น!F91+เช้า!F91 -> 37 | G91: =เย็น!G91+เช้า!G91 -> 63 | H91: =เย็น!H91+เช้า!H91 -> 60 | I91: =เย็น!I91+เช้า!I91 -> 0 | J91: =เย็น!J91+เช้า!J91 -> 0 | K91: =SUM(D91:J91) -> 182 | L91: 3 | M91: 60 | P91: =(L91+M91+N91+O91)-K91 -> -119
B92: 1112003 | C92: กาแฟ | D92: =เย็น!D92+เช้า!D92 -> 1 | E92: =เย็น!E92+เช้า!E92 -> 0 | F92: =เย็น!F92+เช้า!F92 -> 0 | G92: =เย็น!G92+เช้า!G92 -> 0 | H92: =เย็น!H92+เช้า!H92 -> 0 | I92: =เย็น!I92+เช้า!I92 -> 0 | J92: =เย็น!J92+เช้า!J92 -> 0 | K92: =SUM(D92:J92) -> 1 | L92: 1 | M92: 10 | P92: =(L92+M92+N92+O92)-K92 -> 10
B93: 1112005 | C93: เนยนม | D93: =เย็น!D93+เช้า!D93 -> 5 | E93: =เย็น!E93+เช้า!E93 -> 0 | F93: =เย็น!F93+เช้า!F93 -> 0 | G93: =เย็น!G93+เช้า!G93 -> 0 | H93: =เย็น!H93+เช้า!H93 -> 0 | I93: =เย็น!I93+เช้า!I93 -> 0 | J93: =เย็น!J93+เช้า!J93 -> 0 | K93: =SUM(D93:J93) -> 5 | L93: 4 | M93: 10 | P93: =(L93+M93+N93+O93)-K93 -> 9
B94: 1112007 | C94: ใบเตย | D94: =เย็น!D94+เช้า!D94 -> 0 | E94: =เย็น!E94+เช้า!E94 -> 0 | F94: =เย็น!F94+เช้า!F94 -> 0 | G94: =เย็น!G94+เช้า!G94 -> 0 | H94: =เย็น!H94+เช้า!H94 -> 0 | I94: =เย็น!I94+เช้า!I94 -> 0 | J94: =เย็น!J94+เช้า!J94 -> 0 | K94: =SUM(D94:J94) -> 0 | P94: =(L94+M94+N94+O94)-K94 -> 0
B95: 1112019 | C95: ทุเรียน | D95: =เย็น!D95+เช้า!D95 -> 0 | E95: =เย็น!E95+เช้า!E95 -> 0 | F95: =เย็น!F95+เช้า!F95 -> 0 | G95: =เย็น!G95+เช้า!G95 -> 0 | H95: =เย็น!H95+เช้า!H95 -> 0 | I95: =เย็น!I95+เช้า!I95 -> 0 | J95: =เย็น!J95+เช้า!J95 -> 0 | K95: =SUM(D95:J95) -> 0 | P95: =(L95+M95+N95+O95)-K95 -> 0
B96: 1112017 | C96: ตาลหอม | D96: =เย็น!D96+เช้า!D96 -> 1 | E96: =เย็น!E96+เช้า!E96 -> 0 | F96: =เย็น!F96+เช้า!F96 -> 2 | G96: =เย็น!G96+เช้า!G96 -> 25 | H96: =เย็น!H96+เช้า!H96 -> 25 | I96: =เย็น!I96+เช้า!I96 -> 0 | J96: =เย็น!J96+เช้า!J96 -> 0 | K96: =SUM(D96:J96) -> 53 | M96: 10 | P96: =(L96+M96+N96+O96)-K96 -> -43
B97: 1112015 | C97: กล้วยหอมมะพร้าวเผา | D97: =เย็น!D97+เช้า!D97 -> 0 | E97: =เย็น!E97+เช้า!E97 -> 0 | F97: =เย็น!F97+เช้า!F97 -> 0 | G97: =เย็น!G97+เช้า!G97 -> 0 | H97: =เย็น!H97+เช้า!H97 -> 0 | I97: =เย็น!I97+เช้า!I97 -> 0 | J97: =เย็น!J97+เช้า!J97 -> 0 | K97: =SUM(D97:J97) -> 0 | L97: 32 | M97: 50 | P97: =(L97+M97+N97+O97)-K97 -> 82
B98: 1112013 | C98: เผือกมะพร้าวอ่อน | D98: =เย็น!D98+เช้า!D98 -> 11 | E98: =เย็น!E98+เช้า!E98 -> 8 | F98: =เย็น!F98+เช้า!F98 -> 15 | G98: =เย็น!G98+เช้า!G98 -> 61 | H98: =เย็น!H98+เช้า!H98 -> 60 | I98: =เย็น!I98+เช้า!I98 -> 0 | J98: =เย็น!J98+เช้า!J98 -> 2 | K98: =SUM(D98:J98) -> 157 | L98: 34 | M98: 10 | P98: =(L98+M98+N98+O98)-K98 -> -113
B99: 1124043 | C99: เบาหวิว คละรส | D99: =เย็น!D99+เช้า!D99 -> 0 | E99: =เย็น!E99+เช้า!E99 -> 0 | F99: =เย็น!F99+เช้า!F99 -> 0 | G99: =เย็น!G99+เช้า!G99 -> 0 | H99: =เย็น!H99+เช้า!H99 -> 0 | I99: =เย็น!I99+เช้า!I99 -> 0 | J99: =เย็น!J99+เช้า!J99 -> 0 | K99: =SUM(D99:J99) -> 0 | P99: =(L99+M99+N99+O99)-K99 -> 0
C100: รวม | K100: =SUM(K90:K99) -> 506 | L100: =SUM(L91:L99) -> 74 | M100: =SUM(M91:M99) -> 150 | P100: =SUM(P90:P99) -> -231
B101: เบาหวิว ญ 300 กรัม
B102: 1112008 | C102: มะพร้าว | D102: =เช้า!D102+เย็น!D102 -> 0 | E102: =เช้า!E102+เย็น!E102 -> 0 | F102: =เช้า!F102+เย็น!F102 -> 0 | G102: =เช้า!G102+เย็น!G102 -> 0 | H102: =เช้า!H102+เย็น!H102 -> 0 | I102: =เช้า!I102+เย็น!I102 -> 0 | J102: =เช้า!J102+เย็น!J102 -> 0 | K102: =SUM(D102:J102) -> 0 | P102: =(L102+M102+N102+O102)-K102 -> 0
B103: 1112010 | C103: ฝอยทอง | D103: =เช้า!D103+เย็น!D103 -> 0 | E103: =เช้า!E103+เย็น!E103 -> 0 | F103: =เช้า!F103+เย็น!F103 -> 0 | G103: =เช้า!G103+เย็น!G103 -> 0 | H103: =เช้า!H103+เย็น!H103 -> 0 | I103: =เช้า!I103+เย็น!I103 -> 0 | J103: =เช้า!J103+เย็น!J103 -> 0 | K103: =SUM(D103:J103) -> 0 | P103: =(L103+M103+N103+O103)-K103 -> 0
B104: 1112002 | C104: กาแฟ | D104: =เช้า!D104+เย็น!D104 -> 0 | E104: =เช้า!E104+เย็น!E104 -> 0 | F104: =เช้า!F104+เย็น!F104 -> 0 | G104: =เช้า!G104+เย็น!G104 -> 0 | H104: =เช้า!H104+เย็น!H104 -> 0 | I104: =เช้า!I104+เย็น!I104 -> 0 | J104: =เช้า!J104+เย็น!J104 -> 0 | K104: =SUM(D104:J104) -> 0 | P104: =(L104+M104+N104+O104)-K104 -> 0
...
