Workbook

Sheet เย็น 102
B1: ยอดจริง ออนไลน์ วันที่ 25/10/2567 - เย็น
K2: ยอดรวมผลิต
K3: จำนวน
B4: รหัสสินค้า | C4: สินค้า | D4: ปณ | E4: ชอปปี้ | F4: ลาซาด้า | G4: ติ๊กตอก | H4: ติ๊กตอก 2 | I4: ติ๊กตอก3 | J4: ชอยส์ | K4: (กล่อง)
B6: ชิฟฟอนรวมรส
B7: 1111002 | C7: ชิฟฟอนรวมรส 8 ชิ้น | K7: =SUM(D7:J7) -> 0
C8: ชิฟฟอนแบบกล่องสุ่มอะไรก็ได้ที่มี | K8: =SUM(D8:J8) -> 0
B9: 1111084 | C9: ชิฟฟอน 8 ชิ้น กาแฟล้วน | K9: =SUM(D9:J9) -> 0
B10: 1111085 | C10: ชิฟฟอน 8 ชิ้น บลูเบอรี่ล้วน | K10: =SUM(D10:J10) -> 0
B11: 1111086 | C11: ชิฟฟอน 8 ชิ้น มะพร้าวล้วน | K11: =SUM(D11:J11) -> 0
B12: 1111087 | C12: ชิฟฟอน 8 ชิ้น สตอเบอรี่ล้วน | K12: =SUM(D12:J12) -> 0
B13: 1111088 | C13: ชิฟฟอน 8 ชิ้น ส้มล้วน | K13: =SUM(D13:J13) -> 0
B14: 1111089 | C14: ชิฟฟอน 8 ชิ้น เนยล้วน | K14: =SUM(D14:J14) -> 0
B15: 1111090 | C15: ชิฟฟอน 8 ชิ้น เผือกล้วน | K15: =SUM(D15:J15) -> 0
B16: 1111091 | C16: ชิฟฟอน 8 ชิ้น ใบเตยล้วน | K16: =SUM(D16:J16) -> 0
B17: 1111092 | C17: ชิฟฟอน 8 ชิ้น กล้วยหอม | K17: =SUM(D17:J17) -> 0
B18: 1111093 | C18: ชิฟฟอน 8 ชิ้น โกโก้ล้วน | K18: =SUM(D18:J18) -> 0
B19: 1111094 | C19: ชิฟฟอน 8 ชิ้น ชาไทยล้วน | K19: =SUM(D19:J19) -> 0
B20: 1111095 | C20: ชิฟฟอน 8 ชิ้น ชาเขียวล้วน | K20: =SUM(D20:J20) -> 0
... B66: 1111010 | C66: ชิฟฟอนไส้แยมแยกชิ้น คละรส | K66: =SUM(D66:J66) -> 0
C67: รวม
B68: ชิฟฟอนไส้แยม 6 ชิ้น
B69: 1111009 | C69: ชิฟฟอนไส้แยมรวมรส 6 ชิ้น | K69: =SUM(D69:J69) -> 0
B70: 1111023 | C70: ชิฟฟอนไส้แยมรสสตอเบอร์รี่ล้วน 6 ชิ้น | K70: =SUM(D70:J70) -> 0
B71: 1111016 | C71: ชิฟฟอนไส้แยมรสมะพร้าวล้วน 6 ชิ้น | K71: =SUM(D71:J71) -> 0
B72: 1111014 | C72: ชิฟฟอนไส้แยมรสช็อกโกแลตนูเทลล่าล้วน 6 ชิ้น | K72: =SUM(D72:J72) -> 0
B73: 1111025 | C73: ชิฟฟอนไส้แยมรสส้มล้วน 6 ชิ้น | K73: =SUM(D73:J73) -> 0
B74: 1111018 | C74: ชิฟฟอนไส้แยมรสบลูเบอร์รี่ล้วน 6 ชิ้น | K74: =SUM(D74:J74) -> 0
B75: 1111012 | C75: ชิฟฟอนไส้แยมรสนมชมพูฮอกไกโดล้วน 6 ชิ้น | K75: =SUM(D75:J75) -> 0
B76: 1111020 | C76: ชิฟฟอนไส้แยมฝอยทองไส้ทะลัก 6 ชิ้น | K76: =SUM(D76:J76) -> 0
C77: รวม
B78: ชิฟฟอนไส้แยม 3 ชิ้น
B79: 1111022 | C79: ชิฟฟอนไส้แยมรสสตอเบอร์รี่ล้วน 3 ชิ้น | K79: =SUM(D79:J79) -> 0
B80: 1111015 | C80: ชิฟฟอนไส้แยมรสมะพร้าวล้วน 3 ชิ้น | K80: =SUM(D80:J80) -> 0
B81: 1111013 | C81: ชิฟฟอนไส้แยมรสช็อกโกแลตนูเทลล่าล้วน 3 ชิ้น | K81: =SUM(D81:J81) -> 0
B82: 1111024 | C82: ชิฟฟอนไส้แยมรสส้มล้วน 3 ชิ้น | K82: =SUM(D82:J82) -> 0
B83: 1111017 | C83: ชิฟฟอนไส้แยมรสบลูเบอร์รี่ล้วน 3 ชิ้น | K83: =SUM(D83:J83) -> 0
B84: 1111011 | C84: ชิฟฟอนไส้แยมรสนมชมพูฮอกไกโดล้วน 3 ชิ้น | K84: =SUM(D84:J84) -> 0
B85: 1111019 | C85: ชิฟฟอนไส้แยมฝอยทองไส้ทะลัก 3 ชิ้น | K85: =SUM(D85:J85) -> 0
B86: 1113081 | C86: ชิฟฟอนไส้แยม วนิลา/ใบเตย/เมล่อน | K86: =SUM(D86:J86) -> 0
B87: 1111008 | C87: ชิฟฟอนไส้แยมรวมรส 3 ชิ้น | K87: =SUM(D87:J87) -> 0
C88: รวม
B89: เบาหวิว ล 110 กรัม
B90: 1112009 | C90: มะพร้าว | K90: =SUM(D90:J90) -> 0
B91: 1112011 | C91: ฝอยทอง | K91: =SUM(D91:J91) -> 0
B92: 1112003 | C92: กาแฟ | K92: =SUM(D92:J92) -> 0
B93: 1112005 | C93: เนยนม | K93: =SUM(D93:J93) -> 0
B94: 1112007 | C94: ใบเตย | K94: =SUM(D94:J94) -> 0
B95: 1112019 | C95: ทุเรียน | K95: =SUM(D95:J95) -> 0
B96: 1112017 | C96: ตาลหอม | K96: =SUM(D96:J96) -> 0
B97: 1112015 | C97: กล้วยหอมมะพร้าวเผา | K97: =SUM(D97:J97) -> 0
B98: 1112013 | C98: เผือกมะพร้าวอ่อน | K98: =SUM(D98:J98) -> 0
B99: 1124043 | C99: เบาหวิว คละรส | K99: =SUM(D99:J99) -> 0
C100: รวม | K100: =SUM(D100:I100) -> 0
B101: เบาหวิว ญ 300 กรัม
B102: 1112008 | C102: มะพร้าว | K102: =SUM(D102:G102) -> 0
B103: 1112010 | C103: ฝอยทอง | K103: =SUM(D103:G103) -> 0
B104: 1112002 | C104: กาแฟ | K104: =SUM(D104:G104) -> 0
B105: 1112004 | C105: เนยนม | K105: =SUM(D105:G105) -> 0
B106: 1112006 | C106: ใบเตย | K106: =SUM(D106:G106) -> 0
B107: 1112018 | C107: ทุเรียน | K107: =SUM(D107:G107) -> 0
B108: 1112016 | C108: ตาลหอม | K108: =SUM(D108:G108) -> 0
B109: 1112014 | C109: กล้วยหอมมะพร้าวเผา | K109: =SUM(D109:G109) -> 0
B110: 1112012 | C110: เผือกมะพร้าวอ่อน | K110: =SUM(D110:G110) -> 0
C111: เบาหวิว คละรส | K111: =SUM(D111:G111) -> 0
C112: รวม | K112: =SUM(K102:K110) -> 0
B113: อื่นๆ
B114: 1113170 | C114: ขนมเปี๊ยะถั่วฝอยทองไข่เค็ม 450 กรัม | K114: =SUM(D114:J114) -> 0
B115: 1113171 | C115: ขนมเปี๊ยะฟักถั่วไข่เค็ม 450 กรัม | K115: =SUM(D115:J115) -> 0
B116: 1113172 | C116: ขนมเปี๊ยะเผือกฝอยทองไข่เค็ม 450 กรัม | K116: =SUM(D116:J116) -> 0
B117: 1113173 | C117: ขนมเปี๊ยะงาดำฝอยทองไข่เค็ม 450 กรัม | K117: =SUM(D117:J117) -> 0
B118: 1100003 | C118: เมอแรงค์ กระปุก | K118: =SUM(D118:J118) -> 0
B119: 1100001 | C119: พายสับปรด 1 ชิ้น | K119: =SUM(D119:J119) -> 0
B120: 1100002 | C120: พายสับปรด 1 กล่อง | K120: =SUM(D120:J120) -> 0
B121: 1200001 | C121: คอนเฟลค | K121: =SUM(D121:J121) -> 0
B122: 1005761 | C122: ปังกรอบคาราเมล(ถุง) | K122: =SUM(D122:J122) -> 0
B123: 1114501 | C123: ครีมฮอร์นไส้เนย วนิลา | K123: =SUM(D123:J123) -> 0
B124: 1114502 | C124: ครีมฮอร์นไส้เนย ใบเตย | K124: =SUM(D124:J124) -> 0
B125: 1114503 | C125: ครีมฮอร์นไส้เนย ชอค | K125: =SUM(D125:J125) -> 0
... B128: 1113177 | C128: ครีมฮอร์นไส้เนย โอรีโอ้ | K128: =SUM(D128:J128) -> 0
C129: ครีมฮอร์นไส้เนย คละรสทั้งฝอยไม่ฝอย | K129: =SUM(D129:J129) -> 0
B130: 1124021 | C130: ขนมปังหั่นสไลด์ | K130: =SUM(D130:J130) -> 0
B131: 1113084 | C131: ปังเนยนิ่ม กล่อง 2 ชิ้น | K131: =SUM(D131:J131) -> 0
B132: 900003 | C132: กล่องเปล่าชิฟอน ล | K132: =SUM(D132:J132) -> 0
B133: 900004 | C133: กล่องเปล่าชิฟอน ญ | K133: =SUM(D133:J133) -> 0
B134: 1004093 | C134: ครีมฮอร์นฝอยทอง วนิลา | K134: =SUM(D134:J134) -> 0
B135: 1004092 | C135: ครีมฮอร์นฝอยทอง ใบเตย | K135: =SUM(D135:J135) -> 0
B136: 1004091 | C136: ครีมฮอร์นฝอยทอง ชอคโกแลต | K136: =SUM(D136:J136) -> 0
B137: 1200002 | C137: ทอฟฟี่ถั่ว กล่อง | K137: =SUM(D137:J137) -> 0
B138: 1200003 | C138: ทอฟฟี่ถั่ว กระเช้า | K138: =SUM(D138:J138) -> 0
B139: 1200004 | C139: ทอฟฟี่ถั่ว กระปุก | K139: =SUM(D139:J139) -> 0
B140: 1200093 | C140: ท็อฟฟี่ถั่ว ครึ่งกิโล | K140: =SUM(D140:J140) -> 0
B141: 1200092 | C141: ท็อฟฟี่ถั่ว 1 กิโล | K141: =SUM(D141:J141) -> 0
C142: เศษขนมปังปลา5กก. | K142: =SUM(D142:J142) -> 0
C143: เศษขนมปังปลา1กก. | K143: =SUM(D143:J143) -> 0
B144: 1113157 | C144: เค้กลอดช่อง 85 กรัม | K144: =SUM(D144:J144) -> 0
C145: เค้กลอดช่อง 1 ปอนด์ | K145: =SUM(D145:J145) -> 0
C146: เค้กลอดช่อง 2 ปอนด์ | K146: =SUM(D146:J146) -> 0
B147: 1111006 | C147: ชิฟฟอนไส้วิปครีมรวมรส 8 ชิ้น | K147: =SUM(D147:J147) -> 0
C148: ชิฟฟอนเค้กฝอยทอง | K148: =SUM(D148:J148) -> 0
...

Sheet เย็น 
B1: ยอดจริง ออนไลน์ วันที่ 13/11/2567 - เย็น
K2: ยอดรวมผลิต
K3: จำนวน
B4: รหัสสินค้า | C4: สินค้า | D4: ปณ | E4: ชอปปี้ | F4: ลาซาด้า | G4: ติ๊กตอก | H4: ติ๊กตอก2 | I4: ติ๊กตอก3 | J4: ชอยส์ | K4: (กล่อง)
B6: ชิฟฟอนรวมรส
B7: 1111002 | C7: ชิฟฟอนรวมรส 8 ชิ้น | E7: 23 | F7: 56 | K7: =SUM(D7:J7) -> 79
C8: ชิฟฟอนแบบกล่องสุ่มอะไรก็ได้ที่มี | K8: =SUM(D8:J8) -> 0
B9: 1111084 | C9: ชิฟฟอน 8 ชิ้น กาแฟล้วน | K9: =SUM(D9:J9) -> 0
B10: 1111085 | C10: ชิฟฟอน 8 ชิ้น บลูเบอรี่ล้วน | K10: =SUM(D10:J10) -> 0
B11: 1111086 | C11: ชิฟฟอน 8 ชิ้น มะพร้าวล้วน | K11: =SUM(D11:J11) -> 0
B12: 1111087 | C12: ชิฟฟอน 8 ชิ้น สตอเบอรี่ล้วน | K12: =SUM(D12:J12) -> 0
B13: 1111088 | C13: ชิฟฟอน 8 ชิ้น ส้มล้วน | K13: =SUM(D13:J13) -> 0
B14: 1111089 | C14: ชิฟฟอน 8 ชิ้น เนยล้วน | K14: =SUM(D14:J14) -> 0
B15: 1111090 | C15: ชิฟฟอน 8 ชิ้น เผือกล้วน | K15: =SUM(D15:J15) -> 0
B16: 1111091 | C16: ชิฟฟอน 8 ชิ้น ใบเตยล้วน | K16: =SUM(D16:J16) -> 0
B17: 1111092 | C17: ชิฟฟอน 8 ชิ้น กล้วยหอม | K17: =SUM(D17:J17) -> 0
B18: 1111093 | C18: ชิฟฟอน 8 ชิ้น โกโก้ล้วน | K18: =SUM(D18:J18) -> 0
B19: 1111094 | C19: ชิฟฟอน 8 ชิ้น ชาไทยล้วน | K19: =SUM(D19:J19) -> 0
B20: 1111095 | C20: ชิฟฟอน 8 ชิ้น ชาเขียวล้วน | K20: =SUM(D20:J20) -> 0
... B24: 1111043 | C24: ชิฟฟอน 8 ชิ้น มะลิ | K24: =SUM(D24:J24) -> 0
B25: 1111056 | C25: ชิฟฟอน 8 ชิ้น รวมรสยอดฮิต | E25: 5 | F25: 17 | G25: 3 | K25: =SUM(D25:J25) -> 25
B26: 1004055 | C26: ชิฟฟอนรวมรส 4 ชิ้น | E26: 10 | G26: 54 | K26: =SUM(D26:J26) -> 64
B27: 1004055 | C27: ชิฟฟอน 4 ชิ้น โกโก้ล้วน | K27: =SUM(D27:J27) -> 0
B28: 1004055 | C28: ชิฟฟอน 4 ชิ้น มะพร้าวล้วน | K28: =SUM(D28:J28) -> 0
B29: 1004055 | C29: ชิฟฟอน 4 ชิ้น เนยล้วน | K29: =SUM(D29:J29) -> 0
B30: 1004055 | C30: ชิฟฟอน 4 ชิ้น กาแฟล้วน | K30: =SUM(D30:J30) -> 0
B31: 1004055 | C31: ชิฟฟอน 4 ชิ้น ใบเตยล้วน | K31: =SUM(D31:J31) -> 0
B32: 1004055 | C32: ชิฟฟอน 4 ชิ้น บลูเบอร์รี่ล้วน | K32: =SUM(D32:J32) -> 0
B33: 1004055 | C33: ชิฟฟอน 4 ชิ้น ส้มล้วน | K33: =SUM(D33:J33) -> 0
B34: 1004055 | C34: ชิฟฟอน 4 ชิ้น เผือกล้วน | K34: =SUM(D34:J34) -> 0
B35: 1004055 | C35: ชิฟฟอน 4 ชิ้น สตอเบอรี่ล้วน | K35: =SUM(D35:J35) -> 0
B36: 1004055 | C36: ชิฟฟอน 4 ชิ้น กล้วยหอมล้วน | K36: =SUM(D36:J36) -> 0
B37: 1004055 | C37: ชิฟฟอน 4 ชิ้น ชาเขียวล้วน | K37: =SUM(D37:J37) -> 0
B38: 1004055 | C38: ชิฟฟอน 4 ชิ้น ชาไทยล้วน | K38: =SUM(D38:J38) -> 0
B39: 1004055 | C39: ชิฟฟอน 4 ชิ้น สับปะรดล้วน | K39: =SUM(D39:J39) -> 0
B40: 1111057 | C40: ชิฟฟอนแยกชิ้น กาแฟ | F40: 1 | K40: =SUM(D40:J40) -> 1
B41: 1111058 | C41: ชิฟฟอนแยกชิ้น ชาเขียว | F41: 1 | K41: =SUM(D41:J41) -> 1
B42: 1111059 | C42: ชิฟฟอนแยกชิ้น ใบเตย | K42: =SUM(D42:J42) -> 0
B43: 1111060 | C43: ชิฟฟอนแยกชิ้น กล้วยหอม | K43: =SUM(D43:J43) -> 0
B44: 1111061 | C44: ชิฟฟอนแยกชิ้น ชาไทย | K44: =SUM(D44:J44) -> 0
B45: 1111062 | C45: ชิฟฟอนแยกชิ้น โกโก้ | K45: =SUM(D45:J45) -> 0
B46: 1111063 | C46: ชิฟฟอนแยกชิ้น ส้ม | K46: =SUM(D46:J46) -> 0
B47: 1111064 | C47: ชิฟฟอนแยกชิ้น เผือก | K47: =SUM(D47:J47) -> 0
B48: 1111065 | C48: ชิฟฟอนแยกชิ้น สับปะรด | K48: =SUM(D48:J48) -> 0
B49: 1111066 | C49: ชิฟฟอนแยกชิ้น สตอเบอรี่ | K49: =SUM(D49:J49) -> 0
B50: 1111067 | C50: ชิฟฟอนแยกชิ้น มะพร้าว | K50: =SUM(D50:J50) -> 0
B51: 1111068 | C51: ชิฟฟอนแยกชิ้น เนย | K51: =SUM(D51:J51) -> 0
B52: 1111069 | C52: ชิฟฟอนแยกชิ้น บลูเบอรี่ | K52: =SUM(D52:J52) -> 0
B53: 1111070 | C53: ชิฟฟอนแยกชิ้น ทุเรียน | K53: =SUM(D53:J53) -> 0
... B55: 1111001 | C55: ชิฟฟอนแยกชิ้น คละรส | K55: =SUM(D55:J55) -> 0
B56: 1111074 | C56: ชิฟฟอนไส้แยมแยกชิ้น มะพร้าว | E56: 3 | K56: =SUM(D56:J56) -> 3
B57: 1111075 | C57: ชิฟฟอนไส้แยมแยกชิ้น สตอเบอรี่ | E57: 3 | K57: =SUM(D57:J57) -> 3
B58: 1111076 | C58: ชิฟฟอนไส้แยมแยกชิ้น ส้ม | E58: 3 | K58: =SUM(D58:J58) -> 3
B59: 1111077 | C59: ชิฟฟอนไส้แยมแยกชิ้น บลูเบอรี่ | E59: 4 | K59: =SUM(D59:J59) -> 4
B60: 1111078 | C60: ชิฟฟอนไส้แยมแยกชิ้น นมชมพู | E60: 3 | K60: =SUM(D60:J60) -> 3
B61: 1111079 | C61: ชิฟฟอนไส้แยมแยกชิ้น ชอคโกแลต | E61: 4 | K61: =SUM(D61:J61) -> 4
B62: 1111080 | C62: ชิฟฟอนไส้แยมแยกชิ้น ฝอยทอง | E62: 4 | K62: =SUM(D62:J62) -> 4
B63: 1111081 | C63: ชิฟฟอนไส้แยมแยกชิ้น วนิลา | E63: 3 | K63: =SUM(D63:J63) -> 3
B64: 1111082 | C64: ชิฟฟอนไส้แยมแยกชิ้น ใบเตย | E64: 3 | K64: =SUM(D64:J64) -> 3
B65: 1111083 | C65: ชิฟฟอนไส้แยมแยกชิ้น เมล่อน | K65: =SUM(D65:J65) -> 0
B66: 1111010 | C66: ชิฟฟอนไส้แยมแยกชิ้น คละรส | K66: =SUM(D66:J66) -> 0
C67: รวม | K67: =SUM(D67:I67) -> 0
B68: ชิฟฟอนไส้แยม 6 ชิ้น
B69: 1111009 | C69: ชิฟฟอนไส้แยมรวมรส 6 ชิ้น | E69: 2 | F69: 7 | K69: =SUM(D69:J69) -> 9
B70: 1111023 | C70: ชิฟฟอนไส้แยมรสสตอเบอร์รี่ล้วน 6 ชิ้น | K70: =SUM(D70:J70) -> 0
B71: 1111016 | C71: ชิฟฟอนไส้แยมรสมะพร้าวล้วน 6 ชิ้น | K71: =SUM(D71:J71) -> 0
B72: 1111014 | C72: ชิฟฟอนไส้แยมรสช็อกโกแลตนูเทลล่าล้วน 6 ชิ้น | K72: =SUM(D72:J72) -> 0
B73: 1111025 | C73: ชิฟฟอนไส้แยมรสส้มล้วน 6 ชิ้น | K73: =SUM(D73:J73) -> 0
B74: 1111018 | C74: ชิฟฟอนไส้แยมรสบลูเบอร์รี่ล้วน 6 ชิ้น | K74: =SUM(D74:J74) -> 0
B75: 1111012 | C75: ชิฟฟอนไส้แยมรสนมชมพูฮอกไกโดล้วน 6 ชิ้น | K75: =SUM(D75:J75) -> 0
B76: 1111020 | C76: ชิฟฟอนไส้แยมฝอยทองไส้ทะลัก 6 ชิ้น | G76: 1 | K76: =SUM(D76:J76) -> 1
C77: รวม
B78: ชิฟฟอนไส้แยม 3 ชิ้น
B79: 1111022 | C79: ชิฟฟอนไส้แยมรสสตอเบอร์รี่ล้วน 3 ชิ้น | K79: =SUM(D79:J79) -> 0
B80: 1111015 | C80: ชิฟฟอนไส้แยมรสมะพร้าวล้วน 3 ชิ้น | K80: =SUM(D80:J80) -> 0
B81: 1111013 | C81: ชิฟฟอนไส้แยมรสช็อกโกแลตนูเทลล่าล้วน 3 ชิ้น | K81: =SUM(D81:J81) -> 0
B82: 1111024 | C82: ชิฟฟอนไส้แยมรสส้มล้วน 3 ชิ้น | K82: =SUM(D82:J82) -> 0
B83: 1111017 | C83: ชิฟฟอนไส้แยมรสบลูเบอร์รี่ล้วน 3 ชิ้น | K83: =SUM(D83:J83) -> 0
B84: 1111011 | C84: ชิฟฟอนไส้แยมรสนมชมพูฮอกไกโดล้วน 3 ชิ้น | K84: =SUM(D84:J84) -> 0
B85: 1111019 | C85: ชิฟฟอนไส้แยมฝอยทองไส้ทะลัก 3 ชิ้น | K85: =SUM(D85:J85) -> 0
B86: 1113081 | C86: ชิฟฟอนไส้แยม วนิลา/ใบเตย/เมล่อน | K86: =SUM(D86:J86) -> 0
B87: 1111008 | C87: ชิฟฟอนไส้แยมรวมรส 3 ชิ้น | E87: 3 | G87: 87 | K87: =SUM(D87:J87) -> 90
C88: รวม
B89: เบาหวิว ล 110 กรัม
B90: 1112009 | C90: มะพร้าว | E90: 7 | F90: 10 | G90: 9 | K90: =SUM(D90:J90) -> 26
B91: 1112011 | C91: ฝอยทอง | E91: 7 | F91: 14 | G91: 9 | J91: 1 | K91: =SUM(D91:J91) -> 31
B92: 1112003 | C92: กาแฟ | K92: =SUM(D92:J92) -> 0
B93: 1112005 | C93: เนยนม | K93: =SUM(D93:J93) -> 0
B94: 1112007 | C94: ใบเตย | K94: =SUM(D94:J94) -> 0
B95: 1112019 | C95: ทุเรียน | K95: =SUM(D95:J95) -> 0
B96: 1112017 | C96: ตาลหอม | K96: =SUM(D96:J96) -> 0
B97: 1112015 | C97: กล้วยหอมมะพร้าวเผา | K97: =SUM(D97:J97) -> 0
B98: 1112013 | C98: เผือกมะพร้าวอ่อน | E98: 6 | F98: 14 | G98: 9 | K98: =SUM(D98:J98) -> 29
B99: 1124043 | C99: เบาหวิว คละรส | K99: =SUM(D99:J99) -> 0
C100: รวม
B101: เบาหวิว ญ 300 กรัม
B102: 1112008 | C102: มะพร้าว | K102: =SUM(D102:H102) -> 0
B103: 1112010 | C103: ฝอยทอง | K103: =SUM(D103:H103) -> 0
B104: 1112002 | C104: กาแฟ | K104: =SUM(D104:H104) -> 0
B105: 1112004 | C105: เนยนม | K105: =SUM(D105:H105) -> 0
...

Sheet เช้า 
B1: ยอดจริง ออนไลน์ วันที่ 13/11/2567 -เช้า
K2: ยอดรวมผลิต
K3: จำนวน
B4: รหัสสินค้า | C4: สินค้า | D4: ปณ | E4: ชอปปี้ | F4: ลาซาด้า | G4: ติ๊กตอก | H4: ติ๊กตอก2 | I4: ติ๊กตอก3 | J4: ชอยส์ | K4: (กล่อง)
B6: ชิฟฟอนรวมรส
B7: 1111002 | C7: ชิฟฟอนรวมรส 8 ชิ้น | E7: 20 | F7: 48 | G7: 1 | K7: =SUM(D7:J7) -> 69
C8: ชิฟฟอนแบบกล่องสุ่มอะไรก็ได้ที่มี | K8: =SUM(D8:J8) -> 0
B9: 1111084 | C9: ชิฟฟอน 8 ชิ้น กาแฟล้วน | K9: =SUM(D9:J9) -> 0
B10: 1111085 | C10: ชิฟฟอน 8 ชิ้น บลูเบอรี่ล้วน | K10: =SUM(D10:J10) -> 0
B11: 1111086 | C11: ชิฟฟอน 8 ชิ้น มะพร้าวล้วน | K11: =SUM(D11:J11) -> 0
B12: 1111087 | C12: ชิฟฟอน 8 ชิ้น สตอเบอรี่ล้วน | K12: =SUM(D12:J12) -> 0
B13: 1111088 | C13: ชิฟฟอน 8 ชิ้น ส้มล้วน | K13: =SUM(D13:J13) -> 0
B14: 1111089 | C14: ชิฟฟอน 8 ชิ้น เนยล้วน | K14: =SUM(D14:J14) -> 0
B15: 1111090 | C15: ชิฟฟอน 8 ชิ้น เผือกล้วน | K15: =SUM(D15:J15) -> 0
B16: 1111091 | C16: ชิฟฟอน 8 ชิ้น ใบเตยล้วน | K16: =SUM(D16:J16) -> 0
B17: 1111092 | C17: ชิฟฟอน 8 ชิ้น กล้วยหอม | K17: =SUM(D17:J17) -> 0
B18: 1111093 | C18: ชิฟฟอน 8 ชิ้น โกโก้ล้วน | K18: =SUM(D18:J18) -> 0
B19: 1111094 | C19: ชิฟฟอน 8 ชิ้น ชาไทยล้วน | K19: =SUM(D19:J19) -> 0
B20: 1111095 | C20: ชิฟฟอน 8 ชิ้น ชาเขียวล้วน | K20: =SUM(D20:J20) -> 0
... B24: 1111043 | C24: ชิฟฟอน 8 ชิ้น มะลิ | K24: =SUM(D24:J24) -> 0
B25: 1111056 | C25: ชิฟฟอน 8 ชิ้น รวมรสยอดฮิต | E25: 1 | F25: 3 | G25: 1 | K25: =SUM(D25:J25) -> 5
B26: 1004055 | C26: ชิฟฟอนรวมรส 4 ชิ้น | E26: 18 | G26: 69 | K26: =SUM(D26:J26) -> 87
B27: 1004055 | C27: ชิฟฟอน 4 ชิ้น โกโก้ล้วน | K27: =SUM(D27:J27) -> 0
B28: 1004055 | C28: ชิฟฟอน 4 ชิ้น มะพร้าวล้วน | K28: =SUM(D28:J28) -> 0
B29: 1004055 | C29: ชิฟฟอน 4 ชิ้น เนยล้วน | K29: =SUM(D29:J29) -> 0
B30: 1004055 | C30: ชิฟฟอน 4 ชิ้น กาแฟล้วน | K30: =SUM(D30:J30) -> 0
B31: 1004055 | C31: ชิฟฟอน 4 ชิ้น ใบเตยล้วน | K31: =SUM(D31:J31) -> 0
B32: 1004055 | C32: ชิฟฟอน 4 ชิ้น บลูเบอร์รี่ล้วน | K32: =SUM(D32:J32) -> 0
B33: 1004055 | C33: ชิฟฟอน 4 ชิ้น ส้มล้วน | K33: =SUM(D33:J33) -> 0
B34: 1004055 | C34: ชิฟฟอน 4 ชิ้น เผือกล้วน | K34: =SUM(D34:J34) -> 0
B35: 1004055 | C35: ชิฟฟอน 4 ชิ้น สตอเบอรี่ล้วน | K35: =SUM(D35:J35) -> 0
B36: 1004055 | C36: ชิฟฟอน 4 ชิ้น กล้วยหอมล้วน | K36: =SUM(D36:J36) -> 0
B37: 1004055 | C37: ชิฟฟอน 4 ชิ้น ชาเขียวล้วน | K37: =SUM(D37:J37) -> 0
B38: 1004055 | C38: ชิฟฟอน 4 ชิ้น ชาไทยล้วน | K38: =SUM(D38:J38) -> 0
B39: 1004055 | C39: ชิฟฟอน 4 ชิ้น สับปะรดล้วน | K39: =SUM(D39:J39) -> 0
B40: 1111057 | C40: ชิฟฟอนแยกชิ้น กาแฟ | D40: 16 | F40: 1 | G40: 1 | K40: =SUM(D40:J40) -> 18
B41: 1111058 | C41: ชิฟฟอนแยกชิ้น ชาเขียว | D41: 16 | K41: =SUM(D41:J41) -> 16
B42: 1111059 | C42: ชิฟฟอนแยกชิ้น ใบเตย | D42: 16 | K42: =SUM(D42:J42) -> 16
B43: 1111060 | C43: ชิฟฟอนแยกชิ้น กล้วยหอม | D43: 16 | K43: =SUM(D43:J43) -> 16
B44: 1111061 | C44: ชิฟฟอนแยกชิ้น ชาไทย | D44: 16 | K44: =SUM(D44:J44) -> 16
B45: 1111062 | C45: ชิฟฟอนแยกชิ้น โกโก้ | D45: 15 | K45: =SUM(D45:J45) -> 15
B46: 1111063 | C46: ชิฟฟอนแยกชิ้น ส้ม | D46: 15 | K46: =SUM(D46:J46) -> 15
B47: 1111064 | C47: ชิฟฟอนแยกชิ้น เผือก | D47: 15 | K47: =SUM(D47:J47) -> 15
B48: 1111065 | C48: ชิฟฟอนแยกชิ้น สับปะรด | D48: 15 | K48: =SUM(D48:J48) -> 15
B49: 1111066 | C49: ชิฟฟอนแยกชิ้น สตอเบอรี่ | D49: 15 | K49: =SUM(D49:J49) -> 15
B50: 1111067 | C50: ชิฟฟอนแยกชิ้น มะพร้าว | D50: 15 | K50: =SUM(D50:J50) -> 15
B51: 1111068 | C51: ชิฟฟอนแยกชิ้น เนย | D51: 15 | K51: =SUM(D51:J51) -> 15
B52: 1111069 | C52: ชิฟฟอนแยกชิ้น บลูเบอรี่ | D52: 15 | K52: =SUM(D52:J52) -> 15
B53: 1111070 | C53: ชิฟฟอนแยกชิ้น ทุเรียน | K53: =SUM(D53:J53) -> 0
B54: 1111071 | C54: ชิฟฟอนแยกชิ้น ตาล | K54: =SUM(D54:J54) -> 0
B55: 1111001 | C55: ชิฟฟอนแยกชิ้น คละรส | K55: =SUM(D55:J55) -> 0
B56: 1111074 | C56: ชิฟฟอนไส้แยมแยกชิ้น มะพร้าว | D56: 3 | E56: 1 | G56: 1 | K56: =SUM(D56:J56) -> 5
B57: 1111075 | C57: ชิฟฟอนไส้แยมแยกชิ้น สตอเบอรี่ | D57: 3 | E57: 1 | G57: 1 | K57: =SUM(D57:J57) -> 5
B58: 1111076 | C58: ชิฟฟอนไส้แยมแยกชิ้น ส้ม | D58: 3 | E58: 1 | G58: 1 | K58: =SUM(D58:J58) -> 5
B59: 1111077 | C59: ชิฟฟอนไส้แยมแยกชิ้น บลูเบอรี่ | D59: 3 | E59: 1 | G59: 1 | K59: =SUM(D59:J59) -> 5
B60: 1111078 | C60: ชิฟฟอนไส้แยมแยกชิ้น นมชมพู | D60: 3 | E60: 1 | G60: 1 | K60: =SUM(D60:J60) -> 5
B61: 1111079 | C61: ชิฟฟอนไส้แยมแยกชิ้น ชอคโกแลต | D61: 3 | E61: 1 | G61: 1 | K61: =SUM(D61:J61) -> 5
B62: 1111080 | C62: ชิฟฟอนไส้แยมแยกชิ้น ฝอยทอง | D62: 3 | E62: 1 | G62: 1 | K62: =SUM(D62:J62) -> 5
B63: 1111081 | C63: ชิฟฟอนไส้แยมแยกชิ้น วนิลา | D63: 3 | E63: 1 | G63: 1 | K63: =SUM(D63:J63) -> 5
B64: 1111082 | C64: ชิฟฟอนไส้แยมแยกชิ้น ใบเตย | D64: 3 | E64: 1 | G64: 1 | K64: =SUM(D64:J64) -> 5
B65: 1111083 | C65: ชิฟฟอนไส้แยมแยกชิ้น เมล่อน | D65: 3 | E65: 1 | G65: 1 | K65: =SUM(D65:J65) -> 5
B66: 1111010 | C66: ชิฟฟอนไส้แยมแยกชิ้น คละรส | K66: =SUM(D66:J66) -> 0
C67: รวม | K67: =SUM(D67:I67) -> 0
B68: ชิฟฟอนไส้แยม 6 ชิ้น
B69: 1111009 | C69: ชิฟฟอนไส้แยมรวมรส 6 ชิ้น | D69: 3 | F69: 2 | K69: =SUM(D69:J69) -> 5
B70: 1111023 | C70: ชิฟฟอนไส้แยมรสสตอเบอร์รี่ล้วน 6 ชิ้น | K70: =SUM(D70:J70) -> 0
B71: 1111016 | C71: ชิฟฟอนไส้แยมรสมะพร้าวล้วน 6 ชิ้น | K71: =SUM(D71:J71) -> 0
B72: 1111014 | C72: ชิฟฟอนไส้แยมรสช็อกโกแลตนูเทลล่าล้วน 6 ชิ้น | K72: =SUM(D72:J72) -> 0
B73: 1111025 | C73: ชิฟฟอนไส้แยมรสส้มล้วน 6 ชิ้น | K73: =SUM(D73:J73) -> 0
B74: 1111018 | C74: ชิฟฟอนไส้แยมรสบลูเบอร์รี่ล้วน 6 ชิ้น | K74: =SUM(D74:J74) -> 0
B75: 1111012 | C75: ชิฟฟอนไส้แยมรสนมชมพูฮอกไกโดล้วน 6 ชิ้น | K75: =SUM(D75:J75) -> 0
B76: 1111020 | C76: ชิฟฟอนไส้แยมฝอยทองไส้ทะลัก 6 ชิ้น | K76: =SUM(D76:J76) -> 0
C77: รวม
B78: ชิฟฟอนไส้แยม 3 ชิ้น
B79: 1111022 | C79: ชิฟฟอนไส้แยมรสสตอเบอร์รี่ล้วน 3 ชิ้น | K79: =SUM(D79:J79) -> 0
B80: 1111015 | C80: ชิฟฟอนไส้แยมรสมะพร้าวล้วน 3 ชิ้น | K80: =SUM(D80:J80) -> 0
B81: 1111013 | C81: ชิฟฟอนไส้แยมรสช็อกโกแลตนูเทลล่าล้วน 3 ชิ้น | K81: =SUM(D81:J81) -> 0
B82: 1111024 | C82: ชิฟฟอนไส้แยมรสส้มล้วน 3 ชิ้น | K82: =SUM(D82:J82) -> 0
B83: 1111017 | C83: ชิฟฟอนไส้แยมรสบลูเบอร์รี่ล้วน 3 ชิ้น | K83: =SUM(D83:J83) -> 0
B84: 1111011 | C84: ชิฟฟอนไส้แยมรสนมชมพูฮอกไกโดล้วน 3 ชิ้น | K84: =SUM(D84:J84) -> 0
B85: 1111019 | C85: ชิฟฟอนไส้แยมฝอยทองไส้ทะลัก 3 ชิ้น | K85: =SUM(D85:J85) -> 0
B86: 1113081 | C86: ชิฟฟอนไส้แยม วนิลา/ใบเตย/เมล่อน | K86: =SUM(D86:J86) -> 0
B87: 1111008 | C87: ชิฟฟอนไส้แยมรวมรส 3 ชิ้น | E87: 3 | G87: 48 | K87: =SUM(D87:J87) -> 51
C88: รวม
B89: เบาหวิว ล 110 กรัม
B90: 1112009 | C90: มะพร้าว | E90: 3 | F90: 1 | G90: 17 | K90: =SUM(D90:J90) -> 21
B91: 1112011 | C91: ฝอยทอง | D91: 3 | E91: 3 | F91: 14 | G91: 17 | K91: =SUM(D91:J91) -> 37
B92: 1112003 | C92: กาแฟ | D92: 3 | G92: 2 | K92: =SUM(D92:J92) -> 5
B93: 1112005 | C93: เนยนม | D93: 2 | K93: =SUM(D93:J93) -> 2
B94: 1112007 | C94: ใบเตย | K94: =SUM(D94:J94) -> 0
B95: 1112019 | C95: ทุเรียน | K95: =SUM(D95:J95) -> 0
B96: 1112017 | C96: ตาลหอม | D96: 2 | G96: 2 | K96: =SUM(D96:J96) -> 4
B97: 1112015 | C97: กล้วยหอมมะพร้าวเผา | G97: 2 | K97: =SUM(D97:J97) -> 2
B98: 1112013 | C98: เผือกมะพร้าวอ่อน | D98: 2 | E98: 3 | F98: 1 | G98: 17 | K98: =SUM(D98:J98) -> 23
B99: 1124043 | C99: เบาหวิว คละรส | K99: =SUM(D99:J99) -> 0
C100: รวม
B101: เบาหวิว ญ 300 กรัม
B102: 1112008 | C102: มะพร้าว | K102: =SUM(D102:H102) -> 0
B103: 1112010 | C103: ฝอยทอง | K103: =SUM(D103:H103) -> 0
B104: 1112002 | C104: กาแฟ | K104: =SUM(D104:H104) -> 0
...

Sheet รวม
B1: ยอดจริง ออนไลน์ วันที่ 13/11/2567 รวม
K2: ยอดรวมผลิต | L2: ยอดฟอแคส | M2: ยอดสตอค | N2: รวม
K3: จำนวน
B4: รหัสสินค้า | C4: สินค้า | D4: ปณ | E4: ชอปปี้ | F4: ลาซาด้า | G4: ติ๊กตอก | H4: ติ๊กตอก2 | I4: ติ๊กตอก3 | J4: ชอยส์ | K4: (กล่อง)
B6: ชิฟฟอนรวมรส
B7: 1111002 | C7: ชิฟฟอนรวมรส 8 ชิ้น | D7: ='เย็น 102'!D7+'เช้า '!D7+'เย็น '!D7 -> 0 | E7: ='เย็น 102'!E7+'เช้า '!E7+'เย็น '!E7 -> 43 | F7: ='เย็น 102'!F7+'เช้า '!F7+'เย็น '!F7 -> 104 | G7: ='เย็น 102'!G7+'เช้า '!G7+'เย็น '!G7 -> 1 | H7: ='เย็น 102'!H7+'เช้า '!H7+'เย็น '!H7 -> 0 | I7: ='เย็น 102'!I7+'เช้า '!I7+'เย็น '!I7 -> 0 | J7: ='เย็น 102'!J7+'เช้า '!J7+'เย็น '!J7 -> 0 | K7: =SUM(D7:J7) -> 148 | L7: 150 | M7: 116 | N7: =SUM(L7+M7)-K7 -> 118
C8: ชิฟฟอนแบบกล่องสุ่มอะไรก็ได้ที่มี | D8: ='เย็น 102'!D8+'เช้า '!D8+'เย็น '!D8 -> 0 | E8: ='เย็น 102'!E8+'เช้า '!E8+'เย็น '!E8 -> 0 | F8: ='เย็น 102'!F8+'เช้า '!F8+'เย็น '!F8 -> 0 | G8: ='เย็น 102'!G8+'เช้า '!G8+'เย็น '!G8 -> 0 | H8: ='เย็น 102'!H8+'เช้า '!H8+'เย็น '!H8 -> 0 | I8: ='เย็น 102'!I8+'เช้า '!I8+'เย็น '!I8 -> 0 | J8: ='เย็น 102'!J8+'เช้า '!J8+'เย็น '!J8 -> 0 | K8: =SUM(D8:J8) -> 0 | N8: =SUM(L8+M8)-K8 -> 0
B9: 1111084 | C9: ชิฟฟอน 8 ชิ้น กาแฟล้วน | D9: ='เย็น 102'!D9+'เช้า '!D9+'เย็น '!D9 -> 0 | E9: ='เย็น 102'!E9+'เช้า '!E9+'เย็น '!E9 -> 0 | F9: ='เย็น 102'!F9+'เช้า '!F9+'เย็น '!F9 -> 0 | G9: ='เย็น 102'!G9+'เช้า '!G9+'เย็น '!G9 -> 0 | H9: ='เย็น 102'!H9+'เช้า '!H9+'เย็น '!H9 -> 0 | I9: ='เย็น 102'!I9+'เช้า '!I9+'เย็น '!I9 -> 0 | J9: ='เย็น 102'!J9+'เช้า '!J9+'เย็น '!J9 -> 0 | K9: =SUM(D9:J9) -> 0 | N9: =SUM(L9+M9)-K9 -> 0
B10: 1111085 | C10: ชิฟฟอน 8 ชิ้น บลูเบอรี่ล้วน | D10: ='เย็น 102'!D10+'เช้า '!D10+'เย็น '!D10 -> 0 | E10: ='เย็น 102'!E10+'เช้า '!E10+'เย็น '!E10 -> 0 | F10: ='เย็น 102'!F10+'เช้า '!F10+'เย็น '!F10 -> 0 | G10: ='เย็น 102'!G10+'เช้า '!G10+'เย็น '!G10 -> 0 | H10: ='เย็น 102'!H10+'เช้า '!H10+'เย็น '!H10 -> 0 | I10: ='เย็น 102'!I10+'เช้า '!I10+'เย็น '!I10 -> 0 | J10: ='เย็น 102'!J10+'เช้า '!J10+'เย็น '!J10 -> 0 | K10: =SUM(D10:J10) -> 0 | N10: =SUM(L10+M10)-K10 -> 0
B11: 1111086 | C11: ชิฟฟอน 8 ชิ้น มะพร้าวล้วน | D11: ='เย็น 102'!D11+'เช้า '!D11+'เย็น '!D11 -> 0 | E11: ='เย็น 102'!E11+'เช้า '!E11+'เย็น '!E11 -> 0 | F11: ='เย็น 102'!F11+'เช้า '!F11+'เย็น '!F11 -> 0 | G11: ='เย็น 102'!G11+'เช้า '!G11+'เย็น '!G11 -> 0 | H11: ='เย็น 102'!H11+'เช้า '!H11+'เย็น '!H11 -> 0 | I11: ='เย็น 102'!I11+'เช้า '!I11+'เย็น '!I11 -> 0 | J11: ='เย็น 102'!J11+'เช้า '!J11+'เย็น '!J11 -> 0 | K11: =SUM(D11:J11) -> 0 | N11: =SUM(L11+M11)-K11 -> 0
B12: 1111087 | C12: ชิฟฟอน 8 ชิ้น สตอเบอรี่ล้วน | D12: ='เย็น 102'!D12+'เช้า '!D12+'เย็น '!D12 -> 0 | E12: ='เย็น 102'!E12+'เช้า '!E12+'เย็น '!E12 -> 0 | F12: ='เย็น 102'!F12+'เช้า '!F12+'เย็น '!F12 -> 0 | G12: ='เย็น 102'!G12+'เช้า '!G12+'เย็น '!G12 -> 0 | H12: ='เย็น 102'!H12+'เช้า '!H12+'เย็น '!H12 -> 0 | I12: ='เย็น 102'!I12+'เช้า '!I12+'เย็น '!I12 -> 0 | J12: ='เย็น 102'!J12+'เช้า '!J12+'เย็น '!J12 -> 0 | K12: =SUM(D12:J12) -> 0 | N12: =SUM(L12+M12)-K12 -> 0
B13: 1111088 | C13: ชิฟฟอน 8 ชิ้น ส้มล้วน | D13: ='เย็น 102'!D13+'เช้า '!D13+'เย็น '!D13 -> 0 | E13: ='เย็น 102'!E13+'เช้า '!E13+'เย็น '!E13 -> 0 | F13: ='เย็น 102'!F13+'เช้า '!F13+'เย็น '!F13 -> 0 | G13: ='เย็น 102'!G13+'เช้า '!G13+'เย็น '!G13 -> 0 | H13: ='เย็น 102'!H13+'เช้า '!H13+'เย็น '!H13 -> 0 | I13: ='เย็น 102'!I13+'เช้า '!I13+'เย็น '!I13 -> 0 | J13: ='เย็น 102'!J13+'เช้า '!J13+'เย็น '!J13 -> 0 | K13: =SUM(D13:J13) -> 0 | N13: =SUM(L13+M13)-K13 -> 0
B14: 1111089 | C14: ชิฟฟอน 8 ชิ้น เนยล้วน | D14: ='เย็น 102'!D14+'เช้า '!D14+'เย็น '!D14 -> 0 | E14: ='เย็น 102'!E14+'เช้า '!E14+'เย็น '!E14 -> 0 | F14: ='เย็น 102'!F14+'เช้า '!F14+'เย็น '!F14 -> 0 | G14: ='เย็น 102'!G14+'เช้า '!G14+'เย็น '!G14 -> 0 | H14: ='เย็น 102'!H14+'เช้า '!H14+'เย็น '!H14 -> 0 | I14: ='เย็น 102'!I14+'เช้า '!I14+'เย็น '!I14 -> 0 | J14: ='เย็น 102'!J14+'เช้า '!J14+'เย็น '!J14 -> 0 | K14: =SUM(D14:J14) -> 0 | N14: =SUM(L14+M14)-K14 -> 0
B15: 1111090 | C15: ชิฟฟอน 8 ชิ้น เผือกล้วน | D15: ='เย็น 102'!D15+'เช้า '!D15+'เย็น '!D15 -> 0 | E15: ='เย็น 102'!E15+'เช้า '!E15+'เย็น '!E15 -> 0 | F15: ='เย็น 102'!F15+'เช้า '!F15+'เย็น '!F15 -> 0 | G15: ='เย็น 102'!G15+'เช้า '!G15+'เย็น '!G15 -> 0 | H15: ='เย็น 102'!H15+'เช้า '!H15+'เย็น '!H15 -> 0 | I15: ='เย็น 102'!I15+'เช้า '!I15+'เย็น '!I15 -> 0 | J15: ='เย็น 102'!J15+'เช้า '!J15+'เย็น '!J15 -> 0 | K15: =SUM(D15:J15) -> 0 | N15: =SUM(L15+M15)-K15 -> 0
B16: 1111091 | C16: ชิฟฟอน 8 ชิ้น ใบเตยล้วน | D16: ='เย็น 102'!D16+'เช้า '!D16+'เย็น '!D16 -> 0 | E16: ='เย็น 102'!E16+'เช้า '!E16+'เย็น '!E16 -> 0 | F16: ='เย็น 102'!F16+'เช้า '!F16+'เย็น '!F16 -> 0 | G16: ='เย็น 102'!G16+'เช้า '!G16+'เย็น '!G16 -> 0 | H16: ='เย็น 102'!H16+'เช้า '!H16+'เย็น '!H16 -> 0 | I16: ='เย็น 102'!I16+'เช้า '!I16+'เย็น '!I16 -> 0 | J16: ='เย็น 102'!J16+'เช้า '!J16+'เย็น '!J16 -> 0 | K16: =SUM(D16:J16) -> 0 | N16: =SUM(L16+M16)-K16 -> 0
B17: 1111092 | C17: ชิฟฟอน 8 ชิ้น กล้วยหอม | D17: ='เย็น 102'!D17+'เช้า '!D17+'เย็น '!D17 -> 0 | E17: ='เย็น 102'!E17+'เช้า '!E17+'เย็น '!E17 -> 0 | F17: ='เย็น 102'!F17+'เช้า '!F17+'เย็น '!F17 -> 0 | G17: ='เย็น 102'!G17+'เช้า '!G17+'เย็น '!G17 -> 0 | H17: ='เย็น 102'!H17+'เช้า '!H17+'เย็น '!H17 -> 0 | I17: ='เย็น 102'!I17+'เช้า '!I17+'เย็น '!I17 -> 0 | J17: ='เย็น 102'!J17+'เช้า '!J17+'เย็น '!J17 -> 0 | K17: =SUM(D17:J17) -> 0 | N17: =SUM(L17+M17)-K17 -> 0
B18: 1111093 | C18: ชิฟฟอน 8 ชิ้น โกโก้ล้วน | D18: ='เย็น 102'!D18+'เช้า '!D18+'เย็น '!D18 -> 0 | E18: ='เย็น 102'!E18+'เช้า '!E18+'เย็น '!E18 -> 0 | F18: ='เย็น 102'!F18+'เช้า '!F18+'เย็น '!F18 -> 0 | G18: ='เย็น 102'!G18+'เช้า '!G18+'เย็น '!G18 -> 0 | H18: ='เย็น 102'!H18+'เช้า '!H18+'เย็น '!H18 -> 0 | I18: ='เย็น 102'!I18+'เช้า '!I18+'เย็น '!I18 -> 0 | J18: ='เย็น 102'!J18+'เช้า '!J18+'เย็น '!J18 -> 0 | K18: =SUM(D18:J18) -> 0 | N18: =SUM(L18+M18)-K18 -> 0
B19: 1111094 | C19: ชิฟฟอน 8 ชิ้น ชาไทยล้วน | D19: ='เย็น 102'!D19+'เช้า '!D19+'เย็น '!D19 -> 0 | E19: ='เย็น 102'!E19+'เช้า '!E19+'เย็น '!E19 -> 0 | F19: ='เย็น 102'!F19+'เช้า '!F19+'เย็น '!F19 -> 0 | G19: ='เย็น 102'!G19+'เช้า '!G19+'เย็น '!G19 -> 0 | H19: ='เย็น 102'!H19+'เช้า '!H19+'เย็น '!H19 -> 0 | I19: ='เย็น 102'!I19+'เช้า '!I19+'เย็น '!I19 -> 0 | J19: ='เย็น 102'!J19+'เช้า '!J19+'เย็น '!J19 -> 0 | K19: =SUM(D19:J19) -> 0 | N19: =SUM(L19+M19)-K19 -> 0
B20: 1111095 | C20: ชิฟฟอน 8 ชิ้น ชาเขียวล้วน | D20: ='เย็น 102'!D20+'เช้า '!D20+'เย็น '!D20 -> 0 | E20: ='เย็น 102'!E20+'เช้า '!E20+'เย็น '!E20 -> 0 | F20: ='เย็น 102'!F20+'เช้า '!F20+'เย็น '!F20 -> 0 | G20: ='เย็น 102'!G20+'เช้า '!G20+'เย็น '!G20 -> 0 | H20: ='เย็น 102'!H20+'เช้า '!H20+'เย็น '!H20 -> 0 | I20: ='เย็น 102'!I20+'เช้า '!I20+'เย็น '!I20 -> 0 | J20: ='เย็น 102'!J20+'เช้า '!J20+'เย็น '!J20 -> 0 | K20: =SUM(D20:J20) -> 0 | N20: =SUM(L20+M20)-K20 -> 0
... B24: 1111043 | C24: ชิฟฟอน 8 ชิ้น มะลิ | D24: ='เย็น 102'!D24+'เช้า '!D24+'เย็น '!D24 -> 0 | E24: ='เย็น 102'!E24+'เช้า '!E24+'เย็น '!E24 -> 0 | F24: ='เย็น 102'!F24+'เช้า '!F24+'เย็น '!F24 -> 0 | G24: ='เย็น 102'!G24+'เช้า '!G24+'เย็น '!G24 -> 0 | H24: ='เย็น 102'!H24+'เช้า '!H24+'เย็น '!H24 -> 0 | I24: ='เย็น 102'!I24+'เช้า '!I24+'เย็น '!I24 -> 0 | J24: ='เย็น 102'!J24+'เช้า '!J24+'เย็น '!J24 -> 0 | K24: =SUM(D24:J24) -> 0 | N24: =SUM(L24+M24)-K24 -> 0
B25: 1111056 | C25: ชิฟฟอน 8 ชิ้น รวมรสยอดฮิต | D25: ='เย็น 102'!D25+'เช้า '!D25+'เย็น '!D25 -> 0 | E25: ='เย็น 102'!E25+'เช้า '!E25+'เย็น '!E25 -> 6 | F25: ='เย็น 102'!F25+'เช้า '!F25+'เย็น '!F25 -> 20 | G25: ='เย็น 102'!G25+'เช้า '!G25+'เย็น '!G25 -> 4 | H25: ='เย็น 102'!H25+'เช้า '!H25+'เย็น '!H25 -> 0 | I25: ='เย็น 102'!I25+'เช้า '!I25+'เย็น '!I25 -> 0 | J25: ='เย็น 102'!J25+'เช้า '!J25+'เย็น '!J25 -> 0 | K25: =SUM(D25:J25) -> 30 | L25: 30 | M25: 3 | N25: =SUM(L25+M25)-K25 -> 3
B26: 1004055 | C26: ชิฟฟอนรวมรส 4 ชิ้น | D26: ='เย็น 102'!D26+'เช้า '!D26+'เย็น '!D26 -> 0 | E26: ='เย็น 102'!E26+'เช้า '!E26+'เย็น '!E26 -> 28 | F26: ='เย็น 102'!F26+'เช้า '!F26+'เย็น '!F26 -> 0 | G26: ='เย็น 102'!G26+'เช้า '!G26+'เย็น '!G26 -> 123 | H26: ='เย็น 102'!H26+'เช้า '!H26+'เย็น '!H26 -> 0 | I26: ='เย็น 102'!I26+'เช้า '!I26+'เย็น '!I26 -> 0 | J26: ='เย็น 102'!J26+'เช้า '!J26+'เย็น '!J26 -> 0 | K26: =SUM(D26:J26) -> 151 | M26: 586 | N26: =SUM(L26+M26)-K26 -> 435
B27: 1004055 | C27: ชิฟฟอน 4 ชิ้น โกโก้ล้วน | D27: ='เย็น 102'!D27+'เช้า '!D27+'เย็น '!D27 -> 0 | E27: ='เย็น 102'!E27+'เช้า '!E27+'เย็น '!E27 -> 0 | F27: ='เย็น 102'!F27+'เช้า '!F27+'เย็น '!F27 -> 0 | G27: ='เย็น 102'!G27+'เช้า '!G27+'เย็น '!G27 -> 0 | H27: ='เย็น 102'!H27+'เช้า '!H27+'เย็น '!H27 -> 0 | I27: ='เย็น 102'!I27+'เช้า '!I27+'เย็น '!I27 -> 0 | J27: ='เย็น 102'!J27+'เช้า '!J27+'เย็น '!J27 -> 0 | K27: =SUM(D27:J27) -> 0 | N27: =SUM(L27+M27)-K27 -> 0
B28: 1004055 | C28: ชิฟฟอน 4 ชิ้น มะพร้าวล้วน | D28: ='เย็น 102'!D28+'เช้า '!D28+'เย็น '!D28 -> 0 | E28: ='เย็น 102'!E28+'เช้า '!E28+'เย็น '!E28 -> 0 | F28: ='เย็น 102'!F28+'เช้า '!F28+'เย็น '!F28 -> 0 | G28: ='เย็น 102'!G28+'เช้า '!G28+'เย็น '!G28 -> 0 | H28: ='เย็น 102'!H28+'เช้า '!H28+'เย็น '!H28 -> 0 | I28: ='เย็น 102'!I28+'เช้า '!I28+'เย็น '!I28 -> 0 | J28: ='เย็น 102'!J28+'เช้า '!J28+'เย็น '!J28 -> 0 | K28: =SUM(D28:J28) -> 0 | N28: =SUM(L28+M28)-K28 -> 0
B29: 1004055 | C29: ชิฟฟอน 4 ชิ้น เนยล้วน | D29: ='เย็น 102'!D29+'เช้า '!D29+'เย็น '!D29 -> 0 | E29: ='เย็น 102'!E29+'เช้า '!E29+'เย็น '!E29 -> 0 | F29: ='เย็น 102'!F29+'เช้า '!F29+'เย็น '!F29 -> 0 | G29: ='เย็น 102'!G29+'เช้า '!G29+'เย็น '!G29 -> 0 | H29: ='เย็น 102'!H29+'เช้า '!H29+'เย็น '!H29 -> 0 | I29: ='เย็น 102'!I29+'เช้า '!I29+'เย็น '!I29 -> 0 | J29: ='เย็น 102'!J29+'เช้า '!J29+'เย็น '!J29 -> 0 | K29: =SUM(D29:J29) -> 0 | N29: =SUM(L29+M29)-K29 -> 0
B30: 1004055 | C30: ชิฟฟอน 4 ชิ้น กาแฟล้วน | D30: ='เย็น 102'!D30+'เช้า '!D30+'เย็น '!D30 -> 0 | E30: ='เย็น 102'!E30+'เช้า '!E30+'เย็น '!E30 -> 0 | F30: ='เย็น 102'!F30+'เช้า '!F30+'เย็น '!F30 -> 0 | G30: ='เย็น 102'!G30+'เช้า '!G30+'เย็น '!G30 -> 0 | H30: ='เย็น 102'!H30+'เช้า '!H30+'เย็น '!H30 -> 0 | I30: ='เย็น 102'!I30+'เช้า '!I30+'เย็น '!I30 -> 0 | J30: ='เย็น 102'!J30+'เช้า '!J30+'เย็น '!J30 -> 0 | K30: =SUM(D30:J30) -> 0 | N30: =SUM(L30+M30)-K30 -> 0
B31: 1004055 | C31: ชิฟฟอน 4 ชิ้น ใบเตยล้วน | D31: ='เย็น 102'!D31+'เช้า '!D31+'เย็น '!D31 -> 0 | E31: ='เย็น 102'!E31+'เช้า '!E31+'เย็น '!E31 -> 0 | F31: ='เย็น 102'!F31+'เช้า '!F31+'เย็น '!F31 -> 0 | G31: ='เย็น 102'!G31+'เช้า '!G31+'เย็น '!G31 -> 0 | H31: ='เย็น 102'!H31+'เช้า '!H31+'เย็น '!H31 -> 0 | I31: ='เย็น 102'!I31+'เช้า '!I31+'เย็น '!I31 -> 0 | J31: ='เย็น 102'!J31+'เช้า '!J31+'เย็น '!J31 -> 0 | K31: =SUM(D31:J31) -> 0 | N31: =SUM(L31+M31)-K31 -> 0
B32: 1004055 | C32: ชิฟฟอน 4 ชิ้น บลูเบอร์รี่ล้วน | D32: ='เย็น 102'!D32+'เช้า '!D32+'เย็น '!D32 -> 0 | E32: ='เย็น 102'!E32+'เช้า '!E32+'เย็น '!E32 -> 0 | F32: ='เย็น 102'!F32+'เช้า '!F32+'เย็น '!F32 -> 0 | G32: ='เย็น 102'!G32+'เช้า '!G32+'เย็น '!G32 -> 0 | H32: ='เย็น 102'!H32+'เช้า '!H32+'เย็น '!H32 -> 0 | I32: ='เย็น 102'!I32+'เช้า '!I32+'เย็น '!I32 -> 0 | J32: ='เย็น 102'!J32+'เช้า '!J32+'เย็น '!J32 -> 0 | K32: =SUM(D32:J32) -> 0 | N32: =SUM(L32+M32)-K32 -> 0
B33: 1004055 | C33: ชิฟฟอน 4 ชิ้น ส้มล้วน | D33: ='เย็น 102'!D33+'เช้า '!D33+'เย็น '!D33 -> 0 | E33: ='เย็น 102'!E33+'เช้า '!E33+'เย็น '!E33 -> 0 | F33: ='เย็น 102'!F33+'เช้า '!F33+'เย็น '!F33 -> 0 | G33: ='เย็น 102'!G33+'เช้า '!G33+'เย็น '!G33 -> 0 | H33: ='เย็น 102'!H33+'เช้า '!H33+'เย็น '!H33 -> 0 | I33: ='เย็น 102'!I33+'เช้า '!I33+'เย็น '!I33 -> 0 | J33: ='เย็น 102'!J33+'เช้า '!J33+'เย็น '!J33 -> 0 | K33: =SUM(D33:J33) -> 0 | N33: =SUM(L33+M33)-K33 -> 0
B34: 1004055 | C34: ชิฟฟอน 4 ชิ้น เผือกล้วน | D34: ='เย็น 102'!D34+'เช้า '!D34+'เย็น '!D34 -> 0 | E34: ='เย็น 102'!E34+'เช้า '!E34+'เย็น '!E34 -> 0 | F34: ='เย็น 102'!F34+'เช้า '!F34+'เย็น '!F34 -> 0 | G34: ='เย็น 102'!G34+'เช้า '!G34+'เย็น '!G34 -> 0 | H34: ='เย็น 102'!H34+'เช้า '!H34+'เย็น '!H34 -> 0 | I34: ='เย็น 102'!I34+'เช้า '!I34+'เย็น '!I34 -> 0 | J34: ='เย็น 102'!J34+'เช้า '!J34+'เย็น '!J34 -> 0 | K34: =SUM(D34:J34) -> 0 | N34: =SUM(L34+M34)-K34 -> 0
B35: 1004055 | C35: ชิฟฟอน 4 ชิ้น สตอเบอรี่ล้วน | D35: ='เย็น 102'!D35+'เช้า '!D35+'เย็น '!D35 -> 0 | E35: ='เย็น 102'!E35+'เช้า '!E35+'เย็น '!E35 -> 0 | F35: ='เย็น 102'!F35+'เช้า '!F35+'เย็น '!F35 -> 0 | G35: ='เย็น 102'!G35+'เช้า '!G35+'เย็น '!G35 -> 0 | H35: ='เย็น 102'!H35+'เช้า '!H35+'เย็น '!H35 -> 0 | I35: ='เย็น 102'!I35+'เช้า '!I35+'เย็น '!I35 -> 0 | J35: ='เย็น 102'!J35+'เช้า '!J35+'เย็น '!J35 -> 0 | K35: =SUM(D35:J35) -> 0 | N35: =SUM(L35+M35)-K35 -> 0
B36: 1004055 | C36: ชิฟฟอน 4 ชิ้น กล้วยหอมล้วน | D36: ='เย็น 102'!D36+'เช้า '!D36+'เย็น '!D36 -> 0 | E36: ='เย็น 102'!E36+'เช้า '!E36+'เย็น '!E36 -> 0 | F36: ='เย็น 102'!F36+'เช้า '!F36+'เย็น '!F36 -> 0 | G36: ='เย็น 102'!G36+'เช้า '!G36+'เย็น '!G36 -> 0 | H36: ='เย็น 102'!H36+'เช้า '!H36+'เย็น '!H36 -> 0 | I36: ='เย็น 102'!I36+'เช้า '!I36+'เย็น '!I36 -> 0 | J36: ='เย็น 102'!J36+'เช้า '!J36+'เย็น '!J36 -> 0 | K36: =SUM(D36:J36) -> 0 | N36: =SUM(L36+M36)-K36 -> 0
B37: 1004055 | C37: ชิฟฟอน 4 ชิ้น ชาเขียวล้วน | D37: ='เย็น 102'!D37+'เช้า '!D37+'เย็น '!D37 -> 0 | E37: ='เย็น 102'!E37+'เช้า '!E37+'เย็น '!E37 -> 0 | F37: ='เย็น 102'!F37+'เช้า '!F37+'เย็น '!F37 -> 0 | G37: ='เย็น 102'!G37+'เช้า '!G37+'เย็น '!G37 -> 0 | H37: ='เย็น 102'!H37+'เช้า '!H37+'เย็น '!H37 -> 0 | I37: ='เย็น 102'!I37+'เช้า '!I37+'เย็น '!I37 -> 0 | J37: ='เย็น 102'!J37+'เช้า '!J37+'เย็น '!J37 -> 0 | K37: =SUM(D37:J37) -> 0 | N37: =SUM(L37+M37)-K37 -> 0
B38: 1004055 | C38: ชิฟฟอน 4 ชิ้น ชาไทยล้วน | D38: ='เย็น 102'!D38+'เช้า '!D38+'เย็น '!D38 -> 0 | E38: ='เย็น 102'!E38+'เช้า '!E38+'เย็น '!E38 -> 0 | F38: ='เย็น 102'!F38+'เช้า '!F38+'เย็น '!F38 -> 0 | G38: ='เย็น 102'!G38+'เช้า '!G38+'เย็น '!G38 -> 0 | H38: ='เย็น 102'!H38+'เช้า '!H38+'เย็น '!H38 -> 0 | I38: ='เย็น 102'!I38+'เช้า '!I38+'เย็น '!I38 -> 0 | J38: ='เย็น 102'!J38+'เช้า '!J38+'เย็น '!J38 -> 0 | K38: =SUM(D38:J38) -> 0 | N38: =SUM(L38+M38)-K38 -> 0
... B66: 1111010 | C66: ชิฟฟอนไส้แยมแยกชิ้น คละรส | D66: ='เย็น 102'!D66+'เช้า '!D66+'เย็น '!D66 -> 0 | E66: ='เย็น 102'!E66+'เช้า '!E66+'เย็น '!E66 -> 0 | F66: ='เย็น 102'!F66+'เช้า '!F66+'เย็น '!F66 -> 0 | G66: ='เย็น 102'!G66+'เช้า '!G66+'เย็น '!G66 -> 0 | H66: ='เย็น 102'!H66+'เช้า '!H66+'เย็น '!H66 -> 0 | I66: ='เย็น 102'!I66+'เช้า '!I66+'เย็น '!I66 -> 0 | J66: ='เย็น 102'!J66+'เช้า '!J66+'เย็น '!J66 -> 0 | K66: =SUM(D66:J66) -> 0 | N66: =SUM(L66+M66)-K66 -> 0
C67: รวม | K67: =SUM(D67:J67) -> 0 | N67: =SUM(L67:M67)-K67 -> 0
B68: ชิฟฟอนไส้แยม 6 ชิ้น
B69: 1111009 | C69: ชิฟฟอนไส้แยมรวมรส 6 ชิ้น | D69: ='เย็น 102'!D69+'เช้า '!D69+'เย็น '!D69 -> 3 | E69: ='เย็น 102'!E69+'เช้า '!E69+'เย็น '!E69 -> 2 | F69: ='เย็น 102'!F69+'เช้า '!F69+'เย็น '!F69 -> 9 | G69: ='เย็น 102'!G69+'เช้า '!G69+'เย็น '!G69 -> 0 | H69: ='เย็น 102'!H69+'เช้า '!H69+'เย็น '!H69 -> 0 | I69: ='เย็น 102'!I69+'เช้า '!I69+'เย็น '!I69 -> 0 | J69: ='เย็น 102'!J69+'เช้า '!J69+'เย็น '!J69 -> 0 | K69: =SUM(D69:J69) -> 14 | L69: 25 | M69: 69 | N69: =SUM(L69+M69)-K69 -> 80
B70: 1111023 | C70: ชิฟฟอนไส้แยมรสสตอเบอร์รี่ล้วน 6 ชิ้น | D70: ='เย็น 102'!D70+'เช้า '!D70+'เย็น '!D70 -> 0 | E70: ='เย็น 102'!E70+'เช้า '!E70+'เย็น '!E70 -> 0 | F70: ='เย็น 102'!F70+'เช้า '!F70+'เย็น '!F70 -> 0 | G70: ='เย็น 102'!G70+'เช้า '!G70+'เย็น '!G70 -> 0 | H70: ='เย็น 102'!H70+'เช้า '!H70+'เย็น '!H70 -> 0 | I70: ='เย็น 102'!I70+'เช้า '!I70+'เย็น '!I70 -> 0 | J70: ='เย็น 102'!J70+'เช้า '!J70+'เย็น '!J70 -> 0 | K70: =SUM(D70:J70) -> 0 | N70: =SUM(L70+M70)-K70 -> 0
B71: 1111016 | C71: ชิฟฟอนไส้แยมรสมะพร้าวล้วน 6 ชิ้น | D71: ='เย็น 102'!D71+'เช้า '!D71+'เย็น '!D71 -> 0 | E71: ='เย็น 102'!E71+'เช้า '!E71+'เย็น '!E71 -> 0 | F71: ='เย็น 102'!F71+'เช้า '!F71+'เย็น '!F71 -> 0 | G71: ='เย็น 102'!G71+'เช้า '!G71+'เย็น '!G71 -> 0 | H71: ='เย็น 102'!H71+'เช้า '!H71+'เย็น '!H71 -> 0 | I71: ='เย็น 102'!I71+'เช้า '!I71+'เย็น '!I71 -> 0 | J71: ='เย็น 102'!J71+'เช้า '!J71+'เย็น '!J71 -> 0 | K71: =SUM(D71:J71) -> 0 | N71: =SUM(L71+M71)-K71 -> 0
B72: 1111014 | C72: ชิฟฟอนไส้แยมรสช็อกโกแลตนูเทลล่าล้วน 6 ชิ้น | D72: ='เย็น 102'!D72+'เช้า '!D72+'เย็น '!D72 -> 0 | E72: ='เย็น 102'!E72+'เช้า '!E72+'เย็น '!E72 -> 0 | F72: ='เย็น 102'!F72+'เช้า '!F72+'เย็น '!F72 -> 0 | G72: ='เย็น 102'!G72+'เช้า '!G72+'เย็น '!G72 -> 0 | H72: ='เย็น 102'!H72+'เช้า '!H72+'เย็น '!H72 -> 0 | I72: ='เย็น 102'!I72+'เช้า '!I72+'เย็น '!I72 -> 0 | J72: ='เย็น 102'!J72+'เช้า '!J72+'เย็น '!J72 -> 0 | K72: =SUM(D72:J72) -> 0 | N72: =SUM(L72+M72)-K72 -> 0
B73: 1111025 | C73: ชิฟฟอนไส้แยมรสส้มล้วน 6 ชิ้น | D73: ='เย็น 102'!D73+'เช้า '!D73+'เย็น '!D73 -> 0 | E73: ='เย็น 102'!E73+'เช้า '!E73+'เย็น '!E73 -> 0 | F73: ='เย็น 102'!F73+'เช้า '!F73+'เย็น '!F73 -> 0 | G73: ='เย็น 102'!G73+'เช้า '!G73+'เย็น '!G73 -> 0 | H73: ='เย็น 102'!H73+'เช้า '!H73+'เย็น '!H73 -> 0 | I73: ='เย็น 102'!I73+'เช้า '!I73+'เย็น '!I73 -> 0 | J73: ='เย็น 102'!J73+'เช้า '!J73+'เย็น '!J73 -> 0 | K73: =SUM(D73:J73) -> 0 | N73: =SUM(L73+M73)-K73 -> 0
B74: 1111018 | C74: ชิฟฟอนไส้แยมรสบลูเบอร์รี่ล้วน 6 ชิ้น | D74: ='เย็น 102'!D74+'เช้า '!D74+'เย็น '!D74 -> 0 | E74: ='เย็น 102'!E74+'เช้า '!E74+'เย็น '!E74 -> 0 | F74: ='เย็น 102'!F74+'เช้า '!F74+'เย็น '!F74 -> 0 | G74: ='เย็น 102'!G74+'เช้า '!G74+'เย็น '!G74 -> 0 | H74: ='เย็น 102'!H74+'เช้า '!H74+'เย็น '!H74 -> 0 | I74: ='เย็น 102'!I74+'เช้า '!I74+'เย็น '!I74 -> 0 | J74: ='เย็น 102'!J74+'เช้า '!J74+'เย็น '!J74 -> 0 | K74: =SUM(D74:J74) -> 0 | N74: =SUM(L74+M74)-K74 -> 0
B75: 1111012 | C75: ชิฟฟอนไส้แยมรสนมชมพูฮอกไกโดล้วน 6 ชิ้น | D75: ='เย็น 102'!D75+'เช้า '!D75+'เย็น '!D75 -> 0 | E75: ='เย็น 102'!E75+'เช้า '!E75+'เย็น '!E75 -> 0 | F75: ='เย็น 102'!F75+'เช้า '!F75+'เย็น '!F75 -> 0 | G75: ='เย็น 102'!G75+'เช้า '!G75+'เย็น '!G75 -> 0 | H75: ='เย็น 102'!H75+'เช้า '!H75+'เย็น '!H75 -> 0 | I75: ='เย็น 102'!I75+'เช้า '!I75+'เย็น '!I75 -> 0 | J75: ='เย็น 102'!J75+'เช้า '!J75+'เย็น '!J75 -> 0 | K75: =SUM(D75:J75) -> 0 | N75: =SUM(L75+M75)-K75 -> 0
B76: 1111020 | C76: ชิฟฟอนไส้แยมฝอยทองไส้ทะลัก 6 ชิ้น | D76: ='เย็น 102'!D76+'เช้า '!D76+'เย็น '!D76 -> 0 | E76: ='เย็น 102'!E76+'เช้า '!E76+'เย็น '!E76 -> 0 | F76: ='เย็น 102'!F76+'เช้า '!F76+'เย็น '!F76 -> 0 | G76: ='เย็น 102'!G76+'เช้า '!G76+'เย็น '!G76 -> 1 | H76: ='เย็น 102'!H76+'เช้า '!H76+'เย็น '!H76 -> 0 | I76: ='เย็น 102'!I76+'เช้า '!I76+'เย็น '!I76 -> 0 | J76: ='เย็น 102'!J76+'เช้า '!J76+'เย็น '!J76 -> 0 | K76: =SUM(D76:J76) -> 1 | N76: =SUM(L76+M76)-K76 -> -1
C77: รวม | N77: =SUM(L74:M74)-K74 -> 0
B78: ชิฟฟอนไส้แยม 3 ชิ้น
B79: 1111022 | C79: ชิฟฟอนไส้แยมรสสตอเบอร์รี่ล้วน 3 ชิ้น | D79: ='เย็น 102'!D79+'เช้า '!D79+'เย็น '!D79 -> 0 | E79: ='เย็น 102'!E79+'เช้า '!E79+'เย็น '!E79 -> 0 | F79: ='เย็น 102'!F79+'เช้า '!F79+'เย็น '!F79 -> 0 | G79: ='เย็น 102'!G79+'เช้า '!G79+'เย็น '!G79 -> 0 | H79: ='เย็น 102'!H79+'เช้า '!H79+'เย็น '!H79 -> 0 | I79: ='เย็น 102'!I79+'เช้า '!I79+'เย็น '!I79 -> 0 | J79: ='เย็น 102'!J79+'เช้า '!J79+'เย็น '!J79 -> 0 | K79: =SUM(D79:J79) -> 0 | N79: =SUM(L79+M79)-K79 -> 0
B80: 1111015 | C80: ชิฟฟอนไส้แยมรสมะพร้าวล้วน 3 ชิ้น | D80: ='เย็น 102'!D80+'เช้า '!D80+'เย็น '!D80 -> 0 | E80: ='เย็น 102'!E80+'เช้า '!E80+'เย็น '!E80 -> 0 | F80: ='เย็น 102'!F80+'เช้า '!F80+'เย็น '!F80 -> 0 | G80: ='เย็น 102'!G80+'เช้า '!G80+'เย็น '!G80 -> 0 | H80: ='เย็น 102'!H80+'เช้า '!H80+'เย็น '!H80 -> 0 | I80: ='เย็น 102'!I80+'เช้า '!I80+'เย็น '!I80 -> 0 | J80: ='เย็น 102'!J80+'เช้า '!J80+'เย็น '!J80 -> 0 | K80: =SUM(D80:J80) -> 0 | N80: =SUM(L80+M80)-K80 -> 0
B81: 1111013 | C81: ชิฟฟอนไส้แยมรสช็อกโกแลตนูเทลล่าล้วน 3 ชิ้น | D81: ='เย็น 102'!D81+'เช้า '!D81+'เย็น '!D81 -> 0 | E81: ='เย็น 102'!E81+'เช้า '!E81+'เย็น '!E81 -> 0 | F81: ='เย็น 102'!F81+'เช้า '!F81+'เย็น '!F81 -> 0 | G81: ='เย็น 102'!G81+'เช้า '!G81+'เย็น '!G81 -> 0 | H81: ='เย็น 102'!H81+'เช้า '!H81+'เย็น '!H81 -> 0 | I81: ='เย็น 102'!I81+'เช้า '!I81+'เย็น '!I81 -> 0 | J81: ='เย็น 102'!J81+'เช้า '!J81+'เย็น '!J81 -> 0 | K81: =SUM(D81:J81) -> 0 | N81: =SUM(L81+M81)-K81 -> 0
B82: 1111024 | C82: ชิฟฟอนไส้แยมรสส้มล้วน 3 ชิ้น | D82: ='เย็น 102'!D82+'เช้า '!D82+'เย็น '!D82 -> 0 | E82: ='เย็น 102'!E82+'เช้า '!E82+'เย็น '!E82 -> 0 | F82: ='เย็น 102'!F82+'เช้า '!F82+'เย็น '!F82 -> 0 | G82: ='เย็น 102'!G82+'เช้า '!G82+'เย็น '!G82 -> 0 | H82: ='เย็น 102'!H82+'เช้า '!H82+'เย็น '!H82 -> 0 | I82: ='เย็น 102'!I82+'เช้า '!I82+'เย็น '!I82 -> 0 | J82: ='เย็น 102'!J82+'เช้า '!J82+'เย็น '!J82 -> 0 | K82: =SUM(D82:J82) -> 0 | N82: =SUM(L82+M82)-K82 -> 0
B83: 1111017 | C83: ชิฟฟอนไส้แยมรสบลูเบอร์รี่ล้วน 3 ชิ้น | D83: ='เย็น 102'!D83+'เช้า '!D83+'เย็น '!D83 -> 0 | E83: ='เย็น 102'!E83+'เช้า '!E83+'เย็น '!E83 -> 0 | F83: ='เย็น 102'!F83+'เช้า '!F83+'เย็น '!F83 -> 0 | G83: ='เย็น 102'!G83+'เช้า '!G83+'เย็น '!G83 -> 0 | H83: ='เย็น 102'!H83+'เช้า '!H83+'เย็น '!H83 -> 0 | I83: ='เย็น 102'!I83+'เช้า '!I83+'เย็น '!I83 -> 0 | J83: ='เย็น 102'!J83+'เช้า '!J83+'เย็น '!J83 -> 0 | K83: =SUM(D83:J83) -> 0 | N83: =SUM(L83+M83)-K83 -> 0
B84: 1111011 | C84: ชิฟฟอนไส้แยมรสนมชมพูฮอกไกโดล้วน 3 ชิ้น | D84: ='เย็น 102'!D84+'เช้า '!D84+'เย็น '!D84 -> 0 | E84: ='เย็น 102'!E84+'เช้า '!E84+'เย็น '!E84 -> 0 | F84: ='เย็น 102'!F84+'เช้า '!F84+'เย็น '!F84 -> 0 | G84: ='เย็น 102'!G84+'เช้า '!G84+'เย็น '!G84 -> 0 | H84: ='เย็น 102'!H84+'เช้า '!H84+'เย็น '!H84 -> 0 | I84: ='เย็น 102'!I84+'เช้า '!I84+'เย็น '!I84 -> 0 | J84: ='เย็น 102'!J84+'เช้า '!J84+'เย็น '!J84 -> 0 | K84: =SUM(D84:J84) -> 0 | N84: =SUM(L84+M84)-K84 -> 0
B85: 1111019 | C85: ชิฟฟอนไส้แยมฝอยทองไส้ทะลัก 3 ชิ้น | D85: ='เย็น 102'!D85+'เช้า '!D85+'เย็น '!D85 -> 0 | E85: ='เย็น 102'!E85+'เช้า '!E85+'เย็น '!E85 -> 0 | F85: ='เย็น 102'!F85+'เช้า '!F85+'เย็น '!F85 -> 0 | G85: ='เย็น 102'!G85+'เช้า '!G85+'เย็น '!G85 -> 0 | H85: ='เย็น 102'!H85+'เช้า '!H85+'เย็น '!H85 -> 0 | I85: ='เย็น 102'!I85+'เช้า '!I85+'เย็น '!I85 -> 0 | J85: ='เย็น 102'!J85+'เช้า '!J85+'เย็น '!J85 -> 0 | K85: =SUM(D85:J85) -> 0 | N85: =SUM(L85+M85)-K85 -> 0
B86: 1113081 | C86: ชิฟฟอนไส้แยม วนิลา/ใบเตย/เมล่อน | D86: ='เย็น 102'!D86+'เช้า '!D86+'เย็น '!D86 -> 0 | E86: ='เย็น 102'!E86+'เช้า '!E86+'เย็น '!E86 -> 0 | F86: ='เย็น 102'!F86+'เช้า '!F86+'เย็น '!F86 -> 0 | G86: ='เย็น 102'!G86+'เช้า '!G86+'เย็น '!G86 -> 0 | H86: ='เย็น 102'!H86+'เช้า '!H86+'เย็น '!H86 -> 0 | I86: ='เย็น 102'!I86+'เช้า '!I86+'เย็น '!I86 -> 0 | J86: ='เย็น 102'!J86+'เช้า '!J86+'เย็น '!J86 -> 0 | K86: =SUM(D86:J86) -> 0 | N86: =SUM(L86+M86)-K86 -> 0
B87: 1111008 | C87: ชิฟฟอนไส้แยมรวมรส 3 ชิ้น | D87: ='เย็น 102'!D87+'เช้า '!D87+'เย็น '!D87 -> 0 | E87: ='เย็น 102'!E87+'เช้า '!E87+'เย็น '!E87 -> 6 | F87: ='เย็น 102'!F87+'เช้า '!F87+'เย็น '!F87 -> 0 | G87: ='เย็น 102'!G87+'เช้า '!G87+'เย็น '!G87 -> 135 | H87: ='เย็น 102'!H87+'เช้า '!H87+'เย็น '!H87 -> 0 | I87: ='เย็น 102'!I87+'เช้า '!I87+'เย็น '!I87 -> 0 | J87: ='เย็น 102'!J87+'เช้า '!J87+'เย็น '!J87 -> 0 | K87: =SUM(D87:J87) -> 141 | M87: 534 | N87: =SUM(L87+M87)-K87 -> 393
C88: รวม | K88: =SUM(D88:J88) -> 0 | N88: =SUM(L85:M85)-K85 -> 0
B89: เบาหวิว ล 110 กรัม
B90: 1112009 | C90: มะพร้าว | D90: ='เย็น 102'!D90+'เช้า '!D90+'เย็น '!D90 -> 0 | E90: ='เย็น 102'!E90+'เช้า '!E90+'เย็น '!E90 -> 10 | F90: ='เย็น 102'!F90+'เช้า '!F90+'เย็น '!F90 -> 11 | G90: ='เย็น 102'!G90+'เช้า '!G90+'เย็น '!G90 -> 26 | H90: ='เย็น 102'!H90+'เช้า '!H90+'เย็น '!H90 -> 0 | I90: ='เย็น 102'!I90+'เช้า '!I90+'เย็น '!I90 -> 0 | J90: ='เย็น 102'!J90+'เช้า '!J90+'เย็น '!J90 -> 0 | K90: =SUM(D90:J90) -> 47 | L90: 110 | M90: 50 | N90: =SUM(L90+M90)-K90 -> 113
B91: 1112011 | C91: ฝอยทอง | D91: ='เย็น 102'!D91+'เช้า '!D91+'เย็น '!D91 -> 3 | E91: ='เย็น 102'!E91+'เช้า '!E91+'เย็น '!E91 -> 10 | F91: ='เย็น 102'!F91+'เช้า '!F91+'เย็น '!F91 -> 28 | G91: ='เย็น 102'!G91+'เช้า '!G91+'เย็น '!G91 -> 26 | H91: ='เย็น 102'!H91+'เช้า '!H91+'เย็น '!H91 -> 0 | I91: ='เย็น 102'!I91+'เช้า '!I91+'เย็น '!I91 -> 0 | J91: ='เย็น 102'!J91+'เช้า '!J91+'เย็น '!J91 -> 1 | K91: =SUM(D91:J91) -> 68 | L91: 110 | M91: 5 | N91: =SUM(L91+M91)-K91 -> 47
B92: 1112003 | C92: กาแฟ | D92: ='เย็น 102'!D92+'เช้า '!D92+'เย็น '!D92 -> 3 | E92: ='เย็น 102'!E92+'เช้า '!E92+'เย็น '!E92 -> 0 | F92: ='เย็น 102'!F92+'เช้า '!F92+'เย็น '!F92 -> 0 | G92: ='เย็น 102'!G92+'เช้า '!G92+'เย็น '!G92 -> 2 | H92: ='เย็น 102'!H92+'เช้า '!H92+'เย็น '!H92 -> 0 | I92: ='เย็น 102'!I92+'เช้า '!I92+'เย็น '!I92 -> 0 | J92: ='เย็น 102'!J92+'เช้า '!J92+'เย็น '!J92 -> 0 | K92: =SUM(D92:J92) -> 5 | L92: 30 | M92: 1 | N92: =SUM(L92+M92)-K92 -> 26
B93: 1112005 | C93: เนยนม | D93: ='เย็น 102'!D93+'เช้า '!D93+'เย็น '!D93 -> 2 | E93: ='เย็น 102'!E93+'เช้า '!E93+'เย็น '!E93 -> 0 | F93: ='เย็น 102'!F93+'เช้า '!F93+'เย็น '!F93 -> 0 | G93: ='เย็น 102'!G93+'เช้า '!G93+'เย็น '!G93 -> 0 | H93: ='เย็น 102'!H93+'เช้า '!H93+'เย็น '!H93 -> 0 | I93: ='เย็น 102'!I93+'เช้า '!I93+'เย็น '!I93 -> 0 | J93: ='เย็น 102'!J93+'เช้า '!J93+'เย็น '!J93 -> 0 | K93: =SUM(D93:J93) -> 2 | L93: 30 | M93: 35 | N93: =SUM(L93+M93)-K93 -> 63
B94: 1112007 | C94: ใบเตย | D94: ='เย็น 102'!D94+'เช้า '!D94+'เย็น '!D94 -> 0 | E94: ='เย็น 102'!E94+'เช้า '!E94+'เย็น '!E94 -> 0 | F94: ='เย็น 102'!F94+'เช้า '!F94+'เย็น '!F94 -> 0 | G94: ='เย็น 102'!G94+'เช้า '!G94+'เย็น '!G94 -> 0 | H94: ='เย็น 102'!H94+'เช้า '!H94+'เย็น '!H94 -> 0 | I94: ='เย็น 102'!I94+'เช้า '!I94+'เย็น '!I94 -> 0 | J94: ='เย็น 102'!J94+'เช้า '!J94+'เย็น '!J94 -> 0 | K94: =SUM(D94:J94) -> 0 | N94: =SUM(L94+M94)-K94 -> 0
B95: 1112019 | C95: ทุเรียน | D95: ='เย็น 102'!D95+'เช้า '!D95+'เย็น '!D95 -> 0 | E95: ='เย็น 102'!E95+'เช้า '!E95+'เย็น '!E95 -> 0 | F95: ='เย็น 102'!F95+'เช้า '!F95+'เย็น '!F95 -> 0 | G95: ='เย็น 102'!G95+'เช้า '!G95+'เย็น '!G95 -> 0 | H95: ='เย็น 102'!H95+'เช้า '!H95+'เย็น '!H95 -> 0 | I95: ='เย็น 102'!I95+'เช้า '!I95+'เย็น '!I95 -> 0 | J95: ='เย็น 102'!J95+'เช้า '!J95+'เย็น '!J95 -> 0 | K95: =SUM(D95:J95) -> 0 | N95: =SUM(L95+M95)-K95 -> 0
B96: 1112017 | C96: ตาลหอม | D96: ='เย็น 102'!D96+'เช้า '!D96+'เย็น '!D96 -> 2 | E96: ='เย็น 102'!E96+'เช้า '!E96+'เย็น '!E96 -> 0 | F96: ='เย็น 102'!F96+'เช้า '!F96+'เย็น '!F96 -> 0 | G96: ='เย็น 102'!G96+'เช้า '!G96+'เย็น '!G96 -> 2 | H96: ='เย็น 102'!H96+'เช้า '!H96+'เย็น '!H96 -> 0 | I96: ='เย็น 102'!I96+'เช้า '!I96+'เย็น '!I96 -> 0 | J96: ='เย็น 102'!J96+'เช้า '!J96+'เย็น '!J96 -> 0 | K96: =SUM(D96:J96) -> 4 | L96: 30 | M96: 12 | N96: =SUM(L96+M96)-K96 -> 38
B97: 1112015 | C97: กล้วยหอมมะพร้าวเผา | D97: ='เย็น 102'!D97+'เช้า '!D97+'เย็น '!D97 -> 0 | E97: ='เย็น 102'!E97+'เช้า '!E97+'เย็น '!E97 -> 0 | F97: ='เย็น 102'!F97+'เช้า '!F97+'เย็น '!F97 -> 0 | G97: ='เย็น 102'!G97+'เช้า '!G97+'เย็น '!G97 -> 2 | H97: ='เย็น 102'!H97+'เช้า '!H97+'เย็น '!H97 -> 0 | I97: ='เย็น 102'!I97+'เช้า '!I97+'เย็น '!I97 -> 0 | J97: ='เย็น 102'!J97+'เช้า '!J97+'เย็น '!J97 -> 0 | K97: =SUM(D97:J97) -> 2 | L97: 30 | M97: 3 | N97: =SUM(L97+M97)-K97 -> 31
B98: 1112013 | C98: เผือกมะพร้าวอ่อน | D98: ='เย็น 102'!D98+'เช้า '!D98+'เย็น '!D98 -> 2 | E98: ='เย็น 102'!E98+'เช้า '!E98+'เย็น '!E98 -> 9 | F98: ='เย็น 102'!F98+'เช้า '!F98+'เย็น '!F98 -> 15 | G98: ='เย็น 102'!G98+'เช้า '!G98+'เย็น '!G98 -> 26 | H98: ='เย็น 102'!H98+'เช้า '!H98+'เย็น '!H98 -> 0 | I98: ='เย็น 102'!I98+'เช้า '!I98+'เย็น '!I98 -> 0 | J98: ='เย็น 102'!J98+'เช้า '!J98+'เย็น '!J98 -> 0 | K98: =SUM(D98:J98) -> 52 | L98: 110 | M98: 47 | N98: =SUM(L98+M98)-K98 -> 105
B99: 1124043 | C99: เบาหวิว คละรส | D99: ='เย็น 102'!D99+'เช้า '!D99+'เย็น '!D99 -> 0 | E99: ='เย็น 102'!E99+'เช้า '!E99+'เย็น '!E99 -> 0 | F99: ='เย็น 102'!F99+'เช้า '!F99+'เย็น '!F99 -> 0 | G99: ='เย็น 102'!G99+'เช้า '!G99+'เย็น '!G99 -> 0 | H99: ='เย็น 102'!H99+'เช้า '!H99+'เย็น '!H99 -> 0 | I99: ='เย็น 102'!I99+'เช้า '!I99+'เย็น '!I99 -> 0 | J99: ='เย็น 102'!J99+'เช้า '!J99+'เย็น '!J99 -> 0 | K99: =SUM(D99:J99) -> 0
C100: รวม | K100: =SUM(K90:K99) -> 180
B101: เบาหวิว ญ 300 กรัม
B102: 1112008 | C102: มะพร้าว | D102: ='เย็น 102'!D102+'เช้า '!D102+'เย็น '!D102 -> 0 | E102: ='เย็น 102'!E102+'เช้า '!E102+'เย็น '!E102 -> 0 | F102: ='เย็น 102'!F102+'เช้า '!F102+'เย็น '!F102 -> 0 | G102: ='เย็น 102'!G102+'เช้า '!G102+'เย็น '!G102 -> 0 | H102: ='เย็น 102'!H102+'เช้า '!H102+'เย็น '!H102 -> 0 | I102: ='เย็น 102'!I102+'เช้า '!I102+'เย็น '!I102 -> 0 | J102: ='เย็น 102'!J102+'เช้า '!J102+'เย็น '!J102 -> 0 | K102: =SUM(D102:J102) -> 0
B103: 1112010 | C103: ฝอยทอง | D103: ='เย็น 102'!D103+'เช้า '!D103+'เย็น '!D103 -> 0 | E103: ='เย็น 102'!E103+'เช้า '!E103+'เย็น '!E103 -> 0 | F103: ='เย็น 102'!F103+'เช้า '!F103+'เย็น '!F103 -> 0 | G103: ='เย็น 102'!G103+'เช้า '!G103+'เย็น '!G103 -> 0 | H103: ='เย็น 102'!H103+'เช้า '!H103+'เย็น '!H103 -> 0 | I103: ='เย็น 102'!I103+'เช้า '!I103+'เย็น '!I103 -> 0 | J103: ='เย็น 102'!J103+'เช้า '!J103+'เย็น '!J103 -> 0 | K103: =SUM(D103:J103) -> 0
B104: 1112002 | C104: กาแฟ | D104: ='เย็น 102'!D104+'เช้า '!D104+'เย็น '!D104 -> 0 | E104: ='เย็น 102'!E104+'เช้า '!E104+'เย็น '!E104 -> 0 | F104: ='เย็น 102'!F104+'เช้า '!F104+'เย็น '!F104 -> 0 | G104: ='เย็น 102'!G104+'เช้า '!G104+'เย็น '!G104 -> 0 | H104: ='เย็น 102'!H104+'เช้า '!H104+'เย็น '!H104 -> 0 | I104: ='เย็น 102'!I104+'เช้า '!I104+'เย็น '!I104 -> 0 | J104: ='เย็น 102'!J104+'เช้า '!J104+'เย็น '!J104 -> 0 | K104: =SUM(D104:J104) -> 0
B105: 1112004 | C105: เนยนม | D105: ='เย็น 102'!D105+'เช้า '!D105+'เย็น '!D105 -> 0 | E105: ='เย็น 102'!E105+'เช้า '!E105+'เย็น '!E105 -> 0 | F105: ='เย็น 102'!F105+'เช้า '!F105+'เย็น '!F105 -> 0 | G105: ='เย็น 102'!G105+'เช้า '!G105+'เย็น '!G105 -> 0 | H105: ='เย็น 102'!H105+'เช้า '!H105+'เย็น '!H105 -> 0 | I105: ='เย็น 102'!I105+'เช้า '!I105+'เย็น '!I105 -> 0 | J105: ='เย็น 102'!J105+'เช้า '!J105+'เย็น '!J105 -> 0 | K105: =SUM(D105:J105) -> 0
B106: 1112006 | C106: ใบเตย | D106: ='เย็น 102'!D106+'เช้า '!D106+'เย็น '!D106 -> 0 | E106: ='เย็น 102'!E106+'เช้า '!E106+'เย็น '!E106 -> 0 | F106: ='เย็น 102'!F106+'เช้า '!F106+'เย็น '!F106 -> 0 | G106: ='เย็น 102'!G106+'เช้า '!G106+'เย็น '!G106 -> 0 | H106: ='เย็น 102'!H106+'เช้า '!H106+'เย็น '!H106 -> 0 | I106: ='เย็น 102'!I106+'เช้า '!I106+'เย็น '!I106 -> 0 | J106: ='เย็น 102'!J106+'เช้า '!J106+'เย็น '!J106 -> 0 | K106: =SUM(D106:J106) -> 0
B107: 1112018 | C107: ทุเรียน | D107: ='เย็น 102'!D107+'เช้า '!D107+'เย็น '!D107 -> 0 | E107: ='เย็น 102'!E107+'เช้า '!E107+'เย็น '!E107 -> 0 | F107: ='เย็น 102'!F107+'เช้า '!F107+'เย็น '!F107 -> 0 | G107: ='เย็น 102'!G107+'เช้า '!G107+'เย็น '!G107 -> 0 | H107: ='เย็น 102'!H107+'เช้า '!H107+'เย็น '!H107 -> 0 | I107: ='เย็น 102'!I107+'เช้า '!I107+'เย็น '!I107 -> 0 | J107: ='เย็น 102'!J107+'เช้า '!J107+'เย็น '!J107 -> 0 | K107: =SUM(D107:J107) -> 0
B108: 1112016 | C108: ตาลหอม | D108: ='เย็น 102'!D108+'เช้า '!D108+'เย็น '!D108 -> 0 | E108: ='เย็น 102'!E108+'เช้า '!E108+'เย็น '!E108 -> 0 | F108: ='เย็น 102'!F108+'เช้า '!F108+'เย็น '!F108 -> 0 | G108: ='เย็น 102'!G108+'เช้า '!G108+'เย็น '!G108 -> 0 | H108: ='เย็น 102'!H108+'เช้า '!H108+'เย็น '!H108 -> 0 | I108: ='เย็น 102'!I108+'เช้า '!I108+'เย็น '!I108 -> 0 | J108: ='เย็น 102'!J108+'เช้า '!J108+'เย็น '!J108 -> 0 | K108: =SUM(D108:J108) -> 0
B109: 1112014 | C109: กล้วยหอมมะพร้าวเผา | D109: ='เย็น 102'!D109+'เช้า '!D109+'เย็น '!D109 -> 0 | E109: ='เย็น 102'!E109+'เช้า '!E109+'เย็น '!E109 -> 0 | F109: ='เย็น 102'!F109+'เช้า '!F109+'เย็น '!F109 -> 0 | G109: ='เย็น 102'!G109+'เช้า '!G109+'เย็น '!G109 -> 0 | H109: ='เย็น 102'!H109+'เช้า '!H109+'เย็น '!H109 -> 0 | I109: ='เย็น 102'!I109+'เช้า '!I109+'เย็น '!I109 -> 0 | J109: ='เย็น 102'!J109+'เช้า '!J109+'เย็น '!J109 -> 0 | K109: =SUM(D109:J109) -> 0
B110: 1112012 | C110: เผือกมะพร้าวอ่อน | D110: ='เย็น 102'!D110+'เช้า '!D110+'เย็น '!D110 -> 0 | E110: ='เย็น 102'!E110+'เช้า '!E110+'เย็น '!E110 -> 0 | F110: ='เย็น 102'!F110+'เช้า '!F110+'เย็น '!F110 -> 0 | G110: ='เย็น 102'!G110+'เช้า '!G110+'เย็น '!G110 -> 0 | H110: ='เย็น 102'!H110+'เช้า '!H110+'เย็น '!H110 -> 0 | I110: ='เย็น 102'!I110+'เช้า '!I110+'เย็น '!I110 -> 0 | J110: ='เย็น 102'!J110+'เช้า '!J110+'เย็น '!J110 -> 0 | K110: =SUM(D110:J110) -> 0
C111: เบาหวิว คละรส | D111: ='เย็น 102'!D111+'เช้า '!D111+'เย็น '!D111 -> 0 | E111: ='เย็น 102'!E111+'เช้า '!E111+'เย็น '!E111 -> 0 | F111: ='เย็น 102'!F111+'เช้า '!F111+'เย็น '!F111 -> 0 | G111: ='เย็น 102'!G111+'เช้า '!G111+'เย็น '!G111 -> 0 | H111: ='เย็น 102'!H111+'เช้า '!H111+'เย็น '!H111 -> 0 | I111: ='เย็น 102'!I111+'เช้า '!I111+'เย็น '!I111 -> 0 | J111: ='เย็น 102'!J111+'เช้า '!J111+'เย็น '!J111 -> 0 | K111: =SUM(D111:J111) -> 0
C112: รวม | K112: =SUM(D112:J112) -> 0
B113: อื่นๆ
B114: 1113170 | C114: ขนมเปี๊ยะถั่วฝอยทองไข่เค็ม 450 กรัม | D114: ='เย็น 102'!D114+'เช้า '!D114+'เย็น '!D114 -> 0 | E114: ='เย็น 102'!E114+'เช้า '!E114+'เย็น '!E114 -> 0 | F114: ='เย็น 102'!F114+'เช้า '!F114+'เย็น '!F114 -> 0 | G114: ='เย็น 102'!G114+'เช้า '!G114+'เย็น '!G114 -> 0 | H114: ='เย็น 102'!H114+'เช้า '!H114+'เย็น '!H114 -> 0 | I114: ='เย็น 102'!I114+'เช้า '!I114+'เย็น '!I114 -> 0 | J114: ='เย็น 102'!J114+'เช้า '!J114+'เย็น '!J114 -> 0 | K114: =SUM(D114:J114) -> 0 | N114: =SUM(L114+M114)-K114 -> 0
B115: 1113171 | C115: ขนมเปี๊ยะฟักถั่วไข่เค็ม 450 กรัม | D115: ='เย็น 102'!D115+'เช้า '!D115+'เย็น '!D115 -> 0 | E115: ='เย็น 102'!E115+'เช้า '!E115+'เย็น '!E115 -> 0 | F115: ='เย็น 102'!F115+'เช้า '!F115+'เย็น '!F115 -> 0 | G115: ='เย็น 102'!G115+'เช้า '!G115+'เย็น '!G115 -> 0 | H115: ='เย็น 102'!H115+'เช้า '!H115+'เย็น '!H115 -> 0 | I115: ='เย็น 102'!I115+'เช้า '!I115+'เย็น '!I115 -> 0 | J115: ='เย็น 102'!J115+'เช้า '!J115+'เย็น '!J115 -> 0 | K115: =SUM(D115:J115) -> 0 | N115: =SUM(L115+M115)-K115 -> 0
B116: 1113172 | C116: ขนมเปี๊ยะเผือกฝอยทองไข่เค็ม 450 กรัม | D116: ='เย็น 102'!D116+'เช้า '!D116+'เย็น '!D116 -> 0 | E116: ='เย็น 102'!E116+'เช้า '!E116+'เย็น '!E116 -> 0 | F116: ='เย็น 102'!F116+'เช้า '!F116+'เย็น '!F116 -> 0 | G116: ='เย็น 102'!G116+'เช้า '!G116+'เย็น '!G116 -> 0 | H116: ='เย็น 102'!H116+'เช้า '!H116+'เย็น '!H116 -> 0 | I116: ='เย็น 102'!I116+'เช้า '!I116+'เย็น '!I116 -> 0 | J116: ='เย็น 102'!J116+'เช้า '!J116+'เย็น '!J116 -> 0 | K116: =SUM(D116:J116) -> 0 | N116: =SUM(L116+M116)-K116 -> 0
B117: 1113173 | C117: ขนมเปี๊ยะงาดำฝอยทองไข่เค็ม 450 กรัม | D117: ='เย็น 102'!D117+'เช้า '!D117+'เย็น '!D117 -> 0 | E117: ='เย็น 102'!E117+'เช้า '!E117+'เย็น '!E117 -> 0 | F117: ='เย็น 102'!F117+'เช้า '!F117+'เย็น '!F117 -> 0 | G117: ='เย็น 102'!G117+'เช้า '!G117+'เย็น '!G117 -> 0 | H117: ='เย็น 102'!H117+'เช้า '!H117+'เย็น '!H117 -> 0 | I117: ='เย็น 102'!I117+'เช้า '!I117+'เย็น '!I117 -> 0 | J117: ='เย็น 102'!J117+'เช้า '!J117+'เย็น '!J117 -> 0 | K117: =SUM(D117:J117) -> 0 | N117: =SUM(L117+M117)-K117 -> 0
B118: 1100003 | C118: เมอแรงค์ กระปุก | D118: ='เย็น 102'!D118+'เช้า '!D118+'เย็น '!D118 -> 0 | E118: ='เย็น 102'!E118+'เช้า '!E118+'เย็น '!E118 -> 0 | F118: ='เย็น 102'!F118+'เช้า '!F118+'เย็น '!F118 -> 0 | G118: ='เย็น 102'!G118+'เช้า '!G118+'เย็น '!G118 -> 0 | H118: ='เย็น 102'!H118+'เช้า '!H118+'เย็น '!H118 -> 0 | I118: ='เย็น 102'!I118+'เช้า '!I118+'เย็น '!I118 -> 0 | J118: ='เย็น 102'!J118+'เช้า '!J118+'เย็น '!J118 -> 0 | K118: =SUM(D118:J118) -> 0 | M118: 31 | N118: =SUM(L118+M118)-K118 -> 31
B119: 1100001 | C119: พายสับปรด 1 ชิ้น | D119: ='เย็น 102'!D119+'เช้า '!D119+'เย็น '!D119 -> 0 | E119: ='เย็น 102'!E119+'เช้า '!E119+'เย็น '!E119 -> 3 | F119: ='เย็น 102'!F119+'เช้า '!F119+'เย็น '!F119 -> 0 | G119: ='เย็น 102'!G119+'เช้า '!G119+'เย็น '!G119 -> 0 | H119: ='เย็น 102'!H119+'เช้า '!H119+'เย็น '!H119 -> 0 | I119: ='เย็น 102'!I119+'เช้า '!I119+'เย็น '!I119 -> 0 | J119: ='เย็น 102'!J119+'เช้า '!J119+'เย็น '!J119 -> 0 | K119: =SUM(D119:J119) -> 3 | M119: 81 | N119: =SUM(L119+M119)-K119 -> 78
B120: 1100002 | C120: พายสับปรด 1 กล่อง | D120: ='เย็น 102'!D120+'เช้า '!D120+'เย็น '!D120 -> 0 | E120: ='เย็น 102'!E120+'เช้า '!E120+'เย็น '!E120 -> 5 | F120: ='เย็น 102'!F120+'เช้า '!F120+'เย็น '!F120 -> 5 | G120: ='เย็น 102'!G120+'เช้า '!G120+'เย็น '!G120 -> 4 | H120: ='เย็น 102'!H120+'เช้า '!H120+'เย็น '!H120 -> 0 | I120: ='เย็น 102'!I120+'เช้า '!I120+'เย็น '!I120 -> 0 | J120: ='เย็น 102'!J120+'เช้า '!J120+'เย็น '!J120 -> 0 | K120: =SUM(D120:J120) -> 14 | N120: =SUM(L120+M120)-K120 -> -14
B121: 1200001 | C121: คอนเฟลค | D121: ='เย็น 102'!D121+'เช้า '!D121+'เย็น '!D121 -> 0 | E121: ='เย็น 102'!E121+'เช้า '!E121+'เย็น '!E121 -> 0 | F121: ='เย็น 102'!F121+'เช้า '!F121+'เย็น '!F121 -> 0 | G121: ='เย็น 102'!G121+'เช้า '!G121+'เย็น '!G121 -> 0 | H121: ='เย็น 102'!H121+'เช้า '!H121+'เย็น '!H121 -> 0 | I121: ='เย็น 102'!I121+'เช้า '!I121+'เย็น '!I121 -> 0 | J121: ='เย็น 102'!J121+'เช้า '!J121+'เย็น '!J121 -> 0 | K121: =SUM(D121:J121) -> 0 | M121: 210 | N121: =SUM(L121+M121)-K121 -> 210
B122: 1005761 | C122: ปังกรอบคาราเมล(ถุง) | D122: ='เย็น 102'!D122+'เช้า '!D122+'เย็น '!D122 -> 0 | E122: ='เย็น 102'!E122+'เช้า '!E122+'เย็น '!E122 -> 2 | F122: ='เย็น 102'!F122+'เช้า '!F122+'เย็น '!F122 -> 0 | G122: ='เย็น 102'!G122+'เช้า '!G122+'เย็น '!G122 -> 0 | H122: ='เย็น 102'!H122+'เช้า '!H122+'เย็น '!H122 -> 0 | I122: ='เย็น 102'!I122+'เช้า '!I122+'เย็น '!I122 -> 0 | J122: ='เย็น 102'!J122+'เช้า '!J122+'เย็น '!J122 -> 0 | K122: =SUM(D122:J122) -> 2 | M122: 66 | N122: =SUM(L122+M122)-K122 -> 64
B123: 1114501 | C123: ครีมฮอร์นไส้เนย วนิลา | D123: ='เย็น 102'!D123+'เช้า '!D123+'เย็น '!D123 -> 2 | E123: ='เย็น 102'!E123+'เช้า '!E123+'เย็น '!E123 -> 11 | F123: ='เย็น 102'!F123+'เช้า '!F123+'เย็น '!F123 -> 19 | G123: ='เย็น 102'!G123+'เช้า '!G123+'เย็น '!G123 -> 317 | H123: ='เย็น 102'!H123+'เช้า '!H123+'เย็น '!H123 -> 0 | I123: ='เย็น 102'!I123+'เช้า '!I123+'เย็น '!I123 -> 0 | J123: ='เย็น 102'!J123+'เช้า '!J123+'เย็น '!J123 -> 1 | K123: =SUM(D123:J123) -> 350 | L123: 300 | M123: 481 | N123: =SUM(L123+M123)-K123 -> 431
B124: 1114502 | C124: ครีมฮอร์นไส้เนย ใบเตย | D124: ='เย็น 102'!D124+'เช้า '!D124+'เย็น '!D124 -> 4 | E124: ='เย็น 102'!E124+'เช้า '!E124+'เย็น '!E124 -> 13 | F124: ='เย็น 102'!F124+'เช้า '!F124+'เย็น '!F124 -> 20 | G124: ='เย็น 102'!G124+'เช้า '!G124+'เย็น '!G124 -> 317 | H124: ='เย็น 102'!H124+'เช้า '!H124+'เย็น '!H124 -> 0 | I124: ='เย็น 102'!I124+'เช้า '!I124+'เย็น '!I124 -> 0 | J124: ='เย็น 102'!J124+'เช้า '!J124+'เย็น '!J124 -> 0 | K124: =SUM(D124:J124) -> 354 | L124: 300 | M124: 560 | N124: =SUM(L124+M124)-K124 -> 506
B125: 1114503 | C125: ครีมฮอร์นไส้เนย ชอค | D125: ='เย็น 102'!D125+'เช้า '!D125+'เย็น '!D125 -> 2 | E125: ='เย็น 102'!E125+'เช้า '!E125+'เย็น '!E125 -> 11 | F125: ='เย็น 102'!F125+'เช้า '!F125+'เย็น '!F125 -> 7 | G125: ='เย็น 102'!G125+'เช้า '!G125+'เย็น '!G125 -> 317 | H125: ='เย็น 102'!H125+'เช้า '!H125+'เย็น '!H125 -> 0 | I125: ='เย็น 102'!I125+'เช้า '!I125+'เย็น '!I125 -> 0 | J125: ='เย็น 102'!J125+'เช้า '!J125+'เย็น '!J125 -> 0 | K125: =SUM(D125:J125) -> 337 | L125: 300 | M125: 284 | N125: =SUM(L125+M125)-K125 -> 247
B126: 1124021 | C126: ขนมปังหั่นสไลด์ | D126: ='เย็น 102'!D130+'เช้า '!D126+'เย็น '!D126 -> 0 | E126: ='เย็น 102'!E130+'เช้า '!E126+'เย็น '!E126 -> 18 | F126: ='เย็น 102'!F130+'เช้า '!F126+'เย็น '!F126 -> 96 | G126: ='เย็น 102'!G130+'เช้า '!G126+'เย็น '!G126 -> 30 | H126: ='เย็น 102'!H130+'เช้า '!H126+'เย็น '!H126 -> 0 | I126: ='เย็น 102'!I130+'เช้า '!I126+'เย็น '!I126 -> 0 | J126: ='เย็น 102'!J130+'เช้า '!J126+'เย็น '!J126 -> 0 | K126: =SUM(D126:J126) -> 144 | M126: 919 | N126: =SUM(L126+M126)-K126 -> 775
B127: 1113084 | C127: ปังเนยนิ่ม กล่อง 2 ชิ้น | D127: ='เย็น 102'!D131+'เช้า '!D127+'เย็น '!D127 -> 0 | E127: ='เย็น 102'!E131+'เช้า '!E127+'เย็น '!E127 -> 2 | F127: ='เย็น 102'!F131+'เช้า '!F127+'เย็น '!F127 -> 0 | G127: ='เย็น 102'!G131+'เช้า '!G127+'เย็น '!G127 -> 0 | H127: ='เย็น 102'!H131+'เช้า '!H127+'เย็น '!H127 -> 0 | I127: ='เย็น 102'!I131+'เช้า '!I127+'เย็น '!I127 -> 0 | J127: ='เย็น 102'!J131+'เช้า '!J127+'เย็น '!J127 -> 0 | K127: =SUM(D127:J127) -> 2 | M127: 10 | N127: =SUM(L127+M127)-K127 -> 8
B128: 900003 | C128: กล่องเปล่าชิฟอน ล | D128: ='เย็น 102'!D132+'เช้า '!D128+'เย็น '!D128 -> 0 | E128: ='เย็น 102'!E132+'เช้า '!E128+'เย็น '!E128 -> 0 | F128: ='เย็น 102'!F132+'เช้า '!F128+'เย็น '!F128 -> 0 | G128: ='เย็น 102'!G132+'เช้า '!G128+'เย็น '!G128 -> 0 | H128: ='เย็น 102'!H132+'เช้า '!H128+'เย็น '!H128 -> 0 | I128: ='เย็น 102'!I132+'เช้า '!I128+'เย็น '!I128 -> 0 | J128: ='เย็น 102'!J132+'เช้า '!J128+'เย็น '!J128 -> 0 | K128: =SUM(D128:J128) -> 0 | N128: =SUM(L128+M128)-K128 -> 0
B129: 900004 | C129: กล่องเปล่าชิฟอน ญ | D129: ='เย็น 102'!D133+'เช้า '!D129+'เย็น '!D129 -> 0 | E129: ='เย็น 102'!E133+'เช้า '!E129+'เย็น '!E129 -> 0 | F129: ='เย็น 102'!F133+'เช้า '!F129+'เย็น '!F129 -> 0 | G129: ='เย็น 102'!G133+'เช้า '!G129+'เย็น '!G129 -> 0 | H129: ='เย็น 102'!H133+'เช้า '!H129+'เย็น '!H129 -> 0 | I129: ='เย็น 102'!I133+'เช้า '!I129+'เย็น '!I129 -> 0 | J129: ='เย็น 102'!J133+'เช้า '!J129+'เย็น '!J129 -> 0 | K129: =SUM(D129:J129) -> 0 | N129: =SUM(L129+M129)-K129 -> 0
B130: 1200002 | C130: ทอฟฟี่ถั่ว กล่อง | D130: ='เย็น 102'!D137+'เช้า '!D130+'เย็น '!D130 -> 0 | E130: ='เย็น 102'!E137+'เช้า '!E130+'เย็น '!E130 -> 0 | F130: ='เย็น 102'!F137+'เช้า '!F130+'เย็น '!F130 -> 0 | G130: ='เย็น 102'!G137+'เช้า '!G130+'เย็น '!G130 -> 0 | H130: ='เย็น 102'!H137+'เช้า '!H130+'เย็น '!H130 -> 0 | I130: ='เย็น 102'!I137+'เช้า '!I130+'เย็น '!I130 -> 0 | J130: ='เย็น 102'!J137+'เช้า '!J130+'เย็น '!J130 -> 0 | K130: =SUM(D130:J130) -> 0 | M130: 65 | N130: =SUM(L130+M130)-K130 -> 65
B131: 1200003 | C131: ทอฟฟี่ถั่ว กระเช้า | D131: ='เย็น 102'!D138+'เช้า '!D131+'เย็น '!D131 -> 0 | E131: ='เย็น 102'!E138+'เช้า '!E131+'เย็น '!E131 -> 0 | F131: ='เย็น 102'!F138+'เช้า '!F131+'เย็น '!F131 -> 0 | G131: ='เย็น 102'!G138+'เช้า '!G131+'เย็น '!G131 -> 0 | H131: ='เย็น 102'!H138+'เช้า '!H131+'เย็น '!H131 -> 0 | I131: ='เย็น 102'!I138+'เช้า '!I131+'เย็น '!I131 -> 0 | J131: ='เย็น 102'!J138+'เช้า '!J131+'เย็น '!J131 -> 0 | K131: =SUM(D131:J131) -> 0 | N131: =SUM(L131+M131)-K131 -> 0
...
