Workbook

Sheet เย็น 102
B1: ยอดจริง ออนไลน์ วันที่ 25/10/2567 - เย็น
K2: ยอดรวมผลิต
K3: จำนวน
B4: รหัสสินค้า | C4: สินค้า | D4: ปณ | E4: ชอปปี้ | F4: ลาซาด้า | G4: ติ๊กตอก | H4: ติ๊กตอก 2 | I4: ติ๊กตอก3 | J4: ชอยส์ | K4: (กล่อง)
B6: ชิฟฟอนรวมรส
B7: 1111002 | C7: ชิฟฟอนรวมรส 8 ชิ้น | K7: =SUM(D7:J7) -> 0
C8: ชิฟฟอนแบบกล่องสุ่มอะไรก็ได้ที่มี | K8: =SUM(D8:J8) -> 0
B9: 1111084 | C9: ชิฟฟอน 8 ชิ้น กาแฟล้วน | K9: =SUM(D9:J9) -> 0
B10: 1111085 | C10: ชิฟฟอน 8 ชิ้น บลูเบอรี่ล้วน | K10: =SUM(D10:J10) -> 0
B11: 1111086 | C11: ชิฟฟอน 8 ชิ้น มะพร้าวล้วน | K11: =SUM(D11:J11) -> 0
B12: 1111087 | C12: ชิฟฟอน 8 ชิ้น สตอเบอรี่ล้วน | K12: =SUM(D12:J12) -> 0
B13: 1111088 | C13: ชิฟฟอน 8 ชิ้น ส้มล้วน | K13: =SUM(D13:J13) -> 0
B14: 1111089 | C14: ชิฟฟอน 8 ชิ้น เนยล้วน | K14: =SUM(D14:J14) -> 0
B15: 1111090 | C15: ชิฟฟอน 8 ชิ้น เผือกล้วน | K15: =SUM(D15:J15) -> 0
B16: 1111091 | C16: ชิฟฟอน 8 ชิ้น ใบเตยล้วน | K16: =SUM(D16:J16) -> 0
B17: 1111092 | C17: ชิฟฟอน 8 ชิ้น กล้วยหอม | K17: =SUM(D17:J17) -> 0
B18: 1111093 | C18: ชิฟฟอน 8 ชิ้น โกโก้ล้วน | K18: =SUM(D18:J18) -> 0
B19: 1111094 | C19: ชิฟฟอน 8 ชิ้น ชาไทยล้วน | K19: =SUM(D19:J19) -> 0
B20: 1111095 | C20: ชิฟฟอน 8 ชิ้น ชาเขียวล้วน | K20: =SUM(D20:J20) -> 0
... B66: 1111010 | C66: ชิฟฟอนไส้แยมแยกชิ้น คละรส | K66: =SUM(D66:J66) -> 0
C67: รวม
B68: ชิฟฟอนไส้แยม 6 ชิ้น
B69: 1111009 | C69: ชิฟฟอนไส้แยมรวมรส 6 ชิ้น | K69: =SUM(D69:J69) -> 0
B70: 1111023 | C70: ชิฟฟอนไส้แยมรสสตอเบอร์รี่ล้วน 6 ชิ้น | K70: =SUM(D70:J70) -> 0
B71: 1111016 | C71: ชิฟฟอนไส้แยมรสมะพร้าวล้วน 6 ชิ้น | K71: =SUM(D71:J71) -> 0
B72: 1111014 | C72: ชิฟฟอนไส้แยมรสช็อกโกแลตนูเทลล่าล้วน 6 ชิ้น | K72: =SUM(D72:J72) -> 0
B73: 1111025 | C73: ชิฟฟอนไส้แยมรสส้มล้วน 6 ชิ้น | K73: =SUM(D73:J73) -> 0
B74: 1111018 | C74: ชิฟฟอนไส้แยมรสบลูเบอร์รี่ล้วน 6 ชิ้น | K74: =SUM(D74:J74) -> 0
B75: 1111012 | C75: ชิฟฟอนไส้แยมรสนมชมพูฮอกไกโดล้วน 6 ชิ้น | K75: =SUM(D75:J75) -> 0
B76: 1111020 | C76: ชิฟฟอนไส้แยมฝอยทองไส้ทะลัก 6 ชิ้น | K76: =SUM(D76:J76) -> 0
C77: รวม
B78: ชิฟฟอนไส้แยม 3 ชิ้น
B79: 1111022 | C79: ชิฟฟอนไส้แยมรสสตอเบอร์รี่ล้วน 3 ชิ้น | K79: =SUM(D79:J79) -> 0
B80: 1111015 | C80: ชิฟฟอนไส้แยมรสมะพร้าวล้วน 3 ชิ้น | K80: =SUM(D80:J80) -> 0
B81: 1111013 | C81: ชิฟฟอนไส้แยมรสช็อกโกแลตนูเทลล่าล้วน 3 ชิ้น | K81: =SUM(D81:J81) -> 0
B82: 1111024 | C82: ชิฟฟอนไส้แยมรสส้มล้วน 3 ชิ้น | K82: =SUM(D82:J82) -> 0
B83: 1111017 | C83: ชิฟฟอนไส้แยมรสบลูเบอร์รี่ล้วน 3 ชิ้น | K83: =SUM(D83:J83) -> 0
B84: 1111011 | C84: ชิฟฟอนไส้แยมรสนมชมพูฮอกไกโดล้วน 3 ชิ้น | K84: =SUM(D84:J84) -> 0
B85: 1111019 | C85: ชิฟฟอนไส้แยมฝอยทองไส้ทะลัก 3 ชิ้น | K85: =SUM(D85:J85) -> 0
B86: 1113081 | C86: ชิฟฟอนไส้แยม วนิลา/ใบเตย/เมล่อน | K86: =SUM(D86:J86) -> 0
B87: 1111008 | C87: ชิฟฟอนไส้แยมรวมรส 3 ชิ้น | K87: =SUM(D87:J87) -> 0
C88: รวม
B89: เบาหวิว ล 110 กรัม
B90: 1112009 | C90: มะพร้าว | K90: =SUM(D90:J90) -> 0
B91: 1112011 | C91: ฝอยทอง | K91: =SUM(D91:J91) -> 0
B92: 1112003 | C92: กาแฟ | K92: =SUM(D92:J92) -> 0
B93: 1112005 | C93: เนยนม | K93: =SUM(D93:J93) -> 0
B94: 1112007 | C94: ใบเตย | K94: =SUM(D94:J94) -> 0
B95: 1112019 | C95: ทุเรียน | K95: =SUM(D95:J95) -> 0
B96: 1112017 | C96: ตาลหอม | K96: =SUM(D96:J96) -> 0
B97: 1112015 | C97: กล้วยหอมมะพร้าวเผา | K97: =SUM(D97:J97) -> 0
B98: 1112013 | C98: เผือกมะพร้าวอ่อน | K98: =SUM(D98:J98) -> 0
B99: 1124043 | C99: เบาหวิว คละรส | K99: =SUM(D99:J99) -> 0
C100: รวม | K100: =SUM(D100:I100) -> 0
B101: เบาหวิว ญ 300 กรัม
B102: 1112008 | C102: มะพร้าว | K102: =SUM(D102:G102) -> 0
B103: 1112010 | C103: ฝอยทอง | K103: =SUM(D103:G103) -> 0
B104: 1112002 | C104: กาแฟ | K104: =SUM(D104:G104) -> 0
B105: 1112004 | C105: เนยนม | K105: =SUM(D105:G105) -> 0
B106: 1112006 | C106: ใบเตย | K106: =SUM(D106:G106) -> 0
B107: 1112018 | C107: ทุเรียน | K107: =SUM(D107:G107) -> 0
B108: 1112016 | C108: ตาลหอม | K108: =SUM(D108:G108) -> 0
B109: 1112014 | C109: กล้วยหอมมะพร้าวเผา | K109: =SUM(D109:G109) -> 0
B110: 1112012 | C110: เผือกมะพร้าวอ่อน | K110: =SUM(D110:G110) -> 0
C111: เบาหวิว คละรส | K111: =SUM(D111:G111) -> 0
C112: รวม | K112: =SUM(K102:K110) -> 0
B113: อื่นๆ
B114: 1113170 | C114: ขนมเปี๊ยะถั่วฝอยทองไข่เค็ม 450 กรัม | K114: =SUM(D114:J114) -> 0
B115: 1113171 | C115: ขนมเปี๊ยะฟักถั่วไข่เค็ม 450 กรัม | K115: =SUM(D115:J115) -> 0
B116: 1113172 | C116: ขนมเปี๊ยะเผือกฝอยทองไข่เค็ม 450 กรัม | K116: =SUM(D116:J116) -> 0
B117: 1113173 | C117: ขนมเปี๊ยะงาดำฝอยทองไข่เค็ม 450 กรัม | K117: =SUM(D117:J117) -> 0
B118: 1100003 | C118: เมอแรงค์ กระปุก | K118: =SUM(D118:J118) -> 0
B119: 1100001 | C119: พายสับปรด 1 ชิ้น | K119: =SUM(D119:J119) -> 0
B120: 1100002 | C120: พายสับปรด 1 กล่อง | K120: =SUM(D120:J120) -> 0
B121: 1200001 | C121: คอนเฟลค | K121: =SUM(D121:J121) -> 0
B122: 1005761 | C122: ปังกรอบคาราเมล(ถุง) | K122: =SUM(D122:J122) -> 0
B123: 1114501 | C123: ครีมฮอร์นไส้เนย วนิลา | K123: =SUM(D123:J123) -> 0
B124: 1114502 | C124: ครีมฮอร์นไส้เนย ใบเตย | K124: =SUM(D124:J124) -> 0
B125: 1114503 | C125: ครีมฮอร์นไส้เนย ชอค | K125: =SUM(D125:J125) -> 0
... B128: 1113177 | C128: ครีมฮอร์นไส้เนย โอรีโอ้ | K128: =SUM(D128:J128) -> 0
C129: ครีมฮอร์นไส้เนย คละรสทั้งฝอยไม่ฝอย | K129: =SUM(D129:J129) -> 0
B130: 1124021 | C130: ขนมปังหั่นสไลด์ | K130: =SUM(D130:J130) -> 0
B131: 1113084 | C131: ปังเนยนิ่ม กล่อง 2 ชิ้น | K131: =SUM(D131:J131) -> 0
B132: 900003 | C132: กล่องเปล่าชิฟอน ล | K132: =SUM(D132:J132) -> 0
B133: 900004 | C133: กล่องเปล่าชิฟอน ญ | K133: =SUM(D133:J133) -> 0
B134: 1004093 | C134: ครีมฮอร์นฝอยทอง วนิลา | K134: =SUM(D134:J134) -> 0
B135: 1004092 | C135: ครีมฮอร์นฝอยทอง ใบเตย | K135: =SUM(D135:J135) -> 0
B136: 1004091 | C136: ครีมฮอร์นฝอยทอง ชอคโกแลต | K136: =SUM(D136:J136) -> 0
B137: 1200002 | C137: ทอฟฟี่ถั่ว กล่อง | K137: =SUM(D137:J137) -> 0
B138: 1200003 | C138: ทอฟฟี่ถั่ว กระเช้า | K138: =SUM(D138:J138) -> 0
B139: 1200004 | C139: ทอฟฟี่ถั่ว กระปุก | K139: =SUM(D139:J139) -> 0
B140: 1200093 | C140: ท็อฟฟี่ถั่ว ครึ่งกิโล | K140: =SUM(D140:J140) -> 0
B141: 1200092 | C141: ท็อฟฟี่ถั่ว 1 กิโล | K141: =SUM(D141:J141) -> 0
C142: เศษขนมปังปลา5กก. | K142: =SUM(D142:J142) -> 0
C143: เศษขนมปังปลา1กก. | K143: =SUM(D143:J143) -> 0
B144: 1113157 | C144: เค้กลอดช่อง 85 กรัม | K144: =SUM(D144:J144) -> 0
C145: เค้กลอดช่อง 1 ปอนด์ | K145: =SUM(D145:J145) -> 0
C146: เค้กลอดช่อง 2 ปอนด์ | K146: =SUM(D146:J146) -> 0
B147: 1111006 | C147: ชิฟฟอนไส้วิปครีมรวมรส 8 ชิ้น | K147: =SUM(D147:J147) -> 0
C148: ชิฟฟอนเค้กฝอยทอง | K148: =SUM(D148:J148) -> 0
...

Sheet เช้า 
B1: ยอดจริง ออนไลน์ วันที่ 18/11/2567 เช้า
K2: ยอดรวมผลิต
K3: จำนวน
B4: รหัสสินค้า | C4: สินค้า | D4: ปณ | E4: ชอปปี้ | F4: ลาซาด้า | G4: ติ๊กตอก | H4: ติ๊กตอก2 | I4: ติ๊กตอก3 | J4: ชอยส์ | K4: (กล่อง)
B6: ชิฟฟอนรวมรส
B7: 1111002 | C7: ชิฟฟอนรวมรส 8 ชิ้น | E7: 16 | F7: 64 | G7: 2 | K7: =SUM(D7:J7) -> 82
C8: ชิฟฟอนแบบกล่องสุ่มอะไรก็ได้ที่มี | K8: =SUM(D8:J8) -> 0
B9: 1111084 | C9: ชิฟฟอน 8 ชิ้น กาแฟล้วน | K9: =SUM(D9:J9) -> 0
B10: 1111085 | C10: ชิฟฟอน 8 ชิ้น บลูเบอรี่ล้วน | K10: =SUM(D10:J10) -> 0
B11: 1111086 | C11: ชิฟฟอน 8 ชิ้น มะพร้าวล้วน | K11: =SUM(D11:J11) -> 0
B12: 1111087 | C12: ชิฟฟอน 8 ชิ้น สตอเบอรี่ล้วน | K12: =SUM(D12:J12) -> 0
B13: 1111088 | C13: ชิฟฟอน 8 ชิ้น ส้มล้วน | K13: =SUM(D13:J13) -> 0
B14: 1111089 | C14: ชิฟฟอน 8 ชิ้น เนยล้วน | K14: =SUM(D14:J14) -> 0
B15: 1111090 | C15: ชิฟฟอน 8 ชิ้น เผือกล้วน | K15: =SUM(D15:J15) -> 0
B16: 1111091 | C16: ชิฟฟอน 8 ชิ้น ใบเตยล้วน | K16: =SUM(D16:J16) -> 0
B17: 1111092 | C17: ชิฟฟอน 8 ชิ้น กล้วยหอม | K17: =SUM(D17:J17) -> 0
B18: 1111093 | C18: ชิฟฟอน 8 ชิ้น โกโก้ล้วน | K18: =SUM(D18:J18) -> 0
B19: 1111094 | C19: ชิฟฟอน 8 ชิ้น ชาไทยล้วน | K19: =SUM(D19:J19) -> 0
B20: 1111095 | C20: ชิฟฟอน 8 ชิ้น ชาเขียวล้วน | K20: =SUM(D20:J20) -> 0
... B24: 1111043 | C24: ชิฟฟอน 8 ชิ้น มะลิ | K24: =SUM(D24:J24) -> 0
B25: 1111056 | C25: ชิฟฟอน 8 ชิ้น รวมรสยอดฮิต | E25: 1 | G25: 1 | K25: =SUM(D25:J25) -> 2
B26: 1004055 | C26: ชิฟฟอนรวมรส 4 ชิ้น | F26: 10 | G26: 18 | H26: 6 | K26: =SUM(D26:J26) -> 34
B27: 1004055 | C27: ชิฟฟอน 4 ชิ้น โกโก้ล้วน | K27: =SUM(D27:J27) -> 0
B28: 1004055 | C28: ชิฟฟอน 4 ชิ้น มะพร้าวล้วน | K28: =SUM(D28:J28) -> 0
B29: 1004055 | C29: ชิฟฟอน 4 ชิ้น เนยล้วน | K29: =SUM(D29:J29) -> 0
B30: 1004055 | C30: ชิฟฟอน 4 ชิ้น กาแฟล้วน | K30: =SUM(D30:J30) -> 0
B31: 1004055 | C31: ชิฟฟอน 4 ชิ้น ใบเตยล้วน | K31: =SUM(D31:J31) -> 0
B32: 1004055 | C32: ชิฟฟอน 4 ชิ้น บลูเบอร์รี่ล้วน | K32: =SUM(D32:J32) -> 0
B33: 1004055 | C33: ชิฟฟอน 4 ชิ้น ส้มล้วน | K33: =SUM(D33:J33) -> 0
B34: 1004055 | C34: ชิฟฟอน 4 ชิ้น เผือกล้วน | K34: =SUM(D34:J34) -> 0
B35: 1004055 | C35: ชิฟฟอน 4 ชิ้น สตอเบอรี่ล้วน | K35: =SUM(D35:J35) -> 0
B36: 1004055 | C36: ชิฟฟอน 4 ชิ้น กล้วยหอมล้วน | K36: =SUM(D36:J36) -> 0
B37: 1004055 | C37: ชิฟฟอน 4 ชิ้น ชาเขียวล้วน | K37: =SUM(D37:J37) -> 0
B38: 1004055 | C38: ชิฟฟอน 4 ชิ้น ชาไทยล้วน | K38: =SUM(D38:J38) -> 0
B39: 1004055 | C39: ชิฟฟอน 4 ชิ้น สับปะรดล้วน | K39: =SUM(D39:J39) -> 0
B40: 1111057 | C40: ชิฟฟอนแยกชิ้น กาแฟ | D40: 1 | G40: 1 | K40: =SUM(D40:J40) -> 2
B41: 1111058 | C41: ชิฟฟอนแยกชิ้น ชาเขียว | D41: 1 | G41: 1 | K41: =SUM(D41:J41) -> 2
B42: 1111059 | C42: ชิฟฟอนแยกชิ้น ใบเตย | D42: 1 | G42: 1 | K42: =SUM(D42:J42) -> 2
B43: 1111060 | C43: ชิฟฟอนแยกชิ้น กล้วยหอม | D43: 1 | G43: 1 | K43: =SUM(D43:J43) -> 2
B44: 1111061 | C44: ชิฟฟอนแยกชิ้น ชาไทย | D44: 1 | G44: 1 | K44: =SUM(D44:J44) -> 2
B45: 1111062 | C45: ชิฟฟอนแยกชิ้น โกโก้ | D45: 1 | G45: 1 | K45: =SUM(D45:J45) -> 2
B46: 1111063 | C46: ชิฟฟอนแยกชิ้น ส้ม | D46: 1 | G46: 1 | K46: =SUM(D46:J46) -> 2
B47: 1111064 | C47: ชิฟฟอนแยกชิ้น เผือก | D47: 1 | G47: 1 | K47: =SUM(D47:J47) -> 2
B48: 1111065 | C48: ชิฟฟอนแยกชิ้น สับปะรด | D48: 1 | G48: 1 | K48: =SUM(D48:J48) -> 2
B49: 1111066 | C49: ชิฟฟอนแยกชิ้น สตอเบอรี่ | D49: 1 | G49: 1 | K49: =SUM(D49:J49) -> 2
B50: 1111067 | C50: ชิฟฟอนแยกชิ้น มะพร้าว | G50: 1 | K50: =SUM(D50:J50) -> 1
B51: 1111068 | C51: ชิฟฟอนแยกชิ้น เนย | G51: 1 | K51: =SUM(D51:J51) -> 1
B52: 1111069 | C52: ชิฟฟอนแยกชิ้น บลูเบอรี่ | G52: 1 | K52: =SUM(D52:J52) -> 1
B53: 1111070 | C53: ชิฟฟอนแยกชิ้น ทุเรียน | G53: 1 | K53: =SUM(D53:J53) -> 1
B54: 1111071 | C54: ชิฟฟอนแยกชิ้น ตาล | K54: =SUM(D54:J54) -> 0
B55: 1111001 | C55: ชิฟฟอนแยกชิ้น คละรส | K55: =SUM(D55:J55) -> 0
B56: 1111074 | C56: ชิฟฟอนไส้แยมแยกชิ้น มะพร้าว | D56: 1 | E56: 2 | F56: 17 | G56: 1 | K56: =SUM(D56:J56) -> 21
B57: 1111075 | C57: ชิฟฟอนไส้แยมแยกชิ้น สตอเบอรี่ | D57: 1 | E57: 2 | F57: 17 | G57: 1 | K57: =SUM(D57:J57) -> 21
B58: 1111076 | C58: ชิฟฟอนไส้แยมแยกชิ้น ส้ม | D58: 1 | E58: 2 | F58: 17 | G58: 1 | K58: =SUM(D58:J58) -> 21
B59: 1111077 | C59: ชิฟฟอนไส้แยมแยกชิ้น บลูเบอรี่ | D59: 1 | E59: 2 | F59: 17 | K59: =SUM(D59:J59) -> 20
B60: 1111078 | C60: ชิฟฟอนไส้แยมแยกชิ้น นมชมพู | D60: 1 | E60: 2 | F60: 17 | K60: =SUM(D60:J60) -> 20
B61: 1111079 | C61: ชิฟฟอนไส้แยมแยกชิ้น ชอคโกแลต | D61: 1 | E61: 2 | F61: 17 | K61: =SUM(D61:J61) -> 20
B62: 1111080 | C62: ชิฟฟอนไส้แยมแยกชิ้น ฝอยทอง | D62: 1 | E62: 2 | F62: 17 | K62: =SUM(D62:J62) -> 20
B63: 1111081 | C63: ชิฟฟอนไส้แยมแยกชิ้น วนิลา | D63: 1 | E63: 2 | F63: 17 | K63: =SUM(D63:J63) -> 20
B64: 1111082 | C64: ชิฟฟอนไส้แยมแยกชิ้น ใบเตย | D64: 1 | E64: 2 | F64: 17 | K64: =SUM(D64:J64) -> 20
B65: 1111083 | C65: ชิฟฟอนไส้แยมแยกชิ้น เมล่อน | D65: 1 | E65: 2 | F65: 17 | K65: =SUM(D65:J65) -> 20
B66: 1111010 | C66: ชิฟฟอนไส้แยมแยกชิ้น คละรส | K66: =SUM(D66:J66) -> 0
C67: รวม | K67: =SUM(D67:I67) -> 0
B68: ชิฟฟอนไส้แยม 6 ชิ้น
B69: 1111009 | C69: ชิฟฟอนไส้แยมรวมรส 6 ชิ้น | F69: 2 | G69: 2 | K69: =SUM(D69:J69) -> 4
B70: 1111023 | C70: ชิฟฟอนไส้แยมรสสตอเบอร์รี่ล้วน 6 ชิ้น | K70: =SUM(D70:J70) -> 0
B71: 1111016 | C71: ชิฟฟอนไส้แยมรสมะพร้าวล้วน 6 ชิ้น | K71: =SUM(D71:J71) -> 0
B72: 1111014 | C72: ชิฟฟอนไส้แยมรสช็อกโกแลตนูเทลล่าล้วน 6 ชิ้น | K72: =SUM(D72:J72) -> 0
B73: 1111025 | C73: ชิฟฟอนไส้แยมรสส้มล้วน 6 ชิ้น | K73: =SUM(D73:J73) -> 0
B74: 1111018 | C74: ชิฟฟอนไส้แยมรสบลูเบอร์รี่ล้วน 6 ชิ้น | K74: =SUM(D74:J74) -> 0
B75: 1111012 | C75: ชิฟฟอนไส้แยมรสนมชมพูฮอกไกโดล้วน 6 ชิ้น | K75: =SUM(D75:J75) -> 0
B76: 1111020 | C76: ชิฟฟอนไส้แยมฝอยทองไส้ทะลัก 6 ชิ้น | K76: =SUM(D76:J76) -> 0
C77: รวม
B78: ชิฟฟอนไส้แยม 3 ชิ้น
B79: 1111022 | C79: ชิฟฟอนไส้แยมรสสตอเบอร์รี่ล้วน 3 ชิ้น | K79: =SUM(D79:J79) -> 0
B80: 1111015 | C80: ชิฟฟอนไส้แยมรสมะพร้าวล้วน 3 ชิ้น | K80: =SUM(D80:J80) -> 0
B81: 1111013 | C81: ชิฟฟอนไส้แยมรสช็อกโกแลตนูเทลล่าล้วน 3 ชิ้น | K81: =SUM(D81:J81) -> 0
B82: 1111024 | C82: ชิฟฟอนไส้แยมรสส้มล้วน 3 ชิ้น | K82: =SUM(D82:J82) -> 0
B83: 1111017 | C83: ชิฟฟอนไส้แยมรสบลูเบอร์รี่ล้วน 3 ชิ้น | K83: =SUM(D83:J83) -> 0
B84: 1111011 | C84: ชิฟฟอนไส้แยมรสนมชมพูฮอกไกโดล้วน 3 ชิ้น | K84: =SUM(D84:J84) -> 0
B85: 1111019 | C85: ชิฟฟอนไส้แยมฝอยทองไส้ทะลัก 3 ชิ้น | K85: =SUM(D85:J85) -> 0
B86: 1113081 | C86: ชิฟฟอนไส้แยม วนิลา/ใบเตย/เมล่อน | K86: =SUM(D86:J86) -> 0
B87: 1111008 | C87: ชิฟฟอนไส้แยมรวมรส 3 ชิ้น | D87: 6 | E87: 3 | F87: 3 | G87: 24 | H87: 18 | K87: =SUM(D87:J87) -> 54
C88: รวม
B89: เบาหวิว ล 110 กรัม
B90: 1112009 | C90: มะพร้าว | E90: 4 | F90: 6 | G90: 19 | H90: 3 | K90: =SUM(D90:J90) -> 32
B91: 1112011 | C91: ฝอยทอง | D91: 1 | E91: 5 | F91: 22 | G91: 18 | H91: 3 | K91: =SUM(D91:J91) -> 49
B92: 1112003 | C92: กาแฟ | F92: 1 | G92: 2 | K92: =SUM(D92:J92) -> 3
B93: 1112005 | C93: เนยนม | K93: =SUM(D93:J93) -> 0
B94: 1112007 | C94: ใบเตย | K94: =SUM(D94:J94) -> 0
B95: 1112019 | C95: ทุเรียน | K95: =SUM(D95:J95) -> 0
B96: 1112017 | C96: ตาลหอม | F96: 1 | G96: 2 | K96: =SUM(D96:J96) -> 3
B97: 1112015 | C97: กล้วยหอมมะพร้าวเผา | F97: 1 | G97: 2 | K97: =SUM(D97:J97) -> 3
B98: 1112013 | C98: เผือกมะพร้าวอ่อน | E98: 3 | F98: 15 | G98: 18 | H98: 3 | K98: =SUM(D98:J98) -> 39
B99: 1124043 | C99: เบาหวิว คละรส | K99: =SUM(D99:J99) -> 0
C100: รวม
B101: เบาหวิว ญ 300 กรัม
B102: 1112008 | C102: มะพร้าว | K102: =SUM(D102:H102) -> 0
B103: 1112010 | C103: ฝอยทอง | K103: =SUM(D103:H103) -> 0
B104: 1112002 | C104: กาแฟ | K104: =SUM(D104:H104) -> 0
...

Sheet บ่าย
B1: ยอดจริง ออนไลน์ วันที่ 18/11/2567 - บ่าย
K2: ยอดรวมผลิต
K3: จำนวน
B4: รหัสสินค้า | C4: สินค้า | D4: ปณ | E4: ชอปปี้ | F4: ลาซาด้า | G4: ติ๊กตอก | H4: ติ๊กตอก2 | I4: ติ๊กตอก3 | J4: ชอยส์ | K4: (กล่อง)
B6: ชิฟฟอนรวมรส
B7: 1111002 | C7: ชิฟฟอนรวมรส 8 ชิ้น | E7: 4 | F7: 2 | K7: =SUM(D7:J7) -> 6
C8: ชิฟฟอนแบบกล่องสุ่มอะไรก็ได้ที่มี | K8: =SUM(D8:J8) -> 0
B9: 1111084 | C9: ชิฟฟอน 8 ชิ้น กาแฟล้วน | K9: =SUM(D9:J9) -> 0
B10: 1111085 | C10: ชิฟฟอน 8 ชิ้น บลูเบอรี่ล้วน | K10: =SUM(D10:J10) -> 0
B11: 1111086 | C11: ชิฟฟอน 8 ชิ้น มะพร้าวล้วน | K11: =SUM(D11:J11) -> 0
B12: 1111087 | C12: ชิฟฟอน 8 ชิ้น สตอเบอรี่ล้วน | K12: =SUM(D12:J12) -> 0
B13: 1111088 | C13: ชิฟฟอน 8 ชิ้น ส้มล้วน | K13: =SUM(D13:J13) -> 0
B14: 1111089 | C14: ชิฟฟอน 8 ชิ้น เนยล้วน | K14: =SUM(D14:J14) -> 0
B15: 1111090 | C15: ชิฟฟอน 8 ชิ้น เผือกล้วน | K15: =SUM(D15:J15) -> 0
B16: 1111091 | C16: ชิฟฟอน 8 ชิ้น ใบเตยล้วน | K16: =SUM(D16:J16) -> 0
B17: 1111092 | C17: ชิฟฟอน 8 ชิ้น กล้วยหอม | K17: =SUM(D17:J17) -> 0
B18: 1111093 | C18: ชิฟฟอน 8 ชิ้น โกโก้ล้วน | K18: =SUM(D18:J18) -> 0
B19: 1111094 | C19: ชิฟฟอน 8 ชิ้น ชาไทยล้วน | K19: =SUM(D19:J19) -> 0
B20: 1111095 | C20: ชิฟฟอน 8 ชิ้น ชาเขียวล้วน | K20: =SUM(D20:J20) -> 0
... B24: 1111043 | C24: ชิฟฟอน 8 ชิ้น มะลิ | K24: =SUM(D24:J24) -> 0
B25: 1111056 | C25: ชิฟฟอน 8 ชิ้น รวมรสยอดฮิต | E25: 4 | F25: 3 | K25: =SUM(D25:J25) -> 7
B26: 1004055 | C26: ชิฟฟอนรวมรส 4 ชิ้น | G26: 27 | K26: =SUM(D26:J26) -> 27
B27: 1004055 | C27: ชิฟฟอน 4 ชิ้น โกโก้ล้วน | K27: =SUM(D27:J27) -> 0
B28: 1004055 | C28: ชิฟฟอน 4 ชิ้น มะพร้าวล้วน | K28: =SUM(D28:J28) -> 0
B29: 1004055 | C29: ชิฟฟอน 4 ชิ้น เนยล้วน | K29: =SUM(D29:J29) -> 0
B30: 1004055 | C30: ชิฟฟอน 4 ชิ้น กาแฟล้วน | K30: =SUM(D30:J30) -> 0
B31: 1004055 | C31: ชิฟฟอน 4 ชิ้น ใบเตยล้วน | K31: =SUM(D31:J31) -> 0
B32: 1004055 | C32: ชิฟฟอน 4 ชิ้น บลูเบอร์รี่ล้วน | K32: =SUM(D32:J32) -> 0
B33: 1004055 | C33: ชิฟฟอน 4 ชิ้น ส้มล้วน | K33: =SUM(D33:J33) -> 0
B34: 1004055 | C34: ชิฟฟอน 4 ชิ้น เผือกล้วน | K34: =SUM(D34:J34) -> 0
B35: 1004055 | C35: ชิฟฟอน 4 ชิ้น สตอเบอรี่ล้วน | K35: =SUM(D35:J35) -> 0
B36: 1004055 | C36: ชิฟฟอน 4 ชิ้น กล้วยหอมล้วน | K36: =SUM(D36:J36) -> 0
B37: 1004055 | C37: ชิฟฟอน 4 ชิ้น ชาเขียวล้วน | K37: =SUM(D37:J37) -> 0
B38: 1004055 | C38: ชิฟฟอน 4 ชิ้น ชาไทยล้วน | K38: =SUM(D38:J38) -> 0
B39: 1004055 | C39: ชิฟฟอน 4 ชิ้น สับปะรดล้วน | K39: =SUM(D39:J39) -> 0
B40: 1111057 | C40: ชิฟฟอนแยกชิ้น กาแฟ | G40: 1 | K40: =SUM(D40:J40) -> 1
B41: 1111058 | C41: ชิฟฟอนแยกชิ้น ชาเขียว | G41: 1 | K41: =SUM(D41:J41) -> 1
B42: 1111059 | C42: ชิฟฟอนแยกชิ้น ใบเตย | G42: 1 | K42: =SUM(D42:J42) -> 1
B43: 1111060 | C43: ชิฟฟอนแยกชิ้น กล้วยหอม | G43: 1 | K43: =SUM(D43:J43) -> 1
B44: 1111061 | C44: ชิฟฟอนแยกชิ้น ชาไทย | G44: 1 | K44: =SUM(D44:J44) -> 1
B45: 1111062 | C45: ชิฟฟอนแยกชิ้น โกโก้ | K45: =SUM(D45:J45) -> 0
B46: 1111063 | C46: ชิฟฟอนแยกชิ้น ส้ม | K46: =SUM(D46:J46) -> 0
B47: 1111064 | C47: ชิฟฟอนแยกชิ้น เผือก | K47: =SUM(D47:J47) -> 0
B48: 1111065 | C48: ชิฟฟอนแยกชิ้น สับปะรด | K48: =SUM(D48:J48) -> 0
B49: 1111066 | C49: ชิฟฟอนแยกชิ้น สตอเบอรี่ | K49: =SUM(D49:J49) -> 0
B50: 1111067 | C50: ชิฟฟอนแยกชิ้น มะพร้าว | K50: =SUM(D50:J50) -> 0
B51: 1111068 | C51: ชิฟฟอนแยกชิ้น เนย | K51: =SUM(D51:J51) -> 0
B52: 1111069 | C52: ชิฟฟอนแยกชิ้น บลูเบอรี่ | K52: =SUM(D52:J52) -> 0
B53: 1111070 | C53: ชิฟฟอนแยกชิ้น ทุเรียน | K53: =SUM(D53:J53) -> 0
B54: 1111071 | C54: ชิฟฟอนแยกชิ้น ตาล | K54: =SUM(D54:J54) -> 0
B55: 1111001 | C55: ชิฟฟอนแยกชิ้น คละรส | K55: =SUM(D55:J55) -> 0
B56: 1111074 | C56: ชิฟฟอนไส้แยมแยกชิ้น มะพร้าว | G56: 2 | J56: 1 | K56: =SUM(D56:J56) -> 3
B57: 1111075 | C57: ชิฟฟอนไส้แยมแยกชิ้น สตอเบอรี่ | G57: 2 | J57: 1 | K57: =SUM(D57:J57) -> 3
B58: 1111076 | C58: ชิฟฟอนไส้แยมแยกชิ้น ส้ม | G58: 2 | K58: =SUM(D58:J58) -> 2
B59: 1111077 | C59: ชิฟฟอนไส้แยมแยกชิ้น บลูเบอรี่ | G59: 2 | K59: =SUM(D59:J59) -> 2
B60: 1111078 | C60: ชิฟฟอนไส้แยมแยกชิ้น นมชมพู | G60: 2 | K60: =SUM(D60:J60) -> 2
B61: 1111079 | C61: ชิฟฟอนไส้แยมแยกชิ้น ชอคโกแลต | G61: 2 | K61: =SUM(D61:J61) -> 2
B62: 1111080 | C62: ชิฟฟอนไส้แยมแยกชิ้น ฝอยทอง | G62: 2 | K62: =SUM(D62:J62) -> 2
B63: 1111081 | C63: ชิฟฟอนไส้แยมแยกชิ้น วนิลา | G63: 2 | K63: =SUM(D63:J63) -> 2
B64: 1111082 | C64: ชิฟฟอนไส้แยมแยกชิ้น ใบเตย | G64: 2 | K64: =SUM(D64:J64) -> 2
B65: 1111083 | C65: ชิฟฟอนไส้แยมแยกชิ้น เมล่อน | G65: 2 | K65: =SUM(D65:J65) -> 2
B66: 1111010 | C66: ชิฟฟอนไส้แยมแยกชิ้น คละรส | K66: =SUM(D66:J66) -> 0
C67: รวม | K67: =SUM(D67:I67) -> 0
B68: ชิฟฟอนไส้แยม 6 ชิ้น
B69: 1111009 | C69: ชิฟฟอนไส้แยมรวมรส 6 ชิ้น | K69: =SUM(D69:J69) -> 0
B70: 1111023 | C70: ชิฟฟอนไส้แยมรสสตอเบอร์รี่ล้วน 6 ชิ้น | K70: =SUM(D70:J70) -> 0
B71: 1111016 | C71: ชิฟฟอนไส้แยมรสมะพร้าวล้วน 6 ชิ้น | K71: =SUM(D71:J71) -> 0
B72: 1111014 | C72: ชิฟฟอนไส้แยมรสช็อกโกแลตนูเทลล่าล้วน 6 ชิ้น | K72: =SUM(D72:J72) -> 0
B73: 1111025 | C73: ชิฟฟอนไส้แยมรสส้มล้วน 6 ชิ้น | K73: =SUM(D73:J73) -> 0
B74: 1111018 | C74: ชิฟฟอนไส้แยมรสบลูเบอร์รี่ล้วน 6 ชิ้น | K74: =SUM(D74:J74) -> 0
B75: 1111012 | C75: ชิฟฟอนไส้แยมรสนมชมพูฮอกไกโดล้วน 6 ชิ้น | K75: =SUM(D75:J75) -> 0
B76: 1111020 | C76: ชิฟฟอนไส้แยมฝอยทองไส้ทะลัก 6 ชิ้น | K76: =SUM(D76:J76) -> 0
C77: รวม
B78: ชิฟฟอนไส้แยม 3 ชิ้น
B79: 1111022 | C79: ชิฟฟอนไส้แยมรสสตอเบอร์รี่ล้วน 3 ชิ้น | K79: =SUM(D79:J79) -> 0
B80: 1111015 | C80: ชิฟฟอนไส้แยมรสมะพร้าวล้วน 3 ชิ้น | K80: =SUM(D80:J80) -> 0
B81: 1111013 | C81: ชิฟฟอนไส้แยมรสช็อกโกแลตนูเทลล่าล้วน 3 ชิ้น | K81: =SUM(D81:J81) -> 0
B82: 1111024 | C82: ชิฟฟอนไส้แยมรสส้มล้วน 3 ชิ้น | K82: =SUM(D82:J82) -> 0
B83: 1111017 | C83: ชิฟฟอนไส้แยมรสบลูเบอร์รี่ล้วน 3 ชิ้น | K83: =SUM(D83:J83) -> 0
B84: 1111011 | C84: ชิฟฟอนไส้แยมรสนมชมพูฮอกไกโดล้วน 3 ชิ้น | K84: =SUM(D84:J84) -> 0
B85: 1111019 | C85: ชิฟฟอนไส้แยมฝอยทองไส้ทะลัก 3 ชิ้น | K85: =SUM(D85:J85) -> 0
B86: 1113081 | C86: ชิฟฟอนไส้แยม วนิลา/ใบเตย/เมล่อน | K86: =SUM(D86:J86) -> 0
B87: 1111008 | C87: ชิฟฟอนไส้แยมรวมรส 3 ชิ้น | E87: 3 | G87: 39 | K87: =SUM(D87:J87) -> 42
C88: รวม
B89: เบาหวิว ล 110 กรัม
B90: 1112009 | C90: มะพร้าว | E90: 2 | G90: 19 | K90: =SUM(D90:J90) -> 21
B91: 1112011 | C91: ฝอยทอง | E91: 3 | F91: 12 | G91: 18 | J91: 1 | K91: =SUM(D91:J91) -> 34
B92: 1112003 | C92: กาแฟ | K92: =SUM(D92:J92) -> 0
B93: 1112005 | C93: เนยนม | K93: =SUM(D93:J93) -> 0
B94: 1112007 | C94: ใบเตย | K94: =SUM(D94:J94) -> 0
B95: 1112019 | C95: ทุเรียน | K95: =SUM(D95:J95) -> 0
B96: 1112017 | C96: ตาลหอม | K96: =SUM(D96:J96) -> 0
B97: 1112015 | C97: กล้วยหอมมะพร้าวเผา | K97: =SUM(D97:J97) -> 0
B98: 1112013 | C98: เผือกมะพร้าวอ่อน | E98: 1 | G98: 18 | J98: 1 | K98: =SUM(D98:J98) -> 20
B99: 1124043 | C99: เบาหวิว คละรส | K99: =SUM(D99:J99) -> 0
C100: รวม
B101: เบาหวิว ญ 300 กรัม
B102: 1112008 | C102: มะพร้าว | K102: =SUM(D102:H102) -> 0
B103: 1112010 | C103: ฝอยทอง | K103: =SUM(D103:H103) -> 0
B104: 1112002 | C104: กาแฟ | K104: =SUM(D104:H104) -> 0
...

Sheet รวม
B1: ยอดจริง ออนไลน์ วันที่ 18/11/2567 รวม
K2: ยอดรวมผลิต | L2: ยอดฟอแคส | M2: ยอดสตอค | N2: รวม
K3: จำนวน
B4: รหัสสินค้า | C4: สินค้า | D4: ปณ | E4: ชอปปี้ | F4: ลาซาด้า | G4: ติ๊กตอก | H4: ติ๊กตอก2 | I4: ติ๊กตอก3 | J4: ชอยส์ | K4: (กล่อง)
B6: ชิฟฟอนรวมรส
B7: 1111002 | C7: ชิฟฟอนรวมรส 8 ชิ้น | D7: ='เช้า '!D7+บ่าย!D7 -> 0 | E7: ='เช้า '!E7+บ่าย!E7 -> 20 | F7: ='เช้า '!F7+บ่าย!F7 -> 66 | G7: ='เช้า '!G7+บ่าย!G7 -> 2 | H7: ='เช้า '!H7+บ่าย!H7 -> 0 | I7: ='เช้า '!I7+บ่าย!I7 -> 0 | J7: ='เช้า '!J7+บ่าย!J7 -> 0 | K7: =SUM(D7:J7) -> 88 | N7: =SUM(L7+M7)-K7 -> -88
C8: ชิฟฟอนแบบกล่องสุ่มอะไรก็ได้ที่มี | D8: ='เช้า '!D8+บ่าย!D8 -> 0 | E8: ='เช้า '!E8+บ่าย!E8 -> 0 | F8: ='เช้า '!F8+บ่าย!F8 -> 0 | G8: ='เช้า '!G8+บ่าย!G8 -> 0 | H8: ='เช้า '!H8+บ่าย!H8 -> 0 | I8: ='เช้า '!I8+บ่าย!I8 -> 0 | J8: ='เช้า '!J8+บ่าย!J8 -> 0 | K8: =SUM(D8:J8) -> 0 | N8: =SUM(L8+M8)-K8 -> 0
B9: 1111084 | C9: ชิฟฟอน 8 ชิ้น กาแฟล้วน | D9: ='เช้า '!D9+บ่าย!D9 -> 0 | E9: ='เช้า '!E9+บ่าย!E9 -> 0 | F9: ='เช้า '!F9+บ่าย!F9 -> 0 | G9: ='เช้า '!G9+บ่าย!G9 -> 0 | H9: ='เช้า '!H9+บ่าย!H9 -> 0 | I9: ='เช้า '!I9+บ่าย!I9 -> 0 | J9: ='เช้า '!J9+บ่าย!J9 -> 0 | K9: =SUM(D9:J9) -> 0 | N9: =SUM(L9+M9)-K9 -> 0
B10: 1111085 | C10: ชิฟฟอน 8 ชิ้น บลูเบอรี่ล้วน | D10: ='เช้า '!D10+บ่าย!D10 -> 0 | E10: ='เช้า '!E10+บ่าย!E10 -> 0 | F10: ='เช้า '!F10+บ่าย!F10 -> 0 | G10: ='เช้า '!G10+บ่าย!G10 -> 0 | H10: ='เช้า '!H10+บ่าย!H10 -> 0 | I10: ='เช้า '!I10+บ่าย!I10 -> 0 | J10: ='เช้า '!J10+บ่าย!J10 -> 0 | K10: =SUM(D10:J10) -> 0 | N10: =SUM(L10+M10)-K10 -> 0
B11: 1111086 | C11: ชิฟฟอน 8 ชิ้น มะพร้าวล้วน | D11: ='เช้า '!D11+บ่าย!D11 -> 0 | E11: ='เช้า '!E11+บ่าย!E11 -> 0 | F11: ='เช้า '!F11+บ่าย!F11 -> 0 | G11: ='เช้า '!G11+บ่าย!G11 -> 0 | H11: ='เช้า '!H11+บ่าย!H11 -> 0 | I11: ='เช้า '!I11+บ่าย!I11 -> 0 | J11: ='เช้า '!J11+บ่าย!J11 -> 0 | K11: =SUM(D11:J11) -> 0 | N11: =SUM(L11+M11)-K11 -> 0
B12: 1111087 | C12: ชิฟฟอน 8 ชิ้น สตอเบอรี่ล้วน | D12: ='เช้า '!D12+บ่าย!D12 -> 0 | E12: ='เช้า '!E12+บ่าย!E12 -> 0 | F12: ='เช้า '!F12+บ่าย!F12 -> 0 | G12: ='เช้า '!G12+บ่าย!G12 -> 0 | H12: ='เช้า '!H12+บ่าย!H12 -> 0 | I12: ='เช้า '!I12+บ่าย!I12 -> 0 | J12: ='เช้า '!J12+บ่าย!J12 -> 0 | K12: =SUM(D12:J12) -> 0 | N12: =SUM(L12+M12)-K12 -> 0
B13: 1111088 | C13: ชิฟฟอน 8 ชิ้น ส้มล้วน | D13: ='เช้า '!D13+บ่าย!D13 -> 0 | E13: ='เช้า '!E13+บ่าย!E13 -> 0 | F13: ='เช้า '!F13+บ่าย!F13 -> 0 | G13: ='เช้า '!G13+บ่าย!G13 -> 0 | H13: ='เช้า '!H13+บ่าย!H13 -> 0 | I13: ='เช้า '!I13+บ่าย!I13 -> 0 | J13: ='เช้า '!J13+บ่าย!J13 -> 0 | K13: =SUM(D13:J13) -> 0 | N13: =SUM(L13+M13)-K13 -> 0
B14: 1111089 | C14: ชิฟฟอน 8 ชิ้น เนยล้วน | D14: ='เช้า '!D14+บ่าย!D14 -> 0 | E14: ='เช้า '!E14+บ่าย!E14 -> 0 | F14: ='เช้า '!F14+บ่าย!F14 -> 0 | G14: ='เช้า '!G14+บ่าย!G14 -> 0 | H14: ='เช้า '!H14+บ่าย!H14 -> 0 | I14: ='เช้า '!I14+บ่าย!I14 -> 0 | J14: ='เช้า '!J14+บ่าย!J14 -> 0 | K14: =SUM(D14:J14) -> 0 | N14: =SUM(L14+M14)-K14 -> 0
B15: 1111090 | C15: ชิฟฟอน 8 ชิ้น เผือกล้วน | D15: ='เช้า '!D15+บ่าย!D15 -> 0 | E15: ='เช้า '!E15+บ่าย!E15 -> 0 | F15: ='เช้า '!F15+บ่าย!F15 -> 0 | G15: ='เช้า '!G15+บ่าย!G15 -> 0 | H15: ='เช้า '!H15+บ่าย!H15 -> 0 | I15: ='เช้า '!I15+บ่าย!I15 -> 0 | J15: ='เช้า '!J15+บ่าย!J15 -> 0 | K15: =SUM(D15:J15) -> 0 | N15: =SUM(L15+M15)-K15 -> 0
B16: 1111091 | C16: ชิฟฟอน 8 ชิ้น ใบเตยล้วน | D16: ='เช้า '!D16+บ่าย!D16 -> 0 | E16: ='เช้า '!E16+บ่าย!E16 -> 0 | F16: ='เช้า '!F16+บ่าย!F16 -> 0 | G16: ='เช้า '!G16+บ่าย!G16 -> 0 | H16: ='เช้า '!H16+บ่าย!H16 -> 0 | I16: ='เช้า '!I16+บ่าย!I16 -> 0 | J16: ='เช้า '!J16+บ่าย!J16 -> 0 | K16: =SUM(D16:J16) -> 0 | N16: =SUM(L16+M16)-K16 -> 0
B17: 1111092 | C17: ชิฟฟอน 8 ชิ้น กล้วยหอม | D17: ='เช้า '!D17+บ่าย!D17 -> 0 | E17: ='เช้า '!E17+บ่าย!E17 -> 0 | F17: ='เช้า '!F17+บ่าย!F17 -> 0 | G17: ='เช้า '!G17+บ่าย!G17 -> 0 | H17: ='เช้า '!H17+บ่าย!H17 -> 0 | I17: ='เช้า '!I17+บ่าย!I17 -> 0 | J17: ='เช้า '!J17+บ่าย!J17 -> 0 | K17: =SUM(D17:J17) -> 0 | N17: =SUM(L17+M17)-K17 -> 0
B18: 1111093 | C18: ชิฟฟอน 8 ชิ้น โกโก้ล้วน | D18: ='เช้า '!D18+บ่าย!D18 -> 0 | E18: ='เช้า '!E18+บ่าย!E18 -> 0 | F18: ='เช้า '!F18+บ่าย!F18 -> 0 | G18: ='เช้า '!G18+บ่าย!G18 -> 0 | H18: ='เช้า '!H18+บ่าย!H18 -> 0 | I18: ='เช้า '!I18+บ่าย!I18 -> 0 | J18: ='เช้า '!J18+บ่าย!J18 -> 0 | K18: =SUM(D18:J18) -> 0 | N18: =SUM(L18+M18)-K18 -> 0
B19: 1111094 | C19: ชิฟฟอน 8 ชิ้น ชาไทยล้วน | D19: ='เช้า '!D19+บ่าย!D19 -> 0 | E19: ='เช้า '!E19+บ่าย!E19 -> 0 | F19: ='เช้า '!F19+บ่าย!F19 -> 0 | G19: ='เช้า '!G19+บ่าย!G19 -> 0 | H19: ='เช้า '!H19+บ่าย!H19 -> 0 | I19: ='เช้า '!I19+บ่าย!I19 -> 0 | J19: ='เช้า '!J19+บ่าย!J19 -> 0 | K19: =SUM(D19:J19) -> 0 | N19: =SUM(L19+M19)-K19 -> 0
B20: 1111095 | C20: ชิฟฟอน 8 ชิ้น ชาเขียวล้วน | D20: ='เช้า '!D20+บ่าย!D20 -> 0 | E20: ='เช้า '!E20+บ่าย!E20 -> 0 | F20: ='เช้า '!F20+บ่าย!F20 -> 0 | G20: ='เช้า '!G20+บ่าย!G20 -> 0 | H20: ='เช้า '!H20+บ่าย!H20 -> 0 | I20: ='เช้า '!I20+บ่าย!I20 -> 0 | J20: ='เช้า '!J20+บ่าย!J20 -> 0 | K20: =SUM(D20:J20) -> 0 | N20: =SUM(L20+M20)-K20 -> 0
... B25: 1111056 | C25: ชิฟฟอน 8 ชิ้น รวมรสยอดฮิต | D25: ='เช้า '!D25+บ่าย!D25 -> 0 | E25: ='เช้า '!E25+บ่าย!E25 -> 5 | F25: ='เช้า '!F25+บ่าย!F25 -> 3 | G25: ='เช้า '!G25+บ่าย!G25 -> 1 | H25: ='เช้า '!H25+บ่าย!H25 -> 0 | I25: ='เช้า '!I25+บ่าย!I25 -> 0 | J25: ='เช้า '!J25+บ่าย!J25 -> 0 | K25: =SUM(D25:J25) -> 9 | N25: =SUM(L25+M25)-K25 -> -9
B26: 1004055 | C26: ชิฟฟอนรวมรส 4 ชิ้น | D26: ='เช้า '!D26+บ่าย!D26 -> 0 | E26: ='เช้า '!E26+บ่าย!E26 -> 0 | F26: ='เช้า '!F26+บ่าย!F26 -> 10 | G26: ='เช้า '!G26+บ่าย!G26 -> 45 | H26: ='เช้า '!H26+บ่าย!H26 -> 6 | I26: ='เช้า '!I26+บ่าย!I26 -> 0 | J26: ='เช้า '!J26+บ่าย!J26 -> 0 | K26: =SUM(D26:J26) -> 61 | L26: 150 | N26: =SUM(L26+M26)-K26 -> 89
B27: 1004055 | C27: ชิฟฟอน 4 ชิ้น โกโก้ล้วน | D27: ='เช้า '!D27+บ่าย!D27 -> 0 | E27: ='เช้า '!E27+บ่าย!E27 -> 0 | F27: ='เช้า '!F27+บ่าย!F27 -> 0 | G27: ='เช้า '!G27+บ่าย!G27 -> 0 | H27: ='เช้า '!H27+บ่าย!H27 -> 0 | I27: ='เช้า '!I27+บ่าย!I27 -> 0 | J27: ='เช้า '!J27+บ่าย!J27 -> 0 | K27: =SUM(D27:J27) -> 0 | N27: =SUM(L27+M27)-K27 -> 0
B28: 1004055 | C28: ชิฟฟอน 4 ชิ้น มะพร้าวล้วน | D28: ='เช้า '!D28+บ่าย!D28 -> 0 | E28: ='เช้า '!E28+บ่าย!E28 -> 0 | F28: ='เช้า '!F28+บ่าย!F28 -> 0 | G28: ='เช้า '!G28+บ่าย!G28 -> 0 | H28: ='เช้า '!H28+บ่าย!H28 -> 0 | I28: ='เช้า '!I28+บ่าย!I28 -> 0 | J28: ='เช้า '!J28+บ่าย!J28 -> 0 | K28: =SUM(D28:J28) -> 0 | N28: =SUM(L28+M28)-K28 -> 0
B29: 1004055 | C29: ชิฟฟอน 4 ชิ้น เนยล้วน | D29: ='เช้า '!D29+บ่าย!D29 -> 0 | E29: ='เช้า '!E29+บ่าย!E29 -> 0 | F29: ='เช้า '!F29+บ่าย!F29 -> 0 | G29: ='เช้า '!G29+บ่าย!G29 -> 0 | H29: ='เช้า '!H29+บ่าย!H29 -> 0 | I29: ='เช้า '!I29+บ่าย!I29 -> 0 | J29: ='เช้า '!J29+บ่าย!J29 -> 0 | K29: =SUM(D29:J29) -> 0 | N29: =SUM(L29+M29)-K29 -> 0
B30: 1004055 | C30: ชิฟฟอน 4 ชิ้น กาแฟล้วน | D30: ='เช้า '!D30+บ่าย!D30 -> 0 | E30: ='เช้า '!E30+บ่าย!E30 -> 0 | F30: ='เช้า '!F30+บ่าย!F30 -> 0 | G30: ='เช้า '!G30+บ่าย!G30 -> 0 | H30: ='เช้า '!H30+บ่าย!H30 -> 0 | I30: ='เช้า '!I30+บ่าย!I30 -> 0 | J30: ='เช้า '!J30+บ่าย!J30 -> 0 | K30: =SUM(D30:J30) -> 0 | N30: =SUM(L30+M30)-K30 -> 0
B31: 1004055 | C31: ชิฟฟอน 4 ชิ้น ใบเตยล้วน | D31: ='เช้า '!D31+บ่าย!D31 -> 0 | E31: ='เช้า '!E31+บ่าย!E31 -> 0 | F31: ='เช้า '!F31+บ่าย!F31 -> 0 | G31: ='เช้า '!G31+บ่าย!G31 -> 0 | H31: ='เช้า '!H31+บ่าย!H31 -> 0 | I31: ='เช้า '!I31+บ่าย!I31 -> 0 | J31: ='เช้า '!J31+บ่าย!J31 -> 0 | K31: =SUM(D31:J31) -> 0 | N31: =SUM(L31+M31)-K31 -> 0
B32: 1004055 | C32: ชิฟฟอน 4 ชิ้น บลูเบอร์รี่ล้วน | D32: ='เช้า '!D32+บ่าย!D32 -> 0 | E32: ='เช้า '!E32+บ่าย!E32 -> 0 | F32: ='เช้า '!F32+บ่าย!F32 -> 0 | G32: ='เช้า '!G32+บ่าย!G32 -> 0 | H32: ='เช้า '!H32+บ่าย!H32 -> 0 | I32: ='เช้า '!I32+บ่าย!I32 -> 0 | J32: ='เช้า '!J32+บ่าย!J32 -> 0 | K32: =SUM(D32:J32) -> 0 | N32: =SUM(L32+M32)-K32 -> 0
B33: 1004055 | C33: ชิฟฟอน 4 ชิ้น ส้มล้วน | D33: ='เช้า '!D33+บ่าย!D33 -> 0 | E33: ='เช้า '!E33+บ่าย!E33 -> 0 | F33: ='เช้า '!F33+บ่าย!F33 -> 0 | G33: ='เช้า '!G33+บ่าย!G33 -> 0 | H33: ='เช้า '!H33+บ่าย!H33 -> 0 | I33: ='เช้า '!I33+บ่าย!I33 -> 0 | J33: ='เช้า '!J33+บ่าย!J33 -> 0 | K33: =SUM(D33:J33) -> 0 | N33: =SUM(L33+M33)-K33 -> 0
B34: 1004055 | C34: ชิฟฟอน 4 ชิ้น เผือกล้วน | D34: ='เช้า '!D34+บ่าย!D34 -> 0 | E34: ='เช้า '!E34+บ่าย!E34 -> 0 | F34: ='เช้า '!F34+บ่าย!F34 -> 0 | G34: ='เช้า '!G34+บ่าย!G34 -> 0 | H34: ='เช้า '!H34+บ่าย!H34 -> 0 | I34: ='เช้า '!I34+บ่าย!I34 -> 0 | J34: ='เช้า '!J34+บ่าย!J34 -> 0 | K34: =SUM(D34:J34) -> 0 | N34: =SUM(L34+M34)-K34 -> 0
B35: 1004055 | C35: ชิฟฟอน 4 ชิ้น สตอเบอรี่ล้วน | D35: ='เช้า '!D35+บ่าย!D35 -> 0 | E35: ='เช้า '!E35+บ่าย!E35 -> 0 | F35: ='เช้า '!F35+บ่าย!F35 -> 0 | G35: ='เช้า '!G35+บ่าย!G35 -> 0 | H35: ='เช้า '!H35+บ่าย!H35 -> 0 | I35: ='เช้า '!I35+บ่าย!I35 -> 0 | J35: ='เช้า '!J35+บ่าย!J35 -> 0 | K35: =SUM(D35:J35) -> 0 | N35: =SUM(L35+M35)-K35 -> 0
B36: 1004055 | C36: ชิฟฟอน 4 ชิ้น กล้วยหอมล้วน | D36: ='เช้า '!D36+บ่าย!D36 -> 0 | E36: ='เช้า '!E36+บ่าย!E36 -> 0 | F36: ='เช้า '!F36+บ่าย!F36 -> 0 | G36: ='เช้า '!G36+บ่าย!G36 -> 0 | H36: ='เช้า '!H36+บ่าย!H36 -> 0 | I36: ='เช้า '!I36+บ่าย!I36 -> 0 | J36: ='เช้า '!J36+บ่าย!J36 -> 0 | K36: =SUM(D36:J36) -> 0 | N36: =SUM(L36+M36)-K36 -> 0
B37: 1004055 | C37: ชิฟฟอน 4 ชิ้น ชาเขียวล้วน | D37: ='เช้า '!D37+บ่าย!D37 -> 0 | E37: ='เช้า '!E37+บ่าย!E37 -> 0 | F37: ='เช้า '!F37+บ่าย!F37 -> 0 | G37: ='เช้า '!G37+บ่าย!G37 -> 0 | H37: ='เช้า '!H37+บ่าย!H37 -> 0 | I37: ='เช้า '!I37+บ่าย!I37 -> 0 | J37: ='เช้า '!J37+บ่าย!J37 -> 0 | K37: =SUM(D37:J37) -> 0 | N37: =SUM(L37+M37)-K37 -> 0
B38: 1004055 | C38: ชิฟฟอน 4 ชิ้น ชาไทยล้วน | D38: ='เช้า '!D38+บ่าย!D38 -> 0 | E38: ='เช้า '!E38+บ่าย!E38 -> 0 | F38: ='เช้า '!F38+บ่าย!F38 -> 0 | G38: ='เช้า '!G38+บ่าย!G38 -> 0 | H38: ='เช้า '!H38+บ่าย!H38 -> 0 | I38: ='เช้า '!I38+บ่าย!I38 -> 0 | J38: ='เช้า '!J38+บ่าย!J38 -> 0 | K38: =SUM(D38:J38) -> 0 | N38: =SUM(L38+M38)-K38 -> 0
... B66: 1111010 | C66: ชิฟฟอนไส้แยมแยกชิ้น คละรส | D66: ='เช้า '!D66+บ่าย!D66 -> 0 | E66: ='เช้า '!E66+บ่าย!E66 -> 0 | F66: ='เช้า '!F66+บ่าย!F66 -> 0 | G66: ='เช้า '!G66+บ่าย!G66 -> 0 | H66: ='เช้า '!H66+บ่าย!H66 -> 0 | I66: ='เช้า '!I66+บ่าย!I66 -> 0 | J66: ='เช้า '!J66+บ่าย!J66 -> 0 | K66: =SUM(D66:J66) -> 0 | N66: =SUM(L66+M66)-K66 -> 0
C67: รวม | K67: =SUM(D67:J67) -> 0 | N67: =SUM(L67+M67)-K67 -> 0
B68: ชิฟฟอนไส้แยม 6 ชิ้น
B69: 1111009 | C69: ชิฟฟอนไส้แยมรวมรส 6 ชิ้น | D69: ='เช้า '!D69+บ่าย!D69 -> 0 | E69: ='เช้า '!E69+บ่าย!E69 -> 0 | F69: ='เช้า '!F69+บ่าย!F69 -> 2 | G69: ='เช้า '!G69+บ่าย!G69 -> 2 | H69: ='เช้า '!H69+บ่าย!H69 -> 0 | I69: ='เช้า '!I69+บ่าย!I69 -> 0 | J69: ='เช้า '!J69+บ่าย!J69 -> 0 | K69: =SUM(D69:J69) -> 4 | N69: =SUM(L69+M69)-K69 -> -4
B70: 1111023 | C70: ชิฟฟอนไส้แยมรสสตอเบอร์รี่ล้วน 6 ชิ้น | D70: ='เย็น 102'!D70+'เช้า '!D70+บ่าย!D70 -> 0 | E70: ='เย็น 102'!E70+'เช้า '!E70+บ่าย!E70 -> 0 | F70: ='เย็น 102'!F70+'เช้า '!F70+บ่าย!F70 -> 0 | G70: ='เย็น 102'!G70+'เช้า '!G70+บ่าย!G70 -> 0 | H70: ='เย็น 102'!H70+'เช้า '!H70+บ่าย!H70 -> 0 | I70: ='เย็น 102'!I70+'เช้า '!I70+บ่าย!I70 -> 0 | J70: ='เย็น 102'!J70+'เช้า '!J70+บ่าย!J70 -> 0 | K70: =SUM(D70:J70) -> 0 | N70: =SUM(L70+M70)-K70 -> 0
B71: 1111016 | C71: ชิฟฟอนไส้แยมรสมะพร้าวล้วน 6 ชิ้น | D71: ='เย็น 102'!D71+'เช้า '!D71+บ่าย!D71 -> 0 | E71: ='เย็น 102'!E71+'เช้า '!E71+บ่าย!E71 -> 0 | F71: ='เย็น 102'!F71+'เช้า '!F71+บ่าย!F71 -> 0 | G71: ='เย็น 102'!G71+'เช้า '!G71+บ่าย!G71 -> 0 | H71: ='เย็น 102'!H71+'เช้า '!H71+บ่าย!H71 -> 0 | I71: ='เย็น 102'!I71+'เช้า '!I71+บ่าย!I71 -> 0 | J71: ='เย็น 102'!J71+'เช้า '!J71+บ่าย!J71 -> 0 | K71: =SUM(D71:J71) -> 0 | N71: =SUM(L71+M71)-K71 -> 0
B72: 1111014 | C72: ชิฟฟอนไส้แยมรสช็อกโกแลตนูเทลล่าล้วน 6 ชิ้น | D72: ='เย็น 102'!D72+'เช้า '!D72+บ่าย!D72 -> 0 | E72: ='เย็น 102'!E72+'เช้า '!E72+บ่าย!E72 -> 0 | F72: ='เย็น 102'!F72+'เช้า '!F72+บ่าย!F72 -> 0 | G72: ='เย็น 102'!G72+'เช้า '!G72+บ่าย!G72 -> 0 | H72: ='เย็น 102'!H72+'เช้า '!H72+บ่าย!H72 -> 0 | I72: ='เย็น 102'!I72+'เช้า '!I72+บ่าย!I72 -> 0 | J72: ='เย็น 102'!J72+'เช้า '!J72+บ่าย!J72 -> 0 | K72: =SUM(D72:J72) -> 0 | N72: =SUM(L72+M72)-K72 -> 0
B73: 1111025 | C73: ชิฟฟอนไส้แยมรสส้มล้วน 6 ชิ้น | D73: ='เย็น 102'!D73+'เช้า '!D73+บ่าย!D73 -> 0 | E73: ='เย็น 102'!E73+'เช้า '!E73+บ่าย!E73 -> 0 | F73: ='เย็น 102'!F73+'เช้า '!F73+บ่าย!F73 -> 0 | G73: ='เย็น 102'!G73+'เช้า '!G73+บ่าย!G73 -> 0 | H73: ='เย็น 102'!H73+'เช้า '!H73+บ่าย!H73 -> 0 | I73: ='เย็น 102'!I73+'เช้า '!I73+บ่าย!I73 -> 0 | J73: ='เย็น 102'!J73+'เช้า '!J73+บ่าย!J73 -> 0 | K73: =SUM(D73:J73) -> 0 | N73: =SUM(L73+M73)-K73 -> 0
B74: 1111018 | C74: ชิฟฟอนไส้แยมรสบลูเบอร์รี่ล้วน 6 ชิ้น | D74: ='เย็น 102'!D74+'เช้า '!D74+บ่าย!D74 -> 0 | E74: ='เย็น 102'!E74+'เช้า '!E74+บ่าย!E74 -> 0 | F74: ='เย็น 102'!F74+'เช้า '!F74+บ่าย!F74 -> 0 | G74: ='เย็น 102'!G74+'เช้า '!G74+บ่าย!G74 -> 0 | H74: ='เย็น 102'!H74+'เช้า '!H74+บ่าย!H74 -> 0 | I74: ='เย็น 102'!I74+'เช้า '!I74+บ่าย!I74 -> 0 | J74: ='เย็น 102'!J74+'เช้า '!J74+บ่าย!J74 -> 0 | K74: =SUM(D74:J74) -> 0 | N74: =SUM(L74+M74)-K74 -> 0
B75: 1111012 | C75: ชิฟฟอนไส้แยมรสนมชมพูฮอกไกโดล้วน 6 ชิ้น | D75: ='เย็น 102'!D75+'เช้า '!D75+บ่าย!D75 -> 0 | E75: ='เย็น 102'!E75+'เช้า '!E75+บ่าย!E75 -> 0 | F75: ='เย็น 102'!F75+'เช้า '!F75+บ่าย!F75 -> 0 | G75: ='เย็น 102'!G75+'เช้า '!G75+บ่าย!G75 -> 0 | H75: ='เย็น 102'!H75+'เช้า '!H75+บ่าย!H75 -> 0 | I75: ='เย็น 102'!I75+'เช้า '!I75+บ่าย!I75 -> 0 | J75: ='เย็น 102'!J75+'เช้า '!J75+บ่าย!J75 -> 0 | K75: =SUM(D75:J75) -> 0 | N75: =SUM(L75+M75)-K75 -> 0
B76: 1111020 | C76: ชิฟฟอนไส้แยมฝอยทองไส้ทะลัก 6 ชิ้น | D76: ='เย็น 102'!D76+'เช้า '!D76+บ่าย!D76 -> 0 | E76: ='เย็น 102'!E76+'เช้า '!E76+บ่าย!E76 -> 0 | F76: ='เย็น 102'!F76+'เช้า '!F76+บ่าย!F76 -> 0 | G76: ='เย็น 102'!G76+'เช้า '!G76+บ่าย!G76 -> 0 | H76: ='เย็น 102'!H76+'เช้า '!H76+บ่าย!H76 -> 0 | I76: ='เย็น 102'!I76+'เช้า '!I76+บ่าย!I76 -> 0 | J76: ='เย็น 102'!J76+'เช้า '!J76+บ่าย!J76 -> 0 | K76: =SUM(D76:J76) -> 0 | N76: =SUM(L76+M76)-K76 -> 0
C77: รวม | N77: =SUM(L77+M77)-K77 -> 0
B78: ชิฟฟอนไส้แยม 3 ชิ้น
B79: 1111022 | C79: ชิฟฟอนไส้แยมรสสตอเบอร์รี่ล้วน 3 ชิ้น | D79: ='เย็น 102'!D79+'เช้า '!D79+บ่าย!D79 -> 0 | E79: ='เย็น 102'!E79+'เช้า '!E79+บ่าย!E79 -> 0 | F79: ='เย็น 102'!F79+'เช้า '!F79+บ่าย!F79 -> 0 | G79: ='เย็น 102'!G79+'เช้า '!G79+บ่าย!G79 -> 0 | H79: ='เย็น 102'!H79+'เช้า '!H79+บ่าย!H79 -> 0 | I79: ='เย็น 102'!I79+'เช้า '!I79+บ่าย!I79 -> 0 | J79: ='เย็น 102'!J79+'เช้า '!J79+บ่าย!J79 -> 0 | K79: =SUM(D79:J79) -> 0 | N79: =SUM(L79+M79)-K79 -> 0
B80: 1111015 | C80: ชิฟฟอนไส้แยมรสมะพร้าวล้วน 3 ชิ้น | D80: ='เย็น 102'!D80+'เช้า '!D80+บ่าย!D80 -> 0 | E80: ='เย็น 102'!E80+'เช้า '!E80+บ่าย!E80 -> 0 | F80: ='เย็น 102'!F80+'เช้า '!F80+บ่าย!F80 -> 0 | G80: ='เย็น 102'!G80+'เช้า '!G80+บ่าย!G80 -> 0 | H80: ='เย็น 102'!H80+'เช้า '!H80+บ่าย!H80 -> 0 | I80: ='เย็น 102'!I80+'เช้า '!I80+บ่าย!I80 -> 0 | J80: ='เย็น 102'!J80+'เช้า '!J80+บ่าย!J80 -> 0 | K80: =SUM(D80:J80) -> 0 | N80: =SUM(L80+M80)-K80 -> 0
B81: 1111013 | C81: ชิฟฟอนไส้แยมรสช็อกโกแลตนูเทลล่าล้วน 3 ชิ้น | D81: ='เย็น 102'!D81+'เช้า '!D81+บ่าย!D81 -> 0 | E81: ='เย็น 102'!E81+'เช้า '!E81+บ่าย!E81 -> 0 | F81: ='เย็น 102'!F81+'เช้า '!F81+บ่าย!F81 -> 0 | G81: ='เย็น 102'!G81+'เช้า '!G81+บ่าย!G81 -> 0 | H81: ='เย็น 102'!H81+'เช้า '!H81+บ่าย!H81 -> 0 | I81: ='เย็น 102'!I81+'เช้า '!I81+บ่าย!I81 -> 0 | J81: ='เย็น 102'!J81+'เช้า '!J81+บ่าย!J81 -> 0 | K81: =SUM(D81:J81) -> 0 | N81: =SUM(L81+M81)-K81 -> 0
B82: 1111024 | C82: ชิฟฟอนไส้แยมรสส้มล้วน 3 ชิ้น | D82: ='เย็น 102'!D82+'เช้า '!D82+บ่าย!D82 -> 0 | E82: ='เย็น 102'!E82+'เช้า '!E82+บ่าย!E82 -> 0 | F82: ='เย็น 102'!F82+'เช้า '!F82+บ่าย!F82 -> 0 | G82: ='เย็น 102'!G82+'เช้า '!G82+บ่าย!G82 -> 0 | H82: ='เย็น 102'!H82+'เช้า '!H82+บ่าย!H82 -> 0 | I82: ='เย็น 102'!I82+'เช้า '!I82+บ่าย!I82 -> 0 | J82: ='เย็น 102'!J82+'เช้า '!J82+บ่าย!J82 -> 0 | K82: =SUM(D82:J82) -> 0 | N82: =SUM(L82+M82)-K82 -> 0
B83: 1111017 | C83: ชิฟฟอนไส้แยมรสบลูเบอร์รี่ล้วน 3 ชิ้น | D83: ='เย็น 102'!D83+'เช้า '!D83+บ่าย!D83 -> 0 | E83: ='เย็น 102'!E83+'เช้า '!E83+บ่าย!E83 -> 0 | F83: ='เย็น 102'!F83+'เช้า '!F83+บ่าย!F83 -> 0 | G83: ='เย็น 102'!G83+'เช้า '!G83+บ่าย!G83 -> 0 | H83: ='เย็น 102'!H83+'เช้า '!H83+บ่าย!H83 -> 0 | I83: ='เย็น 102'!I83+'เช้า '!I83+บ่าย!I83 -> 0 | J83: ='เย็น 102'!J83+'เช้า '!J83+บ่าย!J83 -> 0 | K83: =SUM(D83:J83) -> 0 | N83: =SUM(L83+M83)-K83 -> 0
B84: 1111011 | C84: ชิฟฟอนไส้แยมรสนมชมพูฮอกไกโดล้วน 3 ชิ้น | D84: ='เย็น 102'!D84+'เช้า '!D84+บ่าย!D84 -> 0 | E84: ='เย็น 102'!E84+'เช้า '!E84+บ่าย!E84 -> 0 | F84: ='เย็น 102'!F84+'เช้า '!F84+บ่าย!F84 -> 0 | G84: ='เย็น 102'!G84+'เช้า '!G84+บ่าย!G84 -> 0 | H84: ='เย็น 102'!H84+'เช้า '!H84+บ่าย!H84 -> 0 | I84: ='เย็น 102'!I84+'เช้า '!I84+บ่าย!I84 -> 0 | J84: ='เย็น 102'!J84+'เช้า '!J84+บ่าย!J84 -> 0 | K84: =SUM(D84:J84) -> 0 | N84: =SUM(L84+M84)-K84 -> 0
B85: 1111019 | C85: ชิฟฟอนไส้แยมฝอยทองไส้ทะลัก 3 ชิ้น | D85: ='เย็น 102'!D85+'เช้า '!D85+บ่าย!D85 -> 0 | E85: ='เย็น 102'!E85+'เช้า '!E85+บ่าย!E85 -> 0 | F85: ='เย็น 102'!F85+'เช้า '!F85+บ่าย!F85 -> 0 | G85: ='เย็น 102'!G85+'เช้า '!G85+บ่าย!G85 -> 0 | H85: ='เย็น 102'!H85+'เช้า '!H85+บ่าย!H85 -> 0 | I85: ='เย็น 102'!I85+'เช้า '!I85+บ่าย!I85 -> 0 | J85: ='เย็น 102'!J85+'เช้า '!J85+บ่าย!J85 -> 0 | K85: =SUM(D85:J85) -> 0 | N85: =SUM(L85+M85)-K85 -> 0
B86: 1113081 | C86: ชิฟฟอนไส้แยม วนิลา/ใบเตย/เมล่อน | D86: ='เย็น 102'!D86+'เช้า '!D86+บ่าย!D86 -> 0 | E86: ='เย็น 102'!E86+'เช้า '!E86+บ่าย!E86 -> 0 | F86: ='เย็น 102'!F86+'เช้า '!F86+บ่าย!F86 -> 0 | G86: ='เย็น 102'!G86+'เช้า '!G86+บ่าย!G86 -> 0 | H86: ='เย็น 102'!H86+'เช้า '!H86+บ่าย!H86 -> 0 | I86: ='เย็น 102'!I86+'เช้า '!I86+บ่าย!I86 -> 0 | J86: ='เย็น 102'!J86+'เช้า '!J86+บ่าย!J86 -> 0 | K86: =SUM(D86:J86) -> 0 | N86: =SUM(L86+M86)-K86 -> 0
B87: 1111008 | C87: ชิฟฟอนไส้แยมรวมรส 3 ชิ้น | D87: ='เช้า '!D87+บ่าย!D87 -> 6 | E87: ='เช้า '!E87+บ่าย!E87 -> 6 | F87: ='เช้า '!F87+บ่าย!F87 -> 3 | G87: ='เช้า '!G87+บ่าย!G87 -> 63 | H87: ='เช้า '!H87+บ่าย!H87 -> 18 | I87: ='เช้า '!I87+บ่าย!I87 -> 0 | J87: ='เช้า '!J87+บ่าย!J87 -> 0 | K87: =SUM(D87:J87) -> 96 | N87: =SUM(L87+M87)-K87 -> -96
C88: รวม | K88: =SUM(D88:J88) -> 0 | N88: =SUM(L88+M88)-K88 -> 0
B89: เบาหวิว ล 110 กรัม
B90: 1112009 | C90: มะพร้าว | D90: ='เช้า '!D90+บ่าย!D90 -> 0 | E90: ='เช้า '!E90+บ่าย!E90 -> 6 | F90: ='เช้า '!F90+บ่าย!F90 -> 6 | G90: ='เช้า '!G90+บ่าย!G90 -> 38 | H90: ='เช้า '!H90+บ่าย!H90 -> 3 | I90: ='เช้า '!I90+บ่าย!I90 -> 0 | J90: ='เช้า '!J90+บ่าย!J90 -> 0 | K90: =SUM(D90:J90) -> 53 | N90: =SUM(L90+M90)-K90 -> -53
B91: 1112011 | C91: ฝอยทอง | D91: ='เช้า '!D91+บ่าย!D91 -> 1 | E91: ='เช้า '!E91+บ่าย!E91 -> 8 | F91: ='เช้า '!F91+บ่าย!F91 -> 34 | G91: ='เช้า '!G91+บ่าย!G91 -> 36 | H91: ='เช้า '!H91+บ่าย!H91 -> 3 | I91: ='เช้า '!I91+บ่าย!I91 -> 0 | J91: ='เช้า '!J91+บ่าย!J91 -> 1 | K91: =SUM(D91:J91) -> 83 | N91: =SUM(L91+M91)-K91 -> -83
B92: 1112003 | C92: กาแฟ | D92: ='เช้า '!D92+บ่าย!D92 -> 0 | E92: ='เช้า '!E92+บ่าย!E92 -> 0 | F92: ='เช้า '!F92+บ่าย!F92 -> 1 | G92: ='เช้า '!G92+บ่าย!G92 -> 2 | H92: ='เช้า '!H92+บ่าย!H92 -> 0 | I92: ='เช้า '!I92+บ่าย!I92 -> 0 | J92: ='เช้า '!J92+บ่าย!J92 -> 0 | K92: =SUM(D92:J92) -> 3 | N92: =SUM(L92+M92)-K92 -> -3
B93: 1112005 | C93: เนยนม | D93: ='เช้า '!D93+บ่าย!D93 -> 0 | E93: ='เช้า '!E93+บ่าย!E93 -> 0 | F93: ='เช้า '!F93+บ่าย!F93 -> 0 | G93: ='เช้า '!G93+บ่าย!G93 -> 0 | H93: ='เช้า '!H93+บ่าย!H93 -> 0 | I93: ='เช้า '!I93+บ่าย!I93 -> 0 | J93: ='เช้า '!J93+บ่าย!J93 -> 0 | K93: =SUM(D93:J93) -> 0 | N93: =SUM(L93+M93)-K93 -> 0
B94: 1112007 | C94: ใบเตย | D94: ='เช้า '!D94+บ่าย!D94 -> 0 | E94: ='เช้า '!E94+บ่าย!E94 -> 0 | F94: ='เช้า '!F94+บ่าย!F94 -> 0 | G94: ='เช้า '!G94+บ่าย!G94 -> 0 | H94: ='เช้า '!H94+บ่าย!H94 -> 0 | I94: ='เช้า '!I94+บ่าย!I94 -> 0 | J94: ='เช้า '!J94+บ่าย!J94 -> 0 | K94: =SUM(D94:J94) -> 0 | N94: =SUM(L94+M94)-K94 -> 0
B95: 1112019 | C95: ทุเรียน | D95: ='เช้า '!D95+บ่าย!D95 -> 0 | E95: ='เช้า '!E95+บ่าย!E95 -> 0 | F95: ='เช้า '!F95+บ่าย!F95 -> 0 | G95: ='เช้า '!G95+บ่าย!G95 -> 0 | H95: ='เช้า '!H95+บ่าย!H95 -> 0 | I95: ='เช้า '!I95+บ่าย!I95 -> 0 | J95: ='เช้า '!J95+บ่าย!J95 -> 0 | K95: =SUM(D95:J95) -> 0 | N95: =SUM(L95+M95)-K95 -> 0
B96: 1112017 | C96: ตาลหอม | D96: ='เช้า '!D96+บ่าย!D96 -> 0 | E96: ='เช้า '!E96+บ่าย!E96 -> 0 | F96: ='เช้า '!F96+บ่าย!F96 -> 1 | G96: ='เช้า '!G96+บ่าย!G96 -> 2 | H96: ='เช้า '!H96+บ่าย!H96 -> 0 | I96: ='เช้า '!I96+บ่าย!I96 -> 0 | J96: ='เช้า '!J96+บ่าย!J96 -> 0 | K96: =SUM(D96:J96) -> 3 | N96: =SUM(L96+M96)-K96 -> -3
B97: 1112015 | C97: กล้วยหอมมะพร้าวเผา | D97: ='เช้า '!D97+บ่าย!D97 -> 0 | E97: ='เช้า '!E97+บ่าย!E97 -> 0 | F97: ='เช้า '!F97+บ่าย!F97 -> 1 | G97: ='เช้า '!G97+บ่าย!G97 -> 2 | H97: ='เช้า '!H97+บ่าย!H97 -> 0 | I97: ='เช้า '!I97+บ่าย!I97 -> 0 | J97: ='เช้า '!J97+บ่าย!J97 -> 0 | K97: =SUM(D97:J97) -> 3 | N97: =SUM(L97+M97)-K97 -> -3
B98: 1112013 | C98: เผือกมะพร้าวอ่อน | D98: ='เช้า '!D98+บ่าย!D98 -> 0 | E98: ='เช้า '!E98+บ่าย!E98 -> 4 | F98: ='เช้า '!F98+บ่าย!F98 -> 15 | G98: ='เช้า '!G98+บ่าย!G98 -> 36 | H98: ='เช้า '!H98+บ่าย!H98 -> 3 | I98: ='เช้า '!I98+บ่าย!I98 -> 0 | J98: ='เช้า '!J98+บ่าย!J98 -> 1 | K98: =SUM(D98:J98) -> 59 | N98: =SUM(L98+M98)-K98 -> -59
B99: 1124043 | C99: เบาหวิว คละรส | D99: ='เย็น 102'!D99+'เช้า '!D99+บ่าย!D99 -> 0 | E99: ='เย็น 102'!E99+'เช้า '!E99+บ่าย!E99 -> 0 | F99: ='เย็น 102'!F99+'เช้า '!F99+บ่าย!F99 -> 0 | G99: ='เย็น 102'!G99+'เช้า '!G99+บ่าย!G99 -> 0 | H99: ='เย็น 102'!H99+'เช้า '!H99+บ่าย!H99 -> 0 | I99: ='เย็น 102'!I99+'เช้า '!I99+บ่าย!I99 -> 0 | J99: ='เย็น 102'!J99+'เช้า '!J99+บ่าย!J99 -> 0 | K99: =SUM(D99:J99) -> 0 | N99: =SUM(L99+M99)-K99 -> 0
C100: รวม | K100: =SUM(K90:K99) -> 204 | N100: =SUM(L100+M100)-K100 -> -204
B101: เบาหวิว ญ 300 กรัม
B102: 1112008 | C102: มะพร้าว | D102: ='เย็น 102'!D102+'เช้า '!D102+บ่าย!D102 -> 0 | E102: ='เย็น 102'!E102+'เช้า '!E102+บ่าย!E102 -> 0 | F102: ='เย็น 102'!F102+'เช้า '!F102+บ่าย!F102 -> 0 | G102: ='เย็น 102'!G102+'เช้า '!G102+บ่าย!G102 -> 0 | H102: ='เย็น 102'!H102+'เช้า '!H102+บ่าย!H102 -> 0 | I102: ='เย็น 102'!I102+'เช้า '!I102+บ่าย!I102 -> 0 | J102: ='เย็น 102'!J102+'เช้า '!J102+บ่าย!J102 -> 0 | K102: =SUM(D102:J102) -> 0 | N102: =SUM(L102+M102)-K102 -> 0
B103: 1112010 | C103: ฝอยทอง | D103: ='เย็น 102'!D103+'เช้า '!D103+บ่าย!D103 -> 0 | E103: ='เย็น 102'!E103+'เช้า '!E103+บ่าย!E103 -> 0 | F103: ='เย็น 102'!F103+'เช้า '!F103+บ่าย!F103 -> 0 | G103: ='เย็น 102'!G103+'เช้า '!G103+บ่าย!G103 -> 0 | H103: ='เย็น 102'!H103+'เช้า '!H103+บ่าย!H103 -> 0 | I103: ='เย็น 102'!I103+'เช้า '!I103+บ่าย!I103 -> 0 | J103: ='เย็น 102'!J103+'เช้า '!J103+บ่าย!J103 -> 0 | K103: =SUM(D103:J103) -> 0 | N103: =SUM(L103+M103)-K103 -> 0
B104: 1112002 | C104: กาแฟ | D104: ='เย็น 102'!D104+'เช้า '!D104+บ่าย!D104 -> 0 | E104: ='เย็น 102'!E104+'เช้า '!E104+บ่าย!E104 -> 0 | F104: ='เย็น 102'!F104+'เช้า '!F104+บ่าย!F104 -> 0 | G104: ='เย็น 102'!G104+'เช้า '!G104+บ่าย!G104 -> 0 | H104: ='เย็น 102'!H104+'เช้า '!H104+บ่าย!H104 -> 0 | I104: ='เย็น 102'!I104+'เช้า '!I104+บ่าย!I104 -> 0 | J104: ='เย็น 102'!J104+'เช้า '!J104+บ่าย!J104 -> 0 | K104: =SUM(D104:J104) -> 0 | N104: =SUM(L104+M104)-K104 -> 0
B105: 1112004 | C105: เนยนม | D105: ='เย็น 102'!D105+'เช้า '!D105+บ่าย!D105 -> 0 | E105: ='เย็น 102'!E105+'เช้า '!E105+บ่าย!E105 -> 0 | F105: ='เย็น 102'!F105+'เช้า '!F105+บ่าย!F105 -> 0 | G105: ='เย็น 102'!G105+'เช้า '!G105+บ่าย!G105 -> 0 | H105: ='เย็น 102'!H105+'เช้า '!H105+บ่าย!H105 -> 0 | I105: ='เย็น 102'!I105+'เช้า '!I105+บ่าย!I105 -> 0 | J105: ='เย็น 102'!J105+'เช้า '!J105+บ่าย!J105 -> 0 | K105: =SUM(D105:J105) -> 0 | N105: =SUM(L105+M105)-K105 -> 0
B106: 1112006 | C106: ใบเตย | D106: ='เย็น 102'!D106+'เช้า '!D106+บ่าย!D106 -> 0 | E106: ='เย็น 102'!E106+'เช้า '!E106+บ่าย!E106 -> 0 | F106: ='เย็น 102'!F106+'เช้า '!F106+บ่าย!F106 -> 0 | G106: ='เย็น 102'!G106+'เช้า '!G106+บ่าย!G106 -> 0 | H106: ='เย็น 102'!H106+'เช้า '!H106+บ่าย!H106 -> 0 | I106: ='เย็น 102'!I106+'เช้า '!I106+บ่าย!I106 -> 0 | J106: ='เย็น 102'!J106+'เช้า '!J106+บ่าย!J106 -> 0 | K106: =SUM(D106:J106) -> 0 | N106: =SUM(L106+M106)-K106 -> 0
B107: 1112018 | C107: ทุเรียน | D107: ='เย็น 102'!D107+'เช้า '!D107+บ่าย!D107 -> 0 | E107: ='เย็น 102'!E107+'เช้า '!E107+บ่าย!E107 -> 0 | F107: ='เย็น 102'!F107+'เช้า '!F107+บ่าย!F107 -> 0 | G107: ='เย็น 102'!G107+'เช้า '!G107+บ่าย!G107 -> 0 | H107: ='เย็น 102'!H107+'เช้า '!H107+บ่าย!H107 -> 0 | I107: ='เย็น 102'!I107+'เช้า '!I107+บ่าย!I107 -> 0 | J107: ='เย็น 102'!J107+'เช้า '!J107+บ่าย!J107 -> 0 | K107: =SUM(D107:J107) -> 0 | N107: =SUM(L107+M107)-K107 -> 0
B108: 1112016 | C108: ตาลหอม | D108: ='เย็น 102'!D108+'เช้า '!D108+บ่าย!D108 -> 0 | E108: ='เย็น 102'!E108+'เช้า '!E108+บ่าย!E108 -> 0 | F108: ='เย็น 102'!F108+'เช้า '!F108+บ่าย!F108 -> 0 | G108: ='เย็น 102'!G108+'เช้า '!G108+บ่าย!G108 -> 0 | H108: ='เย็น 102'!H108+'เช้า '!H108+บ่าย!H108 -> 0 | I108: ='เย็น 102'!I108+'เช้า '!I108+บ่าย!I108 -> 0 | J108: ='เย็น 102'!J108+'เช้า '!J108+บ่าย!J108 -> 0 | K108: =SUM(D108:J108) -> 0 | N108: =SUM(L108+M108)-K108 -> 0
B109: 1112014 | C109: กล้วยหอมมะพร้าวเผา | D109: ='เย็น 102'!D109+'เช้า '!D109+บ่าย!D109 -> 0 | E109: ='เย็น 102'!E109+'เช้า '!E109+บ่าย!E109 -> 0 | F109: ='เย็น 102'!F109+'เช้า '!F109+บ่าย!F109 -> 0 | G109: ='เย็น 102'!G109+'เช้า '!G109+บ่าย!G109 -> 0 | H109: ='เย็น 102'!H109+'เช้า '!H109+บ่าย!H109 -> 0 | I109: ='เย็น 102'!I109+'เช้า '!I109+บ่าย!I109 -> 0 | J109: ='เย็น 102'!J109+'เช้า '!J109+บ่าย!J109 -> 0 | K109: =SUM(D109:J109) -> 0 | N109: =SUM(L109+M109)-K109 -> 0
B110: 1112012 | C110: เผือกมะพร้าวอ่อน | D110: ='เย็น 102'!D110+'เช้า '!D110+บ่าย!D110 -> 0 | E110: ='เย็น 102'!E110+'เช้า '!E110+บ่าย!E110 -> 0 | F110: ='เย็น 102'!F110+'เช้า '!F110+บ่าย!F110 -> 0 | G110: ='เย็น 102'!G110+'เช้า '!G110+บ่าย!G110 -> 0 | H110: ='เย็น 102'!H110+'เช้า '!H110+บ่าย!H110 -> 0 | I110: ='เย็น 102'!I110+'เช้า '!I110+บ่าย!I110 -> 0 | J110: ='เย็น 102'!J110+'เช้า '!J110+บ่าย!J110 -> 0 | K110: =SUM(D110:J110) -> 0 | N110: =SUM(L110+M110)-K110 -> 0
C111: เบาหวิว คละรส | D111: ='เย็น 102'!D111+'เช้า '!D111+บ่าย!D111 -> 0 | E111: ='เย็น 102'!E111+'เช้า '!E111+บ่าย!E111 -> 0 | F111: ='เย็น 102'!F111+'เช้า '!F111+บ่าย!F111 -> 0 | G111: ='เย็น 102'!G111+'เช้า '!G111+บ่าย!G111 -> 0 | H111: ='เย็น 102'!H111+'เช้า '!H111+บ่าย!H111 -> 0 | I111: ='เย็น 102'!I111+'เช้า '!I111+บ่าย!I111 -> 0 | J111: ='เย็น 102'!J111+'เช้า '!J111+บ่าย!J111 -> 0 | K111: =SUM(D111:J111) -> 0 | N111: =SUM(L111+M111)-K111 -> 0
C112: รวม | K112: =SUM(D112:J112) -> 0 | N112: =SUM(L112+M112)-K112 -> 0
B113: อื่นๆ
B114: 1113170 | C114: ขนมเปี๊ยะถั่วฝอยทองไข่เค็ม 450 กรัม | D114: ='เย็น 102'!D114+'เช้า '!D114+บ่าย!D114 -> 0 | E114: ='เย็น 102'!E114+'เช้า '!E114+บ่าย!E114 -> 0 | F114: ='เย็น 102'!F114+'เช้า '!F114+บ่าย!F114 -> 0 | G114: ='เย็น 102'!G114+'เช้า '!G114+บ่าย!G114 -> 0 | H114: ='เย็น 102'!H114+'เช้า '!H114+บ่าย!H114 -> 0 | I114: ='เย็น 102'!I114+'เช้า '!I114+บ่าย!I114 -> 0 | J114: ='เย็น 102'!J114+'เช้า '!J114+บ่าย!J114 -> 0 | K114: =SUM(D114:J114) -> 0 | N114: =SUM(L114+M114)-K114 -> 0
B115: 1113171 | C115: ขนมเปี๊ยะฟักถั่วไข่เค็ม 450 กรัม | D115: ='เย็น 102'!D115+'เช้า '!D115+บ่าย!D115 -> 0 | E115: ='เย็น 102'!E115+'เช้า '!E115+บ่าย!E115 -> 0 | F115: ='เย็น 102'!F115+'เช้า '!F115+บ่าย!F115 -> 0 | G115: ='เย็น 102'!G115+'เช้า '!G115+บ่าย!G115 -> 0 | H115: ='เย็น 102'!H115+'เช้า '!H115+บ่าย!H115 -> 0 | I115: ='เย็น 102'!I115+'เช้า '!I115+บ่าย!I115 -> 0 | J115: ='เย็น 102'!J115+'เช้า '!J115+บ่าย!J115 -> 0 | K115: =SUM(D115:J115) -> 0 | N115: =SUM(L115+M115)-K115 -> 0
B116: 1113172 | C116: ขนมเปี๊ยะเผือกฝอยทองไข่เค็ม 450 กรัม | D116: ='เย็น 102'!D116+'เช้า '!D116+บ่าย!D116 -> 0 | E116: ='เย็น 102'!E116+'เช้า '!E116+บ่าย!E116 -> 0 | F116: ='เย็น 102'!F116+'เช้า '!F116+บ่าย!F116 -> 0 | G116: ='เย็น 102'!G116+'เช้า '!G116+บ่าย!G116 -> 0 | H116: ='เย็น 102'!H116+'เช้า '!H116+บ่าย!H116 -> 0 | I116: ='เย็น 102'!I116+'เช้า '!I116+บ่าย!I116 -> 0 | J116: ='เย็น 102'!J116+'เช้า '!J116+บ่าย!J116 -> 0 | K116: =SUM(D116:J116) -> 0 | N116: =SUM(L116+M116)-K116 -> 0
B117: 1113173 | C117: ขนมเปี๊ยะงาดำฝอยทองไข่เค็ม 450 กรัม | D117: ='เย็น 102'!D117+'เช้า '!D117+บ่าย!D117 -> 0 | E117: ='เย็น 102'!E117+'เช้า '!E117+บ่าย!E117 -> 0 | F117: ='เย็น 102'!F117+'เช้า '!F117+บ่าย!F117 -> 0 | G117: ='เย็น 102'!G117+'เช้า '!G117+บ่าย!G117 -> 0 | H117: ='เย็น 102'!H117+'เช้า '!H117+บ่าย!H117 -> 0 | I117: ='เย็น 102'!I117+'เช้า '!I117+บ่าย!I117 -> 0 | J117: ='เย็น 102'!J117+'เช้า '!J117+บ่าย!J117 -> 0 | K117: =SUM(D117:J117) -> 0 | N117: =SUM(L117+M117)-K117 -> 0
B118: 1100003 | C118: เมอแรงค์ กระปุก | D118: ='เช้า '!D118+บ่าย!D118 -> 0 | E118: ='เช้า '!E118+บ่าย!E118 -> 1 | F118: ='เช้า '!F118+บ่าย!F118 -> 1 | G118: ='เช้า '!G118+บ่าย!G118 -> 0 | H118: ='เช้า '!H118+บ่าย!H118 -> 0 | I118: ='เช้า '!I118+บ่าย!I118 -> 0 | J118: ='เช้า '!J118+บ่าย!J118 -> 1 | K118: =SUM(D118:J118) -> 3 | N118: =SUM(L118+M118)-K118 -> -3
B119: 1100001 | C119: พายสับปรด 1 ชิ้น | D119: ='เช้า '!D119+บ่าย!D119 -> 0 | E119: ='เช้า '!E119+บ่าย!E119 -> 13 | F119: ='เช้า '!F119+บ่าย!F119 -> 0 | G119: ='เช้า '!G119+บ่าย!G119 -> 0 | H119: ='เช้า '!H119+บ่าย!H119 -> 0 | I119: ='เช้า '!I119+บ่าย!I119 -> 0 | J119: ='เช้า '!J119+บ่าย!J119 -> 0 | K119: =SUM(D119:J119) -> 13 | N119: =SUM(L119+M119)-K119 -> -13
B120: 1100002 | C120: พายสับปรด 1 กล่อง | D120: ='เช้า '!D120+บ่าย!D120 -> 0 | E120: ='เช้า '!E120+บ่าย!E120 -> 0 | F120: ='เช้า '!F120+บ่าย!F120 -> 0 | G120: ='เช้า '!G120+บ่าย!G120 -> 0 | H120: ='เช้า '!H120+บ่าย!H120 -> 0 | I120: ='เช้า '!I120+บ่าย!I120 -> 0 | J120: ='เช้า '!J120+บ่าย!J120 -> 0 | K120: =SUM(D120:J120) -> 0 | N120: =SUM(L120+M120)-K120 -> 0
B121: 1200001 | C121: คอนเฟลค | D121: ='เช้า '!D121+บ่าย!D121 -> 0 | E121: ='เช้า '!E121+บ่าย!E121 -> 4 | F121: ='เช้า '!F121+บ่าย!F121 -> 0 | G121: ='เช้า '!G121+บ่าย!G121 -> 0 | H121: ='เช้า '!H121+บ่าย!H121 -> 0 | I121: ='เช้า '!I121+บ่าย!I121 -> 0 | J121: ='เช้า '!J121+บ่าย!J121 -> 0 | K121: =SUM(D121:J121) -> 4 | N121: =SUM(L121+M121)-K121 -> -4
B122: 1005761 | C122: ปังกรอบคาราเมล(ถุง) | D122: ='เช้า '!D122+บ่าย!D122 -> 0 | E122: ='เช้า '!E122+บ่าย!E122 -> 2 | F122: ='เช้า '!F122+บ่าย!F122 -> 2 | G122: ='เช้า '!G122+บ่าย!G122 -> 0 | H122: ='เช้า '!H122+บ่าย!H122 -> 0 | I122: ='เช้า '!I122+บ่าย!I122 -> 0 | J122: ='เช้า '!J122+บ่าย!J122 -> 0 | K122: =SUM(D122:J122) -> 4 | N122: =SUM(L122+M122)-K122 -> -4
B123: 1114501 | C123: ครีมฮอร์นไส้เนย วนิลา | D123: ='เช้า '!D123+บ่าย!D123 -> 0 | E123: ='เช้า '!E123+บ่าย!E123 -> 4 | F123: ='เช้า '!F123+บ่าย!F123 -> 15 | G123: ='เช้า '!G123+บ่าย!G123 -> 165 | H123: ='เช้า '!H123+บ่าย!H123 -> 53 | I123: ='เช้า '!I123+บ่าย!I123 -> 0 | J123: ='เช้า '!J123+บ่าย!J123 -> 1 | K123: =SUM(D123:J123) -> 238 | L123: 50 | M123: 520 | N123: =SUM(L123+M123)-K123 -> 332
B124: 1114502 | C124: ครีมฮอร์นไส้เนย ใบเตย | D124: ='เช้า '!D124+บ่าย!D124 -> 0 | E124: ='เช้า '!E124+บ่าย!E124 -> 1 | F124: ='เช้า '!F124+บ่าย!F124 -> 11 | G124: ='เช้า '!G124+บ่าย!G124 -> 165 | H124: ='เช้า '!H124+บ่าย!H124 -> 53 | I124: ='เช้า '!I124+บ่าย!I124 -> 0 | J124: ='เช้า '!J124+บ่าย!J124 -> 0 | K124: =SUM(D124:J124) -> 230 | M124: 224 | N124: =SUM(L124+M124)-K124 -> -6
B125: 1114503 | C125: ครีมฮอร์นไส้เนย ชอค | D125: ='เช้า '!D125+บ่าย!D125 -> 0 | E125: ='เช้า '!E125+บ่าย!E125 -> 2 | F125: ='เช้า '!F125+บ่าย!F125 -> 11 | G125: ='เช้า '!G125+บ่าย!G125 -> 165 | H125: ='เช้า '!H125+บ่าย!H125 -> 54 | I125: ='เช้า '!I125+บ่าย!I125 -> 0 | J125: ='เช้า '!J125+บ่าย!J125 -> 0 | K125: =SUM(D125:J125) -> 232 | M125: 545 | N125: =SUM(L125+M125)-K125 -> 313
B126: 1124021 | C126: ขนมปังหั่นสไลด์ | D126: ='เช้า '!D126+บ่าย!D126 -> 0 | E126: ='เช้า '!E126+บ่าย!E126 -> 43 | F126: ='เช้า '!F126+บ่าย!F126 -> 90 | G126: ='เช้า '!G126+บ่าย!G126 -> 39 | H126: ='เช้า '!H126+บ่าย!H126 -> 18 | I126: ='เช้า '!I126+บ่าย!I126 -> 0 | J126: ='เช้า '!J126+บ่าย!J126 -> 0 | K126: =SUM(D126:J126) -> 190 | L126: 200 | N126: =SUM(L126+M126)-K126 -> 10
B127: 1113084 | C127: ปังเนยนิ่ม กล่อง 2 ชิ้น | D127: ='เช้า '!D127+บ่าย!D127 -> 0 | E127: ='เช้า '!E127+บ่าย!E127 -> 0 | F127: ='เช้า '!F127+บ่าย!F127 -> 0 | G127: ='เช้า '!G127+บ่าย!G127 -> 0 | H127: ='เช้า '!H127+บ่าย!H127 -> 0 | I127: ='เช้า '!I127+บ่าย!I127 -> 0 | J127: ='เช้า '!J127+บ่าย!J127 -> 0 | K127: =SUM(D127:J127) -> 0 | N127: =SUM(L127+M127)-K127 -> 0
B128: 900003 | C128: กล่องเปล่าชิฟอน ล | D128: ='เช้า '!D128+บ่าย!D128 -> 0 | E128: ='เช้า '!E128+บ่าย!E128 -> 0 | F128: ='เช้า '!F128+บ่าย!F128 -> 0 | G128: ='เช้า '!G128+บ่าย!G128 -> 0 | H128: ='เช้า '!H128+บ่าย!H128 -> 0 | I128: ='เช้า '!I128+บ่าย!I128 -> 0 | J128: ='เช้า '!J128+บ่าย!J128 -> 0 | K128: =SUM(D128:J128) -> 0 | N128: =SUM(L128+M128)-K128 -> 0
B129: 900004 | C129: กล่องเปล่าชิฟอน ญ | D129: ='เช้า '!D129+บ่าย!D129 -> 0 | E129: ='เช้า '!E129+บ่าย!E129 -> 0 | F129: ='เช้า '!F129+บ่าย!F129 -> 0 | G129: ='เช้า '!G129+บ่าย!G129 -> 0 | H129: ='เช้า '!H129+บ่าย!H129 -> 0 | I129: ='เช้า '!I129+บ่าย!I129 -> 0 | J129: ='เช้า '!J129+บ่าย!J129 -> 0 | K129: =SUM(D129:J129) -> 0 | N129: =SUM(L129+M129)-K129 -> 0
B130: 1200002 | C130: ทอฟฟี่ถั่ว กล่อง | D130: ='เช้า '!D130+บ่าย!D130 -> 0 | E130: ='เช้า '!E130+บ่าย!E130 -> 2 | F130: ='เช้า '!F130+บ่าย!F130 -> 0 | G130: ='เช้า '!G130+บ่าย!G130 -> 0 | H130: ='เช้า '!H130+บ่าย!H130 -> 0 | I130: ='เช้า '!I130+บ่าย!I130 -> 0 | J130: ='เช้า '!J130+บ่าย!J130 -> 0 | K130: =SUM(D130:J130) -> 2 | N130: =SUM(L130+M130)-K130 -> -2
B131: 1200003 | C131: ทอฟฟี่ถั่ว กระเช้า | D131: ='เช้า '!D131+บ่าย!D131 -> 0 | E131: ='เช้า '!E131+บ่าย!E131 -> 0 | F131: ='เช้า '!F131+บ่าย!F131 -> 0 | G131: ='เช้า '!G131+บ่าย!G131 -> 0 | H131: ='เช้า '!H131+บ่าย!H131 -> 0 | I131: ='เช้า '!I131+บ่าย!I131 -> 0 | J131: ='เช้า '!J131+บ่าย!J131 -> 0 | K131: =SUM(D131:J131) -> 0 | N131: =SUM(L131+M131)-K131 -> 0
B132: 1200004 | C132: ทอฟฟี่ถั่ว กระปุก | D132: ='เช้า '!D132+บ่าย!D132 -> 0 | E132: ='เช้า '!E132+บ่าย!E132 -> 0 | F132: ='เช้า '!F132+บ่าย!F132 -> 0 | G132: ='เช้า '!G132+บ่าย!G132 -> 0 | H132: ='เช้า '!H132+บ่าย!H132 -> 0 | I132: ='เช้า '!I132+บ่าย!I132 -> 0 | J132: ='เช้า '!J132+บ่าย!J132 -> 0 | K132: =SUM(D132:J132) -> 0 | N132: =SUM(L132+M132)-K132 -> 0
...
