Workbook

Sheet เย็น 386
B1: ยอดจริง ออนไลน์ วันที่ 2/11/2567 - เย็น
K2: ยอดรวมผลิต
K3: จำนวน
B4: รหัสสินค้า | C4: สินค้า | D4: ปณ | E4: ชอปปี้ | F4: ลาซาด้า | G4: ติ๊กตอก | H4: ติ๊กตอก2 | I4: ติ๊กตอก3 | J4: ชอยส์ | K4: (กล่อง)
B6: ชิฟฟอนรวมรส
B7: 1111002 | C7: ชิฟฟอนรวมรส 8 ชิ้น | E7: 16 | F7: 19 | K7: =SUM(D7:J7) -> 35
C8: ชิฟฟอนแบบกล่องสุ่มอะไรก็ได้ที่มี | K8: =SUM(D8:J8) -> 0
B9: 1111084 | C9: ชิฟฟอน 8 ชิ้น กาแฟล้วน | K9: =SUM(D9:J9) -> 0
B10: 1111085 | C10: ชิฟฟอน 8 ชิ้น บลูเบอรี่ล้วน | K10: =SUM(D10:J10) -> 0
B11: 1111086 | C11: ชิฟฟอน 8 ชิ้น มะพร้าวล้วน | K11: =SUM(D11:J11) -> 0
B12: 1111087 | C12: ชิฟฟอน 8 ชิ้น สตอเบอรี่ล้วน | K12: =SUM(D12:J12) -> 0
B13: 1111088 | C13: ชิฟฟอน 8 ชิ้น ส้มล้วน | K13: =SUM(D13:J13) -> 0
B14: 1111089 | C14: ชิฟฟอน 8 ชิ้น เนยล้วน | K14: =SUM(D14:J14) -> 0
B15: 1111090 | C15: ชิฟฟอน 8 ชิ้น เผือกล้วน | K15: =SUM(D15:J15) -> 0
B16: 1111091 | C16: ชิฟฟอน 8 ชิ้น ใบเตยล้วน | K16: =SUM(D16:J16) -> 0
B17: 1111092 | C17: ชิฟฟอน 8 ชิ้น กล้วยหอม | K17: =SUM(D17:J17) -> 0
B18: 1111093 | C18: ชิฟฟอน 8 ชิ้น โกโก้ล้วน | K18: =SUM(D18:J18) -> 0
B19: 1111094 | C19: ชิฟฟอน 8 ชิ้น ชาไทยล้วน | K19: =SUM(D19:J19) -> 0
B20: 1111095 | C20: ชิฟฟอน 8 ชิ้น ชาเขียวล้วน | K20: =SUM(D20:J20) -> 0
... B24: 1111043 | C24: ชิฟฟอน 8 ชิ้น มะลิ | K24: =SUM(D24:J24) -> 0
B25: 1111056 | C25: ชิฟฟอน 8 ชิ้น รวมรสยอดฮิต | E25: 1 | F25: 3 | G25: 1 | K25: =SUM(D25:J25) -> 5
B26: 1004055 | C26: ชิฟฟอนรวมรส 4 ชิ้น | G26: 67 | K26: =SUM(D26:J26) -> 67
B27: 1004055 | C27: ชิฟฟอน 4 ชิ้น โกโก้ล้วน | K27: =SUM(D27:J27) -> 0
B28: 1004055 | C28: ชิฟฟอน 4 ชิ้น มะพร้าวล้วน | K28: =SUM(D28:J28) -> 0
B29: 1004055 | C29: ชิฟฟอน 4 ชิ้น เนยล้วน | K29: =SUM(D29:J29) -> 0
B30: 1004055 | C30: ชิฟฟอน 4 ชิ้น กาแฟล้วน | K30: =SUM(D30:J30) -> 0
B31: 1004055 | C31: ชิฟฟอน 4 ชิ้น ใบเตยล้วน | K31: =SUM(D31:J31) -> 0
B32: 1004055 | C32: ชิฟฟอน 4 ชิ้น บลูเบอร์รี่ล้วน | K32: =SUM(D32:J32) -> 0
B33: 1004055 | C33: ชิฟฟอน 4 ชิ้น ส้มล้วน | K33: =SUM(D33:J33) -> 0
B34: 1004055 | C34: ชิฟฟอน 4 ชิ้น เผือกล้วน | K34: =SUM(D34:J34) -> 0
B35: 1004055 | C35: ชิฟฟอน 4 ชิ้น สตอเบอรี่ล้วน | K35: =SUM(D35:J35) -> 0
B36: 1004055 | C36: ชิฟฟอน 4 ชิ้น กล้วยหอมล้วน | K36: =SUM(D36:J36) -> 0
B37: 1004055 | C37: ชิฟฟอน 4 ชิ้น ชาเขียวล้วน | K37: =SUM(D37:J37) -> 0
B38: 1004055 | C38: ชิฟฟอน 4 ชิ้น ชาไทยล้วน | K38: =SUM(D38:J38) -> 0
B39: 1004055 | C39: ชิฟฟอน 4 ชิ้น สับปะรดล้วน | K39: =SUM(D39:J39) -> 0
B40: 1111057 | C40: ชิฟฟอนแยกชิ้น กาแฟ | F40: 1 | G40: 1 | H40: 1 | K40: =SUM(D40:J40) -> 3
B41: 1111058 | C41: ชิฟฟอนแยกชิ้น ชาเขียว | F41: 1 | G41: 1 | H41: 1 | K41: =SUM(D41:J41) -> 3
B42: 1111059 | C42: ชิฟฟอนแยกชิ้น ใบเตย | F42: 1 | G42: 1 | H42: 1 | K42: =SUM(D42:J42) -> 3
B43: 1111060 | C43: ชิฟฟอนแยกชิ้น กล้วยหอม | F43: 1 | H43: 1 | K43: =SUM(D43:J43) -> 2
B44: 1111061 | C44: ชิฟฟอนแยกชิ้น ชาไทย | K44: =SUM(D44:J44) -> 0
B45: 1111062 | C45: ชิฟฟอนแยกชิ้น โกโก้ | K45: =SUM(D45:J45) -> 0
B46: 1111063 | C46: ชิฟฟอนแยกชิ้น ส้ม | F46: 1 | H46: 1 | K46: =SUM(D46:J46) -> 2
B47: 1111064 | C47: ชิฟฟอนแยกชิ้น เผือก | K47: =SUM(D47:J47) -> 0
B48: 1111065 | C48: ชิฟฟอนแยกชิ้น สับปะรด | F48: 1 | H48: 1 | K48: =SUM(D48:J48) -> 2
B49: 1111066 | C49: ชิฟฟอนแยกชิ้น สตอเบอรี่ | F49: 1 | H49: 1 | K49: =SUM(D49:J49) -> 2
B50: 1111067 | C50: ชิฟฟอนแยกชิ้น มะพร้าว | F50: 1 | H50: 1 | K50: =SUM(D50:J50) -> 2
B51: 1111068 | C51: ชิฟฟอนแยกชิ้น เนย | F51: 1 | H51: 1 | K51: =SUM(D51:J51) -> 2
B52: 1111069 | C52: ชิฟฟอนแยกชิ้น บลูเบอรี่ | F52: 1 | H52: 1 | K52: =SUM(D52:J52) -> 2
B53: 1111070 | C53: ชิฟฟอนแยกชิ้น ทุเรียน | K53: =SUM(D53:J53) -> 0
B54: 1111071 | C54: ชิฟฟอนแยกชิ้น ตาล | K54: =SUM(D54:J54) -> 0
B55: 1111001 | C55: ชิฟฟอนแยกชิ้น คละรส | K55: =SUM(D55:J55) -> 0
B56: 1111074 | C56: ชิฟฟอนไส้แยมแยกชิ้น มะพร้าว | F56: 1 | G56: 3 | H56: 3 | K56: =SUM(D56:J56) -> 7
B57: 1111075 | C57: ชิฟฟอนไส้แยมแยกชิ้น สตอเบอรี่ | F57: 1 | G57: 3 | H57: 3 | K57: =SUM(D57:J57) -> 7
B58: 1111076 | C58: ชิฟฟอนไส้แยมแยกชิ้น ส้ม | F58: 1 | G58: 2 | H58: 3 | K58: =SUM(D58:J58) -> 6
B59: 1111077 | C59: ชิฟฟอนไส้แยมแยกชิ้น บลูเบอรี่ | F59: 1 | G59: 2 | H59: 2 | K59: =SUM(D59:J59) -> 5
B60: 1111078 | C60: ชิฟฟอนไส้แยมแยกชิ้น นมชมพู | F60: 1 | G60: 2 | H60: 2 | K60: =SUM(D60:J60) -> 5
B61: 1111079 | C61: ชิฟฟอนไส้แยมแยกชิ้น ชอคโกแลต | F61: 1 | G61: 2 | H61: 2 | K61: =SUM(D61:J61) -> 5
B62: 1111080 | C62: ชิฟฟอนไส้แยมแยกชิ้น ฝอยทอง | F62: 1 | G62: 2 | H62: 2 | K62: =SUM(D62:J62) -> 5
B63: 1111081 | C63: ชิฟฟอนไส้แยมแยกชิ้น วนิลา | F63: 1 | G63: 2 | H63: 2 | K63: =SUM(D63:J63) -> 5
B64: 1111082 | C64: ชิฟฟอนไส้แยมแยกชิ้น ใบเตย | F64: 1 | G64: 2 | H64: 2 | K64: =SUM(D64:J64) -> 5
B65: 1111083 | C65: ชิฟฟอนไส้แยมแยกชิ้น เมล่อน | F65: 1 | G65: 2 | H65: 2 | K65: =SUM(D65:J65) -> 5
B66: 1111010 | C66: ชิฟฟอนไส้แยมแยกชิ้น คละรส | K66: =SUM(D66:J66) -> 0
C67: รวม | K67: =SUM(D67:I67) -> 0
B68: ชิฟฟอนไส้แยม 6 ชิ้น
B69: 1111009 | C69: ชิฟฟอนไส้แยมรวมรส 6 ชิ้น | E69: 1 | F69: 3 | G69: 2 | K69: =SUM(D69:J69) -> 6
B70: 1111023 | C70: ชิฟฟอนไส้แยมรสสตอเบอร์รี่ล้วน 6 ชิ้น | K70: =SUM(D70:J70) -> 0
B71: 1111016 | C71: ชิฟฟอนไส้แยมรสมะพร้าวล้วน 6 ชิ้น | K71: =SUM(D71:J71) -> 0
B72: 1111014 | C72: ชิฟฟอนไส้แยมรสช็อกโกแลตนูเทลล่าล้วน 6 ชิ้น | K72: =SUM(D72:J72) -> 0
B73: 1111025 | C73: ชิฟฟอนไส้แยมรสส้มล้วน 6 ชิ้น | K73: =SUM(D73:J73) -> 0
B74: 1111018 | C74: ชิฟฟอนไส้แยมรสบลูเบอร์รี่ล้วน 6 ชิ้น | K74: =SUM(D74:J74) -> 0
B75: 1111012 | C75: ชิฟฟอนไส้แยมรสนมชมพูฮอกไกโดล้วน 6 ชิ้น | K75: =SUM(D75:J75) -> 0
B76: 1111020 | C76: ชิฟฟอนไส้แยมฝอยทองไส้ทะลัก 6 ชิ้น | K76: =SUM(D76:J76) -> 0
C77: รวม
B78: ชิฟฟอนไส้แยม 3 ชิ้น
B79: 1111022 | C79: ชิฟฟอนไส้แยมรสสตอเบอร์รี่ล้วน 3 ชิ้น | K79: =SUM(D79:J79) -> 0
B80: 1111015 | C80: ชิฟฟอนไส้แยมรสมะพร้าวล้วน 3 ชิ้น | K80: =SUM(D80:J80) -> 0
B81: 1111013 | C81: ชิฟฟอนไส้แยมรสช็อกโกแลตนูเทลล่าล้วน 3 ชิ้น | K81: =SUM(D81:J81) -> 0
B82: 1111024 | C82: ชิฟฟอนไส้แยมรสส้มล้วน 3 ชิ้น | K82: =SUM(D82:J82) -> 0
B83: 1111017 | C83: ชิฟฟอนไส้แยมรสบลูเบอร์รี่ล้วน 3 ชิ้น | K83: =SUM(D83:J83) -> 0
B84: 1111011 | C84: ชิฟฟอนไส้แยมรสนมชมพูฮอกไกโดล้วน 3 ชิ้น | K84: =SUM(D84:J84) -> 0
B85: 1111019 | C85: ชิฟฟอนไส้แยมฝอยทองไส้ทะลัก 3 ชิ้น | K85: =SUM(D85:J85) -> 0
B86: 1113081 | C86: ชิฟฟอนไส้แยม วนิลา/ใบเตย/เมล่อน | K86: =SUM(D86:J86) -> 0
B87: 1111008 | C87: ชิฟฟอนไส้แยมรวมรส 3 ชิ้น | G87: 111 | H87: 61 | K87: =SUM(D87:J87) -> 172
C88: รวม
B89: เบาหวิว ล 110 กรัม
B90: 1112009 | C90: มะพร้าว | F90: 1 | G90: 29 | H90: 23 | K90: =SUM(D90:J90) -> 53
B91: 1112011 | C91: ฝอยทอง | E91: 1 | F91: 2 | G91: 30 | H91: 33 | K91: =SUM(D91:J91) -> 66
B92: 1112003 | C92: กาแฟ | G92: 8 | K92: =SUM(D92:J92) -> 8
B93: 1112005 | C93: เนยนม | G93: 8 | K93: =SUM(D93:J93) -> 8
B94: 1112007 | C94: ใบเตย | K94: =SUM(D94:J94) -> 0
B95: 1112019 | C95: ทุเรียน | K95: =SUM(D95:J95) -> 0
B96: 1112017 | C96: ตาลหอม | G96: 1 | H96: 10 | K96: =SUM(D96:J96) -> 11
B97: 1112015 | C97: กล้วยหอมมะพร้าวเผา | G97: 8 | K97: =SUM(D97:J97) -> 8
B98: 1112013 | C98: เผือกมะพร้าวอ่อน | F98: 1 | G98: 30 | H98: 33 | K98: =SUM(D98:J98) -> 64
B99: 1124043 | C99: เบาหวิว คละรส | K99: =SUM(D99:J99) -> 0
C100: รวม
B101: เบาหวิว ญ 300 กรัม
B102: 1112008 | C102: มะพร้าว | K102: =SUM(D102:H102) -> 0
B103: 1112010 | C103: ฝอยทอง | K103: =SUM(D103:H103) -> 0
B104: 1112002 | C104: กาแฟ | K104: =SUM(D104:H104) -> 0
...

Sheet เช้า 212
B1: ยอดจริง ออนไลน์ วันที่ 2/11/2567 - เช้า
K2: ยอดรวมผลิต
K3: จำนวน
B4: รหัสสินค้า | C4: สินค้า | D4: ปณ | E4: ชอปปี้ | F4: ลาซาด้า | G4: ติ๊กตอก | H4: ติ๊กตอก2 | I4: ติ๊กตอก3 | J4: ชอยส์ | K4: (กล่อง)
B6: ชิฟฟอนรวมรส
B7: 1111002 | C7: ชิฟฟอนรวมรส 8 ชิ้น | D7: 4 | E7: 5 | F7: 38 | K7: =SUM(D7:J7) -> 47
C8: ชิฟฟอนแบบกล่องสุ่มอะไรก็ได้ที่มี | K8: =SUM(D8:J8) -> 0
B9: 1111084 | C9: ชิฟฟอน 8 ชิ้น กาแฟล้วน | K9: =SUM(D9:J9) -> 0
B10: 1111085 | C10: ชิฟฟอน 8 ชิ้น บลูเบอรี่ล้วน | K10: =SUM(D10:J10) -> 0
B11: 1111086 | C11: ชิฟฟอน 8 ชิ้น มะพร้าวล้วน | K11: =SUM(D11:J11) -> 0
B12: 1111087 | C12: ชิฟฟอน 8 ชิ้น สตอเบอรี่ล้วน | K12: =SUM(D12:J12) -> 0
B13: 1111088 | C13: ชิฟฟอน 8 ชิ้น ส้มล้วน | K13: =SUM(D13:J13) -> 0
B14: 1111089 | C14: ชิฟฟอน 8 ชิ้น เนยล้วน | K14: =SUM(D14:J14) -> 0
B15: 1111090 | C15: ชิฟฟอน 8 ชิ้น เผือกล้วน | K15: =SUM(D15:J15) -> 0
B16: 1111091 | C16: ชิฟฟอน 8 ชิ้น ใบเตยล้วน | K16: =SUM(D16:J16) -> 0
B17: 1111092 | C17: ชิฟฟอน 8 ชิ้น กล้วยหอม | K17: =SUM(D17:J17) -> 0
B18: 1111093 | C18: ชิฟฟอน 8 ชิ้น โกโก้ล้วน | K18: =SUM(D18:J18) -> 0
B19: 1111094 | C19: ชิฟฟอน 8 ชิ้น ชาไทยล้วน | K19: =SUM(D19:J19) -> 0
B20: 1111095 | C20: ชิฟฟอน 8 ชิ้น ชาเขียวล้วน | K20: =SUM(D20:J20) -> 0
... B24: 1111043 | C24: ชิฟฟอน 8 ชิ้น มะลิ | K24: =SUM(D24:J24) -> 0
B25: 1111056 | C25: ชิฟฟอน 8 ชิ้น รวมรสยอดฮิต | D25: 4 | E25: 1 | G25: 1 | K25: =SUM(D25:J25) -> 6
B26: 1004055 | C26: ชิฟฟอนรวมรส 4 ชิ้น | E26: 3 | G26: 57 | K26: =SUM(D26:J26) -> 60
B27: 1004055 | C27: ชิฟฟอน 4 ชิ้น โกโก้ล้วน | K27: =SUM(D27:J27) -> 0
B28: 1004055 | C28: ชิฟฟอน 4 ชิ้น มะพร้าวล้วน | K28: =SUM(D28:J28) -> 0
B29: 1004055 | C29: ชิฟฟอน 4 ชิ้น เนยล้วน | K29: =SUM(D29:J29) -> 0
B30: 1004055 | C30: ชิฟฟอน 4 ชิ้น กาแฟล้วน | K30: =SUM(D30:J30) -> 0
B31: 1004055 | C31: ชิฟฟอน 4 ชิ้น ใบเตยล้วน | K31: =SUM(D31:J31) -> 0
B32: 1004055 | C32: ชิฟฟอน 4 ชิ้น บลูเบอร์รี่ล้วน | K32: =SUM(D32:J32) -> 0
B33: 1004055 | C33: ชิฟฟอน 4 ชิ้น ส้มล้วน | K33: =SUM(D33:J33) -> 0
B34: 1004055 | C34: ชิฟฟอน 4 ชิ้น เผือกล้วน | K34: =SUM(D34:J34) -> 0
B35: 1004055 | C35: ชิฟฟอน 4 ชิ้น สตอเบอรี่ล้วน | K35: =SUM(D35:J35) -> 0
B36: 1004055 | C36: ชิฟฟอน 4 ชิ้น กล้วยหอมล้วน | K36: =SUM(D36:J36) -> 0
B37: 1004055 | C37: ชิฟฟอน 4 ชิ้น ชาเขียวล้วน | K37: =SUM(D37:J37) -> 0
B38: 1004055 | C38: ชิฟฟอน 4 ชิ้น ชาไทยล้วน | K38: =SUM(D38:J38) -> 0
B39: 1004055 | C39: ชิฟฟอน 4 ชิ้น สับปะรดล้วน | K39: =SUM(D39:J39) -> 0
B40: 1111057 | C40: ชิฟฟอนแยกชิ้น กาแฟ | D40: 1 | G40: 32 | J40: 1 | K40: =SUM(D40:J40) -> 34
B41: 1111058 | C41: ชิฟฟอนแยกชิ้น ชาเขียว | D41: 1 | G41: 16 | K41: =SUM(D41:J41) -> 17
B42: 1111059 | C42: ชิฟฟอนแยกชิ้น ใบเตย | D42: 1 | G42: 32 | K42: =SUM(D42:J42) -> 33
B43: 1111060 | C43: ชิฟฟอนแยกชิ้น กล้วยหอม | K43: =SUM(D43:J43) -> 0
B44: 1111061 | C44: ชิฟฟอนแยกชิ้น ชาไทย | G44: 8 | K44: =SUM(D44:J44) -> 8
B45: 1111062 | C45: ชิฟฟอนแยกชิ้น โกโก้ | G45: 8 | K45: =SUM(D45:J45) -> 8
B46: 1111063 | C46: ชิฟฟอนแยกชิ้น ส้ม | G46: 12 | K46: =SUM(D46:J46) -> 12
B47: 1111064 | C47: ชิฟฟอนแยกชิ้น เผือก | G47: 12 | K47: =SUM(D47:J47) -> 12
B48: 1111065 | C48: ชิฟฟอนแยกชิ้น สับปะรด | K48: =SUM(D48:J48) -> 0
B49: 1111066 | C49: ชิฟฟอนแยกชิ้น สตอเบอรี่ | G49: 12 | K49: =SUM(D49:J49) -> 12
B50: 1111067 | C50: ชิฟฟอนแยกชิ้น มะพร้าว | G50: 32 | K50: =SUM(D50:J50) -> 32
B51: 1111068 | C51: ชิฟฟอนแยกชิ้น เนย | G51: 24 | K51: =SUM(D51:J51) -> 24
B52: 1111069 | C52: ชิฟฟอนแยกชิ้น บลูเบอรี่ | G52: 12 | K52: =SUM(D52:J52) -> 12
B53: 1111070 | C53: ชิฟฟอนแยกชิ้น ทุเรียน | K53: =SUM(D53:J53) -> 0
B54: 1111071 | C54: ชิฟฟอนแยกชิ้น ตาล | K54: =SUM(D54:J54) -> 0
B55: 1111001 | C55: ชิฟฟอนแยกชิ้น คละรส | K55: =SUM(D55:J55) -> 0
B56: 1111074 | C56: ชิฟฟอนไส้แยมแยกชิ้น มะพร้าว | E56: 2 | G56: 2 | K56: =SUM(D56:J56) -> 4
B57: 1111075 | C57: ชิฟฟอนไส้แยมแยกชิ้น สตอเบอรี่ | E57: 2 | G57: 2 | K57: =SUM(D57:J57) -> 4
B58: 1111076 | C58: ชิฟฟอนไส้แยมแยกชิ้น ส้ม | E58: 2 | G58: 2 | K58: =SUM(D58:J58) -> 4
B59: 1111077 | C59: ชิฟฟอนไส้แยมแยกชิ้น บลูเบอรี่ | E59: 2 | G59: 2 | K59: =SUM(D59:J59) -> 4
B60: 1111078 | C60: ชิฟฟอนไส้แยมแยกชิ้น นมชมพู | E60: 2 | G60: 2 | K60: =SUM(D60:J60) -> 4
B61: 1111079 | C61: ชิฟฟอนไส้แยมแยกชิ้น ชอคโกแลต | E61: 2 | G61: 2 | K61: =SUM(D61:J61) -> 4
B62: 1111080 | C62: ชิฟฟอนไส้แยมแยกชิ้น ฝอยทอง | E62: 2 | G62: 2 | K62: =SUM(D62:J62) -> 4
B63: 1111081 | C63: ชิฟฟอนไส้แยมแยกชิ้น วนิลา | E63: 2 | G63: 1 | K63: =SUM(D63:J63) -> 3
B64: 1111082 | C64: ชิฟฟอนไส้แยมแยกชิ้น ใบเตย | E64: 2 | G64: 1 | K64: =SUM(D64:J64) -> 3
B65: 1111083 | C65: ชิฟฟอนไส้แยมแยกชิ้น เมล่อน | E65: 2 | G65: 1 | K65: =SUM(D65:J65) -> 3
B66: 1111010 | C66: ชิฟฟอนไส้แยมแยกชิ้น คละรส | K66: =SUM(D66:J66) -> 0
C67: รวม | K67: =SUM(D67:I67) -> 0
B68: ชิฟฟอนไส้แยม 6 ชิ้น
B69: 1111009 | C69: ชิฟฟอนไส้แยมรวมรส 6 ชิ้น | D69: 4 | G69: 1 | K69: =SUM(D69:J69) -> 5
B70: 1111023 | C70: ชิฟฟอนไส้แยมรสสตอเบอร์รี่ล้วน 6 ชิ้น | K70: =SUM(D70:J70) -> 0
B71: 1111016 | C71: ชิฟฟอนไส้แยมรสมะพร้าวล้วน 6 ชิ้น | K71: =SUM(D71:J71) -> 0
B72: 1111014 | C72: ชิฟฟอนไส้แยมรสช็อกโกแลตนูเทลล่าล้วน 6 ชิ้น | K72: =SUM(D72:J72) -> 0
B73: 1111025 | C73: ชิฟฟอนไส้แยมรสส้มล้วน 6 ชิ้น | K73: =SUM(D73:J73) -> 0
B74: 1111018 | C74: ชิฟฟอนไส้แยมรสบลูเบอร์รี่ล้วน 6 ชิ้น | K74: =SUM(D74:J74) -> 0
B75: 1111012 | C75: ชิฟฟอนไส้แยมรสนมชมพูฮอกไกโดล้วน 6 ชิ้น | K75: =SUM(D75:J75) -> 0
B76: 1111020 | C76: ชิฟฟอนไส้แยมฝอยทองไส้ทะลัก 6 ชิ้น | K76: =SUM(D76:J76) -> 0
C77: รวม
B78: ชิฟฟอนไส้แยม 3 ชิ้น
B79: 1111022 | C79: ชิฟฟอนไส้แยมรสสตอเบอร์รี่ล้วน 3 ชิ้น | K79: =SUM(D79:J79) -> 0
B80: 1111015 | C80: ชิฟฟอนไส้แยมรสมะพร้าวล้วน 3 ชิ้น | K80: =SUM(D80:J80) -> 0
B81: 1111013 | C81: ชิฟฟอนไส้แยมรสช็อกโกแลตนูเทลล่าล้วน 3 ชิ้น | K81: =SUM(D81:J81) -> 0
B82: 1111024 | C82: ชิฟฟอนไส้แยมรสส้มล้วน 3 ชิ้น | K82: =SUM(D82:J82) -> 0
B83: 1111017 | C83: ชิฟฟอนไส้แยมรสบลูเบอร์รี่ล้วน 3 ชิ้น | K83: =SUM(D83:J83) -> 0
B84: 1111011 | C84: ชิฟฟอนไส้แยมรสนมชมพูฮอกไกโดล้วน 3 ชิ้น | K84: =SUM(D84:J84) -> 0
B85: 1111019 | C85: ชิฟฟอนไส้แยมฝอยทองไส้ทะลัก 3 ชิ้น | K85: =SUM(D85:J85) -> 0
B86: 1113081 | C86: ชิฟฟอนไส้แยม วนิลา/ใบเตย/เมล่อน | K86: =SUM(D86:J86) -> 0
B87: 1111008 | C87: ชิฟฟอนไส้แยมรวมรส 3 ชิ้น | D87: 6 | E87: 33 | G87: 24 | K87: =SUM(D87:J87) -> 63
C88: รวม
B89: เบาหวิว ล 110 กรัม
B90: 1112009 | C90: มะพร้าว | D90: 9 | E90: 1 | F90: 5 | G90: 11 | K90: =SUM(D90:J90) -> 26
B91: 1112011 | C91: ฝอยทอง | D91: 9 | E91: 2 | F91: 13 | G91: 16 | K91: =SUM(D91:J91) -> 40
B92: 1112003 | C92: กาแฟ | K92: =SUM(D92:J92) -> 0
B93: 1112005 | C93: เนยนม | K93: =SUM(D93:J93) -> 0
B94: 1112007 | C94: ใบเตย | K94: =SUM(D94:J94) -> 0
B95: 1112019 | C95: ทุเรียน | K95: =SUM(D95:J95) -> 0
B96: 1112017 | C96: ตาลหอม | D96: 6 | G96: 5 | K96: =SUM(D96:J96) -> 11
B97: 1112015 | C97: กล้วยหอมมะพร้าวเผา | K97: =SUM(D97:J97) -> 0
B98: 1112013 | C98: เผือกมะพร้าวอ่อน | D98: 6 | E98: 1 | F98: 5 | G98: 16 | K98: =SUM(D98:J98) -> 28
B99: 1124043 | C99: เบาหวิว คละรส | K99: =SUM(D99:J99) -> 0
C100: รวม
B101: เบาหวิว ญ 300 กรัม
B102: 1112008 | C102: มะพร้าว | K102: =SUM(D102:H102) -> 0
B103: 1112010 | C103: ฝอยทอง | K103: =SUM(D103:H103) -> 0
B104: 1112002 | C104: กาแฟ | K104: =SUM(D104:H104) -> 0
...

Sheet รวม
B1: ยอดจริง ออนไลน์ วันที่ 2/11/2567 - รวม
K2: ยอดรวมผลิต | L2: ยอดสตอค | M2: ยอดฟอแคส | N2: รับเกิน | O2: ยังไม่ได้รับเข้า | P2: รวม
K3: จำนวน
B4: รหัสสินค้า | C4: สินค้า | D4: ปณ | E4: ชอปปี้ | F4: ลาซาด้า | G4: ติ๊กตอก | H4: ติ๊กตอก2 | I4: ติ๊กตอก3 | J4: ชอยส์ | K4: (กล่อง)
B6: ชิฟฟอนรวมรส
B7: 1111002 | C7: ชิฟฟอนรวมรส 8 ชิ้น | D7: ='เย็น 386'!D7+'เช้า 212'!D7 -> 4 | E7: ='เย็น 386'!E7+'เช้า 212'!E7 -> 21 | F7: ='เย็น 386'!F7+'เช้า 212'!F7 -> 57 | G7: ='เย็น 386'!G7+'เช้า 212'!G7 -> 0 | H7: ='เย็น 386'!H7+'เช้า 212'!H7 -> 0 | I7: ='เย็น 386'!I7+'เช้า 212'!I7 -> 0 | J7: ='เย็น 386'!J7+'เช้า 212'!J7 -> 0 | K7: =SUM(D7:J7) -> 82 | L7: 97 | M7: 100 | P7: =(L7+M7+N7+O7)-K7 -> 115 | R7: 25 | S7: =P7-R7 -> 90 | T7: 200 | U7: =S7+T7 -> 290
C8: ชิฟฟอนแบบกล่องสุ่มอะไรก็ได้ที่มี | D8: ='เย็น 386'!D8+'เช้า 212'!D8 -> 0 | E8: ='เย็น 386'!E8+'เช้า 212'!E8 -> 0 | F8: ='เย็น 386'!F8+'เช้า 212'!F8 -> 0 | G8: ='เย็น 386'!G8+'เช้า 212'!G8 -> 0 | H8: ='เย็น 386'!H8+'เช้า 212'!H8 -> 0 | I8: ='เย็น 386'!I8+'เช้า 212'!I8 -> 0 | J8: ='เย็น 386'!J8+'เช้า 212'!J8 -> 0 | K8: =SUM(D8:J8) -> 0 | P8: =(L8+M8+N8+O8)-K8 -> 0 | S8: =P8-R8 -> 0
B9: 1111084 | C9: ชิฟฟอน 8 ชิ้น กาแฟล้วน | D9: ='เย็น 386'!D9+'เช้า 212'!D9 -> 0 | E9: ='เย็น 386'!E9+'เช้า 212'!E9 -> 0 | F9: ='เย็น 386'!F9+'เช้า 212'!F9 -> 0 | G9: ='เย็น 386'!G9+'เช้า 212'!G9 -> 0 | H9: ='เย็น 386'!H9+'เช้า 212'!H9 -> 0 | I9: ='เย็น 386'!I9+'เช้า 212'!I9 -> 0 | J9: ='เย็น 386'!J9+'เช้า 212'!J9 -> 0 | K9: =SUM(D9:J9) -> 0 | P9: =(L9+M9+N9+O9)-K9 -> 0 | S9: =P9-R9 -> 0
B10: 1111085 | C10: ชิฟฟอน 8 ชิ้น บลูเบอรี่ล้วน | D10: ='เย็น 386'!D10+'เช้า 212'!D10 -> 0 | E10: ='เย็น 386'!E10+'เช้า 212'!E10 -> 0 | F10: ='เย็น 386'!F10+'เช้า 212'!F10 -> 0 | G10: ='เย็น 386'!G10+'เช้า 212'!G10 -> 0 | H10: ='เย็น 386'!H10+'เช้า 212'!H10 -> 0 | I10: ='เย็น 386'!I10+'เช้า 212'!I10 -> 0 | J10: ='เย็น 386'!J10+'เช้า 212'!J10 -> 0 | K10: =SUM(D10:J10) -> 0 | P10: =(L10+M10+N10+O10)-K10 -> 0 | S10: =P10-R10 -> 0
B11: 1111086 | C11: ชิฟฟอน 8 ชิ้น มะพร้าวล้วน | D11: ='เย็น 386'!D11+'เช้า 212'!D11 -> 0 | E11: ='เย็น 386'!E11+'เช้า 212'!E11 -> 0 | F11: ='เย็น 386'!F11+'เช้า 212'!F11 -> 0 | G11: ='เย็น 386'!G11+'เช้า 212'!G11 -> 0 | H11: ='เย็น 386'!H11+'เช้า 212'!H11 -> 0 | I11: ='เย็น 386'!I11+'เช้า 212'!I11 -> 0 | J11: ='เย็น 386'!J11+'เช้า 212'!J11 -> 0 | K11: =SUM(D11:J11) -> 0 | P11: =(L11+M11+N11+O11)-K11 -> 0 | S11: =P11-R11 -> 0
B12: 1111087 | C12: ชิฟฟอน 8 ชิ้น สตอเบอรี่ล้วน | D12: ='เย็น 386'!D12+'เช้า 212'!D12 -> 0 | E12: ='เย็น 386'!E12+'เช้า 212'!E12 -> 0 | F12: ='เย็น 386'!F12+'เช้า 212'!F12 -> 0 | G12: ='เย็น 386'!G12+'เช้า 212'!G12 -> 0 | H12: ='เย็น 386'!H12+'เช้า 212'!H12 -> 0 | I12: ='เย็น 386'!I12+'เช้า 212'!I12 -> 0 | J12: ='เย็น 386'!J12+'เช้า 212'!J12 -> 0 | K12: =SUM(D12:J12) -> 0 | P12: =(L12+M12+N12+O12)-K12 -> 0 | S12: =P12-R12 -> 0
B13: 1111088 | C13: ชิฟฟอน 8 ชิ้น ส้มล้วน | D13: ='เย็น 386'!D13+'เช้า 212'!D13 -> 0 | E13: ='เย็น 386'!E13+'เช้า 212'!E13 -> 0 | F13: ='เย็น 386'!F13+'เช้า 212'!F13 -> 0 | G13: ='เย็น 386'!G13+'เช้า 212'!G13 -> 0 | H13: ='เย็น 386'!H13+'เช้า 212'!H13 -> 0 | I13: ='เย็น 386'!I13+'เช้า 212'!I13 -> 0 | J13: ='เย็น 386'!J13+'เช้า 212'!J13 -> 0 | K13: =SUM(D13:J13) -> 0 | P13: =(L13+M13+N13+O13)-K13 -> 0 | S13: =P13-R13 -> 0
B14: 1111089 | C14: ชิฟฟอน 8 ชิ้น เนยล้วน | D14: ='เย็น 386'!D14+'เช้า 212'!D14 -> 0 | E14: ='เย็น 386'!E14+'เช้า 212'!E14 -> 0 | F14: ='เย็น 386'!F14+'เช้า 212'!F14 -> 0 | G14: ='เย็น 386'!G14+'เช้า 212'!G14 -> 0 | H14: ='เย็น 386'!H14+'เช้า 212'!H14 -> 0 | I14: ='เย็น 386'!I14+'เช้า 212'!I14 -> 0 | J14: ='เย็น 386'!J14+'เช้า 212'!J14 -> 0 | K14: =SUM(D14:J14) -> 0 | P14: =(L14+M14+N14+O14)-K14 -> 0 | S14: =P14-R14 -> 0
B15: 1111090 | C15: ชิฟฟอน 8 ชิ้น เผือกล้วน | D15: ='เย็น 386'!D15+'เช้า 212'!D15 -> 0 | E15: ='เย็น 386'!E15+'เช้า 212'!E15 -> 0 | F15: ='เย็น 386'!F15+'เช้า 212'!F15 -> 0 | G15: ='เย็น 386'!G15+'เช้า 212'!G15 -> 0 | H15: ='เย็น 386'!H15+'เช้า 212'!H15 -> 0 | I15: ='เย็น 386'!I15+'เช้า 212'!I15 -> 0 | J15: ='เย็น 386'!J15+'เช้า 212'!J15 -> 0 | K15: =SUM(D15:J15) -> 0 | P15: =(L15+M15+N15+O15)-K15 -> 0 | S15: =P15-R15 -> 0
B16: 1111091 | C16: ชิฟฟอน 8 ชิ้น ใบเตยล้วน | D16: ='เย็น 386'!D16+'เช้า 212'!D16 -> 0 | E16: ='เย็น 386'!E16+'เช้า 212'!E16 -> 0 | F16: ='เย็น 386'!F16+'เช้า 212'!F16 -> 0 | G16: ='เย็น 386'!G16+'เช้า 212'!G16 -> 0 | H16: ='เย็น 386'!H16+'เช้า 212'!H16 -> 0 | I16: ='เย็น 386'!I16+'เช้า 212'!I16 -> 0 | J16: ='เย็น 386'!J16+'เช้า 212'!J16 -> 0 | K16: =SUM(D16:J16) -> 0 | P16: =(L16+M16+N16+O16)-K16 -> 0 | S16: =P16-R16 -> 0
B17: 1111092 | C17: ชิฟฟอน 8 ชิ้น กล้วยหอม | D17: ='เย็น 386'!D17+'เช้า 212'!D17 -> 0 | E17: ='เย็น 386'!E17+'เช้า 212'!E17 -> 0 | F17: ='เย็น 386'!F17+'เช้า 212'!F17 -> 0 | G17: ='เย็น 386'!G17+'เช้า 212'!G17 -> 0 | H17: ='เย็น 386'!H17+'เช้า 212'!H17 -> 0 | I17: ='เย็น 386'!I17+'เช้า 212'!I17 -> 0 | J17: ='เย็น 386'!J17+'เช้า 212'!J17 -> 0 | K17: =SUM(D17:J17) -> 0 | P17: =(L17+M17+N17+O17)-K17 -> 0 | S17: =P17-R17 -> 0
B18: 1111093 | C18: ชิฟฟอน 8 ชิ้น โกโก้ล้วน | D18: ='เย็น 386'!D18+'เช้า 212'!D18 -> 0 | E18: ='เย็น 386'!E18+'เช้า 212'!E18 -> 0 | F18: ='เย็น 386'!F18+'เช้า 212'!F18 -> 0 | G18: ='เย็น 386'!G18+'เช้า 212'!G18 -> 0 | H18: ='เย็น 386'!H18+'เช้า 212'!H18 -> 0 | I18: ='เย็น 386'!I18+'เช้า 212'!I18 -> 0 | J18: ='เย็น 386'!J18+'เช้า 212'!J18 -> 0 | K18: =SUM(D18:J18) -> 0 | P18: =(L18+M18+N18+O18)-K18 -> 0 | S18: =P18-R18 -> 0
B19: 1111094 | C19: ชิฟฟอน 8 ชิ้น ชาไทยล้วน | D19: ='เย็น 386'!D19+'เช้า 212'!D19 -> 0 | E19: ='เย็น 386'!E19+'เช้า 212'!E19 -> 0 | F19: ='เย็น 386'!F19+'เช้า 212'!F19 -> 0 | G19: ='เย็น 386'!G19+'เช้า 212'!G19 -> 0 | H19: ='เย็น 386'!H19+'เช้า 212'!H19 -> 0 | I19: ='เย็น 386'!I19+'เช้า 212'!I19 -> 0 | J19: ='เย็น 386'!J19+'เช้า 212'!J19 -> 0 | K19: =SUM(D19:J19) -> 0 | P19: =(L19+M19+N19+O19)-K19 -> 0 | S19: =P19-R19 -> 0
B20: 1111095 | C20: ชิฟฟอน 8 ชิ้น ชาเขียวล้วน | D20: ='เย็น 386'!D20+'เช้า 212'!D20 -> 0 | E20: ='เย็น 386'!E20+'เช้า 212'!E20 -> 0 | F20: ='เย็น 386'!F20+'เช้า 212'!F20 -> 0 | G20: ='เย็น 386'!G20+'เช้า 212'!G20 -> 0 | H20: ='เย็น 386'!H20+'เช้า 212'!H20 -> 0 | I20: ='เย็น 386'!I20+'เช้า 212'!I20 -> 0 | J20: ='เย็น 386'!J20+'เช้า 212'!J20 -> 0 | K20: =SUM(D20:J20) -> 0 | P20: =(L20+M20+N20+O20)-K20 -> 0 | S20: =P20-R20 -> 0
... B24: 1111043 | C24: ชิฟฟอน 8 ชิ้น มะลิ | D24: ='เย็น 386'!D24+'เช้า 212'!D24 -> 0 | E24: ='เย็น 386'!E24+'เช้า 212'!E24 -> 0 | F24: ='เย็น 386'!F24+'เช้า 212'!F24 -> 0 | G24: ='เย็น 386'!G24+'เช้า 212'!G24 -> 0 | H24: ='เย็น 386'!H24+'เช้า 212'!H24 -> 0 | I24: ='เย็น 386'!I24+'เช้า 212'!I24 -> 0 | J24: ='เย็น 386'!J24+'เช้า 212'!J24 -> 0 | K24: =SUM(D24:J24) -> 0 | P24: =(L24+M24+N24+O24)-K24 -> 0 | S24: =P24-R24 -> 0
B25: 1111056 | C25: ชิฟฟอน 8 ชิ้น รวมรสยอดฮิต | D25: ='เย็น 386'!D25+'เช้า 212'!D25 -> 4 | E25: ='เย็น 386'!E25+'เช้า 212'!E25 -> 2 | F25: ='เย็น 386'!F25+'เช้า 212'!F25 -> 3 | G25: ='เย็น 386'!G25+'เช้า 212'!G25 -> 2 | H25: ='เย็น 386'!H25+'เช้า 212'!H25 -> 0 | I25: ='เย็น 386'!I25+'เช้า 212'!I25 -> 0 | J25: ='เย็น 386'!J25+'เช้า 212'!J25 -> 0 | K25: =SUM(D25:J25) -> 11 | L25: 16 | M25: 15 | P25: =(L25+M25+N25+O25)-K25 -> 20
B26: 1004055 | C26: ชิฟฟอนรวมรส 4 ชิ้น | D26: ='เย็น 386'!D26+'เช้า 212'!D26 -> 0 | E26: ='เย็น 386'!E26+'เช้า 212'!E26 -> 3 | F26: ='เย็น 386'!F26+'เช้า 212'!F26 -> 0 | G26: ='เย็น 386'!G26+'เช้า 212'!G26 -> 124 | H26: ='เย็น 386'!H26+'เช้า 212'!H26 -> 0 | I26: ='เย็น 386'!I26+'เช้า 212'!I26 -> 0 | J26: ='เย็น 386'!J26+'เช้า 212'!J26 -> 0 | K26: =SUM(D26:J26) -> 127 | L26: 113 | M26: 100 | P26: =(L26+M26+N26+O26)-K26 -> 86 | R26: 26 | S26: =P26-R26 -> 60 | T26: 100 | U26: =S26+T26 -> 160
B27: 1004055 | C27: ชิฟฟอน 4 ชิ้น โกโก้ล้วน | D27: ='เย็น 386'!D27+'เช้า 212'!D27 -> 0 | E27: ='เย็น 386'!E27+'เช้า 212'!E27 -> 0 | F27: ='เย็น 386'!F27+'เช้า 212'!F27 -> 0 | G27: ='เย็น 386'!G27+'เช้า 212'!G27 -> 0 | H27: ='เย็น 386'!H27+'เช้า 212'!H27 -> 0 | I27: ='เย็น 386'!I27+'เช้า 212'!I27 -> 0 | J27: ='เย็น 386'!J27+'เช้า 212'!J27 -> 0 | K27: =SUM(D27:J27) -> 0 | P27: =(L27+M27+N27+O27)-K27 -> 0 | S27: =P27-R27 -> 0
B28: 1004055 | C28: ชิฟฟอน 4 ชิ้น มะพร้าวล้วน | D28: ='เย็น 386'!D28+'เช้า 212'!D28 -> 0 | E28: ='เย็น 386'!E28+'เช้า 212'!E28 -> 0 | F28: ='เย็น 386'!F28+'เช้า 212'!F28 -> 0 | G28: ='เย็น 386'!G28+'เช้า 212'!G28 -> 0 | H28: ='เย็น 386'!H28+'เช้า 212'!H28 -> 0 | I28: ='เย็น 386'!I28+'เช้า 212'!I28 -> 0 | J28: ='เย็น 386'!J28+'เช้า 212'!J28 -> 0 | K28: =SUM(D28:J28) -> 0 | P28: =(L28+M28+N28+O28)-K28 -> 0 | S28: =P28-R28 -> 0
B29: 1004055 | C29: ชิฟฟอน 4 ชิ้น เนยล้วน | D29: ='เย็น 386'!D29+'เช้า 212'!D29 -> 0 | E29: ='เย็น 386'!E29+'เช้า 212'!E29 -> 0 | F29: ='เย็น 386'!F29+'เช้า 212'!F29 -> 0 | G29: ='เย็น 386'!G29+'เช้า 212'!G29 -> 0 | H29: ='เย็น 386'!H29+'เช้า 212'!H29 -> 0 | I29: ='เย็น 386'!I29+'เช้า 212'!I29 -> 0 | J29: ='เย็น 386'!J29+'เช้า 212'!J29 -> 0 | K29: =SUM(D29:J29) -> 0 | P29: =(L29+M29+N29+O29)-K29 -> 0 | S29: =P29-R29 -> 0
B30: 1004055 | C30: ชิฟฟอน 4 ชิ้น กาแฟล้วน | D30: ='เย็น 386'!D30+'เช้า 212'!D30 -> 0 | E30: ='เย็น 386'!E30+'เช้า 212'!E30 -> 0 | F30: ='เย็น 386'!F30+'เช้า 212'!F30 -> 0 | G30: ='เย็น 386'!G30+'เช้า 212'!G30 -> 0 | H30: ='เย็น 386'!H30+'เช้า 212'!H30 -> 0 | I30: ='เย็น 386'!I30+'เช้า 212'!I30 -> 0 | J30: ='เย็น 386'!J30+'เช้า 212'!J30 -> 0 | K30: =SUM(D30:J30) -> 0 | P30: =(L30+M30+N30+O30)-K30 -> 0 | S30: =P30-R30 -> 0
B31: 1004055 | C31: ชิฟฟอน 4 ชิ้น ใบเตยล้วน | D31: ='เย็น 386'!D31+'เช้า 212'!D31 -> 0 | E31: ='เย็น 386'!E31+'เช้า 212'!E31 -> 0 | F31: ='เย็น 386'!F31+'เช้า 212'!F31 -> 0 | G31: ='เย็น 386'!G31+'เช้า 212'!G31 -> 0 | H31: ='เย็น 386'!H31+'เช้า 212'!H31 -> 0 | I31: ='เย็น 386'!I31+'เช้า 212'!I31 -> 0 | J31: ='เย็น 386'!J31+'เช้า 212'!J31 -> 0 | K31: =SUM(D31:J31) -> 0 | P31: =(L31+M31+N31+O31)-K31 -> 0 | S31: =P31-R31 -> 0
B32: 1004055 | C32: ชิฟฟอน 4 ชิ้น บลูเบอร์รี่ล้วน | D32: ='เย็น 386'!D32+'เช้า 212'!D32 -> 0 | E32: ='เย็น 386'!E32+'เช้า 212'!E32 -> 0 | F32: ='เย็น 386'!F32+'เช้า 212'!F32 -> 0 | G32: ='เย็น 386'!G32+'เช้า 212'!G32 -> 0 | H32: ='เย็น 386'!H32+'เช้า 212'!H32 -> 0 | I32: ='เย็น 386'!I32+'เช้า 212'!I32 -> 0 | J32: ='เย็น 386'!J32+'เช้า 212'!J32 -> 0 | K32: =SUM(D32:J32) -> 0 | P32: =(L32+M32+N32+O32)-K32 -> 0 | S32: =P32-R32 -> 0
B33: 1004055 | C33: ชิฟฟอน 4 ชิ้น ส้มล้วน | D33: ='เย็น 386'!D33+'เช้า 212'!D33 -> 0 | E33: ='เย็น 386'!E33+'เช้า 212'!E33 -> 0 | F33: ='เย็น 386'!F33+'เช้า 212'!F33 -> 0 | G33: ='เย็น 386'!G33+'เช้า 212'!G33 -> 0 | H33: ='เย็น 386'!H33+'เช้า 212'!H33 -> 0 | I33: ='เย็น 386'!I33+'เช้า 212'!I33 -> 0 | J33: ='เย็น 386'!J33+'เช้า 212'!J33 -> 0 | K33: =SUM(D33:J33) -> 0 | P33: =(L33+M33+N33+O33)-K33 -> 0 | S33: =P33-R33 -> 0
B34: 1004055 | C34: ชิฟฟอน 4 ชิ้น เผือกล้วน | D34: ='เย็น 386'!D34+'เช้า 212'!D34 -> 0 | E34: ='เย็น 386'!E34+'เช้า 212'!E34 -> 0 | F34: ='เย็น 386'!F34+'เช้า 212'!F34 -> 0 | G34: ='เย็น 386'!G34+'เช้า 212'!G34 -> 0 | H34: ='เย็น 386'!H34+'เช้า 212'!H34 -> 0 | I34: ='เย็น 386'!I34+'เช้า 212'!I34 -> 0 | J34: ='เย็น 386'!J34+'เช้า 212'!J34 -> 0 | K34: =SUM(D34:J34) -> 0 | P34: =(L34+M34+N34+O34)-K34 -> 0 | S34: =P34-R34 -> 0
B35: 1004055 | C35: ชิฟฟอน 4 ชิ้น สตอเบอรี่ล้วน | D35: ='เย็น 386'!D35+'เช้า 212'!D35 -> 0 | E35: ='เย็น 386'!E35+'เช้า 212'!E35 -> 0 | F35: ='เย็น 386'!F35+'เช้า 212'!F35 -> 0 | G35: ='เย็น 386'!G35+'เช้า 212'!G35 -> 0 | H35: ='เย็น 386'!H35+'เช้า 212'!H35 -> 0 | I35: ='เย็น 386'!I35+'เช้า 212'!I35 -> 0 | J35: ='เย็น 386'!J35+'เช้า 212'!J35 -> 0 | K35: =SUM(D35:J35) -> 0 | P35: =(L35+M35+N35+O35)-K35 -> 0 | S35: =P35-R35 -> 0
B36: 1004055 | C36: ชิฟฟอน 4 ชิ้น กล้วยหอมล้วน | D36: ='เย็น 386'!D36+'เช้า 212'!D36 -> 0 | E36: ='เย็น 386'!E36+'เช้า 212'!E36 -> 0 | F36: ='เย็น 386'!F36+'เช้า 212'!F36 -> 0 | G36: ='เย็น 386'!G36+'เช้า 212'!G36 -> 0 | H36: ='เย็น 386'!H36+'เช้า 212'!H36 -> 0 | I36: ='เย็น 386'!I36+'เช้า 212'!I36 -> 0 | J36: ='เย็น 386'!J36+'เช้า 212'!J36 -> 0 | K36: =SUM(D36:J36) -> 0 | P36: =(L36+M36+N36+O36)-K36 -> 0 | S36: =P36-R36 -> 0
B37: 1004055 | C37: ชิฟฟอน 4 ชิ้น ชาเขียวล้วน | D37: ='เย็น 386'!D37+'เช้า 212'!D37 -> 0 | E37: ='เย็น 386'!E37+'เช้า 212'!E37 -> 0 | F37: ='เย็น 386'!F37+'เช้า 212'!F37 -> 0 | G37: ='เย็น 386'!G37+'เช้า 212'!G37 -> 0 | H37: ='เย็น 386'!H37+'เช้า 212'!H37 -> 0 | I37: ='เย็น 386'!I37+'เช้า 212'!I37 -> 0 | J37: ='เย็น 386'!J37+'เช้า 212'!J37 -> 0 | K37: =SUM(D37:J37) -> 0 | P37: =(L37+M37+N37+O37)-K37 -> 0 | S37: =P37-R37 -> 0
B38: 1004055 | C38: ชิฟฟอน 4 ชิ้น ชาไทยล้วน | D38: ='เย็น 386'!D38+'เช้า 212'!D38 -> 0 | E38: ='เย็น 386'!E38+'เช้า 212'!E38 -> 0 | F38: ='เย็น 386'!F38+'เช้า 212'!F38 -> 0 | G38: ='เย็น 386'!G38+'เช้า 212'!G38 -> 0 | H38: ='เย็น 386'!H38+'เช้า 212'!H38 -> 0 | I38: ='เย็น 386'!I38+'เช้า 212'!I38 -> 0 | J38: ='เย็น 386'!J38+'เช้า 212'!J38 -> 0 | K38: =SUM(D38:J38) -> 0 | P38: =(L38+M38+N38+O38)-K38 -> 0 | S38: =P38-R38 -> 0
B39: 1004055 | C39: ชิฟฟอน 4 ชิ้น สับปะรดล้วน | D39: ='เย็น 386'!D39+'เช้า 212'!D39 -> 0 | E39: ='เย็น 386'!E39+'เช้า 212'!E39 -> 0 | F39: ='เย็น 386'!F39+'เช้า 212'!F39 -> 0 | G39: ='เย็น 386'!G39+'เช้า 212'!G39 -> 0 | H39: ='เย็น 386'!H39+'เช้า 212'!H39 -> 0 | I39: ='เย็น 386'!I39+'เช้า 212'!I39 -> 0 | J39: ='เย็น 386'!J39+'เช้า 212'!J39 -> 0 | K39: =SUM(D39:J39) -> 0 | P39: =(L39+M39+N39+O39)-K39 -> 0 | S39: =P39-R39 -> 0
B40: 1111057 | C40: ชิฟฟอนแยกชิ้น กาแฟ | D40: ='เย็น 386'!D40+'เช้า 212'!D40 -> 1 | E40: ='เย็น 386'!E40+'เช้า 212'!E40 -> 0 | F40: ='เย็น 386'!F40+'เช้า 212'!F40 -> 1 | G40: ='เย็น 386'!G40+'เช้า 212'!G40 -> 33 | H40: ='เย็น 386'!H40+'เช้า 212'!H40 -> 1 | I40: ='เย็น 386'!I40+'เช้า 212'!I40 -> 0 | J40: ='เย็น 386'!J40+'เช้า 212'!J40 -> 1 | K40: =SUM(D40:J40) -> 37 | P40: =(L40+M40+N40+O40)-K40 -> -37
B41: 1111058 | C41: ชิฟฟอนแยกชิ้น ชาเขียว | D41: ='เย็น 386'!D41+'เช้า 212'!D41 -> 1 | E41: ='เย็น 386'!E41+'เช้า 212'!E41 -> 0 | F41: ='เย็น 386'!F41+'เช้า 212'!F41 -> 1 | G41: ='เย็น 386'!G41+'เช้า 212'!G41 -> 17 | H41: ='เย็น 386'!H41+'เช้า 212'!H41 -> 1 | I41: ='เย็น 386'!I41+'เช้า 212'!I41 -> 0 | J41: ='เย็น 386'!J41+'เช้า 212'!J41 -> 0 | K41: =SUM(D41:J41) -> 20 | P41: =(L41+M41+N41+O41)-K41 -> -20
B42: 1111059 | C42: ชิฟฟอนแยกชิ้น ใบเตย | D42: ='เย็น 386'!D42+'เช้า 212'!D42 -> 1 | E42: ='เย็น 386'!E42+'เช้า 212'!E42 -> 0 | F42: ='เย็น 386'!F42+'เช้า 212'!F42 -> 1 | G42: ='เย็น 386'!G42+'เช้า 212'!G42 -> 33 | H42: ='เย็น 386'!H42+'เช้า 212'!H42 -> 1 | I42: ='เย็น 386'!I42+'เช้า 212'!I42 -> 0 | J42: ='เย็น 386'!J42+'เช้า 212'!J42 -> 0 | K42: =SUM(D42:J42) -> 36 | P42: =(L42+M42+N42+O42)-K42 -> -36
B43: 1111060 | C43: ชิฟฟอนแยกชิ้น กล้วยหอม | D43: ='เย็น 386'!D43+'เช้า 212'!D43 -> 0 | E43: ='เย็น 386'!E43+'เช้า 212'!E43 -> 0 | F43: ='เย็น 386'!F43+'เช้า 212'!F43 -> 1 | G43: ='เย็น 386'!G43+'เช้า 212'!G43 -> 0 | H43: ='เย็น 386'!H43+'เช้า 212'!H43 -> 1 | I43: ='เย็น 386'!I43+'เช้า 212'!I43 -> 0 | J43: ='เย็น 386'!J43+'เช้า 212'!J43 -> 0 | K43: =SUM(D43:J43) -> 2 | P43: =(L43+M43+N43+O43)-K43 -> -2
B44: 1111061 | C44: ชิฟฟอนแยกชิ้น ชาไทย | D44: ='เย็น 386'!D44+'เช้า 212'!D44 -> 0 | E44: ='เย็น 386'!E44+'เช้า 212'!E44 -> 0 | F44: ='เย็น 386'!F44+'เช้า 212'!F44 -> 0 | G44: ='เย็น 386'!G44+'เช้า 212'!G44 -> 8 | H44: ='เย็น 386'!H44+'เช้า 212'!H44 -> 0 | I44: ='เย็น 386'!I44+'เช้า 212'!I44 -> 0 | J44: ='เย็น 386'!J44+'เช้า 212'!J44 -> 0 | K44: =SUM(D44:J44) -> 8 | P44: =(L44+M44+N44+O44)-K44 -> -8
B45: 1111062 | C45: ชิฟฟอนแยกชิ้น โกโก้ | D45: ='เย็น 386'!D45+'เช้า 212'!D45 -> 0 | E45: ='เย็น 386'!E45+'เช้า 212'!E45 -> 0 | F45: ='เย็น 386'!F45+'เช้า 212'!F45 -> 0 | G45: ='เย็น 386'!G45+'เช้า 212'!G45 -> 8 | H45: ='เย็น 386'!H45+'เช้า 212'!H45 -> 0 | I45: ='เย็น 386'!I45+'เช้า 212'!I45 -> 0 | J45: ='เย็น 386'!J45+'เช้า 212'!J45 -> 0 | K45: =SUM(D45:J45) -> 8 | P45: =(L45+M45+N45+O45)-K45 -> -8
B46: 1111063 | C46: ชิฟฟอนแยกชิ้น ส้ม | D46: ='เย็น 386'!D46+'เช้า 212'!D46 -> 0 | E46: ='เย็น 386'!E46+'เช้า 212'!E46 -> 0 | F46: ='เย็น 386'!F46+'เช้า 212'!F46 -> 1 | G46: ='เย็น 386'!G46+'เช้า 212'!G46 -> 12 | H46: ='เย็น 386'!H46+'เช้า 212'!H46 -> 1 | I46: ='เย็น 386'!I46+'เช้า 212'!I46 -> 0 | J46: ='เย็น 386'!J46+'เช้า 212'!J46 -> 0 | K46: =SUM(D46:J46) -> 14 | P46: =(L46+M46+N46+O46)-K46 -> -14
B47: 1111064 | C47: ชิฟฟอนแยกชิ้น เผือก | D47: ='เย็น 386'!D47+'เช้า 212'!D47 -> 0 | E47: ='เย็น 386'!E47+'เช้า 212'!E47 -> 0 | F47: ='เย็น 386'!F47+'เช้า 212'!F47 -> 0 | G47: ='เย็น 386'!G47+'เช้า 212'!G47 -> 12 | H47: ='เย็น 386'!H47+'เช้า 212'!H47 -> 0 | I47: ='เย็น 386'!I47+'เช้า 212'!I47 -> 0 | J47: ='เย็น 386'!J47+'เช้า 212'!J47 -> 0 | K47: =SUM(D47:J47) -> 12 | P47: =(L47+M47+N47+O47)-K47 -> -12
B48: 1111065 | C48: ชิฟฟอนแยกชิ้น สับปะรด | D48: ='เย็น 386'!D48+'เช้า 212'!D48 -> 0 | E48: ='เย็น 386'!E48+'เช้า 212'!E48 -> 0 | F48: ='เย็น 386'!F48+'เช้า 212'!F48 -> 1 | G48: ='เย็น 386'!G48+'เช้า 212'!G48 -> 0 | H48: ='เย็น 386'!H48+'เช้า 212'!H48 -> 1 | I48: ='เย็น 386'!I48+'เช้า 212'!I48 -> 0 | J48: ='เย็น 386'!J48+'เช้า 212'!J48 -> 0 | K48: =SUM(D48:J48) -> 2 | P48: =(L48+M48+N48+O48)-K48 -> -2
B49: 1111066 | C49: ชิฟฟอนแยกชิ้น สตอเบอรี่ | D49: ='เย็น 386'!D49+'เช้า 212'!D49 -> 0 | E49: ='เย็น 386'!E49+'เช้า 212'!E49 -> 0 | F49: ='เย็น 386'!F49+'เช้า 212'!F49 -> 1 | G49: ='เย็น 386'!G49+'เช้า 212'!G49 -> 12 | H49: ='เย็น 386'!H49+'เช้า 212'!H49 -> 1 | I49: ='เย็น 386'!I49+'เช้า 212'!I49 -> 0 | J49: ='เย็น 386'!J49+'เช้า 212'!J49 -> 0 | K49: =SUM(D49:J49) -> 14 | P49: =(L49+M49+N49+O49)-K49 -> -14
B50: 1111067 | C50: ชิฟฟอนแยกชิ้น มะพร้าว | D50: ='เย็น 386'!D50+'เช้า 212'!D50 -> 0 | E50: ='เย็น 386'!E50+'เช้า 212'!E50 -> 0 | F50: ='เย็น 386'!F50+'เช้า 212'!F50 -> 1 | G50: ='เย็น 386'!G50+'เช้า 212'!G50 -> 32 | H50: ='เย็น 386'!H50+'เช้า 212'!H50 -> 1 | I50: ='เย็น 386'!I50+'เช้า 212'!I50 -> 0 | J50: ='เย็น 386'!J50+'เช้า 212'!J50 -> 0 | K50: =SUM(D50:J50) -> 34 | P50: =(L50+M50+N50+O50)-K50 -> -34
B51: 1111068 | C51: ชิฟฟอนแยกชิ้น เนย | D51: ='เย็น 386'!D51+'เช้า 212'!D51 -> 0 | E51: ='เย็น 386'!E51+'เช้า 212'!E51 -> 0 | F51: ='เย็น 386'!F51+'เช้า 212'!F51 -> 1 | G51: ='เย็น 386'!G51+'เช้า 212'!G51 -> 24 | H51: ='เย็น 386'!H51+'เช้า 212'!H51 -> 1 | I51: ='เย็น 386'!I51+'เช้า 212'!I51 -> 0 | J51: ='เย็น 386'!J51+'เช้า 212'!J51 -> 0 | K51: =SUM(D51:J51) -> 26 | P51: =(L51+M51+N51+O51)-K51 -> -26
... B54: 1111071 | C54: ชิฟฟอนแยกชิ้น ตาล | D54: ='เย็น 386'!D54+'เช้า 212'!D54 -> 0 | E54: ='เย็น 386'!E54+'เช้า 212'!E54 -> 0 | F54: ='เย็น 386'!F54+'เช้า 212'!F54 -> 0 | G54: ='เย็น 386'!G54+'เช้า 212'!G54 -> 0 | H54: ='เย็น 386'!H54+'เช้า 212'!H54 -> 0 | I54: ='เย็น 386'!I54+'เช้า 212'!I54 -> 0 | J54: ='เย็น 386'!J54+'เช้า 212'!J54 -> 0 | K54: =SUM(D54:J54) -> 0 | P54: =(L54+M54+N54+O54)-K54 -> 0
B55: 1111001 | C55: ชิฟฟอนแยกชิ้น คละรส | E55: ='เย็น 386'!E55+'เช้า 212'!E55 -> 0 | F55: ='เย็น 386'!F55+'เช้า 212'!F55 -> 0 | G55: ='เย็น 386'!G55+'เช้า 212'!G55 -> 0 | H55: ='เย็น 386'!H55+'เช้า 212'!H55 -> 0 | I55: ='เย็น 386'!I55+'เช้า 212'!I55 -> 0 | J55: ='เย็น 386'!J55+'เช้า 212'!J55 -> 0 | K55: =SUM(D55:J55) -> 0 | P55: =(L55+M55+N55+O55)-K55 -> 0
B56: 1111074 | C56: ชิฟฟอนไส้แยมแยกชิ้น มะพร้าว | D56: ='เย็น 386'!D56+'เช้า 212'!D56 -> 0 | E56: ='เย็น 386'!E56+'เช้า 212'!E56 -> 2 | F56: ='เย็น 386'!F56+'เช้า 212'!F56 -> 1 | G56: ='เย็น 386'!G56+'เช้า 212'!G56 -> 5 | H56: ='เย็น 386'!H56+'เช้า 212'!H56 -> 3 | I56: ='เย็น 386'!I56+'เช้า 212'!I56 -> 0 | J56: ='เย็น 386'!J56+'เช้า 212'!J56 -> 0 | K56: =SUM(D56:J56) -> 11 | P56: =(L56+M56+N56+O56)-K56 -> -11
B57: 1111075 | C57: ชิฟฟอนไส้แยมแยกชิ้น สตอเบอรี่ | D57: ='เย็น 386'!D57+'เช้า 212'!D57 -> 0 | E57: ='เย็น 386'!E57+'เช้า 212'!E57 -> 2 | F57: ='เย็น 386'!F57+'เช้า 212'!F57 -> 1 | G57: ='เย็น 386'!G57+'เช้า 212'!G57 -> 5 | H57: ='เย็น 386'!H57+'เช้า 212'!H57 -> 3 | I57: ='เย็น 386'!I57+'เช้า 212'!I57 -> 0 | J57: ='เย็น 386'!J57+'เช้า 212'!J57 -> 0 | K57: =SUM(D57:J57) -> 11 | P57: =(L57+M57+N57+O57)-K57 -> -11
B58: 1111076 | C58: ชิฟฟอนไส้แยมแยกชิ้น ส้ม | D58: ='เย็น 386'!D58+'เช้า 212'!D58 -> 0 | E58: ='เย็น 386'!E58+'เช้า 212'!E58 -> 2 | F58: ='เย็น 386'!F58+'เช้า 212'!F58 -> 1 | G58: ='เย็น 386'!G58+'เช้า 212'!G58 -> 4 | H58: ='เย็น 386'!H58+'เช้า 212'!H58 -> 3 | I58: ='เย็น 386'!I58+'เช้า 212'!I58 -> 0 | J58: ='เย็น 386'!J58+'เช้า 212'!J58 -> 0 | K58: =SUM(D58:J58) -> 10 | P58: =(L58+M58+N58+O58)-K58 -> -10
B59: 1111077 | C59: ชิฟฟอนไส้แยมแยกชิ้น บลูเบอรี่ | D59: ='เย็น 386'!D59+'เช้า 212'!D59 -> 0 | E59: ='เย็น 386'!E59+'เช้า 212'!E59 -> 2 | F59: ='เย็น 386'!F59+'เช้า 212'!F59 -> 1 | G59: ='เย็น 386'!G59+'เช้า 212'!G59 -> 4 | H59: ='เย็น 386'!H59+'เช้า 212'!H59 -> 2 | I59: ='เย็น 386'!I59+'เช้า 212'!I59 -> 0 | J59: ='เย็น 386'!J59+'เช้า 212'!J59 -> 0 | K59: =SUM(D59:J59) -> 9 | P59: =(L59+M59+N59+O59)-K59 -> -9
B60: 1111078 | C60: ชิฟฟอนไส้แยมแยกชิ้น นมชมพู | D60: ='เย็น 386'!D60+'เช้า 212'!D60 -> 0 | E60: ='เย็น 386'!E60+'เช้า 212'!E60 -> 2 | F60: ='เย็น 386'!F60+'เช้า 212'!F60 -> 1 | G60: ='เย็น 386'!G60+'เช้า 212'!G60 -> 4 | H60: ='เย็น 386'!H60+'เช้า 212'!H60 -> 2 | I60: ='เย็น 386'!I60+'เช้า 212'!I60 -> 0 | J60: ='เย็น 386'!J60+'เช้า 212'!J60 -> 0 | K60: =SUM(D60:J60) -> 9 | P60: =(L60+M60+N60+O60)-K60 -> -9
B61: 1111079 | C61: ชิฟฟอนไส้แยมแยกชิ้น ชอคโกแลต | D61: ='เย็น 386'!D61+'เช้า 212'!D61 -> 0 | E61: ='เย็น 386'!E61+'เช้า 212'!E61 -> 2 | F61: ='เย็น 386'!F61+'เช้า 212'!F61 -> 1 | G61: ='เย็น 386'!G61+'เช้า 212'!G61 -> 4 | H61: ='เย็น 386'!H61+'เช้า 212'!H61 -> 2 | I61: ='เย็น 386'!I61+'เช้า 212'!I61 -> 0 | J61: ='เย็น 386'!J61+'เช้า 212'!J61 -> 0 | K61: =SUM(D61:J61) -> 9 | P61: =(L61+M61+N61+O61)-K61 -> -9
B62: 1111080 | C62: ชิฟฟอนไส้แยมแยกชิ้น ฝอยทอง | D62: ='เย็น 386'!D62+'เช้า 212'!D62 -> 0 | E62: ='เย็น 386'!E62+'เช้า 212'!E62 -> 2 | F62: ='เย็น 386'!F62+'เช้า 212'!F62 -> 1 | G62: ='เย็น 386'!G62+'เช้า 212'!G62 -> 4 | H62: ='เย็น 386'!H62+'เช้า 212'!H62 -> 2 | I62: ='เย็น 386'!I62+'เช้า 212'!I62 -> 0 | J62: ='เย็น 386'!J62+'เช้า 212'!J62 -> 0 | K62: =SUM(D62:J62) -> 9 | P62: =(L62+M62+N62+O62)-K62 -> -9
B63: 1111081 | C63: ชิฟฟอนไส้แยมแยกชิ้น วนิลา | D63: ='เย็น 386'!D63+'เช้า 212'!D63 -> 0 | E63: ='เย็น 386'!E63+'เช้า 212'!E63 -> 2 | F63: ='เย็น 386'!F63+'เช้า 212'!F63 -> 1 | G63: ='เย็น 386'!G63+'เช้า 212'!G63 -> 3 | H63: ='เย็น 386'!H63+'เช้า 212'!H63 -> 2 | I63: ='เย็น 386'!I63+'เช้า 212'!I63 -> 0 | J63: ='เย็น 386'!J63+'เช้า 212'!J63 -> 0 | K63: =SUM(D63:J63) -> 8 | P63: =(L63+M63+N63+O63)-K63 -> -8
B64: 1111082 | C64: ชิฟฟอนไส้แยมแยกชิ้น ใบเตย | D64: ='เย็น 386'!D64+'เช้า 212'!D64 -> 0 | E64: ='เย็น 386'!E64+'เช้า 212'!E64 -> 2 | F64: ='เย็น 386'!F64+'เช้า 212'!F64 -> 1 | G64: ='เย็น 386'!G64+'เช้า 212'!G64 -> 3 | H64: ='เย็น 386'!H64+'เช้า 212'!H64 -> 2 | I64: ='เย็น 386'!I64+'เช้า 212'!I64 -> 0 | J64: ='เย็น 386'!J64+'เช้า 212'!J64 -> 0 | K64: =SUM(D64:J64) -> 8 | P64: =(L64+M64+N64+O64)-K64 -> -8
B65: 1111083 | C65: ชิฟฟอนไส้แยมแยกชิ้น เมล่อน | D65: ='เย็น 386'!D65+'เช้า 212'!D65 -> 0 | E65: ='เย็น 386'!E65+'เช้า 212'!E65 -> 2 | F65: ='เย็น 386'!F65+'เช้า 212'!F65 -> 1 | G65: ='เย็น 386'!G65+'เช้า 212'!G65 -> 3 | H65: ='เย็น 386'!H65+'เช้า 212'!H65 -> 2 | I65: ='เย็น 386'!I65+'เช้า 212'!I65 -> 0 | J65: ='เย็น 386'!J65+'เช้า 212'!J65 -> 0 | K65: =SUM(D65:J65) -> 8 | P65: =(L65+M65+N65+O65)-K65 -> -8
B66: 1111010 | C66: ชิฟฟอนไส้แยมแยกชิ้น คละรส | D66: ='เย็น 386'!D66+'เช้า 212'!D66 -> 0 | E66: ='เย็น 386'!E66+'เช้า 212'!E66 -> 0 | F66: ='เย็น 386'!F66+'เช้า 212'!F66 -> 0 | G66: ='เย็น 386'!G66+'เช้า 212'!G66 -> 0 | H66: ='เย็น 386'!H66+'เช้า 212'!H66 -> 0 | I66: ='เย็น 386'!I66+'เช้า 212'!I66 -> 0 | J66: ='เย็น 386'!J66+'เช้า 212'!J66 -> 0 | K66: =SUM(D66:J66) -> 0 | P66: =(L66+M66+N66+O66)-K66 -> 0 | S66: =P66-R66 -> 0
C67: รวม | K67: =SUM(D67:J67) -> 0 | P67: =(L67+M67+N67+O67)-K67 -> 0 | S67: =P67-R67 -> 0
B68: ชิฟฟอนไส้แยม 6 ชิ้น | S68: =P68-R68 -> 0
B69: 1111009 | C69: ชิฟฟอนไส้แยมรวมรส 6 ชิ้น | D69: ='เย็น 386'!D69+'เช้า 212'!D69 -> 4 | E69: ='เย็น 386'!E69+'เช้า 212'!E69 -> 1 | F69: ='เย็น 386'!F69+'เช้า 212'!F69 -> 3 | G69: ='เย็น 386'!G69+'เช้า 212'!G69 -> 3 | H69: ='เย็น 386'!H69+'เช้า 212'!H69 -> 0 | I69: ='เย็น 386'!I69+'เช้า 212'!I69 -> 0 | J69: ='เย็น 386'!J69+'เช้า 212'!J69 -> 0 | K69: =SUM(D69:J69) -> 11 | L69: 18 | M69: 10 | P69: =(L69+M69+N69+O69)-K69 -> 17 | R69: 1 | S69: =P69-R69 -> 16 | T69: 20 | U69: =S69+T69 -> 36
B70: 1111023 | C70: ชิฟฟอนไส้แยมรสสตอเบอร์รี่ล้วน 6 ชิ้น | D70: ='เย็น 386'!D70+'เช้า 212'!D70 -> 0 | E70: ='เย็น 386'!E70+'เช้า 212'!E70 -> 0 | F70: ='เย็น 386'!F70+'เช้า 212'!F70 -> 0 | G70: ='เย็น 386'!G70+'เช้า 212'!G70 -> 0 | H70: ='เย็น 386'!H70+'เช้า 212'!H70 -> 0 | I70: ='เย็น 386'!I70+'เช้า 212'!I70 -> 0 | J70: ='เย็น 386'!J70+'เช้า 212'!J70 -> 0 | K70: =SUM(D70:J70) -> 0 | P70: =(L70+M70+N70+O70)-K70 -> 0 | S70: =P70-R70 -> 0
B71: 1111016 | C71: ชิฟฟอนไส้แยมรสมะพร้าวล้วน 6 ชิ้น | D71: ='เย็น 386'!D71+'เช้า 212'!D71 -> 0 | E71: ='เย็น 386'!E71+'เช้า 212'!E71 -> 0 | F71: ='เย็น 386'!F71+'เช้า 212'!F71 -> 0 | G71: ='เย็น 386'!G71+'เช้า 212'!G71 -> 0 | H71: ='เย็น 386'!H71+'เช้า 212'!H71 -> 0 | I71: ='เย็น 386'!I71+'เช้า 212'!I71 -> 0 | J71: ='เย็น 386'!J71+'เช้า 212'!J71 -> 0 | K71: =SUM(D71:J71) -> 0 | P71: =(L71+M71+N71+O71)-K71 -> 0 | S71: =P71-R71 -> 0
B72: 1111014 | C72: ชิฟฟอนไส้แยมรสช็อกโกแลตนูเทลล่าล้วน 6 ชิ้น | D72: ='เย็น 386'!D72+'เช้า 212'!D72 -> 0 | E72: ='เย็น 386'!E72+'เช้า 212'!E72 -> 0 | F72: ='เย็น 386'!F72+'เช้า 212'!F72 -> 0 | G72: ='เย็น 386'!G72+'เช้า 212'!G72 -> 0 | H72: ='เย็น 386'!H72+'เช้า 212'!H72 -> 0 | I72: ='เย็น 386'!I72+'เช้า 212'!I72 -> 0 | J72: ='เย็น 386'!J72+'เช้า 212'!J72 -> 0 | K72: =SUM(D72:J72) -> 0 | P72: =(L72+M72+N72+O72)-K72 -> 0 | S72: =P72-R72 -> 0
B73: 1111025 | C73: ชิฟฟอนไส้แยมรสส้มล้วน 6 ชิ้น | D73: ='เย็น 386'!D73+'เช้า 212'!D73 -> 0 | E73: ='เย็น 386'!E73+'เช้า 212'!E73 -> 0 | F73: ='เย็น 386'!F73+'เช้า 212'!F73 -> 0 | G73: ='เย็น 386'!G73+'เช้า 212'!G73 -> 0 | H73: ='เย็น 386'!H73+'เช้า 212'!H73 -> 0 | I73: ='เย็น 386'!I73+'เช้า 212'!I73 -> 0 | J73: ='เย็น 386'!J73+'เช้า 212'!J73 -> 0 | K73: =SUM(D73:J73) -> 0 | P73: =(L73+M73+N73+O73)-K73 -> 0 | S73: =P73-R73 -> 0
B74: 1111018 | C74: ชิฟฟอนไส้แยมรสบลูเบอร์รี่ล้วน 6 ชิ้น | D74: ='เย็น 386'!D74+'เช้า 212'!D74 -> 0 | E74: ='เย็น 386'!E74+'เช้า 212'!E74 -> 0 | F74: ='เย็น 386'!F74+'เช้า 212'!F74 -> 0 | G74: ='เย็น 386'!G74+'เช้า 212'!G74 -> 0 | H74: ='เย็น 386'!H74+'เช้า 212'!H74 -> 0 | I74: ='เย็น 386'!I74+'เช้า 212'!I74 -> 0 | J74: ='เย็น 386'!J74+'เช้า 212'!J74 -> 0 | K74: =SUM(D74:J74) -> 0 | P74: =(L74+M74+N74+O74)-K74 -> 0 | S74: =P74-R74 -> 0
B75: 1111012 | C75: ชิฟฟอนไส้แยมรสนมชมพูฮอกไกโดล้วน 6 ชิ้น | D75: ='เย็น 386'!D75+'เช้า 212'!D75 -> 0 | E75: ='เย็น 386'!E75+'เช้า 212'!E75 -> 0 | F75: ='เย็น 386'!F75+'เช้า 212'!F75 -> 0 | G75: ='เย็น 386'!G75+'เช้า 212'!G75 -> 0 | H75: ='เย็น 386'!H75+'เช้า 212'!H75 -> 0 | I75: ='เย็น 386'!I75+'เช้า 212'!I75 -> 0 | J75: ='เย็น 386'!J75+'เช้า 212'!J75 -> 0 | K75: =SUM(D75:J75) -> 0 | P75: =(L75+M75+N75+O75)-K75 -> 0 | S75: =P75-R75 -> 0
B76: 1111020 | C76: ชิฟฟอนไส้แยมฝอยทองไส้ทะลัก 6 ชิ้น | D76: ='เย็น 386'!D76+'เช้า 212'!D76 -> 0 | E76: ='เย็น 386'!E76+'เช้า 212'!E76 -> 0 | F76: ='เย็น 386'!F76+'เช้า 212'!F76 -> 0 | G76: ='เย็น 386'!G76+'เช้า 212'!G76 -> 0 | H76: ='เย็น 386'!H76+'เช้า 212'!H76 -> 0 | I76: ='เย็น 386'!I76+'เช้า 212'!I76 -> 0 | J76: ='เย็น 386'!J76+'เช้า 212'!J76 -> 0 | K76: =SUM(D76:J76) -> 0 | P76: =(L76+M76+N76+O76)-K76 -> 0 | S76: =P76-R76 -> 0
C77: รวม | D77: ='เย็น 386'!D77+'เช้า 212'!D77 -> 0 | E77: ='เย็น 386'!E77+'เช้า 212'!E77 -> 0 | F77: ='เย็น 386'!F77+'เช้า 212'!F77 -> 0 | G77: ='เย็น 386'!G77+'เช้า 212'!G77 -> 0 | H77: ='เย็น 386'!H77+'เช้า 212'!H77 -> 0 | I77: ='เย็น 386'!I77+'เช้า 212'!I77 -> 0 | J77: ='เย็น 386'!J77+'เช้า 212'!J77 -> 0 | P77: =(L77+M77+N77+O77)-K77 -> 0 | S77: =P77-R77 -> 0
B78: ชิฟฟอนไส้แยม 3 ชิ้น | S78: =P78-R78 -> 0
B79: 1111022 | C79: ชิฟฟอนไส้แยมรสสตอเบอร์รี่ล้วน 3 ชิ้น | D79: ='เย็น 386'!D79+'เช้า 212'!D79 -> 0 | E79: ='เย็น 386'!E79+'เช้า 212'!E79 -> 0 | F79: ='เย็น 386'!F79+'เช้า 212'!F79 -> 0 | G79: ='เย็น 386'!G79+'เช้า 212'!G79 -> 0 | H79: ='เย็น 386'!H79+'เช้า 212'!H79 -> 0 | I79: ='เย็น 386'!I79+'เช้า 212'!I79 -> 0 | J79: ='เย็น 386'!J79+'เช้า 212'!J79 -> 0 | K79: =SUM(D79:J79) -> 0 | P79: =(L79+M79+N79+O79)-K79 -> 0 | S79: =P79-R79 -> 0
B80: 1111015 | C80: ชิฟฟอนไส้แยมรสมะพร้าวล้วน 3 ชิ้น | D80: ='เย็น 386'!D80+'เช้า 212'!D80 -> 0 | E80: ='เย็น 386'!E80+'เช้า 212'!E80 -> 0 | F80: ='เย็น 386'!F80+'เช้า 212'!F80 -> 0 | G80: ='เย็น 386'!G80+'เช้า 212'!G80 -> 0 | H80: ='เย็น 386'!H80+'เช้า 212'!H80 -> 0 | I80: ='เย็น 386'!I80+'เช้า 212'!I80 -> 0 | J80: ='เย็น 386'!J80+'เช้า 212'!J80 -> 0 | K80: =SUM(D80:J80) -> 0 | P80: =(L80+M80+N80+O80)-K80 -> 0 | S80: =P80-R80 -> 0
B81: 1111013 | C81: ชิฟฟอนไส้แยมรสช็อกโกแลตนูเทลล่าล้วน 3 ชิ้น | D81: ='เย็น 386'!D81+'เช้า 212'!D81 -> 0 | E81: ='เย็น 386'!E81+'เช้า 212'!E81 -> 0 | F81: ='เย็น 386'!F81+'เช้า 212'!F81 -> 0 | G81: ='เย็น 386'!G81+'เช้า 212'!G81 -> 0 | H81: ='เย็น 386'!H81+'เช้า 212'!H81 -> 0 | I81: ='เย็น 386'!I81+'เช้า 212'!I81 -> 0 | J81: ='เย็น 386'!J81+'เช้า 212'!J81 -> 0 | K81: =SUM(D81:J81) -> 0 | P81: =(L81+M81+N81+O81)-K81 -> 0 | S81: =P81-R81 -> 0
B82: 1111024 | C82: ชิฟฟอนไส้แยมรสส้มล้วน 3 ชิ้น | D82: ='เย็น 386'!D82+'เช้า 212'!D82 -> 0 | E82: ='เย็น 386'!E82+'เช้า 212'!E82 -> 0 | F82: ='เย็น 386'!F82+'เช้า 212'!F82 -> 0 | G82: ='เย็น 386'!G82+'เช้า 212'!G82 -> 0 | H82: ='เย็น 386'!H82+'เช้า 212'!H82 -> 0 | I82: ='เย็น 386'!I82+'เช้า 212'!I82 -> 0 | J82: ='เย็น 386'!J82+'เช้า 212'!J82 -> 0 | K82: =SUM(D82:J82) -> 0 | P82: =(L82+M82+N82+O82)-K82 -> 0 | S82: =P82-R82 -> 0
B83: 1111017 | C83: ชิฟฟอนไส้แยมรสบลูเบอร์รี่ล้วน 3 ชิ้น | D83: ='เย็น 386'!D83+'เช้า 212'!D83 -> 0 | E83: ='เย็น 386'!E83+'เช้า 212'!E83 -> 0 | F83: ='เย็น 386'!F83+'เช้า 212'!F83 -> 0 | G83: ='เย็น 386'!G83+'เช้า 212'!G83 -> 0 | H83: ='เย็น 386'!H83+'เช้า 212'!H83 -> 0 | I83: ='เย็น 386'!I83+'เช้า 212'!I83 -> 0 | J83: ='เย็น 386'!J83+'เช้า 212'!J83 -> 0 | K83: =SUM(D83:J83) -> 0 | P83: =(L83+M83+N83+O83)-K83 -> 0 | S83: =P83-R83 -> 0
B84: 1111011 | C84: ชิฟฟอนไส้แยมรสนมชมพูฮอกไกโดล้วน 3 ชิ้น | D84: ='เย็น 386'!D84+'เช้า 212'!D84 -> 0 | E84: ='เย็น 386'!E84+'เช้า 212'!E84 -> 0 | F84: ='เย็น 386'!F84+'เช้า 212'!F84 -> 0 | G84: ='เย็น 386'!G84+'เช้า 212'!G84 -> 0 | H84: ='เย็น 386'!H84+'เช้า 212'!H84 -> 0 | I84: ='เย็น 386'!I84+'เช้า 212'!I84 -> 0 | J84: ='เย็น 386'!J84+'เช้า 212'!J84 -> 0 | K84: =SUM(D84:J84) -> 0 | P84: =(L84+M84+N84+O84)-K84 -> 0 | S84: =P84-R84 -> 0
B85: 1111019 | C85: ชิฟฟอนไส้แยมฝอยทองไส้ทะลัก 3 ชิ้น | D85: ='เย็น 386'!D85+'เช้า 212'!D85 -> 0 | E85: ='เย็น 386'!E85+'เช้า 212'!E85 -> 0 | F85: ='เย็น 386'!F85+'เช้า 212'!F85 -> 0 | G85: ='เย็น 386'!G85+'เช้า 212'!G85 -> 0 | H85: ='เย็น 386'!H85+'เช้า 212'!H85 -> 0 | I85: ='เย็น 386'!I85+'เช้า 212'!I85 -> 0 | J85: ='เย็น 386'!J85+'เช้า 212'!J85 -> 0 | K85: =SUM(D85:J85) -> 0 | P85: =(L85+M85+N85+O85)-K85 -> 0 | S85: =P85-R85 -> 0
B86: 1113081 | C86: ชิฟฟอนไส้แยม วนิลา/ใบเตย/เมล่อน | D86: ='เย็น 386'!D86+'เช้า 212'!D86 -> 0 | E86: ='เย็น 386'!E86+'เช้า 212'!E86 -> 0 | F86: ='เย็น 386'!F86+'เช้า 212'!F86 -> 0 | G86: ='เย็น 386'!G86+'เช้า 212'!G86 -> 0 | H86: ='เย็น 386'!H86+'เช้า 212'!H86 -> 0 | I86: ='เย็น 386'!I86+'เช้า 212'!I86 -> 0 | J86: ='เย็น 386'!J86+'เช้า 212'!J86 -> 0 | K86: =SUM(D86:J86) -> 0 | P86: =(L86+M86+N86+O86)-K86 -> 0 | S86: =P86-R86 -> 0
B87: 1111008 | C87: ชิฟฟอนไส้แยมรวมรส 3 ชิ้น | D87: ='เย็น 386'!D87+'เช้า 212'!D87 -> 6 | E87: ='เย็น 386'!E87+'เช้า 212'!E87 -> 33 | F87: ='เย็น 386'!F87+'เช้า 212'!F87 -> 0 | G87: ='เย็น 386'!G87+'เช้า 212'!G87 -> 135 | H87: ='เย็น 386'!H87+'เช้า 212'!H87 -> 61 | I87: ='เย็น 386'!I87+'เช้า 212'!I87 -> 0 | J87: ='เย็น 386'!J87+'เช้า 212'!J87 -> 0 | K87: =SUM(D87:J87) -> 235 | L87: 329 | M87: 100 | P87: =(L87+M87+N87+O87)-K87 -> 194 | R87: 63 | S87: =P87-R87 -> 131 | T87: 100 | U87: =S87+T87 -> 231
C88: รวม | K88: =SUM(D88:J88) -> 0 | P88: =(L88+M88+N88+O88)-K88 -> 0 | S88: =P88-R88 -> 0
B89: เบาหวิว ล 110 กรัม | S89: =P89-R89 -> 0
B90: 1112009 | C90: มะพร้าว | D90: ='เย็น 386'!D90+'เช้า 212'!D90 -> 9 | E90: ='เย็น 386'!E90+'เช้า 212'!E90 -> 1 | F90: ='เย็น 386'!F90+'เช้า 212'!F90 -> 6 | G90: ='เย็น 386'!G90+'เช้า 212'!G90 -> 40 | H90: ='เย็น 386'!H90+'เช้า 212'!H90 -> 23 | I90: ='เย็น 386'!I90+'เช้า 212'!I90 -> 0 | J90: ='เย็น 386'!J90+'เช้า 212'!J90 -> 0 | K90: =SUM(D90:J90) -> 79 | L90: 276 | M90: 60 | P90: =(L90+M90+N90+O90)-K90 -> 257 | R90: 20 | S90: =P90-R90 -> 237 | T90: 50 | U90: =S90+T90 -> 287 | V90: 180 | W90: =U90-V90 -> 107
B91: 1112011 | C91: ฝอยทอง | D91: ='เย็น 386'!D91+'เช้า 212'!D91 -> 9 | E91: ='เย็น 386'!E91+'เช้า 212'!E91 -> 3 | F91: ='เย็น 386'!F91+'เช้า 212'!F91 -> 15 | G91: ='เย็น 386'!G91+'เช้า 212'!G91 -> 46 | H91: ='เย็น 386'!H91+'เช้า 212'!H91 -> 33 | I91: ='เย็น 386'!I91+'เช้า 212'!I91 -> 0 | J91: ='เย็น 386'!J91+'เช้า 212'!J91 -> 0 | K91: =SUM(D91:J91) -> 106 | L91: 277 | M91: 80 | P91: =(L91+M91+N91+O91)-K91 -> 251 | R91: 29 | S91: =P91-R91 -> 222 | T91: 60 | U91: =S91+T91 -> 282 | V91: 153 | W91: =U91-V91 -> 129
B92: 1112003 | C92: กาแฟ | D92: ='เย็น 386'!D92+'เช้า 212'!D92 -> 0 | E92: ='เย็น 386'!E92+'เช้า 212'!E92 -> 0 | F92: ='เย็น 386'!F92+'เช้า 212'!F92 -> 0 | G92: ='เย็น 386'!G92+'เช้า 212'!G92 -> 8 | H92: ='เย็น 386'!H92+'เช้า 212'!H92 -> 0 | I92: ='เย็น 386'!I92+'เช้า 212'!I92 -> 0 | J92: ='เย็น 386'!J92+'เช้า 212'!J92 -> 0 | K92: =SUM(D92:J92) -> 8 | L92: 1 | M92: 20 | P92: =(L92+M92+N92+O92)-K92 -> 13 | S92: =P92-R92 -> 13 | T92: 10 | U92: =S92+T92 -> 23 | W92: =U92-V92 -> 23
B93: 1112005 | C93: เนยนม | D93: ='เย็น 386'!D93+'เช้า 212'!D93 -> 0 | E93: ='เย็น 386'!E93+'เช้า 212'!E93 -> 0 | F93: ='เย็น 386'!F93+'เช้า 212'!F93 -> 0 | G93: ='เย็น 386'!G93+'เช้า 212'!G93 -> 8 | H93: ='เย็น 386'!H93+'เช้า 212'!H93 -> 0 | I93: ='เย็น 386'!I93+'เช้า 212'!I93 -> 0 | J93: ='เย็น 386'!J93+'เช้า 212'!J93 -> 0 | K93: =SUM(D93:J93) -> 8 | M93: 10 | P93: =(L93+M93+N93+O93)-K93 -> 2 | S93: =P93-R93 -> 2 | T93: 10 | U93: =S93+T93 -> 12 | W93: =U93-V93 -> 12
B94: 1112007 | C94: ใบเตย | D94: ='เย็น 386'!D94+'เช้า 212'!D94 -> 0 | E94: ='เย็น 386'!E94+'เช้า 212'!E94 -> 0 | F94: ='เย็น 386'!F94+'เช้า 212'!F94 -> 0 | G94: ='เย็น 386'!G94+'เช้า 212'!G94 -> 0 | H94: ='เย็น 386'!H94+'เช้า 212'!H94 -> 0 | I94: ='เย็น 386'!I94+'เช้า 212'!I94 -> 0 | J94: ='เย็น 386'!J94+'เช้า 212'!J94 -> 0 | K94: =SUM(D94:J94) -> 0 | P94: =(L94+M94+N94+O94)-K94 -> 0 | S94: =P94-R94 -> 0 | U94: =S94+T94 -> 0 | W94: =U94-V94 -> 0
B95: 1112019 | C95: ทุเรียน | D95: ='เย็น 386'!D95+'เช้า 212'!D95 -> 0 | E95: ='เย็น 386'!E95+'เช้า 212'!E95 -> 0 | F95: ='เย็น 386'!F95+'เช้า 212'!F95 -> 0 | G95: ='เย็น 386'!G95+'เช้า 212'!G95 -> 0 | H95: ='เย็น 386'!H95+'เช้า 212'!H95 -> 0 | I95: ='เย็น 386'!I95+'เช้า 212'!I95 -> 0 | J95: ='เย็น 386'!J95+'เช้า 212'!J95 -> 0 | K95: =SUM(D95:J95) -> 0 | L95: 1 | P95: =(L95+M95+N95+O95)-K95 -> 1 | S95: =P95-R95 -> 1 | U95: =S95+T95 -> 1 | W95: =U95-V95 -> 1
B96: 1112017 | C96: ตาลหอม | D96: ='เย็น 386'!D96+'เช้า 212'!D96 -> 6 | E96: ='เย็น 386'!E96+'เช้า 212'!E96 -> 0 | F96: ='เย็น 386'!F96+'เช้า 212'!F96 -> 0 | G96: ='เย็น 386'!G96+'เช้า 212'!G96 -> 6 | H96: ='เย็น 386'!H96+'เช้า 212'!H96 -> 10 | I96: ='เย็น 386'!I96+'เช้า 212'!I96 -> 0 | J96: ='เย็น 386'!J96+'เช้า 212'!J96 -> 0 | K96: =SUM(D96:J96) -> 22 | L96: 31 | M96: 20 | P96: =(L96+M96+N96+O96)-K96 -> 29 | R96: 4 | S96: =P96-R96 -> 25 | T96: 10 | U96: =S96+T96 -> 35 | V96: 4 | W96: =U96-V96 -> 31
B97: 1112015 | C97: กล้วยหอมมะพร้าวเผา | D97: ='เย็น 386'!D97+'เช้า 212'!D97 -> 0 | E97: ='เย็น 386'!E97+'เช้า 212'!E97 -> 0 | F97: ='เย็น 386'!F97+'เช้า 212'!F97 -> 0 | G97: ='เย็น 386'!G97+'เช้า 212'!G97 -> 8 | H97: ='เย็น 386'!H97+'เช้า 212'!H97 -> 0 | I97: ='เย็น 386'!I97+'เช้า 212'!I97 -> 0 | J97: ='เย็น 386'!J97+'เช้า 212'!J97 -> 0 | K97: =SUM(D97:J97) -> 8 | L97: 5 | M97: 20 | P97: =(L97+M97+N97+O97)-K97 -> 17 | S97: =P97-R97 -> 17 | T97: 10 | U97: =S97+T97 -> 27 | W97: =U97-V97 -> 27
B98: 1112013 | C98: เผือกมะพร้าวอ่อน | D98: ='เย็น 386'!D98+'เช้า 212'!D98 -> 6 | E98: ='เย็น 386'!E98+'เช้า 212'!E98 -> 1 | F98: ='เย็น 386'!F98+'เช้า 212'!F98 -> 6 | G98: ='เย็น 386'!G98+'เช้า 212'!G98 -> 46 | H98: ='เย็น 386'!H98+'เช้า 212'!H98 -> 33 | I98: ='เย็น 386'!I98+'เช้า 212'!I98 -> 0 | J98: ='เย็น 386'!J98+'เช้า 212'!J98 -> 0 | K98: =SUM(D98:J98) -> 92 | L98: 225 | M98: 60 | P98: =(L98+M98+N98+O98)-K98 -> 193 | R98: 22 | S98: =P98-R98 -> 171 | T98: 50 | U98: =S98+T98 -> 221 | V98: 110 | W98: =U98-V98 -> 111
B99: 1124043 | C99: เบาหวิว คละรส | D99: ='เย็น 386'!D99+'เช้า 212'!D99 -> 0 | E99: ='เย็น 386'!E99+'เช้า 212'!E99 -> 0 | F99: ='เย็น 386'!F99+'เช้า 212'!F99 -> 0 | G99: ='เย็น 386'!G99+'เช้า 212'!G99 -> 0 | H99: ='เย็น 386'!H99+'เช้า 212'!H99 -> 0 | I99: ='เย็น 386'!I99+'เช้า 212'!I99 -> 0 | J99: ='เย็น 386'!J99+'เช้า 212'!J99 -> 0 | K99: =SUM(D99:J99) -> 0 | P99: =(L99+M99+N99+O99)-K99 -> 0 | S99: =P99-R99 -> 0
C100: รวม | K100: =SUM(K90:K99) -> 323 | P100: =SUM(P90:P99) -> 763 | S100: =P100-R100 -> 763
B101: เบาหวิว ญ 300 กรัม | S101: =P101-R101 -> 0
B102: 1112008 | C102: มะพร้าว | D102: ='เช้า 212'!D102+'เย็น 386'!D102 -> 0 | E102: ='เช้า 212'!E102+'เย็น 386'!E102 -> 0 | F102: ='เช้า 212'!F102+'เย็น 386'!F102 -> 0 | G102: ='เช้า 212'!G102+'เย็น 386'!G102 -> 0 | H102: ='เช้า 212'!H102+'เย็น 386'!H102 -> 0 | I102: ='เช้า 212'!I102+'เย็น 386'!I102 -> 0 | J102: ='เช้า 212'!J102+'เย็น 386'!J102 -> 0 | K102: =SUM(D102:J102) -> 0 | P102: =(L102+M102+N102+O102)-K102 -> 0 | S102: =P102-R102 -> 0
B103: 1112010 | C103: ฝอยทอง | D103: ='เช้า 212'!D103+'เย็น 386'!D103 -> 0 | E103: ='เช้า 212'!E103+'เย็น 386'!E103 -> 0 | F103: ='เช้า 212'!F103+'เย็น 386'!F103 -> 0 | G103: ='เช้า 212'!G103+'เย็น 386'!G103 -> 0 | H103: ='เช้า 212'!H103+'เย็น 386'!H103 -> 0 | I103: ='เช้า 212'!I103+'เย็น 386'!I103 -> 0 | J103: ='เช้า 212'!J103+'เย็น 386'!J103 -> 0 | K103: =SUM(D103:J103) -> 0 | P103: =(L103+M103+N103+O103)-K103 -> 0 | S103: =P103-R103 -> 0
B104: 1112002 | C104: กาแฟ | D104: ='เช้า 212'!D104+'เย็น 386'!D104 -> 0 | E104: ='เช้า 212'!E104+'เย็น 386'!E104 -> 0 | F104: ='เช้า 212'!F104+'เย็น 386'!F104 -> 0 | G104: ='เช้า 212'!G104+'เย็น 386'!G104 -> 0 | H104: ='เช้า 212'!H104+'เย็น 386'!H104 -> 0 | I104: ='เช้า 212'!I104+'เย็น 386'!I104 -> 0 | J104: ='เช้า 212'!J104+'เย็น 386'!J104 -> 0 | K104: =SUM(D104:J104) -> 0 | P104: =(L104+M104+N104+O104)-K104 -> 0 | S104: =P104-R104 -> 0
B105: 1112004 | C105: เนยนม | D105: ='เช้า 212'!D105+'เย็น 386'!D105 -> 0 | E105: ='เช้า 212'!E105+'เย็น 386'!E105 -> 0 | F105: ='เช้า 212'!F105+'เย็น 386'!F105 -> 0 | G105: ='เช้า 212'!G105+'เย็น 386'!G105 -> 0 | H105: ='เช้า 212'!H105+'เย็น 386'!H105 -> 0 | I105: ='เช้า 212'!I105+'เย็น 386'!I105 -> 0 | J105: ='เช้า 212'!J105+'เย็น 386'!J105 -> 0 | K105: =SUM(D105:J105) -> 0 | P105: =(L105+M105+N105+O105)-K105 -> 0 | S105: =P105-R105 -> 0
B106: 1112006 | C106: ใบเตย | D106: ='เช้า 212'!D106+'เย็น 386'!D106 -> 0 | E106: ='เช้า 212'!E106+'เย็น 386'!E106 -> 0 | F106: ='เช้า 212'!F106+'เย็น 386'!F106 -> 0 | G106: ='เช้า 212'!G106+'เย็น 386'!G106 -> 0 | H106: ='เช้า 212'!H106+'เย็น 386'!H106 -> 0 | I106: ='เช้า 212'!I106+'เย็น 386'!I106 -> 0 | J106: ='เช้า 212'!J106+'เย็น 386'!J106 -> 0 | K106: =SUM(D106:J106) -> 0 | P106: =(L106+M106+N106+O106)-K106 -> 0 | S106: =P106-R106 -> 0
...
