Workbook

Sheet 1
A1: ใบสต๊อกบูธ 10323 วัดใหม่สุปดิษฐาราม
A2: ลำดับ | B2: รหัส | C2: รายการสินค้า | D2: ราคา | E2: ยอดยกมา | F2: รับเข้า | G2: ส่งคืน | H2: ขายออก | I2: คงเหลือ | J2: ยอดเงิน | K2: หมายเหตุ
A3: 1 | B3: 1005982 | C3: ปังเนยนิ่ม 3 ชิ้น | D3: 55 | E3: 1 | H3: 1 | J3: 55
A4: 2 | B4: 1200001 | C4: คอนเฟลกกระปุก | D4: 60 | E4: 2 | H4: 1 | I4: 1 | J4: 60
A5: 3 | B5: 1100003 | C5: เมอแรงค์กระปุก | D5: 55 | E5: 5 | H5: 1 | I5: 4 | J5: 55
A6: 4 | B6: 1200003 | C6: ท๊อฟฟี่กระเช้า | D6: 100 | E6: 2 | I6: 2
A7: 5 | B7: 1113121 | C7: เปี๊ยะไส้ถั่ว | D7: 120 | E7: 5 | H7: 1 | I7: 4 | J7: 120
A8: 6 | B8: 1113123 | C8: เปี๊ยะไส้เผือก | D8: 120 | E8: 1 | H8: 1 | J8: 120
A9: 7 | B9: 1113122 | C9: เปี๊ยะไส้ฟัก | D9: 120 | E9: 4 | I9: 4
A10: 8 | B10: 1004055 | C10: ชิฟฟ่อนรวมรส 4 ชิ้น | D10: 55 | E10: 2 | H10: 2 | J10: 110
A11: 9 | B11: 1111002 | C11: ชิฟฟ่อนรวมรส 8 ชิ้น | D11: 100 | E11: 9 | H11: 9 | J11: 900
A12: 10 | B12: 1111056 | C12: ชิฟฟ่อนยอดฮิต | D12: 100 | F12: 20 | H12: 14 | I12: 6 | J12: 1400
A13: 11 | B13: 1111009 | C13: ชิฟฟ่อนสอดไส้รวมรส 6 ชิ้น | D13: 100 | F13: 20 | H13: 8 | I13: 12 | J13: 800
A14: 12 | B14: 1112009 | C14: เบาหวิวมะพร้าวน้ำหอม 110 กรัม | D14: 50
A15: 13 | B15: 1112010 | C15: เบาหวิวฝอยทอง 300 กรัม | D15: 120
A16: 14 | B16: 1112011 | C16: เบาหวิวฝอยทอง 110 กรัม | D16: 50
A17: 15 | B17: 1111017 | C17: ชิฟฟ่อนสอดไส้แยมบลูเบอร์รี่ 3 ชิ้น | D17: 55
A18: 16 | B18: 1111012 | C18: ชิฟฟ่อนสอดไส้นมชมพูฮอกไกโด 6 ชิ้น | D18: 100
A19: 17 | B19: 1112012 | C19: เบาหวิวเผือกมะพร้าว 300 กรัม | D19: 120
A20: 18 | B20: 1112013 | C20: เบาหวิวเผือกมะพร้าว 110 กรัม | D20: 50 | E20: 1 | H20: 1 | J20: 50
A21: 19 | B21: 1113131 | C21: เปี๊ยะโมจิฟัก 350 กรัม | D21: 120
A22: 20 | B22: 1113135 | C22: เปี๊ยะโมจิฟัก 700 กรัม | D22: 185
A23: 21 | B23: 1112017 | C23: เบาหวิวตาลหอม 110 กรัม | D23: 50 | E23: 1 | H23: 1 | J23: 50
A24: 22 | B24: 1112015 | C24: เบาหวิวกล้วยหอมมะพร้าวเผา 110 กรัม | D24: 50 | E24: 1 | H24: 1 | J24: 50
A25: 23 | B25: 1112005 | C25: เบาหวิวเนยสด 110 กรัม | D25: 50
A26: 24 | C26: เบาหวิวทุเรียน 110 กรัม | D26: 50
A27: 25 | B27: 1112003 | C27: เบาหวิวกาแฟ 110 กรัม | D27: 50
A28: 26 | C28: รถลาน | D28: 45 | E28: 44 | F28: 6 | H28: 5 | I28: 45 | J28: 225
A29: 27 | C29: หัวรถไฟโทมัส | D29: 150 | E29: 3 | F29: 9 | G29: 1 | H29: 3 | I29: 8 | J29: 450
A30: 28 | C30: ปืน | D30: 150 | F30: 5 | I30: 5
A31: 29 | C31: โมเดลฮีโร่ | D31: 250
A32: 30 | C32: กระดานวาดเขียน | D32: 250
A33: 31 | C33: เป็ดแม่ | D33: 250
A34: 32 | C34: เป็ดลูก | D34: 150 | E34: 3 | I34: 3
A35: 33 | C35: ตัวบีบ | D35: 60 | E35: 10 | H35: 3 | I35: 7 | J35: 180
A36: 34 | C36: ลานม้า | D36: 100 | E36: 1 | I36: 1
A37: 35 | C37: กระดานวาดเขียน(ใหม่) | D37: 200
A38: 36 | C38: ตุ๊กตา | D38: 150
A39: 37 | C39: ตุ๊กตานางฟ้าเต้น | D39: 400 | E39: 1 | I39: 1
A40: 38 | C40: สลาม | D40: 100 | E40: 27 | F40: 12 | H40: 3 | I40: 36 | J40: 300
A41: 39 | C41: โฟนโฟน | D41: 300 | E41: 1 | I41: 1
A42: 40 | C42: กดหัวลาน | D42: 180 | E42: 5 | F42: 12 | I42: 17
A43: 41 | C43: รถแม็คโคร | D43: 200 | E43: 10 | I43: 10
A44: 42 | C44: ดินเบา | D44: 100 | E44: 3 | I44: 3
A45: 43 | C45: รถตัก | D45: 150 | F45: 4 | I45: 4
A46: 44 | C46: ชุดแต่งหน้าเด็ก | D46: 500 | F46: 2 | I46: 2
A47: 45 | C47: ไดโนเสาร์ | D47: 100 | F47: 9 | I47: 9
A48: 46 | C48: เป็ดฟองอากาศ | D48: 450 | F48: 1 | I48: 1
A49: 47 | C49: ปลาโลมา | D49: 400 | F49: 1 | I49: 1
A50: 48 | C50: ชิฟฟ่อนสอดไส้บลูเบอร์รี่ 3 ชิ้น | D50: 50 | F50: 5 | H50: 2 | I50: 3 | J50: 100
A51: 49 | C51: ชิฟฟ่อนสอดไส้สตรอเบอร์รี่ 3 ชิ้น | D51: 50 | F51: 5 | H51: 3 | I51: 2 | J51: 150
A52: 50 | C52: ชิฟฟ่อนสอดไส้นมฮอกไกโด 3 ชิ้น | D52: 50 | F52: 5 | H52: 5 | J52: 250
J53: =SUM(J3:J52) -> 5425
I55: โอน | J55: 1250 | K55: =SUM(J55:J55) -> 1250
I56: สด | J56: 4175 | K56: =SUM(J56:J56) -> 4175
K57: =SUM(K55:K56) -> 5425

Sheet 3
A1: ใบสต๊อกบูธ 10323 วัดใหม่สุปดิษฐาราม
A2: ลำดับ | B2: รหัส | C2: รายการสินค้า | D2: ราคา | E2: ยอดยกมา | F2: รับเข้า | G2: ส่งคืน | H2: ขายออก | I2: คงเหลือ | J2: ยอดเงิน | K2: หมายเหตุ
A3: 1 | B3: 1005982 | C3: ปังเนยนิ่ม 3 ชิ้น | D3: 55 | F3: 3 | I3: 3
A4: 2 | B4: 1200001 | C4: คอนเฟลกกระปุก | D4: 60 | E4: 1 | I4: 1
A5: 3 | B5: 1100003 | C5: เมอแรงค์กระปุก | D5: 55 | E5: 4 | I5: 4
A6: 4 | B6: 1200003 | C6: ท๊อฟฟี่กระเช้า | D6: 100 | E6: 2 | F6: 5 | H6: 1 | I6: 6 | J6: 100
A7: 5 | B7: 1113121 | C7: เปี๊ยะไส้ถั่ว | D7: 120 | E7: 4 | I7: 4
A8: 6 | B8: 1113123 | C8: เปี๊ยะไส้เผือก | D8: 120 | F8: 5 | I8: 5
A9: 7 | B9: 1113122 | C9: เปี๊ยะไส้ฟัก | D9: 120 | E9: 4 | I9: 4
A10: 8 | B10: 1004055 | C10: ชิฟฟ่อนรวมรส 4 ชิ้น | D10: 55 | F10: 10 | I10: 10
A11: 9 | B11: 1111002 | C11: ชิฟฟ่อนรวมรส 8 ชิ้น | D11: 100 | F11: 10 | I11: 10
A12: 10 | B12: 1111056 | C12: ชิฟฟ่อนยอดฮิต | D12: 100 | E12: 6 | F12: 10 | H12: 2 | I12: 14 | J12: 200
A13: 11 | B13: 1111009 | C13: ชิฟฟ่อนสอดไส้รวมรส 6 ชิ้น | D13: 100 | E13: 12 | H13: 1 | I13: 11 | J13: 100
A14: 12 | B14: 1112009 | C14: เบาหวิวมะพร้าวน้ำหอม 110 กรัม | D14: 50 | F14: 10 | I14: 10
A15: 13 | B15: 1112010 | C15: เบาหวิวฝอยทอง 300 กรัม | D15: 120
A16: 14 | B16: 1112011 | C16: เบาหวิวฝอยทอง 110 กรัม | D16: 50
A17: 15 | B17: 1111017 | C17: ชิฟฟ่อนสอดไส้แยมบลูเบอร์รี่ 3 ชิ้น | D17: 55
A18: 16 | B18: 1111012 | C18: ชิฟฟ่อนสอดไส้นมชมพูฮอกไกโด 6 ชิ้น | D18: 100
A19: 17 | B19: 1112012 | C19: เบาหวิวเผือกมะพร้าว 300 กรัม | D19: 120
A20: 18 | B20: 1112013 | C20: เบาหวิวเผือกมะพร้าว 110 กรัม | D20: 50 | F20: 10 | I20: 10
A21: 19 | B21: 1113131 | C21: เปี๊ยะโมจิฟัก 350 กรัม | D21: 120
A22: 20 | B22: 1113135 | C22: เปี๊ยะโมจิฟัก 700 กรัม | D22: 185
A23: 21 | B23: 1112017 | C23: เบาหวิวตาลหอม 110 กรัม | D23: 50 | F23: 10 | I23: 10
A24: 22 | B24: 1112015 | C24: เบาหวิวกล้วยหอมมะพร้าวเผา 110 กรัม | D24: 50 | F24: 10 | I24: 10
A25: 23 | B25: 1112005 | C25: เบาหวิวเนยสด 110 กรัม | D25: 50
A26: 24 | C26: เบาหวิวทุเรียน 110 กรัม | D26: 50
A27: 25 | B27: 1112003 | C27: เบาหวิวกาแฟ 110 กรัม | D27: 50
A28: 26 | C28: รถลาน | D28: 45 | E28: 45 | I28: 45
A29: 27 | C29: หัวรถไฟโทมัส | D29: 150 | E29: 8 | G29: 1 | H29: 1 | I29: 6 | J29: 150
A30: 28 | C30: ปืน | D30: 150 | E30: 5 | I30: 5
A31: 29 | C31: โมเดลฮีโร่ | D31: 250
A32: 30 | C32: กระดานวาดเขียน | D32: 250
A33: 31 | C33: เป็ดแม่ | D33: 250
A34: 32 | C34: เป็ดลูก | D34: 150 | E34: 3 | I34: 3
A35: 33 | C35: ตัวบีบ | D35: 60 | E35: 7 | I35: 7
A36: 34 | C36: ลานม้า | D36: 100 | E36: 1 | I36: 1
A37: 35 | C37: กระดานวาดเขียน(ใหม่) | D37: 200
A38: 36 | C38: ตุ๊กตา | D38: 150
A39: 37 | C39: ตุ๊กตานางฟ้าเต้น | D39: 400 | E39: 1 | I39: 1
A40: 38 | C40: สลาม | D40: 100 | E40: 36 | I40: 36
A41: 39 | C41: โฟนโฟน | D41: 300 | E41: 1 | I41: 1
A42: 40 | C42: กดหัวลาน | D42: 180 | E42: 17 | H42: 2 | I42: 15 | J42: 360
A43: 41 | C43: รถแม็คโคร | D43: 200 | E43: 10 | I43: 10
A44: 42 | C44: ดินเบา | D44: 100 | E44: 3 | I44: 3
A45: 43 | C45: รถตัก | D45: 150 | E45: 4 | I45: 4
A46: 44 | C46: ชุดแต่งหน้าเด็ก | D46: 500 | E46: 2 | I46: 2
A47: 45 | C47: ไดโนเสาร์ | D47: 100 | E47: 9 | I47: 9
A48: 46 | C48: เป็ดฟองอากาศ | D48: 450 | E48: 1 | I48: 1
A49: 47 | C49: ปลาโลมา | D49: 400 | E49: 1 | I49: 1
A50: 48 | C50: ชิฟฟ่อนสอดไส้บลูเบอร์รี่ 3 ชิ้น | D50: 50 | E50: 3 | I50: 3
A51: 49 | C51: ชิฟฟ่อนสอดไส้สตรอเบอร์รี่ 3 ชิ้น | D51: 50 | E51: 2 | I51: 2
A52: 50 | C52: ชิฟฟ่อนสอดไส้นมฮอกไกโด 3 ชิ้น | D52: 50
J53: =SUM(J3:J52) -> 910
I55: โอน | J55: 610 | K55: =SUM(J55:J55) -> 610
I56: สด | J56: 300 | K56: =SUM(J56:J56) -> 300
K57: =SUM(K55:K56) -> 910

Sheet 4
A1: ใบสต๊อกบูธ 10323 วัดใหม่สุปดิษฐาราม
A2: ลำดับ | B2: รหัส | C2: รายการสินค้า | D2: ราคา | E2: ยอดยกมา | F2: รับเข้า | G2: ส่งคืน | H2: ขายออก | I2: คงเหลือ | J2: ยอดเงิน | K2: หมายเหตุ
A3: 1 | B3: 1005982 | C3: ปังเนยนิ่ม 3 ชิ้น | D3: 55 | E3: 3 | H3: 1 | I3: 2 | J3: 55
A4: 2 | B4: 1200001 | C4: คอนเฟลกกระปุก | D4: 60 | E4: 1 | I4: 1
A5: 3 | B5: 1100003 | C5: เมอแรงค์กระปุก | D5: 55 | E5: 4 | I5: 4
A6: 4 | B6: 1200003 | C6: ท๊อฟฟี่กระเช้า | D6: 100 | E6: 6 | H6: 2 | I6: 4 | J6: 200
A7: 5 | B7: 1113121 | C7: เปี๊ยะไส้ถั่ว | D7: 120 | E7: 4 | I7: 4
A8: 6 | B8: 1113123 | C8: เปี๊ยะไส้เผือก | D8: 120 | E8: 5 | H8: 1 | I8: 4 | J8: 120
A9: 7 | B9: 1113122 | C9: เปี๊ยะไส้ฟัก | D9: 120 | E9: 4 | I9: 4
A10: 8 | B10: 1004055 | C10: ชิฟฟ่อนรวมรส 4 ชิ้น | D10: 55 | E10: 10 | H10: 1 | I10: 9 | J10: 55
A11: 9 | B11: 1111002 | C11: ชิฟฟ่อนรวมรส 8 ชิ้น | D11: 100 | E11: 10 | I11: 10
A12: 10 | B12: 1111056 | C12: ชิฟฟ่อนยอดฮิต | D12: 100 | E12: 14 | H12: 2 | I12: 12 | J12: 200
A13: 11 | B13: 1111009 | C13: ชิฟฟ่อนสอดไส้รวมรส 6 ชิ้น | D13: 100 | E13: 11 | H13: 2 | I13: 9 | J13: 200
A14: 12 | B14: 1112009 | C14: เบาหวิวมะพร้าวน้ำหอม 110 กรัม | D14: 50 | E14: 10 | H14: 1 | I14: 9 | J14: 50
A15: 13 | B15: 1112010 | C15: เบาหวิวฝอยทอง 300 กรัม | D15: 120
A16: 14 | B16: 1112011 | C16: เบาหวิวฝอยทอง 110 กรัม | D16: 50
A17: 15 | B17: 1111017 | C17: ชิฟฟ่อนสอดไส้แยมบลูเบอร์รี่ 3 ชิ้น | D17: 55
A18: 16 | B18: 1111012 | C18: ชิฟฟ่อนสอดไส้นมชมพูฮอกไกโด 6 ชิ้น | D18: 100
A19: 17 | B19: 1112012 | C19: เบาหวิวเผือกมะพร้าว 300 กรัม | D19: 120
A20: 18 | B20: 1112013 | C20: เบาหวิวเผือกมะพร้าว 110 กรัม | D20: 50 | E20: 10 | H20: 2 | I20: 8 | J20: 100
A21: 19 | B21: 1113131 | C21: เปี๊ยะโมจิฟัก 350 กรัม | D21: 120
A22: 20 | B22: 1113135 | C22: เปี๊ยะโมจิฟัก 700 กรัม | D22: 185
A23: 21 | B23: 1112017 | C23: เบาหวิวตาลหอม 110 กรัม | D23: 50 | E23: 10 | H23: 1 | I23: 9 | J23: 50
A24: 22 | B24: 1112015 | C24: เบาหวิวกล้วยหอมมะพร้าวเผา 110 กรัม | D24: 50 | E24: 10 | I24: 10
A25: 23 | B25: 1112005 | C25: เบาหวิวเนยสด 110 กรัม | D25: 50
A26: 24 | C26: เบาหวิวทุเรียน 110 กรัม | D26: 50
A27: 25 | B27: 1112003 | C27: เบาหวิวกาแฟ 110 กรัม | D27: 50
A28: 26 | C28: รถลาน | D28: 45 | E28: 45 | I28: 45
A29: 27 | C29: หัวรถไฟโทมัส | D29: 150 | E29: 6 | I29: 6
A30: 28 | C30: ปืน | D30: 150 | E30: 5 | I30: 5
A31: 29 | C31: โมเดลฮีโร่ | D31: 250
A32: 30 | C32: กระดานวาดเขียน | D32: 250
A33: 31 | C33: เป็ดแม่ | D33: 250
A34: 32 | C34: เป็ดลูก | D34: 150 | E34: 3 | I34: 3
A35: 33 | C35: ตัวบีบ | D35: 60 | E35: 7 | H35: 1 | I35: 6 | J35: 60
A36: 34 | C36: ลานม้า | D36: 100 | E36: 1 | I36: 1
A37: 35 | C37: กระดานวาดเขียน(ใหม่) | D37: 200
A38: 36 | C38: ตุ๊กตา | D38: 150
A39: 37 | C39: ตุ๊กตานางฟ้าเต้น | D39: 400 | E39: 1 | I39: 1
A40: 38 | C40: สลาม | D40: 100 | E40: 36 | H40: 2 | I40: 34 | J40: 200
A41: 39 | C41: โฟนโฟน | D41: 300 | E41: 1 | I41: 1
A42: 40 | C42: กดหัวลาน | D42: 180 | E42: 15 | I42: 15
A43: 41 | C43: รถแม็คโคร | D43: 200 | E43: 10 | I43: 10
A44: 42 | C44: ดินเบา | D44: 100 | E44: 3 | H44: 1 | I44: 2 | J44: 100
A45: 43 | C45: รถตัก | D45: 150 | E45: 4 | I45: 4
A46: 44 | C46: ชุดแต่งหน้าเด็ก | D46: 500 | E46: 2 | I46: 2
A47: 45 | C47: ไดโนเสาร์ | D47: 100 | E47: 9 | I47: 9
A48: 46 | C48: เป็ดฟองอากาศ | D48: 450 | E48: 1 | I48: 1
A49: 47 | C49: ปลาโลมา | D49: 400 | E49: 1 | I49: 1
A50: 48 | C50: ชิฟฟ่อนสอดไส้บลูเบอร์รี่ 3 ชิ้น | D50: 50 | E50: 3 | H50: 1 | I50: 2 | J50: 50
A51: 49 | C51: ชิฟฟ่อนสอดไส้สตรอเบอร์รี่ 3 ชิ้น | D51: 50 | E51: 2 | H51: 1 | I51: 1 | J51: 50
A52: 50 | C52: ชิฟฟ่อนสอดไส้นมฮอกไกโด 3 ชิ้น | D52: 50
J53: =SUM(J3:J52) -> 1490
I55: โอน | J55: 375 | K55: =SUM(J55:J55) -> 375
I56: สด | J56: 1115 | K56: =SUM(J56:J56) -> 1115
K57: =SUM(K55:K56) -> 1490

Sheet 5
A1: ใบสต๊อกบูธ 10323 วัดใหม่สุปดิษฐาราม
A2: ลำดับ | B2: รหัส | C2: รายการสินค้า | D2: ราคา | E2: ยอดยกมา | F2: รับเข้า | G2: ส่งคืน | H2: ขายออก | I2: คงเหลือ | J2: ยอดเงิน | K2: หมายเหตุ
A3: 1 | B3: 1005982 | C3: ปังเนยนิ่ม 3 ชิ้น | D3: 55 | E3: 2 | H3: 2 | J3: 110
A4: 2 | B4: 1200001 | C4: คอนเฟลกกระปุก | D4: 60 | E4: 1 | I4: 1
A5: 3 | B5: 1100003 | C5: เมอแรงค์กระปุก | D5: 55 | E5: 4 | H5: 1 | I5: 3 | J5: 55
A6: 4 | B6: 1200003 | C6: ท๊อฟฟี่กระเช้า | D6: 100 | E6: 4 | H6: 2 | I6: 2 | J6: 200
A7: 5 | B7: 1113121 | C7: เปี๊ยะไส้ถั่ว | D7: 120 | E7: 4 | I7: 4
A8: 6 | B8: 1113123 | C8: เปี๊ยะไส้เผือก | D8: 120 | E8: 4 | H8: 1 | I8: 3 | J8: 120
A9: 7 | B9: 1113122 | C9: เปี๊ยะไส้ฟัก | D9: 120 | E9: 4 | H9: 1 | I9: 3 | J9: 120
A10: 8 | B10: 1004055 | C10: ชิฟฟ่อนรวมรส 4 ชิ้น | D10: 55 | E10: 9 | H10: 6 | I10: 3 | J10: 330
A11: 9 | B11: 1111002 | C11: ชิฟฟ่อนรวมรส 8 ชิ้น | D11: 100 | E11: 10 | H11: 1 | I11: 9 | J11: 100
A12: 10 | B12: 1111056 | C12: ชิฟฟ่อนยอดฮิต | D12: 100 | E12: 12 | H12: 2 | I12: 10 | J12: 200
A13: 11 | B13: 1111009 | C13: ชิฟฟ่อนสอดไส้รวมรส 6 ชิ้น | D13: 100 | E13: 9 | H13: 4 | I13: 5 | J13: 400
A14: 12 | B14: 1112009 | C14: เบาหวิวมะพร้าวน้ำหอม 110 กรัม | D14: 50 | E14: 9 | H14: 1 | I14: 8 | J14: 50
A15: 13 | B15: 1112010 | C15: เบาหวิวฝอยทอง 300 กรัม | D15: 120
A16: 14 | B16: 1112011 | C16: เบาหวิวฝอยทอง 110 กรัม | D16: 50
A17: 15 | B17: 1111017 | C17: ชิฟฟ่อนสอดไส้แยมบลูเบอร์รี่ 3 ชิ้น | D17: 55
A18: 16 | B18: 1111012 | C18: ชิฟฟ่อนสอดไส้นมชมพูฮอกไกโด 6 ชิ้น | D18: 100
A19: 17 | B19: 1112012 | C19: เบาหวิวเผือกมะพร้าว 300 กรัม | D19: 120
A20: 18 | B20: 1112013 | C20: เบาหวิวเผือกมะพร้าว 110 กรัม | D20: 50 | E20: 8 | H20: 2 | I20: 6 | J20: 100
A21: 19 | B21: 1113131 | C21: เปี๊ยะโมจิฟัก 350 กรัม | D21: 120
A22: 20 | B22: 1113135 | C22: เปี๊ยะโมจิฟัก 700 กรัม | D22: 185
A23: 21 | B23: 1112017 | C23: เบาหวิวตาลหอม 110 กรัม | D23: 50 | E23: 9 | H23: 1 | I23: 8 | J23: 50
A24: 22 | B24: 1112015 | C24: เบาหวิวกล้วยหอมมะพร้าวเผา 110 กรัม | D24: 50 | E24: 10 | H24: 1 | I24: 9 | J24: 50
A25: 23 | B25: 1112005 | C25: เบาหวิวเนยสด 110 กรัม | D25: 50
A26: 24 | C26: เบาหวิวทุเรียน 110 กรัม | D26: 50
A27: 25 | B27: 1112003 | C27: เบาหวิวกาแฟ 110 กรัม | D27: 50
A28: 26 | C28: รถลาน | D28: 45 | E28: 45 | I28: 45
A29: 27 | C29: หัวรถไฟโทมัส | D29: 150 | E29: 6 | I29: 6
A30: 28 | C30: ปืน | D30: 150 | E30: 5 | I30: 5
A31: 29 | C31: โมเดลฮีโร่ | D31: 250
A32: 30 | C32: กระดานวาดเขียน | D32: 250
A33: 31 | C33: เป็ดแม่ | D33: 250
A34: 32 | C34: เป็ดลูก | D34: 150 | E34: 3 | I34: 3
A35: 33 | C35: ตัวบีบ | D35: 60 | E35: 6 | I35: 6
A36: 34 | C36: ลานม้า | D36: 100 | E36: 1 | I36: 1
A37: 35 | C37: กระดานวาดเขียน(ใหม่) | D37: 200
A38: 36 | C38: ตุ๊กตา | D38: 150
A39: 37 | C39: ตุ๊กตานางฟ้าเต้น | D39: 400 | E39: 1 | I39: 1
A40: 38 | C40: สลาม | D40: 100 | E40: 34 | H40: 1 | I40: 33 | J40: 100
A41: 39 | C41: โฟนโฟน | D41: 300 | E41: 1 | I41: 1
A42: 40 | C42: กดหัวลาน | D42: 180 | E42: 15 | I42: 15
A43: 41 | C43: รถแม็คโคร | D43: 200 | E43: 10 | I43: 10
A44: 42 | C44: ดินเบา | D44: 100 | E44: 2 | I44: 2
A45: 43 | C45: รถตัก | D45: 150 | E45: 4 | I45: 4
A46: 44 | C46: ชุดแต่งหน้าเด็ก | D46: 500 | E46: 2 | I46: 2
A47: 45 | C47: ไดโนเสาร์ | D47: 100 | E47: 9 | I47: 9
A48: 46 | C48: เป็ดฟองอากาศ | D48: 450 | E48: 1 | I48: 1
A49: 47 | C49: ปลาโลมา | D49: 400 | E49: 1 | I49: 1
A50: 48 | C50: ชิฟฟ่อนสอดไส้บลูเบอร์รี่ 3 ชิ้น | D50: 50 | E50: 2 | H50: 1 | I50: 1 | J50: 50
A51: 49 | C51: ชิฟฟ่อนสอดไส้สตรอเบอร์รี่ 3 ชิ้น | D51: 50 | E51: 1 | H51: 1 | J51: 50
A52: 50 | C52: ชิฟฟ่อนสอดไส้นมฮอกไกโด 3 ชิ้น | D52: 50
J53: =SUM(J3:J52) -> 2085
I55: โอน | J55: 510 | K55: =SUM(J55:J55) -> 510
I56: สด | J56: 1575 | K56: =SUM(J56:J56) -> 1575
K57: =SUM(K55:K56) -> 2085

Sheet 6
A1: ใบสต๊อกบูธ 10323 วัดใหม่สุปดิษฐาราม
A2: ลำดับ | B2: รหัส | C2: รายการสินค้า | D2: ราคา | E2: ยอดยกมา | F2: รับเข้า | G2: ส่งคืน | H2: ขายออก | I2: คงเหลือ | J2: ยอดเงิน | K2: หมายเหตุ
A3: 1 | B3: 1005982 | C3: ปังเนยนิ่ม 3 ชิ้น | D3: 55
A4: 2 | B4: 1200001 | C4: คอนเฟลกกระปุก | D4: 60 | E4: 1 | I4: 1
A5: 3 | B5: 1100003 | C5: เมอแรงค์กระปุก | D5: 55 | E5: 3 | I5: 3
A6: 4 | B6: 1200003 | C6: ท๊อฟฟี่กระเช้า | D6: 100 | E6: 2 | H6: 1 | I6: 1 | J6: 100
A7: 5 | B7: 1113121 | C7: เปี๊ยะไส้ถั่ว | D7: 120 | E7: 4 | I7: 4
A8: 6 | B8: 1113123 | C8: เปี๊ยะไส้เผือก | D8: 120 | E8: 3 | I8: 3
A9: 7 | B9: 1113122 | C9: เปี๊ยะไส้ฟัก | D9: 120 | E9: 3 | I9: 3
A10: 8 | B10: 1004055 | C10: ชิฟฟ่อนรวมรส 4 ชิ้น | D10: 55 | E10: 3 | I10: 3
A11: 9 | B11: 1111002 | C11: ชิฟฟ่อนรวมรส 8 ชิ้น | D11: 100 | E11: 9 | I11: 9
A12: 10 | B12: 1111056 | C12: ชิฟฟ่อนยอดฮิต | D12: 100 | E12: 10 | H12: 3 | I12: 7 | J12: 300
A13: 11 | B13: 1111009 | C13: ชิฟฟ่อนสอดไส้รวมรส 6 ชิ้น | D13: 100 | E13: 5 | I13: 5
A14: 12 | B14: 1112009 | C14: เบาหวิวมะพร้าวน้ำหอม 110 กรัม | D14: 50 | E14: 8 | I14: 8
A15: 13 | B15: 1112010 | C15: เบาหวิวฝอยทอง 300 กรัม | D15: 120
A16: 14 | B16: 1112011 | C16: เบาหวิวฝอยทอง 110 กรัม | D16: 50
A17: 15 | B17: 1111017 | C17: ชิฟฟ่อนสอดไส้แยมบลูเบอร์รี่ 3 ชิ้น | D17: 55
A18: 16 | B18: 1111012 | C18: ชิฟฟ่อนสอดไส้นมชมพูฮอกไกโด 6 ชิ้น | D18: 100
A19: 17 | B19: 1112012 | C19: เบาหวิวเผือกมะพร้าว 300 กรัม | D19: 120
A20: 18 | B20: 1112013 | C20: เบาหวิวเผือกมะพร้าว 110 กรัม | D20: 50 | E20: 6 | I20: 6
A21: 19 | B21: 1113131 | C21: เปี๊ยะโมจิฟัก 350 กรัม | D21: 120
A22: 20 | B22: 1113135 | C22: เปี๊ยะโมจิฟัก 700 กรัม | D22: 185
A23: 21 | B23: 1112017 | C23: เบาหวิวตาลหอม 110 กรัม | D23: 50 | E23: 8 | I23: 8
A24: 22 | B24: 1112015 | C24: เบาหวิวกล้วยหอมมะพร้าวเผา 110 กรัม | D24: 50 | E24: 9 | I24: 9
A25: 23 | B25: 1112005 | C25: เบาหวิวเนยสด 110 กรัม | D25: 50
A26: 24 | C26: เบาหวิวทุเรียน 110 กรัม | D26: 50
A27: 25 | B27: 1112003 | C27: เบาหวิวกาแฟ 110 กรัม | D27: 50
A28: 26 | C28: รถลาน | D28: 45 | E28: 45 | I28: 45
A29: 27 | C29: หัวรถไฟโทมัส | D29: 150 | E29: 6 | I29: 6
A30: 28 | C30: ปืน | D30: 150 | E30: 5 | I30: 5
A31: 29 | C31: โมเดลฮีโร่ | D31: 250
A32: 30 | C32: กระดานวาดเขียน | D32: 250
A33: 31 | C33: เป็ดแม่ | D33: 250
A34: 32 | C34: เป็ดลูก | D34: 150 | E34: 3 | I34: 3
A35: 33 | C35: ตัวบีบ | D35: 60 | E35: 6 | I35: 6
A36: 34 | C36: ลานม้า | D36: 100 | E36: 1 | I36: 1
A37: 35 | C37: กระดานวาดเขียน(ใหม่) | D37: 200
A38: 36 | C38: ตุ๊กตา | D38: 150
A39: 37 | C39: ตุ๊กตานางฟ้าเต้น | D39: 400 | E39: 1 | I39: 1
A40: 38 | C40: สลาม | D40: 100 | E40: 33 | H40: 1 | I40: 32 | J40: 100
A41: 39 | C41: โฟนโฟน | D41: 300 | E41: 1 | I41: 1
A42: 40 | C42: กดหัวลาน | D42: 180 | E42: 15 | I42: 15
A43: 41 | C43: รถแม็คโคร | D43: 200 | E43: 10 | I43: 10
A44: 42 | C44: ดินเบา | D44: 100 | E44: 2 | H44: 1 | I44: 1 | J44: 100
A45: 43 | C45: รถตัก | D45: 150 | E45: 4 | I45: 4
A46: 44 | C46: ชุดแต่งหน้าเด็ก | D46: 500 | E46: 2 | I46: 2
A47: 45 | C47: ไดโนเสาร์ | D47: 100 | E47: 9 | I47: 9
A48: 46 | C48: เป็ดฟองอากาศ | D48: 450 | E48: 1 | I48: 1
A49: 47 | C49: ปลาโลมา | D49: 400 | E49: 1 | I49: 1
A50: 48 | C50: ชิฟฟ่อนสอดไส้บลูเบอร์รี่ 3 ชิ้น | D50: 50 | E50: 1 | I50: 1
A51: 49 | C51: ชิฟฟ่อนสอดไส้สตรอเบอร์รี่ 3 ชิ้น | D51: 50
A52: 50 | C52: ชิฟฟ่อนสอดไส้นมฮอกไกโด 3 ชิ้น | D52: 50
J53: =SUM(J3:J52) -> 600
I55: โอน | J55: 100 | K55: =SUM(J55:J55) -> 100
I56: สด | J56: 500 | K56: =SUM(J56:J56) -> 500
K57: =SUM(K55:K56) -> 600

Sheet 7
A1: ใบสต๊อกบูธ 10323 วัดใหม่สุปดิษฐาราม
A2: ลำดับ | B2: รหัส | C2: รายการสินค้า | D2: ราคา | E2: ยอดยกมา | F2: รับเข้า | G2: ส่งคืน | H2: ขายออก | I2: คงเหลือ | J2: ยอดเงิน | K2: หมายเหตุ
A3: 1 | B3: 1005982 | C3: ปังเนยนิ่ม 3 ชิ้น | D3: 55
A4: 2 | B4: 1200001 | C4: คอนเฟลกกระปุก | D4: 60 | E4: 1 | I4: 1
A5: 3 | B5: 1100003 | C5: เมอแรงค์กระปุก | D5: 55 | E5: 3 | I5: 3
A6: 4 | B6: 1200003 | C6: ท๊อฟฟี่กระเช้า | D6: 100 | E6: 1 | I6: 1
A7: 5 | B7: 1113121 | C7: เปี๊ยะไส้ถั่ว | D7: 120 | E7: 4 | H7: 3 | I7: 1 | J7: 360
A8: 6 | B8: 1113123 | C8: เปี๊ยะไส้เผือก | D8: 120 | E8: 3 | I8: 3
A9: 7 | B9: 1113122 | C9: เปี๊ยะไส้ฟัก | D9: 120 | E9: 3 | I9: 3
A10: 8 | B10: 1004055 | C10: ชิฟฟ่อนรวมรส 4 ชิ้น | D10: 55 | E10: 3 | I10: 3
A11: 9 | B11: 1111002 | C11: ชิฟฟ่อนรวมรส 8 ชิ้น | D11: 100 | E11: 9 | H11: 3 | I11: 6 | J11: 300
A12: 10 | B12: 1111056 | C12: ชิฟฟ่อนยอดฮิต | D12: 100 | E12: 7 | H12: 4 | I12: 3 | J12: 400
A13: 11 | B13: 1111009 | C13: ชิฟฟ่อนสอดไส้รวมรส 6 ชิ้น | D13: 100 | E13: 5 | H13: 1 | I13: 4 | J13: 100
A14: 12 | B14: 1112009 | C14: เบาหวิวมะพร้าวน้ำหอม 110 กรัม | D14: 50 | E14: 8 | H14: 2 | I14: 6 | J14: 100
A15: 13 | B15: 1112010 | C15: เบาหวิวฝอยทอง 300 กรัม | D15: 120
A16: 14 | B16: 1112011 | C16: เบาหวิวฝอยทอง 110 กรัม | D16: 50
A17: 15 | B17: 1111017 | C17: ชิฟฟ่อนสอดไส้แยมบลูเบอร์รี่ 3 ชิ้น | D17: 55
A18: 16 | B18: 1111012 | C18: ชิฟฟ่อนสอดไส้นมชมพูฮอกไกโด 6 ชิ้น | D18: 100
A19: 17 | B19: 1112012 | C19: เบาหวิวเผือกมะพร้าว 300 กรัม | D19: 120
A20: 18 | B20: 1112013 | C20: เบาหวิวเผือกมะพร้าว 110 กรัม | D20: 50 | E20: 6 | H20: 1 | I20: 5 | J20: 50
A21: 19 | B21: 1113131 | C21: เปี๊ยะโมจิฟัก 350 กรัม | D21: 120
A22: 20 | B22: 1113135 | C22: เปี๊ยะโมจิฟัก 700 กรัม | D22: 185
A23: 21 | B23: 1112017 | C23: เบาหวิวตาลหอม 110 กรัม | D23: 50 | E23: 8 | H23: 1 | I23: 7 | J23: 50
A24: 22 | B24: 1112015 | C24: เบาหวิวกล้วยหอมมะพร้าวเผา 110 กรัม | D24: 50 | E24: 9 | H24: 3 | I24: 6 | J24: 150
A25: 23 | B25: 1112005 | C25: เบาหวิวเนยสด 110 กรัม | D25: 50
A26: 24 | C26: เบาหวิวทุเรียน 110 กรัม | D26: 50
A27: 25 | B27: 1112003 | C27: เบาหวิวกาแฟ 110 กรัม | D27: 50
A28: 26 | C28: รถลาน | D28: 45 | E28: 45 | I28: 45
A29: 27 | C29: หัวรถไฟโทมัส | D29: 150 | E29: 6 | H29: 1 | I29: 5 | J29: 150
A30: 28 | C30: ปืน | D30: 150 | E30: 5 | H30: 2 | I30: 3 | J30: 300
A31: 29 | C31: โมเดลฮีโร่ | D31: 250
A32: 30 | C32: กระดานวาดเขียน | D32: 250
A33: 31 | C33: เป็ดแม่ | D33: 250
A34: 32 | C34: เป็ดลูก | D34: 150 | E34: 3 | H34: 1 | I34: 2 | J34: 150
A35: 33 | C35: ตัวบีบ | D35: 60 | E35: 6 | I35: 6
A36: 34 | C36: ลานม้า | D36: 100 | E36: 1 | H36: 1 | J36: 100
A37: 35 | C37: กระดานวาดเขียน(ใหม่) | D37: 200
A38: 36 | C38: ตุ๊กตา | D38: 150
A39: 37 | C39: ตุ๊กตานางฟ้าเต้น | D39: 400 | E39: 1 | I39: 1
A40: 38 | C40: สลาม | D40: 100 | E40: 32 | H40: 1 | I40: 31 | J40: 100
A41: 39 | C41: โฟนโฟน | D41: 300 | E41: 1 | I41: 1
A42: 40 | C42: กดหัวลาน | D42: 180 | E42: 15 | H42: 2 | I42: 13 | J42: 360
A43: 41 | C43: รถแม็คโคร | D43: 200 | E43: 10 | I43: 10
A44: 42 | C44: ดินเบา | D44: 100 | E44: 1 | I44: 1
A45: 43 | C45: รถตัก | D45: 150 | E45: 4 | H45: 1 | I45: 3 | J45: 150
A46: 44 | C46: ชุดแต่งหน้าเด็ก | D46: 500 | E46: 2 | I46: 2
A47: 45 | C47: ไดโนเสาร์ | D47: 100 | E47: 9 | I47: 9
A48: 46 | C48: เป็ดฟองอากาศ | D48: 450 | E48: 1 | I48: 1
A49: 47 | C49: ปลาโลมา | D49: 400 | E49: 1 | I49: 1
A50: 48 | C50: ชิฟฟ่อนสอดไส้บลูเบอร์รี่ 3 ชิ้น | D50: 50 | E50: 1 | H50: 1 | J50: 50
A51: 49 | C51: ชิฟฟ่อนสอดไส้สตรอเบอร์รี่ 3 ชิ้น | D51: 50
A52: 50 | C52: ชิฟฟ่อนสอดไส้นมฮอกไกโด 3 ชิ้น | D52: 50
J53: =SUM(J3:J52) -> 2870
I55: โอน | J55: 860 | K55: =SUM(J55:J55) -> 860
I56: สด | J56: 2010 | K56: =SUM(J56:J56) -> 2010
K57: =SUM(K55:K56) -> 2870

Sheet 8
A1: ใบสต๊อกบูธ 10323 วัดใหม่สุปดิษฐาราม
A2: ลำดับ | B2: รหัส | C2: รายการสินค้า | D2: ราคา | E2: ยอดยกมา | F2: รับเข้า | G2: ส่งคืน | H2: ขายออก | I2: คงเหลือ | J2: ยอดเงิน | K2: หมายเหตุ
A3: 1 | B3: 1005982 | C3: ปังเนยนิ่ม 3 ชิ้น | D3: 55
A4: 2 | B4: 1200001 | C4: คอนเฟลกกระปุก | D4: 60 | E4: 1 | I4: 1
A5: 3 | B5: 1100003 | C5: เมอแรงค์กระปุก | D5: 55 | E5: 3 | I5: 3
A6: 4 | B6: 1200003 | C6: ท๊อฟฟี่กระเช้า | D6: 100 | E6: 1 | I6: 1
A7: 5 | B7: 1113121 | C7: เปี๊ยะไส้ถั่ว | D7: 120 | E7: 1 | I7: 1
A8: 6 | B8: 1113123 | C8: เปี๊ยะไส้เผือก | D8: 120 | E8: 3 | I8: 3
A9: 7 | B9: 1113122 | C9: เปี๊ยะไส้ฟัก | D9: 120 | E9: 3 | I9: 3
A10: 8 | B10: 1004055 | C10: ชิฟฟ่อนรวมรส 4 ชิ้น | D10: 55 | E10: 3 | I10: 3
A11: 9 | B11: 1111002 | C11: ชิฟฟ่อนรวมรส 8 ชิ้น | D11: 100 | E11: 6 | H11: 2 | I11: 4 | J11: 200
A12: 10 | B12: 1111056 | C12: ชิฟฟ่อนยอดฮิต | D12: 100 | E12: 3 | I12: 3
A13: 11 | B13: 1111009 | C13: ชิฟฟ่อนสอดไส้รวมรส 6 ชิ้น | D13: 100 | E13: 4 | H13: 1 | I13: 3 | J13: 100
A14: 12 | B14: 1112009 | C14: เบาหวิวมะพร้าวน้ำหอม 110 กรัม | D14: 50 | E14: 6 | I14: 6
A15: 13 | B15: 1112010 | C15: เบาหวิวฝอยทอง 300 กรัม | D15: 120
A16: 14 | B16: 1112011 | C16: เบาหวิวฝอยทอง 110 กรัม | D16: 50
A17: 15 | B17: 1111017 | C17: ชิฟฟ่อนสอดไส้แยมบลูเบอร์รี่ 3 ชิ้น | D17: 55
A18: 16 | B18: 1111012 | C18: ชิฟฟ่อนสอดไส้นมชมพูฮอกไกโด 6 ชิ้น | D18: 100
A19: 17 | B19: 1112012 | C19: เบาหวิวเผือกมะพร้าว 300 กรัม | D19: 120
A20: 18 | B20: 1112013 | C20: เบาหวิวเผือกมะพร้าว 110 กรัม | D20: 50 | E20: 5 | I20: 5
A21: 19 | B21: 1113131 | C21: เปี๊ยะโมจิฟัก 350 กรัม | D21: 120
A22: 20 | B22: 1113135 | C22: เปี๊ยะโมจิฟัก 700 กรัม | D22: 185
A23: 21 | B23: 1112017 | C23: เบาหวิวตาลหอม 110 กรัม | D23: 50 | E23: 7 | I23: 7
A24: 22 | B24: 1112015 | C24: เบาหวิวกล้วยหอมมะพร้าวเผา 110 กรัม | D24: 50 | E24: 6 | I24: 6
A25: 23 | B25: 1112005 | C25: เบาหวิวเนยสด 110 กรัม | D25: 50
A26: 24 | C26: เบาหวิวทุเรียน 110 กรัม | D26: 50
A27: 25 | B27: 1112003 | C27: เบาหวิวกาแฟ 110 กรัม | D27: 50
A28: 26 | C28: รถลาน | D28: 45 | E28: 45 | H28: 2 | I28: 43 | J28: 90
A29: 27 | C29: หัวรถไฟโทมัส | D29: 150 | E29: 5 | H29: 2 | I29: 3 | J29: 300
A30: 28 | C30: ปืน | D30: 150 | E30: 3 | I30: 3
A31: 29 | C31: โมเดลฮีโร่ | D31: 250
A32: 30 | C32: กระดานวาดเขียน | D32: 250
A33: 31 | C33: เป็ดแม่ | D33: 250
A34: 32 | C34: เป็ดลูก | D34: 150 | E34: 2 | I34: 2
A35: 33 | C35: ตัวบีบ | D35: 60 | E35: 6 | I35: 6
A36: 34 | C36: ลานม้า | D36: 100
A37: 35 | C37: กระดานวาดเขียน(ใหม่) | D37: 200
A38: 36 | C38: ตุ๊กตา | D38: 150
A39: 37 | C39: ตุ๊กตานางฟ้าเต้น | D39: 400 | E39: 1 | I39: 1
A40: 38 | C40: สลาม | D40: 100 | E40: 31 | H40: 1 | I40: 30 | J40: 100
A41: 39 | C41: โฟนโฟน | D41: 300 | E41: 1 | I41: 1
A42: 40 | C42: กดหัวลาน | D42: 180 | E42: 13 | I42: 13
A43: 41 | C43: รถแม็คโคร | D43: 200 | E43: 10 | I43: 10
A44: 42 | C44: ดินเบา | D44: 100 | E44: 1 | I44: 1
A45: 43 | C45: รถตัก | D45: 150 | E45: 3 | I45: 3
A46: 44 | C46: ชุดแต่งหน้าเด็ก | D46: 500 | E46: 2 | I46: 2
A47: 45 | C47: ไดโนเสาร์ | D47: 100 | E47: 9 | H47: 1 | I47: 8 | J47: 100
A48: 46 | C48: เป็ดฟองอากาศ | D48: 450 | E48: 1 | I48: 1
A49: 47 | C49: ปลาโลมา | D49: 400 | E49: 1 | I49: 1
A50: 48 | C50: ชิฟฟ่อนสอดไส้บลูเบอร์รี่ 3 ชิ้น | D50: 50
A51: 49 | C51: ชิฟฟ่อนสอดไส้สตรอเบอร์รี่ 3 ชิ้น | D51: 50
A52: 50 | C52: ชิฟฟ่อนสอดไส้นมฮอกไกโด 3 ชิ้น | D52: 50
J53: =SUM(J3:J52) -> 890
I55: โอน | J55: 200 | K55: =SUM(J55:J55) -> 200
I56: สด | J56: 690 | K56: =SUM(J56:J56) -> 690
K57: =SUM(K55:K56) -> 890

Sheet 10
A1: ใบสต๊อกบูธ 10323 วัดใหม่สุปดิษฐาราม
A2: ลำดับ | B2: รหัส | C2: รายการสินค้า | D2: ราคา | E2: ยอดยกมา | F2: รับเข้า | G2: ส่งคืน | H2: ขายออก | I2: คงเหลือ | J2: ยอดเงิน | K2: หมายเหตุ
A3: 1 | B3: 1005982 | C3: ปังเนยนิ่ม 3 ชิ้น | D3: 55
A4: 2 | B4: 1200001 | C4: คอนเฟลกกระปุก | D4: 60 | E4: 1 | I4: 1
A5: 3 | B5: 1100003 | C5: เมอแรงค์กระปุก | D5: 55 | E5: 3 | I5: 3
A6: 4 | B6: 1200003 | C6: ท๊อฟฟี่กระเช้า | D6: 100 | E6: 1 | H6: 1 | J6: 100
A7: 5 | B7: 1113121 | C7: เปี๊ยะไส้ถั่ว | D7: 120 | E7: 1 | I7: 1
A8: 6 | B8: 1113123 | C8: เปี๊ยะไส้เผือก | D8: 120 | E8: 3 | H8: 2 | I8: 1 | J8: 240
A9: 7 | B9: 1113122 | C9: เปี๊ยะไส้ฟัก | D9: 120 | E9: 3 | I9: 3
A10: 8 | B10: 1004055 | C10: ชิฟฟ่อนรวมรส 4 ชิ้น | D10: 55 | E10: 3 | H10: 1 | I10: 2 | J10: 55
A11: 9 | B11: 1111002 | C11: ชิฟฟ่อนรวมรส 8 ชิ้น | D11: 100 | E11: 4 | H11: 4 | J11: 400
A12: 10 | B12: 1111056 | C12: ชิฟฟ่อนยอดฮิต | D12: 100 | E12: 3 | H12: 2 | I12: 1 | J12: 200
A13: 11 | B13: 1111009 | C13: ชิฟฟ่อนสอดไส้รวมรส 6 ชิ้น | D13: 100 | E13: 3 | I13: 3
A14: 12 | B14: 1112009 | C14: เบาหวิวมะพร้าวน้ำหอม 110 กรัม | D14: 50 | E14: 6 | H14: 2 | I14: 4 | J14: 100
A15: 13 | B15: 1112010 | C15: เบาหวิวฝอยทอง 300 กรัม | D15: 120
A16: 14 | B16: 1112011 | C16: เบาหวิวฝอยทอง 110 กรัม | D16: 50
A17: 15 | B17: 1111017 | C17: ชิฟฟ่อนสอดไส้แยมบลูเบอร์รี่ 3 ชิ้น | D17: 55
A18: 16 | B18: 1111012 | C18: ชิฟฟ่อนสอดไส้นมชมพูฮอกไกโด 6 ชิ้น | D18: 100
A19: 17 | B19: 1112012 | C19: เบาหวิวเผือกมะพร้าว 300 กรัม | D19: 120
A20: 18 | B20: 1112013 | C20: เบาหวิวเผือกมะพร้าว 110 กรัม | D20: 50 | E20: 5 | H20: 4 | I20: 1 | J20: 200
A21: 19 | B21: 1113131 | C21: เปี๊ยะโมจิฟัก 350 กรัม | D21: 120
A22: 20 | B22: 1113135 | C22: เปี๊ยะโมจิฟัก 700 กรัม | D22: 185
A23: 21 | B23: 1112017 | C23: เบาหวิวตาลหอม 110 กรัม | D23: 50 | E23: 7 | H23: 4 | I23: 3 | J23: 200
A24: 22 | B24: 1112015 | C24: เบาหวิวกล้วยหอมมะพร้าวเผา 110 กรัม | D24: 50 | E24: 6 | H24: 2 | I24: 4 | J24: 100
A25: 23 | B25: 1112005 | C25: เบาหวิวเนยสด 110 กรัม | D25: 50
A26: 24 | C26: เบาหวิวทุเรียน 110 กรัม | D26: 50
A27: 25 | B27: 1112003 | C27: เบาหวิวกาแฟ 110 กรัม | D27: 50
A28: 26 | C28: รถลาน | D28: 45 | E28: 43 | I28: 43
A29: 27 | C29: หัวรถไฟโทมัส | D29: 150 | E29: 3 | I29: 3
A30: 28 | C30: ปืน | D30: 150 | E30: 3 | I30: 3
A31: 29 | C31: โมเดลฮีโร่ | D31: 250
A32: 30 | C32: กระดานวาดเขียน | D32: 250
A33: 31 | C33: เป็ดแม่ | D33: 250
A34: 32 | C34: เป็ดลูก | D34: 150 | E34: 2 | I34: 2
A35: 33 | C35: ตัวบีบ | D35: 60 | E35: 6 | I35: 6
A36: 34 | C36: ลานม้า | D36: 100
A37: 35 | C37: กระดานวาดเขียน(ใหม่) | D37: 200
A38: 36 | C38: ตุ๊กตา | D38: 150
A39: 37 | C39: ตุ๊กตานางฟ้าเต้น | D39: 400 | E39: 1 | I39: 1
A40: 38 | C40: สลาม | D40: 100 | E40: 30 | I40: 30
A41: 39 | C41: โฟนโฟน | D41: 300 | E41: 1 | I41: 1
A42: 40 | C42: กดหัวลาน | D42: 180 | E42: 13 | I42: 13
A43: 41 | C43: รถแม็คโคร | D43: 200 | E43: 10 | I43: 10
A44: 42 | C44: ดินเบา | D44: 100 | E44: 1 | I44: 1
A45: 43 | C45: รถตัก | D45: 150 | E45: 3 | I45: 3
A46: 44 | C46: ชุดแต่งหน้าเด็ก | D46: 500 | E46: 2 | I46: 2
A47: 45 | C47: ไดโนเสาร์ | D47: 100 | E47: 8 | I47: 8
A48: 46 | C48: เป็ดฟองอากาศ | D48: 450 | E48: 1 | I48: 1
A49: 47 | C49: ปลาโลมา | D49: 400 | E49: 1 | I49: 1
A50: 48 | C50: ชิฟฟ่อนสอดไส้บลูเบอร์รี่ 3 ชิ้น | D50: 50
A51: 49 | C51: ชิฟฟ่อนสอดไส้สตรอเบอร์รี่ 3 ชิ้น | D51: 50
A52: 50 | C52: ชิฟฟ่อนสอดไส้นมฮอกไกโด 3 ชิ้น | D52: 50
J53: =SUM(J3:J52) -> 1595
I55: โอน | J55: 470 | K55: =SUM(J55:J55) -> 470
I56: สด | J56: 1120 | K56: =SUM(J56:J56) -> 1120
K57: =SUM(K55:K56) -> 1590
K59: เงินขาด 5 บาท

Sheet 11
A1: ใบสต๊อกบูธ 10323 วัดใหม่สุปดิษฐาราม
A2: ลำดับ | B2: รหัส | C2: รายการสินค้า | D2: ราคา | E2: ยอดยกมา | F2: รับเข้า | G2: ส่งคืน | H2: ขายออก | I2: คงเหลือ | J2: ยอดเงิน | K2: หมายเหตุ
A3: 1 | B3: 1005982 | C3: ปังเนยนิ่ม 3 ชิ้น | D3: 55 | F3: 5 | H3: 1 | I3: 4 | J3: 55
A4: 2 | B4: 1200001 | C4: คอนเฟลกกระปุก | D4: 60 | E4: 1 | I4: 1
A5: 3 | B5: 1100003 | C5: เมอแรงค์กระปุก | D5: 55 | E5: 3 | F5: 10 | I5: 13
A6: 4 | B6: 1200003 | C6: ท๊อฟฟี่กระเช้า | D6: 100 | F6: 10 | H6: 1 | I6: 9 | J6: 100
A7: 5 | B7: 1113121 | C7: เปี๊ยะไส้ถั่ว | D7: 120 | E7: 1 | F7: 3 | I7: 4
A8: 6 | B8: 1113123 | C8: เปี๊ยะไส้เผือก | D8: 120 | E8: 1 | I8: 1
A9: 7 | B9: 1113122 | C9: เปี๊ยะไส้ฟัก | D9: 120 | E9: 3 | H9: 1 | I9: 2 | J9: 120
A10: 8 | B10: 1004055 | C10: ชิฟฟ่อนรวมรส 4 ชิ้น | D10: 55 | E10: 2 | F10: 15 | I10: 17
A11: 9 | B11: 1111002 | C11: ชิฟฟ่อนรวมรส 8 ชิ้น | D11: 100 | F11: 10 | I11: 10
A12: 10 | B12: 1111056 | C12: ชิฟฟ่อนยอดฮิต | D12: 100 | E12: 1 | F12: 15 | I12: 16
A13: 11 | B13: 1111009 | C13: ชิฟฟ่อนสอดไส้รวมรส 6 ชิ้น | D13: 100 | E13: 3 | F13: 15 | H13: 1 | I13: 17 | J13: 100
A14: 12 | B14: 1112009 | C14: เบาหวิวมะพร้าวน้ำหอม 110 กรัม | D14: 50 | E14: 4 | I14: 4
A15: 13 | B15: 1112010 | C15: เบาหวิวฝอยทอง 300 กรัม | D15: 120 | F15: 3 | I15: 3
A16: 14 | B16: 1112011 | C16: เบาหวิวฝอยทอง 110 กรัม | D16: 50 | F16: 10 | H16: 3 | I16: 7 | J16: 150
A17: 15 | B17: 1111017 | C17: ชิฟฟ่อนสอดไส้แยมบลูเบอร์รี่ 3 ชิ้น | D17: 55
A18: 16 | B18: 1111012 | C18: ชิฟฟ่อนสอดไส้นมชมพูฮอกไกโด 6 ชิ้น | D18: 100
A19: 17 | B19: 1112012 | C19: เบาหวิวเผือกมะพร้าว 300 กรัม | D19: 120
A20: 18 | B20: 1112013 | C20: เบาหวิวเผือกมะพร้าว 110 กรัม | D20: 50 | E20: 1 | I20: 1
A21: 19 | B21: 1113131 | C21: เปี๊ยะโมจิฟัก 350 กรัม | D21: 120
A22: 20 | B22: 1113135 | C22: เปี๊ยะโมจิฟัก 700 กรัม | D22: 185
A23: 21 | B23: 1112017 | C23: เบาหวิวตาลหอม 110 กรัม | D23: 50 | E23: 3 | I23: 3
A24: 22 | B24: 1112015 | C24: เบาหวิวกล้วยหอมมะพร้าวเผา 110 กรัม | D24: 50 | E24: 4 | I24: 4
A25: 23 | B25: 1112005 | C25: เบาหวิวเนยสด 110 กรัม | D25: 50
A26: 24 | C26: เบาหวิวทุเรียน 110 กรัม | D26: 50
A27: 25 | B27: 1112003 | C27: เบาหวิวกาแฟ 110 กรัม | D27: 50
A28: 26 | C28: รถลาน | D28: 45 | E28: 43 | H28: 1 | I28: 42 | J28: 45
A29: 27 | C29: หัวรถไฟโทมัส | D29: 150 | E29: 3 | I29: 3
A30: 28 | C30: ปืน | D30: 150 | E30: 3 | I30: 3
A31: 29 | C31: โมเดลฮีโร่ | D31: 250
A32: 30 | C32: กระดานวาดเขียน | D32: 250
A33: 31 | C33: เป็ดแม่ | D33: 250
A34: 32 | C34: เป็ดลูก | D34: 150 | E34: 2 | I34: 2
A35: 33 | C35: ตัวบีบ | D35: 60 | E35: 6 | H35: 1 | I35: 5 | J35: 60
A36: 34 | C36: ลานม้า | D36: 100
A37: 35 | C37: กระดานวาดเขียน(ใหม่) | D37: 200
A38: 36 | C38: ตุ๊กตา | D38: 150
A39: 37 | C39: ตุ๊กตานางฟ้าเต้น | D39: 400 | E39: 1 | I39: 1
A40: 38 | C40: สลาม | D40: 100 | E40: 30 | I40: 30
A41: 39 | C41: โฟนโฟน | D41: 300 | E41: 1 | I41: 1
A42: 40 | C42: กดหัวลาน | D42: 180 | E42: 13 | I42: 13
A43: 41 | C43: รถแม็คโคร | D43: 200 | E43: 10 | I43: 10
A44: 42 | C44: ดินเบา | D44: 100 | E44: 1 | I44: 1
A45: 43 | C45: รถตัก | D45: 150 | E45: 3 | I45: 3
A46: 44 | C46: ชุดแต่งหน้าเด็ก | D46: 500 | E46: 2 | I46: 2
A47: 45 | C47: ไดโนเสาร์ | D47: 100 | E47: 8 | I47: 8
A48: 46 | C48: เป็ดฟองอากาศ | D48: 450 | E48: 1 | I48: 1
A49: 47 | C49: ปลาโลมา | D49: 400 | E49: 1 | I49: 1
A50: 48 | C50: ชิฟฟ่อนสอดไส้บลูเบอร์รี่ 3 ชิ้น | D50: 50
A51: 49 | C51: ชิฟฟ่อนสอดไส้สตรอเบอร์รี่ 3 ชิ้น | D51: 50
A52: 50 | C52: ชิฟฟ่อนสอดไส้นมฮอกไกโด 3 ชิ้น | D52: 50
J53: =SUM(J3:J52) -> 630
I55: โอน | J55: 525 | K55: =SUM(J55:J55) -> 525
I56: สด | J56: 110 | K56: =SUM(J56:J56) -> 110
K57: =SUM(K55:K56) -> 635
K59: โอนเกิน 5 บาท

Sheet 12
A1: ใบสต๊อกบูธ 10323 วัดใหม่สุปดิษฐาราม
A2: ลำดับ | B2: รหัส | C2: รายการสินค้า | D2: ราคา | E2: ยอดยกมา | F2: รับเข้า | G2: ส่งคืน | H2: ขายออก | I2: คงเหลือ | J2: ยอดเงิน | K2: หมายเหตุ
A3: 1 | B3: 1005982 | C3: ปังเนยนิ่ม 3 ชิ้น | D3: 55 | E3: 4 | I3: 4
A4: 2 | B4: 1200001 | C4: คอนเฟลกกระปุก | D4: 60 | E4: 1 | I4: 1
A5: 3 | B5: 1100003 | C5: เมอแรงค์กระปุก | D5: 55 | E5: 13 | H5: 1 | I5: 12 | J5: 55
A6: 4 | B6: 1200003 | C6: ท๊อฟฟี่กระเช้า | D6: 100 | E6: 9 | H6: 2 | I6: 7 | J6: 200
A7: 5 | B7: 1113121 | C7: เปี๊ยะไส้ถั่ว | D7: 120 | E7: 4 | I7: 4
A8: 6 | B8: 1113123 | C8: เปี๊ยะไส้เผือก | D8: 120 | E8: 1 | I8: 1
A9: 7 | B9: 1113122 | C9: เปี๊ยะไส้ฟัก | D9: 120 | E9: 2 | H9: 2 | J9: 240
A10: 8 | B10: 1004055 | C10: ชิฟฟ่อนรวมรส 4 ชิ้น | D10: 55 | E10: 17 | I10: 17
A11: 9 | B11: 1111002 | C11: ชิฟฟ่อนรวมรส 8 ชิ้น | D11: 100 | E11: 10 | I11: 10
A12: 10 | B12: 1111056 | C12: ชิฟฟ่อนยอดฮิต | D12: 100 | E12: 16 | H12: 1 | I12: 15 | J12: 100
A13: 11 | B13: 1111009 | C13: ชิฟฟ่อนสอดไส้รวมรส 6 ชิ้น | D13: 100 | E13: 17 | I13: 17
A14: 12 | B14: 1112009 | C14: เบาหวิวมะพร้าวน้ำหอม 110 กรัม | D14: 50 | E14: 4 | H14: 1 | I14: 3 | J14: 50
A15: 13 | B15: 1112010 | C15: เบาหวิวฝอยทอง 300 กรัม | D15: 120 | E15: 3 | I15: 3
A16: 14 | B16: 1112011 | C16: เบาหวิวฝอยทอง 110 กรัม | D16: 50 | E16: 7 | I16: 7
A17: 15 | B17: 1111017 | C17: ชิฟฟ่อนสอดไส้แยมบลูเบอร์รี่ 3 ชิ้น | D17: 55
A18: 16 | B18: 1111012 | C18: ชิฟฟ่อนสอดไส้นมชมพูฮอกไกโด 6 ชิ้น | D18: 100
A19: 17 | B19: 1112012 | C19: เบาหวิวเผือกมะพร้าว 300 กรัม | D19: 120
A20: 18 | B20: 1112013 | C20: เบาหวิวเผือกมะพร้าว 110 กรัม | D20: 50 | E20: 1 | I20: 1
A21: 19 | B21: 1113131 | C21: เปี๊ยะโมจิฟัก 350 กรัม | D21: 120
A22: 20 | B22: 1113135 | C22: เปี๊ยะโมจิฟัก 700 กรัม | D22: 185
A23: 21 | B23: 1112017 | C23: เบาหวิวตาลหอม 110 กรัม | D23: 50 | E23: 3 | I23: 3
A24: 22 | B24: 1112015 | C24: เบาหวิวกล้วยหอมมะพร้าวเผา 110 กรัม | D24: 50 | E24: 4 | I24: 4
A25: 23 | B25: 1112005 | C25: เบาหวิวเนยสด 110 กรัม | D25: 50
A26: 24 | C26: เบาหวิวทุเรียน 110 กรัม | D26: 50
A27: 25 | B27: 1112003 | C27: เบาหวิวกาแฟ 110 กรัม | D27: 50
A28: 26 | C28: รถลาน | D28: 45 | E28: 42 | H28: 2 | I28: 40 | J28: 90
A29: 27 | C29: หัวรถไฟโทมัส | D29: 150 | E29: 3 | I29: 3
A30: 28 | C30: ปืน | D30: 150 | E30: 3 | I30: 3
A31: 29 | C31: โมเดลฮีโร่ | D31: 250
A32: 30 | C32: กระดานวาดเขียน | D32: 250
A33: 31 | C33: เป็ดแม่ | D33: 250
A34: 32 | C34: เป็ดลูก | D34: 150 | E34: 2 | I34: 2
A35: 33 | C35: ตัวบีบ | D35: 60 | E35: 5 | I35: 5
A36: 34 | C36: ลานม้า | D36: 100
A37: 35 | C37: กระดานวาดเขียน(ใหม่) | D37: 200
A38: 36 | C38: ตุ๊กตา | D38: 150
A39: 37 | C39: ตุ๊กตานางฟ้าเต้น | D39: 400 | E39: 1 | I39: 1
A40: 38 | C40: สลาม | D40: 100 | E40: 30 | H40: 2 | I40: 28 | J40: 200
A41: 39 | C41: โฟนโฟน | D41: 300 | E41: 1 | I41: 1
A42: 40 | C42: กดหัวลาน | D42: 180 | E42: 13 | I42: 13
A43: 41 | C43: รถแม็คโคร | D43: 200 | E43: 10 | I43: 10
A44: 42 | C44: ดินเบา | D44: 100 | E44: 1 | I44: 1
A45: 43 | C45: รถตัก | D45: 150 | E45: 3 | I45: 3
A46: 44 | C46: ชุดแต่งหน้าเด็ก | D46: 500 | E46: 2 | I46: 2
A47: 45 | C47: ไดโนเสาร์ | D47: 100 | E47: 8 | I47: 8
A48: 46 | C48: เป็ดฟองอากาศ | D48: 450 | E48: 1 | I48: 1
A49: 47 | C49: ปลาโลมา | D49: 400 | E49: 1 | I49: 1
A50: 48 | C50: ชิฟฟ่อนสอดไส้บลูเบอร์รี่ 3 ชิ้น | D50: 50
A51: 49 | C51: ชิฟฟ่อนสอดไส้สตรอเบอร์รี่ 3 ชิ้น | D51: 50
A52: 50 | C52: ชิฟฟ่อนสอดไส้นมฮอกไกโด 3 ชิ้น | D52: 50
J53: =SUM(J3:J52) -> 935
I55: โอน | J55: 290 | K55: =SUM(J55:J55) -> 290
I56: สด | J56: 645 | K56: =SUM(J56:J56) -> 645
K57: =SUM(K55:K56) -> 935

Sheet 13
A1: ใบสต๊อกบูธ 10323 วัดใหม่สุปดิษฐาราม
A2: ลำดับ | B2: รหัส | C2: รายการสินค้า | D2: ราคา | E2: ยอดยกมา | F2: รับเข้า | G2: ส่งคืน | H2: ขายออก | I2: คงเหลือ | J2: ยอดเงิน | K2: หมายเหตุ
A3: 1 | B3: 1005982 | C3: ปังเนยนิ่ม 3 ชิ้น | D3: 55 | E3: 4 | H3: 1 | I3: 3 | J3: 55
A4: 2 | B4: 1200001 | C4: คอนเฟลกกระปุก | D4: 60 | E4: 1 | I4: 1
A5: 3 | B5: 1100003 | C5: เมอแรงค์กระปุก | D5: 55 | E5: 12 | I5: 12
A6: 4 | B6: 1200003 | C6: ท๊อฟฟี่กระเช้า | D6: 100 | E6: 7 | H6: 2 | I6: 5 | J6: 200
A7: 5 | B7: 1113121 | C7: เปี๊ยะไส้ถั่ว | D7: 120 | E7: 4 | I7: 4
A8: 6 | B8: 1113123 | C8: เปี๊ยะไส้เผือก | D8: 120 | E8: 1 | I8: 1
A9: 7 | B9: 1113122 | C9: เปี๊ยะไส้ฟัก | D9: 120
A10: 8 | B10: 1004055 | C10: ชิฟฟ่อนรวมรส 4 ชิ้น | D10: 55 | E10: 17 | I10: 17
A11: 9 | B11: 1111002 | C11: ชิฟฟ่อนรวมรส 8 ชิ้น | D11: 100 | E11: 10 | I11: 10
A12: 10 | B12: 1111056 | C12: ชิฟฟ่อนยอดฮิต | D12: 100 | E12: 15 | H12: 1 | I12: 14 | J12: 100
A13: 11 | B13: 1111009 | C13: ชิฟฟ่อนสอดไส้รวมรส 6 ชิ้น | D13: 100 | E13: 17 | I13: 17
A14: 12 | B14: 1112009 | C14: เบาหวิวมะพร้าวน้ำหอม 110 กรัม | D14: 50 | E14: 3 | I14: 3
A15: 13 | B15: 1112010 | C15: เบาหวิวฝอยทอง 300 กรัม | D15: 120 | E15: 3 | I15: 3
A16: 14 | B16: 1112011 | C16: เบาหวิวฝอยทอง 110 กรัม | D16: 50 | E16: 7 | H16: 1 | I16: 6 | J16: 50
A17: 15 | B17: 1111017 | C17: ชิฟฟ่อนสอดไส้แยมบลูเบอร์รี่ 3 ชิ้น | D17: 55
A18: 16 | B18: 1111012 | C18: ชิฟฟ่อนสอดไส้นมชมพูฮอกไกโด 6 ชิ้น | D18: 100
A19: 17 | B19: 1112012 | C19: เบาหวิวเผือกมะพร้าว 300 กรัม | D19: 120
A20: 18 | B20: 1112013 | C20: เบาหวิวเผือกมะพร้าว 110 กรัม | D20: 50 | E20: 1 | I20: 1
A21: 19 | B21: 1113131 | C21: เปี๊ยะโมจิฟัก 350 กรัม | D21: 120
A22: 20 | B22: 1113135 | C22: เปี๊ยะโมจิฟัก 700 กรัม | D22: 185
A23: 21 | B23: 1112017 | C23: เบาหวิวตาลหอม 110 กรัม | D23: 50 | E23: 3 | H23: 1 | I23: 2 | J23: 50
A24: 22 | B24: 1112015 | C24: เบาหวิวกล้วยหอมมะพร้าวเผา 110 กรัม | D24: 50 | E24: 4 | I24: 4
A25: 23 | B25: 1112005 | C25: เบาหวิวเนยสด 110 กรัม | D25: 50
A26: 24 | C26: เบาหวิวทุเรียน 110 กรัม | D26: 50
A27: 25 | B27: 1112003 | C27: เบาหวิวกาแฟ 110 กรัม | D27: 50
A28: 26 | C28: รถลาน | D28: 45 | E28: 40 | I28: 40
A29: 27 | C29: หัวรถไฟโทมัส | D29: 150 | E29: 3 | H29: 2 | I29: 1 | J29: 300
A30: 28 | C30: ปืน | D30: 150 | E30: 3 | I30: 3
A31: 29 | C31: โมเดลฮีโร่ | D31: 250
A32: 30 | C32: กระดานวาดเขียน | D32: 250
A33: 31 | C33: เป็ดแม่ | D33: 250
A34: 32 | C34: เป็ดลูก | D34: 150 | E34: 2 | I34: 2
A35: 33 | C35: ตัวบีบ | D35: 60 | E35: 5 | I35: 5
A36: 34 | C36: ลานม้า | D36: 100
A37: 35 | C37: กระดานวาดเขียน(ใหม่) | D37: 200
A38: 36 | C38: ตุ๊กตา | D38: 150
A39: 37 | C39: ตุ๊กตานางฟ้าเต้น | D39: 400 | E39: 1 | I39: 1
A40: 38 | C40: สลาม | D40: 100 | E40: 28 | H40: 1 | I40: 27 | J40: 100
A41: 39 | C41: โฟนโฟน | D41: 300 | E41: 1 | I41: 1
A42: 40 | C42: กดหัวลาน | D42: 180 | E42: 13 | I42: 13
A43: 41 | C43: รถแม็คโคร | D43: 200 | E43: 10 | I43: 10
A44: 42 | C44: ดินเบา | D44: 100 | E44: 1 | H44: 1 | J44: 100
A45: 43 | C45: รถตัก | D45: 150 | E45: 3 | I45: 3
A46: 44 | C46: ชุดแต่งหน้าเด็ก | D46: 500 | E46: 2 | I46: 2
A47: 45 | C47: ไดโนเสาร์ | D47: 100 | E47: 8 | I47: 8
A48: 46 | C48: เป็ดฟองอากาศ | D48: 450 | E48: 1 | I48: 1
A49: 47 | C49: ปลาโลมา | D49: 400 | E49: 1 | I49: 1
A50: 48 | C50: ชิฟฟ่อนสอดไส้บลูเบอร์รี่ 3 ชิ้น | D50: 50
A51: 49 | C51: ชิฟฟ่อนสอดไส้สตรอเบอร์รี่ 3 ชิ้น | D51: 50
A52: 50 | C52: ชิฟฟ่อนสอดไส้นมฮอกไกโด 3 ชิ้น | D52: 50
J53: =SUM(J3:J52) -> 955
I55: โอน | K55: =SUM(J55:J55) -> 0
I56: สด | J56: 955 | K56: =SUM(J56:J56) -> 955
K57: =SUM(K55:K56) -> 955

Sheet 14
A1: ใบสต๊อกบูธ 10323 วัดใหม่สุปดิษฐาราม
A2: ลำดับ | B2: รหัส | C2: รายการสินค้า | D2: ราคา | E2: ยอดยกมา | F2: รับเข้า | G2: ส่งคืน | H2: ขายออก | I2: คงเหลือ | J2: ยอดเงิน | K2: หมายเหตุ
A3: 1 | B3: 1005982 | C3: ปังเนยนิ่ม 3 ชิ้น | D3: 55 | E3: 3 | I3: 3
A4: 2 | B4: 1200001 | C4: คอนเฟลกกระปุก | D4: 60 | E4: 1 | I4: 1
A5: 3 | B5: 1100003 | C5: เมอแรงค์กระปุก | D5: 55 | E5: 12 | I5: 12
A6: 4 | B6: 1200003 | C6: ท๊อฟฟี่กระเช้า | D6: 100 | E6: 5 | H6: 1 | I6: 4 | J6: 100
A7: 5 | B7: 1113121 | C7: เปี๊ยะไส้ถั่ว | D7: 120 | E7: 4 | I7: 4
A8: 6 | B8: 1113123 | C8: เปี๊ยะไส้เผือก | D8: 120 | E8: 1 | H8: 1 | J8: 120
A9: 7 | B9: 1113122 | C9: เปี๊ยะไส้ฟัก | D9: 120
A10: 8 | B10: 1004055 | C10: ชิฟฟ่อนรวมรส 4 ชิ้น | D10: 55 | E10: 17 | H10: 4 | I10: 13 | J10: 220
A11: 9 | B11: 1111002 | C11: ชิฟฟ่อนรวมรส 8 ชิ้น | D11: 100 | E11: 10 | H11: 2 | I11: 8 | J11: 200
A12: 10 | B12: 1111056 | C12: ชิฟฟ่อนยอดฮิต | D12: 100 | E12: 14 | I12: 14
A13: 11 | B13: 1111009 | C13: ชิฟฟ่อนสอดไส้รวมรส 6 ชิ้น | D13: 100 | E13: 17 | H13: 6 | I13: 11 | J13: 600
A14: 12 | B14: 1112009 | C14: เบาหวิวมะพร้าวน้ำหอม 110 กรัม | D14: 50 | E14: 3 | I14: 3
A15: 13 | B15: 1112010 | C15: เบาหวิวฝอยทอง 300 กรัม | D15: 120 | E15: 3 | I15: 3
A16: 14 | B16: 1112011 | C16: เบาหวิวฝอยทอง 110 กรัม | D16: 50 | E16: 6 | I16: 6
A17: 15 | B17: 1111017 | C17: ชิฟฟ่อนสอดไส้แยมบลูเบอร์รี่ 3 ชิ้น | D17: 55
A18: 16 | B18: 1111012 | C18: ชิฟฟ่อนสอดไส้นมชมพูฮอกไกโด 6 ชิ้น | D18: 100
A19: 17 | B19: 1112012 | C19: เบาหวิวเผือกมะพร้าว 300 กรัม | D19: 120
A20: 18 | B20: 1112013 | C20: เบาหวิวเผือกมะพร้าว 110 กรัม | D20: 50 | E20: 1 | I20: 1
A21: 19 | B21: 1113131 | C21: เปี๊ยะโมจิฟัก 350 กรัม | D21: 120
A22: 20 | B22: 1113135 | C22: เปี๊ยะโมจิฟัก 700 กรัม | D22: 185
A23: 21 | B23: 1112017 | C23: เบาหวิวตาลหอม 110 กรัม | D23: 50 | E23: 2 | I23: 2
A24: 22 | B24: 1112015 | C24: เบาหวิวกล้วยหอมมะพร้าวเผา 110 กรัม | D24: 50 | E24: 4 | I24: 4
A25: 23 | B25: 1112005 | C25: เบาหวิวเนยสด 110 กรัม | D25: 50
A26: 24 | C26: เบาหวิวทุเรียน 110 กรัม | D26: 50
A27: 25 | B27: 1112003 | C27: เบาหวิวกาแฟ 110 กรัม | D27: 50
A28: 26 | C28: รถลาน | D28: 45 | E28: 40 | I28: 40
A29: 27 | C29: หัวรถไฟโทมัส | D29: 150 | E29: 1 | I29: 1
A30: 28 | C30: ปืน | D30: 150 | E30: 3 | I30: 3
A31: 29 | C31: โมเดลฮีโร่ | D31: 250
A32: 30 | C32: กระดานวาดเขียน | D32: 250
A33: 31 | C33: เป็ดแม่ | D33: 250
A34: 32 | C34: เป็ดลูก | D34: 150 | E34: 2 | I34: 2
A35: 33 | C35: ตัวบีบ | D35: 60 | E35: 5 | G35: 1 | I35: 4
A36: 34 | C36: ลานม้า | D36: 100
A37: 35 | C37: กระดานวาดเขียน(ใหม่) | D37: 200
A38: 36 | C38: ตุ๊กตา | D38: 150
A39: 37 | C39: ตุ๊กตานางฟ้าเต้น | D39: 400 | E39: 1 | I39: 1
A40: 38 | C40: สลาม | D40: 100 | E40: 27 | H40: 4 | I40: 23 | J40: 400
A41: 39 | C41: โฟนโฟน | D41: 300 | E41: 1 | I41: 1
A42: 40 | C42: กดหัวลาน | D42: 180 | E42: 13 | H42: 1 | I42: 12 | J42: 180
A43: 41 | C43: รถแม็คโคร | D43: 200 | E43: 10 | I43: 10
A44: 42 | C44: ดินเบา | D44: 100
A45: 43 | C45: รถตัก | D45: 150 | E45: 3 | H45: 2 | I45: 1 | J45: 300
A46: 44 | C46: ชุดแต่งหน้าเด็ก | D46: 500 | E46: 2 | I46: 2
A47: 45 | C47: ไดโนเสาร์ | D47: 100 | E47: 8 | I47: 8
A48: 46 | C48: เป็ดฟองอากาศ | D48: 450 | E48: 1 | I48: 1
A49: 47 | C49: ปลาโลมา | D49: 400 | E49: 1 | I49: 1
A50: 48 | C50: ชิฟฟ่อนสอดไส้บลูเบอร์รี่ 3 ชิ้น | D50: 50
A51: 49 | C51: ชิฟฟ่อนสอดไส้สตรอเบอร์รี่ 3 ชิ้น | D51: 50
A52: 50 | C52: ชิฟฟ่อนสอดไส้นมฮอกไกโด 3 ชิ้น | D52: 50
J53: =SUM(J3:J52) -> 2120
I55: โอน | J55: 210 | K55: =SUM(J55:J55) -> 210
I56: สด | J56: 1910 | K56: =SUM(J56:J56) -> 1910
K57: =SUM(K55:K56) -> 2120

Sheet 15
A1: ใบสต๊อกบูธ 10323 วัดใหม่สุปดิษฐาราม
A2: ลำดับ | B2: รหัส | C2: รายการสินค้า | D2: ราคา | E2: ยอดยกมา | F2: รับเข้า | G2: ส่งคืน | H2: ขายออก | I2: คงเหลือ | J2: ยอดเงิน | K2: หมายเหตุ
A3: 1 | B3: 1005982 | C3: ปังเนยนิ่ม 3 ชิ้น | D3: 55 | E3: 3 | H3: 1 | I3: 2 | J3: 55
A4: 2 | B4: 1200001 | C4: คอนเฟลกกระปุก | D4: 60 | E4: 1 | I4: 1
A5: 3 | B5: 1100003 | C5: เมอแรงค์กระปุก | D5: 55 | E5: 12 | I5: 12
A6: 4 | B6: 1200003 | C6: ท๊อฟฟี่กระเช้า | D6: 100 | E6: 4 | H6: 1 | I6: 3 | J6: 100
A7: 5 | B7: 1113121 | C7: เปี๊ยะไส้ถั่ว | D7: 120 | E7: 4 | I7: 4
A8: 6 | B8: 1113123 | C8: เปี๊ยะไส้เผือก | D8: 120
A9: 7 | B9: 1113122 | C9: เปี๊ยะไส้ฟัก | D9: 120
A10: 8 | B10: 1004055 | C10: ชิฟฟ่อนรวมรส 4 ชิ้น | D10: 55 | E10: 13 | H10: 3 | I10: 10 | J10: 165
A11: 9 | B11: 1111002 | C11: ชิฟฟ่อนรวมรส 8 ชิ้น | D11: 100 | E11: 8 | I11: 8
A12: 10 | B12: 1111056 | C12: ชิฟฟ่อนยอดฮิต | D12: 100 | E12: 14 | I12: 14
A13: 11 | B13: 1111009 | C13: ชิฟฟ่อนสอดไส้รวมรส 6 ชิ้น | D13: 100 | E13: 11 | I13: 11
A14: 12 | B14: 1112009 | C14: เบาหวิวมะพร้าวน้ำหอม 110 กรัม | D14: 50 | E14: 3 | I14: 3
A15: 13 | B15: 1112010 | C15: เบาหวิวฝอยทอง 300 กรัม | D15: 120 | E15: 3 | I15: 3
A16: 14 | B16: 1112011 | C16: เบาหวิวฝอยทอง 110 กรัม | D16: 50 | E16: 6 | I16: 6
A17: 15 | B17: 1111017 | C17: ชิฟฟ่อนสอดไส้แยมบลูเบอร์รี่ 3 ชิ้น | D17: 55
A18: 16 | B18: 1111012 | C18: ชิฟฟ่อนสอดไส้นมชมพูฮอกไกโด 6 ชิ้น | D18: 100
A19: 17 | B19: 1112012 | C19: เบาหวิวเผือกมะพร้าว 300 กรัม | D19: 120
A20: 18 | B20: 1112013 | C20: เบาหวิวเผือกมะพร้าว 110 กรัม | D20: 50 | E20: 1 | I20: 1
A21: 19 | B21: 1113131 | C21: เปี๊ยะโมจิฟัก 350 กรัม | D21: 120
A22: 20 | B22: 1113135 | C22: เปี๊ยะโมจิฟัก 700 กรัม | D22: 185
A23: 21 | B23: 1112017 | C23: เบาหวิวตาลหอม 110 กรัม | D23: 50 | E23: 2 | I23: 2
A24: 22 | B24: 1112015 | C24: เบาหวิวกล้วยหอมมะพร้าวเผา 110 กรัม | D24: 50 | E24: 4 | I24: 4
A25: 23 | B25: 1112005 | C25: เบาหวิวเนยสด 110 กรัม | D25: 50
A26: 24 | C26: เบาหวิวทุเรียน 110 กรัม | D26: 50
A27: 25 | B27: 1112003 | C27: เบาหวิวกาแฟ 110 กรัม | D27: 50
A28: 26 | C28: รถลาน | D28: 45 | E28: 40 | I28: 40
A29: 27 | C29: หัวรถไฟโทมัส | D29: 150 | E29: 1 | I29: 1
A30: 28 | C30: ปืน | D30: 150 | E30: 3 | I30: 3
A31: 29 | C31: โมเดลฮีโร่ | D31: 250
A32: 30 | C32: กระดานวาดเขียน | D32: 250
A33: 31 | C33: เป็ดแม่ | D33: 250
A34: 32 | C34: เป็ดลูก | D34: 150 | E34: 2 | I34: 2
A35: 33 | C35: ตัวบีบ | D35: 60 | E35: 4 | I35: 4
A36: 34 | C36: ลานม้า | D36: 100
A37: 35 | C37: กระดานวาดเขียน(ใหม่) | D37: 200
A38: 36 | C38: ตุ๊กตา | D38: 150
A39: 37 | C39: ตุ๊กตานางฟ้าเต้น | D39: 400 | E39: 1 | I39: 1
A40: 38 | C40: สลาม | D40: 100 | E40: 23 | I40: 23
A41: 39 | C41: โฟนโฟน | D41: 300 | E41: 1 | I41: 1
A42: 40 | C42: กดหัวลาน | D42: 180 | E42: 12 | I42: 12
A43: 41 | C43: รถแม็คโคร | D43: 200 | E43: 10 | I43: 10
A44: 42 | C44: ดินเบา | D44: 100
A45: 43 | C45: รถตัก | D45: 150 | E45: 1 | I45: 1
A46: 44 | C46: ชุดแต่งหน้าเด็ก | D46: 500 | E46: 2 | I46: 2
A47: 45 | C47: ไดโนเสาร์ | D47: 100 | E47: 8 | I47: 8
A48: 46 | C48: เป็ดฟองอากาศ | D48: 450 | E48: 1 | I48: 1
A49: 47 | C49: ปลาโลมา | D49: 400 | E49: 1 | I49: 1
A50: 48 | C50: ชิฟฟ่อนสอดไส้บลูเบอร์รี่ 3 ชิ้น | D50: 50
A51: 49 | C51: ชิฟฟ่อนสอดไส้สตรอเบอร์รี่ 3 ชิ้น | D51: 50
A52: 50 | C52: ชิฟฟ่อนสอดไส้นมฮอกไกโด 3 ชิ้น | D52: 50
J53: =SUM(J3:J52) -> 320
I55: โอน | J55: 110 | K55: =SUM(J55:J55) -> 110
I56: สด | J56: 210 | K56: =SUM(J56:J56) -> 210
K57: =SUM(K55:K56) -> 320

Sheet 17
A1: ใบสต๊อกบูธ 10323 วัดใหม่สุปดิษฐาราม
A2: ลำดับ | B2: รหัส | C2: รายการสินค้า | D2: ราคา | E2: ยอดยกมา | F2: รับเข้า | G2: ส่งคืน | H2: ขายออก | I2: คงเหลือ | J2: ยอดเงิน | K2: หมายเหตุ
A3: 1 | B3: 1005982 | C3: ปังเนยนิ่ม 3 ชิ้น | D3: 55 | E3: 2 | I3: 2
A4: 2 | B4: 1200001 | C4: คอนเฟลกกระปุก | D4: 60 | E4: 1 | I4: 1
A5: 3 | B5: 1100003 | C5: เมอแรงค์กระปุก | D5: 55 | E5: 12 | I5: 12
A6: 4 | B6: 1200003 | C6: ท๊อฟฟี่กระเช้า | D6: 100 | E6: 3 | I6: 3
A7: 5 | B7: 1113121 | C7: เปี๊ยะไส้ถั่ว | D7: 120 | E7: 4 | I7: 4
A8: 6 | B8: 1113123 | C8: เปี๊ยะไส้เผือก | D8: 120
A9: 7 | B9: 1113122 | C9: เปี๊ยะไส้ฟัก | D9: 120
A10: 8 | B10: 1004055 | C10: ชิฟฟ่อนรวมรส 4 ชิ้น | D10: 55 | E10: 10 | I10: 10
A11: 9 | B11: 1111002 | C11: ชิฟฟ่อนรวมรส 8 ชิ้น | D11: 100 | E11: 8 | I11: 8
A12: 10 | B12: 1111056 | C12: ชิฟฟ่อนยอดฮิต | D12: 100 | E12: 14 | H12: 1 | I12: 13 | J12: 100
A13: 11 | B13: 1111009 | C13: ชิฟฟ่อนสอดไส้รวมรส 6 ชิ้น | D13: 100 | E13: 11 | H13: 3 | I13: 8 | J13: 300
A14: 12 | B14: 1112009 | C14: เบาหวิวมะพร้าวน้ำหอม 110 กรัม | D14: 50 | E14: 3 | I14: 3
A15: 13 | B15: 1112010 | C15: เบาหวิวฝอยทอง 300 กรัม | D15: 120 | E15: 3 | I15: 3
A16: 14 | B16: 1112011 | C16: เบาหวิวฝอยทอง 110 กรัม | D16: 50 | E16: 6 | I16: 6
A17: 15 | B17: 1111017 | C17: ชิฟฟ่อนสอดไส้แยมบลูเบอร์รี่ 3 ชิ้น | D17: 55
A18: 16 | B18: 1111012 | C18: ชิฟฟ่อนสอดไส้นมชมพูฮอกไกโด 6 ชิ้น | D18: 100
A19: 17 | B19: 1112012 | C19: เบาหวิวเผือกมะพร้าว 300 กรัม | D19: 120
A20: 18 | B20: 1112013 | C20: เบาหวิวเผือกมะพร้าว 110 กรัม | D20: 50 | E20: 1 | I20: 1
A21: 19 | B21: 1113131 | C21: เปี๊ยะโมจิฟัก 350 กรัม | D21: 120
A22: 20 | B22: 1113135 | C22: เปี๊ยะโมจิฟัก 700 กรัม | D22: 185
A23: 21 | B23: 1112017 | C23: เบาหวิวตาลหอม 110 กรัม | D23: 50 | E23: 2 | I23: 2
A24: 22 | B24: 1112015 | C24: เบาหวิวกล้วยหอมมะพร้าวเผา 110 กรัม | D24: 50 | E24: 4 | I24: 4
A25: 23 | B25: 1112005 | C25: เบาหวิวเนยสด 110 กรัม | D25: 50
A26: 24 | C26: เบาหวิวทุเรียน 110 กรัม | D26: 50
A27: 25 | B27: 1112003 | C27: เบาหวิวกาแฟ 110 กรัม | D27: 50
A28: 26 | C28: รถลาน | D28: 45 | E28: 40 | I28: 40
A29: 27 | C29: หัวรถไฟโทมัส | D29: 150 | E29: 1 | I29: 1
A30: 28 | C30: ปืน | D30: 150 | E30: 3 | I30: 3
A31: 29 | C31: โมเดลฮีโร่ | D31: 250
A32: 30 | C32: กระดานวาดเขียน | D32: 250
A33: 31 | C33: เป็ดแม่ | D33: 250
A34: 32 | C34: เป็ดลูก | D34: 150 | E34: 2 | I34: 2
A35: 33 | C35: ตัวบีบ | D35: 60 | E35: 4 | I35: 4
A36: 34 | C36: ลานม้า | D36: 100
A37: 35 | C37: กระดานวาดเขียน(ใหม่) | D37: 200
A38: 36 | C38: ตุ๊กตา | D38: 150
A39: 37 | C39: ตุ๊กตานางฟ้าเต้น | D39: 400 | E39: 1 | I39: 1
A40: 38 | C40: สลาม | D40: 100 | E40: 23 | I40: 23
A41: 39 | C41: โฟนโฟน | D41: 300 | E41: 1 | I41: 1
A42: 40 | C42: กดหัวลาน | D42: 180 | E42: 12 | I42: 12
A43: 41 | C43: รถแม็คโคร | D43: 200 | E43: 10 | I43: 10
A44: 42 | C44: ดินเบา | D44: 100
A45: 43 | C45: รถตัก | D45: 150 | E45: 1 | I45: 1
A46: 44 | C46: ชุดแต่งหน้าเด็ก | D46: 500 | E46: 2 | H46: 1 | I46: 1 | J46: 500
A47: 45 | C47: ไดโนเสาร์ | D47: 100 | E47: 8 | I47: 8
A48: 46 | C48: เป็ดฟองอากาศ | D48: 450 | E48: 1 | I48: 1
A49: 47 | C49: ปลาโลมา | D49: 400 | E49: 1 | I49: 1
A50: 48 | C50: ชิฟฟ่อนสอดไส้บลูเบอร์รี่ 3 ชิ้น | D50: 50
A51: 49 | C51: ชิฟฟ่อนสอดไส้สตรอเบอร์รี่ 3 ชิ้น | D51: 50
A52: 50 | C52: ชิฟฟ่อนสอดไส้นมฮอกไกโด 3 ชิ้น | D52: 50
J53: =SUM(J3:J52) -> 900
I55: โอน | J55: 800 | K55: =SUM(J55:J55) -> 800
I56: สด | J56: 100 | K56: =SUM(J56:J56) -> 100
K57: =SUM(K55:K56) -> 900

Sheet 18
A1: ใบสต๊อกบูธ 10323 วัดใหม่สุปดิษฐาราม
A2: ลำดับ | B2: รหัส | C2: รายการสินค้า | D2: ราคา | E2: ยอดยกมา | F2: รับเข้า | G2: ส่งคืน | H2: ขายออก | I2: คงเหลือ | J2: ยอดเงิน | K2: หมายเหตุ
A3: 1 | B3: 1005982 | C3: ปังเนยนิ่ม 3 ชิ้น | D3: 55 | E3: 2 | I3: 2
A4: 2 | B4: 1200001 | C4: คอนเฟลกกระปุก | D4: 60 | E4: 1 | F4: 10 | I4: 11
A5: 3 | B5: 1100003 | C5: เมอแรงค์กระปุก | D5: 55 | E5: 12 | H5: 2 | I5: 10 | J5: 110
A6: 4 | B6: 1200003 | C6: ท๊อฟฟี่กระเช้า | D6: 100 | E6: 3 | F6: 10 | H6: 1 | I6: 12 | J6: 100
A7: 5 | B7: 1113121 | C7: เปี๊ยะไส้ถั่ว | D7: 120 | E7: 4 | I7: 4
A8: 6 | B8: 1113123 | C8: เปี๊ยะไส้เผือก | D8: 120 | F8: 5 | I8: 5
A9: 7 | B9: 1113122 | C9: เปี๊ยะไส้ฟัก | D9: 120 | F9: 5 | I9: 5
A10: 8 | B10: 1004055 | C10: ชิฟฟ่อนรวมรส 4 ชิ้น | D10: 55 | E10: 10 | F10: 10 | H10: 1 | I10: 19 | J10: 55
A11: 9 | B11: 1111002 | C11: ชิฟฟ่อนรวมรส 8 ชิ้น | D11: 100 | E11: 8 | F11: 10 | H11: 1 | I11: 17 | J11: 100
A12: 10 | B12: 1111056 | C12: ชิฟฟ่อนยอดฮิต | D12: 100 | E12: 13 | F12: 10 | I12: 23
A13: 11 | B13: 1111009 | C13: ชิฟฟ่อนสอดไส้รวมรส 6 ชิ้น | D13: 100 | E13: 8 | F13: 10 | I13: 18
A14: 12 | B14: 1112009 | C14: เบาหวิวมะพร้าวน้ำหอม 110 กรัม | D14: 50 | E14: 3 | F14: 10 | H14: 1 | I14: 12 | J14: 50
A15: 13 | B15: 1112010 | C15: เบาหวิวฝอยทอง 300 กรัม | D15: 120 | E15: 3 | F15: 10 | I15: 13
A16: 14 | B16: 1112011 | C16: เบาหวิวฝอยทอง 110 กรัม | D16: 50 | E16: 6 | H16: 1 | I16: 5 | J16: 50
A17: 15 | B17: 1111017 | C17: ชิฟฟ่อนสอดไส้แยมบลูเบอร์รี่ 3 ชิ้น | D17: 55
A18: 16 | B18: 1111012 | C18: ชิฟฟ่อนสอดไส้นมชมพูฮอกไกโด 6 ชิ้น | D18: 100
A19: 17 | B19: 1112012 | C19: เบาหวิวเผือกมะพร้าว 300 กรัม | D19: 120
A20: 18 | B20: 1112013 | C20: เบาหวิวเผือกมะพร้าว 110 กรัม | D20: 50 | E20: 1 | F20: 10 | I20: 11
A21: 19 | B21: 1113131 | C21: เปี๊ยะโมจิฟัก 350 กรัม | D21: 120
A22: 20 | B22: 1113135 | C22: เปี๊ยะโมจิฟัก 700 กรัม | D22: 185
A23: 21 | B23: 1112017 | C23: เบาหวิวตาลหอม 110 กรัม | D23: 50 | E23: 2 | F23: 8 | I23: 10
A24: 22 | B24: 1112015 | C24: เบาหวิวกล้วยหอมมะพร้าวเผา 110 กรัม | D24: 50 | E24: 4 | F24: 10 | H24: 1 | I24: 13 | J24: 50
A25: 23 | B25: 1112005 | C25: เบาหวิวเนยสด 110 กรัม | D25: 50
A26: 24 | C26: เบาหวิวทุเรียน 110 กรัม | D26: 50
A27: 25 | B27: 1112003 | C27: เบาหวิวกาแฟ 110 กรัม | D27: 50
A28: 26 | C28: รถลาน | D28: 45 | E28: 40 | H28: 2 | I28: 38 | J28: 90
A29: 27 | C29: หัวรถไฟโทมัส | D29: 150 | E29: 1 | I29: 1
A30: 28 | C30: ปืน | D30: 150 | E30: 3 | H30: 1 | I30: 2 | J30: 150
A31: 29 | C31: โมเดลฮีโร่ | D31: 250
A32: 30 | C32: กระดานวาดเขียน | D32: 250
A33: 31 | C33: เป็ดแม่ | D33: 250
A34: 32 | C34: เป็ดลูก | D34: 150 | E34: 2 | I34: 2
A35: 33 | C35: ตัวบีบ | D35: 60 | E35: 4 | I35: 4
A36: 34 | C36: ลานม้า | D36: 100
A37: 35 | C37: กระดานวาดเขียน(ใหม่) | D37: 200
A38: 36 | C38: ตุ๊กตา | D38: 150
A39: 37 | C39: ตุ๊กตานางฟ้าเต้น | D39: 400 | E39: 1 | I39: 1
A40: 38 | C40: สลาม | D40: 100 | E40: 23 | I40: 23
A41: 39 | C41: โฟนโฟน | D41: 300 | E41: 1 | I41: 1
A42: 40 | C42: กดหัวลาน | D42: 180 | E42: 12 | I42: 12
A43: 41 | C43: รถแม็คโคร | D43: 200 | E43: 10 | I43: 10
A44: 42 | C44: ดินเบา | D44: 100
A45: 43 | C45: รถตัก | D45: 150 | E45: 1 | H45: 1 | J45: 150
A46: 44 | C46: ชุดแต่งหน้าเด็ก | D46: 500 | E46: 1 | I46: 1
A47: 45 | C47: ไดโนเสาร์ | D47: 100 | E47: 8 | I47: 8
A48: 46 | C48: เป็ดฟองอากาศ | D48: 450 | E48: 1 | I48: 1
A49: 47 | C49: ปลาโลมา | D49: 400 | E49: 1 | I49: 1
A50: 48 | C50: ชิฟฟ่อนสอดไส้บลูเบอร์รี่ 3 ชิ้น | D50: 50
A51: 49 | C51: ชิฟฟ่อนสอดไส้สตรอเบอร์รี่ 3 ชิ้น | D51: 50
A52: 50 | C52: ชิฟฟ่อนสอดไส้นมฮอกไกโด 3 ชิ้น | D52: 50
J53: =SUM(J3:J52) -> 905
I55: โอน | J55: 50 | K55: =SUM(J55:J55) -> 50
I56: สด | J56: 855 | K56: =SUM(J56:J56) -> 855
K57: =SUM(K55:K56) -> 905

Sheet 19
A1: ใบสต๊อกบูธ 10323 วัดใหม่สุปดิษฐาราม
A2: ลำดับ | B2: รหัส | C2: รายการสินค้า | D2: ราคา | E2: ยอดยกมา | F2: รับเข้า | G2: ส่งคืน | H2: ขายออก | I2: คงเหลือ | J2: ยอดเงิน | K2: หมายเหตุ
A3: 1 | B3: 1005982 | C3: ปังเนยนิ่ม 3 ชิ้น | D3: 55 | E3: 2 | I3: 2
A4: 2 | B4: 1200001 | C4: คอนเฟลกกระปุก | D4: 60 | E4: 11 | H4: 1 | I4: 10 | J4: 60
A5: 3 | B5: 1100003 | C5: เมอแรงค์กระปุก | D5: 55 | E5: 10 | I5: 10
A6: 4 | B6: 1200003 | C6: ท๊อฟฟี่กระเช้า | D6: 100 | E6: 12 | I6: 12
A7: 5 | B7: 1113121 | C7: เปี๊ยะไส้ถั่ว | D7: 120 | E7: 4 | I7: 4
A8: 6 | B8: 1113123 | C8: เปี๊ยะไส้เผือก | D8: 120 | E8: 5 | I8: 5
A9: 7 | B9: 1113122 | C9: เปี๊ยะไส้ฟัก | D9: 120 | E9: 5 | I9: 5
A10: 8 | B10: 1004055 | C10: ชิฟฟ่อนรวมรส 4 ชิ้น | D10: 55 | E10: 19 | I10: 19
A11: 9 | B11: 1111002 | C11: ชิฟฟ่อนรวมรส 8 ชิ้น | D11: 100 | E11: 17 | I11: 17
A12: 10 | B12: 1111056 | C12: ชิฟฟ่อนยอดฮิต | D12: 100 | E12: 23 | H12: 13 | I12: 10 | J12: 650 | K12: ลด50%
A13: 11 | B13: 1111009 | C13: ชิฟฟ่อนสอดไส้รวมรส 6 ชิ้น | D13: 100 | E13: 18 | I13: 18
A14: 12 | B14: 1112009 | C14: เบาหวิวมะพร้าวน้ำหอม 110 กรัม | D14: 50 | E14: 12 | I14: 12
A15: 13 | B15: 1112010 | C15: เบาหวิวฝอยทอง 300 กรัม | D15: 120 | E15: 13 | I15: 13
A16: 14 | B16: 1112011 | C16: เบาหวิวฝอยทอง 110 กรัม | D16: 50 | E16: 5 | H16: 2 | I16: 3 | J16: 100
A17: 15 | B17: 1111017 | C17: ชิฟฟ่อนสอดไส้แยมบลูเบอร์รี่ 3 ชิ้น | D17: 55
A18: 16 | B18: 1111012 | C18: ชิฟฟ่อนสอดไส้นมชมพูฮอกไกโด 6 ชิ้น | D18: 100
A19: 17 | B19: 1112012 | C19: เบาหวิวเผือกมะพร้าว 300 กรัม | D19: 120
A20: 18 | B20: 1112013 | C20: เบาหวิวเผือกมะพร้าว 110 กรัม | D20: 50 | E20: 11 | H20: 2 | I20: 9 | J20: 100
A21: 19 | B21: 1113131 | C21: เปี๊ยะโมจิฟัก 350 กรัม | D21: 120
A22: 20 | B22: 1113135 | C22: เปี๊ยะโมจิฟัก 700 กรัม | D22: 185
A23: 21 | B23: 1112017 | C23: เบาหวิวตาลหอม 110 กรัม | D23: 50 | E23: 10 | I23: 10
A24: 22 | B24: 1112015 | C24: เบาหวิวกล้วยหอมมะพร้าวเผา 110 กรัม | D24: 50 | E24: 13 | I24: 13
A25: 23 | B25: 1112005 | C25: เบาหวิวเนยสด 110 กรัม | D25: 50
A26: 24 | C26: เบาหวิวทุเรียน 110 กรัม | D26: 50
A27: 25 | B27: 1112003 | C27: เบาหวิวกาแฟ 110 กรัม | D27: 50
A28: 26 | C28: รถลาน | D28: 45 | E28: 38 | I28: 38
A29: 27 | C29: หัวรถไฟโทมัส | D29: 150 | E29: 1 | I29: 1
A30: 28 | C30: ปืน | D30: 150 | E30: 2 | I30: 2
A31: 29 | C31: โมเดลฮีโร่ | D31: 250
A32: 30 | C32: กระดานวาดเขียน | D32: 250
A33: 31 | C33: เป็ดแม่ | D33: 250
A34: 32 | C34: เป็ดลูก | D34: 150 | E34: 2 | I34: 2
A35: 33 | C35: ตัวบีบ | D35: 60 | E35: 4 | I35: 4
A36: 34 | C36: ลานม้า | D36: 100
A37: 35 | C37: กระดานวาดเขียน(ใหม่) | D37: 200
A38: 36 | C38: ตุ๊กตา | D38: 150
A39: 37 | C39: ตุ๊กตานางฟ้าเต้น | D39: 400 | E39: 1 | I39: 1
A40: 38 | C40: สลาม | D40: 100 | E40: 23 | H40: 1 | I40: 22 | J40: 100
A41: 39 | C41: โฟนโฟน | D41: 300 | E41: 1 | I41: 1
A42: 40 | C42: กดหัวลาน | D42: 180 | E42: 12 | I42: 12
A43: 41 | C43: รถแม็คโคร | D43: 200 | E43: 10 | I43: 10
A44: 42 | C44: ดินเบา | D44: 100
A45: 43 | C45: รถตัก | D45: 150
A46: 44 | C46: ชุดแต่งหน้าเด็ก | D46: 500 | E46: 1 | I46: 1
A47: 45 | C47: ไดโนเสาร์ | D47: 100 | E47: 8 | I47: 8
A48: 46 | C48: เป็ดฟองอากาศ | D48: 450 | E48: 1 | I48: 1
A49: 47 | C49: ปลาโลมา | D49: 400 | E49: 1 | I49: 1
A50: 48 | C50: ชิฟฟ่อนสอดไส้บลูเบอร์รี่ 3 ชิ้น | D50: 50
A51: 49 | C51: ชิฟฟ่อนสอดไส้สตรอเบอร์รี่ 3 ชิ้น | D51: 50
A52: 50 | C52: ชิฟฟ่อนสอดไส้นมฮอกไกโด 3 ชิ้น | D52: 50
J53: =SUM(J3:J52) -> 1010
I55: โอน | J55: 200 | K55: =SUM(J55:J55) -> 200
I56: สด | J56: 810 | K56: =SUM(J56:J56) -> 810
K57: =SUM(K55:K56) -> 1010

Sheet 20
A1: ใบสต๊อกบูธ 10323 วัดใหม่สุปดิษฐาราม
A2: ลำดับ | B2: รหัส | C2: รายการสินค้า | D2: ราคา | E2: ยอดยกมา | F2: รับเข้า | G2: ส่งคืน | H2: ขายออก | I2: คงเหลือ | J2: ยอดเงิน | K2: หมายเหตุ
A3: 1 | B3: 1005982 | C3: ปังเนยนิ่ม 3 ชิ้น | D3: 55 | E3: 2 | G3: 2
A4: 2 | B4: 1200001 | C4: คอนเฟลกกระปุก | D4: 60 | E4: 10 | H4: 3 | I4: 7 | J4: 180
A5: 3 | B5: 1100003 | C5: เมอแรงค์กระปุก | D5: 55 | E5: 10 | H5: 1 | I5: 9 | J5: 55
A6: 4 | B6: 1200003 | C6: ท๊อฟฟี่กระเช้า | D6: 100 | E6: 12 | H6: 1 | I6: 11 | J6: 100
A7: 5 | B7: 1113121 | C7: เปี๊ยะไส้ถั่ว | D7: 120 | E7: 4 | G7: 1 | H7: 1 | I7: 2 | J7: 120
A8: 6 | B8: 1113123 | C8: เปี๊ยะไส้เผือก | D8: 120 | E8: 5 | I8: 5
A9: 7 | B9: 1113122 | C9: เปี๊ยะไส้ฟัก | D9: 120 | E9: 5 | I9: 5
A10: 8 | B10: 1004055 | C10: ชิฟฟ่อนรวมรส 4 ชิ้น | D10: 55 | E10: 19 | H10: 1 | I10: 18 | J10: 55
A11: 9 | B11: 1111002 | C11: ชิฟฟ่อนรวมรส 8 ชิ้น | D11: 100 | E11: 17 | H11: 1 | I11: 16 | J11: 100
A12: 10 | B12: 1111056 | C12: ชิฟฟ่อนยอดฮิต | D12: 100 | E12: 10 | H12: 1 | I12: 9 | J12: 100
A13: 11 | B13: 1111009 | C13: ชิฟฟ่อนสอดไส้รวมรส 6 ชิ้น | D13: 100 | E13: 18 | H13: 1 | I13: 17 | J13: 100
A14: 12 | B14: 1112009 | C14: เบาหวิวมะพร้าวน้ำหอม 110 กรัม | D14: 50 | E14: 12 | H14: 2 | I14: 10 | J14: 100
A15: 13 | B15: 1112010 | C15: เบาหวิวฝอยทอง 300 กรัม | D15: 120 | E15: 13 | I15: 13
A16: 14 | B16: 1112011 | C16: เบาหวิวฝอยทอง 110 กรัม | D16: 50 | E16: 3 | I16: 3
A17: 15 | B17: 1111017 | C17: ชิฟฟ่อนสอดไส้แยมบลูเบอร์รี่ 3 ชิ้น | D17: 55
A18: 16 | B18: 1111012 | C18: ชิฟฟ่อนสอดไส้นมชมพูฮอกไกโด 6 ชิ้น | D18: 100
A19: 17 | B19: 1112012 | C19: เบาหวิวเผือกมะพร้าว 300 กรัม | D19: 120
A20: 18 | B20: 1112013 | C20: เบาหวิวเผือกมะพร้าว 110 กรัม | D20: 50 | E20: 9 | I20: 9
A21: 19 | B21: 1113131 | C21: เปี๊ยะโมจิฟัก 350 กรัม | D21: 120
A22: 20 | B22: 1113135 | C22: เปี๊ยะโมจิฟัก 700 กรัม | D22: 185
A23: 21 | B23: 1112017 | C23: เบาหวิวตาลหอม 110 กรัม | D23: 50 | E23: 10 | H23: 2 | I23: 8 | J23: 100
A24: 22 | B24: 1112015 | C24: เบาหวิวกล้วยหอมมะพร้าวเผา 110 กรัม | D24: 50 | E24: 13 | H24: 1 | I24: 12 | J24: 50
A25: 23 | B25: 1112005 | C25: เบาหวิวเนยสด 110 กรัม | D25: 50
A26: 24 | C26: เบาหวิวทุเรียน 110 กรัม | D26: 50
A27: 25 | B27: 1112003 | C27: เบาหวิวกาแฟ 110 กรัม | D27: 50
A28: 26 | C28: รถลาน | D28: 45 | E28: 38 | I28: 38
A29: 27 | C29: หัวรถไฟโทมัส | D29: 150 | E29: 1 | I29: 1
A30: 28 | C30: ปืน | D30: 150 | E30: 2 | I30: 2
A31: 29 | C31: โมเดลฮีโร่ | D31: 250
A32: 30 | C32: กระดานวาดเขียน | D32: 250
A33: 31 | C33: เป็ดแม่ | D33: 250
A34: 32 | C34: เป็ดลูก | D34: 150 | E34: 2 | I34: 2
A35: 33 | C35: ตัวบีบ | D35: 60 | E35: 4 | I35: 4
A36: 34 | C36: ลานม้า | D36: 100
A37: 35 | C37: กระดานวาดเขียน(ใหม่) | D37: 200
A38: 36 | C38: ตุ๊กตา | D38: 150
A39: 37 | C39: ตุ๊กตานางฟ้าเต้น | D39: 400 | E39: 1 | I39: 1
A40: 38 | C40: สลาม | D40: 100 | E40: 22 | I40: 22
A41: 39 | C41: โฟนโฟน | D41: 300 | E41: 1 | I41: 1
A42: 40 | C42: กดหัวลาน | D42: 180 | E42: 12 | I42: 12
A43: 41 | C43: รถแม็คโคร | D43: 200 | E43: 10 | I43: 10
A44: 42 | C44: ดินเบา | D44: 100
A45: 43 | C45: รถตัก | D45: 150
A46: 44 | C46: ชุดแต่งหน้าเด็ก | D46: 500 | E46: 1 | I46: 1
A47: 45 | C47: ไดโนเสาร์ | D47: 100 | E47: 8 | I47: 8
A48: 46 | C48: เป็ดฟองอากาศ | D48: 450 | E48: 1 | I48: 1
A49: 47 | C49: ปลาโลมา | D49: 400 | E49: 1 | I49: 1
A50: 48 | C50: ชิฟฟ่อนสอดไส้บลูเบอร์รี่ 3 ชิ้น | D50: 50
A51: 49 | C51: ชิฟฟ่อนสอดไส้สตรอเบอร์รี่ 3 ชิ้น | D51: 50
A52: 50 | C52: ชิฟฟ่อนสอดไส้นมฮอกไกโด 3 ชิ้น | D52: 50
J53: =SUM(J3:J52) -> 1060
I55: โอน | J55: 420 | K55: =SUM(J55:J55) -> 420
I56: สด | J56: 640 | K56: =SUM(J56:J56) -> 640
K57: =SUM(K55:K56) -> 1060

Sheet 21
A1: ใบสต๊อกบูธ 10323 วัดใหม่สุปดิษฐาราม
A2: ลำดับ | B2: รหัส | C2: รายการสินค้า | D2: ราคา | E2: ยอดยกมา | F2: รับเข้า | G2: ส่งคืน | H2: ขายออก | I2: คงเหลือ | J2: ยอดเงิน | K2: หมายเหตุ
A3: 1 | B3: 1005982 | C3: ปังเนยนิ่ม 3 ชิ้น | D3: 55
A4: 2 | B4: 1200001 | C4: คอนเฟลกกระปุก | D4: 60 | E4: 7 | H4: 1 | I4: 6 | J4: 60
A5: 3 | B5: 1100003 | C5: เมอแรงค์กระปุก | D5: 55 | E5: 9 | I5: 9
A6: 4 | B6: 1200003 | C6: ท๊อฟฟี่กระเช้า | D6: 100 | E6: 11 | H6: 4 | I6: 7 | J6: 400
A7: 5 | B7: 1113121 | C7: เปี๊ยะไส้ถั่ว | D7: 120 | E7: 2 | H7: 2 | J7: 240
A8: 6 | B8: 1113123 | C8: เปี๊ยะไส้เผือก | D8: 120 | E8: 5 | H8: 1 | I8: 4 | J8: 120
A9: 7 | B9: 1113122 | C9: เปี๊ยะไส้ฟัก | D9: 120 | E9: 5 | I9: 5
A10: 8 | B10: 1004055 | C10: ชิฟฟ่อนรวมรส 4 ชิ้น | D10: 55 | E10: 18 | H10: 1 | I10: 17 | J10: 55
A11: 9 | B11: 1111002 | C11: ชิฟฟ่อนรวมรส 8 ชิ้น | D11: 100 | E11: 16 | H11: 2 | I11: 14 | J11: 200
A12: 10 | B12: 1111056 | C12: ชิฟฟ่อนยอดฮิต | D12: 100 | E12: 9 | H12: 4 | I12: 5 | J12: 400
A13: 11 | B13: 1111009 | C13: ชิฟฟ่อนสอดไส้รวมรส 6 ชิ้น | D13: 100 | E13: 17 | H13: 4 | I13: 13 | J13: 400
A14: 12 | B14: 1112009 | C14: เบาหวิวมะพร้าวน้ำหอม 110 กรัม | D14: 50 | E14: 10 | H14: 2 | I14: 8 | J14: 100
A15: 13 | B15: 1112010 | C15: เบาหวิวฝอยทอง 300 กรัม | D15: 120 | E15: 13 | I15: 13
A16: 14 | B16: 1112011 | C16: เบาหวิวฝอยทอง 110 กรัม | D16: 50 | E16: 3 | H16: 3 | J16: 150
A17: 15 | B17: 1111017 | C17: ชิฟฟ่อนสอดไส้แยมบลูเบอร์รี่ 3 ชิ้น | D17: 55
A18: 16 | B18: 1111012 | C18: ชิฟฟ่อนสอดไส้นมชมพูฮอกไกโด 6 ชิ้น | D18: 100
A19: 17 | B19: 1112012 | C19: เบาหวิวเผือกมะพร้าว 300 กรัม | D19: 120
A20: 18 | B20: 1112013 | C20: เบาหวิวเผือกมะพร้าว 110 กรัม | D20: 50 | E20: 9 | H20: 5 | I20: 4 | J20: 250
A21: 19 | B21: 1113131 | C21: เปี๊ยะโมจิฟัก 350 กรัม | D21: 120
A22: 20 | B22: 1113135 | C22: เปี๊ยะโมจิฟัก 700 กรัม | D22: 185
A23: 21 | B23: 1112017 | C23: เบาหวิวตาลหอม 110 กรัม | D23: 50 | E23: 8 | H23: 1 | I23: 7 | J23: 50
A24: 22 | B24: 1112015 | C24: เบาหวิวกล้วยหอมมะพร้าวเผา 110 กรัม | D24: 50 | E24: 12 | H24: 2 | I24: 10 | J24: 100
A25: 23 | B25: 1112005 | C25: เบาหวิวเนยสด 110 กรัม | D25: 50
A26: 24 | C26: เบาหวิวทุเรียน 110 กรัม | D26: 50
A27: 25 | B27: 1112003 | C27: เบาหวิวกาแฟ 110 กรัม | D27: 50
A28: 26 | C28: รถลาน | D28: 45 | E28: 38 | I28: 38
A29: 27 | C29: หัวรถไฟโทมัส | D29: 150 | E29: 1 | F29: 10 | G29: 1 | I29: 10
A30: 28 | C30: ปืน | D30: 150 | E30: 2 | H30: 1 | I30: 1 | J30: 150
A31: 29 | C31: โมเดลฮีโร่ | D31: 250
A32: 30 | C32: กระดานวาดเขียน | D32: 250
A33: 31 | C33: เป็ดแม่ | D33: 250
A34: 32 | C34: เป็ดลูก | D34: 150 | E34: 2 | I34: 2
A35: 33 | C35: ตัวบีบ | D35: 60 | E35: 4 | F35: 14 | H35: 4 | I35: 14 | J35: 240
A36: 34 | C36: ลานม้า | D36: 100
A37: 35 | C37: กระดานวาดเขียน(ใหม่) | D37: 200
A38: 36 | C38: ตุ๊กตา | D38: 150
A39: 37 | C39: ตุ๊กตานางฟ้าเต้น | D39: 400 | E39: 1 | I39: 1
A40: 38 | C40: สลาม | D40: 100 | E40: 22 | F40: 12 | H40: 6 | I40: 28 | J40: 600
A41: 39 | C41: โฟนโฟน | D41: 300 | E41: 1 | I41: 1
A42: 40 | C42: กดหัวลาน | D42: 180 | E42: 12 | I42: 12
A43: 41 | C43: รถแม็คโคร | D43: 200 | E43: 10 | I43: 10
A44: 42 | C44: ดินเบา | D44: 100
A45: 43 | C45: รถตัก | D45: 150
A46: 44 | C46: ชุดแต่งหน้าเด็ก | D46: 500 | E46: 1 | I46: 1
A47: 45 | C47: ไดโนเสาร์ | D47: 100 | E47: 8 | I47: 8
A48: 46 | C48: เป็ดฟองอากาศ | D48: 450 | E48: 1 | G48: 1
A49: 47 | C49: ปลาโลมา | D49: 400 | E49: 1 | G49: 1
A50: 48 | C50: ชิฟฟ่อนสอดไส้บลูเบอร์รี่ 3 ชิ้น | D50: 50
A51: 49 | C51: ชิฟฟ่อนสอดไส้สตรอเบอร์รี่ 3 ชิ้น | D51: 50
A52: 50 | C52: ชิฟฟ่อนสอดไส้นมฮอกไกโด 3 ชิ้น | D52: 50
A53: 51 | C53: สกุชี่ซาลาเปา | D53: 100 | F53: 9 | H53: 1 | I53: 8 | J53: 100
A54: 52 | C54: คฑามีไฟ | D54: 200 | F54: 13 | I54: 13
A55: 53 | C55: โมชิโมชิ | D55: 80 | F55: 1 | I55: 1
A56: 54 | C56: หมูบีบ | D56: 80 | F56: 9 | I56: 9
A57: 55 | C57: รถถังช้างมีไฟ | D57: 200 | F57: 10 | I57: 10
J58: =SUM(J3:J57) -> 3615
I60: โอน | J60: 980 | K60: =SUM(J60:J60) -> 980
I61: สด | J61: 2635 | K61: =SUM(J61:J61) -> 2635
K62: =SUM(K60:K61) -> 3615

Sheet 22
A1: ใบสต๊อกบูธ 10323 วัดใหม่สุปดิษฐาราม
A2: ลำดับ | B2: รหัส | C2: รายการสินค้า | D2: ราคา | E2: ยอดยกมา | F2: รับเข้า | G2: ส่งคืน | H2: ขายออก | I2: คงเหลือ | J2: ยอดเงิน | K2: หมายเหตุ
A3: 1 | B3: 1005982 | C3: ปังเนยนิ่ม 3 ชิ้น | D3: 55
A4: 2 | B4: 1200001 | C4: คอนเฟลกกระปุก | D4: 60 | E4: 6 | I4: 6
A5: 3 | B5: 1100003 | C5: เมอแรงค์กระปุก | D5: 55 | E5: 9 | H5: 1 | I5: 8 | J5: 55
A6: 4 | B6: 1200003 | C6: ท๊อฟฟี่กระเช้า | D6: 100 | E6: 7 | I6: 7
A7: 5 | B7: 1113121 | C7: เปี๊ยะไส้ถั่ว | D7: 120
A8: 6 | B8: 1113123 | C8: เปี๊ยะไส้เผือก | D8: 120 | E8: 4 | I8: 4
A9: 7 | B9: 1113122 | C9: เปี๊ยะไส้ฟัก | D9: 120 | E9: 5 | I9: 5
A10: 8 | B10: 1004055 | C10: ชิฟฟ่อนรวมรส 4 ชิ้น | D10: 55 | E10: 17 | I10: 17
A11: 9 | B11: 1111002 | C11: ชิฟฟ่อนรวมรส 8 ชิ้น | D11: 100 | E11: 14 | I11: 14
A12: 10 | B12: 1111056 | C12: ชิฟฟ่อนยอดฮิต | D12: 100 | E12: 5 | H12: 1 | I12: 4 | J12: 100
A13: 11 | B13: 1111009 | C13: ชิฟฟ่อนสอดไส้รวมรส 6 ชิ้น | D13: 100 | E13: 13 | H13: 1 | I13: 12 | J13: 100
A14: 12 | B14: 1112009 | C14: เบาหวิวมะพร้าวน้ำหอม 110 กรัม | D14: 50 | E14: 8 | H14: 1 | I14: 7 | J14: 50
A15: 13 | B15: 1112010 | C15: เบาหวิวฝอยทอง 300 กรัม | D15: 120 | E15: 13 | I15: 13
A16: 14 | B16: 1112011 | C16: เบาหวิวฝอยทอง 110 กรัม | D16: 50
A17: 15 | B17: 1111017 | C17: ชิฟฟ่อนสอดไส้แยมบลูเบอร์รี่ 3 ชิ้น | D17: 55
A18: 16 | B18: 1111012 | C18: ชิฟฟ่อนสอดไส้นมชมพูฮอกไกโด 6 ชิ้น | D18: 100
A19: 17 | B19: 1112012 | C19: เบาหวิวเผือกมะพร้าว 300 กรัม | D19: 120
A20: 18 | B20: 1112013 | C20: เบาหวิวเผือกมะพร้าว 110 กรัม | D20: 50 | E20: 4 | H20: 2 | I20: 2 | J20: 100
A21: 19 | B21: 1113131 | C21: เปี๊ยะโมจิฟัก 350 กรัม | D21: 120
A22: 20 | B22: 1113135 | C22: เปี๊ยะโมจิฟัก 700 กรัม | D22: 185
A23: 21 | B23: 1112017 | C23: เบาหวิวตาลหอม 110 กรัม | D23: 50 | E23: 7 | I23: 7
A24: 22 | B24: 1112015 | C24: เบาหวิวกล้วยหอมมะพร้าวเผา 110 กรัม | D24: 50 | E24: 10 | H24: 1 | I24: 9 | J24: 50
A25: 23 | B25: 1112005 | C25: เบาหวิวเนยสด 110 กรัม | D25: 50
A26: 24 | C26: เบาหวิวทุเรียน 110 กรัม | D26: 50
A27: 25 | B27: 1112003 | C27: เบาหวิวกาแฟ 110 กรัม | D27: 50
A28: 26 | C28: รถลาน | D28: 45 | E28: 38 | I28: 38
A29: 27 | C29: หัวรถไฟโทมัส | D29: 150 | E29: 10 | I29: 10
A30: 28 | C30: ปืน | D30: 150 | E30: 1 | I30: 1
A31: 29 | C31: โมเดลฮีโร่ | D31: 250
A32: 30 | C32: กระดานวาดเขียน | D32: 250
A33: 31 | C33: เป็ดแม่ | D33: 250
A34: 32 | C34: เป็ดลูก | D34: 150 | E34: 2 | I34: 2
A35: 33 | C35: ตัวบีบ | D35: 60 | E35: 14 | I35: 14
A36: 34 | C36: ลานม้า | D36: 100
A37: 35 | C37: กระดานวาดเขียน(ใหม่) | D37: 200
A38: 36 | C38: ตุ๊กตา | D38: 150
A39: 37 | C39: ตุ๊กตานางฟ้าเต้น | D39: 400 | E39: 1 | I39: 1
A40: 38 | C40: สลาม | D40: 100 | E40: 28 | H40: 2 | I40: 26 | J40: 200
A41: 39 | C41: โฟนโฟน | D41: 300 | E41: 1 | I41: 1
A42: 40 | C42: กดหัวลาน | D42: 180 | E42: 12 | I42: 12
A43: 41 | C43: รถแม็คโคร | D43: 200 | E43: 10 | I43: 10
A44: 42 | C44: ดินเบา | D44: 100
A45: 43 | C45: รถตัก | D45: 150
A46: 44 | C46: ชุดแต่งหน้าเด็ก | D46: 500 | E46: 1 | I46: 1
A47: 45 | C47: ไดโนเสาร์ | D47: 100 | E47: 8 | I47: 8
A48: 46 | C48: เป็ดฟองอากาศ | D48: 450
A49: 47 | C49: ปลาโลมา | D49: 400
A50: 48 | C50: ชิฟฟ่อนสอดไส้บลูเบอร์รี่ 3 ชิ้น | D50: 50
A51: 49 | C51: ชิฟฟ่อนสอดไส้สตรอเบอร์รี่ 3 ชิ้น | D51: 50
A52: 50 | C52: ชิฟฟ่อนสอดไส้นมฮอกไกโด 3 ชิ้น | D52: 50
A53: 51 | C53: สกุชี่ซาลาเปา | D53: 100 | E53: 8 | H53: 1 | I53: 7 | J53: 100
A54: 52 | C54: คฑามีไฟ | D54: 200 | E54: 13 | I54: 13
A55: 53 | C55: โมชิโมชิ | D55: 80 | E55: 1 | I55: 1
A56: 54 | C56: หมูบีบ | D56: 80 | E56: 9 | I56: 9
A57: 55 | C57: รถถังช้างมีไฟ | D57: 200 | E57: 10 | I57: 10
J58: =SUM(J3:J57) -> 755
I60: โอน | J60: 455 | K60: =SUM(J60:J60) -> 455
I61: สด | J61: 300 | K61: =SUM(J61:J61) -> 300
K62: =SUM(K60:K61) -> 755

Sheet 24
A1: ใบสต๊อกบูธ 10323 วัดใหม่สุปดิษฐาราม
A2: ลำดับ | B2: รหัส | C2: รายการสินค้า | D2: ราคา | E2: ยอดยกมา | F2: รับเข้า | G2: ส่งคืน | H2: ขายออก | I2: คงเหลือ | J2: ยอดเงิน | K2: หมายเหตุ
A3: 1 | B3: 1005982 | C3: ปังเนยนิ่ม 3 ชิ้น | D3: 55 | F3: 3 | I3: 3
A4: 2 | B4: 1200001 | C4: คอนเฟลกกระปุก | D4: 60 | E4: 6 | F4: 10 | I4: 16
A5: 3 | B5: 1100003 | C5: เมอแรงค์กระปุก | D5: 55 | E5: 8 | I5: 8
A6: 4 | B6: 1200003 | C6: ท๊อฟฟี่กระเช้า | D6: 100 | E6: 7 | H6: 3 | I6: 4 | J6: 300
A7: 5 | B7: 1113121 | C7: เปี๊ยะไส้ถั่ว | D7: 120 | F7: 5 | I7: 5
A8: 6 | B8: 1113123 | C8: เปี๊ยะไส้เผือก | D8: 120 | E8: 4 | I8: 4
A9: 7 | B9: 1113122 | C9: เปี๊ยะไส้ฟัก | D9: 120 | E9: 5 | I9: 5
A10: 8 | B10: 1004055 | C10: ชิฟฟ่อนรวมรส 4 ชิ้น | D10: 55 | E10: 17 | H10: 2 | I10: 15 | J10: 110
A11: 9 | B11: 1111002 | C11: ชิฟฟ่อนรวมรส 8 ชิ้น | D11: 100 | E11: 14 | I11: 14
A12: 10 | B12: 1111056 | C12: ชิฟฟ่อนยอดฮิต | D12: 100 | E12: 4 | F12: 15 | I12: 19
A13: 11 | B13: 1111009 | C13: ชิฟฟ่อนสอดไส้รวมรส 6 ชิ้น | D13: 100 | E13: 12 | F13: 10 | H13: 4 | I13: 18 | J13: 400
A14: 12 | B14: 1112009 | C14: เบาหวิวมะพร้าวน้ำหอม 110 กรัม | D14: 50 | E14: 7 | H14: 1 | I14: 6 | J14: 50
A15: 13 | B15: 1112010 | C15: เบาหวิวฝอยทอง 300 กรัม | D15: 120 | E15: 13 | H15: 2 | I15: 11 | J15: 240
A16: 14 | B16: 1112011 | C16: เบาหวิวฝอยทอง 110 กรัม | D16: 50 | F16: 10 | I16: 10
A17: 15 | B17: 1111017 | C17: ชิฟฟ่อนสอดไส้แยมบลูเบอร์รี่ 3 ชิ้น | D17: 55
A18: 16 | B18: 1111012 | C18: ชิฟฟ่อนสอดไส้นมชมพูฮอกไกโด 6 ชิ้น | D18: 100
A19: 17 | B19: 1112012 | C19: เบาหวิวเผือกมะพร้าว 300 กรัม | D19: 120
A20: 18 | B20: 1112013 | C20: เบาหวิวเผือกมะพร้าว 110 กรัม | D20: 50 | E20: 2 | F20: 10 | H20: 1 | I20: 11 | J20: 50
A21: 19 | B21: 1113131 | C21: เปี๊ยะโมจิฟัก 350 กรัม | D21: 120
A22: 20 | B22: 1113135 | C22: เปี๊ยะโมจิฟัก 700 กรัม | D22: 185
A23: 21 | B23: 1112017 | C23: เบาหวิวตาลหอม 110 กรัม | D23: 50 | E23: 7 | I23: 7
A24: 22 | B24: 1112015 | C24: เบาหวิวกล้วยหอมมะพร้าวเผา 110 กรัม | D24: 50 | E24: 9 | I24: 9
A25: 23 | B25: 1112005 | C25: เบาหวิวเนยสด 110 กรัม | D25: 50
A26: 24 | C26: เบาหวิวทุเรียน 110 กรัม | D26: 50
A27: 25 | B27: 1112003 | C27: เบาหวิวกาแฟ 110 กรัม | D27: 50
A28: 26 | C28: รถลาน | D28: 45 | E28: 38 | I28: 38
A29: 27 | C29: หัวรถไฟโทมัส | D29: 150 | E29: 10 | I29: 10
A30: 28 | C30: ปืน | D30: 150 | E30: 1 | I30: 1
A31: 29 | C31: โมเดลฮีโร่ | D31: 250
A32: 30 | C32: กระดานวาดเขียน | D32: 250
A33: 31 | C33: เป็ดแม่ | D33: 250
A34: 32 | C34: เป็ดลูก | D34: 150 | E34: 2 | I34: 2
A35: 33 | C35: ตัวบีบ | D35: 60 | E35: 14 | I35: 14
A36: 34 | C36: ลานม้า | D36: 100
A37: 35 | C37: กระดานวาดเขียน(ใหม่) | D37: 200
A38: 36 | C38: ตุ๊กตา | D38: 150
A39: 37 | C39: ตุ๊กตานางฟ้าเต้น | D39: 400 | E39: 1 | I39: 1
A40: 38 | C40: สลาม | D40: 100 | E40: 26 | I40: 26
A41: 39 | C41: โฟนโฟน | D41: 300 | E41: 1 | I41: 1
A42: 40 | C42: กดหัวลาน | D42: 180 | E42: 12 | I42: 12
A43: 41 | C43: รถแม็คโคร | D43: 200 | E43: 10 | I43: 10
A44: 42 | C44: ดินเบา | D44: 100
A45: 43 | C45: รถตัก | D45: 150
A46: 44 | C46: ชุดแต่งหน้าเด็ก | D46: 500 | E46: 1 | I46: 1
A47: 45 | C47: ไดโนเสาร์ | D47: 100 | E47: 8 | I47: 8
A48: 46 | C48: เป็ดฟองอากาศ | D48: 450
A49: 47 | C49: ปลาโลมา | D49: 400
A50: 48 | C50: ชิฟฟ่อนสอดไส้บลูเบอร์รี่ 3 ชิ้น | D50: 50
A51: 49 | C51: ชิฟฟ่อนสอดไส้สตรอเบอร์รี่ 3 ชิ้น | D51: 50
A52: 50 | C52: ชิฟฟ่อนสอดไส้นมฮอกไกโด 3 ชิ้น | D52: 50
A53: 51 | C53: สกุชี่ซาลาเปา | D53: 100 | E53: 7 | I53: 7
A54: 52 | C54: คฑามีไฟ | D54: 200 | E54: 13 | I54: 13
A55: 53 | C55: โมชิโมชิ | D55: 80 | E55: 1 | I55: 1
A56: 54 | C56: หมูบีบ | D56: 80 | E56: 9 | I56: 9
A57: 55 | C57: รถถังช้างมีไฟ | D57: 200 | E57: 10 | I57: 10
J58: =SUM(J3:J57) -> 1150
I60: โอน | K60: =SUM(J60:J60) -> 0
I61: สด | J61: 1150 | K61: =SUM(J61:J61) -> 1150
K62: =SUM(K60:K61) -> 1150

Sheet 25
A1: ใบสต๊อกบูธ 10323 วัดใหม่สุปดิษฐาราม
A2: ลำดับ | B2: รหัส | C2: รายการสินค้า | D2: ราคา | E2: ยอดยกมา | F2: รับเข้า | G2: ส่งคืน | H2: ขายออก | I2: คงเหลือ | J2: ยอดเงิน | K2: หมายเหตุ
A3: 1 | B3: 1005982 | C3: ปังเนยนิ่ม 3 ชิ้น | D3: 55 | E3: 3 | I3: 3
A4: 2 | B4: 1200001 | C4: คอนเฟลกกระปุก | D4: 60 | E4: 16 | I4: 16
A5: 3 | B5: 1100003 | C5: เมอแรงค์กระปุก | D5: 55 | E5: 8 | I5: 8
A6: 4 | B6: 1200003 | C6: ท๊อฟฟี่กระเช้า | D6: 100 | E6: 4 | I6: 4
A7: 5 | B7: 1113121 | C7: เปี๊ยะไส้ถั่ว | D7: 120 | E7: 5 | I7: 5
A8: 6 | B8: 1113123 | C8: เปี๊ยะไส้เผือก | D8: 120 | E8: 4 | I8: 4
A9: 7 | B9: 1113122 | C9: เปี๊ยะไส้ฟัก | D9: 120 | E9: 5 | I9: 5
A10: 8 | B10: 1004055 | C10: ชิฟฟ่อนรวมรส 4 ชิ้น | D10: 55 | E10: 15 | I10: 15
A11: 9 | B11: 1111002 | C11: ชิฟฟ่อนรวมรส 8 ชิ้น | D11: 100 | E11: 14 | I11: 14
A12: 10 | B12: 1111056 | C12: ชิฟฟ่อนยอดฮิต | D12: 100 | E12: 19 | I12: 19
A13: 11 | B13: 1111009 | C13: ชิฟฟ่อนสอดไส้รวมรส 6 ชิ้น | D13: 100 | E13: 18 | I13: 18
A14: 12 | B14: 1112009 | C14: เบาหวิวมะพร้าวน้ำหอม 110 กรัม | D14: 50 | E14: 6 | H14: 2 | I14: 4 | J14: 100
A15: 13 | B15: 1112010 | C15: เบาหวิวฝอยทอง 300 กรัม | D15: 120 | E15: 11 | I15: 11
A16: 14 | B16: 1112011 | C16: เบาหวิวฝอยทอง 110 กรัม | D16: 50 | E16: 10 | I16: 10
A17: 15 | B17: 1111017 | C17: ชิฟฟ่อนสอดไส้แยมบลูเบอร์รี่ 3 ชิ้น | D17: 55
A18: 16 | B18: 1111012 | C18: ชิฟฟ่อนสอดไส้นมชมพูฮอกไกโด 6 ชิ้น | D18: 100
A19: 17 | B19: 1112012 | C19: เบาหวิวเผือกมะพร้าว 300 กรัม | D19: 120
A20: 18 | B20: 1112013 | C20: เบาหวิวเผือกมะพร้าว 110 กรัม | D20: 50 | E20: 11 | I20: 11
A21: 19 | B21: 1113131 | C21: เปี๊ยะโมจิฟัก 350 กรัม | D21: 120
A22: 20 | B22: 1113135 | C22: เปี๊ยะโมจิฟัก 700 กรัม | D22: 185
A23: 21 | B23: 1112017 | C23: เบาหวิวตาลหอม 110 กรัม | D23: 50 | E23: 7 | I23: 7
A24: 22 | B24: 1112015 | C24: เบาหวิวกล้วยหอมมะพร้าวเผา 110 กรัม | D24: 50 | E24: 9 | I24: 9
A25: 23 | B25: 1112005 | C25: เบาหวิวเนยสด 110 กรัม | D25: 50
A26: 24 | C26: เบาหวิวทุเรียน 110 กรัม | D26: 50
A27: 25 | B27: 1112003 | C27: เบาหวิวกาแฟ 110 กรัม | D27: 50
A28: 26 | C28: รถลาน | D28: 45 | E28: 38 | I28: 38
A29: 27 | C29: หัวรถไฟโทมัส | D29: 150 | E29: 10 | I29: 10
A30: 28 | C30: ปืน | D30: 150 | E30: 1 | I30: 1
A31: 29 | C31: โมเดลฮีโร่ | D31: 250
A32: 30 | C32: กระดานวาดเขียน | D32: 250
A33: 31 | C33: เป็ดแม่ | D33: 250
A34: 32 | C34: เป็ดลูก | D34: 150 | E34: 2 | I34: 2
A35: 33 | C35: ตัวบีบ | D35: 60 | E35: 14 | I35: 14
A36: 34 | C36: ลานม้า | D36: 100
A37: 35 | C37: กระดานวาดเขียน(ใหม่) | D37: 200
A38: 36 | C38: ตุ๊กตา | D38: 150
A39: 37 | C39: ตุ๊กตานางฟ้าเต้น | D39: 400 | E39: 1 | I39: 1
A40: 38 | C40: สลาม | D40: 100 | E40: 26 | I40: 26
A41: 39 | C41: โฟนโฟน | D41: 300 | E41: 1 | I41: 1
A42: 40 | C42: กดหัวลาน | D42: 180 | E42: 12 | I42: 12
A43: 41 | C43: รถแม็คโคร | D43: 200 | E43: 10 | I43: 10
A44: 42 | C44: ดินเบา | D44: 100
A45: 43 | C45: รถตัก | D45: 150
A46: 44 | C46: ชุดแต่งหน้าเด็ก | D46: 500 | E46: 1 | I46: 1
A47: 45 | C47: ไดโนเสาร์ | D47: 100 | E47: 8 | I47: 8
A48: 46 | C48: เป็ดฟองอากาศ | D48: 450
A49: 47 | C49: ปลาโลมา | D49: 400
A50: 48 | C50: ชิฟฟ่อนสอดไส้บลูเบอร์รี่ 3 ชิ้น | D50: 50
A51: 49 | C51: ชิฟฟ่อนสอดไส้สตรอเบอร์รี่ 3 ชิ้น | D51: 50
A52: 50 | C52: ชิฟฟ่อนสอดไส้นมฮอกไกโด 3 ชิ้น | D52: 50
A53: 51 | C53: สกุชี่ซาลาเปา | D53: 100 | E53: 7 | I53: 7
A54: 52 | C54: คฑามีไฟ | D54: 200 | E54: 13 | I54: 13
A55: 53 | C55: โมชิโมชิ | D55: 80 | E55: 1 | I55: 1
A56: 54 | C56: หมูบีบ | D56: 80 | E56: 9 | I56: 9
A57: 55 | C57: รถถังช้างมีไฟ | D57: 200 | E57: 10 | I57: 10
J58: =SUM(J3:J57) -> 100
I60: โอน | K60: =SUM(J60:J60) -> 0
I61: สด | J61: 100 | K61: =SUM(J61:J61) -> 100
K62: =SUM(K60:K61) -> 100

Sheet 26
A1: ใบสต๊อกบูธ 10323 วัดใหม่สุปดิษฐาราม
A2: ลำดับ | B2: รหัส | C2: รายการสินค้า | D2: ราคา | E2: ยอดยกมา | F2: รับเข้า | G2: ส่งคืน | H2: ขายออก | I2: คงเหลือ | J2: ยอดเงิน | K2: หมายเหตุ
A3: 1 | B3: 1005982 | C3: ปังเนยนิ่ม 3 ชิ้น | D3: 55 | E3: 3 | I3: 3
A4: 2 | B4: 1200001 | C4: คอนเฟลกกระปุก | D4: 60 | E4: 16 | I4: 16
A5: 3 | B5: 1100003 | C5: เมอแรงค์กระปุก | D5: 55 | E5: 8 | I5: 8
A6: 4 | B6: 1200003 | C6: ท๊อฟฟี่กระเช้า | D6: 100 | E6: 4 | H6: 3 | I6: 1 | J6: 300
A7: 5 | B7: 1113121 | C7: เปี๊ยะไส้ถั่ว | D7: 120 | E7: 5 | I7: 5
A8: 6 | B8: 1113123 | C8: เปี๊ยะไส้เผือก | D8: 120 | E8: 4 | I8: 4
A9: 7 | B9: 1113122 | C9: เปี๊ยะไส้ฟัก | D9: 120 | E9: 5 | I9: 5
A10: 8 | B10: 1004055 | C10: ชิฟฟ่อนรวมรส 4 ชิ้น | D10: 55 | E10: 15 | I10: 15
A11: 9 | B11: 1111002 | C11: ชิฟฟ่อนรวมรส 8 ชิ้น | D11: 100 | E11: 14 | H11: 1 | I11: 13 | J11: 100
A12: 10 | B12: 1111056 | C12: ชิฟฟ่อนยอดฮิต | D12: 100 | E12: 19 | H12: 1 | I12: 18 | J12: 100
A13: 11 | B13: 1111009 | C13: ชิฟฟ่อนสอดไส้รวมรส 6 ชิ้น | D13: 100 | E13: 18 | H13: 6 | I13: 12 | J13: 600
A14: 12 | B14: 1112009 | C14: เบาหวิวมะพร้าวน้ำหอม 110 กรัม | D14: 50 | E14: 4 | H14: 1 | I14: 3 | J14: 50
A15: 13 | B15: 1112010 | C15: เบาหวิวฝอยทอง 300 กรัม | D15: 120 | E15: 11 | I15: 11
A16: 14 | B16: 1112011 | C16: เบาหวิวฝอยทอง 110 กรัม | D16: 50 | E16: 10 | H16: 2 | I16: 8 | J16: 100
A17: 15 | B17: 1111017 | C17: ชิฟฟ่อนสอดไส้แยมบลูเบอร์รี่ 3 ชิ้น | D17: 55
A18: 16 | B18: 1111012 | C18: ชิฟฟ่อนสอดไส้นมชมพูฮอกไกโด 6 ชิ้น | D18: 100
A19: 17 | B19: 1112012 | C19: เบาหวิวเผือกมะพร้าว 300 กรัม | D19: 120
A20: 18 | B20: 1112013 | C20: เบาหวิวเผือกมะพร้าว 110 กรัม | D20: 50 | E20: 11 | G20: 1 | H20: 2 | I20: 8 | J20: 100
A21: 19 | B21: 1113131 | C21: เปี๊ยะโมจิฟัก 350 กรัม | D21: 120
A22: 20 | B22: 1113135 | C22: เปี๊ยะโมจิฟัก 700 กรัม | D22: 185
A23: 21 | B23: 1112017 | C23: เบาหวิวตาลหอม 110 กรัม | D23: 50 | E23: 7 | G23: 1 | H23: 1 | I23: 5 | J23: 50
A24: 22 | B24: 1112015 | C24: เบาหวิวกล้วยหอมมะพร้าวเผา 110 กรัม | D24: 50 | E24: 9 | H24: 3 | I24: 6 | J24: 100 | K24: แถม1กล่อง
A25: 23 | B25: 1112005 | C25: เบาหวิวเนยสด 110 กรัม | D25: 50
A26: 24 | C26: เบาหวิวทุเรียน 110 กรัม | D26: 50
A27: 25 | B27: 1112003 | C27: เบาหวิวกาแฟ 110 กรัม | D27: 50
A28: 26 | C28: รถลาน | D28: 45 | E28: 38 | H28: 1 | I28: 37 | J28: 45
A29: 27 | C29: หัวรถไฟโทมัส | D29: 150 | E29: 10 | I29: 10
A30: 28 | C30: ปืน | D30: 150 | E30: 1 | I30: 1
A31: 29 | C31: โมเดลฮีโร่ | D31: 250
A32: 30 | C32: กระดานวาดเขียน | D32: 250
A33: 31 | C33: เป็ดแม่ | D33: 250
A34: 32 | C34: เป็ดลูก | D34: 150 | E34: 2 | I34: 2
A35: 33 | C35: ตัวบีบ | D35: 60 | E35: 14 | I35: 14
A36: 34 | C36: ลานม้า | D36: 100
A37: 35 | C37: กระดานวาดเขียน(ใหม่) | D37: 200
A38: 36 | C38: ตุ๊กตา | D38: 150
A39: 37 | C39: ตุ๊กตานางฟ้าเต้น | D39: 400 | E39: 1 | I39: 1
A40: 38 | C40: สลาม | D40: 100 | E40: 26 | I40: 26
A41: 39 | C41: โฟนโฟน | D41: 300 | E41: 1 | I41: 1
A42: 40 | C42: กดหัวลาน | D42: 180 | E42: 12 | I42: 12
A43: 41 | C43: รถแม็คโคร | D43: 200 | E43: 10 | I43: 10
A44: 42 | C44: ดินเบา | D44: 100
A45: 43 | C45: รถตัก | D45: 150
A46: 44 | C46: ชุดแต่งหน้าเด็ก | D46: 500 | E46: 1 | I46: 1
A47: 45 | C47: ไดโนเสาร์ | D47: 100 | E47: 8 | I47: 8
A48: 46 | C48: เป็ดฟองอากาศ | D48: 450
A49: 47 | C49: ปลาโลมา | D49: 400
A50: 48 | C50: ชิฟฟ่อนสอดไส้บลูเบอร์รี่ 3 ชิ้น | D50: 50
A51: 49 | C51: ชิฟฟ่อนสอดไส้สตรอเบอร์รี่ 3 ชิ้น | D51: 50
A52: 50 | C52: ชิฟฟ่อนสอดไส้นมฮอกไกโด 3 ชิ้น | D52: 50
A53: 51 | C53: สกุชี่ซาลาเปา | D53: 100 | E53: 7 | H53: 1 | I53: 6 | J53: 100
A54: 52 | C54: คฑามีไฟ | D54: 200 | E54: 13 | I54: 13
A55: 53 | C55: โมชิโมชิ | D55: 80 | E55: 1 | I55: 1
A56: 54 | C56: หมูบีบ | D56: 80 | E56: 9 | I56: 9
A57: 55 | C57: รถถังช้างมีไฟ | D57: 200 | E57: 10 | I57: 10
J58: =SUM(J3:J57) -> 1645
I60: โอน | J60: 245 | K60: =SUM(J60:J60) -> 245
I61: สด | J61: 1400 | K61: =SUM(J61:J61) -> 1400
K62: =SUM(K60:K61) -> 1645

Sheet 27
A1: ใบสต๊อกบูธ 10323 วัดใหม่สุปดิษฐาราม
A2: ลำดับ | B2: รหัส | C2: รายการสินค้า | D2: ราคา | E2: ยอดยกมา | F2: รับเข้า | G2: ส่งคืน | H2: ขายออก | I2: คงเหลือ | J2: ยอดเงิน | K2: หมายเหตุ
A3: 1 | B3: 1005982 | C3: ปังเนยนิ่ม 3 ชิ้น | D3: 55 | E3: 3 | I3: 3
A4: 2 | B4: 1200001 | C4: คอนเฟลกกระปุก | D4: 60 | E4: 16 | I4: 16
A5: 3 | B5: 1100003 | C5: เมอแรงค์กระปุก | D5: 55 | E5: 8 | I5: 8
A6: 4 | B6: 1200003 | C6: ท๊อฟฟี่กระเช้า | D6: 100 | E6: 1 | H6: 1 | J6: 100
A7: 5 | B7: 1113121 | C7: เปี๊ยะไส้ถั่ว | D7: 120 | E7: 5 | I7: 5
A8: 6 | B8: 1113123 | C8: เปี๊ยะไส้เผือก | D8: 120 | E8: 4 | H8: 1 | I8: 3 | J8: 120
A9: 7 | B9: 1113122 | C9: เปี๊ยะไส้ฟัก | D9: 120 | E9: 5 | I9: 5
A10: 8 | B10: 1004055 | C10: ชิฟฟ่อนรวมรส 4 ชิ้น | D10: 55 | E10: 15 | I10: 15
A11: 9 | B11: 1111002 | C11: ชิฟฟ่อนรวมรส 8 ชิ้น | D11: 100 | E11: 13 | H11: 2 | I11: 11 | J11: 200
A12: 10 | B12: 1111056 | C12: ชิฟฟ่อนยอดฮิต | D12: 100 | E12: 18 | H12: 2 | I12: 16 | J12: 100 | K12: ลด50%
A13: 11 | B13: 1111009 | C13: ชิฟฟ่อนสอดไส้รวมรส 6 ชิ้น | D13: 100 | E13: 12 | I13: 12
A14: 12 | B14: 1112009 | C14: เบาหวิวมะพร้าวน้ำหอม 110 กรัม | D14: 50 | E14: 3 | I14: 3
A15: 13 | B15: 1112010 | C15: เบาหวิวฝอยทอง 300 กรัม | D15: 120 | E15: 11 | I15: 11
A16: 14 | B16: 1112011 | C16: เบาหวิวฝอยทอง 110 กรัม | D16: 50 | E16: 8 | H16: 2 | I16: 6 | J16: 100
A17: 15 | B17: 1111017 | C17: ชิฟฟ่อนสอดไส้แยมบลูเบอร์รี่ 3 ชิ้น | D17: 55
A18: 16 | B18: 1111012 | C18: ชิฟฟ่อนสอดไส้นมชมพูฮอกไกโด 6 ชิ้น | D18: 100
A19: 17 | B19: 1112012 | C19: เบาหวิวเผือกมะพร้าว 300 กรัม | D19: 120
A20: 18 | B20: 1112013 | C20: เบาหวิวเผือกมะพร้าว 110 กรัม | D20: 50 | E20: 8 | I20: 8
A21: 19 | B21: 1113131 | C21: เปี๊ยะโมจิฟัก 350 กรัม | D21: 120
A22: 20 | B22: 1113135 | C22: เปี๊ยะโมจิฟัก 700 กรัม | D22: 185
A23: 21 | B23: 1112017 | C23: เบาหวิวตาลหอม 110 กรัม | D23: 50 | E23: 5 | H23: 1 | I23: 4 | J23: 50
A24: 22 | B24: 1112015 | C24: เบาหวิวกล้วยหอมมะพร้าวเผา 110 กรัม | D24: 50 | E24: 6 | I24: 6
A25: 23 | B25: 1112005 | C25: เบาหวิวเนยสด 110 กรัม | D25: 50
A26: 24 | C26: เบาหวิวทุเรียน 110 กรัม | D26: 50
A27: 25 | B27: 1112003 | C27: เบาหวิวกาแฟ 110 กรัม | D27: 50
A28: 26 | C28: รถลาน | D28: 45 | E28: 37 | I28: 37
A29: 27 | C29: หัวรถไฟโทมัส | D29: 200 | E29: 10 | H29: 1 | I29: 9 | J29: 200
A30: 28 | C30: ปืน | D30: 150 | E30: 1 | I30: 1
A31: 29 | C31: โมเดลฮีโร่ | D31: 250
A32: 30 | C32: กระดานวาดเขียน | D32: 250
A33: 31 | C33: เป็ดแม่ | D33: 250
A34: 32 | C34: เป็ดลูก | D34: 150 | E34: 2 | I34: 2
A35: 33 | C35: ตัวบีบ | D35: 60 | E35: 14 | H35: 2 | I35: 12 | J35: 120
A36: 34 | C36: ลานม้า | D36: 100
A37: 35 | C37: กระดานวาดเขียน(ใหม่) | D37: 200
A38: 36 | C38: ตุ๊กตา | D38: 150
A39: 37 | C39: ตุ๊กตานางฟ้าเต้น | D39: 400 | E39: 1 | I39: 1
A40: 38 | C40: สลาม | D40: 100 | E40: 26 | I40: 26
A41: 39 | C41: โฟนโฟน | D41: 300 | E41: 1 | I41: 1
A42: 40 | C42: กดหัวลาน | D42: 180 | E42: 12 | H42: 2 | I42: 10 | J42: 360
A43: 41 | C43: รถแม็คโคร | D43: 200 | E43: 10 | I43: 10
A44: 42 | C44: ดินเบา | D44: 100
A45: 43 | C45: รถตัก | D45: 150
A46: 44 | C46: ชุดแต่งหน้าเด็ก | D46: 500 | E46: 1 | I46: 1
A47: 45 | C47: ไดโนเสาร์ | D47: 100 | E47: 8 | I47: 8
A48: 46 | C48: เป็ดฟองอากาศ | D48: 450
A49: 47 | C49: ปลาโลมา | D49: 400
A50: 48 | C50: ชิฟฟ่อนสอดไส้บลูเบอร์รี่ 3 ชิ้น | D50: 50
A51: 49 | C51: ชิฟฟ่อนสอดไส้สตรอเบอร์รี่ 3 ชิ้น | D51: 50
A52: 50 | C52: ชิฟฟ่อนสอดไส้นมฮอกไกโด 3 ชิ้น | D52: 50
A53: 51 | C53: สกุชี่ซาลาเปา | D53: 100 | E53: 6 | H53: 2 | I53: 4 | J53: 200
A54: 52 | C54: คฑามีไฟ | D54: 200 | E54: 13 | I54: 13
A55: 53 | C55: โมชิโมชิ | D55: 80 | E55: 1 | I55: 1
A56: 54 | C56: หมูบีบ | D56: 80 | E56: 9 | I56: 9
A57: 55 | C57: รถถังช้างมีไฟ | D57: 200 | E57: 10 | I57: 10
J58: =SUM(J3:J57) -> 1550
I60: โอน | J60: 200 | K60: =SUM(J60:J60) -> 200
I61: สด | J61: 1350 | K61: =SUM(J61:J61) -> 1350
K62: =SUM(K60:K61) -> 1550

Sheet 28
A1: ใบสต๊อกบูธ 10323 วัดใหม่สุปดิษฐาราม
A2: ลำดับ | B2: รหัส | C2: รายการสินค้า | D2: ราคา | E2: ยอดยกมา | F2: รับเข้า | G2: ส่งคืน | H2: ขายออก | I2: คงเหลือ | J2: ยอดเงิน | K2: หมายเหตุ
A3: 1 | B3: 1005982 | C3: ปังเนยนิ่ม 3 ชิ้น | D3: 55 | E3: 3 | H3: 1 | I3: 2 | J3: 55
A4: 2 | B4: 1200001 | C4: คอนเฟลกกระปุก | D4: 60 | E4: 16 | H4: 1 | I4: 15 | J4: 60
A5: 3 | B5: 1100003 | C5: เมอแรงค์กระปุก | D5: 55 | E5: 8 | H5: 1 | I5: 7 | J5: 55
A6: 4 | B6: 1200003 | C6: ท๊อฟฟี่กระเช้า | D6: 100
A7: 5 | B7: 1113121 | C7: เปี๊ยะไส้ถั่ว | D7: 120 | E7: 5 | H7: 1 | I7: 4 | J7: 120
A8: 6 | B8: 1113123 | C8: เปี๊ยะไส้เผือก | D8: 120 | E8: 3 | I8: 3
A9: 7 | B9: 1113122 | C9: เปี๊ยะไส้ฟัก | D9: 120 | E9: 5 | H9: 1 | I9: 4 | J9: 120
A10: 8 | B10: 1004055 | C10: ชิฟฟ่อนรวมรส 4 ชิ้น | D10: 55 | E10: 15 | H10: 10 | I10: 5 | J10: 420
A11: 9 | B11: 1111002 | C11: ชิฟฟ่อนรวมรส 8 ชิ้น | D11: 100 | E11: 11 | I11: 11
A12: 10 | B12: 1111056 | C12: ชิฟฟ่อนยอดฮิต | D12: 100 | E12: 16 | H12: 10 | I12: 6 | J12: 1000
A13: 11 | B13: 1111009 | C13: ชิฟฟ่อนสอดไส้รวมรส 6 ชิ้น | D13: 100 | E13: 12 | H13: 5 | I13: 7 | J13: 500
A14: 12 | B14: 1112009 | C14: เบาหวิวมะพร้าวน้ำหอม 110 กรัม | D14: 50 | E14: 3 | H14: 3 | J14: 150
A15: 13 | B15: 1112010 | C15: เบาหวิวฝอยทอง 300 กรัม | D15: 120 | E15: 11 | I15: 11
A16: 14 | B16: 1112011 | C16: เบาหวิวฝอยทอง 110 กรัม | D16: 50 | E16: 6 | H16: 3 | I16: 3 | J16: 150
A17: 15 | B17: 1111017 | C17: ชิฟฟ่อนสอดไส้แยมบลูเบอร์รี่ 3 ชิ้น | D17: 55
A18: 16 | B18: 1111012 | C18: ชิฟฟ่อนสอดไส้นมชมพูฮอกไกโด 6 ชิ้น | D18: 100
A19: 17 | B19: 1112012 | C19: เบาหวิวเผือกมะพร้าว 300 กรัม | D19: 120
A20: 18 | B20: 1112013 | C20: เบาหวิวเผือกมะพร้าว 110 กรัม | D20: 50 | E20: 8 | H20: 2 | I20: 6 | J20: 100
A21: 19 | B21: 1113131 | C21: เปี๊ยะโมจิฟัก 350 กรัม | D21: 120
A22: 20 | B22: 1113135 | C22: เปี๊ยะโมจิฟัก 700 กรัม | D22: 185
A23: 21 | B23: 1112017 | C23: เบาหวิวตาลหอม 110 กรัม | D23: 50 | E23: 4 | H23: 3 | I23: 1 | J23: 150
A24: 22 | B24: 1112015 | C24: เบาหวิวกล้วยหอมมะพร้าวเผา 110 กรัม | D24: 50 | E24: 6 | H24: 3 | I24: 3 | J24: 150
A25: 23 | B25: 1112005 | C25: เบาหวิวเนยสด 110 กรัม | D25: 50
A26: 24 | C26: เบาหวิวทุเรียน 110 กรัม | D26: 50
A27: 25 | B27: 1112003 | C27: เบาหวิวกาแฟ 110 กรัม | D27: 50
A28: 26 | C28: รถลาน | D28: 45 | E28: 37 | I28: 37
A29: 27 | C29: หัวรถไฟโทมัส | D29: 200 | E29: 9 | I29: 9
A30: 28 | C30: ปืน | D30: 150 | E30: 1 | I30: 1
A31: 29 | C31: โมเดลฮีโร่ | D31: 250
A32: 30 | C32: กระดานวาดเขียน | D32: 250
A33: 31 | C33: เป็ดแม่ | D33: 250
A34: 32 | C34: เป็ดลูก | D34: 150 | E34: 2 | I34: 2
A35: 33 | C35: ตัวบีบ | D35: 60 | E35: 12 | H35: 2 | I35: 10 | J35: 120
A36: 34 | C36: ลานม้า | D36: 100
A37: 35 | C37: กระดานวาดเขียน(ใหม่) | D37: 200
A38: 36 | C38: ตุ๊กตา | D38: 150
A39: 37 | C39: ตุ๊กตานางฟ้าเต้น | D39: 400 | E39: 1 | I39: 1
A40: 38 | C40: สลาม | D40: 100 | E40: 26 | H40: 2 | I40: 24 | J40: 200
A41: 39 | C41: โฟนโฟน | D41: 300 | E41: 1 | I41: 1
A42: 40 | C42: กดหัวลาน | D42: 180 | E42: 10 | I42: 10
A43: 41 | C43: รถแม็คโคร | D43: 200 | E43: 10 | I43: 10
A44: 42 | C44: ดินเบา | D44: 100
A45: 43 | C45: รถตัก | D45: 150
A46: 44 | C46: ชุดแต่งหน้าเด็ก | D46: 500 | E46: 1 | I46: 1
A47: 45 | C47: ไดโนเสาร์ | D47: 100 | E47: 8 | I47: 8
A48: 46 | C48: เป็ดฟองอากาศ | D48: 450
A49: 47 | C49: ปลาโลมา | D49: 400
A50: 48 | C50: ชิฟฟ่อนสอดไส้บลูเบอร์รี่ 3 ชิ้น | D50: 50
A51: 49 | C51: ชิฟฟ่อนสอดไส้สตรอเบอร์รี่ 3 ชิ้น | D51: 50
A52: 50 | C52: ชิฟฟ่อนสอดไส้นมฮอกไกโด 3 ชิ้น | D52: 50
A53: 51 | C53: สกุชี่ซาลาเปา | D53: 100 | E53: 4 | H53: 1 | I53: 3 | J53: 100
A54: 52 | C54: คฑามีไฟ | D54: 200 | E54: 13 | I54: 13
A55: 53 | C55: โมชิโมชิ | D55: 80 | E55: 1 | I55: 1
A56: 54 | C56: หมูบีบ | D56: 80 | E56: 9 | I56: 9
A57: 55 | C57: รถถังช้างมีไฟ | D57: 200 | E57: 10 | I57: 10
J58: =SUM(J3:J57) -> 3450
I60: โอน | J60: 655 | K60: =SUM(J60:J60) -> 655
I61: สด | J61: 2795 | K61: =SUM(J61:J61) -> 2795
K62: =SUM(K60:K61) -> 3450

Sheet 29
A1: ใบสต๊อกบูธ 10323 วัดใหม่สุปดิษฐาราม
A2: ลำดับ | B2: รหัส | C2: รายการสินค้า | D2: ราคา | E2: ยอดยกมา | F2: รับเข้า | G2: ส่งคืน | H2: ขายออก | I2: คงเหลือ | J2: ยอดเงิน | K2: หมายเหตุ
A3: 1 | B3: 1005982 | C3: ปังเนยนิ่ม 3 ชิ้น | D3: 55 | E3: 2 | I3: 2
A4: 2 | B4: 1200001 | C4: คอนเฟลกกระปุก | D4: 60 | E4: 15 | H4: 1 | I4: 14 | J4: 60
A5: 3 | B5: 1100003 | C5: เมอแรงค์กระปุก | D5: 55 | E5: 7 | I5: 7
A6: 4 | B6: 1200003 | C6: ท๊อฟฟี่กระเช้า | D6: 100
A7: 5 | B7: 1113121 | C7: เปี๊ยะไส้ถั่ว | D7: 120 | E7: 4 | I7: 4
A8: 6 | B8: 1113123 | C8: เปี๊ยะไส้เผือก | D8: 120 | E8: 3 | I8: 3
A9: 7 | B9: 1113122 | C9: เปี๊ยะไส้ฟัก | D9: 120 | E9: 4 | I9: 4
A10: 8 | B10: 1004055 | C10: ชิฟฟ่อนรวมรส 4 ชิ้น | D10: 55 | E10: 5 | I10: 5
A11: 9 | B11: 1111002 | C11: ชิฟฟ่อนรวมรส 8 ชิ้น | D11: 100 | E11: 11 | I11: 11
A12: 10 | B12: 1111056 | C12: ชิฟฟ่อนยอดฮิต | D12: 100 | E12: 6 | I12: 6
A13: 11 | B13: 1111009 | C13: ชิฟฟ่อนสอดไส้รวมรส 6 ชิ้น | D13: 100 | E13: 7 | H13: 2 | I13: 5 | J13: 200
A14: 12 | B14: 1112009 | C14: เบาหวิวมะพร้าวน้ำหอม 110 กรัม | D14: 50
A15: 13 | B15: 1112010 | C15: เบาหวิวฝอยทอง 300 กรัม | D15: 120 | E15: 11 | I15: 11
A16: 14 | B16: 1112011 | C16: เบาหวิวฝอยทอง 110 กรัม | D16: 50 | E16: 3 | I16: 3
A17: 15 | B17: 1111017 | C17: ชิฟฟ่อนสอดไส้แยมบลูเบอร์รี่ 3 ชิ้น | D17: 55
A18: 16 | B18: 1111012 | C18: ชิฟฟ่อนสอดไส้นมชมพูฮอกไกโด 6 ชิ้น | D18: 100
A19: 17 | B19: 1112012 | C19: เบาหวิวเผือกมะพร้าว 300 กรัม | D19: 120
A20: 18 | B20: 1112013 | C20: เบาหวิวเผือกมะพร้าว 110 กรัม | D20: 50 | E20: 6 | I20: 6
A21: 19 | B21: 1113131 | C21: เปี๊ยะโมจิฟัก 350 กรัม | D21: 120
A22: 20 | B22: 1113135 | C22: เปี๊ยะโมจิฟัก 700 กรัม | D22: 185
A23: 21 | B23: 1112017 | C23: เบาหวิวตาลหอม 110 กรัม | D23: 50 | E23: 1 | I23: 1
A24: 22 | B24: 1112015 | C24: เบาหวิวกล้วยหอมมะพร้าวเผา 110 กรัม | D24: 50 | E24: 3 | I24: 3
A25: 23 | B25: 1112005 | C25: เบาหวิวเนยสด 110 กรัม | D25: 50
A26: 24 | C26: เบาหวิวทุเรียน 110 กรัม | D26: 50
A27: 25 | B27: 1112003 | C27: เบาหวิวกาแฟ 110 กรัม | D27: 50
A28: 26 | C28: รถลาน | D28: 45 | E28: 37 | I28: 37
A29: 27 | C29: หัวรถไฟโทมัส | D29: 200 | E29: 9 | I29: 9
A30: 28 | C30: ปืน | D30: 150 | E30: 1 | I30: 1
A31: 29 | C31: โมเดลฮีโร่ | D31: 250
A32: 30 | C32: กระดานวาดเขียน | D32: 250
A33: 31 | C33: เป็ดแม่ | D33: 250
A34: 32 | C34: เป็ดลูก | D34: 150 | E34: 2 | I34: 2
A35: 33 | C35: ตัวบีบ | D35: 60 | E35: 10 | H35: 1 | I35: 9 | J35: 60
A36: 34 | C36: ลานม้า | D36: 100
A37: 35 | C37: กระดานวาดเขียน(ใหม่) | D37: 200
A38: 36 | C38: ตุ๊กตา | D38: 150
A39: 37 | C39: ตุ๊กตานางฟ้าเต้น | D39: 400 | E39: 1 | I39: 1
A40: 38 | C40: สลาม | D40: 100 | E40: 24 | I40: 24
A41: 39 | C41: โฟนโฟน | D41: 300 | E41: 1 | I41: 1
A42: 40 | C42: กดหัวลาน | D42: 180 | E42: 10 | I42: 10
A43: 41 | C43: รถแม็คโคร | D43: 200 | E43: 10 | I43: 10
A44: 42 | C44: ดินเบา | D44: 100
A45: 43 | C45: รถตัก | D45: 150
A46: 44 | C46: ชุดแต่งหน้าเด็ก | D46: 500 | E46: 1 | I46: 1
A47: 45 | C47: ไดโนเสาร์ | D47: 100 | E47: 8 | I47: 8
A48: 46 | C48: เป็ดฟองอากาศ | D48: 450
A49: 47 | C49: ปลาโลมา | D49: 400
A50: 48 | C50: ชิฟฟ่อนสอดไส้บลูเบอร์รี่ 3 ชิ้น | D50: 50
A51: 49 | C51: ชิฟฟ่อนสอดไส้สตรอเบอร์รี่ 3 ชิ้น | D51: 50
A52: 50 | C52: ชิฟฟ่อนสอดไส้นมฮอกไกโด 3 ชิ้น | D52: 50
A53: 51 | C53: สกุชี่ซาลาเปา | D53: 100 | E53: 3 | H53: 2 | I53: 1 | J53: 200
A54: 52 | C54: คฑามีไฟ | D54: 200 | E54: 13 | I54: 13
A55: 53 | C55: โมชิโมชิ | D55: 80 | E55: 1 | I55: 1
A56: 54 | C56: หมูบีบ | D56: 80 | E56: 9 | I56: 9
A57: 55 | C57: รถถังช้างมีไฟ | D57: 200 | E57: 10 | I57: 10
J58: =SUM(J3:J57) -> 520
I60: โอน | J60: 420 | K60: =SUM(J60:J60) -> 420
I61: สด | J61: 100 | K61: =SUM(J61:J61) -> 100
K62: =SUM(K60:K61) -> 520

Sheet 31
A1: ใบสต๊อกบูธ 10323 วัดใหม่สุปดิษฐาราม
A2: ลำดับ | B2: รหัส | C2: รายการสินค้า | D2: ราคา | E2: ยอดยกมา | F2: รับเข้า | G2: ส่งคืน | H2: ขายออก | I2: คงเหลือ | J2: ยอดเงิน | K2: หมายเหตุ
A3: 1 | B3: 1005982 | C3: ปังเนยนิ่ม 3 ชิ้น | D3: 55 | E3: 2 | H3: 1 | I3: 1 | J3: 55
A4: 2 | B4: 1200001 | C4: คอนเฟลกกระปุก | D4: 60 | E4: 14 | H4: 2 | I4: 12 | J4: 120
A5: 3 | B5: 1100003 | C5: เมอแรงค์กระปุก | D5: 55 | E5: 7 | I5: 7
A6: 4 | B6: 1200003 | C6: ท๊อฟฟี่กระเช้า | D6: 100
A7: 5 | B7: 1113121 | C7: เปี๊ยะไส้ถั่ว | D7: 120 | E7: 4 | I7: 4
A8: 6 | B8: 1113123 | C8: เปี๊ยะไส้เผือก | D8: 120 | E8: 3 | I8: 3
A9: 7 | B9: 1113122 | C9: เปี๊ยะไส้ฟัก | D9: 120 | E9: 4 | I9: 4
A10: 8 | B10: 1004055 | C10: ชิฟฟ่อนรวมรส 4 ชิ้น | D10: 55 | E10: 5 | I10: 5
A11: 9 | B11: 1111002 | C11: ชิฟฟ่อนรวมรส 8 ชิ้น | D11: 100 | E11: 11 | H11: 1 | I11: 10 | J11: 100
A12: 10 | B12: 1111056 | C12: ชิฟฟ่อนยอดฮิต | D12: 100 | E12: 6 | H12: 3 | I12: 3 | J12: 300
A13: 11 | B13: 1111009 | C13: ชิฟฟ่อนสอดไส้รวมรส 6 ชิ้น | D13: 100 | E13: 5 | H13: 2 | I13: 3 | J13: 200
A14: 12 | B14: 1112009 | C14: เบาหวิวมะพร้าวน้ำหอม 110 กรัม | D14: 50
A15: 13 | B15: 1112010 | C15: เบาหวิวฝอยทอง 300 กรัม | D15: 120 | E15: 11 | G15: 1 | I15: 10
A16: 14 | B16: 1112011 | C16: เบาหวิวฝอยทอง 110 กรัม | D16: 50 | E16: 3 | I16: 3
A17: 15 | B17: 1111017 | C17: ชิฟฟ่อนสอดไส้แยมบลูเบอร์รี่ 3 ชิ้น | D17: 55
A18: 16 | B18: 1111012 | C18: ชิฟฟ่อนสอดไส้นมชมพูฮอกไกโด 6 ชิ้น | D18: 100
A19: 17 | B19: 1112012 | C19: เบาหวิวเผือกมะพร้าว 300 กรัม | D19: 120
A20: 18 | B20: 1112013 | C20: เบาหวิวเผือกมะพร้าว 110 กรัม | D20: 50 | E20: 6 | I20: 6
A21: 19 | B21: 1113131 | C21: เปี๊ยะโมจิฟัก 350 กรัม | D21: 120
A22: 20 | B22: 1113135 | C22: เปี๊ยะโมจิฟัก 700 กรัม | D22: 185
A23: 21 | B23: 1112017 | C23: เบาหวิวตาลหอม 110 กรัม | D23: 50 | E23: 1 | I23: 1
A24: 22 | B24: 1112015 | C24: เบาหวิวกล้วยหอมมะพร้าวเผา 110 กรัม | D24: 50 | E24: 3 | H24: 1 | I24: 2 | J24: 50
A25: 23 | B25: 1112005 | C25: เบาหวิวเนยสด 110 กรัม | D25: 50
A26: 24 | C26: เบาหวิวทุเรียน 110 กรัม | D26: 50
A27: 25 | B27: 1112003 | C27: เบาหวิวกาแฟ 110 กรัม | D27: 50
A28: 26 | C28: รถลาน | D28: 45 | E28: 37 | H28: 1 | I28: 36 | J28: 45
A29: 27 | C29: หัวรถไฟโทมัส | D29: 200 | E29: 9 | I29: 9
A30: 28 | C30: ปืน | D30: 150 | E30: 1 | I30: 1
A31: 29 | C31: โมเดลฮีโร่ | D31: 250
A32: 30 | C32: กระดานวาดเขียน | D32: 250
A33: 31 | C33: เป็ดแม่ | D33: 250
A34: 32 | C34: เป็ดลูก | D34: 150 | E34: 2 | I34: 2
A35: 33 | C35: ตัวบีบ | D35: 60 | E35: 9 | I35: 9
A36: 34 | C36: ลานม้า | D36: 100
A37: 35 | C37: กระดานวาดเขียน(ใหม่) | D37: 200
A38: 36 | C38: ตุ๊กตา | D38: 150
A39: 37 | C39: ตุ๊กตานางฟ้าเต้น | D39: 400 | E39: 1 | I39: 1
A40: 38 | C40: สลาม | D40: 100 | E40: 24 | I40: 24
A41: 39 | C41: โฟนโฟน | D41: 300 | E41: 1 | I41: 1
A42: 40 | C42: กดหัวลาน | D42: 180 | E42: 10 | I42: 10
A43: 41 | C43: รถแม็คโคร | D43: 200 | E43: 10 | I43: 10
A44: 42 | C44: ดินเบา | D44: 100
A45: 43 | C45: รถตัก | D45: 150
A46: 44 | C46: ชุดแต่งหน้าเด็ก | D46: 500 | E46: 1 | I46: 1
A47: 45 | C47: ไดโนเสาร์ | D47: 100 | E47: 8 | I47: 8
A48: 46 | C48: เป็ดฟองอากาศ | D48: 450
A49: 47 | C49: ปลาโลมา | D49: 400
A50: 48 | C50: ชิฟฟ่อนสอดไส้บลูเบอร์รี่ 3 ชิ้น | D50: 50
A51: 49 | C51: ชิฟฟ่อนสอดไส้สตรอเบอร์รี่ 3 ชิ้น | D51: 50
A52: 50 | C52: ชิฟฟ่อนสอดไส้นมฮอกไกโด 3 ชิ้น | D52: 50
A53: 51 | C53: สกุชี่ซาลาเปา | D53: 100 | E53: 1 | I53: 1
A54: 52 | C54: คฑามีไฟ | D54: 200 | E54: 13 | I54: 13
A55: 53 | C55: โมชิโมชิ | D55: 80 | E55: 1 | I55: 1
A56: 54 | C56: หมูบีบ | D56: 80 | E56: 9 | I56: 9
A57: 55 | C57: รถถังช้างมีไฟ | D57: 200 | E57: 10 | I57: 10
J58: =SUM(J3:J57) -> 870
I60: โอน | J60: 200 | K60: =SUM(J60:J60) -> 200
I61: สด | J61: 670 | K61: =SUM(J61:J61) -> 670
K62: =SUM(K60:K61) -> 870

Sheet สรุป
A2: สรุป บูธ วัดใหม่สุปดิษฐาราม วันที่ 1-31/1/2567
A3: ลำดับ | B3: รายการ | C3: ยกมา | D3: รับ | E3: รวม | F3: เปลี่ยน/ | G3: คงเหลือ | H3: รายการขาย | K3: หมายเหตุ | L3: วันที่ | M3: ยอดเงิน | N3: ส่วนลด | O3: สแกนใช้สิทธิ์ | P3: ค่าโอนเงิน | Q3: ค่าใช้จ่ายอื่นๆ | R3: โอนหน้าร้าน | S3: รับสุทธิ | T3: ยอดโอนเงิน | U3: โอนเกิน/โอนขาด
F4: คืน/เสีย | H4: จำนวน | I4: @ | J4: เป็นเงิน
A5: 1 | B5: ปังเนยนิ่ม 3 ชิ้น | C5: 1 | D5: =+'1'!F3+'3'!F3+'4'!F3+'5'!F3+'6'!F3+'7'!F3+'8'!F3+'10'!F3+'11'!F3+'12'!F3+'13'!F3+'14'!F3+'15'!F3+'17'!F3+'18'!F3+'19'!F3+'20'!F3+'21'!F3+'22'!F3+'24'!F3+'25'!F3+'26'!F3+'27'!F3+'28'!F3+'29'!F3+'31'!F3 -> 11 | E5: =+C5+D5 -> 12 | F5: =+'1'!G3+'3'!G3+'4'!G3+'5'!G3+'6'!G3+'7'!G3+'8'!G3+'10'!G3+'11'!G3+'12'!G3+'13'!G3+'14'!G3+'15'!G3+'17'!G3+'18'!G3+'19'!G3+'20'!G3+'21'!G3+'22'!G3+'24'!G3+'25'!G3+'26'!G3+'27'!G3+'28'!G3+'29'!G3+'31'!G3 -> 2 | G5: 1 | H5: =+'1'!H3+'3'!H3+'4'!H3+'5'!H3+'6'!H3+'7'!H3+'8'!H3+'10'!H3+'11'!H3+'12'!H3+'13'!H3+'14'!H3+'15'!H3+'17'!H3+'18'!H3+'19'!H3+'20'!H3+'21'!H3+'22'!H3+'24'!H3+'25'!H3+'26'!H3+'27'!H3+'28'!H3+'29'!H3+'31'!H3 -> 9 | I5: 55 | J5: =+'1'!J3+'3'!J3+'4'!J3+'5'!J3+'6'!J3+'7'!J3+'8'!J3+'10'!J3+'11'!J3+'12'!J3+'13'!J3+'14'!J3+'15'!J3+'17'!J3+'18'!J3+'19'!J3+'20'!J3+'21'!J3+'22'!J3+'24'!J3+'25'!J3+'26'!J3+'27'!J3+'28'!J3+'29'!J3+'31'!J3 -> 495 | L5: 1 | M5: =+'1'!J53 -> 5425 | R5: =+'1'!J55 -> 1250 | S5: =+M5-N5-P5-R5-Q5 -> 4175 | T5: =+'1'!J56 -> 4175 | U5: =+T5-S5 -> 0
A6: 2 | B6: คอนเฟลกกระปุก | C6: 2 | D6: =+'1'!F4+'3'!F4+'4'!F4+'5'!F4+'6'!F4+'7'!F4+'8'!F4+'10'!F4+'11'!F4+'12'!F4+'13'!F4+'14'!F4+'15'!F4+'17'!F4+'18'!F4+'19'!F4+'20'!F4+'21'!F4+'22'!F4+'24'!F4+'25'!F4+'26'!F4+'27'!F4+'28'!F4+'29'!F4+'31'!F4 -> 20 | E6: =+C6+D6 -> 22 | F6: =+'1'!G4+'3'!G4+'4'!G4+'5'!G4+'6'!G4+'7'!G4+'8'!G4+'10'!G4+'11'!G4+'12'!G4+'13'!G4+'14'!G4+'15'!G4+'17'!G4+'18'!G4+'19'!G4+'20'!G4+'21'!G4+'22'!G4+'24'!G4+'25'!G4+'26'!G4+'27'!G4+'28'!G4+'29'!G4+'31'!G4 -> 0 | G6: 12 | H6: =+'1'!H4+'3'!H4+'4'!H4+'5'!H4+'6'!H4+'7'!H4+'8'!H4+'10'!H4+'11'!H4+'12'!H4+'13'!H4+'14'!H4+'15'!H4+'17'!H4+'18'!H4+'19'!H4+'20'!H4+'21'!H4+'22'!H4+'24'!H4+'25'!H4+'26'!H4+'27'!H4+'28'!H4+'29'!H4+'31'!H4 -> 10 | I6: 60 | J6: =+'1'!J4+'3'!J4+'4'!J4+'5'!J4+'6'!J4+'7'!J4+'8'!J4+'10'!J4+'11'!J4+'12'!J4+'13'!J4+'14'!J4+'15'!J4+'17'!J4+'18'!J4+'19'!J4+'20'!J4+'21'!J4+'22'!J4+'24'!J4+'25'!J4+'26'!J4+'27'!J4+'28'!J4+'29'!J4+'31'!J4 -> 600 | L6: 2 | M6: 0 | R6: 0 | S6: =+M6-N6-P6-R6-Q6 -> 0 | T6: 0 | U6: =+T6-S6 -> 0
A7: 3 | B7: เมอแรงค์กระปุก | C7: 5 | D7: =+'1'!F5+'3'!F5+'4'!F5+'5'!F5+'6'!F5+'7'!F5+'8'!F5+'10'!F5+'11'!F5+'12'!F5+'13'!F5+'14'!F5+'15'!F5+'17'!F5+'18'!F5+'19'!F5+'20'!F5+'21'!F5+'22'!F5+'24'!F5+'25'!F5+'26'!F5+'27'!F5+'28'!F5+'29'!F5+'31'!F5 -> 10 | E7: =+C7+D7 -> 15 | F7: =+'1'!G5+'3'!G5+'4'!G5+'5'!G5+'6'!G5+'7'!G5+'8'!G5+'10'!G5+'11'!G5+'12'!G5+'13'!G5+'14'!G5+'15'!G5+'17'!G5+'18'!G5+'19'!G5+'20'!G5+'21'!G5+'22'!G5+'24'!G5+'25'!G5+'26'!G5+'27'!G5+'28'!G5+'29'!G5+'31'!G5 -> 0 | G7: 7 | H7: =+'1'!H5+'3'!H5+'4'!H5+'5'!H5+'6'!H5+'7'!H5+'8'!H5+'10'!H5+'11'!H5+'12'!H5+'13'!H5+'14'!H5+'15'!H5+'17'!H5+'18'!H5+'19'!H5+'20'!H5+'21'!H5+'22'!H5+'24'!H5+'25'!H5+'26'!H5+'27'!H5+'28'!H5+'29'!H5+'31'!H5 -> 8 | I7: 55 | J7: =+'1'!J5+'3'!J5+'4'!J5+'5'!J5+'6'!J5+'7'!J5+'8'!J5+'10'!J5+'11'!J5+'12'!J5+'13'!J5+'14'!J5+'15'!J5+'17'!J5+'18'!J5+'19'!J5+'20'!J5+'21'!J5+'22'!J5+'24'!J5+'25'!J5+'26'!J5+'27'!J5+'28'!J5+'29'!J5+'31'!J5 -> 440 | L7: 3 | M7: =+'3'!J53 -> 910 | R7: =+'3'!J55 -> 610 | S7: =+M7-N7-P7-R7-Q7 -> 300 | T7: =+'3'!J56 -> 300 | U7: =+T7-S7 -> 0
A8: 4 | B8: ท๊อฟฟี่กระเช้า | C8: 2 | D8: =+'1'!F6+'3'!F6+'4'!F6+'5'!F6+'6'!F6+'7'!F6+'8'!F6+'10'!F6+'11'!F6+'12'!F6+'13'!F6+'14'!F6+'15'!F6+'17'!F6+'18'!F6+'19'!F6+'20'!F6+'21'!F6+'22'!F6+'24'!F6+'25'!F6+'26'!F6+'27'!F6+'28'!F6+'29'!F6+'31'!F6 -> 25 | E8: =+C8+D8 -> 27 | F8: =+'1'!G6+'3'!G6+'4'!G6+'5'!G6+'6'!G6+'7'!G6+'8'!G6+'10'!G6+'11'!G6+'12'!G6+'13'!G6+'14'!G6+'15'!G6+'17'!G6+'18'!G6+'19'!G6+'20'!G6+'21'!G6+'22'!G6+'24'!G6+'25'!G6+'26'!G6+'27'!G6+'28'!G6+'29'!G6+'31'!G6 -> 0 | H8: =+'1'!H6+'3'!H6+'4'!H6+'5'!H6+'6'!H6+'7'!H6+'8'!H6+'10'!H6+'11'!H6+'12'!H6+'13'!H6+'14'!H6+'15'!H6+'17'!H6+'18'!H6+'19'!H6+'20'!H6+'21'!H6+'22'!H6+'24'!H6+'25'!H6+'26'!H6+'27'!H6+'28'!H6+'29'!H6+'31'!H6 -> 27 | I8: 100 | J8: =+'1'!J6+'3'!J6+'4'!J6+'5'!J6+'6'!J6+'7'!J6+'8'!J6+'10'!J6+'11'!J6+'12'!J6+'13'!J6+'14'!J6+'15'!J6+'17'!J6+'18'!J6+'19'!J6+'20'!J6+'21'!J6+'22'!J6+'24'!J6+'25'!J6+'26'!J6+'27'!J6+'28'!J6+'29'!J6+'31'!J6 -> 2700 | L8: 4 | M8: =+'4'!J53 -> 1490 | R8: =+'4'!J55 -> 375 | S8: =+M8-N8-P8-R8-Q8 -> 1115 | T8: =+'4'!J56 -> 1115 | U8: =+T8-S8 -> 0
A9: 5 | B9: เปี๊ยะไส้ถั่ว | C9: 5 | D9: =+'1'!F7+'3'!F7+'4'!F7+'5'!F7+'6'!F7+'7'!F7+'8'!F7+'10'!F7+'11'!F7+'12'!F7+'13'!F7+'14'!F7+'15'!F7+'17'!F7+'18'!F7+'19'!F7+'20'!F7+'21'!F7+'22'!F7+'24'!F7+'25'!F7+'26'!F7+'27'!F7+'28'!F7+'29'!F7+'31'!F7 -> 8 | E9: =+C9+D9 -> 13 | F9: =+'1'!G7+'3'!G7+'4'!G7+'5'!G7+'6'!G7+'7'!G7+'8'!G7+'10'!G7+'11'!G7+'12'!G7+'13'!G7+'14'!G7+'15'!G7+'17'!G7+'18'!G7+'19'!G7+'20'!G7+'21'!G7+'22'!G7+'24'!G7+'25'!G7+'26'!G7+'27'!G7+'28'!G7+'29'!G7+'31'!G7 -> 1 | G9: 4 | H9: =+'1'!H7+'3'!H7+'4'!H7+'5'!H7+'6'!H7+'7'!H7+'8'!H7+'10'!H7+'11'!H7+'12'!H7+'13'!H7+'14'!H7+'15'!H7+'17'!H7+'18'!H7+'19'!H7+'20'!H7+'21'!H7+'22'!H7+'24'!H7+'25'!H7+'26'!H7+'27'!H7+'28'!H7+'29'!H7+'31'!H7 -> 8 | I9: 120 | J9: =+'1'!J7+'3'!J7+'4'!J7+'5'!J7+'6'!J7+'7'!J7+'8'!J7+'10'!J7+'11'!J7+'12'!J7+'13'!J7+'14'!J7+'15'!J7+'17'!J7+'18'!J7+'19'!J7+'20'!J7+'21'!J7+'22'!J7+'24'!J7+'25'!J7+'26'!J7+'27'!J7+'28'!J7+'29'!J7+'31'!J7 -> 960 | L9: 5 | M9: =+'5'!J53 -> 2085 | R9: =+'5'!J55 -> 510 | S9: =+M9-N9-P9-R9-Q9 -> 1575 | T9: =+'5'!J56 -> 1575 | U9: =+T9-S9 -> 0
A10: 6 | B10: เปี๊ยะไส้เผือก | C10: 1 | D10: =+'1'!F8+'3'!F8+'4'!F8+'5'!F8+'6'!F8+'7'!F8+'8'!F8+'10'!F8+'11'!F8+'12'!F8+'13'!F8+'14'!F8+'15'!F8+'17'!F8+'18'!F8+'19'!F8+'20'!F8+'21'!F8+'22'!F8+'24'!F8+'25'!F8+'26'!F8+'27'!F8+'28'!F8+'29'!F8+'31'!F8 -> 10 | E10: =+C10+D10 -> 11 | F10: =+'1'!G8+'3'!G8+'4'!G8+'5'!G8+'6'!G8+'7'!G8+'8'!G8+'10'!G8+'11'!G8+'12'!G8+'13'!G8+'14'!G8+'15'!G8+'17'!G8+'18'!G8+'19'!G8+'20'!G8+'21'!G8+'22'!G8+'24'!G8+'25'!G8+'26'!G8+'27'!G8+'28'!G8+'29'!G8+'31'!G8 -> 0 | G10: 3 | H10: =+'1'!H8+'3'!H8+'4'!H8+'5'!H8+'6'!H8+'7'!H8+'8'!H8+'10'!H8+'11'!H8+'12'!H8+'13'!H8+'14'!H8+'15'!H8+'17'!H8+'18'!H8+'19'!H8+'20'!H8+'21'!H8+'22'!H8+'24'!H8+'25'!H8+'26'!H8+'27'!H8+'28'!H8+'29'!H8+'31'!H8 -> 8 | I10: 120 | J10: =+'1'!J8+'3'!J8+'4'!J8+'5'!J8+'6'!J8+'7'!J8+'8'!J8+'10'!J8+'11'!J8+'12'!J8+'13'!J8+'14'!J8+'15'!J8+'17'!J8+'18'!J8+'19'!J8+'20'!J8+'21'!J8+'22'!J8+'24'!J8+'25'!J8+'26'!J8+'27'!J8+'28'!J8+'29'!J8+'31'!J8 -> 960 | L10: 6 | M10: =+'6'!J53 -> 600 | R10: =+'6'!J55 -> 100 | S10: =+M10-N10-P10-R10-Q10 -> 500 | T10: =+'6'!J56 -> 500 | U10: =+T10-S10 -> 0
A11: 7 | B11: เปี๊ยะไส้ฟัก | C11: 4 | D11: =+'1'!F9+'3'!F9+'4'!F9+'5'!F9+'6'!F9+'7'!F9+'8'!F9+'10'!F9+'11'!F9+'12'!F9+'13'!F9+'14'!F9+'15'!F9+'17'!F9+'18'!F9+'19'!F9+'20'!F9+'21'!F9+'22'!F9+'24'!F9+'25'!F9+'26'!F9+'27'!F9+'28'!F9+'29'!F9+'31'!F9 -> 5 | E11: =+C11+D11 -> 9 | F11: =+'1'!G9+'3'!G9+'4'!G9+'5'!G9+'6'!G9+'7'!G9+'8'!G9+'10'!G9+'11'!G9+'12'!G9+'13'!G9+'14'!G9+'15'!G9+'17'!G9+'18'!G9+'19'!G9+'20'!G9+'21'!G9+'22'!G9+'24'!G9+'25'!G9+'26'!G9+'27'!G9+'28'!G9+'29'!G9+'31'!G9 -> 0 | G11: 4 | H11: =+'1'!H9+'3'!H9+'4'!H9+'5'!H9+'6'!H9+'7'!H9+'8'!H9+'10'!H9+'11'!H9+'12'!H9+'13'!H9+'14'!H9+'15'!H9+'17'!H9+'18'!H9+'19'!H9+'20'!H9+'21'!H9+'22'!H9+'24'!H9+'25'!H9+'26'!H9+'27'!H9+'28'!H9+'29'!H9+'31'!H9 -> 5 | I11: 120 | J11: =+'1'!J9+'3'!J9+'4'!J9+'5'!J9+'6'!J9+'7'!J9+'8'!J9+'10'!J9+'11'!J9+'12'!J9+'13'!J9+'14'!J9+'15'!J9+'17'!J9+'18'!J9+'19'!J9+'20'!J9+'21'!J9+'22'!J9+'24'!J9+'25'!J9+'26'!J9+'27'!J9+'28'!J9+'29'!J9+'31'!J9 -> 600 | L11: 7 | M11: =+'7'!J53 -> 2870 | R11: =+'7'!J55 -> 860 | S11: =+M11-N11-P11-R11-Q11 -> 2010 | T11: =+'7'!J56 -> 2010 | U11: =+T11-S11 -> 0
A12: 8 | B12: ชิฟฟ่อนรวมรส 4 ชิ้น | C12: 2 | D12: =+'1'!F10+'3'!F10+'4'!F10+'5'!F10+'6'!F10+'7'!F10+'8'!F10+'10'!F10+'11'!F10+'12'!F10+'13'!F10+'14'!F10+'15'!F10+'17'!F10+'18'!F10+'19'!F10+'20'!F10+'21'!F10+'22'!F10+'24'!F10+'25'!F10+'26'!F10+'27'!F10+'28'!F10+'29'!F10+'31'!F10 -> 35 | E12: =+C12+D12 -> 37 | F12: =+'1'!G10+'3'!G10+'4'!G10+'5'!G10+'6'!G10+'7'!G10+'8'!G10+'10'!G10+'11'!G10+'12'!G10+'13'!G10+'14'!G10+'15'!G10+'17'!G10+'18'!G10+'19'!G10+'20'!G10+'21'!G10+'22'!G10+'24'!G10+'25'!G10+'26'!G10+'27'!G10+'28'!G10+'29'!G10+'31'!G10 -> 0 | G12: 5 | H12: =+'1'!H10+'3'!H10+'4'!H10+'5'!H10+'6'!H10+'7'!H10+'8'!H10+'10'!H10+'11'!H10+'12'!H10+'13'!H10+'14'!H10+'15'!H10+'17'!H10+'18'!H10+'19'!H10+'20'!H10+'21'!H10+'22'!H10+'24'!H10+'25'!H10+'26'!H10+'27'!H10+'28'!H10+'29'!H10+'31'!H10 -> 32 | I12: 55 | J12: =+'1'!J10+'3'!J10+'4'!J10+'5'!J10+'6'!J10+'7'!J10+'8'!J10+'10'!J10+'11'!J10+'12'!J10+'13'!J10+'14'!J10+'15'!J10+'17'!J10+'18'!J10+'19'!J10+'20'!J10+'21'!J10+'22'!J10+'24'!J10+'25'!J10+'26'!J10+'27'!J10+'28'!J10+'29'!J10+'31'!J10 -> 1630 | L12: 8 | M12: =+'8'!J53 -> 890 | R12: =+'8'!J55 -> 200 | S12: =+M12-N12-P12-R12-Q12 -> 690 | T12: =+'8'!J56 -> 690 | U12: =+T12-S12 -> 0
A13: 9 | B13: ชิฟฟ่อนรวมรส 8 ชิ้น | C13: 9 | D13: =+'1'!F11+'3'!F11+'4'!F11+'5'!F11+'6'!F11+'7'!F11+'8'!F11+'10'!F11+'11'!F11+'12'!F11+'13'!F11+'14'!F11+'15'!F11+'17'!F11+'18'!F11+'19'!F11+'20'!F11+'21'!F11+'22'!F11+'24'!F11+'25'!F11+'26'!F11+'27'!F11+'28'!F11+'29'!F11+'31'!F11 -> 30 | E13: =+C13+D13 -> 39 | F13: =+'1'!G11+'3'!G11+'4'!G11+'5'!G11+'6'!G11+'7'!G11+'8'!G11+'10'!G11+'11'!G11+'12'!G11+'13'!G11+'14'!G11+'15'!G11+'17'!G11+'18'!G11+'19'!G11+'20'!G11+'21'!G11+'22'!G11+'24'!G11+'25'!G11+'26'!G11+'27'!G11+'28'!G11+'29'!G11+'31'!G11 -> 0 | G13: 10 | H13: =+'1'!H11+'3'!H11+'4'!H11+'5'!H11+'6'!H11+'7'!H11+'8'!H11+'10'!H11+'11'!H11+'12'!H11+'13'!H11+'14'!H11+'15'!H11+'17'!H11+'18'!H11+'19'!H11+'20'!H11+'21'!H11+'22'!H11+'24'!H11+'25'!H11+'26'!H11+'27'!H11+'28'!H11+'29'!H11+'31'!H11 -> 29 | I13: 100 | J13: =+'1'!J11+'3'!J11+'4'!J11+'5'!J11+'6'!J11+'7'!J11+'8'!J11+'10'!J11+'11'!J11+'12'!J11+'13'!J11+'14'!J11+'15'!J11+'17'!J11+'18'!J11+'19'!J11+'20'!J11+'21'!J11+'22'!J11+'24'!J11+'25'!J11+'26'!J11+'27'!J11+'28'!J11+'29'!J11+'31'!J11 -> 2900 | L13: 9 | M13: 0 | R13: 0 | S13: =+M13-N13-P13-R13-Q13 -> 0 | T13: 0 | U13: =+T13-S13 -> 0
A14: 10 | B14: ชิฟฟ่อนยอดฮิต | D14: =+'1'!F12+'3'!F12+'4'!F12+'5'!F12+'6'!F12+'7'!F12+'8'!F12+'10'!F12+'11'!F12+'12'!F12+'13'!F12+'14'!F12+'15'!F12+'17'!F12+'18'!F12+'19'!F12+'20'!F12+'21'!F12+'22'!F12+'24'!F12+'25'!F12+'26'!F12+'27'!F12+'28'!F12+'29'!F12+'31'!F12 -> 70 | E14: =+C14+D14 -> 70 | F14: =+'1'!G12+'3'!G12+'4'!G12+'5'!G12+'6'!G12+'7'!G12+'8'!G12+'10'!G12+'11'!G12+'12'!G12+'13'!G12+'14'!G12+'15'!G12+'17'!G12+'18'!G12+'19'!G12+'20'!G12+'21'!G12+'22'!G12+'24'!G12+'25'!G12+'26'!G12+'27'!G12+'28'!G12+'29'!G12+'31'!G12 -> 0 | G14: 3 | H14: =+'1'!H12+'3'!H12+'4'!H12+'5'!H12+'6'!H12+'7'!H12+'8'!H12+'10'!H12+'11'!H12+'12'!H12+'13'!H12+'14'!H12+'15'!H12+'17'!H12+'18'!H12+'19'!H12+'20'!H12+'21'!H12+'22'!H12+'24'!H12+'25'!H12+'26'!H12+'27'!H12+'28'!H12+'29'!H12+'31'!H12 -> 67 | I14: 100 | J14: =+'1'!J12+'3'!J12+'4'!J12+'5'!J12+'6'!J12+'7'!J12+'8'!J12+'10'!J12+'11'!J12+'12'!J12+'13'!J12+'14'!J12+'15'!J12+'17'!J12+'18'!J12+'19'!J12+'20'!J12+'21'!J12+'22'!J12+'24'!J12+'25'!J12+'26'!J12+'27'!J12+'28'!J12+'29'!J12+'31'!J12 -> 5950 | L14: 10 | M14: =+'10'!J53 -> 1595 | R14: =+'10'!J55 -> 470 | S14: =+M14-N14-P14-R14-Q14 -> 1125 | T14: =+'10'!J56 -> 1120 | U14: =+T14-S14 -> -5
A15: 11 | B15: ชิฟฟ่อนสอดไส้รวมรส 6 ชิ้น | D15: =+'1'!F13+'3'!F13+'4'!F13+'5'!F13+'6'!F13+'7'!F13+'8'!F13+'10'!F13+'11'!F13+'12'!F13+'13'!F13+'14'!F13+'15'!F13+'17'!F13+'18'!F13+'19'!F13+'20'!F13+'21'!F13+'22'!F13+'24'!F13+'25'!F13+'26'!F13+'27'!F13+'28'!F13+'29'!F13+'31'!F13 -> 55 | E15: =+C15+D15 -> 55 | F15: =+'1'!G13+'3'!G13+'4'!G13+'5'!G13+'6'!G13+'7'!G13+'8'!G13+'10'!G13+'11'!G13+'12'!G13+'13'!G13+'14'!G13+'15'!G13+'17'!G13+'18'!G13+'19'!G13+'20'!G13+'21'!G13+'22'!G13+'24'!G13+'25'!G13+'26'!G13+'27'!G13+'28'!G13+'29'!G13+'31'!G13 -> 0 | G15: 3 | H15: =+'1'!H13+'3'!H13+'4'!H13+'5'!H13+'6'!H13+'7'!H13+'8'!H13+'10'!H13+'11'!H13+'12'!H13+'13'!H13+'14'!H13+'15'!H13+'17'!H13+'18'!H13+'19'!H13+'20'!H13+'21'!H13+'22'!H13+'24'!H13+'25'!H13+'26'!H13+'27'!H13+'28'!H13+'29'!H13+'31'!H13 -> 52 | I15: 100 | J15: =+'1'!J13+'3'!J13+'4'!J13+'5'!J13+'6'!J13+'7'!J13+'8'!J13+'10'!J13+'11'!J13+'12'!J13+'13'!J13+'14'!J13+'15'!J13+'17'!J13+'18'!J13+'19'!J13+'20'!J13+'21'!J13+'22'!J13+'24'!J13+'25'!J13+'26'!J13+'27'!J13+'28'!J13+'29'!J13+'31'!J13 -> 5200 | L15: 11 | M15: =+'11'!J53 -> 630 | R15: =+'11'!J55 -> 525 | S15: =+M15-N15-P15-R15-Q15 -> 105 | T15: =+'11'!J56 -> 110 | U15: =+T15-S15 -> 5
A16: 12 | B16: เบาหวิวมะพร้าวน้ำหอม 110 กรัม | D16: =+'1'!F14+'3'!F14+'4'!F14+'5'!F14+'6'!F14+'7'!F14+'8'!F14+'10'!F14+'11'!F14+'12'!F14+'13'!F14+'14'!F14+'15'!F14+'17'!F14+'18'!F14+'19'!F14+'20'!F14+'21'!F14+'22'!F14+'24'!F14+'25'!F14+'26'!F14+'27'!F14+'28'!F14+'29'!F14+'31'!F14 -> 20 | E16: =+C16+D16 -> 20 | F16: =+'1'!G14+'3'!G14+'4'!G14+'5'!G14+'6'!G14+'7'!G14+'8'!G14+'10'!G14+'11'!G14+'12'!G14+'13'!G14+'14'!G14+'15'!G14+'17'!G14+'18'!G14+'19'!G14+'20'!G14+'21'!G14+'22'!G14+'24'!G14+'25'!G14+'26'!G14+'27'!G14+'28'!G14+'29'!G14+'31'!G14 -> 0 | H16: =+'1'!H14+'3'!H14+'4'!H14+'5'!H14+'6'!H14+'7'!H14+'8'!H14+'10'!H14+'11'!H14+'12'!H14+'13'!H14+'14'!H14+'15'!H14+'17'!H14+'18'!H14+'19'!H14+'20'!H14+'21'!H14+'22'!H14+'24'!H14+'25'!H14+'26'!H14+'27'!H14+'28'!H14+'29'!H14+'31'!H14 -> 20 | I16: 50 | J16: =+'1'!J14+'3'!J14+'4'!J14+'5'!J14+'6'!J14+'7'!J14+'8'!J14+'10'!J14+'11'!J14+'12'!J14+'13'!J14+'14'!J14+'15'!J14+'17'!J14+'18'!J14+'19'!J14+'20'!J14+'21'!J14+'22'!J14+'24'!J14+'25'!J14+'26'!J14+'27'!J14+'28'!J14+'29'!J14+'31'!J14 -> 1000 | L16: 12 | M16: =+'12'!J53 -> 935 | R16: =+'12'!J55 -> 290 | S16: =+M16-N16-P16-R16-Q16 -> 645 | T16: =+'12'!J56 -> 645 | U16: =+T16-S16 -> 0
A17: 13 | B17: เบาหวิวฝอยทอง 300 กรัม | D17: =+'1'!F15+'3'!F15+'4'!F15+'5'!F15+'6'!F15+'7'!F15+'8'!F15+'10'!F15+'11'!F15+'12'!F15+'13'!F15+'14'!F15+'15'!F15+'17'!F15+'18'!F15+'19'!F15+'20'!F15+'21'!F15+'22'!F15+'24'!F15+'25'!F15+'26'!F15+'27'!F15+'28'!F15+'29'!F15+'31'!F15 -> 13 | E17: =+C17+D17 -> 13 | F17: =+'1'!G15+'3'!G15+'4'!G15+'5'!G15+'6'!G15+'7'!G15+'8'!G15+'10'!G15+'11'!G15+'12'!G15+'13'!G15+'14'!G15+'15'!G15+'17'!G15+'18'!G15+'19'!G15+'20'!G15+'21'!G15+'22'!G15+'24'!G15+'25'!G15+'26'!G15+'27'!G15+'28'!G15+'29'!G15+'31'!G15 -> 1 | G17: 10 | H17: =+'1'!H15+'3'!H15+'4'!H15+'5'!H15+'6'!H15+'7'!H15+'8'!H15+'10'!H15+'11'!H15+'12'!H15+'13'!H15+'14'!H15+'15'!H15+'17'!H15+'18'!H15+'19'!H15+'20'!H15+'21'!H15+'22'!H15+'24'!H15+'25'!H15+'26'!H15+'27'!H15+'28'!H15+'29'!H15+'31'!H15 -> 2 | I17: 120 | J17: =+'1'!J15+'3'!J15+'4'!J15+'5'!J15+'6'!J15+'7'!J15+'8'!J15+'10'!J15+'11'!J15+'12'!J15+'13'!J15+'14'!J15+'15'!J15+'17'!J15+'18'!J15+'19'!J15+'20'!J15+'21'!J15+'22'!J15+'24'!J15+'25'!J15+'26'!J15+'27'!J15+'28'!J15+'29'!J15+'31'!J15 -> 240 | L17: 13 | M17: =+'13'!J53 -> 955 | R17: =+'13'!J55 -> 0 | S17: =+M17-N17-P17-R17-Q17 -> 955 | T17: =+'13'!J56 -> 955 | U17: =+T17-S17 -> 0
A18: 14 | B18: เบาหวิวฝอยทอง 110 กรัม | D18: =+'1'!F16+'3'!F16+'4'!F16+'5'!F16+'6'!F16+'7'!F16+'8'!F16+'10'!F16+'11'!F16+'12'!F16+'13'!F16+'14'!F16+'15'!F16+'17'!F16+'18'!F16+'19'!F16+'20'!F16+'21'!F16+'22'!F16+'24'!F16+'25'!F16+'26'!F16+'27'!F16+'28'!F16+'29'!F16+'31'!F16 -> 20 | E18: =+C18+D18 -> 20 | F18: =+'1'!G16+'3'!G16+'4'!G16+'5'!G16+'6'!G16+'7'!G16+'8'!G16+'10'!G16+'11'!G16+'12'!G16+'13'!G16+'14'!G16+'15'!G16+'17'!G16+'18'!G16+'19'!G16+'20'!G16+'21'!G16+'22'!G16+'24'!G16+'25'!G16+'26'!G16+'27'!G16+'28'!G16+'29'!G16+'31'!G16 -> 0 | G18: 3 | H18: =+'1'!H16+'3'!H16+'4'!H16+'5'!H16+'6'!H16+'7'!H16+'8'!H16+'10'!H16+'11'!H16+'12'!H16+'13'!H16+'14'!H16+'15'!H16+'17'!H16+'18'!H16+'19'!H16+'20'!H16+'21'!H16+'22'!H16+'24'!H16+'25'!H16+'26'!H16+'27'!H16+'28'!H16+'29'!H16+'31'!H16 -> 17 | I18: 50 | J18: =+'1'!J16+'3'!J16+'4'!J16+'5'!J16+'6'!J16+'7'!J16+'8'!J16+'10'!J16+'11'!J16+'12'!J16+'13'!J16+'14'!J16+'15'!J16+'17'!J16+'18'!J16+'19'!J16+'20'!J16+'21'!J16+'22'!J16+'24'!J16+'25'!J16+'26'!J16+'27'!J16+'28'!J16+'29'!J16+'31'!J16 -> 850 | L18: 14 | M18: =+'14'!J53 -> 2120 | R18: =+'14'!J55 -> 210 | S18: =+M18-N18-P18-R18-Q18 -> 1910 | T18: =+'14'!J56 -> 1910 | U18: =+T18-S18 -> 0
A19: 15 | B19: ชิฟฟ่อนสอดไส้แยมบลูเบอร์รี่ 3 ชิ้น | D19: =+'1'!F17+'3'!F17+'4'!F17+'5'!F17+'6'!F17+'7'!F17+'8'!F17+'10'!F17+'11'!F17+'12'!F17+'13'!F17+'14'!F17+'15'!F17+'17'!F17+'18'!F17+'19'!F17+'20'!F17+'21'!F17+'22'!F17+'24'!F17+'25'!F17+'26'!F17+'27'!F17+'28'!F17+'29'!F17+'31'!F17 -> 0 | E19: =+C19+D19 -> 0 | F19: =+'1'!G17+'3'!G17+'4'!G17+'5'!G17+'6'!G17+'7'!G17+'8'!G17+'10'!G17+'11'!G17+'12'!G17+'13'!G17+'14'!G17+'15'!G17+'17'!G17+'18'!G17+'19'!G17+'20'!G17+'21'!G17+'22'!G17+'24'!G17+'25'!G17+'26'!G17+'27'!G17+'28'!G17+'29'!G17+'31'!G17 -> 0 | H19: =+'1'!H17+'3'!H17+'4'!H17+'5'!H17+'6'!H17+'7'!H17+'8'!H17+'10'!H17+'11'!H17+'12'!H17+'13'!H17+'14'!H17+'15'!H17+'17'!H17+'18'!H17+'19'!H17+'20'!H17+'21'!H17+'22'!H17+'24'!H17+'25'!H17+'26'!H17+'27'!H17+'28'!H17+'29'!H17+'31'!H17 -> 0 | I19: 55 | J19: =+'1'!J17+'3'!J17+'4'!J17+'5'!J17+'6'!J17+'7'!J17+'8'!J17+'10'!J17+'11'!J17+'12'!J17+'13'!J17+'14'!J17+'15'!J17+'17'!J17+'18'!J17+'19'!J17+'20'!J17+'21'!J17+'22'!J17+'24'!J17+'25'!J17+'26'!J17+'27'!J17+'28'!J17+'29'!J17+'31'!J17 -> 0 | L19: 15 | M19: =+'15'!J53 -> 320 | R19: =+'15'!J55 -> 110 | S19: =+M19-N19-P19-R19-Q19 -> 210 | T19: =+'15'!J56 -> 210 | U19: =+T19-S19 -> 0
A20: 16 | B20: ชิฟฟ่อนสอดไส้นมชมพูฮอกไกโด 6 ชิ้น | D20: =+'1'!F18+'3'!F18+'4'!F18+'5'!F18+'6'!F18+'7'!F18+'8'!F18+'10'!F18+'11'!F18+'12'!F18+'13'!F18+'14'!F18+'15'!F18+'17'!F18+'18'!F18+'19'!F18+'20'!F18+'21'!F18+'22'!F18+'24'!F18+'25'!F18+'26'!F18+'27'!F18+'28'!F18+'29'!F18+'31'!F18 -> 0 | E20: =+C20+D20 -> 0 | F20: =+'1'!G18+'3'!G18+'4'!G18+'5'!G18+'6'!G18+'7'!G18+'8'!G18+'10'!G18+'11'!G18+'12'!G18+'13'!G18+'14'!G18+'15'!G18+'17'!G18+'18'!G18+'19'!G18+'20'!G18+'21'!G18+'22'!G18+'24'!G18+'25'!G18+'26'!G18+'27'!G18+'28'!G18+'29'!G18+'31'!G18 -> 0 | H20: =+'1'!H18+'3'!H18+'4'!H18+'5'!H18+'6'!H18+'7'!H18+'8'!H18+'10'!H18+'11'!H18+'12'!H18+'13'!H18+'14'!H18+'15'!H18+'17'!H18+'18'!H18+'19'!H18+'20'!H18+'21'!H18+'22'!H18+'24'!H18+'25'!H18+'26'!H18+'27'!H18+'28'!H18+'29'!H18+'31'!H18 -> 0 | I20: 100 | J20: =+'1'!J18+'3'!J18+'4'!J18+'5'!J18+'6'!J18+'7'!J18+'8'!J18+'10'!J18+'11'!J18+'12'!J18+'13'!J18+'14'!J18+'15'!J18+'17'!J18+'18'!J18+'19'!J18+'20'!J18+'21'!J18+'22'!J18+'24'!J18+'25'!J18+'26'!J18+'27'!J18+'28'!J18+'29'!J18+'31'!J18 -> 0 | L20: 16 | M20: 0 | R20: 0 | S20: =+M20-N20-P20-R20-Q20 -> 0 | T20: 0 | U20: =+T20-S20 -> 0
A21: 17 | B21: เบาหวิวเผือกมะพร้าว 300 กรัม | D21: =+'1'!F19+'3'!F19+'4'!F19+'5'!F19+'6'!F19+'7'!F19+'8'!F19+'10'!F19+'11'!F19+'12'!F19+'13'!F19+'14'!F19+'15'!F19+'17'!F19+'18'!F19+'19'!F19+'20'!F19+'21'!F19+'22'!F19+'24'!F19+'25'!F19+'26'!F19+'27'!F19+'28'!F19+'29'!F19+'31'!F19 -> 0 | E21: =+C21+D21 -> 0 | F21: =+'1'!G19+'3'!G19+'4'!G19+'5'!G19+'6'!G19+'7'!G19+'8'!G19+'10'!G19+'11'!G19+'12'!G19+'13'!G19+'14'!G19+'15'!G19+'17'!G19+'18'!G19+'19'!G19+'20'!G19+'21'!G19+'22'!G19+'24'!G19+'25'!G19+'26'!G19+'27'!G19+'28'!G19+'29'!G19+'31'!G19 -> 0 | H21: =+'1'!H19+'3'!H19+'4'!H19+'5'!H19+'6'!H19+'7'!H19+'8'!H19+'10'!H19+'11'!H19+'12'!H19+'13'!H19+'14'!H19+'15'!H19+'17'!H19+'18'!H19+'19'!H19+'20'!H19+'21'!H19+'22'!H19+'24'!H19+'25'!H19+'26'!H19+'27'!H19+'28'!H19+'29'!H19+'31'!H19 -> 0 | I21: 120 | J21: =+'1'!J19+'3'!J19+'4'!J19+'5'!J19+'6'!J19+'7'!J19+'8'!J19+'10'!J19+'11'!J19+'12'!J19+'13'!J19+'14'!J19+'15'!J19+'17'!J19+'18'!J19+'19'!J19+'20'!J19+'21'!J19+'22'!J19+'24'!J19+'25'!J19+'26'!J19+'27'!J19+'28'!J19+'29'!J19+'31'!J19 -> 0 | L21: 17 | M21: =+'17'!J53 -> 900 | R21: =+'17'!J55 -> 800 | S21: =+M21-N21-P21-R21-Q21 -> 100 | T21: =+'17'!J56 -> 100 | U21: =+T21-S21 -> 0
A22: 18 | B22: เบาหวิวเผือกมะพร้าว 110 กรัม | C22: 1 | D22: =+'1'!F20+'3'!F20+'4'!F20+'5'!F20+'6'!F20+'7'!F20+'8'!F20+'10'!F20+'11'!F20+'12'!F20+'13'!F20+'14'!F20+'15'!F20+'17'!F20+'18'!F20+'19'!F20+'20'!F20+'21'!F20+'22'!F20+'24'!F20+'25'!F20+'26'!F20+'27'!F20+'28'!F20+'29'!F20+'31'!F20 -> 30 | E22: =+C22+D22 -> 31 | F22: =+'1'!G20+'3'!G20+'4'!G20+'5'!G20+'6'!G20+'7'!G20+'8'!G20+'10'!G20+'11'!G20+'12'!G20+'13'!G20+'14'!G20+'15'!G20+'17'!G20+'18'!G20+'19'!G20+'20'!G20+'21'!G20+'22'!G20+'24'!G20+'25'!G20+'26'!G20+'27'!G20+'28'!G20+'29'!G20+'31'!G20 -> 1 | G22: 6 | H22: =+'1'!H20+'3'!H20+'4'!H20+'5'!H20+'6'!H20+'7'!H20+'8'!H20+'10'!H20+'11'!H20+'12'!H20+'13'!H20+'14'!H20+'15'!H20+'17'!H20+'18'!H20+'19'!H20+'20'!H20+'21'!H20+'22'!H20+'24'!H20+'25'!H20+'26'!H20+'27'!H20+'28'!H20+'29'!H20+'31'!H20 -> 24 | I22: 50 | J22: =+'1'!J20+'3'!J20+'4'!J20+'5'!J20+'6'!J20+'7'!J20+'8'!J20+'10'!J20+'11'!J20+'12'!J20+'13'!J20+'14'!J20+'15'!J20+'17'!J20+'18'!J20+'19'!J20+'20'!J20+'21'!J20+'22'!J20+'24'!J20+'25'!J20+'26'!J20+'27'!J20+'28'!J20+'29'!J20+'31'!J20 -> 1200 | L22: 18 | M22: =+'18'!J53 -> 905 | R22: =+'18'!J55 -> 50 | S22: =+M22-N22-P22-R22-Q22 -> 855 | T22: =+'18'!J56 -> 855 | U22: =+T22-S22 -> 0
A23: 19 | B23: เปี๊ยะโมจิฟัก 350 กรัม | D23: =+'1'!F21+'3'!F21+'4'!F21+'5'!F21+'6'!F21+'7'!F21+'8'!F21+'10'!F21+'11'!F21+'12'!F21+'13'!F21+'14'!F21+'15'!F21+'17'!F21+'18'!F21+'19'!F21+'20'!F21+'21'!F21+'22'!F21+'24'!F21+'25'!F21+'26'!F21+'27'!F21+'28'!F21+'29'!F21+'31'!F21 -> 0 | E23: =+C23+D23 -> 0 | F23: =+'1'!G21+'3'!G21+'4'!G21+'5'!G21+'6'!G21+'7'!G21+'8'!G21+'10'!G21+'11'!G21+'12'!G21+'13'!G21+'14'!G21+'15'!G21+'17'!G21+'18'!G21+'19'!G21+'20'!G21+'21'!G21+'22'!G21+'24'!G21+'25'!G21+'26'!G21+'27'!G21+'28'!G21+'29'!G21+'31'!G21 -> 0 | H23: =+'1'!H21+'3'!H21+'4'!H21+'5'!H21+'6'!H21+'7'!H21+'8'!H21+'10'!H21+'11'!H21+'12'!H21+'13'!H21+'14'!H21+'15'!H21+'17'!H21+'18'!H21+'19'!H21+'20'!H21+'21'!H21+'22'!H21+'24'!H21+'25'!H21+'26'!H21+'27'!H21+'28'!H21+'29'!H21+'31'!H21 -> 0 | I23: 120 | J23: =+'1'!J21+'3'!J21+'4'!J21+'5'!J21+'6'!J21+'7'!J21+'8'!J21+'10'!J21+'11'!J21+'12'!J21+'13'!J21+'14'!J21+'15'!J21+'17'!J21+'18'!J21+'19'!J21+'20'!J21+'21'!J21+'22'!J21+'24'!J21+'25'!J21+'26'!J21+'27'!J21+'28'!J21+'29'!J21+'31'!J21 -> 0 | L23: 19 | M23: =+'19'!J53 -> 1010 | R23: =+'19'!J55 -> 200 | S23: =+M23-N23-P23-R23-Q23 -> 810 | T23: =+'19'!J56 -> 810 | U23: =+T23-S23 -> 0
A24: 20 | B24: เปี๊ยะโมจิฟัก 700 กรัม | D24: =+'1'!F22+'3'!F22+'4'!F22+'5'!F22+'6'!F22+'7'!F22+'8'!F22+'10'!F22+'11'!F22+'12'!F22+'13'!F22+'14'!F22+'15'!F22+'17'!F22+'18'!F22+'19'!F22+'20'!F22+'21'!F22+'22'!F22+'24'!F22+'25'!F22+'26'!F22+'27'!F22+'28'!F22+'29'!F22+'31'!F22 -> 0 | E24: =+C24+D24 -> 0 | F24: =+'1'!G22+'3'!G22+'4'!G22+'5'!G22+'6'!G22+'7'!G22+'8'!G22+'10'!G22+'11'!G22+'12'!G22+'13'!G22+'14'!G22+'15'!G22+'17'!G22+'18'!G22+'19'!G22+'20'!G22+'21'!G22+'22'!G22+'24'!G22+'25'!G22+'26'!G22+'27'!G22+'28'!G22+'29'!G22+'31'!G22 -> 0 | H24: =+'1'!H22+'3'!H22+'4'!H22+'5'!H22+'6'!H22+'7'!H22+'8'!H22+'10'!H22+'11'!H22+'12'!H22+'13'!H22+'14'!H22+'15'!H22+'17'!H22+'18'!H22+'19'!H22+'20'!H22+'21'!H22+'22'!H22+'24'!H22+'25'!H22+'26'!H22+'27'!H22+'28'!H22+'29'!H22+'31'!H22 -> 0 | I24: 185 | J24: =+'1'!J22+'3'!J22+'4'!J22+'5'!J22+'6'!J22+'7'!J22+'8'!J22+'10'!J22+'11'!J22+'12'!J22+'13'!J22+'14'!J22+'15'!J22+'17'!J22+'18'!J22+'19'!J22+'20'!J22+'21'!J22+'22'!J22+'24'!J22+'25'!J22+'26'!J22+'27'!J22+'28'!J22+'29'!J22+'31'!J22 -> 0 | L24: 20 | M24: =+'20'!J53 -> 1060 | R24: =+'20'!J55 -> 420 | S24: =+M24-N24-P24-R24-Q24 -> 640 | T24: =+'20'!J56 -> 640 | U24: =+T24-S24 -> 0
A25: 21 | B25: เบาหวิวตาลหอม 110 กรัม | C25: 1 | D25: =+'1'!F23+'3'!F23+'4'!F23+'5'!F23+'6'!F23+'7'!F23+'8'!F23+'10'!F23+'11'!F23+'12'!F23+'13'!F23+'14'!F23+'15'!F23+'17'!F23+'18'!F23+'19'!F23+'20'!F23+'21'!F23+'22'!F23+'24'!F23+'25'!F23+'26'!F23+'27'!F23+'28'!F23+'29'!F23+'31'!F23 -> 18 | E25: =+C25+D25 -> 19 | F25: =+'1'!G23+'3'!G23+'4'!G23+'5'!G23+'6'!G23+'7'!G23+'8'!G23+'10'!G23+'11'!G23+'12'!G23+'13'!G23+'14'!G23+'15'!G23+'17'!G23+'18'!G23+'19'!G23+'20'!G23+'21'!G23+'22'!G23+'24'!G23+'25'!G23+'26'!G23+'27'!G23+'28'!G23+'29'!G23+'31'!G23 -> 1 | G25: 1 | H25: =+'1'!H23+'3'!H23+'4'!H23+'5'!H23+'6'!H23+'7'!H23+'8'!H23+'10'!H23+'11'!H23+'12'!H23+'13'!H23+'14'!H23+'15'!H23+'17'!H23+'18'!H23+'19'!H23+'20'!H23+'21'!H23+'22'!H23+'24'!H23+'25'!H23+'26'!H23+'27'!H23+'28'!H23+'29'!H23+'31'!H23 -> 17 | I25: 50 | J25: =+'1'!J23+'3'!J23+'4'!J23+'5'!J23+'6'!J23+'7'!J23+'8'!J23+'10'!J23+'11'!J23+'12'!J23+'13'!J23+'14'!J23+'15'!J23+'17'!J23+'18'!J23+'19'!J23+'20'!J23+'21'!J23+'22'!J23+'24'!J23+'25'!J23+'26'!J23+'27'!J23+'28'!J23+'29'!J23+'31'!J23 -> 850 | L25: 21 | M25: =+'21'!J58 -> 3615 | R25: =+'21'!J60 -> 980 | S25: =+M25-N25-P25-R25-Q25 -> 2635 | T25: =+'21'!J61 -> 2635 | U25: =+T25-S25 -> 0
A26: 22 | B26: เบาหวิวกล้วยหอมมะพร้าวเผา 110 กรัม | C26: 1 | D26: =+'1'!F24+'3'!F24+'4'!F24+'5'!F24+'6'!F24+'7'!F24+'8'!F24+'10'!F24+'11'!F24+'12'!F24+'13'!F24+'14'!F24+'15'!F24+'17'!F24+'18'!F24+'19'!F24+'20'!F24+'21'!F24+'22'!F24+'24'!F24+'25'!F24+'26'!F24+'27'!F24+'28'!F24+'29'!F24+'31'!F24 -> 20 | E26: =+C26+D26 -> 21 | F26: =+'1'!G24+'3'!G24+'4'!G24+'5'!G24+'6'!G24+'7'!G24+'8'!G24+'10'!G24+'11'!G24+'12'!G24+'13'!G24+'14'!G24+'15'!G24+'17'!G24+'18'!G24+'19'!G24+'20'!G24+'21'!G24+'22'!G24+'24'!G24+'25'!G24+'26'!G24+'27'!G24+'28'!G24+'29'!G24+'31'!G24 -> 0 | G26: 2 | H26: =+'1'!H24+'3'!H24+'4'!H24+'5'!H24+'6'!H24+'7'!H24+'8'!H24+'10'!H24+'11'!H24+'12'!H24+'13'!H24+'14'!H24+'15'!H24+'17'!H24+'18'!H24+'19'!H24+'20'!H24+'21'!H24+'22'!H24+'24'!H24+'25'!H24+'26'!H24+'27'!H24+'28'!H24+'29'!H24+'31'!H24 -> 19 | I26: 50 | J26: =+'1'!J24+'3'!J24+'4'!J24+'5'!J24+'6'!J24+'7'!J24+'8'!J24+'10'!J24+'11'!J24+'12'!J24+'13'!J24+'14'!J24+'15'!J24+'17'!J24+'18'!J24+'19'!J24+'20'!J24+'21'!J24+'22'!J24+'24'!J24+'25'!J24+'26'!J24+'27'!J24+'28'!J24+'29'!J24+'31'!J24 -> 900 | L26: 22 | M26: =+'22'!J58 -> 755 | R26: =+'22'!J60 -> 455 | S26: =+M26-N26-P26-R26-Q26 -> 300 | T26: =+'22'!J61 -> 300 | U26: =+T26-S26 -> 0
A27: 23 | B27: เบาหวิวเนยสด 110 กรัม | D27: =+'1'!F25+'3'!F25+'4'!F25+'5'!F25+'6'!F25+'7'!F25+'8'!F25+'10'!F25+'11'!F25+'12'!F25+'13'!F25+'14'!F25+'15'!F25+'17'!F25+'18'!F25+'19'!F25+'20'!F25+'21'!F25+'22'!F25+'24'!F25+'25'!F25+'26'!F25+'27'!F25+'28'!F25+'29'!F25+'31'!F25 -> 0 | E27: =+C27+D27 -> 0 | F27: =+'1'!G25+'3'!G25+'4'!G25+'5'!G25+'6'!G25+'7'!G25+'8'!G25+'10'!G25+'11'!G25+'12'!G25+'13'!G25+'14'!G25+'15'!G25+'17'!G25+'18'!G25+'19'!G25+'20'!G25+'21'!G25+'22'!G25+'24'!G25+'25'!G25+'26'!G25+'27'!G25+'28'!G25+'29'!G25+'31'!G25 -> 0 | H27: =+'1'!H25+'3'!H25+'4'!H25+'5'!H25+'6'!H25+'7'!H25+'8'!H25+'10'!H25+'11'!H25+'12'!H25+'13'!H25+'14'!H25+'15'!H25+'17'!H25+'18'!H25+'19'!H25+'20'!H25+'21'!H25+'22'!H25+'24'!H25+'25'!H25+'26'!H25+'27'!H25+'28'!H25+'29'!H25+'31'!H25 -> 0 | I27: 50 | J27: =+'1'!J25+'3'!J25+'4'!J25+'5'!J25+'6'!J25+'7'!J25+'8'!J25+'10'!J25+'11'!J25+'12'!J25+'13'!J25+'14'!J25+'15'!J25+'17'!J25+'18'!J25+'19'!J25+'20'!J25+'21'!J25+'22'!J25+'24'!J25+'25'!J25+'26'!J25+'27'!J25+'28'!J25+'29'!J25+'31'!J25 -> 0 | L27: 23 | M27: 0 | R27: 0 | S27: =+M27-N27-P27-R27-Q27 -> 0 | T27: 0 | U27: =+T27-S27 -> 0
A28: 24 | B28: เบาหวิวทุเรียน 110 กรัม | D28: =+'1'!F26+'3'!F26+'4'!F26+'5'!F26+'6'!F26+'7'!F26+'8'!F26+'10'!F26+'11'!F26+'12'!F26+'13'!F26+'14'!F26+'15'!F26+'17'!F26+'18'!F26+'19'!F26+'20'!F26+'21'!F26+'22'!F26+'24'!F26+'25'!F26+'26'!F26+'27'!F26+'28'!F26+'29'!F26+'31'!F26 -> 0 | E28: =+C28+D28 -> 0 | F28: =+'1'!G26+'3'!G26+'4'!G26+'5'!G26+'6'!G26+'7'!G26+'8'!G26+'10'!G26+'11'!G26+'12'!G26+'13'!G26+'14'!G26+'15'!G26+'17'!G26+'18'!G26+'19'!G26+'20'!G26+'21'!G26+'22'!G26+'24'!G26+'25'!G26+'26'!G26+'27'!G26+'28'!G26+'29'!G26+'31'!G26 -> 0 | H28: =+'1'!H26+'3'!H26+'4'!H26+'5'!H26+'6'!H26+'7'!H26+'8'!H26+'10'!H26+'11'!H26+'12'!H26+'13'!H26+'14'!H26+'15'!H26+'17'!H26+'18'!H26+'19'!H26+'20'!H26+'21'!H26+'22'!H26+'24'!H26+'25'!H26+'26'!H26+'27'!H26+'28'!H26+'29'!H26+'31'!H26 -> 0 | I28: 50 | J28: =+'1'!J26+'3'!J26+'4'!J26+'5'!J26+'6'!J26+'7'!J26+'8'!J26+'10'!J26+'11'!J26+'12'!J26+'13'!J26+'14'!J26+'15'!J26+'17'!J26+'18'!J26+'19'!J26+'20'!J26+'21'!J26+'22'!J26+'24'!J26+'25'!J26+'26'!J26+'27'!J26+'28'!J26+'29'!J26+'31'!J26 -> 0 | L28: 24 | M28: =+'24'!J58 -> 1150 | R28: =+'24'!J60 -> 0 | S28: =+M28-N28-P28-R28-Q28 -> 1150 | T28: =+'24'!J61 -> 1150 | U28: =+T28-S28 -> 0
A29: 25 | B29: เบาหวิวกาแฟ 110 กรัม | D29: =+'1'!F27+'3'!F27+'4'!F27+'5'!F27+'6'!F27+'7'!F27+'8'!F27+'10'!F27+'11'!F27+'12'!F27+'13'!F27+'14'!F27+'15'!F27+'17'!F27+'18'!F27+'19'!F27+'20'!F27+'21'!F27+'22'!F27+'24'!F27+'25'!F27+'26'!F27+'27'!F27+'28'!F27+'29'!F27+'31'!F27 -> 0 | E29: =+C29+D29 -> 0 | F29: =+'1'!G27+'3'!G27+'4'!G27+'5'!G27+'6'!G27+'7'!G27+'8'!G27+'10'!G27+'11'!G27+'12'!G27+'13'!G27+'14'!G27+'15'!G27+'17'!G27+'18'!G27+'19'!G27+'20'!G27+'21'!G27+'22'!G27+'24'!G27+'25'!G27+'26'!G27+'27'!G27+'28'!G27+'29'!G27+'31'!G27 -> 0 | H29: =+'1'!H27+'3'!H27+'4'!H27+'5'!H27+'6'!H27+'7'!H27+'8'!H27+'10'!H27+'11'!H27+'12'!H27+'13'!H27+'14'!H27+'15'!H27+'17'!H27+'18'!H27+'19'!H27+'20'!H27+'21'!H27+'22'!H27+'24'!H27+'25'!H27+'26'!H27+'27'!H27+'28'!H27+'29'!H27+'31'!H27 -> 0 | I29: 50 | J29: =+'1'!J27+'3'!J27+'4'!J27+'5'!J27+'6'!J27+'7'!J27+'8'!J27+'10'!J27+'11'!J27+'12'!J27+'13'!J27+'14'!J27+'15'!J27+'17'!J27+'18'!J27+'19'!J27+'20'!J27+'21'!J27+'22'!J27+'24'!J27+'25'!J27+'26'!J27+'27'!J27+'28'!J27+'29'!J27+'31'!J27 -> 0 | L29: 25 | M29: =+'25'!J58 -> 100 | R29: =+'25'!J60 -> 0 | S29: =+M29-N29-P29-R29-Q29 -> 100 | T29: =+'25'!J61 -> 100 | U29: =+T29-S29 -> 0
A30: 26 | B30: รถลาน | C30: 44 | D30: =+'1'!F28+'3'!F28+'4'!F28+'5'!F28+'6'!F28+'7'!F28+'8'!F28+'10'!F28+'11'!F28+'12'!F28+'13'!F28+'14'!F28+'15'!F28+'17'!F28+'18'!F28+'19'!F28+'20'!F28+'21'!F28+'22'!F28+'24'!F28+'25'!F28+'26'!F28+'27'!F28+'28'!F28+'29'!F28+'31'!F28 -> 6 | E30: =+C30+D30 -> 50 | F30: =+'1'!G28+'3'!G28+'4'!G28+'5'!G28+'6'!G28+'7'!G28+'8'!G28+'10'!G28+'11'!G28+'12'!G28+'13'!G28+'14'!G28+'15'!G28+'17'!G28+'18'!G28+'19'!G28+'20'!G28+'21'!G28+'22'!G28+'24'!G28+'25'!G28+'26'!G28+'27'!G28+'28'!G28+'29'!G28+'31'!G28 -> 0 | G30: 36 | H30: =+'1'!H28+'3'!H28+'4'!H28+'5'!H28+'6'!H28+'7'!H28+'8'!H28+'10'!H28+'11'!H28+'12'!H28+'13'!H28+'14'!H28+'15'!H28+'17'!H28+'18'!H28+'19'!H28+'20'!H28+'21'!H28+'22'!H28+'24'!H28+'25'!H28+'26'!H28+'27'!H28+'28'!H28+'29'!H28+'31'!H28 -> 14 | I30: 45 | J30: =+'1'!J28+'3'!J28+'4'!J28+'5'!J28+'6'!J28+'7'!J28+'8'!J28+'10'!J28+'11'!J28+'12'!J28+'13'!J28+'14'!J28+'15'!J28+'17'!J28+'18'!J28+'19'!J28+'20'!J28+'21'!J28+'22'!J28+'24'!J28+'25'!J28+'26'!J28+'27'!J28+'28'!J28+'29'!J28+'31'!J28 -> 630 | L30: 26 | M30: =+'26'!J58 -> 1645 | R30: =+'26'!J60 -> 245 | S30: =+M30-N30-P30-R30-Q30 -> 1400 | T30: =+'26'!J61 -> 1400 | U30: =+T30-S30 -> 0
A31: 27 | B31: หัวรถไฟโทมัส | C31: 3 | D31: =+'1'!F29+'3'!F29+'4'!F29+'5'!F29+'6'!F29+'7'!F29+'8'!F29+'10'!F29+'11'!F29+'12'!F29+'13'!F29+'14'!F29+'15'!F29+'17'!F29+'18'!F29+'19'!F29+'20'!F29+'21'!F29+'22'!F29+'24'!F29+'25'!F29+'26'!F29+'27'!F29+'28'!F29+'29'!F29+'31'!F29 -> 19 | E31: =+C31+D31 -> 22 | F31: =+'1'!G29+'3'!G29+'4'!G29+'5'!G29+'6'!G29+'7'!G29+'8'!G29+'10'!G29+'11'!G29+'12'!G29+'13'!G29+'14'!G29+'15'!G29+'17'!G29+'18'!G29+'19'!G29+'20'!G29+'21'!G29+'22'!G29+'24'!G29+'25'!G29+'26'!G29+'27'!G29+'28'!G29+'29'!G29+'31'!G29 -> 3 | G31: 9 | H31: =+'1'!H29+'3'!H29+'4'!H29+'5'!H29+'6'!H29+'7'!H29+'8'!H29+'10'!H29+'11'!H29+'12'!H29+'13'!H29+'14'!H29+'15'!H29+'17'!H29+'18'!H29+'19'!H29+'20'!H29+'21'!H29+'22'!H29+'24'!H29+'25'!H29+'26'!H29+'27'!H29+'28'!H29+'29'!H29+'31'!H29 -> 10 | I31: 150 | J31: =+'1'!J29+'3'!J29+'4'!J29+'5'!J29+'6'!J29+'7'!J29+'8'!J29+'10'!J29+'11'!J29+'12'!J29+'13'!J29+'14'!J29+'15'!J29+'17'!J29+'18'!J29+'19'!J29+'20'!J29+'21'!J29+'22'!J29+'24'!J29+'25'!J29+'26'!J29+'27'!J29+'28'!J29+'29'!J29+'31'!J29 -> 1550 | L31: 27 | M31: =+'27'!J58 -> 1550 | R31: =+'27'!J60 -> 200 | S31: =+M31-N31-P31-R31-Q31 -> 1350 | T31: =+'27'!J61 -> 1350 | U31: =+T31-S31 -> 0
A32: 28 | B32: ปืน | D32: =+'1'!F30+'3'!F30+'4'!F30+'5'!F30+'6'!F30+'7'!F30+'8'!F30+'10'!F30+'11'!F30+'12'!F30+'13'!F30+'14'!F30+'15'!F30+'17'!F30+'18'!F30+'19'!F30+'20'!F30+'21'!F30+'22'!F30+'24'!F30+'25'!F30+'26'!F30+'27'!F30+'28'!F30+'29'!F30+'31'!F30 -> 5 | E32: =+C32+D32 -> 5 | F32: =+'1'!G30+'3'!G30+'4'!G30+'5'!G30+'6'!G30+'7'!G30+'8'!G30+'10'!G30+'11'!G30+'12'!G30+'13'!G30+'14'!G30+'15'!G30+'17'!G30+'18'!G30+'19'!G30+'20'!G30+'21'!G30+'22'!G30+'24'!G30+'25'!G30+'26'!G30+'27'!G30+'28'!G30+'29'!G30+'31'!G30 -> 0 | G32: 1 | H32: =+'1'!H30+'3'!H30+'4'!H30+'5'!H30+'6'!H30+'7'!H30+'8'!H30+'10'!H30+'11'!H30+'12'!H30+'13'!H30+'14'!H30+'15'!H30+'17'!H30+'18'!H30+'19'!H30+'20'!H30+'21'!H30+'22'!H30+'24'!H30+'25'!H30+'26'!H30+'27'!H30+'28'!H30+'29'!H30+'31'!H30 -> 4 | I32: 150 | J32: =+'1'!J30+'3'!J30+'4'!J30+'5'!J30+'6'!J30+'7'!J30+'8'!J30+'10'!J30+'11'!J30+'12'!J30+'13'!J30+'14'!J30+'15'!J30+'17'!J30+'18'!J30+'19'!J30+'20'!J30+'21'!J30+'22'!J30+'24'!J30+'25'!J30+'26'!J30+'27'!J30+'28'!J30+'29'!J30+'31'!J30 -> 600 | L32: 28 | M32: =+'28'!J58 -> 3450 | R32: =+'28'!J60 -> 655 | S32: =+M32-N32-P32-R32-Q32 -> 2795 | T32: =+'28'!J61 -> 2795 | U32: =+T32-S32 -> 0
A33: 29 | B33: โมเดลฮีโร่ | D33: =+'1'!F31+'3'!F31+'4'!F31+'5'!F31+'6'!F31+'7'!F31+'8'!F31+'10'!F31+'11'!F31+'12'!F31+'13'!F31+'14'!F31+'15'!F31+'17'!F31+'18'!F31+'19'!F31+'20'!F31+'21'!F31+'22'!F31+'24'!F31+'25'!F31+'26'!F31+'27'!F31+'28'!F31+'29'!F31+'31'!F31 -> 0 | E33: =+C33+D33 -> 0 | F33: =+'1'!G31+'3'!G31+'4'!G31+'5'!G31+'6'!G31+'7'!G31+'8'!G31+'10'!G31+'11'!G31+'12'!G31+'13'!G31+'14'!G31+'15'!G31+'17'!G31+'18'!G31+'19'!G31+'20'!G31+'21'!G31+'22'!G31+'24'!G31+'25'!G31+'26'!G31+'27'!G31+'28'!G31+'29'!G31+'31'!G31 -> 0 | H33: =+'1'!H31+'3'!H31+'4'!H31+'5'!H31+'6'!H31+'7'!H31+'8'!H31+'10'!H31+'11'!H31+'12'!H31+'13'!H31+'14'!H31+'15'!H31+'17'!H31+'18'!H31+'19'!H31+'20'!H31+'21'!H31+'22'!H31+'24'!H31+'25'!H31+'26'!H31+'27'!H31+'28'!H31+'29'!H31+'31'!H31 -> 0 | I33: 250 | J33: =+'1'!J31+'3'!J31+'4'!J31+'5'!J31+'6'!J31+'7'!J31+'8'!J31+'10'!J31+'11'!J31+'12'!J31+'13'!J31+'14'!J31+'15'!J31+'17'!J31+'18'!J31+'19'!J31+'20'!J31+'21'!J31+'22'!J31+'24'!J31+'25'!J31+'26'!J31+'27'!J31+'28'!J31+'29'!J31+'31'!J31 -> 0 | L33: 29 | M33: =+'29'!J58 -> 520 | R33: =+'29'!J60 -> 420 | S33: =+M33-N33-P33-R33-Q33 -> 100 | T33: =+'29'!J61 -> 100 | U33: =+T33-S33 -> 0
A34: 30 | B34: กระดานวาดเขียน | D34: =+'1'!F32+'3'!F32+'4'!F32+'5'!F32+'6'!F32+'7'!F32+'8'!F32+'10'!F32+'11'!F32+'12'!F32+'13'!F32+'14'!F32+'15'!F32+'17'!F32+'18'!F32+'19'!F32+'20'!F32+'21'!F32+'22'!F32+'24'!F32+'25'!F32+'26'!F32+'27'!F32+'28'!F32+'29'!F32+'31'!F32 -> 0 | E34: =+C34+D34 -> 0 | F34: =+'1'!G32+'3'!G32+'4'!G32+'5'!G32+'6'!G32+'7'!G32+'8'!G32+'10'!G32+'11'!G32+'12'!G32+'13'!G32+'14'!G32+'15'!G32+'17'!G32+'18'!G32+'19'!G32+'20'!G32+'21'!G32+'22'!G32+'24'!G32+'25'!G32+'26'!G32+'27'!G32+'28'!G32+'29'!G32+'31'!G32 -> 0 | H34: =+'1'!H32+'3'!H32+'4'!H32+'5'!H32+'6'!H32+'7'!H32+'8'!H32+'10'!H32+'11'!H32+'12'!H32+'13'!H32+'14'!H32+'15'!H32+'17'!H32+'18'!H32+'19'!H32+'20'!H32+'21'!H32+'22'!H32+'24'!H32+'25'!H32+'26'!H32+'27'!H32+'28'!H32+'29'!H32+'31'!H32 -> 0 | I34: 250 | J34: =+'1'!J32+'3'!J32+'4'!J32+'5'!J32+'6'!J32+'7'!J32+'8'!J32+'10'!J32+'11'!J32+'12'!J32+'13'!J32+'14'!J32+'15'!J32+'17'!J32+'18'!J32+'19'!J32+'20'!J32+'21'!J32+'22'!J32+'24'!J32+'25'!J32+'26'!J32+'27'!J32+'28'!J32+'29'!J32+'31'!J32 -> 0 | L34: 30 | M34: 0 | R34: 0 | S34: =+M34-N34-P34-R34-Q34 -> 0 | T34: 0 | U34: =+T34-S34 -> 0
A35: 31 | B35: เป็ดแม่ | D35: =+'1'!F33+'3'!F33+'4'!F33+'5'!F33+'6'!F33+'7'!F33+'8'!F33+'10'!F33+'11'!F33+'12'!F33+'13'!F33+'14'!F33+'15'!F33+'17'!F33+'18'!F33+'19'!F33+'20'!F33+'21'!F33+'22'!F33+'24'!F33+'25'!F33+'26'!F33+'27'!F33+'28'!F33+'29'!F33+'31'!F33 -> 0 | E35: =+C35+D35 -> 0 | F35: =+'1'!G33+'3'!G33+'4'!G33+'5'!G33+'6'!G33+'7'!G33+'8'!G33+'10'!G33+'11'!G33+'12'!G33+'13'!G33+'14'!G33+'15'!G33+'17'!G33+'18'!G33+'19'!G33+'20'!G33+'21'!G33+'22'!G33+'24'!G33+'25'!G33+'26'!G33+'27'!G33+'28'!G33+'29'!G33+'31'!G33 -> 0 | H35: =+'1'!H33+'3'!H33+'4'!H33+'5'!H33+'6'!H33+'7'!H33+'8'!H33+'10'!H33+'11'!H33+'12'!H33+'13'!H33+'14'!H33+'15'!H33+'17'!H33+'18'!H33+'19'!H33+'20'!H33+'21'!H33+'22'!H33+'24'!H33+'25'!H33+'26'!H33+'27'!H33+'28'!H33+'29'!H33+'31'!H33 -> 0 | I35: 250 | J35: =+'1'!J33+'3'!J33+'4'!J33+'5'!J33+'6'!J33+'7'!J33+'8'!J33+'10'!J33+'11'!J33+'12'!J33+'13'!J33+'14'!J33+'15'!J33+'17'!J33+'18'!J33+'19'!J33+'20'!J33+'21'!J33+'22'!J33+'24'!J33+'25'!J33+'26'!J33+'27'!J33+'28'!J33+'29'!J33+'31'!J33 -> 0 | L35: 31 | M35: =+'31'!J58 -> 870 | R35: =+'31'!J60 -> 200 | S35: =+M35-N35-P35-R35-Q35 -> 670 | T35: =+'31'!J61 -> 670 | U35: =+T35-S35 -> 0
A36: 32 | B36: เป็ดลูก | C36: 3 | D36: =+'1'!F34+'3'!F34+'4'!F34+'5'!F34+'6'!F34+'7'!F34+'8'!F34+'10'!F34+'11'!F34+'12'!F34+'13'!F34+'14'!F34+'15'!F34+'17'!F34+'18'!F34+'19'!F34+'20'!F34+'21'!F34+'22'!F34+'24'!F34+'25'!F34+'26'!F34+'27'!F34+'28'!F34+'29'!F34+'31'!F34 -> 0 | E36: =+C36+D36 -> 3 | F36: =+'1'!G34+'3'!G34+'4'!G34+'5'!G34+'6'!G34+'7'!G34+'8'!G34+'10'!G34+'11'!G34+'12'!G34+'13'!G34+'14'!G34+'15'!G34+'17'!G34+'18'!G34+'19'!G34+'20'!G34+'21'!G34+'22'!G34+'24'!G34+'25'!G34+'26'!G34+'27'!G34+'28'!G34+'29'!G34+'31'!G34 -> 0 | G36: 2 | H36: =+'1'!H34+'3'!H34+'4'!H34+'5'!H34+'6'!H34+'7'!H34+'8'!H34+'10'!H34+'11'!H34+'12'!H34+'13'!H34+'14'!H34+'15'!H34+'17'!H34+'18'!H34+'19'!H34+'20'!H34+'21'!H34+'22'!H34+'24'!H34+'25'!H34+'26'!H34+'27'!H34+'28'!H34+'29'!H34+'31'!H34 -> 1 | I36: 150 | J36: =+'1'!J34+'3'!J34+'4'!J34+'5'!J34+'6'!J34+'7'!J34+'8'!J34+'10'!J34+'11'!J34+'12'!J34+'13'!J34+'14'!J34+'15'!J34+'17'!J34+'18'!J34+'19'!J34+'20'!J34+'21'!J34+'22'!J34+'24'!J34+'25'!J34+'26'!J34+'27'!J34+'28'!J34+'29'!J34+'31'!J34 -> 150 | L36: รวม | M36: =SUM(M5:M35) -> 38355 | N36: =SUM(N5:N35) -> 0 | O36: =SUM(O5:O35) -> 0 | P36: =SUM(P5:P35) -> 0 | Q36: =SUM(Q5:Q35) -> 0 | R36: =SUM(R5:R35) -> 10135 | S36: =SUM(S5:S35) -> 28220 | T36: =SUM(T5:T35) -> 28220 | U36: =SUM(U5:U35) -> 0
A37: 33 | B37: ตัวบีบ | C37: 10 | D37: =+'1'!F35+'3'!F35+'4'!F35+'5'!F35+'6'!F35+'7'!F35+'8'!F35+'10'!F35+'11'!F35+'12'!F35+'13'!F35+'14'!F35+'15'!F35+'17'!F35+'18'!F35+'19'!F35+'20'!F35+'21'!F35+'22'!F35+'24'!F35+'25'!F35+'26'!F35+'27'!F35+'28'!F35+'29'!F35+'31'!F35 -> 14 | E37: =+C37+D37 -> 24 | F37: =+'1'!G35+'3'!G35+'4'!G35+'5'!G35+'6'!G35+'7'!G35+'8'!G35+'10'!G35+'11'!G35+'12'!G35+'13'!G35+'14'!G35+'15'!G35+'17'!G35+'18'!G35+'19'!G35+'20'!G35+'21'!G35+'22'!G35+'24'!G35+'25'!G35+'26'!G35+'27'!G35+'28'!G35+'29'!G35+'31'!G35 -> 1 | G37: 9 | H37: =+'1'!H35+'3'!H35+'4'!H35+'5'!H35+'6'!H35+'7'!H35+'8'!H35+'10'!H35+'11'!H35+'12'!H35+'13'!H35+'14'!H35+'15'!H35+'17'!H35+'18'!H35+'19'!H35+'20'!H35+'21'!H35+'22'!H35+'24'!H35+'25'!H35+'26'!H35+'27'!H35+'28'!H35+'29'!H35+'31'!H35 -> 14 | I37: 60 | J37: =+'1'!J35+'3'!J35+'4'!J35+'5'!J35+'6'!J35+'7'!J35+'8'!J35+'10'!J35+'11'!J35+'12'!J35+'13'!J35+'14'!J35+'15'!J35+'17'!J35+'18'!J35+'19'!J35+'20'!J35+'21'!J35+'22'!J35+'24'!J35+'25'!J35+'26'!J35+'27'!J35+'28'!J35+'29'!J35+'31'!J35 -> 840
A38: 34 | B38: ลานม้า | C38: 1 | D38: =+'1'!F36+'3'!F36+'4'!F36+'5'!F36+'6'!F36+'7'!F36+'8'!F36+'10'!F36+'11'!F36+'12'!F36+'13'!F36+'14'!F36+'15'!F36+'17'!F36+'18'!F36+'19'!F36+'20'!F36+'21'!F36+'22'!F36+'24'!F36+'25'!F36+'26'!F36+'27'!F36+'28'!F36+'29'!F36+'31'!F36 -> 0 | E38: =+C38+D38 -> 1 | F38: =+'1'!G36+'3'!G36+'4'!G36+'5'!G36+'6'!G36+'7'!G36+'8'!G36+'10'!G36+'11'!G36+'12'!G36+'13'!G36+'14'!G36+'15'!G36+'17'!G36+'18'!G36+'19'!G36+'20'!G36+'21'!G36+'22'!G36+'24'!G36+'25'!G36+'26'!G36+'27'!G36+'28'!G36+'29'!G36+'31'!G36 -> 0 | H38: =+'1'!H36+'3'!H36+'4'!H36+'5'!H36+'6'!H36+'7'!H36+'8'!H36+'10'!H36+'11'!H36+'12'!H36+'13'!H36+'14'!H36+'15'!H36+'17'!H36+'18'!H36+'19'!H36+'20'!H36+'21'!H36+'22'!H36+'24'!H36+'25'!H36+'26'!H36+'27'!H36+'28'!H36+'29'!H36+'31'!H36 -> 1 | I38: 100 | J38: =+'1'!J36+'3'!J36+'4'!J36+'5'!J36+'6'!J36+'7'!J36+'8'!J36+'10'!J36+'11'!J36+'12'!J36+'13'!J36+'14'!J36+'15'!J36+'17'!J36+'18'!J36+'19'!J36+'20'!J36+'21'!J36+'22'!J36+'24'!J36+'25'!J36+'26'!J36+'27'!J36+'28'!J36+'29'!J36+'31'!J36 -> 100
A39: 35 | B39: กระดานวาดเขียน(ใหม่) | D39: =+'1'!F37+'3'!F37+'4'!F37+'5'!F37+'6'!F37+'7'!F37+'8'!F37+'10'!F37+'11'!F37+'12'!F37+'13'!F37+'14'!F37+'15'!F37+'17'!F37+'18'!F37+'19'!F37+'20'!F37+'21'!F37+'22'!F37+'24'!F37+'25'!F37+'26'!F37+'27'!F37+'28'!F37+'29'!F37+'31'!F37 -> 0 | E39: =+C39+D39 -> 0 | F39: =+'1'!G37+'3'!G37+'4'!G37+'5'!G37+'6'!G37+'7'!G37+'8'!G37+'10'!G37+'11'!G37+'12'!G37+'13'!G37+'14'!G37+'15'!G37+'17'!G37+'18'!G37+'19'!G37+'20'!G37+'21'!G37+'22'!G37+'24'!G37+'25'!G37+'26'!G37+'27'!G37+'28'!G37+'29'!G37+'31'!G37 -> 0 | H39: =+'1'!H37+'3'!H37+'4'!H37+'5'!H37+'6'!H37+'7'!H37+'8'!H37+'10'!H37+'11'!H37+'12'!H37+'13'!H37+'14'!H37+'15'!H37+'17'!H37+'18'!H37+'19'!H37+'20'!H37+'21'!H37+'22'!H37+'24'!H37+'25'!H37+'26'!H37+'27'!H37+'28'!H37+'29'!H37+'31'!H37 -> 0 | I39: 200 | J39: =+'1'!J37+'3'!J37+'4'!J37+'5'!J37+'6'!J37+'7'!J37+'8'!J37+'10'!J37+'11'!J37+'12'!J37+'13'!J37+'14'!J37+'15'!J37+'17'!J37+'18'!J37+'19'!J37+'20'!J37+'21'!J37+'22'!J37+'24'!J37+'25'!J37+'26'!J37+'27'!J37+'28'!J37+'29'!J37+'31'!J37 -> 0
A40: 36 | B40: ตุ๊กตา | D40: =+'1'!F38+'3'!F38+'4'!F38+'5'!F38+'6'!F38+'7'!F38+'8'!F38+'10'!F38+'11'!F38+'12'!F38+'13'!F38+'14'!F38+'15'!F38+'17'!F38+'18'!F38+'19'!F38+'20'!F38+'21'!F38+'22'!F38+'24'!F38+'25'!F38+'26'!F38+'27'!F38+'28'!F38+'29'!F38+'31'!F38 -> 0 | E40: =+C40+D40 -> 0 | F40: =+'1'!G38+'3'!G38+'4'!G38+'5'!G38+'6'!G38+'7'!G38+'8'!G38+'10'!G38+'11'!G38+'12'!G38+'13'!G38+'14'!G38+'15'!G38+'17'!G38+'18'!G38+'19'!G38+'20'!G38+'21'!G38+'22'!G38+'24'!G38+'25'!G38+'26'!G38+'27'!G38+'28'!G38+'29'!G38+'31'!G38 -> 0 | H40: =+'1'!H38+'3'!H38+'4'!H38+'5'!H38+'6'!H38+'7'!H38+'8'!H38+'10'!H38+'11'!H38+'12'!H38+'13'!H38+'14'!H38+'15'!H38+'17'!H38+'18'!H38+'19'!H38+'20'!H38+'21'!H38+'22'!H38+'24'!H38+'25'!H38+'26'!H38+'27'!H38+'28'!H38+'29'!H38+'31'!H38 -> 0 | I40: 150 | J40: =+'1'!J38+'3'!J38+'4'!J38+'5'!J38+'6'!J38+'7'!J38+'8'!J38+'10'!J38+'11'!J38+'12'!J38+'13'!J38+'14'!J38+'15'!J38+'17'!J38+'18'!J38+'19'!J38+'20'!J38+'21'!J38+'22'!J38+'24'!J38+'25'!J38+'26'!J38+'27'!J38+'28'!J38+'29'!J38+'31'!J38 -> 0
A41: 37 | B41: ตุ๊กตานางฟ้าเต้น | C41: 1 | D41: =+'1'!F39+'3'!F39+'4'!F39+'5'!F39+'6'!F39+'7'!F39+'8'!F39+'10'!F39+'11'!F39+'12'!F39+'13'!F39+'14'!F39+'15'!F39+'17'!F39+'18'!F39+'19'!F39+'20'!F39+'21'!F39+'22'!F39+'24'!F39+'25'!F39+'26'!F39+'27'!F39+'28'!F39+'29'!F39+'31'!F39 -> 0 | E41: =+C41+D41 -> 1 | F41: =+'1'!G39+'3'!G39+'4'!G39+'5'!G39+'6'!G39+'7'!G39+'8'!G39+'10'!G39+'11'!G39+'12'!G39+'13'!G39+'14'!G39+'15'!G39+'17'!G39+'18'!G39+'19'!G39+'20'!G39+'21'!G39+'22'!G39+'24'!G39+'25'!G39+'26'!G39+'27'!G39+'28'!G39+'29'!G39+'31'!G39 -> 0 | G41: 1 | H41: =+'1'!H39+'3'!H39+'4'!H39+'5'!H39+'6'!H39+'7'!H39+'8'!H39+'10'!H39+'11'!H39+'12'!H39+'13'!H39+'14'!H39+'15'!H39+'17'!H39+'18'!H39+'19'!H39+'20'!H39+'21'!H39+'22'!H39+'24'!H39+'25'!H39+'26'!H39+'27'!H39+'28'!H39+'29'!H39+'31'!H39 -> 0 | I41: 400 | J41: =+'1'!J39+'3'!J39+'4'!J39+'5'!J39+'6'!J39+'7'!J39+'8'!J39+'10'!J39+'11'!J39+'12'!J39+'13'!J39+'14'!J39+'15'!J39+'17'!J39+'18'!J39+'19'!J39+'20'!J39+'21'!J39+'22'!J39+'24'!J39+'25'!J39+'26'!J39+'27'!J39+'28'!J39+'29'!J39+'31'!J39 -> 0
A42: 38 | B42: สลาม | C42: 27 | D42: =+'1'!F40+'3'!F40+'4'!F40+'5'!F40+'6'!F40+'7'!F40+'8'!F40+'10'!F40+'11'!F40+'12'!F40+'13'!F40+'14'!F40+'15'!F40+'17'!F40+'18'!F40+'19'!F40+'20'!F40+'21'!F40+'22'!F40+'24'!F40+'25'!F40+'26'!F40+'27'!F40+'28'!F40+'29'!F40+'31'!F40 -> 24 | E42: =+C42+D42 -> 51 | F42: =+'1'!G40+'3'!G40+'4'!G40+'5'!G40+'6'!G40+'7'!G40+'8'!G40+'10'!G40+'11'!G40+'12'!G40+'13'!G40+'14'!G40+'15'!G40+'17'!G40+'18'!G40+'19'!G40+'20'!G40+'21'!G40+'22'!G40+'24'!G40+'25'!G40+'26'!G40+'27'!G40+'28'!G40+'29'!G40+'31'!G40 -> 0 | G42: 24 | H42: =+'1'!H40+'3'!H40+'4'!H40+'5'!H40+'6'!H40+'7'!H40+'8'!H40+'10'!H40+'11'!H40+'12'!H40+'13'!H40+'14'!H40+'15'!H40+'17'!H40+'18'!H40+'19'!H40+'20'!H40+'21'!H40+'22'!H40+'24'!H40+'25'!H40+'26'!H40+'27'!H40+'28'!H40+'29'!H40+'31'!H40 -> 27 | I42: 100 | J42: =+'1'!J40+'3'!J40+'4'!J40+'5'!J40+'6'!J40+'7'!J40+'8'!J40+'10'!J40+'11'!J40+'12'!J40+'13'!J40+'14'!J40+'15'!J40+'17'!J40+'18'!J40+'19'!J40+'20'!J40+'21'!J40+'22'!J40+'24'!J40+'25'!J40+'26'!J40+'27'!J40+'28'!J40+'29'!J40+'31'!J40 -> 2700
A43: 39 | B43: โฟนโฟน | C43: 1 | D43: =+'1'!F41+'3'!F41+'4'!F41+'5'!F41+'6'!F41+'7'!F41+'8'!F41+'10'!F41+'11'!F41+'12'!F41+'13'!F41+'14'!F41+'15'!F41+'17'!F41+'18'!F41+'19'!F41+'20'!F41+'21'!F41+'22'!F41+'24'!F41+'25'!F41+'26'!F41+'27'!F41+'28'!F41+'29'!F41+'31'!F41 -> 0 | E43: =+C43+D43 -> 1 | F43: =+'1'!G41+'3'!G41+'4'!G41+'5'!G41+'6'!G41+'7'!G41+'8'!G41+'10'!G41+'11'!G41+'12'!G41+'13'!G41+'14'!G41+'15'!G41+'17'!G41+'18'!G41+'19'!G41+'20'!G41+'21'!G41+'22'!G41+'24'!G41+'25'!G41+'26'!G41+'27'!G41+'28'!G41+'29'!G41+'31'!G41 -> 0 | G43: 1 | H43: =+'1'!H41+'3'!H41+'4'!H41+'5'!H41+'6'!H41+'7'!H41+'8'!H41+'10'!H41+'11'!H41+'12'!H41+'13'!H41+'14'!H41+'15'!H41+'17'!H41+'18'!H41+'19'!H41+'20'!H41+'21'!H41+'22'!H41+'24'!H41+'25'!H41+'26'!H41+'27'!H41+'28'!H41+'29'!H41+'31'!H41 -> 0 | I43: 300 | J43: =+'1'!J41+'3'!J41+'4'!J41+'5'!J41+'6'!J41+'7'!J41+'8'!J41+'10'!J41+'11'!J41+'12'!J41+'13'!J41+'14'!J41+'15'!J41+'17'!J41+'18'!J41+'19'!J41+'20'!J41+'21'!J41+'22'!J41+'24'!J41+'25'!J41+'26'!J41+'27'!J41+'28'!J41+'29'!J41+'31'!J41 -> 0
A44: 40 | B44: กดหัวลาน | C44: 5 | D44: =+'1'!F42+'3'!F42+'4'!F42+'5'!F42+'6'!F42+'7'!F42+'8'!F42+'10'!F42+'11'!F42+'12'!F42+'13'!F42+'14'!F42+'15'!F42+'17'!F42+'18'!F42+'19'!F42+'20'!F42+'21'!F42+'22'!F42+'24'!F42+'25'!F42+'26'!F42+'27'!F42+'28'!F42+'29'!F42+'31'!F42 -> 12 | E44: =+C44+D44 -> 17 | F44: =+'1'!G42+'3'!G42+'4'!G42+'5'!G42+'6'!G42+'7'!G42+'8'!G42+'10'!G42+'11'!G42+'12'!G42+'13'!G42+'14'!G42+'15'!G42+'17'!G42+'18'!G42+'19'!G42+'20'!G42+'21'!G42+'22'!G42+'24'!G42+'25'!G42+'26'!G42+'27'!G42+'28'!G42+'29'!G42+'31'!G42 -> 0 | G44: 10 | H44: =+'1'!H42+'3'!H42+'4'!H42+'5'!H42+'6'!H42+'7'!H42+'8'!H42+'10'!H42+'11'!H42+'12'!H42+'13'!H42+'14'!H42+'15'!H42+'17'!H42+'18'!H42+'19'!H42+'20'!H42+'21'!H42+'22'!H42+'24'!H42+'25'!H42+'26'!H42+'27'!H42+'28'!H42+'29'!H42+'31'!H42 -> 7 | I44: 180 | J44: =+'1'!J42+'3'!J42+'4'!J42+'5'!J42+'6'!J42+'7'!J42+'8'!J42+'10'!J42+'11'!J42+'12'!J42+'13'!J42+'14'!J42+'15'!J42+'17'!J42+'18'!J42+'19'!J42+'20'!J42+'21'!J42+'22'!J42+'24'!J42+'25'!J42+'26'!J42+'27'!J42+'28'!J42+'29'!J42+'31'!J42 -> 1260
A45: 41 | B45: รถแม็คโคร | C45: 10 | D45: =+'1'!F43+'3'!F43+'4'!F43+'5'!F43+'6'!F43+'7'!F43+'8'!F43+'10'!F43+'11'!F43+'12'!F43+'13'!F43+'14'!F43+'15'!F43+'17'!F43+'18'!F43+'19'!F43+'20'!F43+'21'!F43+'22'!F43+'24'!F43+'25'!F43+'26'!F43+'27'!F43+'28'!F43+'29'!F43+'31'!F43 -> 0 | E45: =+C45+D45 -> 10 | F45: =+'1'!G43+'3'!G43+'4'!G43+'5'!G43+'6'!G43+'7'!G43+'8'!G43+'10'!G43+'11'!G43+'12'!G43+'13'!G43+'14'!G43+'15'!G43+'17'!G43+'18'!G43+'19'!G43+'20'!G43+'21'!G43+'22'!G43+'24'!G43+'25'!G43+'26'!G43+'27'!G43+'28'!G43+'29'!G43+'31'!G43 -> 0 | G45: 10 | H45: =+'1'!H43+'3'!H43+'4'!H43+'5'!H43+'6'!H43+'7'!H43+'8'!H43+'10'!H43+'11'!H43+'12'!H43+'13'!H43+'14'!H43+'15'!H43+'17'!H43+'18'!H43+'19'!H43+'20'!H43+'21'!H43+'22'!H43+'24'!H43+'25'!H43+'26'!H43+'27'!H43+'28'!H43+'29'!H43+'31'!H43 -> 0 | I45: 200 | J45: =+'1'!J43+'3'!J43+'4'!J43+'5'!J43+'6'!J43+'7'!J43+'8'!J43+'10'!J43+'11'!J43+'12'!J43+'13'!J43+'14'!J43+'15'!J43+'17'!J43+'18'!J43+'19'!J43+'20'!J43+'21'!J43+'22'!J43+'24'!J43+'25'!J43+'26'!J43+'27'!J43+'28'!J43+'29'!J43+'31'!J43 -> 0
A46: 42 | B46: ดินเบา | C46: 3 | D46: =+'1'!F44+'3'!F44+'4'!F44+'5'!F44+'6'!F44+'7'!F44+'8'!F44+'10'!F44+'11'!F44+'12'!F44+'13'!F44+'14'!F44+'15'!F44+'17'!F44+'18'!F44+'19'!F44+'20'!F44+'21'!F44+'22'!F44+'24'!F44+'25'!F44+'26'!F44+'27'!F44+'28'!F44+'29'!F44+'31'!F44 -> 0 | E46: =+C46+D46 -> 3 | F46: =+'1'!G44+'3'!G44+'4'!G44+'5'!G44+'6'!G44+'7'!G44+'8'!G44+'10'!G44+'11'!G44+'12'!G44+'13'!G44+'14'!G44+'15'!G44+'17'!G44+'18'!G44+'19'!G44+'20'!G44+'21'!G44+'22'!G44+'24'!G44+'25'!G44+'26'!G44+'27'!G44+'28'!G44+'29'!G44+'31'!G44 -> 0 | H46: =+'1'!H44+'3'!H44+'4'!H44+'5'!H44+'6'!H44+'7'!H44+'8'!H44+'10'!H44+'11'!H44+'12'!H44+'13'!H44+'14'!H44+'15'!H44+'17'!H44+'18'!H44+'19'!H44+'20'!H44+'21'!H44+'22'!H44+'24'!H44+'25'!H44+'26'!H44+'27'!H44+'28'!H44+'29'!H44+'31'!H44 -> 3 | I46: 100 | J46: =+'1'!J44+'3'!J44+'4'!J44+'5'!J44+'6'!J44+'7'!J44+'8'!J44+'10'!J44+'11'!J44+'12'!J44+'13'!J44+'14'!J44+'15'!J44+'17'!J44+'18'!J44+'19'!J44+'20'!J44+'21'!J44+'22'!J44+'24'!J44+'25'!J44+'26'!J44+'27'!J44+'28'!J44+'29'!J44+'31'!J44 -> 300
A47: 43 | B47: รถตัก | C47: 0 | D47: =+'1'!F45+'3'!F45+'4'!F45+'5'!F45+'6'!F45+'7'!F45+'8'!F45+'10'!F45+'11'!F45+'12'!F45+'13'!F45+'14'!F45+'15'!F45+'17'!F45+'18'!F45+'19'!F45+'20'!F45+'21'!F45+'22'!F45+'24'!F45+'25'!F45+'26'!F45+'27'!F45+'28'!F45+'29'!F45+'31'!F45 -> 4 | E47: =+C47+D47 -> 4 | F47: =+'1'!G45+'3'!G45+'4'!G45+'5'!G45+'6'!G45+'7'!G45+'8'!G45+'10'!G45+'11'!G45+'12'!G45+'13'!G45+'14'!G45+'15'!G45+'17'!G45+'18'!G45+'19'!G45+'20'!G45+'21'!G45+'22'!G45+'24'!G45+'25'!G45+'26'!G45+'27'!G45+'28'!G45+'29'!G45+'31'!G45 -> 0 | H47: =+'1'!H45+'3'!H45+'4'!H45+'5'!H45+'6'!H45+'7'!H45+'8'!H45+'10'!H45+'11'!H45+'12'!H45+'13'!H45+'14'!H45+'15'!H45+'17'!H45+'18'!H45+'19'!H45+'20'!H45+'21'!H45+'22'!H45+'24'!H45+'25'!H45+'26'!H45+'27'!H45+'28'!H45+'29'!H45+'31'!H45 -> 4 | I47: 150 | J47: =+'1'!J45+'3'!J45+'4'!J45+'5'!J45+'6'!J45+'7'!J45+'8'!J45+'10'!J45+'11'!J45+'12'!J45+'13'!J45+'14'!J45+'15'!J45+'17'!J45+'18'!J45+'19'!J45+'20'!J45+'21'!J45+'22'!J45+'24'!J45+'25'!J45+'26'!J45+'27'!J45+'28'!J45+'29'!J45+'31'!J45 -> 600
A48: 44 | B48: ชุดแต่งหน้าเด็ก | C48: 0 | D48: =+'1'!F46+'3'!F46+'4'!F46+'5'!F46+'6'!F46+'7'!F46+'8'!F46+'10'!F46+'11'!F46+'12'!F46+'13'!F46+'14'!F46+'15'!F46+'17'!F46+'18'!F46+'19'!F46+'20'!F46+'21'!F46+'22'!F46+'24'!F46+'25'!F46+'26'!F46+'27'!F46+'28'!F46+'29'!F46+'31'!F46 -> 2 | E48: =+C48+D48 -> 2 | F48: =+'1'!G46+'3'!G46+'4'!G46+'5'!G46+'6'!G46+'7'!G46+'8'!G46+'10'!G46+'11'!G46+'12'!G46+'13'!G46+'14'!G46+'15'!G46+'17'!G46+'18'!G46+'19'!G46+'20'!G46+'21'!G46+'22'!G46+'24'!G46+'25'!G46+'26'!G46+'27'!G46+'28'!G46+'29'!G46+'31'!G46 -> 0 | G48: 1 | H48: =+'1'!H46+'3'!H46+'4'!H46+'5'!H46+'6'!H46+'7'!H46+'8'!H46+'10'!H46+'11'!H46+'12'!H46+'13'!H46+'14'!H46+'15'!H46+'17'!H46+'18'!H46+'19'!H46+'20'!H46+'21'!H46+'22'!H46+'24'!H46+'25'!H46+'26'!H46+'27'!H46+'28'!H46+'29'!H46+'31'!H46 -> 1 | I48: 500 | J48: =+'1'!J46+'3'!J46+'4'!J46+'5'!J46+'6'!J46+'7'!J46+'8'!J46+'10'!J46+'11'!J46+'12'!J46+'13'!J46+'14'!J46+'15'!J46+'17'!J46+'18'!J46+'19'!J46+'20'!J46+'21'!J46+'22'!J46+'24'!J46+'25'!J46+'26'!J46+'27'!J46+'28'!J46+'29'!J46+'31'!J46 -> 500
A49: 45 | B49: ไดโนเสาร์ | C49: 0 | D49: =+'1'!F47+'3'!F47+'4'!F47+'5'!F47+'6'!F47+'7'!F47+'8'!F47+'10'!F47+'11'!F47+'12'!F47+'13'!F47+'14'!F47+'15'!F47+'17'!F47+'18'!F47+'19'!F47+'20'!F47+'21'!F47+'22'!F47+'24'!F47+'25'!F47+'26'!F47+'27'!F47+'28'!F47+'29'!F47+'31'!F47 -> 9 | E49: =+C49+D49 -> 9 | F49: =+'1'!G47+'3'!G47+'4'!G47+'5'!G47+'6'!G47+'7'!G47+'8'!G47+'10'!G47+'11'!G47+'12'!G47+'13'!G47+'14'!G47+'15'!G47+'17'!G47+'18'!G47+'19'!G47+'20'!G47+'21'!G47+'22'!G47+'24'!G47+'25'!G47+'26'!G47+'27'!G47+'28'!G47+'29'!G47+'31'!G47 -> 0 | G49: 8 | H49: =+'1'!H47+'3'!H47+'4'!H47+'5'!H47+'6'!H47+'7'!H47+'8'!H47+'10'!H47+'11'!H47+'12'!H47+'13'!H47+'14'!H47+'15'!H47+'17'!H47+'18'!H47+'19'!H47+'20'!H47+'21'!H47+'22'!H47+'24'!H47+'25'!H47+'26'!H47+'27'!H47+'28'!H47+'29'!H47+'31'!H47 -> 1 | I49: 100 | J49: =+'1'!J47+'3'!J47+'4'!J47+'5'!J47+'6'!J47+'7'!J47+'8'!J47+'10'!J47+'11'!J47+'12'!J47+'13'!J47+'14'!J47+'15'!J47+'17'!J47+'18'!J47+'19'!J47+'20'!J47+'21'!J47+'22'!J47+'24'!J47+'25'!J47+'26'!J47+'27'!J47+'28'!J47+'29'!J47+'31'!J47 -> 100
A50: 46 | B50: เป็ดฟองอากาศ | C50: 0 | D50: =+'1'!F48+'3'!F48+'4'!F48+'5'!F48+'6'!F48+'7'!F48+'8'!F48+'10'!F48+'11'!F48+'12'!F48+'13'!F48+'14'!F48+'15'!F48+'17'!F48+'18'!F48+'19'!F48+'20'!F48+'21'!F48+'22'!F48+'24'!F48+'25'!F48+'26'!F48+'27'!F48+'28'!F48+'29'!F48+'31'!F48 -> 1 | E50: =+C50+D50 -> 1 | F50: =+'1'!G48+'3'!G48+'4'!G48+'5'!G48+'6'!G48+'7'!G48+'8'!G48+'10'!G48+'11'!G48+'12'!G48+'13'!G48+'14'!G48+'15'!G48+'17'!G48+'18'!G48+'19'!G48+'20'!G48+'21'!G48+'22'!G48+'24'!G48+'25'!G48+'26'!G48+'27'!G48+'28'!G48+'29'!G48+'31'!G48 -> 1 | H50: =+'1'!H48+'3'!H48+'4'!H48+'5'!H48+'6'!H48+'7'!H48+'8'!H48+'10'!H48+'11'!H48+'12'!H48+'13'!H48+'14'!H48+'15'!H48+'17'!H48+'18'!H48+'19'!H48+'20'!H48+'21'!H48+'22'!H48+'24'!H48+'25'!H48+'26'!H48+'27'!H48+'28'!H48+'29'!H48+'31'!H48 -> 0 | I50: 450 | J50: =+'1'!J48+'3'!J48+'4'!J48+'5'!J48+'6'!J48+'7'!J48+'8'!J48+'10'!J48+'11'!J48+'12'!J48+'13'!J48+'14'!J48+'15'!J48+'17'!J48+'18'!J48+'19'!J48+'20'!J48+'21'!J48+'22'!J48+'24'!J48+'25'!J48+'26'!J48+'27'!J48+'28'!J48+'29'!J48+'31'!J48 -> 0
A51: 47 | B51: ปลาโลมา | C51: 0 | D51: =+'1'!F49+'3'!F49+'4'!F49+'5'!F49+'6'!F49+'7'!F49+'8'!F49+'10'!F49+'11'!F49+'12'!F49+'13'!F49+'14'!F49+'15'!F49+'17'!F49+'18'!F49+'19'!F49+'20'!F49+'21'!F49+'22'!F49+'24'!F49+'25'!F49+'26'!F49+'27'!F49+'28'!F49+'29'!F49+'31'!F49 -> 1 | E51: =+C51+D51 -> 1 | F51: =+'1'!G49+'3'!G49+'4'!G49+'5'!G49+'6'!G49+'7'!G49+'8'!G49+'10'!G49+'11'!G49+'12'!G49+'13'!G49+'14'!G49+'15'!G49+'17'!G49+'18'!G49+'19'!G49+'20'!G49+'21'!G49+'22'!G49+'24'!G49+'25'!G49+'26'!G49+'27'!G49+'28'!G49+'29'!G49+'31'!G49 -> 1 | H51: =+'1'!H49+'3'!H49+'4'!H49+'5'!H49+'6'!H49+'7'!H49+'8'!H49+'10'!H49+'11'!H49+'12'!H49+'13'!H49+'14'!H49+'15'!H49+'17'!H49+'18'!H49+'19'!H49+'20'!H49+'21'!H49+'22'!H49+'24'!H49+'25'!H49+'26'!H49+'27'!H49+'28'!H49+'29'!H49+'31'!H49 -> 0 | I51: 400 | J51: =+'1'!J49+'3'!J49+'4'!J49+'5'!J49+'6'!J49+'7'!J49+'8'!J49+'10'!J49+'11'!J49+'12'!J49+'13'!J49+'14'!J49+'15'!J49+'17'!J49+'18'!J49+'19'!J49+'20'!J49+'21'!J49+'22'!J49+'24'!J49+'25'!J49+'26'!J49+'27'!J49+'28'!J49+'29'!J49+'31'!J49 -> 0
A52: 48 | B52: ชิฟฟ่อนสอดไส้บลูเบอร์รี่ 3 ชิ้น | C52: 0 | D52: =+'1'!F50+'3'!F50+'4'!F50+'5'!F50+'6'!F50+'7'!F50+'8'!F50+'10'!F50+'11'!F50+'12'!F50+'13'!F50+'14'!F50+'15'!F50+'17'!F50+'18'!F50+'19'!F50+'20'!F50+'21'!F50+'22'!F50+'24'!F50+'25'!F50+'26'!F50+'27'!F50+'28'!F50+'29'!F50+'31'!F50 -> 5 | E52: =+C52+D52 -> 5 | F52: =+'1'!G50+'3'!G50+'4'!G50+'5'!G50+'6'!G50+'7'!G50+'8'!G50+'10'!G50+'11'!G50+'12'!G50+'13'!G50+'14'!G50+'15'!G50+'17'!G50+'18'!G50+'19'!G50+'20'!G50+'21'!G50+'22'!G50+'24'!G50+'25'!G50+'26'!G50+'27'!G50+'28'!G50+'29'!G50+'31'!G50 -> 0 | H52: =+'1'!H50+'3'!H50+'4'!H50+'5'!H50+'6'!H50+'7'!H50+'8'!H50+'10'!H50+'11'!H50+'12'!H50+'13'!H50+'14'!H50+'15'!H50+'17'!H50+'18'!H50+'19'!H50+'20'!H50+'21'!H50+'22'!H50+'24'!H50+'25'!H50+'26'!H50+'27'!H50+'28'!H50+'29'!H50+'31'!H50 -> 5 | I52: 50 | J52: =+'1'!J50+'3'!J50+'4'!J50+'5'!J50+'6'!J50+'7'!J50+'8'!J50+'10'!J50+'11'!J50+'12'!J50+'13'!J50+'14'!J50+'15'!J50+'17'!J50+'18'!J50+'19'!J50+'20'!J50+'21'!J50+'22'!J50+'24'!J50+'25'!J50+'26'!J50+'27'!J50+'28'!J50+'29'!J50+'31'!J50 -> 250
A53: 49 | B53: ชิฟฟ่อนสอดไส้สตรอเบอร์รี่ 3 ชิ้น | C53: 0 | D53: =+'1'!F51+'3'!F51+'4'!F51+'5'!F51+'6'!F51+'7'!F51+'8'!F51+'10'!F51+'11'!F51+'12'!F51+'13'!F51+'14'!F51+'15'!F51+'17'!F51+'18'!F51+'19'!F51+'20'!F51+'21'!F51+'22'!F51+'24'!F51+'25'!F51+'26'!F51+'27'!F51+'28'!F51+'29'!F51+'31'!F51 -> 5 | E53: =+C53+D53 -> 5 | F53: =+'1'!G51+'3'!G51+'4'!G51+'5'!G51+'6'!G51+'7'!G51+'8'!G51+'10'!G51+'11'!G51+'12'!G51+'13'!G51+'14'!G51+'15'!G51+'17'!G51+'18'!G51+'19'!G51+'20'!G51+'21'!G51+'22'!G51+'24'!G51+'25'!G51+'26'!G51+'27'!G51+'28'!G51+'29'!G51+'31'!G51 -> 0 | H53: =+'1'!H51+'3'!H51+'4'!H51+'5'!H51+'6'!H51+'7'!H51+'8'!H51+'10'!H51+'11'!H51+'12'!H51+'13'!H51+'14'!H51+'15'!H51+'17'!H51+'18'!H51+'19'!H51+'20'!H51+'21'!H51+'22'!H51+'24'!H51+'25'!H51+'26'!H51+'27'!H51+'28'!H51+'29'!H51+'31'!H51 -> 5 | I53: 50 | J53: =+'1'!J51+'3'!J51+'4'!J51+'5'!J51+'6'!J51+'7'!J51+'8'!J51+'10'!J51+'11'!J51+'12'!J51+'13'!J51+'14'!J51+'15'!J51+'17'!J51+'18'!J51+'19'!J51+'20'!J51+'21'!J51+'22'!J51+'24'!J51+'25'!J51+'26'!J51+'27'!J51+'28'!J51+'29'!J51+'31'!J51 -> 250
A54: 50 | B54: ชิฟฟ่อนสอดไส้นมฮอกไกโด 3 ชิ้น | C54: 0 | D54: =+'1'!F52+'3'!F52+'4'!F52+'5'!F52+'6'!F52+'7'!F52+'8'!F52+'10'!F52+'11'!F52+'12'!F52+'13'!F52+'14'!F52+'15'!F52+'17'!F52+'18'!F52+'19'!F52+'20'!F52+'21'!F52+'22'!F52+'24'!F52+'25'!F52+'26'!F52+'27'!F52+'28'!F52+'29'!F52+'31'!F52 -> 5 | E54: =+C54+D54 -> 5 | F54: =+'1'!G52+'3'!G52+'4'!G52+'5'!G52+'6'!G52+'7'!G52+'8'!G52+'10'!G52+'11'!G52+'12'!G52+'13'!G52+'14'!G52+'15'!G52+'17'!G52+'18'!G52+'19'!G52+'20'!G52+'21'!G52+'22'!G52+'24'!G52+'25'!G52+'26'!G52+'27'!G52+'28'!G52+'29'!G52+'31'!G52 -> 0 | H54: =+'1'!H52+'3'!H52+'4'!H52+'5'!H52+'6'!H52+'7'!H52+'8'!H52+'10'!H52+'11'!H52+'12'!H52+'13'!H52+'14'!H52+'15'!H52+'17'!H52+'18'!H52+'19'!H52+'20'!H52+'21'!H52+'22'!H52+'24'!H52+'25'!H52+'26'!H52+'27'!H52+'28'!H52+'29'!H52+'31'!H52 -> 5 | I54: 50 | J54: =+'1'!J52+'3'!J52+'4'!J52+'5'!J52+'6'!J52+'7'!J52+'8'!J52+'10'!J52+'11'!J52+'12'!J52+'13'!J52+'14'!J52+'15'!J52+'17'!J52+'18'!J52+'19'!J52+'20'!J52+'21'!J52+'22'!J52+'24'!J52+'25'!J52+'26'!J52+'27'!J52+'28'!J52+'29'!J52+'31'!J52 -> 250
A55: 51 | B55: สกุชี่ซาลาเปา | C55: 0 | D55: =+'1'!F53+'3'!F53+'4'!F53+'5'!F53+'6'!F53+'7'!F53+'8'!F53+'10'!F53+'11'!F53+'12'!F53+'13'!F53+'14'!F53+'15'!F53+'17'!F53+'18'!F53+'19'!F53+'20'!F53+'21'!F53+'22'!F53+'24'!F53+'25'!F53+'26'!F53+'27'!F53+'28'!F53+'29'!F53+'31'!F53 -> 9 | E55: =+C55+D55 -> 9 | F55: =+'1'!G53+'3'!G53+'4'!G53+'5'!G53+'6'!G53+'7'!G53+'8'!G53+'10'!G53+'11'!G53+'12'!G53+'13'!G53+'14'!G53+'15'!G53+'17'!G53+'18'!G53+'19'!G53+'20'!G53+'21'!G53+'22'!G53+'24'!G53+'25'!G53+'26'!G53+'27'!G53+'28'!G53+'29'!G53+'31'!G53 -> 0 | G55: 1 | H55: =+'1'!H53+'3'!H53+'4'!H53+'5'!H53+'6'!H53+'7'!H53+'8'!H53+'10'!H53+'11'!H53+'12'!H53+'13'!H53+'14'!H53+'15'!H53+'17'!H53+'18'!H53+'19'!H53+'20'!H53+'21'!H53+'22'!H53+'24'!H53+'25'!H53+'26'!H53+'27'!H53+'28'!H53+'29'!H53+'31'!H53 -> 8 | I55: 100 | J55: 800
A56: 52 | B56: คฑามีไฟ | C56: 0 | D56: =+'1'!F54+'3'!F54+'4'!F54+'5'!F54+'6'!F54+'7'!F54+'8'!F54+'10'!F54+'11'!F54+'12'!F54+'13'!F54+'14'!F54+'15'!F54+'17'!F54+'18'!F54+'19'!F54+'20'!F54+'21'!F54+'22'!F54+'24'!F54+'25'!F54+'26'!F54+'27'!F54+'28'!F54+'29'!F54+'31'!F54 -> 13 | E56: =+C56+D56 -> 13 | F56: =+'1'!G54+'3'!G54+'4'!G54+'5'!G54+'6'!G54+'7'!G54+'8'!G54+'10'!G54+'11'!G54+'12'!G54+'13'!G54+'14'!G54+'15'!G54+'17'!G54+'18'!G54+'19'!G54+'20'!G54+'21'!G54+'22'!G54+'24'!G54+'25'!G54+'26'!G54+'27'!G54+'28'!G54+'29'!G54+'31'!G54 -> 0 | G56: 13 | H56: =+'1'!H54+'3'!H54+'4'!H54+'5'!H54+'6'!H54+'7'!H54+'8'!H54+'10'!H54+'11'!H54+'12'!H54+'13'!H54+'14'!H54+'15'!H54+'17'!H54+'18'!H54+'19'!H54+'20'!H54+'21'!H54+'22'!H54+'24'!H54+'25'!H54+'26'!H54+'27'!H54+'28'!H54+'29'!H54+'31'!H54 -> 0 | I56: 200 | J56: =+'1'!J54+'3'!J54+'4'!J54+'5'!J54+'6'!J54+'7'!J54+'8'!J54+'10'!J54+'11'!J54+'12'!J54+'13'!J54+'14'!J54+'15'!J54+'17'!J54+'18'!J54+'19'!J54+'20'!J54+'21'!J54+'22'!J54+'24'!J54+'25'!J54+'26'!J54+'27'!J54+'28'!J54+'29'!J54+'31'!J54 -> 0
A57: 53 | B57: โมชิโมชิ | C57: 0 | D57: =+'1'!F55+'3'!F55+'4'!F55+'5'!F55+'6'!F55+'7'!F55+'8'!F55+'10'!F55+'11'!F55+'12'!F55+'13'!F55+'14'!F55+'15'!F55+'17'!F55+'18'!F55+'19'!F55+'20'!F55+'21'!F55+'22'!F55+'24'!F55+'25'!F55+'26'!F55+'27'!F55+'28'!F55+'29'!F55+'31'!F55 -> 1 | E57: =+C57+D57 -> 1 | F57: =+'1'!G55+'3'!G55+'4'!G55+'5'!G55+'6'!G55+'7'!G55+'8'!G55+'10'!G55+'11'!G55+'12'!G55+'13'!G55+'14'!G55+'15'!G55+'17'!G55+'18'!G55+'19'!G55+'20'!G55+'21'!G55+'22'!G55+'24'!G55+'25'!G55+'26'!G55+'27'!G55+'28'!G55+'29'!G55+'31'!G55 -> 0 | G57: 1 | H57: =+'1'!H55+'3'!H55+'4'!H55+'5'!H55+'6'!H55+'7'!H55+'8'!H55+'10'!H55+'11'!H55+'12'!H55+'13'!H55+'14'!H55+'15'!H55+'17'!H55+'18'!H55+'19'!H55+'20'!H55+'21'!H55+'22'!H55+'24'!H55+'25'!H55+'26'!H55+'27'!H55+'28'!H55+'29'!H55+'31'!H55 -> 0 | I57: 80 | J57: 0
A58: 54 | B58: หมูบีบ | C58: 0 | D58: =+'1'!F56+'3'!F56+'4'!F56+'5'!F56+'6'!F56+'7'!F56+'8'!F56+'10'!F56+'11'!F56+'12'!F56+'13'!F56+'14'!F56+'15'!F56+'17'!F56+'18'!F56+'19'!F56+'20'!F56+'21'!F56+'22'!F56+'24'!F56+'25'!F56+'26'!F56+'27'!F56+'28'!F56+'29'!F56+'31'!F56 -> 9 | E58: =+C58+D58 -> 9 | F58: =+'1'!G56+'3'!G56+'4'!G56+'5'!G56+'6'!G56+'7'!G56+'8'!G56+'10'!G56+'11'!G56+'12'!G56+'13'!G56+'14'!G56+'15'!G56+'17'!G56+'18'!G56+'19'!G56+'20'!G56+'21'!G56+'22'!G56+'24'!G56+'25'!G56+'26'!G56+'27'!G56+'28'!G56+'29'!G56+'31'!G56 -> 0 | G58: 9 | H58: =+'1'!H56+'3'!H56+'4'!H56+'5'!H56+'6'!H56+'7'!H56+'8'!H56+'10'!H56+'11'!H56+'12'!H56+'13'!H56+'14'!H56+'15'!H56+'17'!H56+'18'!H56+'19'!H56+'20'!H56+'21'!H56+'22'!H56+'24'!H56+'25'!H56+'26'!H56+'27'!H56+'28'!H56+'29'!H56+'31'!H56 -> 0 | I58: 80 | J58: 0
A59: 55 | B59: รถถังช้างมีไฟ | C59: 0 | D59: =+'1'!F57+'3'!F57+'4'!F57+'5'!F57+'6'!F57+'7'!F57+'8'!F57+'10'!F57+'11'!F57+'12'!F57+'13'!F57+'14'!F57+'15'!F57+'17'!F57+'18'!F57+'19'!F57+'20'!F57+'21'!F57+'22'!F57+'24'!F57+'25'!F57+'26'!F57+'27'!F57+'28'!F57+'29'!F57+'31'!F57 -> 10 | E59: =+C59+D59 -> 10 | F59: =+'1'!G57+'3'!G57+'4'!G57+'5'!G57+'6'!G57+'7'!G57+'8'!G57+'10'!G57+'11'!G57+'12'!G57+'13'!G57+'14'!G57+'15'!G57+'17'!G57+'18'!G57+'19'!G57+'20'!G57+'21'!G57+'22'!G57+'24'!G57+'25'!G57+'26'!G57+'27'!G57+'28'!G57+'29'!G57+'31'!G57 -> 0 | G59: 10 | H59: =+'1'!H57+'3'!H57+'4'!H57+'5'!H57+'6'!H57+'7'!H57+'8'!H57+'10'!H57+'11'!H57+'12'!H57+'13'!H57+'14'!H57+'15'!H57+'17'!H57+'18'!H57+'19'!H57+'20'!H57+'21'!H57+'22'!H57+'24'!H57+'25'!H57+'26'!H57+'27'!H57+'28'!H57+'29'!H57+'31'!H57 -> 0 | I59: 200 | J59: =+'1'!J57+'3'!J57+'4'!J57+'5'!J57+'6'!J57+'7'!J57+'8'!J57+'10'!J57+'11'!J57+'12'!J57+'13'!J57+'14'!J57+'15'!J57+'17'!J57+'18'!J57+'19'!J57+'20'!J57+'21'!J57+'22'!J57+'24'!J57+'25'!J57+'26'!J57+'27'!J57+'28'!J57+'29'!J57+'31'!J57 -> 0
A60: 56 | C60: 0 | D60: =+'1'!F58+'3'!F58+'4'!F58+'5'!F58+'6'!F58+'7'!F58+'8'!F58+'10'!F58+'11'!F58+'12'!F58+'13'!F58+'14'!F58+'15'!F58+'17'!F58+'18'!F58+'19'!F58+'20'!F58+'21'!F58+'22'!F58+'24'!F58+'25'!F58+'26'!F58+'27'!F58+'28'!F58+'29'!F58+'31'!F58 -> 0 | E60: =+C60+D60 -> 0 | F60: =+'1'!G58+'3'!G58+'4'!G58+'5'!G58+'6'!G58+'7'!G58+'8'!G58+'10'!G58+'11'!G58+'12'!G58+'13'!G58+'14'!G58+'15'!G58+'17'!G58+'18'!G58+'19'!G58+'20'!G58+'21'!G58+'22'!G58+'24'!G58+'25'!G58+'26'!G58+'27'!G58+'28'!G58+'29'!G58+'31'!G58 -> 0 | G60: 0 | H60: =+'1'!H58+'3'!H58+'4'!H58+'5'!H58+'6'!H58+'7'!H58+'8'!H58+'10'!H58+'11'!H58+'12'!H58+'13'!H58+'14'!H58+'15'!H58+'17'!H58+'18'!H58+'19'!H58+'20'!H58+'21'!H58+'22'!H58+'24'!H58+'25'!H58+'26'!H58+'27'!H58+'28'!H58+'29'!H58+'31'!H58 -> 0 | I60: 0 | J60: 0
A61: 57 | C61: 0 | D61: =+'1'!F59+'3'!F59+'4'!F59+'5'!F59+'6'!F59+'7'!F59+'8'!F59+'10'!F59+'11'!F59+'12'!F59+'13'!F59+'14'!F59+'15'!F59+'17'!F59+'18'!F59+'19'!F59+'20'!F59+'21'!F59+'22'!F59+'24'!F59+'25'!F59+'26'!F59+'27'!F59+'28'!F59+'29'!F59+'31'!F59 -> 0 | E61: =+C61+D61 -> 0 | F61: =+'1'!G59+'3'!G59+'4'!G59+'5'!G59+'6'!G59+'7'!G59+'8'!G59+'10'!G59+'11'!G59+'12'!G59+'13'!G59+'14'!G59+'15'!G59+'17'!G59+'18'!G59+'19'!G59+'20'!G59+'21'!G59+'22'!G59+'24'!G59+'25'!G59+'26'!G59+'27'!G59+'28'!G59+'29'!G59+'31'!G59 -> 0 | G61: 0 | H61: =+'1'!H59+'3'!H59+'4'!H59+'5'!H59+'6'!H59+'7'!H59+'8'!H59+'10'!H59+'11'!H59+'12'!H59+'13'!H59+'14'!H59+'15'!H59+'17'!H59+'18'!H59+'19'!H59+'20'!H59+'21'!H59+'22'!H59+'24'!H59+'25'!H59+'26'!H59+'27'!H59+'28'!H59+'29'!H59+'31'!H59 -> 0 | I61: 0 | J61: =+'1'!J59+'3'!J59+'4'!J59+'5'!J59+'6'!J59+'7'!J59+'8'!J59+'10'!J59+'11'!J59+'12'!J59+'13'!J59+'14'!J59+'15'!J59+'17'!J59+'18'!J59+'19'!J59+'20'!J59+'21'!J59+'22'!J59+'24'!J59+'25'!J59+'26'!J59+'27'!J59+'28'!J59+'29'!J59+'31'!J59 -> 0
A62: 58 | C62: 0 | D62: =+'1'!F60+'3'!F60+'4'!F60+'5'!F60+'6'!F60+'7'!F60+'8'!F60+'10'!F60+'11'!F60+'12'!F60+'13'!F60+'14'!F60+'15'!F60+'17'!F60+'18'!F60+'19'!F60+'20'!F60+'21'!F60+'22'!F60+'24'!F60+'25'!F60+'26'!F60+'27'!F60+'28'!F60+'29'!F60+'31'!F60 -> 0 | E62: =+C62+D62 -> 0 | F62: =+'1'!G60+'3'!G60+'4'!G60+'5'!G60+'6'!G60+'7'!G60+'8'!G60+'10'!G60+'11'!G60+'12'!G60+'13'!G60+'14'!G60+'15'!G60+'17'!G60+'18'!G60+'19'!G60+'20'!G60+'21'!G60+'22'!G60+'24'!G60+'25'!G60+'26'!G60+'27'!G60+'28'!G60+'29'!G60+'31'!G60 -> 0 | G62: 0 | H62: =+'1'!H60+'3'!H60+'4'!H60+'5'!H60+'6'!H60+'7'!H60+'8'!H60+'10'!H60+'11'!H60+'12'!H60+'13'!H60+'14'!H60+'15'!H60+'17'!H60+'18'!H60+'19'!H60+'20'!H60+'21'!H60+'22'!H60+'24'!H60+'25'!H60+'26'!H60+'27'!H60+'28'!H60+'29'!H60+'31'!H60 -> 0 | I62: 0 | J62: 0
A63: 59 | C63: 0 | D63: =+'1'!F61+'3'!F61+'4'!F61+'5'!F61+'6'!F61+'7'!F61+'8'!F61+'10'!F61+'11'!F61+'12'!F61+'13'!F61+'14'!F61+'15'!F61+'17'!F61+'18'!F61+'19'!F61+'20'!F61+'21'!F61+'22'!F61+'24'!F61+'25'!F61+'26'!F61+'27'!F61+'28'!F61+'29'!F61+'31'!F61 -> 0 | E63: =+C63+D63 -> 0 | F63: =+'1'!G61+'3'!G61+'4'!G61+'5'!G61+'6'!G61+'7'!G61+'8'!G61+'10'!G61+'11'!G61+'12'!G61+'13'!G61+'14'!G61+'15'!G61+'17'!G61+'18'!G61+'19'!G61+'20'!G61+'21'!G61+'22'!G61+'24'!G61+'25'!G61+'26'!G61+'27'!G61+'28'!G61+'29'!G61+'31'!G61 -> 0 | G63: 0 | H63: =+'1'!H61+'3'!H61+'4'!H61+'5'!H61+'6'!H61+'7'!H61+'8'!H61+'10'!H61+'11'!H61+'12'!H61+'13'!H61+'14'!H61+'15'!H61+'17'!H61+'18'!H61+'19'!H61+'20'!H61+'21'!H61+'22'!H61+'24'!H61+'25'!H61+'26'!H61+'27'!H61+'28'!H61+'29'!H61+'31'!H61 -> 0 | I63: 0 | J63: 0
A64: 54 | C64: 0 | D64: =+'1'!F62+'3'!F62+'4'!F62+'5'!F62+'6'!F62+'7'!F62+'8'!F62+'10'!F62+'11'!F62+'12'!F62+'13'!F62+'14'!F62+'15'!F62+'17'!F62+'18'!F62+'19'!F62+'20'!F62+'21'!F62+'22'!F62+'24'!F62+'25'!F62+'26'!F62+'27'!F62+'28'!F62+'29'!F62+'31'!F62 -> 0 | E64: =+C64+D64 -> 0 | F64: =+'1'!G62+'3'!G62+'4'!G62+'5'!G62+'6'!G62+'7'!G62+'8'!G62+'10'!G62+'11'!G62+'12'!G62+'13'!G62+'14'!G62+'15'!G62+'17'!G62+'18'!G62+'19'!G62+'20'!G62+'21'!G62+'22'!G62+'24'!G62+'25'!G62+'26'!G62+'27'!G62+'28'!G62+'29'!G62+'31'!G62 -> 0 | G64: 0 | H64: =+'1'!H62+'3'!H62+'4'!H62+'5'!H62+'6'!H62+'7'!H62+'8'!H62+'10'!H62+'11'!H62+'12'!H62+'13'!H62+'14'!H62+'15'!H62+'17'!H62+'18'!H62+'19'!H62+'20'!H62+'21'!H62+'22'!H62+'24'!H62+'25'!H62+'26'!H62+'27'!H62+'28'!H62+'29'!H62+'31'!H62 -> 0 | I64: 0 | J64: =+'1'!J62+'3'!J62+'4'!J62+'5'!J62+'6'!J62+'7'!J62+'8'!J62+'10'!J62+'11'!J62+'12'!J62+'13'!J62+'14'!J62+'15'!J62+'17'!J62+'18'!J62+'19'!J62+'20'!J62+'21'!J62+'22'!J62+'24'!J62+'25'!J62+'26'!J62+'27'!J62+'28'!J62+'29'!J62+'31'!J62 -> 0
A65: 55 | C65: 0 | D65: =+'1'!F63+'3'!F63+'4'!F63+'5'!F63+'6'!F63+'7'!F63+'8'!F63+'10'!F63+'11'!F63+'12'!F63+'13'!F63+'14'!F63+'15'!F63+'17'!F63+'18'!F63+'19'!F63+'20'!F63+'21'!F63+'22'!F63+'24'!F63+'25'!F63+'26'!F63+'27'!F63+'28'!F63+'29'!F63+'31'!F63 -> 0 | E65: =+C65+D65 -> 0 | F65: =+'1'!G63+'3'!G63+'4'!G63+'5'!G63+'6'!G63+'7'!G63+'8'!G63+'10'!G63+'11'!G63+'12'!G63+'13'!G63+'14'!G63+'15'!G63+'17'!G63+'18'!G63+'19'!G63+'20'!G63+'21'!G63+'22'!G63+'24'!G63+'25'!G63+'26'!G63+'27'!G63+'28'!G63+'29'!G63+'31'!G63 -> 0 | G65: 0 | H65: =+'1'!H63+'3'!H63+'4'!H63+'5'!H63+'6'!H63+'7'!H63+'8'!H63+'10'!H63+'11'!H63+'12'!H63+'13'!H63+'14'!H63+'15'!H63+'17'!H63+'18'!H63+'19'!H63+'20'!H63+'21'!H63+'22'!H63+'24'!H63+'25'!H63+'26'!H63+'27'!H63+'28'!H63+'29'!H63+'31'!H63 -> 0 | I65: 0 | J65: =+'1'!J63+'3'!J63+'4'!J63+'5'!J63+'6'!J63+'7'!J63+'8'!J63+'10'!J63+'11'!J63+'12'!J63+'13'!J63+'14'!J63+'15'!J63+'17'!J63+'18'!J63+'19'!J63+'20'!J63+'21'!J63+'22'!J63+'24'!J63+'25'!J63+'26'!J63+'27'!J63+'28'!J63+'29'!J63+'31'!J63 -> 0
A66: 56 | C66: 0 | D66: =+'1'!F64+'3'!F64+'4'!F64+'5'!F64+'6'!F64+'7'!F64+'8'!F64+'10'!F64+'11'!F64+'12'!F64+'13'!F64+'14'!F64+'15'!F64+'17'!F64+'18'!F64+'19'!F64+'20'!F64+'21'!F64+'22'!F64+'24'!F64+'25'!F64+'26'!F64+'27'!F64+'28'!F64+'29'!F64+'31'!F64 -> 0 | E66: =+C66+D66 -> 0 | F66: =+'1'!G64+'3'!G64+'4'!G64+'5'!G64+'6'!G64+'7'!G64+'8'!G64+'10'!G64+'11'!G64+'12'!G64+'13'!G64+'14'!G64+'15'!G64+'17'!G64+'18'!G64+'19'!G64+'20'!G64+'21'!G64+'22'!G64+'24'!G64+'25'!G64+'26'!G64+'27'!G64+'28'!G64+'29'!G64+'31'!G64 -> 0 | G66: 0 | H66: =+'1'!H64+'3'!H64+'4'!H64+'5'!H64+'6'!H64+'7'!H64+'8'!H64+'10'!H64+'11'!H64+'12'!H64+'13'!H64+'14'!H64+'15'!H64+'17'!H64+'18'!H64+'19'!H64+'20'!H64+'21'!H64+'22'!H64+'24'!H64+'25'!H64+'26'!H64+'27'!H64+'28'!H64+'29'!H64+'31'!H64 -> 0 | I66: 0 | J66: =+'1'!J64+'3'!J64+'4'!J64+'5'!J64+'6'!J64+'7'!J64+'8'!J64+'10'!J64+'11'!J64+'12'!J64+'13'!J64+'14'!J64+'15'!J64+'17'!J64+'18'!J64+'19'!J64+'20'!J64+'21'!J64+'22'!J64+'24'!J64+'25'!J64+'26'!J64+'27'!J64+'28'!J64+'29'!J64+'31'!J64 -> 0
A67: รายละเอียดการจ่ายค่า คอมมิสชั่น
A68: สรุปยอดรับ-จ่าย | C68: ค่าคอมมิสชั่น วัดใหม่สุปดิษฐาราม | E68: หักค่าใช้จ่ายอื่น | G68: ยอดรวมทั้งหมด | J68: =SUM(J5:J66) -> 38355 | K68: โอนหน้าร้าน
A69: ยอดขายหน้าร้าน | B69: =+J71 -> 38355 | C69: ยอดขายรวมทั้งหมด | D69: =+J68 -> 38355 | E69: ค่าโอนเงิน | F69: =SUM(P36) -> 0 | K69: =+R36 -> 10135
C70: หัก ส่วนลด | D70: =K71 -> 0 | F70: 0 | G70: หัก สแกนใช้สิทธิ์ | J70: =-O36 -> 0 | K70: หัก ส่วนลด
A71: ส่วนลด | B71: =+D70 -> 0 | E71: ค่าใช้จ่ายอื่น | F71: =+Q36 -> 0 | G71: ยอดขายไม่รวม สแกนสิทธิ์ | J71: =+J68-J69 -> 38355 | K71: =+N36 -> 0
A72: ยอดขายสุทธิ | B72: =B69-B71 -> 38355 | C72: ยอดขายสุทธิ | D72: =+D69-D70 -> 38355 | E72: รวมหักอื่นๆ | F72: =SUM(F69:F71) -> 0 | G72: หัก ค่าใช้จ่ายอื่นๆ | J72: =F72 -> 0
C73: หัก ยอดขายขั้นต่ำ | D73: 100000 | G73: ต้องคงเหลือทั้งหมด | J73: =J71-J72-K69-K71 -> 28220
C74: เหลือยอดคิดคอมมิสชั่น | D74: =D72-D73 -> -61645 | G74: ยอดที่รับจริง | J74: =+T36 -> 28220
C75: ค่าคอมมิสชั่น 4% | D75: 0 | G75: ขาด | J75: 0
G76: เกิน | J76: =+J74-J73 -> 0
F77: โอนเงินเข้าบัญชี ธนาคาร ไทยพาณิชย์ คุณภาณุวัชร วัฒนกิจรุ่งโรจน์
