Workbook

Sheet Month
A1: ลำดับ | B1: ทีมโทร | C1: บูธ | D1: online | E1: Modern Trade | F1: รหัส | G1: ชื่อสินค้า | H1: ลูกค้า | I1: ขนาดบรรจุ | N1: week 1 (วันที่ 29-4 มกราคม 2567) | AI1: week 2 (วันที่ 5-11 มกราคม 2567) | BD1: week 3 (วันที่ 12-18 มกราคม 2567) | BY1: week 4 (วันที่ 19-25 มกราคม 2567) | CT1: week 4 (วันที่ 26-2 กุมภาพันธ์ 2567)
I2: จำนวน(ชิ้น) | J2: หน่วย(กล่อง) | K2: วัน | N2: วันอาทิตย์ | Q2: วันจันทร์ | T2: วันอังคาร | W2: วันพุธ | Z2: วันพฤหัสบดี | AC2: วันศุกร์ | AF2: เสาร์ | AI2: วันอาทิตย์ | AL2: วันจันทร์ | AO2: วันอังคาร | AR2: วันพุธ | AU2: วันพฤหัสบดี | AX2: วันศุกร์ | BA2: เสาร์ | BD2: วันอาทิตย์ | BG2: วันจันทร์ | BJ2: วันอังคาร | BM2: วันพุธ | BP2: วันพฤหัสบดี | BS2: วันศุกร์ | BV2: เสาร์ | BY2: วันอาทิตย์ | CB2: วันจันทร์ | CE2: วันอังคาร | CH2: วันพุธ | CK2: วันพฤหัสบดี | CN2: วันศุกร์ | CQ2: เสาร์ | CT2: วันอาทิตย์ | CW2: วันจันทร์ | CZ2: วันอังคาร | DC2: วันพุธ | DF2: วันพฤหัสบดี | DI2: วันศุกร์ | DL2: เสาร์
K3: วันที่ | O3: 29 | R3: 30 | U3: 31 | X3: 1 | AA3: 2 | AD3: 3 | AG3: 4 | AJ3: 5 | AM3: 6 | AP3: 7 | AS3: 8 | AV3: 9 | AY3: 10 | BB3: 11 | BE3: 12 | BH3: 13 | BK3: 14 | BN3: 15 | BQ3: 16 | BT3: 17 | BW3: 18 | BZ3: 19 | CC3: 20 | CF3: 21 | CI3: 22 | CL3: 23 | CO3: 24 | CR3: 25 | CU3: 26 | CX3: 27 | DA3: 28 | DD3: 29 | DF3: 30 | DI3: 31 | DL3: 1
K4: ติดป้าย Amezon | L4: ไม่ติดป้าย Amezon | M4: Non Logo | N4: ติดป้าย Amezon | O4: ไม่ติดป้าย Amezon | P4: Non Logo | Q4: ติดป้าย Amezon | R4: ไม่ติดป้าย Amezon | S4: Non Logo | T4: ติดป้าย Amezon | U4: ไม่ติดป้าย Amezon | V4: Non Logo | W4: ติดป้าย Amezon | X4: ไม่ติดป้าย Amezon | Y4: Non Logo | Z4: ติดป้าย Amezon | AA4: ไม่ติดป้าย Amezon | AB4: Non Logo | AC4: ติดป้าย Amezon | AD4: ไม่ติดป้าย Amezon | AE4: Non Logo | AF4: ติดป้าย Amezon | AG4: ไม่ติดป้าย Amezon | AH4: Non Logo | AI4: ติดป้าย Amezon | AJ4: ไม่ติดป้าย Amezon | AK4: Non Logo | AL4: ติดป้าย Amezon | AM4: ไม่ติดป้าย Amezon | AN4: Non Logo | AO4: ติดป้าย Amezon | AP4: ไม่ติดป้าย Amezon | AQ4: Non Logo | AR4: ติดป้าย Amezon | AS4: ไม่ติดป้าย Amezon | AT4: Non Logo | AU4: ติดป้าย Amezon | AV4: ไม่ติดป้าย Amezon | AW4: Non Logo | AX4: ติดป้าย Amezon | AY4: ไม่ติดป้าย Amezon | AZ4: Non Logo | BA4: ติดป้าย Amezon | BB4: ไม่ติดป้าย Amezon | BC4: Non Logo | BD4: ติดป้าย Amezon | BE4: ไม่ติดป้าย Amezon | BF4: Non Logo | BG4: ติดป้าย Amezon | BH4: ไม่ติดป้าย Amezon | BI4: Non Logo | BJ4: ติดป้าย Amezon | BK4: ไม่ติดป้าย Amezon | BL4: Non Logo | BM4: ติดป้าย Amezon | BN4: ไม่ติดป้าย Amezon | BO4: Non Logo | BP4: ติดป้าย Amezon | BQ4: ไม่ติดป้าย Amezon | BR4: Non Logo | BS4: ติดป้าย Amezon | BT4: ไม่ติดป้าย Amezon | BU4: Non Logo | BV4: ติดป้าย Amezon | BW4: ไม่ติดป้าย Amezon | BX4: Non Logo | BY4: ติดป้าย Amezon | BZ4: ไม่ติดป้าย Amezon | CA4: Non Logo | CB4: ติดป้าย Amezon | CC4: ไม่ติดป้าย Amezon | CD4: Non Logo | CE4: ติดป้าย Amezon | CF4: ไม่ติดป้าย Amezon | CG4: Non Logo | CH4: ติดป้าย Amezon | CI4: ไม่ติดป้าย Amezon | CJ4: Non Logo | CK4: ติดป้าย Amezon | CL4: ไม่ติดป้าย Amezon | CM4: Non Logo | CN4: ติดป้าย Amezon | CO4: ไม่ติดป้าย Amezon | CP4: Non Logo | CQ4: ติดป้าย Amezon | CR4: ไม่ติดป้าย Amezon | CS4: Non Logo | CT4: ติดป้าย Amezon | CU4: ไม่ติดป้าย Amezon | CV4: Non Logo | CW4: ติดป้าย Amezon | CX4: ไม่ติดป้าย Amezon | CY4: Non Logo | CZ4: ติดป้าย Amezon | DA4: ไม่ติดป้าย Amezon | DB4: Non Logo | DC4: ติดป้าย Amezon | DD4: ไม่ติดป้าย Amezon | DE4: Non Logo | DF4: ติดป้าย Amezon | DG4: ไม่ติดป้าย Amezon | DH4: Non Logo | DI4: ติดป้าย Amezon | DJ4: ไม่ติดป้าย Amezon | DK4: Non Logo | DL4: ติดป้าย Amezon | DM4: ไม่ติดป้าย Amezon | DN4: Non Logo
A5: 1 | F5: 1113036 | G5: ช็อกบอล | H5: Aeon | K5: 0 | L5: =SUM(O5,R5,U5,X5,AA5,AD5,AG5,AJ5,AM5,AP5,AS5,AV5,AY5,BB5,BE5,BH5,BK5,BN5,BQ5,BT5,BW5,BZ5,CC5,CF5,CI5,CL5,CO5,CR5) -> 0 | M5: 0
A6: 2 | F6: 1111001 | G6: ชิฟฟ่อนเค้ก (1 ชิ้น) | H6: Aeon | K6: 0 | L6: =SUM(O6,R6,U6,X6,AA6,AD6,AG6,AJ6,AM6,AP6,AS6,AV6,AY6,BB6,BE6,BH6,BK6,BN6,BQ6,BT6,BW6,BZ6,CC6,CF6,CI6,CL6,CO6,CR6) -> 0 | M6: 0
A7: 3 | F7: 1004055 | G7: ชิฟฟ่อนเค้ก วรรณวนัช (รวมรส 4 ชิ้น) | K7: 0 | L7: =SUM(O7,R7,U7,X7,AA7,AD7,AG7,AJ7,AM7,AP7,AS7,AV7,AY7,BB7,BE7,BH7,BK7,BN7,BQ7,BT7,BW7,BZ7,CC7,CF7,CI7,CL7,CO7,CR7) -> 0 | M7: 0
A8: 4 | F8: 1111002 | G8: ชิฟฟ่อนเค้ก วรรณวนัช (รวมรส 8 ชิ้น) | H8: Lotus | K8: 0 | L8: =SUM(O8,R8,U8,X8,AA8,AD8,AG8,AJ8,AM8,AP8,AS8,AV8,AY8,BB8,BE8,BH8,BK8,BN8,BQ8,BT8,BW8,BZ8,CC8,CF8,CI8,CL8,CO8,CR8) -> 0 | M8: 0
A9: 5 | F9: 1111055 | G9: วรรณวนัช ชิฟฟ่อนรวมรส 8 ชิ้น | H9: Makro | K9: 0 | L9: =SUM(O9,R9,U9,X9,AA9,AD9,AG9,AJ9,AM9,AP9,AS9,AV9,AY9,BB9,BE9,BH9,BK9,BN9,BQ9,BT9,BW9,BZ9,CC9,CF9,CI9,CL9,CO9,CR9) -> 0 | M9: 0
A10: 6 | F10: 1111030 | G10: ชิฟฟ่อนเค้ก รสกาแฟ (8 ชิ้น) | K10: 0 | L10: =SUM(O10,R10,U10,X10,AA10,AD10,AG10,AJ10,AM10,AP10,AS10,AV10,AY10,BB10,BE10,BH10,BK10,BN10,BQ10,BT10,BW10,BZ10,CC10,CF10,CI10,CL10,CO10,CR10) -> 0 | M10: 0
A11: 7 | F11: 1111036 | G11: ชิฟฟอนเค้ก วรรณวนัช ห่อกระดาษ (รวมรส 4 ชิ้น) | K11: 0 | L11: =SUM(O11,R11,U11,X11,AA11,AD11,AG11,AJ11,AM11,AP11,AS11,AV11,AY11,BB11,BE11,BH11,BK11,BN11,BQ11,BT11,BW11,BZ11,CC11,CF11,CI11,CL11,CO11,CR11) -> 0 | M11: 0
A12: 8 | F12: 1111037 | G12: ชิฟฟอนเค้ก วรรณวนัช ห่อกระดาษ (รวมรส 8 ชิ้น) | K12: 0 | L12: =SUM(O12,R12,U12,X12,AA12,AD12,AG12,AJ12,AM12,AP12,AS12,AV12,AY12,BB12,BE12,BH12,BK12,BN12,BQ12,BT12,BW12,BZ12,CC12,CF12,CI12,CL12,CO12,CR12) -> 0 | M12: 0
A13: 9 | F13: 1111040 | G13: ชิฟฟอนเค้กวรรณวนัช ห่อซีน (รวมรส 4 ชิ้น) | K13: 0 | L13: =SUM(O13,R13,U13,X13,AA13,AD13,AG13,AJ13,AM13,AP13,AS13,AV13,AY13,BB13,BE13,BH13,BK13,BN13,BQ13,BT13,BW13,BZ13,CC13,CF13,CI13,CL13,CO13,CR13) -> 0 | M13: 0
A14: 10 | F14: 1111039 | G14: ชิฟฟอนเค้ก วรรรณวนัช ห่อซีน (รวมรส 8 ชิ้น) | K14: 0 | L14: =SUM(O14,R14,U14,X14,AA14,AD14,AG14,AJ14,AM14,AP14,AS14,AV14,AY14,BB14,BE14,BH14,BK14,BN14,BQ14,BT14,BW14,BZ14,CC14,CF14,CI14,CL14,CO14,CR14) -> 0 | M14: 0
A15: 11 | F15: 1111041 | G15: ชิฟฟอนเค้ก วรรณวนัช กาแฟล้วน(รวมรส 4 ชิ้น) | K15: 0 | L15: =SUM(O15,R15,U15,X15,AA15,AD15,AG15,AJ15,AM15,AP15,AS15,AV15,AY15,BB15,BE15,BH15,BK15,BN15,BQ15,BT15,BW15,BZ15,CC15,CF15,CI15,CL15,CO15,CR15) -> 0 | M15: 0
A16: 12 | F16: 1111043 | G16: ชิฟฟอนรสมะลิ 8 ชิ้น ห่อ ซีน | K16: 0 | L16: =SUM(O16,R16,U16,X16,AA16,AD16,AG16,AJ16,AM16,AP16,AS16,AV16,AY16,BB16,BE16,BH16,BK16,BN16,BQ16,BT16,BW16,BZ16,CC16,CF16,CI16,CL16,CO16,CR16) -> 0 | M16: 0
A17: 13 | F17: 1113091 | G17: (BC) ชิฟฟ่อนรวมรส 4 ชิ้น | H17: BC | K17: 0 | L17: =SUM(O17,R17,U17,X17,AA17,AD17,AG17,AJ17,AM17,AP17,AS17,AV17,AY17,BB17,BE17,BH17,BK17,BN17,BQ17,BT17,BW17,BZ17,CC17,CF17,CI17,CL17,CO17,CR17) -> 0 | M17: 0
A18: 14 | F18: 1113083 | G18: (BC) ชิฟฟ่อนฝอยทอง 1 ชิ้น ไม่มีไส้ | K18: 0 | L18: =SUM(O18,R18,U18,X18,AA18,AD18,AG18,AJ18,AM18,AP18,AS18,AV18,AY18,BB18,BE18,BH18,BK18,BN18,BQ18,BT18,BW18,BZ18,CC18,CF18,CI18,CL18,CO18,CR18) -> 0 | M18: 0
A19: 15 | F19: 1111057 | G19: ชิฟฟอนแยกชิ้น กาแฟ | K19: 0 | L19: =SUM(O19,R19,U19,X19,AA19,AD19,AG19,AJ19,AM19,AP19,AS19,AV19,AY19,BB19,BE19,BH19,BK19,BN19,BQ19,BT19,BW19,BZ19,CC19,CF19,CI19,CL19,CO19,CR19) -> 0 | M19: 0
A20: 16 | F20: 1111058 | G20: ชิฟฟอนแยกชิ้น ชาเขียว | K20: 0 | L20: =SUM(O20,R20,U20,X20,AA20,AD20,AG20,AJ20,AM20,AP20,AS20,AV20,AY20,BB20,BE20,BH20,BK20,BN20,BQ20,BT20,BW20,BZ20,CC20,CF20,CI20,CL20,CO20,CR20) -> 0 | M20: 0
A21: 17 | F21: 1111059 | G21: ชิฟฟอนแยกชิ้น ใบเตย | K21: 0 | L21: =SUM(O21,R21,U21,X21,AA21,AD21,AG21,AJ21,AM21,AP21,AS21,AV21,AY21,BB21,BE21,BH21,BK21,BN21,BQ21,BT21,BW21,BZ21,CC21,CF21,CI21,CL21,CO21,CR21) -> 0 | M21: 0
A22: 18 | F22: 1111060 | G22: ชิฟฟอนแยกชิ้น กล้วยหอม | K22: 0 | L22: =SUM(O22,R22,U22,X22,AA22,AD22,AG22,AJ22,AM22,AP22,AS22,AV22,AY22,BB22,BE22,BH22,BK22,BN22,BQ22,BT22,BW22,BZ22,CC22,CF22,CI22,CL22,CO22,CR22) -> 0 | M22: 0
A23: 19 | F23: 1111061 | G23: ชิฟฟอนแยกชิ้น ชาไทย | K23: 0 | L23: =SUM(O23,R23,U23,X23,AA23,AD23,AG23,AJ23,AM23,AP23,AS23,AV23,AY23,BB23,BE23,BH23,BK23,BN23,BQ23,BT23,BW23,BZ23,CC23,CF23,CI23,CL23,CO23,CR23) -> 0 | M23: 0
A24: 20 | F24: 1111062 | G24: ชิฟฟอนแยกชิ้น โกโก้ | K24: 0 | L24: =SUM(O24,R24,U24,X24,AA24,AD24,AG24,AJ24,AM24,AP24,AS24,AV24,AY24,BB24,BE24,BH24,BK24,BN24,BQ24,BT24,BW24,BZ24,CC24,CF24,CI24,CL24,CO24,CR24) -> 0 | M24: 0
A25: 21 | F25: 1111063 | G25: ชิฟฟอนแยกชิ้น ส้ม | K25: 0 | L25: =SUM(O25,R25,U25,X25,AA25,AD25,AG25,AJ25,AM25,AP25,AS25,AV25,AY25,BB25,BE25,BH25,BK25,BN25,BQ25,BT25,BW25,BZ25,CC25,CF25,CI25,CL25,CO25,CR25) -> 0 | M25: 0
A26: 22 | F26: 1111064 | G26: ชิฟฟอนแยกชิ้น เผือก | K26: 0 | L26: =SUM(O26,R26,U26,X26,AA26,AD26,AG26,AJ26,AM26,AP26,AS26,AV26,AY26,BB26,BE26,BH26,BK26,BN26,BQ26,BT26,BW26,BZ26,CC26,CF26,CI26,CL26,CO26,CR26) -> 0 | M26: 0
A27: 23 | F27: 1111065 | G27: ชิฟฟอนแยกชิ้น สับปะรด | K27: 0 | L27: =SUM(O27,R27,U27,X27,AA27,AD27,AG27,AJ27,AM27,AP27,AS27,AV27,AY27,BB27,BE27,BH27,BK27,BN27,BQ27,BT27,BW27,BZ27,CC27,CF27,CI27,CL27,CO27,CR27) -> 0 | M27: 0
A28: 24 | F28: 1111066 | G28: ชิฟฟอนแยกชิ้น สตอเบอรี่ | K28: 0 | L28: =SUM(O28,R28,U28,X28,AA28,AD28,AG28,AJ28,AM28,AP28,AS28,AV28,AY28,BB28,BE28,BH28,BK28,BN28,BQ28,BT28,BW28,BZ28,CC28,CF28,CI28,CL28,CO28,CR28) -> 0 | M28: 0
A29: 25 | F29: 1111067 | G29: ชิฟฟอนแยกชิ้น มะพร้าว | K29: 0 | L29: =SUM(O29,R29,U29,X29,AA29,AD29,AG29,AJ29,AM29,AP29,AS29,AV29,AY29,BB29,BE29,BH29,BK29,BN29,BQ29,BT29,BW29,BZ29,CC29,CF29,CI29,CL29,CO29,CR29) -> 0 | M29: 0
... A31: 27 | F31: 1111069 | G31: ชิฟฟอนแยกชิ้น บลูเบอรี่ | K31: 0 | L31: =SUM(O31,R31,U31,X31,AA31,AD31,AG31,AJ31,AM31,AP31,AS31,AV31,AY31,BB31,BE31,BH31,BK31,BN31,BQ31,BT31,BW31,BZ31,CC31,CF31,CI31,CL31,CO31,CR31) -> 0 | M31: 0
A32: 28 | F32: 1004061 | G32: ชิฟฟ่อนเค้ก สอดไส้ครีมมะพร้าว (2 ชิ้น) | H32: Aeon | K32: 0 | L32: =SUM(O32,R32,U32,X32,AA32,AD32,AG32,AJ32,AM32,AP32,AS32,AV32,AY32,BB32,BE32,BH32,BK32,BN32,BQ32,BT32,BW32,BZ32,CC32,CF32,CI32,CL32,CO32,CR32) -> 0 | M32: 0
A33: 29 | F33: 1111051 | G33: ชิฟฟ่อนเค้กสอดไส้ครีมมะพร้าว (2ชิ้น) มะพร้าวล้วน | K33: 0 | L33: =SUM(O33,R33,U33,X33,AA33,AD33,AG33,AJ33,AM33,AP33,AS33,AV33,AY33,BB33,BE33,BH33,BK33,BN33,BQ33,BT33,BW33,BZ33,CC33,CF33,CI33,CL33,CO33,CR33) -> 0 | M33: 0
A34: 30 | F34: 1111004 | G34: ชิฟฟ่อนเค้ก สอดไส้ครีมมะพร้าว (4 ชิ้น) | K34: 0 | L34: =SUM(O34,R34,U34,X34,AA34,AD34,AG34,AJ34,AM34,AP34,AS34,AV34,AY34,BB34,BE34,BH34,BK34,BN34,BQ34,BT34,BW34,BZ34,CC34,CF34,CI34,CL34,CO34,CR34) -> 0 | M34: 0
A35: 31 | F35: 1111048 | G35: ชิฟฟอนเค้กสอดไส้ครีมมะพร้าว+เตย (4ชิ้น) | K35: 0 | L35: =SUM(O35,R35,U35,X35,AA35,AD35,AG35,AJ35,AM35,AP35,AS35,AV35,AY35,BB35,BE35,BH35,BK35,BN35,BQ35,BT35,BW35,BZ35,CC35,CF35,CI35,CL35,CO35,CR35) -> 0 | M35: 0
A36: 32 | F36: 1111005 | G36: ชิฟฟ่อนเค้ก สอดไส้ครีมมะพร้าว (5 ชิ้น) | K36: 0 | L36: =SUM(O36,R36,U36,X36,AA36,AD36,AG36,AJ36,AM36,AP36,AS36,AV36,AY36,BB36,BE36,BH36,BK36,BN36,BQ36,BT36,BW36,BZ36,CC36,CF36,CI36,CL36,CO36,CR36) -> 0 | M36: 0
A37: 33 | F37: 1111047 | G37: ชิฟฟอนเค้กสอดไส้ครีมมะพร้าว+เตย (5ชิ้น) | K37: 0 | L37: =SUM(O37,R37,U37,X37,AA37,AD37,AG37,AJ37,AM37,AP37,AS37,AV37,AY37,BB37,BE37,BH37,BK37,BN37,BQ37,BT37,BW37,BZ37,CC37,CF37,CI37,CL37,CO37,CR37) -> 0 | M37: 0
A38: 34 | F38: 1111006 | G38: ชิฟฟ่อนเค้ก วรรณวนัช (สอดไส้รวมรส 8 ชิ้น) | K38: 0 | L38: =SUM(O38,R38,U38,X38,AA38,AD38,AG38,AJ38,AM38,AP38,AS38,AV38,AY38,BB38,BE38,BH38,BK38,BN38,BQ38,BT38,BW38,BZ38,CC38,CF38,CI38,CL38,CO38,CR38) -> 0 | M38: 0
A39: 35 | F39: 1111034 | G39: ชิฟฟ่อนเค้กใบเตยสอดไส้ครีมมะพร้าว (8 ชิ้น ) | K39: 0 | L39: =SUM(O39,R39,U39,X39,AA39,AD39,AG39,AJ39,AM39,AP39,AS39,AV39,AY39,BB39,BE39,BH39,BK39,BN39,BQ39,BT39,BW39,BZ39,CC39,CF39,CI39,CL39,CO39,CR39) -> 0 | M39: 0
A40: 36 | F40: 1111035 | G40: ชิฟฟ่อนเค้กมะพร้าวสอดไส้ครีมมะพร้าว (8 ชิ้น) | K40: 0 | L40: =SUM(O40,R40,U40,X40,AA40,AD40,AG40,AJ40,AM40,AP40,AS40,AV40,AY40,BB40,BE40,BH40,BK40,BN40,BQ40,BT40,BW40,BZ40,CC40,CF40,CI40,CL40,CO40,CR40) -> 0 | M40: 0
A41: 37 | F41: 1111031 | G41: ชิฟฟ่อนเค้กทูโทนใบเตยและมะพร้าวสอดไส้ครีม (8 ชิ้น) | K41: 0 | L41: =SUM(O41,R41,U41,X41,AA41,AD41,AG41,AJ41,AM41,AP41,AS41,AV41,AY41,BB41,BE41,BH41,BK41,BN41,BQ41,BT41,BW41,BZ41,CC41,CF41,CI41,CL41,CO41,CR41) -> 0 | M41: 0
A42: 38 | F42: 1111032 | G42: ชิฟฟ่อนเค้กสอดไส้ครีมมะพร้าว ส้มล้วน (8 ชิ้น) | K42: 0 | L42: =SUM(O42,R42,U42,X42,AA42,AD42,AG42,AJ42,AM42,AP42,AS42,AV42,AY42,BB42,BE42,BH42,BK42,BN42,BQ42,BT42,BW42,BZ42,CC42,CF42,CI42,CL42,CO42,CR42) -> 0 | M42: 0
A43: 39 | F43: 20040386 | G43: Wanwanach_ชิฟฟ่อนเค้กสอดไส้มะพร้านมสด 105 g | H43: CJ | K43: 0 | L43: =SUM(O43,R43,U43,X43,AA43,AD43,AG43,AJ43,AM43,AP43,AS43,AV43,AY43,BB43,BE43,BH43,BK43,BN43,BQ43,BT43,BW43,BZ43,CC43,CF43,CI43,CL43,CO43,CR43) -> 0 | M43: 0
A44: 40 | F44: 1111109 | G44: ชิฟฟ่อนเค้กสอดไส้ครีมมะพร้าวล้วน (5ชิ้น) | K44: 0 | L44: =SUM(O44,R44,U44,X44,AA44,AD44,AG44,AJ44,AM44,AP44,AS44,AV44,AY44,BB44,BE44,BH44,BK44,BN44,BQ44,BT44,BW44,BZ44,CC44,CF44,CI44,CL44,CO44,CR44) -> 0 | M44: 0
A45: 41 | F45: 1111110 | G45: ชิฟฟ่อนเค้กสอดไส้ครีมมะพร้าวล้วน (4 ชิ้น) | K45: 0 | L45: =SUM(O45,R45,U45,X45,AA45,AD45,AG45,AJ45,AM45,AP45,AS45,AV45,AY45,BB45,BE45,BH45,BK45,BN45,BQ45,BT45,BW45,BZ45,CC45,CF45,CI45,CL45,CO45,CR45) -> 0 | M45: 0
A46: 42 | F46: 1111010 | G46: ชิฟฟ่อนเค้กสอดไส้แยม (1 ชิ้น) | K46: 0 | L46: =SUM(O46,R46,U46,X46,AA46,AD46,AG46,AJ46,AM46,AP46,AS46,AV46,AY46,BB46,BE46,BH46,BK46,BN46,BQ46,BT46,BW46,BZ46,CC46,CF46,CI46,CL46,CO46,CR46) -> 0 | M46: 0
A47: 43 | F47: 1111008 | G47: ชิฟฟ่อนเค้ก สอดไส้ (รวมรส 3 ชิ้น) | K47: 0 | L47: =SUM(O47,R47,U47,X47,AA47,AD47,AG47,AJ47,AM47,AP47,AS47,AV47,AY47,BB47,BE47,BH47,BK47,BN47,BQ47,BT47,BW47,BZ47,CC47,CF47,CI47,CL47,CO47,CR47) -> 0 | M47: 0
A48: 44 | F48: 1111009 | G48: ชิฟฟ่อนเค้ก สอดไส้ (รวมรส 6 ชิ้น) | K48: 0 | L48: =SUM(O48,R48,U48,X48,AA48,AD48,AG48,AJ48,AM48,AP48,AS48,AV48,AY48,BB48,BE48,BH48,BK48,BN48,BQ48,BT48,BW48,BZ48,CC48,CF48,CI48,CL48,CO48,CR48) -> 0 | M48: 0
A49: 45 | F49: 1111012 | G49: ชิฟฟ่อนเค้กสอดไส้ นมชมพูฮอกไกโด (6 ชิ้น) | K49: 0 | L49: =SUM(O49,R49,U49,X49,AA49,AD49,AG49,AJ49,AM49,AP49,AS49,AV49,AY49,BB49,BE49,BH49,BK49,BN49,BQ49,BT49,BW49,BZ49,CC49,CF49,CI49,CL49,CO49,CR49) -> 0 | M49: 0
A50: 46 | F50: 1111014 | G50: ชิฟฟ่อนเค้กสอดไส้ ช็อคโกแลตนูเทลล่า (6 ชิ้น) | K50: 0 | L50: =SUM(O50,R50,U50,X50,AA50,AD50,AG50,AJ50,AM50,AP50,AS50,AV50,AY50,BB50,BE50,BH50,BK50,BN50,BQ50,BT50,BW50,BZ50,CC50,CF50,CI50,CL50,CO50,CR50) -> 0 | M50: 0
A51: 47 | F51: 1111015 | G51: ชิฟฟ่อนเค้กสอดไส้เนย รสมะพร้าว (3 ชิ้น) | K51: 0 | L51: =SUM(O51,R51,U51,X51,AA51,AD51,AG51,AJ51,AM51,AP51,AS51,AV51,AY51,BB51,BE51,BH51,BK51,BN51,BQ51,BT51,BW51,BZ51,CC51,CF51,CI51,CL51,CO51,CR51) -> 0 | M51: 0
A52: 48 | F52: 1005981 | G52: ชิฟฟอนสอดไส้เนย รสมะพร้าว (3 ชิ้น) | K52: 0 | L52: =SUM(O52,R52,U52,X52,AA52,AD52,AG52,AJ52,AM52,AP52,AS52,AV52,AY52,BB52,BE52,BH52,BK52,BN52,BQ52,BT52,BW52,BZ52,CC52,CF52,CI52,CL52,CO52,CR52) -> 0 | M52: 0
A53: 49 | F53: 1111016 | G53: ชิฟฟ่อนเค้กสอดไส้เนย รสมะพร้าว (6 ชิ้น) | K53: 0 | L53: =SUM(O53,R53,U53,X53,AA53,AD53,AG53,AJ53,AM53,AP53,AS53,AV53,AY53,BB53,BE53,BH53,BK53,BN53,BQ53,BT53,BW53,BZ53,CC53,CF53,CI53,CL53,CO53,CR53) -> 0 | M53: 0
A54: 50 | F54: 1111019 | G54: ชิฟฟ่อนเค้กหน้าฝอยทอง สอดไส้แยมส้ม (3 ชิ้น) | K54: 0 | L54: =SUM(O54,R54,U54,X54,AA54,AD54,AG54,AJ54,AM54,AP54,AS54,AV54,AY54,BB54,BE54,BH54,BK54,BN54,BQ54,BT54,BW54,BZ54,CC54,CF54,CI54,CL54,CO54,CR54) -> 0 | M54: 0
A55: 51 | F55: 1111020 | G55: ชิฟฟ่อนเค้กหน้าฝอยทอง สอดไส้แยมส้ม (6 ชิ้น) | K55: 0 | L55: =SUM(O55,R55,U55,X55,AA55,AD55,AG55,AJ55,AM55,AP55,AS55,AV55,AY55,BB55,BE55,BH55,BK55,BN55,BQ55,BT55,BW55,BZ55,CC55,CF55,CI55,CL55,CO55,CR55) -> 0 | M55: 0
... A61: 57 | F61: 1111025 | G61: ชิฟฟ่อนเค้กสอดไส้แยม รสส้ม (6 ชิ้น) | K61: 0 | L61: =SUM(O61,R61,U61,X61,AA61,AD61,AG61,AJ61,AM61,AP61,AS61,AV61,AY61,BB61,BE61,BH61,BK61,BN61,BQ61,BT61,BW61,BZ61,CC61,CF61,CI61,CL61,CO61,CR61) -> 0 | M61: 0
A62: 58 | F62: 1113081 | G62: (BC) ชิฟฟ่อนสอดไส้แยม 3 รสชาติ วนิลลา, เมล่อน, .ใบเตย | H62: BC | K62: 0 | L62: =SUM(O62,R62,U62,X62,AA62,AD62,AG62,AJ62,AM62,AP62,AS62,AV62,AY62,BB62,BE62,BH62,BK62,BN62,BQ62,BT62,BW62,BZ62,CC62,CF62,CI62,CL62,CO62,CR62) -> 0 | M62: 0
A63: 59 | F63: 1114002 | G63: ชิฟฟอนใบเตยสอดไส้ 1 ชิ้น | K63: 0 | L63: =SUM(O63,R63,U63,X63,AA63,AD63,AG63,AJ63,AM63,AP63,AS63,AV63,AY63,BB63,BE63,BH63,BK63,BN63,BQ63,BT63,BW63,BZ63,CC63,CF63,CI63,CL63,CO63,CR63) -> 0 | M63: 0
A64: 60 | F64: 1114001 | G64: ชิฟฟอนมะพร้าวสอดไส้ 1 ชิ้น | K64: 0 | L64: =SUM(O64,R64,U64,X64,AA64,AD64,AG64,AJ64,AM64,AP64,AS64,AV64,AY64,BB64,BE64,BH64,BK64,BN64,BQ64,BT64,BW64,BZ64,CC64,CF64,CI64,CL64,CO64,CR64) -> 0 | M64: 0
A65: 61 | F65: 1111056 | G65: ชิฟฟอนรวมรสยอดฮิต 8 ชิ้น | K65: 0 | L65: =SUM(O65,R65,U65,X65,AA65,AD65,AG65,AJ65,AM65,AP65,AS65,AV65,AY65,BB65,BE65,BH65,BK65,BN65,BQ65,BT65,BW65,BZ65,CC65,CF65,CI65,CL65,CO65,CR65) -> 0 | M65: 0
A66: 62 | F66: 1111074 | G66: ชิฟฟอนไส้แยมแยกชิ้น มะพร้าว | K66: 0 | L66: =SUM(O66,R66,U66,X66,AA66,AD66,AG66,AJ66,AM66,AP66,AS66,AV66,AY66,BB66,BE66,BH66,BK66,BN66,BQ66,BT66,BW66,BZ66,CC66,CF66,CI66,CL66,CO66,CR66) -> 0 | M66: 0
A67: 63 | F67: 1111075 | G67: ชิฟฟอนไส้แยมแยกชิ้น สตอเบอรี่ | K67: 0 | L67: =SUM(O67,R67,U67,X67,AA67,AD67,AG67,AJ67,AM67,AP67,AS67,AV67,AY67,BB67,BE67,BH67,BK67,BN67,BQ67,BT67,BW67,BZ67,CC67,CF67,CI67,CL67,CO67,CR67) -> 0 | M67: 0
A68: 64 | F68: 1111076 | G68: ชิฟฟอนไส้แยมแยกชิ้น ส้ม | K68: 0 | L68: =SUM(O68,R68,U68,X68,AA68,AD68,AG68,AJ68,AM68,AP68,AS68,AV68,AY68,BB68,BE68,BH68,BK68,BN68,BQ68,BT68,BW68,BZ68,CC68,CF68,CI68,CL68,CO68,CR68) -> 0 | M68: 0
A69: 65 | F69: 1111077 | G69: ชิฟฟอนไส้แยมแยกชิ้น บลูเบอรี่ | K69: 0 | L69: =SUM(O69,R69,U69,X69,AA69,AD69,AG69,AJ69,AM69,AP69,AS69,AV69,AY69,BB69,BE69,BH69,BK69,BN69,BQ69,BT69,BW69,BZ69,CC69,CF69,CI69,CL69,CO69,CR69) -> 0 | M69: 0
A70: 66 | F70: 1111078 | G70: ชิฟฟอนไส้แยมแยกชิ้น นมชมพู | K70: 0 | L70: =SUM(O70,R70,U70,X70,AA70,AD70,AG70,AJ70,AM70,AP70,AS70,AV70,AY70,BB70,BE70,BH70,BK70,BN70,BQ70,BT70,BW70,BZ70,CC70,CF70,CI70,CL70,CO70,CR70) -> 0 | M70: 0
A71: 67 | F71: 1111079 | G71: ชิฟฟอนไส้แยมแยกชิ้น ชอคโกแลต | K71: 0 | L71: =SUM(O71,R71,U71,X71,AA71,AD71,AG71,AJ71,AM71,AP71,AS71,AV71,AY71,BB71,BE71,BH71,BK71,BN71,BQ71,BT71,BW71,BZ71,CC71,CF71,CI71,CL71,CO71,CR71) -> 0 | M71: 0
A72: 68 | F72: 1111080 | G72: ชิฟฟอนไส้แยมแยกชิ้น ฝอยทอง | K72: 0 | L72: =SUM(O72,R72,U72,X72,AA72,AD72,AG72,AJ72,AM72,AP72,AS72,AV72,AY72,BB72,BE72,BH72,BK72,BN72,BQ72,BT72,BW72,BZ72,CC72,CF72,CI72,CL72,CO72,CR72) -> 0 | M72: 0
A73: 69 | F73: 1111081 | G73: ชิฟฟอนไส้แยมแยกชิ้น วนิลา | K73: 0 | L73: =SUM(O73,R73,U73,X73,AA73,AD73,AG73,AJ73,AM73,AP73,AS73,AV73,AY73,BB73,BE73,BH73,BK73,BN73,BQ73,BT73,BW73,BZ73,CC73,CF73,CI73,CL73,CO73,CR73) -> 0 | M73: 0
A74: 70 | F74: 1111082 | G74: ชิฟฟอนไส้แยมแยกชิ้น ใบเตย | K74: 0 | L74: =SUM(O74,R74,U74,X74,AA74,AD74,AG74,AJ74,AM74,AP74,AS74,AV74,AY74,BB74,BE74,BH74,BK74,BN74,BQ74,BT74,BW74,BZ74,CC74,CF74,CI74,CL74,CO74,CR74) -> 0 | M74: 0
... A91: 87 | F91: 1112019 | G91: เค้กเบาหวิว รสทุเรียน (110 กรัม) | K91: 0 | L91: =SUM(O91,R91,U91,X91,AA91,AD91,AG91,AJ91,AM91,AP91,AS91,AV91,AY91,BB91,BE91,BH91,BK91,BN91,BQ91,BT91,BW91,BZ91,CC91,CF91,CI91,CL91,CO91,CR91) -> 0 | M91: 0
A92: 88 | F92: 1112036 | G92: วรรณวนัช เค้กเบาหวิว ฝอยทอง 100กรัม | H92: Makro | K92: 0 | L92: =SUM(O92,R92,U92,X92,AA92,AD92,AG92,AJ92,AM92,AP92,AS92,AV92,AY92,BB92,BE92,BH92,BK92,BN92,BQ92,BT92,BW92,BZ92,CC92,CF92,CI92,CL92,CO92,CR92) -> 0 | M92: 0
A93: 89 | F93: 1112037 | G93: วรรณวนัช เค้กเบาหวิวเนยสด 110กรัม | H93: Makro | K93: 0 | L93: =SUM(O93,R93,U93,X93,AA93,AD93,AG93,AJ93,AM93,AP93,AS93,AV93,AY93,BB93,BE93,BH93,BK93,BN93,BQ93,BT93,BW93,BZ93,CC93,CF93,CI93,CL93,CO93,CR93) -> 0 | M93: 0
A94: 90 | F94: 1112038 | G94: วรรณวนัช เค้กเผือกมะพร้าว100กรัม | H94: Makro | K94: 0 | L94: =SUM(O94,R94,U94,X94,AA94,AD94,AG94,AJ94,AM94,AP94,AS94,AV94,AY94,BB94,BE94,BH94,BK94,BN94,BQ94,BT94,BW94,BZ94,CC94,CF94,CI94,CL94,CO94,CR94) -> 0 | M94: 0
A95: 91 | F95: 20052085 | G95: วรรณวนัชเค้กเบาหวิวมะพร้าว 80g | H95: CJ | K95: 0 | L95: =SUM(O95,R95,U95,X95,AA95,AD95,AG95,AJ95,AM95,AP95,AS95,AV95,AY95,BB95,BE95,BH95,BK95,BN95,BQ95,BT95,BW95,BZ95,CC95,CF95,CI95,CL95,CO95,CR95) -> 0 | M95: 0
A96: 92 | F96: 1004071 | G96: คัพเค้กกล้วยหอมไส้ครีมเนยสด (4 ชิ้น) | H96: Aeon | K96: 0 | L96: =SUM(O96,R96,U96,X96,AA96,AD96,AG96,AJ96,AM96,AP96,AS96,AV96,AY96,BB96,BE96,BH96,BK96,BN96,BQ96,BT96,BW96,BZ96,CC96,CF96,CI96,CL96,CO96,CR96) -> 0 | M96: 0
A97: 93 | F97: 1004070 | G97: คัพเค้กมะพร้าวไส้ครีมเนยสด (4 ชิ้น) | H97: Aeon | K97: 0 | L97: =SUM(O97,R97,U97,X97,AA97,AD97,AG97,AJ97,AM97,AP97,AS97,AV97,AY97,BB97,BE97,BH97,BK97,BN97,BQ97,BT97,BW97,BZ97,CC97,CF97,CI97,CL97,CO97,CR97) -> 0 | M97: 0
A98: 94 | F98: 1004063 | G98: ซอฟท์เค้กหน้าช็อกโกแลตมูส | H98: Aeon | K98: 0 | L98: =SUM(O98,R98,U98,X98,AA98,AD98,AG98,AJ98,AM98,AP98,AS98,AV98,AY98,BB98,BE98,BH98,BK98,BN98,BQ98,BT98,BW98,BZ98,CC98,CF98,CI98,CL98,CO98,CR98) -> 0 | M98: 0
A99: 95 | F99: 1004065 | G99: ซอฟท์เค้กหน้ามะพร้าวนมสด | H99: Aeon | K99: 0 | L99: =SUM(O99,R99,U99,X99,AA99,AD99,AG99,AJ99,AM99,AP99,AS99,AV99,AY99,BB99,BE99,BH99,BK99,BN99,BQ99,BT99,BW99,BZ99,CC99,CF99,CI99,CL99,CO99,CR99) -> 0 | M99: 0
A100: 96 | F100: 1113062 | G100: (MK) ชิฟฟอนหม้อแกง | K100: 0 | L100: =SUM(O100,R100,U100,X100,AA100,AD100,AG100,AJ100,AM100,AP100,AS100,AV100,AY100,BB100,BE100,BH100,BK100,BN100,BQ100,BT100,BW100,BZ100,CC100,CF100,CI100,CL100,CO100,CR100) -> 0 | M100: 0
A101: 97 | F101: 1113085 | G101: (BC) ชิฟฟ่อนหม้อแกง | H101: BC | K101: 0 | L101: =SUM(O101,R101,U101,X101,AA101,AD101,AG101,AJ101,AM101,AP101,AS101,AV101,AY101,BB101,BE101,BH101,BK101,BN101,BQ101,BT101,BW101,BZ101,CC101,CF101,CI101,CL101,CO101,CR101) -> 0 | M101: 0
A102: 98 | F102: 1004074 | G102: ซอฟท์เค้กหน้าครีมสด | H102: Aeon | K102: 0 | L102: =SUM(O102,R102,U102,X102,AA102,AD102,AG102,AJ102,AM102,AP102,AS102,AV102,AY102,BB102,BE102,BH102,BK102,BN102,BQ102,BT102,BW102,BZ102,CC102,CF102,CI102,CL102,CO102,CR102) -> 0 | M102: 0
A103: 99 | F103: 20053053 | G103: วรรณนัชเค้กลอดช่อง 85 g | H103: CJ | K103: 0 | L103: =SUM(O103,R103,U103,X103,AA103,AD103,AG103,AJ103,AM103,AP103,AS103,AV103,AY103,BB103,BE103,BH103,BK103,BN103,BQ103,BT103,BW103,BZ103,CC103,CF103,CI103,CL103,CO103,CR103) -> 0 | M103: 0
A104: 100 | F104: 1113157 | G104: (BC) เค้กลอดช่อง 85g | H104: BC | K104: 0 | L104: =SUM(O104,R104,U104,X104,AA104,AD104,AG104,AJ104,AM104,AP104,AS104,AV104,AY104,BB104,BE104,BH104,BK104,BN104,BQ104,BT104,BW104,BZ104,CC104,CF104,CI104,CL104,CO104,CR104) -> 0 | M104: 0
A105: 101 | F105: 1004064 | G105: ซอฟท์เค้กฝอยทอง | H105: Aeon | K105: 0 | L105: =SUM(O105,R105,U105,X105,AA105,AD105,AG105,AJ105,AM105,AP105,AS105,AV105,AY105,BB105,BE105,BH105,BK105,BN105,BQ105,BT105,BW105,BZ105,CC105,CF105,CI105,CL105,CO105,CR105) -> 0 | M105: 0
A106: 102 | F106: 20052724 | G106: วรรณวนัชเค้กฝอยทองหน้านิ่ม 90g | H106: CJ | K106: 0 | L106: =SUM(O106,R106,U106,X106,AA106,AD106,AG106,AJ106,AM106,AP106,AS106,AV106,AY106,BB106,BE106,BH106,BK106,BN106,BQ106,BT106,BW106,BZ106,CC106,CF106,CI106,CL106,CO106,CR106) -> 0 | M106: 0
A107: 103 | F107: 1004072 | G107: เค้กโบราณ ครีม (2 ชิ้น) | H107: Aeon | K107: 0 | L107: =SUM(O107,R107,U107,X107,AA107,AD107,AG107,AJ107,AM107,AP107,AS107,AV107,AY107,BB107,BE107,BH107,BK107,BN107,BQ107,BT107,BW107,BZ107,CC107,CF107,CI107,CL107,CO107,CR107) -> 0 | M107: 0
A108: 104 | F108: 1004073 | G108: เค้กโบราณ ผลไม้ (2 ชิ้น) | H108: Aeon | K108: 0 | L108: =SUM(O108,R108,U108,X108,AA108,AD108,AG108,AJ108,AM108,AP108,AS108,AV108,AY108,BB108,BE108,BH108,BK108,BN108,BQ108,BT108,BW108,BZ108,CC108,CF108,CI108,CL108,CO108,CR108) -> 0 | M108: 0
A109: 105 | F109: 1113006 | G109: เค้กโบราณ ครีม (4 ชิ้น) | K109: 0 | L109: =SUM(O109,R109,U109,X109,AA109,AD109,AG109,AJ109,AM109,AP109,AS109,AV109,AY109,BB109,BE109,BH109,BK109,BN109,BQ109,BT109,BW109,BZ109,CC109,CF109,CI109,CL109,CO109,CR109) -> 0 | M109: 0
A110: 106 | F110: 1113007 | G110: เค้กโบราณ ผลไม้ (4 ชิ้น) | K110: 0 | L110: =SUM(O110,R110,U110,X110,AA110,AD110,AG110,AJ110,AM110,AP110,AS110,AV110,AY110,BB110,BE110,BH110,BK110,BN110,BQ110,BT110,BW110,BZ110,CC110,CF110,CI110,CL110,CO110,CR110) -> 0 | M110: 0
A111: 107 | F111: 1113008 | G111: เค้กโบราณ รวมรส (4 ชิ้น) | H111: Aeon | K111: 0 | L111: =SUM(O111,R111,U111,X111,AA111,AD111,AG111,AJ111,AM111,AP111,AS111,AV111,AY111,BB111,BE111,BH111,BK111,BN111,BQ111,BT111,BW111,BZ111,CC111,CF111,CI111,CL111,CO111,CR111) -> 0 | M111: 0
A112: 108 | F112: 1113107 | G112: โบราณใหญ่ 12 ชิ้น | K112: 0 | L112: =SUM(O112,R112,U112,X112,AA112,AD112,AG112,AJ112,AM112,AP112,AS112,AV112,AY112,BB112,BE112,BH112,BK112,BN112,BQ112,BT112,BW112,BZ112,CC112,CF112,CI112,CL112,CO112,CR112) -> 0 | M112: 0
A113: 109 | F113: 1113120 | G113: โบราณใหญ่หน้าครีม (แผ่น) | K113: 0 | L113: =SUM(O113,R113,U113,X113,AA113,AD113,AG113,AJ113,AM113,AP113,AS113,AV113,AY113,BB113,BE113,BH113,BK113,BN113,BQ113,BT113,BW113,BZ113,CC113,CF113,CI113,CL113,CO113,CR113) -> 0 | M113: 0
A114: 110 | F114: 1113092 | G114: (BC) เค้กโบราณ 4 ชิ้น | H114: BC | K114: 0 | L114: =SUM(O114,R114,U114,X114,AA114,AD114,AG114,AJ114,AM114,AP114,AS114,AV114,AY114,BB114,BE114,BH114,BK114,BN114,BQ114,BT114,BW114,BZ114,CC114,CF114,CI114,CL114,CO114,CR114) -> 0 | M114: 0
A115: 111 | F115: 1113146 | G115: โบราณ 4 ชิ้น (กล่องแดง) | K115: 0 | L115: =SUM(O115,R115,U115,X115,AA115,AD115,AG115,AJ115,AM115,AP115,AS115,AV115,AY115,BB115,BE115,BH115,BK115,BN115,BQ115,BT115,BW115,BZ115,CC115,CF115,CI115,CL115,CO115,CR115) -> 0 | M115: 0
A116: 112 | F116: 1113147 | G116: โบราณ 4 ชิ้น (กล่องแดง) แบบแผ่น | K116: 0 | L116: =SUM(O116,R116,U116,X116,AA116,AD116,AG116,AJ116,AM116,AP116,AS116,AV116,AY116,BB116,BE116,BH116,BK116,BN116,BQ116,BT116,BW116,BZ116,CC116,CF116,CI116,CL116,CO116,CR116) -> 0 | M116: 0
A117: 113 | F117: 20036350 | G117: Wanwanach_เค้กโบราณ 200 g | H117: CJ | K117: 0 | L117: =SUM(O117,R117,U117,X117,AA117,AD117,AG117,AJ117,AM117,AP117,AS117,AV117,AY117,BB117,BE117,BH117,BK117,BN117,BQ117,BT117,BW117,BZ117,CC117,CF117,CI117,CL117,CO117,CR117) -> 0 | M117: 0
A118: 114 | F118: 1113162 | G118: เค้กโบราณครีม 12 ชิ้น | K118: 0 | L118: =SUM(O118,R118,U118,X118,AA118,AD118,AG118,AJ118,AM118,AP118,AS118,AV118,AY118,BB118,BE118,BH118,BK118,BN118,BQ118,BT118,BW118,BZ118,CC118,CF118,CI118,CL118,CO118,CR118) -> 0 | M118: 0
A119: 115 | F119: 1113163 | G119: เค้กโบราณผลไม้ 12 ชิ้น | K119: 0 | L119: =SUM(O119,R119,U119,X119,AA119,AD119,AG119,AJ119,AM119,AP119,AS119,AV119,AY119,BB119,BE119,BH119,BK119,BN119,BQ119,BT119,BW119,BZ119,CC119,CF119,CI119,CL119,CO119,CR119) -> 0 | M119: 0
A120: 116 | F120: 1113164 | G120: เค้กโบราณรวมรส 12 ชิ้น | K120: 0 | L120: =SUM(O120,R120,U120,X120,AA120,AD120,AG120,AJ120,AM120,AP120,AS120,AV120,AY120,BB120,BE120,BH120,BK120,BN120,BQ120,BT120,BW120,BZ120,CC120,CF120,CI120,CL120,CO120,CR120) -> 0 | M120: 0
A121: 117 | F121: 1113009 | G121: เค้กลาวา ฝอยทองใบเตย (ใหญ่) | K121: 0 | L121: =SUM(O121,R121,U121,X121,AA121,AD121,AG121,AJ121,AM121,AP121,AS121,AV121,AY121,BB121,BE121,BH121,BK121,BN121,BQ121,BT121,BW121,BZ121,CC121,CF121,CI121,CL121,CO121,CR121) -> 0 | M121: 0
A122: 118 | F122: 1004062 | G122: เค้กลาวา ฝอยทองทูโทน (เล็ก) | K122: 0 | L122: =SUM(O122,R122,U122,X122,AA122,AD122,AG122,AJ122,AM122,AP122,AS122,AV122,AY122,BB122,BE122,BH122,BK122,BN122,BQ122,BT122,BW122,BZ122,CC122,CF122,CI122,CL122,CO122,CR122) -> 0 | M122: 0
...

Sheet Week 1
A1: ลำดับ | B1: ทีมโทร | C1: บูธ | D1: online | E1: Modern Trade | F1: รหัส | G1: ชื่อสินค้า | H1: ลูกค้า | I1: ขนาดบรรจุ | N1: week 1 (วันที่ 30 พฤศจิกายน - 6 ธันวาคม 2568)
I2: จำนวน(ชิ้น) | J2: หน่วย(กล่อง) | K2: วัน | N2: วันอาทิตย์ | R2: ยอดจริง | X2: วันจันทร์ | AB2: ยอดจริง | AH2: วันอังคาร | AL2: ยอดจริง | AR2: วันพุธ | AV2: ยอดจริง | BB2: วันพฤหัสบดี | BF2: ยอดจริง | BL2: วันศุกร์ | BP2: ยอดจริง | BV2: เสาร์ | BZ2: ยอดจริง
K3: วันที่
K4: ติดป้าย Amezon | L4: ไม่ติดป้าย Amezon | M4: Non Logo | N4: ติดป้าย Amezon | O4: ไม่ติดป้าย Amezon | P4: Non Logo | Q4: รวม | R4: ติดป้าย Amezon | S4: ไม่ติดป้าย Amezon | T4: Non Logo | U4: ติดป้าย Amezon | V4: ไม่ติดป้าย Amezon | W4: Non Logo | X4: ติดป้าย Amezon | Y4: ไม่ติดป้าย Amezon | Z4: Non Logo | AA4: รวม | AB4: ติดป้าย Amezon | AC4: ไม่ติดป้าย Amezon | AD4: Non Logo | AE4: ติดป้าย Amezon | AF4: ไม่ติดป้าย Amezon | AG4: Non Logo | AH4: ติดป้าย Amezon | AI4: ไม่ติดป้าย Amezon | AJ4: Non Logo | AK4: รวม | AL4: ติดป้าย Amezon | AM4: ไม่ติดป้าย Amezon | AN4: Non Logo | AO4: ติดป้าย Amezon | AP4: ไม่ติดป้าย Amezon | AQ4: Non Logo | AR4: ติดป้าย Amezon | AS4: ไม่ติดป้าย Amezon | AT4: Non Logo | AU4: รวม | AV4: ติดป้าย Amezon | AW4: ไม่ติดป้าย Amezon | AX4: Non Logo | AY4: ติดป้าย Amezon | AZ4: ไม่ติดป้าย Amezon | BA4: Non Logo | BB4: ติดป้าย Amezon | BC4: ไม่ติดป้าย Amezon | BD4: Non Logo | BE4: รวม | BF4: ติดป้าย Amezon | BG4: ไม่ติดป้าย Amezon | BH4: Non Logo | BI4: ติดป้าย Amezon | BJ4: ไม่ติดป้าย Amezon | BK4: Non Logo | BL4: ติดป้าย Amezon | BM4: ไม่ติดป้าย Amezon | BN4: Non Logo | BO4: รวม | BP4: ติดป้าย Amezon | BQ4: ไม่ติดป้าย Amezon | BR4: Non Logo | BS4: ติดป้าย Amezon | BT4: ไม่ติดป้าย Amezon | BU4: Non Logo | BV4: ติดป้าย Amezon | BW4: ไม่ติดป้าย Amezon | BX4: Non Logo | BY4: รวม | BZ4: ติดป้าย Amezon | CA4: ไม่ติดป้าย Amezon | CB4: Non Logo | CC4: ติดป้าย Amezon | CD4: ไม่ติดป้าย Amezon | CE4: Non Logo
A5: 1 | F5: 1113036 | G5: ช๊อคบอล | H5: Aeon | K5: 0 | L5: =SUM(O5,Y5,AI5,AS5,BC5,BM5,BW5) -> 20 | M5: 0 | O5: 10 | BC5: 10 | BY5: =SUM(BV5:BX5) -> 0 | BZ5: 0 | CA5: 0 | CB5: 0 | CC5: 0 | CD5: =BW5-CA5 -> 0 | CE5: 0
A6: 2 | F6: 1111001 | G6: ชิฟฟ่อนเค้ก (1 ชิ้น) | H6: Aeon | K6: 0 | L6: =SUM(O6,Y6,AI6,AS6,BC6,BM6,BW6) -> 0 | M6: 0 | BY6: =SUM(BV6:BX6) -> 0 | BZ6: 0 | CA6: 0 | CB6: 0 | CC6: 0 | CD6: =BW6-CA6 -> 0 | CE6: 0
A7: 3 | F7: 1004055 | G7: ชิฟฟ่อนเค้ก วรรณวนัช (รวมรส 4 ชิ้น) | K7: 0 | L7: =SUM(O7,Y7,AI7,AS7,BC7,BM7,BW7) -> 0 | M7: 0 | BY7: =SUM(BV7:BX7) -> 0 | BZ7: 0 | CA7: 0 | CB7: 0 | CC7: 0 | CD7: =BW7-CA7 -> 0 | CE7: 0
A8: 4 | F8: 1111002 | G8: ชิฟฟ่อนเค้ก วรรณวนัช (รวมรส 8 ชิ้น) | H8: Lotus | K8: 0 | L8: =SUM(O8,Y8,AI8,AS8,BC8,BM8,BW8) -> 0 | M8: 0 | BY8: =SUM(BV8:BX8) -> 0 | BZ8: 0 | CA8: 0 | CB8: 0 | CC8: 0 | CD8: =BW8-CA8 -> 0 | CE8: 0
A9: 5 | F9: 1111055 | G9: วรรณวนัช ชิฟฟ่อนรวมรส 8 ชิ้น | H9: Makro | K9: 0 | L9: =SUM(O9,Y9,AI9,AS9,BC9,BM9,BW9) -> 1660 | M9: 0 | O9: 830 | AI9: 830 | BY9: =SUM(BV9:BX9) -> 0 | BZ9: 0 | CA9: 0 | CB9: 0 | CC9: 0 | CD9: =BW9-CA9 -> 0 | CE9: 0
A10: 6 | F10: 1111030 | G10: ชิฟฟ่อนเค้ก รสกาแฟ (8 ชิ้น) | K10: 0 | L10: =SUM(O10,Y10,AI10,AS10,BC10,BM10,BW10) -> 0 | M10: 0 | BY10: =SUM(BV10:BX10) -> 0 | BZ10: 0 | CA10: 0 | CB10: 0 | CC10: 0 | CD10: =BW10-CA10 -> 0 | CE10: 0
A11: 7 | F11: 1111036 | G11: ชิฟฟอนเค้ก วรรณวนัช ห่อกระดาษ (รวมรส 4 ชิ้น) | K11: 0 | L11: =SUM(O11,Y11,AI11,AS11,BC11,BM11,BW11) -> 0 | M11: 0 | BY11: =SUM(BV11:BX11) -> 0 | BZ11: 0 | CA11: 0 | CB11: 0 | CC11: 0 | CD11: =BW11-CA11 -> 0 | CE11: 0
A12: 8 | F12: 1111037 | G12: ชิฟฟอนเค้ก วรรณวนัช ห่อกระดาษ (รวมรส 8 ชิ้น) | K12: 0 | L12: =SUM(O12,Y12,AI12,AS12,BC12,BM12,BW12) -> 0 | M12: 0 | BY12: =SUM(BV12:BX12) -> 0 | BZ12: 0 | CA12: 0 | CB12: 0 | CC12: 0 | CD12: =BW12-CA12 -> 0 | CE12: 0
A13: 9 | F13: 1111040 | G13: ชิฟฟอนเค้กวรรณวนัช ห่อซีน (รวมรส 4 ชิ้น) | K13: 0 | L13: =SUM(O13,Y13,AI13,AS13,BC13,BM13,BW13) -> 0 | M13: 0 | BY13: =SUM(BV13:BX13) -> 0 | BZ13: 0 | CA13: 0 | CB13: 0 | CC13: 0 | CD13: =BW13-CA13 -> 0 | CE13: 0
A14: 10 | F14: 1111039 | G14: ชิฟฟอนเค้ก วรรรณวนัช ห่อซีน (รวมรส 8 ชิ้น) | K14: 0 | L14: =SUM(O14,Y14,AI14,AS14,BC14,BM14,BW14) -> 0 | M14: 0 | BY14: =SUM(BV14:BX14) -> 0 | BZ14: 0 | CA14: 0 | CB14: 0 | CC14: 0 | CD14: =BW14-CA14 -> 0 | CE14: 0
A15: 11 | F15: 1111041 | G15: ชิฟฟอนเค้ก วรรณวนัช กาแฟล้วน(รวมรส 4 ชิ้น) | K15: 0 | L15: =SUM(O15,Y15,AI15,AS15,BC15,BM15,BW15) -> 0 | M15: 0 | BY15: =SUM(BV15:BX15) -> 0 | BZ15: 0 | CA15: 0 | CB15: 0 | CC15: 0 | CD15: =BW15-CA15 -> 0 | CE15: 0
A16: 12 | F16: 1111043 | G16: ชิฟฟอนรสมะลิ 8 ชิ้น ห่อ ซีน | K16: 0 | L16: =SUM(O16,Y16,AI16,AS16,BC16,BM16,BW16) -> 0 | M16: 0 | BY16: =SUM(BV16:BX16) -> 0 | BZ16: 0 | CA16: 0 | CB16: 0 | CC16: 0 | CD16: =BW16-CA16 -> 0 | CE16: 0
A17: 13 | F17: 1113091 | G17: (BC) ชิฟฟ่อนรวมรส 4 ชิ้น | H17: BC | K17: 0 | L17: =SUM(O17,Y17,AI17,AS17,BC17,BM17,BW17) -> 695 | M17: 0 | Y17: 35 | AS17: 590 | BM17: 70 | BY17: =SUM(BV17:BX17) -> 0 | BZ17: 0 | CA17: 0 | CB17: 0 | CC17: 0 | CD17: =BW17-CA17 -> 0 | CE17: 0
A18: 14 | F18: 1113083 | G18: (BC) ชิฟฟ่อนฝอยทอง 1 ชิ้น ไม่มีไส้ | K18: 0 | L18: =SUM(O18,Y18,AI18,AS18,BC18,BM18,BW18) -> 0 | M18: 0 | BY18: =SUM(BV18:BX18) -> 0 | BZ18: 0 | CA18: 0 | CB18: 0 | CC18: 0 | CD18: =BW18-CA18 -> 0 | CE18: 0
A19: 15 | F19: 1111057 | G19: ชิฟฟอนแยกชิ้น กาแฟ | K19: 0 | L19: =SUM(O19,Y19,AI19,AS19,BC19,BM19,BW19) -> 0 | M19: 0 | BY19: =SUM(BV19:BX19) -> 0 | BZ19: 0 | CA19: 0 | CB19: 0 | CC19: 0 | CD19: =BW19-CA19 -> 0 | CE19: 0
A20: 16 | F20: 1111058 | G20: ชิฟฟอนแยกชิ้น ชาเขียว | K20: 0 | L20: =SUM(O20,Y20,AI20,AS20,BC20,BM20,BW20) -> 0 | M20: 0 | BY20: =SUM(BV20:BX20) -> 0 | BZ20: 0 | CA20: 0 | CB20: 0 | CC20: 0 | CD20: =BW20-CA20 -> 0 | CE20: 0
A21: 17 | F21: 1111059 | G21: ชิฟฟอนแยกชิ้น ใบเตย | K21: 0 | L21: =SUM(O21,Y21,AI21,AS21,BC21,BM21,BW21) -> 0 | M21: 0 | BY21: =SUM(BV21:BX21) -> 0 | BZ21: 0 | CA21: 0 | CB21: 0 | CC21: 0 | CD21: =BW21-CA21 -> 0 | CE21: 0
A22: 18 | F22: 1111060 | G22: ชิฟฟอนแยกชิ้น กล้วยหอม | K22: 0 | L22: =SUM(O22,Y22,AI22,AS22,BC22,BM22,BW22) -> 0 | M22: 0 | BY22: =SUM(BV22:BX22) -> 0 | BZ22: 0 | CA22: 0 | CB22: 0 | CC22: 0 | CD22: =BW22-CA22 -> 0 | CE22: 0
A23: 19 | F23: 1111061 | G23: ชิฟฟอนแยกชิ้น ชาไทย | K23: 0 | L23: =SUM(O23,Y23,AI23,AS23,BC23,BM23,BW23) -> 0 | M23: 0 | BY23: =SUM(BV23:BX23) -> 0 | BZ23: 0 | CA23: 0 | CB23: 0 | CC23: 0 | CD23: =BW23-CA23 -> 0 | CE23: 0
A24: 20 | F24: 1111062 | G24: ชิฟฟอนแยกชิ้น โกโก้ | K24: 0 | L24: =SUM(O24,Y24,AI24,AS24,BC24,BM24,BW24) -> 0 | M24: 0 | BY24: =SUM(BV24:BX24) -> 0 | BZ24: 0 | CA24: 0 | CB24: 0 | CC24: 0 | CD24: =BW24-CA24 -> 0 | CE24: 0
A25: 21 | F25: 1111063 | G25: ชิฟฟอนแยกชิ้น ส้ม | K25: 0 | L25: =SUM(O25,Y25,AI25,AS25,BC25,BM25,BW25) -> 0 | M25: 0 | BY25: =SUM(BV25:BX25) -> 0 | BZ25: 0 | CA25: 0 | CB25: 0 | CC25: 0 | CD25: =BW25-CA25 -> 0 | CE25: 0
A26: 22 | F26: 1111064 | G26: ชิฟฟอนแยกชิ้น เผือก | K26: 0 | L26: =SUM(O26,Y26,AI26,AS26,BC26,BM26,BW26) -> 0 | M26: 0 | BY26: =SUM(BV26:BX26) -> 0 | BZ26: 0 | CA26: 0 | CB26: 0 | CC26: 0 | CD26: =BW26-CA26 -> 0 | CE26: 0
A27: 23 | F27: 1111065 | G27: ชิฟฟอนแยกชิ้น สับปะรด | K27: 0 | L27: =SUM(O27,Y27,AI27,AS27,BC27,BM27,BW27) -> 0 | M27: 0 | BY27: =SUM(BV27:BX27) -> 0 | BZ27: 0 | CA27: 0 | CB27: 0 | CC27: 0 | CD27: =BW27-CA27 -> 0 | CE27: 0
A28: 24 | F28: 1111066 | G28: ชิฟฟอนแยกชิ้น สตอเบอรี่ | K28: 0 | L28: =SUM(O28,Y28,AI28,AS28,BC28,BM28,BW28) -> 0 | M28: 0 | BY28: =SUM(BV28:BX28) -> 0 | BZ28: 0 | CA28: 0 | CB28: 0 | CC28: 0 | CD28: =BW28-CA28 -> 0 | CE28: 0
A29: 25 | F29: 1111067 | G29: ชิฟฟอนแยกชิ้น มะพร้าว | K29: 0 | L29: =SUM(O29,Y29,AI29,AS29,BC29,BM29,BW29) -> 0 | M29: 0 | BY29: =SUM(BV29:BX29) -> 0 | BZ29: 0 | CA29: 0 | CB29: 0 | CC29: 0 | CD29: =BW29-CA29 -> 0 | CE29: 0
... A31: 27 | F31: 1111069 | G31: ชิฟฟอนแยกชิ้น บลูเบอรี่ | K31: 0 | L31: =SUM(O31,Y31,AI31,AS31,BC31,BM31,BW31) -> 0 | M31: 0 | BY31: =SUM(BV31:BX31) -> 0 | BZ31: 0 | CA31: 0 | CB31: 0 | CC31: 0 | CD31: =BW31-CA31 -> 0 | CE31: 0
A32: 28 | F32: 1004061 | G32: ชิฟฟ่อนเค้ก สอดไส้ครีมมะพร้าว (2 ชิ้น) | H32: Aeon | K32: 0 | L32: =SUM(O32,Y32,AI32,AS32,BC32,BM32,BW32) -> 28 | M32: 0 | O32: 13 | BC32: 15 | BY32: =SUM(BV32:BX32) -> 0 | BZ32: 0 | CA32: 0 | CB32: 0 | CC32: 0 | CD32: =BW32-CA32 -> 0 | CE32: 0
A33: 29 | F33: 1111051 | G33: ชิฟฟ่อนเค้กสอดไส้ครีมมะพร้าว (2ชิ้น) มะพร้าวล้วน | K33: 0 | L33: =SUM(O33,Y33,AI33,AS33,BC33,BM33,BW33) -> 0 | M33: 0 | BY33: =SUM(BV33:BX33) -> 0 | BZ33: 0 | CA33: 0 | CB33: 0 | CC33: 0 | CD33: =BW33-CA33 -> 0 | CE33: 0
A34: 30 | F34: 1111004 | G34: ชิฟฟ่อนเค้ก สอดไส้ครีมมะพร้าว (4 ชิ้น) | K34: 0 | L34: =SUM(O34,Y34,AI34,AS34,BC34,BM34,BW34) -> 0 | M34: 0 | BY34: =SUM(BV34:BX34) -> 0 | BZ34: 0 | CA34: 0 | CB34: 0 | CC34: 0 | CD34: =BW34-CA34 -> 0 | CE34: 0
A35: 31 | F35: 1111048 | G35: ชิฟฟอนเค้กสอดไส้ครีมมะพร้าว+เตย (4ชิ้น) | K35: 0 | L35: =SUM(O35,Y35,AI35,AS35,BC35,BM35,BW35) -> 0 | M35: 0 | BY35: =SUM(BV35:BX35) -> 0 | BZ35: 0 | CA35: 0 | CB35: 0 | CC35: 0 | CD35: =BW35-CA35 -> 0 | CE35: 0
A36: 32 | F36: 1111005 | G36: ชิฟฟ่อนเค้ก สอดไส้ครีมมะพร้าว (5 ชิ้น) | K36: 0 | L36: =SUM(O36,Y36,AI36,AS36,BC36,BM36,BW36) -> 0 | M36: 0 | BY36: =SUM(BV36:BX36) -> 0 | BZ36: 0 | CA36: 0 | CB36: 0 | CC36: 0 | CD36: =BW36-CA36 -> 0 | CE36: 0
A37: 33 | F37: 1111047 | G37: ชิฟฟอนเค้กสอดไส้ครีมมะพร้าว+เตย (5ชิ้น) | K37: 0 | L37: =SUM(O37,Y37,AI37,AS37,BC37,BM37,BW37) -> 0 | M37: 0 | BY37: =SUM(BV37:BX37) -> 0 | BZ37: 0 | CA37: 0 | CB37: 0 | CC37: 0 | CD37: =BW37-CA37 -> 0 | CE37: 0
A38: 34 | F38: 1111006 | G38: ชิฟฟ่อนเค้ก วรรณวนัช (สอดไส้รวมรส 8 ชิ้น) | K38: 0 | L38: =SUM(O38,Y38,AI38,AS38,BC38,BM38,BW38) -> 0 | M38: 0 | BY38: =SUM(BV38:BX38) -> 0 | BZ38: 0 | CA38: 0 | CB38: 0 | CC38: 0 | CD38: =BW38-CA38 -> 0 | CE38: 0
A39: 35 | F39: 1111034 | G39: ชิฟฟ่อนเค้กใบเตยสอดไส้ครีมมะพร้าว (8 ชิ้น ) | K39: 0 | L39: =SUM(O39,Y39,AI39,AS39,BC39,BM39,BW39) -> 0 | M39: 0 | BY39: =SUM(BV39:BX39) -> 0 | BZ39: 0 | CA39: 0 | CB39: 0 | CC39: 0 | CD39: =BW39-CA39 -> 0 | CE39: 0
A40: 36 | F40: 1111035 | G40: ชิฟฟ่อนเค้กมะพร้าวสอดไส้ครีมมะพร้าว (8 ชิ้น) | K40: 0 | L40: =SUM(O40,Y40,AI40,AS40,BC40,BM40,BW40) -> 0 | M40: 0 | BY40: =SUM(BV40:BX40) -> 0 | BZ40: 0 | CA40: 0 | CB40: 0 | CC40: 0 | CD40: =BW40-CA40 -> 0 | CE40: 0
A41: 37 | F41: 1111031 | G41: ชิฟฟ่อนเค้กทูโทนใบเตยและมะพร้าวสอดไส้ครีม (8 ชิ้น) | K41: 0 | L41: =SUM(O41,Y41,AI41,AS41,BC41,BM41,BW41) -> 0 | M41: 0 | BY41: =SUM(BV41:BX41) -> 0 | BZ41: 0 | CA41: 0 | CB41: 0 | CC41: 0 | CD41: =BW41-CA41 -> 0 | CE41: 0
A42: 38 | F42: 1111032 | G42: ชิฟฟ่อนเค้กสอดไส้ครีมมะพร้าว ส้มล้วน (8 ชิ้น) | K42: 0 | L42: =SUM(O42,Y42,AI42,AS42,BC42,BM42,BW42) -> 0 | M42: 0 | BY42: =SUM(BV42:BX42) -> 0 | BZ42: 0 | CA42: 0 | CB42: 0 | CC42: 0 | CD42: =BW42-CA42 -> 0 | CE42: 0
A43: 39 | F43: 20040386 | G43: Wanwanach_ชิฟฟ่อนเค้กสอดไส้มะพร้านมสด 105 g | H43: CJ | K43: 0 | L43: =SUM(O43,Y43,AI43,AS43,BC43,BM43,BW43) -> 0 | M43: 0 | BY43: =SUM(BV43:BX43) -> 0 | BZ43: 0 | CA43: 0 | CB43: 0 | CC43: 0 | CD43: =BW43-CA43 -> 0 | CE43: 0
A44: 40 | F44: 1111109 | G44: ชิฟฟ่อนเค้กสอดไส้ครีมมะพร้าวล้วน (5ชิ้น) | K44: 0 | L44: =SUM(O44,Y44,AI44,AS44,BC44,BM44,BW44) -> 0 | M44: 0 | BY44: =SUM(BV44:BX44) -> 0 | BZ44: 0 | CA44: 0 | CB44: 0 | CC44: 0 | CD44: =BW44-CA44 -> 0 | CE44: 0
A45: 41 | F45: 1111110 | G45: ชิฟฟ่อนเค้กสอดไส้ครีมมะพร้าวล้วน (4 ชิ้น) | K45: 0 | L45: =SUM(O45,Y45,AI45,AS45,BC45,BM45,BW45) -> 0 | M45: 0 | BY45: =SUM(BV45:BX45) -> 0 | BZ45: 0 | CA45: 0 | CB45: 0 | CC45: 0 | CD45: =BW45-CA45 -> 0 | CE45: 0
A46: 42 | F46: 1111010 | G46: ชิฟฟ่อนเค้กสอดไส้แยม (1 ชิ้น) | K46: 0 | L46: =SUM(O46,Y46,AI46,AS46,BC46,BM46,BW46) -> 0 | M46: 0 | BY46: =SUM(BV46:BX46) -> 0 | BZ46: 0 | CA46: 0 | CB46: 0 | CC46: 0 | CD46: =BW46-CA46 -> 0 | CE46: 0
A47: 43 | F47: 1111008 | G47: ชิฟฟ่อนเค้ก สอดไส้ (รวมรส 3 ชิ้น) | K47: 0 | L47: =SUM(O47,Y47,AI47,AS47,BC47,BM47,BW47) -> 0 | M47: 0 | BY47: =SUM(BV47:BX47) -> 0 | BZ47: 0 | CA47: 0 | CB47: 0 | CC47: 0 | CD47: =BW47-CA47 -> 0 | CE47: 0
A48: 44 | F48: 1111009 | G48: ชิฟฟ่อนเค้ก สอดไส้ (รวมรส 6 ชิ้น) | K48: 0 | L48: =SUM(O48,Y48,AI48,AS48,BC48,BM48,BW48) -> 0 | M48: 0 | BY48: =SUM(BV48:BX48) -> 0 | BZ48: 0 | CA48: 0 | CB48: 0 | CC48: 0 | CD48: =BW48-CA48 -> 0 | CE48: 0
A49: 45 | F49: 1111012 | G49: ชิฟฟ่อนเค้กสอดไส้ นมชมพูฮอกไกโด (6 ชิ้น) | K49: 0 | L49: =SUM(O49,Y49,AI49,AS49,BC49,BM49,BW49) -> 0 | M49: 0 | BY49: =SUM(BV49:BX49) -> 0 | BZ49: 0 | CA49: 0 | CB49: 0 | CC49: 0 | CD49: =BW49-CA49 -> 0 | CE49: 0
A50: 46 | F50: 1111014 | G50: ชิฟฟ่อนเค้กสอดไส้ ช็อคโกแลตนูเทลล่า (6 ชิ้น) | K50: 0 | L50: =SUM(O50,Y50,AI50,AS50,BC50,BM50,BW50) -> 0 | M50: 0 | BY50: =SUM(BV50:BX50) -> 0 | BZ50: 0 | CA50: 0 | CB50: 0 | CC50: 0 | CD50: =BW50-CA50 -> 0 | CE50: 0
A51: 47 | F51: 1111015 | G51: ชิฟฟ่อนเค้กสอดไส้เนย รสมะพร้าว (3 ชิ้น) | K51: 0 | L51: =SUM(O51,Y51,AI51,AS51,BC51,BM51,BW51) -> 0 | M51: 0 | BY51: =SUM(BV51:BX51) -> 0 | BZ51: 0 | CA51: 0 | CB51: 0 | CC51: 0 | CD51: =BW51-CA51 -> 0 | CE51: 0
A52: 48 | F52: 1005981 | G52: ชิฟฟอนสอดไส้เนย รสมะพร้าว (3 ชิ้น) | K52: 0 | L52: =SUM(O52,Y52,AI52,AS52,BC52,BM52,BW52) -> 0 | M52: 0 | BY52: =SUM(BV52:BX52) -> 0 | BZ52: 0 | CA52: 0 | CB52: 0 | CC52: 0 | CD52: =BW52-CA52 -> 0 | CE52: 0
A53: 49 | F53: 1111016 | G53: ชิฟฟ่อนเค้กสอดไส้เนย รสมะพร้าว (6 ชิ้น) | K53: 0 | L53: =SUM(O53,Y53,AI53,AS53,BC53,BM53,BW53) -> 0 | M53: 0 | BY53: =SUM(BV53:BX53) -> 0 | BZ53: 0 | CA53: 0 | CB53: 0 | CC53: 0 | CD53: =BW53-CA53 -> 0 | CE53: 0
A54: 50 | F54: 1111019 | G54: ชิฟฟ่อนเค้กหน้าฝอยทอง สอดไส้แยมส้ม (3 ชิ้น) | K54: 0 | L54: =SUM(O54,Y54,AI54,AS54,BC54,BM54,BW54) -> 0 | M54: 0 | BY54: =SUM(BV54:BX54) -> 0 | BZ54: 0 | CA54: 0 | CB54: 0 | CC54: 0 | CD54: =BW54-CA54 -> 0 | CE54: 0
A55: 51 | F55: 1111020 | G55: ชิฟฟ่อนเค้กหน้าฝอยทอง สอดไส้แยมส้ม (6 ชิ้น) | K55: 0 | L55: =SUM(O55,Y55,AI55,AS55,BC55,BM55,BW55) -> 0 | M55: 0 | BY55: =SUM(BV55:BX55) -> 0 | BZ55: 0 | CA55: 0 | CB55: 0 | CC55: 0 | CD55: =BW55-CA55 -> 0 | CE55: 0
... A61: 57 | F61: 1111025 | G61: ชิฟฟ่อนเค้กสอดไส้แยม รสส้ม (6 ชิ้น) | K61: 0 | L61: =SUM(O61,Y61,AI61,AS61,BC61,BM61,BW61) -> 0 | M61: 0 | BY61: =SUM(BV61:BX61) -> 0 | BZ61: 0 | CA61: 0 | CB61: 0 | CC61: 0 | CD61: =BW61-CA61 -> 0 | CE61: 0
A62: 58 | F62: 1113081 | G62: (BC) ชิฟฟ่อนสอดไส้แยม 3 รสชาติ วนิลลา, เมล่อน, .ใบเตย | H62: BC | K62: 0 | L62: =SUM(O62,Y62,AI62,AS62,BC62,BM62,BW62) -> 366 | M62: 0 | Y62: 90 | AS62: 156 | BM62: 120 | BY62: =SUM(BV62:BX62) -> 0 | BZ62: 0 | CA62: 0 | CB62: 0 | CC62: 0 | CD62: =BW62-CA62 -> 0 | CE62: 0
A63: 59 | F63: 1114002 | G63: ชิฟฟอนใบเตยสอดไส้ 1 ชิ้น | K63: 0 | L63: =SUM(O63,Y63,AI63,AS63,BC63,BM63,BW63) -> 0 | M63: 0 | BY63: =SUM(BV63:BX63) -> 0 | BZ63: 0 | CA63: 0 | CB63: 0 | CC63: 0 | CD63: =BW63-CA63 -> 0 | CE63: 0
A64: 60 | F64: 1114001 | G64: ชิฟฟอนมะพร้าวสอดไส้ 1 ชิ้น | K64: 0 | L64: =SUM(O64,Y64,AI64,AS64,BC64,BM64,BW64) -> 0 | M64: 0 | BY64: =SUM(BV64:BX64) -> 0 | BZ64: 0 | CA64: 0 | CB64: 0 | CC64: 0 | CD64: =BW64-CA64 -> 0 | CE64: 0
A65: 61 | F65: 1111056 | G65: ชิฟฟอนรวมรสยอดฮิต 8 ชิ้น | K65: 0 | L65: =SUM(O65,Y65,AI65,AS65,BC65,BM65,BW65) -> 0 | M65: 0 | BY65: =SUM(BV65:BX65) -> 0 | BZ65: 0 | CA65: 0 | CB65: 0 | CC65: 0 | CD65: =BW65-CA65 -> 0 | CE65: 0
A66: 62 | F66: 1111074 | G66: ชิฟฟอนไส้แยมแยกชิ้น มะพร้าว | K66: 0 | L66: =SUM(O66,Y66,AI66,AS66,BC66,BM66,BW66) -> 0 | M66: 0 | BY66: =SUM(BV66:BX66) -> 0 | BZ66: 0 | CA66: 0 | CB66: 0 | CC66: 0 | CD66: =BW66-CA66 -> 0 | CE66: 0
A67: 63 | F67: 1111075 | G67: ชิฟฟอนไส้แยมแยกชิ้น สตอเบอรี่ | K67: 0 | L67: =SUM(O67,Y67,AI67,AS67,BC67,BM67,BW67) -> 0 | M67: 0 | BY67: =SUM(BV67:BX67) -> 0 | BZ67: 0 | CA67: 0 | CB67: 0 | CC67: 0 | CD67: =BW67-CA67 -> 0 | CE67: 0
A68: 64 | F68: 1111076 | G68: ชิฟฟอนไส้แยมแยกชิ้น ส้ม | K68: 0 | L68: =SUM(O68,Y68,AI68,AS68,BC68,BM68,BW68) -> 0 | M68: 0 | BY68: =SUM(BV68:BX68) -> 0 | BZ68: 0 | CA68: 0 | CB68: 0 | CC68: 0 | CD68: =BW68-CA68 -> 0 | CE68: 0
A69: 65 | F69: 1111077 | G69: ชิฟฟอนไส้แยมแยกชิ้น บลูเบอรี่ | K69: 0 | L69: =SUM(O69,Y69,AI69,AS69,BC69,BM69,BW69) -> 0 | M69: 0 | BY69: =SUM(BV69:BX69) -> 0 | BZ69: 0 | CA69: 0 | CB69: 0 | CC69: 0 | CD69: =BW69-CA69 -> 0 | CE69: 0
A70: 66 | F70: 1111078 | G70: ชิฟฟอนไส้แยมแยกชิ้น นมชมพู | K70: 0 | L70: =SUM(O70,Y70,AI70,AS70,BC70,BM70,BW70) -> 0 | M70: 0 | BY70: =SUM(BV70:BX70) -> 0 | BZ70: 0 | CA70: 0 | CB70: 0 | CC70: 0 | CD70: =BW70-CA70 -> 0 | CE70: 0
A71: 67 | F71: 1111079 | G71: ชิฟฟอนไส้แยมแยกชิ้น ชอคโกแลต | K71: 0 | L71: =SUM(O71,Y71,AI71,AS71,BC71,BM71,BW71) -> 0 | M71: 0 | BY71: =SUM(BV71:BX71) -> 0 | BZ71: 0 | CA71: 0 | CB71: 0 | CC71: 0 | CD71: =BW71-CA71 -> 0 | CE71: 0
A72: 68 | F72: 1111080 | G72: ชิฟฟอนไส้แยมแยกชิ้น ฝอยทอง | K72: 0 | L72: =SUM(O72,Y72,AI72,AS72,BC72,BM72,BW72) -> 0 | M72: 0 | BY72: =SUM(BV72:BX72) -> 0 | BZ72: 0 | CA72: 0 | CB72: 0 | CC72: 0 | CD72: =BW72-CA72 -> 0 | CE72: 0
A73: 69 | F73: 1111081 | G73: ชิฟฟอนไส้แยมแยกชิ้น วนิลา | K73: 0 | L73: =SUM(O73,Y73,AI73,AS73,BC73,BM73,BW73) -> 0 | M73: 0 | BY73: =SUM(BV73:BX73) -> 0 | BZ73: 0 | CA73: 0 | CB73: 0 | CC73: 0 | CD73: =BW73-CA73 -> 0 | CE73: 0
A74: 70 | F74: 1111082 | G74: ชิฟฟอนไส้แยมแยกชิ้น ใบเตย | K74: 0 | L74: =SUM(O74,Y74,AI74,AS74,BC74,BM74,BW74) -> 0 | M74: 0 | BY74: =SUM(BV74:BX74) -> 0 | BZ74: 0 | CA74: 0 | CB74: 0 | CC74: 0 | CD74: =BW74-CA74 -> 0 | CE74: 0
... A91: 87 | F91: 1112019 | G91: เค้กเบาหวิว รสทุเรียน (110 กรัม) | K91: 0 | L91: =SUM(O91,Y91,AI91,AS91,BC91,BM91,BW91) -> 0 | M91: 0 | BY91: =SUM(BV91:BX91) -> 0 | BZ91: 0 | CA91: 0 | CB91: 0 | CC91: 0 | CD91: =BW91-CA91 -> 0 | CE91: 0
A92: 88 | F92: 1112036 | G92: วรรณวนัช เค้กเบาหวิว ฝอยทอง 100กรัม | H92: Makro | K92: 0 | L92: =SUM(O92,Y92,AI92,AS92,BC92,BM92,BW92) -> 0 | M92: 0 | BY92: =SUM(BV92:BX92) -> 0 | BZ92: 0 | CA92: 0 | CB92: 0 | CC92: 0 | CD92: =BW92-CA92 -> 0 | CE92: 0
A93: 89 | F93: 1112037 | G93: วรรณวนัช เค้กเบาหวิวเนยสด 110กรัม | H93: Makro | K93: 0 | L93: =SUM(O93,Y93,AI93,AS93,BC93,BM93,BW93) -> 0 | M93: 0 | BY93: =SUM(BV93:BX93) -> 0 | BZ93: 0 | CA93: 0 | CB93: 0 | CC93: 0 | CD93: =BW93-CA93 -> 0 | CE93: 0
A94: 90 | F94: 1112038 | G94: วรรณวนัช เค้กเผือกมะพร้าว100กรัม | H94: Makro | K94: 0 | L94: =SUM(O94,Y94,AI94,AS94,BC94,BM94,BW94) -> 0 | M94: 0 | BY94: =SUM(BV94:BX94) -> 0 | BZ94: 0 | CA94: 0 | CB94: 0 | CC94: 0 | CD94: =BW94-CA94 -> 0 | CE94: 0
A95: 91 | F95: 20052085 | G95: วรรณวนัชเค้กเบาหวิวมะพร้าว 80g | H95: CJ | K95: 0 | L95: =SUM(O95,Y95,AI95,AS95,BC95,BM95,BW95) -> 0 | M95: 0 | BY95: =SUM(BV95:BX95) -> 0 | BZ95: 0 | CA95: 0 | CB95: 0 | CC95: 0 | CD95: =BW95-CA95 -> 0 | CE95: 0
A96: 92 | F96: 1004071 | G96: คัพเค้กกล้วยหอมไส้ครีมเนยสด (4 ชิ้น) | H96: Aeon | K96: 0 | L96: =SUM(O96,Y96,AI96,AS96,BC96,BM96,BW96) -> 12 | M96: 0 | O96: 4 | BC96: 8 | BY96: =SUM(BV96:BX96) -> 0 | BZ96: 0 | CA96: 0 | CB96: 0 | CC96: 0 | CD96: =BW96-CA96 -> 0 | CE96: 0
A97: 93 | F97: 1004070 | G97: คัพเค้กมะพร้าวไส้ครีมเนยสด (4 ชิ้น) | H97: Aeon | K97: 0 | L97: =SUM(O97,Y97,AI97,AS97,BC97,BM97,BW97) -> 13 | M97: 0 | O97: 5 | BC97: 8 | BY97: =SUM(BV97:BX97) -> 0 | BZ97: 0 | CA97: 0 | CB97: 0 | CC97: 0 | CD97: =BW97-CA97 -> 0 | CE97: 0
A98: 94 | F98: 1004063 | G98: ซอฟท์เค้กหน้าช็อกโกแลตมูส | H98: Aeon | K98: 0 | L98: =SUM(O98,Y98,AI98,AS98,BC98,BM98,BW98) -> 47 | M98: 0 | O98: 27 | BC98: 20 | BY98: =SUM(BV98:BX98) -> 0 | BZ98: 0 | CA98: 0 | CB98: 0 | CC98: 0 | CD98: =BW98-CA98 -> 0 | CE98: 0
A99: 95 | F99: 1004065 | G99: ซอฟท์เค้กหน้ามะพร้าวนมสด | H99: Aeon | K99: 0 | L99: =SUM(O99,Y99,AI99,AS99,BC99,BM99,BW99) -> 41 | M99: 0 | O99: 21 | BC99: 20 | BY99: =SUM(BV99:BX99) -> 0 | BZ99: 0 | CA99: 0 | CB99: 0 | CC99: 0 | CD99: =BW99-CA99 -> 0 | CE99: 0
A100: 96 | F100: 1113062 | G100: (MK) ชิฟฟอนหม้อแกง | K100: 0 | L100: =SUM(O100,Y100,AI100,AS100,BC100,BM100,BW100) -> 0 | M100: 0 | BY100: =SUM(BV100:BX100) -> 0 | BZ100: 0 | CA100: 0 | CB100: 0 | CC100: 0 | CD100: =BW100-CA100 -> 0 | CE100: 0
A101: 97 | F101: 1113085 | G101: (BC) ชิฟฟ่อนหม้อแกง | H101: BC | K101: 0 | L101: =SUM(O101,Y101,AI101,AS101,BC101,BM101,BW101) -> 374 | M101: 0 | Y101: 87 | AS101: 157 | BM101: 130 | BY101: =SUM(BV101:BX101) -> 0 | BZ101: 0 | CA101: 0 | CB101: 0 | CC101: 0 | CD101: =BW101-CA101 -> 0 | CE101: 0
A102: 98 | F102: 1004074 | G102: ซอฟท์เค้กหน้าครีมสด | H102: Aeon | K102: 0 | L102: =SUM(O102,Y102,AI102,AS102,BC102,BM102,BW102) -> 200 | M102: 0 | O102: 180 | BC102: 20 | BY102: =SUM(BV102:BX102) -> 0 | BZ102: 0 | CA102: 0 | CB102: 0 | CC102: 0 | CD102: =BW102-CA102 -> 0 | CE102: 0
A103: 99 | F103: 20053053 | G103: วรรณนัชเค้กลอดช่อง 85 g | H103: CJ | K103: 0 | L103: =SUM(O103,Y103,AI103,AS103,BC103,BM103,BW103) -> 0 | M103: 0 | BY103: =SUM(BV103:BX103) -> 0 | BZ103: 0 | CA103: 0 | CB103: 0 | CC103: 0 | CD103: =BW103-CA103 -> 0 | CE103: 0
A104: 100 | F104: 1113157 | G104: (BC) เค้กลอดช่อง 85g | H104: BC | K104: 0 | L104: =SUM(O104,Y104,AI104,AS104,BC104,BM104,BW104) -> 0 | M104: 0 | BY104: =SUM(BV104:BX104) -> 0 | BZ104: 0 | CA104: 0 | CB104: 0 | CC104: 0 | CD104: =BW104-CA104 -> 0 | CE104: 0
A105: 101 | F105: 1004064 | G105: ซอฟท์เค้กฝอยทอง | H105: Aeon | K105: 0 | L105: =SUM(O105,Y105,AI105,AS105,BC105,BM105,BW105) -> 32 | M105: 0 | O105: 12 | BC105: 20 | BY105: =SUM(BV105:BX105) -> 0 | BZ105: 0 | CA105: 0 | CB105: 0 | CC105: 0 | CD105: =BW105-CA105 -> 0 | CE105: 0
A106: 102 | F106: 20052724 | G106: วรรณวนัชเค้กฝอยทองหน้านิ่ม 90g | H106: CJ | K106: 0 | L106: =SUM(O106,Y106,AI106,AS106,BC106,BM106,BW106) -> 0 | M106: 0 | BY106: =SUM(BV106:BX106) -> 0 | BZ106: 0 | CA106: 0 | CB106: 0 | CC106: 0 | CD106: =BW106-CA106 -> 0 | CE106: 0
A107: 103 | F107: 1004072 | G107: เค้กโบราณ ครีม (2 ชิ้น) | H107: Aeon | K107: 0 | L107: =SUM(O107,Y107,AI107,AS107,BC107,BM107,BW107) -> 19 | M107: 0 | O107: 9 | BC107: 10 | BY107: =SUM(BV107:BX107) -> 0 | BZ107: 0 | CA107: 0 | CB107: 0 | CC107: 0 | CD107: =BW107-CA107 -> 0 | CE107: 0
A108: 104 | F108: 1004073 | G108: เค้กโบราณ ผลไม้ (2 ชิ้น) | H108: Aeon | K108: 0 | L108: =SUM(O108,Y108,AI108,AS108,BC108,BM108,BW108) -> 0 | M108: 0 | BY108: =SUM(BV108:BX108) -> 0 | BZ108: 0 | CA108: 0 | CB108: 0 | CC108: 0 | CD108: =BW108-CA108 -> 0 | CE108: 0
A109: 105 | F109: 1113006 | G109: เค้กโบราณ ครีม (4 ชิ้น) | K109: 0 | L109: =SUM(O109,Y109,AI109,AS109,BC109,BM109,BW109) -> 0 | M109: 0 | BY109: =SUM(BV109:BX109) -> 0 | BZ109: 0 | CA109: 0 | CB109: 0 | CC109: 0 | CD109: =BW109-CA109 -> 0 | CE109: 0
A110: 106 | F110: 1113007 | G110: เค้กโบราณ ผลไม้ (4 ชิ้น) | K110: 0 | L110: =SUM(O110,Y110,AI110,AS110,BC110,BM110,BW110) -> 0 | M110: 0 | BY110: =SUM(BV110:BX110) -> 0 | BZ110: 0 | CA110: 0 | CB110: 0 | CC110: 0 | CD110: =BW110-CA110 -> 0 | CE110: 0
A111: 107 | F111: 1113008 | G111: เค้กโบราณ รวมรส (4 ชิ้น) | H111: Aeon | K111: 0 | L111: =SUM(O111,Y111,AI111,AS111,BC111,BM111,BW111) -> 33 | M111: 0 | O111: 18 | BC111: 15 | BY111: =SUM(BV111:BX111) -> 0 | BZ111: 0 | CA111: 0 | CB111: 0 | CC111: 0 | CD111: =BW111-CA111 -> 0 | CE111: 0
A112: 108 | F112: 1113107 | G112: โบราณใหญ่ 12 ชิ้น | K112: 0 | L112: =SUM(O112,Y112,AI112,AS112,BC112,BM112,BW112) -> 0 | M112: 0 | BY112: =SUM(BV112:BX112) -> 0 | BZ112: 0 | CA112: 0 | CB112: 0 | CC112: 0 | CD112: =BW112-CA112 -> 0 | CE112: 0
A113: 109 | F113: 1113120 | G113: โบราณใหญ่หน้าครีม (แผ่น) | K113: 0 | L113: =SUM(O113,Y113,AI113,AS113,BC113,BM113,BW113) -> 0 | M113: 0 | BY113: =SUM(BV113:BX113) -> 0 | BZ113: 0 | CA113: 0 | CB113: 0 | CC113: 0 | CD113: =BW113-CA113 -> 0 | CE113: 0
A114: 110 | F114: 1113092 | G114: (BC) เค้กโบราณ 4 ชิ้น | H114: BC | K114: 0 | L114: =SUM(O114,Y114,AI114,AS114,BC114,BM114,BW114) -> 660 | M114: 0 | Y114: 15 | AS114: 615 | BM114: 30 | BY114: =SUM(BV114:BX114) -> 0 | BZ114: 0 | CA114: 0 | CB114: 0 | CC114: 0 | CD114: =BW114-CA114 -> 0 | CE114: 0
A115: 111 | F115: 1113146 | G115: โบราณ 4 ชิ้น (กล่องแดง) | K115: 0 | L115: =SUM(O115,Y115,AI115,AS115,BC115,BM115,BW115) -> 0 | M115: 0 | BY115: =SUM(BV115:BX115) -> 0 | BZ115: 0 | CA115: 0 | CB115: 0 | CC115: 0 | CD115: =BW115-CA115 -> 0 | CE115: 0
A116: 112 | F116: 1113147 | G116: โบราณ 4 ชิ้น (กล่องแดง) แบบแผ่น | K116: 0 | L116: =SUM(O116,Y116,AI116,AS116,BC116,BM116,BW116) -> 0 | M116: 0 | BY116: =SUM(BV116:BX116) -> 0 | BZ116: 0 | CA116: 0 | CB116: 0 | CC116: 0 | CD116: =BW116-CA116 -> 0 | CE116: 0
A117: 113 | F117: 20036350 | G117: Wanwanach_เค้กโบราณ 200 g | H117: CJ | K117: 0 | L117: =SUM(O117,Y117,AI117,AS117,BC117,BM117,BW117) -> 0 | M117: 0 | BY117: =SUM(BV117:BX117) -> 0 | BZ117: 0 | CA117: 0 | CB117: 0 | CC117: 0 | CD117: =BW117-CA117 -> 0 | CE117: 0
A118: 114 | F118: 1113162 | G118: เค้กโบราณครีม 12 ชิ้น | K118: 0 | L118: =SUM(O118,Y118,AI118,AS118,BC118,BM118,BW118) -> 0 | M118: 0 | BY118: =SUM(BV118:BX118) -> 0 | BZ118: 0 | CA118: 0 | CB118: 0 | CC118: 0 | CD118: =BW118-CA118 -> 0 | CE118: 0
A119: 115 | F119: 1113163 | G119: เค้กโบราณผลไม้ 12 ชิ้น | K119: 0 | L119: =SUM(O119,Y119,AI119,AS119,BC119,BM119,BW119) -> 0 | M119: 0 | BY119: =SUM(BV119:BX119) -> 0 | BZ119: 0 | CA119: 0 | CB119: 0 | CC119: 0 | CD119: =BW119-CA119 -> 0 | CE119: 0
A120: 116 | F120: 1113164 | G120: เค้กโบราณรวมรส 12 ชิ้น | K120: 0 | L120: =SUM(O120,Y120,AI120,AS120,BC120,BM120,BW120) -> 0 | M120: 0 | BY120: =SUM(BV120:BX120) -> 0 | BZ120: 0 | CA120: 0 | CB120: 0 | CC120: 0 | CD120: =BW120-CA120 -> 0 | CE120: 0
A121: 117 | F121: 1113009 | G121: เค้กลาวา ฝอยทองใบเตย (ใหญ่) | K121: 0 | L121: =SUM(O121,Y121,AI121,AS121,BC121,BM121,BW121) -> 0 | M121: 0 | BY121: =SUM(BV121:BX121) -> 0 | BZ121: 0 | CA121: 0 | CB121: 0 | CC121: 0 | CD121: =BW121-CA121 -> 0 | CE121: 0
A122: 118 | F122: 1004062 | G122: เค้กลาวา ฝอยทองทูโทน (เล็ก) | K122: 0 | L122: =SUM(O122,Y122,AI122,AS122,BC122,BM122,BW122) -> 0 | M122: 0 | BY122: =SUM(BV122:BX122) -> 0 | BZ122: 0 | CA122: 0 | CB122: 0 | CC122: 0 | CD122: =BW122-CA122 -> 0 | CE122: 0
...

Sheet ยอดจริง Week 1
A1: วันอาทิตย์ | H1: วันจันทร์ | O1: วันอังคาร | V1: วันพุธ | AC1: วันพฤหัส | AJ1: วันศุกร์ | AQ1: วันเสาร์ | BY1: week 4 (วันที่ 24-30 พฤศจิกายน 2567) | CT1: week 5
A2: รหัส | B2: รายการ | C2: A | D2: B | E2: N | F2: รวม | H2: รหัส | I2: รายการ | J2: A | K2: B | L2: N | M2: รวม | O2: รหัส | P2: รายการ | Q2: A | R2: B | S2: N | T2: รวม | V2: รหัส | W2: รายการ | X2: A | Y2: B | Z2: N | AA2: รวม | AC2: รหัส | AD2: รายการ | AE2: A | AF2: B | AG2: N | AH2: รวม | AJ2: รหัส | AK2: รายการ | AL2: A | AM2: B | AN2: N | AO2: รวม | AQ2: รหัส | AR2: รายการ | AS2: A | AT2: B | AU2: N | AV2: รวม | BB2: วันพฤหัสบดี | BF2: ยอดจริง | BL2: วันศุกร์ | BP2: ยอดจริง | BV2: เสาร์ | BY2: วันอาทิตย์ | CB2: วันจันทร์ | CE2: วันอังคาร | CH2: วันพุธ | CK2: วันพฤหัสบดี | CN2: วันศุกร์ | CQ2: เสาร์ | CT2: วันอาทิตย์ | CW2: วันจันทร์ | CZ2: วันอังคาร | DC2: วันพุธ | DF2: วันพฤหัสบดี | DI2: วันศุกร์ | DL2: เสาร์
A3: 1113036 | B3: ช็อกบอล | H3: 1113036 | I3: ช็อกบอล | O3: 1113036 | P3: ช็อกบอล | V3: 1113036 | W3: ช็อกบอล | AC3: 1113036 | AD3: ช็อกบอล | AJ3: 1113036 | AK3: ช็อกบอล | AQ3: 1113036 | AR3: ช็อกบอล | BZ3: 24 | CC3: 25 | CF3: 26 | CI3: 27 | CL3: 28 | CO3: 29 | CR3: 30
A4: 1111001 | B4: ชิฟฟ่อนเค้ก (1 ชิ้น) | H4: 1111001 | I4: ชิฟฟ่อนเค้ก (1 ชิ้น) | O4: 1111001 | P4: ชิฟฟ่อนเค้ก (1 ชิ้น) | V4: 1111001 | W4: ชิฟฟ่อนเค้ก (1 ชิ้น) | AC4: 1111001 | AD4: ชิฟฟ่อนเค้ก (1 ชิ้น) | AJ4: 1111001 | AK4: ชิฟฟ่อนเค้ก (1 ชิ้น) | AQ4: 1111001 | AR4: ชิฟฟ่อนเค้ก (1 ชิ้น) | AW4: ไม่ติดป้าย Amezon | AX4: Non Logo | AY4: ติดป้าย Amezon | AZ4: ไม่ติดป้าย Amezon | BA4: Non Logo | BB4: ติดป้าย Amezon | BC4: ไม่ติดป้าย Amezon | BD4: Non Logo | BE4: รวม | BF4: ติดป้าย Amezon | BG4: ไม่ติดป้าย Amezon | BH4: Non Logo | BI4: ติดป้าย Amezon | BJ4: ไม่ติดป้าย Amezon | BK4: Non Logo | BL4: ติดป้าย Amezon | BM4: ไม่ติดป้าย Amezon | BN4: Non Logo | BO4: รวม | BP4: ติดป้าย Amezon | BQ4: ไม่ติดป้าย Amezon | BR4: Non Logo | BS4: ติดป้าย Amezon | BT4: ไม่ติดป้าย Amezon | BU4: Non Logo | BV4: ติดป้าย Amezon | BW4: ไม่ติดป้าย Amezon | BX4: Non Logo | BY4: ติดป้าย Amezon | BZ4: ไม่ติดป้าย Amezon | CA4: Non Logo | CB4: ติดป้าย Amezon | CC4: ไม่ติดป้าย Amezon | CD4: Non Logo | CE4: ติดป้าย Amezon | CF4: ไม่ติดป้าย Amezon | CG4: Non Logo | CH4: ติดป้าย Amezon | CI4: ไม่ติดป้าย Amezon | CJ4: Non Logo | CK4: ติดป้าย Amezon | CL4: ไม่ติดป้าย Amezon | CM4: Non Logo | CN4: ติดป้าย Amezon | CO4: ไม่ติดป้าย Amezon | CP4: Non Logo | CQ4: ติดป้าย Amezon | CR4: ไม่ติดป้าย Amezon | CS4: Non Logo | CT4: ติดป้าย Amezon | CU4: ไม่ติดป้าย Amezon | CV4: Non Logo | CW4: ติดป้าย Amezon | CX4: ไม่ติดป้าย Amezon | CY4: Non Logo | CZ4: ติดป้าย Amezon | DA4: ไม่ติดป้าย Amezon | DB4: Non Logo | DC4: ติดป้าย Amezon | DD4: ไม่ติดป้าย Amezon | DE4: Non Logo | DF4: ติดป้าย Amezon | DG4: ไม่ติดป้าย Amezon | DH4: Non Logo | DI4: ติดป้าย Amezon | DJ4: ไม่ติดป้าย Amezon | DK4: Non Logo | DL4: ติดป้าย Amezon | DM4: ไม่ติดป้าย Amezon | DN4: Non Logo
A5: 1004061 | B5: ชิฟฟ่อนเค้ก สอดไส้ครีมมะพร้าว (2 ชิ้น) | H5: 1004061 | I5: ชิฟฟ่อนเค้ก สอดไส้ครีมมะพร้าว (2 ชิ้น) | O5: 1004061 | P5: ชิฟฟ่อนเค้ก สอดไส้ครีมมะพร้าว (2 ชิ้น) | V5: 1004061 | W5: ชิฟฟ่อนเค้ก สอดไส้ครีมมะพร้าว (2 ชิ้น) | AC5: 1004061 | AD5: ชิฟฟ่อนเค้ก สอดไส้ครีมมะพร้าว (2 ชิ้น) | AJ5: 1004061 | AK5: ชิฟฟ่อนเค้ก สอดไส้ครีมมะพร้าว (2 ชิ้น) | AQ5: 1004061 | AR5: ชิฟฟ่อนเค้ก สอดไส้ครีมมะพร้าว (2 ชิ้น) | AW5: 0 | AX5: 0 | AY5: 0 | AZ5: 0 | BA5: 0 | BC5: 10 | BE5: 10 | BF5: 0 | BG5: 0 | BH5: 0 | BI5: 0 | BJ5: 10 | BK5: 0 | BO5: 0 | BP5: 0 | BQ5: 0 | BR5: 0 | BS5: 0 | BT5: 0 | BU5: 0 | BZ5: 10 | CL5: 10
A6: 1004071 | B6: คัพเค้กกล้วยหอมไส้ครีมเนยสด (4 ชิ้น) | H6: 1004071 | I6: คัพเค้กกล้วยหอมไส้ครีมเนยสด (4 ชิ้น) | O6: 1004071 | P6: คัพเค้กกล้วยหอมไส้ครีมเนยสด (4 ชิ้น) | V6: 1004071 | W6: คัพเค้กกล้วยหอมไส้ครีมเนยสด (4 ชิ้น) | AC6: 1004071 | AD6: คัพเค้กกล้วยหอมไส้ครีมเนยสด (4 ชิ้น) | AJ6: 1004071 | AK6: คัพเค้กกล้วยหอมไส้ครีมเนยสด (4 ชิ้น) | AQ6: 1004071 | AR6: คัพเค้กกล้วยหอมไส้ครีมเนยสด (4 ชิ้น) | AW6: 0 | AX6: 0 | AY6: 0 | AZ6: 0 | BA6: 0 | BE6: 0 | BF6: 0 | BG6: 0 | BH6: 0 | BI6: 0 | BJ6: 0 | BK6: 0 | BO6: 0 | BP6: 0 | BQ6: 0 | BR6: 0 | BS6: 0 | BT6: 0 | BU6: 0
A7: 1004070 | B7: คัพเค้กมะพร้าวไส้ครีมเนยสด (4 ชิ้น) | H7: 1004070 | I7: คัพเค้กมะพร้าวไส้ครีมเนยสด (4 ชิ้น) | O7: 1004070 | P7: คัพเค้กมะพร้าวไส้ครีมเนยสด (4 ชิ้น) | V7: 1004070 | W7: คัพเค้กมะพร้าวไส้ครีมเนยสด (4 ชิ้น) | AC7: 1004070 | AD7: คัพเค้กมะพร้าวไส้ครีมเนยสด (4 ชิ้น) | AJ7: 1004070 | AK7: คัพเค้กมะพร้าวไส้ครีมเนยสด (4 ชิ้น) | AQ7: 1004070 | AR7: คัพเค้กมะพร้าวไส้ครีมเนยสด (4 ชิ้น) | AW7: 0 | AX7: 0 | AY7: 0 | AZ7: 0 | BA7: 0 | BE7: 0 | BF7: 0 | BG7: 0 | BH7: 0 | BI7: 0 | BJ7: 0 | BK7: 0 | BO7: 0 | BP7: 0 | BQ7: 0 | BR7: 0 | BS7: 0 | BT7: 0 | BU7: 0
A8: 1004063 | B8: ซอฟท์เค้กหน้าช็อกโกแลตมูส | H8: 1004063 | I8: ซอฟท์เค้กหน้าช็อกโกแลตมูส | O8: 1004063 | P8: ซอฟท์เค้กหน้าช็อกโกแลตมูส | V8: 1004063 | W8: ซอฟท์เค้กหน้าช็อกโกแลตมูส | AC8: 1004063 | AD8: ซอฟท์เค้กหน้าช็อกโกแลตมูส | AJ8: 1004063 | AK8: ซอฟท์เค้กหน้าช็อกโกแลตมูส | AQ8: 1004063 | AR8: ซอฟท์เค้กหน้าช็อกโกแลตมูส | AW8: 0 | AX8: 0 | AY8: 0 | AZ8: 0 | BA8: 0 | BE8: 0 | BF8: 0 | BG8: 0 | BH8: 0 | BI8: 0 | BJ8: 0 | BK8: 0 | BO8: 0 | BP8: 0 | BQ8: 0 | BR8: 0 | BS8: 0 | BT8: 0 | BU8: 0
A9: 1004065 | B9: ซอฟท์เค้กหน้ามะพร้าวนมสด | H9: 1004065 | I9: ซอฟท์เค้กหน้ามะพร้าวนมสด | O9: 1004065 | P9: ซอฟท์เค้กหน้ามะพร้าวนมสด | V9: 1004065 | W9: ซอฟท์เค้กหน้ามะพร้าวนมสด | AC9: 1004065 | AD9: ซอฟท์เค้กหน้ามะพร้าวนมสด | AJ9: 1004065 | AK9: ซอฟท์เค้กหน้ามะพร้าวนมสด | AQ9: 1004065 | AR9: ซอฟท์เค้กหน้ามะพร้าวนมสด | AW9: 0 | AX9: 0 | AY9: 0 | AZ9: 0 | BA9: 0 | BE9: 0 | BF9: 0 | BG9: 0 | BH9: 0 | BI9: 0 | BJ9: 0 | BK9: 0 | BO9: 0 | BP9: 0 | BQ9: 0 | BR9: 0 | BS9: 0 | BT9: 0 | BU9: 0 | BZ9: 1800 | CF9: 1000
A10: 1004074 | B10: ซอฟท์เค้กหน้าครีมสด | H10: 1004074 | I10: ซอฟท์เค้กหน้าครีมสด | O10: 1004074 | P10: ซอฟท์เค้กหน้าครีมสด | V10: 1004074 | W10: ซอฟท์เค้กหน้าครีมสด | AC10: 1004074 | AD10: ซอฟท์เค้กหน้าครีมสด | AJ10: 1004074 | AK10: ซอฟท์เค้กหน้าครีมสด | AQ10: 1004074 | AR10: ซอฟท์เค้กหน้าครีมสด | AW10: 0 | AX10: 0 | AY10: 0 | AZ10: 0 | BA10: 0 | BE10: 0 | BF10: 0 | BG10: 0 | BH10: 0 | BI10: 0 | BJ10: 0 | BK10: 0 | BO10: 0 | BP10: 0 | BQ10: 0 | BR10: 0 | BS10: 0 | BT10: 0 | BU10: 0
A11: 1004064 | B11: ซอฟท์เค้กฝอยทอง | H11: 1004064 | I11: ซอฟท์เค้กฝอยทอง | O11: 1004064 | P11: ซอฟท์เค้กฝอยทอง | V11: 1004064 | W11: ซอฟท์เค้กฝอยทอง | AC11: 1004064 | AD11: ซอฟท์เค้กฝอยทอง | AJ11: 1004064 | AK11: ซอฟท์เค้กฝอยทอง | AQ11: 1004064 | AR11: ซอฟท์เค้กฝอยทอง | AW11: 0 | AX11: 0 | AY11: 0 | AZ11: 0 | BA11: 0 | BE11: 0 | BF11: 0 | BG11: 0 | BH11: 0 | BI11: 0 | BJ11: 0 | BK11: 0 | BO11: 0 | BP11: 0 | BQ11: 0 | BR11: 0 | BS11: 0 | BT11: 0 | BU11: 0
A12: 1004072 | B12: เค้กโบราณ ครีม (2 ชิ้น) | H12: 1004072 | I12: เค้กโบราณ ครีม (2 ชิ้น) | O12: 1004072 | P12: เค้กโบราณ ครีม (2 ชิ้น) | V12: 1004072 | W12: เค้กโบราณ ครีม (2 ชิ้น) | AC12: 1004072 | AD12: เค้กโบราณ ครีม (2 ชิ้น) | AJ12: 1004072 | AK12: เค้กโบราณ ครีม (2 ชิ้น) | AQ12: 1004072 | AR12: เค้กโบราณ ครีม (2 ชิ้น) | AW12: 0 | AX12: 0 | AY12: 0 | AZ12: 0 | BA12: 0 | BE12: 0 | BF12: 0 | BG12: 0 | BH12: 0 | BI12: 0 | BJ12: 0 | BK12: 0 | BO12: 0 | BP12: 0 | BQ12: 0 | BR12: 0 | BS12: 0 | BT12: 0 | BU12: 0
A13: 1004073 | B13: เค้กโบราณ ผลไม้ (2 ชิ้น) | H13: 1004073 | I13: เค้กโบราณ ผลไม้ (2 ชิ้น) | O13: 1004073 | P13: เค้กโบราณ ผลไม้ (2 ชิ้น) | V13: 1004073 | W13: เค้กโบราณ ผลไม้ (2 ชิ้น) | AC13: 1004073 | AD13: เค้กโบราณ ผลไม้ (2 ชิ้น) | AJ13: 1004073 | AK13: เค้กโบราณ ผลไม้ (2 ชิ้น) | AQ13: 1004073 | AR13: เค้กโบราณ ผลไม้ (2 ชิ้น) | AW13: 0 | AX13: 0 | AY13: 0 | AZ13: 0 | BA13: 0 | BE13: 0 | BF13: 0 | BG13: 0 | BH13: 0 | BI13: 0 | BJ13: 0 | BK13: 0 | BO13: 0 | BP13: 0 | BQ13: 0 | BR13: 0 | BS13: 0 | BT13: 0 | BU13: 0
A14: 1113008 | B14: เค้กโบราณ รวมรส (4 ชิ้น) | H14: 1113008 | I14: เค้กโบราณ รวมรส (4 ชิ้น) | O14: 1113008 | P14: เค้กโบราณ รวมรส (4 ชิ้น) | V14: 1113008 | W14: เค้กโบราณ รวมรส (4 ชิ้น) | AC14: 1113008 | AD14: เค้กโบราณ รวมรส (4 ชิ้น) | AJ14: 1113008 | AK14: เค้กโบราณ รวมรส (4 ชิ้น) | AQ14: 1113008 | AR14: เค้กโบราณ รวมรส (4 ชิ้น) | AW14: 0 | AX14: 0 | AY14: 0 | AZ14: 0 | BA14: 0 | BE14: 0 | BF14: 0 | BG14: 0 | BH14: 0 | BI14: 0 | BJ14: 0 | BK14: 0 | BO14: 0 | BP14: 0 | BQ14: 0 | BR14: 0 | BS14: 0 | BT14: 0 | BU14: 0
A15: 1113106 | B15: มินิลาวาทูโทน | H15: 1113106 | I15: มินิลาวาทูโทน | O15: 1113106 | P15: มินิลาวาทูโทน | V15: 1113106 | W15: มินิลาวาทูโทน | AC15: 1113106 | AD15: มินิลาวาทูโทน | AJ15: 1113106 | AK15: มินิลาวาทูโทน | AQ15: 1113106 | AR15: มินิลาวาทูโทน | AW15: 0 | AX15: 0 | AY15: 0 | AZ15: 0 | BA15: 0 | BE15: 0 | BF15: 0 | BG15: 0 | BH15: 0 | BI15: 0 | BJ15: 0 | BK15: 0 | BO15: 0 | BP15: 0 | BQ15: 0 | BR15: 0 | BS15: 0 | BT15: 0 | BU15: 0
A16: 1113056 | B16: (MK) สตรอเบอร์รี่ครีมเค้ก 65 ก. (หน้าขาว) | H16: 1113056 | I16: (MK) สตรอเบอร์รี่ครีมเค้ก 65 ก. (หน้าขาว) | O16: 1113056 | P16: (MK) สตรอเบอร์รี่ครีมเค้ก 65 ก. (หน้าขาว) | V16: 1113056 | W16: (MK) สตรอเบอร์รี่ครีมเค้ก 65 ก. (หน้าขาว) | AC16: 1113056 | AD16: (MK) สตรอเบอร์รี่ครีมเค้ก 65 ก. (หน้าขาว) | AJ16: 1113056 | AK16: (MK) สตรอเบอร์รี่ครีมเค้ก 65 ก. (หน้าขาว) | AQ16: 1113056 | AR16: (MK) สตรอเบอร์รี่ครีมเค้ก 65 ก. (หน้าขาว) | AW16: 0 | AX16: 0 | AY16: 0 | AZ16: 0 | BA16: 0 | BE16: 0 | BF16: 0 | BG16: 0 | BH16: 0 | BI16: 0 | BJ16: 0 | BK16: 0 | BO16: 0 | BP16: 0 | BQ16: 0 | BR16: 0 | BS16: 0 | BT16: 0 | BU16: 0
A17: 1113059 | B17: (MK) เค้กสตรอเบอร์รี่ 65 ก. (หน้าชมพู) | H17: 1113059 | I17: (MK) เค้กสตรอเบอร์รี่ 65 ก. (หน้าชมพู) | O17: 1113059 | P17: (MK) เค้กสตรอเบอร์รี่ 65 ก. (หน้าชมพู) | V17: 1113059 | W17: (MK) เค้กสตรอเบอร์รี่ 65 ก. (หน้าชมพู) | AC17: 1113059 | AD17: (MK) เค้กสตรอเบอร์รี่ 65 ก. (หน้าชมพู) | AJ17: 1113059 | AK17: (MK) เค้กสตรอเบอร์รี่ 65 ก. (หน้าชมพู) | AQ17: 1113059 | AR17: (MK) เค้กสตรอเบอร์รี่ 65 ก. (หน้าชมพู) | AW17: 0 | AX17: 0 | AY17: 0 | AZ17: 0 | BA17: 0 | BC17: 200 | BE17: 200 | BF17: 0 | BG17: 0 | BH17: 0 | BI17: 0 | BJ17: 200 | BK17: 0 | BO17: 0 | BP17: 0 | BQ17: 0 | BR17: 0 | BS17: 0 | BT17: 0 | BU17: 0 | BZ17: 250 | CF17: 350 | CL17: 300
A18: 1005977 | B18: บลูเบอรี่ ครีมเค้ก (หน้าขาว) | H18: 1005977 | I18: บลูเบอรี่ ครีมเค้ก (หน้าขาว) | O18: 1005977 | P18: บลูเบอรี่ ครีมเค้ก (หน้าขาว) | V18: 1005977 | W18: บลูเบอรี่ ครีมเค้ก (หน้าขาว) | AC18: 1005977 | AD18: บลูเบอรี่ ครีมเค้ก (หน้าขาว) | AJ18: 1005977 | AK18: บลูเบอรี่ ครีมเค้ก (หน้าขาว) | AQ18: 1005977 | AR18: บลูเบอรี่ ครีมเค้ก (หน้าขาว) | AW18: 0 | AX18: 0 | AY18: 0 | AZ18: 0 | BA18: 0 | BE18: 0 | BF18: 0 | BG18: 0 | BH18: 0 | BI18: 0 | BJ18: 0 | BK18: 0 | BO18: 0 | BP18: 0 | BQ18: 0 | BR18: 0 | BS18: 0 | BT18: 0 | BU18: 0
A19: 1113098 | B19: วุ้นชิฟฟ่อน (ฝอยทอง) WWN | H19: 1113098 | I19: วุ้นชิฟฟ่อน (ฝอยทอง) WWN | O19: 1113098 | P19: วุ้นชิฟฟ่อน (ฝอยทอง) WWN | V19: 1113098 | W19: วุ้นชิฟฟ่อน (ฝอยทอง) WWN | AC19: 1113098 | AD19: วุ้นชิฟฟ่อน (ฝอยทอง) WWN | AJ19: 1113098 | AK19: วุ้นชิฟฟ่อน (ฝอยทอง) WWN | AQ19: 1113098 | AR19: วุ้นชิฟฟ่อน (ฝอยทอง) WWN | AW19: 0 | AX19: 0 | AY19: 0 | AZ19: 0 | BA19: 0 | BE19: 0 | BF19: 0 | BG19: 0 | BH19: 0 | BI19: 0 | BJ19: 0 | BK19: 0 | BO19: 0 | BP19: 0 | BQ19: 0 | BR19: 0 | BS19: 0 | BT19: 0 | BU19: 0
A20: 1005982 | B20: ขนมปังเนยนิ่ม 3 ชิ้น | H20: 1005982 | I20: ขนมปังเนยนิ่ม 3 ชิ้น | O20: 1005982 | P20: ขนมปังเนยนิ่ม 3 ชิ้น | V20: 1005982 | W20: ขนมปังเนยนิ่ม 3 ชิ้น | AC20: 1005982 | AD20: ขนมปังเนยนิ่ม 3 ชิ้น | AJ20: 1005982 | AK20: ขนมปังเนยนิ่ม 3 ชิ้น | AQ20: 1005982 | AR20: ขนมปังเนยนิ่ม 3 ชิ้น | AW20: 0 | AX20: 0 | AY20: 0 | AZ20: 0 | BA20: 0 | BE20: 0 | BF20: 0 | BG20: 0 | BH20: 0 | BI20: 0 | BJ20: 0 | BK20: 0 | BO20: 0 | BP20: 0 | BQ20: 0 | BR20: 0 | BS20: 0 | BT20: 0 | BU20: 0
A21: 1113087 | B21: (BC) เอแคลร์ 6 ชิ้น | H21: 1113087 | I21: (BC) เอแคลร์ 6 ชิ้น | O21: 1113087 | P21: (BC) เอแคลร์ 6 ชิ้น | V21: 1113087 | W21: (BC) เอแคลร์ 6 ชิ้น | AC21: 1113087 | AD21: (BC) เอแคลร์ 6 ชิ้น | AJ21: 1113087 | AK21: (BC) เอแคลร์ 6 ชิ้น | AQ21: 1113087 | AR21: (BC) เอแคลร์ 6 ชิ้น | AW21: 0 | AX21: 0 | AY21: 0 | AZ21: 0 | BA21: 0 | BE21: 0 | BF21: 0 | BG21: 0 | BH21: 0 | BI21: 0 | BJ21: 0 | BK21: 0 | BO21: 0 | BP21: 0 | BQ21: 0 | BR21: 0 | BS21: 0 | BT21: 0 | BU21: 0
A22: 1113093 | B22: (BC) ขนมปังสังขยา 4 ชิ้น | H22: 1113093 | I22: (BC) ขนมปังสังขยา 4 ชิ้น | O22: 1113093 | P22: (BC) ขนมปังสังขยา 4 ชิ้น | V22: 1113093 | W22: (BC) ขนมปังสังขยา 4 ชิ้น | AC22: 1113093 | AD22: (BC) ขนมปังสังขยา 4 ชิ้น | AJ22: 1113093 | AK22: (BC) ขนมปังสังขยา 4 ชิ้น | AQ22: 1113093 | AR22: (BC) ขนมปังสังขยา 4 ชิ้น | AW22: 0 | AX22: 0 | AY22: 0 | AZ22: 0 | BA22: 0 | BE22: 0 | BF22: 0 | BG22: 0 | BH22: 0 | BI22: 0 | BJ22: 0 | BK22: 0 | BO22: 0 | BP22: 0 | BQ22: 0 | BR22: 0 | BS22: 0 | BT22: 0 | BU22: 0
A23: 1113088 | B23: (BC) ครีมฮอร์นวนิลา 3 ชิ้น วิปครีม | H23: 1113088 | I23: (BC) ครีมฮอร์นวนิลา 3 ชิ้น วิปครีม | O23: 1113088 | P23: (BC) ครีมฮอร์นวนิลา 3 ชิ้น วิปครีม | V23: 1113088 | W23: (BC) ครีมฮอร์นวนิลา 3 ชิ้น วิปครีม | AC23: 1113088 | AD23: (BC) ครีมฮอร์นวนิลา 3 ชิ้น วิปครีม | AJ23: 1113088 | AK23: (BC) ครีมฮอร์นวนิลา 3 ชิ้น วิปครีม | AQ23: 1113088 | AR23: (BC) ครีมฮอร์นวนิลา 3 ชิ้น วิปครีม | AW23: 0 | AX23: 0 | AY23: 0 | AZ23: 0 | BA23: 0 | BE23: 0 | BF23: 0 | BG23: 0 | BH23: 0 | BI23: 0 | BJ23: 0 | BK23: 0 | BO23: 0 | BP23: 0 | BQ23: 0 | BR23: 0 | BS23: 0 | BT23: 0 | BU23: 0
A24: 1113091 | B24: (BC) ชิฟฟ่อนรวมรส 4 ชิ้น | H24: 1113091 | I24: (BC) ชิฟฟ่อนรวมรส 4 ชิ้น | O24: 1113091 | P24: (BC) ชิฟฟ่อนรวมรส 4 ชิ้น | V24: 1113091 | W24: (BC) ชิฟฟ่อนรวมรส 4 ชิ้น | AC24: 1113091 | AD24: (BC) ชิฟฟ่อนรวมรส 4 ชิ้น | AJ24: 1113091 | AK24: (BC) ชิฟฟ่อนรวมรส 4 ชิ้น | AQ24: 1113091 | AR24: (BC) ชิฟฟ่อนรวมรส 4 ชิ้น | AW24: 0 | AX24: 0 | AY24: 0 | AZ24: 0 | BA24: 0 | BE24: 0 | BF24: 0 | BG24: 0 | BH24: 0 | BI24: 0 | BJ24: 0 | BK24: 0 | BO24: 0 | BP24: 0 | BQ24: 0 | BR24: 0 | BS24: 0 | BT24: 0 | BU24: 0
A25: 1113081 | B25: (BC) ชิฟฟ่อนสอดไส้แยม 3 รสชาติ วนิลลา, เมล่อน, .ใบเตย | H25: 1113081 | I25: (BC) ชิฟฟ่อนสอดไส้แยม 3 รสชาติ วนิลลา, เมล่อน, .ใบเตย | O25: 1113081 | P25: (BC) ชิฟฟ่อนสอดไส้แยม 3 รสชาติ วนิลลา, เมล่อน, .ใบเตย | V25: 1113081 | W25: (BC) ชิฟฟ่อนสอดไส้แยม 3 รสชาติ วนิลลา, เมล่อน, .ใบเตย | AC25: 1113081 | AD25: (BC) ชิฟฟ่อนสอดไส้แยม 3 รสชาติ วนิลลา, เมล่อน, .ใบเตย | AJ25: 1113081 | AK25: (BC) ชิฟฟ่อนสอดไส้แยม 3 รสชาติ วนิลลา, เมล่อน, .ใบเตย | AQ25: 1113081 | AR25: (BC) ชิฟฟ่อนสอดไส้แยม 3 รสชาติ วนิลลา, เมล่อน, .ใบเตย | AW25: 0 | AX25: 0 | AY25: 0 | AZ25: 0 | BA25: 0 | BE25: 0 | BF25: 0 | BG25: 0 | BH25: 0 | BI25: 0 | BJ25: 0 | BK25: 0 | BO25: 0 | BP25: 0 | BQ25: 0 | BR25: 0 | BS25: 0 | BT25: 0 | BU25: 0
A26: 1113085 | B26: (BC) ชิฟฟ่อนหม้อแกง | H26: 1113085 | I26: (BC) ชิฟฟ่อนหม้อแกง | O26: 1113085 | P26: (BC) ชิฟฟ่อนหม้อแกง | V26: 1113085 | W26: (BC) ชิฟฟ่อนหม้อแกง | AC26: 1113085 | AD26: (BC) ชิฟฟ่อนหม้อแกง | AJ26: 1113085 | AK26: (BC) ชิฟฟ่อนหม้อแกง | AQ26: 1113085 | AR26: (BC) ชิฟฟ่อนหม้อแกง | AW26: 0 | AX26: 0 | AY26: 0 | AZ26: 0 | BA26: 0 | BE26: 0 | BF26: 0 | BG26: 0 | BH26: 0 | BI26: 0 | BJ26: 0 | BK26: 0 | BO26: 0 | BP26: 0 | BQ26: 0 | BR26: 0 | BS26: 0 | BT26: 0 | BU26: 0
A27: 1113157 | B27: (BC) เค้กลอดช่อง 85g | H27: 1113157 | I27: (BC) เค้กลอดช่อง 85g | O27: 1113157 | P27: (BC) เค้กลอดช่อง 85g | V27: 1113157 | W27: (BC) เค้กลอดช่อง 85g | AC27: 1113157 | AD27: (BC) เค้กลอดช่อง 85g | AJ27: 1113157 | AK27: (BC) เค้กลอดช่อง 85g | AQ27: 1113157 | AR27: (BC) เค้กลอดช่อง 85g | AW27: 0 | AX27: 0 | AY27: 0 | AZ27: 0 | BA27: 0 | BE27: 0 | BF27: 0 | BG27: 0 | BH27: 0 | BI27: 0 | BJ27: 0 | BK27: 0 | BO27: 0 | BP27: 0 | BQ27: 0 | BR27: 0 | BS27: 0 | BT27: 0 | BU27: 0
A28: 1113092 | B28: (BC) เค้กโบราณ 4 ชิ้น | H28: 1113092 | I28: (BC) เค้กโบราณ 4 ชิ้น | O28: 1113092 | P28: (BC) เค้กโบราณ 4 ชิ้น | V28: 1113092 | W28: (BC) เค้กโบราณ 4 ชิ้น | AC28: 1113092 | AD28: (BC) เค้กโบราณ 4 ชิ้น | AJ28: 1113092 | AK28: (BC) เค้กโบราณ 4 ชิ้น | AQ28: 1113092 | AR28: (BC) เค้กโบราณ 4 ชิ้น | AW28: 0 | AX28: 0 | AY28: 0 | AZ28: 0 | BA28: 0 | BE28: 0 | BF28: 0 | BG28: 0 | BH28: 0 | BI28: 0 | BJ28: 0 | BK28: 0 | BO28: 0 | BP28: 0 | BQ28: 0 | BR28: 0 | BS28: 0 | BT28: 0 | BU28: 0
A29: 1113090 | B29: (BC) เครปโรลใบเตย ท๊อปซีน | H29: 1113090 | I29: (BC) เครปโรลใบเตย ท๊อปซีน | O29: 1113090 | P29: (BC) เครปโรลใบเตย ท๊อปซีน | V29: 1113090 | W29: (BC) เครปโรลใบเตย ท๊อปซีน | AC29: 1113090 | AD29: (BC) เครปโรลใบเตย ท๊อปซีน | AJ29: 1113090 | AK29: (BC) เครปโรลใบเตย ท๊อปซีน | AQ29: 1113090 | AR29: (BC) เครปโรลใบเตย ท๊อปซีน | AW29: 0 | AX29: 0 | AY29: 0 | AZ29: 0 | BA29: 0 | BE29: 0 | BF29: 0 | BG29: 0 | BH29: 0 | BI29: 0 | BJ29: 0 | BK29: 0 | BO29: 0 | BP29: 0 | BQ29: 0 | BR29: 0 | BS29: 0 | BT29: 0 | BU29: 0
... A31: 1113086 | B31: (BC) ขนมปังเนยนิ่ม 3 ชิ้น | H31: 1113086 | I31: (BC) ขนมปังเนยนิ่ม 3 ชิ้น | O31: 1113086 | P31: (BC) ขนมปังเนยนิ่ม 3 ชิ้น | V31: 1113086 | W31: (BC) ขนมปังเนยนิ่ม 3 ชิ้น | AC31: 1113086 | AD31: (BC) ขนมปังเนยนิ่ม 3 ชิ้น | AJ31: 1113086 | AK31: (BC) ขนมปังเนยนิ่ม 3 ชิ้น | AQ31: 1113086 | AR31: (BC) ขนมปังเนยนิ่ม 3 ชิ้น | AW31: 0 | AX31: 0 | AY31: 0 | AZ31: 0 | BA31: 0 | BE31: 0 | BF31: 0 | BG31: 0 | BH31: 0 | BI31: 0 | BJ31: 0 | BK31: 0 | BO31: 0 | BP31: 0 | BQ31: 0 | BR31: 0 | BS31: 0 | BT31: 0 | BU31: 0
A32: 1113084 | B32: (BC) ปังเนยนิ่ม 90 g 2 ชิ้น | H32: 1113084 | I32: (BC) ปังเนยนิ่ม 90 g 2 ชิ้น | O32: 1113084 | P32: (BC) ปังเนยนิ่ม 90 g 2 ชิ้น | V32: 1113084 | W32: (BC) ปังเนยนิ่ม 90 g 2 ชิ้น | AC32: 1113084 | AD32: (BC) ปังเนยนิ่ม 90 g 2 ชิ้น | AJ32: 1113084 | AK32: (BC) ปังเนยนิ่ม 90 g 2 ชิ้น | AQ32: 1113084 | AR32: (BC) ปังเนยนิ่ม 90 g 2 ชิ้น | AW32: 0 | AX32: 0 | AY32: 0 | AZ32: 0 | BA32: 0 | BC32: 20 | BE32: 20 | BF32: 0 | BG32: 0 | BH32: 0 | BI32: 0 | BJ32: 20 | BK32: 0 | BO32: 0 | BP32: 0 | BQ32: 0 | BR32: 0 | BS32: 0 | BT32: 0 | BU32: 0 | BZ32: 10 | CL32: 10
A33: 20040386 | B33: Wanwanach_ชิฟฟ่อนเค้กสอดไส้มะพร้านมสด 105 g | H33: 20040386 | I33: Wanwanach_ชิฟฟ่อนเค้กสอดไส้มะพร้านมสด 105 g | O33: 20040386 | P33: Wanwanach_ชิฟฟ่อนเค้กสอดไส้มะพร้านมสด 105 g | V33: 20000000 | W33: Wanwanach_ชิฟฟ่อนเค้กสอดไส้มะพร้านมสด 105 g | AC33: 20000000 | AD33: Wanwanach_ชิฟฟ่อนเค้กสอดไส้มะพร้านมสด 105 g | AJ33: 20000000 | AK33: Wanwanach_ชิฟฟ่อนเค้กสอดไส้มะพร้านมสด 105 g | AQ33: 20000000 | AR33: Wanwanach_ชิฟฟ่อนเค้กสอดไส้มะพร้านมสด 105 g | AW33: 0 | AX33: 0 | AY33: 0 | AZ33: 0 | BA33: 0 | BE33: 0 | BF33: 0 | BG33: 0 | BH33: 0 | BI33: 0 | BJ33: 0 | BK33: 0 | BO33: 0 | BP33: 0 | BQ33: 0 | BR33: 0 | BS33: 0 | BT33: 0 | BU33: 0
A34: 20052085 | B34: วรรณวนัชเค้กเบาหวิวมะพร้าว 80g | H34: 20052085 | I34: วรรณวนัชเค้กเบาหวิวมะพร้าว 80g | O34: 20052085 | P34: วรรณวนัชเค้กเบาหวิวมะพร้าว 80g | V34: 20000000 | W34: วรรณวนัชเค้กเบาหวิวมะพร้าว 80g | AC34: 20000000 | AD34: วรรณวนัชเค้กเบาหวิวมะพร้าว 80g | AJ34: 20000000 | AK34: วรรณวนัชเค้กเบาหวิวมะพร้าว 80g | AQ34: 20000000 | AR34: วรรณวนัชเค้กเบาหวิวมะพร้าว 80g | AW34: 0 | AX34: 0 | AY34: 0 | AZ34: 0 | BA34: 0 | BE34: 0 | BF34: 0 | BG34: 0 | BH34: 0 | BI34: 0 | BJ34: 0 | BK34: 0 | BO34: 0 | BP34: 0 | BQ34: 0 | BR34: 0 | BS34: 0 | BT34: 0 | BU34: 0
A35: 20053053 | B35: วรรณนัชเค้กลอดช่อง 85 g | H35: 20053053 | I35: วรรณนัชเค้กลอดช่อง 85 g | O35: 20053053 | P35: วรรณนัชเค้กลอดช่อง 85 g | V35: 20000000 | W35: วรรณนัชเค้กลอดช่อง 85 g | AC35: 20000000 | AD35: วรรณนัชเค้กลอดช่อง 85 g | AJ35: 20000000 | AK35: วรรณนัชเค้กลอดช่อง 85 g | AQ35: 20000000 | AR35: วรรณนัชเค้กลอดช่อง 85 g | AW35: 0 | AX35: 0 | AY35: 0 | AZ35: 0 | BA35: 0 | BE35: 0 | BF35: 0 | BG35: 0 | BH35: 0 | BI35: 0 | BJ35: 0 | BK35: 0 | BO35: 0 | BP35: 0 | BQ35: 0 | BR35: 0 | BS35: 0 | BT35: 0 | BU35: 0
A36: 20052724 | B36: วรรณวนัชเค้กฝอยทองหน้านิ่ม 90g | H36: 20052724 | I36: วรรณวนัชเค้กฝอยทองหน้านิ่ม 90g | O36: 20052724 | P36: วรรณวนัชเค้กฝอยทองหน้านิ่ม 90g | V36: 20000000 | W36: วรรณวนัชเค้กฝอยทองหน้านิ่ม 90g | AC36: 20000000 | AD36: วรรณวนัชเค้กฝอยทองหน้านิ่ม 90g | AJ36: 20000000 | AK36: วรรณวนัชเค้กฝอยทองหน้านิ่ม 90g | AQ36: 20000000 | AR36: วรรณวนัชเค้กฝอยทองหน้านิ่ม 90g | AW36: 0 | AX36: 0 | AY36: 0 | AZ36: 0 | BA36: 0 | BE36: 0 | BF36: 0 | BG36: 0 | BH36: 0 | BI36: 0 | BJ36: 0 | BK36: 0 | BO36: 0 | BP36: 0 | BQ36: 0 | BR36: 0 | BS36: 0 | BT36: 0 | BU36: 0
A37: 20036350 | B37: Wanwanach_เค้กโบราณ 200 g | H37: 20036350 | I37: Wanwanach_เค้กโบราณ 200 g | O37: 20036350 | P37: Wanwanach_เค้กโบราณ 200 g | V37: 20000000 | W37: Wanwanach_เค้กโบราณ 200 g | AC37: 20000000 | AD37: Wanwanach_เค้กโบราณ 200 g | AJ37: 20000000 | AK37: Wanwanach_เค้กโบราณ 200 g | AQ37: 20000000 | AR37: Wanwanach_เค้กโบราณ 200 g | AW37: 0 | AX37: 0 | AY37: 0 | AZ37: 0 | BA37: 0 | BE37: 0 | BF37: 0 | BG37: 0 | BH37: 0 | BI37: 0 | BJ37: 0 | BK37: 0 | BO37: 0 | BP37: 0 | BQ37: 0 | BR37: 0 | BS37: 0 | BT37: 0 | BU37: 0
A38: 20047267 | B38: Bao_WanWN_เค้กมะพร้าว 65g | H38: 20047267 | I38: Bao_WanWN_เค้กมะพร้าว 65g | O38: 20047267 | P38: Bao_WanWN_เค้กมะพร้าว 65g | V38: 20000000 | W38: Bao_WanWN_เค้กมะพร้าว 65g | AC38: 20000000 | AD38: Bao_WanWN_เค้กมะพร้าว 65g | AJ38: 20000000 | AK38: Bao_WanWN_เค้กมะพร้าว 65g | AQ38: 20000000 | AR38: Bao_WanWN_เค้กมะพร้าว 65g | AW38: 0 | AX38: 0 | AY38: 0 | AZ38: 0 | BA38: 0 | BE38: 0 | BF38: 0 | BG38: 0 | BH38: 0 | BI38: 0 | BJ38: 0 | BK38: 0 | BO38: 0 | BP38: 0 | BQ38: 0 | BR38: 0 | BS38: 0 | BT38: 0 | BU38: 0
A39: 20039044 | B39: Wanwanach_เอแคลร์นมสด 125 g | H39: 20039044 | I39: Wanwanach_เอแคลร์นมสด 125 g | O39: 20039044 | P39: Wanwanach_เอแคลร์นมสด 125 g | V39: 20000000 | W39: Wanwanach_เอแคลร์นมสด 125 g | AC39: 20000000 | AD39: Wanwanach_เอแคลร์นมสด 125 g | AJ39: 20000000 | AK39: Wanwanach_เอแคลร์นมสด 125 g | AQ39: 20000000 | AR39: Wanwanach_เอแคลร์นมสด 125 g | AW39: 0 | AX39: 0 | AY39: 0 | AZ39: 0 | BA39: 0 | BE39: 0 | BF39: 0 | BG39: 0 | BH39: 0 | BI39: 0 | BJ39: 0 | BK39: 0 | BO39: 0 | BP39: 0 | BQ39: 0 | BR39: 0 | BS39: 0 | BT39: 0 | BU39: 0
A40: 20053054 | B40: วรรณนัชโดนัทไส้แยมสตอเบอรี่ 110 g | H40: 20053054 | I40: วรรณนัชโดนัทไส้แยมสตอเบอรี่ 110 g | O40: 20053054 | P40: วรรณนัชโดนัทไส้แยมสตอเบอรี่ 110 g | V40: 20000000 | W40: วรรณนัชโดนัทไส้แยมสตอเบอรี่ 110 g | AC40: 20000000 | AD40: วรรณนัชโดนัทไส้แยมสตอเบอรี่ 110 g | AJ40: 20000000 | AK40: วรรณนัชโดนัทไส้แยมสตอเบอรี่ 110 g | AQ40: 20000000 | AR40: วรรณนัชโดนัทไส้แยมสตอเบอรี่ 110 g | AW40: 0 | AX40: 0 | AY40: 0 | AZ40: 0 | BA40: 0 | BE40: 0 | BF40: 0 | BG40: 0 | BH40: 0 | BI40: 0 | BJ40: 0 | BK40: 0 | BO40: 0 | BP40: 0 | BQ40: 0 | BR40: 0 | BS40: 0 | BT40: 0 | BU40: 0
A41: 20039963 | B41: Wanwanach_ปังสังขยาใบเตยนมสด 190 g | H41: 20039963 | I41: Wanwanach_ปังสังขยาใบเตยนมสด 190 g | O41: 20039963 | P41: Wanwanach_ปังสังขยาใบเตยนมสด 190 g | V41: 20000000 | W41: Wanwanach_ปังสังขยาใบเตยนมสด 190 g | AC41: 20000000 | AD41: Wanwanach_ปังสังขยาใบเตยนมสด 190 g | AJ41: 20000000 | AK41: Wanwanach_ปังสังขยาใบเตยนมสด 190 g | AQ41: 20000000 | AR41: Wanwanach_ปังสังขยาใบเตยนมสด 190 g | AW41: 0 | AX41: 0 | AY41: 0 | AZ41: 0 | BA41: 0 | BE41: 0 | BF41: 0 | BG41: 0 | BH41: 0 | BI41: 0 | BJ41: 0 | BK41: 0 | BO41: 0 | BP41: 0 | BQ41: 0 | BR41: 0 | BS41: 0 | BT41: 0 | BU41: 0
A42: 20045524 | B42: Bao_WanWN_ขนมปังเนยนิ่ม_55g | H42: 20045524 | I42: Bao_WanWN_ขนมปังเนยนิ่ม_55g | O42: 20045524 | P42: Bao_WanWN_ขนมปังเนยนิ่ม_55g | V42: 20000000 | W42: Bao_WanWN_ขนมปังเนยนิ่ม_55g | AC42: 20000000 | AD42: Bao_WanWN_ขนมปังเนยนิ่ม_55g | AJ42: 20000000 | AK42: Bao_WanWN_ขนมปังเนยนิ่ม_55g | AQ42: 20000000 | AR42: Bao_WanWN_ขนมปังเนยนิ่ม_55g | AW42: 0 | AX42: 0 | AY42: 0 | AZ42: 0 | BA42: 0 | BE42: 0 | BF42: 0 | BG42: 0 | BH42: 0 | BI42: 0 | BJ42: 0 | BK42: 0 | BO42: 0 | BP42: 0 | BQ42: 0 | BR42: 0 | BS42: 0 | BT42: 0 | BU42: 0
A43: 20036355 | B43: Wanwanach_ครีมฮอร์นวนิลา 65 g | H43: 20036355 | I43: Wanwanach_ครีมฮอร์นวนิลา 65 g | O43: 20036355 | P43: Wanwanach_ครีมฮอร์นวนิลา 65 g | V43: 20000000 | W43: Wanwanach_ครีมฮอร์นวนิลา 65 g | AC43: 20000000 | AD43: Wanwanach_ครีมฮอร์นวนิลา 65 g | AJ43: 20000000 | AK43: Wanwanach_ครีมฮอร์นวนิลา 65 g | AQ43: 20000000 | AR43: Wanwanach_ครีมฮอร์นวนิลา 65 g | AW43: 0 | AX43: 0 | AY43: 0 | AZ43: 0 | BA43: 0 | BE43: 0 | BF43: 0 | BG43: 0 | BH43: 0 | BI43: 0 | BJ43: 0 | BK43: 0 | BO43: 0 | BP43: 0 | BQ43: 0 | BR43: 0 | BS43: 0 | BT43: 0 | BU43: 0
A44: 20053055 | B44: วรรณวนัชครีมฮอร์นใบเตย 60g | H44: 20053055 | I44: วรรณวนัชครีมฮอร์นใบเตย 60g | O44: 20053055 | P44: วรรณวนัชครีมฮอร์นใบเตย 60g | V44: 20000000 | W44: วรรณวนัชครีมฮอร์นใบเตย 60g | AC44: 20000000 | AD44: วรรณวนัชครีมฮอร์นใบเตย 60g | AJ44: 20000000 | AK44: วรรณวนัชครีมฮอร์นใบเตย 60g | AQ44: 20000000 | AR44: วรรณวนัชครีมฮอร์นใบเตย 60g | AW44: 0 | AX44: 0 | AY44: 0 | AZ44: 0 | BA44: 0 | BE44: 0 | BF44: 0 | BG44: 0 | BH44: 0 | BI44: 0 | BJ44: 0 | BK44: 0 | BO44: 0 | BP44: 0 | BQ44: 0 | BR44: 0 | BS44: 0 | BT44: 0 | BU44: 0
... A61: 20054637 | B61: เอแคลร์ผสมคิทแคท | H61: 20054637 | I61: เอแคลร์ผสมคิทแคท | O61: 20054637 | P61: เอแคลร์ผสมคิทแคท | V61: 20000000 | W61: เอแคลร์ผสมคิทแคท | AC61: 20000000 | AD61: เอแคลร์ผสมคิทแคท | AJ61: 20000000 | AK61: เอแคลร์ผสมคิทแคท | AQ61: 20000000 | AR61: เอแคลร์ผสมคิทแคท | AW61: 0 | AX61: 0 | AY61: 0 | AZ61: 0 | BA61: 0 | BE61: 0 | BF61: 0 | BG61: 0 | BH61: 0 | BI61: 0 | BJ61: 0 | BK61: 0 | BO61: 0 | BP61: 0 | BQ61: 0 | BR61: 0 | BS61: 0 | BT61: 0 | BU61: 0
A62: 20054636 | B62: เค้กทุเรียน | H62: 20054636 | I62: เค้กทุเรียน | O62: 20054636 | P62: เค้กทุเรียน | V62: 20000000 | W62: เค้กทุเรียน | AC62: 20000000 | AD62: เค้กทุเรียน | AJ62: 20000000 | AK62: เค้กทุเรียน | AQ62: 20000000 | AR62: เค้กทุเรียน | AW62: 0 | AX62: 0 | AY62: 0 | AZ62: 0 | BA62: 0 | BC62: 120 | BE62: 120 | BF62: 0 | BG62: 0 | BH62: 0 | BI62: 0 | BJ62: 120 | BK62: 0 | BO62: 0 | BP62: 0 | BQ62: 0 | BR62: 0 | BS62: 0 | BT62: 0 | BU62: 0 | BZ62: 200 | CF62: 150 | CL62: 100
A63: 20054646 | B63: ขนมปังพิซซ่าโบโลน่า | H63: 20054646 | I63: ขนมปังพิซซ่าโบโลน่า | O63: 20054646 | P63: ขนมปังพิซซ่าโบโลน่า | V63: 20000000 | W63: ขนมปังพิซซ่าโบโลน่า | AC63: 20000000 | AD63: ขนมปังพิซซ่าโบโลน่า | AJ63: 20000000 | AK63: ขนมปังพิซซ่าโบโลน่า | AQ63: 20000000 | AR63: ขนมปังพิซซ่าโบโลน่า | AW63: 0 | AX63: 0 | AY63: 0 | AZ63: 0 | BA63: 0 | BE63: 0 | BF63: 0 | BG63: 0 | BH63: 0 | BI63: 0 | BJ63: 0 | BK63: 0 | BO63: 0 | BP63: 0 | BQ63: 0 | BR63: 0 | BS63: 0 | BT63: 0 | BU63: 0
A64: 20054647 | B64: ขนมปังข้าวโพดแฮม | H64: 20054647 | I64: ขนมปังข้าวโพดแฮม | O64: 20054647 | P64: ขนมปังข้าวโพดแฮม | V64: 20000000 | W64: ขนมปังข้าวโพดแฮม | AC64: 20000000 | AD64: ขนมปังข้าวโพดแฮม | AJ64: 20000000 | AK64: ขนมปังข้าวโพดแฮม | AQ64: 20000000 | AR64: ขนมปังข้าวโพดแฮม | AW64: 0 | AX64: 0 | AY64: 0 | AZ64: 0 | BA64: 0 | BE64: 0 | BF64: 0 | BG64: 0 | BH64: 0 | BI64: 0 | BJ64: 0 | BK64: 0 | BO64: 0 | BP64: 0 | BQ64: 0 | BR64: 0 | BS64: 0 | BT64: 0 | BU64: 0
A65: 20054645 | B65: ครีมฮอร์นชาไทย | H65: 20054645 | I65: ครีมฮอร์นชาไทย | O65: 20054645 | P65: ครีมฮอร์นชาไทย | V65: 20000000 | W65: ครีมฮอร์นชาไทย | AC65: 20000000 | AD65: ครีมฮอร์นชาไทย | AJ65: 20000000 | AK65: ครีมฮอร์นชาไทย | AQ65: 20000000 | AR65: ครีมฮอร์นชาไทย | AW65: 0 | AX65: 0 | AY65: 0 | AZ65: 0 | BA65: 0 | BE65: 0 | BF65: 0 | BG65: 0 | BH65: 0 | BI65: 0 | BJ65: 0 | BK65: 0 | BO65: 0 | BP65: 0 | BQ65: 0 | BR65: 0 | BS65: 0 | BT65: 0 | BU65: 0
AW66: 0 | AX66: 0 | AY66: 0 | AZ66: 0 | BA66: 0 | BE66: 0 | BF66: 0 | BG66: 0 | BH66: 0 | BI66: 0 | BJ66: 0 | BK66: 0 | BO66: 0 | BP66: 0 | BQ66: 0 | BR66: 0 | BS66: 0 | BT66: 0 | BU66: 0
A67: 63 | F67: 1111075 | G67: ชิฟฟอนไส้แยมแยกชิ้น สตอเบอรี่ | K67: 0 | L67: 0 | M67: 0 | Q67: 0 | R67: 0 | S67: 0 | T67: 0 | U67: 0 | V67: 0 | W67: 0 | AA67: 0 | AB67: 0 | AC67: 0 | AD67: 0 | AE67: 0 | AF67: 0 | AG67: 0 | AK67: 0 | AL67: 0 | AM67: 0 | AN67: 0 | AO67: 0 | AP67: 0 | AQ67: 0 | AU67: 0 | AV67: 0 | AW67: 0 | AX67: 0 | AY67: 0 | AZ67: 0 | BA67: 0 | BE67: 0 | BF67: 0 | BG67: 0 | BH67: 0 | BI67: 0 | BJ67: 0 | BK67: 0 | BO67: 0 | BP67: 0 | BQ67: 0 | BR67: 0 | BS67: 0 | BT67: 0 | BU67: 0
A68: 64 | F68: 1111076 | G68: ชิฟฟอนไส้แยมแยกชิ้น ส้ม | K68: 0 | L68: 0 | M68: 0 | Q68: 0 | R68: 0 | S68: 0 | T68: 0 | U68: 0 | V68: 0 | W68: 0 | AA68: 0 | AB68: 0 | AC68: 0 | AD68: 0 | AE68: 0 | AF68: 0 | AG68: 0 | AK68: 0 | AL68: 0 | AM68: 0 | AN68: 0 | AO68: 0 | AP68: 0 | AQ68: 0 | AU68: 0 | AV68: 0 | AW68: 0 | AX68: 0 | AY68: 0 | AZ68: 0 | BA68: 0 | BE68: 0 | BF68: 0 | BG68: 0 | BH68: 0 | BI68: 0 | BJ68: 0 | BK68: 0 | BO68: 0 | BP68: 0 | BQ68: 0 | BR68: 0 | BS68: 0 | BT68: 0 | BU68: 0
A69: 65 | F69: 1111077 | G69: ชิฟฟอนไส้แยมแยกชิ้น บลูเบอรี่ | K69: 0 | L69: 0 | M69: 0 | Q69: 0 | R69: 0 | S69: 0 | T69: 0 | U69: 0 | V69: 0 | W69: 0 | AA69: 0 | AB69: 0 | AC69: 0 | AD69: 0 | AE69: 0 | AF69: 0 | AG69: 0 | AK69: 0 | AL69: 0 | AM69: 0 | AN69: 0 | AO69: 0 | AP69: 0 | AQ69: 0 | AU69: 0 | AV69: 0 | AW69: 0 | AX69: 0 | AY69: 0 | AZ69: 0 | BA69: 0 | BE69: 0 | BF69: 0 | BG69: 0 | BH69: 0 | BI69: 0 | BJ69: 0 | BK69: 0 | BO69: 0 | BP69: 0 | BQ69: 0 | BR69: 0 | BS69: 0 | BT69: 0 | BU69: 0
A70: 66 | F70: 1111078 | G70: ชิฟฟอนไส้แยมแยกชิ้น นมชมพู | K70: 0 | L70: 0 | M70: 0 | Q70: 0 | R70: 0 | S70: 0 | T70: 0 | U70: 0 | V70: 0 | W70: 0 | AA70: 0 | AB70: 0 | AC70: 0 | AD70: 0 | AE70: 0 | AF70: 0 | AG70: 0 | AK70: 0 | AL70: 0 | AM70: 0 | AN70: 0 | AO70: 0 | AP70: 0 | AQ70: 0 | AU70: 0 | AV70: 0 | AW70: 0 | AX70: 0 | AY70: 0 | AZ70: 0 | BA70: 0 | BE70: 0 | BF70: 0 | BG70: 0 | BH70: 0 | BI70: 0 | BJ70: 0 | BK70: 0 | BO70: 0 | BP70: 0 | BQ70: 0 | BR70: 0 | BS70: 0 | BT70: 0 | BU70: 0
A71: 67 | F71: 1111079 | G71: ชิฟฟอนไส้แยมแยกชิ้น ชอคโกแลต | K71: 0 | L71: 0 | M71: 0 | Q71: 0 | R71: 0 | S71: 0 | T71: 0 | U71: 0 | V71: 0 | W71: 0 | AA71: 0 | AB71: 0 | AC71: 0 | AD71: 0 | AE71: 0 | AF71: 0 | AG71: 0 | AK71: 0 | AL71: 0 | AM71: 0 | AN71: 0 | AO71: 0 | AP71: 0 | AQ71: 0 | AU71: 0 | AV71: 0 | AW71: 0 | AX71: 0 | AY71: 0 | AZ71: 0 | BA71: 0 | BE71: 0 | BF71: 0 | BG71: 0 | BH71: 0 | BI71: 0 | BJ71: 0 | BK71: 0 | BO71: 0 | BP71: 0 | BQ71: 0 | BR71: 0 | BS71: 0 | BT71: 0 | BU71: 0
A72: 68 | F72: 1111080 | G72: ชิฟฟอนไส้แยมแยกชิ้น ฝอยทอง | K72: 0 | L72: 0 | M72: 0 | Q72: 0 | R72: 0 | S72: 0 | T72: 0 | U72: 0 | V72: 0 | W72: 0 | AA72: 0 | AB72: 0 | AC72: 0 | AD72: 0 | AE72: 0 | AF72: 0 | AG72: 0 | AK72: 0 | AL72: 0 | AM72: 0 | AN72: 0 | AO72: 0 | AP72: 0 | AQ72: 0 | AU72: 0 | AV72: 0 | AW72: 0 | AX72: 0 | AY72: 0 | AZ72: 0 | BA72: 0 | BE72: 0 | BF72: 0 | BG72: 0 | BH72: 0 | BI72: 0 | BJ72: 0 | BK72: 0 | BO72: 0 | BP72: 0 | BQ72: 0 | BR72: 0 | BS72: 0 | BT72: 0 | BU72: 0
A73: 69 | F73: 1111081 | G73: ชิฟฟอนไส้แยมแยกชิ้น วนิลา | K73: 0 | L73: 0 | M73: 0 | Q73: 0 | R73: 0 | S73: 0 | T73: 0 | U73: 0 | V73: 0 | W73: 0 | AA73: 0 | AB73: 0 | AC73: 0 | AD73: 0 | AE73: 0 | AF73: 0 | AG73: 0 | AK73: 0 | AL73: 0 | AM73: 0 | AN73: 0 | AO73: 0 | AP73: 0 | AQ73: 0 | AU73: 0 | AV73: 0 | AW73: 0 | AX73: 0 | AY73: 0 | AZ73: 0 | BA73: 0 | BE73: 0 | BF73: 0 | BG73: 0 | BH73: 0 | BI73: 0 | BJ73: 0 | BK73: 0 | BO73: 0 | BP73: 0 | BQ73: 0 | BR73: 0 | BS73: 0 | BT73: 0 | BU73: 0
A74: 70 | F74: 1111082 | G74: ชิฟฟอนไส้แยมแยกชิ้น ใบเตย | K74: 0 | L74: 0 | M74: 0 | Q74: 0 | R74: 0 | S74: 0 | T74: 0 | U74: 0 | V74: 0 | W74: 0 | AA74: 0 | AB74: 0 | AC74: 0 | AD74: 0 | AE74: 0 | AF74: 0 | AG74: 0 | AK74: 0 | AL74: 0 | AM74: 0 | AN74: 0 | AO74: 0 | AP74: 0 | AQ74: 0 | AU74: 0 | AV74: 0 | AW74: 0 | AX74: 0 | AY74: 0 | AZ74: 0 | BA74: 0 | BE74: 0 | BF74: 0 | BG74: 0 | BH74: 0 | BI74: 0 | BJ74: 0 | BK74: 0 | BO74: 0 | BP74: 0 | BQ74: 0 | BR74: 0 | BS74: 0 | BT74: 0 | BU74: 0
A75: 71 | F75: 1111083 | G75: ชิฟฟอนไส้แยมแยกชิ้น เมล่อน | K75: 0 | L75: 0 | M75: 0 | Q75: 0 | R75: 0 | S75: 0 | T75: 0 | U75: 0 | V75: 0 | W75: 0 | AA75: 0 | AB75: 0 | AC75: 0 | AD75: 0 | AE75: 0 | AF75: 0 | AG75: 0 | AK75: 0 | AL75: 0 | AM75: 0 | AN75: 0 | AO75: 0 | AP75: 0 | AQ75: 0 | AU75: 0 | AV75: 0 | AW75: 0 | AX75: 0 | AY75: 0 | AZ75: 0 | BA75: 0 | BE75: 0 | BF75: 0 | BG75: 0 | BH75: 0 | BI75: 0 | BJ75: 0 | BK75: 0 | BO75: 0 | BP75: 0 | BQ75: 0 | BR75: 0 | BS75: 0 | BT75: 0 | BU75: 0
A76: 72 | F76: 1004057 | G76: เค้กเบาหวิว รสเตยหอม (แพ็ค 100 กรัม) | K76: 0 | L76: 0 | M76: 0 | Q76: 0 | R76: 0 | S76: 0 | T76: 0 | U76: 0 | V76: 0 | W76: 0 | AA76: 0 | AB76: 0 | AC76: 0 | AD76: 0 | AE76: 0 | AF76: 0 | AG76: 0 | AK76: 0 | AL76: 0 | AM76: 0 | AN76: 0 | AO76: 0 | AP76: 0 | AQ76: 0 | AU76: 0 | AV76: 0 | AW76: 0 | AX76: 0 | AY76: 0 | AZ76: 0 | BA76: 0 | BE76: 0 | BF76: 0 | BG76: 0 | BH76: 0 | BI76: 0 | BJ76: 0 | BK76: 0 | BO76: 0 | BP76: 0 | BQ76: 0 | BR76: 0 | BS76: 0 | BT76: 0 | BU76: 0
A77: 73 | F77: 1004058 | G77: เค้กเบาหวิว รสมะพร้าว (แพ็ค 100 กรัม) | K77: 0 | L77: 0 | M77: 0 | Q77: 0 | R77: 0 | S77: 0 | T77: 0 | U77: 0 | V77: 0 | W77: 0 | AA77: 0 | AB77: 0 | AC77: 0 | AD77: 0 | AE77: 0 | AF77: 0 | AG77: 0 | AK77: 0 | AL77: 0 | AM77: 0 | AN77: 0 | AO77: 0 | AP77: 0 | AQ77: 0 | AU77: 0 | AV77: 0 | AW77: 0 | AX77: 0 | AY77: 0 | AZ77: 0 | BA77: 0 | BE77: 0 | BF77: 0 | BG77: 0 | BH77: 0 | BI77: 0 | BJ77: 0 | BK77: 0 | BO77: 0 | BP77: 0 | BQ77: 0 | BR77: 0 | BS77: 0 | BT77: 0 | BU77: 0
A78: 74 | F78: 1112002 | G78: เค้กเบาหวิว รสกาแฟ (300 กรัม) | K78: 0 | L78: 0 | M78: 0 | Q78: 0 | R78: 0 | S78: 0 | T78: 0 | U78: 0 | V78: 0 | W78: 0 | AA78: 0 | AB78: 0 | AC78: 0 | AD78: 0 | AE78: 0 | AF78: 0 | AG78: 0 | AK78: 0 | AL78: 0 | AM78: 0 | AN78: 0 | AO78: 0 | AP78: 0 | AQ78: 0 | AU78: 0 | AV78: 0 | AW78: 0 | AX78: 0 | AY78: 0 | AZ78: 0 | BA78: 0 | BE78: 0 | BF78: 0 | BG78: 0 | BH78: 0 | BI78: 0 | BJ78: 0 | BK78: 0 | BO78: 0 | BP78: 0 | BQ78: 0 | BR78: 0 | BS78: 0 | BT78: 0 | BU78: 0
... A91: 87 | F91: 1112019 | G91: เค้กเบาหวิว รสทุเรียน (110 กรัม) | K91: 0 | L91: 0 | M91: 0 | Q91: 0 | R91: 0 | S91: 0 | T91: 0 | U91: 0 | V91: 0 | W91: 0 | AA91: 0 | AB91: 0 | AC91: 0 | AD91: 0 | AE91: 0 | AF91: 0 | AG91: 0 | AK91: 0 | AL91: 0 | AM91: 0 | AN91: 0 | AO91: 0 | AP91: 0 | AQ91: 0 | AU91: 0 | AV91: 0 | AW91: 0 | AX91: 0 | AY91: 0 | AZ91: 0 | BA91: 0 | BE91: 0 | BF91: 0 | BG91: 0 | BH91: 0 | BI91: 0 | BJ91: 0 | BK91: 0 | BO91: 0 | BP91: 0 | BQ91: 0 | BR91: 0 | BS91: 0 | BT91: 0 | BU91: 0
A92: 88 | F92: 1112036 | G92: วรรณวนัช เค้กเบาหวิว ฝอยทอง 100กรัม | H92: Makro | K92: 0 | L92: 836 | M92: 0 | O92: 551 | Q92: 551 | R92: 0 | S92: 0 | T92: 0 | U92: 0 | V92: 551 | W92: 0 | AA92: 0 | AB92: 0 | AC92: 0 | AD92: 0 | AE92: 0 | AF92: 0 | AG92: 0 | AI92: 285 | AK92: 285 | AL92: 0 | AM92: 0 | AN92: 0 | AO92: 0 | AP92: 285 | AQ92: 0 | AU92: 0 | AV92: 0 | AW92: 0 | AX92: 0 | AY92: 0 | AZ92: 0 | BA92: 0 | BE92: 0 | BF92: 0 | BG92: 0 | BH92: 0 | BI92: 0 | BJ92: 0 | BK92: 0 | BO92: 0 | BP92: 0 | BQ92: 0 | BR92: 0 | BS92: 0 | BT92: 0 | BU92: 0 | BZ92: 400 | CF92: 3000
A93: 89 | F93: 1112037 | G93: วรรณวนัช เค้กเบาหวิวเนยสด 110กรัม | H93: Makro | K93: 0 | L93: 684 | M93: 0 | O93: 532 | Q93: 532 | R93: 0 | S93: 0 | T93: 0 | U93: 0 | V93: 532 | W93: 0 | AA93: 0 | AB93: 0 | AC93: 0 | AD93: 0 | AE93: 0 | AF93: 0 | AG93: 0 | AI93: 152 | AK93: 152 | AL93: 0 | AM93: 0 | AN93: 0 | AO93: 0 | AP93: 152 | AQ93: 0 | AU93: 0 | AV93: 0 | AW93: 0 | AX93: 0 | AY93: 0 | AZ93: 0 | BA93: 0 | BE93: 0 | BF93: 0 | BG93: 0 | BH93: 0 | BI93: 0 | BJ93: 0 | BK93: 0 | BO93: 0 | BP93: 0 | BQ93: 0 | BR93: 0 | BS93: 0 | BT93: 0 | BU93: 0 | BZ93: 400 | CF93: 200
A94: 90 | F94: 1112038 | G94: วรรณวนัช เค้กเผือกมะพร้าว100กรัม | H94: Makro | K94: 0 | L94: 741 | M94: 0 | O94: 608 | Q94: 608 | R94: 0 | S94: 0 | T94: 0 | U94: 0 | V94: 608 | W94: 0 | AA94: 0 | AB94: 0 | AC94: 0 | AD94: 0 | AE94: 0 | AF94: 0 | AG94: 0 | AI94: 133 | AK94: 133 | AL94: 0 | AM94: 0 | AN94: 0 | AO94: 0 | AP94: 133 | AQ94: 0 | AU94: 0 | AV94: 0 | AW94: 0 | AX94: 0 | AY94: 0 | AZ94: 0 | BA94: 0 | BE94: 0 | BF94: 0 | BG94: 0 | BH94: 0 | BI94: 0 | BJ94: 0 | BK94: 0 | BO94: 0 | BP94: 0 | BQ94: 0 | BR94: 0 | BS94: 0 | BT94: 0 | BU94: 0 | BZ94: 400 | CF94: 300
A95: 91 | F95: 20052085 | G95: วรรณวนัชเค้กเบาหวิวมะพร้าว 80g | H95: CJ | K95: 0 | L95: 0 | M95: 0 | Q95: 0 | R95: 0 | S95: 0 | T95: 0 | U95: 0 | V95: 0 | W95: 0 | AA95: 0 | AB95: 0 | AC95: 0 | AD95: 0 | AE95: 0 | AF95: 0 | AG95: 0 | AK95: 0 | AL95: 0 | AM95: 0 | AN95: 0 | AO95: 0 | AP95: 0 | AQ95: 0 | AU95: 0 | AV95: 0 | AW95: 0 | AX95: 0 | AY95: 0 | AZ95: 0 | BA95: 0 | BE95: 0 | BF95: 0 | BG95: 0 | BH95: 0 | BI95: 0 | BJ95: 0 | BK95: 0 | BO95: 0 | BP95: 0 | BQ95: 0 | BR95: 0 | BS95: 0 | BT95: 0 | BU95: 0
A96: 92 | F96: 1004071 | G96: คัพเค้กกล้วยหอมไส้ครีมเนยสด (4 ชิ้น) | H96: Aeon | K96: 0 | L96: 20 | M96: 0 | O96: 10 | Q96: 10 | R96: 0 | S96: 0 | T96: 0 | U96: 0 | V96: 10 | W96: 0 | AA96: 0 | AB96: 0 | AC96: 0 | AD96: 0 | AE96: 0 | AF96: 0 | AG96: 0 | AK96: 0 | AL96: 0 | AM96: 0 | AN96: 0 | AO96: 0 | AP96: 0 | AQ96: 0 | AU96: 0 | AV96: 0 | AW96: 0 | AX96: 0 | AY96: 0 | AZ96: 0 | BA96: 0 | BC96: 10 | BE96: 10 | BF96: 0 | BG96: 0 | BH96: 0 | BI96: 0 | BJ96: 10 | BK96: 0 | BO96: 0 | BP96: 0 | BQ96: 0 | BR96: 0 | BS96: 0 | BT96: 0 | BU96: 0 | BZ96: 10 | CL96: 10
A97: 93 | F97: 1004070 | G97: คัพเค้กมะพร้าวไส้ครีมเนยสด (4 ชิ้น) | H97: Aeon | K97: 0 | L97: 25 | M97: 0 | O97: 10 | Q97: 10 | R97: 0 | S97: 0 | T97: 0 | U97: 0 | V97: 10 | W97: 0 | AA97: 0 | AB97: 0 | AC97: 0 | AD97: 0 | AE97: 0 | AF97: 0 | AG97: 0 | AK97: 0 | AL97: 0 | AM97: 0 | AN97: 0 | AO97: 0 | AP97: 0 | AQ97: 0 | AU97: 0 | AV97: 0 | AW97: 0 | AX97: 0 | AY97: 0 | AZ97: 0 | BA97: 0 | BC97: 15 | BE97: 15 | BF97: 0 | BG97: 0 | BH97: 0 | BI97: 0 | BJ97: 15 | BK97: 0 | BO97: 0 | BP97: 0 | BQ97: 0 | BR97: 0 | BS97: 0 | BT97: 0 | BU97: 0 | BZ97: 40 | CL97: 40
A98: 94 | F98: 1004063 | G98: ซอฟท์เค้กหน้าช็อกโกแลตมูส | H98: Aeon | K98: 0 | L98: 77 | M98: 0 | O98: 42 | Q98: 42 | R98: 0 | S98: 0 | T98: 0 | U98: 0 | V98: 42 | W98: 0 | AA98: 0 | AB98: 0 | AC98: 0 | AD98: 0 | AE98: 0 | AF98: 0 | AG98: 0 | AK98: 0 | AL98: 0 | AM98: 0 | AN98: 0 | AO98: 0 | AP98: 0 | AQ98: 0 | AU98: 0 | AV98: 0 | AW98: 0 | AX98: 0 | AY98: 0 | AZ98: 0 | BA98: 0 | BC98: 35 | BE98: 35 | BF98: 0 | BG98: 0 | BH98: 0 | BI98: 0 | BJ98: 35 | BK98: 0 | BO98: 0 | BP98: 0 | BQ98: 0 | BR98: 0 | BS98: 0 | BT98: 0 | BU98: 0 | BZ98: 40 | CL98: 40
A99: 95 | F99: 1004065 | G99: ซอฟท์เค้กหน้ามะพร้าวนมสด | H99: Aeon | K99: 0 | L99: 73 | M99: 0 | O99: 40 | Q99: 40 | R99: 0 | S99: 0 | T99: 0 | U99: 0 | V99: 40 | W99: 0 | AA99: 0 | AB99: 0 | AC99: 0 | AD99: 0 | AE99: 0 | AF99: 0 | AG99: 0 | AK99: 0 | AL99: 0 | AM99: 0 | AN99: 0 | AO99: 0 | AP99: 0 | AQ99: 0 | AU99: 0 | AV99: 0 | AW99: 0 | AX99: 0 | AY99: 0 | AZ99: 0 | BA99: 0 | BC99: 33 | BE99: 33 | BF99: 0 | BG99: 0 | BH99: 0 | BI99: 0 | BJ99: 33 | BK99: 0 | BO99: 0 | BP99: 0 | BQ99: 0 | BR99: 0 | BS99: 0 | BT99: 0 | BU99: 0 | BZ99: 40 | CL99: 40
A100: 96 | F100: 1113062 | G100: (MK) ชิฟฟอนหม้อแกง | K100: 0 | L100: 0 | M100: 0 | Q100: 0 | R100: 0 | S100: 0 | T100: 0 | U100: 0 | V100: 0 | W100: 0 | AA100: 0 | AB100: 0 | AC100: 0 | AD100: 0 | AE100: 0 | AF100: 0 | AG100: 0 | AK100: 0 | AL100: 0 | AM100: 0 | AN100: 0 | AO100: 0 | AP100: 0 | AQ100: 0 | AU100: 0 | AV100: 0 | AW100: 0 | AX100: 0 | AY100: 0 | AZ100: 0 | BA100: 0 | BE100: 0 | BF100: 0 | BG100: 0 | BH100: 0 | BI100: 0 | BJ100: 0 | BK100: 0 | BO100: 0 | BP100: 0 | BQ100: 0 | BR100: 0 | BS100: 0 | BT100: 0 | BU100: 0
A101: 97 | F101: 1113085 | G101: (BC) ชิฟฟ่อนหม้อแกง | H101: BC | K101: 0 | L101: 542 | M101: 0 | O101: 162 | Q101: 162 | R101: 0 | S101: 0 | T101: 0 | U101: 0 | V101: 162 | W101: 0 | AA101: 0 | AB101: 0 | AC101: 0 | AD101: 0 | AE101: 0 | AF101: 0 | AG101: 0 | AI101: 230 | AK101: 230 | AL101: 0 | AM101: 0 | AN101: 0 | AO101: 0 | AP101: 230 | AQ101: 0 | AU101: 0 | AV101: 0 | AW101: 0 | AX101: 0 | AY101: 0 | AZ101: 0 | BA101: 0 | BC101: 150 | BE101: 150 | BF101: 0 | BG101: 0 | BH101: 0 | BI101: 0 | BJ101: 150 | BK101: 0 | BO101: 0 | BP101: 0 | BQ101: 0 | BR101: 0 | BS101: 0 | BT101: 0 | BU101: 0 | BZ101: 300 | CF101: 150 | CL101: 100
A102: 98 | F102: 1004074 | G102: ซอฟท์เค้กหน้าครีมสด | H102: Aeon | K102: 0 | L102: 67 | M102: 0 | O102: 38 | Q102: 38 | R102: 0 | S102: 0 | T102: 0 | U102: 0 | V102: 38 | W102: 0 | AA102: 0 | AB102: 0 | AC102: 0 | AD102: 0 | AE102: 0 | AF102: 0 | AG102: 0 | AK102: 0 | AL102: 0 | AM102: 0 | AN102: 0 | AO102: 0 | AP102: 0 | AQ102: 0 | AU102: 0 | AV102: 0 | AW102: 0 | AX102: 0 | AY102: 0 | AZ102: 0 | BA102: 0 | BC102: 29 | BE102: 29 | BF102: 0 | BG102: 0 | BH102: 0 | BI102: 0 | BJ102: 29 | BK102: 0 | BO102: 0 | BP102: 0 | BQ102: 0 | BR102: 0 | BS102: 0 | BT102: 0 | BU102: 0 | BZ102: 35 | CL102: 35
A103: 99 | F103: 20053053 | G103: วรรณนัชเค้กลอดช่อง 85 g | H103: CJ | K103: 0 | L103: 24470 | M103: 0 | O103: 4050 | Q103: 4050 | R103: 0 | S103: 0 | T103: 0 | U103: 0 | V103: 4050 | W103: 0 | Y103: 4050 | AA103: 4050 | AB103: 0 | AC103: 0 | AD103: 0 | AE103: 0 | AF103: 4050 | AG103: 0 | AI103: 3960 | AK103: 3960 | AL103: 0 | AM103: 0 | AN103: 0 | AO103: 0 | AP103: 3960 | AQ103: 0 | AS103: 4050 | AU103: 4050 | AV103: 0 | AW103: 0 | AX103: 0 | AY103: 0 | AZ103: 4050 | BA103: 0 | BC103: 5300 | BE103: 5300 | BF103: 0 | BG103: 0 | BH103: 0 | BI103: 0 | BJ103: 5300 | BK103: 0 | BM103: 3060 | BO103: 3060 | BP103: 0 | BQ103: 0 | BR103: 0 | BS103: 0 | BT103: 3060 | BU103: 0 | BZ103: 6000 | CC103: 6000 | CF103: 6100 | CI103: 6100 | CL103: 6000 | CO103: 6100
A104: 100 | F104: 1113157 | G104: (BC) เค้กลอดช่อง 85g | H104: BC | K104: 0 | L104: 9850 | M104: 0 | O104: 3050 | Q104: 3050 | R104: 0 | S104: 0 | T104: 0 | U104: 0 | V104: 3050 | W104: 0 | AA104: 0 | AB104: 0 | AC104: 0 | AD104: 0 | AE104: 0 | AF104: 0 | AG104: 0 | AI104: 3000 | AK104: 3000 | AL104: 0 | AM104: 0 | AN104: 0 | AO104: 0 | AP104: 3000 | AQ104: 0 | AU104: 0 | AV104: 0 | AW104: 0 | AX104: 0 | AY104: 0 | AZ104: 0 | BA104: 0 | BC104: 3800 | BE104: 3800 | BF104: 0 | BG104: 0 | BH104: 0 | BI104: 0 | BJ104: 3800 | BK104: 0 | BO104: 0 | BP104: 0 | BQ104: 0 | BR104: 0 | BS104: 0 | BT104: 0 | BU104: 0 | BZ104: 4400 | CF104: 3000 | CL104: 4500
A105: 101 | F105: 1004064 | G105: ซอฟท์เค้กฝอยทอง | H105: Aeon | K105: 0 | L105: 41 | M105: 0 | O105: 21 | Q105: 21 | R105: 0 | S105: 0 | T105: 0 | U105: 0 | V105: 21 | W105: 0 | AA105: 0 | AB105: 0 | AC105: 0 | AD105: 0 | AE105: 0 | AF105: 0 | AG105: 0 | AK105: 0 | AL105: 0 | AM105: 0 | AN105: 0 | AO105: 0 | AP105: 0 | AQ105: 0 | AU105: 0 | AV105: 0 | AW105: 0 | AX105: 0 | AY105: 0 | AZ105: 0 | BA105: 0 | BC105: 20 | BE105: 20 | BF105: 0 | BG105: 0 | BH105: 0 | BI105: 0 | BJ105: 20 | BK105: 0 | BO105: 0 | BP105: 0 | BQ105: 0 | BR105: 0 | BS105: 0 | BT105: 0 | BU105: 0 | BZ105: 20 | CL105: 20
A106: 102 | F106: 20052724 | G106: วรรณวนัชเค้กฝอยทองหน้านิ่ม 90g | H106: CJ | K106: 0 | L106: 0 | M106: 0 | Q106: 0 | R106: 0 | S106: 0 | T106: 0 | U106: 0 | V106: 0 | W106: 0 | AA106: 0 | AB106: 0 | AC106: 0 | AD106: 0 | AE106: 0 | AF106: 0 | AG106: 0 | AK106: 0 | AL106: 0 | AM106: 0 | AN106: 0 | AO106: 0 | AP106: 0 | AQ106: 0 | AU106: 0 | AV106: 0 | AW106: 0 | AX106: 0 | AY106: 0 | AZ106: 0 | BA106: 0 | BE106: 0 | BF106: 0 | BG106: 0 | BH106: 0 | BI106: 0 | BJ106: 0 | BK106: 0 | BO106: 0 | BP106: 0 | BQ106: 0 | BR106: 0 | BS106: 0 | BT106: 0 | BU106: 0
A107: 103 | F107: 1004072 | G107: เค้กโบราณ ครีม (2 ชิ้น) | H107: Aeon | K107: 0 | L107: 35 | M107: 0 | O107: 15 | Q107: 15 | R107: 0 | S107: 0 | T107: 0 | U107: 0 | V107: 15 | W107: 0 | AA107: 0 | AB107: 0 | AC107: 0 | AD107: 0 | AE107: 0 | AF107: 0 | AG107: 0 | AK107: 0 | AL107: 0 | AM107: 0 | AN107: 0 | AO107: 0 | AP107: 0 | AQ107: 0 | AU107: 0 | AV107: 0 | AW107: 0 | AX107: 0 | AY107: 0 | AZ107: 0 | BA107: 0 | BC107: 20 | BE107: 20 | BF107: 0 | BG107: 0 | BH107: 0 | BI107: 0 | BJ107: 20 | BK107: 0 | BO107: 0 | BP107: 0 | BQ107: 0 | BR107: 0 | BS107: 0 | BT107: 0 | BU107: 0 | BZ107: 20 | CL107: 20
A108: 104 | F108: 1004073 | G108: เค้กโบราณ ผลไม้ (2 ชิ้น) | H108: Aeon | K108: 0 | L108: 18 | M108: 0 | O108: 8 | Q108: 8 | R108: 0 | S108: 0 | T108: 0 | U108: 0 | V108: 8 | W108: 0 | AA108: 0 | AB108: 0 | AC108: 0 | AD108: 0 | AE108: 0 | AF108: 0 | AG108: 0 | AK108: 0 | AL108: 0 | AM108: 0 | AN108: 0 | AO108: 0 | AP108: 0 | AQ108: 0 | AU108: 0 | AV108: 0 | AW108: 0 | AX108: 0 | AY108: 0 | AZ108: 0 | BA108: 0 | BC108: 10 | BE108: 10 | BF108: 0 | BG108: 0 | BH108: 0 | BI108: 0 | BJ108: 10 | BK108: 0 | BO108: 0 | BP108: 0 | BQ108: 0 | BR108: 0 | BS108: 0 | BT108: 0 | BU108: 0 | BZ108: 10 | CL108: 10
A109: 105 | F109: 1113006 | G109: เค้กโบราณ ครีม (4 ชิ้น) | K109: 0 | L109: 0 | M109: 0 | Q109: 0 | R109: 0 | S109: 0 | T109: 0 | U109: 0 | V109: 0 | W109: 0 | AA109: 0 | AB109: 0 | AC109: 0 | AD109: 0 | AE109: 0 | AF109: 0 | AG109: 0 | AK109: 0 | AL109: 0 | AM109: 0 | AN109: 0 | AO109: 0 | AP109: 0 | AQ109: 0 | AU109: 0 | AV109: 0 | AW109: 0 | AX109: 0 | AY109: 0 | AZ109: 0 | BA109: 0 | BE109: 0 | BF109: 0 | BG109: 0 | BH109: 0 | BI109: 0 | BJ109: 0 | BK109: 0 | BO109: 0 | BP109: 0 | BQ109: 0 | BR109: 0 | BS109: 0 | BT109: 0 | BU109: 0
A110: 106 | F110: 1113007 | G110: เค้กโบราณ ผลไม้ (4 ชิ้น) | K110: 0 | L110: 0 | M110: 0 | Q110: 0 | R110: 0 | S110: 0 | T110: 0 | U110: 0 | V110: 0 | W110: 0 | AA110: 0 | AB110: 0 | AC110: 0 | AD110: 0 | AE110: 0 | AF110: 0 | AG110: 0 | AK110: 0 | AL110: 0 | AM110: 0 | AN110: 0 | AO110: 0 | AP110: 0 | AQ110: 0 | AU110: 0 | AV110: 0 | AW110: 0 | AX110: 0 | AY110: 0 | AZ110: 0 | BA110: 0 | BE110: 0 | BF110: 0 | BG110: 0 | BH110: 0 | BI110: 0 | BJ110: 0 | BK110: 0 | BO110: 0 | BP110: 0 | BQ110: 0 | BR110: 0 | BS110: 0 | BT110: 0 | BU110: 0
A111: 107 | F111: 1113008 | G111: เค้กโบราณ รวมรส (4 ชิ้น) | H111: Aeon | K111: 0 | L111: 62 | M111: 0 | O111: 32 | Q111: 32 | R111: 0 | S111: 0 | T111: 0 | U111: 0 | V111: 32 | W111: 0 | AA111: 0 | AB111: 0 | AC111: 0 | AD111: 0 | AE111: 0 | AF111: 0 | AG111: 0 | AK111: 0 | AL111: 0 | AM111: 0 | AN111: 0 | AO111: 0 | AP111: 0 | AQ111: 0 | AU111: 0 | AV111: 0 | AW111: 0 | AX111: 0 | AY111: 0 | AZ111: 0 | BA111: 0 | BC111: 30 | BE111: 30 | BF111: 0 | BG111: 0 | BH111: 0 | BI111: 0 | BJ111: 30 | BK111: 0 | BO111: 0 | BP111: 0 | BQ111: 0 | BR111: 0 | BS111: 0 | BT111: 0 | BU111: 0 | BZ111: 30 | CL111: 30
A112: 108 | F112: 1113107 | G112: โบราณใหญ่ 12 ชิ้น | K112: 0 | L112: 0 | M112: 0 | Q112: 0 | R112: 0 | S112: 0 | T112: 0 | U112: 0 | V112: 0 | W112: 0 | AA112: 0 | AB112: 0 | AC112: 0 | AD112: 0 | AE112: 0 | AF112: 0 | AG112: 0 | AK112: 0 | AL112: 0 | AM112: 0 | AN112: 0 | AO112: 0 | AP112: 0 | AQ112: 0 | AU112: 0 | AV112: 0 | AW112: 0 | AX112: 0 | AY112: 0 | AZ112: 0 | BA112: 0 | BE112: 0 | BF112: 0 | BG112: 0 | BH112: 0 | BI112: 0 | BJ112: 0 | BK112: 0 | BO112: 0 | BP112: 0 | BQ112: 0 | BR112: 0 | BS112: 0 | BT112: 0 | BU112: 0
A113: 109 | F113: 1113120 | G113: โบราณใหญ่หน้าครีม (แผ่น) | K113: 0 | L113: 0 | M113: 0 | Q113: 0 | R113: 0 | S113: 0 | T113: 0 | U113: 0 | V113: 0 | W113: 0 | AA113: 0 | AB113: 0 | AC113: 0 | AD113: 0 | AE113: 0 | AF113: 0 | AG113: 0 | AK113: 0 | AL113: 0 | AM113: 0 | AN113: 0 | AO113: 0 | AP113: 0 | AQ113: 0 | AU113: 0 | AV113: 0 | AW113: 0 | AX113: 0 | AY113: 0 | AZ113: 0 | BA113: 0 | BE113: 0 | BF113: 0 | BG113: 0 | BH113: 0 | BI113: 0 | BJ113: 0 | BK113: 0 | BO113: 0 | BP113: 0 | BQ113: 0 | BR113: 0 | BS113: 0 | BT113: 0 | BU113: 0
A114: 110 | F114: 1113092 | G114: (BC) เค้กโบราณ 4 ชิ้น | H114: BC | K114: 0 | L114: 1715 | M114: 0 | O114: 965 | Q114: 965 | R114: 0 | S114: 0 | T114: 0 | U114: 0 | V114: 965 | W114: 0 | AA114: 0 | AB114: 0 | AC114: 0 | AD114: 0 | AE114: 0 | AF114: 0 | AG114: 0 | AI114: 550 | AK114: 550 | AL114: 0 | AM114: 0 | AN114: 0 | AO114: 0 | AP114: 550 | AQ114: 0 | AU114: 0 | AV114: 0 | AW114: 0 | AX114: 0 | AY114: 0 | AZ114: 0 | BA114: 0 | BC114: 200 | BE114: 200 | BF114: 0 | BG114: 0 | BH114: 0 | BI114: 0 | BJ114: 200 | BK114: 0 | BO114: 0 | BP114: 0 | BQ114: 0 | BR114: 0 | BS114: 0 | BT114: 0 | BU114: 0 | BZ114: 300 | CF114: 300 | CL114: 300
A115: 111 | F115: 1113146 | G115: โบราณ 4 ชิ้น (กล่องแดง) | K115: 0 | L115: 0 | M115: 0 | Q115: 0 | R115: 0 | S115: 0 | T115: 0 | U115: 0 | V115: 0 | W115: 0 | AA115: 0 | AB115: 0 | AC115: 0 | AD115: 0 | AE115: 0 | AF115: 0 | AG115: 0 | AK115: 0 | AL115: 0 | AM115: 0 | AN115: 0 | AO115: 0 | AP115: 0 | AQ115: 0 | AU115: 0 | AV115: 0 | AW115: 0 | AX115: 0 | AY115: 0 | AZ115: 0 | BA115: 0 | BE115: 0 | BF115: 0 | BG115: 0 | BH115: 0 | BI115: 0 | BJ115: 0 | BK115: 0 | BO115: 0 | BP115: 0 | BQ115: 0 | BR115: 0 | BS115: 0 | BT115: 0 | BU115: 0
A116: 112 | F116: 1113147 | G116: โบราณ 4 ชิ้น (กล่องแดง) แบบแผ่น | K116: 0 | L116: 0 | M116: 0 | Q116: 0 | R116: 0 | S116: 0 | T116: 0 | U116: 0 | V116: 0 | W116: 0 | AA116: 0 | AB116: 0 | AC116: 0 | AD116: 0 | AE116: 0 | AF116: 0 | AG116: 0 | AK116: 0 | AL116: 0 | AM116: 0 | AN116: 0 | AO116: 0 | AP116: 0 | AQ116: 0 | AU116: 0 | AV116: 0 | AW116: 0 | AX116: 0 | AY116: 0 | AZ116: 0 | BA116: 0 | BE116: 0 | BF116: 0 | BG116: 0 | BH116: 0 | BI116: 0 | BJ116: 0 | BK116: 0 | BO116: 0 | BP116: 0 | BQ116: 0 | BR116: 0 | BS116: 0 | BT116: 0 | BU116: 0
A117: 113 | F117: 20036350 | G117: Wanwanach_เค้กโบราณ 200 g | H117: CJ | K117: 0 | L117: 0 | M117: 0 | Q117: 0 | R117: 0 | S117: 0 | T117: 0 | U117: 0 | V117: 0 | W117: 0 | AA117: 0 | AB117: 0 | AC117: 0 | AD117: 0 | AE117: 0 | AF117: 0 | AG117: 0 | AK117: 0 | AL117: 0 | AM117: 0 | AN117: 0 | AO117: 0 | AP117: 0 | AQ117: 0 | AU117: 0 | AV117: 0 | AW117: 0 | AX117: 0 | AY117: 0 | AZ117: 0 | BA117: 0 | BE117: 0 | BF117: 0 | BG117: 0 | BH117: 0 | BI117: 0 | BJ117: 0 | BK117: 0 | BO117: 0 | BP117: 0 | BQ117: 0 | BR117: 0 | BS117: 0 | BT117: 0 | BU117: 0
A118: 114 | F118: 1113162 | G118: เค้กโบราณครีม 12 ชิ้น | K118: 0 | L118: 0 | M118: 0 | Q118: 0 | R118: 0 | S118: 0 | T118: 0 | U118: 0 | V118: 0 | W118: 0 | AA118: 0 | AB118: 0 | AC118: 0 | AD118: 0 | AE118: 0 | AF118: 0 | AG118: 0 | AK118: 0 | AL118: 0 | AM118: 0 | AN118: 0 | AO118: 0 | AP118: 0 | AQ118: 0 | AU118: 0 | AV118: 0 | AW118: 0 | AX118: 0 | AY118: 0 | AZ118: 0 | BA118: 0 | BE118: 0 | BF118: 0 | BG118: 0 | BH118: 0 | BI118: 0 | BJ118: 0 | BK118: 0 | BO118: 0 | BP118: 0 | BQ118: 0 | BR118: 0 | BS118: 0 | BT118: 0 | BU118: 0
A119: 115 | F119: 1113163 | G119: เค้กโบราณผลไม้ 12 ชิ้น | K119: 0 | L119: 0 | M119: 0 | Q119: 0 | R119: 0 | S119: 0 | T119: 0 | U119: 0 | V119: 0 | W119: 0 | AA119: 0 | AB119: 0 | AC119: 0 | AD119: 0 | AE119: 0 | AF119: 0 | AG119: 0 | AK119: 0 | AL119: 0 | AM119: 0 | AN119: 0 | AO119: 0 | AP119: 0 | AQ119: 0 | AU119: 0 | AV119: 0 | AW119: 0 | AX119: 0 | AY119: 0 | AZ119: 0 | BA119: 0 | BE119: 0 | BF119: 0 | BG119: 0 | BH119: 0 | BI119: 0 | BJ119: 0 | BK119: 0 | BO119: 0 | BP119: 0 | BQ119: 0 | BR119: 0 | BS119: 0 | BT119: 0 | BU119: 0
A120: 116 | F120: 1113164 | G120: เค้กโบราณรวมรส 12 ชิ้น | K120: 0 | L120: 0 | M120: 0 | Q120: 0 | R120: 0 | S120: 0 | T120: 0 | U120: 0 | V120: 0 | W120: 0 | AA120: 0 | AB120: 0 | AC120: 0 | AD120: 0 | AE120: 0 | AF120: 0 | AG120: 0 | AK120: 0 | AL120: 0 | AM120: 0 | AN120: 0 | AO120: 0 | AP120: 0 | AQ120: 0 | AU120: 0 | AV120: 0 | AW120: 0 | AX120: 0 | AY120: 0 | AZ120: 0 | BA120: 0 | BE120: 0 | BF120: 0 | BG120: 0 | BH120: 0 | BI120: 0 | BJ120: 0 | BK120: 0 | BO120: 0 | BP120: 0 | BQ120: 0 | BR120: 0 | BS120: 0 | BT120: 0 | BU120: 0
A121: 117 | F121: 1113009 | G121: เค้กลาวา ฝอยทองใบเตย (ใหญ่) | K121: 0 | L121: 0 | M121: 0 | Q121: 0 | R121: 0 | S121: 0 | T121: 0 | U121: 0 | V121: 0 | W121: 0 | AA121: 0 | AB121: 0 | AC121: 0 | AD121: 0 | AE121: 0 | AF121: 0 | AG121: 0 | AK121: 0 | AL121: 0 | AM121: 0 | AN121: 0 | AO121: 0 | AP121: 0 | AQ121: 0 | AU121: 0 | AV121: 0 | AW121: 0 | AX121: 0 | AY121: 0 | AZ121: 0 | BA121: 0 | BE121: 0 | BF121: 0 | BG121: 0 | BH121: 0 | BI121: 0 | BJ121: 0 | BK121: 0 | BO121: 0 | BP121: 0 | BQ121: 0 | BR121: 0 | BS121: 0 | BT121: 0 | BU121: 0
A122: 118 | F122: 1004062 | G122: เค้กลาวา ฝอยทองทูโทน (เล็ก) | K122: 0 | L122: 0 | M122: 0 | Q122: 0 | R122: 0 | S122: 0 | T122: 0 | U122: 0 | V122: 0 | W122: 0 | AA122: 0 | AB122: 0 | AC122: 0 | AD122: 0 | AE122: 0 | AF122: 0 | AG122: 0 | AK122: 0 | AL122: 0 | AM122: 0 | AN122: 0 | AO122: 0 | AP122: 0 | AQ122: 0 | AU122: 0 | AV122: 0 | AW122: 0 | AX122: 0 | AY122: 0 | AZ122: 0 | BA122: 0 | BE122: 0 | BF122: 0 | BG122: 0 | BH122: 0 | BI122: 0 | BJ122: 0 | BK122: 0 | BO122: 0 | BP122: 0 | BQ122: 0 | BR122: 0 | BS122: 0 | BT122: 0 | BU122: 0
A123: 119 | F123: 1113011 | G123: เค้กลาวา ฝอยทอง (ใหญ่) | K123: 0 | L123: 0 | M123: 0 | Q123: 0 | R123: 0 | S123: 0 | T123: 0 | U123: 0 | V123: 0 | W123: 0 | AA123: 0 | AB123: 0 | AC123: 0 | AD123: 0 | AE123: 0 | AF123: 0 | AG123: 0 | AK123: 0 | AL123: 0 | AM123: 0 | AN123: 0 | AO123: 0 | AP123: 0 | AQ123: 0 | AU123: 0 | AV123: 0 | AW123: 0 | AX123: 0 | AY123: 0 | AZ123: 0 | BA123: 0 | BE123: 0 | BF123: 0 | BG123: 0 | BH123: 0 | BI123: 0 | BJ123: 0 | BK123: 0 | BO123: 0 | BP123: 0 | BQ123: 0 | BR123: 0 | BS123: 0 | BT123: 0 | BU123: 0
A124: 120 | F124: 5002400 | G124: เค้กลาวา ฝอยทอง (เล็ก) | K124: 0 | L124: 0 | M124: 0 | Q124: 0 | R124: 0 | S124: 0 | T124: 0 | U124: 0 | V124: 0 | W124: 0 | AA124: 0 | AB124: 0 | AC124: 0 | AD124: 0 | AE124: 0 | AF124: 0 | AG124: 0 | AK124: 0 | AL124: 0 | AM124: 0 | AN124: 0 | AO124: 0 | AP124: 0 | AQ124: 0 | AU124: 0 | AV124: 0 | AW124: 0 | AX124: 0 | AY124: 0 | AZ124: 0 | BA124: 0 | BE124: 0 | BF124: 0 | BG124: 0 | BH124: 0 | BI124: 0 | BJ124: 0 | BK124: 0 | BO124: 0 | BP124: 0 | BQ124: 0 | BR124: 0 | BS124: 0 | BT124: 0 | BU124: 0
A125: 121 | F125: 1113125 | G125: เค้กลาวาฝอยทอง 240 กรัม (FROZEN) | K125: 0 | L125: 0 | M125: 0 | Q125: 0 | R125: 0 | S125: 0 | T125: 0 | U125: 0 | V125: 0 | W125: 0 | AA125: 0 | AB125: 0 | AC125: 0 | AD125: 0 | AE125: 0 | AF125: 0 | AG125: 0 | AK125: 0 | AL125: 0 | AM125: 0 | AN125: 0 | AO125: 0 | AP125: 0 | AQ125: 0 | AU125: 0 | AV125: 0 | AW125: 0 | AX125: 0 | AY125: 0 | AZ125: 0 | BA125: 0 | BE125: 0 | BF125: 0 | BG125: 0 | BH125: 0 | BI125: 0 | BJ125: 0 | BK125: 0 | BO125: 0 | BP125: 0 | BQ125: 0 | BR125: 0 | BS125: 0 | BT125: 0 | BU125: 0
A126: 122 | F126: 1113106 | G126: มินิลาวาทูโทน | H126: Aeon | K126: 0 | L126: 42 | M126: 0 | O126: 22 | Q126: 22 | R126: 0 | S126: 0 | T126: 0 | U126: 0 | V126: 22 | W126: 0 | AA126: 0 | AB126: 0 | AC126: 0 | AD126: 0 | AE126: 0 | AF126: 0 | AG126: 0 | AK126: 0 | AL126: 0 | AM126: 0 | AN126: 0 | AO126: 0 | AP126: 0 | AQ126: 0 | AU126: 0 | AV126: 0 | AW126: 0 | AX126: 0 | AY126: 0 | AZ126: 0 | BA126: 0 | BC126: 20 | BE126: 20 | BF126: 0 | BG126: 0 | BH126: 0 | BI126: 0 | BJ126: 20 | BK126: 0 | BO126: 0 | BP126: 0 | BQ126: 0 | BR126: 0 | BS126: 0 | BT126: 0 | BU126: 0 | BZ126: 30 | CL126: 30
A127: 123 | F127: 1113019 | G127: เค้กมะพร้าวอ่อน (1/2 ปอนด์) | K127: 0 | L127: 0 | M127: 0 | Q127: 0 | R127: 0 | S127: 0 | T127: 0 | U127: 0 | V127: 0 | W127: 0 | AA127: 0 | AB127: 0 | AC127: 0 | AD127: 0 | AE127: 0 | AF127: 0 | AG127: 0 | AK127: 0 | AL127: 0 | AM127: 0 | AN127: 0 | AO127: 0 | AP127: 0 | AQ127: 0 | AU127: 0 | AV127: 0 | AW127: 0 | AX127: 0 | AY127: 0 | AZ127: 0 | BA127: 0 | BE127: 0 | BF127: 0 | BG127: 0 | BH127: 0 | BI127: 0 | BJ127: 0 | BK127: 0 | BO127: 0 | BP127: 0 | BQ127: 0 | BR127: 0 | BS127: 0 | BT127: 0 | BU127: 0
A128: 124 | F128: 1113040 | G128: เค้กส้ม 1/2 ปอนด์ | K128: 0 | L128: 0 | M128: 0 | Q128: 0 | R128: 0 | S128: 0 | T128: 0 | U128: 0 | V128: 0 | W128: 0 | AA128: 0 | AB128: 0 | AC128: 0 | AD128: 0 | AE128: 0 | AF128: 0 | AG128: 0 | AK128: 0 | AL128: 0 | AM128: 0 | AN128: 0 | AO128: 0 | AP128: 0 | AQ128: 0 | AU128: 0 | AV128: 0 | AW128: 0 | AX128: 0 | AY128: 0 | AZ128: 0 | BA128: 0 | BE128: 0 | BF128: 0 | BG128: 0 | BH128: 0 | BI128: 0 | BJ128: 0 | BK128: 0 | BO128: 0 | BP128: 0 | BQ128: 0 | BR128: 0 | BS128: 0 | BT128: 0 | BU128: 0
A129: 125 | F129: 1004066 | G129: เค้กสามเหลี่ยม รสมะพร้าวน้ำหอม | K129: 0 | L129: 0 | M129: 0 | Q129: 0 | R129: 0 | S129: 0 | T129: 0 | U129: 0 | V129: 0 | W129: 0 | AA129: 0 | AB129: 0 | AC129: 0 | AD129: 0 | AE129: 0 | AF129: 0 | AG129: 0 | AK129: 0 | AL129: 0 | AM129: 0 | AN129: 0 | AO129: 0 | AP129: 0 | AQ129: 0 | AU129: 0 | AV129: 0 | AW129: 0 | AX129: 0 | AY129: 0 | AZ129: 0 | BA129: 0 | BE129: 0 | BF129: 0 | BG129: 0 | BH129: 0 | BI129: 0 | BJ129: 0 | BK129: 0 | BO129: 0 | BP129: 0 | BQ129: 0 | BR129: 0 | BS129: 0 | BT129: 0 | BU129: 0
...

Sheet Week 2
A1: ลำดับ | B1: ทีมโทร | C1: บูธ | D1: online | E1: Modern Trade | F1: รหัส | G1: ชื่อสินค้า | H1: ลูกค้า | I1: ขนาดบรรจุ | N1: week 2 (วันที่ 7 - 13 ธันวาคม 2568)
I2: จำนวน(ชิ้น) | J2: หน่วย(กล่อง) | K2: วัน | N2: วันอาทิตย์ | R2: ยอดจริง | X2: วันจันทร์ | AB2: ยอดจริง | AH2: วันอังคาร | AL2: ยอดจริง | AR2: วันพุธ | AV2: ยอดจริง | BB2: วันพฤหัสบดี | BF2: ยอดจริง | BL2: วันศุกร์ | BP2: ยอดจริง | BV2: เสาร์ | BZ2: ยอดจริง
K3: วันที่
K4: ติดป้าย Amezon | L4: ไม่ติดป้าย Amezon | M4: Non Logo | N4: ติดป้าย Amezon | O4: ไม่ติดป้าย Amezon | P4: Non Logo | Q4: รวม | R4: ติดป้าย Amezon | S4: ไม่ติดป้าย Amezon | T4: Non Logo | U4: ติดป้าย Amezon | V4: ไม่ติดป้าย Amezon | W4: Non Logo | X4: ติดป้าย Amezon | Y4: ไม่ติดป้าย Amezon | Z4: Non Logo | AA4: รวม | AB4: ติดป้าย Amezon | AC4: ไม่ติดป้าย Amezon | AD4: Non Logo | AE4: ติดป้าย Amezon | AF4: ไม่ติดป้าย Amezon | AG4: Non Logo | AH4: ติดป้าย Amezon | AI4: ไม่ติดป้าย Amezon | AJ4: Non Logo | AK4: รวม | AL4: ติดป้าย Amezon | AM4: ไม่ติดป้าย Amezon | AN4: Non Logo | AO4: ติดป้าย Amezon | AP4: ไม่ติดป้าย Amezon | AQ4: Non Logo | AR4: ติดป้าย Amezon | AS4: ไม่ติดป้าย Amezon | AT4: Non Logo | AU4: รวม | AV4: ติดป้าย Amezon | AW4: ไม่ติดป้าย Amezon | AX4: Non Logo | AY4: ติดป้าย Amezon | AZ4: ไม่ติดป้าย Amezon | BA4: Non Logo | BB4: ติดป้าย Amezon | BC4: ไม่ติดป้าย Amezon | BD4: Non Logo | BE4: รวม | BF4: ติดป้าย Amezon | BG4: ไม่ติดป้าย Amezon | BH4: Non Logo | BI4: ติดป้าย Amezon | BJ4: ไม่ติดป้าย Amezon | BK4: Non Logo | BL4: ติดป้าย Amezon | BM4: ไม่ติดป้าย Amezon | BN4: Non Logo | BO4: รวม | BP4: ติดป้าย Amezon | BQ4: ไม่ติดป้าย Amezon | BR4: Non Logo | BS4: ติดป้าย Amezon | BT4: ไม่ติดป้าย Amezon | BU4: Non Logo | BV4: ติดป้าย Amezon | BW4: ไม่ติดป้าย Amezon | BX4: Non Logo | BY4: รวม | BZ4: ติดป้าย Amezon | CA4: ไม่ติดป้าย Amezon | CB4: Non Logo | CC4: ติดป้าย Amezon | CD4: ไม่ติดป้าย Amezon | CE4: Non Logo
A5: 1 | F5: 1113036 | G5: ช็อกบอล | H5: Aeon | K5: 0 | L5: =SUM(O5,Y5,AI5,AS5,BC5,BM5,BW5) -> 19 | M5: 0 | O5: 9 | BC5: 10 | BY5: =SUM(BV5:BX5) -> 0 | BZ5: 0 | CA5: 0 | CB5: 0 | CC5: 0 | CD5: =BW5-CA5 -> 0 | CE5: 0
A6: 2 | F6: 1111001 | G6: ชิฟฟ่อนเค้ก (1 ชิ้น) | H6: Aeon | K6: 0 | L6: =SUM(O6,Y6,AI6,AS6,BC6,BM6,BW6) -> 0 | M6: 0 | BY6: =SUM(BV6:BX6) -> 0 | BZ6: 0 | CA6: 0 | CB6: 0 | CC6: 0 | CD6: =BW6-CA6 -> 0 | CE6: 0
A7: 3 | F7: 1004055 | G7: ชิฟฟ่อนเค้ก วรรณวนัช (รวมรส 4 ชิ้น) | K7: 0 | L7: =SUM(O7,Y7,AI7,AS7,BC7,BM7,BW7) -> 0 | M7: 0 | BY7: =SUM(BV7:BX7) -> 0 | BZ7: 0 | CA7: 0 | CB7: 0 | CC7: 0 | CD7: =BW7-CA7 -> 0 | CE7: 0
A8: 4 | F8: 1111002 | G8: ชิฟฟ่อนเค้ก วรรณวนัช (รวมรส 8 ชิ้น) | H8: Lotus | K8: 0 | L8: =SUM(O8,Y8,AI8,AS8,BC8,BM8,BW8) -> 0 | M8: 0 | BY8: =SUM(BV8:BX8) -> 0 | BZ8: 0 | CA8: 0 | CB8: 0 | CC8: 0 | CD8: =BW8-CA8 -> 0 | CE8: 0
A9: 5 | F9: 1111055 | G9: วรรณวนัช ชิฟฟ่อนรวมรส 8 ชิ้น | H9: Makro | K9: 0 | L9: =SUM(O9,Y9,AI9,AS9,BC9,BM9,BW9) -> 1760 | M9: 0 | O9: 920 | AI9: 840 | BY9: =SUM(BV9:BX9) -> 0 | BZ9: 0 | CA9: 0 | CB9: 0 | CC9: 0 | CD9: =BW9-CA9 -> 0 | CE9: 0
A10: 6 | F10: 1111030 | G10: ชิฟฟ่อนเค้ก รสกาแฟ (8 ชิ้น) | K10: 0 | L10: =SUM(O10,Y10,AI10,AS10,BC10,BM10,BW10) -> 0 | M10: 0 | BY10: =SUM(BV10:BX10) -> 0 | BZ10: 0 | CA10: 0 | CB10: 0 | CC10: 0 | CD10: =BW10-CA10 -> 0 | CE10: 0
A11: 7 | F11: 1111036 | G11: ชิฟฟอนเค้ก วรรณวนัช ห่อกระดาษ (รวมรส 4 ชิ้น) | K11: 0 | L11: =SUM(O11,Y11,AI11,AS11,BC11,BM11,BW11) -> 0 | M11: 0 | BY11: =SUM(BV11:BX11) -> 0 | BZ11: 0 | CA11: 0 | CB11: 0 | CC11: 0 | CD11: =BW11-CA11 -> 0 | CE11: 0
A12: 8 | F12: 1111037 | G12: ชิฟฟอนเค้ก วรรณวนัช ห่อกระดาษ (รวมรส 8 ชิ้น) | K12: 0 | L12: =SUM(O12,Y12,AI12,AS12,BC12,BM12,BW12) -> 0 | M12: 0 | BY12: =SUM(BV12:BX12) -> 0 | BZ12: 0 | CA12: 0 | CB12: 0 | CC12: 0 | CD12: =BW12-CA12 -> 0 | CE12: 0
A13: 9 | F13: 1111040 | G13: ชิฟฟอนเค้กวรรณวนัช ห่อซีน (รวมรส 4 ชิ้น) | K13: 0 | L13: =SUM(O13,Y13,AI13,AS13,BC13,BM13,BW13) -> 0 | M13: 0 | BY13: =SUM(BV13:BX13) -> 0 | BZ13: 0 | CA13: 0 | CB13: 0 | CC13: 0 | CD13: =BW13-CA13 -> 0 | CE13: 0
A14: 10 | F14: 1111039 | G14: ชิฟฟอนเค้ก วรรรณวนัช ห่อซีน (รวมรส 8 ชิ้น) | K14: 0 | L14: =SUM(O14,Y14,AI14,AS14,BC14,BM14,BW14) -> 0 | M14: 0 | BY14: =SUM(BV14:BX14) -> 0 | BZ14: 0 | CA14: 0 | CB14: 0 | CC14: 0 | CD14: =BW14-CA14 -> 0 | CE14: 0
A15: 11 | F15: 1111041 | G15: ชิฟฟอนเค้ก วรรณวนัช กาแฟล้วน(รวมรส 4 ชิ้น) | K15: 0 | L15: =SUM(O15,Y15,AI15,AS15,BC15,BM15,BW15) -> 0 | M15: 0 | BY15: =SUM(BV15:BX15) -> 0 | BZ15: 0 | CA15: 0 | CB15: 0 | CC15: 0 | CD15: =BW15-CA15 -> 0 | CE15: 0
A16: 12 | F16: 1111043 | G16: ชิฟฟอนรสมะลิ 8 ชิ้น ห่อ ซีน | K16: 0 | L16: =SUM(O16,Y16,AI16,AS16,BC16,BM16,BW16) -> 0 | M16: 0 | BY16: =SUM(BV16:BX16) -> 0 | BZ16: 0 | CA16: 0 | CB16: 0 | CC16: 0 | CD16: =BW16-CA16 -> 0 | CE16: 0
A17: 13 | F17: 1113091 | G17: (BC) ชิฟฟ่อนรวมรส 4 ชิ้น | H17: BC | K17: 0 | L17: =SUM(O17,Y17,AI17,AS17,BC17,BM17,BW17) -> 505 | M17: 0 | Y17: 35 | AS17: 400 | BM17: 70 | BY17: =SUM(BV17:BX17) -> 0 | BZ17: 0 | CA17: 0 | CB17: 0 | CC17: 0 | CD17: =BW17-CA17 -> 0 | CE17: 0
A18: 14 | F18: 1113083 | G18: (BC) ชิฟฟ่อนฝอยทอง 1 ชิ้น ไม่มีไส้ | K18: 0 | L18: =SUM(O18,Y18,AI18,AS18,BC18,BM18,BW18) -> 0 | M18: 0 | BY18: =SUM(BV18:BX18) -> 0 | BZ18: 0 | CA18: 0 | CB18: 0 | CC18: 0 | CD18: =BW18-CA18 -> 0 | CE18: 0
A19: 15 | F19: 1111057 | G19: ชิฟฟอนแยกชิ้น กาแฟ | K19: 0 | L19: =SUM(O19,Y19,AI19,AS19,BC19,BM19,BW19) -> 0 | M19: 0 | BY19: =SUM(BV19:BX19) -> 0 | BZ19: 0 | CA19: 0 | CB19: 0 | CC19: 0 | CD19: =BW19-CA19 -> 0 | CE19: 0
A20: 16 | F20: 1111058 | G20: ชิฟฟอนแยกชิ้น ชาเขียว | K20: 0 | L20: =SUM(O20,Y20,AI20,AS20,BC20,BM20,BW20) -> 0 | M20: 0 | BY20: =SUM(BV20:BX20) -> 0 | BZ20: 0 | CA20: 0 | CB20: 0 | CC20: 0 | CD20: =BW20-CA20 -> 0 | CE20: 0
A21: 17 | F21: 1111059 | G21: ชิฟฟอนแยกชิ้น ใบเตย | K21: 0 | L21: =SUM(O21,Y21,AI21,AS21,BC21,BM21,BW21) -> 0 | M21: 0 | BY21: =SUM(BV21:BX21) -> 0 | BZ21: 0 | CA21: 0 | CB21: 0 | CC21: 0 | CD21: =BW21-CA21 -> 0 | CE21: 0
A22: 18 | F22: 1111060 | G22: ชิฟฟอนแยกชิ้น กล้วยหอม | K22: 0 | L22: =SUM(O22,Y22,AI22,AS22,BC22,BM22,BW22) -> 0 | M22: 0 | BY22: =SUM(BV22:BX22) -> 0 | BZ22: 0 | CA22: 0 | CB22: 0 | CC22: 0 | CD22: =BW22-CA22 -> 0 | CE22: 0
A23: 19 | F23: 1111061 | G23: ชิฟฟอนแยกชิ้น ชาไทย | K23: 0 | L23: =SUM(O23,Y23,AI23,AS23,BC23,BM23,BW23) -> 0 | M23: 0 | BY23: =SUM(BV23:BX23) -> 0 | BZ23: 0 | CA23: 0 | CB23: 0 | CC23: 0 | CD23: =BW23-CA23 -> 0 | CE23: 0
A24: 20 | F24: 1111062 | G24: ชิฟฟอนแยกชิ้น โกโก้ | K24: 0 | L24: =SUM(O24,Y24,AI24,AS24,BC24,BM24,BW24) -> 0 | M24: 0 | BY24: =SUM(BV24:BX24) -> 0 | BZ24: 0 | CA24: 0 | CB24: 0 | CC24: 0 | CD24: =BW24-CA24 -> 0 | CE24: 0
A25: 21 | F25: 1111063 | G25: ชิฟฟอนแยกชิ้น ส้ม | K25: 0 | L25: =SUM(O25,Y25,AI25,AS25,BC25,BM25,BW25) -> 0 | M25: 0 | BY25: =SUM(BV25:BX25) -> 0 | BZ25: 0 | CA25: 0 | CB25: 0 | CC25: 0 | CD25: =BW25-CA25 -> 0 | CE25: 0
A26: 22 | F26: 1111064 | G26: ชิฟฟอนแยกชิ้น เผือก | K26: 0 | L26: =SUM(O26,Y26,AI26,AS26,BC26,BM26,BW26) -> 0 | M26: 0 | BY26: =SUM(BV26:BX26) -> 0 | BZ26: 0 | CA26: 0 | CB26: 0 | CC26: 0 | CD26: =BW26-CA26 -> 0 | CE26: 0
A27: 23 | F27: 1111065 | G27: ชิฟฟอนแยกชิ้น สับปะรด | K27: 0 | L27: =SUM(O27,Y27,AI27,AS27,BC27,BM27,BW27) -> 0 | M27: 0 | BY27: =SUM(BV27:BX27) -> 0 | BZ27: 0 | CA27: 0 | CB27: 0 | CC27: 0 | CD27: =BW27-CA27 -> 0 | CE27: 0
A28: 24 | F28: 1111066 | G28: ชิฟฟอนแยกชิ้น สตอเบอรี่ | K28: 0 | L28: =SUM(O28,Y28,AI28,AS28,BC28,BM28,BW28) -> 0 | M28: 0 | BY28: =SUM(BV28:BX28) -> 0 | BZ28: 0 | CA28: 0 | CB28: 0 | CC28: 0 | CD28: =BW28-CA28 -> 0 | CE28: 0
A29: 25 | F29: 1111067 | G29: ชิฟฟอนแยกชิ้น มะพร้าว | K29: 0 | L29: =SUM(O29,Y29,AI29,AS29,BC29,BM29,BW29) -> 0 | M29: 0 | BY29: =SUM(BV29:BX29) -> 0 | BZ29: 0 | CA29: 0 | CB29: 0 | CC29: 0 | CD29: =BW29-CA29 -> 0 | CE29: 0
... A31: 27 | F31: 1111069 | G31: ชิฟฟอนแยกชิ้น บลูเบอรี่ | K31: 0 | L31: =SUM(O31,Y31,AI31,AS31,BC31,BM31,BW31) -> 0 | M31: 0 | BY31: =SUM(BV31:BX31) -> 0 | BZ31: 0 | CA31: 0 | CB31: 0 | CC31: 0 | CD31: =BW31-CA31 -> 0 | CE31: 0
A32: 28 | F32: 1004061 | G32: ชิฟฟ่อนเค้ก สอดไส้ครีมมะพร้าว (2 ชิ้น) | H32: Aeon | K32: 0 | L32: =SUM(O32,Y32,AI32,AS32,BC32,BM32,BW32) -> 27 | M32: 0 | O32: 15 | BC32: 12 | BY32: =SUM(BV32:BX32) -> 0 | BZ32: 0 | CA32: 0 | CB32: 0 | CC32: 0 | CD32: =BW32-CA32 -> 0 | CE32: 0
A33: 29 | F33: 1111051 | G33: ชิฟฟ่อนเค้กสอดไส้ครีมมะพร้าว (2ชิ้น) มะพร้าวล้วน | K33: 0 | L33: =SUM(O33,Y33,AI33,AS33,BC33,BM33,BW33) -> 0 | M33: 0 | BY33: =SUM(BV33:BX33) -> 0 | BZ33: 0 | CA33: 0 | CB33: 0 | CC33: 0 | CD33: =BW33-CA33 -> 0 | CE33: 0
A34: 30 | F34: 1111004 | G34: ชิฟฟ่อนเค้ก สอดไส้ครีมมะพร้าว (4 ชิ้น) | K34: 0 | L34: =SUM(O34,Y34,AI34,AS34,BC34,BM34,BW34) -> 0 | M34: 0 | BY34: =SUM(BV34:BX34) -> 0 | BZ34: 0 | CA34: 0 | CB34: 0 | CC34: 0 | CD34: =BW34-CA34 -> 0 | CE34: 0
A35: 31 | F35: 1111048 | G35: ชิฟฟอนเค้กสอดไส้ครีมมะพร้าว+เตย (4ชิ้น) | K35: 0 | L35: =SUM(O35,Y35,AI35,AS35,BC35,BM35,BW35) -> 0 | M35: 0 | BY35: =SUM(BV35:BX35) -> 0 | BZ35: 0 | CA35: 0 | CB35: 0 | CC35: 0 | CD35: =BW35-CA35 -> 0 | CE35: 0
A36: 32 | F36: 1111005 | G36: ชิฟฟ่อนเค้ก สอดไส้ครีมมะพร้าว (5 ชิ้น) | K36: 0 | L36: =SUM(O36,Y36,AI36,AS36,BC36,BM36,BW36) -> 0 | M36: 0 | BY36: =SUM(BV36:BX36) -> 0 | BZ36: 0 | CA36: 0 | CB36: 0 | CC36: 0 | CD36: =BW36-CA36 -> 0 | CE36: 0
A37: 33 | F37: 1111047 | G37: ชิฟฟอนเค้กสอดไส้ครีมมะพร้าว+เตย (5ชิ้น) | K37: 0 | L37: =SUM(O37,Y37,AI37,AS37,BC37,BM37,BW37) -> 0 | M37: 0 | BY37: =SUM(BV37:BX37) -> 0 | BZ37: 0 | CA37: 0 | CB37: 0 | CC37: 0 | CD37: =BW37-CA37 -> 0 | CE37: 0
A38: 34 | F38: 1111006 | G38: ชิฟฟ่อนเค้ก วรรณวนัช (สอดไส้รวมรส 8 ชิ้น) | K38: 0 | L38: =SUM(O38,Y38,AI38,AS38,BC38,BM38,BW38) -> 0 | M38: 0 | BY38: =SUM(BV38:BX38) -> 0 | BZ38: 0 | CA38: 0 | CB38: 0 | CC38: 0 | CD38: =BW38-CA38 -> 0 | CE38: 0
A39: 35 | F39: 1111034 | G39: ชิฟฟ่อนเค้กใบเตยสอดไส้ครีมมะพร้าว (8 ชิ้น ) | K39: 0 | L39: =SUM(O39,Y39,AI39,AS39,BC39,BM39,BW39) -> 0 | M39: 0 | BY39: =SUM(BV39:BX39) -> 0 | BZ39: 0 | CA39: 0 | CB39: 0 | CC39: 0 | CD39: =BW39-CA39 -> 0 | CE39: 0
A40: 36 | F40: 1111035 | G40: ชิฟฟ่อนเค้กมะพร้าวสอดไส้ครีมมะพร้าว (8 ชิ้น) | K40: 0 | L40: =SUM(O40,Y40,AI40,AS40,BC40,BM40,BW40) -> 0 | M40: 0 | BY40: =SUM(BV40:BX40) -> 0 | BZ40: 0 | CA40: 0 | CB40: 0 | CC40: 0 | CD40: =BW40-CA40 -> 0 | CE40: 0
A41: 37 | F41: 1111031 | G41: ชิฟฟ่อนเค้กทูโทนใบเตยและมะพร้าวสอดไส้ครีม (8 ชิ้น) | K41: 0 | L41: =SUM(O41,Y41,AI41,AS41,BC41,BM41,BW41) -> 0 | M41: 0 | BY41: =SUM(BV41:BX41) -> 0 | BZ41: 0 | CA41: 0 | CB41: 0 | CC41: 0 | CD41: =BW41-CA41 -> 0 | CE41: 0
A42: 38 | F42: 1111032 | G42: ชิฟฟ่อนเค้กสอดไส้ครีมมะพร้าว ส้มล้วน (8 ชิ้น) | K42: 0 | L42: =SUM(O42,Y42,AI42,AS42,BC42,BM42,BW42) -> 0 | M42: 0 | BY42: =SUM(BV42:BX42) -> 0 | BZ42: 0 | CA42: 0 | CB42: 0 | CC42: 0 | CD42: =BW42-CA42 -> 0 | CE42: 0
A43: 39 | F43: 20040386 | G43: Wanwanach_ชิฟฟ่อนเค้กสอดไส้มะพร้านมสด 105 g | H43: CJ | K43: 0 | L43: =SUM(O43,Y43,AI43,AS43,BC43,BM43,BW43) -> 0 | M43: 0 | BY43: =SUM(BV43:BX43) -> 0 | BZ43: 0 | CA43: 0 | CB43: 0 | CC43: 0 | CD43: =BW43-CA43 -> 0 | CE43: 0
A44: 40 | F44: 1111109 | G44: ชิฟฟ่อนเค้กสอดไส้ครีมมะพร้าวล้วน (5ชิ้น) | K44: 0 | L44: =SUM(O44,Y44,AI44,AS44,BC44,BM44,BW44) -> 0 | M44: 0 | BY44: =SUM(BV44:BX44) -> 0 | BZ44: 0 | CA44: 0 | CB44: 0 | CC44: 0 | CD44: =BW44-CA44 -> 0 | CE44: 0
A45: 41 | F45: 1111110 | G45: ชิฟฟ่อนเค้กสอดไส้ครีมมะพร้าวล้วน (4 ชิ้น) | K45: 0 | L45: =SUM(O45,Y45,AI45,AS45,BC45,BM45,BW45) -> 0 | M45: 0 | BY45: =SUM(BV45:BX45) -> 0 | BZ45: 0 | CA45: 0 | CB45: 0 | CC45: 0 | CD45: =BW45-CA45 -> 0 | CE45: 0
A46: 42 | F46: 1111010 | G46: ชิฟฟ่อนเค้กสอดไส้แยม (1 ชิ้น) | K46: 0 | L46: =SUM(O46,Y46,AI46,AS46,BC46,BM46,BW46) -> 0 | M46: 0 | BY46: =SUM(BV46:BX46) -> 0 | BZ46: 0 | CA46: 0 | CB46: 0 | CC46: 0 | CD46: =BW46-CA46 -> 0 | CE46: 0
A47: 43 | F47: 1111008 | G47: ชิฟฟ่อนเค้ก สอดไส้ (รวมรส 3 ชิ้น) | K47: 0 | L47: =SUM(O47,Y47,AI47,AS47,BC47,BM47,BW47) -> 0 | M47: 0 | BY47: =SUM(BV47:BX47) -> 0 | BZ47: 0 | CA47: 0 | CB47: 0 | CC47: 0 | CD47: =BW47-CA47 -> 0 | CE47: 0
A48: 44 | F48: 1111009 | G48: ชิฟฟ่อนเค้ก สอดไส้ (รวมรส 6 ชิ้น) | K48: 0 | L48: =SUM(O48,Y48,AI48,AS48,BC48,BM48,BW48) -> 0 | M48: 0 | BY48: =SUM(BV48:BX48) -> 0 | BZ48: 0 | CA48: 0 | CB48: 0 | CC48: 0 | CD48: =BW48-CA48 -> 0 | CE48: 0
A49: 45 | F49: 1111012 | G49: ชิฟฟ่อนเค้กสอดไส้ นมชมพูฮอกไกโด (6 ชิ้น) | K49: 0 | L49: =SUM(O49,Y49,AI49,AS49,BC49,BM49,BW49) -> 0 | M49: 0 | BY49: =SUM(BV49:BX49) -> 0 | BZ49: 0 | CA49: 0 | CB49: 0 | CC49: 0 | CD49: =BW49-CA49 -> 0 | CE49: 0
A50: 46 | F50: 1111014 | G50: ชิฟฟ่อนเค้กสอดไส้ ช็อคโกแลตนูเทลล่า (6 ชิ้น) | K50: 0 | L50: =SUM(O50,Y50,AI50,AS50,BC50,BM50,BW50) -> 0 | M50: 0 | BY50: =SUM(BV50:BX50) -> 0 | BZ50: 0 | CA50: 0 | CB50: 0 | CC50: 0 | CD50: =BW50-CA50 -> 0 | CE50: 0
A51: 47 | F51: 1111015 | G51: ชิฟฟ่อนเค้กสอดไส้เนย รสมะพร้าว (3 ชิ้น) | K51: 0 | L51: =SUM(O51,Y51,AI51,AS51,BC51,BM51,BW51) -> 0 | M51: 0 | BY51: =SUM(BV51:BX51) -> 0 | BZ51: 0 | CA51: 0 | CB51: 0 | CC51: 0 | CD51: =BW51-CA51 -> 0 | CE51: 0
A52: 48 | F52: 1005981 | G52: ชิฟฟอนสอดไส้เนย รสมะพร้าว (3 ชิ้น) | K52: 0 | L52: =SUM(O52,Y52,AI52,AS52,BC52,BM52,BW52) -> 0 | M52: 0 | BY52: =SUM(BV52:BX52) -> 0 | BZ52: 0 | CA52: 0 | CB52: 0 | CC52: 0 | CD52: =BW52-CA52 -> 0 | CE52: 0
A53: 49 | F53: 1111016 | G53: ชิฟฟ่อนเค้กสอดไส้เนย รสมะพร้าว (6 ชิ้น) | K53: 0 | L53: =SUM(O53,Y53,AI53,AS53,BC53,BM53,BW53) -> 0 | M53: 0 | BY53: =SUM(BV53:BX53) -> 0 | BZ53: 0 | CA53: 0 | CB53: 0 | CC53: 0 | CD53: =BW53-CA53 -> 0 | CE53: 0
A54: 50 | F54: 1111019 | G54: ชิฟฟ่อนเค้กหน้าฝอยทอง สอดไส้แยมส้ม (3 ชิ้น) | K54: 0 | L54: =SUM(O54,Y54,AI54,AS54,BC54,BM54,BW54) -> 0 | M54: 0 | BY54: =SUM(BV54:BX54) -> 0 | BZ54: 0 | CA54: 0 | CB54: 0 | CC54: 0 | CD54: =BW54-CA54 -> 0 | CE54: 0
A55: 51 | F55: 1111020 | G55: ชิฟฟ่อนเค้กหน้าฝอยทอง สอดไส้แยมส้ม (6 ชิ้น) | K55: 0 | L55: =SUM(O55,Y55,AI55,AS55,BC55,BM55,BW55) -> 0 | M55: 0 | BY55: =SUM(BV55:BX55) -> 0 | BZ55: 0 | CA55: 0 | CB55: 0 | CC55: 0 | CD55: =BW55-CA55 -> 0 | CE55: 0
... A61: 57 | F61: 1111025 | G61: ชิฟฟ่อนเค้กสอดไส้แยม รสส้ม (6 ชิ้น) | K61: 0 | L61: =SUM(O61,Y61,AI61,AS61,BC61,BM61,BW61) -> 0 | M61: 0 | BY61: =SUM(BV61:BX61) -> 0 | BZ61: 0 | CA61: 0 | CB61: 0 | CC61: 0 | CD61: =BW61-CA61 -> 0 | CE61: 0
A62: 58 | F62: 1113081 | G62: (BC) ชิฟฟ่อนสอดไส้แยม 3 รสชาติ วนิลลา, เมล่อน, .ใบเตย | H62: BC | K62: 0 | L62: =SUM(O62,Y62,AI62,AS62,BC62,BM62,BW62) -> 346 | M62: 0 | Y62: 90 | AS62: 136 | BM62: 120 | BY62: =SUM(BV62:BX62) -> 0 | BZ62: 0 | CA62: 0 | CB62: 0 | CC62: 0 | CD62: =BW62-CA62 -> 0 | CE62: 0
A63: 59 | F63: 1114002 | G63: ชิฟฟอนใบเตยสอดไส้ 1 ชิ้น | K63: 0 | L63: =SUM(O63,Y63,AI63,AS63,BC63,BM63,BW63) -> 0 | M63: 0 | BY63: =SUM(BV63:BX63) -> 0 | BZ63: 0 | CA63: 0 | CB63: 0 | CC63: 0 | CD63: =BW63-CA63 -> 0 | CE63: 0
A64: 60 | F64: 1114001 | G64: ชิฟฟอนมะพร้าวสอดไส้ 1 ชิ้น | K64: 0 | L64: =SUM(O64,Y64,AI64,AS64,BC64,BM64,BW64) -> 0 | M64: 0 | BY64: =SUM(BV64:BX64) -> 0 | BZ64: 0 | CA64: 0 | CB64: 0 | CC64: 0 | CD64: =BW64-CA64 -> 0 | CE64: 0
A65: 61 | F65: 1111056 | G65: ชิฟฟอนรวมรสยอดฮิต 8 ชิ้น | K65: 0 | L65: =SUM(O65,Y65,AI65,AS65,BC65,BM65,BW65) -> 0 | M65: 0 | BY65: =SUM(BV65:BX65) -> 0 | BZ65: 0 | CA65: 0 | CB65: 0 | CC65: 0 | CD65: =BW65-CA65 -> 0 | CE65: 0
A66: 62 | F66: 1111074 | G66: ชิฟฟอนไส้แยมแยกชิ้น มะพร้าว | K66: 0 | L66: =SUM(O66,Y66,AI66,AS66,BC66,BM66,BW66) -> 0 | M66: 0 | BY66: =SUM(BV66:BX66) -> 0 | BZ66: 0 | CA66: 0 | CB66: 0 | CC66: 0 | CD66: =BW66-CA66 -> 0 | CE66: 0
A67: 63 | F67: 1111075 | G67: ชิฟฟอนไส้แยมแยกชิ้น สตอเบอรี่ | K67: 0 | L67: =SUM(O67,Y67,AI67,AS67,BC67,BM67,BW67) -> 0 | M67: 0 | BY67: =SUM(BV67:BX67) -> 0 | BZ67: 0 | CA67: 0 | CB67: 0 | CC67: 0 | CD67: =BW67-CA67 -> 0 | CE67: 0
A68: 64 | F68: 1111076 | G68: ชิฟฟอนไส้แยมแยกชิ้น ส้ม | K68: 0 | L68: =SUM(O68,Y68,AI68,AS68,BC68,BM68,BW68) -> 0 | M68: 0 | BY68: =SUM(BV68:BX68) -> 0 | BZ68: 0 | CA68: 0 | CB68: 0 | CC68: 0 | CD68: =BW68-CA68 -> 0 | CE68: 0
A69: 65 | F69: 1111077 | G69: ชิฟฟอนไส้แยมแยกชิ้น บลูเบอรี่ | K69: 0 | L69: =SUM(O69,Y69,AI69,AS69,BC69,BM69,BW69) -> 0 | M69: 0 | BY69: =SUM(BV69:BX69) -> 0 | BZ69: 0 | CA69: 0 | CB69: 0 | CC69: 0 | CD69: =BW69-CA69 -> 0 | CE69: 0
A70: 66 | F70: 1111078 | G70: ชิฟฟอนไส้แยมแยกชิ้น นมชมพู | K70: 0 | L70: =SUM(O70,Y70,AI70,AS70,BC70,BM70,BW70) -> 0 | M70: 0 | BY70: =SUM(BV70:BX70) -> 0 | BZ70: 0 | CA70: 0 | CB70: 0 | CC70: 0 | CD70: =BW70-CA70 -> 0 | CE70: 0
A71: 67 | F71: 1111079 | G71: ชิฟฟอนไส้แยมแยกชิ้น ชอคโกแลต | K71: 0 | L71: =SUM(O71,Y71,AI71,AS71,BC71,BM71,BW71) -> 0 | M71: 0 | BY71: =SUM(BV71:BX71) -> 0 | BZ71: 0 | CA71: 0 | CB71: 0 | CC71: 0 | CD71: =BW71-CA71 -> 0 | CE71: 0
A72: 68 | F72: 1111080 | G72: ชิฟฟอนไส้แยมแยกชิ้น ฝอยทอง | K72: 0 | L72: =SUM(O72,Y72,AI72,AS72,BC72,BM72,BW72) -> 0 | M72: 0 | BY72: =SUM(BV72:BX72) -> 0 | BZ72: 0 | CA72: 0 | CB72: 0 | CC72: 0 | CD72: =BW72-CA72 -> 0 | CE72: 0
A73: 69 | F73: 1111081 | G73: ชิฟฟอนไส้แยมแยกชิ้น วนิลา | K73: 0 | L73: =SUM(O73,Y73,AI73,AS73,BC73,BM73,BW73) -> 0 | M73: 0 | BY73: =SUM(BV73:BX73) -> 0 | BZ73: 0 | CA73: 0 | CB73: 0 | CC73: 0 | CD73: =BW73-CA73 -> 0 | CE73: 0
A74: 70 | F74: 1111082 | G74: ชิฟฟอนไส้แยมแยกชิ้น ใบเตย | K74: 0 | L74: =SUM(O74,Y74,AI74,AS74,BC74,BM74,BW74) -> 0 | M74: 0 | BY74: =SUM(BV74:BX74) -> 0 | BZ74: 0 | CA74: 0 | CB74: 0 | CC74: 0 | CD74: =BW74-CA74 -> 0 | CE74: 0
... A91: 87 | F91: 1112019 | G91: เค้กเบาหวิว รสทุเรียน (110 กรัม) | K91: 0 | L91: =SUM(O91,Y91,AI91,AS91,BC91,BM91,BW91) -> 0 | M91: 0 | BY91: =SUM(BV91:BX91) -> 0 | BZ91: 0 | CA91: 0 | CB91: 0 | CC91: 0 | CD91: =BW91-CA91 -> 0 | CE91: 0
A92: 88 | F92: 1112036 | G92: วรรณวนัช เค้กเบาหวิว ฝอยทอง 100กรัม | H92: Makro | K92: 0 | L92: =SUM(O92,Y92,AI92,AS92,BC92,BM92,BW92) -> 0 | M92: 0 | BY92: =SUM(BV92:BX92) -> 0 | BZ92: 0 | CA92: 0 | CB92: 0 | CC92: 0 | CD92: =BW92-CA92 -> 0 | CE92: 0
A93: 89 | F93: 1112037 | G93: วรรณวนัช เค้กเบาหวิวเนยสด 110กรัม | H93: Makro | K93: 0 | L93: =SUM(O93,Y93,AI93,AS93,BC93,BM93,BW93) -> 0 | M93: 0 | BY93: =SUM(BV93:BX93) -> 0 | BZ93: 0 | CA93: 0 | CB93: 0 | CC93: 0 | CD93: =BW93-CA93 -> 0 | CE93: 0
A94: 90 | F94: 1112038 | G94: วรรณวนัช เค้กเผือกมะพร้าว100กรัม | H94: Makro | K94: 0 | L94: =SUM(O94,Y94,AI94,AS94,BC94,BM94,BW94) -> 0 | M94: 0 | BY94: =SUM(BV94:BX94) -> 0 | BZ94: 0 | CA94: 0 | CB94: 0 | CC94: 0 | CD94: =BW94-CA94 -> 0 | CE94: 0
A95: 91 | F95: 20052085 | G95: วรรณวนัชเค้กเบาหวิวมะพร้าว 80g | H95: CJ | K95: 0 | L95: =SUM(O95,Y95,AI95,AS95,BC95,BM95,BW95) -> 0 | M95: 0 | BY95: =SUM(BV95:BX95) -> 0 | BZ95: 0 | CA95: 0 | CB95: 0 | CC95: 0 | CD95: =BW95-CA95 -> 0 | CE95: 0
A96: 92 | F96: 1004071 | G96: คัพเค้กกล้วยหอมไส้ครีมเนยสด (4 ชิ้น) | H96: Aeon | K96: 0 | L96: =SUM(O96,Y96,AI96,AS96,BC96,BM96,BW96) -> 9 | M96: 0 | O96: 5 | BC96: 4 | BY96: =SUM(BV96:BX96) -> 0 | BZ96: 0 | CA96: 0 | CB96: 0 | CC96: 0 | CD96: =BW96-CA96 -> 0 | CE96: 0
A97: 93 | F97: 1004070 | G97: คัพเค้กมะพร้าวไส้ครีมเนยสด (4 ชิ้น) | H97: Aeon | K97: 0 | L97: =SUM(O97,Y97,AI97,AS97,BC97,BM97,BW97) -> 11 | M97: 0 | O97: 6 | BC97: 5 | BY97: =SUM(BV97:BX97) -> 0 | BZ97: 0 | CA97: 0 | CB97: 0 | CC97: 0 | CD97: =BW97-CA97 -> 0 | CE97: 0
A98: 94 | F98: 1004063 | G98: ซอฟท์เค้กหน้าช็อกโกแลตมูส | H98: Aeon | K98: 0 | L98: =SUM(O98,Y98,AI98,AS98,BC98,BM98,BW98) -> 53 | M98: 0 | O98: 28 | BC98: 25 | BY98: =SUM(BV98:BX98) -> 0 | BZ98: 0 | CA98: 0 | CB98: 0 | CC98: 0 | CD98: =BW98-CA98 -> 0 | CE98: 0
A99: 95 | F99: 1004065 | G99: ซอฟท์เค้กหน้ามะพร้าวนมสด | H99: Aeon | K99: 0 | L99: =SUM(O99,Y99,AI99,AS99,BC99,BM99,BW99) -> 38 | M99: 0 | O99: 22 | BC99: 16 | BY99: =SUM(BV99:BX99) -> 0 | BZ99: 0 | CA99: 0 | CB99: 0 | CC99: 0 | CD99: =BW99-CA99 -> 0 | CE99: 0
A100: 96 | F100: 1113062 | G100: (MK) ชิฟฟอนหม้อแกง | K100: 0 | L100: =SUM(O100,Y100,AI100,AS100,BC100,BM100,BW100) -> 0 | M100: 0 | BY100: =SUM(BV100:BX100) -> 0 | BZ100: 0 | CA100: 0 | CB100: 0 | CC100: 0 | CD100: =BW100-CA100 -> 0 | CE100: 0
A101: 97 | F101: 1113085 | G101: (BC) ชิฟฟ่อนหม้อแกง | H101: BC | K101: 0 | L101: =SUM(O101,Y101,AI101,AS101,BC101,BM101,BW101) -> 347 | M101: 0 | Y101: 87 | AS101: 130 | BM101: 130 | BY101: =SUM(BV101:BX101) -> 0 | BZ101: 0 | CA101: 0 | CB101: 0 | CC101: 0 | CD101: =BW101-CA101 -> 0 | CE101: 0
A102: 98 | F102: 1004074 | G102: ซอฟท์เค้กหน้าครีมสด | H102: Aeon | K102: 0 | L102: =SUM(O102,Y102,AI102,AS102,BC102,BM102,BW102) -> 34 | M102: 0 | O102: 19 | BC102: 15 | BY102: =SUM(BV102:BX102) -> 0 | BZ102: 0 | CA102: 0 | CB102: 0 | CC102: 0 | CD102: =BW102-CA102 -> 0 | CE102: 0
A103: 99 | F103: 20053053 | G103: วรรณนัชเค้กลอดช่อง 85 g | H103: CJ | K103: 0 | L103: =SUM(O103,Y103,AI103,AS103,BC103,BM103,BW103) -> 0 | M103: 0 | BY103: =SUM(BV103:BX103) -> 0 | BZ103: 0 | CA103: 0 | CB103: 0 | CC103: 0 | CD103: =BW103-CA103 -> 0 | CE103: 0
A104: 100 | F104: 1113157 | G104: (BC) เค้กลอดช่อง 85g | H104: BC | K104: 0 | L104: =SUM(O104,Y104,AI104,AS104,BC104,BM104,BW104) -> 0 | M104: 0 | BY104: =SUM(BV104:BX104) -> 0 | BZ104: 0 | CA104: 0 | CB104: 0 | CC104: 0 | CD104: =BW104-CA104 -> 0 | CE104: 0
A105: 101 | F105: 1004064 | G105: ซอฟท์เค้กฝอยทอง | H105: Aeon | K105: 0 | L105: =SUM(O105,Y105,AI105,AS105,BC105,BM105,BW105) -> 23 | M105: 0 | O105: 13 | BC105: 10 | BY105: =SUM(BV105:BX105) -> 0 | BZ105: 0 | CA105: 0 | CB105: 0 | CC105: 0 | CD105: =BW105-CA105 -> 0 | CE105: 0
A106: 102 | F106: 20052724 | G106: วรรณวนัชเค้กฝอยทองหน้านิ่ม 90g | H106: CJ | K106: 0 | L106: =SUM(O106,Y106,AI106,AS106,BC106,BM106,BW106) -> 0 | M106: 0 | BY106: =SUM(BV106:BX106) -> 0 | BZ106: 0 | CA106: 0 | CB106: 0 | CC106: 0 | CD106: =BW106-CA106 -> 0 | CE106: 0
A107: 103 | F107: 1004072 | G107: เค้กโบราณ ครีม (2 ชิ้น) | H107: Aeon | K107: 0 | L107: =SUM(O107,Y107,AI107,AS107,BC107,BM107,BW107) -> 20 | M107: 0 | O107: 10 | BC107: 10 | BY107: =SUM(BV107:BX107) -> 0 | BZ107: 0 | CA107: 0 | CB107: 0 | CC107: 0 | CD107: =BW107-CA107 -> 0 | CE107: 0
A108: 104 | F108: 1004073 | G108: เค้กโบราณ ผลไม้ (2 ชิ้น) | H108: Aeon | K108: 0 | L108: =SUM(O108,Y108,AI108,AS108,BC108,BM108,BW108) -> 0 | M108: 0 | BY108: =SUM(BV108:BX108) -> 0 | BZ108: 0 | CA108: 0 | CB108: 0 | CC108: 0 | CD108: =BW108-CA108 -> 0 | CE108: 0
A109: 105 | F109: 1113006 | G109: เค้กโบราณ ครีม (4 ชิ้น) | K109: 0 | L109: =SUM(O109,Y109,AI109,AS109,BC109,BM109,BW109) -> 0 | M109: 0 | BY109: =SUM(BV109:BX109) -> 0 | BZ109: 0 | CA109: 0 | CB109: 0 | CC109: 0 | CD109: =BW109-CA109 -> 0 | CE109: 0
A110: 106 | F110: 1113007 | G110: เค้กโบราณ ผลไม้ (4 ชิ้น) | K110: 0 | L110: =SUM(O110,Y110,AI110,AS110,BC110,BM110,BW110) -> 0 | M110: 0 | BY110: =SUM(BV110:BX110) -> 0 | BZ110: 0 | CA110: 0 | CB110: 0 | CC110: 0 | CD110: =BW110-CA110 -> 0 | CE110: 0
A111: 107 | F111: 1113008 | G111: เค้กโบราณ รวมรส (4 ชิ้น) | H111: Aeon | K111: 0 | L111: =SUM(O111,Y111,AI111,AS111,BC111,BM111,BW111) -> 38 | M111: 0 | O111: 20 | BC111: 18 | BY111: =SUM(BV111:BX111) -> 0 | BZ111: 0 | CA111: 0 | CB111: 0 | CC111: 0 | CD111: =BW111-CA111 -> 0 | CE111: 0
A112: 108 | F112: 1113107 | G112: โบราณใหญ่ 12 ชิ้น | K112: 0 | L112: =SUM(O112,Y112,AI112,AS112,BC112,BM112,BW112) -> 0 | M112: 0 | BY112: =SUM(BV112:BX112) -> 0 | BZ112: 0 | CA112: 0 | CB112: 0 | CC112: 0 | CD112: =BW112-CA112 -> 0 | CE112: 0
A113: 109 | F113: 1113120 | G113: โบราณใหญ่หน้าครีม (แผ่น) | K113: 0 | L113: =SUM(O113,Y113,AI113,AS113,BC113,BM113,BW113) -> 0 | M113: 0 | BY113: =SUM(BV113:BX113) -> 0 | BZ113: 0 | CA113: 0 | CB113: 0 | CC113: 0 | CD113: =BW113-CA113 -> 0 | CE113: 0
A114: 110 | F114: 1113092 | G114: (BC) เค้กโบราณ 4 ชิ้น | H114: BC | K114: 0 | L114: =SUM(O114,Y114,AI114,AS114,BC114,BM114,BW114) -> 440 | M114: 0 | Y114: 15 | AS114: 395 | BM114: 30 | BY114: =SUM(BV114:BX114) -> 0 | BZ114: 0 | CA114: 0 | CB114: 0 | CC114: 0 | CD114: =BW114-CA114 -> 0 | CE114: 0
A115: 111 | F115: 1113146 | G115: โบราณ 4 ชิ้น (กล่องแดง) | K115: 0 | L115: =SUM(O115,Y115,AI115,AS115,BC115,BM115,BW115) -> 0 | M115: 0 | BY115: =SUM(BV115:BX115) -> 0 | BZ115: 0 | CA115: 0 | CB115: 0 | CC115: 0 | CD115: =BW115-CA115 -> 0 | CE115: 0
A116: 112 | F116: 1113147 | G116: โบราณ 4 ชิ้น (กล่องแดง) แบบแผ่น | K116: 0 | L116: =SUM(O116,Y116,AI116,AS116,BC116,BM116,BW116) -> 0 | M116: 0 | BY116: =SUM(BV116:BX116) -> 0 | BZ116: 0 | CA116: 0 | CB116: 0 | CC116: 0 | CD116: =BW116-CA116 -> 0 | CE116: 0
A117: 113 | F117: 20036350 | G117: Wanwanach_เค้กโบราณ 200 g | H117: CJ | K117: 0 | L117: =SUM(O117,Y117,AI117,AS117,BC117,BM117,BW117) -> 0 | M117: 0 | BY117: =SUM(BV117:BX117) -> 0 | BZ117: 0 | CA117: 0 | CB117: 0 | CC117: 0 | CD117: =BW117-CA117 -> 0 | CE117: 0
A118: 114 | F118: 1113162 | G118: เค้กโบราณครีม 12 ชิ้น | K118: 0 | L118: =SUM(O118,Y118,AI118,AS118,BC118,BM118,BW118) -> 0 | M118: 0 | BY118: =SUM(BV118:BX118) -> 0 | BZ118: 0 | CA118: 0 | CB118: 0 | CC118: 0 | CD118: =BW118-CA118 -> 0 | CE118: 0
A119: 115 | F119: 1113163 | G119: เค้กโบราณผลไม้ 12 ชิ้น | K119: 0 | L119: =SUM(O119,Y119,AI119,AS119,BC119,BM119,BW119) -> 0 | M119: 0 | BY119: =SUM(BV119:BX119) -> 0 | BZ119: 0 | CA119: 0 | CB119: 0 | CC119: 0 | CD119: =BW119-CA119 -> 0 | CE119: 0
A120: 116 | F120: 1113164 | G120: เค้กโบราณรวมรส 12 ชิ้น | K120: 0 | L120: =SUM(O120,Y120,AI120,AS120,BC120,BM120,BW120) -> 0 | M120: 0 | BY120: =SUM(BV120:BX120) -> 0 | BZ120: 0 | CA120: 0 | CB120: 0 | CC120: 0 | CD120: =BW120-CA120 -> 0 | CE120: 0
A121: 117 | F121: 1113009 | G121: เค้กลาวา ฝอยทองใบเตย (ใหญ่) | K121: 0 | L121: =SUM(O121,Y121,AI121,AS121,BC121,BM121,BW121) -> 0 | M121: 0 | BY121: =SUM(BV121:BX121) -> 0 | BZ121: 0 | CA121: 0 | CB121: 0 | CC121: 0 | CD121: =BW121-CA121 -> 0 | CE121: 0
A122: 118 | F122: 1004062 | G122: เค้กลาวา ฝอยทองทูโทน (เล็ก) | K122: 0 | L122: =SUM(O122,Y122,AI122,AS122,BC122,BM122,BW122) -> 0 | M122: 0 | BY122: =SUM(BV122:BX122) -> 0 | BZ122: 0 | CA122: 0 | CB122: 0 | CC122: 0 | CD122: =BW122-CA122 -> 0 | CE122: 0
...

Sheet ยอดจริง Week 2
A1: วันอาทิตย์ | H1: วันจันทร์ | O1: วันอังคาร | V1: วันพุธ | AC1: วันพฤหัส | AJ1: วันศุกร์ | AQ1: วันเสาร์ | BY1: week 4 (วันที่ 24-30 พฤศจิกายน 2567) | CT1: week 5
A2: รหัส | B2: รายการ | C2: A | D2: B | E2: N | F2: รวม | H2: รหัส | I2: รายการ | J2: A | K2: B | L2: N | M2: รวม | O2: รหัส | P2: รายการ | Q2: A | R2: B | S2: N | T2: รวม | V2: รหัส | W2: รายการ | X2: A | Y2: B | Z2: N | AA2: รวม | AC2: รหัส | AD2: รายการ | AE2: A | AF2: B | AG2: N | AH2: รวม | AJ2: รหัส | AK2: รายการ | AL2: A | AM2: B | AN2: N | AO2: รวม | AQ2: รหัส | AR2: รายการ | AS2: A | AT2: B | AU2: N | AV2: รวม | BB2: วันพฤหัสบดี | BF2: ยอดจริง | BL2: วันศุกร์ | BP2: ยอดจริง | BV2: เสาร์ | BY2: วันอาทิตย์ | CB2: วันจันทร์ | CE2: วันอังคาร | CH2: วันพุธ | CK2: วันพฤหัสบดี | CN2: วันศุกร์ | CQ2: เสาร์ | CT2: วันอาทิตย์ | CW2: วันจันทร์ | CZ2: วันอังคาร | DC2: วันพุธ | DF2: วันพฤหัสบดี | DI2: วันศุกร์ | DL2: เสาร์
A3: 1113036 | B3: ช็อกบอล | H3: 1113036 | I3: ช็อกบอล | O3: 1113036 | P3: ช็อกบอล | V3: 1113036 | W3: ช็อกบอล | AC3: 1113036 | AD3: ช็อกบอล | AJ3: 1113036 | AK3: ช็อกบอล | AQ3: 1113036 | AR3: ช็อกบอล | BZ3: 24 | CC3: 25 | CF3: 26 | CI3: 27 | CL3: 28 | CO3: 29 | CR3: 30
A4: 1111001 | B4: ชิฟฟ่อนเค้ก (1 ชิ้น) | H4: 1111001 | I4: ชิฟฟ่อนเค้ก (1 ชิ้น) | O4: 1111001 | P4: ชิฟฟ่อนเค้ก (1 ชิ้น) | V4: 1111001 | W4: ชิฟฟ่อนเค้ก (1 ชิ้น) | AC4: 1111001 | AD4: ชิฟฟ่อนเค้ก (1 ชิ้น) | AJ4: 1111001 | AK4: ชิฟฟ่อนเค้ก (1 ชิ้น) | AQ4: 1111001 | AR4: ชิฟฟ่อนเค้ก (1 ชิ้น) | AW4: ไม่ติดป้าย Amezon | AX4: Non Logo | AY4: ติดป้าย Amezon | AZ4: ไม่ติดป้าย Amezon | BA4: Non Logo | BB4: ติดป้าย Amezon | BC4: ไม่ติดป้าย Amezon | BD4: Non Logo | BE4: รวม | BF4: ติดป้าย Amezon | BG4: ไม่ติดป้าย Amezon | BH4: Non Logo | BI4: ติดป้าย Amezon | BJ4: ไม่ติดป้าย Amezon | BK4: Non Logo | BL4: ติดป้าย Amezon | BM4: ไม่ติดป้าย Amezon | BN4: Non Logo | BO4: รวม | BP4: ติดป้าย Amezon | BQ4: ไม่ติดป้าย Amezon | BR4: Non Logo | BS4: ติดป้าย Amezon | BT4: ไม่ติดป้าย Amezon | BU4: Non Logo | BV4: ติดป้าย Amezon | BW4: ไม่ติดป้าย Amezon | BX4: Non Logo | BY4: ติดป้าย Amezon | BZ4: ไม่ติดป้าย Amezon | CA4: Non Logo | CB4: ติดป้าย Amezon | CC4: ไม่ติดป้าย Amezon | CD4: Non Logo | CE4: ติดป้าย Amezon | CF4: ไม่ติดป้าย Amezon | CG4: Non Logo | CH4: ติดป้าย Amezon | CI4: ไม่ติดป้าย Amezon | CJ4: Non Logo | CK4: ติดป้าย Amezon | CL4: ไม่ติดป้าย Amezon | CM4: Non Logo | CN4: ติดป้าย Amezon | CO4: ไม่ติดป้าย Amezon | CP4: Non Logo | CQ4: ติดป้าย Amezon | CR4: ไม่ติดป้าย Amezon | CS4: Non Logo | CT4: ติดป้าย Amezon | CU4: ไม่ติดป้าย Amezon | CV4: Non Logo | CW4: ติดป้าย Amezon | CX4: ไม่ติดป้าย Amezon | CY4: Non Logo | CZ4: ติดป้าย Amezon | DA4: ไม่ติดป้าย Amezon | DB4: Non Logo | DC4: ติดป้าย Amezon | DD4: ไม่ติดป้าย Amezon | DE4: Non Logo | DF4: ติดป้าย Amezon | DG4: ไม่ติดป้าย Amezon | DH4: Non Logo | DI4: ติดป้าย Amezon | DJ4: ไม่ติดป้าย Amezon | DK4: Non Logo | DL4: ติดป้าย Amezon | DM4: ไม่ติดป้าย Amezon | DN4: Non Logo
A5: 1004061 | B5: ชิฟฟ่อนเค้ก สอดไส้ครีมมะพร้าว (2 ชิ้น) | H5: 1004061 | I5: ชิฟฟ่อนเค้ก สอดไส้ครีมมะพร้าว (2 ชิ้น) | O5: 1004061 | P5: ชิฟฟ่อนเค้ก สอดไส้ครีมมะพร้าว (2 ชิ้น) | V5: 1004061 | W5: ชิฟฟ่อนเค้ก สอดไส้ครีมมะพร้าว (2 ชิ้น) | AC5: 1004061 | AD5: ชิฟฟ่อนเค้ก สอดไส้ครีมมะพร้าว (2 ชิ้น) | AJ5: 1004061 | AK5: ชิฟฟ่อนเค้ก สอดไส้ครีมมะพร้าว (2 ชิ้น) | AQ5: 1004061 | AR5: ชิฟฟ่อนเค้ก สอดไส้ครีมมะพร้าว (2 ชิ้น) | AW5: 0 | AX5: 0 | AY5: 0 | AZ5: 0 | BA5: 0 | BC5: 10 | BE5: 10 | BF5: 0 | BG5: 0 | BH5: 0 | BI5: 0 | BJ5: 10 | BK5: 0 | BO5: 0 | BP5: 0 | BQ5: 0 | BR5: 0 | BS5: 0 | BT5: 0 | BU5: 0 | BZ5: 10 | CL5: 10
A6: 1004071 | B6: คัพเค้กกล้วยหอมไส้ครีมเนยสด (4 ชิ้น) | H6: 1004071 | I6: คัพเค้กกล้วยหอมไส้ครีมเนยสด (4 ชิ้น) | O6: 1004071 | P6: คัพเค้กกล้วยหอมไส้ครีมเนยสด (4 ชิ้น) | V6: 1004071 | W6: คัพเค้กกล้วยหอมไส้ครีมเนยสด (4 ชิ้น) | AC6: 1004071 | AD6: คัพเค้กกล้วยหอมไส้ครีมเนยสด (4 ชิ้น) | AJ6: 1004071 | AK6: คัพเค้กกล้วยหอมไส้ครีมเนยสด (4 ชิ้น) | AQ6: 1004071 | AR6: คัพเค้กกล้วยหอมไส้ครีมเนยสด (4 ชิ้น) | AW6: 0 | AX6: 0 | AY6: 0 | AZ6: 0 | BA6: 0 | BE6: 0 | BF6: 0 | BG6: 0 | BH6: 0 | BI6: 0 | BJ6: 0 | BK6: 0 | BO6: 0 | BP6: 0 | BQ6: 0 | BR6: 0 | BS6: 0 | BT6: 0 | BU6: 0
A7: 1004070 | B7: คัพเค้กมะพร้าวไส้ครีมเนยสด (4 ชิ้น) | H7: 1004070 | I7: คัพเค้กมะพร้าวไส้ครีมเนยสด (4 ชิ้น) | O7: 1004070 | P7: คัพเค้กมะพร้าวไส้ครีมเนยสด (4 ชิ้น) | V7: 1004070 | W7: คัพเค้กมะพร้าวไส้ครีมเนยสด (4 ชิ้น) | AC7: 1004070 | AD7: คัพเค้กมะพร้าวไส้ครีมเนยสด (4 ชิ้น) | AJ7: 1004070 | AK7: คัพเค้กมะพร้าวไส้ครีมเนยสด (4 ชิ้น) | AQ7: 1004070 | AR7: คัพเค้กมะพร้าวไส้ครีมเนยสด (4 ชิ้น) | AW7: 0 | AX7: 0 | AY7: 0 | AZ7: 0 | BA7: 0 | BE7: 0 | BF7: 0 | BG7: 0 | BH7: 0 | BI7: 0 | BJ7: 0 | BK7: 0 | BO7: 0 | BP7: 0 | BQ7: 0 | BR7: 0 | BS7: 0 | BT7: 0 | BU7: 0
A8: 1004063 | B8: ซอฟท์เค้กหน้าช็อกโกแลตมูส | H8: 1004063 | I8: ซอฟท์เค้กหน้าช็อกโกแลตมูส | O8: 1004063 | P8: ซอฟท์เค้กหน้าช็อกโกแลตมูส | V8: 1004063 | W8: ซอฟท์เค้กหน้าช็อกโกแลตมูส | AC8: 1004063 | AD8: ซอฟท์เค้กหน้าช็อกโกแลตมูส | AJ8: 1004063 | AK8: ซอฟท์เค้กหน้าช็อกโกแลตมูส | AQ8: 1004063 | AR8: ซอฟท์เค้กหน้าช็อกโกแลตมูส | AW8: 0 | AX8: 0 | AY8: 0 | AZ8: 0 | BA8: 0 | BE8: 0 | BF8: 0 | BG8: 0 | BH8: 0 | BI8: 0 | BJ8: 0 | BK8: 0 | BO8: 0 | BP8: 0 | BQ8: 0 | BR8: 0 | BS8: 0 | BT8: 0 | BU8: 0
A9: 1004065 | B9: ซอฟท์เค้กหน้ามะพร้าวนมสด | H9: 1004065 | I9: ซอฟท์เค้กหน้ามะพร้าวนมสด | O9: 1004065 | P9: ซอฟท์เค้กหน้ามะพร้าวนมสด | V9: 1004065 | W9: ซอฟท์เค้กหน้ามะพร้าวนมสด | AC9: 1004065 | AD9: ซอฟท์เค้กหน้ามะพร้าวนมสด | AJ9: 1004065 | AK9: ซอฟท์เค้กหน้ามะพร้าวนมสด | AQ9: 1004065 | AR9: ซอฟท์เค้กหน้ามะพร้าวนมสด | AW9: 0 | AX9: 0 | AY9: 0 | AZ9: 0 | BA9: 0 | BE9: 0 | BF9: 0 | BG9: 0 | BH9: 0 | BI9: 0 | BJ9: 0 | BK9: 0 | BO9: 0 | BP9: 0 | BQ9: 0 | BR9: 0 | BS9: 0 | BT9: 0 | BU9: 0 | BZ9: 1800 | CF9: 1000
A10: 1004074 | B10: ซอฟท์เค้กหน้าครีมสด | H10: 1004074 | I10: ซอฟท์เค้กหน้าครีมสด | O10: 1004074 | P10: ซอฟท์เค้กหน้าครีมสด | V10: 1004074 | W10: ซอฟท์เค้กหน้าครีมสด | AC10: 1004074 | AD10: ซอฟท์เค้กหน้าครีมสด | AJ10: 1004074 | AK10: ซอฟท์เค้กหน้าครีมสด | AQ10: 1004074 | AR10: ซอฟท์เค้กหน้าครีมสด | AW10: 0 | AX10: 0 | AY10: 0 | AZ10: 0 | BA10: 0 | BE10: 0 | BF10: 0 | BG10: 0 | BH10: 0 | BI10: 0 | BJ10: 0 | BK10: 0 | BO10: 0 | BP10: 0 | BQ10: 0 | BR10: 0 | BS10: 0 | BT10: 0 | BU10: 0
A11: 1004064 | B11: ซอฟท์เค้กฝอยทอง | H11: 1004064 | I11: ซอฟท์เค้กฝอยทอง | O11: 1004064 | P11: ซอฟท์เค้กฝอยทอง | V11: 1004064 | W11: ซอฟท์เค้กฝอยทอง | AC11: 1004064 | AD11: ซอฟท์เค้กฝอยทอง | AJ11: 1004064 | AK11: ซอฟท์เค้กฝอยทอง | AQ11: 1004064 | AR11: ซอฟท์เค้กฝอยทอง | AW11: 0 | AX11: 0 | AY11: 0 | AZ11: 0 | BA11: 0 | BE11: 0 | BF11: 0 | BG11: 0 | BH11: 0 | BI11: 0 | BJ11: 0 | BK11: 0 | BO11: 0 | BP11: 0 | BQ11: 0 | BR11: 0 | BS11: 0 | BT11: 0 | BU11: 0
A12: 1004072 | B12: เค้กโบราณ ครีม (2 ชิ้น) | H12: 1004072 | I12: เค้กโบราณ ครีม (2 ชิ้น) | O12: 1004072 | P12: เค้กโบราณ ครีม (2 ชิ้น) | V12: 1004072 | W12: เค้กโบราณ ครีม (2 ชิ้น) | AC12: 1004072 | AD12: เค้กโบราณ ครีม (2 ชิ้น) | AJ12: 1004072 | AK12: เค้กโบราณ ครีม (2 ชิ้น) | AQ12: 1004072 | AR12: เค้กโบราณ ครีม (2 ชิ้น) | AW12: 0 | AX12: 0 | AY12: 0 | AZ12: 0 | BA12: 0 | BE12: 0 | BF12: 0 | BG12: 0 | BH12: 0 | BI12: 0 | BJ12: 0 | BK12: 0 | BO12: 0 | BP12: 0 | BQ12: 0 | BR12: 0 | BS12: 0 | BT12: 0 | BU12: 0
A13: 1004073 | B13: เค้กโบราณ ผลไม้ (2 ชิ้น) | H13: 1004073 | I13: เค้กโบราณ ผลไม้ (2 ชิ้น) | O13: 1004073 | P13: เค้กโบราณ ผลไม้ (2 ชิ้น) | V13: 1004073 | W13: เค้กโบราณ ผลไม้ (2 ชิ้น) | AC13: 1004073 | AD13: เค้กโบราณ ผลไม้ (2 ชิ้น) | AJ13: 1004073 | AK13: เค้กโบราณ ผลไม้ (2 ชิ้น) | AQ13: 1004073 | AR13: เค้กโบราณ ผลไม้ (2 ชิ้น) | AW13: 0 | AX13: 0 | AY13: 0 | AZ13: 0 | BA13: 0 | BE13: 0 | BF13: 0 | BG13: 0 | BH13: 0 | BI13: 0 | BJ13: 0 | BK13: 0 | BO13: 0 | BP13: 0 | BQ13: 0 | BR13: 0 | BS13: 0 | BT13: 0 | BU13: 0
A14: 1113008 | B14: เค้กโบราณ รวมรส (4 ชิ้น) | H14: 1113008 | I14: เค้กโบราณ รวมรส (4 ชิ้น) | O14: 1113008 | P14: เค้กโบราณ รวมรส (4 ชิ้น) | V14: 1113008 | W14: เค้กโบราณ รวมรส (4 ชิ้น) | AC14: 1113008 | AD14: เค้กโบราณ รวมรส (4 ชิ้น) | AJ14: 1113008 | AK14: เค้กโบราณ รวมรส (4 ชิ้น) | AQ14: 1113008 | AR14: เค้กโบราณ รวมรส (4 ชิ้น) | AW14: 0 | AX14: 0 | AY14: 0 | AZ14: 0 | BA14: 0 | BE14: 0 | BF14: 0 | BG14: 0 | BH14: 0 | BI14: 0 | BJ14: 0 | BK14: 0 | BO14: 0 | BP14: 0 | BQ14: 0 | BR14: 0 | BS14: 0 | BT14: 0 | BU14: 0
A15: 1113106 | B15: มินิลาวาทูโทน | H15: 1113106 | I15: มินิลาวาทูโทน | O15: 1113106 | P15: มินิลาวาทูโทน | V15: 1113106 | W15: มินิลาวาทูโทน | AC15: 1113106 | AD15: มินิลาวาทูโทน | AJ15: 1113106 | AK15: มินิลาวาทูโทน | AQ15: 1113106 | AR15: มินิลาวาทูโทน | AW15: 0 | AX15: 0 | AY15: 0 | AZ15: 0 | BA15: 0 | BE15: 0 | BF15: 0 | BG15: 0 | BH15: 0 | BI15: 0 | BJ15: 0 | BK15: 0 | BO15: 0 | BP15: 0 | BQ15: 0 | BR15: 0 | BS15: 0 | BT15: 0 | BU15: 0
A16: 1113056 | B16: (MK) สตรอเบอร์รี่ครีมเค้ก 65 ก. (หน้าขาว) | H16: 1113056 | I16: (MK) สตรอเบอร์รี่ครีมเค้ก 65 ก. (หน้าขาว) | O16: 1113056 | P16: (MK) สตรอเบอร์รี่ครีมเค้ก 65 ก. (หน้าขาว) | V16: 1113056 | W16: (MK) สตรอเบอร์รี่ครีมเค้ก 65 ก. (หน้าขาว) | AC16: 1113056 | AD16: (MK) สตรอเบอร์รี่ครีมเค้ก 65 ก. (หน้าขาว) | AJ16: 1113056 | AK16: (MK) สตรอเบอร์รี่ครีมเค้ก 65 ก. (หน้าขาว) | AQ16: 1113056 | AR16: (MK) สตรอเบอร์รี่ครีมเค้ก 65 ก. (หน้าขาว) | AW16: 0 | AX16: 0 | AY16: 0 | AZ16: 0 | BA16: 0 | BE16: 0 | BF16: 0 | BG16: 0 | BH16: 0 | BI16: 0 | BJ16: 0 | BK16: 0 | BO16: 0 | BP16: 0 | BQ16: 0 | BR16: 0 | BS16: 0 | BT16: 0 | BU16: 0
A17: 1113059 | B17: (MK) เค้กสตรอเบอร์รี่ 65 ก. (หน้าชมพู) | H17: 1113059 | I17: (MK) เค้กสตรอเบอร์รี่ 65 ก. (หน้าชมพู) | O17: 1113059 | P17: (MK) เค้กสตรอเบอร์รี่ 65 ก. (หน้าชมพู) | V17: 1113059 | W17: (MK) เค้กสตรอเบอร์รี่ 65 ก. (หน้าชมพู) | AC17: 1113059 | AD17: (MK) เค้กสตรอเบอร์รี่ 65 ก. (หน้าชมพู) | AJ17: 1113059 | AK17: (MK) เค้กสตรอเบอร์รี่ 65 ก. (หน้าชมพู) | AQ17: 1113059 | AR17: (MK) เค้กสตรอเบอร์รี่ 65 ก. (หน้าชมพู) | AW17: 0 | AX17: 0 | AY17: 0 | AZ17: 0 | BA17: 0 | BC17: 200 | BE17: 200 | BF17: 0 | BG17: 0 | BH17: 0 | BI17: 0 | BJ17: 200 | BK17: 0 | BO17: 0 | BP17: 0 | BQ17: 0 | BR17: 0 | BS17: 0 | BT17: 0 | BU17: 0 | BZ17: 250 | CF17: 350 | CL17: 300
A18: 1005977 | B18: บลูเบอรี่ ครีมเค้ก (หน้าขาว) | H18: 1005977 | I18: บลูเบอรี่ ครีมเค้ก (หน้าขาว) | O18: 1005977 | P18: บลูเบอรี่ ครีมเค้ก (หน้าขาว) | V18: 1005977 | W18: บลูเบอรี่ ครีมเค้ก (หน้าขาว) | AC18: 1005977 | AD18: บลูเบอรี่ ครีมเค้ก (หน้าขาว) | AJ18: 1005977 | AK18: บลูเบอรี่ ครีมเค้ก (หน้าขาว) | AQ18: 1005977 | AR18: บลูเบอรี่ ครีมเค้ก (หน้าขาว) | AW18: 0 | AX18: 0 | AY18: 0 | AZ18: 0 | BA18: 0 | BE18: 0 | BF18: 0 | BG18: 0 | BH18: 0 | BI18: 0 | BJ18: 0 | BK18: 0 | BO18: 0 | BP18: 0 | BQ18: 0 | BR18: 0 | BS18: 0 | BT18: 0 | BU18: 0
A19: 1113098 | B19: วุ้นชิฟฟ่อน (ฝอยทอง) WWN | H19: 1113098 | I19: วุ้นชิฟฟ่อน (ฝอยทอง) WWN | O19: 1113098 | P19: วุ้นชิฟฟ่อน (ฝอยทอง) WWN | V19: 1113098 | W19: วุ้นชิฟฟ่อน (ฝอยทอง) WWN | AC19: 1113098 | AD19: วุ้นชิฟฟ่อน (ฝอยทอง) WWN | AJ19: 1113098 | AK19: วุ้นชิฟฟ่อน (ฝอยทอง) WWN | AQ19: 1113098 | AR19: วุ้นชิฟฟ่อน (ฝอยทอง) WWN | AW19: 0 | AX19: 0 | AY19: 0 | AZ19: 0 | BA19: 0 | BE19: 0 | BF19: 0 | BG19: 0 | BH19: 0 | BI19: 0 | BJ19: 0 | BK19: 0 | BO19: 0 | BP19: 0 | BQ19: 0 | BR19: 0 | BS19: 0 | BT19: 0 | BU19: 0
A20: 1005982 | B20: ขนมปังเนยนิ่ม 3 ชิ้น | H20: 1005982 | I20: ขนมปังเนยนิ่ม 3 ชิ้น | O20: 1005982 | P20: ขนมปังเนยนิ่ม 3 ชิ้น | V20: 1005982 | W20: ขนมปังเนยนิ่ม 3 ชิ้น | AC20: 1005982 | AD20: ขนมปังเนยนิ่ม 3 ชิ้น | AJ20: 1005982 | AK20: ขนมปังเนยนิ่ม 3 ชิ้น | AQ20: 1005982 | AR20: ขนมปังเนยนิ่ม 3 ชิ้น | AW20: 0 | AX20: 0 | AY20: 0 | AZ20: 0 | BA20: 0 | BE20: 0 | BF20: 0 | BG20: 0 | BH20: 0 | BI20: 0 | BJ20: 0 | BK20: 0 | BO20: 0 | BP20: 0 | BQ20: 0 | BR20: 0 | BS20: 0 | BT20: 0 | BU20: 0
A21: 1113087 | B21: (BC) เอแคลร์ 6 ชิ้น | H21: 1113087 | I21: (BC) เอแคลร์ 6 ชิ้น | O21: 1113087 | P21: (BC) เอแคลร์ 6 ชิ้น | V21: 1113087 | W21: (BC) เอแคลร์ 6 ชิ้น | AC21: 1113087 | AD21: (BC) เอแคลร์ 6 ชิ้น | AJ21: 1113087 | AK21: (BC) เอแคลร์ 6 ชิ้น | AQ21: 1113087 | AR21: (BC) เอแคลร์ 6 ชิ้น | AW21: 0 | AX21: 0 | AY21: 0 | AZ21: 0 | BA21: 0 | BE21: 0 | BF21: 0 | BG21: 0 | BH21: 0 | BI21: 0 | BJ21: 0 | BK21: 0 | BO21: 0 | BP21: 0 | BQ21: 0 | BR21: 0 | BS21: 0 | BT21: 0 | BU21: 0
A22: 1113093 | B22: (BC) ขนมปังสังขยา 4 ชิ้น | H22: 1113093 | I22: (BC) ขนมปังสังขยา 4 ชิ้น | O22: 1113093 | P22: (BC) ขนมปังสังขยา 4 ชิ้น | V22: 1113093 | W22: (BC) ขนมปังสังขยา 4 ชิ้น | AC22: 1113093 | AD22: (BC) ขนมปังสังขยา 4 ชิ้น | AJ22: 1113093 | AK22: (BC) ขนมปังสังขยา 4 ชิ้น | AQ22: 1113093 | AR22: (BC) ขนมปังสังขยา 4 ชิ้น | AW22: 0 | AX22: 0 | AY22: 0 | AZ22: 0 | BA22: 0 | BE22: 0 | BF22: 0 | BG22: 0 | BH22: 0 | BI22: 0 | BJ22: 0 | BK22: 0 | BO22: 0 | BP22: 0 | BQ22: 0 | BR22: 0 | BS22: 0 | BT22: 0 | BU22: 0
A23: 1113088 | B23: (BC) ครีมฮอร์นวนิลา 3 ชิ้น วิปครีม | H23: 1113088 | I23: (BC) ครีมฮอร์นวนิลา 3 ชิ้น วิปครีม | O23: 1113088 | P23: (BC) ครีมฮอร์นวนิลา 3 ชิ้น วิปครีม | V23: 1113088 | W23: (BC) ครีมฮอร์นวนิลา 3 ชิ้น วิปครีม | AC23: 1113088 | AD23: (BC) ครีมฮอร์นวนิลา 3 ชิ้น วิปครีม | AJ23: 1113088 | AK23: (BC) ครีมฮอร์นวนิลา 3 ชิ้น วิปครีม | AQ23: 1113088 | AR23: (BC) ครีมฮอร์นวนิลา 3 ชิ้น วิปครีม | AW23: 0 | AX23: 0 | AY23: 0 | AZ23: 0 | BA23: 0 | BE23: 0 | BF23: 0 | BG23: 0 | BH23: 0 | BI23: 0 | BJ23: 0 | BK23: 0 | BO23: 0 | BP23: 0 | BQ23: 0 | BR23: 0 | BS23: 0 | BT23: 0 | BU23: 0
A24: 1113091 | B24: (BC) ชิฟฟ่อนรวมรส 4 ชิ้น | H24: 1113091 | I24: (BC) ชิฟฟ่อนรวมรส 4 ชิ้น | O24: 1113091 | P24: (BC) ชิฟฟ่อนรวมรส 4 ชิ้น | V24: 1113091 | W24: (BC) ชิฟฟ่อนรวมรส 4 ชิ้น | AC24: 1113091 | AD24: (BC) ชิฟฟ่อนรวมรส 4 ชิ้น | AJ24: 1113091 | AK24: (BC) ชิฟฟ่อนรวมรส 4 ชิ้น | AQ24: 1113091 | AR24: (BC) ชิฟฟ่อนรวมรส 4 ชิ้น | AW24: 0 | AX24: 0 | AY24: 0 | AZ24: 0 | BA24: 0 | BE24: 0 | BF24: 0 | BG24: 0 | BH24: 0 | BI24: 0 | BJ24: 0 | BK24: 0 | BO24: 0 | BP24: 0 | BQ24: 0 | BR24: 0 | BS24: 0 | BT24: 0 | BU24: 0
A25: 1113081 | B25: (BC) ชิฟฟ่อนสอดไส้แยม 3 รสชาติ วนิลลา, เมล่อน, .ใบเตย | H25: 1113081 | I25: (BC) ชิฟฟ่อนสอดไส้แยม 3 รสชาติ วนิลลา, เมล่อน, .ใบเตย | O25: 1113081 | P25: (BC) ชิฟฟ่อนสอดไส้แยม 3 รสชาติ วนิลลา, เมล่อน, .ใบเตย | V25: 1113081 | W25: (BC) ชิฟฟ่อนสอดไส้แยม 3 รสชาติ วนิลลา, เมล่อน, .ใบเตย | AC25: 1113081 | AD25: (BC) ชิฟฟ่อนสอดไส้แยม 3 รสชาติ วนิลลา, เมล่อน, .ใบเตย | AJ25: 1113081 | AK25: (BC) ชิฟฟ่อนสอดไส้แยม 3 รสชาติ วนิลลา, เมล่อน, .ใบเตย | AQ25: 1113081 | AR25: (BC) ชิฟฟ่อนสอดไส้แยม 3 รสชาติ วนิลลา, เมล่อน, .ใบเตย | AW25: 0 | AX25: 0 | AY25: 0 | AZ25: 0 | BA25: 0 | BE25: 0 | BF25: 0 | BG25: 0 | BH25: 0 | BI25: 0 | BJ25: 0 | BK25: 0 | BO25: 0 | BP25: 0 | BQ25: 0 | BR25: 0 | BS25: 0 | BT25: 0 | BU25: 0
A26: 1113085 | B26: (BC) ชิฟฟ่อนหม้อแกง | H26: 1113085 | I26: (BC) ชิฟฟ่อนหม้อแกง | O26: 1113085 | P26: (BC) ชิฟฟ่อนหม้อแกง | V26: 1113085 | W26: (BC) ชิฟฟ่อนหม้อแกง | AC26: 1113085 | AD26: (BC) ชิฟฟ่อนหม้อแกง | AJ26: 1113085 | AK26: (BC) ชิฟฟ่อนหม้อแกง | AQ26: 1113085 | AR26: (BC) ชิฟฟ่อนหม้อแกง | AW26: 0 | AX26: 0 | AY26: 0 | AZ26: 0 | BA26: 0 | BE26: 0 | BF26: 0 | BG26: 0 | BH26: 0 | BI26: 0 | BJ26: 0 | BK26: 0 | BO26: 0 | BP26: 0 | BQ26: 0 | BR26: 0 | BS26: 0 | BT26: 0 | BU26: 0
A27: 1113157 | B27: (BC) เค้กลอดช่อง 85g | H27: 1113157 | I27: (BC) เค้กลอดช่อง 85g | O27: 1113157 | P27: (BC) เค้กลอดช่อง 85g | V27: 1113157 | W27: (BC) เค้กลอดช่อง 85g | AC27: 1113157 | AD27: (BC) เค้กลอดช่อง 85g | AJ27: 1113157 | AK27: (BC) เค้กลอดช่อง 85g | AQ27: 1113157 | AR27: (BC) เค้กลอดช่อง 85g | AW27: 0 | AX27: 0 | AY27: 0 | AZ27: 0 | BA27: 0 | BE27: 0 | BF27: 0 | BG27: 0 | BH27: 0 | BI27: 0 | BJ27: 0 | BK27: 0 | BO27: 0 | BP27: 0 | BQ27: 0 | BR27: 0 | BS27: 0 | BT27: 0 | BU27: 0
A28: 1113092 | B28: (BC) เค้กโบราณ 4 ชิ้น | H28: 1113092 | I28: (BC) เค้กโบราณ 4 ชิ้น | O28: 1113092 | P28: (BC) เค้กโบราณ 4 ชิ้น | V28: 1113092 | W28: (BC) เค้กโบราณ 4 ชิ้น | AC28: 1113092 | AD28: (BC) เค้กโบราณ 4 ชิ้น | AJ28: 1113092 | AK28: (BC) เค้กโบราณ 4 ชิ้น | AQ28: 1113092 | AR28: (BC) เค้กโบราณ 4 ชิ้น | AW28: 0 | AX28: 0 | AY28: 0 | AZ28: 0 | BA28: 0 | BE28: 0 | BF28: 0 | BG28: 0 | BH28: 0 | BI28: 0 | BJ28: 0 | BK28: 0 | BO28: 0 | BP28: 0 | BQ28: 0 | BR28: 0 | BS28: 0 | BT28: 0 | BU28: 0
A29: 1113090 | B29: (BC) เครปโรลใบเตย ท๊อปซีน | H29: 1113090 | I29: (BC) เครปโรลใบเตย ท๊อปซีน | O29: 1113090 | P29: (BC) เครปโรลใบเตย ท๊อปซีน | V29: 1113090 | W29: (BC) เครปโรลใบเตย ท๊อปซีน | AC29: 1113090 | AD29: (BC) เครปโรลใบเตย ท๊อปซีน | AJ29: 1113090 | AK29: (BC) เครปโรลใบเตย ท๊อปซีน | AQ29: 1113090 | AR29: (BC) เครปโรลใบเตย ท๊อปซีน | AW29: 0 | AX29: 0 | AY29: 0 | AZ29: 0 | BA29: 0 | BE29: 0 | BF29: 0 | BG29: 0 | BH29: 0 | BI29: 0 | BJ29: 0 | BK29: 0 | BO29: 0 | BP29: 0 | BQ29: 0 | BR29: 0 | BS29: 0 | BT29: 0 | BU29: 0
... A31: 1113086 | B31: (BC) ขนมปังเนยนิ่ม 3 ชิ้น | H31: 1113086 | I31: (BC) ขนมปังเนยนิ่ม 3 ชิ้น | O31: 1113086 | P31: (BC) ขนมปังเนยนิ่ม 3 ชิ้น | V31: 1113086 | W31: (BC) ขนมปังเนยนิ่ม 3 ชิ้น | AC31: 1113086 | AD31: (BC) ขนมปังเนยนิ่ม 3 ชิ้น | AJ31: 1113086 | AK31: (BC) ขนมปังเนยนิ่ม 3 ชิ้น | AQ31: 1113086 | AR31: (BC) ขนมปังเนยนิ่ม 3 ชิ้น | AW31: 0 | AX31: 0 | AY31: 0 | AZ31: 0 | BA31: 0 | BE31: 0 | BF31: 0 | BG31: 0 | BH31: 0 | BI31: 0 | BJ31: 0 | BK31: 0 | BO31: 0 | BP31: 0 | BQ31: 0 | BR31: 0 | BS31: 0 | BT31: 0 | BU31: 0
A32: 1113084 | B32: (BC) ปังเนยนิ่ม 90 g 2 ชิ้น | H32: 1113084 | I32: (BC) ปังเนยนิ่ม 90 g 2 ชิ้น | O32: 1113084 | P32: (BC) ปังเนยนิ่ม 90 g 2 ชิ้น | V32: 1113084 | W32: (BC) ปังเนยนิ่ม 90 g 2 ชิ้น | AC32: 1113084 | AD32: (BC) ปังเนยนิ่ม 90 g 2 ชิ้น | AJ32: 1113084 | AK32: (BC) ปังเนยนิ่ม 90 g 2 ชิ้น | AQ32: 1113084 | AR32: (BC) ปังเนยนิ่ม 90 g 2 ชิ้น | AW32: 0 | AX32: 0 | AY32: 0 | AZ32: 0 | BA32: 0 | BC32: 20 | BE32: 20 | BF32: 0 | BG32: 0 | BH32: 0 | BI32: 0 | BJ32: 20 | BK32: 0 | BO32: 0 | BP32: 0 | BQ32: 0 | BR32: 0 | BS32: 0 | BT32: 0 | BU32: 0 | BZ32: 10 | CL32: 10
A33: 20040386 | B33: Wanwanach_ชิฟฟ่อนเค้กสอดไส้มะพร้านมสด 105 g | H33: 20040386 | I33: Wanwanach_ชิฟฟ่อนเค้กสอดไส้มะพร้านมสด 105 g | O33: 20040386 | P33: Wanwanach_ชิฟฟ่อนเค้กสอดไส้มะพร้านมสด 105 g | V33: 20000000 | W33: Wanwanach_ชิฟฟ่อนเค้กสอดไส้มะพร้านมสด 105 g | AC33: 20000000 | AD33: Wanwanach_ชิฟฟ่อนเค้กสอดไส้มะพร้านมสด 105 g | AJ33: 20000000 | AK33: Wanwanach_ชิฟฟ่อนเค้กสอดไส้มะพร้านมสด 105 g | AQ33: 20000000 | AR33: Wanwanach_ชิฟฟ่อนเค้กสอดไส้มะพร้านมสด 105 g | AW33: 0 | AX33: 0 | AY33: 0 | AZ33: 0 | BA33: 0 | BE33: 0 | BF33: 0 | BG33: 0 | BH33: 0 | BI33: 0 | BJ33: 0 | BK33: 0 | BO33: 0 | BP33: 0 | BQ33: 0 | BR33: 0 | BS33: 0 | BT33: 0 | BU33: 0
A34: 20052085 | B34: วรรณวนัชเค้กเบาหวิวมะพร้าว 80g | H34: 20052085 | I34: วรรณวนัชเค้กเบาหวิวมะพร้าว 80g | O34: 20052085 | P34: วรรณวนัชเค้กเบาหวิวมะพร้าว 80g | V34: 20000000 | W34: วรรณวนัชเค้กเบาหวิวมะพร้าว 80g | AC34: 20000000 | AD34: วรรณวนัชเค้กเบาหวิวมะพร้าว 80g | AJ34: 20000000 | AK34: วรรณวนัชเค้กเบาหวิวมะพร้าว 80g | AQ34: 20000000 | AR34: วรรณวนัชเค้กเบาหวิวมะพร้าว 80g | AW34: 0 | AX34: 0 | AY34: 0 | AZ34: 0 | BA34: 0 | BE34: 0 | BF34: 0 | BG34: 0 | BH34: 0 | BI34: 0 | BJ34: 0 | BK34: 0 | BO34: 0 | BP34: 0 | BQ34: 0 | BR34: 0 | BS34: 0 | BT34: 0 | BU34: 0
A35: 20053053 | B35: วรรณนัชเค้กลอดช่อง 85 g | H35: 20053053 | I35: วรรณนัชเค้กลอดช่อง 85 g | O35: 20053053 | P35: วรรณนัชเค้กลอดช่อง 85 g | V35: 20000000 | W35: วรรณนัชเค้กลอดช่อง 85 g | AC35: 20000000 | AD35: วรรณนัชเค้กลอดช่อง 85 g | AJ35: 20000000 | AK35: วรรณนัชเค้กลอดช่อง 85 g | AQ35: 20000000 | AR35: วรรณนัชเค้กลอดช่อง 85 g | AW35: 0 | AX35: 0 | AY35: 0 | AZ35: 0 | BA35: 0 | BE35: 0 | BF35: 0 | BG35: 0 | BH35: 0 | BI35: 0 | BJ35: 0 | BK35: 0 | BO35: 0 | BP35: 0 | BQ35: 0 | BR35: 0 | BS35: 0 | BT35: 0 | BU35: 0
A36: 20052724 | B36: วรรณวนัชเค้กฝอยทองหน้านิ่ม 90g | H36: 20052724 | I36: วรรณวนัชเค้กฝอยทองหน้านิ่ม 90g | O36: 20052724 | P36: วรรณวนัชเค้กฝอยทองหน้านิ่ม 90g | V36: 20000000 | W36: วรรณวนัชเค้กฝอยทองหน้านิ่ม 90g | AC36: 20000000 | AD36: วรรณวนัชเค้กฝอยทองหน้านิ่ม 90g | AJ36: 20000000 | AK36: วรรณวนัชเค้กฝอยทองหน้านิ่ม 90g | AQ36: 20000000 | AR36: วรรณวนัชเค้กฝอยทองหน้านิ่ม 90g | AW36: 0 | AX36: 0 | AY36: 0 | AZ36: 0 | BA36: 0 | BE36: 0 | BF36: 0 | BG36: 0 | BH36: 0 | BI36: 0 | BJ36: 0 | BK36: 0 | BO36: 0 | BP36: 0 | BQ36: 0 | BR36: 0 | BS36: 0 | BT36: 0 | BU36: 0
A37: 20036350 | B37: Wanwanach_เค้กโบราณ 200 g | H37: 20036350 | I37: Wanwanach_เค้กโบราณ 200 g | O37: 20036350 | P37: Wanwanach_เค้กโบราณ 200 g | V37: 20000000 | W37: Wanwanach_เค้กโบราณ 200 g | AC37: 20000000 | AD37: Wanwanach_เค้กโบราณ 200 g | AJ37: 20000000 | AK37: Wanwanach_เค้กโบราณ 200 g | AQ37: 20000000 | AR37: Wanwanach_เค้กโบราณ 200 g | AW37: 0 | AX37: 0 | AY37: 0 | AZ37: 0 | BA37: 0 | BE37: 0 | BF37: 0 | BG37: 0 | BH37: 0 | BI37: 0 | BJ37: 0 | BK37: 0 | BO37: 0 | BP37: 0 | BQ37: 0 | BR37: 0 | BS37: 0 | BT37: 0 | BU37: 0
A38: 20047267 | B38: Bao_WanWN_เค้กมะพร้าว 65g | H38: 20047267 | I38: Bao_WanWN_เค้กมะพร้าว 65g | O38: 20047267 | P38: Bao_WanWN_เค้กมะพร้าว 65g | V38: 20000000 | W38: Bao_WanWN_เค้กมะพร้าว 65g | AC38: 20000000 | AD38: Bao_WanWN_เค้กมะพร้าว 65g | AJ38: 20000000 | AK38: Bao_WanWN_เค้กมะพร้าว 65g | AQ38: 20000000 | AR38: Bao_WanWN_เค้กมะพร้าว 65g | AW38: 0 | AX38: 0 | AY38: 0 | AZ38: 0 | BA38: 0 | BE38: 0 | BF38: 0 | BG38: 0 | BH38: 0 | BI38: 0 | BJ38: 0 | BK38: 0 | BO38: 0 | BP38: 0 | BQ38: 0 | BR38: 0 | BS38: 0 | BT38: 0 | BU38: 0
A39: 20039044 | B39: Wanwanach_เอแคลร์นมสด 125 g | H39: 20039044 | I39: Wanwanach_เอแคลร์นมสด 125 g | O39: 20039044 | P39: Wanwanach_เอแคลร์นมสด 125 g | V39: 20000000 | W39: Wanwanach_เอแคลร์นมสด 125 g | AC39: 20000000 | AD39: Wanwanach_เอแคลร์นมสด 125 g | AJ39: 20000000 | AK39: Wanwanach_เอแคลร์นมสด 125 g | AQ39: 20000000 | AR39: Wanwanach_เอแคลร์นมสด 125 g | AW39: 0 | AX39: 0 | AY39: 0 | AZ39: 0 | BA39: 0 | BE39: 0 | BF39: 0 | BG39: 0 | BH39: 0 | BI39: 0 | BJ39: 0 | BK39: 0 | BO39: 0 | BP39: 0 | BQ39: 0 | BR39: 0 | BS39: 0 | BT39: 0 | BU39: 0
A40: 20053054 | B40: วรรณนัชโดนัทไส้แยมสตอเบอรี่ 110 g | H40: 20053054 | I40: วรรณนัชโดนัทไส้แยมสตอเบอรี่ 110 g | O40: 20053054 | P40: วรรณนัชโดนัทไส้แยมสตอเบอรี่ 110 g | V40: 20000000 | W40: วรรณนัชโดนัทไส้แยมสตอเบอรี่ 110 g | AC40: 20000000 | AD40: วรรณนัชโดนัทไส้แยมสตอเบอรี่ 110 g | AJ40: 20000000 | AK40: วรรณนัชโดนัทไส้แยมสตอเบอรี่ 110 g | AQ40: 20000000 | AR40: วรรณนัชโดนัทไส้แยมสตอเบอรี่ 110 g | AW40: 0 | AX40: 0 | AY40: 0 | AZ40: 0 | BA40: 0 | BE40: 0 | BF40: 0 | BG40: 0 | BH40: 0 | BI40: 0 | BJ40: 0 | BK40: 0 | BO40: 0 | BP40: 0 | BQ40: 0 | BR40: 0 | BS40: 0 | BT40: 0 | BU40: 0
A41: 20039963 | B41: Wanwanach_ปังสังขยาใบเตยนมสด 190 g | H41: 20039963 | I41: Wanwanach_ปังสังขยาใบเตยนมสด 190 g | O41: 20039963 | P41: Wanwanach_ปังสังขยาใบเตยนมสด 190 g | V41: 20000000 | W41: Wanwanach_ปังสังขยาใบเตยนมสด 190 g | AC41: 20000000 | AD41: Wanwanach_ปังสังขยาใบเตยนมสด 190 g | AJ41: 20000000 | AK41: Wanwanach_ปังสังขยาใบเตยนมสด 190 g | AQ41: 20000000 | AR41: Wanwanach_ปังสังขยาใบเตยนมสด 190 g | AW41: 0 | AX41: 0 | AY41: 0 | AZ41: 0 | BA41: 0 | BE41: 0 | BF41: 0 | BG41: 0 | BH41: 0 | BI41: 0 | BJ41: 0 | BK41: 0 | BO41: 0 | BP41: 0 | BQ41: 0 | BR41: 0 | BS41: 0 | BT41: 0 | BU41: 0
A42: 20045524 | B42: Bao_WanWN_ขนมปังเนยนิ่ม_55g | H42: 20045524 | I42: Bao_WanWN_ขนมปังเนยนิ่ม_55g | O42: 20045524 | P42: Bao_WanWN_ขนมปังเนยนิ่ม_55g | V42: 20000000 | W42: Bao_WanWN_ขนมปังเนยนิ่ม_55g | AC42: 20000000 | AD42: Bao_WanWN_ขนมปังเนยนิ่ม_55g | AJ42: 20000000 | AK42: Bao_WanWN_ขนมปังเนยนิ่ม_55g | AQ42: 20000000 | AR42: Bao_WanWN_ขนมปังเนยนิ่ม_55g | AW42: 0 | AX42: 0 | AY42: 0 | AZ42: 0 | BA42: 0 | BE42: 0 | BF42: 0 | BG42: 0 | BH42: 0 | BI42: 0 | BJ42: 0 | BK42: 0 | BO42: 0 | BP42: 0 | BQ42: 0 | BR42: 0 | BS42: 0 | BT42: 0 | BU42: 0
A43: 20036355 | B43: Wanwanach_ครีมฮอร์นวนิลา 65 g | H43: 20036355 | I43: Wanwanach_ครีมฮอร์นวนิลา 65 g | O43: 20036355 | P43: Wanwanach_ครีมฮอร์นวนิลา 65 g | V43: 20000000 | W43: Wanwanach_ครีมฮอร์นวนิลา 65 g | AC43: 20000000 | AD43: Wanwanach_ครีมฮอร์นวนิลา 65 g | AJ43: 20000000 | AK43: Wanwanach_ครีมฮอร์นวนิลา 65 g | AQ43: 20000000 | AR43: Wanwanach_ครีมฮอร์นวนิลา 65 g | AW43: 0 | AX43: 0 | AY43: 0 | AZ43: 0 | BA43: 0 | BE43: 0 | BF43: 0 | BG43: 0 | BH43: 0 | BI43: 0 | BJ43: 0 | BK43: 0 | BO43: 0 | BP43: 0 | BQ43: 0 | BR43: 0 | BS43: 0 | BT43: 0 | BU43: 0
A44: 20053055 | B44: วรรณวนัชครีมฮอร์นใบเตย 60g | H44: 20053055 | I44: วรรณวนัชครีมฮอร์นใบเตย 60g | O44: 20053055 | P44: วรรณวนัชครีมฮอร์นใบเตย 60g | V44: 20000000 | W44: วรรณวนัชครีมฮอร์นใบเตย 60g | AC44: 20000000 | AD44: วรรณวนัชครีมฮอร์นใบเตย 60g | AJ44: 20000000 | AK44: วรรณวนัชครีมฮอร์นใบเตย 60g | AQ44: 20000000 | AR44: วรรณวนัชครีมฮอร์นใบเตย 60g | AW44: 0 | AX44: 0 | AY44: 0 | AZ44: 0 | BA44: 0 | BE44: 0 | BF44: 0 | BG44: 0 | BH44: 0 | BI44: 0 | BJ44: 0 | BK44: 0 | BO44: 0 | BP44: 0 | BQ44: 0 | BR44: 0 | BS44: 0 | BT44: 0 | BU44: 0
... A61: 20054637 | B61: เอแคลร์ผสมคิทแคท | H61: 20054637 | I61: เอแคลร์ผสมคิทแคท | O61: 20054637 | P61: เอแคลร์ผสมคิทแคท | V61: 20000000 | W61: เอแคลร์ผสมคิทแคท | AC61: 20000000 | AD61: เอแคลร์ผสมคิทแคท | AJ61: 20000000 | AK61: เอแคลร์ผสมคิทแคท | AQ61: 20000000 | AR61: เอแคลร์ผสมคิทแคท | AW61: 0 | AX61: 0 | AY61: 0 | AZ61: 0 | BA61: 0 | BE61: 0 | BF61: 0 | BG61: 0 | BH61: 0 | BI61: 0 | BJ61: 0 | BK61: 0 | BO61: 0 | BP61: 0 | BQ61: 0 | BR61: 0 | BS61: 0 | BT61: 0 | BU61: 0
A62: 20054636 | B62: เค้กทุเรียน | H62: 20054636 | I62: เค้กทุเรียน | O62: 20054636 | P62: เค้กทุเรียน | V62: 20000000 | W62: เค้กทุเรียน | AC62: 20000000 | AD62: เค้กทุเรียน | AJ62: 20000000 | AK62: เค้กทุเรียน | AQ62: 20000000 | AR62: เค้กทุเรียน | AW62: 0 | AX62: 0 | AY62: 0 | AZ62: 0 | BA62: 0 | BC62: 120 | BE62: 120 | BF62: 0 | BG62: 0 | BH62: 0 | BI62: 0 | BJ62: 120 | BK62: 0 | BO62: 0 | BP62: 0 | BQ62: 0 | BR62: 0 | BS62: 0 | BT62: 0 | BU62: 0 | BZ62: 200 | CF62: 150 | CL62: 100
A63: 20054646 | B63: ขนมปังพิซซ่าโบโลน่า | H63: 20054646 | I63: ขนมปังพิซซ่าโบโลน่า | O63: 20054646 | P63: ขนมปังพิซซ่าโบโลน่า | V63: 20000000 | W63: ขนมปังพิซซ่าโบโลน่า | AC63: 20000000 | AD63: ขนมปังพิซซ่าโบโลน่า | AJ63: 20000000 | AK63: ขนมปังพิซซ่าโบโลน่า | AQ63: 20000000 | AR63: ขนมปังพิซซ่าโบโลน่า | AW63: 0 | AX63: 0 | AY63: 0 | AZ63: 0 | BA63: 0 | BE63: 0 | BF63: 0 | BG63: 0 | BH63: 0 | BI63: 0 | BJ63: 0 | BK63: 0 | BO63: 0 | BP63: 0 | BQ63: 0 | BR63: 0 | BS63: 0 | BT63: 0 | BU63: 0
A64: 20054647 | B64: ขนมปังข้าวโพดแฮม | H64: 20054647 | I64: ขนมปังข้าวโพดแฮม | O64: 20054647 | P64: ขนมปังข้าวโพดแฮม | V64: 20000000 | W64: ขนมปังข้าวโพดแฮม | AC64: 20000000 | AD64: ขนมปังข้าวโพดแฮม | AJ64: 20000000 | AK64: ขนมปังข้าวโพดแฮม | AQ64: 20000000 | AR64: ขนมปังข้าวโพดแฮม | AW64: 0 | AX64: 0 | AY64: 0 | AZ64: 0 | BA64: 0 | BE64: 0 | BF64: 0 | BG64: 0 | BH64: 0 | BI64: 0 | BJ64: 0 | BK64: 0 | BO64: 0 | BP64: 0 | BQ64: 0 | BR64: 0 | BS64: 0 | BT64: 0 | BU64: 0
A65: 20054645 | B65: ครีมฮอร์นชาไทย | H65: 20054645 | I65: ครีมฮอร์นชาไทย | O65: 20054645 | P65: ครีมฮอร์นชาไทย | V65: 20000000 | W65: ครีมฮอร์นชาไทย | AC65: 20000000 | AD65: ครีมฮอร์นชาไทย | AJ65: 20000000 | AK65: ครีมฮอร์นชาไทย | AQ65: 20000000 | AR65: ครีมฮอร์นชาไทย | AW65: 0 | AX65: 0 | AY65: 0 | AZ65: 0 | BA65: 0 | BE65: 0 | BF65: 0 | BG65: 0 | BH65: 0 | BI65: 0 | BJ65: 0 | BK65: 0 | BO65: 0 | BP65: 0 | BQ65: 0 | BR65: 0 | BS65: 0 | BT65: 0 | BU65: 0
AW66: 0 | AX66: 0 | AY66: 0 | AZ66: 0 | BA66: 0 | BE66: 0 | BF66: 0 | BG66: 0 | BH66: 0 | BI66: 0 | BJ66: 0 | BK66: 0 | BO66: 0 | BP66: 0 | BQ66: 0 | BR66: 0 | BS66: 0 | BT66: 0 | BU66: 0
A67: 63 | F67: 1111075 | G67: ชิฟฟอนไส้แยมแยกชิ้น สตอเบอรี่ | K67: 0 | L67: 0 | M67: 0 | Q67: 0 | R67: 0 | S67: 0 | T67: 0 | U67: 0 | V67: 0 | W67: 0 | AA67: 0 | AB67: 0 | AC67: 0 | AD67: 0 | AE67: 0 | AF67: 0 | AG67: 0 | AK67: 0 | AL67: 0 | AM67: 0 | AN67: 0 | AO67: 0 | AP67: 0 | AQ67: 0 | AU67: 0 | AV67: 0 | AW67: 0 | AX67: 0 | AY67: 0 | AZ67: 0 | BA67: 0 | BE67: 0 | BF67: 0 | BG67: 0 | BH67: 0 | BI67: 0 | BJ67: 0 | BK67: 0 | BO67: 0 | BP67: 0 | BQ67: 0 | BR67: 0 | BS67: 0 | BT67: 0 | BU67: 0
A68: 64 | F68: 1111076 | G68: ชิฟฟอนไส้แยมแยกชิ้น ส้ม | K68: 0 | L68: 0 | M68: 0 | Q68: 0 | R68: 0 | S68: 0 | T68: 0 | U68: 0 | V68: 0 | W68: 0 | AA68: 0 | AB68: 0 | AC68: 0 | AD68: 0 | AE68: 0 | AF68: 0 | AG68: 0 | AK68: 0 | AL68: 0 | AM68: 0 | AN68: 0 | AO68: 0 | AP68: 0 | AQ68: 0 | AU68: 0 | AV68: 0 | AW68: 0 | AX68: 0 | AY68: 0 | AZ68: 0 | BA68: 0 | BE68: 0 | BF68: 0 | BG68: 0 | BH68: 0 | BI68: 0 | BJ68: 0 | BK68: 0 | BO68: 0 | BP68: 0 | BQ68: 0 | BR68: 0 | BS68: 0 | BT68: 0 | BU68: 0
A69: 65 | F69: 1111077 | G69: ชิฟฟอนไส้แยมแยกชิ้น บลูเบอรี่ | K69: 0 | L69: 0 | M69: 0 | Q69: 0 | R69: 0 | S69: 0 | T69: 0 | U69: 0 | V69: 0 | W69: 0 | AA69: 0 | AB69: 0 | AC69: 0 | AD69: 0 | AE69: 0 | AF69: 0 | AG69: 0 | AK69: 0 | AL69: 0 | AM69: 0 | AN69: 0 | AO69: 0 | AP69: 0 | AQ69: 0 | AU69: 0 | AV69: 0 | AW69: 0 | AX69: 0 | AY69: 0 | AZ69: 0 | BA69: 0 | BE69: 0 | BF69: 0 | BG69: 0 | BH69: 0 | BI69: 0 | BJ69: 0 | BK69: 0 | BO69: 0 | BP69: 0 | BQ69: 0 | BR69: 0 | BS69: 0 | BT69: 0 | BU69: 0
A70: 66 | F70: 1111078 | G70: ชิฟฟอนไส้แยมแยกชิ้น นมชมพู | K70: 0 | L70: 0 | M70: 0 | Q70: 0 | R70: 0 | S70: 0 | T70: 0 | U70: 0 | V70: 0 | W70: 0 | AA70: 0 | AB70: 0 | AC70: 0 | AD70: 0 | AE70: 0 | AF70: 0 | AG70: 0 | AK70: 0 | AL70: 0 | AM70: 0 | AN70: 0 | AO70: 0 | AP70: 0 | AQ70: 0 | AU70: 0 | AV70: 0 | AW70: 0 | AX70: 0 | AY70: 0 | AZ70: 0 | BA70: 0 | BE70: 0 | BF70: 0 | BG70: 0 | BH70: 0 | BI70: 0 | BJ70: 0 | BK70: 0 | BO70: 0 | BP70: 0 | BQ70: 0 | BR70: 0 | BS70: 0 | BT70: 0 | BU70: 0
A71: 67 | F71: 1111079 | G71: ชิฟฟอนไส้แยมแยกชิ้น ชอคโกแลต | K71: 0 | L71: 0 | M71: 0 | Q71: 0 | R71: 0 | S71: 0 | T71: 0 | U71: 0 | V71: 0 | W71: 0 | AA71: 0 | AB71: 0 | AC71: 0 | AD71: 0 | AE71: 0 | AF71: 0 | AG71: 0 | AK71: 0 | AL71: 0 | AM71: 0 | AN71: 0 | AO71: 0 | AP71: 0 | AQ71: 0 | AU71: 0 | AV71: 0 | AW71: 0 | AX71: 0 | AY71: 0 | AZ71: 0 | BA71: 0 | BE71: 0 | BF71: 0 | BG71: 0 | BH71: 0 | BI71: 0 | BJ71: 0 | BK71: 0 | BO71: 0 | BP71: 0 | BQ71: 0 | BR71: 0 | BS71: 0 | BT71: 0 | BU71: 0
A72: 68 | F72: 1111080 | G72: ชิฟฟอนไส้แยมแยกชิ้น ฝอยทอง | K72: 0 | L72: 0 | M72: 0 | Q72: 0 | R72: 0 | S72: 0 | T72: 0 | U72: 0 | V72: 0 | W72: 0 | AA72: 0 | AB72: 0 | AC72: 0 | AD72: 0 | AE72: 0 | AF72: 0 | AG72: 0 | AK72: 0 | AL72: 0 | AM72: 0 | AN72: 0 | AO72: 0 | AP72: 0 | AQ72: 0 | AU72: 0 | AV72: 0 | AW72: 0 | AX72: 0 | AY72: 0 | AZ72: 0 | BA72: 0 | BE72: 0 | BF72: 0 | BG72: 0 | BH72: 0 | BI72: 0 | BJ72: 0 | BK72: 0 | BO72: 0 | BP72: 0 | BQ72: 0 | BR72: 0 | BS72: 0 | BT72: 0 | BU72: 0
A73: 69 | F73: 1111081 | G73: ชิฟฟอนไส้แยมแยกชิ้น วนิลา | K73: 0 | L73: 0 | M73: 0 | Q73: 0 | R73: 0 | S73: 0 | T73: 0 | U73: 0 | V73: 0 | W73: 0 | AA73: 0 | AB73: 0 | AC73: 0 | AD73: 0 | AE73: 0 | AF73: 0 | AG73: 0 | AK73: 0 | AL73: 0 | AM73: 0 | AN73: 0 | AO73: 0 | AP73: 0 | AQ73: 0 | AU73: 0 | AV73: 0 | AW73: 0 | AX73: 0 | AY73: 0 | AZ73: 0 | BA73: 0 | BE73: 0 | BF73: 0 | BG73: 0 | BH73: 0 | BI73: 0 | BJ73: 0 | BK73: 0 | BO73: 0 | BP73: 0 | BQ73: 0 | BR73: 0 | BS73: 0 | BT73: 0 | BU73: 0
A74: 70 | F74: 1111082 | G74: ชิฟฟอนไส้แยมแยกชิ้น ใบเตย | K74: 0 | L74: 0 | M74: 0 | Q74: 0 | R74: 0 | S74: 0 | T74: 0 | U74: 0 | V74: 0 | W74: 0 | AA74: 0 | AB74: 0 | AC74: 0 | AD74: 0 | AE74: 0 | AF74: 0 | AG74: 0 | AK74: 0 | AL74: 0 | AM74: 0 | AN74: 0 | AO74: 0 | AP74: 0 | AQ74: 0 | AU74: 0 | AV74: 0 | AW74: 0 | AX74: 0 | AY74: 0 | AZ74: 0 | BA74: 0 | BE74: 0 | BF74: 0 | BG74: 0 | BH74: 0 | BI74: 0 | BJ74: 0 | BK74: 0 | BO74: 0 | BP74: 0 | BQ74: 0 | BR74: 0 | BS74: 0 | BT74: 0 | BU74: 0
A75: 71 | F75: 1111083 | G75: ชิฟฟอนไส้แยมแยกชิ้น เมล่อน | K75: 0 | L75: 0 | M75: 0 | Q75: 0 | R75: 0 | S75: 0 | T75: 0 | U75: 0 | V75: 0 | W75: 0 | AA75: 0 | AB75: 0 | AC75: 0 | AD75: 0 | AE75: 0 | AF75: 0 | AG75: 0 | AK75: 0 | AL75: 0 | AM75: 0 | AN75: 0 | AO75: 0 | AP75: 0 | AQ75: 0 | AU75: 0 | AV75: 0 | AW75: 0 | AX75: 0 | AY75: 0 | AZ75: 0 | BA75: 0 | BE75: 0 | BF75: 0 | BG75: 0 | BH75: 0 | BI75: 0 | BJ75: 0 | BK75: 0 | BO75: 0 | BP75: 0 | BQ75: 0 | BR75: 0 | BS75: 0 | BT75: 0 | BU75: 0
A76: 72 | F76: 1004057 | G76: เค้กเบาหวิว รสเตยหอม (แพ็ค 100 กรัม) | K76: 0 | L76: 0 | M76: 0 | Q76: 0 | R76: 0 | S76: 0 | T76: 0 | U76: 0 | V76: 0 | W76: 0 | AA76: 0 | AB76: 0 | AC76: 0 | AD76: 0 | AE76: 0 | AF76: 0 | AG76: 0 | AK76: 0 | AL76: 0 | AM76: 0 | AN76: 0 | AO76: 0 | AP76: 0 | AQ76: 0 | AU76: 0 | AV76: 0 | AW76: 0 | AX76: 0 | AY76: 0 | AZ76: 0 | BA76: 0 | BE76: 0 | BF76: 0 | BG76: 0 | BH76: 0 | BI76: 0 | BJ76: 0 | BK76: 0 | BO76: 0 | BP76: 0 | BQ76: 0 | BR76: 0 | BS76: 0 | BT76: 0 | BU76: 0
A77: 73 | F77: 1004058 | G77: เค้กเบาหวิว รสมะพร้าว (แพ็ค 100 กรัม) | K77: 0 | L77: 0 | M77: 0 | Q77: 0 | R77: 0 | S77: 0 | T77: 0 | U77: 0 | V77: 0 | W77: 0 | AA77: 0 | AB77: 0 | AC77: 0 | AD77: 0 | AE77: 0 | AF77: 0 | AG77: 0 | AK77: 0 | AL77: 0 | AM77: 0 | AN77: 0 | AO77: 0 | AP77: 0 | AQ77: 0 | AU77: 0 | AV77: 0 | AW77: 0 | AX77: 0 | AY77: 0 | AZ77: 0 | BA77: 0 | BE77: 0 | BF77: 0 | BG77: 0 | BH77: 0 | BI77: 0 | BJ77: 0 | BK77: 0 | BO77: 0 | BP77: 0 | BQ77: 0 | BR77: 0 | BS77: 0 | BT77: 0 | BU77: 0
A78: 74 | F78: 1112002 | G78: เค้กเบาหวิว รสกาแฟ (300 กรัม) | K78: 0 | L78: 0 | M78: 0 | Q78: 0 | R78: 0 | S78: 0 | T78: 0 | U78: 0 | V78: 0 | W78: 0 | AA78: 0 | AB78: 0 | AC78: 0 | AD78: 0 | AE78: 0 | AF78: 0 | AG78: 0 | AK78: 0 | AL78: 0 | AM78: 0 | AN78: 0 | AO78: 0 | AP78: 0 | AQ78: 0 | AU78: 0 | AV78: 0 | AW78: 0 | AX78: 0 | AY78: 0 | AZ78: 0 | BA78: 0 | BE78: 0 | BF78: 0 | BG78: 0 | BH78: 0 | BI78: 0 | BJ78: 0 | BK78: 0 | BO78: 0 | BP78: 0 | BQ78: 0 | BR78: 0 | BS78: 0 | BT78: 0 | BU78: 0
... A91: 87 | F91: 1112019 | G91: เค้กเบาหวิว รสทุเรียน (110 กรัม) | K91: 0 | L91: 0 | M91: 0 | Q91: 0 | R91: 0 | S91: 0 | T91: 0 | U91: 0 | V91: 0 | W91: 0 | AA91: 0 | AB91: 0 | AC91: 0 | AD91: 0 | AE91: 0 | AF91: 0 | AG91: 0 | AK91: 0 | AL91: 0 | AM91: 0 | AN91: 0 | AO91: 0 | AP91: 0 | AQ91: 0 | AU91: 0 | AV91: 0 | AW91: 0 | AX91: 0 | AY91: 0 | AZ91: 0 | BA91: 0 | BE91: 0 | BF91: 0 | BG91: 0 | BH91: 0 | BI91: 0 | BJ91: 0 | BK91: 0 | BO91: 0 | BP91: 0 | BQ91: 0 | BR91: 0 | BS91: 0 | BT91: 0 | BU91: 0
A92: 88 | F92: 1112036 | G92: วรรณวนัช เค้กเบาหวิว ฝอยทอง 100กรัม | H92: Makro | K92: 0 | L92: 836 | M92: 0 | O92: 551 | Q92: 551 | R92: 0 | S92: 0 | T92: 0 | U92: 0 | V92: 551 | W92: 0 | AA92: 0 | AB92: 0 | AC92: 0 | AD92: 0 | AE92: 0 | AF92: 0 | AG92: 0 | AI92: 285 | AK92: 285 | AL92: 0 | AM92: 0 | AN92: 0 | AO92: 0 | AP92: 285 | AQ92: 0 | AU92: 0 | AV92: 0 | AW92: 0 | AX92: 0 | AY92: 0 | AZ92: 0 | BA92: 0 | BE92: 0 | BF92: 0 | BG92: 0 | BH92: 0 | BI92: 0 | BJ92: 0 | BK92: 0 | BO92: 0 | BP92: 0 | BQ92: 0 | BR92: 0 | BS92: 0 | BT92: 0 | BU92: 0 | BZ92: 400 | CF92: 3000
A93: 89 | F93: 1112037 | G93: วรรณวนัช เค้กเบาหวิวเนยสด 110กรัม | H93: Makro | K93: 0 | L93: 684 | M93: 0 | O93: 532 | Q93: 532 | R93: 0 | S93: 0 | T93: 0 | U93: 0 | V93: 532 | W93: 0 | AA93: 0 | AB93: 0 | AC93: 0 | AD93: 0 | AE93: 0 | AF93: 0 | AG93: 0 | AI93: 152 | AK93: 152 | AL93: 0 | AM93: 0 | AN93: 0 | AO93: 0 | AP93: 152 | AQ93: 0 | AU93: 0 | AV93: 0 | AW93: 0 | AX93: 0 | AY93: 0 | AZ93: 0 | BA93: 0 | BE93: 0 | BF93: 0 | BG93: 0 | BH93: 0 | BI93: 0 | BJ93: 0 | BK93: 0 | BO93: 0 | BP93: 0 | BQ93: 0 | BR93: 0 | BS93: 0 | BT93: 0 | BU93: 0 | BZ93: 400 | CF93: 200
A94: 90 | F94: 1112038 | G94: วรรณวนัช เค้กเผือกมะพร้าว100กรัม | H94: Makro | K94: 0 | L94: 741 | M94: 0 | O94: 608 | Q94: 608 | R94: 0 | S94: 0 | T94: 0 | U94: 0 | V94: 608 | W94: 0 | AA94: 0 | AB94: 0 | AC94: 0 | AD94: 0 | AE94: 0 | AF94: 0 | AG94: 0 | AI94: 133 | AK94: 133 | AL94: 0 | AM94: 0 | AN94: 0 | AO94: 0 | AP94: 133 | AQ94: 0 | AU94: 0 | AV94: 0 | AW94: 0 | AX94: 0 | AY94: 0 | AZ94: 0 | BA94: 0 | BE94: 0 | BF94: 0 | BG94: 0 | BH94: 0 | BI94: 0 | BJ94: 0 | BK94: 0 | BO94: 0 | BP94: 0 | BQ94: 0 | BR94: 0 | BS94: 0 | BT94: 0 | BU94: 0 | BZ94: 400 | CF94: 300
A95: 91 | F95: 20052085 | G95: วรรณวนัชเค้กเบาหวิวมะพร้าว 80g | H95: CJ | K95: 0 | L95: 0 | M95: 0 | Q95: 0 | R95: 0 | S95: 0 | T95: 0 | U95: 0 | V95: 0 | W95: 0 | AA95: 0 | AB95: 0 | AC95: 0 | AD95: 0 | AE95: 0 | AF95: 0 | AG95: 0 | AK95: 0 | AL95: 0 | AM95: 0 | AN95: 0 | AO95: 0 | AP95: 0 | AQ95: 0 | AU95: 0 | AV95: 0 | AW95: 0 | AX95: 0 | AY95: 0 | AZ95: 0 | BA95: 0 | BE95: 0 | BF95: 0 | BG95: 0 | BH95: 0 | BI95: 0 | BJ95: 0 | BK95: 0 | BO95: 0 | BP95: 0 | BQ95: 0 | BR95: 0 | BS95: 0 | BT95: 0 | BU95: 0
A96: 92 | F96: 1004071 | G96: คัพเค้กกล้วยหอมไส้ครีมเนยสด (4 ชิ้น) | H96: Aeon | K96: 0 | L96: 20 | M96: 0 | O96: 10 | Q96: 10 | R96: 0 | S96: 0 | T96: 0 | U96: 0 | V96: 10 | W96: 0 | AA96: 0 | AB96: 0 | AC96: 0 | AD96: 0 | AE96: 0 | AF96: 0 | AG96: 0 | AK96: 0 | AL96: 0 | AM96: 0 | AN96: 0 | AO96: 0 | AP96: 0 | AQ96: 0 | AU96: 0 | AV96: 0 | AW96: 0 | AX96: 0 | AY96: 0 | AZ96: 0 | BA96: 0 | BC96: 10 | BE96: 10 | BF96: 0 | BG96: 0 | BH96: 0 | BI96: 0 | BJ96: 10 | BK96: 0 | BO96: 0 | BP96: 0 | BQ96: 0 | BR96: 0 | BS96: 0 | BT96: 0 | BU96: 0 | BZ96: 10 | CL96: 10
A97: 93 | F97: 1004070 | G97: คัพเค้กมะพร้าวไส้ครีมเนยสด (4 ชิ้น) | H97: Aeon | K97: 0 | L97: 25 | M97: 0 | O97: 10 | Q97: 10 | R97: 0 | S97: 0 | T97: 0 | U97: 0 | V97: 10 | W97: 0 | AA97: 0 | AB97: 0 | AC97: 0 | AD97: 0 | AE97: 0 | AF97: 0 | AG97: 0 | AK97: 0 | AL97: 0 | AM97: 0 | AN97: 0 | AO97: 0 | AP97: 0 | AQ97: 0 | AU97: 0 | AV97: 0 | AW97: 0 | AX97: 0 | AY97: 0 | AZ97: 0 | BA97: 0 | BC97: 15 | BE97: 15 | BF97: 0 | BG97: 0 | BH97: 0 | BI97: 0 | BJ97: 15 | BK97: 0 | BO97: 0 | BP97: 0 | BQ97: 0 | BR97: 0 | BS97: 0 | BT97: 0 | BU97: 0 | BZ97: 40 | CL97: 40
A98: 94 | F98: 1004063 | G98: ซอฟท์เค้กหน้าช็อกโกแลตมูส | H98: Aeon | K98: 0 | L98: 77 | M98: 0 | O98: 42 | Q98: 42 | R98: 0 | S98: 0 | T98: 0 | U98: 0 | V98: 42 | W98: 0 | AA98: 0 | AB98: 0 | AC98: 0 | AD98: 0 | AE98: 0 | AF98: 0 | AG98: 0 | AK98: 0 | AL98: 0 | AM98: 0 | AN98: 0 | AO98: 0 | AP98: 0 | AQ98: 0 | AU98: 0 | AV98: 0 | AW98: 0 | AX98: 0 | AY98: 0 | AZ98: 0 | BA98: 0 | BC98: 35 | BE98: 35 | BF98: 0 | BG98: 0 | BH98: 0 | BI98: 0 | BJ98: 35 | BK98: 0 | BO98: 0 | BP98: 0 | BQ98: 0 | BR98: 0 | BS98: 0 | BT98: 0 | BU98: 0 | BZ98: 40 | CL98: 40
A99: 95 | F99: 1004065 | G99: ซอฟท์เค้กหน้ามะพร้าวนมสด | H99: Aeon | K99: 0 | L99: 73 | M99: 0 | O99: 40 | Q99: 40 | R99: 0 | S99: 0 | T99: 0 | U99: 0 | V99: 40 | W99: 0 | AA99: 0 | AB99: 0 | AC99: 0 | AD99: 0 | AE99: 0 | AF99: 0 | AG99: 0 | AK99: 0 | AL99: 0 | AM99: 0 | AN99: 0 | AO99: 0 | AP99: 0 | AQ99: 0 | AU99: 0 | AV99: 0 | AW99: 0 | AX99: 0 | AY99: 0 | AZ99: 0 | BA99: 0 | BC99: 33 | BE99: 33 | BF99: 0 | BG99: 0 | BH99: 0 | BI99: 0 | BJ99: 33 | BK99: 0 | BO99: 0 | BP99: 0 | BQ99: 0 | BR99: 0 | BS99: 0 | BT99: 0 | BU99: 0 | BZ99: 40 | CL99: 40
A100: 96 | F100: 1113062 | G100: (MK) ชิฟฟอนหม้อแกง | K100: 0 | L100: 0 | M100: 0 | Q100: 0 | R100: 0 | S100: 0 | T100: 0 | U100: 0 | V100: 0 | W100: 0 | AA100: 0 | AB100: 0 | AC100: 0 | AD100: 0 | AE100: 0 | AF100: 0 | AG100: 0 | AK100: 0 | AL100: 0 | AM100: 0 | AN100: 0 | AO100: 0 | AP100: 0 | AQ100: 0 | AU100: 0 | AV100: 0 | AW100: 0 | AX100: 0 | AY100: 0 | AZ100: 0 | BA100: 0 | BE100: 0 | BF100: 0 | BG100: 0 | BH100: 0 | BI100: 0 | BJ100: 0 | BK100: 0 | BO100: 0 | BP100: 0 | BQ100: 0 | BR100: 0 | BS100: 0 | BT100: 0 | BU100: 0
A101: 97 | F101: 1113085 | G101: (BC) ชิฟฟ่อนหม้อแกง | H101: BC | K101: 0 | L101: 542 | M101: 0 | O101: 162 | Q101: 162 | R101: 0 | S101: 0 | T101: 0 | U101: 0 | V101: 162 | W101: 0 | AA101: 0 | AB101: 0 | AC101: 0 | AD101: 0 | AE101: 0 | AF101: 0 | AG101: 0 | AI101: 230 | AK101: 230 | AL101: 0 | AM101: 0 | AN101: 0 | AO101: 0 | AP101: 230 | AQ101: 0 | AU101: 0 | AV101: 0 | AW101: 0 | AX101: 0 | AY101: 0 | AZ101: 0 | BA101: 0 | BC101: 150 | BE101: 150 | BF101: 0 | BG101: 0 | BH101: 0 | BI101: 0 | BJ101: 150 | BK101: 0 | BO101: 0 | BP101: 0 | BQ101: 0 | BR101: 0 | BS101: 0 | BT101: 0 | BU101: 0 | BZ101: 300 | CF101: 150 | CL101: 100
A102: 98 | F102: 1004074 | G102: ซอฟท์เค้กหน้าครีมสด | H102: Aeon | K102: 0 | L102: 67 | M102: 0 | O102: 38 | Q102: 38 | R102: 0 | S102: 0 | T102: 0 | U102: 0 | V102: 38 | W102: 0 | AA102: 0 | AB102: 0 | AC102: 0 | AD102: 0 | AE102: 0 | AF102: 0 | AG102: 0 | AK102: 0 | AL102: 0 | AM102: 0 | AN102: 0 | AO102: 0 | AP102: 0 | AQ102: 0 | AU102: 0 | AV102: 0 | AW102: 0 | AX102: 0 | AY102: 0 | AZ102: 0 | BA102: 0 | BC102: 29 | BE102: 29 | BF102: 0 | BG102: 0 | BH102: 0 | BI102: 0 | BJ102: 29 | BK102: 0 | BO102: 0 | BP102: 0 | BQ102: 0 | BR102: 0 | BS102: 0 | BT102: 0 | BU102: 0 | BZ102: 35 | CL102: 35
A103: 99 | F103: 20053053 | G103: วรรณนัชเค้กลอดช่อง 85 g | H103: CJ | K103: 0 | L103: 24470 | M103: 0 | O103: 4050 | Q103: 4050 | R103: 0 | S103: 0 | T103: 0 | U103: 0 | V103: 4050 | W103: 0 | Y103: 4050 | AA103: 4050 | AB103: 0 | AC103: 0 | AD103: 0 | AE103: 0 | AF103: 4050 | AG103: 0 | AI103: 3960 | AK103: 3960 | AL103: 0 | AM103: 0 | AN103: 0 | AO103: 0 | AP103: 3960 | AQ103: 0 | AS103: 4050 | AU103: 4050 | AV103: 0 | AW103: 0 | AX103: 0 | AY103: 0 | AZ103: 4050 | BA103: 0 | BC103: 5300 | BE103: 5300 | BF103: 0 | BG103: 0 | BH103: 0 | BI103: 0 | BJ103: 5300 | BK103: 0 | BM103: 3060 | BO103: 3060 | BP103: 0 | BQ103: 0 | BR103: 0 | BS103: 0 | BT103: 3060 | BU103: 0 | BZ103: 6000 | CC103: 6000 | CF103: 6100 | CI103: 6100 | CL103: 6000 | CO103: 6100
A104: 100 | F104: 1113157 | G104: (BC) เค้กลอดช่อง 85g | H104: BC | K104: 0 | L104: 9850 | M104: 0 | O104: 3050 | Q104: 3050 | R104: 0 | S104: 0 | T104: 0 | U104: 0 | V104: 3050 | W104: 0 | AA104: 0 | AB104: 0 | AC104: 0 | AD104: 0 | AE104: 0 | AF104: 0 | AG104: 0 | AI104: 3000 | AK104: 3000 | AL104: 0 | AM104: 0 | AN104: 0 | AO104: 0 | AP104: 3000 | AQ104: 0 | AU104: 0 | AV104: 0 | AW104: 0 | AX104: 0 | AY104: 0 | AZ104: 0 | BA104: 0 | BC104: 3800 | BE104: 3800 | BF104: 0 | BG104: 0 | BH104: 0 | BI104: 0 | BJ104: 3800 | BK104: 0 | BO104: 0 | BP104: 0 | BQ104: 0 | BR104: 0 | BS104: 0 | BT104: 0 | BU104: 0 | BZ104: 4400 | CF104: 3000 | CL104: 4500
A105: 101 | F105: 1004064 | G105: ซอฟท์เค้กฝอยทอง | H105: Aeon | K105: 0 | L105: 41 | M105: 0 | O105: 21 | Q105: 21 | R105: 0 | S105: 0 | T105: 0 | U105: 0 | V105: 21 | W105: 0 | AA105: 0 | AB105: 0 | AC105: 0 | AD105: 0 | AE105: 0 | AF105: 0 | AG105: 0 | AK105: 0 | AL105: 0 | AM105: 0 | AN105: 0 | AO105: 0 | AP105: 0 | AQ105: 0 | AU105: 0 | AV105: 0 | AW105: 0 | AX105: 0 | AY105: 0 | AZ105: 0 | BA105: 0 | BC105: 20 | BE105: 20 | BF105: 0 | BG105: 0 | BH105: 0 | BI105: 0 | BJ105: 20 | BK105: 0 | BO105: 0 | BP105: 0 | BQ105: 0 | BR105: 0 | BS105: 0 | BT105: 0 | BU105: 0 | BZ105: 20 | CL105: 20
A106: 102 | F106: 20052724 | G106: วรรณวนัชเค้กฝอยทองหน้านิ่ม 90g | H106: CJ | K106: 0 | L106: 0 | M106: 0 | Q106: 0 | R106: 0 | S106: 0 | T106: 0 | U106: 0 | V106: 0 | W106: 0 | AA106: 0 | AB106: 0 | AC106: 0 | AD106: 0 | AE106: 0 | AF106: 0 | AG106: 0 | AK106: 0 | AL106: 0 | AM106: 0 | AN106: 0 | AO106: 0 | AP106: 0 | AQ106: 0 | AU106: 0 | AV106: 0 | AW106: 0 | AX106: 0 | AY106: 0 | AZ106: 0 | BA106: 0 | BE106: 0 | BF106: 0 | BG106: 0 | BH106: 0 | BI106: 0 | BJ106: 0 | BK106: 0 | BO106: 0 | BP106: 0 | BQ106: 0 | BR106: 0 | BS106: 0 | BT106: 0 | BU106: 0
A107: 103 | F107: 1004072 | G107: เค้กโบราณ ครีม (2 ชิ้น) | H107: Aeon | K107: 0 | L107: 35 | M107: 0 | O107: 15 | Q107: 15 | R107: 0 | S107: 0 | T107: 0 | U107: 0 | V107: 15 | W107: 0 | AA107: 0 | AB107: 0 | AC107: 0 | AD107: 0 | AE107: 0 | AF107: 0 | AG107: 0 | AK107: 0 | AL107: 0 | AM107: 0 | AN107: 0 | AO107: 0 | AP107: 0 | AQ107: 0 | AU107: 0 | AV107: 0 | AW107: 0 | AX107: 0 | AY107: 0 | AZ107: 0 | BA107: 0 | BC107: 20 | BE107: 20 | BF107: 0 | BG107: 0 | BH107: 0 | BI107: 0 | BJ107: 20 | BK107: 0 | BO107: 0 | BP107: 0 | BQ107: 0 | BR107: 0 | BS107: 0 | BT107: 0 | BU107: 0 | BZ107: 20 | CL107: 20
A108: 104 | F108: 1004073 | G108: เค้กโบราณ ผลไม้ (2 ชิ้น) | H108: Aeon | K108: 0 | L108: 18 | M108: 0 | O108: 8 | Q108: 8 | R108: 0 | S108: 0 | T108: 0 | U108: 0 | V108: 8 | W108: 0 | AA108: 0 | AB108: 0 | AC108: 0 | AD108: 0 | AE108: 0 | AF108: 0 | AG108: 0 | AK108: 0 | AL108: 0 | AM108: 0 | AN108: 0 | AO108: 0 | AP108: 0 | AQ108: 0 | AU108: 0 | AV108: 0 | AW108: 0 | AX108: 0 | AY108: 0 | AZ108: 0 | BA108: 0 | BC108: 10 | BE108: 10 | BF108: 0 | BG108: 0 | BH108: 0 | BI108: 0 | BJ108: 10 | BK108: 0 | BO108: 0 | BP108: 0 | BQ108: 0 | BR108: 0 | BS108: 0 | BT108: 0 | BU108: 0 | BZ108: 10 | CL108: 10
A109: 105 | F109: 1113006 | G109: เค้กโบราณ ครีม (4 ชิ้น) | K109: 0 | L109: 0 | M109: 0 | Q109: 0 | R109: 0 | S109: 0 | T109: 0 | U109: 0 | V109: 0 | W109: 0 | AA109: 0 | AB109: 0 | AC109: 0 | AD109: 0 | AE109: 0 | AF109: 0 | AG109: 0 | AK109: 0 | AL109: 0 | AM109: 0 | AN109: 0 | AO109: 0 | AP109: 0 | AQ109: 0 | AU109: 0 | AV109: 0 | AW109: 0 | AX109: 0 | AY109: 0 | AZ109: 0 | BA109: 0 | BE109: 0 | BF109: 0 | BG109: 0 | BH109: 0 | BI109: 0 | BJ109: 0 | BK109: 0 | BO109: 0 | BP109: 0 | BQ109: 0 | BR109: 0 | BS109: 0 | BT109: 0 | BU109: 0
A110: 106 | F110: 1113007 | G110: เค้กโบราณ ผลไม้ (4 ชิ้น) | K110: 0 | L110: 0 | M110: 0 | Q110: 0 | R110: 0 | S110: 0 | T110: 0 | U110: 0 | V110: 0 | W110: 0 | AA110: 0 | AB110: 0 | AC110: 0 | AD110: 0 | AE110: 0 | AF110: 0 | AG110: 0 | AK110: 0 | AL110: 0 | AM110: 0 | AN110: 0 | AO110: 0 | AP110: 0 | AQ110: 0 | AU110: 0 | AV110: 0 | AW110: 0 | AX110: 0 | AY110: 0 | AZ110: 0 | BA110: 0 | BE110: 0 | BF110: 0 | BG110: 0 | BH110: 0 | BI110: 0 | BJ110: 0 | BK110: 0 | BO110: 0 | BP110: 0 | BQ110: 0 | BR110: 0 | BS110: 0 | BT110: 0 | BU110: 0
A111: 107 | F111: 1113008 | G111: เค้กโบราณ รวมรส (4 ชิ้น) | H111: Aeon | K111: 0 | L111: 62 | M111: 0 | O111: 32 | Q111: 32 | R111: 0 | S111: 0 | T111: 0 | U111: 0 | V111: 32 | W111: 0 | AA111: 0 | AB111: 0 | AC111: 0 | AD111: 0 | AE111: 0 | AF111: 0 | AG111: 0 | AK111: 0 | AL111: 0 | AM111: 0 | AN111: 0 | AO111: 0 | AP111: 0 | AQ111: 0 | AU111: 0 | AV111: 0 | AW111: 0 | AX111: 0 | AY111: 0 | AZ111: 0 | BA111: 0 | BC111: 30 | BE111: 30 | BF111: 0 | BG111: 0 | BH111: 0 | BI111: 0 | BJ111: 30 | BK111: 0 | BO111: 0 | BP111: 0 | BQ111: 0 | BR111: 0 | BS111: 0 | BT111: 0 | BU111: 0 | BZ111: 30 | CL111: 30
A112: 108 | F112: 1113107 | G112: โบราณใหญ่ 12 ชิ้น | K112: 0 | L112: 0 | M112: 0 | Q112: 0 | R112: 0 | S112: 0 | T112: 0 | U112: 0 | V112: 0 | W112: 0 | AA112: 0 | AB112: 0 | AC112: 0 | AD112: 0 | AE112: 0 | AF112: 0 | AG112: 0 | AK112: 0 | AL112: 0 | AM112: 0 | AN112: 0 | AO112: 0 | AP112: 0 | AQ112: 0 | AU112: 0 | AV112: 0 | AW112: 0 | AX112: 0 | AY112: 0 | AZ112: 0 | BA112: 0 | BE112: 0 | BF112: 0 | BG112: 0 | BH112: 0 | BI112: 0 | BJ112: 0 | BK112: 0 | BO112: 0 | BP112: 0 | BQ112: 0 | BR112: 0 | BS112: 0 | BT112: 0 | BU112: 0
A113: 109 | F113: 1113120 | G113: โบราณใหญ่หน้าครีม (แผ่น) | K113: 0 | L113: 0 | M113: 0 | Q113: 0 | R113: 0 | S113: 0 | T113: 0 | U113: 0 | V113: 0 | W113: 0 | AA113: 0 | AB113: 0 | AC113: 0 | AD113: 0 | AE113: 0 | AF113: 0 | AG113: 0 | AK113: 0 | AL113: 0 | AM113: 0 | AN113: 0 | AO113: 0 | AP113: 0 | AQ113: 0 | AU113: 0 | AV113: 0 | AW113: 0 | AX113: 0 | AY113: 0 | AZ113: 0 | BA113: 0 | BE113: 0 | BF113: 0 | BG113: 0 | BH113: 0 | BI113: 0 | BJ113: 0 | BK113: 0 | BO113: 0 | BP113: 0 | BQ113: 0 | BR113: 0 | BS113: 0 | BT113: 0 | BU113: 0
A114: 110 | F114: 1113092 | G114: (BC) เค้กโบราณ 4 ชิ้น | H114: BC | K114: 0 | L114: 1715 | M114: 0 | O114: 965 | Q114: 965 | R114: 0 | S114: 0 | T114: 0 | U114: 0 | V114: 965 | W114: 0 | AA114: 0 | AB114: 0 | AC114: 0 | AD114: 0 | AE114: 0 | AF114: 0 | AG114: 0 | AI114: 550 | AK114: 550 | AL114: 0 | AM114: 0 | AN114: 0 | AO114: 0 | AP114: 550 | AQ114: 0 | AU114: 0 | AV114: 0 | AW114: 0 | AX114: 0 | AY114: 0 | AZ114: 0 | BA114: 0 | BC114: 200 | BE114: 200 | BF114: 0 | BG114: 0 | BH114: 0 | BI114: 0 | BJ114: 200 | BK114: 0 | BO114: 0 | BP114: 0 | BQ114: 0 | BR114: 0 | BS114: 0 | BT114: 0 | BU114: 0 | BZ114: 300 | CF114: 300 | CL114: 300
A115: 111 | F115: 1113146 | G115: โบราณ 4 ชิ้น (กล่องแดง) | K115: 0 | L115: 0 | M115: 0 | Q115: 0 | R115: 0 | S115: 0 | T115: 0 | U115: 0 | V115: 0 | W115: 0 | AA115: 0 | AB115: 0 | AC115: 0 | AD115: 0 | AE115: 0 | AF115: 0 | AG115: 0 | AK115: 0 | AL115: 0 | AM115: 0 | AN115: 0 | AO115: 0 | AP115: 0 | AQ115: 0 | AU115: 0 | AV115: 0 | AW115: 0 | AX115: 0 | AY115: 0 | AZ115: 0 | BA115: 0 | BE115: 0 | BF115: 0 | BG115: 0 | BH115: 0 | BI115: 0 | BJ115: 0 | BK115: 0 | BO115: 0 | BP115: 0 | BQ115: 0 | BR115: 0 | BS115: 0 | BT115: 0 | BU115: 0
A116: 112 | F116: 1113147 | G116: โบราณ 4 ชิ้น (กล่องแดง) แบบแผ่น | K116: 0 | L116: 0 | M116: 0 | Q116: 0 | R116: 0 | S116: 0 | T116: 0 | U116: 0 | V116: 0 | W116: 0 | AA116: 0 | AB116: 0 | AC116: 0 | AD116: 0 | AE116: 0 | AF116: 0 | AG116: 0 | AK116: 0 | AL116: 0 | AM116: 0 | AN116: 0 | AO116: 0 | AP116: 0 | AQ116: 0 | AU116: 0 | AV116: 0 | AW116: 0 | AX116: 0 | AY116: 0 | AZ116: 0 | BA116: 0 | BE116: 0 | BF116: 0 | BG116: 0 | BH116: 0 | BI116: 0 | BJ116: 0 | BK116: 0 | BO116: 0 | BP116: 0 | BQ116: 0 | BR116: 0 | BS116: 0 | BT116: 0 | BU116: 0
A117: 113 | F117: 20036350 | G117: Wanwanach_เค้กโบราณ 200 g | H117: CJ | K117: 0 | L117: 0 | M117: 0 | Q117: 0 | R117: 0 | S117: 0 | T117: 0 | U117: 0 | V117: 0 | W117: 0 | AA117: 0 | AB117: 0 | AC117: 0 | AD117: 0 | AE117: 0 | AF117: 0 | AG117: 0 | AK117: 0 | AL117: 0 | AM117: 0 | AN117: 0 | AO117: 0 | AP117: 0 | AQ117: 0 | AU117: 0 | AV117: 0 | AW117: 0 | AX117: 0 | AY117: 0 | AZ117: 0 | BA117: 0 | BE117: 0 | BF117: 0 | BG117: 0 | BH117: 0 | BI117: 0 | BJ117: 0 | BK117: 0 | BO117: 0 | BP117: 0 | BQ117: 0 | BR117: 0 | BS117: 0 | BT117: 0 | BU117: 0
A118: 114 | F118: 1113162 | G118: เค้กโบราณครีม 12 ชิ้น | K118: 0 | L118: 0 | M118: 0 | Q118: 0 | R118: 0 | S118: 0 | T118: 0 | U118: 0 | V118: 0 | W118: 0 | AA118: 0 | AB118: 0 | AC118: 0 | AD118: 0 | AE118: 0 | AF118: 0 | AG118: 0 | AK118: 0 | AL118: 0 | AM118: 0 | AN118: 0 | AO118: 0 | AP118: 0 | AQ118: 0 | AU118: 0 | AV118: 0 | AW118: 0 | AX118: 0 | AY118: 0 | AZ118: 0 | BA118: 0 | BE118: 0 | BF118: 0 | BG118: 0 | BH118: 0 | BI118: 0 | BJ118: 0 | BK118: 0 | BO118: 0 | BP118: 0 | BQ118: 0 | BR118: 0 | BS118: 0 | BT118: 0 | BU118: 0
A119: 115 | F119: 1113163 | G119: เค้กโบราณผลไม้ 12 ชิ้น | K119: 0 | L119: 0 | M119: 0 | Q119: 0 | R119: 0 | S119: 0 | T119: 0 | U119: 0 | V119: 0 | W119: 0 | AA119: 0 | AB119: 0 | AC119: 0 | AD119: 0 | AE119: 0 | AF119: 0 | AG119: 0 | AK119: 0 | AL119: 0 | AM119: 0 | AN119: 0 | AO119: 0 | AP119: 0 | AQ119: 0 | AU119: 0 | AV119: 0 | AW119: 0 | AX119: 0 | AY119: 0 | AZ119: 0 | BA119: 0 | BE119: 0 | BF119: 0 | BG119: 0 | BH119: 0 | BI119: 0 | BJ119: 0 | BK119: 0 | BO119: 0 | BP119: 0 | BQ119: 0 | BR119: 0 | BS119: 0 | BT119: 0 | BU119: 0
A120: 116 | F120: 1113164 | G120: เค้กโบราณรวมรส 12 ชิ้น | K120: 0 | L120: 0 | M120: 0 | Q120: 0 | R120: 0 | S120: 0 | T120: 0 | U120: 0 | V120: 0 | W120: 0 | AA120: 0 | AB120: 0 | AC120: 0 | AD120: 0 | AE120: 0 | AF120: 0 | AG120: 0 | AK120: 0 | AL120: 0 | AM120: 0 | AN120: 0 | AO120: 0 | AP120: 0 | AQ120: 0 | AU120: 0 | AV120: 0 | AW120: 0 | AX120: 0 | AY120: 0 | AZ120: 0 | BA120: 0 | BE120: 0 | BF120: 0 | BG120: 0 | BH120: 0 | BI120: 0 | BJ120: 0 | BK120: 0 | BO120: 0 | BP120: 0 | BQ120: 0 | BR120: 0 | BS120: 0 | BT120: 0 | BU120: 0
A121: 117 | F121: 1113009 | G121: เค้กลาวา ฝอยทองใบเตย (ใหญ่) | K121: 0 | L121: 0 | M121: 0 | Q121: 0 | R121: 0 | S121: 0 | T121: 0 | U121: 0 | V121: 0 | W121: 0 | AA121: 0 | AB121: 0 | AC121: 0 | AD121: 0 | AE121: 0 | AF121: 0 | AG121: 0 | AK121: 0 | AL121: 0 | AM121: 0 | AN121: 0 | AO121: 0 | AP121: 0 | AQ121: 0 | AU121: 0 | AV121: 0 | AW121: 0 | AX121: 0 | AY121: 0 | AZ121: 0 | BA121: 0 | BE121: 0 | BF121: 0 | BG121: 0 | BH121: 0 | BI121: 0 | BJ121: 0 | BK121: 0 | BO121: 0 | BP121: 0 | BQ121: 0 | BR121: 0 | BS121: 0 | BT121: 0 | BU121: 0
A122: 118 | F122: 1004062 | G122: เค้กลาวา ฝอยทองทูโทน (เล็ก) | K122: 0 | L122: 0 | M122: 0 | Q122: 0 | R122: 0 | S122: 0 | T122: 0 | U122: 0 | V122: 0 | W122: 0 | AA122: 0 | AB122: 0 | AC122: 0 | AD122: 0 | AE122: 0 | AF122: 0 | AG122: 0 | AK122: 0 | AL122: 0 | AM122: 0 | AN122: 0 | AO122: 0 | AP122: 0 | AQ122: 0 | AU122: 0 | AV122: 0 | AW122: 0 | AX122: 0 | AY122: 0 | AZ122: 0 | BA122: 0 | BE122: 0 | BF122: 0 | BG122: 0 | BH122: 0 | BI122: 0 | BJ122: 0 | BK122: 0 | BO122: 0 | BP122: 0 | BQ122: 0 | BR122: 0 | BS122: 0 | BT122: 0 | BU122: 0
A123: 119 | F123: 1113011 | G123: เค้กลาวา ฝอยทอง (ใหญ่) | K123: 0 | L123: 0 | M123: 0 | Q123: 0 | R123: 0 | S123: 0 | T123: 0 | U123: 0 | V123: 0 | W123: 0 | AA123: 0 | AB123: 0 | AC123: 0 | AD123: 0 | AE123: 0 | AF123: 0 | AG123: 0 | AK123: 0 | AL123: 0 | AM123: 0 | AN123: 0 | AO123: 0 | AP123: 0 | AQ123: 0 | AU123: 0 | AV123: 0 | AW123: 0 | AX123: 0 | AY123: 0 | AZ123: 0 | BA123: 0 | BE123: 0 | BF123: 0 | BG123: 0 | BH123: 0 | BI123: 0 | BJ123: 0 | BK123: 0 | BO123: 0 | BP123: 0 | BQ123: 0 | BR123: 0 | BS123: 0 | BT123: 0 | BU123: 0
A124: 120 | F124: 5002400 | G124: เค้กลาวา ฝอยทอง (เล็ก) | K124: 0 | L124: 0 | M124: 0 | Q124: 0 | R124: 0 | S124: 0 | T124: 0 | U124: 0 | V124: 0 | W124: 0 | AA124: 0 | AB124: 0 | AC124: 0 | AD124: 0 | AE124: 0 | AF124: 0 | AG124: 0 | AK124: 0 | AL124: 0 | AM124: 0 | AN124: 0 | AO124: 0 | AP124: 0 | AQ124: 0 | AU124: 0 | AV124: 0 | AW124: 0 | AX124: 0 | AY124: 0 | AZ124: 0 | BA124: 0 | BE124: 0 | BF124: 0 | BG124: 0 | BH124: 0 | BI124: 0 | BJ124: 0 | BK124: 0 | BO124: 0 | BP124: 0 | BQ124: 0 | BR124: 0 | BS124: 0 | BT124: 0 | BU124: 0
A125: 121 | F125: 1113125 | G125: เค้กลาวาฝอยทอง 240 กรัม (FROZEN) | K125: 0 | L125: 0 | M125: 0 | Q125: 0 | R125: 0 | S125: 0 | T125: 0 | U125: 0 | V125: 0 | W125: 0 | AA125: 0 | AB125: 0 | AC125: 0 | AD125: 0 | AE125: 0 | AF125: 0 | AG125: 0 | AK125: 0 | AL125: 0 | AM125: 0 | AN125: 0 | AO125: 0 | AP125: 0 | AQ125: 0 | AU125: 0 | AV125: 0 | AW125: 0 | AX125: 0 | AY125: 0 | AZ125: 0 | BA125: 0 | BE125: 0 | BF125: 0 | BG125: 0 | BH125: 0 | BI125: 0 | BJ125: 0 | BK125: 0 | BO125: 0 | BP125: 0 | BQ125: 0 | BR125: 0 | BS125: 0 | BT125: 0 | BU125: 0
A126: 122 | F126: 1113106 | G126: มินิลาวาทูโทน | H126: Aeon | K126: 0 | L126: 42 | M126: 0 | O126: 22 | Q126: 22 | R126: 0 | S126: 0 | T126: 0 | U126: 0 | V126: 22 | W126: 0 | AA126: 0 | AB126: 0 | AC126: 0 | AD126: 0 | AE126: 0 | AF126: 0 | AG126: 0 | AK126: 0 | AL126: 0 | AM126: 0 | AN126: 0 | AO126: 0 | AP126: 0 | AQ126: 0 | AU126: 0 | AV126: 0 | AW126: 0 | AX126: 0 | AY126: 0 | AZ126: 0 | BA126: 0 | BC126: 20 | BE126: 20 | BF126: 0 | BG126: 0 | BH126: 0 | BI126: 0 | BJ126: 20 | BK126: 0 | BO126: 0 | BP126: 0 | BQ126: 0 | BR126: 0 | BS126: 0 | BT126: 0 | BU126: 0 | BZ126: 30 | CL126: 30
A127: 123 | F127: 1113019 | G127: เค้กมะพร้าวอ่อน (1/2 ปอนด์) | K127: 0 | L127: 0 | M127: 0 | Q127: 0 | R127: 0 | S127: 0 | T127: 0 | U127: 0 | V127: 0 | W127: 0 | AA127: 0 | AB127: 0 | AC127: 0 | AD127: 0 | AE127: 0 | AF127: 0 | AG127: 0 | AK127: 0 | AL127: 0 | AM127: 0 | AN127: 0 | AO127: 0 | AP127: 0 | AQ127: 0 | AU127: 0 | AV127: 0 | AW127: 0 | AX127: 0 | AY127: 0 | AZ127: 0 | BA127: 0 | BE127: 0 | BF127: 0 | BG127: 0 | BH127: 0 | BI127: 0 | BJ127: 0 | BK127: 0 | BO127: 0 | BP127: 0 | BQ127: 0 | BR127: 0 | BS127: 0 | BT127: 0 | BU127: 0
A128: 124 | F128: 1113040 | G128: เค้กส้ม 1/2 ปอนด์ | K128: 0 | L128: 0 | M128: 0 | Q128: 0 | R128: 0 | S128: 0 | T128: 0 | U128: 0 | V128: 0 | W128: 0 | AA128: 0 | AB128: 0 | AC128: 0 | AD128: 0 | AE128: 0 | AF128: 0 | AG128: 0 | AK128: 0 | AL128: 0 | AM128: 0 | AN128: 0 | AO128: 0 | AP128: 0 | AQ128: 0 | AU128: 0 | AV128: 0 | AW128: 0 | AX128: 0 | AY128: 0 | AZ128: 0 | BA128: 0 | BE128: 0 | BF128: 0 | BG128: 0 | BH128: 0 | BI128: 0 | BJ128: 0 | BK128: 0 | BO128: 0 | BP128: 0 | BQ128: 0 | BR128: 0 | BS128: 0 | BT128: 0 | BU128: 0
A129: 125 | F129: 1004066 | G129: เค้กสามเหลี่ยม รสมะพร้าวน้ำหอม | K129: 0 | L129: 0 | M129: 0 | Q129: 0 | R129: 0 | S129: 0 | T129: 0 | U129: 0 | V129: 0 | W129: 0 | AA129: 0 | AB129: 0 | AC129: 0 | AD129: 0 | AE129: 0 | AF129: 0 | AG129: 0 | AK129: 0 | AL129: 0 | AM129: 0 | AN129: 0 | AO129: 0 | AP129: 0 | AQ129: 0 | AU129: 0 | AV129: 0 | AW129: 0 | AX129: 0 | AY129: 0 | AZ129: 0 | BA129: 0 | BE129: 0 | BF129: 0 | BG129: 0 | BH129: 0 | BI129: 0 | BJ129: 0 | BK129: 0 | BO129: 0 | BP129: 0 | BQ129: 0 | BR129: 0 | BS129: 0 | BT129: 0 | BU129: 0
...

Sheet Week 3
A1: ลำดับ | B1: ทีมโทร | C1: บูธ | D1: online | E1: Modern Trade | F1: รหัส | G1: ชื่อสินค้า | H1: ลูกค้า | I1: ขนาดบรรจุ | N1: week 3 (วันที่ 14 - 20 ธันวามคม 2568)
I2: จำนวน(ชิ้น) | J2: หน่วย(กล่อง) | K2: วัน | N2: วันอาทิตย์ | R2: ยอดจริง | X2: วันจันทร์ | AB2: ยอดจริง | AH2: วันอังคาร | AL2: ยอดจริง | AR2: วันพุธ | AV2: ยอดจริง | BB2: วันพฤหัสบดี | BF2: ยอดจริง | BL2: วันศุกร์ | BP2: ยอดจริง | BV2: เสาร์ | BZ2: ยอดจริง
K3: วันที่
K4: ติดป้าย Amezon | L4: ไม่ติดป้าย Amezon | M4: Non Logo | N4: ติดป้าย Amezon | O4: ไม่ติดป้าย Amezon | P4: Non Logo | Q4: รวม | R4: ติดป้าย Amezon | S4: ไม่ติดป้าย Amezon | T4: Non Logo | U4: ติดป้าย Amezon | V4: ไม่ติดป้าย Amezon | W4: Non Logo | X4: ติดป้าย Amezon | Y4: ไม่ติดป้าย Amezon | Z4: Non Logo | AA4: รวม | AB4: ติดป้าย Amezon | AC4: ไม่ติดป้าย Amezon | AD4: Non Logo | AE4: ติดป้าย Amezon | AF4: ไม่ติดป้าย Amezon | AG4: Non Logo | AH4: ติดป้าย Amezon | AI4: ไม่ติดป้าย Amezon | AJ4: Non Logo | AK4: รวม | AL4: ติดป้าย Amezon | AM4: ไม่ติดป้าย Amezon | AN4: Non Logo | AO4: ติดป้าย Amezon | AP4: ไม่ติดป้าย Amezon | AQ4: Non Logo | AR4: ติดป้าย Amezon | AS4: ไม่ติดป้าย Amezon | AT4: Non Logo | AU4: รวม | AV4: ติดป้าย Amezon | AW4: ไม่ติดป้าย Amezon | AX4: Non Logo | AY4: ติดป้าย Amezon | AZ4: ไม่ติดป้าย Amezon | BA4: Non Logo | BB4: ติดป้าย Amezon | BC4: ไม่ติดป้าย Amezon | BD4: Non Logo | BE4: รวม | BF4: ติดป้าย Amezon | BG4: ไม่ติดป้าย Amezon | BH4: Non Logo | BI4: ติดป้าย Amezon | BJ4: ไม่ติดป้าย Amezon | BK4: Non Logo | BL4: ติดป้าย Amezon | BM4: ไม่ติดป้าย Amezon | BN4: Non Logo | BO4: รวม | BP4: ติดป้าย Amezon | BQ4: ไม่ติดป้าย Amezon | BR4: Non Logo | BS4: ติดป้าย Amezon | BT4: ไม่ติดป้าย Amezon | BU4: Non Logo | BV4: ติดป้าย Amezon | BW4: ไม่ติดป้าย Amezon | BX4: Non Logo | BY4: รวม | BZ4: ติดป้าย Amezon | CA4: ไม่ติดป้าย Amezon | CB4: Non Logo | CC4: ติดป้าย Amezon | CD4: ไม่ติดป้าย Amezon | CE4: Non Logo
A5: 1 | F5: 1113036 | G5: ช็อกบอล | H5: Aeon | K5: 0 | L5: =SUM(O5,Y5,AI5,AS5,BC5,BM5,BW5) -> 23 | M5: 0 | O5: 8 | BC5: 15 | BY5: =SUM(BV5:BX5) -> 0 | BZ5: 0 | CA5: 0 | CB5: 0 | CC5: 0 | CD5: =BW5-CA5 -> 0 | CE5: 0
A6: 2 | F6: 1111001 | G6: ชิฟฟ่อนเค้ก (1 ชิ้น) | H6: Aeon | K6: 0 | L6: =SUM(O6,Y6,AI6,AS6,BC6,BM6,BW6) -> 0 | M6: 0 | BY6: =SUM(BV6:BX6) -> 0 | BZ6: 0 | CA6: 0 | CB6: 0 | CC6: 0 | CD6: =BW6-CA6 -> 0 | CE6: 0
A7: 3 | F7: 1004055 | G7: ชิฟฟ่อนเค้ก วรรณวนัช (รวมรส 4 ชิ้น) | K7: 0 | L7: =SUM(O7,Y7,AI7,AS7,BC7,BM7,BW7) -> 0 | M7: 0 | BY7: =SUM(BV7:BX7) -> 0 | BZ7: 0 | CA7: 0 | CB7: 0 | CC7: 0 | CD7: =BW7-CA7 -> 0 | CE7: 0
A8: 4 | F8: 1111002 | G8: ชิฟฟ่อนเค้ก วรรณวนัช (รวมรส 8 ชิ้น) | H8: Lotus | K8: 0 | L8: =SUM(O8,Y8,AI8,AS8,BC8,BM8,BW8) -> 0 | M8: 0 | BY8: =SUM(BV8:BX8) -> 0 | BZ8: 0 | CA8: 0 | CB8: 0 | CC8: 0 | CD8: =BW8-CA8 -> 0 | CE8: 0
A9: 5 | F9: 1111055 | G9: วรรณวนัช ชิฟฟ่อนรวมรส 8 ชิ้น | H9: Makro | K9: 0 | L9: =SUM(O9,Y9,AI9,AS9,BC9,BM9,BW9) -> 1970 | M9: 0 | O9: 850 | AI9: 1120 | BY9: =SUM(BV9:BX9) -> 0 | BZ9: 0 | CA9: 0 | CB9: 0 | CC9: 0 | CD9: =BW9-CA9 -> 0 | CE9: 0
A10: 6 | F10: 1111030 | G10: ชิฟฟ่อนเค้ก รสกาแฟ (8 ชิ้น) | K10: 0 | L10: =SUM(O10,Y10,AI10,AS10,BC10,BM10,BW10) -> 0 | M10: 0 | BY10: =SUM(BV10:BX10) -> 0 | BZ10: 0 | CA10: 0 | CB10: 0 | CC10: 0 | CD10: =BW10-CA10 -> 0 | CE10: 0
A11: 7 | F11: 1111036 | G11: ชิฟฟอนเค้ก วรรณวนัช ห่อกระดาษ (รวมรส 4 ชิ้น) | K11: 0 | L11: =SUM(O11,Y11,AI11,AS11,BC11,BM11,BW11) -> 0 | M11: 0 | BY11: =SUM(BV11:BX11) -> 0 | BZ11: 0 | CA11: 0 | CB11: 0 | CC11: 0 | CD11: =BW11-CA11 -> 0 | CE11: 0
A12: 8 | F12: 1111037 | G12: ชิฟฟอนเค้ก วรรณวนัช ห่อกระดาษ (รวมรส 8 ชิ้น) | K12: 0 | L12: =SUM(O12,Y12,AI12,AS12,BC12,BM12,BW12) -> 0 | M12: 0 | BY12: =SUM(BV12:BX12) -> 0 | BZ12: 0 | CA12: 0 | CB12: 0 | CC12: 0 | CD12: =BW12-CA12 -> 0 | CE12: 0
A13: 9 | F13: 1111040 | G13: ชิฟฟอนเค้กวรรณวนัช ห่อซีน (รวมรส 4 ชิ้น) | K13: 0 | L13: =SUM(O13,Y13,AI13,AS13,BC13,BM13,BW13) -> 0 | M13: 0 | BY13: =SUM(BV13:BX13) -> 0 | BZ13: 0 | CA13: 0 | CB13: 0 | CC13: 0 | CD13: =BW13-CA13 -> 0 | CE13: 0
A14: 10 | F14: 1111039 | G14: ชิฟฟอนเค้ก วรรรณวนัช ห่อซีน (รวมรส 8 ชิ้น) | K14: 0 | L14: =SUM(O14,Y14,AI14,AS14,BC14,BM14,BW14) -> 0 | M14: 0 | BY14: =SUM(BV14:BX14) -> 0 | BZ14: 0 | CA14: 0 | CB14: 0 | CC14: 0 | CD14: =BW14-CA14 -> 0 | CE14: 0
A15: 11 | F15: 1111041 | G15: ชิฟฟอนเค้ก วรรณวนัช กาแฟล้วน(รวมรส 4 ชิ้น) | K15: 0 | L15: =SUM(O15,Y15,AI15,AS15,BC15,BM15,BW15) -> 0 | M15: 0 | BY15: =SUM(BV15:BX15) -> 0 | BZ15: 0 | CA15: 0 | CB15: 0 | CC15: 0 | CD15: =BW15-CA15 -> 0 | CE15: 0
A16: 12 | F16: 1111043 | G16: ชิฟฟอนรสมะลิ 8 ชิ้น ห่อ ซีน | K16: 0 | L16: =SUM(O16,Y16,AI16,AS16,BC16,BM16,BW16) -> 0 | M16: 0 | BY16: =SUM(BV16:BX16) -> 0 | BZ16: 0 | CA16: 0 | CB16: 0 | CC16: 0 | CD16: =BW16-CA16 -> 0 | CE16: 0
A17: 13 | F17: 1113091 | G17: (BC) ชิฟฟ่อนรวมรส 4 ชิ้น | H17: BC | K17: 0 | L17: =SUM(O17,Y17,AI17,AS17,BC17,BM17,BW17) -> 550 | M17: 0 | Y17: 40 | AS17: 440 | BM17: 70 | BY17: =SUM(BV17:BX17) -> 0 | BZ17: 0 | CA17: 0 | CB17: 0 | CC17: 0 | CD17: =BW17-CA17 -> 0 | CE17: 0
A18: 14 | F18: 1113083 | G18: (BC) ชิฟฟ่อนฝอยทอง 1 ชิ้น ไม่มีไส้ | K18: 0 | L18: =SUM(O18,Y18,AI18,AS18,BC18,BM18,BW18) -> 0 | M18: 0 | BY18: =SUM(BV18:BX18) -> 0 | BZ18: 0 | CA18: 0 | CB18: 0 | CC18: 0 | CD18: =BW18-CA18 -> 0 | CE18: 0
A19: 15 | F19: 1111057 | G19: ชิฟฟอนแยกชิ้น กาแฟ | K19: 0 | L19: =SUM(O19,Y19,AI19,AS19,BC19,BM19,BW19) -> 0 | M19: 0 | BY19: =SUM(BV19:BX19) -> 0 | BZ19: 0 | CA19: 0 | CB19: 0 | CC19: 0 | CD19: =BW19-CA19 -> 0 | CE19: 0
A20: 16 | F20: 1111058 | G20: ชิฟฟอนแยกชิ้น ชาเขียว | K20: 0 | L20: =SUM(O20,Y20,AI20,AS20,BC20,BM20,BW20) -> 0 | M20: 0 | BY20: =SUM(BV20:BX20) -> 0 | BZ20: 0 | CA20: 0 | CB20: 0 | CC20: 0 | CD20: =BW20-CA20 -> 0 | CE20: 0
A21: 17 | F21: 1111059 | G21: ชิฟฟอนแยกชิ้น ใบเตย | K21: 0 | L21: =SUM(O21,Y21,AI21,AS21,BC21,BM21,BW21) -> 0 | M21: 0 | BY21: =SUM(BV21:BX21) -> 0 | BZ21: 0 | CA21: 0 | CB21: 0 | CC21: 0 | CD21: =BW21-CA21 -> 0 | CE21: 0
A22: 18 | F22: 1111060 | G22: ชิฟฟอนแยกชิ้น กล้วยหอม | K22: 0 | L22: =SUM(O22,Y22,AI22,AS22,BC22,BM22,BW22) -> 0 | M22: 0 | BY22: =SUM(BV22:BX22) -> 0 | BZ22: 0 | CA22: 0 | CB22: 0 | CC22: 0 | CD22: =BW22-CA22 -> 0 | CE22: 0
A23: 19 | F23: 1111061 | G23: ชิฟฟอนแยกชิ้น ชาไทย | K23: 0 | L23: =SUM(O23,Y23,AI23,AS23,BC23,BM23,BW23) -> 0 | M23: 0 | BY23: =SUM(BV23:BX23) -> 0 | BZ23: 0 | CA23: 0 | CB23: 0 | CC23: 0 | CD23: =BW23-CA23 -> 0 | CE23: 0
A24: 20 | F24: 1111062 | G24: ชิฟฟอนแยกชิ้น โกโก้ | K24: 0 | L24: =SUM(O24,Y24,AI24,AS24,BC24,BM24,BW24) -> 0 | M24: 0 | BY24: =SUM(BV24:BX24) -> 0 | BZ24: 0 | CA24: 0 | CB24: 0 | CC24: 0 | CD24: =BW24-CA24 -> 0 | CE24: 0
A25: 21 | F25: 1111063 | G25: ชิฟฟอนแยกชิ้น ส้ม | K25: 0 | L25: =SUM(O25,Y25,AI25,AS25,BC25,BM25,BW25) -> 0 | M25: 0 | BY25: =SUM(BV25:BX25) -> 0 | BZ25: 0 | CA25: 0 | CB25: 0 | CC25: 0 | CD25: =BW25-CA25 -> 0 | CE25: 0
A26: 22 | F26: 1111064 | G26: ชิฟฟอนแยกชิ้น เผือก | K26: 0 | L26: =SUM(O26,Y26,AI26,AS26,BC26,BM26,BW26) -> 0 | M26: 0 | BY26: =SUM(BV26:BX26) -> 0 | BZ26: 0 | CA26: 0 | CB26: 0 | CC26: 0 | CD26: =BW26-CA26 -> 0 | CE26: 0
A27: 23 | F27: 1111065 | G27: ชิฟฟอนแยกชิ้น สับปะรด | K27: 0 | L27: =SUM(O27,Y27,AI27,AS27,BC27,BM27,BW27) -> 0 | M27: 0 | BY27: =SUM(BV27:BX27) -> 0 | BZ27: 0 | CA27: 0 | CB27: 0 | CC27: 0 | CD27: =BW27-CA27 -> 0 | CE27: 0
A28: 24 | F28: 1111066 | G28: ชิฟฟอนแยกชิ้น สตอเบอรี่ | K28: 0 | L28: =SUM(O28,Y28,AI28,AS28,BC28,BM28,BW28) -> 0 | M28: 0 | BY28: =SUM(BV28:BX28) -> 0 | BZ28: 0 | CA28: 0 | CB28: 0 | CC28: 0 | CD28: =BW28-CA28 -> 0 | CE28: 0
A29: 25 | F29: 1111067 | G29: ชิฟฟอนแยกชิ้น มะพร้าว | K29: 0 | L29: =SUM(O29,Y29,AI29,AS29,BC29,BM29,BW29) -> 0 | M29: 0 | BY29: =SUM(BV29:BX29) -> 0 | BZ29: 0 | CA29: 0 | CB29: 0 | CC29: 0 | CD29: =BW29-CA29 -> 0 | CE29: 0
... A31: 27 | F31: 1111069 | G31: ชิฟฟอนแยกชิ้น บลูเบอรี่ | K31: 0 | L31: =SUM(O31,Y31,AI31,AS31,BC31,BM31,BW31) -> 0 | M31: 0 | BY31: =SUM(BV31:BX31) -> 0 | BZ31: 0 | CA31: 0 | CB31: 0 | CC31: 0 | CD31: =BW31-CA31 -> 0 | CE31: 0
A32: 28 | F32: 1004061 | G32: ชิฟฟ่อนเค้ก สอดไส้ครีมมะพร้าว (2 ชิ้น) | H32: Aeon | K32: 0 | L32: =SUM(O32,Y32,AI32,AS32,BC32,BM32,BW32) -> 34 | M32: 0 | O32: 14 | BC32: 20 | BY32: =SUM(BV32:BX32) -> 0 | BZ32: 0 | CA32: 0 | CB32: 0 | CC32: 0 | CD32: =BW32-CA32 -> 0 | CE32: 0
A33: 29 | F33: 1111051 | G33: ชิฟฟ่อนเค้กสอดไส้ครีมมะพร้าว (2ชิ้น) มะพร้าวล้วน | K33: 0 | L33: =SUM(O33,Y33,AI33,AS33,BC33,BM33,BW33) -> 0 | M33: 0 | BY33: =SUM(BV33:BX33) -> 0 | BZ33: 0 | CA33: 0 | CB33: 0 | CC33: 0 | CD33: =BW33-CA33 -> 0 | CE33: 0
A34: 30 | F34: 1111004 | G34: ชิฟฟ่อนเค้ก สอดไส้ครีมมะพร้าว (4 ชิ้น) | K34: 0 | L34: =SUM(O34,Y34,AI34,AS34,BC34,BM34,BW34) -> 0 | M34: 0 | BY34: =SUM(BV34:BX34) -> 0 | BZ34: 0 | CA34: 0 | CB34: 0 | CC34: 0 | CD34: =BW34-CA34 -> 0 | CE34: 0
A35: 31 | F35: 1111048 | G35: ชิฟฟอนเค้กสอดไส้ครีมมะพร้าว+เตย (4ชิ้น) | K35: 0 | L35: =SUM(O35,Y35,AI35,AS35,BC35,BM35,BW35) -> 0 | M35: 0 | BY35: =SUM(BV35:BX35) -> 0 | BZ35: 0 | CA35: 0 | CB35: 0 | CC35: 0 | CD35: =BW35-CA35 -> 0 | CE35: 0
A36: 32 | F36: 1111005 | G36: ชิฟฟ่อนเค้ก สอดไส้ครีมมะพร้าว (5 ชิ้น) | K36: 0 | L36: =SUM(O36,Y36,AI36,AS36,BC36,BM36,BW36) -> 0 | M36: 0 | BY36: =SUM(BV36:BX36) -> 0 | BZ36: 0 | CA36: 0 | CB36: 0 | CC36: 0 | CD36: =BW36-CA36 -> 0 | CE36: 0
A37: 33 | F37: 1111047 | G37: ชิฟฟอนเค้กสอดไส้ครีมมะพร้าว+เตย (5ชิ้น) | K37: 0 | L37: =SUM(O37,Y37,AI37,AS37,BC37,BM37,BW37) -> 0 | M37: 0 | BY37: =SUM(BV37:BX37) -> 0 | BZ37: 0 | CA37: 0 | CB37: 0 | CC37: 0 | CD37: =BW37-CA37 -> 0 | CE37: 0
A38: 34 | F38: 1111006 | G38: ชิฟฟ่อนเค้ก วรรณวนัช (สอดไส้รวมรส 8 ชิ้น) | K38: 0 | L38: =SUM(O38,Y38,AI38,AS38,BC38,BM38,BW38) -> 0 | M38: 0 | BY38: =SUM(BV38:BX38) -> 0 | BZ38: 0 | CA38: 0 | CB38: 0 | CC38: 0 | CD38: =BW38-CA38 -> 0 | CE38: 0
A39: 35 | F39: 1111034 | G39: ชิฟฟ่อนเค้กใบเตยสอดไส้ครีมมะพร้าว (8 ชิ้น ) | K39: 0 | L39: =SUM(O39,Y39,AI39,AS39,BC39,BM39,BW39) -> 0 | M39: 0 | BY39: =SUM(BV39:BX39) -> 0 | BZ39: 0 | CA39: 0 | CB39: 0 | CC39: 0 | CD39: =BW39-CA39 -> 0 | CE39: 0
A40: 36 | F40: 1111035 | G40: ชิฟฟ่อนเค้กมะพร้าวสอดไส้ครีมมะพร้าว (8 ชิ้น) | K40: 0 | L40: =SUM(O40,Y40,AI40,AS40,BC40,BM40,BW40) -> 0 | M40: 0 | BY40: =SUM(BV40:BX40) -> 0 | BZ40: 0 | CA40: 0 | CB40: 0 | CC40: 0 | CD40: =BW40-CA40 -> 0 | CE40: 0
A41: 37 | F41: 1111031 | G41: ชิฟฟ่อนเค้กทูโทนใบเตยและมะพร้าวสอดไส้ครีม (8 ชิ้น) | K41: 0 | L41: =SUM(O41,Y41,AI41,AS41,BC41,BM41,BW41) -> 0 | M41: 0 | BY41: =SUM(BV41:BX41) -> 0 | BZ41: 0 | CA41: 0 | CB41: 0 | CC41: 0 | CD41: =BW41-CA41 -> 0 | CE41: 0
A42: 38 | F42: 1111032 | G42: ชิฟฟ่อนเค้กสอดไส้ครีมมะพร้าว ส้มล้วน (8 ชิ้น) | K42: 0 | L42: =SUM(O42,Y42,AI42,AS42,BC42,BM42,BW42) -> 0 | M42: 0 | BY42: =SUM(BV42:BX42) -> 0 | BZ42: 0 | CA42: 0 | CB42: 0 | CC42: 0 | CD42: =BW42-CA42 -> 0 | CE42: 0
A43: 39 | F43: 20040386 | G43: Wanwanach_ชิฟฟ่อนเค้กสอดไส้มะพร้านมสด 105 g | H43: CJ | K43: 0 | L43: =SUM(O43,Y43,AI43,AS43,BC43,BM43,BW43) -> 0 | M43: 0 | BY43: =SUM(BV43:BX43) -> 0 | BZ43: 0 | CA43: 0 | CB43: 0 | CC43: 0 | CD43: =BW43-CA43 -> 0 | CE43: 0
A44: 40 | F44: 1111109 | G44: ชิฟฟ่อนเค้กสอดไส้ครีมมะพร้าวล้วน (5ชิ้น) | K44: 0 | L44: =SUM(O44,Y44,AI44,AS44,BC44,BM44,BW44) -> 0 | M44: 0 | BY44: =SUM(BV44:BX44) -> 0 | BZ44: 0 | CA44: 0 | CB44: 0 | CC44: 0 | CD44: =BW44-CA44 -> 0 | CE44: 0
A45: 41 | F45: 1111110 | G45: ชิฟฟ่อนเค้กสอดไส้ครีมมะพร้าวล้วน (4 ชิ้น) | K45: 0 | L45: =SUM(O45,Y45,AI45,AS45,BC45,BM45,BW45) -> 0 | M45: 0 | BY45: =SUM(BV45:BX45) -> 0 | BZ45: 0 | CA45: 0 | CB45: 0 | CC45: 0 | CD45: =BW45-CA45 -> 0 | CE45: 0
A46: 42 | F46: 1111010 | G46: ชิฟฟ่อนเค้กสอดไส้แยม (1 ชิ้น) | K46: 0 | L46: =SUM(O46,Y46,AI46,AS46,BC46,BM46,BW46) -> 0 | M46: 0 | BY46: =SUM(BV46:BX46) -> 0 | BZ46: 0 | CA46: 0 | CB46: 0 | CC46: 0 | CD46: =BW46-CA46 -> 0 | CE46: 0
A47: 43 | F47: 1111008 | G47: ชิฟฟ่อนเค้ก สอดไส้ (รวมรส 3 ชิ้น) | K47: 0 | L47: =SUM(O47,Y47,AI47,AS47,BC47,BM47,BW47) -> 0 | M47: 0 | BY47: =SUM(BV47:BX47) -> 0 | BZ47: 0 | CA47: 0 | CB47: 0 | CC47: 0 | CD47: =BW47-CA47 -> 0 | CE47: 0
