Workbook

Sheet DATA POS
A1: รหัสสินค้า | B1: ชื่อสินค้า | C1: หมวดหมู่สินค้า | D1: หน่วยสินค้า | E1: ราคาขาย | F1: ราคาซื้อ | G1: Min | H1: Max | I1: หมายเหตุ | J1: สถานะ
B2: มะม่วงหนึบ | C2: หมวดอื่นๆ | D2: กล่อง | E2: 40.00 | F2: 0.00 | G2: 0 | H2: 0 | J2: ใช้งาน
A3: 0109256601 | B3: กระเช้าสำเร็จรูป | C3: หมวดอื่นๆ | D3: กระเช้า | E3: 800.00 | F3: 0.00 | G3: 0 | H3: 0 | J3: ใช้งาน
A4: 0109256602 | B4: เซ็ตของขวัญ | C4: หมวดอื่นๆ | D4: กล่อง | E4: 260.00 | F4: 0.00 | G4: 0 | H4: 0 | J4: ใช้งาน
A5: 01-SU-0025-1 | B5: น้ำแดงเฮลบลูบอย | C5: เครื่องดื่ม | D5: ขวด | E5: 58.00 | F5: 0.00 | G5: 0 | H5: 0 | J5: ใช้งาน
A6: 02102566 | B6: เปี๊ยะมินิ | C6: หมวดอื่นๆ | D6: กล่อง | E6: 25.00 | F6: 0.00 | G6: 0 | H6: 0 | J6: ใช้งาน
A7: 02-BB01 | B7: กล่องเค้กเบาหวิวทุเรียน 100g. New | C7: กล่องโมเดล | D7: กล่อง | E7: 20.00 | F7: 0.00 | G7: 0 | H7: 0 | J7: ใช้งาน
A8: 02-BB02 | B8: กล่องเค้กเบาหวิวเผือกมะพร้าวอ่อน 100g. New | C8: กล่องโมเดล | D8: กล่อง | E8: 20.00 | F8: 0.00 | G8: 0 | H8: 0 | J8: ใช้งาน
A9: 02-BB03 | B9: กล่องเค้กเบาหวิวกล้วยมะพร้าวเผา 100g. New | C9: กล่องโมเดล | D9: กล่อง | E9: 20.00 | F9: 0.00 | G9: 0 | H9: 0 | J9: ใช้งาน
A10: 02-BB05 | B10: กล่องเค้กเบาหวิวรสกาแฟ 100g New | C10: กล่องโมเดล | D10: กล่อง | E10: 20.00 | F10: 0.00 | G10: 0 | H10: 0 | J10: ใช้งาน
A11: 02-BB07 | B11: กล่องเค้กเบาหวิวรสกาแฟ 300g. New | C11: กล่องโมเดล | D11: กล่อง | E11: 20.00 | F11: 0.00 | G11: 0 | H11: 0 | J11: ใช้งาน
A12: 02-BB09 | B12: กล่องเค้กเบาหวิวรสเนยนม 110g. New | C12: กล่องโมเดล | D12: กล่อง | E12: 20.00 | F12: 0.00 | G12: 0 | H12: 0 | J12: ใช้งาน
A13: 02-BB11 | B13: กล่องเค้กเบาหวิวรสเนยนม 300g. New | C13: กล่องโมเดล | D13: กล่อง | E13: 20.00 | F13: 0.00 | G13: 0 | H13: 0 | J13: ใช้งาน
A14: 02-BB14 | B14: กล่องเค้กเบาหวิวรสใบเตย 300g. New | C14: กล่องโมเดล | D14: กล่อง | E14: 20.00 | F14: 0.00 | G14: 0 | H14: 0 | J14: ใช้งาน
... A76: 1113178 | B76: เค้กลอดช่องกล่องกลม 1 ปอนด์ 265 กรัม | C76: เค้ก | D76: กล่อง | E76: 0.00 | F76: 0.00 | G76: 0 | H76: 0 | J76: ใช้งาน
A77: 1113179 | B77: เค้กลอดช่องกล่องกลม 2 ปอนด์ 325 กรัม | C77: เค้ก | D77: กล่อง | E77: 240.00 | F77: 0.00 | G77: 0 | H77: 0 | I77: สินค้าระบายจากทางออนไลน์ ขาย 120 บาท | J77: ใช้งาน
A78: 1113185 | B78: ข้าวเกรียบว่าว (กระปุก) | C78: ขนมปัง แซนวิส | D78: กระปุก | E78: 40.00 | F78: 0.00 | G78: 0 | H78: 0 | J78: ใช้งาน
A79: 1113191 | B79: เค้กตะโก้เผือกหอม 120 กรัม | C79: เค้ก | D79: กล่อง | E79: 35.00 | F79: 0.00 | G79: 0 | H79: 0 | J79: ใช้งาน
A80: 1113192 | B80: ปังนุ่มมะพร้าว 100 กรัม | C80: ขนมปัง แซนวิส | D80: กล่อง | E80: 35.00 | F80: 0.00 | G80: 0 | H80: 0 | I80: บิ๊กซี | J80: ใช้งาน
A81: 1113193 | B81: ปังนุ่มชาไทย 100 กรัม | C81: ขนมปัง แซนวิส | D81: กล่อง | E81: 35.00 | F81: 0.00 | G81: 0 | H81: 0 | I81: บิ๊กซี | J81: ใช้งาน
A82: 1113194 | B82: บานอฟฟี่ 140 กรัม | C82: เค้ก | D82: กล่อง | E82: 45.00 | F82: 0.00 | G82: 0 | H82: 0 | I82: ราคาเต็ม 45 บาท , ราคาของระบาย 20 บาท | J82: ใช้งาน
A83: 1114024 | B83: สังขยา 1 ชิ้น | C83: ขนมปัง แซนวิส | D83: ชิ้น | E83: 10.00 | F83: 0.00 | G83: 0 | H83: 0 | J83: ใช้งาน
A84: 11140500 | B84: ขนมปังเลเยอร์ | C84: ขนมปัง แซนวิส | D84: ถุง | E84: 65.00 | F84: 0.00 | G84: 0 | H84: 0 | J84: ใช้งาน
A85: 1114056 | B85: ขนมปุยฝ้าย คละรส (4 ชิ้น) | C85: ขนมปัง แซนวิส | D85: กล่อง | E85: 50.00 | F85: 0.00 | G85: 0 | H85: 0 | J85: ใช้งาน
A86: 1114057 | B86: ขนมปุยฝ้าย สีชมพู (1 ปอนด์) | C86: ขนมปัง แซนวิส | D86: กล่อง | E86: 60.00 | F86: 0.00 | G86: 0 | H86: 0 | J86: ใช้งาน
A87: 1114058 | B87: ขนมปุยฝ้าย สีชมพู (4 ชิ้น) | C87: ขนมปัง แซนวิส | D87: กล่อง | E87: 50.00 | F87: 0.00 | G87: 0 | H87: 0 | J87: ใช้งาน
A88: 1114059 | B88: ขนมปุยฝ้าย สีขาว (1 ปอนด์) | C88: ขนมปัง แซนวิส | D88: กล่อง | E88: 60.00 | F88: 0.00 | G88: 0 | H88: 0 | J88: ใช้งาน
A89: 1114060 | B89: ขนมปุยฝ้าย สีขาว (4 ชิ้น) | C89: ขนมปัง แซนวิส | D89: กล่อง | E89: 50.00 | F89: 0.00 | G89: 0 | H89: 0 | J89: ใช้งาน
A90: 1124024 | B90: ขนมปังไส้ฝอยทอง (ชิ้น) | C90: ขนมปัง แซนวิส | D90: ชิ้น | E90: 30.00 | F90: 0.00 | G90: 0 | H90: 0 | J90: ใช้งาน
A91: 1124037 | B91: ขนมปังไส้พริกเผาไก่หยอง (ชิ้น) | C91: ขนมปัง แซนวิส | D91: ชิ้น | E91: 30.00 | F91: 0.00 | G91: 0 | H91: 0 | J91: ใช้งาน
A92: 1124038 | B92: ขนมปังไส้แยมบลูเบอร์รี่ (ชิ้น) | C92: ขนมปัง แซนวิส | D92: ชิ้น | E92: 30.00 | F92: 0.00 | G92: 0 | H92: 0 | J92: ใช้งาน
A93: 1124039 | B93: ขนมปังไส้แยมสตรอเบอร์รี่ (ชิ้น) | C93: ขนมปัง แซนวิส | D93: ชิ้น | E93: 30.00 | F93: 0.00 | G93: 0 | H93: 0 | J93: ใช้งาน
A94: 1124040 | B94: ขนมปังไส้ลูกเกดฝอยทอง (ชิ้น) | C94: ขนมปัง แซนวิส | D94: ชิ้น | E94: 30.00 | F94: 0.00 | G94: 0 | H94: 0 | J94: ใช้งาน
... A96: 1200032 | B96: (NP)มาม่อนคัฟ รวมรส (6ชิ้น) | C96: หนองพงนก | D96: กล่อง | E96: 80.00 | F96: 0.00 | G96: 0 | H96: 0 | J96: ใช้งาน
A97: 1200092 | B97: ท๊อฟฟี่ถั่ว (กิโล) | D97: กิโลกรัม | E97: 200.00 | F97: 0.00 | G97: 0 | H97: 0 | J97: ใช้งาน
A98: 1300005 | B98: เค้กมะพร้าวลาวา 85 กรัม | C98: เค้ก | D98: กล่อง | E98: 35.00 | F98: 0.00 | G98: 0 | H98: 0 | J98: ใช้งาน
A99: 1300006 | B99: แซนด์วิช แฮมไข่ดาว | C99: ขนมปัง แซนวิส | D99: กล่อง | E99: 35.00 | F99: 0.00 | G99: 0 | H99: 0 | J99: ใช้งาน
A100: 13082000 | B100: หนังสือนิทาน วาดภาพ | C100: รพ.สินแพทย์ | D100: ชิ้น | E100: 20.00 | F100: 0.00 | G100: 0 | H100: 0 | J100: ใช้งาน
A101: 13082001 | B101: ห้องครัว | C101: รพ.สินแพทย์ | D101: กล่อง | E101: 450.00 | F101: 0.00 | G101: 0 | H101: 0 | J101: ใช้งาน
A102: 13082002 | B102: ฮีโร่แผง 150 | C102: รพ.สินแพทย์ | D102: ชิ้น | E102: 150.00 | F102: 0.00 | G102: 0 | H102: 0 | J102: ใช้งาน
A103: 13082003 | B103: ฮีโร่แผง 250 | C103: รพ.สินแพทย์ | D103: ชิ้น | E103: 250.00 | F103: 0.00 | G103: 0 | H103: 0 | J103: ใช้งาน
A104: 13082004 | B104: ฮีโร่แผง 350 | C104: รพ.สินแพทย์ | D104: ชิ้น | E104: 450.00 | F104: 0.00 | G104: 0 | H104: 0 | J104: ใช้งาน
A105: 13082005 | B105: ฮีโร่แผง 450 | C105: รพ.สินแพทย์ | D105: ชิ้น | E105: 450.00 | F105: 0.00 | G105: 0 | H105: 0 | J105: ใช้งาน
A106: 13082006 | B106: เซ็ตหน้ากาก | C106: รพ.สินแพทย์ | D106: ชิ้น | E106: 450.00 | F106: 0.00 | G106: 0 | H106: 0 | J106: ใช้งาน
A107: 13082007 | B107: พัดลม 100 | C107: รพ.สินแพทย์ | D107: ชิ้น | E107: 100.00 | F107: 0.00 | G107: 0 | H107: 0 | J107: ใช้งาน
A108: 13082008 | B108: พัดลม 150 | C108: รพ.สินแพทย์ | D108: ชิ้น | E108: 150.00 | F108: 0.00 | G108: 0 | H108: 0 | J108: ใช้งาน
A109: 13082009 | B109: เฮริคอปเตอร์ | C109: รพ.สินแพทย์ | D109: ชิ้น | E109: 450.00 | F109: 0.00 | G109: 0 | H109: 0 | J109: ใช้งาน
... A205: 20055951 | B205: เค้กบัวลอยมะพร้าวอ่อน 100 กรัม | C205: เค้ก | D205: กล่อง | E205: 35.00 | F205: 0.00 | G205: 0 | H205: 0 | J205: ใช้งาน
A206: 20056257 | B206: เอแคลร์ชาไทย 125g. | C206: ขนมปัง แซนวิส | E206: 35.00 | F206: 0.00 | G206: 0 | H206: 0 | J206: ใช้งาน
A207: 22082301 | B207: เครื่องดื่มผสมเฉาก๋วย | C207: เครื่องดื่ม | D207: แก้ว | E207: 12.00 | F207: 0.00 | G207: 0 | H207: 0 | J207: ใช้งาน
A208: 22092566 | B208: ไดฟุกุสตอเบอรี่มัทฉะ | C208: หมวดอื่นๆ | D208: กล่อง | E208: 40.00 | F208: 0.00 | G208: 0 | H208: 0 | J208: ใช้งาน
A209: 25082566 | B209: NP ฝอยทอง (ญ) ห่อซีน | C209: หนองพงนก | D209: กล่อง | E209: 120.00 | F209: 0.00 | G209: 0 | H209: 0 | J209: ใช้งาน
A210: 2566102301 | B210: ครีมฮอร์น วนิลา ฝอยทอง | C210: ครีมฮอร์น | D210: กล่อง | E210: 65.00 | F210: 0.00 | G210: 0 | H210: 0 | J210: ใช้งาน
A211: 2566102302 | B211: ครีมฮอร์น ใบเตย ฝอยทอง | C211: ครีมฮอร์น | D211: กล่อง | E211: 65.00 | F211: 0.00 | G211: 0 | H211: 0 | J211: ใช้งาน
A212: 2566102303 | B212: ครีมฮอร์น ช็อคโกแลต ฝอยทอง | C212: ครีมฮอร์น | D212: กล่อง | E212: 65.00 | F212: 0.00 | G212: 0 | H212: 0 | J212: ใช้งาน
A213: 2566110401 | B213: เค้กโบราณรวมรส 12 ชิ้น | C213: หมวดอื่นๆ | D213: กล่อง | E213: 150.00 | F213: 0.00 | G213: 0 | H213: 0 | J213: ใช้งาน
A214: 2566110402 | B214: เค้กโบราณครีม 12 ชิ้น | C214: หมวดอื่นๆ | D214: กล่อง | E214: 150.00 | F214: 0.00 | G214: 0 | H214: 0 | J214: ใช้งาน
A215: 2566110403 | B215: โบราณ 12 ชิ้น ครีม | C215: หมวดอื่นๆ | D215: กล่อง | E215: 150.00 | F215: 0.00 | G215: 0 | H215: 0 | J215: ใช้งาน
A216: 2566111001 | B216: ตุ๊กตา Skibidi Toilet | C216: หมวดอื่นๆ | D216: แพ็ค | E216: 220.00 | F216: 0.00 | G216: 0 | H216: 0 | J216: ใช้งาน
A217: 25661201 | B217: วุ้นแฟนซี (N) | C217: วุ้น | D217: กล่อง | E217: 80.00 | F217: 0.00 | G217: 0 | H217: 0 | I217: ซัพนอก | J217: ใช้งาน
A218: 25661202 | B218: วุ้นวันแม่ (N) | C218: วุ้น | D218: กล่อง | E218: 130.00 | F218: 0.00 | G218: 0 | H218: 0 | I218: ซัพนอก | J218: ใช้งาน
A219: 25661208 | B219: ถั่วลันเตา | C219: หมวดอื่นๆ | D219: กล่อง | E219: 40.00 | F219: 0.00 | G219: 0 | H219: 0 | J219: ใช้งาน
A220: 25661209 | B220: ทองม้วนทรงเครื่อง | C220: หมวดอื่นๆ | D220: กล่อง | E220: 55.00 | F220: 0.00 | G220: 0 | H220: 0 | J220: ใช้งาน
A221: 25661225 | B221: โบราณ 4 ชิ้น คริสต์มาส | C221: เค้ก | D221: กล่อง | E221: 60.00 | F221: 0.00 | G221: 0 | H221: 0 | J221: ใช้งาน
A222: 26122566 | B222: อาลัว | C222: คุ๊กกี้ ขนม | D222: กระปุก | E222: 0.00 | F222: 0.00 | G222: 0 | H222: 0 | J222: ใช้งาน
A223: 2808202301 | B223: ขนมปุยฝ้าย4ชิ้น สีชมพู | C223: ขนมปัง แซนวิส | D223: กล่อง | E223: 50.00 | F223: 0.00 | G223: 0 | H223: 0 | I223: สินคาแนะนำช่วงเทศกาลวันสาทจีน | J223: ใช้งาน
A224: 3108202301 | B224: โอวัลตินเย็น | C224: เครื่องดื่ม | D224: แก้ว | E224: 50.00 | F224: 0.00 | G224: 0 | H224: 0 | J224: ใช้งาน
A225: 31082566 | B225: วุ้นลูกส้ม (N) | C225: วุ้น | D225: กล่อง | E225: 45.00 | F225: 0.00 | G225: 0 | H225: 0 | I225: ซัพนอก | J225: ใช้งาน
A226: 6972781480569 | B226: รถถังช้างมีไฟ | C226: ของเล่น | D226: ชิ้น | E226: 150.00 | F226: 0.00 | G226: 0 | H226: 0 | J226: ใช้งาน
A227: 7263406968904 | B227: ชุดทำกิ๊ฟ | C227: ของเล่น | D227: กล่อง | E227: 120.00 | F227: 0.00 | G227: 0 | H227: 0 | J227: ใช้งาน
A228: 885712004046 | B228: ครีมฮอร์นฝอยทอง จัมโบ้ 65g. | C228: ครีมฮอร์น | D228: ชิ้น | E228: 35.00 | F228: 0.00 | G228: 0 | H228: 0 | J228: ใช้งาน
A229: 885712004053 | B229: ครีมฮอร์นบลูเบอร์รี่ จัมโบ้ 65g. | C229: ครีมฮอร์น | D229: ชิ้น | E229: 35.00 | F229: 0.00 | G229: 0 | H229: 0 | J229: ใช้งาน
A230: 885712004060 | B230: ครีมฮอร์นสตรอเบอร์รี่ จัมโบ้ 65g. | C230: ครีมฮอร์น | D230: ชิ้น | E230: 35.00 | F230: 0.00 | G230: 0 | H230: 0 | J230: ใช้งาน
A231: 885712004534 | B231: ชิฟฟ่อนเค้กสอดไส้ครีมมะพร้าว 120g. | C231: ชิฟฟอน | D231: ชิ้น | E231: 35.00 | F231: 0.00 | G231: 0 | H231: 0 | J231: ใช้งาน
A232: 8857125000001 | B232: เปี๊ยะสติ๊กไก่หยอง | C232: ขนมเปี๊ยะ | D232: กล่อง | E232: 55.00 | F232: 0.00 | G232: 0 | H232: 0 | J232: ใช้งาน
A233: 8857125000002 | B233: มินิบันไส้กรอกชีส | C233: ขนมปัง แซนวิส | D233: กล่อง | E233: 45.00 | F233: 0.00 | G233: 0 | H233: 0 | J233: ใช้งาน
A234: 8857125000003 | B234: แซนวิชสังขยา | C234: ขนมปัง แซนวิส | D234: กล่อง | E234: 40.00 | F234: 0.00 | G234: 0 | H234: 0 | J234: ใช้งาน
A235: 8857125000004 | B235: แซนด์วิช โบราณ | C235: ขนมปัง แซนวิส | D235: กล่อง | E235: 40.00 | F235: 0.00 | G235: 0 | H235: 0 | J235: ใช้งาน
A236: 8857125000005 | B236: เค้กหม้อแกงเผือก | C236: เค้ก | D236: กล่อง | E236: 55.00 | F236: 0.00 | G236: 0 | H236: 0 | J236: ไม่ใช้งาน
A237: 8857125000006 | B237: คุกกี้มะพร้าว | C237: คุ๊กกี้ ขนม | D237: กระปุก | E237: 50.00 | F237: 0.00 | G237: 0 | H237: 0 | J237: ใช้งาน
... A333: 8857125001182 | B333: สตอเบอร์รี่ครีมเค้ก | C333: เค้ก | D333: กล่อง | E333: 50.00 | F333: 0.00 | G333: 0 | H333: 0 | J333: ใช้งาน
A334: 8857125001199 | B334: บลูเบอร์รี่ครีมเค้ก | C334: เค้ก | D334: กล่อง | E334: 30.00 | F334: 40.00 | G334: 0 | H334: 0 | I334: ราคาเต็ม 50 | J334: ใช้งาน
A335: 8857125001205 | B335: เค้กส้ม | C335: เค้ก | D335: กล่อง | E335: 50.00 | F335: 46.00 | G335: 0 | H335: 0 | J335: ไม่ใช้งาน
A336: 8857125001229 | B336: วนิลาครีมเค้ก | C336: เค้ก | D336: กล่อง | E336: 30.00 | F336: 35.00 | G336: 0 | H336: 0 | I336: ราคาเต็ม 50 | J336: ใช้งาน
A337: 8857125001236 | B337: ใบเตยครีมเค้ก | C337: เค้ก | D337: กล่อง | E337: 30.00 | F337: 35.00 | G337: 0 | H337: 0 | I337: ราคาเต็ม 50 | J337: ใช้งาน
A338: 8857125001243 | B338: ช็อคโกแล็ตครีมเค้ก | C338: เค้ก | D338: กล่อง | E338: 30.00 | F338: 35.00 | G338: 0 | H338: 0 | I338: ราคาเต็ม 50 | J338: ใช้งาน
A339: 8857125001250 | B339: ช๊อคบอล WWN | C339: คุ๊กกี้ ขนม | D339: กล่อง | E339: 20.00 | F339: 0.00 | G339: 0 | H339: 0 | J339: ใช้งาน
A340: 8857125001267 | B340: ชิฟฟอนหม้อแกง | C340: ชิฟฟอน | D340: กล่อง | E340: 40.00 | F340: 0.00 | G340: 0 | H340: 0 | J340: ใช้งาน
A341: 8857125001281 | B341: ขนมปังเนยนิ่ม (2 ชิ้น) | C341: ขนมปัง แซนวิส | D341: กล่อง | E341: 25.00 | F341: 0.00 | G341: 0 | H341: 0 | J341: ใช้งาน
A342: 8857125001298 | B342: เค้กเบาหวิวฝอยทอง 300 กรัม กล่องแดง | C342: เบาหวิว | D342: กล่อง | E342: 120.00 | F342: 80.00 | G342: 0 | H342: 0 | J342: ไม่ใช้งาน
A343: 8857125001304 | B343: เค้กลาวา ฝอยทอง เล็ก | C343: เค้ก | D343: ชิ้น | E343: 50.00 | F343: 0.00 | G343: 0 | H343: 0 | J343: ใช้งาน
A344: 8857125001311 | B344: ชิฟฟ่อนเค้ก รวมรส (8 ชิ้น) | C344: ชิฟฟอน | D344: กล่อง | E344: 100.00 | F344: 80.00 | G344: 0 | H344: 0 | J344: ใช้งาน
A345: 8857125001328 | B345: ชิฟฟ่อนเค้ก รวมรส (4 ชิ้น) | C345: ชิฟฟอน | D345: กล่อง | E345: 50.00 | F345: 40.00 | G345: 0 | H345: 0 | J345: ใช้งาน
A346: 8857125001335 | B346: แซนด์วิช โฮลวีททูน่า ไร้ขอบ | C346: ขนมปัง แซนวิส | D346: ชิ้น | E346: 45.00 | F346: 0.00 | G346: 0 | H346: 0 | J346: ใช้งาน
A347: 8857125001342 | B347: แซนด์วิช โฮลวีทแฮมชีส ไร้ขอบ | C347: ขนมปัง แซนวิส | D347: ชิ้น | E347: 45.00 | F347: 0.00 | G347: 0 | H347: 0 | J347: ใช้งาน
A348: 8857125001359 | B348: เค้กเบาหวิวฝอยทอง 100 กรัม กล่องแดง | C348: เบาหวิว | D348: กล่อง | E348: 55.00 | F348: 45.00 | G348: 0 | H348: 0 | J348: ไม่ใช้งาน
A349: 8857125001366 | B349: ชิฟฟ่อนเค้กใบเตยสอดไส้ครีมมะพร้าวล้วน (8 ชิ้น) | C349: ชิฟฟอน | D349: กล่อง | E349: 130.00 | F349: 0.00 | G349: 0 | H349: 0 | J349: ใช้งาน
A350: 8857125001380 | B350: บราวน์นี่กรอบ | C350: คุ๊กกี้ ขนม | D350: กระปุก | E350: 50.00 | F350: 0.00 | G350: 0 | H350: 0 | J350: ใช้งาน
... A353: 8857125001427 | B353: ขนมปังหมูหยองมินิ | C353: ขนมปัง แซนวิส | D353: ชิ้น | E353: 50.00 | F353: 40.00 | G353: 0 | H353: 0 | J353: ใช้งาน
A354: 8857125001489 | B354: วุ้นเป็ด (6 ชิ้น) (N) | C354: วุ้น | D354: กล่อง | E354: 40.00 | F354: 0.00 | G354: 0 | H354: 0 | I354: ซัพนอก | J354: ใช้งาน
...

Sheet ต้นทุนพี่ตุ๊ก
A1: รหัสสินค้า | B1: ชื่อสินค้า | C1: ราคาต้นทุน
A2: 1111001 | B2: ชิฟฟ่อนเค้ก 1 ชิ้น
A3: 1111010 | B3: ชิฟฟ่อนเค้กสอดไส้แยม 1 ชิ้น
A4: 1112539 | B4: ชิฟฟ่อนเค้กสอดไส้ เมล่อน (3 ชิ้น)
A5: 20055116 | B5: ชิฟฟ่อนเค้กสอดไส้ครีมมะพร้าว 120g.
A6: 20055119 | B6: ชิฟฟ่อนเค้กฝอยทอง 95g.
A7: 1124027 | B7: ครีมฮอร์นใบเตย จัมโบ้ 65g.
A8: 1124029 | B8: ครีมฮอร์นชาไทย จัมโบ้ 65g.
A9: 20055115 | B9: ครีมฮอร์นคิทแคท 70g.
A10: 1200019 | B10: NP เค้กโบราณครีม 6 ชิ้น
A11: 1200020 | B11: NP เเค้กโบราณผลไม้ 6 ชิ้น
A12: 5002400 | B12: เค้กลาวา ฝอยทอง เล็ก
A13: 1113011 | B13: เค้กลาวา ฝอยทอง ใหญ่
A14: 1113010 | B14: เค้กลาวา ฝอยทองทูโทน ใหญ่
A15: 20054637 | B15: เอแคลร์คิทแคท 55g.
A16: 20056257 | B16: เอแคลร์ชาไทย 125g.
A17: 20054638 | B17: เครปเค้กคิทแคท 65g.
A18: 1113194 | B18: บานอฟฟี่ 140 กรัม
A19: 1006979 | B19: คัพเค้กไส้คัสตาร์ด
A20: 1300005 | B20: เค้กมะพร้าวลาวา 85 กรัม
A21: 1113157 | B21: เค้กลอดช่อง 85 กรัม
A22: 1113178 | B22: เค้กลอดช่องกล่องกลม 1 ปอนด์ 265 กรัม
A23: 1113179 | B23: เค้กลอดช่องกล่องกลม 2 ปอนด์ 325 กรัม
A24: 20053053 | B24: เค้กทุเรียน 90 กรัม
A25: 20055951 | B25: เค้กบัวลอยมะพร้าวอ่อน 100 กรัม
A26: 1113004 | B26: เค้กสามเหลี่ยม รสฝอยทองใบเตย
A27: 1111410 | B27: เค้กวันเกิดมะพร้าวอ่อน 1/2 ปอนด์
A28: 1111406 | B28: เค้กวันเกิดมะพร้าวอ่อน 1 ปอนด์
A29: 1111410 | B29: เค้กวันเกิด 1/2 ปอนด์ ธรรมดา
A30: 1113114 | B30: เค้กวันเกิด 1 ปอนด์ ธรรมดา
A31: 1200003 | B31: ท๊อฟฟี่ถั่ว (กระเช้า)
A32: 1200002 | B32: ท๊อฟฟี่ถั่ว (กล่อง)
A33: 1200001 | B33: คอนเฟลกคาราเมล (เล็ก)
A34: 1006002 | B34: วุ้นฝอยทอง (N)
A35: 25661201 | B35: วุ้นแฟนซี (N)
A36: 1113192 | B36: ปังนุ่มมะพร้าว 100 กรัม
A37: 1113193 | B37: ปังนุ่มชาไทย 100 กรัม
A38: 1113084 | B38: ขนมปังเนยนิ่ม (2 ชิ้น)
A39: 1124002 | B39: ขนมปังสังขยาใบเตยนมสด 4 ชิ้น
A40: 1113110 | B40: ขนมปังไก่หยองน้ำสลัด
A41: 1124039 | B41: ขนมปังไส้แยมสตรอเบอร์รี่ (ชิ้น)
A42: 1124038 | B42: ขนมปังไส้แยมบลูเบอร์รี่ (ชิ้น)
A43: 1115298 | B43: ขนมปังไส้รวมรส
A44: 1113111 | B44: ขนมปังทวิสช็อคโกแล็ต
A45: 1004054 | B45: ขนมปังแฮมมินิ
A46: 11140500 | B46: ขนมปังเลเยอร์
A47: 1114060 | B47: ขนมปุยฝ้าย สีขาว (4 ชิ้น)
A48: 1114058 | B48: ขนมปุยฝ้าย สีชมพู (4 ชิ้น)
A49: 1114059 | B49: ขนมปุยฝ้าย สีขาว (1 ปอนด์)
A50: 1114057 | B50: ขนมปุยฝ้าย สีชมพู (1 ปอนด์)
A51: 1114021 | B51: แซนด์วิช โบราณ
A52: 1300006 | B52: แซนด์วิช แฮมไข่ดาว
A53: 20053054 | B53: โดนัทไส้แยมสตรอเบอร์รี่ 110 กรัม
A54: 1200094 | B54: ขนมอาลัวแฟนซี
A55: 1113185 | B55: ข้าวเกรียบว่าว (กระปุก)
A56: 1200086 | B56: ทองม้วนกรอบ
A57: 25661209 | B57: ทองม้วนทรงเครื่อง
A58: 1113108 | B58: ปังเนยน้ำตาล
A59: 1005761 | B59: ปังกรอบคาราเมล
A60: 1113185 | B60: ข้าวเกรียบว่าว (กระปุก)
A61: 1100038 | B61: ข้าวแต๋นน้ำแตงโม
A62: 1120003 | B62: คุ๊กกี้สิงคโปร์
A63: 1124023 | B63: เปี๊ยะลาวาไข่เค็ม (1 ชิ้น)
A64: 1113143 | B64: กุนเชียง
A65: 1200027 | B65: หมูทุบ
A66: 1113140 | B66: หมูแผ่นกรอบ
A67: 1113141 | B67: หมูแท่งกรอบ
A68: 1113142 | B68: หมูหยอง
A69: 1113200 | B69: หมูฝอย
A70: 1120001 | B70: ผลไม้รวมเล็ก
A71: 1120002 | B71: ผลไม้รวมใหญ่
A72: 03102566 | B72: นมเปรี้ยว
A73: 1710256601 | B73: น้ำผลไม้ (กล่อง)
B74: น้ำเปล่า 600ml.
B75: เทียนวันเกิด
B76: จัดกระเช้า
B77: กระเช้า 12 นิ้ว
B78: กระเช้า 14 นิ้ว
B79: กระเช้า 16 นิ้ว
B80: โบว์กระเช้า
A81: 1710256602 | B81: กล่องจัดเบรค
A82: 1100011 | B82: ชุดจัดเบรค Set A
A83: 1100012 | B83: ชุดจัดเบรค Set B
A84: 1100013 | B84: ชุดจัดเบรค Set C

Sheet สรุป
A2: บูธ EVENT MakroHoReCa17 31 ต.ค. 67 -4 พ.ย. 67 | Q2: บูธ EVENT MakroHoReCa17 31 ต.ค. 67 -4 พ.ย. 67
A3: ลำดับ | B3: รหัสสินค้า (POS) | C3: รายการ | D3: หน่วย | E3: ยกมา | F3: รับ | G3: รวม | H3: เปลี่ยน/ | I3: โยกย้าย / ระบาย | J3: คงเหลือ | K3: รายการขาย | N3: หมายเหตุ | O3: ราคาต้นทุน | P3: ยอดรวมต้นทุนสินค้า | Q3: วันที่ | R3: ยอดเงิน | S3: ส่วนลด | T3: สแกนใช้สิทธิ์ | U3: ค่าโอนเงิน | V3: ค่าใช้จ่ายอื่นๆ | W3: โอนหน้าร้าน | X3: รับสุทธิ | Y3: ยอดโอนเงิน | Z3: โอนเกิน/โอนขาด | AA3: วัน | AB3: รวมยอดขายหลังหักค่าใช้จ่าย
H4: คืน/เสีย | K4: จำนวน | L4: @ | M4: เป็นเงิน
A5: 1 | B5: 8857125001328 | C5: ชิฟฟ่อนเค้ก รวมรส (4 ชิ้น) | D5: กล่อง | E5: =+ยกมา!J5 -> 0 | F5: =+'31.'!F5+'1'!F5+'2'!F5+'3'!F5 -> 15 | G5: =+E5+F5 -> 15 | H5: =+'31.'!H5+'1'!H5+'2'!H5+'3'!H5 -> 0 | I5: =+'31.'!I5+'1'!I5+'2'!I5+'3'!I5 -> 0 | J5: =E5+F5-H5-K5-I5 -> 0 | K5: =+'31.'!K5+'1'!K5+'2'!K5+'3'!K5 -> 15 | L5: 50 | M5: =+'31.'!M5+'1'!M5+'2'!M5+'3'!M5 -> 750 | O5: 22.48 | P5: =+K5*O5 -> 337.2 | Q5: 31 | R5: =+'31.'!N242 -> 15735 | S5: =+'31.'!N247 -> 1850 | T5: =+'31.'!N245 -> 0 | U5: =+'31.'!N243 -> 0 | V5: =+'31.'!N246 -> 0 | W5: =+'31.'!N244 -> 10370 | X5: =+R5-S5-T5-U5-V5-W5 -> 3515 | Y5: =+'31.'!N249 -> 3273 | Z5: =+Y5-X5 -> -242 | AA5: พฤหัสบดี | AB5: =+W5+Y5 -> 13643 | AC5: =+W5+Y5+Z5 -> 13401
A6: 2 | B6: 8857125001311 | C6: ชิฟฟ่อนเค้ก รวมรส (8 ชิ้น) | D6: กล่อง | E6: =+ยกมา!J6 -> 0 | F6: =+'31.'!F6+'1'!F6+'2'!F6+'3'!F6 -> 15 | G6: =+E6+F6 -> 15 | H6: =+'31.'!H6+'1'!H6+'2'!H6+'3'!H6 -> 0 | I6: =+'31.'!I6+'1'!I6+'2'!I6+'3'!I6 -> 0 | J6: =E6+F6-H6-K6-I6 -> 5 | K6: =+'31.'!K6+'1'!K6+'2'!K6+'3'!K6 -> 10 | L6: 100 | M6: =+'31.'!M6+'1'!M6+'2'!M6+'3'!M6 -> 1000 | O6: 39.29 | P6: =+K6*O6 -> 392.9 | Q6: 1 | R6: =+'1'!N242 -> 0 | S6: =+'1'!N247 -> 0 | T6: =+'1'!N245 -> 0 | U6: =+'1'!N243 -> 0 | V6: =+'1'!N246 -> 0 | W6: =+'1'!N244 -> 0 | X6: =+R6-S6-T6-U6-V6-W6 -> 0 | Y6: =+'1'!N249 -> 0 | Z6: =+Y6-X6 -> 0 | AA6: ศุกร์ | AB6: =+W6+Y6 -> 0 | AC6: =+W6+Y6+Z6 -> 0
A7: 3 | B7: 8857125003841 | C7: ชิฟฟ่อนเค้ก รสกาแฟ (4 ชิ้น) | D7: ชิ้น | E7: =+ยกมา!J7 -> 0 | F7: =+'31.'!F7+'1'!F7+'2'!F7+'3'!F7 -> 5 | G7: =+E7+F7 -> 5 | H7: =+'31.'!H7+'1'!H7+'2'!H7+'3'!H7 -> 0 | I7: =+'31.'!I7+'1'!I7+'2'!I7+'3'!I7 -> 0 | J7: =E7+F7-H7-K7-I7 -> 1 | K7: =+'31.'!K7+'1'!K7+'2'!K7+'3'!K7 -> 4 | L7: 50 | M7: =+'31.'!M7+'1'!M7+'2'!M7+'3'!M7 -> 200 | O7: 26.11 | P7: =+K7*O7 -> 104.44 | Q7: 2 | R7: =+'2'!N242 -> 0 | S7: =+'2'!N247 -> 0 | T7: =+'2'!N245 -> 0 | U7: =+'2'!N243 -> 0 | V7: =+'2'!N246 -> 0 | W7: =+'2'!N244 -> 0 | X7: =+R7-S7-T7-U7-V7-W7 -> 0 | Y7: =+'2'!N249 -> 0 | Z7: =+Y7-X7 -> 0 | AA7: เสาร์ | AB7: =+W7+Y7 -> 0 | AC7: =+W7+Y7+Z7 -> 0
A8: 4 | B8: 8857125003827 | C8: ชิฟฟ่อนเค้ก รสกาแฟ (8 ชิ้น) | D8: กล่อง | E8: =+ยกมา!J8 -> 0 | F8: =+'31.'!F8+'1'!F8+'2'!F8+'3'!F8 -> 0 | G8: =+E8+F8 -> 0 | H8: =+'31.'!H8+'1'!H8+'2'!H8+'3'!H8 -> 0 | I8: =+'31.'!I8+'1'!I8+'2'!I8+'3'!I8 -> 0 | J8: =E8+F8-H8-K8-I8 -> 0 | K8: =+'31.'!K8+'1'!K8+'2'!K8+'3'!K8 -> 0 | L8: 100 | M8: =+'31.'!M8+'1'!M8+'2'!M8+'3'!M8 -> 0 | O8: 33.89 | P8: =+K8*O8 -> 0 | Q8: 3 | R8: =+'3'!N242 -> 0 | S8: =+'3'!N247 -> 0 | T8: =+'3'!N245 -> 0 | U8: =+'3'!N243 -> 0 | V8: =+'3'!N246 -> 0 | W8: =+'3'!N244 -> 0 | X8: =+R8-S8-T8-U8-V8-W8 -> 0 | Y8: =+'3'!N249 -> 0 | Z8: =+Y8-X8 -> 0 | AA8: อาทิตย์ | AB8: =+W8+Y8 -> 0 | AC8: =+W8+Y8+Z8 -> 0
A9: 5 | B9: 8857125002257 | C9: ชิฟฟ่อนเค้ก 1 ชิ้น | D9: ชิ้น | E9: =+ยกมา!J9 -> 0 | F9: =+'31.'!F9+'1'!F9+'2'!F9+'3'!F9 -> 0 | G9: =+E9+F9 -> 0 | H9: =+'31.'!H9+'1'!H9+'2'!H9+'3'!H9 -> 0 | I9: =+'31.'!I9+'1'!I9+'2'!I9+'3'!I9 -> 0 | J9: =E9+F9-H9-K9-I9 -> 0 | K9: =+'31.'!K9+'1'!K9+'2'!K9+'3'!K9 -> 0 | L9: 10 | M9: =+'31.'!M9+'1'!M9+'2'!M9+'3'!M9 -> 0 | P9: =+K9*O9 -> 0 | R9: =SUM(R5:R8) -> 15735 | S9: =SUM(S5:S8) -> 1850 | T9: =SUM(T5:T8) -> 0 | U9: =SUM(U5:U8) -> 0 | V9: =SUM(V5:V8) -> 0 | W9: =SUM(W5:W8) -> 10370 | X9: =SUM(X5:X8) -> 3515 | Y9: =SUM(Y5:Y8) -> 3273 | ... AB9: =SUM(AB5:AB8) -> 13643
A10: 6 | B10: 8857125002264 | C10: ชิฟฟ่อนเค้กสอดไส้แยม 1 ชิ้น | D10: ชิ้น | E10: =+ยกมา!J10 -> 0 | F10: =+'31.'!F10+'1'!F10+'2'!F10+'3'!F10 -> 0 | G10: =+E10+F10 -> 0 | H10: =+'31.'!H10+'1'!H10+'2'!H10+'3'!H10 -> 0 | I10: =+'31.'!I10+'1'!I10+'2'!I10+'3'!I10 -> 0 | J10: =E10+F10-H10-K10-I10 -> 0 | K10: =+'31.'!K10+'1'!K10+'2'!K10+'3'!K10 -> 0 | L10: 15 | M10: =+'31.'!M10+'1'!M10+'2'!M10+'3'!M10 -> 0 | P10: =+K10*O10 -> 0
A11: 7 | B11: 8857125001830 | C11: ชิฟฟ่อนเค้กสอดไส้ รวมรส (3 ชิ้น) | D11: กล่อง | E11: =+ยกมา!J11 -> 0 | F11: =+'31.'!F11+'1'!F11+'2'!F11+'3'!F11 -> 10 | G11: =+E11+F11 -> 10 | H11: =+'31.'!H11+'1'!H11+'2'!H11+'3'!H11 -> 0 | I11: =+'31.'!I11+'1'!I11+'2'!I11+'3'!I11 -> 0 | J11: =E11+F11-H11-K11-I11 -> 4 | K11: =+'31.'!K11+'1'!K11+'2'!K11+'3'!K11 -> 6 | L11: 50 | M11: =+'31.'!M11+'1'!M11+'2'!M11+'3'!M11 -> 300 | O11: 16.94 | P11: =+K11*O11 -> 101.64 | AA11: ขาด
A12: 8 | B12: 1112539 | C12: ชิฟฟ่อนเค้กสอดไส้ เมล่อน (3 ชิ้น) | D12: กล่อง | E12: =+ยกมา!J12 -> 0 | F12: =+'31.'!F12+'1'!F12+'2'!F12+'3'!F12 -> 0 | G12: =+E12+F12 -> 0 | H12: =+'31.'!H12+'1'!H12+'2'!H12+'3'!H12 -> 0 | I12: =+'31.'!I12+'1'!I12+'2'!I12+'3'!I12 -> 0 | J12: =E12+F12-H12-K12-I12 -> 0 | K12: =+'31.'!K12+'1'!K12+'2'!K12+'3'!K12 -> 0 | L12: 50 | M12: =+'31.'!M12+'1'!M12+'2'!M12+'3'!M12 -> 0 | P12: =+K12*O12 -> 0 | R12: 06 | S12: NOTE : | T12: ค่าคอมมิชชั่นพิเศษ วันจันทร์ - ศุกร์ ยอดขายหลังหักค่าใช้จ่ายเกิน 7,000 บาท รับค่าคอมมิชชั่น (พิเศษ) 100 บาท | AA12: =3273-6270 -> -2997
A13: 9 | B13: 8857125000055 | C13: ชิฟฟ่อนเค้กสอดไส้แยม รสบลูเบอร์รี่ (3 ชิ้น) | D13: กล่อง | E13: =+ยกมา!J13 -> 0 | F13: =+'31.'!F13+'1'!F13+'2'!F13+'3'!F13 -> 0 | G13: =+E13+F13 -> 0 | H13: =+'31.'!H13+'1'!H13+'2'!H13+'3'!H13 -> 0 | I13: =+'31.'!I13+'1'!I13+'2'!I13+'3'!I13 -> 0 | J13: =E13+F13-H13-K13-I13 -> 0 | K13: =+'31.'!K13+'1'!K13+'2'!K13+'3'!K13 -> 0 | L13: 50 | M13: =+'31.'!M13+'1'!M13+'2'!M13+'3'!M13 -> 0 | O13: 17.32 | P13: =+K13*O13 -> 0 | T13: ค่าคอมมิชชั่นพิเศษ วันเสาร์ - อาทิตย์ ยอดขายหลังหักค่าใช้จ่ายเกิน 10,000 บาท รับค่าคอมมิชชั่น (พิเศษ) 100 บาท
A14: 10 | B14: 8857125000987 | C14: ชิฟฟ่อนเค้กสอดไส้แยม รสส้ม (3 ชิ้น) | D14: กล่อง | E14: =+ยกมา!J14 -> 0 | F14: =+'31.'!F14+'1'!F14+'2'!F14+'3'!F14 -> 5 | G14: =+E14+F14 -> 5 | H14: =+'31.'!H14+'1'!H14+'2'!H14+'3'!H14 -> 0 | I14: =+'31.'!I14+'1'!I14+'2'!I14+'3'!I14 -> 0 | J14: =E14+F14-H14-K14-I14 -> 2 | K14: =+'31.'!K14+'1'!K14+'2'!K14+'3'!K14 -> 3 | L14: 50 | M14: =+'31.'!M14+'1'!M14+'2'!M14+'3'!M14 -> 150 | O14: 21.22 | P14: =+K14*O14 -> 63.66 | T14: ** วันที่ได้ค่าคอมมิชชั่นพิเศษไฮไลท์ด้วยสีเหลือง
A15: 11 | B15: 8857125000246 | C15: ชิฟฟ่อนเค้กหน้าฝอยทอง สอดไส้แยมส้ม (3 ชิ้น) | D15: กล่อง | E15: =+ยกมา!J15 -> 0 | F15: =+'31.'!F15+'1'!F15+'2'!F15+'3'!F15 -> 0 | G15: =+E15+F15 -> 0 | H15: =+'31.'!H15+'1'!H15+'2'!H15+'3'!H15 -> 0 | I15: =+'31.'!I15+'1'!I15+'2'!I15+'3'!I15 -> 0 | J15: =E15+F15-H15-K15-I15 -> 0 | K15: =+'31.'!K15+'1'!K15+'2'!K15+'3'!K15 -> 0 | L15: 50 | M15: =+'31.'!M15+'1'!M15+'2'!M15+'3'!M15 -> 0 | O15: 24.37 | P15: =+K15*O15 -> 0
A16: 12 | C16: ชิฟฟ่อนเค้กหน้าฝอยทองทูโทน สอดไส้แยมส้ม (3 ชิ้น) | D16: กล่อง | E16: =+ยกมา!J16 -> 0 | F16: =+'31.'!F16+'1'!F16+'2'!F16+'3'!F16 -> 0 | G16: =+E16+F16 -> 0 | H16: =+'31.'!H16+'1'!H16+'2'!H16+'3'!H16 -> 0 | I16: =+'31.'!I16+'1'!I16+'2'!I16+'3'!I16 -> 0 | J16: =E16+F16-H16-K16-I16 -> 0 | K16: =+'31.'!K16+'1'!K16+'2'!K16+'3'!K16 -> 0 | L16: 50 | M16: =+'31.'!M16+'1'!M16+'2'!M16+'3'!M16 -> 0 | P16: =+K16*O16 -> 0
A17: 13 | B17: 8857125000024 | C17: ชิฟฟ่อนเค้กสอดไส้แยม รสสตรอว์เบอรี่ (3 ชิ้น) | D17: กล่อง | E17: =+ยกมา!J17 -> 0 | F17: =+'31.'!F17+'1'!F17+'2'!F17+'3'!F17 -> 0 | G17: =+E17+F17 -> 0 | H17: =+'31.'!H17+'1'!H17+'2'!H17+'3'!H17 -> 0 | I17: =+'31.'!I17+'1'!I17+'2'!I17+'3'!I17 -> 0 | J17: =E17+F17-H17-K17-I17 -> 0 | K17: =+'31.'!K17+'1'!K17+'2'!K17+'3'!K17 -> 0 | L17: 50 | M17: =+'31.'!M17+'1'!M17+'2'!M17+'3'!M17 -> 0 | O17: 15.05 | P17: =+K17*O17 -> 0
A18: 14 | B18: 8857125000086 | C18: ชิฟฟ่อนเค้กสอดไส้ เนยมะพร้าว (3 ชิ้น) | D18: กล่อง | E18: =+ยกมา!J18 -> 0 | F18: =+'31.'!F18+'1'!F18+'2'!F18+'3'!F18 -> 5 | G18: =+E18+F18 -> 5 | H18: =+'31.'!H18+'1'!H18+'2'!H18+'3'!H18 -> 0 | I18: =+'31.'!I18+'1'!I18+'2'!I18+'3'!I18 -> 0 | J18: =E18+F18-H18-K18-I18 -> 4 | K18: =+'31.'!K18+'1'!K18+'2'!K18+'3'!K18 -> 1 | L18: 50 | M18: =+'31.'!M18+'1'!M18+'2'!M18+'3'!M18 -> 50 | O18: 18.77 | P18: =+K18*O18 -> 18.77
A19: 15 | B19: 8857125000239 | C19: ชิฟฟ่อนเค้กสอดไส้ นมชมพูฮอกไกโด (3 ชิ้น) | D19: กล่อง | E19: =+ยกมา!J19 -> 0 | F19: =+'31.'!F19+'1'!F19+'2'!F19+'3'!F19 -> 0 | G19: =+E19+F19 -> 0 | H19: =+'31.'!H19+'1'!H19+'2'!H19+'3'!H19 -> 0 | I19: =+'31.'!I19+'1'!I19+'2'!I19+'3'!I19 -> 0 | J19: =E19+F19-H19-K19-I19 -> 0 | K19: =+'31.'!K19+'1'!K19+'2'!K19+'3'!K19 -> 0 | L19: 50 | M19: =+'31.'!M19+'1'!M19+'2'!M19+'3'!M19 -> 0 | O19: 19.04 | P19: =+K19*O19 -> 0
A20: 16 | B20: 8857125001816 | C20: ชิฟฟ่อน สอดไส้ (ล) 4 ชิ้น ครีมมะพร้าว | D20: กล่อง | E20: =+ยกมา!J20 -> 0 | F20: =+'31.'!F20+'1'!F20+'2'!F20+'3'!F20 -> 5 | G20: =+E20+F20 -> 5 | H20: =+'31.'!H20+'1'!H20+'2'!H20+'3'!H20 -> 0 | I20: =+'31.'!I20+'1'!I20+'2'!I20+'3'!I20 -> 0 | J20: =E20+F20-H20-K20-I20 -> 0 | K20: =+'31.'!K20+'1'!K20+'2'!K20+'3'!K20 -> 5 | L20: 65 | M20: =+'31.'!M20+'1'!M20+'2'!M20+'3'!M20 -> 325 | O20: 22.25 | P20: =+K20*O20 -> 111.25
A21: 17 | B21: 8857125001021 | C21: ชิฟฟ่อน สอดไส้ (ก) 5 ชิ้น ครีมมะพร้าว | D21: กล่อง | E21: =+ยกมา!J21 -> 0 | F21: =+'31.'!F21+'1'!F21+'2'!F21+'3'!F21 -> 0 | G21: =+E21+F21 -> 0 | H21: =+'31.'!H21+'1'!H21+'2'!H21+'3'!H21 -> 0 | I21: =+'31.'!I21+'1'!I21+'2'!I21+'3'!I21 -> 0 | J21: =E21+F21-H21-K21-I21 -> 0 | K21: =+'31.'!K21+'1'!K21+'2'!K21+'3'!K21 -> 0 | L21: 85 | M21: =+'31.'!M21+'1'!M21+'2'!M21+'3'!M21 -> 0 | O21: 22.85 | P21: =+K21*O21 -> 0
A22: 18 | B22: 8857125000956 | C22: ชิฟฟ่อนเค้กสอดไส้ รวมรส (6 ชิ้น) | D22: กล่อง | E22: =+ยกมา!J22 -> 0 | F22: =+'31.'!F22+'1'!F22+'2'!F22+'3'!F22 -> 10 | G22: =+E22+F22 -> 10 | H22: =+'31.'!H22+'1'!H22+'2'!H22+'3'!H22 -> 0 | I22: =+'31.'!I22+'1'!I22+'2'!I22+'3'!I22 -> 0 | J22: =E22+F22-H22-K22-I22 -> 4 | K22: =+'31.'!K22+'1'!K22+'2'!K22+'3'!K22 -> 6 | L22: 100 | M22: =+'31.'!M22+'1'!M22+'2'!M22+'3'!M22 -> 600 | O22: 26.6 | P22: =+K22*O22 -> 159.6
A23: 19 | B23: 8857125000918 | C23: ชิฟฟ่อนเค้กสอดไส้แยม รสส้ม (6 ชิ้น) | D23: กล่อง | E23: =+ยกมา!J23 -> 0 | F23: =+'31.'!F23+'1'!F23+'2'!F23+'3'!F23 -> 0 | G23: =+E23+F23 -> 0 | H23: =+'31.'!H23+'1'!H23+'2'!H23+'3'!H23 -> 0 | I23: =+'31.'!I23+'1'!I23+'2'!I23+'3'!I23 -> 0 | J23: =E23+F23-H23-K23-I23 -> 0 | K23: =+'31.'!K23+'1'!K23+'2'!K23+'3'!K23 -> 0 | L23: 100 | M23: =+'31.'!M23+'1'!M23+'2'!M23+'3'!M23 -> 0 | O23: 42.24 | P23: =+K23*O23 -> 0
A24: 20 | B24: 8857125000970 | C24: ชิฟฟ่อนเค้กหน้าฝอยทอง สอดไส้แยมส้ม (6 ชิ้น) | D24: กล่อง | E24: =+ยกมา!J24 -> 0 | F24: =+'31.'!F24+'1'!F24+'2'!F24+'3'!F24 -> 5 | G24: =+E24+F24 -> 5 | H24: =+'31.'!H24+'1'!H24+'2'!H24+'3'!H24 -> 0 | I24: =+'31.'!I24+'1'!I24+'2'!I24+'3'!I24 -> 0 | J24: =E24+F24-H24-K24-I24 -> 5 | K24: =+'31.'!K24+'1'!K24+'2'!K24+'3'!K24 -> 0 | L24: 100 | M24: =+'31.'!M24+'1'!M24+'2'!M24+'3'!M24 -> 0 | O24: 40.51 | P24: =+K24*O24 -> 0
A25: 21 | B25: 8857125003810 | C25: ชิฟฟ่อนเค้กหน้าฝอยทองทูโทน สอดไส้แยมส้ม (6 ชิ้น) | D25: กล่อง | E25: =+ยกมา!J25 -> 0 | F25: =+'31.'!F25+'1'!F25+'2'!F25+'3'!F25 -> 5 | G25: =+E25+F25 -> 5 | H25: =+'31.'!H25+'1'!H25+'2'!H25+'3'!H25 -> 0 | I25: =+'31.'!I25+'1'!I25+'2'!I25+'3'!I25 -> 0 | J25: =E25+F25-H25-K25-I25 -> 5 | K25: =+'31.'!K25+'1'!K25+'2'!K25+'3'!K25 -> 0 | L25: 100 | M25: =+'31.'!M25+'1'!M25+'2'!M25+'3'!M25 -> 0 | O25: 39.77 | P25: =+K25*O25 -> 0
A26: 22 | B26: 8857125000963 | C26: ชิฟฟ่อนเค้กสอดไส้ นมชมพูฮอกไกโด (6 ชิ้น) | D26: กล่อง | E26: =+ยกมา!J26 -> 0 | F26: =+'31.'!F26+'1'!F26+'2'!F26+'3'!F26 -> 0 | G26: =+E26+F26 -> 0 | H26: =+'31.'!H26+'1'!H26+'2'!H26+'3'!H26 -> 0 | I26: =+'31.'!I26+'1'!I26+'2'!I26+'3'!I26 -> 0 | J26: =E26+F26-H26-K26-I26 -> 0 | K26: =+'31.'!K26+'1'!K26+'2'!K26+'3'!K26 -> 0 | L26: 100 | M26: =+'31.'!M26+'1'!M26+'2'!M26+'3'!M26 -> 0 | O26: 35.39 | P26: =+K26*O26 -> 0
A27: 23 | B27: 8857125000932 | C27: ชิฟฟ่อนเค้กสอดไส้แยม รสบลูเบอร์รี่ (6 ชิ้น) | D27: กล่อง | E27: =+ยกมา!J27 -> 0 | F27: =+'31.'!F27+'1'!F27+'2'!F27+'3'!F27 -> 0 | G27: =+E27+F27 -> 0 | H27: =+'31.'!H27+'1'!H27+'2'!H27+'3'!H27 -> 0 | I27: =+'31.'!I27+'1'!I27+'2'!I27+'3'!I27 -> 0 | J27: =E27+F27-H27-K27-I27 -> 0 | K27: =+'31.'!K27+'1'!K27+'2'!K27+'3'!K27 -> 0 | L27: 100 | M27: =+'31.'!M27+'1'!M27+'2'!M27+'3'!M27 -> 0 | O27: 31.62 | P27: =+K27*O27 -> 0
A28: 24 | B28: 8857125000895 | C28: ชิฟฟ่อนเค้กสอดไส้ เนยมะพร้าว (6 ชิ้น) | D28: กล่อง | E28: =+ยกมา!J28 -> 0 | F28: =+'31.'!F28+'1'!F28+'2'!F28+'3'!F28 -> 5 | G28: =+E28+F28 -> 5 | H28: =+'31.'!H28+'1'!H28+'2'!H28+'3'!H28 -> 0 | I28: =+'31.'!I28+'1'!I28+'2'!I28+'3'!I28 -> 0 | J28: =E28+F28-H28-K28-I28 -> 5 | K28: =+'31.'!K28+'1'!K28+'2'!K28+'3'!K28 -> 0 | L28: 100 | M28: =+'31.'!M28+'1'!M28+'2'!M28+'3'!M28 -> 0 | O28: 31.97 | P28: =+K28*O28 -> 0
A29: 25 | B29: 8857125000901 | C29: ชิฟฟ่อนเค้กสอดไส้แยม รสสตรอว์เบอรี่ (6 ชิ้น) | D29: กล่อง | E29: =+ยกมา!J29 -> 0 | F29: =+'31.'!F29+'1'!F29+'2'!F29+'3'!F29 -> 0 | G29: =+E29+F29 -> 0 | H29: =+'31.'!H29+'1'!H29+'2'!H29+'3'!H29 -> 0 | I29: =+'31.'!I29+'1'!I29+'2'!I29+'3'!I29 -> 0 | J29: =E29+F29-H29-K29-I29 -> 0 | K29: =+'31.'!K29+'1'!K29+'2'!K29+'3'!K29 -> 0 | L29: 100 | M29: =+'31.'!M29+'1'!M29+'2'!M29+'3'!M29 -> 0 | O29: 21.27 | P29: =+K29*O29 -> 0
A30: 26 | B30: 8857125001571 | C30: ชิฟฟอนเค้ก รสมะลิ 8ชิ้น (ห่อซีน) | D30: กล่อง | E30: =+ยกมา!J30 -> 0 | F30: =+'31.'!F30+'1'!F30+'2'!F30+'3'!F30 -> 0 | G30: =+E30+F30 -> 0 | H30: =+'31.'!H30+'1'!H30+'2'!H30+'3'!H30 -> 0 | I30: =+'31.'!I30+'1'!I30+'2'!I30+'3'!I30 -> 0 | J30: =E30+F30-H30-K30-I30 -> 0 | K30: =+'31.'!K30+'1'!K30+'2'!K30+'3'!K30 -> 0 | L30: 100 | M30: =+'31.'!M30+'1'!M30+'2'!M30+'3'!M30 -> 0 | O30: 34.26 | P30: =+K30*O30 -> 0
A31: 27 | B31: 8857125002127 | C31: ชิฟฟ่อนรวมรส ยอดฮิต (8 ชิ้น) | D31: กล่อง | E31: =+ยกมา!J31 -> 0 | F31: =+'31.'!F31+'1'!F31+'2'!F31+'3'!F31 -> 10 | G31: =+E31+F31 -> 10 | H31: =+'31.'!H31+'1'!H31+'2'!H31+'3'!H31 -> 0 | I31: =+'31.'!I31+'1'!I31+'2'!I31+'3'!I31 -> 0 | J31: =E31+F31-H31-K31-I31 -> 4 | K31: =+'31.'!K31+'1'!K31+'2'!K31+'3'!K31 -> 6 | L31: 100 | M31: =+'31.'!M31+'1'!M31+'2'!M31+'3'!M31 -> 600 | O31: 38.46 | P31: =+K31*O31 -> 230.76
A32: 28 | B32: 8857125000130 | C32: ชิฟฟ่อนเค้ก วรรณวนัช (สอดไส้รวมรส 8 ชิ้น) | D32: กล่อง | E32: =+ยกมา!J32 -> 0 | F32: =+'31.'!F32+'1'!F32+'2'!F32+'3'!F32 -> 0 | G32: =+E32+F32 -> 0 | H32: =+'31.'!H32+'1'!H32+'2'!H32+'3'!H32 -> 0 | I32: =+'31.'!I32+'1'!I32+'2'!I32+'3'!I32 -> 0 | J32: =E32+F32-H32-K32-I32 -> 0 | K32: =+'31.'!K32+'1'!K32+'2'!K32+'3'!K32 -> 0 | L32: 130 | M32: =+'31.'!M32+'1'!M32+'2'!M32+'3'!M32 -> 0 | O32: 46.37 | P32: =+K32*O32 -> 0
A33: 29 | B33: 8857125003773 | C33: ชิฟฟ่อนเค้กมะพร้าวสอดไส้ครีมมะพร้าวล้วน (8 ชิ้น) | D33: กล่อง | E33: =+ยกมา!J33 -> 0 | F33: =+'31.'!F33+'1'!F33+'2'!F33+'3'!F33 -> 0 | G33: =+E33+F33 -> 0 | H33: =+'31.'!H33+'1'!H33+'2'!H33+'3'!H33 -> 0 | I33: =+'31.'!I33+'1'!I33+'2'!I33+'3'!I33 -> 0 | J33: =E33+F33-H33-K33-I33 -> 0 | K33: =+'31.'!K33+'1'!K33+'2'!K33+'3'!K33 -> 0 | L33: 130 | M33: =+'31.'!M33+'1'!M33+'2'!M33+'3'!M33 -> 0 | O33: 38.9 | P33: =+K33*O33 -> 0
A34: 30 | B34: 8857125001366 | C34: ชิฟฟ่อนเค้กใบเตยสอดไส้ครีมมะพร้าวล้วน (8 ชิ้น) | D34: กล่อง | E34: =+ยกมา!J34 -> 0 | F34: =+'31.'!F34+'1'!F34+'2'!F34+'3'!F34 -> 0 | G34: =+E34+F34 -> 0 | H34: =+'31.'!H34+'1'!H34+'2'!H34+'3'!H34 -> 0 | I34: =+'31.'!I34+'1'!I34+'2'!I34+'3'!I34 -> 0 | J34: =E34+F34-H34-K34-I34 -> 0 | K34: =+'31.'!K34+'1'!K34+'2'!K34+'3'!K34 -> 0 | L34: 130 | M34: =+'31.'!M34+'1'!M34+'2'!M34+'3'!M34 -> 0 | O34: 38.07 | P34: =+K34*O34 -> 0
A35: 31 | B35: 8857125001397 | C35: ชิฟฟ่อนเค้กใบเตยทูโทนและสอดไส้ครีมมะพร้าว (8 ชิ้น) | D35: กล่อง | E35: =+ยกมา!J35 -> 0 | F35: =+'31.'!F35+'1'!F35+'2'!F35+'3'!F35 -> 0 | G35: =+E35+F35 -> 0 | H35: =+'31.'!H35+'1'!H35+'2'!H35+'3'!H35 -> 0 | I35: =+'31.'!I35+'1'!I35+'2'!I35+'3'!I35 -> 0 | J35: =E35+F35-H35-K35-I35 -> 0 | K35: =+'31.'!K35+'1'!K35+'2'!K35+'3'!K35 -> 0 | L35: 130 | M35: =+'31.'!M35+'1'!M35+'2'!M35+'3'!M35 -> 0 | O35: 40.8 | P35: =+K35*O35 -> 0
A36: 32 | B36: 885712004534 | C36: ชิฟฟ่อนเค้กสอดไส้ครีมมะพร้าว 120g. | D36: ชิ้น | E36: =+ยกมา!J36 -> 0 | F36: =+'31.'!F36+'1'!F36+'2'!F36+'3'!F36 -> 0 | G36: =+E36+F36 -> 0 | H36: =+'31.'!H36+'1'!H36+'2'!H36+'3'!H36 -> 0 | I36: =+'31.'!I36+'1'!I36+'2'!I36+'3'!I36 -> 0 | J36: =E36+F36-H36-K36-I36 -> 0 | K36: =+'31.'!K36+'1'!K36+'2'!K36+'3'!K36 -> 0 | L36: 35 | M36: =+'31.'!M36+'1'!M36+'2'!M36+'3'!M36 -> 0 | P36: =+K36*O36 -> 0
A37: 33 | B37: 20055119 | C37: ชิฟฟ่อนเค้กฝอยทอง 95g. | D37: กล่อง | E37: =+ยกมา!J37 -> 0 | F37: =+'31.'!F37+'1'!F37+'2'!F37+'3'!F37 -> 0 | G37: =+E37+F37 -> 0 | H37: =+'31.'!H37+'1'!H37+'2'!H37+'3'!H37 -> 0 | I37: =+'31.'!I37+'1'!I37+'2'!I37+'3'!I37 -> 0 | J37: =E37+F37-H37-K37-I37 -> 0 | K37: =+'31.'!K37+'1'!K37+'2'!K37+'3'!K37 -> 0 | L37: 35 | M37: =+'31.'!M37+'1'!M37+'2'!M37+'3'!M37 -> 0 | P37: =+K37*O37 -> 0
A38: 34 | C38: ชิฟฟ่อนหม้อแกง | D38: กล่อง | E38: =+ยกมา!J38 -> 0 | F38: =+'31.'!F38+'1'!F38+'2'!F38+'3'!F38 -> 0 | G38: =+E38+F38 -> 0 | H38: =+'31.'!H38+'1'!H38+'2'!H38+'3'!H38 -> 0 | I38: =+'31.'!I38+'1'!I38+'2'!I38+'3'!I38 -> 0 | J38: =E38+F38-H38-K38-I38 -> 0 | K38: =+'31.'!K38+'1'!K38+'2'!K38+'3'!K38 -> 0 | L38: 35 | M38: =+'31.'!M38+'1'!M38+'2'!M38+'3'!M38 -> 0 | P38: =+K38*O38 -> 0
A39: 35 | B39: 8857125000611 | C39: ครีมฮอร์น วนิลา | D39: กล่อง | E39: =+ยกมา!J39 -> 0 | F39: =+'31.'!F39+'1'!F39+'2'!F39+'3'!F39 -> 5 | G39: =+E39+F39 -> 5 | H39: =+'31.'!H39+'1'!H39+'2'!H39+'3'!H39 -> 3 | I39: =+'31.'!I39+'1'!I39+'2'!I39+'3'!I39 -> 0 | J39: =E39+F39-H39-K39-I39 -> 0 | K39: =+'31.'!K39+'1'!K39+'2'!K39+'3'!K39 -> 2 | L39: 50 | M39: =+'31.'!M39+'1'!M39+'2'!M39+'3'!M39 -> 100 | O39: 27.84 | P39: =+K39*O39 -> 55.68
A40: 36 | B40: 8857125000604 | C40: ครีมฮอร์น ใบเตย | D40: กล่อง | E40: =+ยกมา!J40 -> 0 | F40: =+'31.'!F40+'1'!F40+'2'!F40+'3'!F40 -> 5 | G40: =+E40+F40 -> 5 | H40: =+'31.'!H40+'1'!H40+'2'!H40+'3'!H40 -> 4 | I40: =+'31.'!I40+'1'!I40+'2'!I40+'3'!I40 -> 0 | J40: =E40+F40-H40-K40-I40 -> 0 | K40: =+'31.'!K40+'1'!K40+'2'!K40+'3'!K40 -> 1 | L40: 50 | M40: =+'31.'!M40+'1'!M40+'2'!M40+'3'!M40 -> 50 | O40: 27.12 | P40: =+K40*O40 -> 27.12
A41: 37 | B41: 8857125000598 | C41: ครีมฮอร์น ช็อคโกแลต | D41: กล่อง | E41: =+ยกมา!J41 -> 0 | F41: =+'31.'!F41+'1'!F41+'2'!F41+'3'!F41 -> 5 | G41: =+E41+F41 -> 5 | H41: =+'31.'!H41+'1'!H41+'2'!H41+'3'!H41 -> 4 | I41: =+'31.'!I41+'1'!I41+'2'!I41+'3'!I41 -> 0 | J41: =E41+F41-H41-K41-I41 -> 0 | K41: =+'31.'!K41+'1'!K41+'2'!K41+'3'!K41 -> 1 | L41: 50 | M41: =+'31.'!M41+'1'!M41+'2'!M41+'3'!M41 -> 50 | O41: 15.42 | P41: =+K41*O41 -> 15.42
A42: 38 | B42: 8857125004015 | C42: ครีมฮอร์นวนิลา จัมโบ้ 65g. | D42: ชิ้น | E42: =+ยกมา!J42 -> 0 | F42: =+'31.'!F42+'1'!F42+'2'!F42+'3'!F42 -> 0 | G42: =+E42+F42 -> 0 | H42: =+'31.'!H42+'1'!H42+'2'!H42+'3'!H42 -> 0 | I42: =+'31.'!I42+'1'!I42+'2'!I42+'3'!I42 -> 0 | J42: =E42+F42-H42-K42-I42 -> 0 | K42: =+'31.'!K42+'1'!K42+'2'!K42+'3'!K42 -> 0 | L42: 25 | M42: =+'31.'!M42+'1'!M42+'2'!M42+'3'!M42 -> 0 | O42: 15.55 | P42: =+K42*O42 -> 0
A43: 39 | B43: 8857125004022 | C43: ครีมฮอร์นใบเตย จัมโบ้ 65g. | D43: ชิ้น | E43: =+ยกมา!J43 -> 0 | F43: =+'31.'!F43+'1'!F43+'2'!F43+'3'!F43 -> 0 | G43: =+E43+F43 -> 0 | H43: =+'31.'!H43+'1'!H43+'2'!H43+'3'!H43 -> 0 | I43: =+'31.'!I43+'1'!I43+'2'!I43+'3'!I43 -> 0 | J43: =E43+F43-H43-K43-I43 -> 0 | K43: =+'31.'!K43+'1'!K43+'2'!K43+'3'!K43 -> 0 | L43: 25 | M43: =+'31.'!M43+'1'!M43+'2'!M43+'3'!M43 -> 0 | P43: =+K43*O43 -> 0
A44: 40 | B44: 8857125004411 | C44: ครีมฮอร์นชาไทย จัมโบ้ 65g. | D44: ชิ้น | E44: =+ยกมา!J44 -> 0 | F44: =+'31.'!F44+'1'!F44+'2'!F44+'3'!F44 -> 0 | G44: =+E44+F44 -> 0 | H44: =+'31.'!H44+'1'!H44+'2'!H44+'3'!H44 -> 0 | I44: =+'31.'!I44+'1'!I44+'2'!I44+'3'!I44 -> 0 | J44: =E44+F44-H44-K44-I44 -> 0 | K44: =+'31.'!K44+'1'!K44+'2'!K44+'3'!K44 -> 0 | L44: 25 | M44: =+'31.'!M44+'1'!M44+'2'!M44+'3'!M44 -> 0 | P44: =+K44*O44 -> 0
A45: 41 | B45: 20055115 | C45: ครีมฮอร์นคิทแคท 70g. | D45: กล่อง | E45: =+ยกมา!J45 -> 0 | F45: =+'31.'!F45+'1'!F45+'2'!F45+'3'!F45 -> 0 | G45: =+E45+F45 -> 0 | H45: =+'31.'!H45+'1'!H45+'2'!H45+'3'!H45 -> 0 | I45: =+'31.'!I45+'1'!I45+'2'!I45+'3'!I45 -> 0 | J45: =E45+F45-H45-K45-I45 -> 0 | K45: =+'31.'!K45+'1'!K45+'2'!K45+'3'!K45 -> 0 | L45: 35 | M45: =+'31.'!M45+'1'!M45+'2'!M45+'3'!M45 -> 0 | P45: =+K45*O45 -> 0
A46: 42 | B46: 8857125000420 | C46: เค้กเบาหวิว รสกล้วยหอมหน้ามะพร้าวเผา 110 กรัม | D46: กล่อง | E46: =+ยกมา!J46 -> 0 | F46: =+'31.'!F46+'1'!F46+'2'!F46+'3'!F46 -> 5 | G46: =+E46+F46 -> 5 | H46: =+'31.'!H46+'1'!H46+'2'!H46+'3'!H46 -> 0 | I46: =+'31.'!I46+'1'!I46+'2'!I46+'3'!I46 -> 0 | J46: =E46+F46-H46-K46-I46 -> 2 | K46: =+'31.'!K46+'1'!K46+'2'!K46+'3'!K46 -> 3 | L46: 50 | M46: =+'31.'!M46+'1'!M46+'2'!M46+'3'!M46 -> 150 | O46: 19.05 | P46: =+K46*O46 -> 57.15
A47: 43 | B47: 8857125001175 | C47: เค้กเบาหวิว เผือกมะพร้าวอ่อน110 กรัม | D47: กล่อง | E47: =+ยกมา!J47 -> 0 | F47: =+'31.'!F47+'1'!F47+'2'!F47+'3'!F47 -> 5 | G47: =+E47+F47 -> 5 | H47: =+'31.'!H47+'1'!H47+'2'!H47+'3'!H47 -> 0 | I47: =+'31.'!I47+'1'!I47+'2'!I47+'3'!I47 -> 0 | J47: =E47+F47-H47-K47-I47 -> 5 | K47: =+'31.'!K47+'1'!K47+'2'!K47+'3'!K47 -> 0 | L47: 50 | M47: =+'31.'!M47+'1'!M47+'2'!M47+'3'!M47 -> 0 | O47: 19.21 | P47: =+K47*O47 -> 0
A48: 44 | B48: 8857125000154 | C48: เค้กเบาหวิว รสมะพร้าวน้ำหอม 110 กรัม | D48: กล่อง | E48: =+ยกมา!J48 -> 0 | F48: =+'31.'!F48+'1'!F48+'2'!F48+'3'!F48 -> 5 | G48: =+E48+F48 -> 5 | H48: =+'31.'!H48+'1'!H48+'2'!H48+'3'!H48 -> 0 | I48: =+'31.'!I48+'1'!I48+'2'!I48+'3'!I48 -> 0 | J48: =E48+F48-H48-K48-I48 -> 2 | K48: =+'31.'!K48+'1'!K48+'2'!K48+'3'!K48 -> 3 | L48: 50 | M48: =+'31.'!M48+'1'!M48+'2'!M48+'3'!M48 -> 150 | O48: 18.88 | P48: =+K48*O48 -> 56.64
A49: 45 | B49: 8857125000192 | C49: เค้กเบาหวิว รสกาแฟ 110 กรัม | D49: กล่อง | E49: =+ยกมา!J49 -> 0 | F49: =+'31.'!F49+'1'!F49+'2'!F49+'3'!F49 -> 5 | G49: =+E49+F49 -> 5 | H49: =+'31.'!H49+'1'!H49+'2'!H49+'3'!H49 -> 0 | I49: =+'31.'!I49+'1'!I49+'2'!I49+'3'!I49 -> 0 | J49: =E49+F49-H49-K49-I49 -> 3 | K49: =+'31.'!K49+'1'!K49+'2'!K49+'3'!K49 -> 2 | L49: 50 | M49: =+'31.'!M49+'1'!M49+'2'!M49+'3'!M49 -> 100 | O49: 20.43 | P49: =+K49*O49 -> 40.86
A50: 46 | B50: 8857125000185 | C50: เค้กเบาหวิว รสเนยนม 110 กรัม | D50: กล่อง | E50: =+ยกมา!J50 -> 0 | F50: =+'31.'!F50+'1'!F50+'2'!F50+'3'!F50 -> 5 | G50: =+E50+F50 -> 5 | H50: =+'31.'!H50+'1'!H50+'2'!H50+'3'!H50 -> 0 | I50: =+'31.'!I50+'1'!I50+'2'!I50+'3'!I50 -> 0 | J50: =E50+F50-H50-K50-I50 -> 1 | K50: =+'31.'!K50+'1'!K50+'2'!K50+'3'!K50 -> 4 | L50: 50 | M50: =+'31.'!M50+'1'!M50+'2'!M50+'3'!M50 -> 200 | O50: 21.81 | P50: =+K50*O50 -> 87.24
A51: 47 | B51: 8857125000161 | C51: เค้กเบาหวิว รสตาลหอม 110 กรัม | D51: กล่อง | E51: =+ยกมา!J51 -> 0 | F51: =+'31.'!F51+'1'!F51+'2'!F51+'3'!F51 -> 5 | G51: =+E51+F51 -> 5 | H51: =+'31.'!H51+'1'!H51+'2'!H51+'3'!H51 -> 0 | I51: =+'31.'!I51+'1'!I51+'2'!I51+'3'!I51 -> 0 | J51: =E51+F51-H51-K51-I51 -> 4 | K51: =+'31.'!K51+'1'!K51+'2'!K51+'3'!K51 -> 1 | L51: 50 | M51: =+'31.'!M51+'1'!M51+'2'!M51+'3'!M51 -> 50 | O51: 14.65 | P51: =+K51*O51 -> 14.65
A52: 48 | B52: 8857125001007 | C52: เค้กเบาหวิว รสเตยหอม 110 กรัม | D52: กล่อง | E52: =+ยกมา!J52 -> 0 | F52: =+'31.'!F52+'1'!F52+'2'!F52+'3'!F52 -> 0 | G52: =+E52+F52 -> 0 | H52: =+'31.'!H52+'1'!H52+'2'!H52+'3'!H52 -> 0 | I52: =+'31.'!I52+'1'!I52+'2'!I52+'3'!I52 -> 0 | J52: =E52+F52-H52-K52-I52 -> 0 | K52: =+'31.'!K52+'1'!K52+'2'!K52+'3'!K52 -> 0 | L52: 50 | M52: =+'31.'!M52+'1'!M52+'2'!M52+'3'!M52 -> 0 | O52: 18.36 | P52: =+K52*O52 -> 0
A53: 49 | B53: 8857125000765 | C53: เค้กเบาหวิว หน้าฝอยทอง 110 กรัม | D53: กล่อง | E53: =+ยกมา!J53 -> 0 | F53: =+'31.'!F53+'1'!F53+'2'!F53+'3'!F53 -> 5 | G53: =+E53+F53 -> 5 | H53: =+'31.'!H53+'1'!H53+'2'!H53+'3'!H53 -> 0 | I53: =+'31.'!I53+'1'!I53+'2'!I53+'3'!I53 -> 0 | J53: =E53+F53-H53-K53-I53 -> 3 | K53: =+'31.'!K53+'1'!K53+'2'!K53+'3'!K53 -> 2 | L53: 50 | M53: =+'31.'!M53+'1'!M53+'2'!M53+'3'!M53 -> 100 | O53: 17.53 | P53: =+K53*O53 -> 35.06
A54: 50 | B54: 8857125000871 | C54: เค้กเบาหวิว รสทุเรียน 110 กรัม | D54: กล่อง | E54: =+ยกมา!J54 -> 0 | F54: =+'31.'!F54+'1'!F54+'2'!F54+'3'!F54 -> 5 | G54: =+E54+F54 -> 5 | H54: =+'31.'!H54+'1'!H54+'2'!H54+'3'!H54 -> 0 | I54: =+'31.'!I54+'1'!I54+'2'!I54+'3'!I54 -> 0 | J54: =E54+F54-H54-K54-I54 -> 5 | K54: =+'31.'!K54+'1'!K54+'2'!K54+'3'!K54 -> 0 | L54: 50 | M54: =+'31.'!M54+'1'!M54+'2'!M54+'3'!M54 -> 0 | O54: 14.38 | P54: =+K54*O54 -> 0
A55: 51 | B55: 8857125000017 | C55: เค้กเบาหวิว รสกล้วยหอมหน้ามะพร้าวเผา 300 กรัม | D55: กล่อง | E55: =+ยกมา!J55 -> 0 | F55: =+'31.'!F55+'1'!F55+'2'!F55+'3'!F55 -> 3 | G55: =+E55+F55 -> 3 | H55: =+'31.'!H55+'1'!H55+'2'!H55+'3'!H55 -> 0 | I55: =+'31.'!I55+'1'!I55+'2'!I55+'3'!I55 -> 0 | J55: =E55+F55-H55-K55-I55 -> 0 | K55: =+'31.'!K55+'1'!K55+'2'!K55+'3'!K55 -> 3 | L55: 120 | M55: =+'31.'!M55+'1'!M55+'2'!M55+'3'!M55 -> 360 | O55: 29.34 | P55: =+K55*O55 -> 88.02
A56: 52 | B56: 8857125000260 | C56: เค้กเบาหวิว รสเผือกหน้ามะพร้าวเผา 300 กรัม | D56: กล่อง | E56: =+ยกมา!J56 -> 0 | F56: =+'31.'!F56+'1'!F56+'2'!F56+'3'!F56 -> 3 | G56: =+E56+F56 -> 3 | H56: =+'31.'!H56+'1'!H56+'2'!H56+'3'!H56 -> 0 | I56: =+'31.'!I56+'1'!I56+'2'!I56+'3'!I56 -> 0 | J56: =E56+F56-H56-K56-I56 -> 0 | K56: =+'31.'!K56+'1'!K56+'2'!K56+'3'!K56 -> 3 | L56: 120 | M56: =+'31.'!M56+'1'!M56+'2'!M56+'3'!M56 -> 360 | O56: 33.41 | P56: =+K56*O56 -> 100.23
A57: 53 | B57: 8857125000116 | C57: เค้กเบาหวิว รสมะพร้าวน้ำหอม 300 กรัม | D57: กล่อง | E57: =+ยกมา!J57 -> 0 | F57: =+'31.'!F57+'1'!F57+'2'!F57+'3'!F57 -> 3 | G57: =+E57+F57 -> 3 | H57: =+'31.'!H57+'1'!H57+'2'!H57+'3'!H57 -> 0 | I57: =+'31.'!I57+'1'!I57+'2'!I57+'3'!I57 -> 0 | J57: =E57+F57-H57-K57-I57 -> 0 | K57: =+'31.'!K57+'1'!K57+'2'!K57+'3'!K57 -> 3 | L57: 120 | M57: =+'31.'!M57+'1'!M57+'2'!M57+'3'!M57 -> 360 | O57: 31.46 | P57: =+K57*O57 -> 94.38
... A62: 58 | B62: 8857125000451 | C62: เค้กเบาหวิว หน้าฝอยทอง 300 กรัม | D62: กล่อง | E62: =+ยกมา!J62 -> 0 | F62: =+'31.'!F62+'1'!F62+'2'!F62+'3'!F62 -> 3 | G62: =+E62+F62 -> 3 | H62: =+'31.'!H62+'1'!H62+'2'!H62+'3'!H62 -> 0 | I62: =+'31.'!I62+'1'!I62+'2'!I62+'3'!I62 -> 0 | J62: =E62+F62-H62-K62-I62 -> 0 | K62: =+'31.'!K62+'1'!K62+'2'!K62+'3'!K62 -> 3 | L62: 120 | M62: =+'31.'!M62+'1'!M62+'2'!M62+'3'!M62 -> 360 | O62: 29.82 | P62: =+K62*O62 -> 89.46
A63: 59 | B63: 1112018 | C63: เค้กเบาหวิว รสทุเรียน 300 กรัม | D63: กล่อง | E63: =+ยกมา!J63 -> 0 | F63: =+'31.'!F63+'1'!F63+'2'!F63+'3'!F63 -> 0 | G63: =+E63+F63 -> 0 | H63: =+'31.'!H63+'1'!H63+'2'!H63+'3'!H63 -> 0 | I63: =+'31.'!I63+'1'!I63+'2'!I63+'3'!I63 -> 0 | J63: =E63+F63-H63-K63-I63 -> 0 | K63: =+'31.'!K63+'1'!K63+'2'!K63+'3'!K63 -> 0 | L63: 120 | M63: =+'31.'!M63+'1'!M63+'2'!M63+'3'!M63 -> 0 | O63: 27.72 | P63: =+K63*O63 -> 0
A64: 60 | B64: 8857125003711 | C64: เค้กโบราณรวมรส 4 ชิ้น | D64: กล่อง | E64: =+ยกมา!J64 -> 0 | F64: =+'31.'!F64+'1'!F64+'2'!F64+'3'!F64 -> 0 | G64: =+E64+F64 -> 0 | H64: =+'31.'!H64+'1'!H64+'2'!H64+'3'!H64 -> 0 | I64: =+'31.'!I64+'1'!I64+'2'!I64+'3'!I64 -> 0 | J64: =E64+F64-H64-K64-I64 -> 0 | K64: =+'31.'!K64+'1'!K64+'2'!K64+'3'!K64 -> 0 | L64: 50 | M64: =+'31.'!M64+'1'!M64+'2'!M64+'3'!M64 -> 0 | O64: 23.69 | P64: =+K64*O64 -> 0
A65: 61 | B65: 8857125000215 | C65: เค้กโบราณครีม 4 ชิ้น | D65: กล่อง | E65: =+ยกมา!J65 -> 0 | F65: =+'31.'!F65+'1'!F65+'2'!F65+'3'!F65 -> 0 | G65: =+E65+F65 -> 0 | H65: =+'31.'!H65+'1'!H65+'2'!H65+'3'!H65 -> 0 | I65: =+'31.'!I65+'1'!I65+'2'!I65+'3'!I65 -> 0 | J65: =E65+F65-H65-K65-I65 -> 0 | K65: =+'31.'!K65+'1'!K65+'2'!K65+'3'!K65 -> 0 | L65: 50 | M65: =+'31.'!M65+'1'!M65+'2'!M65+'3'!M65 -> 0 | O65: 22.49 | P65: =+K65*O65 -> 0
A66: 62 | B66: 8857125003704 | C66: เค้กโบราณผลไม้ 4 ชิ้น | D66: กล่อง | E66: =+ยกมา!J66 -> 0 | F66: =+'31.'!F66+'1'!F66+'2'!F66+'3'!F66 -> 0 | G66: =+E66+F66 -> 0 | H66: =+'31.'!H66+'1'!H66+'2'!H66+'3'!H66 -> 0 | I66: =+'31.'!I66+'1'!I66+'2'!I66+'3'!I66 -> 0 | J66: =E66+F66-H66-K66-I66 -> 0 | K66: =+'31.'!K66+'1'!K66+'2'!K66+'3'!K66 -> 0 | L66: 50 | M66: =+'31.'!M66+'1'!M66+'2'!M66+'3'!M66 -> 0 | O66: 23.12 | P66: =+K66*O66 -> 0
A67: 63 | B67: 8857126455021 | C67: NP เค้กโบราณครีม 6 ชิ้น | D67: กล่อง | E67: =+ยกมา!J67 -> 0 | F67: =+'31.'!F67+'1'!F67+'2'!F67+'3'!F67 -> 0 | G67: =+E67+F67 -> 0 | H67: =+'31.'!H67+'1'!H67+'2'!H67+'3'!H67 -> 0 | I67: =+'31.'!I67+'1'!I67+'2'!I67+'3'!I67 -> 0 | J67: =E67+F67-H67-K67-I67 -> 0 | K67: =+'31.'!K67+'1'!K67+'2'!K67+'3'!K67 -> 0 | L67: 70 | M67: =+'31.'!M67+'1'!M67+'2'!M67+'3'!M67 -> 0 | P67: =+K67*O67 -> 0
A68: 64 | B68: 8857126455038 | C68: NP เเค้กโบราณผลไม้ 6 ชิ้น | D68: กล่อง | E68: =+ยกมา!J68 -> 0 | F68: =+'31.'!F68+'1'!F68+'2'!F68+'3'!F68 -> 0 | G68: =+E68+F68 -> 0 | H68: =+'31.'!H68+'1'!H68+'2'!H68+'3'!H68 -> 0 | I68: =+'31.'!I68+'1'!I68+'2'!I68+'3'!I68 -> 0 | J68: =E68+F68-H68-K68-I68 -> 0 | K68: =+'31.'!K68+'1'!K68+'2'!K68+'3'!K68 -> 0 | L68: 80 | M68: =+'31.'!M68+'1'!M68+'2'!M68+'3'!M68 -> 0 | P68: =+K68*O68 -> 0
A69: 65 | B69: 2566110401 | C69: เค้กโบราณรวมรส 12 ชิ้น | D69: กล่อง | E69: =+ยกมา!J69 -> 0 | F69: =+'31.'!F69+'1'!F69+'2'!F69+'3'!F69 -> 0 | G69: =+E69+F69 -> 0 | H69: =+'31.'!H69+'1'!H69+'2'!H69+'3'!H69 -> 0 | I69: =+'31.'!I69+'1'!I69+'2'!I69+'3'!I69 -> 0 | J69: =E69+F69-H69-K69-I69 -> 0 | K69: =+'31.'!K69+'1'!K69+'2'!K69+'3'!K69 -> 0 | L69: 150 | M69: =+'31.'!M69+'1'!M69+'2'!M69+'3'!M69 -> 0 | O69: 67.79 | P69: =+K69*O69 -> 0
A70: 66 | B70: 2566110402 | C70: เค้กโบราณครีม 12 ชิ้น | D70: กล่อง | E70: =+ยกมา!J70 -> 0 | F70: =+'31.'!F70+'1'!F70+'2'!F70+'3'!F70 -> 0 | G70: =+E70+F70 -> 0 | H70: =+'31.'!H70+'1'!H70+'2'!H70+'3'!H70 -> 0 | I70: =+'31.'!I70+'1'!I70+'2'!I70+'3'!I70 -> 0 | J70: =E70+F70-H70-K70-I70 -> 0 | K70: =+'31.'!K70+'1'!K70+'2'!K70+'3'!K70 -> 0 | L70: 150 | M70: =+'31.'!M70+'1'!M70+'2'!M70+'3'!M70 -> 0 | O70: 68.37 | P70: =+K70*O70 -> 0
A71: 67 | B71: 8857125000819 | C71: เค้กโบราณผลไม้ 12 ชิ้น | D71: กล่อง | E71: =+ยกมา!J71 -> 0 | F71: =+'31.'!F71+'1'!F71+'2'!F71+'3'!F71 -> 0 | G71: =+E71+F71 -> 0 | H71: =+'31.'!H71+'1'!H71+'2'!H71+'3'!H71 -> 0 | I71: =+'31.'!I71+'1'!I71+'2'!I71+'3'!I71 -> 0 | J71: =E71+F71-H71-K71-I71 -> 0 | K71: =+'31.'!K71+'1'!K71+'2'!K71+'3'!K71 -> 0 | L71: 150 | M71: =+'31.'!M71+'1'!M71+'2'!M71+'3'!M71 -> 0 | O71: 67.17 | P71: =+K71*O71 -> 0
A72: 68 | B72: 8857125001304 | C72: เค้กลาวา ฝอยทอง เล็ก | D72: ชิ้น | E72: =+ยกมา!J72 -> 0 | F72: =+'31.'!F72+'1'!F72+'2'!F72+'3'!F72 -> 0 | G72: =+E72+F72 -> 0 | H72: =+'31.'!H72+'1'!H72+'2'!H72+'3'!H72 -> 0 | I72: =+'31.'!I72+'1'!I72+'2'!I72+'3'!I72 -> 0 | J72: =E72+F72-H72-K72-I72 -> 0 | K72: =+'31.'!K72+'1'!K72+'2'!K72+'3'!K72 -> 0 | L72: 50 | M72: =+'31.'!M72+'1'!M72+'2'!M72+'3'!M72 -> 0 | P72: =+K72*O72 -> 0
A73: 69 | B73: 8857125003742 | C73: เค้กลาวา ฝอยทอง ใหญ่ | D73: ชิ้น | E73: =+ยกมา!J73 -> 0 | F73: =+'31.'!F73+'1'!F73+'2'!F73+'3'!F73 -> 0 | G73: =+E73+F73 -> 0 | H73: =+'31.'!H73+'1'!H73+'2'!H73+'3'!H73 -> 0 | I73: =+'31.'!I73+'1'!I73+'2'!I73+'3'!I73 -> 0 | J73: =E73+F73-H73-K73-I73 -> 0 | K73: =+'31.'!K73+'1'!K73+'2'!K73+'3'!K73 -> 0 | L73: 120 | M73: =+'31.'!M73+'1'!M73+'2'!M73+'3'!M73 -> 0 | O73: 15.4 | P73: =+K73*O73 -> 0
A74: 70 | B74: 8857125003728 | C74: เค้กลาวา ฝอยทองทูโทน เล็ก | D74: กล่อง | E74: =+ยกมา!J74 -> 0 | F74: =+'31.'!F74+'1'!F74+'2'!F74+'3'!F74 -> 5 | G74: =+E74+F74 -> 5 | H74: =+'31.'!H74+'1'!H74+'2'!H74+'3'!H74 -> 0 | I74: =+'31.'!I74+'1'!I74+'2'!I74+'3'!I74 -> 0 | J74: =E74+F74-H74-K74-I74 -> 0 | K74: =+'31.'!K74+'1'!K74+'2'!K74+'3'!K74 -> 5 | L74: 50 | M74: =+'31.'!M74+'1'!M74+'2'!M74+'3'!M74 -> 250 | O74: 17.09 | P74: =+K74*O74 -> 85.45
A75: 71 | B75: 8857125003735 | C75: เค้กลาวา ฝอยทองทูโทน ใหญ่ | D75: ชิ้น | E75: =+ยกมา!J75 -> 0 | F75: =+'31.'!F75+'1'!F75+'2'!F75+'3'!F75 -> 0 | G75: =+E75+F75 -> 0 | H75: =+'31.'!H75+'1'!H75+'2'!H75+'3'!H75 -> 0 | I75: =+'31.'!I75+'1'!I75+'2'!I75+'3'!I75 -> 0 | J75: =E75+F75-H75-K75-I75 -> 0 | K75: =+'31.'!K75+'1'!K75+'2'!K75+'3'!K75 -> 0 | L75: 120 | M75: =+'31.'!M75+'1'!M75+'2'!M75+'3'!M75 -> 0 | O75: 22.51 | P75: =+K75*O75 -> 0
A76: 72 | B76: 8857125000147 | C76: เอแคลร์นมสด 8 ชิ้น | D76: กล่อง | E76: =+ยกมา!J76 -> 0 | F76: =+'31.'!F76+'1'!F76+'2'!F76+'3'!F76 -> 10 | G76: =+E76+F76 -> 10 | H76: =+'31.'!H76+'1'!H76+'2'!H76+'3'!H76 -> 0 | I76: =+'31.'!I76+'1'!I76+'2'!I76+'3'!I76 -> 0 | J76: =E76+F76-H76-K76-I76 -> 0 | K76: =+'31.'!K76+'1'!K76+'2'!K76+'3'!K76 -> 10 | L76: 50 | M76: =+'31.'!M76+'1'!M76+'2'!M76+'3'!M76 -> 500 | O76: 25.15 | P76: =+K76*O76 -> 251.5
A77: 73 | B77: 8857125004251 | C77: เอแคลร์คิทแคท 55g. | D77: กล่อง | E77: =+ยกมา!J77 -> 0 | F77: =+'31.'!F77+'1'!F77+'2'!F77+'3'!F77 -> 0 | G77: =+E77+F77 -> 0 | H77: =+'31.'!H77+'1'!H77+'2'!H77+'3'!H77 -> 0 | I77: =+'31.'!I77+'1'!I77+'2'!I77+'3'!I77 -> 0 | J77: =E77+F77-H77-K77-I77 -> 0 | K77: =+'31.'!K77+'1'!K77+'2'!K77+'3'!K77 -> 0 | L77: 45 | M77: =+'31.'!M77+'1'!M77+'2'!M77+'3'!M77 -> 0 | P77: =+K77*O77 -> 0
A78: 74 | B78: 20056257 | C78: เอแคลร์ชาไทย 125g. | D78: กล่อง | E78: =+ยกมา!J78 -> 0 | F78: =+'31.'!F78+'1'!F78+'2'!F78+'3'!F78 -> 0 | G78: =+E78+F78 -> 0 | H78: =+'31.'!H78+'1'!H78+'2'!H78+'3'!H78 -> 0 | I78: =+'31.'!I78+'1'!I78+'2'!I78+'3'!I78 -> 0 | J78: =E78+F78-H78-K78-I78 -> 0 | K78: =+'31.'!K78+'1'!K78+'2'!K78+'3'!K78 -> 0 | L78: 35 | M78: =+'31.'!M78+'1'!M78+'2'!M78+'3'!M78 -> 0 | O78: 30.84 | P78: =+K78*O78 -> 0
A79: 75 | B79: 8857125000499 | C79: ซอฟ์ทเค้กช็อคโกแลตหน้านิ่ม | D79: กล่อง | E79: =+ยกมา!J79 -> 0 | F79: =+'31.'!F79+'1'!F79+'2'!F79+'3'!F79 -> 5 | G79: =+E79+F79 -> 5 | H79: =+'31.'!H79+'1'!H79+'2'!H79+'3'!H79 -> 0 | I79: =+'31.'!I79+'1'!I79+'2'!I79+'3'!I79 -> 0 | J79: =E79+F79-H79-K79-I79 -> 2 | K79: =+'31.'!K79+'1'!K79+'2'!K79+'3'!K79 -> 3 | L79: 55 | M79: =+'31.'!M79+'1'!M79+'2'!M79+'3'!M79 -> 165 | O79: 14.35 | P79: =+K79*O79 -> 43.05
A80: 76 | B80: 8857125000475 | C80: ซอฟ์ทเค้กมะพร้าวนมสดหน้านิ่ม | D80: กล่อง | E80: =+ยกมา!J80 -> 0 | F80: =+'31.'!F80+'1'!F80+'2'!F80+'3'!F80 -> 5 | G80: =+E80+F80 -> 5 | H80: =+'31.'!H80+'1'!H80+'2'!H80+'3'!H80 -> 0 | I80: =+'31.'!I80+'1'!I80+'2'!I80+'3'!I80 -> 0 | J80: =E80+F80-H80-K80-I80 -> 1 | K80: =+'31.'!K80+'1'!K80+'2'!K80+'3'!K80 -> 4 | L80: 55 | M80: =+'31.'!M80+'1'!M80+'2'!M80+'3'!M80 -> 220 | O80: 11.58 | P80: =+K80*O80 -> 46.32
A81: 77 | B81: 8857125000468 | C81: เครปโรลฝอยทอง วนิลา | D81: กล่อง | E81: =+ยกมา!J81 -> 0 | F81: =+'31.'!F81+'1'!F81+'2'!F81+'3'!F81 -> 0 | G81: =+E81+F81 -> 0 | H81: =+'31.'!H81+'1'!H81+'2'!H81+'3'!H81 -> 0 | I81: =+'31.'!I81+'1'!I81+'2'!I81+'3'!I81 -> 0 | J81: =E81+F81-H81-K81-I81 -> 0 | K81: =+'31.'!K81+'1'!K81+'2'!K81+'3'!K81 -> 0 | L81: 50 | M81: =+'31.'!M81+'1'!M81+'2'!M81+'3'!M81 -> 0 | O81: 18.14 | P81: =+K81*O81 -> 0
A82: 78 | B82: 8857125000857 | C82: เครปโรลฝอยทอง ใบเตย | D82: กล่อง | E82: =+ยกมา!J82 -> 0 | F82: =+'31.'!F82+'1'!F82+'2'!F82+'3'!F82 -> 0 | G82: =+E82+F82 -> 0 | H82: =+'31.'!H82+'1'!H82+'2'!H82+'3'!H82 -> 0 | I82: =+'31.'!I82+'1'!I82+'2'!I82+'3'!I82 -> 0 | J82: =E82+F82-H82-K82-I82 -> 0 | K82: =+'31.'!K82+'1'!K82+'2'!K82+'3'!K82 -> 0 | L82: 50 | M82: =+'31.'!M82+'1'!M82+'2'!M82+'3'!M82 -> 0 | O82: 12.94 | P82: =+K82*O82 -> 0
A83: 79 | B83: 20054638 | C83: เครปเค้กคิทแคท 65g. | D83: กล่อง | E83: =+ยกมา!J83 -> 0 | F83: =+'31.'!F83+'1'!F83+'2'!F83+'3'!F83 -> 0 | G83: =+E83+F83 -> 0 | H83: =+'31.'!H83+'1'!H83+'2'!H83+'3'!H83 -> 0 | I83: =+'31.'!I83+'1'!I83+'2'!I83+'3'!I83 -> 0 | J83: =E83+F83-H83-K83-I83 -> 0 | K83: =+'31.'!K83+'1'!K83+'2'!K83+'3'!K83 -> 0 | L83: 35 | M83: =+'31.'!M83+'1'!M83+'2'!M83+'3'!M83 -> 0 | P83: =+K83*O83 -> 0
A84: 80 | C84: ชูครีมนมฮอกไกโด | D84: กล่อง | E84: =+ยกมา!J84 -> 0 | F84: =+'31.'!F84+'1'!F84+'2'!F84+'3'!F84 -> 0 | G84: =+E84+F84 -> 0 | H84: =+'31.'!H84+'1'!H84+'2'!H84+'3'!H84 -> 0 | I84: =+'31.'!I84+'1'!I84+'2'!I84+'3'!I84 -> 0 | J84: =E84+F84-H84-K84-I84 -> 0 | K84: =+'31.'!K84+'1'!K84+'2'!K84+'3'!K84 -> 0 | L84: 35 | M84: =+'31.'!M84+'1'!M84+'2'!M84+'3'!M84 -> 0 | P84: =+K84*O84 -> 0
A85: 81 | B85: 1113194 | C85: บานอฟฟี่ 140 กรัม | D85: กล่อง | E85: =+ยกมา!J85 -> 0 | F85: =+'31.'!F85+'1'!F85+'2'!F85+'3'!F85 -> 0 | G85: =+E85+F85 -> 0 | H85: =+'31.'!H85+'1'!H85+'2'!H85+'3'!H85 -> 0 | I85: =+'31.'!I85+'1'!I85+'2'!I85+'3'!I85 -> 0 | J85: =E85+F85-H85-K85-I85 -> 0 | K85: =+'31.'!K85+'1'!K85+'2'!K85+'3'!K85 -> 0 | L85: 45 | M85: =+'31.'!M85+'1'!M85+'2'!M85+'3'!M85 -> 0 | P85: =+K85*O85 -> 0
A86: 82 | C86: มะม่วงชีสพาย | D86: กล่อง | E86: =+ยกมา!J86 -> 0 | F86: =+'31.'!F86+'1'!F86+'2'!F86+'3'!F86 -> 0 | G86: =+E86+F86 -> 0 | H86: =+'31.'!H86+'1'!H86+'2'!H86+'3'!H86 -> 0 | I86: =+'31.'!I86+'1'!I86+'2'!I86+'3'!I86 -> 0 | J86: =E86+F86-H86-K86-I86 -> 0 | K86: =+'31.'!K86+'1'!K86+'2'!K86+'3'!K86 -> 0 | L86: 35 | M86: =+'31.'!M86+'1'!M86+'2'!M86+'3'!M86 -> 0 | P86: =+K86*O86 -> 0
A87: 83 | C87: เลเยอร์เค้กใบเตย | D87: กล่อง | E87: =+ยกมา!J87 -> 0 | F87: =+'31.'!F87+'1'!F87+'2'!F87+'3'!F87 -> 0 | G87: =+E87+F87 -> 0 | H87: =+'31.'!H87+'1'!H87+'2'!H87+'3'!H87 -> 0 | I87: =+'31.'!I87+'1'!I87+'2'!I87+'3'!I87 -> 0 | J87: =E87+F87-H87-K87-I87 -> 0 | K87: =+'31.'!K87+'1'!K87+'2'!K87+'3'!K87 -> 0 | L87: 35 | M87: =+'31.'!M87+'1'!M87+'2'!M87+'3'!M87 -> 0 | P87: =+K87*O87 -> 0
A88: 84 | B88: 1006979 | C88: คัพเค้กไส้คัสตาร์ด | D88: กล่อง | E88: =+ยกมา!J88 -> 0 | F88: =+'31.'!F88+'1'!F88+'2'!F88+'3'!F88 -> 0 | G88: =+E88+F88 -> 0 | H88: =+'31.'!H88+'1'!H88+'2'!H88+'3'!H88 -> 0 | I88: =+'31.'!I88+'1'!I88+'2'!I88+'3'!I88 -> 0 | J88: =E88+F88-H88-K88-I88 -> 0 | K88: =+'31.'!K88+'1'!K88+'2'!K88+'3'!K88 -> 0 | L88: 45 | M88: =+'31.'!M88+'1'!M88+'2'!M88+'3'!M88 -> 0 | O88: 30.25 | P88: =+K88*O88 -> 0
A89: 85 | B89: 1300005 | C89: เค้กมะพร้าวลาวา 85 กรัม | D89: กล่อง | E89: =+ยกมา!J89 -> 0 | F89: =+'31.'!F89+'1'!F89+'2'!F89+'3'!F89 -> 0 | G89: =+E89+F89 -> 0 | H89: =+'31.'!H89+'1'!H89+'2'!H89+'3'!H89 -> 0 | I89: =+'31.'!I89+'1'!I89+'2'!I89+'3'!I89 -> 0 | J89: =E89+F89-H89-K89-I89 -> 0 | K89: =+'31.'!K89+'1'!K89+'2'!K89+'3'!K89 -> 0 | L89: 45 | M89: =+'31.'!M89+'1'!M89+'2'!M89+'3'!M89 -> 0 | P89: =+K89*O89 -> 0
A90: 86 | B90: 8857125004220 | C90: เค้กลอดช่อง 85 กรัม | D90: กล่อง | E90: =+ยกมา!J90 -> 0 | F90: =+'31.'!F90+'1'!F90+'2'!F90+'3'!F90 -> 60 | G90: =+E90+F90 -> 60 | H90: =+'31.'!H90+'1'!H90+'2'!H90+'3'!H90 -> 0 | I90: =+'31.'!I90+'1'!I90+'2'!I90+'3'!I90 -> 0 | J90: =E90+F90-H90-K90-I90 -> 29 | K90: =+'31.'!K90+'1'!K90+'2'!K90+'3'!K90 -> 31 | L90: 35 | M90: =+'31.'!M90+'1'!M90+'2'!M90+'3'!M90 -> 1085 | O90: 18.63 | P90: =+K90*O90 -> 577.53
A91: 87 | B91: 1113178 | C91: เค้กลอดช่องกล่องกลม 1 ปอนด์ 265 กรัม | D91: กล่อง | E91: =+ยกมา!J91 -> 0 | F91: =+'31.'!F91+'1'!F91+'2'!F91+'3'!F91 -> 0 | G91: =+E91+F91 -> 0 | H91: =+'31.'!H91+'1'!H91+'2'!H91+'3'!H91 -> 0 | I91: =+'31.'!I91+'1'!I91+'2'!I91+'3'!I91 -> 0 | J91: =E91+F91-H91-K91-I91 -> 0 | K91: =+'31.'!K91+'1'!K91+'2'!K91+'3'!K91 -> 0 | M91: =+'31.'!M91+'1'!M91+'2'!M91+'3'!M91 -> 0 | P91: =+K91*O91 -> 0
A92: 88 | B92: 1113179 | C92: เค้กลอดช่องกล่องกลม 2 ปอนด์ 325 กรัม | D92: กล่อง | E92: =+ยกมา!J92 -> 0 | F92: =+'31.'!F92+'1'!F92+'2'!F92+'3'!F92 -> 0 | G92: =+E92+F92 -> 0 | H92: =+'31.'!H92+'1'!H92+'2'!H92+'3'!H92 -> 0 | I92: =+'31.'!I92+'1'!I92+'2'!I92+'3'!I92 -> 0 | J92: =E92+F92-H92-K92-I92 -> 0 | K92: =+'31.'!K92+'1'!K92+'2'!K92+'3'!K92 -> 0 | L92: 120 | M92: =+'31.'!M92+'1'!M92+'2'!M92+'3'!M92 -> 0 | P92: =+K92*O92 -> 0
A93: 89 | B93: 8857125004275 | C93: เค้กทุเรียน 90 กรัม | D93: กล่อง | E93: =+ยกมา!J93 -> 0 | F93: =+'31.'!F93+'1'!F93+'2'!F93+'3'!F93 -> 0 | G93: =+E93+F93 -> 0 | H93: =+'31.'!H93+'1'!H93+'2'!H93+'3'!H93 -> 0 | I93: =+'31.'!I93+'1'!I93+'2'!I93+'3'!I93 -> 0 | J93: =E93+F93-H93-K93-I93 -> 0 | K93: =+'31.'!K93+'1'!K93+'2'!K93+'3'!K93 -> 0 | L93: 45 | M93: =+'31.'!M93+'1'!M93+'2'!M93+'3'!M93 -> 0 | P93: =+K93*O93 -> 0
A94: 90 | B94: 20055951 | C94: เค้กบัวลอยมะพร้าวอ่อน 100 กรัม | D94: กล่อง | E94: =+ยกมา!J94 -> 0 | F94: =+'31.'!F94+'1'!F94+'2'!F94+'3'!F94 -> 0 | G94: =+E94+F94 -> 0 | H94: =+'31.'!H94+'1'!H94+'2'!H94+'3'!H94 -> 0 | I94: =+'31.'!I94+'1'!I94+'2'!I94+'3'!I94 -> 0 | J94: =E94+F94-H94-K94-I94 -> 0 | K94: =+'31.'!K94+'1'!K94+'2'!K94+'3'!K94 -> 0 | L94: 35 | M94: =+'31.'!M94+'1'!M94+'2'!M94+'3'!M94 -> 0 | P94: =+K94*O94 -> 0
A95: 91 | B95: 1113191 | C95: เค้กตะโก้เผือกหอม 120 กรัม | D95: กล่อง | E95: =+ยกมา!J95 -> 0 | F95: =+'31.'!F95+'1'!F95+'2'!F95+'3'!F95 -> 0 | G95: =+E95+F95 -> 0 | H95: =+'31.'!H95+'1'!H95+'2'!H95+'3'!H95 -> 0 | I95: =+'31.'!I95+'1'!I95+'2'!I95+'3'!I95 -> 0 | J95: =E95+F95-H95-K95-I95 -> 0 | K95: =+'31.'!K95+'1'!K95+'2'!K95+'3'!K95 -> 0 | L95: 35 | M95: =+'31.'!M95+'1'!M95+'2'!M95+'3'!M95 -> 0 | O95: 15.4 | P95: =+K95*O95 -> 0
A96: 92 | C96: เค้กกล้วยหอมชีท | D96: ชิ้น | E96: =+ยกมา!J96 -> 0 | F96: =+'31.'!F96+'1'!F96+'2'!F96+'3'!F96 -> 91 | G96: =+E96+F96 -> 91 | H96: =+'31.'!H96+'1'!H96+'2'!H96+'3'!H96 -> 0 | I96: =+'31.'!I96+'1'!I96+'2'!I96+'3'!I96 -> 0 | J96: =E96+F96-H96-K96-I96 -> 41 | K96: =+'31.'!K96+'1'!K96+'2'!K96+'3'!K96 -> 50 | L96: 45 | M96: =+'31.'!M96+'1'!M96+'2'!M96+'3'!M96 -> 2250 | P96: =+K96*O96 -> 0
A97: 93 | C97: เค้กข้าวเหนียวเปียกลำใย 120 กรัม | D97: กล่อง | E97: =+ยกมา!J97 -> 0 | F97: =+'31.'!F97+'1'!F97+'2'!F97+'3'!F97 -> 0 | G97: =+E97+F97 -> 0 | H97: =+'31.'!H97+'1'!H97+'2'!H97+'3'!H97 -> 0 | I97: =+'31.'!I97+'1'!I97+'2'!I97+'3'!I97 -> 0 | J97: =E97+F97-H97-K97-I97 -> 0 | K97: =+'31.'!K97+'1'!K97+'2'!K97+'3'!K97 -> 0 | L97: 35 | M97: =+'31.'!M97+'1'!M97+'2'!M97+'3'!M97 -> 0 | P97: =+K97*O97 -> 0
A98: 94 | C98: เค้กข้าวหลามมะพร้าวอ่อน 100 กรัม | D98: กล่อง | E98: =+ยกมา!J98 -> 0 | F98: =+'31.'!F98+'1'!F98+'2'!F98+'3'!F98 -> 0 | G98: =+E98+F98 -> 0 | H98: =+'31.'!H98+'1'!H98+'2'!H98+'3'!H98 -> 0 | I98: =+'31.'!I98+'1'!I98+'2'!I98+'3'!I98 -> 0 | J98: =E98+F98-H98-K98-I98 -> 0 | K98: =+'31.'!K98+'1'!K98+'2'!K98+'3'!K98 -> 0 | L98: 35 | M98: =+'31.'!M98+'1'!M98+'2'!M98+'3'!M98 -> 0 | P98: =+K98*O98 -> 0
A99: 95 | B99: 8857125003803 | C99: เค้กสามเหลี่ยม รสมะพร้าวน้ำหอม | D99: ชิ้น | E99: =+ยกมา!J99 -> 0 | F99: =+'31.'!F99+'1'!F99+'2'!F99+'3'!F99 -> 0 | G99: =+E99+F99 -> 0 | H99: =+'31.'!H99+'1'!H99+'2'!H99+'3'!H99 -> 0 | I99: =+'31.'!I99+'1'!I99+'2'!I99+'3'!I99 -> 0 | J99: =E99+F99-H99-K99-I99 -> 0 | K99: =+'31.'!K99+'1'!K99+'2'!K99+'3'!K99 -> 0 | L99: 35 | M99: =+'31.'!M99+'1'!M99+'2'!M99+'3'!M99 -> 0 | O99: 10.98 | P99: =+K99*O99 -> 0
A100: 96 | B100: 8857125002318 | C100: เค้กสามเหลี่ยม รสฝอยทองใบเตย | D100: ชิ้น | E100: =+ยกมา!J100 -> 0 | F100: =+'31.'!F100+'1'!F100+'2'!F100+'3'!F100 -> 0 | G100: =+E100+F100 -> 0 | H100: =+'31.'!H100+'1'!H100+'2'!H100+'3'!H100 -> 0 | I100: =+'31.'!I100+'1'!I100+'2'!I100+'3'!I100 -> 0 | J100: =E100+F100-H100-K100-I100 -> 0 | K100: =+'31.'!K100+'1'!K100+'2'!K100+'3'!K100 -> 0 | L100: 35 | M100: =+'31.'!M100+'1'!M100+'2'!M100+'3'!M100 -> 0 | P100: =+K100*O100 -> 0
A101: 97 | B101: 8857125002370 | C101: เค้กวันเกิดมะพร้าวอ่อน 1/2 ปอนด์ | D101: ชิ้น | E101: =+ยกมา!J101 -> 0 | F101: =+'31.'!F101+'1'!F101+'2'!F101+'3'!F101 -> 0 | G101: =+E101+F101 -> 0 | H101: =+'31.'!H101+'1'!H101+'2'!H101+'3'!H101 -> 0 | I101: =+'31.'!I101+'1'!I101+'2'!I101+'3'!I101 -> 0 | J101: =E101+F101-H101-K101-I101 -> 0 | K101: =+'31.'!K101+'1'!K101+'2'!K101+'3'!K101 -> 0 | L101: 100 | M101: =+'31.'!M101+'1'!M101+'2'!M101+'3'!M101 -> 0 | P101: =+K101*O101 -> 0
A102: 98 | B102: 8857125002332 | C102: เค้กวันเกิดมะพร้าวอ่อน 1 ปอนด์ | D102: ชิ้น | E102: =+ยกมา!J102 -> 0 | F102: =+'31.'!F102+'1'!F102+'2'!F102+'3'!F102 -> 0 | G102: =+E102+F102 -> 0 | H102: =+'31.'!H102+'1'!H102+'2'!H102+'3'!H102 -> 0 | I102: =+'31.'!I102+'1'!I102+'2'!I102+'3'!I102 -> 0 | J102: =E102+F102-H102-K102-I102 -> 0 | K102: =+'31.'!K102+'1'!K102+'2'!K102+'3'!K102 -> 0 | L102: 250 | M102: =+'31.'!M102+'1'!M102+'2'!M102+'3'!M102 -> 0 | P102: =+K102*O102 -> 0
A103: 99 | B103: 8857125003346 | C103: เค้กวันเกิด 1/2 ปอนด์ ธรรมดา | D103: ชิ้น | E103: =+ยกมา!J103 -> 0 | F103: =+'31.'!F103+'1'!F103+'2'!F103+'3'!F103 -> 0 | G103: =+E103+F103 -> 0 | H103: =+'31.'!H103+'1'!H103+'2'!H103+'3'!H103 -> 0 | I103: =+'31.'!I103+'1'!I103+'2'!I103+'3'!I103 -> 0 | J103: =E103+F103-H103-K103-I103 -> 0 | K103: =+'31.'!K103+'1'!K103+'2'!K103+'3'!K103 -> 0 | L103: 120 | M103: =+'31.'!M103+'1'!M103+'2'!M103+'3'!M103 -> 0 | P103: =+K103*O103 -> 0
A104: 100 | B104: 1113114 | C104: เค้กวันเกิด 1 ปอนด์ ธรรมดา | D104: ชิ้น | E104: =+ยกมา!J104 -> 0 | F104: =+'31.'!F104+'1'!F104+'2'!F104+'3'!F104 -> 0 | G104: =+E104+F104 -> 0 | H104: =+'31.'!H104+'1'!H104+'2'!H104+'3'!H104 -> 0 | I104: =+'31.'!I104+'1'!I104+'2'!I104+'3'!I104 -> 0 | J104: =E104+F104-H104-K104-I104 -> 0 | K104: =+'31.'!K104+'1'!K104+'2'!K104+'3'!K104 -> 0 | L104: 250 | M104: =+'31.'!M104+'1'!M104+'2'!M104+'3'!M104 -> 0 | P104: =+K104*O104 -> 0
A105: 101 | B105: 8857125000208 | C105: ท๊อฟฟี่ถั่ว (กระเช้า) | D105: กระเช้า | E105: =+ยกมา!J105 -> 0 | F105: =+'31.'!F105+'1'!F105+'2'!F105+'3'!F105 -> 0 | G105: =+E105+F105 -> 0 | H105: =+'31.'!H105+'1'!H105+'2'!H105+'3'!H105 -> 0 | I105: =+'31.'!I105+'1'!I105+'2'!I105+'3'!I105 -> 0 | J105: =E105+F105-H105-K105-I105 -> 0 | K105: =+'31.'!K105+'1'!K105+'2'!K105+'3'!K105 -> 0 | L105: 80 | M105: =+'31.'!M105+'1'!M105+'2'!M105+'3'!M105 -> 0 | P105: =+K105*O105 -> 0
...

Sheet ยกมา
A2: บูธ EVENT MakroHoReCa17 31 ต.ค. 67 -4 พ.ย. 67
A3: ลำดับ | B3: รหัสสินค้า (POS) | C3: รายการ | D3: หน่วย | E3: ยกมา | F3: รับ | G3: รวม | H3: เปลี่ยน/ | I3: โยกย้าย / ระบาย | J3: คงเหลือ | K3: รายการขาย | N3: หมายเหตุ | O3: ส่วนลด | Q3: ราคาต้นทุน | R3: ยอดรวมต้นทุนสินค้า
H4: คืน/เสีย | K4: จำนวน | L4: @ | M4: เป็นเงิน
A5: 1 | B5: 8857125001328 | C5: ชิฟฟ่อนเค้ก รวมรส (4 ชิ้น) | D5: กล่อง | F5: 0 | G5: =E5+F5 -> 0 | H5: 0 | I5: 0 | J5: =+G5-H5-K5-I5 -> 0 | L5: 50 | M5: =+L5*K5 -> 0 | N5: - | P5: =SUM(M5-O5) -> 0 | Q5: 22.48 | R5: =+K5*Q5 -> 0
A6: 2 | B6: 8857125001311 | C6: ชิฟฟ่อนเค้ก รวมรส (8 ชิ้น) | D6: กล่อง | F6: 0 | G6: =E6+F6 -> 0 | H6: 0 | I6: 0 | J6: =+G6-H6-K6-I6 -> 0 | L6: 100 | M6: =+L6*K6 -> 0 | N6: - | P6: =SUM(M6-O6) -> 0 | Q6: 39.29 | R6: =+K6*Q6 -> 0
A7: 3 | B7: 8857125003841 | C7: ชิฟฟ่อนเค้ก รสกาแฟ (4 ชิ้น) | D7: ชิ้น | F7: 0 | G7: =E7+F7 -> 0 | H7: 0 | I7: 0 | J7: =+G7-H7-K7-I7 -> 0 | L7: 50 | M7: =+L7*K7 -> 0 | N7: - | P7: =SUM(M7-O7) -> 0 | Q7: 26.11 | R7: =+K7*Q7 -> 0
A8: 4 | B8: 8857125003827 | C8: ชิฟฟ่อนเค้ก รสกาแฟ (8 ชิ้น) | D8: กล่อง | F8: 0 | G8: =E8+F8 -> 0 | H8: 0 | I8: 0 | J8: =+G8-H8-K8-I8 -> 0 | L8: 100 | M8: =+L8*K8 -> 0 | N8: - | P8: =SUM(M8-O8) -> 0 | Q8: 33.89 | R8: =+K8*Q8 -> 0
A9: 5 | B9: 8857125002257 | C9: ชิฟฟ่อนเค้ก 1 ชิ้น | D9: ชิ้น | F9: 0 | G9: =E9+F9 -> 0 | H9: 0 | I9: 0 | J9: =+G9-H9-K9-I9 -> 0 | L9: 10 | M9: =+L9*K9 -> 0 | N9: - | P9: =SUM(M9-O9) -> 0 | R9: =+K9*Q9 -> 0
A10: 6 | B10: 8857125002264 | C10: ชิฟฟ่อนเค้กสอดไส้แยม 1 ชิ้น | D10: ชิ้น | F10: 0 | G10: =E10+F10 -> 0 | H10: 0 | I10: 0 | J10: =+G10-H10-K10-I10 -> 0 | L10: 15 | M10: =+L10*K10 -> 0 | N10: - | P10: =SUM(M10-O10) -> 0 | R10: =+K10*Q10 -> 0
A11: 7 | B11: 8857125001830 | C11: ชิฟฟ่อนเค้กสอดไส้ รวมรส (3 ชิ้น) | D11: กล่อง | F11: 0 | G11: =E11+F11 -> 0 | H11: 0 | I11: 0 | J11: =+G11-H11-K11-I11 -> 0 | L11: 50 | M11: =+L11*K11 -> 0 | N11: - | P11: =SUM(M11-O11) -> 0 | Q11: 16.94 | R11: =+K11*Q11 -> 0
A12: 8 | B12: 1112539 | C12: ชิฟฟ่อนเค้กสอดไส้ เมล่อน (3 ชิ้น) | D12: กล่อง | F12: 0 | G12: =E12+F12 -> 0 | H12: 0 | I12: 0 | J12: =+G12-H12-K12-I12 -> 0 | L12: 50 | M12: =+L12*K12 -> 0 | N12: - | P12: =SUM(M12-O12) -> 0 | R12: =+K12*Q12 -> 0
A13: 9 | B13: 8857125000055 | C13: ชิฟฟ่อนเค้กสอดไส้แยม รสบลูเบอร์รี่ (3 ชิ้น) | D13: กล่อง | F13: 0 | G13: =E13+F13 -> 0 | H13: 0 | I13: 0 | J13: =+G13-H13-K13-I13 -> 0 | L13: 50 | M13: =+L13*K13 -> 0 | N13: - | P13: =SUM(M13-O13) -> 0 | Q13: 17.32 | R13: =+K13*Q13 -> 0
A14: 10 | B14: 8857125000987 | C14: ชิฟฟ่อนเค้กสอดไส้แยม รสส้ม (3 ชิ้น) | D14: กล่อง | F14: 0 | G14: =E14+F14 -> 0 | H14: 0 | I14: 0 | J14: =+G14-H14-K14-I14 -> 0 | L14: 50 | M14: =+L14*K14 -> 0 | N14: - | P14: =SUM(M14-O14) -> 0 | Q14: 21.22 | R14: =+K14*Q14 -> 0
A15: 11 | B15: 8857125000246 | C15: ชิฟฟ่อนเค้กหน้าฝอยทอง สอดไส้แยมส้ม (3 ชิ้น) | D15: กล่อง | F15: 0 | G15: =E15+F15 -> 0 | H15: 0 | I15: 0 | J15: =+G15-H15-K15-I15 -> 0 | L15: 50 | M15: =+L15*K15 -> 0 | N15: - | P15: =SUM(M15-O15) -> 0 | Q15: 24.37 | R15: =+K15*Q15 -> 0
A16: 12 | C16: ชิฟฟ่อนเค้กหน้าฝอยทองทูโทน สอดไส้แยมส้ม (3 ชิ้น) | D16: กล่อง | F16: 0 | G16: =E16+F16 -> 0 | H16: 0 | I16: 0 | J16: =+G16-H16-K16-I16 -> 0 | L16: 50 | M16: =+L16*K16 -> 0 | N16: - | P16: =SUM(M16-O16) -> 0 | R16: =+K16*Q16 -> 0
A17: 13 | B17: 8857125000024 | C17: ชิฟฟ่อนเค้กสอดไส้แยม รสสตรอว์เบอรี่ (3 ชิ้น) | D17: กล่อง | F17: 0 | G17: =E17+F17 -> 0 | H17: 0 | I17: 0 | J17: =+G17-H17-K17-I17 -> 0 | L17: 50 | M17: =+L17*K17 -> 0 | N17: - | P17: =SUM(M17-O17) -> 0 | Q17: 15.05 | R17: =+K17*Q17 -> 0
A18: 14 | B18: 8857125000086 | C18: ชิฟฟ่อนเค้กสอดไส้ เนยมะพร้าว (3 ชิ้น) | D18: กล่อง | F18: 0 | G18: =E18+F18 -> 0 | H18: 0 | I18: 0 | J18: =+G18-H18-K18-I18 -> 0 | L18: 50 | M18: =+L18*K18 -> 0 | N18: - | P18: =SUM(M18-O18) -> 0 | Q18: 18.77 | R18: =+K18*Q18 -> 0
A19: 15 | B19: 8857125000239 | C19: ชิฟฟ่อนเค้กสอดไส้ นมชมพูฮอกไกโด (3 ชิ้น) | D19: กล่อง | F19: 0 | G19: =E19+F19 -> 0 | H19: 0 | I19: 0 | J19: =+G19-H19-K19-I19 -> 0 | L19: 50 | M19: =+L19*K19 -> 0 | N19: - | P19: =SUM(M19-O19) -> 0 | Q19: 19.04 | R19: =+K19*Q19 -> 0
A20: 16 | B20: 8857125001816 | C20: ชิฟฟ่อน สอดไส้ (ล) 4 ชิ้น ครีมมะพร้าว | D20: กล่อง | F20: 0 | G20: =E20+F20 -> 0 | H20: 0 | I20: 0 | J20: =+G20-H20-K20-I20 -> 0 | L20: 65 | M20: =+L20*K20 -> 0 | N20: - | P20: =SUM(M20-O20) -> 0 | Q20: 22.25 | R20: =+K20*Q20 -> 0
A21: 17 | B21: 8857125001021 | C21: ชิฟฟ่อน สอดไส้ (ก) 5 ชิ้น ครีมมะพร้าว | D21: กล่อง | F21: 0 | G21: =E21+F21 -> 0 | H21: 0 | I21: 0 | J21: =+G21-H21-K21-I21 -> 0 | L21: 85 | M21: =+L21*K21 -> 0 | N21: - | P21: =SUM(M21-O21) -> 0 | Q21: 22.85 | R21: =+K21*Q21 -> 0
A22: 18 | B22: 8857125000956 | C22: ชิฟฟ่อนเค้กสอดไส้ รวมรส (6 ชิ้น) | D22: กล่อง | F22: 0 | G22: =E22+F22 -> 0 | H22: 0 | I22: 0 | J22: =+G22-H22-K22-I22 -> 0 | L22: 100 | M22: =+L22*K22 -> 0 | N22: - | P22: =SUM(M22-O22) -> 0 | Q22: 26.6 | R22: =+K22*Q22 -> 0
A23: 19 | B23: 8857125000918 | C23: ชิฟฟ่อนเค้กสอดไส้แยม รสส้ม (6 ชิ้น) | D23: กล่อง | F23: 0 | G23: =E23+F23 -> 0 | H23: 0 | I23: 0 | J23: =+G23-H23-K23-I23 -> 0 | L23: 100 | M23: =+L23*K23 -> 0 | N23: - | P23: =SUM(M23-O23) -> 0 | Q23: 42.24 | R23: =+K23*Q23 -> 0
A24: 20 | B24: 8857125000970 | C24: ชิฟฟ่อนเค้กหน้าฝอยทอง สอดไส้แยมส้ม (6 ชิ้น) | D24: กล่อง | F24: 0 | G24: =E24+F24 -> 0 | H24: 0 | I24: 0 | J24: =+G24-H24-K24-I24 -> 0 | L24: 100 | M24: =+L24*K24 -> 0 | N24: - | P24: =SUM(M24-O24) -> 0 | Q24: 40.51 | R24: =+K24*Q24 -> 0
A25: 21 | B25: 8857125003810 | C25: ชิฟฟ่อนเค้กหน้าฝอยทองทูโทน สอดไส้แยมส้ม (6 ชิ้น) | D25: กล่อง | F25: 0 | G25: =E25+F25 -> 0 | H25: 0 | I25: 0 | J25: =+G25-H25-K25-I25 -> 0 | L25: 100 | M25: =+L25*K25 -> 0 | N25: - | P25: =SUM(M25-O25) -> 0 | Q25: 39.77 | R25: =+K25*Q25 -> 0
A26: 22 | B26: 8857125000963 | C26: ชิฟฟ่อนเค้กสอดไส้ นมชมพูฮอกไกโด (6 ชิ้น) | D26: กล่อง | F26: 0 | G26: =E26+F26 -> 0 | H26: 0 | I26: 0 | J26: =+G26-H26-K26-I26 -> 0 | L26: 100 | M26: =+L26*K26 -> 0 | N26: - | P26: =SUM(M26-O26) -> 0 | Q26: 35.39 | R26: =+K26*Q26 -> 0
A27: 23 | B27: 8857125000932 | C27: ชิฟฟ่อนเค้กสอดไส้แยม รสบลูเบอร์รี่ (6 ชิ้น) | D27: กล่อง | F27: 0 | G27: =E27+F27 -> 0 | H27: 0 | I27: 0 | J27: =+G27-H27-K27-I27 -> 0 | L27: 100 | M27: =+L27*K27 -> 0 | N27: - | P27: =SUM(M27-O27) -> 0 | Q27: 31.62 | R27: =+K27*Q27 -> 0
A28: 24 | B28: 8857125000895 | C28: ชิฟฟ่อนเค้กสอดไส้ เนยมะพร้าว (6 ชิ้น) | D28: กล่อง | F28: 0 | G28: =E28+F28 -> 0 | H28: 0 | I28: 0 | J28: =+G28-H28-K28-I28 -> 0 | L28: 100 | M28: =+L28*K28 -> 0 | N28: - | P28: =SUM(M28-O28) -> 0 | Q28: 31.97 | R28: =+K28*Q28 -> 0
A29: 25 | B29: 8857125000901 | C29: ชิฟฟ่อนเค้กสอดไส้แยม รสสตรอว์เบอรี่ (6 ชิ้น) | D29: กล่อง | F29: 0 | G29: =E29+F29 -> 0 | H29: 0 | I29: 0 | J29: =+G29-H29-K29-I29 -> 0 | L29: 100 | M29: =+L29*K29 -> 0 | N29: - | P29: =SUM(M29-O29) -> 0 | Q29: 21.27 | R29: =+K29*Q29 -> 0
A30: 26 | B30: 8857125001571 | C30: ชิฟฟอนเค้ก รสมะลิ 8ชิ้น (ห่อซีน) | D30: กล่อง | F30: 0 | G30: =E30+F30 -> 0 | H30: 0 | I30: 0 | J30: =+G30-H30-K30-I30 -> 0 | L30: 100 | M30: =+L30*K30 -> 0 | N30: - | P30: =SUM(M30-O30) -> 0 | Q30: 34.26 | R30: =+K30*Q30 -> 0
A31: 27 | B31: 8857125002127 | C31: ชิฟฟ่อนรวมรส ยอดฮิต (8 ชิ้น) | D31: กล่อง | F31: 0 | G31: =E31+F31 -> 0 | H31: 0 | I31: 0 | J31: =+G31-H31-K31-I31 -> 0 | L31: 100 | M31: =+L31*K31 -> 0 | N31: - | P31: =SUM(M31-O31) -> 0 | Q31: 38.46 | R31: =+K31*Q31 -> 0
A32: 28 | B32: 8857125000130 | C32: ชิฟฟ่อนเค้ก วรรณวนัช (สอดไส้รวมรส 8 ชิ้น) | D32: กล่อง | F32: 0 | G32: =E32+F32 -> 0 | H32: 0 | I32: 0 | J32: =+G32-H32-K32-I32 -> 0 | L32: 130 | M32: =+L32*K32 -> 0 | N32: - | P32: =SUM(M32-O32) -> 0 | Q32: 46.37 | R32: =+K32*Q32 -> 0
A33: 29 | B33: 8857125003773 | C33: ชิฟฟ่อนเค้กมะพร้าวสอดไส้ครีมมะพร้าวล้วน (8 ชิ้น) | D33: กล่อง | F33: 0 | G33: =E33+F33 -> 0 | H33: 0 | I33: 0 | J33: =+G33-H33-K33-I33 -> 0 | L33: 130 | M33: =+L33*K33 -> 0 | N33: - | P33: =SUM(M33-O33) -> 0 | Q33: 38.9 | R33: =+K33*Q33 -> 0
A34: 30 | B34: 8857125001366 | C34: ชิฟฟ่อนเค้กใบเตยสอดไส้ครีมมะพร้าวล้วน (8 ชิ้น) | D34: กล่อง | F34: 0 | G34: =E34+F34 -> 0 | H34: 0 | I34: 0 | J34: =+G34-H34-K34-I34 -> 0 | L34: 130 | M34: =+L34*K34 -> 0 | N34: - | P34: =SUM(M34-O34) -> 0 | Q34: 38.07 | R34: =+K34*Q34 -> 0
A35: 31 | B35: 8857125001397 | C35: ชิฟฟ่อนเค้กใบเตยทูโทนและสอดไส้ครีมมะพร้าว (8 ชิ้น) | D35: กล่อง | F35: 0 | G35: =E35+F35 -> 0 | H35: 0 | I35: 0 | J35: =+G35-H35-K35-I35 -> 0 | L35: 130 | M35: =+L35*K35 -> 0 | N35: - | P35: =SUM(M35-O35) -> 0 | Q35: 40.8 | R35: =+K35*Q35 -> 0
A36: 32 | B36: 885712004534 | C36: ชิฟฟ่อนเค้กสอดไส้ครีมมะพร้าว 120g. | D36: ชิ้น | F36: 0 | G36: =E36+F36 -> 0 | H36: 0 | I36: 0 | J36: =+G36-H36-K36-I36 -> 0 | L36: 35 | M36: =+L36*K36 -> 0 | N36: - | P36: =SUM(M36-O36) -> 0 | R36: =+K36*Q36 -> 0
A37: 33 | B37: 20055119 | C37: ชิฟฟ่อนเค้กฝอยทอง 95g. | D37: กล่อง | F37: 0 | G37: =E37+F37 -> 0 | H37: 0 | I37: 0 | J37: =+G37-H37-K37-I37 -> 0 | L37: 35 | M37: =+L37*K37 -> 0 | N37: - | P37: =SUM(M37-O37) -> 0 | R37: =+K37*Q37 -> 0
A38: 34 | C38: ชิฟฟ่อนหม้อแกง | D38: กล่อง | F38: 0 | G38: =E38+F38 -> 0 | H38: 0 | I38: 0 | J38: =+G38-H38-K38-I38 -> 0 | L38: 35 | M38: =+L38*K38 -> 0 | N38: - | P38: =SUM(M38-O38) -> 0 | R38: =+K38*Q38 -> 0
A39: 35 | B39: 8857125000611 | C39: ครีมฮอร์น วนิลา | D39: กล่อง | F39: 0 | G39: =E39+F39 -> 0 | H39: 0 | I39: 0 | J39: =+G39-H39-K39-I39 -> 0 | L39: 50 | M39: =+L39*K39 -> 0 | N39: - | P39: =SUM(M39-O39) -> 0 | Q39: 27.84 | R39: =+K39*Q39 -> 0
A40: 36 | B40: 8857125000604 | C40: ครีมฮอร์น ใบเตย | D40: กล่อง | F40: 0 | G40: =E40+F40 -> 0 | H40: 0 | I40: 0 | J40: =+G40-H40-K40-I40 -> 0 | L40: 50 | M40: =+L40*K40 -> 0 | N40: - | P40: =SUM(M40-O40) -> 0 | Q40: 27.12 | R40: =+K40*Q40 -> 0
A41: 37 | B41: 8857125000598 | C41: ครีมฮอร์น ช็อคโกแลต | D41: กล่อง | F41: 0 | G41: =E41+F41 -> 0 | H41: 0 | I41: 0 | J41: =+G41-H41-K41-I41 -> 0 | L41: 50 | M41: =+L41*K41 -> 0 | N41: - | P41: =SUM(M41-O41) -> 0 | Q41: 15.42 | R41: =+K41*Q41 -> 0
A42: 38 | B42: 8857125004015 | C42: ครีมฮอร์นวนิลา จัมโบ้ 65g. | D42: ชิ้น | F42: 0 | G42: =E42+F42 -> 0 | H42: 0 | I42: 0 | J42: =+G42-H42-K42-I42 -> 0 | L42: 25 | M42: =+L42*K42 -> 0 | N42: - | P42: =SUM(M42-O42) -> 0 | Q42: 15.55 | R42: =+K42*Q42 -> 0
A43: 39 | B43: 8857125004022 | C43: ครีมฮอร์นใบเตย จัมโบ้ 65g. | D43: ชิ้น | F43: 0 | G43: =E43+F43 -> 0 | H43: 0 | I43: 0 | J43: =+G43-H43-K43-I43 -> 0 | L43: 25 | M43: =+L43*K43 -> 0 | N43: - | P43: =SUM(M43-O43) -> 0 | R43: =+K43*Q43 -> 0
A44: 40 | B44: 8857125004411 | C44: ครีมฮอร์นชาไทย จัมโบ้ 65g. | D44: ชิ้น | F44: 0 | G44: =E44+F44 -> 0 | H44: 0 | I44: 0 | J44: =+G44-H44-K44-I44 -> 0 | L44: 25 | M44: =+L44*K44 -> 0 | N44: - | P44: =SUM(M44-O44) -> 0 | R44: =+K44*Q44 -> 0
A45: 41 | B45: 20055115 | C45: ครีมฮอร์นคิทแคท 70g. | D45: กล่อง | F45: 0 | G45: =E45+F45 -> 0 | H45: 0 | I45: 0 | J45: =+G45-H45-K45-I45 -> 0 | L45: 35 | M45: =+L45*K45 -> 0 | N45: - | P45: =SUM(M45-O45) -> 0
A46: 42 | B46: 8857125000420 | C46: เค้กเบาหวิว รสกล้วยหอมหน้ามะพร้าวเผา 110 กรัม | D46: กล่อง | F46: 0 | G46: =E46+F46 -> 0 | H46: 0 | I46: 0 | J46: =+G46-H46-K46-I46 -> 0 | L46: 50 | M46: =+L46*K46 -> 0 | N46: - | P46: =SUM(M46-O46) -> 0 | Q46: 19.05 | R46: =+K46*Q46 -> 0
A47: 43 | B47: 8857125001175 | C47: เค้กเบาหวิว เผือกมะพร้าวอ่อน110 กรัม | D47: กล่อง | F47: 0 | G47: =E47+F47 -> 0 | H47: 0 | I47: 0 | J47: =+G47-H47-K47-I47 -> 0 | L47: 50 | M47: =+L47*K47 -> 0 | N47: - | P47: =SUM(M47-O47) -> 0 | Q47: 19.21 | R47: =+K47*Q47 -> 0
A48: 44 | B48: 8857125000154 | C48: เค้กเบาหวิว รสมะพร้าวน้ำหอม 110 กรัม | D48: กล่อง | F48: 0 | G48: =E48+F48 -> 0 | H48: 0 | I48: 0 | J48: =+G48-H48-K48-I48 -> 0 | L48: 50 | M48: =+L48*K48 -> 0 | N48: - | P48: =SUM(M48-O48) -> 0 | Q48: 18.88 | R48: =+K48*Q48 -> 0
A49: 45 | B49: 8857125000192 | C49: เค้กเบาหวิว รสกาแฟ 110 กรัม | D49: กล่อง | F49: 0 | G49: =E49+F49 -> 0 | H49: 0 | I49: 0 | J49: =+G49-H49-K49-I49 -> 0 | L49: 50 | M49: =+L49*K49 -> 0 | N49: - | P49: =SUM(M49-O49) -> 0 | Q49: 20.43 | R49: =+K49*Q49 -> 0
A50: 46 | B50: 8857125000185 | C50: เค้กเบาหวิว รสเนยนม 110 กรัม | D50: กล่อง | F50: 0 | G50: =E50+F50 -> 0 | H50: 0 | I50: 0 | J50: =+G50-H50-K50-I50 -> 0 | L50: 50 | M50: =+L50*K50 -> 0 | N50: - | P50: =SUM(M50-O50) -> 0 | Q50: 21.81 | R50: =+K50*Q50 -> 0
A51: 47 | B51: 8857125000161 | C51: เค้กเบาหวิว รสตาลหอม 110 กรัม | D51: กล่อง | F51: 0 | G51: =E51+F51 -> 0 | H51: 0 | I51: 0 | J51: =+G51-H51-K51-I51 -> 0 | L51: 50 | M51: =+L51*K51 -> 0 | N51: - | P51: =SUM(M51-O51) -> 0 | Q51: 14.65 | R51: =+K51*Q51 -> 0
A52: 48 | B52: 8857125001007 | C52: เค้กเบาหวิว รสเตยหอม 110 กรัม | D52: กล่อง | F52: 0 | G52: =E52+F52 -> 0 | H52: 0 | I52: 0 | J52: =+G52-H52-K52-I52 -> 0 | L52: 50 | M52: =+L52*K52 -> 0 | N52: - | P52: =SUM(M52-O52) -> 0 | Q52: 18.36 | R52: =+K52*Q52 -> 0
A53: 49 | B53: 8857125000765 | C53: เค้กเบาหวิว หน้าฝอยทอง 110 กรัม | D53: กล่อง | F53: 0 | G53: =E53+F53 -> 0 | H53: 0 | I53: 0 | J53: =+G53-H53-K53-I53 -> 0 | L53: 50 | M53: =+L53*K53 -> 0 | N53: - | P53: =SUM(M53-O53) -> 0 | Q53: 17.53 | R53: =+K53*Q53 -> 0
A54: 50 | B54: 8857125000871 | C54: เค้กเบาหวิว รสทุเรียน 110 กรัม | D54: กล่อง | F54: 0 | G54: =E54+F54 -> 0 | H54: 0 | I54: 0 | J54: =+G54-H54-K54-I54 -> 0 | L54: 50 | M54: =+L54*K54 -> 0 | N54: - | P54: =SUM(M54-O54) -> 0 | Q54: 14.38 | R54: =+K54*Q54 -> 0
A55: 51 | B55: 8857125000017 | C55: เค้กเบาหวิว รสกล้วยหอมหน้ามะพร้าวเผา 300 กรัม | D55: กล่อง | F55: 0 | G55: =E55+F55 -> 0 | H55: 0 | I55: 0 | J55: =+G55-H55-K55-I55 -> 0 | L55: 120 | M55: =+L55*K55 -> 0 | N55: - | P55: =SUM(M55-O55) -> 0 | Q55: 29.34 | R55: =+K55*Q55 -> 0
A56: 52 | B56: 8857125000260 | C56: เค้กเบาหวิว รสเผือกหน้ามะพร้าวเผา 300 กรัม | D56: กล่อง | F56: 0 | G56: =E56+F56 -> 0 | H56: 0 | I56: 0 | J56: =+G56-H56-K56-I56 -> 0 | L56: 120 | M56: =+L56*K56 -> 0 | N56: - | P56: =SUM(M56-O56) -> 0 | Q56: 33.41 | R56: =+K56*Q56 -> 0
A57: 53 | B57: 8857125000116 | C57: เค้กเบาหวิว รสมะพร้าวน้ำหอม 300 กรัม | D57: กล่อง | F57: 0 | G57: =E57+F57 -> 0 | H57: 0 | I57: 0 | J57: =+G57-H57-K57-I57 -> 0 | L57: 120 | M57: =+L57*K57 -> 0 | N57: - | P57: =SUM(M57-O57) -> 0 | Q57: 31.46 | R57: =+K57*Q57 -> 0
... A62: 58 | B62: 8857125000451 | C62: เค้กเบาหวิว หน้าฝอยทอง 300 กรัม | D62: กล่อง | F62: 0 | G62: =E62+F62 -> 0 | H62: 0 | I62: 0 | J62: =+G62-H62-K62-I62 -> 0 | L62: 120 | M62: =+L62*K62 -> 0 | N62: - | P62: =SUM(M62-O62) -> 0 | Q62: 29.82 | R62: =+K62*Q62 -> 0
A63: 59 | B63: 1112018 | C63: เค้กเบาหวิว รสทุเรียน 300 กรัม | D63: กล่อง | G63: =E63+F63 -> 0 | H63: 0 | I63: 0 | J63: =+G63-H63-K63-I63 -> 0 | L63: 120 | M63: =+L63*K63 -> 0 | P63: =SUM(M63-O63) -> 0 | Q63: 27.72 | R63: =+K63*Q63 -> 0
A64: 60 | B64: 8857125003711 | C64: เค้กโบราณรวมรส 4 ชิ้น | D64: กล่อง | F64: 0 | G64: =E64+F64 -> 0 | H64: 0 | I64: 0 | J64: =+G64-H64-K64-I64 -> 0 | L64: 50 | M64: =+L64*K64 -> 0 | N64: - | P64: =SUM(M64-O64) -> 0 | Q64: 23.69 | R64: =+K64*Q64 -> 0
A65: 61 | B65: 8857125000215 | C65: เค้กโบราณครีม 4 ชิ้น | D65: กล่อง | F65: 0 | G65: =E65+F65 -> 0 | H65: 0 | I65: 0 | J65: =+G65-H65-K65-I65 -> 0 | L65: 50 | M65: =+L65*K65 -> 0 | N65: - | P65: =SUM(M65-O65) -> 0 | Q65: 22.49 | R65: =+K65*Q65 -> 0
A66: 62 | B66: 8857125003704 | C66: เค้กโบราณผลไม้ 4 ชิ้น | D66: กล่อง | F66: 0 | G66: =E66+F66 -> 0 | H66: 0 | I66: 0 | J66: =+G66-H66-K66-I66 -> 0 | L66: 50 | M66: =+L66*K66 -> 0 | N66: - | P66: =SUM(M66-O66) -> 0 | Q66: 23.12 | R66: =+K66*Q66 -> 0
A67: 63 | B67: 8857126455021 | C67: NP เค้กโบราณครีม 6 ชิ้น | D67: กล่อง | F67: 0 | G67: =E67+F67 -> 0 | H67: 0 | I67: 0 | J67: =+G67-H67-K67-I67 -> 0 | L67: 70 | M67: =+L67*K67 -> 0 | N67: - | P67: =SUM(M67-O67) -> 0 | R67: =+K67*Q67 -> 0
A68: 64 | B68: 8857126455038 | C68: NP เเค้กโบราณผลไม้ 6 ชิ้น | D68: กล่อง | F68: 0 | G68: =E68+F68 -> 0 | H68: 0 | I68: 0 | J68: =+G68-H68-K68-I68 -> 0 | L68: 80 | M68: =+L68*K68 -> 0 | N68: - | P68: =SUM(M68-O68) -> 0 | R68: =+K68*Q68 -> 0
A69: 65 | B69: 2566110401 | C69: เค้กโบราณรวมรส 12 ชิ้น | D69: กล่อง | F69: 0 | G69: =E69+F69 -> 0 | H69: 0 | I69: 0 | J69: =+G69-H69-K69-I69 -> 0 | L69: 150 | M69: =+L69*K69 -> 0 | N69: - | P69: =SUM(M69-O69) -> 0 | Q69: 67.79 | R69: =+K69*Q69 -> 0
A70: 66 | B70: 2566110402 | C70: เค้กโบราณครีม 12 ชิ้น | D70: กล่อง | F70: 0 | G70: =E70+F70 -> 0 | H70: 0 | I70: 0 | J70: =+G70-H70-K70-I70 -> 0 | L70: 150 | M70: =+L70*K70 -> 0 | N70: - | P70: =SUM(M70-O70) -> 0 | Q70: 68.37 | R70: =+K70*Q70 -> 0
A71: 67 | B71: 8857125000819 | C71: เค้กโบราณผลไม้ 12 ชิ้น | D71: กล่อง | F71: 0 | G71: =E71+F71 -> 0 | H71: 0 | I71: 0 | J71: =+G71-H71-K71-I71 -> 0 | L71: 150 | M71: =+L71*K71 -> 0 | N71: - | P71: =SUM(M71-O71) -> 0 | Q71: 67.17 | R71: =+K71*Q71 -> 0
A72: 68 | B72: 8857125001304 | C72: เค้กลาวา ฝอยทอง เล็ก | D72: ชิ้น | F72: 0 | G72: =E72+F72 -> 0 | H72: 0 | I72: 0 | J72: =+G72-H72-K72-I72 -> 0 | L72: 50 | M72: =+L72*K72 -> 0 | N72: - | P72: =SUM(M72-O72) -> 0 | R72: =+K72*Q72 -> 0
A73: 69 | B73: 8857125003742 | C73: เค้กลาวา ฝอยทอง ใหญ่ | D73: ชิ้น | F73: 0 | G73: =E73+F73 -> 0 | H73: 0 | I73: 0 | J73: =+G73-H73-K73-I73 -> 0 | L73: 120 | M73: =+L73*K73 -> 0 | N73: - | P73: =SUM(M73-O73) -> 0 | R73: =+K73*Q73 -> 0
A74: 70 | B74: 8857125003728 | C74: เค้กลาวา ฝอยทองทูโทน เล็ก | D74: กล่อง | F74: 0 | G74: =E74+F74 -> 0 | H74: 0 | I74: 0 | J74: =+G74-H74-K74-I74 -> 0 | L74: 50 | M74: =+L74*K74 -> 0 | N74: - | P74: =SUM(M74-O74) -> 0 | Q74: 17.09 | R74: =+K74*Q74 -> 0
A75: 71 | B75: 8857125003735 | C75: เค้กลาวา ฝอยทองทูโทน ใหญ่ | D75: ชิ้น | F75: 0 | G75: =E75+F75 -> 0 | H75: 0 | I75: 0 | J75: =+G75-H75-K75-I75 -> 0 | L75: 120 | M75: =+L75*K75 -> 0 | N75: - | P75: =SUM(M75-O75) -> 0
A76: 72 | B76: 8857125000147 | C76: เอแคลร์นมสด 8 ชิ้น | D76: กล่อง | F76: 0 | G76: =E76+F76 -> 0 | H76: 0 | I76: 0 | J76: =+G76-H76-K76-I76 -> 0 | L76: 50 | M76: =+L76*K76 -> 0 | N76: - | P76: =SUM(M76-O76) -> 0 | Q76: 17.33 | R76: =+K76*Q76 -> 0
A77: 73 | B77: 8857125004251 | C77: เอแคลร์คิทแคท 55g. | D77: กล่อง | F77: 0 | G77: =E77+F77 -> 0 | H77: 0 | I77: 0 | J77: =+G77-H77-K77-I77 -> 0 | L77: 45 | M77: =+L77*K77 -> 0 | N77: - | P77: =SUM(M77-O77) -> 0 | R77: =+K77*Q77 -> 0
A78: 74 | B78: 20056257 | C78: เอแคลร์ชาไทย 125g. | D78: กล่อง | F78: 0 | G78: =E78+F78 -> 0 | H78: 0 | I78: 0 | J78: =+G78-H78-K78-I78 -> 0 | L78: 35 | M78: =+L78*K78 -> 0 | N78: - | P78: =SUM(M78-O78) -> 0 | R78: =+K78*Q78 -> 0
A79: 75 | B79: 8857125000499 | C79: ซอฟ์ทเค้กช็อคโกแลตหน้านิ่ม | D79: กล่อง | F79: 0 | G79: =E79+F79 -> 0 | H79: 0 | I79: 0 | J79: =+G79-H79-K79-I79 -> 0 | L79: 55 | M79: =+L79*K79 -> 0 | N79: - | P79: =SUM(M79-O79) -> 0 | Q79: 14.35 | R79: =+K79*Q79 -> 0
A80: 76 | B80: 8857125000475 | C80: ซอฟ์ทเค้กมะพร้าวนมสดหน้านิ่ม | D80: กล่อง | F80: 0 | G80: =E80+F80 -> 0 | H80: 0 | I80: 0 | J80: =+G80-H80-K80-I80 -> 0 | L80: 55 | M80: =+L80*K80 -> 0 | N80: - | P80: =SUM(M80-O80) -> 0 | Q80: 11.58 | R80: =+K80*Q80 -> 0
A81: 77 | B81: 8857125000468 | C81: เครปโรลฝอยทอง วนิลา | D81: กล่อง | F81: 0 | G81: =E81+F81 -> 0 | H81: 0 | I81: 0 | J81: =+G81-H81-K81-I81 -> 0 | L81: 50 | M81: =+L81*K81 -> 0 | N81: - | P81: =SUM(M81-O81) -> 0 | Q81: 18.14 | R81: =+K81*Q81 -> 0
A82: 78 | B82: 8857125000857 | C82: เครปโรลฝอยทอง ใบเตย | D82: กล่อง | F82: 0 | G82: =E82+F82 -> 0 | H82: 0 | I82: 0 | J82: =+G82-H82-K82-I82 -> 0 | L82: 50 | M82: =+L82*K82 -> 0 | N82: - | P82: =SUM(M82-O82) -> 0 | Q82: 12.94 | R82: =+K82*Q82 -> 0
A83: 79 | B83: 20054638 | C83: เครปเค้กคิทแคท 65g. | D83: กล่อง | F83: 0 | G83: =E83+F83 -> 0 | H83: 0 | I83: 0 | J83: =+G83-H83-K83-I83 -> 0 | L83: 35 | M83: =+L83*K83 -> 0 | N83: - | P83: =SUM(M83-O83) -> 0 | R83: =+K83*Q83 -> 0
A84: 80 | C84: ชูครีมนมฮอกไกโด | D84: กล่อง | F84: 0 | G84: =E84+F84 -> 0 | H84: 0 | I84: 0 | J84: =+G84-H84-K84-I84 -> 0 | L84: 35 | M84: =+L84*K84 -> 0 | N84: - | P84: =SUM(M84-O84) -> 0 | R84: =+K84*Q84 -> 0
A85: 81 | B85: 1113194 | C85: บานอฟฟี่ 140 กรัม | D85: กล่อง | F85: 0 | G85: =E85+F85 -> 0 | H85: 0 | I85: 0 | J85: =+G85-H85-K85-I85 -> 0 | L85: 45 | M85: =+L85*K85 -> 0 | N85: - | P85: =SUM(M85-O85) -> 0 | R85: =+K85*Q85 -> 0
A86: 82 | C86: มะม่วงชีสพาย | D86: กล่อง | F86: 0 | G86: =E86+F86 -> 0 | H86: 0 | I86: 0 | J86: =+G86-H86-K86-I86 -> 0 | L86: 35 | M86: =+L86*K86 -> 0 | N86: - | P86: =SUM(M86-O86) -> 0 | R86: =+K86*Q86 -> 0
A87: 83 | C87: เลเยอร์เค้กใบเตย | D87: กล่อง | F87: 0 | G87: =E87+F87 -> 0 | H87: 0 | I87: 0 | J87: =+G87-H87-K87-I87 -> 0 | L87: 35 | M87: =+L87*K87 -> 0 | N87: - | P87: =SUM(M87-O87) -> 0 | R87: =+K87*Q87 -> 0
A88: 84 | B88: 1006979 | C88: คัพเค้กไส้คัสตาร์ด | D88: กล่อง | F88: 0 | G88: =E88+F88 -> 0 | H88: 0 | I88: 0 | J88: =+G88-H88-K88-I88 -> 0 | L88: 45 | M88: =+L88*K88 -> 0 | N88: - | P88: =SUM(M88-O88) -> 0 | R88: =+K88*Q88 -> 0
A89: 85 | B89: 1300005 | C89: เค้กมะพร้าวลาวา 85 กรัม | D89: กล่อง | F89: 0 | G89: =E89+F89 -> 0 | H89: 0 | I89: 0 | J89: =+G89-H89-K89-I89 -> 0 | L89: 45 | M89: =+L89*K89 -> 0 | N89: - | P89: =SUM(M89-O89) -> 0 | R89: =+K89*Q89 -> 0
A90: 86 | B90: 8857125004220 | C90: เค้กลอดช่อง 85 กรัม | D90: กล่อง | F90: 0 | G90: =E90+F90 -> 0 | H90: 0 | I90: 0 | J90: =+G90-H90-K90-I90 -> 0 | L90: 35 | M90: =+L90*K90 -> 0 | N90: - | P90: =SUM(M90-O90) -> 0 | R90: =+K90*Q90 -> 0
A91: 87 | B91: 1113178 | C91: เค้กลอดช่องกล่องกลม 1 ปอนด์ 265 กรัม | D91: กล่อง | F91: 0 | G91: =E91+F91 -> 0 | H91: 0 | I91: 0 | J91: =+G91-H91-K91-I91 -> 0 | N91: -
A92: 88 | B92: 1113179 | C92: เค้กลอดช่องกล่องกลม 2 ปอนด์ 325 กรัม | D92: กล่อง | F92: 0 | G92: =E92+F92 -> 0 | H92: 0 | I92: 0 | J92: =+G92-H92-K92-I92 -> 0 | L92: 120 | M92: =+L92*K92 -> 0 | N92: - | P92: =SUM(M92-O92) -> 0 | R92: =+K92*Q92 -> 0
A93: 89 | B93: 8857125004275 | C93: เค้กทุเรียน 90 กรัม | D93: กล่อง | F93: 0 | G93: =E93+F93 -> 0 | H93: 0 | I93: 0 | J93: =+G93-H93-K93-I93 -> 0 | L93: 45 | M93: =+L93*K93 -> 0 | N93: - | P93: =SUM(M93-O93) -> 0 | R93: =+K93*Q93 -> 0
A94: 90 | B94: 20055951 | C94: เค้กบัวลอยมะพร้าวอ่อน 100 กรัม | D94: กล่อง | F94: 0 | G94: =E94+F94 -> 0 | H94: 0 | I94: 0 | J94: =+G94-H94-K94-I94 -> 0 | L94: 35 | M94: =+L94*K94 -> 0 | N94: - | P94: =SUM(M94-O94) -> 0 | R94: =+K94*Q94 -> 0
A95: 91 | B95: 1113191 | C95: เค้กตะโก้เผือกหอม 120 กรัม | D95: กล่อง | F95: 0 | G95: =E95+F95 -> 0 | H95: 0 | I95: 0 | J95: =+G95-H95-K95-I95 -> 0 | L95: 35 | M95: =+L95*K95 -> 0 | N95: - | P95: =SUM(M95-O95) -> 0 | Q95: 15.4 | R95: =+K95*Q95 -> 0
A96: 92 | C96: เค้กกล้วยหอมชีท | D96: ชิ้น | F96: 0 | G96: =E96+F96 -> 0 | H96: 0 | I96: 0 | J96: =+G96-H96-K96-I96 -> 0 | L96: 35 | M96: =+L96*K96 -> 0 | N96: - | P96: =SUM(M96-O96) -> 0 | R96: =+K96*Q96 -> 0
A97: 93 | C97: เค้กข้าวเหนียวเปียกลำใย 120 กรัม | D97: กล่อง | F97: 0 | G97: =E97+F97 -> 0 | H97: 0 | I97: 0 | J97: =+G97-H97-K97-I97 -> 0 | L97: 35 | M97: =+L97*K97 -> 0 | N97: - | P97: =SUM(M97-O97) -> 0 | R97: =+K97*Q97 -> 0
A98: 94 | C98: เค้กข้าวหลามมะพร้าวอ่อน 100 กรัม | D98: กล่อง | F98: 0 | G98: =E98+F98 -> 0 | H98: 0 | I98: 0 | J98: =+G98-H98-K98-I98 -> 0 | L98: 35 | M98: =+L98*K98 -> 0 | N98: - | P98: =SUM(M98-O98) -> 0 | R98: =+K98*Q98 -> 0
A99: 95 | B99: 8857125003803 | C99: เค้กสามเหลี่ยม รสมะพร้าวน้ำหอม | D99: ชิ้น | F99: 0 | G99: =E99+F99 -> 0 | H99: 0 | I99: 0 | J99: =+G99-H99-K99-I99 -> 0 | L99: 35 | M99: =+L99*K99 -> 0 | N99: - | P99: =SUM(M99-O99) -> 0 | Q99: 10.98 | R99: =+K99*Q99 -> 0
A100: 96 | B100: 8857125002318 | C100: เค้กสามเหลี่ยม รสฝอยทองใบเตย | D100: ชิ้น | F100: 0 | G100: =E100+F100 -> 0 | H100: 0 | I100: 0 | J100: =+G100-H100-K100-I100 -> 0 | L100: 35 | M100: =+L100*K100 -> 0 | N100: - | P100: =SUM(M100-O100) -> 0 | R100: =+K100*Q100 -> 0
A101: 97 | B101: 8857125002370 | C101: เค้กวันเกิดมะพร้าวอ่อน 1/2 ปอนด์ | D101: ชิ้น | F101: 0 | G101: =E101+F101 -> 0 | H101: 0 | I101: 0 | J101: =+G101-H101-K101-I101 -> 0 | L101: 100 | M101: =+L101*K101 -> 0 | N101: - | P101: =SUM(M101-O101) -> 0 | R101: =+K101*Q101 -> 0
A102: 98 | B102: 8857125002332 | C102: เค้กวันเกิดมะพร้าวอ่อน 1 ปอนด์ | D102: ชิ้น | F102: 0 | G102: =E102+F102 -> 0 | H102: 0 | I102: 0 | J102: =+G102-H102-K102-I102 -> 0 | L102: 250 | M102: =+L102*K102 -> 0 | N102: - | P102: =SUM(M102-O102) -> 0
A103: 99 | B103: 8857125003346 | C103: เค้กวันเกิด 1/2 ปอนด์ ธรรมดา | D103: ชิ้น | F103: 0 | G103: =E103+F103 -> 0 | H103: 0 | I103: 0 | J103: =+G103-H103-K103-I103 -> 0 | L103: 120 | M103: =+L103*K103 -> 0 | N103: - | P103: =SUM(M103-O103) -> 0 | R103: =+K103*Q103 -> 0
A104: 100 | B104: 1113114 | C104: เค้กวันเกิด 1 ปอนด์ ธรรมดา | D104: ชิ้น | F104: 0 | G104: =E104+F104 -> 0 | H104: 0 | I104: 0 | J104: =+G104-H104-K104-I104 -> 0 | L104: 250 | M104: =+L104*K104 -> 0 | N104: - | P104: =SUM(M104-O104) -> 0 | R104: =+K104*Q104 -> 0
A105: 101 | B105: 8857125000208 | C105: ท๊อฟฟี่ถั่ว (กระเช้า) | D105: กระเช้า | F105: 0 | G105: =E105+F105 -> 0 | H105: 0 | I105: 0 | J105: =+G105-H105-K105-I105 -> 0 | L105: 80 | M105: =+L105*K105 -> 0 | N105: - | P105: =SUM(M105-O105) -> 0 | R105: =+K105*Q105 -> 0
...

Sheet 31.
A2: บูธ EVENT MakroHoReCa17 31 ต.ค. 67 -4 พ.ย. 67
A3: ลำดับ | B3: รหัสสินค้า (POS) | C3: รายการ | D3: หน่วย | E3: ยกมา | F3: รับ | G3: รวม | H3: เปลี่ยน/ | I3: โยกย้าย / ระบาย | J3: คงเหลือ | K3: รายการขาย | N3: หมายเหตุ | O3: ส่วนลด | Q3: ราคาต้นทุน | R3: ยอดรวมต้นทุนสินค้า
H4: คืน/เสีย | K4: จำนวน | L4: @ | M4: เป็นเงิน
A5: 1 | B5: 8857125001328 | C5: ชิฟฟ่อนเค้ก รวมรส (4 ชิ้น) | D5: กล่อง | E5: =+ยกมา!J5 -> 0 | F5: 15 | G5: =E5+F5 -> 15 | H5: 0 | I5: 0 | J5: =+G5-H5-K5-I5 -> 0 | K5: 15 | L5: 50 | M5: =+L5*K5 -> 750 | N5: - | P5: =SUM(M5-O5) -> 750 | Q5: 22.48 | R5: =+K5*Q5 -> 337.2
A6: 2 | B6: 8857125001311 | C6: ชิฟฟ่อนเค้ก รวมรส (8 ชิ้น) | D6: กล่อง | E6: =+ยกมา!J6 -> 0 | F6: 15 | G6: =E6+F6 -> 15 | H6: 0 | I6: 0 | J6: =+G6-H6-K6-I6 -> 5 | K6: 10 | L6: 100 | M6: =+L6*K6 -> 1000 | N6: ของรางวัล 3 , ลดราคา 6 | O6: 400 | P6: =SUM(M6-O6) -> 600 | Q6: 39.29 | R6: =+K6*Q6 -> 392.9
A7: 3 | B7: 8857125003841 | C7: ชิฟฟ่อนเค้ก รสกาแฟ (4 ชิ้น) | D7: ชิ้น | E7: =+ยกมา!J7 -> 0 | F7: 5 | G7: =E7+F7 -> 5 | H7: 0 | I7: 0 | J7: =+G7-H7-K7-I7 -> 1 | K7: 4 | L7: 50 | M7: =+L7*K7 -> 200 | N7: - | P7: =SUM(M7-O7) -> 200 | Q7: 26.11 | R7: =+K7*Q7 -> 104.44
A8: 4 | B8: 8857125003827 | C8: ชิฟฟ่อนเค้ก รสกาแฟ (8 ชิ้น) | D8: กล่อง | E8: =+ยกมา!J8 -> 0 | F8: 0 | G8: =E8+F8 -> 0 | H8: 0 | I8: 0 | J8: =+G8-H8-K8-I8 -> 0 | L8: 100 | M8: =+L8*K8 -> 0 | N8: - | P8: =SUM(M8-O8) -> 0 | Q8: 33.89 | R8: =+K8*Q8 -> 0
A9: 5 | B9: 8857125002257 | C9: ชิฟฟ่อนเค้ก 1 ชิ้น | D9: ชิ้น | E9: =+ยกมา!J9 -> 0 | F9: 0 | G9: =E9+F9 -> 0 | H9: 0 | I9: 0 | J9: =+G9-H9-K9-I9 -> 0 | L9: 10 | M9: =+L9*K9 -> 0 | N9: - | P9: =SUM(M9-O9) -> 0 | R9: =+K9*Q9 -> 0
A10: 6 | B10: 8857125002264 | C10: ชิฟฟ่อนเค้กสอดไส้แยม 1 ชิ้น | D10: ชิ้น | E10: =+ยกมา!J10 -> 0 | F10: 0 | G10: =E10+F10 -> 0 | H10: 0 | I10: 0 | J10: =+G10-H10-K10-I10 -> 0 | L10: 15 | M10: =+L10*K10 -> 0 | N10: - | P10: =SUM(M10-O10) -> 0 | R10: =+K10*Q10 -> 0
A11: 7 | B11: 8857125001830 | C11: ชิฟฟ่อนเค้กสอดไส้ รวมรส (3 ชิ้น) | D11: กล่อง | E11: =+ยกมา!J11 -> 0 | F11: 10 | G11: =E11+F11 -> 10 | H11: 0 | I11: 0 | J11: =+G11-H11-K11-I11 -> 4 | K11: 6 | L11: 50 | M11: =+L11*K11 -> 300 | N11: - | P11: =SUM(M11-O11) -> 300 | Q11: 16.94 | R11: =+K11*Q11 -> 101.64
A12: 8 | B12: 1112539 | C12: ชิฟฟ่อนเค้กสอดไส้ เมล่อน (3 ชิ้น) | D12: กล่อง | E12: =+ยกมา!J12 -> 0 | F12: 0 | G12: =E12+F12 -> 0 | H12: 0 | I12: 0 | J12: =+G12-H12-K12-I12 -> 0 | L12: 50 | M12: =+L12*K12 -> 0 | N12: - | P12: =SUM(M12-O12) -> 0 | R12: =+K12*Q12 -> 0
A13: 9 | B13: 8857125000055 | C13: ชิฟฟ่อนเค้กสอดไส้แยม รสบลูเบอร์รี่ (3 ชิ้น) | D13: กล่อง | E13: =+ยกมา!J13 -> 0 | F13: 0 | G13: =E13+F13 -> 0 | H13: 0 | I13: 0 | J13: =+G13-H13-K13-I13 -> 0 | L13: 50 | M13: =+L13*K13 -> 0 | N13: - | P13: =SUM(M13-O13) -> 0 | Q13: 17.32 | R13: =+K13*Q13 -> 0
A14: 10 | B14: 8857125000987 | C14: ชิฟฟ่อนเค้กสอดไส้แยม รสส้ม (3 ชิ้น) | D14: กล่อง | E14: =+ยกมา!J14 -> 0 | F14: 5 | G14: =E14+F14 -> 5 | H14: 0 | I14: 0 | J14: =+G14-H14-K14-I14 -> 2 | K14: 3 | L14: 50 | M14: =+L14*K14 -> 150 | N14: - | P14: =SUM(M14-O14) -> 150 | Q14: 21.22 | R14: =+K14*Q14 -> 63.66
A15: 11 | B15: 8857125000246 | C15: ชิฟฟ่อนเค้กหน้าฝอยทอง สอดไส้แยมส้ม (3 ชิ้น) | D15: กล่อง | E15: =+ยกมา!J15 -> 0 | F15: 0 | G15: =E15+F15 -> 0 | H15: 0 | I15: 0 | J15: =+G15-H15-K15-I15 -> 0 | L15: 50 | M15: =+L15*K15 -> 0 | N15: - | P15: =SUM(M15-O15) -> 0 | Q15: 24.37 | R15: =+K15*Q15 -> 0
A16: 12 | C16: ชิฟฟ่อนเค้กหน้าฝอยทองทูโทน สอดไส้แยมส้ม (3 ชิ้น) | D16: กล่อง | E16: =+ยกมา!J16 -> 0 | F16: 0 | G16: =E16+F16 -> 0 | H16: 0 | I16: 0 | J16: =+G16-H16-K16-I16 -> 0 | L16: 50 | M16: =+L16*K16 -> 0 | N16: - | P16: =SUM(M16-O16) -> 0 | R16: =+K16*Q16 -> 0
A17: 13 | B17: 8857125000024 | C17: ชิฟฟ่อนเค้กสอดไส้แยม รสสตรอว์เบอรี่ (3 ชิ้น) | D17: กล่อง | E17: =+ยกมา!J17 -> 0 | F17: 0 | G17: =E17+F17 -> 0 | H17: 0 | I17: 0 | J17: =+G17-H17-K17-I17 -> 0 | L17: 50 | M17: =+L17*K17 -> 0 | N17: - | P17: =SUM(M17-O17) -> 0 | Q17: 15.05 | R17: =+K17*Q17 -> 0
A18: 14 | B18: 8857125000086 | C18: ชิฟฟ่อนเค้กสอดไส้ เนยมะพร้าว (3 ชิ้น) | D18: กล่อง | E18: =+ยกมา!J18 -> 0 | F18: 5 | G18: =E18+F18 -> 5 | H18: 0 | I18: 0 | J18: =+G18-H18-K18-I18 -> 4 | K18: 1 | L18: 50 | M18: =+L18*K18 -> 50 | N18: - | P18: =SUM(M18-O18) -> 50 | Q18: 18.77 | R18: =+K18*Q18 -> 18.77
A19: 15 | B19: 8857125000239 | C19: ชิฟฟ่อนเค้กสอดไส้ นมชมพูฮอกไกโด (3 ชิ้น) | D19: กล่อง | E19: =+ยกมา!J19 -> 0 | F19: 0 | G19: =E19+F19 -> 0 | H19: 0 | I19: 0 | J19: =+G19-H19-K19-I19 -> 0 | L19: 50 | M19: =+L19*K19 -> 0 | N19: - | P19: =SUM(M19-O19) -> 0 | Q19: 19.04 | R19: =+K19*Q19 -> 0
A20: 16 | B20: 8857125001816 | C20: ชิฟฟ่อน สอดไส้ (ล) 4 ชิ้น ครีมมะพร้าว | D20: กล่อง | E20: =+ยกมา!J20 -> 0 | F20: 5 | G20: =E20+F20 -> 5 | H20: 0 | I20: 0 | J20: =+G20-H20-K20-I20 -> 0 | K20: 5 | L20: 65 | M20: =+L20*K20 -> 325 | N20: - | P20: =SUM(M20-O20) -> 325 | Q20: 22.25 | R20: =+K20*Q20 -> 111.25
A21: 17 | B21: 8857125001021 | C21: ชิฟฟ่อน สอดไส้ (ก) 5 ชิ้น ครีมมะพร้าว | D21: กล่อง | E21: =+ยกมา!J21 -> 0 | F21: 0 | G21: =E21+F21 -> 0 | H21: 0 | I21: 0 | J21: =+G21-H21-K21-I21 -> 0 | L21: 85 | M21: =+L21*K21 -> 0 | N21: - | P21: =SUM(M21-O21) -> 0 | Q21: 22.85 | R21: =+K21*Q21 -> 0
A22: 18 | B22: 8857125000956 | C22: ชิฟฟ่อนเค้กสอดไส้ รวมรส (6 ชิ้น) | D22: กล่อง | E22: =+ยกมา!J22 -> 0 | F22: 10 | G22: =E22+F22 -> 10 | H22: 0 | I22: 0 | J22: =+G22-H22-K22-I22 -> 4 | K22: 6 | L22: 100 | M22: =+L22*K22 -> 600 | N22: ลดราคา 6 | O22: 100 | P22: =SUM(M22-O22) -> 500 | Q22: 26.6 | R22: =+K22*Q22 -> 159.6
A23: 19 | B23: 8857125000918 | C23: ชิฟฟ่อนเค้กสอดไส้แยม รสส้ม (6 ชิ้น) | D23: กล่อง | E23: =+ยกมา!J23 -> 0 | F23: 0 | G23: =E23+F23 -> 0 | H23: 0 | I23: 0 | J23: =+G23-H23-K23-I23 -> 0 | L23: 100 | M23: =+L23*K23 -> 0 | N23: - | P23: =SUM(M23-O23) -> 0 | Q23: 42.24 | R23: =+K23*Q23 -> 0
A24: 20 | B24: 8857125000970 | C24: ชิฟฟ่อนเค้กหน้าฝอยทอง สอดไส้แยมส้ม (6 ชิ้น) | D24: กล่อง | E24: =+ยกมา!J24 -> 0 | F24: 5 | G24: =E24+F24 -> 5 | H24: 0 | I24: 0 | J24: =+G24-H24-K24-I24 -> 5 | L24: 100 | M24: =+L24*K24 -> 0 | N24: - | P24: =SUM(M24-O24) -> 0 | Q24: 40.51 | R24: =+K24*Q24 -> 0
A25: 21 | B25: 8857125003810 | C25: ชิฟฟ่อนเค้กหน้าฝอยทองทูโทน สอดไส้แยมส้ม (6 ชิ้น) | D25: กล่อง | E25: =+ยกมา!J25 -> 0 | F25: 5 | G25: =E25+F25 -> 5 | H25: 0 | I25: 0 | J25: =+G25-H25-K25-I25 -> 5 | L25: 100 | M25: =+L25*K25 -> 0 | N25: - | P25: =SUM(M25-O25) -> 0 | Q25: 39.77 | R25: =+K25*Q25 -> 0
A26: 22 | B26: 8857125000963 | C26: ชิฟฟ่อนเค้กสอดไส้ นมชมพูฮอกไกโด (6 ชิ้น) | D26: กล่อง | E26: =+ยกมา!J26 -> 0 | F26: 0 | G26: =E26+F26 -> 0 | H26: 0 | I26: 0 | J26: =+G26-H26-K26-I26 -> 0 | L26: 100 | M26: =+L26*K26 -> 0 | N26: - | P26: =SUM(M26-O26) -> 0 | Q26: 35.39 | R26: =+K26*Q26 -> 0
A27: 23 | B27: 8857125000932 | C27: ชิฟฟ่อนเค้กสอดไส้แยม รสบลูเบอร์รี่ (6 ชิ้น) | D27: กล่อง | E27: =+ยกมา!J27 -> 0 | F27: 0 | G27: =E27+F27 -> 0 | H27: 0 | I27: 0 | J27: =+G27-H27-K27-I27 -> 0 | L27: 100 | M27: =+L27*K27 -> 0 | N27: - | P27: =SUM(M27-O27) -> 0 | Q27: 31.62 | R27: =+K27*Q27 -> 0
A28: 24 | B28: 8857125000895 | C28: ชิฟฟ่อนเค้กสอดไส้ เนยมะพร้าว (6 ชิ้น) | D28: กล่อง | E28: =+ยกมา!J28 -> 0 | F28: 5 | G28: =E28+F28 -> 5 | H28: 0 | I28: 0 | J28: =+G28-H28-K28-I28 -> 5 | L28: 100 | M28: =+L28*K28 -> 0 | N28: - | P28: =SUM(M28-O28) -> 0 | Q28: 31.97 | R28: =+K28*Q28 -> 0
A29: 25 | B29: 8857125000901 | C29: ชิฟฟ่อนเค้กสอดไส้แยม รสสตรอว์เบอรี่ (6 ชิ้น) | D29: กล่อง | E29: =+ยกมา!J29 -> 0 | F29: 0 | G29: =E29+F29 -> 0 | H29: 0 | I29: 0 | J29: =+G29-H29-K29-I29 -> 0 | L29: 100 | M29: =+L29*K29 -> 0 | N29: - | P29: =SUM(M29-O29) -> 0 | Q29: 21.27 | R29: =+K29*Q29 -> 0
A30: 26 | B30: 8857125001571 | C30: ชิฟฟอนเค้ก รสมะลิ 8ชิ้น (ห่อซีน) | D30: กล่อง | E30: =+ยกมา!J30 -> 0 | F30: 0 | G30: =E30+F30 -> 0 | H30: 0 | I30: 0 | J30: =+G30-H30-K30-I30 -> 0 | L30: 100 | M30: =+L30*K30 -> 0 | N30: - | P30: =SUM(M30-O30) -> 0 | Q30: 34.26 | R30: =+K30*Q30 -> 0
A31: 27 | B31: 8857125002127 | C31: ชิฟฟ่อนรวมรส ยอดฮิต (8 ชิ้น) | D31: กล่อง | E31: =+ยกมา!J31 -> 0 | F31: 10 | G31: =E31+F31 -> 10 | H31: 0 | I31: 0 | J31: =+G31-H31-K31-I31 -> 4 | K31: 6 | L31: 100 | M31: =+L31*K31 -> 600 | N31: ลดราคา 6 | O31: 100 | P31: =SUM(M31-O31) -> 500 | Q31: 38.46 | R31: =+K31*Q31 -> 230.76
A32: 28 | B32: 8857125000130 | C32: ชิฟฟ่อนเค้ก วรรณวนัช (สอดไส้รวมรส 8 ชิ้น) | D32: กล่อง | E32: =+ยกมา!J32 -> 0 | F32: 0 | G32: =E32+F32 -> 0 | H32: 0 | I32: 0 | J32: =+G32-H32-K32-I32 -> 0 | L32: 130 | M32: =+L32*K32 -> 0 | N32: - | P32: =SUM(M32-O32) -> 0 | Q32: 46.37 | R32: =+K32*Q32 -> 0
A33: 29 | B33: 8857125003773 | C33: ชิฟฟ่อนเค้กมะพร้าวสอดไส้ครีมมะพร้าวล้วน (8 ชิ้น) | D33: กล่อง | E33: =+ยกมา!J33 -> 0 | F33: 0 | G33: =E33+F33 -> 0 | H33: 0 | I33: 0 | J33: =+G33-H33-K33-I33 -> 0 | L33: 130 | M33: =+L33*K33 -> 0 | N33: - | P33: =SUM(M33-O33) -> 0 | Q33: 38.9 | R33: =+K33*Q33 -> 0
A34: 30 | B34: 8857125001366 | C34: ชิฟฟ่อนเค้กใบเตยสอดไส้ครีมมะพร้าวล้วน (8 ชิ้น) | D34: กล่อง | E34: =+ยกมา!J34 -> 0 | F34: 0 | G34: =E34+F34 -> 0 | H34: 0 | I34: 0 | J34: =+G34-H34-K34-I34 -> 0 | L34: 130 | M34: =+L34*K34 -> 0 | N34: - | P34: =SUM(M34-O34) -> 0 | Q34: 38.07 | R34: =+K34*Q34 -> 0
A35: 31 | B35: 8857125001397 | C35: ชิฟฟ่อนเค้กใบเตยทูโทนและสอดไส้ครีมมะพร้าว (8 ชิ้น) | D35: กล่อง | E35: =+ยกมา!J35 -> 0 | F35: 0 | G35: =E35+F35 -> 0 | H35: 0 | I35: 0 | J35: =+G35-H35-K35-I35 -> 0 | L35: 130 | M35: =+L35*K35 -> 0 | N35: - | P35: =SUM(M35-O35) -> 0 | Q35: 40.8 | R35: =+K35*Q35 -> 0
A36: 32 | B36: 885712004534 | C36: ชิฟฟ่อนเค้กสอดไส้ครีมมะพร้าว 120g. | D36: ชิ้น | E36: =+ยกมา!J36 -> 0 | F36: 0 | G36: =E36+F36 -> 0 | H36: 0 | I36: 0 | J36: =+G36-H36-K36-I36 -> 0 | L36: 35 | M36: =+L36*K36 -> 0 | N36: - | P36: =SUM(M36-O36) -> 0 | R36: =+K36*Q36 -> 0
A37: 33 | B37: 20055119 | C37: ชิฟฟ่อนเค้กฝอยทอง 95g. | D37: กล่อง | E37: =+ยกมา!J37 -> 0 | F37: 0 | G37: =E37+F37 -> 0 | H37: 0 | I37: 0 | J37: =+G37-H37-K37-I37 -> 0 | L37: 35 | M37: =+L37*K37 -> 0 | N37: - | P37: =SUM(M37-O37) -> 0 | R37: =+K37*Q37 -> 0
A38: 34 | C38: ชิฟฟ่อนหม้อแกง | D38: กล่อง | E38: =+ยกมา!J38 -> 0 | F38: 0 | G38: =E38+F38 -> 0 | H38: 0 | I38: 0 | J38: =+G38-H38-K38-I38 -> 0 | L38: 35 | M38: =+L38*K38 -> 0 | N38: - | P38: =SUM(M38-O38) -> 0 | R38: =+K38*Q38 -> 0
A39: 35 | B39: 8857125000611 | C39: ครีมฮอร์น วนิลา | D39: กล่อง | E39: =+ยกมา!J39 -> 0 | F39: 5 | G39: =E39+F39 -> 5 | H39: 3 | I39: 0 | J39: =+G39-H39-K39-I39 -> 0 | K39: 2 | L39: 50 | M39: =+L39*K39 -> 100 | N39: เปรี๊ยวคืน 3 | P39: =SUM(M39-O39) -> 100 | Q39: 27.84 | R39: =+K39*Q39 -> 55.68
A40: 36 | B40: 8857125000604 | C40: ครีมฮอร์น ใบเตย | D40: กล่อง | E40: =+ยกมา!J40 -> 0 | F40: 5 | G40: =E40+F40 -> 5 | H40: 4 | I40: 0 | J40: =+G40-H40-K40-I40 -> 0 | K40: 1 | L40: 50 | M40: =+L40*K40 -> 50 | N40: เปรี๊ยวคืน 4 | P40: =SUM(M40-O40) -> 50 | Q40: 27.12 | R40: =+K40*Q40 -> 27.12
A41: 37 | B41: 8857125000598 | C41: ครีมฮอร์น ช็อคโกแลต | D41: กล่อง | E41: =+ยกมา!J41 -> 0 | F41: 5 | G41: =E41+F41 -> 5 | H41: 4 | I41: 0 | J41: =+G41-H41-K41-I41 -> 0 | K41: 1 | L41: 50 | M41: =+L41*K41 -> 50 | N41: เปรี๊ยวคืน 4 | P41: =SUM(M41-O41) -> 50 | Q41: 15.42 | R41: =+K41*Q41 -> 15.42
A42: 38 | B42: 8857125004015 | C42: ครีมฮอร์นวนิลา จัมโบ้ 65g. | D42: ชิ้น | E42: =+ยกมา!J42 -> 0 | F42: 0 | G42: =E42+F42 -> 0 | H42: 0 | I42: 0 | J42: =+G42-H42-K42-I42 -> 0 | L42: 25 | M42: =+L42*K42 -> 0 | N42: - | P42: =SUM(M42-O42) -> 0 | Q42: 15.55 | R42: =+K42*Q42 -> 0
A43: 39 | B43: 8857125004022 | C43: ครีมฮอร์นใบเตย จัมโบ้ 65g. | D43: ชิ้น | E43: =+ยกมา!J43 -> 0 | F43: 0 | G43: =E43+F43 -> 0 | H43: 0 | I43: 0 | J43: =+G43-H43-K43-I43 -> 0 | L43: 25 | M43: =+L43*K43 -> 0 | N43: - | P43: =SUM(M43-O43) -> 0 | R43: =+K43*Q43 -> 0
A44: 40 | B44: 8857125004411 | C44: ครีมฮอร์นชาไทย จัมโบ้ 65g. | D44: ชิ้น | E44: =+ยกมา!J44 -> 0 | F44: 0 | G44: =E44+F44 -> 0 | H44: 0 | I44: 0 | J44: =+G44-H44-K44-I44 -> 0 | L44: 25 | M44: =+L44*K44 -> 0 | N44: - | P44: =SUM(M44-O44) -> 0 | R44: =+K44*Q44 -> 0
A45: 41 | B45: 20055115 | C45: ครีมฮอร์นคิทแคท 70g. | D45: กล่อง | E45: =+ยกมา!J45 -> 0 | F45: 0 | G45: =E45+F45 -> 0 | H45: 0 | I45: 0 | J45: =+G45-H45-K45-I45 -> 0 | L45: 35 | M45: =+L45*K45 -> 0 | N45: - | P45: =SUM(M45-O45) -> 0
A46: 42 | B46: 8857125000420 | C46: เค้กเบาหวิว รสกล้วยหอมหน้ามะพร้าวเผา 110 กรัม | D46: กล่อง | E46: =+ยกมา!J46 -> 0 | F46: 5 | G46: =E46+F46 -> 5 | H46: 0 | I46: 0 | J46: =+G46-H46-K46-I46 -> 2 | K46: 3 | L46: 50 | M46: =+L46*K46 -> 150 | N46: ของรางวัล 3 | O46: 150 | P46: =SUM(M46-O46) -> 0 | Q46: 19.05 | R46: =+K46*Q46 -> 57.15
A47: 43 | B47: 8857125001175 | C47: เค้กเบาหวิว เผือกมะพร้าวอ่อน110 กรัม | D47: กล่อง | E47: =+ยกมา!J47 -> 0 | F47: 5 | G47: =E47+F47 -> 5 | H47: 0 | I47: 0 | J47: =+G47-H47-K47-I47 -> 5 | L47: 50 | M47: =+L47*K47 -> 0 | N47: - | P47: =SUM(M47-O47) -> 0 | Q47: 19.21 | R47: =+K47*Q47 -> 0
A48: 44 | B48: 8857125000154 | C48: เค้กเบาหวิว รสมะพร้าวน้ำหอม 110 กรัม | D48: กล่อง | E48: =+ยกมา!J48 -> 0 | F48: 5 | G48: =E48+F48 -> 5 | H48: 0 | I48: 0 | J48: =+G48-H48-K48-I48 -> 2 | K48: 3 | L48: 50 | M48: =+L48*K48 -> 150 | N48: ของรางวัล 3 | O48: 150 | P48: =SUM(M48-O48) -> 0 | Q48: 18.88 | R48: =+K48*Q48 -> 56.64
A49: 45 | B49: 8857125000192 | C49: เค้กเบาหวิว รสกาแฟ 110 กรัม | D49: กล่อง | E49: =+ยกมา!J49 -> 0 | F49: 5 | G49: =E49+F49 -> 5 | H49: 0 | I49: 0 | J49: =+G49-H49-K49-I49 -> 3 | K49: 2 | L49: 50 | M49: =+L49*K49 -> 100 | N49: ของรางวัล 2 | O49: 100 | P49: =SUM(M49-O49) -> 0 | Q49: 20.43 | R49: =+K49*Q49 -> 40.86
A50: 46 | B50: 8857125000185 | C50: เค้กเบาหวิว รสเนยนม 110 กรัม | D50: กล่อง | E50: =+ยกมา!J50 -> 0 | F50: 5 | G50: =E50+F50 -> 5 | H50: 0 | I50: 0 | J50: =+G50-H50-K50-I50 -> 1 | K50: 4 | L50: 50 | M50: =+L50*K50 -> 200 | N50: - | P50: =SUM(M50-O50) -> 200 | Q50: 21.81 | R50: =+K50*Q50 -> 87.24
A51: 47 | B51: 8857125000161 | C51: เค้กเบาหวิว รสตาลหอม 110 กรัม | D51: กล่อง | E51: =+ยกมา!J51 -> 0 | F51: 5 | G51: =E51+F51 -> 5 | H51: 0 | I51: 0 | J51: =+G51-H51-K51-I51 -> 4 | K51: 1 | L51: 50 | M51: =+L51*K51 -> 50 | N51: - | P51: =SUM(M51-O51) -> 50 | Q51: 14.65 | R51: =+K51*Q51 -> 14.65
A52: 48 | B52: 8857125001007 | C52: เค้กเบาหวิว รสเตยหอม 110 กรัม | D52: กล่อง | E52: =+ยกมา!J52 -> 0 | F52: 0 | G52: =E52+F52 -> 0 | H52: 0 | I52: 0 | J52: =+G52-H52-K52-I52 -> 0 | L52: 50 | M52: =+L52*K52 -> 0 | N52: - | P52: =SUM(M52-O52) -> 0 | Q52: 18.36 | R52: =+K52*Q52 -> 0
A53: 49 | B53: 8857125000765 | C53: เค้กเบาหวิว หน้าฝอยทอง 110 กรัม | D53: กล่อง | E53: =+ยกมา!J53 -> 0 | F53: 5 | G53: =E53+F53 -> 5 | H53: 0 | I53: 0 | J53: =+G53-H53-K53-I53 -> 3 | K53: 2 | L53: 50 | M53: =+L53*K53 -> 100 | N53: - | P53: =SUM(M53-O53) -> 100 | Q53: 17.53 | R53: =+K53*Q53 -> 35.06
A54: 50 | B54: 8857125000871 | C54: เค้กเบาหวิว รสทุเรียน 110 กรัม | D54: กล่อง | E54: =+ยกมา!J54 -> 0 | F54: 5 | G54: =E54+F54 -> 5 | H54: 0 | I54: 0 | J54: =+G54-H54-K54-I54 -> 5 | L54: 50 | M54: =+L54*K54 -> 0 | N54: - | P54: =SUM(M54-O54) -> 0 | Q54: 14.38 | R54: =+K54*Q54 -> 0
A55: 51 | B55: 8857125000017 | C55: เค้กเบาหวิว รสกล้วยหอมหน้ามะพร้าวเผา 300 กรัม | D55: กล่อง | E55: =+ยกมา!J55 -> 0 | F55: 3 | G55: =E55+F55 -> 3 | H55: 0 | I55: 0 | J55: =+G55-H55-K55-I55 -> 0 | K55: 3 | L55: 120 | M55: =+L55*K55 -> 360 | N55: โปรจับคู่ 2 กล่อง 170 บาท | O55: 105 | P55: =SUM(M55-O55) -> 255 | Q55: 29.34 | R55: =+K55*Q55 -> 88.02
A56: 52 | B56: 8857125000260 | C56: เค้กเบาหวิว รสเผือกหน้ามะพร้าวเผา 300 กรัม | D56: กล่อง | E56: =+ยกมา!J56 -> 0 | F56: 3 | G56: =E56+F56 -> 3 | H56: 0 | I56: 0 | J56: =+G56-H56-K56-I56 -> 0 | K56: 3 | L56: 120 | M56: =+L56*K56 -> 360 | N56: โปรจับคู่ 2 กล่อง 170 บาท | O56: 105 | P56: =SUM(M56-O56) -> 255 | Q56: 33.41 | R56: =+K56*Q56 -> 100.23
A57: 53 | B57: 8857125000116 | C57: เค้กเบาหวิว รสมะพร้าวน้ำหอม 300 กรัม | D57: กล่อง | E57: =+ยกมา!J57 -> 0 | F57: 3 | G57: =E57+F57 -> 3 | H57: 0 | I57: 0 | J57: =+G57-H57-K57-I57 -> 0 | K57: 3 | L57: 120 | M57: =+L57*K57 -> 360 | N57: โปรจับคู่ 2 กล่อง 170 บาท | O57: 105 | P57: =SUM(M57-O57) -> 255 | Q57: 31.46 | R57: =+K57*Q57 -> 94.38
A58: 54 | B58: 8857125000123 | C58: เค้กเบาหวิว รสกาแฟ 300 กรัม | D58: กล่อง | E58: =+ยกมา!J58 -> 0 | F58: 3 | G58: =E58+F58 -> 3 | H58: 0 | I58: 0 | J58: =+G58-H58-K58-I58 -> 0 | K58: 3 | L58: 120 | M58: =+L58*K58 -> 360 | N58: โปรจับคู่ 2 กล่อง 170 บาท | O58: 105 | P58: =SUM(M58-O58) -> 255 | Q58: 34.56 | R58: =+K58*Q58 -> 103.68
A59: 55 | B59: 8857125000093 | C59: เค้กเบาหวิว รสเนยนม 300 กรัม | D59: กล่อง | E59: =+ยกมา!J59 -> 0 | F59: 3 | G59: =E59+F59 -> 3 | H59: 0 | I59: 0 | J59: =+G59-H59-K59-I59 -> 0 | K59: 3 | L59: 120 | M59: =+L59*K59 -> 360 | N59: โปรจับคู่ 2 กล่อง 170 บาท | O59: 105 | P59: =SUM(M59-O59) -> 255 | Q59: 32.96 | R59: =+K59*Q59 -> 98.88
A60: 56 | B60: 8857125000314 | C60: เค้กเบาหวิว รสตาลหอม 300 กรัม | D60: กล่อง | E60: =+ยกมา!J60 -> 0 | F60: 0 | G60: =E60+F60 -> 0 | H60: 0 | I60: 0 | J60: =+G60-H60-K60-I60 -> 0 | L60: 120 | M60: =+L60*K60 -> 0 | N60: - | P60: =SUM(M60-O60) -> 0 | Q60: 27.25 | R60: =+K60*Q60 -> 0
A61: 57 | B61: 8857125000109 | C61: เค้กเบาหวิว รสเตยหอม 300 กรัม | D61: กล่อง | E61: =+ยกมา!J61 -> 0 | F61: 0 | G61: =E61+F61 -> 0 | H61: 0 | I61: 0 | J61: =+G61-H61-K61-I61 -> 0 | L61: 120 | M61: =+L61*K61 -> 0 | N61: - | P61: =SUM(M61-O61) -> 0 | Q61: 24.82 | R61: =+K61*Q61 -> 0
A62: 58 | B62: 8857125000451 | C62: เค้กเบาหวิว หน้าฝอยทอง 300 กรัม | D62: กล่อง | E62: =+ยกมา!J62 -> 0 | F62: 3 | G62: =E62+F62 -> 3 | H62: 0 | I62: 0 | J62: =+G62-H62-K62-I62 -> 0 | K62: 3 | L62: 120 | M62: =+L62*K62 -> 360 | N62: โปรจับคู่ 2 กล่อง 170 บาท | O62: 105 | P62: =SUM(M62-O62) -> 255 | Q62: 29.82 | R62: =+K62*Q62 -> 89.46
A63: 59 | B63: 1112018 | C63: เค้กเบาหวิว รสทุเรียน 300 กรัม | D63: กล่อง | E63: =+ยกมา!J63 -> 0 | G63: =E63+F63 -> 0 | H63: 0 | I63: 0 | J63: =+G63-H63-K63-I63 -> 0 | L63: 120 | M63: =+L63*K63 -> 0 | N63: - | P63: =SUM(M63-O63) -> 0 | Q63: 27.72 | R63: =+K63*Q63 -> 0
A64: 60 | B64: 8857125003711 | C64: เค้กโบราณรวมรส 4 ชิ้น | D64: กล่อง | E64: =+ยกมา!J64 -> 0 | F64: 0 | G64: =E64+F64 -> 0 | H64: 0 | I64: 0 | J64: =+G64-H64-K64-I64 -> 0 | L64: 50 | M64: =+L64*K64 -> 0 | N64: - | P64: =SUM(M64-O64) -> 0 | Q64: 23.69 | R64: =+K64*Q64 -> 0
A65: 61 | B65: 8857125000215 | C65: เค้กโบราณครีม 4 ชิ้น | D65: กล่อง | E65: =+ยกมา!J65 -> 0 | F65: 0 | G65: =E65+F65 -> 0 | H65: 0 | I65: 0 | J65: =+G65-H65-K65-I65 -> 0 | L65: 50 | M65: =+L65*K65 -> 0 | N65: - | P65: =SUM(M65-O65) -> 0 | Q65: 22.49 | R65: =+K65*Q65 -> 0
A66: 62 | B66: 8857125003704 | C66: เค้กโบราณผลไม้ 4 ชิ้น | D66: กล่อง | E66: =+ยกมา!J66 -> 0 | F66: 0 | G66: =E66+F66 -> 0 | H66: 0 | I66: 0 | J66: =+G66-H66-K66-I66 -> 0 | L66: 50 | M66: =+L66*K66 -> 0 | N66: - | P66: =SUM(M66-O66) -> 0 | Q66: 23.12 | R66: =+K66*Q66 -> 0
A67: 63 | B67: 8857126455021 | C67: NP เค้กโบราณครีม 6 ชิ้น | D67: กล่อง | E67: =+ยกมา!J67 -> 0 | F67: 0 | G67: =E67+F67 -> 0 | H67: 0 | I67: 0 | J67: =+G67-H67-K67-I67 -> 0 | L67: 70 | M67: =+L67*K67 -> 0 | N67: - | P67: =SUM(M67-O67) -> 0 | R67: =+K67*Q67 -> 0
A68: 64 | B68: 8857126455038 | C68: NP เเค้กโบราณผลไม้ 6 ชิ้น | D68: กล่อง | E68: =+ยกมา!J68 -> 0 | F68: 0 | G68: =E68+F68 -> 0 | H68: 0 | I68: 0 | J68: =+G68-H68-K68-I68 -> 0 | L68: 80 | M68: =+L68*K68 -> 0 | N68: - | P68: =SUM(M68-O68) -> 0 | R68: =+K68*Q68 -> 0
A69: 65 | B69: 2566110401 | C69: เค้กโบราณรวมรส 12 ชิ้น | D69: กล่อง | E69: =+ยกมา!J69 -> 0 | F69: 0 | G69: =E69+F69 -> 0 | H69: 0 | I69: 0 | J69: =+G69-H69-K69-I69 -> 0 | L69: 150 | M69: =+L69*K69 -> 0 | N69: - | P69: =SUM(M69-O69) -> 0 | Q69: 67.79 | R69: =+K69*Q69 -> 0
A70: 66 | B70: 2566110402 | C70: เค้กโบราณครีม 12 ชิ้น | D70: กล่อง | E70: =+ยกมา!J70 -> 0 | F70: 0 | G70: =E70+F70 -> 0 | H70: 0 | I70: 0 | J70: =+G70-H70-K70-I70 -> 0 | L70: 150 | M70: =+L70*K70 -> 0 | N70: - | P70: =SUM(M70-O70) -> 0 | Q70: 68.37 | R70: =+K70*Q70 -> 0
A71: 67 | B71: 8857125000819 | C71: เค้กโบราณผลไม้ 12 ชิ้น | D71: กล่อง | E71: =+ยกมา!J71 -> 0 | F71: 0 | G71: =E71+F71 -> 0 | H71: 0 | I71: 0 | J71: =+G71-H71-K71-I71 -> 0 | L71: 150 | M71: =+L71*K71 -> 0 | N71: - | P71: =SUM(M71-O71) -> 0 | Q71: 67.17 | R71: =+K71*Q71 -> 0
A72: 68 | B72: 8857125001304 | C72: เค้กลาวา ฝอยทอง เล็ก | D72: ชิ้น | E72: =+ยกมา!J72 -> 0 | F72: 0 | G72: =E72+F72 -> 0 | H72: 0 | I72: 0 | J72: =+G72-H72-K72-I72 -> 0 | L72: 50 | M72: =+L72*K72 -> 0 | N72: - | P72: =SUM(M72-O72) -> 0 | R72: =+K72*Q72 -> 0
A73: 69 | B73: 8857125003742 | C73: เค้กลาวา ฝอยทอง ใหญ่ | D73: ชิ้น | E73: =+ยกมา!J73 -> 0 | F73: 0 | G73: =E73+F73 -> 0 | H73: 0 | I73: 0 | J73: =+G73-H73-K73-I73 -> 0 | L73: 120 | M73: =+L73*K73 -> 0 | N73: - | P73: =SUM(M73-O73) -> 0 | R73: =+K73*Q73 -> 0
A74: 70 | B74: 8857125003728 | C74: เค้กลาวา ฝอยทองทูโทน เล็ก | D74: กล่อง | E74: =+ยกมา!J74 -> 0 | F74: 5 | G74: =E74+F74 -> 5 | H74: 0 | I74: 0 | J74: =+G74-H74-K74-I74 -> 0 | K74: 5 | L74: 50 | M74: =+L74*K74 -> 250 | N74: - | P74: =SUM(M74-O74) -> 250 | Q74: 17.09 | R74: =+K74*Q74 -> 85.45
A75: 71 | B75: 8857125003735 | C75: เค้กลาวา ฝอยทองทูโทน ใหญ่ | D75: ชิ้น | E75: =+ยกมา!J75 -> 0 | F75: 0 | G75: =E75+F75 -> 0 | H75: 0 | I75: 0 | J75: =+G75-H75-K75-I75 -> 0 | L75: 120 | M75: =+L75*K75 -> 0 | N75: - | P75: =SUM(M75-O75) -> 0
A76: 72 | B76: 8857125000147 | C76: เอแคลร์นมสด 8 ชิ้น | D76: กล่อง | E76: =+ยกมา!J76 -> 0 | F76: 10 | G76: =E76+F76 -> 10 | H76: 0 | I76: 0 | J76: =+G76-H76-K76-I76 -> 0 | K76: 10 | L76: 50 | M76: =+L76*K76 -> 500 | N76: - | P76: =SUM(M76-O76) -> 500 | Q76: 17.33 | R76: =+K76*Q76 -> 173.3
A77: 73 | B77: 8857125004251 | C77: เอแคลร์คิทแคท 55g. | D77: กล่อง | E77: =+ยกมา!J77 -> 0 | F77: 0 | G77: =E77+F77 -> 0 | H77: 0 | I77: 0 | J77: =+G77-H77-K77-I77 -> 0 | L77: 45 | M77: =+L77*K77 -> 0 | N77: - | P77: =SUM(M77-O77) -> 0 | R77: =+K77*Q77 -> 0
A78: 74 | B78: 20056257 | C78: เอแคลร์ชาไทย 125g. | D78: กล่อง | E78: =+ยกมา!J78 -> 0 | F78: 0 | G78: =E78+F78 -> 0 | H78: 0 | I78: 0 | J78: =+G78-H78-K78-I78 -> 0 | L78: 35 | M78: =+L78*K78 -> 0 | N78: - | P78: =SUM(M78-O78) -> 0 | R78: =+K78*Q78 -> 0
A79: 75 | B79: 8857125000499 | C79: ซอฟ์ทเค้กช็อคโกแลตหน้านิ่ม | D79: กล่อง | E79: =+ยกมา!J79 -> 0 | F79: 5 | G79: =E79+F79 -> 5 | H79: 0 | I79: 0 | J79: =+G79-H79-K79-I79 -> 2 | K79: 3 | L79: 55 | M79: =+L79*K79 -> 165 | N79: - | P79: =SUM(M79-O79) -> 165 | Q79: 14.35 | R79: =+K79*Q79 -> 43.05
A80: 76 | B80: 8857125000475 | C80: ซอฟ์ทเค้กมะพร้าวนมสดหน้านิ่ม | D80: กล่อง | E80: =+ยกมา!J80 -> 0 | F80: 5 | G80: =E80+F80 -> 5 | H80: 0 | I80: 0 | J80: =+G80-H80-K80-I80 -> 1 | K80: 4 | L80: 55 | M80: =+L80*K80 -> 220 | N80: ลด 5 บาท | O80: 5 | P80: =SUM(M80-O80) -> 215 | Q80: 11.58 | R80: =+K80*Q80 -> 46.32
A81: 77 | B81: 8857125000468 | C81: เครปโรลฝอยทอง วนิลา | D81: กล่อง | E81: =+ยกมา!J81 -> 0 | F81: 0 | G81: =E81+F81 -> 0 | H81: 0 | I81: 0 | J81: =+G81-H81-K81-I81 -> 0 | L81: 50 | M81: =+L81*K81 -> 0 | N81: - | P81: =SUM(M81-O81) -> 0 | Q81: 18.14 | R81: =+K81*Q81 -> 0
A82: 78 | B82: 8857125000857 | C82: เครปโรลฝอยทอง ใบเตย | D82: กล่อง | E82: =+ยกมา!J82 -> 0 | F82: 0 | G82: =E82+F82 -> 0 | H82: 0 | I82: 0 | J82: =+G82-H82-K82-I82 -> 0 | L82: 50 | M82: =+L82*K82 -> 0 | N82: - | P82: =SUM(M82-O82) -> 0 | Q82: 12.94 | R82: =+K82*Q82 -> 0
A83: 79 | B83: 20054638 | C83: เครปเค้กคิทแคท 65g. | D83: กล่อง | E83: =+ยกมา!J83 -> 0 | F83: 0 | G83: =E83+F83 -> 0 | H83: 0 | I83: 0 | J83: =+G83-H83-K83-I83 -> 0 | L83: 35 | M83: =+L83*K83 -> 0 | N83: - | P83: =SUM(M83-O83) -> 0 | R83: =+K83*Q83 -> 0
A84: 80 | C84: ชูครีมนมฮอกไกโด | D84: กล่อง | E84: =+ยกมา!J84 -> 0 | F84: 0 | G84: =E84+F84 -> 0 | H84: 0 | I84: 0 | J84: =+G84-H84-K84-I84 -> 0 | L84: 35 | M84: =+L84*K84 -> 0 | N84: - | P84: =SUM(M84-O84) -> 0 | R84: =+K84*Q84 -> 0
A85: 81 | B85: 1113194 | C85: บานอฟฟี่ 140 กรัม | D85: กล่อง | E85: =+ยกมา!J85 -> 0 | F85: 0 | G85: =E85+F85 -> 0 | H85: 0 | I85: 0 | J85: =+G85-H85-K85-I85 -> 0 | L85: 45 | M85: =+L85*K85 -> 0 | N85: - | P85: =SUM(M85-O85) -> 0 | R85: =+K85*Q85 -> 0
A86: 82 | C86: มะม่วงชีสพาย | D86: กล่อง | E86: =+ยกมา!J86 -> 0 | F86: 0 | G86: =E86+F86 -> 0 | H86: 0 | I86: 0 | J86: =+G86-H86-K86-I86 -> 0 | L86: 35 | M86: =+L86*K86 -> 0 | N86: - | P86: =SUM(M86-O86) -> 0 | R86: =+K86*Q86 -> 0
A87: 83 | C87: เลเยอร์เค้กใบเตย | D87: กล่อง | E87: =+ยกมา!J87 -> 0 | F87: 0 | G87: =E87+F87 -> 0 | H87: 0 | I87: 0 | J87: =+G87-H87-K87-I87 -> 0 | L87: 35 | M87: =+L87*K87 -> 0 | N87: - | P87: =SUM(M87-O87) -> 0 | R87: =+K87*Q87 -> 0
A88: 84 | B88: 1006979 | C88: คัพเค้กไส้คัสตาร์ด | D88: กล่อง | E88: =+ยกมา!J88 -> 0 | F88: 0 | G88: =E88+F88 -> 0 | H88: 0 | I88: 0 | J88: =+G88-H88-K88-I88 -> 0 | L88: 45 | M88: =+L88*K88 -> 0 | N88: - | P88: =SUM(M88-O88) -> 0 | R88: =+K88*Q88 -> 0
A89: 85 | B89: 1300005 | C89: เค้กมะพร้าวลาวา 85 กรัม | D89: กล่อง | E89: =+ยกมา!J89 -> 0 | F89: 0 | G89: =E89+F89 -> 0 | H89: 0 | I89: 0 | J89: =+G89-H89-K89-I89 -> 0 | L89: 45 | M89: =+L89*K89 -> 0 | N89: - | P89: =SUM(M89-O89) -> 0 | R89: =+K89*Q89 -> 0
A90: 86 | B90: 8857125004220 | C90: เค้กลอดช่อง 85 กรัม | D90: กล่อง | E90: =+ยกมา!J90 -> 0 | F90: 40 | G90: =E90+F90 -> 40 | H90: 0 | I90: 0 | J90: =+G90-H90-K90-I90 -> 9 | K90: 31 | L90: 35 | M90: =+L90*K90 -> 1085 | N90: ขาย 3 กล่อง 100 = 2 , แจกชิม 2 | O90: =1085-935 -> 150 | P90: =SUM(M90-O90) -> 935 | R90: =+K90*Q90 -> 0
A91: 87 | B91: 1113178 | C91: เค้กลอดช่องกล่องกลม 1 ปอนด์ 265 กรัม | D91: กล่อง | E91: =+ยกมา!J91 -> 0 | F91: 0 | G91: =E91+F91 -> 0 | H91: 0 | I91: 0 | J91: =+G91-H91-K91-I91 -> 0 | N91: -
A92: 88 | B92: 1113179 | C92: เค้กลอดช่องกล่องกลม 2 ปอนด์ 325 กรัม | D92: กล่อง | E92: =+ยกมา!J92 -> 0 | F92: 0 | G92: =E92+F92 -> 0 | H92: 0 | I92: 0 | J92: =+G92-H92-K92-I92 -> 0 | L92: 120 | M92: =+L92*K92 -> 0 | N92: - | P92: =SUM(M92-O92) -> 0 | R92: =+K92*Q92 -> 0
A93: 89 | B93: 8857125004275 | C93: เค้กทุเรียน 90 กรัม | D93: กล่อง | E93: =+ยกมา!J93 -> 0 | F93: 0 | G93: =E93+F93 -> 0 | H93: 0 | I93: 0 | J93: =+G93-H93-K93-I93 -> 0 | L93: 45 | M93: =+L93*K93 -> 0 | N93: - | P93: =SUM(M93-O93) -> 0 | R93: =+K93*Q93 -> 0
A94: 90 | B94: 20055951 | C94: เค้กบัวลอยมะพร้าวอ่อน 100 กรัม | D94: กล่อง | E94: =+ยกมา!J94 -> 0 | F94: 0 | G94: =E94+F94 -> 0 | H94: 0 | I94: 0 | J94: =+G94-H94-K94-I94 -> 0 | L94: 35 | M94: =+L94*K94 -> 0 | N94: - | P94: =SUM(M94-O94) -> 0 | R94: =+K94*Q94 -> 0
A95: 91 | B95: 1113191 | C95: เค้กตะโก้เผือกหอม 120 กรัม | D95: กล่อง | E95: =+ยกมา!J95 -> 0 | F95: 0 | G95: =E95+F95 -> 0 | H95: 0 | I95: 0 | J95: =+G95-H95-K95-I95 -> 0 | L95: 35 | M95: =+L95*K95 -> 0 | N95: - | P95: =SUM(M95-O95) -> 0 | Q95: 15.4 | R95: =+K95*Q95 -> 0
A96: 92 | C96: เค้กกล้วยหอมชีท | D96: ชิ้น | E96: =+ยกมา!J96 -> 0 | F96: 50 | G96: =E96+F96 -> 50 | H96: 0 | I96: 0 | J96: =+G96-H96-K96-I96 -> 0 | K96: 50 | L96: 45 | M96: =+L96*K96 -> 2250 | N96: - | P96: =SUM(M96-O96) -> 2250 | R96: =+K96*Q96 -> 0
A97: 93 | C97: เค้กข้าวเหนียวเปียกลำใย 120 กรัม | D97: กล่อง | E97: =+ยกมา!J97 -> 0 | F97: 0 | G97: =E97+F97 -> 0 | H97: 0 | I97: 0 | J97: =+G97-H97-K97-I97 -> 0 | L97: 35 | M97: =+L97*K97 -> 0 | N97: - | P97: =SUM(M97-O97) -> 0 | R97: =+K97*Q97 -> 0
A98: 94 | C98: เค้กข้าวหลามมะพร้าวอ่อน 100 กรัม | D98: กล่อง | E98: =+ยกมา!J98 -> 0 | F98: 0 | G98: =E98+F98 -> 0 | H98: 0 | I98: 0 | J98: =+G98-H98-K98-I98 -> 0 | L98: 35 | M98: =+L98*K98 -> 0 | N98: - | P98: =SUM(M98-O98) -> 0 | R98: =+K98*Q98 -> 0
A99: 95 | B99: 8857125003803 | C99: เค้กสามเหลี่ยม รสมะพร้าวน้ำหอม | D99: ชิ้น | E99: =+ยกมา!J99 -> 0 | F99: 0 | G99: =E99+F99 -> 0 | H99: 0 | I99: 0 | J99: =+G99-H99-K99-I99 -> 0 | L99: 35 | M99: =+L99*K99 -> 0 | N99: - | P99: =SUM(M99-O99) -> 0 | Q99: 10.98 | R99: =+K99*Q99 -> 0
A100: 96 | B100: 8857125002318 | C100: เค้กสามเหลี่ยม รสฝอยทองใบเตย | D100: ชิ้น | E100: =+ยกมา!J100 -> 0 | F100: 0 | G100: =E100+F100 -> 0 | H100: 0 | I100: 0 | J100: =+G100-H100-K100-I100 -> 0 | L100: 35 | M100: =+L100*K100 -> 0 | N100: - | P100: =SUM(M100-O100) -> 0 | R100: =+K100*Q100 -> 0
A101: 97 | B101: 8857125002370 | C101: เค้กวันเกิดมะพร้าวอ่อน 1/2 ปอนด์ | D101: ชิ้น | E101: =+ยกมา!J101 -> 0 | F101: 0 | G101: =E101+F101 -> 0 | H101: 0 | I101: 0 | J101: =+G101-H101-K101-I101 -> 0 | L101: 100 | M101: =+L101*K101 -> 0 | N101: - | P101: =SUM(M101-O101) -> 0 | R101: =+K101*Q101 -> 0
...

Sheet 1
A2: บูธ EVENT MakroHoReCa17 31 ต.ค. 67 -4 พ.ย. 67
A3: ลำดับ | B3: รหัสสินค้า (POS) | C3: รายการ | D3: หน่วย | E3: ยกมา | F3: รับ | G3: รวม | H3: เปลี่ยน/ | I3: โยกย้าย / ระบาย | J3: คงเหลือ | K3: รายการขาย | N3: หมายเหตุ | O3: ส่วนลด | Q3: ราคาต้นทุน | R3: ยอดรวมต้นทุนสินค้า
H4: คืน/เสีย | K4: จำนวน | L4: @ | M4: เป็นเงิน
A5: 1 | B5: 8857125001328 | C5: ชิฟฟ่อนเค้ก รวมรส (4 ชิ้น) | D5: กล่อง | E5: =+'31.'!J5 -> 0 | F5: 0 | G5: =E5+F5 -> 0 | H5: 0 | I5: 0 | J5: =+G5-H5-K5-I5 -> 0 | L5: 50 | M5: =+L5*K5 -> 0 | N5: - | P5: =SUM(M5-O5) -> 0 | Q5: 22.48 | R5: =+K5*Q5 -> 0
A6: 2 | B6: 8857125001311 | C6: ชิฟฟ่อนเค้ก รวมรส (8 ชิ้น) | D6: กล่อง | E6: =+'31.'!J6 -> 5 | F6: 0 | G6: =E6+F6 -> 5 | H6: 0 | I6: 0 | J6: =+G6-H6-K6-I6 -> 5 | L6: 100 | M6: =+L6*K6 -> 0 | N6: - | P6: =SUM(M6-O6) -> 0 | Q6: 39.29 | R6: =+K6*Q6 -> 0
A7: 3 | B7: 8857125003841 | C7: ชิฟฟ่อนเค้ก รสกาแฟ (4 ชิ้น) | D7: ชิ้น | E7: =+'31.'!J7 -> 1 | F7: 0 | G7: =E7+F7 -> 1 | H7: 0 | I7: 0 | J7: =+G7-H7-K7-I7 -> 1 | L7: 50 | M7: =+L7*K7 -> 0 | N7: - | P7: =SUM(M7-O7) -> 0 | Q7: 26.11 | R7: =+K7*Q7 -> 0
A8: 4 | B8: 8857125003827 | C8: ชิฟฟ่อนเค้ก รสกาแฟ (8 ชิ้น) | D8: กล่อง | E8: =+'31.'!J8 -> 0 | F8: 0 | G8: =E8+F8 -> 0 | H8: 0 | I8: 0 | J8: =+G8-H8-K8-I8 -> 0 | L8: 100 | M8: =+L8*K8 -> 0 | N8: - | P8: =SUM(M8-O8) -> 0 | Q8: 33.89 | R8: =+K8*Q8 -> 0
A9: 5 | B9: 8857125002257 | C9: ชิฟฟ่อนเค้ก 1 ชิ้น | D9: ชิ้น | E9: =+'31.'!J9 -> 0 | F9: 0 | G9: =E9+F9 -> 0 | H9: 0 | I9: 0 | J9: =+G9-H9-K9-I9 -> 0 | L9: 10 | M9: =+L9*K9 -> 0 | N9: - | P9: =SUM(M9-O9) -> 0 | R9: =+K9*Q9 -> 0
A10: 6 | B10: 8857125002264 | C10: ชิฟฟ่อนเค้กสอดไส้แยม 1 ชิ้น | D10: ชิ้น | E10: =+'31.'!J10 -> 0 | F10: 0 | G10: =E10+F10 -> 0 | H10: 0 | I10: 0 | J10: =+G10-H10-K10-I10 -> 0 | L10: 15 | M10: =+L10*K10 -> 0 | N10: - | P10: =SUM(M10-O10) -> 0 | R10: =+K10*Q10 -> 0
A11: 7 | B11: 8857125001830 | C11: ชิฟฟ่อนเค้กสอดไส้ รวมรส (3 ชิ้น) | D11: กล่อง | E11: =+'31.'!J11 -> 4 | F11: 0 | G11: =E11+F11 -> 4 | H11: 0 | I11: 0 | J11: =+G11-H11-K11-I11 -> 4 | L11: 50 | M11: =+L11*K11 -> 0 | N11: - | P11: =SUM(M11-O11) -> 0 | Q11: 16.94 | R11: =+K11*Q11 -> 0
A12: 8 | B12: 1112539 | C12: ชิฟฟ่อนเค้กสอดไส้ เมล่อน (3 ชิ้น) | D12: กล่อง | E12: =+'31.'!J12 -> 0 | F12: 0 | G12: =E12+F12 -> 0 | H12: 0 | I12: 0 | J12: =+G12-H12-K12-I12 -> 0 | L12: 50 | M12: =+L12*K12 -> 0 | N12: - | P12: =SUM(M12-O12) -> 0 | R12: =+K12*Q12 -> 0
A13: 9 | B13: 8857125000055 | C13: ชิฟฟ่อนเค้กสอดไส้แยม รสบลูเบอร์รี่ (3 ชิ้น) | D13: กล่อง | E13: =+'31.'!J13 -> 0 | F13: 0 | G13: =E13+F13 -> 0 | H13: 0 | I13: 0 | J13: =+G13-H13-K13-I13 -> 0 | L13: 50 | M13: =+L13*K13 -> 0 | N13: - | P13: =SUM(M13-O13) -> 0 | Q13: 17.32 | R13: =+K13*Q13 -> 0
A14: 10 | B14: 8857125000987 | C14: ชิฟฟ่อนเค้กสอดไส้แยม รสส้ม (3 ชิ้น) | D14: กล่อง | E14: =+'31.'!J14 -> 2 | F14: 0 | G14: =E14+F14 -> 2 | H14: 0 | I14: 0 | J14: =+G14-H14-K14-I14 -> 2 | L14: 50 | M14: =+L14*K14 -> 0 | N14: - | P14: =SUM(M14-O14) -> 0 | Q14: 21.22 | R14: =+K14*Q14 -> 0
A15: 11 | B15: 8857125000246 | C15: ชิฟฟ่อนเค้กหน้าฝอยทอง สอดไส้แยมส้ม (3 ชิ้น) | D15: กล่อง | E15: =+'31.'!J15 -> 0 | F15: 0 | G15: =E15+F15 -> 0 | H15: 0 | I15: 0 | J15: =+G15-H15-K15-I15 -> 0 | L15: 50 | M15: =+L15*K15 -> 0 | N15: - | P15: =SUM(M15-O15) -> 0 | Q15: 24.37 | R15: =+K15*Q15 -> 0
A16: 12 | C16: ชิฟฟ่อนเค้กหน้าฝอยทองทูโทน สอดไส้แยมส้ม (3 ชิ้น) | D16: กล่อง | E16: =+'31.'!J16 -> 0 | F16: 0 | G16: =E16+F16 -> 0 | H16: 0 | I16: 0 | J16: =+G16-H16-K16-I16 -> 0 | L16: 50 | M16: =+L16*K16 -> 0 | N16: - | P16: =SUM(M16-O16) -> 0 | R16: =+K16*Q16 -> 0
A17: 13 | B17: 8857125000024 | C17: ชิฟฟ่อนเค้กสอดไส้แยม รสสตรอว์เบอรี่ (3 ชิ้น) | D17: กล่อง | E17: =+'31.'!J17 -> 0 | F17: 0 | G17: =E17+F17 -> 0 | H17: 0 | I17: 0 | J17: =+G17-H17-K17-I17 -> 0 | L17: 50 | M17: =+L17*K17 -> 0 | N17: - | P17: =SUM(M17-O17) -> 0 | Q17: 15.05 | R17: =+K17*Q17 -> 0
A18: 14 | B18: 8857125000086 | C18: ชิฟฟ่อนเค้กสอดไส้ เนยมะพร้าว (3 ชิ้น) | D18: กล่อง | E18: =+'31.'!J18 -> 4 | F18: 0 | G18: =E18+F18 -> 4 | H18: 0 | I18: 0 | J18: =+G18-H18-K18-I18 -> 4 | L18: 50 | M18: =+L18*K18 -> 0 | N18: - | P18: =SUM(M18-O18) -> 0 | Q18: 18.77 | R18: =+K18*Q18 -> 0
A19: 15 | B19: 8857125000239 | C19: ชิฟฟ่อนเค้กสอดไส้ นมชมพูฮอกไกโด (3 ชิ้น) | D19: กล่อง | E19: =+'31.'!J19 -> 0 | F19: 0 | G19: =E19+F19 -> 0 | H19: 0 | I19: 0 | J19: =+G19-H19-K19-I19 -> 0 | L19: 50 | M19: =+L19*K19 -> 0 | N19: - | P19: =SUM(M19-O19) -> 0 | Q19: 19.04 | R19: =+K19*Q19 -> 0
A20: 16 | B20: 8857125001816 | C20: ชิฟฟ่อน สอดไส้ (ล) 4 ชิ้น ครีมมะพร้าว | D20: กล่อง | E20: =+'31.'!J20 -> 0 | F20: 0 | G20: =E20+F20 -> 0 | H20: 0 | I20: 0 | J20: =+G20-H20-K20-I20 -> 0 | L20: 65 | M20: =+L20*K20 -> 0 | N20: - | P20: =SUM(M20-O20) -> 0 | Q20: 22.25 | R20: =+K20*Q20 -> 0
A21: 17 | B21: 8857125001021 | C21: ชิฟฟ่อน สอดไส้ (ก) 5 ชิ้น ครีมมะพร้าว | D21: กล่อง | E21: =+'31.'!J21 -> 0 | F21: 0 | G21: =E21+F21 -> 0 | H21: 0 | I21: 0 | J21: =+G21-H21-K21-I21 -> 0 | L21: 85 | M21: =+L21*K21 -> 0 | N21: - | P21: =SUM(M21-O21) -> 0 | Q21: 22.85 | R21: =+K21*Q21 -> 0
A22: 18 | B22: 8857125000956 | C22: ชิฟฟ่อนเค้กสอดไส้ รวมรส (6 ชิ้น) | D22: กล่อง | E22: =+'31.'!J22 -> 4 | F22: 0 | G22: =E22+F22 -> 4 | H22: 0 | I22: 0 | J22: =+G22-H22-K22-I22 -> 4 | L22: 100 | M22: =+L22*K22 -> 0 | N22: - | P22: =SUM(M22-O22) -> 0 | Q22: 26.6 | R22: =+K22*Q22 -> 0
A23: 19 | B23: 8857125000918 | C23: ชิฟฟ่อนเค้กสอดไส้แยม รสส้ม (6 ชิ้น) | D23: กล่อง | E23: =+'31.'!J23 -> 0 | F23: 0 | G23: =E23+F23 -> 0 | H23: 0 | I23: 0 | J23: =+G23-H23-K23-I23 -> 0 | L23: 100 | M23: =+L23*K23 -> 0 | N23: - | P23: =SUM(M23-O23) -> 0 | Q23: 42.24 | R23: =+K23*Q23 -> 0
A24: 20 | B24: 8857125000970 | C24: ชิฟฟ่อนเค้กหน้าฝอยทอง สอดไส้แยมส้ม (6 ชิ้น) | D24: กล่อง | E24: =+'31.'!J24 -> 5 | F24: 0 | G24: =E24+F24 -> 5 | H24: 0 | I24: 0 | J24: =+G24-H24-K24-I24 -> 5 | L24: 100 | M24: =+L24*K24 -> 0 | N24: - | P24: =SUM(M24-O24) -> 0 | Q24: 40.51 | R24: =+K24*Q24 -> 0
A25: 21 | B25: 8857125003810 | C25: ชิฟฟ่อนเค้กหน้าฝอยทองทูโทน สอดไส้แยมส้ม (6 ชิ้น) | D25: กล่อง | E25: =+'31.'!J25 -> 5 | F25: 0 | G25: =E25+F25 -> 5 | H25: 0 | I25: 0 | J25: =+G25-H25-K25-I25 -> 5 | L25: 100 | M25: =+L25*K25 -> 0 | N25: - | P25: =SUM(M25-O25) -> 0 | Q25: 39.77 | R25: =+K25*Q25 -> 0
A26: 22 | B26: 8857125000963 | C26: ชิฟฟ่อนเค้กสอดไส้ นมชมพูฮอกไกโด (6 ชิ้น) | D26: กล่อง | E26: =+'31.'!J26 -> 0 | F26: 0 | G26: =E26+F26 -> 0 | H26: 0 | I26: 0 | J26: =+G26-H26-K26-I26 -> 0 | L26: 100 | M26: =+L26*K26 -> 0 | N26: - | P26: =SUM(M26-O26) -> 0 | Q26: 35.39 | R26: =+K26*Q26 -> 0
A27: 23 | B27: 8857125000932 | C27: ชิฟฟ่อนเค้กสอดไส้แยม รสบลูเบอร์รี่ (6 ชิ้น) | D27: กล่อง | E27: =+'31.'!J27 -> 0 | F27: 0 | G27: =E27+F27 -> 0 | H27: 0 | I27: 0 | J27: =+G27-H27-K27-I27 -> 0 | L27: 100 | M27: =+L27*K27 -> 0 | N27: - | P27: =SUM(M27-O27) -> 0 | Q27: 31.62 | R27: =+K27*Q27 -> 0
A28: 24 | B28: 8857125000895 | C28: ชิฟฟ่อนเค้กสอดไส้ เนยมะพร้าว (6 ชิ้น) | D28: กล่อง | E28: =+'31.'!J28 -> 5 | F28: 0 | G28: =E28+F28 -> 5 | H28: 0 | I28: 0 | J28: =+G28-H28-K28-I28 -> 5 | L28: 100 | M28: =+L28*K28 -> 0 | N28: - | P28: =SUM(M28-O28) -> 0 | Q28: 31.97 | R28: =+K28*Q28 -> 0
A29: 25 | B29: 8857125000901 | C29: ชิฟฟ่อนเค้กสอดไส้แยม รสสตรอว์เบอรี่ (6 ชิ้น) | D29: กล่อง | E29: =+'31.'!J29 -> 0 | F29: 0 | G29: =E29+F29 -> 0 | H29: 0 | I29: 0 | J29: =+G29-H29-K29-I29 -> 0 | L29: 100 | M29: =+L29*K29 -> 0 | N29: - | P29: =SUM(M29-O29) -> 0 | Q29: 21.27 | R29: =+K29*Q29 -> 0
A30: 26 | B30: 8857125001571 | C30: ชิฟฟอนเค้ก รสมะลิ 8ชิ้น (ห่อซีน) | D30: กล่อง | E30: =+'31.'!J30 -> 0 | F30: 0 | G30: =E30+F30 -> 0 | H30: 0 | I30: 0 | J30: =+G30-H30-K30-I30 -> 0 | L30: 100 | M30: =+L30*K30 -> 0 | N30: - | P30: =SUM(M30-O30) -> 0 | Q30: 34.26 | R30: =+K30*Q30 -> 0
A31: 27 | B31: 8857125002127 | C31: ชิฟฟ่อนรวมรส ยอดฮิต (8 ชิ้น) | D31: กล่อง | E31: =+'31.'!J31 -> 4 | F31: 0 | G31: =E31+F31 -> 4 | H31: 0 | I31: 0 | J31: =+G31-H31-K31-I31 -> 4 | L31: 100 | M31: =+L31*K31 -> 0 | N31: - | P31: =SUM(M31-O31) -> 0 | Q31: 38.46 | R31: =+K31*Q31 -> 0
A32: 28 | B32: 8857125000130 | C32: ชิฟฟ่อนเค้ก วรรณวนัช (สอดไส้รวมรส 8 ชิ้น) | D32: กล่อง | E32: =+'31.'!J32 -> 0 | F32: 0 | G32: =E32+F32 -> 0 | H32: 0 | I32: 0 | J32: =+G32-H32-K32-I32 -> 0 | L32: 130 | M32: =+L32*K32 -> 0 | N32: - | P32: =SUM(M32-O32) -> 0 | Q32: 46.37 | R32: =+K32*Q32 -> 0
A33: 29 | B33: 8857125003773 | C33: ชิฟฟ่อนเค้กมะพร้าวสอดไส้ครีมมะพร้าวล้วน (8 ชิ้น) | D33: กล่อง | E33: =+'31.'!J33 -> 0 | F33: 0 | G33: =E33+F33 -> 0 | H33: 0 | I33: 0 | J33: =+G33-H33-K33-I33 -> 0 | L33: 130 | M33: =+L33*K33 -> 0 | N33: - | P33: =SUM(M33-O33) -> 0 | Q33: 38.9 | R33: =+K33*Q33 -> 0
A34: 30 | B34: 8857125001366 | C34: ชิฟฟ่อนเค้กใบเตยสอดไส้ครีมมะพร้าวล้วน (8 ชิ้น) | D34: กล่อง | E34: =+'31.'!J34 -> 0 | F34: 0 | G34: =E34+F34 -> 0 | H34: 0 | I34: 0 | J34: =+G34-H34-K34-I34 -> 0 | L34: 130 | M34: =+L34*K34 -> 0 | N34: - | P34: =SUM(M34-O34) -> 0 | Q34: 38.07 | R34: =+K34*Q34 -> 0
A35: 31 | B35: 8857125001397 | C35: ชิฟฟ่อนเค้กใบเตยทูโทนและสอดไส้ครีมมะพร้าว (8 ชิ้น) | D35: กล่อง | E35: =+'31.'!J35 -> 0 | F35: 0 | G35: =E35+F35 -> 0 | H35: 0 | I35: 0 | J35: =+G35-H35-K35-I35 -> 0 | L35: 130 | M35: =+L35*K35 -> 0 | N35: - | P35: =SUM(M35-O35) -> 0 | Q35: 40.8 | R35: =+K35*Q35 -> 0
A36: 32 | B36: 885712004534 | C36: ชิฟฟ่อนเค้กสอดไส้ครีมมะพร้าว 120g. | D36: ชิ้น | E36: =+'31.'!J36 -> 0 | F36: 0 | G36: =E36+F36 -> 0 | H36: 0 | I36: 0 | J36: =+G36-H36-K36-I36 -> 0 | L36: 35 | M36: =+L36*K36 -> 0 | N36: - | P36: =SUM(M36-O36) -> 0 | R36: =+K36*Q36 -> 0
A37: 33 | B37: 20055119 | C37: ชิฟฟ่อนเค้กฝอยทอง 95g. | D37: กล่อง | E37: =+'31.'!J37 -> 0 | F37: 0 | G37: =E37+F37 -> 0 | H37: 0 | I37: 0 | J37: =+G37-H37-K37-I37 -> 0 | L37: 35 | M37: =+L37*K37 -> 0 | N37: - | P37: =SUM(M37-O37) -> 0 | R37: =+K37*Q37 -> 0
A38: 34 | C38: ชิฟฟ่อนหม้อแกง | D38: กล่อง | E38: =+'31.'!J38 -> 0 | F38: 0 | G38: =E38+F38 -> 0 | H38: 0 | I38: 0 | J38: =+G38-H38-K38-I38 -> 0 | L38: 35 | M38: =+L38*K38 -> 0 | N38: - | P38: =SUM(M38-O38) -> 0 | R38: =+K38*Q38 -> 0
A39: 35 | B39: 8857125000611 | C39: ครีมฮอร์น วนิลา | D39: กล่อง | E39: =+'31.'!J39 -> 0 | F39: 0 | G39: =E39+F39 -> 0 | H39: 0 | I39: 0 | J39: =+G39-H39-K39-I39 -> 0 | L39: 50 | M39: =+L39*K39 -> 0 | N39: - | P39: =SUM(M39-O39) -> 0 | Q39: 27.84 | R39: =+K39*Q39 -> 0
A40: 36 | B40: 8857125000604 | C40: ครีมฮอร์น ใบเตย | D40: กล่อง | E40: =+'31.'!J40 -> 0 | F40: 0 | G40: =E40+F40 -> 0 | H40: 0 | I40: 0 | J40: =+G40-H40-K40-I40 -> 0 | L40: 50 | M40: =+L40*K40 -> 0 | N40: - | P40: =SUM(M40-O40) -> 0 | Q40: 27.12 | R40: =+K40*Q40 -> 0
A41: 37 | B41: 8857125000598 | C41: ครีมฮอร์น ช็อคโกแลต | D41: กล่อง | E41: =+'31.'!J41 -> 0 | F41: 0 | G41: =E41+F41 -> 0 | H41: 0 | I41: 0 | J41: =+G41-H41-K41-I41 -> 0 | L41: 50 | M41: =+L41*K41 -> 0 | N41: - | P41: =SUM(M41-O41) -> 0 | Q41: 15.42 | R41: =+K41*Q41 -> 0
A42: 38 | B42: 8857125004015 | C42: ครีมฮอร์นวนิลา จัมโบ้ 65g. | D42: ชิ้น | E42: =+'31.'!J42 -> 0 | F42: 0 | G42: =E42+F42 -> 0 | H42: 0 | I42: 0 | J42: =+G42-H42-K42-I42 -> 0 | L42: 25 | M42: =+L42*K42 -> 0 | N42: - | P42: =SUM(M42-O42) -> 0 | Q42: 15.55 | R42: =+K42*Q42 -> 0
A43: 39 | B43: 8857125004022 | C43: ครีมฮอร์นใบเตย จัมโบ้ 65g. | D43: ชิ้น | E43: =+'31.'!J43 -> 0 | F43: 0 | G43: =E43+F43 -> 0 | H43: 0 | I43: 0 | J43: =+G43-H43-K43-I43 -> 0 | L43: 25 | M43: =+L43*K43 -> 0 | N43: - | P43: =SUM(M43-O43) -> 0 | R43: =+K43*Q43 -> 0
A44: 40 | B44: 8857125004411 | C44: ครีมฮอร์นชาไทย จัมโบ้ 65g. | D44: ชิ้น | E44: =+'31.'!J44 -> 0 | F44: 0 | G44: =E44+F44 -> 0 | H44: 0 | I44: 0 | J44: =+G44-H44-K44-I44 -> 0 | L44: 25 | M44: =+L44*K44 -> 0 | N44: - | P44: =SUM(M44-O44) -> 0 | R44: =+K44*Q44 -> 0
A45: 41 | B45: 20055115 | C45: ครีมฮอร์นคิทแคท 70g. | D45: กล่อง | E45: =+'31.'!J45 -> 0 | F45: 0 | G45: =E45+F45 -> 0 | H45: 0 | I45: 0 | J45: =+G45-H45-K45-I45 -> 0 | L45: 35 | M45: =+L45*K45 -> 0 | N45: - | P45: =SUM(M45-O45) -> 0
A46: 42 | B46: 8857125000420 | C46: เค้กเบาหวิว รสกล้วยหอมหน้ามะพร้าวเผา 110 กรัม | D46: กล่อง | E46: =+'31.'!J46 -> 2 | F46: 0 | G46: =E46+F46 -> 2 | H46: 0 | I46: 0 | J46: =+G46-H46-K46-I46 -> 2 | L46: 50 | M46: =+L46*K46 -> 0 | N46: - | P46: =SUM(M46-O46) -> 0 | Q46: 19.05 | R46: =+K46*Q46 -> 0
A47: 43 | B47: 8857125001175 | C47: เค้กเบาหวิว เผือกมะพร้าวอ่อน110 กรัม | D47: กล่อง | E47: =+'31.'!J47 -> 5 | F47: 0 | G47: =E47+F47 -> 5 | H47: 0 | I47: 0 | J47: =+G47-H47-K47-I47 -> 5 | L47: 50 | M47: =+L47*K47 -> 0 | N47: - | P47: =SUM(M47-O47) -> 0 | Q47: 19.21 | R47: =+K47*Q47 -> 0
A48: 44 | B48: 8857125000154 | C48: เค้กเบาหวิว รสมะพร้าวน้ำหอม 110 กรัม | D48: กล่อง | E48: =+'31.'!J48 -> 2 | F48: 0 | G48: =E48+F48 -> 2 | H48: 0 | I48: 0 | J48: =+G48-H48-K48-I48 -> 2 | L48: 50 | M48: =+L48*K48 -> 0 | N48: - | P48: =SUM(M48-O48) -> 0 | Q48: 18.88 | R48: =+K48*Q48 -> 0
A49: 45 | B49: 8857125000192 | C49: เค้กเบาหวิว รสกาแฟ 110 กรัม | D49: กล่อง | E49: =+'31.'!J49 -> 3 | F49: 0 | G49: =E49+F49 -> 3 | H49: 0 | I49: 0 | J49: =+G49-H49-K49-I49 -> 3 | L49: 50 | M49: =+L49*K49 -> 0 | N49: - | P49: =SUM(M49-O49) -> 0 | Q49: 20.43 | R49: =+K49*Q49 -> 0
A50: 46 | B50: 8857125000185 | C50: เค้กเบาหวิว รสเนยนม 110 กรัม | D50: กล่อง | E50: =+'31.'!J50 -> 1 | F50: 0 | G50: =E50+F50 -> 1 | H50: 0 | I50: 0 | J50: =+G50-H50-K50-I50 -> 1 | L50: 50 | M50: =+L50*K50 -> 0 | N50: - | P50: =SUM(M50-O50) -> 0 | Q50: 21.81 | R50: =+K50*Q50 -> 0
A51: 47 | B51: 8857125000161 | C51: เค้กเบาหวิว รสตาลหอม 110 กรัม | D51: กล่อง | E51: =+'31.'!J51 -> 4 | F51: 0 | G51: =E51+F51 -> 4 | H51: 0 | I51: 0 | J51: =+G51-H51-K51-I51 -> 4 | L51: 50 | M51: =+L51*K51 -> 0 | N51: - | P51: =SUM(M51-O51) -> 0 | Q51: 14.65 | R51: =+K51*Q51 -> 0
A52: 48 | B52: 8857125001007 | C52: เค้กเบาหวิว รสเตยหอม 110 กรัม | D52: กล่อง | E52: =+'31.'!J52 -> 0 | F52: 0 | G52: =E52+F52 -> 0 | H52: 0 | I52: 0 | J52: =+G52-H52-K52-I52 -> 0 | L52: 50 | M52: =+L52*K52 -> 0 | N52: - | P52: =SUM(M52-O52) -> 0 | Q52: 18.36 | R52: =+K52*Q52 -> 0
A53: 49 | B53: 8857125000765 | C53: เค้กเบาหวิว หน้าฝอยทอง 110 กรัม | D53: กล่อง | E53: =+'31.'!J53 -> 3 | F53: 0 | G53: =E53+F53 -> 3 | H53: 0 | I53: 0 | J53: =+G53-H53-K53-I53 -> 3 | L53: 50 | M53: =+L53*K53 -> 0 | N53: - | P53: =SUM(M53-O53) -> 0 | Q53: 17.53 | R53: =+K53*Q53 -> 0
A54: 50 | B54: 8857125000871 | C54: เค้กเบาหวิว รสทุเรียน 110 กรัม | D54: กล่อง | E54: =+'31.'!J54 -> 5 | F54: 0 | G54: =E54+F54 -> 5 | H54: 0 | I54: 0 | J54: =+G54-H54-K54-I54 -> 5 | L54: 50 | M54: =+L54*K54 -> 0 | N54: - | P54: =SUM(M54-O54) -> 0 | Q54: 14.38 | R54: =+K54*Q54 -> 0
A55: 51 | B55: 8857125000017 | C55: เค้กเบาหวิว รสกล้วยหอมหน้ามะพร้าวเผา 300 กรัม | D55: กล่อง | E55: =+'31.'!J55 -> 0 | F55: 0 | G55: =E55+F55 -> 0 | H55: 0 | I55: 0 | J55: =+G55-H55-K55-I55 -> 0 | L55: 120 | M55: =+L55*K55 -> 0 | N55: - | P55: =SUM(M55-O55) -> 0 | Q55: 29.34 | R55: =+K55*Q55 -> 0
A56: 52 | B56: 8857125000260 | C56: เค้กเบาหวิว รสเผือกหน้ามะพร้าวเผา 300 กรัม | D56: กล่อง | E56: =+'31.'!J56 -> 0 | F56: 0 | G56: =E56+F56 -> 0 | H56: 0 | I56: 0 | J56: =+G56-H56-K56-I56 -> 0 | L56: 120 | M56: =+L56*K56 -> 0 | N56: - | P56: =SUM(M56-O56) -> 0 | Q56: 33.41 | R56: =+K56*Q56 -> 0
A57: 53 | B57: 8857125000116 | C57: เค้กเบาหวิว รสมะพร้าวน้ำหอม 300 กรัม | D57: กล่อง | E57: =+'31.'!J57 -> 0 | F57: 0 | G57: =E57+F57 -> 0 | H57: 0 | I57: 0 | J57: =+G57-H57-K57-I57 -> 0 | L57: 120 | M57: =+L57*K57 -> 0 | N57: - | P57: =SUM(M57-O57) -> 0 | Q57: 31.46 | R57: =+K57*Q57 -> 0
... A62: 58 | B62: 8857125000451 | C62: เค้กเบาหวิว หน้าฝอยทอง 300 กรัม | D62: กล่อง | E62: =+'31.'!J62 -> 0 | F62: 0 | G62: =E62+F62 -> 0 | H62: 0 | I62: 0 | J62: =+G62-H62-K62-I62 -> 0 | L62: 120 | M62: =+L62*K62 -> 0 | N62: - | P62: =SUM(M62-O62) -> 0 | Q62: 29.82 | R62: =+K62*Q62 -> 0
A63: 59 | B63: 1112018 | C63: เค้กเบาหวิว รสทุเรียน 300 กรัม | D63: กล่อง | E63: =+'31.'!J63 -> 0 | G63: =E63+F63 -> 0 | H63: 0 | I63: 0 | J63: =+G63-H63-K63-I63 -> 0 | L63: 120 | M63: =+L63*K63 -> 0 | N63: - | P63: =SUM(M63-O63) -> 0 | Q63: 27.72 | R63: =+K63*Q63 -> 0
A64: 60 | B64: 8857125003711 | C64: เค้กโบราณรวมรส 4 ชิ้น | D64: กล่อง | E64: =+'31.'!J64 -> 0 | F64: 0 | G64: =E64+F64 -> 0 | H64: 0 | I64: 0 | J64: =+G64-H64-K64-I64 -> 0 | L64: 50 | M64: =+L64*K64 -> 0 | N64: - | P64: =SUM(M64-O64) -> 0 | Q64: 23.69 | R64: =+K64*Q64 -> 0
A65: 61 | B65: 8857125000215 | C65: เค้กโบราณครีม 4 ชิ้น | D65: กล่อง | E65: =+'31.'!J65 -> 0 | F65: 0 | G65: =E65+F65 -> 0 | H65: 0 | I65: 0 | J65: =+G65-H65-K65-I65 -> 0 | L65: 50 | M65: =+L65*K65 -> 0 | N65: - | P65: =SUM(M65-O65) -> 0 | Q65: 22.49 | R65: =+K65*Q65 -> 0
A66: 62 | B66: 8857125003704 | C66: เค้กโบราณผลไม้ 4 ชิ้น | D66: กล่อง | E66: =+'31.'!J66 -> 0 | F66: 0 | G66: =E66+F66 -> 0 | H66: 0 | I66: 0 | J66: =+G66-H66-K66-I66 -> 0 | L66: 50 | M66: =+L66*K66 -> 0 | N66: - | P66: =SUM(M66-O66) -> 0 | Q66: 23.12 | R66: =+K66*Q66 -> 0
A67: 63 | B67: 8857126455021 | C67: NP เค้กโบราณครีม 6 ชิ้น | D67: กล่อง | E67: =+'31.'!J67 -> 0 | F67: 0 | G67: =E67+F67 -> 0 | H67: 0 | I67: 0 | J67: =+G67-H67-K67-I67 -> 0 | L67: 70 | M67: =+L67*K67 -> 0 | N67: - | P67: =SUM(M67-O67) -> 0 | R67: =+K67*Q67 -> 0
A68: 64 | B68: 8857126455038 | C68: NP เเค้กโบราณผลไม้ 6 ชิ้น | D68: กล่อง | E68: =+'31.'!J68 -> 0 | F68: 0 | G68: =E68+F68 -> 0 | H68: 0 | I68: 0 | J68: =+G68-H68-K68-I68 -> 0 | L68: 80 | M68: =+L68*K68 -> 0 | N68: - | P68: =SUM(M68-O68) -> 0 | R68: =+K68*Q68 -> 0
A69: 65 | B69: 2566110401 | C69: เค้กโบราณรวมรส 12 ชิ้น | D69: กล่อง | E69: =+'31.'!J69 -> 0 | F69: 0 | G69: =E69+F69 -> 0 | H69: 0 | I69: 0 | J69: =+G69-H69-K69-I69 -> 0 | L69: 150 | M69: =+L69*K69 -> 0 | N69: - | P69: =SUM(M69-O69) -> 0 | Q69: 67.79 | R69: =+K69*Q69 -> 0
A70: 66 | B70: 2566110402 | C70: เค้กโบราณครีม 12 ชิ้น | D70: กล่อง | E70: =+'31.'!J70 -> 0 | F70: 0 | G70: =E70+F70 -> 0 | H70: 0 | I70: 0 | J70: =+G70-H70-K70-I70 -> 0 | L70: 150 | M70: =+L70*K70 -> 0 | N70: - | P70: =SUM(M70-O70) -> 0 | Q70: 68.37 | R70: =+K70*Q70 -> 0
A71: 67 | B71: 8857125000819 | C71: เค้กโบราณผลไม้ 12 ชิ้น | D71: กล่อง | E71: =+'31.'!J71 -> 0 | F71: 0 | G71: =E71+F71 -> 0 | H71: 0 | I71: 0 | J71: =+G71-H71-K71-I71 -> 0 | L71: 150 | M71: =+L71*K71 -> 0 | N71: - | P71: =SUM(M71-O71) -> 0 | Q71: 67.17 | R71: =+K71*Q71 -> 0
A72: 68 | B72: 8857125001304 | C72: เค้กลาวา ฝอยทอง เล็ก | D72: ชิ้น | E72: =+'31.'!J72 -> 0 | F72: 0 | G72: =E72+F72 -> 0 | H72: 0 | I72: 0 | J72: =+G72-H72-K72-I72 -> 0 | L72: 50 | M72: =+L72*K72 -> 0 | N72: - | P72: =SUM(M72-O72) -> 0 | R72: =+K72*Q72 -> 0
A73: 69 | B73: 8857125003742 | C73: เค้กลาวา ฝอยทอง ใหญ่ | D73: ชิ้น | E73: =+'31.'!J73 -> 0 | F73: 0 | G73: =E73+F73 -> 0 | H73: 0 | I73: 0 | J73: =+G73-H73-K73-I73 -> 0 | L73: 120 | M73: =+L73*K73 -> 0 | N73: - | P73: =SUM(M73-O73) -> 0 | R73: =+K73*Q73 -> 0
A74: 70 | B74: 8857125003728 | C74: เค้กลาวา ฝอยทองทูโทน เล็ก | D74: กล่อง | E74: =+'31.'!J74 -> 0 | F74: 0 | G74: =E74+F74 -> 0 | H74: 0 | I74: 0 | J74: =+G74-H74-K74-I74 -> 0 | L74: 50 | M74: =+L74*K74 -> 0 | N74: - | P74: =SUM(M74-O74) -> 0 | Q74: 17.09 | R74: =+K74*Q74 -> 0
A75: 71 | B75: 8857125003735 | C75: เค้กลาวา ฝอยทองทูโทน ใหญ่ | D75: ชิ้น | E75: =+'31.'!J75 -> 0 | F75: 0 | G75: =E75+F75 -> 0 | H75: 0 | I75: 0 | J75: =+G75-H75-K75-I75 -> 0 | L75: 120 | M75: =+L75*K75 -> 0 | N75: - | P75: =SUM(M75-O75) -> 0
A76: 72 | B76: 8857125000147 | C76: เอแคลร์นมสด 8 ชิ้น | D76: กล่อง | E76: =+'31.'!J76 -> 0 | F76: 0 | G76: =E76+F76 -> 0 | H76: 0 | I76: 0 | J76: =+G76-H76-K76-I76 -> 0 | L76: 50 | M76: =+L76*K76 -> 0 | N76: - | P76: =SUM(M76-O76) -> 0 | Q76: 17.33 | R76: =+K76*Q76 -> 0
A77: 73 | B77: 8857125004251 | C77: เอแคลร์คิทแคท 55g. | D77: กล่อง | E77: =+'31.'!J77 -> 0 | F77: 0 | G77: =E77+F77 -> 0 | H77: 0 | I77: 0 | J77: =+G77-H77-K77-I77 -> 0 | L77: 45 | M77: =+L77*K77 -> 0 | N77: - | P77: =SUM(M77-O77) -> 0 | R77: =+K77*Q77 -> 0
A78: 74 | B78: 20056257 | C78: เอแคลร์ชาไทย 125g. | D78: กล่อง | E78: =+'31.'!J78 -> 0 | F78: 0 | G78: =E78+F78 -> 0 | H78: 0 | I78: 0 | J78: =+G78-H78-K78-I78 -> 0 | L78: 35 | M78: =+L78*K78 -> 0 | N78: - | P78: =SUM(M78-O78) -> 0 | R78: =+K78*Q78 -> 0
A79: 75 | B79: 8857125000499 | C79: ซอฟ์ทเค้กช็อคโกแลตหน้านิ่ม | D79: กล่อง | E79: =+'31.'!J79 -> 2 | F79: 0 | G79: =E79+F79 -> 2 | H79: 0 | I79: 0 | J79: =+G79-H79-K79-I79 -> 2 | L79: 55 | M79: =+L79*K79 -> 0 | N79: - | P79: =SUM(M79-O79) -> 0 | Q79: 14.35 | R79: =+K79*Q79 -> 0
A80: 76 | B80: 8857125000475 | C80: ซอฟ์ทเค้กมะพร้าวนมสดหน้านิ่ม | D80: กล่อง | E80: =+'31.'!J80 -> 1 | F80: 0 | G80: =E80+F80 -> 1 | H80: 0 | I80: 0 | J80: =+G80-H80-K80-I80 -> 1 | L80: 55 | M80: =+L80*K80 -> 0 | N80: - | P80: =SUM(M80-O80) -> 0 | Q80: 11.58 | R80: =+K80*Q80 -> 0
A81: 77 | B81: 8857125000468 | C81: เครปโรลฝอยทอง วนิลา | D81: กล่อง | E81: =+'31.'!J81 -> 0 | F81: 0 | G81: =E81+F81 -> 0 | H81: 0 | I81: 0 | J81: =+G81-H81-K81-I81 -> 0 | L81: 50 | M81: =+L81*K81 -> 0 | N81: - | P81: =SUM(M81-O81) -> 0 | Q81: 18.14 | R81: =+K81*Q81 -> 0
A82: 78 | B82: 8857125000857 | C82: เครปโรลฝอยทอง ใบเตย | D82: กล่อง | E82: =+'31.'!J82 -> 0 | F82: 0 | G82: =E82+F82 -> 0 | H82: 0 | I82: 0 | J82: =+G82-H82-K82-I82 -> 0 | L82: 50 | M82: =+L82*K82 -> 0 | N82: - | P82: =SUM(M82-O82) -> 0 | Q82: 12.94 | R82: =+K82*Q82 -> 0
A83: 79 | B83: 20054638 | C83: เครปเค้กคิทแคท 65g. | D83: กล่อง | E83: =+'31.'!J83 -> 0 | F83: 0 | G83: =E83+F83 -> 0 | H83: 0 | I83: 0 | J83: =+G83-H83-K83-I83 -> 0 | L83: 35 | M83: =+L83*K83 -> 0 | N83: - | P83: =SUM(M83-O83) -> 0 | R83: =+K83*Q83 -> 0
A84: 80 | C84: ชูครีมนมฮอกไกโด | D84: กล่อง | E84: =+'31.'!J84 -> 0 | F84: 0 | G84: =E84+F84 -> 0 | H84: 0 | I84: 0 | J84: =+G84-H84-K84-I84 -> 0 | L84: 35 | M84: =+L84*K84 -> 0 | N84: - | P84: =SUM(M84-O84) -> 0 | R84: =+K84*Q84 -> 0
A85: 81 | B85: 1113194 | C85: บานอฟฟี่ 140 กรัม | D85: กล่อง | E85: =+'31.'!J85 -> 0 | F85: 0 | G85: =E85+F85 -> 0 | H85: 0 | I85: 0 | J85: =+G85-H85-K85-I85 -> 0 | L85: 45 | M85: =+L85*K85 -> 0 | N85: - | P85: =SUM(M85-O85) -> 0 | R85: =+K85*Q85 -> 0
A86: 82 | C86: มะม่วงชีสพาย | D86: กล่อง | E86: =+'31.'!J86 -> 0 | F86: 0 | G86: =E86+F86 -> 0 | H86: 0 | I86: 0 | J86: =+G86-H86-K86-I86 -> 0 | L86: 35 | M86: =+L86*K86 -> 0 | N86: - | P86: =SUM(M86-O86) -> 0 | R86: =+K86*Q86 -> 0
A87: 83 | C87: เลเยอร์เค้กใบเตย | D87: กล่อง | E87: =+'31.'!J87 -> 0 | F87: 0 | G87: =E87+F87 -> 0 | H87: 0 | I87: 0 | J87: =+G87-H87-K87-I87 -> 0 | L87: 35 | M87: =+L87*K87 -> 0 | N87: - | P87: =SUM(M87-O87) -> 0 | R87: =+K87*Q87 -> 0
A88: 84 | B88: 1006979 | C88: คัพเค้กไส้คัสตาร์ด | D88: กล่อง | E88: =+'31.'!J88 -> 0 | F88: 0 | G88: =E88+F88 -> 0 | H88: 0 | I88: 0 | J88: =+G88-H88-K88-I88 -> 0 | L88: 45 | M88: =+L88*K88 -> 0 | N88: - | P88: =SUM(M88-O88) -> 0 | R88: =+K88*Q88 -> 0
A89: 85 | B89: 1300005 | C89: เค้กมะพร้าวลาวา 85 กรัม | D89: กล่อง | E89: =+'31.'!J89 -> 0 | F89: 0 | G89: =E89+F89 -> 0 | H89: 0 | I89: 0 | J89: =+G89-H89-K89-I89 -> 0 | L89: 45 | M89: =+L89*K89 -> 0 | N89: - | P89: =SUM(M89-O89) -> 0 | R89: =+K89*Q89 -> 0
A90: 86 | B90: 8857125004220 | C90: เค้กลอดช่อง 85 กรัม | D90: กล่อง | E90: =+'31.'!J90 -> 9 | F90: 20 | G90: =E90+F90 -> 29 | H90: 0 | I90: 0 | J90: =+G90-H90-K90-I90 -> 29 | L90: 35 | M90: =+L90*K90 -> 0 | N90: - | P90: =SUM(M90-O90) -> 0 | R90: =+K90*Q90 -> 0
A91: 87 | B91: 1113178 | C91: เค้กลอดช่องกล่องกลม 1 ปอนด์ 265 กรัม | D91: กล่อง | E91: =+'31.'!J91 -> 0 | F91: 0 | G91: =E91+F91 -> 0 | H91: 0 | I91: 0 | J91: =+G91-H91-K91-I91 -> 0 | N91: -
A92: 88 | B92: 1113179 | C92: เค้กลอดช่องกล่องกลม 2 ปอนด์ 325 กรัม | D92: กล่อง | E92: =+'31.'!J92 -> 0 | F92: 0 | G92: =E92+F92 -> 0 | H92: 0 | I92: 0 | J92: =+G92-H92-K92-I92 -> 0 | L92: 120 | M92: =+L92*K92 -> 0 | N92: - | P92: =SUM(M92-O92) -> 0 | R92: =+K92*Q92 -> 0
A93: 89 | B93: 8857125004275 | C93: เค้กทุเรียน 90 กรัม | D93: กล่อง | E93: =+'31.'!J93 -> 0 | F93: 0 | G93: =E93+F93 -> 0 | H93: 0 | I93: 0 | J93: =+G93-H93-K93-I93 -> 0 | L93: 45 | M93: =+L93*K93 -> 0 | N93: - | P93: =SUM(M93-O93) -> 0 | R93: =+K93*Q93 -> 0
A94: 90 | B94: 20055951 | C94: เค้กบัวลอยมะพร้าวอ่อน 100 กรัม | D94: กล่อง | E94: =+'31.'!J94 -> 0 | F94: 0 | G94: =E94+F94 -> 0 | H94: 0 | I94: 0 | J94: =+G94-H94-K94-I94 -> 0 | L94: 35 | M94: =+L94*K94 -> 0 | N94: - | P94: =SUM(M94-O94) -> 0 | R94: =+K94*Q94 -> 0
A95: 91 | B95: 1113191 | C95: เค้กตะโก้เผือกหอม 120 กรัม | D95: กล่อง | E95: =+'31.'!J95 -> 0 | F95: 0 | G95: =E95+F95 -> 0 | H95: 0 | I95: 0 | J95: =+G95-H95-K95-I95 -> 0 | L95: 35 | M95: =+L95*K95 -> 0 | N95: - | P95: =SUM(M95-O95) -> 0 | Q95: 15.4 | R95: =+K95*Q95 -> 0
A96: 92 | C96: เค้กกล้วยหอมชีท | D96: ชิ้น | E96: =+'31.'!J96 -> 0 | F96: 41 | G96: =E96+F96 -> 41 | H96: 0 | I96: 0 | J96: =+G96-H96-K96-I96 -> 41 | L96: 35 | M96: =+L96*K96 -> 0 | N96: - | P96: =SUM(M96-O96) -> 0 | R96: =+K96*Q96 -> 0
A97: 93 | C97: เค้กข้าวเหนียวเปียกลำใย 120 กรัม | D97: กล่อง | E97: =+'31.'!J97 -> 0 | F97: 0 | G97: =E97+F97 -> 0 | H97: 0 | I97: 0 | J97: =+G97-H97-K97-I97 -> 0 | L97: 35 | M97: =+L97*K97 -> 0 | N97: - | P97: =SUM(M97-O97) -> 0 | R97: =+K97*Q97 -> 0
A98: 94 | C98: เค้กข้าวหลามมะพร้าวอ่อน 100 กรัม | D98: กล่อง | E98: =+'31.'!J98 -> 0 | F98: 0 | G98: =E98+F98 -> 0 | H98: 0 | I98: 0 | J98: =+G98-H98-K98-I98 -> 0 | L98: 35 | M98: =+L98*K98 -> 0 | N98: - | P98: =SUM(M98-O98) -> 0 | R98: =+K98*Q98 -> 0
A99: 95 | B99: 8857125003803 | C99: เค้กสามเหลี่ยม รสมะพร้าวน้ำหอม | D99: ชิ้น | E99: =+'31.'!J99 -> 0 | F99: 0 | G99: =E99+F99 -> 0 | H99: 0 | I99: 0 | J99: =+G99-H99-K99-I99 -> 0 | L99: 35 | M99: =+L99*K99 -> 0 | N99: - | P99: =SUM(M99-O99) -> 0 | Q99: 10.98 | R99: =+K99*Q99 -> 0
A100: 96 | B100: 8857125002318 | C100: เค้กสามเหลี่ยม รสฝอยทองใบเตย | D100: ชิ้น | E100: =+'31.'!J100 -> 0 | F100: 0 | G100: =E100+F100 -> 0 | H100: 0 | I100: 0 | J100: =+G100-H100-K100-I100 -> 0 | L100: 35 | M100: =+L100*K100 -> 0 | N100: - | P100: =SUM(M100-O100) -> 0 | R100: =+K100*Q100 -> 0
A101: 97 | B101: 8857125002370 | C101: เค้กวันเกิดมะพร้าวอ่อน 1/2 ปอนด์ | D101: ชิ้น | E101: =+'31.'!J101 -> 0 | F101: 0 | G101: =E101+F101 -> 0 | H101: 0 | I101: 0 | J101: =+G101-H101-K101-I101 -> 0 | L101: 100 | M101: =+L101*K101 -> 0 | N101: - | P101: =SUM(M101-O101) -> 0 | R101: =+K101*Q101 -> 0
A102: 98 | B102: 8857125002332 | C102: เค้กวันเกิดมะพร้าวอ่อน 1 ปอนด์ | D102: ชิ้น | E102: =+'31.'!J102 -> 0 | F102: 0 | G102: =E102+F102 -> 0 | H102: 0 | I102: 0 | J102: =+G102-H102-K102-I102 -> 0 | L102: 250 | M102: =+L102*K102 -> 0 | N102: - | P102: =SUM(M102-O102) -> 0
A103: 99 | B103: 8857125003346 | C103: เค้กวันเกิด 1/2 ปอนด์ ธรรมดา | D103: ชิ้น | E103: =+'31.'!J103 -> 0 | F103: 0 | G103: =E103+F103 -> 0 | H103: 0 | I103: 0 | J103: =+G103-H103-K103-I103 -> 0 | L103: 120 | M103: =+L103*K103 -> 0 | N103: - | P103: =SUM(M103-O103) -> 0 | R103: =+K103*Q103 -> 0
A104: 100 | B104: 1113114 | C104: เค้กวันเกิด 1 ปอนด์ ธรรมดา | D104: ชิ้น | E104: =+'31.'!J104 -> 0 | F104: 0 | G104: =E104+F104 -> 0 | H104: 0 | I104: 0 | J104: =+G104-H104-K104-I104 -> 0 | L104: 250 | M104: =+L104*K104 -> 0 | N104: - | P104: =SUM(M104-O104) -> 0 | R104: =+K104*Q104 -> 0
A105: 101 | B105: 8857125000208 | C105: ท๊อฟฟี่ถั่ว (กระเช้า) | D105: กระเช้า | E105: =+'31.'!J105 -> 0 | F105: 0 | G105: =E105+F105 -> 0 | H105: 0 | I105: 0 | J105: =+G105-H105-K105-I105 -> 0 | L105: 80 | M105: =+L105*K105 -> 0 | N105: - | P105: =SUM(M105-O105) -> 0 | R105: =+K105*Q105 -> 0
...

Sheet 2
A2: บูธ EVENT MakroHoReCa17 31 ต.ค. 67 -4 พ.ย. 67
A3: ลำดับ | B3: รหัสสินค้า (POS) | C3: รายการ | D3: หน่วย | E3: ยกมา | F3: รับ | G3: รวม | H3: เปลี่ยน/ | I3: โยกย้าย / ระบาย | J3: คงเหลือ | K3: รายการขาย | N3: หมายเหตุ | O3: ส่วนลด | Q3: ราคาต้นทุน | R3: ยอดรวมต้นทุนสินค้า
H4: คืน/เสีย | K4: จำนวน | L4: @ | M4: เป็นเงิน
A5: 1 | B5: 8857125001328 | C5: ชิฟฟ่อนเค้ก รวมรส (4 ชิ้น) | D5: กล่อง | E5: =+'1'!J5 -> 0 | F5: 0 | G5: =E5+F5 -> 0 | H5: 0 | I5: 0 | J5: =+G5-H5-K5-I5 -> 0 | L5: 50 | M5: =+L5*K5 -> 0 | N5: - | P5: =SUM(M5-O5) -> 0 | Q5: 22.48 | R5: =+K5*Q5 -> 0
A6: 2 | B6: 8857125001311 | C6: ชิฟฟ่อนเค้ก รวมรส (8 ชิ้น) | D6: กล่อง | E6: =+'1'!J6 -> 5 | F6: 0 | G6: =E6+F6 -> 5 | H6: 0 | I6: 0 | J6: =+G6-H6-K6-I6 -> 5 | L6: 100 | M6: =+L6*K6 -> 0 | N6: - | P6: =SUM(M6-O6) -> 0 | Q6: 39.29 | R6: =+K6*Q6 -> 0
A7: 3 | B7: 8857125003841 | C7: ชิฟฟ่อนเค้ก รสกาแฟ (4 ชิ้น) | D7: ชิ้น | E7: =+'1'!J7 -> 1 | F7: 0 | G7: =E7+F7 -> 1 | H7: 0 | I7: 0 | J7: =+G7-H7-K7-I7 -> 1 | L7: 50 | M7: =+L7*K7 -> 0 | N7: - | P7: =SUM(M7-O7) -> 0 | Q7: 26.11 | R7: =+K7*Q7 -> 0
A8: 4 | B8: 8857125003827 | C8: ชิฟฟ่อนเค้ก รสกาแฟ (8 ชิ้น) | D8: กล่อง | E8: =+'1'!J8 -> 0 | F8: 0 | G8: =E8+F8 -> 0 | H8: 0 | I8: 0 | J8: =+G8-H8-K8-I8 -> 0 | L8: 100 | M8: =+L8*K8 -> 0 | N8: - | P8: =SUM(M8-O8) -> 0 | Q8: 33.89 | R8: =+K8*Q8 -> 0
A9: 5 | B9: 8857125002257 | C9: ชิฟฟ่อนเค้ก 1 ชิ้น | D9: ชิ้น | E9: =+'1'!J9 -> 0 | F9: 0 | G9: =E9+F9 -> 0 | H9: 0 | I9: 0 | J9: =+G9-H9-K9-I9 -> 0 | L9: 10 | M9: =+L9*K9 -> 0 | N9: - | P9: =SUM(M9-O9) -> 0 | R9: =+K9*Q9 -> 0
A10: 6 | B10: 8857125002264 | C10: ชิฟฟ่อนเค้กสอดไส้แยม 1 ชิ้น | D10: ชิ้น | E10: =+'1'!J10 -> 0 | F10: 0 | G10: =E10+F10 -> 0 | H10: 0 | I10: 0 | J10: =+G10-H10-K10-I10 -> 0 | L10: 15 | M10: =+L10*K10 -> 0 | N10: - | P10: =SUM(M10-O10) -> 0 | R10: =+K10*Q10 -> 0
A11: 7 | B11: 8857125001830 | C11: ชิฟฟ่อนเค้กสอดไส้ รวมรส (3 ชิ้น) | D11: กล่อง | E11: =+'1'!J11 -> 4 | F11: 0 | G11: =E11+F11 -> 4 | H11: 0 | I11: 0 | J11: =+G11-H11-K11-I11 -> 4 | L11: 50 | M11: =+L11*K11 -> 0 | N11: - | P11: =SUM(M11-O11) -> 0 | Q11: 16.94 | R11: =+K11*Q11 -> 0
A12: 8 | B12: 1112539 | C12: ชิฟฟ่อนเค้กสอดไส้ เมล่อน (3 ชิ้น) | D12: กล่อง | E12: =+'1'!J12 -> 0 | F12: 0 | G12: =E12+F12 -> 0 | H12: 0 | I12: 0 | J12: =+G12-H12-K12-I12 -> 0 | L12: 50 | M12: =+L12*K12 -> 0 | N12: - | P12: =SUM(M12-O12) -> 0 | R12: =+K12*Q12 -> 0
A13: 9 | B13: 8857125000055 | C13: ชิฟฟ่อนเค้กสอดไส้แยม รสบลูเบอร์รี่ (3 ชิ้น) | D13: กล่อง | E13: =+'1'!J13 -> 0 | F13: 0 | G13: =E13+F13 -> 0 | H13: 0 | I13: 0 | J13: =+G13-H13-K13-I13 -> 0 | L13: 50 | M13: =+L13*K13 -> 0 | N13: - | P13: =SUM(M13-O13) -> 0 | Q13: 17.32 | R13: =+K13*Q13 -> 0
A14: 10 | B14: 8857125000987 | C14: ชิฟฟ่อนเค้กสอดไส้แยม รสส้ม (3 ชิ้น) | D14: กล่อง | E14: =+'1'!J14 -> 2 | F14: 0 | G14: =E14+F14 -> 2 | H14: 0 | I14: 0 | J14: =+G14-H14-K14-I14 -> 2 | L14: 50 | M14: =+L14*K14 -> 0 | N14: - | P14: =SUM(M14-O14) -> 0 | Q14: 21.22 | R14: =+K14*Q14 -> 0
A15: 11 | B15: 8857125000246 | C15: ชิฟฟ่อนเค้กหน้าฝอยทอง สอดไส้แยมส้ม (3 ชิ้น) | D15: กล่อง | E15: =+'1'!J15 -> 0 | F15: 0 | G15: =E15+F15 -> 0 | H15: 0 | I15: 0 | J15: =+G15-H15-K15-I15 -> 0 | L15: 50 | M15: =+L15*K15 -> 0 | N15: - | P15: =SUM(M15-O15) -> 0 | Q15: 24.37 | R15: =+K15*Q15 -> 0
A16: 12 | C16: ชิฟฟ่อนเค้กหน้าฝอยทองทูโทน สอดไส้แยมส้ม (3 ชิ้น) | D16: กล่อง | E16: =+'1'!J16 -> 0 | F16: 0 | G16: =E16+F16 -> 0 | H16: 0 | I16: 0 | J16: =+G16-H16-K16-I16 -> 0 | L16: 50 | M16: =+L16*K16 -> 0 | N16: - | P16: =SUM(M16-O16) -> 0 | R16: =+K16*Q16 -> 0
A17: 13 | B17: 8857125000024 | C17: ชิฟฟ่อนเค้กสอดไส้แยม รสสตรอว์เบอรี่ (3 ชิ้น) | D17: กล่อง | E17: =+'1'!J17 -> 0 | F17: 0 | G17: =E17+F17 -> 0 | H17: 0 | I17: 0 | J17: =+G17-H17-K17-I17 -> 0 | L17: 50 | M17: =+L17*K17 -> 0 | N17: - | P17: =SUM(M17-O17) -> 0 | Q17: 15.05 | R17: =+K17*Q17 -> 0
A18: 14 | B18: 8857125000086 | C18: ชิฟฟ่อนเค้กสอดไส้ เนยมะพร้าว (3 ชิ้น) | D18: กล่อง | E18: =+'1'!J18 -> 4 | F18: 0 | G18: =E18+F18 -> 4 | H18: 0 | I18: 0 | J18: =+G18-H18-K18-I18 -> 4 | L18: 50 | M18: =+L18*K18 -> 0 | N18: - | P18: =SUM(M18-O18) -> 0 | Q18: 18.77 | R18: =+K18*Q18 -> 0
A19: 15 | B19: 8857125000239 | C19: ชิฟฟ่อนเค้กสอดไส้ นมชมพูฮอกไกโด (3 ชิ้น) | D19: กล่อง | E19: =+'1'!J19 -> 0 | F19: 0 | G19: =E19+F19 -> 0 | H19: 0 | I19: 0 | J19: =+G19-H19-K19-I19 -> 0 | L19: 50 | M19: =+L19*K19 -> 0 | N19: - | P19: =SUM(M19-O19) -> 0 | Q19: 19.04 | R19: =+K19*Q19 -> 0
A20: 16 | B20: 8857125001816 | C20: ชิฟฟ่อน สอดไส้ (ล) 4 ชิ้น ครีมมะพร้าว | D20: กล่อง | E20: =+'1'!J20 -> 0 | F20: 0 | G20: =E20+F20 -> 0 | H20: 0 | I20: 0 | J20: =+G20-H20-K20-I20 -> 0 | L20: 65 | M20: =+L20*K20 -> 0 | N20: - | P20: =SUM(M20-O20) -> 0 | Q20: 22.25 | R20: =+K20*Q20 -> 0
A21: 17 | B21: 8857125001021 | C21: ชิฟฟ่อน สอดไส้ (ก) 5 ชิ้น ครีมมะพร้าว | D21: กล่อง | E21: =+'1'!J21 -> 0 | F21: 0 | G21: =E21+F21 -> 0 | H21: 0 | I21: 0 | J21: =+G21-H21-K21-I21 -> 0 | L21: 85 | M21: =+L21*K21 -> 0 | N21: - | P21: =SUM(M21-O21) -> 0 | Q21: 22.85 | R21: =+K21*Q21 -> 0
A22: 18 | B22: 8857125000956 | C22: ชิฟฟ่อนเค้กสอดไส้ รวมรส (6 ชิ้น) | D22: กล่อง | E22: =+'1'!J22 -> 4 | F22: 0 | G22: =E22+F22 -> 4 | H22: 0 | I22: 0 | J22: =+G22-H22-K22-I22 -> 4 | L22: 100 | M22: =+L22*K22 -> 0 | N22: - | P22: =SUM(M22-O22) -> 0 | Q22: 26.6 | R22: =+K22*Q22 -> 0
A23: 19 | B23: 8857125000918 | C23: ชิฟฟ่อนเค้กสอดไส้แยม รสส้ม (6 ชิ้น) | D23: กล่อง | E23: =+'1'!J23 -> 0 | F23: 0 | G23: =E23+F23 -> 0 | H23: 0 | I23: 0 | J23: =+G23-H23-K23-I23 -> 0 | L23: 100 | M23: =+L23*K23 -> 0 | N23: - | P23: =SUM(M23-O23) -> 0 | Q23: 42.24 | R23: =+K23*Q23 -> 0
A24: 20 | B24: 8857125000970 | C24: ชิฟฟ่อนเค้กหน้าฝอยทอง สอดไส้แยมส้ม (6 ชิ้น) | D24: กล่อง | E24: =+'1'!J24 -> 5 | F24: 0 | G24: =E24+F24 -> 5 | H24: 0 | I24: 0 | J24: =+G24-H24-K24-I24 -> 5 | L24: 100 | M24: =+L24*K24 -> 0 | N24: - | P24: =SUM(M24-O24) -> 0 | Q24: 40.51 | R24: =+K24*Q24 -> 0
A25: 21 | B25: 8857125003810 | C25: ชิฟฟ่อนเค้กหน้าฝอยทองทูโทน สอดไส้แยมส้ม (6 ชิ้น) | D25: กล่อง | E25: =+'1'!J25 -> 5 | F25: 0 | G25: =E25+F25 -> 5 | H25: 0 | I25: 0 | J25: =+G25-H25-K25-I25 -> 5 | L25: 100 | M25: =+L25*K25 -> 0 | N25: - | P25: =SUM(M25-O25) -> 0 | Q25: 39.77 | R25: =+K25*Q25 -> 0
A26: 22 | B26: 8857125000963 | C26: ชิฟฟ่อนเค้กสอดไส้ นมชมพูฮอกไกโด (6 ชิ้น) | D26: กล่อง | E26: =+'1'!J26 -> 0 | F26: 0 | G26: =E26+F26 -> 0 | H26: 0 | I26: 0 | J26: =+G26-H26-K26-I26 -> 0 | L26: 100 | M26: =+L26*K26 -> 0 | N26: - | P26: =SUM(M26-O26) -> 0 | Q26: 35.39 | R26: =+K26*Q26 -> 0
A27: 23 | B27: 8857125000932 | C27: ชิฟฟ่อนเค้กสอดไส้แยม รสบลูเบอร์รี่ (6 ชิ้น) | D27: กล่อง | E27: =+'1'!J27 -> 0 | F27: 0 | G27: =E27+F27 -> 0 | H27: 0 | I27: 0 | J27: =+G27-H27-K27-I27 -> 0 | L27: 100 | M27: =+L27*K27 -> 0 | N27: - | P27: =SUM(M27-O27) -> 0 | Q27: 31.62 | R27: =+K27*Q27 -> 0
A28: 24 | B28: 8857125000895 | C28: ชิฟฟ่อนเค้กสอดไส้ เนยมะพร้าว (6 ชิ้น) | D28: กล่อง | E28: =+'1'!J28 -> 5 | F28: 0 | G28: =E28+F28 -> 5 | H28: 0 | I28: 0 | J28: =+G28-H28-K28-I28 -> 5 | L28: 100 | M28: =+L28*K28 -> 0 | N28: - | P28: =SUM(M28-O28) -> 0 | Q28: 31.97 | R28: =+K28*Q28 -> 0
A29: 25 | B29: 8857125000901 | C29: ชิฟฟ่อนเค้กสอดไส้แยม รสสตรอว์เบอรี่ (6 ชิ้น) | D29: กล่อง | E29: =+'1'!J29 -> 0 | F29: 0 | G29: =E29+F29 -> 0 | H29: 0 | I29: 0 | J29: =+G29-H29-K29-I29 -> 0 | L29: 100 | M29: =+L29*K29 -> 0 | N29: - | P29: =SUM(M29-O29) -> 0 | Q29: 21.27 | R29: =+K29*Q29 -> 0
A30: 26 | B30: 8857125001571 | C30: ชิฟฟอนเค้ก รสมะลิ 8ชิ้น (ห่อซีน) | D30: กล่อง | E30: =+'1'!J30 -> 0 | F30: 0 | G30: =E30+F30 -> 0 | H30: 0 | I30: 0 | J30: =+G30-H30-K30-I30 -> 0 | L30: 100 | M30: =+L30*K30 -> 0 | N30: - | P30: =SUM(M30-O30) -> 0 | Q30: 34.26 | R30: =+K30*Q30 -> 0
A31: 27 | B31: 8857125002127 | C31: ชิฟฟ่อนรวมรส ยอดฮิต (8 ชิ้น) | D31: กล่อง | E31: =+'1'!J31 -> 4 | F31: 0 | G31: =E31+F31 -> 4 | H31: 0 | I31: 0 | J31: =+G31-H31-K31-I31 -> 4 | L31: 100 | M31: =+L31*K31 -> 0 | N31: - | P31: =SUM(M31-O31) -> 0 | Q31: 38.46 | R31: =+K31*Q31 -> 0
A32: 28 | B32: 8857125000130 | C32: ชิฟฟ่อนเค้ก วรรณวนัช (สอดไส้รวมรส 8 ชิ้น) | D32: กล่อง | E32: =+'1'!J32 -> 0 | F32: 0 | G32: =E32+F32 -> 0 | H32: 0 | I32: 0 | J32: =+G32-H32-K32-I32 -> 0 | L32: 130 | M32: =+L32*K32 -> 0 | N32: - | P32: =SUM(M32-O32) -> 0 | Q32: 46.37 | R32: =+K32*Q32 -> 0
A33: 29 | B33: 8857125003773 | C33: ชิฟฟ่อนเค้กมะพร้าวสอดไส้ครีมมะพร้าวล้วน (8 ชิ้น) | D33: กล่อง | E33: =+'1'!J33 -> 0 | F33: 0 | G33: =E33+F33 -> 0 | H33: 0 | I33: 0 | J33: =+G33-H33-K33-I33 -> 0 | L33: 130 | M33: =+L33*K33 -> 0 | N33: - | P33: =SUM(M33-O33) -> 0 | Q33: 38.9 | R33: =+K33*Q33 -> 0
A34: 30 | B34: 8857125001366 | C34: ชิฟฟ่อนเค้กใบเตยสอดไส้ครีมมะพร้าวล้วน (8 ชิ้น) | D34: กล่อง | E34: =+'1'!J34 -> 0 | F34: 0 | G34: =E34+F34 -> 0 | H34: 0 | I34: 0 | J34: =+G34-H34-K34-I34 -> 0 | L34: 130 | M34: =+L34*K34 -> 0 | N34: - | P34: =SUM(M34-O34) -> 0 | Q34: 38.07 | R34: =+K34*Q34 -> 0
A35: 31 | B35: 8857125001397 | C35: ชิฟฟ่อนเค้กใบเตยทูโทนและสอดไส้ครีมมะพร้าว (8 ชิ้น) | D35: กล่อง | E35: =+'1'!J35 -> 0 | F35: 0 | G35: =E35+F35 -> 0 | H35: 0 | I35: 0 | J35: =+G35-H35-K35-I35 -> 0 | L35: 130 | M35: =+L35*K35 -> 0 | N35: - | P35: =SUM(M35-O35) -> 0 | Q35: 40.8 | R35: =+K35*Q35 -> 0
A36: 32 | B36: 885712004534 | C36: ชิฟฟ่อนเค้กสอดไส้ครีมมะพร้าว 120g. | D36: ชิ้น | E36: =+'1'!J36 -> 0 | F36: 0 | G36: =E36+F36 -> 0 | H36: 0 | I36: 0 | J36: =+G36-H36-K36-I36 -> 0 | L36: 35 | M36: =+L36*K36 -> 0 | N36: - | P36: =SUM(M36-O36) -> 0 | R36: =+K36*Q36 -> 0
A37: 33 | B37: 20055119 | C37: ชิฟฟ่อนเค้กฝอยทอง 95g. | D37: กล่อง | E37: =+'1'!J37 -> 0 | F37: 0 | G37: =E37+F37 -> 0 | H37: 0 | I37: 0 | J37: =+G37-H37-K37-I37 -> 0 | L37: 35 | M37: =+L37*K37 -> 0 | N37: - | P37: =SUM(M37-O37) -> 0 | R37: =+K37*Q37 -> 0
A38: 34 | C38: ชิฟฟ่อนหม้อแกง | D38: กล่อง | E38: =+'1'!J38 -> 0 | F38: 0 | G38: =E38+F38 -> 0 | H38: 0 | I38: 0 | J38: =+G38-H38-K38-I38 -> 0 | L38: 35 | M38: =+L38*K38 -> 0 | N38: - | P38: =SUM(M38-O38) -> 0 | R38: =+K38*Q38 -> 0
A39: 35 | B39: 8857125000611 | C39: ครีมฮอร์น วนิลา | D39: กล่อง | E39: =+'1'!J39 -> 0 | F39: 0 | G39: =E39+F39 -> 0 | H39: 0 | I39: 0 | J39: =+G39-H39-K39-I39 -> 0 | L39: 50 | M39: =+L39*K39 -> 0 | N39: - | P39: =SUM(M39-O39) -> 0 | Q39: 27.84 | R39: =+K39*Q39 -> 0
A40: 36 | B40: 8857125000604 | C40: ครีมฮอร์น ใบเตย | D40: กล่อง | E40: =+'1'!J40 -> 0 | F40: 0 | G40: =E40+F40 -> 0 | H40: 0 | I40: 0 | J40: =+G40-H40-K40-I40 -> 0 | L40: 50 | M40: =+L40*K40 -> 0 | N40: - | P40: =SUM(M40-O40) -> 0 | Q40: 27.12 | R40: =+K40*Q40 -> 0
A41: 37 | B41: 8857125000598 | C41: ครีมฮอร์น ช็อคโกแลต | D41: กล่อง | E41: =+'1'!J41 -> 0 | F41: 0 | G41: =E41+F41 -> 0 | H41: 0 | I41: 0 | J41: =+G41-H41-K41-I41 -> 0 | L41: 50 | M41: =+L41*K41 -> 0 | N41: - | P41: =SUM(M41-O41) -> 0 | Q41: 15.42 | R41: =+K41*Q41 -> 0
A42: 38 | B42: 8857125004015 | C42: ครีมฮอร์นวนิลา จัมโบ้ 65g. | D42: ชิ้น | E42: =+'1'!J42 -> 0 | F42: 0 | G42: =E42+F42 -> 0 | H42: 0 | I42: 0 | J42: =+G42-H42-K42-I42 -> 0 | L42: 25 | M42: =+L42*K42 -> 0 | N42: - | P42: =SUM(M42-O42) -> 0 | Q42: 15.55 | R42: =+K42*Q42 -> 0
A43: 39 | B43: 8857125004022 | C43: ครีมฮอร์นใบเตย จัมโบ้ 65g. | D43: ชิ้น | E43: =+'1'!J43 -> 0 | F43: 0 | G43: =E43+F43 -> 0 | H43: 0 | I43: 0 | J43: =+G43-H43-K43-I43 -> 0 | L43: 25 | M43: =+L43*K43 -> 0 | N43: - | P43: =SUM(M43-O43) -> 0 | R43: =+K43*Q43 -> 0
A44: 40 | B44: 8857125004411 | C44: ครีมฮอร์นชาไทย จัมโบ้ 65g. | D44: ชิ้น | E44: =+'1'!J44 -> 0 | F44: 0 | G44: =E44+F44 -> 0 | H44: 0 | I44: 0 | J44: =+G44-H44-K44-I44 -> 0 | L44: 25 | M44: =+L44*K44 -> 0 | N44: - | P44: =SUM(M44-O44) -> 0 | R44: =+K44*Q44 -> 0
A45: 41 | B45: 20055115 | C45: ครีมฮอร์นคิทแคท 70g. | D45: กล่อง | E45: =+'1'!J45 -> 0 | F45: 0 | G45: =E45+F45 -> 0 | H45: 0 | I45: 0 | J45: =+G45-H45-K45-I45 -> 0 | L45: 35 | M45: =+L45*K45 -> 0 | N45: - | P45: =SUM(M45-O45) -> 0
A46: 42 | B46: 8857125000420 | C46: เค้กเบาหวิว รสกล้วยหอมหน้ามะพร้าวเผา 110 กรัม | D46: กล่อง | E46: =+'1'!J46 -> 2 | F46: 0 | G46: =E46+F46 -> 2 | H46: 0 | I46: 0 | J46: =+G46-H46-K46-I46 -> 2 | L46: 50 | M46: =+L46*K46 -> 0 | N46: - | P46: =SUM(M46-O46) -> 0 | Q46: 19.05 | R46: =+K46*Q46 -> 0
A47: 43 | B47: 8857125001175 | C47: เค้กเบาหวิว เผือกมะพร้าวอ่อน110 กรัม | D47: กล่อง | E47: =+'1'!J47 -> 5 | F47: 0 | G47: =E47+F47 -> 5 | H47: 0 | I47: 0 | J47: =+G47-H47-K47-I47 -> 5 | L47: 50 | M47: =+L47*K47 -> 0 | N47: - | P47: =SUM(M47-O47) -> 0 | Q47: 19.21 | R47: =+K47*Q47 -> 0
A48: 44 | B48: 8857125000154 | C48: เค้กเบาหวิว รสมะพร้าวน้ำหอม 110 กรัม | D48: กล่อง | E48: =+'1'!J48 -> 2 | F48: 0 | G48: =E48+F48 -> 2 | H48: 0 | I48: 0 | J48: =+G48-H48-K48-I48 -> 2 | L48: 50 | M48: =+L48*K48 -> 0 | N48: - | P48: =SUM(M48-O48) -> 0 | Q48: 18.88 | R48: =+K48*Q48 -> 0
A49: 45 | B49: 8857125000192 | C49: เค้กเบาหวิว รสกาแฟ 110 กรัม | D49: กล่อง | E49: =+'1'!J49 -> 3 | F49: 0 | G49: =E49+F49 -> 3 | H49: 0 | I49: 0 | J49: =+G49-H49-K49-I49 -> 3 | L49: 50 | M49: =+L49*K49 -> 0 | N49: - | P49: =SUM(M49-O49) -> 0 | Q49: 20.43 | R49: =+K49*Q49 -> 0
A50: 46 | B50: 8857125000185 | C50: เค้กเบาหวิว รสเนยนม 110 กรัม | D50: กล่อง | E50: =+'1'!J50 -> 1 | F50: 0 | G50: =E50+F50 -> 1 | H50: 0 | I50: 0 | J50: =+G50-H50-K50-I50 -> 1 | L50: 50 | M50: =+L50*K50 -> 0 | N50: - | P50: =SUM(M50-O50) -> 0 | Q50: 21.81 | R50: =+K50*Q50 -> 0
A51: 47 | B51: 8857125000161 | C51: เค้กเบาหวิว รสตาลหอม 110 กรัม | D51: กล่อง | E51: =+'1'!J51 -> 4 | F51: 0 | G51: =E51+F51 -> 4 | H51: 0 | I51: 0 | J51: =+G51-H51-K51-I51 -> 4 | L51: 50 | M51: =+L51*K51 -> 0 | N51: - | P51: =SUM(M51-O51) -> 0 | Q51: 14.65 | R51: =+K51*Q51 -> 0
A52: 48 | B52: 8857125001007 | C52: เค้กเบาหวิว รสเตยหอม 110 กรัม | D52: กล่อง | E52: =+'1'!J52 -> 0 | F52: 0 | G52: =E52+F52 -> 0 | H52: 0 | I52: 0 | J52: =+G52-H52-K52-I52 -> 0 | L52: 50 | M52: =+L52*K52 -> 0 | N52: - | P52: =SUM(M52-O52) -> 0 | Q52: 18.36 | R52: =+K52*Q52 -> 0
A53: 49 | B53: 8857125000765 | C53: เค้กเบาหวิว หน้าฝอยทอง 110 กรัม | D53: กล่อง | E53: =+'1'!J53 -> 3 | F53: 0 | G53: =E53+F53 -> 3 | H53: 0 | I53: 0 | J53: =+G53-H53-K53-I53 -> 3 | L53: 50 | M53: =+L53*K53 -> 0 | N53: - | P53: =SUM(M53-O53) -> 0 | Q53: 17.53 | R53: =+K53*Q53 -> 0
A54: 50 | B54: 8857125000871 | C54: เค้กเบาหวิว รสทุเรียน 110 กรัม | D54: กล่อง | E54: =+'1'!J54 -> 5 | F54: 0 | G54: =E54+F54 -> 5 | H54: 0 | I54: 0 | J54: =+G54-H54-K54-I54 -> 5 | L54: 50 | M54: =+L54*K54 -> 0 | N54: - | P54: =SUM(M54-O54) -> 0 | Q54: 14.38 | R54: =+K54*Q54 -> 0
A55: 51 | B55: 8857125000017 | C55: เค้กเบาหวิว รสกล้วยหอมหน้ามะพร้าวเผา 300 กรัม | D55: กล่อง | E55: =+'1'!J55 -> 0 | F55: 0 | G55: =E55+F55 -> 0 | H55: 0 | I55: 0 | J55: =+G55-H55-K55-I55 -> 0 | L55: 120 | M55: =+L55*K55 -> 0 | N55: - | P55: =SUM(M55-O55) -> 0 | Q55: 29.34 | R55: =+K55*Q55 -> 0
A56: 52 | B56: 8857125000260 | C56: เค้กเบาหวิว รสเผือกหน้ามะพร้าวเผา 300 กรัม | D56: กล่อง | E56: =+'1'!J56 -> 0 | F56: 0 | G56: =E56+F56 -> 0 | H56: 0 | I56: 0 | J56: =+G56-H56-K56-I56 -> 0 | L56: 120 | M56: =+L56*K56 -> 0 | N56: - | P56: =SUM(M56-O56) -> 0 | Q56: 33.41 | R56: =+K56*Q56 -> 0
A57: 53 | B57: 8857125000116 | C57: เค้กเบาหวิว รสมะพร้าวน้ำหอม 300 กรัม | D57: กล่อง | E57: =+'1'!J57 -> 0 | F57: 0 | G57: =E57+F57 -> 0 | H57: 0 | I57: 0 | J57: =+G57-H57-K57-I57 -> 0 | L57: 120 | M57: =+L57*K57 -> 0 | N57: - | P57: =SUM(M57-O57) -> 0 | Q57: 31.46 | R57: =+K57*Q57 -> 0
... A62: 58 | B62: 8857125000451 | C62: เค้กเบาหวิว หน้าฝอยทอง 300 กรัม | D62: กล่อง | E62: =+'1'!J62 -> 0 | F62: 0 | G62: =E62+F62 -> 0 | H62: 0 | I62: 0 | J62: =+G62-H62-K62-I62 -> 0 | L62: 120 | M62: =+L62*K62 -> 0 | N62: - | P62: =SUM(M62-O62) -> 0 | Q62: 29.82 | R62: =+K62*Q62 -> 0
A63: 59 | B63: 1112018 | C63: เค้กเบาหวิว รสทุเรียน 300 กรัม | D63: กล่อง | E63: =+'1'!J63 -> 0 | F63: 0 | G63: =E63+F63 -> 0 | H63: 0 | I63: 0 | J63: =+G63-H63-K63-I63 -> 0 | L63: 120 | M63: =+L63*K63 -> 0 | N63: - | P63: =SUM(M63-O63) -> 0 | Q63: 27.72 | R63: =+K63*Q63 -> 0
A64: 60 | B64: 8857125003711 | C64: เค้กโบราณรวมรส 4 ชิ้น | D64: กล่อง | E64: =+'1'!J64 -> 0 | F64: 0 | G64: =E64+F64 -> 0 | H64: 0 | I64: 0 | J64: =+G64-H64-K64-I64 -> 0 | L64: 50 | M64: =+L64*K64 -> 0 | N64: - | P64: =SUM(M64-O64) -> 0 | Q64: 23.69 | R64: =+K64*Q64 -> 0
A65: 61 | B65: 8857125000215 | C65: เค้กโบราณครีม 4 ชิ้น | D65: กล่อง | E65: =+'1'!J65 -> 0 | F65: 0 | G65: =E65+F65 -> 0 | H65: 0 | I65: 0 | J65: =+G65-H65-K65-I65 -> 0 | L65: 50 | M65: =+L65*K65 -> 0 | N65: - | P65: =SUM(M65-O65) -> 0 | Q65: 22.49 | R65: =+K65*Q65 -> 0
A66: 62 | B66: 8857125003704 | C66: เค้กโบราณผลไม้ 4 ชิ้น | D66: กล่อง | E66: =+'1'!J66 -> 0 | F66: 0 | G66: =E66+F66 -> 0 | H66: 0 | I66: 0 | J66: =+G66-H66-K66-I66 -> 0 | L66: 50 | M66: =+L66*K66 -> 0 | N66: - | P66: =SUM(M66-O66) -> 0 | Q66: 23.12 | R66: =+K66*Q66 -> 0
A67: 63 | B67: 8857126455021 | C67: NP เค้กโบราณครีม 6 ชิ้น | D67: กล่อง | E67: =+'1'!J67 -> 0 | F67: 0 | G67: =E67+F67 -> 0 | H67: 0 | I67: 0 | J67: =+G67-H67-K67-I67 -> 0 | L67: 70 | M67: =+L67*K67 -> 0 | N67: - | P67: =SUM(M67-O67) -> 0 | R67: =+K67*Q67 -> 0
A68: 64 | B68: 8857126455038 | C68: NP เเค้กโบราณผลไม้ 6 ชิ้น | D68: กล่อง | E68: =+'1'!J68 -> 0 | F68: 0 | G68: =E68+F68 -> 0 | H68: 0 | I68: 0 | J68: =+G68-H68-K68-I68 -> 0 | L68: 80 | M68: =+L68*K68 -> 0 | N68: - | P68: =SUM(M68-O68) -> 0 | R68: =+K68*Q68 -> 0
A69: 65 | B69: 2566110401 | C69: เค้กโบราณรวมรส 12 ชิ้น | D69: กล่อง | E69: =+'1'!J69 -> 0 | F69: 0 | G69: =E69+F69 -> 0 | H69: 0 | I69: 0 | J69: =+G69-H69-K69-I69 -> 0 | L69: 150 | M69: =+L69*K69 -> 0 | N69: - | P69: =SUM(M69-O69) -> 0 | Q69: 67.79 | R69: =+K69*Q69 -> 0
A70: 66 | B70: 2566110402 | C70: เค้กโบราณครีม 12 ชิ้น | D70: กล่อง | E70: =+'1'!J70 -> 0 | F70: 0 | G70: =E70+F70 -> 0 | H70: 0 | I70: 0 | J70: =+G70-H70-K70-I70 -> 0 | L70: 150 | M70: =+L70*K70 -> 0 | N70: - | P70: =SUM(M70-O70) -> 0 | Q70: 68.37 | R70: =+K70*Q70 -> 0
A71: 67 | B71: 8857125000819 | C71: เค้กโบราณผลไม้ 12 ชิ้น | D71: กล่อง | E71: =+'1'!J71 -> 0 | F71: 0 | G71: =E71+F71 -> 0 | H71: 0 | I71: 0 | J71: =+G71-H71-K71-I71 -> 0 | L71: 150 | M71: =+L71*K71 -> 0 | N71: - | P71: =SUM(M71-O71) -> 0 | Q71: 67.17 | R71: =+K71*Q71 -> 0
A72: 68 | B72: 8857125001304 | C72: เค้กลาวา ฝอยทอง เล็ก | D72: ชิ้น | E72: =+'1'!J72 -> 0 | F72: 0 | G72: =E72+F72 -> 0 | H72: 0 | I72: 0 | J72: =+G72-H72-K72-I72 -> 0 | L72: 50 | M72: =+L72*K72 -> 0 | N72: - | P72: =SUM(M72-O72) -> 0 | R72: =+K72*Q72 -> 0
A73: 69 | B73: 8857125003742 | C73: เค้กลาวา ฝอยทอง ใหญ่ | D73: ชิ้น | E73: =+'1'!J73 -> 0 | F73: 0 | G73: =E73+F73 -> 0 | H73: 0 | I73: 0 | J73: =+G73-H73-K73-I73 -> 0 | L73: 120 | M73: =+L73*K73 -> 0 | N73: - | P73: =SUM(M73-O73) -> 0 | R73: =+K73*Q73 -> 0
A74: 70 | B74: 8857125003728 | C74: เค้กลาวา ฝอยทองทูโทน เล็ก | D74: กล่อง | E74: =+'1'!J74 -> 0 | F74: 0 | G74: =E74+F74 -> 0 | H74: 0 | I74: 0 | J74: =+G74-H74-K74-I74 -> 0 | L74: 50 | M74: =+L74*K74 -> 0 | N74: - | P74: =SUM(M74-O74) -> 0 | Q74: 17.09 | R74: =+K74*Q74 -> 0
A75: 71 | B75: 8857125003735 | C75: เค้กลาวา ฝอยทองทูโทน ใหญ่ | D75: ชิ้น | E75: =+'1'!J75 -> 0 | F75: 0 | G75: =E75+F75 -> 0 | H75: 0 | I75: 0 | J75: =+G75-H75-K75-I75 -> 0 | L75: 120 | M75: =+L75*K75 -> 0 | N75: - | P75: =SUM(M75-O75) -> 0
A76: 72 | B76: 8857125000147 | C76: เอแคลร์นมสด 8 ชิ้น | D76: กล่อง | E76: =+'1'!J76 -> 0 | F76: 0 | G76: =E76+F76 -> 0 | H76: 0 | I76: 0 | J76: =+G76-H76-K76-I76 -> 0 | L76: 50 | M76: =+L76*K76 -> 0 | N76: - | P76: =SUM(M76-O76) -> 0 | Q76: 17.33 | R76: =+K76*Q76 -> 0
A77: 73 | B77: 8857125004251 | C77: เอแคลร์คิทแคท 55g. | D77: กล่อง | E77: =+'1'!J77 -> 0 | F77: 0 | G77: =E77+F77 -> 0 | H77: 0 | I77: 0 | J77: =+G77-H77-K77-I77 -> 0 | L77: 45 | M77: =+L77*K77 -> 0 | N77: - | P77: =SUM(M77-O77) -> 0 | R77: =+K77*Q77 -> 0
A78: 74 | B78: 20056257 | C78: เอแคลร์ชาไทย 125g. | D78: กล่อง | E78: =+'1'!J78 -> 0 | F78: 0 | G78: =E78+F78 -> 0 | H78: 0 | I78: 0 | J78: =+G78-H78-K78-I78 -> 0 | L78: 35 | M78: =+L78*K78 -> 0 | N78: - | P78: =SUM(M78-O78) -> 0 | R78: =+K78*Q78 -> 0
A79: 75 | B79: 8857125000499 | C79: ซอฟ์ทเค้กช็อคโกแลตหน้านิ่ม | D79: กล่อง | E79: =+'1'!J79 -> 2 | F79: 0 | G79: =E79+F79 -> 2 | H79: 0 | I79: 0 | J79: =+G79-H79-K79-I79 -> 2 | L79: 55 | M79: =+L79*K79 -> 0 | N79: - | P79: =SUM(M79-O79) -> 0 | Q79: 14.35 | R79: =+K79*Q79 -> 0
A80: 76 | B80: 8857125000475 | C80: ซอฟ์ทเค้กมะพร้าวนมสดหน้านิ่ม | D80: กล่อง | E80: =+'1'!J80 -> 1 | F80: 0 | G80: =E80+F80 -> 1 | H80: 0 | I80: 0 | J80: =+G80-H80-K80-I80 -> 1 | L80: 55 | M80: =+L80*K80 -> 0 | N80: - | P80: =SUM(M80-O80) -> 0 | Q80: 11.58 | R80: =+K80*Q80 -> 0
A81: 77 | B81: 8857125000468 | C81: เครปโรลฝอยทอง วนิลา | D81: กล่อง | E81: =+'1'!J81 -> 0 | F81: 0 | G81: =E81+F81 -> 0 | H81: 0 | I81: 0 | J81: =+G81-H81-K81-I81 -> 0 | L81: 50 | M81: =+L81*K81 -> 0 | N81: - | P81: =SUM(M81-O81) -> 0 | Q81: 18.14 | R81: =+K81*Q81 -> 0
A82: 78 | B82: 8857125000857 | C82: เครปโรลฝอยทอง ใบเตย | D82: กล่อง | E82: =+'1'!J82 -> 0 | F82: 0 | G82: =E82+F82 -> 0 | H82: 0 | I82: 0 | J82: =+G82-H82-K82-I82 -> 0 | L82: 50 | M82: =+L82*K82 -> 0 | N82: - | P82: =SUM(M82-O82) -> 0 | Q82: 12.94 | R82: =+K82*Q82 -> 0
A83: 79 | B83: 20054638 | C83: เครปเค้กคิทแคท 65g. | D83: กล่อง | E83: =+'1'!J83 -> 0 | F83: 0 | G83: =E83+F83 -> 0 | H83: 0 | I83: 0 | J83: =+G83-H83-K83-I83 -> 0 | L83: 35 | M83: =+L83*K83 -> 0 | N83: - | P83: =SUM(M83-O83) -> 0 | R83: =+K83*Q83 -> 0
A84: 80 | C84: ชูครีมนมฮอกไกโด | D84: กล่อง | E84: =+'1'!J84 -> 0 | F84: 0 | G84: =E84+F84 -> 0 | H84: 0 | I84: 0 | J84: =+G84-H84-K84-I84 -> 0 | L84: 35 | M84: =+L84*K84 -> 0 | N84: - | P84: =SUM(M84-O84) -> 0 | R84: =+K84*Q84 -> 0
A85: 81 | B85: 1113194 | C85: บานอฟฟี่ 140 กรัม | D85: กล่อง | E85: =+'1'!J85 -> 0 | F85: 0 | G85: =E85+F85 -> 0 | H85: 0 | I85: 0 | J85: =+G85-H85-K85-I85 -> 0 | L85: 45 | M85: =+L85*K85 -> 0 | N85: - | P85: =SUM(M85-O85) -> 0 | R85: =+K85*Q85 -> 0
A86: 82 | C86: มะม่วงชีสพาย | D86: กล่อง | E86: =+'1'!J86 -> 0 | F86: 0 | G86: =E86+F86 -> 0 | H86: 0 | I86: 0 | J86: =+G86-H86-K86-I86 -> 0 | L86: 35 | M86: =+L86*K86 -> 0 | N86: - | P86: =SUM(M86-O86) -> 0 | R86: =+K86*Q86 -> 0
A87: 83 | C87: เลเยอร์เค้กใบเตย | D87: กล่อง | E87: =+'1'!J87 -> 0 | F87: 0 | G87: =E87+F87 -> 0 | H87: 0 | I87: 0 | J87: =+G87-H87-K87-I87 -> 0 | L87: 35 | M87: =+L87*K87 -> 0 | N87: - | P87: =SUM(M87-O87) -> 0 | R87: =+K87*Q87 -> 0
A88: 84 | B88: 1006979 | C88: คัพเค้กไส้คัสตาร์ด | D88: กล่อง | E88: =+'1'!J88 -> 0 | F88: 0 | G88: =E88+F88 -> 0 | H88: 0 | I88: 0 | J88: =+G88-H88-K88-I88 -> 0 | L88: 45 | M88: =+L88*K88 -> 0 | N88: - | P88: =SUM(M88-O88) -> 0 | R88: =+K88*Q88 -> 0
A89: 85 | B89: 1300005 | C89: เค้กมะพร้าวลาวา 85 กรัม | D89: กล่อง | E89: =+'1'!J89 -> 0 | F89: 0 | G89: =E89+F89 -> 0 | H89: 0 | I89: 0 | J89: =+G89-H89-K89-I89 -> 0 | L89: 45 | M89: =+L89*K89 -> 0 | N89: - | P89: =SUM(M89-O89) -> 0 | R89: =+K89*Q89 -> 0
A90: 86 | B90: 8857125004220 | C90: เค้กลอดช่อง 85 กรัม | D90: กล่อง | E90: =+'1'!J90 -> 29 | F90: 0 | G90: =E90+F90 -> 29 | H90: 0 | I90: 0 | J90: =+G90-H90-K90-I90 -> 29 | L90: 35 | M90: =+L90*K90 -> 0 | N90: - | P90: =SUM(M90-O90) -> 0 | R90: =+K90*Q90 -> 0
A91: 87 | B91: 1113178 | C91: เค้กลอดช่องกล่องกลม 1 ปอนด์ 265 กรัม | D91: กล่อง | E91: =+'1'!J91 -> 0 | F91: 0 | G91: =E91+F91 -> 0 | H91: 0 | I91: 0 | J91: =+G91-H91-K91-I91 -> 0 | N91: -
A92: 88 | B92: 1113179 | C92: เค้กลอดช่องกล่องกลม 2 ปอนด์ 325 กรัม | D92: กล่อง | E92: =+'1'!J92 -> 0 | F92: 0 | G92: =E92+F92 -> 0 | H92: 0 | I92: 0 | J92: =+G92-H92-K92-I92 -> 0 | L92: 120 | M92: =+L92*K92 -> 0 | N92: - | P92: =SUM(M92-O92) -> 0 | R92: =+K92*Q92 -> 0
A93: 89 | B93: 8857125004275 | C93: เค้กทุเรียน 90 กรัม | D93: กล่อง | E93: =+'1'!J93 -> 0 | F93: 0 | G93: =E93+F93 -> 0 | H93: 0 | I93: 0 | J93: =+G93-H93-K93-I93 -> 0 | L93: 45 | M93: =+L93*K93 -> 0 | N93: - | P93: =SUM(M93-O93) -> 0 | R93: =+K93*Q93 -> 0
A94: 90 | B94: 20055951 | C94: เค้กบัวลอยมะพร้าวอ่อน 100 กรัม | D94: กล่อง | E94: =+'1'!J94 -> 0 | F94: 0 | G94: =E94+F94 -> 0 | H94: 0 | I94: 0 | J94: =+G94-H94-K94-I94 -> 0 | L94: 35 | M94: =+L94*K94 -> 0 | N94: - | P94: =SUM(M94-O94) -> 0 | R94: =+K94*Q94 -> 0
A95: 91 | B95: 1113191 | C95: เค้กตะโก้เผือกหอม 120 กรัม | D95: กล่อง | E95: =+'1'!J95 -> 0 | F95: 0 | G95: =E95+F95 -> 0 | H95: 0 | I95: 0 | J95: =+G95-H95-K95-I95 -> 0 | L95: 35 | M95: =+L95*K95 -> 0 | N95: - | P95: =SUM(M95-O95) -> 0 | Q95: 15.4 | R95: =+K95*Q95 -> 0
A96: 92 | C96: เค้กกล้วยหอมชีท | D96: ชิ้น | E96: =+'1'!J96 -> 41 | F96: 0 | G96: =E96+F96 -> 41 | H96: 0 | I96: 0 | J96: =+G96-H96-K96-I96 -> 41 | L96: 45 | M96: =+L96*K96 -> 0 | N96: - | P96: =SUM(M96-O96) -> 0 | R96: =+K96*Q96 -> 0
A97: 93 | C97: เค้กข้าวเหนียวเปียกลำใย 120 กรัม | D97: กล่อง | E97: =+'1'!J97 -> 0 | F97: 0 | G97: =E97+F97 -> 0 | H97: 0 | I97: 0 | J97: =+G97-H97-K97-I97 -> 0 | L97: 35 | M97: =+L97*K97 -> 0 | N97: - | P97: =SUM(M97-O97) -> 0 | R97: =+K97*Q97 -> 0
A98: 94 | C98: เค้กข้าวหลามมะพร้าวอ่อน 100 กรัม | D98: กล่อง | E98: =+'1'!J98 -> 0 | F98: 0 | G98: =E98+F98 -> 0 | H98: 0 | I98: 0 | J98: =+G98-H98-K98-I98 -> 0 | L98: 35 | M98: =+L98*K98 -> 0 | N98: - | P98: =SUM(M98-O98) -> 0 | R98: =+K98*Q98 -> 0
A99: 95 | B99: 8857125003803 | C99: เค้กสามเหลี่ยม รสมะพร้าวน้ำหอม | D99: ชิ้น | E99: =+'1'!J99 -> 0 | F99: 0 | G99: =E99+F99 -> 0 | H99: 0 | I99: 0 | J99: =+G99-H99-K99-I99 -> 0 | L99: 35 | M99: =+L99*K99 -> 0 | N99: - | P99: =SUM(M99-O99) -> 0 | Q99: 10.98 | R99: =+K99*Q99 -> 0
A100: 96 | B100: 8857125002318 | C100: เค้กสามเหลี่ยม รสฝอยทองใบเตย | D100: ชิ้น | E100: =+'1'!J100 -> 0 | F100: 0 | G100: =E100+F100 -> 0 | H100: 0 | I100: 0 | J100: =+G100-H100-K100-I100 -> 0 | L100: 35 | M100: =+L100*K100 -> 0 | N100: - | P100: =SUM(M100-O100) -> 0 | R100: =+K100*Q100 -> 0
A101: 97 | B101: 8857125002370 | C101: เค้กวันเกิดมะพร้าวอ่อน 1/2 ปอนด์ | D101: ชิ้น | E101: =+'1'!J101 -> 0 | F101: 0 | G101: =E101+F101 -> 0 | H101: 0 | I101: 0 | J101: =+G101-H101-K101-I101 -> 0 | L101: 100 | M101: =+L101*K101 -> 0 | N101: - | P101: =SUM(M101-O101) -> 0 | R101: =+K101*Q101 -> 0
A102: 98 | B102: 8857125002332 | C102: เค้กวันเกิดมะพร้าวอ่อน 1 ปอนด์ | D102: ชิ้น | E102: =+'1'!J102 -> 0 | F102: 0 | G102: =E102+F102 -> 0 | H102: 0 | I102: 0 | J102: =+G102-H102-K102-I102 -> 0 | L102: 250 | M102: =+L102*K102 -> 0 | N102: - | P102: =SUM(M102-O102) -> 0
A103: 99 | B103: 8857125003346 | C103: เค้กวันเกิด 1/2 ปอนด์ ธรรมดา | D103: ชิ้น | E103: =+'1'!J103 -> 0 | F103: 0 | G103: =E103+F103 -> 0 | H103: 0 | I103: 0 | J103: =+G103-H103-K103-I103 -> 0 | L103: 120 | M103: =+L103*K103 -> 0 | N103: - | P103: =SUM(M103-O103) -> 0 | R103: =+K103*Q103 -> 0
A104: 100 | B104: 1113114 | C104: เค้กวันเกิด 1 ปอนด์ ธรรมดา | D104: ชิ้น | E104: =+'1'!J104 -> 0 | F104: 0 | G104: =E104+F104 -> 0 | H104: 0 | I104: 0 | J104: =+G104-H104-K104-I104 -> 0 | L104: 250 | M104: =+L104*K104 -> 0 | N104: - | P104: =SUM(M104-O104) -> 0 | R104: =+K104*Q104 -> 0
A105: 101 | B105: 8857125000208 | C105: ท๊อฟฟี่ถั่ว (กระเช้า) | D105: กระเช้า | E105: =+'1'!J105 -> 0 | F105: 0 | G105: =E105+F105 -> 0 | H105: 0 | I105: 0 | J105: =+G105-H105-K105-I105 -> 0 | L105: 80 | M105: =+L105*K105 -> 0 | N105: - | P105: =SUM(M105-O105) -> 0 | R105: =+K105*Q105 -> 0
...

Sheet 3
A2: บูธ EVENT MakroHoReCa17 31 ต.ค. 67 -4 พ.ย. 67
A3: ลำดับ | B3: รหัสสินค้า (POS) | C3: รายการ | D3: หน่วย | E3: ยกมา | F3: รับ | G3: รวม | H3: เปลี่ยน/ | I3: โยกย้าย / ระบาย | J3: คงเหลือ | K3: รายการขาย | N3: หมายเหตุ | O3: ส่วนลด | Q3: ราคาต้นทุน | R3: ยอดรวมต้นทุนสินค้า
H4: คืน/เสีย | K4: จำนวน | L4: @ | M4: เป็นเงิน
A5: 1 | B5: 8857125001328 | C5: ชิฟฟ่อนเค้ก รวมรส (4 ชิ้น) | D5: กล่อง | E5: =+'2'!J5 -> 0 | F5: 0 | G5: =E5+F5 -> 0 | H5: 0 | I5: 0 | J5: =+G5-H5-K5-I5 -> 0 | L5: 50 | M5: =+L5*K5 -> 0 | N5: - | P5: =SUM(M5-O5) -> 0 | Q5: 22.48 | R5: =+K5*Q5 -> 0
A6: 2 | B6: 8857125001311 | C6: ชิฟฟ่อนเค้ก รวมรส (8 ชิ้น) | D6: กล่อง | E6: =+'2'!J6 -> 5 | F6: 0 | G6: =E6+F6 -> 5 | H6: 0 | I6: 0 | J6: =+G6-H6-K6-I6 -> 5 | L6: 100 | M6: =+L6*K6 -> 0 | N6: - | P6: =SUM(M6-O6) -> 0 | Q6: 39.29 | R6: =+K6*Q6 -> 0
A7: 3 | B7: 8857125003841 | C7: ชิฟฟ่อนเค้ก รสกาแฟ (4 ชิ้น) | D7: ชิ้น | E7: =+'2'!J7 -> 1 | F7: 0 | G7: =E7+F7 -> 1 | H7: 0 | I7: 0 | J7: =+G7-H7-K7-I7 -> 1 | L7: 50 | M7: =+L7*K7 -> 0 | N7: - | P7: =SUM(M7-O7) -> 0 | Q7: 26.11 | R7: =+K7*Q7 -> 0
A8: 4 | B8: 8857125003827 | C8: ชิฟฟ่อนเค้ก รสกาแฟ (8 ชิ้น) | D8: กล่อง | E8: =+'2'!J8 -> 0 | F8: 0 | G8: =E8+F8 -> 0 | H8: 0 | I8: 0 | J8: =+G8-H8-K8-I8 -> 0 | L8: 100 | M8: =+L8*K8 -> 0 | N8: - | P8: =SUM(M8-O8) -> 0 | Q8: 33.89 | R8: =+K8*Q8 -> 0
A9: 5 | B9: 8857125002257 | C9: ชิฟฟ่อนเค้ก 1 ชิ้น | D9: ชิ้น | E9: =+'2'!J9 -> 0 | F9: 0 | G9: =E9+F9 -> 0 | H9: 0 | I9: 0 | J9: =+G9-H9-K9-I9 -> 0 | L9: 10 | M9: =+L9*K9 -> 0 | N9: - | P9: =SUM(M9-O9) -> 0 | R9: =+K9*Q9 -> 0
A10: 6 | B10: 8857125002264 | C10: ชิฟฟ่อนเค้กสอดไส้แยม 1 ชิ้น | D10: ชิ้น | E10: =+'2'!J10 -> 0 | F10: 0 | G10: =E10+F10 -> 0 | H10: 0 | I10: 0 | J10: =+G10-H10-K10-I10 -> 0 | L10: 15 | M10: =+L10*K10 -> 0 | N10: - | P10: =SUM(M10-O10) -> 0 | R10: =+K10*Q10 -> 0
A11: 7 | B11: 8857125001830 | C11: ชิฟฟ่อนเค้กสอดไส้ รวมรส (3 ชิ้น) | D11: กล่อง | E11: =+'2'!J11 -> 4 | F11: 0 | G11: =E11+F11 -> 4 | H11: 0 | I11: 0 | J11: =+G11-H11-K11-I11 -> 4 | L11: 50 | M11: =+L11*K11 -> 0 | N11: - | P11: =SUM(M11-O11) -> 0 | Q11: 16.94 | R11: =+K11*Q11 -> 0
A12: 8 | B12: 1112539 | C12: ชิฟฟ่อนเค้กสอดไส้ เมล่อน (3 ชิ้น) | D12: กล่อง | E12: =+'2'!J12 -> 0 | F12: 0 | G12: =E12+F12 -> 0 | H12: 0 | I12: 0 | J12: =+G12-H12-K12-I12 -> 0 | L12: 50 | M12: =+L12*K12 -> 0 | N12: - | P12: =SUM(M12-O12) -> 0 | R12: =+K12*Q12 -> 0
A13: 9 | B13: 8857125000055 | C13: ชิฟฟ่อนเค้กสอดไส้แยม รสบลูเบอร์รี่ (3 ชิ้น) | D13: กล่อง | E13: =+'2'!J13 -> 0 | F13: 0 | G13: =E13+F13 -> 0 | H13: 0 | I13: 0 | J13: =+G13-H13-K13-I13 -> 0 | L13: 50 | M13: =+L13*K13 -> 0 | N13: - | P13: =SUM(M13-O13) -> 0 | Q13: 17.32 | R13: =+K13*Q13 -> 0
A14: 10 | B14: 8857125000987 | C14: ชิฟฟ่อนเค้กสอดไส้แยม รสส้ม (3 ชิ้น) | D14: กล่อง | E14: =+'2'!J14 -> 2 | F14: 0 | G14: =E14+F14 -> 2 | H14: 0 | I14: 0 | J14: =+G14-H14-K14-I14 -> 2 | L14: 50 | M14: =+L14*K14 -> 0 | N14: - | P14: =SUM(M14-O14) -> 0 | Q14: 21.22 | R14: =+K14*Q14 -> 0
A15: 11 | B15: 8857125000246 | C15: ชิฟฟ่อนเค้กหน้าฝอยทอง สอดไส้แยมส้ม (3 ชิ้น) | D15: กล่อง | E15: =+'2'!J15 -> 0 | F15: 0 | G15: =E15+F15 -> 0 | H15: 0 | I15: 0 | J15: =+G15-H15-K15-I15 -> 0 | L15: 50 | M15: =+L15*K15 -> 0 | N15: - | P15: =SUM(M15-O15) -> 0 | Q15: 24.37 | R15: =+K15*Q15 -> 0
A16: 12 | C16: ชิฟฟ่อนเค้กหน้าฝอยทองทูโทน สอดไส้แยมส้ม (3 ชิ้น) | D16: กล่อง | E16: =+'2'!J16 -> 0 | F16: 0 | G16: =E16+F16 -> 0 | H16: 0 | I16: 0 | J16: =+G16-H16-K16-I16 -> 0 | L16: 50 | M16: =+L16*K16 -> 0 | N16: - | P16: =SUM(M16-O16) -> 0 | R16: =+K16*Q16 -> 0
A17: 13 | B17: 8857125000024 | C17: ชิฟฟ่อนเค้กสอดไส้แยม รสสตรอว์เบอรี่ (3 ชิ้น) | D17: กล่อง | E17: =+'2'!J17 -> 0 | F17: 0 | G17: =E17+F17 -> 0 | H17: 0 | I17: 0 | J17: =+G17-H17-K17-I17 -> 0 | L17: 50 | M17: =+L17*K17 -> 0 | N17: - | P17: =SUM(M17-O17) -> 0 | Q17: 15.05 | R17: =+K17*Q17 -> 0
A18: 14 | B18: 8857125000086 | C18: ชิฟฟ่อนเค้กสอดไส้ เนยมะพร้าว (3 ชิ้น) | D18: กล่อง | E18: =+'2'!J18 -> 4 | F18: 0 | G18: =E18+F18 -> 4 | H18: 0 | I18: 0 | J18: =+G18-H18-K18-I18 -> 4 | L18: 50 | M18: =+L18*K18 -> 0 | N18: - | P18: =SUM(M18-O18) -> 0 | Q18: 18.77 | R18: =+K18*Q18 -> 0
A19: 15 | B19: 8857125000239 | C19: ชิฟฟ่อนเค้กสอดไส้ นมชมพูฮอกไกโด (3 ชิ้น) | D19: กล่อง | E19: =+'2'!J19 -> 0 | F19: 0 | G19: =E19+F19 -> 0 | H19: 0 | I19: 0 | J19: =+G19-H19-K19-I19 -> 0 | L19: 50 | M19: =+L19*K19 -> 0 | N19: - | P19: =SUM(M19-O19) -> 0 | Q19: 19.04 | R19: =+K19*Q19 -> 0
A20: 16 | B20: 8857125001816 | C20: ชิฟฟ่อน สอดไส้ (ล) 4 ชิ้น ครีมมะพร้าว | D20: กล่อง | E20: =+'2'!J20 -> 0 | F20: 0 | G20: =E20+F20 -> 0 | H20: 0 | I20: 0 | J20: =+G20-H20-K20-I20 -> 0 | L20: 65 | M20: =+L20*K20 -> 0 | N20: - | P20: =SUM(M20-O20) -> 0 | Q20: 22.25 | R20: =+K20*Q20 -> 0
A21: 17 | B21: 8857125001021 | C21: ชิฟฟ่อน สอดไส้ (ก) 5 ชิ้น ครีมมะพร้าว | D21: กล่อง | E21: =+'2'!J21 -> 0 | F21: 0 | G21: =E21+F21 -> 0 | H21: 0 | I21: 0 | J21: =+G21-H21-K21-I21 -> 0 | L21: 85 | M21: =+L21*K21 -> 0 | N21: - | P21: =SUM(M21-O21) -> 0 | Q21: 22.85 | R21: =+K21*Q21 -> 0
A22: 18 | B22: 8857125000956 | C22: ชิฟฟ่อนเค้กสอดไส้ รวมรส (6 ชิ้น) | D22: กล่อง | E22: =+'2'!J22 -> 4 | F22: 0 | G22: =E22+F22 -> 4 | H22: 0 | I22: 0 | J22: =+G22-H22-K22-I22 -> 4 | L22: 100 | M22: =+L22*K22 -> 0 | N22: - | P22: =SUM(M22-O22) -> 0 | Q22: 26.6 | R22: =+K22*Q22 -> 0
A23: 19 | B23: 8857125000918 | C23: ชิฟฟ่อนเค้กสอดไส้แยม รสส้ม (6 ชิ้น) | D23: กล่อง | E23: =+'2'!J23 -> 0 | F23: 0 | G23: =E23+F23 -> 0 | H23: 0 | I23: 0 | J23: =+G23-H23-K23-I23 -> 0 | L23: 100 | M23: =+L23*K23 -> 0 | N23: - | P23: =SUM(M23-O23) -> 0 | Q23: 42.24 | R23: =+K23*Q23 -> 0
A24: 20 | B24: 8857125000970 | C24: ชิฟฟ่อนเค้กหน้าฝอยทอง สอดไส้แยมส้ม (6 ชิ้น) | D24: กล่อง | E24: =+'2'!J24 -> 5 | F24: 0 | G24: =E24+F24 -> 5 | H24: 0 | I24: 0 | J24: =+G24-H24-K24-I24 -> 5 | L24: 100 | M24: =+L24*K24 -> 0 | N24: - | P24: =SUM(M24-O24) -> 0 | Q24: 40.51 | R24: =+K24*Q24 -> 0
A25: 21 | B25: 8857125003810 | C25: ชิฟฟ่อนเค้กหน้าฝอยทองทูโทน สอดไส้แยมส้ม (6 ชิ้น) | D25: กล่อง | E25: =+'2'!J25 -> 5 | F25: 0 | G25: =E25+F25 -> 5 | H25: 0 | I25: 0 | J25: =+G25-H25-K25-I25 -> 5 | L25: 100 | M25: =+L25*K25 -> 0 | N25: - | P25: =SUM(M25-O25) -> 0 | Q25: 39.77 | R25: =+K25*Q25 -> 0
A26: 22 | B26: 8857125000963 | C26: ชิฟฟ่อนเค้กสอดไส้ นมชมพูฮอกไกโด (6 ชิ้น) | D26: กล่อง | E26: =+'2'!J26 -> 0 | F26: 0 | G26: =E26+F26 -> 0 | H26: 0 | I26: 0 | J26: =+G26-H26-K26-I26 -> 0 | L26: 100 | M26: =+L26*K26 -> 0 | N26: - | P26: =SUM(M26-O26) -> 0 | Q26: 35.39 | R26: =+K26*Q26 -> 0
A27: 23 | B27: 8857125000932 | C27: ชิฟฟ่อนเค้กสอดไส้แยม รสบลูเบอร์รี่ (6 ชิ้น) | D27: กล่อง | E27: =+'2'!J27 -> 0 | F27: 0 | G27: =E27+F27 -> 0 | H27: 0 | I27: 0 | J27: =+G27-H27-K27-I27 -> 0 | L27: 100 | M27: =+L27*K27 -> 0 | N27: - | P27: =SUM(M27-O27) -> 0 | Q27: 31.62 | R27: =+K27*Q27 -> 0
A28: 24 | B28: 8857125000895 | C28: ชิฟฟ่อนเค้กสอดไส้ เนยมะพร้าว (6 ชิ้น) | D28: กล่อง | E28: =+'2'!J28 -> 5 | F28: 0 | G28: =E28+F28 -> 5 | H28: 0 | I28: 0 | J28: =+G28-H28-K28-I28 -> 5 | L28: 100 | M28: =+L28*K28 -> 0 | N28: - | P28: =SUM(M28-O28) -> 0 | Q28: 31.97 | R28: =+K28*Q28 -> 0
A29: 25 | B29: 8857125000901 | C29: ชิฟฟ่อนเค้กสอดไส้แยม รสสตรอว์เบอรี่ (6 ชิ้น) | D29: กล่อง | E29: =+'2'!J29 -> 0 | F29: 0 | G29: =E29+F29 -> 0 | H29: 0 | I29: 0 | J29: =+G29-H29-K29-I29 -> 0 | L29: 100 | M29: =+L29*K29 -> 0 | N29: - | P29: =SUM(M29-O29) -> 0 | Q29: 21.27 | R29: =+K29*Q29 -> 0
A30: 26 | B30: 8857125001571 | C30: ชิฟฟอนเค้ก รสมะลิ 8ชิ้น (ห่อซีน) | D30: กล่อง | E30: =+'2'!J30 -> 0 | F30: 0 | G30: =E30+F30 -> 0 | H30: 0 | I30: 0 | J30: =+G30-H30-K30-I30 -> 0 | L30: 100 | M30: =+L30*K30 -> 0 | N30: - | P30: =SUM(M30-O30) -> 0 | Q30: 34.26 | R30: =+K30*Q30 -> 0
A31: 27 | B31: 8857125002127 | C31: ชิฟฟ่อนรวมรส ยอดฮิต (8 ชิ้น) | D31: กล่อง | E31: =+'2'!J31 -> 4 | F31: 0 | G31: =E31+F31 -> 4 | H31: 0 | I31: 0 | J31: =+G31-H31-K31-I31 -> 4 | L31: 100 | M31: =+L31*K31 -> 0 | N31: - | P31: =SUM(M31-O31) -> 0 | Q31: 38.46 | R31: =+K31*Q31 -> 0
A32: 28 | B32: 8857125000130 | C32: ชิฟฟ่อนเค้ก วรรณวนัช (สอดไส้รวมรส 8 ชิ้น) | D32: กล่อง | E32: =+'2'!J32 -> 0 | F32: 0 | G32: =E32+F32 -> 0 | H32: 0 | I32: 0 | J32: =+G32-H32-K32-I32 -> 0 | L32: 130 | M32: =+L32*K32 -> 0 | N32: - | P32: =SUM(M32-O32) -> 0 | Q32: 46.37 | R32: =+K32*Q32 -> 0
A33: 29 | B33: 8857125003773 | C33: ชิฟฟ่อนเค้กมะพร้าวสอดไส้ครีมมะพร้าวล้วน (8 ชิ้น) | D33: กล่อง | E33: =+'2'!J33 -> 0 | F33: 0 | G33: =E33+F33 -> 0 | H33: 0 | I33: 0 | J33: =+G33-H33-K33-I33 -> 0 | L33: 130 | M33: =+L33*K33 -> 0 | N33: - | P33: =SUM(M33-O33) -> 0 | Q33: 38.9 | R33: =+K33*Q33 -> 0
A34: 30 | B34: 8857125001366 | C34: ชิฟฟ่อนเค้กใบเตยสอดไส้ครีมมะพร้าวล้วน (8 ชิ้น) | D34: กล่อง | E34: =+'2'!J34 -> 0 | F34: 0 | G34: =E34+F34 -> 0 | H34: 0 | I34: 0 | J34: =+G34-H34-K34-I34 -> 0 | L34: 130 | M34: =+L34*K34 -> 0 | N34: - | P34: =SUM(M34-O34) -> 0 | Q34: 38.07 | R34: =+K34*Q34 -> 0
A35: 31 | B35: 8857125001397 | C35: ชิฟฟ่อนเค้กใบเตยทูโทนและสอดไส้ครีมมะพร้าว (8 ชิ้น) | D35: กล่อง | E35: =+'2'!J35 -> 0 | F35: 0 | G35: =E35+F35 -> 0 | H35: 0 | I35: 0 | J35: =+G35-H35-K35-I35 -> 0 | L35: 130 | M35: =+L35*K35 -> 0 | N35: - | P35: =SUM(M35-O35) -> 0 | Q35: 40.8 | R35: =+K35*Q35 -> 0
A36: 32 | B36: 885712004534 | C36: ชิฟฟ่อนเค้กสอดไส้ครีมมะพร้าว 120g. | D36: ชิ้น | E36: =+'2'!J36 -> 0 | F36: 0 | G36: =E36+F36 -> 0 | H36: 0 | I36: 0 | J36: =+G36-H36-K36-I36 -> 0 | L36: 35 | M36: =+L36*K36 -> 0 | N36: - | P36: =SUM(M36-O36) -> 0 | R36: =+K36*Q36 -> 0
A37: 33 | B37: 20055119 | C37: ชิฟฟ่อนเค้กฝอยทอง 95g. | D37: กล่อง | E37: =+'2'!J37 -> 0 | F37: 0 | G37: =E37+F37 -> 0 | H37: 0 | I37: 0 | J37: =+G37-H37-K37-I37 -> 0 | L37: 35 | M37: =+L37*K37 -> 0 | N37: - | P37: =SUM(M37-O37) -> 0 | R37: =+K37*Q37 -> 0
A38: 34 | C38: ชิฟฟ่อนหม้อแกง | D38: กล่อง | E38: =+'2'!J38 -> 0 | F38: 0 | G38: =E38+F38 -> 0 | H38: 0 | I38: 0 | J38: =+G38-H38-K38-I38 -> 0 | L38: 35 | M38: =+L38*K38 -> 0 | N38: - | P38: =SUM(M38-O38) -> 0 | R38: =+K38*Q38 -> 0
A39: 35 | B39: 8857125000611 | C39: ครีมฮอร์น วนิลา | D39: กล่อง | E39: =+'2'!J39 -> 0 | F39: 0 | G39: =E39+F39 -> 0 | H39: 0 | I39: 0 | J39: =+G39-H39-K39-I39 -> 0 | L39: 50 | M39: =+L39*K39 -> 0 | N39: - | P39: =SUM(M39-O39) -> 0 | Q39: 27.84 | R39: =+K39*Q39 -> 0
A40: 36 | B40: 8857125000604 | C40: ครีมฮอร์น ใบเตย | D40: กล่อง | E40: =+'2'!J40 -> 0 | F40: 0 | G40: =E40+F40 -> 0 | H40: 0 | I40: 0 | J40: =+G40-H40-K40-I40 -> 0 | L40: 50 | M40: =+L40*K40 -> 0 | N40: - | P40: =SUM(M40-O40) -> 0 | Q40: 27.12 | R40: =+K40*Q40 -> 0
A41: 37 | B41: 8857125000598 | C41: ครีมฮอร์น ช็อคโกแลต | D41: กล่อง | E41: =+'2'!J41 -> 0 | F41: 0 | G41: =E41+F41 -> 0 | H41: 0 | I41: 0 | J41: =+G41-H41-K41-I41 -> 0 | L41: 50 | M41: =+L41*K41 -> 0 | N41: - | P41: =SUM(M41-O41) -> 0 | Q41: 15.42 | R41: =+K41*Q41 -> 0
A42: 38 | B42: 8857125004015 | C42: ครีมฮอร์นวนิลา จัมโบ้ 65g. | D42: ชิ้น | E42: =+'2'!J42 -> 0 | F42: 0 | G42: =E42+F42 -> 0 | H42: 0 | I42: 0 | J42: =+G42-H42-K42-I42 -> 0 | L42: 25 | M42: =+L42*K42 -> 0 | N42: - | P42: =SUM(M42-O42) -> 0 | Q42: 15.55 | R42: =+K42*Q42 -> 0
A43: 39 | B43: 8857125004022 | C43: ครีมฮอร์นใบเตย จัมโบ้ 65g. | D43: ชิ้น | E43: =+'2'!J43 -> 0 | F43: 0 | G43: =E43+F43 -> 0 | H43: 0 | I43: 0 | J43: =+G43-H43-K43-I43 -> 0 | L43: 25 | M43: =+L43*K43 -> 0 | N43: - | P43: =SUM(M43-O43) -> 0 | R43: =+K43*Q43 -> 0
A44: 40 | B44: 8857125004411 | C44: ครีมฮอร์นชาไทย จัมโบ้ 65g. | D44: ชิ้น | E44: =+'2'!J44 -> 0 | F44: 0 | G44: =E44+F44 -> 0 | H44: 0 | I44: 0 | J44: =+G44-H44-K44-I44 -> 0 | L44: 25 | M44: =+L44*K44 -> 0 | N44: - | P44: =SUM(M44-O44) -> 0 | R44: =+K44*Q44 -> 0
A45: 41 | B45: 20055115 | C45: ครีมฮอร์นคิทแคท 70g. | D45: กล่อง | E45: =+'2'!J45 -> 0 | F45: 0 | G45: =E45+F45 -> 0 | H45: 0 | I45: 0 | J45: =+G45-H45-K45-I45 -> 0 | L45: 35 | M45: =+L45*K45 -> 0 | N45: - | P45: =SUM(M45-O45) -> 0
A46: 42 | B46: 8857125000420 | C46: เค้กเบาหวิว รสกล้วยหอมหน้ามะพร้าวเผา 110 กรัม | D46: กล่อง | E46: =+'2'!J46 -> 2 | F46: 0 | G46: =E46+F46 -> 2 | H46: 0 | I46: 0 | J46: =+G46-H46-K46-I46 -> 2 | L46: 50 | M46: =+L46*K46 -> 0 | N46: - | P46: =SUM(M46-O46) -> 0 | Q46: 19.05 | R46: =+K46*Q46 -> 0
A47: 43 | B47: 8857125001175 | C47: เค้กเบาหวิว เผือกมะพร้าวอ่อน110 กรัม | D47: กล่อง | E47: =+'2'!J47 -> 5 | F47: 0 | G47: =E47+F47 -> 5 | H47: 0 | I47: 0 | J47: =+G47-H47-K47-I47 -> 5 | L47: 50 | M47: =+L47*K47 -> 0 | N47: - | P47: =SUM(M47-O47) -> 0 | Q47: 19.21 | R47: =+K47*Q47 -> 0
A48: 44 | B48: 8857125000154 | C48: เค้กเบาหวิว รสมะพร้าวน้ำหอม 110 กรัม | D48: กล่อง | E48: =+'2'!J48 -> 2 | F48: 0 | G48: =E48+F48 -> 2 | H48: 0 | I48: 0 | J48: =+G48-H48-K48-I48 -> 2 | L48: 50 | M48: =+L48*K48 -> 0 | N48: - | P48: =SUM(M48-O48) -> 0 | Q48: 18.88 | R48: =+K48*Q48 -> 0
A49: 45 | B49: 8857125000192 | C49: เค้กเบาหวิว รสกาแฟ 110 กรัม | D49: กล่อง | E49: =+'2'!J49 -> 3 | F49: 0 | G49: =E49+F49 -> 3 | H49: 0 | I49: 0 | J49: =+G49-H49-K49-I49 -> 3 | L49: 50 | M49: =+L49*K49 -> 0 | N49: - | P49: =SUM(M49-O49) -> 0 | Q49: 20.43 | R49: =+K49*Q49 -> 0
A50: 46 | B50: 8857125000185 | C50: เค้กเบาหวิว รสเนยนม 110 กรัม | D50: กล่อง | E50: =+'2'!J50 -> 1 | F50: 0 | G50: =E50+F50 -> 1 | H50: 0 | I50: 0 | J50: =+G50-H50-K50-I50 -> 1 | L50: 50 | M50: =+L50*K50 -> 0 | N50: - | P50: =SUM(M50-O50) -> 0 | Q50: 21.81 | R50: =+K50*Q50 -> 0
A51: 47 | B51: 8857125000161 | C51: เค้กเบาหวิว รสตาลหอม 110 กรัม | D51: กล่อง | E51: =+'2'!J51 -> 4 | F51: 0 | G51: =E51+F51 -> 4 | H51: 0 | I51: 0 | J51: =+G51-H51-K51-I51 -> 4 | L51: 50 | M51: =+L51*K51 -> 0 | N51: - | P51: =SUM(M51-O51) -> 0 | Q51: 14.65 | R51: =+K51*Q51 -> 0
A52: 48 | B52: 8857125001007 | C52: เค้กเบาหวิว รสเตยหอม 110 กรัม | D52: กล่อง | E52: =+'2'!J52 -> 0 | F52: 0 | G52: =E52+F52 -> 0 | H52: 0 | I52: 0 | J52: =+G52-H52-K52-I52 -> 0 | L52: 50 | M52: =+L52*K52 -> 0 | N52: - | P52: =SUM(M52-O52) -> 0 | Q52: 18.36 | R52: =+K52*Q52 -> 0
A53: 49 | B53: 8857125000765 | C53: เค้กเบาหวิว หน้าฝอยทอง 110 กรัม | D53: กล่อง | E53: =+'2'!J53 -> 3 | F53: 0 | G53: =E53+F53 -> 3 | H53: 0 | I53: 0 | J53: =+G53-H53-K53-I53 -> 3 | L53: 50 | M53: =+L53*K53 -> 0 | N53: - | P53: =SUM(M53-O53) -> 0 | Q53: 17.53 | R53: =+K53*Q53 -> 0
A54: 50 | B54: 8857125000871 | C54: เค้กเบาหวิว รสทุเรียน 110 กรัม | D54: กล่อง | E54: =+'2'!J54 -> 5 | F54: 0 | G54: =E54+F54 -> 5 | H54: 0 | I54: 0 | J54: =+G54-H54-K54-I54 -> 5 | L54: 50 | M54: =+L54*K54 -> 0 | N54: - | P54: =SUM(M54-O54) -> 0 | Q54: 14.38 | R54: =+K54*Q54 -> 0
A55: 51 | B55: 8857125000017 | C55: เค้กเบาหวิว รสกล้วยหอมหน้ามะพร้าวเผา 300 กรัม | D55: กล่อง | E55: =+'2'!J55 -> 0 | F55: 0 | G55: =E55+F55 -> 0 | H55: 0 | I55: 0 | J55: =+G55-H55-K55-I55 -> 0 | L55: 120 | M55: =+L55*K55 -> 0 | N55: - | P55: =SUM(M55-O55) -> 0 | Q55: 29.34 | R55: =+K55*Q55 -> 0
A56: 52 | B56: 8857125000260 | C56: เค้กเบาหวิว รสเผือกหน้ามะพร้าวเผา 300 กรัม | D56: กล่อง | E56: =+'2'!J56 -> 0 | F56: 0 | G56: =E56+F56 -> 0 | H56: 0 | I56: 0 | J56: =+G56-H56-K56-I56 -> 0 | L56: 120 | M56: =+L56*K56 -> 0 | N56: - | P56: =SUM(M56-O56) -> 0 | Q56: 33.41 | R56: =+K56*Q56 -> 0
A57: 53 | B57: 8857125000116 | C57: เค้กเบาหวิว รสมะพร้าวน้ำหอม 300 กรัม | D57: กล่อง | E57: =+'2'!J57 -> 0 | F57: 0 | G57: =E57+F57 -> 0 | H57: 0 | I57: 0 | J57: =+G57-H57-K57-I57 -> 0 | L57: 120 | M57: =+L57*K57 -> 0 | N57: - | P57: =SUM(M57-O57) -> 0 | Q57: 31.46 | R57: =+K57*Q57 -> 0
... A62: 58 | B62: 8857125000451 | C62: เค้กเบาหวิว หน้าฝอยทอง 300 กรัม | D62: กล่อง | E62: =+'2'!J62 -> 0 | F62: 0 | G62: =E62+F62 -> 0 | H62: 0 | I62: 0 | J62: =+G62-H62-K62-I62 -> 0 | L62: 120 | M62: =+L62*K62 -> 0 | N62: - | P62: =SUM(M62-O62) -> 0 | Q62: 29.82 | R62: =+K62*Q62 -> 0
A63: 59 | B63: 1112018 | C63: เค้กเบาหวิว รสทุเรียน 300 กรัม | D63: กล่อง | E63: =+'2'!J63 -> 0 | G63: =E63+F63 -> 0 | H63: 0 | I63: 0 | J63: =+G63-H63-K63-I63 -> 0 | L63: 120 | M63: =+L63*K63 -> 0 | N63: - | P63: =SUM(M63-O63) -> 0 | Q63: 27.72 | R63: =+K63*Q63 -> 0
A64: 60 | B64: 8857125003711 | C64: เค้กโบราณรวมรส 4 ชิ้น | D64: กล่อง | E64: =+'2'!J64 -> 0 | F64: 0 | G64: =E64+F64 -> 0 | H64: 0 | I64: 0 | J64: =+G64-H64-K64-I64 -> 0 | L64: 50 | M64: =+L64*K64 -> 0 | N64: - | P64: =SUM(M64-O64) -> 0 | Q64: 23.69 | R64: =+K64*Q64 -> 0
A65: 61 | B65: 8857125000215 | C65: เค้กโบราณครีม 4 ชิ้น | D65: กล่อง | E65: =+'2'!J65 -> 0 | F65: 0 | G65: =E65+F65 -> 0 | H65: 0 | I65: 0 | J65: =+G65-H65-K65-I65 -> 0 | L65: 50 | M65: =+L65*K65 -> 0 | N65: - | P65: =SUM(M65-O65) -> 0 | Q65: 22.49 | R65: =+K65*Q65 -> 0
A66: 62 | B66: 8857125003704 | C66: เค้กโบราณผลไม้ 4 ชิ้น | D66: กล่อง | E66: =+'2'!J66 -> 0 | F66: 0 | G66: =E66+F66 -> 0 | H66: 0 | I66: 0 | J66: =+G66-H66-K66-I66 -> 0 | L66: 50 | M66: =+L66*K66 -> 0 | N66: - | P66: =SUM(M66-O66) -> 0 | Q66: 23.12 | R66: =+K66*Q66 -> 0
A67: 63 | B67: 8857126455021 | C67: NP เค้กโบราณครีม 6 ชิ้น | D67: กล่อง | E67: =+'2'!J67 -> 0 | F67: 0 | G67: =E67+F67 -> 0 | H67: 0 | I67: 0 | J67: =+G67-H67-K67-I67 -> 0 | L67: 70 | M67: =+L67*K67 -> 0 | N67: - | P67: =SUM(M67-O67) -> 0 | R67: =+K67*Q67 -> 0
A68: 64 | B68: 8857126455038 | C68: NP เเค้กโบราณผลไม้ 6 ชิ้น | D68: กล่อง | E68: =+'2'!J68 -> 0 | F68: 0 | G68: =E68+F68 -> 0 | H68: 0 | I68: 0 | J68: =+G68-H68-K68-I68 -> 0 | L68: 80 | M68: =+L68*K68 -> 0 | N68: - | P68: =SUM(M68-O68) -> 0 | R68: =+K68*Q68 -> 0
A69: 65 | B69: 2566110401 | C69: เค้กโบราณรวมรส 12 ชิ้น | D69: กล่อง | E69: =+'2'!J69 -> 0 | F69: 0 | G69: =E69+F69 -> 0 | H69: 0 | I69: 0 | J69: =+G69-H69-K69-I69 -> 0 | L69: 150 | M69: =+L69*K69 -> 0 | N69: - | P69: =SUM(M69-O69) -> 0 | Q69: 67.79 | R69: =+K69*Q69 -> 0
A70: 66 | B70: 2566110402 | C70: เค้กโบราณครีม 12 ชิ้น | D70: กล่อง | E70: =+'2'!J70 -> 0 | F70: 0 | G70: =E70+F70 -> 0 | H70: 0 | I70: 0 | J70: =+G70-H70-K70-I70 -> 0 | L70: 150 | M70: =+L70*K70 -> 0 | N70: - | P70: =SUM(M70-O70) -> 0 | Q70: 68.37 | R70: =+K70*Q70 -> 0
A71: 67 | B71: 8857125000819 | C71: เค้กโบราณผลไม้ 12 ชิ้น | D71: กล่อง | E71: =+'2'!J71 -> 0 | F71: 0 | G71: =E71+F71 -> 0 | H71: 0 | I71: 0 | J71: =+G71-H71-K71-I71 -> 0 | L71: 150 | M71: =+L71*K71 -> 0 | N71: - | P71: =SUM(M71-O71) -> 0 | Q71: 67.17 | R71: =+K71*Q71 -> 0
A72: 68 | B72: 8857125001304 | C72: เค้กลาวา ฝอยทอง เล็ก | D72: ชิ้น | E72: =+'2'!J72 -> 0 | F72: 0 | G72: =E72+F72 -> 0 | H72: 0 | I72: 0 | J72: =+G72-H72-K72-I72 -> 0 | L72: 50 | M72: =+L72*K72 -> 0 | N72: - | P72: =SUM(M72-O72) -> 0 | R72: =+K72*Q72 -> 0
A73: 69 | B73: 8857125003742 | C73: เค้กลาวา ฝอยทอง ใหญ่ | D73: ชิ้น | E73: =+'2'!J73 -> 0 | F73: 0 | G73: =E73+F73 -> 0 | H73: 0 | I73: 0 | J73: =+G73-H73-K73-I73 -> 0 | L73: 120 | M73: =+L73*K73 -> 0 | N73: - | P73: =SUM(M73-O73) -> 0 | R73: =+K73*Q73 -> 0
A74: 70 | B74: 8857125003728 | C74: เค้กลาวา ฝอยทองทูโทน เล็ก | D74: กล่อง | E74: =+'2'!J74 -> 0 | F74: 0 | G74: =E74+F74 -> 0 | H74: 0 | I74: 0 | J74: =+G74-H74-K74-I74 -> 0 | L74: 50 | M74: =+L74*K74 -> 0 | N74: - | P74: =SUM(M74-O74) -> 0 | Q74: 17.09 | R74: =+K74*Q74 -> 0
A75: 71 | B75: 8857125003735 | C75: เค้กลาวา ฝอยทองทูโทน ใหญ่ | D75: ชิ้น | E75: =+'2'!J75 -> 0 | F75: 0 | G75: =E75+F75 -> 0 | H75: 0 | I75: 0 | J75: =+G75-H75-K75-I75 -> 0 | L75: 120 | M75: =+L75*K75 -> 0 | N75: - | P75: =SUM(M75-O75) -> 0
A76: 72 | B76: 8857125000147 | C76: เอแคลร์นมสด 8 ชิ้น | D76: กล่อง | E76: =+'2'!J76 -> 0 | F76: 0 | G76: =E76+F76 -> 0 | H76: 0 | I76: 0 | J76: =+G76-H76-K76-I76 -> 0 | L76: 50 | M76: =+L76*K76 -> 0 | N76: - | P76: =SUM(M76-O76) -> 0 | Q76: 17.33 | R76: =+K76*Q76 -> 0
A77: 73 | B77: 8857125004251 | C77: เอแคลร์คิทแคท 55g. | D77: กล่อง | E77: =+'2'!J77 -> 0 | F77: 0 | G77: =E77+F77 -> 0 | H77: 0 | I77: 0 | J77: =+G77-H77-K77-I77 -> 0 | L77: 45 | M77: =+L77*K77 -> 0 | N77: - | P77: =SUM(M77-O77) -> 0 | R77: =+K77*Q77 -> 0
A78: 74 | B78: 20056257 | C78: เอแคลร์ชาไทย 125g. | D78: กล่อง | E78: =+'2'!J78 -> 0 | F78: 0 | G78: =E78+F78 -> 0 | H78: 0 | I78: 0 | J78: =+G78-H78-K78-I78 -> 0 | L78: 35 | M78: =+L78*K78 -> 0 | N78: - | P78: =SUM(M78-O78) -> 0 | R78: =+K78*Q78 -> 0
A79: 75 | B79: 8857125000499 | C79: ซอฟ์ทเค้กช็อคโกแลตหน้านิ่ม | D79: กล่อง | E79: =+'2'!J79 -> 2 | F79: 0 | G79: =E79+F79 -> 2 | H79: 0 | I79: 0 | J79: =+G79-H79-K79-I79 -> 2 | L79: 55 | M79: =+L79*K79 -> 0 | N79: - | P79: =SUM(M79-O79) -> 0 | Q79: 14.35 | R79: =+K79*Q79 -> 0
A80: 76 | B80: 8857125000475 | C80: ซอฟ์ทเค้กมะพร้าวนมสดหน้านิ่ม | D80: กล่อง | E80: =+'2'!J80 -> 1 | F80: 0 | G80: =E80+F80 -> 1 | H80: 0 | I80: 0 | J80: =+G80-H80-K80-I80 -> 1 | L80: 55 | M80: =+L80*K80 -> 0 | N80: - | P80: =SUM(M80-O80) -> 0 | Q80: 11.58 | R80: =+K80*Q80 -> 0
A81: 77 | B81: 8857125000468 | C81: เครปโรลฝอยทอง วนิลา | D81: กล่อง | E81: =+'2'!J81 -> 0 | F81: 0 | G81: =E81+F81 -> 0 | H81: 0 | I81: 0 | J81: =+G81-H81-K81-I81 -> 0 | L81: 50 | M81: =+L81*K81 -> 0 | N81: - | P81: =SUM(M81-O81) -> 0 | Q81: 18.14 | R81: =+K81*Q81 -> 0
A82: 78 | B82: 8857125000857 | C82: เครปโรลฝอยทอง ใบเตย | D82: กล่อง | E82: =+'2'!J82 -> 0 | F82: 0 | G82: =E82+F82 -> 0 | H82: 0 | I82: 0 | J82: =+G82-H82-K82-I82 -> 0 | L82: 50 | M82: =+L82*K82 -> 0 | N82: - | P82: =SUM(M82-O82) -> 0 | Q82: 12.94 | R82: =+K82*Q82 -> 0
A83: 79 | B83: 20054638 | C83: เครปเค้กคิทแคท 65g. | D83: กล่อง | E83: =+'2'!J83 -> 0 | F83: 0 | G83: =E83+F83 -> 0 | H83: 0 | I83: 0 | J83: =+G83-H83-K83-I83 -> 0 | L83: 35 | M83: =+L83*K83 -> 0 | N83: - | P83: =SUM(M83-O83) -> 0 | R83: =+K83*Q83 -> 0
A84: 80 | C84: ชูครีมนมฮอกไกโด | D84: กล่อง | E84: =+'2'!J84 -> 0 | F84: 0 | G84: =E84+F84 -> 0 | H84: 0 | I84: 0 | J84: =+G84-H84-K84-I84 -> 0 | L84: 35 | M84: =+L84*K84 -> 0 | N84: - | P84: =SUM(M84-O84) -> 0 | R84: =+K84*Q84 -> 0
A85: 81 | B85: 1113194 | C85: บานอฟฟี่ 140 กรัม | D85: กล่อง | E85: =+'2'!J85 -> 0 | F85: 0 | G85: =E85+F85 -> 0 | H85: 0 | I85: 0 | J85: =+G85-H85-K85-I85 -> 0 | L85: 45 | M85: =+L85*K85 -> 0 | N85: - | P85: =SUM(M85-O85) -> 0 | R85: =+K85*Q85 -> 0
A86: 82 | C86: มะม่วงชีสพาย | D86: กล่อง | E86: =+'2'!J86 -> 0 | F86: 0 | G86: =E86+F86 -> 0 | H86: 0 | I86: 0 | J86: =+G86-H86-K86-I86 -> 0 | L86: 35 | M86: =+L86*K86 -> 0 | N86: - | P86: =SUM(M86-O86) -> 0 | R86: =+K86*Q86 -> 0
A87: 83 | C87: เลเยอร์เค้กใบเตย | D87: กล่อง | E87: =+'2'!J87 -> 0 | F87: 0 | G87: =E87+F87 -> 0 | H87: 0 | I87: 0 | J87: =+G87-H87-K87-I87 -> 0 | L87: 35 | M87: =+L87*K87 -> 0 | N87: - | P87: =SUM(M87-O87) -> 0 | R87: =+K87*Q87 -> 0
A88: 84 | B88: 1006979 | C88: คัพเค้กไส้คัสตาร์ด | D88: กล่อง | E88: =+'2'!J88 -> 0 | F88: 0 | G88: =E88+F88 -> 0 | H88: 0 | I88: 0 | J88: =+G88-H88-K88-I88 -> 0 | L88: 45 | M88: =+L88*K88 -> 0 | N88: - | P88: =SUM(M88-O88) -> 0 | R88: =+K88*Q88 -> 0
A89: 85 | B89: 1300005 | C89: เค้กมะพร้าวลาวา 85 กรัม | D89: กล่อง | E89: =+'2'!J89 -> 0 | F89: 0 | G89: =E89+F89 -> 0 | H89: 0 | I89: 0 | J89: =+G89-H89-K89-I89 -> 0 | L89: 45 | M89: =+L89*K89 -> 0 | N89: - | P89: =SUM(M89-O89) -> 0 | R89: =+K89*Q89 -> 0
A90: 86 | B90: 8857125004220 | C90: เค้กลอดช่อง 85 กรัม | D90: กล่อง | E90: =+'2'!J90 -> 29 | F90: 0 | G90: =E90+F90 -> 29 | H90: 0 | I90: 0 | J90: =+G90-H90-K90-I90 -> 29 | L90: 35 | M90: =+L90*K90 -> 0 | N90: - | P90: =SUM(M90-O90) -> 0 | R90: =+K90*Q90 -> 0
A91: 87 | B91: 1113178 | C91: เค้กลอดช่องกล่องกลม 1 ปอนด์ 265 กรัม | D91: กล่อง | E91: =+'2'!J91 -> 0 | F91: 0 | G91: =E91+F91 -> 0 | H91: 0 | I91: 0 | J91: =+G91-H91-K91-I91 -> 0 | N91: -
A92: 88 | B92: 1113179 | C92: เค้กลอดช่องกล่องกลม 2 ปอนด์ 325 กรัม | D92: กล่อง | E92: =+'2'!J92 -> 0 | F92: 0 | G92: =E92+F92 -> 0 | H92: 0 | I92: 0 | J92: =+G92-H92-K92-I92 -> 0 | L92: 120 | M92: =+L92*K92 -> 0 | N92: - | P92: =SUM(M92-O92) -> 0 | R92: =+K92*Q92 -> 0
A93: 89 | B93: 8857125004275 | C93: เค้กทุเรียน 90 กรัม | D93: กล่อง | E93: =+'2'!J93 -> 0 | F93: 0 | G93: =E93+F93 -> 0 | H93: 0 | I93: 0 | J93: =+G93-H93-K93-I93 -> 0 | L93: 45 | M93: =+L93*K93 -> 0 | N93: - | P93: =SUM(M93-O93) -> 0 | R93: =+K93*Q93 -> 0
A94: 90 | B94: 20055951 | C94: เค้กบัวลอยมะพร้าวอ่อน 100 กรัม | D94: กล่อง | E94: =+'2'!J94 -> 0 | F94: 0 | G94: =E94+F94 -> 0 | H94: 0 | I94: 0 | J94: =+G94-H94-K94-I94 -> 0 | L94: 35 | M94: =+L94*K94 -> 0 | N94: - | P94: =SUM(M94-O94) -> 0 | R94: =+K94*Q94 -> 0
A95: 91 | B95: 1113191 | C95: เค้กตะโก้เผือกหอม 120 กรัม | D95: กล่อง | E95: =+'2'!J95 -> 0 | F95: 0 | G95: =E95+F95 -> 0 | H95: 0 | I95: 0 | J95: =+G95-H95-K95-I95 -> 0 | L95: 35 | M95: =+L95*K95 -> 0 | N95: - | P95: =SUM(M95-O95) -> 0 | Q95: 15.4 | R95: =+K95*Q95 -> 0
A96: 92 | C96: เค้กกล้วยหอมชีท | D96: ชิ้น | E96: =+'2'!J96 -> 41 | F96: 0 | G96: =E96+F96 -> 41 | H96: 0 | I96: 0 | J96: =+G96-H96-K96-I96 -> 41 | L96: 35 | M96: =+L96*K96 -> 0 | N96: - | P96: =SUM(M96-O96) -> 0 | R96: =+K96*Q96 -> 0
A97: 93 | C97: เค้กข้าวเหนียวเปียกลำใย 120 กรัม | D97: กล่อง | E97: =+'2'!J97 -> 0 | F97: 0 | G97: =E97+F97 -> 0 | H97: 0 | I97: 0 | J97: =+G97-H97-K97-I97 -> 0 | L97: 35 | M97: =+L97*K97 -> 0 | N97: - | P97: =SUM(M97-O97) -> 0 | R97: =+K97*Q97 -> 0
A98: 94 | C98: เค้กข้าวหลามมะพร้าวอ่อน 100 กรัม | D98: กล่อง | E98: =+'2'!J98 -> 0 | F98: 0 | G98: =E98+F98 -> 0 | H98: 0 | I98: 0 | J98: =+G98-H98-K98-I98 -> 0 | L98: 35 | M98: =+L98*K98 -> 0 | N98: - | P98: =SUM(M98-O98) -> 0 | R98: =+K98*Q98 -> 0
A99: 95 | B99: 8857125003803 | C99: เค้กสามเหลี่ยม รสมะพร้าวน้ำหอม | D99: ชิ้น | E99: =+'2'!J99 -> 0 | F99: 0 | G99: =E99+F99 -> 0 | H99: 0 | I99: 0 | J99: =+G99-H99-K99-I99 -> 0 | L99: 35 | M99: =+L99*K99 -> 0 | N99: - | P99: =SUM(M99-O99) -> 0 | Q99: 10.98 | R99: =+K99*Q99 -> 0
A100: 96 | B100: 8857125002318 | C100: เค้กสามเหลี่ยม รสฝอยทองใบเตย | D100: ชิ้น | E100: =+'2'!J100 -> 0 | F100: 0 | G100: =E100+F100 -> 0 | H100: 0 | I100: 0 | J100: =+G100-H100-K100-I100 -> 0 | L100: 35 | M100: =+L100*K100 -> 0 | N100: - | P100: =SUM(M100-O100) -> 0 | R100: =+K100*Q100 -> 0
A101: 97 | B101: 8857125002370 | C101: เค้กวันเกิดมะพร้าวอ่อน 1/2 ปอนด์ | D101: ชิ้น | E101: =+'2'!J101 -> 0 | F101: 0 | G101: =E101+F101 -> 0 | H101: 0 | I101: 0 | J101: =+G101-H101-K101-I101 -> 0 | L101: 100 | M101: =+L101*K101 -> 0 | N101: - | P101: =SUM(M101-O101) -> 0 | R101: =+K101*Q101 -> 0
A102: 98 | B102: 8857125002332 | C102: เค้กวันเกิดมะพร้าวอ่อน 1 ปอนด์ | D102: ชิ้น | E102: =+'2'!J102 -> 0 | F102: 0 | G102: =E102+F102 -> 0 | H102: 0 | I102: 0 | J102: =+G102-H102-K102-I102 -> 0 | L102: 250 | M102: =+L102*K102 -> 0 | N102: - | P102: =SUM(M102-O102) -> 0
A103: 99 | B103: 8857125003346 | C103: เค้กวันเกิด 1/2 ปอนด์ ธรรมดา | D103: ชิ้น | E103: =+'2'!J103 -> 0 | F103: 0 | G103: =E103+F103 -> 0 | H103: 0 | I103: 0 | J103: =+G103-H103-K103-I103 -> 0 | L103: 120 | M103: =+L103*K103 -> 0 | N103: - | P103: =SUM(M103-O103) -> 0 | R103: =+K103*Q103 -> 0
A104: 100 | B104: 1113114 | C104: เค้กวันเกิด 1 ปอนด์ ธรรมดา | D104: ชิ้น | E104: =+'2'!J104 -> 0 | F104: 0 | G104: =E104+F104 -> 0 | H104: 0 | I104: 0 | J104: =+G104-H104-K104-I104 -> 0 | L104: 250 | M104: =+L104*K104 -> 0 | N104: - | P104: =SUM(M104-O104) -> 0 | R104: =+K104*Q104 -> 0
A105: 101 | B105: 8857125000208 | C105: ท๊อฟฟี่ถั่ว (กระเช้า) | D105: กระเช้า | E105: =+'2'!J105 -> 0 | F105: 0 | G105: =E105+F105 -> 0 | H105: 0 | I105: 0 | J105: =+G105-H105-K105-I105 -> 0 | L105: 80 | M105: =+L105*K105 -> 0 | N105: - | P105: =SUM(M105-O105) -> 0 | R105: =+K105*Q105 -> 0
...

Sheet 31
A2: บูธ แก้วมณีกาญจน์ วันที่ 1-31/05/2567 | O2: สินค้า SALE
A3: ลำดับ | B3: รายการ | C3: ยกมา | D3: รับ | E3: รวม | F3: เปลี่ยน/ | G3: คงเหลือ | H3: รายการขาย | K3: หมายเหตุ | L3: ส่วนลด | O3: ลำดับ | P3: รายการ | Q3: ยกมา | R3: รับ | S3: รวม | T3: เปลี่ยน/ | U3: คงเหลือ | V3: รายการขาย | Y3: หมายเหตุ | Z3: ส่วนลด
F4: คืน/เสีย | H4: จำนวน | I4: @ | J4: เป็นเงิน | T4: คืน/เสีย | V4: จำนวน | W4: @ | X4: เป็นเงิน
A5: 1 | B5: ชิฟฟ่อน (ล) | C5: =+#REF! -> #REF! | D5: 0 | E5: =C5+D5 -> #REF! | F5: 0 | G5: =+E5-F5-H5 -> #REF! | H5: 0 | I5: 50 | J5: =+I5*H5 -> 0 | K5: - | L5: 0 | M5: =SUM(J5-L5) -> 0 | O5: 1 | Q5: 0 | R5: 0 | S5: =Q5+R5 -> 0 | T5: 0 | U5: =S5-T5-V5 -> 0 | V5: 0 | X5: =V5*W5 -> 0 | Y5: - | Z5: 0
A6: 2 | B6: ชิฟฟ่อน (ญ) | C6: =+#REF! -> #REF! | D6: 0 | E6: =C6+D6 -> #REF! | F6: 0 | G6: =+E6-F6-H6 -> #REF! | H6: 0 | I6: 100 | J6: =+I6*H6 -> 0 | K6: - | L6: 0 | M6: =SUM(J6-L6) -> 0 | O6: 2 | Q6: 0 | R6: 0 | S6: =Q6+R6 -> 0 | T6: 0 | U6: =S6-T6-V6 -> 0 | V6: 0 | X6: =V6*W6 -> 0 | Y6: - | Z6: 0
A7: 3 | B7: ชิฟฟ่อน (ล) กาแฟ | C7: =+#REF! -> #REF! | D7: 0 | E7: =C7+D7 -> #REF! | F7: 0 | G7: =+E7-F7-H7 -> #REF! | H7: 0 | I7: 50 | J7: =+I7*H7 -> 0 | K7: - | L7: 0 | M7: =SUM(J7-L7) -> 0 | O7: 3 | Q7: 0 | R7: 0 | S7: =Q7+R7 -> 0 | T7: 0 | U7: =S7-T7-V7 -> 0 | V7: 0 | X7: =V7*W7 -> 0 | Y7: - | Z7: 0
A8: 4 | B8: ชิฟฟ่อน (ญ) กาแฟ | C8: =+#REF! -> #REF! | D8: 0 | E8: =C8+D8 -> #REF! | F8: 0 | G8: =+E8-F8-H8 -> #REF! | H8: 0 | I8: 100 | J8: =+I8*H8 -> 0 | K8: - | L8: 0 | M8: =SUM(J8-L8) -> 0 | O8: 4 | Q8: 0 | R8: 0 | S8: =Q8+R8 -> 0 | T8: 0 | U8: =S8-T8-V8 -> 0 | V8: 0 | X8: =V8*W8 -> 0 | Y8: - | Z8: 0
A9: 5 | B9: ชิฟฟ่อนเค้ก 1 ชิ้น | C9: =+#REF! -> #REF! | D9: 0 | E9: =C9+D9 -> #REF! | F9: 0 | G9: =+E9-F9-H9 -> #REF! | H9: 0 | I9: 10 | J9: =+I9*H9 -> 0 | K9: - | L9: 0 | M9: =SUM(J9-L9) -> 0 | O9: 5 | Q9: 0 | R9: 0 | S9: =Q9+R9 -> 0 | T9: 0 | U9: =S9-T9-V9 -> 0 | V9: 0 | X9: =V9*W9 -> 0 | Y9: - | Z9: 0
A10: 6 | B10: ชิฟฟ่อนเค้กสอดไส้แยม 1 ชิ้น | C10: =+#REF! -> #REF! | D10: 0 | E10: =C10+D10 -> #REF! | F10: 0 | G10: =+E10-F10-H10 -> #REF! | H10: 0 | I10: 12 | J10: =+I10*H10 -> 0 | K10: - | L10: 0 | M10: =SUM(J10-L10) -> 0 | O10: 6 | Q10: 0 | R10: 0 | S10: =Q10+R10 -> 0 | T10: 0 | U10: =S10-T10-V10 -> 0 | V10: 0 | X10: =V10*W10 -> 0 | Y10: - | Z10: 0
A11: 7 | B11: ชิฟฟ่อน สอดไส้ (ล) 2 ชิ้น ครีมมะพร้าว | C11: =+#REF! -> #REF! | D11: 0 | E11: =C11+D11 -> #REF! | F11: 0 | G11: =+E11-F11-H11 -> #REF! | H11: 0 | I11: 40 | J11: =+I11*H11 -> 0 | K11: - | L11: 0 | M11: =SUM(J11-L11) -> 0 | O11: 7 | Q11: 0 | R11: 0 | S11: =Q11+R11 -> 0 | T11: 0 | U11: =S11-T11-V11 -> 0 | V11: 0 | X11: =V11*W11 -> 0 | Y11: - | Z11: 0
A12: 8 | B12: ชิฟฟ่อน สอดไส้ (ล) 3 ชิ้น รวมรส | C12: =+#REF! -> #REF! | D12: 0 | E12: =C12+D12 -> #REF! | F12: 0 | G12: =+E12-F12-H12 -> #REF! | H12: 0 | I12: 50 | J12: =+I12*H12 -> 0 | K12: - | L12: 0 | M12: =SUM(J12-L12) -> 0 | O12: 8 | Q12: 0 | R12: 0 | S12: =Q12+R12 -> 0 | T12: 0 | U12: =S12-T12-V12 -> 0 | V12: 0 | X12: =V12*W12 -> 0 | Y12: - | Z12: 0
A13: 9 | B13: ชิฟฟ่อน สอดไส้ (ล) 3 ชิ้น เมล่อน | C13: =+#REF! -> #REF! | D13: 0 | E13: =C13+D13 -> #REF! | F13: 0 | G13: =+E13-F13-H13 -> #REF! | H13: 0 | I13: 55 | J13: =+I13*H13 -> 0 | K13: - | L13: 0 | M13: =SUM(J13-L13) -> 0 | O13: 9 | Q13: 0 | R13: 0 | S13: =Q13+R13 -> 0 | T13: 0 | U13: =S13-T13-V13 -> 0 | V13: 0 | X13: =V13*W13 -> 0 | Y13: - | Z13: 0
A14: 10 | B14: ชิฟฟ่อน สอดไส้ (ล) 4 ชิ้น ครีมมะพร้าว | C14: =+#REF! -> #REF! | D14: 0 | E14: =C14+D14 -> #REF! | F14: 0 | G14: =+E14-F14-H14 -> #REF! | H14: 0 | I14: 65 | J14: =+I14*H14 -> 0 | K14: - | L14: 0 | M14: =SUM(J14-L14) -> 0 | O14: 10 | Q14: 0 | R14: 0 | S14: =Q14+R14 -> 0 | T14: 0 | U14: =S14-T14-V14 -> 0 | V14: 0 | X14: =V14*W14 -> 0 | Y14: - | Z14: 0
A15: 11 | B15: ชิฟฟ่อน สอดไส้ (ล) 3 ชิ้น แยมส้ม | C15: =+#REF! -> #REF! | D15: 0 | E15: =C15+D15 -> #REF! | F15: 0 | G15: =+E15-F15-H15 -> #REF! | H15: 0 | I15: 50 | J15: =+I15*H15 -> 0 | K15: - | L15: 0 | M15: =SUM(J15-L15) -> 0 | O15: 11 | Q15: 0 | R15: 0 | S15: =Q15+R15 -> 0 | T15: 0 | U15: =S15-T15-V15 -> 0 | V15: 0 | X15: =V15*W15 -> 0 | Y15: - | Z15: 0
A16: 12 | B16: ชิฟฟ่อน สอดไส้ (ล) 3 ชิ้น บลูเบอรี่ | C16: =+#REF! -> #REF! | D16: 0 | E16: =C16+D16 -> #REF! | F16: 0 | G16: =+E16-F16-H16 -> #REF! | H16: 0 | I16: 50 | J16: =+I16*H16 -> 0 | K16: - | L16: 0 | M16: =SUM(J16-L16) -> 0 | O16: 12 | Q16: 0 | R16: 0 | S16: =Q16+R16 -> 0 | T16: 0 | U16: =S16-T16-V16 -> 0 | V16: 0 | X16: =V16*W16 -> 0 | Y16: - | Z16: 0
... A103: 99 | B103: ไดฟุกุ 8 ชิ้น | C103: =+#REF! -> #REF! | D103: 0 | E103: =C103+D103 -> #REF! | F103: 0 | G103: =+E103-F103-H103 -> #REF! | H103: 0 | I103: 100 | J103: =+I103*H103 -> 0 | K103: - | L103: 0 | M103: =SUM(J103-L103) -> 0 | O103: 99 | Q103: 0 | R103: 0 | S103: =Q103+R103 -> 0 | T103: 0 | U103: =S103-T103-V103 -> 0 | V103: 0 | X103: =V103*W103 -> 0 | Y103: - | Z103: 0
A104: 100 | B104: หมูทุบ | C104: =+#REF! -> #REF! | D104: 0 | E104: =C104+D104 -> #REF! | F104: 0 | G104: =+E104-F104-H104 -> #REF! | H104: 0 | I104: 100 | J104: =+I104*H104 -> 0 | K104: - | L104: 0 | M104: =SUM(J104-L104) -> 0 | O104: 100 | Q104: 0 | R104: 0 | S104: =Q104+R104 -> 0 | T104: 0 | U104: =S104-T104-V104 -> 0 | V104: 0 | X104: =V104*W104 -> 0 | Z104: 0
