Workbook

Sheet ออเดอร์จัดส่ง พ.ค. 69
A1: วันที่ | B1: กล่อง | N1: จัดส่งสำเร็จ | V1: จัดส่งไม่สำเร็จ | AC1: หมายเหตุ
N2: วันที่ | O2: กล่อง | V2: วันที่ | W2: กล่อง | AC2: วันที่ | AD2: กล่อง
B3: lazada | C3: ค้างส่ง L | D3: shopee | E3: ค้างส่ง S | F3: tiktok | G3: ค้างส่ง T | H3: ช้อยส์ | I3: ค้างส่ง ช้อยส์ | J3: ปณ | K3: ค้างส่ง ปณ | L3: ฝากส่ง | O3: lazada | P3: shopee | Q3: tiktok | R3: ช้อยส์ | S3: ปณ | T3: ฝากส่ง | W3: lazada | X3: shopee | Y3: tiktok | Z3: ช้อยส์ | AA3: ปณ | AD3: lazada | AE3: shopee | AF3: tiktok | AG3: ปณ
A4: 1 | B4: 9 | C4: 0 | D4: 56 | E4: 4 | F4: 159 | G4: 0 | J4: 13 | K4: 0 | L4: 3 | N4: 1 | O4: 9 | P4: 59 | Q4: 159 | S4: 13 | T4: 3 | V4: 1 | W4: 0 | X4: 1 | Y4: 0 | AA4: 0 | AC4: 1 | AE4: ค้าง 1 บิล *ขาดเศษขนมปัง ไม่มีของ
A5: 2 | B5: 22 | C5: 0 | D5: 64 | E5: 1 | F5: 174 | G5: 0 | J5: 13 | K5: 0 | L5: 4 | N5: 2 | O5: 21 | P5: 65 | Q5: 161 | S5: 13 | T5: 4 | V5: 2 | W5: 1 | X5: 0 | Y5: 10 | AA5: 0 | AC5: 2 | AF5: ยกเลิก 3 บิล (13-3=10) ค้าง 10 บิล แฟรช 2 เจแอนที 8 *ขาด ปังแถว ไม่มียอดเบิก
A6: 3 | B6: 10 | C6: 1 | D6: 66 | E6: 0 | F6: 200 | G6: 10 | J6: 41 | K6: 0 | L6: 0 | N6: 3 | O6: 3 | P6: 37 | Q6: 173 | S6: 1 | T6: 0 | V6: 3 | W6: 7 | X6: 29 | Y6: 33 | AA6: 40 | AC6: 3 | AD6: ยกเลิก 1 บิล (8-1=7) ค้าง 7 บิล *ขาดปังแถว สอดไส้ เปี๊ยะ ของไม่ออก | AE6: ค้าง 29 บิล *ขาด สอดไส้ เปี๊ยะ ปังมินิ ปังแถว ของไม่ออก | AF6: ยกเลิก 4 บิล (37-4=33) ค้าง 33 บิล *ขาด สอดไส้ เปี๊ยะ ปังมินิ ปังแถวของไม่ออก | AG6: ค้าง 40 บิล *ขาด สอดไส้ เปี๊ยะ ปังมินิ ปังแถวของไม่ออก
A7: 4 | B7: 20 | C7: 7 | D7: 72 | E7: 29 | F7: 137 | G7: 33 | J7: 15 | K7: 40 | L7: 0 | N7: 4 | O7: 26 | P7: 101 | Q7: 165 | S7: 55 | T7: 0 | V7: 4 | W7: 0 | X7: 0 | Y7: 0 | AA7: 0 | AC7: 4 | AD7: ยกเลิก 1 บิล (1-1=0) | AF7: ยกเลิก 5 บิล (5-5=0)
A8: 5 | B8: 21 | C8: 0 | D8: 99 | E8: 0 | F8: 201 | G8: 0 | J8: 42 | K8: 0 | L8: 6 | N8: 5 | O8: 19 | P8: 89 | Q8: 196 | S8: 42 | T8: 3 | V8: 5 | W8: 1 | X8: 9 | Y8: 0 | AA8: 0 | AC8: 5 | AD8: ยกเลิก 1 บิล (1-1=0) ค้าง 1 บิล *ขาดเปี๊ยะถัว ไม่มียอดเบิก | AE8: ยกเลิก 1 บิล (10-1=9) ค้าง 9 บิล *ขาด สอดไส้ ปังพิสซ่า รวมรส8ชิ้น ไม่มียอดเบิก | AF8: ยกเลิก 5 บิล (5-5=0)
A9: 6 | B9: 18 | C9: 1 | D9: 26 | E9: 9 | F9: 165 | G9: 0 | J9: 23 | K9: 0 | L9: 7 | N9: 6 | O9: 19 | P9: 32 | Q9: 163 | S9: 18 | T9: 7 | V9: 6 | W9: 0 | X9: 3 | Y9: 1 | AA9: 5 | AC9: 6 | AE9: ค้าง 3 บิล*ขาด เบาหวิว ไม่มียอดเบิก | AF9: ยกเลิก 1 บิล (2-1=1) ค้าง 1 บิล* ขาดปังแถวไม่มียิดเบิก | AG9: ค้าง 5 บิล *ขาดปังพิสซ่า ไม่มียอดเบิก
A10: 7 | B10: 12 | C10: 0 | D10: 50 | E10: 3 | F10: 212 | G10: 1 | J10: 45 | K10: 5 | L10: 1 | N10: 7 | O10: 12 | P10: 52 | Q10: 208 | S10: 50 | T10: 1 | V10: 7 | W10: 0 | X10: 0 | Y10: 0 | AA10: 0 | AC10: 7 | AE10: ยกเลิก 1 บิล (1-1=0) | AF10: ยกเลิก 5 บิล (5-5=0)
A11: 8 | B11: 15 | C11: 0 | D11: 72 | E11: 0 | F11: 189 | G11: 0 | J11: 3 | K11: 0 | L11: 4 | N11: 8 | O11: 15 | P11: 72 | Q11: 188 | S11: 3 | T11: 4 | V11: 8 | W11: 0 | X11: 0 | Y11: 0 | AA11: 0 | AC11: 8 | AF11: ยกเลิก 1 บิล (1-1=0)
A12: 9 | B12: 22 | C12: 0 | D12: 47 | E12: 0 | F12: 185 | G12: 0 | J12: 18 | K12: 0 | L12: 1 | N12: 9 | O12: 22 | P12: 46 | Q12: 182 | S12: 18 | T12: 1 | V12: 9 | W12: 0 | X12: 0 | Y12: 0 | AA12: 0 | AC12: 9 | AE12: บกเลิก 1 บิล (1-1=0) | AF12: ยกเลิก 3 บิล (3-3=0)
A13: 10 | B13: 16 | C13: 0 | D13: 42 | E13: 0 | F13: 224 | G13: 0 | J13: 0 | K13: 0 | L13: 0 | N13: 10 | O13: 16 | P13: 42 | Q13: 208 | S13: 0 | T13: 0 | V13: 10 | W13: 0 | X13: 0 | Y13: 14 | AA13: 0 | AC13: 10 | AF13: ยกเลิก 2 บิล (16-2=14) ค้าง 14 บิล *ขาด มินบิน,แฮมเห็ด ขนมไม่ออก
A14: 11 | B14: 12 | C14: 0 | D14: 41 | E14: 0 | F14: 147 | G14: 14 | J14: 41 | K14: 0 | L14: 2 | N14: 11 | O14: 12 | P14: 41 | Q14: 158 | S14: 41 | T14: 2 | V14: 11 | W14: 0 | X14: 0 | Y14: 0 | AA14: 0 | AC14: 11 | AF14: ยกเลิก 3 บิล (3-3=0)
A15: 12 | B15: 16 | C15: 0 | D15: 64 | E15: 0 | F15: 118 | G15: 0 | J15: 26 | K15: 0 | L15: 9 | N15: 12 | O15: 16 | P15: 63 | Q15: 118 | S15: 26 | T15: 9 | V15: 12 | W15: 0 | X15: 0 | Y15: 0 | AA15: 0 | AC15: 12 | AE15: ยกเลิก 1 บิล (1-1=0)
A16: 13 | B16: 14 | C16: 0 | D16: 182 | E16: 0 | F16: 113 | G16: 0 | J16: 43 | K16: 0 | L16: 0 | N16: 13 | O16: 13 | P16: 181 | Q16: 110 | S16: 41 | T16: 0 | V16: 13 | W16: 0 | X16: 0 | Y16: 0 | AA16: 2 | AC16: 13 | AD16: ยกเลิก 1 บิล (1-1=0) | AE16: ยกเลิก 1 บิล (1-1=0) | AF16: ยกเลิก 3 บิล (3-3=0) | AG16: ค้าง 2 บิล บิลลงมาบ่าย ปณ เปิดแค่ครึ่งวันเช้า
A17: 14 | B17: 17 | C17: 0 | D17: 60 | E17: 0 | F17: 132 | G17: 0 | J17: 30 | K17: 2 | L17: 3 | N17: 14 | O17: 13 | P17: 48 | Q17: 110 | S17: 17 | T17: 3 | V17: 14 | W17: 4 | X17: 12 | Y17: 20 | AA17: 13 | AC17: 14 | AD17: ค้าง 4 บิล *ขาดเปี๊ยะ ของไม่ออก | AE17: ค้าง 12 บิล *ขาดเปี๊ยะ ของไม่ออก | AF17: ยกเลิก 2 บิล (22-2=20) ค้าง 20 บิล *ขาดเปี๊ยะ ปังพิสซ่า มินิบันน้ำสลัด ของไม่ออก | AG17: ค้าง 13 บิล *ขาดเปี๊ยะ มินิบันน้ำสลัด แฮมเห็ด ของไม่ออก
A18: 15 | B18: 26 | C18: 4 | D18: 66 | E18: 12 | F18: 150 | G18: 21 | J18: 37 | K18: 14 | L18: 3 | N18: 15 | O18: 30 | P18: 77 | Q18: 157 | S18: 43 | T18: 3 | V18: 15 | W18: 0 | X18: 1 | Y18: 10 | AA18: 8 | AC18: 15 | AE18: ค้าง 1 บิล *ขาด มินิบันพริกเผา ของไม่ออก | AF18: ยกเลิก 4 บิล (14-4=10) ค้าง 10 บิล *ขาด มินิบันพริกเผา ของไม่ออก | AG18: ค้าง 8 บิล *ขาด มินิบันพริกเผา ของไม่ออก
A19: 16 | B19: 19 | C19: 0 | D19: 66 | E19: 1 | F19: 144 | G19: 10 | J19: 11 | K19: 8 | L19: 2 | N19: 16 | O19: 19 | P19: 66 | Q19: 145 | S19: 19 | T19: 2 | V19: 16 | W19: 0 | X19: 0 | Y19: 5 | AA19: 0 | AC19: 16 | AE19: ยกเลิก 1 บิล (1-1=0) | AF19: ยกเลิก 4 บิล (9-4=5) ค้าง 5 บิล แฟรช1 เจแอนที4 *ขาด ปังแถว ไม่มียอดเบิก,ขาดมินิบันน้ำสลัด ไม่มีของ
A20: 17 | B20: 17 | C20: 0 | D20: 33 | E20: 0 | F20: 100 | G20: 5 | J20: 7 | K20: 0 | L20: 0 | N20: 17 | O20: 17 | P20: 26 | Q20: 103 | S20: 3 | T20: 0 | V20: 17 | W20: 0 | X20: 4 | Y20: 1 | AA20: 4 | AC20: 17 | AE20: ยกเลิก 3 บิล (7-3=4) ค้าง 4 บิล *ขาด ยอดฮิต ของไม่ออก | AF20: ยกเลิก 1 บิล (2-1=1) ค้าง 1 บิล *ขาดยอดฮิต ของไม่ออก | AG20: ค้าง 4 บิล *ขาด เปี๊ยะ ของไม่ออก
A21: 18 | B21: 15 | C21: 0 | D21: 56 | E21: 4 | F21: 531 | G21: 1 | J21: 21 | K21: 4 | L21: 0 | N21: 18 | O21: 3 | P21: 54 | Q21: 419 | S21: 25 | T21: 0 | V21: 18 | W21: 12 | X21: 6 | Y21: 106 | AA21: 0 | AC21: 18 | AD21: ค้าง 12 *ขาด เปี๊ยะ ไม่มีของ ยอดเบิกในวันไม่มี มีเมโม่ วันที่ 19/5/2569 | AE21: ค้าง 6 *ขาด เปี๊ยะ ไม่มีของ ยอดเบิกในวันไม่มี มีเมโม่ วันที่ 19/5/2569 | AF21: ยกเลิก 7 บิล (113-7=106) ค้าง 106 *ขาด เปี๊ยะ ไม่มีของ ยอดเบิกในวันไม่มี มีเมโม่ วันที่ 19/5/2569
A22: 19 | B22: 23 | C22: 12 | D22: 49 | E22: 6 | F22: 350 | G22: 106 | J22: 3 | K22: 0 | L22: 5 | N22: 19 | O22: 34 | P22: 49 | Q22: 379 | S22: 3 | T22: 5 | V22: 19 | W22: 0 | X22: 3 | Y22: 66 | AA22: 0 | AC22: 19 | AD22: ยกเลิก 1 บิล (1-1=0) | AE22: ยกเลิก 3 บิล (6-3=3) ค้าง 3 บิล *ขาดปังแถวไม่มีของ ขาดมินิบันไก่หยองน้ำสลัดไม่มียอดเบิก | AF22: ยกเลิก 11 บิล (77-11=66) บิลค้าง 66 บิล *ขาดปังแถวไม่มีของ ขาดมินิบันน้ำสลัด ไม่มียอดเบิก
A23: 20 | B23: 29 | C23: 0 | D23: 51 | E23: 3 | F23: 189 | G23: 66 | J23: 57 | K23: 0 | L23: 1 | N23: 20 | O23: 29 | P23: 53 | Q23: 247 | S23: 57 | T23: 1 | V23: 20 | W23: 0 | X23: 1 | Y23: 0 | AA23: 0 | AC23: 20 | AE23: บิลค้าง 1 *ขาด ปังพิสซ่า ไม่มียอดเบิก | AF23: ยกเลิก 8 บิล (8-8=0)
A24: 21 | B24: 27 | C24: 0 | D24: 31 | E24: 1 | F24: 109 | G24: 0 | J24: 16 | K24: 0 | L24: 11 | N24: 21 | O24: 26 | P24: 27 | Q24: 105 | S24: 14 | T24: 11 | V24: 21 | W24: 0 | X24: 5 | Y24: 4 | AA24: 2 | AC24: 21 | AD24: ยกเลิก 1 บิล (1-1=0) | AE24: ค้าง 5 บิล *ขาด ปังแถว,พิสซ่า,เบาหวิว,มินิบันน้ำสลัด ไม่มียอดเบิก | AF24: ค้าง 4 บิล *ขาด ปังแถว,พิสซ่า,เบาหวิว,มินิบันน้ำสลัด ไม่มียอดเบิก | AG24: ค้าง 2 บิล *ขาด มินิบันน้ำสลัด ไม่มียอดเบิก
A25: 22 | B25: 26 | C25: 0 | D25: 45 | E25: 5 | F25: 172 | G25: 4 | J25: 12 | K25: 2 | L25: 5 | N25: 22 | O25: 25 | P25: 46 | Q25: 175 | S25: 14 | T25: 5 | V25: 22 | W25: 1 | X25: 3 | Y25: 0 | AA25: 0 | AC25: 22 | AD25: ค้าง 1 บิล *ขาดเปี๊ยะถั่ว ไม่มียอดเบิก | AE25: ยกเลิก 1 บิล (4-1=3) บิลค้าง 3 บิล *ขาดขนมเปี๊ยะถั่ว ไม่มียอดเบิก | AF25: ยกเลิก 1 บิล (1-1=0)
A26: 23 | B26: 21 | C26: 1 | D26: 24 | E26: 3 | F26: 128 | G26: 0 | J26: 19 | K26: 0 | L26: 8 | N26: 23 | O26: 22 | P26: 27 | Q26: 127 | S26: 20 | T26: 8 | V26: 23 | W26: 0 | X26: 0 | Y26: 0 | AA26: 0 | AC26: 23 | AF26: ยกเลิก 1 บิล (1-1=0)
A27: 24 | B27: 20 | C27: 0 | D27: 35 | E27: 0 | F27: 191 | G27: 0 | J27: 13 | K27: 0 | L27: 0 | N27: 24 | O27: 20 | P27: 35 | Q27: 156 | S27: 9 | T27: 0 | V27: 24 | W27: 0 | X27: 0 | Y27: 33 | AA27: 4 | AC27: 24 | AF27: ยกเลิก 2 บิล (35-2=33) ค้าง 33 บิล *ขาด เบาหวิวคละรส ของออกไม่ครบ | AG27: ค้าง 4 บิล *ขาด เบาหวิวคละรส ของออกไม่ครบ
A28: 25 | B28: 21 | C28: 0 | D28: 49 | E28: 0 | F28: 216 | G28: 33 | J28: 22 | K28: 4 | L28: 0 | N28: 25 | O28: 21 | P28: 49 | Q28: 243 | S28: 26 | T28: 0 | V28: 25 | W28: 0 | X28: 0 | Y28: 0 | AA28: 0 | AC28: 25 | AF28: ยกเลิก 6 บิล (6-6=0)
A29: 26 | B29: 20 | C29: 0 | D29: 50 | E29: 0 | F29: 156 | G29: 0 | J29: 8 | K29: 0 | L29: 1 | N29: 26 | O29: 20 | P29: 50 | Q29: 152 | S29: 8 | T29: 1 | V29: 26 | W29: 0 | X29: 0 | Y29: 0 | AA29: 0 | AC29: 26 | AF29: ยกเลิก 4 บิล (4-4=0)
A30: 27 | B30: 21 | C30: 0 | D30: 52 | E30: 0 | F30: 225 | G30: 0 | J30: 27 | K30: 0 | L30: 1 | N30: 27 | O30: 21 | P30: 51 | Q30: 223 | S30: 27 | T30: 1 | V30: 27 | W30: 0 | X30: 0 | Y30: 0 | AA30: 0 | AC30: 27 | AE30: ยกเลิก 1 บิล (1-1=0) | AF30: ยกเลิก 2 บิล (2-2=0)
A31: 28 | B31: 24 | C31: 0 | D31: 31 | E31: 0 | F31: 147 | G31: 0 | J31: 7 | K31: 0 | L31: 1 | N31: 28 | O31: 23 | P31: 31 | Q31: 146 | S31: 7 | T31: 1 | V31: 28 | W31: 0 | X31: 0 | Y31: 1 | AA31: 0 | AC31: 28 | AD31: ยกเลิก 1 บิล (1-1=0) | AF31: ค้าง 1 บิล * ขาดเบาหวิวฝอยใหญ่ ไม่มียอดเบิก
A32: 29 | B32: 21 | C32: 0 | D32: 11 | E32: 0 | F32: 195 | G32: 1 | J32: 5 | K32: 0 | L32: 0 | N32: 29 | O32: 21 | P32: 11 | Q32: 188 | S32: 5 | T32: 0 | V32: 29 | W32: 0 | X32: 0 | Y32: 5 | AA32: 0 | AC32: 29 | AF32: ยกเลิก 3 บิล (8-3=5) ค้าง 5 บิล *ขาดปังพิสซ่า ไม่มียอดเบิก
A33: 30 | N33: 30 | V33: 30 | AC33: 30
A34: 31 | N34: 31 | V34: 31 | AC34: 31
A35: รวม | B35: =SUM(B4:B34) -> 554 | C35: =SUM(C4:C34) -> 26 | D35: =SUM(D4:D34) -> 1590 | E35: =SUM(E4:E34) -> 81 | F35: =SUM(F4:F34) -> 5359 | G35: =SUM(G4:G34) -> 305 | H35: =SUM(H4:H34) -> 0 | I35: =SUM(I4:I34) -> 0 | ... L35: =SUM(L4:L34) -> 78 | N35: รวม | O35: =SUM(O4:O34) -> 547 | P35: =SUM(P4:P34) -> 1580 | Q35: =SUM(Q4:Q34) -> 5264 | R35: =SUM(R4:R34) -> 0 | S35: =SUM(S4:S34) -> 618 | T35: =SUM(T4:T34) -> 75 | V35: รวม | W35: =SUM(W4:W34) -> 26 | X35: =SUM(X4:X34) -> 77 | Y35: =SUM(Y4:Y34) -> 309 | Z35: =SUM(Z4:Z34) -> 0 | AA35: =SUM(AA4:AA34) -> 78 | AC35: รวม | AD35: =SUM(AD4:AD34) -> 0 | AE35: =SUM(AE4:AE34) -> 0 | AF35: =SUM(AF4:AF34) -> 0 | AG35: =SUM(AG4:AG34) -> 0

Sheet สรุป
A1: สรุปรายการของตีกลับของช่องทางออนไลน์ เดือนพฤษภาคม 2569
A2: แพลตฟอร์ม | B2: สาเหตุการตีกลับ | L2: รวม | M2: ยอดเงิน
B3: ปฏิเสธ , ยกเลิก | D3: ติดต่อไม่ได้ , ไม่รับโทรศัพท์ | F3: ส่งของไปซ้ำ | H3: เกินเวลานัดส่งพัสดุ | J3: สลิปปลอม
B4: จำนวนออเดอร์ | C4: ยอดขาย | D4: จำนวนออเดอร์ | E4: ยอดขาย | F4: จำนวนออเดอร์ | G4: ยอดขาย | H4: จำนวนออเดอร์ | I4: ยอดขาย | J4: จำนวนออเดอร์ | K4: ยอดขาย
A5: Lazada | B5: 17 | C5: 3615.05 | D5: 0 | E5: 0 | F5: 0 | G5: 0 | H5: 0 | I5: 0 | J5: 0 | K5: 0 | L5: =+B5+D5+F5+H5+J5 -> 17 | M5: =+C5+E5+G5+I5+K5 -> 3615.05
A6: Shopee | B6: 5 | C6: 567 | D6: 0 | E6: 0 | F6: 0 | G6: 0 | H6: 0 | I6: 0 | J6: 0 | K6: 0 | L6: =+B6+D6+F6+H6+J6 -> 5 | M6: =+C6+E6+G6+I6+K6 -> 567
A7: TikTok | B7: 51 | C7: 7246.74 | D7: 0 | E7: 0 | F7: 0 | G7: 0 | H7: 0 | I7: 0 | J7: 0 | K7: 0 | L7: =+B7+D7+F7+H7+J7 -> 51 | M7: =+C7+E7+G7+I7+K7 -> 7246.74
A8: Facebook , Facebook Live , Line , Line OA (ไปรษณีย์) | B8: 23 | C8: 5206 | D8: 0 | E8: 0 | F8: 0 | G8: 0 | H8: 0 | I8: 0 | J8: 0 | K8: 0 | L8: =+B8+D8+F8+H8+J8 -> 23 | M8: =+C8+E8+G8+I8+K8 -> 5206
A9: ยอมรวมทั้งหมด | B9: =SUM(B5:B8) -> 96 | C9: =SUM(C5:C8) -> 16634.79 | D9: =SUM(D5:D8) -> 0 | E9: =SUM(E5:E8) -> 0 | F9: =SUM(F5:F8) -> 0 | G9: =SUM(G5:G8) -> 0 | H9: =SUM(H5:H8) -> 0 | I9: =SUM(I5:I8) -> 0 | ... M9: =SUM(M5:M8) -> 16634.79 | N9: บาท

Sheet สรุปรายการสินค้า
A1: สรุปรายการสินค้าที่ตีกลับมารวมทุกช่องทางขายออนไลน์ เดือนพฤษภาคม 69
A2: ลำดับ | B2: รายการ | C2: จำนวน | D2: หมายเหตุ
A3: 1 | B3: ชิฟฟอนแยกชิ้น (ไม่ไส้) | C3: =+รายการสินค้าตีกลับ!B35 -> 0
A4: 2 | B4: ชิฟฟอนแยกชิ้น (ไส้) | C4: =+รายการสินค้าตีกลับ!C35 -> 0
A5: 3 | B5: ชิฟฟอน 8 ชิ้น (ชมพู) | C5: =+รายการสินค้าตีกลับ!D35 -> 21
A6: 4 | B6: ชิฟฟอนยอดฮิต | C6: =+รายการสินค้าตีกลับ!E35 -> 0
A7: 5 | B7: ชิฟฟอนไส้แยม 6 ชิ้น | C7: =+รายการสินค้าตีกลับ!F35 -> 1
A8: 6 | B8: ชิฟฟอน 4 ชิ้น | C8: =+รายการสินค้าตีกลับ!G35 -> 0
A9: 7 | B9: ชิฟฟอนไส้แยม 3 ชิ้น | C9: =+รายการสินค้าตีกลับ!I35 -> 168
A10: 8 | B10: เบาหวิว ล | C10: =+รายการสินค้าตีกลับ!J35 -> 9
A11: 9 | B11: เปี๊ยะ 450 กรัม | C11: =+รายการสินค้าตีกลับ!L35 -> 0
A12: 10 | B12: เค้กหวิวถาด | C12: =+รายการสินค้าตีกลับ!M35 -> 0
A13: 11 | B13: เปี๊ยะ ล | C13: =+รายการสินค้าตีกลับ!N35 -> 0
A14: 12 | B14: เปี๊ยะโมจิ ล | C14: =+รายการสินค้าตีกลับ!O35 -> 0
A15: 13 | B15: เปี๊ยะ ญ | C15: =+รายการสินค้าตีกลับ!P35 -> 0
A16: 14 | B16: เปี๊ยะโมจิ ญ | C16: =+รายการสินค้าตีกลับ!Q35 -> 0
A17: 15 | B17: พายสัปรด กล่อง | C17: 0
A18: 16 | B18: พายสัปรด ชิ้น | C18: 0
A19: 17 | B19: คุกกี้เนย | C19: =+รายการสินค้าตีกลับ!R35 -> 0
A20: 18 | B20: คุกกี้เนย 4 ชิ้น/กล่อง | C20: =+รายการสินค้าตีกลับ!S35 -> 0
A21: 19 | B21: ปังกรอบคาราเมล | C21: 0
A22: 20 | B22: ปังเนยน้ำตาล | C22: 0
A23: 21 | B23: ปังเนยนิ่ม กล่อง 2 ชิ้น | C23: 0
A24: 22 | B24: ปังเนยนิ่ม กล่อง 3 ชิ้น | C24: 0
A25: 23 | B25: ปังเนยนิ่มถุง5ชิ้น | C25: 0
A26: 24 | B26: ปังสตรอบูล | C26: 0
A27: 25 | B27: ปังไก่หยอง | C27: 0
A28: 26 | B28: ปังทวิต | C28: 0
A29: 27 | B29: ปังแถว | C29: =+รายการสินค้าตีกลับ!Y35 -> 0
A30: 28 | B30: คอนเฟล็ก | C30: 0
A31: 29 | B31: เมอแรงค์ | C31: 0
A32: 30 | B32: ท๊อฟฟี่ถั่ว กล่อง | C32: 0
A33: 31 | B33: แซนวิส | C33: 0
A34: 32 | B34: ปังปลา กก. | C34: 0
A35: 33 | B35: เศษขนมปังปลา | C35: =+รายการสินค้าตีกลับ!AC35 -> 7
A36: 34 | B36: ครีมฮอร์น | C36: =+รายการสินค้าตีกลับ!AD35 -> 5
A37: 35
A38: 36
B39: ยอดรวม | C39: =SUM(C3:C38) -> 211 | D39: ชิ้น

Sheet จำนวนกล่องตีกลับ
A1: สรุปรายการสินค้าที่ตีกลับมานับเป็นจำนวน (กล่อง) เดือนพฤษภาคม 2569
A2: ของตีกลับ
A3: วันที่ | B3: จำนวนกล่อง
B4: lazada | C4: shopee | D4: tiktok | E4: ปณ
A5: 1 | B5: 1 | D5: 5
A6: 2
A7: 3
A8: 4
A9: 5 | B9: 5 | C9: 1 | D9: 5
A10: 6 | B10: 2 | E10: 6
A11: 7 | D11: 4
A12: 8 | D12: 1 | E12: 2
A13: 9 | D13: 1 | E13: 2
A14: 10 | B14: 1 | D14: 2
A15: 11 | B15: 1 | C15: 1 | D15: 4
A16: 12 | B16: 1 | C16: 1 | D16: 4
A17: 13 | D17: 2
A18: 14
A19: 15 | B19: 1 | E19: 2
A20: 16 | D20: 7 | E20: 3
A21: 17 | B21: 1
A22: 18 | B22: 2 | C22: 1
A23: 19
A24: 20 | E24: 1
A25: 21 | D25: 6
A26: 22 | D26: 5
A27: 23 | B27: 1 | D27: 1
A28: 24
A29: 25 | C29: 1
A30: 26 | D30: 11
A31: 27 | B31: 1
A32: 28 | E32: 2
A33: 29
A34: 30
A35: 31
A36: รวม | B36: =SUM(B5:B35) -> 17 | C36: =SUM(C5:C35) -> 5 | D36: =SUM(D5:D35) -> 58 | E36: =SUM(E5:E35) -> 18 | F36: กล่อง

Sheet Lazada
A1: รายการของตีกลับช่องทาง LAZADA เดือนพฤษภาคม 2569 | H1: รวม | I1: =SUBTOTAL(9,I4:I11989) -> 3615.05 | J1: บาท
A2: ลำดับ | B2: วันที่ตีกลับ | C2: เลขที่ออเดอร์ | D2: เลขที่พัสดุ | E2: ผู้ให้บริการจัดส่ง | F2: ร้านค้า | G2: ชื่อลูกค้า | I2: ยอดคำสั่งซื้อ | J2: สาเหตุการตีกลับ | K2: หมายเหตุ | N2: หัวข้อการสาเหตุตีของกลับ | O2: ชื่อร้าน | P2: ชื่อขนส่ง
G3: ชื่อ | H3: นามสกุล
A4: 1 | B4: 244354 | C4: 1098760724258142 | D4: LEXPU0679430320 | E4: LEX TH | F4: วรรณวนัช (0944831646)ร้าน 3 | G4: นัดดา | H4: ทรัพย์สุวรรณ | I4: 106.19 | J4: ปฏิเสธ , ยกเลิก | N4: ปฏิเสธ , ยกเลิก | O4: วรรณวนัช เบเกอรี่ (ร้านที่ 1 ร้านหลัก) | P4: LEX TH
A5: 2 | B5: 244474 | C5: 1099254508820565 | D5: LEXPU0679990323 | E5: LEX TH | F5: วรรณวนัช (0944831646)ร้าน 3 | G5: จินตนา | H5: โสดา | I5: 680.36 | J5: ปฏิเสธ , ยกเลิก | N5: ติดต่อไม่ได้ , ไม่รับโทรศัพท์ | O5: ของฝากวรรณวนัช (cakewanwanach.lzd) | P5: Flash Express Thailand
A6: 3 | B6: 244474 | C6: 1099254507020565 | D6: LEXPU0680396812 | E6: LEX TH | F6: วรรณวนัช (0944831646)ร้าน 3 | G6: จินตนา | H6: โสดา | I6: 488.44 | J6: ปฏิเสธ , ยกเลิก | N6: ส่งของไปซ้ำ | O6: วรรณวนัช ชิฟฟ่อน (chiffonlazada) | P6: Kerry_dropoff
A7: 4 | B7: 244474 | C7: 1091742498852227 | D7: TH70028NBPY66J | E7: Flash Express Thailand | F7: วรรณวนัช เบเกอรี่ (ร้านที่ 1 ร้านหลัก) | G7: กิตติพศ | H7: เพชรฉิม | I7: 187 | J7: ปฏิเสธ , ยกเลิก | N7: ลูกค้าแจ้งว่าไม่ได้สั่ง | O7: วรรณวนัช (0944831646)ร้าน 3
A8: 5 | B8: 244474 | C8: 1090473020605128 | D8: LEXPU0679126485 | E8: LEX TH | F8: วรรณวนัช (0944831646)ร้าน 3 | G8: น.ส.ดวงนภา | H8: พงษ์วิชัยนาง | I8: 97.2 | J8: ปฏิเสธ , ยกเลิก | O8: ชิฟฟ่อน กำแพงแสน (chiffonk.kps) ร้าน 6
A9: 6 | B9: 244474 | C9: 1090727696968277 | D9: LEXPU0679680302 | E9: LEX TH | F9: วรรณวนัช (0944831646)ร้าน 3 | G9: ระพีพรรณ | H9: หรั่งชะเอม | I9: 78 | J9: ปฏิเสธ , ยกเลิก | O9: วรรณวนัช ของอร่อย (cakewanwanach.kps) ร้าน 8
A10: 7 | B10: 244505 | C10: 1100246569567726 | D10: TH68148NGTQE3B | E10: Flash Express Thailand | F10: วรรณวนัช (0944831646)ร้าน 3 | G10: ป้ายเขียว | I10: 259.65 | J10: ปฏิเสธ , ยกเลิก | O10: ของฝาก นครปฐม (khongfhak.kps)
A11: 8 | B11: 244505 | C11: 1100246569367726 | D11: TH68148NFSHQ4B | E11: Flash Express Thailand | F11: วรรณวนัช เบเกอรี่ (ร้านที่ 1 ร้านหลัก) | G11: ป้ายเขียว | I11: 138.31 | J11: ปฏิเสธ , ยกเลิก | O11: วรรณวนัช ไทยแลนด์ (chiffon.kps)
A12: 9 | B12: 244627 | C12: 1101766981009520 | D12: LEXPU0683632922 | E12: LEX TH | F12: วรรณวนัช เบเกอรี่ (ร้านที่ 1 ร้านหลัก) | G12: นางอรรยา | H12: ขอนดอก | I12: 98.1 | J12: ปฏิเสธ , ยกเลิก | O12: ของอร่อยกำแพงแสน (kahnomcake.lzd)ร้าน 9
A13: 10 | B13: 244658 | C13: 1100925747604397 | D13: TH54028NZ7M39B | E13: Flash Express Thailand | F13: วรรณวนัช (0944831646)ร้าน 3 | G13: มุก | H13: มณีจันทร์ | I13: 242 | J13: ปฏิเสธ , ยกเลิก | O13: ชิฟฟ่อน เบเกอรี่ (wanwanachcake)ร้าน 10
A14: 11 | B14: 244688 | C14: 1092632048680401 | D14: LEXPU0682427891 | E14: LEX TH | F14: วรรณวนัช (0944831646)ร้าน 3 | G14: สุรศักดิ์ | H14: น้ำในเมือง | I14: 244 | J14: ปฏิเสธ , ยกเลิก
A15: 12 | B15: 15/5/2569 | C15: 1100122196505486 | D15: LEXPU0681479758 | E15: LEX TH | F15: วรรณวนัช (0944831646)ร้าน 3 | G15: กันยกร | H15: สุวรรณี | I15: 244 | J15: ปฏิเสธ , ยกเลิก
A16: 13 | B16: 17/5/2569 | C16: 1101846372500912 | D16: LEXPU0683628449 | E16: LEX TH | F16: วรรณวนัช เบเกอรี่ (ร้านที่ 1 ร้านหลัก) | G16: ปิยะ | H16: ชัยมณี | I16: 117 | J16: ปฏิเสธ , ยกเลิก
A17: 14 | B17: 18/5/2569 | C17: 1103049796220325 | D17: KEXLM1000401997 | E17: Kerry_dropoff | F17: วรรณวนัช (0944831646)ร้าน 3 | G17: ศุภรักษ์ | I17: 61 | J17: ปฏิเสธ , ยกเลิก
A18: 15 | B18: 18/5/2569 | C18: 1094168244548858 | D18: TH63118PW1NW4C | E18: Flash Express Thailand | F18: วรรณวนัช เบเกอรี่ (ร้านที่ 1 ร้านหลัก) | G18: จักกะดึ๋ย | I18: 444.76 | J18: ปฏิเสธ , ยกเลิก
A19: 16 | B19: 23/5/2569 | C19: 1096146269896027 | D19: LEXPU0686818397 | E19: LEX TH | F19: วรรณวนัช (0944831646)ร้าน 3 | G19: รำไพ | H19: ไกรทอง | I19: 71.94 | J19: ปฏิเสธ , ยกเลิก
A20: 17 | B20: 27/5/2569 | C20: 1096212694812542 | D20: LEXPU0687066322 | E20: LEX TH | F20: วรรณวนัช (0944831646)ร้าน 3 | G20: วราภรณ์ | H20: ชะเวียตะคุ | I20: 57.1 | J20: ปฏิเสธ , ยกเลิก

Sheet Shopee
A1: รายการของตีกลับช่องทาง SHOPEE เดือนพฤษภาคม 2569 | H1: รวม | I1: =SUBTOTAL(9,I4:I12000) -> 567 | J1: บาท
A2: ลำดับ | B2: วันที่ตีกลับ | C2: เลขที่ออเดอร์ | D2: เลขที่พัสดุ | E2: ผู้ให้บริการจัดส่ง | F2: ร้านค้า | G2: ชื่อลูกค้า | I2: ยอดคำสั่งซื้อ | J2: สาเหตุการตีกลับ | K2: หมายเหตุ | M2: หัวข้อการสาเหตุตีของกลับ | N2: ชื่อร้าน | O2: ชื่อขนส่ง
G3: ชื่อ | H3: นามสกุล
A4: 1 | B4: 244474 | C4: 260424M8BS60MV | D4: TH266074592091G | E4: Flash Express Thailand | F4: ร้านที่ 1 | I4: 89 | J4: ปฏิเสธ , ยกเลิก | M4: ปฏิเสธ , ยกเลิก | N4: ร้านที่ 1 | O4: LEX TH
A5: 2 | B5: 244658 | C5: 260504GNDSEBCA | D5: TH265698926084O | E5: Flash Express Thailand | F5: ร้านที่ 1 | I5: 139 | J5: ปฏิเสธ , ยกเลิก | M5: ติดต่อไม่ได้ , ไม่รับโทรศัพท์ | N5: ร้านที่ 2 | O5: Flash Express Thailand
A6: 3 | B6: 244688 | C6: 26042945MKGB1R | D6: TH262024613521P | E6: Flash Express Thailand | F6: ร้านที่ 1 | I6: 74 | J6: ปฏิเสธ , ยกเลิก | M6: ส่งของไปซ้ำ | O6: Kerry_dropoff
A7: 4 | B7: 18/5/2569 | C7: 2605128D43AB9R | D7: TH260440799656G | E7: Flash Express Thailand | F7: ร้านที่ 1 | I7: 100 | J7: ปฏิเสธ , ยกเลิก | M7: ลูกค้าแจ้งว่าไม่ได้สั่ง | O7: J&T
A8: 5 | B8: 25/5/2569 | C8: 2605210182V9AK | D8: TH264155290556S | E8: Flash Express Thailand | F8: ร้านที่ 1 | I8: 165 | J8: ปฏิเสธ , ยกเลิก | M8: Express Delivery | O8: SPX Express
A9: 6
A10: 7
A12: ** NOTE | B12: ชื่อลูกค้า ไม่มีในข้อมูล Shopee

Sheet TikTok
A1: รายการของตีกลับช่องทาง TikTok เดือนพฤษภาคม 2569 | H1: รวม | I1: =SUBTOTAL(9,I4:I12000) -> 7246.74 | J1: บาท
A2: ลำดับ | B2: วันที่ตีกลับ | C2: เลขที่ออเดอร์ | D2: เลขที่พัสดุ | E2: ผู้ให้บริการจัดส่ง | F2: ร้านค้า | G2: ชื่อลูกค้า | I2: ยอดคำสั่งซื้อ | J2: สาเหตุการตีกลับ | K2: หมายเหตุ | M2: หัวข้อการสาเหตุตีของกลับ | N2: ชื่อร้าน | O2: ชื่อขนส่ง
G3: ชื่อ | H3: นามสกุล
A4: 1 | B4: 244354 | C4: 583532444598764750 | D4: 795064559671 | E4: J&T Express | F4: วรรณวนัชเบเกอรี่ (พี่กุ๊ก) | I4: 180 | J4: ปฏิเสธ | M4: ปฏิเสธ , ยกเลิก | N4: วรรณวนัชเบเกอรี่ (พี่กุ๊ก) | O4: LEX TH
A5: 2 | B5: 244354 | C5: 583678035718670294 | D5: 795615688512 | E5: J&T Express | F5: วรรณวนัชเบเกอรี่ (พี่กุ๊ก) | I5: 100 | J5: ปฏิเสธ | M5: ติดต่อไม่ได้ , ไม่รับโทรศัพท์ | N5: วรรณวนัช เบเกอรี่ (แอม) | O5: Flash Express Thailand
A6: 3 | B6: 244354 | C6: 583655649819657776 | D6: 795541162522 | E6: J&T Express | F6: วรรณวนัชเบเกอรี่ (พี่กุ๊ก) | I6: 280 | J6: ปฏิเสธ | M6: ส่งของไปซ้ำ | N6: วรรณวนัช โรงงานจำหน่ายโดยตรง (นุ่น) | O6: Kerry_dropoff
A7: 4 | B7: 244354 | C7: 583616903525861059 | D7: 795440861250 | E7: J&T Express | F7: วรรณวนัชเบเกอรี่ (พี่กุ๊ก) | I7: 123 | J7: ปฏิเสธ | M7: ลูกค้าแจ้งว่าไม่ได้สั่ง | N7: ของฝากวรรณวนัช By:แอดอั้ม (อั้ม) | O7: J&T Express
A8: 5 | B8: 244354 | C8: 583734816914638287 | D8: 795896407655 | E8: J&T Express | F8: วรรณวนัชเบเกอรี่ (พี่กุ๊ก) | I8: 109 | J8: ปฏิเสธ | M8: เกินเวลานัดรับพัสดุ | N8: ชิฟฟ่อนเค้กวรรณวนัช (พี่เอฟ)
A9: 6 | B9: 244474 | C9: 583623564903548616 | D9: 795449452265 | E9: J&T Express | F9: วรรณวนัชเบเกอรี่ (พี่กุ๊ก) | I9: 220 | J9: ปฏิเสธ | M9: เบอร์ผิด
A10: 7 | B10: 244474 | C10: 583655854258095314 | D10: 795588531570 | E10: J&T Express | F10: วรรณวนัชเบเกอรี่ (พี่กุ๊ก) | I10: 100 | J10: ปฏิเสธ
A11: 8 | B11: 244474 | C11: 583735121307469006 | D11: 795814004624 | E11: J&T Express | F11: ของฝากวรรณวนัช By:แอดอั้ม (อั้ม) | I11: 206 | J11: ปฏิเสธ
A12: 9 | B12: 244474 | C12: 583696428259116700 | D12: 795737202153 | E12: J&T Express | F12: ของฝากวรรณวนัช By:แอดอั้ม (อั้ม) | I12: 130 | J12: ปฏิเสธ
A13: 10 | B13: 244474 | C13: 583662748480603346 | D13: 795568455076 | E13: J&T Express | F13: วรรณวนัชเบเกอรี่ (พี่กุ๊ก) | I13: 400 | J13: ปฏิเสธ
A14: 11 | B14: 244535 | C14: 583772296715011978 | D14: 795905293971 | E14: J&T Express | F14: วรรณวนัชเบเกอรี่ (พี่กุ๊ก) | I14: 100 | J14: ปฏิเสธ
A15: 12 | B15: 244535 | C15: 583758116009379676 | D15: 795920161805 | E15: J&T Express | F15: วรรณวนัชเบเกอรี่ (พี่กุ๊ก) | I15: 100 | J15: ปฏิเสธ
A16: 13 | B16: 244535 | C16: 583767671248028979 | D16: 795993667700 | E16: J&T Express | F16: วรรณวนัชเบเกอรี่ (พี่กุ๊ก) | I16: 50 | J16: ปฏิเสธ
A17: 14 | B17: 244535 | C17: 583792542553048106 | D17: 796049871562 | E17: J&T Express | F17: วรรณวนัชเบเกอรี่ (พี่กุ๊ก) | I17: 184 | J17: ปฏิเสธ
A18: 15 | B18: 244566 | C18: 583772763045004698 | D18: 795973771913 | E18: J&T Express | F18: วรรณวนัชเบเกอรี่ (พี่กุ๊ก) | I18: 180 | J18: ปฏิเสธ
A19: 16 | B19: 244597 | C19: 583764270180763394 | D19: 795975458880 | E19: J&T Express | F19: วรรณวนัชเบเกอรี่ (พี่กุ๊ก) | I19: 170 | J19: ปฏิเสธ
A20: 17 | B20: 244627 | C20: 583683253682406568 | D20: 795623358552 | E20: J&T Express | F20: วรรณวนัชเบเกอรี่ (พี่กุ๊ก) | I20: 100 | J20: ปฏิเสธ
A21: 18 | B21: 244627 | C21: 583783497248310440 | D21: 796089160366 | E21: J&T Express | F21: วรรณวนัชเบเกอรี่ (พี่กุ๊ก) | I21: 139 | J21: ปฏิเสธ
A22: 19 | B22: 13/5/2569 | C22: 583849570585970241 | D22: 796267182572 | E22: J&T Express | F22: วรรณวนัชเบเกอรี่ (พี่กุ๊ก) | I22: 200 | J22: ปฏิเสธ
A23: 20 | B23: 13/5/2569 | C23: 583867691588814677 | D23: 796347675362 | E23: J&T Express | F23: วรรณวนัชเบเกอรี่ (พี่กุ๊ก) | I23: 170 | J23: ปฏิเสธ
A24: 21 | B24: 16/5/2569 | C24: 583936212119488369 | D24: 796550858084 | E24: J&T Express | F24: วรรณวนัชเบเกอรี่ (พี่กุ๊ก) | I24: 350 | J24: ปฏิเสธ
A25: 22 | B25: 16/5/2569 | C25: 583912749366871661 | D25: 796586956292 | E25: J&T Express | F25: วรรณวนัชเบเกอรี่ (พี่กุ๊ก) | I25: 120 | J25: ปฏิเสธ
A26: 23 | B26: 16/5/2569 | C26: 583950218180527849 | D26: 796688685435 | E26: J&T Express | F26: วรรณวนัชเบเกอรี่ (พี่กุ๊ก) | I26: 120 | J26: ปฏิเสธ
A27: 24 | B27: 16/5/2569 | C27: 583931751765411296 | D27: 796508673951 | E27: J&T Express | F27: วรรณวนัชเบเกอรี่ (พี่กุ๊ก) | I27: 120 | J27: ปฏิเสธ
A28: 25 | B28: 16/5/2569 | C28: 583895968289228190 | D28: 796492406861 | E28: J&T Express | F28: วรรณวนัชเบเกอรี่ (พี่กุ๊ก) | I28: 100 | J28: ปฏิเสธ
A29: 26 | B29: 16/5/2569 | C29: 583936307757287322 | D29: 796589729051 | E29: J&T Express | F29: ของฝากวรรณวนัช By:แอดอั้ม (อั้ม) | I29: 436 | J29: ปฏิเสธ
A30: 27 | B30: 16/5/2569 | C30: 583908854598895038 | D30: 796524279305 | E30: J&T Express | F30: วรรณวนัชเบเกอรี่ (พี่กุ๊ก) | I30: 60 | J30: ปฏิเสธ
A31: 28 | B31: 21/5/2569 | C31: 583957244543206914 | D31: 796702414115 | E31: J&T Express | F31: วรรณวนัชเบเกอรี่ (พี่กุ๊ก) | I31: 120 | J31: ปฏิเสธ
A32: 29 | B32: 21/5/2569 | C32: 583887967773820533 | D32: 796416694743 | E32: J&T Express | F32: วรรณวนัชเบเกอรี่ (พี่กุ๊ก) | I32: 100 | J32: ปฏิเสธ
A33: 30 | B33: 21/5/2569 | C33: 584002749002254282 | D33: 796882037641 | E33: J&T Express | F33: วรรณวนัชเบเกอรี่ (พี่กุ๊ก) | I33: 109 | J33: ปฏิเสธ
... A54: 51 | B54: 29/5/2569 | C54: 584142204597536581 | D54: 797375361635 | E54: J&T Express | F54: วรรณวนัชเบเกอรี่ (พี่กุ๊ก) | I54: 102.99 | J54: ปฏิเสธ

Sheet ไปรษณีย์
A1: รายการของตีกลับช่องทาง Facebook , Facebook Live , Line , Line OA (ไปรษณีย์) เดือนพฤษภาคม 2569 | H1: รวม | I1: =SUBTOTAL(9,I4:I11953) -> 5206 | J1: บาท
A2: ลำดับ | B2: วันที่ตีกลับ | C2: เลขที่ออเดอร์ | D2: เลขที่พัสดุ | E2: ผู้ให้บริการจัดส่ง | F2: ร้านค้า | G2: ชื่อลูกค้า | I2: ยอดคำสั่งซื้อ | J2: สาเหตุการตีกลับ | K2: หมายเหตุ | M2: หัวข้อการสาเหตุตีของกลับ | N2: ร้านค้า | O2: ชื่อขนส่ง
G3: ชื่อ | H3: นามสกุล
A4: 1 | B4: 244505 | C4: HBM1 | D4: WA123974158TH | E4: ไปรษณีย์ไทย | F4: Facebook | G4: สากล | H4: จันทวิชัย | I4: 270 | J4: ปฏิเสธ , ยกเลิก | M4: ปฏิเสธ , ยกเลิก | N4: Facebook | O4: LEX TH
A5: 2 | B5: 244505 | C5: HBX94 | D5: WA124961005TH | E5: ไปรษณีย์ไทย | F5: Facebook | G5: ชื่อเกษรา | H5: บุญรักษ์ | I5: 200 | J5: ปฏิเสธ , ยกเลิก | M5: ติดต่อไม่ได้ , ไม่รับโทรศัพท์ | N5: Facebook Live | O5: Flash Express Thailand
A6: 3 | B6: 244505 | C6: HAY4 | D6: WA122754513TH | E6: ไปรษณีย์ไทย | F6: Facebook | G6: คุณกานต์รวี | H6: แก่นทอง | I6: 215 | J6: ปฏิเสธ , ยกเลิก | M6: ส่งของไปซ้ำ | N6: Line | O6: Kerry_dropoff
A7: 4 | B7: 244505 | C7: HBI80 | D7: WA123801360TH | E7: ไปรษณีย์ไทย | F7: Facebook | G7: อรนุช | H7: สีมาน | I7: 220 | J7: ปฏิเสธ , ยกเลิก | M7: ลูกค้าแจ้งว่าไม่ได้สั่ง | N7: Line OA | O7: J&T Express
A8: 5 | B8: 244505 | C8: HAR20 | D8: WA121900395TH | E8: ไปรษณีย์ไทย | F8: Facebook | G8: Banjong | H8: Santchat | I8: 400 | J8: ปฏิเสธ , ยกเลิก | M8: ลูกค้าตีกลับ เนื่องจาก มดขึ้นขนม ขนมมีรสฟาดเฟื่อน | N8: Phone | O8: ไปรษณีย์ไทย
A9: 6 | B9: 244505 | C9: HBF53 | D9: WA123530914TH | E9: ไปรษณีย์ไทย | F9: Facebook | G9: คุณสากล | H9: สังข์มงคล | I9: 380 | J9: ปฏิเสธ , ยกเลิก | M9: สลิปปลอม
A10: 7 | B10: 244566 | C10: HBV18 | D10: WA124721257TH | E10: ไปรษณีย์ไทย | F10: Facebook | G10: แสงดาว | H10: เจริญพันธ์ | I10: 220 | J10: ปฏิเสธ , ยกเลิก | M10: เกินเวลานัดรับ
A11: 8 | B11: 244566 | C11: HBU65 | D11: WA124721345TH | E11: ไปรษณีย์ไทย | F11: Facebook | G11: ศิรินทิพย์ | H11: ปลีสุวรรณ | I11: 215 | J11: ปฏิเสธ , ยกเลิก
A12: 9 | B12: 9/5/2569 | C12: HBO82 | D12: WA124213833TH | E12: ไปรษณีย์ไทย | F12: Facebook | G12: วราพร | H12: นวนนุ่น | I12: 220 | J12: ปฏิเสธ , ยกเลิก
A13: 10 | B13: 9/5/2570 | C13: HBR32 | D13: WA124478455TH | E13: ไปรษณีย์ไทย | F13: Facebook | G13: คุณสกล | H13: สุงข์มงคล | I13: 270 | J13: ปฏิเสธ , ยกเลิก
A14: 11 | B14: 11/5/2569 | C14: HCJ82 | D14: WA125929103TH | E14: ไปรษณีย์ไทย | F14: Facebook | G14: ชื่อดาว | I14: 100 | J14: ปฏิเสธ , ยกเลิก
A15: 12 | B15: 11/5/2569 | C15: HCH50 | D15: WA125630380TH | E15: ไปรษณีย์ไทย | F15: Facebook | G15: ส่งร้านครัวเม็ดทราย | I15: 270 | J15: ปฏิเสธ , ยกเลิก
A16: 13 | B16: 11/5/2569 | C16: HBP4 | D16: WA124213691TH | E16: ไปรษณีย์ไทย | F16: Facebook | G16: ขวัญ | I16: 220 | J16: ปฏิเสธ , ยกเลิก
A17: 14 | B17: 11/5/2569 | C17: HCJ57 | D17: WA125929240TH | E17: ไปรษณีย์ไทย | F17: Facebook | G17: ศิริกานต์ | H17: พรมจันทึก | I17: 100 | J17: ปฏิเสธ , ยกเลิก
A18: 15 | B18: 15/5/2569 | C18: HDG31 | D18: WA137427951TH | E18: ไปรษณีย์ไทย | F18: Facebook | G18: สมใจ | H18: ตั้ง | I18: 199 | J18: ปฏิเสธ , ยกเลิก
A19: 16 | B19: 15/5/2569 | C19: HCR34 | D19: WA126523679TH | E19: ไปรษณีย์ไทย | F19: Facebook | G19: ฐรินดา | H19: แถวไทสงฆ์ | I19: 100 | J19: ปฏิเสธ , ยกเลิก
A20: 17 | B20: 16/5/2569 | C20: HDJ90 | D20: WA137724773TH | E20: ไปรษณีย์ไทย | F20: Facebook | G20: Be Happy Nee | I20: 179 | J20: ปฏิเสธ , ยกเลิก
A21: 18 | B21: 16/5/2569 | C21: HDD72 | D21: WA137123592TH | E21: ไปรษณีย์ไทย | F21: Facebook | G21: ฤทธิเดช | H21: พวงแก้ว | I21: 215 | J21: ปฏิเสธ , ยกเลิก
A22: 19 | B22: 16/5/2569 | C22: HDD71 | D22: WA137123601TH | E22: ไปรษณีย์ไทย | F22: Facebook | G22: รุ่งเรื่อง | H22: แก้วดวงดี | I22: 179 | J22: ปฏิเสธ , ยกเลิก
A23: 20 | B23: 20/5/2569 | C23: HDP76 | D23: WA138275360TH | E23: ไปรษณีย์ไทย | F23: Facebook | G23: ผู้น้ำ | I23: 215 | J23: ปฏิเสธ , ยกเลิก
A24: 21 | B24: 23/5/2569 | C24: HEK5 | D24: WA139465175TH | E24: ไปรษณีย์ไทย | F24: Facebook | G24: นพวรรณ | H24: ชีวะเกรียงไกร | I24: 420 | J24: ปฏิเสธ , ยกเลิก
A25: 22 | B25: 28/5/2569 | C25: HET99 | D25: WA140666333TH | E25: ไปรษณีย์ไทย | F25: Facebook | G25: สมชาย | H25: อยู่ใจ | I25: 199 | J25: ปฏิเสธ , ยกเลิก
A26: 23 | B26: 28/5/2569 | C26: HEJ61 | D26: WA139465396TH | E26: ไปรษณีย์ไทย | F26: Facebook | G26: Kusuma | H26: Koloy | I26: 200 | J26: ปฏิเสธ , ยกเลิก

Sheet รายการสินค้าตีกลับ
A1: รายการสินค้าที่ตีกลับมารวมทุกช่องทางขายออนไลน์ เดือนพฤษภาคม 2569
A2: วันที่ | B2: สินค้าที่ตีกลับ | AE2: ยอดรวม/วัน (ทุกรายการ)
B3: ชิฟฟอนแยกชิ้น (ไม่ไส้) | C3: ชิฟฟอนแยกชิ้น (ไส้) | D3: ชิฟฟอน 8 ชิ้น (ชมพู) | E3: ชิฟฟอนยอดฮิต | F3: ชิฟฟอนไส้แยม 6 ชิ้น | G3: ชิฟฟอน 4 ชิ้น | H3: ชิฟฟอนไส้ 3 ชิ้น | I3: เบาหวิว ล | J3: เบาหวิว ญ | K3: เปี๊ยะ 450 กรัม | L3: เค้กหวิวถาด | M3: เปี๊ยะ ล | N3: เปี๊ยะโมจิ ล | O3: เปี๊ยะ ญ | P3: เปี๊ยะโมจิ ญ | Q3: คุกกี้เนย | R3: คุกกี้เนย 4 ชิ้น/กล่อง | S3: ปังเนยน้ำตาล | T3: ปังพิซซ่า | U3: ปังสตรอบูล | V3: ปังไก่หยอง | W3: ปังทวิต | X3: ปังแถว | Y3: คอนเฟล็ก | Z3: คุกกี้ฮ่องกง(ชิ้น) | AA3: แซนวิส | AB3: เศษขนมปังปลา | AC3: ครีมฮอร์น | AD3: ครีมฮอร์น
A4: 244470
A5: 244471
A6: 244472
A7: 244473
A8: 244474 | D8: 4 | I8: 14 | K8: 12 | T8: 3 | X8: 7
A9: 244475 | D9: 5 | I9: 20 | K9: 5 | T9: 6
A10: 244476 | F10: 1 | H10: 3 | J10: 9
A11: 244477 | I11: 12 | K11: 1
A12: 244478 | D12: 3 | I12: 12
A13: 244479 | K13: 2 | T13: 3
A14: 244480 | D14: 3 | I14: 6 | K14: 3 | T14: 3
A15: 244481 | I15: 21 | K15: 2 | X15: 4 | AD15: 5
A16: 244482 | I16: 12
A17: 244483
A18: 244484 | K18: 2 | T18: 3 | AB18: 2
A19: 244485 | D19: 6 | H19: 3 | I19: 20 | K19: 2 | AB19: 2 | AC19: 2
A20: 244486 | K20: 1
A21: 244487 | K21: 5 | T21: 3
A22: 244488
A23: 244489 | K23: 2
A24: 244490 | H24: 6 | I24: 6 | K24: 1 | T24: 3
A25: 244491 | I25: 9 | K25: 1 | X25: 2 | AC25: 1
A26: 244492 | I26: 9 | AC26: 1
A27: 244493 | AB27: 1
A28: 244494 | X28: 4
A29: 244495 | I29: 24 | K29: 4 | X29: 4
A30: 244496 | K30: 1
A31: 244497 | I31: 3 | AB31: 1 | AC31: 2
A32: 244498 | H32: 3 | AC32: 1
A33: 244499
A34: 244500 | AE34: =SUM(B34:AD34) -> 0
A35: รวม | B35: =SUM(B4:B34) -> 0 | C35: =SUM(C4:C34) -> 0 | D35: =SUM(D4:D34) -> 21 | E35: =SUM(E4:E34) -> 0 | F35: =SUM(F4:F34) -> 1 | G35: =SUM(G4:G34) -> 0 | H35: =SUM(H4:H34) -> 15 | I35: =SUM(I4:I34) -> 168 | ... AE35: =SUM(AE4:AE34) -> 0
