Workbook

Sheet สรุป
A1: ข้อมูลการเก็บเงินปลายทาง (COD) ปี 2568
A2: ลำดับ | B2: Total Order / จำนวนออเดอร์ | C2: COD Amount / ยอดรวม COD | D2: Deduct | E2: Total Amount / ยอดรวม COD | G2: ยอดลดหนี้ COD
A3: 1 | B3: =+'Summary ม.ค.'!G37 -> 474 | C3: =+'Summary ม.ค.'!H37 -> 233401 | D3: =+'Summary ม.ค.'!I37 -> 0 | E3: =+'Summary ม.ค.'!J37 -> 233401 | G3: =+[1]สรุป!$B$3 -> 0
A4: 2 | B4: =+'Summary ก.พ.'!G31 -> 264 | C4: =+'Summary ก.พ.'!H31 -> 61187 | D4: =+'Summary ก.พ.'!I31 -> 0 | E4: =+'Summary ก.พ.'!J31 -> 61187 | G4: 2853
A5: 3 | B5: =+'Summary มี.ค.'!G36 -> 374 | C5: =+'Summary มี.ค.'!H36 -> 101510 | D5: =+'Summary มี.ค.'!I36 -> 0 | E5: =+'Summary มี.ค.'!J36 -> 101510 | G5: =+[1]สรุป!$B$5 -> 0
A6: 4 | B6: =+'Summary เม.ย.'!G36 -> 428 | C6: =+'Summary เม.ย.'!H36 -> 115672 | D6: =+'Summary เม.ย.'!I36 -> 0 | E6: =+'Summary เม.ย.'!J36 -> 115672 | G6: =+[1]สรุป!$B$6 -> 0
A7: 5 | B7: =+'Summary พ.ค.'!G34 -> 200 | C7: =+'Summary พ.ค.'!H34 -> 54991 | D7: =+'Summary พ.ค.'!I34 -> 0 | E7: =+'Summary พ.ค.'!J34 -> 54991 | G7: 2264
A8: 6 | B8: =+'Summary มิ.ย.'!G33 -> 359 | C8: =+'Summary มิ.ย.'!H33 -> 90000 | D8: =+'Summary มิ.ย.'!I33 -> 0 | E8: =+'Summary มิ.ย.'!J33 -> 90000 | G8: =+'[2]มิ.ย.'!$G$2 -> 0
A9: 7 | B9: =+'Summary ก.ค.'!G34 -> 344 | C9: =+'Summary ก.ค.'!H34 -> 86672 | D9: =+'Summary มิ.ย.'!I33 -> 0 | E9: =+'Summary ก.ค.'!J34 -> 86672 | G9: 0
A10: 8 | B10: =+'Summary ส.ค.'!G39 -> 480 | C10: =+'Summary ส.ค.'!H39 -> 123860 | D10: =+'Summary ส.ค.'!I39 -> 0 | E10: =+'Summary ส.ค.'!J39 -> 123860 | G10: 0
A11: 9 | B11: =+'Summary ก.ย.'!G35 -> 323 | C11: =+'Summary ก.ย.'!H35 -> 99658 | D11: =+'Summary ก.ย.'!I35 -> 0 | E11: =+'Summary ก.ย.'!J35 -> 99658 | G11: 0
A12: 10 | B12: =+'Summary ต.ค.'!G35 -> 283 | C12: =+'Summary ต.ค.'!H35 -> 76274 | D12: =+'Summary ต.ค.'!I35 -> 0 | E12: =+'Summary ต.ค.'!J35 -> 76274
A13: 11 | B13: =+'Summary พ.ย.'!G35 -> 192 | C13: =+'Summary พ.ย.'!H35 -> 49540 | D13: =+'Summary พ.ย.'!I35 -> 0 | E13: =+'Summary พ.ย.'!J35 -> 49540
A14: 12 | B14: =+'Summary ธ.ค.'!G35 -> 115 | C14: =+'Summary ธ.ค.'!H35 -> 37714 | D14: =+'Summary ธ.ค.'!I35 -> 0 | E14: =+'Summary ธ.ค.'!J35 -> 37714
A15: 13 | B15: =SUM(B3:B14) -> 3836 | C15: =SUM(C3:C14) -> 1130479 | D15: =SUM(D3:D14) -> 0 | E15: =SUM(E3:E14) -> 1130479 | F15: บาท | G15: =SUM(G3:G14) -> 5117

Sheet ธ.ค.
A1: ข้อมูลการเก็บเงินปลายทาง (COD) แบบแยกรายละเอียด เดือนธันวาคม 2568
A2: ลำดับ | B2: วันที่ | C2: Email | D2: Facebook Page | E2: Order No. / เลขที่ออเดอร์ | F2: Tracking No. / เลขพัสดุ | G2: recipientName / ชื่อลูกค้า | H2: Amount / ยอด COD
A3: 1 | B3: 244026 | C3: suckjakkure@hotmail.com | D3: FACEBOOK | F3: WA046651657TH | G3: โดนัท | H3: 648
A4: 2 | B4: 244055 | C4: suckjakkure@hotmail.com | D4: FACEBOOK | F4: WA047489493TH | G4: สุดา นิลเพ็ชร | H4: 215
A5: 3 | B5: 244055 | C5: suckjakkure@hotmail.com | D5: FACEBOOK | F5: WA047195375TH | G5: สุนีรัตน์ เหล่าโก้ก | H5: 215
A6: 4 | B6: 244116 | C6: suckjakkure@hotmail.com | D6: FACEBOOK | F6: WA047787126TH | G6: ศุภษิต นทีกุลเจริญ | H6: 215
A7: 5 | B7: 244116 | C7: suckjakkure@hotmail.com | D7: FACEBOOK | F7: WA048452225TH | G7: ศิริพร แจ่มสว่าง | H7: 215
A8: 6 | B8: 244116 | C8: suckjakkure@hotmail.com | D8: FACEBOOK | F8: WA048623614TH | G8: บุญพอ | H8: 199
A9: 7 | B9: 244116 | C9: suckjakkure@hotmail.com | D9: FACEBOOK | F9: WA048623631TH | G9: นงนุช ตันติวรสิทธิ์ | H9: 199
A10: 8 | B10: 244116 | C10: suckjakkure@hotmail.com | D10: FACEBOOK | F10: WA048452248TH | G10: ประภา น้อยชม | H10: 199
A11: 9 | B11: 244116 | C11: suckjakkure@hotmail.com | D11: FACEBOOK | F11: WA048452234TH | G11: ดารณี ปลื้มถนอม | H11: 199
A12: 10 | B12: 244147 | C12: suckjakkure@hotmail.com | D12: FACEBOOK | F12: WA048452217TH | G12: ธัญสิทธิ์ ปิติพรเมธาวีร์ | H12: 199
A13: 11 | B13: 244147 | C13: suckjakkure@hotmail.com | D13: FACEBOOK | F13: WA048452265TH | G13: เยี่ยมศรี_กฤตสิน | H13: 430
A14: 12 | B14: 244147 | C14: suckjakkure@hotmail.com | D14: FACEBOOK | F14: WA048961594TH | G14: พรทิพย์ สัมโปสะเสน | H14: 398
... A34: 32 | B34: 244177 | C34: suckjakkure@hotmail.com | D34: FACEBOOK | F34: WA059748677TH | G34: อัญชลี กิจวิริยะ | H34: 199
A35: 33 | B35: 244208 | C35: suckjakkure@hotmail.com | D35: FACEBOOK | F35: WA048623645TH | G35: =SUM(G3:G34) -> 0 | H35: =SUM(H3:H34) -> 7957 | I35: =SUM(I3:I34) -> 0 | J35: =SUM(J3:J34) -> 0 | L35: =SUM(L3:L34) -> 0
A36: 34 | B36: 244239 | C36: suckjakkure@hotmail.com | D36: FACEBOOK | F36: WA060007757TH | G36: กรณ์กาญจน์ สิทธิสำอางค์ | H36: 398
A37: 35 | B37: 244239 | C37: suckjakkure@hotmail.com | D37: FACEBOOK | F37: WA059748632TH | G37: สุรีรัตน์ ใจยินดี | H37: 215
A38: 36 | B38: 244239 | C38: suckjakkure@hotmail.com | D38: FACEBOOK | F38: WA059748629TH | G38: กานต์ สุขศรีชวลิต | H38: 215
A39: 37 | B39: 244239 | C39: suckjakkure@hotmail.com | D39: FACEBOOK | F39: WA060007791TH | G39: นาง ละมัยเวชก่ามา | H39: 199
A40: 38 | B40: 244239 | C40: suckjakkure@hotmail.com | D40: FACEBOOK | F40: WA048961617TH | G40: สุดารัตน์ ศรีสำราญ | H40: 199
A41: 39 | B41: 244239 | C41: suckjakkure@hotmail.com | D41: FACEBOOK | F41: WA048972929TH | G41: จรรยา สัตนาโค | H41: 199
A42: 40 | B42: 244239 | C42: suckjakkure@hotmail.com | D42: FACEBOOK | F42: WA060007805TH | G42: คุณอ้อม เพชรเครือ | H42: 199
A43: 41 | B43: 244239 | C43: suckjakkure@hotmail.com | D43: FACEBOOK | F43: WA059748615TH | G43: บงกชธร พิมพา | H43: 977
A44: 42 | B44: 244239 | C44: suckjakkure@hotmail.com | D44: FACEBOOK | F44: WA060007765TH | G44: คุณแอม | H44: 199
A45: 43 | B45: 244239 | C45: suckjakkure@hotmail.com | D45: FACEBOOK | F45: WA048961577TH | G45: นางสาวเจนจิรา นาครัตน์ | H45: 199
A46: 44 | B46: 244269 | C46: suckjakkure@hotmail.com | D46: FACEBOOK | F46: WA060007774TH | G46: คุณเอ้ | H46: 199
A47: 45 | B47: 244269 | C47: suckjakkure@hotmail.com | D47: FACEBOOK | F47: WA060007788TH | G47: นส.อาทิตย์ญา.เรืองเนตร | H47: 199
... A50: 48 | B50: 244330 | C50: suckjakkure@hotmail.com | D50: FACEBOOK | F50: WA048452251TH | G50: เล็ก | H50: 199
A51: 49 | B51: 13/12/2568 | C51: suckjakkure@hotmail.com | D51: FACEBOOK | F51: WA061110778TH | G51: คุณเดชา | H51: 215
A52: 50 | B52: 13/12/2568 | C52: suckjakkure@hotmail.com | D52: FACEBOOK | F52: WA061110747TH | G52: หวล-ตะโฉ | H52: 215
A53: 51 | B53: 13/12/2568 | C53: suckjakkure@hotmail.com | D53: FACEBOOK | F53: WA061112164TH | G53: ชูชาติ วิชิต | H53: 315
A54: 52 | B54: 14/12/2568 | C54: suckjakkure@hotmail.com | D54: FACEBOOK | F54: WA061652460TH | G54: กรณ์กาญจน์ สิทธิสำอางค์ | H54: 300
A55: 53 | B55: 14/12/2568 | C55: suckjakkure@hotmail.com | D55: FACEBOOK | F55: WA061652495TH | G55: นงนุช ตันติวรสิทธิ์ | H55: 299
A56: 54 | B56: 14/12/2568 | C56: suckjakkure@hotmail.com | D56: FACEBOOK | F56: WA061652500TH | G56: อมร ร่มใจ | H56: 199
A57: 55 | B57: 14/12/2568 | C57: suckjakkure@hotmail.com | D57: FACEBOOK | F57: WA061656210TH | G57: ภัทริยา ปานกุล | H57: 215
A58: 56 | B58: 14/12/2568 | C58: suckjakkure@hotmail.com | D58: FACEBOOK | F58: WA061652487TH | G58: Chudmongkol Mungkunkumsaw | H58: 430
A59: 57 | B59: 14/12/2568 | C59: suckjakkure@hotmail.com | D59: FACEBOOK | F59: WA061656206TH | G59: ยุวดี | H59: 430
A60: 58 | B60: 15/12/2568 | C60: suckjakkure@hotmail.com | D60: FACEBOOK | F60: WA061912275TH | G60: คุณรัชนี ราชู | H60: 950
A61: 59 | B61: 15/12/2568 | C61: suckjakkure@hotmail.com | D61: FACEBOOK | F61: WA061652473TH | G61: จิตรา | H61: 299
A62: 60 | B62: 16/12/2568 | C62: suckjakkure@hotmail.com | D62: FACEBOOK | F62: WA061110795TH | G62: แก้ว โอฬารธนา | H62: 215
... A111: 109 | B111: 30/12/2568 | C111: suckjakkure@hotmail.com | D111: FACEBOOK | F111: WA065455385TH | G111: วรรณา | H111: 798
A112: 110 | B112: 31/12/2568 | C112: suckjakkure@hotmail.com | D112: FACEBOOK | E112: KTINTER694f31e8daefa73df48e7274 | F112: TH0106862SSP7D | G112: ภสุ ศรีวิชชุพงษ์ | H112: 215
A113: 111 | B113: 31/12/2568 | C113: suckjakkure@hotmail.com | D113: FACEBOOK | E113: KTINTER694f3185310f038ccca0fcea | F113: TH0508862SSQ1N | G113: ทรรศนีย์ สุพลัง | H113: 1800
A114: 112 | B114: 31/12/2568 | C114: suckjakkure@hotmail.com | D114: FACEBOOK | E114: KTINTER694f327bdaefa73df48ea7ad | F114: TH0701862SSN2E | G114: อัสมาภรณ์ ฉวีงาม | H114: 398
A115: 113 | B115: 31/12/2568 | C115: suckjakkure@hotmail.com | D115: FACEBOOK | F115: WA065455394TH | G115: ปริสุทธา บ้านนาน่าดู | H115: 860
A116: 114 | B116: 31/12/2568 | C116: suckjakkure@hotmail.com | D116: FACEBOOK | F116: WA066656962TH | G116: นิติกาญจน์ รัตน์ธรรมพัฒนา | H116: 215
A117: 115 | B117: 31/12/2568 | C117: suckjakkure@hotmail.com | D117: FACEBOOK | F117: WA066656772TH | G117: ธีรพงศ์ ติระกุล | H117: 645
A118: 116
A119: 117
A120: 118
A121: 119
A122: 120
A123: 121
A124: 122
A125: 123
A126: 124
A127: 125
A128: 126
A129: 127
... A231: 229
G232: ยอดรวม | H232: =SUM(H3:H231) -> 45273 | I232: บาท

Sheet Summary ธ.ค.
A1: ข้อมูลการเก็บเงินปลายทาง (COD) แบบรวมยอดประจำวัน เดือนธันวาคม 2568 | K1: ตรวจในสเตทเม้น
A2: ลำดับ | B2: วันที่ | C2: Email | D2: Tel | E2: Bank Account Number / เลขที่บัญชี | F2: Bank Account Name / ชื่อธนาคาร | G2: Total Order / จำนวนออเดอร์ | H2: COD Amount / ยอดรวม COD | I2: Deduct | J2: Total Amount / ยอดรวม COD | K2: วันที่เงินเข้า | L2: ยอดเข้า | M2: หมายเหตุ
A3: 1 | B3: 244319 | C3: ไม่มียอดเก็บ COD | K3: 244319 | M3: =+L3-J3 -> 0
A4: 2 | B4: 244320 | C4: suckjakkure@hotmail.com | D4: 642427575 | E4: 4311469006 | F4: ธนาคารไทยพาณิชย์ (SCB) | G4: 1 | H4: 648 | I4: 0 | J4: 648 | K4: 244320 | L4: 648 | M4: =+L4-J4 -> 0
A5: 3 | B5: 244321 | C5: suckjakkure@hotmail.com | D5: 642427575 | E5: 4311469006 | F5: ธนาคารไทยพาณิชย์ (SCB) | G5: 2 | H5: 430 | I5: 0 | J5: 430 | K5: 244321 | L5: 430 | M5: =+L5-J5 -> 0
A6: 4 | B6: 244322 | C6: ไม่มียอดเก็บ COD | K6: 244322 | M6: =+L6-J6 -> 0
A7: 5 | B7: 244323 | C7: suckjakkure@hotmail.com | D7: 642427575 | E7: 4311469006 | F7: ธนาคารไทยพาณิชย์ (SCB) | G7: 6 | H7: 1226 | I7: 0 | J7: 1226 | K7: 244323 | L7: 1226 | M7: =+L7-J7 -> 0
A8: 6 | B8: 244324 | C8: suckjakkure@hotmail.com | D8: 642427575 | E8: 4311469006 | F8: ธนาคารไทยพาณิชย์ (SCB) | G8: 10 | H8: 2851 | I8: 0 | J8: 2851 | K8: 244324 | L8: 2851 | M8: =+L8-J8 -> 0
A9: 7 | B9: 244325 | C9: suckjakkure@hotmail.com | D9: 642427575 | E9: 4311469006 | F9: ธนาคารไทยพาณิชย์ (SCB) | G9: 13 | H9: 2802 | I9: 0 | J9: 2802 | K9: 244325 | L9: 2802 | M9: =+L9-J9 -> 0
A10: 8 | B10: 244326 | C10: suckjakkure@hotmail.com | D10: 642427575 | E10: 4311469006 | F10: ธนาคารไทยพาณิชย์ (SCB) | G10: 1 | H10: 398 | I10: 0 | J10: 398 | K10: 244326 | L10: 398 | M10: =+L10-J10 -> 0
A11: 9 | B11: 244327 | C11: suckjakkure@hotmail.com | D11: 642427575 | E11: 4311469006 | F11: ธนาคารไทยพาณิชย์ (SCB) | G11: 10 | H11: 2999 | I11: 0 | J11: 2999 | K11: 244327 | L11: 2999 | M11: =+L11-J11 -> 0
A12: 10 | B12: 244328 | C12: suckjakkure@hotmail.com | D12: 642427575 | E12: 4311469006 | F12: ธนาคารไทยพาณิชย์ (SCB) | G12: 2 | H12: 398 | I12: 0 | J12: 398 | K12: 244328 | L12: 398 | M12: =+L12-J12 -> 0
A13: 11 | B13: 244329 | C13: ไม่มียอดเก็บ COD | K13: 244329 | M13: =+L13-J13 -> 0
A14: 12 | B14: 244330 | C14: suckjakkure@hotmail.com | D14: 642427575 | E14: 4311469006 | F14: ธนาคารไทยพาณิชย์ (SCB) | G14: 3 | H14: 813 | I14: 0 | J14: 813 | K14: 244330 | L14: 813 | M14: =+L14-J14 -> 0
A15: 13 | B15: 244331 | C15: suckjakkure@hotmail.com | D15: 642427575 | E15: 4311469006 | F15: ธนาคารไทยพาณิชย์ (SCB) | G15: 3 | H15: 745 | I15: 0 | J15: 745 | K15: 244331 | L15: 745 | M15: =+L15-J15 -> 0
A16: 14 | B16: 244332 | C16: suckjakkure@hotmail.com | D16: 642427575 | E16: 4311469006 | F16: ธนาคารไทยพาณิชย์ (SCB) | G16: 6 | H16: 1873 | I16: 0 | J16: 1873 | K16: 244332 | L16: 1873 | M16: =+L16-J16 -> 0
A17: 15 | B17: 244333 | C17: suckjakkure@hotmail.com | D17: 642427575 | E17: 4311469006 | F17: ธนาคารไทยพาณิชย์ (SCB) | G17: 2 | H17: 1249 | I17: 0 | J17: 1249 | K17: 244333 | L17: 1249 | M17: =+L17-J17 -> 0
A18: 16 | B18: 244334 | C18: suckjakkure@hotmail.com | D18: 642427575 | E18: 4311469006 | F18: ธนาคารไทยพาณิชย์ (SCB) | G18: 2 | H18: 430 | I18: 0 | J18: 430 | K18: 244334 | L18: 430 | M18: =+L18-J18 -> 0
A19: 17 | B19: 244335 | C19: suckjakkure@hotmail.com | D19: 642427575 | E19: 4311469006 | F19: ธนาคารไทยพาณิชย์ (SCB) | G19: 2 | H19: 514 | I19: 0 | J19: 514 | K19: 244335 | L19: 514 | M19: =+L19-J19 -> 0
A20: 18 | B20: 244336 | C20: suckjakkure@hotmail.com | D20: 642427575 | E20: 4311469006 | F20: ธนาคารไทยพาณิชย์ (SCB) | G20: 7 | H20: 1489 | I20: 0 | J20: 1489 | K20: 244336 | L20: 1489 | M20: =+L20-J20 -> 0
A21: 19 | B21: 244337 | C21: suckjakkure@hotmail.com | D21: 642427575 | E21: 4311469006 | F21: ธนาคารไทยพาณิชย์ (SCB) | G21: 5 | H21: 1290 | I21: 0 | J21: 1290 | K21: 244337 | L21: 1290 | M21: =+L21-J21 -> 0
A22: 20 | B22: 244338 | C22: suckjakkure@hotmail.com | D22: 642427575 | E22: 4311469006 | F22: ธนาคารไทยพาณิชย์ (SCB) | G22: 3 | H22: 1841 | I22: 0 | J22: 1841 | K22: 244338 | L22: 1841 | M22: =+L22-J22 -> 0
A23: 21 | B23: 244339 | C23: suckjakkure@hotmail.com | D23: 642427575 | E23: 4311469006 | F23: ธนาคารไทยพาณิชย์ (SCB) | G23: 5 | H23: 1075 | I23: 0 | J23: 1075 | K23: 244339 | L23: 1075 | M23: =+L23-J23 -> 0
A24: 22 | B24: 244340 | C24: suckjakkure@hotmail.com | D24: 642427575 | E24: 4311469006 | F24: ธนาคารไทยพาณิชย์ (SCB) | G24: 2 | H24: 498 | I24: 0 | J24: 498 | K24: 244340 | L24: 498 | M24: =+L24-J24 -> 0
A25: 23 | B25: 244341 | C25: suckjakkure@hotmail.com | D25: 642427575 | E25: 4311469006 | F25: ธนาคารไทยพาณิชย์ (SCB) | G25: 1 | H25: 215 | I25: 0 | J25: 215 | K25: 244341 | L25: 215 | M25: =+L25-J25 -> 0
... A34: 32 | B34: 244349 | C34: suckjakkure@hotmail.com | D34: 642427575 | E34: 4311469006 | F34: ธนาคารไทยพาณิชย์ (SCB) | G34: 3 | H34: 1720 | I34: 0 | J34: 1720 | K34: 244349 | L34: 1720 | M34: =+L34-J34 -> 0
F35: ยอดรวม | G35: =SUM(G3:G34) -> 115 | H35: =SUM(H3:H34) -> 37714 | I35: =SUM(I3:I34) -> 0 | J35: =SUM(J3:J34) -> 37714 | K35: บาท | L35: =SUM(L3:L34) -> 37714 | M35: บาท

Sheet พ.ย.
A1: ข้อมูลการเก็บเงินปลายทาง (COD) แบบแยกรายละเอียด เดือนพฤศจิกายน 2568
A2: ลำดับ | B2: วันที่ | C2: Email | D2: Facebook Page | E2: Order No. / เลขที่ออเดอร์ | F2: Tracking No. / เลขพัสดุ | G2: recipientName / ชื่อลูกค้า | H2: Amount / ยอด COD
A3: 1 | B3: 243994 | C3: suckjakkure@hotmail.com | D3: FACEBOOK | F3: WA038464153TH | G3: ขนพ ชีวอารี | H3: 399
A4: 2 | B4: 243994 | C4: suckjakkure@hotmail.com | D4: FACEBOOK | F4: WA038464215TH | G4: คุณวรรณ | H4: 215
A5: 3 | B5: 243994 | C5: suckjakkure@hotmail.com | D5: FACEBOOK | F5: WA038464175TH | G5: กร ทิงสวย | H5: 399
A6: 4 | B6: 243994 | C6: suckjakkure@hotmail.com | D6: FACEBOOK | F6: WA038464136TH | G6: เธียรชัย โสภาชื่น | H6: 399
A7: 5 | B7: 243994 | C7: suckjakkure@hotmail.com | D7: FACEBOOK | F7: WA038464119TH | G7: พิศน์ชญาณ์ ประสานศิลป์ | H7: 748
A8: 6 | B8: 243994 | C8: suckjakkure@hotmail.com | D8: FACEBOOK | F8: WA038853255TH | G8: Wattana Khongnoy | H8: 215
A9: 7 | B9: 243994 | C9: suckjakkure@hotmail.com | D9: FACEBOOK | F9: WA038853238TH | G9: ขวัญจิต | H9: 150
A10: 8 | B10: 243994 | C10: suckjakkure@hotmail.com | D10: FACEBOOK | F10: WA038853224TH | G10: คุณสุชารัตน์ ปิติกรวุฒิวัฒน์ | H10: 399
A11: 9 | B11: 243994 | C11: suckjakkure@hotmail.com | D11: FACEBOOK | F11: WA038464198TH | G11: Pradid Jaidee | H11: 399
A12: 10 | B12: 243994 | C12: suckjakkure@hotmail.com | D12: FACEBOOK | F12: WA038853241TH | G12: นงนุช ตันติวรสิทธิ์ | H12: 299
A13: 11 | B13: 243994 | C13: suckjakkure@hotmail.com | D13: FACEBOOK | F13: WA038464207TH | G13: วันชัย มาตุภูมานนท์ | H13: 215
A14: 12 | B14: 243994 | C14: suckjakkure@hotmail.com | D14: FACEBOOK | F14: WA038464079TH | G14: จิรดา รอดเจริญ | H14: 215
... A34: 32 | B34: 244085 | C34: suckjakkure@hotmail.com | D34: FACEBOOK | F34: WA039298568TH | G34: สุรสิทธิ์ หัทยาสมบูรณ์ | H34: 399
A35: 33 | B35: 244115 | C35: suckjakkure@hotmail.com | D35: FACEBOOK | F35: WA039144473TH | G35: =SUM(G3:G34) -> 0 | H35: =SUM(H3:H34) -> 10454 | I35: =SUM(I3:I34) -> 0 | J35: =SUM(J3:J34) -> 0 | L35: =SUM(L3:L34) -> 0
A36: 34 | B36: 244115 | C36: suckjakkure@hotmail.com | D36: FACEBOOK | F36: WA039673087TH | G36: ลดาวัลย์ รุ่งเรืองผล | H36: 150
A37: 35 | B37: 244115 | C37: suckjakkure@hotmail.com | D37: FACEBOOK | F37: WA039298554TH | G37: เพียร แสงศรี | H37: 399
A38: 36 | B38: 244115 | C38: suckjakkure@hotmail.com | D38: FACEBOOK | F38: WA038853272TH | G38: มัสยา ยอดชาญ | H38: 399
A39: 37 | B39: 244115 | C39: suckjakkure@hotmail.com | D39: FACEBOOK | F39: WA039298611TH | G39: น.ส.บุณยนุช เข็มปัญญา | H39: 215
A40: 38 | B40: 244115 | C40: suckjakkure@hotmail.com | D40: FACEBOOK | F40: WA039424147TH | G40: วิโรจน์ ปาปะไกร | H40: 215
A41: 39 | B41: 244146 | C41: suckjakkure@hotmail.com | D41: FACEBOOK | F41: WA040713407TH | G41: จรูญรัตน์ แสงสว่างแอน | H41: 299
A42: 40 | B42: 244146 | C42: suckjakkure@hotmail.com | D42: FACEBOOK | F42: WA040713415TH | G42: เนาวรัตน์ | H42: 299
A43: 41 | B43: 244146 | C43: suckjakkure@hotmail.com | D43: FACEBOOK | F43: WA039833305TH | G43: กาญจนา สุขมาก | H43: 215
A44: 42 | B44: 244146 | C44: suckjakkure@hotmail.com | D44: FACEBOOK | F44: WA039424133TH | G44: ุคุณจรัสศรี ทองสุข | H44: 215
A45: 43 | B45: 244146 | C45: suckjakkure@hotmail.com | D45: FACEBOOK | F45: WA040713441TH | G45: นางสาวศรีสกุล แดงไสว | H45: 625
A46: 44 | B46: 244146 | C46: suckjakkure@hotmail.com | D46: FACEBOOK | F46: WA039833291TH | G46: เจ๊เอ๋ร้านช่างเลี้ยงยางซิ่ง | H46: 399
A47: 45 | B47: 244176 | C47: suckjakkure@hotmail.com | D47: FACEBOOK | F47: WA040996884TH | G47: วลัยรัตน์ ดำรงศิลป์ | H47: 199
... A71: 69 | B71: 244329 | C71: suckjakkure@hotmail.com | D71: FACEBOOK | F71: WA042167995TH | G71: พัฒน์รวี เกียรติแสงทอง | H71: 199
A72: 70 | B72: 13/11/2568 | C72: suckjakkure@hotmail.com | D72: FACEBOOK | F72: WA042167942TH | G72: วาสนา | H72: 398
A73: 71 | B73: 13/11/2568 | C73: suckjakkure@hotmail.com | D73: FACEBOOK | F73: WA042655239TH | G73: ลดาวัลย์ รุ่งเรืองผล | H73: 200
A74: 72 | B74: 13/11/2568 | C74: suckjakkure@hotmail.com | D74: FACEBOOK | F74: WA042655295TH | G74: นิตยาพร ยุทธตระกูล | H74: 119
A75: 73 | B75: 13/11/2568 | C75: suckjakkure@hotmail.com | D75: FACEBOOK | F75: WA042167960TH | G75: น.ส.จิตสนา ปราศอภิชฌา | H75: 199
A76: 74 | B76: 13/11/2568 | C76: suckjakkure@hotmail.com | D76: FACEBOOK | F76: WA042655327TH | G76: ชนิกานต์ สีเหล็กเพชร | H76: 199
A77: 75 | B77: 14/11/2568 | C77: suckjakkure@hotmail.com | D77: FACEBOOK | F77: WA042934397TH | G77: นกคงทอง แซ่เตียว | H77: 399
A78: 76 | B78: 14/11/2568 | C78: suckjakkure@hotmail.com | D78: FACEBOOK | F78: WA042934281TH | G78: วลัยรัตน์ ดำรงศิลป์ | H78: 199
A79: 77 | B79: 14/11/2568 | C79: suckjakkure@hotmail.com | D79: FACEBOOK | F79: WA042934468TH | G79: กลอยใจ พรมกสิกร | H79: 199
A80: 78 | B80: 14/11/2568 | C80: suckjakkure@hotmail.com | D80: FACEBOOK | F80: WA042934406TH | G80: สุวรรณดี มนต์เกษมศิริ | H80: 199
A81: 79 | B81: 14/11/2568 | C81: suckjakkure@hotmail.com | D81: FACEBOOK | F81: WA042934366TH | G81: ลลวลัย สุขเกษม | H81: 199
A82: 80 | B82: 14/11/2568 | C82: suckjakkure@hotmail.com | D82: FACEBOOK | F82: WA042934349TH | G82: เกียง | H82: 199
A83: 81 | B83: 14/11/2568 | C83: suckjakkure@hotmail.com | D83: FACEBOOK | F83: WA042655211TH | G83: อโณทัย | H83: 199
... A194: 192 | B194: 2911/2568 | C194: suckjakkure@hotmail.com | D194: FACEBOOK | F194: WA046928525TH | G194: สุริยัน มังกร | H194: 215
A195: 193
A196: 194
A197: 195
A198: 196
A199: 197
A200: 198
A201: 199
A202: 200
A203: 201
A204: 202
A205: 203
A206: 204
... A231: 229
G232: ยอดรวม | H232: =SUM(H3:H231) -> 59779 | I232: บาท

Sheet Summary พ.ย.
A1: ข้อมูลการเก็บเงินปลายทาง (COD) แบบรวมยอดประจำวัน เดือนพฤศจิกายน 2568 | K1: ตรวจในสเตทเม้น
A2: ลำดับ | B2: วันที่ | C2: Email | D2: Tel | E2: Bank Account Number / เลขที่บัญชี | F2: Bank Account Name / ชื่อธนาคาร | G2: Total Order / จำนวนออเดอร์ | H2: COD Amount / ยอดรวม COD | I2: Deduct | J2: Total Amount / ยอดรวม COD | K2: วันที่เงินเข้า | L2: ยอดเข้า | M2: หมายเหตุ
A3: 1 | B3: 244289 | C3: suckjakkure@hotmail.com | D3: 642427575 | E3: 4311469006 | F3: ธนาคารไทยพาณิชย์ (SCB) | G3: 18 | H3: 5676 | I3: 0 | J3: 5676 | K3: 244289 | L3: 5676 | M3: =+L3-J3 -> 0
A4: 2 | B4: 244290 | C4: suckjakkure@hotmail.com | D4: 642427575 | E4: 4311469006 | F4: ธนาคารไทยพาณิชย์ (SCB) | G4: 6 | H4: 2439 | I4: 0 | J4: 2439 | K4: 244290 | L4: 2439 | M4: =+L4-J4 -> 0
A5: 3 | B5: 244291 | C5: suckjakkure@hotmail.com | D5: 642427575 | E5: 4311469006 | F5: ธนาคารไทยพาณิชย์ (SCB) | G5: 1 | H5: 399 | I5: 0 | J5: 399 | K5: 244291 | L5: 399 | M5: =+L5-J5 -> 0
A6: 4 | B6: 244292 | C6: suckjakkure@hotmail.com | D6: 642427575 | E6: 4311469006 | F6: ธนาคารไทยพาณิชย์ (SCB) | G6: 7 | H6: 1940 | I6: 0 | J6: 1940 | K6: 244292 | L6: 1940 | M6: =+L6-J6 -> 0
A7: 5 | B7: 244293 | C7: suckjakkure@hotmail.com | D7: 642427575 | E7: 4311469006 | F7: ธนาคารไทยพาณิชย์ (SCB) | G7: 6 | H7: 1593 | I7: 0 | J7: 1593 | K7: 244293 | L7: 1593 | M7: =+L7-J7 -> 0
A8: 6 | B8: 244294 | C8: suckjakkure@hotmail.com | D8: 642427575 | E8: 4311469006 | F8: ธนาคารไทยพาณิชย์ (SCB) | G8: 6 | H8: 2052 | I8: 0 | J8: 2052 | K8: 244294 | L8: 2052 | M8: =+L8-J8 -> 0
A9: 7 | B9: 244295 | C9: suckjakkure@hotmail.com | D9: 642427575 | E9: 4311469006 | F9: ธนาคารไทยพาณิชย์ (SCB) | G9: 10 | H9: 2254 | I9: 0 | J9: 2254 | K9: 244295 | L9: 2254 | M9: =+L9-J9 -> 0
A10: 8 | B10: 244296 | C10: suckjakkure@hotmail.com | D10: 642427575 | E10: 4311469006 | F10: ธนาคารไทยพาณิชย์ (SCB) | G10: 6 | H10: 1809 | I10: 0 | J10: 1809 | K10: 244296 | L10: 1809 | M10: =+L10-J10 -> 0
A11: 9 | B11: 244297 | C11: suckjakkure@hotmail.com | D11: 642427575 | E11: 4311469006 | F11: ธนาคารไทยพาณิชย์ (SCB) | G11: 3 | H11: 613 | I11: 0 | J11: 613 | K11: 244297 | L11: 613 | M11: =+L11-J11 -> 0
A12: 10 | B12: 244298 | C12: ไม่มียอดเก็บ COD | K12: 244298 | M12: =+L12-J12 -> 0
A13: 11 | B13: 244299 | C13: suckjakkure@hotmail.com | D13: 642427575 | E13: 4311469006 | F13: ธนาคารไทยพาณิชย์ (SCB) | G13: 3 | H13: 729 | I13: 0 | J13: 729 | K13: 244299 | L13: 729 | M13: =+L13-J13 -> 0
A14: 12 | B14: 244300 | C14: suckjakkure@hotmail.com | D14: 642427575 | E14: 4311469006 | F14: ธนาคารไทยพาณิชย์ (SCB) | G14: 3 | H14: 613 | I14: 0 | J14: 613 | K14: 244300 | L14: 613 | M14: =+L14-J14 -> 0
A15: 13 | B15: 244301 | C15: suckjakkure@hotmail.com | D15: 642427575 | E15: 4311469006 | F15: ธนาคารไทยพาณิชย์ (SCB) | G15: 5 | H15: 1115 | I15: 0 | J15: 1115 | K15: 244301 | L15: 1115 | M15: =+L15-J15 -> 0
A16: 14 | B16: 244302 | C16: suckjakkure@hotmail.com | D16: 642427575 | E16: 4311469006 | F16: ธนาคารไทยพาณิชย์ (SCB) | G16: 17 | H16: 3981 | I16: 0 | J16: 3981 | K16: 244302 | L16: 3981 | M16: =+L16-J16 -> 0
A17: 15 | B17: 244303 | C17: suckjakkure@hotmail.com | D17: 642427575 | E17: 4311469006 | F17: ธนาคารไทยพาณิชย์ (SCB) | G17: 28 | H17: 6401 | I17: 0 | J17: 6401 | K17: 244303 | L17: 6401 | M17: =+L17-J17 -> 0
A18: 16 | B18: 244304 | C18: suckjakkure@hotmail.com | D18: 642427575 | E18: 4311469006 | F18: ธนาคารไทยพาณิชย์ (SCB) | G18: 9 | H18: 2151 | I18: 0 | J18: 2151 | K18: 244304 | L18: 2151 | M18: =+L18-J18 -> 0
A19: 17 | B19: 244305 | C19: ไม่มียอดเก็บ COD | K19: 244305 | M19: =+L19-J19 -> 0
A20: 18 | B20: 244306 | C20: suckjakkure@hotmail.com | D20: 642427575 | E20: 4311469006 | F20: ธนาคารไทยพาณิชย์ (SCB) | G20: 7 | H20: 1758 | I20: 0 | J20: 1758 | K20: 244306 | L20: 1758 | M20: =+L20-J20 -> 0
A21: 19 | B21: 244307 | C21: suckjakkure@hotmail.com | D21: 642427575 | E21: 4311469006 | F21: ธนาคารไทยพาณิชย์ (SCB) | G21: 6 | H21: 1442 | I21: 0 | J21: 1442 | K21: 244307 | L21: 1442 | M21: =+L21-J21 -> 0
A22: 20 | B22: 244308 | C22: suckjakkure@hotmail.com | D22: 642427575 | E22: 4311469006 | F22: ธนาคารไทยพาณิชย์ (SCB) | G22: 2 | H22: 414 | I22: 0 | J22: 414 | K22: 244308 | L22: 414 | M22: =+L22-J22 -> 0
A23: 21 | B23: 244309 | C23: suckjakkure@hotmail.com | D23: 642427575 | E23: 4311469006 | F23: ธนาคารไทยพาณิชย์ (SCB) | G23: 3 | H23: 629 | I23: 0 | J23: 629 | K23: 244309 | L23: 629 | M23: =+L23-J23 -> 0
A24: 22 | B24: 244310 | C24: suckjakkure@hotmail.com | D24: 642427575 | E24: 4311469006 | F24: ธนาคารไทยพาณิชย์ (SCB) | G24: 9 | H24: 2150 | I24: 0 | J24: 2150 | K24: 244310 | L24: 2150 | M24: =+L24-J24 -> 0
A25: 23 | B25: 244311 | C25: suckjakkure@hotmail.com | D25: 642427575 | E25: 4311469006 | F25: ธนาคารไทยพาณิชย์ (SCB) | G25: 15 | H25: 4085 | I25: 0 | J25: 4085 | K25: 244311 | L25: 4085 | M25: =+L25-J25 -> 0
A26: 24 | B26: 244312 | C26: ไม่มียอดเก็บ COD | K26: 244312 | M26: =+L26-J26 -> 0
A27: 25 | B27: 244313 | C27: suckjakkure@hotmail.com | D27: 642427575 | E27: 4311469006 | F27: ธนาคารไทยพาณิชย์ (SCB) | G27: 8 | H27: 1704 | I27: 0 | J27: 1704 | K27: 244313 | L27: 1704 | M27: =+L27-J27 -> 0
A28: 26 | B28: 244314 | C28: suckjakkure@hotmail.com | D28: 642427575 | E28: 4311469006 | F28: ธนาคารไทยพาณิชย์ (SCB) | G28: 6 | H28: 1290 | I28: 0 | J28: 1290 | K28: 244314 | L28: 1290 | M28: =+L28-J28 -> 0
A29: 27 | B29: 244315 | C29: suckjakkure@hotmail.com | D29: 642427575 | E29: 4311469006 | F29: ธนาคารไทยพาณิชย์ (SCB) | G29: 2 | H29: 614 | I29: 0 | J29: 614 | K29: 244315 | L29: 614 | M29: =+L29-J29 -> 0
A30: 28 | B30: 244316 | C30: suckjakkure@hotmail.com | D30: 642427575 | E30: 4311469006 | F30: ธนาคารไทยพาณิชย์ (SCB) | G30: 2 | H30: 645 | I30: 0 | J30: 645 | K30: 244316 | L30: 645 | M30: =+L30-J30 -> 0
A31: 29 | B31: 244317 | C31: suckjakkure@hotmail.com | D31: 642427575 | E31: 4311469006 | F31: ธนาคารไทยพาณิชย์ (SCB) | G31: 4 | H31: 1044 | I31: 0 | J31: 1044 | K31: 244317 | L31: 1044 | M31: =+L31-J31 -> 0
A32: 30 | B32: 244318 | C32: ไม่มียอดเก็บ COD | K32: 244318 | M32: =+L32-J32 -> 0
A33: 31 | B33: 244319 | K33: 244319 | M33: =+L33-J33 -> 0
A34: 32 | B34: 244320 | K34: 244320 | M34: =+L34-J34 -> 0
F35: ยอดรวม | G35: =SUM(G3:G34) -> 192 | H35: =SUM(H3:H34) -> 49540 | I35: =SUM(I3:I34) -> 0 | J35: =SUM(J3:J34) -> 49540 | K35: บาท | L35: =SUM(L3:L34) -> 49540 | M35: บาท

Sheet ต.ค.
A1: ข้อมูลการเก็บเงินปลายทาง (COD) แบบแยกรายละเอียด เดือนตุลาคม 2568
A2: ลำดับ | B2: วันที่ | C2: Email | D2: Facebook Page | E2: Order No. / เลขที่ออเดอร์ | F2: Tracking No. / เลขพัสดุ | G2: recipientName / ชื่อลูกค้า | H2: Amount / ยอด COD
A3: 1 | B3: 243993 | C3: suckjakkure@hotmail.com | D3: FACEBOOK | F3: WA016964095TH | G3: ประภาพรรณ | H3: 1197
A4: 2 | B4: 243993 | C4: suckjakkure@hotmail.com | D4: FACEBOOK | F4: WA016964064TH | G4: Thanapat Pichet | H4: 215
A5: 3 | B5: 243993 | C5: suckjakkure@hotmail.com | D5: FACEBOOK | F5: WA016964081TH | G5: นายสุรชัย สุภธีระ | H5: 120
A6: 4 | B6: 243993 | C6: suckjakkure@hotmail.com | D6: FACEBOOK | F6: WA030341207TH | G6: ดารณีใจดีทอง | H6: 430
A7: 5 | B7: 243993 | C7: suckjakkure@hotmail.com | D7: FACEBOOK | F7: WA016672477TH | G7: Suphaphich Khosa | H7: 399
A8: 6 | B8: 243993 | C8: suckjakkure@hotmail.com | D8: FACEBOOK | F8: WA016673203TH | G8: นางญาณิศา โมทอง | H8: 215
A9: 7 | B9: 243993 | C9: suckjakkure@hotmail.com | D9: FACEBOOK | F9: WA030341224TH | G9: สุนันท์ ร้านเสริมสวยโมเดร์น | H9: 215
A10: 8 | B10: 243993 | C10: suckjakkure@hotmail.com | D10: FACEBOOK | F10: WA016672446TH | G10: นิมลรัตน์ | H10: 299
A11: 9 | B11: 243993 | C11: suckjakkure@hotmail.com | D11: FACEBOOK | F11: WA016964055TH | G11: สุนีย์ ยึหมาด | H11: 299
A12: 10 | B12: 244024 | C12: suckjakkure@hotmail.com | D12: FACEBOOK | F12: WA030341198TH | G12: สุภาพร อติสกุล | H12: 215
A13: 11 | B13: 244024 | C13: suckjakkure@hotmail.com | D13: FACEBOOK | F13: WA016964078TH | G13: กานท์ดา-ชูชวลิต | H13: 150
A14: 12 | B14: 244024 | C14: suckjakkure@hotmail.com | D14: FACEBOOK | F14: WA030725238TH | G14: กมลวรรณ กองแก้ว | H14: 215
... A34: 32 | B34: 244084 | C34: suckjakkure@hotmail.com | D34: FACEBOOK | F34: WA031334410TH | G34: มณฑา บริบูรณ์ธรกิจ | H34: 215
A35: 33 | B35: 244084 | C35: suckjakkure@hotmail.com | D35: FACEBOOK | F35: WA031334370TH | G35: =SUM(G3:G34) -> 0 | H35: =SUM(H3:H34) -> 11029 | I35: =SUM(I3:I34) -> 0 | J35: =SUM(J3:J34) -> 0 | L35: =SUM(L3:L34) -> 0
A36: 34 | B36: 244084 | C36: suckjakkure@hotmail.com | D36: FACEBOOK | F36: WA031095860TH | G36: รฏิพร มาตา | H36: 399
A37: 35 | B37: 244084 | C37: suckjakkure@hotmail.com | D37: FACEBOOK | F37: WA030725326TH | G37: นส.เพ็ญพิชชา วังคีรี{N.ว่าน.} | H37: 150
A38: 36 | B38: 244084 | C38: suckjakkure@hotmail.com | D38: FACEBOOK | F38: WA031334499TH | G38: ปูเปรี้ยว อวบระยะสุดท้าย | H38: 299
A39: 37 | B39: 244084 | C39: suckjakkure@hotmail.com | D39: FACEBOOK | F39: WA031334485TH | G39: หยาด | H39: 315
A40: 38 | B40: 244084 | C40: suckjakkure@hotmail.com | D40: FACEBOOK | F40: WA031334423TH | G40: ประภัสสร | H40: 150
A41: 39 | B41: 244114 | C41: suckjakkure@hotmail.com | D41: FACEBOOK | F41: WA031634445TH | G41: รัชนี ราชู | H41: 319
A42: 40 | B42: 244114 | C42: suckjakkure@hotmail.com | D42: FACEBOOK | F42: WA031634374TH | G42: ไชยา.แสงทอง | H42: 215
A43: 41 | B43: 244114 | C43: suckjakkure@hotmail.com | D43: FACEBOOK | F43: WA031334437TH | G43: พัชรี พลาน้อย | H43: 430
A44: 42 | B44: 244114 | C44: suckjakkure@hotmail.com | D44: FACEBOOK | F44: WA031634388TH | G44: มาติกา ค้ำชู | H44: 399
A45: 43 | B45: 244114 | C45: suckjakkure@hotmail.com | D45: FACEBOOK | F45: WA031634414TH | G45: จตุพร น้อยโสภณ | H45: 399
A46: 44 | B46: 244114 | C46: suckjakkure@hotmail.com | D46: FACEBOOK | F46: WA031334471TH | G46: รัตติกาล แก้วสุข | H46: 150
A47: 45 | B47: 244114 | C47: suckjakkure@hotmail.com | D47: FACEBOOK | F47: WA031634431TH | G47: ณัฐพร นิ่มวนาดอน | H47: 399
... A126: 124 | B126: 244328 | C126: suckjakkure@hotmail.com | D126: FACEBOOK | F126: WA033746594TH | G126: แม่บังเอิญ เปียผ่อง | H126: 399
A127: 125 | B127: 13/10/2568 | C127: suckjakkure@hotmail.com | D127: FACEBOOK | F127: WA033746515TH | G127: คุณเอ้ | H127: 215
A128: 126 | B128: 13/10/2568 | C128: suckjakkure@hotmail.com | D128: FACEBOOK | F128: WA033864429TH | G128: นภวรรณ รัตนัย | H128: 349
A129: 127 | B129: 13/10/2568 | C129: suckjakkure@hotmail.com | D129: FACEBOOK | F129: WA033746585TH | G129: สุรีรัตน์ ศรีอุทัย | H129: 215
A130: 128 | B130: 13/10/2568 | C130: suckjakkure@hotmail.com | D130: FACEBOOK | F130: WA033625295TH | G130: น.ส.สุธีรา เขื่อนขันธ์เจริญ | H130: 215
A131: 129 | B131: 13/10/2568 | C131: suckjakkure@hotmail.com | D131: FACEBOOK | F131: WA033625300TH | G131: คุณรัศมี วางอภัย | H131: 215
A132: 130 | B132: 13/10/2568 | C132: suckjakkure@hotmail.com | D132: FACEBOOK | F132: WA033746501TH | G132: แสงเดือนผลโพธิ์ | H132: 215
A133: 131 | B133: 13/10/2568 | C133: suckjakkure@hotmail.com | D133: FACEBOOK | F133: WA033746563TH | G133: แสงเดือนผลโพธิ์ | H133: 215
A134: 132 | B134: 14/10/2568 | C134: suckjakkure@hotmail.com | D134: FACEBOOK | F134: WA033864389TH | G134: กมลนัยน์ สุนันท์ | H134: 399
A135: 133 | B135: 14/10/2568 | C135: suckjakkure@hotmail.com | D135: FACEBOOK | F135: WA032940910TH | G135: นิภาพร แสนอุ้ม | H135: 550
A136: 134 | B136: 15/10/2568 | C136: suckjakkure@hotmail.com | D136: FACEBOOK | F136: WA033625358TH | G136: อรจันทร์ เศรษฐ์จำนงค์ | H136: 430
A137: 135 | B137: 15/10/2568 | C137: suckjakkure@hotmail.com | D137: FACEBOOK | F137: WA034071006TH | G137: เฉลียว นามสุข | H137: 430
A138: 136 | B138: 15/10/2568 | C138: suckjakkure@hotmail.com | D138: FACEBOOK | F138: WA034070972TH | G138: ปราณี มงคลรัตนาสิทธิ์ | H138: 430
... A285: 283 | B285: 31/10/2568 | C285: suckjakkure@hotmail.com | D285: FACEBOOK | F285: WA037699648TH | G285: มยุรี พัฒนกุล | H285: 215
A286: 284
A287: 285
A288: 286
A289: 287
A290: 288
A291: 289
A292: 290
A293: 291
A294: 292
A295: 293
A296: 294
A297: 295
... A347: 345
G348: ยอดรวม | H348: =SUM(H3:H347) -> 87088 | I348: บาท

Sheet Summary ต.ค.
A1: ข้อมูลการเก็บเงินปลายทาง (COD) แบบรวมยอดประจำวัน เดือนตุลาคม 2568 | K1: ตรวจในสเตทเม้น
A2: ลำดับ | B2: วันที่ | C2: Email | D2: Tel | E2: Bank Account Number / เลขที่บัญชี | F2: Bank Account Name / ชื่อธนาคาร | G2: Total Order / จำนวนออเดอร์ | H2: COD Amount / ยอดรวม COD | I2: Deduct | J2: Total Amount / ยอดรวม COD | K2: วันที่เงินเข้า | L2: ยอดเข้า | M2: หมายเหตุ
A3: 1 | B3: 244258 | C3: suckjakkure@hotmail.com | D3: 642427575 | E3: 4311469006 | F3: ธนาคารไทยพาณิชย์ (SCB) | G3: 9 | H3: 3389 | I3: 0 | J3: 3389 | K3: 244258 | L3: 3389 | M3: =+L3-J3 -> 0
A4: 2 | B4: 244259 | C4: suckjakkure@hotmail.com | D4: 642427575 | E4: 4311469006 | F4: ธนาคารไทยพาณิชย์ (SCB) | G4: 7 | H4: 2319 | I4: 0 | J4: 2319 | K4: 244259 | L4: 2319 | M4: =+L4-J4 -> 0
A5: 3 | B5: 244260 | C5: suckjakkure@hotmail.com | D5: 642427575 | E5: 4311469006 | F5: ธนาคารไทยพาณิชย์ (SCB) | G5: 7 | H5: 2166 | I5: 0 | J5: 2166 | K5: 244260 | L5: 2166 | M5: =+L5-J5 -> 0
A6: 4 | B6: 244261 | C6: suckjakkure@hotmail.com | D6: 642427575 | E6: 4311469006 | F6: ธนาคารไทยพาณิชย์ (SCB) | G6: 15 | H6: 4683 | I6: 0 | J6: 4683 | K6: 244261 | L6: 4683 | M6: =+L6-J6 -> 0
A7: 5 | B7: 244262 | C7: suckjakkure@hotmail.com | D7: 642427575 | E7: 4311469006 | F7: ธนาคารไทยพาณิชย์ (SCB) | G7: 8 | H7: 2461 | I7: 0 | J7: 2461 | K7: 244262 | L7: 2461 | M7: =+L7-J7 -> 0
A8: 6 | B8: 244263 | C8: suckjakkure@hotmail.com | D8: 642427575 | E8: 4311469006 | F8: ธนาคารไทยพาณิชย์ (SCB) | G8: 2 | H8: 798 | I8: 0 | J8: 798 | K8: 244263 | L8: 798 | M8: =+L8-J8 -> 0
A9: 7 | B9: 244264 | C9: suckjakkure@hotmail.com | D9: 642427575 | E9: 4311469006 | F9: ธนาคารไทยพาณิชย์ (SCB) | G9: 5 | H9: 1611 | I9: 0 | J9: 1611 | K9: 244264 | L9: 1611 | M9: =+L9-J9 -> 0
A10: 8 | B10: 244265 | C10: suckjakkure@hotmail.com | D10: 642427575 | E10: 4311469006 | F10: ธนาคารไทยพาณิชย์ (SCB) | G10: 14 | H10: 4399 | I10: 0 | J10: 4399 | K10: 244265 | L10: 4399 | M10: =+L10-J10 -> 0
A11: 9 | B11: 244266 | C11: suckjakkure@hotmail.com | D11: 642427575 | E11: 4311469006 | F11: ธนาคารไทยพาณิชย์ (SCB) | G11: 10 | H11: 3123 | I11: 0 | J11: 3123 | K11: 244266 | L11: 3123 | M11: =+L11-J11 -> 0
A12: 10 | B12: 244267 | C12: suckjakkure@hotmail.com | D12: 642427575 | E12: 4311469006 | F12: ธนาคารไทยพาณิชย์ (SCB) | G12: 10 | H12: 3761 | I12: 0 | J12: 3761 | K12: 244267 | L12: 3761 | M12: =+L12-J12 -> 0
A13: 11 | B13: 244268 | C13: suckjakkure@hotmail.com | D13: 642427575 | E13: 4311469006 | F13: ธนาคารไทยพาณิชย์ (SCB) | G13: 21 | H13: 5971 | I13: 0 | J13: 5971 | K13: 244268 | L13: 5971 | M13: =+L13-J13 -> 0
A14: 12 | B14: 244269 | C14: suckjakkure@hotmail.com | D14: 642427575 | E14: 4311469006 | F14: ธนาคารไทยพาณิชย์ (SCB) | G14: 16 | H14: 3891 | I14: 0 | J14: 3891 | K14: 244269 | L14: 3891 | M14: =+L14-J14 -> 0
... A33: 31 | B33: 244288 | C33: suckjakkure@hotmail.com | D33: 642427575 | E33: 4311469006 | F33: ธนาคารไทยพาณิชย์ (SCB) | G33: 3 | H33: 829 | I33: 0 | J33: 829 | K33: 244288 | L33: 829 | M33: =+L33-J33 -> 0
A34: 32 | B34: 244289 | K34: 244289 | M34: =+L34-J34 -> 0
F35: ยอดรวม | G35: =SUM(G3:G34) -> 283 | H35: =SUM(H3:H34) -> 76274 | I35: =SUM(I3:I34) -> 0 | J35: =SUM(J3:J34) -> 76274 | K35: บาท | L35: =SUM(L3:L34) -> 76274 | M35: บาท

Sheet ก.ย.
A1: ข้อมูลการเก็บเงินปลายทาง (COD) แบบแยกรายละเอียด เดือนกันยายน 2568
A2: ลำดับ | B2: วันที่ | C2: Email | D2: Facebook Page | E2: Order No. / เลขที่ออเดอร์ | F2: Tracking No. / เลขพัสดุ | G2: recipientName / ชื่อลูกค้า | H2: Amount / ยอด COD
A3: 1 | B3: 244023 | C3: suckjakkure@hotmail.com | D3: FACEBOOK | F3: WA008635194TH | G3: โอ้เอ้ | H3: 120
A4: 2 | B4: 244023 | C4: suckjakkure@hotmail.com | D4: FACEBOOK | F4: WA008635203TH | G4: อนุรักษ์ หมื่นนาค | H4: 219
A5: 3 | B5: 244023 | C5: suckjakkure@hotmail.com | D5: FACEBOOK | F5: WA008635185TH | G5: นุชนาฎ อภัยรุณ | H5: 120
A6: 4 | B6: 244052 | C6: suckjakkure@hotmail.com | D6: FACEBOOK | F6: WA009219306TH | G6: บรรจง | H6: 215
A7: 5 | B7: 244052 | C7: suckjakkure@hotmail.com | D7: FACEBOOK | F7: WA009006751TH | G7: นวภัสร์ ธรรมณัฐนันท์ | H7: 219
A8: 6 | B8: 244052 | C8: suckjakkure@hotmail.com | D8: FACEBOOK | F8: WA009219323TH | G8: มณฑา บริบูรณ์ธรกิจ | H8: 415
A9: 7 | B9: 244052 | C9: suckjakkure@hotmail.com | D9: FACEBOOK | F9: WA009006765TH | G9: Sunun Nun | H9: 215
A10: 8 | B10: 244052 | C10: suckjakkure@hotmail.com | D10: FACEBOOK | F10: WA009006748TH | G10: คุณอุษณีย์ สนธิเณร | H10: 215
A11: 9 | B11: 244083 | C11: suckjakkure@hotmail.com | D11: FACEBOOK | F11: WA009219345TH | G11: นายวัชระ ท้วมเทียบ | H11: 215
A12: 10 | B12: 244083 | C12: suckjakkure@hotmail.com | D12: FACEBOOK | F12: WA009585596TH | G12: กฤชพรหอสุวรรณ | H12: 215
A13: 11 | B13: 244083 | C13: suckjakkure@hotmail.com | D13: FACEBOOK | F13: JA282477523TH | G13: รินทร์ลิตา เพ็ชรรัตน์ | H13: 265
A14: 12 | B14: 244083 | C14: suckjakkure@hotmail.com | D14: FACEBOOK | F14: WA009585619TH | G14: กาญจนา แสวง | H14: 215
... A34: 32 | B34: 244113 | C34: suckjakkure@hotmail.com | D34: FACEBOOK | F34: WA009943378TH | G34: คุณต้อง | H34: 369
A35: 33 | B35: 244113 | C35: suckjakkure@hotmail.com | D35: FACEBOOK | F35: WA009585503TH | G35: =SUM(G3:G34) -> 0 | H35: =SUM(H3:H34) -> 10609 | I35: =SUM(I3:I34) -> 0 | J35: =SUM(J3:J34) -> 0 | L35: =SUM(L3:L34) -> 0
A36: 34 | B36: 244113 | C36: suckjakkure@hotmail.com | D36: FACEBOOK | F36: WA009585534TH | G36: ร้านอุดมศักดิ์เกษตรยนต์ | H36: 1075
A37: 35 | B37: 244113 | C37: suckjakkure@hotmail.com | D37: FACEBOOK | F37: WA009943608TH | G37: ก้อย ท้ายซอย | H37: 215
A38: 36 | B38: 244113 | C38: suckjakkure@hotmail.com | D38: FACEBOOK | F38: WA009585525TH | G38: Pongsit Choomkui | H38: 215
A39: 37 | B39: 244144 | C39: suckjakkure@hotmail.com | D39: FACEBOOK | F39: WA009943333TH | G39: ชุติมณฑน์ บรรจง | H39: 369
A40: 38 | B40: 244144 | C40: suckjakkure@hotmail.com | D40: FACEBOOK | F40: WA009943642TH | G40: เกศิณี บุญถนอม | H40: 369
A41: 39 | B41: 244144 | C41: suckjakkure@hotmail.com | D41: FACEBOOK | F41: WA009943554TH | G41: ศศิรัศมิ์ จุ้ยส่องแก้ว | H41: 215
A42: 40 | B42: 244144 | C42: suckjakkure@hotmail.com | D42: FACEBOOK | F42: WA009980628TH | G42: ชนาภัทร | H42: 369
A43: 41 | B43: 244144 | C43: suckjakkure@hotmail.com | D43: FACEBOOK | F43: WA009585582TH | G43: เจ๊เอ๋ร้านช่างเลี้ยงยางซิ่ง | H43: 215
A44: 42 | B44: 244144 | C44: suckjakkure@hotmail.com | D44: FACEBOOK | F44: WA009585517TH | G44: มนัส คําทิพย์ | H44: 430
A45: 43 | B45: 244144 | C45: suckjakkure@hotmail.com | D45: FACEBOOK | F45: WA009943497TH | G45: ศิริพร บริสุทธิ์ | H45: 1107
A46: 44 | B46: 244144 | C46: suckjakkure@hotmail.com | D46: FACEBOOK | F46: WA009943483TH | G46: ยุพิน โสส้มกบ | H46: 369
A47: 45 | B47: 244144 | C47: suckjakkure@hotmail.com | D47: FACEBOOK | F47: WA009980702TH | G47: วนิดา ยาประโคน | H47: 215
... A170: 168 | B170: 244327 | C170: suckjakkure@hotmail.com | D170: FACEBOOK | F170: WA011601624TH | G170: สิน ยอดพรมทอง | H170: 299
A171: 169 | B171: 13/9/2568 | C171: suckjakkure@hotmail.com | D171: FACEBOOK | F171: WA011601465TH | G171: ชบา ศรีวิชัย | H171: 299
A172: 170 | B172: 13/9/2568 | C172: suckjakkure@hotmail.com | D172: FACEBOOK | F172: WA011937950TH | G172: คุณจุไรรัตน์ ธนูทอง | H172: 299
A173: 171 | B173: 13/9/2568 | C173: suckjakkure@hotmail.com | D173: FACEBOOK | F173: WA011601641TH | G173: สุปรียา เหมะ | H173: 299
A174: 172 | B174: 13/9/2568 | C174: suckjakkure@hotmail.com | D174: FACEBOOK | F174: WA011938080TH | G174: อุทัยรัตน์ เพ็ชเย็น | H174: 299
A175: 173 | B175: 13/9/2568 | C175: suckjakkure@hotmail.com | D175: FACEBOOK | F175: WA011601434TH | G175: มณีกาญจน์ เด่นสม | H175: 299
A176: 174 | B176: 13/9/2568 | C176: suckjakkure@hotmail.com | D176: FACEBOOK | F176: WA011601615TH | G176: อัญญาณี นิลเกตุแก้ว | H176: 729
A177: 175 | B177: 13/9/2568 | C177: suckjakkure@hotmail.com | D177: FACEBOOK | F177: WA011938059TH | G177: สุไกย๊ะป,าหนะ | H177: 299
A178: 176 | B178: 13/9/2568 | C178: suckjakkure@hotmail.com | D178: FACEBOOK | F178: WA011601584TH | G178: นางสาวเกศน์กาญจน์ ศิริภัทร์วรสกุล | H178: 299
A179: 177 | B179: 13/9/2568 | C179: suckjakkure@hotmail.com | D179: FACEBOOK | F179: WA011601540TH | G179: ร้านไก่อย่างTWO GIRLS | H179: 299
A180: 178 | B180: 13/9/2568 | C180: suckjakkure@hotmail.com | D180: FACEBOOK | F180: WA011601519TH | G180: Jirawadee Lclinrot | H180: 215
A181: 179 | B181: 13/9/2568 | C181: suckjakkure@hotmail.com | D181: FACEBOOK | F181: WA011938005TH | G181: รำไพ สุวรรณโชติ | H181: 299
A182: 180 | B182: 13/9/2568 | C182: suckjakkure@hotmail.com | D182: FACEBOOK | F182: WA011601329TH | G182: สาริกา ขันมณี | H182: 299
... A325: 323 | B325: 30/9/2568 | C325: suckjakkure@hotmail.com | D325: FACEBOOK | F325: WA016672463TH | G325: อมร | H325: 215
A326: 324
A327: 325
A328: 326
A329: 327
A330: 328
A331: 329
A332: 330
A333: 331
A334: 332
A335: 333
A336: 334
A337: 335
... A343: 341
H344: =SUM(H79:H343) -> 72638 | I344: บาท

Sheet Summary ก.ย.
B1: ข้อมูลการเก็บเงินปลายทาง (COD) แบบรวมยอดประจำวัน เดือนกันยายน 2568 | K1: ตรวจในสเตทเม้น
A2: ลำดับ | B2: วันที่ | C2: Email | D2: Tel | E2: Bank Account Number / เลขที่บัญชี | F2: Bank Account Name / ชื่อธนาคาร | G2: Total Order / จำนวนออเดอร์ | H2: COD Amount / ยอดรวม COD | I2: Deduct | J2: Total Amount / ยอดรวม COD | K2: วันที่เงินเข้า | L2: ยอดเข้า | M2: หมายเหตุ
A3: 1 | B3: 244228 | C3: ไม่มียอดเก็บ COD | K3: 244228 | M3: =+L3-J3 -> 0
A4: 2 | B4: 244229 | C4: suckjakkure@hotmail.com | D4: 642427575 | E4: 4311469006 | F4: ธนาคารไทยพาณิชย์ (SCB) | G4: 3 | H4: 459 | I4: 0 | J4: 459 | K4: 244229 | L4: 459 | M4: =+L4-J4 -> 0
A5: 3 | B5: 244230 | C5: suckjakkure@hotmail.com | D5: 642427575 | E5: 4311469006 | F5: ธนาคารไทยพาณิชย์ (SCB) | G5: 5 | H5: 1279 | I5: 0 | J5: 1279 | K5: 244230 | L5: 1279 | M5: =+L5-J5 -> 0
A6: 4 | B6: 244231 | C6: suckjakkure@hotmail.com | D6: 642427575 | E6: 4311469006 | F6: ธนาคารไทยพาณิชย์ (SCB) | G6: 8 | H6: 1755 | I6: 0 | J6: 1755 | K6: 244231 | L6: 1755 | M6: =+L6-J6 -> 0
A7: 5 | B7: 244232 | C7: suckjakkure@hotmail.com | D7: 642427575 | E7: 4311469006 | F7: ธนาคารไทยพาณิชย์ (SCB) | G7: 20 | H7: 9359 | I7: 0 | J7: 9359 | K7: 244232 | L7: 9359 | M7: =+L7-J7 -> 0
A8: 6 | B8: 244233 | C8: suckjakkure@hotmail.com | D8: 642427575 | E8: 4311469006 | F8: ธนาคารไทยพาณิชย์ (SCB) | G8: 41 | H8: 14537 | I8: 0 | J8: 14537 | K8: 244233 | L8: 14537 | M8: =+L8-J8 -> 0
A9: 7 | B9: 244234 | C9: suckjakkure@hotmail.com | D9: 642427575 | E9: 4311469006 | F9: ธนาคารไทยพาณิชย์ (SCB) | G9: 7 | H9: 2043 | I9: 0 | J9: 2043 | K9: 244234 | L9: 2043 | M9: =+L9-J9 -> 0
A10: 8 | B10: 244235 | C10: suckjakkure@hotmail.com | D10: 642427575 | E10: 4311469006 | F10: ธนาคารไทยพาณิชย์ (SCB) | G10: 1 | H10: 369 | I10: 0 | J10: 369 | K10: 244235 | L10: 369 | M10: =+L10-J10 -> 0
A11: 9 | B11: 244236 | C11: suckjakkure@hotmail.com | D11: 642427575 | E11: 4311469006 | F11: ธนาคารไทยพาณิชย์ (SCB) | G11: 9 | H11: 2541 | I11: 0 | J11: 2541 | K11: 244236 | L11: 2541 | M11: =+L11-J11 -> 0
A12: 10 | B12: 244237 | C12: suckjakkure@hotmail.com | D12: 642427575 | E12: 4311469006 | F12: ธนาคารไทยพาณิชย์ (SCB) | G12: 19 | H12: 5114 | I12: 0 | J12: 5114 | K12: 244237 | L12: 5114 | M12: =+L12-J12 -> 0
A13: 11 | B13: 244238 | C13: suckjakkure@hotmail.com | D13: 642427575 | E13: 4311469006 | F13: ธนาคารไทยพาณิชย์ (SCB) | G13: 31 | H13: 9412 | I13: 0 | J13: 9412 | K13: 244238 | L13: 9412 | M13: =+L13-J13 -> 0
A14: 12 | B14: 244239 | C14: suckjakkure@hotmail.com | D14: 642427575 | E14: 4311469006 | F14: ธนาคารไทยพาณิชย์ (SCB) | G14: 24 | H14: 6926 | I14: 0 | J14: 6926 | K14: 244239 | L14: 6926 | M14: =+L14-J14 -> 0
A15: 13 | B15: 244240 | C15: suckjakkure@hotmail.com | D15: 642427575 | E15: 4311469006 | F15: ธนาคารไทยพาณิชย์ (SCB) | G15: 19 | H15: 6242 | I15: 0 | J15: 6242 | K15: 244240 | L15: 6242 | M15: =+L15-J15 -> 0
... A23: 21 | B23: 244248 | C23: suckjakkure@hotmail.com | D23: 642427575 | E23: 4311469006 | F23: ธนาคารไทยพาณิชย์ (SCB) | G23: 6 | H23: 2333 | I23: 0 | J23: 2333 | K23: 244248 | L23: 2333 | M23: =+L23-J23 -> 0
A24: 22 | B24: 244249 | C24: ไม่มียอดเก็บ COD | K24: 244249 | M24: =+L24-J24 -> 0
A25: 23 | B25: 244250 | C25: suckjakkure@hotmail.com | D25: 642427575 | E25: 4311469006 | F25: ธนาคารไทยพาณิชย์ (SCB) | G25: 7 | H25: 1648 | I25: 0 | J25: 1648 | K25: 244250 | L25: 1648 | M25: =+L25-J25 -> 0
A26: 24 | B26: 244251 | C26: suckjakkure@hotmail.com | D26: 642427575 | E26: 4311469006 | F26: ธนาคารไทยพาณิชย์ (SCB) | G26: 7 | H26: 2273 | I26: 0 | J26: 2273 | K26: 244251 | L26: 2273 | M26: =+L26-J26 -> 0
A27: 25 | B27: 244252 | C27: suckjakkure@hotmail.com | D27: 642427575 | E27: 4311469006 | F27: ธนาคารไทยพาณิชย์ (SCB) | G27: 3 | H27: 897 | I27: 0 | J27: 897 | K27: 244252 | L27: 897 | M27: =+L27-J27 -> 0
A28: 26 | B28: 244253 | C28: suckjakkure@hotmail.com | D28: 642427575 | E28: 4311469006 | F28: ธนาคารไทยพาณิชย์ (SCB) | G28: 6 | H28: 1776 | I28: 0 | J28: 1776 | K28: 244253 | L28: 1776 | M28: =+L28-J28 -> 0
A29: 27 | B29: 244254 | C29: suckjakkure@hotmail.com | D29: 642427575 | E29: 4311469006 | F29: ธนาคารไทยพาณิชย์ (SCB) | G29: 4 | H29: 1710 | I29: 0 | J29: 1710 | K29: 244254 | L29: 1710 | M29: =+L29-J29 -> 0
A30: 28 | B30: 244255 | C30: suckjakkure@hotmail.com | D30: 642427575 | E30: 4311469006 | F30: ธนาคารไทยพาณิชย์ (SCB) | G30: 2 | H30: 475 | I30: 0 | J30: 475 | K30: 244255 | L30: 475 | M30: =+L30-J30 -> 0
A31: 29 | B31: 244256 | C31: suckjakkure@hotmail.com | D31: 642427575 | E31: 4311469006 | F31: ธนาคารไทยพาณิชย์ (SCB) | G31: 3 | H31: 3299 | I31: 0 | J31: 3299 | K31: 244256 | L31: 3299 | M31: =+L31-J31 -> 0
A32: 30 | B32: 244257 | C32: suckjakkure@hotmail.com | D32: 642427575 | E32: 4311469006 | F32: ธนาคารไทยพาณิชย์ (SCB) | G32: 6 | H32: 1563 | I32: 0 | J32: 1563 | K32: 244257 | L32: 1563 | M32: =+L32-J32 -> 0
A33: 31 | B33: 244258 | K33: 244258 | M33: =+L33-J33 -> 0
A34: 32 | B34: 244259 | K34: 244259 | M34: =+L34-J34 -> 0
F35: ยอดรวม | G35: =SUM(G3:G34) -> 323 | H35: =SUM(H3:H34) -> 99658 | I35: =SUM(I3:I34) -> 0 | J35: =SUM(J3:J34) -> 99658 | K35: บาท | L35: =SUM(L3:L34) -> 99658 | M35: บาท

Sheet ส.ค.
A1: ข้อมูลการเก็บเงินปลายทาง (COD) แบบแยกรายละเอียด เดือนสิงหาคม 2568
A2: ลำดับ | B2: วันที่ | C2: Email | D2: Facebook Page | E2: Order No. / เลขที่ออเดอร์ | F2: Tracking No. / เลขพัสดุ | G2: recipientName / ชื่อลูกค้า | H2: Amount / ยอด COD
A3: 1 | B3: 244197 | C3: suckjakkure@hotmail.com | D3: FACEBOOK | F3: JA274602255TH | G3: ทิพณัฐชา วงศ์ศิริวัฒน์ | H3: 220
A4: 2 | B4: 244197 | C4: suckjakkure@hotmail.com | D4: FACEBOOK | F4: JA262985760TH | G4: รัชดา บุญสมาน | H4: 215
A5: 3 | B5: 244197 | C5: suckjakkure@hotmail.com | D5: FACEBOOK | F5: JA262985800TH | G5: วันทนีย์ สีพุฒิ | H5: 215
A6: 4 | B6: 244197 | C6: suckjakkure@hotmail.com | D6: FACEBOOK | F6: JA262985795TH | G6: น้องนาง สุขโข | H6: 219
A7: 5 | B7: 244197 | C7: suckjakkure@hotmail.com | D7: FACEBOOK | F7: JA262985742TH | G7: เบญจวรรณ ตั้งเรืองสุวรรณ | H7: 219
A8: 6 | B8: 244198 | C8: suckjakkure@hotmail.com | D8: FACEBOOK | F8: JA262985725TH | G8: ชนาภา | H8: 200
A9: 7 | B9: 244198 | C9: suckjakkure@hotmail.com | D9: FACEBOOK | F9: JA274602269TH | G9: ดร.เล็ก มนัญญา | H9: 319
A10: 8 | B10: 244198 | C10: suckjakkure@hotmail.com | D10: FACEBOOK | F10: JA262985827TH | G10: วีรปริยา สิทธิไกรพงษ์ | H10: 215
A11: 9 | B11: 244198 | C11: suckjakkure@hotmail.com | D11: FACEBOOK | F11: JA262985787TH | G11: วาสนา | H11: 215
A12: 10 | B12: 244198 | C12: suckjakkure@hotmail.com | D12: FACEBOOK | F12: JA274826173TH | G12: ทราย | H12: 215
A13: 11 | B13: 244198 | C13: suckjakkure@hotmail.com | D13: FACEBOOK | F13: JA274955323TH | G13: พรภาดากุล อรพินทร์ | H13: 215
A14: 12 | B14: 244198 | C14: suckjakkure@hotmail.com | D14: FACEBOOK | F14: JA274602272TH | G14: อุษณี ทองหล่อ | H14: 315
A15: 13 | B15: 244199 | C15: suckjakkure@hotmail.com | D15: FACEBOOK | E15: KTINTER6886cee9f173329bc718d6d1 | F15: TH16027J1CUM2D | G15: คุณแต๋ม | H15: 309
A16: 14 | B16: 244199 | C16: suckjakkure@hotmail.com | D16: FACEBOOK | F16: JA262985773TH | G16: นฤมล เดือนขาว | H16: 215
A17: 15 | B17: 244199 | C17: suckjakkure@hotmail.com | D17: FACEBOOK | F17: JA274826160TH | G17: แอน | H17: 215
A18: 16 | B18: 244199 | C18: suckjakkure@hotmail.com | D18: FACEBOOK | F18: JA275285576TH | G18: มาลินี นิลนพคุณ | H18: 219
A19: 17 | B19: 244199 | C19: suckjakkure@hotmail.com | D19: FACEBOOK | F19: JA275285562TH | G19: ศรีสมเจตน์ | H19: 199
A20: 18 | B20: 244201 | C20: suckjakkure@hotmail.com | D20: FACEBOOK | F20: JA275352925TH | G20: ร้านสายใจ | H20: 230
A21: 19 | B21: 244201 | C21: suckjakkure@hotmail.com | D21: FACEBOOK | F21: JA274955310TH | G21: ประกอบ | H21: 215
A22: 20 | B22: 244201 | C22: suckjakkure@hotmail.com | D22: FACEBOOK | F22: JA275285559TH | G22: ไข่มุก | H22: 219
A23: 21 | B23: 244203 | C23: suckjakkure@hotmail.com | D23: FACEBOOK | F23: JA276542214TH | G23: Pkkid Pkkid กมลลักษณ์ ลายนอก | H23: 450
A24: 22 | B24: 244203 | C24: suckjakkure@hotmail.com | D24: FACEBOOK | F24: JA276542421TH | G24: วิสูตร งิ้วแหลม | H24: 215
A25: 23 | B25: 244203 | C25: suckjakkure@hotmail.com | D25: FACEBOOK | F25: JA276542302TH | G25: สมลักษณ์ ธนกิจโกศล | H25: 219
A26: 24 | B26: 244203 | C26: suckjakkure@hotmail.com | D26: FACEBOOK | F26: JA276542378TH | G26: วิมล | H26: 315
A27: 25 | B27: 244204 | C27: suckjakkure@hotmail.com | D27: FACEBOOK | F27: JA276857712TH | G27: Jajar Suchada | H27: 215
... A34: 32 | B34: 244205 | C34: suckjakkure@hotmail.com | D34: FACEBOOK | F34: JA276542449TH | G34: อุไรวรรณ หล้าสวย | H34: 215
A35: 33 | B35: 244205 | C35: suckjakkure@hotmail.com | D35: FACEBOOK | F35: JA277201066TH | G35: =SUM(G3:G34) -> 0 | H35: =SUM(H3:H34) -> 7729 | I35: =SUM(I3:I34) -> 0 | J35: =SUM(J3:J34) -> 0 | L35: =SUM(L3:L34) -> 0
A36: 34 | B36: 244205 | C36: suckjakkure@hotmail.com | D36: FACEBOOK | F36: JA277201123TH | G36: ศรีสมร ไพรอนันต์ | H36: 200
A37: 35 | B37: 244205 | C37: suckjakkure@hotmail.com | D37: FACEBOOK | F37: JA277201273TH | G37: สุจิรา ลาภหลาย | H37: 200
A38: 36 | B38: 244205 | C38: suckjakkure@hotmail.com | D38: FACEBOOK | F38: JA277201375TH | G38: ปราโมทย์ Pramote Bukkol | H38: 215
A39: 37 | B39: 244205 | C39: suckjakkure@hotmail.com | D39: FACEBOOK | F39: JA277200905TH | G39: สายใจ สำเริง | H39: 215
A40: 38 | B40: 244205 | C40: suckjakkure@hotmail.com | D40: FACEBOOK | F40: JA277201239TH | G40: จิรัฐติกาล รักษาทรัพย์ | H40: 215
A41: 39 | B41: 244205 | C41: suckjakkure@hotmail.com | D41: FACEBOOK | F41: JA276857726TH | G41: นายวัชระ ท้วมเทียบ | H41: 215
A42: 40 | B42: 244205 | C42: suckjakkure@hotmail.com | D42: FACEBOOK | F42: JA277200919TH | G42: กาญจนา อาจคงหาญ | H42: 215
A43: 41 | B43: 244205 | C43: suckjakkure@hotmail.com | D43: FACEBOOK | F43: JA277201300TH | G43: ขวัญจิต.รัศมีรังษีเหลือง | H43: 200
A44: 42 | B44: 244205 | C44: suckjakkure@hotmail.com | D44: FACEBOOK | F44: JA277201185TH | G44: จารุณี สมน้อย | H44: 200
A45: 43 | B45: 244205 | C45: suckjakkure@hotmail.com | D45: FACEBOOK | F45: JA277201110TH | G45: น้ำตาล | H45: 800
A46: 44 | B46: 244205 | C46: suckjakkure@hotmail.com | D46: FACEBOOK | F46: JA277201211TH | G46: ศิรินภา | H46: 215
A47: 45 | B47: 244205 | C47: suckjakkure@hotmail.com | D47: FACEBOOK | F47: JA277201154TH | G47: สุวรรณี เหล่าชาญกิจวนิช | H47: 200
... A168: 166 | B168: 244210 | C168: suckjakkure@hotmail.com | D168: FACEBOOK | F168: JA278206507TH | G168: ณิชกุลขุนทาระ | H168: 219
A169: 167 | B169: 244210 | C169: suckjakkure@hotmail.com | D169: FACEBOOK | E169: KTINTER6896a80cc0ed406ca38fb3d2 | F169: TH01127KTHJ86A1 | G169: นายจิระศักดิ์ อภิรักษ์สกุล | H169: 200
A170: 168 | B170: 244210 | C170: suckjakkure@hotmail.com | D170: FACEBOOK | E170: KTINTER689812c24b53d43d4f8bc76b | F170: TH01157KTR5F9A0 | G170: พรกมล รอดเดช | H170: 200
A171: 169 | B171: 244210 | C171: suckjakkure@hotmail.com | D171: FACEBOOK | E171: KTINTER689814b8620efc49f0b3dbf8 | F171: TH01177KTR5C7B1 | G171: พิมพ์พิชา เกตุควบ | H171: 215
A172: 170 | B172: 244210 | C172: suckjakkure@hotmail.com | D172: FACEBOOK | E172: KTINTER68981544620efc49f0b40a92 | F172: TH01407KTR5B6B2 | G172: รวินท์ทิพย์ อังกินันทน์ | H172: 200
A173: 171 | B173: 244210 | C173: suckjakkure@hotmail.com | D173: FACEBOOK | E173: KTINTER6896a878c0ed406ca38fdc3a | F173: TH01427KTHJ58A1 | G173: ธนทัต แพรเถา เอกมัย | H173: 200
A174: 172 | B174: 244210 | C174: suckjakkure@hotmail.com | D174: FACEBOOK | E174: KTINTER6895b54affc984d8e00eb4e0 | F174: TH01427KTHJA6A0 | G174: จิดาภา นันทศรีรัตน์ | H174: 200
A175: 173 | B175: 244210 | C175: suckjakkure@hotmail.com | D175: FACEBOOK | E175: KTINTER68957d5eed0f6f3d226b8933 | F175: TH02017KTKH65L | G175: หมู | H175: 200
A176: 174 | B176: 244210 | C176: suckjakkure@hotmail.com | D176: FACEBOOK | E176: KTINTER6896a822c0ed406ca38fbc60 | F176: TH02057KTHJ81E0 | G176: ปัทมาสน์ | H176: 200
A177: 175 | B177: 244210 | C177: suckjakkure@hotmail.com | D177: FACEBOOK | E177: KTINTER68969da9c0ed406ca38b79bb | F177: TH04017KTKH28K | G177: มงคลรัตน์ ทรัพย์วรเตชะ | H177: 400
A178: 176 | B178: 244210 | C178: suckjakkure@hotmail.com | D178: FACEBOOK | E178: KTINTER68959bb83b1901399c799ba7 | F178: TH07107KTKH53C | G178: อรนภา เนาว์สา | H178: 200
A179: 177 | B179: 244210 | C179: suckjakkure@hotmail.com | D179: FACEBOOK | E179: KTINTER689582b58c72ca256f944ba0 | F179: TH07107KTKH59C | G179: อรนภา เนาว์สา | H179: 200
A180: 178 | B180: 244210 | C180: suckjakkure@hotmail.com | D180: FACEBOOK | E180: KTINTER689813f917fd5bd0e15bd1fa | F180: TH21017KTR5F1E | G180: วาสนา ขวัญม่วง | H180: 219
... A183: 181 | B183: 244210 | C183: suckjakkure@hotmail.com | D183: FACEBOOK | E183: KTINTER6896a838526f1fc97416e7bd | F183: TH60077KTHJ77A | G183: ภาวิณี คะเนนึก | H183: 200
A184: 182 | B184: 244211 | C184: suckjakkure@hotmail.com | D184: FACEBOOK | F184: JA277771160TH | G184: เจนจิรา อุดมลาภ | H184: 200
A185: 183 | B185: 244211 | C185: suckjakkure@hotmail.com | D185: FACEBOOK | F185: JA278206524TH | G185: พิมพรรณ ภัทรากุล | H185: 200
A186: 184 | B186: 244211 | C186: suckjakkure@hotmail.com | D186: FACEBOOK | E186: KTINTER6898142d811296ddacc565d6 | F186: TH13067KTR5D9D | G186: สุภัควีญ์ สมานทรัพย์ | H186: 200
A187: 185 | B187: 244211 | C187: suckjakkure@hotmail.com | D187: FACEBOOK | E187: KTINTER689814e44b53d43d4f8c741e | F187: TH15017KTR5C4A | G187: เดือนเพ็ญ | H187: 215
A188: 186 | B188: 244211 | C188: suckjakkure@hotmail.com | D188: FACEBOOK | E188: KTINTER689813274b53d43d4f8be711 | F188: TH20017KTR5F5L | G188: ณัฐพล | H188: 215
A189: 187 | B189: 244211 | C189: suckjakkure@hotmail.com | D189: FACEBOOK | E189: KTINTER6896a7c77322bcd928465dcf | F189: TH27207KTHJ97D | G189: อุษณา ไพศาลพยัคฆ์ | H189: 200
A190: 188 | B190: 244211 | C190: suckjakkure@hotmail.com | D190: FACEBOOK | E190: KTINTER6898122117fd5bd0e15b1903 | F190: TH28157KTR5J4B | G190: น.ส ประภา เขียวต่าย | H190: 415
A191: 189 | B191: 244211 | C191: suckjakkure@hotmail.com | D191: FACEBOOK | E191: KTINTER689815104b53d43d4f8c8181 | F191: TH32017KTR5C0L | G191: ศิวาภรณ์ เกษศิริ | H191: 200
A192: 190 | B192: 244211 | C192: suckjakkure@hotmail.com | D192: FACEBOOK | E192: KTINTER68981361620efc49f0b35bcb | F192: TH47157KTR5F3B | G192: กรรณิการ์ ดีบุญ | H192: 215
A193: 191 | B193: 244211 | C193: suckjakkure@hotmail.com | D193: FACEBOOK | E193: KTINTER68957b488c72ca256f9122f0 | F193: TH54067KTKH75A | G193: ปิยนุช ศรีโชคสิทธิกุล | H193: 200
A194: 192 | B194: 244211 | C194: suckjakkure@hotmail.com | D194: FACEBOOK | E194: KTINTER689811efbef59379644fce8e | F194: TH67017KTR5J6E1 | G194: หงษ์ฟ้า แสงเดช | H194: 200
A195: 193 | B195: 244211 | C195: suckjakkure@hotmail.com | D195: FACEBOOK | E195: KTINTER68957d308c72ca256f91dbe3 | F195: TH67037KTKH68B | G195: เค.เอ็น โฮมแอนด์ไลท์ติ้ง | H195: 200
A196: 194 | B196: 244212 | C196: suckjakkure@hotmail.com | D196: FACEBOOK | F196: JA277223441TH | G196: ตุ๊กตา ชูศรี | H196: 200
A197: 195 | B197: 244212 | C197: suckjakkure@hotmail.com | D197: FACEBOOK | F197: JA277770969TH | G197: เมณิชา หลวงหล้า | H197: 200
A198: 196 | B198: 244212 | C198: suckjakkure@hotmail.com | D198: FACEBOOK | F198: JA277771010TH | G198: ใหนใครว่า ไม่ทิ้ง | H198: 489
A199: 197 | B199: 244213 | C199: suckjakkure@hotmail.com | D199: FACEBOOK | E199: KTINTER689a9252620efc49f069e73c | F199: TH01227M11YJ3C | G199: บอล | H199: 219
A200: 198 | B200: 244213 | C200: suckjakkure@hotmail.com | D200: FACEBOOK | E200: KTINTER689a92aa70d5e7c9132e46d3 | F200: TH01397M11YB0E | G200: นยา อุษาวงษ์ | H200: 215
A201: 199 | B201: 244213 | C201: suckjakkure@hotmail.com | D201: FACEBOOK | E201: KTINTER6895baca69679c7739adf7ef | F201: TH55047KTKH36B | G201: นางพิศปราณี ปัทมเนตร | H201: 200
A202: 200 | B202: 244213 | C202: suckjakkure@hotmail.com | D202: FACEBOOK | E202: KTINTER68981265811296ddacc4b81c | F202: TH61027KTR5H9D | G202: ลำใย อินทร์ภิรมย์ | H202: 500
A203: 201 | B203: 244215 | C203: suckjakkure@hotmail.com | D203: FACEBOOK | F203: JA278763519TH | G203: ลัดดา | H203: 215
A204: 202 | B204: 244216 | C204: suckjakkure@hotmail.com | D204: FACEBOOK | F204: JA280211837TH | G204: ณภัสศรัญ ตุ๊กตา | H204: 170
A205: 203 | B205: 244217 | C205: suckjakkure@hotmail.com | D205: FACEBOOK | F205: JA280211845TH | G205: รุ้งกาญจน์ ติ่งรวมญาติ | H205: 215
A206: 204 | B206: 244219 | C206: suckjakkure@hotmail.com | D206: FACEBOOK | F206: JA281252002TH | G206: Waraput Nantawong | H206: 515
A207: 205 | B207: 244219 | C207: suckjakkure@hotmail.com | D207: FACEBOOK | F207: JA281252064TH | G207: นิภา จันผ่อง | H207: 215
A208: 206 | B208: 244219 | C208: suckjakkure@hotmail.com | D208: FACEBOOK | F208: JA281252104TH | G208: สันทนา สองรุ่งชัยฤทธิ์ | H208: 215
A209: 207 | B209: 244219 | C209: suckjakkure@hotmail.com | D209: FACEBOOK | F209: JA281252081TH | G209: สมคิด เจ้ใหญ่นะจ่ะ | H209: 215
A210: 208 | B210: 244219 | C210: suckjakkure@hotmail.com | D210: FACEBOOK | F210: JA281252135TH | G210: นางสาวสุธิดา หนองห้าง | H210: 630
A211: 209 | B211: 244219 | C211: suckjakkure@hotmail.com | D211: FACEBOOK | F211: JA281252033TH | G211: Usanee Mongkolla | H211: 430
A212: 210 | B212: 244219 | C212: suckjakkure@hotmail.com | D212: FACEBOOK | F212: JA281251996TH | G212: ธัญวลัย อุ่นเจริญ | H212: 324
A213: 211 | B213: 244219 | C213: suckjakkure@hotmail.com | D213: FACEBOOK | F213: JA281252055TH | G213: ลดาวัลย์ รุ่งเรืองผล | H213: 309
A214: 212 | B214: 244220 | C214: suckjakkure@hotmail.com | D214: FACEBOOK | F214: JA281251982TH | G214: ยิ้ม ชวนอยุ่ | H214: 215
... A244: 242 | B244: 244227 | C244: suckjakkure@hotmail.com | D244: FACEBOOK | F244: WA008139592TH | G244: พิกุล แก้วอุ่น | H244: 199
A245: 243
A246: 244
A247: 245
A248: 246
A249: 247
A250: 248
A251: 248
A252: 248
A253: 248
A254: 248
A255: 248
H256: =SUM(H3:H255) -> 70176 | I256: บาท

Sheet Summary ส.ค.
B1: ข้อมูลการเก็บเงินปลายทาง (COD) แบบรวมยอดประจำวัน เดือนสิงหาคม 2568 | K1: ตรวจในสเตทเม้น
A2: ลำดับ | B2: วันที่ | C2: Email | D2: Tel | E2: Bank Account Number / เลขที่บัญชี | F2: Bank Account Name / ชื่อธนาคาร | G2: Total Order / จำนวนออเดอร์ | H2: COD Amount / ยอดรวม COD | I2: Deduct | J2: Total Amount / ยอดรวม COD | K2: วันที่เงินเข้า | L2: ยอดเข้า | M2: หมายเหตุ
A3: 1 | B3: 244197 | C3: suckjakkure@hotmail.com | D3: 0642427575 | E3: 4311469006 | F3: ธนาคารไทยพาณิชย์ (SCB) | G3: 5 | H3: 1088 | I3: 0 | J3: 1088 | K3: 244197 | L3: 1088 | M3: =+L3-J3 -> 0
A4: 2 | B4: 244198 | C4: suckjakkure@hotmail.com | D4: 0642427575 | E4: 4311469006 | F4: ธนาคารไทยพาณิชย์ (SCB) | G4: 7 | H4: 1694 | I4: 0 | J4: 1694 | K4: 244198 | L4: 1694 | M4: =+L4-J4 -> 0
A5: 3 | B5: 244199 | C5: suckjakkure@hotmail.com | D5: 0642427575 | E5: 4311469006 | F5: ธนาคารไทยพาณิชย์ (SCB) | G5: 1 | H5: 309 | I5: 0 | J5: 309 | K5: 244199 | L5: 309 | M5: =+L5-J5 -> 0
A6: 4 | B6: 244199 | C6: suckjakkure@hotmail.com | D6: 0642427575 | E6: 4311469006 | F6: ธนาคารไทยพาณิชย์ (SCB) | G6: 4 | H6: 848 | I6: 0 | J6: 848 | K6: 244199 | L6: 848 | M6: =+L6-J6 -> 0
A7: 5 | B7: 244200 | C7: ไม่มียอดเก็บ COD | K7: 244200 | L7: 0 | M7: =+L7-J7 -> 0
A8: 6 | B8: 244201 | C8: suckjakkure@hotmail.com | D8: 0642427575 | E8: 4311469006 | F8: ธนาคารไทยพาณิชย์ (SCB) | G8: 3 | H8: 664 | I8: 0 | J8: 664 | K8: 244201 | L8: 664 | M8: =+L8-J8 -> 0
A9: 7 | B9: 244202 | C9: ไม่มียอดเก็บ COD | K9: 244202 | L9: 0 | M9: =+L9-J9 -> 0
A10: 8 | B10: 244203 | C10: suckjakkure@hotmail.com | D10: 0642427575 | E10: 4311469006 | F10: ธนาคารไทยพาณิชย์ (SCB) | G10: 4 | H10: 1199 | I10: 0 | J10: 1199 | K10: 244203 | L10: 1199 | M10: =+L10-J10 -> 0
A11: 9 | B11: 244204 | C11: suckjakkure@hotmail.com | D11: 0642427575 | E11: 4311469006 | F11: ธนาคารไทยพาณิชย์ (SCB) | G11: 3 | H11: 649 | I11: 0 | J11: 649 | K11: 244204 | L11: 649 | M11: =+L11-J11 -> 0
A12: 10 | B12: 244205 | C12: suckjakkure@hotmail.com | D12: 0642427575 | E12: 4311469006 | F12: ธนาคารไทยพาณิชย์ (SCB) | G12: 28 | H12: 9008 | I12: 0 | J12: 9008 | K12: 244205 | L12: 9008 | M12: =+L12-J12 -> 0
A13: 11 | B13: 244206 | C13: suckjakkure@hotmail.com | D13: 0642427575 | E13: 4311469006 | F13: ธนาคารไทยพาณิชย์ (SCB) | G13: 21 | H13: 5447 | I13: 0 | J13: 5447 | K13: 244206 | L13: 5447 | M13: =+L13-J13 -> 0
A14: 12 | B14: 244207 | C14: suckjakkure@hotmail.com | D14: 0642427575 | E14: 4311469006 | F14: ธนาคารไทยพาณิชย์ (SCB) | G14: 7 | H14: 1730 | I14: 0 | J14: 1730 | K14: 244207 | L14: 1730 | M14: =+L14-J14 -> 0
A15: 13 | B15: 244208 | C15: suckjakkure@hotmail.com | D15: 0642427575 | E15: 4311469006 | F15: ธนาคารไทยพาณิชย์ (SCB) | G15: 67 | H15: 15956 | I15: 0 | J15: 15956 | K15: 244208 | L15: 15956 | M15: =+L15-J15 -> 0
A16: 14 | B16: 244209 | C16: suckjakkure@hotmail.com | D16: 0642427575 | E16: 4311469006 | F16: ธนาคารไทยพาณิชย์ (SCB) | G16: 10 | H16: 3615 | I16: 0 | J16: 3615 | K16: 244209 | L16: 3615 | M16: =+L16-J16 -> 0
A17: 15 | B17: 244210 | C17: suckjakkure@hotmail.com | D17: 0642427575 | E17: 4311469006 | F17: ธนาคารไทยพาณิชย์ (SCB) | G17: 6 | H17: 1249 | I17: 0 | J17: 1249 | K17: 244210 | L17: 1249 | M17: =+L17-J17 -> 0
A18: 16 | B18: 244210 | C18: suckjakkure@hotmail.com | D18: 0642427575 | E18: 4311469006 | F18: ธนาคารไทยพาณิชย์ (SCB) | G18: 15 | H18: 3184 | I18: 0 | J18: 3184 | K18: 244210 | L18: 3184 | M18: =+L18-J18 -> 0
A19: 17 | B19: 244211 | C19: suckjakkure@hotmail.com | D19: 0642427575 | E19: 4311469006 | F19: ธนาคารไทยพาณิชย์ (SCB) | G19: 2 | H19: 400 | I19: 0 | J19: 400 | K19: 244211 | L19: 400 | M19: =+L19-J19 -> 0
A20: 18 | B20: 244211 | C20: suckjakkure@hotmail.com | D20: 0642427575 | E20: 4311469006 | F20: ธนาคารไทยพาณิชย์ (SCB) | G20: 10 | H20: 2260 | I20: 0 | J20: 2260 | K20: 244211 | L20: 2260 | M20: =+L20-J20 -> 0
A21: 19 | B21: 244212 | C21: suckjakkure@hotmail.com | D21: 0642427575 | E21: 4311469006 | F21: ธนาคารไทยพาณิชย์ (SCB) | G21: 3 | H21: 889 | I21: 0 | J21: 889 | K21: 244212 | L21: 889 | M21: =+L21-J21 -> 0
... A23: 21 | B23: 244213 | C23: suckjakkure@hotmail.com | D23: 0642427575 | E23: 4311469006 | F23: ธนาคารไทยพาณิชย์ (SCB) | G23: 1 | H23: 215 | I23: 0 | J23: 215 | K23: 244213 | L23: 215 | M23: =+L23-J23 -> 0
A24: 22 | B24: 244214 | C24: ไม่มียอดเก็บ COD | K24: 244214 | L24: 0 | M24: =+L24-J24 -> 0
A25: 23 | B25: 244215 | C25: suckjakkure@hotmail.com | D25: 0642427575 | E25: 4311469006 | F25: ธนาคารไทยพาณิชย์ (SCB) | G25: 1 | H25: 215 | I25: 0 | J25: 215 | K25: 244215 | L25: 215 | M25: =+L25-J25 -> 0
A26: 24 | B26: 244216 | C26: suckjakkure@hotmail.com | D26: 0642427575 | E26: 4311469006 | F26: ธนาคารไทยพาณิชย์ (SCB) | G26: 1 | H26: 170 | I26: 0 | J26: 170 | K26: 244216 | L26: 170 | M26: =+L26-J26 -> 0
A27: 25 | B27: 244217 | C27: suckjakkure@hotmail.com | D27: 0642427575 | E27: 4311469006 | F27: ธนาคารไทยพาณิชย์ (SCB) | G27: 1 | H27: 215 | I27: 0 | J27: 215 | K27: 244217 | L27: 215 | M27: =+L27-J27 -> 0
A28: 26 | B28: 244218 | C28: ไม่มียอดเก็บ COD | K28: 244218 | L28: 0 | M28: =+L28-J28 -> 0
A29: 27 | B29: 244219 | C29: suckjakkure@hotmail.com | D29: 642427575 | E29: 4311469006 | F29: ธนาคารไทยพาณิชย์ (SCB) | G29: 8 | H29: 2853 | I29: 0 | J29: 2853 | K29: 244219 | L29: 2853 | M29: =+L29-J29 -> 0
A30: 28 | B30: 244220 | C30: suckjakkure@hotmail.com | D30: 642427575 | E30: 4311469006 | F30: ธนาคารไทยพาณิชย์ (SCB) | G30: 9 | H30: 1900 | I30: 0 | J30: 1900 | K30: 244220 | L30: 1900 | M30: =+L30-J30 -> 0
A31: 29 | B31: 244221 | C31: suckjakkure@hotmail.com | D31: 642427575 | E31: 4311469006 | F31: ธนาคารไทยพาณิชย์ (SCB) | G31: 1 | H31: 215 | I31: 0 | J31: 215 | K31: 244221 | L31: 215 | M31: =+L31-J31 -> 0
A32: 30 | B32: 244222 | C32: suckjakkure@hotmail.com | D32: 642427575 | E32: 4311469006 | F32: ธนาคารไทยพาณิชย์ (SCB) | G32: 9 | H32: 2228 | I32: 0 | J32: 2228 | K32: 244222 | L32: 2228 | M32: =+L32-J32 -> 0
A33: 31 | B33: 244223 | C33: suckjakkure@hotmail.com | D33: 642427575 | E33: 4311469006 | F33: ธนาคารไทยพาณิชย์ (SCB) | G33: 3 | H33: 900 | I33: 0 | J33: 900 | K33: 244223 | L33: 900 | M33: =+L33-J33 -> 0
A34: 32 | B34: 244224 | C34: suckjakkure@hotmail.com | D34: 642427575 | E34: 4311469006 | F34: ธนาคารไทยพาณิชย์ (SCB) | G34: 4 | H34: 1259 | I34: 0 | J34: 1259 | K34: 244224 | L34: 1259 | M34: =+L34-J34 -> 0
B35: 244225 | C35: suckjakkure@hotmail.com | D35: 642427575 | E35: 4311469006 | F35: ธนาคารไทยพาณิชย์ (SCB) | G35: =SUM(G3:G34) -> 238 | H35: =SUM(H3:H34) -> 61493 | I35: =SUM(I3:I34) -> 0 | J35: =SUM(J3:J34) -> 61493 | K35: 244225 | L35: =SUM(L3:L34) -> 61493 | M35: =+L35-J35 -> 0
B36: 244226 | C36: suckjakkure@hotmail.com | D36: 642427575 | E36: 4311469006 | F36: ธนาคารไทยพาณิชย์ (SCB) | G36: 2 | H36: 495 | I36: 0 | J36: 495 | K36: 244226 | L36: 495 | M36: =+L36-J36 -> 0
B37: 244227 | C37: suckjakkure@hotmail.com | D37: 642427575 | E37: 4311469006 | F37: ธนาคารไทยพาณิชย์ (SCB) | G37: 2 | H37: 379 | I37: 0 | J37: 379 | K37: 244227 | L37: 379 | M37: =+L37-J37 -> 0
B38: 244228 | K38: 244228 | M38: =+L38-J38 -> 0
F39: ยอดรวม | G39: =SUM(G3:G38) -> 480 | H39: =SUM(H3:H38) -> 123860 | I39: =SUM(I3:I38) -> 0 | J39: =SUM(J3:J38) -> 123860 | K39: บาท | L39: =SUM(L3:L38) -> 123860 | M39: บาท

Sheet ก.ค.
A1: ข้อมูลการเก็บเงินปลายทาง (COD) แบบแยกรายละเอียด เดือนกรกฎาคม 2568
A2: ลำดับ | B2: วันที่ | C2: Email | D2: Facebook Page | E2: Order No. / เลขที่ออเดอร์ | F2: Tracking No. / เลขพัสดุ | G2: recipientName / ชื่อลูกค้า | H2: Amount / ยอด COD
A3: 1 | B3: 244166 | C3: suckjakkure@hotmail.com | D3: FACEBOOK | F3: JA254343066TH | G3: ลักษณ์กมล สกุลตั้งพัฒนะกูล | H3: 215
A4: 2 | B4: 244166 | C4: suckjakkure@hotmail.com | D4: FACEBOOK | F4: JA254342848TH | G4: อรอนงค์ เจริญผ่อง | H4: 215
A5: 3 | B5: 244166 | C5: suckjakkure@hotmail.com | D5: FACEBOOK | F5: JA254343035TH | G5: ???? ??? ?? ??? | H5: 215
A6: 4 | B6: 244166 | C6: suckjakkure@hotmail.com | D6: FACEBOOK | F6: JA254342817TH | G6: สายทิพย์ ณะน่าน | H6: 215
A7: 5 | B7: 244166 | C7: suckjakkure@hotmail.com | D7: FACEBOOK | F7: JA254342879TH | G7: อุษา พุทธา | H7: 215
A8: 6 | B8: 244166 | C8: suckjakkure@hotmail.com | D8: FACEBOOK | F8: JA254342922TH | G8: น้ำเย็น | H8: 215
A9: 7 | B9: 244166 | C9: suckjakkure@hotmail.com | D9: FACEBOOK | F9: JA254342834TH | G9: สุภาพร สาประเสริฐ | H9: 215
A10: 8 | B10: 244166 | C10: suckjakkure@hotmail.com | D10: FACEBOOK | F10: JA254342825TH | G10: คลอใจ | H10: 215
A11: 9 | B11: 244166 | C11: suckjakkure@hotmail.com | D11: FACEBOOK | F11: JA254024221TH | G11: นายดำ ประมูล | H11: 170
A12: 10 | B12: 244166 | C12: suckjakkure@hotmail.com | D12: FACEBOOK | F12: JA253761494TH | G12: ธมกร นาครินทร์ | H12: 170
A13: 11 | B13: 244166 | C13: suckjakkure@hotmail.com | D13: FACEBOOK | F13: JA253761619TH | G13: นายนราดร บุตรสันติ์ | H13: 215
A14: 12 | B14: 244166 | C14: suckjakkure@hotmail.com | D14: FACEBOOK | F14: JA254342975TH | G14: ภาวนา บริบูรณ์ | H14: 215
... A34: 32 | B34: 244167 | C34: suckjakkure@hotmail.com | D34: FACEBOOK | F34: JA254343052TH | G34: เดือน โยธาฤทธิ์ | H34: 215
A35: 33 | B35: 244167 | C35: suckjakkure@hotmail.com | D35: FACEBOOK | F35: JA254342919TH | G35: =SUM(G3:G34) -> 0 | H35: =SUM(H3:H34) -> 7173 | I35: =SUM(I3:I34) -> 0 | J35: =SUM(J3:J34) -> 0 | L35: =SUM(L3:L34) -> 0
A36: 34 | B36: 244167 | C36: suckjakkure@hotmail.com | D36: FACEBOOK | F36: JA254342953TH | G36: โกมินทร์ มีมั่งคั่ง | H36: 215
A37: 35 | B37: 244167 | C37: suckjakkure@hotmail.com | D37: FACEBOOK | F37: JA254757709TH | G37: พลเทพ เทพเสนา | H37: 320
A38: 36 | B38: 244167 | C38: suckjakkure@hotmail.com | D38: FACEBOOK | F38: JA254757726TH | G38: อัมพร บุบผา | H38: 215
A39: 37 | B39: 244167 | C39: suckjakkure@hotmail.com | D39: FACEBOOK | F39: JA253761415TH | G39: สุภัทรา มะตะราช | H39: 215
A40: 38 | B40: 244167 | C40: suckjakkure@hotmail.com | D40: FACEBOOK | F40: JA253761565TH | G40: คีง | H40: 430
A41: 39 | B41: 244167 | C41: suckjakkure@hotmail.com | D41: FACEBOOK | F41: JA253761344TH | G41: จันทรา ผาแก้ว | H41: 215
A42: 40 | B42: 244167 | C42: suckjakkure@hotmail.com | D42: FACEBOOK | F42: JA254342851TH | G42: ภาสินี นิลคง | H42: 215
A43: 41 | B43: 244167 | C43: suckjakkure@hotmail.com | D43: FACEBOOK | F43: JA253761503TH | G43: น.ส.สุพัตรา มากจันทร์ | H43: 215
A44: 42 | B44: 244167 | C44: suckjakkure@hotmail.com | D44: FACEBOOK | F44: JA253761049TH | G44: เสาวภา ไพบูลย์ | H44: 215
A45: 43 | B45: 244167 | C45: suckjakkure@hotmail.com | D45: FACEBOOK | F45: JA254343049TH | G45: วันดีดำคง | H45: 215
A46: 44 | B46: 244168 | C46: suckjakkure@hotmail.com | D46: FACEBOOK | F46: JA255169911TH | G46: สุภัสรา บัวประสาน | H46: 215
A47: 45 | B47: 244168 | C47: suckjakkure@hotmail.com | D47: FACEBOOK | F47: JA255169868TH | G47: ณัฐชดา พันธุ์หินลาด | H47: 215
... A231: 229 | B231: 244181 | C231: suckjakkure@hotmail.com | D231: FACEBOOK | F231: JA258813560TH | G231: นางสาวศดานันท์ จันทรมานิต | H231: 1000
A232: 230 | B232: 244181 | C232: suckjakkure@hotmail.com | D232: FACEBOOK | F232: JA258813587TH | G232: นางสาวศดานันท์ จันทรมานิต | H232: 1175 | I232: บาท
A233: 231 | B233: 244181 | C233: suckjakkure@hotmail.com | D233: FACEBOOK | F233: JA257278786TH | G233: ชนัญชิดา เฉลยพิศ | H233: 215
A234: 232 | B234: 244181 | C234: suckjakkure@hotmail.com | D234: FACEBOOK | F234: JA258320984TH | G234: แสงดาว_จำรัสลาภ | H234: 215
A235: 233 | B235: 244181 | C235: suckjakkure@hotmail.com | D235: FACEBOOK | F235: JA258071465TH | G235: สุกัญญา คำประกายกุล | H235: 215
A236: 234 | B236: 244181 | C236: suckjakkure@hotmail.com | D236: FACEBOOK | F236: JA258320967TH | G236: จินตนา ของทิพย์ | H236: 219
A237: 235 | B237: 244181 | C237: suckjakkure@hotmail.com | D237: FACEBOOK | F237: JA258813511TH | G237: สรรเสริญ ใจเย็น | H237: 215
A238: 236 | B238: 244181 | C238: suckjakkure@hotmail.com | D238: FACEBOOK | F238: JA258071479TH | G238: ธนศร | H238: 215
A239: 237 | B239: 244181 | C239: suckjakkure@hotmail.com | D239: FACEBOOK | F239: JA258813627TH | G239: ยุพา สงเคราะห์ | H239: 215
A240: 238 | B240: 244182 | C240: suckjakkure@hotmail.com | D240: FACEBOOK | F240: JA259166972TH | G240: คุณยอด ฤทธิ์ฉ่ำ | H240: 215
A241: 239 | B241: 244182 | C241: suckjakkure@hotmail.com | D241: FACEBOOK | F241: JA259167045TH | G241: อนุรี สายกลิ่น | H241: 215
A242: 240 | B242: 244182 | C242: suckjakkure@hotmail.com | D242: FACEBOOK | F242: JA257278698TH | G242: รินทร์ลิตา เพ็ชรรัตน์ | H242: 215
A243: 241 | B243: 244182 | C243: suckjakkure@hotmail.com | D243: FACEBOOK | F243: JA259166986TH | G243: สุพรรณี หมัดกอเซ็ม | H243: 430
A244: 242 | B244: 244182 | C244: suckjakkure@hotmail.com | D244: FACEBOOK | F244: JA259167071TH | G244: พนารัตน์ แซ่โล้ว | H244: 215
... A346: 344 | B346: 244196 | C346: suckjakkure@hotmail.com | D346: FACEBOOK | F346: JA262985756TH | G346: รุ่งจิต วรรณคุณ | H346: 215
G347: ยอดรวม | H347: =SUM(H3:H346) -> 93395 | I347: บาท

Sheet Summary ก.ค.
B1: ข้อมูลการเก็บเงินปลายทาง (COD) แบบรวมยอดประจำวัน เดือนกรกฎาคม 2568 | K1: ตรวจในสเตทเม้น
A2: ลำดับ | B2: วันที่ | C2: Email | D2: Tel | E2: Bank Account Number / เลขที่บัญชี | F2: Bank Account Name / ชื่อธนาคาร | G2: Total Order / จำนวนออเดอร์ | H2: COD Amount / ยอดรวม COD | I2: Deduct | J2: Total Amount / ยอดรวม COD | K2: วันที่เงินเข้า | L2: ยอดเข้า | M2: หมายเหตุ
A3: 1 | B3: 244166 | C3: suckjakkure@hotmail.com | D3: 0642427575 | E3: 4311469006 | F3: ธนาคารไทยพาณิชย์ (SCB) | G3: 31 | H3: 6958 | I3: 0 | J3: 6958 | K3: 244166 | L3: 6958 | M3: =+L3-J3 -> 0
A4: 2 | B4: 244167 | C4: suckjakkure@hotmail.com | D4: 0642427575 | E4: 4311469006 | F4: ธนาคารไทยพาณิชย์ (SCB) | G4: 12 | H4: 3135 | I4: 0 | J4: 3135 | K4: 244167 | L4: 3135 | M4: =+L4-J4 -> 0
A5: 3 | B5: 244168 | C5: suckjakkure@hotmail.com | D5: 0642427575 | E5: 4311469006 | F5: ธนาคารไทยพาณิชย์ (SCB) | G5: 23 | H5: 6669 | I5: 0 | J5: 6669 | K5: 244168 | L5: 6669 | M5: =+L5-J5 -> 0
A6: 4 | B6: 244169 | C6: suckjakkure@hotmail.com | D6: 0642427575 | E6: 4311469006 | F6: ธนาคารไทยพาณิชย์ (SCB) | G6: 20 | H6: 4670 | I6: 0 | J6: 4670 | K6: 244169 | L6: 4670 | M6: =+L6-J6 -> 0
A7: 5 | B7: 244170 | C7: suckjakkure@hotmail.com | D7: 0642427575 | E7: 4311469006 | F7: ธนาคารไทยพาณิชย์ (SCB) | G7: 13 | H7: 3267 | I7: 0 | J7: 3267 | K7: 244170 | L7: 3267 | M7: =+L7-J7 -> 0
A8: 6 | B8: 244171 | C8: suckjakkure@hotmail.com | D8: 0642427575 | E8: 4311469006 | F8: ธนาคารไทยพาณิชย์ (SCB) | G8: 1 | H8: 430 | I8: 0 | J8: 430 | K8: 244171 | L8: 430 | M8: =+L8-J8 -> 0
A9: 7 | B9: 244172 | C9: suckjakkure@hotmail.com | D9: 0642427575 | E9: 4311469006 | F9: ธนาคารไทยพาณิชย์ (SCB) | G9: 17 | H9: 4107 | I9: 0 | J9: 4107 | K9: 244172 | L9: 4107 | M9: =+L9-J9 -> 0
A10: 8 | B10: 244173 | C10: suckjakkure@hotmail.com | D10: 0642427575 | E10: 4311469006 | F10: ธนาคารไทยพาณิชย์ (SCB) | G10: 27 | H10: 6474 | I10: 0 | J10: 6474 | K10: 244173 | L10: 6474 | M10: =+L10-J10 -> 0
A11: 9 | B11: 244174 | C11: suckjakkure@hotmail.com | D11: 0642427575 | E11: 4311469006 | F11: ธนาคารไทยพาณิชย์ (SCB) | G11: 14 | H11: 3282 | I11: 0 | J11: 3282 | K11: 244174 | L11: 3282 | M11: =+L11-J11 -> 0
A12: 10 | B12: 244175 | C12: suckjakkure@hotmail.com | D12: 0642427575 | E12: 4311469006 | F12: ธนาคารไทยพาณิชย์ (SCB) | G12: 18 | H12: 5168 | I12: 0 | J12: 5168 | K12: 244175 | L12: 5168 | M12: =+L12-J12 -> 0
A13: 11 | B13: 244176 | C13: suckjakkure@hotmail.com | D13: 0642427575 | E13: 4311469006 | F13: ธนาคารไทยพาณิชย์ (SCB) | G13: 10 | H13: 2270 | I13: 0 | J13: 2270 | K13: 244176 | L13: 2270 | M13: =+L13-J13 -> 0
A14: 12 | B14: 244177 | C14: suckjakkure@hotmail.com | D14: 0642427575 | E14: 4311469006 | F14: ธนาคารไทยพาณิชย์ (SCB) | G14: 18 | H14: 4552 | I14: 0 | J14: 4552 | K14: 244177 | L14: 4552 | M14: =+L14-J14 -> 0
... A24: 22 | B24: 244187 | C24: suckjakkure@hotmail.com | D24: 0642427575 | E24: 4311469006 | F24: ธนาคารไทยพาณิชย์ (SCB) | G24: 6 | H24: 1570 | I24: 0 | J24: 1570 | K24: 244187 | L24: 1570 | M24: =+L24-J24 -> 0
A25: 23 | B25: 244188 | C25: ไม่มียอดเก็บ COD | K25: 244188 | L25: 0 | M25: =+L25-J25 -> 0
A26: 24 | B26: 244189 | C26: suckjakkure@hotmail.com | D26: 0642427575 | E26: 4311469006 | F26: ธนาคารไทยพาณิชย์ (SCB) | G26: 8 | H26: 1569 | I26: 0 | J26: 1569 | K26: 244189 | L26: 1569 | M26: =+L26-J26 -> 0
A27: 25 | B27: 244190 | C27: suckjakkure@hotmail.com | D27: 0642427575 | E27: 4311469006 | F27: ธนาคารไทยพาณิชย์ (SCB) | G27: 4 | H27: 860 | I27: 0 | J27: 860 | K27: 244190 | L27: 860 | M27: =+L27-J27 -> 0
A28: 26 | B28: 244191 | C28: suckjakkure@hotmail.com | D28: 0642427575 | E28: 4311469006 | F28: ธนาคารไทยพาณิชย์ (SCB) | G28: 11 | H28: 2533 | I28: 0 | J28: 2533 | K28: 244191 | L28: 2533 | M28: =+L28-J28 -> 0
A29: 27 | B29: 244192 | C29: suckjakkure@hotmail.com | D29: 0642427575 | E29: 4311469006 | F29: ธนาคารไทยพาณิชย์ (SCB) | G29: 3 | H29: 657 | I29: 0 | J29: 657 | K29: 244192 | L29: 657 | M29: =+L29-J29 -> 0
A30: 28 | B30: 244193 | C30: suckjakkure@hotmail.com | D30: 0642427575 | E30: 4311469006 | F30: ธนาคารไทยพาณิชย์ (SCB) | G30: 3 | H30: 649 | I30: 0 | J30: 649 | K30: 244193 | L30: 649 | M30: =+L30-J30 -> 0
A31: 29 | B31: 244194 | C31: suckjakkure@hotmail.com | D31: 0642427575 | E31: 4311469006 | F31: ธนาคารไทยพาณิชย์ (SCB) | G31: 2 | H31: 430 | I31: 0 | J31: 430 | K31: 244194 | L31: 430 | M31: =+L31-J31 -> 0
A32: 30 | B32: 244195 | C32: suckjakkure@hotmail.com | D32: 0642427575 | E32: 4311469006 | F32: ธนาคารไทยพาณิชย์ (SCB) | G32: 2 | H32: 430 | I32: 0 | J32: 430 | K32: 244195 | L32: 430 | M32: =+L32-J32 -> 0
A33: 31 | B33: 244196 | C33: suckjakkure@hotmail.com | D33: 0642427575 | E33: 4311469006 | F33: ธนาคารไทยพาณิชย์ (SCB) | G33: 4 | H33: 860 | I33: 0 | J33: 860 | K33: 244196 | L33: 860 | M33: =+L33-J33 -> 0
A34: 32 | F34: ยอดรวม | G34: =SUM(G3:G33) -> 344 | H34: =SUM(H3:H33) -> 86672 | I34: =SUM(I3:I33) -> 0 | J34: =SUM(J3:J33) -> 86672 | K34: บาท | L34: =SUM(L3:L33) -> 86672 | M34: บาท
G35: =SUM(G3:G34) -> 688 | H35: =SUM(H3:H34) -> 173344 | I35: =SUM(I3:I34) -> 0 | J35: =SUM(J3:J34) -> 173344 | L35: =SUM(L3:L34) -> 173344

Sheet มิ.ย.
A1: ข้อมูลการเก็บเงินปลายทาง (COD) แบบแยกรายละเอียด เดือนมิถุนายน 2568
A2: ลำดับ | B2: วันที่ | C2: Email | D2: Facebook Page | E2: Order No. / เลขที่ออเดอร์ | F2: Tracking No. / เลขพัสดุ | G2: recipientName / ชื่อลูกค้า | H2: Amount / ยอด COD
A3: 1 | B3: 244136 | C3: suckjakkure@hotmail.com | D3: FACEBOOK | F3: JA237354571TH | G3: นันทนีวุฒินานนท์ | H3: 215
A4: 2 | B4: 244136 | C4: suckjakkure@hotmail.com | D4: FACEBOOK | F4: JA237354611TH | G4: นงค์นุช/แซ่ตั้ง | H4: 180
A5: 3 | B5: 244136 | C5: suckjakkure@hotmail.com | D5: FACEBOOK | F5: JA237675412TH | G5: กรรณนิกา | H5: 180
A6: 4 | B6: 244136 | C6: suckjakkure@hotmail.com | D6: FACEBOOK | F6: JA237354599TH | G6: นงคราญ_สุขใจ | H6: 215
A7: 5 | B7: 244136 | C7: suckjakkure@hotmail.com | D7: FACEBOOK | F7: JA237675409TH | G7: กรรณนิกา จีนพานิช | H7: 180
A8: 6 | B8: 244136 | C8: suckjakkure@hotmail.com | D8: FACEBOOK | F8: JA237354608TH | G8: เอ เอ็น การแว่น | H8: 414
A9: 7 | B9: 244138 | C9: suckjakkure@hotmail.com | D9: FACEBOOK | F9: JA237675390TH | G9: สุริยาวารปรีดี | H9: 330
A10: 8 | B10: 244138 | C10: suckjakkure@hotmail.com | D10: FACEBOOK | F10: JA236315143TH | G10: เจี๊ยบ | H10: 180
A11: 9 | B11: 244138 | C11: suckjakkure@hotmail.com | D11: FACEBOOK | F11: JA237963285TH | G11: ขวัญจิต.รัศมีรังษีเหลือง | H11: 180
A12: 10 | B12: 244138 | C12: suckjakkure@hotmail.com | D12: FACEBOOK | F12: JA237963263TH | G12: สุวพรรณ เนาวรัตน์ | H12: 170
A13: 11 | B13: 244138 | C13: suckjakkure@hotmail.com | D13: FACEBOOK | F13: JA237963294TH | G13: พรทิพย์ แซ่ฉั่ว | H13: 180
A14: 12 | B14: 244138 | C14: suckjakkure@hotmail.com | D14: FACEBOOK | F14: JA237963277TH | G14: สมปอง ฆะเต็ม | H14: 170
... A34: 32 | B34: 244141 | C34: suckjakkure@hotmail.com | D34: FACEBOOK | F34: JA238419092TH | G34: เตียม ไชยมงคล | H34: 215
A35: 33 | B35: 244141 | C35: suckjakkure@hotmail.com | D35: FACEBOOK | F35: JA238418976TH | G35: =SUM(G3:G34) -> 0 | H35: =SUM(H3:H34) -> 7104 | I35: =SUM(I3:I34) -> 0 | J35: =SUM(J3:J34) -> 0 | L35: =SUM(L3:L34) -> 0
A36: 34 | B36: 244142 | C36: suckjakkure@hotmail.com | D36: FACEBOOK | F36: JA239403108TH | G36: วัน ดี | H36: 219
A37: 35 | B37: 244142 | C37: suckjakkure@hotmail.com | D37: FACEBOOK | F37: JA239395295TH | G37: แนม | H37: 119
A38: 36 | B38: 244142 | C38: suckjakkure@hotmail.com | D38: FACEBOOK | F38: JA239395327TH | G38: ศิริโสม กล้าแรง | H38: 215
A39: 37 | B39: 244142 | C39: suckjakkure@hotmail.com | D39: FACEBOOK | F39: JA239395335TH | G39: นางอัจฉรา ฉายวิวัฒน์ | H39: 215
A40: 38 | B40: 244142 | C40: suckjakkure@hotmail.com | D40: FACEBOOK | F40: JA239395273TH | G40: ทรัพย์อนันต์ | H40: 129
A41: 39 | B41: 244142 | C41: suckjakkure@hotmail.com | D41: FACEBOOK | F41: JA239403085TH | G41: คุณสุรีภรณ์ อุตโมทย์ | H41: 430
A42: 40 | B42: 244142 | C42: suckjakkure@hotmail.com | D42: FACEBOOK | F42: JA239395313TH | G42: วิลาวัณย์ จำปาทอง | H42: 130
A43: 41 | B43: 244142 | C43: suckjakkure@hotmail.com | D43: FACEBOOK | F43: JA239403099TH | G43: นายสุพรรณอินราชา | H43: 220
A44: 42 | B44: 244142 | C44: suckjakkure@hotmail.com | D44: FACEBOOK | F44: JA239395344TH | G44: อนุรักษ์ อินบุญ | H44: 215
A45: 43 | B45: 244142 | C45: suckjakkure@hotmail.com | D45: FACEBOOK | F45: JA239395300TH | G45: ศิริรัตน์ แซ่ลิ้ม | H45: 220
A46: 44 | B46: 244143 | C46: suckjakkure@hotmail.com | D46: FACEBOOK | F46: JA239395287TH | G46: หนึ่ง | H46: 215
A47: 45 | B47: 244143 | C47: suckjakkure@hotmail.com | D47: FACEBOOK | F47: JA239677447TH | G47: อธิปพัฒน์ เรืองโอฬารวัฒน | H47: 215
... A231: 229 | B231: 244159 | C231: suckjakkure@hotmail.com | D231: FACEBOOK | F231: JA243851717TH | G231: สิริกร รักธรรม | H231: 170
B232: 244159 | C232: suckjakkure@hotmail.com | D232: FACEBOOK | F232: JA243851751TH | G232: รัตนาพร งอนชัยภูมิ | H232: 320 | I232: บาท
B233: 244159 | C233: suckjakkure@hotmail.com | D233: FACEBOOK | F233: JA243851748TH | G233: สรัญธร เชาว์สุโข | H233: 219
B234: 244159 | C234: suckjakkure@hotmail.com | D234: FACEBOOK | F234: JA243851765TH | G234: ฮันน่า | H234: 1070
B235: 244159 | C235: suckjakkure@hotmail.com | D235: FACEBOOK | F235: JA243295064TH | G235: รณภูมิ ศรประสิทธิ์ | H235: 320
B236: 244160 | C236: suckjakkure@hotmail.com | D236: FACEBOOK | F236: JA244162815TH | G236: ประสาน สินธุ์ชัย | H236: 215
B237: 244160 | C237: suckjakkure@hotmail.com | D237: FACEBOOK | F237: JA244163095TH | G237: ภัทธรัฏฐ์ ทรัพย์สถาพร | H237: 645
B238: 244160 | C238: suckjakkure@hotmail.com | D238: FACEBOOK | F238: JA244163263TH | G238: ล้ดดาวัลย์ ต. | H238: 215
B239: 244160 | C239: suckjakkure@hotmail.com | D239: FACEBOOK | F239: JA244291262TH | G239: จีรนันท์ | H239: 430
B240: 244160 | C240: suckjakkure@hotmail.com | D240: FACEBOOK | F240: JA244162930TH | G240: น.ส.โสภา มณฑาทิพย์ | H240: 215
B241: 244160 | C241: suckjakkure@hotmail.com | D241: FACEBOOK | F241: JA244163060TH | G241: อัจฉราภา | H241: 170
B242: 244160 | C242: suckjakkure@hotmail.com | D242: FACEBOOK | F242: JA244163039TH | G242: นวพรรณ อภิชนธิวงศ์ | H242: 215
B243: 244160 | C243: suckjakkure@hotmail.com | D243: FACEBOOK | F243: JA244163135TH | G243: นางสาวธัญมน ใบเจริญ | H243: 215
B244: 244160 | C244: suckjakkure@hotmail.com | D244: FACEBOOK | F244: JA244291228TH | G244: หนุ่ย เจริญพรสวัสดิ์ | H244: 215
... B361: 244165 | C361: suckjakkure@hotmail.com | D361: FACEBOOK | F361: JA254343018TH | G361: วรรณภา งามสุพรม | H361: 215
G362: ยอดรวม | H362: =SUM(H3:H361) -> 96869 | I362: บาท

Sheet Summary มิ.ย.
B1: ข้อมูลการเก็บเงินปลายทาง (COD) แบบรวมยอดประจำวัน เดือนมิถุนายน 2568 | K1: ตรวจในสเตทเม้น
A2: ลำดับ | B2: วันที่ | C2: Email | D2: Tel | E2: Bank Account Number / เลขที่บัญชี | F2: Bank Account Name / ชื่อธนาคาร | G2: Total Order / จำนวนออเดอร์ | H2: COD Amount / ยอดรวม COD | I2: Deduct | J2: Total Amount / ยอดรวม COD | K2: วันที่เงินเข้า | L2: ยอดเข้า | M2: หมายเหตุ
A3: 1 | B3: 244136 | C3: suckjakkure@hotmail.com | D3: 0642427575 | E3: 4311469006 | F3: ธนาคารไทยพาณิชย์ (SCB) | G3: 6 | H3: 1384 | I3: 0 | J3: 1384 | K3: 242005 | L3: 1384 | M3: =+L3-J3 -> 0
A4: 2 | B4: 244137 | C4: ไม่มียอดเก็บ COD | K4: 242006 | L4: 0 | M4: =+L4-J4 -> 0
A5: 3 | B5: 244138 | C5: suckjakkure@hotmail.com | D5: 0642427575 | E5: 4311469006 | F5: ธนาคารไทยพาณิชย์ (SCB) | G5: 6 | H5: 1210 | I5: 0 | J5: 1210 | K5: 242007 | L5: 1210 | M5: =+L5-J5 -> 0
A6: 4 | B6: 244139 | C6: suckjakkure@hotmail.com | D6: 0642427575 | E6: 4311469006 | F6: ธนาคารไทยพาณิชย์ (SCB) | G6: 6 | H6: 1428 | I6: 0 | J6: 1428 | K6: 242008 | L6: 1428 | M6: =+L6-J6 -> 0
A7: 5 | B7: 244140 | C7: suckjakkure@hotmail.com | D7: 0642427575 | E7: 4311469006 | F7: ธนาคารไทยพาณิชย์ (SCB) | G7: 11 | H7: 2517 | I7: 0 | J7: 2517 | K7: 242009 | L7: 2517 | M7: =+L7-J7 -> 0
A8: 6 | B8: 244141 | C8: suckjakkure@hotmail.com | D8: 0642427575 | E8: 4311469006 | F8: ธนาคารไทยพาณิชย์ (SCB) | G8: 4 | H8: 800 | I8: 0 | J8: 800 | K8: 242010 | L8: 800 | M8: =+L8-J8 -> 0
A9: 7 | B9: 244142 | C9: suckjakkure@hotmail.com | D9: 0642427575 | E9: 4311469006 | F9: ธนาคารไทยพาณิชย์ (SCB) | G9: 10 | H9: 2112 | I9: 0 | J9: 2112 | K9: 242011 | L9: 2112 | M9: =+L9-J9 -> 0
A10: 8 | B10: 244143 | C10: suckjakkure@hotmail.com | D10: 0642427575 | E10: 4311469006 | F10: ธนาคารไทยพาณิชย์ (SCB) | G10: 2 | H10: 430 | I10: 0 | J10: 430 | K10: 242012 | L10: 430 | M10: =+L10-J10 -> 0
A11: 9 | B11: 244144 | C11: suckjakkure@hotmail.com | D11: 0642427575 | E11: 4311469006 | F11: ธนาคารไทยพาณิชย์ (SCB) | G11: 3 | H11: 524 | I11: 0 | J11: 524 | K11: 242013 | L11: 524 | M11: =+L11-J11 -> 0
A12: 10 | B12: 244145 | C12: suckjakkure@hotmail.com | D12: 0642427575 | E12: 4311469006 | F12: ธนาคารไทยพาณิชย์ (SCB) | G12: 8 | H12: 1844 | I12: 0 | J12: 1844 | K12: 242014 | L12: 1844 | M12: =+L12-J12 -> 0
A13: 11 | B13: 244146 | C13: suckjakkure@hotmail.com | D13: 0642427575 | E13: 4311469006 | F13: ธนาคารไทยพาณิชย์ (SCB) | G13: 13 | H13: 3408 | I13: 0 | J13: 3408 | K13: 242015 | L13: 3408 | M13: =+L13-J13 -> 0
A14: 12 | B14: 244147 | C14: suckjakkure@hotmail.com | D14: 0642427575 | E14: 4311469006 | F14: ธนาคารไทยพาณิชย์ (SCB) | G14: 11 | H14: 2275 | I14: 0 | J14: 2275 | K14: 242016 | L14: 2275 | M14: =+L14-J14 -> 0
A15: 13 | B15: 244148 | C15: suckjakkure@hotmail.com | D15: 0642427575 | E15: 4311469006 | F15: ธนาคารไทยพาณิชย์ (SCB) | G15: 12 | H15: 3149 | I15: 0 | J15: 3149 | K15: 242017 | L15: 3149 | M15: =+L15-J15 -> 0
A16: 14 | B16: 244149 | C16: ไม่มียอดเก็บ COD | K16: 242018 | L16: 0 | M16: =+L16-J16 -> 0
A17: 15 | B17: 244150 | C17: suckjakkure@hotmail.com | D17: 0642427575 | E17: 4311469006 | F17: ธนาคารไทยพาณิชย์ (SCB) | G17: 6 | H17: 1249 | I17: 0 | J17: 1249 | K17: 242019 | L17: 1249 | M17: =+L17-J17 -> 0
A18: 16 | B18: 244151 | C18: suckjakkure@hotmail.com | D18: 0642427575 | E18: 4311469006 | F18: ธนาคารไทยพาณิชย์ (SCB) | G18: 3 | H18: 559 | I18: 0 | J18: 559 | K18: 242020 | L18: 559 | M18: =+L18-J18 -> 0
A19: 17 | B19: 244152 | C19: suckjakkure@hotmail.com | D19: 0642427575 | E19: 4311469006 | F19: ธนาคารไทยพาณิชย์ (SCB) | G19: 9 | H19: 2524 | I19: 0 | J19: 2524 | K19: 242021 | L19: 2524 | M19: =+L19-J19 -> 0
A20: 18 | B20: 244153 | C20: suckjakkure@hotmail.com | D20: 0642427575 | E20: 4311469006 | F20: ธนาคารไทยพาณิชย์ (SCB) | G20: 22 | H20: 5454 | I20: 0 | J20: 5454 | K20: 242022 | L20: 5454 | M20: =+L20-J20 -> 0
A21: 19 | B21: 244154 | C21: suckjakkure@hotmail.com | D21: 0642427575 | E21: 4311469006 | F21: ธนาคารไทยพาณิชย์ (SCB) | G21: 37 | H21: 9083 | I21: 0 | J21: 9083 | K21: 242023 | L21: 9083 | M21: =+L21-J21 -> 0
A22: 20 | B22: 244155 | C22: suckjakkure@hotmail.com | D22: 0642427575 | E22: 4311469006 | F22: ธนาคารไทยพาณิชย์ (SCB) | G22: 27 | H22: 7283 | I22: 0 | J22: 7283 | K22: 242024 | L22: 7283 | M22: =+L22-J22 -> 0
A23: 21 | B23: 244156 | C23: suckjakkure@hotmail.com | D23: 0642427575 | E23: 4311469006 | F23: ธนาคารไทยพาณิชย์ (SCB) | G23: 19 | H23: 4274 | I23: 0 | J23: 4274 | K23: 242025 | L23: 4274 | M23: =+L23-J23 -> 0
A24: 22 | B24: 244157 | C24: suckjakkure@hotmail.com | D24: 0642427575 | E24: 4311469006 | F24: ธนาคารไทยพาณิชย์ (SCB) | G24: 9 | H24: 1965 | I24: 0 | J24: 1965 | K24: 242026 | L24: 1965 | M24: =+L24-J24 -> 0
A25: 23 | B25: 244158 | C25: suckjakkure@hotmail.com | D25: 0642427575 | E25: 4311469006 | F25: ธนาคารไทยพาณิชย์ (SCB) | G25: 3 | H25: 657 | I25: 0 | J25: 657 | K25: 242027 | L25: 657 | M25: =+L25-J25 -> 0
A26: 24 | B26: 244159 | C26: suckjakkure@hotmail.com | D26: 0642427575 | E26: 4311469006 | F26: ธนาคารไทยพาณิชย์ (SCB) | G26: 6 | H26: 2269 | I26: 0 | J26: 2269 | K26: 242028 | L26: 2269 | M26: =+L26-J26 -> 0
A27: 25 | B27: 244160 | C27: suckjakkure@hotmail.com | D27: 0642427575 | E27: 4311469006 | F27: ธนาคารไทยพาณิชย์ (SCB) | G27: 21 | H27: 5913 | I27: 0 | J27: 5913 | K27: 242029 | L27: 5913 | M27: =+L27-J27 -> 0
A28: 26 | B28: 244161 | C28: suckjakkure@hotmail.com | D28: 0642427575 | E28: 4311469006 | F28: ธนาคารไทยพาณิชย์ (SCB) | G28: 23 | H28: 6454 | I28: 0 | J28: 6454 | K28: 242030 | L28: 6454 | M28: =+L28-J28 -> 0
... A32: 30 | B32: 244165 | C32: suckjakkure@hotmail.com | D32: 0642427575 | E32: 4311469006 | F32: ธนาคารไทยพาณิชย์ (SCB) | G32: 7 | H32: 1505 | I32: 0 | J32: 1505 | K32: 242034 | L32: 1505 | M32: =+L32-J32 -> 0
A33: 31 | F33: ยอดรวม | G33: =SUM(G3:G32) -> 359 | H33: =SUM(H3:H32) -> 90000 | I33: =SUM(I3:I32) -> 0 | J33: =SUM(J3:J32) -> 90000 | K33: บาท | L33: =SUM(L3:L32) -> 90000 | M33: บาท
A34: 32
G35: =SUM(G3:G34) -> 718 | H35: =SUM(H3:H34) -> 180000 | I35: =SUM(I3:I34) -> 0 | J35: =SUM(J3:J34) -> 180000 | L35: =SUM(L3:L34) -> 180000

Sheet พ.ค.
A1: ข้อมูลการเก็บเงินปลายทาง (COD) แบบแยกรายละเอียด เดือนพฤษภาคม 2568
A2: ลำดับ | B2: วันที่ | C2: Email | D2: Facebook Page | E2: Order No. / เลขที่ออเดอร์ | F2: Tracking No. / เลขพัสดุ | G2: recipientName / ชื่อลูกค้า | H2: Amount / ยอด COD
A3: 1 | B3: 244105 | C3: suckjakkure@hotmail.com | D3: FACEBOOK | F3: JA223562322TH | G3: น้ำมนต์ | H3: 218
A4: 2 | B4: 244105 | C4: suckjakkure@hotmail.com | D4: FACEBOOK | F4: JA223760328TH | G4: พัชรา ลักษิตานนท์ | H4: 219
A5: 3 | B5: 244105 | C5: suckjakkure@hotmail.com | D5: FACEBOOK | F5: JA223937657TH | G5: นายมนต์ชัย สาทิสสะรัต | H5: 418
A6: 4 | B6: 244105 | C6: suckjakkure@hotmail.com | D6: FACEBOOK | F6: JA223760305TH | G6: ทราย กับทะเล จงจิต เอกรัตน์ | H6: 418
A7: 5 | B7: 244105 | C7: suckjakkure@hotmail.com | D7: FACEBOOK | F7: JA223442934TH | G7: นงลักษณ์ จันตุง | H7: 199
A8: 6 | B8: 244105 | C8: suckjakkure@hotmail.com | D8: FACEBOOK | F8: JA198596980TH | G8: บ้านป้ารักษ์ | H8: 418
A9: 7 | B9: 244106 | C9: suckjakkure@hotmail.com | D9: FACEBOOK | F9: JA224261575TH | G9: น้ำมนต์ ทิอุทิศ | H9: 219
A10: 8 | B10: 244106 | C10: suckjakkure@hotmail.com | D10: FACEBOOK | F10: JA223937665TH | G10: ปราณี วงศ์คำจันทร์ | H10: 750
A11: 9 | B11: 244107 | C11: suckjakkure@hotmail.com | D11: FACEBOOK | F11: JA224261540TH | G11: ปนัดดา เทียนทอง | H11: 219
A12: 10 | B12: 244107 | C12: suckjakkure@hotmail.com | D12: FACEBOOK | F12: JA224261536TH | G12: ธันยพร | H12: 219
A13: 11 | B13: 244107 | C13: suckjakkure@hotmail.com | D13: FACEBOOK | F13: JA224261553TH | G13: นายจำนงค์ เหล่าวีระไชย | H13: 219
A14: 12 | B14: 244107 | C14: suckjakkure@hotmail.com | D14: FACEBOOK | F14: JA224261567TH | G14: นายชัยภัทร สุขพรางกูร | H14: 597
... A34: 32 | B34: 244112 | C34: suckjakkure@hotmail.com | D34: FACEBOOK | F34: JA225604952TH | G34: กุลนิษฐ์ คำสวัสดิ์ | H34: 215
A35: 33 | B35: 244112 | C35: suckjakkure@hotmail.com | D35: FACEBOOK | F35: JA225604966TH | G35: =SUM(G3:G34) -> 0 | H35: =SUM(H3:H34) -> 9698 | I35: =SUM(I3:I34) -> 0 | J35: =SUM(J3:J34) -> 0 | L35: =SUM(L3:L34) -> 0
A36: 34 | B36: 244112 | C36: suckjakkure@hotmail.com | D36: FACEBOOK | F36: JA224261522TH | G36: นภารัตน์ สินทรัพย์ | H36: 219
A37: 35 | B37: 244113 | C37: suckjakkure@hotmail.com | D37: FACEBOOK | F37: JA225605017TH | G37: มานะ โสวรรณา | H37: 199
A38: 36 | B38: 244113 | C38: suckjakkure@hotmail.com | D38: FACEBOOK | F38: JA225960168TH | G38: เอ้ | H38: 215
A39: 37 | B39: 244113 | C39: suckjakkure@hotmail.com | D39: FACEBOOK | F39: JA226271791TH | G39: อัมพร บุบผา | H39: 235
A40: 38 | B40: 244113 | C40: suckjakkure@hotmail.com | D40: FACEBOOK | F40: JA226271828TH | G40: ถนอมนวล พุกชาญค้า | H40: 199
A41: 39 | B41: 244113 | C41: suckjakkure@hotmail.com | D41: FACEBOOK | F41: JA225960225TH | G41: ชัยยุทธ | H41: 219
A42: 40 | B42: 244113 | C42: suckjakkure@hotmail.com | D42: FACEBOOK | F42: JA225960106TH | G42: สุพิศ. ศรีมนตรี | H42: 219
A43: 41 | B43: 244113 | C43: suckjakkure@hotmail.com | D43: FACEBOOK | F43: JA225960211TH | G43: นุ้ย | H43: 235
A44: 42 | B44: 244113 | C44: suckjakkure@hotmail.com | D44: FACEBOOK | F44: JA226271730TH | G44: เลอสรรค์ นิยมศิลป์ | H44: 235
A45: 43 | B45: 244113 | C45: suckjakkure@hotmail.com | D45: FACEBOOK | F45: JA225960145TH | G45: วาสนา พะกะยะ | H45: 219
A46: 44 | B46: 244113 | C46: suckjakkure@hotmail.com | D46: FACEBOOK | F46: JA226271831TH | G46: กมลลักษณ์ | H46: 219
A47: 45 | B47: 244113 | C47: suckjakkure@hotmail.com | D47: FACEBOOK | F47: JA225960185TH | G47: Tanida Intrirach 2 | H47: 950
... A214: 212 | B214: 244135 | C214: suckjakkure@hotmail.com | D214: FACEBOOK | F214: JA237354639TH | G214: อรชา ขุ่มด้วง | H214: 129
G215: ยอดรวม | H215: =SUM(H3:H214) -> 67548 | I215: บาท

Sheet Summary พ.ค.
B1: ข้อมูลการเก็บเงินปลายทาง (COD) แบบรวมยอดประจำวัน เดือนพฤษภาคม 2568 | K1: ตรวจในสเตทเม้น
A2: ลำดับ | B2: วันที่ | C2: Email | D2: Tel | E2: Bank Account Number / เลขที่บัญชี | F2: Bank Account Name / ชื่อธนาคาร | G2: Total Order / จำนวนออเดอร์ | H2: COD Amount / ยอดรวม COD | I2: Deduct | J2: Total Amount / ยอดรวม COD | K2: วันที่เงินเข้า | L2: ยอดเข้า | M2: หมายเหตุ
A3: 1 | B3: 244105 | C3: suckjakkure@hotmail.com | D3: 0642427575 | E3: 4311469006 | F3: ธนาคารไทยพาณิชย์ (SCB) | G3: 6 | H3: 1890 | I3: 0 | J3: 1890 | K3: 244105 | L3: 1890 | M3: =+L3-J3 -> 0
A4: 2 | B4: 244106 | C4: suckjakkure@hotmail.com | D4: 0642427575 | E4: 4311469006 | F4: ธนาคารไทยพาณิชย์ (SCB) | G4: 2 | H4: 969 | I4: 0 | J4: 969 | K4: 244106 | L4: 969 | M4: =+L4-J4 -> 0
A5: 3 | B5: 244107 | C5: suckjakkure@hotmail.com | D5: 0642427575 | E5: 4311469006 | F5: ธนาคารไทยพาณิชย์ (SCB) | G5: 4 | H5: 1254 | I5: 0 | J5: 1254 | K5: 244107 | L5: 1254 | M5: =+L5-J5 -> 0
A6: 4 | B6: 244108 | C6: suckjakkure@hotmail.com | D6: 0642427575 | E6: 4311469006 | F6: ธนาคารไทยพาณิชย์ (SCB) | G6: 1 | H6: 199 | I6: 0 | J6: 199 | K6: 244108 | L6: 199 | M6: =+L6-J6 -> 0
A7: 5 | B7: 244109 | C7: suckjakkure@hotmail.com | D7: 0642427575 | E7: 4311469006 | F7: ธนาคารไทยพาณิชย์ (SCB) | G7: 2 | H7: 617 | I7: 0 | J7: 617 | K7: 244109 | L7: 617 | M7: =+L7-J7 -> 0
A8: 6 | B8: 244110 | C8: suckjakkure@hotmail.com | D8: 0642427575 | E8: 4311469006 | F8: ธนาคารไทยพาณิชย์ (SCB) | G8: 7 | H8: 2070 | I8: 0 | J8: 2070 | K8: 244110 | L8: 2070 | M8: =+L8-J8 -> 0
A9: 7 | B9: 244111 | C9: suckjakkure@hotmail.com | D9: 0642427575 | E9: 4311469006 | F9: ธนาคารไทยพาณิชย์ (SCB) | G9: 7 | H9: 2070 | I9: 0 | J9: 2070 | K9: 244111 | L9: 2070 | M9: =+L9-J9 -> 0
A10: 8 | B10: 244112 | C10: suckjakkure@hotmail.com | D10: 0642427575 | E10: 4311469006 | F10: ธนาคารไทยพาณิชย์ (SCB) | G10: 5 | H10: 1278 | I10: 0 | J10: 1278 | K10: 244112 | L10: 1278 | M10: =+L10-J10 -> 0
A11: 9 | B11: 244113 | C11: suckjakkure@hotmail.com | D11: 0642427575 | E11: 4311469006 | F11: ธนาคารไทยพาณิชย์ (SCB) | G11: 14 | H11: 4723 | I11: 0 | J11: 4723 | K11: 244113 | L11: 4723 | M11: =+L11-J11 -> 0
A12: 10 | B12: 244114 | C12: suckjakkure@hotmail.com | D12: 0642427575 | E12: 4311469006 | F12: ธนาคารไทยพาณิชย์ (SCB) | G12: 16 | H12: 3943 | I12: 0 | J12: 3943 | K12: 244114 | L12: 3943 | M12: =+L12-J12 -> 0
A13: 11 | B13: 244115 | C13: suckjakkure@hotmail.com | D13: 0642427575 | E13: 4311469006 | F13: ธนาคารไทยพาณิชย์ (SCB) | G13: 10 | H13: 3335 | I13: 0 | J13: 3335 | K13: 244115 | L13: 3335 | M13: =+L13-J13 -> 0
A14: 12 | B14: 244116 | C14: suckjakkure@hotmail.com | D14: 0642427575 | E14: 4311469006 | F14: ธนาคารไทยพาณิชย์ (SCB) | G14: 12 | H14: 3289 | I14: 0 | J14: 3289 | K14: 244116 | L14: 3289 | M14: =+L14-J14 -> 0
... A20: 18 | B20: 244122 | C20: suckjakkure@hotmail.com | D20: 0642427575 | E20: 4311469006 | F20: ธนาคารไทยพาณิชย์ (SCB) | G20: 5 | H20: 1060 | I20: 0 | J20: 1060 | K20: 244122 | L20: 1060 | M20: =+L20-J20 -> 0
A21: 19 | B21: 244123 | C21: ไม่มียอดเก็บ COD | K21: 244123 | M21: =+L21-J21 -> 0
A22: 20 | B22: 244124 | C22: suckjakkure@hotmail.com | D22: 0642427575 | E22: 4311469006 | F22: ธนาคารไทยพาณิชย์ (SCB) | G22: 4 | H22: 790 | I22: 0 | J22: 790 | K22: 244124 | L22: 790 | M22: =+L22-J22 -> 0
A23: 21 | B23: 244125 | C23: suckjakkure@hotmail.com | D23: 0642427575 | E23: 4311469006 | F23: ธนาคารไทยพาณิชย์ (SCB) | G23: 7 | H23: 2260 | I23: 0 | J23: 2260 | K23: 244125 | L23: 2260 | M23: =+L23-J23 -> 0
A24: 22 | B24: 244126 | C24: suckjakkure@hotmail.com | D24: 0642427575 | E24: 4311469006 | F24: ธนาคารไทยพาณิชย์ (SCB) | G24: 7 | H24: 1415 | I24: 0 | J24: 1415 | K24: 244126 | L24: 1415 | M24: =+L24-J24 -> 0
A25: 23 | B25: 244127 | C25: suckjakkure@hotmail.com | D25: 0642427575 | E25: 4311469006 | F25: ธนาคารไทยพาณิชย์ (SCB) | G25: 8 | H25: 2799 | I25: 0 | J25: 2799 | K25: 244127 | L25: 2799 | M25: =+L25-J25 -> 0
A26: 24 | B26: 244128 | C26: suckjakkure@hotmail.com | D26: 0642427575 | E26: 4311469006 | F26: ธนาคารไทยพาณิชย์ (SCB) | G26: 15 | H26: 3320 | I26: 0 | J26: 3320 | K26: 244128 | L26: 3320 | M26: =+L26-J26 -> 0
A27: 25 | B27: 244129 | C27: suckjakkure@hotmail.com | D27: 0642427575 | E27: 4311469006 | F27: ธนาคารไทยพาณิชย์ (SCB) | G27: 3 | H27: 735 | I27: 0 | J27: 735 | K27: 244129 | L27: 735 | M27: =+L27-J27 -> 0
A28: 26 | B28: 244130 | C28: ไม่มียอดเก็บ COD | K28: 244130 | M28: =+L28-J28 -> 0
A29: 27 | B29: 244131 | C29: suckjakkure@hotmail.com | D29: 0642427575 | E29: 4311469006 | F29: ธนาคารไทยพาณิชย์ (SCB) | G29: 3 | H29: 630 | I29: 0 | J29: 630 | K29: 244131 | L29: 630 | M29: =+L29-J29 -> 0
A30: 28 | B30: 244132 | C30: suckjakkure@hotmail.com | D30: 0642427575 | E30: 4311469006 | F30: ธนาคารไทยพาณิชย์ (SCB) | G30: 5 | H30: 1615 | I30: 0 | J30: 1615 | K30: 244132 | L30: 1615 | M30: =+L30-J30 -> 0
A31: 29 | B31: 244133 | C31: suckjakkure@hotmail.com | D31: 0642427575 | E31: 4311469006 | F31: ธนาคารไทยพาณิชย์ (SCB) | G31: 7 | H31: 1523 | I31: 0 | J31: 1523 | K31: 244133 | L31: 1523 | M31: =+L31-J31 -> 0
A32: 30 | B32: 244134 | C32: suckjakkure@hotmail.com | D32: 0642427575 | E32: 4311469006 | F32: ธนาคารไทยพาณิชย์ (SCB) | G32: 3 | H32: 654 | I32: 0 | J32: 654 | K32: 244134 | L32: 654 | M32: =+L32-J32 -> 0
A33: 31 | B33: 244135 | C33: suckjakkure@hotmail.com | D33: 0642427575 | E33: 4311469006 | F33: ธนาคารไทยพาณิชย์ (SCB) | G33: 7 | H33: 1637 | I33: 0 | J33: 1637 | K33: 244135 | L33: 1637 | M33: =+L33-J33 -> 0
A34: 32 | F34: ยอดรวม | G34: =SUM(G3:G33) -> 200 | H34: =SUM(H3:H33) -> 54991 | I34: =SUM(I3:I33) -> 0 | J34: =SUM(J3:J33) -> 54991 | K34: บาท | L34: =SUM(L3:L33) -> 54991 | M34: บาท
G35: =SUM(G3:G34) -> 400 | H35: =SUM(H3:H34) -> 109982 | I35: =SUM(I3:I34) -> 0 | J35: =SUM(J3:J34) -> 109982 | L35: =SUM(L3:L34) -> 109982

Sheet เม.ย.
A1: ข้อมูลการเก็บเงินปลายทาง (COD) แบบแยกรายละเอียด เดือนเมษายน 2568
A2: ลำดับ | B2: วันที่ | C2: Email | D2: Facebook Page | E2: Order No. / เลขที่ออเดอร์ | F2: Tracking No. / เลขพัสดุ | G2: recipientName / ชื่อลูกค้า | H2: Amount / ยอด COD
A3: 1 | B3: 244075 | C3: suckjakkure@hotmail.com | D3: FACEBOOK | F3: JA184519753TH | G3: แม่น้องพอใจ อย่างไง | H3: 420
A4: 2 | B4: 244075 | C4: suckjakkure@hotmail.com | D4: FACEBOOK | F4: JA191217458TH | G4: คุณชาญชัย กำรูป | H4: 200
A5: 3 | B5: 244076 | C5: suckjakkure@hotmail.com | D5: FACEBOOK | F5: JA192079917TH | G5: เถลิงศักดิ์ ดีล้อม | H5: 299
A6: 4 | B6: 244076 | C6: suckjakkure@hotmail.com | D6: FACEBOOK | F6: JA192079894TH | G6: อรอุมา คล้ายสุวรรณ์ | H6: 299
A7: 5 | B7: 244076 | C7: suckjakkure@hotmail.com | D7: FACEBOOK | F7: JA192309924TH | G7: ยอดขวัญ | H7: 129
A8: 6 | B8: 244076 | C8: suckjakkure@hotmail.com | D8: FACEBOOK | F8: JA190670295TH | G8: หทัยกาญจน์ แคล้วเครือ | H8: 848
A9: 7 | B9: 244077 | C9: suckjakkure@hotmail.com | D9: FACEBOOK | F9: JA192463058TH | G9: ณัฐปรียา ชมชื่น | H9: 129
A10: 8 | B10: 244077 | C10: suckjakkure@hotmail.com | D10: FACEBOOK | F10: JA191837845TH | G10: สุภาณี แม็กน่ามาร่า | H10: 250
A11: 9 | B11: 244078 | C11: suckjakkure@hotmail.com | D11: FACEBOOK | F11: JA192794899TH | G11: ณภัทร พลตะวัน | H11: 225
A12: 10 | B12: 244078 | C12: suckjakkure@hotmail.com | D12: FACEBOOK | F12: JA192463061TH | G12: อรพร รี่นอารมย์ | H12: 635
A13: 11 | B13: 244080 | C13: suckjakkure@hotmail.com | D13: FACEBOOK | F13: JA193509745TH | G13: เรณู อิ่มอ้น | H13: 140
A14: 12 | B14: 244081 | C14: suckjakkure@hotmail.com | D14: FACEBOOK | F14: JA193509856TH | G14: คุณสุมลลักษณ์ เดชพงศานุวัตร | H14: 129
... A30: 28 | B30: 244084 | C30: suckjakkure@hotmail.com | D30: FACEBOOK | F30: JA193841555TH | G30: ร้านพี่ออล&น้องเเอล | H30: 140
A31: 29 | B31: 244084 | C31: suckjakkure@hotmail.com | D31: FACEBOOK | E31: KTINTER67f32565fda7e1e259112337 | F31: TH014072P5GP0B0 | G31: คุฯจันทร์ทิพย์ วิธีจงเจริญ | H31: 418
A32: 30 | B32: 244084 | C32: suckjakkure@hotmail.com | D32: FACEBOOK | E32: KTINTER67f3248e1917da4dd7c85563 | F32: TH014872P5GW5A0 | G32: เสาวนี | H32: 219
A33: 31 | B33: 244084 | C33: suckjakkure@hotmail.com | D33: FACEBOOK | E33: KTINTER67f32c241917da4dd7c9502d | F33: TH270172P5FZ6A0 | G33: พระวุฒิ.ติกขวีโร | H33: 219
A34: 32 | B34: 244084 | C34: suckjakkure@hotmail.com | D34: FACEBOOK | E34: KTINTER67f3246cc5bff8003ca25964 | F34: TH410472P5GX5I | G34: สุพิศ. ศรีมนตรี | H34: 418
A35: 33 | B35: 244085 | C35: suckjakkure@hotmail.com | D35: FACEBOOK | E35: KTINTER67f32c4580b805b7e71f3f0e | F35: TH013972P5FS0B | G35: =SUM(G3:G34) -> 0 | H35: =SUM(H3:H34) -> 9561 | I35: =SUM(I3:I34) -> 0 | J35: =SUM(J3:J34) -> 0 | L35: =SUM(L3:L34) -> 0
A36: 34 | B36: 244086 | C36: suckjakkure@hotmail.com | D36: FACEBOOK | F36: JA194717395TH | G36: คุณสุนันทา ทรายแก้ว | H36: 170
A37: 35 | B37: 244086 | C37: suckjakkure@hotmail.com | D37: FACEBOOK | F37: JA193841516TH | G37: น.ส.ศิริพรศรีสุวรรณ์ | H37: 219
A38: 36 | B38: 244087 | C38: suckjakkure@hotmail.com | D38: FACEBOOK | E38: KTINTER67f62bebd38ec8d838c7ca13 | F38: TH0104735A058B | G38: มีนาศิณี เจริญ | H38: 220
A39: 37 | B39: 244087 | C39: suckjakkure@hotmail.com | D39: FACEBOOK | E39: KTINTER67f71af7afb80a7257e9e930 | F39: TH010673532K2D | G39: สมศักดิ์ รวีเลิศลักษณ์ | H39: 418
A40: 38 | B40: 244087 | C40: suckjakkure@hotmail.com | D40: FACEBOOK | E40: KTINTER67f62b8b00cee6ab0fdb92bd | F40: TH0130735FT32C0 | G40: คุณสุปราณี | H40: 219
A41: 39 | B41: 244087 | C41: suckjakkure@hotmail.com | D41: FACEBOOK | E41: KTINTER67f71bcd3e5181682262b92e | F41: TH03017353237E1 | G41: ชวลักษณ์ ทัศนงาม | H41: 219
A42: 40 | B42: 244087 | C42: suckjakkure@hotmail.com | D42: FACEBOOK | E42: KTINTER67f62c3c4c0ea0686989b533 | F42: TH1001735F4Z9A | G42: นางอริสรา จันทร์วงษ์ | H42: 140
A43: 41 | B43: 244087 | C43: suckjakkure@hotmail.com | D43: FACEBOOK | E43: KTINTER67f71c75e92551acf010eae8 | F43: TH33077353219D | G43: รุ่งทิวา สุขเหล็ก | H43: 229
A44: 42 | B44: 244088 | C44: suckjakkure@hotmail.com | D44: FACEBOOK | E44: KTINTER67f8737cfc7a9a24c073b9a0 | F44: TH0122739QHG3C1 | G44: อาช่าพล | H44: 260
A45: 43 | B45: 244088 | C45: suckjakkure@hotmail.com | D45: FACEBOOK | E45: KTINTER67f62c819259a7373831039f | F45: TH1602735FEH9B0 | G45: พรจิตต์ | H45: 530
A46: 44 | B46: 244088 | C46: suckjakkure@hotmail.com | D46: FACEBOOK | E46: KTINTER67f86c98d6d00fb1b234ad62 | F46: TH1906739QHD4C | G46: Aurora Resort | H46: 418
A47: 45 | B47: 244088 | C47: suckjakkure@hotmail.com | D47: FACEBOOK | E47: KTINTER67f873cad072b67a32ce1cc1 | F47: TH2008739QHH1C | G47: นงนุช ตันติวรสิทธิ์ | H47: 319
A48: 46 | B48: 244088 | C48: suckjakkure@hotmail.com | D48: FACEBOOK | E48: KTINTER67f71b74e92551acf010d437 | F48: TH54087353267B | G48: พระหน่อแก้ว สมัชชา | H48: 170
A49: 47 | B49: 244089 | C49: suckjakkure@hotmail.com | D49: FACEBOOK | E49: KTINTER67f87327d6d00fb1b2356cdc | F49: TH5504739QHE3A | G49: อนงค์ เจี๋ยตระกูล | H49: 419
... A56: 54 | B56: 244092 | C56: suckjakkure@hotmail.com | D56: FACEBOOK | E56: KTINTER67fdb52ad6d00fb1b277bbdd | F56: TH250273KC5G9L | G56: จำเนียร | H56: 219
A57: 55 | B57: 244093 | C57: suckjakkure@hotmail.com | D57: FACEBOOK | F57: JA196615346TH | G57: สกาวรัตน์ เขียมสันเทียะ | H57: 119
A58: 56 | B58: 244093 | C58: suckjakkure@hotmail.com | D58: FACEBOOK | F58: JA196615394TH | G58: ชยุต ปลอดโป่ง | H58: 119
A59: 57 | B59: 244093 | C59: suckjakkure@hotmail.com | D59: FACEBOOK | F59: JA196615350TH | G59: เอกราช บัวยันต์ | H59: 219
A60: 58 | B60: 244093 | C60: suckjakkure@hotmail.com | D60: FACEBOOK | E60: KTINTER67ff09ae7af670db412c9679 | F60: TH011973PBGQ5C | G60: วัชรี ปิยะพรชัยยันต์ | H60: 219
A61: 59 | B61: 244093 | C61: suckjakkure@hotmail.com | D61: FACEBOOK | E61: KTINTER67ff08d9fc7a9a24c0c4f57a | F61: TH290973PBGP4A | G61: ทิฆัมพร หาญเสมอ | H61: 219
A62: 60 | B62: 244094 | C62: suckjakkure@hotmail.com | D62: FACEBOOK | E62: KTINTER67fc5fcec1785e7c801e3ccb | F62: TH011373HCEX1B | G62: กมลวรรณ-หลวงเทา | H62: 418
A63: 61 | B63: 244094 | C63: suckjakkure@hotmail.com | D63: FACEBOOK | E63: KTINTER67fc5f3ed6d00fb1b269dc70 | F63: TH410473HCEU1I | G63: สุพิศ. ศรีมนตรี | H63: 319
A64: 62 | B64: 244094 | C64: suckjakkure@hotmail.com | D64: FACEBOOK | E64: KTINTER67fc5f191789a2552b3bc620 | F64: TH471473HCET7D | G64: นายชาตรี ตั้งชูชาติ | H64: 219
A65: 63 | B65: 244094 | C65: suckjakkure@hotmail.com | D65: FACEBOOK | E65: KTINTER67fc5f93694f180d41ca6ce7 | F65: TH650373HCEV1C | G65: อรอุมา ละงู | H65: 219
A66: 64 | B66: 244094 | C66: suckjakkure@hotmail.com | D66: FACEBOOK | E66: KTINTER67fdb817694f180d41d8ab94 | F66: TH720473KC5E1C | G66: จรรยา.หอม | H66: 320
A67: 65 | B67: 244094 | C67: suckjakkure@hotmail.com | D67: FACEBOOK | F67: JA197013016TH | G67: อริสรา สุขสำราญ | H67: 235
A68: 66 | B68: 244094 | C68: suckjakkure@hotmail.com | D68: FACEBOOK | F68: JA197012435TH | G68: จิรพร โสมนัส | H68: 235
A69: 67 | B69: 244094 | C69: suckjakkure@hotmail.com | D69: FACEBOOK | F69: JA197013736TH | G69: ร.อ.หญิง อรอนงค์ เจริญผ่อง | H69: 235
A70: 68 | B70: 244094 | C70: suckjakkure@hotmail.com | D70: FACEBOOK | F70: JA196615332TH | G70: นกแก้วไอเชนแบร์ก | H70: 317
A71: 69 | B71: 244094 | C71: suckjakkure@hotmail.com | D71: FACEBOOK | F71: JA197012625TH | G71: นางสาวกุลภรณ์ สิมัยนาม | H71: 235
A72: 70 | B72: 244094 | C72: suckjakkure@hotmail.com | D72: FACEBOOK | F72: JA196615417TH | G72: พิมชนก/แช่วเตียว | H72: 159
A73: 71 | B73: 244094 | C73: suckjakkure@hotmail.com | D73: FACEBOOK | F73: JA197012554TH | G73: ศรีพร โพธิ์ใบ | H73: 235
A74: 72 | B74: 244094 | C74: suckjakkure@hotmail.com | D74: FACEBOOK | F74: JA196615385TH | G74: สุพิศ. ศรีมนตรี | H74: 330
A75: 73 | B75: 244094 | C75: suckjakkure@hotmail.com | D75: FACEBOOK | F75: JA197013395TH | G75: อุไรวรรณ ชอบชื่น | H75: 390
A76: 74 | B76: 244094 | C76: suckjakkure@hotmail.com | D76: FACEBOOK | F76: JA197014039TH | G76: วิไลลักษณ์ แสงจันทร์ | H76: 219
A77: 75 | B77: 244094 | C77: suckjakkure@hotmail.com | D77: FACEBOOK | F77: JA197013055TH | G77: สมศรี แสนสุข | H77: 235
A78: 76 | B78: 244094 | C78: suckjakkure@hotmail.com | D78: FACEBOOK | F78: JA197012695TH | G78: ประภา น้อยชม | H78: 370
... A152: 150 | B152: 244098 | C152: suckjakkure@hotmail.com | D152: FACEBOOK | F152: JA197335634TH | G152: ปทุมรัตน์ หลิกไชย | H152: 260
A153: 151 | B153: 244098 | C153: suckjakkure@hotmail.com | D153: FACEBOOK | E153: KTINTER67ff090fc75dcf46ff5dde01 | F153: TH530473PBGQ2A | G153: ณัฐธิดา เต็มเปี่ยม | H153: 418
A154: 152 | B154: 244099 | C154: suckjakkure@hotmail.com | D154: FACEBOOK | F154: JA197895758TH | G154: สุดา เสงี่ยมศักดิ์ | H154: 230
A155: 153 | B155: 244099 | C155: suckjakkure@hotmail.com | D155: FACEBOOK | F155: JA198288286TH | G155: ดวงรัตน์ เอมเจริญ | H155: 235
A156: 154 | B156: 244099 | C156: suckjakkure@hotmail.com | D156: FACEBOOK | F156: JA198288207TH | G156: กีรติญา หนู | H156: 450
A157: 155 | B157: 244099 | C157: suckjakkure@hotmail.com | D157: FACEBOOK | F157: JA198288224TH | G157: คุณดวงพร | H157: 430
A158: 156 | B158: 244099 | C158: suckjakkure@hotmail.com | D158: FACEBOOK | F158: JA198288564TH | G158: นก | H158: 430
A159: 157 | B159: 244099 | C159: suckjakkure@hotmail.com | D159: FACEBOOK | F159: JA198596962TH | G159: นายมนต์ชัย สาทิสสะรัต | H159: 199
A160: 158 | B160: 244099 | C160: suckjakkure@hotmail.com | D160: FACEBOOK | F160: JA198288175TH | G160: อภินันทน์ กัลยาวงศ์ | H160: 235
A161: 159 | B161: 244099 | C161: suckjakkure@hotmail.com | D161: FACEBOOK | F161: JA197895792TH | G161: สมพิศ โกมลบูรณ์ | H161: 199
A162: 160 | B162: 244099 | C162: suckjakkure@hotmail.com | D162: FACEBOOK | F162: JA197013869TH | G162: วรรณาอินทรปรีดา | H162: 215
A163: 161 | B163: 244099 | C163: suckjakkure@hotmail.com | D163: FACEBOOK | F163: JA198288493TH | G163: คุณโนรี อารอบ | H163: 235
A164: 162 | B164: 244099 | C164: suckjakkure@hotmail.com | D164: FACEBOOK | F164: JA197895775TH | G164: วิโรจน์ ขำเดช | H164: 199
A165: 163 | B165: 244099 | C165: suckjakkure@hotmail.com | D165: FACEBOOK | F165: JA197013965TH | G165: สงกาญจน์ เข็มเพชร | H165: 1290
... A225: 223 | B225: 244104 | C225: suckjakkure@hotmail.com | D225: FACEBOOK | F225: JA223084715TH | G225: อนงค์.ภมร. | H225: 219
G226: ยอดรวม | H226: =SUM(H3:H225) -> 68856 | I226: บาท

Sheet Summary เม.ย.
B1: ข้อมูลการเก็บเงินปลายทาง (COD) แบบรวมยอดประจำวัน เดือนเมษายน 2568 | K1: ตรวจในสเตทเม้น
A2: ลำดับ | B2: วันที่ | C2: Email | D2: Tel | E2: Bank Account Number / เลขที่บัญชี | F2: Bank Account Name / ชื่อธนาคาร | G2: Total Order / จำนวนออเดอร์ | H2: COD Amount / ยอดรวม COD | I2: Deduct | J2: Total Amount / ยอดรวม COD | K2: วันที่เงินเข้า | L2: ยอดเข้า | M2: หมายเหตุ
A3: 1 | B3: 244075 | C3: suckjakkure@hotmail.com | D3: 0642427575 | E3: 4311469006 | F3: ธนาคารไทยพาณิชย์ (SCB) | G3: 2 | H3: 620 | I3: 0 | J3: 620 | K3: 244075 | L3: 620 | M3: =+L3-J3 -> 0
A4: 2 | B4: 244076 | C4: suckjakkure@hotmail.com | D4: 0642427575 | E4: 4311469006 | F4: ธนาคารไทยพาณิชย์ (SCB) | G4: 4 | H4: 1575 | I4: 0 | J4: 1575 | K4: 244076 | L4: 1575 | M4: =+L4-J4 -> 0
A5: 3 | B5: 244077 | C5: suckjakkure@hotmail.com | D5: 0642427575 | E5: 4311469006 | F5: ธนาคารไทยพาณิชย์ (SCB) | G5: 2 | H5: 379 | I5: 0 | J5: 379 | K5: 244077 | L5: 379 | M5: =+L5-J5 -> 0
A6: 4 | B6: 244078 | C6: suckjakkure@hotmail.com | D6: 0642427575 | E6: 4311469006 | F6: ธนาคารไทยพาณิชย์ (SCB) | G6: 2 | H6: 860 | I6: 0 | J6: 860 | K6: 244078 | L6: 860 | M6: =+L6-J6 -> 0
A7: 5 | B7: 244079 | C7: ไม่มียอดเก็บ COD | K7: 244079 | M7: =+L7-J7 -> 0
A8: 6 | B8: 244080 | C8: suckjakkure@hotmail.com | D8: 0642427575 | E8: 4311469006 | F8: ธนาคารไทยพาณิชย์ (SCB) | G8: 1 | H8: 140 | I8: 0 | J8: 140 | K8: 244080 | L8: 140 | M8: =+L8-J8 -> 0
A9: 7 | B9: 244081 | C9: suckjakkure@hotmail.com | D9: 0642427575 | E9: 4311469006 | F9: ธนาคารไทยพาณิชย์ (SCB) | G9: 1 | H9: 129 | I9: 0 | J9: 129 | K9: 244081 | L9: 129 | M9: =+L9-J9 -> 0
A10: 8 | B10: 244082 | C10: suckjakkure@hotmail.com | D10: 0642427575 | E10: 4311469006 | F10: ธนาคารไทยพาณิชย์ (SCB) | G10: 3 | H10: 910 | I10: 0 | J10: 910 | K10: 244082 | L10: 910 | M10: =+L10-J10 -> 0
A11: 9 | B11: 244083 | C11: suckjakkure@hotmail.com | D11: 0642427575 | E11: 4311469006 | F11: ธนาคารไทยพาณิชย์ (SCB) | G11: 8 | H11: 2717 | I11: 0 | J11: 2717 | K11: 244083 | L11: 2717 | M11: =+L11-J11 -> 0
A12: 10 | B12: 244084 | C12: suckjakkure@hotmail.com | D12: 0642427575 | E12: 4311469006 | F12: ธนาคารไทยพาณิชย์ (SCB) | G12: 5 | H12: 957 | I12: 0 | J12: 957 | K12: 244084 | L12: 957 | M12: =+L12-J12 -> 0
A13: 11 | B13: 244084 | C13: suckjakkure@hotmail.com | D13: 0642427575 | E13: 4311469006 | F13: ธนาคารไทยพาณิชย์ (SCB) | G13: 4 | H13: 1274 | I13: 0 | J13: 1274 | K13: 244084 | L13: 1274 | M13: =+L13-J13 -> 0
A14: 12 | B14: 244085 | C14: suckjakkure@hotmail.com | D14: 0642427575 | E14: 4311469006 | F14: ธนาคารไทยพาณิชย์ (SCB) | G14: 1 | H14: 556 | I14: 0 | J14: 556 | K14: 244085 | L14: 556 | M14: =+L14-J14 -> 0
A15: 13 | B15: 244086 | C15: suckjakkure@hotmail.com | D15: 0642427575 | E15: 4311469006 | F15: ธนาคารไทยพาณิชย์ (SCB) | G15: 2 | H15: 389 | I15: 0 | J15: 389 | K15: 244086 | L15: 389 | M15: =+L15-J15 -> 0
A16: 14 | B16: 244087 | C16: suckjakkure@hotmail.com | D16: 0642427575 | E16: 4311469006 | F16: ธนาคารไทยพาณิชย์ (SCB) | G16: 6 | H16: 1445 | I16: 0 | J16: 1445 | K16: 244087 | L16: 1445 | M16: =+L16-J16 -> 0
A17: 15 | B17: 244088 | C17: suckjakkure@hotmail.com | D17: 0642427575 | E17: 4311469006 | F17: ธนาคารไทยพาณิชย์ (SCB) | G17: 5 | H17: 1697 | I17: 0 | J17: 1697 | K17: 244088 | L17: 1697 | M17: =+L17-J17 -> 0
A18: 16 | B18: 244089 | C18: suckjakkure@hotmail.com | D18: 0642427575 | E18: 4311469006 | F18: ธนาคารไทยพาณิชย์ (SCB) | G18: 1 | H18: 419 | I18: 0 | J18: 419 | K18: 244089 | L18: 419 | M18: =+L18-J18 -> 0
A19: 17 | B19: 244090 | C19: suckjakkure@hotmail.com | D19: 0642427575 | E19: 4311469006 | F19: ธนาคารไทยพาณิชย์ (SCB) | G19: 2 | H19: 637 | I19: 0 | J19: 637 | K19: 244090 | L19: 637 | M19: =+L19-J19 -> 0
A20: 18 | B20: 244091 | C20: ไม่มียอดเก็บ COD | K20: 244091 | M20: =+L20-J20 -> 0
A21: 19 | B21: 244092 | C21: suckjakkure@hotmail.com | D21: 0642427575 | E21: 4311469006 | F21: ธนาคารไทยพาณิชย์ (SCB) | G21: 5 | H21: 1294 | I21: 0 | J21: 1294 | K21: 244092 | L21: 1294 | M21: =+L21-J21 -> 0
A22: 20 | B22: 244093 | C22: suckjakkure@hotmail.com | D22: 0642427575 | E22: 4311469006 | F22: ธนาคารไทยพาณิชย์ (SCB) | G22: 3 | H22: 457 | I22: 0 | J22: 457 | K22: 244093 | L22: 457 | M22: =+L22-J22 -> 0
A23: 21 | B23: 244093 | C23: suckjakkure@hotmail.com | D23: 0642427575 | E23: 4311469006 | F23: ธนาคารไทยพาณิชย์ (SCB) | G23: 2 | H23: 438 | I23: 0 | J23: 438 | K23: 244093 | L23: 438 | M23: =+L23-J23 -> 0
A24: 22 | B24: 244094 | C24: suckjakkure@hotmail.com | D24: 0642427575 | E24: 4311469006 | F24: ธนาคารไทยพาณิชย์ (SCB) | G24: 5 | H24: 1495 | I24: 0 | J24: 1495 | K24: 244094 | L24: 1495 | M24: =+L24-J24 -> 0
A25: 23 | B25: 244094 | C25: suckjakkure@hotmail.com | D25: 0642427575 | E25: 4311469006 | F25: ธนาคารไทยพาณิชย์ (SCB) | G25: 18 | H25: 4569 | I25: 0 | J25: 4569 | K25: 244094 | L25: 4569 | M25: =+L25-J25 -> 0
A26: 24 | B26: 244095 | C26: suckjakkure@hotmail.com | D26: 0642427575 | E26: 4311469006 | F26: ธนาคารไทยพาณิชย์ (SCB) | G26: 2 | H26: 365 | I26: 0 | J26: 365 | K26: 244095 | L26: 365 | M26: =+L26-J26 -> 0
A27: 25 | B27: 244096 | C27: suckjakkure@hotmail.com | D27: 0642427575 | E27: 4311469006 | F27: ธนาคารไทยพาณิชย์ (SCB) | G27: 16 | H27: 3875 | I27: 0 | J27: 3875 | K27: 244096 | L27: 3875 | M27: =+L27-J27 -> 0
A28: 26 | B28: 244097 | C28: suckjakkure@hotmail.com | D28: 0642427575 | E28: 4311469006 | F28: ธนาคารไทยพาณิชย์ (SCB) | G28: 17 | H28: 4212 | I28: 0 | J28: 4212 | K28: 244097 | L28: 4212 | M28: =+L28-J28 -> 0
A29: 27 | B29: 244098 | C29: suckjakkure@hotmail.com | D29: 0642427575 | E29: 4311469006 | F29: ธนาคารไทยพาณิชย์ (SCB) | G29: 33 | H29: 7825 | I29: 0 | J29: 7825 | K29: 244098 | L29: 7825 | M29: =+L29-J29 -> 0
A30: 28 | B30: 244098 | C30: suckjakkure@hotmail.com | D30: 0642427575 | E30: 4311469006 | F30: ธนาคารไทยพาณิชย์ (SCB) | G30: 1 | H30: 418 | I30: 0 | J30: 418 | K30: 244098 | L30: 418 | M30: =+L30-J30 -> 0
A31: 29 | B31: 244099 | C31: suckjakkure@hotmail.com | D31: 0642427575 | E31: 4311469006 | F31: ธนาคารไทยพาณิชย์ (SCB) | G31: 30 | H31: 9137 | I31: 0 | J31: 9137 | K31: 244099 | L31: 9137 | M31: 0
A32: 30 | B32: 244100 | C32: suckjakkure@hotmail.com | D32: 0642427575 | E32: 4311469006 | F32: ธนาคารไทยพาณิชย์ (SCB) | G32: 20 | H32: 5642 | I32: 0 | J32: 5642 | K32: 244100 | L32: 5642 | M32: =+L32-J32 -> 0
A33: 31 | B33: 244101 | C33: suckjakkure@hotmail.com | D33: 0642427575 | E33: 4311469006 | F33: ธนาคารไทยพาณิชย์ (SCB) | G33: 6 | H33: 1530 | I33: 0 | J33: 1530 | K33: 244101 | L33: 1530 | M33: =+L33-J33 -> 0
A34: 32 | B34: 244103 | C34: suckjakkure@hotmail.com | D34: 0642427575 | E34: 4311469006 | F34: ธนาคารไทยพาณิชย์ (SCB) | G34: 7 | H34: 1875 | I34: 0 | J34: 1875 | K34: 244103 | L34: 1875 | M34: =+L34-J34 -> 0
B35: 244104 | C35: suckjakkure@hotmail.com | D35: 0642427575 | E35: 4311469006 | F35: ธนาคารไทยพาณิชย์ (SCB) | G35: =SUM(G3:G34) -> 214 | H35: =SUM(H3:H34) -> 57836 | I35: =SUM(I3:I34) -> 0 | J35: =SUM(J3:J34) -> 57836 | K35: 244104 | L35: =SUM(L3:L34) -> 57836 | M35: =+L35-J35 -> 0
F36: ยอดรวม | G36: =SUM(G3:G35) -> 428 | H36: =SUM(H3:H35) -> 115672 | I36: =SUM(I3:I35) -> 0 | J36: =SUM(J3:J35) -> 115672 | K36: บาท | L36: =SUM(L3:L35) -> 115672 | M36: บาท

Sheet มี.ค.
A1: ข้อมูลการเก็บเงินปลายทาง (COD) แบบแยกรายละเอียด เดือนธันวาคม 2568
A2: ลำดับ | B2: วันที่ | C2: Email | D2: Facebook Page | E2: Order No. / เลขที่ออเดอร์ | F2: Tracking No. / เลขพัสดุ | G2: recipientName / ชื่อลูกค้า | H2: Amount / ยอด COD
A3: 1 | B3: 244044 | C3: suckjakkure@hotmail.com | D3: FACEBOOK | F3: JA176128058TH | G3: น้อย | H3: 309
A4: 2 | B4: 244044 | C4: suckjakkure@hotmail.com | D4: FACEBOOK | F4: JA175683178TH | G4: Kattiyapron Orasoon | H4: 209
A5: 3 | B5: 244044 | C5: suckjakkure@hotmail.com | D5: FACEBOOK | F5: JA175539998TH | G5: นายพิชิต พระปัญญา | H5: 209
A6: 4 | B6: 244044 | C6: suckjakkure@hotmail.com | D6: FACEBOOK | F6: JA176483592TH | G6: นิตยา ทองหล่อ | H6: 430
A7: 5 | B7: 244044 | C7: suckjakkure@hotmail.com | D7: FACEBOOK | F7: JA176371636TH | G7: เซี่ยมฮั้วแซ่ตั้ง | H7: 430
A8: 6 | B8: 244044 | C8: suckjakkure@hotmail.com | D8: FACEBOOK | F8: JA176128035TH | G8: มนูญ เด็ดขาด | H8: 209
A9: 7 | B9: 244044 | C9: suckjakkure@hotmail.com | D9: FACEBOOK | F9: JA175683062TH | G9: อรพร..รี่นอารมย์ | H9: 330
A10: 8 | B10: 244044 | C10: suckjakkure@hotmail.com | D10: FACEBOOK | F10: JA176860767TH | G10: อามีนา บรรทัดจันทร์ | H10: 180
A11: 9 | B11: 244044 | C11: suckjakkure@hotmail.com | D11: FACEBOOK | F11: JA176371640TH | G11: อิสราโยธาจักร | H11: 280
A12: 10 | B12: 244044 | C12: suckjakkure@hotmail.com | D12: FACEBOOK | F12: JA176860775TH | G12: นาถลัดดา พิกุลศรี | H12: 430
A13: 11 | B13: 244044 | C13: suckjakkure@hotmail.com | D13: FACEBOOK | F13: JA176128013TH | G13: Darunee Promnoun | H13: 209
A14: 12 | B14: 244044 | C14: suckjakkure@hotmail.com | D14: FACEBOOK | F14: JA176371684TH | G14: อัจฉรา พลฤทธิ์ | H14: 450
... A34: 32 | B34: 244049 | C34: suckjakkure@hotmail.com | D34: FACEBOOK | F34: JA178617694TH | G34: เหลา รากคูบอน | H34: 199
A35: 33 | B35: 244049 | C35: suckjakkure@hotmail.com | D35: FACEBOOK | F35: JA178617819TH | G35: =SUM(G3:G34) -> 0 | H35: =SUM(H3:H34) -> 9870 | I35: =SUM(I3:I34) -> 0 | J35: =SUM(J3:J34) -> 0 | L35: =SUM(L3:L34) -> 0
A36: 34 | B36: 244049 | C36: suckjakkure@hotmail.com | D36: FACEBOOK | F36: JA178630660TH | G36: สรินทร์พัฒน์ แก้วศรีใส | H36: 435
A37: 35 | B37: 244049 | C37: suckjakkure@hotmail.com | D37: FACEBOOK | F37: JA178617875TH | G37: ธีระสิชฌน์ จ๋วง พานิช | H37: 199
A38: 36 | B38: 244049 | C38: suckjakkure@hotmail.com | D38: FACEBOOK | F38: JA178115922TH | G38: Chanarat Phoemphun | H38: 130
A39: 37 | B39: 244049 | C39: suckjakkure@hotmail.com | D39: FACEBOOK | F39: JA178116035TH | G39: คุณกัลยกร หงษ์ทอง | H39: 520
A40: 38 | B40: 244049 | C40: suckjakkure@hotmail.com | D40: FACEBOOK | F40: JA178115975TH | G40: นาง.วันทนา | H40: 160
A41: 39 | B41: 244049 | C41: suckjakkure@hotmail.com | D41: FACEBOOK | F41: JA178116083TH | G41: ครูสุวิมล กันธะ | H41: 270
A42: 40 | B42: 244050 | C42: suckjakkure@hotmail.com | D42: FACEBOOK | F42: JA178932807TH | G42: กนกวรรณ หงส์ประสิทธิ์ | H42: 199
A43: 41 | B43: 244050 | C43: suckjakkure@hotmail.com | D43: FACEBOOK | F43: JA178932736TH | G43: บุญพอ | H43: 199
A44: 42 | B44: 244050 | C44: suckjakkure@hotmail.com | D44: FACEBOOK | F44: JA178932909TH | G44: ครุวาร ไชโยธา | H44: 199
A45: 43 | B45: 244050 | C45: suckjakkure@hotmail.com | D45: FACEBOOK | F45: JA178617836TH | G45: ผ่องศรี ทองศรี | H45: 199
A46: 44 | B46: 244050 | C46: suckjakkure@hotmail.com | D46: FACEBOOK | F46: JA178932838TH | G46: รินทร์ลิตา เพ็ชรรัตน์ | H46: 199
A47: 45 | B47: 244050 | C47: suckjakkure@hotmail.com | D47: FACEBOOK | F47: JA178932722TH | G47: สุกัญญา เจนวารินทร์ | H47: 199
... A189: 187 | B189: 244073 | C189: suckjakkure@hotmail.com | D189: FACEBOOK | F189: JA191002911TH | G189: อิสราโยธาจักร | H189: 199
G190: ยอดรวม | H190: =SUM(H3:H189) -> 60426 | I190: บาท

Sheet Summary มี.ค.
B1: ข้อมูลการเก็บเงินปลายทาง (COD) แบบรวมยอดประจำวัน เดือนมีนาคม 2568 | K1: ตรวจในสเตทเม้น
A2: ลำดับ | B2: วันที่ | C2: Email | D2: Tel | E2: Bank Account Number / เลขที่บัญชี | F2: Bank Account Name / ชื่อธนาคาร | G2: Total Order / จำนวนออเดอร์ | H2: COD Amount / ยอดรวม COD | I2: Deduct | J2: Total Amount / ยอดรวม COD | K2: วันที่เงินเข้า | L2: ยอดเข้า | M2: หมายเหตุ
A3: 1 | B3: 244044 | C3: suckjakkure@hotmail.com | D3: 0642427575 | E3: 4311469006 | F3: ธนาคารไทยพาณิชย์ (SCB) | G3: 14 | H3: 4305 | I3: 0 | J3: 4305 | K3: 244044 | L3: 4305 | M3: =+J3-L3 -> 0
A4: 2 | B4: 244045 | C4: suckjakkure@hotmail.com | D4: 0642427575 | E4: 4311469006 | F4: ธนาคารไทยพาณิชย์ (SCB) | G4: 3 | H4: 599 | I4: 0 | J4: 599 | K4: 244045 | L4: 599 | M4: =+J4-L4 -> 0
A5: 3 | B5: 244046 | C5: suckjakkure@hotmail.com | D5: 0642427575 | E5: 4311469006 | F5: ธนาคารไทยพาณิชย์ (SCB) | G5: 2 | H5: 360 | I5: 0 | J5: 360 | K5: 244046 | L5: 360 | M5: =+J5-L5 -> 0
A6: 4 | B6: 244047 | C6: suckjakkure@hotmail.com | D6: 0642427575 | E6: 4311469006 | F6: ธนาคารไทยพาณิชย์ (SCB) | G6: 3 | H6: 1080 | I6: 0 | J6: 1080 | K6: 244047 | L6: 1080 | M6: =+J6-L6 -> 0
A7: 5 | B7: 244048 | C7: suckjakkure@hotmail.com | D7: 0642427575 | E7: 4311469006 | F7: ธนาคารไทยพาณิชย์ (SCB) | G7: 9 | H7: 3327 | I7: 0 | J7: 3327 | K7: 244048 | L7: 3327 | M7: =+J7-L7 -> 0
A8: 6 | B8: 244049 | C8: suckjakkure@hotmail.com | D8: 0642427575 | E8: 4311469006 | F8: ธนาคารไทยพาณิชย์ (SCB) | G8: 8 | H8: 2112 | I8: 0 | J8: 2112 | K8: 244049 | L8: 2112 | M8: =+J8-L8 -> 0
A9: 7 | B9: 244050 | C9: suckjakkure@hotmail.com | D9: 0642427575 | E9: 4311469006 | F9: ธนาคารไทยพาณิชย์ (SCB) | G9: 19 | H9: 4604 | I9: 0 | J9: 4604 | K9: 244050 | L9: 4604 | M9: =+J9-L9 -> 0
A10: 8 | B10: 244051 | C10: suckjakkure@hotmail.com | D10: 0642427575 | E10: 4311469006 | F10: ธนาคารไทยพาณิชย์ (SCB) | G10: 15 | H10: 3870 | I10: 0 | J10: 3870 | K10: 244051 | L10: 3870 | M10: =+J10-L10 -> 0
A11: 9 | B11: 244052 | C11: suckjakkure@hotmail.com | D11: 0642427575 | E11: 4311469006 | F11: ธนาคารไทยพาณิชย์ (SCB) | G11: 6 | H11: 1442 | I11: 0 | J11: 1442 | K11: 244052 | L11: 1442 | M11: =+J11-L11 -> 0
A12: 10 | B12: 244053 | C12: ไม่มียอดเก็บ COD | K12: 244053 | L12: 0 | M12: =+J12-L12 -> 0
A13: 11 | B13: 244054 | C13: suckjakkure@hotmail.com | D13: 0642427575 | E13: 4311469006 | F13: ธนาคารไทยพาณิชย์ (SCB) | G13: 10 | H13: 2758 | I13: 0 | J13: 2758 | K13: 244054 | L13: 2758 | M13: =+J13-L13 -> 0
A14: 12 | B14: 244055 | C14: suckjakkure@hotmail.com | D14: 0642427575 | E14: 4311469006 | F14: ธนาคารไทยพาณิชย์ (SCB) | G14: 10 | H14: 2575 | I14: 0 | J14: 2575 | K14: 244055 | L14: 2575 | M14: =+J14-L14 -> 0
A15: 13 | B15: 244056 | C15: suckjakkure@hotmail.com | D15: 0642427575 | E15: 4311469006 | F15: ธนาคารไทยพาณิชย์ (SCB) | G15: 7 | H15: 1686 | I15: 0 | J15: 1686 | K15: 244056 | L15: 1686 | M15: =+J15-L15 -> 0
A16: 14 | B16: 244057 | C16: suckjakkure@hotmail.com | D16: 0642427575 | E16: 4311469006 | F16: ธนาคารไทยพาณิชย์ (SCB) | G16: 14 | H16: 3362 | I16: 0 | J16: 3362 | K16: 244057 | L16: 3362 | M16: =+J16-L16 -> 0
A17: 15 | B17: 244058 | C17: suckjakkure@hotmail.com | D17: 0642427575 | E17: 4311469006 | F17: ธนาคารไทยพาณิชย์ (SCB) | G17: 11 | H17: 2573 | I17: 0 | J17: 2573 | K17: 244058 | L17: 2573 | M17: =+J17-L17 -> 0
A18: 16 | B18: 244059 | C18: ไม่มียอดเก็บ COD | K18: 244059 | L18: 0 | M18: =+J18-L18 -> 0
A19: 17 | B19: 244060 | C19: ไม่มียอดเก็บ COD | K19: 244060 | L19: 0 | M19: =+J19-L19 -> 0
A20: 18 | B20: 244061 | C20: suckjakkure@hotmail.com | D20: 0642427575 | E20: 4311469006 | F20: ธนาคารไทยพาณิชย์ (SCB) | G20: 1 | H20: 240 | I20: 0 | J20: 240 | K20: 244061 | L20: 240 | M20: =+J20-L20 -> 0
A21: 19 | B21: 244062 | C21: suckjakkure@hotmail.com | D21: 0642427575 | E21: 4311469006 | F21: ธนาคารไทยพาณิชย์ (SCB) | G21: 6 | H21: 1234 | I21: 0 | J21: 1234 | K21: 244062 | L21: 1234 | M21: =+J21-L21 -> 0
A22: 20 | B22: 244063 | C22: suckjakkure@hotmail.com | D22: 0642427575 | E22: 4311469006 | F22: ธนาคารไทยพาณิชย์ (SCB) | G22: 4 | H22: 867 | I22: 0 | J22: 867 | K22: 244063 | L22: 867 | M22: =+J22-L22 -> 0
A23: 21 | B23: 244064 | C23: suckjakkure@hotmail.com | D23: 0642427575 | E23: 4311469006 | F23: ธนาคารไทยพาณิชย์ (SCB) | G23: 3 | H23: 816 | I23: 0 | J23: 816 | K23: 244064 | L23: 816 | M23: =+J23-L23 -> 0
A24: 22 | B24: 244065 | C24: suckjakkure@hotmail.com | D24: 0642427575 | E24: 4311469006 | F24: ธนาคารไทยพาณิชย์ (SCB) | G24: 11 | H24: 2820 | I24: 0 | J24: 2820 | K24: 244065 | L24: 2820 | M24: =+J24-L24 -> 0
A25: 23 | B25: 244066 | C25: suckjakkure@hotmail.com | D25: 0642427575 | E25: 4311469006 | F25: ธนาคารไทยพาณิชย์ (SCB) | G25: 4 | H25: 998 | I25: 0 | J25: 998 | K25: 244066 | L25: 998 | M25: =+J25-L25 -> 0
A26: 24 | B26: 244067 | C26: suckjakkure@hotmail.com | D26: 0642427575 | E26: 4311469006 | F26: ธนาคารไทยพาณิชย์ (SCB) | G26: 1 | H26: 280 | I26: 0 | J26: 280 | K26: 244067 | L26: 280 | M26: =+J26-L26 -> 0
A27: 25 | B27: 244068 | C27: suckjakkure@hotmail.com | D27: 0642427575 | E27: 4311469006 | F27: ธนาคารไทยพาณิชย์ (SCB) | G27: 3 | H27: 834 | I27: 0 | J27: 834 | K27: 244068 | L27: 834 | M27: =+J27-L27 -> 0
A28: 26 | B28: 244069 | C28: suckjakkure@hotmail.com | D28: 0642427575 | E28: 4311469006 | F28: ธนาคารไทยพาณิชย์ (SCB) | G28: 2 | H28: 530 | I28: 0 | J28: 530 | K28: 244069 | L28: 530 | M28: =+J28-L28 -> 0
A29: 27 | B29: 244070 | C29: suckjakkure@hotmail.com | D29: 0642427575 | E29: 4311469006 | F29: ธนาคารไทยพาณิชย์ (SCB) | G29: 6 | H29: 1347 | I29: 0 | J29: 1347 | K29: 244070 | L29: 1347 | M29: =+J29-L29 -> 0
A30: 28 | B30: 244071 | C30: suckjakkure@hotmail.com | D30: 0642427575 | E30: 4311469006 | F30: ธนาคารไทยพาณิชย์ (SCB) | G30: 5 | H30: 3547 | I30: 0 | J30: 3547 | K30: 244071 | L30: 3547 | M30: =+J30-L30 -> 0
A31: 29 | B31: 244072 | C31: suckjakkure@hotmail.com | D31: 0642427575 | E31: 4311469006 | F31: ธนาคารไทยพาณิชย์ (SCB) | G31: 9 | H31: 2390 | I31: 0 | J31: 2390 | K31: 244072 | L31: 2390 | M31: =+J31-L31 -> 0
A32: 30 | B32: 244073 | C32: suckjakkure@hotmail.com | D32: 0642427575 | E32: 4311469006 | F32: ธนาคารไทยพาณิชย์ (SCB) | G32: 1 | H32: 199 | I32: 0 | J32: 199 | K32: 244073 | L32: 199 | M32: =+J32-L32 -> 0
A33: 31 | B33: 244074 | C33: ไม่มียอดเก็บ COD | K33: 244074 | M33: =+J33-L33 -> 0
A34: 32 | B34: 244075 | K34: 244075 | M34: =+J34-L34 -> 0
B35: 244076 | G35: =SUM(G3:G34) -> 187 | H35: =SUM(H3:H34) -> 50755 | I35: =SUM(I3:I34) -> 0 | J35: =SUM(J3:J34) -> 50755 | K35: 244076 | L35: =SUM(L3:L34) -> 50755 | M35: =+J35-L35 -> 0
F36: ยอดรวม | G36: =SUM(G3:G35) -> 374 | H36: =SUM(H3:H35) -> 101510 | I36: =SUM(I3:I35) -> 0 | J36: =SUM(J3:J35) -> 101510 | K36: บาท | L36: =SUM(L3:L35) -> 101510 | M36: บาท

Sheet ก.พ.
A1: ข้อมูลการเก็บเงินปลายทาง (COD) แบบแยกรายละเอียด เดือนกุมภาพันธ์ 2568
A2: ลำดับ | B2: วันที่ | C2: Email | D2: Facebook Page | E2: Order No. / เลขที่ออเดอร์ | F2: Tracking No. / เลขพัสดุ | G2: recipientName / ชื่อลูกค้า | H2: Amount / ยอด COD
A3: 1 | B3: 244020 | C3: suckjakkure@hotmail.com | D3: FACEBOOK | F3: JA163682135TH | G3: สุธีรา ศิริกุล | H3: 252
A4: 2 | B4: 244020 | C4: suckjakkure@hotmail.com | D4: FACEBOOK | F4: JA163677229TH | G4: คุณพิมล รวมไมตรี | H4: 252
A5: 3 | B5: 244020 | C5: suckjakkure@hotmail.com | D5: FACEBOOK | F5: JA163677246TH | G5: ปฏิญญา ตั้งอยู่เจริญ | H5: 252
A6: 4 | B6: 244020 | C6: suckjakkure@hotmail.com | D6: FACEBOOK | F6: JA163682144TH | G6: พรเพ็ญ หอมกอ | H6: 252
A7: 5 | B7: 244021 | C7: suckjakkure@hotmail.com | D7: FACEBOOK | F7: JA164500700TH | G7: นงนุช ตันติวรสิทธิ์ | H7: 280
A8: 6 | B8: 244021 | C8: suckjakkure@hotmail.com | D8: FACEBOOK | F8: JA163677232TH | G8: นิสา ลาจันทะ | H8: 252
A9: 7 | B9: 244021 | C9: suckjakkure@hotmail.com | D9: FACEBOOK | F9: JA163677294TH | G9: น.สสาลินีย์ กิ้วภาวัน | H9: 1060
A10: 8 | B10: 244021 | C10: suckjakkure@hotmail.com | D10: FACEBOOK | F10: JA164131735TH | G10: รัตตาภัค ครรชิตสิริกุล | H10: 252
A11: 9 | B11: 244021 | C11: suckjakkure@hotmail.com | D11: FACEBOOK | F11: JA164131721TH | G11: สุพัตรา นรดี | H11: 508
A12: 10 | B12: 244021 | C12: suckjakkure@hotmail.com | D12: FACEBOOK | F12: JA164500695TH | G12: กมลทิพย์ วิเชียรวิญญู | H12: 269
A13: 11 | B13: 244021 | C13: suckjakkure@hotmail.com | D13: FACEBOOK | F13: JA163682158TH | G13: วีรพันธ์สุขกิจบ | H13: 252
A14: 12 | B14: 244021 | C14: suckjakkure@hotmail.com | D14: FACEBOOK | F14: JA164500687TH | G14: อิสราโยธาจักร | H14: 280
... A34: 32 | B34: 244024 | C34: suckjakkure@hotmail.com | D34: FACEBOOK | F34: JA165244013TH | G34: ธิดารัตน์ พุทธศาสน์บำรุง | H34: 230
A35: 33 | B35: 244024 | C35: suckjakkure@hotmail.com | D35: FACEBOOK | F35: JA165243874TH | G35: =SUM(G3:G34) -> 0 | H35: =SUM(H3:H34) -> 9460 | I35: =SUM(I3:I34) -> 0 | J35: =SUM(J3:J34) -> 0 | L35: =SUM(L3:L34) -> 0
A36: 34 | B36: 244024 | C36: suckjakkure@hotmail.com | D36: FACEBOOK | F36: JA163682127TH | G36: กิ่งกาญจน์ ชูสกุลพัฒนา | H36: 474
A37: 35 | B37: 244024 | C37: suckjakkure@hotmail.com | D37: FACEBOOK | F37: JA165243891TH | G37: ปลัดเพลินจันทร์ เลิศวิทยากร | H37: 230
A38: 36 | B38: 244024 | C38: suckjakkure@hotmail.com | D38: FACEBOOK | F38: JA165243857TH | G38: คุณพวงเพ็ญ เฉลิมสุข | H38: 330
A39: 37 | B39: 244025 | C39: suckjakkure@hotmail.com | D39: FACEBOOK | F39: JA165467109TH | G39: สุรีย์พันธุ์ สุขสาธุ | H39: 230
A40: 38 | B40: 244025 | C40: suckjakkure@hotmail.com | D40: FACEBOOK | F40: JA165466908TH | G40: สมประสงค์ กันหาเรียง | H40: 130
A41: 39 | B41: 244025 | C41: suckjakkure@hotmail.com | D41: FACEBOOK | F41: JA165466995TH | G41: บุษกร ปัทมโสภณ | H41: 330
A42: 40 | B42: 244025 | C42: suckjakkure@hotmail.com | D42: FACEBOOK | F42: JA165467112TH | G42: สันทนา สองรุ่งชัยฤทธิ์ | H42: 130
A43: 41 | B43: 244025 | C43: suckjakkure@hotmail.com | D43: FACEBOOK | F43: JA165467126TH | G43: ต้อย | H43: 130
A44: 42 | B44: 244025 | C44: suckjakkure@hotmail.com | D44: FACEBOOK | F44: JA165467086TH | G44: ธัญวลัย บุญปลอด | H44: 530
A45: 43 | B45: 244025 | C45: suckjakkure@hotmail.com | D45: FACEBOOK | F45: JA165587605TH | G45: ศิริพัดชา คำไฮ | H45: 130
A46: 44 | B46: 244025 | C46: suckjakkure@hotmail.com | D46: FACEBOOK | F46: JA165466960TH | G46: นงนุช ตันติวรสิทธิ์ | H46: 230
A47: 45 | B47: 244025 | C47: suckjakkure@hotmail.com | D47: FACEBOOK | F47: JA165466987TH | H47: 330
A48: 46 | B48: 244025 | C48: suckjakkure@hotmail.com | D48: FACEBOOK | F48: JA165243865TH | G48: หิรัญวดี งามสุขศรี | H48: 130
A49: 47 | B49: 244025 | C49: suckjakkure@hotmail.com | D49: FACEBOOK | F49: JA165466939TH | G49: บังอร พินทำ | H49: 130
A50: 48 | B50: 244025 | C50: suckjakkure@hotmail.com | D50: FACEBOOK | F50: JA165466942TH | G50: พรทิพย์ อิฐรัตน์ | H50: 130
A51: 49 | B51: 244025 | C51: suckjakkure@hotmail.com | D51: FACEBOOK | F51: JA165467072TH | G51: ศันสนีย์ กรวิจิตรศิริ | H51: 130
A52: 50 | B52: 244025 | C52: suckjakkure@hotmail.com | D52: FACEBOOK | F52: JA165467038TH | G52: คุณวันชัย เรืองเดช | H52: 130
A53: 51 | B53: 244025 | C53: suckjakkure@hotmail.com | D53: FACEBOOK | F53: JA165244044TH | G53: สมชาย ฤกษ์เสือ | H53: 130
A54: 52 | B54: 244025 | C54: suckjakkure@hotmail.com | D54: FACEBOOK | F54: JA165466956TH | G54: ทวัช มูลฝุ่น | H54: 130
A55: 53 | B55: 244025 | C55: suckjakkure@hotmail.com | D55: FACEBOOK | F55: JA165243905TH | G55: นางสาวอุปสรา รักบำรุง 2 | H55: 1025
A56: 54 | B56: 244025 | C56: suckjakkure@hotmail.com | D56: FACEBOOK | F56: JA165243914TH | G56: นางสาวอุปสรา รักบำรุง 1 | H56: 1025
A57: 55 | B57: 244025 | C57: suckjakkure@hotmail.com | D57: FACEBOOK | F57: JA165244075TH | G57: วารี ฉายเทพประสิทธิ์ | H57: 230
A58: 56 | B58: 244025 | C58: suckjakkure@hotmail.com | D58: FACEBOOK | F58: JA165243931TH | G58: สุขุม สุทธินิยม | H58: 130
A59: 57 | B59: 244025 | C59: suckjakkure@hotmail.com | D59: FACEBOOK | F59: JA165243959TH | G59: พูลวัชร์ หงสกุล | H59: 280
... A266: 264 | B266: 244042 | C266: suckjakkure@hotmail.com | D266: FACEBOOK | F266: JA176127980TH | G266: แนน | H266: 130
G267: ยอดรวม | H267: =SUM(H3:H266) -> 70217 | I267: บาท
G425: ยอดรวม | H425: =SUM(H3:H219) -> 57287 | I425: บาท

Sheet Summary ก.พ.
B1: ข้อมูลการเก็บเงินปลายทาง (COD) แบบรวมยอดประจำวัน เดือนกุมภาพันธ์ 2568 | K1: ตรวจในสเตทเม้น
A2: ลำดับ | B2: วันที่ | C2: Email | D2: Tel | E2: Bank Account Number / เลขที่บัญชี | F2: Bank Account Name / ชื่อธนาคาร | G2: Total Order / จำนวนออเดอร์ | H2: COD Amount / ยอดรวม COD | I2: Deduct | J2: Total Amount / ยอดรวม COD | K2: วันที่เงินเข้า | L2: ยอดเข้า | M2: หมายเหตุ
A3: 1 | B3: 244015 | C3: ไม่มียอดเก็บ COD | K3: 244015 | L3: 0 | M3: =+J3-L3 -> 0
A4: 2 | B4: 244016 | C4: ไม่มียอดเก็บ COD | K4: 244016 | L4: 0 | M4: =+J4-L4 -> 0
A5: 3 | B5: 244017 | C5: ไม่มียอดเก็บ COD | K5: 244017 | L5: 0 | M5: =+J5-L5 -> 0
A6: 4 | B6: 244018 | C6: ไม่มียอดเก็บ COD | K6: 244018 | L6: 0 | M6: =+J6-L6 -> 0
A7: 5 | B7: 244019 | C7: ไม่มียอดเก็บ COD | K7: 244019 | L7: 0 | M7: =+J7-L7 -> 0
A8: 6 | B8: 244020 | C8: suckjakkure@hotmail.com | D8: 0642427575 | E8: 4311469006 | F8: ธนาคารไทยพาณิชย์ (SCB) | G8: 4 | H8: 1008 | I8: 0 | J8: 1008 | K8: 244020 | L8: 1008 | M8: =+J8-L8 -> 0
A9: 7 | B9: 244021 | C9: suckjakkure@hotmail.com | D9: 0642427575 | E9: 4311469006 | F9: ธนาคารไทยพาณิชย์ (SCB) | G9: 8 | H9: 3153 | I9: 0 | J9: 3153 | K9: 244021 | L9: 3153 | M9: =+J9-L9 -> 0
A10: 8 | B10: 244022 | C10: suckjakkure@hotmail.com | D10: 0642427575 | E10: 4311469006 | F10: ธนาคารไทยพาณิชย์ (SCB) | G10: 9 | H10: 2700 | I10: 0 | J10: 2700 | K10: 244022 | L10: 2700 | M10: =+J10-L10 -> 0
A11: 9 | B11: 244023 | C11: suckjakkure@hotmail.com | D11: 0642427575 | E11: 4311469006 | F11: ธนาคารไทยพาณิชย์ (SCB) | G11: 10 | H11: 2369 | I11: 0 | J11: 2369 | K11: 244023 | L11: 2369 | M11: =+J11-L11 -> 0
A12: 10 | B12: 244024 | C12: suckjakkure@hotmail.com | D12: 0642427575 | E12: 4311469006 | F12: ธนาคารไทยพาณิชย์ (SCB) | G12: 5 | H12: 1694 | I12: 0 | J12: 1694 | K12: 244024 | L12: 1694 | M12: =+J12-L12 -> 0
A13: 11 | B13: 244025 | C13: suckjakkure@hotmail.com | D13: 0642427575 | E13: 4311469006 | F13: ธนาคารไทยพาณิชย์ (SCB) | G13: 22 | H13: 5950 | I13: 0 | J13: 5950 | K13: 244025 | L13: 5950 | M13: =+J13-L13 -> 0
A14: 12 | B14: 244026 | C14: suckjakkure@hotmail.com | D14: 0642427575 | E14: 4311469006 | F14: ธนาคารไทยพาณิชย์ (SCB) | G14: 14 | H14: 2969 | I14: 0 | J14: 2969 | K14: 244026 | L14: 2969 | M14: =+J14-L14 -> 0
A15: 13 | B15: 244027 | C15: suckjakkure@hotmail.com | D15: 0642427575 | E15: 4311469006 | F15: ธนาคารไทยพาณิชย์ (SCB) | G15: 17 | H15: 3559 | I15: 0 | J15: 3559 | K15: 244027 | L15: 3559 | M15: =+J15-L15 -> 0
A16: 14 | B16: 244028 | C16: suckjakkure@hotmail.com | D16: 0642427575 | E16: 4311469006 | F16: ธนาคารไทยพาณิชย์ (SCB) | G16: 14 | H16: 2889 | I16: 0 | J16: 2889 | K16: 244028 | L16: 2889 | M16: =+J16-L16 -> 0
A17: 15 | B17: 244029 | C17: suckjakkure@hotmail.com | D17: 0642427575 | E17: 4311469006 | F17: ธนาคารไทยพาณิชย์ (SCB) | G17: 16 | H17: 2880 | I17: 0 | J17: 2880 | K17: 244029 | L17: 2880 | M17: =+J17-L17 -> 0
A18: 16 | B18: 244030 | C18: suckjakkure@hotmail.com | D18: 0642427575 | E18: 4311469006 | F18: ธนาคารไทยพาณิชย์ (SCB) | G18: 8 | H18: 1440 | I18: 0 | J18: 1440 | K18: 244030 | L18: 1440 | M18: =+J18-L18 -> 0
A19: 17 | B19: 244031 | C19: suckjakkure@hotmail.com | D19: 0642427575 | E19: 4311469006 | F19: ธนาคารไทยพาณิชย์ (SCB) | G19: 2 | H19: 260 | I19: 0 | J19: 260 | K19: 244031 | L19: 260 | M19: =+J19-L19 -> 0
... A25: 23 | B25: 244037 | C25: suckjakkure@hotmail.com | D25: 0642427575 | E25: 4311469006 | F25: ธนาคารไทยพาณิชย์ (SCB) | G25: 10 | H25: 2132 | I25: 0 | J25: 2132 | K25: 244037 | L25: 2132 | M25: =+J25-L25 -> 0
A26: 24 | B26: 244038 | C26: ไม่มียอดเก็บ COD | K26: 244038 | M26: =+J26-L26 -> 0
A27: 25 | B27: 244039 | C27: suckjakkure@hotmail.com | D27: 0642427575 | E27: 4311469006 | F27: ธนาคารไทยพาณิชย์ (SCB) | G27: 12 | H27: 3705 | I27: 0 | J27: 3705 | K27: 244039 | L27: 3705 | M27: =+J27-L27 -> 0
A28: 26 | B28: 244040 | C28: suckjakkure@hotmail.com | D28: 0642427575 | E28: 4311469006 | F28: ธนาคารไทยพาณิชย์ (SCB) | G28: 11 | H28: 2818 | I28: 0 | J28: 2818 | K28: 244040 | L28: 2818 | M28: =+J28-L28 -> 0
A29: 27 | B29: 244041 | C29: suckjakkure@hotmail.com | D29: 0642427575 | E29: 4311469006 | F29: ธนาคารไทยพาณิชย์ (SCB) | G29: 7 | H29: 1188 | I29: 0 | J29: 1188 | K29: 244041 | L29: 1188 | M29: =+J29-L29 -> 0
A30: 28 | B30: 244042 | C30: suckjakkure@hotmail.com | D30: 0642427575 | E30: 4311469006 | F30: ธนาคารไทยพาณิชย์ (SCB) | G30: 17 | H30: 5219 | I30: 0 | J30: 5219 | K30: 244042 | L30: 5219 | M30: =+J30-L30 -> 0
A31: 29 | F31: ยอดรวม | G31: =SUM(G3:G30) -> 264 | H31: =SUM(H3:H30) -> 61187 | I31: =SUM(I3:I30) -> 0 | J31: =SUM(J3:J30) -> 61187 | K31: บาท | L31: =SUM(L3:L30) -> 61187 | M31: บาท
A32: 30
A33: 31
A34: 32
G35: =SUM(G3:G34) -> 528 | H35: =SUM(H3:H34) -> 122374 | I35: =SUM(I3:I34) -> 0 | J35: =SUM(J3:J34) -> 122374 | L35: =SUM(L3:L34) -> 122374

Sheet ม.ค.
A1: ข้อมูลการเก็บเงินปลายทาง (COD) แบบแยกรายละเอียด เดือนมกราคม 2568
A2: ลำดับ | B2: วันที่ | C2: Email | D2: Facebook Page | E2: Order No. / เลขที่ออเดอร์ | F2: Tracking No. / เลขพัสดุ | G2: recipientName / ชื่อลูกค้า | H2: Amount / ยอด COD
A3: 1 | B3: 243984 | C3: suckjakkure@hotmail.com | D3: FACEBOOK | E3: KTINTER676f5dc0ebf7d0a7962af6df | F3: TH01136MRZJY5F | G3: วีณา ทรพับ | H3: 430
A4: 2 | B4: 243984 | C4: suckjakkure@hotmail.com | D4: FACEBOOK | E4: KTINTER676f99e6314990f717191436 | F4: TH02016MT85Z0M0 | G4: ธิรดา ศิริสาการต์ | H4: 430
A5: 3 | B5: 243984 | C5: suckjakkure@hotmail.com | D5: FACEBOOK | E5: KTINTER676f9ad58456f7ab930bda65 | F5: TH06036MT85W1F | G5: น.ส.สำเร็จ จะระจะแสง | H5: 625
A6: 4 | B6: 243984 | C6: suckjakkure@hotmail.com | D6: FACEBOOK | E6: KTINTER676f5e35a1e01a85cdbbff20 | F6: TH24066MRZJW2A | G6: สุนันท์ | H6: 430
A7: 5 | B7: 243984 | C7: suckjakkure@hotmail.com | D7: FACEBOOK | E7: KTINTER676f99272542f1dfa8bc4eef | F7: TH26016MT8624A | G7: เปิ้ล กูลพานิช | H7: 430
A8: 6 | B8: 243984 | C8: suckjakkure@hotmail.com | D8: FACEBOOK | E8: KTINTER676f9a6148fb0e014801641c | F8: TH41066MT85X3N | G8: นันทพร มุก | H8: 830
A9: 7 | B9: 243985 | C9: suckjakkure@hotmail.com | D9: FACEBOOK | E9: KTINTER676f995fe281fef47e5720a5 | F9: TH51026MT8613F | G9: คุณวราภรณ์ กาศโอสถ | H9: 280
A10: 8 | B10: 243985 | C10: suckjakkure@hotmail.com | D10: FACEBOOK | E10: KTINTER676f9909a7039abda21ea43d | F10: TH68076MT8628C | G10: นางสาวรติยา นวลแก้ว ฃ | H10: 280
A11: 9 | B11: 243986 | C11: suckjakkure@hotmail.com | D11: FACEBOOK | E11: KTINTER677119eb65c36d721d2c7a6e | F11: TH01036MX2UW9C1 | G11: ณยดา จรูญชนม์ | H11: 430
A12: 10 | B12: 243986 | C12: suckjakkure@hotmail.com | D12: FACEBOOK | E12: KTINTER677114f088a2199a8664c2b2 | F12: TH03016MX2V45I | G12: เอ๋ | H12: 480
A13: 11 | B13: 243986 | C13: suckjakkure@hotmail.com | D13: FACEBOOK | E13: KTINTER67710e3b66faf4fc0c311c7b | F13: TH03056MX2VX1C | G13: สุชญา เจียรนัยโสพิน | H13: 410
A14: 12 | B14: 243986 | C14: suckjakkure@hotmail.com | D14: FACEBOOK | E14: KTINTER6771143aa1e01a85cdd824cf | F14: TH04026MX2V86A3 | G14: สุวัฒนา รัตนกาล | H14: 780
... A20: 18 | B20: 243986 | C20: suckjakkure@hotmail.com | D20: FACEBOOK | E20: KTINTER676f5e19e281fef47e4f6c2f | F20: TH68156MRZJX0E | G20: Nu Fon อัจจิมา อุบล(ฝน) | H20: 430
A21: 19 | B21: 243986 | C21: suckjakkure@hotmail.com | D21: FACEBOOK | F21: JA110943280TH | G21: ทัศนีย์ เสียงเย็น | H21: 1050
A22: 20 | B22: 243986 | C22: suckjakkure@hotmail.com | D22: FACEBOOK | F22: JA111322619TH | G22: โชค วัฒนานนท์ | H22: 530
A23: 21 | B23: 243986 | C23: suckjakkure@hotmail.com | D23: FACEBOOK | F23: JA110943347TH | G23: วิภา | H23: 530
A24: 22 | B24: 243986 | C24: suckjakkure@hotmail.com | D24: FACEBOOK | F24: JA111287744TH | G24: พรสุดา ชุ่มพระ | H24: 535
A25: 23 | B25: 243986 | C25: suckjakkure@hotmail.com | D25: FACEBOOK | F25: JA111323058TH | G25: เอมอร ศักดิ์ศรีกรม | H25: 430
A26: 24 | B26: 243986 | C26: suckjakkure@hotmail.com | D26: FACEBOOK | F26: JA111322636TH | G26: ยุวดี โพธิ์สีมา | H26: 280
A27: 25 | B27: 243986 | C27: suckjakkure@hotmail.com | D27: FACEBOOK | F27: JA111322463TH | G27: น.ส.ชุติมา แสวัง | H27: 850
A28: 26 | B28: 243986 | C28: suckjakkure@hotmail.com | D28: FACEBOOK | F28: JA111287727TH | G28: ร้านแม่อ้อ 2 | H28: 1319
A29: 27 | B29: 243986 | C29: suckjakkure@hotmail.com | D29: FACEBOOK | F29: JA111287713TH | G29: ร้านแม่อ้อ 3 | H29: 1319
A30: 28 | B30: 243986 | C30: suckjakkure@hotmail.com | D30: FACEBOOK | F30: JA111287735TH | G30: ร้านแม่อ้อ 1 | H30: 1319
A31: 29 | B31: 243986 | C31: suckjakkure@hotmail.com | D31: FACEBOOK | F31: JA111323027TH | G31: อมรรัตน์ ทองทั้งห้า | H31: 280
A32: 30 | B32: 243986 | C32: suckjakkure@hotmail.com | D32: FACEBOOK | F32: JA111322565TH | G32: P ดาวเรือง ราชยม | H32: 430
A33: 31 | B33: 243987 | C33: suckjakkure@hotmail.com | D33: FACEBOOK | E33: KTINTER677497908defb88e198c83d8 | F33: TH01126N2PRC1B1 | G33: วลีรัตน์ จันท์โศภิน | H33: 430
A34: 32 | B34: 243987 | C34: suckjakkure@hotmail.com | D34: FACEBOOK | E34: KTINTER6773433c65c36d721d42fb3f | F34: TH01206N0YCM3D | G34: วานณี | H34: 280
A35: 33 | B35: 243987 | C35: suckjakkure@hotmail.com | D35: FACEBOOK | E35: KTINTER6774969de281fef47e8e9ff9 | F35: TH01206N2PRD3D | G35: =SUM(G3:G34) -> 0 | H35: =SUM(H3:H34) -> 18547 | I35: =SUM(I3:I34) -> 0 | J35: =SUM(J3:J34) -> 0 | L35: =SUM(L3:L34) -> 0
A36: 34 | B36: 243987 | C36: suckjakkure@hotmail.com | D36: FACEBOOK | E36: KTINTER6773430b314990f717451842 | F36: TH02026N0YCN2D | G36: วันทนา ขำเมือง | H36: 430
A37: 35 | B37: 243987 | C37: suckjakkure@hotmail.com | D37: FACEBOOK | E37: KTINTER67720550ddb870474791ae7d | F37: TH02056MYNTT7B | G37: จันทิมา | H37: 530
A38: 36 | B38: 243987 | C38: suckjakkure@hotmail.com | D38: FACEBOOK | E38: KTINTER677113bd88a2199a8664ad71 | F38: TH04026MX2VF3C0 | G38: วารี จิตต์ลำจวน | H38: 280
A39: 37 | B39: 243987 | C39: suckjakkure@hotmail.com | D39: FACEBOOK | E39: KTINTER677347b9a7039abda24a7ccc | F39: TH04036N0YCD3D | G39: สุภัศณี ศรีแก่นจันทร์ | H39: 430
A40: 38 | B40: 243987 | C40: suckjakkure@hotmail.com | D40: FACEBOOK | E40: KTINTER6772069969740fc70794f3bd | F40: TH12106MYNTR4A | G40: สายใจ ป่านรอด | H40: 430
A41: 39 | B41: 243987 | C41: suckjakkure@hotmail.com | D41: FACEBOOK | E41: KTINTER6771122addcc7fd6ffcf8209 | F41: TH14016MX2VM3S | G41: อูษณีย์ สนธิเณร | H41: 447
A42: 40 | B42: 243987 | C42: suckjakkure@hotmail.com | D42: FACEBOOK | E42: KTINTER677346d248fb0e01482d90f4 | F42: TH14046N0YCE9N | G42: คณิน มณีอินทร์ | H42: 830
A43: 41 | B43: 243987 | C43: suckjakkure@hotmail.com | D43: FACEBOOK | E43: KTINTER677206f669740fc70794fdb2 | F43: TH15036MYNTQ2F | G43: กรองแก้ว พุ่มปรีชา | H43: 780
A44: 42 | B44: 243987 | C44: suckjakkure@hotmail.com | D44: FACEBOOK | E44: KTINTER677116da48fb0e014816d575 | F44: TH15056MX2UZ5L | G44: นายประสิทธิ์ ภิรมย์ชุ่ม | H44: 430
A45: 43 | B45: 243987 | C45: suckjakkure@hotmail.com | D45: FACEBOOK | E45: KTINTER677342fa314990f7174517e4 | F45: TH15056N0YCN4O | G45: น.ส.นาตยา มั่งชูพันธุ์ | H45: 430
A46: 44 | B46: 243987 | C46: suckjakkure@hotmail.com | D46: FACEBOOK | E46: KTINTER6774977871c9027b14d7cd9a | F46: TH15066N2PRC2J | G46: ปิยะรัตน์ พรหมปฏิมา | H46: 369
A47: 45 | B47: 243987 | C47: suckjakkure@hotmail.com | D47: FACEBOOK | E47: KTINTER677497acebf7d0a796698e10 | F47: TH19076N2PRB7A1 | G47: ไพฑูรย์ อ.สุวรรณ | H47: 430
... A60: 58 | B60: 243987 | C60: suckjakkure@hotmail.com | D60: FACEBOOK | E60: KTINTER677129c2ebf7d0a79648c37f | F60: TH77026MX35H1C | G60: ปาณิสรา ซุ่นบก | H60: 603
A61: 59 | B61: 243987 | C61: suckjakkure@hotmail.com | D61: FACEBOOK | F61: JA111287758TH | G61: คุณอุษา ไทรสลุง | H61: 1068
A62: 60 | B62: 243987 | C62: suckjakkure@hotmail.com | D62: FACEBOOK | F62: JA151314448TH | G62: เอื้อมพร จันทร์หอม | H62: 280
A63: 61 | B63: 243987 | C63: suckjakkure@hotmail.com | D63: FACEBOOK | F63: JA151314505TH | G63: มาณี-เย็นภูเขา | H63: 430
A64: 62 | B64: 243987 | C64: suckjakkure@hotmail.com | D64: FACEBOOK | F64: JA151314553TH | G64: กาญจนา ฐินขาว | H64: 280
A65: 63 | B65: 243987 | C65: suckjakkure@hotmail.com | D65: FACEBOOK | F65: JA151314522TH | G65: บุญตา สกุลเย็น | H65: 430
A66: 64 | B66: 243987 | C66: suckjakkure@hotmail.com | D66: FACEBOOK | F66: JA151314496TH | G66: ทวีศักดิ์ กู้เกียรติรัตน์ | H66: 430
A67: 65 | B67: 243987 | C67: suckjakkure@hotmail.com | D67: FACEBOOK | F67: JA151314479TH | G67: นันทวัน แซ่ลิ้ม | H67: 248
A68: 66 | B68: 243987 | C68: suckjakkure@hotmail.com | D68: FACEBOOK | F68: JA111322888TH | G68: น.ส.วลีรัตน์ รสชา | H68: 667.5
A69: 67 | B69: 243987 | C69: suckjakkure@hotmail.com | D69: FACEBOOK | F69: JA151314482TH | G69: นิตยา ฮวดโสภา | H69: 280
A70: 68 | B70: 243988 | C70: suckjakkure@hotmail.com | D70: FACEBOOK | E70: KTINTER67711402ebf7d0a79647a0e9 | F70: TH04036MX2VC0A1 | G70: ภัณฑิรา | H70: 430
A71: 69 | B71: 243988 | C71: suckjakkure@hotmail.com | D71: FACEBOOK | E71: KTINTER677204f188a2199a866cc61a | F71: TH31136MYNTU4P | G71: ฉันทนา วัชรวิวรรณ | H71: 290
A72: 70 | B72: 243988 | C72: suckjakkure@hotmail.com | D72: FACEBOOK | E72: KTINTER677348a1ddcc7fd6ffe7286d | F72: TH33016N0YCC0E | G72: รัชภร ธนาโชคกุลธร | H72: 430
A73: 71 | B73: 243988 | C73: suckjakkure@hotmail.com | D73: FACEBOOK | E73: KTINTER67734419ddcc7fd6ffe6eb4d | F73: TH39056N0YCJ2G | G73: ชบา เชื้อบุญมี | H73: 280
A74: 72 | B74: 243988 | C74: suckjakkure@hotmail.com | D74: FACEBOOK | E74: KTINTER6773444266faf4fc0c48ceef | F74: TH41036N0YCH9B | G74: อรทัยฟาร์มปลา | H74: 430
A75: 73 | B75: 243988 | C75: suckjakkure@hotmail.com | D75: FACEBOOK | E75: KTINTER677497c465c36d721d4e60db | F75: TH56126N2PRB3C | G75: ยุทธนา ทองรัก | H75: 169
A76: 74 | B76: 243988 | C76: suckjakkure@hotmail.com | D76: FACEBOOK | E76: KTINTER677346f071c9027b14ccbf01 | F76: TH58046N0YCE8C | G76: Nok Waranith | H76: 830
A77: 75 | B77: 243988 | C77: suckjakkure@hotmail.com | D77: FACEBOOK | E77: KTINTER677114a1ebf7d0a79647aa10 | F77: TH62056MX2V52C | G77: ปลัดเพลินจันทร์ เลิศวิทยากร | H77: 280
A78: 76 | B78: 243988 | C78: suckjakkure@hotmail.com | D78: FACEBOOK | E78: KTINTER67711469ddcc7fd6ffcfa58c | F78: TH64166MX2V61D | G78: จินดารัตน์ เนตรสน | H78: 280
A79: 77 | B79: 243988 | C79: suckjakkure@hotmail.com | D79: FACEBOOK | E79: KTINTER6773432f71c9027b14cc9867 | F79: TH64206N0YCM9C | G79: คุณอ้อย | H79: 280
A80: 78 | B80: 243988 | C80: suckjakkure@hotmail.com | D80: FACEBOOK | E80: KTINTER67734861a1e01a85cdef53de | F80: TH64236N0YCC4D | G80: ทวี โสชัยยัง | H80: 255
A81: 79 | B81: 243988 | C81: suckjakkure@hotmail.com | D81: FACEBOOK | E81: KTINTER6773476f71c9027b14ccc43a | F81: TH68046N0YCE1G | G81: วอดก้า | H81: 480
... A83: 81 | B83: 243988 | C83: suckjakkure@hotmail.com | D83: FACEBOOK | E83: KTINTER67734871271cbfab28ef236c | F83: TH74046N0YCC2B | G83: สุดาวรรณ์ เหล่าทอง | H83: 255
A84: 82 | B84: 243988 | C84: suckjakkure@hotmail.com | D84: FACEBOOK | F84: JA151684085TH | G84: สุวัฒนา รัตนกาล | H84: 280
A85: 83 | B85: 243988 | C85: suckjakkure@hotmail.com | D85: FACEBOOK | F85: JA151683995TH | G85: เรณู วิมลพันธ์ | H85: 280
A86: 84 | B86: 243988 | C86: suckjakkure@hotmail.com | D86: FACEBOOK | F86: JA151684125TH | G86: Tida Siri /ธิรดา ศิริสาการต์ | H86: 530
A87: 85 | B87: 243988 | C87: suckjakkure@hotmail.com | D87: FACEBOOK | F87: JA151506686TH | G87: สายชล พุกทอง | H87: 290
A88: 86 | B88: 243988 | C88: suckjakkure@hotmail.com | D88: FACEBOOK | F88: JA151684050TH | G88: วิชาญ เสือคำ | H88: 480
A89: 87 | B89: 243988 | C89: suckjakkure@hotmail.com | D89: FACEBOOK | F89: JA151684094TH | G89: ศิวพร ตลับเพ็ชร | H89: 830
A90: 88 | B90: 243990 | C90: suckjakkure@hotmail.com | D90: FACEBOOK | F90: JA152386905TH | G90: สุรีย์ ยาชูรมย์ | H90: 480
A91: 89 | B91: 243990 | C91: suckjakkure@hotmail.com | D91: FACEBOOK | F91: JA152032871TH | G91: นัยนา หวังดี | H91: 1230
A92: 90 | B92: 243990 | C92: suckjakkure@hotmail.com | D92: FACEBOOK | F92: JA152386928TH | G92: Boontawee Sriprach | H92: 750
A93: 91 | B93: 243990 | C93: suckjakkure@hotmail.com | D93: FACEBOOK | F93: JA151314575TH | G93: คลอใจ | H93: 430
A94: 92 | B94: 243990 | C94: suckjakkure@hotmail.com | D94: FACEBOOK | F94: JA151314567TH | G94: คลอใจ | H94: 550
A95: 93 | B95: 243990 | C95: suckjakkure@hotmail.com | D95: FACEBOOK | F95: JA151314536TH | G95: นายเอกชัย พงษ์วิเศษ 2 | H95: 1020
... A239: 237 | B239: 244012 | C239: suckjakkure@hotmail.com | D239: FACEBOOK | F239: JA159399886TH | G239: ธัญวลัย บุญปลอด | H239: 1025
G240: ยอดรวม | H240: =SUM(H3:H239) -> 134817.5 | I240: บาท

Sheet Summary ม.ค.
B1: ข้อมูลการเก็บเงินปลายทาง (COD) แบบรวมยอดประจำวัน เดือนมกราคม 2568 | K1: ตรวจในสเตทเม้น
A2: ลำดับ | B2: วันที่ | C2: Email | D2: Tel | E2: Bank Account Number / เลขที่บัญชี | F2: Bank Account Name / ชื่อธนาคาร | G2: Total Order / จำนวนออเดอร์ | H2: COD Amount / ยอดรวม COD | I2: Deduct | J2: Total Amount / ยอดรวม COD | K2: วันที่เงินเข้า | L2: ยอดเข้า | M2: หมายเหตุ
A3: 1 | B3: 243984 | C3: suckjakkure@hotmail.com | D3: 0642427575 | E3: 4311469006 | F3: ธนาคารไทยพาณิชย์ (SCB) | G3: 6 | H3: 3175 | I3: 0 | J3: 3175 | K3: 243984 | L3: 3175 | M3: =+J3-L3 -> 0
A4: 2 | B4: 243985 | C4: suckjakkure@hotmail.com | D4: 0642427575 | E4: 4311469006 | F4: ธนาคารไทยพาณิชย์ (SCB) | G4: 2 | H4: 560 | I4: 0 | J4: 560 | K4: 243985 | L4: 560 | M4: =+J4-L4 -> 0
A5: 3 | B5: 243986 | C5: suckjakkure@hotmail.com | D5: 0642427575 | E5: 4311469006 | F5: ธนาคารไทยพาณิชย์ (SCB) | G5: 10 | H5: 5230 | I5: 0 | J5: 5230 | K5: 243986 | L5: 5230 | M5: =+J5-L5 -> 0
A6: 4 | B6: 243986 | C6: suckjakkure@hotmail.com | D6: 0642427575 | E6: 4311469006 | F6: ธนาคารไทยพาณิชย์ (SCB) | G6: 12 | H6: 8872 | I6: 0 | J6: 8872 | K6: 243986 | L6: 8872 | M6: =+J6-L6 -> 0
A7: 5 | B7: 243987 | C7: suckjakkure@hotmail.com | D7: 0642427575 | E7: 4311469006 | F7: ธนาคารไทยพาณิชย์ (SCB) | G7: 28 | H7: 14475 | I7: 0 | J7: 14475 | K7: 243987 | L7: 14475 | M7: =+J7-L7 -> 0
A8: 6 | B8: 243622 | C8: suckjakkure@hotmail.com | D8: 0642427575 | E8: 4311469006 | F8: ธนาคารไทยพาณิชย์ (SCB) | G8: 9 | H8: 4113.5 | I8: 0 | J8: 4113.5 | K8: 243622 | L8: 4113.5 | M8: =+J8-L8 -> 0
A9: 7 | B9: 243988 | C9: suckjakkure@hotmail.com | D9: 0642427575 | E9: 4311469006 | F9: ธนาคารไทยพาณิชย์ (SCB) | G9: 14 | H9: 5219 | I9: 0 | J9: 5219 | K9: 243988 | L9: 5219 | M9: =+J9-L9 -> 0
A10: 8 | B10: 243988 | C10: suckjakkure@hotmail.com | D10: 0642427575 | E10: 4311469006 | F10: ธนาคารไทยพาณิชย์ (SCB) | G10: 6 | H10: 2690 | I10: 0 | J10: 2690 | K10: 243988 | L10: 2690 | M10: =+J10-L10 -> 0
A11: 9 | B11: 243989 | C11: ไม่มียอดเก็บ COD | K11: 243989 | L11: 0 | M11: =+J11-L11 -> 0
A12: 10 | B12: 243990 | C12: suckjakkure@hotmail.com | D12: 0642427575 | E12: 4311469006 | F12: ธนาคารไทยพาณิชย์ (SCB) | G12: 11 | H12: 7550 | I12: 0 | J12: 7550 | K12: 243990 | L12: 7550 | M12: =+J12-L12 -> 0
A13: 11 | B13: 243991 | C13: suckjakkure@hotmail.com | D13: 0642427575 | E13: 4311469006 | F13: ธนาคารไทยพาณิชย์ (SCB) | G13: 8 | H13: 3765 | I13: 0 | J13: 3765 | K13: 243991 | L13: 3765 | M13: =+J13-L13 -> 0
A14: 12 | B14: 243992 | C14: suckjakkure@hotmail.com | D14: 0642427575 | E14: 4311469006 | F14: ธนาคารไทยพาณิชย์ (SCB) | G14: 4 | H14: 2355 | I14: 0 | J14: 2355 | K14: 243992 | L14: 2355 | M14: =+J14-L14 -> 0
A15: 13 | B15: 243993 | C15: suckjakkure@hotmail.com | D15: 0642427575 | E15: 4311469006 | F15: ธนาคารไทยพาณิชย์ (SCB) | G15: 3 | H15: 1560 | I15: 0 | J15: 1560 | K15: 243993 | L15: 1560 | M15: =+J15-L15 -> 0
A16: 14 | B16: 243994 | C16: suckjakkure@hotmail.com | D16: 0642427575 | E16: 4311469006 | F16: ธนาคารไทยพาณิชย์ (SCB) | G16: 10 | H16: 4120 | I16: 0 | J16: 4120 | K16: 243994 | L16: 4120 | M16: =+J16-L16 -> 0
A17: 15 | B17: 243995 | C17: suckjakkure@hotmail.com | D17: 0642427575 | E17: 4311469006 | F17: ธนาคารไทยพาณิชย์ (SCB) | G17: 6 | H17: 3280 | I17: 0 | J17: 3280 | K17: 243995 | L17: 3280 | M17: =+J17-L17 -> 0
A18: 16 | B18: 243996 | C18: suckjakkure@hotmail.com | D18: 0642427575 | E18: 4311469006 | F18: ธนาคารไทยพาณิชย์ (SCB) | G18: 1 | H18: 280 | I18: 0 | J18: 280 | K18: 243996 | L18: 280 | M18: =+J18-L18 -> 0
A19: 17 | B19: 243997 | C19: suckjakkure@hotmail.com | D19: 0642427575 | E19: 4311469006 | F19: ธนาคารไทยพาณิชย์ (SCB) | G19: 3 | H19: 1878 | I19: 0 | J19: 1878 | K19: 243997 | L19: 1878 | M19: =+J19-L19 -> 0
A20: 18 | B20: 243998 | C20: suckjakkure@hotmail.com | D20: 0642427575 | E20: 4311469006 | F20: ธนาคารไทยพาณิชย์ (SCB) | G20: 3 | H20: 1878 | I20: 0 | J20: 1878 | K20: 243998 | L20: 1878 | M20: =+J20-L20 -> 0
A21: 19 | B21: 243999 | C21: suckjakkure@hotmail.com | D21: 0642427575 | E21: 4311469006 | F21: ธนาคารไทยพาณิชย์ (SCB) | G21: 1 | H21: 530 | I21: 0 | J21: 530 | K21: 243999 | L21: 530 | M21: =+J21-L21 -> 0
A22: 20 | B22: 244000 | C22: suckjakkure@hotmail.com | D22: 0642427575 | E22: 4311469006 | F22: ธนาคารไทยพาณิชย์ (SCB) | G22: 2 | H22: 895 | I22: 0 | J22: 895 | K22: 244000 | L22: 895 | M22: =+J22-L22 -> 0
A23: 21 | B23: 244001 | C23: suckjakkure@hotmail.com | D23: 0642427575 | E23: 4311469006 | F23: ธนาคารไทยพาณิชย์ (SCB) | G23: 6 | H23: 2889 | I23: 0 | J23: 2889 | K23: 244001 | L23: 2889 | M23: =+J23-L23 -> 0
... A34: 32 | B34: 244012 | C34: suckjakkure@hotmail.com | D34: 0642427575 | E34: 4311469006 | F34: ธนาคารไทยพาณิชย์ (SCB) | G34: 1 | H34: 1025 | I34: 0 | J34: 1025 | K34: 244012 | L34: 1025 | M34: =+J34-L34 -> 0
B35: 244013 | C35: ไม่มียอดเก็บ COD | G35: =SUM(G3:G34) -> 237 | H35: =SUM(H3:H34) -> 116700.5 | I35: =SUM(I3:I34) -> 0 | J35: =SUM(J3:J34) -> 116700.5 | K35: 244013 | L35: =SUM(L3:L34) -> 116700.5 | M35: =+J35-L35 -> 0
B36: 244014 | C36: ไม่มียอดเก็บ COD | K36: 244014 | M36: =+J36-L36 -> 0
F37: ยอดรวม | G37: =SUM(G3:G36) -> 474 | H37: =SUM(H3:H36) -> 233401 | I37: =SUM(I3:I36) -> 0 | J37: =SUM(J3:J36) -> 233401 | K37: บาท | L37: =SUM(L3:L36) -> 233401 | M37: บาท
