Workbook

Sheet สรุป
A1: ข้อมูลการเก็บเงินปลายทาง (COD) ปี 2567
A2: เดือน | B2: Total Order / จำนวนออเดอร์ | C2: COD Amount / ยอดรวม COD | D2: Deduct | E2: Total Amount / ยอดรวม COD | G2: ยอดลดหนี้ COD
A3: มกราคม | B3: =+'Summary ม.ค.'!G42 -> 1173 | C3: =+'Summary ม.ค.'!H42 -> 499912 | D3: =+'Summary ม.ค.'!I42 -> 0 | E3: =+'Summary ม.ค.'!J42 -> 499912 | G3: =+[1]สรุป!$B$3 -> 14096
A4: กุมภาพันธ์ | B4: =+'Summary ก.พ.'!G36 -> 827 | C4: =+'Summary ก.พ.'!H36 -> 274032 | D4: =+'Summary ก.พ.'!I36 -> 0 | E4: =+'Summary ก.พ.'!J36 -> 274032 | G4: =+[1]สรุป!$B$4 -> 12471
A5: มีนาคม | B5: =+'Summary มี.ค.'!G36 -> 870 | C5: =+'Summary มี.ค.'!H36 -> 201150 | D5: =+'Summary มี.ค.'!I36 -> 0 | E5: =+'Summary มี.ค.'!J36 -> 201150 | G5: =+[1]สรุป!$B$5 -> 13643
A6: เมษายน | B6: =+'Summary เม.ย.'!G44 -> 470 | C6: =+'Summary เม.ย.'!H44 -> 131334 | D6: =+'Summary เม.ย.'!I44 -> 0 | E6: =+'Summary เม.ย.'!J44 -> 131334 | G6: =+[1]สรุป!$B$6 -> 9603
A7: พฤษภาคม | B7: 152 | C7: =+'Summary พ.ค.'!H34 -> 45005 | D7: =+'Summary พ.ค.'!I34 -> 0 | E7: =+'Summary พ.ค.'!J34 -> 45005 | G7: =+[1]สรุป!$B$7 -> 2369
A8: มิถุนายน | B8: =+'Summary มิ.ย.'!G33 -> 551 | C8: =+'Summary มิ.ย.'!H33 -> 127508 | D8: =+'Summary มิ.ย.'!I33 -> 0 | E8: =+'Summary มิ.ย.'!J33 -> 127508 | G8: =+[1]สรุป!$B$8 -> 5332
A9: กรกฎาคม | B9: =+'Summary ก.ค.'!G34 -> 938 | C9: =+'Summary ก.ค.'!H34 -> 190115 | D9: =+'Summary มิ.ย.'!I33 -> 0 | E9: =+'Summary ก.ค.'!J34 -> 190115 | G9: =+[1]สรุป!$B$9 -> 1402
A10: สิงหาคม | B10: =+'Summary ส.ค.'!G35 -> 2290 | C10: =+'Summary ส.ค.'!H35 -> 437163 | D10: =+'Summary ส.ค.'!I35 -> 0 | E10: =+'Summary ส.ค.'!J35 -> 437163 | G10: 0
A11: กันยายน | B11: =+'Summary ก.ย.'!G35 -> 1273 | C11: =+'Summary ก.ย.'!H35 -> 230753 | D11: =+'Summary ก.ย.'!I35 -> 0 | E11: =+'Summary ก.ย.'!J35 -> 230753 | G11: =+[2]สรุป!$B$11 -> 27460
A12: ตุลาคม | B12: =+'Summary ต.ค.'!G35 -> 1023 | C12: =+'Summary ต.ค.'!H35 -> 193223 | D12: =+'Summary ต.ค.'!I35 -> 0 | E12: =+'Summary ต.ค.'!J35 -> 193223 | G12: =+[2]สรุป!$B$12 -> 12130
A13: พฤศจิกายน | B13: =+'Summary พ.ย.'!G35 -> 229 | C13: =+'Summary พ.ย.'!H35 -> 69835 | D13: =+'Summary พ.ย.'!I35 -> 0 | E13: =+'Summary พ.ย.'!J35 -> 69835 | G13: =+[2]สรุป!$B$13 -> 6680
A14: ธันวาคม | B14: =+'Summary ธ.ค.'!G35 -> 212 | C14: =+'Summary ธ.ค.'!H35 -> 93577.5 | D14: =+'Summary ธ.ค.'!I35 -> 0 | E14: =+'Summary ธ.ค.'!J35 -> 93577.5 | G14: =+[2]สรุป!$B$14 -> 2100
A15: ยอดรวม | B15: =SUM(B3:B14) -> 10008 | C15: =SUM(C3:C14) -> 2493607.5 | D15: =SUM(D3:D14) -> 0 | E15: =SUM(E3:E14) -> 2493607.5 | F15: บาท | G15: =SUM(G3:G14) -> 107286

Sheet ธ.ค.
A1: ข้อมูลการเก็บเงินปลายทาง (COD) แบบแยกรายละเอียด เดือนธันวาคม 2567
A2: ลำดับ | B2: วันที่ | C2: Email | D2: Facebook Page | E2: Order No. / เลขที่ออเดอร์ | F2: Tracking No. / เลขพัสดุ | G2: recipientName / ชื่อลูกค้า | H2: Amount / ยอด COD
A3: 1 | B3: 243953 | C3: suckjakkure@hotmail.com | D3: FACEBOOK | F3: JA101594895TH | G3: อาภาศิริ นิลถนอม | H3: 228
A4: 2 | B4: 243953 | C4: suckjakkure@hotmail.com | D4: FACEBOOK | F4: JA101231051TH | G4: ภทรชนก ศรีวิลัย | H4: 130
A5: 3 | B5: 243953 | C5: suckjakkure@hotmail.com | D5: FACEBOOK | F5: JA100986440TH | G5: สังวาลย์ โพธิ์เย็น | H5: 230
A6: 4 | B6: 243953 | C6: suckjakkure@hotmail.com | D6: FACEBOOK | F6: JA102033344TH | G6: งอร ผลคำสุข | H6: 230
A7: 5 | B7: 243955 | C7: suckjakkure@hotmail.com | D7: FACEBOOK | F7: JA102352475TH | G7: ดานี. วัชราเกียรติ | H7: 230
A8: 6 | B8: 243955 | C8: suckjakkure@hotmail.com | D8: FACEBOOK | F8: JA102033392TH | G8: จตุพร นาชัยพูล | H8: 230
A9: 7 | B9: 243955 | C9: suckjakkure@hotmail.com | D9: FACEBOOK | F9: JA102033361TH | G9: มรรยาท ศรีเศรษฐนิล | H9: 430
A10: 8 | B10: 243955 | C10: suckjakkure@hotmail.com | D10: FACEBOOK | F10: JA102352498TH | G10: ปัญญวลัญญ์. อุนทะอ่อน. | H10: 160
A11: 9 | B11: 243955 | C11: suckjakkure@hotmail.com | D11: FACEBOOK | F11: JA102352515TH | G11: สุภาพร จุติชัย | H11: 230
A12: 10 | B12: 243955 | C12: suckjakkure@hotmail.com | D12: FACEBOOK | F12: JA102352484TH | G12: วิลาวรรณ คุณวิวัฒน์ | H12: 230
A13: 11 | B13: 243955 | C13: suckjakkure@hotmail.com | D13: FACEBOOK | F13: JA102352538TH | G13: นงนุช ตันติวรสิทธิ์ | H13: 230
A14: 12 | B14: 243955 | C14: suckjakkure@hotmail.com | D14: FACEBOOK | F14: JA100986232TH | G14: หิรัณญ์ชกรณ์ สุขสอาด | H14: 230
... A207: 205 | B207: 243982 | C207: suckjakkure@hotmail.com | D207: FACEBOOK | F207: JA111323115TH | G207: ถนอมศรี ศรีสังข์ | H207: 280
A208: 206 | B208: 243983 | C208: suckjakkure@hotmail.com | D208: FACEBOOK | F208: TH29036MNCM91A | G208: Nw Srp 1 | H208: 1090.0
A209: 207 | B209: 243983 | C209: suckjakkure@hotmail.com | D209: FACEBOOK | F209: TH29036MNCMB2A | G209: Nw Srp 2 | H209: 1090.0
A210: 208 | B210: 243983 | C210: suckjakkure@hotmail.com | D210: FACEBOOK | F210: TH29036MNCMC0A | G210: Nw Srp 3 | H210: 1090.0
A211: 209 | B211: 243983 | C211: suckjakkure@hotmail.com | D211: FACEBOOK | F211: TH29036MNCMC4A | G211: Nw Srp 4 | H211: 1090.0
A212: 210 | B212: 243983 | C212: suckjakkure@hotmail.com | D212: FACEBOOK | F212: TH29036MNCME2A | G212: Nw Srp 5 | H212: 1090.0
A213: 211 | B213: 243983 | C213: suckjakkure@hotmail.com | D213: FACEBOOK | F213: JA111323013TH | G213: หยาด หยาด | H213: 280
G232: ยอดรวม | H232: =SUM(H3:H231) -> 87879.5 | I232: บาท

Sheet Summary ธ.ค.
B1: ข้อมูลการเก็บเงินปลายทาง (COD) แบบรวมยอดประจำวัน เดือนธันวาคม 2567 | K1: ตรวจในสเตทเม้น
A2: ลำดับ | B2: วันที่ | C2: Email | D2: Tel | E2: Bank Account Number / เลขที่บัญชี | F2: Bank Account Name / ชื่อธนาคาร | G2: Total Order / จำนวนออเดอร์ | H2: COD Amount / ยอดรวม COD | I2: Deduct | J2: Total Amount / ยอดรวม COD | K2: วันที่เงินเข้า | L2: ยอดเข้า | M2: หมายเหตุ
B3: 243953 | C3: suckjakkure@hotmail.com | D3: 0642427575 | E3: 4311469006 | F3: ธนาคารไทยพาณิชย์ (SCB) | G3: 4 | H3: 818 | I3: 0 | J3: 818 | K3: 243953 | L3: 818 | M3: =+L3-J3 -> 0
B4: 243954 | C4: ไม่มียอด COD | K4: 243954 | L4: 0 | M4: =+L4-J4 -> 0
B5: 243955 | C5: suckjakkure@hotmail.com | D5: 0642427575 | E5: 4311469006 | F5: ธนาคารไทยพาณิชย์ (SCB) | G5: 19 | H5: 6346 | I5: 0 | J5: 6346 | K5: 243955 | L5: 6346 | M5: =+L5-J5 -> 0
B6: 243956 | C6: suckjakkure@hotmail.com | D6: 0642427575 | E6: 4311469006 | F6: ธนาคารไทยพาณิชย์ (SCB) | G6: 12 | H6: 3656 | I6: 0 | J6: 3656 | K6: 243956 | L6: 3656 | M6: =+L6-J6 -> 0
B7: 243957 | C7: suckjakkure@hotmail.com | D7: 0642427575 | E7: 4311469006 | F7: ธนาคารไทยพาณิชย์ (SCB) | G7: 16 | H7: 4430 | I7: 0 | J7: 4430 | K7: 243957 | L7: 4430 | M7: =+L7-J7 -> 0
B8: 243958 | C8: suckjakkure@hotmail.com | D8: 0642427575 | E8: 4311469006 | F8: ธนาคารไทยพาณิชย์ (SCB) | G8: 3 | H8: 1090 | I8: 0 | J8: 1090 | K8: 243958 | L8: 1090 | M8: =+L8-J8 -> 0
B9: 243959 | C9: suckjakkure@hotmail.com | D9: 0642427575 | E9: 4311469006 | F9: ธนาคารไทยพาณิชย์ (SCB) | G9: 17 | H9: 5910 | I9: 0 | J9: 5910 | K9: 243959 | L9: 5910 | M9: =+L9-J9 -> 0
B10: 243960 | C10: suckjakkure@hotmail.com | D10: 0642427575 | E10: 4311469006 | F10: ธนาคารไทยพาณิชย์ (SCB) | G10: 4 | H10: 1078 | I10: 0 | J10: 1078 | K10: 243960 | L10: 1078 | M10: =+L10-J10 -> 0
B11: 243961 | C11: suckjakkure@hotmail.com | D11: 0642427575 | E11: 4311469006 | F11: ธนาคารไทยพาณิชย์ (SCB) | G11: 2 | H11: 610 | I11: 0 | J11: 610 | K11: 243961 | L11: 610 | M11: =+L11-J11 -> 0
B12: 243962 | C12: suckjakkure@hotmail.com | D12: 0642427575 | E12: 4311469006 | F12: ธนาคารไทยพาณิชย์ (SCB) | G12: 4 | H12: 1400 | I12: 0 | J12: 1400 | K12: 243962 | L12: 1400 | M12: =+L12-J12 -> 0
B13: 243963 | C13: suckjakkure@hotmail.com | D13: 0642427575 | E13: 4311469006 | F13: ธนาคารไทยพาณิชย์ (SCB) | G13: 3 | H13: 890 | I13: 0 | J13: 890 | K13: 243963 | L13: 890 | M13: =+L13-J13 -> 0
B14: 243964 | C14: suckjakkure@hotmail.com | D14: 0642427575 | E14: 4311469006 | F14: ธนาคารไทยพาณิชย์ (SCB) | G14: 5 | H14: 1150 | I14: 0 | J14: 1150 | K14: 243964 | L14: 1150 | M14: =+L14-J14 -> 0
B15: 243965 | C15: suckjakkure@hotmail.com | D15: 0642427575 | E15: 4311469006 | F15: ธนาคารไทยพาณิชย์ (SCB) | G15: 8 | H15: 2805 | I15: 0 | J15: 2805 | K15: 243965 | L15: 2805 | M15: =+L15-J15 -> 0
B16: 243966 | C16: suckjakkure@hotmail.com | D16: 0642427575 | E16: 4311469006 | F16: ธนาคารไทยพาณิชย์ (SCB) | G16: 8 | H16: 2820 | I16: 0 | J16: 2820 | K16: 243966 | L16: 2820 | M16: =+L16-J16 -> 0
... B19: 243969 | C19: suckjakkure@hotmail.com | D19: 0642427575 | E19: 4311469006 | F19: ธนาคารไทยพาณิชย์ (SCB) | G19: 3 | H19: 2190 | I19: 0 | J19: 2190 | K19: 243969 | L19: 2190 | M19: =+L19-J19 -> 0
B20: 243970 | C20: ไม่มียอด COD | K20: 243970 | L20: 0 | M20: =+L20-J20 -> 0
B21: 243971 | C21: suckjakkure@hotmail.com | D21: 0642427575 | E21: 4311469006 | F21: ธนาคารไทยพาณิชย์ (SCB) | G21: 1 | H21: 780 | I21: 0 | J21: 780 | K21: 243971 | L21: 780 | M21: =+L21-J21 -> 0
B22: 243972 | C22: suckjakkure@hotmail.com | D22: 0642427575 | E22: 4311469006 | F22: ธนาคารไทยพาณิชย์ (SCB) | G22: 5 | H22: 2890 | I22: 0 | J22: 2890 | K22: 243972 | L22: 2890 | M22: =+L22-J22 -> 0
B23: 243973 | C23: suckjakkure@hotmail.com | D23: 0642427575 | E23: 4311469006 | F23: ธนาคารไทยพาณิชย์ (SCB) | G23: 6 | H23: 2380 | I23: 0 | J23: 2380 | K23: 243973 | L23: 2380 | M23: =+L23-J23 -> 0
B24: 243974 | C24: suckjakkure@hotmail.com | D24: 0642427575 | E24: 4311469006 | F24: ธนาคารไทยพาณิชย์ (SCB) | G24: 6 | H24: 1940 | I24: 0 | J24: 1940 | K24: 243974 | L24: 1940 | M24: =+L24-J24 -> 0
B25: 243975 | C25: suckjakkure@hotmail.com | D25: 0642427575 | E25: 4311469006 | F25: ธนาคารไทยพาณิชย์ (SCB) | G25: 1 | H25: 590 | I25: 0 | J25: 590 | K25: 243975 | L25: 590 | M25: =+L25-J25 -> 0
B26: 243976 | C26: suckjakkure@hotmail.com | D26: 0642427575 | E26: 4311469006 | F26: ธนาคารไทยพาณิชย์ (SCB) | G26: 8 | H26: 5170 | I26: 0 | J26: 5170 | K26: 243976 | L26: 5170 | M26: =+L26-J26 -> 0
B27: 243977 | C27: suckjakkure@hotmail.com | D27: 0642427575 | E27: 4311469006 | F27: ธนาคารไทยพาณิชย์ (SCB) | G27: 14 | H27: 7464 | I27: 0 | J27: 7464 | K27: 243977 | L27: 7464 | M27: =+L27-J27 -> 0
B28: 243978 | C28: suckjakkure@hotmail.com | D28: 0642427575 | E28: 4311469006 | F28: ธนาคารไทยพาณิชย์ (SCB) | G28: 9 | H28: 4160 | I28: 0 | J28: 4160 | K28: 243978 | L28: 4160 | M28: =+L28-J28 -> 0
B29: 243979 | C29: suckjakkure@hotmail.com | D29: 0642427575 | E29: 4311469006 | F29: ธนาคารไทยพาณิชย์ (SCB) | G29: 13 | H29: 8806 | I29: 0 | J29: 8806 | K29: 243979 | L29: 8806 | M29: =+L29-J29 -> 0
B30: 243980 | C30: suckjakkure@hotmail.com | D30: 0642427575 | E30: 4311469006 | F30: ธนาคารไทยพาณิชย์ (SCB) | G30: 14 | H30: 7518.5 | I30: 0 | J30: 7518.5 | K30: 243980 | L30: 7518.5 | M30: =+L30-J30 -> 0
B31: 243981 | C31: suckjakkure@hotmail.com | D31: 0642427575 | E31: 4311469006 | F31: ธนาคารไทยพาณิชย์ (SCB) | G31: 12 | H31: 7446 | I31: 0 | J31: 7446 | K31: 243981 | L31: 7446 | M31: =+L31-J31 -> 0
B32: 243982 | C32: suckjakkure@hotmail.com | D32: 0642427575 | E32: 4311469006 | F32: ธนาคารไทยพาณิชย์ (SCB) | G32: 4 | H32: 1420 | I32: 0 | J32: 1420 | K32: 243982 | L32: 1420 | M32: =+L32-J32 -> 0
... B34: 243983 | C34: suckjakkure@hotmail.com | D34: 0642427575 | E34: 4311469006 | F34: ธนาคารไทยพาณิชย์ (SCB) | G34: 1 | H34: 280 | I34: 0 | J34: 280 | K34: 243983 | L34: 280 | M34: =+L34-J34 -> 0
F35: ยอดรวม | G35: =SUM(G3:G34) -> 212 | H35: =SUM(H3:H34) -> 93577.5 | I35: =SUM(I3:I34) -> 0 | J35: =SUM(J3:J34) -> 93577.5 | K35: บาท | L35: =SUM(L3:L34) -> 93577.5 | M35: บาท

Sheet พ.ย.
A1: ข้อมูลการเก็บเงินปลายทาง (COD) แบบแยกรายละเอียด เดือนพฤศจิกายน 2567
A2: ลำดับ | B2: วันที่ | C2: Email | D2: Facebook Page | E2: Order No. / เลขที่ออเดอร์ | F2: Tracking No. / เลขพัสดุ | G2: recipientName / ชื่อลูกค้า | H2: Amount / ยอด COD
A3: 1 | B3: 243923 | C3: suckjakkure@hotmail.com | D3: FACEBOOK | F3: JA087749245TH | G3: อารีรัตน์ ธนพิทักษ์ | H3: 130
A4: 2 | B4: 243923 | C4: suckjakkure@hotmail.com | D4: FACEBOOK | F4: JA088637109TH | G4: วีรยา ทรงดาวเรือง | H4: 280
A5: 3 | B5: 243923 | C5: suckjakkure@hotmail.com | D5: FACEBOOK | F5: JA088637041TH | G5: ชุลีย์ เจริญ | H5: 180
A6: 4 | B6: 243923 | C6: suckjakkure@hotmail.com | D6: FACEBOOK | F6: JA088637072TH | G6: พรหมไหม | H6: 130
A7: 5 | B7: 243923 | C7: suckjakkure@hotmail.com | D7: FACEBOOK | F7: JA088307266TH | G7: สุพิวรรณ เอี่ยมลิ้ม | H7: 210
A8: 6 | B8: 243923 | C8: suckjakkure@hotmail.com | D8: FACEBOOK | F8: JA088637130TH | G8: สุเทพ ธรรมจันทร์ | H8: 130
A9: 7 | B9: 243923 | C9: suckjakkure@hotmail.com | D9: FACEBOOK | F9: JA088307371TH | G9: พิศมัยมงคลเกตุ | H9: 130
A10: 8 | B10: 243923 | C10: suckjakkure@hotmail.com | D10: FACEBOOK | F10: JA088637086TH | G10: อนุ นุ่มอุปถัมภ์ | H10: 130
A11: 9 | B11: 243923 | C11: suckjakkure@hotmail.com | D11: FACEBOOK | F11: JA088637055TH | G11: โสภา อึ๊งเจริญสุรศักดิ์ | H11: 130
A12: 10 | B12: 243923 | C12: suckjakkure@hotmail.com | D12: FACEBOOK | F12: JA088307306TH | G12: คุณนภา ย่อยฉิมพลี | H12: 180
A13: 11 | B13: 243923 | C13: suckjakkure@hotmail.com | D13: FACEBOOK | F13: JA087749262TH | G13: ศิริรัตน์ แซ่ลิ้ม | H13: 180
A14: 12 | B14: 243923 | C14: suckjakkure@hotmail.com | D14: FACEBOOK | F14: JA088307323TH | G14: กุสุมา_พลเขตร | H14: 130
... A231: 229 | B231: 243952 | C231: suckjakkure@hotmail.com | D231: FACEBOOK | F231: JA101594949TH | G231: อุไรวรรณ นวมนิ่มอนงค์ | H231: 330
G232: ยอดรวม | H232: =SUM(H3:H231) -> 69835 | I232: บาท

Sheet Summary พ.ย.
B1: ข้อมูลการเก็บเงินปลายทาง (COD) แบบรวมยอดประจำวัน เดือนพฤศจิกายน 2567 | K1: ตรวจในสเตทเม้น
A2: ลำดับ | B2: วันที่ | C2: Email | D2: Tel | E2: Bank Account Number / เลขที่บัญชี | F2: Bank Account Name / ชื่อธนาคาร | G2: Total Order / จำนวนออเดอร์ | H2: COD Amount / ยอดรวม COD | I2: Deduct | J2: Total Amount / ยอดรวม COD | K2: วันที่เงินเข้า | L2: ยอดเข้า | M2: หมายเหตุ
B3: 243923 | C3: suckjakkure@hotmail.com | D3: 0642427575 | E3: 4311469006 | F3: ธนาคารไทยพาณิชย์ (SCB) | G3: 19 | H3: 3440 | I3: 0 | J3: 3440 | K3: 243923 | L3: 3440 | M3: =+L3-J3 -> 0
B4: 243924 | C4: suckjakkure@hotmail.com | D4: 0642427575 | E4: 4311469006 | F4: ธนาคารไทยพาณิชย์ (SCB) | G4: 17 | H4: 3479 | I4: 0 | J4: 3479 | K4: 243924 | L4: 3479 | M4: =+L4-J4 -> 0
B5: 243925 | C5: suckjakkure@hotmail.com | D5: 0642427575 | E5: 4311469006 | F5: ธนาคารไทยพาณิชย์ (SCB) | G5: 7 | H5: 1860 | I5: 0 | J5: 1860 | K5: 243925 | L5: 1860 | M5: =+L5-J5 -> 0
B6: 243926 | C6: ไม่ยอดเก็บ COD | K6: 243926 | M6: =+L6-J6 -> 0
B7: 243927 | C7: suckjakkure@hotmail.com | D7: 0642427575 | E7: 4311469006 | F7: ธนาคารไทยพาณิชย์ (SCB) | G7: 14 | H7: 4440 | I7: 0 | J7: 4440 | K7: 243927 | L7: 4440 | M7: =+L7-J7 -> 0
B8: 243928 | C8: suckjakkure@hotmail.com | D8: 0642427575 | E8: 4311469006 | F8: ธนาคารไทยพาณิชย์ (SCB) | G8: 12 | H8: 2390 | I8: 0 | J8: 2390 | K8: 243928 | L8: 2390 | M8: =+L8-J8 -> 0
B9: 243929 | C9: suckjakkure@hotmail.com | D9: 0642427575 | E9: 4311469006 | F9: ธนาคารไทยพาณิชย์ (SCB) | G9: 15 | H9: 4030 | I9: 0 | J9: 4030 | K9: 243929 | L9: 4030 | M9: =+L9-J9 -> 0
B10: 243930 | C10: suckjakkure@hotmail.com | D10: 0642427575 | E10: 4311469006 | F10: ธนาคารไทยพาณิชย์ (SCB) | G10: 12 | H10: 5269 | I10: 0 | J10: 5269 | K10: 243930 | L10: 5269 | M10: =+L10-J10 -> 0
B11: 243931 | C11: suckjakkure@hotmail.com | D11: 0642427575 | E11: 4311469006 | F11: ธนาคารไทยพาณิชย์ (SCB) | G11: 16 | H11: 6690 | I11: 0 | J11: 6690 | K11: 243931 | L11: 6690 | M11: =+L11-J11 -> 0
B12: 243932 | C12: suckjakkure@hotmail.com | D12: 0642427575 | E12: 4311469006 | F12: ธนาคารไทยพาณิชย์ (SCB) | G12: 4 | H12: 1900 | I12: 0 | J12: 1900 | K12: 243932 | L12: 1900 | M12: =+L12-J12 -> 0
B13: 243933 | C13: suckjakkure@hotmail.com | D13: 0642427575 | E13: 4311469006 | F13: ธนาคารไทยพาณิชย์ (SCB) | G13: 1 | H13: 330 | I13: 0 | J13: 330 | K13: 243933 | L13: 330 | M13: =+L13-J13 -> 0
B14: 243934 | C14: suckjakkure@hotmail.com | D14: 0642427575 | E14: 4311469006 | F14: ธนาคารไทยพาณิชย์ (SCB) | G14: 7 | H14: 4010 | I14: 0 | J14: 4010 | K14: 243934 | L14: 4010 | M14: =+L14-J14 -> 0
B15: 243935 | C15: suckjakkure@hotmail.com | D15: 0642427575 | E15: 4311469006 | F15: ธนาคารไทยพาณิชย์ (SCB) | G15: 4 | H15: 1120 | I15: 0 | J15: 1120 | K15: 243935 | L15: 1120 | M15: =+L15-J15 -> 0
B16: 243936 | C16: suckjakkure@hotmail.com | D16: 0642427575 | E16: 4311469006 | F16: ธนาคารไทยพาณิชย์ (SCB) | G16: 4 | H16: 1650 | I16: 0 | J16: 1650 | K16: 243936 | L16: 1650 | M16: =+L16-J16 -> 0
B17: 243937 | C17: suckjakkure@hotmail.com | D17: 0642427575 | E17: 4311469006 | F17: ธนาคารไทยพาณิชย์ (SCB) | G17: 1 | H17: 1030 | I17: 0 | J17: 1030 | K17: 243937 | L17: 1030 | M17: =+L17-J17 -> 0
B18: 243938 | C18: suckjakkure@hotmail.com | D18: 0642427575 | E18: 4311469006 | F18: ธนาคารไทยพาณิชย์ (SCB) | G18: 4 | H18: 2120 | I18: 0 | J18: 2120 | K18: 243938 | L18: 2120 | M18: =+L18-J18 -> 0
B19: 243939 | C19: suckjakkure@hotmail.com | D19: 0642427575 | E19: 4311469006 | F19: ธนาคารไทยพาณิชย์ (SCB) | G19: 6 | H19: 1230 | I19: 0 | J19: 1230 | K19: 243939 | L19: 1230 | M19: =+L19-J19 -> 0
B20: 243940 | C20: ไม่ยอดเก็บ COD | K20: 243940 | L20: 0 | M20: =+L20-J20 -> 0
B21: 243941 | C21: suckjakkure@hotmail.com | D21: 0642427575 | E21: 4311469006 | F21: ธนาคารไทยพาณิชย์ (SCB) | G21: 5 | H21: 1780 | I21: 0 | J21: 1780 | K21: 243941 | L21: 1780 | M21: =+L21-J21 -> 0
B22: 243942 | C22: suckjakkure@hotmail.com | D22: 0642427575 | E22: 4311469006 | F22: ธนาคารไทยพาณิชย์ (SCB) | G22: 3 | H22: 1270 | I22: 0 | J22: 1270 | K22: 243942 | L22: 1270 | M22: =+L22-J22 -> 0
B23: 243943 | C23: suckjakkure@hotmail.com | D23: 0642427575 | E23: 4311469006 | F23: ธนาคารไทยพาณิชย์ (SCB) | G23: 5 | H23: 820 | I23: 0 | J23: 820 | K23: 243943 | L23: 820 | M23: =+L23-J23 -> 0
B24: 243944 | C24: suckjakkure@hotmail.com | D24: 0642427575 | E24: 4311469006 | F24: ธนาคารไทยพาณิชย์ (SCB) | G24: 4 | H24: 710 | I24: 0 | J24: 710 | K24: 243944 | L24: 710 | M24: =+L24-J24 -> 0
B25: 243945 | C25: suckjakkure@hotmail.com | D25: 0642427575 | E25: 4311469006 | F25: ธนาคารไทยพาณิชย์ (SCB) | G25: 7 | H25: 2130 | I25: 0 | J25: 2130 | K25: 243945 | L25: 2130 | M25: =+L25-J25 -> 0
B26: 243946 | C26: suckjakkure@hotmail.com | D26: 0642427575 | E26: 4311469006 | F26: ธนาคารไทยพาณิชย์ (SCB) | G26: 5 | H26: 1300 | I26: 0 | J26: 1300 | K26: 243946 | L26: 1300 | M26: =+L26-J26 -> 0
B27: 243947 | C27: suckjakkure@hotmail.com | D27: 0642427575 | E27: 4311469006 | F27: ธนาคารไทยพาณิชย์ (SCB) | G27: 1 | H27: 230 | I27: 0 | J27: 230 | K27: 243947 | L27: 230 | M27: =+L27-J27 -> 0
B28: 243948 | C28: suckjakkure@hotmail.com | D28: 0642427575 | E28: 4311469006 | F28: ธนาคารไทยพาณิชย์ (SCB) | G28: 3 | H28: 640 | I28: 0 | J28: 640 | K28: 243948 | L28: 640 | M28: =+L28-J28 -> 0
B29: 243949 | C29: suckjakkure@hotmail.com | D29: 0642427575 | E29: 4311469006 | F29: ธนาคารไทยพาณิชย์ (SCB) | G29: 7 | H29: 1800 | I29: 0 | J29: 1800 | K29: 243949 | L29: 1800 | M29: =+L29-J29 -> 0
B30: 243950 | C30: suckjakkure@hotmail.com | D30: 0642427575 | E30: 4311469006 | F30: ธนาคารไทยพาณิชย์ (SCB) | G30: 10 | H30: 2600 | I30: 0 | J30: 2600 | K30: 243950 | L30: 2600 | M30: =+L30-J30 -> 0
B31: 243951 | C31: suckjakkure@hotmail.com | D31: 0642427575 | E31: 4311469006 | F31: ธนาคารไทยพาณิชย์ (SCB) | G31: 9 | H31: 2320 | I31: 0 | J31: 2320 | K31: 243951 | L31: 2320 | M31: =+L31-J31 -> 0
B32: 243952 | C32: suckjakkure@hotmail.com | D32: 0642427575 | E32: 4311469006 | F32: ธนาคารไทยพาณิชย์ (SCB) | G32: 27 | H32: 9247 | I32: 0 | J32: 9247 | K32: 243952 | L32: 9247 | M32: =+L32-J32 -> 0
B33: 243953 | K33: 243953 | M33: =+L33-J33 -> 0
B34: 243954 | K34: 243954 | M34: =+L34-J34 -> 0
F35: ยอดรวม | G35: =SUM(G3:G34) -> 229 | H35: =SUM(H3:H34) -> 69835 | I35: =SUM(I3:I34) -> 0 | J35: =SUM(J3:J34) -> 69835 | K35: บาท | L35: =SUM(L3:L34) -> 69835 | M35: บาท

Sheet ต.ค.
A1: ข้อมูลการเก็บเงินปลายทาง (COD) แบบแยกรายละเอียด เดือนตุลาคม 2567
A2: ลำดับ | B2: วันที่ | C2: Email | D2: Facebook Page | E2: Order No. / เลขที่ออเดอร์ | F2: Tracking No. / เลขพัสดุ | G2: recipientName / ชื่อลูกค้า | H2: Amount / ยอด COD
A3: 1 | B3: 243892 | C3: suckjakkure@hotmail.com | D3: FACEBOOK | F3: JA070224005TH | G3: ญดา คำแสน | H3: 230
A4: 2 | B4: 243892 | C4: suckjakkure@hotmail.com | D4: FACEBOOK | F4: JA070621179TH | G4: นายวัชระ ท้วมเทียบ | H4: 330
A5: 3 | B5: 243892 | C5: suckjakkure@hotmail.com | D5: FACEBOOK | F5: JA070621196TH | G5: กุ้งนาง | H5: 130
A6: 4 | B6: 243892 | C6: suckjakkure@hotmail.com | D6: FACEBOOK | F6: JA070621267TH | G6: ศรีวรรณ-สาเกิด | H6: 330
A7: 5 | B7: 243892 | C7: suckjakkure@hotmail.com | D7: FACEBOOK | F7: JA070621148TH | G7: คุณระเบียบ จิตรนอก | H7: 130
A8: 6 | B8: 243892 | C8: suckjakkure@hotmail.com | D8: FACEBOOK | F8: JA070621205TH | G8: RN | H8: 230
A9: 7 | B9: 243892 | C9: suckjakkure@hotmail.com | D9: FACEBOOK | F9: JA070621372TH | G9: อมร แสงพิทักษ์ | H9: 230
A10: 8 | B10: 243892 | C10: suckjakkure@hotmail.com | D10: FACEBOOK | F10: JA070621369TH | G10: จันทนา อุดมขันติโยธิน | H10: 330
A11: 9 | B11: 243892 | C11: suckjakkure@hotmail.com | D11: FACEBOOK | F11: JA070363231TH | G11: นิตยา ไชยสิทธิ์ | H11: 165
A12: 10 | B12: 243892 | C12: suckjakkure@hotmail.com | D12: FACEBOOK | F12: JA070363143TH | G12: จงกลรัตน์ ฉัตรฉิมพลี | H12: 130
A13: 11 | B13: 243892 | C13: suckjakkure@hotmail.com | D13: FACEBOOK | F13: JA070366683TH | G13: ชื่อ.สุมาลี.ศรีสวัสดิ์ | H13: 130
A14: 12 | B14: 243892 | C14: suckjakkure@hotmail.com | D14: FACEBOOK | F14: JA070224075TH | G14: Jen Jenjira | H14: 230
... A1025: 1023 | B1025: 243922 | C1025: suckjakkure@hotmail.com | D1025: FACEBOOK | F1025: JA087924085TH | G1025: สุนทรี กาเมืองลือ | H1025: 130
G1026: ยอดรวม | H1026: =SUM(H3:H1025) -> 193223 | I1026: บาท

Sheet Summary ต.ค.
B1: ข้อมูลการเก็บเงินปลายทาง (COD) แบบรวมยอดประจำวัน เดือนตุลาคม 2567 | K1: ตรวจในสเตทเม้น
A2: ลำดับ | B2: วันที่ | C2: Email | D2: Tel | E2: Bank Account Number / เลขที่บัญชี | F2: Bank Account Name / ชื่อธนาคาร | G2: Total Order / จำนวนออเดอร์ | H2: COD Amount / ยอดรวม COD | I2: Deduct | J2: Total Amount / ยอดรวม COD | K2: วันที่เงินเข้า | L2: ยอดเข้า | M2: หมายเหตุ
B3: 243892 | C3: suckjakkure@hotmail.com | D3: 0642427575 | E3: 4311469006 | F3: ธนาคารไทยพาณิชย์ (SCB) | G3: 28 | H3: 5775 | I3: 0 | J3: 5775 | K3: 243892 | L3: 5775 | M3: =+L3-J3 -> 0
B4: 243893 | C4: suckjakkure@hotmail.com | D4: 0642427575 | E4: 4311469006 | F4: ธนาคารไทยพาณิชย์ (SCB) | G4: 37 | H4: 7210 | I4: 0 | J4: 7210 | K4: 243893 | L4: 7210 | M4: =+L4-J4 -> 0
B5: 243894 | C5: suckjakkure@hotmail.com | D5: 0642427575 | E5: 4311469006 | F5: ธนาคารไทยพาณิชย์ (SCB) | G5: 36 | H5: 6630 | I5: 0 | J5: 6630 | K5: 243894 | L5: 6630 | M5: =+L5-J5 -> 0
B6: 243895 | C6: suckjakkure@hotmail.com | D6: 0642427575 | E6: 4311469006 | F6: ธนาคารไทยพาณิชย์ (SCB) | G6: 41 | H6: 8410 | I6: 0 | J6: 8410 | K6: 243895 | L6: 8410 | M6: =+L6-J6 -> 0
B7: 243896 | C7: suckjakkure@hotmail.com | D7: 0642427575 | E7: 4311469006 | F7: ธนาคารไทยพาณิชย์ (SCB) | G7: 25 | H7: 5980 | I7: 0 | J7: 5980 | K7: 243896 | L7: 5980 | M7: =+L7-J7 -> 0
B8: 243897 | C8: suckjakkure@hotmail.com | D8: 0642427575 | E8: 4311469006 | F8: ธนาคารไทยพาณิชย์ (SCB) | G8: 7 | H8: 1110 | I8: 0 | J8: 1110 | K8: 243897 | L8: 1110 | M8: =+L8-J8 -> 0
B9: 243898 | C9: ไม่ยอดเก็บ COD | K9: 243898 | L9: 0 | M9: =+L9-J9 -> 0
B10: 243899 | C10: suckjakkure@hotmail.com | D10: 0642427575 | E10: 4311469006 | F10: ธนาคารไทยพาณิชย์ (SCB) | G10: 10 | H10: 2490 | I10: 0 | J10: 2490 | K10: 243899 | L10: 2490 | M10: =+L10-J10 -> 0
B11: 243900 | C11: suckjakkure@hotmail.com | D11: 0642427575 | E11: 4311469006 | F11: ธนาคารไทยพาณิชย์ (SCB) | G11: 17 | H11: 4060 | I11: 0 | J11: 4060 | K11: 243900 | L11: 4060 | M11: =+L11-J11 -> 0
B12: 243901 | C12: suckjakkure@hotmail.com | D12: 0642427575 | E12: 4311469006 | F12: ธนาคารไทยพาณิชย์ (SCB) | G12: 15 | H12: 4320 | I12: 0 | J12: 4320 | K12: 243901 | L12: 4320 | M12: =+L12-J12 -> 0
B13: 243902 | C13: suckjakkure@hotmail.com | D13: 0642427575 | E13: 4311469006 | F13: ธนาคารไทยพาณิชย์ (SCB) | G13: 66 | H13: 10900 | I13: 0 | J13: 10900 | K13: 243902 | L13: 10900 | M13: =+L13-J13 -> 0
B14: 243903 | C14: suckjakkure@hotmail.com | D14: 0642427575 | E14: 4311469006 | F14: ธนาคารไทยพาณิชย์ (SCB) | G14: 98 | H14: 17920 | I14: 0 | J14: 17920 | K14: 243903 | L14: 17920 | M14: =+L14-J14 -> 0
B15: 243904 | C15: suckjakkure@hotmail.com | D15: 0642427575 | E15: 4311469006 | F15: ธนาคารไทยพาณิชย์ (SCB) | G15: 61 | H15: 10130 | I15: 0 | J15: 10130 | K15: 243904 | L15: 10130 | M15: =+L15-J15 -> 0
B16: 243905 | C16: ไม่ยอดเก็บ COD | K16: 243905 | M16: =+L16-J16 -> 0
B17: 243906 | C17: ไม่ยอดเก็บ COD | K17: 243906 | M17: =+L17-J17 -> 0
B18: 243907 | C18: suckjakkure@hotmail.com | D18: 0642427575 | E18: 4311469006 | F18: ธนาคารไทยพาณิชย์ (SCB) | G18: 67 | H18: 11390 | I18: 0 | J18: 11390 | K18: 243907 | L18: 11390 | M18: =+L18-J18 -> 0
B19: 243908 | C19: suckjakkure@hotmail.com | D19: 0642427575 | E19: 4311469006 | F19: ธนาคารไทยพาณิชย์ (SCB) | G19: 19 | H19: 3870 | I19: 0 | J19: 3870 | K19: 243908 | L19: 3870 | M19: =+L19-J19 -> 0
B20: 243909 | C20: suckjakkure@hotmail.com | D20: 0642427575 | E20: 4311469006 | F20: ธนาคารไทยพาณิชย์ (SCB) | G20: 42 | H20: 6860 | I20: 0 | J20: 6860 | K20: 243909 | L20: 6860 | M20: =+L20-J20 -> 0
B21: 243910 | C21: suckjakkure@hotmail.com | D21: 0642427575 | E21: 4311469006 | F21: ธนาคารไทยพาณิชย์ (SCB) | G21: 100 | H21: 15750 | I21: 0 | J21: 15750 | K21: 243910 | L21: 15750 | M21: =+L21-J21 -> 0
B22: 243911 | C22: suckjakkure@hotmail.com | D22: 0642427575 | E22: 4311469006 | F22: ธนาคารไทยพาณิชย์ (SCB) | G22: 56 | H22: 9180 | I22: 0 | J22: 9180 | K22: 243911 | L22: 9180 | M22: =+L22-J22 -> 0
B23: 243912 | C23: suckjakkure@hotmail.com | D23: 0642427575 | E23: 4311469006 | F23: ธนาคารไทยพาณิชย์ (SCB) | G23: 18 | H23: 4560 | I23: 0 | J23: 4560 | K23: 243912 | L23: 4560 | M23: =+L23-J23 -> 0
B24: 243913 | C24: suckjakkure@hotmail.com | D24: 0642427575 | E24: 4311469006 | F24: ธนาคารไทยพาณิชย์ (SCB) | G24: 63 | H24: 10290 | I24: 0 | J24: 10290 | K24: 243913 | L24: 10290 | M24: =+L24-J24 -> 0
B25: 243914 | C25: suckjakkure@hotmail.com | D25: 0642427575 | E25: 4311469006 | F25: ธนาคารไทยพาณิชย์ (SCB) | G25: 70 | H25: 12100 | I25: 0 | J25: 12100 | K25: 243914 | L25: 12100 | M25: =+L25-J25 -> 0
B26: 243915 | C26: suckjakkure@hotmail.com | D26: 0642427575 | E26: 4311469006 | F26: ธนาคารไทยพาณิชย์ (SCB) | G26: 15 | H26: 2750 | I26: 0 | J26: 2750 | K26: 243915 | L26: 2750 | M26: =+L26-J26 -> 0
B27: 243916 | C27: suckjakkure@hotmail.com | D27: 0642427575 | E27: 4311469006 | F27: ธนาคารไทยพาณิชย์ (SCB) | G27: 39 | H27: 7470 | I27: 0 | J27: 7470 | K27: 243916 | L27: 7470 | M27: =+L27-J27 -> 0
B28: 243917 | C28: suckjakkure@hotmail.com | D28: 0642427575 | E28: 4311469006 | F28: ธนาคารไทยพาณิชย์ (SCB) | G28: 17 | H28: 3558 | I28: 0 | J28: 3558 | K28: 243917 | L28: 3558 | M28: =+L28-J28 -> 0
B29: 243918 | C29: suckjakkure@hotmail.com | D29: 0642427575 | E29: 4311469006 | F29: ธนาคารไทยพาณิชย์ (SCB) | G29: 12 | H29: 2010 | I29: 0 | J29: 2010 | K29: 243918 | L29: 2010 | M29: =+L29-J29 -> 0
... B33: 243922 | C33: suckjakkure@hotmail.com | D33: 0642427575 | E33: 4311469006 | F33: ธนาคารไทยพาณิชย์ (SCB) | G33: 15 | H33: 3800 | I33: 0 | J33: 3800 | K33: 243922 | L33: 3800 | M33: =+L33-J33 -> 0
B34: 243923 | K34: 243923 | M34: =+L34-J34 -> 0
F35: ยอดรวม | G35: =SUM(G3:G34) -> 1023 | H35: =SUM(H3:H34) -> 193223 | I35: =SUM(I3:I34) -> 0 | J35: =SUM(J3:J34) -> 193223 | K35: บาท | L35: =SUM(L3:L34) -> 193223 | M35: บาท

Sheet ก.ย.
A1: ข้อมูลการเก็บเงินปลายทาง (COD) แบบแยกรายละเอียด เดือนกันยายน 2567
A2: ลำดับ | B2: วันที่ | C2: Email | D2: Facebook Page | E2: Order No. / เลขที่ออเดอร์ | F2: Tracking No. / เลขพัสดุ | G2: recipientName / ชื่อลูกค้า | H2: Amount / ยอด COD
A3: 1 | B3: 243862 | C3: suckjakkure@hotmail.com | D3: FACEBOOK | F3: JA054995481TH | G3: สมหมาย ปัญญา | H3: 230
A4: 2 | B4: 243862 | C4: suckjakkure@hotmail.com | D4: FACEBOOK | F4: JA054994923TH | G4: ทองสุข พาพันธุ์ | H4: 130
A5: 3 | B5: 243862 | C5: suckjakkure@hotmail.com | D5: FACEBOOK | F5: JA054995036TH | G5: วัลภา พาหุสุวัณโณ | H5: 430
A6: 4 | B6: 243862 | C6: suckjakkure@hotmail.com | D6: FACEBOOK | F6: JA054431278TH | G6: สมพร ศรีสมุทร | H6: 130
A7: 5 | B7: 243862 | C7: suckjakkure@hotmail.com | D7: FACEBOOK | F7: JA054995075TH | G7: พี่ตา | H7: 130
A8: 6 | B8: 243862 | C8: suckjakkure@hotmail.com | D8: FACEBOOK | F8: JA054994937TH | G8: ไพเราะ | H8: 130
A9: 7 | B9: 243862 | C9: suckjakkure@hotmail.com | D9: FACEBOOK | F9: JA054995053TH | G9: สุรชัย | H9: 130
A10: 8 | B10: 243862 | C10: suckjakkure@hotmail.com | D10: FACEBOOK | F10: JA054691030TH | G10: คุณวีนา | H10: 230
A11: 9 | B11: 243862 | C11: suckjakkure@hotmail.com | D11: FACEBOOK | F11: JA054994945TH | G11: เอกชัย ภัทราพันธ์มณี | H11: 130
A12: 10 | B12: 243862 | C12: suckjakkure@hotmail.com | D12: FACEBOOK | F12: JA054994968TH | G12: พิมพร | H12: 130
A13: 11 | B13: 243862 | C13: suckjakkure@hotmail.com | D13: FACEBOOK | F13: JA054691454TH | G13: นิสา สาทะเล | H13: 430
A14: 12 | B14: 243862 | C14: suckjakkure@hotmail.com | D14: FACEBOOK | F14: JA054691542TH | G14: สายสมรแซ่เบ๊ | H14: 130
... A1275: 1273 | B1275: 243891 | C1275: suckjakkure@hotmail.com | D1275: FACEBOOK | F1275: JA069485255TH | G1275: จิ้ว-ชิดเชื้อ | H1275: 130
G1276: ยอดรวม | H1276: =SUM(H3:H1275) -> 230753 | I1276: บาท

Sheet Summary ก.ย.
B1: ข้อมูลการเก็บเงินปลายทาง (COD) แบบรวมยอดประจำวัน เดือนกันยายน 2567 | K1: ตรวจในสเตทเม้น
A2: ลำดับ | B2: วันที่ | C2: Email | D2: Tel | E2: Bank Account Number / เลขที่บัญชี | F2: Bank Account Name / ชื่อธนาคาร | G2: Total Order / จำนวนออเดอร์ | H2: COD Amount / ยอดรวม COD | I2: Deduct | J2: Total Amount / ยอดรวม COD | K2: วันที่เงินเข้า | L2: ยอดเข้า | M2: หมายเหตุ
B3: 243862 | C3: suckjakkure@hotmail.com | D3: 0642427575 | E3: 4311469006 | F3: ธนาคารไทยพาณิชย์ (SCB) | G3: 32 | H3: 5310 | I3: 0 | J3: 5310 | K3: 243862 | L3: 5310 | M3: =+L3-J3 -> 0
B4: 243863 | C4: ไม่ยอดเก็บ COD | K4: 243863 | L4: 0 | M4: =+L4-J4 -> 0
B5: 243864 | C5: suckjakkure@hotmail.com | D5: 0642427575 | E5: 4311469006 | F5: ธนาคารไทยพาณิชย์ (SCB) | G5: 63 | H5: 11290 | I5: 0 | J5: 11290 | K5: 243864 | L5: 11290 | M5: =+L5-J5 -> 0
B6: 243865 | C6: suckjakkure@hotmail.com | D6: 0642427575 | E6: 4311469006 | F6: ธนาคารไทยพาณิชย์ (SCB) | G6: 72 | H6: 12310 | I6: 0 | J6: 12310 | K6: 243865 | L6: 12310 | M6: =+L6-J6 -> 0
B7: 243866 | C7: suckjakkure@hotmail.com | D7: 0642427575 | E7: 4311469006 | F7: ธนาคารไทยพาณิชย์ (SCB) | G7: 39 | H7: 6000 | I7: 0 | J7: 6000 | K7: 243866 | L7: 6000 | M7: =+L7-J7 -> 0
B8: 243867 | C8: suckjakkure@hotmail.com | D8: 0642427575 | E8: 4311469006 | F8: ธนาคารไทยพาณิชย์ (SCB) | G8: 67 | H8: 11860 | I8: 0 | J8: 11860 | K8: 243867 | L8: 11860 | M8: =+L8-J8 -> 0
B9: 243868 | C9: suckjakkure@hotmail.com | D9: 0642427575 | E9: 4311469006 | F9: ธนาคารไทยพาณิชย์ (SCB) | G9: 67 | H9: 11225 | I9: 0 | J9: 11225 | K9: 243868 | L9: 11225 | M9: =+L9-J9 -> 0
B10: 243869 | C10: suckjakkure@hotmail.com | D10: 0642427575 | E10: 4311469006 | F10: ธนาคารไทยพาณิชย์ (SCB) | G10: 30 | H10: 5000 | I10: 0 | J10: 5000 | K10: 243869 | L10: 5000 | M10: =+L10-J10 -> 0
B11: 243870 | C11: suckjakkure@hotmail.com | D11: 0642427575 | E11: 4311469006 | F11: ธนาคารไทยพาณิชย์ (SCB) | G11: 5 | H11: 850 | I11: 0 | J11: 850 | K11: 243870 | L11: 850 | M11: =+L11-J11 -> 0
B12: 243871 | C12: suckjakkure@hotmail.com | D12: 0642427575 | E12: 4311469006 | F12: ธนาคารไทยพาณิชย์ (SCB) | G12: 41 | H12: 6980 | I12: 0 | J12: 6980 | K12: 243871 | L12: 6980 | M12: =+L12-J12 -> 0
B13: 243872 | C13: suckjakkure@hotmail.com | D13: 0642427575 | E13: 4311469006 | F13: ธนาคารไทยพาณิชย์ (SCB) | G13: 58 | H13: 10178 | I13: 0 | J13: 10178 | K13: 243872 | L13: 10178 | M13: =+L13-J13 -> 0
B14: 243873 | C14: suckjakkure@hotmail.com | D14: 0642427575 | E14: 4311469006 | F14: ธนาคารไทยพาณิชย์ (SCB) | G14: 65 | H14: 13370 | I14: 0 | J14: 13370 | K14: 243873 | L14: 13370 | M14: =+L14-J14 -> 0
B15: 243874 | C15: suckjakkure@hotmail.com | D15: 0642427575 | E15: 4311469006 | F15: ธนาคารไทยพาณิชย์ (SCB) | G15: 72 | H15: 12736 | I15: 0 | J15: 12736 | K15: 243874 | L15: 12736 | M15: =+L15-J15 -> 0
B16: 243875 | C16: suckjakkure@hotmail.com | D16: 0642427575 | E16: 4311469006 | F16: ธนาคารไทยพาณิชย์ (SCB) | G16: 85 | H16: 16222 | I16: 0 | J16: 16222 | K16: 243875 | L16: 16222 | M16: =+L16-J16 -> 0
... B19: 243878 | C19: suckjakkure@hotmail.com | D19: 0642427575 | E19: 4311469006 | F19: ธนาคารไทยพาณิชย์ (SCB) | G19: 68 | H19: 12984 | I19: 0 | J19: 12984 | K19: 243878 | L19: 12984 | M19: =+L19-J19 -> 0
B20: 243879 | C20: ไม่ยอดเก็บ COD | K20: 243879 | L20: 0 | M20: =+L20-J20 -> 0
B21: 243880 | C21: suckjakkure@hotmail.com | D21: 0642427575 | E21: 4311469006 | F21: ธนาคารไทยพาณิชย์ (SCB) | G21: 86 | H21: 14700 | I21: 0 | J21: 14700 | K21: 243880 | L21: 14700 | M21: =+L21-J21 -> 0
B22: 243881 | C22: suckjakkure@hotmail.com | D22: 0642427575 | E22: 4311469006 | F22: ธนาคารไทยพาณิชย์ (SCB) | G22: 84 | H22: 14920 | I22: 0 | J22: 14920 | K22: 243881 | L22: 14920 | M22: =+L22-J22 -> 0
B23: 243882 | C23: suckjakkure@hotmail.com | D23: 0642427575 | E23: 4311469006 | F23: ธนาคารไทยพาณิชย์ (SCB) | G23: 43 | H23: 7990 | I23: 0 | J23: 7990 | K23: 243882 | L23: 7990 | M23: =+L23-J23 -> 0
B24: 243883 | C24: suckjakkure@hotmail.com | D24: 0642427575 | E24: 4311469006 | F24: ธนาคารไทยพาณิชย์ (SCB) | G24: 39 | H24: 8240 | I24: 0 | J24: 8240 | K24: 243883 | L24: 8240 | M24: =+L24-J24 -> 0
B25: 243884 | C25: suckjakkure@hotmail.com | D25: 0642427575 | E25: 4311469006 | F25: ธนาคารไทยพาณิชย์ (SCB) | G25: 8 | H25: 1140 | I25: 0 | J25: 1140 | K25: 243884 | L25: 1140 | M25: =+L25-J25 -> 0
B26: 243885 | C26: suckjakkure@hotmail.com | D26: 0642427575 | E26: 4311469006 | F26: ธนาคารไทยพาณิชย์ (SCB) | G26: 51 | H26: 9330 | I26: 0 | J26: 9330 | K26: 243885 | L26: 9330 | M26: =+L26-J26 -> 0
B27: 243886 | C27: suckjakkure@hotmail.com | D27: 0642427575 | E27: 4311469006 | F27: ธนาคารไทยพาณิชย์ (SCB) | G27: 58 | H27: 11810 | I27: 0 | J27: 11810 | K27: 243886 | L27: 11810 | M27: =+L27-J27 -> 0
B28: 243887 | C28: suckjakkure@hotmail.com | D28: 0642427575 | E28: 4311469006 | F28: ธนาคารไทยพาณิชย์ (SCB) | G28: 55 | H28: 9450 | I28: 0 | J28: 9450 | K28: 243887 | L28: 9450 | M28: =+L28-J28 -> 0
B29: 243888 | C29: ไม่ยอดเก็บ COD | K29: 243888 | L29: 0 | M29: =+L29-J29 -> 0
B30: 243889 | C30: ไม่ยอดเก็บ COD | K30: 243889 | L30: 0 | M30: =+L30-J30 -> 0
B31: 243890 | C31: suckjakkure@hotmail.com | D31: 0642427575 | E31: 4311469006 | F31: ธนาคารไทยพาณิชย์ (SCB) | G31: 30 | H31: 6120 | I31: 0 | J31: 6120 | K31: 243890 | L31: 6120 | M31: =+L31-J31 -> 0
B32: 243891 | C32: suckjakkure@hotmail.com | D32: 0642427575 | E32: 4311469006 | F32: ธนาคารไทยพาณิชย์ (SCB) | G32: 4 | H32: 620 | I32: 0 | J32: 620 | K32: 243891 | L32: 620 | M32: =+L32-J32 -> 0
B33: 243892 | K33: 243892 | M33: =+L33-J33 -> 0
B34: 243893 | K34: 243893 | M34: =+L34-J34 -> 0
F35: ยอดรวม | G35: =SUM(G3:G34) -> 1273 | H35: =SUM(H3:H34) -> 230753 | I35: =SUM(I3:I34) -> 0 | J35: =SUM(J3:J34) -> 230753 | K35: บาท | L35: =SUM(L3:L34) -> 230753 | M35: บาท

Sheet ส.ค.
A1: ข้อมูลการเก็บเงินปลายทาง (COD) แบบแยกรายละเอียด เดือนสิงหาคม 2567
A2: ลำดับ | B2: วันที่ | C2: Email | D2: Facebook Page | E2: Order No. / เลขที่ออเดอร์ | F2: Tracking No. / เลขพัสดุ | G2: recipientName / ชื่อลูกค้า | H2: Amount / ยอด COD
A3: 1 | B3: 243831 | C3: suckjakkure@hotmail.com | D3: FACEBOOK | F3: JA043329519TH | G3: วศินี | H3: 130
A4: 2 | B4: 243831 | C4: suckjakkure@hotmail.com | D4: FACEBOOK | F4: JA043374521TH | G4: สุกัญญา สังข์ประเสริฐ | H4: 130
A5: 3 | B5: 243831 | C5: suckjakkure@hotmail.com | D5: FACEBOOK | F5: JA043374138TH | G5: พัชนี เกียรติเดชาวิทย์ | H5: 130
A6: 4 | B6: 243831 | C6: suckjakkure@hotmail.com | D6: FACEBOOK | F6: JA043680535TH | G6: พัชราพร | H6: 130
A7: 5 | B7: 243831 | C7: suckjakkure@hotmail.com | D7: FACEBOOK | F7: JA043661111TH | G7: นนทกาญจน์ อุ่นจันทร์ | H7: 130
A8: 6 | B8: 243831 | C8: suckjakkure@hotmail.com | D8: FACEBOOK | F8: JA043207753TH | G8: สุภาพ แก้วก้อ | H8: 130
A9: 7 | B9: 243831 | C9: suckjakkure@hotmail.com | D9: FACEBOOK | F9: JA043784504TH | G9: วลัยลักษณ์ | H9: 230
A10: 8 | B10: 243831 | C10: suckjakkure@hotmail.com | D10: FACEBOOK | F10: JA043208189TH | G10: ลัดดา ชิว | H10: 130
A11: 9 | B11: 243831 | C11: suckjakkure@hotmail.com | D11: FACEBOOK | F11: JA043207957TH | G11: ทิพวรรณ | H11: 230
A12: 10 | B12: 243831 | C12: suckjakkure@hotmail.com | D12: FACEBOOK | F12: JA043207872TH | G12: ยุพร ชีบุญ | H12: 130
A13: 11 | B13: 243831 | C13: suckjakkure@hotmail.com | D13: FACEBOOK | F13: JA043784274TH | G13: นนทิยา วงศ์อุบล | H13: 230
A14: 12 | B14: 243831 | C14: suckjakkure@hotmail.com | D14: FACEBOOK | F14: JA043374314TH | G14: ศิริพรศรี | H14: 130
... A1521: 1519 | B1521: 243847 | C1521: suckjakkure@hotmail.com | D1521: FACEBOOK | F1521: JA050895050TH | G1521: นิชนิภา พาพันธ์ | H1521: 130
A1522: 1520 | B1522: 243848 | C1522: suckjakkure@hotmail.com | D1522: FACEBOOK | E1522: KTINTER66bc0e35775ddb0012d13382 | F1522: TH390460415F4D | G1522: ธนา พรหมเวช | H1522: 130
A1523: 1521 | B1523: 243848 | C1523: suckjakkure@hotmail.com | D1523: FACEBOOK | F1523: JA050895117TH | G1523: รุ่ง | H1523: 230
A1524: 1522 | B1524: 243848 | C1524: suckjakkure@hotmail.com | D1524: FACEBOOK | F1524: JA050577365TH | G1524: รัศมิ์ลภัส | H1524: 230
A1525: 1523 | B1525: 243848 | C1525: suckjakkure@hotmail.com | D1525: FACEBOOK | F1525: JA050577414TH | G1525: ร้าน cp pork shop วุฒิชัย เชื้อคำเพ็ง | H1525: 130
A1526: 1524 | B1526: 243848 | C1526: suckjakkure@hotmail.com | D1526: FACEBOOK | F1526: JA050577431TH | G1526: พัชราภาณ์ ไชยเหมาะ | H1526: 130
A1527: 1525 | B1527: 243848 | C1527: suckjakkure@hotmail.com | D1527: FACEBOOK | F1527: JA050895205TH | G1527: คุณสิริพร | H1527: 480
A1528: 1526 | B1528: 243848 | C1528: suckjakkure@hotmail.com | D1528: FACEBOOK | F1528: JA051236195TH | G1528: นิศากานต์ พิสุทธิ์ไพศาล | H1528: 330
A1529: 1527 | B1529: 243848 | C1529: suckjakkure@hotmail.com | D1529: FACEBOOK | F1529: JA051235950TH | G1529: อำนวย | H1529: 180
A1530: 1528 | B1530: 243848 | C1530: suckjakkure@hotmail.com | D1530: FACEBOOK | F1530: JA050896280TH | G1530: กันนิกา จบสี | H1530: 130
A1531: 1529 | B1531: 243848 | C1531: suckjakkure@hotmail.com | D1531: FACEBOOK | F1531: JA051235756TH | G1531: อารี ขาวขำ | H1531: 230
A1532: 1530 | B1532: 243848 | C1532: suckjakkure@hotmail.com | D1532: FACEBOOK | F1532: JA051236235TH | G1532: ประนอม เกตุแก้ว | H1532: 130
A1533: 1531 | B1533: 243848 | C1533: suckjakkure@hotmail.com | D1533: FACEBOOK | F1533: JA050895908TH | G1533: คุณตรัยเทพ กุมถะ | H1533: 300
A1534: 1532 | B1534: 243848 | C1534: suckjakkure@hotmail.com | D1534: FACEBOOK | F1534: JA050896165TH | G1534: ลัดดาพวงแก้ว | H1534: 130
... A2292: 2290 | B2292: 243861 | C2292: suckjakkure@hotmail.com | D2292: FACEBOOK | F2292: JA054431383TH | G2292: สุมาลี กิจสมุทร์ | H2292: 130
G2293: ยอดรวม | H2293: =SUM(H3:H2292) -> 437163

Sheet Summary ส.ค.
B1: ข้อมูลการเก็บเงินปลายทาง (COD) แบบรวมยอดประจำวัน เดือนสิงหาคม 2567 | K1: ตรวจในสเตทเม้น
A2: ลำดับ | B2: วันที่ | C2: Email | D2: Tel | E2: Bank Account Number / เลขที่บัญชี | F2: Bank Account Name / ชื่อธนาคาร | G2: Total Order / จำนวนออเดอร์ | H2: COD Amount / ยอดรวม COD | I2: Deduct | J2: Total Amount / ยอดรวม COD | K2: วันที่เงินเข้า | L2: ยอดเข้า | M2: หมายเหตุ
B3: 243831 | C3: suckjakkure@hotmail.com | D3: 0642427575 | E3: 4311469006 | F3: ธนาคารไทยพาณิชย์ (SCB) | G3: 136 | H3: 22930 | I3: 0 | J3: 22930 | K3: 243831 | L3: 22930 | M3: =+L3-J3 -> 0
B4: 243832 | C4: suckjakkure@hotmail.com | D4: 0642427575 | E4: 4311469006 | F4: ธนาคารไทยพาณิชย์ (SCB) | G4: 177 | H4: 32059 | I4: 0 | J4: 32059 | K4: 243832 | L4: 32059 | M4: =+L4-J4 -> 0
B5: 243833 | C5: suckjakkure@hotmail.com | D5: 0642427575 | E5: 4311469006 | F5: ธนาคารไทยพาณิชย์ (SCB) | G5: 169 | H5: 31510 | I5: 0 | J5: 31510 | K5: 243833 | L5: 31510 | M5: =+L5-J5 -> 0
B6: 243834 | C6: suckjakkure@hotmail.com | D6: 0642427575 | E6: 4311469006 | F6: ธนาคารไทยพาณิชย์ (SCB) | G6: 70 | H6: 13150 | I6: 0 | J6: 13150 | K6: 243834 | L6: 13150 | M6: =+L6-J6 -> 0
B7: 243835 | C7: suckjakkure@hotmail.com | D7: 0642427575 | E7: 4311469006 | F7: ธนาคารไทยพาณิชย์ (SCB) | G7: 14 | H7: 2920 | I7: 0 | J7: 2920 | K7: 243835 | L7: 2920 | M7: =+L7-J7 -> 0
B8: 243836 | C8: suckjakkure@hotmail.com | D8: 0642427575 | E8: 4311469006 | F8: ธนาคารไทยพาณิชย์ (SCB) | G8: 110 | H8: 19135 | I8: 0 | J8: 19135 | K8: 243836 | L8: 19135 | M8: =+L8-J8 -> 0
B9: 243837 | C9: suckjakkure@hotmail.com | D9: 0642427575 | E9: 4311469006 | F9: ธนาคารไทยพาณิชย์ (SCB) | G9: 83 | H9: 14080 | I9: 0 | J9: 14080 | K9: 243837 | L9: 14080 | M9: =+L9-J9 -> 0
B10: 243838 | C10: suckjakkure@hotmail.com | D10: 0642427575 | E10: 4311469006 | F10: ธนาคารไทยพาณิชย์ (SCB) | G10: 105 | H10: 18400 | I10: 0 | J10: 18400 | K10: 243838 | L10: 18400 | M10: =+L10-J10 -> 0
B11: 243839 | C11: suckjakkure@hotmail.com | D11: 0642427575 | E11: 4311469006 | F11: ธนาคารไทยพาณิชย์ (SCB) | G11: 101 | H11: 20610 | I11: 0 | J11: 20610 | K11: 243839 | L11: 20610 | M11: =+L11-J11 -> 0
B12: 243840 | C12: suckjakkure@hotmail.com | D12: 0642427575 | E12: 4311469006 | F12: ธนาคารไทยพาณิชย์ (SCB) | G12: 114 | H12: 25750 | I12: 0 | J12: 25750 | K12: 243840 | L12: 25750 | M12: =+L12-J12 -> 0
B13: 243841 | C13: suckjakkure@hotmail.com | D13: 0642427575 | E13: 4311469006 | F13: ธนาคารไทยพาณิชย์ (SCB) | G13: 42 | H13: 9510 | I13: 0 | J13: 9510 | K13: 243841 | L13: 9510 | M13: =+L13-J13 -> 0
B14: 243842 | C14: suckjakkure@hotmail.com | D14: 0642427575 | E14: 4311469006 | F14: ธนาคารไทยพาณิชย์ (SCB) | G14: 27 | H14: 5059 | I14: 0 | J14: 5059 | K14: 243842 | L14: 5059 | M14: =+L14-J14 -> 0
... B30: 243857 | C30: suckjakkure@hotmail.com | D30: 0642427575 | E30: 4311469006 | F30: ธนาคารไทยพาณิชย์ (SCB) | G30: 51 | H30: 8430 | I30: 0 | J30: 8430 | K30: 243857 | L30: 8430 | M30: =+L30-J30 -> 0
B31: 243858 | C31: ไม่ยอดเก็บ COD | K31: 243858 | M31: =+L31-J31 -> 0
B32: 243859 | C32: suckjakkure@hotmail.com | D32: 0642427575 | E32: 4311469006 | F32: ธนาคารไทยพาณิชย์ (SCB) | G32: 73 | H32: 16345 | I32: 0 | J32: 16345 | K32: 243859 | L32: 16345 | M32: =+L32-J32 -> 0
B33: 243860 | C33: suckjakkure@hotmail.com | D33: 0642427575 | E33: 4311469006 | F33: ธนาคารไทยพาณิชย์ (SCB) | G33: 70 | H33: 13000 | I33: 0 | J33: 13000 | K33: 243860 | L33: 13000 | M33: =+L33-J33 -> 0
B34: 243861 | C34: suckjakkure@hotmail.com | D34: 0642427575 | E34: 4311469006 | F34: ธนาคารไทยพาณิชย์ (SCB) | G34: 87 | H34: 15810 | I34: 0 | J34: 15810 | K34: 243861 | L34: 15810 | M34: =+L34-J34 -> 0
F35: ยอดรวม | G35: =SUM(G3:G34) -> 2290 | H35: =SUM(H3:H34) -> 437163 | I35: =SUM(I3:I34) -> 0 | J35: =SUM(J3:J34) -> 437163 | K35: บาท | L35: =SUM(L3:L34) -> 437163 | M35: บาท

Sheet ก.ค.
A1: ข้อมูลการเก็บเงินปลายทาง (COD) แบบแยกรายละเอียด เดือนกรกฏาคม 2567
A2: ลำดับ | B2: วันที่ | C2: Email | D2: Facebook Page | E2: Order No. / เลขที่ออเดอร์ | F2: Tracking No. / เลขพัสดุ | G2: recipientName / ชื่อลูกค้า | H2: Amount / ยอด COD
A3: 1 | B3: 243800 | C3: suckjakkure@hotmail.com | D3: FACEBOOK | F3: JA034630527TH | G3: นางสาวชัชฎาภรณ์ อุดมลาภ | H3: 130
A4: 2 | B4: 243800 | C4: suckjakkure@hotmail.com | D4: FACEBOOK | F4: JA035188006TH | G4: พรทิพย์ อิฐรัตน์ | H4: 130
A5: 3 | B5: 243800 | C5: suckjakkure@hotmail.com | D5: FACEBOOK | F5: JA035187972TH | G5: สายชล | H5: 230
A6: 4 | B6: 243801 | C6: suckjakkure@hotmail.com | D6: FACEBOOK | F6: JA035454470TH | G6: Ao | H6: 130
A7: 5 | B7: 243801 | C7: suckjakkure@hotmail.com | D7: FACEBOOK | F7: JA034911054TH | G7: Kunthida Pasim | H7: 130
A8: 6 | B8: 243801 | C8: suckjakkure@hotmail.com | D8: FACEBOOK | F8: JA035187941TH | G8: มัทนา ป่าเกลือ | H8: 209
A9: 7 | B9: 243801 | C9: suckjakkure@hotmail.com | D9: FACEBOOK | F9: JA035454523TH | G9: มณีกานต์ ไชยฤทธิ์ | H9: 253
A10: 8 | B10: 243801 | C10: suckjakkure@hotmail.com | D10: FACEBOOK | F10: JA035187969TH | G10: วาสนา บุญเนียม | H10: 530
A11: 9 | B11: 243801 | C11: suckjakkure@hotmail.com | D11: FACEBOOK | F11: JA034911037TH | G11: น.ส ทิพานันท์ แสงแก้ว | H11: 130
A12: 10 | B12: 243801 | C12: suckjakkure@hotmail.com | D12: FACEBOOK | F12: JA035187986TH | G12: รอนิง | H12: 170
A13: 11 | B13: 243802 | C13: suckjakkure@hotmail.com | D13: FACEBOOK | F13: JA035866232TH | G13: วิไลวรรณ | H13: 150
A14: 12 | B14: 243802 | C14: suckjakkure@hotmail.com | D14: FACEBOOK | F14: JA035866325TH | G14: น้องคูแปง | H14: 208
... A940: 938 | B940: 243830 | C940: suckjakkure@hotmail.com | D940: FACEBOOK | F940: JA042773880TH | G940: จินตนา ซ้ายหั่น | H940: 130
G941: ยอดรวม | H941: =SUM(H3:H940) -> 190115

Sheet Summary ก.ค.
B1: ข้อมูลการเก็บเงินปลายทาง (COD) แบบรวมยอดประจำวัน เดือนกรกฎาคม 2567 | K1: ตรวจในสเตทเม้น
A2: ลำดับ | B2: วันที่ | C2: Email | D2: Tel | E2: Bank Account Number / เลขที่บัญชี | F2: Bank Account Name / ชื่อธนาคาร | G2: Total Order / จำนวนออเดอร์ | H2: COD Amount / ยอดรวม COD | I2: Deduct | J2: Total Amount / ยอดรวม COD | K2: วันที่เงินเข้า | L2: ยอดเข้า | M2: หมายเหตุ
B3: 243800 | C3: suckjakkure@hotmail.com | D3: 0642427575 | E3: 4311469006 | F3: ธนาคารไทยพาณิชย์ (SCB) | G3: 3 | H3: 490 | I3: 0 | J3: 490 | K3: 243800 | L3: 490 | M3: =+L3-J3 -> 0
B4: 243801 | C4: suckjakkure@hotmail.com | D4: 0642427575 | E4: 4311469006 | F4: ธนาคารไทยพาณิชย์ (SCB) | G4: 7 | H4: 1552 | I4: 0 | J4: 1552 | K4: 243801 | L4: 1552 | M4: =+L4-J4 -> 0
B5: 243802 | C5: suckjakkure@hotmail.com | D5: 0642427575 | E5: 4311469006 | F5: ธนาคารไทยพาณิชย์ (SCB) | G5: 15 | H5: 3360 | I5: 0 | J5: 3360 | K5: 243802 | L5: 3360 | M5: =+L5-J5 -> 0
B6: 243803 | C6: suckjakkure@hotmail.com | D6: 0642427575 | E6: 4311469006 | F6: ธนาคารไทยพาณิชย์ (SCB) | G6: 13 | H6: 3289 | I6: 0 | J6: 3289 | K6: 243803 | L6: 3289 | M6: =+L6-J6 -> 0
B7: 243804 | C7: suckjakkure@hotmail.com | D7: 0642427575 | E7: 4311469006 | F7: ธนาคารไทยพาณิชย์ (SCB) | G7: 13 | H7: 2875 | I7: 0 | J7: 2875 | K7: 243804 | L7: 2875 | M7: =+L7-J7 -> 0
B8: 243805 | C8: suckjakkure@hotmail.com | D8: 0642427575 | E8: 4311469006 | F8: ธนาคารไทยพาณิชย์ (SCB) | G8: 4 | H8: 1077 | I8: 0 | J8: 1077 | K8: 243805 | L8: 1077 | M8: =+L8-J8 -> 0
B9: 243806 | C9: suckjakkure@hotmail.com | D9: 0642427575 | E9: 4311469006 | F9: ธนาคารไทยพาณิชย์ (SCB) | G9: 3 | H9: 680 | I9: 0 | J9: 680 | K9: 243806 | L9: 680 | M9: =+L9-J9 -> 0
B10: 243807 | C10: ไม่ยอดเก็บ COD | K10: 243807 | L10: 0 | M10: =+L10-J10 -> 0
B11: 243808 | C11: suckjakkure@hotmail.com | D11: 0642427575 | E11: 4311469006 | F11: ธนาคารไทยพาณิชย์ (SCB) | G11: 2 | H11: 510 | I11: 0 | J11: 510 | K11: 243808 | L11: 510 | M11: =+L11-J11 -> 0
B12: 243809 | C12: suckjakkure@hotmail.com | D12: 0642427575 | E12: 4311469006 | F12: ธนาคารไทยพาณิชย์ (SCB) | G12: 1 | H12: 180 | I12: 0 | J12: 180 | K12: 243809 | L12: 180 | M12: =+L12-J12 -> 0
B13: 243810 | C13: suckjakkure@hotmail.com | D13: 0642427575 | E13: 4311469006 | F13: ธนาคารไทยพาณิชย์ (SCB) | G13: 14 | H13: 2610 | I13: 0 | J13: 2610 | K13: 243810 | L13: 2610 | M13: =+L13-J13 -> 0
B14: 243811 | C14: suckjakkure@hotmail.com | D14: 0642427575 | E14: 4311469006 | F14: ธนาคารไทยพาณิชย์ (SCB) | G14: 34 | H14: 6110 | I14: 0 | J14: 6110 | K14: 243811 | L14: 6110 | M14: =+L14-J14 -> 0
B15: 243812 | C15: suckjakkure@hotmail.com | D15: 0642427575 | E15: 4311469006 | F15: ธนาคารไทยพาณิชย์ (SCB) | G15: 64 | H15: 11700 | I15: 0 | J15: 11700 | K15: 243812 | L15: 11700 | M15: =+L15-J15 -> 0
B16: 243813 | C16: suckjakkure@hotmail.com | D16: 0642427575 | E16: 4311469006 | F16: ธนาคารไทยพาณิชย์ (SCB) | G16: 50 | H16: 9580 | I16: 0 | J16: 9580 | K16: 243813 | L16: 9580 | M16: =+L16-J16 -> 0
B17: 243814 | C17: suckjakkure@hotmail.com | D17: 0642427575 | E17: 4311469006 | F17: ธนาคารไทยพาณิชย์ (SCB) | G17: 2 | H17: 360 | I17: 0 | J17: 360 | K17: 243814 | L17: 360 | M17: =+L17-J17 -> 0
B18: 243815 | C18: suckjakkure@hotmail.com | D18: 0642427575 | E18: 4311469006 | F18: ธนาคารไทยพาณิชย์ (SCB) | G18: 77 | H18: 18000 | I18: 0 | J18: 18000 | K18: 243815 | L18: 18000 | M18: =+L18-J18 -> 0
B19: 243816 | C19: suckjakkure@hotmail.com | D19: 0642427575 | E19: 4311469006 | F19: ธนาคารไทยพาณิชย์ (SCB) | G19: 84 | H19: 15820 | I19: 0 | J19: 15820 | K19: 243816 | L19: 15820 | M19: =+L19-J19 -> 0
B20: 243817 | C20: suckjakkure@hotmail.com | D20: 0642427575 | E20: 4311469006 | F20: ธนาคารไทยพาณิชย์ (SCB) | G20: 63 | H20: 10970 | I20: 0 | J20: 10970 | K20: 243817 | L20: 10970 | M20: =+L20-J20 -> 0
B21: 243818 | C21: suckjakkure@hotmail.com | D21: 0642427575 | E21: 4311469006 | F21: ธนาคารไทยพาณิชย์ (SCB) | G21: 63 | H21: 11965 | I21: 0 | J21: 11965 | K21: 243818 | L21: 11965 | M21: =+L21-J21 -> 0
B22: 243819 | C22: suckjakkure@hotmail.com | D22: 0642427575 | E22: 4311469006 | F22: ธนาคารไทยพาณิชย์ (SCB) | G22: 54 | H22: 10440 | I22: 0 | J22: 10440 | K22: 243819 | L22: 10440 | M22: =+L22-J22 -> 0
... B25: 243822 | C25: suckjakkure@hotmail.com | D25: 0642427575 | E25: 4311469006 | F25: ธนาคารไทยพาณิชย์ (SCB) | G25: 17 | H25: 3910 | I25: 0 | J25: 3910 | K25: 243822 | L25: 3910 | M25: =+L25-J25 -> 0
B26: 243823 | C26: ไม่ยอดเก็บ COD | K26: 243823 | L26: 0 | M26: =+L26-J26 -> 0
B27: 243824 | C27: suckjakkure@hotmail.com | D27: 0642427575 | E27: 4311469006 | F27: ธนาคารไทยพาณิชย์ (SCB) | G27: 39 | H27: 7695 | I27: 0 | J27: 7695 | K27: 243824 | L27: 7695 | M27: =+L27-J27 -> 0
B28: 243825 | C28: suckjakkure@hotmail.com | D28: 0642427575 | E28: 4311469006 | F28: ธนาคารไทยพาณิชย์ (SCB) | G28: 41 | H28: 9349 | I28: 0 | J28: 9349 | K28: 243825 | L28: 9349 | M28: =+L28-J28 -> 0
B29: 243826 | C29: suckjakkure@hotmail.com | D29: 0642427575 | E29: 4311469006 | F29: ธนาคารไทยพาณิชย์ (SCB) | G29: 86 | H29: 16929 | I29: 0 | J29: 16929 | K29: 243826 | L29: 16929 | M29: =+L29-J29 -> 0
B30: 243827 | C30: suckjakkure@hotmail.com | D30: 0642427575 | E30: 4311469006 | F30: ธนาคารไทยพาณิชย์ (SCB) | G30: 64 | H30: 11870 | I30: 0 | J30: 11870 | K30: 243827 | L30: 11870 | M30: =+L30-J30 -> 0
B31: 243828 | C31: suckjakkure@hotmail.com | D31: 0642427575 | E31: 4311469006 | F31: ธนาคารไทยพาณิชย์ (SCB) | G31: 20 | H31: 3100 | I31: 0 | J31: 3100 | K31: 243828 | L31: 3100 | M31: =+L31-J31 -> 0
B32: 243829 | C32: suckjakkure@hotmail.com | D32: 0642427575 | E32: 4311469006 | F32: ธนาคารไทยพาณิชย์ (SCB) | G32: 8 | H32: 1440 | I32: 0 | J32: 1440 | K32: 243829 | L32: 1440 | M32: =+L32-J32 -> 0
B33: 243830 | C33: suckjakkure@hotmail.com | D33: 0642427575 | E33: 4311469006 | F33: ธนาคารไทยพาณิชย์ (SCB) | G33: 36 | H33: 8679 | I33: 0 | J33: 8679 | K33: 243830 | L33: 8679 | M33: =+L33-J33 -> 0
F34: ยอดรวม | G34: =SUM(G3:G33) -> 938 | H34: =SUM(H3:H33) -> 190115 | I34: =SUM(I3:I33) -> 0 | J34: =SUM(J3:J33) -> 190115 | K34: บาท | L34: =SUM(L3:L33) -> 190115 | M34: บาท

Sheet มิ.ย.
A1: ข้อมูลการเก็บเงินปลายทาง (COD) แบบแยกรายละเอียด เดือนมิถุนายน 2567
A2: ลำดับ | B2: วันที่ | C2: Email | D2: Facebook Page | E2: Order No. / เลขที่ออเดอร์ | F2: Tracking No. / เลขพัสดุ | G2: recipientName / ชื่อลูกค้า | H2: Amount / ยอด COD
A3: 1 | B3: 243770 | C3: suckjakkure@hotmail.com | D3: FACEBOOK | F3: EA981716274TH | G3: พัชณี | H3: 180
A4: 2 | B4: 243770 | C4: suckjakkure@hotmail.com | D4: FACEBOOK | F4: EA982158872TH | G4: คุณหน่อย | H4: 200
A5: 3 | B5: 243772 | C5: suckjakkure@hotmail.com | D5: FACEBOOK | F5: EA982027280TH | G5: นางสาวพรหมภัสสร | H5: 630
A6: 4 | B6: 243772 | C6: suckjakkure@hotmail.com | D6: FACEBOOK | F6: EA982282248TH | G6: น้องพริกหวาน กัญญพัชร | H6: 510
A7: 5 | B7: 243773 | C7: suckjakkure@hotmail.com | D7: FACEBOOK | F7: EA982622794TH | G7: ส่งอทิพรกันตะกูล | H7: 130
A8: 6 | B8: 243774 | C8: suckjakkure@hotmail.com | D8: FACEBOOK | F8: EA983031440TH | G8: น.ส ภาณุมาส ศรีมาพักร์ | H8: 230
A9: 7 | B9: 243775 | C9: suckjakkure@hotmail.com | D9: FACEBOOK | F9: EA983031467TH | G9: กรรณิการ์ จ่ายพอควร | H9: 180
A10: 8 | B10: 243775 | C10: suckjakkure@hotmail.com | D10: FACEBOOK | F10: EA983383849TH | G10: .กนกวรรณ อินพเนาว์ | H10: 180
A11: 9 | B11: 243775 | C11: suckjakkure@hotmail.com | D11: FACEBOOK | F11: EA983383852TH | G11: บริษัทบางพลีใหญ่เพลส จำกัด | H11: 230
A12: 10 | B12: 243775 | C12: suckjakkure@hotmail.com | D12: FACEBOOK | F12: EA983031475TH | G12: ปุณยนุช | H12: 130
A13: 11 | B13: 243776 | C13: suckjakkure@hotmail.com | D13: FACEBOOK | F13: EA983714228TH | G13: อรอุมา | H13: 180
A14: 12 | B14: 243776 | C14: suckjakkure@hotmail.com | D14: FACEBOOK | F14: EA983714280TH | G14: ปัท?มาภรณ์? เต?มะ?ศิริ | H14: 130
... A658: 656 | B658: 243799 | C658: suckjakkure@hotmail.com | D658: FACEBOOK | F658: JA035187955TH | G658: คุณเรวดี เพ็ชรแก้ว | H658: 298
G659: ยอดรวม | H659: =SUM(H3:H658) -> 158315

Sheet Summary มิ.ย.
B1: ข้อมูลการเก็บเงินปลายทาง (COD) แบบรวมยอดประจำวัน เดือนมิถุนายน 2567 | K1: ตรวจในสเตทเม้น
A2: ลำดับ | B2: วันที่ | C2: Email | D2: Tel | E2: Bank Account Number / เลขที่บัญชี | F2: Bank Account Name / ชื่อธนาคาร | G2: Total Order / จำนวนออเดอร์ | H2: COD Amount / ยอดรวม COD | I2: Deduct | J2: Total Amount / ยอดรวม COD | K2: วันที่เงินเข้า | L2: ยอดเข้า | M2: หมายเหตุ
B3: 243770 | C3: suckjakkure@hotmail.com | D3: 0642427575 | E3: 4311469006 | F3: ธนาคารไทยพาณิชย์ (SCB) | G3: 2 | H3: 380 | I3: 0 | J3: 380 | K3: 243770 | L3: 380 | M3: =+L3-J3 -> 0
B4: 243771 | C4: ไม่มียอด COD | K4: 243771 | M4: =+L4-J4 -> 0
B5: 243772 | C5: suckjakkure@hotmail.com | D5: 0642427575 | E5: 4311469006 | F5: ธนาคารไทยพาณิชย์ (SCB) | G5: 2 | H5: 1140 | I5: 0 | J5: 1140 | K5: 243772 | L5: 1140 | M5: =+L5-J5 -> 0
B6: 243773 | C6: suckjakkure@hotmail.com | D6: 0642427575 | E6: 4311469006 | F6: ธนาคารไทยพาณิชย์ (SCB) | G6: 1 | H6: 130 | I6: 0 | J6: 130 | K6: 243773 | L6: 130 | M6: =+L6-J6 -> 0
B7: 243774 | C7: suckjakkure@hotmail.com | D7: 0642427575 | E7: 4311469006 | F7: ธนาคารไทยพาณิชย์ (SCB) | G7: 1 | H7: 230 | I7: 0 | J7: 230 | K7: 243774 | L7: 230 | M7: =+L7-J7 -> 0
B8: 243775 | C8: suckjakkure@hotmail.com | D8: 0642427575 | E8: 4311469006 | F8: ธนาคารไทยพาณิชย์ (SCB) | G8: 4 | H8: 720 | I8: 0 | J8: 720 | K8: 243775 | L8: 720 | M8: =+L8-J8 -> 0
B9: 243776 | C9: suckjakkure@hotmail.com | D9: 0642427575 | E9: 4311469006 | F9: ธนาคารไทยพาณิชย์ (SCB) | G9: 8 | H9: 1470 | I9: 0 | J9: 1470 | K9: 243776 | L9: 1470 | M9: =+L9-J9 -> 0
B10: 243777 | C10: suckjakkure@hotmail.com | D10: 0642427575 | E10: 4311469006 | F10: ธนาคารไทยพาณิชย์ (SCB) | G10: 19 | H10: 3920 | I10: 0 | J10: 3920 | K10: 243777 | L10: 3920 | M10: =+L10-J10 -> 0
B11: 243778 | C11: suckjakkure@hotmail.com | D11: 0642427575 | E11: 4311469006 | F11: ธนาคารไทยพาณิชย์ (SCB) | G11: 15 | H11: 2580 | I11: 0 | J11: 2580 | K11: 243778 | L11: 2580 | M11: =+L11-J11 -> 0
B12: 243779 | C12: suckjakkure@hotmail.com | D12: 0642427575 | E12: 4311469006 | F12: ธนาคารไทยพาณิชย์ (SCB) | G12: 2 | H12: 260 | I12: 0 | J12: 260 | K12: 243779 | L12: 260 | M12: =+L12-J12 -> 0
B13: 243780 | C13: suckjakkure@hotmail.com | D13: 0642427575 | E13: 4311469006 | F13: ธนาคารไทยพาณิชย์ (SCB) | G13: 36 | H13: 6180 | I13: 0 | J13: 6180 | K13: 243780 | L13: 6180 | M13: =+L13-J13 -> 0
B14: 243781 | C14: suckjakkure@hotmail.com | D14: 0642427575 | E14: 4311469006 | F14: ธนาคารไทยพาณิชย์ (SCB) | G14: 40 | H14: 6910 | I14: 0 | J14: 6910 | K14: 243781 | L14: 6910 | M14: =+L14-J14 -> 0
B15: 243782 | C15: suckjakkure@hotmail.com | D15: 0642427575 | E15: 4311469006 | F15: ธนาคารไทยพาณิชย์ (SCB) | G15: 67 | H15: 16136 | I15: 0 | J15: 16136 | K15: 243782 | L15: 16136 | M15: =+L15-J15 -> 0
B16: 243783 | C16: suckjakkure@hotmail.com | D16: 0642427575 | E16: 4311469006 | F16: ธนาคารไทยพาณิชย์ (SCB) | G16: 56 | H16: 13390 | I16: 0 | J16: 13390 | K16: 243783 | L16: 13390 | M16: =+L16-J16 -> 0
... B27: 243794 | C27: suckjakkure@hotmail.com | D27: 0642427575 | E27: 4311469006 | F27: ธนาคารไทยพาณิชย์ (SCB) | G27: 22 | H27: 5438 | I27: 0 | J27: 5438 | K27: 243794 | L27: 5438 | M27: =+L27-J27 -> 0
B28: 243795 | C28: suckjakkure@hotmail.com | D28: 0642427575 | E28: 4311469006 | F28: ธนาคารไทยพาณิชย์ (SCB) | G28: 27 | H28: 7017 | I28: 0 | J28: 7017 | K28: 243795 | L28: 7017 | M28: =+L28-J28 -> 0
B29: 243796 | C29: suckjakkure@hotmail.com | D29: 0642427575 | E29: 4311469006 | F29: ธนาคารไทยพาณิชย์ (SCB) | G29: 28 | H29: 7034 | I29: 0 | J29: 7034 | K29: 243796 | L29: 7034 | M29: =+L29-J29 -> 0
B30: 243797 | C30: suckjakkure@hotmail.com | D30: 0642427575 | E30: 4311469006 | F30: ธนาคารไทยพาณิชย์ (SCB) | G30: 25 | H30: 7580 | I30: 0 | J30: 7580 | K30: 243797 | L30: 7580 | M30: =+L30-J30 -> 0
B31: 243798 | C31: suckjakkure@hotmail.com | D31: 0642427575 | E31: 4311469006 | F31: ธนาคารไทยพาณิชย์ (SCB) | G31: 21 | H31: 8064 | I31: 0 | J31: 8064 | K31: 243798 | L31: 8064 | M31: =+L31-J31 -> 0
B32: 243799 | C32: suckjakkure@hotmail.com | D32: 0642427575 | E32: 4311469006 | F32: ธนาคารไทยพาณิชย์ (SCB) | G32: 4 | H32: 1112 | I32: 0 | J32: 1112 | K32: 243799 | L32: 1112 | M32: =+L32-J32 -> 0
F33: ยอดรวม | G33: =SUM(G3:G32) -> 551 | H33: =SUM(H3:H32) -> 127508 | I33: =SUM(I3:I32) -> 0 | J33: =SUM(J3:J32) -> 127508 | K33: บาท | L33: =SUM(L3:L32) -> 158315 | M33: บาท

Sheet พ.ค.
A1: ข้อมูลการเก็บเงินปลายทาง (COD) แบบแยกรายละเอียด เดือนพฤษภาคม 2567
A2: ลำดับ | B2: วันที่ | C2: Email | D2: Facebook Page | E2: Order No. / เลขที่ออเดอร์ | F2: Tracking No. / เลขพัสดุ | G2: recipientName / ชื่อลูกค้า | H2: Amount / ยอด COD
A3: 1 | B3: 243739 | C3: suckjakkure@hotmail.com | D3: FACEBOOK | F3: EA971778331TH | G3: รัชติญา จันทร์ไตรัต | H3: 480
A4: 2 | B4: 243739 | C4: suckjakkure@hotmail.com | D4: FACEBOOK | F4: EA972083715TH | G4: อภิชาติ..ยอดทอง | H4: 160
A5: 3 | B5: 243739 | C5: suckjakkure@hotmail.com | D5: FACEBOOK | F5: EA971185877TH | G5: น.ส | H5: 480
A6: 4 | B6: 243739 | C6: suckjakkure@hotmail.com | D6: FACEBOOK | F6: EA972169411TH | G6: ต่าย | H6: 250
A7: 5 | B7: 243739 | C7: suckjakkure@hotmail.com | D7: FACEBOOK | F7: EA972083755TH | G7: ศิวภรณ์ ทองคำ | H7: 160
A8: 6 | B8: 243739 | C8: suckjakkure@hotmail.com | D8: FACEBOOK | F8: EA972355396TH | G8: นางวรรณภา บุญไพโรจน์ | H8: 180
A9: 7 | B9: 243739 | C9: suckjakkure@hotmail.com | D9: FACEBOOK | F9: EA971778402TH | G9: ครูบาแชค | H9: 180
A10: 8 | B10: 243739 | C10: suckjakkure@hotmail.com | D10: FACEBOOK | F10: EA972083786TH | G10: ชัย วิทย์ไชยพิมพ์ | H10: 180
A11: 9 | B11: 243739 | C11: suckjakkure@hotmail.com | D11: FACEBOOK | F11: EA972083772TH | G11: อุไร อินทรโชติ | H11: 330
A12: 10 | B12: 243739 | C12: suckjakkure@hotmail.com | D12: FACEBOOK | F12: EA972550744TH | G12: ชลิตา เหมฤดี | H12: 180
A13: 11 | B13: 243739 | C13: suckjakkure@hotmail.com | D13: FACEBOOK | F13: EA972355351TH | G13: แจ้ | H13: 590
A14: 12 | B14: 243739 | C14: suckjakkure@hotmail.com | D14: FACEBOOK | F14: EA972355379TH | G14: คุณพิสิษฐ์ซ.เลือดหมูคุณศรี | H14: 300
... A161: 159 | B161: 243768 | C161: suckjakkure@hotmail.com | D161: FACEBOOK | F161: EA981058348TH | G161: สุรเชษฐ์ รัตนพิทักษ์ | H161: 180
A162: 160
A163: 161
A164: 162
A165: 163
A166: 164
A167: 165
A168: 166
A169: 167
A170: 168
A171: 169
A172: 170
A173: 171
... A862: 860
G863: ยอดรวม | H863: =SUM(H3:H862) -> 45005

Sheet Summary พ.ค.
B1: ข้อมูลการเก็บเงินปลายทาง (COD) แบบรวมยอดประจำวัน เดือนพฤษภาคม 2567 | K1: ตรวจในสเตทเม้น
A2: ลำดับ | B2: วันที่ | C2: Email | D2: Tel | E2: Bank Account Number / เลขที่บัญชี | F2: Bank Account Name / ชื่อธนาคาร | G2: Total Order / จำนวนออเดอร์ | H2: COD Amount / ยอดรวม COD | I2: Deduct | J2: Total Amount / ยอดรวม COD | K2: วันที่เงินเข้า | L2: ยอดเข้า | M2: หมายเหตุ
B3: 243739 | C3: suckjakkure@hotmail.com | D3: 0642427575 | E3: 4311469006 | F3: ธนาคารไทยพาณิชย์ (SCB) | G3: 13 | H3: 3650 | I3: 0 | J3: 3650 | K3: 243739 | L3: 3650 | M3: =+L3-J3 -> 0
B4: 243740 | C4: suckjakkure@hotmail.com | D4: 0642427575 | E4: 4311469006 | F4: ธนาคารไทยพาณิชย์ (SCB) | G4: 3 | H4: 1410 | I4: 0 | J4: 1410 | K4: 243740 | L4: 1410 | M4: =+L4-J4 -> 0
B5: 243741 | C5: suckjakkure@hotmail.com | D5: 0642427575 | E5: 4311469006 | F5: ธนาคารไทยพาณิชย์ (SCB) | G5: 18 | H5: 3701 | I5: 0 | J5: 3701 | K5: 243741 | L5: 3701 | M5: =+L5-J5 -> 0
B6: 243742 | C6: suckjakkure@hotmail.com | D6: 0642427575 | E6: 4311469006 | F6: ธนาคารไทยพาณิชย์ (SCB) | G6: 23 | H6: 6457 | I6: 0 | J6: 6457 | K6: 243742 | L6: 6457 | M6: =+L6-J6 -> 0
B7: 243743 | C7: suckjakkure@hotmail.com | D7: 0642427575 | E7: 4311469006 | F7: ธนาคารไทยพาณิชย์ (SCB) | G7: 4 | H7: 850 | I7: 0 | J7: 850 | K7: 243743 | L7: 850 | M7: =+L7-J7 -> 0
B8: 243744 | C8: suckjakkure@hotmail.com | D8: 0642427575 | E8: 4311469006 | F8: ธนาคารไทยพาณิชย์ (SCB) | G8: 6 | H8: 1970 | I8: 0 | J8: 1970 | K8: 243744 | L8: 1970 | M8: =+L8-J8 -> 0
B9: 243745 | C9: suckjakkure@hotmail.com | D9: 0642427575 | E9: 4311469006 | F9: ธนาคารไทยพาณิชย์ (SCB) | G9: 3 | H9: 560 | I9: 0 | J9: 560 | K9: 243745 | L9: 560 | M9: =+L9-J9 -> 0
B10: 243746 | C10: suckjakkure@hotmail.com | D10: 0642427575 | E10: 4311469006 | F10: ธนาคารไทยพาณิชย์ (SCB) | G10: 12 | H10: 3096 | I10: 0 | J10: 3096 | K10: 243746 | L10: 3096 | M10: =+L10-J10 -> 0
B11: 243747 | C11: suckjakkure@hotmail.com | D11: 0642427575 | E11: 4311469006 | F11: ธนาคารไทยพาณิชย์ (SCB) | G11: 7 | H11: 2842 | I11: 0 | J11: 2842 | K11: 243747 | L11: 2842 | M11: =+L11-J11 -> 0
B12: 243748 | C12: suckjakkure@hotmail.com | D12: 0642427575 | E12: 4311469006 | F12: ธนาคารไทยพาณิชย์ (SCB) | G12: 10 | H12: 1890 | I12: 0 | J12: 1890 | K12: 243748 | L12: 1890 | M12: =+L12-J12 -> 0
B13: 243749 | C13: suckjakkure@hotmail.com | D13: 0642427575 | E13: 4311469006 | F13: ธนาคารไทยพาณิชย์ (SCB) | G13: 2 | H13: 400 | I13: 0 | J13: 400 | K13: 243749 | L13: 400 | M13: =+L13-J13 -> 0
B14: 243750 | C14: suckjakkure@hotmail.com | D14: 0642427575 | E14: 4311469006 | F14: ธนาคารไทยพาณิชย์ (SCB) | G14: 6 | H14: 1668 | I14: 0 | J14: 1668 | K14: 243750 | L14: 1668 | M14: =+L14-J14 -> 0
... B21: 243757 | C21: suckjakkure@hotmail.com | D21: 0642427575 | E21: 4311469006 | F21: ธนาคารไทยพาณิชย์ (SCB) | G21: 2 | H21: 360 | I21: 0 | J21: 360 | K21: 243757 | L21: 360 | M21: =+L21-J21 -> 0
B22: 243758 | C22: ไม่มียอดเก็บ COD | K22: 243758 | M22: =+L22-J22 -> 0
B23: 243759 | C23: suckjakkure@hotmail.com | D23: 0642427575 | E23: 4311469006 | F23: ธนาคารไทยพาณิชย์ (SCB) | G23: 1 | H23: 180 | I23: 0 | J23: 180 | K23: 243759 | L23: 180 | M23: =+L23-J23 -> 0
B24: 243760 | C24: suckjakkure@hotmail.com | D24: 0642427575 | E24: 4311469006 | F24: ธนาคารไทยพาณิชย์ (SCB) | G24: 2 | H24: 525 | I24: 0 | J24: 525 | K24: 243760 | L24: 525 | M24: =+L24-J24 -> 0
B25: 243761 | C25: ไม่มียอดเก็บ COD | K25: 243761 | M25: =+L25-J25 -> 0
B26: 243762 | C26: ไม่มียอดเก็บ COD | K26: 243762 | M26: =+L26-J26 -> 0
B27: 243763 | C27: suckjakkure@hotmail.com | D27: 0642427575 | E27: 4311469006 | F27: ธนาคารไทยพาณิชย์ (SCB) | G27: 1 | H27: 830 | I27: 0 | J27: 830 | K27: 243763 | L27: 830 | M27: =+L27-J27 -> 0
B28: 243764 | C28: ไม่มียอดเก็บ COD | K28: 243764 | M28: =+L28-J28 -> 0
B29: 243765 | C29: ไม่มียอดเก็บ COD | K29: 243765 | M29: =+L29-J29 -> 0
B30: 243766 | C30: ไม่มียอดเก็บ COD | K30: 243766 | M30: =+L30-J30 -> 0
B31: 243767 | C31: suckjakkure@hotmail.com | D31: 0642427575 | E31: 4311469006 | F31: ธนาคารไทยพาณิชย์ (SCB) | G31: 2 | H31: 1110 | I31: 0 | J31: 1110 | K31: 243767 | L31: 1110 | M31: =+L31-J31 -> 0
B32: 243768 | C32: suckjakkure@hotmail.com | D32: 0642427575 | E32: 4311469006 | F32: ธนาคารไทยพาณิชย์ (SCB) | G32: 2 | H32: 489 | I32: 0 | J32: 489 | K32: 243768 | L32: 489 | M32: =+L32-J32 -> 0
B33: 243769 | K33: 243769 | M33: =+L33-J33 -> 0
F34: ยอดรวม | G34: =SUM(G3:G33) -> 159 | H34: =SUM(H3:H33) -> 45005 | I34: =SUM(I3:I33) -> 0 | J34: =SUM(J3:J33) -> 45005 | K34: บาท | L34: =SUM(L3:L33) -> 45005 | M34: บาท
G39: =+G34-152 -> 7

Sheet เม.ย.
A1: ข้อมูลการเก็บเงินปลายทาง (COD) แบบแยกรายละเอียด เดือนเมษายน 2567
A2: ลำดับ | B2: วันที่ | C2: Email | D2: Facebook Page | E2: Order No. / เลขที่ออเดอร์ | F2: Tracking No. / เลขพัสดุ | G2: recipientName / ชื่อลูกค้า | H2: Amount / ยอด COD
A3: 1 | B3: 243709 | C3: suckjakkure@hotmail.com | D3: FACEBOOK | F3: EA960554029TH | G3: ลำพอง นามรัก | H3: 130
A4: 2 | B4: 243709 | C4: suckjakkure@hotmail.com | D4: FACEBOOK | F4: EA961105432TH | G4: วัชรี ประจันทร์ | H4: 180
A5: 3 | B5: 243709 | C5: suckjakkure@hotmail.com | D5: FACEBOOK | F5: EA960553964TH | G5: น ส ชนิษฐา นาคเสน | H5: 379
A6: 4 | B6: 243709 | C6: suckjakkure@hotmail.com | D6: FACEBOOK | F6: EA961105327TH | G6: นิภา อิน | H6: 180
A7: 5 | B7: 243709 | C7: suckjakkure@hotmail.com | D7: FACEBOOK | F7: EA960553916TH | G7: ศิลา ใจกล้า | H7: 220
A8: 6 | B8: 243709 | C8: suckjakkure@hotmail.com | D8: FACEBOOK | F8: EA960224115TH | G8: นวณชนก ยิ้มสกุลกาญจน์ | H8: 219
A9: 7 | B9: 243709 | C9: suckjakkure@hotmail.com | D9: FACEBOOK | F9: EA960048084TH | G9: พร มณีแก้ว | H9: 180
A10: 8 | B10: 243709 | C10: suckjakkure@hotmail.com | D10: FACEBOOK | F10: EA960224169TH | G10: พรศรี ศิวชาติเมธี | H10: 180
A11: 9 | B11: 243709 | C11: suckjakkure@hotmail.com | D11: FACEBOOK | F11: EA960048314TH | G11: มนตรี บุญเกื้อ | H11: 418
A12: 10 | B12: 243709 | C12: suckjakkure@hotmail.com | D12: FACEBOOK | F12: EA960224040TH | G12: คุณยุพิน รื่นพล | H12: 430
A13: 11 | B13: 243709 | C13: suckjakkure@hotmail.com | D13: FACEBOOK | F13: EA960554103TH | G13: ณรงค์ | H13: 180
A14: 12 | B14: 243709 | C14: suckjakkure@hotmail.com | D14: FACEBOOK | F14: EA960048169TH | G14: วรวุฒิ วรรณโชติ | H14: 180
... A125: 123 | B125: 243715 | C125: suckjakkure@hotmail.com | D125: FACEBOOK | F125: EA962926788TH | G125: นางสาวณาตยา | H125: 309
A126: 124 | B126: 243716 | C126: suckjakkure@hotmail.com | D126: FACEBOOK | E126: KTINTER660f587c6d876b0012860bae | F126: TH56035G0HNC9K | G126: นางนุชนาถ | H126: 438
A127: 125 | B127: 243716 | C127: suckjakkure@hotmail.com | D127: FACEBOOK | E127: KTINTER660f59148f3419001194281b | F127: TH27015G0SAH0P | G127: นางวรรณา | H127: 219
A128: 126 | B128: 243716 | C128: suckjakkure@hotmail.com | D128: FACEBOOK | E128: KTINTER660f583ebe822a00130c474c | F128: TH63035G0HJR2N | G128: คุณบุณไกร | H128: 459
A129: 127 | B129: 243716 | C129: suckjakkure@hotmail.com | D129: FACEBOOK | F129: EA963094975TH | G129: นานา | H129: 180
A130: 128 | B130: 243717 | C130: suckjakkure@hotmail.com | D130: FACEBOOK | E130: KTINTER6610ac6e49b8850011792efd | F130: TH13035G341E9D | G130: คุณธนกร เบญพาด | H130: 170
A131: 129 | B131: 243717 | C131: suckjakkure@hotmail.com | D131: FACEBOOK | E131: KTINTER6610ac09b56a04001129cf60 | F131: TH15015G341P7L | G131: ภัทรภรณ์ ทัพทอง | H131: 239
A132: 130 | B132: 243717 | C132: suckjakkure@hotmail.com | D132: FACEBOOK | E132: KTINTER6610ac3e39fba80013111b41 | F132: TH56015G341J7F | G132: รัตน์ดา ฤทธิ์ลาภ | H132: 180
A133: 131 | B133: 243717 | C133: suckjakkure@hotmail.com | D133: FACEBOOK | E133: KTINTER6610aecd066f1c001284b40f | F133: TH27015G37EE6T | G133: ฐานิสา | H133: 309
A134: 132 | B134: 243717 | C134: suckjakkure@hotmail.com | D134: FACEBOOK | E134: KTINTER6610ab9f39fba8001310f2fb | F134: TH02035G34207A2 | G134: ประภา น้อยชม | H134: 330
A135: 133 | B135: 243717 | C135: suckjakkure@hotmail.com | D135: FACEBOOK | E135: KTINTER6610abaecbfe4a00123ba5ea | F135: TH22035G341Z2I | G135: อุมาพร กิ่มสาตร์ | H135: 330
A136: 134 | B136: 243717 | C136: suckjakkure@hotmail.com | D136: FACEBOOK | F136: EA962519166TH | G136: พี่วรรณ | H136: 330
A137: 135 | B137: 243717 | C137: suckjakkure@hotmail.com | D137: FACEBOOK | F137: EA962519170TH | G137: มาลี | H137: 309
A138: 136 | B138: 243717 | C138: suckjakkure@hotmail.com | D138: FACEBOOK | F138: EA962926726TH | G138: นางสาวธีราวรรณ์ | H138: 480
A139: 137 | B139: 243717 | C139: suckjakkure@hotmail.com | D139: FACEBOOK | F139: EA961908641TH | G139: จักรพงษ์ ผงษา | H139: 330
A140: 138 | B140: 243717 | C140: suckjakkure@hotmail.com | D140: FACEBOOK | F140: EA962206375TH | G140: ไกรศรี | H140: 219
A141: 139 | B141: 243717 | C141: suckjakkure@hotmail.com | D141: FACEBOOK | F141: EA962206358TH | G141: น.ส.ปณิดา ทรัพย์สุวรรณ | H141: 309
A142: 140 | B142: 243717 | C142: suckjakkure@hotmail.com | D142: FACEBOOK | F142: EA962206313TH | G142: นาสอ ฉิ่งจา | H142: 300
A143: 141 | B143: 243717 | C143: suckjakkure@hotmail.com | D143: FACEBOOK | F143: EA963095004TH | G143: พยุง จันทรา | H143: 180
A144: 142 | B144: 243717 | C144: suckjakkure@hotmail.com | D144: FACEBOOK | F144: EA962206344TH | G144: อิศราภรณ์ ร่มโพธิ์ \ | H144: 180
A145: 143 | B145: 243717 | C145: suckjakkure@hotmail.com | D145: FACEBOOK | F145: EA962206446TH | G145: มนัสชนก | H145: 309
A146: 144 | B146: 243717 | C146: suckjakkure@hotmail.com | D146: FACEBOOK | F146: EA962926743TH | G146: ถิรวัฒน์ ธุระเจน | H146: 180
A147: 145 | B147: 243718 | C147: suckjakkure@hotmail.com | D147: FACEBOOK | E147: KTINTER6612116d0b0271001187a7be | F147: TH01275G7KC36D | G147: สุรีรัตน์ | H147: 480
A148: 146 | B148: 243718 | C148: suckjakkure@hotmail.com | D148: FACEBOOK | E148: KTINTER6612128f09aaba0012a34327 | F148: TH01415G7KBZ3C0 | G148: อรอนงค์ รอดสา | H148: 130
A149: 147 | B149: 243718 | C149: suckjakkure@hotmail.com | D149: FACEBOOK | E149: KTINTER6610aeaa448ff400117764cd | F149: TH68045G37ED6B | G149: นภาพร \ | H149: 180
A150: 148 | B150: 243718 | C150: suckjakkure@hotmail.com | D150: FACEBOOK | E150: KTINTER6610ab8b448ff40011772154 | F150: TH32085G34212A | G150: ศักดิ์ดา | H150: 309
A151: 149 | B151: 243718 | C151: suckjakkure@hotmail.com | D151: FACEBOOK | E151: KTINTER6610ac2c448ff40011772bd2 | F151: TH64125G341N3Q | G151: เพลินใจ ดวงสุวรรณ | H151: 130
A152: 150 | B152: 243718 | C152: suckjakkure@hotmail.com | D152: FACEBOOK | E152: KTINTER660f58670d85270011c875e5 | F152: TH31135G4TD70K | G152: อภิญญา จักสาน | H152: 417
A153: 151 | B153: 243718 | C153: suckjakkure@hotmail.com | D153: FACEBOOK | E153: KTINTER6610abf80b02710011753ebd | F153: TH37015G341U2A0 | G153: ฐิติวรดา | H153: 180
A154: 152 | B154: 243718 | C154: suckjakkure@hotmail.com | D154: FACEBOOK | E154: KTINTER6610ab6cb56a04001129c1bf | F154: TH43115G34214D | G154: น.ส.ปณิดา ทรัพย์สุวรรณ | H154: 588
A155: 153 | B155: 243718 | C155: suckjakkure@hotmail.com | D155: FACEBOOK | E155: KTINTER6610ac4bbe822a00131fa57f | F155: TH33135G341G5D | G155: สุกัญญา แนวสุจริต | H155: 180
A156: 154 | B156: 243718 | C156: suckjakkure@hotmail.com | D156: FACEBOOK | E156: KTINTER661212b0944b3900126e4c31 | F156: TH14095G7KBW1C | G156: สราสินี กาญจนพูบู | H156: 219
A157: 155 | B157: 243718 | C157: suckjakkure@hotmail.com | D157: FACEBOOK | F157: EA962926828TH | G157: พระประเสริฐ ขวัญสมบูรณ์ Facebook ประเสริฐ | H157: 309
A158: 156 | B158: 243718 | C158: suckjakkure@hotmail.com | D158: FACEBOOK | F158: EA963094998TH | G158: นภัสนันท์ | H158: 300
A159: 157 | B159: 243718 | C159: suckjakkure@hotmail.com | D159: FACEBOOK | F159: EA963095018TH | G159: นางสาวบุปผา จันทะไพร 64 หมู่ | H159: 309
A160: 158 | B160: 243718 | C160: suckjakkure@hotmail.com | D160: FACEBOOK | F160: EA961908496TH | G160: ธนัญชนก | H160: 330
A161: 159 | B161: 243718 | C161: suckjakkure@hotmail.com | D161: FACEBOOK | F161: EA963094953TH | G161: จิตรา ทองคำ | H161: 310
A162: 160 | B162: 243718 | C162: suckjakkure@hotmail.com | D162: FACEBOOK | F162: EA962926757TH | G162: ต่าย | H162: 250
A163: 161 | B163: 243718 | C163: suckjakkure@hotmail.com | D163: FACEBOOK | F163: EA963095052TH | G163: โสพิณ ทองนวล | H163: 180
A164: 162 | B164: 243719 | C164: suckjakkure@hotmail.com | D164: FACEBOOK | F164: EA964158615TH | G164: กชพรรณ | H164: 330
A165: 163 | B165: 243719 | C165: suckjakkure@hotmail.com | D165: FACEBOOK | F165: EA964158519TH | G165: พิมพ์ | H165: 270
A166: 164 | B166: 243719 | C166: suckjakkure@hotmail.com | D166: FACEBOOK | E166: KTINTER661212c58f34190011ba71ef | F166: TH71115G7KBV5A0 | G166: คุณวานิตย์ ศรียพันธุ์ | H166: 130
A167: 165 | B167: 243719 | C167: suckjakkure@hotmail.com | D167: FACEBOOK | E167: KTINTER6612133210f841001266fac7 | F167: TH03035G7KBU9D | G167: คุณแดง | H167: 225
A168: 166 | B168: 243719 | C168: suckjakkure@hotmail.com | D168: FACEBOOK | E168: KTINTER661217a7cd88d60011d41a9f | F168: TH37025G7KBH5A | G168: สาธินี | H168: 480
A169: 167 | B169: 243720 | C169: suckjakkure@hotmail.com | D169: FACEBOOK | E169: KTINTER66135f5649b88500119be960 | F169: TH29025GBKC14H | G169: จินดา แสงล้ำ | H169: 309
A170: 168 | B170: 243720 | C170: suckjakkure@hotmail.com | D170: FACEBOOK | E170: KTINTER661211a2be822a0013323024 | F170: TH28185G7KC32F | G170: นุชจรี สุขยืน | H170: 370
A171: 169 | B171: 243720 | C171: suckjakkure@hotmail.com | D171: FACEBOOK | E171: KTINTER66135e88944b3900127e7cbb | F171: TH13045GBKC46B | G171: เกสร | H171: 300
A172: 170 | B172: 243720 | C172: suckjakkure@hotmail.com | D172: FACEBOOK | E172: KTINTER6612137239fba8001323db0e | F172: TH47155G7KBU2E | G172: อรพิน ใจจา | H172: 330
A173: 171 | B173: 243720 | C173: suckjakkure@hotmail.com | D173: FACEBOOK | E173: KTINTER66135f7b58dd780011268906 | F173: TH02035GBKC03A2 | G173: ประภา น้อยชม | H173: 309
A174: 172 | B174: 243720 | C174: suckjakkure@hotmail.com | D174: FACEBOOK | E174: KTINTER6613a209b263b80012d44f05 | F174: TH04065GD91B5C0 | G174: เพียรใจ | H174: 320
A175: 173 | B175: 243720 | C175: suckjakkure@hotmail.com | D175: FACEBOOK | E175: KTINTER6610ac1b8f34190011a7cd5b | F175: TH20085G341P0A | G175: กัลยรัตน | H175: 180
A176: 174 | B176: 243720 | C176: suckjakkure@hotmail.com | D176: FACEBOOK | E176: KTINTER6610abdc066f1c00128467f7 | F176: TH01265G341X7A1 | G176: ธภัสลักษณ์ สุวรรณนุรักษ์ | H176: 1530
A177: 175 | B177: 243720 | C177: suckjakkure@hotmail.com | D177: FACEBOOK | E177: KTINTER66135e587b8c3e00127ebb2b | F177: TH13085GBKC61J | G177: กิ๊ก | H177: 309
... A179: 177 | B179: 243720 | C179: suckjakkure@hotmail.com | D179: FACEBOOK | E179: KTINTER66135ff225144e0012054aea | F179: TH37015GBKBW3G | G179: จุฬาลักษณ์ | H179: 309
A180: 178 | B180: 243720 | C180: suckjakkure@hotmail.com | D180: FACEBOOK | F180: EA964158505TH | G180: คุณพุ่ม | H180: 180
A181: 179 | B181: 243720 | C181: suckjakkure@hotmail.com | D181: FACEBOOK | F181: EA964158575TH | G181: สุชาติ | H181: 180
A182: 180 | B182: 243720 | C182: suckjakkure@hotmail.com | D182: FACEBOOK | F182: EA964158567TH | G182: ไพริน | H182: 300
A183: 181 | B183: 243720 | C183: suckjakkure@hotmail.com | D183: FACEBOOK | F183: EA961634678TH | G183: ลัดดาวัลย์ สุขศิริ | H183: 180
A184: 182 | B184: 243721 | C184: suckjakkure@hotmail.com | D184: FACEBOOK | E184: KTINTER6615f21f6b1ba0001220a3ce | F184: TH01095GM0JV0A | G184: กิ่งดาว ชัยคุต | H184: 180
A185: 183 | B185: 243721 | C185: suckjakkure@hotmail.com | D185: FACEBOOK | E185: KTINTER66135fd5944b3900127ea479 | F185: TH01375GBKBY0A | G185: อรสาอรุณไพร | H185: 309
A186: 184 | B186: 243721 | C186: suckjakkure@hotmail.com | D186: FACEBOOK | E186: KTINTER66135f090b027100119813ad | F186: TH24085GBKC33C | G186: พัด | H186: 530
A187: 185 | B187: 243721 | C187: suckjakkure@hotmail.com | D187: FACEBOOK | E187: KTINTER6615f1207049000012053b72 | F187: TH02015GM0JY6C | G187: สมใจ เล็กประเสริฐ | H187: 300
A188: 186 | B188: 243721 | C188: suckjakkure@hotmail.com | D188: FACEBOOK | E188: KTINTER6615f18936b82f00127e7b00 | F188: TH20015GM0JW4I | G188: วันทนาพร แสงแก้ว | H188: 180
A189: 187 | B189: 243721 | C189: suckjakkure@hotmail.com | D189: FACEBOOK | E189: KTINTER661211fb734ee300121dc936 | F189: TH43015G7KC30A | G189: สุบรร น้อยตาแสง | H189: 2130
A190: 188 | B190: 243721 | C190: suckjakkure@hotmail.com | D190: FACEBOOK | E190: KTINTER66135f3569bbc50012d7ffe8 | F190: TH53065GBKC22E | G190: สุทธิพรรณ หมื่นศรี | H190: 867
A191: 189 | B191: 243721 | C191: suckjakkure@hotmail.com | D191: FACEBOOK | E191: KTINTER6615f10c4434970012625a50 | F191: TH27215GM0JZ1C | G191: เหมยเหมย | H191: 130
A192: 190 | B192: 243721 | C192: suckjakkure@hotmail.com | D192: FACEBOOK | E192: KTINTER66135e7325144e00120515da | F192: TH30175GBKC51B | G192: สุวัจนี อินทร์คำ | H192: 300
A193: 191 | B193: 243721 | C193: suckjakkure@hotmail.com | D193: FACEBOOK | E193: KTINTER6615f297de98690012655e64 | F193: TH01435GM0JT3C0 | G193: สุกัญญา วิรัชธรรม | H193: 149
A194: 192 | B194: 243721 | C194: suckjakkure@hotmail.com | D194: FACEBOOK | E194: KTINTER6615f0a4a5a5fa0012595f85 | F194: TH23045GM0K06C | G194: น้ำฝน | H194: 180
A195: 193 | B195: 243721 | C195: suckjakkure@hotmail.com | D195: FACEBOOK | E195: KTINTER661212e0cd88d60011d3b13c | F195: TH65055G7KBV2D | G195: นางอรวรา อิสัน | H195: 300
A196: 194 | B196: 243721 | C196: suckjakkure@hotmail.com | D196: FACEBOOK | F196: EA964158536TH | G196: ครูแอน | H196: 300
A197: 195 | B197: 243721 | C197: suckjakkure@hotmail.com | D197: FACEBOOK | F197: EA964158584TH | G197: นางสาวสุภาพร ทรัพย์กุล | H197: 180
A198: 196 | B198: 243721 | C198: suckjakkure@hotmail.com | D198: FACEBOOK | F198: EA964158465TH | G198: สุภาวดี | H198: 480
A199: 197 | B199: 243721 | C199: suckjakkure@hotmail.com | D199: FACEBOOK | F199: EA964158482TH | G199: วิภารัตน์. ทองสุข | H199: 300
A200: 198 | B200: 243721 | C200: suckjakkure@hotmail.com | D200: FACEBOOK | F200: EA964158496TH | G200: น.ส.สุนิสา ชุมทอง | H200: 130
A201: 199 | B201: 243721 | C201: suckjakkure@hotmail.com | D201: FACEBOOK | F201: EA964158540TH | G201: สุนิตา | H201: 180
A202: 200 | B202: 243721 | C202: suckjakkure@hotmail.com | D202: FACEBOOK | F202: EA964158522TH | G202: น.ส.งามจิต คำลือไชย | H202: 180
A203: 201 | B203: 243721 | C203: suckjakkure@hotmail.com | D203: FACEBOOK | F203: EA962519118TH | G203: สีทอง | H203: 219
A204: 202 | B204: 243721 | C204: suckjakkure@hotmail.com | D204: FACEBOOK | F204: EA964158607TH | G204: จริยา จันทร์พิพัฒน์ | H204: 867
A205: 203 | B205: 243722 | C205: suckjakkure@hotmail.com | D205: FACEBOOK | E205: KTINTER6615f026cdfb3a001205f98c | F205: TH19075GM0K43A0 | G205: เปมิกา | H205: 509
A206: 204 | B206: 243722 | C206: suckjakkure@hotmail.com | D206: FACEBOOK | E206: KTINTER6617467559d6570012ed7867 | F206: TH24015GQYE20M | G206: คุณอรณี | H206: 476
A207: 205 | B207: 243722 | C207: suckjakkure@hotmail.com | D207: FACEBOOK | E207: KTINTER661747319d8d1000120c88f6 | F207: TH62035GQYDY3B | G207: กันต์อภิภู | H207: 300
A208: 206 | B208: 243722 | C208: suckjakkure@hotmail.com | D208: FACEBOOK | E208: KTINTER6615f257ebed91001207c736 | F208: TH15065GM0JU4D | G208: อัญชลี | H208: 300
A209: 207 | B209: 243722 | C209: suckjakkure@hotmail.com | D209: FACEBOOK | E209: KTINTER66174782869c6e00121198d7 | F209: TH13045GQYDW9K | G209: ประกายทิพย์ เรืองระยับ บมจ.ยูนิคแก๊ส | H209: 387
A210: 208 | B210: 243722 | C210: suckjakkure@hotmail.com | D210: FACEBOOK | E210: KTINTER6615f0d1f74a240012ce8504 | F210: TH14105GM0JZ7B | G210: มธานนท์ คงคา | H210: 300
A211: 209 | B211: 243722 | C211: suckjakkure@hotmail.com | D211: FACEBOOK | E211: KTINTER6615f27748560600125978b2 | F211: TH03045GM0JT6F | G211: อรวรรณ คงรอด | H211: 588
...

Sheet Summary เม.ย.
B1: ข้อมูลการเก็บเงินปลายทาง (COD) แบบรวมยอดประจำวัน เดือนเมษายน 2567 | K1: ตรวจในสเตทเม้น
A2: ลำดับ | B2: วันที่ | C2: Email | D2: Tel | E2: Bank Account Number / เลขที่บัญชี | F2: Bank Account Name / ชื่อธนาคาร | G2: Total Order / จำนวนออเดอร์ | H2: COD Amount / ยอดรวม COD | I2: Deduct | J2: Total Amount / ยอดรวม COD | K2: วันที่เงินเข้า | L2: ยอดเข้า | M2: หมายเหตุ
B3: 243709 | C3: suckjakkure@hotmail.com | D3: 0642427575 | E3: 4311469006 | F3: ธนาคารไทยพาณิชย์ (SCB) | G3: 16 | H3: 4534 | I3: 0 | J3: 4534 | K3: 244075 | L3: 4534 | M3: =+L3-J3 -> 0
B4: 243710 | C4: suckjakkure@hotmail.com | D4: 0642427575 | E4: 4311469006 | F4: ธนาคารไทยพาณิชย์ (SCB) | G4: 18 | H4: 4288 | I4: 0 | J4: 4288 | K4: 243710 | L4: 4288 | M4: =+L4-J4 -> 0
B5: 243711 | C5: suckjakkure@hotmail.com | D5: 0642427575 | E5: 4311469006 | F5: ธนาคารไทยพาณิชย์ (SCB) | G5: 25 | H5: 6056 | I5: 0 | J5: 6056 | K5: 243711 | L5: 6056 | M5: =+L5-J5 -> 0
B6: 243712 | C6: suckjakkure@hotmail.com | D6: 0642427575 | E6: 4311469006 | F6: ธนาคารไทยพาณิชย์ (SCB) | G6: 22 | H6: 4987 | I6: 0 | J6: 4987 | K6: 243712 | L6: 4987 | M6: =+L6-J6 -> 0
B7: 243713 | C7: suckjakkure@hotmail.com | D7: 0642427575 | E7: 4311469006 | F7: ธนาคารไทยพาณิชย์ (SCB) | G7: 28 | H7: 7053 | I7: 0 | J7: 7053 | K7: 243713 | L7: 7053 | M7: =+L7-J7 -> 0
B8: 243714 | C8: suckjakkure@hotmail.com | D8: 0642427575 | E8: 4311469006 | F8: ธนาคารไทยพาณิชย์ (SCB) | G8: 10 | H8: 2646 | I8: 0 | J8: 2646 | K8: 243714 | L8: 2646 | M8: =+L8-J8 -> 0
B9: 243715 | C9: suckjakkure@hotmail.com | D9: 0642427575 | E9: 4311469006 | F9: ธนาคารไทยพาณิชย์ (SCB) | G9: 4 | H9: 1139 | I9: 0 | J9: 1139 | K9: 243715 | L9: 1139 | M9: =+L9-J9 -> 0
B10: 243716 | C10: suckjakkure@hotmail.com | D10: 0642427575 | E10: 4311469006 | F10: ธนาคารไทยพาณิชย์ (SCB) | G10: 3 | H10: 1116 | I10: 0 | J10: 1116 | K10: 243716 | L10: 1116 | M10: =+L10-J10 -> 0
B11: 243716 | C11: suckjakkure@hotmail.com | D11: 0642427575 | E11: 4311469006 | F11: ธนาคารไทยพาณิชย์ (SCB) | G11: 1 | H11: 180 | I11: 0 | J11: 180 | K11: 243716 | L11: 180 | M11: =+L11-J11 -> 0
B12: 243717 | C12: suckjakkure@hotmail.com | D12: 0642427575 | E12: 4311469006 | F12: ธนาคารไทยพาณิชย์ (SCB) | G12: 6 | H12: 1558 | I12: 0 | J12: 1558 | K12: 243717 | L12: 1558 | M12: =+L12-J12 -> 0
B13: 243717 | C13: suckjakkure@hotmail.com | D13: 0642427575 | E13: 4311469006 | F13: ธนาคารไทยพาณิชย์ (SCB) | G13: 11 | H13: 3126 | I13: 0 | J13: 3126 | K13: 243717 | L13: 3126 | M13: =+L13-J13 -> 0
B14: 243718 | C14: suckjakkure@hotmail.com | D14: 0642427575 | E14: 4311469006 | F14: ธนาคารไทยพาณิชย์ (SCB) | G14: 10 | H14: 2813 | I14: 0 | J14: 2813 | K14: 243718 | L14: 2813 | M14: =+L14-J14 -> 0
... B22: 243722 | C22: suckjakkure@hotmail.com | D22: 0642427575 | E22: 4311469006 | F22: ธนาคารไทยพาณิชย์ (SCB) | G22: 16 | H22: 5640 | I22: 0 | J22: 5640 | K22: 243691 | L22: 5640 | M22: =+L22-J22 -> 0
B23: 15/042567 | C23: suckjakkure@hotmail.com | D23: 0642427575 | E23: 4311469006 | F23: ธนาคารไทยพาณิชย์ (SCB) | G23: 11 | H23: 4136 | I23: 0 | J23: 4136 | K23: 243723 | L23: 4136 | M23: =+L23-J23 -> 0
B24: 243723 | C24: suckjakkure@hotmail.com | D24: 0642427575 | E24: 4311469006 | F24: ธนาคารไทยพาณิชย์ (SCB) | G24: 2 | H24: 529 | I24: 0 | J24: 529 | K24: 243723 | L24: 529 | M24: =+L24-J24 -> 0
B25: 243724 | C25: suckjakkure@hotmail.com | D25: 0642427575 | E25: 4311469006 | F25: ธนาคารไทยพาณิชย์ (SCB) | G25: 9 | H25: 2764 | I25: 0 | J25: 2764 | K25: 243724 | L25: 2764 | M25: =+L25-J25 -> 0
B26: 243725 | C26: suckjakkure@hotmail.com | D26: 0642427575 | E26: 4311469006 | F26: ธนาคารไทยพาณิชย์ (SCB) | G26: 12 | H26: 3172 | I26: 0 | J26: 3172 | K26: 243725 | L26: 3172 | M26: =+L26-J26 -> 0
B27: 243726 | C27: suckjakkure@hotmail.com | D27: 0642427575 | E27: 4311469006 | F27: ธนาคารไทยพาณิชย์ (SCB) | G27: 9 | H27: 3761 | I27: 0 | J27: 3761 | K27: 243726 | L27: 3761 | M27: =+L27-J27 -> 0
B28: 243727 | C28: suckjakkure@hotmail.com | D28: 0642427575 | E28: 4311469006 | F28: ธนาคารไทยพาณิชย์ (SCB) | G28: 21 | H28: 7847 | I28: 0 | J28: 7847 | K28: 243727 | L28: 7847 | M28: =+L28-J28 -> 0
B29: 243727 | C29: suckjakkure@hotmail.com | D29: 0642427575 | E29: 4311469006 | F29: ธนาคารไทยพาณิชย์ (SCB) | G29: 4 | H29: 750 | I29: 0 | J29: 750 | K29: 243727 | L29: 750 | M29: =+L29-J29 -> 0
B30: 243728 | C30: suckjakkure@hotmail.com | D30: 0642427575 | E30: 4311469006 | F30: ธนาคารไทยพาณิชย์ (SCB) | G30: 24 | H30: 6869 | I30: 0 | J30: 6869 | K30: 243728 | L30: 6869 | M30: =+L30-J30 -> 0
B31: 243728 | C31: suckjakkure@hotmail.com | D31: 0642427575 | E31: 4311469006 | F31: ธนาคารไทยพาณิชย์ (SCB) | G31: 23 | H31: 5006 | I31: 0 | J31: 5006 | K31: 243728 | L31: 5006 | M31: =+L31-J31 -> 0
B32: 243729 | C32: suckjakkure@hotmail.com | D32: 0642427575 | E32: 4311469006 | F32: ธนาคารไทยพาณิชย์ (SCB) | G32: 4 | H32: 1187 | I32: 0 | J32: 1187 | K32: 243729 | L32: 1187 | M32: =+L32-J32 -> 0
B33: 243729 | C33: suckjakkure@hotmail.com | D33: 0642427575 | E33: 4311469006 | F33: ธนาคารไทยพาณิชย์ (SCB) | G33: 7 | H33: 1669 | I33: 0 | J33: 1669 | K33: 243729 | L33: 1669 | M33: =+L33-J33 -> 0
B34: 243730 | C34: suckjakkure@hotmail.com | D34: 0642427575 | E34: 4311469006 | F34: ธนาคารไทยพาณิชย์ (SCB) | G34: 2 | H34: 590 | I34: 0 | J34: 590 | K34: 243730 | L34: 590 | M34: =+L34-J34 -> 0
B35: 243731 | C35: suckjakkure@hotmail.com | D35: 0642427575 | E35: 4311469006 | F35: ธนาคารไทยพาณิชย์ (SCB) | G35: 16 | H35: 4058 | I35: 0 | J35: 4058 | K35: 243731 | L35: 4058 | M35: =+L35-J35 -> 0
... B43: 243738 | C43: suckjakkure@hotmail.com | D43: 0642427575 | E43: 4311469006 | F43: ธนาคารไทยพาณิชย์ (SCB) | G43: 8 | H43: 1850 | I43: 0 | J43: 1850 | K43: 243738 | L43: 1850 | M43: =+L43-J43 -> 0
F44: ยอดรวม | G44: =SUM(G3:G43) -> 470 | H44: =SUM(H3:H43) -> 131334 | I44: =SUM(I3:I43) -> 0 | J44: =SUM(J3:J43) -> 131334 | K44: บาท | L44: =SUM(L3:L43) -> 131334 | M44: บาท

Sheet มี.ค.
A1: ข้อมูลการเก็บเงินปลายทาง (COD) แบบแยกรายละเอียด เดือนมีนาคม 2567
A2: ลำดับ | B2: วันที่ | C2: Email | D2: Facebook Page | E2: Order No. / เลขที่ออเดอร์ | F2: Tracking No. / เลขพัสดุ | G2: recipientName / ชื่อลูกค้า | H2: Amount / ยอด COD
A3: 1 | B3: 243678 | C3: suckjakkure@hotmail.com | D3: FACEBOOK | E3: KTINTER65dbf760266d350019089900 | F3: TH42025AES0H5A | G3: จินตนา | H3: 180
A4: 2 | B4: 243678 | C4: suckjakkure@hotmail.com | D4: FACEBOOK | E4: KTINTER65dc3d751581a5001822f2af | F4: TH01255AGJN45A | G4: สนิท | H4: 180
A5: 3 | B5: 243678 | C5: suckjakkure@hotmail.com | D5: FACEBOOK | E5: KTINTER65dc3e8f3d3a6e0019430aec | F5: TH70015AGJMP2H | G5: สุภาวดี | H5: 180
A6: 4 | B6: 243678 | C6: suckjakkure@hotmail.com | D6: FACEBOOK | E6: KTINTER65dc3e6b03059e0019e0cb8d | F6: TH31175AGJMQ8D | G6: ศรีมาลา โคตะนัน | H6: 180
A7: 5 | B7: 243678 | C7: suckjakkure@hotmail.com | D7: FACEBOOK | E7: KTINTER65daa8fba38d35001ab8cb48 | F7: TH01365AA3Q25A | G7: น.ส หงส์ทอง หล้าน้อย | H7: 535
A8: 6 | B8: 243678 | C8: suckjakkure@hotmail.com | D8: FACEBOOK | E8: KTINTER65dbf65f3360ac0019e5621e | F8: TH27215AES0Q7J | G8: พวงทอง เชื้อสิงห์ | H8: 180
A9: 7 | B9: 243678 | C9: suckjakkure@hotmail.com | D9: FACEBOOK | E9: KTINTER65dc3d8127c31f0019728cb6 | F9: TH42055AGJN36F | G9: ดาริกา | H9: 180
A10: 8 | B10: 243678 | C10: suckjakkure@hotmail.com | D10: FACEBOOK | E10: KTINTER65dbf5f32c6b4c0019ed8853 | F10: TH38015AES0R8P | G10: สุภัสสร | H10: 180
A11: 9 | B11: 243678 | C11: suckjakkure@hotmail.com | D11: FACEBOOK | E11: KTINTER65dbf644b26ff10018e0a84b | F11: TH34025AES0R3D | G11: รังสิทธิ์ | H11: 180
A12: 10 | B12: 243678 | C12: suckjakkure@hotmail.com | D12: FACEBOOK | E12: KTINTER65db036358a18a001973df6d | F12: TH20045ABNB54B3 | G12: วนิดา 3แมนชั่น24 148 หมู่9 | H12: 180
A13: 11 | B13: 243678 | C13: suckjakkure@hotmail.com | D13: FACEBOOK | E13: KTINTER65dc3df4572702001910fbfc | F13: TH54095AGJMV3F | G13: นารีลักษณ์ แก้วศักดิ์ | H13: 310
A14: 12 | B14: 243678 | C14: suckjakkure@hotmail.com | D14: FACEBOOK | E14: KTINTER65dbf7449feb3f0019607b23 | F14: TH67035AES0J3E | G14: วิวัฒน์ สิงห์ฆาฬะ | H14: 180
... A27: 25 | B27: 243678 | C27: suckjakkure@hotmail.com | D27: FACEBOOK | E27: KTINTER65dbf68d348702001974bdba | F27: TH65015AES0P6H0 | G27: วิลาสินี สายนุ้ย | H27: 330
A28: 26 | B28: 243678 | C28: suckjakkure@hotmail.com | D28: FACEBOOK | F28: EA943562802TH | G28: อาชิง | H28: 180
A29: 27 | B29: 243678 | C29: suckjakkure@hotmail.com | D29: FACEBOOK | F29: EA943562626TH | G29: คุณเพ็ญลักษณ์ ศิริโชติวัชระกิจ | H29: 180
A30: 28 | B30: 243678 | C30: suckjakkure@hotmail.com | D30: FACEBOOK | F30: EA943916394TH | G30: สุพร | H30: 180
A31: 29 | B31: 243678 | C31: suckjakkure@hotmail.com | D31: FACEBOOK | F31: EA943562745TH | G31: เปรี้ยว(ร้านปิดวันพุธ) | H31: 180
A32: 30 | B32: 243678 | C32: suckjakkure@hotmail.com | D32: FACEBOOK | F32: EA943916227TH | G32: ไหม บุญวงษ์ | H32: 300
A33: 31 | B33: 243678 | C33: suckjakkure@hotmail.com | D33: FACEBOOK | F33: EA943916275TH | G33: พลอย | H33: 1133
A34: 32 | B34: 243678 | C34: suckjakkure@hotmail.com | D34: FACEBOOK | F34: EA943916261TH | G34: พลอย | H34: 1132
A35: 33 | B35: 243678 | C35: suckjakkure@hotmail.com | D35: FACEBOOK | F35: EA943562731TH | G35: เพชร | H35: 180
A36: 34 | B36: 243678 | C36: suckjakkure@hotmail.com | D36: FACEBOOK | F36: EA943916350TH | G36: จุลจักร แสงโสภี | H36: 180
A37: 35 | B37: 243678 | C37: suckjakkure@hotmail.com | D37: FACEBOOK | F37: EA943916425TH | G37: พิดเพลิน ศรีสระน้อย | H37: 180
A38: 36 | B38: 243678 | C38: suckjakkure@hotmail.com | D38: FACEBOOK | F38: EA943562780TH | G38: เขมมิการ์ ใบศักดิ์ | H38: 180
A39: 37 | B39: 243678 | C39: suckjakkure@hotmail.com | D39: FACEBOOK | F39: EA943916125TH | G39: อิสรีย์ | H39: 558
... A53: 51 | B53: 243678 | C53: suckjakkure@hotmail.com | D53: FACEBOOK | F53: EA941368001TH | G53: โนรอาฟีดา อาแวหรือจิ | H53: 180
A54: 52 | B54: 243679 | C54: suckjakkure@hotmail.com | D54: FACEBOOK | E54: KTINTER65dbf2f4e062930019884265 | F54: TH13055AES146E | G54: อัญชสา. ปาละรัตน์ | H54: 1150
A55: 53 | B55: 243679 | C55: suckjakkure@hotmail.com | D55: FACEBOOK | E55: KTINTER65dc3d8c01d52f00196369e5 | F55: TH34025AGJN25D | G55: นางบุญทิวา สำราญ | H55: 180
A56: 54 | B56: 243679 | C56: suckjakkure@hotmail.com | D56: FACEBOOK | E56: KTINTER65dbf36d02903f0019d38094 | F56: TH63115AES0Z2G | G56: วันนิสา | H56: 130
A57: 55 | B57: 243679 | C57: suckjakkure@hotmail.com | D57: FACEBOOK | E57: KTINTER65dc3db2d35a250019a56db2 | F57: TH13085AGJN04F | G57: สมบูรณ์ | H57: 300
A58: 56 | B58: 243679 | C58: suckjakkure@hotmail.com | D58: FACEBOOK | E58: KTINTER65dbf53a9837c5001933691b | F58: TH31015AES0U9I | G58: ธีระภัต สายชาลี | H58: 180
A59: 57 | B59: 243679 | C59: suckjakkure@hotmail.com | D59: FACEBOOK | E59: KTINTER65dc3e31f9a9c10019e10e12 | F59: TH65035AGJMT2D | G59: นุฉ๊ะ | H59: 369
A60: 58 | B60: 243679 | C60: suckjakkure@hotmail.com | D60: FACEBOOK | F60: EA944198814TH | G60: กัลยา สำเริง | H60: 219
A61: 59 | B61: 243679 | C61: suckjakkure@hotmail.com | D61: FACEBOOK | F61: EA943916315TH | G61: บัญญัติ จัทนโสม | H61: 180
A62: 60 | B62: 243679 | C62: suckjakkure@hotmail.com | D62: FACEBOOK | F62: EA944198788TH | G62: วราพร ใจเพ็ง | H62: 180
A63: 61 | B63: 243679 | C63: suckjakkure@hotmail.com | D63: FACEBOOK | F63: EA943916482TH | G63: คุณสุรัตน์ดา | H63: 180
A64: 62 | B64: 243679 | C64: suckjakkure@hotmail.com | D64: FACEBOOK | F64: EA943916111TH | G64: พลอยชมภู ม่วงหวาน | H64: 100
A65: 63 | B65: 243679 | C65: suckjakkure@hotmail.com | D65: FACEBOOK | F65: EA943916301TH | G65: นัดชา | H65: 180
A66: 64 | B66: 243679 | C66: suckjakkure@hotmail.com | D66: FACEBOOK | F66: EA944198774TH | G66: นิศาชล ก้อนแก้ว | H66: 180
A67: 65 | B67: 243679 | C67: suckjakkure@hotmail.com | D67: FACEBOOK | F67: EA943916329TH | G67: สุมาลี | H67: 180
A68: 66 | B68: 243679 | C68: suckjakkure@hotmail.com | D68: FACEBOOK | F68: EA941738965TH | G68: อัญญ์ชิสา | H68: 180
A69: 67 | B69: 243679 | C69: suckjakkure@hotmail.com | D69: FACEBOOK | F69: EA943916142TH | G69: ลัดดา เที่ยงธรรม | H69: 180
A70: 68 | B70: 243679 | C70: suckjakkure@hotmail.com | D70: FACEBOOK | F70: EA944198743TH | G70: คุณสวาท ศรีอุดร | H70: 180
A71: 69 | B71: 243679 | C71: suckjakkure@hotmail.com | D71: FACEBOOK | F71: EA944198730TH | G71: อีหยั่ง วะ | H71: 180
... A872: 870 | B872: 243708 | C872: suckjakkure@hotmail.com | D872: FACEBOOK | F872: EA960553933TH | G872: ดารุณี | H872: 300
G873: ยอดรวม | H873: =SUM(H3:H872) -> 201150 | I873: บาท

Sheet Summary มี.ค.
B1: ข้อมูลการเก็บเงินปลายทาง (COD) แบบรวมยอดประจำวัน เดือนมีนาคม 2567 | K1: ตรวจในสเตทเม้น
A2: ลำดับ | B2: วันที่ | C2: Email | D2: Tel | E2: Bank Account Number / เลขที่บัญชี | F2: Bank Account Name / ชื่อธนาคาร | G2: Total Order / จำนวนออเดอร์ | H2: COD Amount / ยอดรวม COD | I2: Deduct | J2: Total Amount / ยอดรวม COD | K2: วันที่เงินเข้า | L2: ยอดเข้า | M2: หมายเหตุ
B3: 243678 | C3: suckjakkure@hotmail.com | D3: 0642427575 | E3: 4311469006 | F3: ธนาคารไทยพาณิชย์ (SCB) | G3: 25 | H3: 5860 | I3: 0 | J3: 5860 | K3: 243678 | L3: 5860 | M3: =+J3-L3 -> 0
B4: 243678 | C4: suckjakkure@hotmail.com | D4: 0642427575 | E4: 4311469006 | F4: ธนาคารไทยพาณิชย์ (SCB) | G4: 26 | H4: 7473 | I4: 0 | J4: 7473 | K4: 243678 | L4: 7473 | M4: =+J4-L4 -> 0
B5: 243679 | C5: suckjakkure@hotmail.com | D5: 0642427575 | E5: 4311469006 | F5: ธนาคารไทยพาณิชย์ (SCB) | G5: 6 | H5: 2309 | I5: 0 | J5: 2309 | K5: 243679 | L5: 2309 | M5: =+J5-L5 -> 0
B6: 243679 | C6: suckjakkure@hotmail.com | D6: 0642427575 | E6: 4311469006 | F6: ธนาคารไทยพาณิชย์ (SCB) | G6: 31 | H6: 6017 | I6: 0 | J6: 6017 | K6: 243679 | L6: 6017 | M6: =+J6-L6 -> 0
B7: 243680 | C7: suckjakkure@hotmail.com | D7: 0642427575 | E7: 4311469006 | F7: ธนาคารไทยพาณิชย์ (SCB) | G7: 15 | H7: 2720 | I7: 0 | J7: 2720 | K7: 243680 | L7: 2720 | M7: =+J7-L7 -> 0
B8: 243681 | C8: suckjakkure@hotmail.com | D8: 0642427575 | E8: 4311469006 | F8: ธนาคารไทยพาณิชย์ (SCB) | G8: 13 | H8: 4048 | I8: 0 | J8: 4048 | K8: 243681 | L8: 4048 | M8: =+J8-L8 -> 0
B9: 243682 | C9: suckjakkure@hotmail.com | D9: 0642427575 | E9: 4311469006 | F9: ธนาคารไทยพาณิชย์ (SCB) | G9: 27 | H9: 6868 | I9: 0 | J9: 6868 | K9: 243682 | L9: 6868 | M9: =+J9-L9 -> 0
B10: 243683 | C10: suckjakkure@hotmail.com | D10: 0642427575 | E10: 4311469006 | F10: ธนาคารไทยพาณิชย์ (SCB) | G10: 25 | H10: 5748 | I10: 0 | J10: 5748 | K10: 243683 | L10: 5748 | M10: =+J10-L10 -> 0
B11: 243684 | C11: suckjakkure@hotmail.com | D11: 0642427575 | E11: 4311469006 | F11: ธนาคารไทยพาณิชย์ (SCB) | G11: 27 | H11: 5420 | I11: 0 | J11: 5420 | K11: 243684 | L11: 5420 | M11: =+J11-L11 -> 0
B12: 243685 | C12: suckjakkure@hotmail.com | D12: 0642427575 | E12: 4311469006 | F12: ธนาคารไทยพาณิชย์ (SCB) | G12: 25 | H12: 5645 | I12: 0 | J12: 5645 | K12: 243685 | L12: 5645 | M12: =+J12-L12 -> 0
B13: 243686 | C13: suckjakkure@hotmail.com | D13: 0642427575 | E13: 4311469006 | F13: ธนาคารไทยพาณิชย์ (SCB) | G13: 30 | H13: 5807 | I13: 0 | J13: 5807 | K13: 243686 | L13: 5807 | M13: =+J13-L13 -> 0
B14: 243687 | C14: suckjakkure@hotmail.com | D14: 0642427575 | E14: 4311469006 | F14: ธนาคารไทยพาณิชย์ (SCB) | G14: 17 | H14: 3889 | I14: 0 | J14: 3889 | K14: 243687 | L14: 3889 | M14: =+J14-L14 -> 0
... B28: 243701 | C28: suckjakkure@hotmail.com | D28: 0642427575 | E28: 4311469006 | F28: ธนาคารไทยพาณิชย์ (SCB) | G28: 18 | H28: 4017 | I28: 0 | J28: 4017 | K28: 243701 | L28: 4017 | M28: =+J28-L28 -> 0
B29: 243702 | C29: suckjakkure@hotmail.com | D29: 642427575 | E29: 4311469006 | F29: ธนาคารไทยพาณิชย์ (SCB) | G29: 20 | H29: 4439 | I29: 0 | J29: 4439 | K29: 243702 | L29: 4439 | M29: =+J29-L29 -> 0
B30: 243703 | C30: suckjakkure@hotmail.com | D30: 0642427575 | E30: 4311469006 | F30: ธนาคารไทยพาณิชย์ (SCB) | G30: 32 | H30: 8284 | I30: 0 | J30: 8284 | K30: 243703 | L30: 8284 | M30: =+J30-L30 -> 0
B31: 243704 | C31: suckjakkure@hotmail.com | D31: 0642427575 | E31: 4311469006 | F31: ธนาคารไทยพาณิชย์ (SCB) | G31: 19 | H31: 4075 | I31: 0 | J31: 4075 | K31: 243704 | L31: 4075 | M31: =+J31-L31 -> 0
B32: 243705 | C32: suckjakkure@hotmail.com | D32: 0642427575 | E32: 4311469006 | F32: ธนาคารไทยพาณิชย์ (SCB) | G32: 22 | H32: 4704 | I32: 0 | J32: 4704 | K32: 243705 | L32: 4704 | M32: =+J32-L32 -> 0
B33: 243706 | C33: suckjakkure@hotmail.com | D33: 0642427575 | E33: 4311469006 | F33: ธนาคารไทยพาณิชย์ (SCB) | G33: 32 | H33: 8449 | I33: 0 | J33: 8449 | K33: 243706 | L33: 8449 | M33: =+J33-L33 -> 0
B34: 243707 | C34: suckjakkure@hotmail.com | D34: 0642427575 | E34: 4311469006 | F34: ธนาคารไทยพาณิชย์ (SCB) | G34: 42 | H34: 9067 | I34: 0 | J34: 9067 | K34: 243707 | L34: 9067 | M34: =+J34-L34 -> 0
B35: 243708 | C35: suckjakkure@hotmail.com | D35: 0642427575 | E35: 4311469006 | F35: ธนาคารไทยพาณิชย์ (SCB) | G35: 19 | H35: 4925 | I35: 0 | J35: 4925 | K35: 243708 | L35: 4925 | M35: =+J35-L35 -> 0
F36: ยอดรวม | G36: =SUM(G3:G35) -> 870 | H36: =SUM(H3:H35) -> 201150 | I36: =SUM(I3:I35) -> 0 | J36: =SUM(J3:J35) -> 201150 | K36: บาท | L36: =SUM(L3:L35) -> 201150 | M36: บาท

Sheet ก.พ.
A1: ข้อมูลการเก็บเงินปลายทาง (COD) แบบแยกรายละเอียด เดือนกุมภาพันธ์ 2567
A2: ลำดับ | B2: วันที่ | C2: Email | D2: Facebook Page | E2: Order No. / เลขที่ออเดอร์ | F2: Tracking No. / เลขพัสดุ | G2: recipientName / ชื่อลูกค้า | H2: Amount / ยอด COD
A3: 1 | B3: 243650 | C3: suckjakkure@hotmail.com | D3: FACEBOOK | F3: EA925274668TH | G3: คุณปุญญพัฒน์ ห่วงแก้ว | H3: 230
A4: 2 | B4: 243650 | C4: suckjakkure@hotmail.com | D4: FACEBOOK | F4: EA925529028TH | G4: จุติพร พันทะศรี | H4: 150
A5: 3 | B5: 243650 | C5: suckjakkure@hotmail.com | D5: FACEBOOK | F5: EA926244194TH | G5: ดาณี | H5: 280
A6: 4 | B6: 243650 | C6: suckjakkure@hotmail.com | D6: FACEBOOK | F6: EA924943220TH | G6: เมขลา | H6: 320
A7: 5 | B7: 243650 | C7: suckjakkure@hotmail.com | D7: FACEBOOK | F7: EA925828336TH | G7: ธัญญพัทธ์ ปัญญลิขิตพันธ์ | H7: 920
A8: 6 | B8: 243650 | C8: suckjakkure@hotmail.com | D8: FACEBOOK | F8: EA925828185TH | G8: วิภา บุญมา | H8: 600
A9: 7 | B9: 243650 | C9: suckjakkure@hotmail.com | D9: FACEBOOK | F9: EA925828296TH | G9: จุฑาทิพ ใจการ | H9: 350
A10: 8 | B10: 243650 | C10: suckjakkure@hotmail.com | D10: FACEBOOK | F10: EA926244177TH | G10: สายพิน | H10: 320
A11: 9 | B11: 243650 | C11: suckjakkure@hotmail.com | D11: FACEBOOK | F11: EA925274654TH | G11: สุนันทา | H11: 230
A12: 10 | B12: 243650 | C12: suckjakkure@hotmail.com | D12: FACEBOOK | F12: EA925274711TH | G12: คุณออย | H12: 310
A13: 11 | B13: 243650 | C13: suckjakkure@hotmail.com | D13: FACEBOOK | F13: EA925828163TH | G13: วีรภัทรา | H13: 320
A14: 12 | B14: 243650 | C14: suckjakkure@hotmail.com | D14: FACEBOOK | F14: EA926244092TH | G14: สุกัญญา สิทธิพงษ์ | H14: 1030
... A597: 595 | B597: 243673 | C597: suckjakkure@hotmail.com | D597: FACEBOOK | F597: EA941738427TH | G597: กัล | H597: 180
A598: 596 | B598: 243674 | C598: suckjakkure@hotmail.com | D598: FACEBOOK | E598: KTINTER65d707ff7b8e49001285ed36 | F598: TH01325A09XQ2F | G598: สุวรรณ | H598: 419
A599: 597 | B599: 243674 | C599: suckjakkure@hotmail.com | D599: FACEBOOK | F599: EA942297995TH | G599: ส้มโอ | H599: 180
A600: 598 | B600: 243674 | C600: suckjakkure@hotmail.com | D600: FACEBOOK | F600: EA941738356TH | G600: สายพิน | H600: 180
A601: 599 | B601: 243674 | C601: suckjakkure@hotmail.com | D601: FACEBOOK | F601: EA942297916TH | G601: นันทา | H601: 180
A602: 600 | B602: 243674 | C602: suckjakkure@hotmail.com | D602: FACEBOOK | F602: EA942013322TH | G602: เอกบุรุษ พรมชัย | H602: 530
A603: 601 | B603: 243674 | C603: suckjakkure@hotmail.com | D603: FACEBOOK | F603: EA941186088TH | G603: วรรณา | H603: 450
A604: 602 | B604: 243674 | C604: suckjakkure@hotmail.com | D604: FACEBOOK | F604: EA941183550TH | G604: นารีรัตน์ แสงเสน | H604: 180
A605: 603 | B605: 243674 | C605: suckjakkure@hotmail.com | D605: FACEBOOK | F605: EA941183360TH | G605: รัชนี | H605: 180
A606: 604 | B606: 243674 | C606: suckjakkure@hotmail.com | D606: FACEBOOK | F606: EA942013512TH | G606: ณัฐพล | H606: 180
A607: 605 | B607: 243674 | C607: suckjakkure@hotmail.com | D607: FACEBOOK | F607: EA941367955TH | G607: ธนวัฒน์ ทองคำ | H607: 330
A608: 606 | B608: 243674 | C608: suckjakkure@hotmail.com | D608: FACEBOOK | F608: EA942013778TH | G608: น้ำฝน สีสันงาม The scenery city hotel pattaya | H608: 180
A609: 607 | B609: 243674 | C609: suckjakkure@hotmail.com | D609: FACEBOOK | F609: EA941183395TH | G609: หญิง หญิง | H609: 180
A610: 608 | B610: 243674 | C610: suckjakkure@hotmail.com | D610: FACEBOOK | F610: EA941183254TH | G610: วรันยา คงธนาวัฒน์ | H610: 180
... A669: 667 | B669: 243675 | C669: suckjakkure@hotmail.com | D669: FACEBOOK | F669: EA941739042TH | G669: พิมพ์พิชชา | H669: 180
A670: 668 | B670: 243676 | C670: suckjakkure@hotmail.com | D670: FACEBOOK | E670: KTINTER65d968a1e66557001913e4c7 | F670: TH04025A71MS3E | G670: คุณกรกนก | H670: 180
A671: 669 | B671: 243676 | C671: suckjakkure@hotmail.com | D671: FACEBOOK | E671: KTINTER65d96b3ae6c7120019a8a213 | F671: TH01495A71MM8H | G671: เยาวนุช | H671: 180
A672: 670 | B672: 243676 | C672: suckjakkure@hotmail.com | D672: FACEBOOK | E672: KTINTER65d96b034b04e500190d2b62 | F672: TH01135A71MN2E | G672: อรรถพล ศรีวิไล | H672: 180
A673: 671 | B673: 243676 | C673: suckjakkure@hotmail.com | D673: FACEBOOK | E673: KTINTER65d96ae34b04e500190d28fe | F673: TH27085A71MN6B | G673: ณัฐการณ์ ชื่นโคกกรวด | H673: 180
A674: 672 | B674: 243676 | C674: suckjakkure@hotmail.com | D674: FACEBOOK | E674: KTINTER65d96f6991bcd200192b99dd | F674: TH17025A730F1K | G674: พรรณี | H674: 180
A675: 673 | B675: 243676 | C675: suckjakkure@hotmail.com | D675: FACEBOOK | E675: KTINTER65d96a86b4a96300196f6f43 | F675: TH01105A71MQ5B | G675: จริยา เอมคุ้ม สินธุไชย | H675: 180
A676: 674 | B676: 243676 | C676: suckjakkure@hotmail.com | D676: FACEBOOK | E676: KTINTER65d96bcd5c40b20019f88ace | F676: TH01175A71MG8B1 | G676: สุคนรัตน์ | H676: 180
A677: 675 | B677: 243676 | C677: suckjakkure@hotmail.com | D677: FACEBOOK | E677: KTINTER65d96c2f16a6420019babafd | F677: TH56015A71M79F | G677: กรสิริ รุ่งเจิดฟ้า | H677: 180
A678: 676 | B678: 243676 | C678: suckjakkure@hotmail.com | D678: FACEBOOK | E678: KTINTER65d96c435223750019846b0c | F678: TH01495A71M69A | G678: ลีน่า | H678: 180
A679: 677 | B679: 243676 | C679: suckjakkure@hotmail.com | D679: FACEBOOK | E679: KTINTER65d968b394fc8c0019fcbf1b | F679: TH01145A71MR7E | G679: คุณเอ้ | H679: 180
A680: 678 | B680: 243676 | C680: suckjakkure@hotmail.com | D680: FACEBOOK | E680: KTINTER65d96c39b4a96300196f8941 | F680: TH27215A71M72L | G680: เตือน พรมรัตน์ | H680: 180
A681: 679 | B681: 243676 | C681: suckjakkure@hotmail.com | D681: FACEBOOK | E681: KTINTER65d96a9f4b04e500190d2580 | F681: TH07045A71MP9N | G681: หนึ่งฤทัย สายวารี | H681: 180
... A683: 681 | B683: 243676 | C683: suckjakkure@hotmail.com | D683: FACEBOOK | E683: KTINTER65d96b6894fc8c0019fce729 | F683: TH41065A71MK0H | G683: ประภา แก้วกันยา | H683: 180
A684: 682 | B684: 243677 | C684: suckjakkure@hotmail.com | D684: FACEBOOK | F684: EA942013557TH | G684: รุ่งนภา | H684: 180
A685: 683 | B685: 243677 | C685: suckjakkure@hotmail.com | D685: FACEBOOK | F685: EA942013455TH | G685: จูน จูน | H685: 180
A686: 684 | B686: 243677 | C686: suckjakkure@hotmail.com | D686: FACEBOOK | F686: EA941183197TH | G686: เกษณ/นุสนันท์ | H686: 180
A687: 685 | B687: 243677 | C687: suckjakkure@hotmail.com | D687: FACEBOOK | F687: EA942013605TH | G687: พรสุภา ประชา | H687: 180
A688: 686 | B688: 243677 | C688: suckjakkure@hotmail.com | D688: FACEBOOK | F688: EA942013954TH | G688: สุกัญญา อุไรโรจน์ | H688: 418
A689: 687 | B689: 243677 | C689: suckjakkure@hotmail.com | D689: FACEBOOK | F689: EA941738444TH | G689: เกียรติศักดิ์ | H689: 180
A690: 688 | B690: 243677 | C690: suckjakkure@hotmail.com | D690: FACEBOOK | F690: EA941368063TH | G690: ธนัฏฐา ขนานใต้ | H690: 180
A691: 689 | B691: 243677 | C691: suckjakkure@hotmail.com | D691: FACEBOOK | F691: EA941738930TH | G691: ส่งพี่เฮี้ยง | H691: 180
A692: 690 | B692: 243677 | C692: suckjakkure@hotmail.com | D692: FACEBOOK | F692: EA941183532TH | G692: บุญเรียม จันทร์แสง | H692: 180
A693: 691 | B693: 243677 | C693: suckjakkure@hotmail.com | D693: FACEBOOK | F693: EA941738665TH | G693: จรรยพร ร่วมเกิด | H693: 180
A694: 692 | B694: 243677 | C694: suckjakkure@hotmail.com | D694: FACEBOOK | F694: EA941367916TH | G694: กฤษณา สูงนนท์ | H694: 180
A695: 693 | B695: 243677 | C695: suckjakkure@hotmail.com | D695: FACEBOOK | F695: EA941183342TH | G695: ปรียา | H695: 280
... A726: 724 | B726: 243677 | C726: suckjakkure@hotmail.com | D726: FACEBOOK | F726: EA942297955TH | G726: ปัทมา หนูแจ | H726: 180
A727: 725 | B727: 243677 | C727: suckjakkure@hotmail.com | D727: FACEBOOK | E727: KTINTER65daaa3c26756000195f458b | F727: TH05075AA3PW3L | G727: นภณัฐ สุดใจ | H727: 180
A728: 726 | B728: 243677 | C728: suckjakkure@hotmail.com | D728: FACEBOOK | E728: KTINTER65daab04720d8c00191cb1de | F728: TH20065AA3PS3B | G728: ดวงใจ | H728: 180
A729: 727 | B729: 243677 | C729: suckjakkure@hotmail.com | D729: FACEBOOK | E729: KTINTER65d96c1a6893fe0019bf5845 | F729: TH20025A71M89E | G729: ประนอม.หัตถบรูณ์ | H729: 180
A730: 728 | B730: 243677 | C730: suckjakkure@hotmail.com | D730: FACEBOOK | E730: KTINTER65daaaae9d8e5500199f749b | F730: TH02015AA3PT7L | G730: อ้อย | H730: 180
A731: 729 | B731: 243677 | C731: suckjakkure@hotmail.com | D731: FACEBOOK | E731: KTINTER65daa9827d5ba60019f7f928 | F731: TH26065AA3Q01M | G731: สุพรรณี จันทร์บาง | H731: 330
A732: 730 | B732: 243677 | C732: suckjakkure@hotmail.com | D732: FACEBOOK | E732: KTINTER65d9b24299567100194991ff | F732: TH01125A8BQ85B1 | G732: อชิ | H732: 220
A733: 731 | B733: 243677 | C733: suckjakkure@hotmail.com | D733: FACEBOOK | E733: KTINTER65d96b4617b9250019b9d109 | F733: TH53065A71MK8I | G733: ศกุลรัตน์ ศรีสนิท | H733: 180
A734: 732 | B734: 243677 | C734: suckjakkure@hotmail.com | D734: FACEBOOK | E734: KTINTER65d96bef16a6420019bab759 | F734: TH01175A71MF4B2 | G734: ปิยะพร | H734: 219
A735: 733 | B735: 243677 | C735: suckjakkure@hotmail.com | D735: FACEBOOK | E735: KTINTER65daaa0cd1af090019ad520b | F735: TH03065AA3PX8A | G735: Aoy Pakked วาสนา พ่วงพลับ | H735: 180
A736: 734 | B736: 243677 | C736: suckjakkure@hotmail.com | D736: FACEBOOK | E736: KTINTER65d96ab301f9e10019c66b87 | F736: TH44015A71MP5I | G736: อรศิริ ศรีคำมูล Facebook | H736: 330
A737: 735 | B737: 243677 | C737: suckjakkure@hotmail.com | D737: FACEBOOK | E737: KTINTER65daa94a3ef3480019433bf1 | F737: TH20045AA3Q11B0 | G737: กชนุช | H737: 265
A738: 736 | B738: 243677 | C738: suckjakkure@hotmail.com | D738: FACEBOOK | E738: KTINTER65daab2458b47d0018de8389 | F738: TH20045AA3PR2E | G738: Sarocha Yuenyao | H738: 180
... A754: 752 | B754: 243677 | C754: suckjakkure@hotmail.com | D754: FACEBOOK | E754: KTINTER65d968c25c40b20019f85751 | F754: TH70055A71MR4A | G754: อั๋น หน่วยกู้ภัยละแม | H754: 180
A755: 753 | B755: 243678 | C755: suckjakkure@hotmail.com | D755: FACEBOOK | F755: EA942013526TH | G755: นัยนาแงวกุดเรือ | H755: 90
A756: 754 | B756: 243679 | C756: suckjakkure@hotmail.com | D756: FACEBOOK | F756: EA942538841TH | G756: อ้อน | H756: 230
A757: 755 | B757: 243680 | C757: suckjakkure@hotmail.com | D757: FACEBOOK | F757: EA942538909TH | G757: ทักษิณ ตันเจริญ | H757: 180
A758: 756 | B758: 243681 | C758: suckjakkure@hotmail.com | D758: FACEBOOK | F758: EA941186105TH | G758: ปราณี | H758: 180
A759: 757 | B759: 243682 | C759: suckjakkure@hotmail.com | D759: FACEBOOK | F759: EA942538991TH | G759: เปิ้ล | H759: 180
A760: 758 | B760: 243683 | C760: suckjakkure@hotmail.com | D760: FACEBOOK | F760: EA942539039TH | G760: โกสิทธิ์ | H760: 180
A761: 759 | B761: 243684 | C761: suckjakkure@hotmail.com | D761: FACEBOOK | F761: EA941738912TH | G761: น.ส.กัลยาณี ลาภา | H761: 180
A762: 760 | B762: 243685 | C762: suckjakkure@hotmail.com | D762: FACEBOOK | F762: EA942013486TH | G762: อทิตยา | H762: 330
A763: 761 | B763: 243686 | C763: suckjakkure@hotmail.com | D763: FACEBOOK | F763: EA942298125TH | G763: กาญจนา แก้วโลก | H763: 510
A764: 762 | B764: 243687 | C764: suckjakkure@hotmail.com | D764: FACEBOOK | F764: EA941738532TH | G764: กชพร | H764: 180
A765: 763 | B765: 243688 | C765: suckjakkure@hotmail.com | D765: FACEBOOK | F765: EA942013923TH | G765: นวนละออง พลสมัคร | H765: 219
A766: 764 | B766: 243689 | C766: suckjakkure@hotmail.com | D766: FACEBOOK | F766: EA941183356TH | G766: นสนิติญา | H766: 180
... A780: 778 | B780: 243703 | C780: suckjakkure@hotmail.com | D780: FACEBOOK | F780: EA942538988TH | G780: เจะอานีซะห์ สาและ | H780: 180
A781: 779 | B781: 29/02/2567 | C781: suckjakkure@hotmail.com | D781: FACEBOOK | E781: KTINTER65dbf30ef1b43c001985ffbe | F781: TH02065AES142C | G781: อารียา จันทร์ลี | H781: 280
A782: 780 | B782: 29/02/2567 | C782: suckjakkure@hotmail.com | D782: FACEBOOK | E782: KTINTER65dbf33cc2442c0019c38e68 | F782: TH20075AES135C1 | G782: วรพักตร์ อุบล | H782: 239
A783: 781 | B783: 29/02/2567 | C783: suckjakkure@hotmail.com | D783: FACEBOOK | E783: KTINTER65dbf50c9feb3f0019605257 | F783: TH16035AES0V8J | G783: ส่งผอ.ณัฐกฤตา บุตรแพ | H783: 270
A784: 782 | B784: 29/02/2567 | C784: suckjakkure@hotmail.com | D784: FACEBOOK | E784: KTINTER65dbf35855d3dd0019e66cf2 | F784: TH20075AES128B0 | G784: ณัฐฐา | H784: 160
A785: 783 | B785: 29/02/2567 | C785: suckjakkure@hotmail.com | D785: FACEBOOK | E785: KTINTER65dc3d67c40cb40019af8166 | F785: TH03065AGJN58K | G785: สุพัตรา | H785: 180
A786: 784 | B786: 243677 | C786: suckjakkure@hotmail.com | D786: FACEBOOK | E786: KTINTER65dc3e18ee1d06001934e513 | F786: TH13045AGJMU2K | G786: ประกายทิพย์ เรืองระยับ บมจ.ยูนิคแก๊ส | H786: 170
A787: 785 | B787: 29/02/2567 | C787: suckjakkure@hotmail.com | D787: FACEBOOK | E787: KTINTER65dc3e5dee1d06001934e7bf | F787: TH20045AGJMR3B3 | G787: ชื่อ ชื่อปาริชาติ ทิพย์เนตร | H787: 180
A788: 786 | B788: 29/02/2567 | C788: suckjakkure@hotmail.com | D788: FACEBOOK | E788: KTINTER65daaa305aa16a0019727339 | F788: TH44015AA3PW9A1 | G788: โสมสุภา หดราช เลขที่ | H788: 180
A789: 787 | B789: 29/02/2567 | C789: suckjakkure@hotmail.com | D789: FACEBOOK | E789: KTINTER65dc3d27fc691200196e5709 | F789: TH03045AGJN69D | G789: นัทธมน | H789: 265
A790: 788 | B790: 29/02/2567 | C790: suckjakkure@hotmail.com | D790: FACEBOOK | E790: KTINTER65dbf638089461001953438d | F790: TH27125AES0R5B | G790: นางสาวณาตยา รักษาบุญ | H790: 180
A791: 789 | B791: 29/02/2567 | C791: suckjakkure@hotmail.com | D791: FACEBOOK | E791: KTINTER65dbf3e3d3c1c40019eccfc2 | F791: TH61055AES0X5G | G791: กรรณิกา กลิ่นถือศิล | H791: 180
A792: 790 | B792: 29/02/2567 | C792: suckjakkure@hotmail.com | D792: FACEBOOK | E792: KTINTER65dbf76da4ffe800189b2e27 | F792: TH27205AES0G9H | G792: ทิวาพร | H792: 180
A793: 791 | B793: 29/02/2567 | C793: suckjakkure@hotmail.com | D793: FACEBOOK | E793: KTINTER65d96af4824e9100196c6736 | F793: TH49015A71MN4M | G793: จันทร์จุรี อุตะมะ | H793: 180
A794: 792 | B794: 29/02/2567 | C794: suckjakkure@hotmail.com | D794: FACEBOOK | E794: KTINTER65dc3e7bee1d06001934eb5e | F794: TH01435AGJMQ0B | G794: สุรินทร์ แอบเสมา เอส แอล | H794: 330
A795: 793 | B795: 29/02/2567 | C795: suckjakkure@hotmail.com | D795: FACEBOOK | E795: KTINTER65dbf585276bf60019e769fe | F795: TH02015AES0T1B1 | G795: นฤทธิ์ษา | H795: 180
A796: 794 | B796: 29/02/2567 | C796: suckjakkure@hotmail.com | D796: FACEBOOK | E796: KTINTER65dbf54a266d350019087334 | F796: TH21065AES0U3E1 | G796: น.ส.ชุติมา | H796: 180
A797: 795 | B797: 29/02/2567 | C797: suckjakkure@hotmail.com | D797: FACEBOOK | E797: KTINTER65daaad533b2a00019d858d5 | F797: TH13105AA3PS6B | G797: วาสนา | H797: 180
A798: 796 | B798: 29/02/2567 | C798: suckjakkure@hotmail.com | D798: FACEBOOK | E798: KTINTER65dbf6a7f4c434001946e5d2 | F798: TH01175AES0N7B0 | G798: ธัญ ลี เลขที่ | H798: 219
... A819: 817 | B819: 29/02/2567 | C819: suckjakkure@hotmail.com | D819: FACEBOOK | E819: KTINTER65daaa1d983ba8001969f897 | F819: TH68105AA3PX2D | G819: นารีรัตน์ แสงเสน | H819: 330
...

Sheet Summary ก.พ.
B1: ข้อมูลการเก็บเงินปลายทาง (COD) แบบรวมยอดประจำวัน เดือนกุมภาพันธ์ 2567 | K1: ตรวจในสเตทเม้น
A2: ลำดับ | B2: วันที่ | C2: Email | D2: Tel | E2: Bank Account Number / เลขที่บัญชี | F2: Bank Account Name / ชื่อธนาคาร | G2: Total Order / จำนวนออเดอร์ | H2: COD Amount / ยอดรวม COD | I2: Deduct | J2: Total Amount / ยอดรวม COD | K2: วันที่เงินเข้า | L2: ยอดเข้า | M2: หมายเหตุ
B3: 243650 | C3: suckjakkure@hotmail.com | D3: 0642427575 | E3: 4311469006 | F3: ธนาคารไทยพาณิชย์ (SCB) | G3: 27 | H3: 11891 | I3: 0 | J3: 11891 | K3: 243650 | L3: 11891 | M3: =+J3-L3 -> 0
B4: 243651 | C4: suckjakkure@hotmail.com | D4: 0642427575 | E4: 4311469006 | F4: ธนาคารไทยพาณิชย์ (SCB) | G4: 24 | H4: 11483 | I4: 0 | J4: 11483 | K4: 243651 | L4: 11483 | M4: =+J4-L4 -> 0
B5: 243652 | C5: suckjakkure@hotmail.com | D5: 0642427575 | E5: 4311469006 | F5: ธนาคารไทยพาณิชย์ (SCB) | G5: 27 | H5: 12873 | I5: 0 | J5: 12873 | K5: 243652 | L5: 12873 | M5: =+J5-L5 -> 0
B6: 243653 | C6: suckjakkure@hotmail.com | D6: 0642427575 | E6: 4311469006 | F6: ธนาคารไทยพาณิชย์ (SCB) | G6: 11 | H6: 4786 | I6: 0 | J6: 4786 | K6: 243653 | L6: 4786 | M6: =+J6-L6 -> 0
B7: 243654 | C7: suckjakkure@hotmail.com | D7: 0642427575 | E7: 4311469006 | F7: ธนาคารไทยพาณิชย์ (SCB) | G7: 13 | H7: 7644 | I7: 0 | J7: 7644 | K7: 243654 | L7: 7644 | M7: =+J7-L7 -> 0
B8: 243655 | C8: suckjakkure@hotmail.com | D8: 0642427575 | E8: 4311469006 | F8: ธนาคารไทยพาณิชย์ (SCB) | G8: 24 | H8: 11430 | I8: 0 | J8: 11430 | K8: 243655 | L8: 11430 | M8: =+J8-L8 -> 0
B9: 243656 | C9: suckjakkure@hotmail.com | D9: 0642427575 | E9: 4311469006 | F9: ธนาคารไทยพาณิชย์ (SCB) | G9: 27 | H9: 14866 | I9: 0 | J9: 14866 | K9: 243656 | L9: 14866 | M9: =+J9-L9 -> 0
B10: 243657 | C10: suckjakkure@hotmail.com | D10: 0642427575 | E10: 4311469006 | F10: ธนาคารไทยพาณิชย์ (SCB) | G10: 15 | H10: 5043 | I10: 0 | J10: 5043 | K10: 243657 | L10: 5043 | M10: =+J10-L10 -> 0
B11: 243658 | C11: suckjakkure@hotmail.com | D11: 0642427575 | E11: 4311469006 | F11: ธนาคารไทยพาณิชย์ (SCB) | G11: 28 | H11: 13877 | I11: 0 | J11: 13877 | K11: 243658 | L11: 13877 | M11: =+J11-L11 -> 0
B12: 243659 | C12: suckjakkure@hotmail.com | D12: 0642427575 | E12: 4311469006 | F12: ธนาคารไทยพาณิชย์ (SCB) | G12: 23 | H12: 8716 | I12: 0 | J12: 8716 | K12: 243659 | L12: 8716 | M12: =+J12-L12 -> 0
B13: 243660 | C13: suckjakkure@hotmail.com | D13: 0642427575 | E13: 4311469006 | F13: ธนาคารไทยพาณิชย์ (SCB) | G13: 13 | H13: 4253 | I13: 0 | J13: 4253 | K13: 243660 | L13: 4253 | M13: =+J13-L13 -> 0
B14: 243661 | C14: suckjakkure@hotmail.com | D14: 0642427575 | E14: 4311469006 | F14: ธนาคารไทยพาณิชย์ (SCB) | G14: 25 | H14: 11178 | I14: 0 | J14: 11178 | K14: 243661 | L14: 11178 | M14: =+J14-L14 -> 0
... B33: 243677 | C33: suckjakkure@hotmail.com | D33: 0642427575 | E33: 4311469006 | F33: ธนาคารไทยพาณิชย์ (SCB) | G33: 26 | H33: 6149 | I33: 0 | J33: 6149 | K33: 243677 | L33: 6149 | M33: =+J33-L33 -> 0
B34: 29/02/2567 | C34: suckjakkure@hotmail.com | D34: 0642427575 | E34: 4311469006 | F34: ธนาคารไทยพาณิชย์ (SCB) | G34: 39 | H34: 9607 | I34: 0 | J34: 9607 | K34: 29/02/2567 | L34: 9607 | M34: =+J34-L34 -> 0
B35: 29/02/2567 | C35: suckjakkure@hotmail.com | D35: 0642427575 | E35: 4311469006 | F35: ธนาคารไทยพาณิชย์ (SCB) | G35: 10 | H35: 1959 | I35: 0 | J35: 1959 | K35: 29/02/2567 | L35: 1959 | M35: =+J35-L35 -> 0
F36: ยอดรวม | G36: =SUM(G3:G35) -> 827 | H36: =SUM(H3:H35) -> 274032 | I36: =SUM(I3:I35) -> 0 | J36: =SUM(J3:J35) -> 274032 | K36: บาท | L36: =SUM(L3:L35) -> 274032 | M36: บาท

Sheet ม.ค.
A1: ข้อมูลการเก็บเงินปลายทาง (COD) แบบแยกรายละเอียด เดือนมกราคม 2567
A2: ลำดับ | B2: วันที่ | C2: Email | D2: Facebook Page | E2: Order No. / เลขที่ออเดอร์ | F2: Tracking No. / เลขพัสดุ | G2: recipientName / ชื่อลูกค้า | H2: Amount / ยอด COD
A3: 1 | B3: 243619 | C3: suckjakkure@hotmail.com | D3: FACEBOOK | E3: KTINTER658e687269ea3500193308c3 | F3: TH150152AN9F8G | G3: ฐิตาภรณ์ | H3: 920
A4: 2 | B4: 243619 | C4: suckjakkure@hotmail.com | D4: FACEBOOK | E4: KTINTER658d1982e6c505001917b6aa | F4: TH03045278YC8G | G4: ภาวิณี ปิ่นทอง | H4: 470
A5: 3 | B5: 243619 | C5: suckjakkure@hotmail.com | D5: FACEBOOK | E5: KTINTER658bae7c973b6a00195a5543 | F5: TH472152318Q5B | G5: ร้านสายใจค้าข้าว | H5: 470
A6: 4 | B6: 243619 | C6: suckjakkure@hotmail.com | D6: FACEBOOK | E6: KTINTER658bc11048fd1000194c02ec | F6: TH372052318C1E | G6: เสาวลักษณ์ หมวดพิมาย | H6: 180
A7: 5 | B7: 243619 | C7: suckjakkure@hotmail.com | D7: FACEBOOK | E7: KTINTER658e4786e7d6d400198fc28b | F7: TH051352A3FD9A | G7: ศศิกาญจน์ กลีบรัง | H7: 530
A8: 6 | B8: 243619 | C8: suckjakkure@hotmail.com | D8: FACEBOOK | E8: KTINTER658d1dc651e01f00190ed387 | F8: TH03045278XM8H0 | G8: คุณวาสนา พระวิวงค์ | H8: 280
A9: 7 | B9: 243619 | C9: suckjakkure@hotmail.com | D9: FACEBOOK | E9: KTINTER658d2171d171640019a8d9d1 | F9: TH02055278WX7D | G9: ปวีณา | H9: 230
A10: 8 | B10: 243619 | C10: suckjakkure@hotmail.com | D10: FACEBOOK | E10: KTINTER658d17949838140019e0ec86 | F10: TH03065278YR9C1 | G10: ร้านป้าน้อย(น้าตา) | H10: 470
A11: 9 | B11: 243619 | C11: suckjakkure@hotmail.com | D11: FACEBOOK | E11: KTINTER658d18c169ea35001931eadb | F11: TH47215278YH7D | G11: ประภาศิริ | H11: 220
A12: 10 | B12: 243619 | C12: suckjakkure@hotmail.com | D12: FACEBOOK | E12: KTINTER658d1a87174f7700192016cf | F12: TH17025278Y78A | G12: ลอาภาพร | H12: 330
A13: 11 | B13: 243619 | C13: suckjakkure@hotmail.com | D13: FACEBOOK | E13: KTINTER658d18861ce7ab0019d26c85 | F13: TH22025278YK6G | G13: นุชนาถ คชรังค์ | H13: 180
A14: 12 | B14: 243619 | C14: suckjakkure@hotmail.com | D14: FACEBOOK | E14: KTINTER658bae4bddaaa90019dcc888 | F14: TH470952318S3H | G14: วีระหลังแก้ว | H14: 520
... A82: 80 | B82: 243619 | C82: suckjakkure@hotmail.com | D82: FACEBOOK | E82: KTINTER658aa6838c16bd00196b1ed9 | F82: TH381351ZRD11B | G82: ศศิธร ชัยสวัสดิ์ | H82: 180
A83: 81 | B83: 243619 | C83: suckjakkure@hotmail.com | D83: FACEBOOK | F83: EA912204031TH | G83: นายตปธน ชูกลิ่น | H83: 180
A84: 82 | B84: 243620 | C84: suckjakkure@hotmail.com | D84: FACEBOOK | E84: KTINTER658e495d5e2c7500199ffaa2 | F84: TH030252A3F94I | G84: อุบล. บัวเหม | H84: 820
A85: 83 | B85: 243620 | C85: suckjakkure@hotmail.com | D85: FACEBOOK | E85: KTINTER658d192ad4daef00195d076e | F85: TH68065278YE7A | G85: สุณีย์. ชมภูพล | H85: 345
A86: 84 | B86: 243620 | C86: suckjakkure@hotmail.com | D86: FACEBOOK | E86: KTINTER658e4943e7d6d400198fc42d | F86: TH060152A3F96E | G86: สมใจ | H86: 876
A87: 85 | B87: 243620 | C87: suckjakkure@hotmail.com | D87: FACEBOOK | E87: KTINTER658e3cbdd4daef00195dc385 | F87: TH014952A3HN4G | G87: ชลธิชา เจริญการ | H87: 830
A88: 86 | B88: 243620 | C88: suckjakkure@hotmail.com | D88: FACEBOOK | E88: KTINTER658aaae4909fbb001924ead0 | F88: TH420351ZRCC6A | G88: ณัฐกานต์ | H88: 268
A89: 87 | B89: 243620 | C89: suckjakkure@hotmail.com | D89: FACEBOOK | E89: KTINTER658d173d909fbb001926dd03 | F89: TH27215278YT4A | G89: นางคำพันธ์ | H89: 220
A90: 88 | B90: 243620 | C90: suckjakkure@hotmail.com | D90: FACEBOOK | E90: KTINTER658e4a1ea509ee0019dd4aee | F90: TH100252A3F26C | G90: ชนภา สิงขรอาจ | H90: 619
A91: 89 | B91: 243620 | C91: suckjakkure@hotmail.com | D91: FACEBOOK | E91: KTINTER658d17d366b814001a50cdc5 | F91: TH60065278YQ6J | G91: วัชรี | H91: 330
A92: 90 | B92: 243620 | C92: suckjakkure@hotmail.com | D92: FACEBOOK | E92: KTINTER658d1bab6f836200190e4241 | F92: TH75015278Y22A | G92: สุมาลี มีศรีสวัสดิ์ | H92: 419
A93: 91 | B93: 243620 | C93: suckjakkure@hotmail.com | D93: FACEBOOK | E93: KTINTER658e3abfda28e00012b543ea | F93: TH020352A3HX4D0 | G93: นันท์นภัส | H93: 480
A94: 92 | B94: 243620 | C94: suckjakkure@hotmail.com | D94: FACEBOOK | E94: KTINTER658d1c5151e01f00190ed04a | F94: TH56035278XY3J | G94: พีรยา บาริศรี | H94: 470
A95: 93 | B95: 243620 | C95: suckjakkure@hotmail.com | D95: FACEBOOK | E95: KTINTER658e45f99838140019e1d69b | F95: TH310152A3FZ6A1 | G95: ประหยัด สำเภานนท์ | H95: 610
... A200: 198 | B200: 243621 | C200: suckjakkure@hotmail.com | D200: FACEBOOK | E200: KTINTER658e4919ebf1980019adfb74 | F200: TH441552A3FA1A | G200: พิเชต--คำโสมศรี | H200: 180
A201: 199 | B201: 243621 | C201: suckjakkure@hotmail.com | D201: FACEBOOK | F201: EA911718636TH | G201: สมศรี | H201: 580
A202: 200 | B202: 243621 | C202: suckjakkure@hotmail.com | D202: FACEBOOK | F202: EA911218343TH | G202: ลีลา | H202: 2885
A203: 201 | B203: 243621 | C203: suckjakkure@hotmail.com | D203: FACEBOOK | F203: EA911415105TH | G203: คุณตุ๋ย | H203: 869
A204: 202 | B204: 243621 | C204: suckjakkure@hotmail.com | D204: FACEBOOK | F204: EA912203875TH | G204: คุณติ๋ม | H204: 280
A205: 203 | B205: 243621 | C205: suckjakkure@hotmail.com | D205: FACEBOOK | F205: EA912214175TH | G205: ตี๋ | H205: 310
A206: 204 | B206: 243621 | C206: suckjakkure@hotmail.com | D206: FACEBOOK | F206: EA911218290TH | G206: คุณศศิภรัชย์ | H206: 619
A207: 205 | B207: 243621 | C207: suckjakkure@hotmail.com | D207: FACEBOOK | F207: EA911962361TH | G207: อภินัน | H207: 728
A208: 206 | B208: 243621 | C208: suckjakkure@hotmail.com | D208: FACEBOOK | F208: EA911742493TH | G208: คุณสุทธาทิพย์ ชาญวิทยา | H208: 560
A209: 207 | B209: 243621 | C209: suckjakkure@hotmail.com | D209: FACEBOOK | F209: EA912204102TH | G209: อริยา | H209: 180
A210: 208 | B210: 243621 | C210: suckjakkure@hotmail.com | D210: FACEBOOK | F210: EA912203827TH | G210: นางสาวปัทมา เหล็กผา | H210: 2010
A211: 209 | B211: 243621 | C211: suckjakkure@hotmail.com | D211: FACEBOOK | F211: EA912203844TH | G211: ถาวร โพธิ์ซ้อนหิน | H211: 280
A212: 210 | B212: 243621 | C212: suckjakkure@hotmail.com | D212: FACEBOOK | F212: EA912203889TH | G212: ปราณี | H212: 220
... A235: 233 | B235: 243621 | C235: suckjakkure@hotmail.com | D235: FACEBOOK | F235: EA910979079TH | G235: เรวดี | H235: 1080
A236: 234 | B236: 243622 | C236: suckjakkure@hotmail.com | D236: FACEBOOK | E236: KTINTER659150d12fdf3c0019a49884 | F236: TH070452FMEF9G | G236: วาสนา | H236: 180
A237: 235 | B237: 243622 | C237: suckjakkure@hotmail.com | D237: FACEBOOK | E237: KTINTER658e454c5e2c7500199ff3c9 | F237: TH610452A3G66A | G237: สุวัณณ์ นวลทิม | H237: 470
A238: 236 | B238: 243622 | C238: suckjakkure@hotmail.com | D238: FACEBOOK | E238: KTINTER658fb285c291f80019bfbe76 | F238: TH010352DE486C1 | G238: สุขใจ | H238: 470
A239: 237 | B239: 243622 | C239: suckjakkure@hotmail.com | D239: FACEBOOK | E239: KTINTER65914fba909fbb0019297312 | F239: TH070152FMEG8O | G239: นภสรโพธิ์ทอง | H239: 180
A240: 238 | B240: 243622 | C240: suckjakkure@hotmail.com | D240: FACEBOOK | E240: KTINTER659150bac423ca0019a9a266 | F240: TH200752FMEG0A | G240: รัชนี | H240: 220
A241: 239 | B241: 243622 | C241: suckjakkure@hotmail.com | D241: FACEBOOK | E241: KTINTER658fb85c39698600196f432b | F241: TH080152DE3N5A | G241: ขวัญใจ | H241: 520
A242: 240 | B242: 243622 | C242: suckjakkure@hotmail.com | D242: FACEBOOK | E242: KTINTER65914ffa875fc60019700293 | F242: TH281852FMEG7E | G242: ภาวี_บุญเต็ม_ | H242: 220
A243: 241 | B243: 243622 | C243: suckjakkure@hotmail.com | D243: FACEBOOK | E243: KTINTER658cd3261bf0260012195c86 | F243: TH6304525FWA8C | G243: นพรัตน์ บุญยืน นพรัตน์ | H243: 729
A244: 242 | B244: 243622 | C244: suckjakkure@hotmail.com | D244: FACEBOOK | E244: KTINTER658fb870c7fcbb00191c5ca1 | F244: TH011852DE3N2B0 | G244: บุปผา | H244: 280
A245: 243 | B245: 243622 | C245: suckjakkure@hotmail.com | D245: FACEBOOK | E245: KTINTER658fb7c2ce4f0900190d48d3 | F245: TH260852DE3R2D | G245: อัษฎาวุธ ดีลัน | H245: 280
A246: 244 | B246: 243622 | C246: suckjakkure@hotmail.com | D246: FACEBOOK | E246: KTINTER658fb75f838fc30019928858 | F246: TH130452DE3S2N | G246: ณัฐธกานต์ รภัสพิมลสกุล | H246: 530
A247: 245 | B247: 243622 | C247: suckjakkure@hotmail.com | D247: FACEBOOK | E247: KTINTER658fb46d972bc90019c7d0fb | F247: TH090452DE434A | G247: จิราภัทร์ เกิดศักดิ์ | H247: 310
... A303: 301 | B303: 243622 | C303: suckjakkure@hotmail.com | D303: FACEBOOK | E303: KTINTER658d1d600ae59e0019da7460 | F303: TH27205278XQ5I | G303: นริศรา กันจันทึก | H303: 280
A304: 302 | B304: 243622 | C304: suckjakkure@hotmail.com | D304: FACEBOOK | F304: EA912214325TH | G304: ร้านอั่งเปาออโต้ | H304: 820
A305: 303 | B305: 243622 | C305: suckjakkure@hotmail.com | D305: FACEBOOK | F305: EA911255156TH | G305: แววตา สีสันต์ | H305: 180
A306: 304 | B306: 243622 | C306: suckjakkure@hotmail.com | D306: FACEBOOK | F306: EA912203985TH | G306: เดือน ทองเชื้อ | H306: 180
A307: 305 | B307: 243622 | C307: suckjakkure@hotmail.com | D307: FACEBOOK | F307: EA911962335TH | G307: สุนัน ยอดขาย | H307: 728
A308: 306 | B308: 243622 | C308: suckjakkure@hotmail.com | D308: FACEBOOK | F308: EA911718653TH | G308: ม.อาลีฟ อาแว | H308: 180
A309: 307 | B309: 243623 | C309: suckjakkure@hotmail.com | D309: FACEBOOK | E309: KTINTER659245f1b084ed0019bfe29d | F309: TH030352GSTW2E | G309: บุญสวรรค์ | H309: 310
A310: 308 | B310: 243623 | C310: suckjakkure@hotmail.com | D310: FACEBOOK | E310: KTINTER658fb24ec423ca0019a8d795 | F310: TH300152DE492P | G310: คุณสุชีวรรณ พงศานิตย์ | H310: 830
A311: 309 | B311: 243623 | C311: suckjakkure@hotmail.com | D311: FACEBOOK | E311: KTINTER6592464d0ae59e0019dd864e | F311: TH200152GSTV8L | G311: กัญญพัชร | H311: 180
A312: 310 | B312: 243623 | C312: suckjakkure@hotmail.com | D312: FACEBOOK | E312: KTINTER6592565a66ac0b00198c95dc | F312: TH040552GSTV1G | G312: คุณมณี | H312: 280
A313: 311 | B313: 243623 | C313: suckjakkure@hotmail.com | D313: FACEBOOK | E313: KTINTER659149c6838fc30019934fbb | F313: TH561152FMEN8A | G313: ยุพา เกษรเกิด | H313: 220
A314: 312 | B314: 243623 | C314: suckjakkure@hotmail.com | D314: FACEBOOK | E314: KTINTER65914d7e3838720019938589 | F314: TH160252FMEK2H | G314: อารียอดอารัญ | H314: 380
A315: 313 | B315: 243623 | C315: suckjakkure@hotmail.com | D315: FACEBOOK | E315: KTINTER658fb371e063450019b89c6f | F315: TH430352DE440D | G315: โกวิทย์ | H315: 470
A316: 314 | B316: 243623 | C316: suckjakkure@hotmail.com | D316: FACEBOOK | E316: KTINTER659148a4972bc90019c889d3 | F316: TH490152FMEP7P | G316: ณหทัย คนอ้น หมู่บ้านสันติธรรม เลขที่ | H316: 430
A317: 315 | B317: 243623 | C317: suckjakkure@hotmail.com | D317: FACEBOOK | E317: KTINTER658fa36bc4197c0019ea7592 | F317: TH011252DE4B3B0 | G317: ทิวาวรรณ อินรัตน์ | H317: 180
A318: 316 | B318: 243623 | C318: suckjakkure@hotmail.com | D318: FACEBOOK | E318: KTINTER65924350d495f10019c3b545 | F318: TH272152GSU13C | G318: เบญจทิพย์ ปลั่งสูงเนิน | H318: 480
A319: 317 | B319: 243623 | C319: suckjakkure@hotmail.com | D319: FACEBOOK | E319: KTINTER658fb74bc4197c0019ea8704 | F319: TH681852DE3S4A | G319: ปิยนุช อุ่นยวง | H319: 280
A320: 318 | B320: 243623 | C320: suckjakkure@hotmail.com | D320: FACEBOOK | E320: KTINTER6592460232e1f10019d5cc7d | F320: TH120152GSTW0U | G320: เกียรติ เกิดมนต์ | H320: 310
... A408: 406 | B408: 243623 | C408: suckjakkure@hotmail.com | D408: FACEBOOK | E408: KTINTER659241c10bc2330019af2254 | F408: TH240452GSU61A | G408: ปนัดดา อำไพเจริญ | H408: 310
A409: 407 | B409: 243623 | C409: suckjakkure@hotmail.com | D409: FACEBOOK | F409: EA913526205TH | G409: วันดีตัณฑเทพ | H409: 180
A410: 408 | B410: 243623 | C410: suckjakkure@hotmail.com | D410: FACEBOOK | F410: EA913525939TH | G410: นิ่มนภา,,อินทพาน | H410: 220
A411: 409 | B411: 243623 | C411: suckjakkure@hotmail.com | D411: FACEBOOK | F411: EA913598777TH | G411: อัคริศ จงอยู่สุข | H411: 620
A412: 410 | B412: 243623 | C412: suckjakkure@hotmail.com | D412: FACEBOOK | F412: EA913598794TH | G412: อัคริศ จงอยู่สุข | H412: 620
A413: 411 | B413: 243623 | C413: suckjakkure@hotmail.com | D413: FACEBOOK | F413: EA913525562TH | G413: นวรัตน์ | H413: 420
A414: 412 | B414: 243623 | C414: suckjakkure@hotmail.com | D414: FACEBOOK | F414: EA913526259TH | G414: ผู้กองยอดรัก | H414: 280
A415: 413 | B415: 243623 | C415: suckjakkure@hotmail.com | D415: FACEBOOK | F415: EA913526086TH | G415: ศิริประภา อนุสนธิ์ | H415: 140
A416: 414 | B416: 243623 | C416: suckjakkure@hotmail.com | D416: FACEBOOK | F416: EA913794785TH | G416: รังสิวุฒิ ทองงาม | H416: 595
A417: 415 | B417: 243623 | C417: suckjakkure@hotmail.com | D417: FACEBOOK | F417: EA913525752TH | G417: บุษรา ช้างทองแดง | H417: 220
A418: 416 | B418: 243623 | C418: suckjakkure@hotmail.com | D418: FACEBOOK | F418: EA913526007TH | G418: คุณพัชรีพร | H418: 820
A419: 417 | B419: 243623 | C419: suckjakkure@hotmail.com | D419: FACEBOOK | F419: EA913525655TH | G419: น้ำอ้อย | H419: 180
A420: 418 | B420: 243623 | C420: suckjakkure@hotmail.com | D420: FACEBOOK | F420: EA913525871TH | G420: บังอรปกป้อง | H420: 830
... A426: 424 | B426: 243623 | C426: suckjakkure@hotmail.com | D426: FACEBOOK | F426: EA912214060TH | G426: แก้มแสงวิวัฒน์ | H426: 219
A427: 425 | B427: 243624 | C427: suckjakkure@hotmail.com | D427: FACEBOOK | E427: KTINTER659259cb409fa9001ac6d7ab | F427: TH360652GSTQ4E | G427: อู่สิน ทาญาติยนต์(หมูน้อย) | H427: 180
A428: 426 | B428: 243624 | C428: suckjakkure@hotmail.com | D428: FACEBOOK | E428: KTINTER658fa32bce4f0900190d35ba | F428: TH700552DE4B5C | G428: นางไพรัช ทองศิริ | H428: 1150
A429: 427 | B429: 243624 | C429: suckjakkure@hotmail.com | D429: FACEBOOK | E429: KTINTER658fb52edec24c001909e2ea | F429: TH550152DE400A | G429: กรรลิกา | H429: 820
A430: 428 | B430: 243624 | C430: suckjakkure@hotmail.com | D430: FACEBOOK | E430: KTINTER6592451ad495f10019c3b645 | F430: TH011052GSTX2B | G430: กลาย คลองจริง | H430: 140
A431: 429 | B431: 243624 | C431: suckjakkure@hotmail.com | D431: FACEBOOK | E431: KTINTER6591494342e4eb0019a6a9bb | F431: TH680352FMEP3D | G431: อรอุมา สุดใจใหม่ | H431: 280
A432: 430 | B432: 243624 | C432: suckjakkure@hotmail.com | D432: FACEBOOK | E432: KTINTER659258d4e8b50d0019819b0b | F432: TH490352GSTT4F | G432: น.ส.สิริยากร บุญเกิด | H432: 530
A433: 431 | B433: 243624 | C433: suckjakkure@hotmail.com | D433: FACEBOOK | E433: KTINTER65924285c7fcbb00191d672b | F433: TH301652GSU38B | G433: สุเมท | H433: 220
A434: 432 | B434: 243624 | C434: suckjakkure@hotmail.com | D434: FACEBOOK | E434: KTINTER65924501e8b50d0019818ea3 | F434: TH470152GSTX4E | G434: กัลยาณี เตะ๊ปานันท์ | H434: 180
A435: 433 | B435: 243624 | C435: suckjakkure@hotmail.com | D435: FACEBOOK | E435: KTINTER658fb8d38f191000193c0272 | F435: TH430152DE3K4A | G435: เกศกานดา เพชรสุริยา | H435: 730
A436: 434 | B436: 243624 | C436: suckjakkure@hotmail.com | D436: FACEBOOK | E436: KTINTER65914e56c7fcbb00191d26b4 | F436: TH360352FMEJ3H | G436: มณธณา | H436: 280
A437: 435 | B437: 243624 | C437: suckjakkure@hotmail.com | D437: FACEBOOK | E437: KTINTER659241efd495f10019c3b41f | F437: TH680152GSU55C | G437: อมรรัตน์ บุญช่วย | H437: 310
A438: 436 | B438: 243624 | C438: suckjakkure@hotmail.com | D438: FACEBOOK | E438: KTINTER659243a7bb1c780019bb2922 | F438: TH020252GSU02E | G438: จิตราวดี | H438: 180
... A472: 470 | B472: 243624 | C472: suckjakkure@hotmail.com | D472: FACEBOOK | E472: KTINTER65914887972bc90019c889ce | F472: TH050752FMEP8A | G472: ปวีณา | H472: 180
A473: 471 | B473: 243624 | C473: suckjakkure@hotmail.com | D473: FACEBOOK | F473: EA910634492TH | G473: K.ศิริพร | H473: 219
...

Sheet Summary ม.ค.
B1: ข้อมูลการเก็บเงินปลายทาง (COD) แบบรวมยอดประจำวัน เดือนมกราคม 2567 | K1: ตรวจในสเตทเม้น
A2: ลำดับ | B2: วันที่ | C2: Email | D2: Tel | E2: Bank Account Number / เลขที่บัญชี | F2: Bank Account Name / ชื่อธนาคาร | G2: Total Order / จำนวนออเดอร์ | H2: COD Amount / ยอดรวม COD | I2: Deduct | J2: Total Amount / ยอดรวม COD | K2: วันที่เงินเข้า | L2: ยอดเข้า | M2: หมายเหตุ
B3: 243619 | C3: suckjakkure@hotmail.com | D3: 0642427575 | E3: 4311469006 | F3: ธนาคารไทยพาณิชย์ (SCB) | G3: 80 | H3: 38044 | I3: 0 | J3: 38044 | K3: 243619 | L3: 38044 | M3: =+J3-L3 -> 0
B4: 243619 | C4: suckjakkure@hotmail.com | D4: 0642427575 | E4: 4311469006 | F4: ธนาคารไทยพาณิชย์ (SCB) | G4: 1 | H4: 180 | I4: 0 | J4: 180 | K4: 243619 | L4: 180 | M4: =+J4-L4 -> 0
B5: 243620 | C5: suckjakkure@hotmail.com | D5: 0642427575 | E5: 4311469006 | F5: ธนาคารไทยพาณิชย์ (SCB) | G5: 70 | H5: 36560 | I5: 0 | J5: 36560 | K5: 243620 | L5: 36560 | M5: =+J5-L5 -> 0
B6: 243621 | C6: suckjakkure@hotmail.com | D6: 0642427575 | E6: 4311469006 | F6: ธนาคารไทยพาณิชย์ (SCB) | G6: 47 | H6: 26979 | I6: 0 | J6: 26979 | K6: 243621 | L6: 26979 | M6: =+J6-L6 -> 0
B7: 243621 | C7: suckjakkure@hotmail.com | D7: 0642427575 | E7: 4311469006 | F7: ธนาคารไทยพาณิชย์ (SCB) | G7: 35 | H7: 19146 | I7: 0 | J7: 19146 | K7: 243621 | L7: 19146 | M7: =+J7-L7 -> 0
B8: 243622 | C8: suckjakkure@hotmail.com | D8: 0642427575 | E8: 4311469006 | F8: ธนาคารไทยพาณิชย์ (SCB) | G8: 68 | H8: 29537 | I8: 0 | J8: 29537 | K8: 243622 | L8: 29537 | M8: =+J8-L8 -> 0
B9: 243622 | C9: suckjakkure@hotmail.com | D9: 0642427575 | E9: 4311469006 | F9: ธนาคารไทยพาณิชย์ (SCB) | G9: 5 | H9: 2088 | I9: 0 | J9: 2088 | K9: 243622 | L9: 2088 | M9: =+J9-L9 -> 0
B10: 243623 | C10: suckjakkure@hotmail.com | D10: 0642427575 | E10: 4311469006 | F10: ธนาคารไทยพาณิชย์ (SCB) | G10: 100 | H10: 40547 | I10: 0 | J10: 40547 | K10: 243623 | L10: 40547 | M10: =+J10-L10 -> 0
B11: 243623 | C11: suckjakkure@hotmail.com | D11: 0642427575 | E11: 4311469006 | F11: ธนาคารไทยพาณิชย์ (SCB) | G11: 18 | H11: 6774 | I11: 0 | J11: 6774 | K11: 243623 | L11: 6774 | M11: =+J11-L11 -> 0
B12: 243624 | C12: suckjakkure@hotmail.com | D12: 0642427575 | E12: 4311469006 | F12: ธนาคารไทยพาณิชย์ (SCB) | G12: 46 | H12: 18616 | I12: 0 | J12: 18616 | K12: 243624 | L12: 18616 | M12: =+J12-L12 -> 0
B13: 243624 | C13: suckjakkure@hotmail.com | D13: 0642427575 | E13: 4311469006 | F13: ธนาคารไทยพาณิชย์ (SCB) | G13: 61 | H13: 24701 | I13: 0 | J13: 24701 | K13: 243624 | L13: 24701 | M13: =+J13-L13 -> 0
B14: 243625 | C14: suckjakkure@hotmail.com | D14: 0642427575 | E14: 4311469006 | F14: ธนาคารไทยพาณิชย์ (SCB) | G14: 6 | H14: 2474 | I14: 0 | J14: 2474 | K14: 243625 | L14: 2474 | M14: =+J14-L14 -> 0
... B41: 243649 | C41: suckjakkure@hotmail.com | D41: 0642427575 | E41: 4311469006 | F41: ธนาคารไทยพาณิชย์ (SCB) | G41: 22 | H41: 8190 | I41: 0 | J41: 8190 | K41: 243649 | L41: 8190 | M41: =+J41-L41 -> 0
F42: ยอดรวม | G42: =SUM(G3:G41) -> 1173 | H42: =SUM(H3:H41) -> 499912 | I42: =SUM(I3:I41) -> 0 | J42: =SUM(J3:J41) -> 499912 | K42: บาท | L42: =SUM(L3:L41) -> 499912 | M42: บาท
