Workbook

Sheet Month
A1: ลำดับ | B1: ทีมโทร | C1: บูธ | D1: online | E1: Modern Trade | F1: รหัส | G1: ชื่อสินค้า | H1: ลูกค้า | I1: ขนาดบรรจุ | N1: week 1 (วันที่ 1-7 มี.ค. 2569)
I2: จำนวน(ชิ้น) | J2: หน่วย(กล่อง) | K2: วัน | N2: วันอาทิตย์ | R2: ยอดจริง | X2: วันจันทร์ | AB2: ยอดจริง | AH2: วันอังคาร | AL2: ยอดจริง | AR2: วันพุธ | AV2: ยอดจริง | BB2: วันพฤหัสบดี | BF2: ยอดจริง | BL2: วันศุกร์ | BP2: ยอดจริง | BV2: เสาร์ | BZ2: ยอดจริง
K3: วันที่ | N3: 4 | X3: 5 | AH3: 6 | AR3: 7 | BB3: 8 | BL3: 9 | BV3: 10
K4: ติดป้าย Amezon | L4: ไม่ติดป้าย Amezon | M4: Non Logo | N4: ติดป้าย Amezon | O4: ไม่ติดป้าย Amezon | P4: Non Logo | Q4: รวม | R4: ติดป้าย Amezon | S4: ไม่ติดป้าย Amezon | T4: Non Logo | U4: ติดป้าย Amezon | V4: ไม่ติดป้าย Amezon | W4: Non Logo | X4: ติดป้าย Amezon | Y4: ไม่ติดป้าย Amezon | Z4: Non Logo | AA4: รวม | AB4: ติดป้าย Amezon | AC4: ไม่ติดป้าย Amezon | AD4: Non Logo | AE4: ติดป้าย Amezon | AF4: ไม่ติดป้าย Amezon | AG4: Non Logo | AH4: ติดป้าย Amezon | AI4: ไม่ติดป้าย Amezon | AJ4: Non Logo | AK4: รวม | AL4: ติดป้าย Amezon | AM4: ไม่ติดป้าย Amezon | AN4: Non Logo | AO4: ติดป้าย Amezon | AP4: ไม่ติดป้าย Amezon | AQ4: Non Logo | AR4: ติดป้าย Amezon | AS4: ไม่ติดป้าย Amezon | AT4: Non Logo | AU4: รวม | AV4: ติดป้าย Amezon | AW4: ไม่ติดป้าย Amezon | AX4: Non Logo | AY4: ติดป้าย Amezon | AZ4: ไม่ติดป้าย Amezon | BA4: Non Logo | BB4: ติดป้าย Amezon | BC4: ไม่ติดป้าย Amezon | BD4: Non Logo | BE4: รวม | BF4: ติดป้าย Amezon | BG4: ไม่ติดป้าย Amezon | BH4: Non Logo | BI4: ติดป้าย Amezon | BJ4: ไม่ติดป้าย Amezon | BK4: Non Logo | BL4: ติดป้าย Amezon | BM4: ไม่ติดป้าย Amezon | BN4: Non Logo | BO4: รวม | BP4: ติดป้าย Amezon | BQ4: ไม่ติดป้าย Amezon | BR4: Non Logo | BS4: ติดป้าย Amezon | BT4: ไม่ติดป้าย Amezon | BU4: Non Logo | BV4: ติดป้าย Amezon | BW4: ไม่ติดป้าย Amezon | BX4: Non Logo | BY4: รวม | BZ4: ติดป้าย Amezon | CA4: ไม่ติดป้าย Amezon | CB4: Non Logo | CC4: ติดป้าย Amezon | CD4: ไม่ติดป้าย Amezon | CE4: Non Logo
A5: 1 | F5: 1113036 | G5: ช็อกบอล | H5: Aeon | K5: =SUM(N5,X5,AH5,AR5,BB5,BL5,BV5) -> 0 | L5: =SUM(O5,Y5,AI5,AS5,BC5,BM5,BW5) -> 0 | O5: 0 | Q5: =SUM(N5:P5) -> 0 | R5: =SUMIF('ยอดจริง Week 1'!A:A,'Week 1'!F5,'ยอดจริง Week 1'!C:C) -> 0 | S5: =SUMIF('ยอดจริง Week 1'!A:A,'Week 1'!F5,'ยอดจริง Week 1'!D:D) -> 0 | T5: =SUMIF('ยอดจริง Week 1'!A:A,'Week 1'!F5,'ยอดจริง Week 1'!E:E) -> 0 | U5: =N5-R5 -> 0 | V5: =O5-S5 -> 0 | W5: =P5-T5 -> 0 | Y5: 0 | AA5: =SUM(X5:Z5) -> 0 | AB5: =SUMIF('ยอดจริง Week 1'!H:H,'Week 1'!F5,'ยอดจริง Week 1'!J:J) -> 0 | AC5: =SUMIF('ยอดจริง Week 1'!H:H,'Week 1'!F5,'ยอดจริง Week 1'!K:K) -> 0 | AD5: =SUMIF('ยอดจริง Week 1'!H:H,'Week 1'!F5,'ยอดจริง Week 1'!L:L) -> 0 | AE5: =X5-AB5 -> 0 | AF5: =Y5-AC5 -> 0 | AG5: =Z5-AD5 -> 0 | AI5: 0 | AK5: =SUM(AH5:AJ5) -> 0 | AL5: =SUMIF('ยอดจริง Week 1'!O:O,'Week 1'!F5,'ยอดจริง Week 1'!Q:Q) -> 0 | AM5: =SUMIF('ยอดจริง Week 1'!O:O,'Week 1'!F5,'ยอดจริง Week 1'!R:R) -> 0 | AN5: =SUMIF('ยอดจริง Week 1'!O:O,'Week 1'!F5,'ยอดจริง Week 1'!S:S) -> 0 | AO5: =AH5-AL5 -> 0 | AP5: =AI5-AM5 -> 0 | AQ5: =AJ5-AN5 -> 0 | AS5: 0 | AU5: =SUM(AR5:AT5) -> 0 | AV5: =SUMIF('ยอดจริง Week 1'!V:V,'Week 1'!F5,'ยอดจริง Week 1'!X:X) -> 0 | AW5: =SUMIF('ยอดจริง Week 1'!V:V,'Week 1'!F5,'ยอดจริง Week 1'!Y:Y) -> 0 | AX5: =SUMIF('ยอดจริง Week 1'!V:V,'Week 1'!F5,'ยอดจริง Week 1'!Z:Z) -> 0 | AY5: =AR5-AV5 -> 0 | AZ5: =AS5-AW5 -> 0 | BA5: =AT5-AX5 -> 0 | BE5: =SUM(BB5:BD5) -> 0 | BF5: =SUMIF('ยอดจริง Week 1'!AC:AC,'Week 1'!F5,'ยอดจริง Week 1'!AE:AE) -> 0 | BG5: =SUMIF('ยอดจริง Week 1'!AC:AC,'Week 1'!F5,'ยอดจริง Week 1'!AF:AF) -> 0 | BH5: =SUMIF('ยอดจริง Week 1'!AC:AC,'Week 1'!F5,'ยอดจริง Week 1'!AG:AG) -> 0 | BI5: =BB5-BF5 -> 0 | BJ5: =BC5-BG5 -> 0 | BK5: =BD5-BH5 -> 0 | BO5: =SUM(BL5:BN5) -> 0 | BP5: =SUMIF('ยอดจริง Week 1'!AJ:AJ,'Week 1'!F5,'ยอดจริง Week 1'!AL:AL) -> 0 | BQ5: =SUMIF('ยอดจริง Week 1'!AJ:AJ,'Week 1'!F5,'ยอดจริง Week 1'!AM:AM) -> 0 | BR5: =SUMIF('ยอดจริง Week 1'!AJ:AJ,'Week 1'!F5,'ยอดจริง Week 1'!AN:AN) -> 0 | BS5: =BL5-BP5 -> 0 | BT5: =BM5-BQ5 -> 0 | BU5: =BN5-BR5 -> 0 | BY5: =SUM(BV5:BX5) -> 0 | BZ5: =SUMIF('ยอดจริง Week 1'!AQ:AQ,'Week 1'!F5,'ยอดจริง Week 1'!AS:AS) -> 0 | CA5: =SUMIF('ยอดจริง Week 1'!AQ:AQ,'Week 1'!F5,'ยอดจริง Week 1'!AT:AT) -> 0 | CB5: =SUMIF('ยอดจริง Week 1'!AQ:AQ,'Week 1'!F5,'ยอดจริง Week 1'!AU:AU) -> 0 | CC5: =BV5-BZ5 -> 0 | CD5: =BW5-CA5 -> 0 | CE5: =BX5-CB5 -> 0
A6: 2 | F6: 1111001 | G6: ชิฟฟ่อนเค้ก (1 ชิ้น) | H6: Aeon | K6: =SUM(N6,X6,AH6,AR6,BB6,BL6,BV6) -> 0 | L6: =SUM(O6,Y6,AI6,AS6,BC6,BM6,BW6) -> 0 | Q6: =SUM(N6:P6) -> 0 | R6: =SUMIF('ยอดจริง Week 1'!A:A,'Week 1'!F6,'ยอดจริง Week 1'!C:C) -> 0 | S6: =SUMIF('ยอดจริง Week 1'!A:A,'Week 1'!F6,'ยอดจริง Week 1'!D:D) -> 0 | T6: =SUMIF('ยอดจริง Week 1'!A:A,'Week 1'!F6,'ยอดจริง Week 1'!E:E) -> 0 | U6: =N6-R6 -> 0 | V6: =O6-S6 -> 0 | W6: =P6-T6 -> 0 | Y6: 0 | AA6: =SUM(X6:Z6) -> 0 | AB6: =SUMIF('ยอดจริง Week 1'!H:H,'Week 1'!F6,'ยอดจริง Week 1'!J:J) -> 0 | AC6: =SUMIF('ยอดจริง Week 1'!H:H,'Week 1'!F6,'ยอดจริง Week 1'!K:K) -> 0 | AD6: =SUMIF('ยอดจริง Week 1'!H:H,'Week 1'!F6,'ยอดจริง Week 1'!L:L) -> 0 | AE6: =X6-AB6 -> 0 | AF6: =Y6-AC6 -> 0 | AG6: =Z6-AD6 -> 0 | AI6: 0 | AK6: =SUM(AH6:AJ6) -> 0 | AL6: =SUMIF('ยอดจริง Week 1'!O:O,'Week 1'!F6,'ยอดจริง Week 1'!Q:Q) -> 0 | AM6: =SUMIF('ยอดจริง Week 1'!O:O,'Week 1'!F6,'ยอดจริง Week 1'!R:R) -> 0 | AN6: =SUMIF('ยอดจริง Week 1'!O:O,'Week 1'!F6,'ยอดจริง Week 1'!S:S) -> 0 | AO6: =AH6-AL6 -> 0 | AP6: =AI6-AM6 -> 0 | AQ6: =AJ6-AN6 -> 0 | AS6: 0 | AU6: =SUM(AR6:AT6) -> 0 | AV6: =SUMIF('ยอดจริง Week 1'!V:V,'Week 1'!F6,'ยอดจริง Week 1'!X:X) -> 0 | AW6: =SUMIF('ยอดจริง Week 1'!V:V,'Week 1'!F6,'ยอดจริง Week 1'!Y:Y) -> 0 | AX6: =SUMIF('ยอดจริง Week 1'!V:V,'Week 1'!F6,'ยอดจริง Week 1'!Z:Z) -> 0 | AY6: =AR6-AV6 -> 0 | AZ6: =AS6-AW6 -> 0 | BA6: =AT6-AX6 -> 0 | BE6: =SUM(BB6:BD6) -> 0 | BF6: =SUMIF('ยอดจริง Week 1'!AC:AC,'Week 1'!F6,'ยอดจริง Week 1'!AE:AE) -> 0 | BG6: =SUMIF('ยอดจริง Week 1'!AC:AC,'Week 1'!F6,'ยอดจริง Week 1'!AF:AF) -> 0 | BH6: =SUMIF('ยอดจริง Week 1'!AC:AC,'Week 1'!F6,'ยอดจริง Week 1'!AG:AG) -> 0 | BI6: =BB6-BF6 -> 0 | BJ6: =BC6-BG6 -> 0 | BK6: =BD6-BH6 -> 0 | BO6: =SUM(BL6:BN6) -> 0 | BP6: =SUMIF('ยอดจริง Week 1'!AJ:AJ,'Week 1'!F6,'ยอดจริง Week 1'!AL:AL) -> 0 | BQ6: =SUMIF('ยอดจริง Week 1'!AJ:AJ,'Week 1'!F6,'ยอดจริง Week 1'!AM:AM) -> 0 | BR6: =SUMIF('ยอดจริง Week 1'!AJ:AJ,'Week 1'!F6,'ยอดจริง Week 1'!AN:AN) -> 0 | BS6: =BL6-BP6 -> 0 | BT6: =BM6-BQ6 -> 0 | BU6: =BN6-BR6 -> 0 | BY6: =SUM(BV6:BX6) -> 0 | BZ6: =SUMIF('ยอดจริง Week 1'!AQ:AQ,'Week 1'!F6,'ยอดจริง Week 1'!AS:AS) -> 0 | CA6: =SUMIF('ยอดจริง Week 1'!AQ:AQ,'Week 1'!F6,'ยอดจริง Week 1'!AT:AT) -> 0 | CB6: =SUMIF('ยอดจริง Week 1'!AQ:AQ,'Week 1'!F6,'ยอดจริง Week 1'!AU:AU) -> 0 | CC6: =BV6-BZ6 -> 0 | CD6: =BW6-CA6 -> 0 | CE6: =BX6-CB6 -> 0
A7: 3 | F7: 1004055 | G7: ชิฟฟ่อนเค้ก วรรณวนัช (รวมรส 4 ชิ้น) | K7: =SUM(N7,X7,AH7,AR7,BB7,BL7,BV7) -> 0 | L7: =SUM(O7,Y7,AI7,AS7,BC7,BM7,BW7) -> 0 | Q7: =SUM(N7:P7) -> 0 | R7: =SUMIF('ยอดจริง Week 1'!A:A,'Week 1'!F7,'ยอดจริง Week 1'!C:C) -> 0 | S7: =SUMIF('ยอดจริง Week 1'!A:A,'Week 1'!F7,'ยอดจริง Week 1'!D:D) -> 0 | T7: =SUMIF('ยอดจริง Week 1'!A:A,'Week 1'!F7,'ยอดจริง Week 1'!E:E) -> 0 | U7: =N7-R7 -> 0 | V7: =O7-S7 -> 0 | W7: =P7-T7 -> 0 | Y7: 0 | AA7: =SUM(X7:Z7) -> 0 | AB7: =SUMIF('ยอดจริง Week 1'!H:H,'Week 1'!F7,'ยอดจริง Week 1'!J:J) -> 0 | AC7: =SUMIF('ยอดจริง Week 1'!H:H,'Week 1'!F7,'ยอดจริง Week 1'!K:K) -> 0 | AD7: =SUMIF('ยอดจริง Week 1'!H:H,'Week 1'!F7,'ยอดจริง Week 1'!L:L) -> 0 | AE7: =X7-AB7 -> 0 | AF7: =Y7-AC7 -> 0 | AG7: =Z7-AD7 -> 0 | AI7: 0 | AK7: =SUM(AH7:AJ7) -> 0 | AL7: =SUMIF('ยอดจริง Week 1'!O:O,'Week 1'!F7,'ยอดจริง Week 1'!Q:Q) -> 0 | AM7: =SUMIF('ยอดจริง Week 1'!O:O,'Week 1'!F7,'ยอดจริง Week 1'!R:R) -> 0 | AN7: =SUMIF('ยอดจริง Week 1'!O:O,'Week 1'!F7,'ยอดจริง Week 1'!S:S) -> 0 | AO7: =AH7-AL7 -> 0 | AP7: =AI7-AM7 -> 0 | AQ7: =AJ7-AN7 -> 0 | AS7: 0 | AU7: =SUM(AR7:AT7) -> 0 | AV7: =SUMIF('ยอดจริง Week 1'!V:V,'Week 1'!F7,'ยอดจริง Week 1'!X:X) -> 0 | AW7: =SUMIF('ยอดจริง Week 1'!V:V,'Week 1'!F7,'ยอดจริง Week 1'!Y:Y) -> 0 | AX7: =SUMIF('ยอดจริง Week 1'!V:V,'Week 1'!F7,'ยอดจริง Week 1'!Z:Z) -> 0 | AY7: =AR7-AV7 -> 0 | AZ7: =AS7-AW7 -> 0 | BA7: =AT7-AX7 -> 0 | BE7: =SUM(BB7:BD7) -> 0 | BF7: =SUMIF('ยอดจริง Week 1'!AC:AC,'Week 1'!F7,'ยอดจริง Week 1'!AE:AE) -> 0 | BG7: =SUMIF('ยอดจริง Week 1'!AC:AC,'Week 1'!F7,'ยอดจริง Week 1'!AF:AF) -> 0 | BH7: =SUMIF('ยอดจริง Week 1'!AC:AC,'Week 1'!F7,'ยอดจริง Week 1'!AG:AG) -> 0 | BI7: =BB7-BF7 -> 0 | BJ7: =BC7-BG7 -> 0 | BK7: =BD7-BH7 -> 0 | BO7: =SUM(BL7:BN7) -> 0 | BP7: =SUMIF('ยอดจริง Week 1'!AJ:AJ,'Week 1'!F7,'ยอดจริง Week 1'!AL:AL) -> 0 | BQ7: =SUMIF('ยอดจริง Week 1'!AJ:AJ,'Week 1'!F7,'ยอดจริง Week 1'!AM:AM) -> 0 | BR7: =SUMIF('ยอดจริง Week 1'!AJ:AJ,'Week 1'!F7,'ยอดจริง Week 1'!AN:AN) -> 0 | BS7: =BL7-BP7 -> 0 | BT7: =BM7-BQ7 -> 0 | BU7: =BN7-BR7 -> 0 | BY7: =SUM(BV7:BX7) -> 0 | BZ7: =SUMIF('ยอดจริง Week 1'!AQ:AQ,'Week 1'!F7,'ยอดจริง Week 1'!AS:AS) -> 0 | CA7: =SUMIF('ยอดจริง Week 1'!AQ:AQ,'Week 1'!F7,'ยอดจริง Week 1'!AT:AT) -> 0 | CB7: =SUMIF('ยอดจริง Week 1'!AQ:AQ,'Week 1'!F7,'ยอดจริง Week 1'!AU:AU) -> 0 | CC7: =BV7-BZ7 -> 0 | CD7: =BW7-CA7 -> 0 | CE7: =BX7-CB7 -> 0
A8: 4 | F8: 1111002 | G8: ชิฟฟ่อนเค้ก วรรณวนัช (รวมรส 8 ชิ้น) | H8: Lotus | K8: =SUM(N8,X8,AH8,AR8,BB8,BL8,BV8) -> 0 | L8: =SUM(O8,Y8,AI8,AS8,BC8,BM8,BW8) -> 0 | Q8: =SUM(N8:P8) -> 0 | R8: =SUMIF('ยอดจริง Week 1'!A:A,'Week 1'!F8,'ยอดจริง Week 1'!C:C) -> 0 | S8: =SUMIF('ยอดจริง Week 1'!A:A,'Week 1'!F8,'ยอดจริง Week 1'!D:D) -> 0 | T8: =SUMIF('ยอดจริง Week 1'!A:A,'Week 1'!F8,'ยอดจริง Week 1'!E:E) -> 0 | U8: =N8-R8 -> 0 | V8: =O8-S8 -> 0 | W8: =P8-T8 -> 0 | Y8: 0 | AA8: =SUM(X8:Z8) -> 0 | AB8: =SUMIF('ยอดจริง Week 1'!H:H,'Week 1'!F8,'ยอดจริง Week 1'!J:J) -> 0 | AC8: =SUMIF('ยอดจริง Week 1'!H:H,'Week 1'!F8,'ยอดจริง Week 1'!K:K) -> 0 | AD8: =SUMIF('ยอดจริง Week 1'!H:H,'Week 1'!F8,'ยอดจริง Week 1'!L:L) -> 0 | AE8: =X8-AB8 -> 0 | AF8: =Y8-AC8 -> 0 | AG8: =Z8-AD8 -> 0 | AI8: 0 | AK8: =SUM(AH8:AJ8) -> 0 | AL8: =SUMIF('ยอดจริง Week 1'!O:O,'Week 1'!F8,'ยอดจริง Week 1'!Q:Q) -> 0 | AM8: =SUMIF('ยอดจริง Week 1'!O:O,'Week 1'!F8,'ยอดจริง Week 1'!R:R) -> 0 | AN8: =SUMIF('ยอดจริง Week 1'!O:O,'Week 1'!F8,'ยอดจริง Week 1'!S:S) -> 0 | AO8: =AH8-AL8 -> 0 | AP8: =AI8-AM8 -> 0 | AQ8: =AJ8-AN8 -> 0 | AS8: 0 | AU8: =SUM(AR8:AT8) -> 0 | AV8: =SUMIF('ยอดจริง Week 1'!V:V,'Week 1'!F8,'ยอดจริง Week 1'!X:X) -> 0 | AW8: =SUMIF('ยอดจริง Week 1'!V:V,'Week 1'!F8,'ยอดจริง Week 1'!Y:Y) -> 0 | AX8: =SUMIF('ยอดจริง Week 1'!V:V,'Week 1'!F8,'ยอดจริง Week 1'!Z:Z) -> 0 | AY8: =AR8-AV8 -> 0 | AZ8: =AS8-AW8 -> 0 | BA8: =AT8-AX8 -> 0 | BE8: =SUM(BB8:BD8) -> 0 | BF8: =SUMIF('ยอดจริง Week 1'!AC:AC,'Week 1'!F8,'ยอดจริง Week 1'!AE:AE) -> 0 | BG8: =SUMIF('ยอดจริง Week 1'!AC:AC,'Week 1'!F8,'ยอดจริง Week 1'!AF:AF) -> 0 | BH8: =SUMIF('ยอดจริง Week 1'!AC:AC,'Week 1'!F8,'ยอดจริง Week 1'!AG:AG) -> 0 | BI8: =BB8-BF8 -> 0 | BJ8: =BC8-BG8 -> 0 | BK8: =BD8-BH8 -> 0 | BO8: =SUM(BL8:BN8) -> 0 | BP8: =SUMIF('ยอดจริง Week 1'!AJ:AJ,'Week 1'!F8,'ยอดจริง Week 1'!AL:AL) -> 0 | BQ8: =SUMIF('ยอดจริง Week 1'!AJ:AJ,'Week 1'!F8,'ยอดจริง Week 1'!AM:AM) -> 0 | BR8: =SUMIF('ยอดจริง Week 1'!AJ:AJ,'Week 1'!F8,'ยอดจริง Week 1'!AN:AN) -> 0 | BS8: =BL8-BP8 -> 0 | BT8: =BM8-BQ8 -> 0 | BU8: =BN8-BR8 -> 0 | BY8: =SUM(BV8:BX8) -> 0 | BZ8: =SUMIF('ยอดจริง Week 1'!AQ:AQ,'Week 1'!F8,'ยอดจริง Week 1'!AS:AS) -> 0 | CA8: =SUMIF('ยอดจริง Week 1'!AQ:AQ,'Week 1'!F8,'ยอดจริง Week 1'!AT:AT) -> 0 | CB8: =SUMIF('ยอดจริง Week 1'!AQ:AQ,'Week 1'!F8,'ยอดจริง Week 1'!AU:AU) -> 0 | CC8: =BV8-BZ8 -> 0 | CD8: =BW8-CA8 -> 0 | CE8: =BX8-CB8 -> 0
A9: 5 | F9: 1111055 | G9: วรรณวนัช ชิฟฟ่อนรวมรส 8 ชิ้น | H9: Makro | K9: =SUM(N9,X9,AH9,AR9,BB9,BL9,BV9) -> 0 | L9: =SUM(O9,Y9,AI9,AS9,BC9,BM9,BW9) -> 0 | Q9: =SUM(N9:P9) -> 0 | R9: =SUMIF('ยอดจริง Week 1'!A:A,'Week 1'!F9,'ยอดจริง Week 1'!C:C) -> 0 | S9: =SUMIF('ยอดจริง Week 1'!A:A,'Week 1'!F9,'ยอดจริง Week 1'!D:D) -> 0 | T9: =SUMIF('ยอดจริง Week 1'!A:A,'Week 1'!F9,'ยอดจริง Week 1'!E:E) -> 0 | U9: =N9-R9 -> 0 | V9: =O9-S9 -> 0 | W9: =P9-T9 -> 0 | Y9: 0 | AA9: =SUM(X9:Z9) -> 0 | AB9: =SUMIF('ยอดจริง Week 1'!H:H,'Week 1'!F9,'ยอดจริง Week 1'!J:J) -> 0 | AC9: =SUMIF('ยอดจริง Week 1'!H:H,'Week 1'!F9,'ยอดจริง Week 1'!K:K) -> 0 | AD9: =SUMIF('ยอดจริง Week 1'!H:H,'Week 1'!F9,'ยอดจริง Week 1'!L:L) -> 0 | AE9: =X9-AB9 -> 0 | AF9: =Y9-AC9 -> 0 | AG9: =Z9-AD9 -> 0 | AI9: 0 | AK9: =SUM(AH9:AJ9) -> 0 | AL9: =SUMIF('ยอดจริง Week 1'!O:O,'Week 1'!F9,'ยอดจริง Week 1'!Q:Q) -> 0 | AM9: =SUMIF('ยอดจริง Week 1'!O:O,'Week 1'!F9,'ยอดจริง Week 1'!R:R) -> 0 | AN9: =SUMIF('ยอดจริง Week 1'!O:O,'Week 1'!F9,'ยอดจริง Week 1'!S:S) -> 0 | AO9: =AH9-AL9 -> 0 | AP9: =AI9-AM9 -> 0 | AQ9: =AJ9-AN9 -> 0 | AS9: 0 | AU9: =SUM(AR9:AT9) -> 0 | AV9: =SUMIF('ยอดจริง Week 1'!V:V,'Week 1'!F9,'ยอดจริง Week 1'!X:X) -> 0 | AW9: =SUMIF('ยอดจริง Week 1'!V:V,'Week 1'!F9,'ยอดจริง Week 1'!Y:Y) -> 0 | AX9: =SUMIF('ยอดจริง Week 1'!V:V,'Week 1'!F9,'ยอดจริง Week 1'!Z:Z) -> 0 | AY9: =AR9-AV9 -> 0 | AZ9: =AS9-AW9 -> 0 | BA9: =AT9-AX9 -> 0 | BE9: =SUM(BB9:BD9) -> 0 | BF9: =SUMIF('ยอดจริง Week 1'!AC:AC,'Week 1'!F9,'ยอดจริง Week 1'!AE:AE) -> 0 | BG9: =SUMIF('ยอดจริง Week 1'!AC:AC,'Week 1'!F9,'ยอดจริง Week 1'!AF:AF) -> 0 | BH9: =SUMIF('ยอดจริง Week 1'!AC:AC,'Week 1'!F9,'ยอดจริง Week 1'!AG:AG) -> 0 | BI9: =BB9-BF9 -> 0 | BJ9: =BC9-BG9 -> 0 | BK9: =BD9-BH9 -> 0 | BO9: =SUM(BL9:BN9) -> 0 | BP9: =SUMIF('ยอดจริง Week 1'!AJ:AJ,'Week 1'!F9,'ยอดจริง Week 1'!AL:AL) -> 0 | BQ9: =SUMIF('ยอดจริง Week 1'!AJ:AJ,'Week 1'!F9,'ยอดจริง Week 1'!AM:AM) -> 0 | BR9: =SUMIF('ยอดจริง Week 1'!AJ:AJ,'Week 1'!F9,'ยอดจริง Week 1'!AN:AN) -> 0 | BS9: =BL9-BP9 -> 0 | BT9: =BM9-BQ9 -> 0 | BU9: =BN9-BR9 -> 0 | BY9: =SUM(BV9:BX9) -> 0 | BZ9: =SUMIF('ยอดจริง Week 1'!AQ:AQ,'Week 1'!F9,'ยอดจริง Week 1'!AS:AS) -> 0 | CA9: =SUMIF('ยอดจริง Week 1'!AQ:AQ,'Week 1'!F9,'ยอดจริง Week 1'!AT:AT) -> 0 | CB9: =SUMIF('ยอดจริง Week 1'!AQ:AQ,'Week 1'!F9,'ยอดจริง Week 1'!AU:AU) -> 0 | CC9: =BV9-BZ9 -> 0 | CD9: =BW9-CA9 -> 0 | CE9: =BX9-CB9 -> 0
A10: 6 | F10: 1111030 | G10: ชิฟฟ่อนเค้ก รสกาแฟ (8 ชิ้น) | K10: =SUM(N10,X10,AH10,AR10,BB10,BL10,BV10) -> 0 | L10: =SUM(O10,Y10,AI10,AS10,BC10,BM10,BW10) -> 0 | Q10: =SUM(N10:P10) -> 0 | R10: =SUMIF('ยอดจริง Week 1'!A:A,'Week 1'!F10,'ยอดจริง Week 1'!C:C) -> 0 | S10: =SUMIF('ยอดจริง Week 1'!A:A,'Week 1'!F10,'ยอดจริง Week 1'!D:D) -> 0 | T10: =SUMIF('ยอดจริง Week 1'!A:A,'Week 1'!F10,'ยอดจริง Week 1'!E:E) -> 0 | U10: =N10-R10 -> 0 | V10: =O10-S10 -> 0 | W10: =P10-T10 -> 0 | Y10: 0 | AA10: =SUM(X10:Z10) -> 0 | AB10: =SUMIF('ยอดจริง Week 1'!H:H,'Week 1'!F10,'ยอดจริง Week 1'!J:J) -> 0 | AC10: =SUMIF('ยอดจริง Week 1'!H:H,'Week 1'!F10,'ยอดจริง Week 1'!K:K) -> 0 | AD10: =SUMIF('ยอดจริง Week 1'!H:H,'Week 1'!F10,'ยอดจริง Week 1'!L:L) -> 0 | AE10: =X10-AB10 -> 0 | AF10: =Y10-AC10 -> 0 | AG10: =Z10-AD10 -> 0 | AI10: 0 | AK10: =SUM(AH10:AJ10) -> 0 | AL10: =SUMIF('ยอดจริง Week 1'!O:O,'Week 1'!F10,'ยอดจริง Week 1'!Q:Q) -> 0 | AM10: =SUMIF('ยอดจริง Week 1'!O:O,'Week 1'!F10,'ยอดจริง Week 1'!R:R) -> 0 | AN10: =SUMIF('ยอดจริง Week 1'!O:O,'Week 1'!F10,'ยอดจริง Week 1'!S:S) -> 0 | AO10: =AH10-AL10 -> 0 | AP10: =AI10-AM10 -> 0 | AQ10: =AJ10-AN10 -> 0 | AS10: 0 | AU10: =SUM(AR10:AT10) -> 0 | AV10: =SUMIF('ยอดจริง Week 1'!V:V,'Week 1'!F10,'ยอดจริง Week 1'!X:X) -> 0 | AW10: =SUMIF('ยอดจริง Week 1'!V:V,'Week 1'!F10,'ยอดจริง Week 1'!Y:Y) -> 0 | AX10: =SUMIF('ยอดจริง Week 1'!V:V,'Week 1'!F10,'ยอดจริง Week 1'!Z:Z) -> 0 | AY10: =AR10-AV10 -> 0 | AZ10: =AS10-AW10 -> 0 | BA10: =AT10-AX10 -> 0 | BE10: =SUM(BB10:BD10) -> 0 | BF10: =SUMIF('ยอดจริง Week 1'!AC:AC,'Week 1'!F10,'ยอดจริง Week 1'!AE:AE) -> 0 | BG10: =SUMIF('ยอดจริง Week 1'!AC:AC,'Week 1'!F10,'ยอดจริง Week 1'!AF:AF) -> 0 | BH10: =SUMIF('ยอดจริง Week 1'!AC:AC,'Week 1'!F10,'ยอดจริง Week 1'!AG:AG) -> 0 | BI10: =BB10-BF10 -> 0 | BJ10: =BC10-BG10 -> 0 | BK10: =BD10-BH10 -> 0 | BO10: =SUM(BL10:BN10) -> 0 | BP10: =SUMIF('ยอดจริง Week 1'!AJ:AJ,'Week 1'!F10,'ยอดจริง Week 1'!AL:AL) -> 0 | BQ10: =SUMIF('ยอดจริง Week 1'!AJ:AJ,'Week 1'!F10,'ยอดจริง Week 1'!AM:AM) -> 0 | BR10: =SUMIF('ยอดจริง Week 1'!AJ:AJ,'Week 1'!F10,'ยอดจริง Week 1'!AN:AN) -> 0 | BS10: =BL10-BP10 -> 0 | BT10: =BM10-BQ10 -> 0 | BU10: =BN10-BR10 -> 0 | BY10: =SUM(BV10:BX10) -> 0 | BZ10: =SUMIF('ยอดจริง Week 1'!AQ:AQ,'Week 1'!F10,'ยอดจริง Week 1'!AS:AS) -> 0 | CA10: =SUMIF('ยอดจริง Week 1'!AQ:AQ,'Week 1'!F10,'ยอดจริง Week 1'!AT:AT) -> 0 | CB10: =SUMIF('ยอดจริง Week 1'!AQ:AQ,'Week 1'!F10,'ยอดจริง Week 1'!AU:AU) -> 0 | CC10: =BV10-BZ10 -> 0 | CD10: =BW10-CA10 -> 0 | CE10: =BX10-CB10 -> 0
A11: 7 | F11: 1111036 | G11: ชิฟฟอนเค้ก วรรณวนัช ห่อกระดาษ (รวมรส 4 ชิ้น) | K11: =SUM(N11,X11,AH11,AR11,BB11,BL11,BV11) -> 0 | L11: =SUM(O11,Y11,AI11,AS11,BC11,BM11,BW11) -> 0 | O11: 0 | Q11: =SUM(N11:P11) -> 0 | R11: =SUMIF('ยอดจริง Week 1'!A:A,'Week 1'!F11,'ยอดจริง Week 1'!C:C) -> 0 | S11: =SUMIF('ยอดจริง Week 1'!A:A,'Week 1'!F11,'ยอดจริง Week 1'!D:D) -> 0 | T11: =SUMIF('ยอดจริง Week 1'!A:A,'Week 1'!F11,'ยอดจริง Week 1'!E:E) -> 0 | U11: =N11-R11 -> 0 | V11: =O11-S11 -> 0 | W11: =P11-T11 -> 0 | Y11: 0 | AA11: =SUM(X11:Z11) -> 0 | AB11: =SUMIF('ยอดจริง Week 1'!H:H,'Week 1'!F11,'ยอดจริง Week 1'!J:J) -> 0 | AC11: =SUMIF('ยอดจริง Week 1'!H:H,'Week 1'!F11,'ยอดจริง Week 1'!K:K) -> 0 | AD11: =SUMIF('ยอดจริง Week 1'!H:H,'Week 1'!F11,'ยอดจริง Week 1'!L:L) -> 0 | AE11: =X11-AB11 -> 0 | AF11: =Y11-AC11 -> 0 | AG11: =Z11-AD11 -> 0 | AI11: 0 | AK11: =SUM(AH11:AJ11) -> 0 | AL11: =SUMIF('ยอดจริง Week 1'!O:O,'Week 1'!F11,'ยอดจริง Week 1'!Q:Q) -> 0 | AM11: =SUMIF('ยอดจริง Week 1'!O:O,'Week 1'!F11,'ยอดจริง Week 1'!R:R) -> 0 | AN11: =SUMIF('ยอดจริง Week 1'!O:O,'Week 1'!F11,'ยอดจริง Week 1'!S:S) -> 0 | AO11: =AH11-AL11 -> 0 | AP11: =AI11-AM11 -> 0 | AQ11: =AJ11-AN11 -> 0 | AS11: 0 | AU11: =SUM(AR11:AT11) -> 0 | AV11: =SUMIF('ยอดจริง Week 1'!V:V,'Week 1'!F11,'ยอดจริง Week 1'!X:X) -> 0 | AW11: =SUMIF('ยอดจริง Week 1'!V:V,'Week 1'!F11,'ยอดจริง Week 1'!Y:Y) -> 0 | AX11: =SUMIF('ยอดจริง Week 1'!V:V,'Week 1'!F11,'ยอดจริง Week 1'!Z:Z) -> 0 | AY11: =AR11-AV11 -> 0 | AZ11: =AS11-AW11 -> 0 | BA11: =AT11-AX11 -> 0 | BE11: =SUM(BB11:BD11) -> 0 | BF11: =SUMIF('ยอดจริง Week 1'!AC:AC,'Week 1'!F11,'ยอดจริง Week 1'!AE:AE) -> 0 | BG11: =SUMIF('ยอดจริง Week 1'!AC:AC,'Week 1'!F11,'ยอดจริง Week 1'!AF:AF) -> 0 | BH11: =SUMIF('ยอดจริง Week 1'!AC:AC,'Week 1'!F11,'ยอดจริง Week 1'!AG:AG) -> 0 | BI11: =BB11-BF11 -> 0 | BJ11: =BC11-BG11 -> 0 | BK11: =BD11-BH11 -> 0 | BO11: =SUM(BL11:BN11) -> 0 | BP11: =SUMIF('ยอดจริง Week 1'!AJ:AJ,'Week 1'!F11,'ยอดจริง Week 1'!AL:AL) -> 0 | BQ11: =SUMIF('ยอดจริง Week 1'!AJ:AJ,'Week 1'!F11,'ยอดจริง Week 1'!AM:AM) -> 0 | BR11: =SUMIF('ยอดจริง Week 1'!AJ:AJ,'Week 1'!F11,'ยอดจริง Week 1'!AN:AN) -> 0 | BS11: =BL11-BP11 -> 0 | BT11: =BM11-BQ11 -> 0 | BU11: =BN11-BR11 -> 0 | BY11: =SUM(BV11:BX11) -> 0 | BZ11: =SUMIF('ยอดจริง Week 1'!AQ:AQ,'Week 1'!F11,'ยอดจริง Week 1'!AS:AS) -> 0 | CA11: =SUMIF('ยอดจริง Week 1'!AQ:AQ,'Week 1'!F11,'ยอดจริง Week 1'!AT:AT) -> 0 | CB11: =SUMIF('ยอดจริง Week 1'!AQ:AQ,'Week 1'!F11,'ยอดจริง Week 1'!AU:AU) -> 0 | CC11: =BV11-BZ11 -> 0 | CD11: =BW11-CA11 -> 0 | CE11: =BX11-CB11 -> 0
A12: 8 | F12: 1111037 | G12: ชิฟฟอนเค้ก วรรณวนัช ห่อกระดาษ (รวมรส 8 ชิ้น) | K12: =SUM(N12,X12,AH12,AR12,BB12,BL12,BV12) -> 0 | L12: =SUM(O12,Y12,AI12,AS12,BC12,BM12,BW12) -> 0 | O12: 0 | Q12: =SUM(N12:P12) -> 0 | R12: =SUMIF('ยอดจริง Week 1'!A:A,'Week 1'!F12,'ยอดจริง Week 1'!C:C) -> 0 | S12: =SUMIF('ยอดจริง Week 1'!A:A,'Week 1'!F12,'ยอดจริง Week 1'!D:D) -> 0 | T12: =SUMIF('ยอดจริง Week 1'!A:A,'Week 1'!F12,'ยอดจริง Week 1'!E:E) -> 0 | U12: =N12-R12 -> 0 | V12: =O12-S12 -> 0 | W12: =P12-T12 -> 0 | Y12: 0 | AA12: =SUM(X12:Z12) -> 0 | AB12: =SUMIF('ยอดจริง Week 1'!H:H,'Week 1'!F12,'ยอดจริง Week 1'!J:J) -> 0 | AC12: =SUMIF('ยอดจริง Week 1'!H:H,'Week 1'!F12,'ยอดจริง Week 1'!K:K) -> 0 | AD12: =SUMIF('ยอดจริง Week 1'!H:H,'Week 1'!F12,'ยอดจริง Week 1'!L:L) -> 0 | AE12: =X12-AB12 -> 0 | AF12: =Y12-AC12 -> 0 | AG12: =Z12-AD12 -> 0 | AI12: 0 | AK12: =SUM(AH12:AJ12) -> 0 | AL12: =SUMIF('ยอดจริง Week 1'!O:O,'Week 1'!F12,'ยอดจริง Week 1'!Q:Q) -> 0 | AM12: =SUMIF('ยอดจริง Week 1'!O:O,'Week 1'!F12,'ยอดจริง Week 1'!R:R) -> 0 | AN12: =SUMIF('ยอดจริง Week 1'!O:O,'Week 1'!F12,'ยอดจริง Week 1'!S:S) -> 0 | AO12: =AH12-AL12 -> 0 | AP12: =AI12-AM12 -> 0 | AQ12: =AJ12-AN12 -> 0 | AS12: 0 | AU12: =SUM(AR12:AT12) -> 0 | AV12: =SUMIF('ยอดจริง Week 1'!V:V,'Week 1'!F12,'ยอดจริง Week 1'!X:X) -> 0 | AW12: =SUMIF('ยอดจริง Week 1'!V:V,'Week 1'!F12,'ยอดจริง Week 1'!Y:Y) -> 0 | AX12: =SUMIF('ยอดจริง Week 1'!V:V,'Week 1'!F12,'ยอดจริง Week 1'!Z:Z) -> 0 | AY12: =AR12-AV12 -> 0 | AZ12: =AS12-AW12 -> 0 | BA12: =AT12-AX12 -> 0 | BE12: =SUM(BB12:BD12) -> 0 | BF12: =SUMIF('ยอดจริง Week 1'!AC:AC,'Week 1'!F12,'ยอดจริง Week 1'!AE:AE) -> 0 | BG12: =SUMIF('ยอดจริง Week 1'!AC:AC,'Week 1'!F12,'ยอดจริง Week 1'!AF:AF) -> 0 | BH12: =SUMIF('ยอดจริง Week 1'!AC:AC,'Week 1'!F12,'ยอดจริง Week 1'!AG:AG) -> 0 | BI12: =BB12-BF12 -> 0 | BJ12: =BC12-BG12 -> 0 | BK12: =BD12-BH12 -> 0 | BO12: =SUM(BL12:BN12) -> 0 | BP12: =SUMIF('ยอดจริง Week 1'!AJ:AJ,'Week 1'!F12,'ยอดจริง Week 1'!AL:AL) -> 0 | BQ12: =SUMIF('ยอดจริง Week 1'!AJ:AJ,'Week 1'!F12,'ยอดจริง Week 1'!AM:AM) -> 0 | BR12: =SUMIF('ยอดจริง Week 1'!AJ:AJ,'Week 1'!F12,'ยอดจริง Week 1'!AN:AN) -> 0 | BS12: =BL12-BP12 -> 0 | BT12: =BM12-BQ12 -> 0 | BU12: =BN12-BR12 -> 0 | BY12: =SUM(BV12:BX12) -> 0 | BZ12: =SUMIF('ยอดจริง Week 1'!AQ:AQ,'Week 1'!F12,'ยอดจริง Week 1'!AS:AS) -> 0 | CA12: =SUMIF('ยอดจริง Week 1'!AQ:AQ,'Week 1'!F12,'ยอดจริง Week 1'!AT:AT) -> 0 | CB12: =SUMIF('ยอดจริง Week 1'!AQ:AQ,'Week 1'!F12,'ยอดจริง Week 1'!AU:AU) -> 0 | CC12: =BV12-BZ12 -> 0 | CD12: =BW12-CA12 -> 0 | CE12: =BX12-CB12 -> 0
A13: 9 | F13: 1111040 | G13: ชิฟฟอนเค้กวรรณวนัช ห่อซีน (รวมรส 4 ชิ้น) | K13: =SUM(N13,X13,AH13,AR13,BB13,BL13,BV13) -> 0 | L13: =SUM(O13,Y13,AI13,AS13,BC13,BM13,BW13) -> 0 | O13: 0 | Q13: =SUM(N13:P13) -> 0 | R13: =SUMIF('ยอดจริง Week 1'!A:A,'Week 1'!F13,'ยอดจริง Week 1'!C:C) -> 0 | S13: =SUMIF('ยอดจริง Week 1'!A:A,'Week 1'!F13,'ยอดจริง Week 1'!D:D) -> 0 | T13: =SUMIF('ยอดจริง Week 1'!A:A,'Week 1'!F13,'ยอดจริง Week 1'!E:E) -> 0 | U13: =N13-R13 -> 0 | V13: =O13-S13 -> 0 | W13: =P13-T13 -> 0 | Y13: 0 | AA13: =SUM(X13:Z13) -> 0 | AB13: =SUMIF('ยอดจริง Week 1'!H:H,'Week 1'!F13,'ยอดจริง Week 1'!J:J) -> 0 | AC13: =SUMIF('ยอดจริง Week 1'!H:H,'Week 1'!F13,'ยอดจริง Week 1'!K:K) -> 0 | AD13: =SUMIF('ยอดจริง Week 1'!H:H,'Week 1'!F13,'ยอดจริง Week 1'!L:L) -> 0 | AE13: =X13-AB13 -> 0 | AF13: =Y13-AC13 -> 0 | AG13: =Z13-AD13 -> 0 | AI13: 0 | AK13: =SUM(AH13:AJ13) -> 0 | AL13: =SUMIF('ยอดจริง Week 1'!O:O,'Week 1'!F13,'ยอดจริง Week 1'!Q:Q) -> 0 | AM13: =SUMIF('ยอดจริง Week 1'!O:O,'Week 1'!F13,'ยอดจริง Week 1'!R:R) -> 0 | AN13: =SUMIF('ยอดจริง Week 1'!O:O,'Week 1'!F13,'ยอดจริง Week 1'!S:S) -> 0 | AO13: =AH13-AL13 -> 0 | AP13: =AI13-AM13 -> 0 | AQ13: =AJ13-AN13 -> 0 | AS13: 0 | AU13: =SUM(AR13:AT13) -> 0 | AV13: =SUMIF('ยอดจริง Week 1'!V:V,'Week 1'!F13,'ยอดจริง Week 1'!X:X) -> 0 | AW13: =SUMIF('ยอดจริง Week 1'!V:V,'Week 1'!F13,'ยอดจริง Week 1'!Y:Y) -> 0 | AX13: =SUMIF('ยอดจริง Week 1'!V:V,'Week 1'!F13,'ยอดจริง Week 1'!Z:Z) -> 0 | AY13: =AR13-AV13 -> 0 | AZ13: =AS13-AW13 -> 0 | BA13: =AT13-AX13 -> 0 | BE13: =SUM(BB13:BD13) -> 0 | BF13: =SUMIF('ยอดจริง Week 1'!AC:AC,'Week 1'!F13,'ยอดจริง Week 1'!AE:AE) -> 0 | BG13: =SUMIF('ยอดจริง Week 1'!AC:AC,'Week 1'!F13,'ยอดจริง Week 1'!AF:AF) -> 0 | BH13: =SUMIF('ยอดจริง Week 1'!AC:AC,'Week 1'!F13,'ยอดจริง Week 1'!AG:AG) -> 0 | BI13: =BB13-BF13 -> 0 | BJ13: =BC13-BG13 -> 0 | BK13: =BD13-BH13 -> 0 | BO13: =SUM(BL13:BN13) -> 0 | BP13: =SUMIF('ยอดจริง Week 1'!AJ:AJ,'Week 1'!F13,'ยอดจริง Week 1'!AL:AL) -> 0 | BQ13: =SUMIF('ยอดจริง Week 1'!AJ:AJ,'Week 1'!F13,'ยอดจริง Week 1'!AM:AM) -> 0 | BR13: =SUMIF('ยอดจริง Week 1'!AJ:AJ,'Week 1'!F13,'ยอดจริง Week 1'!AN:AN) -> 0 | BS13: =BL13-BP13 -> 0 | BT13: =BM13-BQ13 -> 0 | BU13: =BN13-BR13 -> 0 | BY13: =SUM(BV13:BX13) -> 0 | BZ13: =SUMIF('ยอดจริง Week 1'!AQ:AQ,'Week 1'!F13,'ยอดจริง Week 1'!AS:AS) -> 0 | CA13: =SUMIF('ยอดจริง Week 1'!AQ:AQ,'Week 1'!F13,'ยอดจริง Week 1'!AT:AT) -> 0 | CB13: =SUMIF('ยอดจริง Week 1'!AQ:AQ,'Week 1'!F13,'ยอดจริง Week 1'!AU:AU) -> 0 | CC13: =BV13-BZ13 -> 0 | CD13: =BW13-CA13 -> 0 | CE13: =BX13-CB13 -> 0
A14: 10 | F14: 1111039 | G14: ชิฟฟอนเค้ก วรรรณวนัช ห่อซีน (รวมรส 8 ชิ้น) | K14: =SUM(N14,X14,AH14,AR14,BB14,BL14,BV14) -> 0 | L14: =SUM(O14,Y14,AI14,AS14,BC14,BM14,BW14) -> 0 | O14: 0 | Q14: =SUM(N14:P14) -> 0 | R14: =SUMIF('ยอดจริง Week 1'!A:A,'Week 1'!F14,'ยอดจริง Week 1'!C:C) -> 0 | S14: =SUMIF('ยอดจริง Week 1'!A:A,'Week 1'!F14,'ยอดจริง Week 1'!D:D) -> 0 | T14: =SUMIF('ยอดจริง Week 1'!A:A,'Week 1'!F14,'ยอดจริง Week 1'!E:E) -> 0 | U14: =N14-R14 -> 0 | V14: =O14-S14 -> 0 | W14: =P14-T14 -> 0 | Y14: 0 | AA14: =SUM(X14:Z14) -> 0 | AB14: =SUMIF('ยอดจริง Week 1'!H:H,'Week 1'!F14,'ยอดจริง Week 1'!J:J) -> 0 | AC14: =SUMIF('ยอดจริง Week 1'!H:H,'Week 1'!F14,'ยอดจริง Week 1'!K:K) -> 0 | AD14: =SUMIF('ยอดจริง Week 1'!H:H,'Week 1'!F14,'ยอดจริง Week 1'!L:L) -> 0 | AE14: =X14-AB14 -> 0 | AF14: =Y14-AC14 -> 0 | AG14: =Z14-AD14 -> 0 | AI14: 0 | AK14: =SUM(AH14:AJ14) -> 0 | AL14: =SUMIF('ยอดจริง Week 1'!O:O,'Week 1'!F14,'ยอดจริง Week 1'!Q:Q) -> 0 | AM14: =SUMIF('ยอดจริง Week 1'!O:O,'Week 1'!F14,'ยอดจริง Week 1'!R:R) -> 0 | AN14: =SUMIF('ยอดจริง Week 1'!O:O,'Week 1'!F14,'ยอดจริง Week 1'!S:S) -> 0 | AO14: =AH14-AL14 -> 0 | AP14: =AI14-AM14 -> 0 | AQ14: =AJ14-AN14 -> 0 | AS14: 0 | AU14: =SUM(AR14:AT14) -> 0 | AV14: =SUMIF('ยอดจริง Week 1'!V:V,'Week 1'!F14,'ยอดจริง Week 1'!X:X) -> 0 | AW14: =SUMIF('ยอดจริง Week 1'!V:V,'Week 1'!F14,'ยอดจริง Week 1'!Y:Y) -> 0 | AX14: =SUMIF('ยอดจริง Week 1'!V:V,'Week 1'!F14,'ยอดจริง Week 1'!Z:Z) -> 0 | AY14: =AR14-AV14 -> 0 | AZ14: =AS14-AW14 -> 0 | BA14: =AT14-AX14 -> 0 | BE14: =SUM(BB14:BD14) -> 0 | BF14: =SUMIF('ยอดจริง Week 1'!AC:AC,'Week 1'!F14,'ยอดจริง Week 1'!AE:AE) -> 0 | BG14: =SUMIF('ยอดจริง Week 1'!AC:AC,'Week 1'!F14,'ยอดจริง Week 1'!AF:AF) -> 0 | BH14: =SUMIF('ยอดจริง Week 1'!AC:AC,'Week 1'!F14,'ยอดจริง Week 1'!AG:AG) -> 0 | BI14: =BB14-BF14 -> 0 | BJ14: =BC14-BG14 -> 0 | BK14: =BD14-BH14 -> 0 | BO14: =SUM(BL14:BN14) -> 0 | BP14: =SUMIF('ยอดจริง Week 1'!AJ:AJ,'Week 1'!F14,'ยอดจริง Week 1'!AL:AL) -> 0 | BQ14: =SUMIF('ยอดจริง Week 1'!AJ:AJ,'Week 1'!F14,'ยอดจริง Week 1'!AM:AM) -> 0 | BR14: =SUMIF('ยอดจริง Week 1'!AJ:AJ,'Week 1'!F14,'ยอดจริง Week 1'!AN:AN) -> 0 | BS14: =BL14-BP14 -> 0 | BT14: =BM14-BQ14 -> 0 | BU14: =BN14-BR14 -> 0 | BY14: =SUM(BV14:BX14) -> 0 | BZ14: =SUMIF('ยอดจริง Week 1'!AQ:AQ,'Week 1'!F14,'ยอดจริง Week 1'!AS:AS) -> 0 | CA14: =SUMIF('ยอดจริง Week 1'!AQ:AQ,'Week 1'!F14,'ยอดจริง Week 1'!AT:AT) -> 0 | CB14: =SUMIF('ยอดจริง Week 1'!AQ:AQ,'Week 1'!F14,'ยอดจริง Week 1'!AU:AU) -> 0 | CC14: =BV14-BZ14 -> 0 | CD14: =BW14-CA14 -> 0 | CE14: =BX14-CB14 -> 0
A15: 11 | F15: 1111041 | G15: ชิฟฟอนเค้ก วรรณวนัช กาแฟล้วน(รวมรส 4 ชิ้น) | K15: =SUM(N15,X15,AH15,AR15,BB15,BL15,BV15) -> 0 | L15: =SUM(O15,Y15,AI15,AS15,BC15,BM15,BW15) -> 0 | O15: 0 | Q15: =SUM(N15:P15) -> 0 | R15: =SUMIF('ยอดจริง Week 1'!A:A,'Week 1'!F15,'ยอดจริง Week 1'!C:C) -> 0 | S15: =SUMIF('ยอดจริง Week 1'!A:A,'Week 1'!F15,'ยอดจริง Week 1'!D:D) -> 0 | T15: =SUMIF('ยอดจริง Week 1'!A:A,'Week 1'!F15,'ยอดจริง Week 1'!E:E) -> 0 | U15: =N15-R15 -> 0 | V15: =O15-S15 -> 0 | W15: =P15-T15 -> 0 | Y15: 0 | AA15: =SUM(X15:Z15) -> 0 | AB15: =SUMIF('ยอดจริง Week 1'!H:H,'Week 1'!F15,'ยอดจริง Week 1'!J:J) -> 0 | AC15: =SUMIF('ยอดจริง Week 1'!H:H,'Week 1'!F15,'ยอดจริง Week 1'!K:K) -> 0 | AD15: =SUMIF('ยอดจริง Week 1'!H:H,'Week 1'!F15,'ยอดจริง Week 1'!L:L) -> 0 | AE15: =X15-AB15 -> 0 | AF15: =Y15-AC15 -> 0 | AG15: =Z15-AD15 -> 0 | AI15: 0 | AK15: =SUM(AH15:AJ15) -> 0 | AL15: =SUMIF('ยอดจริง Week 1'!O:O,'Week 1'!F15,'ยอดจริง Week 1'!Q:Q) -> 0 | AM15: =SUMIF('ยอดจริง Week 1'!O:O,'Week 1'!F15,'ยอดจริง Week 1'!R:R) -> 0 | AN15: =SUMIF('ยอดจริง Week 1'!O:O,'Week 1'!F15,'ยอดจริง Week 1'!S:S) -> 0 | AO15: =AH15-AL15 -> 0 | AP15: =AI15-AM15 -> 0 | AQ15: =AJ15-AN15 -> 0 | AS15: 0 | AU15: =SUM(AR15:AT15) -> 0 | AV15: =SUMIF('ยอดจริง Week 1'!V:V,'Week 1'!F15,'ยอดจริง Week 1'!X:X) -> 0 | AW15: =SUMIF('ยอดจริง Week 1'!V:V,'Week 1'!F15,'ยอดจริง Week 1'!Y:Y) -> 0 | AX15: =SUMIF('ยอดจริง Week 1'!V:V,'Week 1'!F15,'ยอดจริง Week 1'!Z:Z) -> 0 | AY15: =AR15-AV15 -> 0 | AZ15: =AS15-AW15 -> 0 | BA15: =AT15-AX15 -> 0 | BE15: =SUM(BB15:BD15) -> 0 | BF15: =SUMIF('ยอดจริง Week 1'!AC:AC,'Week 1'!F15,'ยอดจริง Week 1'!AE:AE) -> 0 | BG15: =SUMIF('ยอดจริง Week 1'!AC:AC,'Week 1'!F15,'ยอดจริง Week 1'!AF:AF) -> 0 | BH15: =SUMIF('ยอดจริง Week 1'!AC:AC,'Week 1'!F15,'ยอดจริง Week 1'!AG:AG) -> 0 | BI15: =BB15-BF15 -> 0 | BJ15: =BC15-BG15 -> 0 | BK15: =BD15-BH15 -> 0 | BO15: =SUM(BL15:BN15) -> 0 | BP15: =SUMIF('ยอดจริง Week 1'!AJ:AJ,'Week 1'!F15,'ยอดจริง Week 1'!AL:AL) -> 0 | BQ15: =SUMIF('ยอดจริง Week 1'!AJ:AJ,'Week 1'!F15,'ยอดจริง Week 1'!AM:AM) -> 0 | BR15: =SUMIF('ยอดจริง Week 1'!AJ:AJ,'Week 1'!F15,'ยอดจริง Week 1'!AN:AN) -> 0 | BS15: =BL15-BP15 -> 0 | BT15: =BM15-BQ15 -> 0 | BU15: =BN15-BR15 -> 0 | BY15: =SUM(BV15:BX15) -> 0 | BZ15: =SUMIF('ยอดจริง Week 1'!AQ:AQ,'Week 1'!F15,'ยอดจริง Week 1'!AS:AS) -> 0 | CA15: =SUMIF('ยอดจริง Week 1'!AQ:AQ,'Week 1'!F15,'ยอดจริง Week 1'!AT:AT) -> 0 | CB15: =SUMIF('ยอดจริง Week 1'!AQ:AQ,'Week 1'!F15,'ยอดจริง Week 1'!AU:AU) -> 0 | CC15: =BV15-BZ15 -> 0 | CD15: =BW15-CA15 -> 0 | CE15: =BX15-CB15 -> 0
A16: 12 | F16: 1111043 | G16: ชิฟฟ่อนรสมะลิ 8 ชิ้น ห่อ ซีน | K16: =SUM(N16,X16,AH16,AR16,BB16,BL16,BV16) -> 0 | L16: =SUM(O16,Y16,AI16,AS16,BC16,BM16,BW16) -> 0 | Q16: =SUM(N16:P16) -> 0 | R16: =SUMIF('ยอดจริง Week 1'!A:A,'Week 1'!F16,'ยอดจริง Week 1'!C:C) -> 0 | S16: =SUMIF('ยอดจริง Week 1'!A:A,'Week 1'!F16,'ยอดจริง Week 1'!D:D) -> 0 | T16: =SUMIF('ยอดจริง Week 1'!A:A,'Week 1'!F16,'ยอดจริง Week 1'!E:E) -> 0 | U16: =N16-R16 -> 0 | V16: =O16-S16 -> 0 | W16: =P16-T16 -> 0 | Y16: 0 | AA16: =SUM(X16:Z16) -> 0 | AB16: =SUMIF('ยอดจริง Week 1'!H:H,'Week 1'!F16,'ยอดจริง Week 1'!J:J) -> 0 | AC16: =SUMIF('ยอดจริง Week 1'!H:H,'Week 1'!F16,'ยอดจริง Week 1'!K:K) -> 0 | AD16: =SUMIF('ยอดจริง Week 1'!H:H,'Week 1'!F16,'ยอดจริง Week 1'!L:L) -> 0 | AE16: =X16-AB16 -> 0 | AF16: =Y16-AC16 -> 0 | AG16: =Z16-AD16 -> 0 | AI16: 0 | AK16: =SUM(AH16:AJ16) -> 0 | AL16: =SUMIF('ยอดจริง Week 1'!O:O,'Week 1'!F16,'ยอดจริง Week 1'!Q:Q) -> 0 | AM16: =SUMIF('ยอดจริง Week 1'!O:O,'Week 1'!F16,'ยอดจริง Week 1'!R:R) -> 0 | AN16: =SUMIF('ยอดจริง Week 1'!O:O,'Week 1'!F16,'ยอดจริง Week 1'!S:S) -> 0 | AO16: =AH16-AL16 -> 0 | AP16: =AI16-AM16 -> 0 | AQ16: =AJ16-AN16 -> 0 | AS16: 0 | AU16: =SUM(AR16:AT16) -> 0 | AV16: =SUMIF('ยอดจริง Week 1'!V:V,'Week 1'!F16,'ยอดจริง Week 1'!X:X) -> 0 | AW16: =SUMIF('ยอดจริง Week 1'!V:V,'Week 1'!F16,'ยอดจริง Week 1'!Y:Y) -> 0 | AX16: =SUMIF('ยอดจริง Week 1'!V:V,'Week 1'!F16,'ยอดจริง Week 1'!Z:Z) -> 0 | AY16: =AR16-AV16 -> 0 | AZ16: =AS16-AW16 -> 0 | BA16: =AT16-AX16 -> 0 | BE16: =SUM(BB16:BD16) -> 0 | BF16: =SUMIF('ยอดจริง Week 1'!AC:AC,'Week 1'!F16,'ยอดจริง Week 1'!AE:AE) -> 0 | BG16: =SUMIF('ยอดจริง Week 1'!AC:AC,'Week 1'!F16,'ยอดจริง Week 1'!AF:AF) -> 0 | BH16: =SUMIF('ยอดจริง Week 1'!AC:AC,'Week 1'!F16,'ยอดจริง Week 1'!AG:AG) -> 0 | BI16: =BB16-BF16 -> 0 | BJ16: =BC16-BG16 -> 0 | BK16: =BD16-BH16 -> 0 | BO16: =SUM(BL16:BN16) -> 0 | BP16: =SUMIF('ยอดจริง Week 1'!AJ:AJ,'Week 1'!F16,'ยอดจริง Week 1'!AL:AL) -> 0 | BQ16: =SUMIF('ยอดจริง Week 1'!AJ:AJ,'Week 1'!F16,'ยอดจริง Week 1'!AM:AM) -> 0 | BR16: =SUMIF('ยอดจริง Week 1'!AJ:AJ,'Week 1'!F16,'ยอดจริง Week 1'!AN:AN) -> 0 | BS16: =BL16-BP16 -> 0 | BT16: =BM16-BQ16 -> 0 | BU16: =BN16-BR16 -> 0 | BY16: =SUM(BV16:BX16) -> 0 | BZ16: =SUMIF('ยอดจริง Week 1'!AQ:AQ,'Week 1'!F16,'ยอดจริง Week 1'!AS:AS) -> 0 | CA16: =SUMIF('ยอดจริง Week 1'!AQ:AQ,'Week 1'!F16,'ยอดจริง Week 1'!AT:AT) -> 0 | CB16: =SUMIF('ยอดจริง Week 1'!AQ:AQ,'Week 1'!F16,'ยอดจริง Week 1'!AU:AU) -> 0 | CC16: =BV16-BZ16 -> 0 | CD16: =BW16-CA16 -> 0 | CE16: =BX16-CB16 -> 0
A17: 13 | F17: 1113091 | G17: (BC) ชิฟฟ่อนรวมรส 4 ชิ้น | H17: BC | K17: =SUM(N17,X17,AH17,AR17,BB17,BL17,BV17) -> 0 | L17: =SUM(O17,Y17,AI17,AS17,BC17,BM17,BW17) -> 0 | Q17: =SUM(N17:P17) -> 0 | R17: =SUMIF('ยอดจริง Week 1'!A:A,'Week 1'!F17,'ยอดจริง Week 1'!C:C) -> 0 | S17: =SUMIF('ยอดจริง Week 1'!A:A,'Week 1'!F17,'ยอดจริง Week 1'!D:D) -> 0 | T17: =SUMIF('ยอดจริง Week 1'!A:A,'Week 1'!F17,'ยอดจริง Week 1'!E:E) -> 0 | U17: =N17-R17 -> 0 | V17: =O17-S17 -> 0 | W17: =P17-T17 -> 0 | Y17: 0 | AA17: =SUM(X17:Z17) -> 0 | AB17: =SUMIF('ยอดจริง Week 1'!H:H,'Week 1'!F17,'ยอดจริง Week 1'!J:J) -> 0 | AC17: =SUMIF('ยอดจริง Week 1'!H:H,'Week 1'!F17,'ยอดจริง Week 1'!K:K) -> 0 | AD17: =SUMIF('ยอดจริง Week 1'!H:H,'Week 1'!F17,'ยอดจริง Week 1'!L:L) -> 0 | AE17: =X17-AB17 -> 0 | AF17: =Y17-AC17 -> 0 | AG17: =Z17-AD17 -> 0 | AI17: 0 | AK17: =SUM(AH17:AJ17) -> 0 | AL17: =SUMIF('ยอดจริง Week 1'!O:O,'Week 1'!F17,'ยอดจริง Week 1'!Q:Q) -> 0 | AM17: =SUMIF('ยอดจริง Week 1'!O:O,'Week 1'!F17,'ยอดจริง Week 1'!R:R) -> 0 | AN17: =SUMIF('ยอดจริง Week 1'!O:O,'Week 1'!F17,'ยอดจริง Week 1'!S:S) -> 0 | AO17: =AH17-AL17 -> 0 | AP17: =AI17-AM17 -> 0 | AQ17: =AJ17-AN17 -> 0 | AS17: 0 | AU17: =SUM(AR17:AT17) -> 0 | AV17: =SUMIF('ยอดจริง Week 1'!V:V,'Week 1'!F17,'ยอดจริง Week 1'!X:X) -> 0 | AW17: =SUMIF('ยอดจริง Week 1'!V:V,'Week 1'!F17,'ยอดจริง Week 1'!Y:Y) -> 0 | AX17: =SUMIF('ยอดจริง Week 1'!V:V,'Week 1'!F17,'ยอดจริง Week 1'!Z:Z) -> 0 | AY17: =AR17-AV17 -> 0 | AZ17: =AS17-AW17 -> 0 | BA17: =AT17-AX17 -> 0 | BE17: =SUM(BB17:BD17) -> 0 | BF17: =SUMIF('ยอดจริง Week 1'!AC:AC,'Week 1'!F17,'ยอดจริง Week 1'!AE:AE) -> 0 | BG17: =SUMIF('ยอดจริง Week 1'!AC:AC,'Week 1'!F17,'ยอดจริง Week 1'!AF:AF) -> 0 | BH17: =SUMIF('ยอดจริง Week 1'!AC:AC,'Week 1'!F17,'ยอดจริง Week 1'!AG:AG) -> 0 | BI17: =BB17-BF17 -> 0 | BJ17: =BC17-BG17 -> 0 | BK17: =BD17-BH17 -> 0 | BO17: =SUM(BL17:BN17) -> 0 | BP17: =SUMIF('ยอดจริง Week 1'!AJ:AJ,'Week 1'!F17,'ยอดจริง Week 1'!AL:AL) -> 0 | BQ17: =SUMIF('ยอดจริง Week 1'!AJ:AJ,'Week 1'!F17,'ยอดจริง Week 1'!AM:AM) -> 0 | BR17: =SUMIF('ยอดจริง Week 1'!AJ:AJ,'Week 1'!F17,'ยอดจริง Week 1'!AN:AN) -> 0 | BS17: =BL17-BP17 -> 0 | BT17: =BM17-BQ17 -> 0 | BU17: =BN17-BR17 -> 0 | BY17: =SUM(BV17:BX17) -> 0 | BZ17: =SUMIF('ยอดจริง Week 1'!AQ:AQ,'Week 1'!F17,'ยอดจริง Week 1'!AS:AS) -> 0 | CA17: =SUMIF('ยอดจริง Week 1'!AQ:AQ,'Week 1'!F17,'ยอดจริง Week 1'!AT:AT) -> 0 | CB17: =SUMIF('ยอดจริง Week 1'!AQ:AQ,'Week 1'!F17,'ยอดจริง Week 1'!AU:AU) -> 0 | CC17: =BV17-BZ17 -> 0 | CD17: =BW17-CA17 -> 0 | CE17: =BX17-CB17 -> 0
A18: 14 | F18: 1113083 | G18: (BC) ชิฟฟ่อนฝอยทอง 1 ชิ้น ไม่มีไส้ | K18: =SUM(N18,X18,AH18,AR18,BB18,BL18,BV18) -> 0 | L18: =SUM(O18,Y18,AI18,AS18,BC18,BM18,BW18) -> 0 | Q18: =SUM(N18:P18) -> 0 | R18: =SUMIF('ยอดจริง Week 1'!A:A,'Week 1'!F18,'ยอดจริง Week 1'!C:C) -> 0 | S18: =SUMIF('ยอดจริง Week 1'!A:A,'Week 1'!F18,'ยอดจริง Week 1'!D:D) -> 0 | T18: =SUMIF('ยอดจริง Week 1'!A:A,'Week 1'!F18,'ยอดจริง Week 1'!E:E) -> 0 | U18: =N18-R18 -> 0 | V18: =O18-S18 -> 0 | W18: =P18-T18 -> 0 | Y18: 0 | AA18: =SUM(X18:Z18) -> 0 | AB18: =SUMIF('ยอดจริง Week 1'!H:H,'Week 1'!F18,'ยอดจริง Week 1'!J:J) -> 0 | AC18: =SUMIF('ยอดจริง Week 1'!H:H,'Week 1'!F18,'ยอดจริง Week 1'!K:K) -> 0 | AD18: =SUMIF('ยอดจริง Week 1'!H:H,'Week 1'!F18,'ยอดจริง Week 1'!L:L) -> 0 | AE18: =X18-AB18 -> 0 | AF18: =Y18-AC18 -> 0 | AG18: =Z18-AD18 -> 0 | AI18: 0 | AK18: =SUM(AH18:AJ18) -> 0 | AL18: =SUMIF('ยอดจริง Week 1'!O:O,'Week 1'!F18,'ยอดจริง Week 1'!Q:Q) -> 0 | AM18: =SUMIF('ยอดจริง Week 1'!O:O,'Week 1'!F18,'ยอดจริง Week 1'!R:R) -> 0 | AN18: =SUMIF('ยอดจริง Week 1'!O:O,'Week 1'!F18,'ยอดจริง Week 1'!S:S) -> 0 | AO18: =AH18-AL18 -> 0 | AP18: =AI18-AM18 -> 0 | AQ18: =AJ18-AN18 -> 0 | AS18: 0 | AU18: =SUM(AR18:AT18) -> 0 | AV18: =SUMIF('ยอดจริง Week 1'!V:V,'Week 1'!F18,'ยอดจริง Week 1'!X:X) -> 0 | AW18: =SUMIF('ยอดจริง Week 1'!V:V,'Week 1'!F18,'ยอดจริง Week 1'!Y:Y) -> 0 | AX18: =SUMIF('ยอดจริง Week 1'!V:V,'Week 1'!F18,'ยอดจริง Week 1'!Z:Z) -> 0 | AY18: =AR18-AV18 -> 0 | AZ18: =AS18-AW18 -> 0 | BA18: =AT18-AX18 -> 0 | BE18: =SUM(BB18:BD18) -> 0 | BF18: =SUMIF('ยอดจริง Week 1'!AC:AC,'Week 1'!F18,'ยอดจริง Week 1'!AE:AE) -> 0 | BG18: =SUMIF('ยอดจริง Week 1'!AC:AC,'Week 1'!F18,'ยอดจริง Week 1'!AF:AF) -> 0 | BH18: =SUMIF('ยอดจริง Week 1'!AC:AC,'Week 1'!F18,'ยอดจริง Week 1'!AG:AG) -> 0 | BI18: =BB18-BF18 -> 0 | BJ18: =BC18-BG18 -> 0 | BK18: =BD18-BH18 -> 0 | BO18: =SUM(BL18:BN18) -> 0 | BP18: =SUMIF('ยอดจริง Week 1'!AJ:AJ,'Week 1'!F18,'ยอดจริง Week 1'!AL:AL) -> 0 | BQ18: =SUMIF('ยอดจริง Week 1'!AJ:AJ,'Week 1'!F18,'ยอดจริง Week 1'!AM:AM) -> 0 | BR18: =SUMIF('ยอดจริง Week 1'!AJ:AJ,'Week 1'!F18,'ยอดจริง Week 1'!AN:AN) -> 0 | BS18: =BL18-BP18 -> 0 | BT18: =BM18-BQ18 -> 0 | BU18: =BN18-BR18 -> 0 | BY18: =SUM(BV18:BX18) -> 0 | BZ18: =SUMIF('ยอดจริง Week 1'!AQ:AQ,'Week 1'!F18,'ยอดจริง Week 1'!AS:AS) -> 0 | CA18: =SUMIF('ยอดจริง Week 1'!AQ:AQ,'Week 1'!F18,'ยอดจริง Week 1'!AT:AT) -> 0 | CB18: =SUMIF('ยอดจริง Week 1'!AQ:AQ,'Week 1'!F18,'ยอดจริง Week 1'!AU:AU) -> 0 | CC18: =BV18-BZ18 -> 0 | CD18: =BW18-CA18 -> 0 | CE18: =BX18-CB18 -> 0
A19: 15 | F19: 1111057 | G19: ชิฟฟอนแยกชิ้น กาแฟ | K19: =SUM(N19,X19,AH19,AR19,BB19,BL19,BV19) -> 0 | L19: =SUM(O19,Y19,AI19,AS19,BC19,BM19,BW19) -> 0 | Q19: =SUM(N19:P19) -> 0 | R19: =SUMIF('ยอดจริง Week 1'!A:A,'Week 1'!F19,'ยอดจริง Week 1'!C:C) -> 0 | S19: =SUMIF('ยอดจริง Week 1'!A:A,'Week 1'!F19,'ยอดจริง Week 1'!D:D) -> 0 | T19: =SUMIF('ยอดจริง Week 1'!A:A,'Week 1'!F19,'ยอดจริง Week 1'!E:E) -> 0 | U19: =N19-R19 -> 0 | V19: =O19-S19 -> 0 | W19: =P19-T19 -> 0 | Y19: 0 | AA19: =SUM(X19:Z19) -> 0 | AB19: =SUMIF('ยอดจริง Week 1'!H:H,'Week 1'!F19,'ยอดจริง Week 1'!J:J) -> 0 | AC19: =SUMIF('ยอดจริง Week 1'!H:H,'Week 1'!F19,'ยอดจริง Week 1'!K:K) -> 0 | AD19: =SUMIF('ยอดจริง Week 1'!H:H,'Week 1'!F19,'ยอดจริง Week 1'!L:L) -> 0 | AE19: =X19-AB19 -> 0 | AF19: =Y19-AC19 -> 0 | AG19: =Z19-AD19 -> 0 | AI19: 0 | AK19: =SUM(AH19:AJ19) -> 0 | AL19: =SUMIF('ยอดจริง Week 1'!O:O,'Week 1'!F19,'ยอดจริง Week 1'!Q:Q) -> 0 | AM19: =SUMIF('ยอดจริง Week 1'!O:O,'Week 1'!F19,'ยอดจริง Week 1'!R:R) -> 0 | AN19: =SUMIF('ยอดจริง Week 1'!O:O,'Week 1'!F19,'ยอดจริง Week 1'!S:S) -> 0 | AO19: =AH19-AL19 -> 0 | AP19: =AI19-AM19 -> 0 | AQ19: =AJ19-AN19 -> 0 | AS19: 0 | AU19: =SUM(AR19:AT19) -> 0 | AV19: =SUMIF('ยอดจริง Week 1'!V:V,'Week 1'!F19,'ยอดจริง Week 1'!X:X) -> 0 | AW19: =SUMIF('ยอดจริง Week 1'!V:V,'Week 1'!F19,'ยอดจริง Week 1'!Y:Y) -> 0 | AX19: =SUMIF('ยอดจริง Week 1'!V:V,'Week 1'!F19,'ยอดจริง Week 1'!Z:Z) -> 0 | AY19: =AR19-AV19 -> 0 | AZ19: =AS19-AW19 -> 0 | BA19: =AT19-AX19 -> 0 | BE19: =SUM(BB19:BD19) -> 0 | BF19: =SUMIF('ยอดจริง Week 1'!AC:AC,'Week 1'!F19,'ยอดจริง Week 1'!AE:AE) -> 0 | BG19: =SUMIF('ยอดจริง Week 1'!AC:AC,'Week 1'!F19,'ยอดจริง Week 1'!AF:AF) -> 0 | BH19: =SUMIF('ยอดจริง Week 1'!AC:AC,'Week 1'!F19,'ยอดจริง Week 1'!AG:AG) -> 0 | BI19: =BB19-BF19 -> 0 | BJ19: =BC19-BG19 -> 0 | BK19: =BD19-BH19 -> 0 | BO19: =SUM(BL19:BN19) -> 0 | BP19: =SUMIF('ยอดจริง Week 1'!AJ:AJ,'Week 1'!F19,'ยอดจริง Week 1'!AL:AL) -> 0 | BQ19: =SUMIF('ยอดจริง Week 1'!AJ:AJ,'Week 1'!F19,'ยอดจริง Week 1'!AM:AM) -> 0 | BR19: =SUMIF('ยอดจริง Week 1'!AJ:AJ,'Week 1'!F19,'ยอดจริง Week 1'!AN:AN) -> 0 | BS19: =BL19-BP19 -> 0 | BT19: =BM19-BQ19 -> 0 | BU19: =BN19-BR19 -> 0 | BY19: =SUM(BV19:BX19) -> 0 | BZ19: =SUMIF('ยอดจริง Week 1'!AQ:AQ,'Week 1'!F19,'ยอดจริง Week 1'!AS:AS) -> 0 | CA19: =SUMIF('ยอดจริง Week 1'!AQ:AQ,'Week 1'!F19,'ยอดจริง Week 1'!AT:AT) -> 0 | CB19: =SUMIF('ยอดจริง Week 1'!AQ:AQ,'Week 1'!F19,'ยอดจริง Week 1'!AU:AU) -> 0 | CC19: =BV19-BZ19 -> 0 | CD19: =BW19-CA19 -> 0 | CE19: =BX19-CB19 -> 0
A20: 16 | F20: 1111058 | G20: ชิฟฟอนแยกชิ้น ชาเขียว | K20: =SUM(N20,X20,AH20,AR20,BB20,BL20,BV20) -> 0 | L20: =SUM(O20,Y20,AI20,AS20,BC20,BM20,BW20) -> 0 | Q20: =SUM(N20:P20) -> 0 | R20: =SUMIF('ยอดจริง Week 1'!A:A,'Week 1'!F20,'ยอดจริง Week 1'!C:C) -> 0 | S20: =SUMIF('ยอดจริง Week 1'!A:A,'Week 1'!F20,'ยอดจริง Week 1'!D:D) -> 0 | T20: =SUMIF('ยอดจริง Week 1'!A:A,'Week 1'!F20,'ยอดจริง Week 1'!E:E) -> 0 | U20: =N20-R20 -> 0 | V20: =O20-S20 -> 0 | W20: =P20-T20 -> 0 | Y20: 0 | AA20: =SUM(X20:Z20) -> 0 | AB20: =SUMIF('ยอดจริง Week 1'!H:H,'Week 1'!F20,'ยอดจริง Week 1'!J:J) -> 0 | AC20: =SUMIF('ยอดจริง Week 1'!H:H,'Week 1'!F20,'ยอดจริง Week 1'!K:K) -> 0 | AD20: =SUMIF('ยอดจริง Week 1'!H:H,'Week 1'!F20,'ยอดจริง Week 1'!L:L) -> 0 | AE20: =X20-AB20 -> 0 | AF20: =Y20-AC20 -> 0 | AG20: =Z20-AD20 -> 0 | AI20: 0 | AK20: =SUM(AH20:AJ20) -> 0 | AL20: =SUMIF('ยอดจริง Week 1'!O:O,'Week 1'!F20,'ยอดจริง Week 1'!Q:Q) -> 0 | AM20: =SUMIF('ยอดจริง Week 1'!O:O,'Week 1'!F20,'ยอดจริง Week 1'!R:R) -> 0 | AN20: =SUMIF('ยอดจริง Week 1'!O:O,'Week 1'!F20,'ยอดจริง Week 1'!S:S) -> 0 | AO20: =AH20-AL20 -> 0 | AP20: =AI20-AM20 -> 0 | AQ20: =AJ20-AN20 -> 0 | AS20: 0 | AU20: =SUM(AR20:AT20) -> 0 | AV20: =SUMIF('ยอดจริง Week 1'!V:V,'Week 1'!F20,'ยอดจริง Week 1'!X:X) -> 0 | AW20: =SUMIF('ยอดจริง Week 1'!V:V,'Week 1'!F20,'ยอดจริง Week 1'!Y:Y) -> 0 | AX20: =SUMIF('ยอดจริง Week 1'!V:V,'Week 1'!F20,'ยอดจริง Week 1'!Z:Z) -> 0 | AY20: =AR20-AV20 -> 0 | AZ20: =AS20-AW20 -> 0 | BA20: =AT20-AX20 -> 0 | BE20: =SUM(BB20:BD20) -> 0 | BF20: =SUMIF('ยอดจริง Week 1'!AC:AC,'Week 1'!F20,'ยอดจริง Week 1'!AE:AE) -> 0 | BG20: =SUMIF('ยอดจริง Week 1'!AC:AC,'Week 1'!F20,'ยอดจริง Week 1'!AF:AF) -> 0 | BH20: =SUMIF('ยอดจริง Week 1'!AC:AC,'Week 1'!F20,'ยอดจริง Week 1'!AG:AG) -> 0 | BI20: =BB20-BF20 -> 0 | BJ20: =BC20-BG20 -> 0 | BK20: =BD20-BH20 -> 0 | BO20: =SUM(BL20:BN20) -> 0 | BP20: =SUMIF('ยอดจริง Week 1'!AJ:AJ,'Week 1'!F20,'ยอดจริง Week 1'!AL:AL) -> 0 | BQ20: =SUMIF('ยอดจริง Week 1'!AJ:AJ,'Week 1'!F20,'ยอดจริง Week 1'!AM:AM) -> 0 | BR20: =SUMIF('ยอดจริง Week 1'!AJ:AJ,'Week 1'!F20,'ยอดจริง Week 1'!AN:AN) -> 0 | BS20: =BL20-BP20 -> 0 | BT20: =BM20-BQ20 -> 0 | BU20: =BN20-BR20 -> 0 | BY20: =SUM(BV20:BX20) -> 0 | BZ20: =SUMIF('ยอดจริง Week 1'!AQ:AQ,'Week 1'!F20,'ยอดจริง Week 1'!AS:AS) -> 0 | CA20: =SUMIF('ยอดจริง Week 1'!AQ:AQ,'Week 1'!F20,'ยอดจริง Week 1'!AT:AT) -> 0 | CB20: =SUMIF('ยอดจริง Week 1'!AQ:AQ,'Week 1'!F20,'ยอดจริง Week 1'!AU:AU) -> 0 | CC20: =BV20-BZ20 -> 0 | CD20: =BW20-CA20 -> 0 | CE20: =BX20-CB20 -> 0
A21: 17 | F21: 1111059 | G21: ชิฟฟอนแยกชิ้น ใบเตย | K21: =SUM(N21,X21,AH21,AR21,BB21,BL21,BV21) -> 0 | L21: =SUM(O21,Y21,AI21,AS21,BC21,BM21,BW21) -> 0 | Q21: =SUM(N21:P21) -> 0 | R21: =SUMIF('ยอดจริง Week 1'!A:A,'Week 1'!F21,'ยอดจริง Week 1'!C:C) -> 0 | S21: =SUMIF('ยอดจริง Week 1'!A:A,'Week 1'!F21,'ยอดจริง Week 1'!D:D) -> 0 | T21: =SUMIF('ยอดจริง Week 1'!A:A,'Week 1'!F21,'ยอดจริง Week 1'!E:E) -> 0 | U21: =N21-R21 -> 0 | V21: =O21-S21 -> 0 | W21: =P21-T21 -> 0 | Y21: 0 | AA21: =SUM(X21:Z21) -> 0 | AB21: =SUMIF('ยอดจริง Week 1'!H:H,'Week 1'!F21,'ยอดจริง Week 1'!J:J) -> 0 | AC21: =SUMIF('ยอดจริง Week 1'!H:H,'Week 1'!F21,'ยอดจริง Week 1'!K:K) -> 0 | AD21: =SUMIF('ยอดจริง Week 1'!H:H,'Week 1'!F21,'ยอดจริง Week 1'!L:L) -> 0 | AE21: =X21-AB21 -> 0 | AF21: =Y21-AC21 -> 0 | AG21: =Z21-AD21 -> 0 | AI21: 0 | AK21: =SUM(AH21:AJ21) -> 0 | AL21: =SUMIF('ยอดจริง Week 1'!O:O,'Week 1'!F21,'ยอดจริง Week 1'!Q:Q) -> 0 | AM21: =SUMIF('ยอดจริง Week 1'!O:O,'Week 1'!F21,'ยอดจริง Week 1'!R:R) -> 0 | AN21: =SUMIF('ยอดจริง Week 1'!O:O,'Week 1'!F21,'ยอดจริง Week 1'!S:S) -> 0 | AO21: =AH21-AL21 -> 0 | AP21: =AI21-AM21 -> 0 | AQ21: =AJ21-AN21 -> 0 | AS21: 0 | AU21: =SUM(AR21:AT21) -> 0 | AV21: =SUMIF('ยอดจริง Week 1'!V:V,'Week 1'!F21,'ยอดจริง Week 1'!X:X) -> 0 | AW21: =SUMIF('ยอดจริง Week 1'!V:V,'Week 1'!F21,'ยอดจริง Week 1'!Y:Y) -> 0 | AX21: =SUMIF('ยอดจริง Week 1'!V:V,'Week 1'!F21,'ยอดจริง Week 1'!Z:Z) -> 0 | AY21: =AR21-AV21 -> 0 | AZ21: =AS21-AW21 -> 0 | BA21: =AT21-AX21 -> 0 | BE21: =SUM(BB21:BD21) -> 0 | BF21: =SUMIF('ยอดจริง Week 1'!AC:AC,'Week 1'!F21,'ยอดจริง Week 1'!AE:AE) -> 0 | BG21: =SUMIF('ยอดจริง Week 1'!AC:AC,'Week 1'!F21,'ยอดจริง Week 1'!AF:AF) -> 0 | BH21: =SUMIF('ยอดจริง Week 1'!AC:AC,'Week 1'!F21,'ยอดจริง Week 1'!AG:AG) -> 0 | BI21: =BB21-BF21 -> 0 | BJ21: =BC21-BG21 -> 0 | BK21: =BD21-BH21 -> 0 | BO21: =SUM(BL21:BN21) -> 0 | BP21: =SUMIF('ยอดจริง Week 1'!AJ:AJ,'Week 1'!F21,'ยอดจริง Week 1'!AL:AL) -> 0 | BQ21: =SUMIF('ยอดจริง Week 1'!AJ:AJ,'Week 1'!F21,'ยอดจริง Week 1'!AM:AM) -> 0 | BR21: =SUMIF('ยอดจริง Week 1'!AJ:AJ,'Week 1'!F21,'ยอดจริง Week 1'!AN:AN) -> 0 | BS21: =BL21-BP21 -> 0 | BT21: =BM21-BQ21 -> 0 | BU21: =BN21-BR21 -> 0 | BY21: =SUM(BV21:BX21) -> 0 | BZ21: =SUMIF('ยอดจริง Week 1'!AQ:AQ,'Week 1'!F21,'ยอดจริง Week 1'!AS:AS) -> 0 | CA21: =SUMIF('ยอดจริง Week 1'!AQ:AQ,'Week 1'!F21,'ยอดจริง Week 1'!AT:AT) -> 0 | CB21: =SUMIF('ยอดจริง Week 1'!AQ:AQ,'Week 1'!F21,'ยอดจริง Week 1'!AU:AU) -> 0 | CC21: =BV21-BZ21 -> 0 | CD21: =BW21-CA21 -> 0 | CE21: =BX21-CB21 -> 0
A22: 18 | F22: 1111060 | G22: ชิฟฟอนแยกชิ้น กล้วยหอม | K22: =SUM(N22,X22,AH22,AR22,BB22,BL22,BV22) -> 0 | L22: =SUM(O22,Y22,AI22,AS22,BC22,BM22,BW22) -> 0 | Q22: =SUM(N22:P22) -> 0 | R22: =SUMIF('ยอดจริง Week 1'!A:A,'Week 1'!F22,'ยอดจริง Week 1'!C:C) -> 0 | S22: =SUMIF('ยอดจริง Week 1'!A:A,'Week 1'!F22,'ยอดจริง Week 1'!D:D) -> 0 | T22: =SUMIF('ยอดจริง Week 1'!A:A,'Week 1'!F22,'ยอดจริง Week 1'!E:E) -> 0 | U22: =N22-R22 -> 0 | V22: =O22-S22 -> 0 | W22: =P22-T22 -> 0 | Y22: 0 | AA22: =SUM(X22:Z22) -> 0 | AB22: =SUMIF('ยอดจริง Week 1'!H:H,'Week 1'!F22,'ยอดจริง Week 1'!J:J) -> 0 | AC22: =SUMIF('ยอดจริง Week 1'!H:H,'Week 1'!F22,'ยอดจริง Week 1'!K:K) -> 0 | AD22: =SUMIF('ยอดจริง Week 1'!H:H,'Week 1'!F22,'ยอดจริง Week 1'!L:L) -> 0 | AE22: =X22-AB22 -> 0 | AF22: =Y22-AC22 -> 0 | AG22: =Z22-AD22 -> 0 | AI22: 0 | AK22: =SUM(AH22:AJ22) -> 0 | AL22: =SUMIF('ยอดจริง Week 1'!O:O,'Week 1'!F22,'ยอดจริง Week 1'!Q:Q) -> 0 | AM22: =SUMIF('ยอดจริง Week 1'!O:O,'Week 1'!F22,'ยอดจริง Week 1'!R:R) -> 0 | AN22: =SUMIF('ยอดจริง Week 1'!O:O,'Week 1'!F22,'ยอดจริง Week 1'!S:S) -> 0 | AO22: =AH22-AL22 -> 0 | AP22: =AI22-AM22 -> 0 | AQ22: =AJ22-AN22 -> 0 | AS22: 0 | AU22: =SUM(AR22:AT22) -> 0 | AV22: =SUMIF('ยอดจริง Week 1'!V:V,'Week 1'!F22,'ยอดจริง Week 1'!X:X) -> 0 | AW22: =SUMIF('ยอดจริง Week 1'!V:V,'Week 1'!F22,'ยอดจริง Week 1'!Y:Y) -> 0 | AX22: =SUMIF('ยอดจริง Week 1'!V:V,'Week 1'!F22,'ยอดจริง Week 1'!Z:Z) -> 0 | AY22: =AR22-AV22 -> 0 | AZ22: =AS22-AW22 -> 0 | BA22: =AT22-AX22 -> 0 | BE22: =SUM(BB22:BD22) -> 0 | BF22: =SUMIF('ยอดจริง Week 1'!AC:AC,'Week 1'!F22,'ยอดจริง Week 1'!AE:AE) -> 0 | BG22: =SUMIF('ยอดจริง Week 1'!AC:AC,'Week 1'!F22,'ยอดจริง Week 1'!AF:AF) -> 0 | BH22: =SUMIF('ยอดจริง Week 1'!AC:AC,'Week 1'!F22,'ยอดจริง Week 1'!AG:AG) -> 0 | BI22: =BB22-BF22 -> 0 | BJ22: =BC22-BG22 -> 0 | BK22: =BD22-BH22 -> 0 | BO22: =SUM(BL22:BN22) -> 0 | BP22: =SUMIF('ยอดจริง Week 1'!AJ:AJ,'Week 1'!F22,'ยอดจริง Week 1'!AL:AL) -> 0 | BQ22: =SUMIF('ยอดจริง Week 1'!AJ:AJ,'Week 1'!F22,'ยอดจริง Week 1'!AM:AM) -> 0 | BR22: =SUMIF('ยอดจริง Week 1'!AJ:AJ,'Week 1'!F22,'ยอดจริง Week 1'!AN:AN) -> 0 | BS22: =BL22-BP22 -> 0 | BT22: =BM22-BQ22 -> 0 | BU22: =BN22-BR22 -> 0 | BY22: =SUM(BV22:BX22) -> 0 | BZ22: =SUMIF('ยอดจริง Week 1'!AQ:AQ,'Week 1'!F22,'ยอดจริง Week 1'!AS:AS) -> 0 | CA22: =SUMIF('ยอดจริง Week 1'!AQ:AQ,'Week 1'!F22,'ยอดจริง Week 1'!AT:AT) -> 0 | CB22: =SUMIF('ยอดจริง Week 1'!AQ:AQ,'Week 1'!F22,'ยอดจริง Week 1'!AU:AU) -> 0 | CC22: =BV22-BZ22 -> 0 | CD22: =BW22-CA22 -> 0 | CE22: =BX22-CB22 -> 0
A23: 19 | F23: 1111061 | G23: ชิฟฟอนแยกชิ้น ชาไทย | K23: =SUM(N23,X23,AH23,AR23,BB23,BL23,BV23) -> 0 | L23: =SUM(O23,Y23,AI23,AS23,BC23,BM23,BW23) -> 0 | Q23: =SUM(N23:P23) -> 0 | R23: =SUMIF('ยอดจริง Week 1'!A:A,'Week 1'!F23,'ยอดจริง Week 1'!C:C) -> 0 | S23: =SUMIF('ยอดจริง Week 1'!A:A,'Week 1'!F23,'ยอดจริง Week 1'!D:D) -> 0 | T23: =SUMIF('ยอดจริง Week 1'!A:A,'Week 1'!F23,'ยอดจริง Week 1'!E:E) -> 0 | U23: =N23-R23 -> 0 | V23: =O23-S23 -> 0 | W23: =P23-T23 -> 0 | Y23: 0 | AA23: =SUM(X23:Z23) -> 0 | AB23: =SUMIF('ยอดจริง Week 1'!H:H,'Week 1'!F23,'ยอดจริง Week 1'!J:J) -> 0 | AC23: =SUMIF('ยอดจริง Week 1'!H:H,'Week 1'!F23,'ยอดจริง Week 1'!K:K) -> 0 | AD23: =SUMIF('ยอดจริง Week 1'!H:H,'Week 1'!F23,'ยอดจริง Week 1'!L:L) -> 0 | AE23: =X23-AB23 -> 0 | AF23: =Y23-AC23 -> 0 | AG23: =Z23-AD23 -> 0 | AI23: 0 | AK23: =SUM(AH23:AJ23) -> 0 | AL23: =SUMIF('ยอดจริง Week 1'!O:O,'Week 1'!F23,'ยอดจริง Week 1'!Q:Q) -> 0 | AM23: =SUMIF('ยอดจริง Week 1'!O:O,'Week 1'!F23,'ยอดจริง Week 1'!R:R) -> 0 | AN23: =SUMIF('ยอดจริง Week 1'!O:O,'Week 1'!F23,'ยอดจริง Week 1'!S:S) -> 0 | AO23: =AH23-AL23 -> 0 | AP23: =AI23-AM23 -> 0 | AQ23: =AJ23-AN23 -> 0 | AS23: 0 | AU23: =SUM(AR23:AT23) -> 0 | AV23: =SUMIF('ยอดจริง Week 1'!V:V,'Week 1'!F23,'ยอดจริง Week 1'!X:X) -> 0 | AW23: =SUMIF('ยอดจริง Week 1'!V:V,'Week 1'!F23,'ยอดจริง Week 1'!Y:Y) -> 0 | AX23: =SUMIF('ยอดจริง Week 1'!V:V,'Week 1'!F23,'ยอดจริง Week 1'!Z:Z) -> 0 | AY23: =AR23-AV23 -> 0 | AZ23: =AS23-AW23 -> 0 | BA23: =AT23-AX23 -> 0 | BE23: =SUM(BB23:BD23) -> 0 | BF23: =SUMIF('ยอดจริง Week 1'!AC:AC,'Week 1'!F23,'ยอดจริง Week 1'!AE:AE) -> 0 | BG23: =SUMIF('ยอดจริง Week 1'!AC:AC,'Week 1'!F23,'ยอดจริง Week 1'!AF:AF) -> 0 | BH23: =SUMIF('ยอดจริง Week 1'!AC:AC,'Week 1'!F23,'ยอดจริง Week 1'!AG:AG) -> 0 | BI23: =BB23-BF23 -> 0 | BJ23: =BC23-BG23 -> 0 | BK23: =BD23-BH23 -> 0 | BO23: =SUM(BL23:BN23) -> 0 | BP23: =SUMIF('ยอดจริง Week 1'!AJ:AJ,'Week 1'!F23,'ยอดจริง Week 1'!AL:AL) -> 0 | BQ23: =SUMIF('ยอดจริง Week 1'!AJ:AJ,'Week 1'!F23,'ยอดจริง Week 1'!AM:AM) -> 0 | BR23: =SUMIF('ยอดจริง Week 1'!AJ:AJ,'Week 1'!F23,'ยอดจริง Week 1'!AN:AN) -> 0 | BS23: =BL23-BP23 -> 0 | BT23: =BM23-BQ23 -> 0 | BU23: =BN23-BR23 -> 0 | BY23: =SUM(BV23:BX23) -> 0 | BZ23: =SUMIF('ยอดจริง Week 1'!AQ:AQ,'Week 1'!F23,'ยอดจริง Week 1'!AS:AS) -> 0 | CA23: =SUMIF('ยอดจริง Week 1'!AQ:AQ,'Week 1'!F23,'ยอดจริง Week 1'!AT:AT) -> 0 | CB23: =SUMIF('ยอดจริง Week 1'!AQ:AQ,'Week 1'!F23,'ยอดจริง Week 1'!AU:AU) -> 0 | CC23: =BV23-BZ23 -> 0 | CD23: =BW23-CA23 -> 0 | CE23: =BX23-CB23 -> 0
A24: 20 | F24: 1111062 | G24: ชิฟฟอนแยกชิ้น โกโก้ | K24: =SUM(N24,X24,AH24,AR24,BB24,BL24,BV24) -> 0 | L24: =SUM(O24,Y24,AI24,AS24,BC24,BM24,BW24) -> 0 | Q24: =SUM(N24:P24) -> 0 | R24: =SUMIF('ยอดจริง Week 1'!A:A,'Week 1'!F24,'ยอดจริง Week 1'!C:C) -> 0 | S24: =SUMIF('ยอดจริง Week 1'!A:A,'Week 1'!F24,'ยอดจริง Week 1'!D:D) -> 0 | T24: =SUMIF('ยอดจริง Week 1'!A:A,'Week 1'!F24,'ยอดจริง Week 1'!E:E) -> 0 | U24: =N24-R24 -> 0 | V24: =O24-S24 -> 0 | W24: =P24-T24 -> 0 | Y24: 0 | AA24: =SUM(X24:Z24) -> 0 | AB24: =SUMIF('ยอดจริง Week 1'!H:H,'Week 1'!F24,'ยอดจริง Week 1'!J:J) -> 0 | AC24: =SUMIF('ยอดจริง Week 1'!H:H,'Week 1'!F24,'ยอดจริง Week 1'!K:K) -> 0 | AD24: =SUMIF('ยอดจริง Week 1'!H:H,'Week 1'!F24,'ยอดจริง Week 1'!L:L) -> 0 | AE24: =X24-AB24 -> 0 | AF24: =Y24-AC24 -> 0 | AG24: =Z24-AD24 -> 0 | AI24: 0 | AK24: =SUM(AH24:AJ24) -> 0 | AL24: =SUMIF('ยอดจริง Week 1'!O:O,'Week 1'!F24,'ยอดจริง Week 1'!Q:Q) -> 0 | AM24: =SUMIF('ยอดจริง Week 1'!O:O,'Week 1'!F24,'ยอดจริง Week 1'!R:R) -> 0 | AN24: =SUMIF('ยอดจริง Week 1'!O:O,'Week 1'!F24,'ยอดจริง Week 1'!S:S) -> 0 | AO24: =AH24-AL24 -> 0 | AP24: =AI24-AM24 -> 0 | AQ24: =AJ24-AN24 -> 0 | AS24: 0 | AU24: =SUM(AR24:AT24) -> 0 | AV24: =SUMIF('ยอดจริง Week 1'!V:V,'Week 1'!F24,'ยอดจริง Week 1'!X:X) -> 0 | AW24: =SUMIF('ยอดจริง Week 1'!V:V,'Week 1'!F24,'ยอดจริง Week 1'!Y:Y) -> 0 | AX24: =SUMIF('ยอดจริง Week 1'!V:V,'Week 1'!F24,'ยอดจริง Week 1'!Z:Z) -> 0 | AY24: =AR24-AV24 -> 0 | AZ24: =AS24-AW24 -> 0 | BA24: =AT24-AX24 -> 0 | BE24: =SUM(BB24:BD24) -> 0 | BF24: =SUMIF('ยอดจริง Week 1'!AC:AC,'Week 1'!F24,'ยอดจริง Week 1'!AE:AE) -> 0 | BG24: =SUMIF('ยอดจริง Week 1'!AC:AC,'Week 1'!F24,'ยอดจริง Week 1'!AF:AF) -> 0 | BH24: =SUMIF('ยอดจริง Week 1'!AC:AC,'Week 1'!F24,'ยอดจริง Week 1'!AG:AG) -> 0 | BI24: =BB24-BF24 -> 0 | BJ24: =BC24-BG24 -> 0 | BK24: =BD24-BH24 -> 0 | BO24: =SUM(BL24:BN24) -> 0 | BP24: =SUMIF('ยอดจริง Week 1'!AJ:AJ,'Week 1'!F24,'ยอดจริง Week 1'!AL:AL) -> 0 | BQ24: =SUMIF('ยอดจริง Week 1'!AJ:AJ,'Week 1'!F24,'ยอดจริง Week 1'!AM:AM) -> 0 | BR24: =SUMIF('ยอดจริง Week 1'!AJ:AJ,'Week 1'!F24,'ยอดจริง Week 1'!AN:AN) -> 0 | BS24: =BL24-BP24 -> 0 | BT24: =BM24-BQ24 -> 0 | BU24: =BN24-BR24 -> 0 | BY24: =SUM(BV24:BX24) -> 0 | BZ24: =SUMIF('ยอดจริง Week 1'!AQ:AQ,'Week 1'!F24,'ยอดจริง Week 1'!AS:AS) -> 0 | CA24: =SUMIF('ยอดจริง Week 1'!AQ:AQ,'Week 1'!F24,'ยอดจริง Week 1'!AT:AT) -> 0 | CB24: =SUMIF('ยอดจริง Week 1'!AQ:AQ,'Week 1'!F24,'ยอดจริง Week 1'!AU:AU) -> 0 | CC24: =BV24-BZ24 -> 0 | CD24: =BW24-CA24 -> 0 | CE24: =BX24-CB24 -> 0
A25: 21 | F25: 1111063 | G25: ชิฟฟอนแยกชิ้น ส้ม | K25: =SUM(N25,X25,AH25,AR25,BB25,BL25,BV25) -> 0 | L25: =SUM(O25,Y25,AI25,AS25,BC25,BM25,BW25) -> 0 | Q25: =SUM(N25:P25) -> 0 | R25: =SUMIF('ยอดจริง Week 1'!A:A,'Week 1'!F25,'ยอดจริง Week 1'!C:C) -> 0 | S25: =SUMIF('ยอดจริง Week 1'!A:A,'Week 1'!F25,'ยอดจริง Week 1'!D:D) -> 0 | T25: =SUMIF('ยอดจริง Week 1'!A:A,'Week 1'!F25,'ยอดจริง Week 1'!E:E) -> 0 | U25: =N25-R25 -> 0 | V25: =O25-S25 -> 0 | W25: =P25-T25 -> 0 | Y25: 0 | AA25: =SUM(X25:Z25) -> 0 | AB25: =SUMIF('ยอดจริง Week 1'!H:H,'Week 1'!F25,'ยอดจริง Week 1'!J:J) -> 0 | AC25: =SUMIF('ยอดจริง Week 1'!H:H,'Week 1'!F25,'ยอดจริง Week 1'!K:K) -> 0 | AD25: =SUMIF('ยอดจริง Week 1'!H:H,'Week 1'!F25,'ยอดจริง Week 1'!L:L) -> 0 | AE25: =X25-AB25 -> 0 | AF25: =Y25-AC25 -> 0 | AG25: =Z25-AD25 -> 0 | AI25: 0 | AK25: =SUM(AH25:AJ25) -> 0 | AL25: =SUMIF('ยอดจริง Week 1'!O:O,'Week 1'!F25,'ยอดจริง Week 1'!Q:Q) -> 0 | AM25: =SUMIF('ยอดจริง Week 1'!O:O,'Week 1'!F25,'ยอดจริง Week 1'!R:R) -> 0 | AN25: =SUMIF('ยอดจริง Week 1'!O:O,'Week 1'!F25,'ยอดจริง Week 1'!S:S) -> 0 | AO25: =AH25-AL25 -> 0 | AP25: =AI25-AM25 -> 0 | AQ25: =AJ25-AN25 -> 0 | AS25: 0 | AU25: =SUM(AR25:AT25) -> 0 | AV25: =SUMIF('ยอดจริง Week 1'!V:V,'Week 1'!F25,'ยอดจริง Week 1'!X:X) -> 0 | AW25: =SUMIF('ยอดจริง Week 1'!V:V,'Week 1'!F25,'ยอดจริง Week 1'!Y:Y) -> 0 | AX25: =SUMIF('ยอดจริง Week 1'!V:V,'Week 1'!F25,'ยอดจริง Week 1'!Z:Z) -> 0 | AY25: =AR25-AV25 -> 0 | AZ25: =AS25-AW25 -> 0 | BA25: =AT25-AX25 -> 0 | BE25: =SUM(BB25:BD25) -> 0 | BF25: =SUMIF('ยอดจริง Week 1'!AC:AC,'Week 1'!F25,'ยอดจริง Week 1'!AE:AE) -> 0 | BG25: =SUMIF('ยอดจริง Week 1'!AC:AC,'Week 1'!F25,'ยอดจริง Week 1'!AF:AF) -> 0 | BH25: =SUMIF('ยอดจริง Week 1'!AC:AC,'Week 1'!F25,'ยอดจริง Week 1'!AG:AG) -> 0 | BI25: =BB25-BF25 -> 0 | BJ25: =BC25-BG25 -> 0 | BK25: =BD25-BH25 -> 0 | BO25: =SUM(BL25:BN25) -> 0 | BP25: =SUMIF('ยอดจริง Week 1'!AJ:AJ,'Week 1'!F25,'ยอดจริง Week 1'!AL:AL) -> 0 | BQ25: =SUMIF('ยอดจริง Week 1'!AJ:AJ,'Week 1'!F25,'ยอดจริง Week 1'!AM:AM) -> 0 | BR25: =SUMIF('ยอดจริง Week 1'!AJ:AJ,'Week 1'!F25,'ยอดจริง Week 1'!AN:AN) -> 0 | BS25: =BL25-BP25 -> 0 | BT25: =BM25-BQ25 -> 0 | BU25: =BN25-BR25 -> 0 | BY25: =SUM(BV25:BX25) -> 0 | BZ25: =SUMIF('ยอดจริง Week 1'!AQ:AQ,'Week 1'!F25,'ยอดจริง Week 1'!AS:AS) -> 0 | CA25: =SUMIF('ยอดจริง Week 1'!AQ:AQ,'Week 1'!F25,'ยอดจริง Week 1'!AT:AT) -> 0 | CB25: =SUMIF('ยอดจริง Week 1'!AQ:AQ,'Week 1'!F25,'ยอดจริง Week 1'!AU:AU) -> 0 | CC25: =BV25-BZ25 -> 0 | CD25: =BW25-CA25 -> 0 | CE25: =BX25-CB25 -> 0
A26: 22 | F26: 1111064 | G26: ชิฟฟอนแยกชิ้น เผือก | K26: =SUM(N26,X26,AH26,AR26,BB26,BL26,BV26) -> 0 | L26: =SUM(O26,Y26,AI26,AS26,BC26,BM26,BW26) -> 0 | Q26: =SUM(N26:P26) -> 0 | R26: =SUMIF('ยอดจริง Week 1'!A:A,'Week 1'!F26,'ยอดจริง Week 1'!C:C) -> 0 | S26: =SUMIF('ยอดจริง Week 1'!A:A,'Week 1'!F26,'ยอดจริง Week 1'!D:D) -> 0 | T26: =SUMIF('ยอดจริง Week 1'!A:A,'Week 1'!F26,'ยอดจริง Week 1'!E:E) -> 0 | U26: =N26-R26 -> 0 | V26: =O26-S26 -> 0 | W26: =P26-T26 -> 0 | Y26: 0 | AA26: =SUM(X26:Z26) -> 0 | AB26: =SUMIF('ยอดจริง Week 1'!H:H,'Week 1'!F26,'ยอดจริง Week 1'!J:J) -> 0 | AC26: =SUMIF('ยอดจริง Week 1'!H:H,'Week 1'!F26,'ยอดจริง Week 1'!K:K) -> 0 | AD26: =SUMIF('ยอดจริง Week 1'!H:H,'Week 1'!F26,'ยอดจริง Week 1'!L:L) -> 0 | AE26: =X26-AB26 -> 0 | AF26: =Y26-AC26 -> 0 | AG26: =Z26-AD26 -> 0 | AI26: 0 | AK26: =SUM(AH26:AJ26) -> 0 | AL26: =SUMIF('ยอดจริง Week 1'!O:O,'Week 1'!F26,'ยอดจริง Week 1'!Q:Q) -> 0 | AM26: =SUMIF('ยอดจริง Week 1'!O:O,'Week 1'!F26,'ยอดจริง Week 1'!R:R) -> 0 | AN26: =SUMIF('ยอดจริง Week 1'!O:O,'Week 1'!F26,'ยอดจริง Week 1'!S:S) -> 0 | AO26: =AH26-AL26 -> 0 | AP26: =AI26-AM26 -> 0 | AQ26: =AJ26-AN26 -> 0 | AS26: 0 | AU26: =SUM(AR26:AT26) -> 0 | AV26: =SUMIF('ยอดจริง Week 1'!V:V,'Week 1'!F26,'ยอดจริง Week 1'!X:X) -> 0 | AW26: =SUMIF('ยอดจริง Week 1'!V:V,'Week 1'!F26,'ยอดจริง Week 1'!Y:Y) -> 0 | AX26: =SUMIF('ยอดจริง Week 1'!V:V,'Week 1'!F26,'ยอดจริง Week 1'!Z:Z) -> 0 | AY26: =AR26-AV26 -> 0 | AZ26: =AS26-AW26 -> 0 | BA26: =AT26-AX26 -> 0 | BE26: =SUM(BB26:BD26) -> 0 | BF26: =SUMIF('ยอดจริง Week 1'!AC:AC,'Week 1'!F26,'ยอดจริง Week 1'!AE:AE) -> 0 | BG26: =SUMIF('ยอดจริง Week 1'!AC:AC,'Week 1'!F26,'ยอดจริง Week 1'!AF:AF) -> 0 | BH26: =SUMIF('ยอดจริง Week 1'!AC:AC,'Week 1'!F26,'ยอดจริง Week 1'!AG:AG) -> 0 | BI26: =BB26-BF26 -> 0 | BJ26: =BC26-BG26 -> 0 | BK26: =BD26-BH26 -> 0 | BO26: =SUM(BL26:BN26) -> 0 | BP26: =SUMIF('ยอดจริง Week 1'!AJ:AJ,'Week 1'!F26,'ยอดจริง Week 1'!AL:AL) -> 0 | BQ26: =SUMIF('ยอดจริง Week 1'!AJ:AJ,'Week 1'!F26,'ยอดจริง Week 1'!AM:AM) -> 0 | BR26: =SUMIF('ยอดจริง Week 1'!AJ:AJ,'Week 1'!F26,'ยอดจริง Week 1'!AN:AN) -> 0 | BS26: =BL26-BP26 -> 0 | BT26: =BM26-BQ26 -> 0 | BU26: =BN26-BR26 -> 0 | BY26: =SUM(BV26:BX26) -> 0 | BZ26: =SUMIF('ยอดจริง Week 1'!AQ:AQ,'Week 1'!F26,'ยอดจริง Week 1'!AS:AS) -> 0 | CA26: =SUMIF('ยอดจริง Week 1'!AQ:AQ,'Week 1'!F26,'ยอดจริง Week 1'!AT:AT) -> 0 | CB26: =SUMIF('ยอดจริง Week 1'!AQ:AQ,'Week 1'!F26,'ยอดจริง Week 1'!AU:AU) -> 0 | CC26: =BV26-BZ26 -> 0 | CD26: =BW26-CA26 -> 0 | CE26: =BX26-CB26 -> 0
A27: 23 | F27: 1111065 | G27: ชิฟฟอนแยกชิ้น สับปะรด | K27: =SUM(N27,X27,AH27,AR27,BB27,BL27,BV27) -> 0 | L27: =SUM(O27,Y27,AI27,AS27,BC27,BM27,BW27) -> 0 | Q27: =SUM(N27:P27) -> 0 | R27: =SUMIF('ยอดจริง Week 1'!A:A,'Week 1'!F27,'ยอดจริง Week 1'!C:C) -> 0 | S27: =SUMIF('ยอดจริง Week 1'!A:A,'Week 1'!F27,'ยอดจริง Week 1'!D:D) -> 0 | T27: =SUMIF('ยอดจริง Week 1'!A:A,'Week 1'!F27,'ยอดจริง Week 1'!E:E) -> 0 | U27: =N27-R27 -> 0 | V27: =O27-S27 -> 0 | W27: =P27-T27 -> 0 | Y27: 0 | AA27: =SUM(X27:Z27) -> 0 | AB27: =SUMIF('ยอดจริง Week 1'!H:H,'Week 1'!F27,'ยอดจริง Week 1'!J:J) -> 0 | AC27: =SUMIF('ยอดจริง Week 1'!H:H,'Week 1'!F27,'ยอดจริง Week 1'!K:K) -> 0 | AD27: =SUMIF('ยอดจริง Week 1'!H:H,'Week 1'!F27,'ยอดจริง Week 1'!L:L) -> 0 | AE27: =X27-AB27 -> 0 | AF27: =Y27-AC27 -> 0 | AG27: =Z27-AD27 -> 0 | AI27: 0 | AK27: =SUM(AH27:AJ27) -> 0 | AL27: =SUMIF('ยอดจริง Week 1'!O:O,'Week 1'!F27,'ยอดจริง Week 1'!Q:Q) -> 0 | AM27: =SUMIF('ยอดจริง Week 1'!O:O,'Week 1'!F27,'ยอดจริง Week 1'!R:R) -> 0 | AN27: =SUMIF('ยอดจริง Week 1'!O:O,'Week 1'!F27,'ยอดจริง Week 1'!S:S) -> 0 | AO27: =AH27-AL27 -> 0 | AP27: =AI27-AM27 -> 0 | AQ27: =AJ27-AN27 -> 0 | AS27: 0 | AU27: =SUM(AR27:AT27) -> 0 | AV27: =SUMIF('ยอดจริง Week 1'!V:V,'Week 1'!F27,'ยอดจริง Week 1'!X:X) -> 0 | AW27: =SUMIF('ยอดจริง Week 1'!V:V,'Week 1'!F27,'ยอดจริง Week 1'!Y:Y) -> 0 | AX27: =SUMIF('ยอดจริง Week 1'!V:V,'Week 1'!F27,'ยอดจริง Week 1'!Z:Z) -> 0 | AY27: =AR27-AV27 -> 0 | AZ27: =AS27-AW27 -> 0 | BA27: =AT27-AX27 -> 0 | BE27: =SUM(BB27:BD27) -> 0 | BF27: =SUMIF('ยอดจริง Week 1'!AC:AC,'Week 1'!F27,'ยอดจริง Week 1'!AE:AE) -> 0 | BG27: =SUMIF('ยอดจริง Week 1'!AC:AC,'Week 1'!F27,'ยอดจริง Week 1'!AF:AF) -> 0 | BH27: =SUMIF('ยอดจริง Week 1'!AC:AC,'Week 1'!F27,'ยอดจริง Week 1'!AG:AG) -> 0 | BI27: =BB27-BF27 -> 0 | BJ27: =BC27-BG27 -> 0 | BK27: =BD27-BH27 -> 0 | BO27: =SUM(BL27:BN27) -> 0 | BP27: =SUMIF('ยอดจริง Week 1'!AJ:AJ,'Week 1'!F27,'ยอดจริง Week 1'!AL:AL) -> 0 | BQ27: =SUMIF('ยอดจริง Week 1'!AJ:AJ,'Week 1'!F27,'ยอดจริง Week 1'!AM:AM) -> 0 | BR27: =SUMIF('ยอดจริง Week 1'!AJ:AJ,'Week 1'!F27,'ยอดจริง Week 1'!AN:AN) -> 0 | BS27: =BL27-BP27 -> 0 | BT27: =BM27-BQ27 -> 0 | BU27: =BN27-BR27 -> 0 | BY27: =SUM(BV27:BX27) -> 0 | BZ27: =SUMIF('ยอดจริง Week 1'!AQ:AQ,'Week 1'!F27,'ยอดจริง Week 1'!AS:AS) -> 0 | CA27: =SUMIF('ยอดจริง Week 1'!AQ:AQ,'Week 1'!F27,'ยอดจริง Week 1'!AT:AT) -> 0 | CB27: =SUMIF('ยอดจริง Week 1'!AQ:AQ,'Week 1'!F27,'ยอดจริง Week 1'!AU:AU) -> 0 | CC27: =BV27-BZ27 -> 0 | CD27: =BW27-CA27 -> 0 | CE27: =BX27-CB27 -> 0
A28: 24 | F28: 1111066 | G28: ชิฟฟอนแยกชิ้น สตอเบอรี่ | K28: =SUM(N28,X28,AH28,AR28,BB28,BL28,BV28) -> 0 | L28: =SUM(O28,Y28,AI28,AS28,BC28,BM28,BW28) -> 0 | Q28: =SUM(N28:P28) -> 0 | R28: =SUMIF('ยอดจริง Week 1'!A:A,'Week 1'!F28,'ยอดจริง Week 1'!C:C) -> 0 | S28: =SUMIF('ยอดจริง Week 1'!A:A,'Week 1'!F28,'ยอดจริง Week 1'!D:D) -> 0 | T28: =SUMIF('ยอดจริง Week 1'!A:A,'Week 1'!F28,'ยอดจริง Week 1'!E:E) -> 0 | U28: =N28-R28 -> 0 | V28: =O28-S28 -> 0 | W28: =P28-T28 -> 0 | Y28: 0 | AA28: =SUM(X28:Z28) -> 0 | AB28: =SUMIF('ยอดจริง Week 1'!H:H,'Week 1'!F28,'ยอดจริง Week 1'!J:J) -> 0 | AC28: =SUMIF('ยอดจริง Week 1'!H:H,'Week 1'!F28,'ยอดจริง Week 1'!K:K) -> 0 | AD28: =SUMIF('ยอดจริง Week 1'!H:H,'Week 1'!F28,'ยอดจริง Week 1'!L:L) -> 0 | AE28: =X28-AB28 -> 0 | AF28: =Y28-AC28 -> 0 | AG28: =Z28-AD28 -> 0 | AI28: 0 | AK28: =SUM(AH28:AJ28) -> 0 | AL28: =SUMIF('ยอดจริง Week 1'!O:O,'Week 1'!F28,'ยอดจริง Week 1'!Q:Q) -> 0 | AM28: =SUMIF('ยอดจริง Week 1'!O:O,'Week 1'!F28,'ยอดจริง Week 1'!R:R) -> 0 | AN28: =SUMIF('ยอดจริง Week 1'!O:O,'Week 1'!F28,'ยอดจริง Week 1'!S:S) -> 0 | AO28: =AH28-AL28 -> 0 | AP28: =AI28-AM28 -> 0 | AQ28: =AJ28-AN28 -> 0 | AS28: 0 | AU28: =SUM(AR28:AT28) -> 0 | AV28: =SUMIF('ยอดจริง Week 1'!V:V,'Week 1'!F28,'ยอดจริง Week 1'!X:X) -> 0 | AW28: =SUMIF('ยอดจริง Week 1'!V:V,'Week 1'!F28,'ยอดจริง Week 1'!Y:Y) -> 0 | AX28: =SUMIF('ยอดจริง Week 1'!V:V,'Week 1'!F28,'ยอดจริง Week 1'!Z:Z) -> 0 | AY28: =AR28-AV28 -> 0 | AZ28: =AS28-AW28 -> 0 | BA28: =AT28-AX28 -> 0 | BE28: =SUM(BB28:BD28) -> 0 | BF28: =SUMIF('ยอดจริง Week 1'!AC:AC,'Week 1'!F28,'ยอดจริง Week 1'!AE:AE) -> 0 | BG28: =SUMIF('ยอดจริง Week 1'!AC:AC,'Week 1'!F28,'ยอดจริง Week 1'!AF:AF) -> 0 | BH28: =SUMIF('ยอดจริง Week 1'!AC:AC,'Week 1'!F28,'ยอดจริง Week 1'!AG:AG) -> 0 | BI28: =BB28-BF28 -> 0 | BJ28: =BC28-BG28 -> 0 | BK28: =BD28-BH28 -> 0 | BO28: =SUM(BL28:BN28) -> 0 | BP28: =SUMIF('ยอดจริง Week 1'!AJ:AJ,'Week 1'!F28,'ยอดจริง Week 1'!AL:AL) -> 0 | BQ28: =SUMIF('ยอดจริง Week 1'!AJ:AJ,'Week 1'!F28,'ยอดจริง Week 1'!AM:AM) -> 0 | BR28: =SUMIF('ยอดจริง Week 1'!AJ:AJ,'Week 1'!F28,'ยอดจริง Week 1'!AN:AN) -> 0 | BS28: =BL28-BP28 -> 0 | BT28: =BM28-BQ28 -> 0 | BU28: =BN28-BR28 -> 0 | BY28: =SUM(BV28:BX28) -> 0 | BZ28: =SUMIF('ยอดจริง Week 1'!AQ:AQ,'Week 1'!F28,'ยอดจริง Week 1'!AS:AS) -> 0 | CA28: =SUMIF('ยอดจริง Week 1'!AQ:AQ,'Week 1'!F28,'ยอดจริง Week 1'!AT:AT) -> 0 | CB28: =SUMIF('ยอดจริง Week 1'!AQ:AQ,'Week 1'!F28,'ยอดจริง Week 1'!AU:AU) -> 0 | CC28: =BV28-BZ28 -> 0 | CD28: =BW28-CA28 -> 0 | CE28: =BX28-CB28 -> 0
A29: 25 | F29: 1111067 | G29: ชิฟฟอนแยกชิ้น มะพร้าว | K29: =SUM(N29,X29,AH29,AR29,BB29,BL29,BV29) -> 0 | L29: =SUM(O29,Y29,AI29,AS29,BC29,BM29,BW29) -> 0 | Q29: =SUM(N29:P29) -> 0 | R29: =SUMIF('ยอดจริง Week 1'!A:A,'Week 1'!F29,'ยอดจริง Week 1'!C:C) -> 0 | S29: =SUMIF('ยอดจริง Week 1'!A:A,'Week 1'!F29,'ยอดจริง Week 1'!D:D) -> 0 | T29: =SUMIF('ยอดจริง Week 1'!A:A,'Week 1'!F29,'ยอดจริง Week 1'!E:E) -> 0 | U29: =N29-R29 -> 0 | V29: =O29-S29 -> 0 | W29: =P29-T29 -> 0 | Y29: 0 | AA29: =SUM(X29:Z29) -> 0 | AB29: =SUMIF('ยอดจริง Week 1'!H:H,'Week 1'!F29,'ยอดจริง Week 1'!J:J) -> 0 | AC29: =SUMIF('ยอดจริง Week 1'!H:H,'Week 1'!F29,'ยอดจริง Week 1'!K:K) -> 0 | AD29: =SUMIF('ยอดจริง Week 1'!H:H,'Week 1'!F29,'ยอดจริง Week 1'!L:L) -> 0 | AE29: =X29-AB29 -> 0 | AF29: =Y29-AC29 -> 0 | AG29: =Z29-AD29 -> 0 | AI29: 0 | AK29: =SUM(AH29:AJ29) -> 0 | AL29: =SUMIF('ยอดจริง Week 1'!O:O,'Week 1'!F29,'ยอดจริง Week 1'!Q:Q) -> 0 | AM29: =SUMIF('ยอดจริง Week 1'!O:O,'Week 1'!F29,'ยอดจริง Week 1'!R:R) -> 0 | AN29: =SUMIF('ยอดจริง Week 1'!O:O,'Week 1'!F29,'ยอดจริง Week 1'!S:S) -> 0 | AO29: =AH29-AL29 -> 0 | AP29: =AI29-AM29 -> 0 | AQ29: =AJ29-AN29 -> 0 | AS29: 0 | AU29: =SUM(AR29:AT29) -> 0 | AV29: =SUMIF('ยอดจริง Week 1'!V:V,'Week 1'!F29,'ยอดจริง Week 1'!X:X) -> 0 | AW29: =SUMIF('ยอดจริง Week 1'!V:V,'Week 1'!F29,'ยอดจริง Week 1'!Y:Y) -> 0 | AX29: =SUMIF('ยอดจริง Week 1'!V:V,'Week 1'!F29,'ยอดจริง Week 1'!Z:Z) -> 0 | AY29: =AR29-AV29 -> 0 | AZ29: =AS29-AW29 -> 0 | BA29: =AT29-AX29 -> 0 | BE29: =SUM(BB29:BD29) -> 0 | BF29: =SUMIF('ยอดจริง Week 1'!AC:AC,'Week 1'!F29,'ยอดจริง Week 1'!AE:AE) -> 0 | BG29: =SUMIF('ยอดจริง Week 1'!AC:AC,'Week 1'!F29,'ยอดจริง Week 1'!AF:AF) -> 0 | BH29: =SUMIF('ยอดจริง Week 1'!AC:AC,'Week 1'!F29,'ยอดจริง Week 1'!AG:AG) -> 0 | BI29: =BB29-BF29 -> 0 | BJ29: =BC29-BG29 -> 0 | BK29: =BD29-BH29 -> 0 | BO29: =SUM(BL29:BN29) -> 0 | BP29: =SUMIF('ยอดจริง Week 1'!AJ:AJ,'Week 1'!F29,'ยอดจริง Week 1'!AL:AL) -> 0 | BQ29: =SUMIF('ยอดจริง Week 1'!AJ:AJ,'Week 1'!F29,'ยอดจริง Week 1'!AM:AM) -> 0 | BR29: =SUMIF('ยอดจริง Week 1'!AJ:AJ,'Week 1'!F29,'ยอดจริง Week 1'!AN:AN) -> 0 | BS29: =BL29-BP29 -> 0 | BT29: =BM29-BQ29 -> 0 | BU29: =BN29-BR29 -> 0 | BY29: =SUM(BV29:BX29) -> 0 | BZ29: =SUMIF('ยอดจริง Week 1'!AQ:AQ,'Week 1'!F29,'ยอดจริง Week 1'!AS:AS) -> 0 | CA29: =SUMIF('ยอดจริง Week 1'!AQ:AQ,'Week 1'!F29,'ยอดจริง Week 1'!AT:AT) -> 0 | CB29: =SUMIF('ยอดจริง Week 1'!AQ:AQ,'Week 1'!F29,'ยอดจริง Week 1'!AU:AU) -> 0 | CC29: =BV29-BZ29 -> 0 | CD29: =BW29-CA29 -> 0 | CE29: =BX29-CB29 -> 0
... A31: 27 | F31: 1111069 | G31: ชิฟฟอนแยกชิ้น บลูเบอรี่ | K31: =SUM(N31,X31,AH31,AR31,BB31,BL31,BV31) -> 0 | L31: =SUM(O31,Y31,AI31,AS31,BC31,BM31,BW31) -> 0 | Q31: =SUM(N31:P31) -> 0 | R31: =SUMIF('ยอดจริง Week 1'!A:A,'Week 1'!F31,'ยอดจริง Week 1'!C:C) -> 0 | S31: =SUMIF('ยอดจริง Week 1'!A:A,'Week 1'!F31,'ยอดจริง Week 1'!D:D) -> 0 | T31: =SUMIF('ยอดจริง Week 1'!A:A,'Week 1'!F31,'ยอดจริง Week 1'!E:E) -> 0 | U31: =N31-R31 -> 0 | V31: =O31-S31 -> 0 | W31: =P31-T31 -> 0 | Y31: 0 | AA31: =SUM(X31:Z31) -> 0 | AB31: =SUMIF('ยอดจริง Week 1'!H:H,'Week 1'!F31,'ยอดจริง Week 1'!J:J) -> 0 | AC31: =SUMIF('ยอดจริง Week 1'!H:H,'Week 1'!F31,'ยอดจริง Week 1'!K:K) -> 0 | AD31: =SUMIF('ยอดจริง Week 1'!H:H,'Week 1'!F31,'ยอดจริง Week 1'!L:L) -> 0 | AE31: =X31-AB31 -> 0 | AF31: =Y31-AC31 -> 0 | AG31: =Z31-AD31 -> 0 | AI31: 0 | AK31: =SUM(AH31:AJ31) -> 0 | AL31: =SUMIF('ยอดจริง Week 1'!O:O,'Week 1'!F31,'ยอดจริง Week 1'!Q:Q) -> 0 | AM31: =SUMIF('ยอดจริง Week 1'!O:O,'Week 1'!F31,'ยอดจริง Week 1'!R:R) -> 0 | AN31: =SUMIF('ยอดจริง Week 1'!O:O,'Week 1'!F31,'ยอดจริง Week 1'!S:S) -> 0 | AO31: =AH31-AL31 -> 0 | AP31: =AI31-AM31 -> 0 | AQ31: =AJ31-AN31 -> 0 | AS31: 0 | AU31: =SUM(AR31:AT31) -> 0 | AV31: =SUMIF('ยอดจริง Week 1'!V:V,'Week 1'!F31,'ยอดจริง Week 1'!X:X) -> 0 | AW31: =SUMIF('ยอดจริง Week 1'!V:V,'Week 1'!F31,'ยอดจริง Week 1'!Y:Y) -> 0 | AX31: =SUMIF('ยอดจริง Week 1'!V:V,'Week 1'!F31,'ยอดจริง Week 1'!Z:Z) -> 0 | AY31: =AR31-AV31 -> 0 | AZ31: =AS31-AW31 -> 0 | BA31: =AT31-AX31 -> 0 | BE31: =SUM(BB31:BD31) -> 0 | BF31: =SUMIF('ยอดจริง Week 1'!AC:AC,'Week 1'!F31,'ยอดจริง Week 1'!AE:AE) -> 0 | BG31: =SUMIF('ยอดจริง Week 1'!AC:AC,'Week 1'!F31,'ยอดจริง Week 1'!AF:AF) -> 0 | BH31: =SUMIF('ยอดจริง Week 1'!AC:AC,'Week 1'!F31,'ยอดจริง Week 1'!AG:AG) -> 0 | BI31: =BB31-BF31 -> 0 | BJ31: =BC31-BG31 -> 0 | BK31: =BD31-BH31 -> 0 | BO31: =SUM(BL31:BN31) -> 0 | BP31: =SUMIF('ยอดจริง Week 1'!AJ:AJ,'Week 1'!F31,'ยอดจริง Week 1'!AL:AL) -> 0 | BQ31: =SUMIF('ยอดจริง Week 1'!AJ:AJ,'Week 1'!F31,'ยอดจริง Week 1'!AM:AM) -> 0 | BR31: =SUMIF('ยอดจริง Week 1'!AJ:AJ,'Week 1'!F31,'ยอดจริง Week 1'!AN:AN) -> 0 | BS31: =BL31-BP31 -> 0 | BT31: =BM31-BQ31 -> 0 | BU31: =BN31-BR31 -> 0 | BY31: =SUM(BV31:BX31) -> 0 | BZ31: =SUMIF('ยอดจริง Week 1'!AQ:AQ,'Week 1'!F31,'ยอดจริง Week 1'!AS:AS) -> 0 | CA31: =SUMIF('ยอดจริง Week 1'!AQ:AQ,'Week 1'!F31,'ยอดจริง Week 1'!AT:AT) -> 0 | CB31: =SUMIF('ยอดจริง Week 1'!AQ:AQ,'Week 1'!F31,'ยอดจริง Week 1'!AU:AU) -> 0 | CC31: =BV31-BZ31 -> 0 | CD31: =BW31-CA31 -> 0 | CE31: =BX31-CB31 -> 0
A32: 28 | F32: 1004061 | G32: ชิฟฟ่อนเค้ก สอดไส้ครีมมะพร้าว (2 ชิ้น) | H32: Aeon | K32: =SUM(N32,X32,AH32,AR32,BB32,BL32,BV32) -> 0 | L32: =SUM(O32,Y32,AI32,AS32,BC32,BM32,BW32) -> 0 | Q32: =SUM(N32:P32) -> 0 | R32: =SUMIF('ยอดจริง Week 1'!A:A,'Week 1'!F32,'ยอดจริง Week 1'!C:C) -> 0 | S32: =SUMIF('ยอดจริง Week 1'!A:A,'Week 1'!F32,'ยอดจริง Week 1'!D:D) -> 0 | T32: =SUMIF('ยอดจริง Week 1'!A:A,'Week 1'!F32,'ยอดจริง Week 1'!E:E) -> 0 | U32: =N32-R32 -> 0 | V32: =O32-S32 -> 0 | W32: =P32-T32 -> 0 | Y32: 0 | AA32: =SUM(X32:Z32) -> 0 | AB32: =SUMIF('ยอดจริง Week 1'!H:H,'Week 1'!F32,'ยอดจริง Week 1'!J:J) -> 0 | AC32: =SUMIF('ยอดจริง Week 1'!H:H,'Week 1'!F32,'ยอดจริง Week 1'!K:K) -> 0 | AD32: =SUMIF('ยอดจริง Week 1'!H:H,'Week 1'!F32,'ยอดจริง Week 1'!L:L) -> 0 | AE32: =X32-AB32 -> 0 | AF32: =Y32-AC32 -> 0 | AG32: =Z32-AD32 -> 0 | AI32: 0 | AK32: =SUM(AH32:AJ32) -> 0 | AL32: =SUMIF('ยอดจริง Week 1'!O:O,'Week 1'!F32,'ยอดจริง Week 1'!Q:Q) -> 0 | AM32: =SUMIF('ยอดจริง Week 1'!O:O,'Week 1'!F32,'ยอดจริง Week 1'!R:R) -> 0 | AN32: =SUMIF('ยอดจริง Week 1'!O:O,'Week 1'!F32,'ยอดจริง Week 1'!S:S) -> 0 | AO32: =AH32-AL32 -> 0 | AP32: =AI32-AM32 -> 0 | AQ32: =AJ32-AN32 -> 0 | AS32: 0 | AU32: =SUM(AR32:AT32) -> 0 | AV32: =SUMIF('ยอดจริง Week 1'!V:V,'Week 1'!F32,'ยอดจริง Week 1'!X:X) -> 0 | AW32: =SUMIF('ยอดจริง Week 1'!V:V,'Week 1'!F32,'ยอดจริง Week 1'!Y:Y) -> 0 | AX32: =SUMIF('ยอดจริง Week 1'!V:V,'Week 1'!F32,'ยอดจริง Week 1'!Z:Z) -> 0 | AY32: =AR32-AV32 -> 0 | AZ32: =AS32-AW32 -> 0 | BA32: =AT32-AX32 -> 0 | BE32: =SUM(BB32:BD32) -> 0 | BF32: =SUMIF('ยอดจริง Week 1'!AC:AC,'Week 1'!F32,'ยอดจริง Week 1'!AE:AE) -> 0 | BG32: =SUMIF('ยอดจริง Week 1'!AC:AC,'Week 1'!F32,'ยอดจริง Week 1'!AF:AF) -> 0 | BH32: =SUMIF('ยอดจริง Week 1'!AC:AC,'Week 1'!F32,'ยอดจริง Week 1'!AG:AG) -> 0 | BI32: =BB32-BF32 -> 0 | BJ32: =BC32-BG32 -> 0 | BK32: =BD32-BH32 -> 0 | BO32: =SUM(BL32:BN32) -> 0 | BP32: =SUMIF('ยอดจริง Week 1'!AJ:AJ,'Week 1'!F32,'ยอดจริง Week 1'!AL:AL) -> 0 | BQ32: =SUMIF('ยอดจริง Week 1'!AJ:AJ,'Week 1'!F32,'ยอดจริง Week 1'!AM:AM) -> 0 | BR32: =SUMIF('ยอดจริง Week 1'!AJ:AJ,'Week 1'!F32,'ยอดจริง Week 1'!AN:AN) -> 0 | BS32: =BL32-BP32 -> 0 | BT32: =BM32-BQ32 -> 0 | BU32: =BN32-BR32 -> 0 | BY32: =SUM(BV32:BX32) -> 0 | BZ32: =SUMIF('ยอดจริง Week 1'!AQ:AQ,'Week 1'!F32,'ยอดจริง Week 1'!AS:AS) -> 0 | CA32: =SUMIF('ยอดจริง Week 1'!AQ:AQ,'Week 1'!F32,'ยอดจริง Week 1'!AT:AT) -> 0 | CB32: =SUMIF('ยอดจริง Week 1'!AQ:AQ,'Week 1'!F32,'ยอดจริง Week 1'!AU:AU) -> 0 | CC32: =BV32-BZ32 -> 0 | CD32: =BW32-CA32 -> 0 | CE32: =BX32-CB32 -> 0
A33: 29 | F33: 1111051 | G33: ชิฟฟ่อนเค้กสอดไส้ครีมมะพร้าว (2ชิ้น) มะพร้าวล้วน | K33: =SUM(N33,X33,AH33,AR33,BB33,BL33,BV33) -> 0 | L33: =SUM(O33,Y33,AI33,AS33,BC33,BM33,BW33) -> 0 | Q33: =SUM(N33:P33) -> 0 | R33: =SUMIF('ยอดจริง Week 1'!A:A,'Week 1'!F33,'ยอดจริง Week 1'!C:C) -> 0 | S33: =SUMIF('ยอดจริง Week 1'!A:A,'Week 1'!F33,'ยอดจริง Week 1'!D:D) -> 0 | T33: =SUMIF('ยอดจริง Week 1'!A:A,'Week 1'!F33,'ยอดจริง Week 1'!E:E) -> 0 | U33: =N33-R33 -> 0 | V33: =O33-S33 -> 0 | W33: =P33-T33 -> 0 | Y33: 0 | AA33: =SUM(X33:Z33) -> 0 | AB33: =SUMIF('ยอดจริง Week 1'!H:H,'Week 1'!F33,'ยอดจริง Week 1'!J:J) -> 0 | AC33: =SUMIF('ยอดจริง Week 1'!H:H,'Week 1'!F33,'ยอดจริง Week 1'!K:K) -> 0 | AD33: =SUMIF('ยอดจริง Week 1'!H:H,'Week 1'!F33,'ยอดจริง Week 1'!L:L) -> 0 | AE33: =X33-AB33 -> 0 | AF33: =Y33-AC33 -> 0 | AG33: =Z33-AD33 -> 0 | AI33: 0 | AK33: =SUM(AH33:AJ33) -> 0 | AL33: =SUMIF('ยอดจริง Week 1'!O:O,'Week 1'!F33,'ยอดจริง Week 1'!Q:Q) -> 0 | AM33: =SUMIF('ยอดจริง Week 1'!O:O,'Week 1'!F33,'ยอดจริง Week 1'!R:R) -> 0 | AN33: =SUMIF('ยอดจริง Week 1'!O:O,'Week 1'!F33,'ยอดจริง Week 1'!S:S) -> 0 | AO33: =AH33-AL33 -> 0 | AP33: =AI33-AM33 -> 0 | AQ33: =AJ33-AN33 -> 0 | AS33: 0 | AU33: =SUM(AR33:AT33) -> 0 | AV33: =SUMIF('ยอดจริง Week 1'!V:V,'Week 1'!F33,'ยอดจริง Week 1'!X:X) -> 0 | AW33: =SUMIF('ยอดจริง Week 1'!V:V,'Week 1'!F33,'ยอดจริง Week 1'!Y:Y) -> 0 | AX33: =SUMIF('ยอดจริง Week 1'!V:V,'Week 1'!F33,'ยอดจริง Week 1'!Z:Z) -> 0 | AY33: =AR33-AV33 -> 0 | AZ33: =AS33-AW33 -> 0 | BA33: =AT33-AX33 -> 0 | BE33: =SUM(BB33:BD33) -> 0 | BF33: =SUMIF('ยอดจริง Week 1'!AC:AC,'Week 1'!F33,'ยอดจริง Week 1'!AE:AE) -> 0 | BG33: =SUMIF('ยอดจริง Week 1'!AC:AC,'Week 1'!F33,'ยอดจริง Week 1'!AF:AF) -> 0 | BH33: =SUMIF('ยอดจริง Week 1'!AC:AC,'Week 1'!F33,'ยอดจริง Week 1'!AG:AG) -> 0 | BI33: =BB33-BF33 -> 0 | BJ33: =BC33-BG33 -> 0 | BK33: =BD33-BH33 -> 0 | BO33: =SUM(BL33:BN33) -> 0 | BP33: =SUMIF('ยอดจริง Week 1'!AJ:AJ,'Week 1'!F33,'ยอดจริง Week 1'!AL:AL) -> 0 | BQ33: =SUMIF('ยอดจริง Week 1'!AJ:AJ,'Week 1'!F33,'ยอดจริง Week 1'!AM:AM) -> 0 | BR33: =SUMIF('ยอดจริง Week 1'!AJ:AJ,'Week 1'!F33,'ยอดจริง Week 1'!AN:AN) -> 0 | BS33: =BL33-BP33 -> 0 | BT33: =BM33-BQ33 -> 0 | BU33: =BN33-BR33 -> 0 | BY33: =SUM(BV33:BX33) -> 0 | BZ33: =SUMIF('ยอดจริง Week 1'!AQ:AQ,'Week 1'!F33,'ยอดจริง Week 1'!AS:AS) -> 0 | CA33: =SUMIF('ยอดจริง Week 1'!AQ:AQ,'Week 1'!F33,'ยอดจริง Week 1'!AT:AT) -> 0 | CB33: =SUMIF('ยอดจริง Week 1'!AQ:AQ,'Week 1'!F33,'ยอดจริง Week 1'!AU:AU) -> 0 | CC33: =BV33-BZ33 -> 0 | CD33: =BW33-CA33 -> 0 | CE33: =BX33-CB33 -> 0
A34: 30 | F34: 1111004 | G34: ชิฟฟ่อนเค้ก สอดไส้ครีมมะพร้าว (4 ชิ้น) | K34: =SUM(N34,X34,AH34,AR34,BB34,BL34,BV34) -> 0 | L34: =SUM(O34,Y34,AI34,AS34,BC34,BM34,BW34) -> 0 | Q34: =SUM(N34:P34) -> 0 | R34: =SUMIF('ยอดจริง Week 1'!A:A,'Week 1'!F34,'ยอดจริง Week 1'!C:C) -> 0 | S34: =SUMIF('ยอดจริง Week 1'!A:A,'Week 1'!F34,'ยอดจริง Week 1'!D:D) -> 0 | T34: =SUMIF('ยอดจริง Week 1'!A:A,'Week 1'!F34,'ยอดจริง Week 1'!E:E) -> 0 | U34: =N34-R34 -> 0 | V34: =O34-S34 -> 0 | W34: =P34-T34 -> 0 | Y34: 0 | AA34: =SUM(X34:Z34) -> 0 | AB34: =SUMIF('ยอดจริง Week 1'!H:H,'Week 1'!F34,'ยอดจริง Week 1'!J:J) -> 0 | AC34: =SUMIF('ยอดจริง Week 1'!H:H,'Week 1'!F34,'ยอดจริง Week 1'!K:K) -> 0 | AD34: =SUMIF('ยอดจริง Week 1'!H:H,'Week 1'!F34,'ยอดจริง Week 1'!L:L) -> 0 | AE34: =X34-AB34 -> 0 | AF34: =Y34-AC34 -> 0 | AG34: =Z34-AD34 -> 0 | AI34: 0 | AK34: =SUM(AH34:AJ34) -> 0 | AL34: =SUMIF('ยอดจริง Week 1'!O:O,'Week 1'!F34,'ยอดจริง Week 1'!Q:Q) -> 0 | AM34: =SUMIF('ยอดจริง Week 1'!O:O,'Week 1'!F34,'ยอดจริง Week 1'!R:R) -> 0 | AN34: =SUMIF('ยอดจริง Week 1'!O:O,'Week 1'!F34,'ยอดจริง Week 1'!S:S) -> 0 | AO34: =AH34-AL34 -> 0 | AP34: =AI34-AM34 -> 0 | AQ34: =AJ34-AN34 -> 0 | AS34: 0 | AU34: =SUM(AR34:AT34) -> 0 | AV34: =SUMIF('ยอดจริง Week 1'!V:V,'Week 1'!F34,'ยอดจริง Week 1'!X:X) -> 0 | AW34: =SUMIF('ยอดจริง Week 1'!V:V,'Week 1'!F34,'ยอดจริง Week 1'!Y:Y) -> 0 | AX34: =SUMIF('ยอดจริง Week 1'!V:V,'Week 1'!F34,'ยอดจริง Week 1'!Z:Z) -> 0 | AY34: =AR34-AV34 -> 0 | AZ34: =AS34-AW34 -> 0 | BA34: =AT34-AX34 -> 0 | BE34: =SUM(BB34:BD34) -> 0 | BF34: =SUMIF('ยอดจริง Week 1'!AC:AC,'Week 1'!F34,'ยอดจริง Week 1'!AE:AE) -> 0 | BG34: =SUMIF('ยอดจริง Week 1'!AC:AC,'Week 1'!F34,'ยอดจริง Week 1'!AF:AF) -> 0 | BH34: =SUMIF('ยอดจริง Week 1'!AC:AC,'Week 1'!F34,'ยอดจริง Week 1'!AG:AG) -> 0 | BI34: =BB34-BF34 -> 0 | BJ34: =BC34-BG34 -> 0 | BK34: =BD34-BH34 -> 0 | BO34: =SUM(BL34:BN34) -> 0 | BP34: =SUMIF('ยอดจริง Week 1'!AJ:AJ,'Week 1'!F34,'ยอดจริง Week 1'!AL:AL) -> 0 | BQ34: =SUMIF('ยอดจริง Week 1'!AJ:AJ,'Week 1'!F34,'ยอดจริง Week 1'!AM:AM) -> 0 | BR34: =SUMIF('ยอดจริง Week 1'!AJ:AJ,'Week 1'!F34,'ยอดจริง Week 1'!AN:AN) -> 0 | BS34: =BL34-BP34 -> 0 | BT34: =BM34-BQ34 -> 0 | BU34: =BN34-BR34 -> 0 | BY34: =SUM(BV34:BX34) -> 0 | BZ34: =SUMIF('ยอดจริง Week 1'!AQ:AQ,'Week 1'!F34,'ยอดจริง Week 1'!AS:AS) -> 0 | CA34: =SUMIF('ยอดจริง Week 1'!AQ:AQ,'Week 1'!F34,'ยอดจริง Week 1'!AT:AT) -> 0 | CB34: =SUMIF('ยอดจริง Week 1'!AQ:AQ,'Week 1'!F34,'ยอดจริง Week 1'!AU:AU) -> 0 | CC34: =BV34-BZ34 -> 0 | CD34: =BW34-CA34 -> 0 | CE34: =BX34-CB34 -> 0
A35: 31 | F35: 1111048 | G35: ชิฟฟอนเค้กสอดไส้ครีมมะพร้าว+เตย (4ชิ้น) | K35: =SUM(N35,X35,AH35,AR35,BB35,BL35,BV35) -> 0 | L35: =SUM(O35,Y35,AI35,AS35,BC35,BM35,BW35) -> 0 | Q35: =SUM(N35:P35) -> 0 | R35: =SUMIF('ยอดจริง Week 1'!A:A,'Week 1'!F35,'ยอดจริง Week 1'!C:C) -> 0 | S35: =SUMIF('ยอดจริง Week 1'!A:A,'Week 1'!F35,'ยอดจริง Week 1'!D:D) -> 0 | T35: =SUMIF('ยอดจริง Week 1'!A:A,'Week 1'!F35,'ยอดจริง Week 1'!E:E) -> 0 | U35: =N35-R35 -> 0 | V35: =O35-S35 -> 0 | W35: =P35-T35 -> 0 | Y35: 0 | AA35: =SUM(X35:Z35) -> 0 | AB35: =SUMIF('ยอดจริง Week 1'!H:H,'Week 1'!F35,'ยอดจริง Week 1'!J:J) -> 0 | AC35: =SUMIF('ยอดจริง Week 1'!H:H,'Week 1'!F35,'ยอดจริง Week 1'!K:K) -> 0 | AD35: =SUMIF('ยอดจริง Week 1'!H:H,'Week 1'!F35,'ยอดจริง Week 1'!L:L) -> 0 | AE35: =X35-AB35 -> 0 | AF35: =Y35-AC35 -> 0 | AG35: =Z35-AD35 -> 0 | AI35: 0 | AK35: =SUM(AH35:AJ35) -> 0 | AL35: =SUMIF('ยอดจริง Week 1'!O:O,'Week 1'!F35,'ยอดจริง Week 1'!Q:Q) -> 0 | AM35: =SUMIF('ยอดจริง Week 1'!O:O,'Week 1'!F35,'ยอดจริง Week 1'!R:R) -> 0 | AN35: =SUMIF('ยอดจริง Week 1'!O:O,'Week 1'!F35,'ยอดจริง Week 1'!S:S) -> 0 | AO35: =AH35-AL35 -> 0 | AP35: =AI35-AM35 -> 0 | AQ35: =AJ35-AN35 -> 0 | AS35: 0 | AU35: =SUM(AR35:AT35) -> 0 | AV35: =SUMIF('ยอดจริง Week 1'!V:V,'Week 1'!F35,'ยอดจริง Week 1'!X:X) -> 0 | AW35: =SUMIF('ยอดจริง Week 1'!V:V,'Week 1'!F35,'ยอดจริง Week 1'!Y:Y) -> 0 | AX35: =SUMIF('ยอดจริง Week 1'!V:V,'Week 1'!F35,'ยอดจริง Week 1'!Z:Z) -> 0 | AY35: =AR35-AV35 -> 0 | AZ35: =AS35-AW35 -> 0 | BA35: =AT35-AX35 -> 0 | BE35: =SUM(BB35:BD35) -> 0 | BF35: =SUMIF('ยอดจริง Week 1'!AC:AC,'Week 1'!F35,'ยอดจริง Week 1'!AE:AE) -> 0 | BG35: =SUMIF('ยอดจริง Week 1'!AC:AC,'Week 1'!F35,'ยอดจริง Week 1'!AF:AF) -> 0 | BH35: =SUMIF('ยอดจริง Week 1'!AC:AC,'Week 1'!F35,'ยอดจริง Week 1'!AG:AG) -> 0 | BI35: =BB35-BF35 -> 0 | BJ35: =BC35-BG35 -> 0 | BK35: =BD35-BH35 -> 0 | BO35: =SUM(BL35:BN35) -> 0 | BP35: =SUMIF('ยอดจริง Week 1'!AJ:AJ,'Week 1'!F35,'ยอดจริง Week 1'!AL:AL) -> 0 | BQ35: =SUMIF('ยอดจริง Week 1'!AJ:AJ,'Week 1'!F35,'ยอดจริง Week 1'!AM:AM) -> 0 | BR35: =SUMIF('ยอดจริง Week 1'!AJ:AJ,'Week 1'!F35,'ยอดจริง Week 1'!AN:AN) -> 0 | BS35: =BL35-BP35 -> 0 | BT35: =BM35-BQ35 -> 0 | BU35: =BN35-BR35 -> 0 | BY35: =SUM(BV35:BX35) -> 0 | BZ35: =SUMIF('ยอดจริง Week 1'!AQ:AQ,'Week 1'!F35,'ยอดจริง Week 1'!AS:AS) -> 0 | CA35: =SUMIF('ยอดจริง Week 1'!AQ:AQ,'Week 1'!F35,'ยอดจริง Week 1'!AT:AT) -> 0 | CB35: =SUMIF('ยอดจริง Week 1'!AQ:AQ,'Week 1'!F35,'ยอดจริง Week 1'!AU:AU) -> 0 | CC35: =BV35-BZ35 -> 0 | CD35: =BW35-CA35 -> 0 | CE35: =BX35-CB35 -> 0
A36: 32 | F36: 1111005 | G36: ชิฟฟ่อนเค้ก สอดไส้ครีมมะพร้าว (5 ชิ้น) | K36: =SUM(N36,X36,AH36,AR36,BB36,BL36,BV36) -> 0 | L36: =SUM(O36,Y36,AI36,AS36,BC36,BM36,BW36) -> 0 | Q36: =SUM(N36:P36) -> 0 | R36: =SUMIF('ยอดจริง Week 1'!A:A,'Week 1'!F36,'ยอดจริง Week 1'!C:C) -> 0 | S36: =SUMIF('ยอดจริง Week 1'!A:A,'Week 1'!F36,'ยอดจริง Week 1'!D:D) -> 0 | T36: =SUMIF('ยอดจริง Week 1'!A:A,'Week 1'!F36,'ยอดจริง Week 1'!E:E) -> 0 | U36: =N36-R36 -> 0 | V36: =O36-S36 -> 0 | W36: =P36-T36 -> 0 | Y36: 0 | AA36: =SUM(X36:Z36) -> 0 | AB36: =SUMIF('ยอดจริง Week 1'!H:H,'Week 1'!F36,'ยอดจริง Week 1'!J:J) -> 0 | AC36: =SUMIF('ยอดจริง Week 1'!H:H,'Week 1'!F36,'ยอดจริง Week 1'!K:K) -> 0 | AD36: =SUMIF('ยอดจริง Week 1'!H:H,'Week 1'!F36,'ยอดจริง Week 1'!L:L) -> 0 | AE36: =X36-AB36 -> 0 | AF36: =Y36-AC36 -> 0 | AG36: =Z36-AD36 -> 0 | AI36: 0 | AK36: =SUM(AH36:AJ36) -> 0 | AL36: =SUMIF('ยอดจริง Week 1'!O:O,'Week 1'!F36,'ยอดจริง Week 1'!Q:Q) -> 0 | AM36: =SUMIF('ยอดจริง Week 1'!O:O,'Week 1'!F36,'ยอดจริง Week 1'!R:R) -> 0 | AN36: =SUMIF('ยอดจริง Week 1'!O:O,'Week 1'!F36,'ยอดจริง Week 1'!S:S) -> 0 | AO36: =AH36-AL36 -> 0 | AP36: =AI36-AM36 -> 0 | AQ36: =AJ36-AN36 -> 0 | AS36: 0 | AU36: =SUM(AR36:AT36) -> 0 | AV36: =SUMIF('ยอดจริง Week 1'!V:V,'Week 1'!F36,'ยอดจริง Week 1'!X:X) -> 0 | AW36: =SUMIF('ยอดจริง Week 1'!V:V,'Week 1'!F36,'ยอดจริง Week 1'!Y:Y) -> 0 | AX36: =SUMIF('ยอดจริง Week 1'!V:V,'Week 1'!F36,'ยอดจริง Week 1'!Z:Z) -> 0 | AY36: =AR36-AV36 -> 0 | AZ36: =AS36-AW36 -> 0 | BA36: =AT36-AX36 -> 0 | BE36: =SUM(BB36:BD36) -> 0 | BF36: =SUMIF('ยอดจริง Week 1'!AC:AC,'Week 1'!F36,'ยอดจริง Week 1'!AE:AE) -> 0 | BG36: =SUMIF('ยอดจริง Week 1'!AC:AC,'Week 1'!F36,'ยอดจริง Week 1'!AF:AF) -> 0 | BH36: =SUMIF('ยอดจริง Week 1'!AC:AC,'Week 1'!F36,'ยอดจริง Week 1'!AG:AG) -> 0 | BI36: =BB36-BF36 -> 0 | BJ36: =BC36-BG36 -> 0 | BK36: =BD36-BH36 -> 0 | BO36: =SUM(BL36:BN36) -> 0 | BP36: =SUMIF('ยอดจริง Week 1'!AJ:AJ,'Week 1'!F36,'ยอดจริง Week 1'!AL:AL) -> 0 | BQ36: =SUMIF('ยอดจริง Week 1'!AJ:AJ,'Week 1'!F36,'ยอดจริง Week 1'!AM:AM) -> 0 | BR36: =SUMIF('ยอดจริง Week 1'!AJ:AJ,'Week 1'!F36,'ยอดจริง Week 1'!AN:AN) -> 0 | BS36: =BL36-BP36 -> 0 | BT36: =BM36-BQ36 -> 0 | BU36: =BN36-BR36 -> 0 | BY36: =SUM(BV36:BX36) -> 0 | BZ36: =SUMIF('ยอดจริง Week 1'!AQ:AQ,'Week 1'!F36,'ยอดจริง Week 1'!AS:AS) -> 0 | CA36: =SUMIF('ยอดจริง Week 1'!AQ:AQ,'Week 1'!F36,'ยอดจริง Week 1'!AT:AT) -> 0 | CB36: =SUMIF('ยอดจริง Week 1'!AQ:AQ,'Week 1'!F36,'ยอดจริง Week 1'!AU:AU) -> 0 | CC36: =BV36-BZ36 -> 0 | CD36: =BW36-CA36 -> 0 | CE36: =BX36-CB36 -> 0
A37: 33 | F37: 1111047 | G37: ชิฟฟอนเค้กสอดไส้ครีมมะพร้าว+เตย (5ชิ้น) | K37: =SUM(N37,X37,AH37,AR37,BB37,BL37,BV37) -> 0 | L37: =SUM(O37,Y37,AI37,AS37,BC37,BM37,BW37) -> 0 | Q37: =SUM(N37:P37) -> 0 | R37: =SUMIF('ยอดจริง Week 1'!A:A,'Week 1'!F37,'ยอดจริง Week 1'!C:C) -> 0 | S37: =SUMIF('ยอดจริง Week 1'!A:A,'Week 1'!F37,'ยอดจริง Week 1'!D:D) -> 0 | T37: =SUMIF('ยอดจริง Week 1'!A:A,'Week 1'!F37,'ยอดจริง Week 1'!E:E) -> 0 | U37: =N37-R37 -> 0 | V37: =O37-S37 -> 0 | W37: =P37-T37 -> 0 | Y37: 0 | AA37: =SUM(X37:Z37) -> 0 | AB37: =SUMIF('ยอดจริง Week 1'!H:H,'Week 1'!F37,'ยอดจริง Week 1'!J:J) -> 0 | AC37: =SUMIF('ยอดจริง Week 1'!H:H,'Week 1'!F37,'ยอดจริง Week 1'!K:K) -> 0 | AD37: =SUMIF('ยอดจริง Week 1'!H:H,'Week 1'!F37,'ยอดจริง Week 1'!L:L) -> 0 | AE37: =X37-AB37 -> 0 | AF37: =Y37-AC37 -> 0 | AG37: =Z37-AD37 -> 0 | AI37: 0 | AK37: =SUM(AH37:AJ37) -> 0 | AL37: =SUMIF('ยอดจริง Week 1'!O:O,'Week 1'!F37,'ยอดจริง Week 1'!Q:Q) -> 0 | AM37: =SUMIF('ยอดจริง Week 1'!O:O,'Week 1'!F37,'ยอดจริง Week 1'!R:R) -> 0 | AN37: =SUMIF('ยอดจริง Week 1'!O:O,'Week 1'!F37,'ยอดจริง Week 1'!S:S) -> 0 | AO37: =AH37-AL37 -> 0 | AP37: =AI37-AM37 -> 0 | AQ37: =AJ37-AN37 -> 0 | AS37: 0 | AU37: =SUM(AR37:AT37) -> 0 | AV37: =SUMIF('ยอดจริง Week 1'!V:V,'Week 1'!F37,'ยอดจริง Week 1'!X:X) -> 0 | AW37: =SUMIF('ยอดจริง Week 1'!V:V,'Week 1'!F37,'ยอดจริง Week 1'!Y:Y) -> 0 | AX37: =SUMIF('ยอดจริง Week 1'!V:V,'Week 1'!F37,'ยอดจริง Week 1'!Z:Z) -> 0 | AY37: =AR37-AV37 -> 0 | AZ37: =AS37-AW37 -> 0 | BA37: =AT37-AX37 -> 0 | BE37: =SUM(BB37:BD37) -> 0 | BF37: =SUMIF('ยอดจริง Week 1'!AC:AC,'Week 1'!F37,'ยอดจริง Week 1'!AE:AE) -> 0 | BG37: =SUMIF('ยอดจริง Week 1'!AC:AC,'Week 1'!F37,'ยอดจริง Week 1'!AF:AF) -> 0 | BH37: =SUMIF('ยอดจริง Week 1'!AC:AC,'Week 1'!F37,'ยอดจริง Week 1'!AG:AG) -> 0 | BI37: =BB37-BF37 -> 0 | BJ37: =BC37-BG37 -> 0 | BK37: =BD37-BH37 -> 0 | BO37: =SUM(BL37:BN37) -> 0 | BP37: =SUMIF('ยอดจริง Week 1'!AJ:AJ,'Week 1'!F37,'ยอดจริง Week 1'!AL:AL) -> 0 | BQ37: =SUMIF('ยอดจริง Week 1'!AJ:AJ,'Week 1'!F37,'ยอดจริง Week 1'!AM:AM) -> 0 | BR37: =SUMIF('ยอดจริง Week 1'!AJ:AJ,'Week 1'!F37,'ยอดจริง Week 1'!AN:AN) -> 0 | BS37: =BL37-BP37 -> 0 | BT37: =BM37-BQ37 -> 0 | BU37: =BN37-BR37 -> 0 | BY37: =SUM(BV37:BX37) -> 0 | BZ37: =SUMIF('ยอดจริง Week 1'!AQ:AQ,'Week 1'!F37,'ยอดจริง Week 1'!AS:AS) -> 0 | CA37: =SUMIF('ยอดจริง Week 1'!AQ:AQ,'Week 1'!F37,'ยอดจริง Week 1'!AT:AT) -> 0 | CB37: =SUMIF('ยอดจริง Week 1'!AQ:AQ,'Week 1'!F37,'ยอดจริง Week 1'!AU:AU) -> 0 | CC37: =BV37-BZ37 -> 0 | CD37: =BW37-CA37 -> 0 | CE37: =BX37-CB37 -> 0
A38: 34 | F38: 1111006 | G38: ชิฟฟ่อนเค้ก วรรณวนัช (สอดไส้รวมรส 8 ชิ้น) | K38: =SUM(N38,X38,AH38,AR38,BB38,BL38,BV38) -> 0 | L38: =SUM(O38,Y38,AI38,AS38,BC38,BM38,BW38) -> 0 | Q38: =SUM(N38:P38) -> 0 | R38: =SUMIF('ยอดจริง Week 1'!A:A,'Week 1'!F38,'ยอดจริง Week 1'!C:C) -> 0 | S38: =SUMIF('ยอดจริง Week 1'!A:A,'Week 1'!F38,'ยอดจริง Week 1'!D:D) -> 0 | T38: =SUMIF('ยอดจริง Week 1'!A:A,'Week 1'!F38,'ยอดจริง Week 1'!E:E) -> 0 | U38: =N38-R38 -> 0 | V38: =O38-S38 -> 0 | W38: =P38-T38 -> 0 | Y38: 0 | AA38: =SUM(X38:Z38) -> 0 | AB38: =SUMIF('ยอดจริง Week 1'!H:H,'Week 1'!F38,'ยอดจริง Week 1'!J:J) -> 0 | AC38: =SUMIF('ยอดจริง Week 1'!H:H,'Week 1'!F38,'ยอดจริง Week 1'!K:K) -> 0 | AD38: =SUMIF('ยอดจริง Week 1'!H:H,'Week 1'!F38,'ยอดจริง Week 1'!L:L) -> 0 | AE38: =X38-AB38 -> 0 | AF38: =Y38-AC38 -> 0 | AG38: =Z38-AD38 -> 0 | AI38: 0 | AK38: =SUM(AH38:AJ38) -> 0 | AL38: =SUMIF('ยอดจริง Week 1'!O:O,'Week 1'!F38,'ยอดจริง Week 1'!Q:Q) -> 0 | AM38: =SUMIF('ยอดจริง Week 1'!O:O,'Week 1'!F38,'ยอดจริง Week 1'!R:R) -> 0 | AN38: =SUMIF('ยอดจริง Week 1'!O:O,'Week 1'!F38,'ยอดจริง Week 1'!S:S) -> 0 | AO38: =AH38-AL38 -> 0 | AP38: =AI38-AM38 -> 0 | AQ38: =AJ38-AN38 -> 0 | AS38: 0 | AU38: =SUM(AR38:AT38) -> 0 | AV38: =SUMIF('ยอดจริง Week 1'!V:V,'Week 1'!F38,'ยอดจริง Week 1'!X:X) -> 0 | AW38: =SUMIF('ยอดจริง Week 1'!V:V,'Week 1'!F38,'ยอดจริง Week 1'!Y:Y) -> 0 | AX38: =SUMIF('ยอดจริง Week 1'!V:V,'Week 1'!F38,'ยอดจริง Week 1'!Z:Z) -> 0 | AY38: =AR38-AV38 -> 0 | AZ38: =AS38-AW38 -> 0 | BA38: =AT38-AX38 -> 0 | BE38: =SUM(BB38:BD38) -> 0 | BF38: =SUMIF('ยอดจริง Week 1'!AC:AC,'Week 1'!F38,'ยอดจริง Week 1'!AE:AE) -> 0 | BG38: =SUMIF('ยอดจริง Week 1'!AC:AC,'Week 1'!F38,'ยอดจริง Week 1'!AF:AF) -> 0 | BH38: =SUMIF('ยอดจริง Week 1'!AC:AC,'Week 1'!F38,'ยอดจริง Week 1'!AG:AG) -> 0 | BI38: =BB38-BF38 -> 0 | BJ38: =BC38-BG38 -> 0 | BK38: =BD38-BH38 -> 0 | BO38: =SUM(BL38:BN38) -> 0 | BP38: =SUMIF('ยอดจริง Week 1'!AJ:AJ,'Week 1'!F38,'ยอดจริง Week 1'!AL:AL) -> 0 | BQ38: =SUMIF('ยอดจริง Week 1'!AJ:AJ,'Week 1'!F38,'ยอดจริง Week 1'!AM:AM) -> 0 | BR38: =SUMIF('ยอดจริง Week 1'!AJ:AJ,'Week 1'!F38,'ยอดจริง Week 1'!AN:AN) -> 0 | BS38: =BL38-BP38 -> 0 | BT38: =BM38-BQ38 -> 0 | BU38: =BN38-BR38 -> 0 | BY38: =SUM(BV38:BX38) -> 0 | BZ38: =SUMIF('ยอดจริง Week 1'!AQ:AQ,'Week 1'!F38,'ยอดจริง Week 1'!AS:AS) -> 0 | CA38: =SUMIF('ยอดจริง Week 1'!AQ:AQ,'Week 1'!F38,'ยอดจริง Week 1'!AT:AT) -> 0 | CB38: =SUMIF('ยอดจริง Week 1'!AQ:AQ,'Week 1'!F38,'ยอดจริง Week 1'!AU:AU) -> 0 | CC38: =BV38-BZ38 -> 0 | CD38: =BW38-CA38 -> 0 | CE38: =BX38-CB38 -> 0
A39: 35 | F39: 1111034 | G39: ชิฟฟ่อนเค้กใบเตยสอดไส้ครีมมะพร้าว (8 ชิ้น ) | K39: =SUM(N39,X39,AH39,AR39,BB39,BL39,BV39) -> 0 | L39: =SUM(O39,Y39,AI39,AS39,BC39,BM39,BW39) -> 0 | Q39: =SUM(N39:P39) -> 0 | R39: =SUMIF('ยอดจริง Week 1'!A:A,'Week 1'!F39,'ยอดจริง Week 1'!C:C) -> 0 | S39: =SUMIF('ยอดจริง Week 1'!A:A,'Week 1'!F39,'ยอดจริง Week 1'!D:D) -> 0 | T39: =SUMIF('ยอดจริง Week 1'!A:A,'Week 1'!F39,'ยอดจริง Week 1'!E:E) -> 0 | U39: =N39-R39 -> 0 | V39: =O39-S39 -> 0 | W39: =P39-T39 -> 0 | Y39: 0 | AA39: =SUM(X39:Z39) -> 0 | AB39: =SUMIF('ยอดจริง Week 1'!H:H,'Week 1'!F39,'ยอดจริง Week 1'!J:J) -> 0 | AC39: =SUMIF('ยอดจริง Week 1'!H:H,'Week 1'!F39,'ยอดจริง Week 1'!K:K) -> 0 | AD39: =SUMIF('ยอดจริง Week 1'!H:H,'Week 1'!F39,'ยอดจริง Week 1'!L:L) -> 0 | AE39: =X39-AB39 -> 0 | AF39: =Y39-AC39 -> 0 | AG39: =Z39-AD39 -> 0 | AI39: 0 | AK39: =SUM(AH39:AJ39) -> 0 | AL39: =SUMIF('ยอดจริง Week 1'!O:O,'Week 1'!F39,'ยอดจริง Week 1'!Q:Q) -> 0 | AM39: =SUMIF('ยอดจริง Week 1'!O:O,'Week 1'!F39,'ยอดจริง Week 1'!R:R) -> 0 | AN39: =SUMIF('ยอดจริง Week 1'!O:O,'Week 1'!F39,'ยอดจริง Week 1'!S:S) -> 0 | AO39: =AH39-AL39 -> 0 | AP39: =AI39-AM39 -> 0 | AQ39: =AJ39-AN39 -> 0 | AS39: 0 | AU39: =SUM(AR39:AT39) -> 0 | AV39: =SUMIF('ยอดจริง Week 1'!V:V,'Week 1'!F39,'ยอดจริง Week 1'!X:X) -> 0 | AW39: =SUMIF('ยอดจริง Week 1'!V:V,'Week 1'!F39,'ยอดจริง Week 1'!Y:Y) -> 0 | AX39: =SUMIF('ยอดจริง Week 1'!V:V,'Week 1'!F39,'ยอดจริง Week 1'!Z:Z) -> 0 | AY39: =AR39-AV39 -> 0 | AZ39: =AS39-AW39 -> 0 | BA39: =AT39-AX39 -> 0 | BE39: =SUM(BB39:BD39) -> 0 | BF39: =SUMIF('ยอดจริง Week 1'!AC:AC,'Week 1'!F39,'ยอดจริง Week 1'!AE:AE) -> 0 | BG39: =SUMIF('ยอดจริง Week 1'!AC:AC,'Week 1'!F39,'ยอดจริง Week 1'!AF:AF) -> 0 | BH39: =SUMIF('ยอดจริง Week 1'!AC:AC,'Week 1'!F39,'ยอดจริง Week 1'!AG:AG) -> 0 | BI39: =BB39-BF39 -> 0 | BJ39: =BC39-BG39 -> 0 | BK39: =BD39-BH39 -> 0 | BO39: =SUM(BL39:BN39) -> 0 | BP39: =SUMIF('ยอดจริง Week 1'!AJ:AJ,'Week 1'!F39,'ยอดจริง Week 1'!AL:AL) -> 0 | BQ39: =SUMIF('ยอดจริง Week 1'!AJ:AJ,'Week 1'!F39,'ยอดจริง Week 1'!AM:AM) -> 0 | BR39: =SUMIF('ยอดจริง Week 1'!AJ:AJ,'Week 1'!F39,'ยอดจริง Week 1'!AN:AN) -> 0 | BS39: =BL39-BP39 -> 0 | BT39: =BM39-BQ39 -> 0 | BU39: =BN39-BR39 -> 0 | BY39: =SUM(BV39:BX39) -> 0 | BZ39: =SUMIF('ยอดจริง Week 1'!AQ:AQ,'Week 1'!F39,'ยอดจริง Week 1'!AS:AS) -> 0 | CA39: =SUMIF('ยอดจริง Week 1'!AQ:AQ,'Week 1'!F39,'ยอดจริง Week 1'!AT:AT) -> 0 | CB39: =SUMIF('ยอดจริง Week 1'!AQ:AQ,'Week 1'!F39,'ยอดจริง Week 1'!AU:AU) -> 0 | CC39: =BV39-BZ39 -> 0 | CD39: =BW39-CA39 -> 0 | CE39: =BX39-CB39 -> 0
A40: 36 | F40: 1111035 | G40: ชิฟฟ่อนเค้กมะพร้าวสอดไส้ครีมมะพร้าว (8 ชิ้น) | K40: =SUM(N40,X40,AH40,AR40,BB40,BL40,BV40) -> 0 | L40: =SUM(O40,Y40,AI40,AS40,BC40,BM40,BW40) -> 0 | Q40: =SUM(N40:P40) -> 0 | R40: =SUMIF('ยอดจริง Week 1'!A:A,'Week 1'!F40,'ยอดจริง Week 1'!C:C) -> 0 | S40: =SUMIF('ยอดจริง Week 1'!A:A,'Week 1'!F40,'ยอดจริง Week 1'!D:D) -> 0 | T40: =SUMIF('ยอดจริง Week 1'!A:A,'Week 1'!F40,'ยอดจริง Week 1'!E:E) -> 0 | U40: =N40-R40 -> 0 | V40: =O40-S40 -> 0 | W40: =P40-T40 -> 0 | Y40: 0 | AA40: =SUM(X40:Z40) -> 0 | AB40: =SUMIF('ยอดจริง Week 1'!H:H,'Week 1'!F40,'ยอดจริง Week 1'!J:J) -> 0 | AC40: =SUMIF('ยอดจริง Week 1'!H:H,'Week 1'!F40,'ยอดจริง Week 1'!K:K) -> 0 | AD40: =SUMIF('ยอดจริง Week 1'!H:H,'Week 1'!F40,'ยอดจริง Week 1'!L:L) -> 0 | AE40: =X40-AB40 -> 0 | AF40: =Y40-AC40 -> 0 | AG40: =Z40-AD40 -> 0 | AI40: 0 | AK40: =SUM(AH40:AJ40) -> 0 | AL40: =SUMIF('ยอดจริง Week 1'!O:O,'Week 1'!F40,'ยอดจริง Week 1'!Q:Q) -> 0 | AM40: =SUMIF('ยอดจริง Week 1'!O:O,'Week 1'!F40,'ยอดจริง Week 1'!R:R) -> 0 | AN40: =SUMIF('ยอดจริง Week 1'!O:O,'Week 1'!F40,'ยอดจริง Week 1'!S:S) -> 0 | AO40: =AH40-AL40 -> 0 | AP40: =AI40-AM40 -> 0 | AQ40: =AJ40-AN40 -> 0 | AS40: 0 | AU40: =SUM(AR40:AT40) -> 0 | AV40: =SUMIF('ยอดจริง Week 1'!V:V,'Week 1'!F40,'ยอดจริง Week 1'!X:X) -> 0 | AW40: =SUMIF('ยอดจริง Week 1'!V:V,'Week 1'!F40,'ยอดจริง Week 1'!Y:Y) -> 0 | AX40: =SUMIF('ยอดจริง Week 1'!V:V,'Week 1'!F40,'ยอดจริง Week 1'!Z:Z) -> 0 | AY40: =AR40-AV40 -> 0 | AZ40: =AS40-AW40 -> 0 | BA40: =AT40-AX40 -> 0 | BE40: =SUM(BB40:BD40) -> 0 | BF40: =SUMIF('ยอดจริง Week 1'!AC:AC,'Week 1'!F40,'ยอดจริง Week 1'!AE:AE) -> 0 | BG40: =SUMIF('ยอดจริง Week 1'!AC:AC,'Week 1'!F40,'ยอดจริง Week 1'!AF:AF) -> 0 | BH40: =SUMIF('ยอดจริง Week 1'!AC:AC,'Week 1'!F40,'ยอดจริง Week 1'!AG:AG) -> 0 | BI40: =BB40-BF40 -> 0 | BJ40: =BC40-BG40 -> 0 | BK40: =BD40-BH40 -> 0 | BO40: =SUM(BL40:BN40) -> 0 | BP40: =SUMIF('ยอดจริง Week 1'!AJ:AJ,'Week 1'!F40,'ยอดจริง Week 1'!AL:AL) -> 0 | BQ40: =SUMIF('ยอดจริง Week 1'!AJ:AJ,'Week 1'!F40,'ยอดจริง Week 1'!AM:AM) -> 0 | BR40: =SUMIF('ยอดจริง Week 1'!AJ:AJ,'Week 1'!F40,'ยอดจริง Week 1'!AN:AN) -> 0 | BS40: =BL40-BP40 -> 0 | BT40: =BM40-BQ40 -> 0 | BU40: =BN40-BR40 -> 0 | BY40: =SUM(BV40:BX40) -> 0 | BZ40: =SUMIF('ยอดจริง Week 1'!AQ:AQ,'Week 1'!F40,'ยอดจริง Week 1'!AS:AS) -> 0 | CA40: =SUMIF('ยอดจริง Week 1'!AQ:AQ,'Week 1'!F40,'ยอดจริง Week 1'!AT:AT) -> 0 | CB40: =SUMIF('ยอดจริง Week 1'!AQ:AQ,'Week 1'!F40,'ยอดจริง Week 1'!AU:AU) -> 0 | CC40: =BV40-BZ40 -> 0 | CD40: =BW40-CA40 -> 0 | CE40: =BX40-CB40 -> 0
A41: 37 | F41: 1111031 | G41: ชิฟฟ่อนเค้กทูโทนใบเตยและมะพร้าวสอดไส้ครีม (8 ชิ้น) | K41: =SUM(N41,X41,AH41,AR41,BB41,BL41,BV41) -> 0 | L41: =SUM(O41,Y41,AI41,AS41,BC41,BM41,BW41) -> 0 | Q41: =SUM(N41:P41) -> 0 | R41: =SUMIF('ยอดจริง Week 1'!A:A,'Week 1'!F41,'ยอดจริง Week 1'!C:C) -> 0 | S41: =SUMIF('ยอดจริง Week 1'!A:A,'Week 1'!F41,'ยอดจริง Week 1'!D:D) -> 0 | T41: =SUMIF('ยอดจริง Week 1'!A:A,'Week 1'!F41,'ยอดจริง Week 1'!E:E) -> 0 | U41: =N41-R41 -> 0 | V41: =O41-S41 -> 0 | W41: =P41-T41 -> 0 | Y41: 0 | AA41: =SUM(X41:Z41) -> 0 | AB41: =SUMIF('ยอดจริง Week 1'!H:H,'Week 1'!F41,'ยอดจริง Week 1'!J:J) -> 0 | AC41: =SUMIF('ยอดจริง Week 1'!H:H,'Week 1'!F41,'ยอดจริง Week 1'!K:K) -> 0 | AD41: =SUMIF('ยอดจริง Week 1'!H:H,'Week 1'!F41,'ยอดจริง Week 1'!L:L) -> 0 | AE41: =X41-AB41 -> 0 | AF41: =Y41-AC41 -> 0 | AG41: =Z41-AD41 -> 0 | AI41: 0 | AK41: =SUM(AH41:AJ41) -> 0 | AL41: =SUMIF('ยอดจริง Week 1'!O:O,'Week 1'!F41,'ยอดจริง Week 1'!Q:Q) -> 0 | AM41: =SUMIF('ยอดจริง Week 1'!O:O,'Week 1'!F41,'ยอดจริง Week 1'!R:R) -> 0 | AN41: =SUMIF('ยอดจริง Week 1'!O:O,'Week 1'!F41,'ยอดจริง Week 1'!S:S) -> 0 | AO41: =AH41-AL41 -> 0 | AP41: =AI41-AM41 -> 0 | AQ41: =AJ41-AN41 -> 0 | AS41: 0 | AU41: =SUM(AR41:AT41) -> 0 | AV41: =SUMIF('ยอดจริง Week 1'!V:V,'Week 1'!F41,'ยอดจริง Week 1'!X:X) -> 0 | AW41: =SUMIF('ยอดจริง Week 1'!V:V,'Week 1'!F41,'ยอดจริง Week 1'!Y:Y) -> 0 | AX41: =SUMIF('ยอดจริง Week 1'!V:V,'Week 1'!F41,'ยอดจริง Week 1'!Z:Z) -> 0 | AY41: =AR41-AV41 -> 0 | AZ41: =AS41-AW41 -> 0 | BA41: =AT41-AX41 -> 0 | BE41: =SUM(BB41:BD41) -> 0 | BF41: =SUMIF('ยอดจริง Week 1'!AC:AC,'Week 1'!F41,'ยอดจริง Week 1'!AE:AE) -> 0 | BG41: =SUMIF('ยอดจริง Week 1'!AC:AC,'Week 1'!F41,'ยอดจริง Week 1'!AF:AF) -> 0 | BH41: =SUMIF('ยอดจริง Week 1'!AC:AC,'Week 1'!F41,'ยอดจริง Week 1'!AG:AG) -> 0 | BI41: =BB41-BF41 -> 0 | BJ41: =BC41-BG41 -> 0 | BK41: =BD41-BH41 -> 0 | BO41: =SUM(BL41:BN41) -> 0 | BP41: =SUMIF('ยอดจริง Week 1'!AJ:AJ,'Week 1'!F41,'ยอดจริง Week 1'!AL:AL) -> 0 | BQ41: =SUMIF('ยอดจริง Week 1'!AJ:AJ,'Week 1'!F41,'ยอดจริง Week 1'!AM:AM) -> 0 | BR41: =SUMIF('ยอดจริง Week 1'!AJ:AJ,'Week 1'!F41,'ยอดจริง Week 1'!AN:AN) -> 0 | BS41: =BL41-BP41 -> 0 | BT41: =BM41-BQ41 -> 0 | BU41: =BN41-BR41 -> 0 | BY41: =SUM(BV41:BX41) -> 0 | BZ41: =SUMIF('ยอดจริง Week 1'!AQ:AQ,'Week 1'!F41,'ยอดจริง Week 1'!AS:AS) -> 0 | CA41: =SUMIF('ยอดจริง Week 1'!AQ:AQ,'Week 1'!F41,'ยอดจริง Week 1'!AT:AT) -> 0 | CB41: =SUMIF('ยอดจริง Week 1'!AQ:AQ,'Week 1'!F41,'ยอดจริง Week 1'!AU:AU) -> 0 | CC41: =BV41-BZ41 -> 0 | CD41: =BW41-CA41 -> 0 | CE41: =BX41-CB41 -> 0
A42: 38 | F42: 1111032 | G42: ชิฟฟ่อนเค้กสอดไส้ครีมมะพร้าว ส้มล้วน (8 ชิ้น) | K42: =SUM(N42,X42,AH42,AR42,BB42,BL42,BV42) -> 0 | L42: =SUM(O42,Y42,AI42,AS42,BC42,BM42,BW42) -> 0 | Q42: =SUM(N42:P42) -> 0 | R42: =SUMIF('ยอดจริง Week 1'!A:A,'Week 1'!F42,'ยอดจริง Week 1'!C:C) -> 0 | S42: =SUMIF('ยอดจริง Week 1'!A:A,'Week 1'!F42,'ยอดจริง Week 1'!D:D) -> 0 | T42: =SUMIF('ยอดจริง Week 1'!A:A,'Week 1'!F42,'ยอดจริง Week 1'!E:E) -> 0 | U42: =N42-R42 -> 0 | V42: =O42-S42 -> 0 | W42: =P42-T42 -> 0 | Y42: 0 | AA42: =SUM(X42:Z42) -> 0 | AB42: =SUMIF('ยอดจริง Week 1'!H:H,'Week 1'!F42,'ยอดจริง Week 1'!J:J) -> 0 | AC42: =SUMIF('ยอดจริง Week 1'!H:H,'Week 1'!F42,'ยอดจริง Week 1'!K:K) -> 0 | AD42: =SUMIF('ยอดจริง Week 1'!H:H,'Week 1'!F42,'ยอดจริง Week 1'!L:L) -> 0 | AE42: =X42-AB42 -> 0 | AF42: =Y42-AC42 -> 0 | AG42: =Z42-AD42 -> 0 | AI42: 0 | AK42: =SUM(AH42:AJ42) -> 0 | AL42: =SUMIF('ยอดจริง Week 1'!O:O,'Week 1'!F42,'ยอดจริง Week 1'!Q:Q) -> 0 | AM42: =SUMIF('ยอดจริง Week 1'!O:O,'Week 1'!F42,'ยอดจริง Week 1'!R:R) -> 0 | AN42: =SUMIF('ยอดจริง Week 1'!O:O,'Week 1'!F42,'ยอดจริง Week 1'!S:S) -> 0 | AO42: =AH42-AL42 -> 0 | AP42: =AI42-AM42 -> 0 | AQ42: =AJ42-AN42 -> 0 | AS42: 0 | AU42: =SUM(AR42:AT42) -> 0 | AV42: =SUMIF('ยอดจริง Week 1'!V:V,'Week 1'!F42,'ยอดจริง Week 1'!X:X) -> 0 | AW42: =SUMIF('ยอดจริง Week 1'!V:V,'Week 1'!F42,'ยอดจริง Week 1'!Y:Y) -> 0 | AX42: =SUMIF('ยอดจริง Week 1'!V:V,'Week 1'!F42,'ยอดจริง Week 1'!Z:Z) -> 0 | AY42: =AR42-AV42 -> 0 | AZ42: =AS42-AW42 -> 0 | BA42: =AT42-AX42 -> 0 | BE42: =SUM(BB42:BD42) -> 0 | BF42: =SUMIF('ยอดจริง Week 1'!AC:AC,'Week 1'!F42,'ยอดจริง Week 1'!AE:AE) -> 0 | BG42: =SUMIF('ยอดจริง Week 1'!AC:AC,'Week 1'!F42,'ยอดจริง Week 1'!AF:AF) -> 0 | BH42: =SUMIF('ยอดจริง Week 1'!AC:AC,'Week 1'!F42,'ยอดจริง Week 1'!AG:AG) -> 0 | BI42: =BB42-BF42 -> 0 | BJ42: =BC42-BG42 -> 0 | BK42: =BD42-BH42 -> 0 | BO42: =SUM(BL42:BN42) -> 0 | BP42: =SUMIF('ยอดจริง Week 1'!AJ:AJ,'Week 1'!F42,'ยอดจริง Week 1'!AL:AL) -> 0 | BQ42: =SUMIF('ยอดจริง Week 1'!AJ:AJ,'Week 1'!F42,'ยอดจริง Week 1'!AM:AM) -> 0 | BR42: =SUMIF('ยอดจริง Week 1'!AJ:AJ,'Week 1'!F42,'ยอดจริง Week 1'!AN:AN) -> 0 | BS42: =BL42-BP42 -> 0 | BT42: =BM42-BQ42 -> 0 | BU42: =BN42-BR42 -> 0 | BY42: =SUM(BV42:BX42) -> 0 | BZ42: =SUMIF('ยอดจริง Week 1'!AQ:AQ,'Week 1'!F42,'ยอดจริง Week 1'!AS:AS) -> 0 | CA42: =SUMIF('ยอดจริง Week 1'!AQ:AQ,'Week 1'!F42,'ยอดจริง Week 1'!AT:AT) -> 0 | CB42: =SUMIF('ยอดจริง Week 1'!AQ:AQ,'Week 1'!F42,'ยอดจริง Week 1'!AU:AU) -> 0 | CC42: =BV42-BZ42 -> 0 | CD42: =BW42-CA42 -> 0 | CE42: =BX42-CB42 -> 0
A43: 39 | F43: 20040386 | G43: Wanwanach_ชิฟฟ่อนเค้กสอดไส้มะพร้านมสด 105 g | H43: CJ | K43: =SUM(N43,X43,AH43,AR43,BB43,BL43,BV43) -> 0 | L43: =SUM(O43,Y43,AI43,AS43,BC43,BM43,BW43) -> 0 | Q43: =SUM(N43:P43) -> 0 | R43: =SUMIF('ยอดจริง Week 1'!A:A,'Week 1'!F43,'ยอดจริง Week 1'!C:C) -> 0 | S43: =SUMIF('ยอดจริง Week 1'!A:A,'Week 1'!F43,'ยอดจริง Week 1'!D:D) -> 0 | T43: =SUMIF('ยอดจริง Week 1'!A:A,'Week 1'!F43,'ยอดจริง Week 1'!E:E) -> 0 | U43: =N43-R43 -> 0 | V43: =O43-S43 -> 0 | W43: =P43-T43 -> 0 | Y43: 0 | AA43: =SUM(X43:Z43) -> 0 | AB43: =SUMIF('ยอดจริง Week 1'!H:H,'Week 1'!F43,'ยอดจริง Week 1'!J:J) -> 0 | AC43: =SUMIF('ยอดจริง Week 1'!H:H,'Week 1'!F43,'ยอดจริง Week 1'!K:K) -> 0 | AD43: =SUMIF('ยอดจริง Week 1'!H:H,'Week 1'!F43,'ยอดจริง Week 1'!L:L) -> 0 | AE43: =X43-AB43 -> 0 | AF43: =Y43-AC43 -> 0 | AG43: =Z43-AD43 -> 0 | AI43: 0 | AK43: =SUM(AH43:AJ43) -> 0 | AL43: =SUMIF('ยอดจริง Week 1'!O:O,'Week 1'!F43,'ยอดจริง Week 1'!Q:Q) -> 0 | AM43: =SUMIF('ยอดจริง Week 1'!O:O,'Week 1'!F43,'ยอดจริง Week 1'!R:R) -> 0 | AN43: =SUMIF('ยอดจริง Week 1'!O:O,'Week 1'!F43,'ยอดจริง Week 1'!S:S) -> 0 | AO43: =AH43-AL43 -> 0 | AP43: =AI43-AM43 -> 0 | AQ43: =AJ43-AN43 -> 0 | AS43: 0 | AU43: =SUM(AR43:AT43) -> 0 | AV43: =SUMIF('ยอดจริง Week 1'!V:V,'Week 1'!F43,'ยอดจริง Week 1'!X:X) -> 0 | AW43: =SUMIF('ยอดจริง Week 1'!V:V,'Week 1'!F43,'ยอดจริง Week 1'!Y:Y) -> 0 | AX43: =SUMIF('ยอดจริง Week 1'!V:V,'Week 1'!F43,'ยอดจริง Week 1'!Z:Z) -> 0 | AY43: =AR43-AV43 -> 0 | AZ43: =AS43-AW43 -> 0 | BA43: =AT43-AX43 -> 0 | BE43: =SUM(BB43:BD43) -> 0 | BF43: =SUMIF('ยอดจริง Week 1'!AC:AC,'Week 1'!F43,'ยอดจริง Week 1'!AE:AE) -> 0 | BG43: =SUMIF('ยอดจริง Week 1'!AC:AC,'Week 1'!F43,'ยอดจริง Week 1'!AF:AF) -> 0 | BH43: =SUMIF('ยอดจริง Week 1'!AC:AC,'Week 1'!F43,'ยอดจริง Week 1'!AG:AG) -> 0 | BI43: =BB43-BF43 -> 0 | BJ43: =BC43-BG43 -> 0 | BK43: =BD43-BH43 -> 0 | BO43: =SUM(BL43:BN43) -> 0 | BP43: =SUMIF('ยอดจริง Week 1'!AJ:AJ,'Week 1'!F43,'ยอดจริง Week 1'!AL:AL) -> 0 | BQ43: =SUMIF('ยอดจริง Week 1'!AJ:AJ,'Week 1'!F43,'ยอดจริง Week 1'!AM:AM) -> 0 | BR43: =SUMIF('ยอดจริง Week 1'!AJ:AJ,'Week 1'!F43,'ยอดจริง Week 1'!AN:AN) -> 0 | BS43: =BL43-BP43 -> 0 | BT43: =BM43-BQ43 -> 0 | BU43: =BN43-BR43 -> 0 | BY43: =SUM(BV43:BX43) -> 0 | BZ43: =SUMIF('ยอดจริง Week 1'!AQ:AQ,'Week 1'!F43,'ยอดจริง Week 1'!AS:AS) -> 0 | CA43: =SUMIF('ยอดจริง Week 1'!AQ:AQ,'Week 1'!F43,'ยอดจริง Week 1'!AT:AT) -> 0 | CB43: =SUMIF('ยอดจริง Week 1'!AQ:AQ,'Week 1'!F43,'ยอดจริง Week 1'!AU:AU) -> 0 | CC43: =BV43-BZ43 -> 0 | CD43: =BW43-CA43 -> 0 | CE43: =BX43-CB43 -> 0
A44: 40 | F44: 1111109 | G44: ชิฟฟ่อนเค้กสอดไส้ครีมมะพร้าวล้วน (5ชิ้น) | K44: =SUM(N44,X44,AH44,AR44,BB44,BL44,BV44) -> 0 | L44: =SUM(O44,Y44,AI44,AS44,BC44,BM44,BW44) -> 0 | Q44: =SUM(N44:P44) -> 0 | R44: =SUMIF('ยอดจริง Week 1'!A:A,'Week 1'!F44,'ยอดจริง Week 1'!C:C) -> 0 | S44: =SUMIF('ยอดจริง Week 1'!A:A,'Week 1'!F44,'ยอดจริง Week 1'!D:D) -> 0 | T44: =SUMIF('ยอดจริง Week 1'!A:A,'Week 1'!F44,'ยอดจริง Week 1'!E:E) -> 0 | U44: =N44-R44 -> 0 | V44: =O44-S44 -> 0 | W44: =P44-T44 -> 0 | Y44: 0 | AA44: =SUM(X44:Z44) -> 0 | AB44: =SUMIF('ยอดจริง Week 1'!H:H,'Week 1'!F44,'ยอดจริง Week 1'!J:J) -> 0 | AC44: =SUMIF('ยอดจริง Week 1'!H:H,'Week 1'!F44,'ยอดจริง Week 1'!K:K) -> 0 | AD44: =SUMIF('ยอดจริง Week 1'!H:H,'Week 1'!F44,'ยอดจริง Week 1'!L:L) -> 0 | AE44: =X44-AB44 -> 0 | AF44: =Y44-AC44 -> 0 | AG44: =Z44-AD44 -> 0 | AI44: 0 | AK44: =SUM(AH44:AJ44) -> 0 | AL44: =SUMIF('ยอดจริง Week 1'!O:O,'Week 1'!F44,'ยอดจริง Week 1'!Q:Q) -> 0 | AM44: =SUMIF('ยอดจริง Week 1'!O:O,'Week 1'!F44,'ยอดจริง Week 1'!R:R) -> 0 | AN44: =SUMIF('ยอดจริง Week 1'!O:O,'Week 1'!F44,'ยอดจริง Week 1'!S:S) -> 0 | AO44: =AH44-AL44 -> 0 | AP44: =AI44-AM44 -> 0 | AQ44: =AJ44-AN44 -> 0 | AS44: 0 | AU44: =SUM(AR44:AT44) -> 0 | AV44: =SUMIF('ยอดจริง Week 1'!V:V,'Week 1'!F44,'ยอดจริง Week 1'!X:X) -> 0 | AW44: =SUMIF('ยอดจริง Week 1'!V:V,'Week 1'!F44,'ยอดจริง Week 1'!Y:Y) -> 0 | AX44: =SUMIF('ยอดจริง Week 1'!V:V,'Week 1'!F44,'ยอดจริง Week 1'!Z:Z) -> 0 | AY44: =AR44-AV44 -> 0 | AZ44: =AS44-AW44 -> 0 | BA44: =AT44-AX44 -> 0 | BE44: =SUM(BB44:BD44) -> 0 | BF44: =SUMIF('ยอดจริง Week 1'!AC:AC,'Week 1'!F44,'ยอดจริง Week 1'!AE:AE) -> 0 | BG44: =SUMIF('ยอดจริง Week 1'!AC:AC,'Week 1'!F44,'ยอดจริง Week 1'!AF:AF) -> 0 | BH44: =SUMIF('ยอดจริง Week 1'!AC:AC,'Week 1'!F44,'ยอดจริง Week 1'!AG:AG) -> 0 | BI44: =BB44-BF44 -> 0 | BJ44: =BC44-BG44 -> 0 | BK44: =BD44-BH44 -> 0 | BO44: =SUM(BL44:BN44) -> 0 | BP44: =SUMIF('ยอดจริง Week 1'!AJ:AJ,'Week 1'!F44,'ยอดจริง Week 1'!AL:AL) -> 0 | BQ44: =SUMIF('ยอดจริง Week 1'!AJ:AJ,'Week 1'!F44,'ยอดจริง Week 1'!AM:AM) -> 0 | BR44: =SUMIF('ยอดจริง Week 1'!AJ:AJ,'Week 1'!F44,'ยอดจริง Week 1'!AN:AN) -> 0 | BS44: =BL44-BP44 -> 0 | BT44: =BM44-BQ44 -> 0 | BU44: =BN44-BR44 -> 0 | BY44: =SUM(BV44:BX44) -> 0 | BZ44: =SUMIF('ยอดจริง Week 1'!AQ:AQ,'Week 1'!F44,'ยอดจริง Week 1'!AS:AS) -> 0 | CA44: =SUMIF('ยอดจริง Week 1'!AQ:AQ,'Week 1'!F44,'ยอดจริง Week 1'!AT:AT) -> 0 | CB44: =SUMIF('ยอดจริง Week 1'!AQ:AQ,'Week 1'!F44,'ยอดจริง Week 1'!AU:AU) -> 0 | CC44: =BV44-BZ44 -> 0 | CD44: =BW44-CA44 -> 0 | CE44: =BX44-CB44 -> 0
A45: 41 | F45: 1111110 | G45: ชิฟฟ่อนเค้กสอดไส้ครีมมะพร้าวล้วน (4 ชิ้น) | K45: =SUM(N45,X45,AH45,AR45,BB45,BL45,BV45) -> 0 | L45: =SUM(O45,Y45,AI45,AS45,BC45,BM45,BW45) -> 0 | Q45: =SUM(N45:P45) -> 0 | R45: =SUMIF('ยอดจริง Week 1'!A:A,'Week 1'!F45,'ยอดจริง Week 1'!C:C) -> 0 | S45: =SUMIF('ยอดจริง Week 1'!A:A,'Week 1'!F45,'ยอดจริง Week 1'!D:D) -> 0 | T45: =SUMIF('ยอดจริง Week 1'!A:A,'Week 1'!F45,'ยอดจริง Week 1'!E:E) -> 0 | U45: =N45-R45 -> 0 | V45: =O45-S45 -> 0 | W45: =P45-T45 -> 0 | Y45: 0 | AA45: =SUM(X45:Z45) -> 0 | AB45: =SUMIF('ยอดจริง Week 1'!H:H,'Week 1'!F45,'ยอดจริง Week 1'!J:J) -> 0 | AC45: =SUMIF('ยอดจริง Week 1'!H:H,'Week 1'!F45,'ยอดจริง Week 1'!K:K) -> 0 | AD45: =SUMIF('ยอดจริง Week 1'!H:H,'Week 1'!F45,'ยอดจริง Week 1'!L:L) -> 0 | AE45: =X45-AB45 -> 0 | AF45: =Y45-AC45 -> 0 | AG45: =Z45-AD45 -> 0 | AI45: 0 | AK45: =SUM(AH45:AJ45) -> 0 | AL45: =SUMIF('ยอดจริง Week 1'!O:O,'Week 1'!F45,'ยอดจริง Week 1'!Q:Q) -> 0 | AM45: =SUMIF('ยอดจริง Week 1'!O:O,'Week 1'!F45,'ยอดจริง Week 1'!R:R) -> 0 | AN45: =SUMIF('ยอดจริง Week 1'!O:O,'Week 1'!F45,'ยอดจริง Week 1'!S:S) -> 0 | AO45: =AH45-AL45 -> 0 | AP45: =AI45-AM45 -> 0 | AQ45: =AJ45-AN45 -> 0 | AS45: 0 | AU45: =SUM(AR45:AT45) -> 0 | AV45: =SUMIF('ยอดจริง Week 1'!V:V,'Week 1'!F45,'ยอดจริง Week 1'!X:X) -> 0 | AW45: =SUMIF('ยอดจริง Week 1'!V:V,'Week 1'!F45,'ยอดจริง Week 1'!Y:Y) -> 0 | AX45: =SUMIF('ยอดจริง Week 1'!V:V,'Week 1'!F45,'ยอดจริง Week 1'!Z:Z) -> 0 | AY45: =AR45-AV45 -> 0 | AZ45: =AS45-AW45 -> 0 | BA45: =AT45-AX45 -> 0 | BE45: =SUM(BB45:BD45) -> 0 | BF45: =SUMIF('ยอดจริง Week 1'!AC:AC,'Week 1'!F45,'ยอดจริง Week 1'!AE:AE) -> 0 | BG45: =SUMIF('ยอดจริง Week 1'!AC:AC,'Week 1'!F45,'ยอดจริง Week 1'!AF:AF) -> 0 | BH45: =SUMIF('ยอดจริง Week 1'!AC:AC,'Week 1'!F45,'ยอดจริง Week 1'!AG:AG) -> 0 | BI45: =BB45-BF45 -> 0 | BJ45: =BC45-BG45 -> 0 | BK45: =BD45-BH45 -> 0 | BO45: =SUM(BL45:BN45) -> 0 | BP45: =SUMIF('ยอดจริง Week 1'!AJ:AJ,'Week 1'!F45,'ยอดจริง Week 1'!AL:AL) -> 0 | BQ45: =SUMIF('ยอดจริง Week 1'!AJ:AJ,'Week 1'!F45,'ยอดจริง Week 1'!AM:AM) -> 0 | BR45: =SUMIF('ยอดจริง Week 1'!AJ:AJ,'Week 1'!F45,'ยอดจริง Week 1'!AN:AN) -> 0 | BS45: =BL45-BP45 -> 0 | BT45: =BM45-BQ45 -> 0 | BU45: =BN45-BR45 -> 0 | BY45: =SUM(BV45:BX45) -> 0 | BZ45: =SUMIF('ยอดจริง Week 1'!AQ:AQ,'Week 1'!F45,'ยอดจริง Week 1'!AS:AS) -> 0 | CA45: =SUMIF('ยอดจริง Week 1'!AQ:AQ,'Week 1'!F45,'ยอดจริง Week 1'!AT:AT) -> 0 | CB45: =SUMIF('ยอดจริง Week 1'!AQ:AQ,'Week 1'!F45,'ยอดจริง Week 1'!AU:AU) -> 0 | CC45: =BV45-BZ45 -> 0 | CD45: =BW45-CA45 -> 0 | CE45: =BX45-CB45 -> 0
A46: 42 | F46: 1111010 | G46: ชิฟฟ่อนเค้กสอดไส้แยม (1 ชิ้น) | K46: =SUM(N46,X46,AH46,AR46,BB46,BL46,BV46) -> 0 | L46: =SUM(O46,Y46,AI46,AS46,BC46,BM46,BW46) -> 0 | Q46: =SUM(N46:P46) -> 0 | R46: =SUMIF('ยอดจริง Week 1'!A:A,'Week 1'!F46,'ยอดจริง Week 1'!C:C) -> 0 | S46: =SUMIF('ยอดจริง Week 1'!A:A,'Week 1'!F46,'ยอดจริง Week 1'!D:D) -> 0 | T46: =SUMIF('ยอดจริง Week 1'!A:A,'Week 1'!F46,'ยอดจริง Week 1'!E:E) -> 0 | U46: =N46-R46 -> 0 | V46: =O46-S46 -> 0 | W46: =P46-T46 -> 0 | Y46: 0 | AA46: =SUM(X46:Z46) -> 0 | AB46: =SUMIF('ยอดจริง Week 1'!H:H,'Week 1'!F46,'ยอดจริง Week 1'!J:J) -> 0 | AC46: =SUMIF('ยอดจริง Week 1'!H:H,'Week 1'!F46,'ยอดจริง Week 1'!K:K) -> 0 | AD46: =SUMIF('ยอดจริง Week 1'!H:H,'Week 1'!F46,'ยอดจริง Week 1'!L:L) -> 0 | AE46: =X46-AB46 -> 0 | AF46: =Y46-AC46 -> 0 | AG46: =Z46-AD46 -> 0 | AI46: 0 | AK46: =SUM(AH46:AJ46) -> 0 | AL46: =SUMIF('ยอดจริง Week 1'!O:O,'Week 1'!F46,'ยอดจริง Week 1'!Q:Q) -> 0 | AM46: =SUMIF('ยอดจริง Week 1'!O:O,'Week 1'!F46,'ยอดจริง Week 1'!R:R) -> 0 | AN46: =SUMIF('ยอดจริง Week 1'!O:O,'Week 1'!F46,'ยอดจริง Week 1'!S:S) -> 0 | AO46: =AH46-AL46 -> 0 | AP46: =AI46-AM46 -> 0 | AQ46: =AJ46-AN46 -> 0 | AS46: 0 | AU46: =SUM(AR46:AT46) -> 0 | AV46: =SUMIF('ยอดจริง Week 1'!V:V,'Week 1'!F46,'ยอดจริง Week 1'!X:X) -> 0 | AW46: =SUMIF('ยอดจริง Week 1'!V:V,'Week 1'!F46,'ยอดจริง Week 1'!Y:Y) -> 0 | AX46: =SUMIF('ยอดจริง Week 1'!V:V,'Week 1'!F46,'ยอดจริง Week 1'!Z:Z) -> 0 | AY46: =AR46-AV46 -> 0 | AZ46: =AS46-AW46 -> 0 | BA46: =AT46-AX46 -> 0 | BE46: =SUM(BB46:BD46) -> 0 | BF46: =SUMIF('ยอดจริง Week 1'!AC:AC,'Week 1'!F46,'ยอดจริง Week 1'!AE:AE) -> 0 | BG46: =SUMIF('ยอดจริง Week 1'!AC:AC,'Week 1'!F46,'ยอดจริง Week 1'!AF:AF) -> 0 | BH46: =SUMIF('ยอดจริง Week 1'!AC:AC,'Week 1'!F46,'ยอดจริง Week 1'!AG:AG) -> 0 | BI46: =BB46-BF46 -> 0 | BJ46: =BC46-BG46 -> 0 | BK46: =BD46-BH46 -> 0 | BO46: =SUM(BL46:BN46) -> 0 | BP46: =SUMIF('ยอดจริง Week 1'!AJ:AJ,'Week 1'!F46,'ยอดจริง Week 1'!AL:AL) -> 0 | BQ46: =SUMIF('ยอดจริง Week 1'!AJ:AJ,'Week 1'!F46,'ยอดจริง Week 1'!AM:AM) -> 0 | BR46: =SUMIF('ยอดจริง Week 1'!AJ:AJ,'Week 1'!F46,'ยอดจริง Week 1'!AN:AN) -> 0 | BS46: =BL46-BP46 -> 0 | BT46: =BM46-BQ46 -> 0 | BU46: =BN46-BR46 -> 0 | BY46: =SUM(BV46:BX46) -> 0 | BZ46: =SUMIF('ยอดจริง Week 1'!AQ:AQ,'Week 1'!F46,'ยอดจริง Week 1'!AS:AS) -> 0 | CA46: =SUMIF('ยอดจริง Week 1'!AQ:AQ,'Week 1'!F46,'ยอดจริง Week 1'!AT:AT) -> 0 | CB46: =SUMIF('ยอดจริง Week 1'!AQ:AQ,'Week 1'!F46,'ยอดจริง Week 1'!AU:AU) -> 0 | CC46: =BV46-BZ46 -> 0 | CD46: =BW46-CA46 -> 0 | CE46: =BX46-CB46 -> 0
A47: 43 | F47: 1111008 | G47: ชิฟฟ่อนเค้ก สอดไส้ (รวมรส 3 ชิ้น) | K47: =SUM(N47,X47,AH47,AR47,BB47,BL47,BV47) -> 0 | L47: =SUM(O47,Y47,AI47,AS47,BC47,BM47,BW47) -> 0 | Q47: =SUM(N47:P47) -> 0 | R47: =SUMIF('ยอดจริง Week 1'!A:A,'Week 1'!F47,'ยอดจริง Week 1'!C:C) -> 0 | S47: =SUMIF('ยอดจริง Week 1'!A:A,'Week 1'!F47,'ยอดจริง Week 1'!D:D) -> 0 | T47: =SUMIF('ยอดจริง Week 1'!A:A,'Week 1'!F47,'ยอดจริง Week 1'!E:E) -> 0 | U47: =N47-R47 -> 0 | V47: =O47-S47 -> 0 | W47: =P47-T47 -> 0 | Y47: 0 | AA47: =SUM(X47:Z47) -> 0 | AB47: =SUMIF('ยอดจริง Week 1'!H:H,'Week 1'!F47,'ยอดจริง Week 1'!J:J) -> 0 | AC47: =SUMIF('ยอดจริง Week 1'!H:H,'Week 1'!F47,'ยอดจริง Week 1'!K:K) -> 0 | AD47: =SUMIF('ยอดจริง Week 1'!H:H,'Week 1'!F47,'ยอดจริง Week 1'!L:L) -> 0 | AE47: =X47-AB47 -> 0 | AF47: =Y47-AC47 -> 0 | AG47: =Z47-AD47 -> 0 | AI47: 0 | AK47: =SUM(AH47:AJ47) -> 0 | AL47: =SUMIF('ยอดจริง Week 1'!O:O,'Week 1'!F47,'ยอดจริง Week 1'!Q:Q) -> 0 | AM47: =SUMIF('ยอดจริง Week 1'!O:O,'Week 1'!F47,'ยอดจริง Week 1'!R:R) -> 0 | AN47: =SUMIF('ยอดจริง Week 1'!O:O,'Week 1'!F47,'ยอดจริง Week 1'!S:S) -> 0 | AO47: =AH47-AL47 -> 0 | AP47: =AI47-AM47 -> 0 | AQ47: =AJ47-AN47 -> 0 | AS47: 0 | AU47: =SUM(AR47:AT47) -> 0 | AV47: =SUMIF('ยอดจริง Week 1'!V:V,'Week 1'!F47,'ยอดจริง Week 1'!X:X) -> 0 | AW47: =SUMIF('ยอดจริง Week 1'!V:V,'Week 1'!F47,'ยอดจริง Week 1'!Y:Y) -> 0 | AX47: =SUMIF('ยอดจริง Week 1'!V:V,'Week 1'!F47,'ยอดจริง Week 1'!Z:Z) -> 0 | AY47: =AR47-AV47 -> 0 | AZ47: =AS47-AW47 -> 0 | BA47: =AT47-AX47 -> 0 | BE47: =SUM(BB47:BD47) -> 0 | BF47: =SUMIF('ยอดจริง Week 1'!AC:AC,'Week 1'!F47,'ยอดจริง Week 1'!AE:AE) -> 0 | BG47: =SUMIF('ยอดจริง Week 1'!AC:AC,'Week 1'!F47,'ยอดจริง Week 1'!AF:AF) -> 0 | BH47: =SUMIF('ยอดจริง Week 1'!AC:AC,'Week 1'!F47,'ยอดจริง Week 1'!AG:AG) -> 0 | BI47: =BB47-BF47 -> 0 | BJ47: =BC47-BG47 -> 0 | BK47: =BD47-BH47 -> 0 | BO47: =SUM(BL47:BN47) -> 0 | BP47: =SUMIF('ยอดจริง Week 1'!AJ:AJ,'Week 1'!F47,'ยอดจริง Week 1'!AL:AL) -> 0 | BQ47: =SUMIF('ยอดจริง Week 1'!AJ:AJ,'Week 1'!F47,'ยอดจริง Week 1'!AM:AM) -> 0 | BR47: =SUMIF('ยอดจริง Week 1'!AJ:AJ,'Week 1'!F47,'ยอดจริง Week 1'!AN:AN) -> 0 | BS47: =BL47-BP47 -> 0 | BT47: =BM47-BQ47 -> 0 | BU47: =BN47-BR47 -> 0 | BY47: =SUM(BV47:BX47) -> 0 | BZ47: =SUMIF('ยอดจริง Week 1'!AQ:AQ,'Week 1'!F47,'ยอดจริง Week 1'!AS:AS) -> 0 | CA47: =SUMIF('ยอดจริง Week 1'!AQ:AQ,'Week 1'!F47,'ยอดจริง Week 1'!AT:AT) -> 0 | CB47: =SUMIF('ยอดจริง Week 1'!AQ:AQ,'Week 1'!F47,'ยอดจริง Week 1'!AU:AU) -> 0 | CC47: =BV47-BZ47 -> 0 | CD47: =BW47-CA47 -> 0 | CE47: =BX47-CB47 -> 0
A48: 44 | F48: 1111009 | G48: ชิฟฟ่อนเค้ก สอดไส้ (รวมรส 6 ชิ้น) | K48: =SUM(N48,X48,AH48,AR48,BB48,BL48,BV48) -> 0 | L48: =SUM(O48,Y48,AI48,AS48,BC48,BM48,BW48) -> 0 | Q48: =SUM(N48:P48) -> 0 | R48: =SUMIF('ยอดจริง Week 1'!A:A,'Week 1'!F48,'ยอดจริง Week 1'!C:C) -> 0 | S48: =SUMIF('ยอดจริง Week 1'!A:A,'Week 1'!F48,'ยอดจริง Week 1'!D:D) -> 0 | T48: =SUMIF('ยอดจริง Week 1'!A:A,'Week 1'!F48,'ยอดจริง Week 1'!E:E) -> 0 | U48: =N48-R48 -> 0 | V48: =O48-S48 -> 0 | W48: =P48-T48 -> 0 | Y48: 0 | AA48: =SUM(X48:Z48) -> 0 | AB48: =SUMIF('ยอดจริง Week 1'!H:H,'Week 1'!F48,'ยอดจริง Week 1'!J:J) -> 0 | AC48: =SUMIF('ยอดจริง Week 1'!H:H,'Week 1'!F48,'ยอดจริง Week 1'!K:K) -> 0 | AD48: =SUMIF('ยอดจริง Week 1'!H:H,'Week 1'!F48,'ยอดจริง Week 1'!L:L) -> 0 | AE48: =X48-AB48 -> 0 | AF48: =Y48-AC48 -> 0 | AG48: =Z48-AD48 -> 0 | AI48: 0 | AK48: =SUM(AH48:AJ48) -> 0 | AL48: =SUMIF('ยอดจริง Week 1'!O:O,'Week 1'!F48,'ยอดจริง Week 1'!Q:Q) -> 0 | AM48: =SUMIF('ยอดจริง Week 1'!O:O,'Week 1'!F48,'ยอดจริง Week 1'!R:R) -> 0 | AN48: =SUMIF('ยอดจริง Week 1'!O:O,'Week 1'!F48,'ยอดจริง Week 1'!S:S) -> 0 | AO48: =AH48-AL48 -> 0 | AP48: =AI48-AM48 -> 0 | AQ48: =AJ48-AN48 -> 0 | AS48: 0 | AU48: =SUM(AR48:AT48) -> 0 | AV48: =SUMIF('ยอดจริง Week 1'!V:V,'Week 1'!F48,'ยอดจริง Week 1'!X:X) -> 0 | AW48: =SUMIF('ยอดจริง Week 1'!V:V,'Week 1'!F48,'ยอดจริง Week 1'!Y:Y) -> 0 | AX48: =SUMIF('ยอดจริง Week 1'!V:V,'Week 1'!F48,'ยอดจริง Week 1'!Z:Z) -> 0 | AY48: =AR48-AV48 -> 0 | AZ48: =AS48-AW48 -> 0 | BA48: =AT48-AX48 -> 0 | BE48: =SUM(BB48:BD48) -> 0 | BF48: =SUMIF('ยอดจริง Week 1'!AC:AC,'Week 1'!F48,'ยอดจริง Week 1'!AE:AE) -> 0 | BG48: =SUMIF('ยอดจริง Week 1'!AC:AC,'Week 1'!F48,'ยอดจริง Week 1'!AF:AF) -> 0 | BH48: =SUMIF('ยอดจริง Week 1'!AC:AC,'Week 1'!F48,'ยอดจริง Week 1'!AG:AG) -> 0 | BI48: =BB48-BF48 -> 0 | BJ48: =BC48-BG48 -> 0 | BK48: =BD48-BH48 -> 0 | BO48: =SUM(BL48:BN48) -> 0 | BP48: =SUMIF('ยอดจริง Week 1'!AJ:AJ,'Week 1'!F48,'ยอดจริง Week 1'!AL:AL) -> 0 | BQ48: =SUMIF('ยอดจริง Week 1'!AJ:AJ,'Week 1'!F48,'ยอดจริง Week 1'!AM:AM) -> 0 | BR48: =SUMIF('ยอดจริง Week 1'!AJ:AJ,'Week 1'!F48,'ยอดจริง Week 1'!AN:AN) -> 0 | BS48: =BL48-BP48 -> 0 | BT48: =BM48-BQ48 -> 0 | BU48: =BN48-BR48 -> 0 | BY48: =SUM(BV48:BX48) -> 0 | BZ48: =SUMIF('ยอดจริง Week 1'!AQ:AQ,'Week 1'!F48,'ยอดจริง Week 1'!AS:AS) -> 0 | CA48: =SUMIF('ยอดจริง Week 1'!AQ:AQ,'Week 1'!F48,'ยอดจริง Week 1'!AT:AT) -> 0 | CB48: =SUMIF('ยอดจริง Week 1'!AQ:AQ,'Week 1'!F48,'ยอดจริง Week 1'!AU:AU) -> 0 | CC48: =BV48-BZ48 -> 0 | CD48: =BW48-CA48 -> 0 | CE48: =BX48-CB48 -> 0
A49: 45 | F49: 1111012 | G49: ชิฟฟ่อนเค้กสอดไส้ นมชมพูฮอกไกโด (6 ชิ้น) | K49: =SUM(N49,X49,AH49,AR49,BB49,BL49,BV49) -> 0 | L49: =SUM(O49,Y49,AI49,AS49,BC49,BM49,BW49) -> 0 | Q49: =SUM(N49:P49) -> 0 | R49: =SUMIF('ยอดจริง Week 1'!A:A,'Week 1'!F49,'ยอดจริง Week 1'!C:C) -> 0 | S49: =SUMIF('ยอดจริง Week 1'!A:A,'Week 1'!F49,'ยอดจริง Week 1'!D:D) -> 0 | T49: =SUMIF('ยอดจริง Week 1'!A:A,'Week 1'!F49,'ยอดจริง Week 1'!E:E) -> 0 | U49: =N49-R49 -> 0 | V49: =O49-S49 -> 0 | W49: =P49-T49 -> 0 | Y49: 0 | AA49: =SUM(X49:Z49) -> 0 | AB49: =SUMIF('ยอดจริง Week 1'!H:H,'Week 1'!F49,'ยอดจริง Week 1'!J:J) -> 0 | AC49: =SUMIF('ยอดจริง Week 1'!H:H,'Week 1'!F49,'ยอดจริง Week 1'!K:K) -> 0 | AD49: =SUMIF('ยอดจริง Week 1'!H:H,'Week 1'!F49,'ยอดจริง Week 1'!L:L) -> 0 | AE49: =X49-AB49 -> 0 | AF49: =Y49-AC49 -> 0 | AG49: =Z49-AD49 -> 0 | AI49: 0 | AK49: =SUM(AH49:AJ49) -> 0 | AL49: =SUMIF('ยอดจริง Week 1'!O:O,'Week 1'!F49,'ยอดจริง Week 1'!Q:Q) -> 0 | AM49: =SUMIF('ยอดจริง Week 1'!O:O,'Week 1'!F49,'ยอดจริง Week 1'!R:R) -> 0 | AN49: =SUMIF('ยอดจริง Week 1'!O:O,'Week 1'!F49,'ยอดจริง Week 1'!S:S) -> 0 | AO49: =AH49-AL49 -> 0 | AP49: =AI49-AM49 -> 0 | AQ49: =AJ49-AN49 -> 0 | AS49: 0 | AU49: =SUM(AR49:AT49) -> 0 | AV49: =SUMIF('ยอดจริง Week 1'!V:V,'Week 1'!F49,'ยอดจริง Week 1'!X:X) -> 0 | AW49: =SUMIF('ยอดจริง Week 1'!V:V,'Week 1'!F49,'ยอดจริง Week 1'!Y:Y) -> 0 | AX49: =SUMIF('ยอดจริง Week 1'!V:V,'Week 1'!F49,'ยอดจริง Week 1'!Z:Z) -> 0 | AY49: =AR49-AV49 -> 0 | AZ49: =AS49-AW49 -> 0 | BA49: =AT49-AX49 -> 0 | BE49: =SUM(BB49:BD49) -> 0 | BF49: =SUMIF('ยอดจริง Week 1'!AC:AC,'Week 1'!F49,'ยอดจริง Week 1'!AE:AE) -> 0 | BG49: =SUMIF('ยอดจริง Week 1'!AC:AC,'Week 1'!F49,'ยอดจริง Week 1'!AF:AF) -> 0 | BH49: =SUMIF('ยอดจริง Week 1'!AC:AC,'Week 1'!F49,'ยอดจริง Week 1'!AG:AG) -> 0 | BI49: =BB49-BF49 -> 0 | BJ49: =BC49-BG49 -> 0 | BK49: =BD49-BH49 -> 0 | BO49: =SUM(BL49:BN49) -> 0 | BP49: =SUMIF('ยอดจริง Week 1'!AJ:AJ,'Week 1'!F49,'ยอดจริง Week 1'!AL:AL) -> 0 | BQ49: =SUMIF('ยอดจริง Week 1'!AJ:AJ,'Week 1'!F49,'ยอดจริง Week 1'!AM:AM) -> 0 | BR49: =SUMIF('ยอดจริง Week 1'!AJ:AJ,'Week 1'!F49,'ยอดจริง Week 1'!AN:AN) -> 0 | BS49: =BL49-BP49 -> 0 | BT49: =BM49-BQ49 -> 0 | BU49: =BN49-BR49 -> 0 | BY49: =SUM(BV49:BX49) -> 0 | BZ49: =SUMIF('ยอดจริง Week 1'!AQ:AQ,'Week 1'!F49,'ยอดจริง Week 1'!AS:AS) -> 0 | CA49: =SUMIF('ยอดจริง Week 1'!AQ:AQ,'Week 1'!F49,'ยอดจริง Week 1'!AT:AT) -> 0 | CB49: =SUMIF('ยอดจริง Week 1'!AQ:AQ,'Week 1'!F49,'ยอดจริง Week 1'!AU:AU) -> 0 | CC49: =BV49-BZ49 -> 0 | CD49: =BW49-CA49 -> 0 | CE49: =BX49-CB49 -> 0
A50: 46 | F50: 1111014 | G50: ชิฟฟ่อนเค้กสอดไส้ ช็อคโกแลตนูเทลล่า (6 ชิ้น) | K50: =SUM(N50,X50,AH50,AR50,BB50,BL50,BV50) -> 0 | L50: =SUM(O50,Y50,AI50,AS50,BC50,BM50,BW50) -> 0 | Q50: =SUM(N50:P50) -> 0 | R50: =SUMIF('ยอดจริง Week 1'!A:A,'Week 1'!F50,'ยอดจริง Week 1'!C:C) -> 0 | S50: =SUMIF('ยอดจริง Week 1'!A:A,'Week 1'!F50,'ยอดจริง Week 1'!D:D) -> 0 | T50: =SUMIF('ยอดจริง Week 1'!A:A,'Week 1'!F50,'ยอดจริง Week 1'!E:E) -> 0 | U50: =N50-R50 -> 0 | V50: =O50-S50 -> 0 | W50: =P50-T50 -> 0 | Y50: 0 | AA50: =SUM(X50:Z50) -> 0 | AB50: =SUMIF('ยอดจริง Week 1'!H:H,'Week 1'!F50,'ยอดจริง Week 1'!J:J) -> 0 | AC50: =SUMIF('ยอดจริง Week 1'!H:H,'Week 1'!F50,'ยอดจริง Week 1'!K:K) -> 0 | AD50: =SUMIF('ยอดจริง Week 1'!H:H,'Week 1'!F50,'ยอดจริง Week 1'!L:L) -> 0 | AE50: =X50-AB50 -> 0 | AF50: =Y50-AC50 -> 0 | AG50: =Z50-AD50 -> 0 | AI50: 0 | AK50: =SUM(AH50:AJ50) -> 0 | AL50: =SUMIF('ยอดจริง Week 1'!O:O,'Week 1'!F50,'ยอดจริง Week 1'!Q:Q) -> 0 | AM50: =SUMIF('ยอดจริง Week 1'!O:O,'Week 1'!F50,'ยอดจริง Week 1'!R:R) -> 0 | AN50: =SUMIF('ยอดจริง Week 1'!O:O,'Week 1'!F50,'ยอดจริง Week 1'!S:S) -> 0 | AO50: =AH50-AL50 -> 0 | AP50: =AI50-AM50 -> 0 | AQ50: =AJ50-AN50 -> 0 | AS50: 0 | AU50: =SUM(AR50:AT50) -> 0 | AV50: =SUMIF('ยอดจริง Week 1'!V:V,'Week 1'!F50,'ยอดจริง Week 1'!X:X) -> 0 | AW50: =SUMIF('ยอดจริง Week 1'!V:V,'Week 1'!F50,'ยอดจริง Week 1'!Y:Y) -> 0 | AX50: =SUMIF('ยอดจริง Week 1'!V:V,'Week 1'!F50,'ยอดจริง Week 1'!Z:Z) -> 0 | AY50: =AR50-AV50 -> 0 | AZ50: =AS50-AW50 -> 0 | BA50: =AT50-AX50 -> 0 | BE50: =SUM(BB50:BD50) -> 0 | BF50: =SUMIF('ยอดจริง Week 1'!AC:AC,'Week 1'!F50,'ยอดจริง Week 1'!AE:AE) -> 0 | BG50: =SUMIF('ยอดจริง Week 1'!AC:AC,'Week 1'!F50,'ยอดจริง Week 1'!AF:AF) -> 0 | BH50: =SUMIF('ยอดจริง Week 1'!AC:AC,'Week 1'!F50,'ยอดจริง Week 1'!AG:AG) -> 0 | BI50: =BB50-BF50 -> 0 | BJ50: =BC50-BG50 -> 0 | BK50: =BD50-BH50 -> 0 | BO50: =SUM(BL50:BN50) -> 0 | BP50: =SUMIF('ยอดจริง Week 1'!AJ:AJ,'Week 1'!F50,'ยอดจริง Week 1'!AL:AL) -> 0 | BQ50: =SUMIF('ยอดจริง Week 1'!AJ:AJ,'Week 1'!F50,'ยอดจริง Week 1'!AM:AM) -> 0 | BR50: =SUMIF('ยอดจริง Week 1'!AJ:AJ,'Week 1'!F50,'ยอดจริง Week 1'!AN:AN) -> 0 | BS50: =BL50-BP50 -> 0 | BT50: =BM50-BQ50 -> 0 | BU50: =BN50-BR50 -> 0 | BY50: =SUM(BV50:BX50) -> 0 | BZ50: =SUMIF('ยอดจริง Week 1'!AQ:AQ,'Week 1'!F50,'ยอดจริง Week 1'!AS:AS) -> 0 | CA50: =SUMIF('ยอดจริง Week 1'!AQ:AQ,'Week 1'!F50,'ยอดจริง Week 1'!AT:AT) -> 0 | CB50: =SUMIF('ยอดจริง Week 1'!AQ:AQ,'Week 1'!F50,'ยอดจริง Week 1'!AU:AU) -> 0 | CC50: =BV50-BZ50 -> 0 | CD50: =BW50-CA50 -> 0 | CE50: =BX50-CB50 -> 0
A51: 47 | F51: 1111015 | G51: ชิฟฟ่อนเค้กสอดไส้เนย มะพร้าว (3ชิ้น) | K51: =SUM(N51,X51,AH51,AR51,BB51,BL51,BV51) -> 0 | L51: =SUM(O51,Y51,AI51,AS51,BC51,BM51,BW51) -> 0 | Q51: =SUM(N51:P51) -> 0 | R51: =SUMIF('ยอดจริง Week 1'!A:A,'Week 1'!F51,'ยอดจริง Week 1'!C:C) -> 0 | S51: =SUMIF('ยอดจริง Week 1'!A:A,'Week 1'!F51,'ยอดจริง Week 1'!D:D) -> 0 | T51: =SUMIF('ยอดจริง Week 1'!A:A,'Week 1'!F51,'ยอดจริง Week 1'!E:E) -> 0 | U51: =N51-R51 -> 0 | V51: =O51-S51 -> 0 | W51: =P51-T51 -> 0 | Y51: 0 | AA51: =SUM(X51:Z51) -> 0 | AB51: =SUMIF('ยอดจริง Week 1'!H:H,'Week 1'!F51,'ยอดจริง Week 1'!J:J) -> 0 | AC51: =SUMIF('ยอดจริง Week 1'!H:H,'Week 1'!F51,'ยอดจริง Week 1'!K:K) -> 0 | AD51: =SUMIF('ยอดจริง Week 1'!H:H,'Week 1'!F51,'ยอดจริง Week 1'!L:L) -> 0 | AE51: =X51-AB51 -> 0 | AF51: =Y51-AC51 -> 0 | AG51: =Z51-AD51 -> 0 | AI51: 0 | AK51: =SUM(AH51:AJ51) -> 0 | AL51: =SUMIF('ยอดจริง Week 1'!O:O,'Week 1'!F51,'ยอดจริง Week 1'!Q:Q) -> 0 | AM51: =SUMIF('ยอดจริง Week 1'!O:O,'Week 1'!F51,'ยอดจริง Week 1'!R:R) -> 0 | AN51: =SUMIF('ยอดจริง Week 1'!O:O,'Week 1'!F51,'ยอดจริง Week 1'!S:S) -> 0 | AO51: =AH51-AL51 -> 0 | AP51: =AI51-AM51 -> 0 | AQ51: =AJ51-AN51 -> 0 | AS51: 0 | AU51: =SUM(AR51:AT51) -> 0 | AV51: =SUMIF('ยอดจริง Week 1'!V:V,'Week 1'!F51,'ยอดจริง Week 1'!X:X) -> 0 | AW51: =SUMIF('ยอดจริง Week 1'!V:V,'Week 1'!F51,'ยอดจริง Week 1'!Y:Y) -> 0 | AX51: =SUMIF('ยอดจริง Week 1'!V:V,'Week 1'!F51,'ยอดจริง Week 1'!Z:Z) -> 0 | AY51: =AR51-AV51 -> 0 | AZ51: =AS51-AW51 -> 0 | BA51: =AT51-AX51 -> 0 | BE51: =SUM(BB51:BD51) -> 0 | BF51: =SUMIF('ยอดจริง Week 1'!AC:AC,'Week 1'!F51,'ยอดจริง Week 1'!AE:AE) -> 0 | BG51: =SUMIF('ยอดจริง Week 1'!AC:AC,'Week 1'!F51,'ยอดจริง Week 1'!AF:AF) -> 0 | BH51: =SUMIF('ยอดจริง Week 1'!AC:AC,'Week 1'!F51,'ยอดจริง Week 1'!AG:AG) -> 0 | BI51: =BB51-BF51 -> 0 | BJ51: =BC51-BG51 -> 0 | BK51: =BD51-BH51 -> 0 | BO51: =SUM(BL51:BN51) -> 0 | BP51: =SUMIF('ยอดจริง Week 1'!AJ:AJ,'Week 1'!F51,'ยอดจริง Week 1'!AL:AL) -> 0 | BQ51: =SUMIF('ยอดจริง Week 1'!AJ:AJ,'Week 1'!F51,'ยอดจริง Week 1'!AM:AM) -> 0 | BR51: =SUMIF('ยอดจริง Week 1'!AJ:AJ,'Week 1'!F51,'ยอดจริง Week 1'!AN:AN) -> 0 | BS51: =BL51-BP51 -> 0 | BT51: =BM51-BQ51 -> 0 | BU51: =BN51-BR51 -> 0 | BY51: =SUM(BV51:BX51) -> 0 | BZ51: =SUMIF('ยอดจริง Week 1'!AQ:AQ,'Week 1'!F51,'ยอดจริง Week 1'!AS:AS) -> 0 | CA51: =SUMIF('ยอดจริง Week 1'!AQ:AQ,'Week 1'!F51,'ยอดจริง Week 1'!AT:AT) -> 0 | CB51: =SUMIF('ยอดจริง Week 1'!AQ:AQ,'Week 1'!F51,'ยอดจริง Week 1'!AU:AU) -> 0 | CC51: =BV51-BZ51 -> 0 | CD51: =BW51-CA51 -> 0 | CE51: =BX51-CB51 -> 0
A52: 48 | F52: 1005981 | G52: ชิฟฟ่อนเค้กหน้าฝอยทอง สอดไส้แยมส้ม (3 ชิ้น) | K52: =SUM(N52,X52,AH52,AR52,BB52,BL52,BV52) -> 0 | L52: =SUM(O52,Y52,AI52,AS52,BC52,BM52,BW52) -> 0 | Q52: =SUM(N52:P52) -> 0 | R52: =SUMIF('ยอดจริง Week 1'!A:A,'Week 1'!F52,'ยอดจริง Week 1'!C:C) -> 0 | S52: =SUMIF('ยอดจริง Week 1'!A:A,'Week 1'!F52,'ยอดจริง Week 1'!D:D) -> 0 | T52: =SUMIF('ยอดจริง Week 1'!A:A,'Week 1'!F52,'ยอดจริง Week 1'!E:E) -> 0 | U52: =N52-R52 -> 0 | V52: =O52-S52 -> 0 | W52: =P52-T52 -> 0 | Y52: 0 | AA52: =SUM(X52:Z52) -> 0 | AB52: =SUMIF('ยอดจริง Week 1'!H:H,'Week 1'!F52,'ยอดจริง Week 1'!J:J) -> 0 | AC52: =SUMIF('ยอดจริง Week 1'!H:H,'Week 1'!F52,'ยอดจริง Week 1'!K:K) -> 0 | AD52: =SUMIF('ยอดจริง Week 1'!H:H,'Week 1'!F52,'ยอดจริง Week 1'!L:L) -> 0 | AE52: =X52-AB52 -> 0 | AF52: =Y52-AC52 -> 0 | AG52: =Z52-AD52 -> 0 | AI52: 0 | AK52: =SUM(AH52:AJ52) -> 0 | AL52: =SUMIF('ยอดจริง Week 1'!O:O,'Week 1'!F52,'ยอดจริง Week 1'!Q:Q) -> 0 | AM52: =SUMIF('ยอดจริง Week 1'!O:O,'Week 1'!F52,'ยอดจริง Week 1'!R:R) -> 0 | AN52: =SUMIF('ยอดจริง Week 1'!O:O,'Week 1'!F52,'ยอดจริง Week 1'!S:S) -> 0 | AO52: =AH52-AL52 -> 0 | AP52: =AI52-AM52 -> 0 | AQ52: =AJ52-AN52 -> 0 | AS52: 0 | AU52: =SUM(AR52:AT52) -> 0 | AV52: =SUMIF('ยอดจริง Week 1'!V:V,'Week 1'!F52,'ยอดจริง Week 1'!X:X) -> 0 | AW52: =SUMIF('ยอดจริง Week 1'!V:V,'Week 1'!F52,'ยอดจริง Week 1'!Y:Y) -> 0 | AX52: =SUMIF('ยอดจริง Week 1'!V:V,'Week 1'!F52,'ยอดจริง Week 1'!Z:Z) -> 0 | AY52: =AR52-AV52 -> 0 | AZ52: =AS52-AW52 -> 0 | BA52: =AT52-AX52 -> 0 | BE52: =SUM(BB52:BD52) -> 0 | BF52: =SUMIF('ยอดจริง Week 1'!AC:AC,'Week 1'!F52,'ยอดจริง Week 1'!AE:AE) -> 0 | BG52: =SUMIF('ยอดจริง Week 1'!AC:AC,'Week 1'!F52,'ยอดจริง Week 1'!AF:AF) -> 0 | BH52: =SUMIF('ยอดจริง Week 1'!AC:AC,'Week 1'!F52,'ยอดจริง Week 1'!AG:AG) -> 0 | BI52: =BB52-BF52 -> 0 | BJ52: =BC52-BG52 -> 0 | BK52: =BD52-BH52 -> 0 | BO52: =SUM(BL52:BN52) -> 0 | BP52: =SUMIF('ยอดจริง Week 1'!AJ:AJ,'Week 1'!F52,'ยอดจริง Week 1'!AL:AL) -> 0 | BQ52: =SUMIF('ยอดจริง Week 1'!AJ:AJ,'Week 1'!F52,'ยอดจริง Week 1'!AM:AM) -> 0 | BR52: =SUMIF('ยอดจริง Week 1'!AJ:AJ,'Week 1'!F52,'ยอดจริง Week 1'!AN:AN) -> 0 | BS52: =BL52-BP52 -> 0 | BT52: =BM52-BQ52 -> 0 | BU52: =BN52-BR52 -> 0 | BY52: =SUM(BV52:BX52) -> 0 | BZ52: =SUMIF('ยอดจริง Week 1'!AQ:AQ,'Week 1'!F52,'ยอดจริง Week 1'!AS:AS) -> 0 | CA52: =SUMIF('ยอดจริง Week 1'!AQ:AQ,'Week 1'!F52,'ยอดจริง Week 1'!AT:AT) -> 0 | CB52: =SUMIF('ยอดจริง Week 1'!AQ:AQ,'Week 1'!F52,'ยอดจริง Week 1'!AU:AU) -> 0 | CC52: =BV52-BZ52 -> 0 | CD52: =BW52-CA52 -> 0 | CE52: =BX52-CB52 -> 0
A53: 49 | F53: 1111016 | G53: ชิฟฟ่อนเค้กสอดไส้เนยมะพร้าว (6 ชิ้น) | K53: =SUM(N53,X53,AH53,AR53,BB53,BL53,BV53) -> 0 | L53: =SUM(O53,Y53,AI53,AS53,BC53,BM53,BW53) -> 0 | Q53: =SUM(N53:P53) -> 0 | R53: =SUMIF('ยอดจริง Week 1'!A:A,'Week 1'!F53,'ยอดจริง Week 1'!C:C) -> 0 | S53: =SUMIF('ยอดจริง Week 1'!A:A,'Week 1'!F53,'ยอดจริง Week 1'!D:D) -> 0 | T53: =SUMIF('ยอดจริง Week 1'!A:A,'Week 1'!F53,'ยอดจริง Week 1'!E:E) -> 0 | U53: =N53-R53 -> 0 | V53: =O53-S53 -> 0 | W53: =P53-T53 -> 0 | Y53: 0 | AA53: =SUM(X53:Z53) -> 0 | AB53: =SUMIF('ยอดจริง Week 1'!H:H,'Week 1'!F53,'ยอดจริง Week 1'!J:J) -> 0 | AC53: =SUMIF('ยอดจริง Week 1'!H:H,'Week 1'!F53,'ยอดจริง Week 1'!K:K) -> 0 | AD53: =SUMIF('ยอดจริง Week 1'!H:H,'Week 1'!F53,'ยอดจริง Week 1'!L:L) -> 0 | AE53: =X53-AB53 -> 0 | AF53: =Y53-AC53 -> 0 | AG53: =Z53-AD53 -> 0 | AI53: 0 | AK53: =SUM(AH53:AJ53) -> 0 | AL53: =SUMIF('ยอดจริง Week 1'!O:O,'Week 1'!F53,'ยอดจริง Week 1'!Q:Q) -> 0 | AM53: =SUMIF('ยอดจริง Week 1'!O:O,'Week 1'!F53,'ยอดจริง Week 1'!R:R) -> 0 | AN53: =SUMIF('ยอดจริง Week 1'!O:O,'Week 1'!F53,'ยอดจริง Week 1'!S:S) -> 0 | AO53: =AH53-AL53 -> 0 | AP53: =AI53-AM53 -> 0 | AQ53: =AJ53-AN53 -> 0 | AS53: 0 | AU53: =SUM(AR53:AT53) -> 0 | AV53: =SUMIF('ยอดจริง Week 1'!V:V,'Week 1'!F53,'ยอดจริง Week 1'!X:X) -> 0 | AW53: =SUMIF('ยอดจริง Week 1'!V:V,'Week 1'!F53,'ยอดจริง Week 1'!Y:Y) -> 0 | AX53: =SUMIF('ยอดจริง Week 1'!V:V,'Week 1'!F53,'ยอดจริง Week 1'!Z:Z) -> 0 | AY53: =AR53-AV53 -> 0 | AZ53: =AS53-AW53 -> 0 | BA53: =AT53-AX53 -> 0 | BE53: =SUM(BB53:BD53) -> 0 | BF53: =SUMIF('ยอดจริง Week 1'!AC:AC,'Week 1'!F53,'ยอดจริง Week 1'!AE:AE) -> 0 | BG53: =SUMIF('ยอดจริง Week 1'!AC:AC,'Week 1'!F53,'ยอดจริง Week 1'!AF:AF) -> 0 | BH53: =SUMIF('ยอดจริง Week 1'!AC:AC,'Week 1'!F53,'ยอดจริง Week 1'!AG:AG) -> 0 | BI53: =BB53-BF53 -> 0 | BJ53: =BC53-BG53 -> 0 | BK53: =BD53-BH53 -> 0 | BO53: =SUM(BL53:BN53) -> 0 | BP53: =SUMIF('ยอดจริง Week 1'!AJ:AJ,'Week 1'!F53,'ยอดจริง Week 1'!AL:AL) -> 0 | BQ53: =SUMIF('ยอดจริง Week 1'!AJ:AJ,'Week 1'!F53,'ยอดจริง Week 1'!AM:AM) -> 0 | BR53: =SUMIF('ยอดจริง Week 1'!AJ:AJ,'Week 1'!F53,'ยอดจริง Week 1'!AN:AN) -> 0 | BS53: =BL53-BP53 -> 0 | BT53: =BM53-BQ53 -> 0 | BU53: =BN53-BR53 -> 0 | BY53: =SUM(BV53:BX53) -> 0 | BZ53: =SUMIF('ยอดจริง Week 1'!AQ:AQ,'Week 1'!F53,'ยอดจริง Week 1'!AS:AS) -> 0 | CA53: =SUMIF('ยอดจริง Week 1'!AQ:AQ,'Week 1'!F53,'ยอดจริง Week 1'!AT:AT) -> 0 | CB53: =SUMIF('ยอดจริง Week 1'!AQ:AQ,'Week 1'!F53,'ยอดจริง Week 1'!AU:AU) -> 0 | CC53: =BV53-BZ53 -> 0 | CD53: =BW53-CA53 -> 0 | CE53: =BX53-CB53 -> 0
A54: 50 | F54: 1111019 | G54: ชิฟฟ่อนเค้กหน้าฝอยทองทูโทน สอดไส้แยมส้ม (3 ชิ้น) | K54: =SUM(N54,X54,AH54,AR54,BB54,BL54,BV54) -> 0 | L54: =SUM(O54,Y54,AI54,AS54,BC54,BM54,BW54) -> 0 | Q54: =SUM(N54:P54) -> 0 | R54: =SUMIF('ยอดจริง Week 1'!A:A,'Week 1'!F54,'ยอดจริง Week 1'!C:C) -> 0 | S54: =SUMIF('ยอดจริง Week 1'!A:A,'Week 1'!F54,'ยอดจริง Week 1'!D:D) -> 0 | T54: =SUMIF('ยอดจริง Week 1'!A:A,'Week 1'!F54,'ยอดจริง Week 1'!E:E) -> 0 | U54: =N54-R54 -> 0 | V54: =O54-S54 -> 0 | W54: =P54-T54 -> 0 | Y54: 0 | AA54: =SUM(X54:Z54) -> 0 | AB54: =SUMIF('ยอดจริง Week 1'!H:H,'Week 1'!F54,'ยอดจริง Week 1'!J:J) -> 0 | AC54: =SUMIF('ยอดจริง Week 1'!H:H,'Week 1'!F54,'ยอดจริง Week 1'!K:K) -> 0 | AD54: =SUMIF('ยอดจริง Week 1'!H:H,'Week 1'!F54,'ยอดจริง Week 1'!L:L) -> 0 | AE54: =X54-AB54 -> 0 | AF54: =Y54-AC54 -> 0 | AG54: =Z54-AD54 -> 0 | AI54: 0 | AK54: =SUM(AH54:AJ54) -> 0 | AL54: =SUMIF('ยอดจริง Week 1'!O:O,'Week 1'!F54,'ยอดจริง Week 1'!Q:Q) -> 0 | AM54: =SUMIF('ยอดจริง Week 1'!O:O,'Week 1'!F54,'ยอดจริง Week 1'!R:R) -> 0 | AN54: =SUMIF('ยอดจริง Week 1'!O:O,'Week 1'!F54,'ยอดจริง Week 1'!S:S) -> 0 | AO54: =AH54-AL54 -> 0 | AP54: =AI54-AM54 -> 0 | AQ54: =AJ54-AN54 -> 0 | AS54: 0 | AU54: =SUM(AR54:AT54) -> 0 | AV54: =SUMIF('ยอดจริง Week 1'!V:V,'Week 1'!F54,'ยอดจริง Week 1'!X:X) -> 0 | AW54: =SUMIF('ยอดจริง Week 1'!V:V,'Week 1'!F54,'ยอดจริง Week 1'!Y:Y) -> 0 | AX54: =SUMIF('ยอดจริง Week 1'!V:V,'Week 1'!F54,'ยอดจริง Week 1'!Z:Z) -> 0 | AY54: =AR54-AV54 -> 0 | AZ54: =AS54-AW54 -> 0 | BA54: =AT54-AX54 -> 0 | BE54: =SUM(BB54:BD54) -> 0 | BF54: =SUMIF('ยอดจริง Week 1'!AC:AC,'Week 1'!F54,'ยอดจริง Week 1'!AE:AE) -> 0 | BG54: =SUMIF('ยอดจริง Week 1'!AC:AC,'Week 1'!F54,'ยอดจริง Week 1'!AF:AF) -> 0 | BH54: =SUMIF('ยอดจริง Week 1'!AC:AC,'Week 1'!F54,'ยอดจริง Week 1'!AG:AG) -> 0 | BI54: =BB54-BF54 -> 0 | BJ54: =BC54-BG54 -> 0 | BK54: =BD54-BH54 -> 0 | BO54: =SUM(BL54:BN54) -> 0 | BP54: =SUMIF('ยอดจริง Week 1'!AJ:AJ,'Week 1'!F54,'ยอดจริง Week 1'!AL:AL) -> 0 | BQ54: =SUMIF('ยอดจริง Week 1'!AJ:AJ,'Week 1'!F54,'ยอดจริง Week 1'!AM:AM) -> 0 | BR54: =SUMIF('ยอดจริง Week 1'!AJ:AJ,'Week 1'!F54,'ยอดจริง Week 1'!AN:AN) -> 0 | BS54: =BL54-BP54 -> 0 | BT54: =BM54-BQ54 -> 0 | BU54: =BN54-BR54 -> 0 | BY54: =SUM(BV54:BX54) -> 0 | BZ54: =SUMIF('ยอดจริง Week 1'!AQ:AQ,'Week 1'!F54,'ยอดจริง Week 1'!AS:AS) -> 0 | CA54: =SUMIF('ยอดจริง Week 1'!AQ:AQ,'Week 1'!F54,'ยอดจริง Week 1'!AT:AT) -> 0 | CB54: =SUMIF('ยอดจริง Week 1'!AQ:AQ,'Week 1'!F54,'ยอดจริง Week 1'!AU:AU) -> 0 | CC54: =BV54-BZ54 -> 0 | CD54: =BW54-CA54 -> 0 | CE54: =BX54-CB54 -> 0
A55: 51 | F55: 1111020 | G55: ชิฟฟ่อนเค้กหน้าฝอยทอง สอดไส้แยมส้ม (6 ชิ้น) | K55: =SUM(N55,X55,AH55,AR55,BB55,BL55,BV55) -> 0 | L55: =SUM(O55,Y55,AI55,AS55,BC55,BM55,BW55) -> 0 | Q55: =SUM(N55:P55) -> 0 | R55: =SUMIF('ยอดจริง Week 1'!A:A,'Week 1'!F55,'ยอดจริง Week 1'!C:C) -> 0 | S55: =SUMIF('ยอดจริง Week 1'!A:A,'Week 1'!F55,'ยอดจริง Week 1'!D:D) -> 0 | T55: =SUMIF('ยอดจริง Week 1'!A:A,'Week 1'!F55,'ยอดจริง Week 1'!E:E) -> 0 | U55: =N55-R55 -> 0 | V55: =O55-S55 -> 0 | W55: =P55-T55 -> 0 | Y55: 0 | AA55: =SUM(X55:Z55) -> 0 | AB55: =SUMIF('ยอดจริง Week 1'!H:H,'Week 1'!F55,'ยอดจริง Week 1'!J:J) -> 0 | AC55: =SUMIF('ยอดจริง Week 1'!H:H,'Week 1'!F55,'ยอดจริง Week 1'!K:K) -> 0 | AD55: =SUMIF('ยอดจริง Week 1'!H:H,'Week 1'!F55,'ยอดจริง Week 1'!L:L) -> 0 | AE55: =X55-AB55 -> 0 | AF55: =Y55-AC55 -> 0 | AG55: =Z55-AD55 -> 0 | AI55: 0 | AK55: =SUM(AH55:AJ55) -> 0 | AL55: =SUMIF('ยอดจริง Week 1'!O:O,'Week 1'!F55,'ยอดจริง Week 1'!Q:Q) -> 0 | AM55: =SUMIF('ยอดจริง Week 1'!O:O,'Week 1'!F55,'ยอดจริง Week 1'!R:R) -> 0 | AN55: =SUMIF('ยอดจริง Week 1'!O:O,'Week 1'!F55,'ยอดจริง Week 1'!S:S) -> 0 | AO55: =AH55-AL55 -> 0 | AP55: =AI55-AM55 -> 0 | AQ55: =AJ55-AN55 -> 0 | AS55: 0 | AU55: =SUM(AR55:AT55) -> 0 | AV55: =SUMIF('ยอดจริง Week 1'!V:V,'Week 1'!F55,'ยอดจริง Week 1'!X:X) -> 0 | AW55: =SUMIF('ยอดจริง Week 1'!V:V,'Week 1'!F55,'ยอดจริง Week 1'!Y:Y) -> 0 | AX55: =SUMIF('ยอดจริง Week 1'!V:V,'Week 1'!F55,'ยอดจริง Week 1'!Z:Z) -> 0 | AY55: =AR55-AV55 -> 0 | AZ55: =AS55-AW55 -> 0 | BA55: =AT55-AX55 -> 0 | BE55: =SUM(BB55:BD55) -> 0 | BF55: =SUMIF('ยอดจริง Week 1'!AC:AC,'Week 1'!F55,'ยอดจริง Week 1'!AE:AE) -> 0 | BG55: =SUMIF('ยอดจริง Week 1'!AC:AC,'Week 1'!F55,'ยอดจริง Week 1'!AF:AF) -> 0 | BH55: =SUMIF('ยอดจริง Week 1'!AC:AC,'Week 1'!F55,'ยอดจริง Week 1'!AG:AG) -> 0 | BI55: =BB55-BF55 -> 0 | BJ55: =BC55-BG55 -> 0 | BK55: =BD55-BH55 -> 0 | BO55: =SUM(BL55:BN55) -> 0 | BP55: =SUMIF('ยอดจริง Week 1'!AJ:AJ,'Week 1'!F55,'ยอดจริง Week 1'!AL:AL) -> 0 | BQ55: =SUMIF('ยอดจริง Week 1'!AJ:AJ,'Week 1'!F55,'ยอดจริง Week 1'!AM:AM) -> 0 | BR55: =SUMIF('ยอดจริง Week 1'!AJ:AJ,'Week 1'!F55,'ยอดจริง Week 1'!AN:AN) -> 0 | BS55: =BL55-BP55 -> 0 | BT55: =BM55-BQ55 -> 0 | BU55: =BN55-BR55 -> 0 | BY55: =SUM(BV55:BX55) -> 0 | BZ55: =SUMIF('ยอดจริง Week 1'!AQ:AQ,'Week 1'!F55,'ยอดจริง Week 1'!AS:AS) -> 0 | CA55: =SUMIF('ยอดจริง Week 1'!AQ:AQ,'Week 1'!F55,'ยอดจริง Week 1'!AT:AT) -> 0 | CB55: =SUMIF('ยอดจริง Week 1'!AQ:AQ,'Week 1'!F55,'ยอดจริง Week 1'!AU:AU) -> 0 | CC55: =BV55-BZ55 -> 0 | CD55: =BW55-CA55 -> 0 | CE55: =BX55-CB55 -> 0
... A61: 57 | F61: 1111025 | G61: ชิฟฟ่อนเค้กสอดไส้แยม รสส้ม (6 ชิ้น) | K61: =SUM(N61,X61,AH61,AR61,BB61,BL61,BV61) -> 0 | L61: =SUM(O61,Y61,AI61,AS61,BC61,BM61,BW61) -> 0 | Q61: =SUM(N61:P61) -> 0 | R61: =SUMIF('ยอดจริง Week 1'!A:A,'Week 1'!F61,'ยอดจริง Week 1'!C:C) -> 0 | S61: =SUMIF('ยอดจริง Week 1'!A:A,'Week 1'!F61,'ยอดจริง Week 1'!D:D) -> 0 | T61: =SUMIF('ยอดจริง Week 1'!A:A,'Week 1'!F61,'ยอดจริง Week 1'!E:E) -> 0 | U61: =N61-R61 -> 0 | V61: =O61-S61 -> 0 | W61: =P61-T61 -> 0 | Y61: 0 | AA61: =SUM(X61:Z61) -> 0 | AB61: =SUMIF('ยอดจริง Week 1'!H:H,'Week 1'!F61,'ยอดจริง Week 1'!J:J) -> 0 | AC61: =SUMIF('ยอดจริง Week 1'!H:H,'Week 1'!F61,'ยอดจริง Week 1'!K:K) -> 0 | AD61: =SUMIF('ยอดจริง Week 1'!H:H,'Week 1'!F61,'ยอดจริง Week 1'!L:L) -> 0 | AE61: =X61-AB61 -> 0 | AF61: =Y61-AC61 -> 0 | AG61: =Z61-AD61 -> 0 | AI61: 0 | AK61: =SUM(AH61:AJ61) -> 0 | AL61: =SUMIF('ยอดจริง Week 1'!O:O,'Week 1'!F61,'ยอดจริง Week 1'!Q:Q) -> 0 | AM61: =SUMIF('ยอดจริง Week 1'!O:O,'Week 1'!F61,'ยอดจริง Week 1'!R:R) -> 0 | AN61: =SUMIF('ยอดจริง Week 1'!O:O,'Week 1'!F61,'ยอดจริง Week 1'!S:S) -> 0 | AO61: =AH61-AL61 -> 0 | AP61: =AI61-AM61 -> 0 | AQ61: =AJ61-AN61 -> 0 | AS61: 0 | AU61: =SUM(AR61:AT61) -> 0 | AV61: =SUMIF('ยอดจริง Week 1'!V:V,'Week 1'!F61,'ยอดจริง Week 1'!X:X) -> 0 | AW61: =SUMIF('ยอดจริง Week 1'!V:V,'Week 1'!F61,'ยอดจริง Week 1'!Y:Y) -> 0 | AX61: =SUMIF('ยอดจริง Week 1'!V:V,'Week 1'!F61,'ยอดจริง Week 1'!Z:Z) -> 0 | AY61: =AR61-AV61 -> 0 | AZ61: =AS61-AW61 -> 0 | BA61: =AT61-AX61 -> 0 | BE61: =SUM(BB61:BD61) -> 0 | BF61: =SUMIF('ยอดจริง Week 1'!AC:AC,'Week 1'!F61,'ยอดจริง Week 1'!AE:AE) -> 0 | BG61: =SUMIF('ยอดจริง Week 1'!AC:AC,'Week 1'!F61,'ยอดจริง Week 1'!AF:AF) -> 0 | BH61: =SUMIF('ยอดจริง Week 1'!AC:AC,'Week 1'!F61,'ยอดจริง Week 1'!AG:AG) -> 0 | BI61: =BB61-BF61 -> 0 | BJ61: =BC61-BG61 -> 0 | BK61: =BD61-BH61 -> 0 | BO61: =SUM(BL61:BN61) -> 0 | BP61: =SUMIF('ยอดจริง Week 1'!AJ:AJ,'Week 1'!F61,'ยอดจริง Week 1'!AL:AL) -> 0 | BQ61: =SUMIF('ยอดจริง Week 1'!AJ:AJ,'Week 1'!F61,'ยอดจริง Week 1'!AM:AM) -> 0 | BR61: =SUMIF('ยอดจริง Week 1'!AJ:AJ,'Week 1'!F61,'ยอดจริง Week 1'!AN:AN) -> 0 | BS61: =BL61-BP61 -> 0 | BT61: =BM61-BQ61 -> 0 | BU61: =BN61-BR61 -> 0 | BY61: =SUM(BV61:BX61) -> 0 | BZ61: =SUMIF('ยอดจริง Week 1'!AQ:AQ,'Week 1'!F61,'ยอดจริง Week 1'!AS:AS) -> 0 | CA61: =SUMIF('ยอดจริง Week 1'!AQ:AQ,'Week 1'!F61,'ยอดจริง Week 1'!AT:AT) -> 0 | CB61: =SUMIF('ยอดจริง Week 1'!AQ:AQ,'Week 1'!F61,'ยอดจริง Week 1'!AU:AU) -> 0 | CC61: =BV61-BZ61 -> 0 | CD61: =BW61-CA61 -> 0 | CE61: =BX61-CB61 -> 0
A62: 58 | F62: 1113081 | G62: (BC) ชิฟฟ่อนสอดไส้แยม 3 รสชาติ วนิลลา, ย | H62: BC | K62: =SUM(N62,X62,AH62,AR62,BB62,BL62,BV62) -> 0 | L62: =SUM(O62,Y62,AI62,AS62,BC62,BM62,BW62) -> 0 | Q62: =SUM(N62:P62) -> 0 | R62: =SUMIF('ยอดจริง Week 1'!A:A,'Week 1'!F62,'ยอดจริง Week 1'!C:C) -> 0 | S62: =SUMIF('ยอดจริง Week 1'!A:A,'Week 1'!F62,'ยอดจริง Week 1'!D:D) -> 0 | T62: =SUMIF('ยอดจริง Week 1'!A:A,'Week 1'!F62,'ยอดจริง Week 1'!E:E) -> 0 | U62: =N62-R62 -> 0 | V62: =O62-S62 -> 0 | W62: =P62-T62 -> 0 | Y62: 0 | AA62: =SUM(X62:Z62) -> 0 | AB62: =SUMIF('ยอดจริง Week 1'!H:H,'Week 1'!F62,'ยอดจริง Week 1'!J:J) -> 0 | AC62: =SUMIF('ยอดจริง Week 1'!H:H,'Week 1'!F62,'ยอดจริง Week 1'!K:K) -> 0 | AD62: =SUMIF('ยอดจริง Week 1'!H:H,'Week 1'!F62,'ยอดจริง Week 1'!L:L) -> 0 | AE62: =X62-AB62 -> 0 | AF62: =Y62-AC62 -> 0 | AG62: =Z62-AD62 -> 0 | AI62: 0 | AK62: =SUM(AH62:AJ62) -> 0 | AL62: =SUMIF('ยอดจริง Week 1'!O:O,'Week 1'!F62,'ยอดจริง Week 1'!Q:Q) -> 0 | AM62: =SUMIF('ยอดจริง Week 1'!O:O,'Week 1'!F62,'ยอดจริง Week 1'!R:R) -> 0 | AN62: =SUMIF('ยอดจริง Week 1'!O:O,'Week 1'!F62,'ยอดจริง Week 1'!S:S) -> 0 | AO62: =AH62-AL62 -> 0 | AP62: =AI62-AM62 -> 0 | AQ62: =AJ62-AN62 -> 0 | AS62: 0 | AU62: =SUM(AR62:AT62) -> 0 | AV62: =SUMIF('ยอดจริง Week 1'!V:V,'Week 1'!F62,'ยอดจริง Week 1'!X:X) -> 0 | AW62: =SUMIF('ยอดจริง Week 1'!V:V,'Week 1'!F62,'ยอดจริง Week 1'!Y:Y) -> 0 | AX62: =SUMIF('ยอดจริง Week 1'!V:V,'Week 1'!F62,'ยอดจริง Week 1'!Z:Z) -> 0 | AY62: =AR62-AV62 -> 0 | AZ62: =AS62-AW62 -> 0 | BA62: =AT62-AX62 -> 0 | BE62: =SUM(BB62:BD62) -> 0 | BF62: =SUMIF('ยอดจริง Week 1'!AC:AC,'Week 1'!F62,'ยอดจริง Week 1'!AE:AE) -> 0 | BG62: =SUMIF('ยอดจริง Week 1'!AC:AC,'Week 1'!F62,'ยอดจริง Week 1'!AF:AF) -> 0 | BH62: =SUMIF('ยอดจริง Week 1'!AC:AC,'Week 1'!F62,'ยอดจริง Week 1'!AG:AG) -> 0 | BI62: =BB62-BF62 -> 0 | BJ62: =BC62-BG62 -> 0 | BK62: =BD62-BH62 -> 0 | BO62: =SUM(BL62:BN62) -> 0 | BP62: =SUMIF('ยอดจริง Week 1'!AJ:AJ,'Week 1'!F62,'ยอดจริง Week 1'!AL:AL) -> 0 | BQ62: =SUMIF('ยอดจริง Week 1'!AJ:AJ,'Week 1'!F62,'ยอดจริง Week 1'!AM:AM) -> 0 | BR62: =SUMIF('ยอดจริง Week 1'!AJ:AJ,'Week 1'!F62,'ยอดจริง Week 1'!AN:AN) -> 0 | BS62: =BL62-BP62 -> 0 | BT62: =BM62-BQ62 -> 0 | BU62: =BN62-BR62 -> 0 | BY62: =SUM(BV62:BX62) -> 0 | BZ62: =SUMIF('ยอดจริง Week 1'!AQ:AQ,'Week 1'!F62,'ยอดจริง Week 1'!AS:AS) -> 0 | CA62: =SUMIF('ยอดจริง Week 1'!AQ:AQ,'Week 1'!F62,'ยอดจริง Week 1'!AT:AT) -> 0 | CB62: =SUMIF('ยอดจริง Week 1'!AQ:AQ,'Week 1'!F62,'ยอดจริง Week 1'!AU:AU) -> 0 | CC62: =BV62-BZ62 -> 0 | CD62: =BW62-CA62 -> 0 | CE62: =BX62-CB62 -> 0
A63: 59 | F63: 1114002 | G63: ชิฟฟอนใบเตยสอดไส้ 1 ชิ้น | K63: =SUM(N63,X63,AH63,AR63,BB63,BL63,BV63) -> 0 | L63: =SUM(O63,Y63,AI63,AS63,BC63,BM63,BW63) -> 0 | Q63: =SUM(N63:P63) -> 0 | R63: =SUMIF('ยอดจริง Week 1'!A:A,'Week 1'!F63,'ยอดจริง Week 1'!C:C) -> 0 | S63: =SUMIF('ยอดจริง Week 1'!A:A,'Week 1'!F63,'ยอดจริง Week 1'!D:D) -> 0 | T63: =SUMIF('ยอดจริง Week 1'!A:A,'Week 1'!F63,'ยอดจริง Week 1'!E:E) -> 0 | U63: =N63-R63 -> 0 | V63: =O63-S63 -> 0 | W63: =P63-T63 -> 0 | Y63: 0 | AA63: =SUM(X63:Z63) -> 0 | AB63: =SUMIF('ยอดจริง Week 1'!H:H,'Week 1'!F63,'ยอดจริง Week 1'!J:J) -> 0 | AC63: =SUMIF('ยอดจริง Week 1'!H:H,'Week 1'!F63,'ยอดจริง Week 1'!K:K) -> 0 | AD63: =SUMIF('ยอดจริง Week 1'!H:H,'Week 1'!F63,'ยอดจริง Week 1'!L:L) -> 0 | AE63: =X63-AB63 -> 0 | AF63: =Y63-AC63 -> 0 | AG63: =Z63-AD63 -> 0 | AI63: 0 | AK63: =SUM(AH63:AJ63) -> 0 | AL63: =SUMIF('ยอดจริง Week 1'!O:O,'Week 1'!F63,'ยอดจริง Week 1'!Q:Q) -> 0 | AM63: =SUMIF('ยอดจริง Week 1'!O:O,'Week 1'!F63,'ยอดจริง Week 1'!R:R) -> 0 | AN63: =SUMIF('ยอดจริง Week 1'!O:O,'Week 1'!F63,'ยอดจริง Week 1'!S:S) -> 0 | AO63: =AH63-AL63 -> 0 | AP63: =AI63-AM63 -> 0 | AQ63: =AJ63-AN63 -> 0 | AS63: 0 | AU63: =SUM(AR63:AT63) -> 0 | AV63: =SUMIF('ยอดจริง Week 1'!V:V,'Week 1'!F63,'ยอดจริง Week 1'!X:X) -> 0 | AW63: =SUMIF('ยอดจริง Week 1'!V:V,'Week 1'!F63,'ยอดจริง Week 1'!Y:Y) -> 0 | AX63: =SUMIF('ยอดจริง Week 1'!V:V,'Week 1'!F63,'ยอดจริง Week 1'!Z:Z) -> 0 | AY63: =AR63-AV63 -> 0 | AZ63: =AS63-AW63 -> 0 | BA63: =AT63-AX63 -> 0 | BE63: =SUM(BB63:BD63) -> 0 | BF63: =SUMIF('ยอดจริง Week 1'!AC:AC,'Week 1'!F63,'ยอดจริง Week 1'!AE:AE) -> 0 | BG63: =SUMIF('ยอดจริง Week 1'!AC:AC,'Week 1'!F63,'ยอดจริง Week 1'!AF:AF) -> 0 | BH63: =SUMIF('ยอดจริง Week 1'!AC:AC,'Week 1'!F63,'ยอดจริง Week 1'!AG:AG) -> 0 | BI63: =BB63-BF63 -> 0 | BJ63: =BC63-BG63 -> 0 | BK63: =BD63-BH63 -> 0 | BO63: =SUM(BL63:BN63) -> 0 | BP63: =SUMIF('ยอดจริง Week 1'!AJ:AJ,'Week 1'!F63,'ยอดจริง Week 1'!AL:AL) -> 0 | BQ63: =SUMIF('ยอดจริง Week 1'!AJ:AJ,'Week 1'!F63,'ยอดจริง Week 1'!AM:AM) -> 0 | BR63: =SUMIF('ยอดจริง Week 1'!AJ:AJ,'Week 1'!F63,'ยอดจริง Week 1'!AN:AN) -> 0 | BS63: =BL63-BP63 -> 0 | BT63: =BM63-BQ63 -> 0 | BU63: =BN63-BR63 -> 0 | BY63: =SUM(BV63:BX63) -> 0 | BZ63: =SUMIF('ยอดจริง Week 1'!AQ:AQ,'Week 1'!F63,'ยอดจริง Week 1'!AS:AS) -> 0 | CA63: =SUMIF('ยอดจริง Week 1'!AQ:AQ,'Week 1'!F63,'ยอดจริง Week 1'!AT:AT) -> 0 | CB63: =SUMIF('ยอดจริง Week 1'!AQ:AQ,'Week 1'!F63,'ยอดจริง Week 1'!AU:AU) -> 0 | CC63: =BV63-BZ63 -> 0 | CD63: =BW63-CA63 -> 0 | CE63: =BX63-CB63 -> 0
A64: 60 | F64: 1114001 | G64: ชิฟฟอนมะพร้าวสอดไส้ 1 ชิ้น | K64: =SUM(N64,X64,AH64,AR64,BB64,BL64,BV64) -> 0 | L64: =SUM(O64,Y64,AI64,AS64,BC64,BM64,BW64) -> 0 | Q64: =SUM(N64:P64) -> 0 | R64: =SUMIF('ยอดจริง Week 1'!A:A,'Week 1'!F64,'ยอดจริง Week 1'!C:C) -> 0 | S64: =SUMIF('ยอดจริง Week 1'!A:A,'Week 1'!F64,'ยอดจริง Week 1'!D:D) -> 0 | T64: =SUMIF('ยอดจริง Week 1'!A:A,'Week 1'!F64,'ยอดจริง Week 1'!E:E) -> 0 | U64: =N64-R64 -> 0 | V64: =O64-S64 -> 0 | W64: =P64-T64 -> 0 | Y64: 0 | AA64: =SUM(X64:Z64) -> 0 | AB64: =SUMIF('ยอดจริง Week 1'!H:H,'Week 1'!F64,'ยอดจริง Week 1'!J:J) -> 0 | AC64: =SUMIF('ยอดจริง Week 1'!H:H,'Week 1'!F64,'ยอดจริง Week 1'!K:K) -> 0 | AD64: =SUMIF('ยอดจริง Week 1'!H:H,'Week 1'!F64,'ยอดจริง Week 1'!L:L) -> 0 | AE64: =X64-AB64 -> 0 | AF64: =Y64-AC64 -> 0 | AG64: =Z64-AD64 -> 0 | AI64: 0 | AK64: =SUM(AH64:AJ64) -> 0 | AL64: =SUMIF('ยอดจริง Week 1'!O:O,'Week 1'!F64,'ยอดจริง Week 1'!Q:Q) -> 0 | AM64: =SUMIF('ยอดจริง Week 1'!O:O,'Week 1'!F64,'ยอดจริง Week 1'!R:R) -> 0 | AN64: =SUMIF('ยอดจริง Week 1'!O:O,'Week 1'!F64,'ยอดจริง Week 1'!S:S) -> 0 | AO64: =AH64-AL64 -> 0 | AP64: =AI64-AM64 -> 0 | AQ64: =AJ64-AN64 -> 0 | AS64: 0 | AU64: =SUM(AR64:AT64) -> 0 | AV64: =SUMIF('ยอดจริง Week 1'!V:V,'Week 1'!F64,'ยอดจริง Week 1'!X:X) -> 0 | AW64: =SUMIF('ยอดจริง Week 1'!V:V,'Week 1'!F64,'ยอดจริง Week 1'!Y:Y) -> 0 | AX64: =SUMIF('ยอดจริง Week 1'!V:V,'Week 1'!F64,'ยอดจริง Week 1'!Z:Z) -> 0 | AY64: =AR64-AV64 -> 0 | AZ64: =AS64-AW64 -> 0 | BA64: =AT64-AX64 -> 0 | BE64: =SUM(BB64:BD64) -> 0 | BF64: =SUMIF('ยอดจริง Week 1'!AC:AC,'Week 1'!F64,'ยอดจริง Week 1'!AE:AE) -> 0 | BG64: =SUMIF('ยอดจริง Week 1'!AC:AC,'Week 1'!F64,'ยอดจริง Week 1'!AF:AF) -> 0 | BH64: =SUMIF('ยอดจริง Week 1'!AC:AC,'Week 1'!F64,'ยอดจริง Week 1'!AG:AG) -> 0 | BI64: =BB64-BF64 -> 0 | BJ64: =BC64-BG64 -> 0 | BK64: =BD64-BH64 -> 0 | BO64: =SUM(BL64:BN64) -> 0 | BP64: =SUMIF('ยอดจริง Week 1'!AJ:AJ,'Week 1'!F64,'ยอดจริง Week 1'!AL:AL) -> 0 | BQ64: =SUMIF('ยอดจริง Week 1'!AJ:AJ,'Week 1'!F64,'ยอดจริง Week 1'!AM:AM) -> 0 | BR64: =SUMIF('ยอดจริง Week 1'!AJ:AJ,'Week 1'!F64,'ยอดจริง Week 1'!AN:AN) -> 0 | BS64: =BL64-BP64 -> 0 | BT64: =BM64-BQ64 -> 0 | BU64: =BN64-BR64 -> 0 | BY64: =SUM(BV64:BX64) -> 0 | BZ64: =SUMIF('ยอดจริง Week 1'!AQ:AQ,'Week 1'!F64,'ยอดจริง Week 1'!AS:AS) -> 0 | CA64: =SUMIF('ยอดจริง Week 1'!AQ:AQ,'Week 1'!F64,'ยอดจริง Week 1'!AT:AT) -> 0 | CB64: =SUMIF('ยอดจริง Week 1'!AQ:AQ,'Week 1'!F64,'ยอดจริง Week 1'!AU:AU) -> 0 | CC64: =BV64-BZ64 -> 0 | CD64: =BW64-CA64 -> 0 | CE64: =BX64-CB64 -> 0
A65: 61 | F65: 1111056 | G65: ชิฟฟอนรวมรสยอดฮิต 8 ชิ้น | K65: =SUM(N65,X65,AH65,AR65,BB65,BL65,BV65) -> 0 | L65: =SUM(O65,Y65,AI65,AS65,BC65,BM65,BW65) -> 0 | Q65: =SUM(N65:P65) -> 0 | R65: =SUMIF('ยอดจริง Week 1'!A:A,'Week 1'!F65,'ยอดจริง Week 1'!C:C) -> 0 | S65: =SUMIF('ยอดจริง Week 1'!A:A,'Week 1'!F65,'ยอดจริง Week 1'!D:D) -> 0 | T65: =SUMIF('ยอดจริง Week 1'!A:A,'Week 1'!F65,'ยอดจริง Week 1'!E:E) -> 0 | U65: =N65-R65 -> 0 | V65: =O65-S65 -> 0 | W65: =P65-T65 -> 0 | Y65: 0 | AA65: =SUM(X65:Z65) -> 0 | AB65: =SUMIF('ยอดจริง Week 1'!H:H,'Week 1'!F65,'ยอดจริง Week 1'!J:J) -> 0 | AC65: =SUMIF('ยอดจริง Week 1'!H:H,'Week 1'!F65,'ยอดจริง Week 1'!K:K) -> 0 | AD65: =SUMIF('ยอดจริง Week 1'!H:H,'Week 1'!F65,'ยอดจริง Week 1'!L:L) -> 0 | AE65: =X65-AB65 -> 0 | AF65: =Y65-AC65 -> 0 | AG65: =Z65-AD65 -> 0 | AI65: 0 | AK65: =SUM(AH65:AJ65) -> 0 | AL65: =SUMIF('ยอดจริง Week 1'!O:O,'Week 1'!F65,'ยอดจริง Week 1'!Q:Q) -> 0 | AM65: =SUMIF('ยอดจริง Week 1'!O:O,'Week 1'!F65,'ยอดจริง Week 1'!R:R) -> 0 | AN65: =SUMIF('ยอดจริง Week 1'!O:O,'Week 1'!F65,'ยอดจริง Week 1'!S:S) -> 0 | AO65: =AH65-AL65 -> 0 | AP65: =AI65-AM65 -> 0 | AQ65: =AJ65-AN65 -> 0 | AS65: 0 | AU65: =SUM(AR65:AT65) -> 0 | AV65: =SUMIF('ยอดจริง Week 1'!V:V,'Week 1'!F65,'ยอดจริง Week 1'!X:X) -> 0 | AW65: =SUMIF('ยอดจริง Week 1'!V:V,'Week 1'!F65,'ยอดจริง Week 1'!Y:Y) -> 0 | AX65: =SUMIF('ยอดจริง Week 1'!V:V,'Week 1'!F65,'ยอดจริง Week 1'!Z:Z) -> 0 | AY65: =AR65-AV65 -> 0 | AZ65: =AS65-AW65 -> 0 | BA65: =AT65-AX65 -> 0 | BE65: =SUM(BB65:BD65) -> 0 | BF65: =SUMIF('ยอดจริง Week 1'!AC:AC,'Week 1'!F65,'ยอดจริง Week 1'!AE:AE) -> 0 | BG65: =SUMIF('ยอดจริง Week 1'!AC:AC,'Week 1'!F65,'ยอดจริง Week 1'!AF:AF) -> 0 | BH65: =SUMIF('ยอดจริง Week 1'!AC:AC,'Week 1'!F65,'ยอดจริง Week 1'!AG:AG) -> 0 | BI65: =BB65-BF65 -> 0 | BJ65: =BC65-BG65 -> 0 | BK65: =BD65-BH65 -> 0 | BO65: =SUM(BL65:BN65) -> 0 | BP65: =SUMIF('ยอดจริง Week 1'!AJ:AJ,'Week 1'!F65,'ยอดจริง Week 1'!AL:AL) -> 0 | BQ65: =SUMIF('ยอดจริง Week 1'!AJ:AJ,'Week 1'!F65,'ยอดจริง Week 1'!AM:AM) -> 0 | BR65: =SUMIF('ยอดจริง Week 1'!AJ:AJ,'Week 1'!F65,'ยอดจริง Week 1'!AN:AN) -> 0 | BS65: =BL65-BP65 -> 0 | BT65: =BM65-BQ65 -> 0 | BU65: =BN65-BR65 -> 0 | BY65: =SUM(BV65:BX65) -> 0 | BZ65: =SUMIF('ยอดจริง Week 1'!AQ:AQ,'Week 1'!F65,'ยอดจริง Week 1'!AS:AS) -> 0 | CA65: =SUMIF('ยอดจริง Week 1'!AQ:AQ,'Week 1'!F65,'ยอดจริง Week 1'!AT:AT) -> 0 | CB65: =SUMIF('ยอดจริง Week 1'!AQ:AQ,'Week 1'!F65,'ยอดจริง Week 1'!AU:AU) -> 0 | CC65: =BV65-BZ65 -> 0 | CD65: =BW65-CA65 -> 0 | CE65: =BX65-CB65 -> 0
A66: 62 | F66: 1111074 | G66: ชิฟฟอนไส้แยมแยกชิ้น มะพร้าว | K66: =SUM(N66,X66,AH66,AR66,BB66,BL66,BV66) -> 0 | L66: =SUM(O66,Y66,AI66,AS66,BC66,BM66,BW66) -> 0 | Q66: =SUM(N66:P66) -> 0 | R66: =SUMIF('ยอดจริง Week 1'!A:A,'Week 1'!F66,'ยอดจริง Week 1'!C:C) -> 0 | S66: =SUMIF('ยอดจริง Week 1'!A:A,'Week 1'!F66,'ยอดจริง Week 1'!D:D) -> 0 | T66: =SUMIF('ยอดจริง Week 1'!A:A,'Week 1'!F66,'ยอดจริง Week 1'!E:E) -> 0 | U66: =N66-R66 -> 0 | V66: =O66-S66 -> 0 | W66: =P66-T66 -> 0 | Y66: 0 | AA66: =SUM(X66:Z66) -> 0 | AB66: =SUMIF('ยอดจริง Week 1'!H:H,'Week 1'!F66,'ยอดจริง Week 1'!J:J) -> 0 | AC66: =SUMIF('ยอดจริง Week 1'!H:H,'Week 1'!F66,'ยอดจริง Week 1'!K:K) -> 0 | AD66: =SUMIF('ยอดจริง Week 1'!H:H,'Week 1'!F66,'ยอดจริง Week 1'!L:L) -> 0 | AE66: =X66-AB66 -> 0 | AF66: =Y66-AC66 -> 0 | AG66: =Z66-AD66 -> 0 | AI66: 0 | AK66: =SUM(AH66:AJ66) -> 0 | AL66: =SUMIF('ยอดจริง Week 1'!O:O,'Week 1'!F66,'ยอดจริง Week 1'!Q:Q) -> 0 | AM66: =SUMIF('ยอดจริง Week 1'!O:O,'Week 1'!F66,'ยอดจริง Week 1'!R:R) -> 0 | AN66: =SUMIF('ยอดจริง Week 1'!O:O,'Week 1'!F66,'ยอดจริง Week 1'!S:S) -> 0 | AO66: =AH66-AL66 -> 0 | AP66: =AI66-AM66 -> 0 | AQ66: =AJ66-AN66 -> 0 | AS66: 0 | AU66: =SUM(AR66:AT66) -> 0 | AV66: =SUMIF('ยอดจริง Week 1'!V:V,'Week 1'!F66,'ยอดจริง Week 1'!X:X) -> 0 | AW66: =SUMIF('ยอดจริง Week 1'!V:V,'Week 1'!F66,'ยอดจริง Week 1'!Y:Y) -> 0 | AX66: =SUMIF('ยอดจริง Week 1'!V:V,'Week 1'!F66,'ยอดจริง Week 1'!Z:Z) -> 0 | AY66: =AR66-AV66 -> 0 | AZ66: =AS66-AW66 -> 0 | BA66: =AT66-AX66 -> 0 | BE66: =SUM(BB66:BD66) -> 0 | BF66: =SUMIF('ยอดจริง Week 1'!AC:AC,'Week 1'!F66,'ยอดจริง Week 1'!AE:AE) -> 0 | BG66: =SUMIF('ยอดจริง Week 1'!AC:AC,'Week 1'!F66,'ยอดจริง Week 1'!AF:AF) -> 0 | BH66: =SUMIF('ยอดจริง Week 1'!AC:AC,'Week 1'!F66,'ยอดจริง Week 1'!AG:AG) -> 0 | BI66: =BB66-BF66 -> 0 | BJ66: =BC66-BG66 -> 0 | BK66: =BD66-BH66 -> 0 | BO66: =SUM(BL66:BN66) -> 0 | BP66: =SUMIF('ยอดจริง Week 1'!AJ:AJ,'Week 1'!F66,'ยอดจริง Week 1'!AL:AL) -> 0 | BQ66: =SUMIF('ยอดจริง Week 1'!AJ:AJ,'Week 1'!F66,'ยอดจริง Week 1'!AM:AM) -> 0 | BR66: =SUMIF('ยอดจริง Week 1'!AJ:AJ,'Week 1'!F66,'ยอดจริง Week 1'!AN:AN) -> 0 | BS66: =BL66-BP66 -> 0 | BT66: =BM66-BQ66 -> 0 | BU66: =BN66-BR66 -> 0 | BY66: =SUM(BV66:BX66) -> 0 | BZ66: =SUMIF('ยอดจริง Week 1'!AQ:AQ,'Week 1'!F66,'ยอดจริง Week 1'!AS:AS) -> 0 | CA66: =SUMIF('ยอดจริง Week 1'!AQ:AQ,'Week 1'!F66,'ยอดจริง Week 1'!AT:AT) -> 0 | CB66: =SUMIF('ยอดจริง Week 1'!AQ:AQ,'Week 1'!F66,'ยอดจริง Week 1'!AU:AU) -> 0 | CC66: =BV66-BZ66 -> 0 | CD66: =BW66-CA66 -> 0 | CE66: =BX66-CB66 -> 0
A67: 63 | F67: 1111075 | G67: ชิฟฟอนไส้แยมแยกชิ้น สตอเบอรี่ | K67: =SUM(N67,X67,AH67,AR67,BB67,BL67,BV67) -> 0 | L67: =SUM(O67,Y67,AI67,AS67,BC67,BM67,BW67) -> 0 | Q67: =SUM(N67:P67) -> 0 | R67: =SUMIF('ยอดจริง Week 1'!A:A,'Week 1'!F67,'ยอดจริง Week 1'!C:C) -> 0 | S67: =SUMIF('ยอดจริง Week 1'!A:A,'Week 1'!F67,'ยอดจริง Week 1'!D:D) -> 0 | T67: =SUMIF('ยอดจริง Week 1'!A:A,'Week 1'!F67,'ยอดจริง Week 1'!E:E) -> 0 | U67: =N67-R67 -> 0 | V67: =O67-S67 -> 0 | W67: =P67-T67 -> 0 | Y67: 0 | AA67: =SUM(X67:Z67) -> 0 | AB67: =SUMIF('ยอดจริง Week 1'!H:H,'Week 1'!F67,'ยอดจริง Week 1'!J:J) -> 0 | AC67: =SUMIF('ยอดจริง Week 1'!H:H,'Week 1'!F67,'ยอดจริง Week 1'!K:K) -> 0 | AD67: =SUMIF('ยอดจริง Week 1'!H:H,'Week 1'!F67,'ยอดจริง Week 1'!L:L) -> 0 | AE67: =X67-AB67 -> 0 | AF67: =Y67-AC67 -> 0 | AG67: =Z67-AD67 -> 0 | AI67: 0 | AK67: =SUM(AH67:AJ67) -> 0 | AL67: =SUMIF('ยอดจริง Week 1'!O:O,'Week 1'!F67,'ยอดจริง Week 1'!Q:Q) -> 0 | AM67: =SUMIF('ยอดจริง Week 1'!O:O,'Week 1'!F67,'ยอดจริง Week 1'!R:R) -> 0 | AN67: =SUMIF('ยอดจริง Week 1'!O:O,'Week 1'!F67,'ยอดจริง Week 1'!S:S) -> 0 | AO67: =AH67-AL67 -> 0 | AP67: =AI67-AM67 -> 0 | AQ67: =AJ67-AN67 -> 0 | AS67: 0 | AU67: =SUM(AR67:AT67) -> 0 | AV67: =SUMIF('ยอดจริง Week 1'!V:V,'Week 1'!F67,'ยอดจริง Week 1'!X:X) -> 0 | AW67: =SUMIF('ยอดจริง Week 1'!V:V,'Week 1'!F67,'ยอดจริง Week 1'!Y:Y) -> 0 | AX67: =SUMIF('ยอดจริง Week 1'!V:V,'Week 1'!F67,'ยอดจริง Week 1'!Z:Z) -> 0 | AY67: =AR67-AV67 -> 0 | AZ67: =AS67-AW67 -> 0 | BA67: =AT67-AX67 -> 0 | BE67: =SUM(BB67:BD67) -> 0 | BF67: =SUMIF('ยอดจริง Week 1'!AC:AC,'Week 1'!F67,'ยอดจริง Week 1'!AE:AE) -> 0 | BG67: =SUMIF('ยอดจริง Week 1'!AC:AC,'Week 1'!F67,'ยอดจริง Week 1'!AF:AF) -> 0 | BH67: =SUMIF('ยอดจริง Week 1'!AC:AC,'Week 1'!F67,'ยอดจริง Week 1'!AG:AG) -> 0 | BI67: =BB67-BF67 -> 0 | BJ67: =BC67-BG67 -> 0 | BK67: =BD67-BH67 -> 0 | BO67: =SUM(BL67:BN67) -> 0 | BP67: =SUMIF('ยอดจริง Week 1'!AJ:AJ,'Week 1'!F67,'ยอดจริง Week 1'!AL:AL) -> 0 | BQ67: =SUMIF('ยอดจริง Week 1'!AJ:AJ,'Week 1'!F67,'ยอดจริง Week 1'!AM:AM) -> 0 | BR67: =SUMIF('ยอดจริง Week 1'!AJ:AJ,'Week 1'!F67,'ยอดจริง Week 1'!AN:AN) -> 0 | BS67: =BL67-BP67 -> 0 | BT67: =BM67-BQ67 -> 0 | BU67: =BN67-BR67 -> 0 | BY67: =SUM(BV67:BX67) -> 0 | BZ67: =SUMIF('ยอดจริง Week 1'!AQ:AQ,'Week 1'!F67,'ยอดจริง Week 1'!AS:AS) -> 0 | CA67: =SUMIF('ยอดจริง Week 1'!AQ:AQ,'Week 1'!F67,'ยอดจริง Week 1'!AT:AT) -> 0 | CB67: =SUMIF('ยอดจริง Week 1'!AQ:AQ,'Week 1'!F67,'ยอดจริง Week 1'!AU:AU) -> 0 | CC67: =BV67-BZ67 -> 0 | CD67: =BW67-CA67 -> 0 | CE67: =BX67-CB67 -> 0
A68: 64 | F68: 1111076 | G68: ชิฟฟอนไส้แยมแยกชิ้น ส้ม | K68: =SUM(N68,X68,AH68,AR68,BB68,BL68,BV68) -> 0 | L68: =SUM(O68,Y68,AI68,AS68,BC68,BM68,BW68) -> 0 | Q68: =SUM(N68:P68) -> 0 | R68: =SUMIF('ยอดจริง Week 1'!A:A,'Week 1'!F68,'ยอดจริง Week 1'!C:C) -> 0 | S68: =SUMIF('ยอดจริง Week 1'!A:A,'Week 1'!F68,'ยอดจริง Week 1'!D:D) -> 0 | T68: =SUMIF('ยอดจริง Week 1'!A:A,'Week 1'!F68,'ยอดจริง Week 1'!E:E) -> 0 | U68: =N68-R68 -> 0 | V68: =O68-S68 -> 0 | W68: =P68-T68 -> 0 | Y68: 0 | AA68: =SUM(X68:Z68) -> 0 | AB68: =SUMIF('ยอดจริง Week 1'!H:H,'Week 1'!F68,'ยอดจริง Week 1'!J:J) -> 0 | AC68: =SUMIF('ยอดจริง Week 1'!H:H,'Week 1'!F68,'ยอดจริง Week 1'!K:K) -> 0 | AD68: =SUMIF('ยอดจริง Week 1'!H:H,'Week 1'!F68,'ยอดจริง Week 1'!L:L) -> 0 | AE68: =X68-AB68 -> 0 | AF68: =Y68-AC68 -> 0 | AG68: =Z68-AD68 -> 0 | AI68: 0 | AK68: =SUM(AH68:AJ68) -> 0 | AL68: =SUMIF('ยอดจริง Week 1'!O:O,'Week 1'!F68,'ยอดจริง Week 1'!Q:Q) -> 0 | AM68: =SUMIF('ยอดจริง Week 1'!O:O,'Week 1'!F68,'ยอดจริง Week 1'!R:R) -> 0 | AN68: =SUMIF('ยอดจริง Week 1'!O:O,'Week 1'!F68,'ยอดจริง Week 1'!S:S) -> 0 | AO68: =AH68-AL68 -> 0 | AP68: =AI68-AM68 -> 0 | AQ68: =AJ68-AN68 -> 0 | AS68: 0 | AU68: =SUM(AR68:AT68) -> 0 | AV68: =SUMIF('ยอดจริง Week 1'!V:V,'Week 1'!F68,'ยอดจริง Week 1'!X:X) -> 0 | AW68: =SUMIF('ยอดจริง Week 1'!V:V,'Week 1'!F68,'ยอดจริง Week 1'!Y:Y) -> 0 | AX68: =SUMIF('ยอดจริง Week 1'!V:V,'Week 1'!F68,'ยอดจริง Week 1'!Z:Z) -> 0 | AY68: =AR68-AV68 -> 0 | AZ68: =AS68-AW68 -> 0 | BA68: =AT68-AX68 -> 0 | BE68: =SUM(BB68:BD68) -> 0 | BF68: =SUMIF('ยอดจริง Week 1'!AC:AC,'Week 1'!F68,'ยอดจริง Week 1'!AE:AE) -> 0 | BG68: =SUMIF('ยอดจริง Week 1'!AC:AC,'Week 1'!F68,'ยอดจริง Week 1'!AF:AF) -> 0 | BH68: =SUMIF('ยอดจริง Week 1'!AC:AC,'Week 1'!F68,'ยอดจริง Week 1'!AG:AG) -> 0 | BI68: =BB68-BF68 -> 0 | BJ68: =BC68-BG68 -> 0 | BK68: =BD68-BH68 -> 0 | BO68: =SUM(BL68:BN68) -> 0 | BP68: =SUMIF('ยอดจริง Week 1'!AJ:AJ,'Week 1'!F68,'ยอดจริง Week 1'!AL:AL) -> 0 | BQ68: =SUMIF('ยอดจริง Week 1'!AJ:AJ,'Week 1'!F68,'ยอดจริง Week 1'!AM:AM) -> 0 | BR68: =SUMIF('ยอดจริง Week 1'!AJ:AJ,'Week 1'!F68,'ยอดจริง Week 1'!AN:AN) -> 0 | BS68: =BL68-BP68 -> 0 | BT68: =BM68-BQ68 -> 0 | BU68: =BN68-BR68 -> 0 | BY68: =SUM(BV68:BX68) -> 0 | BZ68: =SUMIF('ยอดจริง Week 1'!AQ:AQ,'Week 1'!F68,'ยอดจริง Week 1'!AS:AS) -> 0 | CA68: =SUMIF('ยอดจริง Week 1'!AQ:AQ,'Week 1'!F68,'ยอดจริง Week 1'!AT:AT) -> 0 | CB68: =SUMIF('ยอดจริง Week 1'!AQ:AQ,'Week 1'!F68,'ยอดจริง Week 1'!AU:AU) -> 0 | CC68: =BV68-BZ68 -> 0 | CD68: =BW68-CA68 -> 0 | CE68: =BX68-CB68 -> 0
A69: 65 | F69: 1111077 | G69: ชิฟฟอนไส้แยมแยกชิ้น บลูเบอรี่ | K69: =SUM(N69,X69,AH69,AR69,BB69,BL69,BV69) -> 0 | L69: =SUM(O69,Y69,AI69,AS69,BC69,BM69,BW69) -> 0 | Q69: =SUM(N69:P69) -> 0 | R69: =SUMIF('ยอดจริง Week 1'!A:A,'Week 1'!F69,'ยอดจริง Week 1'!C:C) -> 0 | S69: =SUMIF('ยอดจริง Week 1'!A:A,'Week 1'!F69,'ยอดจริง Week 1'!D:D) -> 0 | T69: =SUMIF('ยอดจริง Week 1'!A:A,'Week 1'!F69,'ยอดจริง Week 1'!E:E) -> 0 | U69: =N69-R69 -> 0 | V69: =O69-S69 -> 0 | W69: =P69-T69 -> 0 | Y69: 0 | AA69: =SUM(X69:Z69) -> 0 | AB69: =SUMIF('ยอดจริง Week 1'!H:H,'Week 1'!F69,'ยอดจริง Week 1'!J:J) -> 0 | AC69: =SUMIF('ยอดจริง Week 1'!H:H,'Week 1'!F69,'ยอดจริง Week 1'!K:K) -> 0 | AD69: =SUMIF('ยอดจริง Week 1'!H:H,'Week 1'!F69,'ยอดจริง Week 1'!L:L) -> 0 | AE69: =X69-AB69 -> 0 | AF69: =Y69-AC69 -> 0 | AG69: =Z69-AD69 -> 0 | AI69: 0 | AK69: =SUM(AH69:AJ69) -> 0 | AL69: =SUMIF('ยอดจริง Week 1'!O:O,'Week 1'!F69,'ยอดจริง Week 1'!Q:Q) -> 0 | AM69: =SUMIF('ยอดจริง Week 1'!O:O,'Week 1'!F69,'ยอดจริง Week 1'!R:R) -> 0 | AN69: =SUMIF('ยอดจริง Week 1'!O:O,'Week 1'!F69,'ยอดจริง Week 1'!S:S) -> 0 | AO69: =AH69-AL69 -> 0 | AP69: =AI69-AM69 -> 0 | AQ69: =AJ69-AN69 -> 0 | AS69: 0 | AU69: =SUM(AR69:AT69) -> 0 | AV69: =SUMIF('ยอดจริง Week 1'!V:V,'Week 1'!F69,'ยอดจริง Week 1'!X:X) -> 0 | AW69: =SUMIF('ยอดจริง Week 1'!V:V,'Week 1'!F69,'ยอดจริง Week 1'!Y:Y) -> 0 | AX69: =SUMIF('ยอดจริง Week 1'!V:V,'Week 1'!F69,'ยอดจริง Week 1'!Z:Z) -> 0 | AY69: =AR69-AV69 -> 0 | AZ69: =AS69-AW69 -> 0 | BA69: =AT69-AX69 -> 0 | BE69: =SUM(BB69:BD69) -> 0 | BF69: =SUMIF('ยอดจริง Week 1'!AC:AC,'Week 1'!F69,'ยอดจริง Week 1'!AE:AE) -> 0 | BG69: =SUMIF('ยอดจริง Week 1'!AC:AC,'Week 1'!F69,'ยอดจริง Week 1'!AF:AF) -> 0 | BH69: =SUMIF('ยอดจริง Week 1'!AC:AC,'Week 1'!F69,'ยอดจริง Week 1'!AG:AG) -> 0 | BI69: =BB69-BF69 -> 0 | BJ69: =BC69-BG69 -> 0 | BK69: =BD69-BH69 -> 0 | BO69: =SUM(BL69:BN69) -> 0 | BP69: =SUMIF('ยอดจริง Week 1'!AJ:AJ,'Week 1'!F69,'ยอดจริง Week 1'!AL:AL) -> 0 | BQ69: =SUMIF('ยอดจริง Week 1'!AJ:AJ,'Week 1'!F69,'ยอดจริง Week 1'!AM:AM) -> 0 | BR69: =SUMIF('ยอดจริง Week 1'!AJ:AJ,'Week 1'!F69,'ยอดจริง Week 1'!AN:AN) -> 0 | BS69: =BL69-BP69 -> 0 | BT69: =BM69-BQ69 -> 0 | BU69: =BN69-BR69 -> 0 | BY69: =SUM(BV69:BX69) -> 0 | BZ69: =SUMIF('ยอดจริง Week 1'!AQ:AQ,'Week 1'!F69,'ยอดจริง Week 1'!AS:AS) -> 0 | CA69: =SUMIF('ยอดจริง Week 1'!AQ:AQ,'Week 1'!F69,'ยอดจริง Week 1'!AT:AT) -> 0 | CB69: =SUMIF('ยอดจริง Week 1'!AQ:AQ,'Week 1'!F69,'ยอดจริง Week 1'!AU:AU) -> 0 | CC69: =BV69-BZ69 -> 0 | CD69: =BW69-CA69 -> 0 | CE69: =BX69-CB69 -> 0
A70: 66 | F70: 1111078 | G70: ชิฟฟอนไส้แยมแยกชิ้น นมชมพู | K70: =SUM(N70,X70,AH70,AR70,BB70,BL70,BV70) -> 0 | L70: =SUM(O70,Y70,AI70,AS70,BC70,BM70,BW70) -> 0 | Q70: =SUM(N70:P70) -> 0 | R70: =SUMIF('ยอดจริง Week 1'!A:A,'Week 1'!F70,'ยอดจริง Week 1'!C:C) -> 0 | S70: =SUMIF('ยอดจริง Week 1'!A:A,'Week 1'!F70,'ยอดจริง Week 1'!D:D) -> 0 | T70: =SUMIF('ยอดจริง Week 1'!A:A,'Week 1'!F70,'ยอดจริง Week 1'!E:E) -> 0 | U70: =N70-R70 -> 0 | V70: =O70-S70 -> 0 | W70: =P70-T70 -> 0 | Y70: 0 | AA70: =SUM(X70:Z70) -> 0 | AB70: =SUMIF('ยอดจริง Week 1'!H:H,'Week 1'!F70,'ยอดจริง Week 1'!J:J) -> 0 | AC70: =SUMIF('ยอดจริง Week 1'!H:H,'Week 1'!F70,'ยอดจริง Week 1'!K:K) -> 0 | AD70: =SUMIF('ยอดจริง Week 1'!H:H,'Week 1'!F70,'ยอดจริง Week 1'!L:L) -> 0 | AE70: =X70-AB70 -> 0 | AF70: =Y70-AC70 -> 0 | AG70: =Z70-AD70 -> 0 | AI70: 0 | AK70: =SUM(AH70:AJ70) -> 0 | AL70: =SUMIF('ยอดจริง Week 1'!O:O,'Week 1'!F70,'ยอดจริง Week 1'!Q:Q) -> 0 | AM70: =SUMIF('ยอดจริง Week 1'!O:O,'Week 1'!F70,'ยอดจริง Week 1'!R:R) -> 0 | AN70: =SUMIF('ยอดจริง Week 1'!O:O,'Week 1'!F70,'ยอดจริง Week 1'!S:S) -> 0 | AO70: =AH70-AL70 -> 0 | AP70: =AI70-AM70 -> 0 | AQ70: =AJ70-AN70 -> 0 | AS70: 0 | AU70: =SUM(AR70:AT70) -> 0 | AV70: =SUMIF('ยอดจริง Week 1'!V:V,'Week 1'!F70,'ยอดจริง Week 1'!X:X) -> 0 | AW70: =SUMIF('ยอดจริง Week 1'!V:V,'Week 1'!F70,'ยอดจริง Week 1'!Y:Y) -> 0 | AX70: =SUMIF('ยอดจริง Week 1'!V:V,'Week 1'!F70,'ยอดจริง Week 1'!Z:Z) -> 0 | AY70: =AR70-AV70 -> 0 | AZ70: =AS70-AW70 -> 0 | BA70: =AT70-AX70 -> 0 | BE70: =SUM(BB70:BD70) -> 0 | BF70: =SUMIF('ยอดจริง Week 1'!AC:AC,'Week 1'!F70,'ยอดจริง Week 1'!AE:AE) -> 0 | BG70: =SUMIF('ยอดจริง Week 1'!AC:AC,'Week 1'!F70,'ยอดจริง Week 1'!AF:AF) -> 0 | BH70: =SUMIF('ยอดจริง Week 1'!AC:AC,'Week 1'!F70,'ยอดจริง Week 1'!AG:AG) -> 0 | BI70: =BB70-BF70 -> 0 | BJ70: =BC70-BG70 -> 0 | BK70: =BD70-BH70 -> 0 | BO70: =SUM(BL70:BN70) -> 0 | BP70: =SUMIF('ยอดจริง Week 1'!AJ:AJ,'Week 1'!F70,'ยอดจริง Week 1'!AL:AL) -> 0 | BQ70: =SUMIF('ยอดจริง Week 1'!AJ:AJ,'Week 1'!F70,'ยอดจริง Week 1'!AM:AM) -> 0 | BR70: =SUMIF('ยอดจริง Week 1'!AJ:AJ,'Week 1'!F70,'ยอดจริง Week 1'!AN:AN) -> 0 | BS70: =BL70-BP70 -> 0 | BT70: =BM70-BQ70 -> 0 | BU70: =BN70-BR70 -> 0 | BY70: =SUM(BV70:BX70) -> 0 | BZ70: =SUMIF('ยอดจริง Week 1'!AQ:AQ,'Week 1'!F70,'ยอดจริง Week 1'!AS:AS) -> 0 | CA70: =SUMIF('ยอดจริง Week 1'!AQ:AQ,'Week 1'!F70,'ยอดจริง Week 1'!AT:AT) -> 0 | CB70: =SUMIF('ยอดจริง Week 1'!AQ:AQ,'Week 1'!F70,'ยอดจริง Week 1'!AU:AU) -> 0 | CC70: =BV70-BZ70 -> 0 | CD70: =BW70-CA70 -> 0 | CE70: =BX70-CB70 -> 0
A71: 67 | F71: 1111079 | G71: ชิฟฟอนไส้แยมแยกชิ้น ชอคโกแลต | K71: =SUM(N71,X71,AH71,AR71,BB71,BL71,BV71) -> 0 | L71: =SUM(O71,Y71,AI71,AS71,BC71,BM71,BW71) -> 0 | Q71: =SUM(N71:P71) -> 0 | R71: =SUMIF('ยอดจริง Week 1'!A:A,'Week 1'!F71,'ยอดจริง Week 1'!C:C) -> 0 | S71: =SUMIF('ยอดจริง Week 1'!A:A,'Week 1'!F71,'ยอดจริง Week 1'!D:D) -> 0 | T71: =SUMIF('ยอดจริง Week 1'!A:A,'Week 1'!F71,'ยอดจริง Week 1'!E:E) -> 0 | U71: =N71-R71 -> 0 | V71: =O71-S71 -> 0 | W71: =P71-T71 -> 0 | Y71: 0 | AA71: =SUM(X71:Z71) -> 0 | AB71: =SUMIF('ยอดจริง Week 1'!H:H,'Week 1'!F71,'ยอดจริง Week 1'!J:J) -> 0 | AC71: =SUMIF('ยอดจริง Week 1'!H:H,'Week 1'!F71,'ยอดจริง Week 1'!K:K) -> 0 | AD71: =SUMIF('ยอดจริง Week 1'!H:H,'Week 1'!F71,'ยอดจริง Week 1'!L:L) -> 0 | AE71: =X71-AB71 -> 0 | AF71: =Y71-AC71 -> 0 | AG71: =Z71-AD71 -> 0 | AI71: 0 | AK71: =SUM(AH71:AJ71) -> 0 | AL71: =SUMIF('ยอดจริง Week 1'!O:O,'Week 1'!F71,'ยอดจริง Week 1'!Q:Q) -> 0 | AM71: =SUMIF('ยอดจริง Week 1'!O:O,'Week 1'!F71,'ยอดจริง Week 1'!R:R) -> 0 | AN71: =SUMIF('ยอดจริง Week 1'!O:O,'Week 1'!F71,'ยอดจริง Week 1'!S:S) -> 0 | AO71: =AH71-AL71 -> 0 | AP71: =AI71-AM71 -> 0 | AQ71: =AJ71-AN71 -> 0 | AS71: 0 | AU71: =SUM(AR71:AT71) -> 0 | AV71: =SUMIF('ยอดจริง Week 1'!V:V,'Week 1'!F71,'ยอดจริง Week 1'!X:X) -> 0 | AW71: =SUMIF('ยอดจริง Week 1'!V:V,'Week 1'!F71,'ยอดจริง Week 1'!Y:Y) -> 0 | AX71: =SUMIF('ยอดจริง Week 1'!V:V,'Week 1'!F71,'ยอดจริง Week 1'!Z:Z) -> 0 | AY71: =AR71-AV71 -> 0 | AZ71: =AS71-AW71 -> 0 | BA71: =AT71-AX71 -> 0 | BE71: =SUM(BB71:BD71) -> 0 | BF71: =SUMIF('ยอดจริง Week 1'!AC:AC,'Week 1'!F71,'ยอดจริง Week 1'!AE:AE) -> 0 | BG71: =SUMIF('ยอดจริง Week 1'!AC:AC,'Week 1'!F71,'ยอดจริง Week 1'!AF:AF) -> 0 | BH71: =SUMIF('ยอดจริง Week 1'!AC:AC,'Week 1'!F71,'ยอดจริง Week 1'!AG:AG) -> 0 | BI71: =BB71-BF71 -> 0 | BJ71: =BC71-BG71 -> 0 | BK71: =BD71-BH71 -> 0 | BO71: =SUM(BL71:BN71) -> 0 | BP71: =SUMIF('ยอดจริง Week 1'!AJ:AJ,'Week 1'!F71,'ยอดจริง Week 1'!AL:AL) -> 0 | BQ71: =SUMIF('ยอดจริง Week 1'!AJ:AJ,'Week 1'!F71,'ยอดจริง Week 1'!AM:AM) -> 0 | BR71: =SUMIF('ยอดจริง Week 1'!AJ:AJ,'Week 1'!F71,'ยอดจริง Week 1'!AN:AN) -> 0 | BS71: =BL71-BP71 -> 0 | BT71: =BM71-BQ71 -> 0 | BU71: =BN71-BR71 -> 0 | BY71: =SUM(BV71:BX71) -> 0 | BZ71: =SUMIF('ยอดจริง Week 1'!AQ:AQ,'Week 1'!F71,'ยอดจริง Week 1'!AS:AS) -> 0 | CA71: =SUMIF('ยอดจริง Week 1'!AQ:AQ,'Week 1'!F71,'ยอดจริง Week 1'!AT:AT) -> 0 | CB71: =SUMIF('ยอดจริง Week 1'!AQ:AQ,'Week 1'!F71,'ยอดจริง Week 1'!AU:AU) -> 0 | CC71: =BV71-BZ71 -> 0 | CD71: =BW71-CA71 -> 0 | CE71: =BX71-CB71 -> 0
A72: 68 | F72: 1111080 | G72: ชิฟฟอนไส้แยมแยกชิ้น ฝอยทอง | K72: =SUM(N72,X72,AH72,AR72,BB72,BL72,BV72) -> 0 | L72: =SUM(O72,Y72,AI72,AS72,BC72,BM72,BW72) -> 0 | Q72: =SUM(N72:P72) -> 0 | R72: =SUMIF('ยอดจริง Week 1'!A:A,'Week 1'!F72,'ยอดจริง Week 1'!C:C) -> 0 | S72: =SUMIF('ยอดจริง Week 1'!A:A,'Week 1'!F72,'ยอดจริง Week 1'!D:D) -> 0 | T72: =SUMIF('ยอดจริง Week 1'!A:A,'Week 1'!F72,'ยอดจริง Week 1'!E:E) -> 0 | U72: =N72-R72 -> 0 | V72: =O72-S72 -> 0 | W72: =P72-T72 -> 0 | Y72: 0 | AA72: =SUM(X72:Z72) -> 0 | AB72: =SUMIF('ยอดจริง Week 1'!H:H,'Week 1'!F72,'ยอดจริง Week 1'!J:J) -> 0 | AC72: =SUMIF('ยอดจริง Week 1'!H:H,'Week 1'!F72,'ยอดจริง Week 1'!K:K) -> 0 | AD72: =SUMIF('ยอดจริง Week 1'!H:H,'Week 1'!F72,'ยอดจริง Week 1'!L:L) -> 0 | AE72: =X72-AB72 -> 0 | AF72: =Y72-AC72 -> 0 | AG72: =Z72-AD72 -> 0 | AI72: 0 | AK72: =SUM(AH72:AJ72) -> 0 | AL72: =SUMIF('ยอดจริง Week 1'!O:O,'Week 1'!F72,'ยอดจริง Week 1'!Q:Q) -> 0 | AM72: =SUMIF('ยอดจริง Week 1'!O:O,'Week 1'!F72,'ยอดจริง Week 1'!R:R) -> 0 | AN72: =SUMIF('ยอดจริง Week 1'!O:O,'Week 1'!F72,'ยอดจริง Week 1'!S:S) -> 0 | AO72: =AH72-AL72 -> 0 | AP72: =AI72-AM72 -> 0 | AQ72: =AJ72-AN72 -> 0 | AS72: 0 | AU72: =SUM(AR72:AT72) -> 0 | AV72: =SUMIF('ยอดจริง Week 1'!V:V,'Week 1'!F72,'ยอดจริง Week 1'!X:X) -> 0 | AW72: =SUMIF('ยอดจริง Week 1'!V:V,'Week 1'!F72,'ยอดจริง Week 1'!Y:Y) -> 0 | AX72: =SUMIF('ยอดจริง Week 1'!V:V,'Week 1'!F72,'ยอดจริง Week 1'!Z:Z) -> 0 | AY72: =AR72-AV72 -> 0 | AZ72: =AS72-AW72 -> 0 | BA72: =AT72-AX72 -> 0 | BE72: =SUM(BB72:BD72) -> 0 | BF72: =SUMIF('ยอดจริง Week 1'!AC:AC,'Week 1'!F72,'ยอดจริง Week 1'!AE:AE) -> 0 | BG72: =SUMIF('ยอดจริง Week 1'!AC:AC,'Week 1'!F72,'ยอดจริง Week 1'!AF:AF) -> 0 | BH72: =SUMIF('ยอดจริง Week 1'!AC:AC,'Week 1'!F72,'ยอดจริง Week 1'!AG:AG) -> 0 | BI72: =BB72-BF72 -> 0 | BJ72: =BC72-BG72 -> 0 | BK72: =BD72-BH72 -> 0 | BO72: =SUM(BL72:BN72) -> 0 | BP72: =SUMIF('ยอดจริง Week 1'!AJ:AJ,'Week 1'!F72,'ยอดจริง Week 1'!AL:AL) -> 0 | BQ72: =SUMIF('ยอดจริง Week 1'!AJ:AJ,'Week 1'!F72,'ยอดจริง Week 1'!AM:AM) -> 0 | BR72: =SUMIF('ยอดจริง Week 1'!AJ:AJ,'Week 1'!F72,'ยอดจริง Week 1'!AN:AN) -> 0 | BS72: =BL72-BP72 -> 0 | BT72: =BM72-BQ72 -> 0 | BU72: =BN72-BR72 -> 0 | BY72: =SUM(BV72:BX72) -> 0 | BZ72: =SUMIF('ยอดจริง Week 1'!AQ:AQ,'Week 1'!F72,'ยอดจริง Week 1'!AS:AS) -> 0 | CA72: =SUMIF('ยอดจริง Week 1'!AQ:AQ,'Week 1'!F72,'ยอดจริง Week 1'!AT:AT) -> 0 | CB72: =SUMIF('ยอดจริง Week 1'!AQ:AQ,'Week 1'!F72,'ยอดจริง Week 1'!AU:AU) -> 0 | CC72: =BV72-BZ72 -> 0 | CD72: =BW72-CA72 -> 0 | CE72: =BX72-CB72 -> 0
A73: 69 | F73: 1111081 | G73: ชิฟฟอนไส้แยมแยกชิ้น วนิลา | K73: =SUM(N73,X73,AH73,AR73,BB73,BL73,BV73) -> 0 | L73: =SUM(O73,Y73,AI73,AS73,BC73,BM73,BW73) -> 0 | Q73: =SUM(N73:P73) -> 0 | R73: =SUMIF('ยอดจริง Week 1'!A:A,'Week 1'!F73,'ยอดจริง Week 1'!C:C) -> 0 | S73: =SUMIF('ยอดจริง Week 1'!A:A,'Week 1'!F73,'ยอดจริง Week 1'!D:D) -> 0 | T73: =SUMIF('ยอดจริง Week 1'!A:A,'Week 1'!F73,'ยอดจริง Week 1'!E:E) -> 0 | U73: =N73-R73 -> 0 | V73: =O73-S73 -> 0 | W73: =P73-T73 -> 0 | Y73: 0 | AA73: =SUM(X73:Z73) -> 0 | AB73: =SUMIF('ยอดจริง Week 1'!H:H,'Week 1'!F73,'ยอดจริง Week 1'!J:J) -> 0 | AC73: =SUMIF('ยอดจริง Week 1'!H:H,'Week 1'!F73,'ยอดจริง Week 1'!K:K) -> 0 | AD73: =SUMIF('ยอดจริง Week 1'!H:H,'Week 1'!F73,'ยอดจริง Week 1'!L:L) -> 0 | AE73: =X73-AB73 -> 0 | AF73: =Y73-AC73 -> 0 | AG73: =Z73-AD73 -> 0 | AI73: 0 | AK73: =SUM(AH73:AJ73) -> 0 | AL73: =SUMIF('ยอดจริง Week 1'!O:O,'Week 1'!F73,'ยอดจริง Week 1'!Q:Q) -> 0 | AM73: =SUMIF('ยอดจริง Week 1'!O:O,'Week 1'!F73,'ยอดจริง Week 1'!R:R) -> 0 | AN73: =SUMIF('ยอดจริง Week 1'!O:O,'Week 1'!F73,'ยอดจริง Week 1'!S:S) -> 0 | AO73: =AH73-AL73 -> 0 | AP73: =AI73-AM73 -> 0 | AQ73: =AJ73-AN73 -> 0 | AS73: 0 | AU73: =SUM(AR73:AT73) -> 0 | AV73: =SUMIF('ยอดจริง Week 1'!V:V,'Week 1'!F73,'ยอดจริง Week 1'!X:X) -> 0 | AW73: =SUMIF('ยอดจริง Week 1'!V:V,'Week 1'!F73,'ยอดจริง Week 1'!Y:Y) -> 0 | AX73: =SUMIF('ยอดจริง Week 1'!V:V,'Week 1'!F73,'ยอดจริง Week 1'!Z:Z) -> 0 | AY73: =AR73-AV73 -> 0 | AZ73: =AS73-AW73 -> 0 | BA73: =AT73-AX73 -> 0 | BE73: =SUM(BB73:BD73) -> 0 | BF73: =SUMIF('ยอดจริง Week 1'!AC:AC,'Week 1'!F73,'ยอดจริง Week 1'!AE:AE) -> 0 | BG73: =SUMIF('ยอดจริง Week 1'!AC:AC,'Week 1'!F73,'ยอดจริง Week 1'!AF:AF) -> 0 | BH73: =SUMIF('ยอดจริง Week 1'!AC:AC,'Week 1'!F73,'ยอดจริง Week 1'!AG:AG) -> 0 | BI73: =BB73-BF73 -> 0 | BJ73: =BC73-BG73 -> 0 | BK73: =BD73-BH73 -> 0 | BO73: =SUM(BL73:BN73) -> 0 | BP73: =SUMIF('ยอดจริง Week 1'!AJ:AJ,'Week 1'!F73,'ยอดจริง Week 1'!AL:AL) -> 0 | BQ73: =SUMIF('ยอดจริง Week 1'!AJ:AJ,'Week 1'!F73,'ยอดจริง Week 1'!AM:AM) -> 0 | BR73: =SUMIF('ยอดจริง Week 1'!AJ:AJ,'Week 1'!F73,'ยอดจริง Week 1'!AN:AN) -> 0 | BS73: =BL73-BP73 -> 0 | BT73: =BM73-BQ73 -> 0 | BU73: =BN73-BR73 -> 0 | BY73: =SUM(BV73:BX73) -> 0 | BZ73: =SUMIF('ยอดจริง Week 1'!AQ:AQ,'Week 1'!F73,'ยอดจริง Week 1'!AS:AS) -> 0 | CA73: =SUMIF('ยอดจริง Week 1'!AQ:AQ,'Week 1'!F73,'ยอดจริง Week 1'!AT:AT) -> 0 | CB73: =SUMIF('ยอดจริง Week 1'!AQ:AQ,'Week 1'!F73,'ยอดจริง Week 1'!AU:AU) -> 0 | CC73: =BV73-BZ73 -> 0 | CD73: =BW73-CA73 -> 0 | CE73: =BX73-CB73 -> 0
A74: 70 | F74: 1111082 | G74: ชิฟฟอนไส้แยมแยกชิ้น ใบเตย | K74: =SUM(N74,X74,AH74,AR74,BB74,BL74,BV74) -> 0 | L74: =SUM(O74,Y74,AI74,AS74,BC74,BM74,BW74) -> 0 | Q74: =SUM(N74:P74) -> 0 | R74: =SUMIF('ยอดจริง Week 1'!A:A,'Week 1'!F74,'ยอดจริง Week 1'!C:C) -> 0 | S74: =SUMIF('ยอดจริง Week 1'!A:A,'Week 1'!F74,'ยอดจริง Week 1'!D:D) -> 0 | T74: =SUMIF('ยอดจริง Week 1'!A:A,'Week 1'!F74,'ยอดจริง Week 1'!E:E) -> 0 | U74: =N74-R74 -> 0 | V74: =O74-S74 -> 0 | W74: =P74-T74 -> 0 | Y74: 0 | AA74: =SUM(X74:Z74) -> 0 | AB74: =SUMIF('ยอดจริง Week 1'!H:H,'Week 1'!F74,'ยอดจริง Week 1'!J:J) -> 0 | AC74: =SUMIF('ยอดจริง Week 1'!H:H,'Week 1'!F74,'ยอดจริง Week 1'!K:K) -> 0 | AD74: =SUMIF('ยอดจริง Week 1'!H:H,'Week 1'!F74,'ยอดจริง Week 1'!L:L) -> 0 | AE74: =X74-AB74 -> 0 | AF74: =Y74-AC74 -> 0 | AG74: =Z74-AD74 -> 0 | AI74: 0 | AK74: =SUM(AH74:AJ74) -> 0 | AL74: =SUMIF('ยอดจริง Week 1'!O:O,'Week 1'!F74,'ยอดจริง Week 1'!Q:Q) -> 0 | AM74: =SUMIF('ยอดจริง Week 1'!O:O,'Week 1'!F74,'ยอดจริง Week 1'!R:R) -> 0 | AN74: =SUMIF('ยอดจริง Week 1'!O:O,'Week 1'!F74,'ยอดจริง Week 1'!S:S) -> 0 | AO74: =AH74-AL74 -> 0 | AP74: =AI74-AM74 -> 0 | AQ74: =AJ74-AN74 -> 0 | AS74: 0 | AU74: =SUM(AR74:AT74) -> 0 | AV74: =SUMIF('ยอดจริง Week 1'!V:V,'Week 1'!F74,'ยอดจริง Week 1'!X:X) -> 0 | AW74: =SUMIF('ยอดจริง Week 1'!V:V,'Week 1'!F74,'ยอดจริง Week 1'!Y:Y) -> 0 | AX74: =SUMIF('ยอดจริง Week 1'!V:V,'Week 1'!F74,'ยอดจริง Week 1'!Z:Z) -> 0 | AY74: =AR74-AV74 -> 0 | AZ74: =AS74-AW74 -> 0 | BA74: =AT74-AX74 -> 0 | BE74: =SUM(BB74:BD74) -> 0 | BF74: =SUMIF('ยอดจริง Week 1'!AC:AC,'Week 1'!F74,'ยอดจริง Week 1'!AE:AE) -> 0 | BG74: =SUMIF('ยอดจริง Week 1'!AC:AC,'Week 1'!F74,'ยอดจริง Week 1'!AF:AF) -> 0 | BH74: =SUMIF('ยอดจริง Week 1'!AC:AC,'Week 1'!F74,'ยอดจริง Week 1'!AG:AG) -> 0 | BI74: =BB74-BF74 -> 0 | BJ74: =BC74-BG74 -> 0 | BK74: =BD74-BH74 -> 0 | BO74: =SUM(BL74:BN74) -> 0 | BP74: =SUMIF('ยอดจริง Week 1'!AJ:AJ,'Week 1'!F74,'ยอดจริง Week 1'!AL:AL) -> 0 | BQ74: =SUMIF('ยอดจริง Week 1'!AJ:AJ,'Week 1'!F74,'ยอดจริง Week 1'!AM:AM) -> 0 | BR74: =SUMIF('ยอดจริง Week 1'!AJ:AJ,'Week 1'!F74,'ยอดจริง Week 1'!AN:AN) -> 0 | BS74: =BL74-BP74 -> 0 | BT74: =BM74-BQ74 -> 0 | BU74: =BN74-BR74 -> 0 | BY74: =SUM(BV74:BX74) -> 0 | BZ74: =SUMIF('ยอดจริง Week 1'!AQ:AQ,'Week 1'!F74,'ยอดจริง Week 1'!AS:AS) -> 0 | CA74: =SUMIF('ยอดจริง Week 1'!AQ:AQ,'Week 1'!F74,'ยอดจริง Week 1'!AT:AT) -> 0 | CB74: =SUMIF('ยอดจริง Week 1'!AQ:AQ,'Week 1'!F74,'ยอดจริง Week 1'!AU:AU) -> 0 | CC74: =BV74-BZ74 -> 0 | CD74: =BW74-CA74 -> 0 | CE74: =BX74-CB74 -> 0
... A91: 87 | F91: 1112019 | G91: เค้กเบาหวิว รสทุเรียน (110 กรัม) | K91: =SUM(N91,X91,AH91,AR91,BB91,BL91,BV91) -> 0 | L91: =SUM(O91,Y91,AI91,AS91,BC91,BM91,BW91) -> 0 | Q91: =SUM(N91:P91) -> 0 | R91: =SUMIF('ยอดจริง Week 1'!A:A,'Week 1'!F91,'ยอดจริง Week 1'!C:C) -> 0 | S91: =SUMIF('ยอดจริง Week 1'!A:A,'Week 1'!F91,'ยอดจริง Week 1'!D:D) -> 0 | T91: =SUMIF('ยอดจริง Week 1'!A:A,'Week 1'!F91,'ยอดจริง Week 1'!E:E) -> 0 | U91: =N91-R91 -> 0 | V91: =O91-S91 -> 0 | W91: =P91-T91 -> 0 | Y91: 0 | AA91: =SUM(X91:Z91) -> 0 | AB91: =SUMIF('ยอดจริง Week 1'!H:H,'Week 1'!F91,'ยอดจริง Week 1'!J:J) -> 0 | AC91: =SUMIF('ยอดจริง Week 1'!H:H,'Week 1'!F91,'ยอดจริง Week 1'!K:K) -> 0 | AD91: =SUMIF('ยอดจริง Week 1'!H:H,'Week 1'!F91,'ยอดจริง Week 1'!L:L) -> 0 | AE91: =X91-AB91 -> 0 | AF91: =Y91-AC91 -> 0 | AG91: =Z91-AD91 -> 0 | AI91: 0 | AK91: =SUM(AH91:AJ91) -> 0 | AL91: =SUMIF('ยอดจริง Week 1'!O:O,'Week 1'!F91,'ยอดจริง Week 1'!Q:Q) -> 0 | AM91: =SUMIF('ยอดจริง Week 1'!O:O,'Week 1'!F91,'ยอดจริง Week 1'!R:R) -> 0 | AN91: =SUMIF('ยอดจริง Week 1'!O:O,'Week 1'!F91,'ยอดจริง Week 1'!S:S) -> 0 | AO91: =AH91-AL91 -> 0 | AP91: =AI91-AM91 -> 0 | AQ91: =AJ91-AN91 -> 0 | AS91: 0 | AU91: =SUM(AR91:AT91) -> 0 | AV91: =SUMIF('ยอดจริง Week 1'!V:V,'Week 1'!F91,'ยอดจริง Week 1'!X:X) -> 0 | AW91: =SUMIF('ยอดจริง Week 1'!V:V,'Week 1'!F91,'ยอดจริง Week 1'!Y:Y) -> 0 | AX91: =SUMIF('ยอดจริง Week 1'!V:V,'Week 1'!F91,'ยอดจริง Week 1'!Z:Z) -> 0 | AY91: =AR91-AV91 -> 0 | AZ91: =AS91-AW91 -> 0 | BA91: =AT91-AX91 -> 0 | BE91: =SUM(BB91:BD91) -> 0 | BF91: =SUMIF('ยอดจริง Week 1'!AC:AC,'Week 1'!F91,'ยอดจริง Week 1'!AE:AE) -> 0 | BG91: =SUMIF('ยอดจริง Week 1'!AC:AC,'Week 1'!F91,'ยอดจริง Week 1'!AF:AF) -> 0 | BH91: =SUMIF('ยอดจริง Week 1'!AC:AC,'Week 1'!F91,'ยอดจริง Week 1'!AG:AG) -> 0 | BI91: =BB91-BF91 -> 0 | BJ91: =BC91-BG91 -> 0 | BK91: =BD91-BH91 -> 0 | BO91: =SUM(BL91:BN91) -> 0 | BP91: =SUMIF('ยอดจริง Week 1'!AJ:AJ,'Week 1'!F91,'ยอดจริง Week 1'!AL:AL) -> 0 | BQ91: =SUMIF('ยอดจริง Week 1'!AJ:AJ,'Week 1'!F91,'ยอดจริง Week 1'!AM:AM) -> 0 | BR91: =SUMIF('ยอดจริง Week 1'!AJ:AJ,'Week 1'!F91,'ยอดจริง Week 1'!AN:AN) -> 0 | BS91: =BL91-BP91 -> 0 | BT91: =BM91-BQ91 -> 0 | BU91: =BN91-BR91 -> 0 | BY91: =SUM(BV91:BX91) -> 0 | BZ91: =SUMIF('ยอดจริง Week 1'!AQ:AQ,'Week 1'!F91,'ยอดจริง Week 1'!AS:AS) -> 0 | CA91: =SUMIF('ยอดจริง Week 1'!AQ:AQ,'Week 1'!F91,'ยอดจริง Week 1'!AT:AT) -> 0 | CB91: =SUMIF('ยอดจริง Week 1'!AQ:AQ,'Week 1'!F91,'ยอดจริง Week 1'!AU:AU) -> 0 | CC91: =BV91-BZ91 -> 0 | CD91: =BW91-CA91 -> 0 | CE91: =BX91-CB91 -> 0
A92: 88 | F92: 1112036 | G92: วรรณวนัช เค้กเบาหวิว ฝอยทอง 100กรัม | H92: Makro | K92: =SUM(N92,X92,AH92,AR92,BB92,BL92,BV92) -> 0 | L92: =SUM(O92,Y92,AI92,AS92,BC92,BM92,BW92) -> 0 | Q92: =SUM(N92:P92) -> 0 | R92: =SUMIF('ยอดจริง Week 1'!A:A,'Week 1'!F92,'ยอดจริง Week 1'!C:C) -> 0 | S92: =SUMIF('ยอดจริง Week 1'!A:A,'Week 1'!F92,'ยอดจริง Week 1'!D:D) -> 0 | T92: =SUMIF('ยอดจริง Week 1'!A:A,'Week 1'!F92,'ยอดจริง Week 1'!E:E) -> 0 | U92: =N92-R92 -> 0 | V92: =O92-S92 -> 0 | W92: =P92-T92 -> 0 | Y92: 0 | AA92: =SUM(X92:Z92) -> 0 | AB92: =SUMIF('ยอดจริง Week 1'!H:H,'Week 1'!F92,'ยอดจริง Week 1'!J:J) -> 0 | AC92: =SUMIF('ยอดจริง Week 1'!H:H,'Week 1'!F92,'ยอดจริง Week 1'!K:K) -> 0 | AD92: =SUMIF('ยอดจริง Week 1'!H:H,'Week 1'!F92,'ยอดจริง Week 1'!L:L) -> 0 | AE92: =X92-AB92 -> 0 | AF92: =Y92-AC92 -> 0 | AG92: =Z92-AD92 -> 0 | AI92: 0 | AK92: =SUM(AH92:AJ92) -> 0 | AL92: =SUMIF('ยอดจริง Week 1'!O:O,'Week 1'!F92,'ยอดจริง Week 1'!Q:Q) -> 0 | AM92: =SUMIF('ยอดจริง Week 1'!O:O,'Week 1'!F92,'ยอดจริง Week 1'!R:R) -> 0 | AN92: =SUMIF('ยอดจริง Week 1'!O:O,'Week 1'!F92,'ยอดจริง Week 1'!S:S) -> 0 | AO92: =AH92-AL92 -> 0 | AP92: =AI92-AM92 -> 0 | AQ92: =AJ92-AN92 -> 0 | AS92: 0 | AU92: =SUM(AR92:AT92) -> 0 | AV92: =SUMIF('ยอดจริง Week 1'!V:V,'Week 1'!F92,'ยอดจริง Week 1'!X:X) -> 0 | AW92: =SUMIF('ยอดจริง Week 1'!V:V,'Week 1'!F92,'ยอดจริง Week 1'!Y:Y) -> 0 | AX92: =SUMIF('ยอดจริง Week 1'!V:V,'Week 1'!F92,'ยอดจริง Week 1'!Z:Z) -> 0 | AY92: =AR92-AV92 -> 0 | AZ92: =AS92-AW92 -> 0 | BA92: =AT92-AX92 -> 0 | BE92: =SUM(BB92:BD92) -> 0 | BF92: =SUMIF('ยอดจริง Week 1'!AC:AC,'Week 1'!F92,'ยอดจริง Week 1'!AE:AE) -> 0 | BG92: =SUMIF('ยอดจริง Week 1'!AC:AC,'Week 1'!F92,'ยอดจริง Week 1'!AF:AF) -> 0 | BH92: =SUMIF('ยอดจริง Week 1'!AC:AC,'Week 1'!F92,'ยอดจริง Week 1'!AG:AG) -> 0 | BI92: =BB92-BF92 -> 0 | BJ92: =BC92-BG92 -> 0 | BK92: =BD92-BH92 -> 0 | BO92: =SUM(BL92:BN92) -> 0 | BP92: =SUMIF('ยอดจริง Week 1'!AJ:AJ,'Week 1'!F92,'ยอดจริง Week 1'!AL:AL) -> 0 | BQ92: =SUMIF('ยอดจริง Week 1'!AJ:AJ,'Week 1'!F92,'ยอดจริง Week 1'!AM:AM) -> 0 | BR92: =SUMIF('ยอดจริง Week 1'!AJ:AJ,'Week 1'!F92,'ยอดจริง Week 1'!AN:AN) -> 0 | BS92: =BL92-BP92 -> 0 | BT92: =BM92-BQ92 -> 0 | BU92: =BN92-BR92 -> 0 | BY92: =SUM(BV92:BX92) -> 0 | BZ92: =SUMIF('ยอดจริง Week 1'!AQ:AQ,'Week 1'!F92,'ยอดจริง Week 1'!AS:AS) -> 0 | CA92: =SUMIF('ยอดจริง Week 1'!AQ:AQ,'Week 1'!F92,'ยอดจริง Week 1'!AT:AT) -> 0 | CB92: =SUMIF('ยอดจริง Week 1'!AQ:AQ,'Week 1'!F92,'ยอดจริง Week 1'!AU:AU) -> 0 | CC92: =BV92-BZ92 -> 0 | CD92: =BW92-CA92 -> 0 | CE92: =BX92-CB92 -> 0
A93: 89 | F93: 1112037 | G93: วรรณวนัช เค้กเบาหวิวเนยสด 110กรัม | H93: Makro | K93: =SUM(N93,X93,AH93,AR93,BB93,BL93,BV93) -> 0 | L93: =SUM(O93,Y93,AI93,AS93,BC93,BM93,BW93) -> 0 | Q93: =SUM(N93:P93) -> 0 | R93: =SUMIF('ยอดจริง Week 1'!A:A,'Week 1'!F93,'ยอดจริง Week 1'!C:C) -> 0 | S93: =SUMIF('ยอดจริง Week 1'!A:A,'Week 1'!F93,'ยอดจริง Week 1'!D:D) -> 0 | T93: =SUMIF('ยอดจริง Week 1'!A:A,'Week 1'!F93,'ยอดจริง Week 1'!E:E) -> 0 | U93: =N93-R93 -> 0 | V93: =O93-S93 -> 0 | W93: =P93-T93 -> 0 | Y93: 0 | AA93: =SUM(X93:Z93) -> 0 | AB93: =SUMIF('ยอดจริง Week 1'!H:H,'Week 1'!F93,'ยอดจริง Week 1'!J:J) -> 0 | AC93: =SUMIF('ยอดจริง Week 1'!H:H,'Week 1'!F93,'ยอดจริง Week 1'!K:K) -> 0 | AD93: =SUMIF('ยอดจริง Week 1'!H:H,'Week 1'!F93,'ยอดจริง Week 1'!L:L) -> 0 | AE93: =X93-AB93 -> 0 | AF93: =Y93-AC93 -> 0 | AG93: =Z93-AD93 -> 0 | AI93: 0 | AK93: =SUM(AH93:AJ93) -> 0 | AL93: =SUMIF('ยอดจริง Week 1'!O:O,'Week 1'!F93,'ยอดจริง Week 1'!Q:Q) -> 0 | AM93: =SUMIF('ยอดจริง Week 1'!O:O,'Week 1'!F93,'ยอดจริง Week 1'!R:R) -> 0 | AN93: =SUMIF('ยอดจริง Week 1'!O:O,'Week 1'!F93,'ยอดจริง Week 1'!S:S) -> 0 | AO93: =AH93-AL93 -> 0 | AP93: =AI93-AM93 -> 0 | AQ93: =AJ93-AN93 -> 0 | AS93: 0 | AU93: =SUM(AR93:AT93) -> 0 | AV93: =SUMIF('ยอดจริง Week 1'!V:V,'Week 1'!F93,'ยอดจริง Week 1'!X:X) -> 0 | AW93: =SUMIF('ยอดจริง Week 1'!V:V,'Week 1'!F93,'ยอดจริง Week 1'!Y:Y) -> 0 | AX93: =SUMIF('ยอดจริง Week 1'!V:V,'Week 1'!F93,'ยอดจริง Week 1'!Z:Z) -> 0 | AY93: =AR93-AV93 -> 0 | AZ93: =AS93-AW93 -> 0 | BA93: =AT93-AX93 -> 0 | BE93: =SUM(BB93:BD93) -> 0 | BF93: =SUMIF('ยอดจริง Week 1'!AC:AC,'Week 1'!F93,'ยอดจริง Week 1'!AE:AE) -> 0 | BG93: =SUMIF('ยอดจริง Week 1'!AC:AC,'Week 1'!F93,'ยอดจริง Week 1'!AF:AF) -> 0 | BH93: =SUMIF('ยอดจริง Week 1'!AC:AC,'Week 1'!F93,'ยอดจริง Week 1'!AG:AG) -> 0 | BI93: =BB93-BF93 -> 0 | BJ93: =BC93-BG93 -> 0 | BK93: =BD93-BH93 -> 0 | BO93: =SUM(BL93:BN93) -> 0 | BP93: =SUMIF('ยอดจริง Week 1'!AJ:AJ,'Week 1'!F93,'ยอดจริง Week 1'!AL:AL) -> 0 | BQ93: =SUMIF('ยอดจริง Week 1'!AJ:AJ,'Week 1'!F93,'ยอดจริง Week 1'!AM:AM) -> 0 | BR93: =SUMIF('ยอดจริง Week 1'!AJ:AJ,'Week 1'!F93,'ยอดจริง Week 1'!AN:AN) -> 0 | BS93: =BL93-BP93 -> 0 | BT93: =BM93-BQ93 -> 0 | BU93: =BN93-BR93 -> 0 | BY93: =SUM(BV93:BX93) -> 0 | BZ93: =SUMIF('ยอดจริง Week 1'!AQ:AQ,'Week 1'!F93,'ยอดจริง Week 1'!AS:AS) -> 0 | CA93: =SUMIF('ยอดจริง Week 1'!AQ:AQ,'Week 1'!F93,'ยอดจริง Week 1'!AT:AT) -> 0 | CB93: =SUMIF('ยอดจริง Week 1'!AQ:AQ,'Week 1'!F93,'ยอดจริง Week 1'!AU:AU) -> 0 | CC93: =BV93-BZ93 -> 0 | CD93: =BW93-CA93 -> 0 | CE93: =BX93-CB93 -> 0
A94: 90 | F94: 1112038 | G94: วรรณวนัช เค้กเผือกมะพร้าว100กรัม | H94: Makro | K94: =SUM(N94,X94,AH94,AR94,BB94,BL94,BV94) -> 0 | L94: =SUM(O94,Y94,AI94,AS94,BC94,BM94,BW94) -> 0 | Q94: =SUM(N94:P94) -> 0 | R94: =SUMIF('ยอดจริง Week 1'!A:A,'Week 1'!F94,'ยอดจริง Week 1'!C:C) -> 0 | S94: =SUMIF('ยอดจริง Week 1'!A:A,'Week 1'!F94,'ยอดจริง Week 1'!D:D) -> 0 | T94: =SUMIF('ยอดจริง Week 1'!A:A,'Week 1'!F94,'ยอดจริง Week 1'!E:E) -> 0 | U94: =N94-R94 -> 0 | V94: =O94-S94 -> 0 | W94: =P94-T94 -> 0 | Y94: 0 | AA94: =SUM(X94:Z94) -> 0 | AB94: =SUMIF('ยอดจริง Week 1'!H:H,'Week 1'!F94,'ยอดจริง Week 1'!J:J) -> 0 | AC94: =SUMIF('ยอดจริง Week 1'!H:H,'Week 1'!F94,'ยอดจริง Week 1'!K:K) -> 0 | AD94: =SUMIF('ยอดจริง Week 1'!H:H,'Week 1'!F94,'ยอดจริง Week 1'!L:L) -> 0 | AE94: =X94-AB94 -> 0 | AF94: =Y94-AC94 -> 0 | AG94: =Z94-AD94 -> 0 | AI94: 0 | AK94: =SUM(AH94:AJ94) -> 0 | AL94: =SUMIF('ยอดจริง Week 1'!O:O,'Week 1'!F94,'ยอดจริง Week 1'!Q:Q) -> 0 | AM94: =SUMIF('ยอดจริง Week 1'!O:O,'Week 1'!F94,'ยอดจริง Week 1'!R:R) -> 0 | AN94: =SUMIF('ยอดจริง Week 1'!O:O,'Week 1'!F94,'ยอดจริง Week 1'!S:S) -> 0 | AO94: =AH94-AL94 -> 0 | AP94: =AI94-AM94 -> 0 | AQ94: =AJ94-AN94 -> 0 | AS94: 0 | AU94: =SUM(AR94:AT94) -> 0 | AV94: =SUMIF('ยอดจริง Week 1'!V:V,'Week 1'!F94,'ยอดจริง Week 1'!X:X) -> 0 | AW94: =SUMIF('ยอดจริง Week 1'!V:V,'Week 1'!F94,'ยอดจริง Week 1'!Y:Y) -> 0 | AX94: =SUMIF('ยอดจริง Week 1'!V:V,'Week 1'!F94,'ยอดจริง Week 1'!Z:Z) -> 0 | AY94: =AR94-AV94 -> 0 | AZ94: =AS94-AW94 -> 0 | BA94: =AT94-AX94 -> 0 | BE94: =SUM(BB94:BD94) -> 0 | BF94: =SUMIF('ยอดจริง Week 1'!AC:AC,'Week 1'!F94,'ยอดจริง Week 1'!AE:AE) -> 0 | BG94: =SUMIF('ยอดจริง Week 1'!AC:AC,'Week 1'!F94,'ยอดจริง Week 1'!AF:AF) -> 0 | BH94: =SUMIF('ยอดจริง Week 1'!AC:AC,'Week 1'!F94,'ยอดจริง Week 1'!AG:AG) -> 0 | BI94: =BB94-BF94 -> 0 | BJ94: =BC94-BG94 -> 0 | BK94: =BD94-BH94 -> 0 | BO94: =SUM(BL94:BN94) -> 0 | BP94: =SUMIF('ยอดจริง Week 1'!AJ:AJ,'Week 1'!F94,'ยอดจริง Week 1'!AL:AL) -> 0 | BQ94: =SUMIF('ยอดจริง Week 1'!AJ:AJ,'Week 1'!F94,'ยอดจริง Week 1'!AM:AM) -> 0 | BR94: =SUMIF('ยอดจริง Week 1'!AJ:AJ,'Week 1'!F94,'ยอดจริง Week 1'!AN:AN) -> 0 | BS94: =BL94-BP94 -> 0 | BT94: =BM94-BQ94 -> 0 | BU94: =BN94-BR94 -> 0 | BY94: =SUM(BV94:BX94) -> 0 | BZ94: =SUMIF('ยอดจริง Week 1'!AQ:AQ,'Week 1'!F94,'ยอดจริง Week 1'!AS:AS) -> 0 | CA94: =SUMIF('ยอดจริง Week 1'!AQ:AQ,'Week 1'!F94,'ยอดจริง Week 1'!AT:AT) -> 0 | CB94: =SUMIF('ยอดจริง Week 1'!AQ:AQ,'Week 1'!F94,'ยอดจริง Week 1'!AU:AU) -> 0 | CC94: =BV94-BZ94 -> 0 | CD94: =BW94-CA94 -> 0 | CE94: =BX94-CB94 -> 0
A95: 91 | F95: 20052085 | G95: วรรณวนัชเค้กเบาหวิวมะพร้าว 80g | H95: CJ | K95: =SUM(N95,X95,AH95,AR95,BB95,BL95,BV95) -> 0 | L95: =SUM(O95,Y95,AI95,AS95,BC95,BM95,BW95) -> 0 | Q95: =SUM(N95:P95) -> 0 | R95: =SUMIF('ยอดจริง Week 1'!A:A,'Week 1'!F95,'ยอดจริง Week 1'!C:C) -> 0 | S95: =SUMIF('ยอดจริง Week 1'!A:A,'Week 1'!F95,'ยอดจริง Week 1'!D:D) -> 0 | T95: =SUMIF('ยอดจริง Week 1'!A:A,'Week 1'!F95,'ยอดจริง Week 1'!E:E) -> 0 | U95: =N95-R95 -> 0 | V95: =O95-S95 -> 0 | W95: =P95-T95 -> 0 | Y95: 0 | AA95: =SUM(X95:Z95) -> 0 | AB95: =SUMIF('ยอดจริง Week 1'!H:H,'Week 1'!F95,'ยอดจริง Week 1'!J:J) -> 0 | AC95: =SUMIF('ยอดจริง Week 1'!H:H,'Week 1'!F95,'ยอดจริง Week 1'!K:K) -> 0 | AD95: =SUMIF('ยอดจริง Week 1'!H:H,'Week 1'!F95,'ยอดจริง Week 1'!L:L) -> 0 | AE95: =X95-AB95 -> 0 | AF95: =Y95-AC95 -> 0 | AG95: =Z95-AD95 -> 0 | AI95: 0 | AK95: =SUM(AH95:AJ95) -> 0 | AL95: =SUMIF('ยอดจริง Week 1'!O:O,'Week 1'!F95,'ยอดจริง Week 1'!Q:Q) -> 0 | AM95: =SUMIF('ยอดจริง Week 1'!O:O,'Week 1'!F95,'ยอดจริง Week 1'!R:R) -> 0 | AN95: =SUMIF('ยอดจริง Week 1'!O:O,'Week 1'!F95,'ยอดจริง Week 1'!S:S) -> 0 | AO95: =AH95-AL95 -> 0 | AP95: =AI95-AM95 -> 0 | AQ95: =AJ95-AN95 -> 0 | AS95: 0 | AU95: =SUM(AR95:AT95) -> 0 | AV95: =SUMIF('ยอดจริง Week 1'!V:V,'Week 1'!F95,'ยอดจริง Week 1'!X:X) -> 0 | AW95: =SUMIF('ยอดจริง Week 1'!V:V,'Week 1'!F95,'ยอดจริง Week 1'!Y:Y) -> 0 | AX95: =SUMIF('ยอดจริง Week 1'!V:V,'Week 1'!F95,'ยอดจริง Week 1'!Z:Z) -> 0 | AY95: =AR95-AV95 -> 0 | AZ95: =AS95-AW95 -> 0 | BA95: =AT95-AX95 -> 0 | BE95: =SUM(BB95:BD95) -> 0 | BF95: =SUMIF('ยอดจริง Week 1'!AC:AC,'Week 1'!F95,'ยอดจริง Week 1'!AE:AE) -> 0 | BG95: =SUMIF('ยอดจริง Week 1'!AC:AC,'Week 1'!F95,'ยอดจริง Week 1'!AF:AF) -> 0 | BH95: =SUMIF('ยอดจริง Week 1'!AC:AC,'Week 1'!F95,'ยอดจริง Week 1'!AG:AG) -> 0 | BI95: =BB95-BF95 -> 0 | BJ95: =BC95-BG95 -> 0 | BK95: =BD95-BH95 -> 0 | BO95: =SUM(BL95:BN95) -> 0 | BP95: =SUMIF('ยอดจริง Week 1'!AJ:AJ,'Week 1'!F95,'ยอดจริง Week 1'!AL:AL) -> 0 | BQ95: =SUMIF('ยอดจริง Week 1'!AJ:AJ,'Week 1'!F95,'ยอดจริง Week 1'!AM:AM) -> 0 | BR95: =SUMIF('ยอดจริง Week 1'!AJ:AJ,'Week 1'!F95,'ยอดจริง Week 1'!AN:AN) -> 0 | BS95: =BL95-BP95 -> 0 | BT95: =BM95-BQ95 -> 0 | BU95: =BN95-BR95 -> 0 | BY95: =SUM(BV95:BX95) -> 0 | BZ95: =SUMIF('ยอดจริง Week 1'!AQ:AQ,'Week 1'!F95,'ยอดจริง Week 1'!AS:AS) -> 0 | CA95: =SUMIF('ยอดจริง Week 1'!AQ:AQ,'Week 1'!F95,'ยอดจริง Week 1'!AT:AT) -> 0 | CB95: =SUMIF('ยอดจริง Week 1'!AQ:AQ,'Week 1'!F95,'ยอดจริง Week 1'!AU:AU) -> 0 | CC95: =BV95-BZ95 -> 0 | CD95: =BW95-CA95 -> 0 | CE95: =BX95-CB95 -> 0
A96: 92 | F96: 1004071 | G96: คัพเค้กกล้วยหอมไส้ครีมเนยสด (4 ชิ้น) | H96: Aeon | K96: =SUM(N96,X96,AH96,AR96,BB96,BL96,BV96) -> 0 | L96: =SUM(O96,Y96,AI96,AS96,BC96,BM96,BW96) -> 0 | Q96: =SUM(N96:P96) -> 0 | R96: =SUMIF('ยอดจริง Week 1'!A:A,'Week 1'!F96,'ยอดจริง Week 1'!C:C) -> 0 | S96: =SUMIF('ยอดจริง Week 1'!A:A,'Week 1'!F96,'ยอดจริง Week 1'!D:D) -> 0 | T96: =SUMIF('ยอดจริง Week 1'!A:A,'Week 1'!F96,'ยอดจริง Week 1'!E:E) -> 0 | U96: =N96-R96 -> 0 | V96: =O96-S96 -> 0 | W96: =P96-T96 -> 0 | Y96: 0 | AA96: =SUM(X96:Z96) -> 0 | AB96: =SUMIF('ยอดจริง Week 1'!H:H,'Week 1'!F96,'ยอดจริง Week 1'!J:J) -> 0 | AC96: =SUMIF('ยอดจริง Week 1'!H:H,'Week 1'!F96,'ยอดจริง Week 1'!K:K) -> 0 | AD96: =SUMIF('ยอดจริง Week 1'!H:H,'Week 1'!F96,'ยอดจริง Week 1'!L:L) -> 0 | AE96: =X96-AB96 -> 0 | AF96: =Y96-AC96 -> 0 | AG96: =Z96-AD96 -> 0 | AI96: 0 | AK96: =SUM(AH96:AJ96) -> 0 | AL96: =SUMIF('ยอดจริง Week 1'!O:O,'Week 1'!F96,'ยอดจริง Week 1'!Q:Q) -> 0 | AM96: =SUMIF('ยอดจริง Week 1'!O:O,'Week 1'!F96,'ยอดจริง Week 1'!R:R) -> 0 | AN96: =SUMIF('ยอดจริง Week 1'!O:O,'Week 1'!F96,'ยอดจริง Week 1'!S:S) -> 0 | AO96: =AH96-AL96 -> 0 | AP96: =AI96-AM96 -> 0 | AQ96: =AJ96-AN96 -> 0 | AS96: 0 | AU96: =SUM(AR96:AT96) -> 0 | AV96: =SUMIF('ยอดจริง Week 1'!V:V,'Week 1'!F96,'ยอดจริง Week 1'!X:X) -> 0 | AW96: =SUMIF('ยอดจริง Week 1'!V:V,'Week 1'!F96,'ยอดจริง Week 1'!Y:Y) -> 0 | AX96: =SUMIF('ยอดจริง Week 1'!V:V,'Week 1'!F96,'ยอดจริง Week 1'!Z:Z) -> 0 | AY96: =AR96-AV96 -> 0 | AZ96: =AS96-AW96 -> 0 | BA96: =AT96-AX96 -> 0 | BE96: =SUM(BB96:BD96) -> 0 | BF96: =SUMIF('ยอดจริง Week 1'!AC:AC,'Week 1'!F96,'ยอดจริง Week 1'!AE:AE) -> 0 | BG96: =SUMIF('ยอดจริง Week 1'!AC:AC,'Week 1'!F96,'ยอดจริง Week 1'!AF:AF) -> 0 | BH96: =SUMIF('ยอดจริง Week 1'!AC:AC,'Week 1'!F96,'ยอดจริง Week 1'!AG:AG) -> 0 | BI96: =BB96-BF96 -> 0 | BJ96: =BC96-BG96 -> 0 | BK96: =BD96-BH96 -> 0 | BO96: =SUM(BL96:BN96) -> 0 | BP96: =SUMIF('ยอดจริง Week 1'!AJ:AJ,'Week 1'!F96,'ยอดจริง Week 1'!AL:AL) -> 0 | BQ96: =SUMIF('ยอดจริง Week 1'!AJ:AJ,'Week 1'!F96,'ยอดจริง Week 1'!AM:AM) -> 0 | BR96: =SUMIF('ยอดจริง Week 1'!AJ:AJ,'Week 1'!F96,'ยอดจริง Week 1'!AN:AN) -> 0 | BS96: =BL96-BP96 -> 0 | BT96: =BM96-BQ96 -> 0 | BU96: =BN96-BR96 -> 0 | BY96: =SUM(BV96:BX96) -> 0 | BZ96: =SUMIF('ยอดจริง Week 1'!AQ:AQ,'Week 1'!F96,'ยอดจริง Week 1'!AS:AS) -> 0 | CA96: =SUMIF('ยอดจริง Week 1'!AQ:AQ,'Week 1'!F96,'ยอดจริง Week 1'!AT:AT) -> 0 | CB96: =SUMIF('ยอดจริง Week 1'!AQ:AQ,'Week 1'!F96,'ยอดจริง Week 1'!AU:AU) -> 0 | CC96: =BV96-BZ96 -> 0 | CD96: =BW96-CA96 -> 0 | CE96: =BX96-CB96 -> 0
A97: 93 | F97: 1004070 | G97: คัพเค้กมะพร้าวไส้ครีมเนยสด (4 ชิ้น) | H97: Aeon | K97: =SUM(N97,X97,AH97,AR97,BB97,BL97,BV97) -> 0 | L97: =SUM(O97,Y97,AI97,AS97,BC97,BM97,BW97) -> 0 | Q97: =SUM(N97:P97) -> 0 | R97: =SUMIF('ยอดจริง Week 1'!A:A,'Week 1'!F97,'ยอดจริง Week 1'!C:C) -> 0 | S97: =SUMIF('ยอดจริง Week 1'!A:A,'Week 1'!F97,'ยอดจริง Week 1'!D:D) -> 0 | T97: =SUMIF('ยอดจริง Week 1'!A:A,'Week 1'!F97,'ยอดจริง Week 1'!E:E) -> 0 | U97: =N97-R97 -> 0 | V97: =O97-S97 -> 0 | W97: =P97-T97 -> 0 | Y97: 0 | AA97: =SUM(X97:Z97) -> 0 | AB97: =SUMIF('ยอดจริง Week 1'!H:H,'Week 1'!F97,'ยอดจริง Week 1'!J:J) -> 0 | AC97: =SUMIF('ยอดจริง Week 1'!H:H,'Week 1'!F97,'ยอดจริง Week 1'!K:K) -> 0 | AD97: =SUMIF('ยอดจริง Week 1'!H:H,'Week 1'!F97,'ยอดจริง Week 1'!L:L) -> 0 | AE97: =X97-AB97 -> 0 | AF97: =Y97-AC97 -> 0 | AG97: =Z97-AD97 -> 0 | AI97: 0 | AK97: =SUM(AH97:AJ97) -> 0 | AL97: =SUMIF('ยอดจริง Week 1'!O:O,'Week 1'!F97,'ยอดจริง Week 1'!Q:Q) -> 0 | AM97: =SUMIF('ยอดจริง Week 1'!O:O,'Week 1'!F97,'ยอดจริง Week 1'!R:R) -> 0 | AN97: =SUMIF('ยอดจริง Week 1'!O:O,'Week 1'!F97,'ยอดจริง Week 1'!S:S) -> 0 | AO97: =AH97-AL97 -> 0 | AP97: =AI97-AM97 -> 0 | AQ97: =AJ97-AN97 -> 0 | AS97: 0 | AU97: =SUM(AR97:AT97) -> 0 | AV97: =SUMIF('ยอดจริง Week 1'!V:V,'Week 1'!F97,'ยอดจริง Week 1'!X:X) -> 0 | AW97: =SUMIF('ยอดจริง Week 1'!V:V,'Week 1'!F97,'ยอดจริง Week 1'!Y:Y) -> 0 | AX97: =SUMIF('ยอดจริง Week 1'!V:V,'Week 1'!F97,'ยอดจริง Week 1'!Z:Z) -> 0 | AY97: =AR97-AV97 -> 0 | AZ97: =AS97-AW97 -> 0 | BA97: =AT97-AX97 -> 0 | BE97: =SUM(BB97:BD97) -> 0 | BF97: =SUMIF('ยอดจริง Week 1'!AC:AC,'Week 1'!F97,'ยอดจริง Week 1'!AE:AE) -> 0 | BG97: =SUMIF('ยอดจริง Week 1'!AC:AC,'Week 1'!F97,'ยอดจริง Week 1'!AF:AF) -> 0 | BH97: =SUMIF('ยอดจริง Week 1'!AC:AC,'Week 1'!F97,'ยอดจริง Week 1'!AG:AG) -> 0 | BI97: =BB97-BF97 -> 0 | BJ97: =BC97-BG97 -> 0 | BK97: =BD97-BH97 -> 0 | BO97: =SUM(BL97:BN97) -> 0 | BP97: =SUMIF('ยอดจริง Week 1'!AJ:AJ,'Week 1'!F97,'ยอดจริง Week 1'!AL:AL) -> 0 | BQ97: =SUMIF('ยอดจริง Week 1'!AJ:AJ,'Week 1'!F97,'ยอดจริง Week 1'!AM:AM) -> 0 | BR97: =SUMIF('ยอดจริง Week 1'!AJ:AJ,'Week 1'!F97,'ยอดจริง Week 1'!AN:AN) -> 0 | BS97: =BL97-BP97 -> 0 | BT97: =BM97-BQ97 -> 0 | BU97: =BN97-BR97 -> 0 | BY97: =SUM(BV97:BX97) -> 0 | BZ97: =SUMIF('ยอดจริง Week 1'!AQ:AQ,'Week 1'!F97,'ยอดจริง Week 1'!AS:AS) -> 0 | CA97: =SUMIF('ยอดจริง Week 1'!AQ:AQ,'Week 1'!F97,'ยอดจริง Week 1'!AT:AT) -> 0 | CB97: =SUMIF('ยอดจริง Week 1'!AQ:AQ,'Week 1'!F97,'ยอดจริง Week 1'!AU:AU) -> 0 | CC97: =BV97-BZ97 -> 0 | CD97: =BW97-CA97 -> 0 | CE97: =BX97-CB97 -> 0
A98: 94 | F98: 1004063 | G98: ซอฟท์เค้กหน้าช็อกโกแลตมูส | H98: Aeon | K98: =SUM(N98,X98,AH98,AR98,BB98,BL98,BV98) -> 0 | L98: =SUM(O98,Y98,AI98,AS98,BC98,BM98,BW98) -> 0 | Q98: =SUM(N98:P98) -> 0 | R98: =SUMIF('ยอดจริง Week 1'!A:A,'Week 1'!F98,'ยอดจริง Week 1'!C:C) -> 0 | S98: =SUMIF('ยอดจริง Week 1'!A:A,'Week 1'!F98,'ยอดจริง Week 1'!D:D) -> 0 | T98: =SUMIF('ยอดจริง Week 1'!A:A,'Week 1'!F98,'ยอดจริง Week 1'!E:E) -> 0 | U98: =N98-R98 -> 0 | V98: =O98-S98 -> 0 | W98: =P98-T98 -> 0 | Y98: 0 | AA98: =SUM(X98:Z98) -> 0 | AB98: =SUMIF('ยอดจริง Week 1'!H:H,'Week 1'!F98,'ยอดจริง Week 1'!J:J) -> 0 | AC98: =SUMIF('ยอดจริง Week 1'!H:H,'Week 1'!F98,'ยอดจริง Week 1'!K:K) -> 0 | AD98: =SUMIF('ยอดจริง Week 1'!H:H,'Week 1'!F98,'ยอดจริง Week 1'!L:L) -> 0 | AE98: =X98-AB98 -> 0 | AF98: =Y98-AC98 -> 0 | AG98: =Z98-AD98 -> 0 | AI98: 0 | AK98: =SUM(AH98:AJ98) -> 0 | AL98: =SUMIF('ยอดจริง Week 1'!O:O,'Week 1'!F98,'ยอดจริง Week 1'!Q:Q) -> 0 | AM98: =SUMIF('ยอดจริง Week 1'!O:O,'Week 1'!F98,'ยอดจริง Week 1'!R:R) -> 0 | AN98: =SUMIF('ยอดจริง Week 1'!O:O,'Week 1'!F98,'ยอดจริง Week 1'!S:S) -> 0 | AO98: =AH98-AL98 -> 0 | AP98: =AI98-AM98 -> 0 | AQ98: =AJ98-AN98 -> 0 | AS98: 0 | AU98: =SUM(AR98:AT98) -> 0 | AV98: =SUMIF('ยอดจริง Week 1'!V:V,'Week 1'!F98,'ยอดจริง Week 1'!X:X) -> 0 | AW98: =SUMIF('ยอดจริง Week 1'!V:V,'Week 1'!F98,'ยอดจริง Week 1'!Y:Y) -> 0 | AX98: =SUMIF('ยอดจริง Week 1'!V:V,'Week 1'!F98,'ยอดจริง Week 1'!Z:Z) -> 0 | AY98: =AR98-AV98 -> 0 | AZ98: =AS98-AW98 -> 0 | BA98: =AT98-AX98 -> 0 | BE98: =SUM(BB98:BD98) -> 0 | BF98: =SUMIF('ยอดจริง Week 1'!AC:AC,'Week 1'!F98,'ยอดจริง Week 1'!AE:AE) -> 0 | BG98: =SUMIF('ยอดจริง Week 1'!AC:AC,'Week 1'!F98,'ยอดจริง Week 1'!AF:AF) -> 0 | BH98: =SUMIF('ยอดจริง Week 1'!AC:AC,'Week 1'!F98,'ยอดจริง Week 1'!AG:AG) -> 0 | BI98: =BB98-BF98 -> 0 | BJ98: =BC98-BG98 -> 0 | BK98: =BD98-BH98 -> 0 | BO98: =SUM(BL98:BN98) -> 0 | BP98: =SUMIF('ยอดจริง Week 1'!AJ:AJ,'Week 1'!F98,'ยอดจริง Week 1'!AL:AL) -> 0 | BQ98: =SUMIF('ยอดจริง Week 1'!AJ:AJ,'Week 1'!F98,'ยอดจริง Week 1'!AM:AM) -> 0 | BR98: =SUMIF('ยอดจริง Week 1'!AJ:AJ,'Week 1'!F98,'ยอดจริง Week 1'!AN:AN) -> 0 | BS98: =BL98-BP98 -> 0 | BT98: =BM98-BQ98 -> 0 | BU98: =BN98-BR98 -> 0 | BY98: =SUM(BV98:BX98) -> 0 | BZ98: =SUMIF('ยอดจริง Week 1'!AQ:AQ,'Week 1'!F98,'ยอดจริง Week 1'!AS:AS) -> 0 | CA98: =SUMIF('ยอดจริง Week 1'!AQ:AQ,'Week 1'!F98,'ยอดจริง Week 1'!AT:AT) -> 0 | CB98: =SUMIF('ยอดจริง Week 1'!AQ:AQ,'Week 1'!F98,'ยอดจริง Week 1'!AU:AU) -> 0 | CC98: =BV98-BZ98 -> 0 | CD98: =BW98-CA98 -> 0 | CE98: =BX98-CB98 -> 0
A99: 95 | F99: 1004065 | G99: ซอฟท์เค้กหน้ามะพร้าวนมสด | H99: Aeon | K99: =SUM(N99,X99,AH99,AR99,BB99,BL99,BV99) -> 0 | L99: =SUM(O99,Y99,AI99,AS99,BC99,BM99,BW99) -> 0 | Q99: =SUM(N99:P99) -> 0 | R99: =SUMIF('ยอดจริง Week 1'!A:A,'Week 1'!F99,'ยอดจริง Week 1'!C:C) -> 0 | S99: =SUMIF('ยอดจริง Week 1'!A:A,'Week 1'!F99,'ยอดจริง Week 1'!D:D) -> 0 | T99: =SUMIF('ยอดจริง Week 1'!A:A,'Week 1'!F99,'ยอดจริง Week 1'!E:E) -> 0 | U99: =N99-R99 -> 0 | V99: =O99-S99 -> 0 | W99: =P99-T99 -> 0 | Y99: 0 | AA99: =SUM(X99:Z99) -> 0 | AB99: =SUMIF('ยอดจริง Week 1'!H:H,'Week 1'!F99,'ยอดจริง Week 1'!J:J) -> 0 | AC99: =SUMIF('ยอดจริง Week 1'!H:H,'Week 1'!F99,'ยอดจริง Week 1'!K:K) -> 0 | AD99: =SUMIF('ยอดจริง Week 1'!H:H,'Week 1'!F99,'ยอดจริง Week 1'!L:L) -> 0 | AE99: =X99-AB99 -> 0 | AF99: =Y99-AC99 -> 0 | AG99: =Z99-AD99 -> 0 | AI99: 0 | AK99: =SUM(AH99:AJ99) -> 0 | AL99: =SUMIF('ยอดจริง Week 1'!O:O,'Week 1'!F99,'ยอดจริง Week 1'!Q:Q) -> 0 | AM99: =SUMIF('ยอดจริง Week 1'!O:O,'Week 1'!F99,'ยอดจริง Week 1'!R:R) -> 0 | AN99: =SUMIF('ยอดจริง Week 1'!O:O,'Week 1'!F99,'ยอดจริง Week 1'!S:S) -> 0 | AO99: =AH99-AL99 -> 0 | AP99: =AI99-AM99 -> 0 | AQ99: =AJ99-AN99 -> 0 | AS99: 0 | AU99: =SUM(AR99:AT99) -> 0 | AV99: =SUMIF('ยอดจริง Week 1'!V:V,'Week 1'!F99,'ยอดจริง Week 1'!X:X) -> 0 | AW99: =SUMIF('ยอดจริง Week 1'!V:V,'Week 1'!F99,'ยอดจริง Week 1'!Y:Y) -> 0 | AX99: =SUMIF('ยอดจริง Week 1'!V:V,'Week 1'!F99,'ยอดจริง Week 1'!Z:Z) -> 0 | AY99: =AR99-AV99 -> 0 | AZ99: =AS99-AW99 -> 0 | BA99: =AT99-AX99 -> 0 | BE99: =SUM(BB99:BD99) -> 0 | BF99: =SUMIF('ยอดจริง Week 1'!AC:AC,'Week 1'!F99,'ยอดจริง Week 1'!AE:AE) -> 0 | BG99: =SUMIF('ยอดจริง Week 1'!AC:AC,'Week 1'!F99,'ยอดจริง Week 1'!AF:AF) -> 0 | BH99: =SUMIF('ยอดจริง Week 1'!AC:AC,'Week 1'!F99,'ยอดจริง Week 1'!AG:AG) -> 0 | BI99: =BB99-BF99 -> 0 | BJ99: =BC99-BG99 -> 0 | BK99: =BD99-BH99 -> 0 | BO99: =SUM(BL99:BN99) -> 0 | BP99: =SUMIF('ยอดจริง Week 1'!AJ:AJ,'Week 1'!F99,'ยอดจริง Week 1'!AL:AL) -> 0 | BQ99: =SUMIF('ยอดจริง Week 1'!AJ:AJ,'Week 1'!F99,'ยอดจริง Week 1'!AM:AM) -> 0 | BR99: =SUMIF('ยอดจริง Week 1'!AJ:AJ,'Week 1'!F99,'ยอดจริง Week 1'!AN:AN) -> 0 | BS99: =BL99-BP99 -> 0 | BT99: =BM99-BQ99 -> 0 | BU99: =BN99-BR99 -> 0 | BY99: =SUM(BV99:BX99) -> 0 | BZ99: =SUMIF('ยอดจริง Week 1'!AQ:AQ,'Week 1'!F99,'ยอดจริง Week 1'!AS:AS) -> 0 | CA99: =SUMIF('ยอดจริง Week 1'!AQ:AQ,'Week 1'!F99,'ยอดจริง Week 1'!AT:AT) -> 0 | CB99: =SUMIF('ยอดจริง Week 1'!AQ:AQ,'Week 1'!F99,'ยอดจริง Week 1'!AU:AU) -> 0 | CC99: =BV99-BZ99 -> 0 | CD99: =BW99-CA99 -> 0 | CE99: =BX99-CB99 -> 0
A100: 96 | F100: 1113062 | G100: (MK) ชิฟฟ่อนหม้อแกง | K100: =SUM(N100,X100,AH100,AR100,BB100,BL100,BV100) -> 0 | L100: =SUM(O100,Y100,AI100,AS100,BC100,BM100,BW100) -> 0 | Q100: =SUM(N100:P100) -> 0 | R100: =SUMIF('ยอดจริง Week 1'!A:A,'Week 1'!F100,'ยอดจริง Week 1'!C:C) -> 0 | S100: =SUMIF('ยอดจริง Week 1'!A:A,'Week 1'!F100,'ยอดจริง Week 1'!D:D) -> 0 | T100: =SUMIF('ยอดจริง Week 1'!A:A,'Week 1'!F100,'ยอดจริง Week 1'!E:E) -> 0 | U100: =N100-R100 -> 0 | V100: =O100-S100 -> 0 | W100: =P100-T100 -> 0 | Y100: 0 | AA100: =SUM(X100:Z100) -> 0 | AB100: =SUMIF('ยอดจริง Week 1'!H:H,'Week 1'!F100,'ยอดจริง Week 1'!J:J) -> 0 | AC100: =SUMIF('ยอดจริง Week 1'!H:H,'Week 1'!F100,'ยอดจริง Week 1'!K:K) -> 0 | AD100: =SUMIF('ยอดจริง Week 1'!H:H,'Week 1'!F100,'ยอดจริง Week 1'!L:L) -> 0 | AE100: =X100-AB100 -> 0 | AF100: =Y100-AC100 -> 0 | AG100: =Z100-AD100 -> 0 | AI100: 0 | AK100: =SUM(AH100:AJ100) -> 0 | AL100: =SUMIF('ยอดจริง Week 1'!O:O,'Week 1'!F100,'ยอดจริง Week 1'!Q:Q) -> 0 | AM100: =SUMIF('ยอดจริง Week 1'!O:O,'Week 1'!F100,'ยอดจริง Week 1'!R:R) -> 0 | AN100: =SUMIF('ยอดจริง Week 1'!O:O,'Week 1'!F100,'ยอดจริง Week 1'!S:S) -> 0 | AO100: =AH100-AL100 -> 0 | AP100: =AI100-AM100 -> 0 | AQ100: =AJ100-AN100 -> 0 | AS100: 0 | AU100: =SUM(AR100:AT100) -> 0 | AV100: =SUMIF('ยอดจริง Week 1'!V:V,'Week 1'!F100,'ยอดจริง Week 1'!X:X) -> 0 | AW100: =SUMIF('ยอดจริง Week 1'!V:V,'Week 1'!F100,'ยอดจริง Week 1'!Y:Y) -> 0 | AX100: =SUMIF('ยอดจริง Week 1'!V:V,'Week 1'!F100,'ยอดจริง Week 1'!Z:Z) -> 0 | AY100: =AR100-AV100 -> 0 | AZ100: =AS100-AW100 -> 0 | BA100: =AT100-AX100 -> 0 | BE100: =SUM(BB100:BD100) -> 0 | BF100: =SUMIF('ยอดจริง Week 1'!AC:AC,'Week 1'!F100,'ยอดจริง Week 1'!AE:AE) -> 0 | BG100: =SUMIF('ยอดจริง Week 1'!AC:AC,'Week 1'!F100,'ยอดจริง Week 1'!AF:AF) -> 0 | BH100: =SUMIF('ยอดจริง Week 1'!AC:AC,'Week 1'!F100,'ยอดจริง Week 1'!AG:AG) -> 0 | BI100: =BB100-BF100 -> 0 | BJ100: =BC100-BG100 -> 0 | BK100: =BD100-BH100 -> 0 | BO100: =SUM(BL100:BN100) -> 0 | BP100: =SUMIF('ยอดจริง Week 1'!AJ:AJ,'Week 1'!F100,'ยอดจริง Week 1'!AL:AL) -> 0 | BQ100: =SUMIF('ยอดจริง Week 1'!AJ:AJ,'Week 1'!F100,'ยอดจริง Week 1'!AM:AM) -> 0 | BR100: =SUMIF('ยอดจริง Week 1'!AJ:AJ,'Week 1'!F100,'ยอดจริง Week 1'!AN:AN) -> 0 | BS100: =BL100-BP100 -> 0 | BT100: =BM100-BQ100 -> 0 | BU100: =BN100-BR100 -> 0 | BY100: =SUM(BV100:BX100) -> 0 | BZ100: =SUMIF('ยอดจริง Week 1'!AQ:AQ,'Week 1'!F100,'ยอดจริง Week 1'!AS:AS) -> 0 | CA100: =SUMIF('ยอดจริง Week 1'!AQ:AQ,'Week 1'!F100,'ยอดจริง Week 1'!AT:AT) -> 0 | CB100: =SUMIF('ยอดจริง Week 1'!AQ:AQ,'Week 1'!F100,'ยอดจริง Week 1'!AU:AU) -> 0 | CC100: =BV100-BZ100 -> 0 | CD100: =BW100-CA100 -> 0 | CE100: =BX100-CB100 -> 0
A101: 97 | F101: 1113085 | H101: BC | K101: =SUM(N101,X101,AH101,AR101,BB101,BL101,BV101) -> 0 | L101: =SUM(O101,Y101,AI101,AS101,BC101,BM101,BW101) -> 0 | Q101: =SUM(N101:P101) -> 0 | R101: =SUMIF('ยอดจริง Week 1'!A:A,'Week 1'!F101,'ยอดจริง Week 1'!C:C) -> 0 | S101: =SUMIF('ยอดจริง Week 1'!A:A,'Week 1'!F101,'ยอดจริง Week 1'!D:D) -> 0 | T101: =SUMIF('ยอดจริง Week 1'!A:A,'Week 1'!F101,'ยอดจริง Week 1'!E:E) -> 0 | U101: =N101-R101 -> 0 | V101: =O101-S101 -> 0 | W101: =P101-T101 -> 0 | Y101: 0 | AA101: =SUM(X101:Z101) -> 0 | AB101: =SUMIF('ยอดจริง Week 1'!H:H,'Week 1'!F101,'ยอดจริง Week 1'!J:J) -> 0 | AC101: =SUMIF('ยอดจริง Week 1'!H:H,'Week 1'!F101,'ยอดจริง Week 1'!K:K) -> 0 | AD101: =SUMIF('ยอดจริง Week 1'!H:H,'Week 1'!F101,'ยอดจริง Week 1'!L:L) -> 0 | AE101: =X101-AB101 -> 0 | AF101: =Y101-AC101 -> 0 | AG101: =Z101-AD101 -> 0 | AI101: 0 | AK101: =SUM(AH101:AJ101) -> 0 | AL101: =SUMIF('ยอดจริง Week 1'!O:O,'Week 1'!F101,'ยอดจริง Week 1'!Q:Q) -> 0 | AM101: =SUMIF('ยอดจริง Week 1'!O:O,'Week 1'!F101,'ยอดจริง Week 1'!R:R) -> 0 | AN101: =SUMIF('ยอดจริง Week 1'!O:O,'Week 1'!F101,'ยอดจริง Week 1'!S:S) -> 0 | AO101: =AH101-AL101 -> 0 | AP101: =AI101-AM101 -> 0 | AQ101: =AJ101-AN101 -> 0 | AS101: 0 | AU101: =SUM(AR101:AT101) -> 0 | AV101: =SUMIF('ยอดจริง Week 1'!V:V,'Week 1'!F101,'ยอดจริง Week 1'!X:X) -> 0 | AW101: =SUMIF('ยอดจริง Week 1'!V:V,'Week 1'!F101,'ยอดจริง Week 1'!Y:Y) -> 0 | AX101: =SUMIF('ยอดจริง Week 1'!V:V,'Week 1'!F101,'ยอดจริง Week 1'!Z:Z) -> 0 | AY101: =AR101-AV101 -> 0 | AZ101: =AS101-AW101 -> 0 | BA101: =AT101-AX101 -> 0 | BE101: =SUM(BB101:BD101) -> 0 | BF101: =SUMIF('ยอดจริง Week 1'!AC:AC,'Week 1'!F101,'ยอดจริง Week 1'!AE:AE) -> 0 | BG101: =SUMIF('ยอดจริง Week 1'!AC:AC,'Week 1'!F101,'ยอดจริง Week 1'!AF:AF) -> 0 | BH101: =SUMIF('ยอดจริง Week 1'!AC:AC,'Week 1'!F101,'ยอดจริง Week 1'!AG:AG) -> 0 | BI101: =BB101-BF101 -> 0 | BJ101: =BC101-BG101 -> 0 | BK101: =BD101-BH101 -> 0 | BO101: =SUM(BL101:BN101) -> 0 | BP101: =SUMIF('ยอดจริง Week 1'!AJ:AJ,'Week 1'!F101,'ยอดจริง Week 1'!AL:AL) -> 0 | BQ101: =SUMIF('ยอดจริง Week 1'!AJ:AJ,'Week 1'!F101,'ยอดจริง Week 1'!AM:AM) -> 0 | BR101: =SUMIF('ยอดจริง Week 1'!AJ:AJ,'Week 1'!F101,'ยอดจริง Week 1'!AN:AN) -> 0 | BS101: =BL101-BP101 -> 0 | BT101: =BM101-BQ101 -> 0 | BU101: =BN101-BR101 -> 0 | BY101: =SUM(BV101:BX101) -> 0 | BZ101: =SUMIF('ยอดจริง Week 1'!AQ:AQ,'Week 1'!F101,'ยอดจริง Week 1'!AS:AS) -> 0 | CA101: =SUMIF('ยอดจริง Week 1'!AQ:AQ,'Week 1'!F101,'ยอดจริง Week 1'!AT:AT) -> 0 | CB101: =SUMIF('ยอดจริง Week 1'!AQ:AQ,'Week 1'!F101,'ยอดจริง Week 1'!AU:AU) -> 0 | CC101: =BV101-BZ101 -> 0 | CD101: =BW101-CA101 -> 0 | CE101: =BX101-CB101 -> 0
A102: 98 | F102: 1004074 | H102: Aeon | K102: =SUM(N102,X102,AH102,AR102,BB102,BL102,BV102) -> 0 | L102: =SUM(O102,Y102,AI102,AS102,BC102,BM102,BW102) -> 0 | Q102: =SUM(N102:P102) -> 0 | R102: =SUMIF('ยอดจริง Week 1'!A:A,'Week 1'!F102,'ยอดจริง Week 1'!C:C) -> 0 | S102: =SUMIF('ยอดจริง Week 1'!A:A,'Week 1'!F102,'ยอดจริง Week 1'!D:D) -> 0 | T102: =SUMIF('ยอดจริง Week 1'!A:A,'Week 1'!F102,'ยอดจริง Week 1'!E:E) -> 0 | U102: =N102-R102 -> 0 | V102: =O102-S102 -> 0 | W102: =P102-T102 -> 0 | Y102: 0 | AA102: =SUM(X102:Z102) -> 0 | AB102: =SUMIF('ยอดจริง Week 1'!H:H,'Week 1'!F102,'ยอดจริง Week 1'!J:J) -> 0 | AC102: =SUMIF('ยอดจริง Week 1'!H:H,'Week 1'!F102,'ยอดจริง Week 1'!K:K) -> 0 | AD102: =SUMIF('ยอดจริง Week 1'!H:H,'Week 1'!F102,'ยอดจริง Week 1'!L:L) -> 0 | AE102: =X102-AB102 -> 0 | AF102: =Y102-AC102 -> 0 | AG102: =Z102-AD102 -> 0 | AI102: 0 | AK102: =SUM(AH102:AJ102) -> 0 | AL102: =SUMIF('ยอดจริง Week 1'!O:O,'Week 1'!F102,'ยอดจริง Week 1'!Q:Q) -> 0 | AM102: =SUMIF('ยอดจริง Week 1'!O:O,'Week 1'!F102,'ยอดจริง Week 1'!R:R) -> 0 | AN102: =SUMIF('ยอดจริง Week 1'!O:O,'Week 1'!F102,'ยอดจริง Week 1'!S:S) -> 0 | AO102: =AH102-AL102 -> 0 | AP102: =AI102-AM102 -> 0 | AQ102: =AJ102-AN102 -> 0 | AS102: 0 | AU102: =SUM(AR102:AT102) -> 0 | AV102: =SUMIF('ยอดจริง Week 1'!V:V,'Week 1'!F102,'ยอดจริง Week 1'!X:X) -> 0 | AW102: =SUMIF('ยอดจริง Week 1'!V:V,'Week 1'!F102,'ยอดจริง Week 1'!Y:Y) -> 0 | AX102: =SUMIF('ยอดจริง Week 1'!V:V,'Week 1'!F102,'ยอดจริง Week 1'!Z:Z) -> 0 | AY102: =AR102-AV102 -> 0 | AZ102: =AS102-AW102 -> 0 | BA102: =AT102-AX102 -> 0 | BE102: =SUM(BB102:BD102) -> 0 | BF102: =SUMIF('ยอดจริง Week 1'!AC:AC,'Week 1'!F102,'ยอดจริง Week 1'!AE:AE) -> 0 | BG102: =SUMIF('ยอดจริง Week 1'!AC:AC,'Week 1'!F102,'ยอดจริง Week 1'!AF:AF) -> 0 | BH102: =SUMIF('ยอดจริง Week 1'!AC:AC,'Week 1'!F102,'ยอดจริง Week 1'!AG:AG) -> 0 | BI102: =BB102-BF102 -> 0 | BJ102: =BC102-BG102 -> 0 | BK102: =BD102-BH102 -> 0 | BO102: =SUM(BL102:BN102) -> 0 | BP102: =SUMIF('ยอดจริง Week 1'!AJ:AJ,'Week 1'!F102,'ยอดจริง Week 1'!AL:AL) -> 0 | BQ102: =SUMIF('ยอดจริง Week 1'!AJ:AJ,'Week 1'!F102,'ยอดจริง Week 1'!AM:AM) -> 0 | BR102: =SUMIF('ยอดจริง Week 1'!AJ:AJ,'Week 1'!F102,'ยอดจริง Week 1'!AN:AN) -> 0 | BS102: =BL102-BP102 -> 0 | BT102: =BM102-BQ102 -> 0 | BU102: =BN102-BR102 -> 0 | BY102: =SUM(BV102:BX102) -> 0 | BZ102: =SUMIF('ยอดจริง Week 1'!AQ:AQ,'Week 1'!F102,'ยอดจริง Week 1'!AS:AS) -> 0 | CA102: =SUMIF('ยอดจริง Week 1'!AQ:AQ,'Week 1'!F102,'ยอดจริง Week 1'!AT:AT) -> 0 | CB102: =SUMIF('ยอดจริง Week 1'!AQ:AQ,'Week 1'!F102,'ยอดจริง Week 1'!AU:AU) -> 0 | CC102: =BV102-BZ102 -> 0 | CD102: =BW102-CA102 -> 0 | CE102: =BX102-CB102 -> 0
A103: 99 | F103: 20053053 | H103: CJ | K103: =SUM(N103,X103,AH103,AR103,BB103,BL103,BV103) -> 0 | L103: =SUM(O103,Y103,AI103,AS103,BC103,BM103,BW103) -> 0 | Q103: =SUM(N103:P103) -> 0 | R103: =SUMIF('ยอดจริง Week 1'!A:A,'Week 1'!F103,'ยอดจริง Week 1'!C:C) -> 0 | S103: =SUMIF('ยอดจริง Week 1'!A:A,'Week 1'!F103,'ยอดจริง Week 1'!D:D) -> 0 | T103: =SUMIF('ยอดจริง Week 1'!A:A,'Week 1'!F103,'ยอดจริง Week 1'!E:E) -> 0 | U103: =N103-R103 -> 0 | V103: =O103-S103 -> 0 | W103: =P103-T103 -> 0 | Y103: 0 | AA103: =SUM(X103:Z103) -> 0 | AB103: =SUMIF('ยอดจริง Week 1'!H:H,'Week 1'!F103,'ยอดจริง Week 1'!J:J) -> 0 | AC103: =SUMIF('ยอดจริง Week 1'!H:H,'Week 1'!F103,'ยอดจริง Week 1'!K:K) -> 0 | AD103: =SUMIF('ยอดจริง Week 1'!H:H,'Week 1'!F103,'ยอดจริง Week 1'!L:L) -> 0 | AE103: =X103-AB103 -> 0 | AF103: =Y103-AC103 -> 0 | AG103: =Z103-AD103 -> 0 | AI103: 0 | AK103: =SUM(AH103:AJ103) -> 0 | AL103: =SUMIF('ยอดจริง Week 1'!O:O,'Week 1'!F103,'ยอดจริง Week 1'!Q:Q) -> 0 | AM103: =SUMIF('ยอดจริง Week 1'!O:O,'Week 1'!F103,'ยอดจริง Week 1'!R:R) -> 0 | AN103: =SUMIF('ยอดจริง Week 1'!O:O,'Week 1'!F103,'ยอดจริง Week 1'!S:S) -> 0 | AO103: =AH103-AL103 -> 0 | AP103: =AI103-AM103 -> 0 | AQ103: =AJ103-AN103 -> 0 | AS103: 0 | AU103: =SUM(AR103:AT103) -> 0 | AV103: =SUMIF('ยอดจริง Week 1'!V:V,'Week 1'!F103,'ยอดจริง Week 1'!X:X) -> 0 | AW103: =SUMIF('ยอดจริง Week 1'!V:V,'Week 1'!F103,'ยอดจริง Week 1'!Y:Y) -> 0 | AX103: =SUMIF('ยอดจริง Week 1'!V:V,'Week 1'!F103,'ยอดจริง Week 1'!Z:Z) -> 0 | AY103: =AR103-AV103 -> 0 | AZ103: =AS103-AW103 -> 0 | BA103: =AT103-AX103 -> 0 | BE103: =SUM(BB103:BD103) -> 0 | BF103: =SUMIF('ยอดจริง Week 1'!AC:AC,'Week 1'!F103,'ยอดจริง Week 1'!AE:AE) -> 0 | BG103: =SUMIF('ยอดจริง Week 1'!AC:AC,'Week 1'!F103,'ยอดจริง Week 1'!AF:AF) -> 0 | BH103: =SUMIF('ยอดจริง Week 1'!AC:AC,'Week 1'!F103,'ยอดจริง Week 1'!AG:AG) -> 0 | BI103: =BB103-BF103 -> 0 | BJ103: =BC103-BG103 -> 0 | BK103: =BD103-BH103 -> 0 | BO103: =SUM(BL103:BN103) -> 0 | BP103: =SUMIF('ยอดจริง Week 1'!AJ:AJ,'Week 1'!F103,'ยอดจริง Week 1'!AL:AL) -> 0 | BQ103: =SUMIF('ยอดจริง Week 1'!AJ:AJ,'Week 1'!F103,'ยอดจริง Week 1'!AM:AM) -> 0 | BR103: =SUMIF('ยอดจริง Week 1'!AJ:AJ,'Week 1'!F103,'ยอดจริง Week 1'!AN:AN) -> 0 | BS103: =BL103-BP103 -> 0 | BT103: =BM103-BQ103 -> 0 | BU103: =BN103-BR103 -> 0 | BY103: =SUM(BV103:BX103) -> 0 | BZ103: =SUMIF('ยอดจริง Week 1'!AQ:AQ,'Week 1'!F103,'ยอดจริง Week 1'!AS:AS) -> 0 | CA103: =SUMIF('ยอดจริง Week 1'!AQ:AQ,'Week 1'!F103,'ยอดจริง Week 1'!AT:AT) -> 0 | CB103: =SUMIF('ยอดจริง Week 1'!AQ:AQ,'Week 1'!F103,'ยอดจริง Week 1'!AU:AU) -> 0 | CC103: =BV103-BZ103 -> 0 | CD103: =BW103-CA103 -> 0 | CE103: =BX103-CB103 -> 0
A104: 100 | F104: 1113157 | G104: (BC) เค้กลอดช่อง 85 g. | H104: BC | K104: =SUM(N104,X104,AH104,AR104,BB104,BL104,BV104) -> 0 | L104: =SUM(O104,Y104,AI104,AS104,BC104,BM104,BW104) -> 0 | Q104: =SUM(N104:P104) -> 0 | R104: =SUMIF('ยอดจริง Week 1'!A:A,'Week 1'!F104,'ยอดจริง Week 1'!C:C) -> 0 | S104: =SUMIF('ยอดจริง Week 1'!A:A,'Week 1'!F104,'ยอดจริง Week 1'!D:D) -> 0 | T104: =SUMIF('ยอดจริง Week 1'!A:A,'Week 1'!F104,'ยอดจริง Week 1'!E:E) -> 0 | U104: =N104-R104 -> 0 | V104: =O104-S104 -> 0 | W104: =P104-T104 -> 0 | Y104: 0 | AA104: =SUM(X104:Z104) -> 0 | AB104: =SUMIF('ยอดจริง Week 1'!H:H,'Week 1'!F104,'ยอดจริง Week 1'!J:J) -> 0 | AC104: =SUMIF('ยอดจริง Week 1'!H:H,'Week 1'!F104,'ยอดจริง Week 1'!K:K) -> 0 | AD104: =SUMIF('ยอดจริง Week 1'!H:H,'Week 1'!F104,'ยอดจริง Week 1'!L:L) -> 0 | AE104: =X104-AB104 -> 0 | AF104: =Y104-AC104 -> 0 | AG104: =Z104-AD104 -> 0 | AI104: 0 | AK104: =SUM(AH104:AJ104) -> 0 | AL104: =SUMIF('ยอดจริง Week 1'!O:O,'Week 1'!F104,'ยอดจริง Week 1'!Q:Q) -> 0 | AM104: =SUMIF('ยอดจริง Week 1'!O:O,'Week 1'!F104,'ยอดจริง Week 1'!R:R) -> 0 | AN104: =SUMIF('ยอดจริง Week 1'!O:O,'Week 1'!F104,'ยอดจริง Week 1'!S:S) -> 0 | AO104: =AH104-AL104 -> 0 | AP104: =AI104-AM104 -> 0 | AQ104: =AJ104-AN104 -> 0 | AS104: 0 | AU104: =SUM(AR104:AT104) -> 0 | AV104: =SUMIF('ยอดจริง Week 1'!V:V,'Week 1'!F104,'ยอดจริง Week 1'!X:X) -> 0 | AW104: =SUMIF('ยอดจริง Week 1'!V:V,'Week 1'!F104,'ยอดจริง Week 1'!Y:Y) -> 0 | AX104: =SUMIF('ยอดจริง Week 1'!V:V,'Week 1'!F104,'ยอดจริง Week 1'!Z:Z) -> 0 | AY104: =AR104-AV104 -> 0 | AZ104: =AS104-AW104 -> 0 | BA104: =AT104-AX104 -> 0 | BE104: =SUM(BB104:BD104) -> 0 | BF104: =SUMIF('ยอดจริง Week 1'!AC:AC,'Week 1'!F104,'ยอดจริง Week 1'!AE:AE) -> 0 | BG104: =SUMIF('ยอดจริง Week 1'!AC:AC,'Week 1'!F104,'ยอดจริง Week 1'!AF:AF) -> 0 | BH104: =SUMIF('ยอดจริง Week 1'!AC:AC,'Week 1'!F104,'ยอดจริง Week 1'!AG:AG) -> 0 | BI104: =BB104-BF104 -> 0 | BJ104: =BC104-BG104 -> 0 | BK104: =BD104-BH104 -> 0 | BO104: =SUM(BL104:BN104) -> 0 | BP104: =SUMIF('ยอดจริง Week 1'!AJ:AJ,'Week 1'!F104,'ยอดจริง Week 1'!AL:AL) -> 0 | BQ104: =SUMIF('ยอดจริง Week 1'!AJ:AJ,'Week 1'!F104,'ยอดจริง Week 1'!AM:AM) -> 0 | BR104: =SUMIF('ยอดจริง Week 1'!AJ:AJ,'Week 1'!F104,'ยอดจริง Week 1'!AN:AN) -> 0 | BS104: =BL104-BP104 -> 0 | BT104: =BM104-BQ104 -> 0 | BU104: =BN104-BR104 -> 0 | BY104: =SUM(BV104:BX104) -> 0 | BZ104: =SUMIF('ยอดจริง Week 1'!AQ:AQ,'Week 1'!F104,'ยอดจริง Week 1'!AS:AS) -> 0 | CA104: =SUMIF('ยอดจริง Week 1'!AQ:AQ,'Week 1'!F104,'ยอดจริง Week 1'!AT:AT) -> 0 | CB104: =SUMIF('ยอดจริง Week 1'!AQ:AQ,'Week 1'!F104,'ยอดจริง Week 1'!AU:AU) -> 0 | CC104: =BV104-BZ104 -> 0 | CD104: =BW104-CA104 -> 0 | CE104: =BX104-CB104 -> 0
