Workbook

Sheet Summary
B1: Amazon | H1: ร้านขายของฝาก
B2: เดือน | C2: ลูกค้าใหม่ | D2: ลูกค้าหาย | E2: เพิ่ม/ลดสุทธิ | H2: เดือน | I2: ลูกค้าใหม่ | J2: ลูกค้าหาย | K2: เพิ่ม/ลดสุทธิ
B3: 1 | C3: =COUNTIF(Amazon!$M:$M,"ลูกค้าใหม่เดือน "&B3) -> 0 | D3: =COUNTIF(Amazon!$N:$N,"หายเดือน "&B3) -> 0 | E3: =C3-D3 -> 0 | H3: 1 | I3: =COUNTIF(ร้านขายของฝาก!$M:$M,"ลูกค้าใหม่เดือน "&H3) -> 0 | J3: =COUNTIF(ร้านขายของฝาก!$N:$N,"หายเดือน "&H3) -> 0 | K3: =I3-J3 -> 0
B4: 2 | C4: =COUNTIF(Amazon!$M:$M,"ลูกค้าใหม่เดือน "&B4) -> 137 | D4: =COUNTIF(Amazon!$N:$N,"หายเดือน "&B4) -> 69 | E4: =C4-D4 -> 68 | H4: 2 | I4: =COUNTIF(ร้านขายของฝาก!$M:$M,"ลูกค้าใหม่เดือน "&H4) -> 3 | J4: =COUNTIF(ร้านขายของฝาก!$N:$N,"หายเดือน "&H4) -> 3 | K4: =I4-J4 -> 0
B5: 3 | C5: =COUNTIF(Amazon!$M:$M,"ลูกค้าใหม่เดือน "&B5) -> 73 | D5: =COUNTIF(Amazon!$N:$N,"หายเดือน "&B5) -> 86 | E5: =C5-D5 -> -13 | H5: 3 | I5: =COUNTIF(ร้านขายของฝาก!$M:$M,"ลูกค้าใหม่เดือน "&H5) -> 0 | J5: =COUNTIF(ร้านขายของฝาก!$N:$N,"หายเดือน "&H5) -> 3 | K5: =I5-J5 -> -3
B6: 4 | C6: =COUNTIF(Amazon!$M:$M,"ลูกค้าใหม่เดือน "&B6) -> 90 | D6: =COUNTIF(Amazon!$N:$N,"หายเดือน "&B6) -> 113 | E6: =C6-D6 -> -23 | H6: 4 | I6: =COUNTIF(ร้านขายของฝาก!$M:$M,"ลูกค้าใหม่เดือน "&H6) -> 0 | J6: =COUNTIF(ร้านขายของฝาก!$N:$N,"หายเดือน "&H6) -> 3 | K6: =I6-J6 -> -3
B7: 5 | C7: =COUNTIF(Amazon!$M:$M,"ลูกค้าใหม่เดือน "&B7) -> 62 | D7: =COUNTIF(Amazon!$N:$N,"หายเดือน "&B7) -> 81 | E7: =C7-D7 -> -19 | H7: 5 | I7: =COUNTIF(ร้านขายของฝาก!$M:$M,"ลูกค้าใหม่เดือน "&H7) -> 0 | J7: =COUNTIF(ร้านขายของฝาก!$N:$N,"หายเดือน "&H7) -> 3 | K7: =I7-J7 -> -3
B8: 6 | C8: =COUNTIF(Amazon!$M:$M,"ลูกค้าใหม่เดือน "&B8) -> 85 | D8: =COUNTIF(Amazon!$N:$N,"หายเดือน "&B8) -> 112 | E8: =C8-D8 -> -27 | H8: 6 | I8: =COUNTIF(ร้านขายของฝาก!$M:$M,"ลูกค้าใหม่เดือน "&H8) -> 1 | J8: =COUNTIF(ร้านขายของฝาก!$N:$N,"หายเดือน "&H8) -> 5 | K8: =I8-J8 -> -4
B9: 7 | C9: =COUNTIF(Amazon!$M:$M,"ลูกค้าใหม่เดือน "&B9) -> 18 | D9: =COUNTIF(Amazon!$N:$N,"หายเดือน "&B9) -> 333 | E9: =C9-D9 -> -315 | H9: 7 | I9: =COUNTIF(ร้านขายของฝาก!$M:$M,"ลูกค้าใหม่เดือน "&H9) -> 1 | J9: =COUNTIF(ร้านขายของฝาก!$N:$N,"หายเดือน "&H9) -> 16 | K9: =I9-J9 -> -15
B10: Total | C10: =SUM(C3:C9) -> 465 | D10: =SUM(D3:D9) -> 794 | E10: =SUM(E3:E9) -> -329 | H10: Total | I10: =SUM(I3:I9) -> 5 | J10: =SUM(J3:J9) -> 33 | K10: =SUM(K3:K9) -> -28

Sheet Amazon
A1: รหัสสาขาใหม่ | B1: ชื่อสาขา_new | C1: จังหวัด1 | D1: อำเภอ2 | E1: 1 | F1: 2 | G1: 3 | H1: 4 | I1: 5 | J1: 6 | K1: 7 | L1: Grand Total | M1: ลูกค้าใหม่ | N1: ลูกค้าที่หายไป
A2: 10375 | B2: 10375 เค้กบ้านแม่ (ลาดหลุมแก้ว) | C2: ปทุมธานี | D2: ลาดหลุมแก้ว | E2: 6000 | F2: 2560 | G2: 1600 | H2: 3520 | I2: 4960 | J2: 2240 | K2: 1600 | L2: 22480
A3: 10500 | B3: 10500 บริษัท วัน วัน วัน คอฟฟี่ จำกัด (สำนักงานใหญ่) | C3: นครปฐม | D3: สามพราน | E3: 4295 | F3: 4738 | G3: 4937 | H3: 4065 | I3: 4517 | J3: 6335 | K3: 1848 | L3: 30735
A4: CD0112 | B4: หจก.เชียงใหม่สหชัยวัฒนา | C4: เชียงใหม่ | D4: สันทราย | E4: 5479.24 | F4: 1968.62 | G4: 1187.34 | H4: 5232.52 | I4: 5371.3 | L4: 19239.02 | N4: หายเดือน 6
A5: CD0113 | B5: หจก.ลักกี้สกายเอนเนอร์จี | C5: เชียงราย | D5: เมืองเชียงราย | E5: 9185.29 | F5: 7860.94 | G5: 4252.35 | H5: 4127.89 | L5: 25426.47 | N5: หายเดือน 5
A6: CD0114 | B6: บจ.เคยูออยล์ | C6: เชียงราย | D6: เมืองเชียงราย | E6: 4884.15 | F6: 3447.47 | G6: 2360.07 | K6: 2341.86 | L6: 13033.55
A7: CD0120 | B7: บจ.เอสที คอฟฟี่ | C7: พิษณุโลก | D7: เมืองพิษณุโลก | E7: 15706.13 | F7: 18166.43 | G7: 16465.53 | H7: 21583.46 | I7: 13060.72 | J7: 11599.71 | K7: 5269.81 | L7: 101851.79
A8: CD0136 | B8: หจก.อิ่มรักษ์ ณ เกาะแก้ว | C8: ภูเก็ต | D8: เมืองภูเก็ต | E8: 7711.93 | F8: 3447.43 | G8: 4592.52 | L8: 15751.88 | N8: หายเดือน 4
A9: CD0137 | B9: หจก.สตูลปิโตรเลี่ยม | C9: สงขลา | D9: หาดใหญ่ | E9: 8990.73 | F9: 7098.37 | G9: 8920.82 | H9: 8255.7 | I9: 7162.27 | J9: 9115.31 | K9: 3544.67 | L9: 53087.87
A10: CD0148 | B10: หจก.ศิริชัย อมรา | C10: สุราษฎร์ธานี | D10: พุนพิน | E10: 4073.25 | F10: 3927.48 | G10: 5282.19 | H10: 4076.24 | I10: 3280.44 | J10: 4191.69 | K10: 2013.87 | L10: 26845.16
A11: CD1236 | B11: บจ.เอ็นวายพี95 | C11: สมุทรปราการ | D11: บางพลี | E11: 1719.33 | F11: 989.45 | G11: 3317.87 | H11: 2976.06 | I11: 2302.72 | J11: 1462.33 | K11: 737.59 | L11: 13505.35
A12: CD1396 | B12: CD1396 หจก.ปัญญามอเตอร์ | C12: อุตรดิตถ์ | D12: เมืองอุตรดิตถ์ | E12: 3373.35 | F12: 2104.96 | G12: 1704.06 | H12: 2660.85 | I12: 2399.56 | J12: 3395.86 | K12: 2108.02 | L12: 17746.66
A13: CD1519 | B13: สถานีบริการน้ำมันเชื้อเพลิงสวัสดิกา | C13: สุราษฎร์ธานี | D13: พุนพิน | E13: 4899.42 | F13: 4717.16 | G13: 4619.98 | H13: 4701.91 | I13: 3216.66 | J13: 4167.4 | K13: 1646.28 | L13: 27968.81
A14: CD3575 | B14: หจก.ทูเจ บราเธอร์ | C14: เชียงใหม่ | D14: เมืองเชียงใหม่ | K14: 1023.59 | L14: 1023.59 | M14: ลูกค้าใหม่เดือน 7
A15: CD4165 | B15: ห้างหุ่นส่วนจำกัด เอส แอล พี คาเฟ่ | C15: สุโขทัย | D15: สวรรคโลก | E15: 4735.43 | F15: 2682.08 | G15: 3037.51 | H15: 3210.59 | I15: 3845.34 | J15: 3733.01 | K15: 1746.53 | L15: 22990.49
A16: CD4450 | B16: หจก.เจ้าขุนเขา | C16: ประจวบคีรีขันธ์ | D16: เมืองประจวบคีรีขันธ์ | E16: 5173.41 | F16: 7442.72 | G16: 5990.67 | H16: 7373.33 | I16: 8802.25 | J16: 4764.78 | K16: 3731.64 | L16: 43278.8
A17: CD5437 | B17: บจ.นวประชา 2025 | C17: นครปฐม | D17: เมืองนครปฐม | E17: 1843.73 | F17: 2369.23 | G17: 3086.06 | H17: 2281.11 | I17: 750.26 | J17: 2454.27 | K17: 1637.19 | L17: 14421.85
A18: DD0112 | B18: หจก.เชียงใหม่สหชัยวัฒนา | C18: เชียงใหม่ | D18: สันทราย | J18: 6121.74 | L18: 6121.74 | M18: ลูกค้าใหม่เดือน 6 | N18: หายเดือน 7
A19: DD0127 | B19: หจก.ศรีสมวงศ์เซอร์วิส ชัยภูมิ | C19: ชัยภูมิ | D19: เมืองชัยภูมิ | E19: 3231.85 | F19: 865.68 | G19: 1941.02 | L19: 6038.55 | N19: หายเดือน 4
A20: DD0145 | B20: บจ.ทรัพย์พจนา | C20: กรุงเทพมหานคร | D20: ลาดพร้าว | E20: 719.6 | L20: 719.6 | N20: หายเดือน 2
A21: DD0149 | B21: หจก.กรุงธน ฟู๊ดส์ แอนด์ เบฟเวอร์เรจ | C21: กรุงเทพมหานคร | D21: คันนายาว | E21: 6575.95 | F21: 4932.72 | G21: 4121.72 | H21: 3875.72 | I21: 5968.5 | J21: 5792.3 | K21: 2991.85 | L21: 34258.76
A22: DD0159 | B22: บจ.สุเพ็ชร | C22: กรุงเทพมหานคร | D22: ทวีวัฒนา | E22: 4349.7 | F22: 1263.59 | G22: 841.37 | H22: 3966.9 | I22: 3976.06 | J22: 2843.09 | L22: 17240.71 | N22: หายเดือน 7
A23: DD0160 | B23: หจก.นพสร | C23: กรุงเทพมหานคร | D23: บางแค | E23: 6673.19 | F23: 6980 | G23: 7754.59 | H23: 4847.72 | I23: 6190.28 | J23: 8152.45 | K23: 3511.24 | L23: 44109.47
A24: DD0161 | B24: หจก.ถาวร คอฟฟี่ | C24: กรุงเทพมหานคร | D24: บางแค | E24: 2591 | F24: 1017.58 | G24: 1023.64 | H24: 1795.17 | I24: 2922.07 | J24: 1193.75 | K24: 1931.86 | L24: 12475.07
A25: DD0165 | B25: หจก.กรุงธน ฟู๊ดส์ แอนด์ เบฟเวอร์เรจ | C25: นนทบุรี | D25: ไทรน้อย | E25: 7754.49 | F25: 12459.34 | G25: 15448.22 | H25: 13179.36 | I25: 10749.38 | J25: 12082.77 | K25: 4167.31 | L25: 75840.87
A26: DD0167 | B26: หจก.ชาดำปู 2011 | C26: ปทุมธานี | D26: สามโคก | E26: 7136.89 | F26: 6607.47 | G26: 6286.22 | H26: 8660.9 | I26: 6286.22 | J26: 4117.14 | K26: 2058.57 | L26: 41153.41
A27: DD0169 | B27: หจก.เอสแอนด์บี คอฟฟี่ | C27: ปทุมธานี | D27: เมืองปทุมธานี | E27: 5177.94 | F27: 7265.44 | G27: 5090.61 | H27: 6463.56 | I27: 2836.96 | J27: 7353.58 | K27: 3079.93 | L27: 37268.02
A28: DD0172 | B28: บจ.เอสเอสเอ็ม คาเฟ่ | C28: ปทุมธานี | D28: ธัญบุรี | E28: 2606.07 | F28: 3939.48 | G28: 3590.19 | H28: 4765.68 | I28: 1637.15 | J28: 2660.77 | K28: 1072.2 | L28: 20271.54
A29: DD0179 | B29: หจก.ฐิติ คอฟฟี่ | C29: เพชรบุรี | D29: ชะอำ | E29: 2694.17 | F29: 1457.94 | G29: 2211.2 | I29: 725.93 | J29: 738.09 | K29: 735.02 | L29: 8562.35
A30: DD0181 | B30: หจก.ฐิติ คอฟฟี่ | C30: เพชรบุรี | D30: ชะอำ | E30: 2861.22 | L30: 2861.22 | N30: หายเดือน 2
A31: DD0182 | B31: หจก.ปลา88 | C31: กาญจนบุรี | D31: ท่ามะกา | E31: 2897.71 | F31: 2809.61 | G31: 3772.48 | H31: 4899.35 | I31: 3259.16 | J31: 3863.59 | K31: 1710.06 | L31: 23211.96
A32: DD0183 | B32: บจ.นภาริณ คอฟฟี่ | C32: กาญจนบุรี | D32: ท่าม่วง | E32: 5279.25 | F32: 5339.9 | G32: 4817.42 | H32: 6214.67 | I32: 4832.62 | J32: 4647.34 | K32: 1682.75 | L32: 32813.95
A33: DD0185 | B33: DD0185 หจก. สงวนทรัพย์พัฒนา | C33: ราชบุรี | D33: เมืองราชบุรี | E33: 7148.2 | F33: 7116.92 | G33: 4222.21 | H33: 4797.45 | I33: 3442.54 | J33: 6185.22 | K33: 1834.57 | L33: 34747.11
A34: DD0186 | B34: หจก.คอฟฟี่ การ์เด้น | C34: ราชบุรี | D34: เมืองราชบุรี | E34: 5385.45 | F34: 4966.31 | G34: 4875.13 | H34: 3219.74 | I34: 4541.03 | J34: 4747.57 | K34: 1834.6 | L34: 29569.83
A35: DD0189 | B35: หจก.คอฟฟี่อินการ์เด้น | C35: จันทบุรี | D35: ท่าใหม่ | E35: 9935.28 | F35: 8954.17 | G35: 10904.25 | H35: 11557.37 | I35: 11809.56 | J35: 5713.36 | K35: 3483.91 | L35: 62357.9
A36: DD0190 | B36: บจ.กาแฟ มาคอว์ | C36: ชลบุรี | D36: เมืองชลบุรี | I36: 2493.82 | J36: 1962.26 | K36: 1467.14 | L36: 5923.22 | M36: ลูกค้าใหม่เดือน 5
A37: DD0192 | B37: บจ.ดี ดี 192 | C37: ชลบุรี | D37: บางละมุง | E37: 1524.8 | F37: 2758.02 | G37: 3450.49 | H37: 2627.35 | I37: 2882.51 | J37: 3972.97 | K37: 1543 | L37: 18759.14
A38: DD0193 | B38: บจ.จันทร์เพ็ญคอฟฟี | C38: ชลบุรี | D38: ศรีราชา | E38: 5929.14 | F38: 5692.22 | G38: 6178.24 | H38: 4635.2 | I38: 5382.42 | J38: 6658.12 | K38: 2830.88 | L38: 37306.22
A39: DD0196 | B39: บจ.ซีเอ็ม คอฟฟี่ | C39: นครนายก | D39: องครักษ์ | E39: 9653.09 | F39: 9079.04 | G39: 9856.66 | H39: 9000.04 | I39: 8231.59 | J39: 8936.3 | K39: 2943.35 | L39: 57700.07
A40: DD0197 | B40: หจก.ศรีเสาวภาคอฟฟี่ | C40: นครนายก | D40: องครักษ์ | E40: 8817.57 | F40: 10129.69 | G40: 10254.24 | H40: 12766.05 | I40: 8586.67 | J40: 11511.71 | L40: 62065.93 | N40: หายเดือน 7
A41: DD0199 | B41: บจ.พรวรรณสิริ | C41: นครนายก | D41: เมืองนครนายก | H41: 731.99 | J41: 728.96 | L41: 1460.95 | M41: ลูกค้าใหม่เดือน 4 | N41: หายเดือน 7
A42: DD0200 | B42: หจก.นกแก้ว กาแฟ | C42: นครปฐม | D42: นครชัยศรี | E42: 4343.3 | F42: 4420.4 | G42: 6414.72 | H42: 4189.1 | I42: 3978.36 | J42: 5116.87 | K42: 981.74 | L42: 29444.49
A43: DD0202 | B43: หจก.เพชรดี มินิมาร์ท | C43: นครปฐม | D43: บางเลน | E43: 2426.9 | F43: 3732.96 | G43: 3438.34 | H43: 3423.15 | I43: 2982.74 | J43: 3076.87 | L43: 19080.96 | N43: หายเดือน 7
A44: DD0203 | B44: หจก.รวมนครฟู้ดดี้ | C44: นครปฐม | D44: นครชัยศรี | E44: 9109.25 | F44: 8571.52 | G44: 10794.89 | H44: 8993.73 | I44: 9877.55 | J44: 11630.07 | K44: 4565.24 | L44: 63542.25
A45: DD0205 | B45: หจก.คาเฟ่ อเมซอน อุดมชัยวิทย์ | C45: นครปฐม | D45: สามพราน | E45: 2001.63 | F45: 3295.54 | G45: 1029.67 | H45: 1236.21 | I45: 1063.08 | J45: 1233.18 | K45: 853.5 | L45: 10712.81
A46: DD0206 | B46: บจ.ช้างเผือกปิโตรเลียม | C46: ประจวบคีรีขันธ์ | D46: บางสะพานน้อย | J46: 1439.2 | L46: 1439.2 | M46: ลูกค้าใหม่เดือน 6 | N46: หายเดือน 7
A47: DD0207 | B47: บจ.ร่อนทองชัย แมนเน็จเม้นท์ | C47: ประจวบคีรีขันธ์ | D47: เมืองประจวบคีรีขันธ์ | E47: 8094.62 | F47: 7204.67 | G47: 10773.59 | H47: 5792.32 | I47: 7438.54 | J47: 8726.38 | K47: 3553.71 | L47: 51583.83
A48: DD0208 | B48: บจ.ดวงใจเบฟเวอเรจ | C48: ประจวบคีรีขันธ์ | D48: ปราณบุรี | E48: 4356.15 | F48: 5821.05 | G48: 7149.74 | H48: 6044.64 | I48: 3215.07 | J48: 6101.18 | K48: 1315.84 | L48: 34003.67
A49: DD0210 | B49: หจก.ตรงตวงปิโตรเลียม | C49: ประจวบคีรีขันธ์ | D49: ทับสะแก | E49: 3113.33 | F49: 2940.2 | G49: 3966.88 | H49: 4024.63 | I49: 5075.66 | J49: 3502.26 | K49: 1658.49 | L49: 24281.45
A50: DD0211 | B50: หจก.บางสะพานปิโตรเลียม | C50: ประจวบคีรีขันธ์ | D50: บางสะพาน | E50: 3896.12 | F50: 3544.03 | G50: 2567.43 | H50: 4014.34 | I50: 4754.5 | J50: 3942.38 | K50: 1837.55 | L50: 24556.35
A51: DD0212 | B51: บจ.โชคสุขุมแก๊สเซอร์วิส | C51: ประจวบคีรีขันธ์ | D51: หัวหิน | E51: 4070.18 | F51: 3906.14 | G51: 5336.78 | H51: 3872.73 | I51: 3799.83 | J51: 4790.03 | K51: 1968.27 | L51: 27743.96
A52: DD0215 | B52: หจก.ขวัญวลัย | C52: ปราจีนบุรี | D52: เมืองปราจีนบุรี | J52: 1697.95 | K52: 1655.42 | L52: 3353.37 | M52: ลูกค้าใหม่เดือน 6
A53: DD0218 | B53: บจ.หยกพาณิชย์ | C53: ระยอง | D53: เมืองระยอง | E53: 941.59 | F53: 853.52 | H53: 1300.03 | J53: 1069.18 | K53: 841.38 | L53: 5005.7
A54: DD0225 | B54: บจ.สารพรรณ กาแฟ | C54: ลพบุรี | D54: ชัยบาดาล | E54: 1779.98 | L54: 1779.98 | N54: หายเดือน 2
A55: DD0226 | B55: บจ.สารพรรณ กาแฟ | C55: ลพบุรี | D55: ชัยบาดาล | E55: 838.33 | L55: 838.33 | N55: หายเดือน 2
A56: DD0227 | B56: หจก.เยลลี่ไบร์ท | C56: สมุทรสงคราม | D56: เมืองสมุทรสงคราม | E56: 5667.84 | F56: 5026.96 | L56: 10694.8 | N56: หายเดือน 3
A57: DD0229 | B57: บจ.นิวไดมอนด์คอฟฟี่ | C57: สมุทรสงคราม | D57: เมืองสมุทรสงคราม | E57: 3618.56 | F57: 3675.1 | G57: 4664.55 | H57: 4718.52 | I57: 5939.27 | J57: 4926.69 | K57: 2477.48 | L57: 30020.17
A58: DD0231 | B58: หจก.ดีจริงจัง | C58: สมุทรสาคร | D58: เมืองสมุทรสาคร | E58: 2979.71 | F58: 2855.14 | G58: 856.54 | L58: 6691.39 | N58: หายเดือน 4
A59: DD0232 | B59: บจ.ชัยวิวัฒน์การปิโตรเลียม | C59: สมุทรสาคร | D59: เมืองสมุทรสาคร | E59: 3332.08 | F59: 2256.85 | G59: 2578.79 | H59: 3462.7 | I59: 3824.14 | J59: 3760.33 | K59: 1980.42 | L59: 21195.31
A60: DD0233 | B60: บจ.พระราม2 เทรดดิ้ง | C60: สมุทรสาคร | D60: เมืองสมุทรสาคร | E60: 9321.92 | F60: 8401.54 | G60: 8650.63 | H60: 3966.88 | I60: 4562.21 | J60: 3824.1 | K60: 1664.52 | L60: 40391.8
A61: DD0236 | B61: DD0236 บริษัท อุทัยกุล ปิโตรเลียมจำกัด | C61: สระบุรี | D61: หนองแค | E61: 2450 | F61: 2450 | G61: 3500 | H61: 4900 | I61: 2450 | J61: 3150 | K61: 700 | L61: 19600
A62: DD0238 | B62: บจก.มันทนากาแฟสยาม(ดาวเรือง) | C62: สระบุรี | D62: เมืองสระบุรี | E62: 920.06 | F62: 2857.84 | G62: 904.64 | H62: 2860.41 | I62: 2780.74 | J62: 1852.97 | K62: 979.17 | L62: 13155.83
A63: DD0239 | B63: DD0239 หจก. นิคมเจริญผล | C63: สระบุรี | D63: หนองแค | E63: 4144.37 | F63: 3620.63 | G63: 5039.1 | H63: 4270.61 | I63: 4212.93 | J63: 5075.55 | K63: 1934.85 | L63: 28298.04
A64: DD0240 | B64: บจ.หงษ์ชวลิต | C64: สิงห์บุรี | D64: เมืองสิงห์บุรี | E64: 1439.75 | L64: 1439.75 | N64: หายเดือน 2
A65: DD0241 | B65: หจก.รวย รวย รวย 2020 | C65: สุพรรณบุรี | D65: ศรีประจันต์ | E65: 2961.55 | F65: 2940.29 | G65: 2979.77 | H65: 2320.67 | I65: 3450.6 | J65: 3936.54 | K65: 1819.45 | L65: 20408.87
A66: DD0242 | B66: บจ.หลักเมืองถาวรพาณิชย์ | C66: สุพรรณบุรี | D66: เมืองสุพรรณบุรี | E66: 4674.83 | F66: 6008.66 | G66: 9403.63 | H66: 7185.72 | I66: 5821.05 | J66: 8203.44 | K66: 2924.66 | L66: 44221.99
A67: DD0243 | B67: หจก.ด่านช้าง คาเฟ่ | C67: สุพรรณบุรี | D67: ด่านช้าง | E67: 7347.61 | F67: 5476.5 | G67: 5506.89 | H67: 5455.28 | I67: 6697.59 | J67: 5254.81 | K67: 2642.59 | L67: 38381.27
A68: DD0244 | B68: บจ.ภาณุสรณ์ 1991 | C68: สุพรรณบุรี | D68: ศรีประจันต์ | E68: 5133.36 | F68: 5904.86 | G68: 7265.39 | H68: 8486.14 | I68: 6669.15 | J68: 6797.65 | K68: 2860.41 | L68: 43116.96
A69: DD0245 | B69: หจก.ปิ่นวิเศษ | C69: สุพรรณบุรี | D69: สามชุก | E69: 4606.39 | F69: 3801.03 | G69: 3736.78 | H69: 5384.15 | I69: 3688.05 | J69: 4104.06 | K69: 1806.71 | L69: 27127.17
A70: DD0246 | B70: หจก.ภูวิดลเครื่องมือกล | C70: สุพรรณบุรี | D70: บางปลาม้า | E70: 2366.97 | F70: 781.28 | G70: 2261.6 | H70: 3202.22 | I70: 3323.01 | J70: 4790.48 | K70: 2359.26 | L70: 19084.82
A71: DD0247 | B71: หจก.คงทองทิพย์ 9999 | C71: สุพรรณบุรี | D71: อู่ทอง | E71: 5764.88 | F71: 5236.45 | G71: 5719.47 | H71: 4218.92 | I71: 4124.87 | J71: 5831.8 | K71: 1117.76 | L71: 32014.15
A72: DD0252 | B72: หจก.วีอาร์ ปิโตรเลียม วังน้อย | C72: พระนครศรีอยุธยา | D72: วังน้อย | E72: 4130.84 | F72: 2921.94 | G72: 6752.12 | H72: 4543.88 | I72: 7104.51 | J72: 5282.03 | L72: 30735.32 | N72: หายเดือน 7
A73: DD0253 | B73: บจ.ศ.มหาโภคาการปิโตรเลียม | C73: พระนครศรีอยุธยา | D73: บางปะหัน | E73: 874.74 | F73: 1706.99 | G73: 4057.9 | H73: 4777.71 | I73: 2335.75 | J73: 747.18 | K73: 1515.65 | L73: 16015.92
A74: DD0255 | B74: หจก.ไชโยปิโตรเลียม | C74: อ่างทอง | D74: ไชโย | E74: 12945.25 | F74: 6348.13 | G74: 9267.09 | H74: 7897.2 | I74: 8125.01 | J74: 9917.01 | K74: 4048.78 | L74: 58548.47
A75: DD0261 | B75: หจก.ปิ่น พัฒนโชติ | C75: เชียงราย | D75: แม่สาย | E75: 9971.6 | J75: 4011.77 | K75: 2269.31 | L75: 16252.68
A76: DD0262 | B76: หจก.เชียงรายกิตติรัตน์ | C76: เชียงราย | D76: เวียงป่าเป้า | E76: 5072.42 | F76: 4875 | G76: 6925.23 | H76: 4373.82 | I76: 5956.3 | J76: 4413.31 | K76: 2360.04 | L76: 33976.12
A77: DD0264 | B77: หจก.ทัพพ์ธิดา | C77: เชียงราย | D77: แม่สรวย | E77: 4170.39 | F77: 2885.54 | G77: 2800.51 | H77: 5078.54 | I77: 3969.89 | J77: 3821.05 | K77: 1968.23 | L77: 24694.15
A78: DD0268 | B78: หจก.วิชชุมนตร์ ฟู้ดแอนด์ดริ๊งส์ | C78: แพร่ | D78: เมืองแพร่ | E78: 3259.21 | F78: 3037.48 | H78: 1813.43 | J78: 853.52 | L78: 8963.64 | N78: หายเดือน 7
A79: DD0269 | B79: หจก.ไทยเสรี สบาย สบาย 39 | C79: กำแพงเพชร | D79: คลองขลุง | I79: 4112.69 | J79: 5856.09 | L79: 9968.78 | M79: ลูกค้าใหม่เดือน 5 | N79: หายเดือน 7
A80: DD0270 | B80: หจก.ธรรมรัตน์ คาเฟ่ | C80: กำแพงเพชร | D80: เมืองกำแพงเพชร | E80: 7927.73 | F80: 6509.24 | G80: 5622.38 | H80: 9048.53 | I80: 6178.14 | J80: 5543.36 | K80: 3395.86 | L80: 44225.24
A81: DD0271 | B81: บจ.ซันไรส์ เอ็กเพรส | C81: ชัยนาท | D81: เมืองชัยนาท | E81: 2748.91 | F81: 3490.05 | G81: 4486.34 | H81: 5643.67 | I81: 3669.29 | J81: 4124.91 | K81: 1491.41 | L81: 25654.58
A82: DD0272 | B82: DD0272 หจก.เอ.เค.เอส.เบฟเวอร์เรจ | C82: ชัยนาท | D82: มโนรมย์ | E82: 6205.32 | F82: 6393.66 | G82: 4218.88 | H82: 7550.84 | I82: 4795.98 | J82: 5442.93 | K82: 3046.51 | L82: 37654.12
A83: DD0276 | B83: บจ.อุตสาหกรรมแควใหญ่ | C83: นครสวรรค์ | D83: เมืองนครสวรรค์ | E83: 7824.35 | F83: 4920.6 | G83: 4738.35 | H83: 5436.95 | I83: 5682.94 | J83: 4398.2 | K83: 2126.2 | L83: 35127.59
A84: DD0279 | B84: หจก.พีแอนด์เอ (789) คอฟฟี่ | C84: นครสวรรค์ | D84: เมืองนครสวรรค์ | E84: 4197.78 | F84: 3742.14 | G84: 3939.56 | H84: 4015.5 | I84: 4212.94 | J84: 4343.55 | K84: 2436.04 | L84: 26887.51
A85: DD0280 | B85: บจ.พีพีพี กาแฟสด | C85: กำแพงเพชร | D85: ขาณุวรลักษบุรี | E85: 8224 | F85: 6335.05 | G85: 5751.66 | H85: 7954.15 | I85: 4219.94 | J85: 4240.5 | K85: 2063.71 | L85: 38789.01
A86: DD0282 | B86: บจ.ฟูแสงห้วยลาน | C86: พะเยา | D86: ดอกคำใต้ | E86: 5446.12 | F86: 4079.25 | G86: 4695.79 | H86: 8908.58 | I86: 4978.3 | J86: 4674.53 | K86: 2080.62 | L86: 34863.19
A87: DD0283 | B87: บจ.พี.บี.เดอ คาเฟ(2010) | C87: พะเยา | D87: ภูซาง | E87: 3636.55 | F87: 2184.5 | G87: 2934.94 | H87: 1459.76 | I87: 3610.85 | J87: 2898.96 | K87: 1423.78 | L87: 18149.34
A88: DD0284 | B88: หจก.ขนมคุณเล็ก | C88: พิจิตร | D88: เมืองพิจิตร | E88: 2554.5 | F88: 1287.87 | G88: 1072.18 | L88: 4914.55 | N88: หายเดือน 4
A89: DD0287 | B89: บจ.เอสที คอฟฟี่ | C89: พิษณุโลก | D89: เมืองพิษณุโลก | E89: 12574.68 | F89: 6442.35 | G89: 6129.5 | H89: 10278.51 | I89: 5528.09 | J89: 4458.94 | K89: 2268.93 | L89: 47681
A90: DD0289 | B90: หจก.ถาวรชัยลำปาง | C90: ลำปาง | D90: เมืองลำปาง | E90: 724.74 | F90: 1449.48 | G90: 724.74 | H90: 2174.22 | I90: 1452.05 | J90: 1467.47 | K90: 740.16 | L90: 8732.86
A91: DD0290 | B91: หจก.เอส ซี คอฟฟี่ | C91: ลำปาง | D91: เถิน | E91: 5066.44 | F91: 4182.44 | G91: 4285.76 | H91: 4197.68 | I91: 3860.51 | J91: 3972.88 | K91: 1588.57 | L91: 27154.28
A92: DD0291 | B92: หจก.ซีซี คอฟฟี่ | C92: ลำปาง | D92: เถิน | E92: 6342.01 | F92: 5488.53 | G92: 5081.54 | H92: 4884.15 | I92: 4267.52 | J92: 4076.21 | K92: 2053.29 | L92: 32193.25
A93: DD0297 | B93: ห้างหุ่นส่วนจำกัด เอส แอล พี คาเฟ่ | C93: สุโขทัย | D93: สวรรคโลก | E93: 3259.09 | F93: 2736.72 | G93: 3250.04 | H93: 1722.21 | I93: 2135.27 | J93: 5604.11 | K93: 2420.79 | L93: 21128.23
A94: DD0299 | B94: หจก.อุตรดิตถ์ออยล์ | C94: อุตรดิตถ์ | D94: เมืองอุตรดิตถ์ | E94: 5464.34 | F94: 6166.01 | G94: 4610.82 | H94: 6011.11 | I94: 4887.31 | J94: 3921.37 | K94: 1992.59 | L94: 33053.55
A95: DD0312 | B95: บจ.พี เอส วาย เซอร์วิส | C95: ขอนแก่น | D95: ชุมแพ | E95: 2919.04 | F95: 732.05 | G95: 1470.15 | H95: 2296.36 | I95: 1467.13 | J95: 738.12 | K95: 738.12 | L95: 10360.97
A96: DD0314 | B96: บจ.ปกฉัตร | C96: ขอนแก่น | D96: เมืองขอนแก่น | E96: 1694.87 | F96: 1588.55 | G96: 2314.51 | H96: 2524.08 | I96: 2390.44 | J96: 1612.85 | K96: 926.41 | L96: 13051.71
A97: DD0316 | B97: บจ.พีเอสวาย ชุมแพ | C97: ขอนแก่น | D97: ชุมแพ | E97: 5986.8 | F97: 3007.08 | G97: 4386.07 | H97: 6533.55 | I97: 4613.9 | J97: 5500.8 | K97: 4592.62 | L97: 34620.82
A98: DD0317 | B98: หจก.สมศักดิ์ ตุลยฉัตร | C98: ขอนแก่น | D98: น้ำพอง | E98: 3678.31 | F98: 3101.2 | G98: 3046.51 | H98: 3632.7 | I98: 2518 | J98: 4018.47 | K98: 1485.29 | L98: 21480.48
A99: DD0321 | B99: หจก.นพผดุงบริการ(1) | C99: นครพนม | D99: เมืองนครพนม | E99: 4310.22 | F99: 4003.44 | G99: 7584.61 | H99: 8726.64 | I99: 7706.13 | J99: 6743.23 | K99: 6986.26 | L99: 46060.53
A100: DD0323 | B100: หจก.หมงฮวดปิโตรเลียม | C100: นครพนม | D100: บ้านแพง | J100: 1819.42 | L100: 1819.42 | M100: ลูกค้าใหม่เดือน 6 | N100: หายเดือน 7
...

Sheet ร้านขายของฝาก
A1: รหัสสาขาใหม่ | B1: ชื่อสาขา_new | C1: จังหวัด1 | D1: อำเภอ2 | E1: 1 | F1: 2 | G1: 3 | H1: 4 | I1: 5 | J1: 6 | K1: 7 | L1: Grand Total | M1: ลูกค้าใหม่ | N1: ลูกค้าที่หายไป
A2: 000009 | B2: 000009 ร้าน บ้านขนมภูรุ้ง | C2: บุรีรัมย์ | D2: นางรอง | E2: 1625 | F2: 1170 | H2: 2580 | I2: 725 | J2: 1860 | K2: 1545 | L2: 9505 | M2: {=_xlfn.LET(_xlpm.sales,E2:K2,_xlpm.firstsale,IFERROR(_xlfn.XMATCH(TRUE,_xlpm.sales>0),0),IF(_xlpm.firstsale>1,"ลูกค้าใหม่เดือน "&INDEX($E$1:$K$1,1,_xlpm.firstsale),""))} | N2: {=IF(K2>0,"",IFERROR("หายเดือน "&INDEX($E$1:$K$1,1,LOOKUP(2,1/(E2:K2>0),COLUMN(E2:K2)-COLUMN(E2)+1)+1),""))}
A3: 000016 | B3: พนักงาน - บจก.วรรณวนัช เบเกอรี่ | C3: นครปฐม | D3: กำแพงแสน | E3: 28080 | F3: 13937 | G3: 23782 | H3: 21776 | I3: 19852 | J3: 26319 | K3: 11185 | L3: 144931 | M3: {=_xlfn.LET(_xlpm.sales,E3:K3,_xlpm.firstsale,IFERROR(_xlfn.XMATCH(TRUE,_xlpm.sales>0),0),IF(_xlpm.firstsale>1,"ลูกค้าใหม่เดือน "&INDEX($E$1:$K$1,1,_xlpm.firstsale),""))} | N3: {=IF(K3>0,"",IFERROR("หายเดือน "&INDEX($E$1:$K$1,1,LOOKUP(2,1/(E3:K3>0),COLUMN(E3:K3)-COLUMN(E3)+1)+1),""))}
A4: 00006 | B4: 00006 บริษัท สุขสมบูรณ์ (1999) จำกัด สุขสมบูรณ์เขาสวนกวาง | C4: อุดรธานี | D4: เมืองอุดรธานี | E4: 7105 | F4: 3670 | G4: 4130 | H4: 6000 | I4: 1720 | J4: 1764 | K4: 940 | L4: 25329 | M4: {=_xlfn.LET(_xlpm.sales,E4:K4,_xlpm.firstsale,IFERROR(_xlfn.XMATCH(TRUE,_xlpm.sales>0),0),IF(_xlpm.firstsale>1,"ลูกค้าใหม่เดือน "&INDEX($E$1:$K$1,1,_xlpm.firstsale),""))} | N4: {=IF(K4>0,"",IFERROR("หายเดือน "&INDEX($E$1:$K$1,1,LOOKUP(2,1/(E4:K4>0),COLUMN(E4:K4)-COLUMN(E4)+1)+1),""))}
A5: 01130 | B5: 01130 บริษัท เคเอเอ็น คาเฟ่ จำกัด | C5: กรุงเทพมหานคร | D5: ดอนเมือง | E5: 1690 | F5: 1640 | G5: 2550 | H5: 1720 | I5: 1585 | J5: 1015 | K5: 1675 | L5: 11875 | M5: {=_xlfn.LET(_xlpm.sales,E5:K5,_xlpm.firstsale,IFERROR(_xlfn.XMATCH(TRUE,_xlpm.sales>0),0),IF(_xlpm.firstsale>1,"ลูกค้าใหม่เดือน "&INDEX($E$1:$K$1,1,_xlpm.firstsale),""))} | N5: {=IF(K5>0,"",IFERROR("หายเดือน "&INDEX($E$1:$K$1,1,LOOKUP(2,1/(E5:K5>0),COLUMN(E5:K5)-COLUMN(E5)+1)+1),""))}
A6: 01132 | B6: 01132 ร้าน โรงพยาบาลธรรมศาสตร์ | C6: ปทุมธานี | D6: คลองหลวง | E6: 17545 | F6: 16305 | G6: 18090 | H6: 14360 | I6: 18210 | J6: 22035 | K6: 8330 | L6: 114875 | M6: {=_xlfn.LET(_xlpm.sales,E6:K6,_xlpm.firstsale,IFERROR(_xlfn.XMATCH(TRUE,_xlpm.sales>0),0),IF(_xlpm.firstsale>1,"ลูกค้าใหม่เดือน "&INDEX($E$1:$K$1,1,_xlpm.firstsale),""))} | N6: {=IF(K6>0,"",IFERROR("หายเดือน "&INDEX($E$1:$K$1,1,LOOKUP(2,1/(E6:K6>0),COLUMN(E6:K6)-COLUMN(E6)+1)+1),""))}
A7: 07890 | B7: 07890 ร้าน เสี่ยใหญ่หมูสด | C7: ราชบุรี | D7: โพธาราม | E7: 6750 | F7: 6450 | G7: 7075 | H7: 9300 | L7: 29575 | M7: {=_xlfn.LET(_xlpm.sales,E7:K7,_xlpm.firstsale,IFERROR(_xlfn.XMATCH(TRUE,_xlpm.sales>0),0),IF(_xlpm.firstsale>1,"ลูกค้าใหม่เดือน "&INDEX($E$1:$K$1,1,_xlpm.firstsale),""))} | N7: {=IF(K7>0,"",IFERROR("หายเดือน "&INDEX($E$1:$K$1,1,LOOKUP(2,1/(E7:K7>0),COLUMN(E7:K7)-COLUMN(E7)+1)+1),""))} -> หายเดือน 5
A8: 08186 | B8: 08186 บริษัท บี.เอส. เจนเนอเรชั่น จำกัด | C8: สมุทรสาคร | D8: เมืองสมุทรสาคร | E8: 1830 | F8: 1700 | G8: 1890 | H8: 2585 | L8: 8005 | M8: {=_xlfn.LET(_xlpm.sales,E8:K8,_xlpm.firstsale,IFERROR(_xlfn.XMATCH(TRUE,_xlpm.sales>0),0),IF(_xlpm.firstsale>1,"ลูกค้าใหม่เดือน "&INDEX($E$1:$K$1,1,_xlpm.firstsale),""))} | N8: {=IF(K8>0,"",IFERROR("หายเดือน "&INDEX($E$1:$K$1,1,LOOKUP(2,1/(E8:K8>0),COLUMN(E8:K8)-COLUMN(E8)+1)+1),""))} -> หายเดือน 5
A9: 10011 | B9: 10011 บริษัท สถานีอร่อย (ไทยแลนด์) จำกัด | C9: กรุงเทพมหานคร | D9: วัฒนา | E9: 25926 | F9: 17648 | G9: 19656 | H9: 17266 | I9: 15750 | J9: 14922 | K9: 13646 | L9: 124814 | M9: {=_xlfn.LET(_xlpm.sales,E9:K9,_xlpm.firstsale,IFERROR(_xlfn.XMATCH(TRUE,_xlpm.sales>0),0),IF(_xlpm.firstsale>1,"ลูกค้าใหม่เดือน "&INDEX($E$1:$K$1,1,_xlpm.firstsale),""))} | N9: {=IF(K9>0,"",IFERROR("หายเดือน "&INDEX($E$1:$K$1,1,LOOKUP(2,1/(E9:K9>0),COLUMN(E9:K9)-COLUMN(E9)+1)+1),""))}
A10: 10012 | B10: 10012 คุณ แดง | C10: กรุงเทพมหานคร | D10: บางคอแหลม | E10: 26737 | F10: 19222 | G10: 20429 | H10: 17662 | I10: 21908 | J10: 34343 | K10: 14005 | L10: 154306 | M10: {=_xlfn.LET(_xlpm.sales,E10:K10,_xlpm.firstsale,IFERROR(_xlfn.XMATCH(TRUE,_xlpm.sales>0),0),IF(_xlpm.firstsale>1,"ลูกค้าใหม่เดือน "&INDEX($E$1:$K$1,1,_xlpm.firstsale),""))} | N10: {=IF(K10>0,"",IFERROR("หายเดือน "&INDEX($E$1:$K$1,1,LOOKUP(2,1/(E10:K10>0),COLUMN(E10:K10)-COLUMN(E10)+1)+1),""))}
A11: 10015 | B11: 10015 ร้าน รักษ์บ้านเกิด | C11: นครปฐม | D11: สามพราน | E11: 535 | L11: 535 | M11: {=_xlfn.LET(_xlpm.sales,E11:K11,_xlpm.firstsale,IFERROR(_xlfn.XMATCH(TRUE,_xlpm.sales>0),0),IF(_xlpm.firstsale>1,"ลูกค้าใหม่เดือน "&INDEX($E$1:$K$1,1,_xlpm.firstsale),""))} | N11: {=IF(K11>0,"",IFERROR("หายเดือน "&INDEX($E$1:$K$1,1,LOOKUP(2,1/(E11:K11>0),COLUMN(E11:K11)-COLUMN(E11)+1)+1),""))} -> หายเดือน 2
A12: 100251 | B12: 100251 เจ้หมวย(น้องสาวเจ้) | C12: นครปฐม | D12: กำแพงแสน | E12: 1300 | F12: 1400 | G12: 1465 | H12: 1150 | I12: 700 | K12: 1600 | L12: 7615 | M12: {=_xlfn.LET(_xlpm.sales,E12:K12,_xlpm.firstsale,IFERROR(_xlfn.XMATCH(TRUE,_xlpm.sales>0),0),IF(_xlpm.firstsale>1,"ลูกค้าใหม่เดือน "&INDEX($E$1:$K$1,1,_xlpm.firstsale),""))} | N12: {=IF(K12>0,"",IFERROR("หายเดือน "&INDEX($E$1:$K$1,1,LOOKUP(2,1/(E12:K12>0),COLUMN(E12:K12)-COLUMN(E12)+1)+1),""))}
A13: 10027 | B13: 10027 ร้าน กิจเจริญ | C13: นครปฐม | D13: กำแพงแสน | E13: 35350 | F13: 14850 | G13: 14050 | H13: 16960 | I13: 8940 | J13: 20820 | K13: 7900 | L13: 118870 | M13: {=_xlfn.LET(_xlpm.sales,E13:K13,_xlpm.firstsale,IFERROR(_xlfn.XMATCH(TRUE,_xlpm.sales>0),0),IF(_xlpm.firstsale>1,"ลูกค้าใหม่เดือน "&INDEX($E$1:$K$1,1,_xlpm.firstsale),""))} | N13: {=IF(K13>0,"",IFERROR("หายเดือน "&INDEX($E$1:$K$1,1,LOOKUP(2,1/(E13:K13>0),COLUMN(E13:K13)-COLUMN(E13)+1)+1),""))}
A14: 10039 | B14: 10039 บริษัท ศรีฟ้าโฟรเซนฟู้ด จำกัด | C14: กาญจนบุรี | D14: ท่าม่วง | E14: 32050 | F14: 15705 | G14: 19005 | H14: 21975 | I14: 11260 | J14: 3325 | L14: 103320 | M14: {=_xlfn.LET(_xlpm.sales,E14:K14,_xlpm.firstsale,IFERROR(_xlfn.XMATCH(TRUE,_xlpm.sales>0),0),IF(_xlpm.firstsale>1,"ลูกค้าใหม่เดือน "&INDEX($E$1:$K$1,1,_xlpm.firstsale),""))} | N14: {=IF(K14>0,"",IFERROR("หายเดือน "&INDEX($E$1:$K$1,1,LOOKUP(2,1/(E14:K14>0),COLUMN(E14:K14)-COLUMN(E14)+1)+1),""))} -> หายเดือน 7
A15: 10046 | B15: 10046 บริษัท ศรีฟ้าโฟรเซนฟู้ด จำกัด | C15: กาญจนบุรี | D15: เมืองกาญจนบุรี | E15: 30775 | F15: 16275 | G15: 14450 | H15: 22675 | I15: 6550 | J15: 2100 | L15: 92825 | M15: {=_xlfn.LET(_xlpm.sales,E15:K15,_xlpm.firstsale,IFERROR(_xlfn.XMATCH(TRUE,_xlpm.sales>0),0),IF(_xlpm.firstsale>1,"ลูกค้าใหม่เดือน "&INDEX($E$1:$K$1,1,_xlpm.firstsale),""))} | N15: {=IF(K15>0,"",IFERROR("หายเดือน "&INDEX($E$1:$K$1,1,LOOKUP(2,1/(E15:K15>0),COLUMN(E15:K15)-COLUMN(E15)+1)+1),""))} -> หายเดือน 7
A16: 10048 | B16: 10048 บริษัท แม่พเยาว์ ไทยโปรดักส์ จำกัด | C16: กาญจนบุรี | D16: ท่าม่วง | E16: 4810 | F16: 1240 | G16: 1325 | L16: 7375 | M16: {=_xlfn.LET(_xlpm.sales,E16:K16,_xlpm.firstsale,IFERROR(_xlfn.XMATCH(TRUE,_xlpm.sales>0),0),IF(_xlpm.firstsale>1,"ลูกค้าใหม่เดือน "&INDEX($E$1:$K$1,1,_xlpm.firstsale),""))} | N16: {=IF(K16>0,"",IFERROR("หายเดือน "&INDEX($E$1:$K$1,1,LOOKUP(2,1/(E16:K16>0),COLUMN(E16:K16)-COLUMN(E16)+1)+1),""))} -> หายเดือน 4
A17: 10051 | B17: 10051 บริษัท วุ้นเส้นท่าเรือพระแท่น จำกัด | C17: กาญจนบุรี | D17: ท่ามะกา | E17: 7000 | F17: 3500 | G17: 5600 | H17: 5600 | I17: 4200 | J17: 4900 | K17: 2800 | L17: 33600 | M17: {=_xlfn.LET(_xlpm.sales,E17:K17,_xlpm.firstsale,IFERROR(_xlfn.XMATCH(TRUE,_xlpm.sales>0),0),IF(_xlpm.firstsale>1,"ลูกค้าใหม่เดือน "&INDEX($E$1:$K$1,1,_xlpm.firstsale),""))} | N17: {=IF(K17>0,"",IFERROR("หายเดือน "&INDEX($E$1:$K$1,1,LOOKUP(2,1/(E17:K17>0),COLUMN(E17:K17)-COLUMN(E17)+1)+1),""))}
A18: 10052 | B18: 10052 ร้าน ของฝากวุ้นเส้นท่าเรือพระแท่น | C18: กาญจนบุรี | D18: เมืองกาญจนบุรี | E18: 4200 | F18: 2800 | G18: 4200 | H18: 3500 | J18: 4200 | K18: 1400 | L18: 20300 | M18: {=_xlfn.LET(_xlpm.sales,E18:K18,_xlpm.firstsale,IFERROR(_xlfn.XMATCH(TRUE,_xlpm.sales>0),0),IF(_xlpm.firstsale>1,"ลูกค้าใหม่เดือน "&INDEX($E$1:$K$1,1,_xlpm.firstsale),""))} | N18: {=IF(K18>0,"",IFERROR("หายเดือน "&INDEX($E$1:$K$1,1,LOOKUP(2,1/(E18:K18>0),COLUMN(E18:K18)-COLUMN(E18)+1)+1),""))}
A19: 10062 | B19: 10062 บริษัท พรอำภา จำกัด | C19: พระนครศรีอยุธยา | D19: บางประอิน | E19: 2200 | F19: 1600 | G19: 1080 | H19: 1400 | I19: 3140 | J19: 1600 | K19: 800 | L19: 11820 | M19: {=_xlfn.LET(_xlpm.sales,E19:K19,_xlpm.firstsale,IFERROR(_xlfn.XMATCH(TRUE,_xlpm.sales>0),0),IF(_xlpm.firstsale>1,"ลูกค้าใหม่เดือน "&INDEX($E$1:$K$1,1,_xlpm.firstsale),""))} | N19: {=IF(K19>0,"",IFERROR("หายเดือน "&INDEX($E$1:$K$1,1,LOOKUP(2,1/(E19:K19>0),COLUMN(E19:K19)-COLUMN(E19)+1)+1),""))}
A20: 10064 | B20: 10064 ร้าน คุณตุ๊ก บิ๊กซีคลอง4 (ชาดาภัค6972) | C20: ปทุมธานี | D20: ลำลูกกา | E20: 6890 | F20: 4480 | G20: 5275 | H20: 7300 | I20: 4740 | J20: 7300 | K20: 2735 | L20: 38720 | M20: {=_xlfn.LET(_xlpm.sales,E20:K20,_xlpm.firstsale,IFERROR(_xlfn.XMATCH(TRUE,_xlpm.sales>0),0),IF(_xlpm.firstsale>1,"ลูกค้าใหม่เดือน "&INDEX($E$1:$K$1,1,_xlpm.firstsale),""))} | N20: {=IF(K20>0,"",IFERROR("หายเดือน "&INDEX($E$1:$K$1,1,LOOKUP(2,1/(E20:K20>0),COLUMN(E20:K20)-COLUMN(E20)+1)+1),""))}
A21: 10065 | B21: 10065 ร้าน ศรีสยาม (องครักษ์9842) | C21: นครนายก | D21: องครักษ์ | E21: 3350 | F21: 2300 | G21: 3150 | H21: 2000 | I21: 1500 | J21: 3750 | L21: 16050 | M21: {=_xlfn.LET(_xlpm.sales,E21:K21,_xlpm.firstsale,IFERROR(_xlfn.XMATCH(TRUE,_xlpm.sales>0),0),IF(_xlpm.firstsale>1,"ลูกค้าใหม่เดือน "&INDEX($E$1:$K$1,1,_xlpm.firstsale),""))} | N21: {=IF(K21>0,"",IFERROR("หายเดือน "&INDEX($E$1:$K$1,1,LOOKUP(2,1/(E21:K21>0),COLUMN(E21:K21)-COLUMN(E21)+1)+1),""))} -> หายเดือน 7
A22: 10067 | B22: 10067 คุณ ฝ้าย | C22: นครนายก | D22: บ้านนา | E22: 40450 | F22: 21300 | G22: 21800 | H22: 39100 | I22: 33600 | J22: 22850 | K22: 15450 | L22: 194550 | M22: {=_xlfn.LET(_xlpm.sales,E22:K22,_xlpm.firstsale,IFERROR(_xlfn.XMATCH(TRUE,_xlpm.sales>0),0),IF(_xlpm.firstsale>1,"ลูกค้าใหม่เดือน "&INDEX($E$1:$K$1,1,_xlpm.firstsale),""))} | N22: {=IF(K22>0,"",IFERROR("หายเดือน "&INDEX($E$1:$K$1,1,LOOKUP(2,1/(E22:K22>0),COLUMN(E22:K22)-COLUMN(E22)+1)+1),""))}
A23: 10068 | B23: 10068 ร้าน โลตัสคลอง6 (ลำลูกกาบ้านฟ้า) | C23: ปทุมธานี | D23: ลำลูกกา | E23: 6660 | F23: 4640 | G23: 5220 | H23: 8895 | I23: 4900 | J23: 7160 | K23: 2795 | L23: 40270 | M23: {=_xlfn.LET(_xlpm.sales,E23:K23,_xlpm.firstsale,IFERROR(_xlfn.XMATCH(TRUE,_xlpm.sales>0),0),IF(_xlpm.firstsale>1,"ลูกค้าใหม่เดือน "&INDEX($E$1:$K$1,1,_xlpm.firstsale),""))} | N23: {=IF(K23>0,"",IFERROR("หายเดือน "&INDEX($E$1:$K$1,1,LOOKUP(2,1/(E23:K23>0),COLUMN(E23:K23)-COLUMN(E23)+1)+1),""))}
A24: 10070 | B24: 10070 บริษัท พันธ์เจริญกรุ๊ป จำกัด (สำนักงานใหญ่) | C24: พระนครศรีอยุธยา | D24: วังน้อย | E24: 83475 | F24: 31150 | G24: 28575 | H24: 37925 | I24: 29025 | J24: 31205 | K24: 12235 | L24: 253590 | M24: {=_xlfn.LET(_xlpm.sales,E24:K24,_xlpm.firstsale,IFERROR(_xlfn.XMATCH(TRUE,_xlpm.sales>0),0),IF(_xlpm.firstsale>1,"ลูกค้าใหม่เดือน "&INDEX($E$1:$K$1,1,_xlpm.firstsale),""))} | N24: {=IF(K24>0,"",IFERROR("หายเดือน "&INDEX($E$1:$K$1,1,LOOKUP(2,1/(E24:K24>0),COLUMN(E24:K24)-COLUMN(E24)+1)+1),""))}
A25: 10071 | B25: 10071 บริษัท พันธ์เจริญกรุ๊ป จำกัด (สาขา00002) | C25: พระนครศรีอยุธยา | D25: วังน้อย | E25: 38465 | F25: 26395 | G25: 39245 | H25: 48115 | I25: 35665 | J25: 38088 | K25: 17395 | L25: 243368 | M25: {=_xlfn.LET(_xlpm.sales,E25:K25,_xlpm.firstsale,IFERROR(_xlfn.XMATCH(TRUE,_xlpm.sales>0),0),IF(_xlpm.firstsale>1,"ลูกค้าใหม่เดือน "&INDEX($E$1:$K$1,1,_xlpm.firstsale),""))} | N25: {=IF(K25>0,"",IFERROR("หายเดือน "&INDEX($E$1:$K$1,1,LOOKUP(2,1/(E25:K25>0),COLUMN(E25:K25)-COLUMN(E25)+1)+1),""))}
A26: 10072 | B26: 10072 บริษัท พันธ์เจริญกรุ๊ป จำกัด (สาขา00003) | C26: พระนครศรีอยุธยา | D26: วังน้อย | E26: 98950 | F26: 30025 | G26: 36325 | H26: 59850 | I26: 47850 | J26: 31750 | K26: 17240 | L26: 321990 | M26: {=_xlfn.LET(_xlpm.sales,E26:K26,_xlpm.firstsale,IFERROR(_xlfn.XMATCH(TRUE,_xlpm.sales>0),0),IF(_xlpm.firstsale>1,"ลูกค้าใหม่เดือน "&INDEX($E$1:$K$1,1,_xlpm.firstsale),""))} | N26: {=IF(K26>0,"",IFERROR("หายเดือน "&INDEX($E$1:$K$1,1,LOOKUP(2,1/(E26:K26>0),COLUMN(E26:K26)-COLUMN(E26)+1)+1),""))}
A27: 10073 | B27: 10073 บริษัท สยาม ออลล์ จำกัด (สาขา 00005) | C27: นครราชสีมา | D27: สีคิ้ว | E27: 2000 | F27: 1400 | G27: 1400 | H27: 1400 | I27: 1400 | J27: 1400 | L27: 9000 | M27: {=_xlfn.LET(_xlpm.sales,E27:K27,_xlpm.firstsale,IFERROR(_xlfn.XMATCH(TRUE,_xlpm.sales>0),0),IF(_xlpm.firstsale>1,"ลูกค้าใหม่เดือน "&INDEX($E$1:$K$1,1,_xlpm.firstsale),""))} | N27: {=IF(K27>0,"",IFERROR("หายเดือน "&INDEX($E$1:$K$1,1,LOOKUP(2,1/(E27:K27>0),COLUMN(E27:K27)-COLUMN(E27)+1)+1),""))} -> หายเดือน 7
A28: 10074 | B28: 10074 บริษัท สยาม ออลล์ จำกัด (สำนักงานใหญ่) | C28: นครราชสีมา | D28: ด่านขุนทด | E28: 1150 | F28: 700 | G28: 1100 | H28: 1050 | I28: 840 | J28: 840 | K28: 350 | L28: 6030 | M28: {=_xlfn.LET(_xlpm.sales,E28:K28,_xlpm.firstsale,IFERROR(_xlfn.XMATCH(TRUE,_xlpm.sales>0),0),IF(_xlpm.firstsale>1,"ลูกค้าใหม่เดือน "&INDEX($E$1:$K$1,1,_xlpm.firstsale),""))} | N28: {=IF(K28>0,"",IFERROR("หายเดือน "&INDEX($E$1:$K$1,1,LOOKUP(2,1/(E28:K28>0),COLUMN(E28:K28)-COLUMN(E28)+1)+1),""))}
A29: 10075 | B29: 10075 ปึงหงี่เชียง (ส.น.ญ ) | C29: นครราชสีมา | D29: เมืองนครราชสีมา | E29: 46895 | F29: 17375 | G29: 34900 | H29: 29400 | I29: 16350 | L29: 144920 | M29: {=_xlfn.LET(_xlpm.sales,E29:K29,_xlpm.firstsale,IFERROR(_xlfn.XMATCH(TRUE,_xlpm.sales>0),0),IF(_xlpm.firstsale>1,"ลูกค้าใหม่เดือน "&INDEX($E$1:$K$1,1,_xlpm.firstsale),""))} | N29: {=IF(K29>0,"",IFERROR("หายเดือน "&INDEX($E$1:$K$1,1,LOOKUP(2,1/(E29:K29>0),COLUMN(E29:K29)-COLUMN(E29)+1)+1),""))} -> หายเดือน 6
A30: 10078 | B30: 10078 บ.ไทยสงวนโภชนา จำกัด | C30: นครราชสีมา | D30: เมืองนครราชสีมา | E30: 116000 | F30: 81900 | G30: 106150 | H30: 140700 | I30: 105900 | J30: 100350 | K30: 40350 | L30: 691350 | M30: {=_xlfn.LET(_xlpm.sales,E30:K30,_xlpm.firstsale,IFERROR(_xlfn.XMATCH(TRUE,_xlpm.sales>0),0),IF(_xlpm.firstsale>1,"ลูกค้าใหม่เดือน "&INDEX($E$1:$K$1,1,_xlpm.firstsale),""))} | N30: {=IF(K30>0,"",IFERROR("หายเดือน "&INDEX($E$1:$K$1,1,LOOKUP(2,1/(E30:K30>0),COLUMN(E30:K30)-COLUMN(E30)+1)+1),""))}
A31: 10079 | B31: 10079 บริษัท น้ำมันสยามด่านขุนทด จำกัด (สำนักงานใหญ่) | C31: นครราชสีมา | D31: ด่านขุนทด | E31: 1350 | F31: 2750 | G31: 2750 | H31: 4800 | I31: 2050 | J31: 2750 | K31: 700 | L31: 17150 | M31: {=_xlfn.LET(_xlpm.sales,E31:K31,_xlpm.firstsale,IFERROR(_xlfn.XMATCH(TRUE,_xlpm.sales>0),0),IF(_xlpm.firstsale>1,"ลูกค้าใหม่เดือน "&INDEX($E$1:$K$1,1,_xlpm.firstsale),""))} | N31: {=IF(K31>0,"",IFERROR("หายเดือน "&INDEX($E$1:$K$1,1,LOOKUP(2,1/(E31:K31>0),COLUMN(E31:K31)-COLUMN(E31)+1)+1),""))}
A32: 10081 | B32: 10081 หจก. ชาดำปู 2011 | C32: ปทุมธานี | D32: สามโคก | E32: 1885 | F32: 2075 | G32: 1320 | H32: 2635 | I32: 3765 | J32: 3020 | K32: 1885 | L32: 16585 | M32: {=_xlfn.LET(_xlpm.sales,E32:K32,_xlpm.firstsale,IFERROR(_xlfn.XMATCH(TRUE,_xlpm.sales>0),0),IF(_xlpm.firstsale>1,"ลูกค้าใหม่เดือน "&INDEX($E$1:$K$1,1,_xlpm.firstsale),""))} | N32: {=IF(K32>0,"",IFERROR("หายเดือน "&INDEX($E$1:$K$1,1,LOOKUP(2,1/(E32:K32>0),COLUMN(E32:K32)-COLUMN(E32)+1)+1),""))}
A33: 10082 | B33: 10082 ของฝากผู้ใหญ่เกษม | C33: นครราชสีมา | D33: ปากช่อง | E33: 110125 | F33: 111925 | G33: 142950 | H33: 157475 | I33: 124050 | J33: 98150 | K33: 31750 | L33: 776425 | M33: {=_xlfn.LET(_xlpm.sales,E33:K33,_xlpm.firstsale,IFERROR(_xlfn.XMATCH(TRUE,_xlpm.sales>0),0),IF(_xlpm.firstsale>1,"ลูกค้าใหม่เดือน "&INDEX($E$1:$K$1,1,_xlpm.firstsale),""))} | N33: {=IF(K33>0,"",IFERROR("หายเดือน "&INDEX($E$1:$K$1,1,LOOKUP(2,1/(E33:K33>0),COLUMN(E33:K33)-COLUMN(E33)+1)+1),""))}
A34: 10083 | B34: 10083 หวาน หวาน มิลค์แลนด์ อาทิตย์ไฮเวย์ (ร้านนมมิลค์แลน์) | C34: นครราชสีมา | D34: เมืองนครราชสีมา | E34: 3649 | F34: 3436 | G34: 3938 | H34: 3081 | I34: 1901 | J34: 2807 | K34: 1463 | L34: 20275 | M34: {=_xlfn.LET(_xlpm.sales,E34:K34,_xlpm.firstsale,IFERROR(_xlfn.XMATCH(TRUE,_xlpm.sales>0),0),IF(_xlpm.firstsale>1,"ลูกค้าใหม่เดือน "&INDEX($E$1:$K$1,1,_xlpm.firstsale),""))} | N34: {=IF(K34>0,"",IFERROR("หายเดือน "&INDEX($E$1:$K$1,1,LOOKUP(2,1/(E34:K34>0),COLUMN(E34:K34)-COLUMN(E34)+1)+1),""))}
A35: 10090 | B35: 10090 ร้าน เพชรอำพร2 **โทรรับออเดอร์ทุกครั้ง 098-1535559** | C35: ราชบุรี | D35: ปากท่อ | E35: 7000 | F35: 2850 | G35: 4300 | H35: 6850 | I35: 3950 | J35: 5050 | K35: 2200 | L35: 32200 | M35: {=_xlfn.LET(_xlpm.sales,E35:K35,_xlpm.firstsale,IFERROR(_xlfn.XMATCH(TRUE,_xlpm.sales>0),0),IF(_xlpm.firstsale>1,"ลูกค้าใหม่เดือน "&INDEX($E$1:$K$1,1,_xlpm.firstsale),""))} | N35: {=IF(K35>0,"",IFERROR("หายเดือน "&INDEX($E$1:$K$1,1,LOOKUP(2,1/(E35:K35>0),COLUMN(E35:K35)-COLUMN(E35)+1)+1),""))}
A36: 10105 | B36: 10105 ร้าน กาแฟอินทผาลัม | C36: นนทบุรี | D36: ปากเกร็ด | F36: 3600 | H36: 3600 | J36: 3600 | L36: 10800 | M36: {=_xlfn.LET(_xlpm.sales,E36:K36,_xlpm.firstsale,IFERROR(_xlfn.XMATCH(TRUE,_xlpm.sales>0),0),IF(_xlpm.firstsale>1,"ลูกค้าใหม่เดือน "&INDEX($E$1:$K$1,1,_xlpm.firstsale),""))} -> ลูกค้าใหม่เดือน 2 | N36: {=IF(K36>0,"",IFERROR("หายเดือน "&INDEX($E$1:$K$1,1,LOOKUP(2,1/(E36:K36>0),COLUMN(E36:K36)-COLUMN(E36)+1)+1),""))} -> หายเดือน 7
A37: 10107 | B37: 10107 บริษัท เอกชัย สาลี่สุพรรณ จำกัด | C37: สุพรรณบุรี | D37: เมืองสุพรรณ | E37: 82300 | F37: 42800 | G37: 36400 | H37: 50000 | I37: 52650 | J37: 31150 | K37: 16900 | L37: 312200 | M37: {=_xlfn.LET(_xlpm.sales,E37:K37,_xlpm.firstsale,IFERROR(_xlfn.XMATCH(TRUE,_xlpm.sales>0),0),IF(_xlpm.firstsale>1,"ลูกค้าใหม่เดือน "&INDEX($E$1:$K$1,1,_xlpm.firstsale),""))} | N37: {=IF(K37>0,"",IFERROR("หายเดือน "&INDEX($E$1:$K$1,1,LOOKUP(2,1/(E37:K37>0),COLUMN(E37:K37)-COLUMN(E37)+1)+1),""))}
A38: 10108 | B38: 10108 บริษัท เอกชัย สาลี่สุพรรณ จำกัด | C38: สุพรรณบุรี | D38: เมืองสุพรรณ | E38: 8400 | F38: 9800 | G38: 5600 | H38: 14000 | I38: 12600 | J38: 9800 | K38: 2100 | L38: 62300 | M38: {=_xlfn.LET(_xlpm.sales,E38:K38,_xlpm.firstsale,IFERROR(_xlfn.XMATCH(TRUE,_xlpm.sales>0),0),IF(_xlpm.firstsale>1,"ลูกค้าใหม่เดือน "&INDEX($E$1:$K$1,1,_xlpm.firstsale),""))} | N38: {=IF(K38>0,"",IFERROR("หายเดือน "&INDEX($E$1:$K$1,1,LOOKUP(2,1/(E38:K38>0),COLUMN(E38:K38)-COLUMN(E38)+1)+1),""))}
A39: 10113 | B39: 10113 คุณ สุ2 | C39: พระนครศรีอยุธยา | D39: บางปะอิน | E39: 4530 | F39: 3630 | G39: 1970 | H39: 5545 | I39: 1815 | J39: 1620 | K39: 1825 | L39: 20935 | M39: {=_xlfn.LET(_xlpm.sales,E39:K39,_xlpm.firstsale,IFERROR(_xlfn.XMATCH(TRUE,_xlpm.sales>0),0),IF(_xlpm.firstsale>1,"ลูกค้าใหม่เดือน "&INDEX($E$1:$K$1,1,_xlpm.firstsale),""))} | N39: {=IF(K39>0,"",IFERROR("หายเดือน "&INDEX($E$1:$K$1,1,LOOKUP(2,1/(E39:K39>0),COLUMN(E39:K39)-COLUMN(E39)+1)+1),""))}
A40: 10114 | B40: 10114 ร้าน LOVE PATTY (2121) | C40: พระนครศรีอยุธยา | D40: เมืองพระนครศรีอยุธยา | E40: 10375 | G40: 3060 | H40: 3275 | I40: 3525 | J40: 3875 | K40: 1786 | L40: 25896 | M40: {=_xlfn.LET(_xlpm.sales,E40:K40,_xlpm.firstsale,IFERROR(_xlfn.XMATCH(TRUE,_xlpm.sales>0),0),IF(_xlpm.firstsale>1,"ลูกค้าใหม่เดือน "&INDEX($E$1:$K$1,1,_xlpm.firstsale),""))} | N40: {=IF(K40>0,"",IFERROR("หายเดือน "&INDEX($E$1:$K$1,1,LOOKUP(2,1/(E40:K40>0),COLUMN(E40:K40)-COLUMN(E40)+1)+1),""))}
A41: 10116 | B41: 10116 หสม. เอส.วี.วี.เอส | C41: พระนครศรีอยุธยา | D41: บางปะอิน | E41: 1450 | F41: 1240 | G41: 255 | L41: 2945 | M41: {=_xlfn.LET(_xlpm.sales,E41:K41,_xlpm.firstsale,IFERROR(_xlfn.XMATCH(TRUE,_xlpm.sales>0),0),IF(_xlpm.firstsale>1,"ลูกค้าใหม่เดือน "&INDEX($E$1:$K$1,1,_xlpm.firstsale),""))} | N41: {=IF(K41>0,"",IFERROR("หายเดือน "&INDEX($E$1:$K$1,1,LOOKUP(2,1/(E41:K41>0),COLUMN(E41:K41)-COLUMN(E41)+1)+1),""))} -> หายเดือน 4
A42: 10120 | B42: 10120 คุณ หนึ่ง | C42: พระนครศรีอยุธยา | D42: เมืองพระนครศรีอยุธยา | E42: 19650 | F42: 9450 | G42: 6150 | H42: 5710 | I42: 6350 | J42: 5350 | K42: 3250 | L42: 55910 | M42: {=_xlfn.LET(_xlpm.sales,E42:K42,_xlpm.firstsale,IFERROR(_xlfn.XMATCH(TRUE,_xlpm.sales>0),0),IF(_xlpm.firstsale>1,"ลูกค้าใหม่เดือน "&INDEX($E$1:$K$1,1,_xlpm.firstsale),""))} | N42: {=IF(K42>0,"",IFERROR("หายเดือน "&INDEX($E$1:$K$1,1,LOOKUP(2,1/(E42:K42>0),COLUMN(E42:K42)-COLUMN(E42)+1)+1),""))}
A43: 10121 | B43: 10121 ร้าน ของฝากปั๊ม ก.ม.94 | C43: สระบุรี | D43: หนองแค | E43: 10250 | F43: 12700 | G43: 6800 | H43: 16200 | I43: 9875 | J43: 7875 | K43: 3525 | L43: 67225 | M43: {=_xlfn.LET(_xlpm.sales,E43:K43,_xlpm.firstsale,IFERROR(_xlfn.XMATCH(TRUE,_xlpm.sales>0),0),IF(_xlpm.firstsale>1,"ลูกค้าใหม่เดือน "&INDEX($E$1:$K$1,1,_xlpm.firstsale),""))} | N43: {=IF(K43>0,"",IFERROR("หายเดือน "&INDEX($E$1:$K$1,1,LOOKUP(2,1/(E43:K43>0),COLUMN(E43:K43)-COLUMN(E43)+1)+1),""))}
A44: 10131 | B44: 10131 ร้าน อรุณรุ่ง 4 | C44: ฉะเชิงเทรา | D44: บางปะกง | E44: 2250 | F44: 2250 | G44: 2250 | H44: 2250 | I44: 2250 | L44: 11250 | M44: {=_xlfn.LET(_xlpm.sales,E44:K44,_xlpm.firstsale,IFERROR(_xlfn.XMATCH(TRUE,_xlpm.sales>0),0),IF(_xlpm.firstsale>1,"ลูกค้าใหม่เดือน "&INDEX($E$1:$K$1,1,_xlpm.firstsale),""))} | N44: {=IF(K44>0,"",IFERROR("หายเดือน "&INDEX($E$1:$K$1,1,LOOKUP(2,1/(E44:K44>0),COLUMN(E44:K44)-COLUMN(E44)+1)+1),""))} -> หายเดือน 6
A45: 10132 | B45: 10132 ร้าน อรุณรุ่ง 8 | C45: ชลบุรี | D45: บางปะกง | E45: 4750 | F45: 4000 | G45: 6000 | H45: 2000 | I45: 3000 | J45: 3000 | L45: 22750 | M45: {=_xlfn.LET(_xlpm.sales,E45:K45,_xlpm.firstsale,IFERROR(_xlfn.XMATCH(TRUE,_xlpm.sales>0),0),IF(_xlpm.firstsale>1,"ลูกค้าใหม่เดือน "&INDEX($E$1:$K$1,1,_xlpm.firstsale),""))} | N45: {=IF(K45>0,"",IFERROR("หายเดือน "&INDEX($E$1:$K$1,1,LOOKUP(2,1/(E45:K45>0),COLUMN(E45:K45)-COLUMN(E45)+1)+1),""))} -> หายเดือน 7
A46: 10133 | B46: 10133 ร้าน อรุณรุ่ง 5 | C46: ชลบุรี | D46: บางปะกง | E46: 2250 | F46: 750 | G46: 3750 | H46: 750 | J46: 2250 | L46: 9750 | M46: {=_xlfn.LET(_xlpm.sales,E46:K46,_xlpm.firstsale,IFERROR(_xlfn.XMATCH(TRUE,_xlpm.sales>0),0),IF(_xlpm.firstsale>1,"ลูกค้าใหม่เดือน "&INDEX($E$1:$K$1,1,_xlpm.firstsale),""))} | N46: {=IF(K46>0,"",IFERROR("หายเดือน "&INDEX($E$1:$K$1,1,LOOKUP(2,1/(E46:K46>0),COLUMN(E46:K46)-COLUMN(E46)+1)+1),""))} -> หายเดือน 7
A47: 10134 | B47: 10134 ร้าน อรุณรุ่ง 2 | C47: ชลบุรี | D47: บางปะกง | E47: 7000 | F47: 4625 | G47: 5875 | H47: 3750 | I47: 1000 | L47: 22250 | M47: {=_xlfn.LET(_xlpm.sales,E47:K47,_xlpm.firstsale,IFERROR(_xlfn.XMATCH(TRUE,_xlpm.sales>0),0),IF(_xlpm.firstsale>1,"ลูกค้าใหม่เดือน "&INDEX($E$1:$K$1,1,_xlpm.firstsale),""))} | N47: {=IF(K47>0,"",IFERROR("หายเดือน "&INDEX($E$1:$K$1,1,LOOKUP(2,1/(E47:K47>0),COLUMN(E47:K47)-COLUMN(E47)+1)+1),""))} -> หายเดือน 6
A48: 10135 | B48: 10135 ร้าน อรุณรุ่ง 9 | C48: ชลบุรี | D48: บางปะกง | E48: 1125 | F48: 1125 | G48: 1875 | H48: 1500 | I48: 1500 | J48: 375 | L48: 7500 | M48: {=_xlfn.LET(_xlpm.sales,E48:K48,_xlpm.firstsale,IFERROR(_xlfn.XMATCH(TRUE,_xlpm.sales>0),0),IF(_xlpm.firstsale>1,"ลูกค้าใหม่เดือน "&INDEX($E$1:$K$1,1,_xlpm.firstsale),""))} | N48: {=IF(K48>0,"",IFERROR("หายเดือน "&INDEX($E$1:$K$1,1,LOOKUP(2,1/(E48:K48>0),COLUMN(E48:K48)-COLUMN(E48)+1)+1),""))} -> หายเดือน 7
A49: 10138 | B49: 10138 บริษัท คอยน์ เวนดิ้ง จำกัด (สำนักงานใหญ่) | C49: เชียงใหม่ | D49: เมืองเชียงใหม่ | E49: 1770 | F49: 1445 | G49: 885 | H49: 2485 | I49: 1190 | J49: 700 | K49: 850 | L49: 9325 | M49: {=_xlfn.LET(_xlpm.sales,E49:K49,_xlpm.firstsale,IFERROR(_xlfn.XMATCH(TRUE,_xlpm.sales>0),0),IF(_xlpm.firstsale>1,"ลูกค้าใหม่เดือน "&INDEX($E$1:$K$1,1,_xlpm.firstsale),""))} | N49: {=IF(K49>0,"",IFERROR("หายเดือน "&INDEX($E$1:$K$1,1,LOOKUP(2,1/(E49:K49>0),COLUMN(E49:K49)-COLUMN(E49)+1)+1),""))}
A50: 10140 | B50: 10140 ร้าน ของฝากลุงเท่ง | C50: เพชรบุรี | D50: ชะอำ | E50: 89050 | F50: 61200 | G50: 50200 | H50: 100150 | I50: 70400 | J50: 61550 | K50: 13550 | L50: 446100 | M50: {=_xlfn.LET(_xlpm.sales,E50:K50,_xlpm.firstsale,IFERROR(_xlfn.XMATCH(TRUE,_xlpm.sales>0),0),IF(_xlpm.firstsale>1,"ลูกค้าใหม่เดือน "&INDEX($E$1:$K$1,1,_xlpm.firstsale),""))} | N50: {=IF(K50>0,"",IFERROR("หายเดือน "&INDEX($E$1:$K$1,1,LOOKUP(2,1/(E50:K50>0),COLUMN(E50:K50)-COLUMN(E50)+1)+1),""))}
A51: 10144 | B51: 10144 บริษัท พันธ์สุข 2008 จำกัด | C51: เพชรบุรี | D51: ชะอำ | E51: 23000 | F51: 21780 | G51: 34340 | H51: 50970 | I51: 73490 | J51: 27160 | K51: 17560 | L51: 248300 | M51: {=_xlfn.LET(_xlpm.sales,E51:K51,_xlpm.firstsale,IFERROR(_xlfn.XMATCH(TRUE,_xlpm.sales>0),0),IF(_xlpm.firstsale>1,"ลูกค้าใหม่เดือน "&INDEX($E$1:$K$1,1,_xlpm.firstsale),""))} | N51: {=IF(K51>0,"",IFERROR("หายเดือน "&INDEX($E$1:$K$1,1,LOOKUP(2,1/(E51:K51>0),COLUMN(E51:K51)-COLUMN(E51)+1)+1),""))}
A52: 10145 | B52: 10145 บริษัท ของฝากลุงเท่ง จำกัด | C52: เพชรบุรี | D52: ชะอำ | E52: 81950 | F52: 39300 | G52: 39050 | H52: 70050 | I52: 57300 | J52: 35400 | K52: 9650 | L52: 332700 | M52: {=_xlfn.LET(_xlpm.sales,E52:K52,_xlpm.firstsale,IFERROR(_xlfn.XMATCH(TRUE,_xlpm.sales>0),0),IF(_xlpm.firstsale>1,"ลูกค้าใหม่เดือน "&INDEX($E$1:$K$1,1,_xlpm.firstsale),""))} | N52: {=IF(K52>0,"",IFERROR("หายเดือน "&INDEX($E$1:$K$1,1,LOOKUP(2,1/(E52:K52>0),COLUMN(E52:K52)-COLUMN(E52)+1)+1),""))}
A53: 10147 | B53: 10147 ร้าน ของฝากแม่กิมไล้ สาขาบ้านลาด | C53: เพชรบุรี | D53: บ้านลาด | E53: 16500 | F53: 6750 | G53: 12750 | H53: 18750 | I53: 34500 | J53: 3000 | K53: 2625 | L53: 94875 | M53: {=_xlfn.LET(_xlpm.sales,E53:K53,_xlpm.firstsale,IFERROR(_xlfn.XMATCH(TRUE,_xlpm.sales>0),0),IF(_xlpm.firstsale>1,"ลูกค้าใหม่เดือน "&INDEX($E$1:$K$1,1,_xlpm.firstsale),""))} | N53: {=IF(K53>0,"",IFERROR("หายเดือน "&INDEX($E$1:$K$1,1,LOOKUP(2,1/(E53:K53>0),COLUMN(E53:K53)-COLUMN(E53)+1)+1),""))}
A54: 10148 | B54: 10148 ร้าน ของฝากชิดชนก | C54: เพชรบุรี | D54: บ้านลาด | E54: 5600 | F54: 2800 | G54: 6300 | H54: 7000 | I54: 7090 | J54: 2800 | L54: 31590 | M54: {=_xlfn.LET(_xlpm.sales,E54:K54,_xlpm.firstsale,IFERROR(_xlfn.XMATCH(TRUE,_xlpm.sales>0),0),IF(_xlpm.firstsale>1,"ลูกค้าใหม่เดือน "&INDEX($E$1:$K$1,1,_xlpm.firstsale),""))} | N54: {=IF(K54>0,"",IFERROR("หายเดือน "&INDEX($E$1:$K$1,1,LOOKUP(2,1/(E54:K54>0),COLUMN(E54:K54)-COLUMN(E54)+1)+1),""))} -> หายเดือน 7
A55: 10151 | B55: 10151 ร้าน บ้านขนมธีระวรรณ | C55: เพชรบุรี | D55: ท่ายาง | E55: 1230 | F55: 1620 | L55: 2850 | M55: {=_xlfn.LET(_xlpm.sales,E55:K55,_xlpm.firstsale,IFERROR(_xlfn.XMATCH(TRUE,_xlpm.sales>0),0),IF(_xlpm.firstsale>1,"ลูกค้าใหม่เดือน "&INDEX($E$1:$K$1,1,_xlpm.firstsale),""))} | N55: {=IF(K55>0,"",IFERROR("หายเดือน "&INDEX($E$1:$K$1,1,LOOKUP(2,1/(E55:K55>0),COLUMN(E55:K55)-COLUMN(E55)+1)+1),""))} -> หายเดือน 3
A56: 10152 | B56: 10152 บริษัท สราญรมย์ ฟู้ดส์ จำกัด | C56: นครนายก | D56: เมืองนครนายก | E56: 83275 | F56: 64400 | G56: 76275 | H56: 126095 | I56: 107075 | J56: 99475 | K56: 56925 | L56: 613520 | M56: {=_xlfn.LET(_xlpm.sales,E56:K56,_xlpm.firstsale,IFERROR(_xlfn.XMATCH(TRUE,_xlpm.sales>0),0),IF(_xlpm.firstsale>1,"ลูกค้าใหม่เดือน "&INDEX($E$1:$K$1,1,_xlpm.firstsale),""))} | N56: {=IF(K56>0,"",IFERROR("หายเดือน "&INDEX($E$1:$K$1,1,LOOKUP(2,1/(E56:K56>0),COLUMN(E56:K56)-COLUMN(E56)+1)+1),""))}
A57: 10153 | B57: 10153 หจก.วีรชัยหล่มสักเซอร์วิส จำกัด | C57: เพชรบูรณ์ | D57: หล่มสัก | E57: 3262 | F57: 1510 | G57: 3377 | H57: 1740 | I57: 3100 | J57: 2065 | L57: 15054 | M57: {=_xlfn.LET(_xlpm.sales,E57:K57,_xlpm.firstsale,IFERROR(_xlfn.XMATCH(TRUE,_xlpm.sales>0),0),IF(_xlpm.firstsale>1,"ลูกค้าใหม่เดือน "&INDEX($E$1:$K$1,1,_xlpm.firstsale),""))} | N57: {=IF(K57>0,"",IFERROR("หายเดือน "&INDEX($E$1:$K$1,1,LOOKUP(2,1/(E57:K57>0),COLUMN(E57:K57)-COLUMN(E57)+1)+1),""))} -> หายเดือน 7
A58: 10154 | B58: 10154 ร้านแม่ศรีเพ็ญ (ของฝากลำปาง) | C58: ลำปาง | D58: เมืองลำปาง | E58: 3200 | H58: 5350 | J58: 6150 | L58: 14700 | M58: {=_xlfn.LET(_xlpm.sales,E58:K58,_xlpm.firstsale,IFERROR(_xlfn.XMATCH(TRUE,_xlpm.sales>0),0),IF(_xlpm.firstsale>1,"ลูกค้าใหม่เดือน "&INDEX($E$1:$K$1,1,_xlpm.firstsale),""))} | N58: {=IF(K58>0,"",IFERROR("หายเดือน "&INDEX($E$1:$K$1,1,LOOKUP(2,1/(E58:K58>0),COLUMN(E58:K58)-COLUMN(E58)+1)+1),""))} -> หายเดือน 7
A59: 10158 | B59: 10158 ร้าน เฮง ขนมหวานเมืองเพชร | C59: เพชรบุรี | D59: ท่ายาง | E59: 11250 | F59: 4125 | G59: 4125 | H59: 13500 | I59: 7500 | J59: 4500 | K59: 3375 | L59: 48375 | M59: {=_xlfn.LET(_xlpm.sales,E59:K59,_xlpm.firstsale,IFERROR(_xlfn.XMATCH(TRUE,_xlpm.sales>0),0),IF(_xlpm.firstsale>1,"ลูกค้าใหม่เดือน "&INDEX($E$1:$K$1,1,_xlpm.firstsale),""))} | N59: {=IF(K59>0,"",IFERROR("หายเดือน "&INDEX($E$1:$K$1,1,LOOKUP(2,1/(E59:K59>0),COLUMN(E59:K59)-COLUMN(E59)+1)+1),""))}
A60: 10170 | B60: 10170 ร้านหมูยอแม่ถ้วน (ปั๊มน้ำมัน บึงเนียม) | C60: ขอนแก่น | D60: เมืองขอนแก่น | E60: 9850 | F60: 7525 | G60: 7525 | H60: 8800 | I60: 4725 | J60: 3125 | K60: 2000 | L60: 43550 | M60: {=_xlfn.LET(_xlpm.sales,E60:K60,_xlpm.firstsale,IFERROR(_xlfn.XMATCH(TRUE,_xlpm.sales>0),0),IF(_xlpm.firstsale>1,"ลูกค้าใหม่เดือน "&INDEX($E$1:$K$1,1,_xlpm.firstsale),""))} | N60: {=IF(K60>0,"",IFERROR("หายเดือน "&INDEX($E$1:$K$1,1,LOOKUP(2,1/(E60:K60>0),COLUMN(E60:K60)-COLUMN(E60)+1)+1),""))}
A61: 10171 | B61: 10171 ร้าน ส.เสถียรศักดิ์ (สาขาหน้าโรงงานน้ำตาล) | C61: อุดรธานี | D61: กุมภวาปี | E61: 4325 | F61: 1600 | G61: 2400 | H61: 1600 | I61: 2000 | J61: 725 | L61: 12650 | M61: {=_xlfn.LET(_xlpm.sales,E61:K61,_xlpm.firstsale,IFERROR(_xlfn.XMATCH(TRUE,_xlpm.sales>0),0),IF(_xlpm.firstsale>1,"ลูกค้าใหม่เดือน "&INDEX($E$1:$K$1,1,_xlpm.firstsale),""))} | N61: {=IF(K61>0,"",IFERROR("หายเดือน "&INDEX($E$1:$K$1,1,LOOKUP(2,1/(E61:K61>0),COLUMN(E61:K61)-COLUMN(E61)+1)+1),""))} -> หายเดือน 7
A62: 10176 | B62: 10176 บริษัท เอ็มทูที จำกัด | C62: ปทุมธานี | D62: ธัญบุรี | E62: 3005 | F62: 3315 | G62: 1540 | H62: 2740 | I62: 1875 | J62: 1795 | K62: 1885 | L62: 16155 | M62: {=_xlfn.LET(_xlpm.sales,E62:K62,_xlpm.firstsale,IFERROR(_xlfn.XMATCH(TRUE,_xlpm.sales>0),0),IF(_xlpm.firstsale>1,"ลูกค้าใหม่เดือน "&INDEX($E$1:$K$1,1,_xlpm.firstsale),""))} | N62: {=IF(K62>0,"",IFERROR("หายเดือน "&INDEX($E$1:$K$1,1,LOOKUP(2,1/(E62:K62>0),COLUMN(E62:K62)-COLUMN(E62)+1)+1),""))}
A63: 10181 | B63: 10181 ร้าน เค อาร์ เบเกอรี่ | C63: เชียงใหม่ | D63: สันกำแพง | E63: 2180 | L63: 2180 | M63: {=_xlfn.LET(_xlpm.sales,E63:K63,_xlpm.firstsale,IFERROR(_xlfn.XMATCH(TRUE,_xlpm.sales>0),0),IF(_xlpm.firstsale>1,"ลูกค้าใหม่เดือน "&INDEX($E$1:$K$1,1,_xlpm.firstsale),""))} | N63: {=IF(K63>0,"",IFERROR("หายเดือน "&INDEX($E$1:$K$1,1,LOOKUP(2,1/(E63:K63>0),COLUMN(E63:K63)-COLUMN(E63)+1)+1),""))} -> หายเดือน 2
A64: 10186 | B64: 10186 ร้าน ทองพันช่าง | C64: ลพบุรี | D64: ท่าวุ้ง | E64: 14000 | F64: 5950 | G64: 5950 | H64: 17500 | I64: 10500 | J64: 8750 | K64: 4200 | L64: 66850 | M64: {=_xlfn.LET(_xlpm.sales,E64:K64,_xlpm.firstsale,IFERROR(_xlfn.XMATCH(TRUE,_xlpm.sales>0),0),IF(_xlpm.firstsale>1,"ลูกค้าใหม่เดือน "&INDEX($E$1:$K$1,1,_xlpm.firstsale),""))} | N64: {=IF(K64>0,"",IFERROR("หายเดือน "&INDEX($E$1:$K$1,1,LOOKUP(2,1/(E64:K64>0),COLUMN(E64:K64)-COLUMN(E64)+1)+1),""))}
A65: 10187 | B65: 10187 ร้าน ปึงหงี่เชียง | C65: ชัยนาท | D65: มโนรมย์ | E65: 15400 | F65: 4200 | G65: 5600 | H65: 11200 | I65: 7700 | J65: 5600 | K65: 1400 | L65: 51100 | M65: {=_xlfn.LET(_xlpm.sales,E65:K65,_xlpm.firstsale,IFERROR(_xlfn.XMATCH(TRUE,_xlpm.sales>0),0),IF(_xlpm.firstsale>1,"ลูกค้าใหม่เดือน "&INDEX($E$1:$K$1,1,_xlpm.firstsale),""))} | N65: {=IF(K65>0,"",IFERROR("หายเดือน "&INDEX($E$1:$K$1,1,LOOKUP(2,1/(E65:K65>0),COLUMN(E65:K65)-COLUMN(E65)+1)+1),""))}
A66: 10188 | B66: 10188 คุณวิภาวรรณ สุขขี(ปูเป้) | C66: พระนครศรีอยุธยา | D66: บางปะอิน | E66: 7850 | F66: 17050 | G66: 14750 | H66: 23250 | I66: 17550 | J66: 11200 | K66: 8750 | L66: 100400 | M66: {=_xlfn.LET(_xlpm.sales,E66:K66,_xlpm.firstsale,IFERROR(_xlfn.XMATCH(TRUE,_xlpm.sales>0),0),IF(_xlpm.firstsale>1,"ลูกค้าใหม่เดือน "&INDEX($E$1:$K$1,1,_xlpm.firstsale),""))} | N66: {=IF(K66>0,"",IFERROR("หายเดือน "&INDEX($E$1:$K$1,1,LOOKUP(2,1/(E66:K66>0),COLUMN(E66:K66)-COLUMN(E66)+1)+1),""))}
A67: 10190 | B67: 10190 ร้านแสนหวาน ขนมของฝาก | C67: นครสวรรค์ | D67: ตาคลี | E67: 70730 | F67: 46085 | G67: 46785 | H67: 115500 | I67: 50570 | J67: 31904 | K67: 16120 | L67: 377694 | M67: {=_xlfn.LET(_xlpm.sales,E67:K67,_xlpm.firstsale,IFERROR(_xlfn.XMATCH(TRUE,_xlpm.sales>0),0),IF(_xlpm.firstsale>1,"ลูกค้าใหม่เดือน "&INDEX($E$1:$K$1,1,_xlpm.firstsale),""))} | N67: {=IF(K67>0,"",IFERROR("หายเดือน "&INDEX($E$1:$K$1,1,LOOKUP(2,1/(E67:K67>0),COLUMN(E67:K67)-COLUMN(E67)+1)+1),""))}
A68: 10197 | B68: 10197 คุณปาล์ม บุญกุศล | C68: นครปฐม | D68: เมือง | E68: 27956.6 | F68: 25758.8 | G68: 25834.4 | H68: 24027 | I68: 21434.1 | J68: 33901.8 | K68: 20951.1 | L68: 179863.8 | M68: {=_xlfn.LET(_xlpm.sales,E68:K68,_xlpm.firstsale,IFERROR(_xlfn.XMATCH(TRUE,_xlpm.sales>0),0),IF(_xlpm.firstsale>1,"ลูกค้าใหม่เดือน "&INDEX($E$1:$K$1,1,_xlpm.firstsale),""))} | N68: {=IF(K68>0,"",IFERROR("หายเดือน "&INDEX($E$1:$K$1,1,LOOKUP(2,1/(E68:K68>0),COLUMN(E68:K68)-COLUMN(E68)+1)+1),""))}
A69: 10220 | B69: 10220 ร้าน พรชัย | C69: นครปฐม | D69: เมืองนครปฐม | E69: 43854 | F69: 34840 | G69: 36580 | H69: 25880 | I69: 28700 | J69: 35500 | K69: 17240 | L69: 222594 | M69: {=_xlfn.LET(_xlpm.sales,E69:K69,_xlpm.firstsale,IFERROR(_xlfn.XMATCH(TRUE,_xlpm.sales>0),0),IF(_xlpm.firstsale>1,"ลูกค้าใหม่เดือน "&INDEX($E$1:$K$1,1,_xlpm.firstsale),""))} | N69: {=IF(K69>0,"",IFERROR("หายเดือน "&INDEX($E$1:$K$1,1,LOOKUP(2,1/(E69:K69>0),COLUMN(E69:K69)-COLUMN(E69)+1)+1),""))}
A70: 10237 | B70: 10237 ร้าน ข้าวแกงร้อยหม้อ | C70: สิงห์บุรี | D70: พรหมบุรี | E70: 7700 | F70: 2100 | G70: 7700 | H70: 12250 | I70: 6300 | J70: 4200 | L70: 40250 | M70: {=_xlfn.LET(_xlpm.sales,E70:K70,_xlpm.firstsale,IFERROR(_xlfn.XMATCH(TRUE,_xlpm.sales>0),0),IF(_xlpm.firstsale>1,"ลูกค้าใหม่เดือน "&INDEX($E$1:$K$1,1,_xlpm.firstsale),""))} | N70: {=IF(K70>0,"",IFERROR("หายเดือน "&INDEX($E$1:$K$1,1,LOOKUP(2,1/(E70:K70>0),COLUMN(E70:K70)-COLUMN(E70)+1)+1),""))} -> หายเดือน 7
A71: 10238 | B71: 10238 คุณ สุ | C71: พระนครศรีอยุธยา | D71: เมืองพระนครศรีอยุธยา | E71: 4260 | F71: 2405 | G71: 4160 | H71: 5980 | I71: 4185 | J71: 2820 | K71: 1930 | L71: 25740 | M71: {=_xlfn.LET(_xlpm.sales,E71:K71,_xlpm.firstsale,IFERROR(_xlfn.XMATCH(TRUE,_xlpm.sales>0),0),IF(_xlpm.firstsale>1,"ลูกค้าใหม่เดือน "&INDEX($E$1:$K$1,1,_xlpm.firstsale),""))} | N71: {=IF(K71>0,"",IFERROR("หายเดือน "&INDEX($E$1:$K$1,1,LOOKUP(2,1/(E71:K71>0),COLUMN(E71:K71)-COLUMN(E71)+1)+1),""))}
A72: 10246 | B72: 10246 ร้านกาแฟเหมือนฝัน | C72: เพชรบูรณ์ | D72: เมือง | E72: 5330 | F72: 3980 | G72: 4940 | H72: 4890 | I72: 5790 | J72: 4490 | K72: 2220 | L72: 31640 | M72: {=_xlfn.LET(_xlpm.sales,E72:K72,_xlpm.firstsale,IFERROR(_xlfn.XMATCH(TRUE,_xlpm.sales>0),0),IF(_xlpm.firstsale>1,"ลูกค้าใหม่เดือน "&INDEX($E$1:$K$1,1,_xlpm.firstsale),""))} | N72: {=IF(K72>0,"",IFERROR("หายเดือน "&INDEX($E$1:$K$1,1,LOOKUP(2,1/(E72:K72>0),COLUMN(E72:K72)-COLUMN(E72)+1)+1),""))}
A73: 10251 | B73: 10251 ร้าน ทองพันช่าง 3 | C73: ชลบุรี | D73: บ้านบึง | E73: 1050 | K73: 2100 | L73: 3150 | M73: {=_xlfn.LET(_xlpm.sales,E73:K73,_xlpm.firstsale,IFERROR(_xlfn.XMATCH(TRUE,_xlpm.sales>0),0),IF(_xlpm.firstsale>1,"ลูกค้าใหม่เดือน "&INDEX($E$1:$K$1,1,_xlpm.firstsale),""))} | N73: {=IF(K73>0,"",IFERROR("หายเดือน "&INDEX($E$1:$K$1,1,LOOKUP(2,1/(E73:K73>0),COLUMN(E73:K73)-COLUMN(E73)+1)+1),""))}
A74: 10255 | B74: 10255 จ่าวิรัช | C74: นครสวรรค์ | D74: พยุหะคีรี | E74: 40220 | F74: 42800 | G74: 20150 | H74: 44420 | I74: 36470 | J74: 21880 | K74: 13140 | L74: 219080 | M74: {=_xlfn.LET(_xlpm.sales,E74:K74,_xlpm.firstsale,IFERROR(_xlfn.XMATCH(TRUE,_xlpm.sales>0),0),IF(_xlpm.firstsale>1,"ลูกค้าใหม่เดือน "&INDEX($E$1:$K$1,1,_xlpm.firstsale),""))} | N74: {=IF(K74>0,"",IFERROR("หายเดือน "&INDEX($E$1:$K$1,1,LOOKUP(2,1/(E74:K74>0),COLUMN(E74:K74)-COLUMN(E74)+1)+1),""))}
A75: 10256 | B75: 10256 ร้านจ่าวิรัช (สาขาเรือนไทย) | C75: นครสวรรค์ | D75: พยุหะคีรี | E75: 24250 | F75: 18760 | G75: 19400 | H75: 32650 | I75: 36860 | J75: 19400 | K75: 9700 | L75: 161020 | M75: {=_xlfn.LET(_xlpm.sales,E75:K75,_xlpm.firstsale,IFERROR(_xlfn.XMATCH(TRUE,_xlpm.sales>0),0),IF(_xlpm.firstsale>1,"ลูกค้าใหม่เดือน "&INDEX($E$1:$K$1,1,_xlpm.firstsale),""))} | N75: {=IF(K75>0,"",IFERROR("หายเดือน "&INDEX($E$1:$K$1,1,LOOKUP(2,1/(E75:K75>0),COLUMN(E75:K75)-COLUMN(E75)+1)+1),""))}
A76: 10257 | B76: 10257 บริษัท ผลบุญทรัพย์ทวีออยล์ จำกัด | C76: นครปฐม | D76: เมืองนครปฐม | E76: 4635 | F76: 3110 | G76: 4735 | H76: 7080 | I76: 6850 | J76: 4690 | K76: 3740 | L76: 34840 | M76: {=_xlfn.LET(_xlpm.sales,E76:K76,_xlpm.firstsale,IFERROR(_xlfn.XMATCH(TRUE,_xlpm.sales>0),0),IF(_xlpm.firstsale>1,"ลูกค้าใหม่เดือน "&INDEX($E$1:$K$1,1,_xlpm.firstsale),""))} | N76: {=IF(K76>0,"",IFERROR("หายเดือน "&INDEX($E$1:$K$1,1,LOOKUP(2,1/(E76:K76>0),COLUMN(E76:K76)-COLUMN(E76)+1)+1),""))}
A77: 10261 | B77: 10261 คุณชมพู่ | C77: นครปฐม | D77: นครชัยศรี | F77: 10245 | G77: 17420 | H77: 20555 | I77: 8855 | J77: 19650 | K77: 4775 | L77: 81500 | M77: {=_xlfn.LET(_xlpm.sales,E77:K77,_xlpm.firstsale,IFERROR(_xlfn.XMATCH(TRUE,_xlpm.sales>0),0),IF(_xlpm.firstsale>1,"ลูกค้าใหม่เดือน "&INDEX($E$1:$K$1,1,_xlpm.firstsale),""))} -> ลูกค้าใหม่เดือน 2 | N77: {=IF(K77>0,"",IFERROR("หายเดือน "&INDEX($E$1:$K$1,1,LOOKUP(2,1/(E77:K77>0),COLUMN(E77:K77)-COLUMN(E77)+1)+1),""))}
A78: 10266 | B78: 10266 บริษัท อ้อน้อย คาเฟ่ จำกัด | C78: นครปฐม | D78: กำแพงแสน | E78: 1240 | F78: 360 | G78: 600 | H78: 360 | J78: 600 | K78: 880 | L78: 4040 | M78: {=_xlfn.LET(_xlpm.sales,E78:K78,_xlpm.firstsale,IFERROR(_xlfn.XMATCH(TRUE,_xlpm.sales>0),0),IF(_xlpm.firstsale>1,"ลูกค้าใหม่เดือน "&INDEX($E$1:$K$1,1,_xlpm.firstsale),""))} | N78: {=IF(K78>0,"",IFERROR("หายเดือน "&INDEX($E$1:$K$1,1,LOOKUP(2,1/(E78:K78>0),COLUMN(E78:K78)-COLUMN(E78)+1)+1),""))}
A79: 10274 | B79: 10274 อินทนิล รพ.นครปฐม | C79: นครปฐม | D79: เมือง | E79: 15545 | F79: 12030 | G79: 12675 | H79: 12695 | I79: 13420 | J79: 9545 | K79: 6790 | L79: 82700 | M79: {=_xlfn.LET(_xlpm.sales,E79:K79,_xlpm.firstsale,IFERROR(_xlfn.XMATCH(TRUE,_xlpm.sales>0),0),IF(_xlpm.firstsale>1,"ลูกค้าใหม่เดือน "&INDEX($E$1:$K$1,1,_xlpm.firstsale),""))} | N79: {=IF(K79>0,"",IFERROR("หายเดือน "&INDEX($E$1:$K$1,1,LOOKUP(2,1/(E79:K79>0),COLUMN(E79:K79)-COLUMN(E79)+1)+1),""))}
A80: 10294 | B80: 10294 คุณชุลีพร คำบัว | C80: ปทุมธานี | D80: ธัญบุรี | E80: 4100 | F80: 6150 | J80: 3450 | L80: 13700 | M80: {=_xlfn.LET(_xlpm.sales,E80:K80,_xlpm.firstsale,IFERROR(_xlfn.XMATCH(TRUE,_xlpm.sales>0),0),IF(_xlpm.firstsale>1,"ลูกค้าใหม่เดือน "&INDEX($E$1:$K$1,1,_xlpm.firstsale),""))} | N80: {=IF(K80>0,"",IFERROR("หายเดือน "&INDEX($E$1:$K$1,1,LOOKUP(2,1/(E80:K80>0),COLUMN(E80:K80)-COLUMN(E80)+1)+1),""))} -> หายเดือน 7
A81: 10309 | B81: 10309 บริษัท ณ นนท์ คอฟฟี่ จำกัด | C81: นนทบุรี | D81: เมืองนนทบุรี | E81: 2529 | F81: 2529 | G81: 2654 | H81: 2429 | I81: 2457 | J81: 2478 | K81: 1014 | L81: 16090 | M81: {=_xlfn.LET(_xlpm.sales,E81:K81,_xlpm.firstsale,IFERROR(_xlfn.XMATCH(TRUE,_xlpm.sales>0),0),IF(_xlpm.firstsale>1,"ลูกค้าใหม่เดือน "&INDEX($E$1:$K$1,1,_xlpm.firstsale),""))} | N81: {=IF(K81>0,"",IFERROR("หายเดือน "&INDEX($E$1:$K$1,1,LOOKUP(2,1/(E81:K81>0),COLUMN(E81:K81)-COLUMN(E81)+1)+1),""))}
A82: 10325 | B82: 10325 คุณพนมรักษ์ สุหงษา | C82: กรุงเทพมหานคร | D82: ดอนเมือง | E82: 2400 | L82: 2400 | M82: {=_xlfn.LET(_xlpm.sales,E82:K82,_xlpm.firstsale,IFERROR(_xlfn.XMATCH(TRUE,_xlpm.sales>0),0),IF(_xlpm.firstsale>1,"ลูกค้าใหม่เดือน "&INDEX($E$1:$K$1,1,_xlpm.firstsale),""))} | N82: {=IF(K82>0,"",IFERROR("หายเดือน "&INDEX($E$1:$K$1,1,LOOKUP(2,1/(E82:K82>0),COLUMN(E82:K82)-COLUMN(E82)+1)+1),""))} -> หายเดือน 2
A83: 10330 | B83: 10330 ร้านเค้กบ้านเเม่ (ปั๊มปตท.บ้านเลน) | C83: พระนครศรีอยุธยา | D83: บางประอิน | E83: 5200 | F83: 2800 | G83: 3200 | H83: 4400 | I83: 4000 | J83: 2400 | K83: 1600 | L83: 23600 | M83: {=_xlfn.LET(_xlpm.sales,E83:K83,_xlpm.firstsale,IFERROR(_xlfn.XMATCH(TRUE,_xlpm.sales>0),0),IF(_xlpm.firstsale>1,"ลูกค้าใหม่เดือน "&INDEX($E$1:$K$1,1,_xlpm.firstsale),""))} | N83: {=IF(K83>0,"",IFERROR("หายเดือน "&INDEX($E$1:$K$1,1,LOOKUP(2,1/(E83:K83>0),COLUMN(E83:K83)-COLUMN(E83)+1)+1),""))}
A84: 10331 | B84: 10331 ร้านเค้กบ้านเเม่ (ปั๊มปตท.บ้านเลน) สาขา2 | C84: พระนครศรีอยุธยา | D84: บางประอิน | E84: 8800 | F84: 3760 | G84: 3600 | H84: 5920 | I84: 4560 | J84: 2400 | K84: 2560 | L84: 31600 | M84: {=_xlfn.LET(_xlpm.sales,E84:K84,_xlpm.firstsale,IFERROR(_xlfn.XMATCH(TRUE,_xlpm.sales>0),0),IF(_xlpm.firstsale>1,"ลูกค้าใหม่เดือน "&INDEX($E$1:$K$1,1,_xlpm.firstsale),""))} | N84: {=IF(K84>0,"",IFERROR("หายเดือน "&INDEX($E$1:$K$1,1,LOOKUP(2,1/(E84:K84>0),COLUMN(E84:K84)-COLUMN(E84)+1)+1),""))}
A85: 10334 | B85: 10334 ศุภรดา 1 | C85: พระนครศรีอยุธยา | D85: บางปะอิน | E85: 96900 | F85: 57625 | G85: 51100 | H85: 119850 | I85: 83550 | J85: 47800 | K85: 16850 | L85: 473675 | M85: {=_xlfn.LET(_xlpm.sales,E85:K85,_xlpm.firstsale,IFERROR(_xlfn.XMATCH(TRUE,_xlpm.sales>0),0),IF(_xlpm.firstsale>1,"ลูกค้าใหม่เดือน "&INDEX($E$1:$K$1,1,_xlpm.firstsale),""))} | N85: {=IF(K85>0,"",IFERROR("หายเดือน "&INDEX($E$1:$K$1,1,LOOKUP(2,1/(E85:K85>0),COLUMN(E85:K85)-COLUMN(E85)+1)+1),""))}
A86: 10335 | B86: 10335 ศุภรดา 2 | C86: พระนครศรีอยุธยา | D86: บางปะอิน | E86: 142500 | F86: 76475 | G86: 83150 | H86: 107850 | I86: 95300 | J86: 63850 | K86: 41350 | L86: 610475 | M86: {=_xlfn.LET(_xlpm.sales,E86:K86,_xlpm.firstsale,IFERROR(_xlfn.XMATCH(TRUE,_xlpm.sales>0),0),IF(_xlpm.firstsale>1,"ลูกค้าใหม่เดือน "&INDEX($E$1:$K$1,1,_xlpm.firstsale),""))} | N86: {=IF(K86>0,"",IFERROR("หายเดือน "&INDEX($E$1:$K$1,1,LOOKUP(2,1/(E86:K86>0),COLUMN(E86:K86)-COLUMN(E86)+1)+1),""))}
A87: 10344 | B87: 10344 สหกรณ์ การเกษตรบรบือ จำกัด | C87: มหาสารคาม | D87: บรบือ | E87: 1505 | F87: 1694 | G87: 1605 | H87: 1350 | I87: 1595 | J87: 1850 | K87: 535 | L87: 10134 | M87: {=_xlfn.LET(_xlpm.sales,E87:K87,_xlpm.firstsale,IFERROR(_xlfn.XMATCH(TRUE,_xlpm.sales>0),0),IF(_xlpm.firstsale>1,"ลูกค้าใหม่เดือน "&INDEX($E$1:$K$1,1,_xlpm.firstsale),""))} | N87: {=IF(K87>0,"",IFERROR("หายเดือน "&INDEX($E$1:$K$1,1,LOOKUP(2,1/(E87:K87>0),COLUMN(E87:K87)-COLUMN(E87)+1)+1),""))}
A88: 10361 | B88: 10361 ร้านถึงคลาวด์ฝาก | C88: นครสวรรค์ | D88: เมือง | E88: 7400 | F88: 5045 | G88: 5560 | H88: 9795 | I88: 6210 | J88: 7395 | K88: 2435 | L88: 43840 | M88: {=_xlfn.LET(_xlpm.sales,E88:K88,_xlpm.firstsale,IFERROR(_xlfn.XMATCH(TRUE,_xlpm.sales>0),0),IF(_xlpm.firstsale>1,"ลูกค้าใหม่เดือน "&INDEX($E$1:$K$1,1,_xlpm.firstsale),""))} | N88: {=IF(K88>0,"",IFERROR("หายเดือน "&INDEX($E$1:$K$1,1,LOOKUP(2,1/(E88:K88>0),COLUMN(E88:K88)-COLUMN(E88)+1)+1),""))}
A89: 10376 | B89: 10376 บริษัท เอ็มทูที จำกัด | C89: นนทบุรี | D89: เมืองนนทบุรี | E89: 1650 | F89: 1200 | G89: 1830 | H89: 920 | I89: 1795 | J89: 815 | L89: 8210 | M89: {=_xlfn.LET(_xlpm.sales,E89:K89,_xlpm.firstsale,IFERROR(_xlfn.XMATCH(TRUE,_xlpm.sales>0),0),IF(_xlpm.firstsale>1,"ลูกค้าใหม่เดือน "&INDEX($E$1:$K$1,1,_xlpm.firstsale),""))} | N89: {=IF(K89>0,"",IFERROR("หายเดือน "&INDEX($E$1:$K$1,1,LOOKUP(2,1/(E89:K89>0),COLUMN(E89:K89)-COLUMN(E89)+1)+1),""))} -> หายเดือน 7
A90: 11011 | B90: 11011 ร้าน เจ๊ดา (เปี๊ยะครูสมทรง) | C90: นครปฐม | D90: เมืองนครปฐม | E90: 20825 | F90: 17325 | G90: 12250 | H90: 15540 | I90: 12845 | J90: 17815 | K90: 7280 | L90: 103880 | M90: {=_xlfn.LET(_xlpm.sales,E90:K90,_xlpm.firstsale,IFERROR(_xlfn.XMATCH(TRUE,_xlpm.sales>0),0),IF(_xlpm.firstsale>1,"ลูกค้าใหม่เดือน "&INDEX($E$1:$K$1,1,_xlpm.firstsale),""))} | N90: {=IF(K90>0,"",IFERROR("หายเดือน "&INDEX($E$1:$K$1,1,LOOKUP(2,1/(E90:K90>0),COLUMN(E90:K90)-COLUMN(E90)+1)+1),""))}
A91: 11027 | B91: 11027 ตุ๊กตลาดนัดตรีสุข | C91: นครปฐม | D91: กำแพงแสน | E91: 8500 | F91: 2620 | L91: 11120 | M91: {=_xlfn.LET(_xlpm.sales,E91:K91,_xlpm.firstsale,IFERROR(_xlfn.XMATCH(TRUE,_xlpm.sales>0),0),IF(_xlpm.firstsale>1,"ลูกค้าใหม่เดือน "&INDEX($E$1:$K$1,1,_xlpm.firstsale),""))} | N91: {=IF(K91>0,"",IFERROR("หายเดือน "&INDEX($E$1:$K$1,1,LOOKUP(2,1/(E91:K91>0),COLUMN(E91:K91)-COLUMN(E91)+1)+1),""))} -> หายเดือน 3
A92: 11043 | B92: 11043 คุณ กิตติพร สุขีสาร (สาขา ปั๊ม ปตท.เขาใหญ่) | C92: สุพรรณบุรี | D92: เดิมบางนางบวช | E92: 23310 | F92: 14645 | G92: 14520 | H92: 15365 | I92: 17550 | J92: 9860 | K92: 6160 | L92: 101410 | M92: {=_xlfn.LET(_xlpm.sales,E92:K92,_xlpm.firstsale,IFERROR(_xlfn.XMATCH(TRUE,_xlpm.sales>0),0),IF(_xlpm.firstsale>1,"ลูกค้าใหม่เดือน "&INDEX($E$1:$K$1,1,_xlpm.firstsale),""))} | N92: {=IF(K92>0,"",IFERROR("หายเดือน "&INDEX($E$1:$K$1,1,LOOKUP(2,1/(E92:K92>0),COLUMN(E92:K92)-COLUMN(E92)+1)+1),""))}
A93: 11044 | B93: 11044 ร้านอานันตา ปั๊มปตท. ศรีเทพ | C93: เพชรบูรณ์ | D93: ศรีเทพ | E93: 7200 | F93: 9600 | G93: 3200 | H93: 11200 | I93: 12800 | J93: 3200 | K93: 6400 | L93: 53600 | M93: {=_xlfn.LET(_xlpm.sales,E93:K93,_xlpm.firstsale,IFERROR(_xlfn.XMATCH(TRUE,_xlpm.sales>0),0),IF(_xlpm.firstsale>1,"ลูกค้าใหม่เดือน "&INDEX($E$1:$K$1,1,_xlpm.firstsale),""))} | N93: {=IF(K93>0,"",IFERROR("หายเดือน "&INDEX($E$1:$K$1,1,LOOKUP(2,1/(E93:K93>0),COLUMN(E93:K93)-COLUMN(E93)+1)+1),""))}
A94: 11101 | B94: 11101 คุณ นวพล ป่าโมก | C94: อ่างทอง | D94: ป่าโมก | E94: 16900 | F94: 2100 | L94: 19000 | M94: {=_xlfn.LET(_xlpm.sales,E94:K94,_xlpm.firstsale,IFERROR(_xlfn.XMATCH(TRUE,_xlpm.sales>0),0),IF(_xlpm.firstsale>1,"ลูกค้าใหม่เดือน "&INDEX($E$1:$K$1,1,_xlpm.firstsale),""))} | N94: {=IF(K94>0,"",IFERROR("หายเดือน "&INDEX($E$1:$K$1,1,LOOKUP(2,1/(E94:K94>0),COLUMN(E94:K94)-COLUMN(E94)+1)+1),""))} -> หายเดือน 3
A95: 11105 | B95: 11105 ร้าน ของฝากนิวนิว ปั๊มบางจากไชโย | C95: อ่างทอง | D95: ไชโย | E95: 5600 | F95: 3200 | G95: 2400 | H95: 8000 | I95: 3200 | J95: 800 | K95: 1600 | L95: 24800 | M95: {=_xlfn.LET(_xlpm.sales,E95:K95,_xlpm.firstsale,IFERROR(_xlfn.XMATCH(TRUE,_xlpm.sales>0),0),IF(_xlpm.firstsale>1,"ลูกค้าใหม่เดือน "&INDEX($E$1:$K$1,1,_xlpm.firstsale),""))} | N95: {=IF(K95>0,"",IFERROR("หายเดือน "&INDEX($E$1:$K$1,1,LOOKUP(2,1/(E95:K95>0),COLUMN(E95:K95)-COLUMN(E95)+1)+1),""))}
A96: 11108 | B96: 11108 บริษัท เอเชีย เอ็นเนอร์จี คอปอเรชั่น จำกัด | C96: สิงห์บุรี | D96: พรหมมุรี | E96: 1950 | F96: 1225 | G96: 850 | H96: 3860 | I96: 1765 | J96: 1565 | K96: 595 | L96: 11810 | M96: {=_xlfn.LET(_xlpm.sales,E96:K96,_xlpm.firstsale,IFERROR(_xlfn.XMATCH(TRUE,_xlpm.sales>0),0),IF(_xlpm.firstsale>1,"ลูกค้าใหม่เดือน "&INDEX($E$1:$K$1,1,_xlpm.firstsale),""))} | N96: {=IF(K96>0,"",IFERROR("หายเดือน "&INDEX($E$1:$K$1,1,LOOKUP(2,1/(E96:K96>0),COLUMN(E96:K96)-COLUMN(E96)+1)+1),""))}
A97: 11109 | B97: 11109 บริษัท เอเชีย เอ็นเนอร์จี คอปอเรชั่น จำกัด | C97: สิงห์บุรี | D97: พรหมมุรี | E97: 800 | F97: 800 | G97: 935 | H97: 2400 | I97: 1200 | J97: 400 | K97: 400 | L97: 6935 | M97: {=_xlfn.LET(_xlpm.sales,E97:K97,_xlpm.firstsale,IFERROR(_xlfn.XMATCH(TRUE,_xlpm.sales>0),0),IF(_xlpm.firstsale>1,"ลูกค้าใหม่เดือน "&INDEX($E$1:$K$1,1,_xlpm.firstsale),""))} | N97: {=IF(K97>0,"",IFERROR("หายเดือน "&INDEX($E$1:$K$1,1,LOOKUP(2,1/(E97:K97>0),COLUMN(E97:K97)-COLUMN(E97)+1)+1),""))}
A98: 11111 | B98: 11111 ร้าน ขนมของฝากสุวรรณา (ข้างอเมซอน) | C98: พระนครศรีอยุธยา | D98: มหาราช | E98: 12925 | F98: 9950 | G98: 6380 | H98: 12455 | I98: 9780 | J98: 8100 | K98: 4000 | L98: 63590 | M98: {=_xlfn.LET(_xlpm.sales,E98:K98,_xlpm.firstsale,IFERROR(_xlfn.XMATCH(TRUE,_xlpm.sales>0),0),IF(_xlpm.firstsale>1,"ลูกค้าใหม่เดือน "&INDEX($E$1:$K$1,1,_xlpm.firstsale),""))} | N98: {=IF(K98>0,"",IFERROR("หายเดือน "&INDEX($E$1:$K$1,1,LOOKUP(2,1/(E98:K98>0),COLUMN(E98:K98)-COLUMN(E98)+1)+1),""))}
A99: 11112 | B99: 11112 ร้าน ปึงหงีเชียง (อเมซอนเอเชีย) | C99: นครราชสีมา | D99: เมืองนครราชสีมา | E99: 9800 | F99: 6300 | G99: 9800 | H99: 17500 | I99: 11900 | J99: 8400 | K99: 2100 | L99: 65800 | M99: {=_xlfn.LET(_xlpm.sales,E99:K99,_xlpm.firstsale,IFERROR(_xlfn.XMATCH(TRUE,_xlpm.sales>0),0),IF(_xlpm.firstsale>1,"ลูกค้าใหม่เดือน "&INDEX($E$1:$K$1,1,_xlpm.firstsale),""))} | N99: {=IF(K99>0,"",IFERROR("หายเดือน "&INDEX($E$1:$K$1,1,LOOKUP(2,1/(E99:K99>0),COLUMN(E99:K99)-COLUMN(E99)+1)+1),""))}
A100: 11113 | B100: 11113 บจ. หงษ์ชวลิต | C100: สิงห์บุรี | D100: เมืองสิงห์บุรี | E100: 21800 | F100: 8850 | G100: 8000 | H100: 15600 | I100: 10900 | J100: 5400 | K100: 4550 | L100: 75100 | M100: {=_xlfn.LET(_xlpm.sales,E100:K100,_xlpm.firstsale,IFERROR(_xlfn.XMATCH(TRUE,_xlpm.sales>0),0),IF(_xlpm.firstsale>1,"ลูกค้าใหม่เดือน "&INDEX($E$1:$K$1,1,_xlpm.firstsale),""))} | N100: {=IF(K100>0,"",IFERROR("หายเดือน "&INDEX($E$1:$K$1,1,LOOKUP(2,1/(E100:K100>0),COLUMN(E100:K100)-COLUMN(E100)+1)+1),""))}
...
