Workbook

Sheet Summary
A1: Sales Visit Summary
A3: รายการ | B3: จำนวน
A4: จำนวนครั้งที่เข้าพบ | B4: =COUNTA('Sales Visit Tracker'!A4:A10050) -> 85
A5: ปิดการขายแล้ว | B5: =COUNTIF('Sales Visit Tracker'!H4:H10050,"ปิดการขายแล้ว")+COUNTIF('Sales Visit Tracker'!H4:H10050,"Won") -> 28
A6: ยังไม่ปิด | B6: =COUNTIF('Sales Visit Tracker'!H4:H10050,"ยังไม่ปิด")+COUNTIF('Sales Visit Tracker'!H4:H10050,"ติดตามต่อ")+COUNTIF('Sales Visit Tracker'!H4:H10050,"Follow Up") -> 44
A7: รออนุมัติ | B7: =COUNTIF('Sales Visit Tracker'!H4:H10050,"รออนุมัติ") -> 0
A8: ไม่ผ่าน | B8: =COUNTIF('Sales Visit Tracker'!H4:H10050,"ไม่ผ่าน")+COUNTIF('Sales Visit Tracker'!H4:H10050,"Lost")+COUNTIF('Sales Visit Tracker'!H4:H10050,"ไม่สนใจ")+COUNTIF('Sales Visit Tracker'!H4:H10050,"ไม่มีการขาย") -> 0
A9: Conversion Rate | B9: =IFERROR(B5/B4,0) -> 0.32941176
A12: Pipeline | B12: จำนวน
A13: Open | B13: =COUNTIF('Sales Visit Tracker'!H4:H10050,"Open") -> 0
A14: Follow Up | B14: =COUNTIF('Sales Visit Tracker'!H4:H10050,"ติดตามต่อ")+COUNTIF('Sales Visit Tracker'!H4:H10050,"Follow Up") -> 44
A15: Won | B15: =COUNTIF('Sales Visit Tracker'!H4:H10050,"ปิดการขายแล้ว")+COUNTIF('Sales Visit Tracker'!H4:H10050,"Won") -> 28
A16: Lost | B16: =COUNTIF('Sales Visit Tracker'!H4:H10050,"ไม่ผ่าน")+COUNTIF('Sales Visit Tracker'!H4:H10050,"Lost")+COUNTIF('Sales Visit Tracker'!H4:H10050,"ไม่สนใจ")+COUNTIF('Sales Visit Tracker'!H4:H10050,"ไม่มีการขาย") -> 0
B17: จำนวน
A19: สนใจ | B19: =COUNTIF('Sales Visit Tracker'!F4:F10055,"สนใจ") -> 28 | C19: =B19/$B$4 -> 0.32941176
A20: รอตัดสินใจ | B20: =COUNTIF('Sales Visit Tracker'!F4:F10056,"รอตัดสินใจ") -> 16 | C20: =B20/$B$4 -> 0.18823529
A21: ไม่สนใจ | B21: =COUNTIF('Sales Visit Tracker'!F4:F10057,"ไม่สนใจ") -> 3 | C21: =B21/$B$4 -> 0.035294118
A22: นัดติดตามต่อ | B22: =COUNTIF('Sales Visit Tracker'!F4:F10058,"นัดติดตามต่อ") -> 1 | C22: =B22/$B$4 -> 0.011764706
A62: =IF($B$5=0,"",MIN('Sales Visit Tracker'!$A$4:$A$10050)+29) -> 46239 | B62: =IF(A62="","",COUNTIF('Sales Visit Tracker'!$A$4:$A$10050,A62)) -> 0
A63: =IF($B$5=0,"",MIN('Sales Visit Tracker'!$A$4:$A$10050)+30) -> 46240 | B63: =IF(A63="","",COUNTIF('Sales Visit Tracker'!$A$4:$A$10050,A63)) -> 0

Sheet Sales Visit Tracker
A1: Sales Visit Tracker
A2: แบบฟอร์มติดตามการเข้าพบลูกค้า/สาขา สำหรับทีมขาย
A3: วันเดือนปี | B3: รหัสร้านค้า | C3: ชื่อร้านค้า/สาขา | D3: ไปเพราะอะไร | E3: ตัวอย่างมีอะไรบ้าง | F3: ผลการไปวันดังกล่าว | G3: Call เพื่อติดตาม | H3: ปิดการขายแล้ว | I3: หมายเหตุ | J3: ชื่อเซลส์
A4: 46210 | B4: SD3647 | C4: ท่าเรือราชวงศ์ | D4: เปิดร้านใหม่ | F4: สนใจ | G4: โทรแล้ว | H4: ติดตามต่อ | I4: สนใจแบบซื้อขาด /สั่งรอบวันศุกร์ ส่งวันจันทร์ / นำขนมแจกชิมให้เทสวันศุกร์ | K4: **** ใส่สีแดงคือร้านที่มีการสั่งซื้อแล้วหลังจากเข้าไปคุย***
A5: 46210 | B5: SC 4541 | C5: MRT วัดมังกร | D5: เปิดร้านใหม่ | F5: สนใจ | G5: โทรแล้ว | H5: รอตัดสินใจ | I5: ระบบ CoCo ปิดชั่วคราว /สนใจสั่งขนมหลังจากระบบเปิด
A6: 46210 | B6: SD3981 | C6: วัดไตรมิตร | D6: เปิดร้านใหม่ | F6: สนใจ | H6: ติดตามต่อ | I6: ลูกสนใจซื้อขาด / ตู้เย็นมีขนาดจำกัด / ต้องสลับโบว์ ภัทราและ Factory ซึ่งตู้ใส่ได้ทีละ 2แบรนด์ / จะลองสั่งมา วันจันทร์ ส่งวันพฤหัส
A7: 46210 | B7: SD3360 | C7: CAT TOWER บางรัก | D7: เปิดร้านใหม่ | F7: รอตัดสินใจ | H7: ติดตามต่อ | I7: สนใจขนมประเภทแซนวิช / รสชาติไม่หวานมาก / เคยสั่งไปแล้วขายไม่ค่อยออกเลยหยุดสั่ง / ตู้เย็นมี 2 ตู้
A8: 46211 | B8: SD3363 | C8: อาคารพาณิชย์ สาทร 11 | D8: เปิดร้านใหม่ | F8: สนใจ | H8: ปิดการขายแล้ว | I8: สนใจรอบสั่งวันศุกร์ ส่งวันจันทร์ (อยากได้ขนมช่วงเช้า ร้านเปิด 7 โมง) / นำขนมเทสมาให้วันจันทร์
A9: 46211 | B9: SD3660 | C9: ไทยซีซี ทาวเวอร์ | D9: เปิดร้านใหม่ | F9: ไม่สนใจ | H9: ไม่ปิดการขาย | I9: ไม่สนใจ 100% เนื่องจากมีร้านขนมอบสดมาเปิดติดร้านทั้ง 2 ฝั่ง ทำให้ร้านขายขนมไม่ดี
A10: 46211 | B10: SD1180 | C10: ซี.พี . ทาวน์เวอร์ 1 (สีลม) | D10: เปิดร้านใหม่ | F10: นัดติดตามต่อ | H10: ติดตามต่อ | I10: ไปไม่ทันเวลาเปิดทำการ
A11: 46211 | B11: SD5448 | C11: อาคาร สาธร ซิตี้ ทาวเวอร์ | D11: เปิดร้านใหม่ | F11: สนใจ | H11: ปิดการขายแล้ว | I11: สนใจรอบสั่งวันศุกร์ ส่งวันจันทร์ (อยากได้ขนมช่วงเช้า ร้านเปิด 7 โมง สามารถมาวางไว้หน้าร้านได้ แต่แช่เย็นให้ด้วย) / นำขนมเทสมาให้วันจันทร์ / ขนมที่ขายดีจะเป็นประเภทแซนวิช
A12: 46211 | B12: SD0932 | C12: สีลมคอมเพล็กซ์ ชั้น 4 | D12: เปิดร้านใหม่ | F12: รอตัดสินใจ | H12: ติดตามต่อ | I12: อยากได้ขั้นต่ำ 500-800 บาท (ปุ๊มแอนด์ป๊อป 500 บาท ) / ในห้างมีร้านเป็นตัวเลือกจำนวนมาก / สนใจรอบสั่งวันศุกร์ ส่งวันจันทร์
A13: 46211 | B13: SD3141 | C13: BTS ช่องนนทรี | D13: เปิดร้านใหม่ | F13: รอตัดสินใจ | G13: โทรแล้ว | H13: ติดตามต่อ | I13: รอลูกค้าเลือกขนมที่สนใจ และนำไปให้เทสวันจันทร์
A14: 46211 | B14: SD3106 | C14: SVL House เอสวีแอล | D14: เปิดร้านใหม่ | F14: รอตัดสินใจ | H14: ติดตามต่อ | I14: รอ ผจก ตัดสินใจ
A15: 46213 | B15: SD3647 | C15: ท่าเรือราชวงศ์ | D15: เปิดร้านใหม่ | E15: เอแคลร์นมสด (8 ชิ้น) | F15: สั่งซื้อแล้ว | H15: ปิดการขายแล้ว | I15: รอบสั่ง 10/07/69
E16: ครีมฮอร์น วนิลา
E17: ขนมปังเนยนิ่ม
E18: ขนมปังสังขยา 6 ชิ้น
E19: ชิฟฟ่อนเค้ก รวมรส (4 ชิ้น)
A20: 46213 | B20: SC 4541 | C20: MRT วัดมังกร | D20: เปิดร้านใหม่ | E20: ครีมฮอร์น วนิลา | F20: สนใจ | H20: ติดตามต่อ | I20: รอระบบ Coco เปิด ทางร้านพร้อมสั่ง
E21: ชิฟฟ่อนเค้ก รวมรส (4 ชิ้น)
E23: ขนมปังเนยนิ่ม
E24: เอแคลร์นมสด (8 ชิ้น)
A25: 46213 | B25: SD3981 | C25: วัดไตรมิตร | D25: เปิดร้านใหม่ | E25: คัพเค้กมะพร้าวไส้ครีมเนยสด (4 ชิ้น) | F25: สั่งซื้อแล้ว | H25: ปิดการขายแล้ว | I25: รอบสั่ง 10/07/69
E26: แซนด์วิชปูอัด ไร้ขอบ
E29: เอแคลร์ชาไทย
A30: 46213 | B30: SD3360 | C30: CAT TOWER บางรัก | D30: เปิดร้านใหม่ | E30: ขนมปังเนยนิ่ม | F30: ไม่สนใจ | H30: ไม่ปิดการขาย | I30: ทางร้านลดซัพจากเดิมลง เพราะขายไม่ดี
E31: ครีมฮอร์น วนิลา
E33: คัพเค้กมะพร้าวไส้ครีมเนยสด (4 ชิ้น)
E34: แซนด์วิชปูอัด ไร้ขอบ
E35: แซนด์วิชแฮมชีส_WWN ไร้ขอบ
A36: 46213 | B36: SD1180 | C36: ซี.พี . ทาวน์เวอร์ 1 (สีลม) | D36: เปิดร้านใหม่ | F36: ขอชิมเพิ่ม | H36: ติดตามต่อ
A37: 46215 | B37: SD3536 | C37: สนามฟุตบอล The Blue Arena | D37: เปิดร้านใหม่ | F37: ไม่สนใจ | G37: ติดต่อไม่ได้ | H37: ติดตามต่อ | I37: *พนักงานแจ้งว่าเคยสั่งและหยุดสั่งไปเป็นปีแล้วเนื่องจากทางผู้จัดการร้านไม่ให้สั่ง เพราะขนมขายออกยาก *พนักงานร้านให้เบอร์ติดต่อทางผู้จัดการมาแทน *พนักงานพยายามปฏิเสธการคุยทุกรูปแบบ *ดำเนินการโทรหาผู้จัดการร้านภายหลัง
A38: 46215 | B38: SD2666 | C38: Big C สมุทรปราการ | D38: เปิดร้านใหม่ | F38: ขอชิมเพิ่ม | G38: โทรแล้ว | H38: ติดตามต่อ | I38: *ทางร้านเคยสั่งมาแล้วแต่ไม่ค่อยตอบโจทย์ลูกค้า *เสนอให้ทางร้านลองเปิดใจและเลือกขนมเพื่อมาเทสก่อนก่อนสั่งขายอีกรอบ *ผู้จัดการร้านเป็นคนตัดสินใจให้
A39: 46215 | B39: RM3793 | C39: *** ขึ้นรหัส OS**** | D39: เปิดร้านใหม่ | F39: สนใจ | G39: นัดโทรอีกครั้ง | H39: ติดตามต่อ | I39: *ยังไม่เคยสั่งของ wwn มาก่อน *ให้คุยกับเจ้าของร้าน *เจ้าของร้านให้ร้าน rm3724 ตัดสินใจเลือกขนมเทสแทน
A40: 46215 | B40: DD4039 | C40: สถานีบริการ หจก.สมจิตรบริการ | D40: เปิดร้านใหม่ | F40: สั่งซื้อแล้ว | G40: โทรแล้ว | H40: ปิดการขายแล้ว | I40: *หยุดสั่งไป 1 รอบเพราะว่าเคยเจอขนมเปรี้ยวก่อนวันหมดอายุทำเครมกับแอดมินแต่ไม่มีการตอบกลับ *ลูกค้าเลือกขนมที่จะมาเทสแล้วส่งให้มาเทสอีกทีวันอาทิตย์หน้า ขนมที่ขายดีจะเป็นขนมปังเนยนิ่ม แซนวิชและเอแคร์
A41: 46215 | B41: SD3292 | C41: โรงพยาบาลสมุทรปราการ | D41: เปิดร้านใหม่ | F41: ขอชิมเพิ่ม | G41: โทรแล้ว | H41: ติดตามต่อ | I41: *ให้ติดต่อผ่านผู้จัดการ เนื่องจากผู้จัดการอยู่นนทบุรีและไม่เข้าสาขานี้พนักงานเลยให้ไลน์มา แต่ยังโทรไม่รับ / *ขนมที่ร้านนี้จะมีของอเมซอนชิวเล้าและโอ้กะจู๋ เนื่องจากร้านอยู่หน้าโรงพยาบาลจึงแนะนำขนมที่สามารถเยี่ยมคนไข้ได้ *ให้พนักงานเลือกขนมที่สนใจและนำมาให้ชิมวันอาทิตย์หน้า
A42: 46215 | B42: SD5372 | C42: Cafe Amazon ตลาดคิงคองมาร์เก็ต | D42: เปิดร้านใหม่ | F42: สั่งซื้อแล้ว | G42: โทรแล้ว | H42: ปิดการขายแล้ว | I42: *ลูกค้าสั่งอยู่แล้ว แต่บางทีนานๆสั่งที ครีมฮอร์นขายดี *เคยเจอปัญหาเค้กโบราณติดสติ๊กเกอร์ไม่แน่น เพราะลูกค้าหยิบหรือพนักงานหยิบแล้วมันหลุด *ขนส่งกับแอดมินไม่มีปัญหา
A43: 46215 | B43: SD5210 | C43: Café Amazon ซอยโนรี | D43: เปิดร้านใหม่ | F43: ขอชิมเพิ่ม | G43: โทรแล้ว | H43: ติดตามต่อ | I43: *สนใจขนมหลายตัว เพื่อเปลี่ยนกับเจ้าอื่น มีสาขา อุ่นนารี อีก 1 สาขา ****ลูกค้าจะสั่งทุกอาทิย์****
A44: 46215 | B44: RM3724 | C44: PTTRM สมุทรปราการ-นาวี | D44: เปิดร้านใหม่ | F44: ขอชิมเพิ่ม | G44: นัดโทรอีกครั้ง | H44: ติดตามต่อ | I44: *ลูกค้ามี 2 ร้านแล้วยังไม่เคยสั่งของ wwn *ถ้าหากสั่งจะสั่งทั้ง 2 ร้าน *ปกติลูกค้าสั่งแค่ภัทรากับของ Factoryรอบสั่งไม่ซ้ำกับทั้ง 2 แบรนด์
A45: 46216 | B45: SD5448 | C45: อาคารสาธรซิตี้ ทาวเวอร์ | D45: เปิดร้านใหม่ | E45: เอแคลร์นมสด (8 ชิ้น) | F45: สั่งซื้อแล้ว | G45: โทรแล้ว | H45: ปิดการขายแล้ว | I45: สั่งไปแล้ว แต่ลืมกันเงินไว้ในระบบ / เดี๋ยวสั่งใหม่วันจันทร์
E46: ครีมฮอร์น วนิลา
E47: เค้กลาวาฝอยทองมะพร้าวทูโทน
E48: เอแคลร์ชาไทย
E49: เครปโรลฝอยทอง(วนิลา)
E50: แซนด์วิชปูอัดสาหร่าย ไร้ขอบ
A51: 46216 | B51: SD3141 | C51: Café Amazon BTS ช่องนนทรี | D51: เปิดร้านใหม่ | E51: แซนด์วิชปูอัดสาหร่าย ไร้ขอบ | F51: สนใจ | G51: โทรแล้ว | H51: ติดตามต่อ | I51: *ลูกค้าจะกลับมาสั่งใหม่เป็นประเภทขนมปังเนยนิ่มและแซนวิชที่นำไปเสนอ เพราะเป็นสินค้าที่ร้านขายดี *อีก 2 วันติดตาม feedback อีกรอบ
E52: แซนด์วิชปูอัด ไร้ขอบ
E53: แซนด์วิช โฮลวีทแฮมชีส ไร้ขอบ
E54: แซนด์วิชแฮมชีส_WWN ไร้ขอบ
E55: แซนวิชโฮลวีท ทูน่า
E56: ขนมปังเนยนิ่ม
E57: แซนวิชหมูหยองแฮมชีส
A58: 46216 | B58: SD3106 | C58: Café Amazon SVL House | D58: เปิดร้านใหม่ | E58: ครีมฮอร์น วนิลา | F58: สนใจ | G58: โทรแล้ว | H58: ปิดการขายแล้ว | I58: *สนใจรอบสั่งวันศุกร์ส่งวันจันทร์ (เริ่มสั่งศุกร์นี้) / อธิบายไปแล้วว่าขนมอาจจะไม่ได้ตอนเช้าเลยเพราะว่าเดินทางไกลจากกำแพงแสนและในเมืองค่อนข้างรถติด/ ลูกค้าสนใจเป็นรอบส่งวันจันทร์เพราะไม่อยากเสียโอกาสในการขาย / ร้านตีดซัพโอ๋กระจู๋ออกเพราะส่งช้า เกินเที่ยง
E59: ขนมปังลาวาไข่เค็ม
E60: มัลเบอรี่ชีสพาย
E61: แพนเค้กฝอยทองครีมสด
E62: เอแคลร์ชาไทย
E63: แซนด์วิชปูอัดสาหร่าย ไร้ขอบ
A64: 46216 | B64: SD3363 | C64: Café Amazon สาทร 11 | D64: เปิดร้านใหม่ | E64: ขนมปังเนยนิ่ม | F64: สั่งซื้อแล้ว | G64: นัดโทรอีกครั้ง | H64: ปิดการขายแล้ว | I64: *ขนส่งไปส่งช้า ส่ง 13.30 น. / ร้านอาจจะสั่งแค่รอบเดียว
E65: ครีมฮอร์น ใบเตย | I65: * ทางร้านขอให้ส่ง 9 โมง และไม่เกินเที่ยง
E66: เค้กโบราณครีม 2 ชิ้น
E67: ขนมปังไส้กรอกมินิ
E68: เค้กลาวาฝอยทองมะพร้าวทูโทน
E69: ชิฟฟอนสอดไส้ 3 ชิ้นมะพร้าว
E70: ขนมเปี๊ยะไส้ถั่วไข่เค็ม (4 ชิ้น)
E71: มินิปังไส้กรอกชีส
E72: เค้กกล้วยหอมคาราเมล
A73: 46216 | B73: SD1180 | C73: อาคาร ซี.พี. ทาวเวอร์ 1 | D73: เปิดร้านใหม่ | E73: ชิฟฟ่อนเค้ก รวมรส (4 ชิ้น) | F73: รอตัดสินใจ | G73: ยังไม่โทร | H73: ติดตามต่อ | I73: รอนำของชิมไปให้เจ้าของร้านชิม / ติดตามผลอีกที
E74: ขนมปังสังขยา 6 ชิ้น
E75: ขนมปังเนยนิ่ม
E76: ครีมฮอร์น วนิลา
E77: เค้กโบราณครีม 2 ชิ้น
E78: ขนมปังลาวาไข่เค็ม
A79: 46217 | B79: DD2934 | C79: สถานีบริการ บจ.ดับบลิว ทรีโอ้ | D79: เปิดร้านใหม่ | F79: ขอชิมเพิ่ม | G79: โทรแล้ว | H79: ติดตามต่อ | I79: *ยังไม่เคยสั่ง * รอบไม่ซ้ำ เพราะบางซัพส่งไม่ตรงรอบ * พึ่งเอาวีระภัทรและปั้นแป้งเข้ามา * เดิมมีภัทรา อบร้อน * ขายดีพวกแซนวิช ขนมปัง * รอคุยกับ ผจก แต่ ผจกบอกเอามาได้เลย รอหาวันลง
A80: 46217 | B80: SD2493 | C80: May market | D80: เปิดร้านใหม่ | F80: ขอชิมเพิ่ม | G80: โทรแล้ว | H80: ติดตามต่อ | I80: * เคยสั่งแต่นานแล้ว * มีปั้นแป้ง ภัทรา ชิวเล้าจ์ * รอบส่งวันเสาร์ว่าง * รอ พนักงานนำเสนอเจ้าของร้านอีกที
A81: 46217 | B81: SD3418 | C81: Café Amazon บุญถาวร สุวรรณภูมิ | D81: เปิดร้านใหม่ | F81: สนใจ | G81: โทรแล้ว | H81: ปิดการขายแล้ว | I81: *ร้านจะสั่งวัน ส.18/07/69 *เคยสั่ง แต่หยุดสั่งไปนานแล้ว เพราะรอบส่งซ้ำหลายซัพ | J81: สั่งแล้ว 14.07.69
A82: 46217 | B82: SD3086 | C82: มหาวิทยาลัยหัวเฉียวเฉลิมพระเกียรติ | D82: เปิดร้านใหม่ | F82: รอตัดสินใจ | G82: โทรแล้ว | H82: ติดตามต่อ | I82: *ลูกค้าเป็นนักศึกษามหาวิทยาลัย (หมอ พยาบาล) *ขนมหวานในตู้น้อย ตู้มีขนาดเล็ก *มีขนมของแฟคทอรี่โบว์และภัทราที่เขารับมา * รอคุยกับผู้จัดการเขาลาไปต่างประเทศ 10 วัน (ร้านปิด ส-อา)
A83: 46217 | B83: DD4843 | C83: สถานีบริการ บจ.พีทีที ปาร์ค มอลล์ 4 (Amz./พส.) | D83: เปิดร้านใหม่ | F83: สนใจ | G83: โทรแล้ว | H83: รอตัดสินใจ | I83: *สนใจรอบส่งวันพุธ เพราะยังไม่มีขนมลง *ยังไม่เคยสั่ง จะเริ่ม 22/07/69 * สนใจเป็นเอแคลร์และชิฟฟ่อน
A84: 46217 | B84: DD2860 | C84: สถานีบริการ บจ.มะขามหย่งขนส่ง | D84: เปิดร้านใหม่ | I84: *มีขนมของ Factory ปุ๊งแอนด์ป๊อป โอ้กะจู๋และภัทรา *เคยสั่งแล้วหายไป *รอติดต่อผู้จัดการอีกรอบวันนี้ผู้จัดการลา *ขนมที่ขายดีจะเป็นประเภทพวกชิฟฟ่อน
A85: 46217 | B85: RM1436 | C85: PTTRM สน.ฉะเชิงเทรา-บางนาตราด กม.37 | D85: เปิดร้านใหม่ | F85: สนใจ | G85: โทรแล้ว | H85: ติดตามต่อ | I85: *รอบส่งชนกับซัพอื่นทั้ง 2 รอบ ( วันพุธชน 3 ซัพและวันเสาร์ชน 2 ซัพ) *ลูกค้าจะลองสั่งให้มาส่งวันเสาร์นี้ *นำขนมมาให้เทสวันอังคารหน้า
A86: 46217 | B86: RM0484 | C86: *** ขึ้นรหัส OS**** ฉะเชิงเทรา - บางนา-ตราด (กม.41) | D86: เปิดร้านใหม่ | F86: สนใจ | G86: โทรแล้ว | H86: ปิดการขายแล้ว | I86: *ลูกค้าสั่งอยู่แล้วแต่ว่านานๆสั่งทีหมดเลยขึ้นเป็นสีแดง *นำขนม Test มาให้เทสวันอังคารหน้า *ลูกค้าจะกลับมาสั่งรอบส่งวันเสร์นี้ *มีแบรนด์ใหม่ชื่อแบรนด์วีรภัทร * มีแบรนด์พัทรา และ Factory
A87: 46218 | B87: SD3787 | C87: Index Living Mall บางนา | D87: เปิดร้านใหม่ | F87: ขอชิมเพิ่ม | G87: โทรแล้ว | H87: ติดตามต่อ | I87: *สนใจขนมที่มรเชลไลฟ์นานหน่อย เช่น ขนมปัง *รอบส่งไม่ซ้ำกับซัพอื่นๆ เพราะลง แค่ภัทรา โบว์ และ อเมซอน *ขอเทสขนมก่อน วันพุธ 23/07/69 *หลังจากเทสขนมจะเริ่มสั่ง (รอบถัดไป) * ร้านอยู่ติดกับโอ้กะจู๋ และ white Story *ด้านหน้าร้านมี Black Canyon และร้านกาแฟ one two Two กำลังจะมาเปิด
A88: 46218 | B88: SD2347 | C88: โครงการลาซาล อเวนิว สาขา ลาซาล | D88: เปิดร้านใหม่ | F88: รอตัดสินใจ | G88: นัดโทรอีกครั้ง | H88: ติดตามต่อ | I88: *เคยสั่ง แต่ไม่ได้สั่งนานแล้ว เพราะต้องสลับสั่ง กับซัพอื่นๆ ทำให้นานกว่าจะวนกลับมา *สนใจรอบส่งวันพุธ สลับกับภัทรา *ขนมในร้านมีภัทรากับอเมซอน *ขนมอบสดขายดี * นำขนมมาให้เทสวันพุธหน้า (23/07/69) *รอปรึกษากับเขตอีกรอบ
A89: 46218 | B89: SD3513 | C89: Café Amazon โครงการ For You Park | D89: เปิดร้านใหม่ | F89: สนใจ | G89: ยังไม่โทร | H89: ติดตามต่อ | I89: *รอ ผจก ตัดสินใจ *ทางร้านเลือกขนม แล้วนำมาให้เทสวันพุธ (23/07/69) *รอบส่งไม่ชนกับซัพอื่นๆ *ขนมในร้านมีแต่ภัทรา และ แฟคตอรี่ *กำลังมองหาขนมสับเปลี่ยนภายฝนร้านพอดี *อีก 2 วันติดตามผล
A90: 46218 | B90: SD3899 | C90: ศูนย์นิทรรศการและการประชุมไบเทค | D90: เปิดร้านใหม่ | F90: สนใจ | G90: นัดโทรอีกครั้ง | H90: ติดตามต่อ | I90: *จะส่งรอบวันพุธ (23/07/69) *จะตัดปุ๊มแอนด์ป๊อป เพราะส่งบ่ายสาม (เสียโอกาศในการขาย) *บ้านโบว์ของส่งเร็วมาก ตี 5 ขนมมาวางหน้าร้าน -ร้านเปิด 6 โมง - มีบ้านโบว์ ภัทรา โอ๋กระจู๋ ปุ๊มแอนป๊อบ - เลือกขนมเทสวันพุธ (23/07/69)
A91: 46218 | B91: SD2130 | C91: Interlink Tower (เนชั่นเดิม) | D91: เปิดร้านใหม่ | F91: รอตัดสินใจ | G91: นัดโทรอีกครั้ง | H91: รอตัดสินใจ | I91: *ในร้านมีแบรนด์ของ ภัทรา ปุ๊งแอนด์ป๊อป และปั้นแป้ง *สนใจรอบส่งวันเสาร์สลับกับปั้นแป้ง *ภัทรามีราคาขายที่ถูกกว่าทุกแบรนด์และเป็นชิ้นเล็กๆลูกค้าสามารถจับต้องได้ง่ายกว่าจนติดตลาด * ผู้จัดการ confirm ว่าจะเริ่มสั่งวันไหน (อีก 2 วัน ติดตามผล) *นำขนมมาให้เทสวันพุธหน้า
A92: 46218 | B92: SD4646 | C92: อาคาร AIA East Gateway บางนา | D92: เปิดร้านใหม่ | F92: รอตัดสินใจ | G92: นัดโทรอีกครั้ง | H92: ติดตามต่อ | I92: *รอบส่งซ้ำกับภัทรา 1 วันคือวันพุธ *สินค้าที่ขายดีจะเป็นพวกประเภทแซนด์วิชและขนมอบสด *เจ้าของร้านตัดสินใจอีกรอบ *ขอลองเทสขนมวันพุธก่อนสั่ง (23/07/69)
A93: 46218 | B93: SD2326 | C93: Imperial World สำโรง ชั้น BF | D93: เปิดร้านใหม่ | F93: ขอชิมเพิ่ม | G93: นัดโทรอีกครั้ง | H93: ติดตามต่อ | I93: *เคยสั่งแล้ว แต่ขายออกยาก *ตู้เค้กเล็ก วางขนมได้น้อย *เทสขนมวันพุธ 23/07/69 *รอ ผจก ตัดสินใจ (คนเดียวกับSD0781)
A94: 46218 | B94: SD0781 | C94: Imperial World สำโรง ชั้น 1F | D94: เปิดร้านใหม่ | F94: ขอชิมเพิ่ม | G94: นัดโทรอีกครั้ง | H94: ติดตามต่อ | I94: *เคยสั่งแล้วแล้วหยุดสั่งเพราะขายยาก * ขนมเสียก่อนหมดอายุเยอะจึงเลิกสั่ง ( เอแคลร์ชาไทย) *ตัวชิฟฟ่อนขายดี * จะเริ่มสั่งให้มาส่งวันพุธ 23/07/69 *นำขนมมาให้เทสวันพุธ 23/07/69 *ผู้จัดการเดียวกับ SD2326
A95: 46220 | B95: SD2061 | C95: LDC Dental Clinic ศรีนครินทร์ | D95: เปิดร้านใหม่ | F95: ขอชิมเพิ่ม | H95: ติดตามต่อ | I95: *สนใจ และจะนำขนมมาให้เทศวันศุกร์หน้า
A96: 46220 | B96: SD1760 | C96: เดอะ แจส เออเบิร์น ศรีนครินทร์ | D96: เปิดร้านใหม่ | F96: ขอชิมเพิ่ม | H96: ติดตามต่อ | I96: *รับแต่ภัทรา * สนใจรอบส่งวันเสาร์ เพราะวันพุธซ้ำกับภัทรา * เดี๋ยวทาง ผจก ตัดสินใจอีกรอบ
A97: 46220 | B97: DD5458 | C97: บจ.สิริเจริญวัฒนา | D97: เปิดร้านใหม่ | F97: ขอชิมเพิ่ม | H97: ปิดการขายแล้ว | I97: *รหัส DD5458 ในหมุดขึ้นสีแดง รหัส OS1535 * ที่ร้านสั่งไป 2-3 รอบแล้วแต่ในหมดขึ้นสีแดงอยู่ * รอบหน้านำขนมเค้กมาให้ลูกค้าลองเทสดู เพื่อที่จะได้เชียร์ขายและเพิ่มโอกาสในการสั่งมากขึ้น * ขนมขายดีจะป็นชิฟฟ่อน * มีซัพ ภัทรา ชิวเล้า มูอิ โบว์ amazon * wwn มาส่งประมาณเที่ยง * ภัทรามาตี 5 ครึ่ง * ส่งมาลงวันจันทร์ * เจอขนส่งของปั้นแป้งมาส่งของพอดีเวลา 12:18 น
A98: 46220 | B98: DD3734 | C98: สถานีบริการ น้ำมัน ปตท. สยามเทพารักษ์ เซอร์วิส | D98: เปิดร้านใหม่ | F98: ขอชิมเพิ่ม | H98: ปิดการขายแล้ว | I98: *ลูกค้าสั่งอยู่แล้ว *มีจอง ภัทรา ลามูเน่ และ amazon * ของ wwn สั่งแล้ว แต่ยังไม่มาส่ง * ร้านขึ้นหมดแดง รหัส os0642
A99: 46220 | B99: DD2566 | C99: บจก.โชคมนัสอินเตอร์พลัสออยล์ | D99: เปิดร้านใหม่ | F99: ขอชิมเพิ่ม | H99: ติดตามต่อ | I99: *มีขนมของภัทรา ปั้นแป้ง และ Factory *ยังไม่เคยสั่งของ wwn * ให้เลือกขนมนำมาเทสวันศุกร์หน้า * รอผู้จัดการตัดสินใจ
A100: 46220 | B100: RM0654 | C100: สน. PTTRM สาขา เทพารักษ์ | D100: เปิดร้านใหม่ | F100: สนใจ | H100: รอตัดสินใจ | I100: *เจ้าของเดียวกับ RM 1366 ( หาไม่เจอ) *ให้ไปคุยกับอีกสาขา * เคยสั่งไปแล้วและหยุดสั่งเพราะว่าเปลี่ยนเจ้าของมาเป็นร้านแฟรนไชส์ อีกสาขาจะเป็นคนสั่ง
A101: 46220 | B101: SD3921 | C101: SPK The Outdoor Srinakarin | D101: เปิดร้านใหม่ | F101: สั่งซื้อแล้ว | H101: ปิดการขายแล้ว | I101: *ปกติร้านสั่งอยู่แล้วแต่ขึ้นหมดแดง *พนักงานเลือกขนมเค้กวันศุกร์หน้า * ขนส่งมาเช้าเลย * มี 3 ซัพ ภัทรา แฟคทอรี่ wwn และ ปุ๋มแอนด์ป๊อบ *เจ้าของเดียวกับในโลตัส * แซนวิชหยองหยองแฮมชีสในระบบ ปตท ไม่มีให้ขายแล้วแต่ในใบเสนอราคายังมีอยู่ * แซนวิชขายดี
A102: 46220 | B102: SD0880 | C102: โลตัส ศรีนครินทร์ | D102: เปิดร้านใหม่ | F102: ขอชิมเพิ่ม | H102: ติดตามต่อ | I102: *มีขนมของชิวเล้าภัทราและ Factory *นำขนมมาให้เทสวันศุกร์หน้า *พนักงาน จะสั่ง ให้มาส่งวันเสาร์หน้า
A103: 46222 | B103: DD4039 | C103: สถานีบริการ หจก.สมจิตรบริการ | D103: เปิดร้านใหม่ | F103: สั่งซื้อแล้ว | H103: ปิดการขายแล้ว | I103: * นำขนมมาให้ที่ร้านเทส * มีเค้กฝอยทองของรามูเน่เพิ่มเข้ามา * ที่ร้านบอกว่าพอขายได้แต่มีเซลล์ 20% ด้วย เป็นบางรายการ * แซนด์วิชขายดี ตัวอื่นเรื่อยๆ * มีสั่งมาส่งเพิ่มวันพุธ
A104: 46222 | B104: RM3739 | C104: Café Amazon สาขาปั๊ม ปตท. สมุทรปราการ (ฟาร์มจระเข้) | D104: เปิดร้านใหม่ | F104: รอตัดสินใจ | G104: ยังไม่โทร | H104: รอตัดสินใจ | I104: * นำขนมมาให้ที่ร้านเทส * อีกครึ่งราคาจะเป็น สั่งพร้อมกันทั้ง 2 สาขา * อีก 2 วันติดตาม Feedback
...

Sheet Dropdown Lists
A1: สินค้า | B1: ไปเพราะอะไร | C1: ผลการไป | D1: Call เพื่อติดตาม | E1: ปิดการขายแล้ว | F1: ชื่อเซลส์
A2: เอแคลร์นมสด (8 ชิ้น) | B2: นำเสนอสินค้าใหม่ | C2: สนใจ | D2: ยังไม่โทร | E2: ปิดการขายแล้ว | F2: Sales 1
A3: ครีมฮอร์น วนิลา | B3: ติดตามยอดขาย | C3: ขอชิมเพิ่ม | D3: โทรแล้ว | E3: ติดตามต่อ | F3: Sales 2
A4: ขนมปังเนยนิ่ม | B4: เปิดร้านใหม่ | C4: ขอราคา/ข้อมูลเพิ่ม | D4: นัดโทรอีกครั้ง | E4: รอตัดสินใจ | F4: Sales 3
A5: ขนมปังสังขยา 6 ชิ้น | B5: เก็บข้อมูลคู่แข่ง | C5: รอตัดสินใจ | D5: ติดต่อไม่ได้ | E5: ไม่ปิดการขาย | F5: Sales 4
A6: แซนด์วิช โฮวีททูน่า ไร้ขอบ | B6: แก้ไขปัญหาสินค้า | C6: สั่งซื้อแล้ว | F6: Sales 5
A7: ครีมฮอร์น ใบเตย | B7: ติดตามโปรโมชั่น | C7: ไม่สนใจ | F7: Sales 6
A8: ชิฟฟ่อนเค้ก รวมรส (4 ชิ้น) | B8: รับออเดอร์ | C8: นัดติดตามต่อ | F8: Sales 7
A9: แซนด์วิช โฮลวีทแฮมชีส ไร้ขอบ | B9: อื่นๆ | F9: Sales 8
A10: ขนมเปี๊ยะไส้ถั่วไข่เค็ม (4 ชิ้น) | F10: Sales 9
A11: แซนด์วิชปูอัด ไร้ขอบ | F11: Sales 10
A12: แซนด์วิชแฮมชีส_WWN ไร้ขอบ
A13: คัพเค้กมะพร้าวไส้ครีมเนยสด (4 ชิ้น)
A14: เอแคลร์ชาไทย
A15: แซนด์วิชปูอัดสาหร่าย ไร้ขอบ
A16: ขนมปังลาวาไข่เค็ม
