Workbook

Sheet DATA POS
A1: รหัสสินค้า | B1: ชื่อสินค้า | C1: หมวดหมู่สินค้า | D1: หน่วยสินค้า | E1: ราคาขาย | F1: ราคาซื้อ | G1: Min | H1: Max | I1: หมายเหตุ | J1: สถานะ
B2: มะม่วงหนึบ | C2: หมวดอื่นๆ | D2: กล่อง | E2: 40.00 | F2: 0.00 | G2: 0 | H2: 0 | J2: ใช้งาน
A3: 0109256601 | B3: กระเช้าสำเร็จรูป | C3: หมวดอื่นๆ | D3: กระเช้า | E3: 800.00 | F3: 0.00 | G3: 0 | H3: 0 | J3: ใช้งาน
A4: 0109256602 | B4: เซ็ตของขวัญ | C4: หมวดอื่นๆ | D4: กล่อง | E4: 260.00 | F4: 0.00 | G4: 0 | H4: 0 | J4: ใช้งาน
A5: 01-SU-0025-1 | B5: น้ำแดงเฮลบลูบอย | C5: เครื่องดื่ม | D5: ขวด | E5: 58.00 | F5: 0.00 | G5: 0 | H5: 0 | J5: ใช้งาน
A6: 02102566 | B6: เปี๊ยะมินิ | C6: หมวดอื่นๆ | D6: กล่อง | E6: 25.00 | F6: 0.00 | G6: 0 | H6: 0 | J6: ใช้งาน
A7: 02-BB01 | B7: กล่องเค้กเบาหวิวทุเรียน 100g. New | C7: กล่องโมเดล | D7: กล่อง | E7: 20.00 | F7: 0.00 | G7: 0 | H7: 0 | J7: ใช้งาน
A8: 02-BB02 | B8: กล่องเค้กเบาหวิวเผือกมะพร้าวอ่อน 100g. New | C8: กล่องโมเดล | D8: กล่อง | E8: 20.00 | F8: 0.00 | G8: 0 | H8: 0 | J8: ใช้งาน
A9: 02-BB03 | B9: กล่องเค้กเบาหวิวกล้วยมะพร้าวเผา 100g. New | C9: กล่องโมเดล | D9: กล่อง | E9: 20.00 | F9: 0.00 | G9: 0 | H9: 0 | J9: ใช้งาน
A10: 02-BB05 | B10: กล่องเค้กเบาหวิวรสกาแฟ 100g New | C10: กล่องโมเดล | D10: กล่อง | E10: 20.00 | F10: 0.00 | G10: 0 | H10: 0 | J10: ใช้งาน
A11: 02-BB07 | B11: กล่องเค้กเบาหวิวรสกาแฟ 300g. New | C11: กล่องโมเดล | D11: กล่อง | E11: 20.00 | F11: 0.00 | G11: 0 | H11: 0 | J11: ใช้งาน
A12: 02-BB09 | B12: กล่องเค้กเบาหวิวรสเนยนม 110g. New | C12: กล่องโมเดล | D12: กล่อง | E12: 20.00 | F12: 0.00 | G12: 0 | H12: 0 | J12: ใช้งาน
A13: 02-BB11 | B13: กล่องเค้กเบาหวิวรสเนยนม 300g. New | C13: กล่องโมเดล | D13: กล่อง | E13: 20.00 | F13: 0.00 | G13: 0 | H13: 0 | J13: ใช้งาน
A14: 02-BB14 | B14: กล่องเค้กเบาหวิวรสใบเตย 300g. New | C14: กล่องโมเดล | D14: กล่อง | E14: 20.00 | F14: 0.00 | G14: 0 | H14: 0 | J14: ใช้งาน
... A76: 1113178 | B76: เค้กลอดช่องกล่องกลม 1 ปอนด์ 265 กรัม | C76: เค้ก | D76: กล่อง | E76: 0.00 | F76: 0.00 | G76: 0 | H76: 0 | J76: ใช้งาน
A77: 1113179 | B77: เค้กลอดช่องกล่องกลม 2 ปอนด์ 325 กรัม | C77: เค้ก | D77: กล่อง | E77: 240.00 | F77: 0.00 | G77: 0 | H77: 0 | I77: สินค้าระบายจากทางออนไลน์ ขาย 120 บาท | J77: ใช้งาน
A78: 1113185 | B78: ข้าวเกรียบว่าว (กระปุก) | C78: ขนมปัง แซนวิส | D78: กระปุก | E78: 40.00 | F78: 0.00 | G78: 0 | H78: 0 | J78: ใช้งาน
A79: 1113191 | B79: เค้กตะโก้เผือกหอม 120 กรัม | C79: เค้ก | D79: กล่อง | E79: 35.00 | F79: 0.00 | G79: 0 | H79: 0 | J79: ใช้งาน
A80: 1113192 | B80: ปังนุ่มมะพร้าว 100 กรัม | C80: ขนมปัง แซนวิส | D80: กล่อง | E80: 35.00 | F80: 0.00 | G80: 0 | H80: 0 | I80: บิ๊กซี | J80: ใช้งาน
A81: 1113193 | B81: ปังนุ่มชาไทย 100 กรัม | C81: ขนมปัง แซนวิส | D81: กล่อง | E81: 35.00 | F81: 0.00 | G81: 0 | H81: 0 | I81: บิ๊กซี | J81: ใช้งาน
A82: 1113194 | B82: บานอฟฟี่ 140 กรัม | C82: เค้ก | D82: กล่อง | E82: 45.00 | F82: 0.00 | G82: 0 | H82: 0 | I82: ราคาเต็ม 45 บาท , ราคาของระบาย 20 บาท | J82: ใช้งาน
A83: 1114024 | B83: สังขยา 1 ชิ้น | C83: ขนมปัง แซนวิส | D83: ชิ้น | E83: 10.00 | F83: 0.00 | G83: 0 | H83: 0 | J83: ใช้งาน
A84: 11140500 | B84: ขนมปังเลเยอร์ | C84: ขนมปัง แซนวิส | D84: ถุง | E84: 65.00 | F84: 0.00 | G84: 0 | H84: 0 | J84: ใช้งาน
A85: 1114056 | B85: ขนมปุยฝ้าย คละรส (4 ชิ้น) | C85: ขนมปัง แซนวิส | D85: กล่อง | E85: 50.00 | F85: 0.00 | G85: 0 | H85: 0 | J85: ใช้งาน
A86: 1114057 | B86: ขนมปุยฝ้าย สีชมพู (1 ปอนด์) | C86: ขนมปัง แซนวิส | D86: กล่อง | E86: 60.00 | F86: 0.00 | G86: 0 | H86: 0 | J86: ใช้งาน
A87: 1114058 | B87: ขนมปุยฝ้าย สีชมพู (4 ชิ้น) | C87: ขนมปัง แซนวิส | D87: กล่อง | E87: 50.00 | F87: 0.00 | G87: 0 | H87: 0 | J87: ใช้งาน
A88: 1114059 | B88: ขนมปุยฝ้าย สีขาว (1 ปอนด์) | C88: ขนมปัง แซนวิส | D88: กล่อง | E88: 60.00 | F88: 0.00 | G88: 0 | H88: 0 | J88: ใช้งาน
A89: 1114060 | B89: ขนมปุยฝ้าย สีขาว (4 ชิ้น) | C89: ขนมปัง แซนวิส | D89: กล่อง | E89: 50.00 | F89: 0.00 | G89: 0 | H89: 0 | J89: ใช้งาน
A90: 1124024 | B90: ขนมปังไส้ฝอยทอง (ชิ้น) | C90: ขนมปัง แซนวิส | D90: ชิ้น | E90: 30.00 | F90: 0.00 | G90: 0 | H90: 0 | J90: ใช้งาน
A91: 1124037 | B91: ขนมปังไส้พริกเผาไก่หยอง (ชิ้น) | C91: ขนมปัง แซนวิส | D91: ชิ้น | E91: 30.00 | F91: 0.00 | G91: 0 | H91: 0 | J91: ใช้งาน
A92: 1124038 | B92: ขนมปังไส้แยมบลูเบอร์รี่ (ชิ้น) | C92: ขนมปัง แซนวิส | D92: ชิ้น | E92: 30.00 | F92: 0.00 | G92: 0 | H92: 0 | J92: ใช้งาน
A93: 1124039 | B93: ขนมปังไส้แยมสตรอเบอร์รี่ (ชิ้น) | C93: ขนมปัง แซนวิส | D93: ชิ้น | E93: 30.00 | F93: 0.00 | G93: 0 | H93: 0 | J93: ใช้งาน
A94: 1124040 | B94: ขนมปังไส้ลูกเกดฝอยทอง (ชิ้น) | C94: ขนมปัง แซนวิส | D94: ชิ้น | E94: 30.00 | F94: 0.00 | G94: 0 | H94: 0 | J94: ใช้งาน
... A96: 1200032 | B96: (NP)มาม่อนคัฟ รวมรส (6ชิ้น) | C96: หนองพงนก | D96: กล่อง | E96: 80.00 | F96: 0.00 | G96: 0 | H96: 0 | J96: ใช้งาน
A97: 1200092 | B97: ท๊อฟฟี่ถั่ว (กิโล) | D97: กิโลกรัม | E97: 200.00 | F97: 0.00 | G97: 0 | H97: 0 | J97: ใช้งาน
A98: 1300005 | B98: เค้กมะพร้าวลาวา 85 กรัม | C98: เค้ก | D98: กล่อง | E98: 35.00 | F98: 0.00 | G98: 0 | H98: 0 | J98: ใช้งาน
A99: 1300006 | B99: แซนด์วิช แฮมไข่ดาว | C99: ขนมปัง แซนวิส | D99: กล่อง | E99: 35.00 | F99: 0.00 | G99: 0 | H99: 0 | J99: ใช้งาน
A100: 13082000 | B100: หนังสือนิทาน วาดภาพ | C100: รพ.สินแพทย์ | D100: ชิ้น | E100: 20.00 | F100: 0.00 | G100: 0 | H100: 0 | J100: ใช้งาน
A101: 13082001 | B101: ห้องครัว | C101: รพ.สินแพทย์ | D101: กล่อง | E101: 450.00 | F101: 0.00 | G101: 0 | H101: 0 | J101: ใช้งาน
A102: 13082002 | B102: ฮีโร่แผง 150 | C102: รพ.สินแพทย์ | D102: ชิ้น | E102: 150.00 | F102: 0.00 | G102: 0 | H102: 0 | J102: ใช้งาน
A103: 13082003 | B103: ฮีโร่แผง 250 | C103: รพ.สินแพทย์ | D103: ชิ้น | E103: 250.00 | F103: 0.00 | G103: 0 | H103: 0 | J103: ใช้งาน
A104: 13082004 | B104: ฮีโร่แผง 350 | C104: รพ.สินแพทย์ | D104: ชิ้น | E104: 450.00 | F104: 0.00 | G104: 0 | H104: 0 | J104: ใช้งาน
A105: 13082005 | B105: ฮีโร่แผง 450 | C105: รพ.สินแพทย์ | D105: ชิ้น | E105: 450.00 | F105: 0.00 | G105: 0 | H105: 0 | J105: ใช้งาน
A106: 13082006 | B106: เซ็ตหน้ากาก | C106: รพ.สินแพทย์ | D106: ชิ้น | E106: 450.00 | F106: 0.00 | G106: 0 | H106: 0 | J106: ใช้งาน
A107: 13082007 | B107: พัดลม 100 | C107: รพ.สินแพทย์ | D107: ชิ้น | E107: 100.00 | F107: 0.00 | G107: 0 | H107: 0 | J107: ใช้งาน
A108: 13082008 | B108: พัดลม 150 | C108: รพ.สินแพทย์ | D108: ชิ้น | E108: 150.00 | F108: 0.00 | G108: 0 | H108: 0 | J108: ใช้งาน
A109: 13082009 | B109: เฮริคอปเตอร์ | C109: รพ.สินแพทย์ | D109: ชิ้น | E109: 450.00 | F109: 0.00 | G109: 0 | H109: 0 | J109: ใช้งาน
... A205: 20055951 | B205: เค้กบัวลอยมะพร้าวอ่อน 100 กรัม | C205: เค้ก | D205: กล่อง | E205: 35.00 | F205: 0.00 | G205: 0 | H205: 0 | J205: ใช้งาน
A206: 20056257 | B206: เอแคลร์ชาไทย 125g. | C206: ขนมปัง แซนวิส | E206: 35.00 | F206: 0.00 | G206: 0 | H206: 0 | J206: ใช้งาน
A207: 22082301 | B207: เครื่องดื่มผสมเฉาก๋วย | C207: เครื่องดื่ม | D207: แก้ว | E207: 12.00 | F207: 0.00 | G207: 0 | H207: 0 | J207: ใช้งาน
A208: 22092566 | B208: ไดฟุกุสตอเบอรี่มัทฉะ | C208: หมวดอื่นๆ | D208: กล่อง | E208: 40.00 | F208: 0.00 | G208: 0 | H208: 0 | J208: ใช้งาน
A209: 25082566 | B209: NP ฝอยทอง (ญ) ห่อซีน | C209: หนองพงนก | D209: กล่อง | E209: 120.00 | F209: 0.00 | G209: 0 | H209: 0 | J209: ใช้งาน
A210: 2566102301 | B210: ครีมฮอร์น วนิลา ฝอยทอง | C210: ครีมฮอร์น | D210: กล่อง | E210: 65.00 | F210: 0.00 | G210: 0 | H210: 0 | J210: ใช้งาน
A211: 2566102302 | B211: ครีมฮอร์น ใบเตย ฝอยทอง | C211: ครีมฮอร์น | D211: กล่อง | E211: 65.00 | F211: 0.00 | G211: 0 | H211: 0 | J211: ใช้งาน
A212: 2566102303 | B212: ครีมฮอร์น ช็อคโกแลต ฝอยทอง | C212: ครีมฮอร์น | D212: กล่อง | E212: 65.00 | F212: 0.00 | G212: 0 | H212: 0 | J212: ใช้งาน
A213: 2566110401 | B213: เค้กโบราณรวมรส 12 ชิ้น | C213: หมวดอื่นๆ | D213: กล่อง | E213: 150.00 | F213: 0.00 | G213: 0 | H213: 0 | J213: ใช้งาน
A214: 2566110402 | B214: เค้กโบราณครีม 12 ชิ้น | C214: หมวดอื่นๆ | D214: กล่อง | E214: 150.00 | F214: 0.00 | G214: 0 | H214: 0 | J214: ใช้งาน
A215: 2566110403 | B215: โบราณ 12 ชิ้น ครีม | C215: หมวดอื่นๆ | D215: กล่อง | E215: 150.00 | F215: 0.00 | G215: 0 | H215: 0 | J215: ใช้งาน
A216: 2566111001 | B216: ตุ๊กตา Skibidi Toilet | C216: หมวดอื่นๆ | D216: แพ็ค | E216: 220.00 | F216: 0.00 | G216: 0 | H216: 0 | J216: ใช้งาน
A217: 25661201 | B217: วุ้นแฟนซี (N) | C217: วุ้น | D217: กล่อง | E217: 80.00 | F217: 0.00 | G217: 0 | H217: 0 | I217: ซัพนอก | J217: ใช้งาน
A218: 25661202 | B218: วุ้นวันแม่ (N) | C218: วุ้น | D218: กล่อง | E218: 130.00 | F218: 0.00 | G218: 0 | H218: 0 | I218: ซัพนอก | J218: ใช้งาน
A219: 25661208 | B219: ถั่วลันเตา | C219: หมวดอื่นๆ | D219: กล่อง | E219: 40.00 | F219: 0.00 | G219: 0 | H219: 0 | J219: ใช้งาน
A220: 25661209 | B220: ทองม้วนทรงเครื่อง | C220: หมวดอื่นๆ | D220: กล่อง | E220: 55.00 | F220: 0.00 | G220: 0 | H220: 0 | J220: ใช้งาน
A221: 25661225 | B221: โบราณ 4 ชิ้น คริสต์มาส | C221: เค้ก | D221: กล่อง | E221: 60.00 | F221: 0.00 | G221: 0 | H221: 0 | J221: ใช้งาน
A222: 26122566 | B222: อาลัว | C222: คุ๊กกี้ ขนม | D222: กระปุก | E222: 0.00 | F222: 0.00 | G222: 0 | H222: 0 | J222: ใช้งาน
A223: 2808202301 | B223: ขนมปุยฝ้าย4ชิ้น สีชมพู | C223: ขนมปัง แซนวิส | D223: กล่อง | E223: 50.00 | F223: 0.00 | G223: 0 | H223: 0 | I223: สินคาแนะนำช่วงเทศกาลวันสาทจีน | J223: ใช้งาน
A224: 3108202301 | B224: โอวัลตินเย็น | C224: เครื่องดื่ม | D224: แก้ว | E224: 50.00 | F224: 0.00 | G224: 0 | H224: 0 | J224: ใช้งาน
A225: 31082566 | B225: วุ้นลูกส้ม (N) | C225: วุ้น | D225: กล่อง | E225: 45.00 | F225: 0.00 | G225: 0 | H225: 0 | I225: ซัพนอก | J225: ใช้งาน
A226: 6972781480569 | B226: รถถังช้างมีไฟ | C226: ของเล่น | D226: ชิ้น | E226: 150.00 | F226: 0.00 | G226: 0 | H226: 0 | J226: ใช้งาน
A227: 7263406968904 | B227: ชุดทำกิ๊ฟ | C227: ของเล่น | D227: กล่อง | E227: 120.00 | F227: 0.00 | G227: 0 | H227: 0 | J227: ใช้งาน
A228: 885712004046 | B228: ครีมฮอร์นฝอยทอง จัมโบ้ 65g. | C228: ครีมฮอร์น | D228: ชิ้น | E228: 35.00 | F228: 0.00 | G228: 0 | H228: 0 | J228: ใช้งาน
A229: 885712004053 | B229: ครีมฮอร์นบลูเบอร์รี่ จัมโบ้ 65g. | C229: ครีมฮอร์น | D229: ชิ้น | E229: 35.00 | F229: 0.00 | G229: 0 | H229: 0 | J229: ใช้งาน
A230: 885712004060 | B230: ครีมฮอร์นสตรอเบอร์รี่ จัมโบ้ 65g. | C230: ครีมฮอร์น | D230: ชิ้น | E230: 35.00 | F230: 0.00 | G230: 0 | H230: 0 | J230: ใช้งาน
A231: 885712004534 | B231: ชิฟฟ่อนเค้กสอดไส้ครีมมะพร้าว 120g. | C231: ชิฟฟอน | D231: ชิ้น | E231: 35.00 | F231: 0.00 | G231: 0 | H231: 0 | J231: ใช้งาน
A232: 8857125000001 | B232: เปี๊ยะสติ๊กไก่หยอง | C232: ขนมเปี๊ยะ | D232: กล่อง | E232: 55.00 | F232: 0.00 | G232: 0 | H232: 0 | J232: ใช้งาน
A233: 8857125000002 | B233: มินิบันไส้กรอกชีส | C233: ขนมปัง แซนวิส | D233: กล่อง | E233: 45.00 | F233: 0.00 | G233: 0 | H233: 0 | J233: ใช้งาน
A234: 8857125000003 | B234: แซนวิชสังขยา | C234: ขนมปัง แซนวิส | D234: กล่อง | E234: 40.00 | F234: 0.00 | G234: 0 | H234: 0 | J234: ใช้งาน
A235: 8857125000004 | B235: แซนด์วิช โบราณ | C235: ขนมปัง แซนวิส | D235: กล่อง | E235: 40.00 | F235: 0.00 | G235: 0 | H235: 0 | J235: ใช้งาน
A236: 8857125000005 | B236: เค้กหม้อแกงเผือก | C236: เค้ก | D236: กล่อง | E236: 55.00 | F236: 0.00 | G236: 0 | H236: 0 | J236: ไม่ใช้งาน
A237: 8857125000006 | B237: คุกกี้มะพร้าว | C237: คุ๊กกี้ ขนม | D237: กระปุก | E237: 50.00 | F237: 0.00 | G237: 0 | H237: 0 | J237: ใช้งาน
... A333: 8857125001182 | B333: สตอเบอร์รี่ครีมเค้ก | C333: เค้ก | D333: กล่อง | E333: 50.00 | F333: 0.00 | G333: 0 | H333: 0 | J333: ใช้งาน
A334: 8857125001199 | B334: บลูเบอร์รี่ครีมเค้ก | C334: เค้ก | D334: กล่อง | E334: 30.00 | F334: 40.00 | G334: 0 | H334: 0 | I334: ราคาเต็ม 50 | J334: ใช้งาน
A335: 8857125001205 | B335: เค้กส้ม | C335: เค้ก | D335: กล่อง | E335: 50.00 | F335: 46.00 | G335: 0 | H335: 0 | J335: ไม่ใช้งาน
A336: 8857125001229 | B336: วนิลาครีมเค้ก | C336: เค้ก | D336: กล่อง | E336: 30.00 | F336: 35.00 | G336: 0 | H336: 0 | I336: ราคาเต็ม 50 | J336: ใช้งาน
A337: 8857125001236 | B337: ใบเตยครีมเค้ก | C337: เค้ก | D337: กล่อง | E337: 30.00 | F337: 35.00 | G337: 0 | H337: 0 | I337: ราคาเต็ม 50 | J337: ใช้งาน
A338: 8857125001243 | B338: ช็อคโกแล็ตครีมเค้ก | C338: เค้ก | D338: กล่อง | E338: 30.00 | F338: 35.00 | G338: 0 | H338: 0 | I338: ราคาเต็ม 50 | J338: ใช้งาน
A339: 8857125001250 | B339: ช๊อคบอล WWN | C339: คุ๊กกี้ ขนม | D339: กล่อง | E339: 20.00 | F339: 0.00 | G339: 0 | H339: 0 | J339: ใช้งาน
A340: 8857125001267 | B340: ชิฟฟอนหม้อแกง | C340: ชิฟฟอน | D340: กล่อง | E340: 40.00 | F340: 0.00 | G340: 0 | H340: 0 | J340: ใช้งาน
A341: 8857125001281 | B341: ขนมปังเนยนิ่ม (2 ชิ้น) | C341: ขนมปัง แซนวิส | D341: กล่อง | E341: 25.00 | F341: 0.00 | G341: 0 | H341: 0 | J341: ใช้งาน
A342: 8857125001298 | B342: เค้กเบาหวิวฝอยทอง 300 กรัม กล่องแดง | C342: เบาหวิว | D342: กล่อง | E342: 120.00 | F342: 80.00 | G342: 0 | H342: 0 | J342: ไม่ใช้งาน
A343: 8857125001304 | B343: เค้กลาวา ฝอยทอง เล็ก | C343: เค้ก | D343: ชิ้น | E343: 50.00 | F343: 0.00 | G343: 0 | H343: 0 | J343: ใช้งาน
A344: 8857125001311 | B344: ชิฟฟ่อนเค้ก รวมรส (8 ชิ้น) | C344: ชิฟฟอน | D344: กล่อง | E344: 100.00 | F344: 80.00 | G344: 0 | H344: 0 | J344: ใช้งาน
A345: 8857125001328 | B345: ชิฟฟ่อนเค้ก รวมรส (4 ชิ้น) | C345: ชิฟฟอน | D345: กล่อง | E345: 50.00 | F345: 40.00 | G345: 0 | H345: 0 | J345: ใช้งาน
A346: 8857125001335 | B346: แซนด์วิช โฮลวีททูน่า ไร้ขอบ | C346: ขนมปัง แซนวิส | D346: ชิ้น | E346: 45.00 | F346: 0.00 | G346: 0 | H346: 0 | J346: ใช้งาน
A347: 8857125001342 | B347: แซนด์วิช โฮลวีทแฮมชีส ไร้ขอบ | C347: ขนมปัง แซนวิส | D347: ชิ้น | E347: 45.00 | F347: 0.00 | G347: 0 | H347: 0 | J347: ใช้งาน
A348: 8857125001359 | B348: เค้กเบาหวิวฝอยทอง 100 กรัม กล่องแดง | C348: เบาหวิว | D348: กล่อง | E348: 55.00 | F348: 45.00 | G348: 0 | H348: 0 | J348: ไม่ใช้งาน
A349: 8857125001366 | B349: ชิฟฟ่อนเค้กใบเตยสอดไส้ครีมมะพร้าวล้วน (8 ชิ้น) | C349: ชิฟฟอน | D349: กล่อง | E349: 130.00 | F349: 0.00 | G349: 0 | H349: 0 | J349: ใช้งาน
A350: 8857125001380 | B350: บราวน์นี่กรอบ | C350: คุ๊กกี้ ขนม | D350: กระปุก | E350: 50.00 | F350: 0.00 | G350: 0 | H350: 0 | J350: ใช้งาน
... A353: 8857125001427 | B353: ขนมปังหมูหยองมินิ | C353: ขนมปัง แซนวิส | D353: ชิ้น | E353: 50.00 | F353: 40.00 | G353: 0 | H353: 0 | J353: ใช้งาน
A354: 8857125001489 | B354: วุ้นเป็ด (6 ชิ้น) (N) | C354: วุ้น | D354: กล่อง | E354: 40.00 | F354: 0.00 | G354: 0 | H354: 0 | I354: ซัพนอก | J354: ใช้งาน
...

Sheet ต้นทุนพี่ตุ๊ก
A1: รหัสสินค้า | B1: ชื่อสินค้า | C1: ราคาต้นทุน
A2: 1111001 | B2: ชิฟฟ่อนเค้ก 1 ชิ้น
A3: 1111010 | B3: ชิฟฟ่อนเค้กสอดไส้แยม 1 ชิ้น
A4: 1112539 | B4: ชิฟฟ่อนเค้กสอดไส้ เมล่อน (3 ชิ้น)
A5: 20055116 | B5: ชิฟฟ่อนเค้กสอดไส้ครีมมะพร้าว 120g.
A6: 20055119 | B6: ชิฟฟ่อนเค้กฝอยทอง 95g.
A7: 1124027 | B7: ครีมฮอร์นใบเตย จัมโบ้ 65g.
A8: 1124029 | B8: ครีมฮอร์นชาไทย จัมโบ้ 65g.
A9: 20055115 | B9: ครีมฮอร์นคิทแคท 70g.
A10: 1200019 | B10: NP เค้กโบราณครีม 6 ชิ้น
A11: 1200020 | B11: NP เเค้กโบราณผลไม้ 6 ชิ้น
A12: 5002400 | B12: เค้กลาวา ฝอยทอง เล็ก
A13: 1113011 | B13: เค้กลาวา ฝอยทอง ใหญ่
A14: 1113010 | B14: เค้กลาวา ฝอยทองทูโทน ใหญ่
A15: 20054637 | B15: เอแคลร์คิทแคท 55g.
A16: 20056257 | B16: เอแคลร์ชาไทย 125g.
A17: 20054638 | B17: เครปเค้กคิทแคท 65g.
A18: 1113194 | B18: บานอฟฟี่ 140 กรัม
A19: 1006979 | B19: คัพเค้กไส้คัสตาร์ด
A20: 1300005 | B20: เค้กมะพร้าวลาวา 85 กรัม
A21: 1113157 | B21: เค้กลอดช่อง 85 กรัม
A22: 1113178 | B22: เค้กลอดช่องกล่องกลม 1 ปอนด์ 265 กรัม
A23: 1113179 | B23: เค้กลอดช่องกล่องกลม 2 ปอนด์ 325 กรัม
A24: 20053053 | B24: เค้กทุเรียน 90 กรัม
A25: 20055951 | B25: เค้กบัวลอยมะพร้าวอ่อน 100 กรัม
A26: 1113004 | B26: เค้กสามเหลี่ยม รสฝอยทองใบเตย
A27: 1111410 | B27: เค้กวันเกิดมะพร้าวอ่อน 1/2 ปอนด์
A28: 1111406 | B28: เค้กวันเกิดมะพร้าวอ่อน 1 ปอนด์
A29: 1111410 | B29: เค้กวันเกิด 1/2 ปอนด์ ธรรมดา
A30: 1113114 | B30: เค้กวันเกิด 1 ปอนด์ ธรรมดา
A31: 1200003 | B31: ท๊อฟฟี่ถั่ว (กระเช้า)
A32: 1200002 | B32: ท๊อฟฟี่ถั่ว (กล่อง)
A33: 1200001 | B33: คอนเฟลกคาราเมล (เล็ก)
A34: 1006002 | B34: วุ้นฝอยทอง (N)
A35: 25661201 | B35: วุ้นแฟนซี (N)
A36: 1113192 | B36: ปังนุ่มมะพร้าว 100 กรัม
A37: 1113193 | B37: ปังนุ่มชาไทย 100 กรัม
A38: 1113084 | B38: ขนมปังเนยนิ่ม (2 ชิ้น)
A39: 1124002 | B39: ขนมปังสังขยาใบเตยนมสด 4 ชิ้น
A40: 1113110 | B40: ขนมปังไก่หยองน้ำสลัด
A41: 1124039 | B41: ขนมปังไส้แยมสตรอเบอร์รี่ (ชิ้น)
A42: 1124038 | B42: ขนมปังไส้แยมบลูเบอร์รี่ (ชิ้น)
A43: 1115298 | B43: ขนมปังไส้รวมรส
A44: 1113111 | B44: ขนมปังทวิสช็อคโกแล็ต
A45: 1004054 | B45: ขนมปังแฮมมินิ
A46: 11140500 | B46: ขนมปังเลเยอร์
A47: 1114060 | B47: ขนมปุยฝ้าย สีขาว (4 ชิ้น)
A48: 1114058 | B48: ขนมปุยฝ้าย สีชมพู (4 ชิ้น)
A49: 1114059 | B49: ขนมปุยฝ้าย สีขาว (1 ปอนด์)
A50: 1114057 | B50: ขนมปุยฝ้าย สีชมพู (1 ปอนด์)
A51: 1114021 | B51: แซนด์วิช โบราณ
A52: 1300006 | B52: แซนด์วิช แฮมไข่ดาว
A53: 20053054 | B53: โดนัทไส้แยมสตรอเบอร์รี่ 110 กรัม
A54: 1200094 | B54: ขนมอาลัวแฟนซี
A55: 1113185 | B55: ข้าวเกรียบว่าว (กระปุก)
A56: 1200086 | B56: ทองม้วนกรอบ
A57: 25661209 | B57: ทองม้วนทรงเครื่อง
A58: 1113108 | B58: ปังเนยน้ำตาล
A59: 1005761 | B59: ปังกรอบคาราเมล
A60: 1113185 | B60: ข้าวเกรียบว่าว (กระปุก)
A61: 1100038 | B61: ข้าวแต๋นน้ำแตงโม
A62: 1120003 | B62: คุ๊กกี้สิงคโปร์
A63: 1124023 | B63: เปี๊ยะลาวาไข่เค็ม (1 ชิ้น)
A64: 1113143 | B64: กุนเชียง
A65: 1200027 | B65: หมูทุบ
A66: 1113140 | B66: หมูแผ่นกรอบ
A67: 1113141 | B67: หมูแท่งกรอบ
A68: 1113142 | B68: หมูหยอง
A69: 1113200 | B69: หมูฝอย
A70: 1120001 | B70: ผลไม้รวมเล็ก
A71: 1120002 | B71: ผลไม้รวมใหญ่
A72: 03102566 | B72: นมเปรี้ยว
A73: 1710256601 | B73: น้ำผลไม้ (กล่อง)
B74: น้ำเปล่า 600ml.
B75: เทียนวันเกิด
B76: จัดกระเช้า
B77: กระเช้า 12 นิ้ว
B78: กระเช้า 14 นิ้ว
B79: กระเช้า 16 นิ้ว
B80: โบว์กระเช้า
A81: 1710256602 | B81: กล่องจัดเบรค
A82: 1100011 | B82: ชุดจัดเบรค Set A
A83: 1100012 | B83: ชุดจัดเบรค Set B
A84: 1100013 | B84: ชุดจัดเบรค Set C

Sheet สรุป
A2: บูธ EVENT งานเกษตรแฟร์กำแพงแสน 30 พ.ย. 67 - 10 ธ.ค. 67 | Q2: บูธ EVENT งานเกษตรแฟร์กำแพงแสน 30 พ.ย. 67 - 10 ธ.ค. 67
A3: ลำดับ | B3: รหัสสินค้า (POS) | C3: รายการ | D3: หน่วย | E3: ยกมา | F3: รับ | G3: รวม | H3: เปลี่ยน/ | I3: โยกย้าย / ระบาย | J3: คงเหลือ | K3: รายการขาย | N3: หมายเหตุ | O3: ราคาต้นทุน | P3: ยอดรวมต้นทุนสินค้า | Q3: วันที่ | R3: ยอดเงิน | S3: ส่วนลด | T3: สแกนใช้สิทธิ์ | U3: ค่าโอนเงิน | V3: ค่าใช้จ่ายอื่นๆ | W3: โอนหน้าร้าน | X3: รับสุทธิ | Y3: ยอดเงินสด | Z3: โอนเกิน/โอนขาด | AA3: วัน | AB3: รวมยอดขายหลังหักค่าใช้จ่าย
H4: คืน/เสีย | K4: จำนวน | L4: @ | M4: เป็นเงิน
A5: 1 | B5: 8857125001328 | C5: ชิฟฟ่อนเค้ก รวมรส (4 ชิ้น) | D5: กล่อง | E5: =+ยกมา!J5 -> 0 | F5: =+'30'!F5+'1'!F5+'2'!F5+'3'!F5+'4'!F5+'5'!F5+'6'!F5+'7'!F5+'8'!F5+'9'!F5+'10'!F5 -> 148 | G5: =+E5+F5 -> 148 | H5: =+'30'!H5+'1'!H5+'2'!H5+'3'!H5+'4'!H5+'5'!H5+'6'!H5+'7'!H5+'8'!H5+'9'!H5+'10'!H5 -> 0 | I5: =+'30'!I5+'1'!I5+'2'!I5+'3'!I5+'4'!I5+'5'!I5+'6'!I5+'7'!I5+'8'!I5+'9'!I5+'10'!I5 -> 0 | J5: =E5+F5-H5-K5-I5 -> 0 | K5: =+'30'!K5+'1'!K5+'2'!K5+'3'!K5+'4'!K5+'5'!K5+'6'!K5+'7'!K5+'8'!K5+'9'!K5+'10'!K5 -> 148 | L5: 50 | M5: =+'30'!M5+'1'!M5+'2'!M5+'3'!M5+'4'!M5+'5'!M5+'6'!M5+'7'!M5+'8'!M5+'9'!M5+'10'!M5 -> 7400 | O5: 22.48 | P5: =+K5*O5 -> 3327.04 | Q5: 30 | R5: =+'30'!N262 -> 5650 | S5: =+'30'!N267 -> 0 | T5: =+'30'!N265 -> 0 | U5: =+'30'!N263 -> 0 | V5: =+'30'!N266 -> 0 | W5: =+'30'!N264 -> 2295 | X5: =+R5-S5-T5-U5-V5-W5 -> 3355 | Y5: =+'30'!N269 -> 3345 | Z5: =+Y5-X5 -> -10 | AA5: อาทิตย์ | AB5: =+W5+Y5 -> 5640 | AC5: =+W5+Y5+Z5 -> 5630
A6: 2 | B6: 8857125001311 | C6: ชิฟฟ่อนเค้ก รวมรส (8 ชิ้น) | D6: กล่อง | E6: =+ยกมา!J6 -> 0 | F6: =+'30'!F6+'1'!F6+'2'!F6+'3'!F6+'4'!F6+'5'!F6+'6'!F6+'7'!F6+'8'!F6+'9'!F6+'10'!F6 -> 500 | G6: =+E6+F6 -> 500 | H6: =+'30'!H6+'1'!H6+'2'!H6+'3'!H6+'4'!H6+'5'!H6+'6'!H6+'7'!H6+'8'!H6+'9'!H6+'10'!H6 -> 0 | I6: =+'30'!I6+'1'!I6+'2'!I6+'3'!I6+'4'!I6+'5'!I6+'6'!I6+'7'!I6+'8'!I6+'9'!I6+'10'!I6 -> 62 | J6: =E6+F6-H6-K6-I6 -> 67 | K6: =+'30'!K6+'1'!K6+'2'!K6+'3'!K6+'4'!K6+'5'!K6+'6'!K6+'7'!K6+'8'!K6+'9'!K6+'10'!K6 -> 371 | L6: 100 | M6: =+'30'!M6+'1'!M6+'2'!M6+'3'!M6+'4'!M6+'5'!M6+'6'!M6+'7'!M6+'8'!M6+'9'!M6+'10'!M6 -> 37100 | O6: 39.29 | P6: =+K6*O6 -> 14576.59 | Q6: 1 | R6: =+'1'!N262 -> 20215 | S6: =+'1'!N267 -> 265 | T6: =+'1'!N265 -> 0 | U6: =+'1'!N263 -> 0 | V6: =+'1'!N266 -> 0 | W6: =+'1'!N264 -> 6175 | X6: =+R6-S6-T6-U6-V6-W6 -> 13775 | Y6: =+'1'!N269 -> 13795 | Z6: =+Y6-X6 -> 20 | AA6: จันทร์ | AB6: =+W6+Y6 -> 19970 | AC6: =+W6+Y6+Z6 -> 19990
A7: 3 | B7: 8857125003841 | C7: ชิฟฟ่อนเค้ก รสกาแฟ (4 ชิ้น) | D7: ชิ้น | E7: =+ยกมา!J7 -> 0 | F7: =+'30'!F7+'1'!F7+'2'!F7+'3'!F7+'4'!F7+'5'!F7+'6'!F7+'7'!F7+'8'!F7+'9'!F7+'10'!F7 -> 0 | G7: =+E7+F7 -> 0 | H7: =+'30'!H7+'1'!H7+'2'!H7+'3'!H7+'4'!H7+'5'!H7+'6'!H7+'7'!H7+'8'!H7+'9'!H7+'10'!H7 -> 0 | I7: =+'30'!I7+'1'!I7+'2'!I7+'3'!I7+'4'!I7+'5'!I7+'6'!I7+'7'!I7+'8'!I7+'9'!I7+'10'!I7 -> 0 | J7: =E7+F7-H7-K7-I7 -> 0 | K7: =+'30'!K7+'1'!K7+'2'!K7+'3'!K7+'4'!K7+'5'!K7+'6'!K7+'7'!K7+'8'!K7+'9'!K7+'10'!K7 -> 0 | L7: 50 | M7: =+'30'!M7+'1'!M7+'2'!M7+'3'!M7+'4'!M7+'5'!M7+'6'!M7+'7'!M7+'8'!M7+'9'!M7+'10'!M7 -> 0 | O7: 26.11 | P7: =+K7*O7 -> 0 | Q7: 2 | R7: =+'2'!N262 -> 14793 | S7: =+'2'!N267 -> 378 | T7: =+'2'!N265 -> 0 | U7: =+'2'!N263 -> 0 | V7: =+'2'!N266 -> 0 | W7: =+'2'!N264 -> 4370 | X7: =+R7-S7-T7-U7-V7-W7 -> 10045 | Y7: =+'2'!N269 -> 10025 | Z7: =+Y7-X7 -> -20 | AA7: อังคาร | AB7: =+W7+Y7 -> 14395 | AC7: =+W7+Y7+Z7 -> 14375
A8: 4 | B8: 8857125003827 | C8: ชิฟฟ่อนเค้ก รสกาแฟ (8 ชิ้น) | D8: กล่อง | E8: =+ยกมา!J8 -> 0 | F8: =+'30'!F8+'1'!F8+'2'!F8+'3'!F8+'4'!F8+'5'!F8+'6'!F8+'7'!F8+'8'!F8+'9'!F8+'10'!F8 -> 0 | G8: =+E8+F8 -> 0 | H8: =+'30'!H8+'1'!H8+'2'!H8+'3'!H8+'4'!H8+'5'!H8+'6'!H8+'7'!H8+'8'!H8+'9'!H8+'10'!H8 -> 0 | I8: =+'30'!I8+'1'!I8+'2'!I8+'3'!I8+'4'!I8+'5'!I8+'6'!I8+'7'!I8+'8'!I8+'9'!I8+'10'!I8 -> 0 | J8: =E8+F8-H8-K8-I8 -> 0 | K8: =+'30'!K8+'1'!K8+'2'!K8+'3'!K8+'4'!K8+'5'!K8+'6'!K8+'7'!K8+'8'!K8+'9'!K8+'10'!K8 -> 0 | L8: 100 | M8: =+'30'!M8+'1'!M8+'2'!M8+'3'!M8+'4'!M8+'5'!M8+'6'!M8+'7'!M8+'8'!M8+'9'!M8+'10'!M8 -> 0 | O8: 33.89 | P8: =+K8*O8 -> 0 | Q8: 3 | R8: =+'3'!N262 -> 16346 | S8: =+'3'!N267 -> 2071 | T8: =+'3'!N265 -> 0 | U8: =+'3'!N263 -> 0 | V8: =+'3'!N266 -> 0 | W8: =+'3'!N264 -> 5335 | X8: =+R8-S8-T8-U8-V8-W8 -> 8940 | Y8: =+'3'!N269 -> 8945 | Z8: =+Y8-X8 -> 5 | AA8: พุธ | AB8: =+W8+Y8 -> 14280 | AC8: =+W8+Y8+Z8 -> 14285
A9: 5 | B9: 8857125002257 | C9: ชิฟฟ่อนเค้ก 1 ชิ้น | D9: ชิ้น | E9: =+ยกมา!J9 -> 0 | F9: =+'30'!F9+'1'!F9+'2'!F9+'3'!F9+'4'!F9+'5'!F9+'6'!F9+'7'!F9+'8'!F9+'9'!F9+'10'!F9 -> 250 | G9: =+E9+F9 -> 250 | H9: =+'30'!H9+'1'!H9+'2'!H9+'3'!H9+'4'!H9+'5'!H9+'6'!H9+'7'!H9+'8'!H9+'9'!H9+'10'!H9 -> 0 | I9: =+'30'!I9+'1'!I9+'2'!I9+'3'!I9+'4'!I9+'5'!I9+'6'!I9+'7'!I9+'8'!I9+'9'!I9+'10'!I9 -> 0 | J9: =E9+F9-H9-K9-I9 -> 0 | K9: =+'30'!K9+'1'!K9+'2'!K9+'3'!K9+'4'!K9+'5'!K9+'6'!K9+'7'!K9+'8'!K9+'9'!K9+'10'!K9 -> 250 | L9: 10 | M9: =+'30'!M9+'1'!M9+'2'!M9+'3'!M9+'4'!M9+'5'!M9+'6'!M9+'7'!M9+'8'!M9+'9'!M9+'10'!M9 -> 2500 | O9: 4.5 | P9: =+K9*O9 -> 1125 | Q9: 4 | R9: =+'4'!N262 -> 23944 | S9: =+'4'!N267 -> 2829 | T9: =+'4'!N265 -> 0 | U9: =+'4'!N263 -> 0 | V9: =+'4'!N266 -> 0 | W9: =+'4'!N264 -> 7015 | X9: =+R9-S9-T9-U9-V9-W9 -> 14100 | Y9: =+'4'!N269 -> 13390 | Z9: =+Y9-X9 -> -710 | AA9: พฤหัสบดี | AB9: =+W9+Y9 -> 20405 | AC9: =+W9+Y9+Z9 -> 19695
A10: 6 | B10: 8857125002264 | C10: ชิฟฟ่อนเค้กสอดไส้แยม 1 ชิ้น | D10: ชิ้น | E10: =+ยกมา!J10 -> 0 | F10: =+'30'!F10+'1'!F10+'2'!F10+'3'!F10+'4'!F10+'5'!F10+'6'!F10+'7'!F10+'8'!F10+'9'!F10+'10'!F10 -> 0 | G10: =+E10+F10 -> 0 | H10: =+'30'!H10+'1'!H10+'2'!H10+'3'!H10+'4'!H10+'5'!H10+'6'!H10+'7'!H10+'8'!H10+'9'!H10+'10'!H10 -> 0 | I10: =+'30'!I10+'1'!I10+'2'!I10+'3'!I10+'4'!I10+'5'!I10+'6'!I10+'7'!I10+'8'!I10+'9'!I10+'10'!I10 -> 0 | J10: =E10+F10-H10-K10-I10 -> 0 | K10: =+'30'!K10+'1'!K10+'2'!K10+'3'!K10+'4'!K10+'5'!K10+'6'!K10+'7'!K10+'8'!K10+'9'!K10+'10'!K10 -> 0 | L10: 15 | M10: =+'30'!M10+'1'!M10+'2'!M10+'3'!M10+'4'!M10+'5'!M10+'6'!M10+'7'!M10+'8'!M10+'9'!M10+'10'!M10 -> 0 | O10: 4.5 | P10: =+K10*O10 -> 0 | Q10: 5 | R10: =+'5'!N262 -> 37925 | S10: =+'5'!N267 -> 4895 | T10: =+'5'!N265 -> 0 | U10: =+'5'!N263 -> 0 | V10: =+'5'!N266 -> 0 | W10: =+'5'!N264 -> 7595 | X10: =+R10-S10-T10-U10-V10-W10 -> 25435 | Y10: =+'5'!N269 -> 24785 | Z10: =+Y10-X10 -> -650 | AA10: ศุกร์ | AB10: =+W10+Y10 -> 32380 | AC10: =+W10+Y10+Z10 -> 31730
A11: 7 | B11: 8857125001830 | C11: ชิฟฟ่อนเค้กสอดไส้ รวมรส (3 ชิ้น) | D11: กล่อง | E11: =+ยกมา!J11 -> 0 | F11: =+'30'!F11+'1'!F11+'2'!F11+'3'!F11+'4'!F11+'5'!F11+'6'!F11+'7'!F11+'8'!F11+'9'!F11+'10'!F11 -> 90 | G11: =+E11+F11 -> 90 | H11: =+'30'!H11+'1'!H11+'2'!H11+'3'!H11+'4'!H11+'5'!H11+'6'!H11+'7'!H11+'8'!H11+'9'!H11+'10'!H11 -> 0 | I11: =+'30'!I11+'1'!I11+'2'!I11+'3'!I11+'4'!I11+'5'!I11+'6'!I11+'7'!I11+'8'!I11+'9'!I11+'10'!I11 -> 0 | J11: =E11+F11-H11-K11-I11 -> 12 | K11: =+'30'!K11+'1'!K11+'2'!K11+'3'!K11+'4'!K11+'5'!K11+'6'!K11+'7'!K11+'8'!K11+'9'!K11+'10'!K11 -> 78 | L11: 50 | M11: =+'30'!M11+'1'!M11+'2'!M11+'3'!M11+'4'!M11+'5'!M11+'6'!M11+'7'!M11+'8'!M11+'9'!M11+'10'!M11 -> 3900 | O11: 16.94 | P11: =+K11*O11 -> 1321.32 | Q11: 6 | R11: =+'6'!N262 -> 24381 | S11: =+'6'!N267 -> 2246 | T11: =+'6'!N265 -> 0 | U11: =+'6'!N263 -> 0 | V11: =+'6'!N266 -> 0 | W11: =+'6'!N264 -> 8855 | X11: =+R11-S11-T11-U11-V11-W11 -> 13280 | Y11: =+'6'!N269 -> 13110 | Z11: =+Y11-X11 -> -170 | AA11: เสาร์ | AB11: =+W11+Y11 -> 21965 | AC11: =+W11+Y11+Z11 -> 21795
A12: 8 | B12: 1112539 | C12: ชิฟฟ่อนเค้กสอดไส้ เมล่อน (3 ชิ้น) | D12: กล่อง | E12: =+ยกมา!J12 -> 0 | F12: =+'30'!F12+'1'!F12+'2'!F12+'3'!F12+'4'!F12+'5'!F12+'6'!F12+'7'!F12+'8'!F12+'9'!F12+'10'!F12 -> 0 | G12: =+E12+F12 -> 0 | H12: =+'30'!H12+'1'!H12+'2'!H12+'3'!H12+'4'!H12+'5'!H12+'6'!H12+'7'!H12+'8'!H12+'9'!H12+'10'!H12 -> 0 | I12: =+'30'!I12+'1'!I12+'2'!I12+'3'!I12+'4'!I12+'5'!I12+'6'!I12+'7'!I12+'8'!I12+'9'!I12+'10'!I12 -> 0 | J12: =E12+F12-H12-K12-I12 -> 0 | K12: =+'30'!K12+'1'!K12+'2'!K12+'3'!K12+'4'!K12+'5'!K12+'6'!K12+'7'!K12+'8'!K12+'9'!K12+'10'!K12 -> 0 | L12: 50 | M12: =+'30'!M12+'1'!M12+'2'!M12+'3'!M12+'4'!M12+'5'!M12+'6'!M12+'7'!M12+'8'!M12+'9'!M12+'10'!M12 -> 0 | O12: 16.5 | P12: =+K12*O12 -> 0 | Q12: 7 | R12: =+'7'!N262 -> 38696 | S12: =+'7'!N267 -> 6471 | T12: =+'7'!N265 -> 0 | U12: =+'7'!N263 -> 0 | V12: =+'7'!N266 -> 2800 | W12: =+'7'!N264 -> 9040 | X12: =+R12-S12-T12-U12-V12-W12 -> 20385 | Y12: =+'7'!N269 -> 20385 | Z12: =+Y12-X12 -> 0 | AA12: อาทิตย์ | AB12: =+W12+Y12 -> 29425 | AC12: =+W12+Y12+Z12 -> 29425
A13: 9 | B13: 8857125000055 | C13: ชิฟฟ่อนเค้กสอดไส้แยม รสบลูเบอร์รี่ (3 ชิ้น) | D13: กล่อง | E13: =+ยกมา!J13 -> 0 | F13: =+'30'!F13+'1'!F13+'2'!F13+'3'!F13+'4'!F13+'5'!F13+'6'!F13+'7'!F13+'8'!F13+'9'!F13+'10'!F13 -> 0 | G13: =+E13+F13 -> 0 | H13: =+'30'!H13+'1'!H13+'2'!H13+'3'!H13+'4'!H13+'5'!H13+'6'!H13+'7'!H13+'8'!H13+'9'!H13+'10'!H13 -> 0 | I13: =+'30'!I13+'1'!I13+'2'!I13+'3'!I13+'4'!I13+'5'!I13+'6'!I13+'7'!I13+'8'!I13+'9'!I13+'10'!I13 -> 0 | J13: =E13+F13-H13-K13-I13 -> 0 | K13: =+'30'!K13+'1'!K13+'2'!K13+'3'!K13+'4'!K13+'5'!K13+'6'!K13+'7'!K13+'8'!K13+'9'!K13+'10'!K13 -> 0 | L13: 50 | M13: =+'30'!M13+'1'!M13+'2'!M13+'3'!M13+'4'!M13+'5'!M13+'6'!M13+'7'!M13+'8'!M13+'9'!M13+'10'!M13 -> 0 | O13: 17.32 | P13: =+K13*O13 -> 0 | Q13: 8 | R13: =+'8'!N262 -> 26565 | S13: =+'8'!N267 -> 4960 | T13: =+'8'!N265 -> 0 | U13: =+'8'!N263 -> 0 | V13: =+'8'!N266 -> 0 | W13: =+'8'!N264 -> 5240 | X13: =+R13-S13-T13-U13-V13-W13 -> 16365 | Y13: =+'8'!N269 -> 16165 | Z13: =+Y13-X13 -> -200 | AA13: จันทร์ | AB13: =+W13+Y13 -> 21405 | AC13: =+W13+Y13+Z13 -> 21205
A14: 10 | B14: 8857125000987 | C14: ชิฟฟ่อนเค้กสอดไส้แยม รสส้ม (3 ชิ้น) | D14: กล่อง | E14: =+ยกมา!J14 -> 0 | F14: =+'30'!F14+'1'!F14+'2'!F14+'3'!F14+'4'!F14+'5'!F14+'6'!F14+'7'!F14+'8'!F14+'9'!F14+'10'!F14 -> 0 | G14: =+E14+F14 -> 0 | H14: =+'30'!H14+'1'!H14+'2'!H14+'3'!H14+'4'!H14+'5'!H14+'6'!H14+'7'!H14+'8'!H14+'9'!H14+'10'!H14 -> 0 | I14: =+'30'!I14+'1'!I14+'2'!I14+'3'!I14+'4'!I14+'5'!I14+'6'!I14+'7'!I14+'8'!I14+'9'!I14+'10'!I14 -> 0 | J14: =E14+F14-H14-K14-I14 -> 0 | K14: =+'30'!K14+'1'!K14+'2'!K14+'3'!K14+'4'!K14+'5'!K14+'6'!K14+'7'!K14+'8'!K14+'9'!K14+'10'!K14 -> 0 | L14: 50 | M14: =+'30'!M14+'1'!M14+'2'!M14+'3'!M14+'4'!M14+'5'!M14+'6'!M14+'7'!M14+'8'!M14+'9'!M14+'10'!M14 -> 0 | O14: 21.22 | P14: =+K14*O14 -> 0 | Q14: 9 | R14: =+'9'!N262 -> 19040 | S14: =+'9'!N267 -> 3185 | T14: =+'9'!N265 -> 0 | U14: =+'9'!N263 -> 0 | V14: =+'9'!N266 -> 0 | W14: =+'9'!N264 -> 5500 | X14: =+R14-S14-T14-U14-V14-W14 -> 10355 | Y14: =+'9'!N269 -> 10010 | Z14: =+Y14-X14 -> -345 | AA14: อังคาร | AB14: =+W14+Y14 -> 15510 | AC14: =+W14+Y14+Z14 -> 15165
A15: 11 | B15: 8857125000246 | C15: ชิฟฟ่อนเค้กหน้าฝอยทอง สอดไส้แยมส้ม (3 ชิ้น) | D15: กล่อง | E15: =+ยกมา!J15 -> 0 | F15: =+'30'!F15+'1'!F15+'2'!F15+'3'!F15+'4'!F15+'5'!F15+'6'!F15+'7'!F15+'8'!F15+'9'!F15+'10'!F15 -> 40 | G15: =+E15+F15 -> 40 | H15: =+'30'!H15+'1'!H15+'2'!H15+'3'!H15+'4'!H15+'5'!H15+'6'!H15+'7'!H15+'8'!H15+'9'!H15+'10'!H15 -> 0 | I15: =+'30'!I15+'1'!I15+'2'!I15+'3'!I15+'4'!I15+'5'!I15+'6'!I15+'7'!I15+'8'!I15+'9'!I15+'10'!I15 -> 0 | J15: =E15+F15-H15-K15-I15 -> 0 | K15: =+'30'!K15+'1'!K15+'2'!K15+'3'!K15+'4'!K15+'5'!K15+'6'!K15+'7'!K15+'8'!K15+'9'!K15+'10'!K15 -> 40 | L15: 50 | M15: =+'30'!M15+'1'!M15+'2'!M15+'3'!M15+'4'!M15+'5'!M15+'6'!M15+'7'!M15+'8'!M15+'9'!M15+'10'!M15 -> 2000 | O15: 24.37 | P15: =+K15*O15 -> 974.8 | Q15: 10 | R15: =+'10'!N262 -> 35495 | S15: =+'10'!N267 -> 10206 | T15: =+'10'!N265 -> 0 | U15: =+'10'!N263 -> 0 | V15: =+'10'!N266 -> 0 | W15: =+'10'!N264 -> 5500 | X15: =+R15-S15-T15-U15-V15-W15 -> 19789 | Y15: =+'10'!N269 -> 18825 | Z15: =+Y15-X15 -> -964 | AA15: พุธ | AB15: =+W15+Y15 -> 24325 | AC15: =+W15+Y15+Z15 -> 23361
A16: 12 | C16: ชิฟฟ่อนเค้กหน้าฝอยทองทูโทน สอดไส้แยมส้ม (3 ชิ้น) | D16: กล่อง | E16: =+ยกมา!J16 -> 0 | F16: =+'30'!F16+'1'!F16+'2'!F16+'3'!F16+'4'!F16+'5'!F16+'6'!F16+'7'!F16+'8'!F16+'9'!F16+'10'!F16 -> 0 | G16: =+E16+F16 -> 0 | H16: =+'30'!H16+'1'!H16+'2'!H16+'3'!H16+'4'!H16+'5'!H16+'6'!H16+'7'!H16+'8'!H16+'9'!H16+'10'!H16 -> 0 | I16: =+'30'!I16+'1'!I16+'2'!I16+'3'!I16+'4'!I16+'5'!I16+'6'!I16+'7'!I16+'8'!I16+'9'!I16+'10'!I16 -> 0 | J16: =E16+F16-H16-K16-I16 -> 0 | K16: =+'30'!K16+'1'!K16+'2'!K16+'3'!K16+'4'!K16+'5'!K16+'6'!K16+'7'!K16+'8'!K16+'9'!K16+'10'!K16 -> 0 | L16: 50 | M16: =+'30'!M16+'1'!M16+'2'!M16+'3'!M16+'4'!M16+'5'!M16+'6'!M16+'7'!M16+'8'!M16+'9'!M16+'10'!M16 -> 0 | O16: 0 | P16: =+K16*O16 -> 0 | R16: =SUM(R5:R15) -> 263050 | S16: =SUM(S5:S15) -> 37506 | T16: =SUM(T5:T15) -> 0 | U16: =SUM(U5:U15) -> 0 | V16: =SUM(V5:V15) -> 2800 | W16: =SUM(W5:W15) -> 66920 | X16: =SUM(X5:X15) -> 155824 | Y16: =SUM(Y5:Y15) -> 152780 | ... AB16: =SUM(AB5:AB15) -> 219700
A17: 13 | B17: 8857125000024 | C17: ชิฟฟ่อนเค้กสอดไส้แยม รสสตรอว์เบอรี่ (3 ชิ้น) | D17: กล่อง | E17: =+ยกมา!J17 -> 0 | F17: =+'30'!F17+'1'!F17+'2'!F17+'3'!F17+'4'!F17+'5'!F17+'6'!F17+'7'!F17+'8'!F17+'9'!F17+'10'!F17 -> 0 | G17: =+E17+F17 -> 0 | H17: =+'30'!H17+'1'!H17+'2'!H17+'3'!H17+'4'!H17+'5'!H17+'6'!H17+'7'!H17+'8'!H17+'9'!H17+'10'!H17 -> 0 | I17: =+'30'!I17+'1'!I17+'2'!I17+'3'!I17+'4'!I17+'5'!I17+'6'!I17+'7'!I17+'8'!I17+'9'!I17+'10'!I17 -> 0 | J17: =E17+F17-H17-K17-I17 -> 0 | K17: =+'30'!K17+'1'!K17+'2'!K17+'3'!K17+'4'!K17+'5'!K17+'6'!K17+'7'!K17+'8'!K17+'9'!K17+'10'!K17 -> 0 | L17: 50 | M17: =+'30'!M17+'1'!M17+'2'!M17+'3'!M17+'4'!M17+'5'!M17+'6'!M17+'7'!M17+'8'!M17+'9'!M17+'10'!M17 -> 0 | O17: 15.05 | P17: =+K17*O17 -> 0
A18: 14 | B18: 8857125000086 | C18: ชิฟฟ่อนเค้กสอดไส้ เนยมะพร้าว (3 ชิ้น) | D18: กล่อง | E18: =+ยกมา!J18 -> 0 | F18: =+'30'!F18+'1'!F18+'2'!F18+'3'!F18+'4'!F18+'5'!F18+'6'!F18+'7'!F18+'8'!F18+'9'!F18+'10'!F18 -> 40 | G18: =+E18+F18 -> 40 | H18: =+'30'!H18+'1'!H18+'2'!H18+'3'!H18+'4'!H18+'5'!H18+'6'!H18+'7'!H18+'8'!H18+'9'!H18+'10'!H18 -> 0 | I18: =+'30'!I18+'1'!I18+'2'!I18+'3'!I18+'4'!I18+'5'!I18+'6'!I18+'7'!I18+'8'!I18+'9'!I18+'10'!I18 -> 0 | J18: =E18+F18-H18-K18-I18 -> 0 | K18: =+'30'!K18+'1'!K18+'2'!K18+'3'!K18+'4'!K18+'5'!K18+'6'!K18+'7'!K18+'8'!K18+'9'!K18+'10'!K18 -> 40 | L18: 50 | M18: =+'30'!M18+'1'!M18+'2'!M18+'3'!M18+'4'!M18+'5'!M18+'6'!M18+'7'!M18+'8'!M18+'9'!M18+'10'!M18 -> 2000 | O18: 18.77 | P18: =+K18*O18 -> 750.8
A19: 15 | B19: 8857125000239 | C19: ชิฟฟ่อนเค้กสอดไส้ นมชมพูฮอกไกโด (3 ชิ้น) | D19: กล่อง | E19: =+ยกมา!J19 -> 0 | F19: =+'30'!F19+'1'!F19+'2'!F19+'3'!F19+'4'!F19+'5'!F19+'6'!F19+'7'!F19+'8'!F19+'9'!F19+'10'!F19 -> 0 | G19: =+E19+F19 -> 0 | H19: =+'30'!H19+'1'!H19+'2'!H19+'3'!H19+'4'!H19+'5'!H19+'6'!H19+'7'!H19+'8'!H19+'9'!H19+'10'!H19 -> 0 | I19: =+'30'!I19+'1'!I19+'2'!I19+'3'!I19+'4'!I19+'5'!I19+'6'!I19+'7'!I19+'8'!I19+'9'!I19+'10'!I19 -> 0 | J19: =E19+F19-H19-K19-I19 -> 0 | K19: =+'30'!K19+'1'!K19+'2'!K19+'3'!K19+'4'!K19+'5'!K19+'6'!K19+'7'!K19+'8'!K19+'9'!K19+'10'!K19 -> 0 | L19: 50 | M19: =+'30'!M19+'1'!M19+'2'!M19+'3'!M19+'4'!M19+'5'!M19+'6'!M19+'7'!M19+'8'!M19+'9'!M19+'10'!M19 -> 0 | O19: 19.04 | P19: =+K19*O19 -> 0
A20: 16 | B20: 8857125001816 | C20: ชิฟฟ่อน สอดไส้ (ล) 4 ชิ้น ครีมมะพร้าว | D20: กล่อง | E20: =+ยกมา!J20 -> 0 | F20: =+'30'!F20+'1'!F20+'2'!F20+'3'!F20+'4'!F20+'5'!F20+'6'!F20+'7'!F20+'8'!F20+'9'!F20+'10'!F20 -> 13 | G20: =+E20+F20 -> 13 | H20: =+'30'!H20+'1'!H20+'2'!H20+'3'!H20+'4'!H20+'5'!H20+'6'!H20+'7'!H20+'8'!H20+'9'!H20+'10'!H20 -> 0 | I20: =+'30'!I20+'1'!I20+'2'!I20+'3'!I20+'4'!I20+'5'!I20+'6'!I20+'7'!I20+'8'!I20+'9'!I20+'10'!I20 -> 1 | J20: =E20+F20-H20-K20-I20 -> 0 | K20: =+'30'!K20+'1'!K20+'2'!K20+'3'!K20+'4'!K20+'5'!K20+'6'!K20+'7'!K20+'8'!K20+'9'!K20+'10'!K20 -> 12 | L20: 65 | M20: =+'30'!M20+'1'!M20+'2'!M20+'3'!M20+'4'!M20+'5'!M20+'6'!M20+'7'!M20+'8'!M20+'9'!M20+'10'!M20 -> 780 | O20: 22.25 | P20: =+K20*O20 -> 267
A21: 17 | B21: 8857125001021 | C21: ชิฟฟ่อน สอดไส้ (ก) 5 ชิ้น ครีมมะพร้าว | D21: กล่อง | E21: =+ยกมา!J21 -> 0 | F21: =+'30'!F21+'1'!F21+'2'!F21+'3'!F21+'4'!F21+'5'!F21+'6'!F21+'7'!F21+'8'!F21+'9'!F21+'10'!F21 -> 5 | G21: =+E21+F21 -> 5 | H21: =+'30'!H21+'1'!H21+'2'!H21+'3'!H21+'4'!H21+'5'!H21+'6'!H21+'7'!H21+'8'!H21+'9'!H21+'10'!H21 -> 0 | I21: =+'30'!I21+'1'!I21+'2'!I21+'3'!I21+'4'!I21+'5'!I21+'6'!I21+'7'!I21+'8'!I21+'9'!I21+'10'!I21 -> 0 | J21: =E21+F21-H21-K21-I21 -> 0 | K21: =+'30'!K21+'1'!K21+'2'!K21+'3'!K21+'4'!K21+'5'!K21+'6'!K21+'7'!K21+'8'!K21+'9'!K21+'10'!K21 -> 5 | L21: 85 | M21: =+'30'!M21+'1'!M21+'2'!M21+'3'!M21+'4'!M21+'5'!M21+'6'!M21+'7'!M21+'8'!M21+'9'!M21+'10'!M21 -> 425 | O21: 22.85 | P21: =+K21*O21 -> 114.25
A22: 18 | B22: 8857125000956 | C22: ชิฟฟ่อนเค้กสอดไส้ รวมรส (6 ชิ้น) | D22: กล่อง | E22: =+ยกมา!J22 -> 0 | F22: =+'30'!F22+'1'!F22+'2'!F22+'3'!F22+'4'!F22+'5'!F22+'6'!F22+'7'!F22+'8'!F22+'9'!F22+'10'!F22 -> 280 | G22: =+E22+F22 -> 280 | H22: =+'30'!H22+'1'!H22+'2'!H22+'3'!H22+'4'!H22+'5'!H22+'6'!H22+'7'!H22+'8'!H22+'9'!H22+'10'!H22 -> 0 | I22: =+'30'!I22+'1'!I22+'2'!I22+'3'!I22+'4'!I22+'5'!I22+'6'!I22+'7'!I22+'8'!I22+'9'!I22+'10'!I22 -> 10 | J22: =E22+F22-H22-K22-I22 -> 77 | K22: =+'30'!K22+'1'!K22+'2'!K22+'3'!K22+'4'!K22+'5'!K22+'6'!K22+'7'!K22+'8'!K22+'9'!K22+'10'!K22 -> 193 | L22: 100 | M22: =+'30'!M22+'1'!M22+'2'!M22+'3'!M22+'4'!M22+'5'!M22+'6'!M22+'7'!M22+'8'!M22+'9'!M22+'10'!M22 -> 19300 | O22: 26.6 | P22: =+K22*O22 -> 5133.8
A23: 19 | B23: 8857125000918 | C23: ชิฟฟ่อนเค้กสอดไส้แยม รสส้ม (6 ชิ้น) | D23: กล่อง | E23: =+ยกมา!J23 -> 0 | F23: =+'30'!F23+'1'!F23+'2'!F23+'3'!F23+'4'!F23+'5'!F23+'6'!F23+'7'!F23+'8'!F23+'9'!F23+'10'!F23 -> 0 | G23: =+E23+F23 -> 0 | H23: =+'30'!H23+'1'!H23+'2'!H23+'3'!H23+'4'!H23+'5'!H23+'6'!H23+'7'!H23+'8'!H23+'9'!H23+'10'!H23 -> 0 | I23: =+'30'!I23+'1'!I23+'2'!I23+'3'!I23+'4'!I23+'5'!I23+'6'!I23+'7'!I23+'8'!I23+'9'!I23+'10'!I23 -> 0 | J23: =E23+F23-H23-K23-I23 -> 0 | K23: =+'30'!K23+'1'!K23+'2'!K23+'3'!K23+'4'!K23+'5'!K23+'6'!K23+'7'!K23+'8'!K23+'9'!K23+'10'!K23 -> 0 | L23: 100 | M23: =+'30'!M23+'1'!M23+'2'!M23+'3'!M23+'4'!M23+'5'!M23+'6'!M23+'7'!M23+'8'!M23+'9'!M23+'10'!M23 -> 0 | O23: 42.24 | P23: =+K23*O23 -> 0
A24: 20 | B24: 8857125000970 | C24: ชิฟฟ่อนเค้กหน้าฝอยทอง สอดไส้แยมส้ม (6 ชิ้น) | D24: กล่อง | E24: =+ยกมา!J24 -> 0 | F24: =+'30'!F24+'1'!F24+'2'!F24+'3'!F24+'4'!F24+'5'!F24+'6'!F24+'7'!F24+'8'!F24+'9'!F24+'10'!F24 -> 60 | G24: =+E24+F24 -> 60 | H24: =+'30'!H24+'1'!H24+'2'!H24+'3'!H24+'4'!H24+'5'!H24+'6'!H24+'7'!H24+'8'!H24+'9'!H24+'10'!H24 -> 0 | I24: =+'30'!I24+'1'!I24+'2'!I24+'3'!I24+'4'!I24+'5'!I24+'6'!I24+'7'!I24+'8'!I24+'9'!I24+'10'!I24 -> 0 | J24: =E24+F24-H24-K24-I24 -> 20 | K24: =+'30'!K24+'1'!K24+'2'!K24+'3'!K24+'4'!K24+'5'!K24+'6'!K24+'7'!K24+'8'!K24+'9'!K24+'10'!K24 -> 40 | L24: 100 | M24: =+'30'!M24+'1'!M24+'2'!M24+'3'!M24+'4'!M24+'5'!M24+'6'!M24+'7'!M24+'8'!M24+'9'!M24+'10'!M24 -> 4000 | O24: 40.51 | P24: =+K24*O24 -> 1620.4
A25: 21 | B25: 8857125003810 | C25: ชิฟฟ่อนเค้กหน้าฝอยทองทูโทน สอดไส้แยมส้ม (6 ชิ้น) | D25: กล่อง | E25: =+ยกมา!J25 -> 0 | F25: =+'30'!F25+'1'!F25+'2'!F25+'3'!F25+'4'!F25+'5'!F25+'6'!F25+'7'!F25+'8'!F25+'9'!F25+'10'!F25 -> 0 | G25: =+E25+F25 -> 0 | H25: =+'30'!H25+'1'!H25+'2'!H25+'3'!H25+'4'!H25+'5'!H25+'6'!H25+'7'!H25+'8'!H25+'9'!H25+'10'!H25 -> 0 | I25: =+'30'!I25+'1'!I25+'2'!I25+'3'!I25+'4'!I25+'5'!I25+'6'!I25+'7'!I25+'8'!I25+'9'!I25+'10'!I25 -> 0 | J25: =E25+F25-H25-K25-I25 -> 0 | K25: =+'30'!K25+'1'!K25+'2'!K25+'3'!K25+'4'!K25+'5'!K25+'6'!K25+'7'!K25+'8'!K25+'9'!K25+'10'!K25 -> 0 | L25: 100 | M25: =+'30'!M25+'1'!M25+'2'!M25+'3'!M25+'4'!M25+'5'!M25+'6'!M25+'7'!M25+'8'!M25+'9'!M25+'10'!M25 -> 0 | O25: 39.77 | P25: =+K25*O25 -> 0
A26: 22 | B26: 8857125000963 | C26: ชิฟฟ่อนเค้กสอดไส้ นมชมพูฮอกไกโด (6 ชิ้น) | D26: กล่อง | E26: =+ยกมา!J26 -> 0 | F26: =+'30'!F26+'1'!F26+'2'!F26+'3'!F26+'4'!F26+'5'!F26+'6'!F26+'7'!F26+'8'!F26+'9'!F26+'10'!F26 -> 40 | G26: =+E26+F26 -> 40 | H26: =+'30'!H26+'1'!H26+'2'!H26+'3'!H26+'4'!H26+'5'!H26+'6'!H26+'7'!H26+'8'!H26+'9'!H26+'10'!H26 -> 0 | I26: =+'30'!I26+'1'!I26+'2'!I26+'3'!I26+'4'!I26+'5'!I26+'6'!I26+'7'!I26+'8'!I26+'9'!I26+'10'!I26 -> 0 | J26: =E26+F26-H26-K26-I26 -> 27 | K26: =+'30'!K26+'1'!K26+'2'!K26+'3'!K26+'4'!K26+'5'!K26+'6'!K26+'7'!K26+'8'!K26+'9'!K26+'10'!K26 -> 13 | L26: 100 | M26: =+'30'!M26+'1'!M26+'2'!M26+'3'!M26+'4'!M26+'5'!M26+'6'!M26+'7'!M26+'8'!M26+'9'!M26+'10'!M26 -> 1300 | O26: 35.39 | P26: =+K26*O26 -> 460.07
A27: 23 | B27: 8857125000932 | C27: ชิฟฟ่อนเค้กสอดไส้แยม รสบลูเบอร์รี่ (6 ชิ้น) | D27: กล่อง | E27: =+ยกมา!J27 -> 0 | F27: =+'30'!F27+'1'!F27+'2'!F27+'3'!F27+'4'!F27+'5'!F27+'6'!F27+'7'!F27+'8'!F27+'9'!F27+'10'!F27 -> 0 | G27: =+E27+F27 -> 0 | H27: =+'30'!H27+'1'!H27+'2'!H27+'3'!H27+'4'!H27+'5'!H27+'6'!H27+'7'!H27+'8'!H27+'9'!H27+'10'!H27 -> 0 | I27: =+'30'!I27+'1'!I27+'2'!I27+'3'!I27+'4'!I27+'5'!I27+'6'!I27+'7'!I27+'8'!I27+'9'!I27+'10'!I27 -> 0 | J27: =E27+F27-H27-K27-I27 -> 0 | K27: =+'30'!K27+'1'!K27+'2'!K27+'3'!K27+'4'!K27+'5'!K27+'6'!K27+'7'!K27+'8'!K27+'9'!K27+'10'!K27 -> 0 | L27: 100 | M27: =+'30'!M27+'1'!M27+'2'!M27+'3'!M27+'4'!M27+'5'!M27+'6'!M27+'7'!M27+'8'!M27+'9'!M27+'10'!M27 -> 0 | O27: 31.62 | P27: =+K27*O27 -> 0
A28: 24 | B28: 8857125000895 | C28: ชิฟฟ่อนเค้กสอดไส้ เนยมะพร้าว (6 ชิ้น) | D28: กล่อง | E28: =+ยกมา!J28 -> 0 | F28: =+'30'!F28+'1'!F28+'2'!F28+'3'!F28+'4'!F28+'5'!F28+'6'!F28+'7'!F28+'8'!F28+'9'!F28+'10'!F28 -> 50 | G28: =+E28+F28 -> 50 | H28: =+'30'!H28+'1'!H28+'2'!H28+'3'!H28+'4'!H28+'5'!H28+'6'!H28+'7'!H28+'8'!H28+'9'!H28+'10'!H28 -> 0 | I28: =+'30'!I28+'1'!I28+'2'!I28+'3'!I28+'4'!I28+'5'!I28+'6'!I28+'7'!I28+'8'!I28+'9'!I28+'10'!I28 -> 2 | J28: =E28+F28-H28-K28-I28 -> 5 | K28: =+'30'!K28+'1'!K28+'2'!K28+'3'!K28+'4'!K28+'5'!K28+'6'!K28+'7'!K28+'8'!K28+'9'!K28+'10'!K28 -> 43 | L28: 100 | M28: =+'30'!M28+'1'!M28+'2'!M28+'3'!M28+'4'!M28+'5'!M28+'6'!M28+'7'!M28+'8'!M28+'9'!M28+'10'!M28 -> 4300 | O28: 31.97 | P28: =+K28*O28 -> 1374.71
A29: 25 | B29: 8857125000901 | C29: ชิฟฟ่อนเค้กสอดไส้แยม รสสตรอว์เบอรี่ (6 ชิ้น) | D29: กล่อง | E29: =+ยกมา!J29 -> 0 | F29: =+'30'!F29+'1'!F29+'2'!F29+'3'!F29+'4'!F29+'5'!F29+'6'!F29+'7'!F29+'8'!F29+'9'!F29+'10'!F29 -> 0 | G29: =+E29+F29 -> 0 | H29: =+'30'!H29+'1'!H29+'2'!H29+'3'!H29+'4'!H29+'5'!H29+'6'!H29+'7'!H29+'8'!H29+'9'!H29+'10'!H29 -> 0 | I29: =+'30'!I29+'1'!I29+'2'!I29+'3'!I29+'4'!I29+'5'!I29+'6'!I29+'7'!I29+'8'!I29+'9'!I29+'10'!I29 -> 0 | J29: =E29+F29-H29-K29-I29 -> 0 | K29: =+'30'!K29+'1'!K29+'2'!K29+'3'!K29+'4'!K29+'5'!K29+'6'!K29+'7'!K29+'8'!K29+'9'!K29+'10'!K29 -> 0 | L29: 100 | M29: =+'30'!M29+'1'!M29+'2'!M29+'3'!M29+'4'!M29+'5'!M29+'6'!M29+'7'!M29+'8'!M29+'9'!M29+'10'!M29 -> 0 | O29: 21.27 | P29: =+K29*O29 -> 0
A30: 26 | B30: 8857125001571 | C30: ชิฟฟอนเค้ก รสมะลิ 8ชิ้น (ห่อซีน) | D30: กล่อง | E30: =+ยกมา!J30 -> 0 | F30: =+'30'!F30+'1'!F30+'2'!F30+'3'!F30+'4'!F30+'5'!F30+'6'!F30+'7'!F30+'8'!F30+'9'!F30+'10'!F30 -> 0 | G30: =+E30+F30 -> 0 | H30: =+'30'!H30+'1'!H30+'2'!H30+'3'!H30+'4'!H30+'5'!H30+'6'!H30+'7'!H30+'8'!H30+'9'!H30+'10'!H30 -> 0 | I30: =+'30'!I30+'1'!I30+'2'!I30+'3'!I30+'4'!I30+'5'!I30+'6'!I30+'7'!I30+'8'!I30+'9'!I30+'10'!I30 -> 0 | J30: =E30+F30-H30-K30-I30 -> 0 | K30: =+'30'!K30+'1'!K30+'2'!K30+'3'!K30+'4'!K30+'5'!K30+'6'!K30+'7'!K30+'8'!K30+'9'!K30+'10'!K30 -> 0 | L30: 100 | M30: =+'30'!M30+'1'!M30+'2'!M30+'3'!M30+'4'!M30+'5'!M30+'6'!M30+'7'!M30+'8'!M30+'9'!M30+'10'!M30 -> 0 | O30: 34.26 | P30: =+K30*O30 -> 0
A31: 27 | B31: 8857125002127 | C31: ชิฟฟ่อนรวมรส ยอดฮิต (8 ชิ้น) | D31: กล่อง | E31: =+ยกมา!J31 -> 0 | F31: =+'30'!F31+'1'!F31+'2'!F31+'3'!F31+'4'!F31+'5'!F31+'6'!F31+'7'!F31+'8'!F31+'9'!F31+'10'!F31 -> 225 | G31: =+E31+F31 -> 225 | H31: =+'30'!H31+'1'!H31+'2'!H31+'3'!H31+'4'!H31+'5'!H31+'6'!H31+'7'!H31+'8'!H31+'9'!H31+'10'!H31 -> 0 | I31: =+'30'!I31+'1'!I31+'2'!I31+'3'!I31+'4'!I31+'5'!I31+'6'!I31+'7'!I31+'8'!I31+'9'!I31+'10'!I31 -> 22 | J31: =E31+F31-H31-K31-I31 -> 47 | K31: =+'30'!K31+'1'!K31+'2'!K31+'3'!K31+'4'!K31+'5'!K31+'6'!K31+'7'!K31+'8'!K31+'9'!K31+'10'!K31 -> 156 | L31: 100 | M31: =+'30'!M31+'1'!M31+'2'!M31+'3'!M31+'4'!M31+'5'!M31+'6'!M31+'7'!M31+'8'!M31+'9'!M31+'10'!M31 -> 15600 | O31: 38.46 | P31: =+K31*O31 -> 5999.76
A32: 28 | B32: 8857125000130 | C32: ชิฟฟ่อนเค้ก วรรณวนัช (สอดไส้รวมรส 8 ชิ้น) | D32: กล่อง | E32: =+ยกมา!J32 -> 0 | F32: =+'30'!F32+'1'!F32+'2'!F32+'3'!F32+'4'!F32+'5'!F32+'6'!F32+'7'!F32+'8'!F32+'9'!F32+'10'!F32 -> 17 | G32: =+E32+F32 -> 17 | H32: =+'30'!H32+'1'!H32+'2'!H32+'3'!H32+'4'!H32+'5'!H32+'6'!H32+'7'!H32+'8'!H32+'9'!H32+'10'!H32 -> 0 | I32: =+'30'!I32+'1'!I32+'2'!I32+'3'!I32+'4'!I32+'5'!I32+'6'!I32+'7'!I32+'8'!I32+'9'!I32+'10'!I32 -> 0 | J32: =E32+F32-H32-K32-I32 -> 8 | K32: =+'30'!K32+'1'!K32+'2'!K32+'3'!K32+'4'!K32+'5'!K32+'6'!K32+'7'!K32+'8'!K32+'9'!K32+'10'!K32 -> 9 | L32: 130 | M32: =+'30'!M32+'1'!M32+'2'!M32+'3'!M32+'4'!M32+'5'!M32+'6'!M32+'7'!M32+'8'!M32+'9'!M32+'10'!M32 -> 1170 | O32: 46.37 | P32: =+K32*O32 -> 417.33
A33: 29 | B33: 8857125003773 | C33: ชิฟฟ่อนเค้กมะพร้าวสอดไส้ครีมมะพร้าวล้วน (8 ชิ้น) | D33: กล่อง | E33: =+ยกมา!J33 -> 0 | F33: =+'30'!F33+'1'!F33+'2'!F33+'3'!F33+'4'!F33+'5'!F33+'6'!F33+'7'!F33+'8'!F33+'9'!F33+'10'!F33 -> 17 | G33: =+E33+F33 -> 17 | H33: =+'30'!H33+'1'!H33+'2'!H33+'3'!H33+'4'!H33+'5'!H33+'6'!H33+'7'!H33+'8'!H33+'9'!H33+'10'!H33 -> 0 | I33: =+'30'!I33+'1'!I33+'2'!I33+'3'!I33+'4'!I33+'5'!I33+'6'!I33+'7'!I33+'8'!I33+'9'!I33+'10'!I33 -> 0 | J33: =E33+F33-H33-K33-I33 -> 0 | K33: =+'30'!K33+'1'!K33+'2'!K33+'3'!K33+'4'!K33+'5'!K33+'6'!K33+'7'!K33+'8'!K33+'9'!K33+'10'!K33 -> 17 | L33: 130 | M33: =+'30'!M33+'1'!M33+'2'!M33+'3'!M33+'4'!M33+'5'!M33+'6'!M33+'7'!M33+'8'!M33+'9'!M33+'10'!M33 -> 2210 | O33: 38.9 | P33: =+K33*O33 -> 661.3
A34: 30 | B34: 8857125001366 | C34: ชิฟฟ่อนเค้กใบเตยสอดไส้ครีมมะพร้าวล้วน (8 ชิ้น) | D34: กล่อง | E34: =+ยกมา!J34 -> 0 | F34: =+'30'!F34+'1'!F34+'2'!F34+'3'!F34+'4'!F34+'5'!F34+'6'!F34+'7'!F34+'8'!F34+'9'!F34+'10'!F34 -> 0 | G34: =+E34+F34 -> 0 | H34: =+'30'!H34+'1'!H34+'2'!H34+'3'!H34+'4'!H34+'5'!H34+'6'!H34+'7'!H34+'8'!H34+'9'!H34+'10'!H34 -> 0 | I34: =+'30'!I34+'1'!I34+'2'!I34+'3'!I34+'4'!I34+'5'!I34+'6'!I34+'7'!I34+'8'!I34+'9'!I34+'10'!I34 -> 0 | J34: =E34+F34-H34-K34-I34 -> 0 | K34: =+'30'!K34+'1'!K34+'2'!K34+'3'!K34+'4'!K34+'5'!K34+'6'!K34+'7'!K34+'8'!K34+'9'!K34+'10'!K34 -> 0 | L34: 130 | M34: =+'30'!M34+'1'!M34+'2'!M34+'3'!M34+'4'!M34+'5'!M34+'6'!M34+'7'!M34+'8'!M34+'9'!M34+'10'!M34 -> 0 | O34: 38.07 | P34: =+K34*O34 -> 0
A35: 31 | B35: 8857125001397 | C35: ชิฟฟ่อนเค้กใบเตยทูโทนและสอดไส้ครีมมะพร้าว (8 ชิ้น) | D35: กล่อง | E35: =+ยกมา!J35 -> 0 | F35: =+'30'!F35+'1'!F35+'2'!F35+'3'!F35+'4'!F35+'5'!F35+'6'!F35+'7'!F35+'8'!F35+'9'!F35+'10'!F35 -> 0 | G35: =+E35+F35 -> 0 | H35: =+'30'!H35+'1'!H35+'2'!H35+'3'!H35+'4'!H35+'5'!H35+'6'!H35+'7'!H35+'8'!H35+'9'!H35+'10'!H35 -> 0 | I35: =+'30'!I35+'1'!I35+'2'!I35+'3'!I35+'4'!I35+'5'!I35+'6'!I35+'7'!I35+'8'!I35+'9'!I35+'10'!I35 -> 0 | J35: =E35+F35-H35-K35-I35 -> 0 | K35: =+'30'!K35+'1'!K35+'2'!K35+'3'!K35+'4'!K35+'5'!K35+'6'!K35+'7'!K35+'8'!K35+'9'!K35+'10'!K35 -> 0 | L35: 130 | M35: =+'30'!M35+'1'!M35+'2'!M35+'3'!M35+'4'!M35+'5'!M35+'6'!M35+'7'!M35+'8'!M35+'9'!M35+'10'!M35 -> 0 | O35: 40.8 | P35: =+K35*O35 -> 0
A36: 32 | B36: 885712004534 | C36: ชิฟฟ่อนเค้กสอดไส้ครีมมะพร้าว 120g. | D36: ชิ้น | E36: =+ยกมา!J36 -> 0 | F36: =+'30'!F36+'1'!F36+'2'!F36+'3'!F36+'4'!F36+'5'!F36+'6'!F36+'7'!F36+'8'!F36+'9'!F36+'10'!F36 -> 0 | G36: =+E36+F36 -> 0 | H36: =+'30'!H36+'1'!H36+'2'!H36+'3'!H36+'4'!H36+'5'!H36+'6'!H36+'7'!H36+'8'!H36+'9'!H36+'10'!H36 -> 0 | I36: =+'30'!I36+'1'!I36+'2'!I36+'3'!I36+'4'!I36+'5'!I36+'6'!I36+'7'!I36+'8'!I36+'9'!I36+'10'!I36 -> 0 | J36: =E36+F36-H36-K36-I36 -> 0 | K36: =+'30'!K36+'1'!K36+'2'!K36+'3'!K36+'4'!K36+'5'!K36+'6'!K36+'7'!K36+'8'!K36+'9'!K36+'10'!K36 -> 0 | L36: 35 | M36: =+'30'!M36+'1'!M36+'2'!M36+'3'!M36+'4'!M36+'5'!M36+'6'!M36+'7'!M36+'8'!M36+'9'!M36+'10'!M36 -> 0 | O36: 0 | P36: =+K36*O36 -> 0
A37: 33 | B37: 20055119 | C37: ชิฟฟ่อนเค้กฝอยทอง 95g. | D37: กล่อง | E37: =+ยกมา!J37 -> 0 | F37: =+'30'!F37+'1'!F37+'2'!F37+'3'!F37+'4'!F37+'5'!F37+'6'!F37+'7'!F37+'8'!F37+'9'!F37+'10'!F37 -> 0 | G37: =+E37+F37 -> 0 | H37: =+'30'!H37+'1'!H37+'2'!H37+'3'!H37+'4'!H37+'5'!H37+'6'!H37+'7'!H37+'8'!H37+'9'!H37+'10'!H37 -> 0 | I37: =+'30'!I37+'1'!I37+'2'!I37+'3'!I37+'4'!I37+'5'!I37+'6'!I37+'7'!I37+'8'!I37+'9'!I37+'10'!I37 -> 0 | J37: =E37+F37-H37-K37-I37 -> 0 | K37: =+'30'!K37+'1'!K37+'2'!K37+'3'!K37+'4'!K37+'5'!K37+'6'!K37+'7'!K37+'8'!K37+'9'!K37+'10'!K37 -> 0 | L37: 35 | M37: =+'30'!M37+'1'!M37+'2'!M37+'3'!M37+'4'!M37+'5'!M37+'6'!M37+'7'!M37+'8'!M37+'9'!M37+'10'!M37 -> 0 | O37: 0 | P37: =+K37*O37 -> 0
A38: 34 | B38: 8857125001267 | C38: ชิฟฟ่อนหม้อแกง | D38: กล่อง | E38: =+ยกมา!J38 -> 0 | F38: =+'30'!F38+'1'!F38+'2'!F38+'3'!F38+'4'!F38+'5'!F38+'6'!F38+'7'!F38+'8'!F38+'9'!F38+'10'!F38 -> 0 | G38: =+E38+F38 -> 0 | H38: =+'30'!H38+'1'!H38+'2'!H38+'3'!H38+'4'!H38+'5'!H38+'6'!H38+'7'!H38+'8'!H38+'9'!H38+'10'!H38 -> 0 | I38: =+'30'!I38+'1'!I38+'2'!I38+'3'!I38+'4'!I38+'5'!I38+'6'!I38+'7'!I38+'8'!I38+'9'!I38+'10'!I38 -> 0 | J38: =E38+F38-H38-K38-I38 -> 0 | K38: =+'30'!K38+'1'!K38+'2'!K38+'3'!K38+'4'!K38+'5'!K38+'6'!K38+'7'!K38+'8'!K38+'9'!K38+'10'!K38 -> 0 | L38: 35 | M38: =+'30'!M38+'1'!M38+'2'!M38+'3'!M38+'4'!M38+'5'!M38+'6'!M38+'7'!M38+'8'!M38+'9'!M38+'10'!M38 -> 0 | O38: 30.43 | P38: =+K38*O38 -> 0
A39: 35 | B39: 8857125000611 | C39: ครีมฮอร์น วนิลา | D39: กล่อง | E39: =+ยกมา!J39 -> 0 | F39: =+'30'!F39+'1'!F39+'2'!F39+'3'!F39+'4'!F39+'5'!F39+'6'!F39+'7'!F39+'8'!F39+'9'!F39+'10'!F39 -> 109 | G39: =+E39+F39 -> 109 | H39: =+'30'!H39+'1'!H39+'2'!H39+'3'!H39+'4'!H39+'5'!H39+'6'!H39+'7'!H39+'8'!H39+'9'!H39+'10'!H39 -> 0 | I39: =+'30'!I39+'1'!I39+'2'!I39+'3'!I39+'4'!I39+'5'!I39+'6'!I39+'7'!I39+'8'!I39+'9'!I39+'10'!I39 -> 2 | J39: =E39+F39-H39-K39-I39 -> 10 | K39: =+'30'!K39+'1'!K39+'2'!K39+'3'!K39+'4'!K39+'5'!K39+'6'!K39+'7'!K39+'8'!K39+'9'!K39+'10'!K39 -> 97 | L39: 50 | M39: =+'30'!M39+'1'!M39+'2'!M39+'3'!M39+'4'!M39+'5'!M39+'6'!M39+'7'!M39+'8'!M39+'9'!M39+'10'!M39 -> 4850 | O39: 27.84 | P39: =+K39*O39 -> 2700.48
A40: 36 | B40: 8857125000604 | C40: ครีมฮอร์น ใบเตย | D40: กล่อง | E40: =+ยกมา!J40 -> 0 | F40: =+'30'!F40+'1'!F40+'2'!F40+'3'!F40+'4'!F40+'5'!F40+'6'!F40+'7'!F40+'8'!F40+'9'!F40+'10'!F40 -> 59 | G40: =+E40+F40 -> 59 | H40: =+'30'!H40+'1'!H40+'2'!H40+'3'!H40+'4'!H40+'5'!H40+'6'!H40+'7'!H40+'8'!H40+'9'!H40+'10'!H40 -> 1 | I40: =+'30'!I40+'1'!I40+'2'!I40+'3'!I40+'4'!I40+'5'!I40+'6'!I40+'7'!I40+'8'!I40+'9'!I40+'10'!I40 -> 0 | J40: =E40+F40-H40-K40-I40 -> 8 | K40: =+'30'!K40+'1'!K40+'2'!K40+'3'!K40+'4'!K40+'5'!K40+'6'!K40+'7'!K40+'8'!K40+'9'!K40+'10'!K40 -> 50 | L40: 50 | M40: =+'30'!M40+'1'!M40+'2'!M40+'3'!M40+'4'!M40+'5'!M40+'6'!M40+'7'!M40+'8'!M40+'9'!M40+'10'!M40 -> 2500 | O40: 27.12 | P40: =+K40*O40 -> 1356
A41: 37 | B41: 8857125000598 | C41: ครีมฮอร์น ช็อคโกแลต | D41: กล่อง | E41: =+ยกมา!J41 -> 0 | F41: =+'30'!F41+'1'!F41+'2'!F41+'3'!F41+'4'!F41+'5'!F41+'6'!F41+'7'!F41+'8'!F41+'9'!F41+'10'!F41 -> 30 | G41: =+E41+F41 -> 30 | H41: =+'30'!H41+'1'!H41+'2'!H41+'3'!H41+'4'!H41+'5'!H41+'6'!H41+'7'!H41+'8'!H41+'9'!H41+'10'!H41 -> 0 | I41: =+'30'!I41+'1'!I41+'2'!I41+'3'!I41+'4'!I41+'5'!I41+'6'!I41+'7'!I41+'8'!I41+'9'!I41+'10'!I41 -> 0 | J41: =E41+F41-H41-K41-I41 -> 1 | K41: =+'30'!K41+'1'!K41+'2'!K41+'3'!K41+'4'!K41+'5'!K41+'6'!K41+'7'!K41+'8'!K41+'9'!K41+'10'!K41 -> 29 | L41: 50 | M41: =+'30'!M41+'1'!M41+'2'!M41+'3'!M41+'4'!M41+'5'!M41+'6'!M41+'7'!M41+'8'!M41+'9'!M41+'10'!M41 -> 1450 | O41: 15.42 | P41: =+K41*O41 -> 447.18
A42: 38 | B42: 8857125004015 | C42: ครีมฮอร์นเนยสดฝอยทอง วนิลา | D42: กล่อง | E42: =+ยกมา!J42 -> 0 | F42: =+'30'!F42+'1'!F42+'2'!F42+'3'!F42+'4'!F42+'5'!F42+'6'!F42+'7'!F42+'8'!F42+'9'!F42+'10'!F42 -> 5 | G42: =+E42+F42 -> 5 | H42: =+'30'!H42+'1'!H42+'2'!H42+'3'!H42+'4'!H42+'5'!H42+'6'!H42+'7'!H42+'8'!H42+'9'!H42+'10'!H42 -> 0 | I42: =+'30'!I42+'1'!I42+'2'!I42+'3'!I42+'4'!I42+'5'!I42+'6'!I42+'7'!I42+'8'!I42+'9'!I42+'10'!I42 -> 0 | J42: =E42+F42-H42-K42-I42 -> 0 | K42: =+'30'!K42+'1'!K42+'2'!K42+'3'!K42+'4'!K42+'5'!K42+'6'!K42+'7'!K42+'8'!K42+'9'!K42+'10'!K42 -> 5 | L42: 25 | M42: =+'30'!M42+'1'!M42+'2'!M42+'3'!M42+'4'!M42+'5'!M42+'6'!M42+'7'!M42+'8'!M42+'9'!M42+'10'!M42 -> 285 | O42: 15.55 | P42: =+K42*O42 -> 77.75
A43: 39 | B43: 8857125004022 | C43: ครีมฮอร์นเนยสดฝอยทอง ใบเตย | D43: กล่อง | E43: =+ยกมา!J43 -> 0 | F43: =+'30'!F43+'1'!F43+'2'!F43+'3'!F43+'4'!F43+'5'!F43+'6'!F43+'7'!F43+'8'!F43+'9'!F43+'10'!F43 -> 5 | G43: =+E43+F43 -> 5 | H43: =+'30'!H43+'1'!H43+'2'!H43+'3'!H43+'4'!H43+'5'!H43+'6'!H43+'7'!H43+'8'!H43+'9'!H43+'10'!H43 -> 0 | I43: =+'30'!I43+'1'!I43+'2'!I43+'3'!I43+'4'!I43+'5'!I43+'6'!I43+'7'!I43+'8'!I43+'9'!I43+'10'!I43 -> 0 | J43: =E43+F43-H43-K43-I43 -> 0 | K43: =+'30'!K43+'1'!K43+'2'!K43+'3'!K43+'4'!K43+'5'!K43+'6'!K43+'7'!K43+'8'!K43+'9'!K43+'10'!K43 -> 5 | L43: 65 | M43: =+'30'!M43+'1'!M43+'2'!M43+'3'!M43+'4'!M43+'5'!M43+'6'!M43+'7'!M43+'8'!M43+'9'!M43+'10'!M43 -> 325 | O43: 15.31 | P43: =+K43*O43 -> 76.55
A44: 40 | B44: 8857125004411 | C44: ครีมฮอร์นเนยสดฝอยทอง ช็อกโกแลต | D44: กล่อง | E44: =+ยกมา!J44 -> 0 | F44: =+'30'!F44+'1'!F44+'2'!F44+'3'!F44+'4'!F44+'5'!F44+'6'!F44+'7'!F44+'8'!F44+'9'!F44+'10'!F44 -> 5 | G44: =+E44+F44 -> 5 | H44: =+'30'!H44+'1'!H44+'2'!H44+'3'!H44+'4'!H44+'5'!H44+'6'!H44+'7'!H44+'8'!H44+'9'!H44+'10'!H44 -> 0 | I44: =+'30'!I44+'1'!I44+'2'!I44+'3'!I44+'4'!I44+'5'!I44+'6'!I44+'7'!I44+'8'!I44+'9'!I44+'10'!I44 -> 0 | J44: =E44+F44-H44-K44-I44 -> 0 | K44: =+'30'!K44+'1'!K44+'2'!K44+'3'!K44+'4'!K44+'5'!K44+'6'!K44+'7'!K44+'8'!K44+'9'!K44+'10'!K44 -> 5 | L44: 65 | M44: =+'30'!M44+'1'!M44+'2'!M44+'3'!M44+'4'!M44+'5'!M44+'6'!M44+'7'!M44+'8'!M44+'9'!M44+'10'!M44 -> 325 | O44: 15.31 | P44: =+K44*O44 -> 76.55
A45: 41 | B45: 20055115 | C45: ครีมฮอร์นคิทแคท 70g. | D45: กล่อง | E45: =+ยกมา!J45 -> 0 | F45: =+'30'!F45+'1'!F45+'2'!F45+'3'!F45+'4'!F45+'5'!F45+'6'!F45+'7'!F45+'8'!F45+'9'!F45+'10'!F45 -> 0 | G45: =+E45+F45 -> 0 | H45: =+'30'!H45+'1'!H45+'2'!H45+'3'!H45+'4'!H45+'5'!H45+'6'!H45+'7'!H45+'8'!H45+'9'!H45+'10'!H45 -> 0 | I45: =+'30'!I45+'1'!I45+'2'!I45+'3'!I45+'4'!I45+'5'!I45+'6'!I45+'7'!I45+'8'!I45+'9'!I45+'10'!I45 -> 0 | J45: =E45+F45-H45-K45-I45 -> 0 | K45: =+'30'!K45+'1'!K45+'2'!K45+'3'!K45+'4'!K45+'5'!K45+'6'!K45+'7'!K45+'8'!K45+'9'!K45+'10'!K45 -> 0 | L45: 35 | M45: =+'30'!M45+'1'!M45+'2'!M45+'3'!M45+'4'!M45+'5'!M45+'6'!M45+'7'!M45+'8'!M45+'9'!M45+'10'!M45 -> 0 | O45: 0 | P45: =+K45*O45 -> 0
A46: 42 | B46: 8857125000420 | C46: เค้กเบาหวิว รสกล้วยหอมหน้ามะพร้าวเผา 110 กรัม | D46: กล่อง | E46: =+ยกมา!J46 -> 0 | F46: =+'30'!F46+'1'!F46+'2'!F46+'3'!F46+'4'!F46+'5'!F46+'6'!F46+'7'!F46+'8'!F46+'9'!F46+'10'!F46 -> 56 | G46: =+E46+F46 -> 56 | H46: =+'30'!H46+'1'!H46+'2'!H46+'3'!H46+'4'!H46+'5'!H46+'6'!H46+'7'!H46+'8'!H46+'9'!H46+'10'!H46 -> 0 | I46: =+'30'!I46+'1'!I46+'2'!I46+'3'!I46+'4'!I46+'5'!I46+'6'!I46+'7'!I46+'8'!I46+'9'!I46+'10'!I46 -> 0 | J46: =E46+F46-H46-K46-I46 -> 12 | K46: =+'30'!K46+'1'!K46+'2'!K46+'3'!K46+'4'!K46+'5'!K46+'6'!K46+'7'!K46+'8'!K46+'9'!K46+'10'!K46 -> 44 | L46: 50 | M46: =+'30'!M46+'1'!M46+'2'!M46+'3'!M46+'4'!M46+'5'!M46+'6'!M46+'7'!M46+'8'!M46+'9'!M46+'10'!M46 -> 2200 | O46: 19.05 | P46: =+K46*O46 -> 838.2
A47: 43 | B47: 8857125001175 | C47: เค้กเบาหวิว เผือกมะพร้าวอ่อน110 กรัม | D47: กล่อง | E47: =+ยกมา!J47 -> 0 | F47: =+'30'!F47+'1'!F47+'2'!F47+'3'!F47+'4'!F47+'5'!F47+'6'!F47+'7'!F47+'8'!F47+'9'!F47+'10'!F47 -> 57 | G47: =+E47+F47 -> 57 | H47: =+'30'!H47+'1'!H47+'2'!H47+'3'!H47+'4'!H47+'5'!H47+'6'!H47+'7'!H47+'8'!H47+'9'!H47+'10'!H47 -> 0 | I47: =+'30'!I47+'1'!I47+'2'!I47+'3'!I47+'4'!I47+'5'!I47+'6'!I47+'7'!I47+'8'!I47+'9'!I47+'10'!I47 -> 0 | J47: =E47+F47-H47-K47-I47 -> 9 | K47: =+'30'!K47+'1'!K47+'2'!K47+'3'!K47+'4'!K47+'5'!K47+'6'!K47+'7'!K47+'8'!K47+'9'!K47+'10'!K47 -> 48 | L47: 50 | M47: =+'30'!M47+'1'!M47+'2'!M47+'3'!M47+'4'!M47+'5'!M47+'6'!M47+'7'!M47+'8'!M47+'9'!M47+'10'!M47 -> 2400 | O47: 19.21 | P47: =+K47*O47 -> 922.08
A48: 44 | B48: 8857125000154 | C48: เค้กเบาหวิว รสมะพร้าวน้ำหอม 110 กรัม | D48: กล่อง | E48: =+ยกมา!J48 -> 0 | F48: =+'30'!F48+'1'!F48+'2'!F48+'3'!F48+'4'!F48+'5'!F48+'6'!F48+'7'!F48+'8'!F48+'9'!F48+'10'!F48 -> 57 | G48: =+E48+F48 -> 57 | H48: =+'30'!H48+'1'!H48+'2'!H48+'3'!H48+'4'!H48+'5'!H48+'6'!H48+'7'!H48+'8'!H48+'9'!H48+'10'!H48 -> 0 | I48: =+'30'!I48+'1'!I48+'2'!I48+'3'!I48+'4'!I48+'5'!I48+'6'!I48+'7'!I48+'8'!I48+'9'!I48+'10'!I48 -> 0 | J48: =E48+F48-H48-K48-I48 -> 0 | K48: =+'30'!K48+'1'!K48+'2'!K48+'3'!K48+'4'!K48+'5'!K48+'6'!K48+'7'!K48+'8'!K48+'9'!K48+'10'!K48 -> 57 | L48: 50 | M48: =+'30'!M48+'1'!M48+'2'!M48+'3'!M48+'4'!M48+'5'!M48+'6'!M48+'7'!M48+'8'!M48+'9'!M48+'10'!M48 -> 2850 | O48: 18.88 | P48: =+K48*O48 -> 1076.16
A49: 45 | B49: 8857125000192 | C49: เค้กเบาหวิว รสกาแฟ 110 กรัม | D49: กล่อง | E49: =+ยกมา!J49 -> 0 | F49: =+'30'!F49+'1'!F49+'2'!F49+'3'!F49+'4'!F49+'5'!F49+'6'!F49+'7'!F49+'8'!F49+'9'!F49+'10'!F49 -> 58 | G49: =+E49+F49 -> 58 | H49: =+'30'!H49+'1'!H49+'2'!H49+'3'!H49+'4'!H49+'5'!H49+'6'!H49+'7'!H49+'8'!H49+'9'!H49+'10'!H49 -> 0 | I49: =+'30'!I49+'1'!I49+'2'!I49+'3'!I49+'4'!I49+'5'!I49+'6'!I49+'7'!I49+'8'!I49+'9'!I49+'10'!I49 -> 0 | J49: =E49+F49-H49-K49-I49 -> 18 | K49: =+'30'!K49+'1'!K49+'2'!K49+'3'!K49+'4'!K49+'5'!K49+'6'!K49+'7'!K49+'8'!K49+'9'!K49+'10'!K49 -> 40 | L49: 50 | M49: =+'30'!M49+'1'!M49+'2'!M49+'3'!M49+'4'!M49+'5'!M49+'6'!M49+'7'!M49+'8'!M49+'9'!M49+'10'!M49 -> 2000 | O49: 20.43 | P49: =+K49*O49 -> 817.2
A50: 46 | B50: 8857125000185 | C50: เค้กเบาหวิว รสเนยนม 110 กรัม | D50: กล่อง | E50: =+ยกมา!J50 -> 0 | F50: =+'30'!F50+'1'!F50+'2'!F50+'3'!F50+'4'!F50+'5'!F50+'6'!F50+'7'!F50+'8'!F50+'9'!F50+'10'!F50 -> 56 | G50: =+E50+F50 -> 56 | H50: =+'30'!H50+'1'!H50+'2'!H50+'3'!H50+'4'!H50+'5'!H50+'6'!H50+'7'!H50+'8'!H50+'9'!H50+'10'!H50 -> 0 | I50: =+'30'!I50+'1'!I50+'2'!I50+'3'!I50+'4'!I50+'5'!I50+'6'!I50+'7'!I50+'8'!I50+'9'!I50+'10'!I50 -> 0 | J50: =E50+F50-H50-K50-I50 -> 6 | K50: =+'30'!K50+'1'!K50+'2'!K50+'3'!K50+'4'!K50+'5'!K50+'6'!K50+'7'!K50+'8'!K50+'9'!K50+'10'!K50 -> 50 | L50: 50 | M50: =+'30'!M50+'1'!M50+'2'!M50+'3'!M50+'4'!M50+'5'!M50+'6'!M50+'7'!M50+'8'!M50+'9'!M50+'10'!M50 -> 2500 | O50: 21.81 | P50: =+K50*O50 -> 1090.5
... A62: 58 | B62: 8857125000451 | C62: เค้กเบาหวิว หน้าฝอยทอง 300 กรัม | D62: กล่อง | E62: =+ยกมา!J62 -> 0 | F62: =+'30'!F62+'1'!F62+'2'!F62+'3'!F62+'4'!F62+'5'!F62+'6'!F62+'7'!F62+'8'!F62+'9'!F62+'10'!F62 -> 6 | G62: =+E62+F62 -> 6 | H62: =+'30'!H62+'1'!H62+'2'!H62+'3'!H62+'4'!H62+'5'!H62+'6'!H62+'7'!H62+'8'!H62+'9'!H62+'10'!H62 -> 0 | I62: =+'30'!I62+'1'!I62+'2'!I62+'3'!I62+'4'!I62+'5'!I62+'6'!I62+'7'!I62+'8'!I62+'9'!I62+'10'!I62 -> 0 | J62: =E62+F62-H62-K62-I62 -> 0 | K62: =+'30'!K62+'1'!K62+'2'!K62+'3'!K62+'4'!K62+'5'!K62+'6'!K62+'7'!K62+'8'!K62+'9'!K62+'10'!K62 -> 6 | L62: 120 | M62: =+'30'!M62+'1'!M62+'2'!M62+'3'!M62+'4'!M62+'5'!M62+'6'!M62+'7'!M62+'8'!M62+'9'!M62+'10'!M62 -> 720 | O62: 29.82 | P62: =+K62*O62 -> 178.92
A63: 59 | B63: 1112018 | C63: เค้กเบาหวิว รสทุเรียน 300 กรัม | D63: กล่อง | E63: =+ยกมา!J63 -> 0 | F63: =+'30'!F63+'1'!F63+'2'!F63+'3'!F63+'4'!F63+'5'!F63+'6'!F63+'7'!F63+'8'!F63+'9'!F63+'10'!F63 -> 0 | G63: =+E63+F63 -> 0 | H63: =+'30'!H63+'1'!H63+'2'!H63+'3'!H63+'4'!H63+'5'!H63+'6'!H63+'7'!H63+'8'!H63+'9'!H63+'10'!H63 -> 0 | I63: =+'30'!I63+'1'!I63+'2'!I63+'3'!I63+'4'!I63+'5'!I63+'6'!I63+'7'!I63+'8'!I63+'9'!I63+'10'!I63 -> 0 | J63: =E63+F63-H63-K63-I63 -> 0 | K63: =+'30'!K63+'1'!K63+'2'!K63+'3'!K63+'4'!K63+'5'!K63+'6'!K63+'7'!K63+'8'!K63+'9'!K63+'10'!K63 -> 0 | L63: 120 | M63: =+'30'!M63+'1'!M63+'2'!M63+'3'!M63+'4'!M63+'5'!M63+'6'!M63+'7'!M63+'8'!M63+'9'!M63+'10'!M63 -> 0 | O63: 27.72 | P63: =+K63*O63 -> 0
A64: 60 | B64: 8857125003711 | C64: เค้กโบราณรวมรส 4 ชิ้น | D64: กล่อง | E64: =+ยกมา!J64 -> 0 | F64: =+'30'!F64+'1'!F64+'2'!F64+'3'!F64+'4'!F64+'5'!F64+'6'!F64+'7'!F64+'8'!F64+'9'!F64+'10'!F64 -> 15 | G64: =+E64+F64 -> 15 | H64: =+'30'!H64+'1'!H64+'2'!H64+'3'!H64+'4'!H64+'5'!H64+'6'!H64+'7'!H64+'8'!H64+'9'!H64+'10'!H64 -> 0 | I64: =+'30'!I64+'1'!I64+'2'!I64+'3'!I64+'4'!I64+'5'!I64+'6'!I64+'7'!I64+'8'!I64+'9'!I64+'10'!I64 -> 0 | J64: =E64+F64-H64-K64-I64 -> 1 | K64: =+'30'!K64+'1'!K64+'2'!K64+'3'!K64+'4'!K64+'5'!K64+'6'!K64+'7'!K64+'8'!K64+'9'!K64+'10'!K64 -> 14 | L64: 50 | M64: =+'30'!M64+'1'!M64+'2'!M64+'3'!M64+'4'!M64+'5'!M64+'6'!M64+'7'!M64+'8'!M64+'9'!M64+'10'!M64 -> 700 | O64: 23.69 | P64: =+K64*O64 -> 331.66
A65: 61 | B65: 8857125000215 | C65: เค้กโบราณครีม 4 ชิ้น | D65: กล่อง | E65: =+ยกมา!J65 -> 0 | F65: =+'30'!F65+'1'!F65+'2'!F65+'3'!F65+'4'!F65+'5'!F65+'6'!F65+'7'!F65+'8'!F65+'9'!F65+'10'!F65 -> 10 | G65: =+E65+F65 -> 10 | H65: =+'30'!H65+'1'!H65+'2'!H65+'3'!H65+'4'!H65+'5'!H65+'6'!H65+'7'!H65+'8'!H65+'9'!H65+'10'!H65 -> 0 | I65: =+'30'!I65+'1'!I65+'2'!I65+'3'!I65+'4'!I65+'5'!I65+'6'!I65+'7'!I65+'8'!I65+'9'!I65+'10'!I65 -> 1 | J65: =E65+F65-H65-K65-I65 -> 0 | K65: =+'30'!K65+'1'!K65+'2'!K65+'3'!K65+'4'!K65+'5'!K65+'6'!K65+'7'!K65+'8'!K65+'9'!K65+'10'!K65 -> 9 | L65: 50 | M65: =+'30'!M65+'1'!M65+'2'!M65+'3'!M65+'4'!M65+'5'!M65+'6'!M65+'7'!M65+'8'!M65+'9'!M65+'10'!M65 -> 450 | O65: 22.49 | P65: =+K65*O65 -> 202.41
A66: 62 | B66: 8857125003704 | C66: เค้กโบราณผลไม้ 4 ชิ้น | D66: กล่อง | E66: =+ยกมา!J66 -> 0 | F66: =+'30'!F66+'1'!F66+'2'!F66+'3'!F66+'4'!F66+'5'!F66+'6'!F66+'7'!F66+'8'!F66+'9'!F66+'10'!F66 -> 15 | G66: =+E66+F66 -> 15 | H66: =+'30'!H66+'1'!H66+'2'!H66+'3'!H66+'4'!H66+'5'!H66+'6'!H66+'7'!H66+'8'!H66+'9'!H66+'10'!H66 -> 0 | I66: =+'30'!I66+'1'!I66+'2'!I66+'3'!I66+'4'!I66+'5'!I66+'6'!I66+'7'!I66+'8'!I66+'9'!I66+'10'!I66 -> 1 | J66: =E66+F66-H66-K66-I66 -> 0 | K66: =+'30'!K66+'1'!K66+'2'!K66+'3'!K66+'4'!K66+'5'!K66+'6'!K66+'7'!K66+'8'!K66+'9'!K66+'10'!K66 -> 14 | L66: 50 | M66: =+'30'!M66+'1'!M66+'2'!M66+'3'!M66+'4'!M66+'5'!M66+'6'!M66+'7'!M66+'8'!M66+'9'!M66+'10'!M66 -> 700 | O66: 23.12 | P66: =+K66*O66 -> 323.68
A67: 63 | B67: 8857126455021 | C67: NP เค้กโบราณครีม 6 ชิ้น | D67: กล่อง | E67: =+ยกมา!J67 -> 0 | F67: =+'30'!F67+'1'!F67+'2'!F67+'3'!F67+'4'!F67+'5'!F67+'6'!F67+'7'!F67+'8'!F67+'9'!F67+'10'!F67 -> 0 | G67: =+E67+F67 -> 0 | H67: =+'30'!H67+'1'!H67+'2'!H67+'3'!H67+'4'!H67+'5'!H67+'6'!H67+'7'!H67+'8'!H67+'9'!H67+'10'!H67 -> 0 | I67: =+'30'!I67+'1'!I67+'2'!I67+'3'!I67+'4'!I67+'5'!I67+'6'!I67+'7'!I67+'8'!I67+'9'!I67+'10'!I67 -> 0 | J67: =E67+F67-H67-K67-I67 -> 0 | K67: =+'30'!K67+'1'!K67+'2'!K67+'3'!K67+'4'!K67+'5'!K67+'6'!K67+'7'!K67+'8'!K67+'9'!K67+'10'!K67 -> 0 | L67: 70 | M67: =+'30'!M67+'1'!M67+'2'!M67+'3'!M67+'4'!M67+'5'!M67+'6'!M67+'7'!M67+'8'!M67+'9'!M67+'10'!M67 -> 0 | O67: 40 | P67: =+K67*O67 -> 0
A68: 64 | B68: 8857126455038 | C68: NP เเค้กโบราณผลไม้ 6 ชิ้น | D68: กล่อง | E68: =+ยกมา!J68 -> 0 | F68: =+'30'!F68+'1'!F68+'2'!F68+'3'!F68+'4'!F68+'5'!F68+'6'!F68+'7'!F68+'8'!F68+'9'!F68+'10'!F68 -> 0 | G68: =+E68+F68 -> 0 | H68: =+'30'!H68+'1'!H68+'2'!H68+'3'!H68+'4'!H68+'5'!H68+'6'!H68+'7'!H68+'8'!H68+'9'!H68+'10'!H68 -> 0 | I68: =+'30'!I68+'1'!I68+'2'!I68+'3'!I68+'4'!I68+'5'!I68+'6'!I68+'7'!I68+'8'!I68+'9'!I68+'10'!I68 -> 0 | J68: =E68+F68-H68-K68-I68 -> 0 | K68: =+'30'!K68+'1'!K68+'2'!K68+'3'!K68+'4'!K68+'5'!K68+'6'!K68+'7'!K68+'8'!K68+'9'!K68+'10'!K68 -> 0 | L68: 80 | M68: =+'30'!M68+'1'!M68+'2'!M68+'3'!M68+'4'!M68+'5'!M68+'6'!M68+'7'!M68+'8'!M68+'9'!M68+'10'!M68 -> 0 | O68: 50 | P68: =+K68*O68 -> 0
A69: 65 | B69: 2566110401 | C69: เค้กโบราณรวมรส 12 ชิ้น | D69: กล่อง | E69: =+ยกมา!J69 -> 0 | F69: =+'30'!F69+'1'!F69+'2'!F69+'3'!F69+'4'!F69+'5'!F69+'6'!F69+'7'!F69+'8'!F69+'9'!F69+'10'!F69 -> 3 | G69: =+E69+F69 -> 3 | H69: =+'30'!H69+'1'!H69+'2'!H69+'3'!H69+'4'!H69+'5'!H69+'6'!H69+'7'!H69+'8'!H69+'9'!H69+'10'!H69 -> 0 | I69: =+'30'!I69+'1'!I69+'2'!I69+'3'!I69+'4'!I69+'5'!I69+'6'!I69+'7'!I69+'8'!I69+'9'!I69+'10'!I69 -> 0 | J69: =E69+F69-H69-K69-I69 -> 0 | K69: =+'30'!K69+'1'!K69+'2'!K69+'3'!K69+'4'!K69+'5'!K69+'6'!K69+'7'!K69+'8'!K69+'9'!K69+'10'!K69 -> 3 | L69: 150 | M69: =+'30'!M69+'1'!M69+'2'!M69+'3'!M69+'4'!M69+'5'!M69+'6'!M69+'7'!M69+'8'!M69+'9'!M69+'10'!M69 -> 450 | O69: 67.79 | P69: =+K69*O69 -> 203.37
A70: 66 | B70: 2566110402 | C70: เค้กโบราณครีม 12 ชิ้น | D70: กล่อง | E70: =+ยกมา!J70 -> 0 | F70: =+'30'!F70+'1'!F70+'2'!F70+'3'!F70+'4'!F70+'5'!F70+'6'!F70+'7'!F70+'8'!F70+'9'!F70+'10'!F70 -> 3 | G70: =+E70+F70 -> 3 | H70: =+'30'!H70+'1'!H70+'2'!H70+'3'!H70+'4'!H70+'5'!H70+'6'!H70+'7'!H70+'8'!H70+'9'!H70+'10'!H70 -> 0 | I70: =+'30'!I70+'1'!I70+'2'!I70+'3'!I70+'4'!I70+'5'!I70+'6'!I70+'7'!I70+'8'!I70+'9'!I70+'10'!I70 -> 0 | J70: =E70+F70-H70-K70-I70 -> 1 | K70: =+'30'!K70+'1'!K70+'2'!K70+'3'!K70+'4'!K70+'5'!K70+'6'!K70+'7'!K70+'8'!K70+'9'!K70+'10'!K70 -> 2 | L70: 150 | M70: =+'30'!M70+'1'!M70+'2'!M70+'3'!M70+'4'!M70+'5'!M70+'6'!M70+'7'!M70+'8'!M70+'9'!M70+'10'!M70 -> 300 | O70: 68.37 | P70: =+K70*O70 -> 136.74
A71: 67 | B71: 8857125000819 | C71: เค้กโบราณผลไม้ 12 ชิ้น | D71: กล่อง | E71: =+ยกมา!J71 -> 0 | F71: =+'30'!F71+'1'!F71+'2'!F71+'3'!F71+'4'!F71+'5'!F71+'6'!F71+'7'!F71+'8'!F71+'9'!F71+'10'!F71 -> 3 | G71: =+E71+F71 -> 3 | H71: =+'30'!H71+'1'!H71+'2'!H71+'3'!H71+'4'!H71+'5'!H71+'6'!H71+'7'!H71+'8'!H71+'9'!H71+'10'!H71 -> 0 | I71: =+'30'!I71+'1'!I71+'2'!I71+'3'!I71+'4'!I71+'5'!I71+'6'!I71+'7'!I71+'8'!I71+'9'!I71+'10'!I71 -> 0 | J71: =E71+F71-H71-K71-I71 -> 0 | K71: =+'30'!K71+'1'!K71+'2'!K71+'3'!K71+'4'!K71+'5'!K71+'6'!K71+'7'!K71+'8'!K71+'9'!K71+'10'!K71 -> 3 | L71: 150 | M71: =+'30'!M71+'1'!M71+'2'!M71+'3'!M71+'4'!M71+'5'!M71+'6'!M71+'7'!M71+'8'!M71+'9'!M71+'10'!M71 -> 450 | O71: 67.17 | P71: =+K71*O71 -> 201.51
A72: 68 | B72: 8857125001304 | C72: เค้กลาวา ฝอยทอง เล็ก | D72: ชิ้น | E72: =+ยกมา!J72 -> 0 | F72: =+'30'!F72+'1'!F72+'2'!F72+'3'!F72+'4'!F72+'5'!F72+'6'!F72+'7'!F72+'8'!F72+'9'!F72+'10'!F72 -> 5 | G72: =+E72+F72 -> 5 | H72: =+'30'!H72+'1'!H72+'2'!H72+'3'!H72+'4'!H72+'5'!H72+'6'!H72+'7'!H72+'8'!H72+'9'!H72+'10'!H72 -> 0 | I72: =+'30'!I72+'1'!I72+'2'!I72+'3'!I72+'4'!I72+'5'!I72+'6'!I72+'7'!I72+'8'!I72+'9'!I72+'10'!I72 -> 0 | J72: =E72+F72-H72-K72-I72 -> 0 | K72: =+'30'!K72+'1'!K72+'2'!K72+'3'!K72+'4'!K72+'5'!K72+'6'!K72+'7'!K72+'8'!K72+'9'!K72+'10'!K72 -> 5 | L72: 50 | M72: =+'30'!M72+'1'!M72+'2'!M72+'3'!M72+'4'!M72+'5'!M72+'6'!M72+'7'!M72+'8'!M72+'9'!M72+'10'!M72 -> 250 | O72: 13.48 | P72: =+K72*O72 -> 67.4
A73: 69 | B73: 8857125003742 | C73: เค้กลาวา ฝอยทอง ใหญ่ | D73: ชิ้น | E73: =+ยกมา!J73 -> 0 | F73: =+'30'!F73+'1'!F73+'2'!F73+'3'!F73+'4'!F73+'5'!F73+'6'!F73+'7'!F73+'8'!F73+'9'!F73+'10'!F73 -> 0 | G73: =+E73+F73 -> 0 | H73: =+'30'!H73+'1'!H73+'2'!H73+'3'!H73+'4'!H73+'5'!H73+'6'!H73+'7'!H73+'8'!H73+'9'!H73+'10'!H73 -> 0 | I73: =+'30'!I73+'1'!I73+'2'!I73+'3'!I73+'4'!I73+'5'!I73+'6'!I73+'7'!I73+'8'!I73+'9'!I73+'10'!I73 -> 0 | J73: =E73+F73-H73-K73-I73 -> 0 | K73: =+'30'!K73+'1'!K73+'2'!K73+'3'!K73+'4'!K73+'5'!K73+'6'!K73+'7'!K73+'8'!K73+'9'!K73+'10'!K73 -> 0 | L73: 120 | M73: =+'30'!M73+'1'!M73+'2'!M73+'3'!M73+'4'!M73+'5'!M73+'6'!M73+'7'!M73+'8'!M73+'9'!M73+'10'!M73 -> 0 | O73: 15.4 | P73: =+K73*O73 -> 0
A74: 70 | B74: 8857125003728 | C74: เค้กลาวา ฝอยทองทูโทน เล็ก | D74: กล่อง | E74: =+ยกมา!J74 -> 0 | F74: =+'30'!F74+'1'!F74+'2'!F74+'3'!F74+'4'!F74+'5'!F74+'6'!F74+'7'!F74+'8'!F74+'9'!F74+'10'!F74 -> 45 | G74: =+E74+F74 -> 45 | H74: =+'30'!H74+'1'!H74+'2'!H74+'3'!H74+'4'!H74+'5'!H74+'6'!H74+'7'!H74+'8'!H74+'9'!H74+'10'!H74 -> 0 | I74: =+'30'!I74+'1'!I74+'2'!I74+'3'!I74+'4'!I74+'5'!I74+'6'!I74+'7'!I74+'8'!I74+'9'!I74+'10'!I74 -> 0 | J74: =E74+F74-H74-K74-I74 -> 0 | K74: =+'30'!K74+'1'!K74+'2'!K74+'3'!K74+'4'!K74+'5'!K74+'6'!K74+'7'!K74+'8'!K74+'9'!K74+'10'!K74 -> 45 | L74: 50 | M74: =+'30'!M74+'1'!M74+'2'!M74+'3'!M74+'4'!M74+'5'!M74+'6'!M74+'7'!M74+'8'!M74+'9'!M74+'10'!M74 -> 2250 | O74: 17.09 | P74: =+K74*O74 -> 769.05
A75: 71 | B75: 8857125003735 | C75: เค้กลาวา ฝอยทองทูโทน ใหญ่ | D75: ชิ้น | E75: =+ยกมา!J75 -> 0 | F75: =+'30'!F75+'1'!F75+'2'!F75+'3'!F75+'4'!F75+'5'!F75+'6'!F75+'7'!F75+'8'!F75+'9'!F75+'10'!F75 -> 0 | G75: =+E75+F75 -> 0 | H75: =+'30'!H75+'1'!H75+'2'!H75+'3'!H75+'4'!H75+'5'!H75+'6'!H75+'7'!H75+'8'!H75+'9'!H75+'10'!H75 -> 0 | I75: =+'30'!I75+'1'!I75+'2'!I75+'3'!I75+'4'!I75+'5'!I75+'6'!I75+'7'!I75+'8'!I75+'9'!I75+'10'!I75 -> 0 | J75: =E75+F75-H75-K75-I75 -> 0 | K75: =+'30'!K75+'1'!K75+'2'!K75+'3'!K75+'4'!K75+'5'!K75+'6'!K75+'7'!K75+'8'!K75+'9'!K75+'10'!K75 -> 0 | L75: 120 | M75: =+'30'!M75+'1'!M75+'2'!M75+'3'!M75+'4'!M75+'5'!M75+'6'!M75+'7'!M75+'8'!M75+'9'!M75+'10'!M75 -> 0 | O75: 22.51 | P75: =+K75*O75 -> 0
A76: 72 | B76: 8857125000567 | C76: เอแคลร์นมสด 6 ชิ้น | D76: กล่อง | E76: 0 | F76: =+'30'!F76+'1'!F76+'2'!F76+'3'!F76+'4'!F76+'5'!F76+'6'!F76+'7'!F76+'8'!F76+'9'!F76+'10'!F76 -> 30 | G76: =+E76+F76 -> 30 | H76: =+'30'!H76+'1'!H76+'2'!H76+'3'!H76+'4'!H76+'5'!H76+'6'!H76+'7'!H76+'8'!H76+'9'!H76+'10'!H76 -> 0 | I76: =+'30'!I76+'1'!I76+'2'!I76+'3'!I76+'4'!I76+'5'!I76+'6'!I76+'7'!I76+'8'!I76+'9'!I76+'10'!I76 -> 0 | J76: =E76+F76-H76-K76-I76 -> 12 | K76: =+'30'!K76+'1'!K76+'2'!K76+'3'!K76+'4'!K76+'5'!K76+'6'!K76+'7'!K76+'8'!K76+'9'!K76+'10'!K76 -> 18 | L76: 39 | M76: =+'30'!M76+'1'!M76+'2'!M76+'3'!M76+'4'!M76+'5'!M76+'6'!M76+'7'!M76+'8'!M76+'9'!M76+'10'!M76 -> 779 | O76: 9.91 | P76: =+K76*O76 -> 178.38
A77: 73 | B77: 8857125000147 | C77: เอแคลร์นมสด 8 ชิ้น | D77: กล่อง | E77: =+ยกมา!J77 -> 0 | F77: =+'30'!F77+'1'!F77+'2'!F77+'3'!F77+'4'!F77+'5'!F77+'6'!F77+'7'!F77+'8'!F77+'9'!F77+'10'!F77 -> 60 | G77: =+E77+F77 -> 60 | H77: =+'30'!H77+'1'!H77+'2'!H77+'3'!H77+'4'!H77+'5'!H77+'6'!H77+'7'!H77+'8'!H77+'9'!H77+'10'!H77 -> 11 | I77: =+'30'!I77+'1'!I77+'2'!I77+'3'!I77+'4'!I77+'5'!I77+'6'!I77+'7'!I77+'8'!I77+'9'!I77+'10'!I77 -> 0 | J77: =E77+F77-H77-K77-I77 -> 0 | K77: =+'30'!K77+'1'!K77+'2'!K77+'3'!K77+'4'!K77+'5'!K77+'6'!K77+'7'!K77+'8'!K77+'9'!K77+'10'!K77 -> 49 | L77: 50 | M77: =+'30'!M77+'1'!M77+'2'!M77+'3'!M77+'4'!M77+'5'!M77+'6'!M77+'7'!M77+'8'!M77+'9'!M77+'10'!M77 -> 2450 | O77: 25.15 | P77: =+K77*O77 -> 1232.35
A78: 74 | B78: 8857125004251 | C78: เอแคลร์คิทแคท 55g. | D78: กล่อง | E78: =+ยกมา!J78 -> 0 | F78: =+'30'!F78+'1'!F78+'2'!F78+'3'!F78+'4'!F78+'5'!F78+'6'!F78+'7'!F78+'8'!F78+'9'!F78+'10'!F78 -> 0 | G78: =+E78+F78 -> 0 | H78: =+'30'!H78+'1'!H78+'2'!H78+'3'!H78+'4'!H78+'5'!H78+'6'!H78+'7'!H78+'8'!H78+'9'!H78+'10'!H78 -> 0 | I78: =+'30'!I78+'1'!I78+'2'!I78+'3'!I78+'4'!I78+'5'!I78+'6'!I78+'7'!I78+'8'!I78+'9'!I78+'10'!I78 -> 0 | J78: =E78+F78-H78-K78-I78 -> 0 | K78: =+'30'!K78+'1'!K78+'2'!K78+'3'!K78+'4'!K78+'5'!K78+'6'!K78+'7'!K78+'8'!K78+'9'!K78+'10'!K78 -> 0 | L78: 45 | M78: =+'30'!M78+'1'!M78+'2'!M78+'3'!M78+'4'!M78+'5'!M78+'6'!M78+'7'!M78+'8'!M78+'9'!M78+'10'!M78 -> 0 | O78: 0 | P78: =+K78*O78 -> 0
A79: 75 | B79: 20056257 | C79: เอแคลร์ชาไทย 125g. | D79: กล่อง | E79: =+ยกมา!J79 -> 0 | F79: =+'30'!F79+'1'!F79+'2'!F79+'3'!F79+'4'!F79+'5'!F79+'6'!F79+'7'!F79+'8'!F79+'9'!F79+'10'!F79 -> 5 | G79: =+E79+F79 -> 5 | H79: =+'30'!H79+'1'!H79+'2'!H79+'3'!H79+'4'!H79+'5'!H79+'6'!H79+'7'!H79+'8'!H79+'9'!H79+'10'!H79 -> 0 | I79: =+'30'!I79+'1'!I79+'2'!I79+'3'!I79+'4'!I79+'5'!I79+'6'!I79+'7'!I79+'8'!I79+'9'!I79+'10'!I79 -> 0 | J79: =E79+F79-H79-K79-I79 -> 0 | K79: =+'30'!K79+'1'!K79+'2'!K79+'3'!K79+'4'!K79+'5'!K79+'6'!K79+'7'!K79+'8'!K79+'9'!K79+'10'!K79 -> 5 | L79: 35 | M79: =+'30'!M79+'1'!M79+'2'!M79+'3'!M79+'4'!M79+'5'!M79+'6'!M79+'7'!M79+'8'!M79+'9'!M79+'10'!M79 -> 175 | O79: 30.84 | P79: =+K79*O79 -> 154.2
A80: 76 | B80: 8857125000499 | C80: ซอฟ์ทเค้กช็อคโกแลตหน้านิ่ม | D80: กล่อง | E80: =+ยกมา!J80 -> 0 | F80: =+'30'!F80+'1'!F80+'2'!F80+'3'!F80+'4'!F80+'5'!F80+'6'!F80+'7'!F80+'8'!F80+'9'!F80+'10'!F80 -> 10 | G80: =+E80+F80 -> 10 | H80: =+'30'!H80+'1'!H80+'2'!H80+'3'!H80+'4'!H80+'5'!H80+'6'!H80+'7'!H80+'8'!H80+'9'!H80+'10'!H80 -> 0 | I80: =+'30'!I80+'1'!I80+'2'!I80+'3'!I80+'4'!I80+'5'!I80+'6'!I80+'7'!I80+'8'!I80+'9'!I80+'10'!I80 -> 0 | J80: =E80+F80-H80-K80-I80 -> 0 | K80: =+'30'!K80+'1'!K80+'2'!K80+'3'!K80+'4'!K80+'5'!K80+'6'!K80+'7'!K80+'8'!K80+'9'!K80+'10'!K80 -> 10 | L80: 55 | M80: =+'30'!M80+'1'!M80+'2'!M80+'3'!M80+'4'!M80+'5'!M80+'6'!M80+'7'!M80+'8'!M80+'9'!M80+'10'!M80 -> 550 | O80: 14.35 | P80: =+K80*O80 -> 143.5
A81: 77 | B81: 8857125000475 | C81: ซอฟ์ทเค้กมะพร้าวนมสดหน้านิ่ม | D81: กล่อง | E81: =+ยกมา!J81 -> 0 | F81: =+'30'!F81+'1'!F81+'2'!F81+'3'!F81+'4'!F81+'5'!F81+'6'!F81+'7'!F81+'8'!F81+'9'!F81+'10'!F81 -> 5 | G81: =+E81+F81 -> 5 | H81: =+'30'!H81+'1'!H81+'2'!H81+'3'!H81+'4'!H81+'5'!H81+'6'!H81+'7'!H81+'8'!H81+'9'!H81+'10'!H81 -> 0 | I81: =+'30'!I81+'1'!I81+'2'!I81+'3'!I81+'4'!I81+'5'!I81+'6'!I81+'7'!I81+'8'!I81+'9'!I81+'10'!I81 -> 0 | J81: =E81+F81-H81-K81-I81 -> 0 | K81: =+'30'!K81+'1'!K81+'2'!K81+'3'!K81+'4'!K81+'5'!K81+'6'!K81+'7'!K81+'8'!K81+'9'!K81+'10'!K81 -> 5 | L81: 55 | M81: =+'30'!M81+'1'!M81+'2'!M81+'3'!M81+'4'!M81+'5'!M81+'6'!M81+'7'!M81+'8'!M81+'9'!M81+'10'!M81 -> 275 | O81: 11.58 | P81: =+K81*O81 -> 57.9
A82: 78 | B82: 8857125004213 | C82: ซอฟท์เค้กฝอยทองหน้านิ่ม | D82: ชิ้น | E82: =+ยกมา!J82 -> 0 | F82: =+'30'!F82+'1'!F82+'2'!F82+'3'!F82+'4'!F82+'5'!F82+'6'!F82+'7'!F82+'8'!F82+'9'!F82+'10'!F82 -> 0 | G82: =+E82+F82 -> 0 | H82: =+'30'!H82+'1'!H82+'2'!H82+'3'!H82+'4'!H82+'5'!H82+'6'!H82+'7'!H82+'8'!H82+'9'!H82+'10'!H82 -> 0 | I82: =+'30'!I82+'1'!I82+'2'!I82+'3'!I82+'4'!I82+'5'!I82+'6'!I82+'7'!I82+'8'!I82+'9'!I82+'10'!I82 -> 0 | J82: =E82+F82-H82-K82-I82 -> 0 | K82: =+'30'!K82+'1'!K82+'2'!K82+'3'!K82+'4'!K82+'5'!K82+'6'!K82+'7'!K82+'8'!K82+'9'!K82+'10'!K82 -> 0 | L82: 55 | M82: =+'30'!M82+'1'!M82+'2'!M82+'3'!M82+'4'!M82+'5'!M82+'6'!M82+'7'!M82+'8'!M82+'9'!M82+'10'!M82 -> 0 | O82: 18.95 | P82: =+K82*O82 -> 0
A83: 79 | B83: 8857125000468 | C83: เครปโรลฝอยทอง วนิลา | D83: กล่อง | E83: =+ยกมา!J83 -> 0 | F83: =+'30'!F83+'1'!F83+'2'!F83+'3'!F83+'4'!F83+'5'!F83+'6'!F83+'7'!F83+'8'!F83+'9'!F83+'10'!F83 -> 5 | G83: =+E83+F83 -> 5 | H83: =+'30'!H83+'1'!H83+'2'!H83+'3'!H83+'4'!H83+'5'!H83+'6'!H83+'7'!H83+'8'!H83+'9'!H83+'10'!H83 -> 0 | I83: =+'30'!I83+'1'!I83+'2'!I83+'3'!I83+'4'!I83+'5'!I83+'6'!I83+'7'!I83+'8'!I83+'9'!I83+'10'!I83 -> 1 | J83: =E83+F83-H83-K83-I83 -> 0 | K83: =+'30'!K83+'1'!K83+'2'!K83+'3'!K83+'4'!K83+'5'!K83+'6'!K83+'7'!K83+'8'!K83+'9'!K83+'10'!K83 -> 4 | L83: 50 | M83: =+'30'!M83+'1'!M83+'2'!M83+'3'!M83+'4'!M83+'5'!M83+'6'!M83+'7'!M83+'8'!M83+'9'!M83+'10'!M83 -> 200 | O83: 18.14 | P83: =+K83*O83 -> 72.56
A84: 80 | B84: 8857125000857 | C84: เครปโรลฝอยทอง ใบเตย | D84: กล่อง | E84: =+ยกมา!J84 -> 0 | F84: =+'30'!F84+'1'!F84+'2'!F84+'3'!F84+'4'!F84+'5'!F84+'6'!F84+'7'!F84+'8'!F84+'9'!F84+'10'!F84 -> 5 | G84: =+E84+F84 -> 5 | H84: =+'30'!H84+'1'!H84+'2'!H84+'3'!H84+'4'!H84+'5'!H84+'6'!H84+'7'!H84+'8'!H84+'9'!H84+'10'!H84 -> 0 | I84: =+'30'!I84+'1'!I84+'2'!I84+'3'!I84+'4'!I84+'5'!I84+'6'!I84+'7'!I84+'8'!I84+'9'!I84+'10'!I84 -> 0 | J84: =E84+F84-H84-K84-I84 -> 0 | K84: =+'30'!K84+'1'!K84+'2'!K84+'3'!K84+'4'!K84+'5'!K84+'6'!K84+'7'!K84+'8'!K84+'9'!K84+'10'!K84 -> 5 | L84: 50 | M84: =+'30'!M84+'1'!M84+'2'!M84+'3'!M84+'4'!M84+'5'!M84+'6'!M84+'7'!M84+'8'!M84+'9'!M84+'10'!M84 -> 250 | O84: 12.94 | P84: =+K84*O84 -> 64.7
A85: 81 | B85: 20054638 | C85: เครปเค้กคิทแคท 65g. | D85: กล่อง | E85: =+ยกมา!J85 -> 0 | F85: =+'30'!F85+'1'!F85+'2'!F85+'3'!F85+'4'!F85+'5'!F85+'6'!F85+'7'!F85+'8'!F85+'9'!F85+'10'!F85 -> 0 | G85: =+E85+F85 -> 0 | H85: =+'30'!H85+'1'!H85+'2'!H85+'3'!H85+'4'!H85+'5'!H85+'6'!H85+'7'!H85+'8'!H85+'9'!H85+'10'!H85 -> 0 | I85: =+'30'!I85+'1'!I85+'2'!I85+'3'!I85+'4'!I85+'5'!I85+'6'!I85+'7'!I85+'8'!I85+'9'!I85+'10'!I85 -> 0 | J85: =E85+F85-H85-K85-I85 -> 0 | K85: =+'30'!K85+'1'!K85+'2'!K85+'3'!K85+'4'!K85+'5'!K85+'6'!K85+'7'!K85+'8'!K85+'9'!K85+'10'!K85 -> 0 | L85: 35 | M85: =+'30'!M85+'1'!M85+'2'!M85+'3'!M85+'4'!M85+'5'!M85+'6'!M85+'7'!M85+'8'!M85+'9'!M85+'10'!M85 -> 0 | O85: 0 | P85: =+K85*O85 -> 0
A86: 82 | B86: 8857125004091 | C86: ชูครีมไส้ครีมนมฮอกไกโด 60 กรัม | D86: กล่อง | E86: =+ยกมา!J86 -> 0 | F86: =+'30'!F86+'1'!F86+'2'!F86+'3'!F86+'4'!F86+'5'!F86+'6'!F86+'7'!F86+'8'!F86+'9'!F86+'10'!F86 -> 0 | G86: =+E86+F86 -> 0 | H86: =+'30'!H86+'1'!H86+'2'!H86+'3'!H86+'4'!H86+'5'!H86+'6'!H86+'7'!H86+'8'!H86+'9'!H86+'10'!H86 -> 0 | I86: =+'30'!I86+'1'!I86+'2'!I86+'3'!I86+'4'!I86+'5'!I86+'6'!I86+'7'!I86+'8'!I86+'9'!I86+'10'!I86 -> 0 | J86: =E86+F86-H86-K86-I86 -> 0 | K86: =+'30'!K86+'1'!K86+'2'!K86+'3'!K86+'4'!K86+'5'!K86+'6'!K86+'7'!K86+'8'!K86+'9'!K86+'10'!K86 -> 0 | L86: 35 | M86: =+'30'!M86+'1'!M86+'2'!M86+'3'!M86+'4'!M86+'5'!M86+'6'!M86+'7'!M86+'8'!M86+'9'!M86+'10'!M86 -> 0 | O86: 0 | P86: =+K86*O86 -> 0
A87: 83 | B87: 1300015 | C87: ทิรามิสุ 80 กรัม | D87: กล่อง | E87: =+ยกมา!J86 -> 0 | F87: =+'30'!F87+'1'!F87+'2'!F87+'3'!F87+'4'!F87+'5'!F87+'6'!F87+'7'!F87+'8'!F87+'9'!F87+'10'!F87 -> 84 | G87: =+E87+F87 -> 84 | H87: =+'30'!H87+'1'!H87+'2'!H87+'3'!H87+'4'!H87+'5'!H87+'6'!H87+'7'!H87+'8'!H87+'9'!H87+'10'!H87 -> 0 | I87: =+'30'!I87+'1'!I87+'2'!I87+'3'!I87+'4'!I87+'5'!I87+'6'!I87+'7'!I87+'8'!I87+'9'!I87+'10'!I87 -> 0 | J87: =E87+F87-H87-K87-I87 -> 0 | K87: =+'30'!K87+'1'!K87+'2'!K87+'3'!K87+'4'!K87+'5'!K87+'6'!K87+'7'!K87+'8'!K87+'9'!K87+'10'!K87 -> 84 | L87: 45 | M87: =+'30'!M87+'1'!M87+'2'!M87+'3'!M87+'4'!M87+'5'!M87+'6'!M87+'7'!M87+'8'!M87+'9'!M87+'10'!M87 -> 3780 | O87: 27.01 | P87: =+K87*O87 -> 2268.84
A88: 84 | B88: 1300016 | C88: มะม่วงครีมชีทครัมเบิ้ล 145 กรัม | D88: กล่อง | E88: =+ยกมา!J87 -> 0 | F88: =+'30'!F88+'1'!F88+'2'!F88+'3'!F88+'4'!F88+'5'!F88+'6'!F88+'7'!F88+'8'!F88+'9'!F88+'10'!F88 -> 129 | G88: =+E88+F88 -> 129 | H88: =+'30'!H88+'1'!H88+'2'!H88+'3'!H88+'4'!H88+'5'!H88+'6'!H88+'7'!H88+'8'!H88+'9'!H88+'10'!H88 -> 0 | I88: =+'30'!I88+'1'!I88+'2'!I88+'3'!I88+'4'!I88+'5'!I88+'6'!I88+'7'!I88+'8'!I88+'9'!I88+'10'!I88 -> 1 | J88: =E88+F88-H88-K88-I88 -> 17 | K88: =+'30'!K88+'1'!K88+'2'!K88+'3'!K88+'4'!K88+'5'!K88+'6'!K88+'7'!K88+'8'!K88+'9'!K88+'10'!K88 -> 111 | L88: 49 | M88: =+'30'!M88+'1'!M88+'2'!M88+'3'!M88+'4'!M88+'5'!M88+'6'!M88+'7'!M88+'8'!M88+'9'!M88+'10'!M88 -> 5439 | O88: 31.94 | P88: =+K88*O88 -> 3545.34
A89: 85 | B89: 20057017 | C89: มะม่วงชีสพาย 145g. | D89: กล่อง | E89: =+ยกมา!J89 -> 0 | F89: =+'30'!F89+'1'!F89+'2'!F89+'3'!F89+'4'!F89+'5'!F89+'6'!F89+'7'!F89+'8'!F89+'9'!F89+'10'!F89 -> 0 | G89: =+E89+F89 -> 0 | H89: =+'30'!H89+'1'!H89+'2'!H89+'3'!H89+'4'!H89+'5'!H89+'6'!H89+'7'!H89+'8'!H89+'9'!H89+'10'!H89 -> 0 | I89: =+'30'!I89+'1'!I89+'2'!I89+'3'!I89+'4'!I89+'5'!I89+'6'!I89+'7'!I89+'8'!I89+'9'!I89+'10'!I89 -> 0 | J89: =E89+F89-H89-K89-I89 -> 0 | K89: =+'30'!K89+'1'!K89+'2'!K89+'3'!K89+'4'!K89+'5'!K89+'6'!K89+'7'!K89+'8'!K89+'9'!K89+'10'!K89 -> 0 | L89: 35 | M89: =+'30'!M89+'1'!M89+'2'!M89+'3'!M89+'4'!M89+'5'!M89+'6'!M89+'7'!M89+'8'!M89+'9'!M89+'10'!M89 -> 0 | O89: 21.45 | P89: =+K89*O89 -> 0
A90: 86 | B90: 8857125004558 | C90: เลเยอร์เค้กใบเตย 100 กรัม | D90: กล่อง | E90: =+ยกมา!J90 -> 0 | F90: =+'30'!F90+'1'!F90+'2'!F90+'3'!F90+'4'!F90+'5'!F90+'6'!F90+'7'!F90+'8'!F90+'9'!F90+'10'!F90 -> 0 | G90: =+E90+F90 -> 0 | H90: =+'30'!H90+'1'!H90+'2'!H90+'3'!H90+'4'!H90+'5'!H90+'6'!H90+'7'!H90+'8'!H90+'9'!H90+'10'!H90 -> 0 | I90: =+'30'!I90+'1'!I90+'2'!I90+'3'!I90+'4'!I90+'5'!I90+'6'!I90+'7'!I90+'8'!I90+'9'!I90+'10'!I90 -> 0 | J90: =E90+F90-H90-K90-I90 -> 0 | K90: =+'30'!K90+'1'!K90+'2'!K90+'3'!K90+'4'!K90+'5'!K90+'6'!K90+'7'!K90+'8'!K90+'9'!K90+'10'!K90 -> 0 | L90: 35 | M90: =+'30'!M90+'1'!M90+'2'!M90+'3'!M90+'4'!M90+'5'!M90+'6'!M90+'7'!M90+'8'!M90+'9'!M90+'10'!M90 -> 0 | O90: 17.83 | P90: =+K90*O90 -> 0
A91: 87 | B91: 1006979 | C91: คัพเค้กไส้คัสตาร์ด | D91: กล่อง | E91: =+ยกมา!J91 -> 0 | F91: =+'30'!F91+'1'!F91+'2'!F91+'3'!F91+'4'!F91+'5'!F91+'6'!F91+'7'!F91+'8'!F91+'9'!F91+'10'!F91 -> 0 | G91: =+E91+F91 -> 0 | H91: =+'30'!H91+'1'!H91+'2'!H91+'3'!H91+'4'!H91+'5'!H91+'6'!H91+'7'!H91+'8'!H91+'9'!H91+'10'!H91 -> 0 | I91: =+'30'!I91+'1'!I91+'2'!I91+'3'!I91+'4'!I91+'5'!I91+'6'!I91+'7'!I91+'8'!I91+'9'!I91+'10'!I91 -> 0 | J91: =E91+F91-H91-K91-I91 -> 0 | K91: =+'30'!K91+'1'!K91+'2'!K91+'3'!K91+'4'!K91+'5'!K91+'6'!K91+'7'!K91+'8'!K91+'9'!K91+'10'!K91 -> 0 | L91: 45 | M91: =+'30'!M91+'1'!M91+'2'!M91+'3'!M91+'4'!M91+'5'!M91+'6'!M91+'7'!M91+'8'!M91+'9'!M91+'10'!M91 -> 0 | O91: 30.25 | P91: =+K91*O91 -> 0
A92: 88 | B92: 1300005 | C92: เค้กมะพร้าวลาวา 85 กรัม | D92: กล่อง | E92: =+ยกมา!J92 -> 0 | F92: =+'30'!F92+'1'!F92+'2'!F92+'3'!F92+'4'!F92+'5'!F92+'6'!F92+'7'!F92+'8'!F92+'9'!F92+'10'!F92 -> 0 | G92: =+E92+F92 -> 0 | H92: =+'30'!H92+'1'!H92+'2'!H92+'3'!H92+'4'!H92+'5'!H92+'6'!H92+'7'!H92+'8'!H92+'9'!H92+'10'!H92 -> 0 | I92: =+'30'!I92+'1'!I92+'2'!I92+'3'!I92+'4'!I92+'5'!I92+'6'!I92+'7'!I92+'8'!I92+'9'!I92+'10'!I92 -> 0 | J92: =E92+F92-H92-K92-I92 -> 0 | K92: =+'30'!K92+'1'!K92+'2'!K92+'3'!K92+'4'!K92+'5'!K92+'6'!K92+'7'!K92+'8'!K92+'9'!K92+'10'!K92 -> 0 | L92: 45 | M92: =+'30'!M92+'1'!M92+'2'!M92+'3'!M92+'4'!M92+'5'!M92+'6'!M92+'7'!M92+'8'!M92+'9'!M92+'10'!M92 -> 0 | O92: 18.28 | P92: =+K92*O92 -> 0
A93: 89 | B93: 8857125004220 | C93: เค้กลอดช่อง 85 กรัม | D93: กล่อง | E93: =+ยกมา!J93 -> 0 | F93: =+'30'!F93+'1'!F93+'2'!F93+'3'!F93+'4'!F93+'5'!F93+'6'!F93+'7'!F93+'8'!F93+'9'!F93+'10'!F93 -> 155 | G93: =+E93+F93 -> 155 | H93: =+'30'!H93+'1'!H93+'2'!H93+'3'!H93+'4'!H93+'5'!H93+'6'!H93+'7'!H93+'8'!H93+'9'!H93+'10'!H93 -> 0 | I93: =+'30'!I93+'1'!I93+'2'!I93+'3'!I93+'4'!I93+'5'!I93+'6'!I93+'7'!I93+'8'!I93+'9'!I93+'10'!I93 -> 1 | J93: =E93+F93-H93-K93-I93 -> 21 | K93: =+'30'!K93+'1'!K93+'2'!K93+'3'!K93+'4'!K93+'5'!K93+'6'!K93+'7'!K93+'8'!K93+'9'!K93+'10'!K93 -> 133 | L93: 35 | M93: =+'30'!M93+'1'!M93+'2'!M93+'3'!M93+'4'!M93+'5'!M93+'6'!M93+'7'!M93+'8'!M93+'9'!M93+'10'!M93 -> 4655 | O93: 18.63 | P93: =+K93*O93 -> 2477.79
A94: 90 | B94: 1113178 | C94: เค้กลอดช่องกล่องกลม 1 ปอนด์ 265 กรัม | D94: กล่อง | E94: =+ยกมา!J94 -> 0 | F94: =+'30'!F94+'1'!F94+'2'!F94+'3'!F94+'4'!F94+'5'!F94+'6'!F94+'7'!F94+'8'!F94+'9'!F94+'10'!F94 -> 0 | G94: =+E94+F94 -> 0 | H94: =+'30'!H94+'1'!H94+'2'!H94+'3'!H94+'4'!H94+'5'!H94+'6'!H94+'7'!H94+'8'!H94+'9'!H94+'10'!H94 -> 0 | I94: =+'30'!I94+'1'!I94+'2'!I94+'3'!I94+'4'!I94+'5'!I94+'6'!I94+'7'!I94+'8'!I94+'9'!I94+'10'!I94 -> 0 | J94: =E94+F94-H94-K94-I94 -> 0 | K94: =+'30'!K94+'1'!K94+'2'!K94+'3'!K94+'4'!K94+'5'!K94+'6'!K94+'7'!K94+'8'!K94+'9'!K94+'10'!K94 -> 0 | M94: =+'30'!M94+'1'!M94+'2'!M94+'3'!M94+'4'!M94+'5'!M94+'6'!M94+'7'!M94+'8'!M94+'9'!M94+'10'!M94 -> 0 | O94: 0 | P94: =+K94*O94 -> 0
A95: 91 | B95: 1113179 | C95: เค้กลอดช่องกล่องกลม 2 ปอนด์ 325 กรัม | D95: กล่อง | E95: =+ยกมา!J95 -> 0 | F95: =+'30'!F95+'1'!F95+'2'!F95+'3'!F95+'4'!F95+'5'!F95+'6'!F95+'7'!F95+'8'!F95+'9'!F95+'10'!F95 -> 0 | G95: =+E95+F95 -> 0 | H95: =+'30'!H95+'1'!H95+'2'!H95+'3'!H95+'4'!H95+'5'!H95+'6'!H95+'7'!H95+'8'!H95+'9'!H95+'10'!H95 -> 0 | I95: =+'30'!I95+'1'!I95+'2'!I95+'3'!I95+'4'!I95+'5'!I95+'6'!I95+'7'!I95+'8'!I95+'9'!I95+'10'!I95 -> 0 | J95: =E95+F95-H95-K95-I95 -> 0 | K95: =+'30'!K95+'1'!K95+'2'!K95+'3'!K95+'4'!K95+'5'!K95+'6'!K95+'7'!K95+'8'!K95+'9'!K95+'10'!K95 -> 0 | L95: 120 | M95: =+'30'!M95+'1'!M95+'2'!M95+'3'!M95+'4'!M95+'5'!M95+'6'!M95+'7'!M95+'8'!M95+'9'!M95+'10'!M95 -> 0 | O95: 0 | P95: =+K95*O95 -> 0
A96: 92 | B96: 8857125004275 | C96: เค้กทุเรียน 90 กรัม | D96: กล่อง | E96: =+ยกมา!J96 -> 0 | F96: =+'30'!F96+'1'!F96+'2'!F96+'3'!F96+'4'!F96+'5'!F96+'6'!F96+'7'!F96+'8'!F96+'9'!F96+'10'!F96 -> 50 | G96: =+E96+F96 -> 50 | H96: =+'30'!H96+'1'!H96+'2'!H96+'3'!H96+'4'!H96+'5'!H96+'6'!H96+'7'!H96+'8'!H96+'9'!H96+'10'!H96 -> 1 | I96: =+'30'!I96+'1'!I96+'2'!I96+'3'!I96+'4'!I96+'5'!I96+'6'!I96+'7'!I96+'8'!I96+'9'!I96+'10'!I96 -> 1 | J96: =E96+F96-H96-K96-I96 -> 0 | K96: =+'30'!K96+'1'!K96+'2'!K96+'3'!K96+'4'!K96+'5'!K96+'6'!K96+'7'!K96+'8'!K96+'9'!K96+'10'!K96 -> 48 | L96: 45 | M96: =+'30'!M96+'1'!M96+'2'!M96+'3'!M96+'4'!M96+'5'!M96+'6'!M96+'7'!M96+'8'!M96+'9'!M96+'10'!M96 -> 2160 | O96: 21.91 | P96: =+K96*O96 -> 1051.68
A97: 93 | B97: 20055951 | C97: เค้กบัวลอยมะพร้าวอ่อน 100 กรัม | D97: กล่อง | E97: =+ยกมา!J97 -> 0 | F97: =+'30'!F97+'1'!F97+'2'!F97+'3'!F97+'4'!F97+'5'!F97+'6'!F97+'7'!F97+'8'!F97+'9'!F97+'10'!F97 -> 0 | G97: =+E97+F97 -> 0 | H97: =+'30'!H97+'1'!H97+'2'!H97+'3'!H97+'4'!H97+'5'!H97+'6'!H97+'7'!H97+'8'!H97+'9'!H97+'10'!H97 -> 0 | I97: =+'30'!I97+'1'!I97+'2'!I97+'3'!I97+'4'!I97+'5'!I97+'6'!I97+'7'!I97+'8'!I97+'9'!I97+'10'!I97 -> 0 | J97: =E97+F97-H97-K97-I97 -> 0 | K97: =+'30'!K97+'1'!K97+'2'!K97+'3'!K97+'4'!K97+'5'!K97+'6'!K97+'7'!K97+'8'!K97+'9'!K97+'10'!K97 -> 0 | L97: 35 | M97: =+'30'!M97+'1'!M97+'2'!M97+'3'!M97+'4'!M97+'5'!M97+'6'!M97+'7'!M97+'8'!M97+'9'!M97+'10'!M97 -> 0 | O97: 18.09 | P97: =+K97*O97 -> 0
A98: 94 | B98: 1113191 | C98: เค้กตะโก้เผือกหอม 120 กรัม | D98: กล่อง | E98: =+ยกมา!J98 -> 0 | F98: =+'30'!F98+'1'!F98+'2'!F98+'3'!F98+'4'!F98+'5'!F98+'6'!F98+'7'!F98+'8'!F98+'9'!F98+'10'!F98 -> 0 | G98: =+E98+F98 -> 0 | H98: =+'30'!H98+'1'!H98+'2'!H98+'3'!H98+'4'!H98+'5'!H98+'6'!H98+'7'!H98+'8'!H98+'9'!H98+'10'!H98 -> 0 | I98: =+'30'!I98+'1'!I98+'2'!I98+'3'!I98+'4'!I98+'5'!I98+'6'!I98+'7'!I98+'8'!I98+'9'!I98+'10'!I98 -> 0 | J98: =E98+F98-H98-K98-I98 -> 0 | K98: =+'30'!K98+'1'!K98+'2'!K98+'3'!K98+'4'!K98+'5'!K98+'6'!K98+'7'!K98+'8'!K98+'9'!K98+'10'!K98 -> 0 | L98: 35 | M98: =+'30'!M98+'1'!M98+'2'!M98+'3'!M98+'4'!M98+'5'!M98+'6'!M98+'7'!M98+'8'!M98+'9'!M98+'10'!M98 -> 0 | O98: 15.4 | P98: =+K98*O98 -> 0
A99: 95 | B99: 8859849001189 | C99: เค้กกล้วยหอมชีท | D99: ชิ้น | E99: =+ยกมา!J99 -> 0 | F99: =+'30'!F99+'1'!F99+'2'!F99+'3'!F99+'4'!F99+'5'!F99+'6'!F99+'7'!F99+'8'!F99+'9'!F99+'10'!F99 -> 49 | G99: =+E99+F99 -> 49 | H99: =+'30'!H99+'1'!H99+'2'!H99+'3'!H99+'4'!H99+'5'!H99+'6'!H99+'7'!H99+'8'!H99+'9'!H99+'10'!H99 -> 0 | I99: =+'30'!I99+'1'!I99+'2'!I99+'3'!I99+'4'!I99+'5'!I99+'6'!I99+'7'!I99+'8'!I99+'9'!I99+'10'!I99 -> 1 | J99: =E99+F99-H99-K99-I99 -> 17 | K99: =+'30'!K99+'1'!K99+'2'!K99+'3'!K99+'4'!K99+'5'!K99+'6'!K99+'7'!K99+'8'!K99+'9'!K99+'10'!K99 -> 31 | L99: 45 | M99: =+'30'!M99+'1'!M99+'2'!M99+'3'!M99+'4'!M99+'5'!M99+'6'!M99+'7'!M99+'8'!M99+'9'!M99+'10'!M99 -> 1395 | O99: 20.35 | P99: =+K99*O99 -> 630.85
A100: 96 | B100: 859849001165 | C100: เค้กข้าวเหนียวเปียกลำใย 120 กรัม | D100: กล่อง | E100: =+ยกมา!J100 -> 0 | F100: =+'30'!F100+'1'!F100+'2'!F100+'3'!F100+'4'!F100+'5'!F100+'6'!F100+'7'!F100+'8'!F100+'9'!F100+'10'!F100 -> 0 | G100: =+E100+F100 -> 0 | H100: =+'30'!H100+'1'!H100+'2'!H100+'3'!H100+'4'!H100+'5'!H100+'6'!H100+'7'!H100+'8'!H100+'9'!H100+'10'!H100 -> 0 | I100: =+'30'!I100+'1'!I100+'2'!I100+'3'!I100+'4'!I100+'5'!I100+'6'!I100+'7'!I100+'8'!I100+'9'!I100+'10'!I100 -> 0 | J100: =E100+F100-H100-K100-I100 -> 0 | K100: =+'30'!K100+'1'!K100+'2'!K100+'3'!K100+'4'!K100+'5'!K100+'6'!K100+'7'!K100+'8'!K100+'9'!K100+'10'!K100 -> 0 | L100: 35 | M100: =+'30'!M100+'1'!M100+'2'!M100+'3'!M100+'4'!M100+'5'!M100+'6'!M100+'7'!M100+'8'!M100+'9'!M100+'10'!M100 -> 0 | O100: 16.47 | P100: =+K100*O100 -> 0
A101: 97 | B101: 8859849001172 | C101: เค้กข้าวหลามมะพร้าวอ่อน 100 กรัม | D101: กล่อง | E101: =+ยกมา!J101 -> 0 | F101: =+'30'!F101+'1'!F101+'2'!F101+'3'!F101+'4'!F101+'5'!F101+'6'!F101+'7'!F101+'8'!F101+'9'!F101+'10'!F101 -> 0 | G101: =+E101+F101 -> 0 | H101: =+'30'!H101+'1'!H101+'2'!H101+'3'!H101+'4'!H101+'5'!H101+'6'!H101+'7'!H101+'8'!H101+'9'!H101+'10'!H101 -> 0 | I101: =+'30'!I101+'1'!I101+'2'!I101+'3'!I101+'4'!I101+'5'!I101+'6'!I101+'7'!I101+'8'!I101+'9'!I101+'10'!I101 -> 0 | J101: =E101+F101-H101-K101-I101 -> 0 | K101: =+'30'!K101+'1'!K101+'2'!K101+'3'!K101+'4'!K101+'5'!K101+'6'!K101+'7'!K101+'8'!K101+'9'!K101+'10'!K101 -> 0 | L101: 35 | M101: =+'30'!M101+'1'!M101+'2'!M101+'3'!M101+'4'!M101+'5'!M101+'6'!M101+'7'!M101+'8'!M101+'9'!M101+'10'!M101 -> 0 | O101: 14.06 | P101: =+K101*O101 -> 0
A102: 98 | B102: 20057679 | C102: เค้กช็อกโกแลตดูไบ 80 กรัม | D102: ชิ้น | E102: =+ยกมา!J103 -> 0 | F102: =+'30'!F102+'1'!F102+'2'!F102+'3'!F102+'4'!F102+'5'!F102+'6'!F102+'7'!F102+'8'!F102+'9'!F102+'10'!F102 -> 550 | G102: =+E102+F102 -> 550 | H102: =+'30'!H102+'1'!H102+'2'!H102+'3'!H102+'4'!H102+'5'!H102+'6'!H102+'7'!H102+'8'!H102+'9'!H102+'10'!H102 -> 0 | I102: =+'30'!I102+'1'!I102+'2'!I102+'3'!I102+'4'!I102+'5'!I102+'6'!I102+'7'!I102+'8'!I102+'9'!I102+'10'!I102 -> 4 | J102: =E102+F102-H102-K102-I102 -> 0 | K102: =+'30'!K102+'1'!K102+'2'!K102+'3'!K102+'4'!K102+'5'!K102+'6'!K102+'7'!K102+'8'!K102+'9'!K102+'10'!K102 -> 546 | L102: 49 | M102: =+'30'!M102+'1'!M102+'2'!M102+'3'!M102+'4'!M102+'5'!M102+'6'!M102+'7'!M102+'8'!M102+'9'!M102+'10'!M102 -> 26754 | O102: 30.82 | P102: =+K102*O102 -> 16827.72
A103: 99 | B103: 8859849001271 | C103: เค้กปาร์ตี้ขนมไทย 12 ชิ้น | D103: เซต | E103: =+ยกมา!J103 -> 0 | F103: =+'30'!F103+'1'!F103+'2'!F103+'3'!F103+'4'!F103+'5'!F103+'6'!F103+'7'!F103+'8'!F103+'9'!F103+'10'!F103 -> 0 | G103: =+E103+F103 -> 0 | H103: =+'30'!H103+'1'!H103+'2'!H103+'3'!H103+'4'!H103+'5'!H103+'6'!H103+'7'!H103+'8'!H103+'9'!H103+'10'!H103 -> 0 | I103: =+'30'!I103+'1'!I103+'2'!I103+'3'!I103+'4'!I103+'5'!I103+'6'!I103+'7'!I103+'8'!I103+'9'!I103+'10'!I103 -> 0 | J103: =E103+F103-H103-K103-I103 -> 0 | K103: =+'30'!K103+'1'!K103+'2'!K103+'3'!K103+'4'!K103+'5'!K103+'6'!K103+'7'!K103+'8'!K103+'9'!K103+'10'!K103 -> 0 | L103: 139 | M103: =+'30'!M103+'1'!M103+'2'!M103+'3'!M103+'4'!M103+'5'!M103+'6'!M103+'7'!M103+'8'!M103+'9'!M103+'10'!M103 -> 0 | O103: 47.7 | P103: =+K103*O103 -> 0
A104: 100 | B104: 8859849001288 | C104: เค้กปาร์ตี้แยม 12 ชิ้น | D104: เซต | E104: =+ยกมา!J104 -> 0 | F104: =+'30'!F104+'1'!F104+'2'!F104+'3'!F104+'4'!F104+'5'!F104+'6'!F104+'7'!F104+'8'!F104+'9'!F104+'10'!F104 -> 0 | G104: =+E104+F104 -> 0 | H104: =+'30'!H104+'1'!H104+'2'!H104+'3'!H104+'4'!H104+'5'!H104+'6'!H104+'7'!H104+'8'!H104+'9'!H104+'10'!H104 -> 0 | I104: =+'30'!I104+'1'!I104+'2'!I104+'3'!I104+'4'!I104+'5'!I104+'6'!I104+'7'!I104+'8'!I104+'9'!I104+'10'!I104 -> 0 | J104: =E104+F104-H104-K104-I104 -> 0 | K104: =+'30'!K104+'1'!K104+'2'!K104+'3'!K104+'4'!K104+'5'!K104+'6'!K104+'7'!K104+'8'!K104+'9'!K104+'10'!K104 -> 0 | L104: 89 | M104: =+'30'!M104+'1'!M104+'2'!M104+'3'!M104+'4'!M104+'5'!M104+'6'!M104+'7'!M104+'8'!M104+'9'!M104+'10'!M104 -> 0 | O104: 41.66 | P104: =+K104*O104 -> 0
A105: 101 | B105: 8859849001325 | C105: เค้กสายรุ้ง 1/4 ปอน์ด | D105: ชิ้น | E105: 0 | F105: =+'30'!F105+'1'!F105+'2'!F105+'3'!F105+'4'!F105+'5'!F105+'6'!F105+'7'!F105+'8'!F105+'9'!F105+'10'!F105 -> 0 | G105: =+E105+F105 -> 0 | H105: =+'30'!H105+'1'!H105+'2'!H105+'3'!H105+'4'!H105+'5'!H105+'6'!H105+'7'!H105+'8'!H105+'9'!H105+'10'!H105 -> 0 | I105: =+'30'!I105+'1'!I105+'2'!I105+'3'!I105+'4'!I105+'5'!I105+'6'!I105+'7'!I105+'8'!I105+'9'!I105+'10'!I105 -> 0 | J105: =E105+F105-H105-K105-I105 -> 0 | K105: =+'30'!K105+'1'!K105+'2'!K105+'3'!K105+'4'!K105+'5'!K105+'6'!K105+'7'!K105+'8'!K105+'9'!K105+'10'!K105 -> 0 | L105: 72 | M105: =+'30'!M105+'1'!M105+'2'!M105+'3'!M105+'4'!M105+'5'!M105+'6'!M105+'7'!M105+'8'!M105+'9'!M105+'10'!M105 -> 0 | O105: 25.74 | P105: =+K105*O105 -> 0
A106: 102 | B106: 8857125003803 | C106: เค้กสามเหลี่ยม รสมะพร้าวน้ำหอม | D106: ชิ้น | E106: =+ยกมา!J106 -> 0 | F106: =+'30'!F106+'1'!F106+'2'!F106+'3'!F106+'4'!F106+'5'!F106+'6'!F106+'7'!F106+'8'!F106+'9'!F106+'10'!F106 -> 0 | G106: =+E106+F106 -> 0 | H106: =+'30'!H106+'1'!H106+'2'!H106+'3'!H106+'4'!H106+'5'!H106+'6'!H106+'7'!H106+'8'!H106+'9'!H106+'10'!H106 -> 0 | I106: =+'30'!I106+'1'!I106+'2'!I106+'3'!I106+'4'!I106+'5'!I106+'6'!I106+'7'!I106+'8'!I106+'9'!I106+'10'!I106 -> 0 | J106: =E106+F106-H106-K106-I106 -> 0 | K106: =+'30'!K106+'1'!K106+'2'!K106+'3'!K106+'4'!K106+'5'!K106+'6'!K106+'7'!K106+'8'!K106+'9'!K106+'10'!K106 -> 0 | L106: 35 | M106: =+'30'!M106+'1'!M106+'2'!M106+'3'!M106+'4'!M106+'5'!M106+'6'!M106+'7'!M106+'8'!M106+'9'!M106+'10'!M106 -> 0 | O106: 10.98 | P106: =+K106*O106 -> 0
A107: 103 | B107: 8857125002318 | C107: เค้กสามเหลี่ยม รสฝอยทองใบเตย | D107: ชิ้น | E107: =+ยกมา!J107 -> 0 | F107: =+'30'!F107+'1'!F107+'2'!F107+'3'!F107+'4'!F107+'5'!F107+'6'!F107+'7'!F107+'8'!F107+'9'!F107+'10'!F107 -> 0 | G107: =+E107+F107 -> 0 | H107: =+'30'!H107+'1'!H107+'2'!H107+'3'!H107+'4'!H107+'5'!H107+'6'!H107+'7'!H107+'8'!H107+'9'!H107+'10'!H107 -> 0 | I107: =+'30'!I107+'1'!I107+'2'!I107+'3'!I107+'4'!I107+'5'!I107+'6'!I107+'7'!I107+'8'!I107+'9'!I107+'10'!I107 -> 0 | J107: =E107+F107-H107-K107-I107 -> 0 | K107: =+'30'!K107+'1'!K107+'2'!K107+'3'!K107+'4'!K107+'5'!K107+'6'!K107+'7'!K107+'8'!K107+'9'!K107+'10'!K107 -> 0 | L107: 35 | M107: =+'30'!M107+'1'!M107+'2'!M107+'3'!M107+'4'!M107+'5'!M107+'6'!M107+'7'!M107+'8'!M107+'9'!M107+'10'!M107 -> 0 | O107: 0 | P107: =+K107*O107 -> 0
A108: 104 | B108: 8857125002370 | C108: เค้กวันเกิดมะพร้าวอ่อน 1/2 ปอนด์ | D108: ชิ้น | E108: =+ยกมา!J108 -> 0 | F108: =+'30'!F108+'1'!F108+'2'!F108+'3'!F108+'4'!F108+'5'!F108+'6'!F108+'7'!F108+'8'!F108+'9'!F108+'10'!F108 -> 0 | G108: =+E108+F108 -> 0 | H108: =+'30'!H108+'1'!H108+'2'!H108+'3'!H108+'4'!H108+'5'!H108+'6'!H108+'7'!H108+'8'!H108+'9'!H108+'10'!H108 -> 0 | I108: =+'30'!I108+'1'!I108+'2'!I108+'3'!I108+'4'!I108+'5'!I108+'6'!I108+'7'!I108+'8'!I108+'9'!I108+'10'!I108 -> 0 | J108: =E108+F108-H108-K108-I108 -> 0 | K108: =+'30'!K108+'1'!K108+'2'!K108+'3'!K108+'4'!K108+'5'!K108+'6'!K108+'7'!K108+'8'!K108+'9'!K108+'10'!K108 -> 0 | L108: 100 | M108: =+'30'!M108+'1'!M108+'2'!M108+'3'!M108+'4'!M108+'5'!M108+'6'!M108+'7'!M108+'8'!M108+'9'!M108+'10'!M108 -> 0 | O108: 0 | P108: =+K108*O108 -> 0
A109: 105 | B109: 8857125002332 | C109: เค้กวันเกิดมะพร้าวอ่อน 1 ปอนด์ | D109: ชิ้น | E109: =+ยกมา!J109 -> 0 | F109: =+'30'!F109+'1'!F109+'2'!F109+'3'!F109+'4'!F109+'5'!F109+'6'!F109+'7'!F109+'8'!F109+'9'!F109+'10'!F109 -> 0 | G109: =+E109+F109 -> 0 | H109: =+'30'!H109+'1'!H109+'2'!H109+'3'!H109+'4'!H109+'5'!H109+'6'!H109+'7'!H109+'8'!H109+'9'!H109+'10'!H109 -> 0 | I109: =+'30'!I109+'1'!I109+'2'!I109+'3'!I109+'4'!I109+'5'!I109+'6'!I109+'7'!I109+'8'!I109+'9'!I109+'10'!I109 -> 0 | J109: =E109+F109-H109-K109-I109 -> 0 | K109: =+'30'!K109+'1'!K109+'2'!K109+'3'!K109+'4'!K109+'5'!K109+'6'!K109+'7'!K109+'8'!K109+'9'!K109+'10'!K109 -> 0 | L109: 250 | M109: =+'30'!M109+'1'!M109+'2'!M109+'3'!M109+'4'!M109+'5'!M109+'6'!M109+'7'!M109+'8'!M109+'9'!M109+'10'!M109 -> 0 | O109: 0 | P109: =+K109*O109 -> 0
A110: 106 | B110: 8857125003346 | C110: เค้กวันเกิด 1/2 ปอนด์ ธรรมดา | D110: ชิ้น | E110: =+ยกมา!J110 -> 0 | F110: =+'30'!F110+'1'!F110+'2'!F110+'3'!F110+'4'!F110+'5'!F110+'6'!F110+'7'!F110+'8'!F110+'9'!F110+'10'!F110 -> 0 | G110: =+E110+F110 -> 0 | H110: =+'30'!H110+'1'!H110+'2'!H110+'3'!H110+'4'!H110+'5'!H110+'6'!H110+'7'!H110+'8'!H110+'9'!H110+'10'!H110 -> 0 | I110: =+'30'!I110+'1'!I110+'2'!I110+'3'!I110+'4'!I110+'5'!I110+'6'!I110+'7'!I110+'8'!I110+'9'!I110+'10'!I110 -> 0 | J110: =E110+F110-H110-K110-I110 -> 0 | K110: =+'30'!K110+'1'!K110+'2'!K110+'3'!K110+'4'!K110+'5'!K110+'6'!K110+'7'!K110+'8'!K110+'9'!K110+'10'!K110 -> 0 | L110: 120 | M110: =+'30'!M110+'1'!M110+'2'!M110+'3'!M110+'4'!M110+'5'!M110+'6'!M110+'7'!M110+'8'!M110+'9'!M110+'10'!M110 -> 0 | O110: 0 | P110: =+K110*O110 -> 0
A111: 107 | B111: 1113114 | C111: เค้กวันเกิด 1 ปอนด์ ธรรมดา | D111: ชิ้น | E111: =+ยกมา!J111 -> 0 | F111: =+'30'!F111+'1'!F111+'2'!F111+'3'!F111+'4'!F111+'5'!F111+'6'!F111+'7'!F111+'8'!F111+'9'!F111+'10'!F111 -> 0 | G111: =+E111+F111 -> 0 | H111: =+'30'!H111+'1'!H111+'2'!H111+'3'!H111+'4'!H111+'5'!H111+'6'!H111+'7'!H111+'8'!H111+'9'!H111+'10'!H111 -> 0 | I111: =+'30'!I111+'1'!I111+'2'!I111+'3'!I111+'4'!I111+'5'!I111+'6'!I111+'7'!I111+'8'!I111+'9'!I111+'10'!I111 -> 0 | J111: =E111+F111-H111-K111-I111 -> 0 | K111: =+'30'!K111+'1'!K111+'2'!K111+'3'!K111+'4'!K111+'5'!K111+'6'!K111+'7'!K111+'8'!K111+'9'!K111+'10'!K111 -> 0 | L111: 250 | M111: =+'30'!M111+'1'!M111+'2'!M111+'3'!M111+'4'!M111+'5'!M111+'6'!M111+'7'!M111+'8'!M111+'9'!M111+'10'!M111 -> 0 | O111: 0 | P111: =+K111*O111 -> 0
A112: 108 | B112: 8857125000208 | C112: ท๊อฟฟี่ถั่ว (กระเช้า) | D112: กระเช้า | E112: =+ยกมา!J112 -> 0 | F112: =+'30'!F112+'1'!F112+'2'!F112+'3'!F112+'4'!F112+'5'!F112+'6'!F112+'7'!F112+'8'!F112+'9'!F112+'10'!F112 -> 50 | G112: =+E112+F112 -> 50 | H112: =+'30'!H112+'1'!H112+'2'!H112+'3'!H112+'4'!H112+'5'!H112+'6'!H112+'7'!H112+'8'!H112+'9'!H112+'10'!H112 -> 0 | I112: =+'30'!I112+'1'!I112+'2'!I112+'3'!I112+'4'!I112+'5'!I112+'6'!I112+'7'!I112+'8'!I112+'9'!I112+'10'!I112 -> 0 | J112: =E112+F112-H112-K112-I112 -> 12 | K112: =+'30'!K112+'1'!K112+'2'!K112+'3'!K112+'4'!K112+'5'!K112+'6'!K112+'7'!K112+'8'!K112+'9'!K112+'10'!K112 -> 38 | L112: 100 | M112: =+'30'!M112+'1'!M112+'2'!M112+'3'!M112+'4'!M112+'5'!M112+'6'!M112+'7'!M112+'8'!M112+'9'!M112+'10'!M112 -> 3800 | O112: 30.3 | P112: =+K112*O112 -> 1151.4
...

Sheet สรุปการขาย
A1: สรุปค่าใช้จ่าย คำนวนกำไร
A2: NO | B2: รายการ | C2: ยอดเงิน | D2: หมายเหตุ | F2: ยอดขาย | G2: =+สรุป!AB16 -> 219700 | H2: บาท
A3: 1 | B3: ต้นทุนขนม | C3: =+สรุป!P260 -> 112418.59 | F3: ยอดค่าใช้จ่าย | G3: =+C8 -> 186418.59 | H3: บาท
A4: 2 | B4: ค่าแรงพนักงาน | C4: =+ค่าแรงพนักงาน!C6 -> 15200 | F4: สรุปกำไร | G4: =+G2-G3 -> 33281.41 | H4: บาท
A5: 3 | B5: ค่าเช่า OTOP | C5: 45000
A6: 4 | B6: ค่าไฟ | C6: 2800
A7: 5 | B7: ค่าอินฟลูเอนเซอร์ | C7: =7000+4000 -> 11000
C8: =SUM(C3:C7) -> 186418.59
C11: 7 | D11: 8 | E11: 9 | F11: 10 | G11: 11 | H11: 12 | I11: 13 | J11: 14 | K11: 15 | L11: 16 | M11: 17 | N11: 18 | O11: 19 | P11: 20 | Q11: 21 | R11: 22

Sheet ค่าเช่าบูธ
A1: รายการเช่า - ขาย ล็อคงานเกษตรแฟร์
A2: NO | B2: รายการ | C2: ค่าเช่าบูธ | D2: ขายบูธ | E2: กำไร | F2: หมายเหตุ | H2: ค่าใช้จ่าย + ค่าเช่า | I2: =+C8+C15 -> 125870 | J2: บาท
A3: 1 | B3: ค่าเช่า 1 | C3: 16500 | D3: 28000 | E3: =+D3-C3 -> 11500 | H3: รายได้ขายล็อค | I3: =+D8 -> 158000 | J3: บาท
A4: 2 | B4: ค่าเช่า 2 | C4: 16500 | D4: 25000 | E4: =+D4-C4 -> 8500 | H4: สรุปกำไรขายล็อค | I4: =+I3-I2 -> 32130 | J4: บาท
A5: 3 | B5: ค่าเช่า 3 | C5: 16500 | D5: 27000 | E5: =+D5-C5 -> 10500
A6: 4 | B6: ค่าเช่า 4 | C6: 16500 | D6: 28000 | E6: =+D6-C6 -> 11500
A7: 5 | B7: ค่าเช่า 5 | C7: 24000 | D7: 50000 | E7: =+D7-C7 -> 26000 | F7: โซน 1
B8: ยอดรวม | C8: =SUM(C3:C7) -> 90000 | D8: =SUM(D3:D7) -> 158000 | E8: =SUM(E3:E7) -> 68000 | F8: บาท
A10: ค่าใช้จ่ายเพิ่มเติม การประมูลล็อค
A11: 1 | B11: ค่าเข้างานประมูลล็อค 19 คน | C11: 22800 | D11: =+C11/19 -> 1200
A12: 2 | B12: ค่านายหน้า | C12: 1000
A13: 3 | B13: ค่าไฟ | C13: 2570
A14: 4 | B14: ค่าแรง 19 คน เฉลี่ยคนล่ะ 500 บาท | C14: =500*19 -> 9500
C15: =SUM(C11:C14) -> 35870

Sheet ค่าแรงพนักงาน
A1: รายชื่อพนักงานที่ทำงานเกษตรแฟร์ ปี 2567
A2: No. | B2: ชื่อ | C2: ค่าแรง | D2: หมายเหตุ
A3: 1 | B3: แจม | C3: =600*11 -> 6600 | D3: วันละ 600 บาท = 11 วัน
A4: 2 | B4: พี่น้อย | C4: =600*7 -> 4200 | D4: วันละ 600 บาท = 7 วัน
A5: 3 | B5: กาน | C5: =400*11 -> 4400 | D5: วันละ 400 บาท = 11 วัน
B6: ยอดรวม | C6: =SUM(C3:C5) -> 15200 | D6: บาท

Sheet ยกมา
A2: บูธ EVENT งานเกษตรแฟร์กำแพงแสน 30 พ.ย. 67 - 10 ธ.ค. 67
A3: ลำดับ | B3: รหัสสินค้า (POS) | C3: รายการ | D3: หน่วย | E3: ยกมา | F3: รับ | G3: รวม | H3: เปลี่ยน/ | I3: โยกย้าย / ระบาย | J3: คงเหลือ | K3: รายการขาย | N3: หมายเหตุ | O3: ส่วนลด | Q3: ราคาต้นทุน | R3: ยอดรวมต้นทุนสินค้า
H4: คืน/เสีย | K4: จำนวน | L4: @ | M4: เป็นเงิน
A5: 1 | B5: 8857125001328 | C5: ชิฟฟ่อนเค้ก รวมรส (4 ชิ้น) | D5: กล่อง | G5: =E5+F5 -> 0 | H5: 0 | I5: 0 | J5: =+G5-H5-K5-I5 -> 0 | L5: 50 | M5: =+L5*K5 -> 0 | N5: - | P5: =SUM(M5-O5) -> 0 | Q5: 22.48 | R5: =+K5*Q5 -> 0
A6: 2 | B6: 8857125001311 | C6: ชิฟฟ่อนเค้ก รวมรส (8 ชิ้น) | D6: กล่อง | G6: =E6+F6 -> 0 | H6: 0 | I6: 0 | J6: =+G6-H6-K6-I6 -> 0 | L6: 100 | M6: =+L6*K6 -> 0 | N6: - | P6: =SUM(M6-O6) -> 0 | Q6: 39.29 | R6: =+K6*Q6 -> 0
A7: 3 | B7: 8857125003841 | C7: ชิฟฟ่อนเค้ก รสกาแฟ (4 ชิ้น) | D7: ชิ้น | G7: =E7+F7 -> 0 | H7: 0 | I7: 0 | J7: =+G7-H7-K7-I7 -> 0 | L7: 50 | M7: =+L7*K7 -> 0 | N7: - | P7: =SUM(M7-O7) -> 0 | Q7: 26.11 | R7: =+K7*Q7 -> 0
A8: 4 | B8: 8857125003827 | C8: ชิฟฟ่อนเค้ก รสกาแฟ (8 ชิ้น) | D8: กล่อง | G8: =E8+F8 -> 0 | H8: 0 | I8: 0 | J8: =+G8-H8-K8-I8 -> 0 | L8: 100 | M8: =+L8*K8 -> 0 | N8: - | P8: =SUM(M8-O8) -> 0 | Q8: 33.89 | R8: =+K8*Q8 -> 0
A9: 5 | B9: 8857125002257 | C9: ชิฟฟ่อนเค้ก 1 ชิ้น | D9: ชิ้น | G9: =E9+F9 -> 0 | H9: 0 | I9: 0 | J9: =+G9-H9-K9-I9 -> 0 | L9: 10 | M9: =+L9*K9 -> 0 | N9: - | P9: =SUM(M9-O9) -> 0 | R9: =+K9*Q9 -> 0
A10: 6 | B10: 8857125002264 | C10: ชิฟฟ่อนเค้กสอดไส้แยม 1 ชิ้น | D10: ชิ้น | G10: =E10+F10 -> 0 | H10: 0 | I10: 0 | J10: =+G10-H10-K10-I10 -> 0 | L10: 15 | M10: =+L10*K10 -> 0 | N10: - | P10: =SUM(M10-O10) -> 0 | R10: =+K10*Q10 -> 0
A11: 7 | B11: 8857125001830 | C11: ชิฟฟ่อนเค้กสอดไส้ รวมรส (3 ชิ้น) | D11: กล่อง | G11: =E11+F11 -> 0 | H11: 0 | I11: 0 | J11: =+G11-H11-K11-I11 -> 0 | L11: 50 | M11: =+L11*K11 -> 0 | N11: - | P11: =SUM(M11-O11) -> 0 | Q11: 16.94 | R11: =+K11*Q11 -> 0
A12: 8 | B12: 1112539 | C12: ชิฟฟ่อนเค้กสอดไส้ เมล่อน (3 ชิ้น) | D12: กล่อง | G12: =E12+F12 -> 0 | H12: 0 | I12: 0 | J12: =+G12-H12-K12-I12 -> 0 | L12: 50 | M12: =+L12*K12 -> 0 | N12: - | P12: =SUM(M12-O12) -> 0 | R12: =+K12*Q12 -> 0
A13: 9 | B13: 8857125000055 | C13: ชิฟฟ่อนเค้กสอดไส้แยม รสบลูเบอร์รี่ (3 ชิ้น) | D13: กล่อง | G13: =E13+F13 -> 0 | H13: 0 | I13: 0 | J13: =+G13-H13-K13-I13 -> 0 | L13: 50 | M13: =+L13*K13 -> 0 | N13: - | P13: =SUM(M13-O13) -> 0 | Q13: 17.32 | R13: =+K13*Q13 -> 0
A14: 10 | B14: 8857125000987 | C14: ชิฟฟ่อนเค้กสอดไส้แยม รสส้ม (3 ชิ้น) | D14: กล่อง | G14: =E14+F14 -> 0 | H14: 0 | I14: 0 | J14: =+G14-H14-K14-I14 -> 0 | L14: 50 | M14: =+L14*K14 -> 0 | N14: - | P14: =SUM(M14-O14) -> 0 | Q14: 21.22 | R14: =+K14*Q14 -> 0
A15: 11 | B15: 8857125000246 | C15: ชิฟฟ่อนเค้กหน้าฝอยทอง สอดไส้แยมส้ม (3 ชิ้น) | D15: กล่อง | G15: =E15+F15 -> 0 | H15: 0 | I15: 0 | J15: =+G15-H15-K15-I15 -> 0 | L15: 50 | M15: =+L15*K15 -> 0 | N15: - | P15: =SUM(M15-O15) -> 0 | Q15: 24.37 | R15: =+K15*Q15 -> 0
A16: 12 | C16: ชิฟฟ่อนเค้กหน้าฝอยทองทูโทน สอดไส้แยมส้ม (3 ชิ้น) | D16: กล่อง | G16: =E16+F16 -> 0 | H16: 0 | I16: 0 | J16: =+G16-H16-K16-I16 -> 0 | L16: 50 | M16: =+L16*K16 -> 0 | N16: - | P16: =SUM(M16-O16) -> 0 | R16: =+K16*Q16 -> 0
A17: 13 | B17: 8857125000024 | C17: ชิฟฟ่อนเค้กสอดไส้แยม รสสตรอว์เบอรี่ (3 ชิ้น) | D17: กล่อง | G17: =E17+F17 -> 0 | H17: 0 | I17: 0 | J17: =+G17-H17-K17-I17 -> 0 | L17: 50 | M17: =+L17*K17 -> 0 | N17: - | P17: =SUM(M17-O17) -> 0 | Q17: 15.05 | R17: =+K17*Q17 -> 0
A18: 14 | B18: 8857125000086 | C18: ชิฟฟ่อนเค้กสอดไส้ เนยมะพร้าว (3 ชิ้น) | D18: กล่อง | G18: =E18+F18 -> 0 | H18: 0 | I18: 0 | J18: =+G18-H18-K18-I18 -> 0 | L18: 50 | M18: =+L18*K18 -> 0 | N18: - | P18: =SUM(M18-O18) -> 0 | Q18: 18.77 | R18: =+K18*Q18 -> 0
A19: 15 | B19: 8857125000239 | C19: ชิฟฟ่อนเค้กสอดไส้ นมชมพูฮอกไกโด (3 ชิ้น) | D19: กล่อง | G19: =E19+F19 -> 0 | H19: 0 | I19: 0 | J19: =+G19-H19-K19-I19 -> 0 | L19: 50 | M19: =+L19*K19 -> 0 | N19: - | P19: =SUM(M19-O19) -> 0 | Q19: 19.04 | R19: =+K19*Q19 -> 0
A20: 16 | B20: 8857125001816 | C20: ชิฟฟ่อน สอดไส้ (ล) 4 ชิ้น ครีมมะพร้าว | D20: กล่อง | G20: =E20+F20 -> 0 | H20: 0 | I20: 0 | J20: =+G20-H20-K20-I20 -> 0 | L20: 65 | M20: =+L20*K20 -> 0 | N20: - | P20: =SUM(M20-O20) -> 0 | Q20: 22.25 | R20: =+K20*Q20 -> 0
A21: 17 | B21: 8857125001021 | C21: ชิฟฟ่อน สอดไส้ (ก) 5 ชิ้น ครีมมะพร้าว | D21: กล่อง | G21: =E21+F21 -> 0 | H21: 0 | I21: 0 | J21: =+G21-H21-K21-I21 -> 0 | L21: 85 | M21: =+L21*K21 -> 0 | N21: - | P21: =SUM(M21-O21) -> 0 | Q21: 22.85 | R21: =+K21*Q21 -> 0
A22: 18 | B22: 8857125000956 | C22: ชิฟฟ่อนเค้กสอดไส้ รวมรส (6 ชิ้น) | D22: กล่อง | G22: =E22+F22 -> 0 | H22: 0 | I22: 0 | J22: =+G22-H22-K22-I22 -> 0 | L22: 100 | M22: =+L22*K22 -> 0 | N22: - | P22: =SUM(M22-O22) -> 0 | Q22: 26.6 | R22: =+K22*Q22 -> 0
A23: 19 | B23: 8857125000918 | C23: ชิฟฟ่อนเค้กสอดไส้แยม รสส้ม (6 ชิ้น) | D23: กล่อง | G23: =E23+F23 -> 0 | H23: 0 | I23: 0 | J23: =+G23-H23-K23-I23 -> 0 | L23: 100 | M23: =+L23*K23 -> 0 | N23: - | P23: =SUM(M23-O23) -> 0 | Q23: 42.24 | R23: =+K23*Q23 -> 0
A24: 20 | B24: 8857125000970 | C24: ชิฟฟ่อนเค้กหน้าฝอยทอง สอดไส้แยมส้ม (6 ชิ้น) | D24: กล่อง | G24: =E24+F24 -> 0 | H24: 0 | I24: 0 | J24: =+G24-H24-K24-I24 -> 0 | L24: 100 | M24: =+L24*K24 -> 0 | N24: - | P24: =SUM(M24-O24) -> 0 | Q24: 40.51 | R24: =+K24*Q24 -> 0
A25: 21 | B25: 8857125003810 | C25: ชิฟฟ่อนเค้กหน้าฝอยทองทูโทน สอดไส้แยมส้ม (6 ชิ้น) | D25: กล่อง | G25: =E25+F25 -> 0 | H25: 0 | I25: 0 | J25: =+G25-H25-K25-I25 -> 0 | L25: 100 | M25: =+L25*K25 -> 0 | N25: - | P25: =SUM(M25-O25) -> 0 | Q25: 39.77 | R25: =+K25*Q25 -> 0
A26: 22 | B26: 8857125000963 | C26: ชิฟฟ่อนเค้กสอดไส้ นมชมพูฮอกไกโด (6 ชิ้น) | D26: กล่อง | G26: =E26+F26 -> 0 | H26: 0 | I26: 0 | J26: =+G26-H26-K26-I26 -> 0 | L26: 100 | M26: =+L26*K26 -> 0 | N26: - | P26: =SUM(M26-O26) -> 0 | Q26: 35.39 | R26: =+K26*Q26 -> 0
A27: 23 | B27: 8857125000932 | C27: ชิฟฟ่อนเค้กสอดไส้แยม รสบลูเบอร์รี่ (6 ชิ้น) | D27: กล่อง | G27: =E27+F27 -> 0 | H27: 0 | I27: 0 | J27: =+G27-H27-K27-I27 -> 0 | L27: 100 | M27: =+L27*K27 -> 0 | N27: - | P27: =SUM(M27-O27) -> 0 | Q27: 31.62 | R27: =+K27*Q27 -> 0
A28: 24 | B28: 8857125000895 | C28: ชิฟฟ่อนเค้กสอดไส้ เนยมะพร้าว (6 ชิ้น) | D28: กล่อง | G28: =E28+F28 -> 0 | H28: 0 | I28: 0 | J28: =+G28-H28-K28-I28 -> 0 | L28: 100 | M28: =+L28*K28 -> 0 | N28: - | P28: =SUM(M28-O28) -> 0 | Q28: 31.97 | R28: =+K28*Q28 -> 0
A29: 25 | B29: 8857125000901 | C29: ชิฟฟ่อนเค้กสอดไส้แยม รสสตรอว์เบอรี่ (6 ชิ้น) | D29: กล่อง | G29: =E29+F29 -> 0 | H29: 0 | I29: 0 | J29: =+G29-H29-K29-I29 -> 0 | L29: 100 | M29: =+L29*K29 -> 0 | N29: - | P29: =SUM(M29-O29) -> 0 | Q29: 21.27 | R29: =+K29*Q29 -> 0
A30: 26 | B30: 8857125001571 | C30: ชิฟฟอนเค้ก รสมะลิ 8ชิ้น (ห่อซีน) | D30: กล่อง | G30: =E30+F30 -> 0 | H30: 0 | I30: 0 | J30: =+G30-H30-K30-I30 -> 0 | L30: 100 | M30: =+L30*K30 -> 0 | N30: - | P30: =SUM(M30-O30) -> 0 | Q30: 34.26 | R30: =+K30*Q30 -> 0
A31: 27 | B31: 8857125002127 | C31: ชิฟฟ่อนรวมรส ยอดฮิต (8 ชิ้น) | D31: กล่อง | G31: =E31+F31 -> 0 | H31: 0 | I31: 0 | J31: =+G31-H31-K31-I31 -> 0 | L31: 100 | M31: =+L31*K31 -> 0 | N31: - | P31: =SUM(M31-O31) -> 0 | Q31: 38.46 | R31: =+K31*Q31 -> 0
A32: 28 | B32: 8857125000130 | C32: ชิฟฟ่อนเค้ก วรรณวนัช (สอดไส้รวมรส 8 ชิ้น) | D32: กล่อง | G32: =E32+F32 -> 0 | H32: 0 | I32: 0 | J32: =+G32-H32-K32-I32 -> 0 | L32: 130 | M32: =+L32*K32 -> 0 | N32: - | P32: =SUM(M32-O32) -> 0 | Q32: 46.37 | R32: =+K32*Q32 -> 0
A33: 29 | B33: 8857125003773 | C33: ชิฟฟ่อนเค้กมะพร้าวสอดไส้ครีมมะพร้าวล้วน (8 ชิ้น) | D33: กล่อง | G33: =E33+F33 -> 0 | H33: 0 | I33: 0 | J33: =+G33-H33-K33-I33 -> 0 | L33: 130 | M33: =+L33*K33 -> 0 | N33: - | P33: =SUM(M33-O33) -> 0 | Q33: 38.9 | R33: =+K33*Q33 -> 0
A34: 30 | B34: 8857125001366 | C34: ชิฟฟ่อนเค้กใบเตยสอดไส้ครีมมะพร้าวล้วน (8 ชิ้น) | D34: กล่อง | G34: =E34+F34 -> 0 | H34: 0 | I34: 0 | J34: =+G34-H34-K34-I34 -> 0 | L34: 130 | M34: =+L34*K34 -> 0 | N34: - | P34: =SUM(M34-O34) -> 0 | Q34: 38.07 | R34: =+K34*Q34 -> 0
A35: 31 | B35: 8857125001397 | C35: ชิฟฟ่อนเค้กใบเตยทูโทนและสอดไส้ครีมมะพร้าว (8 ชิ้น) | D35: กล่อง | G35: =E35+F35 -> 0 | H35: 0 | I35: 0 | J35: =+G35-H35-K35-I35 -> 0 | L35: 130 | M35: =+L35*K35 -> 0 | N35: - | P35: =SUM(M35-O35) -> 0 | Q35: 40.8 | R35: =+K35*Q35 -> 0
A36: 32 | B36: 885712004534 | C36: ชิฟฟ่อนเค้กสอดไส้ครีมมะพร้าว 120g. | D36: ชิ้น | G36: =E36+F36 -> 0 | H36: 0 | I36: 0 | J36: =+G36-H36-K36-I36 -> 0 | L36: 35 | M36: =+L36*K36 -> 0 | N36: - | P36: =SUM(M36-O36) -> 0 | R36: =+K36*Q36 -> 0
A37: 33 | B37: 20055119 | C37: ชิฟฟ่อนเค้กฝอยทอง 95g. | D37: กล่อง | G37: =E37+F37 -> 0 | H37: 0 | I37: 0 | J37: =+G37-H37-K37-I37 -> 0 | L37: 35 | M37: =+L37*K37 -> 0 | N37: - | P37: =SUM(M37-O37) -> 0 | R37: =+K37*Q37 -> 0
A38: 34 | B38: 8857125001267 | C38: ชิฟฟ่อนหม้อแกง | D38: กล่อง | G38: =E38+F38 -> 0 | H38: 0 | I38: 0 | J38: =+G38-H38-K38-I38 -> 0 | L38: 35 | M38: =+L38*K38 -> 0 | N38: - | P38: =SUM(M38-O38) -> 0 | R38: =+K38*Q38 -> 0
A39: 35 | B39: 8857125000611 | C39: ครีมฮอร์น วนิลา | D39: กล่อง | G39: =E39+F39 -> 0 | H39: 0 | I39: 0 | J39: =+G39-H39-K39-I39 -> 0 | L39: 50 | M39: =+L39*K39 -> 0 | N39: - | P39: =SUM(M39-O39) -> 0 | Q39: 27.84 | R39: =+K39*Q39 -> 0
A40: 36 | B40: 8857125000604 | C40: ครีมฮอร์น ใบเตย | D40: กล่อง | G40: =E40+F40 -> 0 | H40: 0 | I40: 0 | J40: =+G40-H40-K40-I40 -> 0 | L40: 50 | M40: =+L40*K40 -> 0 | N40: - | P40: =SUM(M40-O40) -> 0 | Q40: 27.12 | R40: =+K40*Q40 -> 0
A41: 37 | B41: 8857125000598 | C41: ครีมฮอร์น ช็อคโกแลต | D41: กล่อง | G41: =E41+F41 -> 0 | H41: 0 | I41: 0 | J41: =+G41-H41-K41-I41 -> 0 | L41: 50 | M41: =+L41*K41 -> 0 | N41: - | P41: =SUM(M41-O41) -> 0 | Q41: 15.42 | R41: =+K41*Q41 -> 0
A42: 38 | B42: 8857125004015 | C42: ครีมฮอร์นเนยสดฝอยทอง วนิลา | D42: กล่อง | G42: =E42+F42 -> 0 | H42: 0 | I42: 0 | J42: =+G42-H42-K42-I42 -> 0 | L42: 25 | M42: =+L42*K42 -> 0 | N42: - | P42: =SUM(M42-O42) -> 0 | R42: =+K42*Q42 -> 0
A43: 39 | B43: 8857125004022 | C43: ครีมฮอร์นเนยสดฝอยทอง ใบเตย | D43: กล่อง | G43: =E43+F43 -> 0 | H43: 0 | I43: 0 | J43: =+G43-H43-K43-I43 -> 0 | L43: 65 | M43: =+L43*K43 -> 0 | N43: - | P43: =SUM(M43-O43) -> 0 | R43: =+K43*Q43 -> 0
A44: 40 | B44: 8857125004411 | C44: ครีมฮอร์นเนยสดฝอยทอง ช็อกโกแลต | D44: กล่อง | G44: =E44+F44 -> 0 | H44: 0 | I44: 0 | J44: =+G44-H44-K44-I44 -> 0 | L44: 65 | M44: =+L44*K44 -> 0 | N44: - | P44: =SUM(M44-O44) -> 0 | R44: =+K44*Q44 -> 0
A45: 41 | B45: 20055115 | C45: ครีมฮอร์นคิทแคท 70g. | D45: กล่อง | G45: =E45+F45 -> 0 | H45: 0 | I45: 0 | J45: =+G45-H45-K45-I45 -> 0 | L45: 35 | M45: =+L45*K45 -> 0 | N45: - | P45: =SUM(M45-O45) -> 0
A46: 42 | B46: 8857125000420 | C46: เค้กเบาหวิว รสกล้วยหอมหน้ามะพร้าวเผา 110 กรัม | D46: กล่อง | G46: =E46+F46 -> 0 | H46: 0 | I46: 0 | J46: =+G46-H46-K46-I46 -> 0 | L46: 50 | M46: =+L46*K46 -> 0 | N46: - | P46: =SUM(M46-O46) -> 0 | Q46: 19.05 | R46: =+K46*Q46 -> 0
A47: 43 | B47: 8857125001175 | C47: เค้กเบาหวิว เผือกมะพร้าวอ่อน110 กรัม | D47: กล่อง | G47: =E47+F47 -> 0 | H47: 0 | I47: 0 | J47: =+G47-H47-K47-I47 -> 0 | L47: 50 | M47: =+L47*K47 -> 0 | N47: - | P47: =SUM(M47-O47) -> 0 | Q47: 19.21 | R47: =+K47*Q47 -> 0
A48: 44 | B48: 8857125000154 | C48: เค้กเบาหวิว รสมะพร้าวน้ำหอม 110 กรัม | D48: กล่อง | G48: =E48+F48 -> 0 | H48: 0 | I48: 0 | J48: =+G48-H48-K48-I48 -> 0 | L48: 50 | M48: =+L48*K48 -> 0 | N48: - | P48: =SUM(M48-O48) -> 0 | Q48: 18.88 | R48: =+K48*Q48 -> 0
A49: 45 | B49: 8857125000192 | C49: เค้กเบาหวิว รสกาแฟ 110 กรัม | D49: กล่อง | G49: =E49+F49 -> 0 | H49: 0 | I49: 0 | J49: =+G49-H49-K49-I49 -> 0 | L49: 50 | M49: =+L49*K49 -> 0 | N49: - | P49: =SUM(M49-O49) -> 0 | Q49: 20.43 | R49: =+K49*Q49 -> 0
A50: 46 | B50: 8857125000185 | C50: เค้กเบาหวิว รสเนยนม 110 กรัม | D50: กล่อง | G50: =E50+F50 -> 0 | H50: 0 | I50: 0 | J50: =+G50-H50-K50-I50 -> 0 | L50: 50 | M50: =+L50*K50 -> 0 | N50: - | P50: =SUM(M50-O50) -> 0 | Q50: 21.81 | R50: =+K50*Q50 -> 0
A51: 47 | B51: 8857125000161 | C51: เค้กเบาหวิว รสตาลหอม 110 กรัม | D51: กล่อง | G51: =E51+F51 -> 0 | H51: 0 | I51: 0 | J51: =+G51-H51-K51-I51 -> 0 | L51: 50 | M51: =+L51*K51 -> 0 | N51: - | P51: =SUM(M51-O51) -> 0 | Q51: 14.65 | R51: =+K51*Q51 -> 0
A52: 48 | B52: 8857125001007 | C52: เค้กเบาหวิว รสเตยหอม 110 กรัม | D52: กล่อง | G52: =E52+F52 -> 0 | H52: 0 | I52: 0 | J52: =+G52-H52-K52-I52 -> 0 | L52: 50 | M52: =+L52*K52 -> 0 | N52: - | P52: =SUM(M52-O52) -> 0 | Q52: 18.36 | R52: =+K52*Q52 -> 0
A53: 49 | B53: 8857125000765 | C53: เค้กเบาหวิว หน้าฝอยทอง 110 กรัม | D53: กล่อง | G53: =E53+F53 -> 0 | H53: 0 | I53: 0 | J53: =+G53-H53-K53-I53 -> 0 | L53: 50 | M53: =+L53*K53 -> 0 | N53: - | P53: =SUM(M53-O53) -> 0 | Q53: 17.53 | R53: =+K53*Q53 -> 0
A54: 50 | B54: 8857125000871 | C54: เค้กเบาหวิว รสทุเรียน 110 กรัม | D54: กล่อง | G54: =E54+F54 -> 0 | H54: 0 | I54: 0 | J54: =+G54-H54-K54-I54 -> 0 | L54: 50 | M54: =+L54*K54 -> 0 | N54: - | P54: =SUM(M54-O54) -> 0 | Q54: 14.38 | R54: =+K54*Q54 -> 0
A55: 51 | B55: 8857125000017 | C55: เค้กเบาหวิว รสกล้วยหอมหน้ามะพร้าวเผา 300 กรัม | D55: กล่อง | G55: =E55+F55 -> 0 | H55: 0 | I55: 0 | J55: =+G55-H55-K55-I55 -> 0 | L55: 120 | M55: =+L55*K55 -> 0 | N55: - | P55: =SUM(M55-O55) -> 0 | Q55: 29.34 | R55: =+K55*Q55 -> 0
A56: 52 | B56: 8857125000260 | C56: เค้กเบาหวิว รสเผือกหน้ามะพร้าวเผา 300 กรัม | D56: กล่อง | G56: =E56+F56 -> 0 | H56: 0 | I56: 0 | J56: =+G56-H56-K56-I56 -> 0 | L56: 120 | M56: =+L56*K56 -> 0 | N56: - | P56: =SUM(M56-O56) -> 0 | Q56: 33.41 | R56: =+K56*Q56 -> 0
A57: 53 | B57: 8857125000116 | C57: เค้กเบาหวิว รสมะพร้าวน้ำหอม 300 กรัม | D57: กล่อง | G57: =E57+F57 -> 0 | H57: 0 | I57: 0 | J57: =+G57-H57-K57-I57 -> 0 | L57: 120 | M57: =+L57*K57 -> 0 | N57: - | P57: =SUM(M57-O57) -> 0 | Q57: 31.46 | R57: =+K57*Q57 -> 0
... A62: 58 | B62: 8857125000451 | C62: เค้กเบาหวิว หน้าฝอยทอง 300 กรัม | D62: กล่อง | G62: =E62+F62 -> 0 | H62: 0 | I62: 0 | J62: =+G62-H62-K62-I62 -> 0 | L62: 120 | M62: =+L62*K62 -> 0 | N62: - | P62: =SUM(M62-O62) -> 0 | Q62: 29.82 | R62: =+K62*Q62 -> 0
A63: 59 | B63: 1112018 | C63: เค้กเบาหวิว รสทุเรียน 300 กรัม | D63: กล่อง | G63: =E63+F63 -> 0 | H63: 0 | I63: 0 | J63: =+G63-H63-K63-I63 -> 0 | L63: 120 | M63: =+L63*K63 -> 0 | N63: - | P63: =SUM(M63-O63) -> 0 | Q63: 27.72 | R63: =+K63*Q63 -> 0
A64: 60 | B64: 8857125003711 | C64: เค้กโบราณรวมรส 4 ชิ้น | D64: กล่อง | G64: =E64+F64 -> 0 | H64: 0 | I64: 0 | J64: =+G64-H64-K64-I64 -> 0 | L64: 50 | M64: =+L64*K64 -> 0 | N64: - | P64: =SUM(M64-O64) -> 0 | Q64: 23.69 | R64: =+K64*Q64 -> 0
A65: 61 | B65: 8857125000215 | C65: เค้กโบราณครีม 4 ชิ้น | D65: กล่อง | G65: =E65+F65 -> 0 | H65: 0 | I65: 0 | J65: =+G65-H65-K65-I65 -> 0 | L65: 50 | M65: =+L65*K65 -> 0 | N65: - | P65: =SUM(M65-O65) -> 0 | Q65: 22.49 | R65: =+K65*Q65 -> 0
A66: 62 | B66: 8857125003704 | C66: เค้กโบราณผลไม้ 4 ชิ้น | D66: กล่อง | G66: =E66+F66 -> 0 | H66: 0 | I66: 0 | J66: =+G66-H66-K66-I66 -> 0 | L66: 50 | M66: =+L66*K66 -> 0 | N66: - | P66: =SUM(M66-O66) -> 0 | Q66: 23.12 | R66: =+K66*Q66 -> 0
A67: 63 | B67: 8857126455021 | C67: NP เค้กโบราณครีม 6 ชิ้น | D67: กล่อง | G67: =E67+F67 -> 0 | H67: 0 | I67: 0 | J67: =+G67-H67-K67-I67 -> 0 | L67: 70 | M67: =+L67*K67 -> 0 | N67: - | P67: =SUM(M67-O67) -> 0 | R67: =+K67*Q67 -> 0
A68: 64 | B68: 8857126455038 | C68: NP เเค้กโบราณผลไม้ 6 ชิ้น | D68: กล่อง | G68: =E68+F68 -> 0 | H68: 0 | I68: 0 | J68: =+G68-H68-K68-I68 -> 0 | L68: 80 | M68: =+L68*K68 -> 0 | N68: - | P68: =SUM(M68-O68) -> 0 | R68: =+K68*Q68 -> 0
A69: 65 | B69: 2566110401 | C69: เค้กโบราณรวมรส 12 ชิ้น | D69: กล่อง | G69: =E69+F69 -> 0 | H69: 0 | I69: 0 | J69: =+G69-H69-K69-I69 -> 0 | L69: 150 | M69: =+L69*K69 -> 0 | N69: - | P69: =SUM(M69-O69) -> 0 | Q69: 67.79 | R69: =+K69*Q69 -> 0
A70: 66 | B70: 2566110402 | C70: เค้กโบราณครีม 12 ชิ้น | D70: กล่อง | G70: =E70+F70 -> 0 | H70: 0 | I70: 0 | J70: =+G70-H70-K70-I70 -> 0 | L70: 150 | M70: =+L70*K70 -> 0 | N70: - | P70: =SUM(M70-O70) -> 0 | Q70: 68.37 | R70: =+K70*Q70 -> 0
A71: 67 | B71: 8857125000819 | C71: เค้กโบราณผลไม้ 12 ชิ้น | D71: กล่อง | G71: =E71+F71 -> 0 | H71: 0 | I71: 0 | J71: =+G71-H71-K71-I71 -> 0 | L71: 150 | M71: =+L71*K71 -> 0 | N71: - | P71: =SUM(M71-O71) -> 0 | Q71: 67.17 | R71: =+K71*Q71 -> 0
A72: 68 | B72: 8857125001304 | C72: เค้กลาวา ฝอยทอง เล็ก | D72: ชิ้น | G72: =E72+F72 -> 0 | H72: 0 | I72: 0 | J72: =+G72-H72-K72-I72 -> 0 | L72: 50 | M72: =+L72*K72 -> 0 | N72: - | P72: =SUM(M72-O72) -> 0 | R72: =+K72*Q72 -> 0
A73: 69 | B73: 8857125003742 | C73: เค้กลาวา ฝอยทอง ใหญ่ | D73: ชิ้น | G73: =E73+F73 -> 0 | H73: 0 | I73: 0 | J73: =+G73-H73-K73-I73 -> 0 | L73: 120 | M73: =+L73*K73 -> 0 | N73: - | P73: =SUM(M73-O73) -> 0 | R73: =+K73*Q73 -> 0
A74: 70 | B74: 8857125003728 | C74: เค้กลาวา ฝอยทองทูโทน เล็ก | D74: กล่อง | G74: =E74+F74 -> 0 | H74: 0 | I74: 0 | J74: =+G74-H74-K74-I74 -> 0 | L74: 50 | M74: =+L74*K74 -> 0 | N74: - | P74: =SUM(M74-O74) -> 0 | Q74: 17.09 | R74: =+K74*Q74 -> 0
A75: 71 | B75: 8857125003735 | C75: เค้กลาวา ฝอยทองทูโทน ใหญ่ | D75: ชิ้น | G75: =E75+F75 -> 0 | H75: 0 | I75: 0 | J75: =+G75-H75-K75-I75 -> 0 | L75: 120 | M75: =+L75*K75 -> 0 | N75: - | P75: =SUM(M75-O75) -> 0
A76: 72 | B76: 8857125000567 | C76: เอแคลร์นมสด 6 ชิ้น | D76: กล่อง | G76: =E76+F76 -> 0 | H76: 0 | I76: 0 | J76: =+G76-H76-K76-I76 -> 0 | L76: 39 | M76: =+L76*K76 -> 0 | N76: - | P76: =SUM(M76-O76) -> 0 | R76: =+K76*Q76 -> 0
A77: 73 | B77: 8857125000147 | C77: เอแคลร์นมสด 8 ชิ้น | D77: กล่อง | G77: =E77+F77 -> 0 | H77: 0 | I77: 0 | J77: =+G77-H77-K77-I77 -> 0 | L77: 50 | M77: =+L77*K77 -> 0 | N77: - | P77: =SUM(M77-O77) -> 0 | Q77: 17.33 | R77: =+K77*Q77 -> 0
A78: 74 | B78: 8857125004251 | C78: เอแคลร์คิทแคท 55g. | D78: กล่อง | G78: =E78+F78 -> 0 | H78: 0 | I78: 0 | J78: =+G78-H78-K78-I78 -> 0 | L78: 45 | M78: =+L78*K78 -> 0 | N78: - | P78: =SUM(M78-O78) -> 0 | R78: =+K78*Q78 -> 0
A79: 75 | B79: 20056257 | C79: เอแคลร์ชาไทย 125g. | D79: กล่อง | G79: =E79+F79 -> 0 | H79: 0 | I79: 0 | J79: =+G79-H79-K79-I79 -> 0 | L79: 35 | M79: =+L79*K79 -> 0 | N79: - | P79: =SUM(M79-O79) -> 0 | R79: =+K79*Q79 -> 0
A80: 76 | B80: 8857125000499 | C80: ซอฟ์ทเค้กช็อคโกแลตหน้านิ่ม | D80: กล่อง | G80: =E80+F80 -> 0 | H80: 0 | I80: 0 | J80: =+G80-H80-K80-I80 -> 0 | L80: 55 | M80: =+L80*K80 -> 0 | N80: - | P80: =SUM(M80-O80) -> 0 | Q80: 14.35 | R80: =+K80*Q80 -> 0
A81: 77 | B81: 8857125000475 | C81: ซอฟ์ทเค้กมะพร้าวนมสดหน้านิ่ม | D81: กล่อง | G81: =E81+F81 -> 0 | H81: 0 | I81: 0 | J81: =+G81-H81-K81-I81 -> 0 | L81: 55 | M81: =+L81*K81 -> 0 | N81: - | P81: =SUM(M81-O81) -> 0 | Q81: 11.58 | R81: =+K81*Q81 -> 0
A82: 78 | B82: 8857125004213 | C82: ซอฟท์เค้กฝอยทองหน้านิ่ม | D82: ชิ้น | G82: =E82+F82 -> 0 | H82: 0 | I82: 0 | J82: =+G82-H82-K82-I82 -> 0 | L82: 55 | M82: =+L82*K82 -> 0 | N82: - | P82: =SUM(M82-O82) -> 0 | R82: =+K82*Q82 -> 0
A83: 79 | B83: 8857125000468 | C83: เครปโรลฝอยทอง วนิลา | D83: กล่อง | G83: =E83+F83 -> 0 | H83: 0 | I83: 0 | J83: =+G83-H83-K83-I83 -> 0 | L83: 50 | M83: =+L83*K83 -> 0 | N83: - | P83: =SUM(M83-O83) -> 0 | Q83: 18.14 | R83: =+K83*Q83 -> 0
A84: 80 | B84: 8857125000857 | C84: เครปโรลฝอยทอง ใบเตย | D84: กล่อง | G84: =E84+F84 -> 0 | H84: 0 | I84: 0 | J84: =+G84-H84-K84-I84 -> 0 | L84: 50 | M84: =+L84*K84 -> 0 | N84: - | P84: =SUM(M84-O84) -> 0 | Q84: 12.94 | R84: =+K84*Q84 -> 0
A85: 81 | B85: 20054638 | C85: เครปเค้กคิทแคท 65g. | D85: กล่อง | G85: =E85+F85 -> 0 | H85: 0 | I85: 0 | J85: =+G85-H85-K85-I85 -> 0 | L85: 35 | M85: =+L85*K85 -> 0 | N85: - | P85: =SUM(M85-O85) -> 0 | R85: =+K85*Q85 -> 0
A86: 82 | B86: 8857125004091 | C86: ชูครีมไส้ครีมนมฮอกไกโด 60 กรัม | D86: กล่อง | G86: =E86+F86 -> 0 | H86: 0 | I86: 0 | J86: =+G86-H86-K86-I86 -> 0 | L86: 35 | M86: =+L86*K86 -> 0 | N86: - | P86: =SUM(M86-O86) -> 0 | R86: =+K86*Q86 -> 0
A87: 83 | B87: 1300015 | C87: ทิรามิสุ 80 กรัม | D87: กล่อง | G87: =E87+F87 -> 0 | H87: 0 | I87: 0 | J87: =+G87-H87-K87-I87 -> 0 | L87: 45 | M87: =+L87*K87 -> 0 | N87: - | P87: =SUM(M87-O87) -> 0 | R87: =+K87*Q87 -> 0
A88: 84 | B88: 1300016 | C88: มะม่วงครีมชีทครัมเบิ้ล 145 กรัม | D88: กล่อง | G88: =E88+F88 -> 0 | H88: 0 | I88: 0 | J88: =+G88-H88-K88-I88 -> 0 | L88: 49 | M88: =+L88*K88 -> 0 | N88: - | P88: =SUM(M88-O88) -> 0 | R88: =+K88*Q88 -> 0
A89: 85 | B89: 20057017 | C89: มะม่วงชีสพาย 145g. | D89: กล่อง | G89: =E89+F89 -> 0 | H89: 0 | I89: 0 | J89: =+G89-H89-K89-I89 -> 0 | L89: 35 | M89: =+L89*K89 -> 0 | N89: - | P89: =SUM(M89-O89) -> 0 | R89: =+K89*Q89 -> 0
A90: 86 | B90: 8857125004558 | C90: เลเยอร์เค้กใบเตย 100 กรัม | D90: กล่อง | G90: =E90+F90 -> 0 | H90: 0 | I90: 0 | J90: =+G90-H90-K90-I90 -> 0 | L90: 35 | M90: =+L90*K90 -> 0 | N90: - | P90: =SUM(M90-O90) -> 0 | R90: =+K90*Q90 -> 0
A91: 87 | B91: 1006979 | C91: คัพเค้กไส้คัสตาร์ด | D91: กล่อง | G91: =E91+F91 -> 0 | H91: 0 | I91: 0 | J91: =+G91-H91-K91-I91 -> 0 | L91: 45 | M91: =+L91*K91 -> 0 | N91: - | P91: =SUM(M91-O91) -> 0 | R91: =+K91*Q91 -> 0
A92: 88 | B92: 1300005 | C92: เค้กมะพร้าวลาวา 85 กรัม | D92: กล่อง | G92: =E92+F92 -> 0 | H92: 0 | I92: 0 | J92: =+G92-H92-K92-I92 -> 0 | L92: 45 | M92: =+L92*K92 -> 0 | N92: - | P92: =SUM(M92-O92) -> 0 | R92: =+K92*Q92 -> 0
A93: 89 | B93: 8857125004220 | C93: เค้กลอดช่อง 85 กรัม | D93: กล่อง | G93: =E93+F93 -> 0 | H93: 0 | I93: 0 | J93: =+G93-H93-K93-I93 -> 0 | L93: 35 | M93: =+L93*K93 -> 0 | N93: - | P93: =SUM(M93-O93) -> 0 | R93: =+K93*Q93 -> 0
A94: 90 | B94: 1113178 | C94: เค้กลอดช่องกล่องกลม 1 ปอนด์ 265 กรัม | D94: กล่อง | G94: =E94+F94 -> 0 | H94: 0 | I94: 0 | J94: =+G94-H94-K94-I94 -> 0 | N94: -
A95: 91 | B95: 1113179 | C95: เค้กลอดช่องกล่องกลม 2 ปอนด์ 325 กรัม | D95: กล่อง | G95: =E95+F95 -> 0 | H95: 0 | I95: 0 | J95: =+G95-H95-K95-I95 -> 0 | L95: 120 | M95: =+L95*K95 -> 0 | N95: - | P95: =SUM(M95-O95) -> 0 | R95: =+K95*Q95 -> 0
A96: 92 | B96: 8857125004275 | C96: เค้กทุเรียน 90 กรัม | D96: กล่อง | G96: =E96+F96 -> 0 | H96: 0 | I96: 0 | J96: =+G96-H96-K96-I96 -> 0 | L96: 45 | M96: =+L96*K96 -> 0 | N96: - | P96: =SUM(M96-O96) -> 0 | R96: =+K96*Q96 -> 0
A97: 93 | B97: 20055951 | C97: เค้กบัวลอยมะพร้าวอ่อน 100 กรัม | D97: กล่อง | G97: =E97+F97 -> 0 | H97: 0 | I97: 0 | J97: =+G97-H97-K97-I97 -> 0 | L97: 35 | M97: =+L97*K97 -> 0 | N97: - | P97: =SUM(M97-O97) -> 0 | R97: =+K97*Q97 -> 0
A98: 94 | B98: 1113191 | C98: เค้กตะโก้เผือกหอม 120 กรัม | D98: กล่อง | G98: =E98+F98 -> 0 | H98: 0 | I98: 0 | J98: =+G98-H98-K98-I98 -> 0 | L98: 35 | M98: =+L98*K98 -> 0 | N98: - | P98: =SUM(M98-O98) -> 0 | Q98: 15.4 | R98: =+K98*Q98 -> 0
A99: 95 | B99: 8859849001189 | C99: เค้กกล้วยหอมชีท | D99: ชิ้น | G99: =E99+F99 -> 0 | H99: 0 | I99: 0 | J99: =+G99-H99-K99-I99 -> 0 | L99: 45 | M99: =+L99*K99 -> 0 | N99: - | P99: =SUM(M99-O99) -> 0 | R99: =+K99*Q99 -> 0
A100: 96 | B100: 859849001165 | C100: เค้กข้าวเหนียวเปียกลำใย 120 กรัม | D100: กล่อง | G100: =E100+F100 -> 0 | H100: 0 | I100: 0 | J100: =+G100-H100-K100-I100 -> 0 | L100: 35 | M100: =+L100*K100 -> 0 | N100: - | P100: =SUM(M100-O100) -> 0 | R100: =+K100*Q100 -> 0
A101: 97 | B101: 8859849001172 | C101: เค้กข้าวหลามมะพร้าวอ่อน 100 กรัม | D101: กล่อง | G101: =E101+F101 -> 0 | H101: 0 | I101: 0 | J101: =+G101-H101-K101-I101 -> 0 | L101: 35 | M101: =+L101*K101 -> 0 | N101: - | P101: =SUM(M101-O101) -> 0 | R101: =+K101*Q101 -> 0
A102: 98 | B102: 20057679 | C102: เค้กช็อกโกแลตดูไบ 80 กรัม | D102: ชิ้น | G102: =E102+F102 -> 0 | H102: 0 | I102: 0 | J102: =+G102-H102-K102-I102 -> 0 | L102: 49 | M102: =+L102*K102 -> 0 | N102: - | P102: =SUM(M102-O102) -> 0 | R102: =+K102*Q102 -> 0
A103: 99 | B103: 8859849001271 | C103: เค้กปาร์ตี้ขนมไทย 12 ชิ้น | D103: เซต | G103: =E103+F103 -> 0 | H103: 0 | I103: 0 | J103: =+G103-H103-K103-I103 -> 0 | L103: 139 | M103: =+L103*K103 -> 0 | N103: - | P103: =SUM(M103-O103) -> 0 | R103: =+K103*Q103 -> 0
A104: 100 | B104: 8859849001288 | C104: เค้กปาร์ตี้แยม 12 ชิ้น | D104: เซต | G104: =E104+F104 -> 0 | H104: 0 | I104: 0 | J104: =+G104-H104-K104-I104 -> 0 | L104: 89 | M104: =+L104*K104 -> 0 | N104: - | P104: =SUM(M104-O104) -> 0 | R104: =+K104*Q104 -> 0
A105: 101 | B105: 8859849001325 | C105: เค้กสายรุ้ง 1/4 ปอน์ด | D105: ชิ้น | G105: =E105+F105 -> 0 | H105: 0 | I105: 0 | J105: =+G105-H105-K105-I105 -> 0 | L105: 72 | M105: =+L105*K105 -> 0 | N105: - | P105: =SUM(M105-O105) -> 0 | R105: =+K105*Q105 -> 0
...

Sheet 30
A2: บูธ EVENT งานเกษตรแฟร์กำแพงแสน 30 พ.ย. 67 - 10 ธ.ค. 67
A3: ลำดับ | B3: รหัสสินค้า (POS) | C3: รายการ | D3: หน่วย | E3: ยกมา | F3: รับ | G3: รวม | H3: เปลี่ยน/ | I3: โยกย้าย / ระบาย | J3: คงเหลือ | K3: รายการขาย | N3: หมายเหตุ | O3: ส่วนลด | Q3: ราคาต้นทุน | R3: ยอดรวมต้นทุนสินค้า
H4: คืน/เสีย | K4: จำนวน | L4: @ | M4: เป็นเงิน
A5: 1 | B5: 8857125001328 | C5: ชิฟฟ่อนเค้ก รวมรส (4 ชิ้น) | D5: กล่อง | F5: 50 | G5: =E5+F5 -> 50 | H5: 0 | I5: 0 | J5: =+G5-H5-K5-I5 -> 48 | K5: 2 | L5: 50 | M5: =+L5*K5 -> 100 | N5: - | P5: =SUM(M5-O5) -> 100 | Q5: 22.48 | R5: =+K5*Q5 -> 44.96
A6: 2 | B6: 8857125001311 | C6: ชิฟฟ่อนเค้ก รวมรส (8 ชิ้น) | D6: กล่อง | F6: 100 | G6: =E6+F6 -> 100 | H6: 0 | I6: 0 | J6: =+G6-H6-K6-I6 -> 92 | K6: 8 | L6: 100 | M6: =+L6*K6 -> 800 | N6: - | P6: =SUM(M6-O6) -> 800 | Q6: 39.29 | R6: =+K6*Q6 -> 314.32
A7: 3 | B7: 8857125003841 | C7: ชิฟฟ่อนเค้ก รสกาแฟ (4 ชิ้น) | D7: ชิ้น | G7: =E7+F7 -> 0 | H7: 0 | I7: 0 | J7: =+G7-H7-K7-I7 -> 0 | L7: 50 | M7: =+L7*K7 -> 0 | N7: - | P7: =SUM(M7-O7) -> 0 | Q7: 26.11 | R7: =+K7*Q7 -> 0
A8: 4 | B8: 8857125003827 | C8: ชิฟฟ่อนเค้ก รสกาแฟ (8 ชิ้น) | D8: กล่อง | G8: =E8+F8 -> 0 | H8: 0 | I8: 0 | J8: =+G8-H8-K8-I8 -> 0 | L8: 100 | M8: =+L8*K8 -> 0 | N8: - | P8: =SUM(M8-O8) -> 0 | Q8: 33.89 | R8: =+K8*Q8 -> 0
A9: 5 | B9: 8857125002257 | C9: ชิฟฟ่อนเค้ก 1 ชิ้น | D9: ชิ้น | G9: =E9+F9 -> 0 | H9: 0 | I9: 0 | J9: =+G9-H9-K9-I9 -> 0 | L9: 10 | M9: =+L9*K9 -> 0 | N9: - | P9: =SUM(M9-O9) -> 0 | R9: =+K9*Q9 -> 0
A10: 6 | B10: 8857125002264 | C10: ชิฟฟ่อนเค้กสอดไส้แยม 1 ชิ้น | D10: ชิ้น | G10: =E10+F10 -> 0 | H10: 0 | I10: 0 | J10: =+G10-H10-K10-I10 -> 0 | L10: 15 | M10: =+L10*K10 -> 0 | N10: - | P10: =SUM(M10-O10) -> 0 | R10: =+K10*Q10 -> 0
A11: 7 | B11: 8857125001830 | C11: ชิฟฟ่อนเค้กสอดไส้ รวมรส (3 ชิ้น) | D11: กล่อง | F11: 20 | G11: =E11+F11 -> 20 | H11: 0 | I11: 0 | J11: =+G11-H11-K11-I11 -> 15 | K11: 5 | L11: 50 | M11: =+L11*K11 -> 250 | N11: - | P11: =SUM(M11-O11) -> 250 | Q11: 16.94 | R11: =+K11*Q11 -> 84.7
A12: 8 | B12: 1112539 | C12: ชิฟฟ่อนเค้กสอดไส้ เมล่อน (3 ชิ้น) | D12: กล่อง | G12: =E12+F12 -> 0 | H12: 0 | I12: 0 | J12: =+G12-H12-K12-I12 -> 0 | L12: 50 | M12: =+L12*K12 -> 0 | N12: - | P12: =SUM(M12-O12) -> 0 | R12: =+K12*Q12 -> 0
A13: 9 | B13: 8857125000055 | C13: ชิฟฟ่อนเค้กสอดไส้แยม รสบลูเบอร์รี่ (3 ชิ้น) | D13: กล่อง | G13: =E13+F13 -> 0 | H13: 0 | I13: 0 | J13: =+G13-H13-K13-I13 -> 0 | L13: 50 | M13: =+L13*K13 -> 0 | N13: - | P13: =SUM(M13-O13) -> 0 | Q13: 17.32 | R13: =+K13*Q13 -> 0
A14: 10 | B14: 8857125000987 | C14: ชิฟฟ่อนเค้กสอดไส้แยม รสส้ม (3 ชิ้น) | D14: กล่อง | G14: =E14+F14 -> 0 | H14: 0 | I14: 0 | J14: =+G14-H14-K14-I14 -> 0 | L14: 50 | M14: =+L14*K14 -> 0 | N14: - | P14: =SUM(M14-O14) -> 0 | Q14: 21.22 | R14: =+K14*Q14 -> 0
A15: 11 | B15: 8857125000246 | C15: ชิฟฟ่อนเค้กหน้าฝอยทอง สอดไส้แยมส้ม (3 ชิ้น) | D15: กล่อง | G15: =E15+F15 -> 0 | H15: 0 | I15: 0 | J15: =+G15-H15-K15-I15 -> 0 | L15: 50 | M15: =+L15*K15 -> 0 | N15: - | P15: =SUM(M15-O15) -> 0 | Q15: 24.37 | R15: =+K15*Q15 -> 0
A16: 12 | C16: ชิฟฟ่อนเค้กหน้าฝอยทองทูโทน สอดไส้แยมส้ม (3 ชิ้น) | D16: กล่อง | G16: =E16+F16 -> 0 | H16: 0 | I16: 0 | J16: =+G16-H16-K16-I16 -> 0 | L16: 50 | M16: =+L16*K16 -> 0 | N16: - | P16: =SUM(M16-O16) -> 0 | R16: =+K16*Q16 -> 0
A17: 13 | B17: 8857125000024 | C17: ชิฟฟ่อนเค้กสอดไส้แยม รสสตรอว์เบอรี่ (3 ชิ้น) | D17: กล่อง | G17: =E17+F17 -> 0 | H17: 0 | I17: 0 | J17: =+G17-H17-K17-I17 -> 0 | L17: 50 | M17: =+L17*K17 -> 0 | N17: - | P17: =SUM(M17-O17) -> 0 | Q17: 15.05 | R17: =+K17*Q17 -> 0
A18: 14 | B18: 8857125000086 | C18: ชิฟฟ่อนเค้กสอดไส้ เนยมะพร้าว (3 ชิ้น) | D18: กล่อง | G18: =E18+F18 -> 0 | H18: 0 | I18: 0 | J18: =+G18-H18-K18-I18 -> 0 | L18: 50 | M18: =+L18*K18 -> 0 | N18: - | P18: =SUM(M18-O18) -> 0 | Q18: 18.77 | R18: =+K18*Q18 -> 0
A19: 15 | B19: 8857125000239 | C19: ชิฟฟ่อนเค้กสอดไส้ นมชมพูฮอกไกโด (3 ชิ้น) | D19: กล่อง | G19: =E19+F19 -> 0 | H19: 0 | I19: 0 | J19: =+G19-H19-K19-I19 -> 0 | L19: 50 | M19: =+L19*K19 -> 0 | N19: - | P19: =SUM(M19-O19) -> 0 | Q19: 19.04 | R19: =+K19*Q19 -> 0
A20: 16 | B20: 8857125001816 | C20: ชิฟฟ่อน สอดไส้ (ล) 4 ชิ้น ครีมมะพร้าว | D20: กล่อง | F20: 5 | G20: =E20+F20 -> 5 | H20: 0 | I20: 0 | J20: =+G20-H20-K20-I20 -> 4 | K20: 1 | L20: 65 | M20: =+L20*K20 -> 65 | N20: - | P20: =SUM(M20-O20) -> 65 | Q20: 22.25 | R20: =+K20*Q20 -> 22.25
A21: 17 | B21: 8857125001021 | C21: ชิฟฟ่อน สอดไส้ (ก) 5 ชิ้น ครีมมะพร้าว | D21: กล่อง | F21: 5 | G21: =E21+F21 -> 5 | H21: 0 | I21: 0 | J21: =+G21-H21-K21-I21 -> 4 | K21: 1 | L21: 85 | M21: =+L21*K21 -> 85 | N21: - | P21: =SUM(M21-O21) -> 85 | Q21: 22.85 | R21: =+K21*Q21 -> 22.85
A22: 18 | B22: 8857125000956 | C22: ชิฟฟ่อนเค้กสอดไส้ รวมรส (6 ชิ้น) | D22: กล่อง | F22: 50 | G22: =E22+F22 -> 50 | H22: 0 | I22: 0 | J22: =+G22-H22-K22-I22 -> 46 | K22: 4 | L22: 100 | M22: =+L22*K22 -> 400 | N22: - | P22: =SUM(M22-O22) -> 400 | Q22: 26.6 | R22: =+K22*Q22 -> 106.4
A23: 19 | B23: 8857125000918 | C23: ชิฟฟ่อนเค้กสอดไส้แยม รสส้ม (6 ชิ้น) | D23: กล่อง | G23: =E23+F23 -> 0 | H23: 0 | I23: 0 | J23: =+G23-H23-K23-I23 -> 0 | L23: 100 | M23: =+L23*K23 -> 0 | N23: - | P23: =SUM(M23-O23) -> 0 | Q23: 42.24 | R23: =+K23*Q23 -> 0
A24: 20 | B24: 8857125000970 | C24: ชิฟฟ่อนเค้กหน้าฝอยทอง สอดไส้แยมส้ม (6 ชิ้น) | D24: กล่อง | G24: =E24+F24 -> 0 | H24: 0 | I24: 0 | J24: =+G24-H24-K24-I24 -> 0 | L24: 100 | M24: =+L24*K24 -> 0 | N24: - | P24: =SUM(M24-O24) -> 0 | Q24: 40.51 | R24: =+K24*Q24 -> 0
A25: 21 | B25: 8857125003810 | C25: ชิฟฟ่อนเค้กหน้าฝอยทองทูโทน สอดไส้แยมส้ม (6 ชิ้น) | D25: กล่อง | G25: =E25+F25 -> 0 | H25: 0 | I25: 0 | J25: =+G25-H25-K25-I25 -> 0 | L25: 100 | M25: =+L25*K25 -> 0 | N25: - | P25: =SUM(M25-O25) -> 0 | Q25: 39.77 | R25: =+K25*Q25 -> 0
A26: 22 | B26: 8857125000963 | C26: ชิฟฟ่อนเค้กสอดไส้ นมชมพูฮอกไกโด (6 ชิ้น) | D26: กล่อง | G26: =E26+F26 -> 0 | H26: 0 | I26: 0 | J26: =+G26-H26-K26-I26 -> 0 | L26: 100 | M26: =+L26*K26 -> 0 | N26: - | P26: =SUM(M26-O26) -> 0 | Q26: 35.39 | R26: =+K26*Q26 -> 0
A27: 23 | B27: 8857125000932 | C27: ชิฟฟ่อนเค้กสอดไส้แยม รสบลูเบอร์รี่ (6 ชิ้น) | D27: กล่อง | G27: =E27+F27 -> 0 | H27: 0 | I27: 0 | J27: =+G27-H27-K27-I27 -> 0 | L27: 100 | M27: =+L27*K27 -> 0 | N27: - | P27: =SUM(M27-O27) -> 0 | Q27: 31.62 | R27: =+K27*Q27 -> 0
A28: 24 | B28: 8857125000895 | C28: ชิฟฟ่อนเค้กสอดไส้ เนยมะพร้าว (6 ชิ้น) | D28: กล่อง | G28: =E28+F28 -> 0 | H28: 0 | I28: 0 | J28: =+G28-H28-K28-I28 -> 0 | L28: 100 | M28: =+L28*K28 -> 0 | N28: - | P28: =SUM(M28-O28) -> 0 | Q28: 31.97 | R28: =+K28*Q28 -> 0
A29: 25 | B29: 8857125000901 | C29: ชิฟฟ่อนเค้กสอดไส้แยม รสสตรอว์เบอรี่ (6 ชิ้น) | D29: กล่อง | G29: =E29+F29 -> 0 | H29: 0 | I29: 0 | J29: =+G29-H29-K29-I29 -> 0 | L29: 100 | M29: =+L29*K29 -> 0 | N29: - | P29: =SUM(M29-O29) -> 0 | Q29: 21.27 | R29: =+K29*Q29 -> 0
A30: 26 | B30: 8857125001571 | C30: ชิฟฟอนเค้ก รสมะลิ 8ชิ้น (ห่อซีน) | D30: กล่อง | G30: =E30+F30 -> 0 | H30: 0 | I30: 0 | J30: =+G30-H30-K30-I30 -> 0 | L30: 100 | M30: =+L30*K30 -> 0 | N30: - | P30: =SUM(M30-O30) -> 0 | Q30: 34.26 | R30: =+K30*Q30 -> 0
A31: 27 | B31: 8857125002127 | C31: ชิฟฟ่อนรวมรส ยอดฮิต (8 ชิ้น) | D31: กล่อง | F31: 20 | G31: =E31+F31 -> 20 | H31: 0 | I31: 0 | J31: =+G31-H31-K31-I31 -> 16 | K31: 4 | L31: 100 | M31: =+L31*K31 -> 400 | N31: - | P31: =SUM(M31-O31) -> 400 | Q31: 38.46 | R31: =+K31*Q31 -> 153.84
A32: 28 | B32: 8857125000130 | C32: ชิฟฟ่อนเค้ก วรรณวนัช (สอดไส้รวมรส 8 ชิ้น) | D32: กล่อง | F32: 2 | G32: =E32+F32 -> 2 | H32: 0 | I32: 0 | J32: =+G32-H32-K32-I32 -> 2 | L32: 130 | M32: =+L32*K32 -> 0 | N32: - | P32: =SUM(M32-O32) -> 0 | Q32: 46.37 | R32: =+K32*Q32 -> 0
A33: 29 | B33: 8857125003773 | C33: ชิฟฟ่อนเค้กมะพร้าวสอดไส้ครีมมะพร้าวล้วน (8 ชิ้น) | D33: กล่อง | F33: 10 | G33: =E33+F33 -> 10 | H33: 0 | I33: 0 | J33: =+G33-H33-K33-I33 -> 10 | L33: 130 | M33: =+L33*K33 -> 0 | N33: - | P33: =SUM(M33-O33) -> 0 | Q33: 38.9 | R33: =+K33*Q33 -> 0
A34: 30 | B34: 8857125001366 | C34: ชิฟฟ่อนเค้กใบเตยสอดไส้ครีมมะพร้าวล้วน (8 ชิ้น) | D34: กล่อง | G34: =E34+F34 -> 0 | H34: 0 | I34: 0 | J34: =+G34-H34-K34-I34 -> 0 | L34: 130 | M34: =+L34*K34 -> 0 | N34: - | P34: =SUM(M34-O34) -> 0 | Q34: 38.07 | R34: =+K34*Q34 -> 0
A35: 31 | B35: 8857125001397 | C35: ชิฟฟ่อนเค้กใบเตยทูโทนและสอดไส้ครีมมะพร้าว (8 ชิ้น) | D35: กล่อง | G35: =E35+F35 -> 0 | H35: 0 | I35: 0 | J35: =+G35-H35-K35-I35 -> 0 | L35: 130 | M35: =+L35*K35 -> 0 | N35: - | P35: =SUM(M35-O35) -> 0 | Q35: 40.8 | R35: =+K35*Q35 -> 0
A36: 32 | B36: 885712004534 | C36: ชิฟฟ่อนเค้กสอดไส้ครีมมะพร้าว 120g. | D36: ชิ้น | G36: =E36+F36 -> 0 | H36: 0 | I36: 0 | J36: =+G36-H36-K36-I36 -> 0 | L36: 35 | M36: =+L36*K36 -> 0 | N36: - | P36: =SUM(M36-O36) -> 0 | R36: =+K36*Q36 -> 0
A37: 33 | B37: 20055119 | C37: ชิฟฟ่อนเค้กฝอยทอง 95g. | D37: กล่อง | G37: =E37+F37 -> 0 | H37: 0 | I37: 0 | J37: =+G37-H37-K37-I37 -> 0 | L37: 35 | M37: =+L37*K37 -> 0 | N37: - | P37: =SUM(M37-O37) -> 0 | R37: =+K37*Q37 -> 0
A38: 34 | B38: 8857125001267 | C38: ชิฟฟ่อนหม้อแกง | D38: กล่อง | G38: =E38+F38 -> 0 | H38: 0 | I38: 0 | J38: =+G38-H38-K38-I38 -> 0 | L38: 35 | M38: =+L38*K38 -> 0 | N38: - | P38: =SUM(M38-O38) -> 0 | Q38: 30.43 | R38: =+K38*Q38 -> 0
A39: 35 | B39: 8857125000611 | C39: ครีมฮอร์น วนิลา | D39: กล่อง | F39: 20 | G39: =E39+F39 -> 20 | H39: 0 | I39: 0 | J39: =+G39-H39-K39-I39 -> 16 | K39: 4 | L39: 50 | M39: =+L39*K39 -> 200 | N39: - | P39: =SUM(M39-O39) -> 200 | Q39: 27.84 | R39: =+K39*Q39 -> 111.36
A40: 36 | B40: 8857125000604 | C40: ครีมฮอร์น ใบเตย | D40: กล่อง | F40: 15 | G40: =E40+F40 -> 15 | H40: 0 | I40: 0 | J40: =+G40-H40-K40-I40 -> 13 | K40: 2 | L40: 50 | M40: =+L40*K40 -> 100 | N40: - | P40: =SUM(M40-O40) -> 100 | Q40: 27.12 | R40: =+K40*Q40 -> 54.24
A41: 37 | B41: 8857125000598 | C41: ครีมฮอร์น ช็อคโกแลต | D41: กล่อง | F41: 15 | G41: =E41+F41 -> 15 | H41: 0 | I41: 0 | J41: =+G41-H41-K41-I41 -> 14 | K41: 1 | L41: 50 | M41: =+L41*K41 -> 50 | N41: - | P41: =SUM(M41-O41) -> 50 | Q41: 15.42 | R41: =+K41*Q41 -> 15.42
A42: 38 | B42: 8857125004015 | C42: ครีมฮอร์นเนยสดฝอยทอง วนิลา | D42: กล่อง | F42: 5 | G42: =E42+F42 -> 5 | H42: 0 | I42: 0 | J42: =+G42-H42-K42-I42 -> 5 | L42: 25 | M42: =+L42*K42 -> 0 | N42: - | P42: =SUM(M42-O42) -> 0 | R42: =+K42*Q42 -> 0
A43: 39 | B43: 8857125004022 | C43: ครีมฮอร์นเนยสดฝอยทอง ใบเตย | D43: กล่อง | F43: 5 | G43: =E43+F43 -> 5 | H43: 0 | I43: 0 | J43: =+G43-H43-K43-I43 -> 5 | L43: 65 | M43: =+L43*K43 -> 0 | N43: - | P43: =SUM(M43-O43) -> 0 | R43: =+K43*Q43 -> 0
A44: 40 | B44: 8857125004411 | C44: ครีมฮอร์นเนยสดฝอยทอง ช็อกโกแลต | D44: กล่อง | F44: 5 | G44: =E44+F44 -> 5 | H44: 0 | I44: 0 | J44: =+G44-H44-K44-I44 -> 5 | L44: 65 | M44: =+L44*K44 -> 0 | N44: - | P44: =SUM(M44-O44) -> 0 | R44: =+K44*Q44 -> 0
A45: 41 | B45: 20055115 | C45: ครีมฮอร์นคิทแคท 70g. | D45: กล่อง | G45: =E45+F45 -> 0 | H45: 0 | I45: 0 | J45: =+G45-H45-K45-I45 -> 0 | L45: 35 | M45: =+L45*K45 -> 0 | N45: - | P45: =SUM(M45-O45) -> 0
A46: 42 | B46: 8857125000420 | C46: เค้กเบาหวิว รสกล้วยหอมหน้ามะพร้าวเผา 110 กรัม | D46: กล่อง | F46: 5 | G46: =E46+F46 -> 5 | H46: 0 | I46: 0 | J46: =+G46-H46-K46-I46 -> 4 | K46: 1 | L46: 50 | M46: =+L46*K46 -> 50 | N46: - | P46: =SUM(M46-O46) -> 50 | Q46: 19.05 | R46: =+K46*Q46 -> 19.05
A47: 43 | B47: 8857125001175 | C47: เค้กเบาหวิว เผือกมะพร้าวอ่อน110 กรัม | D47: กล่อง | F47: 5 | G47: =E47+F47 -> 5 | H47: 0 | I47: 0 | J47: =+G47-H47-K47-I47 -> 4 | K47: 1 | L47: 50 | M47: =+L47*K47 -> 50 | N47: - | P47: =SUM(M47-O47) -> 50 | Q47: 19.21 | R47: =+K47*Q47 -> 19.21
A48: 44 | B48: 8857125000154 | C48: เค้กเบาหวิว รสมะพร้าวน้ำหอม 110 กรัม | D48: กล่อง | F48: 5 | G48: =E48+F48 -> 5 | H48: 0 | I48: 0 | J48: =+G48-H48-K48-I48 -> 5 | L48: 50 | M48: =+L48*K48 -> 0 | N48: - | P48: =SUM(M48-O48) -> 0 | Q48: 18.88 | R48: =+K48*Q48 -> 0
A49: 45 | B49: 8857125000192 | C49: เค้กเบาหวิว รสกาแฟ 110 กรัม | D49: กล่อง | F49: 5 | G49: =E49+F49 -> 5 | H49: 0 | I49: 0 | J49: =+G49-H49-K49-I49 -> 4 | K49: 1 | L49: 50 | M49: =+L49*K49 -> 50 | N49: - | P49: =SUM(M49-O49) -> 50 | Q49: 20.43 | R49: =+K49*Q49 -> 20.43
A50: 46 | B50: 8857125000185 | C50: เค้กเบาหวิว รสเนยนม 110 กรัม | D50: กล่อง | F50: 5 | G50: =E50+F50 -> 5 | H50: 0 | I50: 0 | J50: =+G50-H50-K50-I50 -> 4 | K50: 1 | L50: 50 | M50: =+L50*K50 -> 50 | N50: - | P50: =SUM(M50-O50) -> 50 | Q50: 21.81 | R50: =+K50*Q50 -> 21.81
A51: 47 | B51: 8857125000161 | C51: เค้กเบาหวิว รสตาลหอม 110 กรัม | D51: กล่อง | F51: 5 | G51: =E51+F51 -> 5 | H51: 0 | I51: 0 | J51: =+G51-H51-K51-I51 -> 3 | K51: 2 | L51: 50 | M51: =+L51*K51 -> 100 | N51: - | P51: =SUM(M51-O51) -> 100 | Q51: 14.65 | R51: =+K51*Q51 -> 29.3
A52: 48 | B52: 8857125001007 | C52: เค้กเบาหวิว รสเตยหอม 110 กรัม | D52: กล่อง | G52: =E52+F52 -> 0 | H52: 0 | I52: 0 | J52: =+G52-H52-K52-I52 -> 0 | L52: 50 | M52: =+L52*K52 -> 0 | N52: - | P52: =SUM(M52-O52) -> 0 | Q52: 18.36 | R52: =+K52*Q52 -> 0
A53: 49 | B53: 8857125000765 | C53: เค้กเบาหวิว หน้าฝอยทอง 110 กรัม | D53: กล่อง | F53: 5 | G53: =E53+F53 -> 5 | H53: 0 | I53: 0 | J53: =+G53-H53-K53-I53 -> 3 | K53: 2 | L53: 50 | M53: =+L53*K53 -> 100 | N53: - | P53: =SUM(M53-O53) -> 100 | Q53: 17.53 | R53: =+K53*Q53 -> 35.06
A54: 50 | B54: 8857125000871 | C54: เค้กเบาหวิว รสทุเรียน 110 กรัม | D54: กล่อง | G54: =E54+F54 -> 0 | H54: 0 | I54: 0 | J54: =+G54-H54-K54-I54 -> 0 | L54: 50 | M54: =+L54*K54 -> 0 | N54: - | P54: =SUM(M54-O54) -> 0 | Q54: 14.38 | R54: =+K54*Q54 -> 0
A55: 51 | B55: 8857125000017 | C55: เค้กเบาหวิว รสกล้วยหอมหน้ามะพร้าวเผา 300 กรัม | D55: กล่อง | F55: 5 | G55: =E55+F55 -> 5 | H55: 0 | I55: 0 | J55: =+G55-H55-K55-I55 -> 5 | L55: 120 | M55: =+L55*K55 -> 0 | N55: - | P55: =SUM(M55-O55) -> 0 | Q55: 29.34 | R55: =+K55*Q55 -> 0
A56: 52 | B56: 8857125000260 | C56: เค้กเบาหวิว รสเผือกหน้ามะพร้าวเผา 300 กรัม | D56: กล่อง | F56: 5 | G56: =E56+F56 -> 5 | H56: 0 | I56: 0 | J56: =+G56-H56-K56-I56 -> 5 | L56: 120 | M56: =+L56*K56 -> 0 | N56: - | P56: =SUM(M56-O56) -> 0 | Q56: 33.41 | R56: =+K56*Q56 -> 0
A57: 53 | B57: 8857125000116 | C57: เค้กเบาหวิว รสมะพร้าวน้ำหอม 300 กรัม | D57: กล่อง | F57: 5 | G57: =E57+F57 -> 5 | H57: 0 | I57: 0 | J57: =+G57-H57-K57-I57 -> 5 | L57: 120 | M57: =+L57*K57 -> 0 | N57: - | P57: =SUM(M57-O57) -> 0 | Q57: 31.46 | R57: =+K57*Q57 -> 0
A58: 54 | B58: 8857125000123 | C58: เค้กเบาหวิว รสกาแฟ 300 กรัม | D58: กล่อง | F58: 5 | G58: =E58+F58 -> 5 | H58: 0 | I58: 0 | J58: =+G58-H58-K58-I58 -> 5 | L58: 120 | M58: =+L58*K58 -> 0 | N58: - | P58: =SUM(M58-O58) -> 0 | Q58: 34.56 | R58: =+K58*Q58 -> 0
A59: 55 | B59: 8857125000093 | C59: เค้กเบาหวิว รสเนยนม 300 กรัม | D59: กล่อง | F59: 5 | G59: =E59+F59 -> 5 | H59: 0 | I59: 0 | J59: =+G59-H59-K59-I59 -> 5 | L59: 120 | M59: =+L59*K59 -> 0 | N59: - | P59: =SUM(M59-O59) -> 0 | Q59: 32.96 | R59: =+K59*Q59 -> 0
A60: 56 | B60: 8857125000314 | C60: เค้กเบาหวิว รสตาลหอม 300 กรัม | D60: กล่อง | G60: =E60+F60 -> 0 | H60: 0 | I60: 0 | J60: =+G60-H60-K60-I60 -> 0 | L60: 120 | M60: =+L60*K60 -> 0 | N60: - | P60: =SUM(M60-O60) -> 0 | Q60: 27.25 | R60: =+K60*Q60 -> 0
A61: 57 | B61: 8857125000109 | C61: เค้กเบาหวิว รสเตยหอม 300 กรัม | D61: กล่อง | G61: =E61+F61 -> 0 | H61: 0 | I61: 0 | J61: =+G61-H61-K61-I61 -> 0 | L61: 120 | M61: =+L61*K61 -> 0 | N61: - | P61: =SUM(M61-O61) -> 0 | Q61: 24.82 | R61: =+K61*Q61 -> 0
A62: 58 | B62: 8857125000451 | C62: เค้กเบาหวิว หน้าฝอยทอง 300 กรัม | D62: กล่อง | F62: 5 | G62: =E62+F62 -> 5 | H62: 0 | I62: 0 | J62: =+G62-H62-K62-I62 -> 5 | L62: 120 | M62: =+L62*K62 -> 0 | N62: - | P62: =SUM(M62-O62) -> 0 | Q62: 29.82 | R62: =+K62*Q62 -> 0
A63: 59 | B63: 1112018 | C63: เค้กเบาหวิว รสทุเรียน 300 กรัม | D63: กล่อง | G63: =E63+F63 -> 0 | H63: 0 | I63: 0 | J63: =+G63-H63-K63-I63 -> 0 | L63: 120 | M63: =+L63*K63 -> 0 | N63: - | P63: =SUM(M63-O63) -> 0 | Q63: 27.72 | R63: =+K63*Q63 -> 0
A64: 60 | B64: 8857125003711 | C64: เค้กโบราณรวมรส 4 ชิ้น | D64: กล่อง | F64: 5 | G64: =E64+F64 -> 5 | H64: 0 | I64: 0 | J64: =+G64-H64-K64-I64 -> 4 | K64: 1 | L64: 50 | M64: =+L64*K64 -> 50 | N64: - | P64: =SUM(M64-O64) -> 50 | Q64: 23.69 | R64: =+K64*Q64 -> 23.69
A65: 61 | B65: 8857125000215 | C65: เค้กโบราณครีม 4 ชิ้น | D65: กล่อง | F65: 5 | G65: =E65+F65 -> 5 | H65: 0 | I65: 0 | J65: =+G65-H65-K65-I65 -> 4 | K65: 1 | L65: 50 | M65: =+L65*K65 -> 50 | N65: - | P65: =SUM(M65-O65) -> 50 | Q65: 22.49 | R65: =+K65*Q65 -> 22.49
A66: 62 | B66: 8857125003704 | C66: เค้กโบราณผลไม้ 4 ชิ้น | D66: กล่อง | F66: 5 | G66: =E66+F66 -> 5 | H66: 0 | I66: 0 | J66: =+G66-H66-K66-I66 -> 5 | L66: 50 | M66: =+L66*K66 -> 0 | N66: - | P66: =SUM(M66-O66) -> 0 | Q66: 23.12 | R66: =+K66*Q66 -> 0
A67: 63 | B67: 8857126455021 | C67: NP เค้กโบราณครีม 6 ชิ้น | D67: กล่อง | G67: =E67+F67 -> 0 | H67: 0 | I67: 0 | J67: =+G67-H67-K67-I67 -> 0 | L67: 70 | M67: =+L67*K67 -> 0 | N67: - | P67: =SUM(M67-O67) -> 0 | R67: =+K67*Q67 -> 0
A68: 64 | B68: 8857126455038 | C68: NP เเค้กโบราณผลไม้ 6 ชิ้น | D68: กล่อง | G68: =E68+F68 -> 0 | H68: 0 | I68: 0 | J68: =+G68-H68-K68-I68 -> 0 | L68: 80 | M68: =+L68*K68 -> 0 | N68: - | P68: =SUM(M68-O68) -> 0 | R68: =+K68*Q68 -> 0
A69: 65 | B69: 2566110401 | C69: เค้กโบราณรวมรส 12 ชิ้น | D69: กล่อง | F69: 3 | G69: =E69+F69 -> 3 | H69: 0 | I69: 0 | J69: =+G69-H69-K69-I69 -> 3 | L69: 150 | M69: =+L69*K69 -> 0 | N69: - | P69: =SUM(M69-O69) -> 0 | Q69: 67.79 | R69: =+K69*Q69 -> 0
A70: 66 | B70: 2566110402 | C70: เค้กโบราณครีม 12 ชิ้น | D70: กล่อง | F70: 3 | G70: =E70+F70 -> 3 | H70: 0 | I70: 0 | J70: =+G70-H70-K70-I70 -> 3 | L70: 150 | M70: =+L70*K70 -> 0 | N70: - | P70: =SUM(M70-O70) -> 0 | Q70: 68.37 | R70: =+K70*Q70 -> 0
A71: 67 | B71: 8857125000819 | C71: เค้กโบราณผลไม้ 12 ชิ้น | D71: กล่อง | F71: 3 | G71: =E71+F71 -> 3 | H71: 0 | I71: 0 | J71: =+G71-H71-K71-I71 -> 3 | L71: 150 | M71: =+L71*K71 -> 0 | N71: - | P71: =SUM(M71-O71) -> 0 | Q71: 67.17 | R71: =+K71*Q71 -> 0
A72: 68 | B72: 8857125001304 | C72: เค้กลาวา ฝอยทอง เล็ก | D72: ชิ้น | F72: 5 | G72: =E72+F72 -> 5 | H72: 0 | I72: 0 | J72: =+G72-H72-K72-I72 -> 5 | L72: 50 | M72: =+L72*K72 -> 0 | N72: - | P72: =SUM(M72-O72) -> 0 | R72: =+K72*Q72 -> 0
A73: 69 | B73: 8857125003742 | C73: เค้กลาวา ฝอยทอง ใหญ่ | D73: ชิ้น | G73: =E73+F73 -> 0 | H73: 0 | I73: 0 | J73: =+G73-H73-K73-I73 -> 0 | L73: 120 | M73: =+L73*K73 -> 0 | N73: - | P73: =SUM(M73-O73) -> 0 | Q73: 15.4 | R73: =+K73*Q73 -> 0
A74: 70 | B74: 8857125003728 | C74: เค้กลาวา ฝอยทองทูโทน เล็ก | D74: กล่อง | F74: 10 | G74: =E74+F74 -> 10 | H74: 0 | I74: 0 | J74: =+G74-H74-K74-I74 -> 7 | K74: 3 | L74: 50 | M74: =+L74*K74 -> 150 | N74: - | P74: =SUM(M74-O74) -> 150 | Q74: 17.09 | R74: =+K74*Q74 -> 51.27
A75: 71 | B75: 8857125003735 | C75: เค้กลาวา ฝอยทองทูโทน ใหญ่ | D75: ชิ้น | G75: =E75+F75 -> 0 | H75: 0 | I75: 0 | J75: =+G75-H75-K75-I75 -> 0 | L75: 120 | M75: =+L75*K75 -> 0 | N75: - | P75: =SUM(M75-O75) -> 0 | Q75: 22.51
A76: 72 | B76: 8857125000567 | C76: เอแคลร์นมสด 6 ชิ้น | D76: กล่อง | G76: =E76+F76 -> 0 | H76: 0 | I76: 0 | J76: =+G76-H76-K76-I76 -> 0 | L76: 39 | M76: =+L76*K76 -> 0 | N76: - | P76: =SUM(M76-O76) -> 0 | R76: =+K76*Q76 -> 0
A77: 73 | B77: 8857125000147 | C77: เอแคลร์นมสด 8 ชิ้น | D77: กล่อง | F77: 20 | G77: =E77+F77 -> 20 | H77: 0 | I77: 0 | J77: =+G77-H77-K77-I77 -> 14 | K77: 6 | L77: 50 | M77: =+L77*K77 -> 300 | N77: - | P77: =SUM(M77-O77) -> 300 | Q77: 25.15 | R77: =+K77*Q77 -> 150.9
A78: 74 | B78: 8857125004251 | C78: เอแคลร์คิทแคท 55g. | D78: กล่อง | G78: =E78+F78 -> 0 | H78: 0 | I78: 0 | J78: =+G78-H78-K78-I78 -> 0 | L78: 45 | M78: =+L78*K78 -> 0 | N78: - | P78: =SUM(M78-O78) -> 0 | R78: =+K78*Q78 -> 0
A79: 75 | B79: 20056257 | C79: เอแคลร์ชาไทย 125g. | D79: กล่อง | F79: 5 | G79: =E79+F79 -> 5 | H79: 0 | I79: 0 | J79: =+G79-H79-K79-I79 -> 4 | K79: 1 | L79: 35 | M79: =+L79*K79 -> 35 | N79: - | P79: =SUM(M79-O79) -> 35 | Q79: 30.84 | R79: =+K79*Q79 -> 30.84
A80: 76 | B80: 8857125000499 | C80: ซอฟ์ทเค้กช็อคโกแลตหน้านิ่ม | D80: กล่อง | F80: 5 | G80: =E80+F80 -> 5 | H80: 0 | I80: 0 | J80: =+G80-H80-K80-I80 -> 3 | K80: 2 | L80: 55 | M80: =+L80*K80 -> 110 | N80: - | P80: =SUM(M80-O80) -> 110 | Q80: 14.35 | R80: =+K80*Q80 -> 28.7
A81: 77 | B81: 8857125000475 | C81: ซอฟ์ทเค้กมะพร้าวนมสดหน้านิ่ม | D81: กล่อง | F81: 5 | G81: =E81+F81 -> 5 | H81: 0 | I81: 0 | J81: =+G81-H81-K81-I81 -> 5 | L81: 55 | M81: =+L81*K81 -> 0 | N81: - | P81: =SUM(M81-O81) -> 0 | Q81: 11.58 | R81: =+K81*Q81 -> 0
A82: 78 | B82: 8857125004213 | C82: ซอฟท์เค้กฝอยทองหน้านิ่ม | D82: ชิ้น | G82: =E82+F82 -> 0 | H82: 0 | I82: 0 | J82: =+G82-H82-K82-I82 -> 0 | L82: 55 | M82: =+L82*K82 -> 0 | N82: - | P82: =SUM(M82-O82) -> 0 | Q82: 18.95 | R82: =+K82*Q82 -> 0
A83: 79 | B83: 8857125000468 | C83: เครปโรลฝอยทอง วนิลา | D83: กล่อง | F83: 5 | G83: =E83+F83 -> 5 | H83: 0 | I83: 0 | J83: =+G83-H83-K83-I83 -> 5 | L83: 50 | M83: =+L83*K83 -> 0 | N83: - | P83: =SUM(M83-O83) -> 0 | Q83: 18.14 | R83: =+K83*Q83 -> 0
A84: 80 | B84: 8857125000857 | C84: เครปโรลฝอยทอง ใบเตย | D84: กล่อง | F84: 5 | G84: =E84+F84 -> 5 | H84: 0 | I84: 0 | J84: =+G84-H84-K84-I84 -> 5 | L84: 50 | M84: =+L84*K84 -> 0 | N84: - | P84: =SUM(M84-O84) -> 0 | Q84: 12.94 | R84: =+K84*Q84 -> 0
A85: 81 | B85: 20054638 | C85: เครปเค้กคิทแคท 65g. | D85: กล่อง | G85: =E85+F85 -> 0 | H85: 0 | I85: 0 | J85: =+G85-H85-K85-I85 -> 0 | L85: 35 | M85: =+L85*K85 -> 0 | N85: - | P85: =SUM(M85-O85) -> 0 | R85: =+K85*Q85 -> 0
A86: 82 | B86: 8857125004091 | C86: ชูครีมไส้ครีมนมฮอกไกโด 60 กรัม | D86: กล่อง | G86: =E86+F86 -> 0 | H86: 0 | I86: 0 | J86: =+G86-H86-K86-I86 -> 0 | L86: 35 | M86: =+L86*K86 -> 0 | N86: - | P86: =SUM(M86-O86) -> 0 | R86: =+K86*Q86 -> 0
A87: 83 | B87: 1300015 | C87: ทิรามิสุ 80 กรัม | D87: กล่อง | G87: =E87+F87 -> 0 | H87: 0 | I87: 0 | J87: =+G87-H87-K87-I87 -> 0 | L87: 45 | M87: =+L87*K87 -> 0 | N87: - | P87: =SUM(M87-O87) -> 0 | R87: =+K87*Q87 -> 0
A88: 84 | B88: 1300016 | C88: มะม่วงครีมชีทครัมเบิ้ล 145 กรัม | D88: กล่อง | G88: =E88+F88 -> 0 | H88: 0 | I88: 0 | J88: =+G88-H88-K88-I88 -> 0 | L88: 49 | M88: =+L88*K88 -> 0 | N88: - | P88: =SUM(M88-O88) -> 0 | R88: =+K88*Q88 -> 0
A89: 85 | B89: 20057017 | C89: มะม่วงชีสพาย 145g. | D89: กล่อง | G89: =E89+F89 -> 0 | H89: 0 | I89: 0 | J89: =+G89-H89-K89-I89 -> 0 | L89: 35 | M89: =+L89*K89 -> 0 | N89: - | P89: =SUM(M89-O89) -> 0 | R89: =+K89*Q89 -> 0
A90: 86 | B90: 8857125004558 | C90: เลเยอร์เค้กใบเตย 100 กรัม | D90: กล่อง | G90: =E90+F90 -> 0 | H90: 0 | I90: 0 | J90: =+G90-H90-K90-I90 -> 0 | L90: 35 | M90: =+L90*K90 -> 0 | N90: - | P90: =SUM(M90-O90) -> 0 | R90: =+K90*Q90 -> 0
A91: 87 | B91: 1006979 | C91: คัพเค้กไส้คัสตาร์ด | D91: กล่อง | G91: =E91+F91 -> 0 | H91: 0 | I91: 0 | J91: =+G91-H91-K91-I91 -> 0 | L91: 45 | M91: =+L91*K91 -> 0 | N91: - | P91: =SUM(M91-O91) -> 0 | Q91: 30.25 | R91: =+K91*Q91 -> 0
A92: 88 | B92: 1300005 | C92: เค้กมะพร้าวลาวา 85 กรัม | D92: กล่อง | G92: =E92+F92 -> 0 | H92: 0 | I92: 0 | J92: =+G92-H92-K92-I92 -> 0 | L92: 45 | M92: =+L92*K92 -> 0 | N92: - | P92: =SUM(M92-O92) -> 0 | Q92: 18.28 | R92: =+K92*Q92 -> 0
A93: 89 | B93: 8857125004220 | C93: เค้กลอดช่อง 85 กรัม | D93: กล่อง | F93: 30 | G93: =E93+F93 -> 30 | H93: 0 | I93: 1 | J93: =+G93-H93-K93-I93 -> 28 | K93: 1 | L93: 35 | M93: =+L93*K93 -> 35 | N93: - | P93: =SUM(M93-O93) -> 35 | Q93: 18.63 | R93: =+K93*Q93 -> 18.63
A94: 90 | B94: 1113178 | C94: เค้กลอดช่องกล่องกลม 1 ปอนด์ 265 กรัม | D94: กล่อง | G94: =E94+F94 -> 0 | H94: 0 | I94: 0 | J94: =+G94-H94-K94-I94 -> 0 | M94: =+L94*K94 -> 0 | N94: -
A95: 91 | B95: 1113179 | C95: เค้กลอดช่องกล่องกลม 2 ปอนด์ 325 กรัม | D95: กล่อง | G95: =E95+F95 -> 0 | H95: 0 | I95: 0 | J95: =+G95-H95-K95-I95 -> 0 | L95: 120 | M95: =+L95*K95 -> 0 | N95: - | P95: =SUM(M95-O95) -> 0 | R95: =+K95*Q95 -> 0
A96: 92 | B96: 8857125004275 | C96: เค้กทุเรียน 90 กรัม | D96: กล่อง | F96: 50 | G96: =E96+F96 -> 50 | H96: 0 | I96: 1 | J96: =+G96-H96-K96-I96 -> 45 | K96: 4 | L96: 45 | M96: =+L96*K96 -> 180 | N96: - | P96: =SUM(M96-O96) -> 180 | R96: =+K96*Q96 -> 0
A97: 93 | B97: 20055951 | C97: เค้กบัวลอยมะพร้าวอ่อน 100 กรัม | D97: กล่อง | G97: =E97+F97 -> 0 | H97: 0 | I97: 0 | J97: =+G97-H97-K97-I97 -> 0 | L97: 35 | M97: =+L97*K97 -> 0 | N97: - | P97: =SUM(M97-O97) -> 0 | Q97: 18.09 | R97: =+K97*Q97 -> 0
A98: 94 | B98: 1113191 | C98: เค้กตะโก้เผือกหอม 120 กรัม | D98: กล่อง | G98: =E98+F98 -> 0 | H98: 0 | I98: 0 | J98: =+G98-H98-K98-I98 -> 0 | L98: 35 | M98: =+L98*K98 -> 0 | N98: - | P98: =SUM(M98-O98) -> 0 | Q98: 15.4 | R98: =+K98*Q98 -> 0
A99: 95 | B99: 8859849001189 | C99: เค้กกล้วยหอมชีท | D99: ชิ้น | F99: 15 | G99: =E99+F99 -> 15 | H99: 0 | I99: 0 | J99: =+G99-H99-K99-I99 -> 15 | L99: 45 | M99: =+L99*K99 -> 0 | N99: - | P99: =SUM(M99-O99) -> 0 | Q99: 20.35 | R99: =+K99*Q99 -> 0
A100: 96 | B100: 859849001165 | C100: เค้กข้าวเหนียวเปียกลำใย 120 กรัม | D100: กล่อง | G100: =E100+F100 -> 0 | H100: 0 | I100: 0 | J100: =+G100-H100-K100-I100 -> 0 | L100: 35 | M100: =+L100*K100 -> 0 | N100: - | P100: =SUM(M100-O100) -> 0 | R100: =+K100*Q100 -> 0
A101: 97 | B101: 8859849001172 | C101: เค้กข้าวหลามมะพร้าวอ่อน 100 กรัม | D101: กล่อง | G101: =E101+F101 -> 0 | H101: 0 | I101: 0 | J101: =+G101-H101-K101-I101 -> 0 | L101: 35 | M101: =+L101*K101 -> 0 | N101: - | P101: =SUM(M101-O101) -> 0 | R101: =+K101*Q101 -> 0
...

Sheet 1
A2: บูธ EVENT งานเกษตรแฟร์กำแพงแสน 30 พ.ย. 67 - 10 ธ.ค. 67
A3: ลำดับ | B3: รหัสสินค้า (POS) | C3: รายการ | D3: หน่วย | E3: ยกมา | F3: รับ | G3: รวม | H3: เปลี่ยน/ | I3: โยกย้าย / ระบาย | J3: คงเหลือ | K3: รายการขาย | N3: หมายเหตุ | O3: ส่วนลด | Q3: ราคาต้นทุน | R3: ยอดรวมต้นทุนสินค้า
H4: คืน/เสีย | K4: จำนวน | L4: @ | M4: เป็นเงิน
A5: 1 | B5: 8857125001328 | C5: ชิฟฟ่อนเค้ก รวมรส (4 ชิ้น) | D5: กล่อง | E5: =+'30'!J5 -> 48 | G5: =E5+F5 -> 48 | H5: 0 | I5: 0 | J5: =+G5-H5-K5-I5 -> 35 | K5: 13 | L5: 50 | M5: =+L5*K5 -> 650 | N5: แถม 1 | O5: 50 | P5: =SUM(M5-O5) -> 600 | Q5: 22.48 | R5: =+K5*Q5 -> 292.24
A6: 2 | B6: 8857125001311 | C6: ชิฟฟ่อนเค้ก รวมรส (8 ชิ้น) | D6: กล่อง | E6: =+'30'!J6 -> 92 | G6: =E6+F6 -> 92 | H6: 0 | I6: 0 | J6: =+G6-H6-K6-I6 -> 58 | K6: 34 | L6: 100 | M6: =+L6*K6 -> 3400 | N6: - | P6: =SUM(M6-O6) -> 3400 | Q6: 39.29 | R6: =+K6*Q6 -> 1335.86
A7: 3 | B7: 8857125003841 | C7: ชิฟฟ่อนเค้ก รสกาแฟ (4 ชิ้น) | D7: ชิ้น | E7: =+'30'!J7 -> 0 | G7: =E7+F7 -> 0 | H7: 0 | I7: 0 | J7: =+G7-H7-K7-I7 -> 0 | L7: 50 | M7: =+L7*K7 -> 0 | N7: - | P7: =SUM(M7-O7) -> 0 | Q7: 26.11 | R7: =+K7*Q7 -> 0
A8: 4 | B8: 8857125003827 | C8: ชิฟฟ่อนเค้ก รสกาแฟ (8 ชิ้น) | D8: กล่อง | E8: =+'30'!J8 -> 0 | G8: =E8+F8 -> 0 | H8: 0 | I8: 0 | J8: =+G8-H8-K8-I8 -> 0 | L8: 100 | M8: =+L8*K8 -> 0 | N8: - | P8: =SUM(M8-O8) -> 0 | Q8: 33.89 | R8: =+K8*Q8 -> 0
A9: 5 | B9: 8857125002257 | C9: ชิฟฟ่อนเค้ก 1 ชิ้น | D9: ชิ้น | E9: =+'30'!J9 -> 0 | G9: =E9+F9 -> 0 | H9: 0 | I9: 0 | J9: =+G9-H9-K9-I9 -> 0 | L9: 10 | M9: =+L9*K9 -> 0 | N9: - | P9: =SUM(M9-O9) -> 0 | R9: =+K9*Q9 -> 0
A10: 6 | B10: 8857125002264 | C10: ชิฟฟ่อนเค้กสอดไส้แยม 1 ชิ้น | D10: ชิ้น | E10: =+'30'!J10 -> 0 | G10: =E10+F10 -> 0 | H10: 0 | I10: 0 | J10: =+G10-H10-K10-I10 -> 0 | L10: 15 | M10: =+L10*K10 -> 0 | N10: - | P10: =SUM(M10-O10) -> 0 | R10: =+K10*Q10 -> 0
A11: 7 | B11: 8857125001830 | C11: ชิฟฟ่อนเค้กสอดไส้ รวมรส (3 ชิ้น) | D11: กล่อง | E11: =+'30'!J11 -> 15 | G11: =E11+F11 -> 15 | H11: 0 | I11: 0 | J11: =+G11-H11-K11-I11 -> 0 | K11: 15 | L11: 50 | M11: =+L11*K11 -> 750 | N11: - | P11: =SUM(M11-O11) -> 750 | Q11: 16.94 | R11: =+K11*Q11 -> 254.1
A12: 8 | B12: 1112539 | C12: ชิฟฟ่อนเค้กสอดไส้ เมล่อน (3 ชิ้น) | D12: กล่อง | E12: =+'30'!J12 -> 0 | G12: =E12+F12 -> 0 | H12: 0 | I12: 0 | J12: =+G12-H12-K12-I12 -> 0 | L12: 50 | M12: =+L12*K12 -> 0 | N12: - | P12: =SUM(M12-O12) -> 0 | R12: =+K12*Q12 -> 0
A13: 9 | B13: 8857125000055 | C13: ชิฟฟ่อนเค้กสอดไส้แยม รสบลูเบอร์รี่ (3 ชิ้น) | D13: กล่อง | E13: =+'30'!J13 -> 0 | G13: =E13+F13 -> 0 | H13: 0 | I13: 0 | J13: =+G13-H13-K13-I13 -> 0 | L13: 50 | M13: =+L13*K13 -> 0 | N13: - | P13: =SUM(M13-O13) -> 0 | Q13: 17.32 | R13: =+K13*Q13 -> 0
A14: 10 | B14: 8857125000987 | C14: ชิฟฟ่อนเค้กสอดไส้แยม รสส้ม (3 ชิ้น) | D14: กล่อง | E14: =+'30'!J14 -> 0 | G14: =E14+F14 -> 0 | H14: 0 | I14: 0 | J14: =+G14-H14-K14-I14 -> 0 | L14: 50 | M14: =+L14*K14 -> 0 | N14: - | P14: =SUM(M14-O14) -> 0 | Q14: 21.22 | R14: =+K14*Q14 -> 0
A15: 11 | B15: 8857125000246 | C15: ชิฟฟ่อนเค้กหน้าฝอยทอง สอดไส้แยมส้ม (3 ชิ้น) | D15: กล่อง | E15: =+'30'!J15 -> 0 | G15: =E15+F15 -> 0 | H15: 0 | I15: 0 | J15: =+G15-H15-K15-I15 -> 0 | L15: 50 | M15: =+L15*K15 -> 0 | N15: - | P15: =SUM(M15-O15) -> 0 | Q15: 24.37 | R15: =+K15*Q15 -> 0
A16: 12 | C16: ชิฟฟ่อนเค้กหน้าฝอยทองทูโทน สอดไส้แยมส้ม (3 ชิ้น) | D16: กล่อง | E16: =+'30'!J16 -> 0 | G16: =E16+F16 -> 0 | H16: 0 | I16: 0 | J16: =+G16-H16-K16-I16 -> 0 | L16: 50 | M16: =+L16*K16 -> 0 | N16: - | P16: =SUM(M16-O16) -> 0 | R16: =+K16*Q16 -> 0
A17: 13 | B17: 8857125000024 | C17: ชิฟฟ่อนเค้กสอดไส้แยม รสสตรอว์เบอรี่ (3 ชิ้น) | D17: กล่อง | E17: =+'30'!J17 -> 0 | G17: =E17+F17 -> 0 | H17: 0 | I17: 0 | J17: =+G17-H17-K17-I17 -> 0 | L17: 50 | M17: =+L17*K17 -> 0 | N17: - | P17: =SUM(M17-O17) -> 0 | Q17: 15.05 | R17: =+K17*Q17 -> 0
A18: 14 | B18: 8857125000086 | C18: ชิฟฟ่อนเค้กสอดไส้ เนยมะพร้าว (3 ชิ้น) | D18: กล่อง | E18: =+'30'!J18 -> 0 | G18: =E18+F18 -> 0 | H18: 0 | I18: 0 | J18: =+G18-H18-K18-I18 -> 0 | L18: 50 | M18: =+L18*K18 -> 0 | N18: - | P18: =SUM(M18-O18) -> 0 | Q18: 18.77 | R18: =+K18*Q18 -> 0
A19: 15 | B19: 8857125000239 | C19: ชิฟฟ่อนเค้กสอดไส้ นมชมพูฮอกไกโด (3 ชิ้น) | D19: กล่อง | E19: =+'30'!J19 -> 0 | G19: =E19+F19 -> 0 | H19: 0 | I19: 0 | J19: =+G19-H19-K19-I19 -> 0 | L19: 50 | M19: =+L19*K19 -> 0 | N19: - | P19: =SUM(M19-O19) -> 0 | Q19: 19.04 | R19: =+K19*Q19 -> 0
A20: 16 | B20: 8857125001816 | C20: ชิฟฟ่อน สอดไส้ (ล) 4 ชิ้น ครีมมะพร้าว | D20: กล่อง | E20: =+'30'!J20 -> 4 | G20: =E20+F20 -> 4 | H20: 0 | I20: 0 | J20: =+G20-H20-K20-I20 -> 3 | K20: 1 | L20: 65 | M20: =+L20*K20 -> 65 | N20: - | P20: =SUM(M20-O20) -> 65 | Q20: 22.25 | R20: =+K20*Q20 -> 22.25
A21: 17 | B21: 8857125001021 | C21: ชิฟฟ่อน สอดไส้ (ก) 5 ชิ้น ครีมมะพร้าว | D21: กล่อง | E21: =+'30'!J21 -> 4 | G21: =E21+F21 -> 4 | H21: 0 | I21: 0 | J21: =+G21-H21-K21-I21 -> 2 | K21: 2 | L21: 85 | M21: =+L21*K21 -> 170 | N21: - | P21: =SUM(M21-O21) -> 170 | Q21: 22.85 | R21: =+K21*Q21 -> 45.7
A22: 18 | B22: 8857125000956 | C22: ชิฟฟ่อนเค้กสอดไส้ รวมรส (6 ชิ้น) | D22: กล่อง | E22: =+'30'!J22 -> 46 | G22: =E22+F22 -> 46 | H22: 0 | I22: 0 | J22: =+G22-H22-K22-I22 -> 12 | K22: 34 | L22: 100 | M22: =+L22*K22 -> 3400 | N22: - | P22: =SUM(M22-O22) -> 3400 | Q22: 26.6 | R22: =+K22*Q22 -> 904.4
A23: 19 | B23: 8857125000918 | C23: ชิฟฟ่อนเค้กสอดไส้แยม รสส้ม (6 ชิ้น) | D23: กล่อง | E23: =+'30'!J23 -> 0 | G23: =E23+F23 -> 0 | H23: 0 | I23: 0 | J23: =+G23-H23-K23-I23 -> 0 | L23: 100 | M23: =+L23*K23 -> 0 | N23: - | P23: =SUM(M23-O23) -> 0 | Q23: 42.24 | R23: =+K23*Q23 -> 0
A24: 20 | B24: 8857125000970 | C24: ชิฟฟ่อนเค้กหน้าฝอยทอง สอดไส้แยมส้ม (6 ชิ้น) | D24: กล่อง | E24: =+'30'!J24 -> 0 | G24: =E24+F24 -> 0 | H24: 0 | I24: 0 | J24: =+G24-H24-K24-I24 -> 0 | L24: 100 | M24: =+L24*K24 -> 0 | N24: - | P24: =SUM(M24-O24) -> 0 | Q24: 40.51 | R24: =+K24*Q24 -> 0
A25: 21 | B25: 8857125003810 | C25: ชิฟฟ่อนเค้กหน้าฝอยทองทูโทน สอดไส้แยมส้ม (6 ชิ้น) | D25: กล่อง | E25: =+'30'!J25 -> 0 | G25: =E25+F25 -> 0 | H25: 0 | I25: 0 | J25: =+G25-H25-K25-I25 -> 0 | L25: 100 | M25: =+L25*K25 -> 0 | N25: - | P25: =SUM(M25-O25) -> 0 | Q25: 39.77 | R25: =+K25*Q25 -> 0
A26: 22 | B26: 8857125000963 | C26: ชิฟฟ่อนเค้กสอดไส้ นมชมพูฮอกไกโด (6 ชิ้น) | D26: กล่อง | E26: =+'30'!J26 -> 0 | G26: =E26+F26 -> 0 | H26: 0 | I26: 0 | J26: =+G26-H26-K26-I26 -> 0 | L26: 100 | M26: =+L26*K26 -> 0 | N26: - | P26: =SUM(M26-O26) -> 0 | Q26: 35.39 | R26: =+K26*Q26 -> 0
A27: 23 | B27: 8857125000932 | C27: ชิฟฟ่อนเค้กสอดไส้แยม รสบลูเบอร์รี่ (6 ชิ้น) | D27: กล่อง | E27: =+'30'!J27 -> 0 | G27: =E27+F27 -> 0 | H27: 0 | I27: 0 | J27: =+G27-H27-K27-I27 -> 0 | L27: 100 | M27: =+L27*K27 -> 0 | N27: - | P27: =SUM(M27-O27) -> 0 | Q27: 31.62 | R27: =+K27*Q27 -> 0
A28: 24 | B28: 8857125000895 | C28: ชิฟฟ่อนเค้กสอดไส้ เนยมะพร้าว (6 ชิ้น) | D28: กล่อง | E28: =+'30'!J28 -> 0 | G28: =E28+F28 -> 0 | H28: 0 | I28: 0 | J28: =+G28-H28-K28-I28 -> 0 | L28: 100 | M28: =+L28*K28 -> 0 | N28: - | P28: =SUM(M28-O28) -> 0 | Q28: 31.97 | R28: =+K28*Q28 -> 0
A29: 25 | B29: 8857125000901 | C29: ชิฟฟ่อนเค้กสอดไส้แยม รสสตรอว์เบอรี่ (6 ชิ้น) | D29: กล่อง | E29: =+'30'!J29 -> 0 | G29: =E29+F29 -> 0 | H29: 0 | I29: 0 | J29: =+G29-H29-K29-I29 -> 0 | L29: 100 | M29: =+L29*K29 -> 0 | N29: - | P29: =SUM(M29-O29) -> 0 | Q29: 21.27 | R29: =+K29*Q29 -> 0
A30: 26 | B30: 8857125001571 | C30: ชิฟฟอนเค้ก รสมะลิ 8ชิ้น (ห่อซีน) | D30: กล่อง | E30: =+'30'!J30 -> 0 | G30: =E30+F30 -> 0 | H30: 0 | I30: 0 | J30: =+G30-H30-K30-I30 -> 0 | L30: 100 | M30: =+L30*K30 -> 0 | N30: - | P30: =SUM(M30-O30) -> 0 | Q30: 34.26 | R30: =+K30*Q30 -> 0
A31: 27 | B31: 8857125002127 | C31: ชิฟฟ่อนรวมรส ยอดฮิต (8 ชิ้น) | D31: กล่อง | E31: =+'30'!J31 -> 16 | G31: =E31+F31 -> 16 | H31: 0 | I31: 0 | J31: =+G31-H31-K31-I31 -> 0 | K31: 16 | L31: 100 | M31: =+L31*K31 -> 1600 | N31: - | P31: =SUM(M31-O31) -> 1600 | Q31: 38.46 | R31: =+K31*Q31 -> 615.36
A32: 28 | B32: 8857125000130 | C32: ชิฟฟ่อนเค้ก วรรณวนัช (สอดไส้รวมรส 8 ชิ้น) | D32: กล่อง | E32: =+'30'!J32 -> 2 | G32: =E32+F32 -> 2 | H32: 0 | I32: 0 | J32: =+G32-H32-K32-I32 -> 0 | K32: 2 | L32: 130 | M32: =+L32*K32 -> 260 | N32: - | P32: =SUM(M32-O32) -> 260 | Q32: 46.37 | R32: =+K32*Q32 -> 92.74
A33: 29 | B33: 8857125003773 | C33: ชิฟฟ่อนเค้กมะพร้าวสอดไส้ครีมมะพร้าวล้วน (8 ชิ้น) | D33: กล่อง | E33: =+'30'!J33 -> 10 | G33: =E33+F33 -> 10 | H33: 0 | I33: 0 | J33: =+G33-H33-K33-I33 -> 10 | L33: 130 | M33: =+L33*K33 -> 0 | N33: - | P33: =SUM(M33-O33) -> 0 | Q33: 38.9 | R33: =+K33*Q33 -> 0
A34: 30 | B34: 8857125001366 | C34: ชิฟฟ่อนเค้กใบเตยสอดไส้ครีมมะพร้าวล้วน (8 ชิ้น) | D34: กล่อง | E34: =+'30'!J34 -> 0 | G34: =E34+F34 -> 0 | H34: 0 | I34: 0 | J34: =+G34-H34-K34-I34 -> 0 | L34: 130 | M34: =+L34*K34 -> 0 | N34: - | P34: =SUM(M34-O34) -> 0 | Q34: 38.07 | R34: =+K34*Q34 -> 0
A35: 31 | B35: 8857125001397 | C35: ชิฟฟ่อนเค้กใบเตยทูโทนและสอดไส้ครีมมะพร้าว (8 ชิ้น) | D35: กล่อง | E35: =+'30'!J35 -> 0 | G35: =E35+F35 -> 0 | H35: 0 | I35: 0 | J35: =+G35-H35-K35-I35 -> 0 | L35: 130 | M35: =+L35*K35 -> 0 | N35: - | P35: =SUM(M35-O35) -> 0 | Q35: 40.8 | R35: =+K35*Q35 -> 0
A36: 32 | B36: 885712004534 | C36: ชิฟฟ่อนเค้กสอดไส้ครีมมะพร้าว 120g. | D36: ชิ้น | E36: =+'30'!J36 -> 0 | G36: =E36+F36 -> 0 | H36: 0 | I36: 0 | J36: =+G36-H36-K36-I36 -> 0 | L36: 35 | M36: =+L36*K36 -> 0 | N36: - | P36: =SUM(M36-O36) -> 0 | R36: =+K36*Q36 -> 0
A37: 33 | B37: 20055119 | C37: ชิฟฟ่อนเค้กฝอยทอง 95g. | D37: กล่อง | E37: =+'30'!J37 -> 0 | G37: =E37+F37 -> 0 | H37: 0 | I37: 0 | J37: =+G37-H37-K37-I37 -> 0 | L37: 35 | M37: =+L37*K37 -> 0 | N37: - | P37: =SUM(M37-O37) -> 0 | R37: =+K37*Q37 -> 0
A38: 34 | B38: 8857125001267 | C38: ชิฟฟ่อนหม้อแกง | D38: กล่อง | E38: =+'30'!J38 -> 0 | G38: =E38+F38 -> 0 | H38: 0 | I38: 0 | J38: =+G38-H38-K38-I38 -> 0 | L38: 35 | M38: =+L38*K38 -> 0 | N38: - | P38: =SUM(M38-O38) -> 0 | R38: =+K38*Q38 -> 0
A39: 35 | B39: 8857125000611 | C39: ครีมฮอร์น วนิลา | D39: กล่อง | E39: =+'30'!J39 -> 16 | G39: =E39+F39 -> 16 | H39: 0 | I39: 2 | J39: =+G39-H39-K39-I39 -> 3 | K39: 11 | L39: 50 | M39: =+L39*K39 -> 550 | N39: - | P39: =SUM(M39-O39) -> 550 | Q39: 27.84 | R39: =+K39*Q39 -> 306.24
A40: 36 | B40: 8857125000604 | C40: ครีมฮอร์น ใบเตย | D40: กล่อง | E40: =+'30'!J40 -> 13 | G40: =E40+F40 -> 13 | H40: 0 | I40: 0 | J40: =+G40-H40-K40-I40 -> 6 | K40: 7 | L40: 50 | M40: =+L40*K40 -> 350 | N40: - | P40: =SUM(M40-O40) -> 350 | Q40: 27.12 | R40: =+K40*Q40 -> 189.84
A41: 37 | B41: 8857125000598 | C41: ครีมฮอร์น ช็อคโกแลต | D41: กล่อง | E41: =+'30'!J41 -> 14 | G41: =E41+F41 -> 14 | H41: 0 | I41: 0 | J41: =+G41-H41-K41-I41 -> 10 | K41: 4 | L41: 50 | M41: =+L41*K41 -> 200 | N41: - | P41: =SUM(M41-O41) -> 200 | Q41: 15.42 | R41: =+K41*Q41 -> 61.68
A42: 38 | B42: 8857125004015 | C42: ครีมฮอร์นเนยสดฝอยทอง วนิลา | D42: กล่อง | E42: =+'30'!J42 -> 5 | G42: =E42+F42 -> 5 | H42: 0 | I42: 0 | J42: =+G42-H42-K42-I42 -> 4 | K42: 1 | L42: 25 | M42: =+L42*K42 -> 25 | N42: - | P42: =SUM(M42-O42) -> 25 | R42: =+K42*Q42 -> 0
A43: 39 | B43: 8857125004022 | C43: ครีมฮอร์นเนยสดฝอยทอง ใบเตย | D43: กล่อง | E43: =+'30'!J43 -> 5 | G43: =E43+F43 -> 5 | H43: 0 | I43: 0 | J43: =+G43-H43-K43-I43 -> 3 | K43: 2 | L43: 65 | M43: =+L43*K43 -> 130 | N43: - | P43: =SUM(M43-O43) -> 130 | R43: =+K43*Q43 -> 0
A44: 40 | B44: 8857125004411 | C44: ครีมฮอร์นเนยสดฝอยทอง ช็อกโกแลต | D44: กล่อง | E44: =+'30'!J44 -> 5 | G44: =E44+F44 -> 5 | H44: 0 | I44: 0 | J44: =+G44-H44-K44-I44 -> 4 | K44: 1 | L44: 65 | M44: =+L44*K44 -> 65 | N44: - | P44: =SUM(M44-O44) -> 65 | R44: =+K44*Q44 -> 0
A45: 41 | B45: 20055115 | C45: ครีมฮอร์นคิทแคท 70g. | D45: กล่อง | E45: =+'30'!J45 -> 0 | G45: =E45+F45 -> 0 | H45: 0 | I45: 0 | J45: =+G45-H45-K45-I45 -> 0 | L45: 35 | M45: =+L45*K45 -> 0 | N45: - | P45: =SUM(M45-O45) -> 0 | R45: =+K45*Q45 -> 0
A46: 42 | B46: 8857125000420 | C46: เค้กเบาหวิว รสกล้วยหอมหน้ามะพร้าวเผา 110 กรัม | D46: กล่อง | E46: =+'30'!J46 -> 4 | G46: =E46+F46 -> 4 | H46: 0 | I46: 0 | J46: =+G46-H46-K46-I46 -> 0 | K46: 4 | L46: 50 | M46: =+L46*K46 -> 200 | N46: - | P46: =SUM(M46-O46) -> 200 | Q46: 19.05 | R46: =+K46*Q46 -> 76.2
A47: 43 | B47: 8857125001175 | C47: เค้กเบาหวิว เผือกมะพร้าวอ่อน110 กรัม | D47: กล่อง | E47: =+'30'!J47 -> 4 | G47: =E47+F47 -> 4 | H47: 0 | I47: 0 | J47: =+G47-H47-K47-I47 -> 0 | K47: 4 | L47: 50 | M47: =+L47*K47 -> 200 | N47: - | P47: =SUM(M47-O47) -> 200 | Q47: 19.21 | R47: =+K47*Q47 -> 76.84
A48: 44 | B48: 8857125000154 | C48: เค้กเบาหวิว รสมะพร้าวน้ำหอม 110 กรัม | D48: กล่อง | E48: =+'30'!J48 -> 5 | G48: =E48+F48 -> 5 | H48: 0 | I48: 0 | J48: =+G48-H48-K48-I48 -> 0 | K48: 5 | L48: 50 | M48: =+L48*K48 -> 250 | N48: - | P48: =SUM(M48-O48) -> 250 | Q48: 18.88 | R48: =+K48*Q48 -> 94.4
A49: 45 | B49: 8857125000192 | C49: เค้กเบาหวิว รสกาแฟ 110 กรัม | D49: กล่อง | E49: =+'30'!J49 -> 4 | G49: =E49+F49 -> 4 | H49: 0 | I49: 0 | J49: =+G49-H49-K49-I49 -> 0 | K49: 4 | L49: 50 | M49: =+L49*K49 -> 200 | N49: - | P49: =SUM(M49-O49) -> 200 | Q49: 20.43 | R49: =+K49*Q49 -> 81.72
A50: 46 | B50: 8857125000185 | C50: เค้กเบาหวิว รสเนยนม 110 กรัม | D50: กล่อง | E50: =+'30'!J50 -> 4 | G50: =E50+F50 -> 4 | H50: 0 | I50: 0 | J50: =+G50-H50-K50-I50 -> 0 | K50: 4 | L50: 50 | M50: =+L50*K50 -> 200 | N50: - | P50: =SUM(M50-O50) -> 200 | Q50: 21.81 | R50: =+K50*Q50 -> 87.24
A51: 47 | B51: 8857125000161 | C51: เค้กเบาหวิว รสตาลหอม 110 กรัม | D51: กล่อง | E51: =+'30'!J51 -> 3 | G51: =E51+F51 -> 3 | H51: 0 | I51: 0 | J51: =+G51-H51-K51-I51 -> 2 | K51: 1 | L51: 50 | M51: =+L51*K51 -> 50 | N51: - | P51: =SUM(M51-O51) -> 50 | Q51: 14.65 | R51: =+K51*Q51 -> 14.65
A52: 48 | B52: 8857125001007 | C52: เค้กเบาหวิว รสเตยหอม 110 กรัม | D52: กล่อง | E52: =+'30'!J52 -> 0 | G52: =E52+F52 -> 0 | H52: 0 | I52: 0 | J52: =+G52-H52-K52-I52 -> 0 | L52: 50 | M52: =+L52*K52 -> 0 | N52: - | P52: =SUM(M52-O52) -> 0 | Q52: 18.36 | R52: =+K52*Q52 -> 0
A53: 49 | B53: 8857125000765 | C53: เค้กเบาหวิว หน้าฝอยทอง 110 กรัม | D53: กล่อง | E53: =+'30'!J53 -> 3 | G53: =E53+F53 -> 3 | H53: 0 | I53: 0 | J53: =+G53-H53-K53-I53 -> 0 | K53: 3 | L53: 50 | M53: =+L53*K53 -> 150 | N53: - | P53: =SUM(M53-O53) -> 150 | Q53: 17.53 | R53: =+K53*Q53 -> 52.59
A54: 50 | B54: 8857125000871 | C54: เค้กเบาหวิว รสทุเรียน 110 กรัม | D54: กล่อง | E54: =+'30'!J54 -> 0 | G54: =E54+F54 -> 0 | H54: 0 | I54: 0 | J54: =+G54-H54-K54-I54 -> 0 | L54: 50 | M54: =+L54*K54 -> 0 | N54: - | P54: =SUM(M54-O54) -> 0 | Q54: 14.38 | R54: =+K54*Q54 -> 0
A55: 51 | B55: 8857125000017 | C55: เค้กเบาหวิว รสกล้วยหอมหน้ามะพร้าวเผา 300 กรัม | D55: กล่อง | E55: =+'30'!J55 -> 5 | G55: =E55+F55 -> 5 | H55: 0 | I55: 0 | J55: =+G55-H55-K55-I55 -> 5 | L55: 120 | M55: =+L55*K55 -> 0 | N55: - | P55: =SUM(M55-O55) -> 0 | Q55: 29.34 | R55: =+K55*Q55 -> 0
A56: 52 | B56: 8857125000260 | C56: เค้กเบาหวิว รสเผือกหน้ามะพร้าวเผา 300 กรัม | D56: กล่อง | E56: =+'30'!J56 -> 5 | G56: =E56+F56 -> 5 | H56: 0 | I56: 0 | J56: =+G56-H56-K56-I56 -> 5 | L56: 120 | M56: =+L56*K56 -> 0 | N56: - | P56: =SUM(M56-O56) -> 0 | Q56: 33.41 | R56: =+K56*Q56 -> 0
A57: 53 | B57: 8857125000116 | C57: เค้กเบาหวิว รสมะพร้าวน้ำหอม 300 กรัม | D57: กล่อง | E57: =+'30'!J57 -> 5 | G57: =E57+F57 -> 5 | H57: 0 | I57: 0 | J57: =+G57-H57-K57-I57 -> 2 | K57: 3 | L57: 120 | M57: =+L57*K57 -> 360 | N57: - | P57: =SUM(M57-O57) -> 360 | Q57: 31.46 | R57: =+K57*Q57 -> 94.38
A58: 54 | B58: 8857125000123 | C58: เค้กเบาหวิว รสกาแฟ 300 กรัม | D58: กล่อง | E58: =+'30'!J58 -> 5 | G58: =E58+F58 -> 5 | H58: 0 | I58: 0 | J58: =+G58-H58-K58-I58 -> 5 | L58: 120 | M58: =+L58*K58 -> 0 | N58: - | P58: =SUM(M58-O58) -> 0 | Q58: 34.56 | R58: =+K58*Q58 -> 0
A59: 55 | B59: 8857125000093 | C59: เค้กเบาหวิว รสเนยนม 300 กรัม | D59: กล่อง | E59: =+'30'!J59 -> 5 | G59: =E59+F59 -> 5 | H59: 0 | I59: 0 | J59: =+G59-H59-K59-I59 -> 3 | K59: 2 | L59: 120 | M59: =+L59*K59 -> 240 | N59: - | P59: =SUM(M59-O59) -> 240 | Q59: 32.96 | R59: =+K59*Q59 -> 65.92
A60: 56 | B60: 8857125000314 | C60: เค้กเบาหวิว รสตาลหอม 300 กรัม | D60: กล่อง | E60: =+'30'!J60 -> 0 | G60: =E60+F60 -> 0 | H60: 0 | I60: 0 | J60: =+G60-H60-K60-I60 -> 0 | L60: 120 | M60: =+L60*K60 -> 0 | N60: - | P60: =SUM(M60-O60) -> 0 | Q60: 27.25 | R60: =+K60*Q60 -> 0
A61: 57 | B61: 8857125000109 | C61: เค้กเบาหวิว รสเตยหอม 300 กรัม | D61: กล่อง | E61: =+'30'!J61 -> 0 | G61: =E61+F61 -> 0 | H61: 0 | I61: 0 | J61: =+G61-H61-K61-I61 -> 0 | L61: 120 | M61: =+L61*K61 -> 0 | N61: - | P61: =SUM(M61-O61) -> 0 | Q61: 24.82 | R61: =+K61*Q61 -> 0
A62: 58 | B62: 8857125000451 | C62: เค้กเบาหวิว หน้าฝอยทอง 300 กรัม | D62: กล่อง | E62: =+'30'!J62 -> 5 | G62: =E62+F62 -> 5 | H62: 0 | I62: 0 | J62: =+G62-H62-K62-I62 -> 2 | K62: 3 | L62: 120 | M62: =+L62*K62 -> 360 | N62: - | P62: =SUM(M62-O62) -> 360 | Q62: 29.82 | R62: =+K62*Q62 -> 89.46
A63: 59 | B63: 1112018 | C63: เค้กเบาหวิว รสทุเรียน 300 กรัม | D63: กล่อง | E63: =+'30'!J63 -> 0 | G63: =E63+F63 -> 0 | H63: 0 | I63: 0 | J63: =+G63-H63-K63-I63 -> 0 | L63: 120 | M63: =+L63*K63 -> 0 | N63: - | P63: =SUM(M63-O63) -> 0 | Q63: 27.72 | R63: =+K63*Q63 -> 0
A64: 60 | B64: 8857125003711 | C64: เค้กโบราณรวมรส 4 ชิ้น | D64: กล่อง | E64: =+'30'!J64 -> 4 | G64: =E64+F64 -> 4 | H64: 0 | I64: 0 | J64: =+G64-H64-K64-I64 -> 2 | K64: 2 | L64: 50 | M64: =+L64*K64 -> 100 | N64: - | P64: =SUM(M64-O64) -> 100 | Q64: 23.69 | R64: =+K64*Q64 -> 47.38
A65: 61 | B65: 8857125000215 | C65: เค้กโบราณครีม 4 ชิ้น | D65: กล่อง | E65: =+'30'!J65 -> 4 | G65: =E65+F65 -> 4 | H65: 0 | I65: 0 | J65: =+G65-H65-K65-I65 -> 4 | L65: 50 | M65: =+L65*K65 -> 0 | N65: - | P65: =SUM(M65-O65) -> 0 | Q65: 22.49 | R65: =+K65*Q65 -> 0
A66: 62 | B66: 8857125003704 | C66: เค้กโบราณผลไม้ 4 ชิ้น | D66: กล่อง | E66: =+'30'!J66 -> 5 | G66: =E66+F66 -> 5 | H66: 0 | I66: 0 | J66: =+G66-H66-K66-I66 -> 4 | K66: 1 | L66: 50 | M66: =+L66*K66 -> 50 | N66: - | P66: =SUM(M66-O66) -> 50 | Q66: 23.12 | R66: =+K66*Q66 -> 23.12
A67: 63 | B67: 8857126455021 | C67: NP เค้กโบราณครีม 6 ชิ้น | D67: กล่อง | E67: =+'30'!J67 -> 0 | G67: =E67+F67 -> 0 | H67: 0 | I67: 0 | J67: =+G67-H67-K67-I67 -> 0 | L67: 70 | M67: =+L67*K67 -> 0 | N67: - | P67: =SUM(M67-O67) -> 0 | R67: =+K67*Q67 -> 0
A68: 64 | B68: 8857126455038 | C68: NP เเค้กโบราณผลไม้ 6 ชิ้น | D68: กล่อง | E68: =+'30'!J68 -> 0 | G68: =E68+F68 -> 0 | H68: 0 | I68: 0 | J68: =+G68-H68-K68-I68 -> 0 | L68: 80 | M68: =+L68*K68 -> 0 | N68: - | P68: =SUM(M68-O68) -> 0 | R68: =+K68*Q68 -> 0
A69: 65 | B69: 2566110401 | C69: เค้กโบราณรวมรส 12 ชิ้น | D69: กล่อง | E69: =+'30'!J69 -> 3 | G69: =E69+F69 -> 3 | H69: 0 | I69: 0 | J69: =+G69-H69-K69-I69 -> 3 | L69: 150 | M69: =+L69*K69 -> 0 | N69: - | P69: =SUM(M69-O69) -> 0 | Q69: 67.79 | R69: =+K69*Q69 -> 0
A70: 66 | B70: 2566110402 | C70: เค้กโบราณครีม 12 ชิ้น | D70: กล่อง | E70: =+'30'!J70 -> 3 | G70: =E70+F70 -> 3 | H70: 0 | I70: 0 | J70: =+G70-H70-K70-I70 -> 2 | K70: 1 | L70: 150 | M70: =+L70*K70 -> 150 | N70: - | P70: =SUM(M70-O70) -> 150 | Q70: 68.37 | R70: =+K70*Q70 -> 68.37
A71: 67 | B71: 8857125000819 | C71: เค้กโบราณผลไม้ 12 ชิ้น | D71: กล่อง | E71: =+'30'!J71 -> 3 | G71: =E71+F71 -> 3 | H71: 0 | I71: 0 | J71: =+G71-H71-K71-I71 -> 2 | K71: 1 | L71: 150 | M71: =+L71*K71 -> 150 | N71: - | P71: =SUM(M71-O71) -> 150 | Q71: 67.17 | R71: =+K71*Q71 -> 67.17
A72: 68 | B72: 8857125001304 | C72: เค้กลาวา ฝอยทอง เล็ก | D72: ชิ้น | E72: =+'30'!J72 -> 5 | G72: =E72+F72 -> 5 | H72: 0 | I72: 0 | J72: =+G72-H72-K72-I72 -> 5 | L72: 50 | M72: =+L72*K72 -> 0 | N72: - | P72: =SUM(M72-O72) -> 0 | R72: =+K72*Q72 -> 0
A73: 69 | B73: 8857125003742 | C73: เค้กลาวา ฝอยทอง ใหญ่ | D73: ชิ้น | E73: =+'30'!J73 -> 0 | G73: =E73+F73 -> 0 | H73: 0 | I73: 0 | J73: =+G73-H73-K73-I73 -> 0 | L73: 120 | M73: =+L73*K73 -> 0 | N73: - | P73: =SUM(M73-O73) -> 0 | R73: =+K73*Q73 -> 0
A74: 70 | B74: 8857125003728 | C74: เค้กลาวา ฝอยทองทูโทน เล็ก | D74: กล่อง | E74: =+'30'!J74 -> 7 | G74: =E74+F74 -> 7 | H74: 0 | I74: 0 | J74: =+G74-H74-K74-I74 -> 1 | K74: 6 | L74: 50 | M74: =+L74*K74 -> 300 | N74: - | P74: =SUM(M74-O74) -> 300 | Q74: 17.09 | R74: =+K74*Q74 -> 102.54
A75: 71 | B75: 8857125003735 | C75: เค้กลาวา ฝอยทองทูโทน ใหญ่ | D75: ชิ้น | E75: =+'30'!J75 -> 0 | G75: =E75+F75 -> 0 | H75: 0 | I75: 0 | J75: =+G75-H75-K75-I75 -> 0 | L75: 120 | M75: =+L75*K75 -> 0 | N75: - | P75: =SUM(M75-O75) -> 0
A76: 72 | B76: 8857125000567 | C76: เอแคลร์นมสด 6 ชิ้น | D76: กล่อง | E76: =+'30'!J76 -> 0 | G76: =E76+F76 -> 0 | H76: 0 | I76: 0 | J76: =+G76-H76-K76-I76 -> 0 | L76: 39 | M76: =+L76*K76 -> 0 | N76: - | P76: =SUM(M76-O76) -> 0 | R76: =+K76*Q76 -> 0
A77: 73 | B77: 8857125000147 | C77: เอแคลร์นมสด 8 ชิ้น | D77: กล่อง | E77: =+'30'!J77 -> 14 | G77: =E77+F77 -> 14 | H77: 0 | I77: 0 | J77: =+G77-H77-K77-I77 -> 6 | K77: 8 | L77: 50 | M77: =+L77*K77 -> 400 | N77: - | P77: =SUM(M77-O77) -> 400 | Q77: 17.33 | R77: =+K77*Q77 -> 138.64
A78: 74 | B78: 8857125004251 | C78: เอแคลร์คิทแคท 55g. | D78: กล่อง | E78: =+'30'!J78 -> 0 | G78: =E78+F78 -> 0 | H78: 0 | I78: 0 | J78: =+G78-H78-K78-I78 -> 0 | L78: 45 | M78: =+L78*K78 -> 0 | N78: - | P78: =SUM(M78-O78) -> 0 | R78: =+K78*Q78 -> 0
A79: 75 | B79: 20056257 | C79: เอแคลร์ชาไทย 125g. | D79: กล่อง | E79: =+'30'!J79 -> 4 | G79: =E79+F79 -> 4 | H79: 0 | I79: 0 | J79: =+G79-H79-K79-I79 -> 2 | K79: 2 | L79: 35 | M79: =+L79*K79 -> 70 | N79: - | P79: =SUM(M79-O79) -> 70 | R79: =+K79*Q79 -> 0
A80: 76 | B80: 8857125000499 | C80: ซอฟ์ทเค้กช็อคโกแลตหน้านิ่ม | D80: กล่อง | E80: =+'30'!J80 -> 3 | G80: =E80+F80 -> 3 | H80: 0 | I80: 0 | J80: =+G80-H80-K80-I80 -> 3 | L80: 55 | M80: =+L80*K80 -> 0 | N80: - | P80: =SUM(M80-O80) -> 0 | Q80: 14.35 | R80: =+K80*Q80 -> 0
A81: 77 | B81: 8857125000475 | C81: ซอฟ์ทเค้กมะพร้าวนมสดหน้านิ่ม | D81: กล่อง | E81: =+'30'!J81 -> 5 | G81: =E81+F81 -> 5 | H81: 0 | I81: 0 | J81: =+G81-H81-K81-I81 -> 5 | L81: 55 | M81: =+L81*K81 -> 0 | N81: - | P81: =SUM(M81-O81) -> 0 | Q81: 11.58 | R81: =+K81*Q81 -> 0
A82: 78 | B82: 8857125004213 | C82: ซอฟท์เค้กฝอยทองหน้านิ่ม | D82: ชิ้น | E82: =+'30'!J82 -> 0 | G82: =E82+F82 -> 0 | H82: 0 | I82: 0 | J82: =+G82-H82-K82-I82 -> 0 | L82: 55 | M82: =+L82*K82 -> 0 | N82: - | P82: =SUM(M82-O82) -> 0 | R82: =+K82*Q82 -> 0
A83: 79 | B83: 8857125000468 | C83: เครปโรลฝอยทอง วนิลา | D83: กล่อง | E83: =+'30'!J83 -> 5 | G83: =E83+F83 -> 5 | H83: 0 | I83: 0 | J83: =+G83-H83-K83-I83 -> 4 | K83: 1 | L83: 50 | M83: =+L83*K83 -> 50 | N83: - | P83: =SUM(M83-O83) -> 50 | Q83: 18.14 | R83: =+K83*Q83 -> 18.14
A84: 80 | B84: 8857125000857 | C84: เครปโรลฝอยทอง ใบเตย | D84: กล่อง | E84: =+'30'!J84 -> 5 | G84: =E84+F84 -> 5 | H84: 0 | I84: 0 | J84: =+G84-H84-K84-I84 -> 4 | K84: 1 | L84: 50 | M84: =+L84*K84 -> 50 | N84: - | P84: =SUM(M84-O84) -> 50 | Q84: 12.94 | R84: =+K84*Q84 -> 12.94
A85: 81 | B85: 20054638 | C85: เครปเค้กคิทแคท 65g. | D85: กล่อง | E85: =+'30'!J85 -> 0 | G85: =E85+F85 -> 0 | H85: 0 | I85: 0 | J85: =+G85-H85-K85-I85 -> 0 | L85: 35 | M85: =+L85*K85 -> 0 | N85: - | P85: =SUM(M85-O85) -> 0 | R85: =+K85*Q85 -> 0
A86: 82 | B86: 8857125004091 | C86: ชูครีมไส้ครีมนมฮอกไกโด 60 กรัม | D86: กล่อง | E86: =+'30'!J86 -> 0 | G86: =E86+F86 -> 0 | H86: 0 | I86: 0 | J86: =+G86-H86-K86-I86 -> 0 | L86: 35 | M86: =+L86*K86 -> 0 | N86: - | P86: =SUM(M86-O86) -> 0 | R86: =+K86*Q86 -> 0
A87: 83 | B87: 1300015 | C87: ทิรามิสุ 80 กรัม | D87: กล่อง | E87: =+'30'!J87 -> 0 | G87: =E87+F87 -> 0 | H87: 0 | I87: 0 | J87: =+G87-H87-K87-I87 -> 0 | L87: 45 | M87: =+L87*K87 -> 0 | N87: - | P87: =SUM(M87-O87) -> 0 | R87: =+K87*Q87 -> 0
A88: 84 | B88: 1300016 | C88: มะม่วงครีมชีทครัมเบิ้ล 145 กรัม | D88: กล่อง | E88: =+'30'!J88 -> 0 | G88: =E88+F88 -> 0 | H88: 0 | I88: 0 | J88: =+G88-H88-K88-I88 -> 0 | L88: 49 | M88: =+L88*K88 -> 0 | N88: - | P88: =SUM(M88-O88) -> 0 | R88: =+K88*Q88 -> 0
A89: 85 | B89: 20057017 | C89: มะม่วงชีสพาย 145g. | D89: กล่อง | E89: =+'30'!J89 -> 0 | G89: =E89+F89 -> 0 | H89: 0 | I89: 0 | J89: =+G89-H89-K89-I89 -> 0 | L89: 35 | M89: =+L89*K89 -> 0 | N89: - | P89: =SUM(M89-O89) -> 0 | R89: =+K89*Q89 -> 0
A90: 86 | B90: 8857125004558 | C90: เลเยอร์เค้กใบเตย 100 กรัม | D90: กล่อง | E90: =+'30'!J90 -> 0 | G90: =E90+F90 -> 0 | H90: 0 | I90: 0 | J90: =+G90-H90-K90-I90 -> 0 | L90: 35 | M90: =+L90*K90 -> 0 | N90: - | P90: =SUM(M90-O90) -> 0 | R90: =+K90*Q90 -> 0
A91: 87 | B91: 1006979 | C91: คัพเค้กไส้คัสตาร์ด | D91: กล่อง | E91: =+'30'!J91 -> 0 | G91: =E91+F91 -> 0 | H91: 0 | I91: 0 | J91: =+G91-H91-K91-I91 -> 0 | L91: 45 | M91: =+L91*K91 -> 0 | N91: - | P91: =SUM(M91-O91) -> 0 | R91: =+K91*Q91 -> 0
A92: 88 | B92: 1300005 | C92: เค้กมะพร้าวลาวา 85 กรัม | D92: กล่อง | E92: =+'30'!J92 -> 0 | G92: =E92+F92 -> 0 | H92: 0 | I92: 0 | J92: =+G92-H92-K92-I92 -> 0 | L92: 45 | M92: =+L92*K92 -> 0 | N92: - | P92: =SUM(M92-O92) -> 0 | R92: =+K92*Q92 -> 0
A93: 89 | B93: 8857125004220 | C93: เค้กลอดช่อง 85 กรัม | D93: กล่อง | E93: =+'30'!J93 -> 28 | G93: =E93+F93 -> 28 | H93: 0 | I93: 0 | J93: =+G93-H93-K93-I93 -> 19 | K93: 9 | L93: 35 | M93: =+L93*K93 -> 315 | N93: - | P93: =SUM(M93-O93) -> 315 | R93: =+K93*Q93 -> 0
A94: 90 | B94: 1113178 | C94: เค้กลอดช่องกล่องกลม 1 ปอนด์ 265 กรัม | D94: กล่อง | E94: =+'30'!J94 -> 0 | G94: =E94+F94 -> 0 | H94: 0 | I94: 0 | J94: =+G94-H94-K94-I94 -> 0 | N94: -
A95: 91 | B95: 1113179 | C95: เค้กลอดช่องกล่องกลม 2 ปอนด์ 325 กรัม | D95: กล่อง | E95: =+'30'!J95 -> 0 | G95: =E95+F95 -> 0 | H95: 0 | I95: 0 | J95: =+G95-H95-K95-I95 -> 0 | L95: 120 | M95: =+L95*K95 -> 0 | N95: - | P95: =SUM(M95-O95) -> 0 | R95: =+K95*Q95 -> 0
A96: 92 | B96: 8857125004275 | C96: เค้กทุเรียน 90 กรัม | D96: กล่อง | E96: =+'30'!J96 -> 45 | G96: =E96+F96 -> 45 | H96: 0 | I96: 0 | J96: =+G96-H96-K96-I96 -> 38 | K96: 7 | L96: 45 | M96: =+L96*K96 -> 315 | N96: แถม 1 ขายราคา 35 บาท = 7 | O96: =60+45 -> 105 | P96: =SUM(M96-O96) -> 210 | R96: =+K96*Q96 -> 0
A97: 93 | B97: 20055951 | C97: เค้กบัวลอยมะพร้าวอ่อน 100 กรัม | D97: กล่อง | E97: =+'30'!J97 -> 0 | G97: =E97+F97 -> 0 | H97: 0 | I97: 0 | J97: =+G97-H97-K97-I97 -> 0 | L97: 35 | M97: =+L97*K97 -> 0 | N97: - | P97: =SUM(M97-O97) -> 0 | R97: =+K97*Q97 -> 0
A98: 94 | B98: 1113191 | C98: เค้กตะโก้เผือกหอม 120 กรัม | D98: กล่อง | E98: =+'30'!J98 -> 0 | G98: =E98+F98 -> 0 | H98: 0 | I98: 0 | J98: =+G98-H98-K98-I98 -> 0 | L98: 35 | M98: =+L98*K98 -> 0 | N98: - | P98: =SUM(M98-O98) -> 0 | Q98: 15.4 | R98: =+K98*Q98 -> 0
A99: 95 | B99: 8859849001189 | C99: เค้กกล้วยหอมชีท | D99: ชิ้น | E99: =+'30'!J99 -> 15 | G99: =E99+F99 -> 15 | H99: 0 | I99: 1 | J99: =+G99-H99-K99-I99 -> 8 | K99: 6 | L99: 45 | M99: =+L99*K99 -> 270 | N99: - | P99: =SUM(M99-O99) -> 270 | R99: =+K99*Q99 -> 0
A100: 96 | B100: 859849001165 | C100: เค้กข้าวเหนียวเปียกลำใย 120 กรัม | D100: กล่อง | E100: =+'30'!J100 -> 0 | G100: =E100+F100 -> 0 | H100: 0 | I100: 0 | J100: =+G100-H100-K100-I100 -> 0 | L100: 35 | M100: =+L100*K100 -> 0 | N100: - | P100: =SUM(M100-O100) -> 0 | R100: =+K100*Q100 -> 0
A101: 97 | B101: 8859849001172 | C101: เค้กข้าวหลามมะพร้าวอ่อน 100 กรัม | D101: กล่อง | E101: =+'30'!J101 -> 0 | G101: =E101+F101 -> 0 | H101: 0 | I101: 0 | J101: =+G101-H101-K101-I101 -> 0 | L101: 35 | M101: =+L101*K101 -> 0 | N101: - | P101: =SUM(M101-O101) -> 0 | R101: =+K101*Q101 -> 0
...

Sheet 2
A2: บูธ EVENT งานเกษตรแฟร์กำแพงแสน 30 พ.ย. 67 - 10 ธ.ค. 67
A3: ลำดับ | B3: รหัสสินค้า (POS) | C3: รายการ | D3: หน่วย | E3: ยกมา | F3: รับ | G3: รวม | H3: เปลี่ยน/ | I3: โยกย้าย / ระบาย | J3: คงเหลือ | K3: รายการขาย | N3: หมายเหตุ | O3: ส่วนลด | Q3: ราคาต้นทุน | R3: ยอดรวมต้นทุนสินค้า
H4: คืน/เสีย | K4: จำนวน | L4: @ | M4: เป็นเงิน
A5: 1 | B5: 8857125001328 | C5: ชิฟฟ่อนเค้ก รวมรส (4 ชิ้น) | D5: กล่อง | E5: =+'1'!J5 -> 35 | F5: 20 | G5: =E5+F5 -> 55 | H5: 0 | I5: 0 | J5: =+G5-H5-K5-I5 -> 45 | K5: 10 | L5: 50 | M5: =+L5*K5 -> 500 | N5: - | P5: =SUM(M5-O5) -> 500 | Q5: 22.48 | R5: =+K5*Q5 -> 224.8
A6: 2 | B6: 8857125001311 | C6: ชิฟฟ่อนเค้ก รวมรส (8 ชิ้น) | D6: กล่อง | E6: =+'1'!J6 -> 58 | F6: 50 | G6: =E6+F6 -> 108 | H6: 0 | I6: 0 | J6: =+G6-H6-K6-I6 -> 87 | K6: 21 | L6: 100 | M6: =+L6*K6 -> 2100 | N6: - | P6: =SUM(M6-O6) -> 2100 | Q6: 39.29 | R6: =+K6*Q6 -> 825.09
A7: 3 | B7: 8857125003841 | C7: ชิฟฟ่อนเค้ก รสกาแฟ (4 ชิ้น) | D7: ชิ้น | E7: =+'1'!J7 -> 0 | G7: =E7+F7 -> 0 | H7: 0 | I7: 0 | J7: =+G7-H7-K7-I7 -> 0 | L7: 50 | M7: =+L7*K7 -> 0 | N7: - | P7: =SUM(M7-O7) -> 0 | Q7: 26.11 | R7: =+K7*Q7 -> 0
A8: 4 | B8: 8857125003827 | C8: ชิฟฟ่อนเค้ก รสกาแฟ (8 ชิ้น) | D8: กล่อง | E8: =+'1'!J8 -> 0 | G8: =E8+F8 -> 0 | H8: 0 | I8: 0 | J8: =+G8-H8-K8-I8 -> 0 | L8: 100 | M8: =+L8*K8 -> 0 | N8: - | P8: =SUM(M8-O8) -> 0 | Q8: 33.89 | R8: =+K8*Q8 -> 0
A9: 5 | B9: 8857125002257 | C9: ชิฟฟ่อนเค้ก 1 ชิ้น | D9: ชิ้น | E9: =+'1'!J9 -> 0 | G9: =E9+F9 -> 0 | H9: 0 | I9: 0 | J9: =+G9-H9-K9-I9 -> 0 | L9: 10 | M9: =+L9*K9 -> 0 | N9: - | P9: =SUM(M9-O9) -> 0 | R9: =+K9*Q9 -> 0
A10: 6 | B10: 8857125002264 | C10: ชิฟฟ่อนเค้กสอดไส้แยม 1 ชิ้น | D10: ชิ้น | E10: =+'1'!J10 -> 0 | G10: =E10+F10 -> 0 | H10: 0 | I10: 0 | J10: =+G10-H10-K10-I10 -> 0 | L10: 15 | M10: =+L10*K10 -> 0 | N10: - | P10: =SUM(M10-O10) -> 0 | R10: =+K10*Q10 -> 0
A11: 7 | B11: 8857125001830 | C11: ชิฟฟ่อนเค้กสอดไส้ รวมรส (3 ชิ้น) | D11: กล่อง | E11: =+'1'!J11 -> 0 | F11: 20 | G11: =E11+F11 -> 20 | H11: 0 | I11: 0 | J11: =+G11-H11-K11-I11 -> 16 | K11: 4 | L11: 50 | M11: =+L11*K11 -> 200 | N11: - | P11: =SUM(M11-O11) -> 200 | Q11: 16.94 | R11: =+K11*Q11 -> 67.76
A12: 8 | B12: 1112539 | C12: ชิฟฟ่อนเค้กสอดไส้ เมล่อน (3 ชิ้น) | D12: กล่อง | E12: =+'1'!J12 -> 0 | G12: =E12+F12 -> 0 | H12: 0 | I12: 0 | J12: =+G12-H12-K12-I12 -> 0 | L12: 50 | M12: =+L12*K12 -> 0 | N12: - | P12: =SUM(M12-O12) -> 0 | R12: =+K12*Q12 -> 0
A13: 9 | B13: 8857125000055 | C13: ชิฟฟ่อนเค้กสอดไส้แยม รสบลูเบอร์รี่ (3 ชิ้น) | D13: กล่อง | E13: =+'1'!J13 -> 0 | G13: =E13+F13 -> 0 | H13: 0 | I13: 0 | J13: =+G13-H13-K13-I13 -> 0 | L13: 50 | M13: =+L13*K13 -> 0 | N13: - | P13: =SUM(M13-O13) -> 0 | Q13: 17.32 | R13: =+K13*Q13 -> 0
A14: 10 | B14: 8857125000987 | C14: ชิฟฟ่อนเค้กสอดไส้แยม รสส้ม (3 ชิ้น) | D14: กล่อง | E14: =+'1'!J14 -> 0 | G14: =E14+F14 -> 0 | H14: 0 | I14: 0 | J14: =+G14-H14-K14-I14 -> 0 | L14: 50 | M14: =+L14*K14 -> 0 | N14: - | P14: =SUM(M14-O14) -> 0 | Q14: 21.22 | R14: =+K14*Q14 -> 0
A15: 11 | B15: 8857125000246 | C15: ชิฟฟ่อนเค้กหน้าฝอยทอง สอดไส้แยมส้ม (3 ชิ้น) | D15: กล่อง | E15: =+'1'!J15 -> 0 | F15: 20 | G15: =E15+F15 -> 20 | H15: 0 | I15: 0 | J15: =+G15-H15-K15-I15 -> 16 | K15: 4 | L15: 50 | M15: =+L15*K15 -> 200 | N15: - | P15: =SUM(M15-O15) -> 200 | Q15: 24.37 | R15: =+K15*Q15 -> 97.48
A16: 12 | C16: ชิฟฟ่อนเค้กหน้าฝอยทองทูโทน สอดไส้แยมส้ม (3 ชิ้น) | D16: กล่อง | E16: =+'1'!J16 -> 0 | G16: =E16+F16 -> 0 | H16: 0 | I16: 0 | J16: =+G16-H16-K16-I16 -> 0 | L16: 50 | M16: =+L16*K16 -> 0 | N16: - | P16: =SUM(M16-O16) -> 0 | R16: =+K16*Q16 -> 0
A17: 13 | B17: 8857125000024 | C17: ชิฟฟ่อนเค้กสอดไส้แยม รสสตรอว์เบอรี่ (3 ชิ้น) | D17: กล่อง | E17: =+'1'!J17 -> 0 | G17: =E17+F17 -> 0 | H17: 0 | I17: 0 | J17: =+G17-H17-K17-I17 -> 0 | L17: 50 | M17: =+L17*K17 -> 0 | N17: - | P17: =SUM(M17-O17) -> 0 | Q17: 15.05 | R17: =+K17*Q17 -> 0
A18: 14 | B18: 8857125000086 | C18: ชิฟฟ่อนเค้กสอดไส้ เนยมะพร้าว (3 ชิ้น) | D18: กล่อง | E18: =+'1'!J18 -> 0 | F18: 20 | G18: =E18+F18 -> 20 | H18: 0 | I18: 0 | J18: =+G18-H18-K18-I18 -> 13 | K18: 7 | L18: 50 | M18: =+L18*K18 -> 350 | N18: - | P18: =SUM(M18-O18) -> 350 | Q18: 18.77 | R18: =+K18*Q18 -> 131.39
A19: 15 | B19: 8857125000239 | C19: ชิฟฟ่อนเค้กสอดไส้ นมชมพูฮอกไกโด (3 ชิ้น) | D19: กล่อง | E19: =+'1'!J19 -> 0 | G19: =E19+F19 -> 0 | H19: 0 | I19: 0 | J19: =+G19-H19-K19-I19 -> 0 | L19: 50 | M19: =+L19*K19 -> 0 | N19: - | P19: =SUM(M19-O19) -> 0 | Q19: 19.04 | R19: =+K19*Q19 -> 0
A20: 16 | B20: 8857125001816 | C20: ชิฟฟ่อน สอดไส้ (ล) 4 ชิ้น ครีมมะพร้าว | D20: กล่อง | E20: =+'1'!J20 -> 3 | F20: 5 | G20: =E20+F20 -> 8 | H20: 0 | I20: 0 | J20: =+G20-H20-K20-I20 -> 5 | K20: 3 | L20: 65 | M20: =+L20*K20 -> 195 | N20: - | P20: =SUM(M20-O20) -> 195 | Q20: 22.25 | R20: =+K20*Q20 -> 66.75
A21: 17 | B21: 8857125001021 | C21: ชิฟฟ่อน สอดไส้ (ก) 5 ชิ้น ครีมมะพร้าว | D21: กล่อง | E21: =+'1'!J21 -> 2 | G21: =E21+F21 -> 2 | H21: 0 | I21: 0 | J21: =+G21-H21-K21-I21 -> 2 | L21: 85 | M21: =+L21*K21 -> 0 | N21: - | P21: =SUM(M21-O21) -> 0 | Q21: 22.85 | R21: =+K21*Q21 -> 0
A22: 18 | B22: 8857125000956 | C22: ชิฟฟ่อนเค้กสอดไส้ รวมรส (6 ชิ้น) | D22: กล่อง | E22: =+'1'!J22 -> 12 | F22: 30 | G22: =E22+F22 -> 42 | H22: 0 | I22: 0 | J22: =+G22-H22-K22-I22 -> 20 | K22: 22 | L22: 100 | M22: =+L22*K22 -> 2200 | N22: - | P22: =SUM(M22-O22) -> 2200 | Q22: 26.6 | R22: =+K22*Q22 -> 585.2
A23: 19 | B23: 8857125000918 | C23: ชิฟฟ่อนเค้กสอดไส้แยม รสส้ม (6 ชิ้น) | D23: กล่อง | E23: =+'1'!J23 -> 0 | G23: =E23+F23 -> 0 | H23: 0 | I23: 0 | J23: =+G23-H23-K23-I23 -> 0 | L23: 100 | M23: =+L23*K23 -> 0 | N23: - | P23: =SUM(M23-O23) -> 0 | Q23: 42.24 | R23: =+K23*Q23 -> 0
A24: 20 | B24: 8857125000970 | C24: ชิฟฟ่อนเค้กหน้าฝอยทอง สอดไส้แยมส้ม (6 ชิ้น) | D24: กล่อง | E24: =+'1'!J24 -> 0 | F24: 50 | G24: =E24+F24 -> 50 | H24: 0 | I24: 0 | J24: =+G24-H24-K24-I24 -> 47 | K24: 3 | L24: 100 | M24: =+L24*K24 -> 300 | N24: - | P24: =SUM(M24-O24) -> 300 | Q24: 40.51 | R24: =+K24*Q24 -> 121.53
A25: 21 | B25: 8857125003810 | C25: ชิฟฟ่อนเค้กหน้าฝอยทองทูโทน สอดไส้แยมส้ม (6 ชิ้น) | D25: กล่อง | E25: =+'1'!J25 -> 0 | G25: =E25+F25 -> 0 | H25: 0 | I25: 0 | J25: =+G25-H25-K25-I25 -> 0 | L25: 100 | M25: =+L25*K25 -> 0 | N25: - | P25: =SUM(M25-O25) -> 0 | Q25: 39.77 | R25: =+K25*Q25 -> 0
A26: 22 | B26: 8857125000963 | C26: ชิฟฟ่อนเค้กสอดไส้ นมชมพูฮอกไกโด (6 ชิ้น) | D26: กล่อง | E26: =+'1'!J26 -> 0 | F26: 20 | G26: =E26+F26 -> 20 | H26: 0 | I26: 0 | J26: =+G26-H26-K26-I26 -> 19 | K26: 1 | L26: 100 | M26: =+L26*K26 -> 100 | N26: - | P26: =SUM(M26-O26) -> 100 | Q26: 35.39 | R26: =+K26*Q26 -> 35.39
A27: 23 | B27: 8857125000932 | C27: ชิฟฟ่อนเค้กสอดไส้แยม รสบลูเบอร์รี่ (6 ชิ้น) | D27: กล่อง | E27: =+'1'!J27 -> 0 | G27: =E27+F27 -> 0 | H27: 0 | I27: 0 | J27: =+G27-H27-K27-I27 -> 0 | L27: 100 | M27: =+L27*K27 -> 0 | N27: - | P27: =SUM(M27-O27) -> 0 | Q27: 31.62 | R27: =+K27*Q27 -> 0
A28: 24 | B28: 8857125000895 | C28: ชิฟฟ่อนเค้กสอดไส้ เนยมะพร้าว (6 ชิ้น) | D28: กล่อง | E28: =+'1'!J28 -> 0 | F28: 30 | G28: =E28+F28 -> 30 | H28: 0 | I28: 0 | J28: =+G28-H28-K28-I28 -> 28 | K28: 2 | L28: 100 | M28: =+L28*K28 -> 200 | N28: - | P28: =SUM(M28-O28) -> 200 | Q28: 31.97 | R28: =+K28*Q28 -> 63.94
A29: 25 | B29: 8857125000901 | C29: ชิฟฟ่อนเค้กสอดไส้แยม รสสตรอว์เบอรี่ (6 ชิ้น) | D29: กล่อง | E29: =+'1'!J29 -> 0 | G29: =E29+F29 -> 0 | H29: 0 | I29: 0 | J29: =+G29-H29-K29-I29 -> 0 | L29: 100 | M29: =+L29*K29 -> 0 | N29: - | P29: =SUM(M29-O29) -> 0 | Q29: 21.27 | R29: =+K29*Q29 -> 0
A30: 26 | B30: 8857125001571 | C30: ชิฟฟอนเค้ก รสมะลิ 8ชิ้น (ห่อซีน) | D30: กล่อง | E30: =+'1'!J30 -> 0 | G30: =E30+F30 -> 0 | H30: 0 | I30: 0 | J30: =+G30-H30-K30-I30 -> 0 | L30: 100 | M30: =+L30*K30 -> 0 | N30: - | P30: =SUM(M30-O30) -> 0 | Q30: 34.26 | R30: =+K30*Q30 -> 0
A31: 27 | B31: 8857125002127 | C31: ชิฟฟ่อนรวมรส ยอดฮิต (8 ชิ้น) | D31: กล่อง | E31: =+'1'!J31 -> 0 | F31: 50 | G31: =E31+F31 -> 50 | H31: 0 | I31: 0 | J31: =+G31-H31-K31-I31 -> 46 | K31: 4 | L31: 100 | M31: =+L31*K31 -> 400 | N31: - | P31: =SUM(M31-O31) -> 400 | Q31: 38.46 | R31: =+K31*Q31 -> 153.84
A32: 28 | B32: 8857125000130 | C32: ชิฟฟ่อนเค้ก วรรณวนัช (สอดไส้รวมรส 8 ชิ้น) | D32: กล่อง | E32: =+'1'!J32 -> 0 | G32: =E32+F32 -> 0 | H32: 0 | I32: 0 | J32: =+G32-H32-K32-I32 -> 0 | L32: 130 | M32: =+L32*K32 -> 0 | N32: - | P32: =SUM(M32-O32) -> 0 | Q32: 46.37 | R32: =+K32*Q32 -> 0
A33: 29 | B33: 8857125003773 | C33: ชิฟฟ่อนเค้กมะพร้าวสอดไส้ครีมมะพร้าวล้วน (8 ชิ้น) | D33: กล่อง | E33: =+'1'!J33 -> 10 | G33: =E33+F33 -> 10 | H33: 0 | I33: 0 | J33: =+G33-H33-K33-I33 -> 8 | K33: 2 | L33: 130 | M33: =+L33*K33 -> 260 | N33: - | P33: =SUM(M33-O33) -> 260 | Q33: 38.9 | R33: =+K33*Q33 -> 77.8
A34: 30 | B34: 8857125001366 | C34: ชิฟฟ่อนเค้กใบเตยสอดไส้ครีมมะพร้าวล้วน (8 ชิ้น) | D34: กล่อง | E34: =+'1'!J34 -> 0 | G34: =E34+F34 -> 0 | H34: 0 | I34: 0 | J34: =+G34-H34-K34-I34 -> 0 | L34: 130 | M34: =+L34*K34 -> 0 | N34: - | P34: =SUM(M34-O34) -> 0 | Q34: 38.07 | R34: =+K34*Q34 -> 0
A35: 31 | B35: 8857125001397 | C35: ชิฟฟ่อนเค้กใบเตยทูโทนและสอดไส้ครีมมะพร้าว (8 ชิ้น) | D35: กล่อง | E35: =+'1'!J35 -> 0 | G35: =E35+F35 -> 0 | H35: 0 | I35: 0 | J35: =+G35-H35-K35-I35 -> 0 | L35: 130 | M35: =+L35*K35 -> 0 | N35: - | P35: =SUM(M35-O35) -> 0 | Q35: 40.8 | R35: =+K35*Q35 -> 0
A36: 32 | B36: 885712004534 | C36: ชิฟฟ่อนเค้กสอดไส้ครีมมะพร้าว 120g. | D36: ชิ้น | E36: =+'1'!J36 -> 0 | G36: =E36+F36 -> 0 | H36: 0 | I36: 0 | J36: =+G36-H36-K36-I36 -> 0 | L36: 35 | M36: =+L36*K36 -> 0 | N36: - | P36: =SUM(M36-O36) -> 0 | R36: =+K36*Q36 -> 0
A37: 33 | B37: 20055119 | C37: ชิฟฟ่อนเค้กฝอยทอง 95g. | D37: กล่อง | E37: =+'1'!J37 -> 0 | G37: =E37+F37 -> 0 | H37: 0 | I37: 0 | J37: =+G37-H37-K37-I37 -> 0 | L37: 35 | M37: =+L37*K37 -> 0 | N37: - | P37: =SUM(M37-O37) -> 0 | R37: =+K37*Q37 -> 0
A38: 34 | B38: 8857125001267 | C38: ชิฟฟ่อนหม้อแกง | D38: กล่อง | E38: =+'1'!J38 -> 0 | G38: =E38+F38 -> 0 | H38: 0 | I38: 0 | J38: =+G38-H38-K38-I38 -> 0 | L38: 35 | M38: =+L38*K38 -> 0 | N38: - | P38: =SUM(M38-O38) -> 0 | R38: =+K38*Q38 -> 0
A39: 35 | B39: 8857125000611 | C39: ครีมฮอร์น วนิลา | D39: กล่อง | E39: =+'1'!J39 -> 3 | F39: 5 | G39: =E39+F39 -> 8 | H39: 0 | I39: 0 | J39: =+G39-H39-K39-I39 -> 2 | K39: 6 | L39: 50 | M39: =+L39*K39 -> 300 | N39: - | P39: =SUM(M39-O39) -> 300 | Q39: 27.84 | R39: =+K39*Q39 -> 167.04
A40: 36 | B40: 8857125000604 | C40: ครีมฮอร์น ใบเตย | D40: กล่อง | E40: =+'1'!J40 -> 6 | F40: 5 | G40: =E40+F40 -> 11 | H40: 0 | I40: 0 | J40: =+G40-H40-K40-I40 -> 9 | K40: 2 | L40: 50 | M40: =+L40*K40 -> 100 | N40: - | P40: =SUM(M40-O40) -> 100 | Q40: 27.12 | R40: =+K40*Q40 -> 54.24
A41: 37 | B41: 8857125000598 | C41: ครีมฮอร์น ช็อคโกแลต | D41: กล่อง | E41: =+'1'!J41 -> 10 | F41: 5 | G41: =E41+F41 -> 15 | H41: 0 | I41: 0 | J41: =+G41-H41-K41-I41 -> 11 | K41: 4 | L41: 50 | M41: =+L41*K41 -> 200 | N41: - | P41: =SUM(M41-O41) -> 200 | Q41: 15.42 | R41: =+K41*Q41 -> 61.68
A42: 38 | B42: 8857125004015 | C42: ครีมฮอร์นเนยสดฝอยทอง วนิลา | D42: กล่อง | E42: =+'1'!J42 -> 4 | G42: =E42+F42 -> 4 | H42: 0 | I42: 0 | J42: =+G42-H42-K42-I42 -> 4 | L42: 25 | M42: =+L42*K42 -> 0 | N42: - | P42: =SUM(M42-O42) -> 0 | R42: =+K42*Q42 -> 0
A43: 39 | B43: 8857125004022 | C43: ครีมฮอร์นเนยสดฝอยทอง ใบเตย | D43: กล่อง | E43: =+'1'!J43 -> 3 | G43: =E43+F43 -> 3 | H43: 0 | I43: 0 | J43: =+G43-H43-K43-I43 -> 2 | K43: 1 | L43: 65 | M43: =+L43*K43 -> 65 | N43: - | P43: =SUM(M43-O43) -> 65 | R43: =+K43*Q43 -> 0
A44: 40 | B44: 8857125004411 | C44: ครีมฮอร์นเนยสดฝอยทอง ช็อกโกแลต | D44: กล่อง | E44: =+'1'!J44 -> 4 | G44: =E44+F44 -> 4 | H44: 0 | I44: 0 | J44: =+G44-H44-K44-I44 -> 3 | K44: 1 | L44: 65 | M44: =+L44*K44 -> 65 | N44: - | P44: =SUM(M44-O44) -> 65 | R44: =+K44*Q44 -> 0
A45: 41 | B45: 20055115 | C45: ครีมฮอร์นคิทแคท 70g. | D45: กล่อง | E45: =+'1'!J45 -> 0 | G45: =E45+F45 -> 0 | H45: 0 | I45: 0 | J45: =+G45-H45-K45-I45 -> 0 | L45: 35 | M45: =+L45*K45 -> 0 | N45: - | P45: =SUM(M45-O45) -> 0
A46: 42 | B46: 8857125000420 | C46: เค้กเบาหวิว รสกล้วยหอมหน้ามะพร้าวเผา 110 กรัม | D46: กล่อง | E46: =+'1'!J46 -> 0 | F46: 10 | G46: =E46+F46 -> 10 | H46: 0 | I46: 0 | J46: =+G46-H46-K46-I46 -> 8 | K46: 2 | L46: 50 | M46: =+L46*K46 -> 100 | N46: - | P46: =SUM(M46-O46) -> 100 | Q46: 19.05 | R46: =+K46*Q46 -> 38.1
A47: 43 | B47: 8857125001175 | C47: เค้กเบาหวิว เผือกมะพร้าวอ่อน110 กรัม | D47: กล่อง | E47: =+'1'!J47 -> 0 | F47: 10 | G47: =E47+F47 -> 10 | H47: 0 | I47: 0 | J47: =+G47-H47-K47-I47 -> 7 | K47: 3 | L47: 50 | M47: =+L47*K47 -> 150 | N47: - | P47: =SUM(M47-O47) -> 150 | Q47: 19.21 | R47: =+K47*Q47 -> 57.63
A48: 44 | B48: 8857125000154 | C48: เค้กเบาหวิว รสมะพร้าวน้ำหอม 110 กรัม | D48: กล่อง | E48: =+'1'!J48 -> 0 | F48: 10 | G48: =E48+F48 -> 10 | H48: 0 | I48: 0 | J48: =+G48-H48-K48-I48 -> 6 | K48: 4 | L48: 50 | M48: =+L48*K48 -> 200 | N48: - | P48: =SUM(M48-O48) -> 200 | Q48: 18.88 | R48: =+K48*Q48 -> 75.52
A49: 45 | B49: 8857125000192 | C49: เค้กเบาหวิว รสกาแฟ 110 กรัม | D49: กล่อง | E49: =+'1'!J49 -> 0 | F49: 10 | G49: =E49+F49 -> 10 | H49: 0 | I49: 0 | J49: =+G49-H49-K49-I49 -> 8 | K49: 2 | L49: 50 | M49: =+L49*K49 -> 100 | N49: - | P49: =SUM(M49-O49) -> 100 | Q49: 20.43 | R49: =+K49*Q49 -> 40.86
A50: 46 | B50: 8857125000185 | C50: เค้กเบาหวิว รสเนยนม 110 กรัม | D50: กล่อง | E50: =+'1'!J50 -> 0 | F50: 10 | G50: =E50+F50 -> 10 | H50: 0 | I50: 0 | J50: =+G50-H50-K50-I50 -> 10 | L50: 50 | M50: =+L50*K50 -> 0 | N50: - | P50: =SUM(M50-O50) -> 0 | Q50: 21.81 | R50: =+K50*Q50 -> 0
A51: 47 | B51: 8857125000161 | C51: เค้กเบาหวิว รสตาลหอม 110 กรัม | D51: กล่อง | E51: =+'1'!J51 -> 2 | F51: 10 | G51: =E51+F51 -> 12 | H51: 0 | I51: 0 | J51: =+G51-H51-K51-I51 -> 8 | K51: 4 | L51: 50 | M51: =+L51*K51 -> 200 | N51: - | P51: =SUM(M51-O51) -> 200 | Q51: 14.65 | R51: =+K51*Q51 -> 58.6
A52: 48 | B52: 8857125001007 | C52: เค้กเบาหวิว รสเตยหอม 110 กรัม | D52: กล่อง | E52: =+'1'!J52 -> 0 | G52: =E52+F52 -> 0 | H52: 0 | I52: 0 | J52: =+G52-H52-K52-I52 -> 0 | L52: 50 | M52: =+L52*K52 -> 0 | N52: - | P52: =SUM(M52-O52) -> 0 | Q52: 18.36 | R52: =+K52*Q52 -> 0
A53: 49 | B53: 8857125000765 | C53: เค้กเบาหวิว หน้าฝอยทอง 110 กรัม | D53: กล่อง | E53: =+'1'!J53 -> 0 | F53: 10 | G53: =E53+F53 -> 10 | H53: 0 | I53: 0 | J53: =+G53-H53-K53-I53 -> 6 | K53: 4 | L53: 50 | M53: =+L53*K53 -> 200 | N53: - | P53: =SUM(M53-O53) -> 200 | Q53: 17.53 | R53: =+K53*Q53 -> 70.12
A54: 50 | B54: 8857125000871 | C54: เค้กเบาหวิว รสทุเรียน 110 กรัม | D54: กล่อง | E54: =+'1'!J54 -> 0 | G54: =E54+F54 -> 0 | H54: 0 | I54: 0 | J54: =+G54-H54-K54-I54 -> 0 | L54: 50 | M54: =+L54*K54 -> 0 | N54: - | P54: =SUM(M54-O54) -> 0 | Q54: 14.38 | R54: =+K54*Q54 -> 0
A55: 51 | B55: 8857125000017 | C55: เค้กเบาหวิว รสกล้วยหอมหน้ามะพร้าวเผา 300 กรัม | D55: กล่อง | E55: =+'1'!J55 -> 5 | F55: 1 | G55: =E55+F55 -> 6 | H55: 0 | I55: 0 | J55: =+G55-H55-K55-I55 -> 6 | L55: 120 | M55: =+L55*K55 -> 0 | N55: - | P55: =SUM(M55-O55) -> 0 | Q55: 29.34 | R55: =+K55*Q55 -> 0
A56: 52 | B56: 8857125000260 | C56: เค้กเบาหวิว รสเผือกหน้ามะพร้าวเผา 300 กรัม | D56: กล่อง | E56: =+'1'!J56 -> 5 | F56: 1 | G56: =E56+F56 -> 6 | H56: 0 | I56: 0 | J56: =+G56-H56-K56-I56 -> 6 | L56: 120 | M56: =+L56*K56 -> 0 | N56: - | P56: =SUM(M56-O56) -> 0 | Q56: 33.41 | R56: =+K56*Q56 -> 0
A57: 53 | B57: 8857125000116 | C57: เค้กเบาหวิว รสมะพร้าวน้ำหอม 300 กรัม | D57: กล่อง | E57: =+'1'!J57 -> 2 | F57: 1 | G57: =E57+F57 -> 3 | H57: 0 | I57: 0 | J57: =+G57-H57-K57-I57 -> 3 | L57: 120 | M57: =+L57*K57 -> 0 | N57: - | P57: =SUM(M57-O57) -> 0 | Q57: 31.46 | R57: =+K57*Q57 -> 0
A58: 54 | B58: 8857125000123 | C58: เค้กเบาหวิว รสกาแฟ 300 กรัม | D58: กล่อง | E58: =+'1'!J58 -> 5 | G58: =E58+F58 -> 5 | H58: 0 | I58: 0 | J58: =+G58-H58-K58-I58 -> 5 | L58: 120 | M58: =+L58*K58 -> 0 | N58: - | P58: =SUM(M58-O58) -> 0 | Q58: 34.56 | R58: =+K58*Q58 -> 0
A59: 55 | B59: 8857125000093 | C59: เค้กเบาหวิว รสเนยนม 300 กรัม | D59: กล่อง | E59: =+'1'!J59 -> 3 | G59: =E59+F59 -> 3 | H59: 0 | I59: 0 | J59: =+G59-H59-K59-I59 -> 3 | L59: 120 | M59: =+L59*K59 -> 0 | N59: - | P59: =SUM(M59-O59) -> 0 | Q59: 32.96 | R59: =+K59*Q59 -> 0
A60: 56 | B60: 8857125000314 | C60: เค้กเบาหวิว รสตาลหอม 300 กรัม | D60: กล่อง | E60: =+'1'!J60 -> 0 | F60: 1 | G60: =E60+F60 -> 1 | H60: 0 | I60: 0 | J60: =+G60-H60-K60-I60 -> 1 | L60: 120 | M60: =+L60*K60 -> 0 | N60: - | P60: =SUM(M60-O60) -> 0 | Q60: 27.25 | R60: =+K60*Q60 -> 0
A61: 57 | B61: 8857125000109 | C61: เค้กเบาหวิว รสเตยหอม 300 กรัม | D61: กล่อง | E61: =+'1'!J61 -> 0 | G61: =E61+F61 -> 0 | H61: 0 | I61: 0 | J61: =+G61-H61-K61-I61 -> 0 | L61: 120 | M61: =+L61*K61 -> 0 | N61: - | P61: =SUM(M61-O61) -> 0 | Q61: 24.82 | R61: =+K61*Q61 -> 0
A62: 58 | B62: 8857125000451 | C62: เค้กเบาหวิว หน้าฝอยทอง 300 กรัม | D62: กล่อง | E62: =+'1'!J62 -> 2 | F62: 1 | G62: =E62+F62 -> 3 | H62: 0 | I62: 0 | J62: =+G62-H62-K62-I62 -> 3 | L62: 120 | M62: =+L62*K62 -> 0 | N62: - | P62: =SUM(M62-O62) -> 0 | Q62: 29.82 | R62: =+K62*Q62 -> 0
A63: 59 | B63: 1112018 | C63: เค้กเบาหวิว รสทุเรียน 300 กรัม | D63: กล่อง | E63: =+'1'!J63 -> 0 | G63: =E63+F63 -> 0 | H63: 0 | I63: 0 | J63: =+G63-H63-K63-I63 -> 0 | L63: 120 | M63: =+L63*K63 -> 0 | N63: - | P63: =SUM(M63-O63) -> 0 | Q63: 27.72 | R63: =+K63*Q63 -> 0
A64: 60 | B64: 8857125003711 | C64: เค้กโบราณรวมรส 4 ชิ้น | D64: กล่อง | E64: =+'1'!J64 -> 2 | F64: 5 | G64: =E64+F64 -> 7 | H64: 0 | I64: 0 | J64: =+G64-H64-K64-I64 -> 7 | L64: 50 | M64: =+L64*K64 -> 0 | N64: - | P64: =SUM(M64-O64) -> 0 | Q64: 23.69 | R64: =+K64*Q64 -> 0
A65: 61 | B65: 8857125000215 | C65: เค้กโบราณครีม 4 ชิ้น | D65: กล่อง | E65: =+'1'!J65 -> 4 | F65: 5 | G65: =E65+F65 -> 9 | H65: 0 | I65: 1 | J65: =+G65-H65-K65-I65 -> 4 | K65: 4 | L65: 50 | M65: =+L65*K65 -> 200 | N65: - | P65: =SUM(M65-O65) -> 200 | Q65: 22.49 | R65: =+K65*Q65 -> 89.96
A66: 62 | B66: 8857125003704 | C66: เค้กโบราณผลไม้ 4 ชิ้น | D66: กล่อง | E66: =+'1'!J66 -> 4 | F66: 5 | G66: =E66+F66 -> 9 | H66: 0 | I66: 1 | J66: =+G66-H66-K66-I66 -> 7 | K66: 1 | L66: 50 | M66: =+L66*K66 -> 50 | N66: - | P66: =SUM(M66-O66) -> 50 | Q66: 23.12 | R66: =+K66*Q66 -> 23.12
A67: 63 | B67: 8857126455021 | C67: NP เค้กโบราณครีม 6 ชิ้น | D67: กล่อง | E67: =+'1'!J67 -> 0 | G67: =E67+F67 -> 0 | H67: 0 | I67: 0 | J67: =+G67-H67-K67-I67 -> 0 | L67: 70 | M67: =+L67*K67 -> 0 | N67: - | P67: =SUM(M67-O67) -> 0 | R67: =+K67*Q67 -> 0
A68: 64 | B68: 8857126455038 | C68: NP เเค้กโบราณผลไม้ 6 ชิ้น | D68: กล่อง | E68: =+'1'!J68 -> 0 | G68: =E68+F68 -> 0 | H68: 0 | I68: 0 | J68: =+G68-H68-K68-I68 -> 0 | L68: 80 | M68: =+L68*K68 -> 0 | N68: - | P68: =SUM(M68-O68) -> 0 | R68: =+K68*Q68 -> 0
A69: 65 | B69: 2566110401 | C69: เค้กโบราณรวมรส 12 ชิ้น | D69: กล่อง | E69: =+'1'!J69 -> 3 | G69: =E69+F69 -> 3 | H69: 0 | I69: 0 | J69: =+G69-H69-K69-I69 -> 3 | L69: 150 | M69: =+L69*K69 -> 0 | N69: - | P69: =SUM(M69-O69) -> 0 | Q69: 67.79 | R69: =+K69*Q69 -> 0
A70: 66 | B70: 2566110402 | C70: เค้กโบราณครีม 12 ชิ้น | D70: กล่อง | E70: =+'1'!J70 -> 2 | G70: =E70+F70 -> 2 | H70: 0 | I70: 0 | J70: =+G70-H70-K70-I70 -> 2 | L70: 150 | M70: =+L70*K70 -> 0 | N70: - | P70: =SUM(M70-O70) -> 0 | Q70: 68.37 | R70: =+K70*Q70 -> 0
A71: 67 | B71: 8857125000819 | C71: เค้กโบราณผลไม้ 12 ชิ้น | D71: กล่อง | E71: =+'1'!J71 -> 2 | G71: =E71+F71 -> 2 | H71: 0 | I71: 0 | J71: =+G71-H71-K71-I71 -> 2 | L71: 150 | M71: =+L71*K71 -> 0 | N71: - | P71: =SUM(M71-O71) -> 0 | Q71: 67.17 | R71: =+K71*Q71 -> 0
A72: 68 | B72: 8857125001304 | C72: เค้กลาวา ฝอยทอง เล็ก | D72: ชิ้น | E72: =+'1'!J72 -> 5 | G72: =E72+F72 -> 5 | H72: 0 | I72: 0 | J72: =+G72-H72-K72-I72 -> 3 | K72: 2 | L72: 50 | M72: =+L72*K72 -> 100 | N72: - | P72: =SUM(M72-O72) -> 100 | R72: =+K72*Q72 -> 0
A73: 69 | B73: 8857125003742 | C73: เค้กลาวา ฝอยทอง ใหญ่ | D73: ชิ้น | E73: =+'1'!J73 -> 0 | G73: =E73+F73 -> 0 | H73: 0 | I73: 0 | J73: =+G73-H73-K73-I73 -> 0 | L73: 120 | M73: =+L73*K73 -> 0 | N73: - | P73: =SUM(M73-O73) -> 0 | R73: =+K73*Q73 -> 0
A74: 70 | B74: 8857125003728 | C74: เค้กลาวา ฝอยทองทูโทน เล็ก | D74: กล่อง | E74: =+'1'!J74 -> 1 | F74: 5 | G74: =E74+F74 -> 6 | H74: 0 | I74: 0 | J74: =+G74-H74-K74-I74 -> 1 | K74: 5 | L74: 50 | M74: =+L74*K74 -> 250 | N74: - | P74: =SUM(M74-O74) -> 250 | Q74: 17.09 | R74: =+K74*Q74 -> 85.45
A75: 71 | B75: 8857125003735 | C75: เค้กลาวา ฝอยทองทูโทน ใหญ่ | D75: ชิ้น | E75: =+'1'!J75 -> 0 | G75: =E75+F75 -> 0 | H75: 0 | I75: 0 | J75: =+G75-H75-K75-I75 -> 0 | L75: 120 | M75: =+L75*K75 -> 0 | N75: - | P75: =SUM(M75-O75) -> 0
A76: 72 | B76: 8857125000567 | C76: เอแคลร์นมสด 6 ชิ้น | D76: กล่อง | E76: =+'1'!J76 -> 0 | G76: =E76+F76 -> 0 | H76: 0 | I76: 0 | J76: =+G76-H76-K76-I76 -> 0 | L76: 39 | M76: =+L76*K76 -> 0 | N76: - | P76: =SUM(M76-O76) -> 0 | R76: =+K76*Q76 -> 0
A77: 73 | B77: 8857125000147 | C77: เอแคลร์นมสด 8 ชิ้น | D77: กล่อง | E77: =+'1'!J77 -> 6 | F77: 20 | G77: =E77+F77 -> 26 | H77: 0 | I77: 0 | J77: =+G77-H77-K77-I77 -> 25 | K77: 1 | L77: 50 | M77: =+L77*K77 -> 50 | N77: - | P77: =SUM(M77-O77) -> 50 | Q77: 17.33 | R77: =+K77*Q77 -> 17.33
A78: 74 | B78: 8857125004251 | C78: เอแคลร์คิทแคท 55g. | D78: กล่อง | E78: =+'1'!J78 -> 0 | G78: =E78+F78 -> 0 | H78: 0 | I78: 0 | J78: =+G78-H78-K78-I78 -> 0 | L78: 45 | M78: =+L78*K78 -> 0 | N78: - | P78: =SUM(M78-O78) -> 0 | R78: =+K78*Q78 -> 0
A79: 75 | B79: 20056257 | C79: เอแคลร์ชาไทย 125g. | D79: กล่อง | E79: =+'1'!J79 -> 2 | G79: =E79+F79 -> 2 | H79: 0 | I79: 0 | J79: =+G79-H79-K79-I79 -> 0 | K79: 2 | L79: 35 | M79: =+L79*K79 -> 70 | N79: - | P79: =SUM(M79-O79) -> 70 | R79: =+K79*Q79 -> 0
A80: 76 | B80: 8857125000499 | C80: ซอฟ์ทเค้กช็อคโกแลตหน้านิ่ม | D80: กล่อง | E80: =+'1'!J80 -> 3 | F80: 5 | G80: =E80+F80 -> 8 | H80: 0 | I80: 0 | J80: =+G80-H80-K80-I80 -> 8 | L80: 55 | M80: =+L80*K80 -> 0 | N80: - | P80: =SUM(M80-O80) -> 0 | Q80: 14.35 | R80: =+K80*Q80 -> 0
A81: 77 | B81: 8857125000475 | C81: ซอฟ์ทเค้กมะพร้าวนมสดหน้านิ่ม | D81: กล่อง | E81: =+'1'!J81 -> 5 | G81: =E81+F81 -> 5 | H81: 0 | I81: 0 | J81: =+G81-H81-K81-I81 -> 5 | L81: 55 | M81: =+L81*K81 -> 0 | N81: - | P81: =SUM(M81-O81) -> 0 | Q81: 11.58 | R81: =+K81*Q81 -> 0
A82: 78 | B82: 8857125004213 | C82: ซอฟท์เค้กฝอยทองหน้านิ่ม | D82: ชิ้น | E82: =+'1'!J82 -> 0 | G82: =E82+F82 -> 0 | H82: 0 | I82: 0 | J82: =+G82-H82-K82-I82 -> 0 | L82: 55 | M82: =+L82*K82 -> 0 | N82: - | P82: =SUM(M82-O82) -> 0 | R82: =+K82*Q82 -> 0
A83: 79 | B83: 8857125000468 | C83: เครปโรลฝอยทอง วนิลา | D83: กล่อง | E83: =+'1'!J83 -> 4 | G83: =E83+F83 -> 4 | H83: 0 | I83: 0 | J83: =+G83-H83-K83-I83 -> 4 | L83: 50 | M83: =+L83*K83 -> 0 | N83: - | P83: =SUM(M83-O83) -> 0 | Q83: 18.14 | R83: =+K83*Q83 -> 0
A84: 80 | B84: 8857125000857 | C84: เครปโรลฝอยทอง ใบเตย | D84: กล่อง | E84: =+'1'!J84 -> 4 | G84: =E84+F84 -> 4 | H84: 0 | I84: 0 | J84: =+G84-H84-K84-I84 -> 3 | K84: 1 | L84: 50 | M84: =+L84*K84 -> 50 | N84: - | P84: =SUM(M84-O84) -> 50 | Q84: 12.94 | R84: =+K84*Q84 -> 12.94
A85: 81 | B85: 20054638 | C85: เครปเค้กคิทแคท 65g. | D85: กล่อง | E85: =+'1'!J85 -> 0 | G85: =E85+F85 -> 0 | H85: 0 | I85: 0 | J85: =+G85-H85-K85-I85 -> 0 | L85: 35 | M85: =+L85*K85 -> 0 | N85: - | P85: =SUM(M85-O85) -> 0 | R85: =+K85*Q85 -> 0
A86: 82 | B86: 8857125004091 | C86: ชูครีมไส้ครีมนมฮอกไกโด 60 กรัม | D86: กล่อง | E86: =+'1'!J86 -> 0 | G86: =E86+F86 -> 0 | H86: 0 | I86: 0 | J86: =+G86-H86-K86-I86 -> 0 | L86: 35 | M86: =+L86*K86 -> 0 | N86: - | P86: =SUM(M86-O86) -> 0 | R86: =+K86*Q86 -> 0
A87: 83 | B87: 1300015 | C87: ทิรามิสุ 80 กรัม | D87: กล่อง | E87: =+'1'!J87 -> 0 | F87: 84 | G87: =E87+F87 -> 84 | H87: 0 | I87: 0 | J87: =+G87-H87-K87-I87 -> 67 | K87: 17 | L87: 45 | M87: =+L87*K87 -> 765 | N87: ขาย 35 บาท = 3 ชิ้น 100 | O87: =765-595 -> 170 | P87: =SUM(M87-O87) -> 595 | R87: =+K87*Q87 -> 0
A88: 84 | B88: 1300016 | C88: มะม่วงครีมชีทครัมเบิ้ล 145 กรัม | D88: กล่อง | E88: =+'1'!J88 -> 0 | F88: 29 | G88: =E88+F88 -> 29 | H88: 0 | I88: 0 | J88: =+G88-H88-K88-I88 -> 22 | K88: 7 | L88: 49 | M88: =+L88*K88 -> 343 | N88: ขาย 35 บาท = 3 ชิ้น 100 | O88: =343-245 -> 98 | P88: =SUM(M88-O88) -> 245 | R88: =+K88*Q88 -> 0
A89: 85 | B89: 20057017 | C89: มะม่วงชีสพาย 145g. | D89: กล่อง | E89: =+'1'!J89 -> 0 | G89: =E89+F89 -> 0 | H89: 0 | I89: 0 | J89: =+G89-H89-K89-I89 -> 0 | L89: 35 | M89: =+L89*K89 -> 0 | N89: - | P89: =SUM(M89-O89) -> 0 | R89: =+K89*Q89 -> 0
A90: 86 | B90: 8857125004558 | C90: เลเยอร์เค้กใบเตย 100 กรัม | D90: กล่อง | E90: =+'1'!J90 -> 0 | G90: =E90+F90 -> 0 | H90: 0 | I90: 0 | J90: =+G90-H90-K90-I90 -> 0 | L90: 35 | M90: =+L90*K90 -> 0 | N90: - | P90: =SUM(M90-O90) -> 0 | R90: =+K90*Q90 -> 0
A91: 87 | B91: 1006979 | C91: คัพเค้กไส้คัสตาร์ด | D91: กล่อง | E91: =+'1'!J91 -> 0 | G91: =E91+F91 -> 0 | H91: 0 | I91: 0 | J91: =+G91-H91-K91-I91 -> 0 | L91: 45 | M91: =+L91*K91 -> 0 | N91: - | P91: =SUM(M91-O91) -> 0 | R91: =+K91*Q91 -> 0
A92: 88 | B92: 1300005 | C92: เค้กมะพร้าวลาวา 85 กรัม | D92: กล่อง | E92: =+'1'!J92 -> 0 | G92: =E92+F92 -> 0 | H92: 0 | I92: 0 | J92: =+G92-H92-K92-I92 -> 0 | L92: 45 | M92: =+L92*K92 -> 0 | N92: - | P92: =SUM(M92-O92) -> 0 | R92: =+K92*Q92 -> 0
A93: 89 | B93: 8857125004220 | C93: เค้กลอดช่อง 85 กรัม | D93: กล่อง | E93: =+'1'!J93 -> 19 | G93: =E93+F93 -> 19 | H93: 0 | I93: 0 | J93: =+G93-H93-K93-I93 -> 4 | K93: 15 | L93: 35 | M93: =+L93*K93 -> 525 | N93: - | P93: =SUM(M93-O93) -> 525 | R93: =+K93*Q93 -> 0
A94: 90 | B94: 1113178 | C94: เค้กลอดช่องกล่องกลม 1 ปอนด์ 265 กรัม | D94: กล่อง | E94: =+'1'!J94 -> 0 | G94: =E94+F94 -> 0 | H94: 0 | I94: 0 | J94: =+G94-H94-K94-I94 -> 0 | N94: - | P94: =SUM(M94-O94) -> 0
A95: 91 | B95: 1113179 | C95: เค้กลอดช่องกล่องกลม 2 ปอนด์ 325 กรัม | D95: กล่อง | E95: =+'1'!J95 -> 0 | G95: =E95+F95 -> 0 | H95: 0 | I95: 0 | J95: =+G95-H95-K95-I95 -> 0 | L95: 120 | M95: =+L95*K95 -> 0 | N95: - | P95: =SUM(M95-O95) -> 0 | R95: =+K95*Q95 -> 0
A96: 92 | B96: 8857125004275 | C96: เค้กทุเรียน 90 กรัม | D96: กล่อง | E96: =+'1'!J96 -> 38 | G96: =E96+F96 -> 38 | H96: 0 | I96: 0 | J96: =+G96-H96-K96-I96 -> 30 | K96: 8 | L96: 45 | M96: =+L96*K96 -> 360 | N96: ขาย 35 บาท = 3 ชิ้น 100 | O96: =360-280 -> 80 | P96: =SUM(M96-O96) -> 280 | R96: =+K96*Q96 -> 0
A97: 93 | B97: 20055951 | C97: เค้กบัวลอยมะพร้าวอ่อน 100 กรัม | D97: กล่อง | E97: =+'1'!J97 -> 0 | G97: =E97+F97 -> 0 | H97: 0 | I97: 0 | J97: =+G97-H97-K97-I97 -> 0 | L97: 35 | M97: =+L97*K97 -> 0 | N97: - | P97: =SUM(M97-O97) -> 0 | R97: =+K97*Q97 -> 0
A98: 94 | B98: 1113191 | C98: เค้กตะโก้เผือกหอม 120 กรัม | D98: กล่อง | E98: =+'1'!J98 -> 0 | G98: =E98+F98 -> 0 | H98: 0 | I98: 0 | J98: =+G98-H98-K98-I98 -> 0 | L98: 35 | M98: =+L98*K98 -> 0 | N98: - | P98: =SUM(M98-O98) -> 0 | Q98: 15.4 | R98: =+K98*Q98 -> 0
A99: 95 | B99: 8859849001189 | C99: เค้กกล้วยหอมชีท | D99: ชิ้น | E99: =+'1'!J99 -> 8 | F99: 10 | G99: =E99+F99 -> 18 | H99: 0 | I99: 0 | J99: =+G99-H99-K99-I99 -> 13 | K99: 5 | L99: 45 | M99: =+L99*K99 -> 225 | N99: - | P99: =SUM(M99-O99) -> 225 | R99: =+K99*Q99 -> 0
A100: 96 | B100: 859849001165 | C100: เค้กข้าวเหนียวเปียกลำใย 120 กรัม | D100: กล่อง | E100: =+'1'!J100 -> 0 | G100: =E100+F100 -> 0 | H100: 0 | I100: 0 | J100: =+G100-H100-K100-I100 -> 0 | L100: 35 | M100: =+L100*K100 -> 0 | N100: - | P100: =SUM(M100-O100) -> 0 | R100: =+K100*Q100 -> 0
A101: 97 | B101: 8859849001172 | C101: เค้กข้าวหลามมะพร้าวอ่อน 100 กรัม | D101: กล่อง | E101: =+'1'!J101 -> 0 | G101: =E101+F101 -> 0 | H101: 0 | I101: 0 | J101: =+G101-H101-K101-I101 -> 0 | L101: 35 | M101: =+L101*K101 -> 0 | N101: - | P101: =SUM(M101-O101) -> 0 | R101: =+K101*Q101 -> 0
...

Sheet 3
A2: บูธ EVENT งานเกษตรแฟร์กำแพงแสน 30 พ.ย. 67 - 10 ธ.ค. 67
A3: ลำดับ | B3: รหัสสินค้า (POS) | C3: รายการ | D3: หน่วย | E3: ยกมา | F3: รับ | G3: รวม | H3: เปลี่ยน/ | I3: โยกย้าย / ระบาย | J3: คงเหลือ | K3: รายการขาย | N3: หมายเหตุ | O3: ส่วนลด | Q3: ราคาต้นทุน | R3: ยอดรวมต้นทุนสินค้า
H4: คืน/เสีย | K4: จำนวน | L4: @ | M4: เป็นเงิน
A5: 1 | B5: 8857125001328 | C5: ชิฟฟ่อนเค้ก รวมรส (4 ชิ้น) | D5: กล่อง | E5: =+'2'!J5 -> 45 | G5: =E5+F5 -> 45 | H5: 0 | I5: 0 | J5: =+G5-H5-K5-I5 -> 39 | K5: 6 | L5: 50 | M5: =+L5*K5 -> 300 | N5: - | P5: =SUM(M5-O5) -> 300 | Q5: 22.48 | R5: =+K5*Q5 -> 134.88
A6: 2 | B6: 8857125001311 | C6: ชิฟฟ่อนเค้ก รวมรส (8 ชิ้น) | D6: กล่อง | E6: =+'2'!J6 -> 87 | G6: =E6+F6 -> 87 | H6: 0 | I6: 2 | J6: =+G6-H6-K6-I6 -> 68 | K6: 17 | L6: 100 | M6: =+L6*K6 -> 1700 | N6: - | P6: =SUM(M6-O6) -> 1700 | Q6: 39.29 | R6: =+K6*Q6 -> 667.93
A7: 3 | B7: 8857125003841 | C7: ชิฟฟ่อนเค้ก รสกาแฟ (4 ชิ้น) | D7: ชิ้น | E7: =+'2'!J7 -> 0 | G7: =E7+F7 -> 0 | H7: 0 | I7: 0 | J7: =+G7-H7-K7-I7 -> 0 | L7: 50 | M7: =+L7*K7 -> 0 | N7: - | P7: =SUM(M7-O7) -> 0 | Q7: 26.11 | R7: =+K7*Q7 -> 0
A8: 4 | B8: 8857125003827 | C8: ชิฟฟ่อนเค้ก รสกาแฟ (8 ชิ้น) | D8: กล่อง | E8: =+'2'!J8 -> 0 | G8: =E8+F8 -> 0 | H8: 0 | I8: 0 | J8: =+G8-H8-K8-I8 -> 0 | L8: 100 | M8: =+L8*K8 -> 0 | N8: - | P8: =SUM(M8-O8) -> 0 | Q8: 33.89 | R8: =+K8*Q8 -> 0
A9: 5 | B9: 8857125002257 | C9: ชิฟฟ่อนเค้ก 1 ชิ้น | D9: ชิ้น | E9: =+'2'!J9 -> 0 | G9: =E9+F9 -> 0 | H9: 0 | I9: 0 | J9: =+G9-H9-K9-I9 -> 0 | L9: 10 | M9: =+L9*K9 -> 0 | N9: - | P9: =SUM(M9-O9) -> 0 | R9: =+K9*Q9 -> 0
A10: 6 | B10: 8857125002264 | C10: ชิฟฟ่อนเค้กสอดไส้แยม 1 ชิ้น | D10: ชิ้น | E10: =+'2'!J10 -> 0 | G10: =E10+F10 -> 0 | H10: 0 | I10: 0 | J10: =+G10-H10-K10-I10 -> 0 | L10: 15 | M10: =+L10*K10 -> 0 | N10: - | P10: =SUM(M10-O10) -> 0 | R10: =+K10*Q10 -> 0
A11: 7 | B11: 8857125001830 | C11: ชิฟฟ่อนเค้กสอดไส้ รวมรส (3 ชิ้น) | D11: กล่อง | E11: =+'2'!J11 -> 16 | G11: =E11+F11 -> 16 | H11: 0 | I11: 0 | J11: =+G11-H11-K11-I11 -> 10 | K11: 6 | L11: 50 | M11: =+L11*K11 -> 300 | N11: - | P11: =SUM(M11-O11) -> 300 | Q11: 16.94 | R11: =+K11*Q11 -> 101.64
A12: 8 | B12: 1112539 | C12: ชิฟฟ่อนเค้กสอดไส้ เมล่อน (3 ชิ้น) | D12: กล่อง | E12: =+'2'!J12 -> 0 | G12: =E12+F12 -> 0 | H12: 0 | I12: 0 | J12: =+G12-H12-K12-I12 -> 0 | L12: 50 | M12: =+L12*K12 -> 0 | N12: - | P12: =SUM(M12-O12) -> 0 | R12: =+K12*Q12 -> 0
A13: 9 | B13: 8857125000055 | C13: ชิฟฟ่อนเค้กสอดไส้แยม รสบลูเบอร์รี่ (3 ชิ้น) | D13: กล่อง | E13: =+'2'!J13 -> 0 | G13: =E13+F13 -> 0 | H13: 0 | I13: 0 | J13: =+G13-H13-K13-I13 -> 0 | L13: 50 | M13: =+L13*K13 -> 0 | N13: - | P13: =SUM(M13-O13) -> 0 | Q13: 17.32 | R13: =+K13*Q13 -> 0
