Workbook

Sheet สรุป
A2: สรุป บูธ วัดใหม่สุปดิษฐาราม วันที่ 1-31/5/2567
A3: ลำดับ | B3: รายการ | C3: ยกมา | D3: รับ | E3: รวม | F3: เปลี่ยน/ | G3: คงเหลือ | H3: รายการขาย | K3: หมายเหตุ | L3: วันที่ | M3: ยอดเงิน | N3: ส่วนลด | O3: สแกนใช้สิทธิ์ | P3: ค่าโอนเงิน | Q3: ค่าใช้จ่ายอื่นๆ | R3: โอนหน้าร้าน | S3: รับสุทธิ | T3: ยอดโอนเงิน | U3: โอนเกิน/โอนขาด
F4: คืน/เสีย | H4: จำนวน | I4: @ | J4: เป็นเงิน
A5: 1 | B5: ปังเนยนิ่ม 3 ชิ้น | C5: =+ยกมา!C4 -> -1 | D5: =+'1'!D4+'2'!D4+'3'!D4+'4'!D4+'5'!D4+'6'!D4+'7'!D4+'8'!D4+'9'!D4+'10'!D4+'11'!D4+'12'!D4+'13'!D4+'14'!D4+'15'!D4+'16'!D4+'17'!D4+'18'!D4+'19'!D4+'20'!D4+'21'!D4+'22'!D4+'23'!D4+'24'!D4+'25'!D4+'26'!D4+'27'!D4+'28'!D4+'29'!D4+'30'!D4+'31'!D4 -> 20 | E5: =+C5+D5 -> 19 | F5: =+'1'!F4+'2'!F4+'3'!F4+'4'!F4+'5'!F4+'6'!F4+'7'!F4+'8'!F4+'9'!F4+'10'!F4+'11'!F4+'12'!F4+'13'!F4+'14'!F4+'15'!F4+'16'!F4+'17'!F4+'18'!F4+'19'!F4+'20'!F4+'21'!F4+'22'!F4+'23'!F4+'24'!F4+'25'!F4+'26'!F4+'27'!F4+'28'!F4+'29'!F4+'30'!F4+'31'!F4 -> 0 | G5: =+E5-F5-H5 -> 2 | H5: =+'1'!H4+'2'!H4+'3'!H4+'4'!H4+'5'!H4+'6'!H4+'7'!H4+'8'!H4+'9'!H4+'10'!H4+'11'!H4+'12'!H4+'13'!H4+'14'!H4+'15'!H4+'16'!H4+'17'!H4+'18'!H4+'19'!H4+'20'!H4+'21'!H4+'22'!H4+'23'!H4+'24'!H4+'25'!H4+'26'!H4+'27'!H4+'28'!H4+'29'!H4+'30'!H4+'31'!H4 -> 17 | I5: 55 | J5: =+'1'!J4+'2'!J4+'3'!J4+'4'!J4+'5'!J4+'6'!J4+'7'!J4+'8'!J4+'9'!J4+'10'!J4+'11'!J4+'12'!J4+'13'!J4+'14'!J4+'15'!J4+'16'!J4+'17'!J4+'18'!J4+'19'!J4+'20'!J4+'21'!J4+'22'!J4+'23'!J4+'24'!J4+'25'!J4+'26'!J4+'27'!J4+'28'!J4+'29'!J4+'30'!J4+'31'!J4 -> 855 | L5: 1 | M5: =+'1'!K93 -> 1070 | N5: =+'1'!K98 -> 400 | P5: =+'1'!K94 -> 0 | Q5: =+'1'!K97 -> 0 | R5: =+'1'!K95 -> 0 | S5: =+M5-N5-P5-Q5-R5 -> 670 | T5: =+'1'!K100 -> 670 | U5: =+T5-S5 -> 0
A6: 2 | B6: คอนเฟลก (กระปุก) | C6: =+ยกมา!C5 -> 15 | D6: =+'1'!D5+'2'!D5+'3'!D5+'4'!D5+'5'!D5+'6'!D5+'7'!D5+'8'!D5+'9'!D5+'10'!D5+'11'!D5+'12'!D5+'13'!D5+'14'!D5+'15'!D5+'16'!D5+'17'!D5+'18'!D5+'19'!D5+'20'!D5+'21'!D5+'22'!D5+'23'!D5+'24'!D5+'25'!D5+'26'!D5+'27'!D5+'28'!D5+'29'!D5+'30'!D5+'31'!D5 -> 0 | E6: =+C6+D6 -> 15 | F6: =+'1'!F5+'2'!F5+'3'!F5+'4'!F5+'5'!F5+'6'!F5+'7'!F5+'8'!F5+'9'!F5+'10'!F5+'11'!F5+'12'!F5+'13'!F5+'14'!F5+'15'!F5+'16'!F5+'17'!F5+'18'!F5+'19'!F5+'20'!F5+'21'!F5+'22'!F5+'23'!F5+'24'!F5+'25'!F5+'26'!F5+'27'!F5+'28'!F5+'29'!F5+'30'!F5+'31'!F5 -> 11 | G6: =+E6-F6-H6 -> -1 | H6: =+'1'!H5+'2'!H5+'3'!H5+'4'!H5+'5'!H5+'6'!H5+'7'!H5+'8'!H5+'9'!H5+'10'!H5+'11'!H5+'12'!H5+'13'!H5+'14'!H5+'15'!H5+'16'!H5+'17'!H5+'18'!H5+'19'!H5+'20'!H5+'21'!H5+'22'!H5+'23'!H5+'24'!H5+'25'!H5+'26'!H5+'27'!H5+'28'!H5+'29'!H5+'30'!H5+'31'!H5 -> 5 | I6: 60 | J6: =+'1'!J5+'2'!J5+'3'!J5+'4'!J5+'5'!J5+'6'!J5+'7'!J5+'8'!J5+'9'!J5+'10'!J5+'11'!J5+'12'!J5+'13'!J5+'14'!J5+'15'!J5+'16'!J5+'17'!J5+'18'!J5+'19'!J5+'20'!J5+'21'!J5+'22'!J5+'23'!J5+'24'!J5+'25'!J5+'26'!J5+'27'!J5+'28'!J5+'29'!J5+'30'!J5+'31'!J5 -> 300 | L6: 2 | M6: =+'2'!K93 -> 600 | N6: =+'2'!K98 -> 300 | P6: =+'2'!K94 -> 0 | Q6: =+'2'!K97 -> 0 | R6: =+'2'!K95 -> 0 | S6: =+M6-N6-P6-Q6-R6 -> 300 | T6: =+'2'!K100 -> 300 | U6: =+T6-S6 -> 0
A7: 3 | B7: เมอแรงค์ (กระปุก) | C7: =+ยกมา!C6 -> 11 | D7: =+'1'!D6+'2'!D6+'3'!D6+'4'!D6+'5'!D6+'6'!D6+'7'!D6+'8'!D6+'9'!D6+'10'!D6+'11'!D6+'12'!D6+'13'!D6+'14'!D6+'15'!D6+'16'!D6+'17'!D6+'18'!D6+'19'!D6+'20'!D6+'21'!D6+'22'!D6+'23'!D6+'24'!D6+'25'!D6+'26'!D6+'27'!D6+'28'!D6+'29'!D6+'30'!D6+'31'!D6 -> 0 | E7: =+C7+D7 -> 11 | F7: =+'1'!F6+'2'!F6+'3'!F6+'4'!F6+'5'!F6+'6'!F6+'7'!F6+'8'!F6+'9'!F6+'10'!F6+'11'!F6+'12'!F6+'13'!F6+'14'!F6+'15'!F6+'16'!F6+'17'!F6+'18'!F6+'19'!F6+'20'!F6+'21'!F6+'22'!F6+'23'!F6+'24'!F6+'25'!F6+'26'!F6+'27'!F6+'28'!F6+'29'!F6+'30'!F6+'31'!F6 -> 7 | G7: =+E7-F7-H7 -> 3 | H7: =+'1'!H6+'2'!H6+'3'!H6+'4'!H6+'5'!H6+'6'!H6+'7'!H6+'8'!H6+'9'!H6+'10'!H6+'11'!H6+'12'!H6+'13'!H6+'14'!H6+'15'!H6+'16'!H6+'17'!H6+'18'!H6+'19'!H6+'20'!H6+'21'!H6+'22'!H6+'23'!H6+'24'!H6+'25'!H6+'26'!H6+'27'!H6+'28'!H6+'29'!H6+'30'!H6+'31'!H6 -> 1 | I7: 55 | J7: =+'1'!J6+'2'!J6+'3'!J6+'4'!J6+'5'!J6+'6'!J6+'7'!J6+'8'!J6+'9'!J6+'10'!J6+'11'!J6+'12'!J6+'13'!J6+'14'!J6+'15'!J6+'16'!J6+'17'!J6+'18'!J6+'19'!J6+'20'!J6+'21'!J6+'22'!J6+'23'!J6+'24'!J6+'25'!J6+'26'!J6+'27'!J6+'28'!J6+'29'!J6+'30'!J6+'31'!J6 -> 55 | L7: 3 | M7: =+'3'!K93 -> 200 | N7: =+'3'!K98 -> 0 | P7: =+'3'!K94 -> 0 | Q7: =+'3'!K97 -> 0 | R7: =+'3'!K95 -> 0 | S7: =+M7-N7-P7-Q7-R7 -> 200 | T7: =+'3'!K100 -> 200 | U7: =+T7-S7 -> 0
A8: 4 | B8: ท๊อฟฟี่ถั่ว (กระเช้า) | C8: =+ยกมา!C7 -> 26 | D8: =+'1'!D7+'2'!D7+'3'!D7+'4'!D7+'5'!D7+'6'!D7+'7'!D7+'8'!D7+'9'!D7+'10'!D7+'11'!D7+'12'!D7+'13'!D7+'14'!D7+'15'!D7+'16'!D7+'17'!D7+'18'!D7+'19'!D7+'20'!D7+'21'!D7+'22'!D7+'23'!D7+'24'!D7+'25'!D7+'26'!D7+'27'!D7+'28'!D7+'29'!D7+'30'!D7+'31'!D7 -> 0 | E8: =+C8+D8 -> 26 | F8: =+'1'!F7+'2'!F7+'3'!F7+'4'!F7+'5'!F7+'6'!F7+'7'!F7+'8'!F7+'9'!F7+'10'!F7+'11'!F7+'12'!F7+'13'!F7+'14'!F7+'15'!F7+'16'!F7+'17'!F7+'18'!F7+'19'!F7+'20'!F7+'21'!F7+'22'!F7+'23'!F7+'24'!F7+'25'!F7+'26'!F7+'27'!F7+'28'!F7+'29'!F7+'30'!F7+'31'!F7 -> 23 | G8: =+E8-F8-H8 -> 2 | H8: =+'1'!H7+'2'!H7+'3'!H7+'4'!H7+'5'!H7+'6'!H7+'7'!H7+'8'!H7+'9'!H7+'10'!H7+'11'!H7+'12'!H7+'13'!H7+'14'!H7+'15'!H7+'16'!H7+'17'!H7+'18'!H7+'19'!H7+'20'!H7+'21'!H7+'22'!H7+'23'!H7+'24'!H7+'25'!H7+'26'!H7+'27'!H7+'28'!H7+'29'!H7+'30'!H7+'31'!H7 -> 1 | I8: 100 | J8: =+'1'!J7+'2'!J7+'3'!J7+'4'!J7+'5'!J7+'6'!J7+'7'!J7+'8'!J7+'9'!J7+'10'!J7+'11'!J7+'12'!J7+'13'!J7+'14'!J7+'15'!J7+'16'!J7+'17'!J7+'18'!J7+'19'!J7+'20'!J7+'21'!J7+'22'!J7+'23'!J7+'24'!J7+'25'!J7+'26'!J7+'27'!J7+'28'!J7+'29'!J7+'30'!J7+'31'!J7 -> 100 | L8: 4 | M8: =+'4'!K93 -> 150 | N8: =+'4'!K98 -> 50 | P8: =+'4'!K94 -> 0 | Q8: =+'4'!K97 -> 0 | R8: =+'4'!K95 -> 0 | S8: =+M8-N8-P8-Q8-R8 -> 100 | T8: =+'4'!K100 -> 100 | U8: =+T8-S8 -> 0
A9: 5 | B9: ขนมเปี๊ยะไส้ถั่ว | C9: =+ยกมา!C8 -> 11 | D9: =+'1'!D8+'2'!D8+'3'!D8+'4'!D8+'5'!D8+'6'!D8+'7'!D8+'8'!D8+'9'!D8+'10'!D8+'11'!D8+'12'!D8+'13'!D8+'14'!D8+'15'!D8+'16'!D8+'17'!D8+'18'!D8+'19'!D8+'20'!D8+'21'!D8+'22'!D8+'23'!D8+'24'!D8+'25'!D8+'26'!D8+'27'!D8+'28'!D8+'29'!D8+'30'!D8+'31'!D8 -> 0 | E9: =+C9+D9 -> 11 | F9: =+'1'!F8+'2'!F8+'3'!F8+'4'!F8+'5'!F8+'6'!F8+'7'!F8+'8'!F8+'9'!F8+'10'!F8+'11'!F8+'12'!F8+'13'!F8+'14'!F8+'15'!F8+'16'!F8+'17'!F8+'18'!F8+'19'!F8+'20'!F8+'21'!F8+'22'!F8+'23'!F8+'24'!F8+'25'!F8+'26'!F8+'27'!F8+'28'!F8+'29'!F8+'30'!F8+'31'!F8 -> 12 | G9: =+E9-F9-H9 -> -1 | H9: =+'1'!H8+'2'!H8+'3'!H8+'4'!H8+'5'!H8+'6'!H8+'7'!H8+'8'!H8+'9'!H8+'10'!H8+'11'!H8+'12'!H8+'13'!H8+'14'!H8+'15'!H8+'16'!H8+'17'!H8+'18'!H8+'19'!H8+'20'!H8+'21'!H8+'22'!H8+'23'!H8+'24'!H8+'25'!H8+'26'!H8+'27'!H8+'28'!H8+'29'!H8+'30'!H8+'31'!H8 -> 0 | I9: 120 | J9: =+'1'!J8+'2'!J8+'3'!J8+'4'!J8+'5'!J8+'6'!J8+'7'!J8+'8'!J8+'9'!J8+'10'!J8+'11'!J8+'12'!J8+'13'!J8+'14'!J8+'15'!J8+'16'!J8+'17'!J8+'18'!J8+'19'!J8+'20'!J8+'21'!J8+'22'!J8+'23'!J8+'24'!J8+'25'!J8+'26'!J8+'27'!J8+'28'!J8+'29'!J8+'30'!J8+'31'!J8 -> 0 | L9: 5 | M9: =+'5'!K93 -> 705 | N9: =+'5'!K98 -> 150 | P9: =+'5'!K94 -> 0 | Q9: =+'5'!K97 -> 0 | R9: =+'5'!K95 -> 0 | S9: =+M9-N9-P9-Q9-R9 -> 555 | T9: =+'5'!K100 -> 555 | U9: =+T9-S9 -> 0
A10: 6 | B10: ขนมเปี๊ยะไส้เผือก | C10: =+ยกมา!C9 -> 10 | D10: =+'1'!D9+'2'!D9+'3'!D9+'4'!D9+'5'!D9+'6'!D9+'7'!D9+'8'!D9+'9'!D9+'10'!D9+'11'!D9+'12'!D9+'13'!D9+'14'!D9+'15'!D9+'16'!D9+'17'!D9+'18'!D9+'19'!D9+'20'!D9+'21'!D9+'22'!D9+'23'!D9+'24'!D9+'25'!D9+'26'!D9+'27'!D9+'28'!D9+'29'!D9+'30'!D9+'31'!D9 -> 0 | E10: =+C10+D10 -> 10 | F10: =+'1'!F9+'2'!F9+'3'!F9+'4'!F9+'5'!F9+'6'!F9+'7'!F9+'8'!F9+'9'!F9+'10'!F9+'11'!F9+'12'!F9+'13'!F9+'14'!F9+'15'!F9+'16'!F9+'17'!F9+'18'!F9+'19'!F9+'20'!F9+'21'!F9+'22'!F9+'23'!F9+'24'!F9+'25'!F9+'26'!F9+'27'!F9+'28'!F9+'29'!F9+'30'!F9+'31'!F9 -> 10 | G10: =+E10-F10-H10 -> 0 | H10: =+'1'!H9+'2'!H9+'3'!H9+'4'!H9+'5'!H9+'6'!H9+'7'!H9+'8'!H9+'9'!H9+'10'!H9+'11'!H9+'12'!H9+'13'!H9+'14'!H9+'15'!H9+'16'!H9+'17'!H9+'18'!H9+'19'!H9+'20'!H9+'21'!H9+'22'!H9+'23'!H9+'24'!H9+'25'!H9+'26'!H9+'27'!H9+'28'!H9+'29'!H9+'30'!H9+'31'!H9 -> 0 | I10: 120 | J10: =+'1'!J9+'2'!J9+'3'!J9+'4'!J9+'5'!J9+'6'!J9+'7'!J9+'8'!J9+'9'!J9+'10'!J9+'11'!J9+'12'!J9+'13'!J9+'14'!J9+'15'!J9+'16'!J9+'17'!J9+'18'!J9+'19'!J9+'20'!J9+'21'!J9+'22'!J9+'23'!J9+'24'!J9+'25'!J9+'26'!J9+'27'!J9+'28'!J9+'29'!J9+'30'!J9+'31'!J9 -> 0 | L10: 6 | M10: =+'6'!K93 -> 205 | N10: =+'6'!K98 -> 0 | P10: =+'6'!K94 -> 0 | Q10: =+'6'!K97 -> 0 | R10: =+'6'!K95 -> 0 | S10: =+M10-N10-P10-Q10-R10 -> 205 | T10: =+'6'!K100 -> 205 | U10: =+S10-T10 -> 0
A11: 7 | B11: ขนมเปี๊ยะไส้ฟัก | C11: =+ยกมา!C10 -> 9 | D11: =+'1'!D10+'2'!D10+'3'!D10+'4'!D10+'5'!D10+'6'!D10+'7'!D10+'8'!D10+'9'!D10+'10'!D10+'11'!D10+'12'!D10+'13'!D10+'14'!D10+'15'!D10+'16'!D10+'17'!D10+'18'!D10+'19'!D10+'20'!D10+'21'!D10+'22'!D10+'23'!D10+'24'!D10+'25'!D10+'26'!D10+'27'!D10+'28'!D10+'29'!D10+'30'!D10+'31'!D10 -> 0 | E11: =+C11+D11 -> 9 | F11: =+'1'!F10+'2'!F10+'3'!F10+'4'!F10+'5'!F10+'6'!F10+'7'!F10+'8'!F10+'9'!F10+'10'!F10+'11'!F10+'12'!F10+'13'!F10+'14'!F10+'15'!F10+'16'!F10+'17'!F10+'18'!F10+'19'!F10+'20'!F10+'21'!F10+'22'!F10+'23'!F10+'24'!F10+'25'!F10+'26'!F10+'27'!F10+'28'!F10+'29'!F10+'30'!F10+'31'!F10 -> 9 | G11: =+E11-F11-H11 -> 0 | H11: =+'1'!H10+'2'!H10+'3'!H10+'4'!H10+'5'!H10+'6'!H10+'7'!H10+'8'!H10+'9'!H10+'10'!H10+'11'!H10+'12'!H10+'13'!H10+'14'!H10+'15'!H10+'16'!H10+'17'!H10+'18'!H10+'19'!H10+'20'!H10+'21'!H10+'22'!H10+'23'!H10+'24'!H10+'25'!H10+'26'!H10+'27'!H10+'28'!H10+'29'!H10+'30'!H10+'31'!H10 -> 0 | I11: 120 | J11: =+'1'!J10+'2'!J10+'3'!J10+'4'!J10+'5'!J10+'6'!J10+'7'!J10+'8'!J10+'9'!J10+'10'!J10+'11'!J10+'12'!J10+'13'!J10+'14'!J10+'15'!J10+'16'!J10+'17'!J10+'18'!J10+'19'!J10+'20'!J10+'21'!J10+'22'!J10+'23'!J10+'24'!J10+'25'!J10+'26'!J10+'27'!J10+'28'!J10+'29'!J10+'30'!J10+'31'!J10 -> 0 | L11: 7 | M11: =+'7'!K93 -> 0 | N11: =+'7'!K98 -> 0 | P11: =+'7'!K94 -> 0 | Q11: =+'7'!K97 -> 0 | R11: =+'7'!K95 -> 0 | S11: =+M11-N11-P11-Q11-R11 -> 0 | T11: =+'7'!K100 -> 0 | U11: =+T11-S11 -> 0
A12: 8 | B12: ชิฟฟ่อนรวมรส 4 ชิ้น | C12: =+ยกมา!C11 -> 23 | D12: =+'1'!D11+'2'!D11+'3'!D11+'4'!D11+'5'!D11+'6'!D11+'7'!D11+'8'!D11+'9'!D11+'10'!D11+'11'!D11+'12'!D11+'13'!D11+'14'!D11+'15'!D11+'16'!D11+'17'!D11+'18'!D11+'19'!D11+'20'!D11+'21'!D11+'22'!D11+'23'!D11+'24'!D11+'25'!D11+'26'!D11+'27'!D11+'28'!D11+'29'!D11+'30'!D11+'31'!D11 -> 0 | E12: =+C12+D12 -> 23 | F12: =+'1'!F11+'2'!F11+'3'!F11+'4'!F11+'5'!F11+'6'!F11+'7'!F11+'8'!F11+'9'!F11+'10'!F11+'11'!F11+'12'!F11+'13'!F11+'14'!F11+'15'!F11+'16'!F11+'17'!F11+'18'!F11+'19'!F11+'20'!F11+'21'!F11+'22'!F11+'23'!F11+'24'!F11+'25'!F11+'26'!F11+'27'!F11+'28'!F11+'29'!F11+'30'!F11+'31'!F11 -> 10 | G12: =+E12-F12-H12 -> -3 | H12: =+'1'!H11+'2'!H11+'3'!H11+'4'!H11+'5'!H11+'6'!H11+'7'!H11+'8'!H11+'9'!H11+'10'!H11+'11'!H11+'12'!H11+'13'!H11+'14'!H11+'15'!H11+'16'!H11+'17'!H11+'18'!H11+'19'!H11+'20'!H11+'21'!H11+'22'!H11+'23'!H11+'24'!H11+'25'!H11+'26'!H11+'27'!H11+'28'!H11+'29'!H11+'30'!H11+'31'!H11 -> 16 | I12: 55 | J12: =+'1'!J11+'2'!J11+'3'!J11+'4'!J11+'5'!J11+'6'!J11+'7'!J11+'8'!J11+'9'!J11+'10'!J11+'11'!J11+'12'!J11+'13'!J11+'14'!J11+'15'!J11+'16'!J11+'17'!J11+'18'!J11+'19'!J11+'20'!J11+'21'!J11+'22'!J11+'23'!J11+'24'!J11+'25'!J11+'26'!J11+'27'!J11+'28'!J11+'29'!J11+'30'!J11+'31'!J11 -> 880 | L12: 8 | M12: =+'8'!K93 -> 105 | N12: =+'8'!K98 -> 0 | P12: =+'8'!K94 -> 0 | Q12: =+'8'!K97 -> 0 | R12: =+'8'!K95 -> 0 | S12: =+M12-N12-P12-Q12-R12 -> 105 | T12: =+'8'!K100 -> 105 | U12: =+T12-S12 -> 0
A13: 9 | B13: ชิฟฟ่อนรวมรส 8 ชิ้น | C13: =+ยกมา!C12 -> 17 | D13: =+'1'!D12+'2'!D12+'3'!D12+'4'!D12+'5'!D12+'6'!D12+'7'!D12+'8'!D12+'9'!D12+'10'!D12+'11'!D12+'12'!D12+'13'!D12+'14'!D12+'15'!D12+'16'!D12+'17'!D12+'18'!D12+'19'!D12+'20'!D12+'21'!D12+'22'!D12+'23'!D12+'24'!D12+'25'!D12+'26'!D12+'27'!D12+'28'!D12+'29'!D12+'30'!D12+'31'!D12 -> 20 | E13: =+C13+D13 -> 37 | F13: =+'1'!F12+'2'!F12+'3'!F12+'4'!F12+'5'!F12+'6'!F12+'7'!F12+'8'!F12+'9'!F12+'10'!F12+'11'!F12+'12'!F12+'13'!F12+'14'!F12+'15'!F12+'16'!F12+'17'!F12+'18'!F12+'19'!F12+'20'!F12+'21'!F12+'22'!F12+'23'!F12+'24'!F12+'25'!F12+'26'!F12+'27'!F12+'28'!F12+'29'!F12+'30'!F12+'31'!F12 -> 7 | G13: =+E13-F13-H13 -> 18 | H13: =+'1'!H12+'2'!H12+'3'!H12+'4'!H12+'5'!H12+'6'!H12+'7'!H12+'8'!H12+'9'!H12+'10'!H12+'11'!H12+'12'!H12+'13'!H12+'14'!H12+'15'!H12+'16'!H12+'17'!H12+'18'!H12+'19'!H12+'20'!H12+'21'!H12+'22'!H12+'23'!H12+'24'!H12+'25'!H12+'26'!H12+'27'!H12+'28'!H12+'29'!H12+'30'!H12+'31'!H12 -> 12 | I13: 100 | J13: =+'1'!J12+'2'!J12+'3'!J12+'4'!J12+'5'!J12+'6'!J12+'7'!J12+'8'!J12+'9'!J12+'10'!J12+'11'!J12+'12'!J12+'13'!J12+'14'!J12+'15'!J12+'16'!J12+'17'!J12+'18'!J12+'19'!J12+'20'!J12+'21'!J12+'22'!J12+'23'!J12+'24'!J12+'25'!J12+'26'!J12+'27'!J12+'28'!J12+'29'!J12+'30'!J12+'31'!J12 -> 1200 | L13: 9 | M13: =+'9'!K93 -> 500 | N13: =+'9'!K98 -> 200 | P13: =+'9'!K94 -> 0 | Q13: =+'9'!K97 -> 0 | R13: =+'9'!K95 -> 0 | S13: =+M13-N13-P13-Q13-R13 -> 300 | T13: =+'9'!K100 -> 300 | U13: =+T13-S13 -> 0
A14: 10 | B14: ชิฟฟ่อนยอดฮิต | C14: =+ยกมา!C13 -> 11 | D14: =+'1'!D13+'2'!D13+'3'!D13+'4'!D13+'5'!D13+'6'!D13+'7'!D13+'8'!D13+'9'!D13+'10'!D13+'11'!D13+'12'!D13+'13'!D13+'14'!D13+'15'!D13+'16'!D13+'17'!D13+'18'!D13+'19'!D13+'20'!D13+'21'!D13+'22'!D13+'23'!D13+'24'!D13+'25'!D13+'26'!D13+'27'!D13+'28'!D13+'29'!D13+'30'!D13+'31'!D13 -> 0 | E14: =+C14+D14 -> 11 | F14: =+'1'!F13+'2'!F13+'3'!F13+'4'!F13+'5'!F13+'6'!F13+'7'!F13+'8'!F13+'9'!F13+'10'!F13+'11'!F13+'12'!F13+'13'!F13+'14'!F13+'15'!F13+'16'!F13+'17'!F13+'18'!F13+'19'!F13+'20'!F13+'21'!F13+'22'!F13+'23'!F13+'24'!F13+'25'!F13+'26'!F13+'27'!F13+'28'!F13+'29'!F13+'30'!F13+'31'!F13 -> 13 | G14: =+E14-F14-H14 -> -20 | H14: =+'1'!H13+'2'!H13+'3'!H13+'4'!H13+'5'!H13+'6'!H13+'7'!H13+'8'!H13+'9'!H13+'10'!H13+'11'!H13+'12'!H13+'13'!H13+'14'!H13+'15'!H13+'16'!H13+'17'!H13+'18'!H13+'19'!H13+'20'!H13+'21'!H13+'22'!H13+'23'!H13+'24'!H13+'25'!H13+'26'!H13+'27'!H13+'28'!H13+'29'!H13+'30'!H13+'31'!H13 -> 18 | I14: 100 | J14: =+'1'!J13+'2'!J13+'3'!J13+'4'!J13+'5'!J13+'6'!J13+'7'!J13+'8'!J13+'9'!J13+'10'!J13+'11'!J13+'12'!J13+'13'!J13+'14'!J13+'15'!J13+'16'!J13+'17'!J13+'18'!J13+'19'!J13+'20'!J13+'21'!J13+'22'!J13+'23'!J13+'24'!J13+'25'!J13+'26'!J13+'27'!J13+'28'!J13+'29'!J13+'30'!J13+'31'!J13 -> 1800 | L14: 10 | M14: =+'10'!K93 -> 605 | N14: =+'10'!K98 -> 100 | P14: =+'10'!K94 -> 0 | Q14: =+'10'!K97 -> 0 | R14: =+'10'!K95 -> 0 | S14: =+M14-N14-P14-Q14-R14 -> 505 | T14: =+'10'!K100 -> 505 | U14: =+T14-S14 -> 0
A15: 11 | B15: ชิฟฟ่อนสอดไส้รวมรส 6 ชิ้น | C15: =+ยกมา!C14 -> 32 | D15: =+'1'!D14+'2'!D14+'3'!D14+'4'!D14+'5'!D14+'6'!D14+'7'!D14+'8'!D14+'9'!D14+'10'!D14+'11'!D14+'12'!D14+'13'!D14+'14'!D14+'15'!D14+'16'!D14+'17'!D14+'18'!D14+'19'!D14+'20'!D14+'21'!D14+'22'!D14+'23'!D14+'24'!D14+'25'!D14+'26'!D14+'27'!D14+'28'!D14+'29'!D14+'30'!D14+'31'!D14 -> 10 | E15: =+C15+D15 -> 42 | F15: =+'1'!F14+'2'!F14+'3'!F14+'4'!F14+'5'!F14+'6'!F14+'7'!F14+'8'!F14+'9'!F14+'10'!F14+'11'!F14+'12'!F14+'13'!F14+'14'!F14+'15'!F14+'16'!F14+'17'!F14+'18'!F14+'19'!F14+'20'!F14+'21'!F14+'22'!F14+'23'!F14+'24'!F14+'25'!F14+'26'!F14+'27'!F14+'28'!F14+'29'!F14+'30'!F14+'31'!F14 -> 24 | G15: =+E15-F15-H15 -> 4 | H15: =+'1'!H14+'2'!H14+'3'!H14+'4'!H14+'5'!H14+'6'!H14+'7'!H14+'8'!H14+'9'!H14+'10'!H14+'11'!H14+'12'!H14+'13'!H14+'14'!H14+'15'!H14+'16'!H14+'17'!H14+'18'!H14+'19'!H14+'20'!H14+'21'!H14+'22'!H14+'23'!H14+'24'!H14+'25'!H14+'26'!H14+'27'!H14+'28'!H14+'29'!H14+'30'!H14+'31'!H14 -> 14 | I15: 100 | J15: =+'1'!J14+'2'!J14+'3'!J14+'4'!J14+'5'!J14+'6'!J14+'7'!J14+'8'!J14+'9'!J14+'10'!J14+'11'!J14+'12'!J14+'13'!J14+'14'!J14+'15'!J14+'16'!J14+'17'!J14+'18'!J14+'19'!J14+'20'!J14+'21'!J14+'22'!J14+'23'!J14+'24'!J14+'25'!J14+'26'!J14+'27'!J14+'28'!J14+'29'!J14+'30'!J14+'31'!J14 -> 1400 | L15: 11 | M15: =+'11'!K93 -> 205 | N15: =+'11'!K98 -> 0 | P15: =+'11'!K94 -> 0 | Q15: =+'11'!K97 -> 0 | R15: =+'11'!K95 -> 0 | S15: =+M15-N15-P15-Q15-R15 -> 205 | T15: =+'11'!K100 -> 205 | U15: =+T15-S15 -> 0
A16: 12 | B16: เบาหวิวมะพร้าวน้ำหอม 110 กรัม | C16: =+ยกมา!C15 -> -1 | D16: =+'1'!D15+'2'!D15+'3'!D15+'4'!D15+'5'!D15+'6'!D15+'7'!D15+'8'!D15+'9'!D15+'10'!D15+'11'!D15+'12'!D15+'13'!D15+'14'!D15+'15'!D15+'16'!D15+'17'!D15+'18'!D15+'19'!D15+'20'!D15+'21'!D15+'22'!D15+'23'!D15+'24'!D15+'25'!D15+'26'!D15+'27'!D15+'28'!D15+'29'!D15+'30'!D15+'31'!D15 -> 5 | E16: =+C16+D16 -> 4 | F16: =+'1'!F15+'2'!F15+'3'!F15+'4'!F15+'5'!F15+'6'!F15+'7'!F15+'8'!F15+'9'!F15+'10'!F15+'11'!F15+'12'!F15+'13'!F15+'14'!F15+'15'!F15+'16'!F15+'17'!F15+'18'!F15+'19'!F15+'20'!F15+'21'!F15+'22'!F15+'23'!F15+'24'!F15+'25'!F15+'26'!F15+'27'!F15+'28'!F15+'29'!F15+'30'!F15+'31'!F15 -> 2 | G16: =+E16-F16-H16 -> 0 | H16: =+'1'!H15+'2'!H15+'3'!H15+'4'!H15+'5'!H15+'6'!H15+'7'!H15+'8'!H15+'9'!H15+'10'!H15+'11'!H15+'12'!H15+'13'!H15+'14'!H15+'15'!H15+'16'!H15+'17'!H15+'18'!H15+'19'!H15+'20'!H15+'21'!H15+'22'!H15+'23'!H15+'24'!H15+'25'!H15+'26'!H15+'27'!H15+'28'!H15+'29'!H15+'30'!H15+'31'!H15 -> 2 | I16: 50 | J16: =+'1'!J15+'2'!J15+'3'!J15+'4'!J15+'5'!J15+'6'!J15+'7'!J15+'8'!J15+'9'!J15+'10'!J15+'11'!J15+'12'!J15+'13'!J15+'14'!J15+'15'!J15+'16'!J15+'17'!J15+'18'!J15+'19'!J15+'20'!J15+'21'!J15+'22'!J15+'23'!J15+'24'!J15+'25'!J15+'26'!J15+'27'!J15+'28'!J15+'29'!J15+'30'!J15+'31'!J15 -> 100 | L16: 12 | M16: =+'12'!K93 -> 310 | N16: =+'12'!K98 -> 0 | P16: =+'12'!K94 -> 0 | Q16: =+'12'!K97 -> 0 | R16: =+'12'!K95 -> 0 | S16: =+M16-N16-P16-Q16-R16 -> 310 | T16: =+'12'!K100 -> 305 | U16: =+T16-S16 -> -5
A17: 13 | B17: เบาหวิวฝอยทอง 300 กรัม | C17: =+ยกมา!C16 -> 0 | D17: =+'1'!D16+'2'!D16+'3'!D16+'4'!D16+'5'!D16+'6'!D16+'7'!D16+'8'!D16+'9'!D16+'10'!D16+'11'!D16+'12'!D16+'13'!D16+'14'!D16+'15'!D16+'16'!D16+'17'!D16+'18'!D16+'19'!D16+'20'!D16+'21'!D16+'22'!D16+'23'!D16+'24'!D16+'25'!D16+'26'!D16+'27'!D16+'28'!D16+'29'!D16+'30'!D16+'31'!D16 -> 0 | E17: =+C17+D17 -> 0 | F17: =+'1'!F16+'2'!F16+'3'!F16+'4'!F16+'5'!F16+'6'!F16+'7'!F16+'8'!F16+'9'!F16+'10'!F16+'11'!F16+'12'!F16+'13'!F16+'14'!F16+'15'!F16+'16'!F16+'17'!F16+'18'!F16+'19'!F16+'20'!F16+'21'!F16+'22'!F16+'23'!F16+'24'!F16+'25'!F16+'26'!F16+'27'!F16+'28'!F16+'29'!F16+'30'!F16+'31'!F16 -> 0 | G17: =+E17-F17-H17 -> 0 | H17: =+'1'!H16+'2'!H16+'3'!H16+'4'!H16+'5'!H16+'6'!H16+'7'!H16+'8'!H16+'9'!H16+'10'!H16+'11'!H16+'12'!H16+'13'!H16+'14'!H16+'15'!H16+'16'!H16+'17'!H16+'18'!H16+'19'!H16+'20'!H16+'21'!H16+'22'!H16+'23'!H16+'24'!H16+'25'!H16+'26'!H16+'27'!H16+'28'!H16+'29'!H16+'30'!H16+'31'!H16 -> 0 | I17: 120 | J17: =+'1'!J16+'2'!J16+'3'!J16+'4'!J16+'5'!J16+'6'!J16+'7'!J16+'8'!J16+'9'!J16+'10'!J16+'11'!J16+'12'!J16+'13'!J16+'14'!J16+'15'!J16+'16'!J16+'17'!J16+'18'!J16+'19'!J16+'20'!J16+'21'!J16+'22'!J16+'23'!J16+'24'!J16+'25'!J16+'26'!J16+'27'!J16+'28'!J16+'29'!J16+'30'!J16+'31'!J16 -> 0 | L17: 13 | M17: =+'13'!K93 -> 620 | N17: =+'13'!K98 -> 100 | P17: =+'13'!K94 -> 0 | Q17: =+'13'!K97 -> 0 | R17: =+'13'!K95 -> 0 | S17: =+M17-N17-P17-Q17-R17 -> 520 | T17: =+'13'!K100 -> 520 | U17: =T17-S17 -> 0
A18: 14 | B18: เบาหวิวฝอยทอง 110 กรัม | C18: =+ยกมา!C17 -> 16 | D18: =+'1'!D17+'2'!D17+'3'!D17+'4'!D17+'5'!D17+'6'!D17+'7'!D17+'8'!D17+'9'!D17+'10'!D17+'11'!D17+'12'!D17+'13'!D17+'14'!D17+'15'!D17+'16'!D17+'17'!D17+'18'!D17+'19'!D17+'20'!D17+'21'!D17+'22'!D17+'23'!D17+'24'!D17+'25'!D17+'26'!D17+'27'!D17+'28'!D17+'29'!D17+'30'!D17+'31'!D17 -> 0 | E18: =+C18+D18 -> 16 | F18: =+'1'!F17+'2'!F17+'3'!F17+'4'!F17+'5'!F17+'6'!F17+'7'!F17+'8'!F17+'9'!F17+'10'!F17+'11'!F17+'12'!F17+'13'!F17+'14'!F17+'15'!F17+'16'!F17+'17'!F17+'18'!F17+'19'!F17+'20'!F17+'21'!F17+'22'!F17+'23'!F17+'24'!F17+'25'!F17+'26'!F17+'27'!F17+'28'!F17+'29'!F17+'30'!F17+'31'!F17 -> 14 | G18: =+E18-F18-H18 -> -3 | H18: =+'1'!H17+'2'!H17+'3'!H17+'4'!H17+'5'!H17+'6'!H17+'7'!H17+'8'!H17+'9'!H17+'10'!H17+'11'!H17+'12'!H17+'13'!H17+'14'!H17+'15'!H17+'16'!H17+'17'!H17+'18'!H17+'19'!H17+'20'!H17+'21'!H17+'22'!H17+'23'!H17+'24'!H17+'25'!H17+'26'!H17+'27'!H17+'28'!H17+'29'!H17+'30'!H17+'31'!H17 -> 5 | I18: 50 | J18: =+'1'!J17+'2'!J17+'3'!J17+'4'!J17+'5'!J17+'6'!J17+'7'!J17+'8'!J17+'9'!J17+'10'!J17+'11'!J17+'12'!J17+'13'!J17+'14'!J17+'15'!J17+'16'!J17+'17'!J17+'18'!J17+'19'!J17+'20'!J17+'21'!J17+'22'!J17+'23'!J17+'24'!J17+'25'!J17+'26'!J17+'27'!J17+'28'!J17+'29'!J17+'30'!J17+'31'!J17 -> 250 | L18: 14 | M18: =+'14'!K93 -> 0 | N18: =+'14'!K98 -> 0 | P18: =+'14'!K94 -> 0 | Q18: =+'14'!K97 -> 0 | R18: =+'14'!K95 -> 0 | S18: =+M18-N18-P18-Q18-R18 -> 0 | T18: =+'14'!K100 -> 0 | U18: =+T18-S18 -> 0
A19: 15 | B19: ชิฟฟ่อน สอดไส้ 3 ชิ้น บลูเบอรี่ | C19: =+ยกมา!C18 -> 0 | D19: =+'1'!D18+'2'!D18+'3'!D18+'4'!D18+'5'!D18+'6'!D18+'7'!D18+'8'!D18+'9'!D18+'10'!D18+'11'!D18+'12'!D18+'13'!D18+'14'!D18+'15'!D18+'16'!D18+'17'!D18+'18'!D18+'19'!D18+'20'!D18+'21'!D18+'22'!D18+'23'!D18+'24'!D18+'25'!D18+'26'!D18+'27'!D18+'28'!D18+'29'!D18+'30'!D18+'31'!D18 -> 0 | E19: =+C19+D19 -> 0 | F19: =+'1'!F18+'2'!F18+'3'!F18+'4'!F18+'5'!F18+'6'!F18+'7'!F18+'8'!F18+'9'!F18+'10'!F18+'11'!F18+'12'!F18+'13'!F18+'14'!F18+'15'!F18+'16'!F18+'17'!F18+'18'!F18+'19'!F18+'20'!F18+'21'!F18+'22'!F18+'23'!F18+'24'!F18+'25'!F18+'26'!F18+'27'!F18+'28'!F18+'29'!F18+'30'!F18+'31'!F18 -> 0 | G19: =+E19-F19-H19 -> 0 | H19: =+'1'!H18+'2'!H18+'3'!H18+'4'!H18+'5'!H18+'6'!H18+'7'!H18+'8'!H18+'9'!H18+'10'!H18+'11'!H18+'12'!H18+'13'!H18+'14'!H18+'15'!H18+'16'!H18+'17'!H18+'18'!H18+'19'!H18+'20'!H18+'21'!H18+'22'!H18+'23'!H18+'24'!H18+'25'!H18+'26'!H18+'27'!H18+'28'!H18+'29'!H18+'30'!H18+'31'!H18 -> 0 | I19: 55 | J19: =+'1'!J18+'2'!J18+'3'!J18+'4'!J18+'5'!J18+'6'!J18+'7'!J18+'8'!J18+'9'!J18+'10'!J18+'11'!J18+'12'!J18+'13'!J18+'14'!J18+'15'!J18+'16'!J18+'17'!J18+'18'!J18+'19'!J18+'20'!J18+'21'!J18+'22'!J18+'23'!J18+'24'!J18+'25'!J18+'26'!J18+'27'!J18+'28'!J18+'29'!J18+'30'!J18+'31'!J18 -> 0 | L19: 15 | M19: =+'15'!K93 -> 100 | N19: =+'15'!K98 -> 0 | P19: =+'15'!K94 -> 0 | Q19: =+'15'!K97 -> 0 | R19: =+'15'!K95 -> 0 | S19: =+M19-N19-P19-Q19-R19 -> 100 | T19: =+'15'!K100 -> 100 | U19: =+T19-S19 -> 0
A20: 16 | B20: ชิฟฟ่อน สอดไส้ 6 ชิ้น ฮอกไกโด | C20: =+ยกมา!C19 -> 0 | D20: =+'1'!D19+'2'!D19+'3'!D19+'4'!D19+'5'!D19+'6'!D19+'7'!D19+'8'!D19+'9'!D19+'10'!D19+'11'!D19+'12'!D19+'13'!D19+'14'!D19+'15'!D19+'16'!D19+'17'!D19+'18'!D19+'19'!D19+'20'!D19+'21'!D19+'22'!D19+'23'!D19+'24'!D19+'25'!D19+'26'!D19+'27'!D19+'28'!D19+'29'!D19+'30'!D19+'31'!D19 -> 0 | E20: =+C20+D20 -> 0 | F20: =+'1'!F19+'2'!F19+'3'!F19+'4'!F19+'5'!F19+'6'!F19+'7'!F19+'8'!F19+'9'!F19+'10'!F19+'11'!F19+'12'!F19+'13'!F19+'14'!F19+'15'!F19+'16'!F19+'17'!F19+'18'!F19+'19'!F19+'20'!F19+'21'!F19+'22'!F19+'23'!F19+'24'!F19+'25'!F19+'26'!F19+'27'!F19+'28'!F19+'29'!F19+'30'!F19+'31'!F19 -> 1 | G20: =+E20-F20-H20 -> -2 | H20: =+'1'!H19+'2'!H19+'3'!H19+'4'!H19+'5'!H19+'6'!H19+'7'!H19+'8'!H19+'9'!H19+'10'!H19+'11'!H19+'12'!H19+'13'!H19+'14'!H19+'15'!H19+'16'!H19+'17'!H19+'18'!H19+'19'!H19+'20'!H19+'21'!H19+'22'!H19+'23'!H19+'24'!H19+'25'!H19+'26'!H19+'27'!H19+'28'!H19+'29'!H19+'30'!H19+'31'!H19 -> 1 | I20: 100 | J20: =+'1'!J19+'2'!J19+'3'!J19+'4'!J19+'5'!J19+'6'!J19+'7'!J19+'8'!J19+'9'!J19+'10'!J19+'11'!J19+'12'!J19+'13'!J19+'14'!J19+'15'!J19+'16'!J19+'17'!J19+'18'!J19+'19'!J19+'20'!J19+'21'!J19+'22'!J19+'23'!J19+'24'!J19+'25'!J19+'26'!J19+'27'!J19+'28'!J19+'29'!J19+'30'!J19+'31'!J19 -> 100 | L20: 16 | M20: =+'16'!K93 -> 0 | N20: =+'16'!K98 -> 0 | O20: ขายไม่ได้ | P20: =+'16'!K94 -> 0 | Q20: =+'16'!K97 -> 0 | R20: =+'16'!K95 -> 0 | S20: =+M20-N20-P20-Q20-R20 -> 0 | T20: =+'16'!K100 -> 0 | U20: =+T20-S20 -> 0
A21: 17 | B21: เบาหวิวเผือกมะพร้าว 300 กรัม | C21: =+ยกมา!C20 -> 0 | D21: =+'1'!D20+'2'!D20+'3'!D20+'4'!D20+'5'!D20+'6'!D20+'7'!D20+'8'!D20+'9'!D20+'10'!D20+'11'!D20+'12'!D20+'13'!D20+'14'!D20+'15'!D20+'16'!D20+'17'!D20+'18'!D20+'19'!D20+'20'!D20+'21'!D20+'22'!D20+'23'!D20+'24'!D20+'25'!D20+'26'!D20+'27'!D20+'28'!D20+'29'!D20+'30'!D20+'31'!D20 -> 0 | E21: =+C21+D21 -> 0 | F21: =+'1'!F20+'2'!F20+'3'!F20+'4'!F20+'5'!F20+'6'!F20+'7'!F20+'8'!F20+'9'!F20+'10'!F20+'11'!F20+'12'!F20+'13'!F20+'14'!F20+'15'!F20+'16'!F20+'17'!F20+'18'!F20+'19'!F20+'20'!F20+'21'!F20+'22'!F20+'23'!F20+'24'!F20+'25'!F20+'26'!F20+'27'!F20+'28'!F20+'29'!F20+'30'!F20+'31'!F20 -> 0 | G21: =+E21-F21-H21 -> 0 | H21: =+'1'!H20+'2'!H20+'3'!H20+'4'!H20+'5'!H20+'6'!H20+'7'!H20+'8'!H20+'9'!H20+'10'!H20+'11'!H20+'12'!H20+'13'!H20+'14'!H20+'15'!H20+'16'!H20+'17'!H20+'18'!H20+'19'!H20+'20'!H20+'21'!H20+'22'!H20+'23'!H20+'24'!H20+'25'!H20+'26'!H20+'27'!H20+'28'!H20+'29'!H20+'30'!H20+'31'!H20 -> 0 | I21: 120 | J21: =+'1'!J20+'2'!J20+'3'!J20+'4'!J20+'5'!J20+'6'!J20+'7'!J20+'8'!J20+'9'!J20+'10'!J20+'11'!J20+'12'!J20+'13'!J20+'14'!J20+'15'!J20+'16'!J20+'17'!J20+'18'!J20+'19'!J20+'20'!J20+'21'!J20+'22'!J20+'23'!J20+'24'!J20+'25'!J20+'26'!J20+'27'!J20+'28'!J20+'29'!J20+'30'!J20+'31'!J20 -> 0 | L21: 17 | M21: =+'17'!K93 -> 100 | N21: =+'17'!K98 -> 0 | P21: =+'17'!K94 -> 0 | Q21: =+'17'!K97 -> 0 | R21: =+'17'!K95 -> 0 | S21: =+M21-N21-P21-Q21-R21 -> 100 | T21: =+'17'!K100 -> 105 | U21: =+T21-S21 -> 5
A22: 18 | B22: เบาหวิวเผือกมะพร้าว 110 กรัม | C22: =+ยกมา!C21 -> 8 | D22: =+'1'!D21+'2'!D21+'3'!D21+'4'!D21+'5'!D21+'6'!D21+'7'!D21+'8'!D21+'9'!D21+'10'!D21+'11'!D21+'12'!D21+'13'!D21+'14'!D21+'15'!D21+'16'!D21+'17'!D21+'18'!D21+'19'!D21+'20'!D21+'21'!D21+'22'!D21+'23'!D21+'24'!D21+'25'!D21+'26'!D21+'27'!D21+'28'!D21+'29'!D21+'30'!D21+'31'!D21 -> 0 | E22: =+C22+D22 -> 8 | F22: =+'1'!F21+'2'!F21+'3'!F21+'4'!F21+'5'!F21+'6'!F21+'7'!F21+'8'!F21+'9'!F21+'10'!F21+'11'!F21+'12'!F21+'13'!F21+'14'!F21+'15'!F21+'16'!F21+'17'!F21+'18'!F21+'19'!F21+'20'!F21+'21'!F21+'22'!F21+'23'!F21+'24'!F21+'25'!F21+'26'!F21+'27'!F21+'28'!F21+'29'!F21+'30'!F21+'31'!F21 -> 0 | G22: =+E22-F22-H22 -> 8 | H22: =+'1'!H21+'2'!H21+'3'!H21+'4'!H21+'5'!H21+'6'!H21+'7'!H21+'8'!H21+'9'!H21+'10'!H21+'11'!H21+'12'!H21+'13'!H21+'14'!H21+'15'!H21+'16'!H21+'17'!H21+'18'!H21+'19'!H21+'20'!H21+'21'!H21+'22'!H21+'23'!H21+'24'!H21+'25'!H21+'26'!H21+'27'!H21+'28'!H21+'29'!H21+'30'!H21+'31'!H21 -> 0 | I22: 50 | J22: =+'1'!J21+'2'!J21+'3'!J21+'4'!J21+'5'!J21+'6'!J21+'7'!J21+'8'!J21+'9'!J21+'10'!J21+'11'!J21+'12'!J21+'13'!J21+'14'!J21+'15'!J21+'16'!J21+'17'!J21+'18'!J21+'19'!J21+'20'!J21+'21'!J21+'22'!J21+'23'!J21+'24'!J21+'25'!J21+'26'!J21+'27'!J21+'28'!J21+'29'!J21+'30'!J21+'31'!J21 -> 0 | L22: 18 | M22: =+'18'!K93 -> 405 | N22: =+'18'!K98 -> 0 | P22: =+'18'!K94 -> 0 | Q22: =+'18'!K97 -> 0 | R22: =+'18'!K95 -> 0 | S22: =+M22-N22-P22-Q22-R22 -> 405 | T22: =+'18'!K100 -> 405 | U22: =+T22-S22 -> 0
A23: 19 | B23: เปี๊ยะโมจิฟัก 350 กรัม | C23: =+ยกมา!C22 -> 0 | D23: =+'1'!D22+'2'!D22+'3'!D22+'4'!D22+'5'!D22+'6'!D22+'7'!D22+'8'!D22+'9'!D22+'10'!D22+'11'!D22+'12'!D22+'13'!D22+'14'!D22+'15'!D22+'16'!D22+'17'!D22+'18'!D22+'19'!D22+'20'!D22+'21'!D22+'22'!D22+'23'!D22+'24'!D22+'25'!D22+'26'!D22+'27'!D22+'28'!D22+'29'!D22+'30'!D22+'31'!D22 -> 0 | E23: =+C23+D23 -> 0 | F23: =+'1'!F22+'2'!F22+'3'!F22+'4'!F22+'5'!F22+'6'!F22+'7'!F22+'8'!F22+'9'!F22+'10'!F22+'11'!F22+'12'!F22+'13'!F22+'14'!F22+'15'!F22+'16'!F22+'17'!F22+'18'!F22+'19'!F22+'20'!F22+'21'!F22+'22'!F22+'23'!F22+'24'!F22+'25'!F22+'26'!F22+'27'!F22+'28'!F22+'29'!F22+'30'!F22+'31'!F22 -> 0 | G23: =+E23-F23-H23 -> 0 | H23: =+'1'!H22+'2'!H22+'3'!H22+'4'!H22+'5'!H22+'6'!H22+'7'!H22+'8'!H22+'9'!H22+'10'!H22+'11'!H22+'12'!H22+'13'!H22+'14'!H22+'15'!H22+'16'!H22+'17'!H22+'18'!H22+'19'!H22+'20'!H22+'21'!H22+'22'!H22+'23'!H22+'24'!H22+'25'!H22+'26'!H22+'27'!H22+'28'!H22+'29'!H22+'30'!H22+'31'!H22 -> 0 | I23: 120 | J23: =+'1'!J22+'2'!J22+'3'!J22+'4'!J22+'5'!J22+'6'!J22+'7'!J22+'8'!J22+'9'!J22+'10'!J22+'11'!J22+'12'!J22+'13'!J22+'14'!J22+'15'!J22+'16'!J22+'17'!J22+'18'!J22+'19'!J22+'20'!J22+'21'!J22+'22'!J22+'23'!J22+'24'!J22+'25'!J22+'26'!J22+'27'!J22+'28'!J22+'29'!J22+'30'!J22+'31'!J22 -> 0 | L23: 19 | M23: =+'19'!K93 -> 205 | N23: =+'19'!K98 -> 0 | P23: =+'19'!K94 -> 0 | Q23: =+'19'!K97 -> 0 | R23: =+'19'!K95 -> 0 | S23: =+M23-N23-P23-Q23-R23 -> 205 | T23: =+'19'!K100 -> 205 | U23: =+T23-S23 -> 0
A24: 20 | B24: เปี๊ยะโมจิฟัก 700 กรัม | C24: =+ยกมา!C23 -> 0 | D24: =+'1'!D23+'2'!D23+'3'!D23+'4'!D23+'5'!D23+'6'!D23+'7'!D23+'8'!D23+'9'!D23+'10'!D23+'11'!D23+'12'!D23+'13'!D23+'14'!D23+'15'!D23+'16'!D23+'17'!D23+'18'!D23+'19'!D23+'20'!D23+'21'!D23+'22'!D23+'23'!D23+'24'!D23+'25'!D23+'26'!D23+'27'!D23+'28'!D23+'29'!D23+'30'!D23+'31'!D23 -> 0 | E24: =+C24+D24 -> 0 | F24: =+'1'!F23+'2'!F23+'3'!F23+'4'!F23+'5'!F23+'6'!F23+'7'!F23+'8'!F23+'9'!F23+'10'!F23+'11'!F23+'12'!F23+'13'!F23+'14'!F23+'15'!F23+'16'!F23+'17'!F23+'18'!F23+'19'!F23+'20'!F23+'21'!F23+'22'!F23+'23'!F23+'24'!F23+'25'!F23+'26'!F23+'27'!F23+'28'!F23+'29'!F23+'30'!F23+'31'!F23 -> 0 | G24: =+E24-F24-H24 -> 0 | H24: =+'1'!H23+'2'!H23+'3'!H23+'4'!H23+'5'!H23+'6'!H23+'7'!H23+'8'!H23+'9'!H23+'10'!H23+'11'!H23+'12'!H23+'13'!H23+'14'!H23+'15'!H23+'16'!H23+'17'!H23+'18'!H23+'19'!H23+'20'!H23+'21'!H23+'22'!H23+'23'!H23+'24'!H23+'25'!H23+'26'!H23+'27'!H23+'28'!H23+'29'!H23+'30'!H23+'31'!H23 -> 0 | I24: 185 | J24: =+'1'!J23+'2'!J23+'3'!J23+'4'!J23+'5'!J23+'6'!J23+'7'!J23+'8'!J23+'9'!J23+'10'!J23+'11'!J23+'12'!J23+'13'!J23+'14'!J23+'15'!J23+'16'!J23+'17'!J23+'18'!J23+'19'!J23+'20'!J23+'21'!J23+'22'!J23+'23'!J23+'24'!J23+'25'!J23+'26'!J23+'27'!J23+'28'!J23+'29'!J23+'30'!J23+'31'!J23 -> 0 | L24: 20 | M24: =+'20'!K93 -> 0 | N24: =+'20'!K98 -> 0 | O24: ขายไม่ได้ | P24: =+K36 -> 0 | Q24: =+'20'!K97 -> 0 | R24: =+'20'!K95 -> 0 | S24: =+M24-N24-P24-Q24-R24 -> 0 | T24: =+'20'!K100 -> 0 | U24: =T24-S24 -> 0
A25: 21 | B25: เบาหวิวตาลหอม 110 กรัม | C25: =+ยกมา!C24 -> 0 | D25: =+'1'!D24+'2'!D24+'3'!D24+'4'!D24+'5'!D24+'6'!D24+'7'!D24+'8'!D24+'9'!D24+'10'!D24+'11'!D24+'12'!D24+'13'!D24+'14'!D24+'15'!D24+'16'!D24+'17'!D24+'18'!D24+'19'!D24+'20'!D24+'21'!D24+'22'!D24+'23'!D24+'24'!D24+'25'!D24+'26'!D24+'27'!D24+'28'!D24+'29'!D24+'30'!D24+'31'!D24 -> 0 | E25: =+C25+D25 -> 0 | F25: =+'1'!F24+'2'!F24+'3'!F24+'4'!F24+'5'!F24+'6'!F24+'7'!F24+'8'!F24+'9'!F24+'10'!F24+'11'!F24+'12'!F24+'13'!F24+'14'!F24+'15'!F24+'16'!F24+'17'!F24+'18'!F24+'19'!F24+'20'!F24+'21'!F24+'22'!F24+'23'!F24+'24'!F24+'25'!F24+'26'!F24+'27'!F24+'28'!F24+'29'!F24+'30'!F24+'31'!F24 -> 0 | G25: =+E25-F25-H25 -> 0 | H25: =+'1'!H24+'2'!H24+'3'!H24+'4'!H24+'5'!H24+'6'!H24+'7'!H24+'8'!H24+'9'!H24+'10'!H24+'11'!H24+'12'!H24+'13'!H24+'14'!H24+'15'!H24+'16'!H24+'17'!H24+'18'!H24+'19'!H24+'20'!H24+'21'!H24+'22'!H24+'23'!H24+'24'!H24+'25'!H24+'26'!H24+'27'!H24+'28'!H24+'29'!H24+'30'!H24+'31'!H24 -> 0 | I25: 50 | J25: =+'1'!J24+'2'!J24+'3'!J24+'4'!J24+'5'!J24+'6'!J24+'7'!J24+'8'!J24+'9'!J24+'10'!J24+'11'!J24+'12'!J24+'13'!J24+'14'!J24+'15'!J24+'16'!J24+'17'!J24+'18'!J24+'19'!J24+'20'!J24+'21'!J24+'22'!J24+'23'!J24+'24'!J24+'25'!J24+'26'!J24+'27'!J24+'28'!J24+'29'!J24+'30'!J24+'31'!J24 -> 0 | L25: 21 | M25: =+'21'!K93 -> 0 | N25: =+'21'!K98 -> 0 | P25: =+'21'!K94 -> 0 | Q25: =+'21'!K97 -> 0 | R25: =+'21'!K95 -> 0 | S25: =+M25-N25-P25-Q25-R25 -> 0 | T25: =+'21'!K100 -> 0 | U25: =+T25-S25 -> 0
A26: 22 | B26: เบาหวิวกล้วยหอมมะพร้าวเผา 110 กรัม | C26: =+ยกมา!C25 -> 8 | D26: =+'1'!D25+'2'!D25+'3'!D25+'4'!D25+'5'!D25+'6'!D25+'7'!D25+'8'!D25+'9'!D25+'10'!D25+'11'!D25+'12'!D25+'13'!D25+'14'!D25+'15'!D25+'16'!D25+'17'!D25+'18'!D25+'19'!D25+'20'!D25+'21'!D25+'22'!D25+'23'!D25+'24'!D25+'25'!D25+'26'!D25+'27'!D25+'28'!D25+'29'!D25+'30'!D25+'31'!D25 -> 0 | E26: =+C26+D26 -> 8 | F26: =+'1'!F25+'2'!F25+'3'!F25+'4'!F25+'5'!F25+'6'!F25+'7'!F25+'8'!F25+'9'!F25+'10'!F25+'11'!F25+'12'!F25+'13'!F25+'14'!F25+'15'!F25+'16'!F25+'17'!F25+'18'!F25+'19'!F25+'20'!F25+'21'!F25+'22'!F25+'23'!F25+'24'!F25+'25'!F25+'26'!F25+'27'!F25+'28'!F25+'29'!F25+'30'!F25+'31'!F25 -> 0 | G26: =+E26-F26-H26 -> 8 | H26: =+'1'!H25+'2'!H25+'3'!H25+'4'!H25+'5'!H25+'6'!H25+'7'!H25+'8'!H25+'9'!H25+'10'!H25+'11'!H25+'12'!H25+'13'!H25+'14'!H25+'15'!H25+'16'!H25+'17'!H25+'18'!H25+'19'!H25+'20'!H25+'21'!H25+'22'!H25+'23'!H25+'24'!H25+'25'!H25+'26'!H25+'27'!H25+'28'!H25+'29'!H25+'30'!H25+'31'!H25 -> 0 | I26: 50 | J26: =+'1'!J25+'2'!J25+'3'!J25+'4'!J25+'5'!J25+'6'!J25+'7'!J25+'8'!J25+'9'!J25+'10'!J25+'11'!J25+'12'!J25+'13'!J25+'14'!J25+'15'!J25+'16'!J25+'17'!J25+'18'!J25+'19'!J25+'20'!J25+'21'!J25+'22'!J25+'23'!J25+'24'!J25+'25'!J25+'26'!J25+'27'!J25+'28'!J25+'29'!J25+'30'!J25+'31'!J25 -> 0 | L26: 22 | M26: =+'22'!K93 -> 405 | N26: =+'22'!K98 -> 0 | P26: =+'22'!K94 -> 0 | Q26: =+'22'!K97 -> 0 | R26: =+'22'!K95 -> 0 | S26: =+M26-N26-P26-Q26-R26 -> 405 | T26: =+'22'!K100 -> 405 | U26: =+T26-S26 -> 0
A27: 23 | B27: เบาหวิวเนยสด 110 กรัม | C27: =+ยกมา!C26 -> 7 | D27: =+'1'!D26+'2'!D26+'3'!D26+'4'!D26+'5'!D26+'6'!D26+'7'!D26+'8'!D26+'9'!D26+'10'!D26+'11'!D26+'12'!D26+'13'!D26+'14'!D26+'15'!D26+'16'!D26+'17'!D26+'18'!D26+'19'!D26+'20'!D26+'21'!D26+'22'!D26+'23'!D26+'24'!D26+'25'!D26+'26'!D26+'27'!D26+'28'!D26+'29'!D26+'30'!D26+'31'!D26 -> 5 | E27: =+C27+D27 -> 12 | F27: =+'1'!F26+'2'!F26+'3'!F26+'4'!F26+'5'!F26+'6'!F26+'7'!F26+'8'!F26+'9'!F26+'10'!F26+'11'!F26+'12'!F26+'13'!F26+'14'!F26+'15'!F26+'16'!F26+'17'!F26+'18'!F26+'19'!F26+'20'!F26+'21'!F26+'22'!F26+'23'!F26+'24'!F26+'25'!F26+'26'!F26+'27'!F26+'28'!F26+'29'!F26+'30'!F26+'31'!F26 -> 12 | G27: =+E27-F27-H27 -> -6 | H27: =+'1'!H26+'2'!H26+'3'!H26+'4'!H26+'5'!H26+'6'!H26+'7'!H26+'8'!H26+'9'!H26+'10'!H26+'11'!H26+'12'!H26+'13'!H26+'14'!H26+'15'!H26+'16'!H26+'17'!H26+'18'!H26+'19'!H26+'20'!H26+'21'!H26+'22'!H26+'23'!H26+'24'!H26+'25'!H26+'26'!H26+'27'!H26+'28'!H26+'29'!H26+'30'!H26+'31'!H26 -> 6 | I27: 50 | J27: =+'1'!J26+'2'!J26+'3'!J26+'4'!J26+'5'!J26+'6'!J26+'7'!J26+'8'!J26+'9'!J26+'10'!J26+'11'!J26+'12'!J26+'13'!J26+'14'!J26+'15'!J26+'16'!J26+'17'!J26+'18'!J26+'19'!J26+'20'!J26+'21'!J26+'22'!J26+'23'!J26+'24'!J26+'25'!J26+'26'!J26+'27'!J26+'28'!J26+'29'!J26+'30'!J26+'31'!J26 -> 300 | L27: 23 | M27: =+'23'!K93 -> 210 | N27: =+'23'!K98 -> 0 | P27: =+'23'!K94 -> 0 | Q27: =+'23'!K97 -> 0 | R27: =+'23'!K95 -> 0 | S27: =+M27-N27-P27-Q27-R27 -> 210 | T27: =+'23'!K100 -> 210 | U27: =+T27-S27 -> 0
A28: 24 | B28: เบาหวิวทุเรียน 110 กรัม | C28: =+ยกมา!C27 -> 2 | D28: =+'1'!D27+'2'!D27+'3'!D27+'4'!D27+'5'!D27+'6'!D27+'7'!D27+'8'!D27+'9'!D27+'10'!D27+'11'!D27+'12'!D27+'13'!D27+'14'!D27+'15'!D27+'16'!D27+'17'!D27+'18'!D27+'19'!D27+'20'!D27+'21'!D27+'22'!D27+'23'!D27+'24'!D27+'25'!D27+'26'!D27+'27'!D27+'28'!D27+'29'!D27+'30'!D27+'31'!D27 -> 15 | E28: =+C28+D28 -> 17 | F28: =+'1'!F27+'2'!F27+'3'!F27+'4'!F27+'5'!F27+'6'!F27+'7'!F27+'8'!F27+'9'!F27+'10'!F27+'11'!F27+'12'!F27+'13'!F27+'14'!F27+'15'!F27+'16'!F27+'17'!F27+'18'!F27+'19'!F27+'20'!F27+'21'!F27+'22'!F27+'23'!F27+'24'!F27+'25'!F27+'26'!F27+'27'!F27+'28'!F27+'29'!F27+'30'!F27+'31'!F27 -> 0 | G28: =+E28-F28-H28 -> 13 | H28: =+'1'!H27+'2'!H27+'3'!H27+'4'!H27+'5'!H27+'6'!H27+'7'!H27+'8'!H27+'9'!H27+'10'!H27+'11'!H27+'12'!H27+'13'!H27+'14'!H27+'15'!H27+'16'!H27+'17'!H27+'18'!H27+'19'!H27+'20'!H27+'21'!H27+'22'!H27+'23'!H27+'24'!H27+'25'!H27+'26'!H27+'27'!H27+'28'!H27+'29'!H27+'30'!H27+'31'!H27 -> 4 | I28: 50 | J28: =+'1'!J27+'2'!J27+'3'!J27+'4'!J27+'5'!J27+'6'!J27+'7'!J27+'8'!J27+'9'!J27+'10'!J27+'11'!J27+'12'!J27+'13'!J27+'14'!J27+'15'!J27+'16'!J27+'17'!J27+'18'!J27+'19'!J27+'20'!J27+'21'!J27+'22'!J27+'23'!J27+'24'!J27+'25'!J27+'26'!J27+'27'!J27+'28'!J27+'29'!J27+'30'!J27+'31'!J27 -> 200 | L28: 24 | M28: =+'24'!K93 -> 250 | N28: =+'24'!K98 -> 0 | P28: =+'24'!K94 -> 0 | Q28: =+'24'!K97 -> 0 | R28: =+'24'!K95 -> 0 | S28: =+M28-N28-P28-Q28-R28 -> 250 | T28: =+'24'!K100 -> 250 | U28: =+T28-S28 -> 0
A29: 25 | B29: เบาหวิวกาแฟ 110 กรัม | C29: =+ยกมา!C28 -> 0 | D29: =+'1'!D28+'2'!D28+'3'!D28+'4'!D28+'5'!D28+'6'!D28+'7'!D28+'8'!D28+'9'!D28+'10'!D28+'11'!D28+'12'!D28+'13'!D28+'14'!D28+'15'!D28+'16'!D28+'17'!D28+'18'!D28+'19'!D28+'20'!D28+'21'!D28+'22'!D28+'23'!D28+'24'!D28+'25'!D28+'26'!D28+'27'!D28+'28'!D28+'29'!D28+'30'!D28+'31'!D28 -> 10 | E29: =+C29+D29 -> 10 | F29: =+'1'!F28+'2'!F28+'3'!F28+'4'!F28+'5'!F28+'6'!F28+'7'!F28+'8'!F28+'9'!F28+'10'!F28+'11'!F28+'12'!F28+'13'!F28+'14'!F28+'15'!F28+'16'!F28+'17'!F28+'18'!F28+'19'!F28+'20'!F28+'21'!F28+'22'!F28+'23'!F28+'24'!F28+'25'!F28+'26'!F28+'27'!F28+'28'!F28+'29'!F28+'30'!F28+'31'!F28 -> 0 | G29: =+E29-F29-H29 -> 10 | H29: =+'1'!H28+'2'!H28+'3'!H28+'4'!H28+'5'!H28+'6'!H28+'7'!H28+'8'!H28+'9'!H28+'10'!H28+'11'!H28+'12'!H28+'13'!H28+'14'!H28+'15'!H28+'16'!H28+'17'!H28+'18'!H28+'19'!H28+'20'!H28+'21'!H28+'22'!H28+'23'!H28+'24'!H28+'25'!H28+'26'!H28+'27'!H28+'28'!H28+'29'!H28+'30'!H28+'31'!H28 -> 0 | I29: 50 | J29: =+'1'!J28+'2'!J28+'3'!J28+'4'!J28+'5'!J28+'6'!J28+'7'!J28+'8'!J28+'9'!J28+'10'!J28+'11'!J28+'12'!J28+'13'!J28+'14'!J28+'15'!J28+'16'!J28+'17'!J28+'18'!J28+'19'!J28+'20'!J28+'21'!J28+'22'!J28+'23'!J28+'24'!J28+'25'!J28+'26'!J28+'27'!J28+'28'!J28+'29'!J28+'30'!J28+'31'!J28 -> 0 | L29: 25 | M29: =+'25'!K93 -> 360 | N29: =+'25'!K98 -> 0 | P29: =+'25'!K94 -> 0 | Q29: =+'25'!K97 -> 0 | R29: =+'25'!K95 -> 0 | S29: =+M29-N29-P29-Q29-R29 -> 360 | T29: =+'25'!K100 -> 360 | U29: =+T29-S29 -> 0
A30: 26 | B30: ชิฟฟ่อน สอดไส้บลูเบอรี่ 3 ชิ้น | C30: =+ยกมา!C29 -> 0 | D30: =+'1'!D29+'2'!D29+'3'!D29+'4'!D29+'5'!D29+'6'!D29+'7'!D29+'8'!D29+'9'!D29+'10'!D29+'11'!D29+'12'!D29+'13'!D29+'14'!D29+'15'!D29+'16'!D29+'17'!D29+'18'!D29+'19'!D29+'20'!D29+'21'!D29+'22'!D29+'23'!D29+'24'!D29+'25'!D29+'26'!D29+'27'!D29+'28'!D29+'29'!D29+'30'!D29+'31'!D29 -> 0 | E30: =+C30+D30 -> 0 | F30: =+'1'!F29+'2'!F29+'3'!F29+'4'!F29+'5'!F29+'6'!F29+'7'!F29+'8'!F29+'9'!F29+'10'!F29+'11'!F29+'12'!F29+'13'!F29+'14'!F29+'15'!F29+'16'!F29+'17'!F29+'18'!F29+'19'!F29+'20'!F29+'21'!F29+'22'!F29+'23'!F29+'24'!F29+'25'!F29+'26'!F29+'27'!F29+'28'!F29+'29'!F29+'30'!F29+'31'!F29 -> 0 | G30: =+E30-F30-H30 -> 0 | H30: =+'1'!H29+'2'!H29+'3'!H29+'4'!H29+'5'!H29+'6'!H29+'7'!H29+'8'!H29+'9'!H29+'10'!H29+'11'!H29+'12'!H29+'13'!H29+'14'!H29+'15'!H29+'16'!H29+'17'!H29+'18'!H29+'19'!H29+'20'!H29+'21'!H29+'22'!H29+'23'!H29+'24'!H29+'25'!H29+'26'!H29+'27'!H29+'28'!H29+'29'!H29+'30'!H29+'31'!H29 -> 0 | I30: 50 | J30: =+'1'!J29+'2'!J29+'3'!J29+'4'!J29+'5'!J29+'6'!J29+'7'!J29+'8'!J29+'9'!J29+'10'!J29+'11'!J29+'12'!J29+'13'!J29+'14'!J29+'15'!J29+'16'!J29+'17'!J29+'18'!J29+'19'!J29+'20'!J29+'21'!J29+'22'!J29+'23'!J29+'24'!J29+'25'!J29+'26'!J29+'27'!J29+'28'!J29+'29'!J29+'30'!J29+'31'!J29 -> 0 | L30: 26 | M30: =+'26'!K93 -> 220 | N30: =+'26'!K98 -> 50 | P30: =+'26'!K94 -> 0 | Q30: =+'26'!K97 -> 0 | R30: =+'26'!K95 -> 0 | S30: =+M30-N30-P30-Q30-R30 -> 170 | T30: =+'26'!K100 -> 170 | U30: =+T30-S30 -> 0
A31: 27 | B31: ชิฟฟ่อน สอดไส้สตรอเบอร์รี่ 3 ชิ้น | C31: =+ยกมา!C30 -> 0 | D31: =+'1'!D30+'2'!D30+'3'!D30+'4'!D30+'5'!D30+'6'!D30+'7'!D30+'8'!D30+'9'!D30+'10'!D30+'11'!D30+'12'!D30+'13'!D30+'14'!D30+'15'!D30+'16'!D30+'17'!D30+'18'!D30+'19'!D30+'20'!D30+'21'!D30+'22'!D30+'23'!D30+'24'!D30+'25'!D30+'26'!D30+'27'!D30+'28'!D30+'29'!D30+'30'!D30+'31'!D30 -> 0 | E31: =+C31+D31 -> 0 | F31: =+'1'!F30+'2'!F30+'3'!F30+'4'!F30+'5'!F30+'6'!F30+'7'!F30+'8'!F30+'9'!F30+'10'!F30+'11'!F30+'12'!F30+'13'!F30+'14'!F30+'15'!F30+'16'!F30+'17'!F30+'18'!F30+'19'!F30+'20'!F30+'21'!F30+'22'!F30+'23'!F30+'24'!F30+'25'!F30+'26'!F30+'27'!F30+'28'!F30+'29'!F30+'30'!F30+'31'!F30 -> 0 | G31: =+E31-F31-H31 -> 0 | H31: =+'1'!H30+'2'!H30+'3'!H30+'4'!H30+'5'!H30+'6'!H30+'7'!H30+'8'!H30+'9'!H30+'10'!H30+'11'!H30+'12'!H30+'13'!H30+'14'!H30+'15'!H30+'16'!H30+'17'!H30+'18'!H30+'19'!H30+'20'!H30+'21'!H30+'22'!H30+'23'!H30+'24'!H30+'25'!H30+'26'!H30+'27'!H30+'28'!H30+'29'!H30+'30'!H30+'31'!H30 -> 0 | I31: 50 | J31: =+'1'!J30+'2'!J30+'3'!J30+'4'!J30+'5'!J30+'6'!J30+'7'!J30+'8'!J30+'9'!J30+'10'!J30+'11'!J30+'12'!J30+'13'!J30+'14'!J30+'15'!J30+'16'!J30+'17'!J30+'18'!J30+'19'!J30+'20'!J30+'21'!J30+'22'!J30+'23'!J30+'24'!J30+'25'!J30+'26'!J30+'27'!J30+'28'!J30+'29'!J30+'30'!J30+'31'!J30 -> 0 | L31: 27 | M31: =+'27'!K93 -> 460 | N31: =+'27'!K98 -> 200 | P31: =+'27'!K94 -> 0 | Q31: =+'27'!K97 -> 0 | R31: =+'27'!K95 -> 0 | S31: =+M31-N31-P31-Q31-R31 -> 260 | T31: =+'27'!K100 -> 260 | U31: =+T31-S31 -> 0
A32: 28 | B32: ชิฟฟ่อนสอดไส้นมฮอกไกโด 3 ชิ้น | C32: =+ยกมา!C31 -> 0 | D32: =+'1'!D31+'2'!D31+'3'!D31+'4'!D31+'5'!D31+'6'!D31+'7'!D31+'8'!D31+'9'!D31+'10'!D31+'11'!D31+'12'!D31+'13'!D31+'14'!D31+'15'!D31+'16'!D31+'17'!D31+'18'!D31+'19'!D31+'20'!D31+'21'!D31+'22'!D31+'23'!D31+'24'!D31+'25'!D31+'26'!D31+'27'!D31+'28'!D31+'29'!D31+'30'!D31+'31'!D31 -> 0 | E32: =+C32+D32 -> 0 | F32: =+'1'!F31+'2'!F31+'3'!F31+'4'!F31+'5'!F31+'6'!F31+'7'!F31+'8'!F31+'9'!F31+'10'!F31+'11'!F31+'12'!F31+'13'!F31+'14'!F31+'15'!F31+'16'!F31+'17'!F31+'18'!F31+'19'!F31+'20'!F31+'21'!F31+'22'!F31+'23'!F31+'24'!F31+'25'!F31+'26'!F31+'27'!F31+'28'!F31+'29'!F31+'30'!F31+'31'!F31 -> 0 | G32: =+E32-F32-H32 -> 0 | H32: =+'1'!H31+'2'!H31+'3'!H31+'4'!H31+'5'!H31+'6'!H31+'7'!H31+'8'!H31+'9'!H31+'10'!H31+'11'!H31+'12'!H31+'13'!H31+'14'!H31+'15'!H31+'16'!H31+'17'!H31+'18'!H31+'19'!H31+'20'!H31+'21'!H31+'22'!H31+'23'!H31+'24'!H31+'25'!H31+'26'!H31+'27'!H31+'28'!H31+'29'!H31+'30'!H31+'31'!H31 -> 0 | I32: 50 | J32: =+'1'!J31+'2'!J31+'3'!J31+'4'!J31+'5'!J31+'6'!J31+'7'!J31+'8'!J31+'9'!J31+'10'!J31+'11'!J31+'12'!J31+'13'!J31+'14'!J31+'15'!J31+'16'!J31+'17'!J31+'18'!J31+'19'!J31+'20'!J31+'21'!J31+'22'!J31+'23'!J31+'24'!J31+'25'!J31+'26'!J31+'27'!J31+'28'!J31+'29'!J31+'30'!J31+'31'!J31 -> 0 | L32: 28 | M32: =+'28'!K93 -> 0 | N32: =+'28'!K98 -> 0 | O32: ปิดชั่วคราว | P32: =+'28'!K94 -> 0 | Q32: =+'28'!K97 -> 0 | R32: =+'28'!K95 -> 0 | S32: =+M32-N32-P32-Q32-R32 -> 0 | T32: =+'28'!K100 -> 0 | U32: =+T32-S32 -> 0
A33: 29 | B33: รถลาน | C33: =+ยกมา!C32 -> 13 | D33: =+'1'!D32+'2'!D32+'3'!D32+'4'!D32+'5'!D32+'6'!D32+'7'!D32+'8'!D32+'9'!D32+'10'!D32+'11'!D32+'12'!D32+'13'!D32+'14'!D32+'15'!D32+'16'!D32+'17'!D32+'18'!D32+'19'!D32+'20'!D32+'21'!D32+'22'!D32+'23'!D32+'24'!D32+'25'!D32+'26'!D32+'27'!D32+'28'!D32+'29'!D32+'30'!D32+'31'!D32 -> 0 | E33: =+C33+D33 -> 13 | F33: =+'1'!F32+'2'!F32+'3'!F32+'4'!F32+'5'!F32+'6'!F32+'7'!F32+'8'!F32+'9'!F32+'10'!F32+'11'!F32+'12'!F32+'13'!F32+'14'!F32+'15'!F32+'16'!F32+'17'!F32+'18'!F32+'19'!F32+'20'!F32+'21'!F32+'22'!F32+'23'!F32+'24'!F32+'25'!F32+'26'!F32+'27'!F32+'28'!F32+'29'!F32+'30'!F32+'31'!F32 -> 0 | G33: =+E33-F33-H33 -> 13 | H33: =+'1'!H32+'2'!H32+'3'!H32+'4'!H32+'5'!H32+'6'!H32+'7'!H32+'8'!H32+'9'!H32+'10'!H32+'11'!H32+'12'!H32+'13'!H32+'14'!H32+'15'!H32+'16'!H32+'17'!H32+'18'!H32+'19'!H32+'20'!H32+'21'!H32+'22'!H32+'23'!H32+'24'!H32+'25'!H32+'26'!H32+'27'!H32+'28'!H32+'29'!H32+'30'!H32+'31'!H32 -> 0 | I33: 45 | J33: =+'1'!J32+'2'!J32+'3'!J32+'4'!J32+'5'!J32+'6'!J32+'7'!J32+'8'!J32+'9'!J32+'10'!J32+'11'!J32+'12'!J32+'13'!J32+'14'!J32+'15'!J32+'16'!J32+'17'!J32+'18'!J32+'19'!J32+'20'!J32+'21'!J32+'22'!J32+'23'!J32+'24'!J32+'25'!J32+'26'!J32+'27'!J32+'28'!J32+'29'!J32+'30'!J32+'31'!J32 -> 0 | L33: 29 | M33: =+'29'!K93 -> 0 | N33: =+'29'!K98 -> 0 | P33: =+'29'!K94 -> 0 | Q33: =+'29'!K97 -> 0 | R33: =+'29'!K95 -> 0 | S33: =+M33-N33-P33-Q33-R33 -> 0 | T33: =+'29'!K100 -> 0 | U33: =+T33-S33 -> 0
A34: 30 | B34: หัวรถไฟโทมัส | C34: =+ยกมา!C33 -> 13 | D34: =+'1'!D33+'2'!D33+'3'!D33+'4'!D33+'5'!D33+'6'!D33+'7'!D33+'8'!D33+'9'!D33+'10'!D33+'11'!D33+'12'!D33+'13'!D33+'14'!D33+'15'!D33+'16'!D33+'17'!D33+'18'!D33+'19'!D33+'20'!D33+'21'!D33+'22'!D33+'23'!D33+'24'!D33+'25'!D33+'26'!D33+'27'!D33+'28'!D33+'29'!D33+'30'!D33+'31'!D33 -> 0 | E34: =+C34+D34 -> 13 | F34: =+'1'!F33+'2'!F33+'3'!F33+'4'!F33+'5'!F33+'6'!F33+'7'!F33+'8'!F33+'9'!F33+'10'!F33+'11'!F33+'12'!F33+'13'!F33+'14'!F33+'15'!F33+'16'!F33+'17'!F33+'18'!F33+'19'!F33+'20'!F33+'21'!F33+'22'!F33+'23'!F33+'24'!F33+'25'!F33+'26'!F33+'27'!F33+'28'!F33+'29'!F33+'30'!F33+'31'!F33 -> 0 | G34: =+E34-F34-H34 -> 13 | H34: =+'1'!H33+'2'!H33+'3'!H33+'4'!H33+'5'!H33+'6'!H33+'7'!H33+'8'!H33+'9'!H33+'10'!H33+'11'!H33+'12'!H33+'13'!H33+'14'!H33+'15'!H33+'16'!H33+'17'!H33+'18'!H33+'19'!H33+'20'!H33+'21'!H33+'22'!H33+'23'!H33+'24'!H33+'25'!H33+'26'!H33+'27'!H33+'28'!H33+'29'!H33+'30'!H33+'31'!H33 -> 0 | I34: 200 | J34: =+'1'!J33+'2'!J33+'3'!J33+'4'!J33+'5'!J33+'6'!J33+'7'!J33+'8'!J33+'9'!J33+'10'!J33+'11'!J33+'12'!J33+'13'!J33+'14'!J33+'15'!J33+'16'!J33+'17'!J33+'18'!J33+'19'!J33+'20'!J33+'21'!J33+'22'!J33+'23'!J33+'24'!J33+'25'!J33+'26'!J33+'27'!J33+'28'!J33+'29'!J33+'30'!J33+'31'!J33 -> 0 | L34: 30 | M34: =+'30'!K93 -> 0 | N34: =+'30'!K98 -> 0 | P34: =+'30'!K94 -> 0 | Q34: =+'30'!K97 -> 0 | R34: =+'30'!K95 -> 0 | S34: =+M34-N34-P34-Q34-R34 -> 0 | T34: =+'30'!K100 -> 0 | U34: =+T34-S34 -> 0
A35: 31 | B35: ปืน | C35: =+ยกมา!C34 -> 0 | D35: =+'1'!D34+'2'!D34+'3'!D34+'4'!D34+'5'!D34+'6'!D34+'7'!D34+'8'!D34+'9'!D34+'10'!D34+'11'!D34+'12'!D34+'13'!D34+'14'!D34+'15'!D34+'16'!D34+'17'!D34+'18'!D34+'19'!D34+'20'!D34+'21'!D34+'22'!D34+'23'!D34+'24'!D34+'25'!D34+'26'!D34+'27'!D34+'28'!D34+'29'!D34+'30'!D34+'31'!D34 -> 0 | E35: =+C35+D35 -> 0 | F35: =+'1'!F34+'2'!F34+'3'!F34+'4'!F34+'5'!F34+'6'!F34+'7'!F34+'8'!F34+'9'!F34+'10'!F34+'11'!F34+'12'!F34+'13'!F34+'14'!F34+'15'!F34+'16'!F34+'17'!F34+'18'!F34+'19'!F34+'20'!F34+'21'!F34+'22'!F34+'23'!F34+'24'!F34+'25'!F34+'26'!F34+'27'!F34+'28'!F34+'29'!F34+'30'!F34+'31'!F34 -> 0 | G35: =+E35-F35-H35 -> 0 | H35: =+'1'!H34+'2'!H34+'3'!H34+'4'!H34+'5'!H34+'6'!H34+'7'!H34+'8'!H34+'9'!H34+'10'!H34+'11'!H34+'12'!H34+'13'!H34+'14'!H34+'15'!H34+'16'!H34+'17'!H34+'18'!H34+'19'!H34+'20'!H34+'21'!H34+'22'!H34+'23'!H34+'24'!H34+'25'!H34+'26'!H34+'27'!H34+'28'!H34+'29'!H34+'30'!H34+'31'!H34 -> 0 | I35: 150 | J35: =+'1'!J34+'2'!J34+'3'!J34+'4'!J34+'5'!J34+'6'!J34+'7'!J34+'8'!J34+'9'!J34+'10'!J34+'11'!J34+'12'!J34+'13'!J34+'14'!J34+'15'!J34+'16'!J34+'17'!J34+'18'!J34+'19'!J34+'20'!J34+'21'!J34+'22'!J34+'23'!J34+'24'!J34+'25'!J34+'26'!J34+'27'!J34+'28'!J34+'29'!J34+'30'!J34+'31'!J34 -> 0 | L35: 31 | M35: =+'31'!K93 -> 0 | N35: =+'31'!K98 -> 0 | P35: =+'31'!K94 -> 0 | Q35: =+'31'!K97 -> 0 | R35: =+'31'!K95 -> 0 | S35: =+M35-N35-P35-Q35-R35 -> 0 | T35: =+'31'!K100 -> 0 | U35: =+T35-S35 -> 0
A36: 32 | B36: โมเดลฮีโร่ | C36: =+ยกมา!C35 -> 0 | D36: =+'1'!D35+'2'!D35+'3'!D35+'4'!D35+'5'!D35+'6'!D35+'7'!D35+'8'!D35+'9'!D35+'10'!D35+'11'!D35+'12'!D35+'13'!D35+'14'!D35+'15'!D35+'16'!D35+'17'!D35+'18'!D35+'19'!D35+'20'!D35+'21'!D35+'22'!D35+'23'!D35+'24'!D35+'25'!D35+'26'!D35+'27'!D35+'28'!D35+'29'!D35+'30'!D35+'31'!D35 -> 0 | E36: =+C36+D36 -> 0 | F36: =+'1'!F35+'2'!F35+'3'!F35+'4'!F35+'5'!F35+'6'!F35+'7'!F35+'8'!F35+'9'!F35+'10'!F35+'11'!F35+'12'!F35+'13'!F35+'14'!F35+'15'!F35+'16'!F35+'17'!F35+'18'!F35+'19'!F35+'20'!F35+'21'!F35+'22'!F35+'23'!F35+'24'!F35+'25'!F35+'26'!F35+'27'!F35+'28'!F35+'29'!F35+'30'!F35+'31'!F35 -> 0 | G36: =+E36-F36-H36 -> 0 | H36: =+'1'!H35+'2'!H35+'3'!H35+'4'!H35+'5'!H35+'6'!H35+'7'!H35+'8'!H35+'9'!H35+'10'!H35+'11'!H35+'12'!H35+'13'!H35+'14'!H35+'15'!H35+'16'!H35+'17'!H35+'18'!H35+'19'!H35+'20'!H35+'21'!H35+'22'!H35+'23'!H35+'24'!H35+'25'!H35+'26'!H35+'27'!H35+'28'!H35+'29'!H35+'30'!H35+'31'!H35 -> 0 | I36: 250 | J36: =+'1'!J35+'2'!J35+'3'!J35+'4'!J35+'5'!J35+'6'!J35+'7'!J35+'8'!J35+'9'!J35+'10'!J35+'11'!J35+'12'!J35+'13'!J35+'14'!J35+'15'!J35+'16'!J35+'17'!J35+'18'!J35+'19'!J35+'20'!J35+'21'!J35+'22'!J35+'23'!J35+'24'!J35+'25'!J35+'26'!J35+'27'!J35+'28'!J35+'29'!J35+'30'!J35+'31'!J35 -> 0 | L36: รวม | M36: =SUM(M5:M35) -> 7990 | N36: =SUM(N5:N35) -> 1550 | O36: =SUM(O5:O35) -> 0 | P36: =SUM(P5:P35) -> 0 | Q36: =SUM(Q5:Q35) -> 0 | R36: =SUM(R5:R35) -> 0 | S36: =SUM(S5:S35) -> 6440 | T36: =SUM(T5:T35) -> 6440 | U36: =SUM(U5:U35) -> 0
A37: 33 | B37: กระดานวาดเขียน | C37: =+ยกมา!C36 -> 0 | D37: =+'1'!D36+'2'!D36+'3'!D36+'4'!D36+'5'!D36+'6'!D36+'7'!D36+'8'!D36+'9'!D36+'10'!D36+'11'!D36+'12'!D36+'13'!D36+'14'!D36+'15'!D36+'16'!D36+'17'!D36+'18'!D36+'19'!D36+'20'!D36+'21'!D36+'22'!D36+'23'!D36+'24'!D36+'25'!D36+'26'!D36+'27'!D36+'28'!D36+'29'!D36+'30'!D36+'31'!D36 -> 0 | E37: =+C37+D37 -> 0 | F37: =+'1'!F36+'2'!F36+'3'!F36+'4'!F36+'5'!F36+'6'!F36+'7'!F36+'8'!F36+'9'!F36+'10'!F36+'11'!F36+'12'!F36+'13'!F36+'14'!F36+'15'!F36+'16'!F36+'17'!F36+'18'!F36+'19'!F36+'20'!F36+'21'!F36+'22'!F36+'23'!F36+'24'!F36+'25'!F36+'26'!F36+'27'!F36+'28'!F36+'29'!F36+'30'!F36+'31'!F36 -> 0 | G37: =+E37-F37-H37 -> 0 | H37: =+'1'!H36+'2'!H36+'3'!H36+'4'!H36+'5'!H36+'6'!H36+'7'!H36+'8'!H36+'9'!H36+'10'!H36+'11'!H36+'12'!H36+'13'!H36+'14'!H36+'15'!H36+'16'!H36+'17'!H36+'18'!H36+'19'!H36+'20'!H36+'21'!H36+'22'!H36+'23'!H36+'24'!H36+'25'!H36+'26'!H36+'27'!H36+'28'!H36+'29'!H36+'30'!H36+'31'!H36 -> 0 | I37: 250 | J37: =+'1'!J36+'2'!J36+'3'!J36+'4'!J36+'5'!J36+'6'!J36+'7'!J36+'8'!J36+'9'!J36+'10'!J36+'11'!J36+'12'!J36+'13'!J36+'14'!J36+'15'!J36+'16'!J36+'17'!J36+'18'!J36+'19'!J36+'20'!J36+'21'!J36+'22'!J36+'23'!J36+'24'!J36+'25'!J36+'26'!J36+'27'!J36+'28'!J36+'29'!J36+'30'!J36+'31'!J36 -> 0
A38: 34 | B38: เป็ดแม่ | C38: =+ยกมา!C37 -> 0 | D38: =+'1'!D37+'2'!D37+'3'!D37+'4'!D37+'5'!D37+'6'!D37+'7'!D37+'8'!D37+'9'!D37+'10'!D37+'11'!D37+'12'!D37+'13'!D37+'14'!D37+'15'!D37+'16'!D37+'17'!D37+'18'!D37+'19'!D37+'20'!D37+'21'!D37+'22'!D37+'23'!D37+'24'!D37+'25'!D37+'26'!D37+'27'!D37+'28'!D37+'29'!D37+'30'!D37+'31'!D37 -> 0 | E38: =+C38+D38 -> 0 | F38: =+'1'!F37+'2'!F37+'3'!F37+'4'!F37+'5'!F37+'6'!F37+'7'!F37+'8'!F37+'9'!F37+'10'!F37+'11'!F37+'12'!F37+'13'!F37+'14'!F37+'15'!F37+'16'!F37+'17'!F37+'18'!F37+'19'!F37+'20'!F37+'21'!F37+'22'!F37+'23'!F37+'24'!F37+'25'!F37+'26'!F37+'27'!F37+'28'!F37+'29'!F37+'30'!F37+'31'!F37 -> 0 | G38: =+E38-F38-H38 -> 0 | H38: =+'1'!H37+'2'!H37+'3'!H37+'4'!H37+'5'!H37+'6'!H37+'7'!H37+'8'!H37+'9'!H37+'10'!H37+'11'!H37+'12'!H37+'13'!H37+'14'!H37+'15'!H37+'16'!H37+'17'!H37+'18'!H37+'19'!H37+'20'!H37+'21'!H37+'22'!H37+'23'!H37+'24'!H37+'25'!H37+'26'!H37+'27'!H37+'28'!H37+'29'!H37+'30'!H37+'31'!H37 -> 0 | I38: 250 | J38: =+'1'!J37+'2'!J37+'3'!J37+'4'!J37+'5'!J37+'6'!J37+'7'!J37+'8'!J37+'9'!J37+'10'!J37+'11'!J37+'12'!J37+'13'!J37+'14'!J37+'15'!J37+'16'!J37+'17'!J37+'18'!J37+'19'!J37+'20'!J37+'21'!J37+'22'!J37+'23'!J37+'24'!J37+'25'!J37+'26'!J37+'27'!J37+'28'!J37+'29'!J37+'30'!J37+'31'!J37 -> 0
A39: 35 | B39: เป็ดลูก | C39: =+ยกมา!C38 -> 1 | D39: =+'1'!D38+'2'!D38+'3'!D38+'4'!D38+'5'!D38+'6'!D38+'7'!D38+'8'!D38+'9'!D38+'10'!D38+'11'!D38+'12'!D38+'13'!D38+'14'!D38+'15'!D38+'16'!D38+'17'!D38+'18'!D38+'19'!D38+'20'!D38+'21'!D38+'22'!D38+'23'!D38+'24'!D38+'25'!D38+'26'!D38+'27'!D38+'28'!D38+'29'!D38+'30'!D38+'31'!D38 -> 0 | E39: =+C39+D39 -> 1 | F39: =+'1'!F38+'2'!F38+'3'!F38+'4'!F38+'5'!F38+'6'!F38+'7'!F38+'8'!F38+'9'!F38+'10'!F38+'11'!F38+'12'!F38+'13'!F38+'14'!F38+'15'!F38+'16'!F38+'17'!F38+'18'!F38+'19'!F38+'20'!F38+'21'!F38+'22'!F38+'23'!F38+'24'!F38+'25'!F38+'26'!F38+'27'!F38+'28'!F38+'29'!F38+'30'!F38+'31'!F38 -> 0 | G39: =+E39-F39-H39 -> 1 | H39: =+'1'!H38+'2'!H38+'3'!H38+'4'!H38+'5'!H38+'6'!H38+'7'!H38+'8'!H38+'9'!H38+'10'!H38+'11'!H38+'12'!H38+'13'!H38+'14'!H38+'15'!H38+'16'!H38+'17'!H38+'18'!H38+'19'!H38+'20'!H38+'21'!H38+'22'!H38+'23'!H38+'24'!H38+'25'!H38+'26'!H38+'27'!H38+'28'!H38+'29'!H38+'30'!H38+'31'!H38 -> 0 | I39: 150 | J39: =+'1'!J38+'2'!J38+'3'!J38+'4'!J38+'5'!J38+'6'!J38+'7'!J38+'8'!J38+'9'!J38+'10'!J38+'11'!J38+'12'!J38+'13'!J38+'14'!J38+'15'!J38+'16'!J38+'17'!J38+'18'!J38+'19'!J38+'20'!J38+'21'!J38+'22'!J38+'23'!J38+'24'!J38+'25'!J38+'26'!J38+'27'!J38+'28'!J38+'29'!J38+'30'!J38+'31'!J38 -> 0
A40: 36 | B40: ตัวบีบ | C40: =+ยกมา!C39 -> 0 | D40: =+'1'!D39+'2'!D39+'3'!D39+'4'!D39+'5'!D39+'6'!D39+'7'!D39+'8'!D39+'9'!D39+'10'!D39+'11'!D39+'12'!D39+'13'!D39+'14'!D39+'15'!D39+'16'!D39+'17'!D39+'18'!D39+'19'!D39+'20'!D39+'21'!D39+'22'!D39+'23'!D39+'24'!D39+'25'!D39+'26'!D39+'27'!D39+'28'!D39+'29'!D39+'30'!D39+'31'!D39 -> 0 | E40: =+C40+D40 -> 0 | F40: =+'1'!F39+'2'!F39+'3'!F39+'4'!F39+'5'!F39+'6'!F39+'7'!F39+'8'!F39+'9'!F39+'10'!F39+'11'!F39+'12'!F39+'13'!F39+'14'!F39+'15'!F39+'16'!F39+'17'!F39+'18'!F39+'19'!F39+'20'!F39+'21'!F39+'22'!F39+'23'!F39+'24'!F39+'25'!F39+'26'!F39+'27'!F39+'28'!F39+'29'!F39+'30'!F39+'31'!F39 -> 0 | G40: =+E40-F40-H40 -> 0 | H40: =+'1'!H39+'2'!H39+'3'!H39+'4'!H39+'5'!H39+'6'!H39+'7'!H39+'8'!H39+'9'!H39+'10'!H39+'11'!H39+'12'!H39+'13'!H39+'14'!H39+'15'!H39+'16'!H39+'17'!H39+'18'!H39+'19'!H39+'20'!H39+'21'!H39+'22'!H39+'23'!H39+'24'!H39+'25'!H39+'26'!H39+'27'!H39+'28'!H39+'29'!H39+'30'!H39+'31'!H39 -> 0 | I40: 60 | J40: =+'1'!J39+'2'!J39+'3'!J39+'4'!J39+'5'!J39+'6'!J39+'7'!J39+'8'!J39+'9'!J39+'10'!J39+'11'!J39+'12'!J39+'13'!J39+'14'!J39+'15'!J39+'16'!J39+'17'!J39+'18'!J39+'19'!J39+'20'!J39+'21'!J39+'22'!J39+'23'!J39+'24'!J39+'25'!J39+'26'!J39+'27'!J39+'28'!J39+'29'!J39+'30'!J39+'31'!J39 -> 0
A41: 37 | B41: ลานม้า | C41: =+ยกมา!C40 -> 0 | D41: =+'1'!D40+'2'!D40+'3'!D40+'4'!D40+'5'!D40+'6'!D40+'7'!D40+'8'!D40+'9'!D40+'10'!D40+'11'!D40+'12'!D40+'13'!D40+'14'!D40+'15'!D40+'16'!D40+'17'!D40+'18'!D40+'19'!D40+'20'!D40+'21'!D40+'22'!D40+'23'!D40+'24'!D40+'25'!D40+'26'!D40+'27'!D40+'28'!D40+'29'!D40+'30'!D40+'31'!D40 -> 0 | E41: =+C41+D41 -> 0 | F41: =+'1'!F40+'2'!F40+'3'!F40+'4'!F40+'5'!F40+'6'!F40+'7'!F40+'8'!F40+'9'!F40+'10'!F40+'11'!F40+'12'!F40+'13'!F40+'14'!F40+'15'!F40+'16'!F40+'17'!F40+'18'!F40+'19'!F40+'20'!F40+'21'!F40+'22'!F40+'23'!F40+'24'!F40+'25'!F40+'26'!F40+'27'!F40+'28'!F40+'29'!F40+'30'!F40+'31'!F40 -> 0 | G41: =+E41-F41-H41 -> 0 | H41: =+'1'!H40+'2'!H40+'3'!H40+'4'!H40+'5'!H40+'6'!H40+'7'!H40+'8'!H40+'9'!H40+'10'!H40+'11'!H40+'12'!H40+'13'!H40+'14'!H40+'15'!H40+'16'!H40+'17'!H40+'18'!H40+'19'!H40+'20'!H40+'21'!H40+'22'!H40+'23'!H40+'24'!H40+'25'!H40+'26'!H40+'27'!H40+'28'!H40+'29'!H40+'30'!H40+'31'!H40 -> 0 | I41: 100 | J41: =+'1'!J40+'2'!J40+'3'!J40+'4'!J40+'5'!J40+'6'!J40+'7'!J40+'8'!J40+'9'!J40+'10'!J40+'11'!J40+'12'!J40+'13'!J40+'14'!J40+'15'!J40+'16'!J40+'17'!J40+'18'!J40+'19'!J40+'20'!J40+'21'!J40+'22'!J40+'23'!J40+'24'!J40+'25'!J40+'26'!J40+'27'!J40+'28'!J40+'29'!J40+'30'!J40+'31'!J40 -> 0
A42: 38 | B42: กระดานวาดเขียน(ใหม่) | C42: =+ยกมา!C41 -> 0 | D42: =+'1'!D41+'2'!D41+'3'!D41+'4'!D41+'5'!D41+'6'!D41+'7'!D41+'8'!D41+'9'!D41+'10'!D41+'11'!D41+'12'!D41+'13'!D41+'14'!D41+'15'!D41+'16'!D41+'17'!D41+'18'!D41+'19'!D41+'20'!D41+'21'!D41+'22'!D41+'23'!D41+'24'!D41+'25'!D41+'26'!D41+'27'!D41+'28'!D41+'29'!D41+'30'!D41+'31'!D41 -> 0 | E42: =+C42+D42 -> 0 | F42: =+'1'!F41+'2'!F41+'3'!F41+'4'!F41+'5'!F41+'6'!F41+'7'!F41+'8'!F41+'9'!F41+'10'!F41+'11'!F41+'12'!F41+'13'!F41+'14'!F41+'15'!F41+'16'!F41+'17'!F41+'18'!F41+'19'!F41+'20'!F41+'21'!F41+'22'!F41+'23'!F41+'24'!F41+'25'!F41+'26'!F41+'27'!F41+'28'!F41+'29'!F41+'30'!F41+'31'!F41 -> 0 | G42: =+E42-F42-H42 -> 0 | H42: =+'1'!H41+'2'!H41+'3'!H41+'4'!H41+'5'!H41+'6'!H41+'7'!H41+'8'!H41+'9'!H41+'10'!H41+'11'!H41+'12'!H41+'13'!H41+'14'!H41+'15'!H41+'16'!H41+'17'!H41+'18'!H41+'19'!H41+'20'!H41+'21'!H41+'22'!H41+'23'!H41+'24'!H41+'25'!H41+'26'!H41+'27'!H41+'28'!H41+'29'!H41+'30'!H41+'31'!H41 -> 0 | I42: 200 | J42: =+'1'!J41+'2'!J41+'3'!J41+'4'!J41+'5'!J41+'6'!J41+'7'!J41+'8'!J41+'9'!J41+'10'!J41+'11'!J41+'12'!J41+'13'!J41+'14'!J41+'15'!J41+'16'!J41+'17'!J41+'18'!J41+'19'!J41+'20'!J41+'21'!J41+'22'!J41+'23'!J41+'24'!J41+'25'!J41+'26'!J41+'27'!J41+'28'!J41+'29'!J41+'30'!J41+'31'!J41 -> 0
A43: 39 | B43: ตุ๊กตา | C43: =+ยกมา!C42 -> 0 | D43: =+'1'!D42+'2'!D42+'3'!D42+'4'!D42+'5'!D42+'6'!D42+'7'!D42+'8'!D42+'9'!D42+'10'!D42+'11'!D42+'12'!D42+'13'!D42+'14'!D42+'15'!D42+'16'!D42+'17'!D42+'18'!D42+'19'!D42+'20'!D42+'21'!D42+'22'!D42+'23'!D42+'24'!D42+'25'!D42+'26'!D42+'27'!D42+'28'!D42+'29'!D42+'30'!D42+'31'!D42 -> 0 | E43: =+C43+D43 -> 0 | F43: =+'1'!F42+'2'!F42+'3'!F42+'4'!F42+'5'!F42+'6'!F42+'7'!F42+'8'!F42+'9'!F42+'10'!F42+'11'!F42+'12'!F42+'13'!F42+'14'!F42+'15'!F42+'16'!F42+'17'!F42+'18'!F42+'19'!F42+'20'!F42+'21'!F42+'22'!F42+'23'!F42+'24'!F42+'25'!F42+'26'!F42+'27'!F42+'28'!F42+'29'!F42+'30'!F42+'31'!F42 -> 0 | G43: =+E43-F43-H43 -> 0 | H43: =+'1'!H42+'2'!H42+'3'!H42+'4'!H42+'5'!H42+'6'!H42+'7'!H42+'8'!H42+'9'!H42+'10'!H42+'11'!H42+'12'!H42+'13'!H42+'14'!H42+'15'!H42+'16'!H42+'17'!H42+'18'!H42+'19'!H42+'20'!H42+'21'!H42+'22'!H42+'23'!H42+'24'!H42+'25'!H42+'26'!H42+'27'!H42+'28'!H42+'29'!H42+'30'!H42+'31'!H42 -> 0 | I43: 150 | J43: =+'1'!J42+'2'!J42+'3'!J42+'4'!J42+'5'!J42+'6'!J42+'7'!J42+'8'!J42+'9'!J42+'10'!J42+'11'!J42+'12'!J42+'13'!J42+'14'!J42+'15'!J42+'16'!J42+'17'!J42+'18'!J42+'19'!J42+'20'!J42+'21'!J42+'22'!J42+'23'!J42+'24'!J42+'25'!J42+'26'!J42+'27'!J42+'28'!J42+'29'!J42+'30'!J42+'31'!J42 -> 0
A44: 40 | B44: ตุ๊กตานางฟ้าเต้น | C44: =+ยกมา!C43 -> 0 | D44: =+'1'!D43+'2'!D43+'3'!D43+'4'!D43+'5'!D43+'6'!D43+'7'!D43+'8'!D43+'9'!D43+'10'!D43+'11'!D43+'12'!D43+'13'!D43+'14'!D43+'15'!D43+'16'!D43+'17'!D43+'18'!D43+'19'!D43+'20'!D43+'21'!D43+'22'!D43+'23'!D43+'24'!D43+'25'!D43+'26'!D43+'27'!D43+'28'!D43+'29'!D43+'30'!D43+'31'!D43 -> 0 | E44: =+C44+D44 -> 0 | F44: =+'1'!F43+'2'!F43+'3'!F43+'4'!F43+'5'!F43+'6'!F43+'7'!F43+'8'!F43+'9'!F43+'10'!F43+'11'!F43+'12'!F43+'13'!F43+'14'!F43+'15'!F43+'16'!F43+'17'!F43+'18'!F43+'19'!F43+'20'!F43+'21'!F43+'22'!F43+'23'!F43+'24'!F43+'25'!F43+'26'!F43+'27'!F43+'28'!F43+'29'!F43+'30'!F43+'31'!F43 -> 0 | G44: =+E44-F44-H44 -> 0 | H44: =+'1'!H43+'2'!H43+'3'!H43+'4'!H43+'5'!H43+'6'!H43+'7'!H43+'8'!H43+'9'!H43+'10'!H43+'11'!H43+'12'!H43+'13'!H43+'14'!H43+'15'!H43+'16'!H43+'17'!H43+'18'!H43+'19'!H43+'20'!H43+'21'!H43+'22'!H43+'23'!H43+'24'!H43+'25'!H43+'26'!H43+'27'!H43+'28'!H43+'29'!H43+'30'!H43+'31'!H43 -> 0 | I44: 400 | J44: =+'1'!J43+'2'!J43+'3'!J43+'4'!J43+'5'!J43+'6'!J43+'7'!J43+'8'!J43+'9'!J43+'10'!J43+'11'!J43+'12'!J43+'13'!J43+'14'!J43+'15'!J43+'16'!J43+'17'!J43+'18'!J43+'19'!J43+'20'!J43+'21'!J43+'22'!J43+'23'!J43+'24'!J43+'25'!J43+'26'!J43+'27'!J43+'28'!J43+'29'!J43+'30'!J43+'31'!J43 -> 0
A45: 41 | B45: สลาม | C45: =+ยกมา!C44 -> 7 | D45: =+'1'!D44+'2'!D44+'3'!D44+'4'!D44+'5'!D44+'6'!D44+'7'!D44+'8'!D44+'9'!D44+'10'!D44+'11'!D44+'12'!D44+'13'!D44+'14'!D44+'15'!D44+'16'!D44+'17'!D44+'18'!D44+'19'!D44+'20'!D44+'21'!D44+'22'!D44+'23'!D44+'24'!D44+'25'!D44+'26'!D44+'27'!D44+'28'!D44+'29'!D44+'30'!D44+'31'!D44 -> 0 | E45: =+C45+D45 -> 7 | F45: =+'1'!F44+'2'!F44+'3'!F44+'4'!F44+'5'!F44+'6'!F44+'7'!F44+'8'!F44+'9'!F44+'10'!F44+'11'!F44+'12'!F44+'13'!F44+'14'!F44+'15'!F44+'16'!F44+'17'!F44+'18'!F44+'19'!F44+'20'!F44+'21'!F44+'22'!F44+'23'!F44+'24'!F44+'25'!F44+'26'!F44+'27'!F44+'28'!F44+'29'!F44+'30'!F44+'31'!F44 -> 0 | G45: =+E45-F45-H45 -> 7 | H45: =+'1'!H44+'2'!H44+'3'!H44+'4'!H44+'5'!H44+'6'!H44+'7'!H44+'8'!H44+'9'!H44+'10'!H44+'11'!H44+'12'!H44+'13'!H44+'14'!H44+'15'!H44+'16'!H44+'17'!H44+'18'!H44+'19'!H44+'20'!H44+'21'!H44+'22'!H44+'23'!H44+'24'!H44+'25'!H44+'26'!H44+'27'!H44+'28'!H44+'29'!H44+'30'!H44+'31'!H44 -> 0 | I45: 100 | J45: =+'1'!J44+'2'!J44+'3'!J44+'4'!J44+'5'!J44+'6'!J44+'7'!J44+'8'!J44+'9'!J44+'10'!J44+'11'!J44+'12'!J44+'13'!J44+'14'!J44+'15'!J44+'16'!J44+'17'!J44+'18'!J44+'19'!J44+'20'!J44+'21'!J44+'22'!J44+'23'!J44+'24'!J44+'25'!J44+'26'!J44+'27'!J44+'28'!J44+'29'!J44+'30'!J44+'31'!J44 -> 0
A46: 42 | B46: โฟนโฟน | C46: =+ยกมา!C45 -> 15 | D46: =+'1'!D45+'2'!D45+'3'!D45+'4'!D45+'5'!D45+'6'!D45+'7'!D45+'8'!D45+'9'!D45+'10'!D45+'11'!D45+'12'!D45+'13'!D45+'14'!D45+'15'!D45+'16'!D45+'17'!D45+'18'!D45+'19'!D45+'20'!D45+'21'!D45+'22'!D45+'23'!D45+'24'!D45+'25'!D45+'26'!D45+'27'!D45+'28'!D45+'29'!D45+'30'!D45+'31'!D45 -> 0 | E46: =+C46+D46 -> 15 | F46: =+'1'!F45+'2'!F45+'3'!F45+'4'!F45+'5'!F45+'6'!F45+'7'!F45+'8'!F45+'9'!F45+'10'!F45+'11'!F45+'12'!F45+'13'!F45+'14'!F45+'15'!F45+'16'!F45+'17'!F45+'18'!F45+'19'!F45+'20'!F45+'21'!F45+'22'!F45+'23'!F45+'24'!F45+'25'!F45+'26'!F45+'27'!F45+'28'!F45+'29'!F45+'30'!F45+'31'!F45 -> 0 | G46: =+E46-F46-H46 -> 15 | H46: =+'1'!H45+'2'!H45+'3'!H45+'4'!H45+'5'!H45+'6'!H45+'7'!H45+'8'!H45+'9'!H45+'10'!H45+'11'!H45+'12'!H45+'13'!H45+'14'!H45+'15'!H45+'16'!H45+'17'!H45+'18'!H45+'19'!H45+'20'!H45+'21'!H45+'22'!H45+'23'!H45+'24'!H45+'25'!H45+'26'!H45+'27'!H45+'28'!H45+'29'!H45+'30'!H45+'31'!H45 -> 0 | I46: 300 | J46: =+'1'!J45+'2'!J45+'3'!J45+'4'!J45+'5'!J45+'6'!J45+'7'!J45+'8'!J45+'9'!J45+'10'!J45+'11'!J45+'12'!J45+'13'!J45+'14'!J45+'15'!J45+'16'!J45+'17'!J45+'18'!J45+'19'!J45+'20'!J45+'21'!J45+'22'!J45+'23'!J45+'24'!J45+'25'!J45+'26'!J45+'27'!J45+'28'!J45+'29'!J45+'30'!J45+'31'!J45 -> 0
A47: 43 | B47: กดหัวลาน | C47: =+ยกมา!C46 -> 8 | D47: =+'1'!D46+'2'!D46+'3'!D46+'4'!D46+'5'!D46+'6'!D46+'7'!D46+'8'!D46+'9'!D46+'10'!D46+'11'!D46+'12'!D46+'13'!D46+'14'!D46+'15'!D46+'16'!D46+'17'!D46+'18'!D46+'19'!D46+'20'!D46+'21'!D46+'22'!D46+'23'!D46+'24'!D46+'25'!D46+'26'!D46+'27'!D46+'28'!D46+'29'!D46+'30'!D46+'31'!D46 -> 0 | E47: =+C47+D47 -> 8 | F47: =+'1'!F46+'2'!F46+'3'!F46+'4'!F46+'5'!F46+'6'!F46+'7'!F46+'8'!F46+'9'!F46+'10'!F46+'11'!F46+'12'!F46+'13'!F46+'14'!F46+'15'!F46+'16'!F46+'17'!F46+'18'!F46+'19'!F46+'20'!F46+'21'!F46+'22'!F46+'23'!F46+'24'!F46+'25'!F46+'26'!F46+'27'!F46+'28'!F46+'29'!F46+'30'!F46+'31'!F46 -> 0 | G47: =+E47-F47-H47 -> 8 | H47: =+'1'!H46+'2'!H46+'3'!H46+'4'!H46+'5'!H46+'6'!H46+'7'!H46+'8'!H46+'9'!H46+'10'!H46+'11'!H46+'12'!H46+'13'!H46+'14'!H46+'15'!H46+'16'!H46+'17'!H46+'18'!H46+'19'!H46+'20'!H46+'21'!H46+'22'!H46+'23'!H46+'24'!H46+'25'!H46+'26'!H46+'27'!H46+'28'!H46+'29'!H46+'30'!H46+'31'!H46 -> 0 | I47: 180 | J47: =+'1'!J46+'2'!J46+'3'!J46+'4'!J46+'5'!J46+'6'!J46+'7'!J46+'8'!J46+'9'!J46+'10'!J46+'11'!J46+'12'!J46+'13'!J46+'14'!J46+'15'!J46+'16'!J46+'17'!J46+'18'!J46+'19'!J46+'20'!J46+'21'!J46+'22'!J46+'23'!J46+'24'!J46+'25'!J46+'26'!J46+'27'!J46+'28'!J46+'29'!J46+'30'!J46+'31'!J46 -> 0
A48: 44 | B48: รถแม็คโคร | C48: =+ยกมา!C47 -> 10 | D48: =+'1'!D47+'2'!D47+'3'!D47+'4'!D47+'5'!D47+'6'!D47+'7'!D47+'8'!D47+'9'!D47+'10'!D47+'11'!D47+'12'!D47+'13'!D47+'14'!D47+'15'!D47+'16'!D47+'17'!D47+'18'!D47+'19'!D47+'20'!D47+'21'!D47+'22'!D47+'23'!D47+'24'!D47+'25'!D47+'26'!D47+'27'!D47+'28'!D47+'29'!D47+'30'!D47+'31'!D47 -> 0 | E48: =+C48+D48 -> 10 | F48: =+'1'!F47+'2'!F47+'3'!F47+'4'!F47+'5'!F47+'6'!F47+'7'!F47+'8'!F47+'9'!F47+'10'!F47+'11'!F47+'12'!F47+'13'!F47+'14'!F47+'15'!F47+'16'!F47+'17'!F47+'18'!F47+'19'!F47+'20'!F47+'21'!F47+'22'!F47+'23'!F47+'24'!F47+'25'!F47+'26'!F47+'27'!F47+'28'!F47+'29'!F47+'30'!F47+'31'!F47 -> 0 | G48: =+E48-F48-H48 -> 10 | H48: =+'1'!H47+'2'!H47+'3'!H47+'4'!H47+'5'!H47+'6'!H47+'7'!H47+'8'!H47+'9'!H47+'10'!H47+'11'!H47+'12'!H47+'13'!H47+'14'!H47+'15'!H47+'16'!H47+'17'!H47+'18'!H47+'19'!H47+'20'!H47+'21'!H47+'22'!H47+'23'!H47+'24'!H47+'25'!H47+'26'!H47+'27'!H47+'28'!H47+'29'!H47+'30'!H47+'31'!H47 -> 0 | I48: 200 | J48: =+'1'!J47+'2'!J47+'3'!J47+'4'!J47+'5'!J47+'6'!J47+'7'!J47+'8'!J47+'9'!J47+'10'!J47+'11'!J47+'12'!J47+'13'!J47+'14'!J47+'15'!J47+'16'!J47+'17'!J47+'18'!J47+'19'!J47+'20'!J47+'21'!J47+'22'!J47+'23'!J47+'24'!J47+'25'!J47+'26'!J47+'27'!J47+'28'!J47+'29'!J47+'30'!J47+'31'!J47 -> 0
... A74: 70 | B74: ชิฟฟ่อน สอดไส้ 6 ชิ้น มะพร้าว | C74: =+ยกมา!C73 -> 0 | D74: =+'1'!D73+'2'!D73+'3'!D73+'4'!D73+'5'!D73+'6'!D73+'7'!D73+'8'!D73+'9'!D73+'10'!D73+'11'!D73+'12'!D73+'13'!D73+'14'!D73+'15'!D73+'16'!D73+'17'!D73+'18'!D73+'19'!D73+'20'!D73+'21'!D73+'22'!D73+'23'!D73+'24'!D73+'25'!D73+'26'!D73+'27'!D73+'28'!D73+'29'!D73+'30'!D73+'31'!D73 -> 0 | E74: =+C74+D74 -> 0 | F74: =+'1'!F73+'2'!F73+'3'!F73+'4'!F73+'5'!F73+'6'!F73+'7'!F73+'8'!F73+'9'!F73+'10'!F73+'11'!F73+'12'!F73+'13'!F73+'14'!F73+'15'!F73+'16'!F73+'17'!F73+'18'!F73+'19'!F73+'20'!F73+'21'!F73+'22'!F73+'23'!F73+'24'!F73+'25'!F73+'26'!F73+'27'!F73+'28'!F73+'29'!F73+'30'!F73+'31'!F73 -> 1 | G74: =+E74-F74-H74 -> -1 | H74: =+'1'!H73+'2'!H73+'3'!H73+'4'!H73+'5'!H73+'6'!H73+'7'!H73+'8'!H73+'9'!H73+'10'!H73+'11'!H73+'12'!H73+'13'!H73+'14'!H73+'15'!H73+'16'!H73+'17'!H73+'18'!H73+'19'!H73+'20'!H73+'21'!H73+'22'!H73+'23'!H73+'24'!H73+'25'!H73+'26'!H73+'27'!H73+'28'!H73+'29'!H73+'30'!H73+'31'!H73 -> 0 | I74: 100 | J74: =+'1'!J73+'2'!J73+'3'!J73+'4'!J73+'5'!J73+'6'!J73+'7'!J73+'8'!J73+'9'!J73+'10'!J73+'11'!J73+'12'!J73+'13'!J73+'14'!J73+'15'!J73+'16'!J73+'17'!J73+'18'!J73+'19'!J73+'20'!J73+'21'!J73+'22'!J73+'23'!J73+'24'!J73+'25'!J73+'26'!J73+'27'!J73+'28'!J73+'29'!J73+'30'!J73+'31'!J73 -> 0
A75: 71 | C75: =+ยกมา!C74 -> 0 | D75: =+'1'!D74+'2'!D74+'3'!D74+'4'!D74+'5'!D74+'6'!D74+'7'!D74+'8'!D74+'9'!D74+'10'!D74+'11'!D74+'12'!D74+'13'!D74+'14'!D74+'15'!D74+'16'!D74+'17'!D74+'18'!D74+'19'!D74+'20'!D74+'21'!D74+'22'!D74+'23'!D74+'24'!D74+'25'!D74+'26'!D74+'27'!D74+'28'!D74+'29'!D74+'30'!D74+'31'!D74 -> 0 | E75: =+C75+D75 -> 0 | F75: =+'1'!F74+'2'!F74+'3'!F74+'4'!F74+'5'!F74+'6'!F74+'7'!F74+'8'!F74+'9'!F74+'10'!F74+'11'!F74+'12'!F74+'13'!F74+'14'!F74+'15'!F74+'16'!F74+'17'!F74+'18'!F74+'19'!F74+'20'!F74+'21'!F74+'22'!F74+'23'!F74+'24'!F74+'25'!F74+'26'!F74+'27'!F74+'28'!F74+'29'!F74+'30'!F74+'31'!F74 -> 0 | G75: =+E75-F75-H75 -> 0 | H75: =+'1'!H74+'2'!H74+'3'!H74+'4'!H74+'5'!H74+'6'!H74+'7'!H74+'8'!H74+'9'!H74+'10'!H74+'11'!H74+'12'!H74+'13'!H74+'14'!H74+'15'!H74+'16'!H74+'17'!H74+'18'!H74+'19'!H74+'20'!H74+'21'!H74+'22'!H74+'23'!H74+'24'!H74+'25'!H74+'26'!H74+'27'!H74+'28'!H74+'29'!H74+'30'!H74+'31'!H74 -> 0
A76: 72 | C76: =+ยกมา!C75 -> 0 | D76: =+'1'!D75+'2'!D75+'3'!D75+'4'!D75+'5'!D75+'6'!D75+'7'!D75+'8'!D75+'9'!D75+'10'!D75+'11'!D75+'12'!D75+'13'!D75+'14'!D75+'15'!D75+'16'!D75+'17'!D75+'18'!D75+'19'!D75+'20'!D75+'21'!D75+'22'!D75+'23'!D75+'24'!D75+'25'!D75+'26'!D75+'27'!D75+'28'!D75+'29'!D75+'30'!D75+'31'!D75 -> 0 | E76: =+C76+D76 -> 0 | F76: =+'1'!F75+'2'!F75+'3'!F75+'4'!F75+'5'!F75+'6'!F75+'7'!F75+'8'!F75+'9'!F75+'10'!F75+'11'!F75+'12'!F75+'13'!F75+'14'!F75+'15'!F75+'16'!F75+'17'!F75+'18'!F75+'19'!F75+'20'!F75+'21'!F75+'22'!F75+'23'!F75+'24'!F75+'25'!F75+'26'!F75+'27'!F75+'28'!F75+'29'!F75+'30'!F75+'31'!F75 -> 0 | G76: =+E76-F76-H76 -> 0 | H76: =+'1'!H75+'2'!H75+'3'!H75+'4'!H75+'5'!H75+'6'!H75+'7'!H75+'8'!H75+'9'!H75+'10'!H75+'11'!H75+'12'!H75+'13'!H75+'14'!H75+'15'!H75+'16'!H75+'17'!H75+'18'!H75+'19'!H75+'20'!H75+'21'!H75+'22'!H75+'23'!H75+'24'!H75+'25'!H75+'26'!H75+'27'!H75+'28'!H75+'29'!H75+'30'!H75+'31'!H75 -> 0
A77: 73 | C77: =+ยกมา!C76 -> 0 | D77: =+'1'!D76+'2'!D76+'3'!D76+'4'!D76+'5'!D76+'6'!D76+'7'!D76+'8'!D76+'9'!D76+'10'!D76+'11'!D76+'12'!D76+'13'!D76+'14'!D76+'15'!D76+'16'!D76+'17'!D76+'18'!D76+'19'!D76+'20'!D76+'21'!D76+'22'!D76+'23'!D76+'24'!D76+'25'!D76+'26'!D76+'27'!D76+'28'!D76+'29'!D76+'30'!D76+'31'!D76 -> 0 | E77: =+C77+D77 -> 0 | F77: =+'1'!F76+'2'!F76+'3'!F76+'4'!F76+'5'!F76+'6'!F76+'7'!F76+'8'!F76+'9'!F76+'10'!F76+'11'!F76+'12'!F76+'13'!F76+'14'!F76+'15'!F76+'16'!F76+'17'!F76+'18'!F76+'19'!F76+'20'!F76+'21'!F76+'22'!F76+'23'!F76+'24'!F76+'25'!F76+'26'!F76+'27'!F76+'28'!F76+'29'!F76+'30'!F76+'31'!F76 -> 0 | G77: =+E77-F77-H77 -> 0 | H77: =+'1'!H76+'2'!H76+'3'!H76+'4'!H76+'5'!H76+'6'!H76+'7'!H76+'8'!H76+'9'!H76+'10'!H76+'11'!H76+'12'!H76+'13'!H76+'14'!H76+'15'!H76+'16'!H76+'17'!H76+'18'!H76+'19'!H76+'20'!H76+'21'!H76+'22'!H76+'23'!H76+'24'!H76+'25'!H76+'26'!H76+'27'!H76+'28'!H76+'29'!H76+'30'!H76+'31'!H76 -> 0
A78: 74 | C78: =+ยกมา!C77 -> 0 | D78: =+'1'!D77+'2'!D77+'3'!D77+'4'!D77+'5'!D77+'6'!D77+'7'!D77+'8'!D77+'9'!D77+'10'!D77+'11'!D77+'12'!D77+'13'!D77+'14'!D77+'15'!D77+'16'!D77+'17'!D77+'18'!D77+'19'!D77+'20'!D77+'21'!D77+'22'!D77+'23'!D77+'24'!D77+'25'!D77+'26'!D77+'27'!D77+'28'!D77+'29'!D77+'30'!D77+'31'!D77 -> 0 | E78: =+C78+D78 -> 0 | F78: =+'1'!F77+'2'!F77+'3'!F77+'4'!F77+'5'!F77+'6'!F77+'7'!F77+'8'!F77+'9'!F77+'10'!F77+'11'!F77+'12'!F77+'13'!F77+'14'!F77+'15'!F77+'16'!F77+'17'!F77+'18'!F77+'19'!F77+'20'!F77+'21'!F77+'22'!F77+'23'!F77+'24'!F77+'25'!F77+'26'!F77+'27'!F77+'28'!F77+'29'!F77+'30'!F77+'31'!F77 -> 0 | G78: =+E78-F78-H78 -> 0 | H78: =+'1'!H77+'2'!H77+'3'!H77+'4'!H77+'5'!H77+'6'!H77+'7'!H77+'8'!H77+'9'!H77+'10'!H77+'11'!H77+'12'!H77+'13'!H77+'14'!H77+'15'!H77+'16'!H77+'17'!H77+'18'!H77+'19'!H77+'20'!H77+'21'!H77+'22'!H77+'23'!H77+'24'!H77+'25'!H77+'26'!H77+'27'!H77+'28'!H77+'29'!H77+'30'!H77+'31'!H77 -> 0
A79: 75 | C79: =+ยกมา!C78 -> 0 | D79: =+'1'!D78+'2'!D78+'3'!D78+'4'!D78+'5'!D78+'6'!D78+'7'!D78+'8'!D78+'9'!D78+'10'!D78+'11'!D78+'12'!D78+'13'!D78+'14'!D78+'15'!D78+'16'!D78+'17'!D78+'18'!D78+'19'!D78+'20'!D78+'21'!D78+'22'!D78+'23'!D78+'24'!D78+'25'!D78+'26'!D78+'27'!D78+'28'!D78+'29'!D78+'30'!D78+'31'!D78 -> 0 | E79: =+C79+D79 -> 0 | F79: =+'1'!F78+'2'!F78+'3'!F78+'4'!F78+'5'!F78+'6'!F78+'7'!F78+'8'!F78+'9'!F78+'10'!F78+'11'!F78+'12'!F78+'13'!F78+'14'!F78+'15'!F78+'16'!F78+'17'!F78+'18'!F78+'19'!F78+'20'!F78+'21'!F78+'22'!F78+'23'!F78+'24'!F78+'25'!F78+'26'!F78+'27'!F78+'28'!F78+'29'!F78+'30'!F78+'31'!F78 -> 0 | G79: =+E79-F79-H79 -> 0 | H79: =+'1'!H78+'2'!H78+'3'!H78+'4'!H78+'5'!H78+'6'!H78+'7'!H78+'8'!H78+'9'!H78+'10'!H78+'11'!H78+'12'!H78+'13'!H78+'14'!H78+'15'!H78+'16'!H78+'17'!H78+'18'!H78+'19'!H78+'20'!H78+'21'!H78+'22'!H78+'23'!H78+'24'!H78+'25'!H78+'26'!H78+'27'!H78+'28'!H78+'29'!H78+'30'!H78+'31'!H78 -> 0
A80: 76 | C80: =+ยกมา!C79 -> 0 | D80: =+'1'!D79+'2'!D79+'3'!D79+'4'!D79+'5'!D79+'6'!D79+'7'!D79+'8'!D79+'9'!D79+'10'!D79+'11'!D79+'12'!D79+'13'!D79+'14'!D79+'15'!D79+'16'!D79+'17'!D79+'18'!D79+'19'!D79+'20'!D79+'21'!D79+'22'!D79+'23'!D79+'24'!D79+'25'!D79+'26'!D79+'27'!D79+'28'!D79+'29'!D79+'30'!D79+'31'!D79 -> 0 | E80: =+C80+D80 -> 0 | F80: =+'1'!F79+'2'!F79+'3'!F79+'4'!F79+'5'!F79+'6'!F79+'7'!F79+'8'!F79+'9'!F79+'10'!F79+'11'!F79+'12'!F79+'13'!F79+'14'!F79+'15'!F79+'16'!F79+'17'!F79+'18'!F79+'19'!F79+'20'!F79+'21'!F79+'22'!F79+'23'!F79+'24'!F79+'25'!F79+'26'!F79+'27'!F79+'28'!F79+'29'!F79+'30'!F79+'31'!F79 -> 0 | G80: =+E80-F80-H80 -> 0 | H80: =+'1'!H79+'2'!H79+'3'!H79+'4'!H79+'5'!H79+'6'!H79+'7'!H79+'8'!H79+'9'!H79+'10'!H79+'11'!H79+'12'!H79+'13'!H79+'14'!H79+'15'!H79+'16'!H79+'17'!H79+'18'!H79+'19'!H79+'20'!H79+'21'!H79+'22'!H79+'23'!H79+'24'!H79+'25'!H79+'26'!H79+'27'!H79+'28'!H79+'29'!H79+'30'!H79+'31'!H79 -> 0
A81: 77 | C81: =+ยกมา!C80 -> 0 | D81: =+'1'!D80+'2'!D80+'3'!D80+'4'!D80+'5'!D80+'6'!D80+'7'!D80+'8'!D80+'9'!D80+'10'!D80+'11'!D80+'12'!D80+'13'!D80+'14'!D80+'15'!D80+'16'!D80+'17'!D80+'18'!D80+'19'!D80+'20'!D80+'21'!D80+'22'!D80+'23'!D80+'24'!D80+'25'!D80+'26'!D80+'27'!D80+'28'!D80+'29'!D80+'30'!D80+'31'!D80 -> 0 | E81: =+C81+D81 -> 0 | F81: =+'1'!F80+'2'!F80+'3'!F80+'4'!F80+'5'!F80+'6'!F80+'7'!F80+'8'!F80+'9'!F80+'10'!F80+'11'!F80+'12'!F80+'13'!F80+'14'!F80+'15'!F80+'16'!F80+'17'!F80+'18'!F80+'19'!F80+'20'!F80+'21'!F80+'22'!F80+'23'!F80+'24'!F80+'25'!F80+'26'!F80+'27'!F80+'28'!F80+'29'!F80+'30'!F80+'31'!F80 -> 0 | G81: =+E81-F81-H81 -> 0 | H81: =+'1'!H80+'2'!H80+'3'!H80+'4'!H80+'5'!H80+'6'!H80+'7'!H80+'8'!H80+'9'!H80+'10'!H80+'11'!H80+'12'!H80+'13'!H80+'14'!H80+'15'!H80+'16'!H80+'17'!H80+'18'!H80+'19'!H80+'20'!H80+'21'!H80+'22'!H80+'23'!H80+'24'!H80+'25'!H80+'26'!H80+'27'!H80+'28'!H80+'29'!H80+'30'!H80+'31'!H80 -> 0
A82: 78 | C82: =+ยกมา!C81 -> 0 | D82: =+'1'!D81+'2'!D81+'3'!D81+'4'!D81+'5'!D81+'6'!D81+'7'!D81+'8'!D81+'9'!D81+'10'!D81+'11'!D81+'12'!D81+'13'!D81+'14'!D81+'15'!D81+'16'!D81+'17'!D81+'18'!D81+'19'!D81+'20'!D81+'21'!D81+'22'!D81+'23'!D81+'24'!D81+'25'!D81+'26'!D81+'27'!D81+'28'!D81+'29'!D81+'30'!D81+'31'!D81 -> 0 | E82: =+C82+D82 -> 0 | F82: =+'1'!F81+'2'!F81+'3'!F81+'4'!F81+'5'!F81+'6'!F81+'7'!F81+'8'!F81+'9'!F81+'10'!F81+'11'!F81+'12'!F81+'13'!F81+'14'!F81+'15'!F81+'16'!F81+'17'!F81+'18'!F81+'19'!F81+'20'!F81+'21'!F81+'22'!F81+'23'!F81+'24'!F81+'25'!F81+'26'!F81+'27'!F81+'28'!F81+'29'!F81+'30'!F81+'31'!F81 -> 0 | G82: =+E82-F82-H82 -> 0 | H82: =+'1'!H81+'2'!H81+'3'!H81+'4'!H81+'5'!H81+'6'!H81+'7'!H81+'8'!H81+'9'!H81+'10'!H81+'11'!H81+'12'!H81+'13'!H81+'14'!H81+'15'!H81+'16'!H81+'17'!H81+'18'!H81+'19'!H81+'20'!H81+'21'!H81+'22'!H81+'23'!H81+'24'!H81+'25'!H81+'26'!H81+'27'!H81+'28'!H81+'29'!H81+'30'!H81+'31'!H81 -> 0
A83: 79 | C83: =+ยกมา!C82 -> 0 | D83: =+'1'!D82+'2'!D82+'3'!D82+'4'!D82+'5'!D82+'6'!D82+'7'!D82+'8'!D82+'9'!D82+'10'!D82+'11'!D82+'12'!D82+'13'!D82+'14'!D82+'15'!D82+'16'!D82+'17'!D82+'18'!D82+'19'!D82+'20'!D82+'21'!D82+'22'!D82+'23'!D82+'24'!D82+'25'!D82+'26'!D82+'27'!D82+'28'!D82+'29'!D82+'30'!D82+'31'!D82 -> 0 | E83: =+C83+D83 -> 0 | F83: =+'1'!F82+'2'!F82+'3'!F82+'4'!F82+'5'!F82+'6'!F82+'7'!F82+'8'!F82+'9'!F82+'10'!F82+'11'!F82+'12'!F82+'13'!F82+'14'!F82+'15'!F82+'16'!F82+'17'!F82+'18'!F82+'19'!F82+'20'!F82+'21'!F82+'22'!F82+'23'!F82+'24'!F82+'25'!F82+'26'!F82+'27'!F82+'28'!F82+'29'!F82+'30'!F82+'31'!F82 -> 0 | G83: =+E83-F83-H83 -> 0 | H83: =+'1'!H82+'2'!H82+'3'!H82+'4'!H82+'5'!H82+'6'!H82+'7'!H82+'8'!H82+'9'!H82+'10'!H82+'11'!H82+'12'!H82+'13'!H82+'14'!H82+'15'!H82+'16'!H82+'17'!H82+'18'!H82+'19'!H82+'20'!H82+'21'!H82+'22'!H82+'23'!H82+'24'!H82+'25'!H82+'26'!H82+'27'!H82+'28'!H82+'29'!H82+'30'!H82+'31'!H82 -> 0
A84: 80 | C84: =+ยกมา!C83 -> 0 | D84: =+'1'!D83+'2'!D83+'3'!D83+'4'!D83+'5'!D83+'6'!D83+'7'!D83+'8'!D83+'9'!D83+'10'!D83+'11'!D83+'12'!D83+'13'!D83+'14'!D83+'15'!D83+'16'!D83+'17'!D83+'18'!D83+'19'!D83+'20'!D83+'21'!D83+'22'!D83+'23'!D83+'24'!D83+'25'!D83+'26'!D83+'27'!D83+'28'!D83+'29'!D83+'30'!D83+'31'!D83 -> 0 | E84: =+C84+D84 -> 0 | F84: =+'1'!F83+'2'!F83+'3'!F83+'4'!F83+'5'!F83+'6'!F83+'7'!F83+'8'!F83+'9'!F83+'10'!F83+'11'!F83+'12'!F83+'13'!F83+'14'!F83+'15'!F83+'16'!F83+'17'!F83+'18'!F83+'19'!F83+'20'!F83+'21'!F83+'22'!F83+'23'!F83+'24'!F83+'25'!F83+'26'!F83+'27'!F83+'28'!F83+'29'!F83+'30'!F83+'31'!F83 -> 0 | G84: =+E84-F84-H84 -> 0 | H84: =+'1'!H83+'2'!H83+'3'!H83+'4'!H83+'5'!H83+'6'!H83+'7'!H83+'8'!H83+'9'!H83+'10'!H83+'11'!H83+'12'!H83+'13'!H83+'14'!H83+'15'!H83+'16'!H83+'17'!H83+'18'!H83+'19'!H83+'20'!H83+'21'!H83+'22'!H83+'23'!H83+'24'!H83+'25'!H83+'26'!H83+'27'!H83+'28'!H83+'29'!H83+'30'!H83+'31'!H83 -> 0
A85: 81 | C85: =+ยกมา!C84 -> 0 | D85: =+'1'!D84+'2'!D84+'3'!D84+'4'!D84+'5'!D84+'6'!D84+'7'!D84+'8'!D84+'9'!D84+'10'!D84+'11'!D84+'12'!D84+'13'!D84+'14'!D84+'15'!D84+'16'!D84+'17'!D84+'18'!D84+'19'!D84+'20'!D84+'21'!D84+'22'!D84+'23'!D84+'24'!D84+'25'!D84+'26'!D84+'27'!D84+'28'!D84+'29'!D84+'30'!D84+'31'!D84 -> 0 | E85: =+C85+D85 -> 0 | F85: =+'1'!F84+'2'!F84+'3'!F84+'4'!F84+'5'!F84+'6'!F84+'7'!F84+'8'!F84+'9'!F84+'10'!F84+'11'!F84+'12'!F84+'13'!F84+'14'!F84+'15'!F84+'16'!F84+'17'!F84+'18'!F84+'19'!F84+'20'!F84+'21'!F84+'22'!F84+'23'!F84+'24'!F84+'25'!F84+'26'!F84+'27'!F84+'28'!F84+'29'!F84+'30'!F84+'31'!F84 -> 0 | G85: =+E85-F85-H85 -> 0 | H85: =+'1'!H84+'2'!H84+'3'!H84+'4'!H84+'5'!H84+'6'!H84+'7'!H84+'8'!H84+'9'!H84+'10'!H84+'11'!H84+'12'!H84+'13'!H84+'14'!H84+'15'!H84+'16'!H84+'17'!H84+'18'!H84+'19'!H84+'20'!H84+'21'!H84+'22'!H84+'23'!H84+'24'!H84+'25'!H84+'26'!H84+'27'!H84+'28'!H84+'29'!H84+'30'!H84+'31'!H84 -> 0
A86: 82 | C86: =+ยกมา!C85 -> 0 | D86: =+'1'!D85+'2'!D85+'3'!D85+'4'!D85+'5'!D85+'6'!D85+'7'!D85+'8'!D85+'9'!D85+'10'!D85+'11'!D85+'12'!D85+'13'!D85+'14'!D85+'15'!D85+'16'!D85+'17'!D85+'18'!D85+'19'!D85+'20'!D85+'21'!D85+'22'!D85+'23'!D85+'24'!D85+'25'!D85+'26'!D85+'27'!D85+'28'!D85+'29'!D85+'30'!D85+'31'!D85 -> 0 | E86: =+C86+D86 -> 0 | F86: =+'1'!F85+'2'!F85+'3'!F85+'4'!F85+'5'!F85+'6'!F85+'7'!F85+'8'!F85+'9'!F85+'10'!F85+'11'!F85+'12'!F85+'13'!F85+'14'!F85+'15'!F85+'16'!F85+'17'!F85+'18'!F85+'19'!F85+'20'!F85+'21'!F85+'22'!F85+'23'!F85+'24'!F85+'25'!F85+'26'!F85+'27'!F85+'28'!F85+'29'!F85+'30'!F85+'31'!F85 -> 0 | G86: =+E86-F86-H86 -> 0 | H86: =+'1'!H85+'2'!H85+'3'!H85+'4'!H85+'5'!H85+'6'!H85+'7'!H85+'8'!H85+'9'!H85+'10'!H85+'11'!H85+'12'!H85+'13'!H85+'14'!H85+'15'!H85+'16'!H85+'17'!H85+'18'!H85+'19'!H85+'20'!H85+'21'!H85+'22'!H85+'23'!H85+'24'!H85+'25'!H85+'26'!H85+'27'!H85+'28'!H85+'29'!H85+'30'!H85+'31'!H85 -> 0
... A104: 100 | C104: =+ยกมา!C103 -> 0 | D104: =+'1'!D103+'2'!D103+'3'!D103+'4'!D103+'5'!D103+'6'!D103+'7'!D103+'8'!D103+'9'!D103+'10'!D103+'11'!D103+'12'!D103+'13'!D103+'14'!D103+'15'!D103+'16'!D103+'17'!D103+'18'!D103+'19'!D103+'20'!D103+'21'!D103+'22'!D103+'23'!D103+'24'!D103+'25'!D103+'26'!D103+'27'!D103+'28'!D103+'29'!D103+'30'!D103+'31'!D103 -> 0 | E104: =+C104+D104 -> 0 | F104: =+'1'!F103+'2'!F103+'3'!F103+'4'!F103+'5'!F103+'6'!F103+'7'!F103+'8'!F103+'9'!F103+'10'!F103+'11'!F103+'12'!F103+'13'!F103+'14'!F103+'15'!F103+'16'!F103+'17'!F103+'18'!F103+'19'!F103+'20'!F103+'21'!F103+'22'!F103+'23'!F103+'24'!F103+'25'!F103+'26'!F103+'27'!F103+'28'!F103+'29'!F103+'30'!F103+'31'!F103 -> 0 | G104: =+E104-F104-H104 -> 0 | H104: =+'1'!H103+'2'!H103+'3'!H103+'4'!H103+'5'!H103+'6'!H103+'7'!H103+'8'!H103+'9'!H103+'10'!H103+'11'!H103+'12'!H103+'13'!H103+'14'!H103+'15'!H103+'16'!H103+'17'!H103+'18'!H103+'19'!H103+'20'!H103+'21'!H103+'22'!H103+'23'!H103+'24'!H103+'25'!H103+'26'!H103+'27'!H103+'28'!H103+'29'!H103+'30'!H103+'31'!H103 -> 0
A106: รายละเอียดการจ่ายค่า คอมมิสชั่น
A107: สรุปยอดรับ-จ่าย | C107: ค่าคอมมิสชั่น วัดใหม่สุปดิษฐาราม | E107: หักค่าใช้จ่ายอื่น | G107: ยอดรวมทั้งหมด | J107: =SUM(J5:J104) -> 7990 | K107: โอนหน้าร้าน
A108: ยอดขายหน้าร้าน | B108: =+J110 -> 7990 | C108: ยอดขายรวมทั้งหมด | D108: =+J107 -> 7990 | E108: ค่าโอนเงิน | F108: =SUM(P36) -> 0 | K108: =+R36 -> 0
C109: หัก ส่วนลด | D109: =K110 -> 1550 | F109: 0 | G109: หัก สแกนใช้สิทธิ์ | J109: =-O36 -> 0 | K109: หัก ส่วนลด
A110: ส่วนลด | B110: =+D109 -> 1550 | E110: ค่าใช้จ่ายอื่น | F110: =+Q36 -> 0 | G110: ยอดขายไม่รวม สแกนสิทธิ์ | J110: =+J107-J108 -> 7990 | K110: =+N36 -> 1550
A111: ยอดขายสุทธิ | B111: =B108-B110 -> 6440 | C111: ยอดขายสุทธิ | D111: =+D108-D109 -> 6440 | E111: รวมหักอื่นๆ | F111: =SUM(F108:F110) -> 0 | G111: หัก ค่าใช้จ่ายอื่นๆ | J111: =F111 -> 0
C112: หัก ยอดขายขั้นต่ำ | D112: 100000 | G112: ต้องคงเหลือทั้งหมด | J112: =J110-J111-K108-K110 -> 6440
C113: เหลือยอดคิดคอมมิสชั่น | D113: =D111-D112 -> -93560 | G113: ยอดที่รับจริง | J113: =+T36 -> 6440
C114: ค่าคอมมิสชั่น 4% | D114: 0 | G114: ขาด | J114: 0
G115: เกิน | J115: =+J113-J112 -> 0
F116: โอนเงินเข้าบัญชี ธนาคาร ไทยพาณิชย์ คุณภาณุวัชร วัฒนกิจรุ่งโรจน์

Sheet ยกมา
A1: บูธ วัดใหม่สุปดิษฐาราม วันที่ 1-30/4/2567
A2: ลำดับ | B2: รายการ | C2: ยกมา | D2: รับ | E2: รวม | F2: เปลี่ยน/ | G2: คงเหลือ | H2: รายการขาย | K2: หมายเหตุ | L2: ส่วนลด
F3: คืน/เสีย | H3: จำนวน | I3: @ | J3: เป็นเงิน
A4: 1 | B4: ปังเนยนิ่ม 3 ชิ้น | C4: =+'[1]29'!G4 -> -1 | D4: 0 | E4: =C4+D4 -> -1 | F4: 0 | G4: =+E4-F4-H4 -> -1 | H4: 0 | I4: 55 | J4: =+I4*H4 -> 0 | K4: - | L4: 0 | M4: =SUM(J4-L4) -> 0
A5: 2 | B5: คอนเฟลก (กระปุก) | C5: =+'[1]29'!G5 -> 15 | D5: 0 | E5: =C5+D5 -> 15 | F5: 0 | G5: =+E5-F5-H5 -> 15 | H5: 0 | I5: 60 | J5: =+I5*H5 -> 0 | K5: - | L5: 0 | M5: =SUM(J5-L5) -> 0
A6: 3 | B6: เมอแรงค์ (กระปุก) | C6: =+'[1]29'!G6 -> 11 | D6: 0 | E6: =C6+D6 -> 11 | F6: 0 | G6: =+E6-F6-H6 -> 11 | H6: 0 | I6: 55 | J6: =+I6*H6 -> 0 | K6: - | L6: 0 | M6: =SUM(J6-L6) -> 0
A7: 4 | B7: ท๊อฟฟี่ถั่ว (กระเช้า) | C7: =+'[1]29'!G7 -> 26 | D7: 0 | E7: =C7+D7 -> 26 | F7: 0 | G7: =+E7-F7-H7 -> 26 | H7: 0 | I7: 100 | J7: =+I7*H7 -> 0 | K7: - | L7: 0 | M7: =SUM(J7-L7) -> 0
A8: 5 | B8: ขนมเปี๊ยะไส้ถั่ว | C8: =+'[1]29'!G8 -> 11 | D8: 0 | E8: =C8+D8 -> 11 | F8: 0 | G8: =+E8-F8-H8 -> 11 | H8: 0 | I8: 120 | J8: =+I8*H8 -> 0 | K8: - | L8: 0 | M8: =SUM(J8-L8) -> 0
A9: 6 | B9: ขนมเปี๊ยะไส้เผือก | C9: =+'[1]29'!G9 -> 10 | D9: 0 | E9: =C9+D9 -> 10 | F9: 0 | G9: =+E9-F9-H9 -> 10 | H9: 0 | I9: 120 | J9: =+I9*H9 -> 0 | K9: - | L9: 0 | M9: =SUM(J9-L9) -> 0
A10: 7 | B10: ขนมเปี๊ยะไส้ฟัก | C10: =+'[1]29'!G10 -> 9 | D10: 0 | E10: =C10+D10 -> 9 | F10: 0 | G10: =+E10-F10-H10 -> 9 | H10: 0 | I10: 120 | J10: =+I10*H10 -> 0 | K10: - | L10: 0 | M10: =SUM(J10-L10) -> 0
A11: 8 | B11: ชิฟฟ่อนรวมรส 4 ชิ้น | C11: =+'[1]29'!G11 -> 23 | D11: 0 | E11: =C11+D11 -> 23 | F11: 0 | G11: =+E11-F11-H11 -> 23 | H11: 0 | I11: 55 | J11: =+I11*H11 -> 0 | K11: - | L11: 0 | M11: =SUM(J11-L11) -> 0
A12: 9 | B12: ชิฟฟ่อนรวมรส 8 ชิ้น | C12: =+'[1]29'!G12 -> 17 | D12: 0 | E12: =C12+D12 -> 17 | F12: 0 | G12: =+E12-F12-H12 -> 17 | H12: 0 | I12: 100 | J12: =+I12*H12 -> 0 | K12: - | L12: 0 | M12: =SUM(J12-L12) -> 0
A13: 10 | B13: ชิฟฟ่อนยอดฮิต | C13: =+'[1]29'!G13 -> 11 | D13: 0 | E13: =C13+D13 -> 11 | F13: 0 | G13: =+E13-F13-H13 -> 11 | H13: 0 | I13: 100 | J13: =+I13*H13 -> 0 | K13: - | L13: 0 | M13: =SUM(J13-L13) -> 0
A14: 11 | B14: ชิฟฟ่อนสอดไส้รวมรส 6 ชิ้น | C14: =+'[1]29'!G14 -> 32 | D14: 0 | E14: =C14+D14 -> 32 | F14: 0 | G14: =+E14-F14-H14 -> 32 | H14: 0 | I14: 100 | J14: =+I14*H14 -> 0 | K14: - | L14: 0 | M14: =SUM(J14-L14) -> 0
A15: 12 | B15: เบาหวิวมะพร้าวน้ำหอม 110 กรัม | C15: =+'[1]29'!G15 -> -1 | D15: 0 | E15: =C15+D15 -> -1 | F15: 0 | G15: =+E15-F15-H15 -> -1 | H15: 0 | I15: 50 | J15: =+I15*H15 -> 0 | K15: - | L15: 0 | M15: =SUM(J15-L15) -> 0
... A47: 44 | B47: รถแม็คโคร | C47: =+'[1]29'!G47 -> 10 | D47: 0 | E47: =C47+D47 -> 10 | F47: 0 | G47: =+E47-F47-H47 -> 10 | H47: 0 | I47: 200 | J47: =+I47*H47 -> 0 | K47: - | L47: 0 | M47: =SUM(J47-L47) -> 0
A48: 45 | B48: ดินเบา | C48: =+'[1]29'!G48 -> 0 | D48: 0 | E48: =C48+D48 -> 0 | F48: 0 | G48: =+E48-F48-H48 -> 0 | H48: 0 | I48: 100 | J48: 0 | K48: - | L48: 0 | M48: =SUM(J48-L48) -> 0
A49: 46 | B49: รถตัก | C49: =+'[1]29'!G49 -> 0 | D49: 0 | E49: =C49+D49 -> 0 | F49: 0 | G49: =+E49-F49-H49 -> 0 | H49: 0 | I49: 150 | J49: =+I49*H49 -> 0 | K49: - | L49: 0 | M49: =SUM(J49-L49) -> 0
A50: 47 | B50: ชุดแต่งหน้าเด็ก | C50: =+'[1]29'!G50 -> 0 | D50: 0 | E50: =C50+D50 -> 0 | F50: 0 | G50: =+E50-F50-H50 -> 0 | H50: 0 | I50: 500 | J50: =+I50*H50 -> 0 | K50: - | L50: 0 | M50: =SUM(J50-L50) -> 0
A51: 48 | B51: ไดโนเสาร์ | C51: =+'[1]29'!G51 -> 0 | D51: 0 | E51: =C51+D51 -> 0 | F51: 0 | G51: =+E51-F51-H51 -> 0 | H51: 0 | I51: 100 | J51: =+I51*H51 -> 0 | K51: - | L51: 0 | M51: =SUM(J51-L51) -> 0
A52: 49 | B52: เป็ดฟองอากาศ | C52: =+'[1]29'!G52 -> 0 | D52: 0 | E52: =C52+D52 -> 0 | F52: 0 | G52: =+E52-F52-H52 -> 0 | H52: 0 | I52: 450 | J52: =+I52*H52 -> 0 | K52: - | L52: 0 | M52: =SUM(J52-L52) -> 0
A53: 50 | B53: ปลาโลมา | C53: =+'[1]29'!G53 -> 0 | D53: 0 | E53: =C53+D53 -> 0 | F53: 0 | G53: =+E53-F53-H53 -> 0 | H53: 0 | I53: 400 | J53: =+I53*H53 -> 0 | K53: - | L53: 0 | M53: =SUM(J53-L53) -> 0
A54: 51 | B54: สกุชชี่ซาลาเปา | C54: =+'[1]29'!G54 -> 0 | D54: 0 | E54: =C54+D54 -> 0 | F54: 0 | G54: =+E54-F54-H54 -> 0 | H54: 0 | I54: 100 | J54: =+I54*H54 -> 0 | K54: - | L54: 0 | M54: =SUM(J54-L54) -> 0
A55: 52 | B55: คฑามีไฟ | C55: =+'[1]29'!G55 -> 10 | D55: 0 | E55: =C55+D55 -> 10 | F55: 0 | G55: =+E55-F55-H55 -> 10 | H55: 0 | I55: 200 | J55: =+I55*H55 -> 0 | K55: - | L55: 0 | M55: =SUM(J55-L55) -> 0
A56: 53 | B56: โมชิโมชิ | C56: =+'[1]29'!G56 -> 0 | D56: 0 | E56: =C56+D56 -> 0 | F56: 0 | G56: =+E56-F56-H56 -> 0 | H56: 0 | I56: 80 | J56: =+I56*H56 -> 0 | K56: - | L56: 0 | M56: =SUM(J56-L56) -> 0
A57: 54 | B57: หมูบีบ | C57: =+'[1]29'!G57 -> 0 | D57: 0 | E57: =C57+D57 -> 0 | F57: 0 | G57: =+E57-F57-H57 -> 0 | H57: 0 | I57: 80 | J57: =+I57*H57 -> 0 | K57: - | L57: 0 | M57: =SUM(J57-L57) -> 0
A58: 55 | B58: รถถังช้างมีไฟ | C58: =+'[1]29'!G58 -> 9 | D58: 0 | E58: =C58+D58 -> 9 | F58: 0 | G58: =+E58-F58-H58 -> 9 | H58: 0 | I58: 200 | J58: =+I58*H58 -> 0 | K58: - | L58: 0 | M58: =SUM(J58-L58) -> 0
A59: 56 | B59: ปืนยิงมือ | C59: =+'[1]29'!G59 -> 24 | D59: 0 | E59: =C59+D59 -> 24 | F59: 0 | G59: =+E59-F59-H59 -> 24 | H59: 0 | I59: 150 | J59: =+I59*H59 -> 0 | K59: - | L59: 0 | M59: =SUM(J59-L59) -> 0
A60: 57 | B60: เซ็ทรถเล็ก | C60: =+'[1]29'!G60 -> 7 | D60: 0 | E60: =C60+D60 -> 7 | F60: 0 | G60: =+E60-F60-H60 -> 7 | H60: 0 | I60: 150 | J60: =+I60*H60 -> 0 | K60: - | L60: 0 | M60: =SUM(J60-L60) -> 0
... A70: 67 | B70: ขนมเปี๊ยะ 450 กรัม | C70: =+'[1]29'!G70 -> 53 | D70: 0 | E70: =C70+D70 -> 53 | F70: 0 | G70: =+E70-F70-H70 -> 53 | H70: 0 | I70: 150 | J70: =+I70*H70 -> 0 | K70: - | L70: 0 | M70: =SUM(J70-L70) -> 0
A71: 68 | C71: =+'[1]29'!G71 -> 0 | D71: 0 | E71: =C71+D71 -> 0 | F71: 0 | G71: =+E71-F71-H71 -> 0 | H71: 0 | J71: =+I71*H71 -> 0 | K71: - | L71: 0 | M71: =SUM(J71-L71) -> 0
A72: 69 | C72: =+'[1]29'!G72 -> 0 | D72: 0 | E72: =C72+D72 -> 0 | F72: 0 | G72: =+E72-F72-H72 -> 0 | H72: 0 | J72: =+I72*H72 -> 0 | K72: - | L72: 0 | M72: =SUM(J72-L72) -> 0
A73: 70 | C73: =+'[1]29'!G73 -> 0 | D73: 0 | E73: =C73+D73 -> 0 | F73: 0 | G73: =+E73-F73-H73 -> 0 | H73: 0 | J73: =+I73*H73 -> 0 | K73: - | L73: 0 | M73: =SUM(J73-L73) -> 0
A74: 71 | C74: =+'[1]29'!G74 -> 0 | D74: 0 | E74: =C74+D74 -> 0 | F74: 0 | G74: =+E74-F74-H74 -> 0 | H74: 0 | J74: =+I74*H74 -> 0 | K74: - | L74: 0 | M74: =SUM(J74-L74) -> 0
A75: 72 | C75: =+'[1]29'!G75 -> 0 | D75: 0 | E75: =C75+D75 -> 0 | F75: 0 | G75: =+E75-F75-H75 -> 0 | H75: 0 | J75: =+I75*H75 -> 0 | K75: - | L75: 0 | M75: =SUM(J75-L75) -> 0
A76: 73 | C76: =+'[1]29'!G76 -> 0 | D76: 0 | E76: =C76+D76 -> 0 | F76: 0 | G76: =+E76-F76-H76 -> 0 | H76: 0 | J76: =+I76*H76 -> 0 | K76: - | L76: 0 | M76: =SUM(J76-L76) -> 0
A77: 74 | C77: =+'[1]29'!G77 -> 0 | D77: 0 | E77: =C77+D77 -> 0 | F77: 0 | G77: =+E77-F77-H77 -> 0 | H77: 0 | J77: =+I77*H77 -> 0 | K77: - | L77: 0 | M77: =SUM(J77-L77) -> 0
A78: 75 | C78: =+'[1]29'!G78 -> 0 | D78: 0 | E78: =C78+D78 -> 0 | F78: 0 | G78: =+E78-F78-H78 -> 0 | H78: 0 | J78: =+I78*H78 -> 0 | K78: - | L78: 0 | M78: =SUM(J78-L78) -> 0
A79: 76 | C79: =+'[1]29'!G79 -> 0 | D79: 0 | E79: =C79+D79 -> 0 | F79: 0 | G79: =+E79-F79-H79 -> 0 | H79: 0 | J79: =+I79*H79 -> 0 | K79: - | L79: 0 | M79: =SUM(J79-L79) -> 0
A80: 77 | C80: =+'[1]29'!G80 -> 0 | D80: 0 | E80: =C80+D80 -> 0 | F80: 0 | G80: =+E80-F80-H80 -> 0 | H80: 0 | J80: =+I80*H80 -> 0 | K80: - | L80: 0 | M80: =SUM(J80-L80) -> 0
A81: 78 | C81: =+'[1]29'!G81 -> 0 | D81: 0 | E81: =C81+D81 -> 0 | F81: 0 | G81: =+E81-F81-H81 -> 0 | H81: 0 | J81: =+I81*H81 -> 0 | K81: - | L81: 0 | M81: =SUM(J81-L81) -> 0
A82: 79 | C82: =+'[1]29'!G82 -> 0 | D82: 0 | E82: =C82+D82 -> 0 | F82: 0 | G82: =+E82-F82-H82 -> 0 | H82: 0 | J82: =+I82*H82 -> 0 | K82: - | L82: 0 | M82: =SUM(J82-L82) -> 0
... A89: 86 | C89: =+'[1]29'!G89 -> 0 | D89: 0 | E89: =C89+D89 -> 0 | F89: 0 | G89: =+E89-F89-H89 -> 0 | H89: 0 | J89: =+I89*H89 -> 0 | K89: - | L89: 0 | M89: =SUM(J89-L89) -> 0
A90: 87 | C90: =+'[1]29'!G90 -> 0 | D90: 0 | E90: =C90+D90 -> 0 | F90: 0 | G90: =+E90-F90-H90 -> 0 | H90: 0 | J90: =+I90*H90 -> 0 | K90: - | L90: 0 | M90: =SUM(J90-L90) -> 0 | N90: =SUM(M4:M90) -> 0
L91: 0 | M91: ส่วนลดสินค้า SALE
I93: รวมทั้งหมด | K93: =SUM(J4:J91) -> 0
I94: หัก ค่าโอนเงิน | K94: 0
I95: หัก โอนหน้าร้าน | K95: =SUM(L95:AB95) -> 0
I96: สแกนใช้สิทธิ์ | K96: 0
I97: หัก ค่าใช้จ่ายอื่นๆ | K97: 0
I98: หัก ส่วนลด | K98: =SUM(L4:L91) -> 0
I99: ต้องคงเหลือทั้งหมด | K99: =K93-K94-K95-K97-K98 -> 0
I100: ยอดที่รับจริง | K100: 0
I101: ขาด | K101: =+K100-K99 -> 0
I102: เกิน | K102: =+K100-K99 -> 0
J104: ยอดขายหักส่วนลด | K104: =+K93-K98+K101 -> 0
J105: ยอดเงินสด | K105: =SUM(K94:K97) -> 0
J106: ยอดโอน | K106: =+K100 -> 0

Sheet 1
A1: บูธ วัดใหม่สุปดิษฐาราม วันที่ 1-31/5/2567
A2: ลำดับ | B2: รายการ | C2: ยกมา | D2: รับ | E2: รวม | F2: เปลี่ยน/ | G2: คงเหลือ | H2: รายการขาย | K2: หมายเหตุ | L2: ส่วนลด
F3: คืน/เสีย | H3: จำนวน | I3: @ | J3: เป็นเงิน
A4: 1 | B4: ปังเนยนิ่ม 3 ชิ้น | C4: =+ยกมา!G4 -> -1 | D4: 10 | E4: =C4+D4 -> 9 | F4: 0 | G4: =+E4-F4-H4 -> 8 | H4: 1 | I4: 50 | J4: =+I4*H4 -> 50 | K4: - | L4: 0 | M4: =SUM(J4-L4) -> 50
A5: 2 | B5: คอนเฟลก (กระปุก) | C5: =+ยกมา!G5 -> 15 | D5: 0 | E5: =C5+D5 -> 15 | F5: 0 | G5: =+E5-F5-H5 -> 14 | H5: 1 | I5: 60 | J5: =+I5*H5 -> 60 | K5: - | L5: 0 | M5: =SUM(J5-L5) -> 60
A6: 3 | B6: เมอแรงค์ (กระปุก) | C6: =+ยกมา!G6 -> 11 | D6: 0 | E6: =C6+D6 -> 11 | F6: 0 | G6: =+E6-F6-H6 -> 11 | H6: 0 | I6: 55 | J6: =+I6*H6 -> 0 | K6: - | L6: 0 | M6: =SUM(J6-L6) -> 0
A7: 4 | B7: ท๊อฟฟี่ถั่ว (กระเช้า) | C7: =+ยกมา!G7 -> 26 | D7: 0 | E7: =C7+D7 -> 26 | F7: 0 | G7: =+E7-F7-H7 -> 26 | H7: 0 | I7: 100 | J7: =+I7*H7 -> 0 | K7: - | L7: 0 | M7: =SUM(J7-L7) -> 0
A8: 5 | B8: ขนมเปี๊ยะไส้ถั่ว | C8: =+ยกมา!G8 -> 11 | D8: 0 | E8: =C8+D8 -> 11 | F8: 0 | G8: =+E8-F8-H8 -> 11 | H8: 0 | I8: 120 | J8: =+I8*H8 -> 0 | K8: - | L8: 0 | M8: =SUM(J8-L8) -> 0
A9: 6 | B9: ขนมเปี๊ยะไส้เผือก | C9: =+ยกมา!G9 -> 10 | D9: 0 | E9: =C9+D9 -> 10 | F9: 0 | G9: =+E9-F9-H9 -> 10 | H9: 0 | I9: 120 | J9: =+I9*H9 -> 0 | K9: - | L9: 0 | M9: =SUM(J9-L9) -> 0
A10: 7 | B10: ขนมเปี๊ยะไส้ฟัก | C10: =+ยกมา!G10 -> 9 | D10: 0 | E10: =C10+D10 -> 9 | F10: 0 | G10: =+E10-F10-H10 -> 9 | H10: 0 | I10: 120 | J10: =+I10*H10 -> 0 | K10: - | L10: 0 | M10: =SUM(J10-L10) -> 0
A11: 8 | B11: ชิฟฟ่อนรวมรส 4 ชิ้น | C11: =+ยกมา!G11 -> 23 | D11: 0 | E11: =C11+D11 -> 23 | F11: 0 | G11: =+E11-F11-H11 -> 21 | H11: 2 | I11: 55 | J11: =+I11*H11 -> 110 | K11: - | L11: 0 | M11: =SUM(J11-L11) -> 110
A12: 9 | B12: ชิฟฟ่อนรวมรส 8 ชิ้น | C12: =+ยกมา!G12 -> 17 | D12: 10 | E12: =C12+D12 -> 27 | F12: 0 | G12: =+E12-F12-H12 -> 27 | H12: 0 | I12: 100 | J12: =+I12*H12 -> 0 | K12: - | L12: 0 | M12: =SUM(J12-L12) -> 0
A13: 10 | B13: ชิฟฟ่อนยอดฮิต | C13: =+ยกมา!G13 -> 11 | D13: 0 | E13: =C13+D13 -> 11 | F13: 0 | G13: =+E13-F13-H13 -> 7 | H13: 4 | I13: 100 | J13: =+I13*H13 -> 400 | K13: ลด50% | L13: 200 | M13: =SUM(J13-L13) -> 200
A14: 11 | B14: ชิฟฟ่อนสอดไส้รวมรส 6 ชิ้น | C14: =+ยกมา!G14 -> 32 | D14: 0 | E14: =C14+D14 -> 32 | F14: 0 | G14: =+E14-F14-H14 -> 28 | H14: 4 | I14: 100 | J14: =+I14*H14 -> 400 | K14: ลด50% | L14: 200 | M14: =SUM(J14-L14) -> 200
A15: 12 | B15: เบาหวิวมะพร้าวน้ำหอม 110 กรัม | C15: =+ยกมา!G15 -> -1 | D15: 0 | E15: =C15+D15 -> -1 | F15: 0 | G15: =+E15-F15-H15 -> -1 | H15: 0 | I15: 50 | J15: =+I15*H15 -> 0 | K15: - | L15: 0 | M15: =SUM(J15-L15) -> 0
... A24: 21 | B24: เบาหวิวตาลหอม 110 กรัม | C24: =+ยกมา!G24 -> 0 | D24: 0 | E24: =C24+D24 -> 0 | F24: 0 | G24: =+E24-F24-H24 -> 0 | H24: 0 | I24: 50 | J24: =+I24*H24 -> 0 | K24: - | L24: 0 | M24: =SUM(J24-L24) -> 0
A25: 22 | B25: เบาหวิวกล้วยหอมมะพร้าวเผา 110 กรัม | C25: 0 | D25: 0 | E25: =C25+D25 -> 0 | F25: 0 | G25: =+E25-F25-H25 -> 0 | H25: 0 | I25: 50 | J25: =+I25*H25 -> 0 | K25: - | L25: 0 | M25: =SUM(J25-L25) -> 0
A26: 23 | B26: เบาหวิวเนยสด 110 กรัม | C26: 8 | D26: 5 | E26: =C26+D26 -> 13 | F26: 0 | G26: =+E26-F26-H26 -> 13 | H26: 0 | I26: 50 | J26: =+I26*H26 -> 0 | K26: - | L26: 0 | M26: =SUM(J26-L26) -> 0
A27: 24 | B27: เบาหวิวทุเรียน 110 กรัม | C27: 7 | D27: 5 | E27: =C27+D27 -> 12 | F27: 0 | G27: =+E27-F27-H27 -> 12 | H27: 0 | I27: 50 | J27: =+I27*H27 -> 0 | K27: - | L27: 0 | M27: =SUM(J27-L27) -> 0
A28: 25 | B28: เบาหวิวกาแฟ 110 กรัม | C28: 2 | D28: 5 | E28: =C28+D28 -> 7 | F28: 0 | G28: =+E28-F28-H28 -> 7 | H28: 0 | I28: 50 | J28: =+I28*H28 -> 0 | K28: - | L28: 0 | M28: =SUM(J28-L28) -> 0
A29: 26 | B29: ชิฟฟ่อน สอดไส้บลูเบอรี่ 3 ชิ้น | C29: =+ยกมา!G29 -> 0 | D29: 0 | E29: =C29+D29 -> 0 | F29: 0 | G29: =+E29-F29-H29 -> 0 | H29: 0 | I29: 50 | J29: =+I29*H29 -> 0 | K29: - | L29: 0 | M29: =SUM(J29-L29) -> 0
A30: 27 | B30: ชิฟฟ่อน สอดไส้สตรอเบอร์รี่ 3 ชิ้น | C30: =+ยกมา!G30 -> 0 | D30: 0 | E30: =C30+D30 -> 0 | F30: 0 | G30: =+E30-F30-H30 -> 0 | H30: 0 | I30: 50 | J30: =+I30*H30 -> 0 | K30: - | L30: 0 | M30: =SUM(J30-L30) -> 0
A31: 28 | B31: ชิฟฟ่อนสอดไส้นมฮอกไกโด 3 ชิ้น | C31: =+ยกมา!G31 -> 0 | D31: 0 | E31: =C31+D31 -> 0 | F31: 0 | G31: =+E31-F31-H31 -> 0 | H31: 0 | I31: 50 | J31: =+I31*H31 -> 0 | K31: - | L31: 0 | M31: =SUM(J31-L31) -> 0
A32: 29 | B32: รถลาน | C32: =+ยกมา!G32 -> 13 | D32: 0 | E32: =C32+D32 -> 13 | F32: 0 | G32: =+E32-F32-H32 -> 13 | H32: 0 | I32: 45 | J32: =+I32*H32 -> 0 | K32: - | L32: 0 | M32: =SUM(J32-L32) -> 0
A33: 30 | B33: หัวรถไฟโทมัส | C33: =+ยกมา!G33 -> 13 | D33: 0 | E33: =C33+D33 -> 13 | F33: 0 | G33: =+E33-F33-H33 -> 13 | H33: 0 | I33: 200 | J33: =+I33*H33 -> 0 | K33: - | L33: 0 | M33: =SUM(J33-L33) -> 0
A34: 31 | B34: ปืน | C34: =+ยกมา!G34 -> 0 | D34: 0 | E34: =C34+D34 -> 0 | F34: 0 | G34: =+E34-F34-H34 -> 0 | H34: 0 | I34: 150 | J34: =+I34*H34 -> 0 | K34: - | L34: 0 | M34: =SUM(J34-L34) -> 0
A35: 32 | B35: โมเดลฮีโร่ | C35: =+ยกมา!G35 -> 0 | D35: 0 | E35: =C35+D35 -> 0 | F35: 0 | G35: =+E35-F35-H35 -> 0 | H35: 0 | I35: 250 | J35: =+I35*H35 -> 0 | K35: - | L35: 0 | M35: =SUM(J35-L35) -> 0
A36: 33 | B36: กระดานวาดเขียน | C36: =+ยกมา!G36 -> 0 | D36: 0 | E36: =C36+D36 -> 0 | F36: 0 | G36: =+E36-F36-H36 -> 0 | H36: 0 | I36: 250 | J36: =+I36*H36 -> 0 | K36: - | L36: 0 | M36: =SUM(J36-L36) -> 0
A37: 34 | B37: เป็ดแม่ | C37: =+ยกมา!G37 -> 0 | D37: 0 | E37: =C37+D37 -> 0 | F37: 0 | G37: =+E37-F37-H37 -> 0 | H37: 0 | I37: 250 | J37: =+I37*H37 -> 0 | K37: - | L37: 0 | M37: =SUM(J37-L37) -> 0
A38: 35 | B38: เป็ดลูก | C38: =+ยกมา!G38 -> 1 | D38: 0 | E38: =C38+D38 -> 1 | F38: 0 | G38: =+E38-F38-H38 -> 1 | H38: 0 | I38: 150 | J38: =+I38*H38 -> 0 | K38: - | L38: 0 | M38: =SUM(J38-L38) -> 0
A39: 36 | B39: ตัวบีบ | C39: =+ยกมา!G39 -> 0 | D39: 0 | E39: =C39+D39 -> 0 | F39: 0 | G39: =+E39-F39-H39 -> 0 | H39: 0 | I39: 60 | J39: =+I39*H39 -> 0 | K39: - | L39: 0 | M39: =SUM(J39-L39) -> 0
A40: 37 | B40: ลานม้า | C40: =+ยกมา!G40 -> 0 | D40: 0 | E40: =C40+D40 -> 0 | F40: 0 | G40: =+E40-F40-H40 -> 0 | H40: 0 | I40: 100 | J40: =+I40*H40 -> 0 | K40: - | L40: 0 | M40: =SUM(J40-L40) -> 0
... A70: 67 | B70: ขนมเปี๊ยะ 450 กรัม | C70: =+ยกมา!G70 -> 53 | D70: 0 | E70: =C70+D70 -> 53 | F70: 0 | G70: =+E70-F70-H70 -> 53 | H70: 0 | I70: 150 | J70: =+I70*H70 -> 0 | K70: - | L70: 0 | M70: =SUM(J70-L70) -> 0
C71: =+ยกมา!G71 -> 0 | D71: 0 | E71: =C71+D71 -> 0 | F71: 0 | G71: =+E71-F71-H71 -> 0 | H71: 0 | J71: =+I71*H71 -> 0 | K71: - | L71: 0 | M71: =SUM(J71-L71) -> 0
C72: =+ยกมา!G72 -> 0 | D72: 0 | E72: =C72+D72 -> 0 | F72: 0 | G72: =+E72-F72-H72 -> 0 | H72: 0 | J72: =+I72*H72 -> 0 | K72: - | L72: 0 | M72: =SUM(J72-L72) -> 0
C73: =+ยกมา!G73 -> 0 | D73: 0 | E73: =C73+D73 -> 0 | F73: 0 | G73: =+E73-F73-H73 -> 0 | H73: 0 | J73: =+I73*H73 -> 0 | K73: - | L73: 0 | M73: =SUM(J73-L73) -> 0
C74: =+ยกมา!G74 -> 0 | D74: 0 | E74: =C74+D74 -> 0 | F74: 0 | G74: =+E74-F74-H74 -> 0 | H74: 0 | J74: =+I74*H74 -> 0 | K74: - | L74: 0 | M74: =SUM(J74-L74) -> 0
C75: =+ยกมา!G75 -> 0 | D75: 0 | E75: =C75+D75 -> 0 | F75: 0 | G75: =+E75-F75-H75 -> 0 | H75: 0 | J75: =+I75*H75 -> 0 | K75: - | L75: 0 | M75: =SUM(J75-L75) -> 0
C76: =+ยกมา!G76 -> 0 | D76: 0 | E76: =C76+D76 -> 0 | F76: 0 | G76: =+E76-F76-H76 -> 0 | H76: 0 | J76: =+I76*H76 -> 0 | K76: - | L76: 0 | M76: =SUM(J76-L76) -> 0
C77: =+ยกมา!G77 -> 0 | D77: 0 | E77: =C77+D77 -> 0 | F77: 0 | G77: =+E77-F77-H77 -> 0 | H77: 0 | J77: =+I77*H77 -> 0 | K77: - | L77: 0 | M77: =SUM(J77-L77) -> 0
C78: =+ยกมา!G78 -> 0 | D78: 0 | E78: =C78+D78 -> 0 | F78: 0 | G78: =+E78-F78-H78 -> 0 | H78: 0 | J78: =+I78*H78 -> 0 | K78: - | L78: 0 | M78: =SUM(J78-L78) -> 0
C79: =+ยกมา!G79 -> 0 | D79: 0 | E79: =C79+D79 -> 0 | F79: 0 | G79: =+E79-F79-H79 -> 0 | H79: 0 | J79: =+I79*H79 -> 0 | K79: - | L79: 0 | M79: =SUM(J79-L79) -> 0
C80: =+ยกมา!G80 -> 0 | D80: 0 | E80: =C80+D80 -> 0 | F80: 0 | G80: =+E80-F80-H80 -> 0 | H80: 0 | J80: =+I80*H80 -> 0 | K80: - | L80: 0 | M80: =SUM(J80-L80) -> 0
C81: =+ยกมา!G81 -> 0 | D81: 0 | E81: =C81+D81 -> 0 | F81: 0 | G81: =+E81-F81-H81 -> 0 | H81: 0 | J81: =+I81*H81 -> 0 | K81: - | L81: 0 | M81: =SUM(J81-L81) -> 0
C82: =+ยกมา!G82 -> 0 | D82: 0 | E82: =C82+D82 -> 0 | F82: 0 | G82: =+E82-F82-H82 -> 0 | H82: 0 | J82: =+I82*H82 -> 0 | K82: - | L82: 0 | M82: =SUM(J82-L82) -> 0
... C89: =+ยกมา!G89 -> 0 | D89: 0 | E89: =C89+D89 -> 0 | F89: 0 | G89: =+E89-F89-H89 -> 0 | H89: 0 | J89: =+I89*H89 -> 0 | K89: - | L89: 0 | M89: =SUM(J89-L89) -> 0
C90: =+ยกมา!G90 -> 0 | D90: 0 | E90: =C90+D90 -> 0 | F90: 0 | G90: =+E90-F90-H90 -> 0 | H90: 0 | J90: =+I90*H90 -> 0 | K90: - | L90: 0 | M90: =SUM(J90-L90) -> 0 | N90: =SUM(M4:M90) -> 670
L91: 0 | M91: ส่วนลดสินค้า SALE
I93: รวมทั้งหมด | K93: =SUM(J4:J91) -> 1070
I94: หัก ค่าโอนเงิน | K94: 0
I95: หัก โอนหน้าร้าน | K95: =SUM(L95:AB95) -> 0
I96: สแกนใช้สิทธิ์ | K96: 0
I97: หัก ค่าใช้จ่ายอื่นๆ | K97: 0
I98: หัก ส่วนลด | K98: =SUM(L4:L91) -> 400
I99: ต้องคงเหลือทั้งหมด | K99: =K93-K94-K95-K97-K98 -> 670
I100: ยอดที่รับจริง | K100: 670
I101: ขาด | K101: =+K100-K99 -> 0
I102: เกิน | K102: =+K100-K99 -> 0
J104: ยอดขายหักส่วนลด | K104: =+K93-K98+K101 -> 670
J105: ยอดเงินสด | K105: =SUM(K94:K97) -> 0
J106: ยอดโอน | K106: =+K100 -> 670

Sheet 2
A1: บูธ วัดใหม่สุปดิษฐาราม วันที่ 1-31/5/2567
A2: ลำดับ | B2: รายการ | C2: ยกมา | D2: รับ | E2: รวม | F2: เปลี่ยน/ | G2: คงเหลือ | H2: รายการขาย | K2: หมายเหตุ | L2: ส่วนลด
F3: คืน/เสีย | H3: จำนวน | I3: @ | J3: เป็นเงิน
A4: 1 | B4: ปังเนยนิ่ม 3 ชิ้น | C4: =+'1'!G4 -> 8 | D4: 0 | E4: =C4+D4 -> 8 | F4: 0 | G4: =+E4-F4-H4 -> 8 | H4: 0 | I4: 50 | J4: =+I4*H4 -> 0 | K4: - | L4: 0 | M4: =SUM(J4-L4) -> 0
A5: 2 | B5: คอนเฟลก (กระปุก) | C5: =+'1'!G5 -> 14 | D5: 0 | E5: =C5+D5 -> 14 | F5: 0 | G5: =+E5-F5-H5 -> 14 | H5: 0 | I5: 60 | J5: =+I5*H5 -> 0 | K5: - | L5: 0 | M5: =SUM(J5-L5) -> 0
A6: 3 | B6: เมอแรงค์ (กระปุก) | C6: =+'1'!G6 -> 11 | D6: 0 | E6: =C6+D6 -> 11 | F6: 0 | G6: =+E6-F6-H6 -> 11 | H6: 0 | I6: 55 | J6: =+I6*H6 -> 0 | K6: - | L6: 0 | M6: =SUM(J6-L6) -> 0
A7: 4 | B7: ท๊อฟฟี่ถั่ว (กระเช้า) | C7: =+'1'!G7 -> 26 | D7: 0 | E7: =C7+D7 -> 26 | F7: 0 | G7: =+E7-F7-H7 -> 26 | H7: 0 | I7: 100 | J7: =+I7*H7 -> 0 | K7: - | L7: 0 | M7: =SUM(J7-L7) -> 0
A8: 5 | B8: ขนมเปี๊ยะไส้ถั่ว | C8: =+'1'!G8 -> 11 | D8: 0 | E8: =C8+D8 -> 11 | F8: 0 | G8: =+E8-F8-H8 -> 11 | H8: 0 | I8: 120 | J8: =+I8*H8 -> 0 | K8: - | L8: 0 | M8: =SUM(J8-L8) -> 0
A9: 6 | B9: ขนมเปี๊ยะไส้เผือก | C9: =+'1'!G9 -> 10 | D9: 0 | E9: =C9+D9 -> 10 | F9: 0 | G9: =+E9-F9-H9 -> 10 | H9: 0 | I9: 120 | J9: =+I9*H9 -> 0 | K9: - | L9: 0 | M9: =SUM(J9-L9) -> 0
A10: 7 | B10: ขนมเปี๊ยะไส้ฟัก | C10: =+'1'!G10 -> 9 | D10: 0 | E10: =C10+D10 -> 9 | F10: 0 | G10: =+E10-F10-H10 -> 9 | H10: 0 | I10: 120 | J10: =+I10*H10 -> 0 | K10: - | L10: 0 | M10: =SUM(J10-L10) -> 0
A11: 8 | B11: ชิฟฟ่อนรวมรส 4 ชิ้น | C11: =+'1'!G11 -> 21 | D11: 0 | E11: =C11+D11 -> 21 | F11: 0 | G11: =+E11-F11-H11 -> 21 | H11: 0 | I11: 55 | J11: =+I11*H11 -> 0 | K11: - | L11: 0 | M11: =SUM(J11-L11) -> 0
A12: 9 | B12: ชิฟฟ่อนรวมรส 8 ชิ้น | C12: =+'1'!G12 -> 27 | D12: 0 | E12: =C12+D12 -> 27 | F12: 0 | G12: =+E12-F12-H12 -> 27 | H12: 0 | I12: 100 | J12: =+I12*H12 -> 0 | K12: - | L12: 0 | M12: =SUM(J12-L12) -> 0
A13: 10 | B13: ชิฟฟ่อนยอดฮิต | C13: =+'1'!G13 -> 7 | D13: 0 | E13: =C13+D13 -> 7 | F13: 0 | G13: =+E13-F13-H13 -> 3 | H13: 4 | I13: 100 | J13: =+I13*H13 -> 400 | K13: ลด50% | L13: 200 | M13: =SUM(J13-L13) -> 200
A14: 11 | B14: ชิฟฟ่อนสอดไส้รวมรส 6 ชิ้น | C14: =+'1'!G14 -> 28 | D14: 0 | E14: =C14+D14 -> 28 | F14: 4 | G14: =+E14-F14-H14 -> 22 | H14: 2 | I14: 100 | J14: =+I14*H14 -> 200 | K14: ลด50% | L14: 100 | M14: =SUM(J14-L14) -> 100
A15: 12 | B15: เบาหวิวมะพร้าวน้ำหอม 110 กรัม | C15: =+'1'!G15 -> -1 | D15: 0 | E15: =C15+D15 -> -1 | F15: 0 | G15: =+E15-F15-H15 -> -1 | H15: 0 | I15: 50 | J15: =+I15*H15 -> 0 | K15: - | L15: 0 | M15: =SUM(J15-L15) -> 0
... A38: 35 | B38: เป็ดลูก | C38: =+'1'!G38 -> 1 | D38: 0 | E38: =C38+D38 -> 1 | F38: 0 | G38: =+E38-F38-H38 -> 1 | H38: 0 | I38: 150 | J38: =+I38*H38 -> 0 | K38: - | L38: 0 | M38: =SUM(J38-L38) -> 0
A39: 36 | B39: ตัวบีบ | C39: =+'1'!G39 -> 0 | D39: 0 | E39: =C39+D39 -> 0 | F39: 0 | G39: =+E39-F39-H39 -> 0 | H39: 0 | I39: 60 | J39: =+I39*H39 -> 0 | K39: - | L39: 0
A40: 37 | B40: ลานม้า | C40: =+'1'!G40 -> 0 | D40: 0 | E40: =C40+D40 -> 0 | F40: 0 | G40: =+E40-F40-H40 -> 0 | H40: 0 | I40: 100 | J40: =+I40*H40 -> 0 | K40: - | L40: 0
A41: 38 | B41: กระดานวาดเขียน(ใหม่) | C41: =+'1'!G41 -> 0 | D41: 0 | E41: =C41+D41 -> 0 | F41: 0 | G41: =+E41-F41-H41 -> 0 | H41: 0 | I41: 200 | J41: =+I41*H41 -> 0 | K41: - | L41: 0
A42: 39 | B42: ตุ๊กตา | C42: =+'1'!G42 -> 0 | D42: 0 | E42: =C42+D42 -> 0 | F42: 0 | G42: =+E42-F42-H42 -> 0 | H42: 0 | I42: 150 | J42: =+I42*H42 -> 0 | K42: - | L42: 0
A43: 40 | B43: ตุ๊กตานางฟ้าเต้น | C43: =+'1'!G43 -> 0 | D43: 0 | E43: =C43+D43 -> 0 | F43: 0 | G43: =+E43-F43-H43 -> 0 | H43: 0 | I43: 400 | J43: =+I43*H43 -> 0 | K43: - | L43: 0
A44: 41 | B44: สลาม | C44: =+'1'!G44 -> 7 | D44: 0 | E44: =C44+D44 -> 7 | F44: 0 | G44: =+E44-F44-H44 -> 7 | H44: 0 | I44: 100 | J44: =+I44*H44 -> 0 | K44: - | L44: 0
A45: 42 | B45: โฟนโฟน | C45: =+'1'!G45 -> 15 | D45: 0 | E45: =C45+D45 -> 15 | F45: 0 | G45: =+E45-F45-H45 -> 15 | H45: 0 | I45: 300 | J45: =+I45*H45 -> 0 | K45: - | L45: 0
A46: 43 | B46: กดหัวลาน | C46: =+'1'!G46 -> 8 | D46: 0 | E46: =C46+D46 -> 8 | F46: 0 | G46: =+E46-F46-H46 -> 8 | H46: 0 | I46: 180 | J46: =+I46*H46 -> 0 | K46: - | L46: 0
A47: 44 | B47: รถแม็คโคร | C47: =+'1'!G47 -> 10 | D47: 0 | E47: =C47+D47 -> 10 | F47: 0 | G47: =+E47-F47-H47 -> 10 | H47: 0 | I47: 200 | J47: =+I47*H47 -> 0 | K47: - | L47: 0
A48: 45 | B48: ดินเบา | C48: =+'1'!G48 -> 0 | D48: 0 | E48: =C48+D48 -> 0 | F48: 0 | G48: =+E48-F48-H48 -> 0 | H48: 0 | I48: 100 | J48: =+I48*H48 -> 0 | K48: - | L48: 0
A49: 46 | B49: รถตัก | C49: =+'1'!G49 -> 0 | D49: 0 | E49: =C49+D49 -> 0 | F49: 0 | G49: =+E49-F49-H49 -> 0 | H49: 0 | I49: 150 | J49: =+I49*H49 -> 0 | K49: - | L49: 0
A50: 47 | B50: ชุดแต่งหน้าเด็ก | C50: =+'1'!G50 -> 0 | D50: 0 | E50: =C50+D50 -> 0 | F50: 0 | G50: =+E50-F50-H50 -> 0 | H50: 0 | I50: 500 | J50: =+I50*H50 -> 0 | K50: - | L50: 0
... A58: 55 | B58: รถถังช้างมีไฟ | C58: =+'1'!G58 -> 9 | D58: 0 | E58: =C58+D58 -> 9 | F58: 0 | G58: =+E58-F58-H58 -> 9 | H58: 0 | I58: 200 | J58: =+I58*H58 -> 0 | K58: - | L58: 0
A59: 56 | B59: ปืนยิงมือ | C59: =+'1'!G59 -> 24 | D59: 0 | E59: =C59+D59 -> 24 | F59: 0 | G59: =+E59-F59-H59 -> 24 | H59: 0 | I59: 150 | J59: =+I59*H59 -> 0 | K59: - | L59: 0 | M59: =SUM(J59-L59) -> 0
A60: 57 | B60: เซ็ทรถเล็ก | C60: =+'1'!G60 -> 7 | D60: 0 | E60: =C60+D60 -> 7 | F60: 0 | G60: =+E60-F60-H60 -> 7 | H60: 0 | I60: 150 | J60: =+I60*H60 -> 0 | K60: - | L60: 0 | M60: =SUM(J60-L60) -> 0
A61: 58 | B61: ตุ๊กตาเล็ก | C61: =+'1'!G61 -> 14 | D61: 0 | E61: =C61+D61 -> 14 | F61: 0 | G61: =+E61-F61-H61 -> 14 | H61: 0 | I61: 400 | J61: =+I61*H61 -> 0 | K61: - | L61: 0 | M61: =SUM(J61-L61) -> 0
A62: 59 | B62: ตุ๊กตาใหญ่ | C62: =+'1'!G62 -> 5 | D62: 0 | E62: =C62+D62 -> 5 | F62: 0 | G62: =+E62-F62-H62 -> 5 | H62: 0 | I62: 250 | J62: =+I62*H62 -> 0 | K62: - | L62: 0 | M62: =SUM(J62-L62) -> 0
A63: 60 | B63: ปืนทหาร | C63: =+'1'!G63 -> 4 | D63: 0 | E63: =C63+D63 -> 4 | F63: 0 | G63: =+E63-F63-H63 -> 4 | H63: 0 | I63: 300 | J63: =+I63*H63 -> 0 | K63: - | L63: 0 | M63: =SUM(J63-L63) -> 0
A64: 61 | B64: ปืนมาเวล | C64: =+'1'!G64 -> 4 | D64: 0 | E64: =C64+D64 -> 4 | F64: 0 | G64: =+E64-F64-H64 -> 4 | H64: 0 | I64: 300 | J64: =+I64*H64 -> 0 | K64: - | L64: 0 | M64: =SUM(J64-L64) -> 0
A65: 62 | B65: รถปูน | C65: =+'1'!G65 -> 6 | D65: 0 | E65: =C65+D65 -> 6 | F65: 0 | G65: =+E65-F65-H65 -> 6 | H65: 0 | I65: 300 | J65: =+I65*H65 -> 0 | K65: - | L65: 0 | M65: =SUM(J65-L65) -> 0
A66: 63 | B66: แซนวิชโบราณ | C66: =+'1'!G66 -> 2 | D66: 0 | E66: =C66+D66 -> 2 | F66: 0 | G66: =+E66-F66-H66 -> 2 | H66: 0 | I66: 30 | J66: =+I66*H66 -> 0 | K66: - | L66: 0 | M66: =SUM(J66-L66) -> 0
A67: 64 | B67: เบาหวิวกาแฟ 300 กรัม | C67: =+'1'!G67 -> 0 | D67: 0 | E67: =C67+D67 -> 0 | F67: 0 | G67: =+E67-F67-H67 -> 0 | H67: 0 | I67: 120 | J67: =+I67*H67 -> 0 | K67: - | L67: 0 | M67: =SUM(J67-L67) -> 0
A68: 65 | B68: เบาหวิวมะพร้าว (แพค100g) | C68: =+'1'!G68 -> 0 | D68: 0 | E68: =C68+D68 -> 0 | F68: 0 | G68: =+E68-F68-H68 -> 0 | H68: 0 | I68: 35 | J68: =+I68*H68 -> 0 | K68: - | L68: 0 | M68: =SUM(J68-L68) -> 0
A69: 66 | B69: เปี๊ยะไส้ถั่วไข่เค็ม 6 ชิ้น | C69: =+'1'!G69 -> 2 | D69: 0 | E69: =C69+D69 -> 2 | F69: 0 | G69: =+E69-F69-H69 -> 2 | H69: 0 | I69: 60 | J69: =+I69*H69 -> 0 | K69: - | L69: 0 | M69: =SUM(J69-L69) -> 0
A70: 67 | B70: ขนมเปี๊ยะ 450 กรัม | C70: =+'1'!G70 -> 53 | D70: 0 | E70: =C70+D70 -> 53 | F70: 0 | G70: =+E70-F70-H70 -> 53 | H70: 0 | I70: 150 | J70: =+I70*H70 -> 0 | K70: - | L70: 0 | M70: =SUM(J70-L70) -> 0
A71: 68 | C71: =+'1'!G71 -> 0 | D71: 0 | E71: =C71+D71 -> 0 | F71: 0 | G71: =+E71-F71-H71 -> 0 | H71: 0 | J71: =+I71*H71 -> 0 | K71: - | L71: 0 | M71: =SUM(J71-L71) -> 0
A72: 69 | C72: =+'1'!G72 -> 0 | D72: 0 | E72: =C72+D72 -> 0 | F72: 0 | G72: =+E72-F72-H72 -> 0 | H72: 0 | J72: =+I72*H72 -> 0 | K72: - | L72: 0 | M72: =SUM(J72-L72) -> 0
A73: 70 | C73: =+'1'!G73 -> 0 | D73: 0 | E73: =C73+D73 -> 0 | F73: 0 | G73: =+E73-F73-H73 -> 0 | H73: 0 | J73: =+I73*H73 -> 0 | K73: - | L73: 0 | M73: =SUM(J73-L73) -> 0
A74: 71 | C74: =+'1'!G74 -> 0 | D74: 0 | E74: =C74+D74 -> 0 | F74: 0 | G74: =+E74-F74-H74 -> 0 | H74: 0 | J74: =+I74*H74 -> 0 | K74: - | L74: 0 | M74: =SUM(J74-L74) -> 0
A75: 72 | C75: =+'1'!G75 -> 0 | D75: 0 | E75: =C75+D75 -> 0 | F75: 0 | G75: =+E75-F75-H75 -> 0 | H75: 0 | J75: =+I75*H75 -> 0 | K75: - | L75: 0 | M75: =SUM(J75-L75) -> 0
A76: 73 | C76: =+'1'!G76 -> 0 | D76: 0 | E76: =C76+D76 -> 0 | F76: 0 | G76: =+E76-F76-H76 -> 0 | H76: 0 | J76: =+I76*H76 -> 0 | K76: - | L76: 0 | M76: =SUM(J76-L76) -> 0
A77: 74 | C77: =+'1'!G77 -> 0 | D77: 0 | E77: =C77+D77 -> 0 | F77: 0 | G77: =+E77-F77-H77 -> 0 | H77: 0 | J77: =+I77*H77 -> 0 | K77: - | L77: 0 | M77: =SUM(J77-L77) -> 0
A78: 75 | C78: =+'1'!G78 -> 0 | D78: 0 | E78: =C78+D78 -> 0 | F78: 0 | G78: =+E78-F78-H78 -> 0 | H78: 0 | J78: =+I78*H78 -> 0 | K78: - | L78: 0 | M78: =SUM(J78-L78) -> 0
A79: 76 | C79: =+'1'!G79 -> 0 | D79: 0 | E79: =C79+D79 -> 0 | F79: 0 | G79: =+E79-F79-H79 -> 0 | H79: 0 | J79: =+I79*H79 -> 0 | K79: - | L79: 0 | M79: =SUM(J79-L79) -> 0
A80: 77 | C80: =+'1'!G80 -> 0 | D80: 0 | E80: =C80+D80 -> 0 | F80: 0 | G80: =+E80-F80-H80 -> 0 | H80: 0 | J80: =+I80*H80 -> 0 | K80: - | L80: 0 | M80: =SUM(J80-L80) -> 0
A81: 78 | C81: =+'1'!G81 -> 0 | D81: 0 | E81: =C81+D81 -> 0 | F81: 0 | G81: =+E81-F81-H81 -> 0 | H81: 0 | J81: =+I81*H81 -> 0 | K81: - | L81: 0 | M81: =SUM(J81-L81) -> 0
A82: 79 | C82: =+'1'!G82 -> 0 | D82: 0 | E82: =C82+D82 -> 0 | F82: 0 | G82: =+E82-F82-H82 -> 0 | H82: 0 | J82: =+I82*H82 -> 0 | K82: - | L82: 0 | M82: =SUM(J82-L82) -> 0
... A89: 86 | C89: =+'1'!G89 -> 0 | D89: 0 | E89: =C89+D89 -> 0 | F89: 0 | G89: =+E89-F89-H89 -> 0 | H89: 0 | J89: =+I89*H89 -> 0 | K89: - | L89: 0 | M89: =SUM(J89-L89) -> 0
A90: 87 | C90: =+'1'!G90 -> 0 | D90: 0 | E90: =C90+D90 -> 0 | F90: 0 | G90: =+E90-F90-H90 -> 0 | H90: 0 | J90: =+I90*H90 -> 0 | K90: - | L90: 0 | M90: =SUM(J90-L90) -> 0 | N90: =SUM(M4:M90) -> 300
L91: 0 | M91: ส่วนลดสินค้า SALE
I93: รวมทั้งหมด | K93: =SUM(J4:J91) -> 600
I94: หัก ค่าโอนเงิน | K94: 0
I95: หัก โอนหน้าร้าน | K95: =SUM(L95:AB95) -> 0
I96: สแกนใช้สิทธิ์ | K96: 0
I97: หัก ค่าใช้จ่ายอื่นๆ | K97: 0
I98: หัก ส่วนลด | K98: =SUM(L4:L91) -> 300
I99: ต้องคงเหลือทั้งหมด | K99: =K93-K94-K95-K97-K98 -> 300
I100: ยอดที่รับจริง | K100: 300
I101: ขาด | K101: =+K100-K99 -> 0
I102: เกิน | K102: =+K100-K99 -> 0
J104: ยอดขายหักส่วนลด | K104: =+K93-K98+K101 -> 300
J105: ยอดเงินสด | K105: =SUM(K94:K97) -> 0
J106: ยอดโอน | K106: =+K100 -> 300

Sheet 3
A1: บูธ วัดใหม่สุปดิษฐาราม วันที่ 1-31/5/2567
A2: ลำดับ | B2: รายการ | C2: ยกมา | D2: รับ | E2: รวม | F2: เปลี่ยน/ | G2: คงเหลือ | H2: รายการขาย | K2: หมายเหตุ | L2: ส่วนลด
F3: คืน/เสีย | H3: จำนวน | I3: @ | J3: เป็นเงิน
A4: 1 | B4: ปังเนยนิ่ม 3 ชิ้น | C4: =+'2'!G4 -> 8 | D4: 0 | E4: =C4+D4 -> 8 | F4: 0 | G4: =+E4-F4-H4 -> 7 | H4: 1 | I4: 50 | J4: =+I4*H4 -> 50 | K4: - | L4: 0 | M4: =SUM(J4-L4) -> 50
A5: 2 | B5: คอนเฟลก (กระปุก) | C5: =+'2'!G5 -> 14 | D5: 0 | E5: =C5+D5 -> 14 | F5: 0 | G5: =+E5-F5-H5 -> 14 | H5: 0 | I5: 60 | J5: =+I5*H5 -> 0 | K5: - | L5: 0 | M5: =SUM(J5-L5) -> 0
A6: 3 | B6: เมอแรงค์ (กระปุก) | C6: =+'2'!G6 -> 11 | D6: 0 | E6: =C6+D6 -> 11 | F6: 0 | G6: =+E6-F6-H6 -> 11 | H6: 0 | I6: 55 | J6: =+I6*H6 -> 0 | K6: - | L6: 0 | M6: =SUM(J6-L6) -> 0
A7: 4 | B7: ท๊อฟฟี่ถั่ว (กระเช้า) | C7: =+'2'!G7 -> 26 | D7: 0 | E7: =C7+D7 -> 26 | F7: 0 | G7: =+E7-F7-H7 -> 26 | H7: 0 | I7: 100 | J7: =+I7*H7 -> 0 | K7: - | L7: 0 | M7: =SUM(J7-L7) -> 0
A8: 5 | B8: ขนมเปี๊ยะไส้ถั่ว | C8: =+'2'!G8 -> 11 | D8: 0 | E8: =C8+D8 -> 11 | F8: 0 | G8: =+E8-F8-H8 -> 11 | H8: 0 | I8: 120 | J8: =+I8*H8 -> 0 | K8: - | L8: 0 | M8: =SUM(J8-L8) -> 0
A9: 6 | B9: ขนมเปี๊ยะไส้เผือก | C9: =+'2'!G9 -> 10 | D9: 0 | E9: =C9+D9 -> 10 | F9: 0 | G9: =+E9-F9-H9 -> 10 | H9: 0 | I9: 120 | J9: =+I9*H9 -> 0 | K9: - | L9: 0 | M9: =SUM(J9-L9) -> 0
A10: 7 | B10: ขนมเปี๊ยะไส้ฟัก | C10: =+'2'!G10 -> 9 | D10: 0 | E10: =C10+D10 -> 9 | F10: 0 | G10: =+E10-F10-H10 -> 9 | H10: 0 | I10: 120 | J10: =+I10*H10 -> 0 | K10: - | L10: 0 | M10: =SUM(J10-L10) -> 0
A11: 8 | B11: ชิฟฟ่อนรวมรส 4 ชิ้น | C11: =+'2'!G11 -> 21 | D11: 0 | E11: =C11+D11 -> 21 | F11: 0 | G11: =+E11-F11-H11 -> 21 | H11: 0 | I11: 55 | J11: =+I11*H11 -> 0 | K11: - | L11: 0 | M11: =SUM(J11-L11) -> 0
A12: 9 | B12: ชิฟฟ่อนรวมรส 8 ชิ้น | C12: =+'2'!G12 -> 27 | D12: 0 | E12: =C12+D12 -> 27 | F12: 0 | G12: =+E12-F12-H12 -> 27 | H12: 0 | I12: 100 | J12: =+I12*H12 -> 0 | K12: - | L12: 0 | M12: =SUM(J12-L12) -> 0
A13: 10 | B13: ชิฟฟ่อนยอดฮิต | C13: =+'2'!G13 -> 3 | D13: 0 | E13: =C13+D13 -> 3 | F13: 0 | G13: =+E13-F13-H13 -> 2 | H13: 1 | I13: 100 | J13: =+I13*H13 -> 100 | K13: - | L13: 0 | M13: =SUM(J13-L13) -> 100
A14: 11 | B14: ชิฟฟ่อนสอดไส้รวมรส 6 ชิ้น | C14: =+'2'!G14 -> 22 | D14: 0 | E14: =C14+D14 -> 22 | F14: 0 | G14: =+E14-F14-H14 -> 22 | H14: 0 | I14: 100 | J14: =+I14*H14 -> 0 | K14: - | L14: 0 | M14: =SUM(J14-L14) -> 0
A15: 12 | B15: เบาหวิวมะพร้าวน้ำหอม 110 กรัม | C15: =+'2'!G15 -> -1 | D15: 0 | E15: =C15+D15 -> -1 | F15: 0 | G15: =+E15-F15-H15 -> -1 | H15: 0 | I15: 50 | J15: =+I15*H15 -> 0 | K15: - | L15: 0 | M15: =SUM(J15-L15) -> 0
... A70: 67 | B70: ขนมเปี๊ยะ 450 กรัม | C70: =+'2'!G70 -> 53 | D70: 0 | E70: =C70+D70 -> 53 | F70: 0 | G70: =+E70-F70-H70 -> 53 | H70: 0 | I70: 150 | J70: =+I70*H70 -> 0 | K70: - | L70: 0 | M70: =SUM(J70-L70) -> 0
A71: 68 | C71: =+'2'!G71 -> 0 | D71: 0 | E71: =C71+D71 -> 0 | F71: 0 | G71: =+E71-F71-H71 -> 0 | H71: 0 | J71: =+I71*H71 -> 0 | K71: - | L71: 0 | M71: =SUM(J71-L71) -> 0
A72: 69 | C72: =+'2'!G72 -> 0 | D72: 0 | E72: =C72+D72 -> 0 | F72: 0 | G72: =+E72-F72-H72 -> 0 | H72: 0 | J72: =+I72*H72 -> 0 | K72: - | L72: 0 | M72: =SUM(J72-L72) -> 0
A73: 70 | C73: =+'2'!G73 -> 0 | D73: 0 | E73: =C73+D73 -> 0 | F73: 0 | G73: =+E73-F73-H73 -> 0 | H73: 0 | J73: =+I73*H73 -> 0 | K73: - | L73: 0 | M73: =SUM(J73-L73) -> 0
A74: 71 | C74: =+'2'!G74 -> 0 | D74: 0 | E74: =C74+D74 -> 0 | F74: 0 | G74: =+E74-F74-H74 -> 0 | H74: 0 | J74: =+I74*H74 -> 0 | K74: - | L74: 0 | M74: =SUM(J74-L74) -> 0
A75: 72 | C75: =+'2'!G75 -> 0 | D75: 0 | E75: =C75+D75 -> 0 | F75: 0 | G75: =+E75-F75-H75 -> 0 | H75: 0 | J75: =+I75*H75 -> 0 | K75: - | L75: 0 | M75: =SUM(J75-L75) -> 0
A76: 73 | C76: =+'2'!G76 -> 0 | D76: 0 | E76: =C76+D76 -> 0 | F76: 0 | G76: =+E76-F76-H76 -> 0 | H76: 0 | J76: =+I76*H76 -> 0 | K76: - | L76: 0 | M76: =SUM(J76-L76) -> 0
A77: 74 | C77: =+'2'!G77 -> 0 | D77: 0 | E77: =C77+D77 -> 0 | F77: 0 | G77: =+E77-F77-H77 -> 0 | H77: 0 | J77: =+I77*H77 -> 0 | K77: - | L77: 0 | M77: =SUM(J77-L77) -> 0
A78: 75 | C78: =+'2'!G78 -> 0 | D78: 0 | E78: =C78+D78 -> 0 | F78: 0 | G78: =+E78-F78-H78 -> 0 | H78: 0 | J78: =+I78*H78 -> 0 | K78: - | L78: 0 | M78: =SUM(J78-L78) -> 0
A79: 76 | C79: =+'2'!G79 -> 0 | D79: 0 | E79: =C79+D79 -> 0 | F79: 0 | G79: =+E79-F79-H79 -> 0 | H79: 0 | J79: =+I79*H79 -> 0 | K79: - | L79: 0 | M79: =SUM(J79-L79) -> 0
A80: 77 | C80: =+'2'!G80 -> 0 | D80: 0 | E80: =C80+D80 -> 0 | F80: 0 | G80: =+E80-F80-H80 -> 0 | H80: 0 | J80: =+I80*H80 -> 0 | K80: - | L80: 0 | M80: =SUM(J80-L80) -> 0
A81: 78 | C81: =+'2'!G81 -> 0 | D81: 0 | E81: =C81+D81 -> 0 | F81: 0 | G81: =+E81-F81-H81 -> 0 | H81: 0 | J81: =+I81*H81 -> 0 | K81: - | L81: 0 | M81: =SUM(J81-L81) -> 0
A82: 79 | C82: =+'2'!G82 -> 0 | D82: 0 | E82: =C82+D82 -> 0 | F82: 0 | G82: =+E82-F82-H82 -> 0 | H82: 0 | J82: =+I82*H82 -> 0 | K82: - | L82: 0 | M82: =SUM(J82-L82) -> 0
... A89: 86 | C89: =+'2'!G89 -> 0 | D89: 0 | E89: =C89+D89 -> 0 | F89: 0 | G89: =+E89-F89-H89 -> 0 | H89: 0 | J89: =+I89*H89 -> 0 | K89: - | L89: 0 | M89: =SUM(J89-L89) -> 0
A90: 87 | C90: =+'2'!G90 -> 0 | D90: 0 | E90: =C90+D90 -> 0 | F90: 0 | G90: =+E90-F90-H90 -> 0 | H90: 0 | J90: =+I90*H90 -> 0 | K90: - | L90: 0 | M90: =SUM(J90-L90) -> 0 | N90: =SUM(M4:M90) -> 200
L91: 0 | M91: ส่วนลดสินค้า SALE
I93: รวมทั้งหมด | K93: =SUM(J4:J91) -> 200
I94: หัก ค่าโอนเงิน | K94: 0
I95: หัก โอนหน้าร้าน | K95: =SUM(L95:AB95) -> 0
I96: สแกนใช้สิทธิ์ | K96: 0
I97: หัก ค่าใช้จ่ายอื่นๆ | K97: 0
I98: หัก ส่วนลด | K98: =SUM(L4:L91) -> 0
I99: ต้องคงเหลือทั้งหมด | K99: =K93-K94-K95-K97-K98 -> 200
I100: ยอดที่รับจริง | K100: 200
I101: ขาด | K101: =+K100-K99 -> 0
I102: เกิน | K102: =+K100-K99 -> 0
J104: ยอดขายหักส่วนลด | K104: =+K93-K98+K101 -> 200
J105: ยอดเงินสด | K105: =SUM(K94:K97) -> 0
J106: ยอดโอน | K106: =+K100 -> 200

Sheet 4
A1: บูธ วัดใหม่สุปดิษฐาราม วันที่ 1-31/5/2567
A2: ลำดับ | B2: รายการ | C2: ยกมา | D2: รับ | E2: รวม | F2: เปลี่ยน/ | G2: คงเหลือ | H2: รายการขาย | K2: หมายเหตุ | L2: ส่วนลด
F3: คืน/เสีย | H3: จำนวน | I3: @ | J3: เป็นเงิน
A4: 1 | B4: ปังเนยนิ่ม 3 ชิ้น | C4: =+'3'!G4 -> 7 | D4: 0 | E4: =C4+D4 -> 7 | F4: 0 | G4: =+E4-F4-H4 -> 7 | H4: 0 | I4: 50 | J4: =+I4*H4 -> 0 | K4: - | L4: 0 | M4: =SUM(J4-L4) -> 0
A5: 2 | B5: คอนเฟลก (กระปุก) | C5: =+'3'!G5 -> 14 | D5: 0 | E5: =C5+D5 -> 14 | F5: 0 | G5: =+E5-F5-H5 -> 14 | H5: 0 | I5: 60 | J5: =+I5*H5 -> 0 | K5: - | L5: 0 | M5: =SUM(J5-L5) -> 0
A6: 3 | B6: เมอแรงค์ (กระปุก) | C6: =+'3'!G6 -> 11 | D6: 0 | E6: =C6+D6 -> 11 | F6: 0 | G6: =+E6-F6-H6 -> 11 | H6: 0 | I6: 55 | J6: =+I6*H6 -> 0 | K6: - | L6: 0 | M6: =SUM(J6-L6) -> 0
A7: 4 | B7: ท๊อฟฟี่ถั่ว (กระเช้า) | C7: =+'3'!G7 -> 26 | D7: 0 | E7: =C7+D7 -> 26 | F7: 0 | G7: =+E7-F7-H7 -> 26 | H7: 0 | I7: 100 | J7: =+I7*H7 -> 0 | K7: - | L7: 0 | M7: =SUM(J7-L7) -> 0
A8: 5 | B8: ขนมเปี๊ยะไส้ถั่ว | C8: =+'3'!G8 -> 11 | D8: 0 | E8: =C8+D8 -> 11 | F8: 0 | G8: =+E8-F8-H8 -> 11 | H8: 0 | I8: 120 | J8: =+I8*H8 -> 0 | K8: - | L8: 0 | M8: =SUM(J8-L8) -> 0
A9: 6 | B9: ขนมเปี๊ยะไส้เผือก | C9: =+'3'!G9 -> 10 | D9: 0 | E9: =C9+D9 -> 10 | F9: 0 | G9: =+E9-F9-H9 -> 10 | H9: 0 | I9: 120 | J9: =+I9*H9 -> 0 | K9: - | L9: 0 | M9: =SUM(J9-L9) -> 0
A10: 7 | B10: ขนมเปี๊ยะไส้ฟัก | C10: =+'3'!G10 -> 9 | D10: 0 | E10: =C10+D10 -> 9 | F10: 0 | G10: =+E10-F10-H10 -> 9 | H10: 0 | I10: 120 | J10: =+I10*H10 -> 0 | K10: - | L10: 0 | M10: =SUM(J10-L10) -> 0
A11: 8 | B11: ชิฟฟ่อนรวมรส 4 ชิ้น | C11: =+'3'!G11 -> 21 | D11: 0 | E11: =C11+D11 -> 21 | F11: 0 | G11: =+E11-F11-H11 -> 21 | H11: 0 | I11: 55 | J11: =+I11*H11 -> 0 | K11: - | L11: 0 | M11: =SUM(J11-L11) -> 0
A12: 9 | B12: ชิฟฟ่อนรวมรส 8 ชิ้น | C12: =+'3'!G12 -> 27 | D12: 0 | E12: =C12+D12 -> 27 | F12: 0 | G12: =+E12-F12-H12 -> 27 | H12: 0 | I12: 100 | J12: =+I12*H12 -> 0 | K12: - | L12: 0 | M12: =SUM(J12-L12) -> 0
A13: 10 | B13: ชิฟฟ่อนยอดฮิต | C13: =+'3'!G13 -> 2 | D13: 0 | E13: =C13+D13 -> 2 | F13: 0 | G13: =+E13-F13-H13 -> 2 | H13: 0 | I13: 100 | J13: =+I13*H13 -> 0 | K13: - | L13: 0 | M13: =SUM(J13-L13) -> 0
A14: 11 | B14: ชิฟฟ่อนสอดไส้รวมรส 6 ชิ้น | C14: =+'3'!G14 -> 22 | D14: 0 | E14: =C14+D14 -> 22 | F14: 0 | G14: =+E14-F14-H14 -> 22 | H14: 0 | I14: 100 | J14: =+I14*H14 -> 0 | K14: - | L14: 0 | M14: =SUM(J14-L14) -> 0
A15: 12 | B15: เบาหวิวมะพร้าวน้ำหอม 110 กรัม | C15: =+'3'!G15 -> -1 | D15: 0 | E15: =C15+D15 -> -1 | F15: 0 | G15: =+E15-F15-H15 -> -1 | H15: 0 | I15: 50 | J15: =+I15*H15 -> 0 | K15: - | L15: 0 | M15: =SUM(J15-L15) -> 0
... A70: 67 | B70: ขนมเปี๊ยะ 450 กรัม | C70: =+'3'!G70 -> 53 | D70: 0 | E70: =C70+D70 -> 53 | F70: 0 | G70: =+E70-F70-H70 -> 52 | H70: 1 | I70: 150 | J70: =+I70*H70 -> 150 | K70: - | L70: 50 | M70: =SUM(J70-L70) -> 100
A71: 68 | C71: =+'3'!G71 -> 0 | D71: 0 | E71: =C71+D71 -> 0 | F71: 0 | G71: =+E71-F71-H71 -> 0 | H71: 0 | J71: =+I71*H71 -> 0 | K71: - | L71: 0 | M71: =SUM(J71-L71) -> 0
A72: 69 | C72: =+'3'!G72 -> 0 | D72: 0 | E72: =C72+D72 -> 0 | F72: 0 | G72: =+E72-F72-H72 -> 0 | H72: 0 | J72: =+I72*H72 -> 0 | K72: - | L72: 0 | M72: =SUM(J72-L72) -> 0
A73: 70 | C73: =+'3'!G73 -> 0 | D73: 0 | E73: =C73+D73 -> 0 | F73: 0 | G73: =+E73-F73-H73 -> 0 | H73: 0 | J73: =+I73*H73 -> 0 | K73: - | L73: 0 | M73: =SUM(J73-L73) -> 0
A74: 71 | C74: =+'3'!G74 -> 0 | D74: 0 | E74: =C74+D74 -> 0 | F74: 0 | G74: =+E74-F74-H74 -> 0 | H74: 0 | J74: =+I74*H74 -> 0 | K74: - | L74: 0 | M74: =SUM(J74-L74) -> 0
A75: 72 | C75: =+'3'!G75 -> 0 | D75: 0 | E75: =C75+D75 -> 0 | F75: 0 | G75: =+E75-F75-H75 -> 0 | H75: 0 | J75: =+I75*H75 -> 0 | K75: - | L75: 0 | M75: =SUM(J75-L75) -> 0
A76: 73 | C76: =+'3'!G76 -> 0 | D76: 0 | E76: =C76+D76 -> 0 | F76: 0 | G76: =+E76-F76-H76 -> 0 | H76: 0 | J76: =+I76*H76 -> 0 | K76: - | L76: 0 | M76: =SUM(J76-L76) -> 0
A77: 74 | C77: =+'3'!G77 -> 0 | D77: 0 | E77: =C77+D77 -> 0 | F77: 0 | G77: =+E77-F77-H77 -> 0 | H77: 0 | J77: =+I77*H77 -> 0 | K77: - | L77: 0 | M77: =SUM(J77-L77) -> 0
A78: 75 | C78: =+'3'!G78 -> 0 | D78: 0 | E78: =C78+D78 -> 0 | F78: 0 | G78: =+E78-F78-H78 -> 0 | H78: 0 | J78: =+I78*H78 -> 0 | K78: - | L78: 0 | M78: =SUM(J78-L78) -> 0
A79: 76 | C79: =+'3'!G79 -> 0 | D79: 0 | E79: =C79+D79 -> 0 | F79: 0 | G79: =+E79-F79-H79 -> 0 | H79: 0 | J79: =+I79*H79 -> 0 | K79: - | L79: 0 | M79: =SUM(J79-L79) -> 0
A80: 77 | C80: =+'3'!G80 -> 0 | D80: 0 | E80: =C80+D80 -> 0 | F80: 0 | G80: =+E80-F80-H80 -> 0 | H80: 0 | J80: =+I80*H80 -> 0 | K80: - | L80: 0 | M80: =SUM(J80-L80) -> 0
A81: 78 | C81: =+'3'!G81 -> 0 | D81: 0 | E81: =C81+D81 -> 0 | F81: 0 | G81: =+E81-F81-H81 -> 0 | H81: 0 | J81: =+I81*H81 -> 0 | K81: - | L81: 0 | M81: =SUM(J81-L81) -> 0
A82: 79 | C82: =+'3'!G82 -> 0 | D82: 0 | E82: =C82+D82 -> 0 | F82: 0 | G82: =+E82-F82-H82 -> 0 | H82: 0 | J82: =+I82*H82 -> 0 | K82: - | L82: 0 | M82: =SUM(J82-L82) -> 0
... A89: 86 | C89: =+'3'!G89 -> 0 | D89: 0 | E89: =C89+D89 -> 0 | F89: 0 | G89: =+E89-F89-H89 -> 0 | H89: 0 | J89: =+I89*H89 -> 0 | K89: - | L89: 0 | M89: =SUM(J89-L89) -> 0
A90: 87 | C90: =+'3'!G90 -> 0 | D90: 0 | E90: =C90+D90 -> 0 | F90: 0 | G90: =+E90-F90-H90 -> 0 | H90: 0 | J90: =+I90*H90 -> 0 | K90: - | L90: 0 | M90: =SUM(J90-L90) -> 0 | N90: =SUM(M4:M90) -> 100
L91: 0 | M91: ส่วนลดสินค้า SALE
I93: รวมทั้งหมด | K93: =SUM(J4:J91) -> 150
I94: หัก ค่าโอนเงิน | K94: 0
I95: หัก โอนหน้าร้าน | K95: =SUM(L95:AB95) -> 0
I96: สแกนใช้สิทธิ์ | K96: 0
I97: หัก ค่าใช้จ่ายอื่นๆ | K97: 0
I98: หัก ส่วนลด | K98: =SUM(L4:L91) -> 50
I99: ต้องคงเหลือทั้งหมด | K99: =K93-K94-K95-K97-K98 -> 100
I100: ยอดที่รับจริง | K100: 100
I101: ขาด | K101: =+K100-K99 -> 0
I102: เกิน | K102: =+K100-K99 -> 0
J104: ยอดขายหักส่วนลด | K104: =+K93-K98+K101 -> 100
J105: ยอดเงินสด | K105: =SUM(K94:K97) -> 0
J106: ยอดโอน | K106: =+K100 -> 100

Sheet 5
A1: บูธ วัดใหม่สุปดิษฐาราม วันที่ 1-31/5/2567
A2: ลำดับ | B2: รายการ | C2: ยกมา | D2: รับ | E2: รวม | F2: เปลี่ยน/ | G2: คงเหลือ | H2: รายการขาย | K2: หมายเหตุ | L2: ส่วนลด
F3: คืน/เสีย | H3: จำนวน | I3: @ | J3: เป็นเงิน
A4: 1 | B4: ปังเนยนิ่ม 3 ชิ้น | C4: =+'4'!G4 -> 7 | D4: 0 | E4: =C4+D4 -> 7 | F4: 0 | G4: =+E4-F4-H4 -> 6 | H4: 1 | I4: 50 | J4: =+I4*H4 -> 50 | K4: - | L4: 0 | M4: =SUM(J4-L4) -> 50
A5: 2 | B5: คอนเฟลก (กระปุก) | C5: =+'4'!G5 -> 14 | D5: 0 | E5: =C5+D5 -> 14 | F5: 0 | G5: =+E5-F5-H5 -> 14 | H5: 0 | I5: 60 | J5: =+I5*H5 -> 0 | K5: - | L5: 0 | M5: =SUM(J5-L5) -> 0
A6: 3 | B6: เมอแรงค์ (กระปุก) | C6: =+'4'!G6 -> 11 | D6: 0 | E6: =C6+D6 -> 11 | F6: 0 | G6: =+E6-F6-H6 -> 11 | H6: 0 | I6: 55 | J6: =+I6*H6 -> 0 | K6: - | L6: 0 | M6: =SUM(J6-L6) -> 0
A7: 4 | B7: ท๊อฟฟี่ถั่ว (กระเช้า) | C7: =+'4'!G7 -> 26 | D7: 0 | E7: =C7+D7 -> 26 | F7: 0 | G7: =+E7-F7-H7 -> 26 | H7: 0 | I7: 100 | J7: =+I7*H7 -> 0 | K7: - | L7: 0 | M7: =SUM(J7-L7) -> 0
A8: 5 | B8: ขนมเปี๊ยะไส้ถั่ว | C8: =+'4'!G8 -> 11 | D8: 0 | E8: =C8+D8 -> 11 | F8: 0 | G8: =+E8-F8-H8 -> 11 | H8: 0 | I8: 120 | J8: =+I8*H8 -> 0 | K8: - | L8: 0 | M8: =SUM(J8-L8) -> 0
A9: 6 | B9: ขนมเปี๊ยะไส้เผือก | C9: =+'4'!G9 -> 10 | D9: 0 | E9: =C9+D9 -> 10 | F9: 0 | G9: =+E9-F9-H9 -> 10 | H9: 0 | I9: 120 | J9: =+I9*H9 -> 0 | K9: - | L9: 0 | M9: =SUM(J9-L9) -> 0
A10: 7 | B10: ขนมเปี๊ยะไส้ฟัก | C10: =+'4'!G10 -> 9 | D10: 0 | E10: =C10+D10 -> 9 | F10: 0 | G10: =+E10-F10-H10 -> 9 | H10: 0 | I10: 120 | J10: =+I10*H10 -> 0 | K10: - | L10: 0 | M10: =SUM(J10-L10) -> 0
A11: 8 | B11: ชิฟฟ่อนรวมรส 4 ชิ้น | C11: =+'4'!G11 -> 21 | D11: 0 | E11: =C11+D11 -> 21 | F11: 0 | G11: =+E11-F11-H11 -> 20 | H11: 1 | I11: 55 | J11: =+I11*H11 -> 55 | K11: - | L11: 0 | M11: =SUM(J11-L11) -> 55
A12: 9 | B12: ชิฟฟ่อนรวมรส 8 ชิ้น | C12: =+'4'!G12 -> 27 | D12: 0 | E12: =C12+D12 -> 27 | F12: 0 | G12: =+E12-F12-H12 -> 26 | H12: 1 | I12: 100 | J12: =+I12*H12 -> 100 | K12: - | L12: 0 | M12: =SUM(J12-L12) -> 100
A13: 10 | B13: ชิฟฟ่อนยอดฮิต | C13: =+'4'!G13 -> 2 | D13: 0 | E13: =C13+D13 -> 2 | F13: 2 | G13: =+E13-F13-H13 -> -3 | H13: 3 | I13: 100 | J13: =+I13*H13 -> 300 | K13: ลด50% | L13: 150 | M13: =SUM(J13-L13) -> 150
A14: 11 | B14: ชิฟฟ่อนสอดไส้รวมรส 6 ชิ้น | C14: =+'4'!G14 -> 22 | D14: 0 | E14: =C14+D14 -> 22 | F14: 0 | G14: =+E14-F14-H14 -> 21 | H14: 1 | I14: 100 | J14: =+I14*H14 -> 100 | K14: - | L14: 0 | M14: =SUM(J14-L14) -> 100
A15: 12 | B15: เบาหวิวมะพร้าวน้ำหอม 110 กรัม | C15: =+'4'!G15 -> -1 | D15: 0 | E15: =C15+D15 -> -1 | F15: 0 | G15: =+E15-F15-H15 -> -1 | H15: 0 | I15: 50 | J15: =+I15*H15 -> 0 | K15: - | L15: 0 | M15: =SUM(J15-L15) -> 0
... A38: 35 | B38: เป็ดลูก | C38: =+'4'!G38 -> 1 | D38: 0 | E38: =C38+D38 -> 1 | F38: 0 | G38: =+E38-F38-H38 -> 1 | H38: 0 | I38: 150 | J38: =+I38*H38 -> 0 | K38: - | L38: 0 | M38: =SUM(J38-L38) -> 0
A39: 36 | B39: ตัวบีบ | C39: =+'4'!G39 -> 0 | D39: 0 | E39: =C39+D39 -> 0 | F39: 0 | G39: =+E39-F39-H39 -> 0 | H39: 0 | I39: 60 | J39: =+I39*H39 -> 0 | K39: - | L39: 0
A40: 37 | B40: ลานม้า | C40: =+'4'!G40 -> 0 | D40: 0 | E40: =C40+D40 -> 0 | F40: 0 | G40: =+E40-F40-H40 -> 0 | H40: 0 | I40: 100 | J40: =+I40*H40 -> 0 | K40: - | L40: 0
A41: 38 | B41: กระดานวาดเขียน(ใหม่) | C41: =+'4'!G41 -> 0 | D41: 0 | E41: =C41+D41 -> 0 | F41: 0 | G41: =+E41-F41-H41 -> 0 | H41: 0 | I41: 200 | J41: =+I41*H41 -> 0 | K41: - | L41: 0
A42: 39 | B42: ตุ๊กตา | C42: =+'4'!G42 -> 0 | D42: 0 | E42: =C42+D42 -> 0 | F42: 0 | G42: =+E42-F42-H42 -> 0 | H42: 0 | I42: 150 | J42: =+I42*H42 -> 0 | K42: - | L42: 0
A43: 40 | B43: ตุ๊กตานางฟ้าเต้น | C43: =+'4'!G43 -> 0 | D43: 0 | E43: =C43+D43 -> 0 | F43: 0 | G43: =+E43-F43-H43 -> 0 | H43: 0 | I43: 400 | J43: =+I43*H43 -> 0 | K43: - | L43: 0
A44: 41 | B44: สลาม | C44: =+'4'!G44 -> 7 | D44: 0 | E44: =C44+D44 -> 7 | F44: 0 | G44: =+E44-F44-H44 -> 7 | H44: 0 | I44: 100 | J44: =+I44*H44 -> 0 | K44: - | L44: 0
A45: 42 | B45: โฟนโฟน | C45: =+'4'!G45 -> 15 | D45: 0 | E45: =C45+D45 -> 15 | F45: 0 | G45: =+E45-F45-H45 -> 15 | H45: 0 | I45: 300 | J45: =+I45*H45 -> 0 | K45: - | L45: 0
A46: 43 | B46: กดหัวลาน | C46: =+'4'!G46 -> 8 | D46: 0 | E46: =C46+D46 -> 8 | F46: 0 | G46: =+E46-F46-H46 -> 8 | H46: 0 | I46: 180 | J46: =+I46*H46 -> 0 | K46: - | L46: 0
A47: 44 | B47: รถแม็คโคร | C47: =+'4'!G47 -> 10 | D47: 0 | E47: =C47+D47 -> 10 | F47: 0 | G47: =+E47-F47-H47 -> 10 | H47: 0 | I47: 200 | J47: =+I47*H47 -> 0 | K47: - | L47: 0
A48: 45 | B48: ดินเบา | C48: =+'4'!G48 -> 0 | D48: 0 | E48: =C48+D48 -> 0 | F48: 0 | G48: =+E48-F48-H48 -> 0 | H48: 0 | I48: 100 | J48: =+I48*H48 -> 0 | K48: - | L48: 0
A49: 46 | B49: รถตัก | C49: =+'4'!G49 -> 0 | D49: 0 | E49: =C49+D49 -> 0 | F49: 0 | G49: =+E49-F49-H49 -> 0 | H49: 0 | I49: 150 | J49: =+I49*H49 -> 0 | K49: - | L49: 0
A50: 47 | B50: ชุดแต่งหน้าเด็ก | C50: =+'4'!G50 -> 0 | D50: 0 | E50: =C50+D50 -> 0 | F50: 0 | G50: =+E50-F50-H50 -> 0 | H50: 0 | I50: 500 | J50: =+I50*H50 -> 0 | K50: - | L50: 0
... A58: 55 | B58: รถถังช้างมีไฟ | C58: =+'4'!G58 -> 9 | D58: 0 | E58: =C58+D58 -> 9 | F58: 0 | G58: =+E58-F58-H58 -> 9 | H58: 0 | I58: 200 | J58: =+I58*H58 -> 0 | K58: - | L58: 0
A59: 56 | B59: ปืนยิงมือ | C59: =+'4'!G59 -> 24 | D59: 0 | E59: =C59+D59 -> 24 | F59: 0 | G59: =+E59-F59-H59 -> 24 | H59: 0 | I59: 150 | J59: =+I59*H59 -> 0 | K59: - | L59: 0 | M59: =SUM(J59-L59) -> 0
A60: 57 | B60: เซ็ทรถเล็ก | C60: =+'4'!G60 -> 7 | D60: 0 | E60: =C60+D60 -> 7 | F60: 0 | G60: =+E60-F60-H60 -> 7 | H60: 0 | I60: 150 | J60: =+I60*H60 -> 0 | K60: - | L60: 0 | M60: =SUM(J60-L60) -> 0
A61: 58 | B61: ตุ๊กตาเล็ก | C61: =+'4'!G61 -> 14 | D61: 0 | E61: =C61+D61 -> 14 | F61: 0 | G61: =+E61-F61-H61 -> 14 | H61: 0 | I61: 400 | J61: =+I61*H61 -> 0 | K61: - | L61: 0 | M61: =SUM(J61-L61) -> 0
A62: 59 | B62: ตุ๊กตาใหญ่ | C62: =+'4'!G62 -> 5 | D62: 0 | E62: =C62+D62 -> 5 | F62: 0 | G62: =+E62-F62-H62 -> 5 | H62: 0 | I62: 250 | J62: =+I62*H62 -> 0 | K62: - | L62: 0 | M62: =SUM(J62-L62) -> 0
A63: 60 | B63: ปืนทหาร | C63: =+'4'!G63 -> 4 | D63: 0 | E63: =C63+D63 -> 4 | F63: 0 | G63: =+E63-F63-H63 -> 4 | H63: 0 | I63: 300 | J63: =+I63*H63 -> 0 | K63: - | L63: 0 | M63: =SUM(J63-L63) -> 0
A64: 61 | B64: ปืนมาเวล | C64: =+'4'!G64 -> 4 | D64: 0 | E64: =C64+D64 -> 4 | F64: 0 | G64: =+E64-F64-H64 -> 4 | H64: 0 | I64: 300 | J64: =+I64*H64 -> 0 | K64: - | L64: 0 | M64: =SUM(J64-L64) -> 0
A65: 62 | B65: รถปูน | C65: =+'4'!G65 -> 6 | D65: 0 | E65: =C65+D65 -> 6 | F65: 0 | G65: =+E65-F65-H65 -> 6 | H65: 0 | I65: 300 | J65: =+I65*H65 -> 0 | K65: - | L65: 0 | M65: =SUM(J65-L65) -> 0
A66: 63 | B66: แซนวิชโบราณ | C66: =+'4'!G66 -> 2 | D66: 0 | E66: =C66+D66 -> 2 | F66: 0 | G66: =+E66-F66-H66 -> 2 | H66: 0 | I66: 30 | J66: =+I66*H66 -> 0 | K66: - | L66: 0 | M66: =SUM(J66-L66) -> 0
A67: 64 | B67: เบาหวิวกาแฟ 300 กรัม | C67: =+'4'!G67 -> 0 | D67: 0 | E67: =C67+D67 -> 0 | F67: 0 | G67: =+E67-F67-H67 -> 0 | H67: 0 | I67: 120 | J67: =+I67*H67 -> 0 | K67: - | L67: 0 | M67: =SUM(J67-L67) -> 0
A68: 65 | B68: เบาหวิวมะพร้าว (แพค100g) | C68: =+'4'!G68 -> 0 | D68: 0 | E68: =C68+D68 -> 0 | F68: 0 | G68: =+E68-F68-H68 -> 0 | H68: 0 | I68: 35 | J68: =+I68*H68 -> 0 | K68: - | L68: 0 | M68: =SUM(J68-L68) -> 0
A69: 66 | B69: เปี๊ยะไส้ถั่วไข่เค็ม 6 ชิ้น | C69: =+'4'!G69 -> 2 | D69: 0 | E69: =C69+D69 -> 2 | F69: 0 | G69: =+E69-F69-H69 -> 2 | H69: 0 | I69: 60 | J69: =+I69*H69 -> 0 | K69: - | L69: 0 | M69: =SUM(J69-L69) -> 0
A70: 67 | B70: ขนมเปี๊ยะ 450 กรัม | C70: =+'4'!G70 -> 52 | D70: 0 | E70: =C70+D70 -> 52 | F70: 0 | G70: =+E70-F70-H70 -> 52 | H70: 0 | I70: 150 | J70: =+I70*H70 -> 0 | K70: - | L70: 0 | M70: =SUM(J70-L70) -> 0
A71: 68 | C71: =+'4'!G71 -> 0 | D71: 0 | E71: =C71+D71 -> 0 | F71: 0 | G71: =+E71-F71-H71 -> 0 | H71: 0 | J71: =+I71*H71 -> 0 | K71: - | L71: 0 | M71: =SUM(J71-L71) -> 0
A72: 69 | C72: =+'4'!G72 -> 0 | D72: 0 | E72: =C72+D72 -> 0 | F72: 0 | G72: =+E72-F72-H72 -> 0 | H72: 0 | J72: =+I72*H72 -> 0 | K72: - | L72: 0 | M72: =SUM(J72-L72) -> 0
A73: 70 | C73: =+'4'!G73 -> 0 | D73: 0 | E73: =C73+D73 -> 0 | F73: 0 | G73: =+E73-F73-H73 -> 0 | H73: 0 | J73: =+I73*H73 -> 0 | K73: - | L73: 0 | M73: =SUM(J73-L73) -> 0
A74: 71 | C74: =+'4'!G74 -> 0 | D74: 0 | E74: =C74+D74 -> 0 | F74: 0 | G74: =+E74-F74-H74 -> 0 | H74: 0 | J74: =+I74*H74 -> 0 | K74: - | L74: 0 | M74: =SUM(J74-L74) -> 0
A75: 72 | C75: =+'4'!G75 -> 0 | D75: 0 | E75: =C75+D75 -> 0 | F75: 0 | G75: =+E75-F75-H75 -> 0 | H75: 0 | J75: =+I75*H75 -> 0 | K75: - | L75: 0 | M75: =SUM(J75-L75) -> 0
A76: 73 | C76: =+'4'!G76 -> 0 | D76: 0 | E76: =C76+D76 -> 0 | F76: 0 | G76: =+E76-F76-H76 -> 0 | H76: 0 | J76: =+I76*H76 -> 0 | K76: - | L76: 0 | M76: =SUM(J76-L76) -> 0
A77: 74 | C77: =+'4'!G77 -> 0 | D77: 0 | E77: =C77+D77 -> 0 | F77: 0 | G77: =+E77-F77-H77 -> 0 | H77: 0 | J77: =+I77*H77 -> 0 | K77: - | L77: 0 | M77: =SUM(J77-L77) -> 0
A78: 75 | C78: =+'4'!G78 -> 0 | D78: 0 | E78: =C78+D78 -> 0 | F78: 0 | G78: =+E78-F78-H78 -> 0 | H78: 0 | J78: =+I78*H78 -> 0 | K78: - | L78: 0 | M78: =SUM(J78-L78) -> 0
A79: 76 | C79: =+'4'!G79 -> 0 | D79: 0 | E79: =C79+D79 -> 0 | F79: 0 | G79: =+E79-F79-H79 -> 0 | H79: 0 | J79: =+I79*H79 -> 0 | K79: - | L79: 0 | M79: =SUM(J79-L79) -> 0
A80: 77 | C80: =+'4'!G80 -> 0 | D80: 0 | E80: =C80+D80 -> 0 | F80: 0 | G80: =+E80-F80-H80 -> 0 | H80: 0 | J80: =+I80*H80 -> 0 | K80: - | L80: 0 | M80: =SUM(J80-L80) -> 0
A81: 78 | C81: =+'4'!G81 -> 0 | D81: 0 | E81: =C81+D81 -> 0 | F81: 0 | G81: =+E81-F81-H81 -> 0 | H81: 0 | J81: =+I81*H81 -> 0 | K81: - | L81: 0 | M81: =SUM(J81-L81) -> 0
A82: 79 | C82: =+'4'!G82 -> 0 | D82: 0 | E82: =C82+D82 -> 0 | F82: 0 | G82: =+E82-F82-H82 -> 0 | H82: 0 | J82: =+I82*H82 -> 0 | K82: - | L82: 0 | M82: =SUM(J82-L82) -> 0 | N82: =SUM(M4:M82) -> 555
A83: 80 | C83: =+'4'!G83 -> 0 | D83: 0 | E83: =C83+D83 -> 0 | F83: 0 | G83: =+E83-F83-H83 -> 0 | H83: 0 | J83: =+I83*H83 -> 0 | K83: - | L83: 0 | M83: =SUM(J83-L83) -> 0
A84: 81 | C84: =+'4'!G84 -> 0 | D84: 0 | E84: =C84+D84 -> 0 | F84: 0 | G84: =+E84-F84-H84 -> 0 | H84: 0 | J84: =+I84*H84 -> 0 | K84: - | L84: 0 | M84: =SUM(J84-L84) -> 0
A85: 82 | C85: =+'4'!G85 -> 0 | D85: 0 | E85: =C85+D85 -> 0 | F85: 0 | G85: =+E85-F85-H85 -> 0 | H85: 0 | J85: =+I85*H85 -> 0 | K85: - | L85: 0 | M85: =SUM(J85-L85) -> 0
A86: 83 | C86: =+'4'!G86 -> 0 | D86: 0 | E86: =C86+D86 -> 0 | F86: 0 | G86: =+E86-F86-H86 -> 0 | H86: 0 | J86: =+I86*H86 -> 0 | K86: - | L86: 0 | M86: =SUM(J86-L86) -> 0
A87: 84 | C87: =+'4'!G87 -> 0 | D87: 0 | E87: =C87+D87 -> 0 | F87: 0 | G87: =+E87-F87-H87 -> 0 | H87: 0 | J87: =+I87*H87 -> 0 | K87: - | L87: 0 | M87: =SUM(J87-L87) -> 0
A88: 85 | C88: =+'4'!G88 -> 0 | D88: 0 | E88: =C88+D88 -> 0 | F88: 0 | G88: =+E88-F88-H88 -> 0 | H88: 0 | J88: =+I88*H88 -> 0 | K88: - | L88: 0 | M88: =SUM(J88-L88) -> 0
A89: 86 | C89: =+'4'!G89 -> 0 | D89: 0 | E89: =C89+D89 -> 0 | F89: 0 | G89: =+E89-F89-H89 -> 0 | H89: 0 | J89: =+I89*H89 -> 0 | K89: - | L89: 0 | M89: =SUM(J89-L89) -> 0
A90: 87 | C90: =+'4'!G90 -> 0 | D90: 0 | E90: =C90+D90 -> 0 | F90: 0 | G90: =+E90-F90-H90 -> 0 | H90: 0 | J90: =+I90*H90 -> 0 | K90: - | L90: 0 | M90: =SUM(J90-L90) -> 0
L91: 0 | M91: ส่วนลดสินค้า SALE
I93: รวมทั้งหมด | K93: =SUM(J4:J91) -> 705
I94: หัก ค่าโอนเงิน | K94: 0
I95: หัก โอนหน้าร้าน | K95: =SUM(L95:AB95) -> 0
I96: สแกนใช้สิทธิ์ | K96: 0
I97: หัก ค่าใช้จ่ายอื่นๆ | K97: 0
I98: หัก ส่วนลด | K98: =SUM(L4:L91) -> 150
I99: ต้องคงเหลือทั้งหมด | K99: =K93-K94-K95-K97-K98 -> 555
I100: ยอดที่รับจริง | K100: 555
I101: ขาด | K101: =+K100-K99 -> 0
I102: เกิน | K102: =+K100-K99 -> 0
J104: ยอดขายหักส่วนลด | K104: =+K93-K98+K101 -> 555
J105: ยอดเงินสด | K105: =SUM(K94:K97) -> 0
J106: ยอดโอน | K106: =+K100 -> 555

Sheet 6
A1: บูธ วัดใหม่สุปดิษฐาราม วันที่ 1-31/5/2567
A2: ลำดับ | B2: รายการ | C2: ยกมา | D2: รับ | E2: รวม | F2: เปลี่ยน/ | G2: คงเหลือ | H2: รายการขาย | K2: หมายเหตุ | L2: ส่วนลด
F3: คืน/เสีย | H3: จำนวน | I3: @ | J3: เป็นเงิน
A4: 1 | B4: ปังเนยนิ่ม 3 ชิ้น | C4: =+'5'!G4 -> 6 | D4: 0 | E4: =C4+D4 -> 6 | F4: 0 | G4: =+E4-F4-H4 -> 5 | H4: 1 | I4: 55 | J4: =+I4*H4 -> 55 | K4: - | L4: 0 | M4: =SUM(J4-L4) -> 55
A5: 2 | B5: คอนเฟลก (กระปุก) | C5: =+'5'!G5 -> 14 | D5: 0 | E5: =C5+D5 -> 14 | F5: 0 | G5: =+E5-F5-H5 -> 14 | H5: 0 | I5: 60 | J5: =+I5*H5 -> 0 | K5: - | L5: 0 | M5: =SUM(J5-L5) -> 0
A6: 3 | B6: เมอแรงค์ (กระปุก) | C6: =+'5'!G6 -> 11 | D6: 0 | E6: =C6+D6 -> 11 | F6: 0 | G6: =+E6-F6-H6 -> 11 | H6: 0 | I6: 55 | J6: =+I6*H6 -> 0 | K6: - | L6: 0 | M6: =SUM(J6-L6) -> 0
A7: 4 | B7: ท๊อฟฟี่ถั่ว (กระเช้า) | C7: =+'5'!G7 -> 26 | D7: 0 | E7: =C7+D7 -> 26 | F7: 0 | G7: =+E7-F7-H7 -> 26 | H7: 0 | I7: 100 | J7: =+I7*H7 -> 0 | K7: - | L7: 0 | M7: =SUM(J7-L7) -> 0
A8: 5 | B8: ขนมเปี๊ยะไส้ถั่ว | C8: =+'5'!G8 -> 11 | D8: 0 | E8: =C8+D8 -> 11 | F8: 0 | G8: =+E8-F8-H8 -> 11 | H8: 0 | I8: 120 | J8: =+I8*H8 -> 0 | K8: - | L8: 0 | M8: =SUM(J8-L8) -> 0
A9: 6 | B9: ขนมเปี๊ยะไส้เผือก | C9: =+'5'!G9 -> 10 | D9: 0 | E9: =C9+D9 -> 10 | F9: 0 | G9: =+E9-F9-H9 -> 10 | H9: 0 | I9: 120 | J9: =+I9*H9 -> 0 | K9: - | L9: 0 | M9: =SUM(J9-L9) -> 0
A10: 7 | B10: ขนมเปี๊ยะไส้ฟัก | C10: =+'5'!G10 -> 9 | D10: 0 | E10: =C10+D10 -> 9 | F10: 0 | G10: =+E10-F10-H10 -> 9 | H10: 0 | I10: 120 | J10: =+I10*H10 -> 0 | K10: - | L10: 0 | M10: =SUM(J10-L10) -> 0
A11: 8 | B11: ชิฟฟ่อนรวมรส 4 ชิ้น | C11: =+'5'!G11 -> 20 | D11: 0 | E11: =C11+D11 -> 20 | F11: 0 | G11: =+E11-F11-H11 -> 20 | H11: 0 | I11: 55 | J11: =+I11*H11 -> 0 | K11: - | L11: 0 | M11: =SUM(J11-L11) -> 0
A12: 9 | B12: ชิฟฟ่อนรวมรส 8 ชิ้น | C12: =+'5'!G12 -> 26 | D12: 0 | E12: =C12+D12 -> 26 | F12: 0 | G12: =+E12-F12-H12 -> 25 | H12: 1 | I12: 100 | J12: =+I12*H12 -> 100 | K12: - | L12: 0 | M12: =SUM(J12-L12) -> 100
A13: 10 | B13: ชิฟฟ่อนยอดฮิต | C13: =+'5'!G13 -> -3 | D13: 0 | E13: =C13+D13 -> -3 | F13: 0 | G13: =+E13-F13-H13 -> -3 | H13: 0 | I13: 100 | J13: =+I13*H13 -> 0 | K13: - | L13: 0 | M13: =SUM(J13-L13) -> 0
A14: 11 | B14: ชิฟฟ่อนสอดไส้รวมรส 6 ชิ้น | C14: =+'5'!G14 -> 21 | D14: 0 | E14: =C14+D14 -> 21 | F14: 0 | G14: =+E14-F14-H14 -> 21 | H14: 0 | I14: 100 | J14: =+I14*H14 -> 0 | K14: - | L14: 0 | M14: =SUM(J14-L14) -> 0
A15: 12 | B15: เบาหวิวมะพร้าวน้ำหอม 110 กรัม | C15: =+'5'!G15 -> -1 | D15: 0 | E15: =C15+D15 -> -1 | F15: 0 | G15: =+E15-F15-H15 -> -1 | H15: 0 | I15: 50 | J15: =+I15*H15 -> 0 | K15: - | L15: 0 | M15: =SUM(J15-L15) -> 0
... A47: 44 | B47: รถแม็คโคร | C47: =+'5'!G47 -> 10 | D47: 0 | E47: =C47+D47 -> 10 | F47: 0 | G47: =+E47-F47-H47 -> 10 | H47: 0 | I47: 200 | J47: =+I47*H47 -> 0 | K47: - | L47: 0 | M47: =SUM(J47-L47) -> 0
A48: 45 | B48: ดินเบา | C48: =+'5'!G48 -> 0 | D48: 0 | E48: =C48+D48 -> 0 | F48: 0 | G48: =+E48-F48-H48 -> 0 | H48: 0 | I48: 100 | J48: 0 | K48: - | L48: 0 | M48: =SUM(J48-L48) -> 0
A49: 46 | B49: รถตัก | C49: =+'5'!G49 -> 0 | D49: 0 | E49: =C49+D49 -> 0 | F49: 0 | G49: =+E49-F49-H49 -> 0 | H49: 0 | I49: 150 | J49: =+I49*H49 -> 0 | K49: - | L49: 0 | M49: =SUM(J49-L49) -> 0
A50: 47 | B50: ชุดแต่งหน้าเด็ก | C50: =+'5'!G50 -> 0 | D50: 0 | E50: =C50+D50 -> 0 | F50: 0 | G50: =+E50-F50-H50 -> 0 | H50: 0 | I50: 500 | J50: =+I50*H50 -> 0 | K50: - | L50: 0 | M50: =SUM(J50-L50) -> 0
A51: 48 | B51: ไดโนเสาร์ | C51: =+'5'!G51 -> 0 | D51: 0 | E51: =C51+D51 -> 0 | F51: 0 | G51: =+E51-F51-H51 -> 0 | H51: 0 | I51: 100 | J51: =+I51*H51 -> 0 | K51: - | L51: 0 | M51: =SUM(J51-L51) -> 0
A52: 49 | B52: เป็ดฟองอากาศ | C52: =+'5'!G52 -> 0 | D52: 0 | E52: =C52+D52 -> 0 | F52: 0 | G52: =+E52-F52-H52 -> 0 | H52: 0 | I52: 450 | J52: =+I52*H52 -> 0 | K52: - | L52: 0 | M52: =SUM(J52-L52) -> 0
A53: 50 | B53: ปลาโลมา | C53: =+'5'!G53 -> 0 | D53: 0 | E53: =C53+D53 -> 0 | F53: 0 | G53: =+E53-F53-H53 -> 0 | H53: 0 | I53: 400 | J53: =+I53*H53 -> 0 | K53: - | L53: 0 | M53: =SUM(J53-L53) -> 0
A54: 51 | B54: สกุชชี่ซาลาเปา | C54: =+'5'!G54 -> 0 | D54: 0 | E54: =C54+D54 -> 0 | F54: 0 | G54: =+E54-F54-H54 -> 0 | H54: 0 | I54: 100 | J54: =+I54*H54 -> 0 | K54: - | L54: 0 | M54: =SUM(J54-L54) -> 0
A55: 52 | B55: คฑามีไฟ | C55: =+'5'!G55 -> 10 | D55: 0 | E55: =C55+D55 -> 10 | F55: 0 | G55: =+E55-F55-H55 -> 10 | H55: 0 | I55: 200 | J55: =+I55*H55 -> 0 | K55: - | L55: 0 | M55: =SUM(J55-L55) -> 0
A56: 53 | B56: โมชิโมชิ | C56: =+'5'!G56 -> 0 | D56: 0 | E56: =C56+D56 -> 0 | F56: 0 | G56: =+E56-F56-H56 -> 0 | H56: 0 | I56: 80 | J56: =+I56*H56 -> 0 | K56: - | L56: 0 | M56: =SUM(J56-L56) -> 0
A57: 54 | B57: หมูบีบ | C57: =+'5'!G57 -> 0 | D57: 0 | E57: =C57+D57 -> 0 | F57: 0 | G57: =+E57-F57-H57 -> 0 | H57: 0 | I57: 80 | J57: =+I57*H57 -> 0 | K57: - | L57: 0 | M57: =SUM(J57-L57) -> 0
A58: 55 | B58: รถถังช้างมีไฟ | C58: =+'5'!G58 -> 9 | D58: 0 | E58: =C58+D58 -> 9 | F58: 0 | G58: =+E58-F58-H58 -> 9 | H58: 0 | I58: 200 | J58: =+I58*H58 -> 0 | K58: - | L58: 0 | M58: =SUM(J58-L58) -> 0
A59: 56 | B59: ปืนยิงมือ | C59: =+'5'!G59 -> 24 | D59: 0 | E59: =C59+D59 -> 24 | F59: 0 | G59: =+E59-F59-H59 -> 24 | H59: 0 | I59: 150 | J59: =+I59*H59 -> 0 | K59: - | L59: 0 | M59: =SUM(J59-L59) -> 0
A60: 57 | B60: เซ็ทรถเล็ก | C60: =+'5'!G60 -> 7 | D60: 0 | E60: =C60+D60 -> 7 | F60: 0 | G60: =+E60-F60-H60 -> 7 | H60: 0 | I60: 150 | J60: =+I60*H60 -> 0 | K60: - | L60: 0 | M60: =SUM(J60-L60) -> 0
... A70: 67 | B70: ขนมเปี๊ยะ 450 กรัม | C70: =+'5'!G70 -> 52 | D70: 0 | E70: =C70+D70 -> 52 | F70: 0 | G70: =+E70-F70-H70 -> 52 | H70: 0 | I70: 150 | J70: =+I70*H70 -> 0 | K70: - | L70: 0 | M70: =SUM(J70-L70) -> 0
A71: 68 | C71: =+'5'!G71 -> 0 | D71: 0 | E71: =C71+D71 -> 0 | F71: 0 | G71: =+E71-F71-H71 -> 0 | H71: 0 | J71: =+I71*H71 -> 0 | K71: - | L71: 0 | M71: =SUM(J71-L71) -> 0
A72: 69 | C72: =+'5'!G72 -> 0 | D72: 0 | E72: =C72+D72 -> 0 | F72: 0 | G72: =+E72-F72-H72 -> 0 | H72: 0 | J72: =+I72*H72 -> 0 | K72: - | L72: 0 | M72: =SUM(J72-L72) -> 0
A73: 70 | C73: =+'5'!G73 -> 0 | D73: 0 | E73: =C73+D73 -> 0 | F73: 0 | G73: =+E73-F73-H73 -> 0 | H73: 0 | J73: =+I73*H73 -> 0 | K73: - | L73: 0 | M73: =SUM(J73-L73) -> 0
A74: 71 | C74: =+'5'!G74 -> 0 | D74: 0 | E74: =C74+D74 -> 0 | F74: 0 | G74: =+E74-F74-H74 -> 0 | H74: 0 | J74: =+I74*H74 -> 0 | K74: - | L74: 0 | M74: =SUM(J74-L74) -> 0
A75: 72 | C75: =+'5'!G75 -> 0 | D75: 0 | E75: =C75+D75 -> 0 | F75: 0 | G75: =+E75-F75-H75 -> 0 | H75: 0 | J75: =+I75*H75 -> 0 | K75: - | L75: 0 | M75: =SUM(J75-L75) -> 0
A76: 73 | C76: =+'5'!G76 -> 0 | D76: 0 | E76: =C76+D76 -> 0 | F76: 0 | G76: =+E76-F76-H76 -> 0 | H76: 0 | J76: =+I76*H76 -> 0 | K76: - | L76: 0 | M76: =SUM(J76-L76) -> 0
A77: 74 | C77: =+'5'!G77 -> 0 | D77: 0 | E77: =C77+D77 -> 0 | F77: 0 | G77: =+E77-F77-H77 -> 0 | H77: 0 | J77: =+I77*H77 -> 0 | K77: - | L77: 0 | M77: =SUM(J77-L77) -> 0
A78: 75 | C78: =+'5'!G78 -> 0 | D78: 0 | E78: =C78+D78 -> 0 | F78: 0 | G78: =+E78-F78-H78 -> 0 | H78: 0 | J78: =+I78*H78 -> 0 | K78: - | L78: 0 | M78: =SUM(J78-L78) -> 0
A79: 76 | C79: =+'5'!G79 -> 0 | D79: 0 | E79: =C79+D79 -> 0 | F79: 0 | G79: =+E79-F79-H79 -> 0 | H79: 0 | J79: =+I79*H79 -> 0 | K79: - | L79: 0 | M79: =SUM(J79-L79) -> 0
A80: 77 | C80: =+'5'!G80 -> 0 | D80: 0 | E80: =C80+D80 -> 0 | F80: 0 | G80: =+E80-F80-H80 -> 0 | H80: 0 | J80: =+I80*H80 -> 0 | K80: - | L80: 0 | M80: =SUM(J80-L80) -> 0
A81: 78 | C81: =+'5'!G81 -> 0 | D81: 0 | E81: =C81+D81 -> 0 | F81: 0 | G81: =+E81-F81-H81 -> 0 | H81: 0 | J81: =+I81*H81 -> 0 | K81: - | L81: 0 | M81: =SUM(J81-L81) -> 0
A82: 79 | C82: =+'5'!G82 -> 0 | D82: 0 | E82: =C82+D82 -> 0 | F82: 0 | G82: =+E82-F82-H82 -> 0 | H82: 0 | J82: =+I82*H82 -> 0 | K82: - | L82: 0 | M82: =SUM(J82-L82) -> 0 | N82: =SUM(M4:M82) -> 205
A83: 80 | C83: =+'5'!G83 -> 0 | D83: 0 | E83: =C83+D83 -> 0 | F83: 0 | G83: =+E83-F83-H83 -> 0 | H83: 0 | J83: =+I83*H83 -> 0 | K83: - | L83: 0 | M83: =SUM(J83-L83) -> 0
A84: 81 | C84: =+'5'!G84 -> 0 | D84: 0 | E84: =C84+D84 -> 0 | F84: 0 | G84: =+E84-F84-H84 -> 0 | H84: 0 | J84: =+I84*H84 -> 0 | K84: - | L84: 0 | M84: =SUM(J84-L84) -> 0
A85: 82 | C85: =+'5'!G85 -> 0 | D85: 0 | E85: =C85+D85 -> 0 | F85: 0 | G85: =+E85-F85-H85 -> 0 | H85: 0 | J85: =+I85*H85 -> 0 | K85: - | L85: 0 | M85: =SUM(J85-L85) -> 0
A86: 83 | C86: =+'5'!G86 -> 0 | D86: 0 | E86: =C86+D86 -> 0 | F86: 0 | G86: =+E86-F86-H86 -> 0 | H86: 0 | J86: =+I86*H86 -> 0 | K86: - | L86: 0 | M86: =SUM(J86-L86) -> 0
A87: 84 | C87: =+'5'!G87 -> 0 | D87: 0 | E87: =C87+D87 -> 0 | F87: 0 | G87: =+E87-F87-H87 -> 0 | H87: 0 | J87: =+I87*H87 -> 0 | K87: - | L87: 0 | M87: =SUM(J87-L87) -> 0
A88: 85 | C88: =+'5'!G88 -> 0 | D88: 0 | E88: =C88+D88 -> 0 | F88: 0 | G88: =+E88-F88-H88 -> 0 | H88: 0 | J88: =+I88*H88 -> 0 | K88: - | L88: 0 | M88: =SUM(J88-L88) -> 0
A89: 86 | C89: =+'5'!G89 -> 0 | D89: 0 | E89: =C89+D89 -> 0 | F89: 0 | G89: =+E89-F89-H89 -> 0 | H89: 0 | J89: =+I89*H89 -> 0 | K89: - | L89: 0 | M89: =SUM(J89-L89) -> 0
A90: 87 | C90: =+'5'!G90 -> 0 | D90: 0 | E90: =C90+D90 -> 0 | F90: 0 | G90: =+E90-F90-H90 -> 0 | H90: 0 | J90: =+I90*H90 -> 0 | K90: - | L90: 0 | M90: =SUM(J90-L90) -> 0
L91: 0 | M91: ส่วนลดสินค้า SALE
I93: รวมทั้งหมด | K93: =SUM(J4:J91) -> 205
I94: หัก ค่าโอนเงิน | K94: 0
I95: หัก โอนหน้าร้าน | K95: =SUM(L95:AB95) -> 0
I96: สแกนใช้สิทธิ์ | K96: 0
I97: หัก ค่าใช้จ่ายอื่นๆ | K97: 0
I98: หัก ส่วนลด | K98: =SUM(L4:L91) -> 0
I99: ต้องคงเหลือทั้งหมด | K99: =K93-K94-K95-K97-K98 -> 205
I100: ยอดที่รับจริง | K100: 205
I101: ขาด | K101: =+K100-K99 -> 0
I102: เกิน | K102: =+K100-K99 -> 0
J104: ยอดขายหักส่วนลด | K104: =+K93-K98+K101 -> 205
J105: ยอดเงินสด | K105: =SUM(K94:K97) -> 0
J106: ยอดโอน | K106: =+K100 -> 205

Sheet 7
A1: บูธ วัดใหม่สุปดิษฐาราม วันที่ 1-31/5/2567
A2: ลำดับ | B2: รายการ | C2: ยกมา | D2: รับ | E2: รวม | F2: เปลี่ยน/ | G2: คงเหลือ | H2: รายการขาย | K2: หมายเหตุ | L2: ส่วนลด
F3: คืน/เสีย | H3: จำนวน | I3: @ | J3: เป็นเงิน
A4: 1 | B4: ปังเนยนิ่ม 3 ชิ้น | C4: =+'6'!G4 -> 5 | D4: 0 | E4: =C4+D4 -> 5 | F4: 0 | G4: =+E4-F4-H4 -> 5 | H4: 0 | I4: 55 | J4: =+I4*H4 -> 0 | K4: - | L4: 0 | M4: =SUM(J4-L4) -> 0
A5: 2 | B5: คอนเฟลก (กระปุก) | C5: =+'6'!G5 -> 14 | D5: 0 | E5: =C5+D5 -> 14 | F5: 0 | G5: =+E5-F5-H5 -> 14 | H5: 0 | I5: 60 | J5: =+I5*H5 -> 0 | K5: - | L5: 0 | M5: =SUM(J5-L5) -> 0
A6: 3 | B6: เมอแรงค์ (กระปุก) | C6: =+'6'!G6 -> 11 | D6: 0 | E6: =C6+D6 -> 11 | F6: 0 | G6: =+E6-F6-H6 -> 11 | H6: 0 | I6: 55 | J6: =+I6*H6 -> 0 | K6: - | L6: 0 | M6: =SUM(J6-L6) -> 0
A7: 4 | B7: ท๊อฟฟี่ถั่ว (กระเช้า) | C7: =+'6'!G7 -> 26 | D7: 0 | E7: =C7+D7 -> 26 | F7: 0 | G7: =+E7-F7-H7 -> 26 | H7: 0 | I7: 100 | J7: =+I7*H7 -> 0 | K7: - | L7: 0 | M7: =SUM(J7-L7) -> 0
A8: 5 | B8: ขนมเปี๊ยะไส้ถั่ว | C8: =+'6'!G8 -> 11 | D8: 0 | E8: =C8+D8 -> 11 | F8: 0 | G8: =+E8-F8-H8 -> 11 | H8: 0 | I8: 120 | J8: =+I8*H8 -> 0 | K8: - | L8: 0 | M8: =SUM(J8-L8) -> 0
A9: 6 | B9: ขนมเปี๊ยะไส้เผือก | C9: =+'6'!G9 -> 10 | D9: 0 | E9: =C9+D9 -> 10 | F9: 0 | G9: =+E9-F9-H9 -> 10 | H9: 0 | I9: 120 | J9: =+I9*H9 -> 0 | K9: - | L9: 0 | M9: =SUM(J9-L9) -> 0
A10: 7 | B10: ขนมเปี๊ยะไส้ฟัก | C10: =+'6'!G10 -> 9 | D10: 0 | E10: =C10+D10 -> 9 | F10: 0 | G10: =+E10-F10-H10 -> 9 | H10: 0 | I10: 120 | J10: =+I10*H10 -> 0 | K10: - | L10: 0 | M10: =SUM(J10-L10) -> 0
A11: 8 | B11: ชิฟฟ่อนรวมรส 4 ชิ้น | C11: =+'6'!G11 -> 20 | D11: 0 | E11: =C11+D11 -> 20 | F11: 0 | G11: =+E11-F11-H11 -> 20 | H11: 0 | I11: 55 | J11: =+I11*H11 -> 0 | K11: - | L11: 0 | M11: =SUM(J11-L11) -> 0
A12: 9 | B12: ชิฟฟ่อนรวมรส 8 ชิ้น | C12: =+'6'!G12 -> 25 | D12: 0 | E12: =C12+D12 -> 25 | F12: 0 | G12: =+E12-F12-H12 -> 25 | H12: 0 | I12: 100 | J12: =+I12*H12 -> 0 | K12: - | L12: 0 | M12: =SUM(J12-L12) -> 0
A13: 10 | B13: ชิฟฟ่อนยอดฮิต | C13: =+'6'!G13 -> -3 | D13: 0 | E13: =C13+D13 -> -3 | F13: 0 | G13: =+E13-F13-H13 -> -3 | H13: 0 | I13: 100 | J13: =+I13*H13 -> 0 | K13: - | L13: 0 | M13: =SUM(J13-L13) -> 0
A14: 11 | B14: ชิฟฟ่อนสอดไส้รวมรส 6 ชิ้น | C14: =+'6'!G14 -> 21 | D14: 0 | E14: =C14+D14 -> 21 | F14: 0 | G14: =+E14-F14-H14 -> 21 | H14: 0 | I14: 100 | J14: =+I14*H14 -> 0 | K14: - | L14: 0 | M14: =SUM(J14-L14) -> 0
A15: 12 | B15: เบาหวิวมะพร้าวน้ำหอม 110 กรัม | C15: =+'6'!G15 -> -1 | D15: 0 | E15: =C15+D15 -> -1 | F15: 0 | G15: =+E15-F15-H15 -> -1 | H15: 0 | I15: 50 | J15: =+I15*H15 -> 0 | K15: - | L15: 0 | M15: =SUM(J15-L15) -> 0
... A70: 67 | B70: ขนมเปี๊ยะ 450 กรัม | C70: =+'6'!G70 -> 52 | D70: 0 | E70: =C70+D70 -> 52 | F70: 0 | G70: =+E70-F70-H70 -> 52 | H70: 0 | I70: 150 | J70: =+I70*H70 -> 0 | K70: - | L70: 0 | M70: =SUM(J70-L70) -> 0
A71: 68 | C71: =+'6'!G71 -> 0 | D71: 0 | E71: =C71+D71 -> 0 | F71: 0 | G71: =+E71-F71-H71 -> 0 | H71: 0 | J71: =+I71*H71 -> 0 | K71: - | L71: 0 | M71: =SUM(J71-L71) -> 0
A72: 69 | C72: =+'6'!G72 -> 0 | D72: 0 | E72: =C72+D72 -> 0 | F72: 0 | G72: =+E72-F72-H72 -> 0 | H72: 0 | J72: =+I72*H72 -> 0 | K72: - | L72: 0 | M72: =SUM(J72-L72) -> 0
A73: 70 | C73: =+'6'!G73 -> 0 | D73: 0 | E73: =C73+D73 -> 0 | F73: 0 | G73: =+E73-F73-H73 -> 0 | H73: 0 | J73: =+I73*H73 -> 0 | K73: - | L73: 0 | M73: =SUM(J73-L73) -> 0
A74: 71 | C74: =+'6'!G74 -> 0 | D74: 0 | E74: =C74+D74 -> 0 | F74: 0 | G74: =+E74-F74-H74 -> 0 | H74: 0 | J74: =+I74*H74 -> 0 | K74: - | L74: 0 | M74: =SUM(J74-L74) -> 0
A75: 72 | C75: =+'6'!G75 -> 0 | D75: 0 | E75: =C75+D75 -> 0 | F75: 0 | G75: =+E75-F75-H75 -> 0 | H75: 0 | J75: =+I75*H75 -> 0 | K75: - | L75: 0 | M75: =SUM(J75-L75) -> 0
A76: 73 | C76: =+'6'!G76 -> 0 | D76: 0 | E76: =C76+D76 -> 0 | F76: 0 | G76: =+E76-F76-H76 -> 0 | H76: 0 | J76: =+I76*H76 -> 0 | K76: - | L76: 0 | M76: =SUM(J76-L76) -> 0
A77: 74 | C77: =+'6'!G77 -> 0 | D77: 0 | E77: =C77+D77 -> 0 | F77: 0 | G77: =+E77-F77-H77 -> 0 | H77: 0 | J77: =+I77*H77 -> 0 | K77: - | L77: 0 | M77: =SUM(J77-L77) -> 0
A78: 75 | C78: =+'6'!G78 -> 0 | D78: 0 | E78: =C78+D78 -> 0 | F78: 0 | G78: =+E78-F78-H78 -> 0 | H78: 0 | J78: =+I78*H78 -> 0 | K78: - | L78: 0 | M78: =SUM(J78-L78) -> 0
A79: 76 | C79: =+'6'!G79 -> 0 | D79: 0 | E79: =C79+D79 -> 0 | F79: 0 | G79: =+E79-F79-H79 -> 0 | H79: 0 | J79: =+I79*H79 -> 0 | K79: - | L79: 0 | M79: =SUM(J79-L79) -> 0
A80: 77 | C80: =+'6'!G80 -> 0 | D80: 0 | E80: =C80+D80 -> 0 | F80: 0 | G80: =+E80-F80-H80 -> 0 | H80: 0 | J80: =+I80*H80 -> 0 | K80: - | L80: 0 | M80: =SUM(J80-L80) -> 0
A81: 78 | C81: =+'6'!G81 -> 0 | D81: 0 | E81: =C81+D81 -> 0 | F81: 0 | G81: =+E81-F81-H81 -> 0 | H81: 0 | J81: =+I81*H81 -> 0 | K81: - | L81: 0 | M81: =SUM(J81-L81) -> 0
A82: 79 | C82: =+'6'!G82 -> 0 | D82: 0 | E82: =C82+D82 -> 0 | F82: 0 | G82: =+E82-F82-H82 -> 0 | H82: 0 | J82: =+I82*H82 -> 0 | K82: - | L82: 0 | M82: =SUM(J82-L82) -> 0 | N82: =SUM(M4:M82) -> 0
A83: 80 | C83: =+'6'!G83 -> 0 | D83: 0 | E83: =C83+D83 -> 0 | F83: 0 | G83: =+E83-F83-H83 -> 0 | H83: 0 | J83: =+I83*H83 -> 0 | K83: - | L83: 0 | M83: =SUM(J83-L83) -> 0
A84: 81 | C84: =+'6'!G84 -> 0 | D84: 0 | E84: =C84+D84 -> 0 | F84: 0 | G84: =+E84-F84-H84 -> 0 | H84: 0 | J84: =+I84*H84 -> 0 | K84: - | L84: 0 | M84: =SUM(J84-L84) -> 0
A85: 82 | C85: =+'6'!G85 -> 0 | D85: 0 | E85: =C85+D85 -> 0 | F85: 0 | G85: =+E85-F85-H85 -> 0 | H85: 0 | J85: =+I85*H85 -> 0 | K85: - | L85: 0 | M85: =SUM(J85-L85) -> 0
A86: 83 | C86: =+'6'!G86 -> 0 | D86: 0 | E86: =C86+D86 -> 0 | F86: 0 | G86: =+E86-F86-H86 -> 0 | H86: 0 | J86: =+I86*H86 -> 0 | K86: - | L86: 0 | M86: =SUM(J86-L86) -> 0
A87: 84 | C87: =+'6'!G87 -> 0 | D87: 0 | E87: =C87+D87 -> 0 | F87: 0 | G87: =+E87-F87-H87 -> 0 | H87: 0 | J87: =+I87*H87 -> 0 | K87: - | L87: 0 | M87: =SUM(J87-L87) -> 0
A88: 85 | C88: =+'6'!G88 -> 0 | D88: 0 | E88: =C88+D88 -> 0 | F88: 0 | G88: =+E88-F88-H88 -> 0 | H88: 0 | J88: =+I88*H88 -> 0 | K88: - | L88: 0 | M88: =SUM(J88-L88) -> 0
A89: 86 | C89: =+'6'!G89 -> 0 | D89: 0 | E89: =C89+D89 -> 0 | F89: 0 | G89: =+E89-F89-H89 -> 0 | H89: 0 | J89: =+I89*H89 -> 0 | K89: - | L89: 0 | M89: =SUM(J89-L89) -> 0
A90: 87 | C90: =+'6'!G90 -> 0 | D90: 0 | E90: =C90+D90 -> 0 | F90: 0 | G90: =+E90-F90-H90 -> 0 | H90: 0 | J90: =+I90*H90 -> 0 | K90: - | L90: 0 | M90: =SUM(J90-L90) -> 0
L91: 0 | M91: ส่วนลดสินค้า SALE
I93: รวมทั้งหมด | K93: =SUM(J4:J91) -> 0
I94: หัก ค่าโอนเงิน | K94: 0
I95: หัก โอนหน้าร้าน | K95: =SUM(L95:AB95) -> 0
I96: สแกนใช้สิทธิ์ | K96: 0
I97: หัก ค่าใช้จ่ายอื่นๆ | K97: 0
I98: หัก ส่วนลด | K98: =SUM(L4:L91) -> 0
I99: ต้องคงเหลือทั้งหมด | K99: =K93-K94-K95-K97-K98 -> 0
I100: ยอดที่รับจริง | K100: 0
I101: ขาด | K101: =+K100-K99 -> 0
I102: เกิน | K102: =+K100-K99 -> 0
J104: ยอดขายหักส่วนลด | K104: =+K93-K98+K101 -> 0
J105: ยอดเงินสด | K105: =SUM(K94:K97) -> 0
J106: ยอดโอน | K106: =+K100 -> 0

Sheet 8
A1: บูธ วัดใหม่สุปดิษฐาราม วันที่ 1-31/5/2567
A2: ลำดับ | B2: รายการ | C2: ยกมา | D2: รับ | E2: รวม | F2: เปลี่ยน/ | G2: คงเหลือ | H2: รายการขาย | K2: หมายเหตุ | L2: ส่วนลด
F3: คืน/เสีย | H3: จำนวน | I3: @ | J3: เป็นเงิน
A4: 1 | B4: ปังเนยนิ่ม 3 ชิ้น | C4: 6 | D4: 0 | E4: =C4+D4 -> 6 | F4: 0 | G4: =+E4-F4-H4 -> 6 | H4: 0 | I4: 50 | J4: =+I4*H4 -> 0 | K4: - | L4: 0 | M4: =SUM(J4-L4) -> 0
A5: 2 | B5: คอนเฟลก (กระปุก) | C5: 16 | D5: 0 | E5: =C5+D5 -> 16 | F5: 0 | G5: =+E5-F5-H5 -> 16 | H5: 0 | I5: 60 | J5: =+I5*H5 -> 0 | K5: - | L5: 0 | M5: =SUM(J5-L5) -> 0
A6: 3 | B6: เมอแรงค์ (กระปุก) | C6: =+'7'!G6 -> 11 | D6: 0 | E6: =C6+D6 -> 11 | F6: 0 | G6: =+E6-F6-H6 -> 11 | H6: 0 | I6: 55 | J6: =+I6*H6 -> 0 | K6: - | L6: 0 | M6: =SUM(J6-L6) -> 0
A7: 4 | B7: ท๊อฟฟี่ถั่ว (กระเช้า) | C7: 28 | D7: 0 | E7: =C7+D7 -> 28 | F7: 0 | G7: =+E7-F7-H7 -> 28 | H7: 0 | I7: 100 | J7: =+I7*H7 -> 0 | K7: - | L7: 0 | M7: =SUM(J7-L7) -> 0
A8: 5 | B8: ขนมเปี๊ยะไส้ถั่ว | C8: 12 | D8: 0 | E8: =C8+D8 -> 12 | F8: 0 | G8: =+E8-F8-H8 -> 12 | H8: 0 | I8: 120 | J8: =+I8*H8 -> 0 | K8: - | L8: 0 | M8: =SUM(J8-L8) -> 0
A9: 6 | B9: ขนมเปี๊ยะไส้เผือก | C9: =+'7'!G9 -> 10 | D9: 0 | E9: =C9+D9 -> 10 | F9: 0 | G9: =+E9-F9-H9 -> 10 | H9: 0 | I9: 120 | J9: =+I9*H9 -> 0 | K9: - | L9: 0 | M9: =SUM(J9-L9) -> 0
A10: 7 | B10: ขนมเปี๊ยะไส้ฟัก | C10: =+'7'!G10 -> 9 | D10: 0 | E10: =C10+D10 -> 9 | F10: 0 | G10: =+E10-F10-H10 -> 9 | H10: 0 | I10: 120 | J10: =+I10*H10 -> 0 | K10: - | L10: 0 | M10: =SUM(J10-L10) -> 0
A11: 8 | B11: ชิฟฟ่อนรวมรส 4 ชิ้น | C11: 27 | D11: 0 | E11: =C11+D11 -> 27 | F11: 0 | G11: =+E11-F11-H11 -> 26 | H11: 1 | I11: 55 | J11: =+I11*H11 -> 55 | K11: - | L11: 0 | M11: =SUM(J11-L11) -> 55
A12: 9 | B12: ชิฟฟ่อนรวมรส 8 ชิ้น | C12: 17 | D12: 0 | E12: =C12+D12 -> 17 | F12: 0 | G12: =+E12-F12-H12 -> 17 | H12: 0 | I12: 100 | J12: =+I12*H12 -> 0 | K12: - | L12: 0 | M12: =SUM(J12-L12) -> 0
A13: 10 | B13: ชิฟฟ่อนยอดฮิต | C13: 9 | D13: 0 | E13: =C13+D13 -> 9 | F13: 0 | G13: =+E13-F13-H13 -> 9 | H13: 0 | I13: 100 | J13: =+I13*H13 -> 0 | K13: - | L13: 0 | M13: =SUM(J13-L13) -> 0
A14: 11 | B14: ชิฟฟ่อนสอดไส้รวมรส 6 ชิ้น | C14: 14 | D14: 0 | E14: =C14+D14 -> 14 | F14: 0 | G14: =+E14-F14-H14 -> 14 | H14: 0 | I14: 100 | J14: =+I14*H14 -> 0 | K14: - | L14: 0 | M14: =SUM(J14-L14) -> 0
A15: 12 | B15: เบาหวิวมะพร้าวน้ำหอม 110 กรัม | C15: 0 | D15: 0 | E15: =C15+D15 -> 0 | F15: 0 | G15: =+E15-F15-H15 -> 0 | H15: 0 | I15: 50 | J15: =+I15*H15 -> 0 | K15: - | L15: 0 | M15: =SUM(J15-L15) -> 0
A16: 13 | B16: เบาหวิวฝอยทอง 300 กรัม | C16: =+'7'!G16 -> 0 | D16: 0 | E16: =C16+D16 -> 0 | F16: 0 | G16: =+E16-F16-H16 -> 0 | H16: 0 | I16: 120 | J16: =+I16*H16 -> 0 | K16: - | L16: 0 | M16: =SUM(J16-L16) -> 0
A17: 14 | B17: เบาหวิวฝอยทอง 110 กรัม | C17: 16 | D17: 0 | E17: =C17+D17 -> 16 | F17: 0 | G17: =+E17-F17-H17 -> 16 | H17: 0 | I17: 50 | J17: =+I17*H17 -> 0 | K17: - | L17: 0 | M17: =SUM(J17-L17) -> 0
A18: 15 | B18: ชิฟฟ่อน สอดไส้ 3 ชิ้น บลูเบอรี่ | C18: =+'7'!G18 -> 0 | D18: 0 | E18: =C18+D18 -> 0 | F18: 0 | G18: =+E18-F18-H18 -> 0 | H18: 0 | I18: 55 | J18: =+I18*H18 -> 0 | K18: - | L18: 0 | M18: =SUM(J18-L18) -> 0
A19: 16 | B19: ชิฟฟ่อน สอดไส้ 6 ชิ้น ฮอกไกโด | C19: =+'7'!G19 -> 0 | D19: 0 | E19: =C19+D19 -> 0 | F19: 0 | G19: =+E19-F19-H19 -> 0 | H19: 0 | I19: 100 | J19: =+I19*H19 -> 0 | K19: - | L19: 0 | M19: =SUM(J19-L19) -> 0
A20: 17 | B20: เบาหวิวเผือกมะพร้าว 300 กรัม | C20: =+'7'!G20 -> 0 | D20: 0 | E20: =C20+D20 -> 0 | F20: 0 | G20: =+E20-F20-H20 -> 0 | H20: 0 | I20: 120 | J20: =+I20*H20 -> 0 | K20: - | L20: 0 | M20: =SUM(J20-L20) -> 0
A21: 18 | B21: เบาหวิวเผือกมะพร้าว 110 กรัม | C21: 0 | D21: 0 | E21: =C21+D21 -> 0 | F21: 0 | G21: =+E21-F21-H21 -> 0 | H21: 0 | I21: 50 | J21: =+I21*H21 -> 0 | K21: - | L21: 0 | M21: =SUM(J21-L21) -> 0
A22: 19 | B22: เปี๊ยะโมจิฟัก 350 กรัม | C22: =+'7'!G22 -> 0 | D22: 0 | E22: =C22+D22 -> 0 | F22: 0 | G22: =+E22-F22-H22 -> 0 | H22: 0 | I22: 120 | J22: =+I22*H22 -> 0 | K22: - | L22: 0 | M22: =SUM(J22-L22) -> 0
A23: 20 | B23: เปี๊ยะโมจิฟัก 700 กรัม | C23: =+'7'!G23 -> 0 | D23: 0 | E23: =C23+D23 -> 0 | F23: 0 | G23: =+E23-F23-H23 -> 0 | H23: 0 | I23: 185 | J23: =+I23*H23 -> 0 | K23: - | L23: 0 | M23: =SUM(J23-L23) -> 0
A24: 21 | B24: เบาหวิวตาลหอม 110 กรัม | C24: =+'7'!G24 -> 0 | D24: 0 | E24: =C24+D24 -> 0 | F24: 0 | G24: =+E24-F24-H24 -> 0 | H24: 0 | I24: 50 | J24: =+I24*H24 -> 0 | K24: - | L24: 0 | M24: =SUM(J24-L24) -> 0
A25: 22 | B25: เบาหวิวกล้วยหอมมะพร้าวเผา 110 กรัม | C25: =+'7'!G25 -> 0 | D25: 0 | E25: =C25+D25 -> 0 | F25: 0 | G25: =+E25-F25-H25 -> 0 | H25: 0 | I25: 50 | J25: =+I25*H25 -> 0 | K25: - | L25: 0 | M25: =SUM(J25-L25) -> 0
A26: 23 | B26: เบาหวิวเนยสด 110 กรัม | C26: =+'7'!G26 -> 12 | D26: 0 | E26: =C26+D26 -> 12 | F26: 0 | G26: =+E26-F26-H26 -> 11 | H26: 1 | I26: 50 | J26: =+I26*H26 -> 50 | K26: - | L26: 0 | M26: =SUM(J26-L26) -> 50
A27: 24 | B27: เบาหวิวทุเรียน 110 กรัม | C27: =+'7'!G27 -> 11 | D27: 0 | E27: =C27+D27 -> 11 | F27: 0 | G27: =+E27-F27-H27 -> 11 | H27: 0 | I27: 50 | J27: =+I27*H27 -> 0 | K27: - | L27: 0 | M27: =SUM(J27-L27) -> 0
A28: 25 | B28: เบาหวิวกาแฟ 110 กรัม | C28: =+'7'!G28 -> 7 | D28: 0 | E28: =C28+D28 -> 7 | F28: 0 | G28: =+E28-F28-H28 -> 7 | H28: 0 | I28: 50 | J28: =+I28*H28 -> 0 | K28: - | L28: 0 | M28: =SUM(J28-L28) -> 0
A29: 26 | B29: ชิฟฟ่อน สอดไส้บลูเบอรี่ 3 ชิ้น | C29: =+'7'!G29 -> 0 | D29: 0 | E29: =C29+D29 -> 0 | F29: 0 | G29: =+E29-F29-H29 -> 0 | H29: 0 | I29: 50 | J29: =+I29*H29 -> 0 | K29: - | L29: 0 | M29: =SUM(J29-L29) -> 0
A30: 27 | B30: ชิฟฟ่อน สอดไส้สตรอเบอร์รี่ 3 ชิ้น | C30: =+'7'!G30 -> 0 | D30: 0 | E30: =C30+D30 -> 0 | F30: 0 | G30: =+E30-F30-H30 -> 0 | H30: 0 | I30: 50 | J30: =+I30*H30 -> 0 | K30: - | L30: 0 | M30: =SUM(J30-L30) -> 0
A31: 28 | B31: ชิฟฟ่อนสอดไส้นมฮอกไกโด 3 ชิ้น | C31: =+'7'!G31 -> 0 | D31: 0 | E31: =C31+D31 -> 0 | F31: 0 | G31: =+E31-F31-H31 -> 0 | H31: 0 | I31: 50 | J31: =+I31*H31 -> 0 | K31: - | L31: 0 | M31: =SUM(J31-L31) -> 0
A32: 29 | B32: รถลาน | C32: =+'7'!G32 -> 13 | D32: 0 | E32: =C32+D32 -> 13 | F32: 0 | G32: =+E32-F32-H32 -> 13 | H32: 0 | I32: 45 | J32: =+I32*H32 -> 0 | K32: - | L32: 0 | M32: =SUM(J32-L32) -> 0
A33: 30 | B33: หัวรถไฟโทมัส | C33: =+'7'!G33 -> 13 | D33: 0 | E33: =C33+D33 -> 13 | F33: 0 | G33: =+E33-F33-H33 -> 13 | H33: 0 | I33: 200 | J33: =+I33*H33 -> 0 | K33: - | L33: 0 | M33: =SUM(J33-L33) -> 0
... A70: 67 | B70: ขนมเปี๊ยะ 450 กรัม | C70: =+'7'!G70 -> 52 | D70: 0 | E70: =C70+D70 -> 52 | F70: 0 | G70: =+E70-F70-H70 -> 52 | H70: 0 | I70: 150 | J70: =+I70*H70 -> 0 | K70: - | L70: 0 | M70: =SUM(J70-L70) -> 0
A71: 68 | C71: =+'7'!G71 -> 0 | D71: 0 | E71: =C71+D71 -> 0 | F71: 0 | G71: =+E71-F71-H71 -> 0 | H71: 0 | J71: =+I71*H71 -> 0 | K71: - | L71: 0 | M71: =SUM(J71-L71) -> 0
A72: 69 | C72: =+'7'!G72 -> 0 | D72: 0 | E72: =C72+D72 -> 0 | F72: 0 | G72: =+E72-F72-H72 -> 0 | H72: 0 | J72: =+I72*H72 -> 0 | K72: - | L72: 0 | M72: =SUM(J72-L72) -> 0
A73: 70 | C73: =+'7'!G73 -> 0 | D73: 0 | E73: =C73+D73 -> 0 | F73: 0 | G73: =+E73-F73-H73 -> 0 | H73: 0 | J73: =+I73*H73 -> 0 | K73: - | L73: 0 | M73: =SUM(J73-L73) -> 0
A74: 71 | C74: =+'7'!G74 -> 0 | D74: 0 | E74: =C74+D74 -> 0 | F74: 0 | G74: =+E74-F74-H74 -> 0 | H74: 0 | J74: =+I74*H74 -> 0 | K74: - | L74: 0 | M74: =SUM(J74-L74) -> 0
A75: 72 | C75: =+'7'!G75 -> 0 | D75: 0 | E75: =C75+D75 -> 0 | F75: 0 | G75: =+E75-F75-H75 -> 0 | H75: 0 | J75: =+I75*H75 -> 0 | K75: - | L75: 0 | M75: =SUM(J75-L75) -> 0
A76: 73 | C76: =+'7'!G76 -> 0 | D76: 0 | E76: =C76+D76 -> 0 | F76: 0 | G76: =+E76-F76-H76 -> 0 | H76: 0 | J76: =+I76*H76 -> 0 | K76: - | L76: 0 | M76: =SUM(J76-L76) -> 0
A77: 74 | C77: =+'7'!G77 -> 0 | D77: 0 | E77: =C77+D77 -> 0 | F77: 0 | G77: =+E77-F77-H77 -> 0 | H77: 0 | J77: =+I77*H77 -> 0 | K77: - | L77: 0 | M77: =SUM(J77-L77) -> 0
A78: 75 | C78: =+'7'!G78 -> 0 | D78: 0 | E78: =C78+D78 -> 0 | F78: 0 | G78: =+E78-F78-H78 -> 0 | H78: 0 | J78: =+I78*H78 -> 0 | K78: - | L78: 0 | M78: =SUM(J78-L78) -> 0
A79: 76 | C79: =+'7'!G79 -> 0 | D79: 0 | E79: =C79+D79 -> 0 | F79: 0 | G79: =+E79-F79-H79 -> 0 | H79: 0 | J79: =+I79*H79 -> 0 | K79: - | L79: 0 | M79: =SUM(J79-L79) -> 0
A80: 77 | C80: =+'7'!G80 -> 0 | D80: 0 | E80: =C80+D80 -> 0 | F80: 0 | G80: =+E80-F80-H80 -> 0 | H80: 0 | J80: =+I80*H80 -> 0 | K80: - | L80: 0 | M80: =SUM(J80-L80) -> 0
A81: 78 | C81: =+'7'!G81 -> 0 | D81: 0 | E81: =C81+D81 -> 0 | F81: 0 | G81: =+E81-F81-H81 -> 0 | H81: 0 | J81: =+I81*H81 -> 0 | K81: - | L81: 0 | M81: =SUM(J81-L81) -> 0
A82: 79 | C82: =+'7'!G82 -> 0 | D82: 0 | E82: =C82+D82 -> 0 | F82: 0 | G82: =+E82-F82-H82 -> 0 | H82: 0 | J82: =+I82*H82 -> 0 | K82: - | L82: 0 | M82: =SUM(J82-L82) -> 0
... A89: 86 | C89: =+'7'!G89 -> 0 | D89: 0 | E89: =C89+D89 -> 0 | F89: 0 | G89: =+E89-F89-H89 -> 0 | H89: 0 | J89: =+I89*H89 -> 0 | K89: - | L89: 0 | M89: =SUM(J89-L89) -> 0
A90: 87 | C90: =+'7'!G90 -> 0 | D90: 0 | E90: =C90+D90 -> 0 | F90: 0 | G90: =+E90-F90-H90 -> 0 | H90: 0 | J90: =+I90*H90 -> 0 | K90: - | L90: 0 | M90: =SUM(J90-L90) -> 0 | N90: =SUM(M4:M90) -> 105
L91: 0 | M91: ส่วนลดสินค้า SALE
I93: รวมทั้งหมด | K93: =SUM(J4:J91) -> 105
I94: หัก ค่าโอนเงิน | K94: 0
I95: หัก โอนหน้าร้าน | K95: =SUM(L95:AB95) -> 0
I96: สแกนใช้สิทธิ์ | K96: 0
I97: หัก ค่าใช้จ่ายอื่นๆ | K97: 0
I98: หัก ส่วนลด | K98: =SUM(L4:L91) -> 0
I99: ต้องคงเหลือทั้งหมด | K99: =K93-K94-K95-K97-K98 -> 105
I100: ยอดที่รับจริง | K100: 105
I101: ขาด | K101: =+K100-K99 -> 0
I102: เกิน | K102: =+K100-K99 -> 0
J104: ยอดขายหักส่วนลด | K104: =+K93-K98+K101 -> 105
J105: ยอดเงินสด | K105: =SUM(K94:K97) -> 0
J106: ยอดโอน | K106: =+K100 -> 105

Sheet 9
A1: บูธ วัดใหม่สุปดิษฐาราม วันที่ 1-31/5/2567
A2: ลำดับ | B2: รายการ | C2: ยกมา | D2: รับ | E2: รวม | F2: เปลี่ยน/ | G2: คงเหลือ | H2: รายการขาย | K2: หมายเหตุ | L2: ส่วนลด
F3: คืน/เสีย | H3: จำนวน | I3: @ | J3: เป็นเงิน
A4: 1 | B4: ปังเนยนิ่ม 3 ชิ้น | C4: =+'8'!G4 -> 6 | D4: 0 | E4: =C4+D4 -> 6 | F4: 0 | G4: =+E4-F4-H4 -> 6 | H4: 0 | I4: 50 | J4: =+I4*H4 -> 0 | K4: - | L4: 0 | M4: =SUM(J4-L4) -> 0
A5: 2 | B5: คอนเฟลก (กระปุก) | C5: =+'8'!G5 -> 16 | D5: 0 | E5: =C5+D5 -> 16 | F5: 0 | G5: =+E5-F5-H5 -> 16 | H5: 0 | I5: 60 | J5: =+I5*H5 -> 0 | K5: - | L5: 0 | M5: =SUM(J5-L5) -> 0
A6: 3 | B6: เมอแรงค์ (กระปุก) | C6: =+'8'!G6 -> 11 | D6: 0 | E6: =C6+D6 -> 11 | F6: 0 | G6: =+E6-F6-H6 -> 11 | H6: 0 | I6: 55 | J6: =+I6*H6 -> 0 | K6: - | L6: 0 | M6: =SUM(J6-L6) -> 0
A7: 4 | B7: ท๊อฟฟี่ถั่ว (กระเช้า) | C7: =+'8'!G7 -> 28 | D7: 0 | E7: =C7+D7 -> 28 | F7: 0 | G7: =+E7-F7-H7 -> 28 | H7: 0 | I7: 100 | J7: =+I7*H7 -> 0 | K7: - | L7: 0 | M7: =SUM(J7-L7) -> 0
A8: 5 | B8: ขนมเปี๊ยะไส้ถั่ว | C8: =+'8'!G8 -> 12 | D8: 0 | E8: =C8+D8 -> 12 | F8: 0 | G8: =+E8-F8-H8 -> 12 | H8: 0 | I8: 120 | J8: =+I8*H8 -> 0 | K8: - | L8: 0 | M8: =SUM(J8-L8) -> 0
A9: 6 | B9: ขนมเปี๊ยะไส้เผือก | C9: =+'8'!G9 -> 10 | D9: 0 | E9: =C9+D9 -> 10 | F9: 0 | G9: =+E9-F9-H9 -> 10 | H9: 0 | I9: 120 | J9: =+I9*H9 -> 0 | K9: - | L9: 0 | M9: =SUM(J9-L9) -> 0
A10: 7 | B10: ขนมเปี๊ยะไส้ฟัก | C10: =+'8'!G10 -> 9 | D10: 0 | E10: =C10+D10 -> 9 | F10: 0 | G10: =+E10-F10-H10 -> 9 | H10: 0 | I10: 120 | J10: =+I10*H10 -> 0 | K10: - | L10: 0 | M10: =SUM(J10-L10) -> 0
A11: 8 | B11: ชิฟฟ่อนรวมรส 4 ชิ้น | C11: =+'8'!G11 -> 26 | D11: 0 | E11: =C11+D11 -> 26 | F11: 0 | G11: =+E11-F11-H11 -> 26 | H11: 0 | I11: 55 | J11: =+I11*H11 -> 0 | K11: - | L11: 0 | M11: =SUM(J11-L11) -> 0
A12: 9 | B12: ชิฟฟ่อนรวมรส 8 ชิ้น | C12: =+'8'!G12 -> 17 | D12: 0 | E12: =C12+D12 -> 17 | F12: 0 | G12: =+E12-F12-H12 -> 15 | H12: 2 | I12: 100 | J12: =+I12*H12 -> 200 | K12: ลด50% | L12: 100 | M12: =SUM(J12-L12) -> 100
A13: 10 | B13: ชิฟฟ่อนยอดฮิต | C13: =+'8'!G13 -> 9 | D13: 0 | E13: =C13+D13 -> 9 | F13: 0 | G13: =+E13-F13-H13 -> 9 | H13: 0 | I13: 100 | J13: =+I13*H13 -> 0 | K13: - | L13: 0 | M13: =SUM(J13-L13) -> 0
A14: 11 | B14: ชิฟฟ่อนสอดไส้รวมรส 6 ชิ้น | C14: =+'8'!G14 -> 14 | D14: 0 | E14: =C14+D14 -> 14 | F14: 0 | G14: =+E14-F14-H14 -> 12 | H14: 2 | I14: 100 | J14: =+I14*H14 -> 200 | K14: ลด50% | L14: 100 | M14: =SUM(J14-L14) -> 100
A15: 12 | B15: เบาหวิวมะพร้าวน้ำหอม 110 กรัม | C15: =+'8'!G15 -> 0 | D15: 0 | E15: =C15+D15 -> 0 | F15: 0 | G15: =+E15-F15-H15 -> 0 | H15: 0 | I15: 50 | J15: =+I15*H15 -> 0 | K15: - | L15: 0 | M15: =SUM(J15-L15) -> 0
... A70: 67 | B70: ขนมเปี๊ยะ 450 กรัม | C70: =+'8'!G70 -> 52 | D70: 0 | E70: =C70+D70 -> 52 | F70: 0 | G70: =+E70-F70-H70 -> 52 | H70: 0 | I70: 150 | J70: =+I70*H70 -> 0 | K70: - | L70: 0 | M70: =SUM(J70-L70) -> 0
A71: 68 | C71: =+'8'!G71 -> 0 | D71: 0 | E71: =C71+D71 -> 0 | F71: 0 | G71: =+E71-F71-H71 -> 0 | H71: 0 | J71: =+I71*H71 -> 0 | K71: - | L71: 0 | M71: =SUM(J71-L71) -> 0
A72: 69 | C72: =+'8'!G72 -> 0 | D72: 0 | E72: =C72+D72 -> 0 | F72: 0 | G72: =+E72-F72-H72 -> 0 | H72: 0 | J72: =+I72*H72 -> 0 | K72: - | L72: 0 | M72: =SUM(J72-L72) -> 0
A73: 70 | C73: =+'8'!G73 -> 0 | D73: 0 | E73: =C73+D73 -> 0 | F73: 0 | G73: =+E73-F73-H73 -> 0 | H73: 0 | J73: =+I73*H73 -> 0 | K73: - | L73: 0 | M73: =SUM(J73-L73) -> 0
A74: 71 | C74: =+'8'!G74 -> 0 | D74: 0 | E74: =C74+D74 -> 0 | F74: 0 | G74: =+E74-F74-H74 -> 0 | H74: 0 | J74: =+I74*H74 -> 0 | K74: - | L74: 0 | M74: =SUM(J74-L74) -> 0
A75: 72 | C75: =+'8'!G75 -> 0 | D75: 0 | E75: =C75+D75 -> 0 | F75: 0 | G75: =+E75-F75-H75 -> 0 | H75: 0 | J75: =+I75*H75 -> 0 | K75: - | L75: 0 | M75: =SUM(J75-L75) -> 0
A76: 73 | C76: =+'8'!G76 -> 0 | D76: 0 | E76: =C76+D76 -> 0 | F76: 0 | G76: =+E76-F76-H76 -> 0 | H76: 0 | J76: =+I76*H76 -> 0 | K76: - | L76: 0 | M76: =SUM(J76-L76) -> 0
A77: 74 | C77: =+'8'!G77 -> 0 | D77: 0 | E77: =C77+D77 -> 0 | F77: 0 | G77: =+E77-F77-H77 -> 0 | H77: 0 | J77: =+I77*H77 -> 0 | K77: - | L77: 0 | M77: =SUM(J77-L77) -> 0
A78: 75 | C78: =+'8'!G78 -> 0 | D78: 0 | E78: =C78+D78 -> 0 | F78: 0 | G78: =+E78-F78-H78 -> 0 | H78: 0 | J78: =+I78*H78 -> 0 | K78: - | L78: 0 | M78: =SUM(J78-L78) -> 0
A79: 76 | C79: =+'8'!G79 -> 0 | D79: 0 | E79: =C79+D79 -> 0 | F79: 0 | G79: =+E79-F79-H79 -> 0 | H79: 0 | J79: =+I79*H79 -> 0 | K79: - | L79: 0 | M79: =SUM(J79-L79) -> 0
A80: 77 | C80: =+'8'!G80 -> 0 | D80: 0 | E80: =C80+D80 -> 0 | F80: 0 | G80: =+E80-F80-H80 -> 0 | H80: 0 | J80: =+I80*H80 -> 0 | K80: - | L80: 0 | M80: =SUM(J80-L80) -> 0
A81: 78 | C81: =+'8'!G81 -> 0 | D81: 0 | E81: =C81+D81 -> 0 | F81: 0 | G81: =+E81-F81-H81 -> 0 | H81: 0 | J81: =+I81*H81 -> 0 | K81: - | L81: 0 | M81: =SUM(J81-L81) -> 0
A82: 79 | C82: =+'8'!G82 -> 0 | D82: 0 | E82: =C82+D82 -> 0 | F82: 0 | G82: =+E82-F82-H82 -> 0 | H82: 0 | J82: =+I82*H82 -> 0 | K82: - | L82: 0 | M82: =SUM(J82-L82) -> 0
... A89: 86 | C89: =+'8'!G89 -> 0 | D89: 0 | E89: =C89+D89 -> 0 | F89: 0 | G89: =+E89-F89-H89 -> 0 | H89: 0 | J89: =+I89*H89 -> 0 | K89: - | L89: 0 | M89: =SUM(J89-L89) -> 0
A90: 87 | C90: =+'8'!G90 -> 0 | D90: 0 | E90: =C90+D90 -> 0 | F90: 0 | G90: =+E90-F90-H90 -> 0 | H90: 0 | J90: =+I90*H90 -> 0 | K90: - | L90: 0 | M90: =SUM(J90-L90) -> 0 | N90: =SUM(M4:M90) -> 300
L91: 0 | M91: ส่วนลดสินค้า SALE
I93: รวมทั้งหมด | K93: =SUM(J4:J91) -> 500
I94: หัก ค่าโอนเงิน | K94: 0
I95: หัก โอนหน้าร้าน | K95: =SUM(L95:AB95) -> 0
I96: สแกนใช้สิทธิ์ | K96: 0
I97: หัก ค่าใช้จ่ายอื่นๆ | K97: 0
I98: หัก ส่วนลด | K98: =SUM(L4:L91) -> 200
I99: ต้องคงเหลือทั้งหมด | K99: =K93-K94-K95-K97-K98 -> 300
I100: ยอดที่รับจริง | K100: 300
I101: ขาด | K101: =+K100-K99 -> 0
I102: เกิน | K102: =+K100-K99 -> 0
J104: ยอดขายหักส่วนลด | K104: =+K93-K98+K101 -> 300
J105: ยอดเงินสด | K105: =SUM(K94:K97) -> 0
J106: ยอดโอน | K106: =+K100 -> 300

Sheet 10
A1: บูธ วัดใหม่สุปดิษฐาราม วันที่ 1-31/5/2567
A2: ลำดับ | B2: รายการ | C2: ยกมา | D2: รับ | E2: รวม | F2: เปลี่ยน/ | G2: คงเหลือ | H2: รายการขาย | K2: หมายเหตุ | L2: ส่วนลด
F3: คืน/เสีย | H3: จำนวน | I3: @ | J3: เป็นเงิน
A4: 1 | B4: ปังเนยนิ่ม 3 ชิ้น | C4: =+'9'!G4 -> 6 | D4: 0 | E4: =C4+D4 -> 6 | F4: 0 | G4: =+E4-F4-H4 -> 5 | H4: 1 | I4: 50 | J4: =+I4*H4 -> 50 | K4: - | L4: 0 | M4: =SUM(J4-L4) -> 50
A5: 2 | B5: คอนเฟลก (กระปุก) | C5: =+'9'!G5 -> 16 | D5: 0 | E5: =C5+D5 -> 16 | F5: 0 | G5: =+E5-F5-H5 -> 16 | H5: 0 | I5: 60 | J5: =+I5*H5 -> 0 | K5: - | L5: 0 | M5: =SUM(J5-L5) -> 0
A6: 3 | B6: เมอแรงค์ (กระปุก) | C6: =+'9'!G6 -> 11 | D6: 0 | E6: =C6+D6 -> 11 | F6: 0 | G6: =+E6-F6-H6 -> 11 | H6: 0 | I6: 55 | J6: =+I6*H6 -> 0 | K6: - | L6: 0 | M6: =SUM(J6-L6) -> 0
A7: 4 | B7: ท๊อฟฟี่ถั่ว (กระเช้า) | C7: =+'9'!G7 -> 28 | D7: 0 | E7: =C7+D7 -> 28 | F7: 0 | G7: =+E7-F7-H7 -> 28 | H7: 0 | I7: 100 | J7: =+I7*H7 -> 0 | K7: - | L7: 0 | M7: =SUM(J7-L7) -> 0
A8: 5 | B8: ขนมเปี๊ยะไส้ถั่ว | C8: =+'9'!G8 -> 12 | D8: 0 | E8: =C8+D8 -> 12 | F8: 0 | G8: =+E8-F8-H8 -> 12 | H8: 0 | I8: 120 | J8: =+I8*H8 -> 0 | K8: - | L8: 0 | M8: =SUM(J8-L8) -> 0
A9: 6 | B9: ขนมเปี๊ยะไส้เผือก | C9: =+'9'!G9 -> 10 | D9: 0 | E9: =C9+D9 -> 10 | F9: 0 | G9: =+E9-F9-H9 -> 10 | H9: 0 | I9: 120 | J9: =+I9*H9 -> 0 | K9: - | L9: 0 | M9: =SUM(J9-L9) -> 0
A10: 7 | B10: ขนมเปี๊ยะไส้ฟัก | C10: =+'9'!G10 -> 9 | D10: 0 | E10: =C10+D10 -> 9 | F10: 0 | G10: =+E10-F10-H10 -> 9 | H10: 0 | I10: 120 | J10: =+I10*H10 -> 0 | K10: - | L10: 0 | M10: =SUM(J10-L10) -> 0
A11: 8 | B11: ชิฟฟ่อนรวมรส 4 ชิ้น | C11: =+'9'!G11 -> 26 | D11: 0 | E11: =C11+D11 -> 26 | F11: 0 | G11: =+E11-F11-H11 -> 25 | H11: 1 | I11: 55 | J11: =+I11*H11 -> 55 | K11: - | L11: 0 | M11: =SUM(J11-L11) -> 55
A12: 9 | B12: ชิฟฟ่อนรวมรส 8 ชิ้น | C12: =+'9'!G12 -> 15 | D12: 0 | E12: =C12+D12 -> 15 | F12: 3 | G12: =+E12-F12-H12 -> 11 | H12: 1 | I12: 100 | J12: =+I12*H12 -> 100 | K12: - | L12: 0 | M12: =SUM(J12-L12) -> 100
A13: 10 | B13: ชิฟฟ่อนยอดฮิต | C13: =+'9'!G13 -> 9 | D13: 0 | E13: =C13+D13 -> 9 | F13: 0 | G13: =+E13-F13-H13 -> 8 | H13: 1 | I13: 100 | J13: =+I13*H13 -> 100 | K13: - | L13: 0 | M13: =SUM(J13-L13) -> 100
A14: 11 | B14: ชิฟฟ่อนสอดไส้รวมรส 6 ชิ้น | C14: =+'9'!G14 -> 12 | D14: 0 | E14: =C14+D14 -> 12 | F14: 0 | G14: =+E14-F14-H14 -> 12 | H14: 0 | I14: 100 | J14: =+I14*H14 -> 0 | K14: - | L14: 0 | M14: =SUM(J14-L14) -> 0
A15: 12 | B15: เบาหวิวมะพร้าวน้ำหอม 110 กรัม | C15: =+'9'!G15 -> 0 | D15: 0 | E15: =C15+D15 -> 0 | F15: 0 | G15: =+E15-F15-H15 -> 0 | H15: 0 | I15: 50 | J15: =+I15*H15 -> 0 | K15: - | L15: 0 | M15: =SUM(J15-L15) -> 0
... A70: 67 | B70: ขนมเปี๊ยะ 450 กรัม | C70: =+'9'!G70 -> 52 | D70: 0 | E70: =C70+D70 -> 52 | F70: 0 | G70: =+E70-F70-H70 -> 50 | H70: 2 | I70: 150 | J70: =+I70*H70 -> 300 | K70: - | L70: 100 | M70: =SUM(J70-L70) -> 200
A71: 68 | C71: =+'9'!G71 -> 0 | D71: 0 | E71: =C71+D71 -> 0 | F71: 0 | G71: =+E71-F71-H71 -> 0 | H71: 0 | J71: =+I71*H71 -> 0 | K71: - | L71: 0 | M71: =SUM(J71-L71) -> 0
A72: 69 | C72: =+'9'!G72 -> 0 | D72: 0 | E72: =C72+D72 -> 0 | F72: 0 | G72: =+E72-F72-H72 -> 0 | H72: 0 | J72: =+I72*H72 -> 0 | K72: - | L72: 0 | M72: =SUM(J72-L72) -> 0
A73: 70 | C73: =+'9'!G73 -> 0 | D73: 0 | E73: =C73+D73 -> 0 | F73: 0 | G73: =+E73-F73-H73 -> 0 | H73: 0 | J73: =+I73*H73 -> 0 | K73: - | L73: 0 | M73: =SUM(J73-L73) -> 0
A74: 71 | C74: =+'9'!G74 -> 0 | D74: 0 | E74: =C74+D74 -> 0 | F74: 0 | G74: =+E74-F74-H74 -> 0 | H74: 0 | J74: =+I74*H74 -> 0 | K74: - | L74: 0 | M74: =SUM(J74-L74) -> 0
A75: 72 | C75: =+'9'!G75 -> 0 | D75: 0 | E75: =C75+D75 -> 0 | F75: 0 | G75: =+E75-F75-H75 -> 0 | H75: 0 | J75: =+I75*H75 -> 0 | K75: - | L75: 0 | M75: =SUM(J75-L75) -> 0
A76: 73 | C76: =+'9'!G76 -> 0 | D76: 0 | E76: =C76+D76 -> 0 | F76: 0 | G76: =+E76-F76-H76 -> 0 | H76: 0 | J76: =+I76*H76 -> 0 | K76: - | L76: 0 | M76: =SUM(J76-L76) -> 0
A77: 74 | C77: =+'9'!G77 -> 0 | D77: 0 | E77: =C77+D77 -> 0 | F77: 0 | G77: =+E77-F77-H77 -> 0 | H77: 0 | J77: =+I77*H77 -> 0 | K77: - | L77: 0 | M77: =SUM(J77-L77) -> 0
A78: 75 | C78: =+'9'!G78 -> 0 | D78: 0 | E78: =C78+D78 -> 0 | F78: 0 | G78: =+E78-F78-H78 -> 0 | H78: 0 | J78: =+I78*H78 -> 0 | K78: - | L78: 0 | M78: =SUM(J78-L78) -> 0
A79: 76 | C79: =+'9'!G79 -> 0 | D79: 0 | E79: =C79+D79 -> 0 | F79: 0 | G79: =+E79-F79-H79 -> 0 | H79: 0 | J79: =+I79*H79 -> 0 | K79: - | L79: 0 | M79: =SUM(J79-L79) -> 0
A80: 77 | C80: =+'9'!G80 -> 0 | D80: 0 | E80: =C80+D80 -> 0 | F80: 0 | G80: =+E80-F80-H80 -> 0 | H80: 0 | J80: =+I80*H80 -> 0 | K80: - | L80: 0 | M80: =SUM(J80-L80) -> 0
A81: 78 | C81: =+'9'!G81 -> 0 | D81: 0 | E81: =C81+D81 -> 0 | F81: 0 | G81: =+E81-F81-H81 -> 0 | H81: 0 | J81: =+I81*H81 -> 0 | K81: - | L81: 0 | M81: =SUM(J81-L81) -> 0
A82: 79 | C82: =+'9'!G82 -> 0 | D82: 0 | E82: =C82+D82 -> 0 | F82: 0 | G82: =+E82-F82-H82 -> 0 | H82: 0 | J82: =+I82*H82 -> 0 | K82: - | L82: 0 | M82: =SUM(J82-L82) -> 0
... A89: 86 | C89: =+'9'!G89 -> 0 | D89: 0 | E89: =C89+D89 -> 0 | F89: 0 | G89: =+E89-F89-H89 -> 0 | H89: 0 | J89: =+I89*H89 -> 0 | K89: - | L89: 0 | M89: =SUM(J89-L89) -> 0
A90: 87 | C90: =+'9'!G90 -> 0 | D90: 0 | E90: =C90+D90 -> 0 | F90: 0 | G90: =+E90-F90-H90 -> 0 | H90: 0 | J90: =+I90*H90 -> 0 | K90: - | L90: 0 | M90: =SUM(J90-L90) -> 0 | N90: =SUM(M4:M90) -> 505
L91: 0 | M91: ส่วนลดสินค้า SALE
I93: รวมทั้งหมด | K93: =SUM(J4:J91) -> 605
I94: หัก ค่าโอนเงิน | K94: 0
I95: หัก โอนหน้าร้าน | K95: =SUM(L95:AB95) -> 0
I96: สแกนใช้สิทธิ์ | K96: 0
I97: หัก ค่าใช้จ่ายอื่นๆ | K97: 0
I98: หัก ส่วนลด | K98: =SUM(L4:L91) -> 100
I99: ต้องคงเหลือทั้งหมด | K99: =K93-K94-K95-K97-K98 -> 505
I100: ยอดที่รับจริง | K100: 505
I101: ขาด | K101: =+K100-K99 -> 0
I102: เกิน | K102: =+K100-K99 -> 0
J104: ยอดขายหักส่วนลด | K104: =+K93-K98+K101 -> 505
J105: ยอดเงินสด | K105: =SUM(K94:K97) -> 0
J106: ยอดโอน | K106: =+K100 -> 505

Sheet 11
A1: บูธ วัดใหม่สุปดิษฐาราม วันที่ 1-31/5/2567
A2: ลำดับ | B2: รายการ | C2: ยกมา | D2: รับ | E2: รวม | F2: เปลี่ยน/ | G2: คงเหลือ | H2: รายการขาย | K2: หมายเหตุ | L2: ส่วนลด
F3: คืน/เสีย | H3: จำนวน | I3: @ | J3: เป็นเงิน
A4: 1 | B4: ปังเนยนิ่ม 3 ชิ้น | C4: =+'10'!G4 -> 5 | D4: 0 | E4: =C4+D4 -> 5 | F4: 0 | G4: =+E4-F4-H4 -> 4 | H4: 1 | I4: 50 | J4: =+I4*H4 -> 50 | K4: - | L4: 0 | M4: =SUM(J4-L4) -> 50
A5: 2 | B5: คอนเฟลก (กระปุก) | C5: =+'10'!G5 -> 16 | D5: 0 | E5: =C5+D5 -> 16 | F5: 0 | G5: =+E5-F5-H5 -> 16 | H5: 0 | I5: 60 | J5: =+I5*H5 -> 0 | K5: - | L5: 0 | M5: =SUM(J5-L5) -> 0
A6: 3 | B6: เมอแรงค์ (กระปุก) | C6: =+'10'!G6 -> 11 | D6: 0 | E6: =C6+D6 -> 11 | F6: 0 | G6: =+E6-F6-H6 -> 10 | H6: 1 | I6: 55 | J6: =+I6*H6 -> 55 | K6: - | L6: 0 | M6: =SUM(J6-L6) -> 55
A7: 4 | B7: ท๊อฟฟี่ถั่ว (กระเช้า) | C7: =+'10'!G7 -> 28 | D7: 0 | E7: =C7+D7 -> 28 | F7: 0 | G7: =+E7-F7-H7 -> 28 | H7: 0 | I7: 100 | J7: =+I7*H7 -> 0 | K7: - | L7: 0 | M7: =SUM(J7-L7) -> 0
A8: 5 | B8: ขนมเปี๊ยะไส้ถั่ว | C8: =+'10'!G8 -> 12 | D8: 0 | E8: =C8+D8 -> 12 | F8: 0 | G8: =+E8-F8-H8 -> 12 | H8: 0 | I8: 120 | J8: =+I8*H8 -> 0 | K8: - | L8: 0 | M8: =SUM(J8-L8) -> 0
A9: 6 | B9: ขนมเปี๊ยะไส้เผือก | C9: =+'10'!G9 -> 10 | D9: 0 | E9: =C9+D9 -> 10 | F9: 0 | G9: =+E9-F9-H9 -> 10 | H9: 0 | I9: 120 | J9: =+I9*H9 -> 0 | K9: - | L9: 0 | M9: =SUM(J9-L9) -> 0
A10: 7 | B10: ขนมเปี๊ยะไส้ฟัก | C10: =+'10'!G10 -> 9 | D10: 0 | E10: =C10+D10 -> 9 | F10: 0 | G10: =+E10-F10-H10 -> 9 | H10: 0 | I10: 120 | J10: =+I10*H10 -> 0 | K10: - | L10: 0 | M10: =SUM(J10-L10) -> 0
A11: 8 | B11: ชิฟฟ่อนรวมรส 4 ชิ้น | C11: =+'10'!G11 -> 25 | D11: 0 | E11: =C11+D11 -> 25 | F11: 0 | G11: =+E11-F11-H11 -> 25 | H11: 0 | I11: 55 | J11: =+I11*H11 -> 0 | K11: - | L11: 0 | M11: =SUM(J11-L11) -> 0
A12: 9 | B12: ชิฟฟ่อนรวมรส 8 ชิ้น | C12: =+'10'!G12 -> 11 | D12: 0 | E12: =C12+D12 -> 11 | F12: 0 | G12: =+E12-F12-H12 -> 11 | H12: 0 | I12: 100 | J12: =+I12*H12 -> 0 | K12: - | L12: 0 | M12: =SUM(J12-L12) -> 0
A13: 10 | B13: ชิฟฟ่อนยอดฮิต | C13: =+'10'!G13 -> 8 | D13: 0 | E13: =C13+D13 -> 8 | F13: 0 | G13: =+E13-F13-H13 -> 8 | H13: 0 | I13: 100 | J13: =+I13*H13 -> 0 | K13: - | L13: 0 | M13: =SUM(J13-L13) -> 0
A14: 11 | B14: ชิฟฟ่อนสอดไส้รวมรส 6 ชิ้น | C14: =+'10'!G14 -> 12 | D14: 0 | E14: =C14+D14 -> 12 | F14: 4 | G14: =+E14-F14-H14 -> 8 | H14: 0 | I14: 100 | J14: =+I14*H14 -> 0 | K14: - | L14: 0 | M14: =SUM(J14-L14) -> 0
A15: 12 | B15: เบาหวิวมะพร้าวน้ำหอม 110 กรัม | C15: =+'10'!G15 -> 0 | D15: 0 | E15: =C15+D15 -> 0 | F15: 0 | G15: =+E15-F15-H15 -> 0 | H15: 0 | I15: 50 | J15: =+I15*H15 -> 0 | K15: - | L15: 0 | M15: =SUM(J15-L15) -> 0
... A70: 67 | B70: ขนมเปี๊ยะ 450 กรัม | C70: =+'10'!G70 -> 50 | D70: 0 | E70: =C70+D70 -> 50 | F70: 0 | G70: =+E70-F70-H70 -> 50 | H70: 0 | I70: 150 | J70: =+I70*H70 -> 0 | K70: - | L70: 0 | M70: =SUM(J70-L70) -> 0
A71: 68 | C71: =+'10'!G71 -> 0 | D71: 0 | E71: =C71+D71 -> 0 | F71: 0 | G71: =+E71-F71-H71 -> 0 | H71: 0 | J71: =+I71*H71 -> 0 | K71: - | L71: 0 | M71: =SUM(J71-L71) -> 0
A72: 69 | C72: =+'10'!G72 -> 0 | D72: 0 | E72: =C72+D72 -> 0 | F72: 0 | G72: =+E72-F72-H72 -> 0 | H72: 0 | J72: =+I72*H72 -> 0 | K72: - | L72: 0 | M72: =SUM(J72-L72) -> 0
A73: 70 | C73: =+'10'!G73 -> 0 | D73: 0 | E73: =C73+D73 -> 0 | F73: 0 | G73: =+E73-F73-H73 -> 0 | H73: 0 | J73: =+I73*H73 -> 0 | K73: - | L73: 0 | M73: =SUM(J73-L73) -> 0
A74: 71 | C74: =+'10'!G74 -> 0 | D74: 0 | E74: =C74+D74 -> 0 | F74: 0 | G74: =+E74-F74-H74 -> 0 | H74: 0 | J74: =+I74*H74 -> 0 | K74: - | L74: 0 | M74: =SUM(J74-L74) -> 0
A75: 72 | C75: =+'10'!G75 -> 0 | D75: 0 | E75: =C75+D75 -> 0 | F75: 0 | G75: =+E75-F75-H75 -> 0 | H75: 0 | J75: =+I75*H75 -> 0 | K75: - | L75: 0 | M75: =SUM(J75-L75) -> 0
A76: 73 | C76: =+'10'!G76 -> 0 | D76: 0 | E76: =C76+D76 -> 0 | F76: 0 | G76: =+E76-F76-H76 -> 0 | H76: 0 | J76: =+I76*H76 -> 0 | K76: - | L76: 0 | M76: =SUM(J76-L76) -> 0
A77: 74 | C77: =+'10'!G77 -> 0 | D77: 0 | E77: =C77+D77 -> 0 | F77: 0 | G77: =+E77-F77-H77 -> 0 | H77: 0 | J77: =+I77*H77 -> 0 | K77: - | L77: 0 | M77: =SUM(J77-L77) -> 0
A78: 75 | C78: =+'10'!G78 -> 0 | D78: 0 | E78: =C78+D78 -> 0 | F78: 0 | G78: =+E78-F78-H78 -> 0 | H78: 0 | J78: =+I78*H78 -> 0 | K78: - | L78: 0 | M78: =SUM(J78-L78) -> 0
A79: 76 | C79: =+'10'!G79 -> 0 | D79: 0 | E79: =C79+D79 -> 0 | F79: 0 | G79: =+E79-F79-H79 -> 0 | H79: 0 | J79: =+I79*H79 -> 0 | K79: - | L79: 0 | M79: =SUM(J79-L79) -> 0
A80: 77 | C80: =+'10'!G80 -> 0 | D80: 0 | E80: =C80+D80 -> 0 | F80: 0 | G80: =+E80-F80-H80 -> 0 | H80: 0 | J80: =+I80*H80 -> 0 | K80: - | L80: 0 | M80: =SUM(J80-L80) -> 0
A81: 78 | C81: =+'10'!G81 -> 0 | D81: 0 | E81: =C81+D81 -> 0 | F81: 0 | G81: =+E81-F81-H81 -> 0 | H81: 0 | J81: =+I81*H81 -> 0 | K81: - | L81: 0 | M81: =SUM(J81-L81) -> 0
A82: 79 | C82: =+'10'!G82 -> 0 | D82: 0 | E82: =C82+D82 -> 0 | F82: 0 | G82: =+E82-F82-H82 -> 0 | H82: 0 | J82: =+I82*H82 -> 0 | K82: - | L82: 0 | M82: =SUM(J82-L82) -> 0
... A89: 86 | C89: =+'10'!G89 -> 0 | D89: 0 | E89: =C89+D89 -> 0 | F89: 0 | G89: =+E89-F89-H89 -> 0 | H89: 0 | J89: =+I89*H89 -> 0 | K89: - | L89: 0 | M89: =SUM(J89-L89) -> 0
A90: 87 | C90: =+'10'!G90 -> 0 | D90: 0 | E90: =C90+D90 -> 0 | F90: 0 | G90: =+E90-F90-H90 -> 0 | H90: 0 | J90: =+I90*H90 -> 0 | K90: - | L90: 0 | M90: =SUM(J90-L90) -> 0 | N90: =SUM(M4:M90) -> 205
L91: 0 | M91: ส่วนลดสินค้า SALE
I93: รวมทั้งหมด | K93: =SUM(J4:J91) -> 205
I94: หัก ค่าโอนเงิน | K94: 0
I95: หัก โอนหน้าร้าน | K95: =SUM(L95:AB95) -> 0
I96: สแกนใช้สิทธิ์ | K96: 0
I97: หัก ค่าใช้จ่ายอื่นๆ | K97: 0
I98: หัก ส่วนลด | K98: =SUM(L4:L91) -> 0
I99: ต้องคงเหลือทั้งหมด | K99: =K93-K94-K95-K97-K98 -> 205
I100: ยอดที่รับจริง | K100: 205
I101: ขาด | K101: =+K100-K99 -> 0
I102: เกิน | K102: =+K100-K99 -> 0
J104: ยอดขายหักส่วนลด | K104: =+K93-K98+K101 -> 205
J105: ยอดเงินสด | K105: =SUM(K94:K97) -> 0
J106: ยอดโอน | K106: =+K100 -> 205

Sheet 12
A1: บูธ วัดใหม่สุปดิษฐาราม วันที่ 1-31/5/2567
A2: ลำดับ | B2: รายการ | C2: ยกมา | D2: รับ | E2: รวม | F2: เปลี่ยน/ | G2: คงเหลือ | H2: รายการขาย | K2: หมายเหตุ | L2: ส่วนลด
F3: คืน/เสีย | H3: จำนวน | I3: @ | J3: เป็นเงิน
A4: 1 | B4: ปังเนยนิ่ม 3 ชิ้น | C4: =+'11'!G4 -> 4 | D4: 0 | E4: =C4+D4 -> 4 | F4: 0 | G4: =+E4-F4-H4 -> 3 | H4: 1 | I4: 50 | J4: =+I4*H4 -> 50 | K4: - | L4: 0 | M4: =SUM(J4-L4) -> 50
A5: 2 | B5: คอนเฟลก (กระปุก) | C5: =+'11'!G5 -> 16 | D5: 0 | E5: =C5+D5 -> 16 | F5: 0 | G5: =+E5-F5-H5 -> 16 | H5: 0 | I5: 60 | J5: =+I5*H5 -> 0 | K5: - | L5: 0 | M5: =SUM(J5-L5) -> 0
A6: 3 | B6: เมอแรงค์ (กระปุก) | C6: =+'11'!G6 -> 10 | D6: 0 | E6: =C6+D6 -> 10 | F6: 0 | G6: =+E6-F6-H6 -> 10 | H6: 0 | I6: 55 | J6: =+I6*H6 -> 0 | K6: - | L6: 0 | M6: =SUM(J6-L6) -> 0
A7: 4 | B7: ท๊อฟฟี่ถั่ว (กระเช้า) | C7: =+'11'!G7 -> 28 | D7: 0 | E7: =C7+D7 -> 28 | F7: 0 | G7: =+E7-F7-H7 -> 28 | H7: 0 | I7: 100 | J7: =+I7*H7 -> 0 | K7: - | L7: 0 | M7: =SUM(J7-L7) -> 0
A8: 5 | B8: ขนมเปี๊ยะไส้ถั่ว | C8: =+'11'!G8 -> 12 | D8: 0 | E8: =C8+D8 -> 12 | F8: 0 | G8: =+E8-F8-H8 -> 12 | H8: 0 | I8: 120 | J8: =+I8*H8 -> 0 | K8: - | L8: 0 | M8: =SUM(J8-L8) -> 0
A9: 6 | B9: ขนมเปี๊ยะไส้เผือก | C9: =+'11'!G9 -> 10 | D9: 0 | E9: =C9+D9 -> 10 | F9: 0 | G9: =+E9-F9-H9 -> 10 | H9: 0 | I9: 120 | J9: =+I9*H9 -> 0 | K9: - | L9: 0 | M9: =SUM(J9-L9) -> 0
A10: 7 | B10: ขนมเปี๊ยะไส้ฟัก | C10: =+'11'!G10 -> 9 | D10: 0 | E10: =C10+D10 -> 9 | F10: 0 | G10: =+E10-F10-H10 -> 9 | H10: 0 | I10: 120 | J10: =+I10*H10 -> 0 | K10: - | L10: 0 | M10: =SUM(J10-L10) -> 0
A11: 8 | B11: ชิฟฟ่อนรวมรส 4 ชิ้น | C11: =+'11'!G11 -> 25 | D11: 0 | E11: =C11+D11 -> 25 | F11: 0 | G11: =+E11-F11-H11 -> 23 | H11: 2 | I11: 55 | J11: =+I11*H11 -> 110 | K11: - | L11: 0 | M11: =SUM(J11-L11) -> 110
A12: 9 | B12: ชิฟฟ่อนรวมรส 8 ชิ้น | C12: =+'11'!G12 -> 11 | D12: 0 | E12: =C12+D12 -> 11 | F12: 0 | G12: =+E12-F12-H12 -> 10 | H12: 1 | I12: 100 | J12: =+I12*H12 -> 100 | K12: - | L12: 0 | M12: =SUM(J12-L12) -> 100
A13: 10 | B13: ชิฟฟ่อนยอดฮิต | C13: =+'11'!G13 -> 8 | D13: 0 | E13: =C13+D13 -> 8 | F13: 0 | G13: =+E13-F13-H13 -> 8 | H13: 0 | I13: 100 | J13: =+I13*H13 -> 0 | K13: - | L13: 0 | M13: =SUM(J13-L13) -> 0
A14: 11 | B14: ชิฟฟ่อนสอดไส้รวมรส 6 ชิ้น | C14: =+'11'!G14 -> 8 | D14: 0 | E14: =C14+D14 -> 8 | F14: 0 | G14: =+E14-F14-H14 -> 8 | H14: 0 | I14: 100 | J14: =+I14*H14 -> 0 | K14: - | L14: 0 | M14: =SUM(J14-L14) -> 0
A15: 12 | B15: เบาหวิวมะพร้าวน้ำหอม 110 กรัม | C15: =+'11'!G15 -> 0 | D15: 0 | E15: =C15+D15 -> 0 | F15: 0 | G15: =+E15-F15-H15 -> 0 | H15: 0 | I15: 50 | J15: =+I15*H15 -> 0 | K15: - | L15: 0 | M15: =SUM(J15-L15) -> 0
... A69: 66 | B69: เปี๊ยะไส้ถั่วไข่เค็ม 6 ชิ้น | C69: =+'11'!G69 -> 2 | D69: 0 | E69: =C69+D69 -> 2 | F69: 0 | G69: =+E69-F69-H69 -> 2 | H69: 0 | I69: 60 | J69: =+I69*H69 -> 0 | K69: - | L69: 0 | M69: =SUM(J69-L69) -> 0
A70: 67 | B70: ขนมเปี๊ยะ 450 กรัม | C70: =+'11'!G70 -> 50 | D70: 0 | E70: =C70+D70 -> 50 | F70: 0 | G70: =+E70-F70-H70 -> 50 | H70: 0 | J70: =+I70*H70 -> 0 | K70: - | L70: 0 | M70: =SUM(J70-L70) -> 0
A71: 68 | C71: =+'11'!G71 -> 0 | D71: 0 | E71: =C71+D71 -> 0 | F71: 0 | G71: =+E71-F71-H71 -> 0 | H71: 0 | J71: =+I71*H71 -> 0 | K71: - | L71: 0 | M71: =SUM(J71-L71) -> 0
A72: 69 | C72: =+'11'!G72 -> 0 | D72: 0 | E72: =C72+D72 -> 0 | F72: 0 | G72: =+E72-F72-H72 -> 0 | H72: 0 | J72: =+I72*H72 -> 0 | K72: - | L72: 0 | M72: =SUM(J72-L72) -> 0
A73: 70 | C73: =+'11'!G73 -> 0 | D73: 0 | E73: =C73+D73 -> 0 | F73: 0 | G73: =+E73-F73-H73 -> 0 | H73: 0 | J73: =+I73*H73 -> 0 | K73: - | L73: 0 | M73: =SUM(J73-L73) -> 0
A74: 71 | C74: =+'11'!G74 -> 0 | D74: 0 | E74: =C74+D74 -> 0 | F74: 0 | G74: =+E74-F74-H74 -> 0 | H74: 0 | J74: =+I74*H74 -> 0 | K74: - | L74: 0 | M74: =SUM(J74-L74) -> 0
A75: 72 | C75: =+'11'!G75 -> 0 | D75: 0 | E75: =C75+D75 -> 0 | F75: 0 | G75: =+E75-F75-H75 -> 0 | H75: 0 | J75: =+I75*H75 -> 0 | K75: - | L75: 0 | M75: =SUM(J75-L75) -> 0
A76: 73 | C76: =+'11'!G76 -> 0 | D76: 0 | E76: =C76+D76 -> 0 | F76: 0 | G76: =+E76-F76-H76 -> 0 | H76: 0 | J76: =+I76*H76 -> 0 | K76: - | L76: 0 | M76: =SUM(J76-L76) -> 0
A77: 74 | C77: =+'11'!G77 -> 0 | D77: 0 | E77: =C77+D77 -> 0 | F77: 0 | G77: =+E77-F77-H77 -> 0 | H77: 0 | J77: =+I77*H77 -> 0 | K77: - | L77: 0 | M77: =SUM(J77-L77) -> 0
A78: 75 | C78: =+'11'!G78 -> 0 | D78: 0 | E78: =C78+D78 -> 0 | F78: 0 | G78: =+E78-F78-H78 -> 0 | H78: 0 | J78: =+I78*H78 -> 0 | K78: - | L78: 0 | M78: =SUM(J78-L78) -> 0
A79: 76 | C79: =+'11'!G79 -> 0 | D79: 0 | E79: =C79+D79 -> 0 | F79: 0 | G79: =+E79-F79-H79 -> 0 | H79: 0 | J79: =+I79*H79 -> 0 | K79: - | L79: 0 | M79: =SUM(J79-L79) -> 0
A80: 77 | C80: =+'11'!G80 -> 0 | D80: 0 | E80: =C80+D80 -> 0 | F80: 0 | G80: =+E80-F80-H80 -> 0 | H80: 0 | J80: =+I80*H80 -> 0 | K80: - | L80: 0 | M80: =SUM(J80-L80) -> 0
A81: 78 | C81: =+'11'!G81 -> 0 | D81: 0 | E81: =C81+D81 -> 0 | F81: 0 | G81: =+E81-F81-H81 -> 0 | H81: 0 | J81: =+I81*H81 -> 0 | K81: - | L81: 0 | M81: =SUM(J81-L81) -> 0
A82: 79 | C82: =+'11'!G82 -> 0 | D82: 0 | E82: =C82+D82 -> 0 | F82: 0 | G82: =+E82-F82-H82 -> 0 | H82: 0 | J82: =+I82*H82 -> 0 | K82: - | L82: 0 | M82: =SUM(J82-L82) -> 0
... A89: 86 | C89: =+'11'!G89 -> 0 | D89: 0 | E89: =C89+D89 -> 0 | F89: 0 | G89: =+E89-F89-H89 -> 0 | H89: 0 | J89: =+I89*H89 -> 0 | K89: - | L89: 0 | M89: =SUM(J89-L89) -> 0
A90: 87 | C90: =+'11'!G90 -> 0 | D90: 0 | E90: =C90+D90 -> 0 | F90: 0 | G90: =+E90-F90-H90 -> 0 | H90: 0 | J90: =+I90*H90 -> 0 | K90: - | L90: 0 | M90: =SUM(J90-L90) -> 0 | N90: =SUM(M4:M90) -> 310
L91: 0 | M91: ส่วนลดสินค้า SALE
I93: รวมทั้งหมด | K93: =SUM(J4:J91) -> 310
I94: หัก ค่าโอนเงิน | K94: 0
I95: หัก โอนหน้าร้าน | K95: =SUM(L95:AB95) -> 0
I96: สแกนใช้สิทธิ์ | K96: 0
I97: หัก ค่าใช้จ่ายอื่นๆ | K97: 0
I98: หัก ส่วนลด | K98: =SUM(L4:L91) -> 0
I99: ต้องคงเหลือทั้งหมด | K99: =K93-K94-K95-K97-K98 -> 310
I100: ยอดที่รับจริง | K100: 305
I101: ขาด | K101: =+K100-K99 -> -5
I102: เกิน | K102: =+K100-K99 -> -5
J104: ยอดขายหักส่วนลด | K104: =+K93-K98+K101 -> 305
J105: ยอดเงินสด | K105: =SUM(K94:K97) -> 0
J106: ยอดโอน | K106: =+K100 -> 305

Sheet 13
A1: บูธ วัดใหม่สุปดิษฐาราม วันที่ 1-31/5/2567
A2: ลำดับ | B2: รายการ | C2: ยกมา | D2: รับ | E2: รวม | F2: เปลี่ยน/ | G2: คงเหลือ | H2: รายการขาย | K2: หมายเหตุ | L2: ส่วนลด
F3: คืน/เสีย | H3: จำนวน | I3: @ | J3: เป็นเงิน
A4: 1 | B4: ปังเนยนิ่ม 3 ชิ้น | C4: =+'12'!G4 -> 3 | D4: 10 | E4: =C4+D4 -> 13 | F4: 0 | G4: =+E4-F4-H4 -> 12 | H4: 1 | I4: 50 | J4: =+I4*H4 -> 50 | K4: - | L4: 0 | M4: =SUM(J4-L4) -> 50
A5: 2 | B5: คอนเฟลก (กระปุก) | C5: =+'12'!G5 -> 16 | D5: 0 | E5: =C5+D5 -> 16 | F5: 0 | G5: =+E5-F5-H5 -> 16 | H5: 0 | I5: 60 | J5: =+I5*H5 -> 0 | K5: - | L5: 0 | M5: =SUM(J5-L5) -> 0
A6: 3 | B6: เมอแรงค์ (กระปุก) | C6: =+'12'!G6 -> 10 | D6: 0 | E6: =C6+D6 -> 10 | F6: 0 | G6: =+E6-F6-H6 -> 10 | H6: 0 | I6: 55 | J6: =+I6*H6 -> 0 | K6: - | L6: 0 | M6: =SUM(J6-L6) -> 0
A7: 4 | B7: ท๊อฟฟี่ถั่ว (กระเช้า) | C7: =+'12'!G7 -> 28 | D7: 0 | E7: =C7+D7 -> 28 | F7: 0 | G7: =+E7-F7-H7 -> 28 | H7: 0 | I7: 100 | J7: =+I7*H7 -> 0 | K7: - | L7: 0 | M7: =SUM(J7-L7) -> 0
A8: 5 | B8: ขนมเปี๊ยะไส้ถั่ว | C8: =+'12'!G8 -> 12 | D8: 0 | E8: =C8+D8 -> 12 | F8: 0 | G8: =+E8-F8-H8 -> 12 | H8: 0 | I8: 120 | J8: =+I8*H8 -> 0 | K8: - | L8: 0 | M8: =SUM(J8-L8) -> 0
A9: 6 | B9: ขนมเปี๊ยะไส้เผือก | C9: =+'12'!G9 -> 10 | D9: 0 | E9: =C9+D9 -> 10 | F9: 0 | G9: =+E9-F9-H9 -> 10 | H9: 0 | I9: 120 | J9: =+I9*H9 -> 0 | K9: - | L9: 0 | M9: =SUM(J9-L9) -> 0
A10: 7 | B10: ขนมเปี๊ยะไส้ฟัก | C10: =+'12'!G10 -> 9 | D10: 0 | E10: =C10+D10 -> 9 | F10: 0 | G10: =+E10-F10-H10 -> 9 | H10: 0 | I10: 120 | J10: =+I10*H10 -> 0 | K10: - | L10: 0 | M10: =SUM(J10-L10) -> 0
A11: 8 | B11: ชิฟฟ่อนรวมรส 4 ชิ้น | C11: =+'12'!G11 -> 23 | D11: 0 | E11: =C11+D11 -> 23 | F11: 0 | G11: =+E11-F11-H11 -> 19 | H11: 4 | I11: 55 | J11: =+I11*H11 -> 220 | K11: - | L11: 100 | M11: =SUM(J11-L11) -> 120
A12: 9 | B12: ชิฟฟ่อนรวมรส 8 ชิ้น | C12: =+'12'!G12 -> 10 | D12: 10 | E12: =C12+D12 -> 20 | F12: 0 | G12: =+E12-F12-H12 -> 19 | H12: 1 | I12: 100 | J12: =+I12*H12 -> 100 | K12: - | L12: 0 | M12: =SUM(J12-L12) -> 100
A13: 10 | B13: ชิฟฟ่อนยอดฮิต | C13: =+'12'!G13 -> 8 | D13: 0 | E13: =C13+D13 -> 8 | F13: 0 | G13: =+E13-F13-H13 -> 6 | H13: 2 | I13: 100 | J13: =+I13*H13 -> 200 | K13: - | L13: 0 | M13: =SUM(J13-L13) -> 200
A14: 11 | B14: ชิฟฟ่อนสอดไส้รวมรส 6 ชิ้น | C14: =+'12'!G14 -> 8 | D14: 10 | E14: =C14+D14 -> 18 | F14: 0 | G14: =+E14-F14-H14 -> 18 | H14: 0 | I14: 100 | J14: =+I14*H14 -> 0 | K14: - | L14: 0 | M14: =SUM(J14-L14) -> 0
A15: 12 | B15: เบาหวิวมะพร้าวน้ำหอม 110 กรัม | C15: =+'12'!G15 -> 0 | D15: 5 | E15: =C15+D15 -> 5 | F15: 0 | G15: =+E15-F15-H15 -> 5 | H15: 0 | I15: 50 | J15: =+I15*H15 -> 0 | K15: - | L15: 0 | M15: =SUM(J15-L15) -> 0
... A47: 44 | B47: รถแม็คโคร | C47: =+'12'!G47 -> 10 | D47: 0 | E47: =C47+D47 -> 10 | F47: 0 | G47: =+E47-F47-H47 -> 10 | H47: 0 | I47: 200 | J47: =+I47*H47 -> 0 | K47: - | L47: 0 | M47: =SUM(J47-L47) -> 0
A48: 45 | B48: ดินเบา | C48: =+'12'!G48 -> 0 | D48: 0 | E48: =C48+D48 -> 0 | F48: 0 | G48: =+E48-F48-H48 -> 0 | H48: 0 | I48: 100 | J48: 0 | K48: - | L48: 0 | M48: =SUM(J48-L48) -> 0
A49: 46 | B49: รถตัก | C49: =+'12'!G49 -> 0 | D49: 0 | E49: =C49+D49 -> 0 | F49: 0 | G49: =+E49-F49-H49 -> 0 | H49: 0 | I49: 150 | J49: =+I49*H49 -> 0 | K49: - | L49: 0 | M49: =SUM(J49-L49) -> 0
A50: 47 | B50: ชุดแต่งหน้าเด็ก | C50: =+'12'!G50 -> 0 | D50: 0 | E50: =C50+D50 -> 0 | F50: 0 | G50: =+E50-F50-H50 -> 0 | H50: 0 | I50: 500 | J50: =+I50*H50 -> 0 | K50: - | L50: 0 | M50: =SUM(J50-L50) -> 0
A51: 48 | B51: ไดโนเสาร์ | C51: =+'12'!G51 -> 0 | D51: 0 | E51: =C51+D51 -> 0 | F51: 0 | G51: =+E51-F51-H51 -> 0 | H51: 0 | I51: 100 | J51: =+I51*H51 -> 0 | K51: - | L51: 0 | M51: =SUM(J51-L51) -> 0
A52: 49 | B52: เป็ดฟองอากาศ | C52: =+'12'!G52 -> 0 | D52: 0 | E52: =C52+D52 -> 0 | F52: 0 | G52: =+E52-F52-H52 -> 0 | H52: 0 | I52: 450 | J52: =+I52*H52 -> 0 | K52: - | L52: 0 | M52: =SUM(J52-L52) -> 0
A53: 50 | B53: ปลาโลมา | C53: =+'12'!G53 -> 0 | D53: 0 | E53: =C53+D53 -> 0 | F53: 0 | G53: =+E53-F53-H53 -> 0 | H53: 0 | I53: 400 | J53: =+I53*H53 -> 0 | K53: - | L53: 0 | M53: =SUM(J53-L53) -> 0
A54: 51 | B54: สกุชชี่ซาลาเปา | C54: =+'12'!G54 -> 0 | D54: 0 | E54: =C54+D54 -> 0 | F54: 0 | G54: =+E54-F54-H54 -> 0 | H54: 0 | I54: 100 | J54: =+I54*H54 -> 0 | K54: - | L54: 0 | M54: =SUM(J54-L54) -> 0
A55: 52 | B55: คฑามีไฟ | C55: =+'12'!G55 -> 10 | D55: 0 | E55: =C55+D55 -> 10 | F55: 0 | G55: =+E55-F55-H55 -> 10 | H55: 0 | I55: 200 | J55: =+I55*H55 -> 0 | K55: - | L55: 0 | M55: =SUM(J55-L55) -> 0
A56: 53 | B56: โมชิโมชิ | C56: =+'12'!G56 -> 0 | D56: 0 | E56: =C56+D56 -> 0 | F56: 0 | G56: =+E56-F56-H56 -> 0 | H56: 0 | I56: 80 | J56: =+I56*H56 -> 0 | K56: - | L56: 0 | M56: =SUM(J56-L56) -> 0
A57: 54 | B57: หมูบีบ | C57: =+'12'!G57 -> 0 | D57: 0 | E57: =C57+D57 -> 0 | F57: 0 | G57: =+E57-F57-H57 -> 0 | H57: 0 | I57: 80 | J57: =+I57*H57 -> 0 | K57: - | L57: 0 | M57: =SUM(J57-L57) -> 0
A58: 55 | B58: รถถังช้างมีไฟ | C58: =+'12'!G58 -> 9 | D58: 0 | E58: =C58+D58 -> 9 | F58: 0 | G58: =+E58-F58-H58 -> 9 | H58: 0 | I58: 200 | J58: =+I58*H58 -> 0 | K58: - | L58: 0 | M58: =SUM(J58-L58) -> 0
A59: 56 | B59: ปืนยิงมือ | C59: =+'12'!G59 -> 24 | D59: 0 | E59: =C59+D59 -> 24 | F59: 0 | G59: =+E59-F59-H59 -> 24 | H59: 0 | I59: 150 | J59: =+I59*H59 -> 0 | K59: - | L59: 0 | M59: =SUM(J59-L59) -> 0
A60: 57 | B60: เซ็ทรถเล็ก | C60: =+'12'!G60 -> 7 | D60: 0 | E60: =C60+D60 -> 7 | F60: 0 | G60: =+E60-F60-H60 -> 7 | H60: 0 | I60: 150 | J60: =+I60*H60 -> 0 | K60: - | L60: 0 | M60: =SUM(J60-L60) -> 0
... A70: 67 | B70: ขนมเปี๊ยะ 450 กรัม | C70: =+'12'!G70 -> 50 | D70: 0 | E70: =C70+D70 -> 50 | F70: 0 | G70: =+E70-F70-H70 -> 50 | H70: 0 | I70: 150 | J70: =+I70*H70 -> 0 | K70: - | L70: 0 | M70: =SUM(J70-L70) -> 0
A71: 68 | C71: =+'12'!G71 -> 0 | D71: 0 | E71: =C71+D71 -> 0 | F71: 0 | G71: =+E71-F71-H71 -> 0 | H71: 0 | J71: =+I71*H71 -> 0 | K71: - | L71: 0 | M71: =SUM(J71-L71) -> 0
A72: 69 | C72: =+'12'!G72 -> 0 | D72: 0 | E72: =C72+D72 -> 0 | F72: 0 | G72: =+E72-F72-H72 -> 0 | H72: 0 | J72: =+I72*H72 -> 0 | K72: - | L72: 0 | M72: =SUM(J72-L72) -> 0
A73: 70 | C73: =+'12'!G73 -> 0 | D73: 0 | E73: =C73+D73 -> 0 | F73: 0 | G73: =+E73-F73-H73 -> 0 | H73: 0 | J73: =+I73*H73 -> 0 | K73: - | L73: 0 | M73: =SUM(J73-L73) -> 0
A74: 71 | C74: =+'12'!G74 -> 0 | D74: 0 | E74: =C74+D74 -> 0 | F74: 0 | G74: =+E74-F74-H74 -> 0 | H74: 0 | J74: =+I74*H74 -> 0 | K74: - | L74: 0 | M74: =SUM(J74-L74) -> 0
A75: 72 | C75: =+'12'!G75 -> 0 | D75: 0 | E75: =C75+D75 -> 0 | F75: 0 | G75: =+E75-F75-H75 -> 0 | H75: 0 | J75: =+I75*H75 -> 0 | K75: - | L75: 0 | M75: =SUM(J75-L75) -> 0
A76: 73 | C76: =+'12'!G76 -> 0 | D76: 0 | E76: =C76+D76 -> 0 | F76: 0 | G76: =+E76-F76-H76 -> 0 | H76: 0 | J76: =+I76*H76 -> 0 | K76: - | L76: 0 | M76: =SUM(J76-L76) -> 0
A77: 74 | C77: =+'12'!G77 -> 0 | D77: 0 | E77: =C77+D77 -> 0 | F77: 0 | G77: =+E77-F77-H77 -> 0 | H77: 0 | J77: =+I77*H77 -> 0 | K77: - | L77: 0 | M77: =SUM(J77-L77) -> 0
A78: 75 | C78: =+'12'!G78 -> 0 | D78: 0 | E78: =C78+D78 -> 0 | F78: 0 | G78: =+E78-F78-H78 -> 0 | H78: 0 | J78: =+I78*H78 -> 0 | K78: - | L78: 0 | M78: =SUM(J78-L78) -> 0
A79: 76 | C79: =+'12'!G79 -> 0 | D79: 0 | E79: =C79+D79 -> 0 | F79: 0 | G79: =+E79-F79-H79 -> 0 | H79: 0 | J79: =+I79*H79 -> 0 | K79: - | L79: 0 | M79: =SUM(J79-L79) -> 0
A80: 77 | C80: =+'12'!G80 -> 0 | D80: 0 | E80: =C80+D80 -> 0 | F80: 0 | G80: =+E80-F80-H80 -> 0 | H80: 0 | J80: =+I80*H80 -> 0 | K80: - | L80: 0 | M80: =SUM(J80-L80) -> 0
A81: 78 | C81: =+'12'!G81 -> 0 | D81: 0 | E81: =C81+D81 -> 0 | F81: 0 | G81: =+E81-F81-H81 -> 0 | H81: 0 | J81: =+I81*H81 -> 0 | K81: - | L81: 0 | M81: =SUM(J81-L81) -> 0
A82: 79 | C82: =+'12'!G82 -> 0 | D82: 0 | E82: =C82+D82 -> 0 | F82: 0 | G82: =+E82-F82-H82 -> 0 | H82: 0 | J82: =+I82*H82 -> 0 | K82: - | L82: 0 | M82: =SUM(J82-L82) -> 0
... A89: 86 | C89: =+'12'!G89 -> 0 | D89: 0 | E89: =C89+D89 -> 0 | F89: 0 | G89: =+E89-F89-H89 -> 0 | H89: 0 | J89: =+I89*H89 -> 0 | K89: - | L89: 0 | M89: =SUM(J89-L89) -> 0
A90: 87 | C90: =+'12'!G90 -> 0 | D90: 0 | E90: =C90+D90 -> 0 | F90: 0 | G90: =+E90-F90-H90 -> 0 | H90: 0 | J90: =+I90*H90 -> 0 | K90: - | L90: 0 | M90: =SUM(J90-L90) -> 0 | N90: =SUM(M4:M90) -> 520
L91: 0 | M91: ส่วนลดสินค้า SALE
I93: รวมทั้งหมด | K93: =SUM(J4:J91) -> 620
I94: หัก ค่าโอนเงิน | K94: 0
I95: หัก โอนหน้าร้าน | K95: =SUM(L95:AB95) -> 0
I96: สแกนใช้สิทธิ์ | K96: 0
I97: หัก ค่าใช้จ่ายอื่นๆ | K97: 0
I98: หัก ส่วนลด | K98: =SUM(L4:L91) -> 100
I99: ต้องคงเหลือทั้งหมด | K99: =K93-K94-K95-K97-K98 -> 520
I100: ยอดที่รับจริง | K100: 520
I101: ขาด | K101: =+K100-K99 -> 0
I102: เกิน | K102: =+K100-K99 -> 0
J104: ยอดขายหักส่วนลด | K104: =+K93-K98+K101 -> 520
J105: ยอดเงินสด | K105: =SUM(K94:K97) -> 0
J106: ยอดโอน | K106: =+K100 -> 520

Sheet 14
A1: บูธ วัดใหม่สุปดิษฐาราม วันที่ 1-31/5/2567
A2: ลำดับ | B2: รายการ | C2: ยกมา | D2: รับ | E2: รวม | F2: เปลี่ยน/ | G2: คงเหลือ | H2: รายการขาย | K2: หมายเหตุ | L2: ส่วนลด
F3: คืน/เสีย | H3: จำนวน | I3: @ | J3: เป็นเงิน
A4: 1 | B4: ปังเนยนิ่ม 3 ชิ้น | C4: =+'13'!G4 -> 12 | D4: 0 | E4: =C4+D4 -> 12 | F4: 0 | G4: =+E4-F4-H4 -> 12 | H4: 0 | I4: 55 | J4: =+I4*H4 -> 0 | K4: - | L4: 0 | M4: =SUM(J4-L4) -> 0
A5: 2 | B5: คอนเฟลก (กระปุก) | C5: =+'13'!G5 -> 16 | D5: 0 | E5: =C5+D5 -> 16 | F5: 0 | G5: =+E5-F5-H5 -> 16 | H5: 0 | I5: 60 | J5: =+I5*H5 -> 0 | K5: - | L5: 0 | M5: =SUM(J5-L5) -> 0
A6: 3 | B6: เมอแรงค์ (กระปุก) | C6: =+'13'!G6 -> 10 | D6: 0 | E6: =C6+D6 -> 10 | F6: 0 | G6: =+E6-F6-H6 -> 10 | H6: 0 | I6: 55 | J6: =+I6*H6 -> 0 | K6: - | L6: 0 | M6: =SUM(J6-L6) -> 0
A7: 4 | B7: ท๊อฟฟี่ถั่ว (กระเช้า) | C7: =+'13'!G7 -> 28 | D7: 0 | E7: =C7+D7 -> 28 | F7: 0 | G7: =+E7-F7-H7 -> 28 | H7: 0 | I7: 100 | J7: =+I7*H7 -> 0 | K7: - | L7: 0 | M7: =SUM(J7-L7) -> 0
A8: 5 | B8: ขนมเปี๊ยะไส้ถั่ว | C8: =+'13'!G8 -> 12 | D8: 0 | E8: =C8+D8 -> 12 | F8: 0 | G8: =+E8-F8-H8 -> 12 | H8: 0 | I8: 120 | J8: =+I8*H8 -> 0 | K8: - | L8: 0 | M8: =SUM(J8-L8) -> 0
A9: 6 | B9: ขนมเปี๊ยะไส้เผือก | C9: =+'13'!G9 -> 10 | D9: 0 | E9: =C9+D9 -> 10 | F9: 0 | G9: =+E9-F9-H9 -> 10 | H9: 0 | I9: 120 | J9: =+I9*H9 -> 0 | K9: - | L9: 0 | M9: =SUM(J9-L9) -> 0
A10: 7 | B10: ขนมเปี๊ยะไส้ฟัก | C10: =+'13'!G10 -> 9 | D10: 0 | E10: =C10+D10 -> 9 | F10: 0 | G10: =+E10-F10-H10 -> 9 | H10: 0 | I10: 120 | J10: =+I10*H10 -> 0 | K10: - | L10: 0 | M10: =SUM(J10-L10) -> 0
A11: 8 | B11: ชิฟฟ่อนรวมรส 4 ชิ้น | C11: =+'13'!G11 -> 19 | D11: 0 | E11: =C11+D11 -> 19 | F11: 0 | G11: =+E11-F11-H11 -> 19 | H11: 0 | I11: 55 | J11: =+I11*H11 -> 0 | K11: - | L11: 0 | M11: =SUM(J11-L11) -> 0
A12: 9 | B12: ชิฟฟ่อนรวมรส 8 ชิ้น | C12: =+'13'!G12 -> 19 | D12: 0 | E12: =C12+D12 -> 19 | F12: 0 | G12: =+E12-F12-H12 -> 19 | H12: 0 | I12: 100 | J12: =+I12*H12 -> 0 | K12: - | L12: 0 | M12: =SUM(J12-L12) -> 0
A13: 10 | B13: ชิฟฟ่อนยอดฮิต | C13: =+'13'!G13 -> 6 | D13: 0 | E13: =C13+D13 -> 6 | F13: 0 | G13: =+E13-F13-H13 -> 6 | H13: 0 | I13: 100 | J13: =+I13*H13 -> 0 | K13: - | L13: 0 | M13: =SUM(J13-L13) -> 0
A14: 11 | B14: ชิฟฟ่อนสอดไส้รวมรส 6 ชิ้น | C14: =+'13'!G14 -> 18 | D14: 0 | E14: =C14+D14 -> 18 | F14: 0 | G14: =+E14-F14-H14 -> 18 | H14: 0 | I14: 100 | J14: =+I14*H14 -> 0 | K14: - | L14: 0 | M14: =SUM(J14-L14) -> 0
A15: 12 | B15: เบาหวิวมะพร้าวน้ำหอม 110 กรัม | C15: =+'13'!G15 -> 5 | D15: 0 | E15: =C15+D15 -> 5 | F15: 0 | G15: =+E15-F15-H15 -> 5 | H15: 0 | I15: 50 | J15: =+I15*H15 -> 0 | K15: - | L15: 0 | M15: =SUM(J15-L15) -> 0
... A70: 67 | B70: ขนมเปี๊ยะ 450 กรัม | C70: =+'13'!G70 -> 50 | D70: 0 | E70: =C70+D70 -> 50 | F70: 0 | G70: =+E70-F70-H70 -> 50 | H70: 0 | I70: 150 | J70: =+I70*H70 -> 0 | K70: - | L70: 0 | M70: =SUM(J70-L70) -> 0
A71: 68 | C71: =+'13'!G71 -> 0 | D71: 0 | E71: =C71+D71 -> 0 | F71: 0 | G71: =+E71-F71-H71 -> 0 | H71: 0 | J71: =+I71*H71 -> 0 | K71: - | L71: 0 | M71: =SUM(J71-L71) -> 0
A72: 69 | C72: =+'13'!G72 -> 0 | D72: 0 | E72: =C72+D72 -> 0 | F72: 0 | G72: =+E72-F72-H72 -> 0 | H72: 0 | J72: =+I72*H72 -> 0 | K72: - | L72: 0 | M72: =SUM(J72-L72) -> 0
A73: 70 | C73: =+'13'!G73 -> 0 | D73: 0 | E73: =C73+D73 -> 0 | F73: 0 | G73: =+E73-F73-H73 -> 0 | H73: 0 | J73: =+I73*H73 -> 0 | K73: - | L73: 0 | M73: =SUM(J73-L73) -> 0
A74: 71 | C74: =+'13'!G74 -> 0 | D74: 0 | E74: =C74+D74 -> 0 | F74: 0 | G74: =+E74-F74-H74 -> 0 | H74: 0 | J74: =+I74*H74 -> 0 | K74: - | L74: 0 | M74: =SUM(J74-L74) -> 0
A75: 72 | C75: =+'13'!G75 -> 0 | D75: 0 | E75: =C75+D75 -> 0 | F75: 0 | G75: =+E75-F75-H75 -> 0 | H75: 0 | J75: =+I75*H75 -> 0 | K75: - | L75: 0 | M75: =SUM(J75-L75) -> 0
A76: 73 | C76: =+'13'!G76 -> 0 | D76: 0 | E76: =C76+D76 -> 0 | F76: 0 | G76: =+E76-F76-H76 -> 0 | H76: 0 | J76: =+I76*H76 -> 0 | K76: - | L76: 0 | M76: =SUM(J76-L76) -> 0
A77: 74 | C77: =+'13'!G77 -> 0 | D77: 0 | E77: =C77+D77 -> 0 | F77: 0 | G77: =+E77-F77-H77 -> 0 | H77: 0 | J77: =+I77*H77 -> 0 | K77: - | L77: 0 | M77: =SUM(J77-L77) -> 0
A78: 75 | C78: =+'13'!G78 -> 0 | D78: 0 | E78: =C78+D78 -> 0 | F78: 0 | G78: =+E78-F78-H78 -> 0 | H78: 0 | J78: =+I78*H78 -> 0 | K78: - | L78: 0 | M78: =SUM(J78-L78) -> 0
A79: 76 | C79: =+'13'!G79 -> 0 | D79: 0 | E79: =C79+D79 -> 0 | F79: 0 | G79: =+E79-F79-H79 -> 0 | H79: 0 | J79: =+I79*H79 -> 0 | K79: - | L79: 0 | M79: =SUM(J79-L79) -> 0
A80: 77 | C80: =+'13'!G80 -> 0 | D80: 0 | E80: =C80+D80 -> 0 | F80: 0 | G80: =+E80-F80-H80 -> 0 | H80: 0 | J80: =+I80*H80 -> 0 | K80: - | L80: 0 | M80: =SUM(J80-L80) -> 0
A81: 78 | C81: =+'13'!G81 -> 0 | D81: 0 | E81: =C81+D81 -> 0 | F81: 0 | G81: =+E81-F81-H81 -> 0 | H81: 0 | J81: =+I81*H81 -> 0 | K81: - | L81: 0 | M81: =SUM(J81-L81) -> 0
A82: 79 | C82: =+'13'!G82 -> 0 | D82: 0 | E82: =C82+D82 -> 0 | F82: 0 | G82: =+E82-F82-H82 -> 0 | H82: 0 | J82: =+I82*H82 -> 0 | K82: - | L82: 0 | M82: =SUM(J82-L82) -> 0
... A89: 86 | C89: =+'13'!G89 -> 0 | D89: 0 | E89: =C89+D89 -> 0 | F89: 0 | G89: =+E89-F89-H89 -> 0 | H89: 0 | J89: =+I89*H89 -> 0 | K89: - | L89: 0 | M89: =SUM(J89-L89) -> 0
A90: 87 | C90: =+'13'!G90 -> 0 | D90: 0 | E90: =C90+D90 -> 0 | F90: 0 | G90: =+E90-F90-H90 -> 0 | H90: 0 | J90: =+I90*H90 -> 0 | K90: - | L90: 0 | M90: =SUM(J90-L90) -> 0 | N90: =SUM(M4:M90) -> 0
L91: 0 | M91: ส่วนลดสินค้า SALE
I93: รวมทั้งหมด | K93: =SUM(J4:J91) -> 0
I94: หัก ค่าโอนเงิน | K94: 0
I95: หัก โอนหน้าร้าน | K95: =SUM(L95:AB95) -> 0
I96: สแกนใช้สิทธิ์ | K96: 0
I97: หัก ค่าใช้จ่ายอื่นๆ | K97: 0
I98: หัก ส่วนลด | K98: =SUM(L4:L91) -> 0
I99: ต้องคงเหลือทั้งหมด | K99: =K93-K94-K95-K97-K98 -> 0
I100: ยอดที่รับจริง | K100: 0
I101: ขาด | K101: =+K100-K99 -> 0
I102: เกิน | K102: =+K100-K99 -> 0
J104: ยอดขายหักส่วนลด | K104: =+K93-K98+K101 -> 0
J105: ยอดเงินสด | K105: =SUM(K94:K97) -> 0
J106: ยอดโอน | K106: =+K100 -> 0

Sheet 15
A1: บูธ วัดใหม่สุปดิษฐาราม วันที่ 1-31/5/2567
A2: ลำดับ | B2: รายการ | C2: ยกมา | D2: รับ | E2: รวม | F2: เปลี่ยน/ | G2: คงเหลือ | H2: รายการขาย | K2: หมายเหตุ | L2: ส่วนลด
F3: คืน/เสีย | H3: จำนวน | I3: @ | J3: เป็นเงิน
A4: 1 | B4: ปังเนยนิ่ม 3 ชิ้น | C4: =+'14'!G4 -> 12 | D4: 0 | E4: =C4+D4 -> 12 | F4: 0 | G4: =+E4-F4-H4 -> 12 | H4: 0 | I4: 55 | J4: =+I4*H4 -> 0 | K4: - | L4: 0 | M4: =SUM(J4-L4) -> 0
A5: 2 | B5: คอนเฟลก (กระปุก) | C5: =+'14'!G5 -> 16 | D5: 0 | E5: =C5+D5 -> 16 | F5: 0 | G5: =+E5-F5-H5 -> 16 | H5: 0 | I5: 60 | J5: =+I5*H5 -> 0 | K5: - | L5: 0 | M5: =SUM(J5-L5) -> 0
A6: 3 | B6: เมอแรงค์ (กระปุก) | C6: =+'14'!G6 -> 10 | D6: 0 | E6: =C6+D6 -> 10 | F6: 0 | G6: =+E6-F6-H6 -> 10 | H6: 0 | I6: 55 | J6: =+I6*H6 -> 0 | K6: - | L6: 0 | M6: =SUM(J6-L6) -> 0
A7: 4 | B7: ท๊อฟฟี่ถั่ว (กระเช้า) | C7: =+'14'!G7 -> 28 | D7: 0 | E7: =C7+D7 -> 28 | F7: 0 | G7: =+E7-F7-H7 -> 28 | H7: 0 | I7: 100 | J7: =+I7*H7 -> 0 | K7: - | L7: 0 | M7: =SUM(J7-L7) -> 0
A8: 5 | B8: ขนมเปี๊ยะไส้ถั่ว | C8: =+'14'!G8 -> 12 | D8: 0 | E8: =C8+D8 -> 12 | F8: 0 | G8: =+E8-F8-H8 -> 12 | H8: 0 | I8: 120 | J8: =+I8*H8 -> 0 | K8: - | L8: 0 | M8: =SUM(J8-L8) -> 0
A9: 6 | B9: ขนมเปี๊ยะไส้เผือก | C9: =+'14'!G9 -> 10 | D9: 0 | E9: =C9+D9 -> 10 | F9: 0 | G9: =+E9-F9-H9 -> 10 | H9: 0 | I9: 120 | J9: =+I9*H9 -> 0 | K9: - | L9: 0 | M9: =SUM(J9-L9) -> 0
A10: 7 | B10: ขนมเปี๊ยะไส้ฟัก | C10: =+'14'!G10 -> 9 | D10: 0 | E10: =C10+D10 -> 9 | F10: 0 | G10: =+E10-F10-H10 -> 9 | H10: 0 | I10: 120 | J10: =+I10*H10 -> 0 | K10: - | L10: 0 | M10: =SUM(J10-L10) -> 0
A11: 8 | B11: ชิฟฟ่อนรวมรส 4 ชิ้น | C11: =+'14'!G11 -> 19 | D11: 0 | E11: =C11+D11 -> 19 | F11: 0 | G11: =+E11-F11-H11 -> 19 | H11: 0 | I11: 55 | J11: =+I11*H11 -> 0 | K11: - | L11: 0 | M11: =SUM(J11-L11) -> 0
A12: 9 | B12: ชิฟฟ่อนรวมรส 8 ชิ้น | C12: =+'14'!G12 -> 19 | D12: 0 | E12: =C12+D12 -> 19 | F12: 0 | G12: =+E12-F12-H12 -> 19 | H12: 0 | I12: 100 | J12: =+I12*H12 -> 0 | K12: - | L12: 0 | M12: =SUM(J12-L12) -> 0
A13: 10 | B13: ชิฟฟ่อนยอดฮิต | C13: =+'14'!G13 -> 6 | D13: 0 | E13: =C13+D13 -> 6 | F13: 0 | G13: =+E13-F13-H13 -> 5 | H13: 1 | I13: 100 | J13: =+I13*H13 -> 100 | K13: - | L13: 0 | M13: =SUM(J13-L13) -> 100
A14: 11 | B14: ชิฟฟ่อนสอดไส้รวมรส 6 ชิ้น | C14: =+'14'!G14 -> 18 | D14: 0 | E14: =C14+D14 -> 18 | F14: 0 | G14: =+E14-F14-H14 -> 18 | H14: 0 | I14: 100 | J14: =+I14*H14 -> 0 | K14: - | L14: 0 | M14: =SUM(J14-L14) -> 0
A15: 12 | B15: เบาหวิวมะพร้าวน้ำหอม 110 กรัม | C15: =+'14'!G15 -> 5 | D15: 0 | E15: =C15+D15 -> 5 | F15: 0 | G15: =+E15-F15-H15 -> 5 | H15: 0 | I15: 50 | J15: =+I15*H15 -> 0 | K15: - | L15: 0 | M15: =SUM(J15-L15) -> 0
... A70: 67 | B70: ขนมเปี๊ยะ 450 กรัม | C70: =+'14'!G70 -> 50 | D70: 0 | E70: =C70+D70 -> 50 | F70: 0 | G70: =+E70-F70-H70 -> 50 | H70: 0 | I70: 150 | J70: =+I70*H70 -> 0 | K70: - | L70: 0 | M70: =SUM(J70-L70) -> 0
A71: 68 | C71: =+'14'!G71 -> 0 | D71: 0 | E71: =C71+D71 -> 0 | F71: 0 | G71: =+E71-F71-H71 -> 0 | H71: 0 | J71: =+I71*H71 -> 0 | K71: - | L71: 0 | M71: =SUM(J71-L71) -> 0
A72: 69 | C72: =+'14'!G72 -> 0 | D72: 0 | E72: =C72+D72 -> 0 | F72: 0 | G72: =+E72-F72-H72 -> 0 | H72: 0 | J72: =+I72*H72 -> 0 | K72: - | L72: 0 | M72: =SUM(J72-L72) -> 0
A73: 70 | C73: =+'14'!G73 -> 0 | D73: 0 | E73: =C73+D73 -> 0 | F73: 0 | G73: =+E73-F73-H73 -> 0 | H73: 0 | J73: =+I73*H73 -> 0 | K73: - | L73: 0 | M73: =SUM(J73-L73) -> 0
A74: 71 | C74: =+'14'!G74 -> 0 | D74: 0 | E74: =C74+D74 -> 0 | F74: 0 | G74: =+E74-F74-H74 -> 0 | H74: 0 | J74: =+I74*H74 -> 0 | K74: - | L74: 0 | M74: =SUM(J74-L74) -> 0
A75: 72 | C75: =+'14'!G75 -> 0 | D75: 0 | E75: =C75+D75 -> 0 | F75: 0 | G75: =+E75-F75-H75 -> 0 | H75: 0 | J75: =+I75*H75 -> 0 | K75: - | L75: 0 | M75: =SUM(J75-L75) -> 0
A76: 73 | C76: =+'14'!G76 -> 0 | D76: 0 | E76: =C76+D76 -> 0 | F76: 0 | G76: =+E76-F76-H76 -> 0 | H76: 0 | J76: =+I76*H76 -> 0 | K76: - | L76: 0 | M76: =SUM(J76-L76) -> 0
A77: 74 | C77: =+'14'!G77 -> 0 | D77: 0 | E77: =C77+D77 -> 0 | F77: 0 | G77: =+E77-F77-H77 -> 0 | H77: 0 | J77: =+I77*H77 -> 0 | K77: - | L77: 0 | M77: =SUM(J77-L77) -> 0
A78: 75 | C78: =+'14'!G78 -> 0 | D78: 0 | E78: =C78+D78 -> 0 | F78: 0 | G78: =+E78-F78-H78 -> 0 | H78: 0 | J78: =+I78*H78 -> 0 | K78: - | L78: 0 | M78: =SUM(J78-L78) -> 0
A79: 76 | C79: =+'14'!G79 -> 0 | D79: 0 | E79: =C79+D79 -> 0 | F79: 0 | G79: =+E79-F79-H79 -> 0 | H79: 0 | J79: =+I79*H79 -> 0 | K79: - | L79: 0 | M79: =SUM(J79-L79) -> 0
A80: 77 | C80: =+'14'!G80 -> 0 | D80: 0 | E80: =C80+D80 -> 0 | F80: 0 | G80: =+E80-F80-H80 -> 0 | H80: 0 | J80: =+I80*H80 -> 0 | K80: - | L80: 0 | M80: =SUM(J80-L80) -> 0
A81: 78 | C81: =+'14'!G81 -> 0 | D81: 0 | E81: =C81+D81 -> 0 | F81: 0 | G81: =+E81-F81-H81 -> 0 | H81: 0 | J81: =+I81*H81 -> 0 | K81: - | L81: 0 | M81: =SUM(J81-L81) -> 0
A82: 79 | C82: =+'14'!G82 -> 0 | D82: 0 | E82: =C82+D82 -> 0 | F82: 0 | G82: =+E82-F82-H82 -> 0 | H82: 0 | J82: =+I82*H82 -> 0 | K82: - | L82: 0 | M82: =SUM(J82-L82) -> 0
... A89: 86 | C89: =+'14'!G89 -> 0 | D89: 0 | E89: =C89+D89 -> 0 | F89: 0 | G89: =+E89-F89-H89 -> 0 | H89: 0 | J89: =+I89*H89 -> 0 | K89: - | L89: 0 | M89: =SUM(J89-L89) -> 0
A90: 87 | C90: =+'14'!G90 -> 0 | D90: 0 | E90: =C90+D90 -> 0 | F90: 0 | G90: =+E90-F90-H90 -> 0 | H90: 0 | J90: =+I90*H90 -> 0 | K90: - | L90: 0 | M90: =SUM(J90-L90) -> 0 | N90: =SUM(M4:M90) -> 100
L91: 0 | M91: ส่วนลดสินค้า SALE
I93: รวมทั้งหมด | K93: =SUM(J4:J91) -> 100
I94: หัก ค่าโอนเงิน | K94: 0
I95: หัก โอนหน้าร้าน | K95: =SUM(L95:AB95) -> 0
I96: สแกนใช้สิทธิ์ | K96: 0
I97: หัก ค่าใช้จ่ายอื่นๆ | K97: 0
I98: หัก ส่วนลด | K98: =SUM(L4:L91) -> 0
I99: ต้องคงเหลือทั้งหมด | K99: =K93-K94-K95-K97-K98 -> 100
I100: ยอดที่รับจริง | K100: 100
I101: ขาด | K101: =+K100-K99 -> 0
I102: เกิน | K102: =+K100-K99 -> 0
J104: ยอดขายหักส่วนลด | K104: =+K93-K98+K101 -> 100
J105: ยอดเงินสด | K105: =SUM(K94:K97) -> 0
J106: ยอดโอน | K106: =+K100 -> 100

Sheet 16
A1: บูธ วัดใหม่สุปดิษฐาราม วันที่ 1-31/5/2567
A2: ลำดับ | B2: รายการ | C2: ยกมา | D2: รับ | E2: รวม | F2: เปลี่ยน/ | G2: คงเหลือ | H2: รายการขาย | K2: หมายเหตุ | L2: ส่วนลด
F3: คืน/เสีย | H3: จำนวน | I3: @ | J3: เป็นเงิน
A4: 1 | B4: ปังเนยนิ่ม 3 ชิ้น | C4: =+'15'!G4 -> 12 | D4: 0 | E4: =C4+D4 -> 12 | F4: 0 | G4: =+E4-F4-H4 -> 12 | H4: 0 | I4: 55 | J4: =+I4*H4 -> 0 | K4: - | L4: 0 | M4: =SUM(J4-L4) -> 0
A5: 2 | B5: คอนเฟลก (กระปุก) | C5: =+'15'!G5 -> 16 | D5: 0 | E5: =C5+D5 -> 16 | F5: 0 | G5: =+E5-F5-H5 -> 16 | H5: 0 | I5: 60 | J5: =+I5*H5 -> 0 | K5: - | L5: 0 | M5: =SUM(J5-L5) -> 0
A6: 3 | B6: เมอแรงค์ (กระปุก) | C6: =+'15'!G6 -> 10 | D6: 0 | E6: =C6+D6 -> 10 | F6: 0 | G6: =+E6-F6-H6 -> 10 | H6: 0 | I6: 55 | J6: =+I6*H6 -> 0 | K6: - | L6: 0 | M6: =SUM(J6-L6) -> 0
A7: 4 | B7: ท๊อฟฟี่ถั่ว (กระเช้า) | C7: =+'15'!G7 -> 28 | D7: 0 | E7: =C7+D7 -> 28 | F7: 0 | G7: =+E7-F7-H7 -> 28 | H7: 0 | I7: 100 | J7: =+I7*H7 -> 0 | K7: - | L7: 0 | M7: =SUM(J7-L7) -> 0
A8: 5 | B8: ขนมเปี๊ยะไส้ถั่ว | C8: =+'15'!G8 -> 12 | D8: 0 | E8: =C8+D8 -> 12 | F8: 0 | G8: =+E8-F8-H8 -> 12 | H8: 0 | I8: 120 | J8: =+I8*H8 -> 0 | K8: - | L8: 0 | M8: =SUM(J8-L8) -> 0
A9: 6 | B9: ขนมเปี๊ยะไส้เผือก | C9: =+'15'!G9 -> 10 | D9: 0 | E9: =C9+D9 -> 10 | F9: 0 | G9: =+E9-F9-H9 -> 10 | H9: 0 | I9: 120 | J9: =+I9*H9 -> 0 | K9: - | L9: 0 | M9: =SUM(J9-L9) -> 0
A10: 7 | B10: ขนมเปี๊ยะไส้ฟัก | C10: =+'15'!G10 -> 9 | D10: 0 | E10: =C10+D10 -> 9 | F10: 0 | G10: =+E10-F10-H10 -> 9 | H10: 0 | I10: 120 | J10: =+I10*H10 -> 0 | K10: - | L10: 0 | M10: =SUM(J10-L10) -> 0
A11: 8 | B11: ชิฟฟ่อนรวมรส 4 ชิ้น | C11: =+'15'!G11 -> 19 | D11: 0 | E11: =C11+D11 -> 19 | F11: 0 | G11: =+E11-F11-H11 -> 19 | H11: 0 | I11: 55 | J11: =+I11*H11 -> 0 | K11: - | L11: 0 | M11: =SUM(J11-L11) -> 0
A12: 9 | B12: ชิฟฟ่อนรวมรส 8 ชิ้น | C12: =+'15'!G12 -> 19 | D12: 0 | E12: =C12+D12 -> 19 | F12: 0 | G12: =+E12-F12-H12 -> 19 | H12: 0 | I12: 100 | J12: =+I12*H12 -> 0 | K12: - | L12: 0 | M12: =SUM(J12-L12) -> 0
A13: 10 | B13: ชิฟฟ่อนยอดฮิต | C13: =+'15'!G13 -> 5 | D13: 0 | E13: =C13+D13 -> 5 | F13: 0 | G13: =+E13-F13-H13 -> 5 | H13: 0 | I13: 100 | J13: =+I13*H13 -> 0 | K13: - | L13: 0 | M13: =SUM(J13-L13) -> 0
A14: 11 | B14: ชิฟฟ่อนสอดไส้รวมรส 6 ชิ้น | C14: =+'15'!G14 -> 18 | D14: 0 | E14: =C14+D14 -> 18 | F14: 0 | G14: =+E14-F14-H14 -> 18 | H14: 0 | I14: 100 | J14: =+I14*H14 -> 0 | K14: - | L14: 0 | M14: =SUM(J14-L14) -> 0
A15: 12 | B15: เบาหวิวมะพร้าวน้ำหอม 110 กรัม | C15: =+'15'!G15 -> 5 | D15: 0 | E15: =C15+D15 -> 5 | F15: 0 | G15: =+E15-F15-H15 -> 5 | H15: 0 | I15: 50 | J15: =+I15*H15 -> 0 | K15: - | L15: 0 | M15: =SUM(J15-L15) -> 0
... A70: 67 | B70: ขนมเปี๊ยะ 450 กรัม | C70: =+'15'!G70 -> 50 | D70: 0 | E70: =C70+D70 -> 50 | F70: 0 | G70: =+E70-F70-H70 -> 50 | H70: 0 | I70: 150 | J70: =+I70*H70 -> 0 | K70: - | L70: 0 | M70: =SUM(J70-L70) -> 0
A71: 68 | C71: =+'15'!G71 -> 0 | D71: 0 | E71: =C71+D71 -> 0 | F71: 0 | G71: =+E71-F71-H71 -> 0 | H71: 0 | J71: =+I71*H71 -> 0 | K71: - | L71: 0 | M71: =SUM(J71-L71) -> 0
A72: 69 | C72: =+'15'!G72 -> 0 | D72: 0 | E72: =C72+D72 -> 0 | F72: 0 | G72: =+E72-F72-H72 -> 0 | H72: 0 | J72: =+I72*H72 -> 0 | K72: - | L72: 0 | M72: =SUM(J72-L72) -> 0
