Workbook

Sheet ปี 67
A1: สรุปรายการของตีกลับของช่องทางออนไลน์ ปี 2567
A2: เดือน | B2: สาเหตุการตีกลับ | L2: สาเหตุการตีกลับ | V2: สาเหตุการตีกลับ | AF2: สาเหตุการตีกลับ | AP2: สาเหตุการตีกลับ | AZ2: รวมจำนวนทั้งหมด | BA2: รวมยอดทั้งหมด
B3: ปฏิเสธ , ยกเลิก | L3: ติดต่อไม่ได้ , ไม่รับโทรศัพท์ | V3: ส่งของไปซ้ำ | AF3: ลูกค้าแจ้งว่าไม่ได้สั่ง / เกินเวลานัดส่งพัสดุ | AP3: ลูกค้าตีกลับ เนื่องจาก มดขึ้นขนม ขนมมีรสฟาดเฟื่อน
B4: Lazada | D4: Shopee | F4: Tiktok | H4: Facebook , นัดรับ | J4: รวมจำนวน | K4: รวมยอด | L4: Lazada | N4: Shopee | P4: Tiktok | R4: Facebook , นัดรับ | T4: รวมจำนวน | U4: รวมยอด | V4: Lazada | X4: Shopee | Z4: Tiktok | AB4: Facebook , นัดรับ | AD4: รวมจำนวน | AE4: รวมยอด | AF4: Lazada | AH4: Shopee | AJ4: Tiktok | AL4: Facebook , นัดรับ | AN4: รวมจำนวน | AO4: รวมยอด | AP4: Lazada | AR4: Shopee | AT4: Tiktok | AV4: Facebook , นัดรับ | AX4: รวมจำนวน | AY4: รวมยอด
B5: จำนวน | C5: ยอด | D5: จำนวน | E5: ยอด | F5: จำนวน | G5: ยอด | H5: จำนวน | I5: ยอด | L5: จำนวน | M5: ยอด | N5: จำนวน | O5: ยอด | P5: จำนวน | Q5: ยอด | R5: จำนวน | S5: ยอด | V5: จำนวน | W5: ยอด | X5: จำนวน | Y5: ยอด | Z5: จำนวน | AA5: ยอด | AB5: จำนวน | AC5: ยอด | AF5: จำนวน | AG5: ยอด | AH5: จำนวน | AI5: ยอด | AJ5: จำนวน | AK5: ยอด | AL5: จำนวน | AM5: ยอด | AP5: จำนวน | AQ5: ยอด | AR5: จำนวน | AS5: ยอด | AT5: จำนวน | AU5: ยอด | AV5: จำนวน | AW5: ยอด
A6: มกราคม | B6: 20 | C6: 5679.25 | D6: 7 | E6: 1194 | F6: 6 | G6: 1379.5 | H6: 37 | I6: 19049 | J6: =+B6+D6+F6+H6 -> 70 | K6: =+C6+E6+G6+I6 -> 27301.75 | L6: 5 | M6: 1044.46 | N6: 4 | O6: 1058 | P6: 8 | Q6: 2051 | R6: 35 | S6: 13647 | T6: =+L6+N6+P6+R6 -> 52 | U6: =+M6+O6+Q6+S6 -> 17800.46 | V6: 2 | W6: 520.84 | X6: 0 | Y6: 0 | Z6: 0 | AA6: 0 | AB6: 0 | AC6: 0 | AD6: =+V6+X6+Z6+AB6 -> 2 | AE6: =+W6+Y6+AA6+AC6 -> 520.84 | AF6: 0 | AG6: 0 | AH6: 0 | AI6: 0 | AJ6: 0 | AK6: 0 | AL6: 0 | AM6: 0 | AN6: =+AF6+AH6+AJ6+AL6 -> 0 | AO6: =+AG6+AI6+AK6+AM6 -> 0 | AP6: 0 | AQ6: 0 | AR6: 0 | AS6: 0 | AT6: 0 | AU6: 0 | AV6: 7 | AW6: 1580 | AX6: =+AP6+AR6+AT6+AV6 -> 7 | AY6: =+AQ6+AS6+AU6+AW6 -> 1580 | AZ6: =+J6+T6+AD6+AN6+AX6 -> 131 | BA6: =+K6+U6+AE6+AO6+AY6 -> 47203.05 | BB6: บาท
A7: กุมภาพันธ์ | B7: 8 | C7: 1552.38 | D7: 5 | E7: 1131 | F7: 3 | G7: 1211 | H7: 7 | I7: 2298 | J7: =+B7+D7+F7+H7 -> 23 | K7: =+C7+E7+G7+I7 -> 6192.38 | L7: 10 | M7: 2922.84 | N7: 3 | O7: 1540 | P7: 7 | Q7: 1268 | R7: 22 | S7: 11995 | T7: =+L7+N7+P7+R7 -> 42 | U7: =+M7+O7+Q7+S7 -> 17725.84 | V7: 1 | W7: 431.39 | X7: 0 | Y7: 0 | Z7: 0 | AA7: 0 | AB7: 0 | AC7: 0 | AD7: =+V7+X7+Z7+AB7 -> 1 | AE7: =+W7+Y7+AA7+AC7 -> 431.39 | AF7: 0 | AG7: 0 | AH7: 0 | AI7: 0 | AJ7: 0 | AK7: 0 | AL7: 0 | AM7: 0 | AN7: =+AF7+AH7+AJ7+AL7 -> 0 | AO7: =+AG7+AI7+AK7+AM7 -> 0 | AP7: 0 | AQ7: 0 | AR7: 0 | AS7: 0 | AT7: 0 | AU7: 0 | AV7: 0 | AW7: 0 | AX7: =+AP7+AR7+AT7+AV7 -> 0 | AY7: =+AQ7+AS7+AU7+AW7 -> 0 | AZ7: =+J7+T7+AD7+AN7+AX7 -> 66 | BA7: =+K7+U7+AE7+AO7+AY7 -> 24349.61 | BB7: บาท
A8: มีนาคม | B8: 11 | C8: 2806.79 | D8: 6 | E8: 2035 | F8: 3 | G8: 563 | H8: 4 | I8: 997 | J8: =+B8+D8+F8+H8 -> 24 | K8: =+C8+E8+G8+I8 -> 6401.79 | L8: 4 | M8: 342.3 | N8: 3 | O8: 495 | P8: 0 | Q8: 0 | R8: 10 | S8: 2239 | T8: =+L8+N8+P8+R8 -> 17 | U8: =+M8+O8+Q8+S8 -> 3076.3 | V8: 0 | W8: 0 | X8: 0 | Y8: 0 | Z8: 0 | AA8: 0 | AB8: 0 | AC8: 0 | AD8: =+V8+X8+Z8+AB8 -> 0 | AE8: =+W8+Y8+AA8+AC8 -> 0 | AF8: 0 | AG8: 0 | AH8: 0 | AI8: 0 | AJ8: 0 | AK8: 0 | AL8: 0 | AM8: 0 | AN8: =+AF8+AH8+AJ8+AL8 -> 0 | AO8: =+AG8+AI8+AK8+AM8 -> 0 | AP8: 0 | AQ8: 0 | AR8: 0 | AS8: 0 | AT8: 0 | AU8: 0 | AV8: 0 | AW8: 0 | AX8: =+AP8+AR8+AT8+AV8 -> 0 | AY8: =+AQ8+AS8+AU8+AW8 -> 0 | AZ8: =+J8+T8+AD8+AN8+AX8 -> 41 | BA8: =+K8+U8+AE8+AO8+AY8 -> 9478.09 | BB8: บาท
A9: เมษายน | B9: 14 | C9: 2829.95 | D9: 2 | E9: 309 | F9: 20 | G9: 2890.39 | H9: 7 | I9: 1370 | J9: =+B9+D9+F9+H9 -> 43 | K9: =+C9+E9+G9+I9 -> 7399.34 | L9: 7 | M9: 878.56 | N9: 2 | O9: 626 | P9: 35 | Q9: 4713 | R9: 17 | S9: 4041 | T9: =+L9+N9+P9+R9 -> 61 | U9: =+M9+O9+Q9+S9 -> 10258.56 | V9: 0 | W9: 0 | X9: 0 | Y9: 0 | Z9: 0 | AA9: 0 | AB9: 0 | AC9: 0 | AD9: =+V9+X9+Z9+AB9 -> 0 | AE9: =+W9+Y9+AA9+AC9 -> 0 | AF9: 0 | AG9: 0 | AH9: 0 | AI9: 0 | AJ9: 0 | AK9: 0 | AL9: 0 | AM9: 0 | AN9: =+AF9+AH9+AJ9+AL9 -> 0 | AO9: =+AG9+AI9+AK9+AM9 -> 0 | AP9: 0 | AQ9: 0 | AR9: 0 | AS9: 0 | AT9: 0 | AU9: 0 | AV9: 0 | AW9: 0 | AX9: =+AP9+AR9+AT9+AV9 -> 0 | AY9: =+AQ9+AS9+AU9+AW9 -> 0 | AZ9: =+J9+T9+AD9+AN9+AX9 -> 104 | BA9: =+K9+U9+AE9+AO9+AY9 -> 17657.9 | BB9: บาท
A10: พฤษภาคม | B10: 17 | C10: 2229.62 | D10: 12 | E10: 2777 | F10: 46 | G10: 6547.46 | H10: 5 | I10: 1428 | J10: =+B10+D10+F10+H10 -> 80 | K10: =+C10+E10+G10+I10 -> 12982.08 | L10: 7 | M10: 574.38 | N10: 0 | O10: 0 | P10: 5 | Q10: 524 | R10: 7 | S10: 1509 | T10: =+L10+N10+P10+R10 -> 19 | U10: =+M10+O10+Q10+S10 -> 2607.38 | V10: 1 | W10: 62.65 | X10: 0 | Y10: 0 | Z10: 1 | AA10: 240 | AB10: 0 | AC10: 0 | AD10: =+V10+X10+Z10+AB10 -> 2 | AE10: =+W10+Y10+AA10+AC10 -> 302.65 | AF10: 0 | AG10: 0 | AH10: 0 | AI10: 0 | AJ10: 9 | AK10: 1513 | AL10: 0 | AM10: 0 | AN10: =+AF10+AH10+AJ10+AL10 -> 9 | AO10: =+AG10+AI10+AK10+AM10 -> 1513 | AP10: 0 | AQ10: 0 | AR10: 0 | AS10: 0 | AT10: 0 | AU10: 0 | AV10: 0 | AW10: 0 | AX10: =+AP10+AR10+AT10+AV10 -> 0 | AY10: =+AQ10+AS10+AU10+AW10 -> 0 | AZ10: =+J10+T10+AD10+AN10+AX10 -> 110 | BA10: =+K10+U10+AE10+AO10+AY10 -> 17405.11 | BB10: บาท
A11: มิถุนายน | B11: 12 | C11: 1422.97 | D11: 4 | E11: 309 | F11: 32 | G11: 7071 | H11: 14 | I11: 2984 | J11: =+B11+D11+F11+H11 -> 62 | K11: =+C11+E11+G11+I11 -> 11786.97 | L11: 3 | M11: 315.33 | N11: 1 | O11: 100 | P11: 7 | Q11: 1435 | R11: 9 | S11: 3973 | T11: =+L11+N11+P11+R11 -> 20 | U11: =+M11+O11+Q11+S11 -> 5823.33 | V11: 4 | W11: 557.71 | X11: 0 | Y11: 0 | Z11: 0 | AA11: 0 | AB11: 3 | AC11: 687 | AD11: =+V11+X11+Z11+AB11 -> 7 | AE11: =+W11+Y11+AA11+AC11 -> 1244.71 | AF11: 0 | AG11: 0 | AH11: 0 | AI11: 0 | AJ11: 4 | AK11: 586 | AL11: 0 | AM11: 0 | AN11: =+AF11+AH11+AJ11+AL11 -> 4 | AO11: =+AG11+AI11+AK11+AM11 -> 586 | AP11: 0 | AQ11: 0 | AR11: 0 | AS11: 0 | AT11: 0 | AU11: 0 | AV11: 0 | AW11: 0 | AX11: =+AP11+AR11+AT11+AV11 -> 0 | AY11: =+AQ11+AS11+AU11+AW11 -> 0 | AZ11: =+J11+T11+AD11+AN11+AX11 -> 93 | BA11: =+K11+U11+AE11+AO11+AY11 -> 19441.01 | BB11: บาท
A12: กรกฎาคม | B12: 6 | C12: 669.19 | D12: 9 | E12: 1745 | F12: 106 | G12: 19011 | H12: 16 | I12: 2868 | J12: =+B12+D12+F12+H12 -> 137 | K12: =+C12+E12+G12+I12 -> 24293.19 | L12: 1 | M12: 129.35 | N12: 1 | O12: 39 | P12: 6 | Q12: 950 | R12: 22 | S12: 4024 | T12: =+L12+N12+P12+R12 -> 30 | U12: =+M12+O12+Q12+S12 -> 5142.35 | V12: 1 | W12: 95.97 | X12: 0 | Y12: 0 | Z12: 0 | AA12: 0 | AB12: 5 | AC12: 1000 | AD12: =+V12+X12+Z12+AB12 -> 6 | AE12: =+W12+Y12+AA12+AC12 -> 1095.97 | AF12: 0 | AG12: 0 | AH12: 0 | AI12: 0 | AJ12: 4 | AK12: 1302 | AL12: 0 | AM12: 0 | AN12: =+AF12+AH12+AJ12+AL12 -> 4 | AO12: =+AG12+AI12+AK12+AM12 -> 1302 | AP12: 0 | AQ12: 0 | AR12: 0 | AS12: 0 | AT12: 0 | AU12: 0 | AV12: 0 | AW12: 0 | AX12: =+AP12+AR12+AT12+AV12 -> 0 | AY12: =+AQ12+AS12+AU12+AW12 -> 0 | AZ12: =+J12+T12+AD12+AN12+AX12 -> 177 | BA12: =+K12+U12+AE12+AO12+AY12 -> 31833.51 | BB12: บาท
A13: สิงหาคม | B13: 13 | C13: 5416.21 | D13: 8 | E13: 863 | F13: 58 | G13: 9711 | H13: 121 | I13: 21550 | J13: =+B13+D13+F13+H13 -> 200 | K13: =+C13+E13+G13+I13 -> 37540.21 | L13: 1 | M13: 11893 | N13: 0 | O13: 0 | P13: 2 | Q13: 212 | R13: 2 | S13: 260 | T13: =+L13+N13+P13+R13 -> 5 | U13: =+M13+O13+Q13+S13 -> 12365 | V13: 0 | W13: 0 | X13: 0 | Y13: 0 | Z13: 0 | AA13: 0 | AB13: 1 | AC13: 230 | AD13: =+V13+X13+Z13+AB13 -> 1 | AE13: =+W13+Y13+AA13+AC13 -> 230 | AF13: 0 | AG13: 0 | AH13: 0 | AI13: 0 | AJ13: 0 | AK13: 0 | AL13: 0 | AM13: 0 | AN13: =+AF13+AH13+AJ13+AL13 -> 0 | AO13: =+AG13+AI13+AK13+AM13 -> 0 | AP13: 0 | AQ13: 0 | AR13: 0 | AS13: 0 | AT13: 0 | AU13: 0 | AV13: 0 | AW13: 0 | AX13: =+AP13+AR13+AT13+AV13 -> 0 | AY13: =+AQ13+AS13+AU13+AW13 -> 0 | AZ13: =+J13+T13+AD13+AN13+AX13 -> 206 | BA13: =+K13+U13+AE13+AO13+AY13 -> 50135.21 | BB13: บาท
A14: กันยายน | B14: 18 | C14: 4824.02 | D14: 4 | E14: 892 | F14: 129 | G14: 5805 | H14: 59 | I14: 1298 | J14: =+B14+D14+F14+H14 -> 210 | K14: =+C14+E14+G14+I14 -> 12819.02 | L14: 1 | M14: 112.28 | N14: 0 | O14: 0 | P14: 10 | Q14: 450 | R14: 21 | S14: 462 | T14: =+L14+N14+P14+R14 -> 32 | U14: =+M14+O14+Q14+S14 -> 1024.28 | V14: 0 | W14: 0 | X14: 0 | Y14: 0 | Z14: 0 | AA14: 0 | AB14: 0 | AC14: 0 | AD14: =+V14+X14+Z14+AB14 -> 0 | AE14: =+W14+Y14+AA14+AC14 -> 0 | AF14: 0 | AG14: 0 | AH14: 0 | AI14: 0 | AJ14: 10 | AK14: 450 | AL14: 0 | AM14: 0 | AN14: =+AF14+AH14+AJ14+AL14 -> 10 | AO14: =+AG14+AI14+AK14+AM14 -> 450 | AP14: 0 | AQ14: 0 | AR14: 0 | AS14: 0 | AT14: 0 | AU14: 0 | AV14: 0 | AW14: 0 | AX14: =+AP14+AR14+AT14+AV14 -> 0 | AY14: =+AQ14+AS14+AU14+AW14 -> 0 | AZ14: =+J14+T14+AD14+AN14+AX14 -> 252 | BA14: =+K14+U14+AE14+AO14+AY14 -> 14293.3 | BB14: บาท
A15: ตุลาคม | B15: 7 | C15: 1554.99 | D15: 6 | E15: 993 | F15: 57 | G15: 8705 | H15: 31 | I15: 4740 | J15: =+B15+D15+F15+H15 -> 101 | K15: =+C15+E15+G15+I15 -> 15992.99 | L15: 0 | M15: 0 | N15: 1 | O15: 399 | P15: 10 | Q15: 2079 | R15: 19 | S15: 3185 | T15: =+L15+N15+P15+R15 -> 30 | U15: =+M15+O15+Q15+S15 -> 5663 | V15: 1 | W15: 127 | X15: 0 | Y15: 0 | Z15: 0 | AA15: 0 | AB15: 2 | AC15: 270 | AD15: =+V15+X15+Z15+AB15 -> 3 | AE15: =+W15+Y15+AA15+AC15 -> 397 | AF15: 0 | AG15: 0 | AH15: 0 | AI15: 0 | AJ15: 0 | AK15: 0 | AL15: 1 | AM15: 130 | AN15: =+AF15+AH15+AJ15+AL15 -> 1 | AO15: =+AG15+AI15+AK15+AM15 -> 130 | AP15: 0 | AQ15: 0 | AR15: 0 | AS15: 0 | AT15: 0 | AU15: 0 | AV15: 0 | AW15: 0 | AX15: =+AP15+AR15+AT15+AV15 -> 0 | AY15: =+AQ15+AS15+AU15+AW15 -> 0 | AZ15: =+J15+T15+AD15+AN15+AX15 -> 135 | BA15: =+K15+U15+AE15+AO15+AY15 -> 22182.99 | BB15: บาท
A16: พฤศจิกายน | B16: 22 | C16: 5121.98 | D16: 4 | E16: 1089 | F16: 124 | G16: 18258 | H16: 5 | I16: 800 | J16: =+B16+D16+F16+H16 -> 155 | K16: =+C16+E16+G16+I16 -> 25268.98 | L16: 3 | M16: 466.86 | N16: 0 | O16: 0 | P16: 9 | Q16: 1242 | R16: 4 | S16: 1320 | T16: =+L16+N16+P16+R16 -> 16 | U16: =+M16+O16+Q16+S16 -> 3028.86 | V16: 0 | W16: 0 | X16: 0 | Y16: 0 | Z16: 0 | AA16: 0 | AB16: 0 | AC16: 0 | AD16: =+V16+X16+Z16+AB16 -> 0 | AE16: =+W16+Y16+AA16+AC16 -> 0 | AF16: 0 | AG16: 0 | AH16: 0 | AI16: 0 | AJ16: 5 | AK16: 524 | AL16: 0 | AM16: 0 | AN16: =+AF16+AH16+AJ16+AL16 -> 5 | AO16: =+AG16+AI16+AK16+AM16 -> 524 | AP16: 0 | AQ16: 0 | AR16: 0 | AS16: 0 | AT16: 0 | AU16: 0 | AV16: 0 | AW16: 0 | AX16: =+AP16+AR16+AT16+AV16 -> 0 | AY16: =+AQ16+AS16+AU16+AW16 -> 0 | AZ16: =+J16+T16+AD16+AN16+AX16 -> 176 | BA16: =+K16+U16+AE16+AO16+AY16 -> 28821.84 | BB16: บาท
A17: ธันวาคม | B17: 14 | C17: 10445.02 | D17: 7 | E17: 2016 | F17: 131 | G17: 28070 | H17: 16 | I17: 2910 | J17: =+B17+D17+F17+H17 -> 168 | K17: =+C17+E17+G17+I17 -> 43441.02 | L17: 0 | M17: 0 | N17: 0 | O17: 0 | P17: 6 | Q17: 1726 | R17: 3 | S17: 540 | T17: =+L17+N17+P17+R17 -> 9 | U17: =+M17+O17+Q17+S17 -> 2266 | V17: 0 | W17: 0 | X17: 0 | Y17: 0 | Z17: 0 | AA17: 0 | AB17: 0 | AC17: 0 | AD17: =+V17+X17+Z17+AB17 -> 0 | AE17: =+W17+Y17+AA17+AC17 -> 0 | AF17: 0 | AG17: 0 | AH17: 0 | AI17: 0 | AJ17: 5 | AK17: 886 | AL17: 0 | AM17: 0 | AN17: =+AF17+AH17+AJ17+AL17 -> 5 | AO17: =+AG17+AI17+AK17+AM17 -> 886 | AP17: 0 | AQ17: 0 | AR17: 0 | AS17: 0 | AT17: 0 | AU17: 0 | AV17: 0 | AW17: 0 | AX17: =+AP17+AR17+AT17+AV17 -> 0 | AY17: =+AQ17+AS17+AU17+AW17 -> 0 | AZ17: =+J17+T17+AD17+AN17+AX17 -> 182 | BA17: =+K17+U17+AE17+AO17+AY17 -> 46593.02 | BB17: บาท
A18: Total | B18: =SUM(B6:B17) -> 162 | C18: =SUM(C6:C17) -> 44552.37 | D18: =SUM(D6:D17) -> 74 | E18: =SUM(E6:E17) -> 15353 | F18: =SUM(F6:F17) -> 715 | G18: =SUM(G6:G17) -> 109222.35 | H18: =SUM(H6:H17) -> 322 | I18: =SUM(I6:I17) -> 62292 | ... BA18: =SUM(BA6:BA17) -> 329394.64 | BB18: บาท

Sheet จำนวนชิ้นขนม
A1: สรุปรายการสินค้าที่ตีกลับมารวมทุกช่องทางขายออนไลน์ ปี 2567
A2: ลำดับ | B2: รายการ | C2: Total | D2: ต้นทุนสินค้า | E2: เป็นเงิน | F2: มกราคม | G2: กุมภาพันธ์ | H2: มีนาคม | I2: เมษายน | J2: พฤษภาคม | K2: มิถุนายน | L2: กรกฎาคม | M2: สิงหาคม | N2: กันยายน | O2: ตุลาคม | P2: พฤศจิกายน | Q2: ธันวาคม
A3: 1 | B3: ชิฟฟอนแยกชิ้น | C3: =SUM(F3:Q3) -> 2566 | D3: 4.5 | E3: =+C3*D3 -> 11547 | F3: =IFERROR(VLOOKUP(B3,[1]สรุปรายการสินค้า!$B:$C,2,0),"0") -> 306 | G3: =IFERROR(VLOOKUP(B3,[2]สรุปรายการสินค้า!$B:$C,2,0),"0") -> 188 | H3: =IFERROR(VLOOKUP(B3,[3]สรุปรายการสินค้า!$B:$C,2,0),"0") -> 185 | I3: =IFERROR(VLOOKUP(B3,[4]สรุปรายการสินค้า!$B:$C,2,0),"0") -> 999 | J3: =IFERROR(VLOOKUP(B3,[5]สรุปรายการสินค้า!$B:$C,2,0),"0") -> 185 | K3: =IFERROR(VLOOKUP(B3,[6]สรุปรายการสินค้า!$B:$C,2,0),"0") -> 130 | L3: =IFERROR(VLOOKUP(B3,[7]สรุปรายการสินค้า!$B:$C,2,0),"0") -> 246 | M3: =IFERROR(VLOOKUP(B3,[8]สรุปรายการสินค้า!$B:$C,2,0),"0") -> 51 | N3: =IFERROR(VLOOKUP(B3,[9]สรุปรายการสินค้า!$B:$C,2,0),"0") -> 29 | O3: =VLOOKUP(B3,[10]สรุปรายการสินค้า!$B:$C,2,0) -> 81 | P3: =VLOOKUP(B3,[11]สรุปรายการสินค้า!$B:$C,2,0) -> 111 | Q3: =VLOOKUP(B3,[12]สรุปรายการสินค้า!$B:$C,2,0) -> 55
A4: 2 | B4: ชิฟฟอน 8 ชิ้น | C4: =SUM(F4:Q4) -> 636 | D4: 37.17 | E4: =+C4*D4 -> 23640.12 | F4: =IFERROR(VLOOKUP(B4,[1]สรุปรายการสินค้า!$B:$C,2,0),"0") -> 232 | G4: =IFERROR(VLOOKUP(B4,[2]สรุปรายการสินค้า!$B:$C,2,0),"0") -> 55 | H4: =IFERROR(VLOOKUP(B4,[3]สรุปรายการสินค้า!$B:$C,2,0),"0") -> 25 | I4: =IFERROR(VLOOKUP(B4,[4]สรุปรายการสินค้า!$B:$C,2,0),"0") -> 14 | J4: =IFERROR(VLOOKUP(B4,[5]สรุปรายการสินค้า!$B:$C,2,0),"0") -> 25 | K4: =IFERROR(VLOOKUP(B4,[6]สรุปรายการสินค้า!$B:$C,2,0),"0") -> 18 | L4: =IFERROR(VLOOKUP(B4,[7]สรุปรายการสินค้า!$B:$C,2,0),"0") -> 13 | M4: =IFERROR(VLOOKUP(B4,[8]สรุปรายการสินค้า!$B:$C,2,0),"0") -> 71 | N4: =IFERROR(VLOOKUP(B4,[9]สรุปรายการสินค้า!$B:$C,2,0),"0") -> 5 | O4: =VLOOKUP(B4,[10]สรุปรายการสินค้า!$B:$C,2,0) -> 15 | P4: =VLOOKUP(B4,[11]สรุปรายการสินค้า!$B:$C,2,0) -> 12 | Q4: =VLOOKUP(B4,[12]สรุปรายการสินค้า!$B:$C,2,0) -> 151
A5: 3 | B5: ชิฟฟอน 4 ชิ้น | C5: =SUM(F5:Q5) -> 517 | D5: 19.58 | E5: =+C5*D5 -> 10122.86 | F5: =IFERROR(VLOOKUP(B5,[1]สรุปรายการสินค้า!$B:$C,2,0),"0") -> 18 | G5: =IFERROR(VLOOKUP(B5,[2]สรุปรายการสินค้า!$B:$C,2,0),"0") -> 18 | H5: =IFERROR(VLOOKUP(B5,[3]สรุปรายการสินค้า!$B:$C,2,0),"0") -> 0 | I5: =IFERROR(VLOOKUP(B5,[4]สรุปรายการสินค้า!$B:$C,2,0),"0") -> 0 | J5: =IFERROR(VLOOKUP(B5,[5]สรุปรายการสินค้า!$B:$C,2,0),"0") -> 19 | K5: =IFERROR(VLOOKUP(B5,[6]สรุปรายการสินค้า!$B:$C,2,0),"0") -> 2 | L5: =IFERROR(VLOOKUP(B5,[7]สรุปรายการสินค้า!$B:$C,2,0),"0") -> 134 | M5: =IFERROR(VLOOKUP(B5,[8]สรุปรายการสินค้า!$B:$C,2,0),"0") -> 122 | N5: =IFERROR(VLOOKUP(B5,[9]สรุปรายการสินค้า!$B:$C,2,0),"0") -> 102 | O5: =VLOOKUP(B5,[10]สรุปรายการสินค้า!$B:$C,2,0) -> 21 | P5: =VLOOKUP(B5,[11]สรุปรายการสินค้า!$B:$C,2,0) -> 9 | Q5: =VLOOKUP(B5,[12]สรุปรายการสินค้า!$B:$C,2,0) -> 72
A6: 4 | B6: ชิฟฟอนไส้แยม 6 ชิ้น | C6: =SUM(F6:Q6) -> 84 | D6: 24.8 | E6: =+C6*D6 -> 2083.2 | F6: =IFERROR(VLOOKUP(B6,[1]สรุปรายการสินค้า!$B:$C,2,0),"0") -> 23 | G6: =IFERROR(VLOOKUP(B6,[2]สรุปรายการสินค้า!$B:$C,2,0),"0") -> 7 | H6: =IFERROR(VLOOKUP(B6,[3]สรุปรายการสินค้า!$B:$C,2,0),"0") -> 3 | I6: =IFERROR(VLOOKUP(B6,[4]สรุปรายการสินค้า!$B:$C,2,0),"0") -> 14 | J6: =IFERROR(VLOOKUP(B6,[5]สรุปรายการสินค้า!$B:$C,2,0),"0") -> 10 | K6: =IFERROR(VLOOKUP(B6,[6]สรุปรายการสินค้า!$B:$C,2,0),"0") -> 2 | L6: =IFERROR(VLOOKUP(B6,[7]สรุปรายการสินค้า!$B:$C,2,0),"0") -> 2 | M6: =IFERROR(VLOOKUP(B6,[8]สรุปรายการสินค้า!$B:$C,2,0),"0") -> 3 | N6: =IFERROR(VLOOKUP(B6,[9]สรุปรายการสินค้า!$B:$C,2,0),"0") -> 6 | O6: =VLOOKUP(B6,[10]สรุปรายการสินค้า!$B:$C,2,0) -> 2 | P6: =VLOOKUP(B6,[11]สรุปรายการสินค้า!$B:$C,2,0) -> 3 | Q6: =VLOOKUP(B6,[12]สรุปรายการสินค้า!$B:$C,2,0) -> 9
A7: 5 | B7: ชิฟฟอนไส้แยม 3 ชิ้น | C7: =SUM(F7:Q7) -> 835 | D7: 11.38 | E7: =+C7*D7 -> 9502.3 | F7: =IFERROR(VLOOKUP(B7,[1]สรุปรายการสินค้า!$B:$C,2,0),"0") -> 0 | G7: =IFERROR(VLOOKUP(B7,[2]สรุปรายการสินค้า!$B:$C,2,0),"0") -> 1 | H7: =IFERROR(VLOOKUP(B7,[3]สรุปรายการสินค้า!$B:$C,2,0),"0") -> 0 | I7: =IFERROR(VLOOKUP(B7,[4]สรุปรายการสินค้า!$B:$C,2,0),"0") -> 2 | J7: =IFERROR(VLOOKUP(B7,[5]สรุปรายการสินค้า!$B:$C,2,0),"0") -> 4 | K7: =IFERROR(VLOOKUP(B7,[6]สรุปรายการสินค้า!$B:$C,2,0),"0") -> 0 | L7: =IFERROR(VLOOKUP(B7,[7]สรุปรายการสินค้า!$B:$C,2,0),"0") -> 222 | M7: =IFERROR(VLOOKUP(B7,[8]สรุปรายการสินค้า!$B:$C,2,0),"0") -> 228 | N7: =IFERROR(VLOOKUP(B7,[9]สรุปรายการสินค้า!$B:$C,2,0),"0") -> 213 | O7: =VLOOKUP(B7,[10]สรุปรายการสินค้า!$B:$C,2,0) -> 43 | P7: =VLOOKUP(B7,[11]สรุปรายการสินค้า!$B:$C,2,0) -> 33 | Q7: =VLOOKUP(B7,[12]สรุปรายการสินค้า!$B:$C,2,0) -> 89
A8: 6 | B8: เบาหวิว ล | C8: =SUM(F8:Q8) -> 1452 | D8: 15.01 | E8: =+C8*D8 -> 21794.52 | F8: =IFERROR(VLOOKUP(B8,[1]สรุปรายการสินค้า!$B:$C,2,0),"0") -> 43 | G8: =IFERROR(VLOOKUP(B8,[2]สรุปรายการสินค้า!$B:$C,2,0),"0") -> 17 | H8: =IFERROR(VLOOKUP(B8,[3]สรุปรายการสินค้า!$B:$C,2,0),"0") -> 13 | I8: =IFERROR(VLOOKUP(B8,[4]สรุปรายการสินค้า!$B:$C,2,0),"0") -> 38 | J8: =IFERROR(VLOOKUP(B8,[5]สรุปรายการสินค้า!$B:$C,2,0),"0") -> 25 | K8: =IFERROR(VLOOKUP(B8,[6]สรุปรายการสินค้า!$B:$C,2,0),"0") -> 41 | L8: =IFERROR(VLOOKUP(B8,[7]สรุปรายการสินค้า!$B:$C,2,0),"0") -> 123 | M8: =IFERROR(VLOOKUP(B8,[8]สรุปรายการสินค้า!$B:$C,2,0),"0") -> 358 | N8: =IFERROR(VLOOKUP(B8,[9]สรุปรายการสินค้า!$B:$C,2,0),"0") -> 140 | O8: =VLOOKUP(B8,[10]สรุปรายการสินค้า!$B:$C,2,0) -> 99 | P8: =VLOOKUP(B8,[11]สรุปรายการสินค้า!$B:$C,2,0) -> 100 | Q8: =VLOOKUP(B8,[12]สรุปรายการสินค้า!$B:$C,2,0) -> 455
A9: 7 | B9: เบาหวิว ญ | C9: =SUM(F9:Q9) -> 55 | D9: 26.81 | E9: =+C9*D9 -> 1474.55 | F9: =IFERROR(VLOOKUP(B9,[1]สรุปรายการสินค้า!$B:$C,2,0),"0") -> 23 | G9: =IFERROR(VLOOKUP(B9,[2]สรุปรายการสินค้า!$B:$C,2,0),"0") -> 2 | H9: =IFERROR(VLOOKUP(B9,[3]สรุปรายการสินค้า!$B:$C,2,0),"0") -> 3 | I9: =IFERROR(VLOOKUP(B9,[4]สรุปรายการสินค้า!$B:$C,2,0),"0") -> 0 | J9: =IFERROR(VLOOKUP(B9,[5]สรุปรายการสินค้า!$B:$C,2,0),"0") -> 12 | K9: =IFERROR(VLOOKUP(B9,[6]สรุปรายการสินค้า!$B:$C,2,0),"0") -> 9 | L9: =IFERROR(VLOOKUP(B9,[7]สรุปรายการสินค้า!$B:$C,2,0),"0") -> 0 | M9: =IFERROR(VLOOKUP(B9,[8]สรุปรายการสินค้า!$B:$C,2,0),"0") -> 0 | N9: =IFERROR(VLOOKUP(B9,[9]สรุปรายการสินค้า!$B:$C,2,0),"0") -> 0 | O9: =VLOOKUP(B9,[10]สรุปรายการสินค้า!$B:$C,2,0) -> 6 | P9: =VLOOKUP(B9,[11]สรุปรายการสินค้า!$B:$C,2,0) -> 0 | Q9: =VLOOKUP(B9,[12]สรุปรายการสินค้า!$B:$C,2,0) -> 0
A10: 8 | B10: เค้กหวิวถาด | C10: =SUM(F10:Q10) -> 4 | D10: 13.15 | E10: =+C10*D10 -> 52.6 | F10: =IFERROR(VLOOKUP(B10,[1]สรุปรายการสินค้า!$B:$C,2,0),"0") -> 0 | G10: =IFERROR(VLOOKUP(B10,[2]สรุปรายการสินค้า!$B:$C,2,0),"0") -> 0 | H10: =IFERROR(VLOOKUP(B10,[3]สรุปรายการสินค้า!$B:$C,2,0),"0") -> 0 | I10: =IFERROR(VLOOKUP(B10,[4]สรุปรายการสินค้า!$B:$C,2,0),"0") -> 0 | J10: =IFERROR(VLOOKUP(B10,[5]สรุปรายการสินค้า!$B:$C,2,0),"0") -> 0 | K10: =IFERROR(VLOOKUP(B10,[6]สรุปรายการสินค้า!$B:$C,2,0),"0") -> 0 | L10: =IFERROR(VLOOKUP(B10,[7]สรุปรายการสินค้า!$B:$C,2,0),"0") -> 0 | M10: =IFERROR(VLOOKUP(B10,[8]สรุปรายการสินค้า!$B:$C,2,0),"0") -> 0 | N10: =IFERROR(VLOOKUP(B10,[9]สรุปรายการสินค้า!$B:$C,2,0),"0") -> 0 | O10: =VLOOKUP(B10,[10]สรุปรายการสินค้า!$B:$C,2,0) -> 4 | P10: =VLOOKUP(B10,[11]สรุปรายการสินค้า!$B:$C,2,0) -> 0 | Q10: =VLOOKUP(B10,[12]สรุปรายการสินค้า!$B:$C,2,0) -> 0
A11: 9 | B11: เปี๊ยะ ล | C11: =SUM(F11:Q11) -> 491 | D11: 47.22 | E11: =+C11*D11 -> 23185.02 | F11: =IFERROR(VLOOKUP(B11,[1]สรุปรายการสินค้า!$B:$C,2,0),"0") -> 55 | G11: =IFERROR(VLOOKUP(B11,[2]สรุปรายการสินค้า!$B:$C,2,0),"0") -> 84 | H11: =IFERROR(VLOOKUP(B11,[3]สรุปรายการสินค้า!$B:$C,2,0),"0") -> 37 | I11: =IFERROR(VLOOKUP(B11,[4]สรุปรายการสินค้า!$B:$C,2,0),"0") -> 16 | J11: =IFERROR(VLOOKUP(B11,[5]สรุปรายการสินค้า!$B:$C,2,0),"0") -> 11 | K11: =IFERROR(VLOOKUP(B11,[6]สรุปรายการสินค้า!$B:$C,2,0),"0") -> 253 | L11: =IFERROR(VLOOKUP(B11,[7]สรุปรายการสินค้า!$B:$C,2,0),"0") -> 35 | M11: =IFERROR(VLOOKUP(B11,[8]สรุปรายการสินค้า!$B:$C,2,0),"0") -> 0 | N11: =IFERROR(VLOOKUP(B11,[9]สรุปรายการสินค้า!$B:$C,2,0),"0") -> 0 | O11: =VLOOKUP(B11,[10]สรุปรายการสินค้า!$B:$C,2,0) -> 0 | P11: =VLOOKUP(B11,[11]สรุปรายการสินค้า!$B:$C,2,0) -> 0 | Q11: =VLOOKUP(B11,[12]สรุปรายการสินค้า!$B:$C,2,0) -> 0
A12: 10 | B12: เปี๊ยะโมจิ ล | C12: =SUM(F12:Q12) -> 10 | D12: 48.75 | E12: =+C12*D12 -> 487.5 | F12: =IFERROR(VLOOKUP(B12,[1]สรุปรายการสินค้า!$B:$C,2,0),"0") -> 0 | G12: =IFERROR(VLOOKUP(B12,[2]สรุปรายการสินค้า!$B:$C,2,0),"0") -> 0 | H12: =IFERROR(VLOOKUP(B12,[3]สรุปรายการสินค้า!$B:$C,2,0),"0") -> 0 | I12: =IFERROR(VLOOKUP(B12,[4]สรุปรายการสินค้า!$B:$C,2,0),"0") -> 0 | J12: =IFERROR(VLOOKUP(B12,[5]สรุปรายการสินค้า!$B:$C,2,0),"0") -> 7 | K12: =IFERROR(VLOOKUP(B12,[6]สรุปรายการสินค้า!$B:$C,2,0),"0") -> 0 | L12: =IFERROR(VLOOKUP(B12,[7]สรุปรายการสินค้า!$B:$C,2,0),"0") -> 0 | M12: =IFERROR(VLOOKUP(B12,[8]สรุปรายการสินค้า!$B:$C,2,0),"0") -> 1 | N12: =IFERROR(VLOOKUP(B12,[9]สรุปรายการสินค้า!$B:$C,2,0),"0") -> 0 | O12: =VLOOKUP(B12,[10]สรุปรายการสินค้า!$B:$C,2,0) -> 2 | P12: =VLOOKUP(B12,[11]สรุปรายการสินค้า!$B:$C,2,0) -> 0 | Q12: =VLOOKUP(B12,[12]สรุปรายการสินค้า!$B:$C,2,0) -> 0
A13: 11 | B13: เปี๊ยะ ญ | C13: =SUM(F13:Q13) -> 3 | D13: 77.75 | E13: =+C13*D13 -> 233.25 | F13: =IFERROR(VLOOKUP(B13,[1]สรุปรายการสินค้า!$B:$C,2,0),"0") -> 2 | G13: =IFERROR(VLOOKUP(B13,[2]สรุปรายการสินค้า!$B:$C,2,0),"0") -> 0 | H13: =IFERROR(VLOOKUP(B13,[3]สรุปรายการสินค้า!$B:$C,2,0),"0") -> 1 | I13: =IFERROR(VLOOKUP(B13,[4]สรุปรายการสินค้า!$B:$C,2,0),"0") -> 0 | J13: =IFERROR(VLOOKUP(B13,[5]สรุปรายการสินค้า!$B:$C,2,0),"0") -> 0 | K13: =IFERROR(VLOOKUP(B13,[6]สรุปรายการสินค้า!$B:$C,2,0),"0") -> 0 | L13: =IFERROR(VLOOKUP(B13,[7]สรุปรายการสินค้า!$B:$C,2,0),"0") -> 0 | M13: =IFERROR(VLOOKUP(B13,[8]สรุปรายการสินค้า!$B:$C,2,0),"0") -> 0 | N13: =IFERROR(VLOOKUP(B13,[9]สรุปรายการสินค้า!$B:$C,2,0),"0") -> 0 | O13: =VLOOKUP(B13,[10]สรุปรายการสินค้า!$B:$C,2,0) -> 0 | P13: =VLOOKUP(B13,[11]สรุปรายการสินค้า!$B:$C,2,0) -> 0 | Q13: =VLOOKUP(B13,[12]สรุปรายการสินค้า!$B:$C,2,0) -> 0
A14: 12 | B14: เปี๊ยะโมจิ ญ | C14: =SUM(F14:Q14) -> 0 | D14: 85.53 | E14: =+C14*D14 -> 0 | F14: =IFERROR(VLOOKUP(B14,[1]สรุปรายการสินค้า!$B:$C,2,0),"0") -> 0 | G14: =IFERROR(VLOOKUP(B14,[2]สรุปรายการสินค้า!$B:$C,2,0),"0") -> 0 | H14: =IFERROR(VLOOKUP(B14,[3]สรุปรายการสินค้า!$B:$C,2,0),"0") -> 0 | I14: =IFERROR(VLOOKUP(B14,[4]สรุปรายการสินค้า!$B:$C,2,0),"0") -> 0 | J14: =IFERROR(VLOOKUP(B14,[5]สรุปรายการสินค้า!$B:$C,2,0),"0") -> 0 | K14: =IFERROR(VLOOKUP(B14,[6]สรุปรายการสินค้า!$B:$C,2,0),"0") -> 0 | L14: =IFERROR(VLOOKUP(B14,[7]สรุปรายการสินค้า!$B:$C,2,0),"0") -> 0 | M14: =IFERROR(VLOOKUP(B14,[8]สรุปรายการสินค้า!$B:$C,2,0),"0") -> 0 | N14: =IFERROR(VLOOKUP(B14,[9]สรุปรายการสินค้า!$B:$C,2,0),"0") -> 0 | O14: =VLOOKUP(B14,[10]สรุปรายการสินค้า!$B:$C,2,0) -> 0 | P14: =VLOOKUP(B14,[11]สรุปรายการสินค้า!$B:$C,2,0) -> 0 | Q14: =VLOOKUP(B14,[12]สรุปรายการสินค้า!$B:$C,2,0) -> 0
... A38: 36 | B38: แซนด์วิช | C38: =SUM(F38:Q38) -> 266 | D38: 19.62 | E38: =+C38*D38 -> 5218.92 | F38: =IFERROR(VLOOKUP(B38,[1]สรุปรายการสินค้า!$B:$C,2,0),"0") -> 0 | G38: =IFERROR(VLOOKUP(B38,[2]สรุปรายการสินค้า!$B:$C,2,0),"0") -> 0 | H38: =IFERROR(VLOOKUP(B38,[3]สรุปรายการสินค้า!$B:$C,2,0),"0") -> 0 | I38: =IFERROR(VLOOKUP(B38,[4]สรุปรายการสินค้า!$B:$C,2,0),"0") -> 0 | J38: =IFERROR(VLOOKUP(B38,[5]สรุปรายการสินค้า!$B:$C,2,0),"0") -> 0 | K38: =IFERROR(VLOOKUP(B38,[6]สรุปรายการสินค้า!$B:$C,2,0),"0") -> 0 | L38: =IFERROR(VLOOKUP(B38,[7]สรุปรายการสินค้า!$B:$C,2,0),"0") -> 0 | M38: =IFERROR(VLOOKUP(B38,[8]สรุปรายการสินค้า!$B:$C,2,0),"0") -> 0 | N38: =IFERROR(VLOOKUP(B38,[9]สรุปรายการสินค้า!$B:$C,2,0),"0") -> 0 | O38: =VLOOKUP(B38,[10]สรุปรายการสินค้า!$B:$C,2,0) -> 266 | P38: =VLOOKUP(B38,[11]สรุปรายการสินค้า!$B:$C,2,0) -> 0 | Q38: =VLOOKUP(B38,[12]สรุปรายการสินค้า!$B:$C,2,0) -> 0
A39: ยอดรวม | C39: =SUM(C3:C38) -> 9980 | D39: ชิ้น | E39: =SUM(E3:E38) -> 151903.14 | F39: =SUM(F3:F38) -> 886 | G39: =SUM(G3:G38) -> 429 | H39: =SUM(H3:H38) -> 442 | I39: =SUM(I3:I38) -> 1288 | J39: =SUM(J3:J38) -> 504 | K39: =SUM(K3:K38) -> 629 | L39: =SUM(L3:L38) -> 996 | ... Q39: =SUM(Q3:Q38) -> 1304 | R39: ชิ้น
