Workbook

Sheet สรุป
A1: สรุปรายการของตีกลับของช่องทางออนไลน์ เดือนเมษายน 2567
A2: แพลตฟอร์ม | B2: สาเหตุการตีกลับ | L2: รวม | M2: ยอดเงิน
B3: ปฏิเสธ , ยกเลิก | D3: ติดต่อไม่ได้ , ไม่รับโทรศัพท์ | F3: ส่งของไปซ้ำ | H3: เกินเวลานัดส่งพัสดุ | J3: ลูกค้าตีกลับ เนื่องจาก มดขึ้นขนม ขนมมีรสฟาดเฟื่อน
B4: จำนวนออเดอร์ | C4: ยอดขาย | D4: จำนวนออเดอร์ | E4: ยอดขาย | F4: จำนวนออเดอร์ | G4: ยอดขาย | H4: จำนวนออเดอร์ | I4: ยอดขาย | J4: จำนวนออเดอร์ | K4: ยอดขาย
A5: Lazada | B5: 14 | C5: 2829.95 | D5: 7 | E5: 878.56 | F5: 0 | G5: 0 | H5: 0 | I5: 0 | J5: 0 | K5: 0 | L5: =+B5+D5+F5+H5+J5 -> 21 | M5: =+C5+E5+G5+I5+K5 -> 3708.51
A6: Shopee | B6: 2 | C6: 309 | D6: 2 | E6: 626 | F6: 0 | G6: 0 | H6: 0 | I6: 0 | J6: 0 | K6: 0 | L6: =+B6+D6+F6+H6+J6 -> 4 | M6: =+C6+E6+G6+I6+K6 -> 935
A7: TikTok | B7: 20 | C7: 2890.39 | D7: 35 | E7: 4713 | F7: 0 | G7: 0 | H7: 0 | I7: 0 | J7: 0 | K7: 0 | L7: =+B7+D7+F7+H7+J7 -> 55 | M7: =+C7+E7+G7+I7+K7 -> 7603.39
A8: Facebook , Facebook Live , Line , Line OA (ไปรษณีย์) | B8: 7 | C8: 1370 | D8: 17 | E8: 4041 | F8: 0 | G8: 0 | H8: 0 | I8: 0 | J8: 4 | K8: 8800 | L8: =+B8+D8+F8+H8+J8 -> 28 | M8: =+C8+E8+G8+I8+K8 -> 14211
A9: ยอมรวมทั้งหมด | B9: =SUM(B5:B8) -> 43 | C9: =SUM(C5:C8) -> 7399.34 | D9: =SUM(D5:D8) -> 61 | E9: =SUM(E5:E8) -> 10258.56 | F9: =SUM(F5:F8) -> 0 | G9: =SUM(G5:G8) -> 0 | H9: =SUM(H5:H8) -> 0 | I9: =SUM(I5:I8) -> 0 | ... M9: =SUM(M5:M8) -> 26457.9 | N9: บาท

Sheet สรุปรายการสินค้า
A1: สรุปรายการสินค้าที่ตีกลับมารวมทุกช่องทางขายออนไลน์ เดือนเมษายน 2567
A2: ลำดับ | B2: รายการ | C2: จำนวน | D2: หมายเหตุ
A3: 1 | B3: ชิฟฟอนแยกชิ้น | C3: =+รายการสินค้าตีกลับ!B34 -> 999
A4: 2 | B4: ชิฟฟอน 8 ชิ้น | C4: =+รายการสินค้าตีกลับ!C34 -> 14
A5: 3 | B5: ชิฟฟอน 4 ชิ้น | C5: =+รายการสินค้าตีกลับ!D34 -> 0
A6: 4 | B6: ชิฟฟอนไส้แยม 6 ชิ้น | C6: =+รายการสินค้าตีกลับ!E34 -> 14
A7: 5 | B7: ชิฟฟอนไส้แยม 3 ชิ้น | C7: =+รายการสินค้าตีกลับ!F34 -> 2
A8: 6 | B8: เบาหวิว ล | C8: =+รายการสินค้าตีกลับ!G34 -> 38
A9: 7 | B9: เบาหวิว ญ | C9: =+รายการสินค้าตีกลับ!H34 -> 0
A10: 8 | B10: เปี๊ยะ ล | C10: =+รายการสินค้าตีกลับ!I34 -> 16
A11: 9 | B11: เปี๊ยะโมจิ ล | C11: =+รายการสินค้าตีกลับ!J34 -> 0
A12: 10 | B12: เปี๊ยะ ญ | C12: =+รายการสินค้าตีกลับ!K34 -> 0
A13: 11 | B13: เปี๊ยะโมจิ ญ | C13: =+รายการสินค้าตีกลับ!L34 -> 0
A14: 12 | B14: พายสัปปะรด | C14: =+รายการสินค้าตีกลับ!M34 -> 0
A15: 13 | B15: คุกกี้เนย | C15: =+รายการสินค้าตีกลับ!N34 -> 0
A16: 14 | B16: คุกกี้เนย 4 ชิ้น/กล่อง | C16: =+รายการสินค้าตีกลับ!O34 -> 0
A17: 15 | B17: ปังกรอบคาราเมล | C17: =+รายการสินค้าตีกลับ!P34 -> 2
A18: 16 | B18: ปังเนยน้ำตาล | C18: =+รายการสินค้าตีกลับ!Q34 -> 0
A19: 17 | B19: ปังเนยนิ่ม กล่อง 2 ชิ้น | C19: =+รายการสินค้าตีกลับ!R34 -> 1
A20: 18 | B20: ปังเนยนิ่ม กล่อง 3 ชิ้น | C20: =+รายการสินค้าตีกลับ!S34 -> 0
A21: 19 | B21: ปังเนยนิ่มถุง5ชิ้น | C21: =+รายการสินค้าตีกลับ!T34 -> 0
A22: 20 | B22: ปังสตรอบูล | C22: =+รายการสินค้าตีกลับ!U34 -> 0
A23: 21 | B23: ปังไก่หยอง | C23: =+รายการสินค้าตีกลับ!V34 -> 0
A24: 22 | B24: ปังทวิต | C24: =+รายการสินค้าตีกลับ!W34 -> 0
A25: 23 | B25: ปังแถว | C25: =+รายการสินค้าตีกลับ!X34 -> 38
A26: 24 | B26: เปี๊ยะลาวา | C26: =+รายการสินค้าตีกลับ!Y34 -> 0
A27: 25 | B27: คอนเฟล็ก | C27: =+รายการสินค้าตีกลับ!Z34 -> 0
A28: 26 | B28: ไดฟูกุ | C28: =+รายการสินค้าตีกลับ!AA34 -> 0
A29: 27 | B29: ปังเลเยอร์ | C29: =+รายการสินค้าตีกลับ!AB34 -> 0
A30: 28 | B30: เมอแรงค์ | C30: =+รายการสินค้าตีกลับ!AC34 -> 0
A31: 29 | B31: DIY | C31: =+รายการสินค้าตีกลับ!AD34 -> 0
A32: 30 | B32: ครีมฮอนร์จัมโบ้ | C32: =+รายการสินค้าตีกลับ!AE34 -> 0
A33: 31 | B33: ครีมฮอร์น | C33: =+รายการสินค้าตีกลับ!AF34 -> 164
B34: ยอดรวม | C34: =SUM(C3:C33) -> 1288 | D34: ชิ้น

Sheet Lazada
A1: รายการของตีกลับช่องทาง LAZADA เดือนเมษายน 2567 | H1: รวม | I1: =SUBTOTAL(9,I4:I12000) -> 3708.51 | J1: บาท
A2: ลำดับ | B2: วันที่ตีกลับ | C2: เลขที่ออเดอร์ | D2: เลขที่พัสดุ | E2: ผู้ให้บริการจัดส่ง | F2: ร้านค้า | G2: ชื่อลูกค้า | I2: ยอดคำสั่งซื้อ | J2: สาเหตุการตีกลับ | K2: หมายเหตุ | N2: หัวข้อการสาเหตุตีของกลับ | O2: ชื่อร้าน | P2: ชื่อขนส่ง
G3: ชื่อ
A4: 1 | B4: 243711 | C4: 840269386572085 | D4: LEXPU0322207022 | E4: LEX TH | F4: วรรณวนัช เบเกอรี่ (ร้านที่ 1 ร้านหลัก) | G4: ด.ญ.จุฑาทิพย์ | H4: โอแสงธรรมนนท์ | I4: 80.72 | J4: ปฏิเสธ , ยกเลิก | N4: ปฏิเสธ , ยกเลิก | O4: วรรณวนัช เบเกอรี่ (ร้านที่ 1 ร้านหลัก) | P4: LEX TH
A5: 2 | B5: 243711 | C5: 842655512522734 | D5: LEXPU0324792169 | E5: LEX TH | F5: วรรณวนัช เบเกอรี่ (ร้านที่ 1 ร้านหลัก) | G5: Thiyada | H5: Teansast | I5: 78.64 | J5: ติดต่อไม่ได้ , ไม่รับโทรศัพท์ | N5: ติดต่อไม่ได้ , ไม่รับโทรศัพท์ | O5: ของฝากวรรณวนัช (cakewanwanach.lzd) | P5: Flash Express Thailand
A6: 3 | B6: 243712 | C6: 836643650268157 | D6: 520002232725 | E6: LEX TH | F6: วรรณวนัช ของอร่อย (cakewanwanach.kps) | G6: ชลลดา | H6: โสมคง | I6: 60.22 | J6: ปฏิเสธ , ยกเลิก | N6: ส่งของไปซ้ำ | O6: วรรณวนัช ชิฟฟ่อน (chiffonlazada) | P6: Kerry_dropoff
A7: 4 | B7: 243714 | C7: 840062105869889 | D7: KERDO0122572634 | E7: LEX TH | F7: วรรณวนัช ของอร่อย (cakewanwanach.kps) | G7: สมใจ | H7: แสนดี | I7: 169.2 | J7: ติดต่อไม่ได้ , ไม่รับโทรศัพท์ | N7: ลูกค้าแจ้งว่าไม่ได้สั่ง | O7: วรรณวนัช (0944831646)
A8: 5 | B8: 243718 | C8: 839883819546099 | D8: LEXDO0096787529 | E8: LEX TH | F8: ชิฟฟ่อน เบเกอรี่ (wanwanachcake) | G8: สุดาวัลย์ | H8: จรดล | I8: 260 | J8: ปฏิเสธ , ยกเลิก | O8: ชิฟฟ่อน กำแพงแสน (chiffonk.kps)
A9: 6 | B9: 243718 | C9: 838708645602783 | D9: LEXPU0326231994 | E9: LEX TH | F9: วรรณวนัช เบเกอรี่ (ร้านที่ 1 ร้านหลัก) | G9: Ma | H9: Ly | I9: 318 | J9: ปฏิเสธ , ยกเลิก | O9: วรรณวนัช ของอร่อย (cakewanwanach.kps)
A10: 7 | B10: 243719 | C10: 841519702547352 | D10: KERDO0122855869 | E10: LEX TH | F10: วรรณวนัช ของอร่อย (cakewanwanach.kps) | G10: สุรัล | H10: ผ้าแก้ว | I10: 158.04 | J10: ปฏิเสธ , ยกเลิก | O10: ของฝาก นครปฐม (khongfhak.kps)
A11: 8 | B11: 243721 | C11: 844209983083635 | D11: 520002284455 | E11: LEX TH | F11: วรรณวนัช ของอร่อย (cakewanwanach.kps) | G11: จอมยุทธ | H11: บุตรศาสตร์ | I11: 63 | J11: ปฏิเสธ , ยกเลิก | O11: วรรณวนัช ไทยแลนด์ (chiffon.kps)
A12: 9 | B12: 243722 | C12: 841929823524925 | D12: LEXDO0097403963 | E12: LEX TH | F12: วรรณวนัช ของอร่อย (cakewanwanach.kps) | G12: ละอองดาว | H12: ศรีจันทร์ | I12: 57.2 | J12: ปฏิเสธ , ยกเลิก | O12: ของอร่อยกำแพงแสน (kahnomcake.lzd)
A13: 10 | B13: 243722 | C13: 844501526760650 | D13: LEXDO0096650640 | E13: LEX TH | F13: วรรณวนัช ของอร่อย (cakewanwanach.kps) | G13: สริตา | H13: บุญณะ | I13: 42.3 | J13: ติดต่อไม่ได้ , ไม่รับโทรศัพท์ | O13: ชิฟฟ่อน เบเกอรี่ (wanwanachcake)
A14: 11 | B14: 243725 | C14: 847552330734088 | D14: LEXPU0329822675 | E14: LEX TH | F14: วรรณวนัช เบเกอรี่ (ร้านที่ 1 ร้านหลัก) | G14: วลัยทิพย์ | H14: บุญเลิศ | I14: 105.19 | J14: ปฏิเสธ , ยกเลิก
A15: 12 | B15: 243725 | C15: 847656794714361 | D15: LEXPU0329819517 | E15: LEX TH | F15: วรรณวนัช เบเกอรี่ (ร้านที่ 1 ร้านหลัก) | G15: อรุณ | I15: 226.4 | J15: ติดต่อไม่ได้ , ไม่รับโทรศัพท์
A16: 13 | B16: 243725 | C16: 847504596276968 | D16: LEXPU0329487043 | E16: LEX TH | F16: วรรณวนัช เบเกอรี่ (ร้านที่ 1 ร้านหลัก) | G16: พิมลดา | I16: 107.08 | J16: ปฏิเสธ , ยกเลิก
A17: 14 | B17: 243725 | C17: 842140018988479 | D17: KERDO0123817791 | E17: LEX TH | F17: ชิฟฟ่อน เบเกอรี่ (wanwanachcake) | G17: ปาริตา | H17: ศรีนาค | I17: 440 | J17: ปฏิเสธ , ยกเลิก
A18: 15 | B18: 243725 | C18: 848688720893389 | D18: LEXPU0330569462 | E18: LEX TH | F18: วรรณวนัช เบเกอรี่ (ร้านที่ 1 ร้านหลัก) | G18: นันทภัศน์ | H18: เกียรติสูงเนิน | I18: 112.86 | J18: ติดต่อไม่ได้ , ไม่รับโทรศัพท์
A19: 16 | B19: 243727 | C19: 841550008596711 | D19: LEXDO0097259705 | E19: LEX TH | F19: วรรณวนัช ของอร่อย (cakewanwanach.kps) | G19: วริศรา | H19: แก้วระวัง | I19: 173.69 | J19: ติดต่อไม่ได้ , ไม่รับโทรศัพท์
A20: 17 | B20: 243727 | C20: 842779650298826 | D20: KERDO0123964822 | E20: LEX TH | F20: วรรณวนัช ของอร่อย (cakewanwanach.kps) | G20: ปิณฑิรา | H20: ชื่นภิรมย์ | I20: 75.47 | J20: ติดต่อไม่ได้ , ไม่รับโทรศัพท์
A21: 18 | B21: 243728 | C21: 840519464598466 | D21: TH01265FZ4KP4A0 | E21: Flash Express Thailand | F21: วรรณวนัช เบเกอรี่ (ร้านที่ 1 ร้านหลัก) | G21: ลักขณา | H21: ทองไชย | I21: 614.3 | J21: ปฏิเสธ , ยกเลิก | K21: เหตุผลของลูกค้า : รอจัดส่งนานเกินไป
A22: 19 | B22: 243737 | C22: 846528418405656 | D22: 846528418405656 | E22: LEX TH | F22: วรรณวนัช เบเกอรี่ (ร้านที่ 1 ร้านหลัก) | G22: ต้องพงศ์ | H22: พงษ์พานิช | I22: 71 | J22: ปฏิเสธ , ยกเลิก
A23: 20 | B23: 243737 | C23: 846136241824895 | D23: LEXPU0333008244 | E23: LEX TH | F23: วรรณวนัช เบเกอรี่ (ร้านที่ 1 ร้านหลัก) | G23: HAL | H23: หนองคาย | I23: 315.3 | J23: ปฏิเสธ , ยกเลิก | K23: เหตุผลของลูกค้า : รอจัดส่งนานเกินไป
A24: 21 | B24: 243738 | C24: 853369750764432 | D24: KERDO0124774064 | E24: LEX TH | F24: วรรณวนัช ของอร่อย (cakewanwanach.kps) | G24: พวงผกา | H24: พุฒหมื่น | I24: 179.9 | J24: ปฏิเสธ , ยกเลิก

Sheet Shopee
A1: รายการของตีกลับช่องทาง SHOPEE เดือนเมษายน 2567 | H1: รวม | I1: =SUBTOTAL(9,I4:I12000) -> 935 | J1: บาท
A2: ลำดับ | B2: วันที่ตีกลับ | C2: เลขที่ออเดอร์ | D2: เลขที่พัสดุ | E2: ผู้ให้บริการจัดส่ง | F2: ร้านค้า | G2: ชื่อลูกค้า | I2: ยอดคำสั่งซื้อ | J2: สาเหตุการตีกลับ | K2: หมายเหตุ | M2: หัวข้อการสาเหตุตีของกลับ | N2: ชื่อร้าน | O2: ชื่อขนส่ง
G3: ชื่อ | H3: นามสกุล
A4: 1 | B4: 243712 | C4: 240401K8HJY4C8 | D4: TH01515FEPX49B | E4: Flash Express Thailand | F4: ร้านที่ 1 | I4: 144 | J4: ปฏิเสธ , ยกเลิก | M4: ปฏิเสธ , ยกเลิก | N4: ร้านที่ 1 | O4: LEX TH
A5: 2 | B5: 243718 | C5: 240403PGRQMAR4 | D5: TH13035FK8HU7M | E5: Flash Express Thailand | F5: ร้านที่ 1 | I5: 252 | J5: ติดต่อไม่ได้ , ไม่รับโทรศัพท์ | M5: ติดต่อไม่ได้ , ไม่รับโทรศัพท์ | N5: ร้านที่ 2 | O5: Flash Express Thailand
A6: 3 | B6: 243719 | C6: 240401K16EFJWA | D6: TH01135FF7PS9C | E6: Flash Express Thailand | F6: ร้านที่ 1 | I6: 374 | J6: ติดต่อไม่ได้ , ไม่รับโทรศัพท์ | M6: ส่งของไปซ้ำ | O6: Kerry_dropoff
A7: 4 | B7: 243728 | C7: 2404086TM0ETKC | D7: 613618273833 | E7: J&T | F7: ร้านที่ 2 | I7: 165 | J7: ปฏิเสธ , ยกเลิก | M7: ลูกค้าแจ้งว่าไม่ได้สั่ง | O7: J&T
A9: ** NOTE | B9: ชื่อลูกค้า ไม่มีในข้อมูล Shopee

Sheet TikTok
A1: รายการของตีกลับช่องทาง TikTok เดือนเมษายน 2567 | H1: รวม | I1: =SUBTOTAL(9,I4:I12000) -> 7603.39 | J1: บาท
A2: ลำดับ | B2: วันที่ตีกลับ | C2: เลขที่ออเดอร์ | D2: เลขที่พัสดุ | E2: ผู้ให้บริการจัดส่ง | F2: ร้านค้า | G2: ชื่อลูกค้า | I2: ยอดคำสั่งซื้อ | J2: สาเหตุการตีกลับ | K2: หมายเหตุ | M2: หัวข้อการสาเหตุตีของกลับ | N2: ชื่อร้าน | O2: ชื่อขนส่ง
G3: ชื่อ | H3: นามสกุล
A4: 1 | B4: 243719 | C4: 578697080318035977 | D4: THT1503UVT4R4Z | E4: Flash Express Thailand | F4: วรรณวนัชเบเกอรี่ (พี่กุ๊ก) | I4: 72 | J4: ติดต่อไม่ได้ , ไม่รับโทรศัพท์ | M4: ปฏิเสธ , ยกเลิก | N4: วรรณวนัชเบเกอรี่ (พี่กุ๊ก) | O4: LEX TH
A5: 2 | B5: 243720 | C5: 578703045984946795 | D5: THT0119UZX018Z | E5: Flash Express Thailand | F5: วรรณวนัชเบเกอรี่ (พี่กุ๊ก) | I5: 100 | J5: ติดต่อไม่ได้ , ไม่รับโทรศัพท์ | M5: ติดต่อไม่ได้ , ไม่รับโทรศัพท์ | N5: วรรณวนัช เบเกอรี่ (แอม) | O5: Flash Express Thailand
A6: 3 | B6: 243721 | C6: 578701301455030344 | D6: 747313213846 | E6: J&T Express | F6: วรรณวนัชเบเกอรี่ (พี่กุ๊ก) | I6: 90 | J6: ติดต่อไม่ได้ , ไม่รับโทรศัพท์ | M6: ส่งของไปซ้ำ | N6: วรรณวนัช โรงงานจำหน่ายโดยตรง (นุ่น) | O6: Kerry_dropoff
A7: 4 | B7: 243721 | C7: 578693791527635461 | D7: 747343061312 | E7: J&T Express | F7: วรรณวนัชเบเกอรี่ (พี่กุ๊ก) | I7: 100 | J7: ติดต่อไม่ได้ , ไม่รับโทรศัพท์ | M7: ลูกค้าแจ้งว่าไม่ได้สั่ง | N7: ของฝากวรรณวนัช By:แอดอั้ม (อั้ม) | O7: J&T Express
A8: 5 | B8: 243721 | C8: 578703041497893157 | D8: 747355121800 | E8: J&T Express | F8: วรรณวนัชเบเกอรี่ (พี่กุ๊ก) | I8: 200 | J8: ปฏิเสธ , ยกเลิก | N8: ชิฟฟ่อนเค้กวรรณวนัช (พี่เอฟ)
A9: 6 | B9: 243721 | C9: 578701973508360780 | D9: 747364961744 | E9: J&T Express | F9: วรรณวนัชเบเกอรี่ (พี่กุ๊ก) | I9: 228 | J9: ปฏิเสธ , ยกเลิก
A10: 7 | B10: 243721 | C10: 578711378760992884 | D10: 747425179255 | E10: J&T Express | F10: วรรณวนัชเบเกอรี่ (พี่กุ๊ก) | I10: 200 | J10: ติดต่อไม่ได้ , ไม่รับโทรศัพท์
A11: 8 | B11: 243723 | C11: 578721687937649055 | D11: 747485405951 | E11: J&T Express | F11: วรรณวนัชเบเกอรี่ (พี่กุ๊ก) | I11: 141 | J11: ปฏิเสธ , ยกเลิก
A12: 9 | B12: 243723 | C12: 578723268271573593 | D12: 747487070960 | E12: J&T Express | F12: วรรณวนัชเบเกอรี่ (พี่กุ๊ก) | I12: 90 | J12: ปฏิเสธ , ยกเลิก
A13: 10 | B13: 243723 | C13: 578724456368801804 | D13: 747472744922 | E13: J&T Express | F13: วรรณวนัชเบเกอรี่ (พี่กุ๊ก) | I13: 50 | J13: ปฏิเสธ , ยกเลิก
A14: 11 | B14: 243723 | C14: 578723336836188761 | D14: 747448598820 | E14: J&T Express | F14: วรรณวนัชเบเกอรี่ (พี่กุ๊ก) | I14: 156 | J14: ปฏิเสธ , ยกเลิก
A15: 12 | B15: 243723 | C15: 578707516544289767 | D15: 747404953083 | E15: J&T Express | F15: วรรณวนัชเบเกอรี่ (พี่กุ๊ก) | I15: 55 | J15: ติดต่อไม่ได้ , ไม่รับโทรศัพท์
A16: 13 | B16: 243723 | C16: 578721110531410561 | D16: 747413399725 | E16: J&T Express | F16: วรรณวนัชเบเกอรี่ (พี่กุ๊ก) | I16: 136 | J16: ปฏิเสธ , ยกเลิก
A17: 14 | B17: 243723 | C17: 578723959789750687 | D17: 747433320911 | E17: J&T Express | F17: วรรณวนัชเบเกอรี่ (พี่กุ๊ก) | I17: 332 | J17: ติดต่อไม่ได้ , ไม่รับโทรศัพท์
A18: 15 | B18: 243723 | C18: 578721731481012639 | D18: 747440927811 | E18: J&T Express | F18: วรรณวนัชเบเกอรี่ (พี่กุ๊ก) | I18: 285 | J18: ปฏิเสธ , ยกเลิก
A19: 16 | B19: 243728 | C19: 578727329807370654 | D19: 747521188050 | E19: J&T Express | F19: วรรณวนัชเบเกอรี่ (พี่กุ๊ก) | I19: 90 | J19: ปฏิเสธ , ยกเลิก
A20: 17 | B20: 243728 | C20: 578723243831822372 | D20: 747482380890 | E20: J&T Express | F20: วรรณวนัชเบเกอรี่ (พี่กุ๊ก) | I20: 50 | J20: ปฏิเสธ , ยกเลิก
... A57: 54 | B57: 243737 | C57: 578760093806987336 | D57: 747673045545 | E57: J&T Express | F57: วรรณวนัชเบเกอรี่ (พี่กุ๊ก) | I57: 180 | J57: ปฏิเสธ , ยกเลิก
A58: 55 | B58: 243738 | C58: 57871511270353160 | J58: ปฏิเสธ , ยกเลิก
A66: ** NOTE | B66: ชื่อลูกค้า ไม่มีในข้อมูล TikTok

Sheet ไปรษณีย์
A1: รายการของตีกลับช่องทาง Facebook , Facebook Live , Line , Line OA (ไปรษณีย์) เดือนเมษายน 2567 | H1: รวม | I1: =SUBTOTAL(9,I4:I12000) -> 14211 | J1: บาท
A2: ลำดับ | B2: วันที่ตีกลับ | C2: เลขที่ออเดอร์ | D2: เลขที่พัสดุ | E2: ผู้ให้บริการจัดส่ง | F2: ร้านค้า | G2: ชื่อลูกค้า | I2: ยอดคำสั่งซื้อ | J2: สาเหตุการตีกลับ | K2: หมายเหตุ | M2: หัวข้อการสาเหตุตีของกลับ | N2: ร้านค้า | O2: ชื่อขนส่ง
G3: ชื่อ | H3: นามสกุล
A4: 1 | B4: 3/04/2567 | C4: CNV33 | D4: EA961105344TH | E4: ไปรษณีย์ไทย | F4: Facebook | G4: นางชบาไพร | H4: นามวิจิตร | I4: 430 | J4: ปฏิเสธ , ยกเลิก | M4: ปฏิเสธ , ยกเลิก | N4: Facebook | O4: LEX TH
A5: 2 | B5: 3/04/2567 | C5: CMU22 | D5: EA958897060TH | E5: ไปรษณีย์ไทย | F5: Facebook | G5: ปวีณา | H5: พงษ์เผือก | I5: 617 | J5: ติดต่อไม่ได้ , ไม่รับโทรศัพท์ | M5: ติดต่อไม่ได้ , ไม่รับโทรศัพท์ | N5: Facebook Live | O5: Flash Express Thailand
A6: 3 | B6: 3/04/2567 | C6: CNG29 | D6: EA960048230TH | E6: ไปรษณีย์ไทย | F6: Facebook | G6: สมชาย | H6: ฤาชา | I6: 180 | J6: ติดต่อไม่ได้ , ไม่รับโทรศัพท์ | M6: ส่งของไปซ้ำ | N6: Line | O6: Kerry_dropoff
A7: 4 | B7: 3/04/2567 | C7: CMX15 | D7: EA959395682TH | E7: ไปรษณีย์ไทย | F7: Facebook | G7: น.นา | I7: 219 | J7: ติดต่อไม่ได้ , ไม่รับโทรศัพท์ | M7: ลูกค้าแจ้งว่าไม่ได้สั่ง | N7: Line OA | O7: J&T Express
A8: 5 | B8: 3/04/2567 | C8: CNA89 | D8: EA959654387TH | E8: ไปรษณีย์ไทย | F8: Facebook | G8: เจษฎา | H8: วัฒนบุตร | I8: 180 | J8: ปฏิเสธ , ยกเลิก | M8: ลูกค้าตีกลับ เนื่องจาก มดขึ้นขนม ขนมมีรสฟาดเฟื่อน | N8: Phone | O8: ไปรษณีย์ไทย
A9: 6 | B9: 6/04/2567 | C9: CNG25 | D9: EA960048274TH | E9: ไปรษณีย์ไทย | F9: Facebook | G9: กาญจนา | H9: นาคเนื้อนิ่ม | I9: 180 | J9: ติดต่อไม่ได้ , ไม่รับโทรศัพท์
A10: 7 | B10: 6/04/2567 | C10: CNE94 | D10: EA960048036TH | E10: ไปรษณีย์ไทย | F10: Facebook | G10: น.ส.ชุติมา | H10: มีมานะ | I10: 180 | J10: ติดต่อไม่ได้ , ไม่รับโทรศัพท์
A11: 8 | B11: 6/04/2567 | C11: CNG43 | D11: EA960048212TH | E11: ไปรษณีย์ไทย | F11: Facebook | G11: นิค | I11: 180 | J11: ติดต่อไม่ได้ , ไม่รับโทรศัพท์
A12: 9 | B12: 6/04/2567 | C12: CNT16 | D12: EA960824361TH | E12: ไปรษณีย์ไทย | F12: Facebook | G12: ออย | I12: 180 | J12: ติดต่อไม่ได้ , ไม่รับโทรศัพท์
A13: 10 | B13: 6/04/2567 | C13: CNA54 | D13: EA959654360TH | E13: ไปรษณีย์ไทย | F13: Facebook | G13: น.ส.ยุวดี | H13: จันทะดา | I13: 180 | J13: ติดต่อไม่ได้ , ไม่รับโทรศัพท์
A14: 11 | B14: 6/04/2567 | C14: CNJ69 | D14: EA960224209TH | E14: ไปรษณีย์ไทย | F14: Facebook | G14: นิค | I14: 450 | J14: ติดต่อไม่ได้ , ไม่รับโทรศัพท์
A15: 12 | B15: 243722 | C15: COW73 | D15: EA963095021TH | E15: ไปรษณีย์ไทย | F15: Facebook | G15: อำพัน | H15: ดวงภักดี | I15: 180 | J15: ปฏิเสธ , ยกเลิก
A16: 13 | B16: 243722 | C16: CNT38 | D16: EA960824242TH | E16: ไปรษณีย์ไทย | F16: Facebook | G16: กิตติพงษ์ | H16: อาชาปราโมทย์ | I16: 330 | J16: ติดต่อไม่ได้ , ไม่รับโทรศัพท์
A17: 14 | B17: 243725 | C17: CPL6 | D17: (S) TH38055GBKC35E | E17: ไปรษณีย์ไทย | F17: Facebook | G17: สุพัตรา | H17: อุทัยกัน | I17: 180 | J17: ติดต่อไม่ได้ , ไม่รับโทรศัพท์
A18: 15 | B18: 243725 | C18: COW90 | D18: EA963094984TH | E18: ไปรษณีย์ไทย | F18: Facebook | G18: อุสา | I18: 180 | J18: ติดต่อไม่ได้ , ไม่รับโทรศัพท์
A19: 16 | B19: 243725 | C19: COR40 | D19: EA962926814TH | E19: ไปรษณีย์ไทย | F19: Facebook | G19: ปวีณา | H19: พงษ์เผือก | I19: 430 | J19: ติดต่อไม่ได้ , ไม่รับโทรศัพท์
A20: 17 | B20: 243725 | C20: CQB53 | D20: (S) TH61045GTZRR7E | E20: ไปรษณีย์ไทย | F20: Facebook | G20: ร.ต.สุชาติ | H20: คงถาวร | I20: 235 | J20: ติดต่อไม่ได้ , ไม่รับโทรศัพท์
A21: 18 | B21: 243727 | C21: CPY32 | D21: (S) TH28015GQYE36B | E21: ไปรษณีย์ไทย | F21: Facebook | G21: Phattaraphon | H21: Lerdsakul | I21: 2200 | J21: ลูกค้าตีกลับ เนื่องจาก มดขึ้นขนม ขนมมีรสฟาดเฟื่อน
A22: 19 | B22: 243727 | C22: CPY32 | D22: (S) TH28015GQYE30B | E22: ไปรษณีย์ไทย | F22: Facebook | G22: Phattaraphon | H22: Lerdsakul | I22: 2200 | J22: ลูกค้าตีกลับ เนื่องจาก มดขึ้นขนม ขนมมีรสฟาดเฟื่อน
A23: 20 | B23: 243727 | C23: CPY32 | D23: (S) TH28015GQYE26B | E23: ไปรษณีย์ไทย | F23: Facebook | G23: Phattaraphon | H23: Lerdsakul | I23: 2200 | J23: ลูกค้าตีกลับ เนื่องจาก มดขึ้นขนม ขนมมีรสฟาดเฟื่อน
A24: 21 | B24: 243727 | C24: CPY32 | D24: (S) TH28015GQYE24B | E24: ไปรษณีย์ไทย | F24: Facebook | G24: Phattaraphon | H24: Lerdsakul | I24: 2200 | J24: ลูกค้าตีกลับ เนื่องจาก มดขึ้นขนม ขนมมีรสฟาดเฟื่อน
A25: 22 | B25: 243732 | C25: COP84 | D25: EA964158598TH | E25: ไปรษณีย์ไทย | F25: Facebook | G25: ฐิติพร | H25: ลาดโฮม | I25: 180 | J25: ปฏิเสธ , ยกเลิก
A26: 23 | B26: 243737 | C26: CRF77 | D26: EA969823916TH | E26: ไปรษณีย์ไทย | F26: Facebook | G26: ณัฐธภา | H26: ปานสองคราม | I26: 120 | J26: ปฏิเสธ , ยกเลิก
A27: 24 | B27: 243738 | C27: CRK90 | D27: EA970106970TH | E27: ไปรษณีย์ไทย | F27: Facebook | G27: กันทิมา | H27: งานญาติ | I27: 80 | J27: ติดต่อไม่ได้ , ไม่รับโทรศัพท์
A28: 25 | B28: 243738 | C28: CRA45 | D28: EA969489000TH | E28: ไปรษณีย์ไทย | F28: Facebook | G28: โสวิญญา | H28: สุวรรณาพันธุ์ | I28: 120 | J28: ติดต่อไม่ได้ , ไม่รับโทรศัพท์
A29: 26 | B29: 243738 | C29: CRU81 | D29: EA970864484TH | E29: ไปรษณีย์ไทย | F29: Facebook | G29: หนึ่งฤทัย | H29: สมนึก | I29: 120 | J29: ปฏิเสธ , ยกเลิก
A30: 27 | B30: 243738 | C30: CSA50 | D30: EA971185917TH | E30: ไปรษณีย์ไทย | F30: Facebook | G30: พัทธนันท์ | H30: จันทร์นิ่ม | I30: 120 | J30: ติดต่อไม่ได้ , ไม่รับโทรศัพท์
A31: 28 | B31: 243738 | C31: CSO71 | D31: EA972086155TH | E31: ไปรษณีย์ไทย | F31: Facebook | G31: ณีรนุช | H31: ภิญโญธิติ | I31: 160 | J31: ปฏิเสธ , ยกเลิก

Sheet รายการสินค้าตีกลับ
A1: รายการสินค้าที่ตีกลับมารวมทุกช่องทางขายออนไลน์ เดือนเมษายน 2567
A2: วันที่ | B2: รายการ | AG2: ยอดรวม/วัน (ทุกรายการ)
B3: ชิฟฟอนแยกชิ้น | C3: ชิฟฟอน 8 ชิ้น | D3: ชิฟฟอน 4 ชิ้น | E3: ชิฟฟอนไส้แยม 6 ชิ้น | F3: ชิฟฟอนไส้แยม 3 ชิ้น | G3: เบาหวิว ล | H3: เบาหวิว ญ | I3: เปี๊ยะ ล | J3: เปี๊ยะโมจิ ล | K3: เปี๊ยะ ญ | L3: เปี๊ยะโมจิ ญ | M3: พายสัปปะรด | N3: คุกกี้เนย | O3: คุกกี้เนย 4 ชิ้น/กล่อง | P3: ปังกรอบคาราเมล | Q3: ปังเนยน้ำตาล | R3: ปังเนยนิ่ม กล่อง 2 ชิ้น | S3: ปังเนยนิ่ม กล่อง 3 ชิ้น | T3: ปังเนยนิ่มถุง5ชิ้น | U3: ปังสตรอบูล | V3: ปังไก่หยอง | W3: ปังทวิต | X3: ปังแถว | Y3: เปี๊ยะลาวา | Z3: คอนเฟล็ก | AA3: ไดฟูกุ | AB3: ปังเลเยอร์ | AC3: เมอแรงค์ | AD3: DIY | AE3: ครีมฮอนร์จัมโบ้ | AF3: ครีมฮอร์น
A4: 243709 | AG4: =SUM(B4:AF4) -> 0
A5: 243710 | AG5: =SUM(B5:AF5) -> 0
A6: 243711 | I6: 8 | AF6: 14 | AG6: =SUM(B6:AF6) -> 22
A7: 243712 | C7: 3 | X7: 2 | AG7: =SUM(B7:AF7) -> 5
A8: 243713 | AG8: =SUM(B8:AF8) -> 0
A9: 243714 | C9: 2 | E9: 1 | G9: 1 | X9: 4 | AF9: 18 | AG9: =SUM(B9:AF9) -> 26
A10: 243715 | AG10: =SUM(B10:AF10) -> 0
A11: 243716 | AG11: =SUM(B11:AF11) -> 0
A12: 243717 | AG12: =SUM(B12:AF12) -> 0
A13: 243718 | C13: 5 | E13: 1 | G13: 1 | X13: 6 | AF13: 1 | AG13: =SUM(B13:AF13) -> 14
A14: 243719 | E14: 4 | P14: 2 | X14: 6 | AF14: 2 | AG14: =SUM(B14:AF14) -> 14
A15: 243720 | AF15: 3 | AG15: =SUM(B15:AF15) -> 3
A16: 243721 | B16: 29 | X16: 2 | AF16: 15 | AG16: =SUM(B16:AF16) -> 46
A17: 243722 | X17: 4 | AF17: 9 | AG17: =SUM(B17:AF17) -> 13
A18: 243723 | B18: 20 | C18: 1 | G18: 2 | AF18: 12 | AG18: =SUM(B18:AF18) -> 35
A19: 243724 | AG19: =SUM(B19:AF19) -> 0
A20: 243725 | B20: 15 | C20: 2 | E20: 1 | G20: 19 | I20: 7 | AF20: 3 | AG20: =SUM(B20:AF20) -> 47
A21: 243726 | AG21: =SUM(B21:AF21) -> 0
A22: 243727 | B22: 805 | X22: 8 | AG22: =SUM(B22:AF22) -> 813
A23: 243728 | B23: 89 | E23: 3 | F23: 1 | I23: 1 | AF23: 15 | AG23: =SUM(B23:AF23) -> 109
A24: 243729 | AG24: =SUM(B24:AF24) -> 0
A25: 243730 | AG25: =SUM(B25:AF25) -> 0
A26: 243731 | AG26: =SUM(B26:AF26) -> 0
A27: 243732 | B27: 32 | E27: 1 | AF27: 39 | AG27: =SUM(B27:AF27) -> 72
A28: 243733 | AG28: =SUM(B28:AF28) -> 0
A29: 243734 | B29: 9 | E29: 2 | F29: 1 | R29: 1 | AF29: 27 | AG29: =SUM(B29:AF29) -> 40
A30: 243735 | AG30: =SUM(B30:AF30) -> 0
A31: 243736 | AG31: =SUM(B31:AF31) -> 0
A32: 243737 | C32: 1 | E32: 1 | G32: 5 | AF32: 3 | AG32: =SUM(B32:AF32) -> 10
A33: 243738 | G33: 10 | X33: 6 | AF33: 3 | AG33: =SUM(B33:AF33) -> 19
A34: ยอดรวมทั้งเดือน | B34: =SUM(B4:B33) -> 999 | C34: =SUM(C4:C33) -> 14 | D34: =SUM(D4:D33) -> 0 | E34: =SUM(E4:E33) -> 14 | F34: =SUM(F4:F33) -> 2 | G34: =SUM(G4:G33) -> 38 | H34: =SUM(H4:H33) -> 0 | I34: =SUM(I4:I33) -> 16 | ... AF34: =SUM(AF4:AF33) -> 164 | AG34: =SUM(B34:AF34) -> 1288
