Workbook

Sheet สรุป
A1: สรุปรายการของตีกลับของช่องทางออนไลน์ เดือนมิถุนายน 2567
A2: แพลตฟอร์ม | B2: สาเหตุการตีกลับ | L2: รวม | M2: ยอดเงิน
B3: ปฏิเสธ , ยกเลิก | D3: ติดต่อไม่ได้ , ไม่รับโทรศัพท์ | F3: ส่งของไปซ้ำ | H3: เกินเวลานัดส่งพัสดุ | J3: ลูกค้าตีกลับ เนื่องจาก มดขึ้นขนม ขนมมีรสฟาดเฟื่อน
B4: จำนวนออเดอร์ | C4: ยอดขาย | D4: จำนวนออเดอร์ | E4: ยอดขาย | F4: จำนวนออเดอร์ | G4: ยอดขาย | H4: จำนวนออเดอร์ | I4: ยอดขาย | J4: จำนวนออเดอร์ | K4: ยอดขาย
A5: Lazada | B5: 12 | C5: 1422.97 | D5: 3 | E5: 315.33 | F5: 4 | G5: 557.71 | H5: 0 | I5: 0 | J5: 0 | K5: 0 | L5: =+B5+D5+F5+H5+J5 -> 19 | M5: =+C5+E5+G5+I5+K5 -> 2296.01
A6: Shopee | B6: 4 | C6: 309 | D6: 1 | E6: 100 | F6: 0 | G6: 0 | H6: 0 | I6: 0 | J6: 0 | K6: 0 | L6: =+B6+D6+F6+H6+J6 -> 5 | M6: =+C6+E6+G6+I6+K6 -> 409
A7: TikTok | B7: 32 | C7: 7071 | D7: 7 | E7: 1435 | F7: 0 | G7: 0 | H7: 4 | I7: 586 | J7: 0 | K7: 0 | L7: =+B7+D7+F7+H7+J7 -> 43 | M7: =+C7+E7+G7+I7+K7 -> 9092
A8: Facebook , Facebook Live , Line , Line OA (ไปรษณีย์) | B8: 14 | C8: 2984 | D8: 9 | E8: 3973 | F8: 3 | G8: 687 | H8: 0 | I8: 0 | J8: 0 | K8: 0 | L8: =+B8+D8+F8+H8+J8 -> 26 | M8: =+C8+E8+G8+I8+K8 -> 7644
A9: ยอมรวมทั้งหมด | B9: =SUM(B5:B8) -> 62 | C9: =SUM(C5:C8) -> 11786.97 | D9: =SUM(D5:D8) -> 20 | E9: =SUM(E5:E8) -> 5823.33 | F9: =SUM(F5:F8) -> 7 | G9: =SUM(G5:G8) -> 1244.71 | H9: =SUM(H5:H8) -> 4 | I9: =SUM(I5:I8) -> 586 | ... M9: =SUM(M5:M8) -> 19441.01 | N9: บาท

Sheet สรุปรายการสินค้า
A1: สรุปรายการสินค้าที่ตีกลับมารวมทุกช่องทางขายออนไลน์ เดือนมิถุนายน 2567
A2: ลำดับ | B2: รายการ | C2: จำนวน | D2: หมายเหตุ
A3: 1 | B3: ชิฟฟอนแยกชิ้น | C3: =+รายการสินค้าตีกลับ!B35 -> 130
A4: 2 | B4: ชิฟฟอน 8 ชิ้น | C4: =+รายการสินค้าตีกลับ!C35 -> 18
A5: 3 | B5: ชิฟฟอน 4 ชิ้น | C5: =+รายการสินค้าตีกลับ!D35 -> 2
A6: 4 | B6: ชิฟฟอนไส้แยม 6 ชิ้น | C6: =+รายการสินค้าตีกลับ!E35 -> 2
A7: 5 | B7: ชิฟฟอนไส้แยม 3 ชิ้น | C7: =+รายการสินค้าตีกลับ!F35 -> 0
A8: 6 | B8: เบาหวิว ล | C8: =+รายการสินค้าตีกลับ!G35 -> 41
A9: 7 | B9: เบาหวิว ญ | C9: =+รายการสินค้าตีกลับ!H35 -> 9
A10: 8 | B10: เปี๊ยะ ล | C10: =+รายการสินค้าตีกลับ!I35 -> 253
A11: 9 | B11: เปี๊ยะโมจิ ล | C11: =+รายการสินค้าตีกลับ!J35 -> 0
A12: 10 | B12: เปี๊ยะ ญ | C12: =+รายการสินค้าตีกลับ!K35 -> 0
A13: 11 | B13: เปี๊ยะโมจิ ญ | C13: =+รายการสินค้าตีกลับ!L35 -> 0
A14: 12 | B14: พายสัปปะรด | C14: =+รายการสินค้าตีกลับ!M35 -> 0
A15: 13 | B15: คุกกี้เนย | C15: =+รายการสินค้าตีกลับ!N35 -> 4
A16: 14 | B16: คุกกี้เนย 4 ชิ้น/กล่อง | C16: =+รายการสินค้าตีกลับ!O35 -> 0
A17: 15 | B17: ปังกรอบคาราเมล | C17: =+รายการสินค้าตีกลับ!P35 -> 0
A18: 16 | B18: ปังเนยน้ำตาล | C18: =+รายการสินค้าตีกลับ!Q35 -> 0
A19: 17 | B19: ปังเนยนิ่ม กล่อง 2 ชิ้น | C19: =+รายการสินค้าตีกลับ!R35 -> 0
A20: 18 | B20: ปังเนยนิ่ม กล่อง 3 ชิ้น | C20: =+รายการสินค้าตีกลับ!S35 -> 0
A21: 19 | B21: ปังเนยนิ่มถุง5ชิ้น | C21: =+รายการสินค้าตีกลับ!T35 -> 0
A22: 20 | B22: ปังสตรอบูล | C22: =+รายการสินค้าตีกลับ!U35 -> 0
A23: 21 | B23: ปังไก่หยอง | C23: =+รายการสินค้าตีกลับ!V35 -> 0
A24: 22 | B24: ปังทวิต | C24: =+รายการสินค้าตีกลับ!W35 -> 0
A25: 23 | B25: ปังแถว | C25: =+รายการสินค้าตีกลับ!Y35 -> 29
A26: 24 | B26: เปี๊ยะลาวา | C26: =+รายการสินค้าตีกลับ!Z35 -> 0
A27: 25 | B27: คอนเฟล็ก | C27: =+รายการสินค้าตีกลับ!AA35 -> 0
A28: 26 | B28: ไดฟูกุ | C28: =+รายการสินค้าตีกลับ!AB35 -> 0
A29: 27 | B29: ปังเลเยอร์ | C29: =+รายการสินค้าตีกลับ!AC35 -> 0
A30: 28 | B30: เมอแรงค์ | C30: =+รายการสินค้าตีกลับ!AD35 -> 0
A31: 29 | B31: ท๊อฟฟี่ถั่ว กล่อง | C31: =+รายการสินค้าตีกลับ!AE35 -> 3
A32: 30 | B32: ครีมฮอนร์จัมโบ้ | C32: =+รายการสินค้าตีกลับ!AF35 -> 0
A33: 31 | B33: ครีมฮอร์น | C33: =+รายการสินค้าตีกลับ!AG35 -> 138
B34: ยอดรวม | C34: =SUM(C3:C33) -> 629 | D34: ชิ้น

Sheet Lazada
A1: รายการของตีกลับช่องทาง LAZADA เดือนมิถุนายน 2567
A2: ลำดับ | B2: วันที่ตีกลับ | C2: เลขที่ออเดอร์ | D2: เลขที่พัสดุ | E2: ผู้ให้บริการจัดส่ง | F2: ร้านค้า | G2: ชื่อลูกค้า | I2: ยอดคำสั่งซื้อ | J2: สาเหตุการตีกลับ | K2: หมายเหตุ | N2: หัวข้อการสาเหตุตีของกลับ | O2: ชื่อร้าน | P2: ชื่อขนส่ง
G3: ชื่อ
A4: 1 | B4: 243773 | C4: 863960395870100 | D4: LEXPU0344454098 | E4: LEX TH | F4: วรรณวนัช เบเกอรี่ (ร้านที่ 1 ร้านหลัก) | G4: เดชา | H4: ช่วงโชติ | I4: 78.3 | J4: ปฏิเสธ , ยกเลิก | N4: ปฏิเสธ , ยกเลิก | O4: วรรณวนัช เบเกอรี่ (ร้านที่ 1 ร้านหลัก) | P4: LEX TH
A5: 2 | B5: 243773 | C5: 866659792948262 | D5: LEXPU0347011239 | E5: LEX TH | F5: วรรณวนัช เบเกอรี่ (ร้านที่ 1 ร้านหลัก) | G5: ใบเตย | I5: 89.7 | J5: ส่งของไปซ้ำ | N5: ติดต่อไม่ได้ , ไม่รับโทรศัพท์ | O5: ของฝากวรรณวนัช (cakewanwanach.lzd) | P5: Flash Express Thailand
A6: 3 | B6: 243773 | C6: 863265731164319 | D6: KERDO0126378837 | E6: LEX TH | F6: ชิฟฟ่อน กำแพงแสน (chiffonk.kps) | G6: สำรวย | H6: ครองบุญ | I6: 84.07 | J6: ติดต่อไม่ได้ , ไม่รับโทรศัพท์ | N6: ส่งของไปซ้ำ | O6: วรรณวนัช ชิฟฟ่อน (chiffonlazada) | P6: Kerry_dropoff
A7: 4 | B7: 243773 | C7: 867132103839447 | D7: LEXPU0347314941 | E7: LEX TH | F7: วรรณวนัช เบเกอรี่ (ร้านที่ 1 ร้านหลัก) | G7: อรนุชา | H7: จันทรจุลเจิม | I7: 234.89 | J7: ปฏิเสธ , ยกเลิก | N7: ลูกค้าแจ้งว่าไม่ได้สั่ง | O7: วรรณวนัช (0944831646)
A8: 5 | B8: 243774 | C8: 867890317500310 | D8: LEXPU0347913995 | E8: LEX TH | F8: วรรณวนัช เบเกอรี่ (ร้านที่ 1 ร้านหลัก) | G8: วณีภรณ์ | H8: งามพจนวงศ์ | I8: 16.51 | J8: ปฏิเสธ , ยกเลิก | O8: ชิฟฟ่อน กำแพงแสน (chiffonk.kps)
A9: 6 | B9: 243774 | C9: 867877157000310 | D9: LEXPU0347836905 | E9: LEX TH | F9: วรรณวนัช เบเกอรี่ (ร้านที่ 1 ร้านหลัก) | G9: วณีภรณ์ | H9: งามพจนวงศ์ | I9: 81.86 | J9: ส่งของไปซ้ำ | O9: วรรณวนัช ของอร่อย (cakewanwanach.kps)
A10: 7 | B10: 243774 | C10: 863585037880605 | D10: KERDO0127346733 | E10: LEX TH | F10: ชิฟฟ่อน กำแพงแสน (chiffonk.kps) | G10: รัชดาถร | H10: วุฒิชัยธนากร | I10: 129.56 | J10: ปฏิเสธ , ยกเลิก | O10: ของฝาก นครปฐม (khongfhak.kps)
A11: 8 | B11: 243774 | C11: 865646789488273 | D11: LEXPU0346331092 | E11: LEX TH | F11: วรรณวนัช เบเกอรี่ (ร้านที่ 1 ร้านหลัก) | G11: สุฑามาศ | I11: 241.34 | J11: ส่งของไปซ้ำ | O11: วรรณวนัช ไทยแลนด์ (chiffon.kps)
A12: 9 | B12: 243775 | C12: 869604542719234 | D12: LEXPU0349816026 | E12: LEX TH | F12: วรรณวนัช เบเกอรี่ (ร้านที่ 1 ร้านหลัก) | G12: จรรยวรรน์ | H12: เทียมจันทึก | I12: 144.81 | J12: ส่งของไปซ้ำ | O12: ของอร่อยกำแพงแสน (kahnomcake.lzd)
A13: 10 | B13: 243775 | C13: 865636669778685 | D13: LEXPU0350629166 | E13: LEX TH | F13: วรรณวนัช เบเกอรี่ (ร้านที่ 1 ร้านหลัก) | G13: ดวงจันทร์ | H13: วงศ์สองสัตย์ | I13: 110.8 | J13: ปฏิเสธ , ยกเลิก | O13: ชิฟฟ่อน เบเกอรี่ (wanwanachcake)
A14: 11 | B14: 243782 | C14: 864862202660561 | D14: LEXPU0350116831 | E14: LEX TH | F14: วรรณวนัช เบเกอรี่ (ร้านที่ 1 ร้านหลัก) | G14: สุพรรณี | H14: นาคสุทธิ์ | I14: 133.6 | J14: ปฏิเสธ , ยกเลิก
A15: 12 | B15: 243786 | C15: 871321133797550 | D15: LEXDO0102839109 | E15: LEX TH | F15: ชิฟฟ่อน กำแพงแสน (chiffonk.kps) | G15: นภพร | H15: ทองอ่อม | I15: 44 | J15: ปฏิเสธ , ยกเลิก
A16: 13 | B16: 243786 | C16: 868828093200214 | D16: LEXDO0103721349 | E16: LEX TH | F16: วรรณวนัช ของอร่อย (cakewanwanach.kps) | G16: เบลชู | I16: 164.29 | J16: ติดต่อไม่ได้ , ไม่รับโทรศัพท์
A17: 14 | B17: 243786 | C17: 877409511896861 | D17: LEXPU0356547139 | E17: LEX TH | F17: วรรณวนัช เบเกอรี่ (ร้านที่ 1 ร้านหลัก) | G17: famiwn | H17: akmsx | I17: 66.97 | J17: ติดต่อไม่ได้ , ไม่รับโทรศัพท์
A18: 15 | B18: 243789 | C18: 861460868886158 | D18: LEXPU0347893713 | E18: LEX TH | F18: วรรณวนัช เบเกอรี่ (ร้านที่ 1 ร้านหลัก) | G18: สถาพร | H18: วิชชุเมธาลักษณ์ | I18: 48.37 | J18: ปฏิเสธ , ยกเลิก
A19: 16 | B19: 243793 | C19: 877223505522201 | D19: LEXPU0356540000 | E19: LEX TH | F19: วรรณวนัช เบเกอรี่ (ร้านที่ 1 ร้านหลัก) | G19: สุธินี | H19: ดอนสม | I19: 113.56 | J19: ปฏิเสธ , ยกเลิก
A20: 17 | B20: 243794 | C20: 871376047768937 | D20: KERDO0128498182 | E20: LEX TH | F20: วรรณวนัช ของอร่อย (cakewanwanach.kps) | G20: อดิเทพ | H20: ศรีวิเวก | I20: 105.28 | J20: ปฏิเสธ , ยกเลิก
A21: 18 | B21: 243794 | C21: 876151195456497 | D21: KERDO0128362720 | E21: LEX TH | F21: วรรณวนัช ของอร่อย (cakewanwanach.kps) | G21: ฐิติพ้ฒน์ | H21: สุจิตธรรม | I21: 264.5 | J21: ปฏิเสธ , ยกเลิก
A22: 19 | B22: 243799 | C22: 879637193304237 | D22: LEXPU0358951265 | E22: LEX TH | F22: วรรณวนัช เบเกอรี่ (ร้านที่ 1 ร้านหลัก) | G22: ขวัญยุภา | H22: พรมวงศ์ | I22: 143.6 | J22: ปฏิเสธ , ยกเลิก
H23: รวม | I23: =SUM(I4:I22) -> 2296.01 | J23: บาท

Sheet Shopee
A1: รายการของตีกลับช่องทาง SHOPEEเดือนมิถุนายน 2567
A2: ลำดับ | B2: วันที่ตีกลับ | C2: เลขที่ออเดอร์ | D2: เลขที่พัสดุ | E2: ผู้ให้บริการจัดส่ง | F2: ร้านค้า | G2: ชื่อลูกค้า | I2: ยอดคำสั่งซื้อ | J2: สาเหตุการตีกลับ | K2: หมายเหตุ | M2: หัวข้อการสาเหตุตีของกลับ | N2: ชื่อร้าน | O2: ชื่อขนส่ง
G3: ชื่อ | H3: นามสกุล
A4: 1 | B4: 243773 | C4: 240520RXB5VXGF | D4: TH42155NPY6X8C | E4: Flash Express | F4: ร้านที่ 1 | I4: 100 | J4: ติดต่อไม่ได้ , ไม่รับโทรศัพท์ | M4: ปฏิเสธ , ยกเลิก | N4: ร้านที่ 1 | O4: LEX TH
A5: 2 | B5: 243782 | C5: 240529KGCFVGG1 | D5: TH2468815725527 | E5: SPX Express | F5: ร้านที่ 1 | I5: 80 | J5: ปฏิเสธ , ยกเลิก | M5: ติดต่อไม่ได้ , ไม่รับโทรศัพท์ | N5: ร้านที่ 2 | O5: Flash Express Thailand
A6: 3 | B6: 243786 | C6: 2406057BQ21H7S | D6: TH244640212720Y | E6: SPX Express | F6: ร้านที่ 1 | I6: 105 | J6: ปฏิเสธ , ยกเลิก | M6: ส่งของไปซ้ำ | O6: Kerry_dropoff
A7: 4 | B7: 243786 | C7: 240607BECYHQMM | D7: TH2412634882239 | E7: SPX Express | F7: ร้านที่ 1 | I7: 51 | J7: ปฏิเสธ , ยกเลิก | M7: ลูกค้าแจ้งว่าไม่ได้สั่ง | O7: J&T
A8: 5 | B8: 243799 | C8: 240624TQXR7863 | D8: TH240210442994E | E8: SPX Express | F8: ร้านที่ 1 | I8: 73 | J8: ปฏิเสธ , ยกเลิก | O8: SPX Express
H9: รวม | I9: =SUM(I4:I8) -> 409 | J9: บาท
A10: ** NOTE | B10: ชื่อลูกค้า ไม่มีในข้อมูล Shopee

Sheet TikTok
A1: รายการของตีกลับช่องทาง TikTok เดือนมิถุนายน 2567
A2: ลำดับ | B2: วันที่ตีกลับ | C2: เลขที่ออเดอร์ | D2: เลขที่พัสดุ | E2: ผู้ให้บริการจัดส่ง | F2: ร้านค้า | G2: ชื่อลูกค้า | I2: ยอดคำสั่งซื้อ | J2: สาเหตุการตีกลับ | K2: หมายเหตุ | M2: หัวข้อการสาเหตุตีของกลับ | N2: ชื่อร้าน | O2: ชื่อขนส่ง
G3: ชื่อ | H3: นามสกุล
A4: 1 | B4: 243773 | C4: 578871564368185944 | D4: THT7303Y5Z3Q9Z | E4: Flash Express Thailand | F4: วรรณวนัชเบเกอรี่ (พี่กุ๊ก) | I4: 216 | J4: ปฏิเสธ , ยกเลิก | M4: ปฏิเสธ , ยกเลิก | N4: วรรณวนัชเบเกอรี่ (พี่กุ๊ก) | O4: LEX TH
A5: 2 | B5: 243773 | C5: 578848838073420205 | D5: THT3101XPJ2M2Z | E5: Flash Express Thailand | F5: วรรณวนัชเบเกอรี่ (พี่กุ๊ก) | I5: 174 | J5: ปฏิเสธ , ยกเลิก | M5: ติดต่อไม่ได้ , ไม่รับโทรศัพท์ | N5: วรรณวนัช เบเกอรี่ (แอม) | O5: Flash Express Thailand
A6: 3 | B6: 243773 | C6: 578872343416375896 | D6: THT7303Y5Z067Z | E6: Flash Express Thailand | F6: วรรณวนัชเบเกอรี่ (พี่กุ๊ก) | I6: 217 | J6: ปฏิเสธ , ยกเลิก | M6: ส่งของไปซ้ำ | N6: วรรณวนัช โรงงานจำหน่ายโดยตรง (นุ่น) | O6: Kerry_dropoff
A7: 4 | B7: 243774 | C7: 578866804019071616 | D7: 748138755722 | E7: J&T Express | F7: วรรณวนัชเบเกอรี่ (พี่กุ๊ก) | I7: 500 | J7: ปฏิเสธ , ยกเลิก | M7: ลูกค้าแจ้งว่าไม่ได้สั่ง | N7: ของฝากวรรณวนัช By:แอดอั้ม (อั้ม) | O7: J&T Express
A8: 5 | B8: 243774 | C8: 578891165023832341 | D8: THT4105YH3S42Z | E8: Flash Express Thailand | F8: วรรณวนัชเบเกอรี่ (พี่กุ๊ก) | I8: 116 | J8: ปฏิเสธ , ยกเลิก | M8: เกินเวลานัดรับพัสดุ | N8: ชิฟฟ่อนเค้กวรรณวนัช (พี่เอฟ)
A9: 6 | B9: 243779 | C9: 578831361005882114 | D9: 748010148023 | E9: J&T Express | F9: วรรณวนัชเบเกอรี่ (พี่กุ๊ก) | I9: 58 | J9: ปฏิเสธ , ยกเลิก
A10: 7 | B10: 243779 | C10: 578894801628334272 | D10: 748385700171 | E10: J&T Express | F10: วรรณวนัชเบเกอรี่ (พี่กุ๊ก) | I10: 201 | J10: ปฏิเสธ , ยกเลิก
A11: 8 | B11: 243779 | C11: 578820577371523717 | D11: 747960668582 | E11: J&T Express | F11: วรรณวนัชเบเกอรี่ (พี่กุ๊ก) | I11: 66 | J11: ปฏิเสธ , ยกเลิก
A12: 9 | B12: 243779 | C12: 578900255229643498 | D12: 748388878495 | E12: J&T Express | F12: วรรณวนัชเบเกอรี่ (พี่กุ๊ก) | I12: 154 | J12: ปฏิเสธ , ยกเลิก
A13: 10 | B13: 243779 | C13: 578895848002456331 | D13: 748389164121 | E13: J&T Express | F13: วรรณวนัชเบเกอรี่ (พี่กุ๊ก) | I13: 207 | J13: ติดต่อไม่ได้ , ไม่รับโทรศัพท์
A14: 11 | B14: 243779 | C14: 578886461907176149 | D14: 748276500786 | E14: J&T Express | F14: วรรณวนัชเบเกอรี่ (พี่กุ๊ก) | I14: 150 | J14: เกินเวลานัดรับพัสดุ
A15: 12 | B15: 243779 | C15: 578880963929540978 | D15: 748278626524 | E15: J&T Express | F15: วรรณวนัชเบเกอรี่ (พี่กุ๊ก) | I15: 366 | J15: ปฏิเสธ , ยกเลิก
A16: 13 | B16: 243779 | C16: 578872530858838502 | D16: 748242537011 | E16: J&T Express | F16: วรรณวนัชเบเกอรี่ (พี่กุ๊ก) | I16: 106 | J16: ติดต่อไม่ได้ , ไม่รับโทรศัพท์
A17: 14 | B17: 243779 | C17: 578882139569621583 | D17: 748240795433 | E17: J&T Express | F17: วรรณวนัชเบเกอรี่ (พี่กุ๊ก) | I17: 200 | J17: ปฏิเสธ , ยกเลิก
A18: 15 | B18: 243779 | C18: 578873987392506024 | D18: 748260797071 | E18: J&T Express | F18: วรรณวนัชเบเกอรี่ (พี่กุ๊ก) | I18: 480 | J18: ปฏิเสธ , ยกเลิก
A19: 16 | B19: 243779 | C19: 578902814509664832 | D19: 750046018035 | E19: J&T Express | F19: วรรณวนัชเบเกอรี่ (พี่กุ๊ก) | I19: 475 | J19: ปฏิเสธ , ยกเลิก
A20: 17 | B20: 243779 | C20: 578875303219661710 | D20: 748258957176 | E20: J&T Express | F20: วรรณวนัชเบเกอรี่ (พี่กุ๊ก) | I20: 235 | J20: ติดต่อไม่ได้ , ไม่รับโทรศัพท์
... A46: 43 | B46: 243794 | C46: 578934072346773799 | D46: THT6703ZDEJ69Z | E46: Flash Express Thailand | F46: วรรณวนัชเบเกอรี่ (พี่กุ๊ก) | I46: 206 | J46: ปฏิเสธ , ยกเลิก
H47: รวม | I47: =SUM(I4:I46) -> 9092 | J47: บาท
A54: ** NOTE | B54: ชื่อลูกค้า ไม่มีในข้อมูล TikTok

Sheet ไปรษณีย์
A1: รายการของตีกลับช่องทาง Facebook , Facebook Live , Line , Line OA (ไปรษณีย์) เดือนมิถุนายน 2567
A2: ลำดับ | B2: วันที่ตีกลับ | C2: เลขที่ออเดอร์ | D2: เลขที่พัสดุ | E2: ผู้ให้บริการจัดส่ง | F2: ร้านค้า | G2: ชื่อลูกค้า | I2: ยอดคำสั่งซื้อ | J2: สาเหตุการตีกลับ | K2: หมายเหตุ | M2: หัวข้อการสาเหตุตีของกลับ | N2: ร้านค้า | O2: ชื่อขนส่ง
G3: ชื่อ
A4: 1 | B4: 5/06/2567 | C4: CZI2 | D4: EA981401876TH | E4: ไปรษณีย์ไทย | F4: Facebook | G4: ภูวณัฏฐ์ | I4: 130 | J4: ปฏิเสธ , ยกเลิก | M4: ปฏิเสธ , ยกเลิก | N4: Facebook | O4: LEX TH
A5: 2 | B5: 5/06/2567 | C5: หาข้อมูลในระบบไม่พบ | D5: EB691835281TH | E5: ไปรษณีย์ไทย | F5: Facebook | G5: ปาริชาต | H5: นุชเทียน | J5: ติดต่อไม่ได้ , ไม่รับโทรศัพท์ | M5: ติดต่อไม่ได้ , ไม่รับโทรศัพท์ | N5: Facebook Live | O5: Flash Express Thailand
A6: 3 | B6: 13/06/2567 | C6: DAT34 | D6: EA983714364TH | E6: ไปรษณีย์ไทย | F6: Facebook | G6: ภูวณัฏฐ์ | I6: 2155 | J6: ติดต่อไม่ได้ , ไม่รับโทรศัพท์ | M6: ส่งของไปซ้ำ | N6: Line | O6: Kerry_dropoff
A7: 4 | B7: 13/06/2567 | C7: CZM32 | D7: EA984333680TH | E7: ไปรษณีย์ไทย | F7: Facebook | G7: สมจิตร | H7: เป็กธนู | I7: 300 | J7: ติดต่อไม่ได้ , ไม่รับโทรศัพท์ | M7: ลูกค้าแจ้งว่าไม่ได้สั่ง | N7: Line OA | O7: J&T Express
A8: 5 | B8: 13/06/2567 | C8: CZP75 | D8: EA984334040TH | E8: ไปรษณีย์ไทย | F8: Facebook | G8: อัสมาภรณ์ | H8: ศรีวิชัย | I8: 130 | J8: ปฏิเสธ , ยกเลิก | M8: ลูกค้าตีกลับ เนื่องจาก มดขึ้นขนม ขนมมีรสฟาดเฟื่อน | N8: Phone | O8: ไปรษณีย์ไทย
A9: 6 | B9: 14/06/2567 | C9: CZX52 | D9: EA985080783TH | E9: ไปรษณีย์ไทย | F9: Facebook | G9: กัณฐิกา | H9: จันทร์เพชร | I9: 229 | J9: ส่งของไปซ้ำ
A10: 7 | B10: 14/06/2567 | C10: DAD23 | D10: EA985081885TH | E10: ไปรษณีย์ไทย | F10: Facebook | G10: นางธีระนุช | H10: กันทะอุุโมงค์ | I10: 229 | J10: ส่งของไปซ้ำ
A11: 8 | B11: 14/06/2567 | C11: CZX51 | D11: EA985080770TH | E11: ไปรษณีย์ไทย | F11: Facebook | G11: วรมน | H11: สุขะเทศักดิ์ | I11: 229 | J11: ส่งของไปซ้ำ
A12: 9 | B12: 17/06/2567 | C12: DAD32 | D12: EA985081894TH | E12: ไปรษณีย์ไทย | F12: Facebook | G12: กุสุมา | H12: มาร์ติน | I12: 229 | J12: ติดต่อไม่ได้ , ไม่รับโทรศัพท์
A13: 10 | B13: 17/06/2567 | C13: DAA53 | D13: EA985081599TH | E13: ไปรษณีย์ไทย | F13: Facebook | G13: อัมภาวรรณ | H13: ดำริกล้า | I13: 180 | J13: ปฏิเสธ , ยกเลิก
A14: 11 | B14: 20/06/2567 | C14: DAK78 | D14: EA985741019TH | E14: ไปรษณีย์ไทย | F14: Facebook | G14: วรรณา | H14: พิมพ์ใหม่ | I14: 280 | J14: ปฏิเสธ , ยกเลิก
A15: 12 | B15: 20/06/2567 | C15: CZG82 | D15: EA983714316TH | E15: ไปรษณีย์ไทย | F15: Facebook | G15: นริศรา | H15: มรรคหาผล | I15: 180 | J15: ติดต่อไม่ได้ , ไม่รับโทรศัพท์
A16: 13 | B16: 20/06/2567 | C16: CZG17 | D16: EA983725870TH | E16: ไปรษณีย์ไทย | F16: Facebook | G16: นางสาวจารุกัญญ์ | H16: กำลังศิลป์ | I16: 180 | J16: ปฏิเสธ , ยกเลิก
A17: 14 | B17: 20/06/2567 | C17: DAV96 | D17: EA986321185TH | E17: ไปรษณีย์ไทย | F17: Facebook | G17: ธมนวรรณ | I17: 130 | J17: ปฏิเสธ , ยกเลิก
A18: 15 | B18: 20/06/2567 | C18: CZX78 | D18: EA984892542TH | E18: ไปรษณีย์ไทย | F18: Facebook | G18: ปารีณา | H18: มัชฐารักษ์ | I18: 260 | J18: ติดต่อไม่ได้ , ไม่รับโทรศัพท์
A19: 16 | B19: 20/06/2567 | C19: CZR81 | D19: EA984614036TH | E19: ไปรษณีย์ไทย | F19: Facebook | G19: นิภาพร | H19: เกษแสนสี | I19: 200 | J19: ปฏิเสธ , ยกเลิก
A20: 17 | B20: 20/06/2567 | C20: CZX75 | D20: EA984892508TH | E20: ไปรษณีย์ไทย | F20: Facebook | G20: ภัทราภรณ์ | H20: ทินาทิน | I20: 430 | J20: ปฏิเสธ , ยกเลิก
A21: 18 | B21: 243793 | C21: DBM71 | D21: EA987228181TH | E21: ไปรษณีย์ไทย | F21: Facebook | G21: บุญเชิด | H21: วงศ์อว่ม | I21: 200 | J21: ปฏิเสธ , ยกเลิก
A22: 19 | B22: 243793 | C22: DBF43 | D22: EA986845593TH | E22: ไปรษณีย์ไทย | F22: Facebook | G22: อังสุมา | H22: สมตัว | I22: 180 | J22: ติดต่อไม่ได้ , ไม่รับโทรศัพท์
A23: 20 | B23: 243793 | C23: DAF90 | D23: EA985385309TH | E23: ไปรษณีย์ไทย | F23: Facebook | G23: น.ส. อัจฉรา | H23: จันทร์แดง | I23: 130 | J23: ปฏิเสธ , ยกเลิก
A24: 21 | B24: 243793 | C24: DAF947 | D24: JB004157539TH | E24: ไปรษณีย์ไทย | F24: Facebook | G24: เกวลี | H24: ฤทธิ์สีบุญ | I24: 559 | J24: ปฏิเสธ , ยกเลิก
A25: 22 | B25: 243794 | C25: DBV28 | D25: EA988104492TH | E25: ไปรษณีย์ไทย | F25: Facebook | G25: สุรินทร์ | H25: ไพรจิต | I25: 309 | J25: ติดต่อไม่ได้ , ไม่รับโทรศัพท์
A26: 23 | B26: 243794 | C26: DBO70 | D26: EA987545839TH | E26: ไปรษณีย์ไทย | F26: Facebook | G26: นายสมศักดิ์ | H26: คงเดช | I26: 75 | J26: ปฏิเสธ , ยกเลิก
A27: 24 | B27: 243794 | C27: DBC6 | D27: EA986547793TH | E27: ไปรษณีย์ไทย | F27: Facebook | G27: สุทธิเมฆ | H27: กระแสโสม | I27: 180 | J27: ติดต่อไม่ได้ , ไม่รับโทรศัพท์
A28: 25 | B28: 243799 | C28: DAK80 | D28: EA985726232TH | E28: ไปรษณีย์ไทย | F28: Facebook | G28: ระเบียบ | H28: พันดุไลย์ | I28: 180 | J28: ปฏิเสธ , ยกเลิก
A29: 26 | B29: 243799 | C29: DBI72 | D29: EA986972172TH | E29: ไปรษณีย์ไทย | F29: Facebook | G29: นิลรัตน์ | H29: รุ่งแจ้ง | I29: 180 | J29: ปฏิเสธ , ยกเลิก
A30: 27 | B30: 243799 | C30: DBP90 | D30: EA987545581TH | E30: ไปรษณีย์ไทย | F30: Facebook | G30: กรนิกา | H30: สุวรรณโสภา | I30: 180 | J30: ติดต่อไม่ได้ , ไม่รับโทรศัพท์
H31: รวม | I31: =SUM(I4:I30) -> 7644 | J31: บาท

Sheet รายการสินค้าตีกลับ
A1: รายการสินค้าที่ตีกลับมารวมทุกช่องทางขายออนไลน์ เดือนมิถุนายน 2567
A2: วันที่ | B2: รายการ | AH2: ยอดรวม/วัน (ทุกรายการ)
B3: ชิฟฟอนแยกชิ้น | C3: ชิฟฟอน 8 ชิ้น | D3: ชิฟฟอน 4 ชิ้น | E3: ชิฟฟอนไส้แยม 6 ชิ้น | F3: ชิฟฟอนไส้แยม 3 ชิ้น | G3: เบาหวิว ล | H3: เบาหวิว ญ | I3: เค้กหวิวถาด | J3: เปี๊ยะ ล | K3: เปี๊ยะโมจิ ล | L3: เปี๊ยะ ญ | M3: เปี๊ยะโมจิ ญ | N3: พายสัปรด | O3: คุกกี้เนย | P3: คุกกี้เนย 4 ชิ้น/กล่อง | Q3: ปังกรอบคาราเมล | R3: ปังเนยน้ำตาล | S3: ปังเนยนิ่ม กล่อง 2 ชิ้น | T3: ปังเนยนิ่ม กล่อง 3 ชิ้น | U3: ปังเนยนิ่มถุง5ชิ้น | V3: ปังสตรอบูล | W3: ปังไก่หยอง | X3: ปังทวิต | Y3: ปังแถว | Z3: เปี๊ยะลาวา | AA3: คอนเฟล็ก | AB3: ไดฟูกุ | AC3: ปังเลเยอร์ | AD3: เมอแรงค์ | AE3: ท๊อฟฟี่ถั่ว กล่อง | AF3: ครีมฮอนร์จัมโบ้ | AG3: ครีมฮอร์น
A4: 243770 | AH4: =SUM(B4:AG4) -> 0
A5: 243771 | AH5: =SUM(B5:AG5) -> 0
A6: 243772 | AH6: =SUM(B6:AG6) -> 0
A7: 243773 | B7: 59 | D7: 2 | G7: 5 | AG7: 10 | AH7: =SUM(B7:AG7) -> 76
A8: 243774 | B8: 8 | C8: 6 | G8: 5 | H8: 2 | AG8: 18 | AH8: =SUM(B8:AG8) -> 39
A9: 243775 | C9: 3 | AG9: 3 | AH9: =SUM(B9:AG9) -> 6
A10: 243776 | AH10: =SUM(B10:AG10) -> 0
A11: 243777 | AH11: =SUM(B11:AG11) -> 0
A12: 243778 | AH12: =SUM(B12:AG12) -> 0
A13: 243779 | B13: 20 | H13: 3 | I13: 85 | AE13: 3 | AG13: 44 | AH13: =SUM(B13:AG13) -> 155
A14: 243780 | AH14: =SUM(B14:AG14) -> 0
A15: 243781 | AH15: =SUM(B15:AG15) -> 0
A16: 243782 | C16: 3 | E16: 1 | G16: 6 | I16: 15 | AG16: 9 | AH16: =SUM(B16:AG16) -> 34
A17: 243783 | I17: 30 | AH17: =SUM(B17:AG17) -> 30
A18: 243784 | AH18: =SUM(B18:AG18) -> 0
A19: 243785 | AH19: =SUM(B19:AG19) -> 0
A20: 243786 | B20: 1 | C20: 1 | G20: 4 | I20: 40 | N20: 4 | Y20: 14 | AG20: 4 | AH20: =SUM(B20:AG20) -> 68
A21: 243787 | AH21: =SUM(B21:AG21) -> 0
A22: 243788 | AH22: =SUM(B22:AG22) -> 0
A23: 243789 | C23: 3 | E23: 1 | G23: 2 | H23: 2 | I23: 15 | AG23: 12 | AH23: =SUM(B23:AG23) -> 35
A24: 243790 | AH24: =SUM(B24:AG24) -> 0
A25: 243791 | AH25: =SUM(B25:AG25) -> 0
A26: 243792 | AH26: =SUM(B26:AG26) -> 0
A27: 243793 | B27: 22 | G27: 15 | H27: 2 | I27: 53 | AG27: 25 | AH27: =SUM(B27:AG27) -> 117
A28: 243794 | B28: 20 | C28: 1 | I28: 15 | Y28: 15 | AG28: 4 | AH28: =SUM(B28:AG28) -> 55
A29: 243795 | AH29: =SUM(B29:AG29) -> 0
A30: 243796 | AH30: =SUM(B30:AG30) -> 0
A31: 243797 | AH31: =SUM(B31:AG31) -> 0
A32: 243798 | AH32: =SUM(B32:AG32) -> 0
A33: 243799 | C33: 1 | G33: 4 | AG33: 9 | AH33: =SUM(B33:AG33) -> 14
AH34: =SUM(B34:AG34) -> 0
A35: ยอดรวมทั้งเดือน | B35: =SUM(B4:B34) -> 130 | C35: =SUM(C4:C34) -> 18 | D35: =SUM(D4:D34) -> 2 | E35: =SUM(E4:E34) -> 2 | F35: =SUM(F4:F34) -> 0 | G35: =SUM(G4:G34) -> 41 | H35: =SUM(H4:H34) -> 9 | I35: =SUM(I4:I34) -> 253 | ... AG35: =SUM(AG4:AG34) -> 138 | AH35: =SUM(B35:AG35) -> 629
